OBJECTID,UIDENTSTLA,ULAND,UREGBEZ,UKREIS,UGEMEINDE,UJAHR,UMONAT,USTUNDE,UWOCHENTAG,UKATEGORIE,UART,UTYP1,IstRad,IstPKW,IstFuss,IstKrad,IstSonstig,LICHT,STRZUSTAND,LINREFX,LINREFY,XGCSWGS84,YGCSWGS84
892,1.17022E+18,1,0,58,139,2017,2,20,3,3,2,6,0,1,0,0,0,2,0,5.66579E+20,6.01086E+21,1.00216E+16,5.42414E+16
893,1.17033E+18,1,0,62,6,2017,3,14,2,3,0,7,1,0,0,0,0,0,0,5.83948E+20,5.95435E+21,1.02725E+16,5.37311E+16
894,1.17031E+18,1,0,2,0,2017,3,17,4,3,3,6,0,1,0,0,1,1,1,5.72824E+20,6.01807E+21,1.01192E+16,5.43053E+16
895,1.17022E+18,1,0,61,46,2017,2,16,2,3,5,3,0,1,0,0,0,0,1,5.32643E+20,5.97608E+21,9.49718E+15,5.39321E+16
896,1.17033E+18,1,0,62,6,2017,3,17,2,2,6,4,0,1,1,0,0,0,0,5.83335E+20,5.95487E+21,1.02634E+16,5.37358E+16
897,1.17023E+18,1,0,1,0,2017,2,16,7,3,5,3,0,1,0,0,0,1,1,5.2744E+20,6.06987E+21,9.42659E+15,5.47753E+16
898,1.17033E+18,1,0,3,0,2017,3,6,2,3,5,3,1,1,0,0,0,0,0,6.18517E+20,5.9751E+21,1.08043E+16,5.39107E+16
899,1.17023E+18,1,0,56,39,2017,2,18,7,3,2,6,0,1,0,0,0,2,1,5.52398E+20,5.94654E+21,9.79302E+15,5.3665E+16
900,1.17023E+18,1,0,2,0,2017,2,18,1,3,5,2,0,1,0,0,0,2,1,5.76261E+20,6.01719E+21,1.01718E+16,5.42969E+16
901,1.17033E+18,1,0,3,0,2017,3,17,2,3,1,5,0,1,0,0,0,0,0,6.09163E+20,5.96831E+21,1.06595E+16,5.38518E+16
902,1.17033E+18,1,0,3,0,2017,3,15,2,3,2,6,0,1,0,0,0,0,0,6.09709E+20,5.97125E+21,1.06689E+16,5.38781E+16
903,1.17031E+18,1,0,58,92,2017,3,13,7,3,2,6,0,1,0,0,1,0,0,5.71547E+20,6.02218E+21,1.01006E+16,5.43424E+16
904,1.17033E+18,1,0,55,42,2017,3,14,2,3,1,6,0,1,0,0,0,0,0,6.16614E+20,5.9841E+21,1.07788E+16,5.39921E+16
905,1.17033E+18,1,0,58,135,2017,3,19,2,2,9,1,0,0,0,1,0,1,0,5.43242E+20,6.01669E+21,9.66441E+15,5.42963E+16
906,1.17033E+18,1,0,58,135,2017,3,11,2,3,5,3,1,1,0,0,0,0,0,5.43493E+20,6.01754E+21,9.6684E+15,5.43039E+16
907,1.1703E+18,1,0,59,174,2017,3,9,4,2,8,1,0,1,0,0,0,0,1,5.22322E+20,6.06248E+21,9.34645E+15,5.47091E+16
908,1.17033E+18,1,0,58,134,2017,3,14,2,3,5,2,0,1,0,0,1,0,0,5.42683E+20,5.99554E+21,9.65283E+15,5.41062E+16
909,1.17033E+18,1,0,58,135,2017,3,8,2,3,3,6,0,1,0,0,1,0,0,5.43542E+20,6.01733E+21,9.66912E+15,5.4302E+16
910,1.17033E+18,1,0,4,0,2017,3,16,2,3,2,6,0,1,0,0,0,0,0,5.64615E+20,5.99186E+21,9.98743E+15,5.40709E+16
911,1.17033E+18,1,0,57,91,2017,3,20,2,3,2,6,0,1,0,0,0,2,0,5.8289E+20,6.01304E+21,1.02725E+16,5.42586E+16
912,1.17033E+18,1,0,2,0,2017,3,8,2,3,5,3,0,1,0,0,0,0,0,5.72234E+20,6.01921E+21,1.01104E+16,5.43156E+16
913,1.17033E+18,1,0,57,70,2017,3,16,2,2,5,3,1,1,0,0,0,0,0,5.86188E+20,6.0083E+21,1.03217E+16,5.42155E+16
914,1.17033E+18,1,0,1,0,2017,3,14,2,3,5,2,1,0,0,0,0,0,0,5.27818E+20,6.07204E+21,9.43266E+15,5.47948E+16
915,1.17022E+18,1,0,51,74,2017,2,7,2,3,5,3,1,1,0,0,0,1,1,5.06097E+20,5.99345E+21,9.09321E+15,5.40892E+16
916,1.17022E+18,1,0,60,44,2017,2,20,2,3,8,1,0,1,0,0,0,2,1,5.63315E+20,5.96712E+21,9.96245E+15,5.38487E+16
917,1.17022E+18,1,0,60,63,2017,2,17,2,3,5,2,1,1,0,0,0,1,1,5.64762E+20,5.94717E+21,9.98025E+15,5.36693E+16
918,1.17033E+18,1,0,59,75,2017,3,11,2,3,2,6,0,1,0,0,0,0,0,5.34815E+20,6.04222E+21,9.53793E+15,5.45264E+16
919,1.17033E+18,1,0,62,71,2017,3,16,2,2,3,6,0,1,0,1,0,0,0,5.80622E+20,5.93882E+21,1.02181E+16,5.3592E+16
920,1.17033E+18,1,0,62,71,2017,3,16,2,3,2,6,0,1,0,0,0,0,0,5.80671E+20,5.93889E+21,1.02188E+16,5.35927E+16
921,1.17033E+18,1,0,62,9,2017,3,7,2,3,2,6,0,1,0,0,0,0,0,5.80231E+20,5.93823E+21,1.0212E+16,5.35868E+16
922,1.17033E+18,1,0,51,39,2017,3,3,1,3,8,7,0,1,0,0,0,2,0,5.06756E+20,5.98701E+21,9.10314E+15,5.40313E+16
923,1.17033E+18,1,0,51,132,2017,3,15,1,2,0,1,1,0,0,0,0,0,0,4.9047E+20,6.002E+21,8.85403E+15,5.4166E+16
924,1.17033E+18,1,0,61,39,2017,3,14,1,3,9,1,0,0,0,1,0,0,0,5.2878E+20,5.97144E+21,9.43791E+15,5.38906E+16
925,1.17022E+18,1,0,56,15,2017,2,13,2,3,2,2,0,1,0,0,1,0,1,5.44851E+20,5.95589E+21,9.68016E+15,5.37497E+16
926,1.17022E+18,1,0,56,15,2017,2,13,2,3,2,6,0,1,0,0,0,0,1,5.43839E+20,5.95571E+21,9.66479E+15,5.37482E+16
927,1.17022E+18,1,0,60,28,2017,2,15,2,2,4,1,0,1,0,0,0,0,1,5.72924E+20,5.98615E+21,1.0113E+16,5.40184E+16
928,1.17022E+18,1,0,60,4,2017,2,5,2,3,5,3,0,1,0,0,1,2,1,5.57895E+20,5.97508E+21,9.88157E+15,5.39209E+16
929,1.1703E+18,1,0,56,30,2017,3,14,7,3,8,6,0,1,0,0,0,0,0,5.44032E+20,5.96268E+21,9.66872E+15,5.38108E+16
930,1.1703E+18,1,0,51,81,2017,3,14,7,3,5,3,0,1,0,0,0,0,0,5.03567E+20,6.00479E+21,9.05466E+15,5.41912E+16
931,1.17033E+18,1,0,60,44,2017,3,17,1,3,5,3,0,1,0,0,0,0,0,5.62567E+20,5.96539E+21,9.95072E+15,5.38333E+16
932,1.17031E+18,1,0,62,4,2017,3,10,1,3,0,7,1,0,0,0,0,0,1,5.88374E+20,5.962E+21,1.03418E+16,5.3799E+16
933,1.17033E+18,1,0,53,129,2017,3,21,1,3,5,3,0,1,0,0,0,2,0,5.82846E+20,5.92744E+21,1.02487E+16,5.34894E+16
934,1.17022E+18,1,0,55,32,2017,2,17,6,3,2,6,0,1,0,0,0,0,1,6.1855E+20,5.99672E+21,1.08132E+16,5.41049E+16
935,1.17031E+18,1,0,4,0,2017,3,7,2,3,5,2,1,1,0,0,0,0,0,5.63781E+20,5.99079E+21,9.97447E+15,5.40614E+16
936,1.17033E+18,1,0,62,4,2017,3,16,1,3,5,3,0,1,0,0,0,0,0,5.90839E+20,5.96341E+21,1.03796E+16,5.38113E+16
937,1.17033E+18,1,0,53,5,2017,3,9,1,3,9,7,0,1,0,0,0,0,1,6.06659E+20,5.9423E+21,1.06125E+16,5.36186E+16
938,1.17022E+18,1,0,58,135,2017,2,15,6,3,2,6,0,1,0,0,0,0,1,5.4148E+20,6.0181E+21,9.63754E+15,5.43091E+16
939,1.17031E+18,1,0,56,32,2017,3,16,3,3,2,6,0,0,0,0,1,0,0,5.52108E+20,5.94891E+21,9.78902E+15,5.36863E+16
940,1.17022E+18,1,0,60,4,2017,2,18,2,3,2,6,0,1,0,0,0,2,1,5.57946E+20,5.97364E+21,9.88207E+15,5.39079E+16
941,1.17033E+18,1,0,53,72,2017,3,15,1,3,0,1,1,0,0,0,0,0,0,5.88765E+20,5.92759E+21,1.03379E+16,5.34898E+16
942,1.17022E+18,1,0,58,127,2017,2,10,6,2,5,2,0,1,0,0,1,0,0,5.36735E+20,6.02789E+21,9.56582E+15,5.43974E+16
943,1.17022E+18,1,0,62,91,2017,2,13,2,3,8,1,0,0,0,0,1,0,1,5.92359E+20,5.95239E+21,1.03994E+16,5.3712E+16
944,1.17033E+18,1,0,55,12,2017,3,15,1,2,2,6,0,1,0,1,0,0,0,6.04723E+20,6.00192E+21,1.06036E+16,5.41547E+16
945,1.17023E+18,1,0,2,0,2017,2,10,7,3,2,6,0,1,0,0,0,0,1,5.72241E+20,6.01918E+21,1.01105E+16,5.43153E+16
946,1.17033E+18,1,0,55,35,2017,3,14,1,3,0,1,1,0,0,0,0,0,0,6.18042E+20,5.98044E+21,1.07991E+16,5.39588E+16
947,1.17033E+18,1,0,55,1,2017,3,15,1,3,8,1,0,0,0,1,0,0,0,6.00082E+20,5.97998E+21,1.05254E+16,5.39585E+16
948,1.17031E+18,1,0,55,32,2017,3,14,6,3,4,6,1,0,0,0,0,0,0,6.18375E+20,5.99691E+21,1.08106E+16,5.41067E+16
949,1.17033E+18,1,0,55,46,2017,3,7,1,3,5,3,0,1,0,0,0,0,0,6.39183E+20,6.03589E+21,1.11468E+16,5.44516E+16
950,1.17031E+18,1,0,60,27,2017,3,11,7,3,3,6,0,1,0,0,0,0,0,5.61075E+20,5.9852E+21,9.93201E+15,5.40115E+16
951,1.17033E+18,1,0,3,0,2017,3,18,1,3,0,1,1,0,0,0,0,0,0,6.14225E+20,5.97054E+21,1.07373E+16,5.38708E+16
952,1.17033E+18,1,0,4,0,2017,3,13,1,3,0,7,1,0,0,0,0,0,0,5.64706E+20,5.99164E+21,9.98878E+15,5.40689E+16
953,1.17023E+18,1,0,57,54,2017,2,16,3,3,2,6,0,1,0,0,1,0,1,5.7714E+20,6.00459E+21,1.01821E+16,5.41835E+16
954,1.17031E+18,1,0,56,43,2017,3,15,7,3,5,3,1,1,0,0,0,0,0,5.58375E+20,5.94193E+21,9.8826E+15,5.36229E+16
955,1.17033E+18,1,0,58,43,2017,3,17,1,3,5,2,1,1,0,0,0,0,0,5.54294E+20,6.03535E+21,9.83762E+15,5.44629E+16
956,1.17033E+18,1,0,59,97,2017,3,4,1,3,4,1,0,1,0,0,1,2,0,5.43723E+20,6.05115E+21,9.67689E+15,5.46059E+16
957,1.17023E+18,1,0,60,64,2017,2,5,3,3,5,2,0,1,0,0,0,2,1,5.61443E+20,5.96715E+21,9.934E+15,5.38493E+16
958,1.17033E+18,1,0,59,159,2017,3,11,1,3,3,6,0,1,0,0,1,0,0,5.28413E+20,6.05385E+21,9.44015E+15,5.46312E+16
959,1.1703E+18,1,0,4,0,2017,3,18,4,3,9,6,1,1,0,0,0,1,0,5.66846E+20,5.98975E+21,1.00211E+16,5.40517E+16
960,1.17033E+18,1,0,51,24,2017,3,6,7,2,8,1,0,1,0,0,0,0,0,5.10562E+20,5.9786E+21,9.16095E+15,5.39557E+16
961,1.17033E+18,1,0,51,74,2017,3,12,7,2,2,6,0,1,0,1,0,0,0,5.04415E+20,5.99304E+21,9.06749E+15,5.40855E+16
962,1.17023E+18,1,0,60,4,2017,2,3,1,3,8,7,0,1,0,0,0,2,1,5.60372E+20,5.97334E+21,9.91894E+15,5.3905E+16
963,1.17033E+18,1,0,61,101,2017,3,19,7,3,5,3,0,1,0,0,0,0,0,5.35222E+20,5.96205E+21,9.53484E+15,5.38059E+16
964,1.17033E+18,1,0,60,84,2017,3,15,7,3,9,1,0,0,0,1,0,0,0,5.74772E+20,5.96983E+21,1.01372E+16,5.38715E+16
965,1.17031E+18,1,0,60,4,2017,3,5,7,3,8,1,0,1,0,0,0,2,1,5.58038E+20,5.9729E+21,9.88333E+15,5.39013E+16
966,1.17033E+18,1,0,60,4,2017,3,8,7,3,2,7,0,1,1,0,0,0,0,5.5803E+20,5.97513E+21,9.88363E+15,5.39213E+16
967,1.17033E+18,1,0,60,63,2017,3,13,7,3,0,7,0,1,0,0,0,0,0,5.66262E+20,5.94904E+21,1.00033E+16,5.36859E+16
968,1.17033E+18,1,0,60,47,2017,3,14,7,2,5,2,1,0,0,0,1,0,0,5.66169E+20,5.96248E+21,1.00048E+16,5.38067E+16
969,1.17033E+18,1,0,53,100,2017,3,16,7,3,5,3,0,1,0,1,0,0,0,6.14981E+20,5.95143E+21,1.07416E+16,5.36989E+16
970,1.17033E+18,1,0,53,62,2017,3,3,7,3,8,1,0,1,0,0,0,2,0,6.27206E+20,5.94822E+21,1.09254E+16,5.36672E+16
971,1.17033E+18,1,0,55,46,2017,3,23,7,3,5,3,0,1,0,0,0,2,0,6.38798E+20,6.03502E+21,1.11404E+16,5.44439E+16
972,1.17033E+18,1,0,3,0,2017,3,13,7,3,2,6,0,1,0,1,0,0,0,6.10295E+20,5.97155E+21,1.06779E+16,5.38807E+16
973,1.17033E+18,1,0,55,4,2017,3,10,7,2,6,4,0,1,1,0,0,0,0,6.11351E+20,5.97594E+21,1.06955E+16,5.39199E+16
974,1.17033E+18,1,0,55,18,2017,3,0,7,3,8,7,0,1,0,0,0,2,0,6.32547E+20,6.01209E+21,1.10339E+16,5.42396E+16
975,1.17033E+18,1,0,3,0,2017,3,11,7,3,2,6,0,1,0,0,0,0,0,6.10393E+20,5.96801E+21,1.06781E+16,5.38488E+16
976,1.17022E+18,1,0,3,0,2017,2,19,2,3,5,2,1,1,0,0,0,2,1,6.11354E+20,5.97101E+21,1.06938E+16,5.38756E+16
977,1.17022E+18,1,0,3,0,2017,2,8,2,3,8,2,1,1,0,0,0,0,1,6.08949E+20,5.97163E+21,1.06575E+16,5.38816E+16
978,1.17022E+18,1,0,3,0,2017,2,21,2,3,6,2,0,1,1,0,0,2,1,6.09419E+20,5.97095E+21,1.06644E+16,5.38754E+16
979,1.17022E+18,1,0,55,21,2017,2,11,2,2,5,3,0,1,0,0,0,0,1,6.30577E+20,6.02568E+21,1.10096E+16,5.43621E+16
980,1.17031E+18,1,0,55,40,2017,3,7,2,3,5,3,0,1,0,0,0,0,0,6.08084E+20,5.97231E+21,1.06445E+16,5.38879E+16
981,1.1703E+18,1,0,57,62,2017,3,20,6,3,5,3,0,1,0,0,0,2,1,5.83374E+20,6.01102E+21,1.02793E+16,5.42404E+16
982,1.1703E+18,1,0,53,30,2017,3,14,6,3,2,6,0,1,0,0,0,0,0,6.13346E+20,5.94693E+21,1.07152E+16,5.36588E+16
983,1.1703E+18,1,0,62,9,2017,3,15,7,3,3,6,0,1,0,0,1,0,0,5.78313E+20,5.93567E+21,1.01824E+16,5.3564E+16
984,1.17022E+18,1,0,2,0,2017,2,10,6,3,5,7,0,1,0,0,0,0,0,5.76434E+20,6.02039E+21,1.01753E+16,5.43257E+16
985,1.17031E+18,1,0,2,0,2017,3,13,1,3,2,6,0,1,0,0,0,0,0,5.73722E+20,6.01916E+21,1.01333E+16,5.43149E+16
986,1.17033E+18,1,0,2,0,2017,3,18,7,3,2,6,0,1,0,1,0,0,0,5.71545E+20,6.01911E+21,1.00998E+16,5.43148E+16
987,1.17022E+18,1,0,57,25,2017,2,15,6,3,5,3,0,1,0,0,0,0,1,5.78173E+20,6.02501E+21,1.02032E+16,5.43669E+16
988,1.17031E+18,1,0,59,43,2017,3,13,2,3,5,2,0,1,0,0,0,0,0,5.3482E+20,6.03404E+21,9.53705E+15,5.44528E+16
989,1.17022E+18,1,0,3,0,2017,2,13,2,3,2,6,0,1,0,0,0,0,1,6.09515E+20,5.97077E+21,1.06658E+16,5.38738E+16
990,1.17022E+18,1,0,54,72,2017,2,5,6,2,4,1,0,1,0,0,0,2,2,4.92742E+20,6.02135E+21,8.88837E+15,5.43399E+16
991,1.17022E+18,1,0,3,0,2017,2,18,2,3,5,3,1,0,0,0,1,2,1,6.18507E+20,5.97547E+21,1.08043E+16,5.39141E+16
992,1.17033E+18,1,0,59,76,2017,3,14,7,2,5,3,0,1,0,1,0,0,0,5.4024E+20,6.05444E+21,9.62343E+15,5.46358E+16
993,1.17022E+18,1,0,54,17,2017,2,7,6,3,8,1,0,0,0,0,1,0,1,4.93174E+20,6.0773E+21,8.8937E+15,5.48428E+16
994,1.17033E+18,1,0,59,75,2017,3,13,7,3,2,6,0,1,0,0,0,0,0,5.34943E+20,6.04009E+21,9.53967E+15,5.45072E+16
995,1.17033E+18,1,0,59,78,2017,3,3,7,2,9,1,0,1,0,0,0,2,0,5.35547E+20,6.0367E+21,9.54858E+15,5.44767E+16
996,1.17031E+18,1,0,56,28,2017,3,0,5,3,9,7,0,1,0,0,0,2,1,5.44541E+20,5.94259E+21,9.67355E+15,5.36302E+16
997,1.17033E+18,1,0,55,32,2017,3,9,7,3,8,1,0,0,0,1,0,0,0,6.1919E+20,5.99909E+21,1.08239E+16,5.41261E+16
998,1.17031E+18,1,0,57,57,2017,3,17,6,3,2,6,0,1,0,0,0,0,0,5.9185E+20,6.00232E+21,1.04067E+16,5.41607E+16
999,1.17033E+18,1,0,60,59,2017,3,13,7,3,8,7,0,1,0,0,0,0,0,5.81496E+20,5.98313E+21,1.0243E+16,5.39901E+16
1000,1.17033E+18,1,0,62,4,2017,3,16,7,2,2,6,0,1,0,0,0,0,0,5.93578E+20,5.96069E+21,1.04204E+16,5.37864E+16
1001,1.17023E+18,1,0,58,124,2017,2,19,2,3,2,6,0,1,0,0,0,2,1,5.45698E+20,6.01642E+21,9.70211E+15,5.42936E+16
1002,1.17031E+18,1,0,56,36,2017,3,8,6,3,9,7,0,1,0,0,0,0,0,5.44663E+20,5.94762E+21,9.67612E+15,5.36754E+16
1003,1.17033E+18,1,0,53,31,2017,3,0,7,3,2,6,0,1,0,0,0,2,0,6.0118E+20,5.93648E+21,1.05278E+16,5.35675E+16
1004,1.17033E+18,1,0,53,59,2017,3,6,7,3,3,6,0,1,0,0,0,0,0,6.03681E+20,5.93587E+21,1.05654E+16,5.35615E+16
1005,1.17023E+18,1,0,59,184,2017,2,11,3,2,8,1,0,1,0,0,0,0,2,5.26261E+20,6.0609E+21,9.40744E+15,5.46947E+16
1006,1.17031E+18,1,0,57,85,2017,3,19,7,3,5,3,0,1,0,0,0,2,0,5.78963E+20,5.99673E+21,1.02079E+16,5.41126E+16
1007,1.17033E+18,1,0,62,4,2017,3,15,7,3,2,6,0,1,0,0,0,0,0,5.92938E+20,5.95982E+21,1.04104E+16,5.37787E+16
1008,1.17023E+18,1,0,3,0,2017,2,7,3,3,2,6,1,0,0,0,0,0,1,6.10688E+20,5.96831E+21,1.06827E+16,5.38514E+16
1009,1.1703E+18,1,0,62,92,2017,3,13,7,3,0,7,1,0,0,0,0,0,0,5.84929E+20,5.96424E+21,1.02901E+16,5.38198E+16
1010,1.17031E+18,1,0,3,0,2017,3,19,1,3,3,2,1,0,0,1,0,2,0,6.10124E+20,5.96991E+21,1.06747E+16,5.3866E+16
1011,1.17033E+18,1,0,3,0,2017,3,14,7,3,2,6,0,1,0,0,0,0,0,6.1407E+20,5.97568E+21,1.07368E+16,5.3917E+16
1012,1.17031E+18,1,0,57,30,2017,3,6,2,3,9,7,0,1,0,0,0,0,1,6.06527E+20,6.01945E+21,1.06375E+16,5.43118E+16
1013,1.17033E+18,1,0,56,48,2017,3,17,7,3,9,7,0,1,0,0,0,0,0,5.50053E+20,5.95212E+21,9.75844E+15,5.37153E+16
1014,1.17022E+18,1,0,59,141,2017,2,7,6,3,8,1,0,0,0,1,0,0,1,5.34387E+20,6.06948E+21,9.53452E+15,5.47714E+16
1015,1.17031E+18,1,0,53,90,2017,3,15,2,3,0,3,0,1,0,0,0,0,0,6.12224E+20,5.94498E+21,1.06976E+16,5.36416E+16
1016,1.17022E+18,1,0,58,175,2017,2,7,2,2,8,1,0,1,0,0,0,2,1,5.45225E+20,6.02949E+21,9.69683E+15,5.44111E+16
1017,1.17032E+18,1,0,51,141,2017,3,15,6,2,5,2,0,1,0,1,0,0,0,5.09115E+20,6.00904E+21,9.13983E+15,5.42293E+16
1018,1.17032E+18,1,0,51,24,2017,3,6,6,3,2,6,0,0,0,0,1,0,0,5.09028E+20,5.97751E+21,9.13754E+15,5.39458E+16
1019,1.17022E+18,1,0,59,159,2017,2,0,6,3,8,6,0,0,0,0,1,2,1,5.28046E+20,6.05638E+21,9.4347E+15,5.4654E+16
1020,1.17031E+18,1,0,3,0,2017,3,6,3,3,5,3,0,1,0,0,0,0,1,6.10138E+20,5.96993E+21,1.06749E+16,5.38661E+16
1021,1.17022E+18,1,0,4,0,2017,2,10,2,2,6,4,0,1,1,0,0,0,1,5.66233E+20,5.9907E+21,1.00119E+16,5.40602E+16
1022,1.17032E+18,1,0,51,6,2017,3,21,6,2,9,1,0,0,0,1,0,2,0,5.0567E+20,5.98506E+21,9.08653E+15,5.40138E+16
1023,1.17031E+18,1,0,58,138,2017,3,16,4,3,5,3,0,1,0,0,0,0,1,5.66206E+20,6.01518E+21,1.00169E+16,5.42802E+16
1024,1.17022E+18,1,0,58,51,2017,2,7,2,2,5,2,0,1,0,0,0,1,1,5.68658E+20,6.02691E+21,1.00572E+16,5.43853E+16
1025,1.17032E+18,1,0,51,72,2017,3,12,6,3,0,7,1,0,0,0,0,0,0,5.0053E+20,5.97866E+21,9.00808E+15,5.39563E+16
1026,1.17023E+18,1,0,1,0,2017,2,14,7,3,9,1,0,1,0,0,0,0,1,5.25387E+20,6.06986E+21,9.39467E+15,5.47753E+16
1027,1.17032E+18,1,0,56,36,2017,3,18,6,3,5,2,0,1,0,1,0,0,0,5.44262E+20,5.94623E+21,9.66985E+15,5.3663E+16
1028,1.17023E+18,1,0,51,11,2017,2,5,7,3,8,1,0,1,0,0,0,2,2,5.06E+20,5.97294E+21,9.09133E+15,5.39049E+16
1029,1.17032E+18,1,0,56,15,2017,3,17,6,3,5,3,1,1,0,0,0,0,0,5.42492E+20,5.95534E+21,9.64432E+15,5.37449E+16
1030,1.17032E+18,1,0,56,15,2017,3,8,6,3,5,2,1,0,0,0,1,0,0,5.438E+20,5.95666E+21,9.66433E+15,5.37568E+16
1031,1.17031E+18,1,0,60,64,2017,3,16,6,3,2,6,0,1,0,0,0,0,0,5.61502E+20,5.9671E+21,9.93488E+15,5.38487E+16
1032,1.17032E+18,1,0,60,4,2017,3,19,6,3,5,2,0,1,0,0,0,1,0,5.59215E+20,5.97438E+21,9.90152E+15,5.39144E+16
1033,1.17031E+18,1,0,3,0,2017,3,15,7,3,0,7,1,0,0,0,0,0,0,6.09749E+20,5.97041E+21,1.06692E+16,5.38706E+16
1034,1.17032E+18,1,0,60,63,2017,3,18,6,3,5,7,0,1,0,0,0,0,0,5.6324E+20,5.94579E+21,9.95694E+15,5.36571E+16
1035,1.17032E+18,1,0,56,48,2017,3,16,6,3,2,6,0,1,0,1,0,0,0,5.4729E+20,5.95016E+21,9.71627E+15,5.3698E+16
1036,1.17032E+18,1,0,60,77,2017,3,17,6,3,8,1,0,1,0,0,0,0,0,5.71618E+20,5.96634E+21,1.00884E+16,5.38406E+16
1037,1.17032E+18,1,0,62,9,2017,3,7,6,2,5,3,0,1,0,0,1,0,0,5.79304E+20,5.93698E+21,1.01977E+16,5.35756E+16
1038,1.1703E+18,1,0,54,76,2017,3,15,4,2,6,3,0,1,1,0,0,0,0,4.98491E+20,6.06969E+21,8.97655E+15,5.47744E+16
1039,1.17032E+18,1,0,3,0,2017,3,17,6,3,5,2,1,1,0,0,0,0,0,6.09125E+20,5.96821E+21,1.06589E+16,5.38509E+16
1040,1.17032E+18,1,0,55,46,2017,3,17,6,3,0,7,1,0,0,0,1,0,1,6.42644E+20,6.0343E+21,1.11994E+16,5.44364E+16
1041,1.17032E+18,1,0,55,40,2017,3,15,6,3,2,6,0,1,0,0,1,0,0,6.07683E+20,5.97692E+21,1.06401E+16,5.39295E+16
1042,1.17032E+18,1,0,3,0,2017,3,13,6,3,3,6,0,1,0,0,1,0,0,6.11345E+20,5.97185E+21,1.0694E+16,5.38831E+16
1043,1.17032E+18,1,0,3,0,2017,3,16,6,3,2,6,0,1,0,0,0,0,0,6.10469E+20,5.97189E+21,1.06807E+16,5.38837E+16
1044,1.17022E+18,1,0,58,86,2017,2,13,2,2,9,7,0,1,0,0,0,0,1,5.43395E+20,6.0111E+21,9.66596E+15,5.42461E+16
1045,1.17022E+18,1,0,2,0,2017,2,21,2,3,6,4,0,1,1,0,0,2,1,5.75602E+20,6.02899E+21,1.01647E+16,5.44031E+16
1046,1.17022E+18,1,0,57,91,2017,2,20,2,2,4,6,0,1,0,0,1,2,1,5.78245E+20,6.01816E+21,1.02025E+16,5.43054E+16
1047,1.17031E+18,1,0,55,16,2017,3,17,1,3,2,6,0,1,0,0,0,0,0,6.26673E+20,6.00898E+21,1.09425E+16,5.42132E+16
1048,1.17031E+18,1,0,57,45,2017,3,18,2,3,1,6,0,1,0,0,0,1,0,5.92844E+20,6.00839E+21,1.04238E+16,5.42151E+16
1049,1.17031E+18,1,0,51,11,2017,3,16,2,2,2,2,0,1,0,0,0,0,0,5.07055E+20,5.97198E+21,9.10737E+15,5.38962E+16
1050,1.1703E+18,1,0,57,25,2017,3,13,5,3,2,6,0,1,0,0,0,0,1,5.79857E+20,6.02605E+21,1.02294E+16,5.43759E+16
1051,1.1703E+18,1,0,51,11,2017,3,7,5,3,9,1,0,1,0,0,0,0,0,5.06082E+20,5.97475E+21,9.09261E+15,5.39211E+16
1052,1.1703E+18,1,0,3,0,2017,3,10,6,3,2,6,0,1,0,0,0,0,0,6.07994E+20,5.96741E+21,1.06415E+16,5.3844E+16
1053,1.1703E+18,1,0,62,56,2017,3,6,7,3,3,6,0,1,0,0,0,0,1,5.90853E+20,5.95761E+21,1.03781E+16,5.37592E+16
1054,1.17022E+18,1,0,4,0,2017,2,16,6,3,2,6,0,1,0,0,0,0,1,5.62097E+20,5.99708E+21,9.95004E+15,5.41181E+16
1055,1.17031E+18,1,0,62,9,2017,3,19,1,3,8,7,0,1,0,0,0,2,0,5.78015E+20,5.93551E+21,1.01779E+16,5.35627E+16
1056,1.17022E+18,1,0,51,48,2017,2,14,5,3,2,1,0,1,0,0,0,0,1,5.05889E+20,6.00216E+21,9.0902E+15,5.41675E+16
1057,1.17022E+18,1,0,51,49,2017,2,17,5,2,6,4,0,0,1,0,1,0,1,5.11092E+20,6.01511E+21,9.17038E+15,5.42838E+16
1058,1.17022E+18,1,0,56,49,2017,2,16,5,3,5,3,0,1,0,0,0,0,1,5.44465E+20,5.94916E+21,9.67334E+15,5.36893E+16
1059,1.1703E+18,1,0,3,0,2017,3,5,6,3,5,2,1,1,0,0,0,2,1,6.06698E+20,5.96958E+21,1.06225E+16,5.38637E+16
1060,1.1703E+18,1,0,2,0,2017,3,8,7,3,5,3,1,1,0,0,0,0,0,5.73924E+20,6.01796E+21,1.01361E+16,5.43042E+16
1061,1.17031E+18,1,0,53,60,2017,3,10,1,3,8,7,0,1,0,0,0,0,1,5.94666E+20,5.93548E+21,1.04292E+16,5.35597E+16
1062,1.17032E+18,1,0,3,0,2017,3,15,6,3,3,2,0,1,0,0,1,0,0,6.07004E+20,5.96925E+21,1.0627E+16,5.38607E+16
1063,1.17022E+18,1,0,53,32,2017,2,15,5,3,8,7,0,1,0,0,0,0,1,5.91296E+20,5.9228E+21,1.03746E+16,5.34463E+16
1064,1.17031E+18,1,0,51,97,2017,3,19,1,3,1,5,0,1,0,0,0,2,0,5.07601E+20,5.98186E+21,9.11592E+15,5.3985E+16
1065,1.17032E+18,1,0,58,135,2017,3,13,6,2,5,2,0,1,0,1,0,0,0,5.42017E+20,6.0185E+21,9.64585E+15,5.43126E+16
1066,1.17022E+18,1,0,53,46,2017,2,9,5,3,0,1,1,0,0,0,0,0,1,6.17006E+20,5.93556E+21,1.07663E+16,5.35559E+16
1067,1.17031E+18,1,0,55,4,2017,3,17,2,2,5,3,0,1,0,1,0,0,0,6.09987E+20,5.97435E+21,1.06742E+16,5.39059E+16
1068,1.17022E+18,1,0,57,74,2017,2,13,2,2,8,1,0,1,0,0,0,0,1,5.81581E+20,6.02082E+21,1.02545E+16,5.43287E+16