OBJECTID,UIDENTSTLA,ULAND,UREGBEZ,UKREIS,UGEMEINDE,UJAHR,UMONAT,USTUNDE,UWOCHENTAG,UKATEGORIE,UART,UTYP1,IstRad,IstPKW,IstFuss,IstKrad,IstSonstig,LICHT,STRZUSTAND,LINREFX,LINREFY,XGCSWGS84,YGCSWGS84
1069,1.17032E+18,1,0,58,34,2017,3,16,6,3,0,1,0,0,0,1,0,0,0,5.43995E+20,6.01878E+21,9.67629E+15,5.4315E+16
1070,1.17022E+18,1,0,62,1,2017,2,8,5,3,2,6,0,1,0,0,0,0,0,5.81948E+20,5.94909E+21,1.02408E+16,5.36841E+16
1071,1.17031E+18,1,0,2,0,2017,3,16,3,3,3,6,0,1,0,0,0,0,0,5.73814E+20,6.01946E+21,1.01348E+16,5.43177E+16
1072,1.17022E+18,1,0,2,0,2017,2,16,2,3,8,1,0,1,0,0,0,0,1,5.72887E+20,6.02446E+21,1.01217E+16,5.43627E+16
1073,1.17032E+18,1,0,58,58,2017,3,23,6,2,8,6,0,1,0,1,0,2,0,5.64089E+20,6.03019E+21,9.98759E+15,5.44154E+16
1074,1.17022E+18,1,0,3,0,2017,2,17,5,3,2,2,0,1,0,0,0,1,1,6.0885E+20,5.97177E+21,1.0656E+16,5.38829E+16
1075,1.17032E+18,1,0,57,57,2017,3,7,6,3,2,6,0,1,0,1,0,0,0,5.92147E+20,6.00192E+21,1.04111E+16,5.41571E+16
1076,1.17022E+18,1,0,51,140,2017,2,14,6,3,8,1,0,0,0,0,1,0,0,4.98597E+20,6.00711E+21,8.97849E+15,5.4212E+16
1077,1.17032E+18,1,0,57,48,2017,3,15,6,3,5,3,1,1,0,0,0,0,0,6.03023E+20,6.01684E+21,1.05827E+16,5.42891E+16
1078,1.17032E+18,1,0,59,75,2017,3,12,6,2,5,2,1,1,0,0,0,0,0,5.36221E+20,6.04314E+21,9.55977E+15,5.45345E+16
1079,1.17031E+18,1,0,59,75,2017,3,12,6,3,2,6,0,1,0,0,0,0,0,5.35366E+20,6.04184E+21,9.54641E+15,5.45229E+16
1080,1.17032E+18,1,0,54,106,2017,3,14,6,3,8,1,0,1,0,0,0,0,0,5.08196E+20,6.03385E+21,9.1264E+15,5.44523E+16
1081,1.17031E+18,1,0,3,0,2017,3,7,6,3,3,2,1,1,0,0,0,0,0,6.13028E+20,5.96982E+21,1.07188E+16,5.38645E+16
1082,1.17032E+18,1,0,54,116,2017,3,6,6,3,4,6,0,0,0,0,1,0,0,5.12562E+20,6.02875E+21,9.19353E+15,5.44064E+16
1083,1.17032E+18,1,0,1,0,2017,3,11,6,3,2,6,0,1,0,0,0,0,0,5.2956E+20,6.06964E+21,9.45952E+15,5.47731E+16
1084,1.17031E+18,1,0,59,77,2017,3,21,7,3,2,6,0,1,0,0,1,2,0,5.32629E+20,6.04244E+21,9.50418E+15,5.45285E+16
1085,1.17032E+18,1,0,54,134,2017,3,12,6,3,8,7,0,1,0,0,0,0,0,4.81E+20,6.01715E+21,8.70803E+15,5.43019E+16
1086,1.17032E+18,1,0,56,48,2017,3,22,6,3,3,6,0,1,0,0,1,2,0,5.49918E+20,5.95226E+21,9.7564E+15,5.37166E+16
1087,1.17023E+18,1,0,58,78,2017,2,13,3,3,5,3,0,1,0,0,1,0,0,5.32724E+20,6.01669E+21,9.50281E+15,5.4297E+16
1088,1.17031E+18,1,0,58,50,2017,3,17,1,2,8,6,0,1,0,0,0,0,0,5.60613E+20,6.01933E+21,9.93183E+15,5.43182E+16
1089,1.17032E+18,1,0,59,184,2017,3,16,6,2,8,6,0,1,0,0,0,0,0,5.2621E+20,6.06102E+21,9.40667E+15,5.46959E+16
1090,1.17032E+18,1,0,61,34,2017,3,14,5,3,5,2,0,1,0,0,0,0,0,5.30861E+20,5.97599E+21,9.47004E+15,5.39314E+16
1091,1.17023E+18,1,0,51,44,2017,2,15,3,3,6,4,0,1,1,0,0,0,1,5.0601E+20,6.0053E+21,9.09212E+15,5.41957E+16
1092,1.17032E+18,1,0,60,12,2017,3,19,5,3,1,5,0,1,0,0,1,1,0,5.80244E+20,5.99123E+21,1.02261E+16,5.4063E+16
1093,1.1703E+18,1,0,3,0,2017,3,11,4,3,2,6,0,1,0,0,0,0,0,6.10683E+20,5.96831E+21,1.06826E+16,5.38515E+16
1094,1.17032E+18,1,0,56,15,2017,3,15,5,3,2,6,0,1,0,0,0,0,0,5.43703E+20,5.95877E+21,9.66316E+15,5.37757E+16
1095,1.17022E+18,1,0,1,0,2017,2,7,2,2,6,4,0,0,1,0,1,0,1,5.26313E+20,6.07E+21,9.40907E+15,5.47765E+16
1096,1.17022E+18,1,0,54,10,2017,2,16,2,3,5,2,0,1,0,0,0,1,1,4.97219E+20,6.06167E+21,8.95685E+15,5.47023E+16
1097,1.17031E+18,1,0,58,153,2017,3,15,2,3,9,6,0,1,0,0,0,0,1,5.63671E+20,6.00648E+21,9.9761E+15,5.42024E+16
1098,1.17031E+18,1,0,55,32,2017,3,16,2,3,2,6,0,1,0,0,0,0,0,6.17443E+20,5.99623E+21,1.07961E+16,5.41008E+16
1099,1.1703E+18,1,0,59,159,2017,3,7,5,3,3,1,0,1,0,0,1,0,1,5.27722E+20,6.05768E+21,9.42981E+15,5.46657E+16
1100,1.17032E+18,1,0,53,32,2017,3,22,5,3,0,7,0,1,0,0,0,2,0,5.90941E+20,5.92395E+21,1.03696E+16,5.34567E+16
1101,1.17022E+18,1,0,56,18,2017,2,7,2,2,2,6,0,1,0,0,0,1,1,5.54733E+20,5.94454E+21,9.82801E+15,5.36467E+16
1102,1.17022E+18,1,0,51,99,2017,2,6,2,3,2,6,0,1,0,0,1,2,1,5.17424E+20,5.99365E+21,9.2664E+15,5.40908E+16
1103,1.17022E+18,1,0,56,21,2017,2,16,2,3,2,6,0,1,0,0,1,0,1,5.61621E+20,5.94589E+21,9.93245E+15,5.36581E+16
1104,1.17022E+18,1,0,60,95,2017,2,10,1,3,5,3,0,1,0,0,0,0,1,5.54737E+20,5.97298E+21,9.8331E+15,5.39024E+16
1105,1.17031E+18,1,0,3,0,2017,3,17,2,3,2,6,0,1,0,0,0,0,0,6.09183E+20,5.97164E+21,1.0661E+16,5.38817E+16
1106,1.1703E+18,1,0,56,43,2017,3,7,5,3,3,6,1,0,0,0,0,0,1,5.55737E+20,5.94513E+21,9.84329E+15,5.3652E+16
1107,1.1703E+18,1,0,2,0,2017,3,8,6,3,5,3,1,0,0,1,0,0,0,5.76247E+20,6.01617E+21,1.01713E+16,5.42877E+16
1108,1.1703E+18,1,0,53,13,2017,3,17,6,3,9,1,0,0,0,1,0,0,0,6.04453E+20,5.94148E+21,1.05789E+16,5.36117E+16
1109,1.17022E+18,1,0,55,40,2017,2,13,5,3,5,3,0,1,0,0,1,0,1,6.08572E+20,5.97213E+21,1.06519E+16,5.38862E+16
1110,1.1703E+18,1,0,62,11,2017,3,20,7,3,3,6,0,1,0,0,0,2,0,5.8169E+20,5.94152E+21,1.02349E+16,5.36161E+16
1111,1.17022E+18,1,0,3,0,2017,2,19,5,3,1,5,0,1,0,0,0,2,1,6.12645E+20,5.96972E+21,1.0713E+16,5.38637E+16
1112,1.17031E+18,1,0,55,4,2017,3,22,1,3,3,6,0,1,0,0,0,2,0,6.11237E+20,5.9752E+21,1.06935E+16,5.39132E+16
1113,1.17022E+18,1,0,3,0,2017,2,18,5,3,5,3,1,1,0,0,0,2,1,6.09352E+20,5.9703E+21,1.06631E+16,5.38696E+16
1114,1.17031E+18,1,0,57,41,2017,3,19,2,3,9,1,0,1,0,0,0,2,1,5.90728E+20,6.0266E+21,1.03969E+16,5.43791E+16
1115,1.17022E+18,1,0,56,15,2017,2,19,1,3,5,3,1,1,0,0,0,2,1,5.43659E+20,5.95878E+21,9.66249E+15,5.37758E+16
1116,1.17022E+18,1,0,3,0,2017,2,13,5,3,3,6,0,1,0,0,1,0,1,6.17444E+20,5.975E+21,1.07879E+16,5.39101E+16
1117,1.17032E+18,1,0,58,49,2017,3,14,5,2,4,6,0,1,0,1,1,0,0,5.50233E+20,6.01285E+21,9.77118E+15,5.42612E+16
1118,1.17022E+18,1,0,58,37,2017,2,19,5,2,4,4,0,1,1,0,0,2,1,5.69698E+20,6.03205E+21,1.00745E+16,5.44314E+16
1119,1.17032E+18,1,0,2,0,2017,3,16,5,3,5,3,1,1,0,0,0,0,0,5.7349E+20,6.02361E+21,1.01308E+16,5.4355E+16
1120,1.17032E+18,1,0,2,0,2017,3,17,5,3,0,6,0,1,0,0,1,0,0,5.73626E+20,6.02085E+21,1.01322E+16,5.43302E+16
1121,1.17031E+18,1,0,59,75,2017,3,13,5,3,2,6,0,1,0,0,0,0,0,5.3493E+20,6.03929E+21,9.53937E+15,5.45E+16
1122,1.17032E+18,1,0,2,0,2017,3,16,5,3,5,3,1,1,0,0,0,0,0,5.74218E+20,6.01774E+21,1.01405E+16,5.43021E+16
1123,1.17031E+18,1,0,56,15,2017,3,12,5,3,5,3,1,1,0,0,0,0,1,5.4501E+20,5.95792E+21,9.68287E+15,5.3768E+16
1124,1.17032E+18,1,0,2,0,2017,3,12,5,3,5,3,0,1,0,0,0,0,0,5.7254E+20,6.01938E+21,1.01152E+16,5.43171E+16
1125,1.17032E+18,1,0,54,19,2017,3,8,5,3,7,6,0,1,0,0,1,0,0,4.98207E+20,6.05217E+21,8.97224E+15,5.4617E+16
1126,1.17031E+18,1,0,2,0,2017,3,21,6,3,5,3,1,1,0,0,0,2,1,5.73567E+20,6.02415E+21,1.01321E+16,5.43598E+16
1127,1.17032E+18,1,0,54,164,2017,3,16,5,3,5,2,0,1,0,0,1,0,0,4.71404E+20,6.06089E+21,8.55634E+15,5.46945E+16
1128,1.17032E+18,1,0,59,174,2017,3,16,5,3,2,6,0,1,0,0,0,0,0,5.21088E+20,6.05999E+21,9.32712E+15,5.46868E+16
1129,1.17023E+18,1,0,3,0,2017,2,15,2,2,5,3,1,0,0,1,0,0,0,6.09473E+20,5.97143E+21,1.06654E+16,5.38798E+16
1130,1.17031E+18,1,0,60,39,2017,3,13,6,3,2,6,0,1,0,0,0,0,0,5.64487E+20,5.95875E+21,9.9785E+15,5.37734E+16
1131,1.17032E+18,1,0,61,40,2017,3,19,4,2,5,2,0,1,0,0,0,2,0,5.32771E+20,5.98181E+21,9.49974E+15,5.39836E+16
1132,1.17032E+18,1,0,51,6,2017,3,18,4,3,6,7,0,0,1,0,1,0,0,5.0364E+20,5.98452E+21,9.05555E+15,5.40089E+16
1133,1.17023E+18,1,0,54,109,2017,2,12,3,3,2,6,0,1,0,0,0,0,1,4.92004E+20,6.06826E+21,8.87574E+15,5.47615E+16
1134,1.17031E+18,1,0,53,41,2017,3,15,7,3,2,6,1,0,0,0,0,0,0,6.13884E+20,5.96477E+21,1.073E+16,5.3819E+16
1135,1.17032E+18,1,0,60,34,2017,3,15,4,3,9,1,0,1,0,0,0,0,0,5.69505E+20,5.97324E+21,1.00579E+16,5.39029E+16
1136,1.17023E+18,1,0,55,35,2017,2,15,3,3,2,6,0,1,0,0,0,0,1,6.13884E+20,5.9791E+21,1.07353E+16,5.39477E+16
1137,1.17032E+18,1,0,56,50,2017,3,10,4,3,2,6,0,1,0,0,0,0,0,5.44972E+20,5.93935E+21,9.67961E+15,5.36011E+16
1138,1.1703E+18,1,0,57,29,2017,3,12,4,2,5,3,0,1,0,1,0,0,0,5.95871E+20,6.02626E+21,1.04759E+16,5.43751E+16
1139,1.17032E+18,1,0,56,15,2017,3,14,4,3,3,2,1,0,0,0,1,0,0,5.44356E+20,5.95629E+21,9.67272E+15,5.37533E+16
1140,1.17032E+18,1,0,56,39,2017,3,14,4,3,6,7,0,0,1,0,1,0,0,5.53353E+20,5.94588E+21,9.80736E+15,5.3659E+16
1141,1.17032E+18,1,0,62,53,2017,3,14,4,3,5,3,1,1,0,0,0,0,0,5.76663E+20,5.93322E+21,1.01569E+16,5.35423E+16
1142,1.17032E+18,1,0,62,4,2017,3,15,4,3,5,2,0,1,0,1,0,0,0,5.91441E+20,5.96235E+21,1.03884E+16,5.38017E+16
1143,1.17032E+18,1,0,62,39,2017,3,8,4,3,2,6,0,1,0,0,0,0,0,6.0176E+20,5.96362E+21,1.05455E+16,5.38111E+16
1144,1.17031E+18,1,0,60,44,2017,3,8,6,3,2,6,0,1,0,0,0,0,0,5.64008E+20,5.9643E+21,9.97239E+15,5.38233E+16
1145,1.17032E+18,1,0,3,0,2017,3,19,4,3,1,5,0,1,0,0,0,2,0,6.09299E+20,5.97087E+21,1.06625E+16,5.38748E+16
1146,1.17032E+18,1,0,55,42,2017,3,16,4,3,2,2,0,1,0,0,0,0,0,6.16224E+20,5.9841E+21,1.07728E+16,5.39922E+16
1147,1.17031E+18,1,0,62,69,2017,3,15,7,2,8,1,0,0,0,1,0,0,0,5.844E+20,5.94246E+21,1.02761E+16,5.36242E+16
1148,1.17032E+18,1,0,55,4,2017,3,17,4,3,0,1,1,0,0,0,0,0,0,6.11449E+20,5.97602E+21,1.06971E+16,5.39206E+16
1149,1.17032E+18,1,0,55,46,2017,3,12,4,3,4,6,0,1,0,0,0,0,0,6.43201E+20,6.03643E+21,1.1209E+16,5.44553E+16
1150,1.17023E+18,1,0,62,90,2017,2,0,3,3,4,1,0,1,0,0,0,2,1,5.76548E+20,5.94917E+21,1.01591E+16,5.36857E+16
1151,1.17032E+18,1,0,55,43,2017,3,17,4,2,2,6,1,0,0,0,0,0,0,6.13418E+20,6.01834E+21,1.07429E+16,5.43003E+16
1152,1.17032E+18,1,0,58,54,2017,3,17,4,2,2,6,0,1,0,0,1,0,0,5.37785E+20,6.01776E+21,9.58071E+15,5.43063E+16
1153,1.1703E+18,1,0,2,0,2017,3,13,4,3,5,3,0,1,0,0,0,0,0,5.70867E+20,6.02344E+21,1.00904E+16,5.43539E+16
1154,1.17032E+18,1,0,58,52,2017,3,13,4,3,5,3,0,1,0,0,0,0,0,5.45845E+20,6.03775E+21,9.70765E+15,5.44853E+16
1155,1.17032E+18,1,0,58,150,2017,3,19,4,2,5,3,0,1,0,1,0,2,0,5.72497E+20,6.03554E+21,1.01184E+16,5.44624E+16
1156,1.17032E+18,1,0,2,0,2017,3,13,4,3,4,6,1,0,0,0,0,0,0,5.74512E+20,6.02055E+21,1.01458E+16,5.43273E+16
1157,1.17022E+18,1,0,3,0,2017,2,12,1,3,5,3,0,1,0,0,0,0,1,6.10829E+20,5.97167E+21,1.06861E+16,5.38816E+16
1158,1.17022E+18,1,0,2,0,2017,2,14,1,3,2,6,0,1,0,0,0,0,1,5.71818E+20,6.0191E+21,1.0104E+16,5.43147E+16
1159,1.17031E+18,1,0,62,22,2017,3,0,1,3,8,1,0,1,0,0,0,2,0,5.88489E+20,5.94213E+21,1.03379E+16,5.36205E+16
1160,1.17031E+18,1,0,2,0,2017,3,13,2,3,2,6,0,1,0,0,0,0,0,5.74885E+20,6.01332E+21,1.01497E+16,5.42623E+16
1161,1.1703E+18,1,0,51,97,2017,3,16,4,3,0,7,0,1,0,0,0,0,0,5.07809E+20,5.98287E+21,9.11911E+15,5.39941E+16
1162,1.17031E+18,1,0,54,56,2017,3,6,3,3,5,3,1,1,0,0,0,0,0,5.03344E+20,6.03612E+21,9.0516E+15,5.44727E+16
1163,1.1703E+18,1,0,57,25,2017,3,12,5,3,5,3,0,1,0,0,0,0,1,5.78981E+20,6.0241E+21,1.02154E+16,5.43586E+16
1164,1.1703E+18,1,0,59,77,2017,3,21,6,3,9,1,0,1,0,0,0,2,0,5.30099E+20,6.04132E+21,9.46498E+15,5.45186E+16
1165,1.1703E+18,1,0,3,0,2017,3,6,6,3,5,7,0,1,0,1,0,1,1,6.12309E+20,5.97111E+21,1.07084E+16,5.38763E+16
1166,1.1703E+18,1,0,57,55,2017,3,14,7,2,5,2,0,1,0,1,0,0,0,6.00088E+20,6.02504E+21,1.05404E+16,5.43633E+16
1167,1.17022E+18,1,0,2,0,2017,2,17,5,3,4,6,0,1,0,0,0,0,1,5.71963E+20,6.0189E+21,1.01062E+16,5.43129E+16
1168,1.17031E+18,1,0,61,41,2017,3,15,1,2,8,1,0,1,0,0,0,0,0,5.39475E+20,5.96624E+21,9.59997E+15,5.38432E+16
1169,1.17022E+18,1,0,2,0,2017,2,8,5,3,2,6,0,1,0,0,0,0,0,5.73727E+20,6.01786E+21,1.0133E+16,5.43033E+16
1170,1.17022E+18,1,0,2,0,2017,2,20,5,3,2,6,0,1,0,0,0,2,1,5.7224E+20,6.01917E+21,1.01105E+16,5.43153E+16
1171,1.17032E+18,1,0,57,62,2017,3,16,4,3,5,3,0,1,0,0,0,0,0,5.83464E+20,6.01092E+21,1.02807E+16,5.42394E+16
1172,1.17031E+18,1,0,3,0,2017,3,10,4,3,5,2,1,0,0,0,1,0,0,6.10116E+20,5.96992E+21,1.06746E+16,5.38661E+16
1173,1.17032E+18,1,0,2,0,2017,3,9,4,3,1,5,1,1,0,0,0,0,0,5.7281E+20,6.0207E+21,1.01196E+16,5.4329E+16
1174,1.17031E+18,1,0,59,78,2017,3,16,5,3,8,1,0,1,0,0,0,0,1,5.37163E+20,6.03496E+21,9.5733E+15,5.44609E+16
1175,1.17032E+18,1,0,57,9,2017,3,19,4,2,5,2,0,1,0,0,0,1,0,5.96518E+20,6.00025E+21,1.04775E+16,5.41413E+16
1176,1.17032E+18,1,0,2,0,2017,3,10,4,3,5,2,1,1,0,0,0,0,0,5.73489E+20,6.02361E+21,1.01308E+16,5.4355E+16
1177,1.17031E+18,1,0,62,22,2017,3,9,5,3,8,7,0,1,0,0,0,0,1,5.88151E+20,5.93934E+21,1.0332E+16,5.35955E+16
1178,1.17032E+18,1,0,59,186,2017,3,8,4,3,2,6,0,1,0,0,0,0,0,5.48854E+20,6.06774E+21,9.75909E+15,5.47545E+16
1179,1.17032E+18,1,0,59,127,2017,3,18,4,2,2,2,0,1,0,1,0,1,0,5.38687E+20,6.06875E+21,9.60127E+15,5.47645E+16
1180,1.17023E+18,1,0,55,44,2017,2,12,1,3,4,6,0,1,0,0,0,0,1,6.0863E+20,5.98757E+21,1.06583E+16,5.4025E+16
1181,1.17031E+18,1,0,2,0,2017,3,12,6,3,6,4,0,1,1,0,0,0,0,5.76239E+20,6.02029E+21,1.01722E+16,5.43248E+16
1182,1.17032E+18,1,0,1,0,2017,3,14,4,3,0,1,1,0,0,0,0,0,0,5.27265E+20,6.06947E+21,9.42382E+15,5.47717E+16
1183,1.17032E+18,1,0,1,0,2017,3,14,4,3,6,2,0,1,1,0,0,0,0,5.28263E+20,6.07069E+21,9.43945E+15,5.47826E+16
1184,1.17023E+18,1,0,2,0,2017,2,10,2,3,2,7,0,1,0,0,0,0,0,5.73744E+20,6.01819E+21,1.01334E+16,5.43063E+16
1185,1.17031E+18,1,0,55,40,2017,3,12,6,3,5,3,1,1,0,0,0,0,0,6.08281E+20,5.97224E+21,1.06475E+16,5.38873E+16
1186,1.17032E+18,1,0,54,56,2017,3,17,4,3,5,3,0,1,0,0,0,0,0,5.04542E+20,6.03661E+21,9.07009E+15,5.44771E+16
1187,1.17023E+18,1,0,60,39,2017,2,16,2,3,5,3,1,1,0,0,0,0,0,5.64345E+20,5.95999E+21,9.9766E+15,5.37845E+16
1188,1.17032E+18,1,0,59,183,2017,3,7,4,3,5,3,0,1,0,0,1,0,0,5.28385E+20,6.06585E+21,9.44088E+15,5.47391E+16
1189,1.17023E+18,1,0,4,0,2017,2,17,3,3,2,6,0,1,0,0,0,1,1,5.64543E+20,5.99489E+21,9.98698E+15,5.40982E+16
1190,1.1703E+18,1,0,58,1,2017,3,10,4,3,8,1,0,1,0,0,0,0,0,5.64353E+20,6.01937E+21,9.98933E+15,5.43181E+16
1191,1.17022E+18,1,0,2,0,2017,2,16,5,3,5,2,1,1,0,0,0,0,1,5.7413E+20,6.01834E+21,1.01393E+16,5.43075E+16
1192,1.17031E+18,1,0,53,22,2017,3,15,2,3,9,1,0,1,0,0,0,0,1,6.06548E+20,5.92193E+21,1.06039E+16,5.34356E+16
1193,1.17022E+18,1,0,57,66,2017,2,18,1,3,9,7,0,0,0,0,1,2,1,5.86056E+20,6.01543E+21,1.03217E+16,5.42796E+16
1194,1.17032E+18,1,0,55,37,2017,3,10,4,2,3,6,0,1,0,0,0,0,0,6.21362E+20,6.00257E+21,1.08585E+16,5.41568E+16
1195,1.17022E+18,1,0,2,0,2017,2,8,5,2,5,3,1,0,0,0,1,0,0,5.75106E+20,6.01736E+21,1.01541E+16,5.42986E+16
1196,1.17022E+18,1,0,2,0,2017,2,1,1,2,0,7,1,0,0,0,0,2,0,5.73685E+20,6.02137E+21,1.01333E+16,5.43349E+16
1197,1.17032E+18,1,0,51,44,2017,3,14,3,3,6,6,1,0,1,0,0,0,0,5.0668E+20,6.00607E+21,9.1024E+15,5.42026E+16
1198,1.17022E+18,1,0,54,167,2017,2,7,5,3,5,3,0,1,0,0,0,0,0,4.9665E+20,6.06534E+21,8.94797E+15,5.47353E+16
1199,1.17023E+18,1,0,55,35,2017,2,12,7,3,3,6,0,1,0,0,1,0,0,6.14598E+20,5.97991E+21,1.07465E+16,5.39548E+16
1200,1.17032E+18,1,0,51,71,2017,3,8,3,3,5,3,1,1,0,0,0,0,0,5.01433E+20,6.02027E+21,9.02204E+15,5.43302E+16
1201,1.17031E+18,1,0,62,4,2017,3,19,5,3,5,3,1,1,0,0,0,2,0,5.90944E+20,5.96343E+21,1.03812E+16,5.38115E+16
1202,1.17032E+18,1,0,51,136,2017,3,8,3,3,5,3,0,1,0,0,1,0,1,5.24867E+20,6.00771E+21,9.38135E+15,5.42168E+16
1203,1.17031E+18,1,0,57,32,2017,3,16,6,3,5,2,1,1,0,0,0,0,0,5.83598E+20,5.99743E+21,1.0279E+16,5.41182E+16
1204,1.17032E+18,1,0,60,63,2017,3,15,3,3,2,6,0,1,0,0,0,0,1,5.64921E+20,5.94739E+21,9.98271E+15,5.36712E+16
1205,1.17032E+18,1,0,60,63,2017,3,12,3,3,5,2,1,1,0,0,0,0,1,5.65807E+20,5.94858E+21,9.99636E+15,5.36818E+16
1206,1.17031E+18,1,0,62,60,2017,3,8,6,3,2,6,0,1,0,0,1,0,0,5.82991E+20,5.93185E+21,1.0252E+16,5.3529E+16
1207,1.17032E+18,1,0,60,63,2017,3,9,3,3,2,6,0,1,0,0,0,0,0,5.66553E+20,5.9487E+21,1.00077E+16,5.36827E+16
1208,1.17032E+18,1,0,56,2,2017,3,16,3,3,0,7,0,1,0,0,0,0,1,5.50602E+20,5.96172E+21,9.76833E+15,5.38016E+16
1209,1.17023E+18,1,0,56,50,2017,2,5,2,3,1,5,1,1,0,0,0,2,0,5.46995E+20,5.93723E+21,9.70985E+15,5.35818E+16
1210,1.17031E+18,1,0,54,42,2017,3,14,7,3,2,6,0,1,0,0,0,0,0,5.01746E+20,6.04198E+21,9.02698E+15,5.45254E+16
1211,1.17032E+18,1,0,60,66,2017,3,13,3,3,4,6,0,1,0,0,0,0,0,5.66454E+20,5.96824E+21,1.00104E+16,5.38584E+16
1212,1.17032E+18,1,0,60,44,2017,3,15,3,3,2,6,0,1,0,0,1,0,0,5.6317E+20,5.96573E+21,9.95995E+15,5.38363E+16
1213,1.17023E+18,1,0,58,38,2017,2,18,3,3,8,7,0,0,0,0,1,0,1,5.61543E+20,6.00394E+21,9.94295E+15,5.41798E+16
1214,1.17032E+18,1,0,62,45,2017,3,15,3,3,2,6,0,1,0,0,0,0,0,5.9013E+20,5.94523E+21,1.03636E+16,5.3648E+16
1215,1.1703E+18,1,0,59,149,2017,3,15,4,3,8,6,0,1,0,0,0,0,0,5.08845E+20,6.06576E+21,9.13738E+15,5.4739E+16
1216,1.17032E+18,1,0,53,32,2017,3,15,3,3,5,2,0,1,0,0,0,0,0,5.92379E+20,5.92118E+21,1.03905E+16,5.34316E+16
1217,1.17032E+18,1,0,3,0,2017,3,13,3,2,0,1,0,0,0,1,0,0,1,6.09098E+20,5.96734E+21,1.06582E+16,5.38431E+16
1218,1.17032E+18,1,0,3,0,2017,3,13,3,3,5,3,0,1,0,0,1,0,0,6.17687E+20,5.9757E+21,1.07919E+16,5.39164E+16
1219,1.17022E+18,1,0,59,67,2017,2,18,1,3,9,1,0,1,0,0,0,2,1,5.53477E+20,6.06031E+21,9.82956E+15,5.46873E+16
1220,1.17031E+18,1,0,54,125,2017,3,5,1,3,9,1,0,1,0,0,0,2,0,5.02538E+20,6.06528E+21,9.03941E+15,5.47347E+16
1221,1.17031E+18,1,0,54,75,2017,3,6,2,3,5,3,0,1,0,0,0,0,0,4.96806E+20,6.05703E+21,8.95048E+15,5.46606E+16
1222,1.1703E+18,1,0,62,60,2017,3,9,4,3,2,6,0,1,0,0,0,0,1,5.81087E+20,5.92998E+21,1.02228E+16,5.35125E+16
1223,1.17031E+18,1,0,56,15,2017,3,16,2,3,2,6,0,1,1,0,0,0,0,5.42437E+20,5.95515E+21,9.64345E+15,5.37433E+16
1224,1.1703E+18,1,0,2,0,2017,3,10,5,3,5,3,0,1,0,0,1,0,1,5.73082E+20,6.01793E+21,1.01231E+16,5.43041E+16
1225,1.1703E+18,1,0,60,84,2017,3,8,5,3,8,1,0,1,0,0,0,0,1,5.72477E+20,5.96817E+21,1.01019E+16,5.3857E+16
1226,1.1703E+18,1,0,58,13,2017,3,13,6,3,5,3,0,1,0,0,0,0,0,5.23402E+20,5.997E+21,9.35804E+15,5.41206E+16
1227,1.1703E+18,1,0,53,32,2017,3,8,6,3,5,2,1,1,0,0,0,0,1,5.94693E+20,5.92021E+21,1.0425E+16,5.34224E+16
1228,1.17022E+18,1,0,1,0,2017,2,14,5,3,2,6,0,1,0,0,0,0,1,5.28192E+20,6.07096E+21,9.43837E+15,5.47851E+16
1229,1.17022E+18,1,0,55,44,2017,2,18,5,2,2,6,0,1,0,0,0,2,1,6.13557E+20,5.99084E+21,1.07347E+16,5.40533E+16
1230,1.17032E+18,1,0,3,0,2017,3,15,3,3,3,6,0,1,0,0,0,0,0,6.114E+20,5.97107E+21,1.06945E+16,5.38762E+16
1231,1.17032E+18,1,0,58,107,2017,3,7,3,3,5,3,1,1,0,0,0,0,1,5.70231E+20,6.01503E+21,1.00787E+16,5.42783E+16
1232,1.17031E+18,1,0,58,110,2017,3,18,3,3,2,6,0,1,0,0,0,1,0,5.62049E+20,6.03145E+21,9.95643E+15,5.4427E+16
1233,1.17031E+18,1,0,57,7,2017,3,16,4,2,5,3,0,1,0,0,0,0,1,6.09233E+20,6.01762E+21,1.06784E+16,5.42948E+16
1234,1.17022E+18,1,0,62,27,2017,2,13,1,3,9,7,0,1,0,0,0,0,1,5.88246E+20,5.95279E+21,1.03372E+16,5.37164E+16
1235,1.17032E+18,1,0,4,0,2017,3,14,3,2,5,3,0,1,0,0,0,0,0,5.6322E+20,5.99205E+21,9.96616E+15,5.40727E+16
1236,1.17032E+18,1,0,2,0,2017,3,13,3,3,2,6,0,1,0,0,1,0,0,5.70951E+20,6.02308E+21,1.00916E+16,5.43506E+16
1237,1.17031E+18,1,0,54,125,2017,3,16,2,2,8,1,0,1,0,0,0,0,0,5.04751E+20,6.06645E+21,9.0738E+15,5.47453E+16
1238,1.17031E+18,1,0,60,12,2017,3,17,2,3,4,2,0,1,0,0,0,0,0,5.80366E+20,5.99222E+21,1.02282E+16,5.40719E+16
1239,1.1703E+18,1,0,61,29,2017,3,9,5,3,5,3,1,1,0,0,0,0,0,5.28083E+20,5.95977E+21,9.42624E+15,5.37858E+16
1240,1.1703E+18,1,0,4,0,2017,3,18,6,3,5,3,1,1,0,0,0,2,0,5.64326E+20,5.99076E+21,9.98278E+15,5.4061E+16
1241,1.1703E+18,1,0,61,44,2017,3,16,6,3,2,6,0,1,0,0,0,0,0,5.4156E+20,5.96118E+21,9.63097E+15,5.37975E+16
1242,1.17022E+18,1,0,61,46,2017,2,6,4,3,5,3,0,1,0,0,0,2,1,5.33159E+20,5.97606E+21,9.50504E+15,5.39319E+16
1243,1.1703E+18,1,0,51,76,2017,3,13,7,3,2,6,0,1,0,1,0,0,0,5.03119E+20,5.97455E+21,9.0475E+15,5.39194E+16
1244,1.17022E+18,1,0,61,89,2017,2,5,4,3,8,1,0,1,0,0,0,2,1,5.49115E+20,5.98396E+21,9.74932E+15,5.40016E+16
1245,1.17031E+18,1,0,53,12,2017,3,14,1,3,5,3,1,1,0,0,0,0,0,5.85475E+20,5.92723E+21,1.02882E+16,5.34871E+16