OBJECTID,UIDENTSTLA,ULAND,UREGBEZ,UKREIS,UGEMEINDE,UJAHR,UMONAT,USTUNDE,UWOCHENTAG,UKATEGORIE,UART,UTYP1,IstRad,IstPKW,IstFuss,IstKrad,IstSonstig,LICHT,STRZUSTAND,LINREFX,LINREFY,XGCSWGS84,YGCSWGS84
1598,1.17051E+18,1,0,51,99,2017,5,15,1,3,2,6,0,1,0,1,0,0,0,5.19285E+20,5.99308E+21,9.29481E+15,5.40856E+16
1599,1.17041E+18,1,0,59,144,2017,4,18,2,3,8,1,0,0,0,1,0,0,0,5.15212E+20,6.06751E+21,9.23637E+15,5.47546E+16
1600,1.17051E+18,1,0,4,0,2017,5,11,2,2,5,3,1,1,0,0,0,0,0,5.65121E+20,5.99054E+21,9.99489E+15,5.40589E+16
1601,1.17041E+18,1,0,59,113,2017,4,12,2,3,8,7,0,1,0,0,0,0,0,5.3489E+20,6.07596E+21,9.54312E+15,5.48295E+16
1602,1.17051E+18,1,0,55,4,2017,5,14,3,2,4,6,0,1,0,0,0,0,0,6.13335E+20,5.97601E+21,1.07258E+16,5.39201E+16
1603,1.17041E+18,1,0,59,81,2017,4,14,2,3,5,3,1,1,0,0,0,0,0,5.33976E+20,6.05044E+21,9.52593E+15,5.46003E+16
1604,1.17051E+18,1,0,2,0,2017,5,14,3,3,5,2,1,0,0,0,1,0,0,5.73399E+20,6.02121E+21,1.01288E+16,5.43335E+16
1605,1.17041E+18,1,0,56,30,2017,4,14,2,2,8,1,0,0,0,0,1,0,0,5.4515E+20,5.96163E+21,9.68553E+15,5.38013E+16
1606,1.17041E+18,1,0,60,27,2017,4,7,2,2,2,6,0,1,0,0,0,0,0,5.62354E+20,5.9792E+21,9.9503E+15,5.39574E+16
1607,1.17051E+18,1,0,56,13,2017,5,19,3,3,5,3,1,0,0,0,1,0,0,5.58618E+20,5.94613E+21,9.88706E+15,5.36606E+16
1608,1.17041E+18,1,0,61,67,2017,4,13,2,3,8,1,0,0,0,0,1,0,0,5.30037E+20,5.98606E+21,9.45848E+15,5.40219E+16
1609,1.17051E+18,1,0,61,26,2017,5,15,3,3,5,3,0,1,0,1,0,0,0,5.33862E+20,5.9633E+21,9.51434E+15,5.38172E+16
1610,1.17041E+18,1,0,56,15,2017,4,16,2,3,2,6,0,1,0,0,0,0,0,5.47165E+20,5.95485E+21,9.71509E+15,5.37401E+16
1611,1.1705E+18,1,0,60,63,2017,5,10,3,3,4,6,0,1,0,0,0,0,0,5.69099E+20,5.94872E+21,1.00462E+16,5.36826E+16
1612,1.1705E+18,1,0,62,53,2017,5,17,3,3,2,6,0,1,0,0,1,0,1,5.7809E+20,5.93327E+21,1.01785E+16,5.35425E+16
1613,1.1705E+18,1,0,53,41,2017,5,11,3,3,5,3,0,1,0,1,0,0,0,6.1528E+20,5.96286E+21,1.07504E+16,5.38015E+16
1614,1.17043E+18,1,0,3,0,2017,4,12,5,3,5,3,0,1,0,0,0,0,0,6.12345E+20,5.97077E+21,1.07088E+16,5.38732E+16
1615,1.17041E+18,1,0,60,87,2017,4,12,1,3,8,1,0,0,0,1,0,0,0,5.86311E+20,5.98874E+21,1.0318E+16,5.40397E+16
1616,1.17043E+18,1,0,55,27,2017,4,17,5,3,5,2,0,1,0,0,0,0,0,6.23143E+20,6.00954E+21,1.08887E+16,5.4219E+16
1617,1.17041E+18,1,0,56,40,2017,4,2,1,3,9,1,0,1,0,0,0,2,1,5.50013E+20,5.94809E+21,9.75717E+15,5.36792E+16
1618,1.17043E+18,1,0,55,40,2017,4,6,5,2,5,3,0,1,0,0,0,0,1,6.07769E+20,5.97421E+21,1.06404E+16,5.39051E+16
1619,1.17043E+18,1,0,3,0,2017,4,10,5,2,5,3,0,1,0,0,0,0,0,6.11613E+20,5.96878E+21,1.06969E+16,5.38555E+16
1620,1.1705E+18,1,0,58,77,2017,5,12,3,3,5,3,0,1,0,0,1,0,0,5.42553E+20,5.99285E+21,9.65045E+15,5.40821E+16
1621,1.17041E+18,1,0,60,63,2017,4,17,1,2,8,7,0,0,0,1,0,0,0,5.63295E+20,5.94742E+21,9.95809E+15,5.36717E+16
1622,1.17041E+18,1,0,60,52,2017,4,15,1,3,4,1,0,1,0,1,0,0,0,5.70084E+20,5.98253E+21,1.00688E+16,5.39863E+16
1623,1.17043E+18,1,0,58,78,2017,4,7,5,3,5,3,0,1,0,0,1,0,0,5.36799E+20,6.02022E+21,9.56586E+15,5.43285E+16
1624,1.17043E+18,1,0,58,34,2017,4,10,5,3,2,6,0,1,0,0,0,0,0,5.43745E+20,6.01866E+21,9.67242E+15,5.43139E+16
1625,1.1705E+18,1,0,57,91,2017,5,16,3,2,2,6,0,1,0,0,0,0,0,5.79886E+20,6.0163E+21,1.02272E+16,5.42883E+16
1626,1.17041E+18,1,0,53,110,2017,4,13,1,3,4,2,0,1,0,0,0,0,0,6.15724E+20,5.94708E+21,1.07513E+16,5.36596E+16
1627,1.17043E+18,1,0,58,92,2017,4,14,5,3,0,7,0,0,1,0,1,0,0,5.69919E+20,6.02102E+21,1.00753E+16,5.43322E+16
1628,1.17043E+18,1,0,58,86,2017,4,18,5,3,2,6,0,1,0,0,0,0,0,5.42127E+20,6.00567E+21,9.64574E+15,5.41973E+16
1629,1.1705E+18,1,0,57,57,2017,5,16,3,3,5,3,0,1,0,0,0,0,0,5.93441E+20,6.00233E+21,1.04311E+16,5.41605E+16
1630,1.17041E+18,1,0,62,22,2017,4,15,1,3,0,6,1,0,0,1,0,0,0,5.88305E+20,5.94148E+21,1.03349E+16,5.36147E+16
1631,1.1705E+18,1,0,2,0,2017,5,12,3,2,5,3,1,1,0,0,0,0,0,5.75056E+20,6.01925E+21,1.01538E+16,5.43156E+16
1632,1.17041E+18,1,0,62,89,2017,4,11,1,2,0,7,0,0,0,1,0,0,0,5.89864E+20,5.95397E+21,1.03621E+16,5.37267E+16
1633,1.17043E+18,1,0,4,0,2017,4,18,5,3,5,3,0,1,0,0,1,0,0,5.63358E+20,5.99222E+21,9.96831E+15,5.40743E+16
1634,1.17043E+18,1,0,4,0,2017,4,12,5,2,0,7,1,0,0,0,0,0,1,5.64381E+20,5.99285E+21,9.98407E+15,5.40798E+16
1635,1.1705E+18,1,0,61,91,2017,5,18,4,3,8,1,0,0,0,1,0,0,0,5.37949E+20,5.99212E+21,9.57999E+15,5.40759E+16
1636,1.17041E+18,1,0,62,11,2017,4,12,1,3,2,6,0,1,0,1,0,0,0,5.81724E+20,5.94153E+21,1.02354E+16,5.36162E+16
1637,1.17043E+18,1,0,54,152,2017,4,6,5,3,5,3,0,1,0,0,0,0,0,5.1346E+20,6.04057E+21,9.2079E+15,5.45126E+16
1638,1.17041E+18,1,0,62,78,2017,4,11,1,3,8,7,0,0,0,1,0,0,0,5.88635E+20,5.95118E+21,1.03426E+16,5.37017E+16
1639,1.17041E+18,1,0,62,90,2017,4,9,1,3,5,3,1,1,0,0,0,0,0,5.79558E+20,5.95134E+21,1.02052E+16,5.37047E+16
1640,1.17043E+18,1,0,54,141,2017,4,13,5,2,2,2,0,1,0,0,1,0,0,4.97367E+20,6.02981E+21,8.95942E+15,5.44161E+16
1641,1.17041E+18,1,0,55,46,2017,4,10,1,3,5,3,0,1,0,0,0,0,0,6.42757E+20,6.03425E+21,1.12011E+16,5.44358E+16
1642,1.17043E+18,1,0,1,0,2017,4,19,5,3,2,6,0,1,0,0,0,0,1,5.30159E+20,6.072E+21,9.46907E+15,5.47942E+16
1643,1.1705E+18,1,0,59,152,2017,5,10,3,3,8,1,0,1,0,0,0,2,0,5.60702E+20,6.06819E+21,9.94326E+15,5.47572E+16
1644,1.17041E+18,1,0,55,12,2017,4,9,1,3,2,6,0,1,0,1,0,0,0,6.02902E+20,5.99897E+21,1.05748E+16,5.41285E+16
1645,1.17041E+18,1,0,58,50,2017,4,15,1,3,5,3,0,1,0,1,0,0,0,5.6238E+20,6.0192E+21,9.95895E+15,5.43168E+16
1646,1.17043E+18,1,0,54,56,2017,4,2,5,3,8,7,0,1,0,0,0,2,0,5.05986E+20,6.03768E+21,9.0924E+15,5.44867E+16
1647,1.1705E+18,1,0,59,183,2017,5,7,3,2,2,6,0,1,0,0,0,0,0,5.20305E+20,6.07012E+21,9.31568E+15,5.47779E+16
1648,1.17041E+18,1,0,58,102,2017,4,17,1,3,8,7,0,0,0,1,0,0,0,5.54428E+20,6.03248E+21,9.83916E+15,5.44371E+16
1649,1.17043E+18,1,0,62,60,2017,4,8,5,3,2,6,0,1,0,0,1,0,0,5.85321E+20,5.93617E+21,1.02883E+16,5.35674E+16
1650,1.17051E+18,1,0,2,0,2017,5,19,5,3,4,6,1,0,1,0,0,0,0,5.75042E+20,6.02248E+21,1.01544E+16,5.43446E+16
1651,1.1705E+18,1,0,62,71,2017,5,16,3,3,2,6,0,1,0,0,1,0,0,5.81455E+20,5.94076E+21,1.02312E+16,5.36093E+16
1652,1.17041E+18,1,0,58,4,2017,4,15,1,3,8,1,0,0,0,1,0,0,0,5.56455E+20,6.03274E+21,9.87046E+15,5.44392E+16
1653,1.17041E+18,1,0,58,162,2017,4,19,1,3,5,3,0,1,0,0,0,0,0,5.62031E+20,6.04777E+21,9.95957E+15,5.45737E+16
1654,1.17043E+18,1,0,62,60,2017,4,8,5,3,2,6,0,1,0,0,0,0,0,5.82507E+20,5.9355E+21,1.02457E+16,5.35619E+16
1655,1.17043E+18,1,0,60,27,2017,4,15,5,2,9,7,0,1,0,0,0,0,1,5.61085E+20,5.98683E+21,9.93249E+15,5.40261E+16
1656,1.17051E+18,1,0,55,32,2017,5,14,5,3,4,6,0,1,0,0,0,0,0,6.18771E+20,5.99682E+21,1.08166E+16,5.41058E+16
1657,1.17041E+18,1,0,2,0,2017,4,13,1,3,2,6,0,1,0,0,0,0,0,5.72869E+20,6.0208E+21,1.01206E+16,5.43299E+16
1658,1.17043E+18,1,0,62,60,2017,4,7,5,3,2,6,0,1,0,0,0,0,0,5.81354E+20,5.93517E+21,1.02282E+16,5.35591E+16
1659,1.1705E+18,1,0,61,42,2017,5,17,4,3,2,6,0,1,0,0,0,0,0,5.40691E+20,5.97959E+21,9.62023E+15,5.39631E+16
1660,1.17041E+18,1,0,2,0,2017,4,18,1,3,5,2,1,1,0,0,0,0,0,5.73773E+20,6.02368E+21,1.01352E+16,5.43556E+16
1661,1.17043E+18,1,0,56,5,2017,4,11,4,3,5,2,1,1,0,0,0,0,0,5.5979E+20,5.94662E+21,9.90489E+15,5.36649E+16
1662,1.1705E+18,1,0,62,14,2017,5,17,5,3,2,6,0,1,0,0,0,0,1,5.81988E+20,5.95028E+21,1.02417E+16,5.36948E+16
1663,1.17043E+18,1,0,56,15,2017,4,14,4,3,2,6,0,1,0,0,1,0,0,5.44944E+20,5.95786E+21,9.68186E+15,5.37674E+16
1664,1.17051E+18,1,0,54,113,2017,5,13,6,3,0,7,1,0,0,0,0,0,0,4.77742E+20,6.01555E+21,8.65808E+15,5.42874E+16
1665,1.17041E+18,1,0,2,0,2017,4,17,1,2,8,1,0,0,0,1,0,0,0,5.74005E+20,6.01782E+21,1.01373E+16,5.43029E+16
1666,1.17041E+18,1,0,59,184,2017,4,10,1,1,5,3,1,0,0,1,0,0,0,5.29659E+20,6.06298E+21,9.46037E+15,5.47133E+16
1667,1.17041E+18,1,0,54,37,2017,4,17,1,3,2,6,0,1,0,0,0,0,0,5.0869E+20,6.05874E+21,9.13477E+15,5.4676E+16
1668,1.17041E+18,1,0,54,71,2017,4,14,1,2,3,6,1,1,0,0,0,0,0,5.09643E+20,6.05281E+21,9.14935E+15,5.46226E+16
1669,1.17041E+18,1,0,59,67,2017,4,15,1,2,8,1,0,0,0,1,0,0,0,5.54613E+20,6.05897E+21,9.84693E+15,5.46751E+16
1670,1.17051E+18,1,0,58,58,2017,5,15,1,3,5,3,1,1,0,0,0,0,0,5.6298E+20,6.02957E+21,9.97038E+15,5.441E+16
1671,1.17041E+18,1,0,62,25,2017,4,12,1,3,2,1,0,1,0,0,1,0,0,6.03242E+20,5.96672E+21,1.0569E+16,5.38387E+16
1672,1.17051E+18,1,0,62,65,2017,5,15,1,2,8,6,0,1,0,1,0,0,0,5.89943E+20,5.95763E+21,1.03643E+16,5.37595E+16
1673,1.17041E+18,1,0,51,99,2017,4,18,7,3,4,6,0,1,0,0,1,0,0,5.19277E+20,5.99448E+21,9.29478E+15,5.40982E+16
1674,1.17051E+18,1,0,2,0,2017,5,17,2,3,5,2,1,1,0,0,0,0,0,5.73153E+20,6.0218E+21,1.01252E+16,5.43388E+16
1675,1.17041E+18,1,0,53,129,2017,4,17,7,3,3,6,0,1,0,0,0,0,0,5.84307E+20,5.92746E+21,1.02707E+16,5.34894E+16
1676,1.17051E+18,1,0,53,110,2017,5,14,2,2,8,7,0,1,0,0,0,0,0,6.15238E+20,5.94651E+21,1.07437E+16,5.36546E+16
1677,1.17041E+18,1,0,55,16,2017,4,9,7,3,2,6,0,1,0,0,0,0,0,6.26824E+20,6.00883E+21,1.09448E+16,5.42118E+16
1678,1.17051E+18,1,0,2,0,2017,5,19,3,3,5,3,0,1,0,1,0,0,0,5.72628E+20,6.018E+21,1.01162E+16,5.43047E+16
1679,1.17041E+18,1,0,58,117,2017,4,19,7,3,5,2,0,1,0,0,0,0,0,5.55852E+20,6.00205E+21,9.85542E+15,5.41634E+16
1680,1.17051E+18,1,0,55,28,2017,5,15,3,3,1,2,1,1,0,0,0,0,0,6.01308E+20,6.00343E+21,1.05519E+16,5.4169E+16
1681,1.17041E+18,1,0,59,116,2017,4,10,7,3,8,1,0,1,0,0,0,0,0,5.35199E+20,6.06136E+21,9.54617E+15,5.46984E+16
1682,1.17041E+18,1,0,59,183,2017,4,18,7,3,5,3,0,1,0,0,0,0,0,5.22936E+20,6.0637E+21,9.35608E+15,5.47201E+16
1683,1.1705E+18,1,0,60,63,2017,5,9,3,3,2,6,0,1,0,0,0,0,0,5.62041E+20,5.94709E+21,9.93906E+15,5.36689E+16
1684,1.1705E+18,1,0,61,30,2017,5,8,2,3,7,7,0,0,0,1,0,0,0,5.33578E+20,5.96607E+21,9.51033E+15,5.3842E+16
1685,1.1705E+18,1,0,60,82,2017,5,1,2,2,6,4,0,1,1,0,0,2,0,5.70295E+20,5.9683E+21,1.00688E+16,5.38585E+16
1686,1.17043E+18,1,0,56,28,2017,4,8,4,2,4,6,0,1,0,0,1,0,0,5.47983E+20,5.94138E+21,9.7254E+15,5.3619E+16
1687,1.17043E+18,1,0,62,14,2017,4,7,4,3,2,6,0,1,0,0,0,0,0,5.82125E+20,5.95058E+21,1.02439E+16,5.36975E+16
1688,1.17043E+18,1,0,53,26,2017,4,15,4,1,4,6,0,1,0,0,0,0,0,6.1446E+20,5.95278E+21,1.07343E+16,5.37112E+16
1689,1.17043E+18,1,0,53,32,2017,4,7,4,2,2,6,1,0,0,0,0,0,0,5.91118E+20,5.92242E+21,1.03718E+16,5.3443E+16
1690,1.17043E+18,1,0,3,0,2017,4,10,4,3,5,2,1,1,0,0,0,0,0,6.1065E+20,5.96828E+21,1.06821E+16,5.38512E+16
1691,1.17043E+18,1,0,3,0,2017,4,14,4,3,2,6,0,1,0,0,1,0,0,6.13765E+20,5.96993E+21,1.07301E+16,5.38654E+16
1692,1.17043E+18,1,0,3,0,2017,4,10,4,3,3,6,1,1,0,0,0,0,0,6.1174E+20,5.97103E+21,1.06997E+16,5.38757E+16
1693,1.1705E+18,1,0,57,62,2017,5,15,4,3,9,1,0,0,0,1,0,0,0,5.83837E+20,6.01038E+21,1.02863E+16,5.42346E+16
1694,1.17043E+18,1,0,3,0,2017,4,7,4,3,2,6,0,1,0,0,0,0,0,6.06444E+20,5.96666E+21,1.06176E+16,5.38376E+16
1695,1.17043E+18,1,0,55,40,2017,4,8,4,3,8,7,1,0,0,0,0,0,0,6.08565E+20,5.97212E+21,1.06518E+16,5.38861E+16
1696,1.17043E+18,1,0,58,88,2017,4,18,4,2,9,1,0,1,0,0,0,0,0,5.47031E+20,6.02703E+21,9.72427E+15,5.43889E+16
1697,1.17043E+18,1,0,58,77,2017,4,16,4,3,5,3,0,1,0,0,0,0,0,5.44058E+20,5.99498E+21,9.67377E+15,5.41011E+16
1698,1.17043E+18,1,0,2,0,2017,4,11,4,2,5,3,1,1,0,0,0,0,0,5.73213E+20,6.0187E+21,1.01253E+16,5.43109E+16
1699,1.17043E+18,1,0,2,0,2017,4,7,4,3,2,2,1,1,0,0,0,0,0,5.73161E+20,6.02179E+21,1.01253E+16,5.43387E+16
1700,1.1705E+18,1,0,60,94,2017,5,11,2,3,5,2,0,1,0,1,0,0,0,5.70877E+20,5.96047E+21,1.00758E+16,5.37879E+16
1701,1.17041E+18,1,0,59,18,2017,4,10,7,3,9,1,0,0,0,1,0,0,1,5.35387E+20,6.03676E+21,9.54612E+15,5.44772E+16
1702,1.17043E+18,1,0,57,46,2017,4,12,4,2,8,1,0,1,0,0,0,0,0,5.88253E+20,6.00628E+21,1.03528E+16,5.4197E+16
1703,1.17043E+18,1,0,59,75,2017,4,16,4,3,4,6,0,1,0,0,1,0,0,5.34126E+20,6.0402E+21,9.52706E+15,5.45083E+16
1704,1.1705E+18,1,0,60,47,2017,5,17,2,3,5,3,0,1,0,1,0,0,0,5.71162E+20,5.96403E+21,1.0081E+16,5.38199E+16
1705,1.17041E+18,1,0,59,81,2017,4,15,7,2,4,6,0,1,0,0,1,0,0,5.30719E+20,6.05127E+21,9.4756E+15,5.4608E+16
1706,1.17043E+18,1,0,1,0,2017,4,16,4,3,9,1,0,1,0,0,0,0,2,5.24313E+20,6.07019E+21,9.378E+15,5.47784E+16
1707,1.17051E+18,1,0,62,60,2017,5,6,5,3,2,6,0,0,0,0,1,0,0,5.86264E+20,5.93627E+21,1.03026E+16,5.35682E+16
1708,1.1705E+18,1,0,60,68,2017,5,11,2,3,8,1,0,0,0,1,0,0,0,5.7598E+20,5.98595E+21,1.01596E+16,5.40162E+16
1709,1.17041E+18,1,0,54,109,2017,4,12,7,2,5,3,0,1,0,0,1,0,0,4.9096E+20,6.06939E+21,8.85948E+15,5.47716E+16
1710,1.17043E+18,1,0,51,58,2017,4,2,3,3,9,1,0,1,0,0,0,2,0,4.9745E+20,6.01483E+21,8.96083E+15,5.42813E+16
1711,1.17041E+18,1,0,58,38,2017,4,15,7,2,8,7,0,0,0,1,0,0,0,5.62752E+20,6.005E+21,9.96171E+15,5.41892E+16
1712,1.17043E+18,1,0,51,74,2017,4,15,3,3,5,3,0,1,0,1,0,0,1,5.04496E+20,5.99353E+21,9.06874E+15,5.409E+16
1713,1.1705E+18,1,0,56,15,2017,5,16,4,3,5,3,1,1,1,0,0,0,0,5.44649E+20,5.9558E+21,9.67708E+15,5.37489E+16
1714,1.17043E+18,1,0,56,16,2017,4,10,3,3,1,5,0,1,0,1,0,0,1,5.42795E+20,5.95101E+21,9.64831E+15,5.3706E+16
1715,1.1705E+18,1,0,2,0,2017,5,9,5,3,2,1,0,1,0,0,0,0,0,5.72777E+20,6.02316E+21,1.01197E+16,5.4351E+16
1716,1.17041E+18,1,0,56,50,2017,4,12,6,3,5,2,1,1,0,0,0,0,0,5.48325E+20,5.93756E+21,9.72999E+15,5.35847E+16
1717,1.17041E+18,1,0,62,4,2017,4,18,6,3,9,7,0,1,0,0,0,0,0,5.90288E+20,5.96446E+21,1.03716E+16,5.38208E+16
1718,1.17043E+18,1,0,62,6,2017,4,13,3,3,8,6,0,1,0,0,0,0,1,5.81549E+20,5.95321E+21,1.02359E+16,5.37211E+16
1719,1.17041E+18,1,0,53,129,2017,4,15,6,2,4,6,0,1,0,0,0,0,0,5.82279E+20,5.92736E+21,1.02401E+16,5.34888E+16
1720,1.17041E+18,1,0,55,42,2017,4,16,6,2,5,3,0,1,0,1,0,0,0,6.18946E+20,5.98409E+21,1.08143E+16,5.39914E+16
1721,1.17041E+18,1,0,2,0,2017,4,11,6,3,8,1,1,0,0,0,0,0,0,5.72899E+20,6.01997E+21,1.01208E+16,5.43224E+16
1722,1.17043E+18,1,0,53,14,2017,4,20,3,3,5,2,0,1,0,0,1,0,0,6.05244E+20,5.9411E+21,1.05907E+16,5.36081E+16
1723,1.17051E+18,1,0,55,17,2017,5,16,7,3,2,6,0,1,0,0,0,0,0,6.3602E+20,6.02811E+21,1.10945E+16,5.43826E+16
1724,1.17041E+18,1,0,2,0,2017,4,13,6,3,2,6,0,1,0,0,0,0,0,5.73314E+20,6.01702E+21,1.01265E+16,5.42958E+16
1725,1.17041E+18,1,0,2,0,2017,4,18,6,3,1,5,0,1,0,0,0,0,0,5.74008E+20,6.023E+21,1.01386E+16,5.43495E+16
1726,1.17051E+18,1,0,54,168,2017,5,13,1,2,8,6,1,0,0,0,0,0,0,4.54979E+20,6.08222E+21,8.29819E+15,5.4885E+16
1727,1.17041E+18,1,0,54,132,2017,4,14,6,3,4,6,0,1,0,0,1,0,0,5.03035E+20,6.03309E+21,9.0468E+15,5.44455E+16
1728,1.17051E+18,1,0,3,0,2017,5,13,1,3,2,6,0,1,0,1,0,0,0,6.09712E+20,5.97125E+21,1.06689E+16,5.38781E+16
1729,1.17041E+18,1,0,59,183,2017,4,9,6,2,3,3,1,1,0,0,0,0,0,5.20861E+20,6.06923E+21,9.32426E+15,5.47699E+16
1730,1.17051E+18,1,0,62,89,2017,5,17,2,3,3,6,0,1,0,0,1,0,0,5.90221E+20,5.95667E+21,1.03683E+16,5.37509E+16
1731,1.17041E+18,1,0,61,29,2017,4,11,5,3,5,3,1,1,0,0,0,0,0,5.27637E+20,5.96039E+21,9.41953E+15,5.37913E+16
1732,1.17051E+18,1,0,58,135,2017,5,12,2,2,5,2,1,0,0,0,1,0,0,5.43556E+20,6.01697E+21,9.66928E+15,5.42988E+16
1733,1.17051E+18,1,0,61,61,2017,5,18,3,3,0,6,0,1,0,0,0,0,0,5.37031E+20,5.96947E+21,9.56321E+15,5.38724E+16
1734,1.17041E+18,1,0,61,54,2017,4,23,5,3,8,7,0,1,0,0,0,2,0,5.29798E+20,5.96404E+21,9.45269E+15,5.38241E+16
1735,1.17041E+18,1,0,51,47,2017,4,19,5,3,4,6,0,1,0,0,1,0,0,5.02378E+20,6.01205E+21,9.0365E+15,5.42564E+16
1736,1.1705E+18,1,0,62,91,2017,5,15,2,3,8,1,0,0,0,1,0,0,0,5.90826E+20,5.95375E+21,1.03766E+16,5.37245E+16
1737,1.1705E+18,1,0,62,35,2017,5,14,2,2,2,6,1,0,0,0,0,0,0,5.87852E+20,5.94421E+21,1.03288E+16,5.36393E+16
1738,1.1705E+18,1,0,62,35,2017,5,14,2,3,0,1,1,0,0,0,0,0,0,5.87304E+20,5.94669E+21,1.03212E+16,5.36616E+16
1739,1.17051E+18,1,0,55,39,2017,5,21,4,2,9,7,0,1,0,0,0,1,0,6.15951E+20,5.99546E+21,1.0773E+16,5.40943E+16
1740,1.17041E+18,1,0,51,23,2017,4,20,5,2,0,2,0,1,0,1,0,0,0,5.1965E+20,6.01164E+21,9.30161E+15,5.42524E+16
1741,1.17051E+18,1,0,54,20,2017,5,19,2,3,5,3,0,1,0,1,0,0,0,4.99091E+20,6.0514E+21,8.98592E+15,5.461E+16
1742,1.17041E+18,1,0,56,2,2017,4,9,5,3,5,3,1,1,0,0,0,0,0,5.50918E+20,5.96056E+21,9.77293E+15,5.37912E+16
1743,1.17051E+18,1,0,4,0,2017,5,7,2,3,4,6,1,0,0,0,0,0,0,5.63784E+20,5.9916E+21,9.97468E+15,5.40686E+16
1744,1.17041E+18,1,0,60,76,2017,4,17,5,2,5,3,0,1,0,1,0,0,0,5.76885E+20,5.96764E+21,1.01688E+16,5.38515E+16
1745,1.17051E+18,1,0,59,161,2017,5,15,3,3,4,6,0,1,0,0,1,0,0,5.4139E+20,6.06669E+21,9.64299E+15,5.47458E+16
1746,1.17041E+18,1,0,60,92,2017,4,9,5,3,2,6,0,1,0,1,0,0,0,5.78998E+20,5.97915E+21,1.02039E+16,5.39546E+16
1747,1.17041E+18,1,0,3,0,2017,4,16,5,3,5,3,0,0,0,0,1,0,0,6.11195E+20,5.96899E+21,1.06907E+16,5.38574E+16
1748,1.17051E+18,1,0,58,169,2017,5,15,3,3,2,6,0,1,0,0,0,0,0,5.60629E+20,5.99167E+21,9.92649E+15,5.40696E+16
1749,1.17041E+18,1,0,3,0,2017,4,16,5,3,2,6,0,1,0,0,0,0,0,6.12509E+20,5.96943E+21,1.07108E+16,5.38611E+16
1750,1.17051E+18,1,0,60,58,2017,5,16,3,3,1,6,0,1,0,0,0,0,0,5.75173E+20,5.9614E+21,1.01413E+16,5.37958E+16
1751,1.17041E+18,1,0,3,0,2017,4,14,5,3,5,3,1,1,0,0,0,0,0,6.10684E+20,5.96826E+21,1.06826E+16,5.3851E+16
1752,1.1705E+18,1,0,53,83,2017,5,14,2,3,1,5,0,1,0,0,0,0,0,6.05672E+20,5.91518E+21,1.05885E+16,5.33751E+16
1753,1.1705E+18,1,0,62,60,2017,5,7,2,3,5,3,0,1,0,0,0,0,0,5.82831E+20,5.93443E+21,1.02503E+16,5.35522E+16
1754,1.1705E+18,1,0,55,12,2017,5,14,2,3,8,1,0,0,0,1,0,0,0,6.0395E+20,5.99721E+21,1.05902E+16,5.41126E+16
1755,1.1705E+18,1,0,55,40,2017,5,10,2,3,5,7,0,1,0,0,0,0,0,6.07272E+20,5.97725E+21,1.06339E+16,5.39325E+16
1756,1.17043E+18,1,0,55,28,2017,4,14,3,3,2,6,0,1,0,0,1,0,0,6.01787E+20,6.00422E+21,1.05595E+16,5.41759E+16
1757,1.17043E+18,1,0,3,0,2017,4,11,3,3,2,6,0,1,0,0,0,0,1,6.21682E+20,5.98141E+21,1.0855E+16,5.39667E+16
1758,1.17041E+18,1,0,3,0,2017,4,9,5,3,2,6,0,1,0,0,0,0,0,6.1474E+20,5.96808E+21,1.07442E+16,5.38485E+16
1759,1.17043E+18,1,0,4,0,2017,4,7,3,3,0,7,1,0,0,0,0,0,1,5.65911E+20,5.99194E+21,1.00073E+16,5.40714E+16
1760,1.17041E+18,1,0,4,0,2017,4,23,5,3,9,1,0,1,0,0,0,2,0,5.64257E+20,5.99487E+21,9.98261E+15,5.4098E+16
1761,1.17043E+18,1,0,58,45,2017,4,9,3,3,8,1,0,1,0,0,0,0,0,5.56733E+20,6.00427E+21,9.86933E+15,5.41834E+16
1762,1.17043E+18,1,0,58,124,2017,4,16,3,3,5,3,1,1,0,0,0,0,0,5.4357E+20,6.01588E+21,9.66933E+15,5.42889E+16
1763,1.17041E+18,1,0,2,0,2017,4,9,5,3,2,6,0,1,0,0,0,0,0,5.72731E+20,6.02394E+21,1.01192E+16,5.4358E+16
1764,1.17041E+18,1,0,57,3,2017,4,9,5,2,6,7,0,0,0,1,1,0,0,5.859E+20,6.0293E+21,1.03234E+16,5.44042E+16
1765,1.17043E+18,1,0,58,135,2017,4,18,3,2,5,3,1,1,0,0,0,0,0,5.40865E+20,6.01978E+21,9.62831E+15,5.43243E+16
1766,1.17043E+18,1,0,57,12,2017,4,15,3,3,1,5,0,1,0,1,0,0,0,5.80983E+20,6.02712E+21,1.0247E+16,5.43854E+16
1767,1.1705E+18,1,0,3,0,2017,5,17,2,3,2,6,0,1,0,0,0,0,0,6.08293E+20,5.96735E+21,1.0646E+16,5.38433E+16
1768,1.17041E+18,1,0,2,0,2017,4,17,5,3,2,6,0,1,0,0,0,0,0,5.73967E+20,6.01784E+21,1.01367E+16,5.43031E+16
1769,1.17043E+18,1,0,2,0,2017,4,8,3,3,2,6,0,1,0,0,0,0,1,5.72775E+20,6.02316E+21,1.01197E+16,5.43511E+16
1770,1.1705E+18,1,0,2,0,2017,5,18,2,2,5,2,1,1,0,0,0,0,0,5.73696E+20,6.02154E+21,1.01335E+16,5.43364E+16
1771,1.17041E+18,1,0,2,0,2017,4,15,5,3,2,6,0,1,0,0,0,0,0,5.73226E+20,6.01844E+21,1.01255E+16,5.43086E+16
1772,1.17043E+18,1,0,2,0,2017,4,12,3,3,5,3,1,1,0,0,0,0,1,5.72474E+20,6.02112E+21,1.01146E+16,5.43328E+16
1773,1.1705E+18,1,0,58,52,2017,5,16,4,3,2,6,0,1,0,0,1,0,0,5.45849E+20,6.03775E+21,9.70772E+15,5.44853E+16