OBJECTID,UIDENTSTLA,ULAND,UREGBEZ,UKREIS,UGEMEINDE,UJAHR,UMONAT,USTUNDE,UWOCHENTAG,UKATEGORIE,UART,UTYP1,IstRad,IstPKW,IstFuss,IstKrad,IstSonstig,LICHT,STRZUSTAND,LINREFX,LINREFY,XGCSWGS84,YGCSWGS84
1774,1.17041E+18,1,0,57,4,2017,4,11,5,2,0,1,1,0,0,0,0,0,0,6.04312E+20,6.02368E+21,1.06049E+16,5.43502E+16
1775,1.17041E+18,1,0,1,0,2017,4,16,5,3,3,6,0,1,0,1,0,0,0,5.29537E+20,6.07349E+21,9.45955E+15,5.48077E+16
1776,1.17043E+18,1,0,57,91,2017,4,17,3,3,2,2,0,1,0,0,0,0,0,5.82769E+20,6.01334E+21,1.02707E+16,5.42613E+16
1777,1.17041E+18,1,0,59,183,2017,4,4,5,3,9,1,0,1,0,0,0,2,0,5.21033E+20,6.07009E+21,9.32699E+15,5.47776E+16
1778,1.17043E+18,1,0,2,0,2017,4,15,3,3,6,2,0,1,1,0,0,0,0,5.74329E+20,6.01831E+21,1.01424E+16,5.43073E+16
1779,1.17041E+18,1,0,54,19,2017,4,12,5,3,0,1,0,0,0,1,0,0,0,4.98372E+20,6.05139E+21,8.9748E+15,5.46099E+16
1780,1.17041E+18,1,0,59,83,2017,4,8,5,3,1,3,0,1,0,1,0,0,0,5.49978E+20,6.05449E+21,9.77429E+15,5.46354E+16
1781,1.17043E+18,1,0,54,5,2017,4,8,3,3,8,1,0,1,0,0,0,0,1,4.66832E+20,6.06389E+21,8.48505E+15,5.47212E+16
1782,1.17051E+18,1,0,56,34,2017,5,6,6,3,3,6,0,0,0,1,1,0,1,5.57784E+20,5.96135E+21,9.87729E+15,5.37975E+16
1783,1.17043E+18,1,0,59,137,2017,4,16,3,3,5,2,0,1,0,0,0,0,0,5.40948E+20,6.07239E+21,9.63691E+15,5.4797E+16
1784,1.17041E+18,1,0,61,34,2017,4,18,4,3,5,3,0,1,0,0,0,0,0,5.3061E+20,5.97573E+21,9.46619E+15,5.39291E+16
1785,1.17041E+18,1,0,51,49,2017,4,8,4,3,5,3,1,1,0,0,0,0,0,5.10952E+20,6.01508E+21,9.16822E+15,5.42836E+16
1786,1.17043E+18,1,0,3,0,2017,4,13,3,3,3,1,0,1,0,0,1,0,2,6.11282E+20,5.96123E+21,1.06892E+16,5.37877E+16
1787,1.17051E+18,1,0,54,33,2017,5,17,7,3,5,3,0,1,0,0,0,0,0,5.06271E+20,6.0248E+21,9.09653E+15,5.4371E+16
1788,1.17041E+18,1,0,61,52,2017,4,9,4,3,5,6,0,1,0,0,0,0,0,5.27304E+20,5.97831E+21,9.41607E+15,5.39524E+16
1789,1.17043E+18,1,0,62,4,2017,4,13,3,3,2,6,0,0,0,0,1,0,1,5.93295E+20,5.96031E+21,1.0416E+16,5.3783E+16
1790,1.17051E+18,1,0,60,44,2017,5,12,7,3,5,3,0,1,0,0,0,0,0,5.57957E+20,5.96302E+21,9.88023E+15,5.38125E+16
1791,1.17041E+18,1,0,56,15,2017,4,21,4,3,5,2,0,1,0,0,0,2,1,5.43264E+20,5.9565E+21,9.65619E+15,5.37553E+16
1792,1.17051E+18,1,0,58,11,2017,5,17,1,3,9,1,0,1,0,0,0,0,0,5.47574E+20,6.00446E+21,9.72903E+15,5.41859E+16
1793,1.17041E+18,1,0,56,48,2017,4,16,4,3,5,3,0,1,0,0,0,0,0,5.46951E+20,5.9502E+21,9.71114E+15,5.36983E+16
1794,1.17051E+18,1,0,56,36,2017,5,10,1,3,8,1,0,0,0,1,0,0,0,5.4477E+20,5.9476E+21,9.67773E+15,5.36752E+16
1795,1.17051E+18,1,0,2,0,2017,5,7,2,3,6,4,0,1,1,0,0,2,0,5.73597E+20,6.01924E+21,1.01314E+16,5.43157E+16
1796,1.17043E+18,1,0,62,8,2017,4,11,3,3,8,1,0,1,0,0,0,0,2,5.9623E+20,5.96334E+21,1.04614E+16,5.38097E+16
1797,1.1705E+18,1,0,60,39,2017,5,8,5,3,5,3,1,1,0,0,0,0,0,5.66224E+20,5.96121E+21,1.00054E+16,5.37953E+16
1798,1.17041E+18,1,0,56,50,2017,4,18,4,3,0,7,1,1,0,0,0,0,0,5.46504E+20,5.9372E+21,9.70243E+15,5.35816E+16
1799,1.17041E+18,1,0,56,44,2017,4,8,4,3,5,3,1,0,0,0,1,0,1,5.5616E+20,5.93923E+21,9.84862E+15,5.35989E+16
1800,1.17043E+18,1,0,61,40,2017,4,9,3,3,9,1,0,1,0,0,0,0,1,5.31849E+20,5.98321E+21,9.48584E+15,5.39962E+16
1801,1.17041E+18,1,0,56,49,2017,4,17,4,3,5,3,1,1,0,0,0,0,0,5.44416E+20,5.94817E+21,9.67245E+15,5.36804E+16
1802,1.17041E+18,1,0,56,43,2017,4,18,4,2,5,3,1,1,0,0,0,0,1,5.54403E+20,5.94542E+21,9.82316E+15,5.36547E+16
1803,1.17041E+18,1,0,53,32,2017,4,9,4,3,6,2,0,1,1,0,0,0,0,5.91099E+20,5.92236E+21,1.03716E+16,5.34423E+16
1804,1.17041E+18,1,0,53,20,2017,4,8,4,3,2,6,0,1,0,0,1,0,0,6.07221E+20,5.92678E+21,1.06157E+16,5.34791E+16
1805,1.17041E+18,1,0,3,0,2017,4,10,4,3,5,3,0,1,0,0,0,0,0,6.21345E+20,5.98238E+21,1.08502E+16,5.39755E+16
1806,1.17051E+18,1,0,58,127,2017,5,1,1,3,3,6,0,1,0,0,0,0,0,5.36046E+20,6.02791E+21,9.55522E+15,5.43977E+16
1807,1.17041E+18,1,0,2,0,2017,4,14,4,2,2,6,0,1,0,0,1,0,0,5.70258E+20,6.02009E+21,1.00803E+16,5.43238E+16
1808,1.17051E+18,1,0,60,4,2017,5,16,1,3,0,1,1,0,0,0,0,0,0,5.58751E+20,5.97537E+21,9.89465E+15,5.39234E+16
1809,1.17041E+18,1,0,2,0,2017,4,10,4,3,5,2,0,1,0,0,0,0,0,5.70862E+20,6.02343E+21,1.00903E+16,5.43538E+16
1810,1.17051E+18,1,0,2,0,2017,5,12,2,3,5,3,1,1,0,0,0,0,0,5.75891E+20,6.02E+21,1.01668E+16,5.43222E+16
1811,1.17041E+18,1,0,2,0,2017,4,17,4,3,2,6,0,1,0,0,0,0,0,5.73529E+20,6.01784E+21,1.013E+16,5.43032E+16
1812,1.17051E+18,1,0,61,46,2017,5,0,2,3,6,1,0,1,1,0,0,2,0,5.3175E+20,5.97324E+21,9.4833E+15,5.39067E+16
1813,1.17051E+18,1,0,57,57,2017,5,19,3,3,2,6,0,1,0,0,0,0,0,5.91784E+20,6.00237E+21,1.04057E+16,5.41612E+16
1814,1.17041E+18,1,0,2,0,2017,4,14,4,3,3,6,0,1,0,0,1,0,0,5.73722E+20,6.01954E+21,1.01334E+16,5.43184E+16
1815,1.17041E+18,1,0,59,159,2017,4,8,4,3,5,3,0,1,0,0,0,0,0,5.28117E+20,6.0546E+21,9.43563E+15,5.4638E+16
1816,1.1705E+18,1,0,57,10,2017,5,21,2,2,2,6,0,1,0,0,0,2,0,5.74888E+20,6.01159E+21,1.01493E+16,5.42467E+16
1817,1.1705E+18,1,0,1,0,2017,5,16,2,3,5,3,1,1,0,0,0,0,0,5.27998E+20,6.06944E+21,9.43521E+15,5.47714E+16
1818,1.1705E+18,1,0,59,183,2017,5,10,2,3,9,1,0,1,0,0,0,0,0,5.21977E+20,6.06953E+21,9.34163E+15,5.47725E+16
1819,1.1705E+18,1,0,2,0,2017,5,19,2,3,5,3,0,1,0,0,0,0,0,5.69451E+20,6.01857E+21,1.00675E+16,5.43103E+16
1820,1.17043E+18,1,0,62,92,2017,4,11,3,2,9,1,0,1,0,0,0,0,2,5.86665E+20,5.96526E+21,1.03168E+16,5.38286E+16
1821,1.17043E+18,1,0,61,47,2017,4,9,3,2,2,1,0,1,0,0,1,0,2,5.31746E+20,5.98345E+21,9.48428E+15,5.39983E+16
1822,1.17043E+18,1,0,3,0,2017,4,7,3,2,2,6,0,1,0,0,1,0,1,6.15632E+20,5.97517E+21,1.07604E+16,5.3912E+16
1823,1.17042E+18,1,0,51,81,2017,4,16,2,3,2,6,0,1,0,0,0,0,1,4.9943E+20,6.00293E+21,8.99127E+15,5.41745E+16
1824,1.17042E+18,1,0,61,19,2017,4,15,2,3,5,3,0,1,0,0,1,0,0,5.53885E+20,5.98275E+21,9.82187E+15,5.39903E+16
1825,1.17042E+18,1,0,51,48,2017,4,14,2,3,2,6,0,1,0,0,0,0,1,5.05931E+20,6.00239E+21,9.09085E+15,5.41696E+16
1826,1.17041E+18,1,0,54,56,2017,4,14,4,2,9,1,0,1,0,0,0,0,0,5.03117E+20,6.03598E+21,9.0481E+15,5.44715E+16
1827,1.17042E+18,1,0,60,28,2017,4,16,2,2,8,7,0,1,0,0,0,0,1,5.69121E+20,5.98837E+21,1.00555E+16,5.40389E+16
1828,1.17042E+18,1,0,56,8,2017,4,12,2,3,0,7,1,0,0,0,0,0,0,5.47492E+20,5.95982E+21,9.72082E+15,5.37848E+16
1829,1.1705E+18,1,0,53,46,2017,5,15,2,3,2,6,0,1,0,0,0,0,0,6.17646E+20,5.93251E+21,1.07748E+16,5.35283E+16
1830,1.17042E+18,1,0,60,68,2017,4,9,2,3,5,3,0,1,0,0,0,0,0,5.77849E+20,5.98269E+21,1.01873E+16,5.39867E+16
1831,1.17043E+18,1,0,61,104,2017,4,21,1,1,4,6,0,1,0,1,0,2,0,5.38126E+20,5.966E+21,9.57943E+15,5.38411E+16
1832,1.17041E+18,1,0,59,183,2017,4,16,4,3,2,6,0,1,0,0,0,0,0,5.2334E+20,6.06442E+21,9.3624E+15,5.47265E+16
1833,1.17042E+18,1,0,60,63,2017,4,20,2,3,2,6,0,1,0,0,0,1,1,5.658E+20,5.94857E+21,9.99625E+15,5.36817E+16
1834,1.17041E+18,1,0,54,161,2017,4,16,4,3,2,6,0,1,0,0,0,0,0,5.02543E+20,6.02909E+21,9.03919E+15,5.44095E+16
1835,1.17041E+18,1,0,59,81,2017,4,13,4,3,0,2,0,1,0,0,1,0,0,5.30579E+20,6.05165E+21,9.47347E+15,5.46114E+16
1836,1.17042E+18,1,0,56,48,2017,4,17,2,3,2,6,0,1,0,0,0,0,1,5.47918E+20,5.95058E+21,9.72584E+15,5.37017E+16
1837,1.17051E+18,1,0,51,97,2017,5,11,5,3,5,3,1,0,0,0,1,0,0,5.07801E+20,5.98287E+21,9.119E+15,5.39941E+16
1838,1.17041E+18,1,0,62,9,2017,4,5,4,3,3,6,0,1,0,0,1,2,0,5.76831E+20,5.93528E+21,1.01599E+16,5.35607E+16
1839,1.17042E+18,1,0,53,51,2017,4,17,2,3,8,1,0,0,0,0,1,0,1,6.14473E+20,5.95253E+21,1.07344E+16,5.37089E+16
1840,1.17041E+18,1,0,62,48,2017,4,10,4,3,7,7,0,1,0,0,0,0,0,6.00393E+20,5.97517E+21,1.05285E+16,5.39152E+16
1841,1.1704E+18,1,0,51,44,2017,4,13,3,3,2,6,0,1,0,0,0,0,0,5.07694E+20,6.00551E+21,9.11793E+15,5.41975E+16
1842,1.17042E+18,1,0,53,129,2017,4,15,2,3,5,3,1,1,0,0,0,0,0,5.83153E+20,5.92729E+21,1.02533E+16,5.3488E+16
1843,1.17051E+18,1,0,2,0,2017,5,17,6,3,6,4,0,1,1,0,0,0,0,5.73527E+20,6.02463E+21,1.01316E+16,5.43642E+16
1844,1.17042E+18,1,0,53,116,2017,4,16,2,3,6,3,0,1,1,0,0,0,0,5.98725E+20,5.92901E+21,1.04884E+16,5.35008E+16
1845,1.1704E+18,1,0,60,31,2017,4,17,3,3,5,3,0,1,0,0,0,0,0,5.56381E+20,5.97789E+21,9.85903E+15,5.39463E+16
1846,1.1704E+18,1,0,60,4,2017,4,16,3,3,2,2,0,1,0,0,0,0,0,5.58348E+20,5.97459E+21,9.88837E+15,5.39164E+16
1847,1.17042E+18,1,0,3,0,2017,4,16,2,3,2,6,0,1,0,0,0,0,1,6.15446E+20,5.9731E+21,1.07568E+16,5.38934E+16
1848,1.17051E+18,1,0,53,12,2017,5,17,6,3,2,6,0,1,0,0,0,0,1,5.86674E+20,5.92734E+21,1.03063E+16,5.34879E+16
1849,1.17042E+18,1,0,58,135,2017,4,22,2,3,5,3,0,1,0,0,0,2,0,5.44541E+20,6.0178E+21,9.68453E+15,5.43061E+16
1850,1.1704E+18,1,0,60,5,2017,4,7,3,3,5,3,0,1,0,0,1,0,0,5.8476E+20,5.97743E+21,1.02912E+16,5.39383E+16
1851,1.17042E+18,1,0,58,117,2017,4,17,2,3,2,2,0,1,0,0,1,0,1,5.5578E+20,6.00287E+21,9.85448E+15,5.41709E+16
1852,1.17051E+18,1,0,51,48,2017,5,13,6,3,9,6,0,1,0,1,0,0,0,5.03596E+20,5.99957E+21,9.05505E+15,5.41442E+16
1853,1.17042E+18,1,0,58,24,2017,4,15,2,3,2,6,0,1,0,0,0,0,0,5.45496E+20,6.0222E+21,9.69988E+15,5.43456E+16
1854,1.17042E+18,1,0,2,0,2017,4,16,2,3,2,6,0,1,0,0,1,0,1,5.72802E+20,6.0228E+21,1.012E+16,5.43478E+16
1855,1.1704E+18,1,0,60,63,2017,4,8,3,2,4,7,0,1,0,0,0,0,0,5.6784E+20,5.9511E+21,1.00277E+16,5.37042E+16
1856,1.17042E+18,1,0,57,58,2017,4,18,2,3,9,1,0,1,0,0,0,0,1,5.79187E+20,6.00878E+21,1.02145E+16,5.42209E+16
1857,1.1704E+18,1,0,60,63,2017,4,17,3,3,2,6,0,1,0,0,0,0,0,5.65367E+20,5.94799E+21,9.98958E+15,5.36766E+16
1858,1.17042E+18,1,0,57,67,2017,4,14,2,3,2,6,0,1,0,0,0,0,1,5.91077E+20,6.0031E+21,1.03951E+16,5.41679E+16
1859,1.17042E+18,1,0,57,55,2017,4,7,2,3,5,3,0,1,0,0,0,0,0,5.9986E+20,6.02441E+21,1.05367E+16,5.43577E+16
1860,1.17043E+18,1,0,62,91,2017,4,13,1,3,0,1,0,1,0,1,0,0,0,5.9195E+20,5.95192E+21,1.03931E+16,5.37079E+16
1861,1.1704E+18,1,0,60,50,2017,4,23,3,2,8,1,0,1,0,0,0,2,0,5.88233E+20,5.98366E+21,1.03459E+16,5.39937E+16
1862,1.1704E+18,1,0,62,27,2017,4,13,3,3,2,2,0,1,0,0,0,0,0,5.87578E+20,5.95256E+21,1.0327E+16,5.37144E+16
1863,1.17042E+18,1,0,2,0,2017,4,15,2,3,2,6,0,1,0,0,0,0,1,5.73338E+20,6.02113E+21,1.01279E+16,5.43328E+16
1864,1.17042E+18,1,0,54,148,2017,4,6,2,2,8,7,0,1,0,0,0,0,0,4.87461E+20,6.01688E+21,8.80732E+15,5.42997E+16
1865,1.17043E+18,1,0,62,92,2017,4,16,1,3,8,1,0,0,0,1,0,0,0,5.87518E+20,5.9698E+21,1.0331E+16,5.38693E+16
1866,1.1704E+18,1,0,53,32,2017,4,17,3,3,0,1,1,0,0,0,0,0,0,5.91163E+20,5.92253E+21,1.03726E+16,5.34439E+16
1867,1.17042E+18,1,0,1,0,2017,4,13,2,3,5,2,1,1,0,0,0,0,1,5.27839E+20,6.07043E+21,9.43283E+15,5.47803E+16
1868,1.17051E+18,1,0,58,18,2017,5,6,5,3,9,1,0,1,0,0,0,0,1,5.65849E+20,6.00887E+21,1.001E+16,5.42236E+16
1869,1.17043E+18,1,0,53,32,2017,4,22,1,3,5,3,1,1,0,0,0,2,0,5.90568E+20,5.9224E+21,1.03636E+16,5.34428E+16
1870,1.1704E+18,1,0,62,91,2017,4,17,3,2,4,6,0,1,0,1,0,0,0,5.90773E+20,5.95383E+21,1.03758E+16,5.37252E+16
1871,1.17042E+18,1,0,61,18,2017,4,12,1,3,2,6,0,1,0,0,0,0,0,5.2264E+20,5.96767E+21,9.34421E+15,5.3857E+16
1872,1.1704E+18,1,0,62,4,2017,4,13,3,2,0,7,0,0,0,1,0,0,0,5.90975E+20,5.96321E+21,1.03816E+16,5.38094E+16
1873,1.17042E+18,1,0,60,63,2017,4,14,1,3,5,2,0,1,0,0,0,0,0,5.67752E+20,5.95141E+21,1.00264E+16,5.3707E+16
1874,1.1705E+18,1,0,60,68,2017,5,17,4,3,5,3,0,1,0,0,0,0,0,5.76451E+20,5.9859E+21,1.01668E+16,5.40157E+16
1875,1.1704E+18,1,0,62,22,2017,4,18,3,3,5,3,1,1,0,0,0,0,0,5.88725E+20,5.94132E+21,1.03412E+16,5.36132E+16
1876,1.1704E+18,1,0,3,0,2017,4,8,3,3,4,2,0,1,0,0,0,0,0,6.11631E+20,5.96972E+21,1.06975E+16,5.3864E+16
1877,1.17042E+18,1,0,60,36,2017,4,14,1,3,2,7,0,1,0,0,0,0,0,5.65716E+20,5.97308E+21,1.00002E+16,5.3902E+16
1878,1.1704E+18,1,0,3,0,2017,4,18,3,3,0,2,1,1,0,0,0,0,0,6.10367E+20,5.97146E+21,1.0679E+16,5.38798E+16
1879,1.17042E+18,1,0,60,73,2017,4,18,1,3,5,3,0,1,0,0,0,0,0,5.64385E+20,5.9705E+21,9.97941E+15,5.3879E+16
1880,1.1704E+18,1,0,3,0,2017,4,14,3,3,2,6,0,1,0,0,0,0,0,6.09196E+20,5.97126E+21,1.06611E+16,5.38783E+16
1881,1.1704E+18,1,0,55,42,2017,4,12,3,3,2,6,0,1,0,0,0,0,0,6.15786E+20,5.9851E+21,1.07665E+16,5.40012E+16
1882,1.1704E+18,1,0,55,28,2017,4,7,3,3,2,2,0,1,0,0,0,0,0,6.01764E+20,6.00719E+21,1.05601E+16,5.42026E+16
1883,1.1704E+18,1,0,55,43,2017,4,10,3,3,8,6,0,1,0,0,0,0,0,6.15911E+20,6.01784E+21,1.0781E+16,5.42953E+16
1884,1.17042E+18,1,0,62,90,2017,4,17,1,3,0,1,1,0,0,0,0,0,0,5.77479E+20,5.95003E+21,1.01734E+16,5.36932E+16
1885,1.17051E+18,1,0,53,118,2017,5,18,7,3,3,2,1,1,0,0,0,0,0,6.00567E+20,5.95676E+21,1.05251E+16,5.37497E+16
1886,1.1704E+18,1,0,55,2,2017,4,18,3,3,5,3,0,1,0,0,0,0,0,6.19095E+20,6.00066E+21,1.08231E+16,5.41403E+16
1887,1.1704E+18,1,0,58,70,2017,4,7,3,3,8,1,0,1,0,0,0,0,0,5.33446E+20,6.01005E+21,9.51316E+15,5.42374E+16
1888,1.17051E+18,1,0,57,52,2017,5,13,1,2,8,1,0,0,0,1,0,0,0,5.93511E+20,6.0131E+21,1.04355E+16,5.42573E+16
1889,1.1704E+18,1,0,58,24,2017,4,16,3,2,2,6,0,1,0,0,0,0,0,5.45262E+20,6.0201E+21,9.69596E+15,5.43267E+16
1890,1.17051E+18,1,0,62,83,2017,5,12,1,1,4,1,0,1,0,1,0,0,0,5.98828E+20,5.95806E+21,1.04992E+16,5.37617E+16
1891,1.1704E+18,1,0,58,9,2017,4,10,3,3,4,6,0,1,0,0,1,0,0,5.4627E+20,5.99257E+21,9.70722E+15,5.40792E+16
1892,1.17051E+18,1,0,59,183,2017,5,16,2,2,6,2,0,0,1,0,1,0,0,5.28191E+20,6.06663E+21,9.43794E+15,5.47461E+16
1893,1.17051E+18,1,0,3,0,2017,5,18,2,3,2,6,0,1,0,0,0,0,0,6.09597E+20,5.97119E+21,1.06672E+16,5.38776E+16
1894,1.1704E+18,1,0,58,124,2017,4,16,3,3,5,3,0,1,0,1,0,0,0,5.44302E+20,6.0157E+21,9.68056E+15,5.42873E+16
1895,1.17043E+18,1,0,54,168,2017,4,15,1,2,0,7,1,0,0,0,0,0,0,4.56424E+20,6.08435E+21,8.32039E+15,5.49042E+16
1896,1.17043E+18,1,0,51,138,2017,4,12,1,2,2,6,0,1,0,0,0,0,0,5.16861E+20,5.997E+21,9.25797E+15,5.41208E+16
1897,1.17043E+18,1,0,53,46,2017,4,11,1,1,6,7,0,1,1,0,0,0,0,6.19986E+20,5.9316E+21,1.08098E+16,5.35196E+16
1898,1.17051E+18,1,0,2,0,2017,5,14,4,3,2,6,0,1,0,0,0,0,0,5.75049E+20,6.01926E+21,1.01537E+16,5.43157E+16
1899,1.17051E+18,1,0,55,1,2017,5,6,4,3,8,1,0,1,0,0,0,0,1,6.02428E+20,5.9876E+21,1.05637E+16,5.40265E+16
1900,1.1705E+18,1,0,2,0,2017,5,10,4,3,2,6,0,1,0,0,0,0,0,5.72821E+20,6.02308E+21,1.01204E+16,5.43503E+16
1901,1.17042E+18,1,0,3,0,2017,4,14,1,3,2,6,0,1,0,0,0,0,0,6.11399E+20,5.97105E+21,1.06945E+16,5.3876E+16
1902,1.17042E+18,1,0,58,107,2017,4,17,1,3,5,2,0,1,0,0,0,0,0,5.70658E+20,6.01595E+21,1.00854E+16,5.42866E+16
1903,1.17042E+18,1,0,54,88,2017,4,0,1,2,2,6,0,1,0,0,0,2,1,4.90152E+20,6.07192E+21,8.84683E+15,5.47943E+16
1904,1.17042E+18,1,0,59,96,2017,4,13,1,3,1,7,0,1,0,0,0,0,1,5.19193E+20,6.02866E+21,9.29568E+15,5.44054E+16
1905,1.17042E+18,1,0,59,75,2017,4,21,1,3,7,7,0,1,0,0,0,2,0,5.36972E+20,6.04381E+21,9.57147E+15,5.45405E+16
1906,1.17042E+18,1,0,51,81,2017,4,16,1,2,8,7,0,1,0,0,0,0,0,5.03873E+20,6.00319E+21,9.05934E+15,5.41768E+16
1907,1.17042E+18,1,0,51,97,2017,4,12,7,3,5,3,0,1,0,0,0,0,0,5.08701E+20,5.98328E+21,9.13274E+15,5.39978E+16
1908,1.17042E+18,1,0,51,137,2017,4,5,7,3,2,6,0,1,0,0,0,2,1,5.01883E+20,5.99547E+21,9.02881E+15,5.41074E+16
1909,1.17042E+18,1,0,61,46,2017,4,14,7,3,2,6,0,1,0,0,0,0,1,5.33967E+20,5.97601E+21,9.51733E+15,5.39314E+16
1910,1.17042E+18,1,0,51,44,2017,4,18,7,3,2,6,0,1,0,0,0,0,0,5.05866E+20,6.00528E+21,9.08991E+15,5.41955E+16
1911,1.17042E+18,1,0,60,63,2017,4,11,7,3,0,7,1,0,0,0,0,0,0,5.64712E+20,5.94711E+21,9.97948E+15,5.36687E+16
1912,1.17042E+18,1,0,56,15,2017,4,21,7,3,5,3,0,1,0,0,0,2,0,5.42817E+20,5.95608E+21,9.64935E+15,5.37516E+16
1913,1.17042E+18,1,0,60,12,2017,4,14,7,2,0,7,0,1,0,0,1,0,1,5.80135E+20,5.99239E+21,1.02247E+16,5.40735E+16
1914,1.17042E+18,1,0,3,0,2017,4,3,7,3,7,7,1,0,0,0,0,2,0,6.15092E+20,5.97327E+21,1.07515E+16,5.38951E+16
1915,1.17042E+18,1,0,3,0,2017,4,9,7,3,2,6,0,1,0,0,0,0,0,6.09677E+20,5.97119E+21,1.06684E+16,5.38775E+16
1916,1.1704E+18,1,0,2,0,2017,4,16,3,3,2,6,0,1,0,0,0,0,0,5.72691E+20,6.0182E+21,1.01172E+16,5.43065E+16
1917,1.17042E+18,1,0,58,78,2017,4,15,7,3,3,2,0,1,0,0,1,0,0,5.33046E+20,6.02037E+21,9.50817E+15,5.43301E+16
1918,1.17042E+18,1,0,2,0,2017,4,12,7,3,5,2,0,1,0,0,0,0,1,5.68511E+20,6.02011E+21,1.00534E+16,5.43243E+16
1919,1.1704E+18,1,0,2,0,2017,4,6,3,2,5,2,1,1,0,0,0,1,0,5.73239E+20,6.01841E+21,1.01257E+16,5.43083E+16
1920,1.17042E+18,1,0,2,0,2017,4,21,7,2,9,1,0,1,0,0,0,1,0,5.73179E+20,6.01789E+21,1.01246E+16,5.43036E+16
1921,1.17042E+18,1,0,59,112,2017,4,10,7,2,5,3,0,1,0,1,0,0,0,5.57917E+20,6.06689E+21,9.89974E+15,5.47459E+16
1922,1.17043E+18,1,0,51,47,2017,4,20,7,1,9,1,0,1,0,0,0,0,0,5.0065E+20,6.01457E+21,9.00999E+15,5.42791E+16
1923,1.1704E+18,1,0,59,185,2017,4,7,3,2,6,4,0,0,1,0,1,0,0,5.38922E+20,6.06076E+21,9.60385E+15,5.46926E+16
1924,1.17042E+18,1,0,54,56,2017,4,10,7,3,8,1,0,0,0,1,0,0,1,5.028E+20,6.03755E+21,9.04323E+15,5.44856E+16
1925,1.17042E+18,1,0,54,36,2017,4,4,7,3,6,4,0,1,1,0,0,2,1,4.85153E+20,6.02001E+21,8.77171E+15,5.43278E+16
1926,1.17043E+18,1,0,51,62,2017,4,10,7,2,8,1,0,0,0,1,0,0,0,4.98599E+20,5.9758E+21,8.97866E+15,5.39306E+16
1927,1.1704E+18,1,0,54,168,2017,4,16,3,3,4,6,1,0,0,0,0,0,0,4.58769E+20,6.08577E+21,8.35677E+15,5.49173E+16
1928,1.17042E+18,1,0,62,71,2017,4,5,7,3,9,7,0,1,0,0,0,1,0,5.81208E+20,5.93973E+21,1.02272E+16,5.36001E+16
1929,1.1704E+18,1,0,54,168,2017,4,7,3,3,5,3,0,1,0,0,0,0,0,4.56585E+20,6.08574E+21,8.3227E+15,5.49168E+16
1930,1.17042E+18,1,0,60,44,2017,4,7,7,3,2,6,0,1,0,0,0,0,1,5.61199E+20,5.96634E+21,9.93012E+15,5.38419E+16
1931,1.1704E+18,1,0,54,56,2017,4,15,3,3,2,2,0,1,0,0,0,0,0,5.04218E+20,6.03659E+21,9.06509E+15,5.44769E+16
1932,1.1704E+18,1,0,59,113,2017,4,14,3,3,5,3,0,1,0,0,0,0,0,5.34956E+20,6.07594E+21,9.54415E+15,5.48294E+16
1933,1.17042E+18,1,0,4,0,2017,4,15,7,3,2,6,0,1,0,0,0,0,1,5.60917E+20,5.99427E+21,9.93142E+15,5.4093E+16
1934,1.1704E+18,1,0,54,24,2017,4,12,3,3,5,2,0,1,0,0,1,0,0,5.03824E+20,6.05091E+21,9.0592E+15,5.46056E+16
1935,1.17042E+18,1,0,61,46,2017,4,17,6,3,6,7,0,1,1,0,0,0,0,5.34707E+20,5.97518E+21,9.52852E+15,5.39238E+16
1936,1.1704E+18,1,0,61,95,2017,4,13,2,3,5,3,0,1,0,0,0,0,0,5.16845E+20,5.9715E+21,9.25632E+15,5.38917E+16
1937,1.1704E+18,1,0,56,48,2017,4,8,2,3,5,3,0,1,0,0,0,0,0,5.47874E+20,5.95055E+21,9.72518E+15,5.37015E+16
1938,1.17042E+18,1,0,51,6,2017,4,18,6,2,5,2,0,1,0,0,1,0,0,5.02271E+20,5.9859E+21,9.03466E+15,5.40214E+16
1939,1.1704E+18,1,0,60,39,2017,4,17,2,3,2,6,0,1,0,0,0,0,0,5.64422E+20,5.95944E+21,9.97766E+15,5.37796E+16
1940,1.1704E+18,1,0,56,49,2017,4,11,2,3,5,3,1,1,0,0,0,0,0,5.44476E+20,5.94815E+21,9.67336E+15,5.36802E+16
1941,1.17042E+18,1,0,60,4,2017,4,15,6,3,5,2,0,1,0,0,0,0,0,5.58122E+20,5.97455E+21,9.88492E+15,5.39161E+16
1942,1.17051E+18,1,0,56,15,2017,5,11,6,3,5,3,0,1,0,0,0,0,1,5.45632E+20,5.95574E+21,9.69199E+15,5.37483E+16
1943,1.17042E+18,1,0,56,15,2017,4,21,6,3,5,3,0,1,0,0,0,2,1,5.43384E+20,5.95582E+21,9.65791E+15,5.37492E+16
1944,1.1704E+18,1,0,56,50,2017,4,13,2,3,2,6,0,1,0,0,0,0,0,5.46477E+20,5.93721E+21,9.70202E+15,5.35817E+16
1945,1.1704E+18,1,0,62,4,2017,4,7,2,2,5,2,1,1,0,0,0,0,0,5.90172E+20,5.96309E+21,1.03694E+16,5.38086E+16
1946,1.17042E+18,1,0,53,41,2017,4,16,6,3,1,5,0,1,0,0,1,0,0,6.15255E+20,5.96307E+21,1.07501E+16,5.38034E+16
1947,1.17051E+18,1,0,58,135,2017,5,19,7,3,0,1,1,0,0,0,0,0,0,5.4215E+20,6.01824E+21,9.64785E+15,5.43103E+16
1948,1.1704E+18,1,0,55,42,2017,4,23,2,3,1,6,0,1,0,0,1,2,0,6.16677E+20,5.98409E+21,1.07797E+16,5.39919E+16
1949,1.17042E+18,1,0,62,9,2017,4,8,6,3,2,6,0,1,0,0,0,0,0,5.79501E+20,5.93682E+21,1.02006E+16,5.35742E+16