OBJECTID,UIDENTSTLA,ULAND,UREGBEZ,UKREIS,UGEMEINDE,UJAHR,UMONAT,USTUNDE,UWOCHENTAG,UKATEGORIE,UART,UTYP1,IstRad,IstPKW,IstFuss,IstKrad,IstSonstig,LICHT,STRZUSTAND,LINREFX,LINREFY,XGCSWGS84,YGCSWGS84
1950,1.17051E+18,1,0,51,49,2017,5,17,7,3,2,6,0,1,0,0,0,0,0,5.09945E+20,6.01549E+21,9.15276E+15,5.42872E+16
1951,1.1704E+18,1,0,3,0,2017,4,17,2,3,5,2,1,1,0,0,0,0,0,6.0942E+20,5.97094E+21,1.06644E+16,5.38754E+16
1952,1.17051E+18,1,0,3,0,2017,5,15,1,3,4,2,1,1,1,0,0,0,0,6.12795E+20,5.96975E+21,1.07152E+16,5.3864E+16
1953,1.17051E+18,1,0,60,30,2017,5,17,1,2,8,1,0,0,0,1,0,0,0,5.8579E+20,5.98196E+21,1.03081E+16,5.39789E+16
1954,1.17043E+18,1,0,61,105,2017,4,15,7,3,2,6,0,1,0,0,0,0,1,5.23367E+20,5.98274E+21,9.35642E+15,5.39925E+16
1955,1.17043E+18,1,0,61,81,2017,4,14,7,3,5,3,1,1,0,0,0,0,0,5.3436E+20,5.98947E+21,9.52485E+15,5.40523E+16
1956,1.17051E+18,1,0,56,39,2017,5,8,3,3,4,6,1,0,0,0,0,0,1,5.53239E+20,5.94354E+21,9.80523E+15,5.3638E+16
1957,1.17051E+18,1,0,58,105,2017,5,7,4,3,7,6,0,1,0,0,1,0,1,5.68841E+20,6.01818E+21,1.0058E+16,5.43069E+16
1958,1.17051E+18,1,0,4,0,2017,5,13,4,3,5,3,1,1,0,0,0,0,1,5.65365E+20,5.99114E+21,9.99875E+15,5.40643E+16
1959,1.1705E+18,1,0,59,159,2017,5,13,4,3,5,3,1,1,0,0,0,0,0,5.29515E+20,6.05472E+21,9.45731E+15,5.4639E+16
1960,1.17042E+18,1,0,55,42,2017,4,12,6,3,2,2,0,1,1,0,0,0,0,6.16744E+20,5.98406E+21,1.07807E+16,5.39917E+16
1961,1.17042E+18,1,0,3,0,2017,4,15,6,3,5,3,1,1,0,0,0,0,0,6.09176E+20,5.96833E+21,1.06597E+16,5.3852E+16
1962,1.17042E+18,1,0,58,58,2017,4,11,6,2,6,4,0,1,1,0,0,0,0,5.632E+20,6.0293E+21,9.97371E+15,5.44075E+16
1963,1.17051E+18,1,0,62,69,2017,5,7,3,3,3,6,0,1,0,0,1,0,0,5.8327E+20,5.94382E+21,1.02594E+16,5.36365E+16
1964,1.1704E+18,1,0,3,0,2017,4,17,2,3,9,6,1,0,0,0,0,0,0,6.11212E+20,5.96917E+21,1.0691E+16,5.38591E+16
1965,1.17043E+18,1,0,60,54,2017,4,9,7,3,5,2,0,1,0,1,0,0,1,5.58432E+20,5.96912E+21,9.8886E+15,5.38673E+16
1966,1.17043E+18,1,0,56,39,2017,4,14,7,3,5,2,1,1,0,0,0,0,1,5.52989E+20,5.94611E+21,9.80188E+15,5.36611E+16
1967,1.17043E+18,1,0,53,12,2017,4,19,7,2,2,2,0,1,0,0,0,0,0,5.84712E+20,5.92749E+21,1.02768E+16,5.34895E+16
1968,1.17043E+18,1,0,55,35,2017,4,12,7,3,2,6,0,1,0,0,0,0,1,6.12498E+20,5.98227E+21,1.07153E+16,5.39765E+16
1969,1.17042E+18,1,0,58,24,2017,4,15,6,3,5,2,0,1,0,0,0,0,0,5.45279E+20,6.02101E+21,9.69637E+15,5.43349E+16
1970,1.17042E+18,1,0,4,0,2017,4,19,6,3,5,3,1,1,0,0,0,0,1,5.64334E+20,5.99255E+21,9.98328E+15,5.40771E+16
1971,1.17042E+18,1,0,57,81,2017,4,16,6,3,2,6,0,1,0,0,0,0,0,5.87866E+20,6.02278E+21,1.03517E+16,5.43453E+16
1972,1.17042E+18,1,0,2,0,2017,4,17,6,3,2,6,0,1,0,0,0,0,0,5.74874E+20,6.0185E+21,1.01508E+16,5.43089E+16
1973,1.17042E+18,1,0,54,76,2017,4,7,6,3,0,7,1,0,0,0,0,0,1,4.98744E+20,6.06941E+21,8.98047E+15,5.47719E+16
1974,1.17042E+18,1,0,3,0,2017,4,0,6,3,3,6,0,1,0,0,1,2,0,6.16579E+20,5.97496E+21,1.07747E+16,5.39099E+16
1975,1.17042E+18,1,0,61,92,2017,4,9,5,2,5,2,0,1,0,0,1,0,0,5.38628E+20,5.97012E+21,9.58758E+15,5.38781E+16
1976,1.17042E+18,1,0,61,46,2017,4,10,5,3,1,6,0,1,0,0,0,0,0,5.33602E+20,5.97563E+21,9.51174E+15,5.3928E+16
1977,1.17042E+18,1,0,60,44,2017,4,14,5,3,5,3,0,1,0,0,1,0,0,5.64129E+20,5.9638E+21,9.97412E+15,5.38188E+16
1978,1.17042E+18,1,0,60,2,2017,4,13,5,3,2,6,0,1,0,0,0,0,0,5.60404E+20,5.96094E+21,9.91699E+15,5.37935E+16
1979,1.17043E+18,1,0,3,0,2017,4,12,7,3,2,6,0,1,0,0,0,0,0,6.09078E+20,5.96724E+21,1.06579E+16,5.38422E+16
1980,1.17042E+18,1,0,60,5,2017,4,18,5,3,5,3,0,1,0,0,0,0,0,5.86589E+20,5.97636E+21,1.03187E+16,5.39284E+16
1981,1.1704E+18,1,0,3,0,2017,4,15,2,3,5,3,0,1,0,0,0,0,0,6.0946E+20,5.96759E+21,1.06638E+16,5.38453E+16
1982,1.17042E+18,1,0,60,63,2017,4,10,5,3,5,3,0,1,0,0,0,0,0,5.65319E+20,5.94793E+21,9.98884E+15,5.3676E+16
1983,1.1704E+18,1,0,55,27,2017,4,17,2,3,0,3,0,1,0,1,0,0,0,6.22488E+20,6.00805E+21,1.0878E+16,5.42058E+16
1984,1.1704E+18,1,0,3,0,2017,4,11,2,3,2,6,0,1,0,0,0,0,0,6.11169E+20,5.97133E+21,1.06911E+16,5.38785E+16
1985,1.17042E+18,1,0,56,3,2017,4,11,5,3,4,6,1,0,0,0,0,0,0,5.51125E+20,5.95632E+21,9.77536E+15,5.3753E+16
1986,1.17051E+18,1,0,62,18,2017,5,17,5,3,6,4,0,0,1,1,0,0,0,5.80676E+20,5.93338E+21,1.02175E+16,5.35432E+16
1987,1.1704E+18,1,0,58,76,2017,4,19,2,2,5,2,0,0,0,1,1,0,0,5.64388E+20,6.00309E+21,9.98637E+15,5.41718E+16
1988,1.17042E+18,1,0,62,89,2017,4,6,5,3,0,1,0,0,0,1,0,0,0,5.8826E+20,5.95591E+21,1.03383E+16,5.37443E+16
1989,1.17051E+18,1,0,59,171,2017,5,16,6,3,5,3,1,1,0,0,0,0,0,5.25407E+20,6.05666E+21,9.39382E+15,5.46567E+16
1990,1.1704E+18,1,0,2,0,2017,4,15,2,3,5,2,1,1,0,0,0,0,0,5.73539E+20,6.01914E+21,1.01305E+16,5.43148E+16
1991,1.1704E+18,1,0,57,78,2017,4,11,2,3,5,3,0,1,0,0,0,0,0,5.92287E+20,6.02838E+21,1.04214E+16,5.43948E+16
1992,1.17042E+18,1,0,62,4,2017,4,12,5,3,5,3,1,1,0,0,0,0,0,5.90706E+20,5.96349E+21,1.03776E+16,5.3812E+16
1993,1.1704E+18,1,0,2,0,2017,4,7,2,2,5,2,0,1,0,0,0,0,0,5.73696E+20,6.02154E+21,1.01335E+16,5.43364E+16
1994,1.1704E+18,1,0,2,0,2017,4,16,2,3,3,6,0,1,0,1,0,0,0,5.73951E+20,6.01785E+21,1.01365E+16,5.43032E+16
1995,1.17042E+18,1,0,55,43,2017,4,13,5,3,2,6,0,1,0,0,0,0,0,6.16937E+20,6.01725E+21,1.07965E+16,5.42897E+16
1996,1.17051E+18,1,0,55,35,2017,5,11,6,3,2,2,0,1,0,0,0,0,1,6.1397E+20,5.97566E+21,1.07353E+16,5.39168E+16
1997,1.17042E+18,1,0,55,46,2017,4,15,5,3,2,6,0,1,0,0,0,0,0,6.41035E+20,6.03513E+21,1.1175E+16,5.44442E+16
1998,1.1704E+18,1,0,59,19,2017,4,7,2,3,4,6,0,1,0,0,0,0,0,5.32336E+20,6.03681E+21,9.49904E+15,5.44779E+16
1999,1.1704E+18,1,0,1,0,2017,4,16,2,3,0,1,1,0,0,0,0,0,0,5.29154E+20,6.07332E+21,9.45357E+15,5.48062E+16
2000,1.17042E+18,1,0,55,21,2017,4,9,5,2,5,3,1,1,0,0,0,0,0,6.28879E+20,6.0268E+21,1.0984E+16,5.43726E+16
2001,1.17051E+18,1,0,62,20,2017,5,14,6,3,8,1,0,1,0,0,0,0,1,5.89654E+20,5.93834E+21,1.03544E+16,5.35862E+16
2002,1.17042E+18,1,0,3,0,2017,4,14,5,3,6,4,1,0,1,0,0,0,0,6.10522E+20,5.96887E+21,1.06804E+16,5.38566E+16
2003,1.1704E+18,1,0,54,88,2017,4,16,2,2,5,3,1,1,0,0,0,0,0,4.88233E+20,6.06986E+21,8.81707E+15,5.47758E+16
2004,1.17042E+18,1,0,58,24,2017,4,7,5,3,8,1,0,1,0,0,0,0,0,5.46565E+20,6.02179E+21,9.71626E+15,5.43418E+16
2005,1.17051E+18,1,0,54,149,2017,5,1,7,3,8,1,0,1,0,0,0,2,0,4.57236E+20,6.08832E+21,8.33247E+15,5.494E+16
2006,1.1704E+18,1,0,54,93,2017,4,11,2,3,5,3,0,1,0,0,1,0,0,4.91468E+20,6.05624E+21,8.86776E+15,5.46535E+16
2007,1.17042E+18,1,0,4,0,2017,4,15,5,3,0,1,1,0,0,0,0,0,0,5.62986E+20,5.99104E+21,9.96237E+15,5.40637E+16
2008,1.17051E+18,1,0,60,31,2017,5,14,7,2,5,2,0,1,0,1,0,0,0,5.5638E+20,5.97789E+21,9.85902E+15,5.39463E+16
2009,1.17051E+18,1,0,57,56,2017,5,20,1,3,0,7,0,1,0,0,0,0,0,5.858E+20,6.02535E+21,1.03207E+16,5.43687E+16
2010,1.1704E+18,1,0,56,48,2017,4,7,2,3,2,6,0,1,0,0,0,0,0,5.50913E+20,5.95103E+21,9.77128E+15,5.37054E+16
2011,1.17051E+18,1,0,2,0,2017,5,19,3,3,2,6,0,1,0,0,0,0,0,5.70862E+20,6.02345E+21,1.00903E+16,5.43539E+16
2012,1.1704E+18,1,0,61,119,2017,4,13,1,2,8,1,0,0,0,1,0,0,0,5.20961E+20,5.97822E+21,9.31941E+15,5.39519E+16
2013,1.17051E+18,1,0,53,3,2017,5,16,3,3,5,2,0,1,0,0,0,0,0,5.89915E+20,5.93029E+21,1.0356E+16,5.35138E+16
2014,1.1704E+18,1,0,51,52,2017,4,12,1,3,8,1,0,1,0,0,0,0,0,5.19299E+20,6.01013E+21,9.29611E+15,5.42388E+16
2015,1.17051E+18,1,0,51,21,2017,5,7,3,2,5,3,1,1,0,0,0,0,0,5.00844E+20,5.97725E+21,9.01286E+15,5.39437E+16
2016,1.1704E+18,1,0,61,83,2017,4,14,1,3,2,6,0,1,0,0,0,0,0,5.32468E+20,5.98017E+21,9.49496E+15,5.39689E+16
2017,1.1704E+18,1,0,56,2,2017,4,15,1,2,0,1,1,0,0,0,0,0,0,5.507E+20,5.95961E+21,9.76946E+15,5.37826E+16
2018,1.17042E+18,1,0,58,9,2017,4,3,5,2,4,6,0,1,0,0,0,2,0,5.50176E+20,5.99132E+21,9.76672E+15,5.40677E+16
2019,1.1704E+18,1,0,60,63,2017,4,14,1,3,2,6,0,1,0,0,0,0,0,5.67555E+20,5.94901E+21,1.00229E+16,5.36854E+16
2020,1.1704E+18,1,0,56,43,2017,4,16,1,3,2,6,0,1,0,0,0,0,0,5.54014E+20,5.94552E+21,9.81729E+15,5.36557E+16
2021,1.17042E+18,1,0,58,30,2017,4,8,5,2,5,3,1,0,0,0,1,0,0,5.41937E+20,6.03249E+21,9.6466E+15,5.44384E+16
2022,1.1704E+18,1,0,56,48,2017,4,9,1,3,3,6,0,1,0,0,0,0,0,5.50026E+20,5.95245E+21,9.75807E+15,5.37183E+16
2023,1.1704E+18,1,0,60,84,2017,4,15,1,3,5,3,0,1,0,1,0,0,0,5.73566E+20,5.96763E+21,1.01183E+16,5.38519E+16
2024,1.17042E+18,1,0,2,0,2017,4,7,5,3,5,2,1,1,0,0,0,0,0,5.72967E+20,6.01996E+21,1.01219E+16,5.43222E+16
2025,1.17051E+18,1,0,54,96,2017,5,10,7,3,3,6,0,1,0,0,1,0,0,5.10596E+20,6.03487E+21,9.16347E+15,5.44613E+16
2026,1.1704E+18,1,0,53,32,2017,4,19,1,2,5,2,1,1,0,0,0,1,0,5.92038E+20,5.92165E+21,1.03855E+16,5.34358E+16
2027,1.1704E+18,1,0,53,77,2017,4,13,1,3,8,1,0,0,0,1,0,0,0,6.06715E+20,5.9494E+21,1.06158E+16,5.36824E+16
2028,1.17042E+18,1,0,2,0,2017,4,8,5,3,2,6,0,1,0,0,0,0,0,5.76091E+20,6.01718E+21,1.01692E+16,5.42969E+16
2029,1.17051E+18,1,0,60,2,2017,5,12,7,3,2,6,1,0,0,0,0,0,0,5.60356E+20,5.96177E+21,9.91641E+15,5.3801E+16
2030,1.1704E+18,1,0,3,0,2017,4,17,1,3,5,2,1,1,0,0,0,0,0,6.18451E+20,5.97445E+21,1.0803E+16,5.3905E+16
2031,1.17051E+18,1,0,4,0,2017,5,14,1,3,0,7,1,0,0,0,0,0,0,5.63709E+20,5.99187E+21,9.9736E+15,5.40711E+16
2032,1.1704E+18,1,0,58,71,2017,4,0,1,3,8,1,0,1,0,0,0,2,1,5.41409E+20,6.00365E+21,9.63445E+15,5.41793E+16
2033,1.17051E+18,1,0,53,97,2017,5,14,1,3,5,2,0,0,0,1,1,0,0,6.07764E+20,5.94785E+21,1.06311E+16,5.36683E+16
2034,1.1704E+18,1,0,4,0,2017,4,21,1,3,1,5,1,1,0,0,0,0,0,5.64109E+20,5.99198E+21,9.97974E+15,5.40721E+16
2035,1.17051E+18,1,0,2,0,2017,5,8,2,3,3,2,0,1,0,0,1,0,0,5.71162E+20,6.02387E+21,1.00951E+16,5.43577E+16
2036,1.17043E+18,1,0,58,107,2017,4,21,7,3,0,1,0,1,0,1,0,2,0,5.68882E+20,6.01242E+21,1.00573E+16,5.42551E+16
2037,1.17043E+18,1,0,2,0,2017,4,12,7,3,5,3,0,1,0,0,0,0,1,5.74204E+20,6.02691E+21,1.01426E+16,5.43845E+16
2038,1.17051E+18,1,0,2,0,2017,5,15,4,3,2,6,0,1,0,0,0,0,1,5.72906E+20,6.02442E+21,1.0122E+16,5.43623E+16
2039,1.17051E+18,1,0,55,28,2017,5,8,4,3,3,2,0,1,0,1,0,0,1,6.0353E+20,6.00264E+21,1.05856E+16,5.41614E+16
2040,1.1705E+18,1,0,51,69,2017,5,20,3,3,1,5,0,1,0,0,1,0,1,5.05146E+20,6.00508E+21,9.07888E+15,5.41937E+16
2041,1.1705E+18,1,0,58,169,2017,5,19,4,2,8,1,0,0,0,1,0,0,0,5.58461E+20,5.99102E+21,9.89325E+15,5.40641E+16
2042,1.17042E+18,1,0,57,91,2017,4,20,5,2,2,6,0,1,0,0,1,0,0,5.80063E+20,6.01622E+21,1.02299E+16,5.42877E+16
2043,1.17042E+18,1,0,2,0,2017,4,11,5,3,5,2,0,1,0,0,1,0,0,5.72285E+20,6.02121E+21,1.01117E+16,5.43336E+16
2044,1.17042E+18,1,0,57,57,2017,4,15,5,3,5,3,1,1,0,0,0,0,0,5.9408E+20,6.00195E+21,1.04407E+16,5.4157E+16
2045,1.17042E+18,1,0,57,43,2017,4,10,5,3,2,6,0,1,0,0,0,0,0,5.80232E+20,6.02841E+21,1.02358E+16,5.43971E+16
2046,1.17042E+18,1,0,54,131,2017,4,17,5,3,5,3,0,1,0,0,1,0,0,4.94131E+20,6.08217E+21,8.90851E+15,5.48865E+16
2047,1.17042E+18,1,0,54,168,2017,4,13,5,3,5,2,1,1,0,0,0,0,0,4.55751E+20,6.08434E+21,8.30991E+15,5.49041E+16
2048,1.17042E+18,1,0,62,9,2017,4,13,5,3,3,6,0,1,0,0,1,0,0,5.77881E+20,5.93544E+21,1.01758E+16,5.3562E+16
2049,1.17042E+18,1,0,51,44,2017,4,11,4,3,9,1,0,0,0,1,0,0,0,5.09262E+20,6.00547E+21,9.14196E+15,5.41972E+16
2050,1.17042E+18,1,0,56,48,2017,4,14,4,3,6,3,0,1,1,0,0,0,0,5.47171E+20,5.94983E+21,9.71442E+15,5.36951E+16
2051,1.17042E+18,1,0,56,15,2017,4,7,4,3,5,3,0,1,0,0,1,0,0,5.44266E+20,5.95621E+21,9.67133E+15,5.37526E+16
2052,1.17042E+18,1,0,53,32,2017,4,17,4,3,0,7,1,0,1,0,0,0,0,5.95468E+20,5.91969E+21,1.04365E+16,5.34176E+16
2053,1.17042E+18,1,0,53,32,2017,4,8,4,3,0,2,1,1,0,0,0,0,0,5.91128E+20,5.92245E+21,1.0372E+16,5.34432E+16
2054,1.1704E+18,1,0,58,53,2017,4,4,1,3,9,1,0,1,0,0,0,2,1,5.70112E+20,6.01054E+21,1.00758E+16,5.4238E+16
2055,1.17042E+18,1,0,62,6,2017,4,7,4,3,5,3,0,1,0,0,0,0,0,5.84131E+20,5.95446E+21,1.02753E+16,5.3732E+16
2056,1.17051E+18,1,0,54,76,2017,5,7,5,2,8,7,0,1,0,0,0,0,0,4.9547E+20,6.06953E+21,8.92958E+15,5.4773E+16
2057,1.1704E+18,1,0,2,0,2017,4,11,1,3,3,6,0,1,0,1,0,0,0,5.72821E+20,6.02044E+21,1.01197E+16,5.43267E+16
2058,1.17042E+18,1,0,53,32,2017,4,17,4,3,3,6,0,1,0,0,0,0,0,5.9157E+20,5.92165E+21,1.03784E+16,5.34359E+16
2059,1.17051E+18,1,0,3,0,2017,5,14,5,3,3,6,0,1,0,1,0,0,0,6.12076E+20,5.97189E+21,1.07051E+16,5.38834E+16
2060,1.1704E+18,1,0,2,0,2017,4,9,1,3,9,1,0,1,0,0,0,0,0,5.7196E+20,6.02163E+21,1.01068E+16,5.43375E+16
2061,1.1704E+18,1,0,2,0,2017,4,16,1,3,4,2,0,1,0,0,0,0,0,5.70235E+20,6.02402E+21,1.00808E+16,5.43592E+16
2062,1.17042E+18,1,0,62,76,2017,4,7,4,3,2,6,0,1,0,0,0,0,0,5.72581E+20,5.95383E+21,1.01001E+16,5.37281E+16
2063,1.17051E+18,1,0,61,54,2017,5,14,5,2,5,3,0,1,0,1,0,0,0,5.31398E+20,5.96495E+21,9.47709E+15,5.38321E+16
2064,1.1704E+18,1,0,54,75,2017,4,10,1,2,2,6,0,1,0,0,0,0,0,4.96032E+20,6.05952E+21,8.93846E+15,5.4683E+16
2065,1.1704E+18,1,0,54,109,2017,4,13,1,3,0,1,1,0,0,0,0,0,0,4.91486E+20,6.06778E+21,8.8677E+15,5.47572E+16
2066,1.17042E+18,1,0,3,0,2017,4,5,4,3,0,1,0,0,0,1,0,1,1,6.11895E+20,5.96846E+21,1.07011E+16,5.38525E+16
2067,1.1705E+18,1,0,4,0,2017,5,16,5,3,4,6,1,0,0,0,0,0,0,5.63685E+20,5.99184E+21,9.97322E+15,5.40708E+16
2068,1.17042E+18,1,0,3,0,2017,4,11,4,3,2,6,0,1,0,0,0,0,0,6.10556E+20,5.96741E+21,1.06804E+16,5.38434E+16
2069,1.1704E+18,1,0,59,24,2017,4,21,1,2,8,7,0,1,0,0,0,2,0,5.24152E+20,6.01849E+21,9.37125E+15,5.43137E+16
2070,1.1704E+18,1,0,56,48,2017,4,8,1,3,9,1,0,1,0,0,0,0,0,5.50552E+20,5.95158E+21,9.76591E+15,5.37104E+16
2071,1.17042E+18,1,0,3,0,2017,4,10,4,3,6,4,1,0,1,0,0,0,0,6.13223E+20,5.9697E+21,1.07217E+16,5.38634E+16
2072,1.17051E+18,1,0,1,0,2017,5,15,6,3,0,1,1,0,0,0,0,0,1,5.27876E+20,6.07186E+21,9.43355E+15,5.47932E+16
2073,1.17042E+18,1,0,3,0,2017,4,15,4,3,2,6,0,1,0,0,1,0,0,6.10361E+20,5.9697E+21,1.06782E+16,5.3864E+16
2074,1.1704E+18,1,0,60,70,2017,4,19,1,3,8,7,0,1,0,0,0,0,0,5.83627E+20,5.97881E+21,1.02743E+16,5.39509E+16
2075,1.17042E+18,1,0,58,71,2017,4,15,4,3,4,7,0,1,0,0,1,0,0,5.41834E+20,6.00485E+21,9.64113E+15,5.419E+16
2076,1.17051E+18,1,0,62,53,2017,5,17,6,3,2,6,0,1,0,0,1,0,1,5.77512E+20,5.93299E+21,1.01697E+16,5.35401E+16
2077,1.1704E+18,1,0,61,84,2017,4,7,7,3,5,3,0,1,0,0,1,0,1,5.39541E+20,5.9874E+21,9.60371E+15,5.40334E+16
2078,1.17042E+18,1,0,58,34,2017,4,22,4,2,5,3,0,1,0,0,0,2,0,5.43167E+20,6.01822E+21,9.66349E+15,5.431E+16
2079,1.17051E+18,1,0,56,36,2017,5,13,6,3,4,6,1,0,0,0,0,0,0,5.44512E+20,5.94713E+21,9.67377E+15,5.3671E+16
2080,1.17042E+18,1,0,57,9,2017,4,5,4,3,2,6,0,1,0,0,0,1,2,5.95963E+20,6.00028E+21,1.0469E+16,5.41416E+16
2081,1.17051E+18,1,0,58,15,2017,5,22,7,3,5,3,0,1,0,0,0,2,0,5.34902E+20,5.9956E+21,9.53382E+15,5.41074E+16
2082,1.17042E+18,1,0,57,9,2017,4,5,4,3,8,1,0,1,0,0,0,1,2,5.95963E+20,6.00028E+21,1.0469E+16,5.41417E+16
2083,1.17042E+18,1,0,2,0,2017,4,6,4,3,9,1,0,1,0,0,0,0,2,5.72861E+20,6.02511E+21,1.01215E+16,5.43686E+16
2084,1.17043E+18,1,0,2,0,2017,4,1,7,3,9,7,0,1,0,0,0,2,1,5.74041E+20,6.01832E+21,1.0138E+16,5.43074E+16
2085,1.1704E+18,1,0,61,46,2017,4,11,7,3,2,6,0,1,0,0,0,0,0,5.34397E+20,5.976E+21,9.5239E+15,5.39313E+16
2086,1.17042E+18,1,0,2,0,2017,4,6,4,3,8,1,0,1,0,0,0,1,2,5.72873E+20,6.02516E+21,1.01217E+16,5.4369E+16
2087,1.17043E+18,1,0,2,0,2017,4,13,7,3,5,2,1,0,0,0,1,0,0,5.73821E+20,6.01948E+21,1.01349E+16,5.43178E+16
2088,1.1704E+18,1,0,51,139,2017,4,16,7,3,5,2,0,1,0,0,0,0,0,5.197E+20,6.00525E+21,9.30195E+15,5.41949E+16
2089,1.17042E+18,1,0,2,0,2017,4,17,4,3,5,3,0,1,0,1,0,0,0,5.70162E+20,6.0196E+21,1.00787E+16,5.43194E+16
2090,1.17042E+18,1,0,2,0,2017,4,13,4,3,2,6,0,1,0,0,0,0,0,5.74888E+20,6.01334E+21,1.01497E+16,5.42625E+16
2091,1.1704E+18,1,0,61,88,2017,4,4,7,3,8,1,0,1,0,0,0,2,1,5.51704E+20,5.97914E+21,9.78799E+15,5.39581E+16
2092,1.17042E+18,1,0,2,0,2017,4,16,4,3,5,2,1,1,0,0,0,0,0,5.71764E+20,6.01789E+21,1.01029E+16,5.43039E+16
2093,1.17051E+18,1,0,51,78,2017,5,6,5,3,5,3,0,1,0,1,0,0,0,5.07763E+20,5.99322E+21,9.11868E+15,5.40871E+16
2094,1.1704E+18,1,0,51,44,2017,4,13,7,3,5,3,0,1,0,1,0,0,0,5.0587E+20,6.00476E+21,9.08996E+15,5.41908E+16
2095,1.17042E+18,1,0,1,0,2017,4,12,4,3,5,2,1,1,0,0,0,0,0,5.28004E+20,6.06833E+21,9.43519E+15,5.47614E+16
2096,1.1704E+18,1,0,61,46,2017,4,17,7,3,2,6,0,1,0,0,0,0,0,5.32331E+20,5.97883E+21,9.49271E+15,5.39568E+16
2097,1.1704E+18,1,0,60,72,2017,4,13,7,3,5,3,1,1,0,0,0,0,0,5.83115E+20,5.99325E+21,1.02705E+16,5.40807E+16
2098,1.17042E+18,1,0,56,46,2017,4,5,4,3,2,6,0,1,0,0,0,1,0,5.48076E+20,5.95353E+21,9.7287E+15,5.37282E+16
2099,1.1704E+18,1,0,56,39,2017,4,14,7,3,2,6,0,1,0,0,0,0,0,5.51197E+20,5.94467E+21,9.77454E+15,5.36483E+16
2100,1.1704E+18,1,0,60,63,2017,4,15,7,3,4,2,0,1,0,0,0,0,0,5.68058E+20,5.94918E+21,1.00306E+16,5.36869E+16
2101,1.17042E+18,1,0,51,44,2017,4,16,3,3,2,6,0,1,0,0,0,0,0,5.05849E+20,6.00528E+21,9.08965E+15,5.41955E+16
2102,1.17051E+18,1,0,62,9,2017,5,14,6,2,0,1,0,0,0,1,0,0,1,5.80248E+20,5.93566E+21,1.02116E+16,5.35637E+16
2103,1.17042E+18,1,0,60,4,2017,4,15,3,2,4,6,0,1,0,0,0,0,0,5.60074E+20,5.97337E+21,9.9144E+15,5.39052E+16
2104,1.1704E+18,1,0,60,4,2017,4,21,7,3,1,6,0,1,0,0,0,2,0,5.61442E+20,5.97329E+21,9.93521E+15,5.39044E+16
2105,1.1704E+18,1,0,60,67,2017,4,13,7,3,8,1,0,0,0,1,0,0,0,6.00805E+20,5.97719E+21,1.05354E+16,5.39332E+16
2106,1.17042E+18,1,0,56,39,2017,4,8,3,3,6,2,0,1,1,0,0,0,1,5.52341E+20,5.94504E+21,9.7919E+15,5.36515E+16
2107,1.17051E+18,1,0,60,31,2017,5,16,6,3,3,6,0,1,0,0,1,0,1,5.56709E+20,5.97748E+21,9.86395E+15,5.39426E+16
2108,1.1704E+18,1,0,62,4,2017,4,10,7,3,5,2,0,1,0,0,0,0,0,5.89597E+20,5.96252E+21,1.03605E+16,5.38035E+16
2109,1.17042E+18,1,0,53,129,2017,4,16,3,3,5,3,0,1,0,0,0,0,0,5.83396E+20,5.92728E+21,1.02569E+16,5.34879E+16
2110,1.17051E+18,1,0,3,0,2017,5,16,7,2,5,2,0,1,0,1,0,0,0,6.06854E+20,5.96278E+21,1.06225E+16,5.38026E+16
2111,1.1704E+18,1,0,53,83,2017,4,14,7,3,0,3,0,1,0,1,0,0,0,6.02588E+20,5.91617E+21,1.05424E+16,5.33847E+16
2112,1.17051E+18,1,0,59,103,2017,5,11,1,3,0,1,1,0,0,0,0,0,0,5.37995E+20,6.0636E+21,9.58984E+15,5.47183E+16
2113,1.1704E+18,1,0,62,60,2017,4,18,7,3,5,2,1,1,0,0,0,0,0,5.83202E+20,5.93027E+21,1.02548E+16,5.35148E+16
2114,1.17051E+18,1,0,3,0,2017,5,10,1,3,2,6,0,1,0,0,1,0,0,6.14241E+20,5.96858E+21,1.07368E+16,5.38532E+16
2115,1.1704E+18,1,0,62,45,2017,4,15,7,3,5,3,1,1,0,0,0,0,0,5.90401E+20,5.94614E+21,1.03679E+16,5.36562E+16
2116,1.17043E+18,1,0,54,165,2017,4,18,7,3,5,2,0,1,0,0,0,0,0,4.84057E+20,6.0676E+21,8.75228E+15,5.47554E+16
2117,1.17051E+18,1,0,56,39,2017,5,12,3,3,5,2,1,1,0,0,0,0,0,5.52833E+20,5.94187E+21,9.79881E+15,5.36229E+16
2118,1.17051E+18,1,0,54,109,2017,5,7,4,2,5,3,0,1,0,0,1,0,1,4.90716E+20,6.07048E+21,8.85564E+15,5.47814E+16
2119,1.17051E+18,1,0,4,0,2017,5,15,4,3,2,6,0,1,0,0,0,0,1,5.63711E+20,5.99177E+21,9.9736E+15,5.40702E+16
2120,1.1705E+18,1,0,54,168,2017,5,12,4,3,5,3,0,1,0,0,1,0,0,4.54655E+20,6.07941E+21,8.2936E+15,5.48597E+16
2121,1.17042E+18,1,0,62,22,2017,4,15,3,3,4,6,0,1,0,0,0,0,0,5.87296E+20,5.9413E+21,1.03196E+16,5.36132E+16
2122,1.17042E+18,1,0,53,14,2017,4,14,3,3,4,6,0,1,0,0,0,0,0,6.07492E+20,5.94055E+21,1.06245E+16,5.36027E+16
2123,1.17042E+18,1,0,3,0,2017,4,7,3,3,5,2,1,1,0,0,0,0,0,6.10129E+20,5.96997E+21,1.06748E+16,5.38665E+16
2124,1.17042E+18,1,0,3,0,2017,4,14,3,3,0,1,0,0,0,1,0,0,0,6.10377E+20,5.97175E+21,1.06792E+16,5.38824E+16
2125,1.17042E+18,1,0,58,135,2017,4,16,3,3,2,6,0,1,0,0,0,0,0,5.43548E+20,6.01721E+21,9.66919E+15,5.43009E+16
2126,1.17042E+18,1,0,2,0,2017,4,22,3,3,4,6,1,0,0,0,0,2,0,5.72873E+20,6.02106E+21,1.01207E+16,5.43321E+16