OBJECTID,UIDENTSTLA,ULAND,UREGBEZ,UKREIS,UGEMEINDE,UJAHR,UMONAT,USTUNDE,UWOCHENTAG,UKATEGORIE,UART,UTYP1,IstRad,IstPKW,IstFuss,IstKrad,IstSonstig,LICHT,STRZUSTAND,LINREFX,LINREFY,XGCSWGS84,YGCSWGS84
2303,1.17033E+18,1,0,56,39,2017,3,12,6,3,0,6,0,1,0,0,1,0,0,5.52704E+20,5.94803E+21,9.7979E+15,5.36783E+16
2304,1.17041E+18,1,0,62,69,2017,4,21,6,3,8,1,0,0,0,0,1,2,1,5.86255E+20,5.94439E+21,1.03047E+16,5.36411E+16
2305,1.1705E+18,1,0,60,73,2017,5,20,4,3,8,1,0,1,0,0,0,1,0,5.64229E+20,5.96903E+21,9.97674E+15,5.38658E+16
2306,1.17041E+18,1,0,53,23,2017,4,8,6,3,5,3,0,1,0,0,0,0,0,5.90609E+20,5.92895E+21,1.03661E+16,5.35017E+16
2307,1.17051E+18,1,0,56,41,2017,5,17,5,3,0,7,0,0,0,1,0,0,0,5.6017E+20,5.95568E+21,9.9124E+15,5.37463E+16
2308,1.17033E+18,1,0,59,57,2017,3,12,6,3,2,6,0,1,0,0,0,0,0,5.30225E+20,6.04522E+21,9.46733E+15,5.45536E+16
2309,1.17041E+18,1,0,53,69,2017,4,16,6,3,7,7,1,0,0,0,1,0,1,6.00945E+20,5.943E+21,1.05264E+16,5.3626E+16
2310,1.1705E+18,1,0,2,0,2017,5,21,5,3,8,1,0,1,0,0,0,2,0,5.74305E+20,6.0177E+21,1.01419E+16,5.43018E+16
2311,1.17041E+18,1,0,3,0,2017,4,17,6,2,4,6,1,0,0,0,0,0,0,6.1323E+20,5.96557E+21,1.07203E+16,5.38263E+16
2312,1.17051E+18,1,0,59,157,2017,5,18,6,3,0,1,0,0,0,1,1,0,0,5.38438E+20,6.07358E+21,9.59804E+15,5.48079E+16
2313,1.17033E+18,1,0,62,11,2017,3,8,6,3,2,6,0,1,0,0,0,0,0,5.81585E+20,5.94143E+21,1.02333E+16,5.36153E+16
2314,1.17041E+18,1,0,4,0,2017,4,19,6,3,2,6,0,1,0,0,0,0,1,5.64335E+20,5.99078E+21,9.98293E+15,5.40612E+16
2315,1.17051E+18,1,0,62,9,2017,5,15,6,3,2,6,0,1,0,0,1,0,1,5.83316E+20,5.93571E+21,1.02579E+16,5.35637E+16
2316,1.17033E+18,1,0,4,0,2017,3,16,6,3,2,6,0,1,0,0,0,0,0,5.6049E+20,5.99266E+21,9.92457E+15,5.40786E+16
2317,1.17041E+18,1,0,2,0,2017,4,23,6,3,6,4,0,1,1,0,0,2,1,5.7509E+20,6.01876E+21,1.01542E+16,5.43112E+16
2318,1.17051E+18,1,0,3,0,2017,5,16,6,2,4,6,0,1,0,0,0,0,0,6.17234E+20,5.97404E+21,1.07844E+16,5.39015E+16
2319,1.17033E+18,1,0,62,9,2017,3,8,6,3,2,6,0,0,0,0,1,0,0,5.79629E+20,5.93732E+21,1.02027E+16,5.35787E+16
2320,1.17033E+18,1,0,51,44,2017,3,11,5,3,5,3,0,1,0,0,0,0,0,5.05905E+20,6.00545E+21,9.09052E+15,5.41971E+16
2321,1.17033E+18,1,0,60,12,2017,3,8,5,2,0,1,1,0,0,0,0,0,0,5.7991E+20,5.99123E+21,1.0221E+16,5.40631E+16
2322,1.17033E+18,1,0,53,130,2017,3,10,5,3,0,6,1,0,0,0,0,0,0,5.96652E+20,5.94913E+21,1.04634E+16,5.36819E+16
2323,1.17033E+18,1,0,53,100,2017,3,16,5,3,4,6,0,1,0,0,0,0,0,6.1518E+20,5.95145E+21,1.07447E+16,5.36991E+16
2324,1.17041E+18,1,0,51,69,2017,4,15,5,3,2,6,0,1,0,0,0,0,0,5.0472E+20,6.00501E+21,9.07235E+15,5.41932E+16
2325,1.17051E+18,1,0,3,0,2017,5,12,5,3,5,2,1,1,0,0,0,0,0,6.08964E+20,5.97162E+21,1.06577E+16,5.38815E+16
2326,1.17033E+18,1,0,62,60,2017,3,15,5,3,6,4,1,0,1,0,0,0,0,5.82094E+20,5.92974E+21,1.02379E+16,5.35102E+16
2327,1.17041E+18,1,0,61,42,2017,4,4,5,3,7,7,0,0,0,1,0,2,1,5.42008E+20,5.9797E+21,9.64031E+15,5.39639E+16
2328,1.17051E+18,1,0,56,15,2017,5,8,5,3,2,6,0,1,0,0,1,0,0,5.438E+20,5.95663E+21,9.66432E+15,5.37565E+16
2329,1.17033E+18,1,0,62,11,2017,3,5,5,3,5,3,0,1,0,0,0,1,1,5.82335E+20,5.94088E+21,1.02445E+16,5.36103E+16
2330,1.17033E+18,1,0,3,0,2017,3,20,5,2,5,2,0,1,0,1,0,2,0,6.08517E+20,5.97042E+21,1.06505E+16,5.38709E+16
2331,1.17041E+18,1,0,51,44,2017,4,17,5,3,0,1,0,0,0,1,0,0,1,5.08956E+20,6.00548E+21,9.13728E+15,5.41973E+16
2332,1.1705E+18,1,0,58,77,2017,5,18,5,3,5,3,1,1,0,0,0,0,0,5.42461E+20,5.99343E+21,9.64913E+15,5.40873E+16
2333,1.17041E+18,1,0,56,39,2017,4,18,5,3,2,6,0,1,0,0,1,0,1,5.52398E+20,5.94654E+21,9.79302E+15,5.3665E+16
2334,1.17033E+18,1,0,55,32,2017,3,14,5,3,6,7,1,0,1,0,0,0,0,6.19709E+20,5.99755E+21,1.08313E+16,5.41121E+16
2335,1.17033E+18,1,0,57,8,2017,3,12,5,2,5,3,0,1,0,1,0,0,0,5.68043E+20,5.99193E+21,1.00398E+16,5.40711E+16
2336,1.17041E+18,1,0,56,42,2017,4,17,5,1,4,6,0,1,0,0,0,0,0,5.39537E+20,5.95474E+21,9.59944E+15,5.37398E+16
2337,1.17051E+18,1,0,59,113,2017,5,10,6,3,4,6,0,1,0,0,0,0,0,5.35108E+20,6.07624E+21,9.54656E+15,5.48321E+16
2338,1.17041E+18,1,0,56,41,2017,4,13,5,3,2,6,0,1,0,0,1,0,1,5.58507E+20,5.95315E+21,9.8867E+15,5.37237E+16
2339,1.17033E+18,1,0,54,125,2017,3,12,5,3,2,6,0,1,0,0,0,0,0,5.00823E+20,6.06704E+21,9.01279E+15,5.47506E+16
2340,1.17041E+18,1,0,60,44,2017,4,19,5,3,9,1,0,0,0,1,0,0,1,5.63174E+20,5.96695E+21,9.96026E+15,5.38472E+16
2341,1.17051E+18,1,0,3,0,2017,5,8,6,3,3,7,0,1,0,0,0,0,1,6.10057E+20,5.96952E+21,1.06735E+16,5.38625E+16
2342,1.17041E+18,1,0,62,4,2017,4,13,5,3,2,6,0,1,0,0,1,0,1,5.90815E+20,5.96343E+21,1.03793E+16,5.38115E+16
2343,1.17033E+18,1,0,1,0,2017,3,10,5,3,2,1,0,0,0,1,1,0,1,5.28111E+20,6.07119E+21,9.43714E+15,5.47871E+16
2344,1.17041E+18,1,0,62,4,2017,4,11,5,3,5,3,1,1,0,0,0,0,1,5.89469E+20,5.96337E+21,1.03588E+16,5.38112E+16
2345,1.17051E+18,1,0,56,2,2017,5,1,6,3,8,1,0,0,0,0,1,2,1,5.51997E+20,5.95976E+21,9.78917E+15,5.37838E+16
2346,1.17033E+18,1,0,59,183,2017,3,21,5,3,9,1,0,1,0,0,0,2,0,5.23545E+20,6.06791E+21,9.36587E+15,5.47579E+16
2347,1.17041E+18,1,0,62,71,2017,4,5,5,3,9,1,0,1,0,0,0,2,1,5.80872E+20,5.94141E+21,1.02225E+16,5.36152E+16
2348,1.17051E+18,1,0,2,0,2017,5,10,7,3,3,6,0,1,0,0,0,0,0,5.7727E+20,6.02027E+21,1.01881E+16,5.43245E+16
2349,1.17041E+18,1,0,62,4,2017,4,6,5,3,2,6,0,1,0,0,1,0,0,5.91559E+20,5.96303E+21,1.03904E+16,5.38077E+16
2350,1.17051E+18,1,0,60,44,2017,5,13,7,3,2,6,0,1,0,0,0,0,0,5.631E+20,5.96577E+21,9.9589E+15,5.38366E+16
2351,1.17033E+18,1,0,54,161,2017,3,16,5,2,2,6,0,1,0,0,0,0,0,5.02543E+20,6.02908E+21,9.03918E+15,5.44095E+16
2352,1.17033E+18,1,0,59,75,2017,3,20,5,3,2,6,0,1,0,0,0,2,0,5.36107E+20,6.0409E+21,9.55774E+15,5.45144E+16
2353,1.17051E+18,1,0,54,56,2017,5,20,3,3,2,6,0,1,0,0,1,0,1,5.0577E+20,6.03747E+21,9.08906E+15,5.44848E+16
2354,1.17033E+18,1,0,53,28,2017,3,17,5,3,2,6,0,1,0,0,0,0,0,5.87553E+20,5.92388E+21,1.03186E+16,5.34566E+16
2355,1.17051E+18,1,0,4,0,2017,5,8,3,3,2,6,0,1,0,0,0,0,0,5.63914E+20,5.99366E+21,9.97711E+15,5.40871E+16
2356,1.17033E+18,1,0,62,9,2017,3,16,5,3,2,6,0,1,0,0,0,0,0,5.79343E+20,5.93689E+21,1.01983E+16,5.35749E+16
2357,1.17051E+18,1,0,60,44,2017,5,19,3,3,5,3,0,1,0,0,0,0,0,5.64346E+20,5.96397E+21,9.97745E+15,5.38203E+16
2358,1.17033E+18,1,0,61,23,2017,3,13,4,1,5,2,0,1,0,0,1,0,0,5.23397E+20,5.97388E+21,9.35619E+15,5.39128E+16
2359,1.17051E+18,1,0,53,126,2017,5,18,4,3,2,6,0,1,0,0,0,0,0,6.0645E+20,5.93522E+21,1.06069E+16,5.3555E+16
2360,1.17051E+18,1,0,58,13,2017,5,12,4,3,5,3,0,1,0,0,1,0,0,5.23395E+20,5.997E+21,9.35793E+15,5.41206E+16
2361,1.17043E+18,1,0,62,94,2017,4,14,6,3,5,3,0,1,0,0,0,0,0,6.02427E+20,5.96649E+21,1.05566E+16,5.38368E+16
2362,1.1705E+18,1,0,58,169,2017,5,11,4,2,2,6,0,0,0,0,1,0,0,5.60752E+20,5.99377E+21,9.92879E+15,5.40885E+16
2363,1.17041E+18,1,0,3,0,2017,4,15,5,3,3,7,0,1,0,0,0,0,0,6.10675E+20,5.96831E+21,1.06825E+16,5.38515E+16
2364,1.17041E+18,1,0,55,7,2017,4,7,5,3,0,7,1,0,0,0,0,0,0,5.97037E+20,5.99454E+21,1.04836E+16,5.40899E+16
2365,1.17041E+18,1,0,58,90,2017,4,14,5,3,2,6,0,1,0,0,0,0,1,5.47921E+20,6.03846E+21,9.73981E+15,5.44915E+16
2366,1.17041E+18,1,0,4,0,2017,4,14,5,3,5,3,0,1,0,0,1,0,1,5.63357E+20,5.99222E+21,9.9683E+15,5.40742E+16
2367,1.17033E+18,1,0,62,60,2017,3,22,4,3,2,2,0,1,0,0,0,2,1,5.82166E+20,5.92976E+21,1.0239E+16,5.35103E+16
2368,1.17041E+18,1,0,2,0,2017,4,19,5,3,3,6,0,1,0,0,0,1,1,5.73703E+20,6.0191E+21,1.0133E+16,5.43144E+16
2369,1.17033E+18,1,0,55,43,2017,3,14,4,3,9,7,0,1,0,0,0,0,0,6.16909E+20,6.01722E+21,1.07961E+16,5.42895E+16
2370,1.17041E+18,1,0,57,9,2017,4,6,5,3,8,1,0,0,0,1,0,1,1,5.95494E+20,6.0007E+21,1.0462E+16,5.41455E+16
2371,1.17033E+18,1,0,55,44,2017,3,9,4,3,5,3,0,1,0,1,0,0,1,6.13117E+20,5.98877E+21,1.07272E+16,5.40348E+16
2372,1.17033E+18,1,0,58,78,2017,3,13,4,3,2,6,0,1,0,0,1,0,0,5.32985E+20,6.01709E+21,9.50687E+15,5.43006E+16
2373,1.17041E+18,1,0,57,57,2017,4,16,5,3,2,6,0,1,0,0,0,0,0,5.93231E+20,6.00251E+21,1.04279E+16,5.41622E+16
2374,1.17043E+18,1,0,53,90,2017,4,20,6,3,0,7,1,0,0,0,0,1,1,6.11078E+20,5.94212E+21,1.06792E+16,5.36161E+16
2375,1.17033E+18,1,0,4,0,2017,3,9,4,3,0,7,1,0,0,0,0,0,1,5.65074E+20,5.99215E+21,9.99451E+15,5.40735E+16
2376,1.17033E+18,1,0,4,0,2017,3,19,4,3,5,3,1,1,0,0,0,0,0,5.67636E+20,5.98895E+21,1.00329E+16,5.40443E+16
2377,1.17041E+18,1,0,59,186,2017,4,10,5,3,2,2,0,1,0,0,0,0,1,5.47269E+20,6.06919E+21,9.73471E+15,5.47677E+16
2378,1.17041E+18,1,0,1,0,2017,4,22,5,3,1,7,0,1,0,0,0,2,1,5.29245E+20,6.07274E+21,9.45494E+15,5.4801E+16
2379,1.17051E+18,1,0,56,5,2017,5,15,4,3,2,6,0,1,0,0,0,0,1,5.59952E+20,5.94594E+21,9.90721E+15,5.36588E+16
2380,1.17043E+18,1,0,62,23,2017,4,13,6,3,2,6,0,1,0,0,0,0,1,5.84503E+20,5.94454E+21,1.02783E+16,5.36428E+16
2381,1.17033E+18,1,0,2,0,2017,3,17,4,3,5,2,1,1,0,0,0,0,0,5.72969E+20,6.02104E+21,1.01222E+16,5.4332E+16
2382,1.17033E+18,1,0,2,0,2017,3,7,4,3,6,4,1,0,1,0,0,0,1,5.7357E+20,6.01918E+21,1.01309E+16,5.43152E+16
2383,1.17041E+18,1,0,58,127,2017,4,10,5,3,2,6,0,1,0,0,0,0,1,5.417E+20,6.02813E+21,9.64233E+15,5.43992E+16
2384,1.17051E+18,1,0,2,0,2017,5,14,5,3,2,6,0,1,0,0,0,0,0,5.72903E+20,6.02443E+21,1.0122E+16,5.43624E+16
2385,1.17033E+18,1,0,2,0,2017,3,9,4,3,1,5,0,1,0,0,0,0,1,5.69695E+20,6.01942E+21,1.00714E+16,5.43178E+16
2386,1.17041E+18,1,0,58,98,2017,4,14,5,3,2,6,0,1,0,0,0,0,0,5.62921E+20,6.00008E+21,9.96326E+15,5.4145E+16
2387,1.1705E+18,1,0,3,0,2017,5,8,4,3,2,6,0,1,0,0,1,0,0,6.1267E+20,5.96973E+21,1.07133E+16,5.38638E+16
2388,1.17041E+18,1,0,62,9,2017,4,22,5,3,8,1,0,1,0,0,0,2,1,5.76947E+20,5.93527E+21,1.01617E+16,5.35606E+16
2389,1.17051E+18,1,0,3,0,2017,5,9,5,3,4,6,1,0,0,0,0,0,0,6.09586E+20,5.97038E+21,1.06667E+16,5.38703E+16
2390,1.17033E+18,1,0,2,0,2017,3,5,4,3,0,6,0,1,0,1,0,1,1,5.71891E+20,6.01903E+21,1.01051E+16,5.43141E+16
2391,1.17041E+18,1,0,53,31,2017,4,12,5,3,2,6,0,1,0,0,0,0,1,6.01025E+20,5.93653E+21,1.05255E+16,5.35679E+16
2392,1.1705E+18,1,0,59,158,2017,5,7,5,3,2,6,0,1,0,0,0,0,0,5.1218E+20,6.06821E+21,9.18928E+15,5.47609E+16
2393,1.17033E+18,1,0,2,0,2017,3,5,4,3,4,6,0,1,0,0,0,2,1,5.70238E+20,6.02009E+21,1.00799E+16,5.43238E+16
2394,1.17041E+18,1,0,51,114,2017,4,5,4,3,9,7,0,1,0,0,0,2,1,5.18925E+20,6.00697E+21,9.29018E+15,5.42104E+16
2395,1.17041E+18,1,0,61,46,2017,4,15,4,3,3,6,0,1,0,0,0,0,1,5.33596E+20,5.9751E+21,9.51159E+15,5.39232E+16
2396,1.17041E+18,1,0,60,5,2017,4,14,4,3,3,2,0,1,0,0,1,0,1,5.84211E+20,5.97714E+21,1.02828E+16,5.39358E+16
2397,1.17041E+18,1,0,60,34,2017,4,11,4,3,8,1,0,1,0,0,0,0,1,5.71441E+20,5.97351E+21,1.00874E+16,5.39051E+16
2398,1.17041E+18,1,0,60,63,2017,4,11,4,3,2,6,0,1,0,0,0,0,1,5.67658E+20,5.95131E+21,1.0025E+16,5.37061E+16
2399,1.17041E+18,1,0,56,48,2017,4,16,4,3,5,3,1,1,0,0,0,0,1,5.47055E+20,5.95006E+21,9.7127E+15,5.36971E+16
2400,1.17033E+18,1,0,62,61,2017,3,21,4,1,3,6,0,1,0,0,1,2,0,5.98173E+20,5.96451E+21,1.04913E+16,5.38198E+16
2401,1.17033E+18,1,0,61,46,2017,3,15,3,3,2,6,0,1,0,0,1,0,0,5.3346E+20,5.97579E+21,9.50959E+15,5.39295E+16
2402,1.17041E+18,1,0,60,99,2017,4,12,4,3,0,1,1,0,0,0,0,0,1,5.59331E+20,5.97908E+21,9.9042E+15,5.39566E+16
2403,1.17051E+18,1,0,60,2,2017,5,17,4,2,8,1,0,1,0,0,0,0,0,5.59996E+20,5.9629E+21,9.91117E+15,5.38112E+16
2404,1.17043E+18,1,0,3,0,2017,4,18,6,3,0,2,1,1,0,0,0,0,0,6.11656E+20,5.96873E+21,1.06976E+16,5.38551E+16
2405,1.17033E+18,1,0,51,107,2017,3,7,3,3,2,6,0,1,0,0,0,0,0,5.02392E+20,6.01197E+21,9.03672E+15,5.42557E+16
2406,1.17041E+18,1,0,60,63,2017,4,17,4,3,2,6,0,1,0,0,0,0,1,5.63975E+20,5.94813E+21,9.96854E+15,5.3678E+16
2407,1.17051E+18,1,0,4,0,2017,5,8,5,3,2,6,0,1,0,1,0,0,0,5.63707E+20,5.99427E+21,9.97407E+15,5.40927E+16
2408,1.17033E+18,1,0,51,127,2017,3,9,3,3,5,3,0,1,0,1,0,0,0,4.94757E+20,6.00689E+21,8.91961E+15,5.421E+16
2409,1.17033E+18,1,0,56,48,2017,3,14,3,3,5,3,1,1,0,0,0,0,0,5.49559E+20,5.952E+21,9.75094E+15,5.37144E+16
2410,1.17041E+18,1,0,60,63,2017,4,7,4,3,6,4,0,1,1,0,0,0,1,5.6867E+20,5.9495E+21,1.00399E+16,5.36897E+16
2411,1.1705E+18,1,0,55,42,2017,5,15,4,3,2,6,0,1,0,0,0,0,0,6.16221E+20,5.98421E+21,1.07728E+16,5.39931E+16
2412,1.17041E+18,1,0,56,39,2017,4,16,4,3,6,3,0,1,1,0,0,0,1,5.5234E+20,5.94504E+21,9.7919E+15,5.36515E+16
2413,1.17051E+18,1,0,3,0,2017,5,9,5,3,5,3,1,1,0,0,0,0,0,6.1413E+20,5.96888E+21,1.07352E+16,5.38558E+16
2414,1.17033E+18,1,0,56,15,2017,3,15,3,3,5,3,1,1,0,0,0,0,0,5.43264E+20,5.95651E+21,9.65619E+15,5.37554E+16
2415,1.17033E+18,1,0,60,63,2017,3,20,3,3,5,2,0,1,0,0,0,2,0,5.64338E+20,5.94673E+21,9.97374E+15,5.36654E+16
2416,1.17041E+18,1,0,56,18,2017,4,16,4,3,2,6,0,1,0,0,0,0,1,5.55368E+20,5.94308E+21,9.83735E+15,5.36336E+16
2417,1.1705E+18,1,0,59,106,2017,5,4,5,3,8,1,0,1,0,0,0,2,0,5.43231E+20,6.07095E+21,9.67222E+15,5.47839E+16
2418,1.17041E+18,1,0,62,76,2017,4,10,4,2,4,6,0,1,0,0,0,0,1,5.73376E+20,5.953E+21,1.0112E+16,5.37205E+16
2419,1.17051E+18,1,0,54,108,2017,5,8,6,2,5,3,0,1,0,0,1,0,0,4.94615E+20,6.05087E+21,8.91663E+15,5.46052E+16
2420,1.17033E+18,1,0,60,58,2017,3,16,3,3,2,6,0,1,0,0,0,0,0,5.75212E+20,5.96148E+21,1.01419E+16,5.37964E+16
2421,1.17041E+18,1,0,60,46,2017,4,21,4,3,2,6,0,1,0,0,0,2,1,5.74313E+20,5.95643E+21,1.0127E+16,5.37512E+16
2422,1.1705E+18,1,0,60,63,2017,5,11,5,2,0,7,0,0,0,0,1,0,1,5.67147E+20,5.94887E+21,1.00167E+16,5.36842E+16
2423,1.17041E+18,1,0,56,48,2017,4,12,4,3,8,1,0,0,0,0,1,0,1,5.48755E+20,5.94832E+21,9.73817E+15,5.36814E+16
2424,1.17033E+18,1,0,60,63,2017,3,12,3,2,8,1,0,1,0,0,0,0,0,5.63212E+20,5.94736E+21,9.95683E+15,5.36711E+16
2425,1.17041E+18,1,0,62,50,2017,4,21,4,3,9,7,0,1,0,0,0,2,1,5.8481E+20,5.96022E+21,1.02872E+16,5.37837E+16
2426,1.17051E+18,1,0,58,140,2017,5,7,6,3,0,3,1,1,0,0,0,0,0,5.47408E+20,6.01872E+21,9.72874E+15,5.43141E+16
2427,1.17033E+18,1,0,60,5,2017,3,23,3,3,5,3,1,1,0,0,0,2,0,5.8597E+20,5.97694E+21,1.03095E+16,5.39337E+16
2428,1.17041E+18,1,0,53,90,2017,4,13,4,3,2,6,0,1,0,0,0,0,1,6.11054E+20,5.94201E+21,1.06788E+16,5.36151E+16
2429,1.17051E+18,1,0,53,3,2017,5,14,6,2,9,1,0,1,0,0,0,0,1,5.89755E+20,5.93464E+21,1.03548E+16,5.3553E+16
2430,1.17041E+18,1,0,3,0,2017,4,6,4,3,5,3,1,1,0,0,0,1,1,6.09677E+20,5.97116E+21,1.06684E+16,5.38773E+16
2431,1.17051E+18,1,0,61,46,2017,5,14,6,3,5,3,0,1,0,0,0,0,1,5.35315E+20,5.97691E+21,9.53797E+15,5.39394E+16
2432,1.17033E+18,1,0,62,90,2017,3,16,3,3,5,3,0,1,0,0,0,0,0,5.77128E+20,5.94986E+21,1.0168E+16,5.36918E+16
2433,1.17033E+18,1,0,62,82,2017,3,17,3,3,1,6,0,0,0,1,1,0,0,5.92582E+20,5.94165E+21,1.03996E+16,5.36155E+16
2434,1.17033E+18,1,0,62,90,2017,3,18,3,3,5,2,1,1,0,0,0,0,0,5.7568E+20,5.94831E+21,1.01458E+16,5.36781E+16
2435,1.17033E+18,1,0,62,4,2017,3,13,3,3,2,6,0,1,0,0,0,0,0,5.91171E+20,5.96351E+21,1.03847E+16,5.38121E+16
2436,1.17051E+18,1,0,2,0,2017,5,13,2,2,2,6,0,1,0,0,0,0,0,5.74899E+20,6.01854E+21,1.01512E+16,5.43092E+16
2437,1.17033E+18,1,0,55,31,2017,3,12,3,3,5,3,0,1,0,0,0,0,0,6.31067E+20,6.02142E+21,1.10153E+16,5.43238E+16
2438,1.17051E+18,1,0,61,83,2017,5,7,2,2,5,3,1,1,0,0,1,0,1,5.3253E+20,5.98049E+21,9.49594E+15,5.39717E+16
2439,1.17033E+18,1,0,55,40,2017,3,8,3,3,4,2,0,1,0,0,0,0,0,6.07768E+20,5.9742E+21,1.06404E+16,5.3905E+16
2440,1.17051E+18,1,0,2,0,2017,5,14,3,3,2,6,0,1,0,0,1,0,0,5.72773E+20,6.02316E+21,1.01197E+16,5.43511E+16
2441,1.17033E+18,1,0,55,17,2017,3,16,3,2,5,3,1,0,0,1,0,0,0,6.32584E+20,6.02568E+21,1.10405E+16,5.43616E+16
2442,1.17033E+18,1,0,55,41,2017,3,10,3,2,4,6,0,1,0,0,1,0,0,6.10443E+20,5.99445E+21,1.06885E+16,5.40864E+16
2443,1.17051E+18,1,0,62,5,2017,5,17,3,2,9,7,0,1,0,0,0,0,0,5.76765E+20,5.95763E+21,1.01645E+16,5.37616E+16
2444,1.17033E+18,1,0,55,21,2017,3,10,3,3,5,3,0,1,0,0,0,0,0,6.27765E+20,6.02589E+21,1.09665E+16,5.43648E+16
2445,1.17051E+18,1,0,51,84,2017,5,12,3,2,5,3,1,1,0,0,0,0,0,4.93765E+20,6.00115E+21,8.90452E+15,5.41584E+16
2446,1.17033E+18,1,0,58,127,2017,3,13,3,2,8,1,0,1,0,0,0,0,0,5.41437E+20,6.02887E+21,9.63837E+15,5.44059E+16
2447,1.17043E+18,1,0,3,0,2017,4,2,6,2,7,7,0,0,0,1,0,2,0,6.13495E+20,5.97272E+21,1.0727E+16,5.38905E+16
2448,1.17043E+18,1,0,3,0,2017,4,7,6,3,2,6,0,1,0,0,1,0,0,6.0889E+20,5.9699E+21,1.06559E+16,5.38662E+16
2449,1.17041E+18,1,0,3,0,2017,4,22,4,2,8,2,0,1,0,0,0,2,1,6.11191E+20,5.97099E+21,1.06913E+16,5.38754E+16
2450,1.17051E+18,1,0,2,0,2017,5,10,4,3,5,3,0,1,0,0,0,0,0,5.73089E+20,6.02158E+21,1.01241E+16,5.43368E+16
2451,1.17051E+18,1,0,55,4,2017,5,12,4,3,0,1,0,0,0,1,0,0,1,6.11418E+20,5.9756E+21,1.06964E+16,5.39168E+16
2452,1.1705E+18,1,0,4,0,2017,5,8,4,3,5,3,1,1,0,0,0,0,0,5.65054E+20,5.99067E+21,9.99389E+15,5.40601E+16
2453,1.17041E+18,1,0,58,5,2017,4,13,4,3,5,3,0,1,0,0,0,0,1,5.7373E+20,6.02982E+21,1.0136E+16,5.44108E+16
2454,1.17041E+18,1,0,4,0,2017,4,17,4,3,8,1,0,1,0,0,0,1,1,5.64549E+20,5.99379E+21,9.98684E+15,5.40882E+16
2455,1.17041E+18,1,0,2,0,2017,4,21,4,3,9,1,0,1,0,0,0,2,1,5.72845E+20,6.01801E+21,1.01195E+16,5.43048E+16
2456,1.17041E+18,1,0,2,0,2017,4,16,4,3,2,6,0,1,0,0,0,0,1,5.72943E+20,6.02457E+21,1.01226E+16,5.43637E+16
2457,1.17041E+18,1,0,57,25,2017,4,14,4,2,3,1,0,1,0,0,0,0,1,5.79441E+20,6.02522E+21,1.02228E+16,5.43686E+16
2458,1.17041E+18,1,0,2,0,2017,4,21,4,3,8,1,0,1,0,0,0,2,1,5.75048E+20,6.01925E+21,1.01537E+16,5.43156E+16
2459,1.17041E+18,1,0,57,42,2017,4,7,4,3,8,1,0,1,0,0,0,0,1,5.82671E+20,6.00429E+21,1.02667E+16,5.418E+16
2460,1.17033E+18,1,0,4,0,2017,3,8,3,3,2,6,0,1,0,1,0,0,0,5.64717E+20,5.99102E+21,9.98882E+15,5.40633E+16
2461,1.17033E+18,1,0,58,97,2017,3,8,3,2,5,3,0,1,0,0,0,0,0,5.32987E+20,6.02128E+21,9.50736E+15,5.43383E+16
2462,1.17041E+18,1,0,1,0,2017,4,15,4,3,2,6,0,1,0,0,0,0,1,5.30728E+20,6.0725E+21,9.47797E+15,5.47987E+16
2463,1.17043E+18,1,0,3,0,2017,4,17,6,3,6,4,0,0,1,0,1,0,0,6.09775E+20,5.97039E+21,1.06696E+16,5.38703E+16
2464,1.17033E+18,1,0,58,150,2017,3,7,3,3,3,6,0,1,0,0,0,0,0,5.71557E+20,6.03425E+21,1.01036E+16,5.44508E+16
2465,1.17041E+18,1,0,2,0,2017,4,16,4,3,8,1,0,1,0,0,0,0,1,5.71819E+20,6.01921E+21,1.0104E+16,5.43157E+16
2466,1.17043E+18,1,0,4,0,2017,4,9,6,3,2,7,0,0,0,1,1,0,0,5.64475E+20,5.9923E+21,9.98539E+15,5.40749E+16
2467,1.17033E+18,1,0,57,56,2017,3,6,3,3,9,7,0,1,0,0,1,2,1,5.85906E+20,6.02552E+21,1.03223E+16,5.43702E+16
2468,1.17041E+18,1,0,58,144,2017,4,9,4,2,8,1,0,1,0,0,0,0,1,5.62852E+20,6.00221E+21,9.96265E+15,5.41641E+16
2469,1.17051E+18,1,0,54,68,2017,5,22,5,3,3,2,0,1,0,0,0,2,0,4.9142E+20,6.07225E+21,8.86654E+15,5.47973E+16
2470,1.17043E+18,1,0,4,0,2017,4,13,6,3,5,3,1,1,0,0,0,0,0,5.62151E+20,5.99056E+21,9.94952E+15,5.40595E+16
2471,1.17033E+18,1,0,57,25,2017,3,18,3,2,4,6,0,1,0,1,0,0,0,5.79434E+20,6.02521E+21,1.02227E+16,5.43685E+16
2472,1.17033E+18,1,0,2,0,2017,3,10,3,2,3,6,0,1,0,0,0,0,0,5.73988E+20,6.01989E+21,1.01375E+16,5.43215E+16
2473,1.17041E+18,1,0,60,27,2017,4,18,4,3,9,1,0,1,0,0,0,0,1,5.61286E+20,5.98409E+21,9.935E+15,5.40015E+16
2474,1.17041E+18,1,0,54,52,2017,4,7,3,3,2,6,0,1,0,0,0,0,1,5.03465E+20,6.04168E+21,9.05354E+15,5.45227E+16
2475,1.17051E+18,1,0,55,1,2017,5,9,5,3,9,7,0,1,0,0,0,0,0,5.95763E+20,5.9837E+21,1.04607E+16,5.39927E+16
2476,1.17033E+18,1,0,57,70,2017,3,9,3,2,5,2,0,1,0,1,0,0,0,5.84435E+20,6.00984E+21,1.02953E+16,5.42296E+16
2477,1.17041E+18,1,0,61,20,2017,4,16,3,2,8,7,0,0,0,0,1,0,0,5.1522E+20,5.97457E+21,9.23174E+15,5.39193E+16
2478,1.1705E+18,1,0,61,52,2017,5,16,4,3,5,3,0,1,0,0,0,0,0,5.27155E+20,5.97901E+21,9.41386E+15,5.39587E+16