OBJECTID,UIDENTSTLA,ULAND,UREGBEZ,UKREIS,UGEMEINDE,UJAHR,UMONAT,USTUNDE,UWOCHENTAG,UKATEGORIE,UART,UTYP1,IstRad,IstPKW,IstFuss,IstKrad,IstSonstig,LICHT,STRZUSTAND,LINREFX,LINREFY,XGCSWGS84,YGCSWGS84
2479,1.17041E+18,1,0,51,24,2017,4,7,3,3,5,3,0,1,0,1,0,0,1,5.09019E+20,5.97752E+21,9.13741E+15,5.3946E+16
2480,1.17051E+18,1,0,60,44,2017,5,10,5,3,5,3,0,1,0,0,1,0,0,5.61699E+20,5.96429E+21,9.93731E+15,5.38235E+16
2481,1.17033E+18,1,0,59,120,2017,3,15,3,3,4,2,0,1,0,0,0,0,0,5.25546E+20,6.07197E+21,9.39733E+15,5.47942E+16
2482,1.17041E+18,1,0,60,28,2017,4,10,3,3,2,6,0,1,0,0,0,0,0,5.7353E+20,5.98655E+21,1.01224E+16,5.4022E+16
2483,1.1705E+18,1,0,4,0,2017,5,11,5,3,6,4,1,0,1,0,0,0,0,5.64971E+20,5.99111E+21,9.99272E+15,5.40641E+16
2484,1.17033E+18,1,0,1,0,2017,3,7,3,3,2,6,0,1,0,0,0,0,0,5.2751E+20,6.07143E+21,9.42782E+15,5.47893E+16
2485,1.17041E+18,1,0,56,5,2017,4,12,3,3,2,6,0,1,0,0,1,0,0,5.59951E+20,5.94599E+21,9.90721E+15,5.36592E+16
2486,1.17051E+18,1,0,59,39,2017,5,10,6,3,5,3,0,1,0,0,1,0,0,5.21945E+20,6.03605E+21,9.33862E+15,5.44716E+16
2487,1.17041E+18,1,0,56,11,2017,4,6,3,3,8,1,0,1,0,0,0,1,1,5.49764E+20,5.95834E+21,9.75505E+15,5.37713E+16
2488,1.17051E+18,1,0,62,92,2017,5,19,6,2,8,1,0,1,0,0,0,0,0,5.88049E+20,5.96637E+21,1.03381E+16,5.38384E+16
2489,1.17033E+18,1,0,1,0,2017,3,7,3,3,4,2,1,1,0,0,0,0,0,5.28237E+20,6.07125E+21,9.43911E+15,5.47877E+16
2490,1.17033E+18,1,0,1,0,2017,3,7,3,3,5,3,0,1,0,0,0,0,0,5.30675E+20,6.07246E+21,9.47715E+15,5.47984E+16
2491,1.17033E+18,1,0,54,56,2017,3,14,3,3,5,3,1,1,0,0,0,0,0,5.02993E+20,6.03745E+21,9.0462E+15,5.44846E+16
2492,1.17033E+18,1,0,58,139,2017,3,16,3,2,8,7,0,0,0,0,1,0,0,5.67424E+20,6.01262E+21,1.0035E+16,5.42571E+16
2493,1.17033E+18,1,0,58,3,2017,3,17,3,3,2,6,0,1,0,0,0,0,0,5.44133E+20,6.02367E+21,9.67914E+15,5.43589E+16
2494,1.17051E+18,1,0,62,60,2017,5,13,1,3,0,7,1,0,0,0,0,0,0,5.82902E+20,5.93238E+21,1.02508E+16,5.35337E+16
2495,1.17033E+18,1,0,61,72,2017,3,18,3,3,3,6,0,1,0,0,0,0,0,5.33771E+20,5.97212E+21,9.51392E+15,5.38964E+16
2496,1.17051E+18,1,0,2,0,2017,5,15,2,3,2,7,0,1,0,0,0,0,0,5.73154E+20,6.02103E+21,1.0125E+16,5.43318E+16
2497,1.17033E+18,1,0,56,43,2017,3,7,2,3,5,2,1,1,0,0,0,0,0,5.53826E+20,5.94561E+21,9.81447E+15,5.36564E+16
2498,1.17051E+18,1,0,3,0,2017,5,15,2,2,5,2,1,1,0,0,0,0,0,6.10108E+20,5.96982E+21,1.06744E+16,5.38652E+16
2499,1.17033E+18,1,0,60,47,2017,3,6,2,3,5,3,0,1,0,0,0,1,0,5.71161E+20,5.96403E+21,1.0081E+16,5.38199E+16
2500,1.17051E+18,1,0,54,168,2017,5,17,3,2,5,2,0,1,0,0,0,0,0,4.55178E+20,6.0825E+21,8.30125E+15,5.48875E+16
2501,1.17033E+18,1,0,56,28,2017,3,14,2,3,2,6,0,1,0,0,0,0,0,5.44646E+20,5.9404E+21,9.67482E+15,5.36105E+16
2502,1.17033E+18,1,0,60,27,2017,3,13,2,3,2,6,0,1,0,0,1,0,0,5.61628E+20,5.98506E+21,9.94041E+15,5.40102E+16
2503,1.17051E+18,1,0,4,0,2017,5,19,3,3,5,3,1,1,0,0,0,0,0,5.64843E+20,5.99584E+21,9.99178E+15,5.41067E+16
2504,1.17033E+18,1,0,60,63,2017,3,11,2,3,2,6,0,0,0,0,1,0,0,5.66136E+20,5.95586E+21,1.00029E+16,5.37472E+16
2505,1.17033E+18,1,0,62,58,2017,3,16,2,2,3,6,0,0,0,1,1,0,0,5.88197E+20,5.93887E+21,1.03325E+16,5.35912E+16
2506,1.17063E+18,1,0,54,70,2017,6,7,2,2,2,6,0,1,0,0,0,0,0,5.0394E+20,6.02624E+21,9.06066E+15,5.43839E+16
2507,1.1707E+18,1,0,54,77,2017,7,17,3,2,8,1,0,0,0,1,0,0,0,4.95772E+20,6.07618E+21,8.93417E+15,5.48327E+16
2508,1.17052E+18,1,0,51,48,2017,5,16,4,3,2,6,0,1,0,0,0,0,0,5.04641E+20,5.99977E+21,9.07105E+15,5.4146E+16
2509,1.17063E+18,1,0,58,173,2017,6,6,2,3,2,6,0,1,0,0,1,0,0,5.50825E+20,6.03494E+21,9.78404E+15,5.44596E+16
2510,1.1707E+18,1,0,3,0,2017,7,12,3,3,2,6,0,1,0,0,0,0,0,6.07945E+20,5.96831E+21,1.0641E+16,5.38521E+16
2511,1.17063E+18,1,0,56,15,2017,6,12,2,3,5,3,1,1,0,0,0,0,0,5.45373E+20,5.9558E+21,9.68806E+15,5.37488E+16
2512,1.1706E+18,1,0,60,47,2017,6,11,1,3,0,1,0,0,0,1,0,0,1,5.71924E+20,5.96278E+21,1.00923E+16,5.38086E+16
2513,1.17071E+18,1,0,1,0,2017,7,16,4,3,2,6,0,1,0,0,0,0,0,5.27438E+20,6.07022E+21,9.42658E+15,5.47785E+16
2514,1.17063E+18,1,0,57,80,2017,6,13,3,2,8,1,0,1,0,0,0,0,0,5.82941E+20,6.00188E+21,1.02702E+16,5.41583E+16
2515,1.17061E+18,1,0,55,4,2017,6,17,2,3,2,6,0,1,0,1,0,0,0,6.11085E+20,5.97442E+21,1.06909E+16,5.39063E+16
2516,1.17052E+18,1,0,51,82,2017,5,16,4,3,0,7,1,0,0,0,0,0,0,5.11755E+20,6.00258E+21,9.18006E+15,5.41711E+16
2517,1.1706E+18,1,0,58,77,2017,6,14,6,2,4,6,0,1,0,0,1,0,0,5.42464E+20,5.9934E+21,9.64918E+15,5.40871E+16
2518,1.17063E+18,1,0,55,28,2017,6,10,3,3,1,6,0,1,0,0,0,0,0,6.0159E+20,6.00384E+21,1.05563E+16,5.41726E+16
2519,1.17061E+18,1,0,59,1,2017,6,15,3,3,5,3,0,1,0,0,1,0,0,5.27971E+20,6.02563E+21,9.43063E+15,5.43777E+16
2520,1.17052E+18,1,0,56,30,2017,5,17,4,3,2,6,0,1,0,0,0,0,0,5.4466E+20,5.9623E+21,9.67819E+15,5.38073E+16
2521,1.1706E+18,1,0,4,0,2017,6,22,6,3,5,2,0,1,0,0,0,2,0,5.64702E+20,5.99492E+21,9.98941E+15,5.40984E+16
2522,1.17061E+18,1,0,53,116,2017,6,8,3,3,5,2,1,1,0,0,0,0,0,5.98641E+20,5.93006E+21,1.04875E+16,5.35102E+16
2523,1.17052E+18,1,0,60,47,2017,5,18,4,2,4,6,0,1,0,0,0,0,0,5.71355E+20,5.96474E+21,1.00841E+16,5.38263E+16
2524,1.17052E+18,1,0,56,3,2017,5,5,4,3,9,1,0,1,0,0,0,0,0,5.50825E+20,5.95783E+21,9.77106E+15,5.37666E+16
2525,1.1706E+18,1,0,57,57,2017,6,11,6,3,2,6,0,1,0,0,0,0,0,5.93663E+20,6.00216E+21,1.04344E+16,5.4159E+16
2526,1.17061E+18,1,0,2,0,2017,6,17,4,3,2,6,0,1,0,0,0,0,1,5.70055E+20,6.01872E+21,1.00768E+16,5.43115E+16
2527,1.17052E+18,1,0,56,39,2017,5,16,4,3,4,2,1,1,0,0,0,0,0,5.51893E+20,5.94581E+21,9.78526E+15,5.36584E+16
2528,1.1706E+18,1,0,2,0,2017,6,12,6,3,2,6,0,1,0,0,0,0,0,5.74983E+20,6.01865E+21,1.01525E+16,5.43102E+16
2529,1.17052E+18,1,0,62,59,2017,5,18,4,3,5,3,1,0,0,0,1,0,0,5.96592E+20,5.97083E+21,1.04693E+16,5.3877E+16
2530,1.17071E+18,1,0,1,0,2017,7,19,6,3,8,1,0,1,0,0,0,0,1,5.27286E+20,6.06913E+21,9.42412E+15,5.47686E+16
2531,1.1706E+18,1,0,2,0,2017,6,14,6,3,5,7,0,1,0,0,0,0,0,5.73304E+20,6.01875E+21,1.01267E+16,5.43114E+16
2532,1.17071E+18,1,0,3,0,2017,7,14,6,3,5,3,0,1,0,0,0,0,0,6.09712E+20,5.97125E+21,1.06689E+16,5.38781E+16
2533,1.1706E+18,1,0,54,56,2017,6,13,6,3,2,6,0,1,0,1,0,0,0,5.0335E+20,6.03751E+21,9.05172E+15,5.44852E+16
2534,1.17063E+18,1,0,59,19,2017,6,2,1,2,6,4,0,1,1,0,0,2,0,5.30372E+20,6.03618E+21,9.46867E+15,5.44723E+16
2535,1.17063E+18,1,0,1,0,2017,6,21,6,3,8,1,0,1,0,0,0,0,1,5.26434E+20,6.07091E+21,9.41104E+15,5.47847E+16
2536,1.1706E+18,1,0,59,183,2017,6,11,6,3,5,2,0,0,0,1,1,0,0,5.1812E+20,6.06778E+21,9.28157E+15,5.4757E+16
2537,1.17062E+18,1,0,62,18,2017,6,10,4,2,5,3,1,1,0,0,0,0,0,5.81414E+20,5.93118E+21,1.02281E+16,5.35232E+16
2538,1.17062E+18,1,0,55,32,2017,6,5,4,2,5,3,1,1,0,0,0,0,0,6.18235E+20,5.99686E+21,1.08085E+16,5.41063E+16
2539,1.17062E+18,1,0,3,0,2017,6,8,4,3,5,2,1,1,0,0,0,0,0,6.11496E+20,5.97028E+21,1.06957E+16,5.3869E+16
2540,1.17062E+18,1,0,3,0,2017,6,5,4,3,2,6,0,1,0,0,0,0,0,6.09147E+20,5.97078E+21,1.06602E+16,5.3874E+16
2541,1.17052E+18,1,0,62,16,2017,5,17,4,2,2,6,0,1,0,0,1,0,0,5.8319E+20,5.95691E+21,1.02617E+16,5.37541E+16
2542,1.17062E+18,1,0,55,4,2017,6,11,4,3,5,3,1,1,0,0,0,0,0,6.11316E+20,5.97574E+21,1.06949E+16,5.39181E+16
2543,1.17063E+18,1,0,56,41,2017,6,14,1,3,3,6,0,1,0,0,0,0,0,5.62555E+20,5.95565E+21,9.94855E+15,5.37458E+16
2544,1.17052E+18,1,0,62,9,2017,5,17,4,3,2,6,0,1,0,0,0,0,0,5.81427E+20,5.93519E+21,1.02293E+16,5.35592E+16
2545,1.17071E+18,1,0,1,0,2017,7,17,3,3,2,7,0,0,0,1,1,0,0,5.26386E+20,6.0725E+21,9.41044E+15,5.4799E+16
2546,1.17062E+18,1,0,55,46,2017,6,9,4,3,2,6,0,1,0,0,0,0,0,6.40725E+20,6.03525E+21,1.11702E+16,5.44454E+16
2547,1.17062E+18,1,0,51,63,2017,6,22,7,3,0,7,1,0,0,0,0,2,0,5.1152E+20,5.9913E+21,9.17603E+15,5.40698E+16
2548,1.17052E+18,1,0,62,9,2017,5,16,4,3,2,6,0,1,0,0,0,0,0,5.81427E+20,5.93519E+21,1.02293E+16,5.35592E+16
2549,1.17052E+18,1,0,55,32,2017,5,18,4,3,2,6,0,1,0,1,0,0,0,6.17221E+20,5.99605E+21,1.07926E+16,5.40992E+16
2550,1.17071E+18,1,0,2,0,2017,7,8,3,3,5,2,1,1,0,0,0,0,1,5.72524E+20,6.02035E+21,1.01151E+16,5.43259E+16
2551,1.17062E+18,1,0,3,0,2017,6,11,4,3,5,3,1,1,0,0,0,0,0,6.10338E+20,5.97168E+21,1.06786E+16,5.38818E+16
2552,1.17062E+18,1,0,4,0,2017,6,14,4,3,0,7,1,0,1,0,0,0,0,5.64228E+20,5.99745E+21,9.98272E+15,5.41212E+16
2553,1.17062E+18,1,0,56,39,2017,6,12,7,3,5,3,1,1,0,0,0,0,1,5.52395E+20,5.9482E+21,9.79326E+15,5.36799E+16
2554,1.17052E+18,1,0,55,40,2017,5,22,4,2,8,1,0,1,0,0,0,2,0,6.06333E+20,5.97292E+21,1.06181E+16,5.38938E+16
2555,1.17052E+18,1,0,3,0,2017,5,14,4,3,2,6,0,1,0,0,0,0,0,6.09964E+20,5.96787E+21,1.06716E+16,5.38476E+16
2556,1.17071E+18,1,0,51,114,2017,7,12,3,3,5,3,0,1,0,0,1,0,0,5.18819E+20,6.00725E+21,9.28857E+15,5.42129E+16
2557,1.17062E+18,1,0,58,135,2017,6,19,4,3,5,3,0,1,0,0,0,0,0,5.42961E+20,6.01801E+21,9.66028E+15,5.43081E+16
2558,1.17062E+18,1,0,4,0,2017,6,15,4,3,2,6,0,1,0,1,0,0,0,5.64497E+20,5.99361E+21,9.98601E+15,5.40866E+16
2559,1.17071E+18,1,0,60,25,2017,7,14,6,3,8,1,0,1,0,0,0,0,1,5.98731E+20,5.99086E+21,1.05083E+16,5.40565E+16
2560,1.1706E+18,1,0,54,56,2017,6,19,6,3,5,2,1,1,0,0,0,0,0,5.04558E+20,6.03661E+21,9.07034E+15,5.44771E+16
2561,1.17062E+18,1,0,56,15,2017,6,8,7,3,5,3,0,1,0,0,0,0,1,5.42817E+20,5.95609E+21,9.64935E+15,5.37516E+16
2562,1.17052E+18,1,0,3,0,2017,5,14,4,3,2,6,0,1,0,0,0,0,0,6.08025E+20,5.96753E+21,1.0642E+16,5.38451E+16
2563,1.17062E+18,1,0,58,34,2017,6,16,4,3,5,2,1,1,0,0,0,0,0,5.44304E+20,6.01893E+21,9.68107E+15,5.43163E+16
2564,1.17062E+18,1,0,2,0,2017,6,14,4,2,5,2,0,1,0,0,0,0,0,5.73599E+20,6.01862E+21,1.01313E+16,5.43101E+16
2565,1.17071E+18,1,0,1,0,2017,7,18,7,3,2,6,0,1,0,1,0,0,0,5.28259E+20,6.07072E+21,9.43939E+15,5.47829E+16
2566,1.1706E+18,1,0,59,80,2017,6,17,6,3,8,1,0,0,0,1,0,0,0,5.48274E+20,6.04931E+21,9.74705E+15,5.4589E+16
2567,1.17052E+18,1,0,3,0,2017,5,6,4,3,5,3,1,1,0,0,0,0,0,6.10656E+20,5.96833E+21,1.06822E+16,5.38517E+16
2568,1.17062E+18,1,0,57,22,2017,6,17,4,2,0,7,0,1,0,1,0,0,0,5.95987E+20,6.00724E+21,1.04716E+16,5.42042E+16
2569,1.1706E+18,1,0,59,41,2017,6,6,6,3,5,3,0,1,0,1,0,0,0,5.31634E+20,6.03935E+21,9.48848E+15,5.45007E+16
2570,1.17071E+18,1,0,3,0,2017,7,5,7,3,3,2,0,1,0,0,0,0,0,6.1014E+20,5.96993E+21,1.0675E+16,5.38662E+16
2571,1.17052E+18,1,0,55,1,2017,5,14,4,3,1,5,0,1,0,0,0,0,0,6.0331E+20,5.98522E+21,1.05763E+16,5.4005E+16
2572,1.17062E+18,1,0,2,0,2017,6,5,4,3,5,2,0,1,0,0,0,0,0,5.72482E+20,6.02112E+21,1.01147E+16,5.43328E+16
2573,1.17063E+18,1,0,51,3,2017,6,6,6,3,0,7,0,0,0,1,0,0,1,5.12729E+20,5.97601E+21,9.19388E+15,5.39323E+16
2574,1.1706E+18,1,0,54,36,2017,6,7,6,3,4,6,0,1,0,0,1,0,0,4.86449E+20,6.02032E+21,8.79162E+15,5.43305E+16
2575,1.17071E+18,1,0,62,25,2017,7,10,1,3,9,7,0,1,0,0,1,0,0,6.03385E+20,5.96686E+21,1.05712E+16,5.38399E+16
2576,1.17062E+18,1,0,2,0,2017,6,15,4,3,6,6,1,0,1,0,0,0,0,5.70841E+20,6.02326E+21,1.009E+16,5.43523E+16
2577,1.1707E+18,1,0,4,0,2017,7,11,7,3,4,1,0,1,0,0,0,0,1,5.63085E+20,5.9886E+21,9.96337E+15,5.40418E+16
2578,1.1706E+18,1,0,59,98,2017,6,13,6,3,4,2,0,1,0,0,0,0,0,5.38139E+20,6.04468E+21,9.58962E+15,5.45482E+16
2579,1.17071E+18,1,0,58,127,2017,7,8,1,3,5,6,1,1,0,0,0,0,0,5.38388E+20,6.02742E+21,9.59122E+15,5.43931E+16
2580,1.1707E+18,1,0,59,26,2017,7,14,1,3,2,3,0,1,0,1,0,0,0,5.40258E+20,6.03861E+21,9.62155E+15,5.44935E+16
2581,1.1707E+18,1,0,53,12,2017,7,21,1,2,8,1,0,0,0,1,0,1,0,5.85795E+20,5.92497E+21,1.02924E+16,5.34668E+16
2582,1.17052E+18,1,0,58,105,2017,5,7,4,2,4,6,0,1,0,0,0,0,0,5.68424E+20,6.01564E+21,1.0051E+16,5.42841E+16
2583,1.17062E+18,1,0,59,174,2017,6,12,4,3,4,7,0,1,0,0,1,0,0,5.19052E+20,6.05716E+21,9.29535E+15,5.46615E+16
2584,1.1706E+18,1,0,62,91,2017,6,15,6,3,5,2,0,1,0,1,0,0,0,5.90828E+20,5.95376E+21,1.03766E+16,5.37246E+16
2585,1.1707E+18,1,0,56,39,2017,7,8,2,2,3,1,0,1,0,0,0,0,0,5.52976E+20,5.94765E+21,9.80196E+15,5.36749E+16
2586,1.17052E+18,1,0,58,64,2017,5,14,4,3,8,6,0,1,0,0,0,0,0,5.70252E+20,6.00253E+21,1.00761E+16,5.4166E+16
2587,1.17062E+18,1,0,1,0,2017,6,23,4,3,0,1,1,0,0,0,0,2,0,5.28021E+20,6.07043E+21,9.43566E+15,5.47803E+16
2588,1.1706E+18,1,0,56,5,2017,6,13,6,3,5,3,0,1,0,1,0,0,0,5.59783E+20,5.94649E+21,9.90476E+15,5.36637E+16
2589,1.17052E+18,1,0,58,58,2017,5,16,4,3,5,2,1,1,0,0,0,0,0,5.63844E+20,6.02995E+21,9.98377E+15,5.44133E+16
2590,1.17052E+18,1,0,58,120,2017,5,7,4,2,5,3,0,1,0,0,0,0,0,5.48168E+20,6.0013E+21,9.73763E+15,5.41576E+16
2591,1.17063E+18,1,0,56,26,2017,6,9,1,2,9,1,0,1,0,0,0,0,1,5.5698E+20,5.957E+21,9.86428E+15,5.37585E+16
2592,1.1706E+18,1,0,54,22,2017,6,14,7,3,9,1,0,1,0,0,0,0,0,4.83978E+20,6.06041E+21,8.75144E+15,5.46908E+16
2593,1.17052E+18,1,0,58,52,2017,5,16,4,2,5,3,0,1,0,1,0,0,0,5.43799E+20,6.03648E+21,9.67589E+15,5.44741E+16
2594,1.17052E+18,1,0,58,148,2017,5,12,4,3,5,6,0,1,0,0,1,0,0,5.40034E+20,6.01142E+21,9.61442E+15,5.42492E+16
2595,1.17062E+18,1,0,54,144,2017,6,19,4,3,8,1,1,0,0,0,0,0,0,5.1192E+20,6.04714E+21,9.18439E+15,5.45717E+16
2596,1.1706E+18,1,0,60,96,2017,6,8,6,3,2,6,0,1,0,0,1,0,0,5.88406E+20,5.97552E+21,1.03462E+16,5.39205E+16
2597,1.17063E+18,1,0,2,0,2017,6,16,2,3,5,3,1,1,0,0,0,0,0,5.73756E+20,6.02981E+21,1.01364E+16,5.44107E+16
2598,1.1706E+18,1,0,56,15,2017,6,19,7,3,5,3,0,1,0,0,0,0,0,5.4376E+20,5.9569E+21,9.66376E+15,5.37589E+16
2599,1.17052E+18,1,0,58,117,2017,5,12,4,3,5,3,1,1,0,0,0,0,0,5.56018E+20,6.00244E+21,9.85804E+15,5.4167E+16
2600,1.17052E+18,1,0,2,0,2017,5,6,4,3,0,2,1,1,0,0,0,0,0,5.74367E+20,6.02045E+21,1.01435E+16,5.43265E+16
2601,1.1706E+18,1,0,60,5,2017,6,8,5,3,2,6,0,1,0,0,0,0,0,5.86601E+20,5.97635E+21,1.03189E+16,5.39283E+16
2602,1.1706E+18,1,0,58,70,2017,6,9,1,3,5,3,0,1,0,0,0,0,1,5.33862E+20,6.00944E+21,9.51949E+15,5.42318E+16
2603,1.17052E+18,1,0,57,69,2017,5,15,4,3,2,6,0,1,0,0,0,0,0,5.79908E+20,5.99403E+21,1.02217E+16,5.40882E+16
2604,1.1706E+18,1,0,60,72,2017,6,15,5,2,4,6,1,0,0,0,0,0,0,5.8281E+20,5.99267E+21,1.02657E+16,5.40756E+16
2605,1.17061E+18,1,0,59,75,2017,6,19,2,3,5,3,0,1,0,0,0,0,0,5.3621E+20,6.04315E+21,9.5596E+15,5.45346E+16
2606,1.17052E+18,1,0,2,0,2017,5,16,4,3,6,7,1,0,1,0,0,0,0,5.69366E+20,6.02021E+21,1.00666E+16,5.43251E+16
2607,1.1706E+18,1,0,60,68,2017,6,18,5,3,2,6,0,1,0,0,0,0,0,5.77386E+20,5.98436E+21,1.01806E+16,5.40017E+16
2608,1.17052E+18,1,0,57,48,2017,5,12,4,3,2,6,0,1,0,1,0,0,0,6.03821E+20,6.01762E+21,1.05953E+16,5.42959E+16
2609,1.17062E+18,1,0,54,6,2017,6,16,4,2,6,4,0,1,1,0,0,0,0,5.01673E+20,6.04809E+21,9.02588E+15,5.45803E+16
2610,1.1706E+18,1,0,60,63,2017,6,12,5,2,4,6,0,1,0,0,0,0,0,5.70411E+20,5.95152E+21,1.00667E+16,5.37076E+16
2611,1.17052E+18,1,0,57,62,2017,5,16,4,3,5,3,1,1,0,0,0,0,0,5.83037E+20,6.00895E+21,1.02736E+16,5.42218E+16
2612,1.17052E+18,1,0,1,0,2017,5,17,4,3,2,6,0,1,0,0,0,0,0,5.27271E+20,6.06948E+21,9.42391E+15,5.47718E+16
2613,1.17062E+18,1,0,62,78,2017,6,5,4,3,8,7,0,0,0,0,1,0,0,5.87878E+20,5.9519E+21,1.03314E+16,5.37084E+16
2614,1.1706E+18,1,0,60,92,2017,6,5,5,2,8,1,0,1,0,0,0,0,0,5.78101E+20,5.98053E+21,1.01906E+16,5.39672E+16
2615,1.17062E+18,1,0,56,39,2017,6,11,4,3,2,6,0,1,0,0,1,0,0,5.53505E+20,5.94698E+21,9.80985E+15,5.36688E+16
2616,1.1706E+18,1,0,53,2,2017,6,17,5,3,5,2,1,1,0,0,0,0,0,6.10532E+20,5.94269E+21,1.06712E+16,5.36214E+16
2617,1.17052E+18,1,0,59,83,2017,5,7,4,3,5,2,1,1,0,0,0,0,0,5.49096E+20,6.05483E+21,9.76069E+15,5.46385E+16
2618,1.17052E+18,1,0,59,116,2017,5,12,4,3,5,3,0,1,0,0,1,0,0,5.32776E+20,6.06104E+21,9.50853E+15,5.46956E+16
2619,1.17062E+18,1,0,57,80,2017,6,9,4,3,4,1,0,1,0,0,1,0,0,5.78988E+20,6.00042E+21,1.02093E+16,5.41458E+16
2620,1.1706E+18,1,0,62,53,2017,6,15,5,3,5,3,1,1,0,0,0,0,0,5.7724E+20,5.93322E+21,1.01656E+16,5.35422E+16
2621,1.17062E+18,1,0,51,119,2017,6,18,3,3,0,2,0,1,0,0,0,0,0,5.05648E+20,5.98061E+21,9.08611E+15,5.39738E+16
2622,1.17071E+18,1,0,54,168,2017,7,17,1,2,8,7,1,0,0,0,0,0,0,4.54918E+20,6.08125E+21,8.29739E+15,5.48763E+16
2623,1.1706E+18,1,0,53,72,2017,6,6,5,3,2,6,0,1,0,0,0,0,0,5.87301E+20,5.92744E+21,1.03158E+16,5.34887E+16
2624,1.17052E+18,1,0,54,19,2017,5,8,4,3,8,7,0,1,0,0,0,0,0,4.98857E+20,6.05488E+21,8.98228E+15,5.46414E+16
2625,1.17062E+18,1,0,61,46,2017,6,17,3,3,5,2,1,1,0,0,0,0,0,5.3319E+20,5.97604E+21,9.50552E+15,5.39317E+16
2626,1.1706E+18,1,0,53,85,2017,6,17,5,3,8,1,0,0,0,1,0,0,0,5.98518E+20,5.9452E+21,1.04904E+16,5.36463E+16
2627,1.17071E+18,1,0,3,0,2017,7,12,1,2,5,2,0,1,0,1,0,0,0,6.08514E+20,5.97042E+21,1.06504E+16,5.38709E+16
2628,1.17052E+18,1,0,62,9,2017,5,10,4,3,2,6,0,1,0,0,0,0,0,5.79721E+20,5.93746E+21,1.02041E+16,5.35799E+16
2629,1.17062E+18,1,0,61,44,2017,6,16,3,3,5,3,0,1,0,0,0,0,0,5.42149E+20,5.95938E+21,9.63967E+15,5.37813E+16
2630,1.1707E+18,1,0,54,168,2017,7,11,1,3,0,1,1,0,0,0,0,0,0,4.55666E+20,6.08393E+21,8.30864E+15,5.49004E+16
2631,1.1706E+18,1,0,53,90,2017,6,19,5,3,5,3,1,1,0,0,0,0,0,6.11251E+20,5.9421E+21,1.06818E+16,5.36159E+16
2632,1.17062E+18,1,0,51,13,2017,6,16,3,3,5,3,0,1,0,0,0,0,0,4.90876E+20,5.99843E+21,8.86036E+15,5.41339E+16
2633,1.1707E+18,1,0,53,2,2017,7,19,1,3,2,2,1,1,0,0,0,0,0,6.10529E+20,5.9427E+21,1.06711E+16,5.36214E+16
2634,1.1706E+18,1,0,3,0,2017,6,19,5,3,5,3,1,1,0,0,0,0,0,6.11929E+20,5.96841E+21,1.07016E+16,5.38521E+16
2635,1.1707E+18,1,0,56,39,2017,7,13,2,3,9,6,0,1,0,0,1,0,0,5.53555E+20,5.94694E+21,9.8106E+15,5.36685E+16
2636,1.1707E+18,1,0,3,0,2017,7,10,2,2,4,2,0,1,0,1,0,0,0,6.11585E+20,5.96882E+21,1.06965E+16,5.38559E+16
2637,1.17052E+18,1,0,58,81,2017,5,4,4,3,7,7,0,0,0,1,0,1,0,5.42653E+20,6.0263E+21,9.65674E+15,5.43827E+16
2638,1.17063E+18,1,0,61,12,2017,6,17,1,2,5,3,0,1,0,1,0,0,0,5.3022E+20,5.96243E+21,9.45893E+15,5.38095E+16
2639,1.1707E+18,1,0,56,50,2017,7,13,2,3,5,3,1,0,0,0,0,0,0,5.46838E+20,5.93794E+21,9.70759E+15,5.35883E+16
2640,1.17052E+18,1,0,61,46,2017,5,19,3,3,3,2,1,1,0,0,0,0,0,5.33889E+20,5.97398E+21,9.51593E+15,5.39131E+16
2641,1.17063E+18,1,0,2,0,2017,6,22,2,3,5,2,1,1,0,0,0,1,0,5.73745E+20,6.01924E+21,1.01336E+16,5.43157E+16
2642,1.1706E+18,1,0,60,39,2017,6,16,7,3,5,2,0,1,0,0,1,0,0,5.6463E+20,5.96077E+21,9.98109E+15,5.37915E+16
2643,1.1707E+18,1,0,2,0,2017,7,13,3,3,5,2,1,1,0,0,0,0,0,5.72248E+20,6.0192E+21,1.01106E+16,5.43156E+16
2644,1.17052E+18,1,0,60,5,2017,5,16,3,3,2,6,0,1,0,0,1,0,1,5.86516E+20,5.97643E+21,1.03177E+16,5.3929E+16
2645,1.17063E+18,1,0,53,5,2017,6,7,2,3,2,6,0,1,0,0,0,0,0,6.08204E+20,5.94226E+21,1.06358E+16,5.3618E+16
2646,1.1706E+18,1,0,62,16,2017,6,18,1,3,8,1,0,0,0,1,0,0,0,5.81917E+20,5.95978E+21,1.02432E+16,5.37801E+16
2647,1.17052E+18,1,0,60,85,2017,5,7,3,3,1,7,1,1,0,0,0,0,0,5.81137E+20,5.96192E+21,1.02319E+16,5.37995E+16
2648,1.1706E+18,1,0,3,0,2017,6,14,5,3,5,7,0,1,0,0,0,0,0,6.08023E+20,5.96818E+21,1.06422E+16,5.38508E+16
2649,1.17063E+18,1,0,54,113,2017,6,15,3,3,8,7,1,0,0,0,0,0,0,4.78875E+20,6.01487E+21,8.67553E+15,5.42813E+16
2650,1.17061E+18,1,0,54,95,2017,6,13,2,2,5,3,0,1,0,0,0,0,0,4.98609E+20,6.02441E+21,8.97858E+15,5.43675E+16
2651,1.17052E+18,1,0,56,15,2017,5,14,3,3,3,6,0,1,0,0,1,0,0,5.4471E+20,5.95584E+21,9.67801E+15,5.37493E+16
2652,1.1706E+18,1,0,55,16,2017,6,18,5,2,5,3,0,1,0,1,0,0,0,6.27984E+20,6.00241E+21,1.09598E+16,5.41538E+16
2653,1.17061E+18,1,0,59,120,2017,6,9,3,3,5,3,0,1,0,0,1,0,0,5.23927E+20,6.07195E+21,9.37215E+15,5.47941E+16
2654,1.17052E+18,1,0,56,18,2017,5,15,3,3,9,1,0,1,0,0,0,0,1,5.55158E+20,5.9424E+21,9.83406E+15,5.36275E+16
2655,1.1706E+18,1,0,3,0,2017,6,14,5,3,3,6,1,1,0,0,0,0,0,6.22473E+20,5.98118E+21,1.08669E+16,5.39645E+16