OBJECTID,UIDENTSTLA,ULAND,UREGBEZ,UKREIS,UGEMEINDE,UJAHR,UMONAT,USTUNDE,UWOCHENTAG,UKATEGORIE,UART,UTYP1,IstRad,IstPKW,IstFuss,IstKrad,IstSonstig,LICHT,STRZUSTAND,LINREFX,LINREFY,XGCSWGS84,YGCSWGS84
3008,1.17063E+18,1,0,3,0,2017,6,9,4,3,5,3,1,0,0,0,1,0,0,6.10997E+20,5.96826E+21,1.06874E+16,5.3851E+16
3009,1.17071E+18,1,0,60,63,2017,7,11,5,2,5,3,0,1,0,1,0,0,0,5.6569E+20,5.94843E+21,9.99456E+15,5.36805E+16
3010,1.17062E+18,1,0,3,0,2017,6,16,6,3,0,1,0,1,0,0,0,0,0,6.08472E+20,5.96807E+21,1.0649E+16,5.38498E+16
3011,1.17063E+18,1,0,51,139,2017,6,9,4,3,5,3,0,1,0,0,0,0,0,5.19697E+20,6.00514E+21,9.3019E+15,5.41939E+16
3012,1.17071E+18,1,0,59,90,2017,7,19,6,3,0,1,1,0,0,0,0,0,0,5.39586E+20,6.04851E+21,9.6125E+15,5.45825E+16
3013,1.17062E+18,1,0,58,135,2017,6,13,6,3,2,6,0,1,0,0,0,0,1,5.4297E+20,6.01646E+21,9.6602E+15,5.42942E+16
3014,1.17063E+18,1,0,55,46,2017,6,19,5,3,8,1,0,1,0,0,0,0,1,6.43754E+20,6.04064E+21,1.12196E+16,5.4493E+16
3015,1.17071E+18,1,0,55,33,2017,7,12,6,3,2,6,0,1,0,0,0,0,1,6.22393E+20,6.01665E+21,1.08801E+16,5.42831E+16
3016,1.17062E+18,1,0,58,124,2017,6,14,6,3,0,7,1,0,0,0,0,0,0,5.44524E+20,6.01572E+21,9.68396E+15,5.42875E+16
3017,1.17063E+18,1,0,59,183,2017,6,14,6,2,2,6,0,1,0,0,1,0,1,5.21394E+20,6.07227E+21,9.33277E+15,5.47972E+16
3018,1.17063E+18,1,0,2,0,2017,6,12,6,3,2,6,0,1,0,0,1,0,1,5.72161E+20,6.01873E+21,1.01092E+16,5.43113E+16
3019,1.17062E+18,1,0,62,6,2017,6,14,1,3,0,1,1,0,0,0,0,0,0,5.83341E+20,5.95489E+21,1.02635E+16,5.3736E+16
3020,1.17062E+18,1,0,53,32,2017,6,19,1,3,8,7,0,1,0,0,0,0,0,5.88763E+20,5.92276E+21,1.03365E+16,5.34463E+16
3021,1.17071E+18,1,0,53,90,2017,7,19,1,3,2,7,0,1,0,1,0,0,0,6.12489E+20,5.94408E+21,1.07013E+16,5.36334E+16
3022,1.17062E+18,1,0,3,0,2017,6,13,1,2,6,4,1,0,1,0,0,0,0,6.11578E+20,5.96963E+21,1.06967E+16,5.38631E+16
3023,1.17071E+18,1,0,62,3,2017,7,20,2,3,2,6,0,1,0,0,1,0,0,6.02554E+20,5.97148E+21,1.05602E+16,5.38816E+16
3024,1.17062E+18,1,0,58,135,2017,6,13,1,3,2,6,0,1,0,0,0,0,0,5.43541E+20,6.01729E+21,9.6691E+15,5.43016E+16
3025,1.17071E+18,1,0,2,0,2017,7,13,2,3,0,7,1,0,0,0,0,0,1,5.73611E+20,6.021E+21,1.0132E+16,5.43316E+16
3026,1.17062E+18,1,0,58,43,2017,6,17,1,2,6,4,1,0,1,0,0,0,0,5.5608E+20,6.03365E+21,9.86484E+15,5.44474E+16
3027,1.17062E+18,1,0,58,148,2017,6,14,1,3,2,6,0,1,0,1,0,0,0,5.4021E+20,6.01193E+21,9.61719E+15,5.42538E+16
3028,1.17052E+18,1,0,53,83,2017,5,11,7,3,6,7,0,1,1,0,0,0,0,6.02889E+20,5.915E+21,1.05466E+16,5.33741E+16
3029,1.17071E+18,1,0,56,3,2017,7,17,2,2,8,1,0,1,0,0,0,0,1,5.49882E+20,5.95668E+21,9.75658E+15,5.37564E+16
3030,1.17062E+18,1,0,2,0,2017,6,15,1,3,5,3,0,1,0,0,0,0,0,5.74051E+20,6.01832E+21,1.01381E+16,5.43074E+16
3031,1.17062E+18,1,0,57,25,2017,6,20,1,3,2,6,0,1,0,0,0,0,0,5.78141E+20,6.02533E+21,1.02028E+16,5.43698E+16
3032,1.17062E+18,1,0,58,59,2017,6,8,6,3,8,7,0,1,0,0,0,0,1,5.54891E+20,5.999E+21,9.84015E+15,5.41362E+16
3033,1.17071E+18,1,0,54,56,2017,7,16,3,3,2,6,0,1,0,0,0,0,0,5.03431E+20,6.03438E+21,9.05293E+15,5.44571E+16
3034,1.17062E+18,1,0,2,0,2017,6,17,1,2,4,1,1,1,0,0,0,0,0,5.72735E+20,6.01819E+21,1.01179E+16,5.43064E+16
3035,1.17062E+18,1,0,58,34,2017,6,9,6,3,2,6,0,1,0,0,1,0,1,5.45239E+20,6.02E+21,9.69559E+15,5.43259E+16
3036,1.17052E+18,1,0,53,100,2017,5,14,7,3,4,6,0,1,0,0,0,0,0,6.1773E+20,5.95125E+21,1.07832E+16,5.36967E+16
3037,1.17071E+18,1,0,53,32,2017,7,12,3,3,2,6,0,1,0,0,0,0,0,5.9237E+20,5.92119E+21,1.03903E+16,5.34317E+16
3038,1.17062E+18,1,0,57,79,2017,6,15,1,3,0,1,1,0,0,0,0,0,0,5.8127E+20,6.03035E+21,1.02523E+16,5.44143E+16
3039,1.17071E+18,1,0,56,50,2017,7,18,6,3,2,6,0,1,0,0,0,0,0,5.47009E+20,5.93891E+21,9.71031E+15,5.35969E+16
3040,1.17071E+18,1,0,54,75,2017,7,18,7,3,5,3,0,1,0,1,0,0,0,4.9482E+20,6.05893E+21,8.91967E+15,5.46777E+16
3041,1.17063E+18,1,0,62,82,2017,6,14,6,3,2,6,0,1,0,0,0,0,1,5.92787E+20,5.94164E+21,1.04027E+16,5.36154E+16
3042,1.17052E+18,1,0,62,6,2017,5,15,7,3,2,6,0,1,0,1,0,0,0,5.84367E+20,5.95456E+21,1.02789E+16,5.37329E+16
3043,1.1707E+18,1,0,56,18,2017,7,0,7,3,3,6,0,1,0,0,0,2,1,5.58187E+20,5.94236E+21,9.87984E+15,5.36268E+16
3044,1.17052E+18,1,0,3,0,2017,5,16,7,3,5,3,0,1,0,0,1,0,0,6.08956E+20,5.97162E+21,1.06576E+16,5.38815E+16
3045,1.17062E+18,1,0,1,0,2017,6,18,1,3,5,2,0,1,0,0,1,0,0,5.28772E+20,6.07157E+21,9.44746E+15,5.47905E+16
3046,1.17053E+18,1,0,58,91,2017,5,19,4,3,8,1,0,1,0,0,0,0,0,5.61432E+20,5.99556E+21,9.93955E+15,5.41045E+16
3047,1.1707E+18,1,0,55,44,2017,7,8,7,3,8,6,0,1,0,1,0,0,1,6.14861E+20,5.98844E+21,1.07537E+16,5.40315E+16
3048,1.17052E+18,1,0,3,0,2017,5,16,7,3,2,6,0,1,0,0,0,0,0,6.09183E+20,5.97164E+21,1.0661E+16,5.38817E+16
3049,1.17062E+18,1,0,1,0,2017,6,8,1,3,5,3,0,1,0,0,1,0,0,5.27485E+20,6.07116E+21,9.4274E+15,5.47869E+16
3050,1.17052E+18,1,0,55,46,2017,5,13,7,3,5,3,1,0,0,0,1,0,0,6.41603E+20,6.03495E+21,1.11836E+16,5.44425E+16
3051,1.17052E+18,1,0,55,4,2017,5,12,7,3,5,3,1,1,0,0,0,0,0,6.10442E+20,5.9761E+21,1.06818E+16,5.39215E+16
3052,1.17062E+18,1,0,59,161,2017,6,17,1,2,5,7,0,1,0,0,0,0,0,5.42928E+20,6.06428E+21,9.66652E+15,5.4724E+16
3053,1.17053E+18,1,0,51,48,2017,5,7,3,3,5,3,0,1,0,0,0,0,1,5.03593E+20,5.99957E+21,9.055E+15,5.41442E+16
3054,1.17062E+18,1,0,54,134,2017,6,16,1,2,5,2,0,1,0,1,0,0,0,4.8198E+20,6.0176E+21,8.72305E+15,5.4306E+16
3055,1.1706E+18,1,0,4,0,2017,6,16,6,3,2,6,0,1,0,0,0,0,0,5.6393E+20,5.98992E+21,9.97656E+15,5.40535E+16
3056,1.17052E+18,1,0,55,38,2017,5,2,7,3,1,5,0,1,0,0,1,2,0,6.1374E+20,6.00483E+21,1.07427E+16,5.41789E+16
3057,1.17052E+18,1,0,4,0,2017,5,11,7,3,6,4,0,1,1,0,0,0,0,5.64071E+20,5.99277E+21,9.97932E+15,5.40792E+16
3058,1.17062E+18,1,0,61,46,2017,6,16,7,3,2,6,0,1,0,0,0,0,0,5.33704E+20,5.97479E+21,9.5132E+15,5.39204E+16
3059,1.17053E+18,1,0,60,39,2017,5,18,3,3,2,6,0,1,0,0,0,0,0,5.64675E+20,5.96097E+21,9.98181E+15,5.37933E+16
3060,1.17062E+18,1,0,62,91,2017,6,21,7,3,8,1,0,0,0,1,0,1,0,5.90776E+20,5.95311E+21,1.03756E+16,5.37188E+16
3061,1.1706E+18,1,0,62,71,2017,6,17,6,3,0,1,0,0,0,1,0,0,0,5.8144E+20,5.9406E+21,1.02309E+16,5.36079E+16
3062,1.17052E+18,1,0,2,0,2017,5,15,7,3,2,6,0,1,0,0,0,0,0,5.73313E+20,6.02015E+21,1.01272E+16,5.43239E+16
3063,1.17062E+18,1,0,62,71,2017,6,20,7,3,2,7,0,1,0,0,0,0,0,5.79162E+20,5.94087E+21,1.01966E+16,5.36107E+16
3064,1.17053E+18,1,0,60,63,2017,5,6,3,3,4,2,0,1,0,0,0,1,1,5.67755E+20,5.95141E+21,1.00265E+16,5.3707E+16
3065,1.17062E+18,1,0,55,12,2017,6,0,7,2,8,1,0,1,0,0,0,2,0,6.01945E+20,5.99933E+21,1.05602E+16,5.41319E+16
3066,1.17062E+18,1,0,3,0,2017,6,14,7,3,2,5,0,1,0,0,0,0,0,6.10792E+20,5.96773E+21,1.06841E+16,5.38463E+16
3067,1.17052E+18,1,0,2,0,2017,5,16,7,3,5,3,0,1,0,0,0,0,0,5.72796E+20,6.01812E+21,1.01188E+16,5.43057E+16
3068,1.17071E+18,1,0,56,48,2017,7,19,2,3,8,1,0,1,0,0,0,0,0,5.4863E+20,5.95115E+21,9.73673E+15,5.37068E+16
3069,1.17062E+18,1,0,4,0,2017,6,13,7,3,2,6,0,1,0,1,1,0,0,5.6462E+20,5.9944E+21,9.98805E+15,5.40937E+16
3070,1.17052E+18,1,0,57,3,2017,5,17,7,3,5,3,1,1,0,0,0,0,0,5.85854E+20,6.0293E+21,1.03226E+16,5.44042E+16
3071,1.17071E+18,1,0,54,4,2017,7,6,3,3,8,1,0,0,0,1,0,0,1,5.16208E+20,6.043E+21,9.25049E+15,5.45343E+16
3072,1.17062E+18,1,0,58,82,2017,6,15,7,3,9,1,1,0,0,0,0,0,0,5.58105E+20,6.04541E+21,9.89839E+15,5.45529E+16
3073,1.17062E+18,1,0,4,0,2017,6,18,7,3,2,6,0,1,0,1,0,0,0,5.64133E+20,5.99035E+21,9.97976E+15,5.40574E+16
3074,1.17062E+18,1,0,58,135,2017,6,5,6,2,4,1,0,1,0,0,0,1,1,5.41205E+20,6.02076E+21,9.63369E+15,5.4333E+16
3075,1.17052E+18,1,0,54,23,2017,5,20,7,3,5,3,0,1,0,1,0,1,0,5.10133E+20,6.02332E+21,9.15592E+15,5.43576E+16
3076,1.17052E+18,1,0,54,109,2017,5,18,7,3,0,3,0,1,0,1,0,0,0,4.90759E+20,6.0716E+21,8.85629E+15,5.47915E+16
3077,1.17071E+18,1,0,62,1,2017,7,8,3,3,0,1,0,0,0,1,0,0,1,5.80612E+20,5.94677E+21,1.022E+16,5.36635E+16
3078,1.17062E+18,1,0,58,135,2017,6,16,7,3,0,7,0,1,0,1,0,0,0,5.44542E+20,6.0178E+21,9.68456E+15,5.43061E+16
3079,1.17062E+18,1,0,2,0,2017,6,3,7,3,8,1,0,1,0,0,0,1,0,5.74205E+20,6.02735E+21,1.01427E+16,5.43885E+16
3080,1.17062E+18,1,0,2,0,2017,6,7,6,3,0,1,0,0,0,1,0,0,1,5.72117E+20,6.01974E+21,1.01087E+16,5.43204E+16
3081,1.17052E+18,1,0,59,75,2017,5,14,7,3,5,2,0,1,0,0,0,0,0,5.36885E+20,6.04216E+21,9.56991E+15,5.45257E+16
3082,1.17062E+18,1,0,54,42,2017,6,3,7,3,0,1,0,0,0,1,0,2,0,5.01397E+20,6.04265E+21,9.02158E+15,5.45314E+16
3083,1.17071E+18,1,0,56,1,2017,7,15,6,3,2,6,0,1,0,0,0,0,0,5.50429E+20,5.94373E+21,9.76277E+15,5.36399E+16
3084,1.17053E+18,1,0,56,50,2017,5,15,3,3,2,1,0,1,0,0,0,0,0,5.48082E+20,5.9375E+21,9.72631E+15,5.35842E+16
3085,1.17062E+18,1,0,57,74,2017,6,8,6,3,0,4,0,0,1,1,0,0,1,5.78396E+20,6.02105E+21,1.02056E+16,5.43313E+16
3086,1.17052E+18,1,0,1,0,2017,5,9,7,3,2,6,0,1,0,0,0,0,0,5.27441E+20,6.07255E+21,9.42685E+15,5.47994E+16
3087,1.17062E+18,1,0,59,93,2017,6,1,7,3,9,1,0,1,0,0,0,2,0,5.37966E+20,6.05486E+21,9.58825E+15,5.46398E+16
3088,1.17071E+18,1,0,59,83,2017,7,15,7,3,5,3,1,1,0,0,0,0,0,5.50185E+20,6.05452E+21,9.7775E+15,5.46356E+16
3089,1.17052E+18,1,0,54,144,2017,5,10,7,3,4,6,0,1,0,0,0,0,0,5.11312E+20,6.04796E+21,9.17501E+15,5.4579E+16
3090,1.17062E+18,1,0,54,168,2017,6,11,7,3,5,3,1,1,0,0,0,0,0,4.62919E+20,6.08063E+21,8.42216E+15,5.48713E+16
3091,1.17063E+18,1,0,53,112,2017,6,12,6,3,8,1,0,0,0,0,1,0,1,5.94466E+20,5.94991E+21,1.04306E+16,5.36893E+16
3092,1.17053E+18,1,0,56,15,2017,5,17,3,3,5,2,1,1,0,0,0,0,0,5.41999E+20,5.95631E+21,9.63697E+15,5.37538E+16
3093,1.17071E+18,1,0,62,61,2017,7,15,7,2,4,6,0,1,0,1,0,0,0,5.96236E+20,5.96607E+21,1.04624E+16,5.38343E+16
3094,1.1707E+18,1,0,3,0,2017,7,4,7,3,3,6,0,1,0,0,1,2,1,6.09454E+20,5.97186E+21,1.06652E+16,5.38836E+16
3095,1.17071E+18,1,0,54,95,2017,7,17,1,3,2,6,0,0,0,1,0,0,0,4.97212E+20,6.02375E+21,8.9571E+15,5.43615E+16
3096,1.1707E+18,1,0,3,0,2017,7,11,7,3,2,6,0,1,0,0,0,0,1,6.0897E+20,5.97E+21,1.06572E+16,5.3867E+16
3097,1.17052E+18,1,0,58,24,2017,5,17,7,2,3,6,0,1,0,0,0,0,0,5.45912E+20,6.02201E+21,9.70625E+15,5.43439E+16
3098,1.1707E+18,1,0,57,62,2017,7,13,1,2,5,3,0,1,0,0,0,0,0,5.83375E+20,6.01051E+21,1.02792E+16,5.42358E+16
3099,1.17052E+18,1,0,60,12,2017,5,16,7,3,0,1,1,0,0,0,0,0,0,5.81552E+20,5.99095E+21,1.0246E+16,5.40604E+16
3100,1.17062E+18,1,0,54,18,2017,6,20,7,3,3,2,0,1,0,0,0,0,0,5.04908E+20,6.0799E+21,9.07647E+15,5.48661E+16
3101,1.1706E+18,1,0,55,44,2017,6,20,6,3,2,6,0,1,0,0,0,0,0,6.08676E+20,5.98956E+21,1.06597E+16,5.40428E+16
3102,1.1707E+18,1,0,60,44,2017,7,12,1,3,3,6,0,1,0,0,0,0,0,5.63619E+20,5.96547E+21,9.96671E+15,5.38339E+16
3103,1.17052E+18,1,0,51,87,2017,5,14,6,3,2,6,0,1,0,0,0,0,0,5.0872E+20,6.00844E+21,9.13375E+15,5.42239E+16
3104,1.17062E+18,1,0,59,24,2017,6,14,7,3,8,7,0,1,0,0,0,0,0,5.2359E+20,6.01843E+21,9.36261E+15,5.43132E+16
3105,1.1706E+18,1,0,53,100,2017,6,14,6,3,5,3,1,1,0,0,0,0,0,6.16481E+20,5.95151E+21,1.07644E+16,5.36993E+16
3106,1.17052E+18,1,0,51,47,2017,5,13,6,2,5,3,0,1,0,0,1,0,0,4.99304E+20,6.01337E+21,8.98931E+15,5.42683E+16
3107,1.17052E+18,1,0,60,64,2017,5,14,6,3,5,3,0,1,0,0,0,0,0,5.60669E+20,5.96791E+21,9.92238E+15,5.38562E+16
3108,1.17063E+18,1,0,2,0,2017,6,16,1,3,2,6,1,0,0,0,0,0,0,5.74174E+20,6.02337E+21,1.01413E+16,5.43527E+16
3109,1.1706E+18,1,0,51,97,2017,6,16,6,3,2,6,1,0,0,0,0,0,0,5.07638E+20,5.98278E+21,9.1165E+15,5.39933E+16
3110,1.17052E+18,1,0,60,63,2017,5,7,6,3,2,6,0,1,0,0,0,0,0,5.69461E+20,5.9505E+21,1.00521E+16,5.36986E+16
3111,1.17052E+18,1,0,56,39,2017,5,13,6,3,5,3,0,1,0,1,0,0,0,5.5302E+20,5.94609E+21,9.80235E+15,5.36609E+16
3112,1.17062E+18,1,0,51,99,2017,6,21,7,3,8,1,0,0,0,1,0,1,0,5.19168E+20,5.99186E+21,9.29294E+15,5.40746E+16
3113,1.17053E+18,1,0,56,1,2017,5,7,3,3,5,3,0,1,0,0,0,0,1,5.49629E+20,5.9431E+21,9.75057E+15,5.36343E+16
3114,1.17063E+18,1,0,54,168,2017,6,19,2,3,2,6,0,1,0,0,0,0,0,4.55914E+20,6.0847E+21,8.31239E+15,5.49074E+16
3115,1.1706E+18,1,0,57,22,2017,6,14,7,2,3,6,0,0,0,1,1,0,0,5.97456E+20,6.00869E+21,1.04946E+16,5.42169E+16
3116,1.17052E+18,1,0,62,1,2017,5,13,6,3,5,2,1,1,0,0,0,0,0,5.80773E+20,5.94691E+21,1.02225E+16,5.36647E+16
3117,1.17052E+18,1,0,53,112,2017,5,6,6,3,8,1,0,1,0,0,0,0,1,5.9466E+20,5.95043E+21,1.04336E+16,5.3694E+16
3118,1.17053E+18,1,0,56,15,2017,5,13,3,3,5,2,0,1,0,1,0,0,0,5.43243E+20,5.95653E+21,9.65587E+15,5.37556E+16
3119,1.1706E+18,1,0,60,2,2017,6,11,1,3,0,7,0,0,0,1,0,0,0,5.61999E+20,5.95958E+21,9.94092E+15,5.37811E+16
3120,1.17052E+18,1,0,62,86,2017,5,13,6,3,2,6,0,1,0,0,0,0,0,5.87171E+20,5.93595E+21,1.03162E+16,5.35652E+16
3121,1.17053E+18,1,0,62,4,2017,5,7,3,3,2,6,0,1,0,0,0,0,1,5.90834E+20,5.96342E+21,1.03795E+16,5.38114E+16
3122,1.17052E+18,1,0,3,0,2017,5,10,6,3,5,2,1,1,0,0,0,0,0,6.11239E+20,5.96908E+21,1.06914E+16,5.38583E+16
3123,1.1707E+18,1,0,62,60,2017,7,18,3,3,2,6,0,1,0,0,0,0,0,5.83942E+20,5.93133E+21,1.02662E+16,5.35241E+16
3124,1.17053E+18,1,0,62,82,2017,5,17,3,2,5,3,0,1,0,1,0,0,0,5.92919E+20,5.94119E+21,1.04045E+16,5.36112E+16
3125,1.17071E+18,1,0,2,0,2017,7,19,4,3,3,2,0,1,0,0,0,0,0,5.74456E+20,6.01768E+21,1.01442E+16,5.43015E+16
3126,1.17053E+18,1,0,53,83,2017,5,13,3,3,5,3,0,1,0,0,0,0,0,6.01325E+20,5.91505E+21,1.05231E+16,5.33748E+16
3127,1.17071E+18,1,0,62,9,2017,7,10,5,3,2,6,0,1,0,0,1,0,0,5.79141E+20,5.93659E+21,1.01952E+16,5.35722E+16
3128,1.17052E+18,1,0,55,4,2017,5,14,6,3,2,6,0,1,0,0,0,0,0,6.11491E+20,5.97626E+21,1.06978E+16,5.39227E+16
3129,1.17063E+18,1,0,61,46,2017,6,10,3,3,2,6,0,1,0,0,0,0,0,5.33619E+20,5.97545E+21,9.51198E+15,5.39264E+16
3130,1.17071E+18,1,0,4,0,2017,7,17,5,3,2,6,0,1,0,0,0,0,0,5.65908E+20,5.99194E+21,1.00072E+16,5.40714E+16
3131,1.17063E+18,1,0,59,26,2017,6,11,4,3,7,7,0,1,0,0,0,0,0,5.38024E+20,6.03946E+21,9.58716E+15,5.45013E+16
3132,1.17071E+18,1,0,60,4,2017,7,14,5,3,3,6,0,1,1,0,0,0,0,5.57243E+20,5.9757E+21,9.87175E+15,5.39266E+16
3133,1.17062E+18,1,0,57,42,2017,6,7,6,2,9,7,0,1,0,0,0,0,1,5.82667E+20,6.0043E+21,1.02666E+16,5.41801E+16
3134,1.17063E+18,1,0,53,129,2017,6,16,4,3,5,3,1,1,0,0,0,0,1,5.82542E+20,5.9274E+21,1.02441E+16,5.3489E+16
3135,1.17061E+18,1,0,54,56,2017,6,10,4,3,0,7,1,0,0,0,0,0,1,5.03684E+20,6.03675E+21,9.05686E+15,5.44784E+16
3136,1.17071E+18,1,0,59,184,2017,7,21,6,3,3,6,0,1,0,0,0,0,0,5.25267E+20,6.06485E+21,9.39237E+15,5.47303E+16
3137,1.17062E+18,1,0,2,0,2017,6,13,6,3,2,6,0,1,0,0,0,0,1,5.70768E+20,6.01737E+21,1.00874E+16,5.42993E+16
3138,1.17063E+18,1,0,4,0,2017,6,14,5,3,2,6,0,1,0,0,1,0,0,5.61818E+20,5.99165E+21,9.94465E+15,5.40693E+16
3139,1.17062E+18,1,0,2,0,2017,6,11,6,3,5,3,0,1,0,1,0,0,1,5.72234E+20,6.01828E+21,1.01102E+16,5.43073E+16
3140,1.17053E+18,1,0,3,0,2017,5,7,3,3,5,3,1,1,0,0,0,0,1,6.12384E+20,5.96967E+21,1.0709E+16,5.38633E+16
3141,1.17063E+18,1,0,51,44,2017,6,20,5,3,0,1,1,0,0,0,0,0,0,5.0565E+20,6.00512E+21,9.0866E+15,5.4194E+16
3142,1.17053E+18,1,0,55,41,2017,5,18,3,3,4,6,0,1,0,0,0,0,0,6.08575E+20,5.99702E+21,1.06608E+16,5.41098E+16
3143,1.17053E+18,1,0,55,28,2017,5,16,3,3,2,6,0,1,0,0,0,0,0,6.01995E+20,6.00459E+21,1.05628E+16,5.41792E+16
3144,1.17062E+18,1,0,51,114,2017,6,18,6,3,5,3,0,1,0,0,0,0,0,5.18418E+20,6.00812E+21,9.28248E+15,5.42207E+16
3145,1.17062E+18,1,0,51,102,2017,6,3,6,3,9,1,0,1,0,0,0,2,1,5.05721E+20,6.01781E+21,9.08793E+15,5.43082E+16
3146,1.17062E+18,1,0,61,61,2017,6,12,6,3,6,2,0,1,1,0,0,0,0,5.38037E+20,5.97087E+21,9.57869E+15,5.38848E+16
3147,1.17062E+18,1,0,60,47,2017,6,11,6,3,2,6,0,1,0,1,0,0,0,5.67206E+20,5.96292E+21,1.00207E+16,5.38105E+16
3148,1.17062E+18,1,0,56,50,2017,6,14,6,3,6,4,0,1,1,0,0,0,0,5.46675E+20,5.93716E+21,9.705E+15,5.35812E+16
3149,1.17062E+18,1,0,60,85,2017,6,13,6,3,2,2,0,1,0,0,0,0,0,5.78329E+20,5.96455E+21,1.019E+16,5.38236E+16
3150,1.17071E+18,1,0,60,89,2017,7,18,1,2,8,1,0,1,0,0,0,0,0,5.80523E+20,5.98873E+21,1.02297E+16,5.40405E+16
3151,1.17062E+18,1,0,56,15,2017,6,13,6,3,5,3,1,0,0,0,1,0,0,5.43957E+20,5.95565E+21,9.66657E+15,5.37477E+16
3152,1.17071E+18,1,0,2,0,2017,7,16,2,3,5,3,0,1,0,1,0,0,1,5.76217E+20,6.02809E+21,1.01739E+16,5.43949E+16
3153,1.17062E+18,1,0,60,63,2017,6,18,6,2,5,3,0,1,0,0,0,0,0,5.67973E+20,5.94955E+21,1.00294E+16,5.36903E+16
3154,1.17062E+18,1,0,53,2,2017,6,6,6,3,2,6,0,1,0,0,0,0,0,6.10277E+20,5.94309E+21,1.06675E+16,5.36249E+16
3155,1.17071E+18,1,0,3,0,2017,7,18,2,3,2,6,0,1,0,0,0,0,1,6.12145E+20,5.97226E+21,1.07063E+16,5.38867E+16
3156,1.17062E+18,1,0,62,82,2017,6,16,6,3,5,3,0,1,0,0,0,0,0,5.92073E+20,5.94193E+21,1.0392E+16,5.36181E+16
3157,1.17071E+18,1,0,62,23,2017,7,9,3,2,2,6,0,0,0,0,1,0,1,5.85708E+20,5.9462E+21,1.02969E+16,5.36575E+16
3158,1.17062E+18,1,0,3,0,2017,6,14,6,3,2,6,0,1,0,0,0,0,0,6.14665E+20,5.9707E+21,1.0744E+16,5.38721E+16
3159,1.17062E+18,1,0,3,0,2017,6,12,6,3,5,3,1,1,0,0,0,0,0,6.11288E+20,5.97101E+21,1.06928E+16,5.38756E+16
3160,1.17071E+18,1,0,60,63,2017,7,21,6,3,2,6,0,1,1,0,0,1,0,5.67103E+20,5.94885E+21,1.0016E+16,5.36841E+16
3161,1.17062E+18,1,0,3,0,2017,6,14,6,3,5,3,1,1,0,0,0,0,0,6.09903E+20,5.96905E+21,1.0671E+16,5.38583E+16
3162,1.17062E+18,1,0,3,0,2017,6,14,6,2,0,1,0,0,0,1,0,0,0,6.08724E+20,5.96715E+21,1.06525E+16,5.38415E+16
3163,1.17071E+18,1,0,2,0,2017,7,12,2,3,5,3,1,1,0,0,0,0,0,5.77371E+20,6.02077E+21,1.01898E+16,5.43289E+16
3164,1.17062E+18,1,0,3,0,2017,6,15,6,3,5,2,1,1,0,0,0,0,0,6.10704E+20,5.96765E+21,1.06827E+16,5.38455E+16
3165,1.17052E+18,1,0,58,86,2017,5,10,6,3,3,6,1,0,0,0,1,0,0,5.44403E+20,6.00864E+21,9.68106E+15,5.42239E+16
3166,1.17071E+18,1,0,55,40,2017,7,14,2,2,6,4,0,1,1,0,0,0,1,6.08483E+20,5.97231E+21,1.06506E+16,5.38879E+16
3167,1.17062E+18,1,0,55,39,2017,6,10,6,3,8,1,0,0,0,1,0,0,0,6.16432E+20,5.99508E+21,1.07802E+16,5.40907E+16
3168,1.17062E+18,1,0,3,0,2017,6,17,6,3,5,2,1,1,0,0,0,0,0,6.10117E+20,5.96992E+21,1.06746E+16,5.38661E+16
3169,1.17052E+18,1,0,58,92,2017,5,7,6,3,2,2,0,1,0,0,0,0,0,5.71404E+20,6.02238E+21,1.00984E+16,5.43442E+16
3170,1.17071E+18,1,0,53,60,2017,7,12,3,2,3,6,0,1,0,0,0,0,0,5.92434E+20,5.93566E+21,1.03956E+16,5.35617E+16
3171,1.17062E+18,1,0,58,104,2017,6,14,6,3,5,3,0,1,0,0,0,0,0,5.67356E+20,6.01823E+21,1.00352E+16,5.43075E+16
3172,1.17062E+18,1,0,4,0,2017,6,17,6,3,6,4,0,1,1,0,0,0,0,5.64017E+20,5.99293E+21,9.97852E+15,5.40806E+16
3173,1.17062E+18,1,0,59,176,2017,6,10,6,3,2,6,0,1,0,0,0,0,0,5.33122E+20,6.07398E+21,9.51538E+15,5.48119E+16
3174,1.17052E+18,1,0,4,0,2017,5,17,6,3,2,6,0,1,0,0,0,0,0,5.66177E+20,5.99202E+21,1.00113E+16,5.40721E+16
3175,1.17071E+18,1,0,2,0,2017,7,21,3,3,1,5,1,1,0,0,0,1,0,5.73534E+20,6.02418E+21,1.01316E+16,5.43601E+16
3176,1.17062E+18,1,0,4,0,2017,6,7,6,3,5,2,1,1,0,0,0,0,0,5.65202E+20,5.9918E+21,9.99639E+15,5.40703E+16
3177,1.17062E+18,1,0,57,81,2017,6,14,6,2,8,1,0,0,0,1,0,0,0,5.88555E+20,6.02331E+21,1.03625E+16,5.43499E+16
3178,1.17062E+18,1,0,1,0,2017,6,19,6,3,6,4,0,1,1,0,0,0,1,5.29271E+20,6.07286E+21,9.45534E+15,5.48021E+16
3179,1.17052E+18,1,0,4,0,2017,5,9,6,3,3,2,1,0,0,0,0,0,0,5.63762E+20,5.99077E+21,9.97417E+15,5.40612E+16
3180,1.17071E+18,1,0,62,76,2017,7,20,3,3,2,6,0,1,0,0,0,0,1,5.67762E+20,5.9536E+21,1.0027E+16,5.37266E+16
3181,1.17062E+18,1,0,2,0,2017,6,17,6,3,5,2,1,1,0,0,0,0,0,5.72496E+20,6.02112E+21,1.01149E+16,5.43328E+16
3182,1.17071E+18,1,0,60,39,2017,7,10,6,2,5,3,1,1,0,0,0,0,0,5.64484E+20,5.95879E+21,9.97846E+15,5.37737E+16
3183,1.17052E+18,1,0,58,67,2017,5,13,6,3,5,3,0,1,0,0,0,0,0,5.43796E+20,6.03648E+21,9.67584E+15,5.44741E+16