OBJECTID,UIDENTSTLA,ULAND,UREGBEZ,UKREIS,UGEMEINDE,UJAHR,UMONAT,USTUNDE,UWOCHENTAG,UKATEGORIE,UART,UTYP1,IstRad,IstPKW,IstFuss,IstKrad,IstSonstig,LICHT,STRZUSTAND,LINREFX,LINREFY,XGCSWGS84,YGCSWGS84
3184,1.17062E+18,1,0,57,91,2017,6,0,6,3,2,6,0,1,0,0,0,2,0,5.79547E+20,6.0164E+21,1.02221E+16,5.42893E+16
3185,1.17071E+18,1,0,54,128,2017,7,17,7,3,0,3,1,1,0,0,0,0,0,4.99652E+20,6.04904E+21,8.99461E+15,5.45888E+16
3186,1.17063E+18,1,0,55,46,2017,6,16,6,3,5,2,0,1,0,0,0,0,1,6.42531E+20,6.03442E+21,1.11977E+16,5.44374E+16
3187,1.17071E+18,1,0,4,0,2017,7,21,7,2,5,2,0,1,0,0,0,0,0,5.62115E+20,5.9917E+21,9.9492E+15,5.40698E+16
3188,1.17063E+18,1,0,51,72,2017,6,12,6,3,9,1,0,1,0,0,0,0,1,5.0191E+20,5.97852E+21,9.0291E+15,5.3955E+16
3189,1.17052E+18,1,0,58,34,2017,5,21,6,3,5,2,1,1,0,0,0,2,1,5.43164E+20,6.01821E+21,9.66344E+15,5.431E+16
3190,1.1707E+18,1,0,58,137,2017,7,11,7,2,4,6,0,1,0,0,0,0,0,5.54319E+20,6.04171E+21,9.83917E+15,5.45201E+16
3191,1.17052E+18,1,0,57,33,2017,5,16,6,3,2,6,0,1,0,0,1,0,1,5.74923E+20,6.00779E+21,1.01489E+16,5.42126E+16
3192,1.17062E+18,1,0,54,168,2017,6,9,6,3,5,2,0,1,0,0,1,0,0,4.56426E+20,6.08435E+21,8.32044E+15,5.49043E+16
3193,1.1707E+18,1,0,60,8,2017,7,5,1,2,8,1,0,1,0,0,0,0,0,5.85839E+20,5.97158E+21,1.0306E+16,5.38856E+16
3194,1.17052E+18,1,0,57,58,2017,5,0,6,3,9,1,0,1,0,0,0,2,1,5.82603E+20,6.01155E+21,1.02677E+16,5.42453E+16
3195,1.17062E+18,1,0,59,159,2017,6,20,6,3,8,7,0,1,0,0,0,0,0,5.30315E+20,6.05293E+21,9.46951E+15,5.46229E+16
3196,1.17052E+18,1,0,1,0,2017,5,19,6,3,5,3,1,1,0,0,0,0,0,5.26969E+20,6.07251E+21,9.4195E+15,5.4799E+16
3197,1.17052E+18,1,0,54,56,2017,5,12,6,3,4,6,1,0,0,0,0,0,0,5.02962E+20,6.03802E+21,9.04572E+15,5.44898E+16
3198,1.17062E+18,1,0,59,75,2017,6,17,6,3,0,1,1,0,0,0,0,0,0,5.36908E+20,6.04223E+21,9.57028E+15,5.45263E+16
3199,1.1706E+18,1,0,53,53,2017,6,6,6,3,3,6,0,1,0,0,0,0,0,5.90814E+20,5.925E+21,1.0368E+16,5.34661E+16
3200,1.17052E+18,1,0,54,75,2017,5,6,6,3,7,7,0,1,0,0,1,0,0,4.96925E+20,6.05729E+21,8.95233E+15,5.4663E+16
3201,1.17052E+18,1,0,1,0,2017,5,13,6,3,2,6,0,1,0,0,0,0,0,5.27725E+20,6.07014E+21,9.43104E+15,5.47777E+16
3202,1.17062E+18,1,0,54,168,2017,6,3,6,3,9,1,0,1,0,0,0,1,0,4.57134E+20,6.0878E+21,8.33097E+15,5.49354E+16
3203,1.17053E+18,1,0,58,43,2017,5,7,3,3,2,6,0,1,0,0,0,0,1,5.54927E+20,6.03463E+21,9.84725E+15,5.44563E+16
3204,1.17062E+18,1,0,59,10,2017,6,7,6,3,8,6,0,1,0,1,1,0,0,5.29373E+20,6.04912E+21,9.45455E+15,5.45887E+16
3205,1.1706E+18,1,0,60,63,2017,6,22,6,3,1,6,0,1,0,0,0,0,0,5.67682E+20,5.95359E+21,1.00258E+16,5.37266E+16
3206,1.17052E+18,1,0,62,9,2017,5,15,6,3,2,6,0,1,0,0,1,0,0,5.77792E+20,5.93541E+21,1.01745E+16,5.35618E+16
3207,1.17052E+18,1,0,51,97,2017,5,14,5,3,5,3,0,1,0,0,0,0,0,5.07643E+20,5.98156E+21,9.11656E+15,5.39824E+16
3208,1.17062E+18,1,0,54,36,2017,6,22,6,3,9,1,0,1,0,0,0,2,0,4.84116E+20,6.01998E+21,8.75576E+15,5.43274E+16
3209,1.17053E+18,1,0,2,0,2017,5,14,3,2,4,6,0,1,0,0,0,0,0,5.75279E+20,6.01895E+21,1.01571E+16,5.43128E+16
3210,1.1706E+18,1,0,53,89,2017,6,3,7,3,2,6,0,1,0,0,1,2,0,5.96741E+20,5.93595E+21,1.04607E+16,5.35635E+16
3211,1.17052E+18,1,0,61,26,2017,5,11,5,3,5,3,0,1,0,0,0,0,0,5.33862E+20,5.9633E+21,9.51434E+15,5.38172E+16
3212,1.17062E+18,1,0,60,86,2017,6,15,5,3,9,7,0,1,0,0,0,0,0,5.81211E+20,5.98884E+21,1.02402E+16,5.40414E+16
3213,1.17053E+18,1,0,2,0,2017,5,17,3,3,0,7,1,1,0,0,0,0,0,5.72154E+20,6.01877E+21,1.01091E+16,5.43117E+16
3214,1.17052E+18,1,0,60,5,2017,5,16,5,3,2,6,0,1,0,0,0,0,0,5.8621E+20,5.97669E+21,1.03131E+16,5.39315E+16
3215,1.1707E+18,1,0,62,9,2017,7,14,3,3,7,7,0,1,0,0,0,0,0,5.79954E+20,5.93781E+21,1.02077E+16,5.35831E+16
3216,1.17053E+18,1,0,2,0,2017,5,14,3,3,5,3,1,1,0,0,0,0,0,5.7373E+20,6.01918E+21,1.01334E+16,5.43152E+16
3217,1.1707E+18,1,0,55,12,2017,7,10,3,3,2,6,0,1,0,0,0,0,0,6.07168E+20,5.99804E+21,1.06397E+16,5.41194E+16
3218,1.17053E+18,1,0,54,148,2017,5,15,3,3,5,3,0,1,0,0,0,0,0,4.86866E+20,6.01684E+21,8.79818E+15,5.42993E+16
3219,1.17071E+18,1,0,59,26,2017,7,19,4,2,5,3,0,1,0,1,0,0,0,5.3796E+20,6.03947E+21,9.58618E+15,5.45015E+16
3220,1.17063E+18,1,0,57,21,2017,6,18,3,2,0,7,1,0,0,0,0,0,0,5.98643E+20,6.01721E+21,1.05156E+16,5.42933E+16
3221,1.17071E+18,1,0,3,0,2017,7,11,4,3,4,2,1,0,0,0,0,0,0,6.11357E+20,5.971E+21,1.06939E+16,5.38755E+16
3222,1.17063E+18,1,0,55,21,2017,6,7,3,3,2,6,0,1,0,0,0,0,0,6.32337E+20,6.02612E+21,1.10369E+16,5.43656E+16
3223,1.17071E+18,1,0,54,160,2017,7,19,5,3,0,1,1,0,0,0,0,0,0,4.60527E+20,6.05347E+21,8.38858E+15,5.46271E+16
3224,1.17063E+18,1,0,54,161,2017,6,12,4,2,5,3,0,1,0,1,0,0,0,5.00228E+20,6.0263E+21,9.00352E+15,5.43845E+16
3225,1.17061E+18,1,0,62,9,2017,6,15,3,2,9,1,0,1,0,0,0,0,0,5.81273E+20,5.93895E+21,1.0228E+16,5.35931E+16
3226,1.17071E+18,1,0,62,90,2017,7,10,5,3,2,6,0,1,0,0,0,0,0,5.77891E+20,5.95023E+21,1.01797E+16,5.36949E+16
3227,1.17062E+18,1,0,53,43,2017,6,14,6,2,8,7,0,1,0,0,0,0,0,6.14817E+20,5.96169E+21,1.0743E+16,5.37912E+16
3228,1.17063E+18,1,0,3,0,2017,6,15,4,3,2,6,0,1,0,0,0,0,0,6.09452E+20,5.97098E+21,1.06649E+16,5.38757E+16
3229,1.17061E+18,1,0,61,46,2017,6,17,4,3,0,7,0,1,0,0,1,0,1,5.31736E+20,5.9764E+21,9.4834E+15,5.39351E+16
3230,1.17062E+18,1,0,58,49,2017,6,6,6,2,8,7,0,1,0,0,0,0,1,5.5462E+20,6.00936E+21,9.83788E+15,5.42294E+16
3231,1.17053E+18,1,0,59,174,2017,5,17,3,3,2,6,0,1,0,0,0,0,0,5.21412E+20,6.06067E+21,9.3322E+15,5.46929E+16
3232,1.17063E+18,1,0,51,44,2017,6,10,4,3,5,3,1,1,0,0,0,0,0,5.07842E+20,6.00553E+21,9.12021E+15,5.41977E+16
3233,1.17053E+18,1,0,54,62,2017,5,8,3,2,9,6,0,1,0,0,1,0,1,4.97737E+20,6.07344E+21,8.96478E+15,5.48081E+16
3234,1.17053E+18,1,0,54,126,2017,5,16,3,2,9,7,0,1,0,0,0,0,0,4.93564E+20,6.06723E+21,8.90001E+15,5.47523E+16
3235,1.17053E+18,1,0,59,183,2017,5,8,3,1,2,6,1,0,0,0,1,0,0,5.16588E+20,6.07279E+21,9.25805E+15,5.4802E+16
3236,1.17062E+18,1,0,56,21,2017,6,16,5,3,5,3,1,1,0,0,0,0,0,5.60211E+20,5.9505E+21,9.91202E+15,5.36998E+16
3237,1.17062E+18,1,0,56,39,2017,6,12,5,3,2,6,0,1,0,0,0,0,0,5.52613E+20,5.94628E+21,9.79622E+15,5.36626E+16
3238,1.17062E+18,1,0,60,63,2017,6,19,5,3,5,2,0,1,0,0,0,0,0,5.65263E+20,5.94852E+21,9.98812E+15,5.36813E+16
3239,1.17071E+18,1,0,53,100,2017,7,12,4,2,0,1,1,0,0,0,0,0,0,6.15911E+20,5.95158E+21,1.07558E+16,5.37001E+16
3240,1.17053E+18,1,0,55,4,2017,5,10,3,3,0,1,0,0,0,1,0,0,1,6.1331E+20,5.97603E+21,1.07254E+16,5.39203E+16
3241,1.17071E+18,1,0,2,0,2017,7,20,5,3,1,5,1,1,0,0,0,0,0,5.73847E+20,6.01527E+21,1.01342E+16,5.42801E+16
3242,1.17052E+18,1,0,56,43,2017,5,7,5,3,5,2,1,0,0,0,1,0,0,5.5406E+20,5.94551E+21,9.818E+15,5.36555E+16
3243,1.17063E+18,1,0,54,100,2017,6,11,4,3,4,6,0,1,0,0,0,0,0,4.8518E+20,6.02648E+21,8.77179E+15,5.43858E+16
3244,1.17071E+18,1,0,62,60,2017,7,18,5,3,2,6,0,1,0,0,0,0,0,5.82168E+20,5.92976E+21,1.02391E+16,5.35104E+16
3245,1.17062E+18,1,0,60,5,2017,6,8,6,3,8,1,0,1,0,0,0,0,1,5.83816E+20,5.97668E+21,1.02766E+16,5.39317E+16
3246,1.17063E+18,1,0,62,27,2017,6,8,4,3,2,6,0,1,0,0,0,0,0,5.88546E+20,5.95288E+21,1.03418E+16,5.37171E+16
3247,1.17071E+18,1,0,51,44,2017,7,10,5,3,5,3,1,1,0,0,0,0,0,5.0587E+20,6.0058E+21,9.08999E+15,5.42002E+16
3248,1.17062E+18,1,0,51,1,2017,6,12,5,3,5,3,0,1,0,0,1,0,0,5.1889E+20,5.99798E+21,9.28908E+15,5.41296E+16
3249,1.17063E+18,1,0,53,126,2017,6,23,5,3,8,6,0,1,0,0,0,2,1,6.06529E+20,5.93521E+21,1.06081E+16,5.3555E+16
3250,1.17071E+18,1,0,2,0,2017,7,15,6,3,5,2,1,1,0,0,0,0,0,5.74367E+20,6.02045E+21,1.01435E+16,5.43265E+16
3251,1.17062E+18,1,0,51,80,2017,6,19,5,2,9,1,0,1,0,0,0,0,1,5.09513E+20,6.01087E+21,9.14599E+15,5.42457E+16
3252,1.17063E+18,1,0,60,5,2017,6,20,5,3,5,3,0,1,0,0,0,1,1,5.85965E+20,5.97694E+21,1.03094E+16,5.39337E+16
3253,1.17062E+18,1,0,60,2,2017,6,17,5,3,8,1,0,0,0,1,0,0,0,5.5972E+20,5.95862E+21,9.90614E+15,5.37728E+16
3254,1.17063E+18,1,0,59,10,2017,6,5,6,3,8,1,0,1,0,0,0,0,1,5.28708E+20,6.05183E+21,9.44451E+15,5.46131E+16
3255,1.17063E+18,1,0,2,0,2017,6,13,6,2,4,1,0,1,0,0,0,0,1,5.73291E+20,6.01925E+21,1.01267E+16,5.43158E+16
3256,1.17062E+18,1,0,62,16,2017,6,8,5,3,2,6,0,1,0,0,0,0,0,5.81645E+20,5.95843E+21,1.02387E+16,5.37681E+16
3257,1.17062E+18,1,0,55,4,2017,6,13,5,3,5,3,1,0,0,0,0,0,0,6.11069E+20,5.97436E+21,1.06907E+16,5.39057E+16
3258,1.17062E+18,1,0,3,0,2017,6,20,5,3,2,6,0,1,0,0,0,0,0,6.11592E+20,5.96964E+21,1.06969E+16,5.38633E+16
3259,1.17071E+18,1,0,60,19,2017,7,15,1,3,2,6,0,1,0,0,0,0,0,5.60579E+20,5.95611E+21,9.91869E+15,5.37501E+16
3260,1.17062E+18,1,0,55,46,2017,6,14,5,3,5,3,0,1,0,1,0,0,0,6.34002E+20,6.04076E+21,1.10691E+16,5.44967E+16
3261,1.17071E+18,1,0,56,15,2017,7,18,2,3,3,3,0,1,0,0,0,0,1,5.46936E+20,5.95556E+21,9.71173E+15,5.37465E+16
3262,1.17062E+18,1,0,58,135,2017,6,8,5,3,5,3,1,1,0,0,0,0,0,5.42476E+20,6.01792E+21,9.65282E+15,5.43074E+16
3263,1.17062E+18,1,0,2,0,2017,6,5,5,2,8,1,0,1,0,1,0,0,0,5.74067E+20,6.01837E+21,1.01384E+16,5.43079E+16
3264,1.17071E+18,1,0,4,0,2017,7,5,2,3,1,5,0,1,0,0,0,0,0,5.64711E+20,5.99498E+21,9.98957E+15,5.4099E+16
3265,1.17062E+18,1,0,2,0,2017,6,13,5,3,2,6,0,1,0,0,0,0,0,5.69324E+20,6.02022E+21,1.00659E+16,5.43251E+16
3266,1.17062E+18,1,0,54,168,2017,6,11,5,3,6,7,1,0,1,0,0,0,0,4.54381E+20,6.07425E+21,8.29013E+15,5.48134E+16
3267,1.17071E+18,1,0,60,85,2017,7,5,2,3,8,6,0,1,0,0,0,0,0,5.79935E+20,5.96395E+21,1.02142E+16,5.38179E+16
3268,1.17062E+18,1,0,59,92,2017,6,6,5,3,2,6,0,1,0,1,0,0,0,5.19621E+20,6.04069E+21,9.30307E+15,5.45134E+16
3269,1.17062E+18,1,0,54,61,2017,6,15,5,3,9,1,1,0,0,0,0,0,0,4.57942E+20,6.09117E+21,8.34308E+15,5.49657E+16
3270,1.17062E+18,1,0,56,15,2017,6,12,5,3,5,3,1,0,0,0,1,0,1,5.44903E+20,5.95782E+21,9.68122E+15,5.37671E+16
3271,1.17071E+18,1,0,54,61,2017,7,12,3,2,2,6,1,0,0,0,0,0,0,4.57551E+20,6.08915E+21,8.33727E+15,5.49475E+16
3272,1.17062E+18,1,0,59,141,2017,6,12,5,3,0,7,0,1,0,0,0,0,0,5.338E+20,6.06953E+21,9.52541E+15,5.47718E+16
3273,1.17052E+18,1,0,62,71,2017,5,16,5,3,2,6,0,1,0,0,1,0,0,5.8129E+20,5.94143E+21,1.02289E+16,5.36154E+16
3274,1.17062E+18,1,0,59,176,2017,6,11,5,3,5,2,0,1,0,0,0,0,0,5.35139E+20,6.07308E+21,9.54665E+15,5.48036E+16
3275,1.17071E+18,1,0,61,82,2017,7,17,6,3,0,1,1,0,0,0,0,0,0,5.29889E+20,5.97856E+21,9.45549E+15,5.39545E+16
3276,1.17052E+18,1,0,62,4,2017,5,8,5,3,2,2,0,1,0,0,1,0,0,5.9191E+20,5.96232E+21,1.03955E+16,5.38014E+16
3277,1.17063E+18,1,0,62,56,2017,6,8,6,3,8,7,0,1,0,0,0,1,1,5.91301E+20,5.95816E+21,1.03851E+16,5.37641E+16
3278,1.17052E+18,1,0,55,46,2017,5,15,5,3,5,3,0,1,0,0,0,0,0,6.4264E+20,6.03532E+21,1.11998E+16,5.44455E+16
3279,1.17062E+18,1,0,54,167,2017,6,19,5,2,0,1,1,0,0,0,0,0,0,4.98054E+20,6.06483E+21,8.96978E+15,5.47308E+16
3280,1.17053E+18,1,0,60,9,2017,5,14,3,2,0,1,0,0,0,1,0,0,0,5.61889E+20,5.97612E+21,9.94259E+15,5.39297E+16
3281,1.1707E+18,1,0,1,0,2017,7,18,7,3,3,6,0,1,0,0,0,0,0,5.28253E+20,6.07059E+21,9.43929E+15,5.47817E+16
3282,1.17052E+18,1,0,3,0,2017,5,17,5,3,5,3,1,1,0,0,0,0,0,6.11286E+20,5.97102E+21,1.06928E+16,5.38757E+16
3283,1.17062E+18,1,0,60,63,2017,6,13,5,3,2,6,0,1,0,1,0,0,0,5.62001E+20,5.94699E+21,9.93842E+15,5.3668E+16
3284,1.17053E+18,1,0,62,27,2017,5,9,3,3,9,1,0,1,0,0,0,0,1,5.88037E+20,5.95248E+21,1.0334E+16,5.37135E+16
3285,1.17052E+18,1,0,55,46,2017,5,15,5,3,5,3,1,1,0,0,0,0,0,6.43254E+20,6.03657E+21,1.12099E+16,5.44566E+16
3286,1.17052E+18,1,0,55,38,2017,5,6,5,3,0,7,0,1,0,0,0,0,0,6.16625E+20,6.00391E+21,1.07866E+16,5.417E+16
3287,1.17062E+18,1,0,62,69,2017,6,23,5,3,9,1,0,0,0,0,1,2,1,5.83848E+20,5.9442E+21,1.02683E+16,5.36398E+16
3288,1.17052E+18,1,0,4,0,2017,5,11,5,3,2,6,0,1,0,0,1,0,0,5.64229E+20,5.99488E+21,9.98218E+15,5.40981E+16
3289,1.17052E+18,1,0,57,58,2017,5,14,5,2,0,1,1,0,0,0,0,0,0,5.82089E+20,6.01126E+21,1.02597E+16,5.42427E+16
3290,1.17062E+18,1,0,62,61,2017,6,19,5,2,9,1,0,0,0,1,0,0,0,5.99261E+20,5.96469E+21,1.05079E+16,5.38213E+16
3291,1.17053E+18,1,0,61,42,2017,5,10,2,3,5,3,0,1,0,0,0,0,0,5.37736E+20,5.9807E+21,9.57532E+15,5.39732E+16
3292,1.17062E+18,1,0,62,78,2017,6,2,5,3,9,1,0,1,0,0,0,2,0,5.87362E+20,5.95033E+21,1.03231E+16,5.36944E+16
3293,1.1706E+18,1,0,3,0,2017,6,20,6,3,5,3,1,1,0,0,0,0,0,6.18311E+20,5.97543E+21,1.08013E+16,5.39137E+16
3294,1.17052E+18,1,0,57,91,2017,5,8,5,3,2,6,0,1,0,0,0,0,0,5.78685E+20,6.01671E+21,1.02089E+16,5.42922E+16
3295,1.17052E+18,1,0,57,91,2017,5,18,5,3,2,6,0,1,0,0,0,0,0,5.81154E+20,6.01535E+21,1.02465E+16,5.42796E+16
3296,1.17062E+18,1,0,53,48,2017,6,2,5,3,2,6,0,1,0,0,1,2,0,6.11144E+20,5.93486E+21,1.06776E+16,5.35508E+16
3297,1.17053E+18,1,0,61,46,2017,5,11,2,3,2,6,0,1,0,0,0,0,0,5.33471E+20,5.97578E+21,9.50976E+15,5.39293E+16
3298,1.17061E+18,1,0,51,134,2017,6,10,4,3,2,2,0,1,0,0,0,0,0,5.06042E+20,5.98801E+21,9.09226E+15,5.40403E+16
3299,1.1706E+18,1,0,60,85,2017,6,13,6,3,5,3,0,1,0,1,0,0,0,5.7793E+20,5.96596E+21,1.01843E+16,5.38364E+16
3300,1.17052E+18,1,0,2,0,2017,5,10,5,3,0,1,1,0,0,0,0,0,0,5.77217E+20,6.02023E+21,1.01873E+16,5.43241E+16
3301,1.17061E+18,1,0,51,49,2017,6,17,4,3,2,2,0,1,0,0,0,0,0,5.10618E+20,6.0148E+21,9.16309E+15,5.4281E+16
3302,1.17053E+18,1,0,56,15,2017,5,11,2,3,5,3,1,1,0,0,0,0,0,5.44244E+20,5.95619E+21,9.671E+15,5.37525E+16
3303,1.17052E+18,1,0,2,0,2017,5,10,5,3,0,7,0,0,0,1,0,0,0,5.73013E+20,6.02103E+21,1.01228E+16,5.43319E+16
3304,1.17061E+18,1,0,62,76,2017,6,17,4,3,2,6,0,1,0,0,0,0,0,5.70855E+20,5.95199E+21,1.00735E+16,5.37118E+16
3305,1.1707E+18,1,0,3,0,2017,7,7,2,3,5,3,1,1,0,0,0,0,0,6.06677E+20,5.97029E+21,1.06224E+16,5.38701E+16
3306,1.17053E+18,1,0,56,5,2017,5,18,2,3,5,3,1,0,0,0,0,0,0,5.59953E+20,5.94583E+21,9.90721E+15,5.36578E+16
3307,1.1707E+18,1,0,56,50,2017,7,9,2,3,5,2,1,1,0,0,0,0,0,5.48107E+20,5.93751E+21,9.72668E+15,5.35842E+16
3308,1.17053E+18,1,0,60,39,2017,5,11,2,3,5,2,1,0,0,0,1,0,0,5.64707E+20,5.9611E+21,9.98233E+15,5.37945E+16
3309,1.1707E+18,1,0,54,88,2017,7,9,3,3,0,6,0,1,0,1,0,0,0,4.90586E+20,6.0717E+21,8.8536E+15,5.47924E+16
3310,1.17063E+18,1,0,62,22,2017,6,10,2,3,2,7,0,1,0,0,1,0,0,5.88265E+20,5.94146E+21,1.03343E+16,5.36145E+16
3311,1.1707E+18,1,0,62,82,2017,7,15,3,3,5,3,1,1,0,0,0,0,0,5.92919E+20,5.94119E+21,1.04045E+16,5.36112E+16
3312,1.17063E+18,1,0,54,88,2017,6,16,3,2,5,3,0,1,0,0,0,0,0,4.88795E+20,6.07061E+21,8.82577E+15,5.47826E+16
3313,1.17071E+18,1,0,2,0,2017,7,12,4,3,6,2,0,1,1,0,0,0,0,5.73773E+20,6.02368E+21,1.01352E+16,5.43556E+16
3314,1.17063E+18,1,0,3,0,2017,6,15,3,3,2,6,0,1,0,0,1,0,0,6.06211E+20,5.97002E+21,1.06153E+16,5.38678E+16
3315,1.17061E+18,1,0,61,97,2017,6,14,2,3,5,2,0,1,0,1,0,0,0,5.31491E+20,5.98913E+21,9.48098E+15,5.40495E+16
3316,1.17071E+18,1,0,59,50,2017,7,17,5,3,5,2,0,0,0,1,1,0,0,5.29791E+20,6.02808E+21,9.45889E+15,5.43996E+16
3317,1.17063E+18,1,0,62,25,2017,6,15,4,3,8,1,0,1,0,0,0,0,0,6.04469E+20,5.96774E+21,1.0588E+16,5.38476E+16
3318,1.17061E+18,1,0,2,0,2017,6,17,3,3,2,6,0,1,0,0,0,0,1,5.72538E+20,6.02207E+21,1.01158E+16,5.43413E+16
3319,1.17052E+18,1,0,57,25,2017,5,7,5,2,3,6,1,0,0,0,0,0,0,5.78168E+20,6.02495E+21,1.02031E+16,5.43664E+16
3320,1.17053E+18,1,0,53,32,2017,5,13,2,3,2,6,0,1,0,0,1,0,0,5.9034E+20,5.92303E+21,1.03603E+16,5.34485E+16
3321,1.17063E+18,1,0,2,0,2017,6,16,4,3,5,3,1,0,0,0,0,0,0,5.74142E+20,6.02109E+21,1.01402E+16,5.43323E+16
3322,1.17061E+18,1,0,60,4,2017,6,20,3,3,5,3,1,0,0,0,1,0,0,5.57898E+20,5.97408E+21,9.88141E+15,5.39119E+16
3323,1.17052E+18,1,0,2,0,2017,5,20,5,2,3,6,1,0,0,0,0,1,1,5.68913E+20,6.01932E+21,1.00594E+16,5.43171E+16
3324,1.17053E+18,1,0,53,129,2017,5,16,2,3,2,6,0,1,0,0,1,0,0,5.82594E+20,5.9274E+21,1.02449E+16,5.34891E+16
3325,1.17061E+18,1,0,54,56,2017,6,17,4,3,2,6,0,1,0,0,0,0,1,5.02719E+20,6.03971E+21,9.042E+15,5.4505E+16
3326,1.17052E+18,1,0,59,187,2017,5,15,5,3,0,1,1,0,0,0,0,0,0,5.54555E+20,6.05316E+21,9.84495E+15,5.46229E+16
3327,1.17053E+18,1,0,55,40,2017,5,16,2,3,6,7,1,0,1,0,0,0,0,6.0829E+20,5.97223E+21,1.06476E+16,5.38872E+16
3328,1.17052E+18,1,0,59,37,2017,5,19,5,3,5,3,0,1,0,0,1,1,0,5.33482E+20,6.05651E+21,9.51897E+15,5.46549E+16
3329,1.17052E+18,1,0,53,126,2017,5,23,5,3,2,7,0,0,0,0,1,2,1,6.07418E+20,5.93494E+21,1.06215E+16,5.35524E+16
3330,1.17061E+18,1,0,56,48,2017,6,7,4,3,5,3,1,0,0,0,0,0,0,5.47362E+20,5.9496E+21,9.71728E+15,5.3693E+16
3331,1.1706E+18,1,0,55,35,2017,6,18,6,3,2,6,0,1,0,0,0,0,0,6.13959E+20,5.97569E+21,1.07352E+16,5.39171E+16
3332,1.17052E+18,1,0,51,114,2017,5,14,4,3,8,1,0,1,0,0,0,0,0,5.19334E+20,6.00864E+21,9.29656E+15,5.42254E+16
3333,1.17052E+18,1,0,51,44,2017,5,17,4,3,5,3,1,1,0,0,0,0,0,5.07454E+20,6.00547E+21,9.11426E+15,5.41972E+16
3334,1.17061E+18,1,0,56,15,2017,6,7,4,3,5,3,1,1,0,0,0,0,0,5.4265E+20,5.95634E+21,9.64685E+15,5.37539E+16
3335,1.1706E+18,1,0,60,101,2017,6,12,6,3,5,2,0,1,0,0,1,0,0,5.80157E+20,5.97585E+21,1.02207E+16,5.39249E+16
3336,1.17052E+18,1,0,56,50,2017,5,17,4,3,2,6,0,1,0,0,0,0,0,5.48209E+20,5.93753E+21,9.72824E+15,5.35844E+16
3337,1.17052E+18,1,0,60,37,2017,5,14,4,3,8,1,0,0,0,1,0,0,0,5.53589E+20,5.96941E+21,9.81501E+15,5.38704E+16
3338,1.17061E+18,1,0,60,4,2017,6,12,4,3,4,6,0,1,0,0,1,0,0,5.57901E+20,5.97286E+21,9.88123E+15,5.39009E+16
3339,1.17053E+18,1,0,3,0,2017,5,16,2,2,5,2,1,0,0,0,1,0,0,6.09758E+20,5.97039E+21,1.06693E+16,5.38704E+16
3340,1.17063E+18,1,0,2,0,2017,6,8,1,3,5,3,1,1,0,0,0,0,1,5.75632E+20,6.02879E+21,1.01651E+16,5.44012E+16
3341,1.1706E+18,1,0,61,46,2017,6,14,6,2,5,2,1,1,0,0,0,0,0,5.34677E+20,5.97575E+21,9.52813E+15,5.3929E+16
3342,1.17052E+18,1,0,60,63,2017,5,16,4,3,2,6,0,1,0,0,0,0,0,5.65958E+20,5.94866E+21,9.99866E+15,5.36825E+16
3343,1.17052E+18,1,0,56,49,2017,5,13,4,3,0,1,1,0,0,0,0,0,0,5.4504E+20,5.94916E+21,9.68205E+15,5.36892E+16
3344,1.17061E+18,1,0,3,0,2017,6,15,4,3,5,2,1,0,0,0,1,0,0,6.10673E+20,5.96832E+21,1.06825E+16,5.38516E+16
3345,1.17053E+18,1,0,3,0,2017,5,15,2,3,5,2,1,1,0,0,0,0,0,6.10131E+20,5.96992E+21,1.06748E+16,5.38661E+16
3346,1.1706E+18,1,0,58,137,2017,6,11,7,3,5,3,0,1,0,1,0,0,0,5.54408E+20,6.04215E+21,9.84063E+15,5.4524E+16
3347,1.17052E+18,1,0,62,45,2017,5,17,4,2,0,6,0,1,0,1,0,0,0,5.90255E+20,5.94589E+21,1.03656E+16,5.3654E+16
3348,1.17053E+18,1,0,4,0,2017,5,5,2,3,5,3,0,1,0,1,0,1,0,5.63844E+20,5.99383E+21,9.97608E+15,5.40887E+16
3349,1.1706E+18,1,0,54,168,2017,6,15,1,2,3,6,1,0,0,0,0,0,0,4.54522E+20,6.07854E+21,8.29166E+15,5.48519E+16
3350,1.17052E+18,1,0,62,60,2017,5,17,4,3,2,6,0,1,0,0,0,0,0,5.82237E+20,5.93417E+21,1.02413E+16,5.35499E+16
3351,1.17053E+18,1,0,4,0,2017,5,17,2,2,6,4,0,1,1,0,0,0,0,5.63622E+20,5.99184E+21,9.97226E+15,5.40709E+16
3352,1.17052E+18,1,0,53,93,2017,5,15,4,3,5,3,0,1,0,0,0,0,0,6.23199E+20,5.95102E+21,1.08659E+16,5.36933E+16
3353,1.1707E+18,1,0,56,15,2017,7,8,3,3,5,3,0,1,0,0,0,0,0,5.42403E+20,5.95718E+21,9.64321E+15,5.37615E+16
3354,1.17053E+18,1,0,2,0,2017,5,16,2,3,5,3,1,1,0,0,0,0,0,5.72474E+20,6.02112E+21,1.01146E+16,5.43328E+16
3355,1.17071E+18,1,0,2,0,2017,7,18,4,3,5,3,1,1,0,0,0,0,0,5.76806E+20,6.02036E+21,1.0181E+16,5.43253E+16
3356,1.17063E+18,1,0,3,0,2017,6,17,3,3,3,6,0,1,0,0,0,0,0,6.11557E+20,5.96833E+21,1.06959E+16,5.38515E+16
3357,1.17071E+18,1,0,59,62,2017,7,11,5,3,2,6,0,1,0,0,0,0,0,5.35177E+20,6.0446E+21,9.54382E+15,5.45477E+16
3358,1.17063E+18,1,0,60,99,2017,6,11,4,2,2,6,0,1,0,0,0,0,0,5.62161E+20,5.97734E+21,9.94698E+15,5.39407E+16
3359,1.17071E+18,1,0,55,42,2017,7,11,5,3,2,6,0,1,0,0,0,0,0,6.20753E+20,5.98354E+21,1.08417E+16,5.3986E+16