OBJECTID,UIDENTSTLA,ULAND,UREGBEZ,UKREIS,UGEMEINDE,UJAHR,UMONAT,USTUNDE,UWOCHENTAG,UKATEGORIE,UART,UTYP1,IstRad,IstPKW,IstFuss,IstKrad,IstSonstig,LICHT,STRZUSTAND,LINREFX,LINREFY,XGCSWGS84,YGCSWGS84
3712,1.17053E+18,1,0,59,118,2017,5,11,7,3,5,7,1,1,0,0,0,0,0,5.42023E+20,6.06976E+21,9.65326E+15,5.47733E+16
3713,1.17053E+18,1,0,4,0,2017,5,12,7,3,3,6,0,1,0,0,0,0,0,5.62034E+20,5.99693E+21,9.94904E+15,5.41167E+16
3714,1.17053E+18,1,0,62,89,2017,5,18,7,3,9,7,0,1,0,0,0,0,0,5.89598E+20,5.95554E+21,1.03585E+16,5.37408E+16
3715,1.17061E+18,1,0,62,27,2017,6,13,6,3,5,3,0,1,0,0,0,0,0,5.88153E+20,5.95296E+21,1.03358E+16,5.37179E+16
3716,1.17061E+18,1,0,62,4,2017,6,5,6,3,5,3,0,1,0,0,0,0,0,5.92207E+20,5.9624E+21,1.04001E+16,5.3802E+16
3717,1.17061E+18,1,0,62,61,2017,6,22,6,2,8,1,0,1,0,0,0,2,1,5.98681E+20,5.96708E+21,1.04998E+16,5.38428E+16
3718,1.17061E+18,1,0,62,4,2017,6,13,6,3,5,2,1,0,0,0,1,0,0,5.90808E+20,5.96344E+21,1.03791E+16,5.38116E+16
3719,1.17061E+18,1,0,53,100,2017,6,13,6,3,6,7,1,0,1,0,0,0,0,6.15488E+20,5.95151E+21,1.07494E+16,5.36995E+16
3720,1.17061E+18,1,0,3,0,2017,6,8,6,3,5,3,1,1,0,0,0,0,0,6.06896E+20,5.97021E+21,1.06257E+16,5.38693E+16
3721,1.17061E+18,1,0,55,1,2017,6,8,6,3,2,6,0,1,0,0,0,0,0,6.03088E+20,5.98609E+21,1.05732E+16,5.40128E+16
3722,1.17071E+18,1,0,60,64,2017,7,0,1,3,5,2,0,1,0,0,1,2,0,5.58354E+20,5.9669E+21,9.88699E+15,5.38473E+16
3723,1.17061E+18,1,0,3,0,2017,6,13,6,3,2,6,0,1,0,0,1,0,0,6.17952E+20,5.97377E+21,1.07952E+16,5.38989E+16
3724,1.17061E+18,1,0,3,0,2017,6,8,6,3,5,3,1,0,0,0,1,0,0,6.08024E+20,5.96754E+21,1.0642E+16,5.38451E+16
3725,1.17052E+18,1,0,60,68,2017,5,21,2,3,7,7,0,1,0,0,0,2,0,5.78276E+20,5.98248E+21,1.01937E+16,5.39847E+16
3726,1.17061E+18,1,0,3,0,2017,6,13,6,3,2,2,1,0,0,0,0,0,0,6.09985E+20,5.97016E+21,1.06727E+16,5.38682E+16
3727,1.17052E+18,1,0,56,39,2017,5,18,2,3,2,6,0,1,0,1,0,0,0,5.50946E+20,5.94421E+21,9.77066E+15,5.36442E+16
3728,1.17061E+18,1,0,4,0,2017,6,16,6,3,5,3,1,1,0,0,0,0,1,5.65797E+20,5.99252E+21,1.00056E+16,5.40767E+16
3729,1.17062E+18,1,0,62,23,2017,6,9,5,3,2,6,0,0,0,0,1,0,0,5.84766E+20,5.9448E+21,1.02823E+16,5.36451E+16
3730,1.17052E+18,1,0,56,15,2017,5,12,2,3,5,3,0,1,0,0,0,0,0,5.43267E+20,5.9565E+21,9.65623E+15,5.37553E+16
3731,1.17061E+18,1,0,4,0,2017,6,7,6,3,0,7,1,0,0,0,0,0,0,5.65529E+20,5.99237E+21,1.00015E+16,5.40754E+16
3732,1.17053E+18,1,0,51,84,2017,5,17,6,3,2,6,0,1,0,0,0,0,0,4.93093E+20,6.00123E+21,8.89422E+15,5.41591E+16
3733,1.17062E+18,1,0,61,8,2017,6,16,4,3,5,3,0,1,0,0,0,0,0,5.28125E+20,5.97638E+21,9.42841E+15,5.39351E+16
3734,1.17052E+18,1,0,56,50,2017,5,16,2,3,5,3,1,1,0,0,0,0,0,5.46892E+20,5.93824E+21,9.70844E+15,5.35909E+16
3735,1.17052E+18,1,0,56,39,2017,5,19,2,3,3,6,1,0,0,0,0,0,0,5.50819E+20,5.94588E+21,9.76902E+15,5.36592E+16
3736,1.17061E+18,1,0,58,76,2017,6,16,6,3,8,7,0,1,0,0,0,0,1,5.63316E+20,6.00438E+21,9.97022E+15,5.41835E+16
3737,1.17061E+18,1,0,58,135,2017,6,20,6,3,0,7,0,0,0,1,0,0,1,5.43492E+20,6.01754E+21,9.66838E+15,5.43039E+16
3738,1.17053E+18,1,0,51,1,2017,5,16,6,2,6,4,0,1,1,0,0,0,0,5.18429E+20,5.99991E+21,9.28213E+15,5.41469E+16
3739,1.17052E+18,1,0,60,63,2017,5,21,2,3,5,3,0,1,0,0,1,1,0,5.68296E+20,5.94895E+21,1.00341E+16,5.36848E+16
3740,1.17052E+18,1,0,53,121,2017,5,7,2,2,9,1,0,0,0,1,0,0,1,6.00362E+20,5.94684E+21,1.05188E+16,5.36607E+16
3741,1.17061E+18,1,0,4,0,2017,6,9,6,3,5,2,0,1,0,1,0,0,0,5.62138E+20,5.99171E+21,9.94956E+15,5.40698E+16
3742,1.17053E+18,1,0,51,44,2017,5,23,6,3,6,2,0,0,1,1,0,2,0,5.05871E+20,6.00473E+21,9.08997E+15,5.41906E+16
3743,1.17061E+18,1,0,2,0,2017,6,15,6,3,5,2,1,1,0,0,0,0,0,5.73988E+20,6.0199E+21,1.01375E+16,5.43216E+16
3744,1.17071E+18,1,0,53,32,2017,7,21,7,3,8,7,0,1,0,0,0,0,0,5.88855E+20,5.92201E+21,1.03377E+16,5.34396E+16
3745,1.17053E+18,1,0,56,15,2017,5,15,6,3,5,3,0,1,0,0,0,0,0,5.46832E+20,5.95531E+21,9.71012E+15,5.37443E+16
3746,1.17052E+18,1,0,55,4,2017,5,13,2,3,0,1,1,0,0,0,0,0,0,6.11309E+20,5.97577E+21,1.06948E+16,5.39184E+16
3747,1.17061E+18,1,0,2,0,2017,6,6,6,2,7,7,0,1,0,0,0,0,1,5.71484E+20,6.02046E+21,1.00992E+16,5.4327E+16
3748,1.17053E+18,1,0,60,77,2017,5,2,6,3,7,7,0,0,0,1,0,2,0,5.71854E+20,5.96609E+21,1.0092E+16,5.38384E+16
3749,1.17061E+18,1,0,2,0,2017,6,9,6,3,0,7,1,0,0,0,0,0,0,5.71177E+20,6.0164E+21,1.00935E+16,5.42905E+16
3750,1.17071E+18,1,0,59,158,2017,7,18,1,2,0,1,1,0,0,0,0,0,0,5.11762E+20,6.06701E+21,9.18274E+15,5.47502E+16
3751,1.17053E+18,1,0,56,28,2017,5,21,6,3,5,3,1,1,0,0,0,0,0,5.46894E+20,5.94241E+21,9.7091E+15,5.36284E+16
3752,1.17052E+18,1,0,55,33,2017,5,14,2,3,5,3,0,1,0,0,1,0,0,6.22328E+20,6.01697E+21,1.08792E+16,5.4286E+16
3753,1.17061E+18,1,0,2,0,2017,6,17,6,3,5,3,1,1,0,0,0,0,0,5.68395E+20,6.01982E+21,1.00516E+16,5.43217E+16
3754,1.17053E+18,1,0,56,50,2017,5,17,6,3,5,3,1,1,0,0,0,0,0,5.48104E+20,5.93751E+21,9.72665E+15,5.35842E+16
3755,1.17071E+18,1,0,55,32,2017,7,19,1,3,5,2,0,1,0,0,0,0,0,6.19249E+20,5.99933E+21,1.08249E+16,5.41283E+16
3756,1.17052E+18,1,0,3,0,2017,5,12,2,3,5,3,0,1,0,0,1,0,0,6.10124E+20,5.96991E+21,1.06747E+16,5.3866E+16
3757,1.17061E+18,1,0,2,0,2017,6,14,6,3,2,2,0,1,0,0,0,0,1,5.7565E+20,6.02971E+21,1.01656E+16,5.44095E+16
3758,1.1707E+18,1,0,2,0,2017,7,19,1,1,5,2,0,0,0,1,1,0,0,5.73399E+20,6.01919E+21,1.01283E+16,5.43153E+16
3759,1.17053E+18,1,0,62,82,2017,5,17,6,3,0,6,1,0,0,0,1,0,0,5.92881E+20,5.94126E+21,1.0404E+16,5.36119E+16
3760,1.1707E+18,1,0,60,40,2017,7,16,1,2,4,6,0,1,0,0,0,0,0,5.56323E+20,5.97669E+21,9.85792E+15,5.39355E+16
3761,1.1707E+18,1,0,59,167,2017,7,17,2,3,9,1,0,1,0,0,0,0,1,5.46325E+20,6.06474E+21,9.71933E+15,5.47278E+16
3762,1.17052E+18,1,0,3,0,2017,5,15,2,3,5,3,1,1,0,0,0,0,0,6.13283E+20,5.96543E+21,1.07211E+16,5.3825E+16
3763,1.1707E+18,1,0,55,4,2017,7,13,2,3,2,6,0,1,0,0,0,0,0,6.12034E+20,5.97681E+21,1.07063E+16,5.39275E+16
3764,1.17052E+18,1,0,58,34,2017,5,11,2,3,5,3,1,1,0,0,0,0,0,5.43165E+20,6.01822E+21,9.66346E+15,5.431E+16
3765,1.17063E+18,1,0,62,86,2017,6,6,2,3,3,1,0,1,0,0,1,0,1,5.87607E+20,5.93611E+21,1.03228E+16,5.35666E+16
3766,1.1706E+18,1,0,2,0,2017,6,1,7,3,5,3,1,1,0,0,0,2,0,5.72724E+20,6.0206E+21,1.01183E+16,5.4328E+16
3767,1.1707E+18,1,0,56,50,2017,7,7,2,3,5,2,1,1,0,0,0,0,0,5.46596E+20,5.93717E+21,9.70382E+15,5.35814E+16
3768,1.17052E+18,1,0,4,0,2017,5,11,2,3,5,2,1,0,0,0,1,0,0,5.65861E+20,5.99091E+21,1.00063E+16,5.40622E+16
3769,1.17063E+18,1,0,58,77,2017,6,12,2,3,2,2,0,1,0,0,0,0,0,5.43342E+20,5.99304E+21,9.66254E+15,5.40838E+16
3770,1.1706E+18,1,0,61,18,2017,6,13,7,3,2,6,0,1,0,0,0,0,0,5.2109E+20,5.96995E+21,9.3208E+15,5.38775E+16
3771,1.17052E+18,1,0,58,125,2017,5,20,2,3,4,6,0,1,0,0,0,0,0,5.37837E+20,5.99717E+21,9.57892E+15,5.41213E+16
3772,1.17063E+18,1,0,60,99,2017,6,17,2,3,5,3,1,1,0,0,0,0,0,5.59001E+20,5.97817E+21,9.899E+15,5.39486E+16
3773,1.1706E+18,1,0,53,110,2017,6,15,1,3,0,7,0,1,1,0,0,0,0,6.15666E+20,5.94702E+21,1.07504E+16,5.36591E+16
3774,1.17063E+18,1,0,3,0,2017,6,22,6,2,6,4,0,1,1,0,0,2,1,6.10692E+20,5.97225E+21,1.06842E+16,5.38868E+16
3775,1.17052E+18,1,0,58,58,2017,5,13,2,3,5,3,1,1,0,0,0,0,0,5.63243E+20,6.02914E+21,9.97434E+15,5.44061E+16
3776,1.17061E+18,1,0,59,105,2017,6,15,6,3,8,1,0,1,0,0,0,0,1,5.11486E+20,6.07639E+21,9.17882E+15,5.48345E+16
3777,1.17053E+18,1,0,62,82,2017,5,16,6,3,2,6,0,1,0,0,0,0,0,5.92797E+20,5.94242E+21,1.0403E+16,5.36224E+16
3778,1.17063E+18,1,0,60,41,2017,6,16,6,3,8,1,0,1,0,0,0,0,1,5.82936E+20,5.97654E+21,1.02632E+16,5.39306E+16
3779,1.17052E+18,1,0,2,0,2017,5,16,2,3,2,6,0,1,0,0,0,0,0,5.737E+20,6.01785E+21,1.01326E+16,5.43032E+16
3780,1.17061E+18,1,0,54,42,2017,6,18,6,3,4,1,0,1,0,0,0,0,1,5.01899E+20,6.04165E+21,9.02934E+15,5.45224E+16
3781,1.17053E+18,1,0,62,87,2017,5,17,6,3,4,6,0,1,0,1,0,0,0,5.9978E+20,5.97004E+21,1.05175E+16,5.38692E+16
3782,1.17052E+18,1,0,2,0,2017,5,7,2,3,2,6,0,1,0,0,0,0,0,5.73348E+20,6.01922E+21,1.01275E+16,5.43155E+16
3783,1.17052E+18,1,0,2,0,2017,5,5,2,3,0,2,0,1,0,0,1,0,1,5.71116E+20,6.01751E+21,1.00928E+16,5.43006E+16
3784,1.17061E+18,1,0,54,88,2017,6,18,6,3,5,3,1,1,0,0,0,0,1,4.8902E+20,6.07169E+21,8.82924E+15,5.47923E+16
3785,1.17053E+18,1,0,62,61,2017,5,11,6,3,0,1,1,0,0,0,0,0,0,5.97648E+20,5.96573E+21,1.04837E+16,5.38309E+16
3786,1.17061E+18,1,0,1,0,2017,6,18,6,3,5,3,0,1,0,0,0,0,1,5.27279E+20,6.07293E+21,9.42437E+15,5.48028E+16
3787,1.17052E+18,1,0,2,0,2017,5,13,2,3,2,6,0,1,0,0,0,0,0,5.73994E+20,6.01782E+21,1.01371E+16,5.43029E+16
3788,1.17052E+18,1,0,2,0,2017,5,19,2,3,2,6,0,1,0,0,1,0,0,5.77759E+20,6.02082E+21,1.01957E+16,5.43293E+16
3789,1.17061E+18,1,0,62,71,2017,6,15,6,3,2,6,0,1,0,0,0,0,0,5.81483E+20,5.94083E+21,1.02316E+16,5.36099E+16
3790,1.17053E+18,1,0,62,90,2017,5,12,6,3,5,3,1,1,0,0,0,0,0,5.75919E+20,5.94844E+21,1.01494E+16,5.36792E+16
3791,1.17061E+18,1,0,51,82,2017,6,11,5,3,2,6,0,1,0,0,0,0,1,5.11859E+20,6.00327E+21,9.18169E+15,5.41773E+16
3792,1.17052E+18,1,0,1,0,2017,5,12,2,3,2,6,0,1,0,0,0,0,0,5.27147E+20,6.07358E+21,9.42238E+15,5.48087E+16
3793,1.17061E+18,1,0,61,56,2017,6,21,5,3,0,1,1,0,0,0,0,1,0,5.31083E+20,5.97E+21,9.4728E+15,5.38775E+16
3794,1.17053E+18,1,0,3,0,2017,5,10,6,3,4,7,0,1,0,1,0,0,0,6.09383E+20,5.97284E+21,1.06645E+16,5.38925E+16
3795,1.17061E+18,1,0,61,46,2017,6,12,5,3,3,2,1,1,0,0,0,0,1,5.33161E+20,5.97607E+21,9.50507E+15,5.39319E+16
3796,1.1706E+18,1,0,3,0,2017,6,7,6,3,1,5,0,1,0,0,0,0,0,6.05456E+20,5.96539E+21,1.06022E+16,5.38263E+16
3797,1.17052E+18,1,0,59,19,2017,5,15,2,3,5,2,0,1,0,0,0,0,0,5.34478E+20,6.03728E+21,9.53215E+15,5.4482E+16
3798,1.17061E+18,1,0,56,34,2017,6,19,5,3,8,1,0,1,0,0,0,1,1,5.55064E+20,5.96017E+21,9.83579E+15,5.37872E+16
3799,1.17053E+18,1,0,58,148,2017,5,9,6,3,5,2,0,1,0,1,0,0,0,5.39768E+20,6.00999E+21,9.61015E+15,5.42364E+16
3800,1.17052E+18,1,0,56,39,2017,5,3,2,2,9,1,0,1,0,0,0,2,1,5.54528E+20,5.94472E+21,9.82493E+15,5.36484E+16
3801,1.17061E+18,1,0,56,49,2017,6,15,5,3,5,3,1,1,0,0,0,0,1,5.42824E+20,5.94828E+21,9.64837E+15,5.36815E+16
3802,1.1707E+18,1,0,54,91,2017,7,16,2,3,6,4,0,1,1,0,0,0,1,4.94896E+20,6.03765E+21,8.92121E+15,5.44865E+16
3803,1.17053E+18,1,0,58,22,2017,5,14,6,2,5,3,0,1,0,0,0,0,0,5.66708E+20,6.00484E+21,1.00223E+16,5.41873E+16
3804,1.17061E+18,1,0,56,48,2017,6,11,5,3,5,3,1,1,0,0,0,0,0,5.46885E+20,5.95031E+21,9.71015E+15,5.36993E+16
3805,1.1707E+18,1,0,55,1,2017,7,14,2,3,4,2,0,1,0,1,0,0,0,6.02827E+20,5.98632E+21,1.05693E+16,5.40149E+16
3806,1.17053E+18,1,0,58,7,2017,5,17,6,3,8,1,0,1,0,0,0,0,0,5.53918E+20,5.98631E+21,9.82301E+15,5.40223E+16
3807,1.1707E+18,1,0,61,46,2017,7,18,2,3,2,6,0,1,0,0,0,0,1,5.33104E+20,5.97606E+21,9.5042E+15,5.39319E+16
3808,1.17063E+18,1,0,4,0,2017,6,15,2,2,5,2,1,1,0,0,0,0,0,5.63948E+20,5.99137E+21,9.97714E+15,5.40666E+16
3809,1.1707E+18,1,0,58,135,2017,7,9,3,3,6,7,0,1,1,0,0,0,0,5.41999E+20,6.01852E+21,9.64557E+15,5.43128E+16
3810,1.17063E+18,1,0,60,44,2017,6,20,2,3,5,3,0,1,0,1,0,0,0,5.63985E+20,5.96575E+21,9.97234E+15,5.38364E+16
3811,1.1706E+18,1,0,62,89,2017,6,17,1,3,4,1,1,1,0,0,0,0,0,5.88466E+20,5.95608E+21,1.03415E+16,5.37458E+16
3812,1.17071E+18,1,0,1,0,2017,7,17,4,3,2,6,0,1,0,0,0,0,0,5.27274E+20,6.07295E+21,9.4243E+15,5.4803E+16
3813,1.17063E+18,1,0,59,75,2017,6,19,3,2,2,6,0,1,0,0,0,0,0,5.37457E+20,6.04412E+21,9.579E+15,5.45432E+16
3814,1.17061E+18,1,0,3,0,2017,6,9,2,3,0,7,1,0,0,0,0,0,0,6.21867E+20,5.98127E+21,1.08577E+16,5.39654E+16
3815,1.17052E+18,1,0,58,76,2017,5,6,2,3,9,7,0,0,0,0,1,0,1,5.63169E+20,6.00583E+21,9.96827E+15,5.41966E+16
3816,1.17063E+18,1,0,55,12,2017,6,15,3,2,4,6,0,1,0,0,1,0,0,6.03568E+20,5.99842E+21,1.05848E+16,5.41235E+16
3817,1.17061E+18,1,0,59,183,2017,6,5,3,3,0,2,1,1,0,0,0,0,0,5.19791E+20,6.07202E+21,9.30782E+15,5.4795E+16
3818,1.17051E+18,1,0,51,1,2017,5,20,1,2,8,1,0,1,0,0,0,0,1,5.19192E+20,6.00051E+21,9.29386E+15,5.41523E+16
3819,1.17053E+18,1,0,58,1,2017,5,19,6,3,8,7,1,0,0,0,0,0,0,5.66125E+20,6.0178E+21,1.00162E+16,5.43038E+16
3820,1.17063E+18,1,0,1,0,2017,6,10,4,3,3,2,1,0,0,0,1,0,0,5.27998E+20,6.07029E+21,9.43529E+15,5.4779E+16
3821,1.17061E+18,1,0,62,48,2017,6,22,3,2,1,5,0,1,0,0,1,2,0,5.99374E+20,5.97504E+21,1.0513E+16,5.39143E+16
3822,1.17051E+18,1,0,51,107,2017,5,16,1,3,5,3,0,1,0,0,0,0,0,5.02401E+20,6.01198E+21,9.03685E+15,5.42558E+16
3823,1.17053E+18,1,0,58,124,2017,5,17,6,3,3,7,0,1,0,0,0,0,0,5.44527E+20,6.01532E+21,9.68395E+15,5.42839E+16
3824,1.17061E+18,1,0,56,30,2017,6,14,4,3,3,6,0,1,0,0,0,0,1,5.4554E+20,5.96119E+21,9.6914E+15,5.37972E+16
3825,1.17051E+18,1,0,60,34,2017,5,10,1,3,5,2,0,1,0,0,0,0,0,5.68907E+20,5.97435E+21,1.0049E+16,5.3913E+16
3826,1.17053E+18,1,0,4,0,2017,5,11,6,2,5,3,0,1,0,1,0,0,0,5.6584E+20,5.98928E+21,1.00056E+16,5.40476E+16
3827,1.17051E+18,1,0,56,39,2017,5,15,1,3,1,5,1,1,0,0,0,0,0,5.5279E+20,5.94417E+21,9.79855E+15,5.36437E+16
3828,1.17053E+18,1,0,2,0,2017,5,10,6,2,6,4,0,1,1,0,0,0,0,5.73684E+20,6.02134E+21,1.01332E+16,5.43346E+16
3829,1.17071E+18,1,0,58,8,2017,7,18,6,2,4,2,0,1,0,0,0,0,0,5.45931E+20,6.03159E+21,9.70803E+15,5.44299E+16
3830,1.17053E+18,1,0,57,73,2017,5,13,6,3,5,3,1,1,0,0,0,0,0,5.88341E+20,6.02908E+21,1.03609E+16,5.44018E+16
3831,1.17062E+18,1,0,61,46,2017,6,14,4,3,0,7,1,0,0,0,0,0,0,5.35357E+20,5.97602E+21,9.53851E+15,5.39314E+16
3832,1.17063E+18,1,0,59,183,2017,6,7,6,3,8,6,0,1,0,0,1,0,1,5.19067E+20,6.06784E+21,9.29628E+15,5.47574E+16
3833,1.17053E+18,1,0,2,0,2017,5,20,6,3,5,3,1,1,0,0,0,0,0,5.74382E+20,6.02011E+21,1.01437E+16,5.43234E+16
3834,1.17061E+18,1,0,56,44,2017,6,14,5,3,5,3,1,1,0,0,0,0,1,5.55446E+20,5.93942E+21,9.83788E+15,5.36006E+16
3835,1.17061E+18,1,0,60,58,2017,6,15,5,3,2,2,0,1,0,0,0,0,0,5.74966E+20,5.96096E+21,1.0138E+16,5.37918E+16
3836,1.17061E+18,1,0,56,39,2017,6,14,5,3,2,6,0,1,0,0,0,0,1,5.51983E+20,5.94592E+21,9.78664E+15,5.36595E+16
3837,1.17061E+18,1,0,62,4,2017,6,16,5,3,5,3,0,1,0,0,0,0,0,5.89561E+20,5.96296E+21,1.03601E+16,5.38075E+16
3838,1.17051E+18,1,0,60,80,2017,5,16,1,3,2,6,0,1,0,0,0,0,0,5.87478E+20,5.99357E+21,1.03372E+16,5.40829E+16
3839,1.17061E+18,1,0,53,123,2017,6,19,5,3,5,3,0,1,0,0,1,0,1,6.21876E+20,5.94387E+21,1.08431E+16,5.36294E+16
3840,1.17051E+18,1,0,62,4,2017,5,17,1,3,6,6,1,0,1,0,0,0,0,5.90138E+20,5.963E+21,1.03688E+16,5.38077E+16
3841,1.17061E+18,1,0,62,1,2017,6,7,5,3,2,6,1,0,0,0,0,0,0,5.82576E+20,5.94687E+21,1.02497E+16,5.3664E+16
3842,1.17051E+18,1,0,53,100,2017,5,16,1,3,5,3,0,1,0,1,0,0,0,6.17676E+20,5.95137E+21,1.07824E+16,5.36978E+16
3843,1.17051E+18,1,0,55,28,2017,5,15,1,3,8,1,1,0,0,0,0,0,0,6.01776E+20,6.00324E+21,1.0559E+16,5.41671E+16
3844,1.17071E+18,1,0,1,0,2017,7,11,3,3,2,6,0,1,0,0,0,0,0,5.29814E+20,6.07058E+21,9.46355E+15,5.47815E+16
3845,1.17061E+18,1,0,53,129,2017,6,13,5,3,6,7,0,1,1,0,0,0,0,5.82501E+20,5.92739E+21,1.02435E+16,5.3489E+16
3846,1.17062E+18,1,0,51,48,2017,6,14,4,3,2,6,0,1,0,0,0,0,0,5.0471E+20,5.99992E+21,9.07211E+15,5.41473E+16
3847,1.17051E+18,1,0,3,0,2017,5,17,1,2,5,3,1,1,0,0,0,0,0,6.1332E+20,5.96984E+21,1.07233E+16,5.38647E+16
3848,1.17051E+18,1,0,3,0,2017,5,7,1,3,7,7,0,0,0,0,1,0,0,6.20354E+20,5.97829E+21,1.08335E+16,5.3939E+16
3849,1.17071E+18,1,0,56,2,2017,7,6,3,3,5,3,1,1,0,0,0,0,0,5.51898E+20,5.95981E+21,9.78768E+15,5.37843E+16
3850,1.17061E+18,1,0,3,0,2017,6,8,5,3,3,6,0,1,0,0,1,0,0,6.17768E+20,5.97523E+21,1.07929E+16,5.39121E+16
3851,1.17061E+18,1,0,3,0,2017,6,7,5,3,5,3,0,1,0,0,0,0,0,6.10719E+20,5.97232E+21,1.06846E+16,5.38875E+16
3852,1.17053E+18,1,0,59,44,2017,5,3,6,3,0,1,1,0,0,0,0,1,0,5.28588E+20,6.04564E+21,9.44206E+15,5.45575E+16
3853,1.17062E+18,1,0,56,49,2017,6,6,4,3,5,2,1,0,0,0,1,0,0,5.44974E+20,5.94825E+21,9.68091E+15,5.36811E+16
3854,1.17051E+18,1,0,3,0,2017,5,9,1,3,2,6,0,1,0,0,0,0,0,6.0918E+20,5.97164E+21,1.0661E+16,5.38817E+16
3855,1.17051E+18,1,0,57,4,2017,5,13,1,3,9,1,0,0,0,1,0,0,0,6.03299E+20,6.02366E+21,1.05893E+16,5.43503E+16
3856,1.17061E+18,1,0,2,0,2017,6,6,5,3,3,6,0,1,0,0,1,0,0,5.74907E+20,6.01855E+21,1.01513E+16,5.43093E+16
3857,1.17071E+18,1,0,51,99,2017,7,8,7,3,1,6,0,1,0,0,0,0,0,5.18718E+20,5.99187E+21,9.28606E+15,5.40747E+16
3858,1.17053E+18,1,0,59,75,2017,5,0,6,3,0,1,1,0,0,0,0,2,0,5.35402E+20,6.04051E+21,9.54679E+15,5.45109E+16
3859,1.17051E+18,1,0,2,0,2017,5,17,1,3,5,3,0,1,0,0,0,0,0,5.75617E+20,6.01577E+21,1.01615E+16,5.42843E+16
3860,1.17061E+18,1,0,2,0,2017,6,16,5,3,5,3,1,1,0,0,0,0,0,5.73388E+20,6.0192E+21,1.01282E+16,5.43154E+16
3861,1.17053E+18,1,0,54,131,2017,5,22,6,3,5,3,0,1,0,0,0,1,0,4.94093E+20,6.08059E+21,8.90795E+15,5.48723E+16
3862,1.17061E+18,1,0,2,0,2017,6,16,5,3,2,6,0,1,0,0,1,0,0,5.72916E+20,6.02286E+21,1.01218E+16,5.43483E+16
3863,1.17071E+18,1,0,4,0,2017,7,13,7,3,5,3,0,1,0,0,1,0,0,5.63246E+20,5.98847E+21,9.96581E+15,5.40406E+16
3864,1.17053E+18,1,0,54,113,2017,5,17,6,3,2,6,0,1,0,0,0,0,0,4.77106E+20,6.01746E+21,8.64816E+15,5.43045E+16
3865,1.17051E+18,1,0,2,0,2017,5,15,1,3,5,2,1,1,0,0,0,0,0,5.73502E+20,6.01903E+21,1.01299E+16,5.43138E+16
3866,1.17061E+18,1,0,2,0,2017,6,14,5,2,0,7,0,0,0,0,1,0,0,5.73572E+20,6.01921E+21,1.0131E+16,5.43155E+16
3867,1.17053E+18,1,0,54,164,2017,5,22,6,3,9,1,0,1,0,0,0,2,0,4.72872E+20,6.06348E+21,8.57887E+15,5.47179E+16
3868,1.17071E+18,1,0,61,29,2017,7,18,7,3,6,4,1,0,1,0,0,0,0,5.28548E+20,5.95884E+21,9.43321E+15,5.37774E+16
3869,1.17051E+18,1,0,57,87,2017,5,15,1,3,0,6,0,1,0,0,0,0,0,5.83749E+20,6.02859E+21,1.029E+16,5.43982E+16
3870,1.17061E+18,1,0,59,75,2017,6,17,5,3,4,1,0,1,0,0,0,0,1,5.35745E+20,6.03966E+21,9.552E+15,5.45033E+16
3871,1.17061E+18,1,0,54,161,2017,6,18,5,3,8,1,0,1,0,0,0,0,1,5.00137E+20,6.02599E+21,9.00211E+15,5.43817E+16
3872,1.17071E+18,1,0,62,83,2017,7,16,1,3,8,7,0,1,0,0,0,0,0,5.98454E+20,5.96084E+21,1.04944E+16,5.37868E+16
3873,1.17061E+18,1,0,1,0,2017,6,19,5,3,2,2,0,1,0,0,0,0,1,5.24142E+20,6.07066E+21,9.37538E+15,5.47826E+16
3874,1.17071E+18,1,0,61,44,2017,7,15,2,2,3,6,0,1,0,0,0,0,1,5.41461E+20,5.96482E+21,9.62995E+15,5.38303E+16
3875,1.17061E+18,1,0,54,118,2017,6,21,5,3,9,3,0,1,0,0,0,0,1,5.0898E+20,6.0389E+21,9.13866E+15,5.44977E+16
3876,1.17071E+18,1,0,58,155,2017,7,13,2,2,5,3,1,1,0,0,0,0,1,5.43217E+20,6.0027E+21,9.66201E+15,5.41705E+16
3877,1.17061E+18,1,0,58,28,2017,6,17,5,2,2,6,0,1,0,0,0,0,1,5.56136E+20,6.01907E+21,9.86295E+15,5.43164E+16
3878,1.17061E+18,1,0,61,46,2017,6,15,4,3,2,6,0,1,0,0,0,0,1,5.33465E+20,5.97579E+21,9.50968E+15,5.39294E+16
3879,1.17051E+18,1,0,57,91,2017,5,16,1,2,2,6,0,1,0,1,0,0,0,5.79541E+20,6.01642E+21,1.0222E+16,5.42895E+16
3880,1.17051E+18,1,0,57,62,2017,5,16,1,3,0,7,1,0,0,0,0,0,0,5.84014E+20,6.01013E+21,1.02889E+16,5.42322E+16
3881,1.17061E+18,1,0,61,36,2017,6,12,4,3,8,1,0,1,0,0,0,0,1,5.46992E+20,5.98791E+21,9.71754E+15,5.40373E+16
3882,1.17053E+18,1,0,54,56,2017,5,13,6,3,5,3,1,1,0,0,0,0,0,5.02879E+20,6.03235E+21,9.04439E+15,5.44388E+16
3883,1.17062E+18,1,0,56,36,2017,6,21,4,3,0,7,1,0,0,0,1,0,0,5.44566E+20,5.94731E+21,9.6746E+15,5.36726E+16
3884,1.17051E+18,1,0,59,65,2017,5,17,1,2,8,7,0,1,0,0,0,0,0,5.50385E+20,6.05156E+21,9.7801E+15,5.4609E+16
3885,1.17061E+18,1,0,51,108,2017,6,14,4,3,5,2,0,1,0,0,1,0,1,4.99303E+20,6.01337E+21,8.98929E+15,5.42683E+16
3886,1.17053E+18,1,0,54,144,2017,5,15,6,3,0,6,0,0,0,1,1,0,0,5.10656E+20,6.04591E+21,9.16479E+15,5.45606E+16
3887,1.17051E+18,1,0,54,78,2017,5,12,1,3,1,5,1,1,0,0,0,0,0,4.63677E+20,6.09666E+21,8.43195E+15,5.50155E+16