OBJECTID,UIDENTSTLA,ULAND,UREGBEZ,UKREIS,UGEMEINDE,UJAHR,UMONAT,USTUNDE,UWOCHENTAG,UKATEGORIE,UART,UTYP1,IstRad,IstPKW,IstFuss,IstKrad,IstSonstig,LICHT,STRZUSTAND,LINREFX,LINREFY,XGCSWGS84,YGCSWGS84
4064,1.1708E+18,1,0,57,62,2017,8,14,6,3,5,3,1,0,0,0,0,0,0,5.8367E+20,6.01055E+21,1.02837E+16,5.42361E+16
4065,1.17072E+18,1,0,56,20,2017,7,16,1,3,6,7,1,0,1,0,0,0,0,5.38477E+20,5.94366E+21,9.58198E+15,5.36403E+16
4066,1.17092E+18,1,0,60,5,2017,9,18,3,3,9,1,0,1,0,0,0,1,1,5.83842E+20,5.9767E+21,1.0277E+16,5.39319E+16
4067,1.17081E+18,1,0,58,144,2017,8,23,7,3,2,6,0,1,0,0,1,2,1,5.62914E+20,6.0019E+21,9.96354E+15,5.41614E+16
4068,1.17072E+18,1,0,53,111,2017,7,10,1,1,8,1,0,1,0,0,0,0,1,5.97649E+20,5.91735E+21,1.04686E+16,5.33962E+16
4069,1.17092E+18,1,0,61,46,2017,9,14,2,3,5,2,1,1,0,0,0,0,0,5.32934E+20,5.97358E+21,9.50134E+15,5.39096E+16
4070,1.17081E+18,1,0,3,0,2017,8,12,7,3,2,6,0,0,0,1,0,0,0,6.22156E+20,5.98336E+21,1.0863E+16,5.39841E+16
4071,1.17092E+18,1,0,2,0,2017,9,15,6,3,6,2,0,1,1,0,0,0,0,5.73398E+20,6.02069E+21,1.01287E+16,5.43288E+16
4072,1.17073E+18,1,0,3,0,2017,7,19,6,2,4,6,0,1,0,0,1,0,0,6.20387E+20,5.9809E+21,1.0835E+16,5.39624E+16
4073,1.17081E+18,1,0,51,44,2017,8,13,1,3,2,6,0,1,0,0,0,0,1,5.0735E+20,6.00213E+21,9.11258E+15,5.41672E+16
4074,1.17072E+18,1,0,62,18,2017,7,19,1,3,9,2,0,1,0,1,0,0,0,5.80443E+20,5.93296E+21,1.02139E+16,5.35394E+16
4075,1.17092E+18,1,0,60,12,2017,9,12,2,3,0,7,0,1,1,0,1,0,0,5.80612E+20,5.99177E+21,1.02318E+16,5.40678E+16
4076,1.17073E+18,1,0,56,1,2017,7,6,6,3,5,2,1,1,0,0,0,0,1,5.4883E+20,5.94597E+21,9.73893E+15,5.36602E+16
4077,1.17081E+18,1,0,3,0,2017,8,16,1,2,5,2,1,1,0,0,0,0,0,6.21858E+20,5.98037E+21,1.08572E+16,5.39573E+16
4078,1.17073E+18,1,0,58,38,2017,7,9,7,3,5,3,0,1,0,0,0,0,1,5.6183E+20,6.00391E+21,9.94734E+15,5.41795E+16
4079,1.17082E+18,1,0,56,15,2017,8,14,2,3,5,3,1,1,0,0,0,0,0,5.43972E+20,5.9567E+21,9.66695E+15,5.37571E+16
4080,1.17073E+18,1,0,3,0,2017,7,15,1,3,2,6,0,1,0,0,0,0,0,6.08419E+20,5.97073E+21,1.06491E+16,5.38737E+16
4081,1.17082E+18,1,0,56,15,2017,8,10,2,3,1,6,0,1,0,0,1,0,1,5.46591E+20,5.95533E+21,9.70646E+15,5.37445E+16
4082,1.17073E+18,1,0,3,0,2017,7,4,1,3,1,5,0,1,0,0,0,1,1,6.09993E+20,5.96926E+21,1.06725E+16,5.38602E+16
4083,1.17082E+18,1,0,62,6,2017,8,14,2,3,0,7,0,0,0,1,0,0,1,5.82882E+20,5.95339E+21,1.02561E+16,5.37226E+16
4084,1.17082E+18,1,0,53,36,2017,8,15,2,3,4,6,0,1,0,0,0,0,0,5.99684E+20,5.93127E+21,1.05036E+16,5.35209E+16
4085,1.17093E+18,1,0,51,137,2017,9,18,3,3,2,2,0,1,0,0,0,0,0,5.04028E+20,5.99439E+21,9.0616E+15,5.40977E+16
4086,1.17093E+18,1,0,55,42,2017,9,5,4,3,2,6,0,1,0,0,0,2,0,6.18246E+20,5.98363E+21,1.08035E+16,5.39874E+16
4087,1.17093E+18,1,0,60,63,2017,9,5,4,3,0,1,1,0,0,0,0,2,0,5.6789E+20,5.95E+21,1.00282E+16,5.36943E+16
4088,1.1708E+18,1,0,3,0,2017,8,20,3,3,0,7,1,0,0,0,0,0,0,6.10255E+20,5.96702E+21,1.06757E+16,5.384E+16
4089,1.17093E+18,1,0,1,0,2017,9,16,5,3,5,3,1,1,0,0,0,0,0,5.28E+20,6.06879E+21,9.43518E+15,5.47656E+16
4090,1.1708E+18,1,0,56,18,2017,8,16,4,3,2,6,0,1,0,0,0,0,0,5.57485E+20,5.9426E+21,9.86927E+15,5.36291E+16
4091,1.17093E+18,1,0,58,137,2017,9,7,5,3,2,6,0,1,0,0,0,0,1,5.51175E+20,6.04384E+21,9.79098E+15,5.45395E+16
4092,1.17091E+18,1,0,1,0,2017,9,15,3,3,3,2,0,0,0,1,1,0,0,5.3062E+20,6.07237E+21,9.47627E+15,5.47976E+16
4093,1.1708E+18,1,0,3,0,2017,8,16,4,2,4,6,1,0,0,1,0,0,0,6.21046E+20,5.98367E+21,1.08462E+16,5.39871E+16
4094,1.17093E+18,1,0,60,45,2017,9,22,5,3,8,1,0,1,0,0,0,2,0,5.67381E+20,5.96887E+21,1.00246E+16,5.38639E+16
4095,1.17082E+18,1,0,62,45,2017,8,10,2,2,8,1,0,0,0,0,1,0,1,5.91514E+20,5.94701E+21,1.0385E+16,5.36638E+16
4096,1.17092E+18,1,0,2,0,2017,9,11,6,3,2,6,0,1,0,0,1,0,0,5.72806E+20,6.01807E+21,1.01189E+16,5.43053E+16
4097,1.17091E+18,1,0,59,183,2017,9,14,3,3,5,3,0,1,0,0,1,0,0,5.23364E+20,6.0644E+21,9.36278E+15,5.47264E+16
4098,1.17073E+18,1,0,3,0,2017,7,12,4,3,4,6,1,0,0,0,0,0,0,6.08188E+20,5.96743E+21,1.06444E+16,5.38441E+16
4099,1.1708E+18,1,0,51,34,2017,8,12,4,3,8,1,0,1,0,0,0,0,0,4.92095E+20,5.98584E+21,8.87934E+15,5.40208E+16
4100,1.17082E+18,1,0,62,18,2017,8,16,2,2,5,3,0,1,0,1,0,0,0,5.80529E+20,5.93334E+21,1.02153E+16,5.35428E+16
4101,1.17092E+18,1,0,2,0,2017,9,4,6,3,0,7,1,0,0,0,0,2,0,5.71079E+20,6.02378E+21,1.00937E+16,5.43569E+16
4102,1.17091E+18,1,0,54,84,2017,9,12,3,3,5,3,0,1,0,1,0,0,0,5.06238E+20,6.0359E+21,9.09625E+15,5.44707E+16
4103,1.17091E+18,1,0,59,45,2017,9,16,3,3,5,3,0,1,0,0,0,0,0,5.59447E+20,6.05802E+21,9.92169E+15,5.4666E+16
4104,1.17073E+18,1,0,55,35,2017,7,17,4,3,5,3,0,1,0,0,0,0,0,6.14889E+20,5.97949E+21,1.07507E+16,5.3951E+16
4105,1.17082E+18,1,0,53,104,2017,8,16,2,3,4,6,0,1,0,0,0,0,0,6.075E+20,5.93185E+21,1.06216E+16,5.35246E+16
4106,1.1708E+18,1,0,59,75,2017,8,15,5,3,2,6,0,1,0,0,0,0,1,5.34724E+20,6.04228E+21,9.53654E+15,5.45269E+16
4107,1.17082E+18,1,0,55,27,2017,8,23,2,3,0,7,1,0,0,0,0,2,0,6.2262E+20,6.00952E+21,1.08806E+16,5.4219E+16
4108,1.17092E+18,1,0,57,44,2017,9,12,6,3,5,2,0,1,0,0,0,0,0,5.95541E+20,6.01582E+21,1.04675E+16,5.42814E+16
4109,1.17091E+18,1,0,60,44,2017,9,3,3,3,0,7,0,1,0,0,0,2,0,5.61573E+20,5.96713E+21,9.93596E+15,5.3849E+16
4110,1.17091E+18,1,0,56,39,2017,9,15,3,2,2,6,0,1,0,0,1,0,0,5.54498E+20,5.94475E+21,9.82448E+15,5.36487E+16
4111,1.17073E+18,1,0,3,0,2017,7,16,4,3,5,3,1,1,0,0,0,0,0,6.12657E+20,5.96972E+21,1.07131E+16,5.38637E+16
4112,1.17082E+18,1,0,58,88,2017,8,6,2,3,3,6,0,1,0,0,0,0,1,5.48929E+20,6.02875E+21,9.75377E+15,5.44042E+16
4113,1.1708E+18,1,0,53,129,2017,8,14,5,3,2,6,0,1,0,0,1,0,0,5.84173E+20,5.92837E+21,1.02689E+16,5.34975E+16
4114,1.17082E+18,1,0,58,27,2017,8,8,2,3,5,2,0,1,0,0,1,0,1,5.48495E+20,6.00721E+21,9.74358E+15,5.42106E+16
4115,1.17072E+18,1,0,55,16,2017,7,15,1,3,7,1,1,0,0,0,0,0,0,6.25746E+20,6.00263E+21,1.09257E+16,5.41563E+16
4116,1.17092E+18,1,0,62,60,2017,9,10,2,3,5,3,1,1,0,0,0,0,0,5.82368E+20,5.93422E+21,1.02432E+16,5.35504E+16
4117,1.17092E+18,1,0,2,0,2017,9,7,6,2,5,3,0,1,0,1,0,0,0,5.73448E+20,6.01781E+21,1.01287E+16,5.43029E+16
4118,1.1709E+18,1,0,51,27,2017,9,17,2,3,5,2,0,1,0,0,0,0,0,5.0469E+20,5.99138E+21,9.07166E+15,5.40706E+16
4119,1.17073E+18,1,0,56,15,2017,7,12,4,3,5,3,1,1,0,0,0,0,0,5.42742E+20,5.95627E+21,9.64823E+15,5.37533E+16
4120,1.17082E+18,1,0,2,0,2017,8,14,2,3,0,7,1,0,0,0,0,0,0,5.76207E+20,6.01724E+21,1.0171E+16,5.42974E+16
4121,1.17082E+18,1,0,2,0,2017,8,14,2,3,3,6,1,0,0,0,1,0,0,5.73037E+20,6.01963E+21,1.01229E+16,5.43193E+16
4122,1.17072E+18,1,0,58,43,2017,7,11,1,3,2,6,0,1,0,0,0,0,1,5.56114E+20,6.03364E+21,9.86538E+15,5.44474E+16
4123,1.17092E+18,1,0,62,1,2017,9,8,2,3,5,7,0,1,0,0,1,0,0,5.81109E+20,5.9472E+21,1.02276E+16,5.36673E+16
4124,1.1709E+18,1,0,61,55,2017,9,19,2,2,1,5,0,1,0,0,1,0,0,5.31667E+20,5.96518E+21,9.48119E+15,5.38342E+16
4125,1.17073E+18,1,0,55,16,2017,7,15,5,3,8,1,1,0,0,0,0,0,0,6.25784E+20,6.00262E+21,1.09262E+16,5.41563E+16
4126,1.17082E+18,1,0,54,56,2017,8,11,2,3,0,7,1,0,0,0,0,0,0,5.03682E+20,6.03675E+21,9.05682E+15,5.44784E+16
4127,1.17092E+18,1,0,62,6,2017,9,5,2,3,5,3,0,0,0,1,1,2,0,5.82749E+20,5.95349E+21,1.02541E+16,5.37235E+16
4128,1.17072E+18,1,0,2,0,2017,7,15,1,2,5,3,0,1,0,1,0,0,0,5.7183E+20,6.01792E+21,1.01039E+16,5.43041E+16
4129,1.1709E+18,1,0,51,129,2017,9,17,2,3,3,2,0,0,0,1,1,0,0,4.90961E+20,6.01081E+21,8.86129E+15,5.42452E+16
4130,1.17082E+18,1,0,54,46,2017,8,12,2,3,0,7,1,0,0,0,0,0,0,4.54056E+20,6.06805E+21,8.28606E+15,5.47576E+16
4131,1.17072E+18,1,0,2,0,2017,7,17,1,3,0,7,1,0,0,0,0,0,0,5.73465E+20,6.02419E+21,1.01306E+16,5.43602E+16
4132,1.17092E+18,1,0,53,131,2017,9,7,2,3,2,6,0,1,0,0,0,0,1,5.95576E+20,5.92253E+21,1.0439E+16,5.34432E+16
4133,1.17072E+18,1,0,2,0,2017,7,13,1,3,0,1,1,0,0,0,0,0,1,5.71965E+20,6.02161E+21,1.01069E+16,5.43373E+16
4134,1.17082E+18,1,0,54,27,2017,8,16,2,3,5,2,0,1,0,0,0,0,0,4.96805E+20,6.08231E+21,8.95019E+15,5.48878E+16
4135,1.17072E+18,1,0,1,0,2017,7,21,1,3,5,2,0,1,0,0,0,0,0,5.27049E+20,6.06899E+21,9.42043E+15,5.47674E+16
4136,1.17092E+18,1,0,53,81,2017,9,15,2,3,5,2,0,1,0,0,0,0,0,6.10985E+20,5.94869E+21,1.06802E+16,5.36751E+16
4137,1.17072E+18,1,0,54,160,2017,7,3,1,2,8,7,0,1,0,0,0,2,0,4.59878E+20,6.05358E+21,8.37852E+15,5.46281E+16
4138,1.17072E+18,1,0,62,4,2017,7,8,1,3,9,1,0,1,0,0,0,0,1,5.92684E+20,5.95951E+21,1.04065E+16,5.37759E+16
4139,1.17092E+18,1,0,55,38,2017,9,17,7,3,2,6,0,1,0,1,0,0,0,6.14472E+20,6.00582E+21,1.07543E+16,5.41876E+16
4140,1.17072E+18,1,0,4,0,2017,7,11,1,3,2,6,0,1,0,0,0,0,0,5.61362E+20,5.9954E+21,9.93845E+15,5.41031E+16
4141,1.1709E+18,1,0,51,105,2017,9,14,2,3,5,3,0,1,0,0,0,0,0,4.97914E+20,6.01204E+21,8.96799E+15,5.42563E+16
4142,1.17092E+18,1,0,59,75,2017,9,10,1,2,0,7,1,0,0,0,0,0,0,5.36064E+20,6.04258E+21,9.55728E+15,5.45295E+16
4143,1.17082E+18,1,0,62,11,2017,8,18,2,3,8,7,0,1,0,0,1,0,0,5.81873E+20,5.94215E+21,1.02379E+16,5.36217E+16
4144,1.17092E+18,1,0,3,0,2017,9,16,2,3,0,7,0,0,1,1,0,0,0,6.10516E+20,5.96888E+21,1.06803E+16,5.38566E+16
4145,1.17072E+18,1,0,56,43,2017,7,16,1,3,2,6,0,1,0,0,0,0,0,5.5773E+20,5.94252E+21,9.87296E+15,5.36283E+16
4146,1.1709E+18,1,0,56,44,2017,9,17,2,3,5,3,0,1,0,0,0,0,0,5.56422E+20,5.93919E+21,9.85259E+15,5.35985E+16
4147,1.17093E+18,1,0,58,122,2017,9,17,2,3,2,6,0,1,0,0,1,0,0,5.49883E+20,6.0181E+21,9.76668E+15,5.43084E+16
4148,1.17082E+18,1,0,60,27,2017,8,7,2,3,9,7,0,0,0,0,1,0,1,5.61064E+20,5.98539E+21,9.93188E+15,5.40132E+16
4149,1.17092E+18,1,0,3,0,2017,9,8,2,3,2,6,0,1,0,0,0,0,0,6.10417E+20,5.96802E+21,1.06785E+16,5.38489E+16
4150,1.1709E+18,1,0,61,46,2017,9,7,2,3,0,6,0,1,0,0,0,0,0,5.33703E+20,5.97478E+21,9.51319E+15,5.39204E+16
4151,1.1709E+18,1,0,56,1,2017,9,18,2,2,0,1,0,0,0,1,0,0,0,5.48807E+20,5.94597E+21,9.73859E+15,5.36602E+16
4152,1.17093E+18,1,0,3,0,2017,9,18,2,3,2,6,0,1,0,0,0,0,0,6.1014E+20,5.96993E+21,1.0675E+16,5.38662E+16
4153,1.17072E+18,1,0,56,48,2017,7,16,1,3,8,7,0,1,0,0,0,0,1,5.49672E+20,5.95233E+21,9.7527E+15,5.37173E+16
4154,1.17092E+18,1,0,3,0,2017,9,7,2,3,5,3,1,1,0,0,0,0,0,6.11357E+20,5.971E+21,1.06939E+16,5.38755E+16
4155,1.1709E+18,1,0,60,44,2017,9,8,2,3,5,3,1,1,0,0,0,0,0,5.63798E+20,5.96585E+21,9.96952E+15,5.38373E+16
4156,1.1709E+18,1,0,56,39,2017,9,12,2,3,5,3,1,0,0,1,0,0,0,5.52343E+20,5.94503E+21,9.79193E+15,5.36514E+16
4157,1.17093E+18,1,0,51,78,2017,9,7,2,3,5,2,1,1,0,0,0,0,0,5.06756E+20,5.99328E+21,9.10329E+15,5.40877E+16
4158,1.17082E+18,1,0,51,26,2017,8,15,1,2,9,1,0,1,0,0,0,0,1,5.17582E+20,5.9906E+21,9.26863E+15,5.40633E+16
4159,1.17092E+18,1,0,58,68,2017,9,11,2,3,1,5,0,1,0,0,0,0,0,5.35936E+20,6.00309E+21,9.55054E+15,5.41746E+16
4160,1.17072E+18,1,0,51,44,2017,7,13,7,3,5,2,1,1,0,0,0,0,1,5.05906E+20,6.00545E+21,9.09053E+15,5.4197E+16
4161,1.17092E+18,1,0,4,0,2017,9,5,2,1,9,1,0,1,0,1,0,2,1,5.65343E+20,5.99867E+21,1E+16,5.4132E+16
4162,1.1709E+18,1,0,60,68,2017,9,8,2,2,7,7,0,0,0,1,0,0,0,5.75341E+20,5.98602E+21,1.01499E+16,5.4017E+16
4163,1.1709E+18,1,0,60,19,2017,9,8,2,3,5,3,0,1,0,0,1,0,0,5.6028E+20,5.95675E+21,9.91429E+15,5.37559E+16
4164,1.17092E+18,1,0,58,34,2017,9,18,2,3,2,6,0,1,0,0,0,0,0,5.43579E+20,6.0186E+21,9.66987E+15,5.43134E+16
4165,1.17092E+18,1,0,4,0,2017,9,7,2,3,2,6,0,1,0,1,0,0,1,5.66728E+20,5.99004E+21,1.00193E+16,5.40542E+16
4166,1.1709E+18,1,0,62,50,2017,9,15,2,3,2,2,0,0,0,0,1,0,0,5.85561E+20,5.96064E+21,1.02987E+16,5.37873E+16
4167,1.17092E+18,1,0,2,0,2017,9,15,2,3,8,1,0,0,0,1,0,0,0,5.69484E+20,6.01878E+21,1.00681E+16,5.43121E+16
4168,1.17092E+18,1,0,2,0,2017,9,15,2,3,6,4,0,1,1,0,0,0,0,5.72836E+20,6.01959E+21,1.01198E+16,5.4319E+16
4169,1.1709E+18,1,0,62,90,2017,9,23,2,3,5,3,0,1,0,0,0,2,0,5.77106E+20,5.94975E+21,1.01677E+16,5.36908E+16
4170,1.17092E+18,1,0,2,0,2017,9,13,2,2,5,3,0,1,0,1,0,0,0,5.72968E+20,6.02104E+21,1.01221E+16,5.4332E+16
4171,1.1709E+18,1,0,62,1,2017,9,9,2,3,2,6,0,1,0,0,0,0,0,5.82269E+20,5.9473E+21,1.02452E+16,5.36679E+16
4172,1.17082E+18,1,0,60,46,2017,8,15,1,3,9,7,0,1,0,0,0,0,1,5.74314E+20,5.95643E+21,1.0127E+16,5.37512E+16
4173,1.17092E+18,1,0,54,56,2017,9,6,2,3,5,2,1,0,0,0,1,1,0,5.02879E+20,6.03933E+21,9.04445E+15,5.45015E+16
4174,1.1709E+18,1,0,3,0,2017,9,8,2,3,5,2,1,1,0,0,0,0,0,6.12292E+20,5.96797E+21,1.0707E+16,5.3848E+16
4175,1.1709E+18,1,0,55,46,2017,9,14,2,3,6,7,0,1,1,0,0,0,0,6.42574E+20,6.03479E+21,1.11985E+16,5.44408E+16
4176,1.17073E+18,1,0,3,0,2017,7,11,5,3,3,6,0,1,0,0,0,0,0,6.0871E+20,5.97196E+21,1.06539E+16,5.38847E+16
4177,1.17092E+18,1,0,3,0,2017,9,15,6,3,2,6,0,1,0,0,0,0,0,6.12286E+20,5.97202E+21,1.07083E+16,5.38845E+16
4178,1.17082E+18,1,0,60,33,2017,8,2,1,2,6,4,0,1,1,0,0,2,0,5.57425E+20,5.98266E+21,9.87584E+15,5.3989E+16
4179,1.17092E+18,1,0,1,0,2017,9,17,2,3,2,6,1,1,0,0,0,0,0,5.28E+20,6.07021E+21,9.43532E+15,5.47783E+16
4180,1.17082E+18,1,0,53,104,2017,8,7,1,3,8,7,1,0,0,0,0,0,0,6.0814E+20,5.93286E+21,1.06316E+16,5.35335E+16
4181,1.17092E+18,1,0,59,113,2017,9,15,2,2,4,1,0,0,0,1,1,0,0,5.37283E+20,6.07755E+21,9.58058E+15,5.48437E+16
4182,1.1709E+18,1,0,55,1,2017,9,7,2,3,4,6,0,1,0,0,0,0,0,5.97969E+20,5.98449E+21,1.04946E+16,5.39994E+16
4183,1.1709E+18,1,0,3,0,2017,9,16,2,3,5,3,1,1,0,0,0,0,0,6.09498E+20,5.96762E+21,1.06644E+16,5.38455E+16
4184,1.17082E+18,1,0,53,62,2017,8,17,1,3,8,1,1,0,0,0,0,0,1,6.27939E+20,5.9486E+21,1.09366E+16,5.36704E+16
4185,1.17092E+18,1,0,54,113,2017,9,16,2,3,0,7,1,0,0,0,0,0,0,4.76712E+20,6.0176E+21,8.6421E+15,5.43057E+16
4186,1.17082E+18,1,0,55,40,2017,8,12,1,3,2,6,0,0,0,1,1,0,1,6.06128E+20,5.97263E+21,1.06149E+16,5.38913E+16
4187,1.17072E+18,1,0,51,103,2017,7,9,7,3,4,2,0,1,0,0,0,0,0,5.02668E+20,5.97527E+21,9.04063E+15,5.39258E+16
4188,1.17092E+18,1,0,59,23,2017,9,12,2,3,5,3,0,1,0,0,1,0,0,5.26672E+20,6.03591E+21,9.41155E+15,5.44701E+16
4189,1.1709E+18,1,0,3,0,2017,9,9,2,3,5,2,1,1,0,0,0,0,0,6.14557E+20,5.97068E+21,1.07424E+16,5.3872E+16
4190,1.17082E+18,1,0,3,0,2017,8,13,1,3,5,3,1,1,0,0,0,0,1,6.12101E+20,5.97095E+21,1.07051E+16,5.38749E+16
4191,1.17092E+18,1,0,54,99,2017,9,19,2,3,5,3,0,1,0,1,0,0,0,5.14963E+20,6.03504E+21,9.23084E+15,5.44628E+16
4192,1.17072E+18,1,0,60,12,2017,7,10,7,3,0,7,1,1,0,0,0,0,0,5.80554E+20,5.99201E+21,1.0231E+16,5.407E+16
4193,1.1709E+18,1,0,58,53,2017,9,15,2,3,2,6,0,1,0,0,0,0,0,5.69671E+20,6.01053E+21,1.0069E+16,5.4238E+16
4194,1.17082E+18,1,0,58,45,2017,8,5,1,3,8,1,0,1,0,0,0,1,1,5.56669E+20,6.00517E+21,9.86853E+15,5.41914E+16
4195,1.17072E+18,1,0,56,32,2017,7,10,7,3,5,3,1,0,0,0,0,0,0,5.52238E+20,5.94938E+21,9.79107E+15,5.36905E+16
4196,1.17092E+18,1,0,59,184,2017,9,18,2,3,8,1,0,1,0,0,0,0,0,5.26602E+20,6.06012E+21,9.41266E+15,5.46877E+16
4197,1.17082E+18,1,0,58,140,2017,8,15,1,3,5,3,0,1,0,0,0,0,0,5.46443E+20,6.01804E+21,9.7138E+15,5.43081E+16
4198,1.17072E+18,1,0,53,100,2017,7,11,7,3,0,2,1,1,0,0,0,0,1,6.18133E+20,5.95088E+21,1.07892E+16,5.36933E+16
4199,1.17092E+18,1,0,62,9,2017,9,17,2,3,2,6,0,1,0,0,1,0,0,5.78846E+20,5.93614E+21,1.01906E+16,5.35682E+16
4200,1.17072E+18,1,0,53,32,2017,7,20,7,3,8,7,0,1,0,0,0,0,0,5.95451E+20,5.92E+21,1.04363E+16,5.34204E+16
4201,1.17093E+18,1,0,58,146,2017,9,15,2,3,2,6,0,1,0,0,0,0,0,5.50216E+20,6.01515E+21,9.7713E+15,5.42818E+16
4202,1.17072E+18,1,0,53,83,2017,7,16,7,3,6,7,0,1,1,0,0,0,1,6.03087E+20,5.91499E+21,1.05496E+16,5.3374E+16
4203,1.1709E+18,1,0,58,66,2017,9,15,2,3,5,2,1,1,0,0,0,0,0,5.49969E+20,6.02935E+21,9.76988E+15,5.44094E+16
4204,1.17093E+18,1,0,53,72,2017,9,8,2,3,2,6,0,1,0,0,1,0,0,5.87278E+20,5.92743E+21,1.03155E+16,5.34886E+16
4205,1.17072E+18,1,0,3,0,2017,7,18,7,3,0,2,0,1,0,1,0,0,1,6.10783E+20,5.96777E+21,1.0684E+16,5.38466E+16
4206,1.17072E+18,1,0,3,0,2017,7,14,7,3,2,6,0,1,0,0,0,0,1,6.09618E+20,5.97115E+21,1.06675E+16,5.38772E+16
4207,1.1709E+18,1,0,58,5,2017,9,14,2,3,0,7,1,0,0,0,0,0,0,5.71718E+20,6.03035E+21,1.01052E+16,5.44158E+16
4208,1.17093E+18,1,0,59,43,2017,9,8,3,3,2,6,0,1,0,0,0,0,0,5.34619E+20,6.03246E+21,9.53376E+15,5.44386E+16
4209,1.17072E+18,1,0,4,0,2017,7,17,7,3,5,3,0,1,0,0,0,0,0,5.64706E+20,5.99164E+21,9.98878E+15,5.40689E+16
4210,1.17092E+18,1,0,51,75,2017,9,6,1,1,4,6,0,1,0,0,0,0,0,5.02719E+20,6.00845E+21,9.04171E+15,5.42241E+16
4211,1.17072E+18,1,0,57,66,2017,7,19,7,2,2,6,0,1,0,0,0,0,1,5.88819E+20,6.01616E+21,1.03644E+16,5.42856E+16
4212,1.1709E+18,1,0,58,9,2017,9,12,2,3,2,6,0,1,0,0,0,0,0,5.47689E+20,5.9919E+21,9.72881E+15,5.40731E+16
4213,1.17093E+18,1,0,3,0,2017,9,15,3,3,5,2,1,1,0,0,0,0,0,6.14943E+20,5.97077E+21,1.07483E+16,5.38726E+16
4214,1.17072E+18,1,0,2,0,2017,7,14,7,3,2,6,0,1,0,0,0,0,1,5.74134E+20,6.01774E+21,1.01393E+16,5.43021E+16
4215,1.17092E+18,1,0,61,25,2017,9,18,1,2,4,6,0,1,0,0,0,0,1,5.16562E+20,5.97644E+21,9.25228E+15,5.39361E+16
4216,1.1709E+18,1,0,58,135,2017,9,14,2,3,2,6,0,1,0,0,0,0,0,5.43544E+20,6.01735E+21,9.66915E+15,5.43022E+16
4217,1.17092E+18,1,0,56,41,2017,9,16,1,3,2,2,0,1,0,0,0,0,1,5.63228E+20,5.95513E+21,9.95866E+15,5.3741E+16
4218,1.17072E+18,1,0,2,0,2017,7,15,7,3,2,6,0,1,0,0,1,0,1,5.74448E+20,6.01771E+21,1.01441E+16,5.43018E+16
4219,1.17092E+18,1,0,53,112,2017,9,12,1,2,9,1,0,0,0,1,0,0,0,5.94423E+20,5.94986E+21,1.04299E+16,5.36889E+16
4220,1.1709E+18,1,0,2,0,2017,9,23,2,3,5,3,0,1,0,1,0,2,0,5.74871E+20,6.01933E+21,1.0151E+16,5.43164E+16
4221,1.17092E+18,1,0,62,82,2017,9,14,1,3,5,3,0,1,0,0,0,0,0,5.94663E+20,5.94076E+21,1.04307E+16,5.36071E+16
4222,1.17092E+18,1,0,62,4,2017,9,14,1,3,2,6,0,1,0,0,1,0,1,5.89861E+20,5.96338E+21,1.03648E+16,5.38112E+16
4223,1.1709E+18,1,0,2,0,2017,9,16,2,3,0,3,0,1,0,1,0,0,0,5.71971E+20,6.0173E+21,1.01059E+16,5.42985E+16
4224,1.17092E+18,1,0,3,0,2017,9,13,1,3,1,6,0,1,0,0,0,0,0,6.09049E+20,5.9673E+21,1.06574E+16,5.38427E+16
4225,1.17092E+18,1,0,55,44,2017,9,12,1,3,0,6,0,1,0,0,0,0,0,6.14678E+20,5.98745E+21,1.07505E+16,5.40226E+16
4226,1.1709E+18,1,0,57,3,2017,9,16,2,3,2,2,0,1,0,0,0,0,0,5.85015E+20,6.0291E+21,1.03097E+16,5.44025E+16
4227,1.17092E+18,1,0,3,0,2017,9,15,1,3,3,6,0,1,0,1,0,0,0,6.11389E+20,5.97187E+21,1.06946E+16,5.38833E+16
4228,1.1709E+18,1,0,57,24,2017,9,16,2,2,9,1,0,1,0,0,0,0,0,5.71252E+20,5.99864E+21,1.00904E+16,5.41309E+16
4229,1.1709E+18,1,0,57,91,2017,9,17,2,3,2,6,0,1,0,0,0,0,0,5.79715E+20,6.01637E+21,1.02246E+16,5.42891E+16
4230,1.17072E+18,1,0,57,1,2017,7,14,7,3,0,1,0,0,0,1,0,0,1,5.87155E+20,5.99982E+21,1.03341E+16,5.41391E+16
4231,1.17092E+18,1,0,3,0,2017,9,15,1,3,2,2,0,1,0,0,0,0,0,6.11194E+20,5.97105E+21,1.06914E+16,5.3876E+16
4232,1.1709E+18,1,0,57,73,2017,9,15,2,3,0,6,0,1,0,0,1,0,0,5.89176E+20,6.02768E+21,1.03733E+16,5.43891E+16
4233,1.1708E+18,1,0,1,0,2017,8,11,6,3,6,7,0,1,1,0,0,0,1,5.29289E+20,6.07293E+21,9.45564E+15,5.48027E+16
4234,1.17072E+18,1,0,57,77,2017,7,17,7,2,6,4,0,1,1,0,0,0,1,5.93055E+20,6.01673E+21,1.04296E+16,5.429E+16
4235,1.17092E+18,1,0,55,35,2017,9,13,1,3,9,7,0,1,0,0,0,0,0,6.15433E+20,5.9806E+21,1.07594E+16,5.39609E+16
4236,1.1709E+18,1,0,1,0,2017,9,14,2,3,2,6,0,1,0,1,0,0,0,5.28805E+20,6.07168E+21,9.44798E+15,5.47915E+16
4237,1.1708E+18,1,0,62,76,2017,8,22,6,3,5,3,0,1,0,0,0,2,0,5.71418E+20,5.95457E+21,1.00827E+16,5.37349E+16
4238,1.17092E+18,1,0,2,0,2017,9,17,6,3,2,6,0,1,0,0,0,0,0,5.74136E+20,6.02705E+21,1.01416E+16,5.43858E+16
4239,1.17072E+18,1,0,54,113,2017,7,13,7,3,7,7,1,0,0,0,0,0,0,4.74907E+20,6.02019E+21,8.61414E+15,5.43289E+16
4240,1.17073E+18,1,0,61,29,2017,7,12,5,3,1,6,0,1,0,0,0,0,0,5.28338E+20,5.95984E+21,9.43011E+15,5.37864E+16