OBJECTID,UIDENTSTLA,ULAND,UREGBEZ,UKREIS,UGEMEINDE,UJAHR,UMONAT,USTUNDE,UWOCHENTAG,UKATEGORIE,UART,UTYP1,IstRad,IstPKW,IstFuss,IstKrad,IstSonstig,LICHT,STRZUSTAND,LINREFX,LINREFY,XGCSWGS84,YGCSWGS84
4241,1.17081E+18,1,0,2,0,2017,8,19,7,3,5,3,1,1,0,0,0,0,0,5.73329E+20,6.01778E+21,1.01269E+16,5.43027E+16
4242,1.17092E+18,1,0,2,0,2017,9,16,6,3,5,3,1,1,0,0,0,0,0,5.73153E+20,6.02103E+21,1.0125E+16,5.43318E+16
4243,1.17072E+18,1,0,59,67,2017,7,13,7,3,8,1,0,0,0,1,0,0,1,5.54604E+20,6.05897E+21,9.84679E+15,5.46751E+16
4244,1.17072E+18,1,0,59,75,2017,7,0,7,3,0,1,1,0,0,0,0,2,0,5.36472E+20,6.04094E+21,9.56338E+15,5.45148E+16
4245,1.17073E+18,1,0,58,150,2017,7,12,6,3,9,1,0,1,0,0,0,0,1,5.68792E+20,6.03225E+21,1.00605E+16,5.44333E+16
4246,1.17081E+18,1,0,61,34,2017,8,20,7,1,4,6,0,1,0,0,1,0,0,5.29688E+20,5.97687E+21,9.45226E+15,5.39393E+16
4247,1.17092E+18,1,0,2,0,2017,9,9,6,3,5,3,0,1,0,0,0,0,0,5.70192E+20,6.02407E+21,1.00802E+16,5.43596E+16
4248,1.17072E+18,1,0,59,67,2017,7,11,7,2,8,1,0,0,0,1,0,0,1,5.5459E+20,6.05896E+21,9.84657E+15,5.46751E+16
4249,1.17073E+18,1,0,62,4,2017,7,19,6,3,5,3,0,1,0,0,0,0,0,5.90838E+20,5.96341E+21,1.03796E+16,5.38113E+16
4250,1.17072E+18,1,0,59,176,2017,7,15,7,3,4,1,0,1,0,0,0,0,1,5.34984E+20,6.07502E+21,9.54448E+15,5.48211E+16
4251,1.17073E+18,1,0,54,10,2017,7,14,7,3,5,3,0,1,0,0,0,0,0,4.97188E+20,6.06326E+21,8.95634E+15,5.47166E+16
4252,1.17073E+18,1,0,62,35,2017,7,6,7,3,9,1,0,1,0,0,0,0,1,5.86844E+20,5.94553E+21,1.03139E+16,5.36513E+16
4253,1.17093E+18,1,0,57,76,2017,9,9,4,3,9,1,0,1,0,0,0,0,0,5.95214E+20,6.02634E+21,1.04658E+16,5.43759E+16
4254,1.17073E+18,1,0,56,39,2017,7,12,2,3,0,1,1,0,0,0,0,0,0,5.52378E+20,5.94636E+21,9.79269E+15,5.36634E+16
4255,1.17093E+18,1,0,62,82,2017,9,12,4,2,4,6,0,1,0,1,0,0,0,5.92313E+20,5.94163E+21,1.03955E+16,5.36153E+16
4256,1.1708E+18,1,0,2,0,2017,8,10,3,3,3,6,0,1,0,0,1,0,0,5.77215E+20,6.02023E+21,1.01872E+16,5.43241E+16
4257,1.17093E+18,1,0,61,27,2017,9,8,4,3,8,7,1,0,0,0,0,0,0,5.30115E+20,5.96017E+21,9.45712E+15,5.37892E+16
4258,1.1708E+18,1,0,56,15,2017,8,18,3,3,6,4,1,0,1,0,0,0,1,5.43275E+20,5.95649E+21,9.65634E+15,5.37552E+16
4259,1.17093E+18,1,0,2,0,2017,9,8,5,3,5,2,1,1,0,0,0,1,1,5.73396E+20,6.01978E+21,1.01284E+16,5.43206E+16
4260,1.17082E+18,1,0,2,0,2017,8,12,1,2,5,2,0,1,0,1,0,0,1,5.73377E+20,6.02258E+21,1.01288E+16,5.43458E+16
4261,1.1709E+18,1,0,54,42,2017,9,15,2,3,5,2,1,1,0,0,0,0,0,5.01643E+20,6.04218E+21,9.02539E+15,5.45272E+16
4262,1.17073E+18,1,0,55,46,2017,7,18,4,3,2,6,0,1,0,0,0,0,0,6.40719E+20,6.03525E+21,1.11702E+16,5.44454E+16
4263,1.1708E+18,1,0,54,132,2017,8,14,4,2,8,1,0,0,0,1,0,0,0,5.03623E+20,6.03181E+21,9.05585E+15,5.4434E+16
4264,1.17082E+18,1,0,2,0,2017,8,9,1,3,8,1,0,1,0,0,0,0,1,5.70218E+20,6.02478E+21,1.00807E+16,5.4366E+16
4265,1.1709E+18,1,0,54,109,2017,9,7,2,3,5,3,0,1,0,1,0,0,0,4.92414E+20,6.06915E+21,8.88208E+15,5.47695E+16
4266,1.17073E+18,1,0,58,52,2017,7,18,4,3,2,6,0,1,0,0,0,0,0,5.45219E+20,6.0374E+21,9.69794E+15,5.44823E+16
4267,1.17082E+18,1,0,2,0,2017,8,8,1,2,5,2,0,1,0,1,0,0,0,5.74445E+20,6.01768E+21,1.0144E+16,5.43016E+16
4268,1.1708E+18,1,0,60,47,2017,8,6,4,3,5,2,0,1,0,0,0,0,0,5.71158E+20,5.96403E+21,1.00809E+16,5.38199E+16
4269,1.17082E+18,1,0,59,109,2017,8,18,1,3,8,1,0,1,0,0,0,0,1,5.53064E+20,6.06238E+21,9.82352E+15,5.4706E+16
4270,1.17092E+18,1,0,1,0,2017,9,20,6,3,5,2,0,1,0,0,0,2,0,5.30683E+20,6.07245E+21,9.47727E+15,5.47983E+16
4271,1.1709E+18,1,0,59,93,2017,9,16,2,2,8,1,0,0,0,1,0,0,0,5.38195E+20,6.05604E+21,9.59195E+15,5.46503E+16
4272,1.1709E+18,1,0,54,168,2017,9,13,2,3,0,7,1,0,0,0,0,0,0,4.5577E+20,6.08456E+21,8.31018E+15,5.49061E+16
4273,1.17073E+18,1,0,58,127,2017,7,18,4,2,8,1,0,0,0,0,1,0,0,5.357E+20,6.02783E+21,9.54987E+15,5.43969E+16
4274,1.17082E+18,1,0,59,141,2017,8,19,1,2,4,1,0,1,0,1,0,0,1,5.33781E+20,6.07012E+21,9.52519E+15,5.47772E+16
4275,1.1708E+18,1,0,53,3,2017,8,22,5,3,2,6,0,1,0,0,0,2,0,5.88747E+20,5.93567E+21,1.03399E+16,5.35624E+16
4276,1.17082E+18,1,0,54,131,2017,8,0,1,2,5,2,0,1,0,0,0,2,1,4.94131E+20,6.08217E+21,8.90851E+15,5.48866E+16
4277,1.17092E+18,1,0,59,18,2017,9,15,6,3,5,3,0,1,0,0,0,0,0,5.34888E+20,6.03736E+21,9.53849E+15,5.44827E+16
4278,1.1709E+18,1,0,1,0,2017,9,12,2,3,3,6,0,0,0,1,1,0,0,5.2655E+20,6.06986E+21,9.41274E+15,5.47753E+16
4279,1.17073E+18,1,0,58,86,2017,7,18,4,3,5,2,0,1,0,1,0,0,0,5.45191E+20,6.00899E+21,9.6932E+15,5.42269E+16
4280,1.17082E+18,1,0,54,138,2017,8,20,1,1,4,6,0,1,0,0,1,0,1,4.97092E+20,6.01928E+21,8.95529E+15,5.43214E+16
4281,1.17082E+18,1,0,59,45,2017,8,16,1,3,8,1,0,1,0,0,0,0,1,5.5789E+20,6.05874E+21,9.89769E+15,5.46727E+16
4282,1.17072E+18,1,0,54,116,2017,7,7,7,2,8,7,0,1,0,0,0,2,0,5.12796E+20,6.03004E+21,9.19719E+15,5.44179E+16
4283,1.17092E+18,1,0,54,78,2017,9,21,6,2,8,7,1,0,0,0,0,2,0,4.63817E+20,6.09675E+21,8.43413E+15,5.50162E+16
4284,1.1709E+18,1,0,59,18,2017,9,19,2,2,0,1,1,0,0,0,0,0,0,5.36341E+20,6.03777E+21,9.56096E+15,5.44862E+16
4285,1.17073E+18,1,0,3,0,2017,7,18,4,3,1,5,0,1,0,1,0,0,0,6.10951E+20,5.97301E+21,1.06884E+16,5.38937E+16
4286,1.17072E+18,1,0,53,31,2017,7,23,7,2,2,6,0,1,0,1,0,2,0,6.02052E+20,5.93619E+21,1.05409E+16,5.35646E+16
4287,1.17092E+18,1,0,54,95,2017,9,12,6,3,2,2,0,1,0,0,0,0,0,4.98607E+20,6.0244E+21,8.97856E+15,5.43674E+16
4288,1.1709E+18,1,0,1,0,2017,9,7,2,1,5,2,1,0,0,0,1,0,0,5.27954E+20,6.07039E+21,9.43463E+15,5.478E+16
4289,1.17082E+18,1,0,60,44,2017,8,4,1,3,3,6,0,1,0,0,0,2,0,5.61204E+20,5.96631E+21,9.93019E+15,5.38417E+16
4290,1.17072E+18,1,0,56,48,2017,7,13,7,3,9,1,0,1,0,0,0,0,1,5.49593E+20,5.95249E+21,9.75152E+15,5.37187E+16
4291,1.17072E+18,1,0,51,48,2017,7,13,6,3,2,6,0,1,0,0,0,0,0,5.05702E+20,6.00178E+21,9.08733E+15,5.41641E+16
4292,1.17082E+18,1,0,62,56,2017,8,16,1,3,9,1,0,1,0,0,0,0,1,5.91002E+20,5.95783E+21,1.03804E+16,5.37611E+16
4293,1.17072E+18,1,0,60,47,2017,7,17,6,2,0,4,0,1,1,0,0,0,0,5.69826E+20,5.96375E+21,1.00606E+16,5.38176E+16
4294,1.17092E+18,1,0,58,4,2017,9,13,1,2,2,6,0,1,0,1,0,0,1,5.5675E+20,6.0336E+21,9.87517E+15,5.44469E+16
4295,1.17072E+18,1,0,60,44,2017,7,15,6,3,9,1,0,0,0,1,0,0,0,5.63608E+20,5.96756E+21,9.96698E+15,5.38526E+16
4296,1.17072E+18,1,0,60,80,2017,7,16,6,3,0,1,0,0,0,1,0,0,0,5.87335E+20,5.99343E+21,1.0335E+16,5.40816E+16
4297,1.17072E+18,1,0,60,12,2017,7,12,6,3,5,3,0,1,0,0,1,0,0,5.80566E+20,5.99044E+21,1.02308E+16,5.40559E+16
4298,1.17092E+18,1,0,61,85,2017,9,9,6,3,5,3,0,1,0,0,0,0,0,5.30486E+20,5.98716E+21,9.46543E+15,5.40318E+16
4299,1.17072E+18,1,0,56,49,2017,7,13,6,3,5,3,1,1,0,0,0,0,0,5.45874E+20,5.94925E+21,9.6947E+15,5.36899E+16
4300,1.1709E+18,1,0,59,75,2017,9,13,2,3,5,3,1,1,0,0,0,0,0,5.37019E+20,6.04251E+21,9.57202E+15,5.45288E+16
4301,1.17092E+18,1,0,54,168,2017,9,13,7,3,0,6,1,0,0,0,0,0,0,4.54882E+20,6.08178E+21,8.29676E+15,5.48811E+16
4302,1.17082E+18,1,0,60,64,2017,8,12,1,3,8,1,0,1,0,0,0,0,1,5.62101E+20,5.96843E+21,9.94425E+15,5.38606E+16
4303,1.17072E+18,1,0,56,48,2017,7,22,6,3,8,1,0,1,0,0,0,2,0,5.48641E+20,5.94838E+21,9.73646E+15,5.36818E+16
4304,1.17093E+18,1,0,53,32,2017,9,15,4,3,5,3,1,1,0,0,0,0,0,5.90561E+20,5.92242E+21,1.03635E+16,5.3443E+16
4305,1.17093E+18,1,0,61,29,2017,9,12,4,3,6,4,1,0,1,0,0,0,0,5.28564E+20,5.96022E+21,9.43359E+15,5.37898E+16
4306,1.17093E+18,1,0,2,0,2017,9,11,5,3,5,3,0,1,0,0,0,0,1,5.73563E+20,6.02155E+21,1.01314E+16,5.43365E+16
4307,1.1709E+18,1,0,59,77,2017,9,8,2,3,2,6,0,1,0,0,0,0,0,5.31485E+20,6.04181E+21,9.48643E+15,5.45229E+16
4308,1.1708E+18,1,0,54,168,2017,8,17,4,3,0,7,1,0,0,0,0,0,0,4.54571E+20,6.07729E+21,8.29262E+15,5.48406E+16
4309,1.17093E+18,1,0,56,15,2017,9,15,5,3,5,3,1,1,0,0,0,0,0,5.44855E+20,5.95652E+21,9.68032E+15,5.37554E+16
4310,1.1709E+18,1,0,60,27,2017,9,15,2,2,2,6,0,1,0,0,1,0,0,5.61083E+20,5.98493E+21,9.93207E+15,5.40091E+16
4311,1.1708E+18,1,0,56,43,2017,8,10,4,3,5,3,1,1,0,0,0,0,0,5.58494E+20,5.94407E+21,9.8848E+15,5.36421E+16
4312,1.17082E+18,1,0,4,0,2017,8,13,1,3,2,6,0,1,0,0,0,0,0,5.61164E+20,5.99492E+21,9.93533E+15,5.40988E+16
4313,1.1709E+18,1,0,51,96,2017,9,18,1,3,2,6,0,1,0,0,0,0,0,5.0441E+20,6.02249E+21,9.06785E+15,5.43502E+16
4314,1.17073E+18,1,0,58,23,2017,7,15,4,3,5,6,1,1,0,0,0,0,0,5.56768E+20,6.00404E+21,9.86983E+15,5.41812E+16
4315,1.1708E+18,1,0,58,38,2017,8,15,5,3,9,6,0,1,0,0,1,0,1,5.6127E+20,6.00459E+21,9.93892E+15,5.41857E+16
4316,1.17082E+18,1,0,58,146,2017,8,16,1,3,8,6,0,1,0,0,0,0,0,5.52158E+20,6.01258E+21,9.80068E+15,5.42585E+16
4317,1.17092E+18,1,0,54,168,2017,9,14,6,3,0,7,0,0,0,0,1,0,0,4.54565E+20,6.07899E+21,8.29225E+15,5.4856E+16
4318,1.1709E+18,1,0,56,18,2017,9,11,1,3,3,6,0,1,0,0,0,0,0,5.57728E+20,5.94236E+21,9.8729E+15,5.36268E+16
4319,1.1709E+18,1,0,60,39,2017,9,13,1,3,4,2,0,1,0,1,0,0,0,5.64763E+20,5.96219E+21,9.98341E+15,5.38043E+16
4320,1.17073E+18,1,0,58,69,2017,7,11,4,2,3,6,1,0,0,0,0,0,0,5.53108E+20,6.0281E+21,9.81803E+15,5.43979E+16
4321,1.1708E+18,1,0,55,31,2017,8,12,5,3,5,3,0,1,0,0,0,0,0,6.3132E+20,6.02145E+21,1.10192E+16,5.4324E+16
4322,1.17082E+18,1,0,51,97,2017,8,10,7,3,2,6,0,1,0,1,0,0,0,5.07815E+20,5.98287E+21,9.1192E+15,5.39941E+16
4323,1.17092E+18,1,0,54,36,2017,9,9,6,2,0,1,1,0,0,0,0,0,1,4.86057E+20,6.02007E+21,8.7856E+15,5.43283E+16
4324,1.1709E+18,1,0,60,17,2017,9,11,1,3,8,1,0,0,0,1,0,0,0,5.86372E+20,5.99175E+21,1.03198E+16,5.40667E+16
4325,1.17073E+18,1,0,3,0,2017,7,17,4,3,5,2,1,1,0,0,0,0,0,6.13035E+20,5.96608E+21,1.07176E+16,5.38309E+16
4326,1.1708E+18,1,0,62,9,2017,8,18,6,3,3,6,0,1,0,0,1,0,0,5.78207E+20,5.93558E+21,1.01808E+16,5.35633E+16
4327,1.17082E+18,1,0,51,82,2017,8,11,7,3,2,6,0,1,0,0,1,0,0,5.12014E+20,6.0031E+21,9.18406E+15,5.41758E+16
4328,1.17092E+18,1,0,2,0,2017,9,0,1,3,5,3,0,1,0,0,0,2,0,5.72272E+20,6.01981E+21,1.01111E+16,5.4321E+16
4329,1.17092E+18,1,0,54,70,2017,9,18,6,3,8,6,0,1,0,0,0,1,1,5.0654E+20,6.0271E+21,9.10072E+15,5.43916E+16
4330,1.1709E+18,1,0,60,9,2017,9,10,1,3,8,7,0,1,0,0,0,0,0,5.61448E+20,5.97667E+21,9.93597E+15,5.39347E+16
4331,1.1709E+18,1,0,62,19,2017,9,16,1,3,3,6,0,1,0,0,1,0,0,5.8279E+20,5.96264E+21,1.02572E+16,5.38057E+16
4332,1.17073E+18,1,0,2,0,2017,7,19,5,3,5,2,0,1,0,0,0,0,0,5.74124E+20,6.01875E+21,1.01393E+16,5.43113E+16
4333,1.17082E+18,1,0,51,11,2017,8,15,7,3,5,3,0,1,0,0,0,0,1,5.09E+20,5.97206E+21,9.13696E+15,5.38969E+16
4334,1.17082E+18,1,0,60,63,2017,8,10,7,3,2,6,1,0,0,0,0,0,0,5.67755E+20,5.95314E+21,1.00268E+16,5.37226E+16
4335,1.17072E+18,1,0,62,18,2017,7,14,6,3,5,3,0,1,0,1,0,0,0,5.80014E+20,5.93301E+21,1.02074E+16,5.35399E+16
4336,1.17092E+18,1,0,2,0,2017,9,0,1,2,0,6,1,1,0,0,0,2,0,5.76249E+20,6.01978E+21,1.01723E+16,5.43202E+16
4337,1.1709E+18,1,0,62,27,2017,9,13,1,3,0,1,1,0,0,0,0,0,0,5.87789E+20,5.95268E+21,1.03303E+16,5.37154E+16
4338,1.17073E+18,1,0,56,39,2017,7,5,5,3,5,2,0,1,0,0,1,0,0,5.5116E+20,5.94577E+21,9.77416E+15,5.36582E+16
4339,1.17082E+18,1,0,56,50,2017,8,15,7,3,0,7,1,1,0,0,0,0,1,5.4635E+20,5.93736E+21,9.70012E+15,5.35831E+16
4340,1.17092E+18,1,0,57,58,2017,9,15,1,1,8,1,0,0,0,1,0,0,0,5.81859E+20,6.01107E+21,1.02561E+16,5.42411E+16
4341,1.17072E+18,1,0,62,9,2017,7,18,6,3,2,6,0,1,0,0,1,0,0,5.81283E+20,5.93544E+21,1.02272E+16,5.35616E+16
4342,1.1709E+18,1,0,55,35,2017,9,18,1,3,5,2,1,1,0,0,0,0,0,6.14337E+20,5.97916E+21,1.07422E+16,5.39481E+16
4343,1.17082E+18,1,0,60,96,2017,8,19,7,3,2,6,0,1,0,0,0,1,1,5.89074E+20,5.97599E+21,1.03565E+16,5.39247E+16
4344,1.17072E+18,1,0,62,60,2017,7,11,6,2,5,3,0,1,0,0,0,0,0,5.83149E+20,5.93015E+21,1.02539E+16,5.35137E+16
4345,1.17092E+18,1,0,59,79,2017,9,5,1,2,8,1,0,1,0,0,0,2,0,5.23613E+20,6.04114E+21,9.36478E+15,5.45173E+16
4346,1.17072E+18,1,0,62,90,2017,7,15,6,2,5,3,1,0,0,0,1,0,0,5.80843E+20,5.94976E+21,1.02243E+16,5.36903E+16
4347,1.17082E+18,1,0,62,90,2017,8,13,7,3,5,3,1,1,0,0,0,0,1,5.75569E+20,5.94823E+21,1.01441E+16,5.36773E+16
4348,1.17072E+18,1,0,53,49,2017,7,14,6,3,2,2,0,1,0,0,0,0,0,5.95786E+20,5.93996E+21,1.04475E+16,5.35997E+16
4349,1.17092E+18,1,0,1,0,2017,9,22,1,3,5,3,0,1,0,1,0,2,0,5.28211E+20,6.0714E+21,9.43872E+15,5.4789E+16
4350,1.17072E+18,1,0,53,68,2017,7,21,6,3,5,3,0,1,0,0,0,0,0,6.02043E+20,5.95428E+21,1.05467E+16,5.37272E+16
4351,1.17092E+18,1,0,56,49,2017,9,20,7,3,1,2,0,1,0,0,0,2,0,5.43179E+20,5.9496E+21,9.65393E+15,5.36933E+16
4352,1.17072E+18,1,0,62,1,2017,7,8,6,3,8,1,0,1,0,0,0,0,0,5.8228E+20,5.94822E+21,1.02456E+16,5.36762E+16
4353,1.1709E+18,1,0,3,0,2017,9,14,1,2,5,2,0,1,0,0,0,0,0,6.10124E+20,5.96991E+21,1.06747E+16,5.3866E+16
4354,1.17092E+18,1,0,62,78,2017,9,14,1,3,2,6,0,1,0,0,0,0,0,5.90915E+20,5.94999E+21,1.03768E+16,5.36907E+16
4355,1.17072E+18,1,0,3,0,2017,7,11,6,3,3,6,1,0,0,0,1,0,0,6.1129E+20,5.96913E+21,1.06921E+16,5.38587E+16
4356,1.1709E+18,1,0,58,28,2017,9,16,1,3,2,2,0,1,0,1,0,0,0,5.58122E+20,6.01952E+21,9.89357E+15,5.43202E+16
4357,1.17093E+18,1,0,2,0,2017,9,16,2,3,5,2,1,1,0,0,0,0,0,5.72426E+20,6.02025E+21,1.01136E+16,5.4325E+16
4358,1.17072E+18,1,0,3,0,2017,7,15,6,3,4,6,1,0,0,0,0,0,0,6.11063E+20,5.96865E+21,1.06885E+16,5.38545E+16
4359,1.17092E+18,1,0,62,86,2017,9,18,1,3,8,1,0,1,0,0,0,1,1,5.87426E+20,5.93617E+21,1.03201E+16,5.35671E+16
4360,1.17072E+18,1,0,58,5,2017,7,15,6,2,5,2,0,1,0,1,0,0,0,5.73868E+20,6.02707E+21,1.01375E+16,5.4386E+16
4361,1.1709E+18,1,0,58,43,2017,9,16,1,3,3,6,0,1,0,0,0,0,0,5.53543E+20,6.03636E+21,9.82621E+15,5.44721E+16
4362,1.17093E+18,1,0,56,48,2017,9,9,2,3,6,4,0,1,1,0,0,0,0,5.47013E+20,5.9501E+21,9.71206E+15,5.36975E+16
4363,1.17072E+18,1,0,4,0,2017,7,10,6,3,5,2,1,1,0,0,0,0,0,5.65203E+20,5.99128E+21,9.99629E+15,5.40656E+16
4364,1.17092E+18,1,0,56,32,2017,9,20,1,2,8,1,0,1,0,0,0,2,1,5.52273E+20,5.94866E+21,9.79149E+15,5.36841E+16
4365,1.1709E+18,1,0,57,9,2017,9,16,1,2,5,3,0,1,0,0,0,0,0,5.96611E+20,5.99936E+21,1.04786E+16,5.41333E+16
4366,1.1709E+18,1,0,2,0,2017,9,20,1,3,3,6,0,1,0,1,0,2,0,5.73677E+20,6.01943E+21,1.01326E+16,5.43174E+16
4367,1.17093E+18,1,0,2,0,2017,9,7,3,3,5,2,1,1,0,0,0,0,0,5.73249E+20,6.0185E+21,1.01258E+16,5.43091E+16
4368,1.17092E+18,1,0,58,146,2017,9,17,1,3,8,1,0,1,0,0,0,0,1,5.48426E+20,6.01741E+21,9.74418E+15,5.43023E+16
4369,1.17072E+18,1,0,58,140,2017,7,11,6,3,5,2,0,1,0,1,0,0,0,5.47059E+20,6.01873E+21,9.72339E+15,5.43143E+16
4370,1.17092E+18,1,0,60,96,2017,9,16,1,3,9,1,0,1,0,0,0,0,1,5.90921E+20,5.97533E+21,1.03844E+16,5.39184E+16
4371,1.1709E+18,1,0,57,63,2017,9,14,1,3,2,2,0,1,0,0,0,0,0,5.81486E+20,6.0265E+21,1.02546E+16,5.43797E+16
4372,1.17092E+18,1,0,61,67,2017,9,18,1,3,2,6,0,1,0,0,0,1,1,5.29962E+20,5.98613E+21,9.45733E+15,5.40226E+16
4373,1.17092E+18,1,0,61,54,2017,9,17,7,3,4,6,0,1,0,0,0,0,1,5.29549E+20,5.96377E+21,9.44887E+15,5.38216E+16
4374,1.1709E+18,1,0,2,0,2017,9,13,1,3,5,2,0,1,0,1,0,0,0,5.75209E+20,6.02178E+21,1.01568E+16,5.43383E+16
4375,1.17092E+18,1,0,53,46,2017,9,11,7,2,4,6,0,1,0,0,0,0,0,6.16076E+20,5.93467E+21,1.0752E+16,5.3548E+16
4376,1.17092E+18,1,0,53,100,2017,9,23,7,3,8,1,0,1,0,0,0,2,0,6.17733E+20,5.95116E+21,1.07832E+16,5.36958E+16
4377,1.1709E+18,1,0,59,10,2017,9,13,1,3,0,7,1,0,0,0,0,0,0,5.29654E+20,6.04881E+21,9.45886E+15,5.45859E+16
4378,1.17092E+18,1,0,53,129,2017,9,18,7,3,2,6,0,1,0,0,0,0,0,5.82416E+20,5.92738E+21,1.02422E+16,5.34889E+16
4379,1.1709E+18,1,0,54,152,2017,9,12,1,3,0,7,1,0,0,0,0,0,0,5.14895E+20,6.0384E+21,9.22996E+15,5.4493E+16
4380,1.17072E+18,1,0,58,164,2017,7,12,6,3,4,6,1,0,0,0,0,0,0,5.36059E+20,5.99784E+21,9.55178E+15,5.41274E+16
4381,1.17092E+18,1,0,53,90,2017,9,18,7,3,2,6,0,1,0,0,0,0,0,6.14776E+20,5.9431E+21,1.07355E+16,5.36241E+16
4382,1.1709E+18,1,0,59,187,2017,9,11,1,2,0,1,1,0,0,0,0,0,0,5.52986E+20,6.04877E+21,9.81985E+15,5.45837E+16
4383,1.17072E+18,1,0,57,8,2017,7,10,6,3,5,3,0,1,0,1,0,0,0,5.71382E+20,5.99139E+21,1.00907E+16,5.40657E+16
4384,1.17092E+18,1,0,3,0,2017,9,17,7,3,5,2,1,1,0,0,0,0,0,6.09408E+20,5.97095E+21,1.06642E+16,5.38754E+16
4385,1.1709E+18,1,0,59,113,2017,9,12,1,3,8,7,1,0,0,0,0,0,0,5.33248E+20,6.07614E+21,9.51759E+15,5.48312E+16
4386,1.17072E+18,1,0,2,0,2017,7,13,6,3,6,4,1,0,1,0,0,0,0,5.74142E+20,6.02109E+21,1.01402E+16,5.43322E+16
4387,1.1709E+18,1,0,59,127,2017,9,15,1,3,8,1,0,1,0,0,1,0,0,5.37167E+20,6.06716E+21,9.57745E+15,5.47503E+16
4388,1.1708E+18,1,0,58,94,2017,8,13,6,3,4,6,0,1,0,0,0,0,0,5.59255E+20,6.00575E+21,9.90826E+15,5.41964E+16
4389,1.17092E+18,1,0,53,3,2017,9,22,6,3,8,6,0,1,0,0,0,2,0,5.90968E+20,5.93567E+21,1.03734E+16,5.3562E+16
4390,1.17072E+18,1,0,59,137,2017,7,15,6,3,8,2,0,1,0,0,0,0,0,5.41705E+20,6.07214E+21,9.64865E+15,5.47947E+16
4391,1.17072E+18,1,0,54,62,2017,7,10,6,2,5,3,0,1,0,1,0,0,0,4.97355E+20,6.07445E+21,8.95884E+15,5.48172E+16
4392,1.17081E+18,1,0,59,137,2017,8,16,7,3,2,6,0,1,0,1,1,0,0,5.40497E+20,6.07249E+21,9.62992E+15,5.4798E+16
4393,1.17092E+18,1,0,56,31,2017,9,15,6,2,3,7,0,1,0,0,1,0,0,5.46659E+20,5.95756E+21,9.70783E+15,5.37646E+16
4394,1.17072E+18,1,0,59,10,2017,7,18,6,3,8,1,0,1,0,0,0,0,0,5.29216E+20,6.04918E+21,9.45212E+15,5.45892E+16
4395,1.17072E+18,1,0,58,91,2017,7,18,6,3,2,6,0,1,0,0,0,0,0,5.6253E+20,5.99824E+21,9.9569E+15,5.41284E+16
4396,1.17073E+18,1,0,59,183,2017,7,20,6,3,2,6,0,1,0,0,0,0,0,5.24916E+20,6.06519E+21,9.38694E+15,5.47334E+16
4397,1.17092E+18,1,0,62,9,2017,9,22,6,2,8,1,0,1,0,0,0,2,0,5.79012E+20,5.93639E+21,1.01932E+16,5.35704E+16
4398,1.17072E+18,1,0,4,0,2017,7,13,6,2,2,6,0,1,0,0,0,0,0,5.62359E+20,5.99774E+21,9.95417E+15,5.4124E+16
4399,1.17073E+18,1,0,3,0,2017,7,10,6,3,4,2,1,1,0,0,0,0,0,6.09458E+20,5.96759E+21,1.06638E+16,5.38453E+16
4400,1.17072E+18,1,0,60,24,2017,7,15,6,3,8,1,0,1,0,0,0,0,0,5.95363E+20,5.97598E+21,1.04522E+16,5.39234E+16
4401,1.17073E+18,1,0,61,29,2017,7,15,6,3,2,2,0,1,0,0,1,0,1,5.27392E+20,5.96155E+21,9.41591E+15,5.38018E+16
4402,1.17082E+18,1,0,55,40,2017,8,16,7,3,5,7,0,1,0,1,0,0,0,6.08232E+20,5.97226E+21,1.06468E+16,5.38875E+16
4403,1.17073E+18,1,0,59,83,2017,7,17,2,2,6,4,0,1,1,0,0,0,0,5.49677E+20,6.05459E+21,9.76965E+15,5.46363E+16
4404,1.17093E+18,1,0,53,89,2017,9,17,4,2,9,7,0,1,0,0,0,0,0,5.95302E+20,5.93558E+21,1.04388E+16,5.35604E+16
4405,1.17073E+18,1,0,56,2,2017,7,10,2,3,0,7,0,1,0,0,0,0,0,5.50064E+20,5.9601E+21,9.75989E+15,5.37871E+16
4406,1.17093E+18,1,0,55,46,2017,9,15,4,3,5,3,1,1,0,0,0,0,0,6.39596E+20,6.03564E+21,1.1153E+16,5.44493E+16
4407,1.1708E+18,1,0,51,48,2017,8,18,3,3,2,6,0,1,0,0,0,0,0,5.06021E+20,6.00225E+21,9.09222E+15,5.41683E+16
4408,1.17093E+18,1,0,60,4,2017,9,16,4,3,3,6,0,1,0,0,0,0,0,5.60699E+20,5.97331E+21,9.92391E+15,5.39047E+16
4409,1.17082E+18,1,0,3,0,2017,8,14,7,3,2,6,0,1,0,0,0,0,1,6.10166E+20,5.96696E+21,1.06743E+16,5.38395E+16
4410,1.17073E+18,1,0,58,125,2017,7,10,4,3,5,3,1,1,0,0,0,0,0,5.37501E+20,5.99567E+21,9.57359E+15,5.41078E+16
4411,1.1708E+18,1,0,3,0,2017,8,14,3,3,2,2,0,1,0,0,0,0,0,6.09316E+20,5.96847E+21,1.06619E+16,5.38532E+16
4412,1.17082E+18,1,0,3,0,2017,8,13,7,3,2,6,0,1,0,0,0,0,1,6.10635E+20,5.96754E+21,1.06816E+16,5.38445E+16
4413,1.17073E+18,1,0,2,0,2017,7,15,4,3,2,6,0,1,0,1,0,0,0,5.73096E+20,6.01947E+21,1.01237E+16,5.43178E+16
4414,1.17082E+18,1,0,4,0,2017,8,12,7,2,4,7,0,1,0,0,0,0,0,5.6301E+20,5.9886E+21,9.96224E+15,5.40418E+16
4415,1.1708E+18,1,0,56,5,2017,8,16,4,2,0,1,0,0,0,1,0,0,1,5.61941E+20,5.9468E+21,9.93747E+15,5.36663E+16