OBJECTID,UIDENTSTLA,ULAND,UREGBEZ,UKREIS,UGEMEINDE,UJAHR,UMONAT,USTUNDE,UWOCHENTAG,UKATEGORIE,UART,UTYP1,IstRad,IstPKW,IstFuss,IstKrad,IstSonstig,LICHT,STRZUSTAND,LINREFX,LINREFY,XGCSWGS84,YGCSWGS84
4416,1.17082E+18,1,0,58,135,2017,8,19,7,3,0,1,0,0,0,1,0,1,1,5.42578E+20,6.01668E+21,9.65422E+15,5.42962E+16
4417,1.17073E+18,1,0,57,91,2017,7,15,4,3,5,3,0,1,0,0,0,0,0,5.78709E+20,6.01707E+21,1.02094E+16,5.42954E+16
4418,1.17082E+18,1,0,4,0,2017,8,8,7,3,2,2,0,1,0,0,0,0,0,5.64775E+20,5.9954E+21,9.99064E+15,5.41027E+16
4419,1.1708E+18,1,0,3,0,2017,8,10,4,3,3,2,1,1,0,0,0,0,0,6.12379E+20,5.9674E+21,1.07081E+16,5.3843E+16
4420,1.17082E+18,1,0,58,92,2017,8,17,7,3,2,6,0,1,0,0,0,0,1,5.70105E+20,6.021E+21,1.00781E+16,5.43321E+16
4421,1.17073E+18,1,0,3,0,2017,7,15,6,2,5,2,1,1,0,0,0,1,0,6.07602E+20,5.96873E+21,1.0636E+16,5.38559E+16
4422,1.17081E+18,1,0,54,168,2017,8,11,1,3,1,7,1,0,0,0,0,0,0,4.57489E+20,6.08398E+21,8.33706E+15,5.4901E+16
4423,1.17072E+18,1,0,58,132,2017,7,14,6,3,2,6,0,1,0,0,0,0,0,5.46825E+20,6.02111E+21,9.72016E+15,5.43357E+16
4424,1.17092E+18,1,0,3,0,2017,9,14,7,3,2,6,0,1,0,0,0,0,0,6.09563E+20,5.97069E+21,1.06665E+16,5.38731E+16
4425,1.17073E+18,1,0,61,46,2017,7,21,6,3,2,6,0,1,0,0,0,1,1,5.33188E+20,5.97604E+21,9.50548E+15,5.39317E+16
4426,1.17081E+18,1,0,55,16,2017,8,16,1,3,2,6,0,1,0,1,0,0,0,6.3014E+20,6.00705E+21,1.09948E+16,5.4195E+16
4427,1.17073E+18,1,0,55,27,2017,7,13,7,3,2,6,0,1,0,0,0,0,0,6.2341E+20,6.00937E+21,1.08927E+16,5.42175E+16
4428,1.17082E+18,1,0,2,0,2017,8,12,7,3,5,2,0,1,0,0,0,0,0,5.73235E+20,6.01845E+21,1.01256E+16,5.43087E+16
4429,1.17073E+18,1,0,62,69,2017,7,10,1,3,2,6,0,1,0,0,0,0,0,5.82727E+20,5.94319E+21,1.02511E+16,5.3631E+16
4430,1.17082E+18,1,0,2,0,2017,8,12,7,3,0,7,0,0,0,1,0,0,0,5.73257E+20,6.01928E+21,1.01262E+16,5.43161E+16
4431,1.17082E+18,1,0,59,75,2017,8,21,7,2,5,3,1,1,0,0,0,2,1,5.34756E+20,6.03899E+21,9.53664E+15,5.44973E+16
4432,1.17093E+18,1,0,59,183,2017,9,17,4,3,2,6,0,1,0,0,0,0,1,5.21481E+20,6.07003E+21,9.33396E+15,5.47771E+16
4433,1.17093E+18,1,0,3,0,2017,9,16,4,3,3,6,0,1,0,0,0,0,0,6.10271E+20,5.96902E+21,1.06766E+16,5.3858E+16
4434,1.17093E+18,1,0,51,74,2017,9,16,4,3,2,2,0,1,0,1,0,0,0,5.04503E+20,5.9936E+21,9.06884E+15,5.40906E+16
4435,1.1708E+18,1,0,55,4,2017,8,13,3,3,2,6,0,1,0,0,0,0,0,6.11269E+20,5.97531E+21,1.06941E+16,5.39142E+16
4436,1.17093E+18,1,0,1,0,2017,9,16,5,3,2,2,0,1,0,0,1,0,0,5.26765E+20,6.0732E+21,9.4164E+15,5.48053E+16
4437,1.1708E+18,1,0,53,7,2017,8,7,4,3,2,6,0,1,0,0,1,0,0,6.00154E+20,5.93666E+21,1.05124E+16,5.35692E+16
4438,1.17093E+18,1,0,3,0,2017,9,22,5,3,5,7,0,1,0,0,0,2,0,6.10487E+20,5.96889E+21,1.06799E+16,5.38568E+16
4439,1.17082E+18,1,0,59,167,2017,8,9,7,3,9,1,0,1,0,0,0,0,1,5.45599E+20,6.06466E+21,9.70805E+15,5.47272E+16
4440,1.17073E+18,1,0,2,0,2017,7,7,4,3,6,7,1,0,1,0,0,0,1,5.72462E+20,6.01933E+21,1.01139E+16,5.43167E+16
4441,1.1708E+18,1,0,53,85,2017,8,17,4,3,5,2,0,1,0,0,0,0,0,5.96734E+20,5.94486E+21,1.04633E+16,5.36435E+16
4442,1.17082E+18,1,0,62,92,2017,8,6,7,3,9,7,0,1,0,0,0,1,0,5.8605E+20,5.96708E+21,1.03079E+16,5.38451E+16
4443,1.17073E+18,1,0,2,0,2017,7,6,4,3,5,2,1,1,0,0,0,0,0,5.7185E+20,6.01793E+21,1.01042E+16,5.43042E+16
4444,1.1708E+18,1,0,51,4,2017,8,22,4,3,5,3,0,1,0,0,0,2,0,5.11432E+20,5.99447E+21,9.17482E+15,5.40982E+16
4445,1.17082E+18,1,0,59,159,2017,8,11,7,3,2,6,0,1,0,0,0,0,1,5.28699E+20,6.05186E+21,9.44438E+15,5.46134E+16
4446,1.17092E+18,1,0,58,38,2017,9,20,6,3,2,6,0,1,0,0,0,2,0,5.62571E+20,6.00436E+21,9.9588E+15,5.41834E+16
4447,1.1709E+18,1,0,51,97,2017,9,18,7,3,9,1,0,1,0,0,0,0,1,5.07956E+20,5.98356E+21,9.12137E+15,5.40003E+16
4448,1.17073E+18,1,0,59,45,2017,7,0,4,3,9,1,0,1,0,0,0,2,1,5.59298E+20,6.05727E+21,9.91922E+15,5.46593E+16
4449,1.17082E+18,1,0,59,78,2017,8,6,7,3,2,6,0,1,0,0,0,0,1,5.36007E+20,6.03606E+21,9.5556E+15,5.44709E+16
4450,1.1708E+18,1,0,58,110,2017,8,4,5,3,4,6,0,1,0,0,0,2,0,5.59816E+20,6.03294E+21,9.92232E+15,5.44406E+16
4451,1.17082E+18,1,0,61,2,2017,8,23,6,3,8,1,0,1,0,0,0,2,1,5.1903E+20,5.97989E+21,9.29009E+15,5.3967E+16
4452,1.17092E+18,1,0,61,46,2017,9,10,5,3,4,2,0,1,0,0,0,0,0,5.33889E+20,5.97398E+21,9.51593E+15,5.39131E+16
4453,1.1709E+18,1,0,56,36,2017,9,17,7,2,5,3,0,1,0,1,0,0,0,5.45707E+20,5.9462E+21,9.69172E+15,5.36625E+16
4454,1.17082E+18,1,0,61,46,2017,8,6,6,2,5,3,1,1,0,0,0,0,1,5.33156E+20,5.97606E+21,9.505E+15,5.39319E+16
4455,1.17072E+18,1,0,58,44,2017,7,11,6,3,2,6,0,1,0,0,0,0,0,5.60427E+20,5.99225E+21,9.92353E+15,5.40749E+16
4456,1.17092E+18,1,0,3,0,2017,9,11,7,3,2,6,0,1,0,0,0,0,0,6.10295E+20,5.97154E+21,1.06779E+16,5.38806E+16
4457,1.17092E+18,1,0,56,26,2017,9,10,5,3,5,3,0,1,0,0,0,0,0,5.55278E+20,5.95752E+21,9.83856E+15,5.37633E+16
4458,1.1709E+18,1,0,56,35,2017,9,15,7,3,8,1,0,0,0,1,0,0,0,5.504E+20,5.96454E+21,9.76571E+15,5.3827E+16
4459,1.17073E+18,1,0,51,48,2017,7,15,4,3,4,1,0,1,0,1,0,0,0,5.04662E+20,5.99993E+21,9.07138E+15,5.41475E+16
4460,1.17082E+18,1,0,51,11,2017,8,12,6,3,2,6,0,1,0,0,0,0,0,5.09525E+20,5.97215E+21,9.14496E+15,5.38977E+16
4461,1.17072E+18,1,0,60,19,2017,7,4,5,3,9,1,0,1,0,0,0,1,0,5.59826E+20,5.95786E+21,9.9076E+15,5.37659E+16
4462,1.1709E+18,1,0,53,116,2017,9,13,7,2,2,6,0,1,0,0,0,0,0,5.96139E+20,5.92865E+21,1.04493E+16,5.3498E+16
4463,1.17073E+18,1,0,3,0,2017,7,9,5,3,0,2,1,1,0,0,0,0,0,6.1126E+20,5.96908E+21,1.06917E+16,5.38582E+16
4464,1.17082E+18,1,0,61,104,2017,8,16,6,2,9,7,0,1,0,0,0,0,0,5.38606E+20,5.96533E+21,9.58664E+15,5.3835E+16
4465,1.17072E+18,1,0,60,27,2017,7,17,5,3,2,6,0,1,0,0,0,0,0,5.61277E+20,5.98432E+21,9.93492E+15,5.40036E+16
4466,1.17092E+18,1,0,4,0,2017,9,9,7,3,4,3,0,1,0,0,0,0,0,5.63707E+20,5.99427E+21,9.97407E+15,5.40927E+16
4467,1.17072E+18,1,0,56,44,2017,7,18,5,3,5,3,0,1,0,0,0,0,0,5.56196E+20,5.93922E+21,9.84918E+15,5.35988E+16
4468,1.17082E+18,1,0,56,14,2017,8,15,6,3,2,6,0,1,0,0,0,0,0,5.5044E+20,5.95317E+21,9.76446E+15,5.37247E+16
4469,1.17072E+18,1,0,60,39,2017,7,11,5,3,2,6,0,1,0,0,1,0,0,5.6477E+20,5.96154E+21,9.98337E+15,5.37984E+16
4470,1.17092E+18,1,0,2,0,2017,9,5,7,3,9,1,0,1,0,0,0,2,1,5.72953E+20,6.02332E+21,1.01225E+16,5.43525E+16
4471,1.17072E+18,1,0,62,82,2017,7,13,5,3,6,7,0,0,1,0,1,0,0,5.93334E+20,5.94084E+21,1.04107E+16,5.36081E+16
4472,1.17072E+18,1,0,53,32,2017,7,12,5,3,5,3,0,1,0,1,0,0,0,5.91232E+20,5.9208E+21,1.03731E+16,5.34283E+16
4473,1.17072E+18,1,0,62,76,2017,7,19,5,2,6,4,0,1,1,0,0,0,0,5.72221E+20,5.95402E+21,1.00947E+16,5.37298E+16
4474,1.17092E+18,1,0,54,56,2017,9,14,7,2,4,6,0,1,0,0,0,0,0,5.01916E+20,6.0386E+21,9.02958E+15,5.4495E+16
4475,1.17072E+18,1,0,53,116,2017,7,15,5,3,9,1,0,1,0,0,0,0,0,5.94876E+20,5.93255E+21,1.04315E+16,5.35333E+16
4476,1.1709E+18,1,0,62,1,2017,9,15,7,3,2,6,0,1,0,0,0,0,0,5.81569E+20,5.94857E+21,1.02349E+16,5.36795E+16
4477,1.17092E+18,1,0,55,16,2017,9,13,7,3,2,2,0,1,0,0,0,0,0,6.29547E+20,6.00666E+21,1.09856E+16,5.41916E+16
4478,1.17072E+18,1,0,62,82,2017,7,15,5,2,4,6,0,1,0,0,1,0,0,5.91611E+20,5.94283E+21,1.03852E+16,5.36263E+16
4479,1.1709E+18,1,0,53,116,2017,9,16,7,3,8,7,0,0,0,1,0,0,0,5.98845E+20,5.93026E+21,1.04906E+16,5.3512E+16
4480,1.17092E+18,1,0,1,0,2017,9,3,1,3,7,7,1,0,1,0,0,2,0,5.29531E+20,6.07346E+21,9.45946E+15,5.48074E+16
4481,1.17082E+18,1,0,62,6,2017,8,23,6,2,8,1,0,1,0,0,0,2,1,5.84098E+20,5.95444E+21,1.02748E+16,5.37319E+16
4482,1.17092E+18,1,0,2,0,2017,9,12,7,3,2,6,0,1,0,0,0,0,0,5.70951E+20,6.02037E+21,1.0091E+16,5.43263E+16
4483,1.17072E+18,1,0,3,0,2017,7,18,5,3,2,6,0,1,0,0,0,0,1,6.12595E+20,5.97015E+21,1.07124E+16,5.38676E+16
4484,1.1709E+18,1,0,62,91,2017,9,17,7,3,0,1,0,0,0,1,0,0,0,5.91385E+20,5.95188E+21,1.03845E+16,5.37076E+16
4485,1.17093E+18,1,0,55,35,2017,9,4,2,3,6,7,0,0,1,0,1,2,0,6.13492E+20,5.97718E+21,1.07286E+16,5.39305E+16
4486,1.17092E+18,1,0,2,0,2017,9,20,7,2,3,6,0,1,0,0,0,2,1,5.71424E+20,6.0204E+21,1.00983E+16,5.43264E+16
4487,1.1709E+18,1,0,55,1,2017,9,12,7,3,2,2,0,1,0,0,0,0,0,6.03559E+20,5.98317E+21,1.05794E+16,5.39865E+16
4488,1.1709E+18,1,0,58,124,2017,9,22,7,3,8,2,0,0,0,1,0,2,0,5.47517E+20,6.01466E+21,9.72977E+15,5.42776E+16
4489,1.17093E+18,1,0,53,116,2017,9,16,2,3,2,6,0,1,0,0,0,0,1,5.97828E+20,5.92917E+21,1.04749E+16,5.35024E+16
4490,1.17082E+18,1,0,53,13,2017,8,9,6,3,8,1,0,0,0,0,1,0,1,6.05872E+20,5.94099E+21,1.06002E+16,5.36071E+16
4491,1.17092E+18,1,0,59,83,2017,9,20,7,3,0,7,1,1,0,0,0,2,1,5.49861E+20,6.05453E+21,9.77248E+15,5.46357E+16
4492,1.17072E+18,1,0,3,0,2017,7,14,5,3,5,3,1,0,0,0,1,0,0,6.12852E+20,5.96997E+21,1.07162E+16,5.38659E+16
4493,1.17092E+18,1,0,54,83,2017,9,14,7,2,5,3,1,1,0,0,0,0,0,4.69464E+20,6.0632E+21,8.52599E+15,5.47151E+16
4494,1.1709E+18,1,0,4,0,2017,9,17,7,3,5,3,0,1,0,0,0,0,1,5.64436E+20,5.99097E+21,9.98452E+15,5.4063E+16
4495,1.1709E+18,1,0,58,169,2017,9,2,7,2,5,3,0,1,0,0,0,2,0,5.58541E+20,5.9915E+21,9.89456E+15,5.40684E+16
4496,1.17092E+18,1,0,54,88,2017,9,18,7,2,4,6,0,1,0,0,0,0,0,4.89827E+20,6.07027E+21,8.84183E+15,5.47796E+16
4497,1.17092E+18,1,0,58,38,2017,9,18,7,3,2,7,0,1,0,0,0,0,0,5.60924E+20,6.00483E+21,9.93365E+15,5.41879E+16
4498,1.1709E+18,1,0,58,43,2017,9,21,7,3,6,6,1,0,1,0,0,2,0,5.54841E+20,6.03477E+21,9.84596E+15,5.44576E+16
4499,1.17092E+18,1,0,61,49,2017,9,15,6,3,5,2,0,1,0,1,0,0,0,5.47963E+20,5.97743E+21,9.73072E+15,5.3943E+16
4500,1.17092E+18,1,0,51,17,2017,9,10,6,2,2,6,0,1,0,0,0,0,0,5.02734E+20,5.9889E+21,9.04175E+15,5.40484E+16
4501,1.1709E+18,1,0,58,63,2017,9,15,7,2,9,7,0,1,0,0,0,0,0,5.6703E+20,6.0067E+21,1.00276E+16,5.4204E+16
4502,1.17092E+18,1,0,51,24,2017,9,17,6,2,8,1,0,0,0,1,0,0,1,5.11188E+20,5.97907E+21,9.17051E+15,5.39599E+16
4503,1.1709E+18,1,0,58,43,2017,9,10,7,3,2,6,0,1,0,0,0,0,0,5.54665E+20,6.03497E+21,9.84328E+15,5.44595E+16
4504,1.17072E+18,1,0,55,39,2017,7,10,5,2,5,3,0,1,0,1,0,0,0,6.16212E+20,5.99329E+21,1.07761E+16,5.40747E+16
4505,1.17092E+18,1,0,61,115,2017,9,15,6,3,8,1,0,1,0,0,0,0,0,5.44015E+20,5.97579E+21,9.67033E+15,5.39287E+16
4506,1.17072E+18,1,0,3,0,2017,7,9,5,3,5,3,1,1,0,0,0,0,0,6.12845E+20,5.96998E+21,1.07161E+16,5.3866E+16
4507,1.17092E+18,1,0,56,49,2017,9,13,6,3,4,2,0,1,0,1,0,0,0,5.43419E+20,5.94849E+21,9.6574E+15,5.36833E+16
4508,1.1709E+18,1,0,57,30,2017,9,18,7,3,5,2,0,1,0,1,0,0,0,6.07928E+20,6.02096E+21,1.06595E+16,5.4325E+16
4509,1.17072E+18,1,0,55,18,2017,7,17,5,3,2,6,0,1,0,0,0,0,1,6.32716E+20,6.01125E+21,1.10361E+16,5.4232E+16
4510,1.1709E+18,1,0,2,0,2017,9,20,7,3,2,6,0,1,0,0,0,1,0,5.73867E+20,6.01978E+21,1.01357E+16,5.43205E+16
4511,1.17072E+18,1,0,3,0,2017,7,11,5,3,5,3,1,1,0,0,0,0,0,6.1006E+20,5.97005E+21,1.06738E+16,5.38672E+16
4512,1.17072E+18,1,0,58,8,2017,7,6,5,2,9,7,0,1,0,0,0,0,0,5.43372E+20,6.03194E+21,9.66864E+15,5.44333E+16
4513,1.1708E+18,1,0,54,89,2017,8,14,6,3,8,7,1,0,0,0,0,0,0,4.56898E+20,6.05858E+21,8.33162E+15,5.46727E+16
4514,1.17092E+18,1,0,62,90,2017,9,21,5,3,7,7,0,1,0,0,0,2,0,5.78503E+20,5.9502E+21,1.01889E+16,5.36946E+16
4515,1.17072E+18,1,0,58,155,2017,7,15,5,3,5,3,1,1,0,0,0,0,0,5.41516E+20,6.00395E+21,9.63613E+15,5.41819E+16
4516,1.17092E+18,1,0,60,4,2017,9,17,6,3,5,2,0,1,0,0,1,0,0,5.57897E+20,5.97407E+21,9.88141E+15,5.39118E+16
4517,1.17072E+18,1,0,2,0,2017,7,8,5,3,5,2,1,1,0,0,0,0,0,5.73989E+20,6.0199E+21,1.01376E+16,5.43216E+16
4518,1.17092E+18,1,0,62,18,2017,9,21,5,2,5,3,0,1,0,0,0,2,0,5.7928E+20,5.93307E+21,1.01964E+16,5.35405E+16
4519,1.17072E+18,1,0,2,0,2017,7,0,5,3,9,1,0,1,0,0,0,2,1,5.74102E+20,6.01863E+21,1.0139E+16,5.43102E+16
4520,1.17073E+18,1,0,61,22,2017,7,12,5,3,2,6,0,1,0,0,1,0,0,5.34205E+20,5.97137E+21,9.52045E+15,5.38897E+16
4521,1.17092E+18,1,0,53,9,2017,9,6,5,3,7,7,0,0,0,0,1,1,0,6.07348E+20,5.95459E+21,1.06272E+16,5.37289E+16
4522,1.17072E+18,1,0,2,0,2017,7,19,5,3,6,7,1,0,1,0,0,0,0,5.73891E+20,6.02E+21,1.01361E+16,5.43225E+16
4523,1.17073E+18,1,0,58,169,2017,7,18,6,3,5,2,0,1,0,1,0,0,1,5.595E+20,5.99173E+21,9.90925E+15,5.40703E+16
4524,1.17092E+18,1,0,60,25,2017,9,13,6,3,6,4,0,1,1,0,0,0,0,6.00163E+20,5.99039E+21,1.053E+16,5.4052E+16
4525,1.17072E+18,1,0,2,0,2017,7,12,5,3,3,6,0,1,0,0,1,0,0,5.74544E+20,6.01757E+21,1.01455E+16,5.43006E+16
4526,1.17081E+18,1,0,62,94,2017,8,0,2,3,2,6,0,1,0,0,1,2,0,6.02361E+20,5.96594E+21,1.05554E+16,5.38319E+16
4527,1.1709E+18,1,0,54,56,2017,9,18,7,3,5,3,1,1,0,0,0,0,0,5.05527E+20,6.03598E+21,9.08528E+15,5.44714E+16
4528,1.17092E+18,1,0,53,129,2017,9,14,6,3,4,2,0,1,0,0,0,0,0,5.84126E+20,5.92839E+21,1.02682E+16,5.34978E+16
4529,1.17072E+18,1,0,54,131,2017,7,15,5,3,0,3,0,1,0,1,0,0,1,4.94147E+20,6.08096E+21,8.90879E+15,5.48757E+16
4530,1.17092E+18,1,0,62,6,2017,9,14,6,2,2,6,0,1,0,0,0,0,0,5.82889E+20,5.95339E+21,1.02562E+16,5.37226E+16
4531,1.1709E+18,1,0,1,0,2017,9,12,7,3,0,7,1,0,0,0,0,0,0,5.29125E+20,6.07331E+21,9.45311E+15,5.48061E+16
4532,1.17092E+18,1,0,3,0,2017,9,7,6,3,4,6,1,0,0,0,0,0,0,6.11927E+20,5.96841E+21,1.07016E+16,5.38521E+16
4533,1.17092E+18,1,0,3,0,2017,9,11,6,3,3,6,0,1,0,0,0,0,0,6.10331E+20,5.96896E+21,1.06775E+16,5.38574E+16
4534,1.1709E+18,1,0,59,161,2017,9,11,7,3,4,6,0,0,0,1,1,0,0,5.45402E+20,6.06578E+21,9.70515E+15,5.47373E+16
4535,1.17092E+18,1,0,3,0,2017,9,17,6,3,6,7,1,0,1,0,0,0,0,6.11338E+20,5.971E+21,1.06936E+16,5.38755E+16
4536,1.1709E+18,1,0,54,168,2017,9,14,7,3,0,7,1,0,0,0,0,0,0,4.54665E+20,6.07949E+21,8.29373E+15,5.48605E+16
4537,1.1709E+18,1,0,54,113,2017,9,16,7,3,5,2,0,1,0,1,0,0,0,4.76331E+20,6.01777E+21,8.63623E+15,5.43072E+16
4538,1.17072E+18,1,0,54,84,2017,7,18,5,3,0,1,1,0,0,0,0,0,0,5.06475E+20,6.03466E+21,9.09988E+15,5.44596E+16
4539,1.17092E+18,1,0,57,25,2017,9,10,6,3,3,6,0,1,0,0,1,0,0,5.78369E+20,6.02399E+21,1.0206E+16,5.43577E+16
4540,1.1709E+18,1,0,1,0,2017,9,15,7,3,0,7,1,0,0,0,0,0,0,5.25472E+20,6.06846E+21,9.39587E+15,5.47627E+16
4541,1.17072E+18,1,0,59,115,2017,7,20,5,3,8,1,0,1,0,0,0,0,0,5.16263E+20,6.06397E+21,9.25249E+15,5.47228E+16
4542,1.17092E+18,1,0,57,62,2017,9,10,6,3,5,3,0,1,0,1,0,0,0,5.83466E+20,6.01091E+21,1.02807E+16,5.42394E+16
4543,1.1709E+18,1,0,54,76,2017,9,22,7,3,6,7,1,0,1,0,0,2,0,4.99202E+20,6.07028E+21,8.98759E+15,5.47797E+16
4544,1.1708E+18,1,0,1,0,2017,8,17,6,3,3,6,0,1,0,1,0,0,1,5.28639E+20,6.07307E+21,9.44553E+15,5.4804E+16
4545,1.17092E+18,1,0,3,0,2017,9,15,5,2,5,3,1,1,0,0,0,0,0,6.11018E+20,5.97321E+21,1.06895E+16,5.38955E+16
4546,1.17072E+18,1,0,59,77,2017,7,16,5,3,2,6,0,1,0,0,0,0,1,5.3186E+20,6.04203E+21,9.49226E+15,5.45248E+16
4547,1.1708E+18,1,0,56,39,2017,8,18,6,2,5,2,0,1,0,1,0,0,0,5.51861E+20,5.94692E+21,9.78496E+15,5.36684E+16
4548,1.17092E+18,1,0,3,0,2017,9,15,5,3,5,2,0,1,0,0,0,0,0,6.11661E+20,5.96982E+21,1.0698E+16,5.38648E+16
4549,1.17072E+18,1,0,59,83,2017,7,10,5,3,5,3,0,1,0,0,0,0,0,5.50418E+20,6.05439E+21,9.78109E+15,5.46344E+16
4550,1.17072E+18,1,0,61,63,2017,7,16,4,3,4,6,0,1,0,0,1,0,0,5.16831E+20,5.97433E+21,9.25627E+15,5.39171E+16
4551,1.17073E+18,1,0,59,184,2017,7,12,6,2,2,1,0,1,0,0,0,0,0,5.26758E+20,6.05981E+21,9.41505E+15,5.46849E+16
4552,1.17081E+18,1,0,2,0,2017,8,11,7,3,5,3,1,1,0,0,0,0,1,5.716E+20,6.01775E+21,1.01003E+16,5.43026E+16
4553,1.17092E+18,1,0,3,0,2017,9,5,5,3,5,3,0,1,0,0,0,2,0,6.14709E+20,5.9681E+21,1.07437E+16,5.38487E+16
4554,1.17072E+18,1,0,61,46,2017,7,12,4,3,2,6,0,1,0,0,0,0,0,5.34362E+20,5.976E+21,9.52336E+15,5.39313E+16
4555,1.17073E+18,1,0,58,86,2017,7,4,6,3,9,1,0,1,0,0,0,1,0,5.44168E+20,6.00991E+21,9.67765E+15,5.42353E+16
4556,1.17081E+18,1,0,61,107,2017,8,18,7,3,6,4,0,1,1,0,0,0,0,5.24142E+20,5.98633E+21,9.36853E+15,5.40247E+16
4557,1.17092E+18,1,0,58,107,2017,9,18,5,3,3,6,0,1,0,1,0,1,0,5.70238E+20,6.01506E+21,1.00788E+16,5.42786E+16
4558,1.17072E+18,1,0,56,49,2017,7,14,4,3,0,1,1,0,0,0,0,0,0,5.44409E+20,5.94911E+21,9.67248E+15,5.36888E+16
4559,1.17073E+18,1,0,56,41,2017,7,15,6,3,2,3,0,1,0,0,0,0,1,5.59982E+20,5.952E+21,9.90884E+15,5.37132E+16
4560,1.17073E+18,1,0,57,68,2017,7,13,7,3,2,6,0,1,0,0,0,0,1,5.75449E+20,5.99157E+21,1.01529E+16,5.40668E+16
4561,1.17093E+18,1,0,53,125,2017,9,20,3,3,3,6,0,1,0,0,0,2,0,6.04035E+20,5.93784E+21,1.05714E+16,5.35791E+16
4562,1.17093E+18,1,0,58,34,2017,9,13,4,3,5,2,1,1,0,0,0,0,0,5.43742E+20,6.01866E+21,9.67239E+15,5.43139E+16
4563,1.17073E+18,1,0,51,84,2017,7,13,2,3,9,6,1,0,1,0,0,0,0,4.94281E+20,6.00073E+21,8.91243E+15,5.41546E+16
4564,1.17093E+18,1,0,62,23,2017,9,10,4,3,5,3,0,1,0,0,0,0,0,5.83063E+20,5.94661E+21,1.0257E+16,5.36617E+16
4565,1.1708E+18,1,0,58,113,2017,8,13,3,3,1,6,0,1,0,0,1,0,0,5.39259E+20,5.99846E+21,9.60084E+15,5.41327E+16
4566,1.17093E+18,1,0,55,35,2017,9,23,5,2,0,7,0,1,0,0,0,2,0,6.13447E+20,5.9769E+21,1.07278E+16,5.39281E+16
4567,1.17082E+18,1,0,53,32,2017,8,11,6,3,5,3,1,1,0,0,0,0,1,5.89812E+20,5.92357E+21,1.03525E+16,5.34535E+16
4568,1.17073E+18,1,0,54,168,2017,7,8,4,3,0,7,1,0,0,0,0,0,0,4.55718E+20,6.08431E+21,8.3094E+15,5.49038E+16
4569,1.1708E+18,1,0,51,132,2017,8,17,3,3,8,1,0,0,0,1,0,0,0,4.91808E+20,6.00158E+21,8.87454E+15,5.41622E+16
4570,1.17082E+18,1,0,62,76,2017,8,16,6,3,2,6,0,1,0,0,0,0,1,5.70366E+20,5.95578E+21,1.0067E+16,5.37459E+16
4571,1.1709E+18,1,0,51,139,2017,9,9,6,3,5,3,0,1,0,0,0,0,0,5.197E+20,6.00515E+21,9.30194E+15,5.4194E+16
4572,1.17073E+18,1,0,59,85,2017,7,15,4,3,5,3,0,1,0,0,0,0,0,5.13962E+20,6.02351E+21,9.21485E+15,5.43592E+16
4573,1.1708E+18,1,0,1,0,2017,8,11,4,3,5,2,0,1,0,1,0,0,0,5.24868E+20,6.06778E+21,9.38642E+15,5.47566E+16
4574,1.17082E+18,1,0,3,0,2017,8,14,6,3,5,3,1,1,0,0,0,0,1,6.10651E+20,5.96828E+21,1.06821E+16,5.38512E+16
4575,1.1709E+18,1,0,51,44,2017,9,13,6,3,2,6,0,1,0,0,0,0,0,5.07461E+20,6.00547E+21,9.11436E+15,5.41972E+16
4576,1.17073E+18,1,0,54,99,2017,7,13,4,3,5,2,0,1,0,1,0,0,0,5.14965E+20,6.03504E+21,9.23088E+15,5.44628E+16
4577,1.17082E+18,1,0,3,0,2017,8,12,6,3,0,7,1,0,0,0,0,0,0,6.11649E+20,5.96874E+21,1.06975E+16,5.38552E+16
4578,1.1708E+18,1,0,60,84,2017,8,18,4,3,5,2,0,1,0,1,0,0,1,5.73524E+20,5.96715E+21,1.01176E+16,5.38477E+16
4579,1.17082E+18,1,0,3,0,2017,8,15,6,3,3,6,0,1,0,1,0,0,1,6.22175E+20,5.98022E+21,1.0862E+16,5.39559E+16
4580,1.1709E+18,1,0,60,64,2017,9,5,6,3,5,2,0,1,0,0,0,2,0,5.61444E+20,5.96715E+21,9.93401E+15,5.38492E+16
4581,1.1709E+18,1,0,56,15,2017,9,15,6,3,0,7,0,0,0,1,0,0,0,5.46646E+20,5.95532E+21,9.7073E+15,5.37445E+16
4582,1.17073E+18,1,0,59,72,2017,7,18,4,2,5,6,0,1,0,1,0,0,0,5.49637E+20,6.05883E+21,9.76974E+15,5.46743E+16
4583,1.17082E+18,1,0,55,41,2017,8,0,6,3,8,7,0,1,0,0,0,2,1,6.11412E+20,5.9934E+21,1.07029E+16,5.40767E+16
4584,1.17082E+18,1,0,55,35,2017,8,19,6,3,5,3,0,1,0,1,0,1,1,6.13885E+20,5.97601E+21,1.07341E+16,5.392E+16
4585,1.17092E+18,1,0,58,137,2017,9,11,5,3,0,1,1,0,0,0,0,0,1,5.52991E+20,6.04876E+21,9.81993E+15,5.45836E+16
4586,1.1709E+18,1,0,60,63,2017,9,9,6,3,5,3,0,1,0,0,0,0,0,5.67528E+20,5.949E+21,1.00225E+16,5.36853E+16
4587,1.17073E+18,1,0,54,56,2017,7,12,4,3,0,7,1,0,0,0,0,0,0,5.00513E+20,6.03984E+21,9.00792E+15,5.45061E+16
4588,1.17082E+18,1,0,55,46,2017,8,17,6,3,5,3,1,1,0,0,0,0,1,6.42657E+20,6.03432E+21,1.11996E+16,5.44366E+16
4589,1.17072E+18,1,0,56,39,2017,7,8,4,3,5,3,1,1,0,0,0,0,0,5.52378E+20,5.94835E+21,9.79303E+15,5.36813E+16
4590,1.17092E+18,1,0,58,124,2017,9,8,5,3,5,3,0,1,0,0,0,0,0,5.44528E+20,6.01572E+21,9.68403E+15,5.42875E+16
4591,1.1709E+18,1,0,62,11,2017,9,10,6,3,5,2,0,1,0,0,0,0,0,5.82645E+20,5.94094E+21,1.02492E+16,5.36107E+16
4592,1.17073E+18,1,0,3,0,2017,7,8,4,2,9,1,0,1,0,0,0,0,1,6.20189E+20,5.97773E+21,1.08308E+16,5.3934E+16