OBJECTID,UIDENTSTLA,ULAND,UREGBEZ,UKREIS,UGEMEINDE,UJAHR,UMONAT,USTUNDE,UWOCHENTAG,UKATEGORIE,UART,UTYP1,IstRad,IstPKW,IstFuss,IstKrad,IstSonstig,LICHT,STRZUSTAND,LINREFX,LINREFY,XGCSWGS84,YGCSWGS84
4945,1.17083E+18,1,0,61,74,2017,8,11,3,2,8,1,0,0,0,0,1,0,0,5.35312E+20,5.95487E+21,9.53539E+15,5.37413E+16
4946,1.17082E+18,1,0,62,27,2017,8,17,3,2,2,6,0,0,0,1,1,0,0,5.85958E+20,5.95119E+21,1.03021E+16,5.37023E+16
4947,1.17091E+18,1,0,51,14,2017,9,12,3,3,2,6,0,1,0,0,0,0,0,4.9283E+20,5.99868E+21,8.89025E+15,5.41362E+16
4948,1.17083E+18,1,0,51,140,2017,8,10,3,3,4,2,0,1,0,0,0,0,0,4.97613E+20,6.00693E+21,8.9634E+15,5.42103E+16
4949,1.17072E+18,1,0,55,17,2017,7,11,2,2,2,6,0,1,0,0,1,0,0,6.35566E+20,6.02774E+21,1.10873E+16,5.43794E+16
4950,1.17091E+18,1,0,51,23,2017,9,12,3,3,8,7,0,0,0,0,1,0,1,5.18747E+20,6.01227E+21,9.28778E+15,5.4258E+16
4951,1.17072E+18,1,0,3,0,2017,7,18,2,3,2,6,0,1,0,0,0,0,0,6.11223E+20,5.97193E+21,1.06922E+16,5.38839E+16
4952,1.17091E+18,1,0,56,8,2017,9,13,3,3,9,7,0,1,0,0,0,0,1,5.47059E+20,5.95958E+21,9.71421E+15,5.37827E+16
4953,1.17072E+18,1,0,3,0,2017,7,10,2,3,5,3,1,1,0,0,0,0,0,6.16879E+20,5.97418E+21,1.0779E+16,5.39029E+16
4954,1.17072E+18,1,0,3,0,2017,7,15,2,3,5,2,1,1,0,0,0,0,0,6.12339E+20,5.97078E+21,1.07087E+16,5.38733E+16
4955,1.17072E+18,1,0,55,7,2017,7,17,2,3,5,3,1,1,0,0,0,0,0,5.96958E+20,5.99449E+21,1.04824E+16,5.40894E+16
4956,1.17072E+18,1,0,3,0,2017,7,16,2,3,2,6,0,1,0,0,1,0,0,6.11888E+20,5.96841E+21,1.0701E+16,5.38521E+16
4957,1.17072E+18,1,0,55,15,2017,7,12,2,3,2,6,0,1,0,1,0,0,0,6.2656E+20,6.02223E+21,1.09464E+16,5.43322E+16
4958,1.17072E+18,1,0,3,0,2017,7,16,2,3,5,3,1,1,0,0,0,0,0,6.14692E+20,5.97353E+21,1.07455E+16,5.38975E+16
4959,1.17091E+18,1,0,56,28,2017,9,7,3,3,5,3,1,1,0,0,0,0,0,5.44638E+20,5.94122E+21,9.67482E+15,5.36179E+16
4960,1.17072E+18,1,0,55,42,2017,7,11,2,2,5,3,0,1,0,0,1,0,0,6.15986E+20,5.98423E+21,1.07693E+16,5.39933E+16
4961,1.17092E+18,1,0,60,44,2017,9,15,4,3,9,1,0,1,0,0,0,0,1,5.63279E+20,5.9671E+21,9.96188E+15,5.38485E+16
4962,1.17072E+18,1,0,3,0,2017,7,14,2,3,5,3,1,1,0,0,0,0,0,6.12468E+20,5.97093E+21,1.07107E+16,5.38746E+16
4963,1.17091E+18,1,0,56,15,2017,9,9,3,3,5,3,1,0,0,0,1,0,0,5.43225E+20,5.9561E+21,9.65553E+15,5.37518E+16
4964,1.17092E+18,1,0,56,18,2017,9,22,4,3,5,3,0,1,0,0,0,2,0,5.575E+20,5.94246E+21,9.86946E+15,5.36278E+16
4965,1.17091E+18,1,0,56,30,2017,9,7,3,3,5,3,1,1,0,0,0,0,0,5.45205E+20,5.95945E+21,9.68605E+15,5.37817E+16
4966,1.17072E+18,1,0,55,27,2017,7,8,2,3,5,3,1,1,0,0,0,0,0,6.23013E+20,6.00973E+21,1.08868E+16,5.42208E+16
4967,1.17091E+18,1,0,56,2,2017,9,7,3,3,5,3,1,1,0,0,0,0,0,5.49921E+20,5.95949E+21,9.75763E+15,5.37816E+16
4968,1.17091E+18,1,0,60,63,2017,9,15,3,2,2,6,0,1,0,1,1,0,0,5.62499E+20,5.94647E+21,9.94586E+15,5.36632E+16
4969,1.17081E+18,1,0,60,73,2017,8,14,1,3,2,6,0,1,0,0,0,0,0,5.62081E+20,5.97117E+21,9.94451E+15,5.38853E+16
4970,1.17091E+18,1,0,56,15,2017,9,18,3,3,2,6,0,1,0,0,0,0,1,5.44299E+20,5.9556E+21,9.67174E+15,5.37471E+16
4971,1.17081E+18,1,0,55,10,2017,8,10,1,3,5,3,1,0,0,0,0,0,0,6.35559E+20,6.01046E+21,1.10794E+16,5.42242E+16
4972,1.17081E+18,1,0,60,87,2017,8,11,1,1,8,1,0,0,0,1,0,0,0,5.86306E+20,5.98871E+21,1.03179E+16,5.40394E+16
4973,1.17073E+18,1,0,56,5,2017,7,15,7,3,5,3,0,1,0,0,1,0,1,5.59955E+20,5.94569E+21,9.90721E+15,5.36565E+16
4974,1.17081E+18,1,0,2,0,2017,8,0,2,3,9,1,0,1,0,0,0,2,0,5.72973E+20,6.02547E+21,1.01233E+16,5.43718E+16
4975,1.17082E+18,1,0,53,32,2017,8,14,3,1,4,6,0,1,0,0,1,0,0,5.94242E+20,5.92039E+21,1.04183E+16,5.34241E+16
4976,1.17073E+18,1,0,58,117,2017,7,9,1,3,0,1,1,0,0,0,0,0,0,5.56092E+20,6.00258E+21,9.85919E+15,5.41682E+16
4977,1.17082E+18,1,0,53,23,2017,8,16,3,3,2,6,0,1,0,0,0,0,0,5.9045E+20,5.92806E+21,1.03634E+16,5.34937E+16
4978,1.17073E+18,1,0,54,163,2017,7,17,2,3,6,4,0,1,1,0,0,0,0,4.70894E+20,6.06143E+21,8.54836E+15,5.46993E+16
4979,1.17082E+18,1,0,3,0,2017,8,12,3,3,5,3,0,1,0,0,0,0,0,6.1413E+20,5.96888E+21,1.07352E+16,5.38558E+16
4980,1.17072E+18,1,0,58,43,2017,7,10,2,3,5,3,1,1,0,0,0,0,0,5.54089E+20,6.03437E+21,9.83427E+15,5.44541E+16
4981,1.17091E+18,1,0,53,76,2017,9,17,3,3,5,3,0,1,0,1,0,0,1,5.92215E+20,5.9376E+21,1.03928E+16,5.35792E+16
4982,1.17072E+18,1,0,58,78,2017,7,11,2,3,5,3,1,1,0,0,0,0,0,5.32763E+20,6.0169E+21,9.50344E+15,5.42989E+16
4983,1.17083E+18,1,0,56,24,2017,8,14,3,3,5,3,1,1,0,0,0,0,0,5.4419E+20,5.94554E+21,9.66866E+15,5.36567E+16
4984,1.17072E+18,1,0,2,0,2017,7,7,2,3,0,7,1,1,0,0,0,0,0,5.72162E+20,6.02355E+21,1.01104E+16,5.43547E+16
4985,1.17072E+18,1,0,2,0,2017,7,16,2,3,6,4,0,1,1,0,0,0,0,5.74883E+20,6.0185E+21,1.01509E+16,5.43089E+16
4986,1.1708E+18,1,0,59,45,2017,8,12,6,3,2,6,0,1,0,0,0,0,1,5.62228E+20,6.05418E+21,9.96399E+15,5.46312E+16
4987,1.17092E+18,1,0,56,39,2017,9,15,4,3,4,6,1,0,0,0,0,0,0,5.52762E+20,5.9463E+21,9.79848E+15,5.36628E+16
4988,1.17072E+18,1,0,2,0,2017,7,17,2,3,0,7,1,0,0,0,0,0,0,5.72981E+20,6.02109E+21,1.01224E+16,5.43325E+16
4989,1.17072E+18,1,0,2,0,2017,7,11,2,3,3,6,0,1,0,1,0,0,0,5.74086E+20,6.02068E+21,1.01392E+16,5.43286E+16
4990,1.1708E+18,1,0,62,65,2017,8,14,6,2,8,1,0,0,0,1,0,0,0,5.89944E+20,5.95765E+21,1.03643E+16,5.37597E+16
4991,1.17092E+18,1,0,56,15,2017,9,16,4,3,5,2,1,1,0,0,0,0,1,5.44249E+20,5.95622E+21,9.67109E+15,5.37527E+16
4992,1.17072E+18,1,0,57,30,2017,7,8,2,3,0,1,1,0,0,0,0,0,0,6.04684E+20,6.01698E+21,1.06083E+16,5.429E+16
4993,1.17072E+18,1,0,2,0,2017,7,16,2,3,2,2,0,1,0,0,0,0,0,5.72153E+20,6.01875E+21,1.01091E+16,5.43115E+16
4994,1.17073E+18,1,0,51,44,2017,7,11,5,3,2,6,0,1,0,0,0,0,0,5.05928E+20,6.00359E+21,9.09082E+15,5.41803E+16
4995,1.17092E+18,1,0,62,61,2017,9,16,4,3,8,1,0,1,0,0,0,0,1,5.9712E+20,5.96467E+21,1.04754E+16,5.38215E+16
4996,1.17072E+18,1,0,2,0,2017,7,14,2,3,6,4,0,1,1,0,0,0,0,5.73611E+20,6.01928E+21,1.01316E+16,5.43161E+16
4997,1.17073E+18,1,0,4,0,2017,7,18,6,3,0,7,1,0,0,0,0,0,0,5.64334E+20,5.99229E+21,9.98324E+15,5.40748E+16
4998,1.17092E+18,1,0,53,20,2017,9,8,4,3,5,2,1,0,0,0,1,0,1,6.07295E+20,5.92714E+21,1.06169E+16,5.34823E+16
4999,1.17072E+18,1,0,1,0,2017,7,11,2,3,6,4,0,1,1,0,0,0,0,5.27878E+20,6.07178E+21,9.43357E+15,5.47924E+16
5000,1.17073E+18,1,0,62,45,2017,7,15,6,1,4,6,0,1,0,0,1,0,0,5.91146E+20,5.94813E+21,1.03798E+16,5.36739E+16
5001,1.17072E+18,1,0,59,171,2017,7,15,2,3,5,3,1,1,0,0,0,0,0,5.25801E+20,6.05742E+21,9.4E+15,5.46635E+16
5002,1.17081E+18,1,0,61,12,2017,8,19,1,2,5,3,0,0,0,1,1,0,0,5.31238E+20,5.96129E+21,9.47428E+15,5.37992E+16
5003,1.17081E+18,1,0,2,0,2017,8,15,2,2,5,3,1,1,0,0,0,0,0,5.73838E+20,6.01948E+21,1.01351E+16,5.43178E+16
5004,1.17082E+18,1,0,3,0,2017,8,17,3,3,4,6,1,0,0,0,0,0,0,6.10566E+20,5.96877E+21,1.0681E+16,5.38556E+16
5005,1.17073E+18,1,0,1,0,2017,7,15,2,3,5,3,0,1,0,1,0,0,0,5.27101E+20,6.07405E+21,9.4217E+15,5.48129E+16
5006,1.17073E+18,1,0,57,91,2017,7,15,2,3,5,2,0,1,0,1,0,0,0,5.78666E+20,6.01672E+21,1.02086E+16,5.42923E+16
5007,1.17093E+18,1,0,59,60,2017,9,7,4,3,0,1,1,0,0,0,0,0,0,5.46818E+20,6.05967E+21,9.72617E+15,5.46822E+16
5008,1.17082E+18,1,0,55,42,2017,8,14,3,2,5,3,0,1,0,1,1,0,0,6.17532E+20,5.98377E+21,1.07926E+16,5.39889E+16
5009,1.17073E+18,1,0,60,69,2017,7,15,2,2,4,2,0,1,0,1,0,0,0,5.90645E+20,5.98146E+21,1.0382E+16,5.39735E+16
5010,1.17082E+18,1,0,55,16,2017,8,14,3,2,6,7,0,1,1,0,0,0,0,6.2794E+20,6.00235E+21,1.09591E+16,5.41533E+16
5011,1.17073E+18,1,0,58,86,2017,7,13,3,3,8,1,0,1,0,0,0,0,1,5.43834E+20,6.00915E+21,9.6724E+15,5.42284E+16
5012,1.1708E+18,1,0,57,85,2017,8,20,3,3,2,6,0,1,0,0,0,1,1,5.79059E+20,5.99646E+21,1.02093E+16,5.41102E+16
5013,1.17082E+18,1,0,55,40,2017,8,10,3,3,2,6,0,1,0,0,0,0,0,6.08581E+20,5.97212E+21,1.0652E+16,5.38861E+16
5014,1.17073E+18,1,0,2,0,2017,7,21,3,3,6,4,1,0,1,0,0,2,1,5.73875E+20,6.02004E+21,1.01358E+16,5.43229E+16
5015,1.17082E+18,1,0,2,0,2017,8,13,3,2,1,5,0,1,0,0,0,0,0,5.77957E+20,6.01715E+21,1.01978E+16,5.42963E+16
5016,1.1708E+18,1,0,60,63,2017,8,16,3,3,5,3,1,1,0,0,0,0,1,5.65198E+20,5.94777E+21,9.98697E+15,5.36745E+16
5017,1.17082E+18,1,0,2,0,2017,8,18,3,3,2,6,0,1,0,0,0,0,0,5.71635E+20,6.0193E+21,1.01012E+16,5.43165E+16
5018,1.17073E+18,1,0,54,141,2017,7,18,3,3,9,1,0,1,0,0,0,0,1,4.94932E+20,6.02771E+21,8.92194E+15,5.43972E+16
5019,1.17082E+18,1,0,2,0,2017,8,11,3,3,5,2,0,1,0,0,0,0,0,5.76379E+20,6.02037E+21,1.01744E+16,5.43254E+16
5020,1.17082E+18,1,0,59,21,2017,8,22,3,3,9,1,0,1,0,0,0,2,1,5.53565E+20,6.05544E+21,9.83003E+15,5.46435E+16
5021,1.17073E+18,1,0,1,0,2017,7,14,3,2,5,2,0,1,0,1,0,0,1,5.24447E+20,6.06998E+21,9.38007E+15,5.47764E+16
5022,1.17082E+18,1,0,1,0,2017,8,7,3,3,2,6,0,1,0,0,0,0,0,5.2855E+20,6.07084E+21,9.44393E+15,5.47839E+16
5023,1.17082E+18,1,0,59,75,2017,8,9,3,2,6,3,1,0,1,0,0,0,0,5.36603E+20,6.04117E+21,9.56544E+15,5.45168E+16
5024,1.17092E+18,1,0,53,90,2017,9,11,4,3,2,6,0,1,0,0,0,0,0,6.111E+20,5.94214E+21,1.06796E+16,5.36163E+16
5025,1.17073E+18,1,0,59,77,2017,7,15,3,3,2,6,0,1,0,0,0,0,1,5.31075E+20,6.04053E+21,9.47997E+15,5.45114E+16
5026,1.17082E+18,1,0,1,0,2017,8,10,3,3,5,2,0,1,0,0,0,0,0,5.26223E+20,6.07236E+21,9.40788E+15,5.47977E+16
5027,1.17083E+18,1,0,60,49,2017,8,18,3,2,0,1,1,0,0,0,0,0,0,5.86488E+20,5.98063E+21,1.03184E+16,5.39668E+16
5028,1.17082E+18,1,0,59,137,2017,8,14,3,3,4,6,1,0,0,0,0,0,0,5.41854E+20,6.07195E+21,9.65094E+15,5.4793E+16
5029,1.17072E+18,1,0,54,97,2017,7,19,2,2,8,7,0,1,0,0,0,0,1,5.0862E+20,6.04182E+21,9.13319E+15,5.45239E+16
5030,1.17083E+18,1,0,60,2,2017,8,17,3,3,5,2,0,0,0,1,1,0,0,5.603E+20,5.96019E+21,9.91525E+15,5.37868E+16
5031,1.17072E+18,1,0,54,88,2017,7,5,2,2,5,3,0,1,0,1,0,0,0,4.90778E+20,6.07163E+21,8.85658E+15,5.47918E+16
5032,1.17083E+18,1,0,56,28,2017,8,15,3,3,5,3,1,1,0,0,0,0,0,5.44417E+20,5.94162E+21,9.67153E+15,5.36215E+16
5033,1.17092E+18,1,0,55,4,2017,9,8,6,3,5,2,1,1,0,0,0,0,0,6.11463E+20,5.97611E+21,1.06973E+16,5.39214E+16
5034,1.17082E+18,1,0,54,91,2017,8,12,3,3,6,3,0,1,1,0,0,0,0,4.9113E+20,6.03829E+21,8.86306E+15,5.44921E+16
5035,1.17091E+18,1,0,53,32,2017,9,19,3,3,6,2,0,1,1,0,0,0,1,5.92021E+20,5.92165E+21,1.03852E+16,5.34359E+16
5036,1.17072E+18,1,0,59,183,2017,7,5,2,2,2,7,0,1,0,0,1,1,0,5.24577E+20,6.06615E+21,9.38176E+15,5.4742E+16
5037,1.17083E+18,1,0,55,40,2017,8,11,3,3,5,3,1,1,0,0,0,0,0,6.08515E+20,5.97213E+21,1.0651E+16,5.38863E+16
5038,1.17092E+18,1,0,60,39,2017,9,12,6,3,2,6,0,1,0,0,0,0,0,5.64564E+20,5.9606E+21,9.98006E+15,5.379E+16
5039,1.17082E+18,1,0,1,0,2017,8,16,3,3,2,1,0,0,0,1,0,0,0,5.27669E+20,6.07222E+21,9.43037E+15,5.47964E+16
5040,1.17091E+18,1,0,62,1,2017,9,16,3,3,2,2,0,1,0,0,1,0,1,5.81434E+20,5.94749E+21,1.02326E+16,5.36698E+16
5041,1.17083E+18,1,0,55,46,2017,8,10,3,3,3,6,1,0,0,0,0,0,0,6.39112E+20,6.03597E+21,1.11457E+16,5.44524E+16
5042,1.17083E+18,1,0,3,0,2017,8,9,3,3,5,3,1,1,0,0,0,0,0,6.09125E+20,5.96821E+21,1.06589E+16,5.38509E+16
5043,1.17092E+18,1,0,59,177,2017,9,17,7,2,8,1,0,1,0,0,0,0,0,5.07978E+20,6.07609E+21,9.1242E+15,5.48319E+16
5044,1.17082E+18,1,0,59,83,2017,8,17,3,3,5,3,0,1,0,0,0,0,0,5.50417E+20,6.05439E+21,9.78108E+15,5.46344E+16
5045,1.17083E+18,1,0,3,0,2017,8,16,3,3,3,2,1,1,0,0,0,0,0,6.08273E+20,5.96916E+21,1.06463E+16,5.38597E+16
5046,1.17083E+18,1,0,3,0,2017,8,13,3,3,3,2,0,0,0,1,1,0,0,6.13227E+20,5.96969E+21,1.07218E+16,5.38634E+16
5047,1.17092E+18,1,0,53,111,2017,9,20,7,2,4,6,0,1,0,0,0,1,0,6.0011E+20,5.91605E+21,1.05052E+16,5.3384E+16
5048,1.17082E+18,1,0,58,3,2017,8,5,3,3,2,6,0,1,0,1,0,1,0,5.43131E+20,6.02511E+21,9.66393E+15,5.43719E+16
5049,1.17091E+18,1,0,53,90,2017,9,16,3,3,0,3,0,1,0,1,0,0,1,6.11004E+20,5.94179E+21,1.0678E+16,5.36132E+16
5050,1.17082E+18,1,0,56,46,2017,8,11,3,3,3,6,0,1,0,0,1,0,0,5.47301E+20,5.95453E+21,9.7171E+15,5.37373E+16
5051,1.17091E+18,1,0,55,4,2017,9,12,3,3,3,2,1,1,0,0,0,0,0,6.1067E+20,5.97609E+21,1.06852E+16,5.39214E+16
5052,1.17083E+18,1,0,58,86,2017,8,10,3,2,9,1,0,1,0,0,0,0,0,5.46946E+20,6.00553E+21,9.71958E+15,5.41957E+16
5053,1.17083E+18,1,0,58,116,2017,8,14,3,2,5,2,0,1,0,1,0,0,0,5.62733E+20,6.03484E+21,9.96769E+15,5.44573E+16
5054,1.17082E+18,1,0,56,15,2017,8,6,3,3,0,1,0,0,0,1,0,0,1,5.47067E+20,5.95503E+21,9.71364E+15,5.37418E+16
5055,1.17091E+18,1,0,3,0,2017,9,16,3,3,2,6,0,1,0,0,0,0,1,6.12962E+20,5.96978E+21,1.07178E+16,5.38642E+16
5056,1.17081E+18,1,0,61,41,2017,8,13,2,2,4,2,0,1,0,0,0,0,0,5.39301E+20,5.96629E+21,9.59733E+15,5.38436E+16
5057,1.17091E+18,1,0,3,0,2017,9,12,3,3,0,3,0,1,0,1,0,0,1,6.09665E+20,5.97037E+21,1.06679E+16,5.38702E+16
5058,1.17083E+18,1,0,58,121,2017,8,18,3,2,8,7,1,0,0,0,0,0,0,5.67124E+20,6.03443E+21,1.00353E+16,5.44531E+16
5059,1.17081E+18,1,0,51,14,2017,8,11,2,3,8,1,1,0,0,0,0,0,0,4.92355E+20,5.99866E+21,8.88299E+15,5.4136E+16
5060,1.17091E+18,1,0,3,0,2017,9,10,3,3,5,3,1,1,0,0,0,0,1,6.09737E+20,5.97042E+21,1.0669E+16,5.38707E+16
5061,1.17083E+18,1,0,58,169,2017,8,6,3,3,4,6,0,1,0,0,1,1,0,5.60391E+20,5.99171E+21,9.92286E+15,5.407E+16
5062,1.17081E+18,1,0,60,63,2017,8,7,2,3,2,6,0,1,0,0,0,0,0,5.6378E+20,5.94644E+21,9.96523E+15,5.36628E+16
5063,1.17072E+18,1,0,60,62,2017,7,0,2,2,9,7,0,0,0,0,1,2,0,5.85873E+20,5.96877E+21,1.03057E+16,5.38603E+16
5064,1.17091E+18,1,0,3,0,2017,9,16,3,3,5,2,1,1,0,0,0,0,1,6.09677E+20,5.97037E+21,1.06681E+16,5.38702E+16
5065,1.17072E+18,1,0,61,97,2017,7,18,1,3,0,1,0,0,0,1,0,0,1,5.31665E+20,5.98877E+21,9.48361E+15,5.40462E+16
5066,1.17091E+18,1,0,58,173,2017,9,13,3,3,9,1,1,0,0,0,0,0,1,5.53008E+20,6.0353E+21,9.81777E+15,5.44626E+16
5067,1.17072E+18,1,0,60,46,2017,7,18,1,3,2,6,0,1,0,0,0,0,1,5.7426E+20,5.9562E+21,1.01261E+16,5.37492E+16
5068,1.17093E+18,1,0,3,0,2017,9,9,3,3,5,3,0,1,0,0,0,0,0,6.08667E+20,5.97203E+21,1.06533E+16,5.38853E+16
5069,1.17072E+18,1,0,62,60,2017,7,13,1,3,5,3,0,1,0,0,0,0,1,5.82838E+20,5.93363E+21,1.02502E+16,5.3545E+16
5070,1.17072E+18,1,0,55,4,2017,7,18,1,3,2,6,0,1,0,0,0,0,1,6.12879E+20,5.97742E+21,1.07194E+16,5.39329E+16
5071,1.17072E+18,1,0,3,0,2017,7,19,1,3,0,1,0,1,1,0,0,0,0,6.11459E+20,5.97001E+21,1.0695E+16,5.38666E+16
5072,1.17072E+18,1,0,58,135,2017,7,10,1,3,0,1,1,0,0,0,0,0,1,5.40632E+20,6.02032E+21,9.62481E+15,5.43291E+16
5073,1.17072E+18,1,0,57,30,2017,7,19,1,3,8,1,0,1,0,0,0,0,1,6.05274E+20,6.01826E+21,1.06178E+16,5.43014E+16
5074,1.17091E+18,1,0,58,164,2017,9,17,3,2,0,2,0,0,0,1,0,0,1,5.37341E+20,5.99824E+21,9.57146E+15,5.41309E+16
5075,1.17072E+18,1,0,57,23,2017,7,11,1,3,5,2,1,1,0,0,0,0,1,5.76121E+20,6.0092E+21,1.01676E+16,5.42251E+16
5076,1.17072E+18,1,0,54,62,2017,7,16,1,3,5,3,0,1,0,0,0,0,0,4.97353E+20,6.07444E+21,8.95881E+15,5.48171E+16
5077,1.17091E+18,1,0,58,92,2017,9,15,3,3,2,6,0,1,0,0,0,0,1,5.71501E+20,6.02223E+21,1.00999E+16,5.43429E+16
5078,1.17083E+18,1,0,2,0,2017,8,11,3,3,5,3,0,1,0,0,0,0,0,5.75992E+20,6.02008E+21,1.01684E+16,5.43229E+16
5079,1.17091E+18,1,0,2,0,2017,9,15,3,3,2,6,0,1,0,0,0,0,0,5.72164E+20,6.02142E+21,1.01099E+16,5.43355E+16
5080,1.17072E+18,1,0,54,161,2017,7,6,1,3,9,1,0,1,0,0,0,1,1,5.03303E+20,6.03163E+21,9.05092E+15,5.44324E+16
5081,1.17091E+18,1,0,2,0,2017,9,13,3,3,4,2,0,1,0,0,0,0,0,5.73606E+20,6.01962E+21,1.01316E+16,5.43191E+16
5082,1.17083E+18,1,0,57,87,2017,8,11,3,3,5,3,0,1,0,0,0,0,0,5.84012E+20,6.02827E+21,1.0294E+16,5.43952E+16
5083,1.17091E+18,1,0,2,0,2017,9,16,3,3,2,6,0,1,0,0,1,0,0,5.71771E+20,6.02093E+21,1.01037E+16,5.43311E+16
5084,1.17091E+18,1,0,2,0,2017,9,16,3,3,2,6,0,1,0,0,0,0,1,5.72381E+20,6.02176E+21,1.01133E+16,5.43385E+16
5085,1.17083E+18,1,0,1,0,2017,8,16,3,3,0,6,0,1,0,0,1,0,0,5.27886E+20,6.07159E+21,9.43368E+15,5.47908E+16
5086,1.17091E+18,1,0,2,0,2017,9,15,3,3,5,3,0,1,0,1,0,0,0,5.7319E+20,6.01979E+21,1.01253E+16,5.43207E+16
5087,1.17083E+18,1,0,54,78,2017,8,14,3,3,0,7,1,0,0,0,0,0,0,4.62497E+20,6.09601E+21,8.41359E+15,5.50096E+16
5088,1.17083E+18,1,0,59,183,2017,8,17,3,3,2,6,0,0,0,1,1,0,0,5.20913E+20,6.06446E+21,9.32472E+15,5.4727E+16
5089,1.17092E+18,1,0,60,63,2017,9,15,7,3,5,3,0,1,0,0,0,0,0,5.68168E+20,5.94868E+21,1.00321E+16,5.36824E+16
5090,1.17081E+18,1,0,56,41,2017,8,18,2,3,5,3,1,1,0,0,0,0,0,5.59229E+20,5.95376E+21,9.89777E+15,5.37291E+16
5091,1.17091E+18,1,0,2,0,2017,9,14,3,3,2,6,0,1,0,0,1,0,1,5.78208E+20,6.02106E+21,1.02027E+16,5.43314E+16
5092,1.17083E+18,1,0,56,5,2017,8,8,3,3,7,6,0,1,0,1,0,0,0,5.61757E+20,5.94638E+21,9.93461E+15,5.36625E+16
5093,1.17083E+18,1,0,61,46,2017,8,11,2,3,2,6,0,1,0,0,0,0,0,5.32137E+20,5.9737E+21,9.48923E+15,5.39107E+16
5094,1.17092E+18,1,0,53,116,2017,9,19,1,3,5,3,0,1,0,0,0,1,0,5.97874E+20,5.92925E+21,1.04757E+16,5.35031E+16
5095,1.17081E+18,1,0,60,4,2017,8,18,2,3,5,2,0,1,0,0,0,0,0,5.60034E+20,5.97573E+21,9.91427E+15,5.39265E+16
5096,1.17091E+18,1,0,2,0,2017,9,13,3,3,2,6,0,1,0,0,0,0,1,5.7328E+20,6.0227E+21,1.01273E+16,5.43469E+16
5097,1.17083E+18,1,0,60,53,2017,8,13,2,3,2,6,0,1,0,0,1,0,0,5.82344E+20,5.96943E+21,1.02523E+16,5.38668E+16
5098,1.17083E+18,1,0,60,63,2017,8,13,2,3,2,6,0,1,0,0,1,0,0,5.68175E+20,5.9487E+21,1.00322E+16,5.36826E+16
5099,1.17093E+18,1,0,54,168,2017,9,7,2,3,5,2,0,1,0,1,0,0,0,4.55668E+20,6.08397E+21,8.30867E+15,5.49008E+16
5100,1.17081E+18,1,0,56,15,2017,8,11,2,3,0,7,1,0,0,0,0,0,0,5.43488E+20,5.95581E+21,9.65948E+15,5.37491E+16
5101,1.17091E+18,1,0,1,0,2017,9,17,3,3,5,2,1,1,0,0,0,0,0,5.26318E+20,6.07E+21,9.40916E+15,5.47765E+16
5102,1.17072E+18,1,0,59,183,2017,7,15,1,2,9,1,0,0,0,1,0,0,1,5.21974E+20,6.06953E+21,9.34158E+15,5.47725E+16
5103,1.17091E+18,1,0,59,103,2017,9,9,3,3,8,1,0,0,0,1,0,0,1,5.37074E+20,6.06409E+21,9.57561E+15,5.47227E+16
5104,1.17083E+18,1,0,56,15,2017,8,8,2,3,7,7,1,0,0,0,0,0,0,5.43694E+20,5.95586E+21,9.66261E+15,5.37496E+16
5105,1.17083E+18,1,0,56,9,2017,8,17,2,3,2,6,0,1,0,0,0,0,0,5.52792E+20,5.94817E+21,9.79926E+15,5.36796E+16
5106,1.17081E+18,1,0,60,63,2017,8,8,2,3,5,3,0,1,0,0,0,0,0,5.67673E+20,5.94905E+21,1.00247E+16,5.36858E+16
5107,1.17091E+18,1,0,54,10,2017,9,10,3,3,3,6,0,1,0,0,0,0,1,4.97207E+20,6.0623E+21,8.95665E+15,5.4708E+16
5108,1.17091E+18,1,0,54,73,2017,9,9,3,1,4,6,0,1,0,0,1,0,1,5.04389E+20,6.07989E+21,9.06839E+15,5.48661E+16
5109,1.17083E+18,1,0,62,14,2017,8,14,2,3,0,1,1,0,0,0,0,0,0,5.82503E+20,5.95237E+21,1.02501E+16,5.37135E+16
5110,1.17091E+18,1,0,54,68,2017,9,11,3,3,0,1,1,0,0,0,0,0,1,4.92423E+20,6.07309E+21,8.88213E+15,5.48049E+16
5111,1.17091E+18,1,0,59,161,2017,9,15,3,3,5,3,0,1,0,0,0,0,0,5.40345E+20,6.06731E+21,9.62684E+15,5.47514E+16
5112,1.17083E+18,1,0,62,87,2017,8,21,2,3,9,7,0,0,0,1,0,2,0,6.01454E+20,5.96894E+21,1.05426E+16,5.38591E+16
5113,1.17091E+18,1,0,59,159,2017,9,14,3,3,3,6,0,1,0,0,0,0,1,5.30632E+20,6.05154E+21,9.47428E+15,5.46104E+16
5114,1.17083E+18,1,0,55,32,2017,8,15,2,3,3,6,1,0,0,0,0,0,0,6.17351E+20,5.99616E+21,1.07947E+16,5.41002E+16
5115,1.17072E+18,1,0,59,75,2017,7,11,1,3,8,1,0,0,0,1,0,0,1,5.36152E+20,6.04338E+21,9.55874E+15,5.45367E+16
5116,1.17091E+18,1,0,55,21,2017,9,14,3,3,3,6,0,1,0,0,0,0,1,6.27316E+20,6.02509E+21,1.09592E+16,5.43577E+16
5117,1.17072E+18,1,0,1,0,2017,7,10,1,3,2,6,0,1,0,0,1,0,1,5.25992E+20,6.07101E+21,9.40418E+15,5.47856E+16
5118,1.17072E+18,1,0,53,10,2017,7,5,1,3,8,7,0,1,0,0,0,0,0,6.15564E+20,5.93316E+21,1.07437E+16,5.35347E+16
5119,1.17072E+18,1,0,58,169,2017,7,17,1,3,2,6,0,1,0,0,0,0,1,5.60382E+20,5.99111E+21,9.92262E+15,5.40647E+16
5120,1.17072E+18,1,0,61,49,2017,7,8,7,3,6,7,0,1,1,0,0,0,0,5.47828E+20,5.97779E+21,9.72872E+15,5.39463E+16