OBJECTID,UIDENTSTLA,ULAND,UREGBEZ,UKREIS,UGEMEINDE,UJAHR,UMONAT,USTUNDE,UWOCHENTAG,UKATEGORIE,UART,UTYP1,IstRad,IstPKW,IstFuss,IstKrad,IstSonstig,LICHT,STRZUSTAND,LINREFX,LINREFY,XGCSWGS84,YGCSWGS84
5121,1.17072E+18,1,0,51,24,2017,7,17,7,3,0,1,0,0,0,1,0,0,0,5.09314E+20,5.97781E+21,9.14192E+15,5.39485E+16
5122,1.17072E+18,1,0,60,88,2017,7,19,7,3,7,7,0,0,0,1,0,0,0,5.7544E+20,5.97174E+21,1.01478E+16,5.38886E+16
5123,1.17091E+18,1,0,58,50,2017,9,19,3,3,3,1,0,1,0,0,0,0,1,5.60222E+20,6.01921E+21,9.92579E+15,5.43172E+16
5124,1.17072E+18,1,0,56,49,2017,7,18,7,3,6,3,0,1,1,0,0,0,0,5.44164E+20,5.94825E+21,9.66866E+15,5.36811E+16
5125,1.17092E+18,1,0,62,27,2017,9,9,4,3,2,2,0,1,0,0,0,0,1,5.88546E+20,5.95288E+21,1.03418E+16,5.37171E+16
5126,1.17072E+18,1,0,56,36,2017,7,13,7,3,5,2,0,1,0,1,0,0,0,5.44563E+20,5.9473E+21,9.67456E+15,5.36726E+16
5127,1.17092E+18,1,0,62,61,2017,9,8,4,3,2,6,0,1,0,0,0,0,1,5.97112E+20,5.96467E+21,1.04752E+16,5.38215E+16
5128,1.17072E+18,1,0,56,15,2017,7,17,7,3,2,1,0,1,0,0,0,0,0,5.46603E+20,5.95534E+21,9.70664E+15,5.37446E+16
5129,1.17073E+18,1,0,59,186,2017,7,15,6,2,8,1,0,0,0,0,1,0,0,5.45991E+20,6.06932E+21,9.71488E+15,5.4769E+16
5130,1.17091E+18,1,0,2,0,2017,9,13,3,2,3,1,0,1,0,0,1,0,1,5.72028E+20,6.01917E+21,1.01072E+16,5.43153E+16
5131,1.17072E+18,1,0,53,83,2017,7,13,7,3,8,1,1,1,0,0,0,0,0,6.04803E+20,5.91521E+21,1.05754E+16,5.33756E+16
5132,1.17091E+18,1,0,61,46,2017,9,16,2,3,6,6,1,0,1,0,0,0,0,5.33713E+20,5.97592E+21,9.51346E+15,5.39306E+16
5133,1.17091E+18,1,0,60,63,2017,9,7,2,3,4,2,0,1,0,0,0,0,0,5.68058E+20,5.94918E+21,1.00306E+16,5.36869E+16
5134,1.17081E+18,1,0,2,0,2017,8,12,1,3,2,6,0,1,0,0,0,0,0,5.74278E+20,6.01771E+21,1.01415E+16,5.43019E+16
5135,1.17091E+18,1,0,56,15,2017,9,18,2,3,3,6,0,1,0,0,0,0,0,5.43597E+20,5.9558E+21,9.66113E+15,5.3749E+16
5136,1.17081E+18,1,0,60,69,2017,8,15,1,2,8,1,0,0,0,1,0,0,0,5.89421E+20,5.98042E+21,1.03631E+16,5.39644E+16
5137,1.17081E+18,1,0,1,0,2017,8,21,2,3,5,3,0,1,0,0,0,1,0,5.27997E+20,6.06936E+21,9.4352E+15,5.47707E+16
5138,1.17081E+18,1,0,56,43,2017,8,21,2,2,5,3,1,1,0,0,0,2,0,5.54817E+20,5.94525E+21,9.8294E+15,5.36531E+16
5139,1.17073E+18,1,0,2,0,2017,7,0,1,2,8,7,1,0,0,0,0,2,0,5.73383E+20,6.0192E+21,1.01281E+16,5.43154E+16
5140,1.17081E+18,1,0,60,88,2017,8,12,2,2,8,1,0,0,0,1,0,0,0,5.76619E+20,5.97183E+21,1.01658E+16,5.38893E+16
5141,1.17073E+18,1,0,51,69,2017,7,10,1,3,5,2,0,1,0,0,0,0,1,5.03943E+20,6.00282E+21,9.06041E+15,5.41734E+16
5142,1.17081E+18,1,0,60,5,2017,8,10,2,3,2,6,0,1,0,0,0,0,0,5.85035E+20,5.97727E+21,1.02953E+16,5.39369E+16
5143,1.17081E+18,1,0,62,60,2017,8,17,2,3,2,6,0,1,0,0,0,0,0,5.81115E+20,5.93006E+21,1.02233E+16,5.35132E+16
5144,1.17073E+18,1,0,54,168,2017,7,19,2,2,0,7,1,0,0,0,0,0,0,4.54844E+20,6.08039E+21,8.29638E+15,5.48685E+16
5145,1.17081E+18,1,0,62,4,2017,8,18,2,1,3,2,0,1,0,1,0,0,0,5.88607E+20,5.96539E+21,1.03463E+16,5.38295E+16
5146,1.17073E+18,1,0,62,1,2017,7,14,2,3,2,6,0,1,0,0,0,0,0,5.82083E+20,5.94805E+21,1.02426E+16,5.36747E+16
5147,1.17081E+18,1,0,3,0,2017,8,7,2,3,5,3,1,1,0,0,0,0,0,6.09928E+20,5.97026E+21,1.06719E+16,5.38692E+16
5148,1.17073E+18,1,0,59,20,2017,7,17,3,3,4,6,0,1,0,0,0,0,1,5.23121E+20,6.0325E+21,9.3565E+15,5.44397E+16
5149,1.1708E+18,1,0,56,43,2017,8,19,3,3,2,6,0,1,0,0,0,0,1,5.57476E+20,5.94261E+21,9.86913E+15,5.36291E+16
5150,1.17081E+18,1,0,55,35,2017,8,17,2,3,5,3,0,1,0,0,0,0,0,6.1255E+20,5.98425E+21,1.07169E+16,5.39943E+16
5151,1.17073E+18,1,0,60,81,2017,7,8,3,2,2,6,0,1,0,0,1,0,1,5.98554E+20,5.97554E+21,1.05006E+16,5.39188E+16
5152,1.17081E+18,1,0,55,46,2017,8,15,2,3,5,2,1,1,0,0,0,0,0,6.42148E+20,6.03482E+21,1.1192E+16,5.44411E+16
5153,1.17073E+18,1,0,60,63,2017,7,14,3,3,2,6,0,1,0,0,0,0,1,5.6245E+20,5.94946E+21,9.94571E+15,5.36901E+16
5154,1.17081E+18,1,0,55,14,2017,8,20,2,3,5,3,0,1,0,1,0,1,0,6.26127E+20,6.01723E+21,1.09376E+16,5.42874E+16
5155,1.17081E+18,1,0,3,0,2017,8,15,2,3,5,3,1,1,0,0,0,0,0,6.09346E+20,5.97025E+21,1.0663E+16,5.38692E+16
5156,1.17072E+18,1,0,51,24,2017,7,17,2,3,0,1,1,0,0,0,0,0,0,5.09035E+20,5.97749E+21,9.13766E+15,5.39457E+16
5157,1.17081E+18,1,0,58,58,2017,8,18,2,3,8,1,0,0,0,1,0,0,0,5.64087E+20,6.03006E+21,9.98753E+15,5.44142E+16
5158,1.17093E+18,1,0,55,4,2017,9,10,5,3,5,3,0,1,0,0,0,0,1,6.10116E+20,5.97442E+21,1.06762E+16,5.39065E+16
5159,1.17081E+18,1,0,4,0,2017,8,9,2,3,5,3,1,1,0,0,0,0,0,5.6592E+20,5.99089E+21,1.00072E+16,5.4062E+16
5160,1.17083E+18,1,0,3,0,2017,8,18,2,3,3,2,0,1,0,1,0,0,0,6.0848E+20,5.9704E+21,1.06499E+16,5.38707E+16
5161,1.1708E+18,1,0,55,27,2017,8,11,5,3,2,6,0,1,0,0,1,0,1,6.24159E+20,6.00927E+21,1.09041E+16,5.42164E+16
5162,1.1708E+18,1,0,55,6,2017,8,20,6,3,2,6,0,1,0,0,0,0,0,6.23749E+20,6.00671E+21,1.08968E+16,5.41935E+16
5163,1.17081E+18,1,0,58,43,2017,8,9,2,3,5,2,1,0,0,0,1,0,0,5.55226E+20,6.03422E+21,9.85179E+15,5.44526E+16
5164,1.17091E+18,1,0,60,47,2017,9,18,2,3,2,6,0,1,0,1,0,0,0,5.6869E+20,5.96351E+21,1.00433E+16,5.38156E+16
5165,1.17072E+18,1,0,3,0,2017,7,23,7,3,6,4,0,1,1,0,0,2,0,6.09744E+20,5.97042E+21,1.06691E+16,5.38706E+16
5166,1.17083E+18,1,0,55,32,2017,8,14,2,3,2,6,0,1,0,1,0,0,0,6.1736E+20,5.99616E+21,1.07948E+16,5.41002E+16
5167,1.17073E+18,1,0,54,76,2017,7,16,5,3,1,5,0,1,0,0,0,0,0,4.98074E+20,6.06955E+21,8.97007E+15,5.47731E+16
5168,1.17092E+18,1,0,58,52,2017,9,15,6,2,5,3,1,1,0,0,0,0,0,5.48017E+20,6.03846E+21,9.74129E+15,5.44915E+16
5169,1.17081E+18,1,0,4,0,2017,8,11,2,2,6,3,0,0,1,0,1,0,0,5.61578E+20,5.99161E+21,9.94097E+15,5.4069E+16
5170,1.17091E+18,1,0,53,100,2017,9,21,2,2,8,7,1,0,0,0,0,2,0,6.16851E+20,5.95151E+21,1.077E+16,5.36992E+16
5171,1.17083E+18,1,0,3,0,2017,8,16,2,3,3,6,0,1,0,0,1,0,0,6.08887E+20,5.96988E+21,1.06559E+16,5.38659E+16
5172,1.17083E+18,1,0,3,0,2017,8,9,2,3,0,2,1,1,0,0,0,0,0,6.12547E+20,5.96971E+21,1.07115E+16,5.38637E+16
5173,1.17073E+18,1,0,62,82,2017,7,10,5,3,2,6,0,1,0,0,0,0,0,5.92574E+20,5.94165E+21,1.03995E+16,5.36155E+16
5174,1.17092E+18,1,0,62,60,2017,9,15,6,2,5,3,0,1,0,0,0,0,0,5.82446E+20,5.93426E+21,1.02444E+16,5.35507E+16
5175,1.17081E+18,1,0,2,0,2017,8,17,2,3,4,6,1,0,0,0,0,0,0,5.73701E+20,6.02165E+21,1.01336E+16,5.43374E+16
5176,1.17091E+18,1,0,53,93,2017,9,8,2,3,5,3,0,1,0,0,1,0,1,6.23199E+20,5.95102E+21,1.08659E+16,5.36933E+16
5177,1.17083E+18,1,0,3,0,2017,8,7,2,2,2,6,0,1,0,0,0,0,0,6.09009E+20,5.97155E+21,1.06583E+16,5.38809E+16
5178,1.17083E+18,1,0,4,0,2017,8,10,2,3,1,5,1,1,0,0,0,0,0,5.64161E+20,5.992E+21,9.98053E+15,5.40722E+16
5179,1.17092E+18,1,0,54,152,2017,9,20,7,3,8,1,0,1,0,0,0,2,0,5.15519E+20,6.03922E+21,9.23964E+15,5.45004E+16
5180,1.17081E+18,1,0,57,48,2017,8,19,2,3,0,7,1,0,0,0,0,0,0,6.033E+20,6.01757E+21,1.05872E+16,5.42956E+16
5181,1.17091E+18,1,0,3,0,2017,9,16,2,3,2,6,0,1,0,1,0,0,1,6.09668E+20,5.97113E+21,1.06682E+16,5.38771E+16
5182,1.17081E+18,1,0,2,0,2017,8,18,2,3,5,3,1,1,0,0,0,0,0,5.7525E+20,6.01893E+21,1.01567E+16,5.43127E+16
5183,1.17083E+18,1,0,58,135,2017,8,16,2,3,2,2,0,1,0,0,0,0,0,5.41479E+20,6.0181E+21,9.63753E+15,5.43091E+16
5184,1.17083E+18,1,0,4,0,2017,8,14,2,3,6,2,0,1,1,0,0,0,0,5.65399E+20,5.99179E+21,9.9994E+15,5.40701E+16
5185,1.17081E+18,1,0,2,0,2017,8,16,2,3,2,6,0,1,0,0,1,0,0,5.76002E+20,6.01924E+21,1.01683E+16,5.43154E+16
5186,1.17091E+18,1,0,3,0,2017,9,7,2,3,5,2,1,1,0,0,0,0,1,6.11354E+20,5.97101E+21,1.06938E+16,5.38756E+16
5187,1.17081E+18,1,0,57,8,2017,8,18,2,3,8,2,0,1,0,0,1,0,0,5.7208E+20,5.99113E+21,1.01013E+16,5.40634E+16
5188,1.17083E+18,1,0,2,0,2017,8,7,2,3,8,7,0,1,0,0,0,0,0,5.76218E+20,6.01709E+21,1.01711E+16,5.4296E+16
5189,1.17081E+18,1,0,59,144,2017,8,19,2,3,5,3,0,1,0,0,0,0,0,5.14688E+20,6.06752E+21,9.22822E+15,5.47547E+16
5190,1.17091E+18,1,0,3,0,2017,9,13,2,3,0,7,0,0,0,1,0,0,0,6.1848E+20,5.97475E+21,1.08036E+16,5.39076E+16
5191,1.17083E+18,1,0,2,0,2017,8,8,2,3,5,3,0,1,0,0,0,0,0,5.7399E+20,6.02361E+21,1.01385E+16,5.43549E+16
5192,1.17081E+18,1,0,59,187,2017,8,17,2,3,0,1,1,0,0,0,0,0,0,5.52979E+20,6.04878E+21,9.81975E+15,5.45838E+16
5193,1.17072E+18,1,0,3,0,2017,7,14,7,3,6,4,0,1,1,0,0,0,0,6.16026E+20,5.97489E+21,1.07663E+16,5.39094E+16
5194,1.17091E+18,1,0,55,39,2017,9,16,2,2,9,1,0,0,0,1,0,0,0,6.16419E+20,5.99503E+21,1.078E+16,5.40902E+16
5195,1.17081E+18,1,0,54,113,2017,8,15,2,3,5,3,1,1,0,0,0,0,0,4.77597E+20,6.01721E+21,8.65573E+15,5.43023E+16
5196,1.17072E+18,1,0,3,0,2017,7,13,7,3,4,6,0,1,0,0,0,0,0,6.09549E+20,5.97105E+21,1.06664E+16,5.38764E+16
5197,1.17091E+18,1,0,3,0,2017,9,9,2,3,5,3,1,1,0,0,0,0,0,6.08811E+20,5.97059E+21,1.0655E+16,5.38724E+16
5198,1.17072E+18,1,0,4,0,2017,7,17,7,3,2,6,0,1,0,1,0,0,0,5.62379E+20,5.99739E+21,9.95441E+15,5.41208E+16
5199,1.17072E+18,1,0,51,72,2017,7,16,2,2,5,3,1,1,0,0,0,0,0,5.01252E+20,5.97837E+21,9.01907E+15,5.39537E+16
5200,1.17081E+18,1,0,1,0,2017,8,18,2,3,3,6,0,1,0,1,0,0,0,5.28211E+20,6.07084E+21,9.43866E+15,5.4784E+16
5201,1.17081E+18,1,0,60,24,2017,8,18,2,3,9,1,0,0,0,1,0,0,0,5.95599E+20,5.97594E+21,1.04558E+16,5.3923E+16
5202,1.17092E+18,1,0,3,0,2017,9,9,4,3,0,1,0,0,0,1,0,0,1,6.09618E+20,5.9711E+21,1.06674E+16,5.38767E+16
5203,1.17083E+18,1,0,59,161,2017,8,17,2,2,8,6,0,1,0,0,0,0,0,5.40572E+20,6.06369E+21,9.62986E+15,5.47188E+16
5204,1.17072E+18,1,0,61,49,2017,7,17,2,3,2,1,0,1,0,1,0,0,1,5.47827E+20,5.97785E+21,9.7287E+15,5.39469E+16
5205,1.17081E+18,1,0,58,65,2017,8,11,2,3,2,6,0,1,0,0,0,0,0,5.56837E+20,6.00684E+21,9.87142E+15,5.42064E+16
5206,1.17092E+18,1,0,3,0,2017,9,12,4,3,5,3,1,1,0,0,0,0,0,6.11243E+20,5.96907E+21,1.06914E+16,5.38582E+16
5207,1.17083E+18,1,0,59,63,2017,8,13,2,2,4,6,0,1,0,1,1,0,0,5.47377E+20,6.05542E+21,9.73415E+15,5.4644E+16
5208,1.17081E+18,1,0,62,71,2017,8,13,2,3,2,6,0,1,0,0,1,0,0,5.81432E+20,5.9405E+21,1.02308E+16,5.36069E+16
5209,1.17072E+18,1,0,58,70,2017,7,23,7,3,8,1,0,1,0,0,0,2,0,5.3391E+20,6.00789E+21,9.52004E+15,5.42179E+16
5210,1.17081E+18,1,0,61,23,2017,8,7,1,3,9,1,0,1,0,0,0,0,1,5.22883E+20,5.97198E+21,9.34823E+15,5.38958E+16
5211,1.17072E+18,1,0,4,0,2017,7,15,7,2,5,2,1,1,0,0,0,0,0,5.65216E+20,5.99127E+21,9.99649E+15,5.40655E+16
5212,1.17072E+18,1,0,4,0,2017,7,20,7,3,6,7,0,1,1,0,0,0,0,5.63336E+20,5.99014E+21,9.96753E+15,5.40556E+16
5213,1.17072E+18,1,0,58,43,2017,7,15,7,3,5,3,1,1,0,0,0,0,0,5.54181E+20,6.03558E+21,9.83592E+15,5.4465E+16
5214,1.17092E+18,1,0,58,86,2017,9,17,6,3,5,3,0,1,0,0,0,0,0,5.43533E+20,6.01198E+21,9.66821E+15,5.42539E+16
5215,1.17072E+18,1,0,2,0,2017,7,14,7,3,1,5,1,1,0,0,0,0,0,5.71904E+20,6.01715E+21,1.01048E+16,5.42972E+16
5216,1.17083E+18,1,0,1,0,2017,8,16,2,3,5,2,0,1,0,0,0,0,0,5.26223E+20,6.07236E+21,9.40788E+15,5.47977E+16
5217,1.17092E+18,1,0,62,82,2017,9,12,6,3,3,6,0,1,0,0,1,0,0,5.91477E+20,5.94031E+21,1.03825E+16,5.36036E+16
5218,1.17081E+18,1,0,60,5,2017,8,4,1,3,5,3,0,1,0,0,0,2,0,5.84716E+20,5.97702E+21,1.02904E+16,5.39346E+16
5219,1.17091E+18,1,0,58,147,2017,9,11,2,3,2,6,0,1,0,0,0,0,0,5.57336E+20,6.00051E+21,9.87785E+15,5.41495E+16
5220,1.17072E+18,1,0,2,0,2017,7,12,7,3,5,3,0,1,0,0,0,0,0,5.70106E+20,6.01961E+21,1.00778E+16,5.43195E+16
5221,1.17083E+18,1,0,51,13,2017,8,13,1,3,9,1,0,0,0,1,0,0,0,4.91949E+20,5.9998E+21,8.87674E+15,5.41462E+16
5222,1.17092E+18,1,0,59,53,2017,9,17,7,1,5,2,0,1,0,1,0,0,0,5.3552E+20,6.02545E+21,9.54681E+15,5.43756E+16
5223,1.17081E+18,1,0,60,63,2017,8,8,1,3,3,2,0,1,0,0,0,0,0,5.66127E+20,5.94867E+21,1.00012E+16,5.36825E+16
5224,1.17083E+18,1,0,61,37,2017,8,17,1,2,3,2,0,0,0,1,1,0,0,5.30997E+20,5.95772E+21,9.47026E+15,5.37672E+16
5225,1.17083E+18,1,0,61,101,2017,8,13,1,3,5,3,0,1,0,1,0,0,0,5.35227E+20,5.96206E+21,9.53492E+15,5.38059E+16
5226,1.17092E+18,1,0,55,4,2017,9,17,7,3,5,3,1,1,0,0,0,0,0,6.11307E+20,5.9758E+21,1.06948E+16,5.39186E+16
5227,1.17081E+18,1,0,53,85,2017,8,18,1,2,4,6,0,1,0,1,0,0,0,5.97415E+20,5.94617E+21,1.0474E+16,5.36552E+16
5228,1.17083E+18,1,0,51,32,2017,8,3,1,2,8,1,0,0,0,1,0,2,0,5.11931E+20,5.98438E+21,9.18206E+15,5.40076E+16
5229,1.17083E+18,1,0,61,42,2017,8,10,1,1,5,2,0,0,0,1,1,0,0,5.41401E+20,5.98176E+21,9.63134E+15,5.39825E+16
5230,1.17092E+18,1,0,1,0,2017,9,19,1,3,2,6,0,1,0,0,0,2,0,5.26402E+20,6.07246E+21,9.41068E+15,5.47987E+16
5231,1.17081E+18,1,0,53,20,2017,8,10,1,3,0,7,0,0,0,1,0,0,0,6.06694E+20,5.92653E+21,1.06077E+16,5.34769E+16
5232,1.17091E+18,1,0,58,58,2017,9,9,2,3,9,1,0,1,0,0,0,0,1,5.65459E+20,6.02828E+21,1.00083E+16,5.4398E+16
5233,1.17081E+18,1,0,62,92,2017,8,19,1,3,9,1,0,1,0,0,0,0,0,5.86845E+20,5.96424E+21,1.03192E+16,5.38194E+16
5234,1.17091E+18,1,0,58,8,2017,9,13,2,3,5,3,1,1,0,0,0,0,0,5.46081E+20,6.0317E+21,9.71035E+15,5.44309E+16
5235,1.17083E+18,1,0,60,63,2017,8,12,1,3,5,3,0,1,0,0,0,0,0,5.68058E+20,5.94918E+21,1.00306E+16,5.36869E+16
5236,1.17083E+18,1,0,61,44,2017,8,19,1,3,0,3,0,1,0,1,0,0,0,5.40717E+20,5.96267E+21,9.61837E+15,5.3811E+16
5237,1.17081E+18,1,0,62,4,2017,8,12,1,2,2,6,0,0,0,1,0,0,0,5.93721E+20,5.96048E+21,1.04225E+16,5.37845E+16
5238,1.17091E+18,1,0,2,0,2017,9,8,2,3,1,1,1,1,0,0,0,0,1,5.73231E+20,6.01798E+21,1.01254E+16,5.43045E+16
5239,1.17091E+18,1,0,2,0,2017,9,8,2,3,2,6,0,1,0,0,0,0,1,5.72306E+20,6.02031E+21,1.01118E+16,5.43256E+16
5240,1.17083E+18,1,0,56,17,2017,8,19,1,3,3,2,1,1,0,0,0,0,0,5.46397E+20,5.963E+21,9.70467E+15,5.38135E+16
5241,1.17081E+18,1,0,55,17,2017,8,13,1,3,5,2,1,1,0,0,0,0,0,6.35403E+20,6.02666E+21,1.10843E+16,5.43697E+16
5242,1.17091E+18,1,0,2,0,2017,9,5,2,3,5,2,1,1,0,0,0,2,0,5.7347E+20,6.02422E+21,1.01306E+16,5.43605E+16
5243,1.17091E+18,1,0,57,57,2017,9,16,2,3,2,6,0,1,0,0,0,0,0,5.93346E+20,6.00275E+21,1.04297E+16,5.41643E+16
5244,1.17083E+18,1,0,56,15,2017,8,1,1,3,3,6,0,1,0,0,0,2,0,5.43592E+20,5.95581E+21,9.66107E+15,5.37491E+16
5245,1.17091E+18,1,0,2,0,2017,9,14,2,3,5,3,1,1,0,0,0,0,0,5.7376E+20,6.01925E+21,1.01339E+16,5.43158E+16
5246,1.17083E+18,1,0,53,2,2017,8,15,1,3,2,6,0,1,0,0,0,0,0,6.10176E+20,5.94275E+21,1.06658E+16,5.36219E+16
5247,1.17072E+18,1,0,1,0,2017,7,15,7,3,0,7,1,0,0,0,0,0,0,5.2655E+20,6.07249E+21,9.41299E+15,5.47989E+16
5248,1.17091E+18,1,0,59,182,2017,9,10,2,3,7,1,0,1,0,0,0,0,0,5.30146E+20,6.0667E+21,9.46832E+15,5.47467E+16
5249,1.17072E+18,1,0,54,126,2017,7,13,7,3,2,6,0,1,0,0,0,0,0,4.95683E+20,6.06572E+21,8.93295E+15,5.47387E+16
5250,1.17072E+18,1,0,59,90,2017,7,11,7,3,5,3,0,1,0,0,0,0,0,5.41977E+20,6.04774E+21,9.64937E+15,5.45754E+16
5251,1.17072E+18,1,0,59,187,2017,7,12,7,3,0,1,1,0,0,0,0,0,0,5.52914E+20,6.04891E+21,9.81877E+15,5.45849E+16
5252,1.17072E+18,1,0,54,113,2017,7,8,7,3,5,3,0,1,0,1,0,0,0,4.74708E+20,6.01949E+21,8.61114E+15,5.43226E+16
5253,1.17071E+18,1,0,51,84,2017,7,15,6,3,2,5,0,1,0,0,0,0,0,4.9307E+20,6.00123E+21,8.89388E+15,5.41591E+16
5254,1.17071E+18,1,0,61,79,2017,7,16,6,3,8,1,0,0,0,1,0,0,0,5.36998E+20,5.97416E+21,9.56328E+15,5.39145E+16
5255,1.17091E+18,1,0,54,168,2017,9,18,2,3,8,1,0,1,0,0,0,0,1,4.56744E+20,6.0868E+21,8.32503E+15,5.49263E+16
5256,1.17071E+18,1,0,51,72,2017,7,12,6,3,5,2,1,0,0,0,0,0,0,5.00775E+20,5.97815E+21,9.0118E+15,5.39517E+16
5257,1.17071E+18,1,0,56,27,2017,7,11,6,3,8,6,1,1,0,0,0,0,0,5.42401E+20,5.94022E+21,9.64087E+15,5.3609E+16
5258,1.17091E+18,1,0,54,89,2017,9,12,2,3,0,1,1,0,0,0,0,0,0,4.56978E+20,6.05934E+21,8.33275E+15,5.46795E+16
5259,1.17083E+18,1,0,62,9,2017,8,14,1,3,5,3,0,1,0,0,1,0,0,5.80878E+20,5.93608E+21,1.02212E+16,5.35674E+16
5260,1.17092E+18,1,0,3,0,2017,9,14,4,3,0,3,1,1,0,0,0,0,0,6.10104E+20,5.96995E+21,1.06744E+16,5.38663E+16
5261,1.17071E+18,1,0,60,97,2017,7,6,6,2,8,1,0,0,0,0,1,0,0,5.92427E+20,5.98246E+21,1.04095E+16,5.39822E+16
5262,1.17091E+18,1,0,1,0,2017,9,7,2,3,2,6,0,1,0,1,0,0,1,5.25383E+20,6.06974E+21,9.39459E+15,5.47743E+16
5263,1.17091E+18,1,0,1,0,2017,9,13,2,3,5,3,0,1,0,0,0,0,0,5.27152E+20,6.07356E+21,9.42245E+15,5.48084E+16
5264,1.17071E+18,1,0,60,81,2017,7,18,6,2,1,5,0,1,0,0,0,0,0,5.97965E+20,5.97573E+21,1.04917E+16,5.39207E+16
5265,1.17091E+18,1,0,58,50,2017,9,20,2,3,2,7,0,1,0,0,0,2,0,5.60523E+20,6.01931E+21,9.93044E+15,5.43181E+16
5266,1.17091E+18,1,0,56,39,2017,9,12,2,3,2,6,0,1,0,0,0,0,0,5.52667E+20,5.94808E+21,9.79735E+15,5.36788E+16
5267,1.17081E+18,1,0,3,0,2017,8,18,7,3,5,3,0,1,0,0,0,0,0,6.09395E+20,5.9715E+21,1.06642E+16,5.38804E+16
5268,1.17081E+18,1,0,58,24,2017,8,11,1,3,3,7,0,1,0,1,0,0,1,5.45527E+20,6.02234E+21,9.70038E+15,5.43468E+16
5269,1.17091E+18,1,0,51,27,2017,9,11,1,2,9,1,0,0,0,1,0,0,0,5.02877E+20,5.99049E+21,9.04396E+15,5.40627E+16
5270,1.17081E+18,1,0,55,32,2017,8,12,1,3,5,2,1,1,0,0,0,0,1,6.17342E+20,5.99615E+21,1.07945E+16,5.41001E+16
5271,1.17073E+18,1,0,55,44,2017,7,11,7,3,5,2,0,1,0,0,0,0,1,6.11632E+20,5.98909E+21,1.07046E+16,5.4038E+16
5272,1.17081E+18,1,0,3,0,2017,8,12,2,3,2,6,0,1,0,0,1,0,0,6.14279E+20,5.97558E+21,1.074E+16,5.3916E+16
5273,1.17081E+18,1,0,55,15,2017,8,9,1,3,0,1,1,1,0,0,0,0,0,6.26876E+20,6.02241E+21,1.09513E+16,5.43338E+16
5274,1.17073E+18,1,0,60,94,2017,7,19,1,3,0,7,1,0,0,0,0,0,0,5.72034E+20,5.96158E+21,1.00937E+16,5.37978E+16
5275,1.17081E+18,1,0,2,0,2017,8,23,2,3,5,3,0,1,0,0,0,2,0,5.71455E+20,6.02064E+21,1.00988E+16,5.43286E+16
5276,1.17081E+18,1,0,55,37,2017,8,15,1,3,0,1,1,0,0,0,0,0,0,6.24675E+20,5.99996E+21,1.09082E+16,5.41326E+16
5277,1.17073E+18,1,0,55,44,2017,7,11,1,3,2,6,0,1,0,0,0,0,0,6.14682E+20,5.98745E+21,1.07506E+16,5.40226E+16
5278,1.17081E+18,1,0,55,40,2017,8,18,1,3,0,7,1,0,0,0,0,0,0,6.05903E+20,5.97881E+21,1.06136E+16,5.39468E+16
5279,1.17081E+18,1,0,58,104,2017,8,18,1,3,5,3,0,1,0,0,0,0,0,5.67339E+20,6.01778E+21,1.00349E+16,5.43035E+16
5280,1.17073E+18,1,0,1,0,2017,7,11,2,3,5,3,1,1,0,0,0,0,0,5.27998E+20,6.06947E+21,9.43521E+15,5.47717E+16
5281,1.17081E+18,1,0,54,91,2017,8,17,1,2,0,6,0,1,0,1,0,0,0,4.94583E+20,6.03673E+21,8.9164E+15,5.44782E+16
5282,1.17073E+18,1,0,58,51,2017,7,15,2,3,9,1,1,0,0,0,0,0,0,5.67813E+20,6.02961E+21,1.00448E+16,5.44097E+16
5283,1.17081E+18,1,0,59,171,2017,8,15,1,3,5,3,0,1,0,0,0,0,0,5.25842E+20,6.05749E+21,9.40064E+15,5.46641E+16
5284,1.17081E+18,1,0,59,79,2017,8,14,1,3,9,7,1,0,0,0,0,0,0,5.23903E+20,6.04126E+21,9.36927E+15,5.45184E+16
5285,1.17072E+18,1,0,60,39,2017,7,12,2,3,2,6,0,1,0,0,1,0,0,5.64771E+20,5.96188E+21,9.98346E+15,5.38015E+16
5286,1.17081E+18,1,0,58,146,2017,8,12,1,3,2,6,0,1,0,0,0,0,0,5.49135E+20,6.01772E+21,9.75513E+15,5.4305E+16
5287,1.17072E+18,1,0,60,26,2017,7,13,2,3,5,3,0,1,0,0,1,0,0,5.7758E+20,5.98988E+21,1.0185E+16,5.40513E+16
5288,1.17081E+18,1,0,62,11,2017,8,11,1,3,2,6,0,1,0,0,0,0,1,5.81572E+20,5.94141E+21,1.02331E+16,5.36152E+16
5289,1.17093E+18,1,0,1,0,2017,9,6,5,2,5,3,0,1,0,1,0,2,1,5.26349E+20,6.07086E+21,9.40971E+15,5.47842E+16
5290,1.17081E+18,1,0,55,33,2017,8,11,1,2,9,1,0,1,0,0,0,0,0,6.21803E+20,6.01798E+21,1.08715E+16,5.42952E+16
5291,1.17093E+18,1,0,58,92,2017,9,18,5,3,5,3,1,1,0,0,0,2,0,5.71587E+20,6.02211E+21,1.01012E+16,5.43418E+16
5292,1.17093E+18,1,0,56,48,2017,9,7,6,3,9,1,0,1,0,0,0,0,1,5.49896E+20,5.95224E+21,9.75607E+15,5.37165E+16
5293,1.17083E+18,1,0,53,32,2017,8,14,1,3,0,7,1,0,0,0,0,0,0,5.95476E+20,5.91966E+21,1.04366E+16,5.34174E+16
5294,1.1708E+18,1,0,51,17,2017,8,16,4,2,5,3,0,1,0,1,0,0,0,5.02678E+20,5.98745E+21,9.04089E+15,5.40353E+16
5295,1.17083E+18,1,0,55,37,2017,8,15,1,3,4,2,0,1,0,0,1,0,0,6.23252E+20,6.00327E+21,1.08878E+16,5.41627E+16