OBJECTID,UIDENTSTLA,ULAND,UREGBEZ,UKREIS,UGEMEINDE,UJAHR,UMONAT,USTUNDE,UWOCHENTAG,UKATEGORIE,UART,UTYP1,IstRad,IstPKW,IstFuss,IstKrad,IstSonstig,LICHT,STRZUSTAND,LINREFX,LINREFY,XGCSWGS84,YGCSWGS84
5472,1.17092E+18,1,0,60,5,2017,9,18,6,3,5,3,1,1,0,0,0,0,0,5.84965E+20,5.97723E+21,1.02943E+16,5.39365E+16
5473,1.17081E+18,1,0,2,0,2017,8,14,6,3,3,6,0,1,0,0,1,0,0,5.71489E+20,6.02062E+21,1.00993E+16,5.43285E+16
5474,1.17091E+18,1,0,56,39,2017,9,12,7,3,3,6,0,1,0,0,0,0,1,5.52812E+20,5.94784E+21,9.79951E+15,5.36767E+16
5475,1.17081E+18,1,0,57,85,2017,8,10,6,3,5,3,0,1,0,0,0,0,1,5.7841E+20,5.99673E+21,1.01995E+16,5.41127E+16
5476,1.17091E+18,1,0,62,11,2017,9,14,7,3,2,6,0,1,0,0,0,0,0,5.82036E+20,5.94235E+21,1.02404E+16,5.36235E+16
5477,1.17083E+18,1,0,2,0,2017,8,20,1,3,5,2,0,1,0,0,1,2,0,5.73723E+20,6.01952E+21,1.01334E+16,5.43182E+16
5478,1.17083E+18,1,0,2,0,2017,8,18,7,3,5,2,0,1,0,1,0,0,0,5.73206E+20,6.01816E+21,1.01251E+16,5.43061E+16
5479,1.17081E+18,1,0,61,46,2017,8,3,6,2,2,6,0,1,0,0,1,2,0,5.31607E+20,5.97612E+21,9.4814E+15,5.39325E+16
5480,1.17091E+18,1,0,61,92,2017,9,19,7,2,8,7,0,1,0,0,0,0,0,5.38195E+20,5.96743E+21,9.58066E+15,5.3854E+16
5481,1.17081E+18,1,0,56,15,2017,8,20,6,3,3,1,0,1,0,0,0,0,1,5.46957E+20,5.95551E+21,9.71204E+15,5.37461E+16
5482,1.17071E+18,1,0,54,19,2017,7,13,6,3,2,6,0,1,0,0,1,0,0,4.98584E+20,6.05144E+21,8.97808E+15,5.46104E+16
5483,1.17083E+18,1,0,2,0,2017,8,0,7,2,5,2,0,1,0,0,0,2,0,5.72441E+20,6.02097E+21,1.0114E+16,5.43314E+16
5484,1.17081E+18,1,0,56,30,2017,8,8,6,3,9,1,0,1,0,0,0,0,0,5.44504E+20,5.96224E+21,9.67581E+15,5.38068E+16
5485,1.17091E+18,1,0,62,78,2017,9,20,7,3,2,7,0,1,0,0,1,2,0,5.87125E+20,5.94973E+21,1.03194E+16,5.3689E+16
5486,1.17081E+18,1,0,58,144,2017,8,20,6,3,2,7,0,1,0,0,1,0,0,5.62965E+20,6.00149E+21,9.96424E+15,5.41576E+16
5487,1.17091E+18,1,0,2,0,2017,9,10,7,3,3,1,0,1,0,0,0,0,1,5.71772E+20,6.01917E+21,1.01033E+16,5.43153E+16
5488,1.17083E+18,1,0,57,91,2017,8,20,7,2,5,2,0,1,0,0,0,0,0,5.78709E+20,6.01708E+21,1.02094E+16,5.42955E+16
5489,1.17081E+18,1,0,58,65,2017,8,0,6,3,8,7,0,1,0,0,0,2,0,5.55797E+20,6.00819E+21,9.85573E+15,5.42187E+16
5490,1.17091E+18,1,0,51,78,2017,9,13,6,3,8,1,0,0,0,0,1,0,1,5.08637E+20,5.99341E+21,9.13204E+15,5.40888E+16
5491,1.17083E+18,1,0,1,0,2017,8,17,7,2,0,1,1,0,0,0,0,0,0,5.26915E+20,6.07233E+21,9.41865E+15,5.47975E+16
5492,1.17081E+18,1,0,51,1,2017,8,17,5,3,5,3,0,1,0,0,0,0,0,5.18527E+20,5.99997E+21,9.28365E+15,5.41475E+16
5493,1.17071E+18,1,0,59,179,2017,7,13,6,3,0,1,1,0,0,0,0,0,0,5.13492E+20,6.06148E+21,9.20936E+15,5.47004E+16
5494,1.17091E+18,1,0,61,66,2017,9,0,6,3,8,7,0,1,0,0,0,2,0,5.3472E+20,5.98744E+21,9.53011E+15,5.40341E+16
5495,1.17071E+18,1,0,59,183,2017,7,12,6,3,5,3,0,1,0,0,0,0,0,5.22187E+20,6.06953E+21,9.34489E+15,5.47725E+16
5496,1.17093E+18,1,0,58,137,2017,9,15,2,2,8,1,0,0,0,1,0,0,0,5.54405E+20,6.04216E+21,9.84058E+15,5.45241E+16
5497,1.17071E+18,1,0,54,56,2017,7,16,6,2,5,3,1,1,0,0,0,0,0,5.02877E+20,6.03933E+21,9.04443E+15,5.45015E+16
5498,1.17071E+18,1,0,54,88,2017,7,9,6,3,5,6,1,1,0,0,0,0,0,4.88894E+20,6.07136E+21,8.82728E+15,5.47893E+16
5499,1.17083E+18,1,0,59,45,2017,8,16,7,3,4,6,1,0,0,1,0,0,0,5.59763E+20,6.05727E+21,9.92644E+15,5.46593E+16
5500,1.17093E+18,1,0,60,44,2017,9,7,2,3,3,2,1,1,0,0,0,1,0,5.62502E+20,5.96523E+21,9.9497E+15,5.38318E+16
5501,1.17071E+18,1,0,59,45,2017,7,12,6,3,5,2,1,1,0,0,0,0,0,5.6018E+20,6.05928E+21,9.93331E+15,5.46772E+16
5502,1.17071E+18,1,0,54,168,2017,7,12,6,3,4,6,1,0,0,0,0,0,0,4.54625E+20,6.07927E+21,8.29315E+15,5.48585E+16
5503,1.17083E+18,1,0,54,131,2017,8,13,7,3,0,1,1,0,0,0,0,0,0,4.94137E+20,6.08237E+21,8.9086E+15,5.48883E+16
5504,1.17093E+18,1,0,58,117,2017,9,18,3,3,9,1,0,0,0,1,0,0,0,5.54E+20,6.00272E+21,9.82718E+15,5.41697E+16
5505,1.17071E+18,1,0,59,161,2017,7,11,6,3,5,3,0,1,0,0,0,0,0,5.42499E+20,6.06417E+21,9.65984E+15,5.4723E+16
5506,1.17091E+18,1,0,61,116,2017,9,9,6,3,8,1,0,0,0,0,1,0,1,5.48696E+20,5.97695E+21,9.74181E+15,5.39387E+16
5507,1.17071E+18,1,0,59,183,2017,7,13,6,3,2,6,0,1,0,0,0,0,0,5.21406E+20,6.07223E+21,9.33296E+15,5.47968E+16
5508,1.17071E+18,1,0,59,159,2017,7,14,6,3,9,7,0,1,0,0,0,0,0,5.28262E+20,6.05501E+21,9.43793E+15,5.46417E+16
5509,1.17091E+18,1,0,60,58,2017,9,15,6,2,4,6,0,1,0,0,0,0,1,5.74078E+20,5.95885E+21,1.0124E+16,5.3773E+16
5510,1.17083E+18,1,0,58,169,2017,8,14,7,2,2,6,0,1,0,0,0,0,0,5.60382E+20,5.99112E+21,9.92261E+15,5.40647E+16
5511,1.17071E+18,1,0,62,60,2017,7,10,6,3,8,1,0,1,0,0,0,0,0,5.86575E+20,5.93628E+21,1.03073E+16,5.35682E+16
5512,1.17091E+18,1,0,56,15,2017,9,19,6,3,5,3,1,1,0,0,0,1,1,5.43505E+20,5.95598E+21,9.65976E+15,5.37507E+16
5513,1.17083E+18,1,0,56,48,2017,8,8,7,2,3,6,0,1,0,0,1,0,0,5.49767E+20,5.95237E+21,9.75414E+15,5.37177E+16
5514,1.17091E+18,1,0,62,87,2017,9,10,6,3,8,1,0,1,0,0,0,0,1,6.00397E+20,5.96958E+21,1.05267E+16,5.3865E+16
5515,1.17071E+18,1,0,58,65,2017,7,11,6,3,2,6,0,1,0,0,1,0,0,5.55273E+20,6.00872E+21,9.84778E+15,5.42235E+16
5516,1.17091E+18,1,0,53,90,2017,9,11,6,3,2,6,0,1,0,0,0,0,1,6.13011E+20,5.94622E+21,1.07099E+16,5.36526E+16
5517,1.17083E+18,1,0,51,44,2017,8,21,6,3,6,2,0,1,1,0,0,1,0,5.05875E+20,6.00491E+21,9.09003E+15,5.41922E+16
5518,1.17091E+18,1,0,53,81,2017,9,13,6,3,5,2,0,1,0,0,0,0,1,6.10989E+20,5.94869E+21,1.06802E+16,5.36751E+16
5519,1.17091E+18,1,0,62,50,2017,9,13,6,3,2,6,0,1,0,0,1,0,1,5.8483E+20,5.96023E+21,1.02875E+16,5.37837E+16
5520,1.17083E+18,1,0,51,16,2017,8,17,6,3,5,3,0,1,0,1,0,0,0,5.16466E+20,5.98416E+21,9.25123E+15,5.40055E+16
5521,1.17083E+18,1,0,61,29,2017,8,16,6,3,4,6,1,0,0,0,0,0,0,5.2808E+20,5.95977E+21,9.42619E+15,5.37857E+16
5522,1.17091E+18,1,0,3,0,2017,9,15,6,3,5,3,1,1,0,0,0,0,1,6.11354E+20,5.97101E+21,1.06938E+16,5.38756E+16
5523,1.17083E+18,1,0,51,1,2017,8,11,6,3,5,2,0,1,0,0,0,0,0,5.1889E+20,5.99798E+21,9.28908E+15,5.41296E+16
5524,1.17071E+18,1,0,55,35,2017,7,22,6,3,3,6,0,1,0,0,1,2,0,6.13624E+20,5.98263E+21,1.07326E+16,5.39795E+16
5525,1.17091E+18,1,0,55,40,2017,9,14,6,3,2,6,0,1,0,0,0,0,1,6.07754E+20,5.97463E+21,1.06403E+16,5.39088E+16
5526,1.17083E+18,1,0,60,68,2017,8,12,6,3,8,1,0,1,0,0,0,0,0,5.79104E+20,5.98494E+21,1.0207E+16,5.40067E+16
5527,1.1708E+18,1,0,3,0,2017,8,11,6,3,0,6,1,1,0,0,0,0,0,6.23442E+20,5.98002E+21,1.08812E+16,5.39538E+16
5528,1.17071E+18,1,0,51,100,2017,7,16,5,3,2,1,0,1,0,1,0,0,0,5.16669E+20,6.01105E+21,9.25581E+15,5.42471E+16
5529,1.17091E+18,1,0,3,0,2017,9,13,6,3,2,6,0,0,0,1,1,0,1,6.07895E+20,5.9684E+21,1.06403E+16,5.38529E+16
5530,1.17081E+18,1,0,59,58,2017,8,22,7,3,8,1,0,1,0,0,0,2,0,5.26081E+20,6.02093E+21,9.40112E+15,5.43355E+16
5531,1.17092E+18,1,0,1,0,2017,9,16,4,3,2,6,0,1,0,0,1,0,1,5.29257E+20,6.07334E+21,9.45518E+15,5.48063E+16
5532,1.17071E+18,1,0,51,44,2017,7,16,5,3,2,6,0,1,0,0,0,0,0,5.05914E+20,6.00541E+21,9.09065E+15,5.41967E+16
5533,1.17073E+18,1,0,2,0,2017,7,15,6,3,8,6,0,1,0,0,0,0,0,5.72526E+20,6.01831E+21,1.01147E+16,5.43075E+16
5534,1.17081E+18,1,0,3,0,2017,8,18,7,3,5,3,0,1,0,1,0,0,0,6.09627E+20,5.9711E+21,1.06676E+16,5.38767E+16
5535,1.17092E+18,1,0,54,149,2017,9,11,4,3,8,1,0,1,0,0,0,0,1,4.57063E+20,6.08764E+21,8.32988E+15,5.49338E+16
5536,1.17071E+18,1,0,61,39,2017,7,18,5,2,8,6,0,1,0,1,0,0,0,5.30195E+20,5.97162E+21,9.45945E+15,5.38922E+16
5537,1.17091E+18,1,0,3,0,2017,9,15,6,3,3,6,0,1,0,0,1,0,0,6.09947E+20,5.9702E+21,1.06721E+16,5.38687E+16
5538,1.17083E+18,1,0,60,63,2017,8,13,6,2,3,2,0,0,0,1,1,0,0,5.70227E+20,5.95132E+21,1.00639E+16,5.37058E+16
5539,1.17081E+18,1,0,61,84,2017,8,4,5,1,8,1,0,0,0,0,1,2,0,5.40208E+20,5.98831E+21,9.61401E+15,5.40414E+16
5540,1.17091E+18,1,0,3,0,2017,9,16,6,3,3,6,0,1,0,0,0,0,1,6.10739E+20,5.97149E+21,1.06846E+16,5.388E+16
5541,1.17083E+18,1,0,53,100,2017,8,9,6,2,0,7,1,0,0,0,0,0,0,6.17798E+20,5.95107E+21,1.07842E+16,5.3695E+16
5542,1.17071E+18,1,0,61,119,2017,7,0,5,3,8,1,0,1,0,0,0,2,0,5.21295E+20,5.97797E+21,9.32448E+15,5.39497E+16
5543,1.17091E+18,1,0,3,0,2017,9,9,6,2,2,6,0,1,0,0,1,0,1,6.15768E+20,5.97294E+21,1.07616E+16,5.3892E+16
5544,1.17071E+18,1,0,51,97,2017,7,16,5,3,2,6,0,1,0,0,0,0,0,5.08175E+20,5.98011E+21,9.12462E+15,5.39693E+16
5545,1.17091E+18,1,0,3,0,2017,9,6,6,2,4,6,1,0,0,0,0,2,1,6.08018E+20,5.96793E+21,1.0642E+16,5.38487E+16
5546,1.17071E+18,1,0,61,116,2017,7,12,5,3,8,1,0,1,0,0,0,0,0,5.49035E+20,5.97614E+21,9.74684E+15,5.39314E+16
5547,1.17071E+18,1,0,61,29,2017,7,8,5,2,5,3,0,1,0,0,0,0,0,5.28612E+20,5.96018E+21,9.4343E+15,5.37895E+16
5548,1.17071E+18,1,0,60,20,2017,7,8,5,2,5,2,1,1,0,0,0,0,0,5.82736E+20,5.97765E+21,1.02604E+16,5.39406E+16
5549,1.17071E+18,1,0,56,5,2017,7,18,5,3,6,4,0,1,1,0,0,0,0,5.59957E+20,5.94551E+21,9.9072E+15,5.36549E+16
5550,1.17091E+18,1,0,3,0,2017,9,17,6,3,0,3,0,1,0,1,0,0,1,6.10579E+20,5.96745E+21,1.06807E+16,5.38437E+16
5551,1.17071E+18,1,0,56,39,2017,7,15,5,3,2,6,0,1,0,0,1,0,0,5.51283E+20,5.94568E+21,9.77601E+15,5.36573E+16
5552,1.17071E+18,1,0,62,53,2017,7,16,5,3,5,3,0,1,0,0,0,0,0,5.77233E+20,5.93103E+21,1.0165E+16,5.35225E+16
5553,1.17091E+18,1,0,58,92,2017,9,15,6,3,2,2,0,1,0,0,0,0,1,5.70916E+20,6.02075E+21,1.00905E+16,5.43297E+16
5554,1.17083E+18,1,0,62,4,2017,8,15,6,3,5,3,1,1,0,0,0,0,0,5.91369E+20,5.96237E+21,1.03873E+16,5.38018E+16
5555,1.17071E+18,1,0,62,11,2017,7,20,5,3,2,2,0,1,0,1,0,0,0,5.8216E+20,5.94007E+21,1.02416E+16,5.3603E+16
5556,1.17091E+18,1,0,4,0,2017,9,13,6,3,2,6,0,1,0,0,0,0,1,5.63453E+20,5.99363E+21,9.97005E+15,5.4087E+16
5557,1.17083E+18,1,0,3,0,2017,8,13,6,3,6,3,0,1,1,0,0,0,0,6.20461E+20,5.9776E+21,1.08349E+16,5.39328E+16
5558,1.17091E+18,1,0,4,0,2017,9,6,6,3,8,1,0,1,0,0,0,0,1,5.63701E+20,5.99512E+21,9.97416E+15,5.41003E+16
5559,1.17071E+18,1,0,53,81,2017,7,19,5,3,5,2,0,1,0,0,0,0,0,6.10985E+20,5.94869E+21,1.06802E+16,5.36751E+16
5560,1.17091E+18,1,0,58,36,2017,9,21,6,3,2,6,0,1,0,0,0,2,1,5.26369E+20,6.01926E+21,9.4054E+15,5.43205E+16
5561,1.17091E+18,1,0,2,0,2017,9,19,6,2,4,6,0,1,0,0,0,0,1,5.74422E+20,6.02953E+21,1.01466E+16,5.44081E+16
5562,1.17083E+18,1,0,55,46,2017,8,8,6,3,0,2,1,1,0,0,0,0,0,6.41526E+20,6.03497E+21,1.11825E+16,5.44426E+16
5563,1.17091E+18,1,0,2,0,2017,9,13,6,3,2,6,0,1,0,0,0,0,1,5.72238E+20,6.01919E+21,1.01105E+16,5.43155E+16
5564,1.17091E+18,1,0,59,75,2017,9,7,6,3,4,2,1,0,0,0,1,0,1,5.34542E+20,6.04241E+21,9.53374E+15,5.45281E+16
5565,1.17081E+18,1,0,55,28,2017,8,14,7,3,9,6,0,1,0,0,0,0,0,6.01925E+20,6.0064E+21,1.05623E+16,5.41955E+16
5566,1.17081E+18,1,0,54,2,2017,8,14,1,2,9,1,0,0,0,1,0,0,0,5.06026E+20,6.04523E+21,9.09318E+15,5.45546E+16
5567,1.17091E+18,1,0,1,0,2017,9,12,6,3,0,1,1,0,0,0,0,0,1,5.27877E+20,6.07184E+21,9.43357E+15,5.47929E+16
5568,1.17073E+18,1,0,4,0,2017,7,9,7,3,2,6,0,1,0,0,0,0,1,5.62439E+20,5.99796E+21,9.95545E+15,5.4126E+16
5569,1.17081E+18,1,0,3,0,2017,8,13,1,3,2,6,0,1,0,0,0,0,0,6.10814E+20,5.96763E+21,1.06844E+16,5.38454E+16
5570,1.17073E+18,1,0,55,46,2017,7,14,7,3,2,6,0,1,0,0,1,0,0,6.37344E+20,6.03091E+21,1.11161E+16,5.44074E+16
5571,1.17081E+18,1,0,56,43,2017,8,10,2,2,3,6,0,1,0,0,1,0,0,5.55488E+20,5.94378E+21,9.83929E+15,5.36399E+16
5572,1.17081E+18,1,0,56,20,2017,8,14,5,3,4,6,0,1,0,0,1,0,0,5.41349E+20,5.9424E+21,9.62527E+15,5.36288E+16
5573,1.17073E+18,1,0,62,71,2017,7,12,1,3,2,6,0,1,0,0,0,0,0,5.81441E+20,5.94055E+21,1.02309E+16,5.36075E+16
5574,1.17081E+18,1,0,58,135,2017,8,14,2,3,0,7,1,0,0,0,0,0,0,5.40233E+20,6.01884E+21,9.61848E+15,5.43159E+16
5575,1.17081E+18,1,0,60,58,2017,8,23,5,3,6,4,0,1,1,0,0,2,0,5.74871E+20,5.96075E+21,1.01365E+16,5.379E+16
5576,1.17073E+18,1,0,53,9,2017,7,16,1,2,3,6,0,1,0,1,0,0,0,6.09106E+20,5.95581E+21,1.06542E+16,5.37395E+16
5577,1.17081E+18,1,0,56,46,2017,8,13,5,3,5,2,0,1,0,0,0,0,0,5.48485E+20,5.95381E+21,9.73494E+15,5.37307E+16
5578,1.17081E+18,1,0,56,1,2017,8,16,5,3,4,6,0,1,0,0,1,0,0,5.47869E+20,5.94568E+21,9.72435E+15,5.36577E+16
5579,1.17073E+18,1,0,59,173,2017,7,7,2,3,8,6,0,1,0,1,0,0,1,5.14116E+20,6.06931E+21,9.21942E+15,5.47708E+16
5580,1.17081E+18,1,0,62,92,2017,8,16,5,3,8,1,0,0,0,1,0,0,0,5.86491E+20,5.96501E+21,1.0314E+16,5.38264E+16
5581,1.17073E+18,1,0,3,0,2017,7,13,2,3,5,2,0,1,0,1,0,0,0,6.07951E+20,5.9683E+21,1.06411E+16,5.3852E+16
5582,1.17081E+18,1,0,53,32,2017,8,14,5,3,5,3,1,1,0,0,0,0,0,5.90328E+20,5.92305E+21,1.03602E+16,5.34487E+16
5583,1.17081E+18,1,0,53,72,2017,8,11,5,3,2,6,0,0,0,1,0,0,0,5.87405E+20,5.92706E+21,1.03173E+16,5.34853E+16
5584,1.17072E+18,1,0,55,27,2017,7,21,2,3,7,7,0,0,0,1,0,2,1,6.24496E+20,6.00927E+21,1.09093E+16,5.42163E+16
5585,1.17093E+18,1,0,51,44,2017,9,21,4,3,5,3,0,1,0,0,0,2,1,5.0601E+20,6.00318E+21,9.09208E+15,5.41766E+16
5586,1.17081E+18,1,0,3,0,2017,8,12,5,2,3,6,1,0,0,0,0,0,0,6.12375E+20,5.96756E+21,1.07081E+16,5.38444E+16
5587,1.17093E+18,1,0,59,8,2017,9,9,5,3,9,6,0,1,0,0,0,0,1,5.38306E+20,6.04996E+21,9.59288E+15,5.45957E+16
5588,1.17081E+18,1,0,3,0,2017,8,19,5,3,7,7,1,0,0,0,0,0,0,6.10105E+20,5.96999E+21,1.06744E+16,5.38667E+16
5589,1.17093E+18,1,0,3,0,2017,9,16,5,3,3,2,1,1,0,0,0,0,0,6.11269E+20,5.96911E+21,1.06918E+16,5.38585E+16
5590,1.1708E+18,1,0,53,116,2017,8,8,4,3,4,6,0,1,0,0,1,0,0,5.95982E+20,5.93136E+21,1.04478E+16,5.35224E+16
5591,1.17083E+18,1,0,3,0,2017,8,10,6,3,5,3,1,1,0,0,0,0,0,6.09177E+20,5.96833E+21,1.06597E+16,5.3852E+16
5592,1.1708E+18,1,0,57,16,2017,8,3,5,3,9,1,0,0,0,0,1,2,0,5.84217E+20,6.01747E+21,1.02941E+16,5.42982E+16
5593,1.17081E+18,1,0,3,0,2017,8,16,5,3,2,6,0,1,0,0,0,0,0,6.10975E+20,5.96829E+21,1.06871E+16,5.38512E+16
5594,1.17083E+18,1,0,55,46,2017,8,13,6,3,5,2,1,0,0,1,0,0,0,6.41611E+20,6.03495E+21,1.11838E+16,5.44425E+16
5595,1.1708E+18,1,0,58,150,2017,8,21,5,3,9,1,0,1,0,0,0,1,1,5.71343E+20,6.03448E+21,1.01004E+16,5.4453E+16
5596,1.17081E+18,1,0,3,0,2017,8,14,5,3,5,3,1,1,0,0,0,0,0,6.22062E+20,5.98081E+21,1.08605E+16,5.39612E+16
5597,1.17092E+18,1,0,56,15,2017,9,6,4,3,3,1,0,1,0,0,1,2,1,5.47127E+20,5.95489E+21,9.71452E+15,5.37405E+16
5598,1.17083E+18,1,0,3,0,2017,8,19,6,3,3,3,1,1,0,0,0,0,0,6.10124E+20,5.96991E+21,1.06747E+16,5.3866E+16
5599,1.17073E+18,1,0,55,23,2017,7,17,4,2,5,2,0,1,0,0,1,0,0,6.25357E+20,6.00916E+21,1.09224E+16,5.42151E+16
5600,1.1708E+18,1,0,60,63,2017,8,18,5,3,5,3,0,1,0,0,0,0,0,5.6766E+20,5.95131E+21,1.0025E+16,5.37061E+16
5601,1.17081E+18,1,0,3,0,2017,8,13,5,3,0,1,0,0,0,1,0,0,1,6.1512E+20,5.97325E+21,1.07519E+16,5.38949E+16
5602,1.17091E+18,1,0,1,0,2017,9,7,6,3,5,2,1,1,0,0,0,0,1,5.28907E+20,6.07067E+21,9.44947E+15,5.47824E+16
5603,1.17092E+18,1,0,61,44,2017,9,7,4,2,2,6,0,1,0,0,0,0,1,5.44039E+20,5.96265E+21,9.66881E+15,5.38106E+16
5604,1.17083E+18,1,0,55,46,2017,8,15,6,3,1,5,0,1,0,0,0,0,0,6.33741E+20,6.03869E+21,1.10642E+16,5.44782E+16
5605,1.17083E+18,1,0,55,12,2017,8,14,6,3,2,6,0,1,0,0,1,0,0,6.0836E+20,5.99741E+21,1.06577E+16,5.41134E+16
5606,1.17073E+18,1,0,51,44,2017,7,8,4,3,5,3,0,1,0,0,0,0,0,5.07556E+20,6.00548E+21,9.11582E+15,5.41973E+16
5607,1.17081E+18,1,0,4,0,2017,8,17,5,3,5,2,0,1,0,1,0,0,0,5.6421E+20,5.99115E+21,9.9811E+15,5.40646E+16
5608,1.17081E+18,1,0,58,167,2017,8,15,5,3,4,6,0,1,0,0,0,0,0,5.39371E+20,5.99243E+21,9.60176E+15,5.40785E+16
5609,1.17091E+18,1,0,1,0,2017,9,16,6,3,2,6,0,1,0,0,0,0,1,5.28192E+20,6.07096E+21,9.43837E+15,5.47851E+16
5610,1.17083E+18,1,0,55,31,2017,8,18,6,3,5,3,0,1,0,0,0,0,0,6.32098E+20,6.02177E+21,1.10313E+16,5.43267E+16
5611,1.17083E+18,1,0,58,54,2017,8,20,6,3,8,7,0,1,0,0,0,1,0,5.38494E+20,6.01687E+21,9.5915E+15,5.42983E+16
5612,1.17073E+18,1,0,3,0,2017,7,8,5,3,9,6,0,1,0,0,0,0,0,6.19937E+20,5.97746E+21,1.08268E+16,5.39316E+16
5613,1.17081E+18,1,0,58,58,2017,8,13,5,3,5,3,1,0,0,0,0,0,0,5.62235E+20,6.02882E+21,9.95874E+15,5.44033E+16
5614,1.17091E+18,1,0,54,50,2017,9,0,6,3,9,1,0,1,0,0,0,2,1,4.70892E+20,6.04709E+21,8.54976E+15,5.45705E+16
5615,1.17081E+18,1,0,58,43,2017,8,2,5,3,0,1,1,0,0,0,0,2,0,5.50534E+20,6.03835E+21,9.78013E+15,5.44903E+16
5616,1.17071E+18,1,0,53,81,2017,7,18,5,3,3,6,1,1,0,0,0,0,0,6.10096E+20,5.9479E+21,1.06664E+16,5.36683E+16
5617,1.17091E+18,1,0,59,21,2017,9,15,6,3,8,1,0,1,0,0,0,0,1,5.52583E+20,6.0553E+21,9.81479E+15,5.46424E+16
5618,1.17083E+18,1,0,4,0,2017,8,15,6,3,5,3,1,1,0,0,0,0,0,5.65351E+20,5.99017E+21,9.99833E+15,5.40556E+16
5619,1.17081E+18,1,0,58,53,2017,8,8,5,3,2,2,0,1,0,0,1,0,0,5.69059E+20,6.01086E+21,1.00597E+16,5.4241E+16
5620,1.17091E+18,1,0,59,19,2017,9,9,6,2,8,1,0,1,0,0,0,0,1,5.34687E+20,6.03725E+21,9.53537E+15,5.44817E+16
5621,1.17081E+18,1,0,2,0,2017,8,11,5,3,6,4,1,0,1,0,0,0,0,5.73596E+20,6.01924E+21,1.01314E+16,5.43157E+16
5622,1.17071E+18,1,0,53,90,2017,7,18,5,3,5,2,0,1,0,1,0,0,0,6.12467E+20,5.94541E+21,1.07014E+16,5.36453E+16
5623,1.17091E+18,1,0,58,18,2017,9,14,6,3,2,6,0,1,0,0,0,0,1,5.66002E+20,6.0091E+21,1.00124E+16,5.42256E+16
5624,1.17083E+18,1,0,2,0,2017,8,10,6,2,3,6,0,1,0,0,1,0,0,5.73491E+20,6.01783E+21,1.01294E+16,5.43031E+16
5625,1.17081E+18,1,0,57,16,2017,8,18,5,3,5,3,0,1,0,0,0,0,0,5.8351E+20,6.02081E+21,1.02842E+16,5.43283E+16
5626,1.17091E+18,1,0,56,43,2017,9,15,6,3,4,1,0,1,0,0,0,0,1,5.54221E+20,5.94534E+21,9.82039E+15,5.3654E+16
5627,1.17071E+18,1,0,53,25,2017,7,6,5,3,1,5,0,1,0,0,1,0,0,6.03416E+20,5.9513E+21,1.05665E+16,5.37002E+16
5628,1.17083E+18,1,0,57,35,2017,8,18,6,3,9,7,0,1,0,0,0,0,0,6.00171E+20,6.01785E+21,1.05393E+16,5.42987E+16
5629,1.17081E+18,1,0,57,54,2017,8,14,5,2,5,3,0,1,0,0,0,0,0,5.77284E+20,6.00322E+21,1.01839E+16,5.41712E+16
5630,1.17071E+18,1,0,53,32,2017,7,13,5,3,5,3,1,1,0,0,0,0,0,5.9086E+20,5.92185E+21,1.03678E+16,5.34378E+16
5631,1.17091E+18,1,0,51,44,2017,9,10,5,3,2,6,0,1,0,0,0,0,0,5.08153E+20,6.00553E+21,9.12497E+15,5.41977E+16
5632,1.17071E+18,1,0,62,1,2017,7,15,5,3,4,6,1,0,0,0,0,0,0,5.79743E+20,5.94528E+21,1.02065E+16,5.36502E+16
5633,1.17092E+18,1,0,54,56,2017,9,9,1,3,8,1,0,1,0,0,0,0,0,5.04615E+20,6.0366E+21,9.07122E+15,5.4477E+16
5634,1.17071E+18,1,0,62,22,2017,7,12,5,3,8,1,1,1,0,0,0,0,0,5.86561E+20,5.94125E+21,1.03085E+16,5.36129E+16
5635,1.17083E+18,1,0,57,88,2017,8,10,6,2,5,3,0,1,0,1,0,0,0,5.85821E+20,6.0322E+21,1.0323E+16,5.44303E+16
5636,1.17093E+18,1,0,59,106,2017,9,11,2,3,5,3,1,1,0,0,0,0,0,5.44366E+20,6.07109E+21,9.68988E+15,5.4785E+16
5637,1.17071E+18,1,0,62,60,2017,7,19,5,3,5,3,0,1,0,0,0,0,0,5.82837E+20,5.93363E+21,1.02502E+16,5.3545E+16
5638,1.17083E+18,1,0,59,96,2017,8,11,6,3,9,6,0,1,0,0,1,0,0,5.1979E+20,6.02946E+21,9.30493E+15,5.44125E+16
5639,1.17093E+18,1,0,62,27,2017,9,17,2,3,2,2,0,1,0,0,0,0,0,5.86711E+20,5.95155E+21,1.03136E+16,5.37054E+16
5640,1.17071E+18,1,0,3,0,2017,7,13,5,3,5,3,1,1,0,0,0,0,0,6.1104E+20,5.9719E+21,1.06893E+16,5.38836E+16
5641,1.17091E+18,1,0,51,11,2017,9,7,5,3,5,3,1,1,0,0,0,0,1,5.07662E+20,5.97184E+21,9.1166E+15,5.3895E+16
5642,1.17071E+18,1,0,55,17,2017,7,2,5,3,5,3,0,1,0,0,0,2,0,6.36051E+20,6.02814E+21,1.1095E+16,5.43829E+16
5643,1.17083E+18,1,0,59,183,2017,8,13,6,3,2,2,0,1,0,0,0,0,0,5.19791E+20,6.07202E+21,9.30782E+15,5.4795E+16
5644,1.17093E+18,1,0,54,100,2017,9,14,3,3,0,1,0,0,0,1,0,0,1,4.84292E+20,6.02762E+21,8.75806E+15,5.43961E+16
5645,1.17071E+18,1,0,3,0,2017,7,18,5,3,6,4,0,1,1,0,0,0,0,6.10842E+20,5.97269E+21,1.06866E+16,5.38908E+16
5646,1.17091E+18,1,0,60,39,2017,9,5,5,3,5,3,1,1,0,0,0,1,1,5.64368E+20,5.95962E+21,9.97687E+15,5.37812E+16
5647,1.17083E+18,1,0,3,0,2017,8,6,6,3,3,6,0,1,0,0,0,0,1,6.07991E+20,5.97043E+21,1.06425E+16,5.38711E+16