OBJECTID,UIDENTSTLA,ULAND,UREGBEZ,UKREIS,UGEMEINDE,UJAHR,UMONAT,USTUNDE,UWOCHENTAG,UKATEGORIE,UART,UTYP1,IstRad,IstPKW,IstFuss,IstKrad,IstSonstig,LICHT,STRZUSTAND,LINREFX,LINREFY,XGCSWGS84,YGCSWGS84
5648,1.17093E+18,1,0,62,82,2017,9,16,3,3,5,3,1,1,0,0,0,0,0,5.93114E+20,5.941E+21,1.04074E+16,5.36095E+16
5649,1.17071E+18,1,0,55,32,2017,7,14,5,2,5,2,1,1,0,0,0,0,0,6.1765E+20,5.99641E+21,1.07993E+16,5.41024E+16
5650,1.17091E+18,1,0,56,15,2017,9,9,5,3,0,2,1,1,0,0,0,0,1,5.44249E+20,5.95622E+21,9.67109E+15,5.37527E+16
5651,1.1708E+18,1,0,58,173,2017,8,9,5,3,0,1,1,0,0,0,0,0,1,5.53053E+20,6.03274E+21,9.818E+15,5.44396E+16
5652,1.1708E+18,1,0,56,50,2017,8,16,5,2,0,1,1,0,0,0,0,0,0,5.46625E+20,5.93717E+21,9.70426E+15,5.35813E+16
5653,1.17071E+18,1,0,3,0,2017,7,8,5,3,5,2,1,1,0,0,0,0,0,6.13363E+20,5.96523E+21,1.07222E+16,5.38232E+16
5654,1.17083E+18,1,0,55,32,2017,8,19,6,3,2,6,0,1,0,0,0,1,0,6.18864E+20,5.99905E+21,1.08189E+16,5.41258E+16
5655,1.17081E+18,1,0,1,0,2017,8,13,5,3,5,3,1,1,0,0,0,0,0,5.28776E+20,6.07315E+21,9.44767E+15,5.48047E+16
5656,1.17091E+18,1,0,60,44,2017,9,16,5,3,5,3,1,1,0,0,0,0,0,5.62042E+20,5.96471E+21,9.94261E+15,5.38272E+16
5657,1.17071E+18,1,0,55,22,2017,7,12,5,3,5,3,0,0,0,1,1,0,0,6.32155E+20,6.01499E+21,1.10292E+16,5.42658E+16
5658,1.17083E+18,1,0,55,35,2017,8,22,6,3,8,7,0,1,0,0,0,2,0,6.13296E+20,5.98643E+21,1.07291E+16,5.40137E+16
5659,1.17073E+18,1,0,53,32,2017,7,18,5,3,2,6,0,1,0,0,0,0,0,5.88879E+20,5.92129E+21,1.03378E+16,5.34331E+16
5660,1.17092E+18,1,0,53,57,2017,9,13,6,2,8,1,0,0,0,1,0,0,0,6.16542E+20,5.94195E+21,1.07617E+16,5.36134E+16
5661,1.17081E+18,1,0,59,45,2017,8,8,5,3,5,3,0,1,0,0,0,0,0,5.59389E+20,6.05772E+21,9.92072E+15,5.46633E+16
5662,1.17091E+18,1,0,56,49,2017,9,7,5,3,8,1,0,0,0,1,0,0,1,5.43138E+20,5.94922E+21,9.65325E+15,5.36899E+16
5663,1.17082E+18,1,0,56,41,2017,8,17,5,3,2,6,0,1,0,0,0,0,0,5.59154E+20,5.95389E+21,9.89666E+15,5.37303E+16
5664,1.17082E+18,1,0,60,63,2017,8,16,5,3,2,6,0,1,0,0,1,0,0,5.65262E+20,5.9564E+21,9.98976E+15,5.37521E+16
5665,1.17092E+18,1,0,61,22,2017,9,20,7,3,0,7,0,1,0,0,0,2,0,5.35352E+20,5.97109E+21,9.53787E+15,5.38871E+16
5666,1.17081E+18,1,0,59,42,2017,8,17,5,2,4,6,0,1,0,0,0,0,0,5.31679E+20,6.04777E+21,9.49008E+15,5.45764E+16
5667,1.17091E+18,1,0,62,61,2017,9,7,5,3,5,3,0,1,0,0,0,0,1,5.97228E+20,5.96577E+21,1.04774E+16,5.38313E+16
5668,1.17081E+18,1,0,59,131,2017,8,16,5,3,2,6,0,1,0,0,0,0,0,5.25295E+20,6.0557E+21,9.39201E+15,5.4648E+16
5669,1.17082E+18,1,0,62,1,2017,8,12,5,3,5,3,0,1,0,0,1,0,0,5.81495E+20,5.94894E+21,1.02339E+16,5.36828E+16
5670,1.17082E+18,1,0,3,0,2017,8,12,5,3,1,5,1,1,0,0,0,0,0,6.12308E+20,5.97109E+21,1.07083E+16,5.38761E+16
5671,1.17081E+18,1,0,56,43,2017,8,18,5,2,2,6,0,1,0,0,0,0,1,5.58537E+20,5.94219E+21,9.8851E+15,5.36253E+16
5672,1.17091E+18,1,0,62,90,2017,9,8,5,3,4,6,0,1,0,0,1,0,0,5.80467E+20,5.95013E+21,1.02187E+16,5.36937E+16
5673,1.17081E+18,1,0,2,0,2017,8,22,5,2,4,6,0,1,0,0,0,2,0,5.72834E+20,6.01801E+21,1.01193E+16,5.43048E+16
5674,1.17082E+18,1,0,3,0,2017,8,18,5,3,5,3,1,1,0,0,0,0,0,6.10538E+20,5.97347E+21,1.06823E+16,5.38979E+16
5675,1.17081E+18,1,0,51,136,2017,8,20,4,3,2,6,0,1,0,0,0,1,0,5.24867E+20,6.0077E+21,9.38134E+15,5.42167E+16
5676,1.17091E+18,1,0,53,110,2017,9,15,5,3,2,6,0,1,0,0,0,0,0,6.16223E+20,5.94742E+21,1.07589E+16,5.36626E+16
5677,1.17081E+18,1,0,51,44,2017,8,13,4,3,5,2,0,1,0,0,0,0,0,5.05404E+20,6.00512E+21,9.08283E+15,5.41941E+16
5678,1.17091E+18,1,0,58,135,2017,9,13,5,3,3,6,0,1,0,0,1,0,0,5.425E+20,6.0166E+21,9.653E+15,5.42955E+16
5679,1.17082E+18,1,0,58,113,2017,8,12,5,3,4,6,0,0,0,0,1,0,0,5.40903E+20,6.00053E+21,9.62628E+15,5.41512E+16
5680,1.17081E+18,1,0,51,82,2017,8,7,4,3,2,6,0,1,0,0,0,0,0,5.12196E+20,6.00277E+21,9.18683E+15,5.41728E+16
5681,1.17091E+18,1,0,58,99,2017,9,12,5,3,5,3,0,1,0,1,0,0,0,5.57994E+20,6.04282E+21,9.89617E+15,5.45296E+16
5682,1.17082E+18,1,0,2,0,2017,8,16,5,3,5,3,0,1,0,1,0,0,0,5.69482E+20,6.01879E+21,1.0068E+16,5.43122E+16
5683,1.17081E+18,1,0,56,41,2017,8,13,4,3,8,1,0,1,0,0,0,0,0,5.59393E+20,5.95325E+21,9.90015E+15,5.37245E+16
5684,1.17071E+18,1,0,58,34,2017,7,16,5,2,5,3,1,1,0,0,0,0,0,5.44283E+20,6.01892E+21,9.68074E+15,5.43162E+16
5685,1.17091E+18,1,0,57,48,2017,9,16,5,3,2,2,0,1,0,0,0,0,0,6.02966E+20,6.01652E+21,1.05818E+16,5.42862E+16
5686,1.17081E+18,1,0,56,48,2017,8,16,4,3,3,2,1,1,0,0,0,0,0,5.47093E+20,5.94999E+21,9.71326E+15,5.36965E+16
5687,1.17071E+18,1,0,58,54,2017,7,17,5,2,2,6,0,1,0,0,0,0,0,5.39281E+20,6.02151E+21,9.60419E+15,5.43399E+16
5688,1.17091E+18,1,0,2,0,2017,9,8,5,3,5,2,1,1,0,0,0,0,1,5.74358E+20,6.0204E+21,1.01434E+16,5.4326E+16
5689,1.17071E+18,1,0,4,0,2017,7,17,5,3,3,2,0,1,0,0,1,0,0,5.63144E+20,5.996E+21,9.96583E+15,5.41083E+16
5690,1.17093E+18,1,0,2,0,2017,9,15,3,3,2,6,0,1,0,0,0,0,0,5.73594E+20,6.02309E+21,1.01323E+16,5.43503E+16
5691,1.17071E+18,1,0,58,9,2017,7,15,5,3,5,2,1,1,0,0,0,0,0,5.51281E+20,5.99299E+21,9.78388E+15,5.40825E+16
5692,1.17071E+18,1,0,4,0,2017,7,1,5,2,8,1,0,1,0,0,0,2,0,5.64597E+20,5.99425E+21,9.98768E+15,5.40924E+16
5693,1.17071E+18,1,0,58,34,2017,7,16,5,3,5,2,1,1,0,0,0,0,0,5.4374E+20,6.01866E+21,9.67236E+15,5.43139E+16
5694,1.17091E+18,1,0,2,0,2017,9,7,5,3,0,1,1,0,0,0,0,0,1,5.7337E+20,6.01778E+21,1.01275E+16,5.43027E+16
5695,1.17071E+18,1,0,2,0,2017,7,8,5,3,3,6,0,1,0,0,1,0,0,5.72975E+20,6.01796E+21,1.01215E+16,5.43043E+16
5696,1.17071E+18,1,0,57,26,2017,7,19,5,3,5,3,0,1,0,0,1,0,0,6.04213E+20,6.01703E+21,1.06011E+16,5.42905E+16
5697,1.17091E+18,1,0,57,91,2017,9,11,5,2,5,2,0,1,0,1,0,0,0,5.78709E+20,6.01707E+21,1.02094E+16,5.42955E+16
5698,1.17082E+18,1,0,2,0,2017,8,7,5,3,2,6,0,1,0,0,0,0,0,5.69806E+20,6.02013E+21,1.00733E+16,5.43242E+16
5699,1.17071E+18,1,0,2,0,2017,7,16,5,3,5,3,1,1,0,0,0,0,0,5.77248E+20,6.02025E+21,1.01877E+16,5.43242E+16
5700,1.17091E+18,1,0,2,0,2017,9,7,5,3,2,6,0,1,0,0,0,0,0,5.72996E+20,6.0197E+21,1.01222E+16,5.43199E+16
5701,1.17082E+18,1,0,2,0,2017,8,11,5,3,5,3,0,1,0,0,0,0,0,5.77059E+20,6.02079E+21,1.0185E+16,5.43292E+16
5702,1.17091E+18,1,0,57,62,2017,9,9,5,2,5,3,1,1,0,0,0,0,0,5.83959E+20,6.01019E+21,1.02881E+16,5.42328E+16
5703,1.17071E+18,1,0,54,46,2017,7,13,5,3,8,7,1,0,0,0,0,0,0,4.54248E+20,6.07299E+21,8.28827E+15,5.4802E+16
5704,1.17091E+18,1,0,54,56,2017,9,10,5,3,2,6,0,0,0,0,1,0,0,5.0299E+20,6.03288E+21,9.04611E+15,5.44436E+16
5705,1.17082E+18,1,0,1,0,2017,8,16,5,2,0,7,1,0,0,0,0,0,0,5.27434E+20,6.07256E+21,9.42675E+15,5.47995E+16
5706,1.17091E+18,1,0,59,57,2017,9,12,5,3,5,3,1,0,0,0,1,0,0,5.32068E+20,6.0441E+21,9.49569E+15,5.45434E+16
5707,1.17091E+18,1,0,54,88,2017,9,9,5,3,8,1,0,1,0,0,0,0,0,4.8433E+20,6.07282E+21,8.75623E+15,5.48023E+16
5708,1.17082E+18,1,0,54,118,2017,8,18,5,3,5,2,0,1,0,0,0,0,0,5.07999E+20,6.03787E+21,9.12348E+15,5.44884E+16
5709,1.17091E+18,1,0,54,99,2017,9,18,5,3,5,3,1,1,0,0,0,0,1,5.15413E+20,6.03488E+21,9.23777E+15,5.44614E+16
5710,1.17082E+18,1,0,54,56,2017,8,16,5,3,0,1,1,0,0,0,0,0,0,5.03394E+20,6.03752E+21,9.05238E+15,5.44853E+16
5711,1.17091E+18,1,0,58,65,2017,9,10,5,3,9,7,0,0,0,0,1,0,0,5.55111E+20,6.00888E+21,9.84533E+15,5.42249E+16
5712,1.1708E+18,1,0,56,14,2017,8,18,6,2,8,1,0,0,0,1,0,0,0,5.50849E+20,5.95434E+21,9.77086E+15,5.37353E+16
5713,1.17071E+18,1,0,54,19,2017,7,18,5,3,2,6,0,1,0,0,0,0,0,4.98171E+20,6.0524E+21,8.97168E+15,5.4619E+16
5714,1.17091E+18,1,0,62,9,2017,9,10,5,3,3,6,0,1,0,0,1,0,1,5.76766E+20,5.93521E+21,1.01589E+16,5.35602E+16
5715,1.17081E+18,1,0,58,37,2017,8,16,7,3,6,6,0,1,1,0,0,0,0,5.69717E+20,6.03203E+21,1.00747E+16,5.44312E+16
5716,1.17073E+18,1,0,55,17,2017,7,12,6,3,0,1,0,0,0,1,0,0,0,6.3538E+20,6.0266E+21,1.10839E+16,5.43692E+16
5717,1.17081E+18,1,0,61,22,2017,8,22,1,3,8,6,0,1,0,0,0,2,0,5.35594E+20,5.97088E+21,9.54152E+15,5.38851E+16
5718,1.17092E+18,1,0,61,46,2017,9,11,3,3,5,2,1,1,0,0,0,0,0,5.34833E+20,5.97591E+21,9.53051E+15,5.39304E+16
5719,1.17071E+18,1,0,54,42,2017,7,12,5,3,5,3,1,1,0,0,0,0,0,5.01845E+20,6.04175E+21,9.0285E+15,5.45234E+16
5720,1.17091E+18,1,0,53,56,2017,9,13,5,3,7,7,0,1,0,0,0,0,0,6.0698E+20,5.93507E+21,1.06149E+16,5.35536E+16
5721,1.17073E+18,1,0,56,15,2017,7,19,6,3,3,6,0,1,0,0,0,0,0,5.45649E+20,5.95574E+21,9.69224E+15,5.37483E+16
5722,1.17081E+18,1,0,4,0,2017,8,13,1,2,0,7,1,0,0,0,0,0,1,5.64458E+20,5.996E+21,9.98591E+15,5.41081E+16
5723,1.17073E+18,1,0,57,62,2017,7,10,7,3,2,2,0,1,0,0,0,0,1,5.841E+20,6.0121E+21,1.02908E+16,5.42499E+16
5724,1.17081E+18,1,0,56,41,2017,8,17,1,3,2,2,0,1,0,0,0,0,0,5.56548E+20,5.9525E+21,9.8569E+15,5.37181E+16
5725,1.17073E+18,1,0,56,27,2017,7,14,7,2,1,5,1,0,0,0,1,0,1,5.41633E+20,5.94053E+21,9.62931E+15,5.36119E+16
5726,1.17081E+18,1,0,56,21,2017,8,9,4,3,2,6,0,1,0,0,0,0,0,5.60191E+20,5.94983E+21,9.91158E+15,5.36937E+16
5727,1.17073E+18,1,0,57,30,2017,7,21,1,3,8,1,0,1,0,0,0,0,0,6.04855E+20,6.01761E+21,1.06111E+16,5.42957E+16
5728,1.17073E+18,1,0,51,46,2017,7,15,1,3,5,3,0,1,0,0,0,0,1,4.99392E+20,5.97916E+21,8.99073E+15,5.39608E+16
5729,1.17081E+18,1,0,56,49,2017,8,15,4,3,0,1,1,0,0,0,0,0,0,5.44347E+20,5.94906E+21,9.67153E+15,5.36883E+16
5730,1.17081E+18,1,0,62,1,2017,8,22,4,3,0,3,0,1,0,1,0,2,0,5.82801E+20,5.94869E+21,1.02536E+16,5.36804E+16
5731,1.17093E+18,1,0,58,135,2017,9,10,4,3,6,7,0,1,1,0,0,0,0,5.43736E+20,6.0175E+21,9.67212E+15,5.43035E+16
5732,1.17093E+18,1,0,60,63,2017,9,8,4,3,5,2,1,1,0,0,0,0,0,5.66129E+20,5.94869E+21,1.00013E+16,5.36827E+16
5733,1.17081E+18,1,0,53,83,2017,8,14,4,3,5,3,0,1,0,1,0,0,0,6.02875E+20,5.91537E+21,1.05465E+16,5.33774E+16
5734,1.17093E+18,1,0,53,10,2017,9,9,5,3,8,1,0,1,0,0,0,0,1,6.15671E+20,5.93313E+21,1.07453E+16,5.35343E+16
5735,1.1708E+18,1,0,61,43,2017,8,14,3,3,2,6,0,1,0,0,0,0,0,5.22715E+20,5.98833E+21,9.34688E+15,5.40428E+16
5736,1.17093E+18,1,0,57,57,2017,9,13,5,3,5,3,1,1,0,0,0,0,0,5.94236E+20,6.00186E+21,1.04431E+16,5.41562E+16
5737,1.17082E+18,1,0,53,7,2017,8,7,5,3,8,7,0,1,0,0,0,0,0,6E+20,5.93667E+21,1.05101E+16,5.35694E+16
5738,1.1708E+18,1,0,58,166,2017,8,16,4,2,8,7,1,0,0,0,0,0,0,5.63362E+20,6.04321E+21,9.97918E+15,5.45325E+16
5739,1.17093E+18,1,0,56,15,2017,9,21,5,3,5,3,0,1,0,0,0,2,1,5.43497E+20,5.95582E+21,9.65962E+15,5.37492E+16
5740,1.17081E+18,1,0,53,83,2017,8,10,4,3,2,6,0,1,0,0,0,0,0,6.03431E+20,5.91561E+21,1.05549E+16,5.33794E+16
5741,1.17082E+18,1,0,61,116,2017,8,19,4,2,8,1,0,0,0,1,0,0,0,5.50098E+20,5.97592E+21,9.76299E+15,5.39292E+16
5742,1.1708E+18,1,0,56,5,2017,8,9,4,3,5,3,0,1,0,1,0,0,0,5.5979E+20,5.94661E+21,9.9049E+15,5.36648E+16
5743,1.17081E+18,1,0,55,46,2017,8,21,4,2,0,7,0,1,0,0,1,1,0,6.40923E+20,6.03545E+21,1.11734E+16,5.44472E+16
5744,1.17082E+18,1,0,61,54,2017,8,15,4,3,3,6,0,1,0,0,1,0,0,5.29902E+20,5.96307E+21,9.45417E+15,5.38154E+16
5745,1.17082E+18,1,0,61,3,2017,8,11,4,3,5,2,0,1,0,0,0,0,0,5.29098E+20,5.98702E+21,9.44423E+15,5.40306E+16
5746,1.17072E+18,1,0,2,0,2017,7,16,2,3,5,2,0,1,0,0,0,0,0,5.74497E+20,6.02304E+21,1.01461E+16,5.43497E+16
5747,1.1708E+18,1,0,54,76,2017,8,11,5,3,5,3,0,1,0,0,0,0,1,4.99225E+20,6.07031E+21,8.98795E+15,5.478E+16
5748,1.17081E+18,1,0,55,17,2017,8,16,4,2,4,6,1,0,0,0,0,0,0,6.35562E+20,6.02776E+21,1.10873E+16,5.43796E+16
5749,1.17092E+18,1,0,60,63,2017,9,6,3,3,5,2,0,1,0,0,0,2,1,5.63958E+20,5.94782E+21,9.96821E+15,5.36752E+16
5750,1.17082E+18,1,0,56,50,2017,8,16,4,3,7,7,1,0,0,0,0,0,0,5.48338E+20,5.93756E+21,9.73018E+15,5.35847E+16
5751,1.17082E+18,1,0,60,44,2017,8,15,4,3,5,3,0,1,0,0,0,0,0,5.57956E+20,5.96302E+21,9.88022E+15,5.38125E+16
5752,1.17072E+18,1,0,2,0,2017,7,12,2,2,5,2,0,1,0,0,0,0,0,5.76251E+20,6.02031E+21,1.01724E+16,5.43249E+16
5753,1.17081E+18,1,0,55,28,2017,8,19,4,3,5,3,0,1,0,1,0,0,0,6.01738E+20,6.00352E+21,1.05585E+16,5.41696E+16
5754,1.1708E+18,1,0,3,0,2017,8,8,5,3,5,2,0,1,0,0,1,0,1,6.13235E+20,5.96969E+21,1.07219E+16,5.38633E+16
5755,1.17081E+18,1,0,58,157,2017,8,14,4,3,0,7,0,0,0,1,0,0,0,5.74986E+20,6.03267E+21,1.01561E+16,5.44362E+16
5756,1.17091E+18,1,0,3,0,2017,9,7,5,3,5,2,1,1,0,0,0,0,0,6.10148E+20,5.97076E+21,1.06754E+16,5.38736E+16
5757,1.17092E+18,1,0,56,50,2017,9,19,3,3,5,3,0,1,0,0,0,0,0,5.47249E+20,5.9373E+21,9.7137E+15,5.35824E+16
5758,1.17082E+18,1,0,60,44,2017,8,15,4,3,2,6,0,1,0,0,0,0,0,5.63068E+20,5.96579E+21,9.95842E+15,5.38368E+16
5759,1.17082E+18,1,0,56,3,2017,8,14,4,3,5,3,0,1,0,1,0,0,0,5.51059E+20,5.95492E+21,9.77413E+15,5.37404E+16
5760,1.17073E+18,1,0,53,5,2017,7,18,4,3,8,1,0,1,0,0,0,0,0,6.06526E+20,5.94316E+21,1.06108E+16,5.36264E+16
5761,1.17081E+18,1,0,2,0,2017,8,17,4,3,2,6,0,1,0,0,0,0,0,5.72509E+20,6.01832E+21,1.01144E+16,5.43076E+16
5762,1.17071E+18,1,0,1,0,2017,7,8,5,3,6,4,0,1,1,0,0,0,0,5.2978E+20,6.07368E+21,9.46334E+15,5.48094E+16
5763,1.17091E+18,1,0,51,44,2017,9,16,4,3,5,3,1,1,0,0,0,0,1,5.05888E+20,6.00391E+21,9.09023E+15,5.41832E+16
5764,1.17082E+18,1,0,62,4,2017,8,9,4,3,5,2,1,1,0,0,0,0,0,5.91372E+20,5.96237E+21,1.03874E+16,5.38018E+16
5765,1.17073E+18,1,0,55,38,2017,7,16,5,2,0,1,1,0,0,0,0,0,0,6.16786E+20,6.00374E+21,1.0789E+16,5.41685E+16
5766,1.17081E+18,1,0,2,0,2017,8,13,4,3,5,2,0,1,0,0,1,0,0,5.72907E+20,6.02186E+21,1.01214E+16,5.43394E+16
5767,1.17091E+18,1,0,60,2,2017,9,16,4,3,5,3,1,1,0,0,0,0,1,5.59248E+20,5.95983E+21,9.89922E+15,5.37836E+16
5768,1.17081E+18,1,0,54,168,2017,8,12,4,3,8,7,1,0,0,0,0,0,0,4.58812E+20,6.08511E+21,8.35753E+15,5.49113E+16
5769,1.17071E+18,1,0,54,113,2017,7,22,5,3,8,6,0,1,0,1,0,1,0,4.77301E+20,6.01721E+21,8.65118E+15,5.43023E+16
5770,1.17091E+18,1,0,56,36,2017,9,14,4,3,5,3,1,1,0,0,0,0,0,5.4426E+20,5.94623E+21,9.66981E+15,5.36629E+16
5771,1.17082E+18,1,0,53,66,2017,8,12,4,2,9,1,0,0,0,1,0,0,1,6.25298E+20,5.93826E+21,1.08925E+16,5.35782E+16
5772,1.17073E+18,1,0,60,88,2017,7,12,5,3,5,2,0,1,0,0,1,0,0,5.7516E+20,5.97161E+21,1.01436E+16,5.38875E+16
5773,1.17081E+18,1,0,54,33,2017,8,10,4,3,5,3,0,1,0,1,0,0,0,5.06271E+20,6.0248E+21,9.09652E+15,5.4371E+16
5774,1.17091E+18,1,0,56,15,2017,9,17,4,3,2,6,0,1,0,0,0,0,1,5.44306E+20,5.95625E+21,9.67195E+15,5.3753E+16
5775,1.17071E+18,1,0,1,0,2017,7,12,5,3,5,2,1,1,0,0,0,0,0,5.28197E+20,6.07156E+21,9.43851E+15,5.47904E+16
5776,1.17082E+18,1,0,62,89,2017,8,10,4,2,6,4,0,0,0,1,1,0,0,5.9002E+20,5.95391E+21,1.03644E+16,5.37261E+16
5777,1.17073E+18,1,0,57,9,2017,7,14,2,3,5,3,1,1,0,0,0,0,0,5.96612E+20,5.99937E+21,1.04787E+16,5.41333E+16
5778,1.17081E+18,1,0,60,44,2017,8,19,4,2,3,6,0,1,0,0,0,0,0,5.60998E+20,5.96577E+21,9.92696E+15,5.38369E+16
5779,1.17073E+18,1,0,56,48,2017,7,16,2,3,5,2,1,1,0,0,0,0,0,5.4632E+20,5.94953E+21,9.70148E+15,5.36925E+16
5780,1.17081E+18,1,0,60,64,2017,8,19,4,2,8,1,0,1,0,0,0,0,0,5.62099E+20,5.96837E+21,9.9442E+15,5.38601E+16
5781,1.17072E+18,1,0,57,66,2017,7,13,2,2,4,6,0,1,0,0,0,0,1,5.84064E+20,6.01524E+21,1.02911E+16,5.42782E+16
5782,1.17081E+18,1,0,55,27,2017,8,7,4,3,2,7,0,1,0,0,0,0,0,6.23972E+20,6.01002E+21,1.09016E+16,5.42231E+16
5783,1.17072E+18,1,0,2,0,2017,7,6,2,3,6,2,0,0,1,1,0,0,0,5.7473E+20,6.01829E+21,1.01485E+16,5.4307E+16
5784,1.17081E+18,1,0,51,74,2017,8,16,3,3,0,2,1,0,0,0,0,0,0,5.04558E+20,5.99411E+21,9.0697E+15,5.40951E+16
5785,1.17072E+18,1,0,1,0,2017,7,14,2,3,2,6,0,0,0,0,1,0,0,5.28239E+20,6.07171E+21,9.43917E+15,5.47918E+16
5786,1.17093E+18,1,0,58,91,2017,9,23,5,3,2,6,0,1,0,0,0,2,0,5.62459E+20,5.99802E+21,9.95577E+15,5.41266E+16
5787,1.17081E+18,1,0,51,30,2017,8,18,3,3,4,1,0,1,0,0,0,0,1,5.08041E+20,6.01389E+21,9.12348E+15,5.42729E+16
5788,1.17093E+18,1,0,58,43,2017,9,7,5,3,2,6,0,1,0,0,0,0,1,5.53328E+20,6.03824E+21,9.82325E+15,5.4489E+16
5789,1.17081E+18,1,0,56,50,2017,8,18,3,3,2,6,0,1,0,0,0,0,0,5.46995E+20,5.93723E+21,9.70985E+15,5.35818E+16
5790,1.17093E+18,1,0,60,28,2017,9,8,5,3,5,3,0,1,0,0,0,0,0,5.70031E+20,5.98937E+21,1.00696E+16,5.40478E+16
5791,1.1708E+18,1,0,56,36,2017,8,17,4,3,5,3,1,1,0,0,0,0,0,5.45222E+20,5.94679E+21,9.68447E+15,5.36679E+16
5792,1.17082E+18,1,0,55,44,2017,8,19,4,3,4,6,0,1,0,1,0,0,0,6.15541E+20,5.98702E+21,1.07635E+16,5.40185E+16
5793,1.1708E+18,1,0,54,56,2017,8,20,5,3,2,6,0,1,0,0,0,0,1,5.02854E+20,6.03643E+21,9.04404E+15,5.44755E+16
5794,1.17082E+18,1,0,3,0,2017,8,12,4,3,2,1,0,1,0,0,0,0,0,6.11387E+20,5.97059E+21,1.06942E+16,5.38718E+16
5795,1.1708E+18,1,0,53,116,2017,8,12,5,3,5,3,1,0,0,1,0,0,0,5.98655E+20,5.93007E+21,1.04877E+16,5.35103E+16
5796,1.17081E+18,1,0,60,63,2017,8,12,3,3,3,3,0,1,0,1,0,0,0,5.68163E+20,5.94867E+21,1.0032E+16,5.36823E+16
5797,1.17091E+18,1,0,56,32,2017,9,12,4,3,3,2,1,1,0,0,0,0,1,5.52399E+20,5.94862E+21,9.79339E+15,5.36837E+16
5798,1.17092E+18,1,0,60,4,2017,9,6,3,3,4,2,0,1,0,0,0,0,1,5.61434E+20,5.97329E+21,9.93508E+15,5.39044E+16
5799,1.17082E+18,1,0,3,0,2017,8,17,4,3,0,6,0,1,0,0,1,0,0,6.06469E+20,5.96974E+21,1.06191E+16,5.38652E+16
5800,1.17073E+18,1,0,60,44,2017,7,14,4,3,5,2,0,1,0,0,0,0,0,5.63867E+20,5.96361E+21,9.97009E+15,5.38171E+16
5801,1.1708E+18,1,0,56,41,2017,8,5,6,2,3,6,0,0,0,1,1,0,0,5.61938E+20,5.95276E+21,9.93863E+15,5.37198E+16
5802,1.17081E+18,1,0,60,45,2017,8,11,3,3,9,1,0,0,0,1,0,0,0,5.66917E+20,5.96838E+21,1.00174E+16,5.38596E+16
5803,1.17091E+18,1,0,62,60,2017,9,16,4,3,2,6,0,1,0,0,0,0,1,5.81766E+20,5.93263E+21,1.02338E+16,5.35362E+16
5804,1.17082E+18,1,0,3,0,2017,8,5,4,3,5,3,1,1,0,0,0,1,0,6.07559E+20,5.96876E+21,1.06353E+16,5.38562E+16
5805,1.17082E+18,1,0,55,1,2017,8,18,4,3,2,6,0,1,0,0,0,0,0,6.02754E+20,5.98695E+21,1.05684E+16,5.40205E+16
5806,1.17073E+18,1,0,3,0,2017,7,17,5,3,2,6,0,1,0,0,0,0,0,6.15691E+20,5.97367E+21,1.07607E+16,5.38986E+16
5807,1.17092E+18,1,0,3,0,2017,9,12,6,3,5,3,0,1,0,1,0,0,0,6.13031E+20,5.96982E+21,1.07189E+16,5.38645E+16
5808,1.17081E+18,1,0,55,40,2017,8,20,3,3,5,3,1,1,0,0,0,0,0,6.09047E+20,5.97377E+21,1.06597E+16,5.39009E+16
5809,1.17091E+18,1,0,55,18,2017,9,15,4,3,0,7,1,0,0,0,0,0,1,6.32436E+20,6.01094E+21,1.10317E+16,5.42293E+16
5810,1.17081E+18,1,0,55,33,2017,8,16,3,3,2,2,0,1,0,1,0,0,0,6.20238E+20,6.01721E+21,1.08472E+16,5.42886E+16
5811,1.17091E+18,1,0,3,0,2017,9,18,4,3,1,7,0,1,0,1,0,0,1,6.09337E+20,5.97106E+21,1.06632E+16,5.38765E+16
5812,1.17082E+18,1,0,3,0,2017,8,7,4,3,5,3,1,1,0,0,0,0,0,6.08356E+20,5.96729E+21,1.06469E+16,5.38428E+16
5813,1.17082E+18,1,0,58,135,2017,8,17,4,3,9,1,0,1,0,0,0,0,0,5.43206E+20,6.01744E+21,9.66397E+15,5.4303E+16
5814,1.17073E+18,1,0,51,39,2017,7,4,5,3,7,7,0,0,0,1,0,1,0,5.06335E+20,5.98744E+21,9.09673E+15,5.40351E+16
5815,1.17081E+18,1,0,3,0,2017,8,10,3,2,5,3,1,1,0,0,0,0,0,6.16871E+20,5.97419E+21,1.07789E+16,5.39029E+16
5816,1.17091E+18,1,0,3,0,2017,9,17,4,3,2,6,0,1,0,0,0,0,1,6.15413E+20,5.97311E+21,1.07563E+16,5.38936E+16
5817,1.17081E+18,1,0,55,4,2017,8,13,3,3,4,6,1,0,0,0,0,0,0,6.11364E+20,5.97568E+21,1.06957E+16,5.39175E+16
5818,1.17071E+18,1,0,54,109,2017,7,20,5,3,5,3,0,1,0,0,0,0,0,4.90716E+20,6.07047E+21,8.85564E+15,5.47814E+16
5819,1.17091E+18,1,0,3,0,2017,9,14,4,3,5,3,0,1,0,0,0,0,1,6.12812E+20,5.97001E+21,1.07156E+16,5.38663E+16
5820,1.17082E+18,1,0,58,94,2017,8,15,4,2,5,2,0,1,0,1,0,0,0,5.597E+20,6.00637E+21,9.9152E+15,5.42019E+16
5821,1.17081E+18,1,0,55,4,2017,8,11,3,3,5,3,0,1,0,0,0,0,0,6.10792E+20,5.97606E+21,1.06871E+16,5.39211E+16
5822,1.17091E+18,1,0,3,0,2017,9,0,4,3,5,3,0,1,0,1,0,2,0,6.09434E+20,5.97001E+21,1.06643E+16,5.3867E+16
5823,1.17081E+18,1,0,3,0,2017,8,15,3,3,2,6,0,1,0,0,1,0,0,6.07992E+20,5.96774E+21,1.06415E+16,5.38469E+16