OBJECTID,UIDENTSTLA,ULAND,UREGBEZ,UKREIS,UGEMEINDE,UJAHR,UMONAT,USTUNDE,UWOCHENTAG,UKATEGORIE,UART,UTYP1,IstRad,IstPKW,IstFuss,IstKrad,IstSonstig,LICHT,STRZUSTAND,LINREFX,LINREFY,XGCSWGS84,YGCSWGS84
6000,1.17071E+18,1,0,62,9,2017,7,9,4,3,2,6,0,0,0,0,1,0,1,5.79562E+20,5.93722E+21,1.02017E+16,5.35778E+16
6001,1.17071E+18,1,0,58,30,2017,7,10,4,3,2,6,0,1,0,0,1,0,1,5.38696E+20,6.0316E+21,9.59651E+15,5.44306E+16
6002,1.17073E+18,1,0,59,145,2017,7,20,6,2,5,3,0,1,0,1,0,0,0,5.3573E+20,6.07321E+21,9.55586E+15,5.48048E+16
6003,1.17081E+18,1,0,58,128,2017,8,19,7,3,5,3,1,1,0,0,0,0,0,5.60493E+20,5.98937E+21,9.92395E+15,5.4049E+16
6004,1.17071E+18,1,0,55,44,2017,7,18,4,2,9,1,0,1,0,0,0,0,1,6.13149E+20,5.98896E+21,1.07278E+16,5.40364E+16
6005,1.17073E+18,1,0,3,0,2017,7,13,6,3,5,2,1,1,0,0,0,0,0,6.10357E+20,5.96971E+21,1.06782E+16,5.38641E+16
6006,1.17073E+18,1,0,60,63,2017,7,7,6,3,4,6,0,1,0,0,1,0,0,5.64173E+20,5.94864E+21,9.97163E+15,5.36825E+16
6007,1.17073E+18,1,0,4,0,2017,7,16,7,3,0,3,1,0,0,1,0,0,1,5.64564E+20,5.99404E+21,9.98712E+15,5.40905E+16
6008,1.17102E+18,1,0,56,15,2017,10,13,6,3,2,6,0,1,0,0,1,0,1,5.42294E+20,5.95756E+21,9.64162E+15,5.37649E+16
6009,1.17111E+18,1,0,58,63,2017,11,16,4,3,5,7,0,1,0,0,0,0,0,5.66786E+20,6.00756E+21,1.00241E+16,5.42117E+16
6010,1.17111E+18,1,0,4,0,2017,11,12,4,3,5,3,1,1,0,0,0,0,0,5.63303E+20,5.99005E+21,9.96701E+15,5.40548E+16
6011,1.17121E+18,1,0,60,39,2017,12,17,5,3,5,3,1,1,0,0,0,2,1,5.66348E+20,5.96028E+21,1.00071E+16,5.37869E+16
6012,1.17102E+18,1,0,56,41,2017,10,14,6,3,2,6,0,1,0,0,0,0,1,5.59154E+20,5.95415E+21,9.8967E+15,5.37327E+16
6013,1.17111E+18,1,0,2,0,2017,11,21,4,3,7,7,1,0,0,0,0,2,0,5.7352E+20,6.02352E+21,1.01312E+16,5.43542E+16
6014,1.17111E+18,1,0,59,75,2017,11,6,4,3,3,6,0,1,0,0,1,2,0,5.35725E+20,6.0397E+21,9.55169E+15,5.45036E+16
6015,1.17111E+18,1,0,54,76,2017,11,17,4,3,4,7,1,1,0,0,0,2,0,4.98507E+20,6.06915E+21,8.97679E+15,5.47696E+16
6016,1.17122E+18,1,0,54,109,2017,12,9,6,2,5,2,0,1,0,0,0,0,1,4.90958E+20,6.06939E+21,8.85945E+15,5.47716E+16
6017,1.17111E+18,1,0,54,68,2017,11,20,4,3,5,2,0,1,0,0,0,2,0,4.92518E+20,6.07322E+21,8.88359E+15,5.48061E+16
6018,1.17111E+18,1,0,1,0,2017,11,15,4,2,2,6,0,1,0,0,1,0,0,5.24122E+20,6.07068E+21,9.37508E+15,5.47828E+16
6019,1.17122E+18,1,0,59,75,2017,12,16,6,3,5,2,0,1,0,0,0,2,0,5.36205E+20,6.04315E+21,9.55952E+15,5.45347E+16
6020,1.17121E+18,1,0,56,49,2017,12,16,5,3,5,3,1,1,0,0,0,2,1,5.45413E+20,5.94921E+21,9.68771E+15,5.36896E+16
6021,1.17122E+18,1,0,61,44,2017,12,16,5,3,5,3,0,1,0,0,0,1,0,5.41188E+20,5.96283E+21,9.62554E+15,5.38124E+16
6022,1.17111E+18,1,0,59,118,2017,11,14,4,3,4,6,0,1,0,0,0,0,0,5.42298E+20,6.0705E+21,9.65765E+15,5.47799E+16
6023,1.17122E+18,1,0,56,36,2017,12,9,5,2,9,1,0,1,0,0,0,0,1,5.44513E+20,5.94713E+21,9.67377E+15,5.3671E+16
6024,1.17121E+18,1,0,56,3,2017,12,17,5,3,5,3,0,1,0,0,0,2,1,5.50835E+20,5.95661E+21,9.77102E+15,5.37556E+16
6025,1.17122E+18,1,0,62,60,2017,12,14,5,3,2,6,0,1,0,0,0,0,0,5.83015E+20,5.93187E+21,1.02524E+16,5.35291E+16
6026,1.17122E+18,1,0,53,131,2017,12,18,5,3,5,3,0,1,0,0,0,2,0,5.96141E+20,5.92241E+21,1.04475E+16,5.3442E+16
6027,1.17121E+18,1,0,60,40,2017,12,7,5,3,5,3,1,1,0,0,0,2,0,5.5596E+20,5.97531E+21,9.85214E+15,5.39231E+16
6028,2.17012E+18,2,1,8,121,2017,1,9,4,3,2,6,0,1,0,0,0,0,0,5.68773E+20,5.93509E+21,1.00383E+16,5.35602E+16
6029,1.17121E+18,1,0,60,85,2017,12,16,5,3,3,6,0,1,0,0,1,2,1,5.78535E+20,5.96463E+21,1.01931E+16,5.38243E+16
6030,1.17122E+18,1,0,3,0,2017,12,12,5,2,6,4,0,1,1,0,0,0,0,6.09039E+20,5.9715E+21,1.06588E+16,5.38805E+16
6031,1.17122E+18,1,0,55,4,2017,12,17,5,3,5,3,1,1,0,0,0,2,0,6.11048E+20,5.97428E+21,1.06903E+16,5.3905E+16
6032,1.17121E+18,1,0,56,39,2017,12,8,5,3,3,2,0,1,0,0,1,0,0,5.52378E+20,5.94636E+21,9.79269E+15,5.36634E+16
6033,1.17122E+18,1,0,3,0,2017,12,16,5,3,3,6,0,1,0,0,1,1,0,6.09527E+20,5.97132E+21,1.06661E+16,5.38788E+16
6034,1.17121E+18,1,0,62,53,2017,12,21,5,2,4,6,0,1,0,0,0,2,1,5.77417E+20,5.93214E+21,1.0168E+16,5.35325E+16
6035,1.17101E+18,1,0,1,0,2017,10,20,7,3,5,2,0,1,0,0,0,2,1,5.27431E+20,6.06987E+21,9.42643E+15,5.47753E+16
6036,1.17111E+18,1,0,58,18,2017,11,14,4,3,8,7,0,0,0,0,1,0,0,5.64862E+20,6.00767E+21,9.99461E+15,5.4213E+16
6037,1.17122E+18,1,0,55,17,2017,12,19,5,3,2,6,0,1,0,0,1,2,0,6.35873E+20,6.02798E+21,1.10921E+16,5.43814E+16
6038,1.17101E+18,1,0,59,183,2017,10,13,7,3,2,6,0,1,0,0,0,0,1,5.23064E+20,6.06396E+21,9.35808E+15,5.47224E+16
6039,1.17111E+18,1,0,51,49,2017,11,17,3,3,5,3,1,1,0,0,0,2,0,5.11216E+20,6.01508E+21,9.17228E+15,5.42835E+16
6040,1.17122E+18,1,0,3,0,2017,12,7,5,3,5,3,1,1,0,0,0,1,1,6.22122E+20,5.98045E+21,1.08613E+16,5.3958E+16
6041,1.17101E+18,1,0,1,0,2017,10,20,7,3,5,3,1,1,0,0,0,2,0,5.28523E+20,6.07072E+21,9.4435E+15,5.47829E+16
6042,1.17123E+18,1,0,58,9,2017,12,11,5,3,2,6,0,1,0,0,0,0,1,5.51164E+20,5.99295E+21,9.78209E+15,5.40822E+16
6043,1.17101E+18,1,0,51,109,2017,10,7,6,3,5,2,0,1,0,0,0,0,1,4.93668E+20,6.00519E+21,8.90295E+15,5.41948E+16
6044,1.17101E+18,1,0,51,47,2017,10,7,6,3,5,3,0,1,0,0,0,0,0,5.00413E+20,6.01422E+21,9.00634E+15,5.42759E+16
6045,1.17111E+18,1,0,60,12,2017,11,13,3,2,5,3,0,1,0,1,0,0,0,5.80393E+20,5.99272E+21,1.02287E+16,5.40764E+16
6046,1.17122E+18,1,0,58,29,2017,12,7,5,3,5,3,0,1,0,0,1,2,1,5.35847E+20,6.00754E+21,9.54971E+15,5.42146E+16
6047,1.17101E+18,1,0,61,47,2017,10,22,6,1,1,1,0,0,0,0,1,2,0,5.32022E+20,5.98329E+21,9.48848E+15,5.39969E+16
6048,1.17101E+18,1,0,56,48,2017,10,18,6,3,5,3,0,1,0,0,0,1,0,5.48306E+20,5.9493E+21,9.73153E+15,5.36902E+16
6049,1.17101E+18,1,0,60,45,2017,10,19,6,3,2,6,0,1,0,0,0,2,1,5.67374E+20,5.96887E+21,1.00245E+16,5.3864E+16
6050,1.17112E+18,1,0,56,43,2017,11,7,3,2,5,3,0,1,0,1,0,2,1,5.55472E+20,5.94396E+21,9.83907E+15,5.36415E+16
6051,1.17101E+18,1,0,60,63,2017,10,8,6,3,5,3,0,1,0,0,0,0,0,5.67564E+20,5.94901E+21,1.00231E+16,5.36854E+16
6052,1.17112E+18,1,0,60,63,2017,11,16,3,3,5,3,1,1,0,0,0,1,1,5.64761E+20,5.94717E+21,9.98023E+15,5.36693E+16
6053,1.17101E+18,1,0,56,15,2017,10,1,6,3,6,4,0,1,1,0,0,2,0,5.43276E+20,5.95648E+21,9.65637E+15,5.37552E+16
6054,1.17112E+18,1,0,60,29,2017,11,11,3,3,5,3,0,1,0,0,0,0,1,5.81504E+20,5.96701E+21,1.02388E+16,5.38452E+16
6055,1.17112E+18,1,0,62,4,2017,11,16,3,3,5,3,1,1,0,0,0,2,1,5.91141E+20,5.96242E+21,1.03839E+16,5.38023E+16
6056,1.17102E+18,1,0,60,72,2017,10,14,6,3,9,1,0,1,0,0,0,0,1,5.83881E+20,5.99517E+21,1.02827E+16,5.40978E+16
6057,1.17102E+18,1,0,60,27,2017,10,8,6,3,5,3,1,1,0,0,0,0,0,5.64722E+20,5.98217E+21,9.98701E+15,5.39838E+16
6058,1.17102E+18,1,0,53,32,2017,10,19,6,3,8,1,0,1,0,0,0,2,1,5.90934E+20,5.92314E+21,1.03693E+16,5.34494E+16
6059,1.17101E+18,1,0,60,44,2017,10,7,6,2,6,2,0,1,1,0,0,1,0,5.63456E+20,5.96556E+21,9.96426E+15,5.38347E+16
6060,1.17102E+18,1,0,62,91,2017,10,16,6,2,4,1,0,1,0,0,0,0,1,5.93026E+20,5.94985E+21,1.04087E+16,5.36891E+16
6061,1.17101E+18,1,0,53,28,2017,10,9,6,3,5,3,0,1,0,0,0,0,0,5.88804E+20,5.92408E+21,1.03375E+16,5.34582E+16
6062,1.17102E+18,1,0,62,1,2017,10,7,6,3,4,2,0,1,0,0,1,2,0,5.82503E+20,5.94835E+21,1.0249E+16,5.36774E+16
6063,1.17121E+18,1,0,62,93,2017,12,7,5,3,7,7,0,1,0,0,0,0,0,5.94801E+20,5.96806E+21,1.04412E+16,5.38524E+16
6064,1.17101E+18,1,0,62,60,2017,10,8,6,3,2,6,0,1,0,0,0,0,0,5.83009E+20,5.92975E+21,1.02517E+16,5.35101E+16
6065,1.17102E+18,1,0,53,3,2017,10,11,6,3,4,6,0,1,0,0,0,0,0,5.90276E+20,5.93502E+21,1.03628E+16,5.35563E+16
6066,1.17112E+18,1,0,62,1,2017,11,16,3,3,4,6,1,0,0,0,0,1,1,5.81044E+20,5.94715E+21,1.02266E+16,5.36668E+16
6067,1.17123E+18,1,0,2,0,2017,12,13,5,3,2,6,0,1,0,0,0,0,1,5.73223E+20,6.01982E+21,1.01258E+16,5.4321E+16
6068,1.17121E+18,1,0,62,1,2017,12,12,5,3,5,3,1,1,0,0,0,0,0,5.82799E+20,5.94869E+21,1.02536E+16,5.36804E+16
6069,1.17101E+18,1,0,62,8,2017,10,23,6,2,8,1,0,0,0,1,0,2,0,5.98468E+20,5.96404E+21,1.04956E+16,5.38156E+16
6070,1.17101E+18,1,0,55,43,2017,10,21,6,3,0,7,0,1,0,0,0,2,0,6.184E+20,6.01714E+21,1.0819E+16,5.42885E+16
6071,1.17112E+18,1,0,62,4,2017,11,19,3,3,3,6,1,0,0,0,0,2,1,5.9116E+20,5.96297E+21,1.03844E+16,5.38073E+16
6072,1.17123E+18,1,0,54,56,2017,12,10,5,3,6,4,0,1,1,0,0,0,1,5.02886E+20,6.03637E+21,9.04454E+15,5.4475E+16
6073,1.17121E+18,1,0,55,41,2017,12,16,5,3,5,3,0,1,0,0,1,2,1,6.11149E+20,5.99403E+21,1.06991E+16,5.40825E+16
6074,2.17013E+18,2,6,9,610,2017,1,19,7,3,2,6,0,1,0,0,0,2,0,5.72888E+20,5.92786E+21,1.00987E+16,5.34946E+16
6075,1.17121E+18,1,0,3,0,2017,12,7,5,2,5,2,1,1,0,0,0,2,0,6.07972E+20,5.96886E+21,1.06416E+16,5.3857E+16
6076,1.17101E+18,1,0,3,0,2017,10,13,6,3,4,6,1,0,0,0,0,0,0,6.11662E+20,5.9698E+21,1.06981E+16,5.38647E+16
6077,1.17112E+18,1,0,62,90,2017,11,15,3,3,8,1,0,1,0,0,0,0,1,5.78656E+20,5.95085E+21,1.01914E+16,5.37005E+16
6078,1.17101E+18,1,0,55,40,2017,10,9,6,3,0,7,1,0,0,0,0,0,0,6.08412E+20,5.97252E+21,1.06496E+16,5.38898E+16
6079,1.17112E+18,1,0,55,24,2017,11,9,3,3,8,1,0,1,0,0,0,0,1,6.11979E+20,6.00196E+21,1.07147E+16,5.41536E+16
6080,1.17123E+18,1,0,54,101,2017,12,13,5,2,5,3,0,1,0,1,0,0,1,5.13455E+20,6.04057E+21,9.20782E+15,5.45126E+16
6081,1.17121E+18,1,0,55,40,2017,12,21,5,3,9,1,0,0,0,0,1,2,1,6.07713E+20,5.97518E+21,1.06399E+16,5.39138E+16
6082,2.1702E+18,2,1,16,136,2017,2,9,4,3,2,6,0,1,0,0,0,0,1,5.70521E+20,5.92946E+21,1.00634E+16,5.35093E+16
6083,1.17121E+18,1,0,3,0,2017,12,12,5,3,2,2,0,1,0,0,1,0,0,6.09566E+20,5.96767E+21,1.06654E+16,5.38459E+16
6084,1.17101E+18,1,0,3,0,2017,10,17,6,3,5,3,1,1,0,0,0,0,0,6.22024E+20,5.98034E+21,1.08597E+16,5.3957E+16
6085,1.17112E+18,1,0,3,0,2017,11,8,3,3,5,3,1,1,0,0,0,0,0,6.12654E+20,5.96972E+21,1.07131E+16,5.38637E+16
6086,1.17101E+18,1,0,3,0,2017,10,21,6,3,0,7,0,0,0,1,0,2,0,6.10695E+20,5.9683E+21,1.06828E+16,5.38514E+16
6087,1.17112E+18,1,0,3,0,2017,11,19,3,3,5,2,0,1,0,0,0,2,1,6.07455E+20,5.96832E+21,1.06336E+16,5.38523E+16
6088,1.17111E+18,1,0,56,1,2017,11,6,3,3,4,6,0,1,0,0,1,2,1,5.46314E+20,5.94597E+21,9.70086E+15,5.36604E+16
6089,1.17122E+18,1,0,58,1,2017,12,12,5,3,5,2,0,1,0,1,0,0,0,5.62635E+20,6.01899E+21,9.96283E+15,5.43149E+16
6090,1.17123E+18,1,0,54,73,2017,12,22,5,3,9,1,0,1,0,0,0,2,2,5.0304E+20,6.08009E+21,9.04737E+15,5.48679E+16
6091,1.17121E+18,1,0,3,0,2017,12,19,5,3,5,3,1,1,0,0,0,2,1,6.11296E+20,5.971E+21,1.06929E+16,5.38756E+16
6092,2.1702E+18,2,4,8,419,2017,2,10,7,3,6,4,0,1,1,0,0,0,1,5.6752E+20,5.93743E+21,1.00199E+16,5.35814E+16
6093,1.17101E+18,1,0,55,33,2017,10,18,6,3,7,7,0,0,0,1,0,1,0,6.22414E+20,6.01556E+21,1.088E+16,5.42733E+16
6094,1.17112E+18,1,0,55,27,2017,11,16,3,3,5,3,0,1,0,0,0,2,0,6.23904E+20,6.00931E+21,1.09002E+16,5.42168E+16
6095,1.17112E+18,1,0,3,0,2017,11,11,3,3,3,6,0,1,0,0,1,0,0,6.10227E+20,5.97149E+21,1.06769E+16,5.38802E+16
6096,1.17111E+18,1,0,53,90,2017,11,14,3,3,5,3,0,1,0,0,0,0,0,6.11106E+20,5.94225E+21,1.06797E+16,5.36173E+16
6097,1.17122E+18,1,0,58,117,2017,12,16,5,3,4,6,0,1,0,0,1,1,0,5.54553E+20,6.00182E+21,9.83549E+15,5.41615E+16
6098,1.17121E+18,1,0,58,92,2017,12,8,5,3,5,3,1,1,0,0,0,1,0,5.71617E+20,6.02207E+21,1.01016E+16,5.43414E+16
6099,2.17021E+18,2,7,8,709,2017,2,14,6,2,8,1,0,1,0,0,0,0,0,5.61664E+20,5.92005E+21,9.92802E+15,5.34259E+16
6100,1.17101E+18,1,0,55,40,2017,10,15,6,3,5,7,0,1,0,0,0,0,0,6.07158E+20,5.97278E+21,1.06306E+16,5.38924E+16
6101,1.17112E+18,1,0,3,0,2017,11,12,3,3,2,6,0,1,0,0,0,0,1,6.08545E+20,5.96944E+21,1.06505E+16,5.38621E+16
6102,1.17122E+18,1,0,57,28,2017,12,9,5,3,5,3,1,1,0,0,0,0,1,5.89038E+20,6.02587E+21,1.03707E+16,5.43728E+16
6103,1.17111E+18,1,0,53,3,2017,11,12,3,2,8,1,0,1,0,0,0,0,0,5.86478E+20,5.93161E+21,1.03045E+16,5.35263E+16
6104,1.17121E+18,1,0,58,135,2017,12,15,5,2,5,3,1,1,0,0,0,1,1,5.43003E+20,6.01801E+21,9.66094E+15,5.43081E+16
6105,2.17022E+18,2,3,5,317,2017,2,9,5,1,0,7,0,0,0,1,0,0,0,5.63775E+20,5.93945E+21,9.96373E+15,5.36E+16
6106,1.17112E+18,1,0,58,139,2017,11,17,3,3,5,3,1,1,0,0,0,2,1,5.66906E+20,6.01253E+21,1.0027E+16,5.42563E+16
6107,1.17111E+18,1,0,62,82,2017,11,13,3,2,5,3,1,1,0,0,0,0,0,5.92639E+20,5.94166E+21,1.04004E+16,5.36155E+16
6108,1.17122E+18,1,0,2,0,2017,12,17,5,3,3,6,0,1,0,0,1,2,0,5.72782E+20,6.02263E+21,1.01197E+16,5.43463E+16
6109,1.17111E+18,1,0,3,0,2017,11,15,3,3,5,3,0,1,0,1,0,0,0,6.11306E+20,5.96906E+21,1.06924E+16,5.38581E+16
6110,1.17112E+18,1,0,4,0,2017,11,16,3,3,1,5,0,1,0,0,0,2,1,5.64465E+20,5.99507E+21,9.98583E+15,5.40998E+16
6111,1.17111E+18,1,0,4,0,2017,11,22,3,3,8,1,0,1,0,0,0,2,1,5.60901E+20,5.98881E+21,9.93008E+15,5.40439E+16
6112,1.17122E+18,1,0,54,163,2017,12,7,5,3,4,6,0,1,0,0,0,2,1,4.70708E+20,6.06156E+21,8.54547E+15,5.47005E+16
6113,1.17111E+18,1,0,58,53,2017,11,14,3,3,3,6,1,0,0,0,1,0,0,5.69542E+20,6.01046E+21,1.0067E+16,5.42374E+16
6114,1.17111E+18,1,0,58,66,2017,11,15,3,2,4,6,0,1,0,0,1,1,1,5.51038E+20,6.02849E+21,9.78621E+15,5.44016E+16
6115,1.17123E+18,1,0,60,43,2017,12,4,5,3,8,7,0,1,0,0,0,2,0,5.76659E+20,5.96314E+21,1.01642E+16,5.38111E+16
6116,1.17102E+18,1,0,53,75,2017,10,15,6,2,8,7,0,0,0,0,1,0,1,6.08214E+20,5.96032E+21,1.06423E+16,5.37802E+16
6117,1.17111E+18,1,0,4,0,2017,11,9,3,3,5,3,0,1,0,0,0,0,0,5.64435E+20,5.99097E+21,9.9845E+15,5.4063E+16
6118,1.17121E+18,1,0,58,9,2017,12,17,5,3,9,1,0,1,0,0,0,2,1,5.52814E+20,5.9961E+21,9.80786E+15,5.41104E+16
6119,1.17102E+18,1,0,55,36,2017,10,5,6,3,8,1,0,1,0,0,0,2,1,6.27992E+20,6.00983E+21,1.09631E+16,5.42205E+16
6120,1.17112E+18,1,0,58,124,2017,11,15,3,2,5,3,1,1,0,0,0,0,0,5.45746E+20,6.01644E+21,9.70285E+15,5.42938E+16
6121,1.17122E+18,1,0,59,184,2017,12,21,5,3,9,1,0,0,0,0,1,2,1,5.27993E+20,6.06215E+21,9.43444E+15,5.47059E+16
6122,1.17111E+18,1,0,58,170,2017,11,18,3,3,5,3,1,1,0,0,0,2,0,5.68853E+20,6.0035E+21,1.00548E+16,5.4175E+16
6123,1.17121E+18,1,0,2,0,2017,12,14,5,2,5,3,1,1,0,0,0,1,0,5.74087E+20,6.01856E+21,1.01387E+16,5.43096E+16
6124,1.17102E+18,1,0,3,0,2017,10,13,6,3,4,7,0,1,0,0,0,0,0,6.07756E+20,5.96806E+21,1.06381E+16,5.38498E+16
6125,1.17112E+18,1,0,58,135,2017,11,18,3,2,6,2,0,1,1,0,0,2,1,5.41901E+20,6.0187E+21,9.6441E+15,5.43145E+16
6126,1.17122E+18,1,0,60,62,2017,12,2,5,3,8,1,0,1,0,0,0,2,1,5.86162E+20,5.96958E+21,1.03103E+16,5.38676E+16
6127,1.17121E+18,1,0,57,63,2017,12,13,5,3,2,6,0,1,0,0,0,0,0,5.81475E+20,6.0265E+21,1.02544E+16,5.43798E+16
6128,1.17121E+18,1,0,2,0,2017,12,7,5,3,2,6,0,1,0,0,0,1,0,5.74746E+20,6.01747E+21,1.01486E+16,5.42997E+16
6129,1.17102E+18,1,0,4,0,2017,10,19,6,3,2,6,0,1,0,0,0,2,1,5.6286E+20,5.99277E+21,9.96081E+15,5.40793E+16
6130,1.17111E+18,1,0,2,0,2017,11,15,3,3,2,6,0,0,0,0,1,0,0,5.74434E+20,6.02031E+21,1.01445E+16,5.43252E+16
6131,1.17122E+18,1,0,56,39,2017,12,6,5,3,9,1,0,1,0,0,0,2,1,5.54517E+20,5.94471E+21,9.82476E+15,5.36484E+16
6132,1.17121E+18,1,0,2,0,2017,12,7,5,3,4,6,1,0,0,0,0,1,0,5.74704E+20,6.01944E+21,1.01484E+16,5.43173E+16
6133,1.17121E+18,1,0,57,91,2017,12,19,5,3,6,2,0,0,1,0,1,2,1,5.78708E+20,6.01706E+21,1.02094E+16,5.42953E+16
6134,1.17102E+18,1,0,58,58,2017,10,11,6,3,8,1,0,1,0,0,0,0,0,5.63699E+20,6.02997E+21,9.98153E+15,5.44135E+16
6135,1.17112E+18,1,0,4,0,2017,11,12,3,3,5,2,0,0,0,1,1,0,0,5.63206E+20,5.99179E+21,9.9659E+15,5.40705E+16
6136,1.17122E+18,1,0,62,71,2017,12,7,5,3,2,6,0,1,0,0,1,2,1,5.81422E+20,5.94054E+21,1.02306E+16,5.36074E+16
6137,1.17111E+18,1,0,57,62,2017,11,14,3,3,5,2,1,1,0,0,0,0,0,5.83663E+20,6.01056E+21,1.02836E+16,5.42362E+16
6138,1.17122E+18,1,0,58,132,2017,12,17,5,3,2,6,0,1,0,0,0,2,0,5.47708E+20,6.02009E+21,9.73357E+15,5.43264E+16
6139,1.17121E+18,1,0,2,0,2017,12,17,5,3,1,6,0,1,0,0,0,2,1,5.73312E+20,6.02014E+21,1.01272E+16,5.43239E+16
6140,1.17121E+18,1,0,2,0,2017,12,17,5,3,2,6,0,1,0,0,1,2,1,5.73104E+20,6.01791E+21,1.01235E+16,5.43039E+16
6141,1.17122E+18,1,0,51,1,2017,12,7,4,3,5,3,0,1,0,0,0,2,1,5.18333E+20,5.9993E+21,9.28063E+15,5.41415E+16
6142,1.17122E+18,1,0,60,25,2017,12,16,4,3,4,7,0,1,0,0,0,1,1,5.99997E+20,5.99103E+21,1.05277E+16,5.40578E+16
6143,2.1701E+18,2,1,16,136,2017,1,15,2,2,2,6,0,1,0,0,0,0,0,5.68489E+20,5.9298E+21,1.00328E+16,5.35127E+16
6144,1.17121E+18,1,0,59,183,2017,12,15,5,3,2,6,0,1,0,0,0,1,1,5.2292E+20,6.06371E+21,9.35583E+15,5.47202E+16
6145,1.17122E+18,1,0,56,39,2017,12,17,4,3,2,6,0,1,0,0,0,2,1,5.5246E+20,5.94729E+21,9.79409E+15,5.36718E+16
6146,1.17122E+18,1,0,53,14,2017,12,7,4,3,5,3,0,1,0,0,0,1,1,6.07837E+20,5.94095E+21,1.06298E+16,5.36063E+16
6147,2.17011E+18,2,3,8,320,2017,1,16,5,3,2,6,0,1,0,0,0,1,0,5.60413E+20,5.94158E+21,9.91335E+15,5.36195E+16
6148,1.17121E+18,1,0,1,0,2017,12,16,5,3,2,2,0,1,0,0,0,1,1,5.29643E+20,6.07375E+21,9.46122E+15,5.48101E+16
6149,1.17122E+18,1,0,62,48,2017,12,11,4,3,5,3,0,1,0,0,0,0,1,6.02763E+20,5.97343E+21,1.0564E+16,5.38991E+16
6150,2.17011E+18,2,1,14,133,2017,1,7,3,3,2,6,0,1,0,0,0,0,0,5.68351E+20,5.93261E+21,1.00314E+16,5.3538E+16
6151,1.17121E+18,1,0,59,145,2017,12,17,5,3,5,3,0,1,0,0,0,2,1,5.36398E+20,6.07345E+21,9.56628E+15,5.48069E+16
6152,1.17112E+18,1,0,58,34,2017,11,18,3,3,5,2,1,1,0,0,0,2,1,5.43349E+20,6.01851E+21,9.66633E+15,5.43127E+16
6153,1.17122E+18,1,0,62,18,2017,12,11,4,2,8,1,0,1,0,0,0,0,1,5.80585E+20,5.93272E+21,1.0216E+16,5.35372E+16
6154,1.17121E+18,1,0,58,98,2017,12,7,5,3,2,6,0,1,0,0,0,0,0,5.62931E+20,6.00179E+21,9.96377E+15,5.41604E+16
6155,2.17021E+18,2,2,5,217,2017,2,17,7,3,2,6,0,1,0,0,0,1,0,5.57697E+20,5.93616E+21,9.87129E+15,5.35711E+16
6156,1.17121E+18,1,0,51,1,2017,12,6,4,2,5,3,0,1,0,0,1,2,1,5.19981E+20,5.99761E+21,9.30575E+15,5.41262E+16
6157,1.17101E+18,1,0,55,1,2017,10,17,6,3,2,6,0,1,0,0,0,0,0,6.03082E+20,5.98624E+21,1.05732E+16,5.40141E+16
6158,1.17102E+18,1,0,4,0,2017,10,13,6,2,1,6,0,1,0,0,0,0,1,5.62823E+20,5.99181E+21,9.96004E+15,5.40706E+16
6159,1.17112E+18,1,0,2,0,2017,11,15,3,3,5,3,1,1,0,0,0,0,0,5.74141E+20,6.01773E+21,1.01394E+16,5.43021E+16
6160,1.17122E+18,1,0,62,6,2017,12,15,4,2,4,6,0,1,0,0,0,1,1,5.82649E+20,5.95333E+21,1.02526E+16,5.37221E+16
6161,1.17112E+18,1,0,2,0,2017,11,19,3,2,6,4,0,1,1,0,0,2,1,5.74603E+20,6.01792E+21,1.01465E+16,5.43037E+16
6162,1.17122E+18,1,0,62,6,2017,12,12,4,2,4,6,0,1,0,0,0,0,1,5.82966E+20,5.95386E+21,1.02575E+16,5.37268E+16
6163,1.17121E+18,1,0,56,36,2017,12,16,4,3,2,6,0,1,0,0,0,2,0,5.44201E+20,5.9461E+21,9.66891E+15,5.36618E+16
6164,2.17022E+18,2,2,7,219,2017,2,17,5,3,2,6,0,1,0,0,1,1,0,5.59462E+20,5.93417E+21,9.89756E+15,5.35531E+16
6165,1.17121E+18,1,0,56,50,2017,12,7,4,3,2,6,0,1,0,0,0,2,0,5.472E+20,5.93728E+21,9.71296E+15,5.35823E+16
6166,1.17112E+18,1,0,54,65,2017,11,14,3,3,9,1,0,1,0,0,0,0,0,4.79607E+20,6.07932E+21,8.6823E+15,5.48605E+16
6167,1.17122E+18,1,0,3,0,2017,12,10,4,3,2,6,0,1,0,0,0,0,1,6.11019E+20,5.9683E+21,1.06877E+16,5.38513E+16
6168,1.17112E+18,1,0,1,0,2017,11,19,3,3,2,6,0,1,0,0,0,2,1,5.2752E+20,6.07124E+21,9.42795E+15,5.47876E+16
6169,1.17111E+18,1,0,2,0,2017,11,9,3,3,5,2,1,1,0,0,0,0,0,5.73617E+20,6.01929E+21,1.01317E+16,5.43162E+16
6170,1.17122E+18,1,0,3,0,2017,12,7,4,3,4,7,0,1,0,0,0,2,1,6.1095E+20,5.96812E+21,1.06866E+16,5.38497E+16
6171,1.17121E+18,1,0,56,50,2017,12,16,4,3,2,2,0,1,0,0,1,2,0,5.47168E+20,5.9392E+21,9.71276E+15,5.35995E+16
6172,1.17112E+18,1,0,1,0,2017,11,7,3,3,0,1,1,0,0,0,0,0,1,5.28945E+20,6.07217E+21,9.45021E+15,5.47959E+16
6173,1.17122E+18,1,0,3,0,2017,12,13,4,3,5,3,1,1,0,0,0,0,1,6.1238E+20,5.96967E+21,1.07089E+16,5.38633E+16