OBJECTID,UIDENTSTLA,ULAND,UREGBEZ,UKREIS,UGEMEINDE,UJAHR,UMONAT,USTUNDE,UWOCHENTAG,UKATEGORIE,UART,UTYP1,IstRad,IstPKW,IstFuss,IstKrad,IstSonstig,LICHT,STRZUSTAND,LINREFX,LINREFY,XGCSWGS84,YGCSWGS84
6174,1.17111E+18,1,0,59,75,2017,11,17,3,2,6,2,0,1,1,0,0,2,0,5.36046E+20,6.043E+21,9.55705E+15,5.45333E+16
6175,1.17121E+18,1,0,56,29,2017,12,15,4,3,6,4,0,1,1,0,0,0,0,5.42704E+20,5.9528E+21,9.64718E+15,5.37221E+16
6176,1.17112E+18,1,0,59,39,2017,11,17,3,3,5,2,1,1,0,0,0,2,1,5.22252E+20,6.03402E+21,9.3432E+15,5.44533E+16
6177,1.17111E+18,1,0,54,84,2017,11,14,3,3,0,7,0,1,0,0,1,0,0,5.06244E+20,6.0359E+21,9.09634E+15,5.44707E+16
6178,1.17122E+18,1,0,3,0,2017,12,16,4,3,6,7,0,1,1,0,0,2,0,6.18407E+20,5.97394E+21,1.08022E+16,5.39003E+16
6179,1.17123E+18,1,0,51,118,2017,12,21,5,3,8,1,0,1,0,0,0,2,1,4.99731E+20,5.98297E+21,8.99589E+15,5.39951E+16
6180,1.17112E+18,1,0,58,1,2017,11,7,3,3,2,6,0,1,0,0,1,0,1,5.67097E+20,6.01809E+21,1.00312E+16,5.43063E+16
6181,1.17111E+18,1,0,54,159,2017,11,7,3,3,9,1,0,1,0,0,0,0,0,5.11813E+20,6.03627E+21,9.18229E+15,5.44739E+16
6182,1.17122E+18,1,0,55,21,2017,12,17,4,3,5,2,0,1,0,1,0,2,1,6.30617E+20,6.02603E+21,1.10104E+16,5.43653E+16
6183,1.17123E+18,1,0,57,77,2017,12,13,6,3,2,6,0,1,0,0,0,0,0,5.93065E+20,6.01673E+21,1.04298E+16,5.429E+16
6184,1.17111E+18,1,0,59,81,2017,11,16,3,3,5,3,1,1,0,0,0,1,0,5.36083E+20,6.0504E+21,9.55854E+15,5.45998E+16
6185,1.17123E+18,1,0,53,61,2017,12,11,6,3,5,2,0,1,0,0,0,0,0,6.02953E+20,5.95602E+21,1.05611E+16,5.37426E+16
6186,1.17102E+18,1,0,2,0,2017,10,16,6,2,9,1,0,1,0,0,0,0,1,5.74215E+20,6.02711E+21,1.01428E+16,5.43863E+16
6187,1.17111E+18,1,0,59,53,2017,11,17,3,2,5,2,0,1,0,0,0,2,0,5.32738E+20,6.0285E+21,9.50433E+15,5.44032E+16
6188,1.17121E+18,1,0,62,4,2017,12,16,4,3,6,7,0,0,1,0,1,2,0,5.91266E+20,5.96239E+21,1.03858E+16,5.38021E+16
6189,1.17102E+18,1,0,2,0,2017,10,18,6,3,6,4,0,1,1,0,0,2,1,5.73144E+20,6.02177E+21,1.0125E+16,5.43385E+16
6190,1.17111E+18,1,0,3,0,2017,11,17,3,3,2,6,0,1,0,0,0,2,0,6.04687E+20,5.96792E+21,1.05914E+16,5.38492E+16
6191,1.17111E+18,1,0,61,44,2017,11,17,2,3,5,2,0,1,0,0,0,2,0,5.4205E+20,5.9594E+21,9.63816E+15,5.37815E+16
6192,1.17121E+18,1,0,62,1,2017,12,7,4,3,5,2,1,1,0,0,0,1,0,5.81561E+20,5.94859E+21,1.02348E+16,5.36796E+16
6193,1.17102E+18,1,0,2,0,2017,10,16,6,3,1,5,0,1,0,0,0,0,1,5.7381E+20,6.02069E+21,1.0135E+16,5.43287E+16
6194,1.17111E+18,1,0,51,76,2017,11,10,2,3,0,7,1,0,0,0,0,0,1,5.01966E+20,5.97368E+21,9.02994E+15,5.39115E+16
6195,1.17122E+18,1,0,58,53,2017,12,11,4,2,5,3,1,1,0,0,0,0,1,5.68845E+20,6.01232E+21,1.00567E+16,5.42542E+16
6196,1.17111E+18,1,0,51,67,2017,11,6,2,3,1,5,0,1,0,0,0,2,1,5.03983E+20,6.00084E+21,9.061E+15,5.41556E+16
6197,1.17121E+18,1,0,3,0,2017,12,8,4,3,5,3,1,1,0,0,0,0,0,6.09213E+20,5.97082E+21,1.06612E+16,5.38744E+16
6198,1.17102E+18,1,0,2,0,2017,10,11,6,3,5,3,0,1,0,1,0,0,0,5.77129E+20,6.01706E+21,1.01851E+16,5.42956E+16
6199,1.17111E+18,1,0,51,13,2017,11,13,2,3,8,1,0,1,0,0,0,0,0,4.91947E+20,5.9998E+21,8.87671E+15,5.41463E+16
6200,1.17122E+18,1,0,58,43,2017,12,18,4,2,5,3,1,1,0,0,0,2,1,5.54164E+20,6.03451E+21,9.83546E+15,5.44554E+16
6201,1.17121E+18,1,0,55,2,2017,12,14,4,3,2,6,0,1,0,0,0,0,0,6.19184E+20,5.99967E+21,1.08241E+16,5.41313E+16
6202,1.17122E+18,1,0,2,0,2017,12,17,4,3,5,2,1,0,0,0,1,2,1,5.73568E+20,6.02157E+21,1.01315E+16,5.43367E+16
6203,1.17111E+18,1,0,60,5,2017,11,9,2,3,5,2,1,1,0,0,0,0,0,5.86656E+20,5.97602E+21,1.03197E+16,5.39253E+16
6204,1.17122E+18,1,0,2,0,2017,12,14,4,3,3,6,0,1,0,0,0,0,1,5.76579E+20,6.01968E+21,1.01773E+16,5.43193E+16
6205,1.17121E+18,1,0,58,5,2017,12,7,4,3,5,2,0,1,0,0,0,2,1,5.73879E+20,6.02775E+21,1.01378E+16,5.43922E+16
6206,1.17122E+18,1,0,1,0,2017,12,15,4,3,6,4,0,1,1,0,0,0,1,5.31253E+20,6.0731E+21,9.4862E+15,5.48041E+16
6207,1.17122E+18,1,0,54,12,2017,12,22,4,3,9,1,0,1,0,0,0,2,1,5.02338E+20,6.04976E+21,9.03619E+15,5.45953E+16
6208,2.17011E+18,2,4,2,405,2017,1,17,4,3,3,6,0,1,0,0,0,2,1,5.65112E+20,5.9394E+21,9.98392E+15,5.35994E+16
6209,1.17121E+18,1,0,58,135,2017,12,21,4,3,5,2,0,1,0,0,0,2,0,5.42704E+20,6.0165E+21,9.65612E+15,5.42946E+16
6210,1.17122E+18,1,0,60,2,2017,12,13,4,3,3,7,0,1,0,0,1,0,1,5.61903E+20,5.95989E+21,9.93952E+15,5.37839E+16
6211,1.17122E+18,1,0,51,74,2017,12,16,3,3,5,3,1,1,0,0,0,0,1,5.05979E+20,5.99346E+21,9.09142E+15,5.40893E+16
6212,2.17012E+18,2,4,7,416,2017,1,17,2,3,2,6,0,1,0,0,0,1,1,5.67981E+20,5.9347E+21,1.00262E+16,5.35568E+16
6213,1.17121E+18,1,0,2,0,2017,12,20,4,2,5,2,1,1,0,0,0,2,0,5.70103E+20,6.01747E+21,1.00772E+16,5.43003E+16
6214,1.17122E+18,1,0,51,97,2017,12,17,3,3,5,2,0,1,0,1,0,2,1,5.07623E+20,5.9817E+21,9.11625E+15,5.39836E+16
6215,1.17121E+18,1,0,2,0,2017,12,19,4,3,6,4,0,1,1,0,0,2,0,5.74571E+20,6.01827E+21,1.01461E+16,5.43068E+16
6216,2.17012E+18,2,3,9,321,2017,1,16,6,2,4,2,0,1,0,0,0,1,1,5.62056E+20,5.93691E+21,9.93725E+15,5.35774E+16
6217,1.17121E+18,1,0,2,0,2017,12,18,4,3,1,5,1,1,0,0,0,2,1,5.74116E+20,6.02168E+21,1.01399E+16,5.43376E+16
6218,1.17111E+18,1,0,56,41,2017,11,17,2,3,4,2,0,1,0,0,0,2,1,5.60505E+20,5.95603E+21,9.91756E+15,5.37494E+16
6219,1.17122E+18,1,0,60,5,2017,12,14,3,3,2,6,0,1,0,0,1,0,1,5.85946E+20,5.97696E+21,1.03091E+16,5.39339E+16
6220,1.17121E+18,1,0,51,82,2017,12,14,4,3,8,1,0,1,0,0,0,0,0,5.09438E+20,6.00204E+21,9.14457E+15,5.41664E+16
6221,1.17101E+18,1,0,58,9,2017,10,13,6,3,2,2,0,1,0,0,0,0,0,5.49406E+20,5.99124E+21,9.75494E+15,5.4067E+16
6222,1.17111E+18,1,0,56,39,2017,11,10,2,3,6,2,0,1,1,1,0,0,0,5.53399E+20,5.94586E+21,9.80804E+15,5.36588E+16
6223,1.17122E+18,1,0,60,63,2017,12,15,3,3,5,2,0,1,0,0,0,0,0,5.68294E+20,5.94895E+21,1.00341E+16,5.36848E+16
6224,1.17121E+18,1,0,51,67,2017,12,17,3,3,8,7,0,1,0,0,0,2,1,5.04069E+20,6.00207E+21,9.06232E+15,5.41667E+16
6225,1.17101E+18,1,0,58,127,2017,10,6,6,2,8,1,0,0,0,1,0,2,1,5.41125E+20,6.02406E+21,9.6329E+15,5.43627E+16
6226,1.17123E+18,1,0,54,56,2017,12,21,5,3,9,1,1,0,0,0,0,2,1,5.04216E+20,6.0366E+21,9.06506E+15,5.4477E+16
6227,1.17111E+18,1,0,53,53,2017,11,12,2,3,2,6,0,1,0,0,1,0,0,5.90814E+20,5.925E+21,1.0368E+16,5.34661E+16
6228,1.17101E+18,1,0,58,5,2017,10,2,6,3,9,3,0,1,0,0,0,2,0,5.72635E+20,6.02811E+21,1.01188E+16,5.43956E+16
6229,1.17101E+18,1,0,57,70,2017,10,8,6,3,5,3,1,1,0,0,0,0,0,5.84341E+20,6.0099E+21,1.02938E+16,5.42301E+16
6230,1.17123E+18,1,0,60,19,2017,12,17,4,3,2,6,0,1,0,0,0,2,0,5.60565E+20,5.95608E+21,9.91847E+15,5.37499E+16
6231,1.17111E+18,1,0,62,9,2017,11,8,2,3,3,6,0,1,0,0,1,0,0,5.79551E+20,5.93672E+21,1.02014E+16,5.35733E+16
6232,1.17111E+18,1,0,53,32,2017,11,18,2,3,2,6,0,1,0,0,0,2,1,5.91225E+20,5.92171E+21,1.03733E+16,5.34365E+16
6233,1.17101E+18,1,0,54,56,2017,10,7,6,3,5,3,0,1,0,0,0,1,0,5.03614E+20,6.03705E+21,9.05578E+15,5.4481E+16
6234,1.17101E+18,1,0,1,0,2017,10,15,6,3,7,7,1,1,0,0,0,0,0,5.27884E+20,6.07161E+21,9.43366E+15,5.47909E+16
6235,1.17123E+18,1,0,62,61,2017,12,6,4,3,8,1,0,1,0,0,0,2,0,5.96485E+20,5.96452E+21,1.04657E+16,5.38202E+16
6236,1.17111E+18,1,0,3,0,2017,11,13,2,3,5,3,1,1,0,0,0,0,0,6.13113E+20,5.96487E+21,1.07183E+16,5.38201E+16
6237,1.17101E+18,1,0,59,56,2017,10,12,6,3,2,6,0,1,0,0,0,0,0,5.38062E+20,6.03336E+21,9.58696E+15,5.44465E+16
6238,1.17111E+18,1,0,55,35,2017,11,8,2,2,6,4,0,1,1,0,0,0,1,6.13941E+20,5.97596E+21,1.0735E+16,5.39195E+16
6239,1.17101E+18,1,0,58,24,2017,10,13,6,3,2,6,0,1,0,0,0,0,0,5.46191E+20,6.02173E+21,9.7105E+15,5.43414E+16
6240,1.17101E+18,1,0,51,72,2017,10,18,5,3,2,3,1,1,0,0,0,0,1,5.00567E+20,5.97833E+21,9.00863E+15,5.39533E+16
6241,1.17102E+18,1,0,59,173,2017,10,19,6,3,0,1,0,1,0,0,0,2,1,5.15859E+20,6.06953E+21,9.24653E+15,5.47727E+16
6242,1.17101E+18,1,0,51,11,2017,10,18,5,3,3,6,0,1,0,1,0,2,1,5.0446E+20,5.97324E+21,9.06788E+15,5.39076E+16
6243,1.17102E+18,1,0,61,102,2017,10,4,5,3,4,6,0,1,0,0,0,2,0,5.26468E+20,5.97502E+21,9.40304E+15,5.39229E+16
6244,1.17101E+18,1,0,61,15,2017,10,16,5,3,2,6,0,1,0,1,0,0,0,5.26683E+20,5.96394E+21,9.40535E+15,5.38234E+16
6245,1.17102E+18,1,0,51,74,2017,10,12,5,3,8,6,0,0,0,1,1,0,0,5.05736E+20,5.9934E+21,9.0877E+15,5.40888E+16
6246,2.17022E+18,2,4,6,415,2017,2,18,3,3,2,6,0,1,0,0,0,2,0,5.6828E+20,5.93585E+21,1.0031E+16,5.35671E+16
6247,1.17101E+18,1,0,60,44,2017,10,13,5,3,2,6,0,1,0,0,0,0,0,5.62254E+20,5.96635E+21,9.94615E+15,5.38419E+16
6248,1.17102E+18,1,0,51,1,2017,10,9,5,3,3,6,0,1,0,0,1,0,0,5.18713E+20,6.0002E+21,9.28651E+15,5.41496E+16
6249,1.17112E+18,1,0,3,0,2017,11,16,3,3,9,1,0,0,0,0,1,2,1,6.06989E+20,5.96969E+21,1.0627E+16,5.38646E+16
6250,2.17023E+18,2,3,4,316,2017,2,5,1,3,5,3,0,1,0,0,0,1,1,5.64118E+20,5.93791E+21,9.96859E+15,5.35861E+16
6251,1.17121E+18,1,0,61,36,2017,12,7,3,3,8,1,0,1,0,0,0,1,1,5.45948E+20,5.98583E+21,9.70129E+15,5.40187E+16
6252,1.17101E+18,1,0,56,15,2017,10,13,5,3,5,3,1,1,0,0,0,0,0,5.43764E+20,5.95691E+21,9.66383E+15,5.3759E+16
6253,1.17101E+18,1,0,62,4,2017,10,18,5,3,2,7,0,1,0,1,0,2,0,5.90887E+20,5.96342E+21,1.03804E+16,5.38114E+16
6254,1.17112E+18,1,0,61,44,2017,11,7,3,3,9,1,0,1,0,0,0,2,1,5.41383E+20,5.96487E+21,9.62878E+15,5.38307E+16
6255,2.17012E+18,2,3,1,306,2017,1,6,2,3,2,6,0,1,0,0,0,2,0,5.63353E+20,5.93622E+21,9.9567E+15,5.3571E+16
6256,1.17121E+18,1,0,56,15,2017,12,8,3,3,5,2,1,1,0,0,0,1,1,5.42572E+20,5.95678E+21,9.64573E+15,5.37579E+16
6257,1.17101E+18,1,0,3,0,2017,10,11,5,3,2,6,0,1,0,0,1,0,0,6.12295E+20,5.97096E+21,1.07081E+16,5.38749E+16
6258,1.17112E+18,1,0,51,11,2017,11,6,2,3,2,2,0,1,0,0,0,2,1,5.12979E+20,5.97334E+21,9.19757E+15,5.39083E+16
6259,1.17101E+18,1,0,3,0,2017,10,14,5,3,5,3,1,1,0,0,0,0,0,6.11612E+20,5.96878E+21,1.06969E+16,5.38555E+16
6260,1.17112E+18,1,0,61,23,2017,11,8,2,2,2,6,0,1,0,0,1,0,1,5.24269E+20,5.97377E+21,9.36946E+15,5.39118E+16
6261,1.17123E+18,1,0,62,48,2017,12,1,4,3,9,7,0,1,0,0,0,2,0,6.03297E+20,5.97345E+21,1.05721E+16,5.38991E+16
6262,1.17121E+18,1,0,60,63,2017,12,8,3,2,5,3,0,1,0,1,0,0,1,5.65278E+20,5.94852E+21,9.98834E+15,5.36813E+16
6263,2.17013E+18,2,3,9,321,2017,1,17,6,3,5,3,1,1,0,0,0,2,0,5.61745E+20,5.93786E+21,9.93274E+15,5.35859E+16
6264,1.17121E+18,1,0,62,20,2017,12,7,3,3,2,6,0,1,0,0,0,1,1,5.92305E+20,5.93879E+21,1.03945E+16,5.35898E+16
6265,1.17101E+18,1,0,3,0,2017,10,7,5,3,5,2,1,1,0,0,0,0,0,6.09425E+20,5.96855E+21,1.06636E+16,5.38539E+16
6266,1.17112E+18,1,0,60,10,2017,11,8,2,3,8,1,0,0,0,0,1,0,2,5.86187E+20,5.98681E+21,1.03156E+16,5.40224E+16
6267,1.17101E+18,1,0,58,77,2017,10,7,5,3,4,2,0,1,0,1,0,1,1,5.4244E+20,5.99385E+21,9.64887E+15,5.40911E+16
6268,1.17112E+18,1,0,60,5,2017,11,5,2,3,8,1,0,1,0,1,0,2,2,5.86652E+20,5.97613E+21,1.03196E+16,5.39263E+16
6269,1.17123E+18,1,0,53,116,2017,12,17,4,3,5,3,0,1,0,0,0,2,0,5.98298E+20,5.92974E+21,1.04822E+16,5.35074E+16
6270,1.17121E+18,1,0,62,18,2017,12,7,3,3,2,6,0,1,0,1,0,1,1,5.79249E+20,5.93307E+21,1.01959E+16,5.35405E+16
6271,2.17013E+18,2,7,13,714,2017,1,13,3,3,3,6,0,1,0,0,0,0,1,5.59064E+20,5.92514E+21,9.88985E+15,5.34719E+16
6272,1.17101E+18,1,0,4,0,2017,10,22,5,3,1,6,0,1,0,0,0,2,1,5.63353E+20,5.99358E+21,9.96852E+15,5.40865E+16
6273,1.17112E+18,1,0,60,46,2017,11,15,2,3,2,6,0,1,0,0,1,0,1,5.74497E+20,5.95744E+21,1.013E+16,5.37602E+16
6274,1.17112E+18,1,0,60,12,2017,11,6,2,3,9,1,0,0,0,0,1,2,2,5.79634E+20,5.99072E+21,1.02166E+16,5.40586E+16
6275,1.17111E+18,1,0,4,0,2017,11,8,2,3,5,2,0,1,0,0,0,0,0,5.61584E+20,5.99161E+21,9.94107E+15,5.4069E+16
6276,1.17123E+18,1,0,62,36,2017,12,18,4,3,0,7,0,1,0,0,0,2,1,5.79821E+20,5.9556E+21,1.02103E+16,5.3743E+16
6277,1.17121E+18,1,0,53,83,2017,12,21,3,3,1,5,0,1,0,1,0,2,1,6.02633E+20,5.91498E+21,1.05427E+16,5.3374E+16
6278,2.1702E+18,2,1,16,136,2017,2,14,6,3,1,6,0,1,0,0,1,0,0,5.67986E+20,5.92643E+21,1.00245E+16,5.34825E+16
6279,1.17101E+18,1,0,2,0,2017,10,17,5,3,5,3,1,1,0,0,0,0,0,5.76134E+20,6.01731E+21,1.01699E+16,5.4298E+16
6280,1.17111E+18,1,0,58,77,2017,11,11,2,3,5,3,0,1,0,1,0,0,0,5.42449E+20,5.99368E+21,9.64898E+15,5.40896E+16
6281,1.17123E+18,1,0,2,0,2017,12,17,4,3,3,6,0,1,0,0,0,2,0,5.74294E+20,6.01771E+21,1.01417E+16,5.43018E+16
6282,1.17121E+18,1,0,3,0,2017,12,8,3,3,2,6,1,0,0,0,0,0,1,6.10915E+20,5.96803E+21,1.06861E+16,5.38489E+16
6283,2.17021E+18,2,3,6,318,2017,2,7,5,3,0,6,0,1,0,0,1,0,0,5.63199E+20,5.94076E+21,9.95528E+15,5.36118E+16
6284,1.17112E+18,1,0,60,75,2017,11,17,2,3,4,1,0,1,0,0,1,2,1,5.87432E+20,5.99088E+21,1.03357E+16,5.40587E+16
6285,1.17111E+18,1,0,2,0,2017,11,8,2,3,2,2,0,1,0,0,0,0,0,5.72775E+20,6.01807E+21,1.01185E+16,5.43053E+16
6286,1.17111E+18,1,0,2,0,2017,11,19,2,3,5,3,0,1,0,0,1,2,0,5.73691E+20,6.0221E+21,1.01335E+16,5.43414E+16
6287,1.17112E+18,1,0,60,25,2017,11,6,2,3,9,1,0,1,0,0,0,2,2,6.02103E+20,5.98785E+21,1.05588E+16,5.40288E+16
6288,1.17111E+18,1,0,2,0,2017,11,16,2,3,5,2,1,1,0,0,0,1,0,5.72169E+20,6.01765E+21,1.0109E+16,5.43017E+16
6289,1.17122E+18,1,0,56,41,2017,12,11,3,3,5,3,0,1,0,0,1,0,0,5.58542E+20,5.95318E+21,9.88725E+15,5.3724E+16
6290,1.17111E+18,1,0,2,0,2017,11,15,2,3,5,2,1,1,0,0,0,0,0,5.71673E+20,6.0206E+21,1.01021E+16,5.43282E+16
6291,1.17111E+18,1,0,54,76,2017,11,8,2,2,5,3,1,1,0,0,0,0,1,4.98353E+20,6.06942E+21,8.9744E+15,5.4772E+16
6292,1.17111E+18,1,0,54,68,2017,11,14,2,2,7,7,0,1,0,0,0,0,0,4.92752E+20,6.07264E+21,8.88726E+15,5.48009E+16
6293,1.17102E+18,1,0,51,64,2017,10,15,5,3,5,3,0,1,0,1,0,0,0,5.12723E+20,5.98013E+21,9.19396E+15,5.39693E+16
6294,1.17111E+18,1,0,59,123,2017,11,16,2,3,9,7,0,0,0,0,1,0,0,5.0813E+20,6.06704E+21,9.12631E+15,5.47506E+16
6295,1.17121E+18,1,0,55,43,2017,12,7,3,3,8,7,0,0,0,0,1,0,1,6.11155E+20,6.01685E+21,1.07076E+16,5.42875E+16
6296,1.17102E+18,1,0,60,57,2017,10,5,5,3,2,6,0,1,0,0,0,2,0,5.83093E+20,5.97251E+21,1.02645E+16,5.38944E+16
6297,1.17112E+18,1,0,62,1,2017,11,7,2,3,5,2,0,1,0,0,0,0,0,5.81706E+20,5.94815E+21,1.02369E+16,5.36757E+16
6298,1.17111E+18,1,0,1,0,2017,11,15,2,3,5,3,1,1,0,0,0,0,0,5.27998E+20,6.06958E+21,9.43522E+15,5.47726E+16
6299,1.17102E+18,1,0,56,18,2017,10,6,5,3,4,6,0,1,0,1,0,2,0,5.57634E+20,5.94238E+21,9.87148E+15,5.3627E+16
6300,1.17102E+18,1,0,60,63,2017,10,7,5,3,4,2,0,1,0,1,0,0,0,5.65253E+20,5.94784E+21,9.98782E+15,5.36752E+16
6301,1.17102E+18,1,0,53,32,2017,10,14,5,3,5,3,0,1,0,0,1,0,0,5.89007E+20,5.92125E+21,1.03397E+16,5.34327E+16
6302,1.17121E+18,1,0,3,0,2017,12,11,3,3,5,2,0,1,0,0,0,0,1,6.07754E+20,5.96861E+21,1.06382E+16,5.38548E+16
6303,1.17101E+18,1,0,2,0,2017,10,17,5,2,5,2,1,1,0,0,0,0,1,5.75131E+20,6.02171E+21,1.01556E+16,5.43377E+16
6304,1.17102E+18,1,0,53,120,2017,10,17,5,3,8,1,0,0,0,0,1,0,0,6.06442E+20,5.95505E+21,1.06136E+16,5.37333E+16
6305,1.17121E+18,1,0,3,0,2017,12,15,3,3,5,3,0,1,0,0,0,1,1,6.09179E+20,5.96713E+21,1.06594E+16,5.38412E+16
6306,1.17101E+18,1,0,2,0,2017,10,16,5,3,5,2,0,1,0,0,0,0,0,5.68796E+20,6.0203E+21,1.00578E+16,5.43259E+16
6307,1.17112E+18,1,0,62,61,2017,11,3,2,3,8,1,0,1,0,0,0,2,1,5.97127E+20,5.96467E+21,1.04755E+16,5.38215E+16
6308,1.17121E+18,1,0,3,0,2017,12,17,3,3,0,7,1,0,0,0,0,2,1,6.16255E+20,5.97485E+21,1.07698E+16,5.39091E+16
6309,1.17101E+18,1,0,57,91,2017,10,9,5,3,2,6,0,1,0,0,1,0,1,5.82933E+20,6.01254E+21,1.0273E+16,5.42541E+16
6310,1.17101E+18,1,0,2,0,2017,10,17,5,3,5,2,1,1,0,0,0,1,1,5.73313E+20,6.02015E+21,1.01272E+16,5.43239E+16
6311,1.17112E+18,1,0,53,100,2017,11,17,2,3,5,3,0,1,0,0,0,2,1,6.17667E+20,5.95018E+21,1.07818E+16,5.3687E+16
6312,1.17123E+18,1,0,59,44,2017,12,13,4,3,4,7,1,1,0,0,0,0,0,5.26251E+20,6.04567E+21,9.40593E+15,5.45578E+16
6313,1.17121E+18,1,0,58,169,2017,12,12,3,3,2,6,0,1,0,0,0,0,0,5.58557E+20,5.99154E+21,9.89481E+15,5.40687E+16
6314,2.1702E+18,2,2,1,206,2017,2,18,4,3,4,2,1,1,0,0,0,2,0,5.6357E+20,5.93501E+21,9.95973E+15,5.35602E+16
6315,1.17121E+18,1,0,57,57,2017,12,13,3,3,5,3,0,1,0,0,1,0,1,5.93196E+20,6.0025E+21,1.04274E+16,5.41621E+16
6316,1.17101E+18,1,0,54,42,2017,10,13,5,3,2,2,0,1,0,0,0,0,0,5.01724E+20,6.04203E+21,9.02664E+15,5.45259E+16
6317,1.17101E+18,1,0,54,88,2017,10,11,5,2,5,3,1,1,0,0,0,0,0,4.88894E+20,6.07134E+21,8.82729E+15,5.47891E+16
6318,1.17112E+18,1,0,3,0,2017,11,10,2,3,5,3,0,0,0,1,1,0,0,6.12138E+20,5.97094E+21,1.07057E+16,5.38748E+16
6319,1.17123E+18,1,0,54,119,2017,12,7,4,3,8,7,0,1,0,0,0,2,1,5.09251E+20,6.02429E+21,9.14238E+15,5.43663E+16
6320,1.17121E+18,1,0,54,95,2017,12,6,3,3,6,3,0,1,1,0,0,2,0,4.96164E+20,6.02498E+21,8.94095E+15,5.43726E+16
6321,2.1702E+18,2,1,16,136,2017,2,7,6,3,2,6,0,1,0,0,0,1,1,5.68599E+20,5.92772E+21,1.0034E+16,5.34939E+16
6322,1.17101E+18,1,0,61,83,2017,10,5,5,3,0,7,0,1,0,0,0,2,1,5.32276E+20,5.98001E+21,9.49201E+15,5.39675E+16
6323,1.17101E+18,1,0,62,94,2017,10,17,5,3,8,7,0,1,0,0,0,0,0,6.0237E+20,5.96595E+21,1.05555E+16,5.3832E+16
6324,1.17112E+18,1,0,55,33,2017,11,14,2,3,5,3,1,1,0,0,0,0,0,6.22827E+20,6.01746E+21,1.08871E+16,5.42903E+16
6325,1.17122E+18,1,0,56,43,2017,12,8,3,3,5,2,1,1,0,0,0,0,1,5.54057E+20,5.94551E+21,9.81795E+15,5.36555E+16
6326,1.17123E+18,1,0,56,41,2017,12,15,4,3,3,7,0,1,0,0,0,0,0,5.62607E+20,5.957E+21,9.94962E+15,5.37579E+16
6327,1.17121E+18,1,0,59,167,2017,12,18,3,3,4,6,0,1,0,0,0,2,1,5.47212E+20,6.06356E+21,9.73291E+15,5.47172E+16
6328,2.17021E+18,2,6,11,612,2017,2,6,5,2,3,6,0,1,0,0,1,1,0,5.71512E+20,5.92924E+21,1.00783E+16,5.35073E+16
6329,1.17121E+18,1,0,59,50,2017,12,5,3,3,5,3,0,1,0,0,1,2,1,5.29789E+20,6.02808E+21,9.45885E+15,5.43996E+16
6330,1.17101E+18,1,0,62,78,2017,10,20,5,3,3,3,0,1,0,0,1,2,0,5.87064E+20,5.94962E+21,1.03184E+16,5.36881E+16
6331,1.17112E+18,1,0,55,44,2017,11,7,2,3,9,1,0,1,0,0,0,0,2,6.15902E+20,5.98606E+21,1.07687E+16,5.40098E+16
6332,1.17112E+18,1,0,58,77,2017,11,15,2,2,5,2,0,1,0,0,0,0,1,5.42607E+20,5.99228E+21,9.65121E+15,5.4077E+16
6333,1.17111E+18,1,0,61,61,2017,11,12,2,3,2,6,0,1,0,0,0,0,0,5.36762E+20,5.96951E+21,9.55913E+15,5.38727E+16
6334,1.17122E+18,1,0,53,90,2017,12,17,3,2,6,3,0,1,1,0,0,2,1,6.11095E+20,5.94215E+21,1.06795E+16,5.36163E+16
6335,1.17121E+18,1,0,3,0,2017,12,13,3,3,2,6,0,1,0,0,1,0,1,6.14798E+20,5.97543E+21,1.07478E+16,5.39146E+16
6336,2.17021E+18,2,1,12,130,2017,2,7,3,3,3,6,0,1,0,0,0,0,1,5.75046E+20,5.93159E+21,1.01321E+16,5.35279E+16
6337,1.17101E+18,1,0,53,126,2017,10,14,5,2,3,7,0,1,0,0,1,0,0,6.05265E+20,5.93536E+21,1.05891E+16,5.35566E+16
6338,1.17112E+18,1,0,58,54,2017,11,9,2,3,2,2,0,1,0,0,1,0,0,5.3889E+20,6.01727E+21,9.59763E+15,5.43018E+16
6339,1.17122E+18,1,0,62,4,2017,12,8,3,3,2,2,0,1,0,0,1,0,1,5.9179E+20,5.96231E+21,1.03937E+16,5.38013E+16
6340,1.17111E+18,1,0,51,44,2017,11,16,1,2,6,4,0,1,1,0,0,0,1,5.06907E+20,6.00624E+21,9.10588E+15,5.42041E+16
6341,1.1712E+18,1,0,51,10,2017,12,15,2,3,9,1,0,1,0,0,0,1,1,5.151E+20,5.98427E+21,9.2304E+15,5.40065E+16
6342,1.17112E+18,1,0,58,5,2017,11,6,2,3,4,1,0,1,0,0,1,1,2,5.7207E+20,6.02692E+21,1.01098E+16,5.43849E+16
6343,1.17111E+18,1,0,51,74,2017,11,16,1,3,5,3,1,1,0,0,0,0,1,5.06294E+20,5.99341E+21,9.09622E+15,5.40888E+16
6344,1.17122E+18,1,0,53,47,2017,12,10,3,3,2,6,0,1,0,0,0,0,1,5.98804E+20,5.92247E+21,1.04875E+16,5.3442E+16
6345,1.17111E+18,1,0,60,59,2017,11,11,1,2,4,6,0,1,0,1,0,0,1,5.81605E+20,5.98156E+21,1.02443E+16,5.39759E+16
6346,1.17112E+18,1,0,58,3,2017,11,6,2,3,9,1,0,1,0,0,0,2,2,5.38459E+20,6.02194E+21,9.5916E+15,5.43438E+16
6347,1.17111E+18,1,0,60,64,2017,11,17,1,3,5,2,0,1,0,0,0,2,1,5.61443E+20,5.96715E+21,9.934E+15,5.38493E+16
6348,1.17122E+18,1,0,53,100,2017,12,9,3,3,5,3,1,1,0,0,0,0,1,6.17784E+20,5.95032E+21,1.07837E+16,5.36883E+16