OBJECTID,UIDENTSTLA,ULAND,UREGBEZ,UKREIS,UGEMEINDE,UJAHR,UMONAT,USTUNDE,UWOCHENTAG,UKATEGORIE,UART,UTYP1,IstRad,IstPKW,IstFuss,IstKrad,IstSonstig,LICHT,STRZUSTAND,LINREFX,LINREFY,XGCSWGS84,YGCSWGS84
6524,2.17011E+18,2,3,6,318,2017,1,13,4,3,6,4,0,1,1,0,0,0,1,5.634E+20,5.94058E+21,9.95829E+15,5.36102E+16
6525,1.1711E+18,1,0,60,68,2017,11,17,6,3,2,6,0,1,0,0,1,2,0,5.76455E+20,5.9859E+21,1.01668E+16,5.40157E+16
6526,1.17122E+18,1,0,53,133,2017,12,7,2,3,1,5,1,1,0,0,0,2,1,5.85514E+20,5.9301E+21,1.02896E+16,5.35129E+16
6527,1.1712E+18,1,0,58,92,2017,12,17,1,3,6,3,0,0,1,1,0,2,1,5.71398E+20,6.02237E+21,1.00983E+16,5.43442E+16
6528,2.17012E+18,2,4,6,414,2017,1,10,2,3,6,4,0,1,1,0,0,0,0,5.67696E+20,5.93664E+21,1.00224E+16,5.35742E+16
6529,1.1711E+18,1,0,60,44,2017,11,19,6,3,5,2,0,1,0,0,0,2,0,5.63468E+20,5.96555E+21,9.96444E+15,5.38346E+16
6530,1.1712E+18,1,0,54,132,2017,12,16,1,3,2,2,0,1,0,0,0,1,1,5.03435E+20,6.03149E+21,9.05296E+15,5.44311E+16
6531,2.17012E+18,2,3,8,320,2017,1,5,6,3,5,2,0,1,0,1,0,2,1,5.60109E+20,5.94195E+21,9.90882E+15,5.36229E+16
6532,1.1711E+18,1,0,56,39,2017,11,18,6,3,2,6,0,1,0,0,0,2,0,5.52431E+20,5.94768E+21,9.79371E+15,5.36752E+16
6533,1.1711E+18,1,0,60,28,2017,11,10,6,2,1,5,0,1,0,0,1,0,0,5.69649E+20,5.988E+21,1.00635E+16,5.40355E+16
6534,1.17101E+18,1,0,51,98,2017,10,23,3,3,7,7,0,1,0,0,0,2,1,5.11979E+20,5.99766E+21,9.1833E+15,5.41269E+16
6535,1.17123E+18,1,0,2,0,2017,12,12,3,3,5,3,0,1,0,0,0,0,1,5.72787E+20,6.01812E+21,1.01187E+16,5.43058E+16
6536,1.1711E+18,1,0,56,48,2017,11,17,6,3,5,3,1,0,0,0,1,1,0,5.47604E+20,5.9503E+21,9.72105E+15,5.36993E+16
6537,1.17122E+18,1,0,62,27,2017,12,18,2,3,2,6,0,1,0,0,0,2,0,5.87576E+20,5.95257E+21,1.0327E+16,5.37144E+16
6538,1.1711E+18,1,0,3,0,2017,11,15,6,3,3,6,0,1,0,0,0,0,0,6.10327E+20,5.96799E+21,1.06771E+16,5.38487E+16
6539,1.17123E+18,1,0,2,0,2017,12,16,3,2,9,1,0,1,0,0,0,2,1,5.76742E+20,6.01856E+21,1.01795E+16,5.43091E+16
6540,1.1711E+18,1,0,55,33,2017,11,14,6,3,4,2,0,1,0,0,0,0,0,6.21859E+20,6.01707E+21,1.0872E+16,5.4287E+16
6541,1.17101E+18,1,0,61,50,2017,10,17,3,3,5,3,0,1,0,0,0,1,1,5.40937E+20,5.9594E+21,9.62127E+15,5.37816E+16
6542,1.17123E+18,1,0,2,0,2017,12,13,3,3,6,7,1,0,1,0,0,0,0,5.73601E+20,6.02301E+21,1.01324E+16,5.43496E+16
6543,1.1711E+18,1,0,4,0,2017,11,6,6,2,1,5,0,1,0,0,0,1,0,5.64852E+20,5.98977E+21,9.99061E+15,5.40521E+16
6544,1.17101E+18,1,0,51,44,2017,10,14,3,3,2,6,0,1,0,0,0,0,1,5.10593E+20,6.00542E+21,9.16237E+15,5.41967E+16
6545,1.17122E+18,1,0,4,0,2017,12,8,2,3,2,6,0,1,0,0,0,0,0,5.65031E+20,5.99348E+21,9.99415E+15,5.40854E+16
6546,1.1711E+18,1,0,2,0,2017,11,14,6,3,2,6,0,1,0,0,0,0,0,5.73306E+20,6.0171E+21,1.01264E+16,5.42965E+16
6547,1.17101E+18,1,0,51,4,2017,10,14,3,3,2,7,0,1,0,1,0,0,1,5.12253E+20,5.99485E+21,9.18738E+15,5.41017E+16
6548,1.1712E+18,1,0,54,76,2017,12,11,1,3,2,6,0,1,0,0,0,0,1,4.98303E+20,6.06945E+21,8.97363E+15,5.47722E+16
6549,1.17122E+18,1,0,4,0,2017,12,7,2,2,5,3,0,1,0,1,0,0,1,5.63363E+20,5.99505E+21,9.96898E+15,5.40997E+16
6550,1.1711E+18,1,0,2,0,2017,11,14,6,3,2,6,0,1,0,0,0,0,0,5.75627E+20,6.02719E+21,1.01646E+16,5.43869E+16
6551,1.17122E+18,1,0,4,0,2017,12,16,2,3,6,4,0,1,1,0,0,1,2,5.65705E+20,5.99188E+21,1.00041E+16,5.40709E+16
6552,1.1712E+18,1,0,53,126,2017,12,8,1,3,8,1,0,1,0,0,0,0,2,6.06913E+20,5.93509E+21,1.06139E+16,5.35538E+16
6553,1.17122E+18,1,0,57,91,2017,12,14,2,3,5,3,0,1,0,1,0,0,1,5.78664E+20,6.01671E+21,1.02086E+16,5.42922E+16
6554,1.17122E+18,1,0,2,0,2017,12,14,2,3,5,2,1,1,0,0,0,0,1,5.72429E+20,6.02023E+21,1.01137E+16,5.43248E+16
6555,2.17011E+18,2,3,1,304,2017,1,18,4,3,6,4,0,1,1,0,0,2,1,5.61953E+20,5.93711E+21,9.93574E+15,5.35792E+16
6556,1.1712E+18,1,0,60,2,2017,12,16,1,3,2,6,0,1,0,0,0,2,1,5.62184E+20,5.95896E+21,9.9436E+15,5.37756E+16
6557,1.17122E+18,1,0,57,62,2017,12,14,2,1,6,4,0,1,1,0,0,0,1,5.83487E+20,6.01088E+21,1.0281E+16,5.42391E+16
6558,1.1712E+18,1,0,61,42,2017,12,10,7,3,6,2,0,1,1,0,0,0,1,5.40654E+20,5.97953E+21,9.61965E+15,5.39625E+16
6559,2.17012E+18,2,1,6,117,2017,1,11,3,2,5,2,0,1,0,0,0,0,0,5.68144E+20,5.9337E+21,1.00285E+16,5.35478E+16
6560,1.1712E+18,1,0,60,44,2017,12,16,7,3,2,6,0,1,0,0,0,2,1,5.62927E+20,5.96588E+21,9.95629E+15,5.38376E+16
6561,1.1711E+18,1,0,2,0,2017,11,18,6,3,5,3,1,1,0,0,0,2,0,5.72169E+20,6.01765E+21,1.0109E+16,5.43017E+16
6562,1.17122E+18,1,0,2,0,2017,12,10,2,3,2,2,0,1,0,0,0,0,1,5.70532E+20,6.02015E+21,1.00845E+16,5.43244E+16
6563,1.1712E+18,1,0,60,46,2017,12,15,7,3,8,6,0,1,0,0,0,0,1,5.74159E+20,5.95603E+21,1.01246E+16,5.37476E+16
6564,2.17012E+18,2,4,8,418,2017,1,11,6,3,1,5,0,1,0,0,1,0,1,5.67957E+20,5.93628E+21,1.00262E+16,5.3571E+16
6565,1.1711E+18,1,0,2,0,2017,11,10,6,3,0,7,1,1,0,0,0,0,0,5.72376E+20,6.01984E+21,1.01128E+16,5.43213E+16
6566,1.17122E+18,1,0,2,0,2017,12,16,2,3,2,6,0,1,0,0,0,2,1,5.72275E+20,6.01923E+21,1.0111E+16,5.43158E+16
6567,1.1712E+18,1,0,60,44,2017,12,18,7,3,5,3,0,1,0,0,0,2,1,5.57957E+20,5.96302E+21,9.88022E+15,5.38125E+16
6568,1.17101E+18,1,0,51,113,2017,10,6,3,3,6,6,0,1,1,0,0,2,1,5.02295E+20,6.00265E+21,9.03515E+15,5.41719E+16
6569,1.17123E+18,1,0,2,0,2017,12,15,3,3,5,2,0,1,0,0,0,0,1,5.74754E+20,6.01828E+21,1.01489E+16,5.43069E+16
6570,1.1711E+18,1,0,57,62,2017,11,14,6,3,2,6,0,1,0,0,0,0,0,5.83299E+20,6.01129E+21,1.02783E+16,5.42428E+16
6571,1.17101E+18,1,0,61,46,2017,10,10,3,3,2,6,0,1,0,0,0,0,1,5.33703E+20,5.97477E+21,9.51318E+15,5.39202E+16
6572,1.17123E+18,1,0,1,0,2017,12,5,3,3,0,7,0,1,0,0,0,2,0,5.27878E+20,6.07174E+21,9.43357E+15,5.4792E+16
6573,1.1711E+18,1,0,2,0,2017,11,8,6,3,6,7,1,0,1,0,0,0,0,5.74858E+20,6.01934E+21,1.01508E+16,5.43164E+16
6574,1.1711E+18,1,0,54,157,2017,11,13,6,3,5,2,0,1,0,0,0,0,1,5.10001E+20,6.02898E+21,9.15408E+15,5.44084E+16
6575,1.17101E+18,1,0,51,44,2017,10,12,3,3,6,5,0,1,1,0,0,0,0,5.06001E+20,6.00329E+21,9.09194E+15,5.41776E+16
6576,1.17101E+18,1,0,51,114,2017,10,7,3,2,4,1,0,1,0,0,1,1,1,5.19338E+20,6.0095E+21,9.29668E+15,5.42332E+16
6577,1.17123E+18,1,0,60,4,2017,12,19,2,1,8,1,0,1,0,0,0,2,0,5.60051E+20,5.97337E+21,9.91405E+15,5.39053E+16
6578,1.1711E+18,1,0,59,79,2017,11,17,6,3,5,2,0,1,0,1,0,2,1,5.24778E+20,6.04118E+21,9.38277E+15,5.45176E+16
6579,1.17101E+18,1,0,60,95,2017,10,1,3,3,9,7,0,1,0,0,0,2,1,5.51948E+20,5.97438E+21,9.7909E+15,5.39152E+16
6580,1.17101E+18,1,0,60,4,2017,10,19,3,3,4,2,0,1,0,0,0,2,1,5.61679E+20,5.97328E+21,9.93881E+15,5.39043E+16
6581,1.17123E+18,1,0,62,45,2017,12,19,2,3,2,6,0,1,0,0,0,2,1,5.91128E+20,5.94366E+21,1.03782E+16,5.36338E+16
6582,1.1711E+18,1,0,53,7,2017,11,18,6,3,2,6,0,1,0,0,0,2,0,5.99622E+20,5.93664E+21,1.05044E+16,5.35692E+16
6583,1.17101E+18,1,0,56,29,2017,10,8,3,3,5,3,1,1,0,0,0,0,1,5.42724E+20,5.9526E+21,9.64746E+15,5.37203E+16
6584,1.17101E+18,1,0,62,4,2017,10,15,3,3,4,6,0,1,0,0,1,0,0,5.86448E+20,5.96241E+21,1.03127E+16,5.38031E+16
6585,1.17102E+18,1,0,60,66,2017,10,16,4,3,2,6,0,1,0,0,0,0,0,5.65619E+20,5.96668E+21,9.99736E+15,5.38445E+16
6586,1.17102E+18,1,0,53,121,2017,10,15,4,2,9,1,0,1,0,0,0,0,0,6.01193E+20,5.9469E+21,1.05314E+16,5.36611E+16
6587,1.17101E+18,1,0,3,0,2017,10,12,3,3,2,6,0,1,0,0,0,0,0,6.07762E+20,5.9686E+21,1.06384E+16,5.38547E+16
6588,1.17102E+18,1,0,62,89,2017,10,16,4,3,5,3,0,1,0,0,1,0,0,5.90905E+20,5.95615E+21,1.03785E+16,5.37461E+16
6589,2.17022E+18,2,6,11,612,2017,2,19,6,3,9,1,0,1,0,0,0,1,0,5.72178E+20,5.92857E+21,1.00882E+16,5.35011E+16
6590,1.17101E+18,1,0,55,12,2017,10,20,3,3,5,3,0,1,0,0,0,2,1,6.05087E+20,6.00167E+21,1.06091E+16,5.41524E+16
6591,1.17102E+18,1,0,3,0,2017,10,16,4,3,5,3,0,1,0,0,0,0,0,6.10139E+20,5.96926E+21,1.06747E+16,5.38601E+16
6592,1.17112E+18,1,0,61,41,2017,11,16,1,3,8,7,0,1,0,0,0,1,0,5.41673E+20,5.96464E+21,9.63316E+15,5.38286E+16
6593,2.17022E+18,2,1,4,111,2017,2,9,4,3,1,6,0,1,0,0,1,0,1,5.63861E+20,5.9347E+21,9.96406E+15,5.35573E+16
6594,1.17101E+18,1,0,3,0,2017,10,12,3,3,2,6,0,1,0,0,0,0,0,6.08177E+20,5.96744E+21,1.06442E+16,5.38442E+16
6595,1.17101E+18,1,0,3,0,2017,10,7,3,3,5,3,1,1,0,0,0,0,1,6.10125E+20,5.96992E+21,1.06747E+16,5.3866E+16
6596,1.17112E+18,1,0,59,56,2017,11,15,1,3,9,1,0,1,0,0,0,0,0,5.38216E+20,6.033E+21,9.58928E+15,5.44432E+16
6597,1.1712E+18,1,0,53,67,2017,12,10,7,3,7,7,0,1,0,0,0,0,0,6.10069E+20,5.95882E+21,1.06699E+16,5.37663E+16
6598,1.17101E+18,1,0,3,0,2017,10,18,3,3,1,5,0,1,0,0,0,1,1,6.17736E+20,5.97384E+21,1.07919E+16,5.38996E+16
6599,1.17101E+18,1,0,55,33,2017,10,13,3,3,0,7,0,0,0,1,0,0,1,6.23072E+20,6.01748E+21,1.08908E+16,5.42903E+16
6600,1.17112E+18,1,0,60,59,2017,11,3,1,3,8,1,0,1,0,0,1,2,2,5.81596E+20,5.98333E+21,1.02446E+16,5.39918E+16
6601,2.17012E+18,2,7,13,714,2017,1,5,2,3,4,2,0,1,0,0,0,2,0,5.59824E+20,5.92505E+21,9.90128E+15,5.3471E+16
6602,1.1712E+18,1,0,62,90,2017,12,17,7,3,5,3,0,1,0,0,0,2,0,5.77315E+20,5.95E+21,1.01709E+16,5.36929E+16
6603,1.17101E+18,1,0,4,0,2017,10,6,3,3,0,2,0,0,0,1,1,1,1,5.64874E+20,5.99106E+21,9.99122E+15,5.40637E+16
6604,1.17112E+18,1,0,61,44,2017,11,19,7,3,8,2,0,1,0,0,0,2,1,5.39354E+20,5.9643E+21,9.59788E+15,5.38257E+16
6605,1.17101E+18,1,0,57,52,2017,10,17,3,3,8,1,0,1,0,0,0,0,1,5.93536E+20,6.01325E+21,1.04359E+16,5.42587E+16
6606,1.17112E+18,1,0,60,101,2017,11,17,7,3,2,6,0,1,0,0,0,2,1,5.80234E+20,5.97639E+21,1.0222E+16,5.39297E+16
6607,1.1712E+18,1,0,4,0,2017,12,18,7,3,2,6,0,1,0,0,0,2,1,5.6524E+20,5.99215E+21,9.99706E+15,5.40735E+16
6608,2.17013E+18,2,7,1,701,2017,1,14,6,3,2,6,0,1,0,0,0,0,0,5.64933E+20,5.92442E+21,9.9781E+15,5.34648E+16
6609,1.1712E+18,1,0,58,50,2017,12,2,7,3,8,3,0,0,0,0,1,2,2,5.6238E+20,6.0192E+21,9.95896E+15,5.43168E+16
6610,1.17101E+18,1,0,2,0,2017,10,11,3,2,5,2,1,1,0,0,0,0,1,5.73776E+20,6.02367E+21,1.01352E+16,5.43555E+16
6611,1.17112E+18,1,0,60,44,2017,11,15,7,3,2,6,0,1,0,0,0,0,1,5.62895E+20,5.96584E+21,9.95579E+15,5.38373E+16
6612,1.17112E+18,1,0,56,39,2017,11,15,7,3,5,3,1,1,0,0,0,0,1,5.52461E+20,5.94728E+21,9.7941E+15,5.36717E+16
6613,1.17123E+18,1,0,62,14,2017,12,17,2,3,3,6,0,1,0,1,0,2,1,5.82101E+20,5.95054E+21,1.02435E+16,5.36971E+16
6614,1.1712E+18,1,0,2,0,2017,12,18,7,3,3,6,0,1,0,0,1,2,1,5.77234E+20,6.02025E+21,1.01875E+16,5.43243E+16
6615,2.1702E+18,2,2,3,209,2017,2,7,4,3,3,6,0,1,0,0,1,1,0,5.62784E+20,5.93526E+21,9.9479E+15,5.35625E+16
6616,1.17101E+18,1,0,57,42,2017,10,11,3,3,8,1,0,1,0,0,0,0,1,5.82462E+20,6.00488E+21,1.02637E+16,5.41853E+16
6617,1.17112E+18,1,0,60,95,2017,11,22,7,2,8,7,0,1,0,0,0,2,1,5.55086E+20,5.97377E+21,9.83856E+15,5.39094E+16
6618,1.1711E+18,1,0,61,46,2017,11,16,5,3,5,2,0,1,0,0,0,1,1,5.3389E+20,5.97398E+21,9.51593E+15,5.39131E+16
6619,1.17123E+18,1,0,3,0,2017,12,10,2,3,2,6,0,1,0,0,0,0,0,6.10247E+20,5.96995E+21,1.06766E+16,5.38663E+16
6620,1.1712E+18,1,0,54,9,2017,12,10,7,2,5,3,0,1,0,0,1,0,0,4.8771E+20,6.0814E+21,8.80844E+15,5.48795E+16
6621,2.1702E+18,2,1,16,136,2017,2,14,6,3,2,6,0,1,0,0,0,0,1,5.67881E+20,5.92571E+21,1.00228E+16,5.3476E+16
6622,1.17101E+18,1,0,2,0,2017,10,14,3,3,5,3,0,1,0,0,0,0,0,5.7821E+20,6.02106E+21,1.02027E+16,5.43314E+16
6623,1.17102E+18,1,0,58,86,2017,10,17,7,3,3,6,1,1,0,0,0,0,1,5.43631E+20,6.00949E+21,9.66934E+15,5.42316E+16
6624,1.1711E+18,1,0,56,15,2017,11,15,5,3,2,6,0,1,0,0,0,0,0,5.45391E+20,5.9558E+21,9.68834E+15,5.37489E+16
6625,1.17112E+18,1,0,56,50,2017,11,11,7,3,5,2,0,1,0,1,0,0,1,5.47889E+20,5.93745E+21,9.72339E+15,5.35837E+16
6626,1.1711E+18,1,0,56,48,2017,11,8,5,3,5,3,1,1,0,0,0,0,0,5.47404E+20,5.95018E+21,9.71801E+15,5.36982E+16
6627,1.17122E+18,1,0,57,54,2017,12,15,2,3,5,2,0,1,0,0,0,0,1,5.7857E+20,6.00209E+21,1.02033E+16,5.41609E+16
6628,1.1711E+18,1,0,60,63,2017,11,12,5,3,5,2,0,1,0,0,0,0,0,5.65434E+20,5.94854E+21,9.9907E+15,5.36815E+16
6629,1.1711E+18,1,0,60,63,2017,11,17,5,3,5,3,0,1,0,0,0,2,1,5.67658E+20,5.95131E+21,1.0025E+16,5.37061E+16
6630,1.1711E+18,1,0,56,15,2017,11,13,5,3,2,6,0,1,0,0,0,0,0,5.45423E+20,5.95601E+21,9.68886E+15,5.37508E+16
6631,1.17102E+18,1,0,55,46,2017,10,12,4,3,5,3,0,1,0,0,1,0,0,6.38426E+20,6.03304E+21,1.11338E+16,5.44262E+16
6632,1.1711E+18,1,0,56,39,2017,11,7,5,3,3,3,0,1,0,0,0,1,1,5.51013E+20,5.94583E+21,9.77194E+15,5.36588E+16
6633,1.1712E+18,1,0,59,75,2017,12,19,7,3,6,7,0,1,1,0,0,2,1,5.35046E+20,6.03992E+21,9.54124E+15,5.45056E+16
6634,1.17102E+18,1,0,58,92,2017,10,10,4,3,5,2,0,1,0,0,0,0,0,5.71395E+20,6.02238E+21,1.00983E+16,5.43442E+16
6635,1.1711E+18,1,0,56,39,2017,11,16,5,3,0,7,1,0,1,0,0,0,0,5.52433E+20,5.94691E+21,9.79361E+15,5.36683E+16
6636,1.1712E+18,1,0,1,0,2017,12,9,7,3,5,2,0,1,0,0,0,0,0,5.25588E+20,6.0692E+21,9.39773E+15,5.47694E+16
6637,1.17102E+18,1,0,58,3,2017,10,14,4,3,5,3,0,1,0,0,1,0,0,5.41441E+20,6.0217E+21,9.63744E+15,5.43415E+16
6638,1.17112E+18,1,0,53,28,2017,11,22,7,3,8,1,0,1,0,0,0,2,1,5.87801E+20,5.92388E+21,1.03223E+16,5.34566E+16
6639,1.1711E+18,1,0,53,79,2017,11,17,5,2,5,3,0,1,0,1,0,2,1,6.01234E+20,5.95309E+21,1.0534E+16,5.37166E+16
6640,1.1712E+18,1,0,59,174,2017,12,2,7,2,8,1,0,1,0,0,0,2,2,5.22004E+20,6.06185E+21,9.34146E+15,5.47035E+16
6641,1.17102E+18,1,0,4,0,2017,10,5,4,2,5,3,1,0,0,0,1,2,0,5.64686E+20,5.99149E+21,9.98844E+15,5.40676E+16
6642,1.17112E+18,1,0,55,33,2017,11,14,7,3,2,6,0,1,0,0,0,0,1,6.2371E+20,6.0176E+21,1.09007E+16,5.42913E+16
6643,1.17122E+18,1,0,54,75,2017,12,10,2,3,5,3,0,1,0,0,0,0,1,4.95727E+20,6.05938E+21,8.93372E+15,5.46817E+16
6644,1.1712E+18,1,0,59,107,2017,12,18,7,3,2,6,0,1,0,0,0,2,1,5.24566E+20,6.05261E+21,9.38046E+15,5.46203E+16
6645,1.1712E+18,1,0,59,77,2017,12,16,7,3,3,6,0,1,0,0,0,2,1,5.3183E+20,6.04153E+21,9.49174E+15,5.45203E+16
6646,1.17102E+18,1,0,58,135,2017,10,6,4,3,4,6,1,0,0,0,0,2,0,5.46036E+20,6.0181E+21,9.70757E+15,5.43087E+16
6647,1.17112E+18,1,0,3,0,2017,11,5,7,3,5,3,1,1,0,0,0,2,0,6.08762E+20,5.96813E+21,1.06534E+16,5.38503E+16
6648,1.17122E+18,1,0,54,144,2017,12,14,2,3,5,3,1,1,0,0,0,0,0,5.11277E+20,6.04685E+21,9.17442E+15,5.4569E+16
6649,1.17112E+18,1,0,55,46,2017,11,14,7,2,8,1,0,1,0,0,0,0,1,6.3275E+20,6.03819E+21,1.10487E+16,5.44739E+16
6650,1.17122E+18,1,0,1,0,2017,12,7,2,3,5,3,0,0,0,1,1,2,1,5.27999E+20,6.06912E+21,9.4352E+15,5.47685E+16
6651,1.1712E+18,1,0,51,74,2017,12,17,6,3,2,6,0,1,0,0,0,2,1,5.04311E+20,5.9941E+21,9.06592E+15,5.4095E+16
6652,1.1712E+18,1,0,51,48,2017,12,12,6,3,5,3,0,1,0,0,0,0,0,5.04628E+20,5.99974E+21,9.07085E+15,5.41458E+16
6653,1.17112E+18,1,0,58,34,2017,11,14,7,3,2,6,0,1,0,0,0,0,1,5.43601E+20,6.01861E+21,9.67021E+15,5.43135E+16
6654,1.17122E+18,1,0,54,75,2017,12,16,2,3,9,6,0,1,0,0,0,2,1,4.97761E+20,6.06032E+21,8.96527E+15,5.46902E+16
6655,1.17122E+18,1,0,53,7,2017,12,18,2,3,2,6,0,1,0,0,1,2,1,5.99244E+20,5.93659E+21,1.04986E+16,5.35688E+16
6656,1.17123E+18,1,0,51,68,2017,12,7,6,3,9,1,0,1,0,0,0,2,1,5.1096E+20,6.01103E+21,9.16819E+15,5.42471E+16
6657,1.1712E+18,1,0,51,1,2017,12,17,6,3,2,6,0,1,0,1,0,2,0,5.18576E+20,5.99971E+21,9.28437E+15,5.41451E+16
6658,1.17112E+18,1,0,2,0,2017,11,9,7,3,2,6,0,1,0,0,0,0,1,5.73009E+20,6.02104E+21,1.01228E+16,5.4332E+16
6659,1.17122E+18,1,0,60,81,2017,12,9,2,2,9,7,0,1,0,0,0,0,1,5.96678E+20,5.97615E+21,1.04723E+16,5.39247E+16
6660,1.17122E+18,1,0,61,47,2017,12,12,1,3,5,2,0,1,0,0,0,0,1,5.32511E+20,5.98225E+21,9.49583E+15,5.39875E+16
6661,1.17123E+18,1,0,51,21,2017,12,20,7,3,9,7,0,0,0,0,1,2,1,5.00805E+20,5.97603E+21,9.01226E+15,5.39327E+16
6662,1.1712E+18,1,0,56,15,2017,12,13,6,3,2,6,0,1,0,0,0,0,1,5.438E+20,5.95667E+21,9.66433E+15,5.37569E+16
6663,1.17122E+18,1,0,56,21,2017,12,11,1,3,2,6,0,1,0,0,1,0,1,5.60115E+20,5.95141E+21,9.91074E+15,5.3708E+16
6664,2.1701E+18,2,3,9,321,2017,1,17,2,3,2,6,0,1,0,0,1,2,1,5.61118E+20,5.93919E+21,9.92353E+15,5.3598E+16
6665,1.1712E+18,1,0,60,67,2017,12,19,6,3,1,1,0,1,0,0,0,2,0,6.00332E+20,5.97859E+21,1.05287E+16,5.3946E+16
6666,1.1711E+18,1,0,55,28,2017,11,13,5,3,6,4,0,1,1,0,0,0,0,6.01242E+20,6.00333E+21,1.05508E+16,5.41681E+16
6667,1.17122E+18,1,0,60,92,2017,12,15,1,3,5,3,0,1,0,1,0,0,1,5.80763E+20,5.97851E+21,1.02306E+16,5.39486E+16
6668,2.1701E+18,2,1,14,132,2017,1,11,4,3,5,3,0,1,0,0,0,0,1,5.68415E+20,5.93289E+21,1.00324E+16,5.35404E+16
6669,1.1711E+18,1,0,3,0,2017,11,15,5,3,5,2,1,1,0,0,0,0,1,6.11402E+20,5.96936E+21,1.06939E+16,5.38607E+16
6670,1.17122E+18,1,0,56,39,2017,12,15,1,3,5,3,0,1,0,0,0,0,0,5.52417E+20,5.94795E+21,9.79355E+15,5.36776E+16
6671,2.17011E+18,2,3,7,319,2017,1,16,2,3,2,6,0,1,0,0,0,2,0,5.61776E+20,5.94464E+21,9.93456E+15,5.36469E+16
6672,1.1711E+18,1,0,3,0,2017,11,17,5,3,3,6,1,0,0,0,0,2,0,6.10104E+20,5.96979E+21,1.06744E+16,5.38649E+16
6673,2.17011E+18,2,3,9,321,2017,1,18,7,3,2,6,0,1,0,0,0,2,0,5.61761E+20,5.93781E+21,9.93297E+15,5.35855E+16
6674,1.1711E+18,1,0,4,0,2017,11,8,5,3,0,7,0,0,0,1,0,0,1,5.63777E+20,5.99161E+21,9.97458E+15,5.40687E+16
6675,1.1711E+18,1,0,4,0,2017,11,6,5,3,0,7,1,0,0,0,0,2,1,5.64382E+20,5.99286E+21,9.9841E+15,5.40799E+16
6676,1.1711E+18,1,0,58,124,2017,11,13,5,3,0,7,1,0,0,0,0,0,0,5.4591E+20,6.01651E+21,9.70538E+15,5.42944E+16
6677,1.17122E+18,1,0,62,14,2017,12,14,1,3,2,6,0,1,0,0,0,0,1,5.82454E+20,5.95115E+21,1.0249E+16,5.37026E+16
6678,1.1711E+18,1,0,2,0,2017,11,16,5,3,5,3,0,1,0,1,0,0,0,5.7221E+20,6.02128E+21,1.01105E+16,5.43343E+16
6679,1.17112E+18,1,0,57,30,2017,11,10,7,2,9,1,0,1,0,0,0,0,1,6.06252E+20,6.01907E+21,1.06331E+16,5.43084E+16
6680,1.1711E+18,1,0,57,77,2017,11,8,5,3,0,7,0,1,0,1,0,0,1,5.93074E+20,6.01673E+21,1.04299E+16,5.429E+16
6681,1.17122E+18,1,0,3,0,2017,12,20,1,3,2,6,0,1,0,0,0,2,0,6.11462E+20,5.97002E+21,1.06951E+16,5.38666E+16
6682,1.1711E+18,1,0,57,31,2017,11,8,5,3,2,2,0,1,0,0,0,0,1,5.74867E+20,6.01132E+21,1.01489E+16,5.42444E+16
6683,1.1711E+18,1,0,59,8,2017,11,9,5,3,5,3,0,1,0,0,1,0,1,5.37707E+20,6.05089E+21,9.58374E+15,5.46041E+16
6684,1.17123E+18,1,0,60,97,2017,12,17,5,3,8,1,0,1,0,0,0,2,1,5.95875E+20,5.98574E+21,1.04631E+16,5.40111E+16
6685,1.17102E+18,1,0,2,0,2017,10,15,4,3,1,5,0,1,0,0,0,0,0,5.73699E+20,6.02161E+21,1.01335E+16,5.4337E+16
6686,1.1711E+18,1,0,59,24,2017,11,18,5,3,2,6,0,1,0,0,0,2,1,5.22501E+20,6.01849E+21,9.34588E+15,5.43138E+16
6687,1.1712E+18,1,0,56,15,2017,12,20,6,3,0,1,0,0,0,1,0,2,1,5.43189E+20,5.95615E+21,9.65499E+15,5.37522E+16
6688,1.17102E+18,1,0,2,0,2017,10,17,4,3,3,6,0,1,0,0,0,0,0,5.72528E+20,6.02205E+21,1.01156E+16,5.43411E+16
6689,1.1711E+18,1,0,54,19,2017,11,10,5,3,5,2,0,1,0,0,1,0,1,4.98179E+20,6.05221E+21,8.97179E+15,5.46173E+16
6690,1.1712E+18,1,0,60,36,2017,12,11,6,3,2,6,0,1,0,0,0,0,1,5.6485E+20,5.97286E+21,9.98699E+15,5.39001E+16
6691,1.17102E+18,1,0,57,63,2017,10,7,4,3,5,3,0,1,0,1,0,1,1,5.83076E+20,6.02385E+21,1.02783E+16,5.43557E+16
6692,1.17112E+18,1,0,1,0,2017,11,4,7,3,0,1,1,0,0,0,0,2,1,5.2704E+20,6.06897E+21,9.42028E+15,5.47673E+16
6693,1.17122E+18,1,0,57,35,2017,12,15,1,2,8,1,0,1,0,0,0,0,1,6.00749E+20,6.01769E+21,1.05481E+16,5.42971E+16
6694,1.1711E+18,1,0,54,56,2017,11,13,5,3,5,3,1,1,0,0,0,0,1,5.03675E+20,6.03676E+21,9.05672E+15,5.44784E+16
6695,1.1712E+18,1,0,53,90,2017,12,23,6,3,7,7,0,1,0,0,0,2,1,6.11022E+20,5.94023E+21,1.06777E+16,5.35991E+16
6696,1.17102E+18,1,0,54,56,2017,10,17,4,3,2,2,0,1,0,0,0,0,0,5.05997E+20,6.03895E+21,9.0926E+15,5.44981E+16
6697,1.1711E+18,1,0,56,41,2017,11,18,5,3,2,6,0,1,0,0,0,2,0,5.62215E+20,5.95429E+21,9.94313E+15,5.37336E+16
6698,1.17122E+18,1,0,59,37,2017,12,14,1,3,9,1,0,1,0,0,0,0,2,5.33843E+20,6.0552E+21,9.52441E+15,5.46431E+16