OBJECTID,UIDENTSTLA,ULAND,UREGBEZ,UKREIS,UGEMEINDE,UJAHR,UMONAT,USTUNDE,UWOCHENTAG,UKATEGORIE,UART,UTYP1,IstRad,IstPKW,IstFuss,IstKrad,IstSonstig,LICHT,STRZUSTAND,LINREFX,LINREFY,XGCSWGS84,YGCSWGS84
6699,1.1712E+18,1,0,62,60,2017,12,8,6,3,2,6,0,1,0,0,0,0,1,5.81739E+20,5.92982E+21,1.02326E+16,5.35109E+16
6700,1.1712E+18,1,0,62,14,2017,12,8,6,3,0,3,1,1,0,0,0,0,0,5.82023E+20,5.9504E+21,1.02423E+16,5.36959E+16
6701,1.17102E+18,1,0,62,86,2017,10,19,4,2,2,6,0,1,0,0,0,2,0,5.87121E+20,5.93623E+21,1.03155E+16,5.35677E+16
6702,1.1711E+18,1,0,56,15,2017,11,22,5,1,4,6,0,1,0,0,1,2,1,5.4707E+20,5.95543E+21,9.71374E+15,5.37453E+16
6703,1.17122E+18,1,0,59,37,2017,12,14,1,3,9,1,0,1,0,0,0,0,2,5.33872E+20,6.05518E+21,9.52486E+15,5.46428E+16
6704,1.1712E+18,1,0,62,82,2017,12,9,6,3,5,3,0,1,0,0,0,0,1,5.92039E+20,5.94244E+21,1.03916E+16,5.36227E+16
6705,1.1712E+18,1,0,3,0,2017,12,6,6,3,5,3,0,1,0,0,1,2,1,6.09842E+20,5.9678E+21,1.06697E+16,5.38471E+16
6706,1.17102E+18,1,0,56,18,2017,10,12,4,3,3,6,0,1,0,0,0,0,0,5.55301E+20,5.94393E+21,9.83649E+15,5.36412E+16
6707,1.17122E+18,1,0,1,0,2017,12,14,1,3,1,6,0,1,0,0,0,0,1,5.2759E+20,6.07158E+21,9.42907E+15,5.47907E+16
6708,1.1711E+18,1,0,61,40,2017,11,6,4,2,5,2,0,1,0,0,0,2,1,5.32773E+20,5.9818E+21,9.49978E+15,5.39835E+16
6709,1.17122E+18,1,0,53,60,2017,12,17,1,3,5,3,0,1,0,0,0,2,1,5.93334E+20,5.93554E+21,1.04091E+16,5.35605E+16
6710,1.1712E+18,1,0,2,0,2017,12,15,6,3,2,6,0,1,0,0,0,0,0,5.74913E+20,6.01353E+21,1.01502E+16,5.42642E+16
6711,1.17122E+18,1,0,59,77,2017,12,23,1,3,2,6,0,1,0,0,0,2,1,5.32198E+20,6.0407E+21,9.49733E+15,5.45128E+16
6712,1.17122E+18,1,0,56,49,2017,12,16,7,3,5,3,1,1,0,0,0,1,0,5.4632E+20,5.94953E+21,9.70148E+15,5.36925E+16
6713,2.17011E+18,2,3,1,304,2017,1,13,5,3,3,6,0,1,0,0,0,0,0,5.62462E+20,5.9364E+21,9.94328E+15,5.35727E+16
6714,1.1712E+18,1,0,2,0,2017,12,17,6,3,6,4,0,1,1,0,0,2,1,5.73604E+20,6.01926E+21,1.01315E+16,5.43159E+16
6715,1.17122E+18,1,0,60,2,2017,12,19,7,3,9,1,0,1,0,0,0,2,2,5.61737E+20,5.96042E+21,9.93711E+15,5.37887E+16
6716,2.17011E+18,2,6,2,603,2017,1,8,2,3,0,1,0,1,0,0,1,0,0,5.82278E+20,5.92592E+21,1.02397E+16,5.34758E+16
6717,1.1712E+18,1,0,2,0,2017,12,12,6,3,2,6,0,1,0,0,0,0,1,5.72081E+20,6.01599E+21,1.01073E+16,5.42867E+16
6718,1.1711E+18,1,0,51,130,2017,11,13,4,3,5,2,0,1,0,0,0,0,1,5.05712E+20,6.0066E+21,9.08758E+15,5.42074E+16
6719,1.17122E+18,1,0,56,15,2017,12,16,7,3,5,3,0,1,0,0,0,1,0,5.42921E+20,5.95608E+21,9.65092E+15,5.37516E+16
6720,2.17011E+18,2,1,2,104,2017,1,18,7,3,8,1,0,1,0,0,0,2,1,5.68076E+20,5.93208E+21,1.00271E+16,5.35332E+16
6721,1.1711E+18,1,0,56,50,2017,11,9,4,3,2,6,0,1,0,0,0,0,1,5.46882E+20,5.93856E+21,9.70834E+15,5.35938E+16
6722,1.17122E+18,1,0,62,90,2017,12,10,7,3,2,6,0,1,0,0,0,0,1,5.77803E+20,5.95018E+21,1.01784E+16,5.36945E+16
6723,1.1712E+18,1,0,2,0,2017,12,13,6,3,2,6,0,1,0,0,0,0,0,5.7541E+20,6.01898E+21,1.01592E+16,5.43131E+16
6724,2.17012E+18,2,3,7,319,2017,1,8,5,3,2,6,0,1,0,0,0,0,0,5.61206E+20,5.94365E+21,9.92574E+15,5.3638E+16
6725,1.1711E+18,1,0,56,15,2017,11,16,4,3,3,2,1,1,0,0,0,1,0,5.43894E+20,5.95665E+21,9.66577E+15,5.37567E+16
6726,1.1712E+18,1,0,54,86,2017,12,6,6,3,5,3,0,1,0,0,0,2,1,4.80302E+20,6.07875E+21,8.69317E+15,5.48554E+16
6727,1.17123E+18,1,0,55,43,2017,12,12,2,2,3,6,0,1,0,0,0,0,1,6.15581E+20,6.01802E+21,1.0776E+16,5.4297E+16
6728,1.1711E+18,1,0,62,87,2017,11,18,4,3,9,7,0,1,0,0,0,2,1,5.98545E+20,5.96978E+21,1.04986E+16,5.38671E+16
6729,1.1711E+18,1,0,53,32,2017,11,11,4,3,5,3,1,1,0,0,0,0,1,5.90725E+20,5.92216E+21,1.03659E+16,5.34406E+16
6730,1.17101E+18,1,0,54,119,2017,10,5,3,3,2,6,0,1,0,0,0,2,1,5.09901E+20,6.02428E+21,9.15239E+15,5.43663E+16
6731,1.17123E+18,1,0,2,0,2017,12,16,2,3,5,3,0,1,0,0,0,1,1,5.7405E+20,6.02274E+21,1.01392E+16,5.43471E+16
6732,1.1711E+18,1,0,55,46,2017,11,6,4,3,8,1,0,1,0,0,0,2,1,6.40747E+20,6.03533E+21,1.11706E+16,5.44461E+16
6733,1.1711E+18,1,0,3,0,2017,11,19,4,3,5,3,1,1,0,0,0,2,1,6.11238E+20,5.96911E+21,1.06914E+16,5.38586E+16
6734,1.17101E+18,1,0,1,0,2017,10,14,3,3,2,6,0,1,0,0,0,0,0,5.28E+20,6.07023E+21,9.43532E+15,5.47785E+16
6735,1.17123E+18,1,0,2,0,2017,12,12,2,3,2,6,0,1,0,0,0,0,1,5.70234E+20,6.02403E+21,1.00808E+16,5.43592E+16
6736,1.1711E+18,1,0,55,32,2017,11,13,4,3,2,6,0,1,0,0,0,0,1,6.19402E+20,5.99674E+21,1.08262E+16,5.4105E+16
6737,1.1711E+18,1,0,58,8,2017,11,20,4,3,9,1,0,1,0,0,0,2,1,5.45613E+20,6.03083E+21,9.70301E+15,5.44232E+16
6738,1.17101E+18,1,0,53,12,2017,10,7,3,3,8,6,0,1,0,0,0,2,1,5.84443E+20,5.92487E+21,1.0272E+16,5.34661E+16
6739,1.17123E+18,1,0,60,99,2017,12,18,2,3,9,1,0,1,0,0,0,2,1,5.62287E+20,5.97807E+21,9.94904E+15,5.39473E+16
6740,1.1711E+18,1,0,58,77,2017,11,18,4,3,6,4,0,1,1,0,0,2,1,5.42481E+20,5.99331E+21,9.64942E+15,5.40862E+16
6741,1.17101E+18,1,0,51,44,2017,10,11,2,3,2,6,0,1,0,0,0,0,1,5.06798E+20,6.00534E+21,9.1042E+15,5.4196E+16
6742,1.1711E+18,1,0,4,0,2017,11,12,4,3,5,3,1,1,0,0,0,0,1,5.64793E+20,5.99129E+21,9.99003E+15,5.40657E+16
6743,1.17101E+18,1,0,56,39,2017,10,12,2,3,3,3,0,1,0,0,0,0,0,5.50928E+20,5.94422E+21,9.77039E+15,5.36442E+16
6744,1.17112E+18,1,0,54,20,2017,11,22,7,3,3,1,1,0,0,0,0,2,1,4.99137E+20,6.0514E+21,8.98664E+15,5.461E+16
6745,1.17101E+18,1,0,56,41,2017,10,7,2,3,5,3,1,1,0,0,0,0,1,5.60505E+20,5.95603E+21,9.91756E+15,5.37494E+16
6746,1.17102E+18,1,0,60,4,2017,10,23,3,3,5,3,1,1,0,0,0,2,0,5.57811E+20,5.97513E+21,9.88029E+15,5.39213E+16
6747,1.17101E+18,1,0,60,5,2017,10,15,2,3,2,6,0,1,0,0,1,0,0,5.85956E+20,5.97694E+21,1.03093E+16,5.39337E+16
6748,1.17102E+18,1,0,60,45,2017,10,12,3,3,8,7,0,1,0,0,0,0,1,5.68596E+20,5.96618E+21,1.00425E+16,5.38396E+16
6749,1.17112E+18,1,0,1,0,2017,11,15,7,3,6,4,0,1,1,0,0,1,1,5.27266E+20,6.07299E+21,9.42416E+15,5.48033E+16
6750,1.17101E+18,1,0,60,63,2017,10,7,2,3,5,3,1,1,0,0,0,0,0,5.63976E+20,5.94812E+21,9.96854E+15,5.36779E+16
6751,1.17101E+18,1,0,3,0,2017,10,17,2,3,5,3,1,1,0,0,0,0,0,6.1094E+20,5.97298E+21,1.06882E+16,5.38934E+16
6752,1.17112E+18,1,0,62,89,2017,11,12,7,2,8,1,0,1,0,1,0,0,1,5.90114E+20,5.95655E+21,1.03666E+16,5.37498E+16
6753,2.17022E+18,2,6,2,602,2017,2,13,2,3,1,6,0,1,0,0,0,0,1,5.803E+20,5.92719E+21,1.02102E+16,5.34875E+16
6754,1.17101E+18,1,0,3,0,2017,10,17,2,3,5,2,0,1,0,1,0,0,0,6.10849E+20,5.96827E+21,1.06851E+16,5.38511E+16
6755,1.17101E+18,1,0,58,169,2017,10,7,2,3,2,6,0,1,0,0,0,0,0,5.60453E+20,5.9917E+21,9.92381E+15,5.407E+16
6756,1.17112E+18,1,0,60,19,2017,11,8,7,3,8,1,0,1,0,0,1,0,0,5.62477E+20,5.95792E+21,9.94784E+15,5.37661E+16
6757,2.17022E+18,2,6,9,610,2017,2,6,6,3,2,6,0,1,0,0,0,2,1,5.77052E+20,5.92599E+21,1.0161E+16,5.34773E+16
6758,1.17101E+18,1,0,2,0,2017,10,7,2,3,0,3,1,1,0,0,0,1,1,5.73469E+20,6.02361E+21,1.01305E+16,5.4355E+16
6759,1.17112E+18,1,0,2,0,2017,11,15,7,2,2,6,0,1,0,0,0,0,1,5.72187E+20,6.01918E+21,1.01097E+16,5.43154E+16
6760,1.17101E+18,1,0,2,0,2017,10,9,2,3,2,6,0,1,0,0,0,0,0,5.73638E+20,6.02111E+21,1.01325E+16,5.43325E+16
6761,1.17112E+18,1,0,51,44,2017,11,13,6,3,5,3,1,1,0,0,0,0,0,5.07414E+20,6.00546E+21,9.11364E+15,5.41971E+16
6762,2.17012E+18,2,1,12,130,2017,1,18,1,2,8,1,0,1,0,0,0,2,0,5.76099E+20,5.93329E+21,1.01484E+16,5.3543E+16
6763,1.1712E+18,1,0,54,168,2017,12,0,6,2,8,1,0,1,0,0,0,2,2,4.54569E+20,6.07718E+21,8.29261E+15,5.48397E+16
6764,1.17101E+18,1,0,2,0,2017,10,16,2,2,2,6,0,1,0,0,1,0,0,5.72568E+20,6.02213E+21,1.01163E+16,5.43418E+16
6765,1.17112E+18,1,0,56,24,2017,11,18,6,3,5,2,1,1,0,0,0,2,0,5.44198E+20,5.94543E+21,9.66877E+15,5.36558E+16
6766,1.17112E+18,1,0,56,48,2017,11,15,6,3,2,6,0,1,0,0,0,0,0,5.50078E+20,5.95253E+21,9.75887E+15,5.37191E+16
6767,1.17122E+18,1,0,55,14,2017,12,23,1,3,8,1,0,1,0,0,0,2,1,6.27078E+20,6.01614E+21,1.09518E+16,5.42774E+16
6768,2.17013E+18,2,4,13,432,2017,1,9,5,3,3,6,0,1,0,0,1,0,1,5.66119E+20,5.94388E+21,1.00001E+16,5.36395E+16
6769,1.17101E+18,1,0,57,76,2017,10,20,2,3,2,6,0,1,0,0,0,2,0,5.93498E+20,6.02732E+21,1.04397E+16,5.43851E+16
6770,1.17112E+18,1,0,56,39,2017,11,10,6,3,2,6,0,1,0,0,0,0,1,5.51207E+20,5.94468E+21,9.77469E+15,5.36484E+16
6771,1.17122E+18,1,0,58,22,2017,12,5,1,2,9,1,0,1,0,0,0,2,1,5.66973E+20,6.00301E+21,1.00259E+16,5.41708E+16
6772,1.1712E+18,1,0,60,64,2017,12,16,6,3,2,6,0,1,0,0,1,2,1,5.61669E+20,5.96728E+21,9.93745E+15,5.38504E+16
6773,2.17013E+18,2,7,10,711,2017,1,16,2,3,3,6,0,1,0,0,0,0,2,5.61233E+20,5.92302E+21,9.92211E+15,5.34526E+16
6774,1.17101E+18,1,0,2,0,2017,10,10,2,3,2,6,0,1,0,0,1,0,1,5.73133E+20,6.01791E+21,1.01239E+16,5.43039E+16
6775,1.17112E+18,1,0,60,53,2017,11,15,6,3,5,3,1,1,0,0,0,0,1,5.82246E+20,5.96915E+21,1.02507E+16,5.38643E+16
6776,1.17102E+18,1,0,54,168,2017,10,18,7,3,5,3,1,0,0,0,1,1,1,4.55668E+20,6.08397E+21,8.30867E+15,5.49008E+16
6777,1.1711E+18,1,0,2,0,2017,11,21,4,3,5,3,0,1,0,0,0,2,1,5.68801E+20,6.0203E+21,1.00579E+16,5.43259E+16
6778,1.1711E+18,1,0,2,0,2017,11,17,4,3,6,4,0,1,1,0,0,2,1,5.75015E+20,6.02164E+21,1.01538E+16,5.4337E+16
6779,1.17101E+18,1,0,2,0,2017,10,19,2,3,2,6,0,1,0,0,0,2,1,5.73241E+20,6.01929E+21,1.01259E+16,5.43163E+16
6780,1.1711E+18,1,0,57,57,2017,11,8,4,3,2,6,0,1,0,0,1,0,1,5.92622E+20,6.00245E+21,1.04186E+16,5.41618E+16
6781,1.1712E+18,1,0,3,0,2017,12,12,6,3,3,7,0,1,0,0,1,0,0,6.10527E+20,5.97389E+21,1.06823E+16,5.39017E+16
6782,1.17102E+18,1,0,60,40,2017,10,6,3,3,5,3,0,1,0,0,0,2,0,5.54839E+20,5.97578E+21,9.83516E+15,5.39276E+16
6783,1.1711E+18,1,0,54,141,2017,11,15,4,3,9,6,0,1,0,0,0,0,1,4.97611E+20,6.02993E+21,8.96318E+15,5.44171E+16
6784,1.1712E+18,1,0,3,0,2017,12,17,6,3,2,6,0,1,0,0,0,2,0,6.08755E+20,5.97098E+21,1.06543E+16,5.38759E+16
6785,1.17102E+18,1,0,62,94,2017,10,4,3,3,7,7,0,0,0,0,1,2,0,6.01227E+20,5.96526E+21,1.05379E+16,5.3826E+16
6786,1.17112E+18,1,0,60,73,2017,11,16,6,2,5,2,0,1,0,1,0,0,1,5.6738E+20,5.96888E+21,1.00246E+16,5.3864E+16
6787,1.17122E+18,1,0,62,90,2017,12,14,7,3,2,6,0,1,0,0,0,0,0,5.75865E+20,5.9484E+21,1.01486E+16,5.36788E+16
6788,1.1711E+18,1,0,54,106,2017,11,16,4,3,5,3,0,1,0,0,0,2,1,5.08379E+20,6.03319E+21,9.12922E+15,5.44463E+16
6789,1.17113E+18,1,0,61,29,2017,11,7,5,3,6,4,0,1,1,0,0,2,1,5.28081E+20,5.95977E+21,9.42621E+15,5.37858E+16
6790,1.17102E+18,1,0,53,100,2017,10,12,3,3,2,6,1,0,0,0,0,0,0,6.17219E+20,5.94962E+21,1.07748E+16,5.36822E+16
6791,1.17112E+18,1,0,60,39,2017,11,12,6,3,1,6,0,1,0,0,0,0,0,5.64501E+20,5.95865E+21,9.97868E+15,5.37725E+16
6792,1.17113E+18,1,0,56,44,2017,11,10,5,3,5,2,1,1,0,0,0,0,0,5.55696E+20,5.93932E+21,9.84163E+15,5.35997E+16
6793,1.17113E+18,1,0,56,41,2017,11,14,5,3,5,3,1,1,0,0,0,0,0,5.59336E+20,5.95422E+21,9.89947E+15,5.37333E+16
6794,1.17102E+18,1,0,62,69,2017,10,10,3,3,8,1,0,1,0,0,0,0,0,5.84403E+20,5.94246E+21,1.02762E+16,5.36241E+16
6795,1.17112E+18,1,0,56,5,2017,11,14,6,3,5,2,1,1,0,0,0,0,0,5.59829E+20,5.94652E+21,9.90547E+15,5.3664E+16
6796,1.17122E+18,1,0,53,72,2017,12,11,7,3,2,6,0,1,0,0,0,0,0,5.88674E+20,5.92759E+21,1.03365E+16,5.34898E+16
6797,1.17112E+18,1,0,56,1,2017,11,11,6,3,8,1,0,1,0,0,0,0,0,5.47746E+20,5.94568E+21,9.72248E+15,5.36577E+16
6798,1.17122E+18,1,0,3,0,2017,12,11,7,3,6,7,1,0,1,0,0,0,1,6.09687E+20,5.97047E+21,1.06683E+16,5.38711E+16
6799,1.17113E+18,1,0,56,43,2017,11,10,5,3,5,2,0,1,0,0,0,0,0,5.58531E+20,5.94183E+21,9.88494E+15,5.3622E+16
6800,1.17113E+18,1,0,60,30,2017,11,10,5,3,5,2,0,1,0,0,1,0,0,5.86143E+20,5.98266E+21,1.03137E+16,5.39851E+16
6801,1.17112E+18,1,0,53,32,2017,11,16,6,3,3,6,0,1,0,0,1,2,0,5.90969E+20,5.92176E+21,1.03694E+16,5.3437E+16
6802,1.17122E+18,1,0,58,148,2017,12,14,7,3,5,2,1,1,0,0,0,0,0,5.40906E+20,6.01206E+21,9.6279E+15,5.42548E+16
6803,1.17112E+18,1,0,62,6,2017,11,9,6,3,5,3,0,1,0,0,1,0,1,5.8275E+20,5.9535E+21,1.02541E+16,5.37236E+16
6804,1.17122E+18,1,0,58,117,2017,12,11,7,3,5,3,1,1,0,0,0,0,1,5.5598E+20,6.00237E+21,9.85744E+15,5.41663E+16
6805,1.17123E+18,1,0,59,26,2017,12,16,6,3,2,6,0,1,0,0,1,1,1,5.39247E+20,6.039E+21,9.60598E+15,5.44971E+16
6806,1.17113E+18,1,0,56,15,2017,11,7,5,3,2,6,0,1,0,0,0,1,1,5.44274E+20,5.95559E+21,9.67138E+15,5.3747E+16
6807,1.17112E+18,1,0,55,46,2017,11,13,6,3,0,3,0,1,0,0,1,0,0,6.40552E+20,6.03529E+21,1.11676E+16,5.44458E+16
6808,1.17122E+18,1,0,2,0,2017,12,23,7,3,2,6,0,1,0,0,0,2,0,5.75863E+20,6.01916E+21,1.01662E+16,5.43147E+16
6809,1.17101E+18,1,0,2,0,2017,10,15,2,3,2,6,0,0,0,0,1,0,0,5.73323E+20,6.01699E+21,1.01266E+16,5.42956E+16
6810,1.17102E+18,1,0,55,24,2017,10,19,3,2,9,7,0,1,0,0,0,2,0,6.13326E+20,6.00443E+21,1.07362E+16,5.41754E+16
6811,1.17112E+18,1,0,55,43,2017,11,22,6,3,8,7,0,1,0,0,0,2,1,6.14885E+20,6.01838E+21,1.07655E+16,5.43004E+16
6812,2.17022E+18,2,6,1,601,2017,2,11,6,3,2,6,0,1,0,0,1,0,0,5.78499E+20,5.92923E+21,1.01836E+16,5.35062E+16
6813,1.17101E+18,1,0,54,76,2017,10,13,2,2,5,3,0,1,0,0,0,0,0,4.98723E+20,6.06986E+21,8.98015E+15,5.47759E+16
6814,1.17112E+18,1,0,3,0,2017,11,7,6,3,6,4,0,1,1,0,0,1,0,6.1127E+20,5.96909E+21,1.06918E+16,5.38583E+16
6815,2.17012E+18,2,4,2,403,2017,1,7,2,3,2,6,0,1,0,0,0,1,0,5.65111E+20,5.93855E+21,9.98372E+15,5.35917E+16
6816,1.17113E+18,1,0,60,63,2017,11,17,5,3,5,2,1,1,0,0,0,2,0,5.64762E+20,5.94717E+21,9.98025E+15,5.36693E+16
6817,1.17101E+18,1,0,59,158,2017,10,19,2,3,4,6,1,0,0,0,0,1,0,5.12065E+20,6.06789E+21,9.18749E+15,5.47581E+16
6818,1.17101E+18,1,0,54,76,2017,10,8,2,3,5,3,0,1,0,0,0,0,1,4.98371E+20,6.06957E+21,8.97467E+15,5.47733E+16
6819,1.17112E+18,1,0,55,44,2017,11,14,6,3,5,3,0,1,0,0,0,0,0,6.0864E+20,5.98751E+21,1.06584E+16,5.40244E+16
6820,2.17013E+18,2,4,2,405,2017,1,14,6,3,2,6,0,1,0,0,0,0,0,5.65141E+20,5.93959E+21,9.9844E+15,5.36011E+16
6821,1.17113E+18,1,0,62,45,2017,11,5,5,2,8,1,0,1,0,0,0,2,1,5.89684E+20,5.94355E+21,1.03563E+16,5.3633E+16
6822,1.17101E+18,1,0,62,8,2017,10,9,2,3,2,6,0,1,0,0,1,0,0,5.99501E+20,5.96457E+21,1.05115E+16,5.38201E+16
6823,1.17112E+18,1,0,55,32,2017,11,14,6,2,5,2,1,1,0,0,0,0,0,6.17331E+20,5.99614E+21,1.07944E+16,5.41E+16
6824,1.17101E+18,1,0,61,61,2017,10,16,2,2,8,7,0,1,0,0,0,0,0,5.36541E+20,5.96983E+21,9.55581E+15,5.38756E+16
6825,1.17112E+18,1,0,58,165,2017,11,17,6,3,9,1,0,1,0,0,0,2,1,5.65328E+20,6.02844E+21,1.00063E+16,5.43996E+16
6826,1.17122E+18,1,0,2,0,2017,12,12,1,3,2,6,0,1,0,0,0,0,1,5.73236E+20,6.01983E+21,1.0126E+16,5.43211E+16
6827,1.17113E+18,1,0,53,110,2017,11,15,5,3,2,2,0,1,0,0,1,1,1,6.15081E+20,5.94632E+21,1.07413E+16,5.36529E+16
6828,2.17013E+18,2,2,12,225,2017,1,17,3,3,4,2,1,1,0,0,0,2,0,5.54483E+20,5.93671E+21,9.82285E+15,5.35764E+16
6829,1.17113E+18,1,0,53,108,2017,11,12,5,3,2,2,0,1,0,0,0,0,1,5.98032E+20,5.94982E+21,1.04845E+16,5.36879E+16
6830,1.17101E+18,1,0,51,44,2017,10,18,1,3,2,6,0,1,0,0,0,1,0,5.069E+20,6.00536E+21,9.10576E+15,5.41962E+16
6831,1.17112E+18,1,0,58,155,2017,11,0,6,2,6,4,0,1,1,0,0,2,1,5.4158E+20,6.00413E+21,9.63714E+15,5.41836E+16
6832,1.17112E+18,1,0,4,0,2017,11,19,6,2,5,2,1,1,0,0,0,2,1,5.63354E+20,5.99221E+21,9.96824E+15,5.40742E+16
6833,1.17122E+18,1,0,2,0,2017,12,12,1,2,0,7,0,0,0,1,0,0,1,5.73288E+20,6.01925E+21,1.01266E+16,5.43158E+16
6834,1.17113E+18,1,0,62,61,2017,11,19,5,3,5,3,1,1,0,0,0,2,0,5.98774E+20,5.96777E+21,1.05015E+16,5.3849E+16
6835,2.1702E+18,2,6,1,601,2017,2,7,6,3,8,7,0,1,0,0,0,0,0,5.78579E+20,5.929E+21,1.01848E+16,5.35041E+16
6836,1.17101E+18,1,0,56,49,2017,10,17,1,2,4,2,0,1,0,1,0,0,0,5.45232E+20,5.9492E+21,9.68496E+15,5.36895E+16
6837,1.17112E+18,1,0,58,134,2017,11,15,6,2,9,1,0,1,0,0,0,0,1,5.42657E+20,5.99542E+21,9.65241E+15,5.41052E+16
6838,1.1711E+18,1,0,54,76,2017,11,14,4,3,2,6,0,1,0,0,0,0,1,4.98507E+20,6.06915E+21,8.97679E+15,5.47696E+16
6839,1.17122E+18,1,0,2,0,2017,12,21,7,2,0,1,1,0,0,0,0,2,1,5.74103E+20,6.01833E+21,1.01389E+16,5.43075E+16
6840,1.17122E+18,1,0,54,56,2017,12,21,1,3,2,6,0,1,0,0,0,2,1,5.03E+20,6.03755E+21,9.04631E+15,5.44856E+16
6841,1.17113E+18,1,0,62,18,2017,11,7,5,3,2,6,0,1,0,0,0,1,1,5.81414E+20,5.93139E+21,1.02281E+16,5.35251E+16
6842,2.17021E+18,2,7,2,703,2017,2,16,3,3,2,6,0,1,0,0,0,0,0,5.68072E+20,5.92429E+21,1.00254E+16,5.34632E+16
6843,1.17101E+18,1,0,60,54,2017,10,23,1,3,0,7,0,1,0,0,0,2,0,5.58128E+20,5.97217E+21,9.88455E+15,5.38947E+16
6844,1.17112E+18,1,0,4,0,2017,11,12,6,3,2,6,0,1,0,0,0,0,0,5.65299E+20,5.9912E+21,9.99775E+15,5.40649E+16
6845,1.1711E+18,1,0,59,184,2017,11,14,4,3,8,1,0,1,0,0,0,0,1,5.30477E+20,6.06315E+21,9.47309E+15,5.47148E+16
6846,1.17113E+18,1,0,3,0,2017,11,16,5,3,2,6,0,1,0,1,0,1,1,6.09356E+20,5.97027E+21,1.06632E+16,5.38694E+16
6847,2.17021E+18,2,1,15,134,2017,2,6,2,3,2,6,0,1,0,0,0,2,0,5.68021E+20,5.93067E+21,1.0026E+16,5.35206E+16
6848,1.17112E+18,1,0,58,135,2017,11,14,6,3,5,3,0,1,0,0,0,0,0,5.44579E+20,6.01783E+21,9.68513E+15,5.43064E+16
6849,1.1711E+18,1,0,59,83,2017,11,7,4,3,2,6,0,1,0,0,0,0,1,5.48836E+20,6.05495E+21,9.75668E+15,5.46396E+16
6850,1.17122E+18,1,0,59,145,2017,12,1,7,3,9,1,0,1,0,0,0,2,2,5.35375E+20,6.07313E+21,9.55033E+15,5.48041E+16
6851,1.1711E+18,1,0,1,0,2017,11,19,4,3,2,2,0,1,0,0,0,2,1,5.26436E+20,6.07213E+21,9.41118E+15,5.47956E+16
6852,1.1711E+18,1,0,59,78,2017,11,13,4,2,8,1,0,1,0,0,0,0,1,5.3816E+20,6.03428E+21,9.5886E+15,5.44548E+16
6853,1.1711E+18,1,0,60,73,2017,11,5,4,3,8,7,0,1,0,0,1,1,0,5.61701E+20,5.97252E+21,9.93899E+15,5.38974E+16
6854,1.17102E+18,1,0,3,0,2017,10,9,3,3,0,1,1,0,0,0,0,0,1,6.11382E+20,5.96902E+21,1.06935E+16,5.38577E+16
6855,1.1711E+18,1,0,62,4,2017,11,21,4,3,3,6,0,1,0,0,0,2,1,5.93425E+20,5.96052E+21,1.0418E+16,5.37849E+16
6856,1.17113E+18,1,0,55,32,2017,11,8,5,3,5,2,1,1,0,0,0,1,0,6.18782E+20,5.99682E+21,1.08168E+16,5.41058E+16
6857,1.17102E+18,1,0,55,40,2017,10,10,3,3,5,7,0,1,0,1,0,0,1,6.08474E+20,5.97215E+21,1.06504E+16,5.38864E+16
6858,1.17103E+18,1,0,61,57,2017,10,10,3,3,5,2,1,1,0,0,0,0,1,5.31132E+20,5.97003E+21,9.47355E+15,5.38778E+16
6859,1.17113E+18,1,0,55,4,2017,11,16,5,3,5,2,1,1,0,0,0,2,1,6.1148E+20,5.9762E+21,1.06976E+16,5.39222E+16
6860,1.17102E+18,1,0,55,41,2017,10,6,3,3,0,7,0,0,0,1,0,2,0,6.05942E+20,5.99441E+21,1.06197E+16,5.4087E+16
6861,1.17112E+18,1,0,2,0,2017,11,16,6,3,0,2,1,1,0,0,0,2,0,5.73615E+20,6.01929E+21,1.01317E+16,5.43162E+16
6862,1.17122E+18,1,0,54,161,2017,12,1,7,3,9,1,0,1,0,0,0,2,2,4.98345E+20,6.02942E+21,8.9745E+15,5.44125E+16
6863,1.17103E+18,1,0,60,58,2017,10,14,3,2,5,2,0,1,0,0,0,0,0,5.74093E+20,5.95897E+21,1.01243E+16,5.37741E+16
6864,1.17113E+18,1,0,55,33,2017,11,8,5,3,5,2,0,1,0,0,0,0,1,6.21709E+20,6.01804E+21,1.08701E+16,5.42957E+16
6865,1.17102E+18,1,0,3,0,2017,10,7,3,3,5,3,1,0,0,0,1,1,1,6.09246E+20,5.96841E+21,1.06608E+16,5.38527E+16
6866,1.17112E+18,1,0,57,62,2017,11,11,6,3,6,3,0,1,1,0,0,0,1,5.8305E+20,6.00899E+21,1.02738E+16,5.42221E+16
6867,1.17122E+18,1,0,59,132,2017,12,12,7,3,0,7,1,0,0,0,0,0,2,5.20385E+20,6.05073E+21,9.31557E+15,5.46036E+16
6868,1.17113E+18,1,0,55,4,2017,11,16,5,3,1,6,0,1,0,0,0,2,1,6.11125E+20,5.97458E+21,1.06916E+16,5.39077E+16
6869,1.17113E+18,1,0,4,0,2017,11,14,5,3,5,3,1,1,0,0,0,0,0,5.64696E+20,5.99164E+21,9.98863E+15,5.40689E+16
6870,1.17102E+18,1,0,3,0,2017,10,11,3,3,6,7,0,1,1,0,0,0,0,6.1239E+20,5.96727E+21,1.07082E+16,5.38417E+16
6871,1.17103E+18,1,0,56,50,2017,10,14,3,3,5,2,0,1,0,1,0,0,0,5.46177E+20,5.93745E+21,9.69752E+15,5.35839E+16
6872,1.17122E+18,1,0,54,138,2017,12,18,7,3,1,5,0,1,0,0,0,2,1,4.9163E+20,6.0179E+21,8.87136E+15,5.43089E+16
6873,1.17113E+18,1,0,4,0,2017,11,18,5,3,0,5,1,1,0,0,0,2,0,5.64545E+20,5.99247E+21,9.9865E+15,5.40764E+16