OBJECTID,UIDENTSTLA,ULAND,UREGBEZ,UKREIS,UGEMEINDE,UJAHR,UMONAT,USTUNDE,UWOCHENTAG,UKATEGORIE,UART,UTYP1,IstRad,IstPKW,IstFuss,IstKrad,IstSonstig,LICHT,STRZUSTAND,LINREFX,LINREFY,XGCSWGS84,YGCSWGS84
7048,1.17101E+18,1,0,55,35,2017,10,20,7,2,9,1,0,1,0,0,0,2,1,6.14232E+20,5.98057E+21,1.07411E+16,5.39608E+16
7049,1.17101E+18,1,0,55,39,2017,10,15,7,3,9,1,0,1,0,0,0,0,1,6.15099E+20,5.99324E+21,1.07591E+16,5.40744E+16
7050,1.17101E+18,1,0,62,32,2017,10,21,7,3,2,6,0,1,0,0,0,2,1,6.02839E+20,5.97244E+21,1.05648E+16,5.38902E+16
7051,1.17101E+18,1,0,61,22,2017,10,7,7,3,8,7,0,1,0,0,0,0,1,5.35917E+20,5.97058E+21,9.54641E+15,5.38824E+16
7052,1.17112E+18,1,0,55,44,2017,11,18,5,3,5,3,1,1,0,0,0,2,1,6.10304E+20,5.98757E+21,1.06838E+16,5.40246E+16
7053,1.17101E+18,1,0,4,0,2017,10,13,7,3,2,6,0,1,0,0,0,0,1,5.61642E+20,5.996E+21,9.94286E+15,5.41085E+16
7054,1.17112E+18,1,0,3,0,2017,11,16,5,3,2,6,0,1,0,0,0,2,1,6.08031E+20,5.96452E+21,1.0641E+16,5.3818E+16
7055,1.17101E+18,1,0,55,21,2017,10,21,7,3,8,1,0,1,0,0,0,2,1,6.2767E+20,6.02556E+21,1.09649E+16,5.43618E+16
7056,1.17112E+18,1,0,58,61,2017,11,12,5,3,9,1,0,1,0,0,0,0,1,5.3151E+20,5.99568E+21,9.48196E+15,5.41083E+16
7057,1.17103E+18,1,0,57,91,2017,10,7,2,3,5,3,0,1,0,1,0,0,0,5.78036E+20,6.01899E+21,1.01995E+16,5.43128E+16
7058,1.17122E+18,1,0,54,42,2017,12,19,6,3,5,3,0,1,0,0,0,2,1,5.01912E+20,6.04171E+21,9.02953E+15,5.45229E+16
7059,2.17012E+18,2,3,7,319,2017,1,9,2,3,2,6,0,1,0,0,0,0,1,5.61034E+20,5.94327E+21,9.92306E+15,5.36346E+16
7060,1.17103E+18,1,0,2,0,2017,10,9,2,3,5,3,0,1,0,0,0,0,0,5.7301E+20,6.02008E+21,1.01226E+16,5.43234E+16
7061,1.17113E+18,1,0,2,0,2017,11,16,4,3,2,6,0,1,0,0,0,2,1,5.74658E+20,6.01749E+21,1.01472E+16,5.42999E+16
7062,2.17012E+18,2,3,8,320,2017,1,18,5,3,4,2,0,1,0,0,0,2,0,5.60071E+20,5.94168E+21,9.90819E+15,5.36204E+16
7063,1.17103E+18,1,0,54,168,2017,10,11,2,2,0,7,1,0,0,0,0,0,1,4.55791E+20,6.0844E+21,8.31053E+15,5.49047E+16
7064,1.17103E+18,1,0,59,185,2017,10,19,2,3,5,3,0,1,0,0,1,2,0,5.42718E+20,6.06002E+21,9.66263E+15,5.46857E+16
7065,1.17101E+18,1,0,61,118,2017,10,16,6,3,5,2,0,1,0,0,0,0,0,5.3137E+20,5.95657E+21,9.47581E+15,5.37568E+16
7066,1.17122E+18,1,0,56,41,2017,12,16,7,2,5,3,0,1,0,1,0,1,1,5.59806E+20,5.955E+21,9.90676E+15,5.37402E+16
7067,1.17103E+18,1,0,59,83,2017,10,15,2,3,5,3,1,1,0,0,0,0,0,5.50122E+20,6.05451E+21,9.77653E+15,5.46355E+16
7068,1.17103E+18,1,0,59,158,2017,10,16,2,3,2,6,0,1,0,0,0,0,0,5.1239E+20,6.06835E+21,9.19255E+15,5.47622E+16
7069,1.17101E+18,1,0,61,41,2017,10,15,6,3,5,3,0,0,0,1,1,0,0,5.39628E+20,5.96634E+21,9.60231E+15,5.38441E+16
7070,1.17122E+18,1,0,60,89,2017,12,15,7,3,5,3,1,1,0,0,0,0,1,5.79446E+20,5.98905E+21,1.02133E+16,5.40436E+16
7071,1.17103E+18,1,0,54,88,2017,10,17,2,2,5,3,1,1,0,0,0,2,0,4.8908E+20,6.07185E+21,8.83016E+15,5.47937E+16
7072,1.17103E+18,1,0,56,43,2017,10,9,2,3,3,6,0,1,0,0,1,0,0,5.57014E+20,5.94291E+21,9.86221E+15,5.36318E+16
7073,1.17101E+18,1,0,60,5,2017,10,10,6,3,2,6,0,1,0,0,1,0,1,5.84741E+20,5.97742E+21,1.02909E+16,5.39382E+16
7074,1.17122E+18,1,0,53,85,2017,12,18,7,3,1,5,0,1,0,0,0,2,1,5.97083E+20,5.94492E+21,1.04686E+16,5.3644E+16
7075,1.17103E+18,1,0,62,78,2017,10,3,2,3,3,6,0,1,0,0,1,2,0,5.87554E+20,5.9509E+21,1.03262E+16,5.36994E+16
7076,1.17101E+18,1,0,56,15,2017,10,13,6,3,4,6,1,0,0,0,0,0,0,5.45028E+20,5.95794E+21,9.68314E+15,5.37681E+16
7077,1.17122E+18,1,0,53,128,2017,12,7,7,3,9,6,0,1,0,0,0,2,1,6.03167E+20,5.92365E+21,1.05536E+16,5.34518E+16
7078,1.17103E+18,1,0,58,111,2017,10,6,2,3,2,6,0,1,0,0,1,1,0,5.44443E+20,6.02337E+21,9.68386E+15,5.43562E+16
7079,1.17101E+18,1,0,56,15,2017,10,12,6,3,2,6,0,1,0,0,0,0,0,5.42414E+20,5.95716E+21,9.64338E+15,5.37613E+16
7080,1.17103E+18,1,0,61,42,2017,10,6,1,3,7,7,0,1,0,0,0,1,1,5.42904E+20,5.98238E+21,9.65434E+15,5.3988E+16
7081,1.17101E+18,1,0,56,10,2017,10,14,6,2,8,1,0,0,0,1,0,0,0,5.47085E+20,5.96831E+21,9.71594E+15,5.38611E+16
7082,1.17101E+18,1,0,60,39,2017,10,13,6,3,4,2,1,1,0,0,0,0,0,5.6477E+20,5.9616E+21,9.98338E+15,5.37989E+16
7083,1.17112E+18,1,0,58,140,2017,11,16,5,3,1,5,0,1,0,0,1,1,1,5.47546E+20,6.01871E+21,9.73087E+15,5.4314E+16
7084,1.17101E+18,1,0,60,44,2017,10,18,6,3,2,6,0,1,0,0,0,2,1,5.62192E+20,5.96641E+21,9.94522E+15,5.38425E+16
7085,1.17101E+18,1,0,62,76,2017,10,13,6,3,1,6,0,1,0,0,0,0,0,5.72514E+20,5.95386E+21,1.00991E+16,5.37283E+16
7086,1.17102E+18,1,0,62,4,2017,10,14,2,3,2,6,0,1,0,1,0,0,0,5.90826E+20,5.96069E+21,1.03786E+16,5.37869E+16
7087,1.17112E+18,1,0,58,9,2017,11,9,5,3,5,2,0,1,0,0,0,0,1,5.55426E+20,5.99168E+21,9.84699E+15,5.40704E+16
7088,1.17101E+18,1,0,60,5,2017,10,8,6,3,2,6,0,1,0,0,1,0,1,5.85963E+20,5.97694E+21,1.03094E+16,5.39337E+16
7089,1.17112E+18,1,0,2,0,2017,11,17,5,3,3,6,0,1,0,0,1,2,0,5.72945E+20,6.01967E+21,1.01215E+16,5.43197E+16
7090,2.17022E+18,2,4,3,406,2017,2,20,5,3,8,1,0,1,0,0,0,2,1,5.6688E+20,5.94212E+21,1.00112E+16,5.36236E+16
7091,1.17101E+18,1,0,56,39,2017,10,11,6,3,4,2,0,1,0,0,0,0,1,5.52526E+20,5.94797E+21,9.79519E+15,5.36778E+16
7092,1.17101E+18,1,0,56,15,2017,10,18,6,3,2,6,0,1,0,0,0,1,0,5.42435E+20,5.95518E+21,9.64343E+15,5.37436E+16
7093,1.17112E+18,1,0,2,0,2017,11,10,5,3,2,6,0,1,0,0,1,0,1,5.72121E+20,6.0176E+21,1.01083E+16,5.43012E+16
7094,2.17022E+18,2,1,1,102,2017,2,19,3,3,2,6,0,1,0,1,0,2,0,5.65397E+20,5.93365E+21,9.98702E+15,5.35477E+16
7095,1.17101E+18,1,0,60,53,2017,10,13,6,2,6,4,0,0,1,0,1,0,0,5.82357E+20,5.96955E+21,1.02525E+16,5.38679E+16
7096,1.17112E+18,1,0,54,62,2017,11,16,5,2,3,2,0,1,0,0,0,0,0,4.98087E+20,6.07289E+21,8.97023E+15,5.48031E+16
7097,1.17101E+18,1,0,56,18,2017,10,16,6,3,5,3,1,1,0,0,0,0,0,5.55365E+20,5.94307E+21,9.8373E+15,5.36334E+16
7098,1.17112E+18,1,0,59,50,2017,11,17,5,3,4,6,0,1,0,0,1,2,1,5.30035E+20,6.02837E+21,9.46268E+15,5.44022E+16
7099,2.17023E+18,2,1,12,130,2017,2,8,7,2,2,1,0,1,0,0,0,0,1,5.74558E+20,5.93172E+21,1.01248E+16,5.35291E+16
7100,1.17101E+18,1,0,62,6,2017,10,4,6,2,5,2,1,1,0,0,0,2,1,5.83861E+20,5.95431E+21,1.02712E+16,5.37307E+16
7101,1.17112E+18,1,0,59,174,2017,11,17,5,3,2,6,0,1,0,0,0,2,1,5.21843E+20,6.06153E+21,9.33894E+15,5.47006E+16
7102,1.17112E+18,1,0,60,73,2017,11,6,5,3,9,1,0,1,0,0,1,1,1,5.61864E+20,5.97193E+21,9.94136E+15,5.38921E+16
7103,2.17012E+18,2,3,4,316,2017,1,14,2,3,5,2,0,1,0,0,1,0,0,5.64183E+20,5.93768E+21,9.96952E+15,5.3584E+16
7104,1.17101E+18,1,0,62,60,2017,10,8,6,3,2,6,0,1,0,0,0,0,1,5.81111E+20,5.93002E+21,1.02232E+16,5.35128E+16
7105,1.17112E+18,1,0,51,44,2017,11,12,4,3,2,6,0,1,0,0,0,0,0,5.07011E+20,6.00539E+21,9.10747E+15,5.41965E+16
7106,1.17112E+18,1,0,51,127,2017,11,8,4,3,0,7,0,1,0,0,0,0,1,4.9521E+20,6.00836E+21,8.92653E+15,5.42232E+16
7107,1.17122E+18,1,0,3,0,2017,12,18,7,3,2,2,0,1,0,0,0,2,1,6.11584E+20,5.96963E+21,1.06968E+16,5.38632E+16
7108,2.17013E+18,2,1,19,140,2017,1,19,6,3,3,6,0,1,0,0,0,2,0,5.61873E+20,5.9316E+21,9.93343E+15,5.35297E+16
7109,1.17101E+18,1,0,62,25,2017,10,7,6,2,6,4,0,1,1,0,0,2,1,6.0497E+20,5.96697E+21,1.05954E+16,5.38406E+16
7110,1.17112E+18,1,0,56,44,2017,11,22,4,3,5,2,0,1,0,0,0,2,0,5.56192E+20,5.93922E+21,9.84912E+15,5.35988E+16
7111,1.17113E+18,1,0,2,0,2017,11,10,4,3,5,2,1,1,0,0,0,0,1,5.72979E+20,6.02103E+21,1.01223E+16,5.43319E+16
7112,2.17013E+18,2,1,12,130,2017,1,12,3,3,3,6,0,1,0,0,1,0,1,5.75179E+20,5.93166E+21,1.01342E+16,5.35285E+16
7113,1.17112E+18,1,0,56,15,2017,11,14,4,3,5,2,1,1,0,0,0,0,0,5.44249E+20,5.95558E+21,9.67099E+15,5.3747E+16
7114,1.17102E+18,1,0,2,0,2017,10,11,7,3,5,2,1,1,0,0,0,0,0,5.72472E+20,6.01988E+21,1.01142E+16,5.43216E+16
7115,1.17103E+18,1,0,56,39,2017,10,17,1,3,6,4,0,1,1,0,0,2,0,5.52432E+20,5.94691E+21,9.7936E+15,5.36683E+16
7116,1.17113E+18,1,0,59,171,2017,11,6,4,3,9,1,0,1,0,0,0,2,2,5.2713E+20,6.05907E+21,9.42075E+15,5.46782E+16
7117,1.17103E+18,1,0,62,60,2017,10,15,1,3,0,7,1,0,0,0,0,0,1,5.83421E+20,5.93131E+21,1.02584E+16,5.35241E+16
7118,1.17113E+18,1,0,54,144,2017,11,17,4,3,2,6,0,1,0,0,0,2,0,5.10513E+20,6.04542E+21,9.16255E+15,5.45562E+16
7119,1.17102E+18,1,0,55,43,2017,10,6,2,3,7,7,0,1,0,0,0,2,1,6.18896E+20,6.01716E+21,1.08266E+16,5.42885E+16
7120,1.17112E+18,1,0,56,23,2017,11,16,4,3,5,3,1,1,0,0,0,1,0,5.45112E+20,5.95093E+21,9.68339E+15,5.37051E+16
7121,1.17122E+18,1,0,59,78,2017,12,8,6,3,2,6,0,1,0,0,0,1,0,5.36736E+20,6.03545E+21,9.56677E+15,5.44654E+16
7122,1.17103E+18,1,0,62,4,2017,10,10,1,3,2,6,0,1,0,0,1,0,0,5.9103E+20,5.963E+21,1.03824E+16,5.38076E+16
7123,1.17113E+18,1,0,1,0,2017,11,21,4,3,0,1,0,0,0,1,0,2,1,5.28487E+20,6.07065E+21,9.44294E+15,5.47823E+16
7124,1.17102E+18,1,0,55,42,2017,10,14,2,3,5,2,0,1,0,0,0,0,0,6.16612E+20,5.9841E+21,1.07787E+16,5.39921E+16
7125,1.17112E+18,1,0,56,49,2017,11,17,4,3,2,6,0,1,0,1,0,1,1,5.43392E+20,5.94848E+21,9.65701E+15,5.36832E+16
7126,1.17122E+18,1,0,60,44,2017,12,14,6,2,8,7,0,1,0,0,0,0,0,5.61085E+20,5.96229E+21,9.92758E+15,5.38056E+16
7127,1.17113E+18,1,0,59,112,2017,11,11,4,3,2,2,0,1,0,0,0,0,0,5.57744E+20,6.06675E+21,9.89702E+15,5.47447E+16
7128,1.17113E+18,1,0,61,3,2017,11,12,4,2,2,6,0,1,0,0,1,0,1,5.2903E+20,5.98694E+21,9.4432E+15,5.40299E+16
7129,1.17102E+18,1,0,55,12,2017,10,22,2,3,8,7,0,0,0,0,1,2,0,6.02229E+20,5.99923E+21,1.05645E+16,5.4131E+16
7130,1.17112E+18,1,0,53,20,2017,11,15,4,3,9,6,0,1,0,0,1,0,1,6.07013E+20,5.92856E+21,1.06132E+16,5.34951E+16
7131,1.17113E+18,1,0,62,27,2017,11,20,4,3,8,7,0,1,0,0,0,2,1,5.87917E+20,5.95282E+21,1.03322E+16,5.37167E+16
7132,1.17113E+18,1,0,62,9,2017,11,10,4,3,3,6,0,1,0,0,1,0,0,5.76953E+20,5.93534E+21,1.01618E+16,5.35613E+16
7133,1.17102E+18,1,0,3,0,2017,10,14,2,3,5,2,0,1,0,0,0,0,0,6.10865E+20,5.97275E+21,1.0687E+16,5.38914E+16
7134,1.17112E+18,1,0,3,0,2017,11,13,4,3,0,1,0,0,0,1,0,0,1,6.10685E+20,5.96831E+21,1.06827E+16,5.38515E+16
7135,1.17122E+18,1,0,3,0,2017,12,17,6,3,2,6,0,1,0,0,0,0,1,6.09182E+20,5.97163E+21,1.0661E+16,5.38817E+16
7136,1.17112E+18,1,0,55,7,2017,11,9,4,1,9,7,0,1,0,0,0,0,1,5.96041E+20,5.99348E+21,1.04681E+16,5.40806E+16
7137,1.17121E+18,1,0,61,46,2017,12,8,5,3,5,3,1,1,0,0,0,0,1,5.33161E+20,5.97607E+21,9.50507E+15,5.39319E+16
7138,1.17113E+18,1,0,62,11,2017,11,18,4,3,8,1,0,1,0,0,0,2,1,5.82021E+20,5.94236E+21,1.02402E+16,5.36236E+16
7139,1.17113E+18,1,0,62,69,2017,11,16,4,3,2,6,0,1,0,0,1,2,1,5.82992E+20,5.9435E+21,1.02551E+16,5.36337E+16
7140,1.17112E+18,1,0,3,0,2017,11,16,4,2,5,2,1,1,0,0,0,2,0,6.11266E+20,5.96911E+21,1.06918E+16,5.38585E+16
7141,1.17121E+18,1,0,51,72,2017,12,18,5,3,8,1,0,1,0,0,0,2,1,5.01971E+20,5.97855E+21,9.03004E+15,5.39553E+16
7142,1.17112E+18,1,0,3,0,2017,11,18,4,3,4,6,1,0,0,0,0,2,1,6.08899E+20,5.9717E+21,1.06567E+16,5.38823E+16
7143,1.17121E+18,1,0,60,39,2017,12,8,5,3,5,3,1,1,0,0,0,0,1,5.66322E+20,5.96073E+21,1.00068E+16,5.37909E+16
7144,1.17123E+18,1,0,59,171,2017,12,8,6,2,9,1,0,1,0,0,0,0,2,5.2631E+20,6.05463E+21,9.40764E+15,5.46384E+16
7145,1.17113E+18,1,0,61,46,2017,11,13,4,3,2,6,0,1,0,0,0,0,1,5.32032E+20,5.97811E+21,9.48809E+15,5.39504E+16
7146,1.17112E+18,1,0,55,27,2017,11,12,4,3,5,3,0,0,0,1,1,0,0,6.23714E+20,6.00931E+21,1.08973E+16,5.42168E+16
7147,1.17121E+18,1,0,60,39,2017,12,15,5,3,5,2,1,1,0,0,0,0,1,5.64364E+20,5.95964E+21,9.97681E+15,5.37814E+16
7148,1.17123E+18,1,0,3,0,2017,12,17,6,3,5,3,1,1,0,0,0,2,0,6.09871E+20,5.97029E+21,1.0671E+16,5.38694E+16
7149,1.17113E+18,1,0,60,5,2017,11,18,3,3,4,6,0,1,0,0,0,2,1,5.84631E+20,5.97694E+21,1.02891E+16,5.39339E+16
7150,1.17112E+18,1,0,55,28,2017,11,15,4,3,2,6,0,1,0,0,1,0,1,6.01984E+20,6.00457E+21,1.05626E+16,5.4179E+16
7151,1.17103E+18,1,0,3,0,2017,10,22,1,2,8,7,0,1,0,0,0,2,0,6.10053E+20,5.97059E+21,1.06739E+16,5.38721E+16
7152,1.17121E+18,1,0,56,43,2017,12,7,5,3,5,2,1,1,0,0,0,1,1,5.5767E+20,5.9447E+21,9.87245E+15,5.36479E+16
7153,1.17123E+18,1,0,60,44,2017,12,18,7,3,6,4,0,1,1,0,0,2,1,5.63456E+20,5.96556E+21,9.96425E+15,5.38347E+16
7154,1.17103E+18,1,0,4,0,2017,10,1,1,3,2,6,0,1,0,0,0,2,1,5.63589E+20,5.99504E+21,9.97243E+15,5.40996E+16
7155,1.17121E+18,1,0,60,39,2017,12,4,5,3,5,3,1,1,0,0,0,2,1,5.64706E+20,5.9611E+21,9.98231E+15,5.37944E+16
7156,1.17123E+18,1,0,51,110,2017,12,18,1,3,7,7,0,1,0,0,0,2,1,5.15111E+20,5.98844E+21,9.23077E+15,5.4044E+16
7157,1.17103E+18,1,0,2,0,2017,10,2,1,3,6,4,0,1,1,0,0,2,1,5.73762E+20,6.02062E+21,1.01342E+16,5.43281E+16
7158,2.1701E+18,2,1,6,115,2017,1,17,3,3,2,6,0,1,0,0,0,2,1,5.66894E+20,5.93368E+21,1.00096E+16,5.35478E+16
7159,1.17102E+18,1,0,3,0,2017,10,18,2,2,1,6,0,1,0,0,1,0,0,6.09234E+20,5.9671E+21,1.06602E+16,5.3841E+16
7160,1.17103E+18,1,0,2,0,2017,10,1,1,2,0,1,1,0,0,0,0,2,1,5.73746E+20,6.01957E+21,1.01337E+16,5.43186E+16
7161,1.17103E+18,1,0,2,0,2017,10,15,1,2,6,4,0,1,1,0,0,0,0,5.75191E+20,6.02203E+21,1.01566E+16,5.43405E+16
7162,1.17103E+18,1,0,59,159,2017,10,14,1,3,5,3,0,1,0,0,0,0,0,5.28582E+20,6.05761E+21,9.44313E+15,5.46651E+16
7163,1.17103E+18,1,0,54,19,2017,10,3,1,3,1,1,0,1,0,0,0,2,1,4.98708E+20,6.0545E+21,8.97998E+15,5.46379E+16
7164,1.17103E+18,1,0,1,0,2017,10,14,1,3,6,1,1,0,1,0,0,0,0,5.28527E+20,6.07074E+21,9.44356E+15,5.47831E+16
7165,1.17121E+18,1,0,62,1,2017,12,5,5,2,8,7,0,1,0,0,0,2,1,5.79248E+20,5.94451E+21,1.01988E+16,5.36434E+16
7166,1.17103E+18,1,0,54,95,2017,10,6,1,3,7,1,0,1,0,0,0,2,1,4.98436E+20,6.02391E+21,8.97593E+15,5.4363E+16
7167,1.17103E+18,1,0,54,42,2017,10,18,1,3,0,7,0,1,0,0,1,2,0,5.02708E+20,6.04167E+21,9.04184E+15,5.45226E+16
7168,1.17121E+18,1,0,3,0,2017,12,18,5,3,5,2,0,1,0,0,1,2,1,6.11237E+20,5.97169E+21,1.06923E+16,5.38818E+16
7169,1.17113E+18,1,0,60,44,2017,11,7,3,3,5,3,1,1,0,0,0,2,1,5.62037E+20,5.9647E+21,9.94253E+15,5.38271E+16
7170,1.17121E+18,1,0,55,41,2017,12,14,5,3,2,6,0,1,0,0,0,0,1,6.08683E+20,5.99676E+21,1.06624E+16,5.41075E+16
7171,1.17103E+18,1,0,55,33,2017,10,4,1,3,8,1,0,1,0,0,0,2,1,6.22975E+20,6.01351E+21,1.08877E+16,5.42548E+16
7172,1.17121E+18,1,0,3,0,2017,12,16,5,3,2,2,0,1,0,0,0,2,1,6.12468E+20,5.97093E+21,1.07107E+16,5.38746E+16
7173,1.17113E+18,1,0,56,28,2017,11,5,3,3,8,1,0,1,0,0,0,2,1,5.47964E+20,5.94134E+21,9.72511E+15,5.36187E+16
7174,1.17121E+18,1,0,2,0,2017,12,15,5,3,5,3,0,1,0,1,0,0,1,5.73331E+20,6.01922E+21,1.01273E+16,5.43156E+16
7175,1.17121E+18,1,0,2,0,2017,12,19,5,2,1,1,1,1,0,1,0,2,1,5.73214E+20,6.01866E+21,1.01253E+16,5.43106E+16
7176,1.17113E+18,1,0,56,48,2017,11,7,3,3,5,3,1,1,0,0,0,2,1,5.47102E+20,5.94997E+21,9.71339E+15,5.36963E+16
7177,1.17121E+18,1,0,59,42,2017,12,8,5,3,8,1,0,1,0,0,0,0,2,5.31979E+20,6.04825E+21,9.49478E+15,5.45808E+16
7178,1.17113E+18,1,0,62,76,2017,11,16,3,3,2,6,0,1,0,0,0,2,1,5.72233E+20,5.95401E+21,1.00949E+16,5.37298E+16
7179,1.17113E+18,1,0,53,32,2017,11,14,3,3,5,3,1,1,0,0,0,0,0,5.93233E+20,5.92266E+21,1.04038E+16,5.34447E+16
7180,1.17102E+18,1,0,3,0,2017,10,13,2,3,5,3,1,1,0,0,0,0,0,6.14443E+20,5.9683E+21,1.07398E+16,5.38505E+16
7181,1.17112E+18,1,0,3,0,2017,11,7,4,3,5,3,1,1,0,0,0,2,1,6.10652E+20,5.96831E+21,1.06822E+16,5.38515E+16
7182,1.17121E+18,1,0,54,22,2017,12,6,5,3,4,6,0,0,0,0,1,2,1,4.82533E+20,6.06388E+21,8.72882E+15,5.47219E+16
7183,1.17113E+18,1,0,62,71,2017,11,18,3,3,6,2,0,0,1,0,1,2,1,5.81788E+20,5.94068E+21,1.02362E+16,5.36086E+16
7184,1.17113E+18,1,0,53,32,2017,11,11,3,2,4,6,0,1,0,0,1,0,1,5.95373E+20,5.91991E+21,1.04351E+16,5.34196E+16
7185,1.17102E+18,1,0,58,66,2017,10,22,2,3,7,7,0,1,0,0,0,2,0,5.51639E+20,6.02968E+21,9.79568E+15,5.44123E+16
7186,1.17112E+18,1,0,55,16,2017,11,15,4,3,8,1,0,1,0,0,0,0,1,6.27421E+20,6.00838E+21,1.09537E+16,5.42076E+16
7187,1.17121E+18,1,0,59,57,2017,12,9,5,3,8,1,0,1,0,0,0,0,2,5.33501E+20,6.04417E+21,9.51786E+15,5.45439E+16
7188,1.17113E+18,1,0,53,23,2017,11,6,3,2,8,1,0,0,0,1,0,2,1,5.92588E+20,5.92752E+21,1.03955E+16,5.34885E+16
7189,1.17113E+18,1,0,55,40,2017,11,15,3,3,2,1,0,1,0,0,0,0,1,6.0631E+20,5.97265E+21,1.06177E+16,5.38914E+16
7190,1.17102E+18,1,0,58,1,2017,10,0,2,3,7,1,0,1,0,0,0,2,0,5.64107E+20,6.01836E+21,9.98533E+15,5.43091E+16
7191,1.17112E+18,1,0,4,0,2017,11,12,4,3,5,2,1,1,0,0,0,0,1,5.63679E+20,5.99186E+21,9.97313E+15,5.4071E+16
7192,1.17121E+18,1,0,59,183,2017,12,7,5,3,2,6,0,1,0,0,0,2,1,5.22481E+20,6.06958E+21,9.34947E+15,5.47729E+16
7193,1.17103E+18,1,0,58,38,2017,10,17,1,3,5,3,0,1,0,0,0,1,0,5.60539E+20,6.00501E+21,9.9278E+15,5.41895E+16
7194,1.17121E+18,1,0,59,183,2017,12,17,5,3,5,3,0,1,0,0,1,2,1,5.25195E+20,6.06531E+21,9.39128E+15,5.47344E+16
7195,1.17113E+18,1,0,55,1,2017,11,17,3,2,6,2,0,1,1,0,0,2,1,6.03104E+20,5.98578E+21,1.05734E+16,5.401E+16
7196,1.17113E+18,1,0,4,0,2017,11,13,3,3,2,6,0,1,0,0,0,0,1,5.65146E+20,5.99133E+21,9.99544E+15,5.4066E+16
7197,1.17112E+18,1,0,58,92,2017,11,7,4,3,6,2,0,1,1,0,0,1,1,5.70571E+20,6.02095E+21,1.00853E+16,5.43315E+16
7198,1.17121E+18,1,0,59,75,2017,12,17,5,3,2,2,0,1,0,0,0,2,1,5.36632E+20,6.04112E+21,9.56587E+15,5.45164E+16
7199,1.17121E+18,1,0,59,87,2017,12,16,5,2,6,4,0,1,1,0,0,2,1,5.32643E+20,6.02282E+21,9.50225E+15,5.43522E+16
7200,1.17123E+18,1,0,60,92,2017,12,11,7,3,2,6,0,1,0,0,0,0,0,5.79326E+20,5.97904E+21,1.02089E+16,5.39537E+16
7201,1.17113E+18,1,0,58,43,2017,11,7,3,3,5,2,1,1,0,0,0,1,1,5.54293E+20,6.03535E+21,9.83761E+15,5.44629E+16
7202,1.17121E+18,1,0,59,183,2017,12,16,5,2,5,3,0,1,0,0,0,2,1,5.20089E+20,6.07199E+21,9.31246E+15,5.47947E+16
7203,1.17121E+18,1,0,1,0,2017,12,12,5,3,0,7,1,0,0,0,0,0,1,5.2888E+20,6.07203E+21,9.44918E+15,5.47947E+16
7204,2.1701E+18,2,3,6,318,2017,1,18,2,2,6,4,0,0,1,0,1,2,0,5.62923E+20,5.94119E+21,9.9512E+15,5.36157E+16
7205,1.17113E+18,1,0,4,0,2017,11,16,3,3,6,2,0,0,1,0,1,2,1,5.6445E+20,5.99097E+21,9.98473E+15,5.40629E+16
7206,1.17121E+18,1,0,54,12,2017,12,14,5,3,8,1,0,1,0,0,0,0,2,5.05016E+20,6.04725E+21,9.0776E+15,5.45727E+16
7207,2.1701E+18,2,1,4,111,2017,1,13,4,3,2,6,0,1,0,0,1,0,0,5.63903E+20,5.93445E+21,9.96464E+15,5.3555E+16
7208,1.17113E+18,1,0,4,0,2017,11,6,3,3,5,2,0,1,0,0,0,2,1,5.63779E+20,5.9896E+21,9.97418E+15,5.40507E+16
7209,1.17103E+18,1,0,3,0,2017,10,13,7,3,1,6,0,1,0,0,0,0,0,6.12329E+20,5.97079E+21,1.07085E+16,5.38734E+16
7210,1.17121E+18,1,0,1,0,2017,12,17,5,3,2,6,0,1,0,0,0,2,1,5.27948E+20,6.07141E+21,9.43463E+15,5.47891E+16
7211,2.17011E+18,2,4,2,405,2017,1,23,1,3,2,6,0,1,0,0,0,2,1,5.65115E+20,5.93955E+21,9.98399E+15,5.36007E+16
7212,1.17103E+18,1,0,55,22,2017,10,6,7,3,9,7,0,1,0,0,0,2,0,6.29729E+20,6.01846E+21,1.09935E+16,5.42976E+16
7213,2.17011E+18,2,4,2,403,2017,1,15,6,3,3,2,1,0,0,0,1,0,2,5.65121E+20,5.93884E+21,9.98394E+15,5.35944E+16
7214,1.17103E+18,1,0,4,0,2017,10,19,7,3,5,2,1,1,0,0,0,2,1,5.65216E+20,5.99226E+21,9.99671E+15,5.40744E+16
7215,1.17103E+18,1,0,57,66,2017,10,22,7,3,5,2,0,1,0,0,0,2,1,5.85737E+20,6.01534E+21,1.03168E+16,5.42788E+16
7216,1.17103E+18,1,0,57,88,2017,10,13,7,3,7,7,0,1,0,0,0,0,0,5.87072E+20,6.02981E+21,1.03415E+16,5.44086E+16
7217,1.17103E+18,1,0,59,94,2017,10,17,7,3,5,3,0,1,0,0,0,2,1,5.48316E+20,6.04866E+21,9.74758E+15,5.45831E+16
7218,1.17103E+18,1,0,61,36,2017,10,16,6,3,2,6,0,1,0,0,0,0,0,5.46974E+20,5.98681E+21,9.7171E+15,5.40274E+16
7219,1.17121E+18,1,0,59,126,2017,12,8,5,3,2,2,0,1,0,0,0,1,1,5.33381E+20,6.06774E+21,9.51869E+15,5.47558E+16
7220,1.17103E+18,1,0,51,72,2017,10,13,6,2,0,1,1,0,0,0,0,0,0,5.00562E+20,5.97822E+21,9.00857E+15,5.39523E+16
7221,1.17122E+18,1,0,3,0,2017,12,12,7,3,5,3,0,1,0,0,0,0,0,6.10019E+20,5.97148E+21,1.06737E+16,5.38801E+16
7222,1.17103E+18,1,0,56,48,2017,10,13,6,3,5,2,1,0,0,0,0,0,0,5.4704E+20,5.95009E+21,9.71248E+15,5.36974E+16