OBJECTID,UIDENTSTLA,ULAND,UREGBEZ,UKREIS,UGEMEINDE,UJAHR,UMONAT,USTUNDE,UWOCHENTAG,UKATEGORIE,UART,UTYP1,IstRad,IstPKW,IstFuss,IstKrad,IstSonstig,LICHT,STRZUSTAND,LINREFX,LINREFY,XGCSWGS84,YGCSWGS84
7223,1.17122E+18,1,0,55,43,2017,12,7,7,3,9,7,0,1,0,0,0,2,1,6.16061E+20,6.01775E+21,1.07833E+16,5.42945E+16
7224,1.17103E+18,1,0,56,43,2017,10,6,6,3,4,6,1,0,0,0,0,2,1,5.57547E+20,5.9442E+21,9.87051E+15,5.36434E+16
7225,1.17101E+18,1,0,53,32,2017,10,19,6,3,6,4,0,1,1,0,0,2,1,5.90878E+20,5.92181E+21,1.03681E+16,5.34375E+16
7226,1.17121E+18,1,0,60,44,2017,12,2,5,2,8,6,0,0,0,0,1,2,2,5.60989E+20,5.96574E+21,9.92681E+15,5.38366E+16
7227,1.17103E+18,1,0,56,39,2017,10,5,6,3,5,3,1,1,0,0,0,2,1,5.52398E+20,5.94654E+21,9.79302E+15,5.3665E+16
7228,1.17121E+18,1,0,58,144,2017,12,0,5,2,2,6,0,0,0,0,1,2,1,5.62835E+20,5.99948E+21,9.96182E+15,5.41396E+16
7229,1.17121E+18,1,0,51,38,2017,12,15,4,3,8,1,0,1,0,0,0,1,2,4.99236E+20,6.0179E+21,8.98825E+15,5.4309E+16
7230,1.17101E+18,1,0,62,18,2017,10,17,6,3,6,2,0,1,1,0,0,0,0,5.80253E+20,5.93303E+21,1.0211E+16,5.354E+16
7231,1.17121E+18,1,0,51,11,2017,12,5,4,3,9,7,0,0,0,0,1,2,2,5.12587E+20,5.97488E+21,9.19166E+15,5.39222E+16
7232,1.17101E+18,1,0,53,90,2017,10,9,6,3,5,3,1,1,0,0,0,0,1,6.10914E+20,5.9414E+21,1.06765E+16,5.36097E+16
7233,1.17101E+18,1,0,62,71,2017,10,19,6,3,7,7,1,0,0,0,0,2,1,5.80153E+20,5.94126E+21,1.02116E+16,5.3614E+16
7234,1.17112E+18,1,0,58,5,2017,11,17,4,3,2,6,0,1,0,0,0,2,1,5.73097E+20,6.02992E+21,1.01263E+16,5.44118E+16
7235,1.17101E+18,1,0,3,0,2017,10,16,6,3,0,7,0,1,1,0,0,0,0,6.1366E+20,5.9699E+21,1.07285E+16,5.38651E+16
7236,1.17112E+18,1,0,4,0,2017,11,14,4,3,5,2,1,1,0,0,0,0,1,5.63891E+20,5.98984E+21,9.97594E+15,5.40528E+16
7237,1.17101E+18,1,0,3,0,2017,10,18,6,3,2,2,0,1,0,0,0,1,0,6.12408E+20,5.96712E+21,1.07084E+16,5.38404E+16
7238,1.17112E+18,1,0,58,147,2017,11,5,4,3,8,6,0,1,0,0,0,2,1,5.56476E+20,6.0007E+21,9.86472E+15,5.41513E+16
7239,1.17112E+18,1,0,2,0,2017,11,18,4,3,6,3,0,1,1,0,0,2,1,5.72713E+20,6.02372E+21,1.01189E+16,5.43561E+16
7240,1.17101E+18,1,0,58,24,2017,10,11,6,2,5,3,1,1,0,0,0,0,0,5.4627E+20,6.02108E+21,9.71161E+15,5.43355E+16
7241,1.17112E+18,1,0,57,86,2017,11,7,4,1,4,1,0,1,0,0,1,1,1,5.75229E+20,6.00654E+21,1.01533E+16,5.42014E+16
7242,1.17101E+18,1,0,58,50,2017,10,14,6,3,6,2,0,1,1,0,0,0,1,5.61302E+20,6.01811E+21,9.94217E+15,5.43072E+16
7243,1.17112E+18,1,0,57,9,2017,11,21,4,3,2,6,0,1,0,0,0,2,1,5.97954E+20,5.9996E+21,1.04993E+16,5.41352E+16
7244,1.17101E+18,1,0,58,3,2017,10,14,6,3,5,3,1,1,0,0,0,0,0,5.43787E+20,6.02576E+21,9.67411E+15,5.43778E+16
7245,1.17101E+18,1,0,58,54,2017,10,5,6,3,5,3,0,1,0,0,0,2,1,5.39145E+20,6.01753E+21,9.60157E+15,5.43042E+16
7246,1.17112E+18,1,0,2,0,2017,11,9,4,3,5,3,0,1,0,0,1,0,1,5.70496E+20,6.02014E+21,1.00839E+16,5.43243E+16
7247,2.17022E+18,2,3,7,319,2017,2,12,2,3,2,6,0,1,0,0,0,0,1,5.60234E+20,5.94356E+21,9.91102E+15,5.36374E+16
7248,1.17101E+18,1,0,4,0,2017,10,9,6,3,5,2,1,1,0,0,0,0,1,5.64793E+20,5.99128E+21,9.99003E+15,5.40657E+16
7249,1.17112E+18,1,0,1,0,2017,11,15,4,2,6,4,0,1,1,0,0,0,0,5.30033E+20,6.07349E+21,9.46726E+15,5.48077E+16
7250,2.17022E+18,2,2,7,219,2017,2,14,6,3,2,6,0,1,0,0,1,0,0,5.59502E+20,5.93488E+21,9.89829E+15,5.35594E+16
7251,1.17101E+18,1,0,57,7,2017,10,14,6,2,8,1,0,1,0,0,0,0,0,6.06416E+20,6.01713E+21,1.06349E+16,5.4291E+16
7252,1.17112E+18,1,0,59,109,2017,11,23,4,3,8,1,0,1,0,0,0,2,1,5.51154E+20,6.06469E+21,9.7943E+15,5.47269E+16
7253,1.17112E+18,1,0,60,2,2017,11,6,4,3,2,6,0,1,0,0,0,2,1,5.62127E+20,5.95915E+21,9.94278E+15,5.37773E+16
7254,2.17012E+18,2,7,2,703,2017,1,10,6,3,2,6,0,1,0,0,1,0,1,5.67949E+20,5.92511E+21,1.00237E+16,5.34706E+16
7255,1.17101E+18,1,0,2,0,2017,10,15,6,3,2,6,0,1,0,0,0,0,0,5.74405E+20,6.01767E+21,1.01434E+16,5.43015E+16
7256,1.17112E+18,1,0,62,71,2017,11,12,4,2,2,6,0,1,0,0,0,0,1,5.80827E+20,5.93916E+21,1.02213E+16,5.3595E+16
7257,2.17013E+18,2,2,12,225,2017,1,15,4,3,2,6,0,1,0,0,0,0,0,5.5507E+20,5.93655E+21,9.83169E+15,5.3575E+16
7258,1.17102E+18,1,0,58,43,2017,10,15,2,3,2,6,0,1,0,0,0,0,0,5.55641E+20,6.03383E+21,9.85812E+15,5.44491E+16
7259,1.17112E+18,1,0,62,71,2017,11,7,4,3,2,6,0,1,0,0,0,0,1,5.81259E+20,5.93988E+21,1.0228E+16,5.36014E+16
7260,1.17102E+18,1,0,58,124,2017,10,13,7,3,8,1,0,0,0,1,0,0,0,5.46288E+20,6.0162E+21,9.71114E+15,5.42916E+16
7261,1.17113E+18,1,0,58,34,2017,11,18,3,3,3,2,1,1,0,0,0,2,1,5.4335E+20,6.01851E+21,9.66633E+15,5.43127E+16
7262,1.17101E+18,1,0,59,57,2017,10,17,6,3,9,1,0,1,0,0,0,0,0,5.32041E+20,6.04607E+21,9.4955E+15,5.45611E+16
7263,1.17101E+18,1,0,1,0,2017,10,13,6,3,1,1,0,1,0,0,0,0,0,5.27878E+20,6.07176E+21,9.43357E+15,5.47922E+16
7264,1.17111E+18,1,0,61,104,2017,11,7,3,3,1,5,0,0,0,0,1,2,1,5.36985E+20,5.96609E+21,9.56211E+15,5.3842E+16
7265,1.17121E+18,1,0,56,50,2017,12,8,4,3,6,7,0,1,1,0,0,2,0,5.46382E+20,5.93753E+21,9.70064E+15,5.35846E+16
7266,1.17103E+18,1,0,56,4,2017,10,12,6,3,2,6,0,1,0,0,1,0,0,5.57735E+20,5.95853E+21,9.87602E+15,5.37722E+16
7267,1.17113E+18,1,0,58,135,2017,11,16,3,3,5,3,1,1,0,0,0,2,1,5.43185E+20,6.0159E+21,9.66343E+15,5.42892E+16
7268,1.17101E+18,1,0,62,32,2017,10,16,6,3,8,7,0,1,0,0,0,0,0,6.02469E+20,5.97114E+21,1.05588E+16,5.38786E+16
7269,1.17102E+18,1,0,4,0,2017,10,6,2,3,5,3,1,1,0,0,0,2,1,5.62914E+20,5.99332E+21,9.96176E+15,5.40842E+16
7270,1.17111E+18,1,0,51,96,2017,11,6,3,3,8,1,0,0,0,0,1,2,1,5.06919E+20,6.02161E+21,9.10643E+15,5.43423E+16
7271,1.17121E+18,1,0,60,58,2017,12,5,4,3,0,7,0,1,0,0,0,2,2,5.74312E+20,5.95966E+21,1.01278E+16,5.37802E+16
7272,1.17113E+18,1,0,58,34,2017,11,7,3,3,6,2,0,1,1,0,0,2,1,5.43978E+20,6.01877E+21,9.67602E+15,5.43149E+16
7273,2.17021E+18,2,3,9,321,2017,2,19,3,3,3,7,0,1,0,0,0,2,0,5.61604E+20,5.93832E+21,9.9307E+15,5.35901E+16
7274,1.17113E+18,1,0,57,57,2017,11,12,3,3,2,6,0,1,0,0,0,0,1,5.93811E+20,6.00211E+21,1.04366E+16,5.41585E+16
7275,1.17101E+18,1,0,61,27,2017,10,22,5,3,7,5,0,1,0,0,0,2,1,5.29312E+20,5.96012E+21,9.44493E+15,5.37889E+16
7276,1.17102E+18,1,0,58,171,2017,10,16,2,3,8,1,1,0,0,0,0,0,0,5.58288E+20,6.01433E+21,9.89511E+15,5.42736E+16
7277,1.17111E+18,1,0,51,93,2017,11,9,3,3,5,7,0,1,0,0,0,0,0,4.94197E+20,6.00337E+21,8.91109E+15,5.41784E+16
7278,1.17121E+18,1,0,60,2,2017,12,7,4,3,8,1,0,1,0,0,0,2,2,5.61746E+20,5.96042E+21,9.93724E+15,5.37887E+16
7279,1.17113E+18,1,0,57,68,2017,11,7,3,2,7,7,0,1,0,0,0,2,1,5.76589E+20,5.99204E+21,1.01704E+16,5.40709E+16
7280,1.17113E+18,1,0,54,56,2017,11,7,3,2,5,2,1,1,0,0,0,2,1,5.03545E+20,6.03725E+21,9.05472E+15,5.44829E+16
7281,1.17102E+18,1,0,58,172,2017,10,22,2,2,0,1,0,0,0,1,0,2,1,5.4289E+20,6.01462E+21,9.65872E+15,5.42777E+16
7282,1.17111E+18,1,0,3,0,2017,11,8,3,3,2,6,1,0,0,0,0,0,0,6.12187E+20,5.96964E+21,1.0706E+16,5.38631E+16
7283,1.17121E+18,1,0,60,2,2017,12,7,4,3,1,1,0,1,0,0,1,2,2,5.61729E+20,5.96043E+21,9.93699E+15,5.37888E+16
7284,1.17111E+18,1,0,3,0,2017,11,12,3,3,5,7,0,1,0,0,0,0,0,6.12268E+20,5.96802E+21,1.07066E+16,5.38485E+16
7285,1.17113E+18,1,0,59,75,2017,11,7,3,3,5,3,0,1,0,0,0,2,1,5.34518E+20,6.03892E+21,9.53296E+15,5.44967E+16
7286,1.17113E+18,1,0,1,0,2017,11,21,3,3,5,2,0,1,0,0,0,2,1,5.26673E+20,6.0701E+21,9.41468E+15,5.47774E+16
7287,1.17111E+18,1,0,3,0,2017,11,17,3,3,2,2,0,1,0,0,0,2,1,6.11928E+20,5.96841E+21,1.07016E+16,5.38521E+16
7288,1.17121E+18,1,0,60,2,2017,12,7,4,3,4,6,0,1,0,0,0,2,2,5.61742E+20,5.96042E+21,9.93719E+15,5.37887E+16
7289,1.17111E+18,1,0,4,0,2017,11,1,3,2,6,7,0,1,1,0,0,2,1,5.64065E+20,5.99276E+21,9.97922E+15,5.40791E+16
7290,1.17123E+18,1,0,55,41,2017,12,12,5,3,9,1,0,1,0,0,0,0,0,6.07095E+20,5.99262E+21,1.06366E+16,5.40706E+16
7291,1.17113E+18,1,0,61,22,2017,11,14,3,3,9,1,0,1,0,0,0,0,2,5.35936E+20,5.97056E+21,9.54668E+15,5.38823E+16
7292,1.17111E+18,1,0,4,0,2017,11,14,3,3,5,3,1,0,0,0,0,0,0,5.64309E+20,5.99232E+21,9.98285E+15,5.40751E+16
7293,1.17121E+18,1,0,62,4,2017,12,17,4,3,6,2,0,1,1,0,0,2,1,5.89853E+20,5.96296E+21,1.03645E+16,5.38074E+16
7294,1.17123E+18,1,0,59,183,2017,12,16,6,2,8,7,0,1,0,0,0,2,1,5.24361E+20,6.0666E+21,9.37845E+15,5.47461E+16
7295,1.17113E+18,1,0,2,0,2017,11,8,3,3,3,6,0,1,0,1,0,0,1,5.72017E+20,6.01917E+21,1.01071E+16,5.43153E+16
7296,1.17111E+18,1,0,58,26,2017,11,20,3,3,5,3,1,1,0,0,0,2,1,5.53896E+20,6.02054E+21,9.82879E+15,5.43299E+16
7297,1.17103E+18,1,0,60,85,2017,10,15,6,2,0,1,0,0,0,1,0,0,0,5.78603E+20,5.96454E+21,1.01941E+16,5.38235E+16
7298,1.17121E+18,1,0,62,4,2017,12,16,4,2,4,6,0,1,0,0,1,2,1,5.92545E+20,5.96182E+21,1.0405E+16,5.37967E+16
7299,1.17123E+18,1,0,58,43,2017,12,10,6,3,2,6,0,1,0,0,0,0,1,5.54339E+20,6.03495E+21,9.83823E+15,5.44593E+16
7300,1.17111E+18,1,0,2,0,2017,11,16,3,3,2,6,0,1,0,0,0,2,1,5.72168E+20,6.02131E+21,1.01099E+16,5.43345E+16
7301,1.17103E+18,1,0,62,60,2017,10,8,6,3,5,3,0,1,0,1,0,0,1,5.81436E+20,5.93E+21,1.02281E+16,5.35126E+16
7302,1.17121E+18,1,0,53,122,2017,12,7,4,3,8,1,0,1,0,0,0,2,2,5.96695E+20,5.95428E+21,1.04657E+16,5.37282E+16
7303,1.17123E+18,1,0,3,0,2017,12,17,7,3,2,6,0,1,0,0,0,2,1,6.06407E+20,5.96977E+21,1.06182E+16,5.38654E+16
7304,1.17103E+18,1,0,53,129,2017,10,12,6,3,2,6,0,1,0,0,0,0,0,5.83396E+20,5.92728E+21,1.02569E+16,5.34879E+16
7305,1.17123E+18,1,0,59,75,2017,12,12,1,3,5,3,0,1,0,0,0,0,1,5.35309E+20,6.03945E+21,9.54523E+15,5.45014E+16
7306,1.17101E+18,1,0,51,11,2017,10,10,5,3,5,3,0,1,0,0,1,0,1,5.11343E+20,5.97386E+21,9.17268E+15,5.39131E+16
7307,1.17111E+18,1,0,57,44,2017,11,12,3,3,9,1,0,1,0,0,0,0,1,5.93872E+20,6.01451E+21,1.04415E+16,5.42699E+16
7308,1.17111E+18,1,0,2,0,2017,11,10,3,3,5,2,1,0,0,1,0,0,1,5.72559E+20,6.022E+21,1.01161E+16,5.43407E+16
7309,1.17122E+18,1,0,58,72,2017,12,17,7,3,1,5,0,1,0,0,0,1,1,5.2776E+20,5.99725E+21,9.42475E+15,5.41227E+16
7310,1.17113E+18,1,0,58,98,2017,11,16,3,2,2,6,0,1,0,0,1,1,1,5.62982E+20,6.00057E+21,9.9643E+15,5.41493E+16
7311,2.17013E+18,2,2,9,221,2017,1,14,1,3,1,6,0,1,0,0,0,0,1,5.56949E+20,5.93625E+21,9.86001E+15,5.3572E+16
7312,1.17101E+18,1,0,56,28,2017,10,17,5,3,2,6,0,1,0,0,0,0,1,5.46598E+20,5.94239E+21,9.70463E+15,5.36282E+16
7313,1.17111E+18,1,0,2,0,2017,11,16,3,3,5,3,1,1,0,0,0,1,0,5.74499E+20,6.0176E+21,1.01448E+16,5.43009E+16
7314,1.17122E+18,1,0,58,135,2017,12,19,7,3,0,3,1,1,0,0,0,2,0,5.42021E+20,6.01849E+21,9.64591E+15,5.43126E+16
7315,1.17113E+18,1,0,51,99,2017,11,14,3,3,9,1,0,0,0,0,1,0,1,5.17499E+20,5.99301E+21,9.2675E+15,5.4085E+16
7316,2.1702E+18,2,2,3,209,2017,2,7,5,2,6,3,0,0,1,0,1,0,0,5.62521E+20,5.93596E+21,9.94408E+15,5.35688E+16
7317,1.17102E+18,1,0,54,88,2017,10,6,7,3,8,1,0,1,0,0,0,2,1,4.90714E+20,6.07028E+21,8.85563E+15,5.47797E+16
7318,1.17111E+18,1,0,2,0,2017,11,17,3,3,5,2,1,1,0,0,0,2,0,5.73382E+20,6.02063E+21,1.01284E+16,5.43283E+16
7319,1.17103E+18,1,0,62,4,2017,10,17,6,3,5,3,0,1,0,0,0,2,0,5.86802E+20,5.96138E+21,1.03177E+16,5.37937E+16
7320,1.17111E+18,1,0,54,56,2017,11,7,3,3,5,3,0,1,0,1,0,1,1,5.03553E+20,6.03614E+21,9.05482E+15,5.44729E+16
7321,1.17103E+18,1,0,62,60,2017,10,14,6,3,2,6,0,1,0,0,0,0,0,5.81107E+20,5.92996E+21,1.02231E+16,5.35124E+16
7322,1.17103E+18,1,0,3,0,2017,10,20,6,3,2,6,0,1,0,0,0,2,1,6.08039E+20,5.96809E+21,1.06424E+16,5.385E+16
7323,1.17103E+18,1,0,4,0,2017,10,19,6,3,5,3,1,1,0,0,0,2,0,5.64072E+20,5.99277E+21,9.97933E+15,5.40791E+16
7324,1.17102E+18,1,0,2,0,2017,10,7,2,3,0,1,1,0,0,0,0,0,1,5.70674E+20,6.01963E+21,1.00865E+16,5.43197E+16
7325,1.17103E+18,1,0,57,78,2017,10,6,6,3,5,3,1,1,0,0,0,2,0,5.92284E+20,6.02838E+21,1.04214E+16,5.43948E+16
7326,1.17113E+18,1,0,61,46,2017,11,7,2,2,6,4,0,1,1,1,0,1,1,5.3383E+20,5.97596E+21,9.51525E+15,5.3931E+16
7327,1.17102E+18,1,0,54,129,2017,10,14,2,3,0,7,1,0,0,0,0,0,0,4.63883E+20,6.06435E+21,8.43922E+15,5.47252E+16
7328,1.17111E+18,1,0,54,83,2017,11,12,3,3,5,3,0,1,0,0,1,0,1,4.69176E+20,6.06221E+21,8.52163E+15,5.47063E+16
7329,1.17121E+18,1,0,3,0,2017,12,12,4,3,0,7,1,0,0,0,0,0,0,6.12244E+20,5.97093E+21,1.07073E+16,5.38747E+16
7330,1.17103E+18,1,0,2,0,2017,10,14,6,3,9,7,1,0,0,0,0,0,0,5.73701E+20,6.02166E+21,1.01336E+16,5.43374E+16
7331,1.17113E+18,1,0,61,44,2017,11,17,2,3,5,3,0,1,0,0,0,2,1,5.41093E+20,5.96215E+21,9.62402E+15,5.38063E+16
7332,1.17102E+18,1,0,58,127,2017,10,16,2,2,2,6,0,1,0,1,0,0,0,5.42479E+20,6.02674E+21,9.65412E+15,5.43866E+16
7333,1.17111E+18,1,0,54,52,2017,11,13,3,3,2,6,0,1,0,0,0,0,1,5.04906E+20,6.04255E+21,9.07581E+15,5.45305E+16
7334,1.17113E+18,1,0,60,63,2017,11,7,2,3,2,6,0,1,0,1,0,1,1,5.64561E+20,5.95503E+21,9.97884E+15,5.37399E+16
7335,1.17113E+18,1,0,60,63,2017,11,6,2,3,5,3,0,1,0,1,0,2,1,5.67675E+20,5.94905E+21,1.00247E+16,5.36858E+16
7336,1.17102E+18,1,0,53,60,2017,10,6,2,3,2,6,0,1,0,0,1,2,0,5.94057E+20,5.93547E+21,1.042E+16,5.35597E+16
7337,1.17111E+18,1,0,54,17,2017,11,7,3,3,2,6,0,1,0,0,0,1,1,4.9346E+20,6.07837E+21,8.89814E+15,5.48523E+16
7338,1.17113E+18,1,0,60,39,2017,11,17,2,3,5,3,1,1,0,0,0,2,1,5.66322E+20,5.96072E+21,1.00068E+16,5.37909E+16
7339,1.17113E+18,1,0,60,4,2017,11,15,2,3,5,2,0,1,0,0,1,0,1,5.61001E+20,5.9733E+21,9.9285E+15,5.39046E+16
7340,1.17102E+18,1,0,2,0,2017,10,15,2,2,2,6,0,1,0,0,0,0,0,5.7117E+20,6.01915E+21,1.00941E+16,5.43153E+16
7341,1.17111E+18,1,0,54,131,2017,11,9,3,2,5,3,0,1,0,0,0,0,1,4.94131E+20,6.08218E+21,8.90851E+15,5.48866E+16
7342,1.17121E+18,1,0,3,0,2017,12,14,4,3,3,6,0,1,0,0,0,0,1,6.11238E+20,5.9717E+21,1.06923E+16,5.38818E+16
7343,1.17111E+18,1,0,59,77,2017,11,8,3,3,5,3,0,1,0,0,1,0,1,5.28997E+20,6.04128E+21,9.44795E+15,5.45182E+16
7344,1.17121E+18,1,0,55,39,2017,12,16,4,3,2,6,0,1,0,0,0,2,1,6.16842E+20,5.99572E+21,1.07867E+16,5.40964E+16
7345,1.17113E+18,1,0,60,58,2017,11,19,2,3,5,3,0,1,0,0,0,2,1,5.75445E+20,5.96178E+21,1.01455E+16,5.37991E+16
7346,1.17113E+18,1,0,62,90,2017,11,16,2,3,6,2,0,1,1,0,0,2,1,5.76423E+20,5.949E+21,1.01572E+16,5.36841E+16
7347,1.17111E+18,1,0,59,183,2017,11,17,3,3,2,2,0,1,0,1,0,2,0,5.21188E+20,6.06479E+21,9.32903E+15,5.47299E+16
7348,1.17121E+18,1,0,55,46,2017,12,17,4,3,5,3,0,1,0,1,0,2,1,6.41661E+20,6.03494E+21,1.11845E+16,5.44424E+16
7349,1.17121E+18,1,0,3,0,2017,12,11,4,3,0,6,0,1,0,1,0,0,0,6.11901E+20,5.96963E+21,1.07016E+16,5.38631E+16
7350,1.17123E+18,1,0,3,0,2017,12,16,6,3,0,7,1,0,0,0,0,1,0,6.1196E+20,5.96963E+21,1.07025E+16,5.38631E+16
7351,1.17113E+18,1,0,53,56,2017,11,5,2,2,5,2,0,1,0,0,0,2,0,6.0914E+20,5.93506E+21,1.06475E+16,5.35531E+16
7352,1.17111E+18,1,0,54,17,2017,11,7,3,3,2,6,0,1,0,0,1,1,1,4.93467E+20,6.07839E+21,8.89824E+15,5.48526E+16
7353,1.17121E+18,1,0,3,0,2017,12,19,4,3,5,3,1,1,0,0,0,2,1,6.11242E+20,5.96908E+21,1.06914E+16,5.38583E+16
7354,1.17121E+18,1,0,3,0,2017,12,17,4,3,6,2,0,0,1,0,1,2,1,6.08953E+20,5.97162E+21,1.06575E+16,5.38816E+16
7355,1.17123E+18,1,0,62,76,2017,12,16,7,3,8,1,0,1,0,0,0,2,1,5.70577E+20,5.95533E+21,1.00701E+16,5.37418E+16
7356,1.17113E+18,1,0,62,27,2017,11,7,2,3,2,6,0,1,0,0,0,2,1,5.88546E+20,5.95288E+21,1.03418E+16,5.37171E+16
7357,1.17121E+18,1,0,3,0,2017,12,12,4,2,5,2,0,1,0,1,0,0,0,6.10688E+20,5.97224E+21,1.06841E+16,5.38867E+16
7358,1.17123E+18,1,0,2,0,2017,12,23,1,3,6,6,1,0,1,0,0,2,1,5.74029E+20,6.02069E+21,1.01384E+16,5.43286E+16
7359,1.17113E+18,1,0,55,43,2017,11,15,2,3,8,7,0,1,0,0,0,0,1,6.16681E+20,6.01739E+21,1.07927E+16,5.42911E+16
7360,1.17103E+18,1,0,1,0,2017,10,17,6,3,5,3,0,1,0,1,0,0,0,5.27278E+20,6.07278E+21,9.42433E+15,5.48015E+16
7361,1.17121E+18,1,0,58,27,2017,12,17,4,3,9,1,0,1,0,0,0,2,2,5.52079E+20,6.00492E+21,9.79814E+15,5.41897E+16
7362,2.1701E+18,2,7,10,711,2017,1,12,2,3,0,7,0,1,0,0,0,0,0,5.61856E+20,5.92506E+21,9.93188E+15,5.34709E+16
7363,1.17103E+18,1,0,59,6,2017,10,11,6,3,2,6,0,1,0,0,0,0,1,5.45177E+20,6.05499E+21,9.69999E+15,5.46403E+16
7364,2.17011E+18,2,6,2,602,2017,1,22,6,3,5,3,0,1,0,0,0,2,0,5.8002E+20,5.92726E+21,1.0206E+16,5.34882E+16
7365,1.17103E+18,1,0,1,0,2017,10,15,6,3,0,3,1,1,0,0,0,0,0,5.26259E+20,6.06997E+21,9.40824E+15,5.47762E+16
7366,1.17103E+18,1,0,54,19,2017,10,10,6,2,5,2,1,1,0,0,0,0,1,4.97203E+20,6.05353E+21,8.95667E+15,5.46292E+16
7367,1.17103E+18,1,0,54,78,2017,10,13,6,2,0,7,1,0,0,0,0,0,0,4.63947E+20,6.09682E+21,8.43615E+15,5.5017E+16
7368,1.17103E+18,1,0,59,10,2017,10,16,6,3,3,6,0,0,0,1,1,0,0,5.27597E+20,6.04956E+21,9.4271E+15,5.45928E+16
7369,1.17103E+18,1,0,58,169,2017,10,19,6,3,3,3,0,1,0,0,1,2,0,5.60388E+20,5.9918E+21,9.92283E+15,5.40709E+16
7370,1.17121E+18,1,0,58,38,2017,12,16,4,3,8,1,0,1,0,0,0,2,1,5.60432E+20,6.00397E+21,9.92594E+15,5.41802E+16
7371,1.17103E+18,1,0,59,183,2017,10,11,6,2,9,1,0,1,0,0,0,0,0,5.22481E+20,6.06917E+21,9.34944E+15,5.47693E+16
7372,1.17103E+18,1,0,58,122,2017,10,19,6,3,2,6,0,1,0,0,1,2,1,5.50124E+20,6.01817E+21,9.77039E+15,5.4309E+16
7373,1.17121E+18,1,0,58,135,2017,12,12,4,3,5,3,1,1,0,0,0,0,1,5.40771E+20,6.01936E+21,9.62681E+15,5.43205E+16
7374,1.17113E+18,1,0,55,4,2017,11,7,2,3,5,2,1,1,0,0,0,1,1,6.11479E+20,5.9762E+21,1.06976E+16,5.39222E+16
7375,1.17122E+18,1,0,58,43,2017,12,17,7,3,2,6,0,1,0,0,0,2,1,5.54184E+20,6.03558E+21,9.83597E+15,5.4465E+16
7376,1.17103E+18,1,0,3,0,2017,10,16,6,3,2,6,0,0,0,0,1,0,0,6.0955E+20,5.96368E+21,1.06638E+16,5.38101E+16
7377,1.17121E+18,1,0,58,31,2017,12,13,4,2,2,2,0,1,0,0,0,0,0,5.41235E+20,6.00234E+21,9.63162E+15,5.41675E+16
7378,1.17121E+18,1,0,2,0,2017,12,15,4,3,3,6,0,1,0,0,1,2,1,5.72519E+20,6.01831E+21,1.01146E+16,5.43076E+16
7379,1.17103E+18,1,0,51,44,2017,10,12,5,3,5,3,1,1,0,0,0,0,1,5.07555E+20,6.00548E+21,9.11581E+15,5.41973E+16
7380,1.17121E+18,1,0,2,0,2017,12,6,4,3,0,1,1,0,0,0,0,2,2,5.74897E+20,6.02928E+21,1.01539E+16,5.44057E+16
7381,1.17121E+18,1,0,57,62,2017,12,7,4,3,6,2,0,1,1,0,0,2,2,5.83373E+20,6.01102E+21,1.02793E+16,5.42404E+16
7382,1.17101E+18,1,0,62,76,2017,10,7,5,3,2,6,0,1,0,0,0,1,1,5.72612E+20,5.95387E+21,1.01006E+16,5.37284E+16
7383,1.17101E+18,1,0,60,64,2017,10,13,5,3,7,7,0,1,0,0,0,0,1,5.59611E+20,5.96875E+21,9.90645E+15,5.38638E+16
7384,1.17121E+18,1,0,59,82,2017,12,20,4,3,8,1,0,1,0,0,0,2,2,5.42354E+20,6.05408E+21,9.65613E+15,5.46323E+16
7385,1.17101E+18,1,0,62,48,2017,10,20,5,3,5,3,0,1,0,0,0,2,1,6.03275E+20,5.97346E+21,1.05718E+16,5.38993E+16
7386,1.17101E+18,1,0,62,78,2017,10,9,5,3,0,7,0,1,0,0,1,0,1,5.88508E+20,5.95268E+21,1.03412E+16,5.37153E+16
7387,1.17101E+18,1,0,62,1,2017,10,9,5,3,0,1,0,0,0,1,0,0,1,5.81561E+20,5.94859E+21,1.02348E+16,5.36797E+16
7388,1.17111E+18,1,0,2,0,2017,11,14,3,2,8,1,0,0,0,1,0,0,1,5.69686E+20,6.0186E+21,1.00711E+16,5.43106E+16
7389,1.17101E+18,1,0,3,0,2017,10,8,5,3,5,3,0,1,0,0,0,0,1,6.08666E+20,5.9681E+21,1.06519E+16,5.385E+16
7390,1.17101E+18,1,0,3,0,2017,10,7,5,3,3,2,1,1,0,0,0,2,1,6.12854E+20,5.96645E+21,1.07149E+16,5.38343E+16
7391,1.17111E+18,1,0,61,42,2017,11,6,2,3,8,1,0,1,0,0,0,2,2,5.4052E+20,5.97901E+21,9.61753E+15,5.39578E+16
7392,1.17101E+18,1,0,3,0,2017,10,5,5,3,2,2,1,1,0,0,0,2,1,6.1065E+20,5.96828E+21,1.06821E+16,5.38512E+16
7393,1.17111E+18,1,0,51,74,2017,11,13,2,3,6,2,0,1,1,0,0,0,0,5.04871E+20,5.99371E+21,9.07447E+15,5.40916E+16
7394,1.17111E+18,1,0,51,74,2017,11,5,2,3,9,1,0,1,0,0,0,2,2,5.03524E+20,5.99237E+21,9.05386E+15,5.40795E+16
7395,1.17101E+18,1,0,58,76,2017,10,6,5,3,7,1,0,1,0,0,1,2,1,5.65799E+20,6.00476E+21,1.00083E+16,5.41866E+16
7396,1.17111E+18,1,0,61,71,2017,11,7,2,3,0,1,1,0,0,0,0,0,2,5.45593E+20,5.9786E+21,9.69478E+15,5.39537E+16