OBJECTID,UIDENTSTLA,ULAND,UREGBEZ,UKREIS,UGEMEINDE,UJAHR,UMONAT,USTUNDE,UWOCHENTAG,UKATEGORIE,UART,UTYP1,IstRad,IstPKW,IstFuss,IstKrad,IstSonstig,LICHT,STRZUSTAND,LINREFX,LINREFY,XGCSWGS84,YGCSWGS84
7572,1.171E+18,1,0,2,0,2017,10,20,3,3,5,3,0,1,0,0,0,2,0,5.72714E+20,6.02059E+21,1.01181E+16,5.4328E+16
7573,1.171E+18,1,0,57,73,2017,10,18,3,2,9,7,1,0,0,0,0,0,0,5.89362E+20,6.03048E+21,1.0377E+16,5.44142E+16
7574,1.17111E+18,1,0,58,146,2017,11,8,2,3,9,1,0,1,0,0,0,0,2,5.48662E+20,6.01757E+21,9.74783E+15,5.43037E+16
7575,2.17022E+18,2,1,8,124,2017,2,19,2,2,6,2,0,1,1,0,0,2,1,5.68971E+20,5.93425E+21,1.00411E+16,5.35526E+16
7576,1.171E+18,1,0,54,148,2017,10,16,3,2,5,3,0,1,0,0,0,0,1,4.86864E+20,6.01684E+21,8.79815E+15,5.42993E+16
7577,1.17111E+18,1,0,59,171,2017,11,5,2,3,3,1,0,0,0,0,1,2,2,5.27472E+20,6.0583E+21,9.42599E+15,5.46713E+16
7578,1.17111E+18,1,0,58,122,2017,11,6,2,3,8,1,0,1,0,0,0,2,2,5.49688E+20,6.01803E+21,9.76368E+15,5.43077E+16
7579,1.171E+18,1,0,59,53,2017,10,16,3,3,5,3,0,1,0,0,0,0,1,5.33205E+20,6.02854E+21,9.51152E+15,5.44035E+16
7580,1.17111E+18,1,0,58,122,2017,11,6,2,3,9,1,0,1,0,0,0,2,2,5.49742E+20,6.01805E+21,9.76451E+15,5.43079E+16
7581,2.17012E+18,2,1,4,111,2017,1,0,1,3,0,7,1,0,1,0,0,2,0,5.63901E+20,5.93446E+21,9.96461E+15,5.35551E+16
7582,1.17102E+18,1,0,53,32,2017,10,11,1,3,0,1,0,0,0,1,0,0,0,5.88804E+20,5.9215E+21,1.03368E+16,5.3435E+16
7583,1.17111E+18,1,0,59,19,2017,11,11,2,3,2,6,0,1,0,0,0,0,1,5.34243E+20,6.03787E+21,9.52859E+15,5.44873E+16
7584,1.17102E+18,1,0,55,1,2017,10,16,1,3,8,1,0,0,0,1,0,0,0,6.02684E+20,5.98288E+21,1.0566E+16,5.3984E+16
7585,1.17111E+18,1,0,62,39,2017,11,15,1,3,5,3,0,1,0,0,0,0,0,6.01764E+20,5.96361E+21,1.05455E+16,5.38111E+16
7586,1.171E+18,1,0,61,41,2017,10,14,2,3,2,6,0,1,0,1,0,0,0,5.38886E+20,5.96633E+21,9.59102E+15,5.3844E+16
7587,1.17102E+18,1,0,54,56,2017,10,17,7,3,5,3,0,1,0,0,0,0,0,5.05956E+20,6.03591E+21,9.0919E+15,5.44708E+16
7588,1.17113E+18,1,0,62,78,2017,11,8,1,3,7,7,0,1,0,0,0,0,0,5.87203E+20,5.94997E+21,1.03206E+16,5.36912E+16
7589,1.171E+18,1,0,60,84,2017,10,10,2,3,4,6,0,1,0,0,1,0,1,5.74611E+20,5.96726E+21,1.01341E+16,5.38485E+16
7590,1.17111E+18,1,0,62,20,2017,11,3,1,3,9,1,0,1,0,0,0,2,2,5.92226E+20,5.93858E+21,1.03933E+16,5.3588E+16
7591,1.17121E+18,1,0,51,92,2017,12,17,2,2,2,6,0,1,0,0,0,2,2,5.02984E+20,6.01464E+21,9.04583E+15,5.42796E+16
7592,1.171E+18,1,0,56,50,2017,10,15,2,3,5,3,1,1,0,0,0,0,1,5.4657E+20,5.93718E+21,9.70343E+15,5.35814E+16
7593,1.17111E+18,1,0,53,95,2017,11,7,1,3,8,1,0,1,0,0,0,1,1,6.06062E+20,5.93966E+21,1.06026E+16,5.3595E+16
7594,1.17121E+18,1,0,56,6,2017,12,9,2,3,4,6,0,0,0,0,1,0,1,5.48504E+20,5.97034E+21,9.73782E+15,5.38792E+16
7595,1.17122E+18,1,0,60,63,2017,12,9,6,3,2,6,0,1,0,0,0,0,0,5.65575E+20,5.94828E+21,9.99279E+15,5.36791E+16
7596,1.17113E+18,1,0,58,146,2017,11,1,1,3,8,1,0,1,0,0,0,2,1,5.48452E+20,6.01744E+21,9.74459E+15,5.43026E+16
7597,2.17021E+18,2,3,7,319,2017,2,7,6,3,2,6,0,1,0,0,0,1,0,5.61643E+20,5.94458E+21,9.93253E+15,5.36464E+16
7598,1.17113E+18,1,0,62,69,2017,11,5,1,3,8,7,0,1,0,0,0,2,0,5.8262E+20,5.94303E+21,1.02494E+16,5.36296E+16
7599,1.171E+18,1,0,60,5,2017,10,10,2,3,5,3,0,1,0,0,0,0,1,5.86638E+20,5.97627E+21,1.03195E+16,5.39275E+16
7600,1.17102E+18,1,0,3,0,2017,10,13,1,3,5,7,0,1,0,0,0,0,0,6.07649E+20,5.96869E+21,1.06367E+16,5.38556E+16
7601,1.17111E+18,1,0,58,77,2017,11,14,1,3,9,1,0,0,0,1,0,0,0,5.46389E+20,5.99789E+21,9.70986E+15,5.41271E+16
7602,1.17121E+18,1,0,51,108,2017,12,10,2,3,5,3,0,1,0,0,1,0,1,4.99309E+20,6.01337E+21,8.98939E+15,5.42683E+16
7603,1.17113E+18,1,0,51,100,2017,11,23,7,2,8,1,0,1,0,0,0,2,1,5.17751E+20,6.00937E+21,9.27231E+15,5.4232E+16
7604,2.17021E+18,2,1,16,136,2017,2,16,3,2,2,6,0,1,0,0,0,0,0,5.68925E+20,5.92898E+21,1.00392E+16,5.35053E+16
7605,1.17113E+18,1,0,51,100,2017,11,13,7,3,5,3,0,1,0,1,0,0,1,5.16519E+20,6.0118E+21,9.25355E+15,5.42539E+16
7606,1.171E+18,1,0,56,49,2017,10,7,2,3,3,6,1,0,0,0,0,2,1,5.44731E+20,5.94795E+21,9.67719E+15,5.36783E+16
7607,1.17102E+18,1,0,55,42,2017,10,12,1,2,5,2,0,1,0,0,0,0,0,6.16614E+20,5.9841E+21,1.07788E+16,5.39921E+16
7608,1.17111E+18,1,0,58,58,2017,11,20,1,2,1,5,0,1,0,0,0,2,1,5.62794E+20,6.02904E+21,9.9674E+15,5.44052E+16
7609,1.17121E+18,1,0,56,43,2017,12,6,2,3,5,3,1,1,0,0,0,2,2,5.5547E+20,5.94394E+21,9.83905E+15,5.36413E+16
7610,1.17111E+18,1,0,4,0,2017,11,2,1,3,5,3,0,1,0,0,0,2,1,5.65192E+20,5.99041E+21,9.99593E+15,5.40578E+16
7611,1.17121E+18,1,0,56,48,2017,12,21,2,3,8,1,0,1,0,0,0,2,2,5.46941E+20,5.95021E+21,9.71099E+15,5.36985E+16
7612,1.17113E+18,1,0,61,113,2017,11,8,7,2,4,1,0,1,0,0,0,0,1,5.24829E+20,5.97392E+21,9.37799E+15,5.39131E+16
7613,1.17113E+18,1,0,51,113,2017,11,10,7,3,5,2,0,1,0,0,0,0,1,5.00148E+20,6.00352E+21,9.00227E+15,5.41797E+16
7614,1.17111E+18,1,0,2,0,2017,11,13,1,2,6,4,0,1,1,0,0,0,1,5.7361E+20,6.01848E+21,1.01314E+16,5.43089E+16
7615,1.17121E+18,1,0,56,2,2017,12,17,2,3,5,7,1,1,0,0,0,2,1,5.51203E+20,5.96021E+21,9.77719E+15,5.3788E+16
7616,1.17111E+18,1,0,57,74,2017,11,8,1,3,5,7,1,1,0,0,0,0,1,5.79851E+20,6.02158E+21,1.02281E+16,5.43358E+16
7617,1.17103E+18,1,0,58,26,2017,10,14,5,3,8,7,0,1,0,0,0,0,0,5.55289E+20,6.01924E+21,9.84997E+15,5.43181E+16
7618,1.17113E+18,1,0,56,39,2017,11,9,7,3,6,2,0,1,1,0,0,0,1,5.52406E+20,5.94645E+21,9.79312E+15,5.36642E+16
7619,1.17111E+18,1,0,2,0,2017,11,11,1,3,5,3,0,1,0,0,0,0,1,5.75301E+20,6.01895E+21,1.01575E+16,5.43129E+16
7620,1.17121E+18,1,0,60,75,2017,12,6,2,3,9,1,0,1,0,0,0,2,2,5.87447E+20,5.99089E+21,1.0336E+16,5.40588E+16
7621,1.17111E+18,1,0,54,19,2017,11,11,1,3,5,3,1,1,0,0,0,0,1,4.97896E+20,6.05289E+21,8.96741E+15,5.46235E+16
7622,1.17121E+18,1,0,53,32,2017,12,11,2,3,5,3,0,1,0,0,0,0,1,5.91573E+20,5.92165E+21,1.03785E+16,5.34359E+16
7623,1.17123E+18,1,0,53,100,2017,12,19,5,3,2,6,0,1,0,0,0,2,1,6.16291E+20,5.95153E+21,1.07615E+16,5.36995E+16
7624,1.17113E+18,1,0,60,30,2017,11,10,7,3,9,1,0,1,0,0,0,0,1,5.85799E+20,5.98201E+21,1.03083E+16,5.39793E+16
7625,1.17111E+18,1,0,59,81,2017,11,10,1,3,8,1,0,1,0,0,0,0,1,5.36946E+20,6.05064E+21,9.57192E+15,5.46019E+16
7626,1.17121E+18,1,0,53,122,2017,12,9,2,3,9,1,0,1,0,0,0,0,2,5.96706E+20,5.95427E+21,1.04658E+16,5.37281E+16
7627,1.17123E+18,1,0,59,187,2017,12,8,6,3,8,1,0,1,0,0,0,1,2,5.5039E+20,6.05154E+21,9.78017E+15,5.46088E+16
7628,1.17113E+18,1,0,56,41,2017,11,14,7,3,2,6,0,1,0,0,0,0,0,5.5903E+20,5.95412E+21,9.89482E+15,5.37324E+16
7629,1.17111E+18,1,0,61,108,2017,11,5,7,3,8,1,0,1,0,0,0,2,1,5.30761E+20,5.99141E+21,9.47007E+15,5.407E+16
7630,1.17103E+18,1,0,61,46,2017,10,16,4,3,5,3,0,1,0,0,0,0,0,5.32337E+20,5.97883E+21,9.49282E+15,5.39568E+16
7631,1.17121E+18,1,0,53,3,2017,12,17,2,3,6,4,0,1,1,0,0,2,2,5.87155E+20,5.93209E+21,1.03149E+16,5.35305E+16
7632,1.17123E+18,1,0,3,0,2017,12,14,6,3,5,2,1,0,0,0,1,0,0,6.12545E+20,5.96969E+21,1.07114E+16,5.38635E+16
7633,1.17103E+18,1,0,56,1,2017,10,15,4,3,4,6,0,1,0,0,0,0,1,5.46629E+20,5.94589E+21,9.70562E+15,5.36597E+16
7634,1.17123E+18,1,0,53,90,2017,12,21,7,3,0,7,0,1,0,1,0,2,1,6.12107E+20,5.94204E+21,1.06947E+16,5.36152E+16
7635,1.17102E+18,1,0,3,0,2017,10,18,1,3,3,6,1,1,0,0,0,1,0,6.10129E+20,5.96996E+21,1.06748E+16,5.38664E+16
7636,1.17103E+18,1,0,56,5,2017,10,15,4,3,4,6,0,1,0,0,0,0,1,5.61742E+20,5.94629E+21,9.93437E+15,5.36617E+16
7637,1.17103E+18,1,0,60,86,2017,10,9,4,3,8,1,0,1,0,0,0,0,1,5.81757E+20,5.99089E+21,1.02491E+16,5.40597E+16
7638,1.17113E+18,1,0,60,5,2017,11,10,7,3,5,3,0,1,0,1,0,0,1,5.86657E+20,5.97601E+21,1.03197E+16,5.39252E+16
7639,1.17102E+18,1,0,4,0,2017,10,16,1,3,2,6,0,1,0,0,0,0,0,5.65206E+20,5.99125E+21,9.99633E+15,5.40654E+16
7640,1.17103E+18,1,0,53,83,2017,10,6,4,2,5,3,0,1,0,1,0,2,1,6.05076E+20,5.91538E+21,1.05796E+16,5.33771E+16
7641,1.17103E+18,1,0,62,48,2017,10,5,4,3,7,7,0,1,0,0,0,2,1,5.99723E+20,5.97492E+21,1.05182E+16,5.39131E+16
7642,1.17113E+18,1,0,56,48,2017,11,5,7,3,5,2,0,1,0,0,0,2,1,5.49765E+20,5.95218E+21,9.75407E+15,5.37159E+16
7643,1.17102E+18,1,0,58,49,2017,10,15,1,3,5,3,0,1,0,1,0,0,1,5.55202E+20,6.01295E+21,9.84747E+15,5.42615E+16
7644,1.17103E+18,1,0,55,41,2017,10,8,4,2,2,2,0,0,0,0,1,0,0,6.12188E+20,5.99434E+21,1.07151E+16,5.4085E+16
7645,1.17121E+18,1,0,62,71,2017,12,3,2,3,8,1,0,1,0,0,0,2,2,5.80551E+20,5.94139E+21,1.02177E+16,5.36151E+16
7646,1.17103E+18,1,0,58,135,2017,10,17,4,2,5,2,0,1,0,0,0,0,1,5.40935E+20,6.0182E+21,9.62917E+15,5.43101E+16
7647,1.17103E+18,1,0,58,22,2017,10,14,4,2,5,3,0,1,0,0,0,0,1,5.68612E+20,6.00452E+21,1.00514E+16,5.41842E+16
7648,1.17121E+18,1,0,62,60,2017,12,18,2,3,5,2,0,1,0,0,0,2,1,5.81386E+20,5.9307E+21,1.02275E+16,5.35189E+16
7649,1.17113E+18,1,0,60,39,2017,11,18,7,3,5,2,0,1,0,0,0,2,1,5.64762E+20,5.9622E+21,9.9834E+15,5.38043E+16
7650,1.17103E+18,1,0,2,0,2017,10,17,4,3,5,2,0,1,0,1,0,1,0,5.77425E+20,6.02148E+21,1.01908E+16,5.43353E+16
7651,1.17121E+18,1,0,62,1,2017,12,17,2,3,6,4,0,1,1,0,0,2,1,5.81498E+20,5.94885E+21,1.02339E+16,5.3682E+16
7652,1.17113E+18,1,0,56,43,2017,11,10,7,3,2,6,0,1,0,0,0,0,0,5.57668E+20,5.94469E+21,9.87242E+15,5.36478E+16
7653,1.17121E+18,1,0,53,118,2017,12,18,2,3,8,1,0,1,0,0,0,2,2,6.00942E+20,5.95542E+21,1.05304E+16,5.37377E+16
7654,1.17103E+18,1,0,2,0,2017,10,15,4,3,5,2,1,1,0,0,0,0,0,5.72773E+20,6.01807E+21,1.01184E+16,5.43053E+16
7655,1.17121E+18,1,0,62,6,2017,12,18,2,3,6,4,0,1,1,0,0,2,1,5.8373E+20,5.95424E+21,1.02692E+16,5.37301E+16
7656,1.17113E+18,1,0,55,28,2017,11,14,7,3,8,1,0,1,0,0,0,0,1,6.07354E+20,6.00659E+21,1.06456E+16,5.41961E+16
7657,1.17121E+18,1,0,3,0,2017,12,16,2,3,5,2,0,1,0,1,0,2,1,6.11664E+20,5.96982E+21,1.06981E+16,5.38648E+16
7658,1.17121E+18,1,0,3,0,2017,12,8,2,2,0,1,1,0,0,0,0,1,2,6.11702E+20,5.97103E+21,1.06991E+16,5.38757E+16
7659,1.17113E+18,1,0,55,28,2017,11,23,7,3,8,7,0,0,0,1,0,2,1,6.06993E+20,6.00606E+21,1.06398E+16,5.41914E+16
7660,2.17012E+18,2,2,3,209,2017,1,18,5,3,2,6,0,1,0,0,0,2,0,5.62393E+20,5.93537E+21,9.94203E+15,5.35635E+16
7661,1.17113E+18,1,0,55,35,2017,11,19,7,3,2,6,0,1,0,0,0,2,1,6.13121E+20,5.97606E+21,1.07225E+16,5.39206E+16
7662,1.17121E+18,1,0,55,46,2017,12,16,2,3,6,4,0,1,1,0,0,2,1,6.42493E+20,6.03429E+21,1.1197E+16,5.44363E+16
7663,1.17113E+18,1,0,3,0,2017,11,18,7,3,4,6,1,0,0,0,0,2,1,6.07444E+20,5.96708E+21,1.0633E+16,5.38411E+16
7664,1.17103E+18,1,0,57,21,2017,10,15,4,3,5,3,0,1,0,0,1,0,1,5.98652E+20,6.01715E+21,1.05157E+16,5.42927E+16
7665,1.17121E+18,1,0,3,0,2017,12,13,2,3,9,1,0,1,0,0,0,0,1,6.0628E+20,5.97244E+21,1.06172E+16,5.38895E+16
7666,1.17113E+18,1,0,58,163,2017,11,18,7,3,1,5,0,1,0,0,0,2,1,5.58834E+20,5.99918E+21,9.90053E+15,5.41373E+16
7667,1.171E+18,1,0,56,20,2017,10,8,2,2,9,1,0,1,0,0,0,0,1,5.41264E+20,5.94252E+21,9.624E+15,5.36299E+16
7668,1.17103E+18,1,0,54,76,2017,10,20,4,3,5,2,0,1,0,1,0,2,1,4.98469E+20,6.06931E+21,8.97621E+15,5.4771E+16
7669,1.17121E+18,1,0,58,92,2017,12,19,2,3,5,6,0,1,0,0,0,2,1,5.71538E+20,6.02219E+21,1.01004E+16,5.43425E+16
7670,1.171E+18,1,0,56,15,2017,10,16,2,3,5,2,0,1,0,0,0,0,1,5.43678E+20,5.95878E+21,9.66278E+15,5.37758E+16
7671,1.17122E+18,1,0,56,43,2017,12,7,6,3,0,1,1,0,0,0,0,1,1,5.5485E+20,5.94528E+21,9.8299E+15,5.36534E+16
7672,1.17103E+18,1,0,59,79,2017,10,14,4,3,2,3,0,1,0,0,1,0,0,5.23614E+20,6.04114E+21,9.36479E+15,5.45173E+16
7673,1.171E+18,1,0,62,4,2017,10,14,2,3,0,1,0,0,0,1,0,0,1,5.8983E+20,5.96295E+21,1.03642E+16,5.38073E+16
7674,1.171E+18,1,0,53,34,2017,10,11,2,3,9,1,0,1,0,0,0,0,1,6.07592E+20,5.9531E+21,1.06304E+16,5.37154E+16
7675,1.17122E+18,1,0,53,32,2017,12,17,6,3,2,6,0,1,0,0,0,2,0,5.93181E+20,5.92262E+21,1.0403E+16,5.34443E+16
7676,1.17103E+18,1,0,59,184,2017,10,6,4,3,5,3,0,1,0,0,0,2,1,5.28096E+20,6.06204E+21,9.43603E+15,5.47049E+16
7677,1.17121E+18,1,0,58,9,2017,12,1,2,2,4,1,0,1,0,0,1,2,2,5.48795E+20,5.99112E+21,9.74558E+15,5.4066E+16
7678,1.17123E+18,1,0,3,0,2017,12,17,6,2,6,4,0,1,1,0,0,2,0,6.15034E+20,5.9734E+21,1.07507E+16,5.38963E+16
7679,1.17113E+18,1,0,2,0,2017,11,18,7,3,6,7,0,1,1,0,0,2,0,5.73515E+20,6.01905E+21,1.01301E+16,5.43141E+16
7680,1.17111E+18,1,0,61,38,2017,11,14,7,3,5,3,0,1,0,0,0,0,1,5.48916E+20,5.97372E+21,9.74464E+15,5.39096E+16
7681,1.17121E+18,1,0,4,0,2017,12,16,2,3,2,6,0,1,0,0,0,2,1,5.64137E+20,5.99036E+21,9.97982E+15,5.40575E+16
7682,1.17123E+18,1,0,62,53,2017,12,16,7,2,1,7,0,1,0,0,1,2,1,5.77464E+20,5.93322E+21,1.0169E+16,5.35421E+16
7683,1.17113E+18,1,0,2,0,2017,11,17,7,2,5,3,0,1,0,1,0,2,1,5.73677E+20,6.02126E+21,1.01331E+16,5.43339E+16
7684,1.17103E+18,1,0,1,0,2017,10,7,4,3,5,3,0,1,0,0,0,1,1,5.26543E+20,6.073E+21,9.41292E+15,5.48034E+16
7685,1.17121E+18,1,0,58,92,2017,12,17,2,3,0,7,0,1,1,0,0,2,1,5.69841E+20,6.02117E+21,1.00741E+16,5.43336E+16
7686,1.17123E+18,1,0,3,0,2017,12,18,1,3,3,6,0,1,0,0,0,2,1,6.10568E+20,5.96816E+21,1.06808E+16,5.38501E+16
7687,1.17102E+18,1,0,61,41,2017,10,6,3,3,5,2,0,1,0,0,0,2,1,5.39294E+20,5.96629E+21,9.59722E+15,5.38436E+16
7688,1.17121E+18,1,0,60,28,2017,12,6,2,3,9,1,0,0,0,0,1,2,2,5.6869E+20,5.98863E+21,1.0049E+16,5.40413E+16
7689,2.1701E+18,2,3,6,318,2017,1,17,3,3,4,7,0,1,0,0,0,2,1,5.63344E+20,5.94474E+21,9.95829E+15,5.36476E+16
7690,1.17102E+18,1,0,60,2,2017,10,16,3,2,5,3,0,1,0,0,0,0,0,5.57647E+20,5.95965E+21,9.87489E+15,5.37822E+16
7691,2.17011E+18,2,7,13,714,2017,1,5,6,2,5,2,0,1,0,0,0,2,0,5.5982E+20,5.92505E+21,9.90121E+15,5.3471E+16
7692,1.17102E+18,1,0,56,5,2017,10,21,3,3,1,5,0,1,0,0,0,2,1,5.59688E+20,5.94749E+21,9.90351E+15,5.36727E+16
7693,1.17102E+18,1,0,60,44,2017,10,22,3,2,6,4,0,1,1,0,0,2,1,5.63456E+20,5.96556E+21,9.96425E+15,5.38347E+16
7694,1.17102E+18,1,0,60,19,2017,10,16,3,3,2,6,0,1,0,0,0,0,1,5.60565E+20,5.95608E+21,9.91847E+15,5.37498E+16
7695,1.17121E+18,1,0,4,0,2017,12,18,2,3,6,2,0,1,1,0,0,2,2,5.64858E+20,5.99106E+21,9.99098E+15,5.40637E+16
7696,1.17102E+18,1,0,56,39,2017,10,8,3,3,0,2,0,1,0,0,1,1,1,5.52562E+20,5.94628E+21,9.79546E+15,5.36626E+16
7697,1.17102E+18,1,0,60,85,2017,10,20,3,3,5,3,0,1,0,0,0,2,1,5.7854E+20,5.96464E+21,1.01932E+16,5.38243E+16
7698,1.17121E+18,1,0,4,0,2017,12,14,2,3,6,2,0,1,1,0,0,0,1,5.64976E+20,5.99301E+21,9.99319E+15,5.40812E+16
7699,1.17113E+18,1,0,2,0,2017,11,12,7,3,5,3,0,1,0,0,0,0,1,5.7412E+20,6.02785E+21,1.01415E+16,5.4393E+16
7700,1.17102E+18,1,0,60,4,2017,10,14,3,3,2,6,0,1,0,0,0,0,1,5.5793E+20,5.97423E+21,9.88194E+15,5.39133E+16
7701,1.17121E+18,1,0,2,0,2017,12,9,2,3,5,3,0,1,0,0,0,0,1,5.77048E+20,6.01713E+21,1.01839E+16,5.42963E+16
7702,1.17113E+18,1,0,1,0,2017,11,20,7,2,2,6,0,1,0,0,0,2,1,5.30702E+20,6.07247E+21,9.47757E+15,5.47984E+16
7703,1.17121E+18,1,0,57,31,2017,12,16,2,2,4,6,0,1,0,0,1,2,1,5.77287E+20,6.00952E+21,1.01856E+16,5.42278E+16
7704,1.17102E+18,1,0,56,48,2017,10,21,3,3,6,2,0,1,1,0,0,2,1,5.47377E+20,5.95017E+21,9.71759E+15,5.36981E+16
7705,1.17121E+18,1,0,2,0,2017,12,17,2,3,8,1,0,1,0,0,0,2,1,5.71463E+20,6.01654E+21,1.00979E+16,5.42918E+16
7706,1.17121E+18,1,0,2,0,2017,12,17,2,3,5,2,1,1,0,0,0,2,1,5.75909E+20,6.02002E+21,1.01671E+16,5.43224E+16
7707,1.17113E+18,1,0,1,0,2017,11,18,7,3,2,6,0,1,0,0,0,2,1,5.28194E+20,6.07056E+21,9.43836E+15,5.47814E+16
7708,1.17121E+18,1,0,59,185,2017,12,21,2,3,8,1,0,1,0,0,0,2,1,5.37652E+20,6.05875E+21,9.5839E+15,5.46747E+16
7709,1.17121E+18,1,0,1,0,2017,12,18,2,3,2,6,0,1,0,0,0,2,1,5.27877E+20,6.07172E+21,9.43356E+15,5.47919E+16
7710,1.171E+18,1,0,53,99,2017,10,10,2,2,4,6,0,1,0,0,0,0,1,6.05314E+20,5.94446E+21,1.05929E+16,5.36383E+16
7711,1.171E+18,1,0,62,4,2017,10,10,2,3,5,3,1,1,0,0,0,0,0,5.89965E+20,5.9633E+21,1.03663E+16,5.38104E+16
7712,1.17121E+18,1,0,1,0,2017,12,14,2,3,5,2,0,1,0,0,0,0,2,5.27708E+20,6.07039E+21,9.4308E+15,5.478E+16
7713,1.171E+18,1,0,3,0,2017,10,7,2,3,5,2,1,1,0,0,0,0,1,6.11342E+20,5.97185E+21,1.06939E+16,5.38831E+16
7714,1.171E+18,1,0,3,0,2017,10,7,2,3,2,6,0,1,0,1,0,0,1,6.10673E+20,5.9676E+21,1.06822E+16,5.38451E+16
7715,1.171E+18,1,0,55,17,2017,10,1,2,2,9,1,0,1,0,0,0,2,0,6.33166E+20,6.0259E+21,1.10496E+16,5.43635E+16
7716,1.171E+18,1,0,3,0,2017,10,1,2,2,0,7,1,0,0,0,0,2,0,6.09942E+20,5.97032E+21,1.06721E+16,5.38697E+16
7717,1.17111E+18,1,0,51,97,2017,11,0,7,3,5,3,0,1,0,0,0,2,1,5.07474E+20,5.98225E+21,9.11398E+15,5.39886E+16
7718,1.171E+18,1,0,4,0,2017,10,8,2,3,2,6,0,1,0,0,1,0,1,5.6311E+20,5.98986E+21,9.96402E+15,5.40531E+16
7719,1.171E+18,1,0,58,148,2017,10,9,2,3,8,1,0,1,0,0,0,0,1,5.42261E+20,6.01168E+21,9.64864E+15,5.42513E+16
7720,1.17111E+18,1,0,61,29,2017,11,18,7,3,5,3,1,1,0,0,0,2,1,5.28521E+20,5.96005E+21,9.43291E+15,5.37883E+16
7721,1.171E+18,1,0,2,0,2017,10,15,2,3,2,2,0,1,0,0,0,0,0,5.73202E+20,6.01933E+21,1.01253E+16,5.43166E+16
7722,1.17111E+18,1,0,62,90,2017,11,12,7,2,5,3,1,1,0,0,0,0,1,5.78276E+20,5.95068E+21,1.01856E+16,5.36989E+16
7723,1.17111E+18,1,0,53,32,2017,11,18,7,3,5,3,1,1,0,0,0,2,1,5.91233E+20,5.92173E+21,1.03734E+16,5.34367E+16
7724,1.171E+18,1,0,2,0,2017,10,13,2,3,0,6,0,1,0,0,1,0,0,5.73599E+20,6.01963E+21,1.01315E+16,5.43192E+16
7725,1.17111E+18,1,0,62,9,2017,11,23,7,3,5,3,0,1,0,0,0,2,1,5.79304E+20,5.93698E+21,1.01977E+16,5.35756E+16
7726,1.171E+18,1,0,2,0,2017,10,12,2,3,1,7,0,0,0,0,1,0,1,5.73162E+20,6.01937E+21,1.01247E+16,5.4317E+16
7727,1.17111E+18,1,0,3,0,2017,11,20,7,3,5,3,1,1,0,0,0,2,1,6.10652E+20,5.9683E+21,1.06822E+16,5.38514E+16
7728,1.17111E+18,1,0,4,0,2017,11,16,7,2,0,7,1,0,0,0,0,1,1,5.63974E+20,5.99193E+21,9.97766E+15,5.40716E+16
7729,1.171E+18,1,0,57,55,2017,10,14,2,2,5,3,0,1,0,0,0,0,0,5.99861E+20,6.02441E+21,1.05367E+16,5.43577E+16
7730,1.17102E+18,1,0,58,5,2017,10,0,1,3,9,7,0,1,0,0,0,2,0,5.73384E+20,6.02987E+21,1.01307E+16,5.44112E+16
7731,1.17111E+18,1,0,4,0,2017,11,17,7,3,5,2,1,1,0,0,0,2,1,5.62976E+20,5.99184E+21,9.96239E+15,5.4071E+16
7732,1.17102E+18,1,0,58,9,2017,10,11,1,2,7,7,0,0,0,1,0,0,0,5.47177E+20,5.99222E+21,9.72103E+15,5.4076E+16
7733,1.17111E+18,1,0,4,0,2017,11,10,7,3,5,3,1,1,0,0,0,0,1,5.6468E+20,5.9915E+21,9.98835E+15,5.40676E+16
7734,1.17102E+18,1,0,58,166,2017,10,14,1,2,7,7,0,0,0,1,0,0,0,5.63762E+20,6.04623E+21,9.98602E+15,5.45596E+16
7735,1.171E+18,1,0,1,0,2017,10,23,2,3,6,4,0,1,1,0,0,2,1,5.2784E+20,6.07198E+21,9.433E+15,5.47943E+16
7736,1.17113E+18,1,0,54,168,2017,11,17,7,3,5,3,0,1,0,0,1,2,1,4.56793E+20,6.0842E+21,8.32618E+15,5.49029E+16
7737,1.171E+18,1,0,59,184,2017,10,15,2,3,1,2,0,1,0,0,0,0,0,5.28431E+20,6.06304E+21,9.44132E+15,5.47139E+16
7738,1.17102E+18,1,0,60,11,2017,10,12,6,3,0,1,0,0,0,1,0,0,1,5.66748E+20,5.98609E+21,1.00188E+16,5.40188E+16
7739,1.17111E+18,1,0,57,78,2017,11,18,7,2,5,3,0,1,0,0,0,2,1,5.92281E+20,6.02838E+21,1.04213E+16,5.43948E+16
7740,1.17113E+18,1,0,54,76,2017,11,7,7,3,8,1,0,1,0,0,0,1,2,4.99238E+20,6.07032E+21,8.98815E+15,5.47801E+16
7741,1.171E+18,1,0,54,56,2017,10,14,2,3,5,3,0,1,0,1,0,0,0,5.03441E+20,6.03575E+21,9.05309E+15,5.44694E+16
7742,1.17111E+18,1,0,57,25,2017,11,12,7,3,2,6,0,1,0,0,0,0,1,5.79051E+20,6.02572E+21,1.02169E+16,5.43731E+16
7743,1.17122E+18,1,0,62,82,2017,12,10,6,3,5,2,1,1,0,0,0,0,0,5.93428E+20,5.94078E+21,1.04121E+16,5.36075E+16
7744,1.17113E+18,1,0,53,12,2017,11,18,7,2,2,6,0,1,0,0,0,2,0,5.84689E+20,5.92475E+21,1.02757E+16,5.3465E+16
7745,2.1702E+18,2,3,9,321,2017,2,17,5,3,2,2,0,1,0,0,0,1,0,5.61591E+20,5.93837E+21,9.93052E+15,5.35906E+16
7746,1.171E+18,1,0,58,1,2017,10,8,2,3,2,6,0,1,0,0,0,0,1,5.67699E+20,6.01814E+21,1.00405E+16,5.43067E+16