OBJECTID,UIDENTSTLA,ULAND,UREGBEZ,UKREIS,UGEMEINDE,UJAHR,UMONAT,USTUNDE,UWOCHENTAG,UKATEGORIE,UART,UTYP1,IstRad,IstPKW,IstFuss,IstKrad,IstSonstig,LICHT,STRZUSTAND,LINREFX,LINREFY,XGCSWGS84,YGCSWGS84
7747,1.171E+18,1,0,59,184,2017,10,14,2,3,2,1,0,1,0,0,0,0,1,5.26694E+20,6.05997E+21,9.41407E+15,5.46863E+16
7748,1.17111E+18,1,0,2,0,2017,11,13,7,3,5,2,0,1,0,0,0,0,1,5.74553E+20,6.01455E+21,1.01449E+16,5.42735E+16
7749,1.17121E+18,1,0,58,144,2017,12,15,2,2,2,6,0,0,0,0,1,0,1,5.62809E+20,6.00232E+21,9.96202E+15,5.41651E+16
7750,1.17122E+18,1,0,53,23,2017,12,16,6,3,2,6,0,1,0,0,0,1,0,5.91095E+20,5.9275E+21,1.0373E+16,5.34886E+16
7751,1.17112E+18,1,0,61,38,2017,11,12,6,2,8,1,0,1,0,0,0,0,1,5.48412E+20,5.97179E+21,9.73667E+15,5.38923E+16
7752,2.17021E+18,2,3,8,320,2017,2,15,2,3,3,6,0,1,0,0,1,0,0,5.60894E+20,5.93989E+21,9.92028E+15,5.36043E+16
7753,1.17112E+18,1,0,61,34,2017,11,12,6,3,5,3,0,1,0,0,0,0,1,5.30949E+20,5.97559E+21,9.47134E+15,5.39278E+16
7754,1.171E+18,1,0,56,15,2017,10,4,2,3,2,1,0,1,0,0,1,2,1,5.47024E+20,5.95525E+21,9.71301E+15,5.37437E+16
7755,1.17111E+18,1,0,2,0,2017,11,17,7,2,6,4,0,1,1,0,0,2,1,5.75898E+20,6.03053E+21,1.01696E+16,5.44168E+16
7756,1.17111E+18,1,0,54,19,2017,11,11,7,2,5,3,0,1,0,0,1,0,1,4.97196E+20,6.05353E+21,8.95656E+15,5.46292E+16
7757,1.17121E+18,1,0,61,46,2017,12,0,1,3,9,1,0,1,0,0,0,2,2,5.35356E+20,5.97633E+21,9.53853E+15,5.39341E+16
7758,1.17112E+18,1,0,60,63,2017,11,12,6,3,2,6,0,1,0,0,0,0,1,5.64836E+20,5.95718E+21,9.98346E+15,5.37592E+16
7759,2.17021E+18,2,4,5,410,2017,2,14,7,3,4,2,0,1,0,0,0,0,0,5.67077E+20,5.93837E+21,1.00134E+16,5.35899E+16
7760,1.17112E+18,1,0,53,116,2017,11,19,6,3,5,3,0,1,0,0,0,2,1,5.97879E+20,5.92926E+21,1.04757E+16,5.35031E+16
7761,1.171E+18,1,0,51,136,2017,10,21,1,3,2,2,0,0,0,1,0,2,0,5.2477E+20,6.00726E+21,9.37982E+15,5.42127E+16
7762,1.17111E+18,1,0,59,183,2017,11,11,7,3,5,3,0,1,0,0,0,0,1,5.22928E+20,6.06369E+21,9.35596E+15,5.472E+16
7763,1.17121E+18,1,0,60,98,2017,12,20,1,3,9,1,0,1,0,0,0,2,2,5.94369E+20,5.97756E+21,1.04376E+16,5.39378E+16
7764,1.17111E+18,1,0,1,0,2017,11,19,7,3,3,7,0,1,0,0,0,2,1,5.2817E+20,6.07053E+21,9.43799E+15,5.47812E+16
7765,1.17102E+18,1,0,56,28,2017,10,10,3,3,6,4,0,1,1,0,0,0,1,5.44839E+20,5.94176E+21,9.67793E+15,5.36228E+16
7766,1.17121E+18,1,0,60,47,2017,12,18,1,1,9,7,0,1,0,0,0,2,1,5.68135E+20,5.96326E+21,1.00348E+16,5.38134E+16
7767,1.17112E+18,1,0,62,21,2017,11,17,6,3,2,6,0,1,0,1,0,2,1,5.93197E+20,5.94441E+21,1.04097E+16,5.36402E+16
7768,1.17111E+18,1,0,56,31,2017,11,14,7,3,9,1,0,1,0,0,0,0,1,5.46685E+20,5.95701E+21,9.70814E+15,5.37596E+16
7769,1.17121E+18,1,0,62,45,2017,12,14,1,3,9,7,0,1,0,0,0,0,1,5.92684E+20,5.94746E+21,1.04028E+16,5.36677E+16
7770,1.17111E+18,1,0,60,64,2017,11,8,7,3,7,1,0,1,0,0,0,0,1,5.61464E+20,5.96689E+21,9.93426E+15,5.38469E+16
7771,1.17102E+18,1,0,60,63,2017,10,14,3,2,6,4,0,1,1,0,0,0,1,5.66021E+20,5.95593E+21,1.00012E+16,5.37478E+16
7772,1.17121E+18,1,0,53,46,2017,12,22,1,3,9,1,0,1,0,0,0,2,2,6.18058E+20,5.9368E+21,1.07827E+16,5.35668E+16
7773,1.17112E+18,1,0,3,0,2017,11,16,6,3,5,3,1,1,0,0,0,2,1,6.13076E+20,5.97089E+21,1.07199E+16,5.38741E+16
7774,1.17111E+18,1,0,51,35,2017,11,17,6,3,4,1,0,1,0,0,0,0,1,5.14537E+20,6.00519E+21,9.22281E+15,5.41945E+16
7775,1.17121E+18,1,0,53,32,2017,12,21,1,3,2,6,0,1,0,0,0,2,2,5.95642E+20,5.91918E+21,1.0439E+16,5.3413E+16
7776,1.17102E+18,1,0,56,44,2017,10,17,3,3,5,3,1,1,0,0,0,1,1,5.54403E+20,5.93946E+21,9.82212E+15,5.36011E+16
7777,1.17123E+18,1,0,58,15,2017,12,9,5,3,5,2,0,1,0,0,0,0,1,5.34839E+20,5.99536E+21,9.53284E+15,5.41052E+16
7778,1.17112E+18,1,0,3,0,2017,11,14,6,3,5,3,1,1,0,0,0,0,1,6.2184E+20,5.98036E+21,1.08569E+16,5.39573E+16
7779,1.17111E+18,1,0,61,29,2017,11,23,6,3,5,3,0,1,0,0,0,2,1,5.27677E+20,5.96021E+21,9.42011E+15,5.37897E+16
7780,1.17102E+18,1,0,60,63,2017,10,17,3,3,2,6,0,1,0,0,0,1,1,5.64545E+20,5.94693E+21,9.9769E+15,5.36671E+16
7781,1.17121E+18,1,0,55,6,2017,12,0,1,3,8,7,0,1,0,0,0,2,2,6.23293E+20,6.0072E+21,1.089E+16,5.4198E+16
7782,1.17123E+18,1,0,51,99,2017,12,10,6,1,8,1,0,1,0,0,1,0,2,5.1768E+20,5.99265E+21,9.27025E+15,5.40817E+16
7783,1.17102E+18,1,0,53,115,2017,10,4,3,3,8,7,0,0,0,0,1,2,1,6.02874E+20,5.9263E+21,1.055E+16,5.34757E+16
7784,1.17123E+18,1,0,57,78,2017,12,23,6,3,9,1,0,1,0,0,0,2,2,5.9333E+20,6.02718E+21,1.04371E+16,5.43838E+16
7785,1.17102E+18,1,0,2,0,2017,10,16,1,2,0,2,0,1,0,1,0,0,0,5.73631E+20,6.02081E+21,1.01323E+16,5.43298E+16
7786,1.17102E+18,1,0,62,1,2017,10,10,3,3,5,3,1,0,0,0,0,0,0,5.81877E+20,5.9476E+21,1.02393E+16,5.36708E+16
7787,1.17112E+18,1,0,3,0,2017,11,18,6,3,5,2,0,1,0,0,0,2,1,6.18209E+20,5.97533E+21,1.07997E+16,5.39129E+16
7788,1.17102E+18,1,0,2,0,2017,10,15,1,3,2,6,0,1,0,0,0,0,0,5.74557E+20,6.01454E+21,1.0145E+16,5.42733E+16
7789,1.17102E+18,1,0,55,32,2017,10,14,3,3,5,3,0,1,0,0,0,0,0,6.18666E+20,5.99677E+21,1.0815E+16,5.41053E+16
7790,1.17112E+18,1,0,55,21,2017,11,13,6,3,5,3,0,1,0,0,0,0,1,6.29651E+20,6.02618E+21,1.09956E+16,5.43669E+16
7791,1.17102E+18,1,0,57,62,2017,10,12,1,2,2,6,0,0,0,1,0,0,0,5.83013E+20,6.01125E+21,1.02739E+16,5.42425E+16
7792,1.17102E+18,1,0,55,24,2017,10,22,3,3,8,7,0,1,0,0,0,2,1,6.11765E+20,6.0067E+21,1.07132E+16,5.41962E+16
7793,1.17121E+18,1,0,2,0,2017,12,20,1,3,2,6,0,1,0,0,0,2,2,5.74527E+20,6.0282E+21,1.01479E+16,5.43961E+16
7794,1.17102E+18,1,0,3,0,2017,10,16,3,3,5,3,1,1,0,0,0,0,1,6.11245E+20,5.9717E+21,1.06924E+16,5.38819E+16
7795,1.17112E+18,1,0,58,34,2017,11,9,6,2,5,3,0,1,0,0,0,0,0,5.44955E+20,6.01941E+21,9.69114E+15,5.43206E+16
7796,1.17102E+18,1,0,2,0,2017,10,12,1,3,0,1,0,0,0,1,0,0,0,5.73287E+20,6.01793E+21,1.01263E+16,5.4304E+16
7797,1.17102E+18,1,0,55,27,2017,10,15,3,2,3,6,1,1,0,0,0,0,1,6.1893E+20,6.00735E+21,1.08232E+16,5.42004E+16
7798,1.17121E+18,1,0,2,0,2017,12,18,1,3,1,6,0,1,0,0,0,2,1,5.73937E+20,6.01783E+21,1.01363E+16,5.4303E+16
7799,1.17112E+18,1,0,2,0,2017,11,23,6,3,5,3,0,1,0,0,0,2,1,5.74444E+20,6.02032E+21,1.01447E+16,5.43253E+16
7800,1.17102E+18,1,0,2,0,2017,10,14,1,3,2,6,0,1,0,0,1,0,0,5.74874E+20,6.01323E+21,1.01495E+16,5.42615E+16
7801,1.17102E+18,1,0,3,0,2017,10,10,3,3,3,6,0,1,0,0,1,0,0,6.09537E+20,5.97104E+21,1.06662E+16,5.38763E+16
7802,1.17121E+18,1,0,59,183,2017,12,11,1,3,8,1,0,1,0,0,0,0,2,5.24442E+20,6.06647E+21,9.3797E+15,5.47449E+16
7803,1.171E+18,1,0,56,19,2017,10,18,1,3,8,1,0,0,0,1,0,0,0,5.37719E+20,5.94595E+21,9.57081E+15,5.3661E+16
7804,1.171E+18,1,0,60,28,2017,10,16,1,2,8,1,0,1,0,0,0,0,0,5.69119E+20,5.9869E+21,1.00551E+16,5.40257E+16
7805,1.17102E+18,1,0,4,0,2017,10,18,3,3,8,1,0,1,0,0,0,1,1,5.62734E+20,5.99712E+21,9.95979E+15,5.41184E+16
7806,1.17112E+18,1,0,2,0,2017,11,6,6,3,5,2,1,1,0,0,0,2,1,5.72957E+20,6.02104E+21,1.0122E+16,5.4332E+16
7807,1.17111E+18,1,0,51,44,2017,11,0,6,3,0,1,1,0,0,0,0,2,0,5.06547E+20,6.00527E+21,9.10035E+15,5.41954E+16
7808,1.17121E+18,1,0,54,108,2017,12,17,1,3,8,1,0,1,0,0,0,2,2,4.92972E+20,6.05208E+21,8.89116E+15,5.46162E+16
7809,1.17102E+18,1,0,58,107,2017,10,15,3,3,5,3,0,1,0,0,0,0,1,5.70536E+20,6.01575E+21,1.00835E+16,5.42848E+16
7810,1.17112E+18,1,0,57,26,2017,11,20,6,3,7,7,0,1,0,0,0,2,1,6.03205E+20,6.01366E+21,1.05844E+16,5.42604E+16
7811,1.171E+18,1,0,60,47,2017,10,16,1,2,9,1,0,1,0,0,0,0,0,5.69518E+20,5.96369E+21,1.00559E+16,5.38171E+16
7812,1.17102E+18,1,0,59,75,2017,10,17,1,2,8,1,1,0,0,0,0,0,0,5.36593E+20,6.04119E+21,9.56529E+15,5.4517E+16
7813,1.17111E+18,1,0,51,74,2017,11,6,6,3,6,2,0,0,1,0,1,2,1,5.04503E+20,5.9936E+21,9.06884E+15,5.40906E+16
7814,1.17121E+18,1,0,54,73,2017,12,9,1,3,8,1,0,1,0,0,0,0,2,5.03221E+20,6.08006E+21,9.05019E+15,5.48676E+16
7815,1.17112E+18,1,0,2,0,2017,11,12,6,3,8,7,0,0,0,0,1,0,1,5.73571E+20,6.01921E+21,1.0131E+16,5.43155E+16
7816,1.17112E+18,1,0,2,0,2017,11,10,6,3,0,2,1,1,0,0,0,0,1,5.72928E+20,6.02025E+21,1.01213E+16,5.43249E+16
7817,1.17102E+18,1,0,54,116,2017,10,14,1,3,8,1,0,0,0,0,1,0,1,5.12552E+20,6.02873E+21,9.19338E+15,5.44062E+16
7818,1.17111E+18,1,0,56,22,2017,11,17,6,3,2,6,0,1,0,0,0,2,1,5.52316E+20,5.95976E+21,9.79402E+15,5.37838E+16
7819,1.17121E+18,1,0,53,35,2017,12,9,1,3,8,1,0,1,0,0,0,0,0,6.13627E+20,5.93398E+21,1.07148E+16,5.35424E+16
7820,1.17111E+18,1,0,56,15,2017,11,22,6,3,5,3,0,1,0,0,0,2,1,5.42832E+20,5.95635E+21,9.6496E+15,5.3754E+16
7821,1.17112E+18,1,0,1,0,2017,11,17,6,3,2,1,0,1,0,0,0,2,1,5.28E+20,6.0688E+21,9.43518E+15,5.47656E+16
7822,1.17112E+18,1,0,3,0,2017,11,12,6,2,2,1,0,1,0,0,1,0,1,6.14594E+20,5.97548E+21,1.07447E+16,5.39151E+16
7823,1.17111E+18,1,0,62,53,2017,11,18,6,3,5,3,0,1,0,0,0,2,1,5.77187E+20,5.9332E+21,1.01648E+16,5.3542E+16
7824,1.17121E+18,1,0,60,16,2017,12,19,1,3,8,1,0,1,0,0,0,2,2,5.81798E+20,5.98548E+21,1.02482E+16,5.40111E+16
7825,1.17111E+18,1,0,62,53,2017,11,8,6,3,2,6,0,0,0,0,1,0,1,5.78683E+20,5.93318E+21,1.01874E+16,5.35416E+16
7826,1.17123E+18,1,0,55,35,2017,12,15,5,3,2,6,0,1,0,0,0,0,0,6.1397E+20,5.97566E+21,1.07353E+16,5.39168E+16
7827,1.17112E+18,1,0,51,72,2017,11,13,5,3,1,6,0,1,0,0,1,0,1,5.00489E+20,5.9789E+21,9.00745E+15,5.39585E+16
7828,1.17111E+18,1,0,3,0,2017,11,13,6,3,2,6,0,1,0,0,1,0,1,6.08905E+20,5.97171E+21,1.06568E+16,5.38824E+16
7829,1.17121E+18,1,0,60,63,2017,12,9,7,3,2,6,0,1,0,0,0,0,1,5.66728E+20,5.95044E+21,1.00107E+16,5.36984E+16
7830,1.17111E+18,1,0,3,0,2017,11,16,6,3,2,6,0,1,0,0,0,1,1,6.09401E+20,5.97096E+21,1.06641E+16,5.38756E+16
7831,1.17121E+18,1,0,56,43,2017,12,17,7,3,5,2,0,1,0,1,0,2,1,5.54886E+20,5.94534E+21,9.83046E+15,5.36539E+16
7832,1.17123E+18,1,0,62,4,2017,12,12,6,3,2,6,0,1,0,0,0,0,0,5.93118E+20,5.96007E+21,1.04132E+16,5.37808E+16
7833,1.17112E+18,1,0,51,46,2017,11,16,5,3,4,6,1,1,0,0,0,0,1,4.99265E+20,5.97982E+21,8.9888E+15,5.39668E+16
7834,1.17111E+18,1,0,58,58,2017,11,16,6,3,5,2,0,1,0,0,0,1,1,5.63217E+20,6.02924E+21,9.97396E+15,5.4407E+16
7835,1.17121E+18,1,0,53,83,2017,12,3,7,3,1,5,0,1,0,0,0,2,0,6.04041E+20,5.91512E+21,1.05639E+16,5.33749E+16
7836,1.17123E+18,1,0,58,4,2017,12,17,6,2,8,1,0,1,0,0,0,2,2,5.59306E+20,6.03315E+21,9.91449E+15,5.44426E+16
7837,1.17112E+18,1,0,60,57,2017,11,17,5,2,5,3,0,1,0,1,0,2,1,5.83093E+20,5.97251E+21,1.02645E+16,5.38944E+16
7838,1.17111E+18,1,0,58,77,2017,11,19,6,2,6,4,0,1,1,0,0,2,1,5.42471E+20,5.99336E+21,9.64928E+15,5.40867E+16
7839,1.17102E+18,1,0,57,62,2017,10,11,3,3,5,3,1,1,0,0,0,0,0,5.83286E+20,6.01134E+21,1.02781E+16,5.42432E+16
7840,1.17121E+18,1,0,62,16,2017,12,15,7,3,5,3,0,1,0,0,0,1,1,5.83383E+20,5.95834E+21,1.0265E+16,5.3767E+16
7841,1.17123E+18,1,0,2,0,2017,12,19,7,2,6,4,0,1,1,0,0,2,1,5.75773E+20,6.01768E+21,1.01644E+16,5.43014E+16
7842,1.17111E+18,1,0,58,99,2017,11,7,6,3,2,6,0,1,0,1,0,1,1,5.57257E+20,6.04203E+21,9.88462E+15,5.45226E+16
7843,1.17102E+18,1,0,2,0,2017,10,15,3,3,8,1,0,1,0,0,0,0,1,5.73638E+20,6.02639E+21,1.01338E+16,5.43799E+16
7844,1.17121E+18,1,0,62,90,2017,12,10,7,3,2,6,0,1,0,0,1,0,1,5.78296E+20,5.95069E+21,1.01859E+16,5.3699E+16
7845,1.17123E+18,1,0,51,60,2017,12,18,7,3,6,6,0,1,1,0,0,2,1,5.08725E+20,6.016E+21,9.13405E+15,5.42918E+16
7846,1.17102E+18,1,0,58,92,2017,10,5,3,2,5,3,0,1,0,1,0,2,1,5.71284E+20,6.02061E+21,1.00961E+16,5.43284E+16
7847,2.1701E+18,2,4,7,417,2017,1,9,2,3,5,3,1,1,0,0,0,0,1,5.6833E+20,5.93578E+21,1.00318E+16,5.35665E+16
7848,1.17102E+18,1,0,54,167,2017,10,12,1,3,7,7,1,0,0,0,1,0,0,4.96828E+20,6.06557E+21,8.95074E+15,5.47374E+16
7849,1.17102E+18,1,0,54,120,2017,10,19,3,3,5,2,0,1,0,0,0,2,1,4.9983E+20,6.03188E+21,8.99738E+15,5.44346E+16
7850,1.17102E+18,1,0,55,37,2017,10,7,3,3,2,6,0,1,0,0,0,1,0,6.20007E+20,5.99995E+21,1.08368E+16,5.41337E+16
7851,1.17102E+18,1,0,51,92,2017,10,8,2,3,8,1,0,0,0,0,1,0,1,5.02863E+20,6.01782E+21,9.044E+15,5.43083E+16
7852,1.17121E+18,1,0,3,0,2017,12,19,7,3,5,2,0,1,0,0,0,2,1,6.08066E+20,5.96809E+21,1.06428E+16,5.38501E+16
7853,1.17102E+18,1,0,60,41,2017,10,16,2,2,0,1,0,0,0,1,0,0,1,5.83439E+20,5.97545E+21,1.02705E+16,5.39207E+16
7854,1.17102E+18,1,0,60,39,2017,10,16,2,3,5,2,0,1,0,0,0,0,1,5.6443E+20,5.96017E+21,9.97793E+15,5.37861E+16
7855,1.17121E+18,1,0,3,0,2017,12,13,7,3,5,3,0,1,0,0,0,0,1,6.10332E+20,5.97117E+21,1.06783E+16,5.38772E+16
7856,1.17112E+18,1,0,56,43,2017,11,7,5,3,0,7,1,1,0,0,0,1,0,5.55315E+20,5.945E+21,9.83688E+15,5.36509E+16
7857,1.17102E+18,1,0,60,63,2017,10,16,2,3,3,6,0,1,0,0,1,0,1,5.64238E+20,5.94872E+21,9.97263E+15,5.36833E+16
7858,1.17121E+18,1,0,3,0,2017,12,13,7,3,5,2,1,1,0,0,0,0,1,6.11247E+20,5.96911E+21,1.06915E+16,5.38585E+16
7859,1.17112E+18,1,0,60,54,2017,11,6,5,3,5,2,0,1,0,0,1,2,0,5.58432E+20,5.96912E+21,9.8886E+15,5.38673E+16
7860,1.17121E+18,1,0,3,0,2017,12,16,7,3,0,1,0,0,0,1,0,2,1,6.09442E+20,5.96758E+21,1.06635E+16,5.38452E+16
7861,1.17102E+18,1,0,56,15,2017,10,16,2,3,2,6,0,1,0,0,0,0,1,5.42679E+20,5.95417E+21,9.64699E+15,5.37344E+16
7862,1.17121E+18,1,0,58,71,2017,12,20,7,2,9,1,0,1,0,0,0,2,2,5.39267E+20,6.00595E+21,9.60194E+15,5.42001E+16
7863,1.17112E+18,1,0,56,15,2017,11,6,5,3,5,3,1,1,0,0,0,2,1,5.44597E+20,5.95744E+21,9.67653E+15,5.37637E+16
7864,1.17121E+18,1,0,58,59,2017,12,18,7,3,8,1,0,1,0,0,0,2,2,5.54769E+20,5.99961E+21,9.8384E+15,5.41417E+16
7865,1.17121E+18,1,0,58,78,2017,12,16,7,3,5,2,1,1,0,0,0,2,1,5.32856E+20,6.017E+21,9.50487E+15,5.42999E+16
7866,1.17112E+18,1,0,56,39,2017,11,13,5,3,5,2,1,1,0,0,0,0,1,5.52282E+20,5.94519E+21,9.79104E+15,5.36529E+16
7867,2.17012E+18,2,1,8,124,2017,1,16,6,3,2,6,0,1,0,0,0,2,1,5.69448E+20,5.93422E+21,1.00483E+16,5.35522E+16
7868,1.17121E+18,1,0,2,0,2017,12,8,7,3,5,3,0,1,0,0,0,0,1,5.74453E+20,6.01768E+21,1.01441E+16,5.43016E+16
7869,1.17112E+18,1,0,62,9,2017,11,18,5,3,2,6,0,1,0,0,0,2,1,5.80878E+20,5.93608E+21,1.02212E+16,5.35674E+16
7870,1.17121E+18,1,0,54,99,2017,12,12,7,2,4,6,0,1,0,0,1,0,1,5.12663E+20,6.03493E+21,9.19535E+15,5.44618E+16
7871,1.171E+18,1,0,56,28,2017,10,13,1,3,0,7,1,0,0,0,0,0,0,5.44367E+20,5.9416E+21,9.67078E+15,5.36213E+16
7872,1.17102E+18,1,0,60,39,2017,10,9,2,3,5,3,0,1,0,0,0,0,1,5.64653E+20,5.96088E+21,9.98147E+15,5.37924E+16
7873,1.17121E+18,1,0,54,85,2017,12,20,7,3,8,1,0,1,0,0,0,2,2,4.58412E+20,6.05486E+21,8.35562E+15,5.46395E+16
7874,1.171E+18,1,0,56,2,2017,10,17,1,3,2,6,0,1,0,0,0,0,0,5.50154E+20,5.96066E+21,9.76135E+15,5.37921E+16
7875,1.171E+18,1,0,62,82,2017,10,11,1,3,5,2,0,1,0,0,0,0,0,5.93641E+20,5.94052E+21,1.04152E+16,5.36051E+16
7876,1.171E+18,1,0,62,27,2017,10,15,1,3,8,7,0,1,0,0,0,0,0,5.88921E+20,5.95243E+21,1.03473E+16,5.37129E+16
7877,1.17122E+18,1,0,62,18,2017,12,17,6,3,2,6,0,1,0,0,0,1,0,5.8141E+20,5.93134E+21,1.0228E+16,5.35247E+16
7878,1.17102E+18,1,0,60,9,2017,10,17,2,3,8,1,0,1,0,0,0,1,1,5.61425E+20,5.97665E+21,9.93562E+15,5.39346E+16
7879,1.17121E+18,1,0,59,141,2017,12,10,7,3,5,3,0,1,0,0,0,0,1,5.33733E+20,6.06955E+21,9.52438E+15,5.47721E+16
7880,1.171E+18,1,0,62,60,2017,10,12,1,3,5,2,0,1,0,0,0,0,0,5.86056E+20,5.93567E+21,1.02993E+16,5.35628E+16
7881,1.171E+18,1,0,53,20,2017,10,15,1,3,0,7,1,1,0,0,0,0,0,6.0714E+20,5.92778E+21,1.06148E+16,5.34881E+16
7882,1.171E+18,1,0,55,16,2017,10,3,1,3,0,7,1,0,0,0,0,2,1,6.24167E+20,6.00335E+21,1.09018E+16,5.41632E+16
7883,1.171E+18,1,0,55,40,2017,10,17,1,3,0,3,0,1,0,0,0,0,0,6.07435E+20,5.97664E+21,1.06362E+16,5.3927E+16
7884,1.171E+18,1,0,55,12,2017,10,17,1,2,5,3,1,1,0,0,0,0,0,6.04726E+20,6.00192E+21,1.06037E+16,5.41546E+16
7885,1.17111E+18,1,0,4,0,2017,11,16,6,3,2,6,0,1,0,0,0,0,1,5.6381E+20,5.99158E+21,9.97507E+15,5.40684E+16
7886,1.171E+18,1,0,58,107,2017,10,13,1,3,0,1,0,0,0,1,0,0,0,5.68941E+20,6.01252E+21,1.00583E+16,5.4256E+16
7887,1.171E+18,1,0,2,0,2017,10,9,1,3,0,6,0,1,0,1,1,0,1,5.73579E+20,6.0192E+21,1.01311E+16,5.43154E+16
7888,1.17111E+18,1,0,2,0,2017,11,4,6,3,8,1,0,1,0,0,0,2,1,5.72076E+20,6.01809E+21,1.01077E+16,5.43056E+16
7889,1.17111E+18,1,0,2,0,2017,11,20,6,3,4,1,0,1,0,0,1,2,1,5.72373E+20,6.01837E+21,1.01123E+16,5.43081E+16
7890,1.17102E+18,1,0,62,23,2017,10,10,1,3,8,7,0,1,0,0,0,0,0,5.86677E+20,5.94864E+21,1.03123E+16,5.36793E+16
7891,1.17102E+18,1,0,51,99,2017,10,11,1,3,2,6,0,1,0,0,0,0,1,5.20401E+20,5.99142E+21,9.31176E+15,5.40706E+16
7892,1.17111E+18,1,0,54,105,2017,11,2,6,2,9,1,0,1,0,0,0,2,1,5.10582E+20,6.0285E+21,9.16302E+15,5.44042E+16
7893,1.17102E+18,1,0,58,38,2017,10,21,1,2,2,6,0,1,0,1,0,2,0,5.62457E+20,6.00325E+21,9.95682E+15,5.41735E+16
7894,1.171E+18,1,0,2,0,2017,10,4,1,3,6,4,0,1,1,0,0,2,1,5.7378E+20,6.02057E+21,1.01345E+16,5.43276E+16
7895,1.17101E+18,1,0,60,59,2017,10,12,7,3,0,7,1,0,0,0,0,0,1,5.83795E+20,5.98263E+21,1.02779E+16,5.39852E+16
7896,1.17112E+18,1,0,53,73,2017,11,9,5,3,8,7,0,1,0,0,0,0,0,6.02286E+20,5.91841E+21,1.05386E+16,5.34049E+16
7897,1.171E+18,1,0,57,44,2017,10,1,1,3,9,1,0,1,0,0,0,2,1,5.96108E+20,6.01605E+21,1.04763E+16,5.42833E+16
7898,1.17101E+18,1,0,60,41,2017,10,10,7,3,5,3,0,1,0,0,0,0,1,5.83834E+20,5.97587E+21,1.02767E+16,5.39244E+16
7899,1.17111E+18,1,0,54,118,2017,11,17,6,3,2,6,0,1,0,0,0,2,1,5.08746E+20,6.03859E+21,9.13503E+15,5.44948E+16
7900,1.17112E+18,1,0,53,83,2017,11,15,5,3,0,1,1,0,0,0,0,0,1,6.0437E+20,5.9152E+21,1.05689E+16,5.33756E+16
7901,1.171E+18,1,0,54,72,2017,10,11,1,2,8,1,0,1,0,0,0,0,1,4.95805E+20,6.02293E+21,8.93545E+15,5.43542E+16
7902,1.17111E+18,1,0,1,0,2017,11,16,6,3,0,1,1,0,0,0,0,1,1,5.27841E+20,6.07198E+21,9.43301E+15,5.47942E+16
7903,1.17112E+18,1,0,55,7,2017,11,18,5,3,7,7,0,1,0,0,0,2,1,6.03243E+20,5.99494E+21,1.05786E+16,5.40922E+16
7904,2.17013E+18,2,3,6,318,2017,1,12,7,3,4,2,0,1,0,1,0,0,0,5.6261E+20,5.94157E+21,9.94655E+15,5.36192E+16
7905,1.17112E+18,1,0,55,41,2017,11,7,5,3,1,5,0,0,0,1,1,2,0,6.05375E+20,5.99662E+21,1.06118E+16,5.41069E+16
7906,1.171E+18,1,0,1,0,2017,10,19,1,3,5,3,1,1,0,0,0,1,0,5.25561E+20,6.06926E+21,9.39732E+15,5.47699E+16
7907,1.171E+18,1,0,59,18,2017,10,15,1,3,5,2,1,1,0,0,0,0,0,5.34872E+20,6.03736E+21,9.53824E+15,5.44827E+16
7908,1.17111E+18,1,0,59,57,2017,11,12,6,3,8,1,0,1,0,0,0,0,1,5.29416E+20,6.04528E+21,9.45482E+15,5.45542E+16
7909,1.17122E+18,1,0,62,92,2017,12,12,6,2,0,1,0,0,0,1,1,0,1,5.86837E+20,5.96465E+21,1.03192E+16,5.38231E+16
7910,1.17112E+18,1,0,3,0,2017,11,10,5,3,5,3,1,1,0,0,0,0,0,6.12383E+20,5.96734E+21,1.07081E+16,5.38424E+16
7911,2.1702E+18,2,4,2,403,2017,2,21,4,3,5,3,1,1,0,0,0,2,0,5.65121E+20,5.93885E+21,9.98394E+15,5.35944E+16
7912,1.17112E+18,1,0,55,33,2017,11,14,5,3,5,6,0,1,0,0,0,0,1,6.20889E+20,6.01851E+21,1.08577E+16,5.43001E+16
7913,1.171E+18,1,0,58,146,2017,10,11,1,3,2,6,0,1,0,0,0,0,0,5.50169E+20,6.01524E+21,9.7706E+15,5.42826E+16
7914,1.17111E+18,1,0,56,30,2017,11,23,6,3,8,1,0,1,0,0,0,2,2,5.45463E+20,5.96126E+21,9.69024E+15,5.37979E+16
7915,1.171E+18,1,0,58,146,2017,10,11,1,3,2,6,0,1,0,0,0,0,0,5.49994E+20,6.01562E+21,9.76797E+15,5.4286E+16
7916,1.17111E+18,1,0,56,30,2017,11,23,6,3,8,1,0,1,0,0,0,2,2,5.45496E+20,5.96122E+21,9.69073E+15,5.37976E+16
7917,1.17121E+18,1,0,1,0,2017,12,0,7,3,0,1,1,0,0,0,0,2,2,5.29029E+20,6.0718E+21,9.45147E+15,5.47925E+16
7918,1.17122E+18,1,0,53,32,2017,12,8,6,3,5,3,1,1,0,0,0,2,1,5.887E+20,5.92134E+21,1.03352E+16,5.34337E+16
7919,1.17112E+18,1,0,3,0,2017,11,10,5,3,5,3,0,1,0,0,1,0,1,6.18456E+20,5.97451E+21,1.08031E+16,5.39054E+16
7920,2.1702E+18,2,1,16,136,2017,2,6,6,3,2,6,0,1,0,0,0,2,0,5.6893E+20,5.92881E+21,1.00393E+16,5.35037E+16