OBJECTID,UIDENTSTLA,ULAND,UREGBEZ,UKREIS,UGEMEINDE,UJAHR,UMONAT,USTUNDE,UWOCHENTAG,UKATEGORIE,UART,UTYP1,IstRad,IstPKW,IstFuss,IstKrad,IstSonstig,LICHT,STRZUSTAND,LINREFX,LINREFY,XGCSWGS84,YGCSWGS84
8096,1.17112E+18,1,0,3,0,2017,11,6,4,3,5,3,1,1,0,0,0,2,1,6.10699E+20,5.96829E+21,1.06829E+16,5.38513E+16
8097,1.17093E+18,1,0,58,54,2017,9,14,6,3,2,2,0,1,0,0,0,0,0,5.3821E+20,6.01761E+21,9.58721E+15,5.43049E+16
8098,1.17102E+18,1,0,51,138,2017,10,15,6,3,8,1,0,1,0,0,0,0,1,5.1349E+20,5.9959E+21,9.20634E+15,5.41111E+16
8099,1.17111E+18,1,0,59,18,2017,11,16,5,3,5,2,1,1,0,0,0,1,0,5.35988E+20,6.03933E+21,9.55571E+15,5.45003E+16
8100,1.17122E+18,1,0,57,54,2017,12,4,6,3,8,6,0,0,0,0,1,2,1,5.78186E+20,6.00431E+21,1.0198E+16,5.41809E+16
8101,1.17112E+18,1,0,55,21,2017,11,9,4,3,5,3,0,1,0,0,0,0,1,6.28105E+20,6.02651E+21,1.0972E+16,5.43702E+16
8102,1.17093E+18,1,0,58,96,2017,9,19,6,3,5,2,0,1,0,1,0,2,0,5.61757E+20,6.02848E+21,9.95131E+15,5.44003E+16
8103,1.17093E+18,1,0,58,87,2017,9,10,6,3,9,7,0,1,0,0,0,0,0,5.62423E+20,6.05318E+21,9.96679E+15,5.46222E+16
8104,1.17111E+18,1,0,54,76,2017,11,13,5,3,2,6,0,1,0,1,0,0,0,4.98528E+20,6.06906E+21,8.97712E+15,5.47688E+16
8105,1.17122E+18,1,0,54,56,2017,12,17,6,2,0,7,1,0,0,0,0,2,1,5.02647E+20,6.03988E+21,9.04088E+15,5.45065E+16
8106,1.17112E+18,1,0,58,3,2017,11,14,4,2,4,6,0,1,0,1,0,0,1,5.39187E+20,6.02156E+21,9.60276E+15,5.43403E+16
8107,2.1702E+18,2,6,2,603,2017,2,13,6,3,6,4,0,1,1,0,0,0,0,5.81471E+20,5.92727E+21,1.02279E+16,5.34881E+16
8108,1.17093E+18,1,0,2,0,2017,9,21,6,2,6,6,1,0,1,0,0,2,0,5.74843E+20,6.02275E+21,1.01514E+16,5.43471E+16
8109,1.17093E+18,1,0,2,0,2017,9,16,6,3,2,6,0,1,0,0,0,0,0,5.77184E+20,6.02018E+21,1.01867E+16,5.43237E+16
8110,1.17111E+18,1,0,1,0,2017,11,17,5,3,2,6,0,1,0,0,0,2,1,5.26804E+20,6.06862E+21,9.41658E+15,5.47641E+16
8111,1.17121E+18,1,0,4,0,2017,12,8,6,3,5,3,1,1,0,0,0,1,1,5.63457E+20,5.98988E+21,9.96934E+15,5.40532E+16
8112,1.17122E+18,1,0,1,0,2017,12,14,6,3,5,2,0,1,0,0,0,0,0,5.29268E+20,6.07285E+21,9.45531E+15,5.4802E+16
8113,1.17112E+18,1,0,4,0,2017,11,13,4,3,2,6,0,1,0,0,0,0,1,5.62859E+20,5.99277E+21,9.9608E+15,5.40793E+16
8114,2.17021E+18,2,7,14,715,2017,2,16,4,2,5,3,0,1,0,0,0,0,0,5.55919E+20,5.92517E+21,9.84247E+15,5.34726E+16
8115,1.17112E+18,1,0,2,0,2017,11,7,4,3,0,3,0,0,0,1,1,1,1,5.68912E+20,6.02029E+21,1.00596E+16,5.43258E+16
8116,1.17093E+18,1,0,57,16,2017,9,16,6,3,5,3,0,1,0,0,0,0,0,5.86171E+20,6.01863E+21,1.03244E+16,5.43083E+16
8117,1.17111E+18,1,0,62,92,2017,11,1,5,3,8,7,0,1,0,0,0,2,0,5.85937E+20,5.96756E+21,1.03063E+16,5.38494E+16
8118,1.17111E+18,1,0,61,55,2017,11,6,4,3,5,2,0,0,0,1,1,2,0,5.31679E+20,5.96523E+21,9.48138E+15,5.38346E+16
8119,1.17102E+18,1,0,53,111,2017,10,5,1,2,9,1,0,1,0,0,0,2,1,5.98667E+20,5.91686E+21,1.04837E+16,5.33916E+16
8120,1.17121E+18,1,0,58,135,2017,12,16,6,3,5,2,1,1,0,0,0,1,1,5.44199E+20,6.0176E+21,9.67925E+15,5.43044E+16
8121,1.17112E+18,1,0,2,0,2017,11,15,4,3,6,4,0,1,1,0,0,1,1,5.73001E+20,6.02104E+21,1.01227E+16,5.4332E+16
8122,2.17021E+18,2,4,2,405,2017,2,14,3,3,2,2,0,1,0,0,0,0,0,5.65114E+20,5.93925E+21,9.98392E+15,5.35981E+16
8123,1.17093E+18,1,0,57,62,2017,9,11,6,2,5,3,0,1,0,1,0,0,0,5.83167E+20,6.01173E+21,1.02764E+16,5.42468E+16
8124,1.17111E+18,1,0,60,68,2017,11,11,4,3,0,1,1,0,0,0,0,0,0,5.76757E+20,5.98625E+21,1.01715E+16,5.40188E+16
8125,1.17121E+18,1,0,4,0,2017,12,16,6,3,5,2,1,1,0,0,0,1,1,5.65187E+20,5.99126E+21,9.99605E+15,5.40654E+16
8126,1.17111E+18,1,0,56,15,2017,11,13,4,3,5,3,1,1,0,0,0,0,0,5.44184E+20,5.95617E+21,9.67009E+15,5.37522E+16
8127,1.17102E+18,1,0,55,46,2017,10,17,1,3,2,2,0,1,0,0,0,1,1,6.41023E+20,6.03513E+21,1.11748E+16,5.44443E+16
8128,1.17121E+18,1,0,4,0,2017,12,17,6,3,6,7,0,0,1,0,1,2,1,5.64068E+20,5.99495E+21,9.97974E+15,5.40987E+16
8129,1.17112E+18,1,0,2,0,2017,11,7,4,3,2,6,0,1,0,0,0,0,1,5.73414E+20,6.01784E+21,1.01282E+16,5.43031E+16
8130,1.17111E+18,1,0,53,72,2017,11,20,4,2,6,4,0,1,0,0,1,2,0,5.8753E+20,5.92748E+21,1.03193E+16,5.3489E+16
8131,1.17121E+18,1,0,2,0,2017,12,13,6,3,3,6,0,1,0,0,0,0,1,5.72541E+20,6.01832E+21,1.01149E+16,5.43076E+16
8132,1.17102E+18,1,0,3,0,2017,10,2,1,3,7,1,1,0,0,0,0,2,1,6.11345E+20,5.97183E+21,1.0694E+16,5.38829E+16
8133,1.17112E+18,1,0,2,0,2017,11,12,4,3,5,2,1,1,0,0,0,0,1,5.72026E+20,6.01806E+21,1.01069E+16,5.43054E+16
8134,1.17111E+18,1,0,3,0,2017,11,15,4,2,5,3,1,1,0,0,0,0,1,6.10649E+20,5.96827E+21,1.06821E+16,5.38511E+16
8135,1.17102E+18,1,0,55,4,2017,10,18,1,3,2,6,0,1,0,0,1,2,1,6.10992E+20,5.97402E+21,1.06894E+16,5.39027E+16
8136,1.17121E+18,1,0,2,0,2017,12,7,6,3,5,2,1,1,0,0,0,1,1,5.76664E+20,6.01959E+21,1.01786E+16,5.43184E+16
8137,1.17123E+18,1,0,55,14,2017,12,4,5,3,8,1,0,1,0,0,0,2,1,6.26212E+20,6.01716E+21,1.09389E+16,5.42868E+16
8138,1.17111E+18,1,0,3,0,2017,11,13,4,3,5,3,1,1,0,0,0,0,0,6.09353E+20,5.9703E+21,1.06631E+16,5.38696E+16
8139,1.17102E+18,1,0,3,0,2017,10,9,1,3,5,2,1,1,0,0,0,0,1,6.09731E+20,5.97129E+21,1.06692E+16,5.38785E+16
8140,1.17121E+18,1,0,2,0,2017,12,16,6,2,5,2,0,1,0,0,0,2,1,5.68804E+20,6.0203E+21,1.0058E+16,5.43259E+16
8141,1.17123E+18,1,0,51,99,2017,12,9,6,2,8,1,0,1,0,0,0,0,2,5.17478E+20,5.99313E+21,9.26719E+15,5.40861E+16
8142,1.17102E+18,1,0,58,139,2017,10,16,1,2,8,6,0,1,0,0,0,1,1,5.67207E+20,6.01067E+21,1.00312E+16,5.42396E+16
8143,1.17123E+18,1,0,4,0,2017,12,12,6,3,2,6,0,1,0,0,0,0,1,5.6456E+20,5.99251E+21,9.98673E+15,5.40768E+16
8144,1.17101E+18,1,0,59,183,2017,10,16,7,2,5,2,1,1,0,0,0,0,1,5.2119E+20,6.07007E+21,9.32944E+15,5.47774E+16
8145,1.17102E+18,1,0,4,0,2017,10,19,1,3,2,3,0,1,0,1,0,2,1,5.61423E+20,5.99159E+21,9.9386E+15,5.40688E+16
8146,1.17112E+18,1,0,2,0,2017,11,19,4,3,5,2,0,1,0,0,0,2,0,5.74333E+20,6.01831E+21,1.01424E+16,5.43073E+16
8147,1.17101E+18,1,0,1,0,2017,10,14,7,3,2,3,0,1,0,0,0,0,1,5.27937E+20,6.07142E+21,9.43445E+15,5.47892E+16
8148,1.17102E+18,1,0,57,48,2017,10,20,1,3,9,1,0,1,0,0,0,2,1,6.04268E+20,6.01832E+21,1.06024E+16,5.43021E+16
8149,1.17121E+18,1,0,2,0,2017,12,7,6,3,2,6,0,1,0,0,0,1,1,5.70572E+20,6.02017E+21,1.00851E+16,5.43245E+16
8150,1.17102E+18,1,0,2,0,2017,10,8,1,3,0,2,0,1,0,1,0,0,1,5.73163E+20,6.02179E+21,1.01253E+16,5.43387E+16
8151,1.17112E+18,1,0,2,0,2017,11,16,4,3,2,6,0,1,0,0,0,2,1,5.73333E+20,6.02112E+21,1.01278E+16,5.43326E+16
8152,1.17101E+18,1,0,1,0,2017,10,11,7,3,5,3,0,1,0,0,0,0,1,5.25384E+20,6.06974E+21,9.3946E+15,5.47742E+16
8153,1.17102E+18,1,0,54,134,2017,10,13,1,3,5,3,0,1,0,0,0,0,1,4.82133E+20,6.01772E+21,8.7254E+15,5.43071E+16
8154,1.17121E+18,1,0,2,0,2017,12,7,6,3,6,2,0,1,1,0,0,1,1,5.73405E+20,6.01978E+21,1.01285E+16,5.43206E+16
8155,1.17112E+18,1,0,2,0,2017,11,6,4,3,5,2,0,1,0,0,0,2,1,5.73467E+20,6.02422E+21,1.01306E+16,5.43605E+16
8156,1.17112E+18,1,0,59,123,2017,11,7,4,3,8,1,0,1,0,0,0,2,1,5.07414E+20,6.0668E+21,9.11518E+15,5.47484E+16
8157,1.17101E+18,1,0,59,16,2017,10,17,7,3,5,2,0,1,0,1,0,0,0,5.44553E+20,6.04342E+21,9.68857E+15,5.45364E+16
8158,1.17102E+18,1,0,54,125,2017,10,16,1,3,8,7,0,1,0,0,0,0,1,5.03885E+20,6.06604E+21,9.06035E+15,5.47416E+16
8159,1.17121E+18,1,0,51,82,2017,12,9,6,3,8,1,0,1,0,0,0,0,2,5.09402E+20,6.00205E+21,9.144E+15,5.41665E+16
8160,1.17112E+18,1,0,54,33,2017,11,6,4,3,5,3,0,1,0,0,0,2,1,5.04735E+20,6.02571E+21,9.07289E+15,5.43792E+16
8161,1.17121E+18,1,0,51,48,2017,12,8,6,3,2,1,0,1,0,0,0,0,2,5.0564E+20,6.00235E+21,9.08639E+15,5.41692E+16
8162,1.17102E+18,1,0,54,72,2017,10,15,1,3,9,1,0,1,0,0,0,0,1,4.95164E+20,6.02144E+21,8.92562E+15,5.43408E+16
8163,1.17121E+18,1,0,58,24,2017,12,15,6,3,2,6,0,1,0,0,0,0,1,5.45836E+20,6.02209E+21,9.7051E+15,5.43446E+16
8164,1.17112E+18,1,0,1,0,2017,11,16,4,3,5,2,0,1,0,0,0,2,0,5.24648E+20,6.07002E+21,9.38319E+15,5.47768E+16
8165,1.17121E+18,1,0,56,32,2017,12,13,6,3,9,1,0,1,0,0,0,0,1,5.52076E+20,5.94893E+21,9.78855E+15,5.36865E+16
8166,1.17121E+18,1,0,51,138,2017,12,19,6,3,8,1,0,1,0,0,0,2,2,5.17371E+20,5.99465E+21,9.26563E+15,5.40997E+16
8167,2.17011E+18,2,7,10,711,2017,1,10,7,3,2,6,0,1,0,0,0,0,2,5.59777E+20,5.92506E+21,9.90058E+15,5.34711E+16
8168,1.17112E+18,1,0,1,0,2017,11,18,4,3,5,2,0,1,0,0,0,2,1,5.26677E+20,6.07008E+21,9.41475E+15,5.47773E+16
8169,1.17121E+18,1,0,51,22,2017,12,4,5,2,7,1,0,1,0,0,1,2,0,5.08422E+20,5.9787E+21,9.12836E+15,5.39566E+16
8170,1.17121E+18,1,0,51,44,2017,12,17,5,2,5,3,1,1,0,0,0,2,1,5.06575E+20,6.00598E+21,9.1008E+15,5.42018E+16
8171,2.17011E+18,2,1,1,101,2017,1,15,6,3,4,2,0,1,0,0,0,0,1,5.66054E+20,5.93364E+21,9.99693E+15,5.35475E+16
8172,1.17112E+18,1,0,55,39,2017,11,20,4,3,0,7,0,1,0,0,1,2,0,6.16439E+20,5.99651E+21,1.07809E+16,5.41036E+16
8173,1.17121E+18,1,0,60,85,2017,12,16,5,3,5,2,0,1,0,0,0,2,1,5.7854E+20,5.96464E+21,1.01932E+16,5.38243E+16
8174,1.17112E+18,1,0,51,26,2017,11,23,3,3,8,1,0,0,0,0,1,2,1,5.17587E+20,5.99061E+21,9.26871E+15,5.40634E+16
8175,2.17012E+18,2,2,13,226,2017,1,10,4,3,3,6,0,1,0,0,1,0,0,5.52787E+20,5.93712E+21,9.79731E+15,5.35803E+16
8176,1.17112E+18,1,0,60,44,2017,11,19,3,3,5,2,1,1,0,0,0,2,1,5.63456E+20,5.96556E+21,9.96426E+15,5.38347E+16
8177,1.17102E+18,1,0,59,77,2017,10,13,1,3,5,3,0,1,0,1,0,0,1,5.31515E+20,6.04181E+21,9.48691E+15,5.45229E+16
8178,1.17121E+18,1,0,60,5,2017,12,18,5,3,0,7,1,1,0,0,0,2,1,5.849E+20,5.97731E+21,1.02933E+16,5.39372E+16
8179,1.17112E+18,1,0,60,12,2017,11,11,3,3,0,1,1,0,0,0,0,0,1,5.79488E+20,5.99063E+21,1.02144E+16,5.40577E+16
8180,2.17012E+18,2,1,12,130,2017,1,19,6,3,2,6,0,1,0,0,1,2,1,5.74648E+20,5.93092E+21,1.0126E+16,5.35219E+16
8181,1.17102E+18,1,0,51,11,2017,10,17,7,3,5,3,0,1,0,0,0,0,1,5.1136E+20,5.97386E+21,9.17294E+15,5.3913E+16
8182,1.17093E+18,1,0,54,14,2017,9,19,6,2,9,7,0,0,0,1,0,1,0,4.96646E+20,6.05372E+21,8.94805E+15,5.46309E+16
8183,1.17102E+18,1,0,61,12,2017,10,16,7,2,5,3,1,1,0,0,0,0,1,5.28071E+20,5.96266E+21,9.42632E+15,5.38117E+16
8184,1.17102E+18,1,0,62,53,2017,10,7,7,3,2,6,0,1,0,0,0,1,1,5.78029E+20,5.93327E+21,1.01775E+16,5.35425E+16
8185,1.17093E+18,1,0,1,0,2017,9,14,6,3,2,6,0,1,0,0,0,0,0,5.31423E+20,6.07296E+21,9.48884E+15,5.48028E+16
8186,1.17102E+18,1,0,62,61,2017,10,13,7,3,5,2,0,1,0,0,0,0,0,5.96953E+20,5.96468E+21,1.04728E+16,5.38216E+16
8187,1.17102E+18,1,0,55,46,2017,10,20,7,3,2,6,0,1,0,0,0,2,1,6.3913E+20,6.03381E+21,1.1145E+16,5.44329E+16
8188,1.17093E+18,1,0,53,31,2017,9,12,6,3,2,6,0,1,0,0,0,0,0,6.01128E+20,5.9365E+21,1.0527E+16,5.35676E+16
8189,1.17093E+18,1,0,53,10,2017,9,7,6,3,9,7,0,0,0,0,1,0,0,6.14382E+20,5.9336E+21,1.0726E+16,5.35388E+16
8190,1.17102E+18,1,0,58,123,2017,10,8,7,3,8,1,0,1,0,0,0,0,1,5.47956E+20,6.03315E+21,9.7395E+15,5.44437E+16
8191,1.17093E+18,1,0,53,37,2017,9,17,6,3,2,6,0,1,0,0,1,0,0,6.12371E+20,5.93457E+21,1.0696E+16,5.3548E+16
8192,1.17093E+18,1,0,58,146,2017,9,12,6,3,2,6,0,1,0,0,0,0,0,5.49439E+20,6.01697E+21,9.75967E+15,5.42982E+16
8193,2.17093E+18,2,3,9,321,2017,9,19,3,3,3,6,0,1,0,0,0,2,0,5.61979E+20,5.93706E+21,9.93612E+15,5.35787E+16
8194,2.17093E+18,2,3,4,316,2017,9,19,3,3,3,6,0,1,0,1,0,2,1,5.64043E+20,5.93759E+21,9.9674E+15,5.35832E+16
8195,2.17093E+18,2,3,4,316,2017,9,18,2,3,3,2,1,1,0,0,0,0,0,5.64193E+20,5.9377E+21,9.96968E+15,5.35842E+16
8196,2.17093E+18,2,4,3,406,2017,9,17,2,3,5,3,1,1,0,0,0,0,1,5.65295E+20,5.93984E+21,9.98678E+15,5.36033E+16
8197,2.17092E+18,2,7,13,714,2017,9,15,1,3,6,4,0,1,1,0,0,0,1,5.585E+20,5.92515E+21,9.88135E+15,5.34721E+16
8198,2.17092E+18,2,2,5,216,2017,9,12,1,3,5,3,0,1,0,1,0,0,0,5.59514E+20,5.93554E+21,9.8986E+15,5.35654E+16
8199,2.17092E+18,2,2,7,219,2017,9,5,1,3,2,6,0,1,0,0,0,2,0,5.59432E+20,5.9343E+21,9.89712E+15,5.35543E+16
8200,2.17092E+18,2,2,3,209,2017,9,20,1,3,1,7,1,1,0,0,0,2,0,5.6253E+20,5.93534E+21,9.94409E+15,5.35632E+16
8201,2.17061E+18,2,1,1,101,2017,6,16,7,3,0,1,0,0,0,1,0,0,0,5.66676E+20,5.93369E+21,1.00063E+16,5.35479E+16
8202,2.17092E+18,2,1,16,136,2017,9,13,7,3,2,6,0,1,0,0,1,0,0,5.67979E+20,5.92646E+21,1.00244E+16,5.34827E+16
8203,2.17061E+18,2,7,11,712,2017,6,8,6,3,2,6,0,1,0,0,0,0,0,5.60659E+20,5.92628E+21,9.91409E+15,5.3482E+16
8204,2.17092E+18,2,1,14,132,2017,9,17,7,3,0,6,0,1,0,1,0,0,0,5.68486E+20,5.93294E+21,1.00335E+16,5.35409E+16
8205,2.17061E+18,2,1,12,130,2017,6,17,6,3,2,6,0,1,0,0,0,0,1,5.75204E+20,5.93148E+21,1.01345E+16,5.35268E+16
8206,2.17061E+18,2,3,9,321,2017,6,16,6,3,2,6,0,1,0,0,1,0,1,5.60934E+20,5.9386E+21,9.92063E+15,5.35927E+16
8207,2.17061E+18,2,3,7,319,2017,6,16,6,3,2,6,0,1,0,0,0,0,1,5.62309E+20,5.94487E+21,9.94265E+15,5.36488E+16
8208,2.17092E+18,2,1,8,125,2017,9,23,7,3,2,6,0,1,0,0,0,2,0,5.70181E+20,5.93408E+21,1.00593E+16,5.35509E+16
8209,2.17061E+18,2,3,7,319,2017,6,13,6,3,2,6,0,1,0,0,0,0,0,5.62665E+20,5.94494E+21,9.94806E+15,5.36495E+16
8210,2.17061E+18,2,3,1,306,2017,6,14,6,3,2,6,0,1,0,0,0,0,0,5.63316E+20,5.93615E+21,9.95612E+15,5.35704E+16
8211,2.17061E+18,2,1,1,102,2017,6,7,6,3,2,6,0,1,0,0,0,0,0,5.65399E+20,5.93365E+21,9.98705E+15,5.35476E+16
8212,3.1701E+18,3,3,60,25,2017,1,2,1,2,6,4,0,1,1,0,0,2,1,6.07683E+20,5.86868E+21,1.0603E+16,5.29569E+16
8213,2.17061E+18,2,1,15,134,2017,6,22,5,3,2,6,0,1,0,0,1,2,0,5.67837E+20,5.93154E+21,1.00234E+16,5.35284E+16
8214,3.1701E+18,3,2,41,1,2017,1,21,1,3,5,3,0,1,0,0,1,2,1,5.55072E+20,5.80357E+21,9.80908E+15,5.23796E+16
8215,2.17061E+18,2,1,8,124,2017,6,21,5,3,2,2,0,1,0,0,0,1,0,5.69508E+20,5.9342E+21,1.00492E+16,5.35521E+16
8216,3.1701E+18,3,2,41,11,2017,1,23,1,3,3,6,0,1,0,0,0,2,0,5.70724E+20,5.80351E+21,1.0039E+16,5.23773E+16
8217,3.1701E+18,3,2,41,1,2017,1,17,1,3,2,6,0,1,0,0,0,2,0,5.59887E+20,5.80582E+21,9.88021E+15,5.23993E+16
8218,2.17061E+18,2,1,8,125,2017,6,13,5,3,4,2,0,1,0,0,0,0,1,5.70062E+20,5.9341E+21,1.00575E+16,5.35511E+16
8219,2.17061E+18,2,2,13,226,2017,6,11,5,2,5,3,0,1,0,0,0,0,0,5.5312E+20,5.93704E+21,9.80232E+15,5.35795E+16
8220,2.17061E+18,2,7,11,712,2017,6,8,4,3,3,6,0,1,0,0,1,0,0,5.60654E+20,5.92634E+21,9.91403E+15,5.34825E+16
8221,3.1701E+18,3,2,54,29,2017,1,16,1,3,8,1,0,1,0,0,0,0,0,5.74272E+20,5.78222E+21,1.00864E+16,5.21854E+16
8222,2.17061E+18,2,7,10,711,2017,6,12,4,3,5,3,0,1,0,0,1,0,1,5.62213E+20,5.92508E+21,9.93727E+15,5.3471E+16
8223,2.17061E+18,2,1,12,130,2017,6,15,4,3,2,6,0,1,0,0,0,0,1,5.74634E+20,5.93596E+21,1.01269E+16,5.35672E+16
8224,3.1701E+18,3,1,59,9,2017,1,23,1,3,8,1,0,1,0,0,0,2,0,5.54106E+20,5.70632E+21,9.77958E+15,5.15054E+16
8225,2.17061E+18,2,4,3,406,2017,6,10,4,3,1,6,0,1,0,0,0,0,0,5.66578E+20,5.94143E+21,1.00065E+16,5.36175E+16
8226,3.1701E+18,3,1,59,7,2017,1,15,1,3,4,1,0,1,0,0,0,0,1,5.5801E+20,5.7154E+21,9.83733E+15,5.15867E+16
8227,2.17061E+18,2,2,6,218,2017,6,18,4,3,6,3,0,1,1,0,0,0,1,5.58267E+20,5.93592E+21,9.87985E+15,5.35689E+16
8228,2.17123E+18,2,6,11,612,2017,12,7,1,3,8,1,0,1,0,0,0,2,1,5.71632E+20,5.92936E+21,1.00801E+16,5.35083E+16
8229,2.17061E+18,2,7,10,711,2017,6,16,3,3,2,6,0,1,0,0,1,0,1,5.61126E+20,5.92282E+21,9.92045E+15,5.34509E+16
8230,2.17123E+18,2,1,4,110,2017,12,16,1,3,5,2,1,1,0,0,0,2,1,5.63704E+20,5.93491E+21,9.96173E+15,5.35592E+16
8231,2.17061E+18,2,7,9,710,2017,6,15,3,3,2,6,0,1,0,0,0,0,0,5.6125E+20,5.92152E+21,9.92207E+15,5.34392E+16
8232,2.17123E+18,2,7,14,715,2017,12,13,7,3,2,6,0,1,0,0,0,0,1,5.57238E+20,5.92506E+21,9.86232E+15,5.34714E+16
8233,2.17092E+18,2,1,4,111,2017,9,17,7,3,5,3,1,0,0,1,1,0,0,5.63865E+20,5.93467E+21,9.9641E+15,5.3557E+16
8234,2.17061E+18,2,1,6,117,2017,6,16,3,3,6,4,0,1,1,0,0,0,1,5.68291E+20,5.93344E+21,1.00306E+16,5.35454E+16
8235,2.17123E+18,2,1,12,130,2017,12,20,7,2,0,7,0,1,0,1,1,2,1,5.73757E+20,5.93226E+21,1.01128E+16,5.35341E+16
8236,2.17123E+18,2,4,5,411,2017,12,14,7,3,2,2,0,1,0,0,0,0,1,5.67466E+20,5.93767E+21,1.00191E+16,5.35835E+16
8237,2.17092E+18,2,7,10,711,2017,9,16,5,3,5,3,0,1,0,0,0,0,0,5.61083E+20,5.92502E+21,9.92024E+15,5.34706E+16
8238,2.17061E+18,2,1,7,119,2017,6,9,3,3,1,6,0,1,0,1,0,0,0,5.68945E+20,5.93428E+21,1.00407E+16,5.35529E+16
8239,2.17123E+18,2,3,1,307,2017,12,14,7,3,2,6,0,1,0,0,0,0,1,5.63271E+20,5.93617E+21,9.95545E+15,5.35705E+16
8240,2.17092E+18,2,6,2,602,2017,9,21,5,3,5,7,0,1,0,0,0,2,0,5.80468E+20,5.92709E+21,1.02127E+16,5.34866E+16
8241,2.17123E+18,2,3,9,321,2017,12,22,6,3,3,6,0,1,0,0,0,2,1,5.61887E+20,5.93724E+21,9.93476E+15,5.35803E+16
8242,2.17092E+18,2,3,9,321,2017,9,17,5,3,5,3,0,1,0,0,1,0,0,5.61653E+20,5.93815E+21,9.93141E+15,5.35886E+16
8243,2.17092E+18,2,2,9,221,2017,9,13,5,3,2,6,0,1,0,0,0,0,0,5.56522E+20,5.93626E+21,9.85357E+15,5.35721E+16
8244,2.17123E+18,2,2,5,215,2017,12,13,6,3,6,2,0,1,1,0,0,0,0,5.61146E+20,5.93539E+21,9.9232E+15,5.35638E+16
8245,2.17092E+18,2,1,19,140,2017,9,16,5,3,2,6,0,1,0,0,0,0,0,5.61516E+20,5.93091E+21,9.92791E+15,5.35235E+16
8246,2.17092E+18,2,7,10,711,2017,9,8,4,3,3,6,0,1,0,0,1,0,0,5.59953E+20,5.92504E+21,9.90322E+15,5.34709E+16
8247,2.17092E+18,2,7,14,715,2017,9,9,4,2,5,2,0,1,0,0,0,0,0,5.56745E+20,5.92516E+21,9.85492E+15,5.34724E+16
8248,2.17092E+18,2,4,5,409,2017,9,19,4,3,2,6,0,1,0,0,0,1,0,5.66103E+20,5.93887E+21,9.99878E+15,5.35945E+16
8249,2.17123E+18,2,1,1,102,2017,12,13,6,3,2,6,0,1,0,0,0,0,0,5.65397E+20,5.93365E+21,9.98701E+15,5.35477E+16
8250,2.17092E+18,2,3,9,321,2017,9,16,3,3,3,2,1,1,0,0,0,0,0,5.61762E+20,5.9378E+21,9.93299E+15,5.35854E+16
8251,2.17123E+18,2,1,6,117,2017,12,18,4,3,2,6,0,1,0,0,0,2,1,5.68171E+20,5.93369E+21,1.00289E+16,5.35476E+16
8252,2.17092E+18,2,7,14,715,2017,9,12,2,3,2,6,0,1,0,0,0,0,0,5.57742E+20,5.9251E+21,9.86993E+15,5.34717E+16
8253,2.17123E+18,2,4,7,417,2017,12,16,4,3,0,7,1,0,1,0,0,1,1,5.6841E+20,5.93567E+21,1.00329E+16,5.35655E+16
8254,2.17092E+18,2,6,1,601,2017,9,17,2,3,4,6,1,0,0,0,0,0,0,5.79514E+20,5.92776E+21,1.01985E+16,5.34928E+16
8255,2.17123E+18,2,5,1,501,2017,12,22,3,3,3,2,1,1,0,0,0,2,1,5.68518E+20,5.93553E+21,1.00345E+16,5.35641E+16
8256,2.17061E+18,2,4,8,418,2017,6,16,3,3,1,6,0,1,0,0,0,0,1,5.67862E+20,5.93642E+21,1.00248E+16,5.35722E+16
8257,2.17122E+18,2,7,4,705,2017,12,18,7,3,2,6,0,1,0,0,0,2,1,5.64689E+20,5.92293E+21,9.97413E+15,5.34514E+16
8258,2.17122E+18,2,3,6,318,2017,12,8,6,3,5,2,1,1,0,0,0,0,0,5.63328E+20,5.94065E+21,9.95722E+15,5.36109E+16
8259,2.17122E+18,2,1,4,111,2017,12,11,6,3,2,2,0,1,0,0,1,0,1,5.64267E+20,5.93397E+21,9.97004E+15,5.35507E+16
8260,2.17122E+18,2,7,8,709,2017,12,11,5,3,2,6,0,1,0,0,0,0,0,5.61887E+20,5.92042E+21,9.93144E+15,5.34292E+16
8261,2.17092E+18,2,3,7,319,2017,9,9,2,3,4,2,1,0,0,0,1,0,0,5.60166E+20,5.94244E+21,9.90977E+15,5.36273E+16
8262,2.17122E+18,2,2,12,225,2017,12,14,5,3,0,3,1,1,0,0,0,0,1,5.5439E+20,5.93673E+21,9.82145E+15,5.35766E+16
8263,2.17092E+18,2,7,10,711,2017,9,16,1,3,4,2,0,1,0,0,0,0,1,5.62767E+20,5.92509E+21,9.94562E+15,5.34711E+16
8264,2.17122E+18,2,3,7,319,2017,12,21,5,2,5,3,0,1,0,0,0,2,0,5.61573E+20,5.94268E+21,9.9311E+15,5.36293E+16
8265,2.17092E+18,2,7,8,709,2017,9,16,1,3,2,6,0,1,0,0,0,0,1,5.61661E+20,5.92002E+21,9.92796E+15,5.34256E+16
8266,2.17122E+18,2,1,1,102,2017,12,15,5,2,6,6,1,0,1,0,0,0,0,5.65353E+20,5.93366E+21,9.98636E+15,5.35478E+16
8267,2.17092E+18,2,1,6,115,2017,9,10,1,3,2,6,0,1,0,0,0,0,0,5.67337E+20,5.93345E+21,1.00163E+16,5.35457E+16
8268,2.17092E+18,2,2,6,218,2017,9,14,1,3,2,6,0,1,0,0,1,0,1,5.59489E+20,5.93504E+21,9.89813E+15,5.35608E+16
8269,2.17092E+18,2,2,5,215,2017,9,13,1,3,3,6,0,1,0,0,1,0,0,5.61152E+20,5.93539E+21,9.92331E+15,5.35638E+16
8270,2.17092E+18,2,2,3,209,2017,9,15,1,3,3,6,0,1,0,0,0,0,1,5.62742E+20,5.93528E+21,9.94728E+15,5.35626E+16