OBJECTID,UIDENTSTLA,ULAND,UREGBEZ,UKREIS,UGEMEINDE,UJAHR,UMONAT,USTUNDE,UWOCHENTAG,UKATEGORIE,UART,UTYP1,IstRad,IstPKW,IstFuss,IstKrad,IstSonstig,LICHT,STRZUSTAND,LINREFX,LINREFY,XGCSWGS84,YGCSWGS84
8271,2.17092E+18,2,1,16,136,2017,9,9,7,3,2,6,0,1,0,0,0,0,0,5.68615E+20,5.92775E+21,1.00343E+16,5.34942E+16
8272,2.17092E+18,2,3,1,307,2017,9,9,7,3,0,7,1,0,0,0,0,0,0,5.63315E+20,5.93615E+21,9.95611E+15,5.35704E+16
8273,2.17092E+18,2,7,1,701,2017,9,17,6,3,0,7,1,0,0,0,0,0,0,5.65022E+20,5.92438E+21,9.97944E+15,5.34644E+16
8274,2.17092E+18,2,2,7,219,2017,9,8,6,3,3,6,0,1,0,0,1,0,0,5.59498E+20,5.93485E+21,9.89822E+15,5.35591E+16
8275,2.17092E+18,2,4,2,403,2017,9,7,6,2,6,4,0,0,1,0,1,0,1,5.65118E+20,5.93859E+21,9.98384E+15,5.35921E+16
8276,2.17091E+18,2,4,7,417,2017,9,17,5,2,6,3,1,0,1,0,0,0,0,5.68655E+20,5.9353E+21,1.00365E+16,5.35621E+16
8277,2.17061E+18,2,1,1,101,2017,6,18,3,3,2,6,0,1,0,0,0,0,0,5.66605E+20,5.93367E+21,1.00053E+16,5.35477E+16
8278,2.17091E+18,2,3,9,321,2017,9,9,5,3,5,3,0,1,0,0,0,0,0,5.61652E+20,5.93816E+21,9.9314E+15,5.35886E+16
8279,2.1706E+18,2,7,14,715,2017,6,19,7,3,2,6,0,1,0,0,0,0,0,5.54673E+20,5.92495E+21,9.82367E+15,5.34707E+16
8280,2.17091E+18,2,2,5,216,2017,9,14,5,3,3,6,0,1,0,0,1,0,0,5.60231E+20,5.93559E+21,9.90944E+15,5.35657E+16
8281,2.1706E+18,2,1,16,136,2017,6,14,7,3,2,6,0,1,0,0,0,0,1,5.68585E+20,5.92769E+21,1.00338E+16,5.34937E+16
8282,2.1706E+18,2,1,6,117,2017,6,12,7,3,3,2,0,1,0,0,0,0,1,5.68008E+20,5.93411E+21,1.00265E+16,5.35515E+16
8283,2.17091E+18,2,3,6,318,2017,9,14,5,3,2,6,0,1,0,0,0,0,0,5.62575E+20,5.94163E+21,9.94603E+15,5.36197E+16
8284,2.17091E+18,2,3,7,319,2017,9,8,5,3,5,3,1,1,0,0,0,0,0,5.61622E+20,5.94262E+21,9.93183E+15,5.36288E+16
8285,2.1706E+18,2,1,19,140,2017,6,15,7,3,2,6,0,1,0,0,0,0,0,5.61554E+20,5.93091E+21,9.92849E+15,5.35235E+16
8286,2.1706E+18,2,4,2,404,2017,6,12,7,3,9,6,0,1,0,0,0,0,1,5.65715E+20,5.93867E+21,9.99287E+15,5.35928E+16
8287,2.17091E+18,2,3,1,307,2017,9,9,5,3,0,4,1,0,1,0,0,0,0,5.62949E+20,5.93638E+21,9.95062E+15,5.35725E+16
8288,2.1706E+18,2,7,13,714,2017,6,12,6,3,5,3,1,1,0,0,0,0,0,5.5827E+20,5.92513E+21,9.87789E+15,5.3472E+16
8289,2.17091E+18,2,7,14,715,2017,9,19,4,3,2,6,0,1,0,0,0,0,1,5.53816E+20,5.92463E+21,9.81071E+15,5.34679E+16
8290,2.1706E+18,2,7,3,704,2017,6,10,6,3,2,6,0,1,0,0,0,0,0,5.68359E+20,5.92278E+21,1.00294E+16,5.34496E+16
8291,2.1706E+18,2,6,2,603,2017,6,13,6,2,3,6,0,1,0,0,1,0,0,5.80272E+20,5.92591E+21,1.02095E+16,5.34761E+16
8292,2.1706E+18,2,1,16,136,2017,6,9,6,3,3,6,0,1,0,0,1,0,0,5.70731E+20,5.92943E+21,1.00666E+16,5.3509E+16
8293,2.1706E+18,2,1,12,130,2017,6,19,6,3,2,6,0,1,0,0,0,0,0,5.74988E+20,5.9316E+21,1.01313E+16,5.3528E+16
8294,2.1706E+18,2,1,6,117,2017,6,7,6,3,3,3,1,1,0,0,0,0,0,5.68323E+20,5.93333E+21,1.00311E+16,5.35444E+16
8295,2.17122E+18,2,1,15,134,2017,12,17,4,3,2,6,0,1,0,0,0,2,1,5.67858E+20,5.93094E+21,1.00236E+16,5.3523E+16
8296,2.1706E+18,2,1,19,140,2017,6,13,6,3,2,6,0,1,0,0,0,0,0,5.61647E+20,5.93236E+21,9.93017E+15,5.35365E+16
8297,2.1706E+18,2,3,9,321,2017,6,9,6,3,4,2,1,1,0,0,0,0,0,5.62152E+20,5.93673E+21,9.93867E+15,5.35757E+16
8298,2.17122E+18,2,6,9,610,2017,12,7,4,3,2,6,0,1,0,0,0,2,1,5.76765E+20,5.92614E+21,1.01567E+16,5.34787E+16
8299,2.1706E+18,2,2,1,206,2017,6,14,6,3,4,6,1,0,0,0,0,0,0,5.63545E+20,5.93503E+21,9.95936E+15,5.35603E+16
8300,2.17122E+18,2,1,8,124,2017,12,13,4,3,2,6,0,1,0,0,0,0,1,5.69366E+20,5.93423E+21,1.0047E+16,5.35524E+16
8301,2.1706E+18,2,1,16,136,2017,6,8,5,3,3,6,0,1,0,0,1,0,0,5.68697E+20,5.92796E+21,1.00356E+16,5.34961E+16
8302,2.17122E+18,2,3,8,320,2017,12,17,4,3,2,6,0,1,0,0,0,2,1,5.60421E+20,5.9416E+21,9.91347E+15,5.36197E+16
8303,2.1706E+18,2,1,14,132,2017,6,14,5,3,1,6,0,1,0,0,0,0,0,5.68466E+20,5.93301E+21,1.00332E+16,5.35415E+16
8304,2.17122E+18,2,3,8,320,2017,12,15,4,3,5,2,0,1,0,0,1,0,1,5.60031E+20,5.94139E+21,9.90753E+15,5.36179E+16
8305,2.1706E+18,2,3,6,318,2017,6,12,5,3,6,3,1,0,1,0,0,0,0,5.62053E+20,5.94225E+21,9.93827E+15,5.36253E+16
8306,2.17122E+18,2,3,4,316,2017,12,13,4,3,3,2,1,1,0,0,0,0,1,5.63985E+20,5.93747E+21,9.96649E+15,5.35821E+16
8307,2.17053E+18,2,6,2,603,2017,5,7,4,3,4,2,1,1,0,0,0,0,0,5.81035E+20,5.92721E+21,1.02213E+16,5.34876E+16
8308,2.17122E+18,2,7,12,713,2017,12,6,3,3,3,6,0,1,0,0,1,2,1,5.60479E+20,5.92903E+21,9.91191E+15,5.35068E+16
8309,2.17122E+18,2,6,2,602,2017,12,17,3,3,5,2,1,1,0,0,0,0,0,5.80674E+20,5.92705E+21,1.02158E+16,5.34862E+16
8310,2.17091E+18,2,3,8,320,2017,9,13,4,3,3,6,0,1,0,0,0,0,1,5.59323E+20,5.94188E+21,9.89692E+15,5.36224E+16
8311,2.17053E+18,2,6,2,603,2017,5,7,4,3,3,2,1,0,0,0,0,0,0,5.81444E+20,5.92649E+21,1.02273E+16,5.3481E+16
8312,2.17091E+18,2,6,11,612,2017,9,20,3,3,8,1,0,1,0,0,0,2,1,5.71588E+20,5.92938E+21,1.00795E+16,5.35085E+16
8313,2.17122E+18,2,1,8,121,2017,12,13,3,3,4,2,1,1,0,0,0,0,0,5.68855E+20,5.93483E+21,1.00395E+16,5.35578E+16
8314,2.17091E+18,2,1,3,106,2017,9,16,3,3,2,6,0,1,0,0,0,0,0,5.64593E+20,5.93384E+21,9.97493E+15,5.35495E+16
8315,2.17091E+18,2,6,3,604,2017,9,5,2,3,3,6,0,1,0,0,0,2,0,5.79765E+20,5.92574E+21,1.02018E+16,5.34746E+16
8316,2.17122E+18,2,1,6,117,2017,12,22,3,3,5,3,0,1,0,0,0,2,1,5.67973E+20,5.9341E+21,1.0026E+16,5.35513E+16
8317,2.17091E+18,2,1,6,117,2017,9,12,2,3,4,2,0,1,0,0,1,0,0,5.68293E+20,5.93343E+21,1.00307E+16,5.35454E+16
8318,2.17091E+18,2,4,3,406,2017,9,11,2,3,2,6,0,1,0,0,0,0,0,5.65165E+20,5.93965E+21,9.98477E+15,5.36016E+16
8319,2.17091E+18,2,1,8,125,2017,9,13,1,3,0,7,0,0,0,0,1,0,0,5.70543E+20,5.93401E+21,1.00648E+16,5.35502E+16
8320,2.17091E+18,2,3,8,320,2017,9,15,1,3,4,2,0,1,0,0,0,0,0,5.60031E+20,5.94139E+21,9.90753E+15,5.36179E+16
8321,2.17091E+18,2,7,13,714,2017,9,22,7,2,5,2,0,1,0,0,0,2,0,5.59821E+20,5.92505E+21,9.90124E+15,5.3471E+16
8322,2.17122E+18,2,1,6,117,2017,12,8,3,3,5,3,1,1,0,0,0,0,1,5.68011E+20,5.9341E+21,1.00266E+16,5.35514E+16
8323,2.17091E+18,2,7,8,709,2017,9,16,7,3,4,7,0,1,0,0,0,0,1,5.61997E+20,5.92098E+21,9.9332E+15,5.34342E+16
8324,2.17053E+18,2,1,8,124,2017,5,16,4,3,2,6,0,1,0,0,0,0,0,5.69257E+20,5.93425E+21,1.00454E+16,5.35525E+16
8325,2.17053E+18,2,1,14,133,2017,5,9,4,3,1,6,0,1,0,0,0,0,0,5.68324E+20,5.93256E+21,1.0031E+16,5.35375E+16
8326,2.17122E+18,2,1,8,124,2017,12,11,3,3,3,3,1,1,1,0,0,0,1,5.69615E+20,5.93418E+21,1.00508E+16,5.35519E+16
8327,2.17053E+18,2,4,5,409,2017,5,20,4,3,5,2,0,1,0,1,0,0,0,5.66326E+20,5.93866E+21,1.00021E+16,5.35926E+16
8328,2.17053E+18,2,7,10,711,2017,5,15,3,3,6,4,0,1,1,0,0,0,0,5.61403E+20,5.92459E+21,9.92497E+15,5.34667E+16
8329,2.17122E+18,2,1,6,117,2017,12,18,3,3,4,2,1,1,0,0,0,2,1,5.68004E+20,5.93312E+21,1.00262E+16,5.35425E+16
8330,2.17053E+18,2,7,11,712,2017,5,8,3,3,2,6,0,1,0,0,1,0,0,5.60615E+20,5.92724E+21,9.91361E+15,5.34906E+16
8331,2.17053E+18,2,3,8,320,2017,5,19,3,3,5,2,0,1,0,0,0,0,0,5.60071E+20,5.94168E+21,9.90819E+15,5.36204E+16
8332,2.17122E+18,2,4,3,406,2017,12,6,3,3,2,6,0,1,0,0,0,2,1,5.66666E+20,5.94153E+21,1.00078E+16,5.36183E+16
8333,2.17053E+18,2,3,5,317,2017,5,17,3,3,3,2,0,1,0,0,1,0,0,5.63639E+20,5.9399E+21,9.96177E+15,5.36041E+16
8334,2.17053E+18,2,4,5,409,2017,5,17,2,3,2,6,0,1,0,1,0,0,0,5.66508E+20,5.93859E+21,1.00048E+16,5.3592E+16
8335,2.17122E+18,2,3,6,318,2017,12,7,3,3,3,6,0,1,0,0,0,1,1,5.62854E+20,5.94141E+21,9.95021E+15,5.36177E+16
8336,2.17053E+18,2,2,5,215,2017,5,9,2,3,0,6,0,1,0,0,1,0,0,5.6134E+20,5.93538E+21,9.92613E+15,5.35637E+16
8337,2.17122E+18,2,3,5,317,2017,12,11,3,3,5,7,0,1,0,0,1,0,0,5.63709E+20,5.93961E+21,9.96276E+15,5.36014E+16
8338,2.17122E+18,2,2,3,209,2017,12,7,3,3,5,2,1,0,0,0,1,2,1,5.62613E+20,5.93532E+21,9.94535E+15,5.35631E+16
8339,2.17091E+18,2,2,9,221,2017,9,11,7,3,5,3,1,1,0,0,0,0,1,5.56259E+20,5.93631E+21,9.8496E+15,5.35727E+16
8340,2.17053E+18,2,2,5,216,2017,5,8,2,3,3,2,1,1,0,0,0,0,0,5.6059E+20,5.93549E+21,9.91484E+15,5.35648E+16
8341,2.17122E+18,2,7,10,711,2017,12,17,2,3,6,4,0,1,1,0,0,2,0,5.62751E+20,5.92509E+21,9.94538E+15,5.34711E+16
8342,2.17091E+18,2,3,6,318,2017,9,17,7,3,3,7,0,1,0,1,0,0,1,5.62682E+20,5.9415E+21,9.94762E+15,5.36186E+16
8343,2.17122E+18,2,6,2,603,2017,12,16,2,3,5,2,1,1,0,0,0,2,0,5.813E+20,5.92725E+21,1.02253E+16,5.34879E+16
8344,2.17091E+18,2,4,2,405,2017,9,15,7,3,4,2,0,1,0,0,0,0,1,5.65118E+20,5.939E+21,9.98393E+15,5.35958E+16
8345,2.17091E+18,2,1,3,107,2017,9,2,7,3,0,7,0,0,0,1,0,2,1,5.65214E+20,5.93371E+21,9.98427E+15,5.35482E+16
8346,2.17122E+18,2,6,1,601,2017,12,16,2,3,3,2,0,1,0,0,1,1,0,5.79788E+20,5.92757E+21,1.02026E+16,5.3491E+16
8347,2.17091E+18,2,1,3,106,2017,9,14,7,3,0,7,0,0,0,1,0,0,1,5.6477E+20,5.93383E+21,9.97759E+15,5.35493E+16
8348,2.17091E+18,2,6,1,601,2017,9,10,6,3,2,6,0,1,0,0,1,0,1,5.77695E+20,5.92988E+21,1.01717E+16,5.35121E+16
8349,2.17091E+18,2,1,12,130,2017,9,14,6,3,2,6,0,1,0,0,0,0,1,5.74147E+20,5.93587E+21,1.01196E+16,5.35664E+16
8350,2.17091E+18,2,4,5,409,2017,9,17,6,3,6,4,0,1,1,0,0,0,1,5.66069E+20,5.93886E+21,9.99827E+15,5.35944E+16
8351,2.17091E+18,2,4,6,415,2017,9,14,6,3,1,6,0,1,0,0,0,0,1,5.68024E+20,5.93619E+21,1.00272E+16,5.35701E+16
8352,2.17091E+18,2,1,19,140,2017,9,6,6,3,3,6,0,1,0,0,1,0,1,5.61663E+20,5.93111E+21,9.93016E+15,5.35253E+16
8353,2.17091E+18,2,4,12,431,2017,9,9,5,2,5,3,1,1,0,0,0,0,0,5.66872E+20,5.94215E+21,1.00111E+16,5.36238E+16
8354,2.17091E+18,2,3,4,316,2017,9,15,5,2,5,4,1,0,1,0,0,0,0,5.64004E+20,5.93751E+21,9.96678E+15,5.35825E+16
8355,2.17091E+18,2,3,4,316,2017,9,17,5,3,6,3,1,0,1,0,0,0,0,5.63901E+20,5.93735E+21,9.9652E+15,5.35811E+16
8356,2.17091E+18,2,3,6,318,2017,9,7,4,3,0,3,1,1,0,0,0,0,1,5.63129E+20,5.94082E+21,9.95424E+15,5.36124E+16
8357,2.17091E+18,2,1,1,102,2017,9,12,4,3,2,6,0,1,0,0,1,0,1,5.65295E+20,5.93368E+21,9.98548E+15,5.35479E+16
8358,2.17053E+18,2,3,8,320,2017,5,13,1,3,2,6,0,1,0,0,1,0,0,5.60733E+20,5.9404E+21,9.91794E+15,5.36089E+16
8359,2.17091E+18,2,7,14,715,2017,9,5,3,3,2,6,0,1,0,0,1,2,0,5.57903E+20,5.92511E+21,9.87235E+15,5.34718E+16
8360,2.17091E+18,2,1,6,115,2017,9,7,3,3,1,6,0,1,0,0,0,0,0,5.66765E+20,5.9337E+21,1.00077E+16,5.3548E+16
8361,2.17053E+18,2,7,14,715,2017,5,20,7,3,2,6,0,1,0,0,0,0,0,5.56944E+20,5.92507E+21,9.8579E+15,5.34715E+16
8362,2.17091E+18,2,3,9,321,2017,9,7,3,3,2,6,0,1,0,0,0,0,0,5.6103E+20,5.93875E+21,9.92212E+15,5.35941E+16
8363,2.17091E+18,2,3,1,305,2017,9,18,3,3,3,2,1,1,0,0,0,0,0,5.63533E+20,5.93664E+21,9.95949E+15,5.35748E+16
8364,2.17053E+18,2,7,14,715,2017,5,12,7,3,3,2,1,1,0,0,0,0,0,5.5673E+20,5.92517E+21,9.85469E+15,5.34724E+16
8365,2.1709E+18,2,4,6,415,2017,9,6,2,3,0,2,0,1,0,1,0,0,0,5.68076E+20,5.93612E+21,1.0028E+16,5.35695E+16
8366,2.17053E+18,2,7,14,715,2017,5,12,6,3,3,2,1,0,0,0,0,0,0,5.5592E+20,5.92517E+21,9.84248E+15,5.34726E+16
8367,2.1709E+18,2,3,8,320,2017,9,15,2,3,3,6,0,1,0,0,1,0,0,5.60629E+20,5.9407E+21,9.91644E+15,5.36116E+16
8368,2.17053E+18,2,3,9,321,2017,5,13,6,3,2,6,0,1,0,0,1,0,0,5.61942E+20,5.93713E+21,9.93556E+15,5.35794E+16
8369,2.17122E+18,2,4,2,405,2017,12,14,2,3,2,6,0,1,0,0,1,0,0,5.65651E+20,5.93867E+21,9.99191E+15,5.35927E+16
8370,2.17053E+18,2,1,1,102,2017,5,9,6,2,3,6,0,0,0,1,1,0,0,5.65449E+20,5.93363E+21,9.9878E+15,5.35475E+16
8371,2.17053E+18,2,1,16,136,2017,5,9,5,2,2,6,0,1,0,1,0,0,0,5.68698E+20,5.92792E+21,1.00356E+16,5.34957E+16
8372,2.17053E+18,2,1,19,140,2017,5,19,5,2,0,6,0,1,0,1,0,0,0,5.61596E+20,5.93241E+21,9.92941E+15,5.3537E+16
8373,2.17122E+18,2,1,8,124,2017,12,21,1,3,2,2,0,1,0,0,0,2,0,5.69287E+20,5.93424E+21,1.00458E+16,5.35525E+16
8374,2.17053E+18,2,4,2,405,2017,5,11,5,3,2,6,0,1,0,0,0,0,0,5.65114E+20,5.93954E+21,9.98398E+15,5.36007E+16
8375,2.17053E+18,2,3,4,316,2017,5,11,5,3,2,6,0,1,0,0,0,0,0,5.64159E+20,5.93767E+21,9.96917E+15,5.3584E+16
8376,2.17122E+18,2,1,8,124,2017,12,14,1,3,1,6,0,1,0,0,0,0,0,5.69698E+20,5.93417E+21,1.0052E+16,5.35518E+16
8377,2.17053E+18,2,1,3,106,2017,5,17,5,3,1,6,1,0,0,0,0,0,0,5.64329E+20,5.93393E+21,9.97096E+15,5.35503E+16
8378,2.17122E+18,2,3,6,318,2017,12,11,1,3,4,2,1,1,0,0,0,0,0,5.64297E+20,5.94451E+21,9.97266E+15,5.36454E+16
8379,2.17052E+18,2,7,10,711,2017,5,20,4,3,4,2,0,1,0,0,0,1,0,5.63287E+20,5.92505E+21,9.95344E+15,5.34706E+16
8380,2.17122E+18,2,3,5,317,2017,12,21,1,3,0,1,0,0,0,1,0,2,2,5.64119E+20,5.9379E+21,9.9686E+15,5.35861E+16
8381,2.17052E+18,2,2,7,219,2017,5,16,4,3,2,6,0,1,0,1,0,0,0,5.59482E+20,5.9342E+21,9.89786E+15,5.35533E+16
8382,2.17122E+18,2,7,14,715,2017,12,21,6,2,4,2,0,1,0,1,0,2,0,5.56746E+20,5.92516E+21,9.85493E+15,5.34724E+16
8383,2.17052E+18,2,2,6,218,2017,5,13,4,3,2,6,0,1,0,0,0,0,0,5.58151E+20,5.936E+21,9.87811E+15,5.35696E+16
8384,2.17122E+18,2,6,2,602,2017,12,7,6,2,6,6,1,0,1,0,0,1,0,5.79883E+20,5.92731E+21,1.0204E+16,5.34887E+16
8385,2.17052E+18,2,7,14,715,2017,5,15,3,3,2,6,0,0,0,0,1,0,1,5.56347E+20,5.9252E+21,9.84893E+15,5.34727E+16
8386,2.17052E+18,2,7,3,704,2017,5,15,3,3,9,1,0,1,0,0,0,0,1,5.68394E+20,5.92229E+21,1.00298E+16,5.34452E+16
8387,2.1709E+18,2,2,12,225,2017,9,17,1,3,4,2,0,1,0,0,0,0,0,5.54225E+20,5.93677E+21,9.81896E+15,5.3577E+16
8388,2.17052E+18,2,4,5,409,2017,5,16,3,3,2,6,0,1,0,0,0,0,0,5.65912E+20,5.9388E+21,9.99587E+15,5.35939E+16
8389,2.17052E+18,2,1,6,115,2017,5,16,2,3,0,1,0,0,0,1,0,0,0,5.67616E+20,5.93327E+21,1.00204E+16,5.3544E+16
8390,2.17052E+18,2,4,1,402,2017,5,8,2,3,5,2,1,0,0,0,1,0,0,5.64481E+20,5.93795E+21,9.97408E+15,5.35864E+16
8391,2.17122E+18,2,3,8,320,2017,12,17,6,3,3,6,0,1,0,0,1,2,2,5.60623E+20,5.94072E+21,9.91635E+15,5.36118E+16
8392,2.17052E+18,2,7,13,714,2017,5,13,1,3,8,2,0,1,0,0,1,0,0,5.59824E+20,5.92505E+21,9.90128E+15,5.3471E+16
8393,2.17122E+18,2,2,5,217,2017,12,7,6,3,6,7,1,0,1,0,0,0,0,5.59188E+20,5.93567E+21,9.8937E+15,5.35666E+16
8394,2.17121E+18,2,3,9,321,2017,12,19,5,3,5,3,1,1,0,0,0,2,1,5.61711E+20,5.93797E+21,9.93224E+15,5.35869E+16
8395,2.17052E+18,2,6,2,603,2017,5,5,1,3,8,1,0,1,0,0,0,0,0,5.80697E+20,5.92703E+21,1.02162E+16,5.3486E+16
8396,2.17052E+18,2,1,12,130,2017,5,13,1,3,2,6,0,1,0,0,0,0,0,5.76242E+20,5.93437E+21,1.01508E+16,5.35527E+16
8397,2.17121E+18,2,2,9,221,2017,12,12,5,3,2,6,0,1,0,0,0,0,1,5.56257E+20,5.93631E+21,9.84956E+15,5.35727E+16
8398,2.17052E+18,2,1,11,129,2017,5,11,1,3,2,6,0,1,0,0,0,0,0,5.73087E+20,5.93567E+21,1.01035E+16,5.35648E+16
8399,2.17052E+18,2,3,5,317,2017,5,22,1,3,3,6,0,1,0,0,0,2,0,5.63743E+20,5.93951E+21,9.96325E+15,5.36005E+16
8400,2.17121E+18,2,3,1,304,2017,12,16,5,3,5,3,0,1,0,0,0,2,1,5.62463E+20,5.93636E+21,9.94328E+15,5.35724E+16
8401,2.17052E+18,2,2,9,221,2017,5,11,7,3,3,2,1,1,0,0,0,0,0,5.55446E+20,5.93643E+21,9.83734E+15,5.35738E+16
8402,2.17052E+18,2,2,5,215,2017,5,10,7,3,3,6,0,1,0,0,0,0,0,5.61178E+20,5.93539E+21,9.92369E+15,5.35638E+16
8403,2.17121E+18,2,1,1,101,2017,12,1,5,3,4,2,0,1,0,0,0,2,1,5.66054E+20,5.93364E+21,9.99693E+15,5.35475E+16
8404,2.17052E+18,2,3,5,317,2017,5,19,7,3,2,6,0,1,0,0,1,0,0,5.63616E+20,5.94001E+21,9.96143E+15,5.3605E+16
8405,2.17121E+18,2,7,10,711,2017,12,17,4,2,4,2,0,1,0,1,0,2,1,5.62763E+20,5.92509E+21,9.94556E+15,5.34711E+16
8406,2.17052E+18,2,3,5,317,2017,5,10,7,3,2,6,0,1,0,0,0,0,0,5.63617E+20,5.94E+21,9.96145E+15,5.3605E+16
8407,2.17121E+18,2,4,5,409,2017,12,19,4,3,2,6,0,1,0,0,1,2,1,5.66364E+20,5.93865E+21,1.00027E+16,5.35925E+16
8408,2.17121E+18,2,4,5,409,2017,12,7,4,3,3,2,1,1,0,0,0,1,1,5.66107E+20,5.93887E+21,9.99884E+15,5.35945E+16
8409,2.1709E+18,2,3,6,318,2017,9,18,7,2,5,7,0,1,0,1,0,0,0,5.62725E+20,5.94148E+21,9.94827E+15,5.36184E+16
8410,2.17052E+18,2,1,4,111,2017,5,17,7,3,3,6,0,1,0,1,0,0,0,5.6386E+20,5.93471E+21,9.96404E+15,5.35574E+16
8411,2.17121E+18,2,2,14,227,2017,12,21,4,3,5,3,0,1,0,0,0,2,1,5.49885E+20,5.93744E+21,9.75353E+15,5.35834E+16
8412,2.1709E+18,2,3,7,319,2017,9,13,7,3,5,3,0,1,0,0,0,0,0,5.62407E+20,5.94489E+21,9.94415E+15,5.3649E+16
8413,2.17052E+18,2,1,3,106,2017,5,3,7,1,6,4,0,1,1,0,0,2,1,5.64482E+20,5.93387E+21,9.97326E+15,5.35498E+16
8414,2.17121E+18,2,2,5,215,2017,12,17,4,3,2,2,0,1,0,0,0,2,1,5.61133E+20,5.93539E+21,9.92302E+15,5.35638E+16
8415,2.1709E+18,2,6,1,601,2017,9,6,6,3,3,7,0,1,0,0,0,0,0,5.79347E+20,5.92788E+21,1.01961E+16,5.34939E+16
8416,2.1709E+18,2,1,7,120,2017,9,15,6,3,2,6,0,1,0,0,0,0,0,5.67981E+20,5.93445E+21,1.00262E+16,5.35546E+16
8417,2.17121E+18,2,4,2,403,2017,12,13,4,2,4,7,0,0,0,1,1,0,1,5.65124E+20,5.93863E+21,9.98394E+15,5.35925E+16
8418,2.1709E+18,2,3,8,320,2017,9,11,6,3,5,3,0,1,0,0,1,0,0,5.60465E+20,5.94168E+21,9.91415E+15,5.36204E+16
8419,2.1709E+18,2,1,1,101,2017,9,17,6,3,4,6,1,0,0,0,0,0,0,5.66295E+20,5.93366E+21,1.00006E+16,5.35476E+16
8420,2.1709E+18,2,1,3,106,2017,9,13,6,3,3,6,0,1,0,0,0,0,0,5.64334E+20,5.93392E+21,9.97104E+15,5.35503E+16
8421,2.17083E+18,2,7,14,715,2017,8,14,5,3,5,3,1,1,0,0,0,0,0,5.5619E+20,5.9252E+21,9.84657E+15,5.34728E+16
8422,2.17083E+18,2,7,10,711,2017,8,6,5,3,5,3,0,1,0,0,0,1,0,5.64771E+20,5.92451E+21,9.97569E+15,5.34656E+16
8423,2.17083E+18,2,2,9,221,2017,8,5,5,3,4,2,1,0,0,0,1,2,1,5.56149E+20,5.93633E+21,9.84795E+15,5.35728E+16
8424,2.17121E+18,2,1,3,106,2017,12,16,4,3,6,3,0,1,1,0,0,2,1,5.64765E+20,5.93383E+21,9.97752E+15,5.35494E+16
8425,2.17083E+18,2,2,5,216,2017,8,13,5,3,5,2,0,0,0,0,1,0,0,5.60387E+20,5.93558E+21,9.91179E+15,5.35656E+16
8426,2.17121E+18,2,7,2,703,2017,12,8,3,3,2,6,0,1,0,0,1,0,1,5.68087E+20,5.92432E+21,1.00256E+16,5.34634E+16
8427,2.17083E+18,2,7,2,703,2017,8,7,4,3,2,6,0,1,0,0,0,0,0,5.6801E+20,5.92462E+21,1.00245E+16,5.34662E+16
8428,2.17083E+18,2,4,2,403,2017,8,6,4,3,5,3,1,1,0,0,0,0,0,5.65116E+20,5.93858E+21,9.9838E+15,5.3592E+16
8429,2.17083E+18,2,6,11,612,2017,8,15,3,2,3,6,0,1,0,0,1,0,0,5.71008E+20,5.92937E+21,1.00707E+16,5.35085E+16
8430,2.17083E+18,2,3,1,307,2017,8,14,3,3,0,7,0,1,0,0,1,0,0,5.63079E+20,5.93627E+21,9.95257E+15,5.35715E+16
8431,2.17083E+18,2,7,13,714,2017,8,16,2,3,2,6,0,1,0,0,0,0,0,5.58578E+20,5.92516E+21,9.88252E+15,5.34721E+16
8432,2.17083E+18,2,6,2,602,2017,8,15,2,3,6,3,1,0,1,0,0,0,0,5.80659E+20,5.92704E+21,1.02156E+16,5.34861E+16
8433,2.17052E+18,2,7,14,715,2017,5,17,6,3,5,3,1,1,0,0,0,0,0,5.56189E+20,5.9252E+21,9.84655E+15,5.34728E+16
8434,2.17083E+18,2,1,7,119,2017,8,17,2,2,6,4,0,0,1,0,1,0,0,5.67955E+20,5.93425E+21,1.00258E+16,5.35528E+16
8435,2.17083E+18,2,3,9,321,2017,8,12,2,3,5,3,0,1,0,0,1,0,0,5.6106E+20,5.93881E+21,9.92258E+15,5.35946E+16
8436,2.17083E+18,2,2,9,221,2017,8,20,2,2,3,2,1,1,0,0,0,2,0,5.56635E+20,5.93624E+21,9.85527E+15,5.3572E+16
8437,2.17052E+18,2,2,5,216,2017,5,22,6,3,2,6,0,1,0,0,0,2,1,5.60388E+20,5.93557E+21,9.9118E+15,5.35656E+16
8438,2.17083E+18,2,1,4,110,2017,8,7,2,3,2,6,0,1,0,0,1,0,0,5.63715E+20,5.9349E+21,9.96189E+15,5.35591E+16
8439,2.17052E+18,2,1,6,115,2017,5,7,5,3,1,6,0,1,0,0,0,0,0,5.6777E+20,5.9332E+21,1.00227E+16,5.35433E+16
8440,2.17083E+18,2,7,14,715,2017,8,16,7,3,0,7,1,1,0,0,0,0,0,5.56267E+20,5.9252E+21,9.84773E+15,5.34728E+16
8441,2.17052E+18,2,2,3,208,2017,5,20,5,3,5,3,1,0,0,0,0,2,0,5.63109E+20,5.93519E+21,9.9528E+15,5.35618E+16
8442,2.17083E+18,2,3,7,319,2017,8,12,7,3,5,3,0,1,0,0,0,0,0,5.61034E+20,5.94327E+21,9.92306E+15,5.36346E+16
8443,2.17083E+18,2,2,3,209,2017,8,10,7,3,5,3,1,1,0,0,0,0,0,5.62374E+20,5.93537E+21,9.94174E+15,5.35635E+16
8444,2.17083E+18,2,1,1,102,2017,8,10,7,3,2,6,0,1,0,0,1,0,0,5.65438E+20,5.93364E+21,9.98764E+15,5.35476E+16