OBJECTID,UIDENTSTLA,ULAND,UREGBEZ,UKREIS,UGEMEINDE,UJAHR,UMONAT,USTUNDE,UWOCHENTAG,UKATEGORIE,UART,UTYP1,IstRad,IstPKW,IstFuss,IstKrad,IstSonstig,LICHT,STRZUSTAND,LINREFX,LINREFY,XGCSWGS84,YGCSWGS84
8445,2.17052E+18,2,7,13,714,2017,5,6,4,3,0,5,1,0,0,0,1,0,0,5.58321E+20,5.92514E+21,9.87865E+15,5.3472E+16
8446,2.17083E+18,2,1,16,136,2017,8,12,6,3,3,6,0,1,0,0,0,0,0,5.69304E+20,5.9295E+21,1.00451E+16,5.35098E+16
8447,2.17052E+18,2,7,9,710,2017,5,18,4,2,5,3,0,1,0,1,0,0,0,5.62106E+20,5.92125E+21,9.93491E+15,5.34366E+16
8448,2.17083E+18,2,2,5,216,2017,8,16,6,3,2,6,0,1,0,0,0,0,0,5.60842E+20,5.93542E+21,9.91862E+15,5.35641E+16
8449,2.17082E+18,2,1,7,119,2017,8,6,5,3,3,6,0,1,0,0,1,0,0,5.67957E+20,5.93429E+21,1.00258E+16,5.35531E+16
8450,2.17052E+18,2,4,2,403,2017,5,8,4,3,2,6,0,1,0,0,0,0,0,5.65265E+20,5.93857E+21,9.98605E+15,5.35919E+16
8451,2.17052E+18,2,7,10,711,2017,5,16,3,3,5,2,0,1,0,0,0,0,1,5.64159E+20,5.92482E+21,9.96652E+15,5.34685E+16
8452,2.17082E+18,2,1,3,106,2017,8,12,5,3,5,2,0,1,0,0,0,0,0,5.64781E+20,5.93383E+21,9.97776E+15,5.35493E+16
8453,2.17052E+18,2,7,10,711,2017,5,11,3,3,5,3,0,1,0,0,0,0,1,5.63826E+20,5.92495E+21,9.96155E+15,5.34697E+16
8454,2.17052E+18,2,2,12,225,2017,5,16,3,3,3,6,0,1,0,0,0,0,1,5.54352E+20,5.93674E+21,9.82088E+15,5.35767E+16
8455,2.17082E+18,2,1,16,137,2017,8,12,4,2,9,1,0,0,0,1,0,0,0,5.66257E+20,5.92613E+21,9.99841E+15,5.348E+16
8456,2.17052E+18,2,3,7,319,2017,5,5,3,3,3,6,0,1,0,0,0,1,1,5.61501E+20,5.94455E+21,9.93037E+15,5.36461E+16
8457,2.17052E+18,2,3,1,306,2017,5,11,3,3,2,6,0,1,0,0,1,0,1,5.62859E+20,5.93646E+21,9.94928E+15,5.35732E+16
8458,2.17052E+18,2,6,11,612,2017,5,5,2,3,8,7,0,0,0,0,1,0,0,5.71615E+20,5.92937E+21,1.00799E+16,5.35084E+16
8459,2.17052E+18,2,1,12,130,2017,5,15,2,2,2,6,0,1,0,0,1,0,0,5.74986E+20,5.9316E+21,1.01312E+16,5.3528E+16
8460,2.17121E+18,2,1,4,110,2017,12,17,3,3,3,6,0,1,0,0,1,2,1,5.63594E+20,5.935E+21,9.96009E+15,5.356E+16
8461,2.17052E+18,2,3,8,320,2017,5,17,2,3,2,6,0,1,0,0,0,0,0,5.60913E+20,5.93985E+21,9.92056E+15,5.36039E+16
8462,2.17052E+18,2,2,6,218,2017,5,12,2,3,3,6,0,1,0,0,0,0,0,5.58366E+20,5.9359E+21,9.88134E+15,5.35687E+16
8463,2.17121E+18,2,4,6,415,2017,12,16,2,3,2,6,0,1,0,0,0,2,1,5.67877E+20,5.93639E+21,1.0025E+16,5.3572E+16
8464,2.17051E+18,2,6,1,601,2017,5,19,1,3,2,6,0,1,0,0,0,0,0,5.77384E+20,5.93013E+21,1.0167E+16,5.35144E+16
8465,2.17051E+18,2,1,3,107,2017,5,1,7,3,2,6,0,1,0,0,0,2,1,5.65209E+20,5.93371E+21,9.9842E+15,5.35482E+16
8466,2.17121E+18,2,3,1,306,2017,12,14,2,3,5,7,1,1,0,0,0,0,1,5.63258E+20,5.93617E+21,9.95524E+15,5.35706E+16
8467,2.17051E+18,2,1,16,136,2017,5,16,6,2,3,6,0,1,0,0,0,0,0,5.6868E+20,5.92788E+21,1.00353E+16,5.34954E+16
8468,2.17121E+18,2,3,5,317,2017,12,16,2,3,3,6,1,0,0,0,1,2,1,5.63786E+20,5.93943E+21,9.9639E+15,5.35999E+16
8469,2.17051E+18,2,2,9,221,2017,5,13,6,3,3,6,1,0,0,0,0,0,1,5.56704E+20,5.93624E+21,9.8563E+15,5.35719E+16
8470,2.17121E+18,2,1,4,111,2017,12,13,2,3,5,3,1,1,0,0,0,0,1,5.63901E+20,5.93446E+21,9.96461E+15,5.35551E+16
8471,2.17051E+18,2,3,7,319,2017,5,13,6,3,5,3,0,1,0,0,1,0,0,5.60135E+20,5.94403E+21,9.90962E+15,5.36416E+16
8472,2.17121E+18,2,7,14,715,2017,12,23,1,3,4,6,0,1,0,0,1,2,2,5.57417E+20,5.92507E+21,9.86502E+15,5.34715E+16
8473,2.17121E+18,2,3,9,321,2017,12,21,1,3,3,6,0,1,0,0,0,2,1,5.61097E+20,5.93896E+21,9.92317E+15,5.35959E+16
8474,2.17051E+18,2,1,6,117,2017,5,15,5,3,2,6,0,1,0,0,0,0,0,5.68224E+20,5.93354E+21,1.00296E+16,5.35463E+16
8475,2.17121E+18,2,3,9,321,2017,12,10,7,3,5,3,0,1,0,0,0,0,1,5.61042E+20,5.93871E+21,9.92229E+15,5.35937E+16
8476,2.17082E+18,2,2,5,216,2017,8,18,4,3,2,6,0,1,0,0,0,0,0,5.60443E+20,5.93555E+21,9.91263E+15,5.35654E+16
8477,2.17051E+18,2,1,8,125,2017,5,13,5,3,2,6,0,1,0,0,0,0,0,5.70137E+20,5.93409E+21,1.00586E+16,5.3551E+16
8478,2.17082E+18,2,2,5,215,2017,8,20,4,3,3,6,0,1,0,0,1,1,0,5.60616E+20,5.93735E+21,9.91559E+15,5.35815E+16
8479,2.17121E+18,2,3,5,317,2017,12,12,7,3,3,2,0,1,0,0,1,0,1,5.63609E+20,5.94003E+21,9.96133E+15,5.36053E+16
8480,2.17082E+18,2,3,7,319,2017,8,7,4,3,4,2,0,1,0,1,0,0,0,5.60136E+20,5.94219E+21,9.90927E+15,5.36251E+16
8481,2.17082E+18,2,4,2,403,2017,8,13,4,3,3,6,1,0,0,0,0,0,0,5.65122E+20,5.9388E+21,9.98394E+15,5.3594E+16
8482,2.17082E+18,2,2,3,209,2017,8,4,4,2,1,5,0,1,0,1,0,2,0,5.62533E+20,5.93534E+21,9.94414E+15,5.35632E+16
8483,2.17082E+18,2,1,4,111,2017,8,14,4,2,3,6,0,1,0,1,1,0,0,5.6396E+20,5.93428E+21,9.96546E+15,5.35535E+16
8484,2.17082E+18,2,1,1,101,2017,8,17,4,2,0,7,0,0,0,1,0,0,0,5.66696E+20,5.9337E+21,1.00066E+16,5.3548E+16
8485,2.17082E+18,2,2,6,218,2017,8,8,3,3,3,2,1,1,0,0,0,0,0,5.58017E+20,5.93608E+21,9.8761E+15,5.35704E+16
8486,2.17121E+18,2,6,1,601,2017,12,15,6,3,2,6,0,1,0,0,0,0,1,5.78551E+20,5.92915E+21,1.01844E+16,5.35054E+16
8487,2.17082E+18,2,1,16,136,2017,8,18,2,3,2,6,0,1,0,0,0,0,0,5.69998E+20,5.92947E+21,1.00555E+16,5.35095E+16
8488,2.17121E+18,2,1,12,130,2017,12,15,6,3,2,6,0,1,0,0,0,0,1,5.72921E+20,5.93284E+21,1.01004E+16,5.35394E+16
8489,2.17121E+18,2,3,9,321,2017,12,9,6,3,3,2,1,0,0,0,1,0,1,5.61743E+20,5.93786E+21,9.93271E+15,5.3586E+16
8490,2.17121E+18,2,2,9,221,2017,12,18,6,3,4,2,0,1,0,0,0,2,0,5.57295E+20,5.93621E+21,9.86522E+15,5.35717E+16
8491,2.17121E+18,2,2,5,216,2017,12,13,6,3,6,4,0,1,1,0,0,0,1,5.60366E+20,5.93558E+21,9.91147E+15,5.35657E+16
8492,2.17121E+18,2,2,7,219,2017,12,13,6,3,2,6,0,1,0,0,0,0,1,5.60756E+20,5.93299E+21,9.91686E+15,5.35423E+16
8493,2.17082E+18,2,1,12,130,2017,8,18,2,3,8,7,0,0,0,1,0,0,0,5.74484E+20,5.93586E+21,1.01247E+16,5.35663E+16
8494,2.17082E+18,2,1,2,104,2017,8,1,1,3,3,6,0,1,0,0,0,2,0,5.68028E+20,5.93194E+21,1.00263E+16,5.35319E+16
8495,2.17082E+18,2,4,8,418,2017,8,17,1,3,4,2,1,1,0,0,0,0,1,5.67739E+20,5.93658E+21,1.0023E+16,5.35737E+16
8496,2.17082E+18,2,3,8,320,2017,8,13,1,3,4,2,0,1,0,0,0,0,0,5.60071E+20,5.94168E+21,9.90819E+15,5.36204E+16
8497,2.17082E+18,2,7,13,714,2017,8,1,7,3,4,2,0,1,0,0,0,2,1,5.59825E+20,5.92505E+21,9.90129E+15,5.3471E+16
8498,2.17082E+18,2,1,6,117,2017,8,21,7,3,0,1,0,0,0,1,0,1,1,5.6794E+20,5.93314E+21,1.00253E+16,5.35427E+16
8499,2.17082E+18,2,3,7,319,2017,8,13,7,3,2,6,0,1,0,0,0,0,1,5.6151E+20,5.94484E+21,9.93057E+15,5.36487E+16
8500,2.17121E+18,2,3,5,317,2017,12,11,6,3,3,2,0,1,0,0,0,0,1,5.6383E+20,5.93937E+21,9.96455E+15,5.35993E+16
8501,2.17082E+18,2,1,19,140,2017,8,13,6,3,2,6,0,1,0,0,0,0,0,5.61582E+20,5.93242E+21,9.9292E+15,5.35371E+16
8502,2.17082E+18,2,1,1,102,2017,8,10,6,3,2,6,0,1,0,0,0,0,0,5.65731E+20,5.93361E+21,9.99204E+15,5.35472E+16
8503,2.17082E+18,2,1,14,133,2017,8,18,5,3,2,6,0,1,0,0,0,0,1,5.68424E+20,5.93277E+21,1.00325E+16,5.35394E+16
8504,2.17082E+18,2,3,4,316,2017,8,17,5,3,3,2,1,1,0,0,0,0,1,5.63791E+20,5.93714E+21,9.9635E+15,5.35792E+16
8505,2.17082E+18,2,1,8,124,2017,8,18,4,3,1,6,0,1,0,0,0,0,0,5.69732E+20,5.93416E+21,1.00525E+16,5.35517E+16
8506,2.17121E+18,2,1,12,130,2017,12,21,5,3,3,1,0,1,0,0,1,2,1,5.75036E+20,5.93159E+21,1.0132E+16,5.35279E+16
8507,2.17082E+18,2,2,3,209,2017,8,18,4,3,2,6,0,1,0,0,0,0,0,5.61919E+20,5.93539E+21,9.93488E+15,5.35637E+16
8508,2.17082E+18,2,2,1,206,2017,8,13,4,3,3,6,0,1,0,0,1,0,0,5.63352E+20,5.93511E+21,9.95646E+15,5.3561E+16
8509,2.17082E+18,2,7,2,703,2017,8,10,3,3,0,7,0,1,0,0,0,0,0,5.68176E+20,5.92438E+21,1.00269E+16,5.3464E+16
8510,2.17082E+18,2,1,16,136,2017,8,13,3,3,2,6,0,1,0,0,1,0,0,5.67913E+20,5.92624E+21,1.00234E+16,5.34808E+16
8511,2.17082E+18,2,1,16,135,2017,8,13,3,3,3,6,0,1,0,0,1,0,0,5.70276E+20,5.92944E+21,1.00597E+16,5.35092E+16
8512,2.17082E+18,2,4,7,417,2017,8,13,3,3,3,2,0,1,0,1,0,0,0,5.68336E+20,5.93578E+21,1.00318E+16,5.35664E+16
8513,2.17082E+18,2,3,5,317,2017,8,12,3,3,6,3,1,0,1,0,0,0,0,5.63954E+20,5.93895E+21,9.96633E+15,5.35955E+16
8514,2.17082E+18,2,2,3,208,2017,8,1,3,3,6,6,1,0,1,0,0,2,0,5.63155E+20,5.93517E+21,9.9535E+15,5.35616E+16
8515,2.17081E+18,2,2,14,227,2017,8,17,2,3,2,6,0,1,0,0,0,0,0,5.50177E+20,5.93739E+21,9.75793E+15,5.3583E+16
8516,2.17051E+18,2,1,8,124,2017,5,18,4,3,3,2,1,1,0,0,0,0,0,5.6977E+20,5.93416E+21,1.00531E+16,5.35516E+16
8517,2.17081E+18,2,2,5,216,2017,8,9,2,3,3,2,1,1,0,0,0,0,0,5.59527E+20,5.93552E+21,9.89879E+15,5.35652E+16
8518,2.17081E+18,2,3,6,318,2017,8,15,2,3,9,7,0,1,0,0,0,0,0,5.63338E+20,5.94473E+21,9.95819E+15,5.36475E+16
8519,2.17051E+18,2,1,6,115,2017,5,9,4,2,1,6,0,1,0,1,1,0,1,5.67902E+20,5.93313E+21,1.00247E+16,5.35427E+16
8520,2.17081E+18,2,2,3,209,2017,8,9,2,3,2,6,0,1,0,0,1,0,0,5.61904E+20,5.93539E+21,9.93466E+15,5.35637E+16
8521,2.17081E+18,2,1,7,120,2017,8,11,1,3,4,2,0,1,0,0,0,0,0,5.68932E+20,5.93458E+21,1.00406E+16,5.35556E+16
8522,2.17051E+18,2,2,12,225,2017,5,12,4,3,2,6,0,1,0,0,0,0,0,5.5485E+20,5.93662E+21,9.82838E+15,5.35755E+16
8523,2.17081E+18,2,3,9,321,2017,8,7,1,3,1,6,0,1,0,0,0,0,0,5.61097E+20,5.93896E+21,9.92317E+15,5.35959E+16
8524,2.17051E+18,2,1,4,110,2017,5,10,4,3,3,6,0,1,0,0,1,0,0,5.6368E+20,5.93494E+21,9.96137E+15,5.35594E+16
8525,2.17081E+18,2,7,4,705,2017,8,17,7,3,3,6,0,1,0,0,0,0,1,5.65068E+20,5.92294E+21,9.97984E+15,5.34514E+16
8526,2.17051E+18,2,6,1,601,2017,5,16,3,3,2,6,0,1,0,0,0,0,0,5.78041E+20,5.92952E+21,1.01768E+16,5.35088E+16
8527,2.17121E+18,2,1,6,117,2017,12,21,5,3,4,2,0,1,0,0,0,2,1,5.68276E+20,5.93343E+21,1.00304E+16,5.35453E+16
8528,2.17051E+18,2,2,5,216,2017,5,17,3,3,2,6,0,1,0,0,0,0,0,5.60325E+20,5.93688E+21,9.91111E+15,5.35773E+16
8529,2.17051E+18,2,3,1,306,2017,5,16,3,3,6,4,1,0,1,0,0,0,0,5.6338E+20,5.93628E+21,9.95711E+15,5.35715E+16
8530,2.17121E+18,2,2,5,216,2017,12,13,5,3,5,2,0,1,0,0,0,0,0,5.59539E+20,5.93552E+21,9.89898E+15,5.35652E+16
8531,2.17051E+18,2,3,4,316,2017,5,18,3,3,5,2,1,0,0,0,1,0,0,5.64205E+20,5.93768E+21,9.96986E+15,5.35841E+16
8532,2.17051E+18,2,7,10,711,2017,5,23,2,3,2,6,0,0,0,0,1,2,0,5.63841E+20,5.92495E+21,9.96177E+15,5.34697E+16
8533,2.17121E+18,2,1,1,102,2017,12,8,5,3,3,6,0,1,0,1,0,0,0,5.65458E+20,5.93363E+21,9.98793E+15,5.35475E+16
8534,2.17051E+18,2,6,9,610,2017,5,15,1,3,3,6,0,1,0,0,1,0,0,5.79293E+20,5.92556E+21,1.01947E+16,5.34731E+16
8535,2.17051E+18,2,3,4,316,2017,5,15,1,3,5,3,1,1,0,0,0,0,0,5.63753E+20,5.93707E+21,9.96292E+15,5.35786E+16
8536,2.17121E+18,2,7,9,710,2017,12,7,4,3,3,6,0,1,0,0,1,2,0,5.61076E+20,5.92191E+21,9.91953E+15,5.34427E+16
8537,2.17051E+18,2,7,8,709,2017,5,16,7,3,5,3,0,1,0,0,0,0,0,5.61935E+20,5.92064E+21,9.93221E+15,5.34311E+16
8538,2.17121E+18,2,3,8,320,2017,12,6,4,3,2,6,0,1,0,0,0,2,1,5.5996E+20,5.94144E+21,9.90647E+15,5.36184E+16
8539,2.17051E+18,2,6,9,610,2017,5,16,7,2,8,1,0,1,0,0,0,0,0,5.76449E+20,5.92633E+21,1.0152E+16,5.34804E+16
8540,2.17121E+18,2,3,9,321,2017,12,7,4,3,5,3,0,1,0,0,0,2,0,5.61771E+20,5.93778E+21,9.93311E+15,5.35852E+16
8541,2.17051E+18,2,3,5,317,2017,5,16,7,3,3,7,0,1,0,0,0,0,0,5.63694E+20,5.93966E+21,9.96255E+15,5.36019E+16
8542,2.17121E+18,2,2,3,208,2017,12,19,4,3,4,2,0,1,0,0,0,2,0,5.62839E+20,5.93524E+21,9.94873E+15,5.35623E+16
8543,2.17121E+18,2,3,8,320,2017,12,9,3,3,2,6,0,1,0,0,1,0,1,5.59604E+20,5.9418E+21,9.90116E+15,5.36216E+16
8544,2.17051E+18,2,1,1,102,2017,5,17,7,3,0,7,1,0,1,0,0,0,0,5.65566E+20,5.93361E+21,9.98956E+15,5.35473E+16
8545,2.17121E+18,2,2,9,221,2017,12,13,3,3,0,6,0,1,0,1,0,0,1,5.56777E+20,5.93624E+21,9.8574E+15,5.35719E+16
8546,2.17051E+18,2,1,12,130,2017,5,13,6,3,2,6,0,1,0,0,1,0,1,5.7505E+20,5.93159E+21,1.01322E+16,5.35278E+16
8547,2.17121E+18,2,2,5,215,2017,12,8,3,3,0,1,1,0,0,0,1,0,1,5.61829E+20,5.93538E+21,9.93352E+15,5.35637E+16
8548,2.17081E+18,2,2,7,219,2017,8,12,7,3,2,7,0,1,0,0,0,0,1,5.5947E+20,5.9344E+21,9.89772E+15,5.35551E+16
8549,2.17081E+18,2,4,2,404,2017,8,17,7,3,3,2,0,1,0,0,0,0,1,5.65484E+20,5.93871E+21,9.98939E+15,5.35931E+16
8550,2.17051E+18,2,1,15,134,2017,5,6,6,3,1,6,0,1,0,0,0,0,0,5.67948E+20,5.93179E+21,1.00251E+16,5.35306E+16
8551,2.17081E+18,2,4,13,432,2017,8,2,6,2,8,1,0,1,0,0,0,2,0,5.66696E+20,5.9438E+21,1.00088E+16,5.36387E+16
8552,2.17081E+18,2,3,7,319,2017,8,17,6,3,2,6,0,1,0,0,1,0,1,5.6151E+20,5.94483E+21,9.93057E+15,5.36486E+16
8553,2.17121E+18,2,3,7,319,2017,12,17,3,2,6,4,0,1,1,0,0,2,0,5.59999E+20,5.94467E+21,9.90769E+15,5.36473E+16
8554,2.17081E+18,2,4,2,405,2017,8,14,6,2,4,7,0,1,0,0,1,0,1,5.65119E+20,5.93898E+21,9.98393E+15,5.35956E+16
8555,2.1712E+18,2,7,10,711,2017,12,10,2,3,2,6,0,1,0,0,0,0,1,5.61874E+20,5.92506E+21,9.93217E+15,5.34709E+16
8556,2.1712E+18,2,6,10,611,2017,12,7,2,3,3,6,0,1,0,0,0,2,1,5.72954E+20,5.92965E+21,1.01001E+16,5.35107E+16
8557,2.1712E+18,2,1,8,124,2017,12,7,2,3,5,2,1,1,0,0,0,1,1,5.69816E+20,5.93415E+21,1.00538E+16,5.35516E+16
8558,2.1712E+18,2,4,5,409,2017,12,16,2,3,4,6,1,0,0,0,0,1,0,5.66193E+20,5.93883E+21,1.00001E+16,5.35942E+16
8559,2.1712E+18,2,2,13,226,2017,12,18,2,3,0,7,1,0,0,0,0,2,0,5.52927E+20,5.93708E+21,9.79941E+15,5.35799E+16
8560,2.1712E+18,2,2,5,216,2017,12,17,2,3,2,6,0,1,0,0,0,2,0,5.60722E+20,5.93545E+21,9.91682E+15,5.35644E+16
8561,2.17051E+18,2,3,8,320,2017,5,15,6,2,2,6,0,1,0,0,0,0,1,5.60423E+20,5.94107E+21,9.9134E+15,5.3615E+16
8562,2.1712E+18,2,3,7,319,2017,12,7,2,3,4,7,0,1,0,0,0,1,0,5.6186E+20,5.94469E+21,9.93583E+15,5.36473E+16
8563,2.17051E+18,2,2,5,216,2017,5,14,6,3,2,6,0,1,0,0,0,0,1,5.59591E+20,5.93538E+21,9.89973E+15,5.35639E+16
8564,2.1712E+18,2,7,14,715,2017,12,19,1,3,6,2,0,1,1,0,0,2,1,5.58212E+20,5.92513E+21,9.87701E+15,5.3472E+16
8565,2.17051E+18,2,3,7,319,2017,5,20,6,3,1,6,0,1,0,0,1,1,0,5.61534E+20,5.94451E+21,9.93087E+15,5.36457E+16
8566,2.17051E+18,2,3,7,319,2017,5,2,6,3,8,1,0,0,0,0,1,2,1,5.61509E+20,5.94497E+21,9.93058E+15,5.36499E+16
8567,2.1712E+18,2,4,5,411,2017,12,16,1,3,1,6,0,1,0,0,0,1,1,5.67479E+20,5.9376E+21,1.00193E+16,5.35829E+16
8568,2.1705E+18,2,6,1,601,2017,5,12,4,2,5,3,1,1,0,0,0,0,0,5.79455E+20,5.9278E+21,1.01977E+16,5.34932E+16
8569,2.1712E+18,2,3,6,318,2017,12,19,1,3,4,2,0,1,0,0,0,2,1,5.63229E+20,5.94073E+21,9.95574E+15,5.36116E+16
8570,2.1705E+18,2,1,12,130,2017,5,7,4,3,3,6,0,1,0,1,0,0,0,5.72304E+20,5.93312E+21,1.00911E+16,5.3542E+16
8571,2.1712E+18,2,6,11,612,2017,12,23,7,3,2,6,0,1,0,0,0,2,1,5.71761E+20,5.92901E+21,1.0082E+16,5.35052E+16
8572,2.1705E+18,2,1,1,102,2017,5,17,3,3,2,6,0,1,0,0,0,0,1,5.65397E+20,5.93365E+21,9.98702E+15,5.35477E+16
8573,2.1712E+18,2,6,1,601,2017,12,13,7,3,2,6,0,1,0,0,0,0,0,5.78492E+20,5.92924E+21,1.01835E+16,5.35062E+16
8574,2.1712E+18,2,4,2,403,2017,12,17,7,3,2,6,0,1,0,0,0,2,0,5.65121E+20,5.93881E+21,9.98394E+15,5.35941E+16
8575,2.1705E+18,2,1,15,134,2017,5,18,2,3,0,6,0,1,0,0,0,0,0,5.67835E+20,5.93162E+21,1.00234E+16,5.35291E+16
8576,2.1712E+18,2,6,11,612,2017,12,22,6,2,9,1,0,1,0,0,0,2,0,5.72183E+20,5.92933E+21,1.00884E+16,5.35079E+16
8577,2.17081E+18,2,3,5,317,2017,8,21,6,3,1,6,0,1,0,0,0,1,1,5.63999E+20,5.93863E+21,9.96694E+15,5.35926E+16
8578,2.1705E+18,2,3,9,321,2017,5,11,2,3,5,2,0,1,0,0,0,0,0,5.61076E+20,5.93897E+21,9.92285E+15,5.3596E+16
8579,2.1712E+18,2,1,6,115,2017,12,14,6,3,1,6,0,1,0,0,0,0,0,5.67345E+20,5.93343E+21,1.00164E+16,5.35454E+16
8580,2.17081E+18,2,3,8,320,2017,8,8,5,3,3,6,0,1,0,0,1,0,0,5.60865E+20,5.93996E+21,9.91986E+15,5.36049E+16
8581,2.1712E+18,2,1,8,124,2017,12,20,6,2,4,2,0,1,0,0,0,2,0,5.68946E+20,5.93426E+21,1.00407E+16,5.35527E+16
8582,2.17081E+18,2,1,19,140,2017,8,15,5,3,2,6,0,1,0,0,0,0,0,5.61049E+20,5.93282E+21,9.92124E+15,5.35407E+16
8583,2.17081E+18,2,2,5,216,2017,8,17,5,3,5,2,1,0,0,0,1,0,0,5.607E+20,5.93546E+21,9.91649E+15,5.35645E+16
8584,2.17081E+18,2,3,1,304,2017,8,11,5,2,2,6,0,1,0,1,0,0,0,5.62155E+20,5.93672E+21,9.93871E+15,5.35757E+16
8585,2.17081E+18,2,1,4,111,2017,8,8,5,3,5,3,1,1,0,0,0,0,0,5.63885E+20,5.93456E+21,9.96439E+15,5.3556E+16
8586,2.17081E+18,2,1,16,135,2017,8,21,4,3,8,1,0,1,0,0,0,2,0,5.70272E+20,5.92946E+21,1.00596E+16,5.35094E+16
8587,2.17081E+18,2,3,8,320,2017,8,13,4,3,3,2,0,1,0,0,1,0,0,5.6007E+20,5.94167E+21,9.90818E+15,5.36204E+16
8588,2.17113E+18,2,4,5,412,2017,11,15,5,3,3,2,1,1,0,0,0,0,0,5.67473E+20,5.93763E+21,1.00192E+16,5.35832E+16
8589,2.17081E+18,2,1,7,119,2017,8,7,3,3,6,7,1,0,1,0,0,0,0,5.67948E+20,5.9343E+21,1.00257E+16,5.35532E+16
8590,2.17113E+18,2,1,19,140,2017,11,11,5,2,3,6,0,1,0,0,1,0,0,5.6165E+20,5.93109E+21,9.92997E+15,5.35251E+16
8591,2.17081E+18,2,4,5,411,2017,8,17,2,2,6,3,1,0,1,0,0,0,0,5.67337E+20,5.93806E+21,1.00172E+16,5.3587E+16
8592,2.17113E+18,2,7,14,715,2017,11,16,4,3,5,3,1,1,0,0,0,2,0,5.55919E+20,5.92517E+21,9.84247E+15,5.34726E+16
8593,2.17081E+18,2,4,5,409,2017,8,17,2,3,5,3,0,1,0,0,0,0,0,5.65915E+20,5.93881E+21,9.99592E+15,5.35939E+16
8594,2.17081E+18,2,3,9,321,2017,8,11,2,3,2,6,0,1,0,0,1,0,0,5.61355E+20,5.9387E+21,9.92701E+15,5.35935E+16
8595,2.17081E+18,2,1,6,117,2017,8,21,1,3,3,6,0,1,0,0,0,1,0,5.68446E+20,5.93312E+21,1.00329E+16,5.35425E+16
8596,2.17081E+18,2,6,2,602,2017,8,10,7,3,5,3,0,1,0,0,0,0,0,5.80458E+20,5.92709E+21,1.02126E+16,5.34867E+16
8597,2.17081E+18,2,1,6,117,2017,8,0,7,3,5,3,0,1,0,0,0,2,0,5.67951E+20,5.93414E+21,1.00257E+16,5.35518E+16
8598,2.17081E+18,2,3,7,319,2017,8,16,7,3,5,3,0,1,0,0,0,0,0,5.61439E+20,5.94442E+21,9.92942E+15,5.36449E+16
8599,2.1708E+18,2,3,9,321,2017,8,7,6,3,3,6,0,1,0,0,1,0,0,5.61762E+20,5.9378E+21,9.93298E+15,5.35854E+16
8600,2.1708E+18,2,2,14,227,2017,8,18,6,3,5,3,0,1,0,0,0,0,0,5.48884E+20,5.93761E+21,9.73844E+15,5.35851E+16
8601,2.1705E+18,2,3,4,316,2017,5,19,2,3,2,6,1,0,0,0,0,0,0,5.6414E+20,5.93781E+21,9.9689E+15,5.35852E+16
8602,2.1708E+18,2,4,2,405,2017,8,10,6,3,1,6,0,1,0,0,0,0,0,5.65117E+20,5.93905E+21,9.98392E+15,5.35963E+16
8603,2.1708E+18,2,1,1,101,2017,8,11,6,3,5,3,0,1,0,0,1,0,0,5.66588E+20,5.93367E+21,1.0005E+16,5.35477E+16
8604,2.1708E+18,2,1,16,136,2017,8,17,5,3,3,6,0,1,0,0,1,0,0,5.70108E+20,5.92945E+21,1.00572E+16,5.35093E+16
8605,2.17043E+18,2,3,7,319,2017,4,22,1,2,8,7,0,1,0,0,0,2,0,5.61495E+20,5.94486E+21,9.93034E+15,5.36489E+16
8606,2.1708E+18,2,3,9,321,2017,8,17,5,3,3,7,0,1,0,0,0,0,0,5.61744E+20,5.93786E+21,9.93272E+15,5.3586E+16
8607,2.17043E+18,2,1,12,130,2017,4,11,7,3,1,6,0,1,0,0,0,0,0,5.74688E+20,5.93595E+21,1.01278E+16,5.35671E+16
8608,2.17043E+18,2,2,5,216,2017,4,11,7,2,5,2,1,1,0,0,0,0,0,5.59437E+20,5.93555E+21,9.89744E+15,5.35655E+16
8609,2.17113E+18,2,6,11,612,2017,11,7,4,3,2,6,0,1,0,0,1,2,1,5.72051E+20,5.92868E+21,1.00863E+16,5.35021E+16
8610,2.17043E+18,2,1,3,107,2017,4,16,7,3,6,4,1,0,1,0,0,0,0,5.64933E+20,5.9338E+21,9.98005E+15,5.35491E+16
8611,2.17113E+18,2,1,16,136,2017,11,6,3,3,2,6,0,1,0,0,1,2,0,5.7E+20,5.92945E+21,1.00555E+16,5.35093E+16
8612,2.17043E+18,2,7,14,715,2017,4,14,6,3,5,3,0,1,0,0,1,0,0,5.56303E+20,5.9252E+21,9.84826E+15,5.34728E+16
8613,2.17113E+18,2,1,11,129,2017,11,13,3,3,3,6,0,1,0,0,0,0,0,5.72974E+20,5.93565E+21,1.01018E+16,5.35646E+16
8614,2.17043E+18,2,1,14,132,2017,4,17,6,3,1,6,0,1,0,0,1,0,1,5.68493E+20,5.933E+21,1.00336E+16,5.35415E+16
8615,2.17113E+18,2,3,9,321,2017,11,23,3,3,4,2,0,1,0,0,0,2,1,5.61813E+20,5.93758E+21,9.93371E+15,5.35834E+16
8616,2.17043E+18,2,4,5,409,2017,4,16,6,3,2,6,0,1,0,0,0,0,1,5.66782E+20,5.93849E+21,1.0009E+16,5.3591E+16
8617,2.17113E+18,2,2,5,217,2017,11,15,3,3,6,2,0,1,1,0,0,0,1,5.59411E+20,5.93557E+21,9.89705E+15,5.35657E+16
8618,2.17043E+18,2,2,13,226,2017,4,7,6,3,5,3,1,1,0,0,0,0,0,5.51701E+20,5.93716E+21,9.78092E+15,5.35807E+16
8619,2.17113E+18,2,3,1,306,2017,11,15,3,3,4,2,1,1,0,0,0,0,0,5.63521E+20,5.93661E+21,9.95931E+15,5.35745E+16