OBJECTID,UIDENTSTLA,ULAND,UREGBEZ,UKREIS,UGEMEINDE,UJAHR,UMONAT,USTUNDE,UWOCHENTAG,UKATEGORIE,UART,UTYP1,IstRad,IstPKW,IstFuss,IstKrad,IstSonstig,LICHT,STRZUSTAND,LINREFX,LINREFY,XGCSWGS84,YGCSWGS84
8620,2.17043E+18,2,1,12,130,2017,4,17,5,3,2,6,0,1,0,0,0,0,0,5.76E+20,5.93565E+21,1.01475E+16,5.35642E+16
8621,2.17043E+18,2,4,12,431,2017,4,22,5,3,5,3,0,1,0,0,0,2,0,5.66734E+20,5.94256E+21,1.00091E+16,5.36276E+16
8622,2.17113E+18,2,1,3,107,2017,11,8,3,3,5,2,1,0,0,0,1,0,0,5.65147E+20,5.93373E+21,9.98326E+15,5.35484E+16
8623,2.17043E+18,2,4,4,407,2017,4,18,5,3,3,6,0,1,0,1,0,0,0,5.65264E+20,5.93974E+21,9.98629E+15,5.36025E+16
8624,2.17113E+18,2,7,9,710,2017,11,19,2,3,6,2,0,1,1,0,0,2,1,5.63569E+20,5.92235E+21,9.95714E+15,5.34463E+16
8625,2.17113E+18,2,4,6,414,2017,11,16,2,3,6,2,0,1,1,0,0,2,1,5.67487E+20,5.93694E+21,1.00193E+16,5.35769E+16
8626,2.17043E+18,2,4,5,411,2017,4,12,4,3,2,6,0,1,0,0,0,0,0,5.67363E+20,5.93799E+21,1.00176E+16,5.35865E+16
8627,2.17113E+18,2,3,9,321,2017,11,4,2,3,2,6,0,0,0,0,1,2,1,5.61005E+20,5.9396E+21,9.9219E+15,5.36017E+16
8628,2.17043E+18,2,2,7,219,2017,4,19,4,3,0,6,0,0,0,0,1,0,0,5.59433E+20,5.93444E+21,9.89717E+15,5.35554E+16
8629,2.17113E+18,2,1,19,140,2017,11,7,2,3,7,1,0,1,0,0,0,2,0,5.61736E+20,5.93228E+21,9.9315E+15,5.35358E+16
8630,2.17113E+18,2,2,5,216,2017,11,0,2,3,9,1,0,1,0,0,0,2,0,5.59905E+20,5.93649E+21,9.90469E+15,5.35738E+16
8631,2.1708E+18,2,1,3,106,2017,8,13,5,3,2,6,0,1,0,0,0,0,0,5.64461E+20,5.93387E+21,9.97294E+15,5.35498E+16
8632,2.17043E+18,2,7,14,715,2017,4,7,3,3,2,6,0,1,0,0,0,0,1,5.54893E+20,5.92499E+21,9.82699E+15,5.3471E+16
8633,2.17043E+18,2,7,2,703,2017,4,17,3,3,2,6,0,0,0,0,1,0,0,5.68149E+20,5.92399E+21,1.00264E+16,5.34605E+16
8634,2.17113E+18,2,4,2,405,2017,11,14,2,2,4,6,0,1,0,1,0,0,1,5.65114E+20,5.93927E+21,9.98392E+15,5.35982E+16
8635,2.17043E+18,2,1,6,115,2017,4,18,3,3,2,6,0,1,0,0,0,0,0,5.67664E+20,5.93324E+21,1.00211E+16,5.35437E+16
8636,2.17113E+18,2,4,5,409,2017,11,20,1,3,9,7,0,1,0,0,0,2,1,5.65985E+20,5.93885E+21,9.99699E+15,5.35943E+16
8637,2.17043E+18,2,4,12,431,2017,4,8,3,3,9,1,0,1,0,0,0,0,1,5.66457E+20,5.94394E+21,1.00052E+16,5.364E+16
8638,2.17042E+18,2,1,7,119,2017,4,16,2,3,2,6,0,1,0,0,0,0,1,5.67944E+20,5.93426E+21,1.00256E+16,5.35529E+16
8639,2.17113E+18,2,3,9,321,2017,11,15,1,3,5,3,0,1,0,0,1,0,1,5.61069E+20,5.93883E+21,9.92271E+15,5.35948E+16
8640,2.17042E+18,2,1,19,140,2017,4,18,2,3,2,6,0,1,0,0,0,2,0,5.61019E+20,5.93284E+21,9.9208E+15,5.35409E+16
8641,2.17113E+18,2,1,6,117,2017,11,17,7,3,5,3,0,1,0,0,0,2,0,5.67951E+20,5.93414E+21,1.00257E+16,5.35518E+16
8642,2.17042E+18,2,2,7,219,2017,4,13,2,3,3,6,0,1,0,0,1,0,0,5.5943E+20,5.93436E+21,9.89711E+15,5.35548E+16
8643,2.17113E+18,2,3,7,319,2017,11,0,7,3,5,7,0,1,0,1,0,2,0,5.60118E+20,5.94203E+21,9.90897E+15,5.36236E+16
8644,2.17042E+18,2,1,1,102,2017,4,10,2,3,3,2,0,1,0,0,1,0,0,5.65375E+20,5.93365E+21,9.98668E+15,5.35477E+16
8645,2.17113E+18,2,1,3,106,2017,11,20,7,3,5,3,0,1,0,0,0,2,0,5.64482E+20,5.93387E+21,9.97325E+15,5.35498E+16
8646,2.17112E+18,2,1,6,116,2017,11,17,6,3,2,6,0,1,0,0,0,2,0,5.67875E+20,5.93316E+21,1.00243E+16,5.35429E+16
8647,2.17042E+18,2,7,13,714,2017,4,13,1,3,2,6,0,1,0,0,0,0,1,5.58981E+20,5.92514E+21,9.88859E+15,5.34719E+16
8648,2.17112E+18,2,1,6,117,2017,11,10,6,3,3,2,0,1,0,0,1,0,0,5.68293E+20,5.93343E+21,1.00307E+16,5.35454E+16
8649,2.17112E+18,2,2,9,221,2017,11,16,6,3,0,7,1,0,0,0,0,2,1,5.56692E+20,5.93625E+21,9.85612E+15,5.3572E+16
8650,2.17042E+18,2,1,16,137,2017,4,6,1,3,4,6,0,1,0,0,1,1,1,5.66056E+20,5.92806E+21,9.99578E+15,5.34974E+16
8651,2.17112E+18,2,3,9,321,2017,11,18,5,3,2,6,0,1,0,0,0,2,1,5.60667E+20,5.93827E+21,9.91654E+15,5.35898E+16
8652,2.1708E+18,2,1,6,117,2017,8,17,4,3,3,2,1,1,0,0,0,0,0,5.68045E+20,5.93396E+21,1.0027E+16,5.35501E+16
8653,2.17112E+18,2,3,9,321,2017,11,7,5,3,2,6,0,1,0,0,1,0,0,5.61104E+20,5.93906E+21,9.92329E+15,5.35968E+16
8654,2.1708E+18,2,3,9,321,2017,8,13,4,3,4,2,0,1,0,0,0,0,0,5.6116E+20,5.93887E+21,9.92411E+15,5.35951E+16
8655,2.1708E+18,2,3,5,317,2017,8,0,4,3,1,5,0,1,0,0,0,2,1,5.64028E+20,5.93846E+21,9.96734E+15,5.35911E+16
8656,2.1708E+18,2,1,6,117,2017,8,20,3,3,5,3,0,1,0,0,1,0,1,5.68006E+20,5.93411E+21,1.00265E+16,5.35515E+16
8657,2.1708E+18,2,3,9,321,2017,8,11,3,3,2,6,0,1,0,0,0,0,0,5.61086E+20,5.93889E+21,9.92299E+15,5.35953E+16
8658,2.1708E+18,2,4,4,407,2017,8,8,3,3,0,7,1,0,0,0,0,0,1,5.65365E+20,5.93988E+21,9.98783E+15,5.36036E+16
8659,2.17112E+18,2,3,4,316,2017,11,22,5,3,6,7,0,1,1,0,0,2,1,5.63734E+20,5.93704E+21,9.96261E+15,5.35783E+16
8660,2.17073E+18,2,1,6,117,2017,7,11,2,3,3,6,0,1,0,0,1,0,0,5.68295E+20,5.93339E+21,1.00307E+16,5.35449E+16
8661,2.17112E+18,2,2,1,206,2017,11,13,5,3,6,4,0,1,1,0,0,0,0,5.63335E+20,5.93511E+21,9.9562E+15,5.3561E+16
8662,3.17011E+18,3,1,59,16,2017,1,15,6,3,2,6,0,1,0,0,0,0,1,5.61073E+20,5.70864E+21,9.88035E+15,5.15256E+16
8663,3.17011E+18,3,1,59,16,2017,1,10,6,3,1,5,0,1,0,0,0,0,1,5.66016E+20,5.70798E+21,9.95148E+15,5.15191E+16
8664,2.17112E+18,2,1,1,101,2017,11,22,5,3,3,6,0,1,0,0,0,2,1,5.66498E+20,5.93365E+21,1.00036E+16,5.35475E+16
8665,3.17011E+18,3,1,2,0,2017,1,19,6,3,4,2,0,1,0,0,0,2,0,5.91236E+20,5.78045E+21,1.0334E+16,5.2167E+16
8666,3.17011E+18,3,1,53,18,2017,1,22,6,3,8,1,0,1,0,0,0,2,2,6.05894E+20,5.74044E+21,1.05359E+16,5.18048E+16
8667,2.17112E+18,2,7,10,711,2017,11,19,4,3,6,2,0,1,1,0,0,2,0,5.62746E+20,5.92509E+21,9.9453E+15,5.34711E+16
8668,2.17112E+18,2,7,10,711,2017,11,9,4,3,4,2,0,1,0,0,0,0,1,5.62759E+20,5.92509E+21,9.94549E+15,5.34711E+16
8669,3.17011E+18,3,4,59,27,2017,1,13,5,3,5,3,1,1,0,0,0,0,0,4.18691E+20,5.80312E+21,7.80565E+15,5.23723E+16
8670,3.17011E+18,3,4,57,20,2017,1,20,5,1,4,6,0,1,0,0,0,2,0,4.2126E+20,5.90595E+21,7.81856E+15,5.32969E+16
8671,2.17112E+18,2,7,2,703,2017,11,11,4,3,2,6,0,1,0,0,0,0,1,5.68024E+20,5.92471E+21,1.00247E+16,5.3467E+16
8672,3.17011E+18,3,4,57,20,2017,1,13,5,3,5,3,0,1,0,0,0,0,0,4.1724E+20,5.90542E+21,7.75841E+15,5.32915E+16
8673,2.17112E+18,2,4,8,418,2017,11,17,4,3,5,2,1,1,0,0,0,2,1,5.67471E+20,5.93732E+21,1.00191E+16,5.35804E+16
8674,3.17011E+18,3,4,54,25,2017,1,17,5,3,2,2,0,1,0,0,1,2,0,3.88872E+20,5.86672E+21,7.34639E+15,5.29386E+16
8675,2.17073E+18,2,3,9,321,2017,7,4,2,3,3,6,0,1,0,0,1,2,1,5.61089E+20,5.93892E+21,9.92304E+15,5.35956E+16
8676,2.17073E+18,2,3,7,319,2017,7,14,2,2,5,3,0,1,0,1,0,0,0,5.60205E+20,5.9437E+21,9.9106E+15,5.36386E+16
8677,2.17073E+18,2,1,1,102,2017,7,14,2,2,6,4,0,1,1,0,0,0,0,5.65686E+20,5.9336E+21,9.99137E+15,5.35472E+16
8678,2.17073E+18,2,7,14,715,2017,7,13,1,3,4,6,0,1,0,0,1,0,0,5.54272E+20,5.92482E+21,9.8176E+15,5.34696E+16
8679,2.17073E+18,2,7,9,710,2017,7,14,1,3,2,6,0,1,0,0,1,0,0,5.61032E+20,5.92219E+21,9.91893E+15,5.34452E+16
8680,2.17073E+18,2,3,8,320,2017,7,17,1,3,5,2,1,1,0,0,0,0,0,5.60033E+20,5.9414E+21,9.90756E+15,5.3618E+16
8681,2.17073E+18,2,2,5,216,2017,7,18,1,3,9,1,0,1,0,0,0,0,0,5.59635E+20,5.93579E+21,9.90047E+15,5.35676E+16
8682,2.17073E+18,2,7,2,703,2017,7,11,6,3,2,6,0,1,0,0,1,0,0,5.68253E+20,5.92332E+21,1.00279E+16,5.34545E+16
8683,2.17073E+18,2,3,7,319,2017,7,15,6,3,2,6,0,1,0,0,0,0,1,5.60148E+20,5.94229E+21,9.90947E+15,5.3626E+16
8684,2.17073E+18,2,3,1,307,2017,7,13,5,3,3,2,1,1,0,0,0,0,0,5.63315E+20,5.93615E+21,9.95611E+15,5.35704E+16
8685,2.17073E+18,2,1,3,106,2017,7,23,5,3,5,3,0,1,0,0,1,2,0,5.64781E+20,5.93383E+21,9.97776E+15,5.35493E+16
8686,2.17042E+18,2,6,1,601,2017,4,23,1,2,8,1,0,0,0,0,1,2,0,5.78568E+20,5.92907E+21,1.01846E+16,5.35047E+16
8687,2.17042E+18,2,6,1,601,2017,4,21,1,3,5,2,0,1,0,0,0,2,0,5.79834E+20,5.92748E+21,1.02033E+16,5.34902E+16
8688,2.17042E+18,2,3,7,319,2017,4,9,1,3,5,3,0,1,0,0,1,0,1,5.61501E+20,5.94456E+21,9.93037E+15,5.36462E+16
8689,2.17042E+18,2,4,2,403,2017,4,12,1,3,0,7,1,0,0,0,0,0,0,5.65214E+20,5.9385E+21,9.98527E+15,5.35913E+16
8690,2.17042E+18,2,1,4,111,2017,4,22,1,3,0,6,1,0,0,0,1,2,0,5.63905E+20,5.93444E+21,9.96466E+15,5.35549E+16
8691,2.17112E+18,2,2,9,221,2017,11,17,4,3,2,6,0,1,0,0,0,2,1,5.55592E+20,5.93639E+21,9.83954E+15,5.35734E+16
8692,2.17042E+18,2,1,12,130,2017,4,0,7,3,0,1,0,0,0,1,0,2,1,5.74493E+20,5.93588E+21,1.01248E+16,5.35665E+16
8693,2.17112E+18,2,2,5,215,2017,11,7,4,3,2,6,0,1,0,0,1,1,1,5.60659E+20,5.9376E+21,9.91629E+15,5.35838E+16
8694,2.17042E+18,2,1,14,132,2017,4,17,7,2,4,2,1,1,0,0,0,0,0,5.68401E+20,5.9329E+21,1.00322E+16,5.35405E+16
8695,2.17112E+18,2,2,5,217,2017,11,9,4,1,0,7,1,0,0,0,0,0,1,5.58295E+20,5.93592E+21,9.88027E+15,5.35689E+16
8696,2.17073E+18,2,1,16,136,2017,7,8,4,3,8,1,0,1,0,0,0,0,1,5.6704E+20,5.93026E+21,1.00111E+16,5.3517E+16
8697,2.17073E+18,2,1,16,136,2017,7,14,4,2,3,6,0,1,0,0,1,0,0,5.7013E+20,5.92946E+21,1.00575E+16,5.35094E+16
8698,3.17011E+18,3,4,54,18,2017,1,13,5,3,5,2,0,1,0,0,0,0,0,3.72141E+20,5.85663E+21,7.10152E+15,5.28443E+16
8699,2.17073E+18,2,1,8,125,2017,7,16,4,3,5,3,0,1,0,0,1,0,0,5.70594E+20,5.934E+21,1.00655E+16,5.35501E+16
8700,2.17073E+18,2,4,6,414,2017,7,8,4,3,0,7,1,1,0,0,0,0,1,5.67678E+20,5.93667E+21,1.00221E+16,5.35745E+16
8701,2.17042E+18,2,2,9,221,2017,4,13,7,3,6,7,1,0,1,0,0,0,0,5.57027E+20,5.93624E+21,9.86118E+15,5.3572E+16
8702,2.17073E+18,2,3,8,320,2017,7,20,4,3,3,6,0,1,0,0,1,0,0,5.60872E+20,5.93995E+21,9.91996E+15,5.36048E+16
8703,2.17073E+18,2,3,8,320,2017,7,9,4,3,3,6,0,1,0,0,1,0,1,5.60815E+20,5.94008E+21,9.91912E+15,5.3606E+16
8704,2.17042E+18,2,1,1,102,2017,4,12,7,3,2,6,0,1,0,0,0,0,0,5.65297E+20,5.93368E+21,9.98551E+15,5.35479E+16
8705,2.17073E+18,2,4,2,404,2017,7,19,4,3,5,3,0,1,0,0,0,0,0,5.65419E+20,5.93863E+21,9.98839E+15,5.35925E+16
8706,2.17073E+18,2,1,15,134,2017,7,11,3,3,2,6,0,1,0,0,1,0,1,5.67996E+20,5.93188E+21,1.00259E+16,5.35314E+16
8707,2.17042E+18,2,7,10,711,2017,4,12,6,3,3,6,0,1,0,0,0,0,0,5.63875E+20,5.92494E+21,9.96228E+15,5.34696E+16
8708,2.17073E+18,2,7,12,713,2017,7,10,3,3,1,6,0,0,0,0,1,0,1,5.60663E+20,5.92971E+21,9.91481E+15,5.35128E+16
8709,2.17042E+18,2,3,7,319,2017,4,11,6,3,2,6,0,1,0,0,0,0,0,5.6088E+20,5.94234E+21,9.92055E+15,5.36263E+16
8710,2.17072E+18,2,7,14,715,2017,7,12,2,3,2,2,0,1,0,0,0,0,0,5.54661E+20,5.92494E+21,9.82348E+15,5.34706E+16
8711,2.17042E+18,2,6,1,601,2017,4,15,5,3,2,2,0,0,0,1,1,0,0,5.79062E+20,5.9281E+21,1.01918E+16,5.34959E+16
8712,2.17072E+18,2,1,11,128,2017,7,3,1,2,2,6,0,1,0,0,1,2,0,5.72025E+20,5.93329E+21,1.00869E+16,5.35436E+16
8713,2.17042E+18,2,1,1,101,2017,4,19,5,3,2,6,0,1,0,0,0,0,0,5.66601E+20,5.93367E+21,1.00052E+16,5.35477E+16
8714,2.17042E+18,2,2,9,221,2017,4,17,4,3,0,3,1,1,0,0,0,0,0,5.56526E+20,5.93626E+21,9.85363E+15,5.35721E+16
8715,2.17112E+18,2,3,6,318,2017,11,17,4,3,4,7,0,1,0,0,0,2,0,5.63495E+20,5.94038E+21,9.95969E+15,5.36084E+16
8716,2.17042E+18,2,1,6,115,2017,4,16,3,3,2,6,0,1,0,0,0,0,0,5.66799E+20,5.9337E+21,1.00082E+16,5.3548E+16
8717,2.17042E+18,2,2,5,215,2017,4,13,3,3,3,2,1,1,0,0,0,0,0,5.61691E+20,5.93536E+21,9.93142E+15,5.35634E+16
8718,2.17112E+18,2,3,6,318,2017,11,17,4,3,5,3,0,1,0,0,0,1,1,5.62855E+20,5.94141E+21,9.95023E+15,5.36177E+16
8719,2.17042E+18,2,3,1,306,2017,4,18,3,3,4,6,1,0,0,0,0,0,0,5.63431E+20,5.9364E+21,9.95791E+15,5.35726E+16
8720,2.17112E+18,2,3,5,317,2017,11,18,4,3,0,7,0,0,0,1,0,2,0,5.63667E+20,5.93978E+21,9.96217E+15,5.3603E+16
8721,2.17042E+18,2,3,1,304,2017,4,16,3,3,5,3,1,1,0,0,0,0,0,5.61937E+20,5.93714E+21,9.9355E+15,5.35794E+16
8722,2.17042E+18,2,2,3,209,2017,4,17,3,3,2,6,0,1,0,0,1,0,0,5.62607E+20,5.93534E+21,9.94525E+15,5.35632E+16
8723,2.17112E+18,2,7,10,711,2017,11,17,3,3,6,2,0,1,1,0,0,2,1,5.63893E+20,5.92494E+21,9.96254E+15,5.34696E+16
8724,2.17042E+18,2,2,7,219,2017,4,14,2,3,9,1,0,1,0,0,0,0,0,5.59477E+20,5.93465E+21,9.89787E+15,5.35574E+16
8725,2.17112E+18,2,1,6,115,2017,11,16,3,3,3,6,0,1,0,0,1,2,1,5.67517E+20,5.93332E+21,1.00189E+16,5.35445E+16
8726,2.17042E+18,2,3,7,319,2017,4,15,2,3,2,6,0,1,0,0,0,0,0,5.61068E+20,5.94316E+21,9.92355E+15,5.36337E+16
8727,2.17112E+18,2,4,12,431,2017,11,5,3,3,2,6,0,1,0,0,0,2,1,5.64783E+20,5.94471E+21,9.98006E+15,5.36471E+16
8728,2.17042E+18,2,1,6,115,2017,4,13,7,3,2,6,0,1,0,0,0,0,1,5.67729E+20,5.9332E+21,1.00221E+16,5.35434E+16
8729,2.17112E+18,2,3,7,319,2017,11,16,3,3,5,3,1,1,0,0,0,2,1,5.60138E+20,5.94402E+21,9.90966E+15,5.36415E+16
8730,2.17112E+18,2,2,3,209,2017,11,16,3,3,3,2,1,1,0,0,0,1,1,5.62616E+20,5.93532E+21,9.94539E+15,5.3563E+16
8731,2.17042E+18,2,3,7,319,2017,4,14,7,3,2,6,0,1,0,0,0,0,1,5.61818E+20,5.94467E+21,9.93519E+15,5.36472E+16
8732,2.17112E+18,2,3,8,320,2017,11,19,2,3,4,2,0,1,0,0,0,2,1,5.60071E+20,5.94168E+21,9.90819E+15,5.36204E+16
8733,2.17112E+18,2,4,1,402,2017,11,16,2,3,6,2,0,1,1,0,0,0,1,5.64649E+20,5.93807E+21,9.97664E+15,5.35875E+16
8734,2.17041E+18,2,7,14,715,2017,4,4,6,3,8,1,0,1,0,0,0,2,0,5.54187E+20,5.92479E+21,9.81632E+15,5.34693E+16
8735,2.17112E+18,2,7,2,703,2017,11,23,7,3,3,1,0,1,0,0,1,2,1,5.6835E+20,5.92288E+21,1.00292E+16,5.34505E+16
8736,3.17011E+18,3,4,54,10,2017,1,18,5,2,3,6,0,1,0,0,1,2,0,3.83373E+20,5.80012E+21,7.28813E+15,5.23389E+16
8737,2.17112E+18,2,2,3,209,2017,11,15,7,3,2,6,0,1,0,0,0,0,1,5.62138E+20,5.93539E+21,9.93818E+15,5.35637E+16
8738,2.17072E+18,2,2,6,218,2017,7,9,1,3,5,3,0,1,0,0,0,0,1,5.58152E+20,5.936E+21,9.87812E+15,5.35696E+16
8739,3.17011E+18,3,4,54,12,2017,1,11,5,3,5,3,0,1,0,0,1,0,1,4.00899E+20,5.81508E+21,7.54085E+15,5.24769E+16
8740,2.17072E+18,2,3,7,319,2017,7,23,1,3,0,6,0,1,0,0,0,2,0,5.61498E+20,5.94453E+21,9.93033E+15,5.36459E+16
8741,3.17011E+18,3,4,62,19,2017,1,11,5,3,2,2,0,1,0,0,0,0,0,4.19282E+20,5.93309E+21,7.78194E+15,5.35405E+16
8742,2.17112E+18,2,3,8,320,2017,11,16,6,3,2,6,0,1,0,0,1,2,0,5.60372E+20,5.94127E+21,9.91267E+15,5.36167E+16
8743,2.17072E+18,2,3,5,317,2017,7,3,7,3,0,7,1,0,0,0,0,2,0,5.63792E+20,5.93943E+21,9.96397E+15,5.35998E+16
8744,3.17011E+18,3,4,53,2,2017,1,8,5,3,5,3,0,1,0,0,0,0,1,4.30493E+20,5.87332E+21,7.96415E+15,5.30049E+16
8745,2.17112E+18,2,1,15,134,2017,11,10,5,3,3,6,0,1,0,0,1,0,1,5.6778E+20,5.93131E+21,1.00225E+16,5.35263E+16
8746,3.17011E+18,3,4,60,9,2017,1,7,5,3,5,3,1,1,0,0,0,2,1,4.51513E+20,5.84179E+21,8.28207E+15,5.27238E+16
8747,3.17011E+18,3,4,60,9,2017,1,0,5,2,9,1,0,1,0,0,0,2,1,4.50867E+20,5.83799E+21,8.27307E+15,5.26896E+16
8748,2.17112E+18,2,6,2,603,2017,11,14,5,2,2,6,0,1,0,0,1,0,0,5.80418E+20,5.92594E+21,1.02117E+16,5.34763E+16
8749,3.17011E+18,3,4,55,26,2017,1,14,5,3,5,3,1,1,0,0,0,0,0,4.42625E+20,5.91637E+21,8.1372E+15,5.33933E+16
8750,3.17011E+18,3,3,61,1,2017,1,13,5,3,5,3,1,1,0,0,0,0,0,4.9991E+20,5.87457E+21,8.99865E+15,5.30207E+16
8751,2.17112E+18,2,6,1,601,2017,11,7,5,3,5,3,1,1,0,0,0,0,0,5.79769E+20,5.92759E+21,1.02023E+16,5.34912E+16
8752,2.17112E+18,2,1,6,117,2017,11,12,5,3,2,2,0,1,0,0,1,0,1,5.68009E+20,5.93411E+21,1.00265E+16,5.35514E+16
8753,3.17011E+18,3,2,51,24,2017,1,14,5,3,2,2,0,1,0,0,0,0,0,4.92648E+20,5.83807E+21,8.89122E+15,5.26925E+16
8754,3.17011E+18,3,4,60,1,2017,1,13,5,3,2,6,0,1,0,0,0,0,0,4.44167E+20,5.84235E+21,8.17322E+15,5.27281E+16
8755,2.17112E+18,2,3,7,319,2017,11,20,5,3,5,3,1,1,0,0,0,0,0,5.60166E+20,5.94244E+21,9.90977E+15,5.36273E+16
8756,2.17112E+18,2,4,4,407,2017,11,19,5,3,1,6,0,1,0,0,1,2,1,5.65313E+20,5.9398E+21,9.98704E+15,5.36029E+16
8757,3.17011E+18,3,4,58,5,2017,1,6,5,3,5,3,1,1,0,0,0,2,2,4.71764E+20,5.87958E+21,8.57862E+15,5.3065E+16
8758,2.17112E+18,2,2,3,208,2017,11,10,5,3,0,5,0,0,0,0,1,0,0,5.6288E+20,5.93523E+21,9.94935E+15,5.35622E+16
8759,3.17011E+18,3,3,53,5,2017,1,22,5,3,3,6,0,1,0,0,0,2,0,5.59177E+20,5.91393E+21,9.88945E+15,5.33711E+16
8760,2.17112E+18,2,4,5,409,2017,11,9,4,3,2,6,0,0,0,1,1,0,1,5.65942E+20,5.93883E+21,9.99633E+15,5.35941E+16
8761,2.17072E+18,2,3,6,318,2017,7,18,6,3,5,2,0,1,0,0,0,0,0,5.63347E+20,5.94473E+21,9.95834E+15,5.36475E+16
8762,2.17072E+18,2,3,7,319,2017,7,14,6,3,3,6,0,1,0,0,1,0,0,5.61873E+20,5.94469E+21,9.93603E+15,5.36473E+16
8763,2.17072E+18,2,1,1,101,2017,7,21,6,3,8,1,0,0,0,1,0,2,0,5.66605E+20,5.93367E+21,1.00053E+16,5.35477E+16
8764,2.17072E+18,2,7,14,715,2017,7,13,5,3,2,6,0,1,0,0,0,0,1,5.56205E+20,5.9252E+21,9.84679E+15,5.34728E+16
8765,2.17072E+18,2,1,6,117,2017,7,19,5,3,2,2,0,1,0,0,0,0,0,5.6801E+20,5.9341E+21,1.00265E+16,5.35514E+16
8766,2.17072E+18,2,4,5,410,2017,7,17,5,3,6,6,1,0,1,0,0,0,0,5.67292E+20,5.93816E+21,1.00166E+16,5.3588E+16
8767,2.17072E+18,2,3,8,320,2017,7,17,5,3,5,2,0,1,0,0,0,0,0,5.60032E+20,5.9414E+21,9.90755E+15,5.3618E+16
8768,2.17072E+18,2,2,5,216,2017,7,18,5,3,4,2,1,1,0,0,0,0,0,5.59437E+20,5.93555E+21,9.89744E+15,5.35655E+16
8769,2.17072E+18,2,2,7,219,2017,7,13,5,3,2,6,0,1,0,0,1,0,0,5.59455E+20,5.93472E+21,9.89755E+15,5.3558E+16
8770,2.17072E+18,2,2,5,216,2017,7,12,5,3,1,2,0,1,0,0,1,0,1,5.59427E+20,5.93557E+21,9.8973E+15,5.35656E+16
8771,3.17011E+18,3,3,53,31,2017,1,6,5,1,2,6,0,1,0,1,0,2,0,5.68568E+20,5.91244E+21,1.00303E+16,5.33567E+16
8772,2.17072E+18,2,1,1,102,2017,7,12,5,3,2,6,0,1,0,0,1,0,1,5.65357E+20,5.93366E+21,9.98641E+15,5.35477E+16
8773,3.17011E+18,3,3,53,16,2017,1,11,5,3,1,5,0,1,0,0,1,0,0,5.60897E+20,5.90282E+21,9.91316E+15,5.32711E+16
8774,3.17011E+18,3,3,59,10,2017,1,6,5,3,4,2,1,0,0,0,0,2,1,5.45737E+20,5.92475E+21,9.68902E+15,5.34698E+16
8775,3.17011E+18,3,3,58,20,2017,1,21,5,3,6,4,0,1,1,0,0,2,0,5.41862E+20,5.83684E+21,9.61921E+15,5.26799E+16
8776,3.17011E+18,3,3,57,35,2017,1,10,5,3,5,3,0,1,0,0,0,0,0,5.01843E+20,5.92484E+21,9.02776E+15,5.34725E+16
8777,2.17111E+18,2,7,9,710,2017,11,13,3,3,3,6,0,1,0,0,1,0,1,5.61082E+20,5.92189E+21,9.91961E+15,5.34425E+16
8778,3.17011E+18,3,3,57,8,2017,1,15,5,3,5,3,1,1,0,0,0,0,0,5.10215E+20,5.92622E+21,9.15394E+15,5.34848E+16
8779,3.17011E+18,3,3,54,4,2017,1,10,5,3,5,2,0,1,0,0,0,0,1,6.37653E+20,5.88365E+21,1.10553E+16,5.30845E+16
8780,2.17111E+18,2,6,1,601,2017,11,7,3,3,5,3,1,1,0,0,0,0,0,5.79059E+20,5.9281E+21,1.01918E+16,5.3496E+16
8781,3.17011E+18,3,3,54,24,2017,1,6,5,2,8,1,0,1,0,0,0,2,2,6.27856E+20,5.87394E+21,1.09052E+16,5.29997E+16
8782,3.17011E+18,3,3,51,4,2017,1,14,5,2,1,5,0,1,0,1,0,0,0,5.6497E+20,5.8514E+21,9.96386E+15,5.28085E+16
8783,2.17111E+18,2,6,2,603,2017,11,9,3,3,3,6,0,1,0,0,0,0,0,5.80638E+20,5.92703E+21,1.02153E+16,5.34861E+16
8784,2.17072E+18,2,7,14,715,2017,7,15,4,3,5,3,1,1,0,0,0,0,0,5.56906E+20,5.92509E+21,9.85733E+15,5.34717E+16
8785,3.17011E+18,3,2,41,2,2017,1,18,5,3,5,3,0,1,0,0,0,2,0,5.27935E+20,5.79826E+21,9.40997E+15,5.2334E+16
8786,3.17011E+18,3,2,57,10,2017,1,16,5,3,4,7,0,1,0,0,0,2,0,5.24675E+20,5.80952E+21,9.36297E+15,5.24353E+16
8787,2.17111E+18,2,3,1,306,2017,11,19,3,3,3,2,1,1,0,0,0,2,1,5.63426E+20,5.93639E+21,9.95783E+15,5.35725E+16
8788,3.17011E+18,3,2,41,2,2017,1,11,5,2,8,1,0,1,0,0,0,0,0,5.35764E+20,5.79773E+21,9.52481E+15,5.23287E+16
8789,3.17011E+18,3,2,57,6,2017,1,1,5,3,3,7,0,1,0,0,1,2,0,5.27757E+20,5.7982E+21,9.40735E+15,5.23334E+16
8790,3.17011E+18,3,1,59,18,2017,1,23,5,3,8,1,0,1,0,0,0,2,2,5.82028E+20,5.72135E+21,1.01853E+16,5.16372E+16
8791,2.17072E+18,2,1,14,133,2017,7,16,4,3,3,6,0,0,0,1,1,0,0,5.6833E+20,5.93269E+21,1.00311E+16,5.35386E+16
8792,2.17072E+18,2,6,2,602,2017,7,8,3,3,4,2,1,1,0,0,0,0,0,5.80674E+20,5.92705E+21,1.02158E+16,5.34862E+16
8793,2.17072E+18,2,1,6,117,2017,7,15,3,3,5,2,1,1,0,0,0,0,0,5.68161E+20,5.93371E+21,1.00287E+16,5.35478E+16