OBJECTID,UIDENTSTLA,ULAND,UREGBEZ,UKREIS,UGEMEINDE,UJAHR,UMONAT,USTUNDE,UWOCHENTAG,UKATEGORIE,UART,UTYP1,IstRad,IstPKW,IstFuss,IstKrad,IstSonstig,LICHT,STRZUSTAND,LINREFX,LINREFY,XGCSWGS84,YGCSWGS84
8794,2.17072E+18,2,4,2,403,2017,7,21,3,3,5,2,0,1,0,0,0,2,0,5.65124E+20,5.93863E+21,9.98393E+15,5.35925E+16
8795,2.17072E+18,2,6,2,602,2017,7,18,1,3,2,6,0,1,0,0,0,0,1,5.7995E+20,5.92726E+21,1.0205E+16,5.34882E+16
8796,2.17072E+18,2,3,7,319,2017,7,9,1,3,4,7,0,1,0,0,0,0,0,5.61878E+20,5.94469E+21,9.93611E+15,5.36473E+16
8797,2.17072E+18,2,1,12,130,2017,7,16,7,3,3,6,0,1,0,0,1,0,0,5.7505E+20,5.93159E+21,1.01322E+16,5.35278E+16
8798,2.17072E+18,2,1,6,117,2017,7,16,7,3,2,6,0,1,0,0,0,0,0,5.6838E+20,5.93326E+21,1.00319E+16,5.35437E+16
8799,2.17072E+18,2,2,6,218,2017,7,19,7,3,2,6,0,1,0,0,0,0,0,5.58037E+20,5.93607E+21,9.87639E+15,5.35703E+16
8800,2.17071E+18,2,1,12,130,2017,7,7,6,3,2,6,0,1,0,0,1,0,0,5.76164E+20,5.93405E+21,1.01496E+16,5.35498E+16
8801,2.17041E+18,2,7,14,715,2017,4,2,6,2,5,3,0,1,0,0,0,2,0,5.55751E+20,5.92514E+21,9.83994E+15,5.34723E+16
8802,2.17071E+18,2,1,8,124,2017,7,7,6,2,0,2,0,1,0,1,0,0,0,5.68946E+20,5.93426E+21,1.00407E+16,5.35527E+16
8803,2.17041E+18,2,7,1,702,2017,4,7,6,2,8,1,0,1,0,0,0,0,0,5.64734E+20,5.92295E+21,9.97481E+15,5.34516E+16
8804,2.17041E+18,2,4,4,407,2017,4,18,6,3,2,6,0,1,0,0,0,0,1,5.65833E+20,5.94059E+21,9.99505E+15,5.361E+16
8805,2.17041E+18,2,7,9,710,2017,4,8,5,3,3,6,0,1,0,0,1,0,0,5.6104E+20,5.92209E+21,9.91902E+15,5.34443E+16
8806,2.17111E+18,2,7,10,711,2017,11,13,2,3,2,2,0,1,0,0,0,0,0,5.60081E+20,5.92504E+21,9.90515E+15,5.34709E+16
8807,2.17041E+18,2,1,16,136,2017,4,8,5,3,3,6,0,1,0,0,1,0,0,5.68857E+20,5.92826E+21,1.0038E+16,5.34988E+16
8808,2.17111E+18,2,2,6,218,2017,11,12,2,3,3,6,0,1,0,0,1,0,0,5.57478E+20,5.93617E+21,9.86798E+15,5.35713E+16
8809,2.17041E+18,2,1,8,125,2017,4,15,5,3,5,3,1,1,0,0,0,0,1,5.70062E+20,5.9341E+21,1.00575E+16,5.35511E+16
8810,2.17111E+18,2,3,1,304,2017,11,8,2,3,3,6,0,0,0,1,1,0,0,5.62564E+20,5.93643E+21,9.94482E+15,5.3573E+16
8811,2.17111E+18,2,4,1,402,2017,11,7,2,3,5,3,1,1,0,0,0,1,0,5.64421E+20,5.93789E+21,9.97316E+15,5.35859E+16
8812,2.17041E+18,2,1,8,124,2017,4,10,5,3,2,6,0,1,0,0,1,0,0,5.69637E+20,5.93418E+21,1.00511E+16,5.35519E+16
8813,2.17111E+18,2,4,2,403,2017,11,8,2,3,5,2,0,1,0,0,0,0,0,5.64677E+20,5.93808E+21,9.97707E+15,5.35876E+16
8814,2.17041E+18,2,2,12,225,2017,4,13,5,2,6,4,0,1,1,0,0,0,0,5.54441E+20,5.93672E+21,9.82222E+15,5.35765E+16
8815,2.17111E+18,2,3,7,319,2017,11,18,1,3,2,6,0,1,0,0,0,2,0,5.61331E+20,5.94394E+21,9.92769E+15,5.36407E+16
8816,2.17041E+18,2,7,14,715,2017,4,18,4,3,3,6,0,1,0,0,0,0,1,5.56625E+20,5.92518E+21,9.85311E+15,5.34726E+16
8817,2.17041E+18,2,7,13,714,2017,4,12,4,3,2,6,0,1,0,0,1,0,1,5.58219E+20,5.92513E+21,9.87711E+15,5.3472E+16
8818,2.17111E+18,2,3,5,317,2017,11,17,1,2,6,4,0,1,1,0,0,2,0,5.64071E+20,5.93819E+21,9.96794E+15,5.35887E+16
8819,2.17041E+18,2,7,10,711,2017,4,17,4,3,2,6,0,1,0,0,1,0,1,5.64769E+20,5.92451E+21,9.97566E+15,5.34656E+16
8820,2.17111E+18,2,7,1,702,2017,11,3,7,3,8,1,0,1,0,0,0,2,1,5.65116E+20,5.92434E+21,9.98085E+15,5.3464E+16
8821,2.17041E+18,2,7,10,711,2017,4,12,4,3,5,3,1,1,0,0,0,0,0,5.62765E+20,5.92509E+21,9.94558E+15,5.34711E+16
8822,2.17111E+18,2,4,5,409,2017,11,16,7,3,4,1,0,1,0,1,0,1,1,5.65867E+20,5.93877E+21,9.99518E+15,5.35937E+16
8823,2.17111E+18,2,4,8,418,2017,11,5,7,3,2,6,0,1,0,0,1,2,1,5.67813E+20,5.93648E+21,1.00241E+16,5.35728E+16
8824,2.17041E+18,2,1,7,120,2017,4,15,4,3,6,4,0,0,1,0,1,0,1,5.68749E+20,5.93513E+21,1.00379E+16,5.35605E+16
8825,2.17111E+18,2,3,9,321,2017,11,22,7,3,2,6,0,1,0,0,0,2,1,5.61721E+20,5.93793E+21,9.93239E+15,5.35866E+16
8826,2.17111E+18,2,3,6,318,2017,11,16,7,3,6,2,0,1,1,0,0,1,1,5.62093E+20,5.9422E+21,9.93886E+15,5.36249E+16
8827,3.17011E+18,3,1,55,5,2017,1,8,5,3,5,3,0,1,0,0,1,0,1,5.59478E+20,5.72187E+21,9.8596E+15,5.16447E+16
8828,2.17041E+18,2,3,5,317,2017,4,12,4,3,0,5,0,1,0,0,1,0,1,5.63969E+20,5.93883E+21,9.96653E+15,5.35944E+16
8829,2.17041E+18,2,6,11,612,2017,4,13,3,3,2,6,0,1,0,0,0,0,1,5.72333E+20,5.92933E+21,1.00907E+16,5.35079E+16
8830,2.17111E+18,2,4,2,404,2017,11,5,7,3,0,1,0,1,0,0,0,2,1,5.65715E+20,5.93867E+21,9.99288E+15,5.35928E+16
8831,2.17071E+18,2,1,6,117,2017,7,9,6,3,4,6,1,0,0,0,0,0,0,5.68092E+20,5.93381E+21,1.00277E+16,5.35488E+16
8832,3.17011E+18,3,2,54,2,2017,1,6,5,3,5,3,0,1,0,0,1,2,1,5.55564E+20,5.75764E+21,9.80878E+15,5.19666E+16
8833,2.17041E+18,2,7,14,715,2017,4,15,2,3,0,7,0,0,0,0,1,0,0,5.57348E+20,5.92507E+21,9.86398E+15,5.34715E+16
8834,2.17111E+18,2,7,14,715,2017,11,11,6,3,2,6,0,0,0,0,1,0,1,5.55291E+20,5.92506E+21,9.833E+15,5.34716E+16
8835,3.17011E+18,3,2,54,26,2017,1,11,5,3,2,6,0,1,0,0,1,0,0,5.58433E+20,5.77927E+21,9.85424E+15,5.21608E+16
8836,3.17011E+18,3,1,59,35,2017,1,5,5,3,2,6,0,1,0,0,0,2,1,5.72006E+20,5.71259E+21,1.00387E+16,5.15598E+16
8837,2.17041E+18,2,6,2,603,2017,4,16,2,2,6,4,0,1,1,0,0,0,0,5.8109E+20,5.9267E+21,1.0222E+16,5.3483E+16
8838,2.17111E+18,2,7,10,711,2017,11,20,6,3,3,1,0,1,0,0,1,2,1,5.61658E+20,5.92398E+21,9.9287E+15,5.34612E+16
8839,3.17011E+18,3,1,59,13,2017,1,15,5,3,9,6,0,1,0,0,0,0,2,5.6459E+20,5.69693E+21,9.9289E+15,5.14199E+16
8840,3.17011E+18,3,1,54,12,2017,1,12,5,3,0,6,0,1,0,0,1,0,0,6.31073E+20,5.77243E+21,1.09131E+16,5.20869E+16
8841,2.17111E+18,2,2,5,215,2017,11,13,6,3,6,7,0,1,1,0,0,0,1,5.60991E+20,5.9354E+21,9.92087E+15,5.3564E+16
8842,2.17111E+18,2,7,14,715,2017,11,18,5,3,2,6,0,1,0,0,0,2,0,5.55655E+20,5.92512E+21,9.83848E+15,5.34722E+16
8843,3.17011E+18,3,1,3,0,2017,1,13,5,2,2,6,0,1,0,0,0,0,2,6.22956E+20,5.81144E+21,1.08089E+16,5.24393E+16
8844,3.17011E+18,3,1,2,0,2017,1,7,5,3,8,7,0,1,0,0,0,2,0,5.95826E+20,5.76745E+21,1.03974E+16,5.20494E+16
8845,2.17111E+18,2,1,6,115,2017,11,14,5,3,3,6,0,0,0,0,1,0,0,5.66864E+20,5.93368E+21,1.00092E+16,5.35478E+16
8846,2.17111E+18,2,1,14,133,2017,11,15,5,3,2,6,0,1,0,0,0,0,0,5.6815E+20,5.93222E+21,1.00283E+16,5.35345E+16
8847,3.17011E+18,3,1,57,6,2017,1,10,5,2,8,1,0,1,0,0,0,0,0,5.87516E+20,5.79368E+21,1.0283E+16,5.22865E+16
8848,2.17111E+18,2,2,5,217,2017,11,15,5,3,1,6,0,1,0,0,0,0,0,5.57629E+20,5.93616E+21,9.87026E+15,5.35712E+16
8849,3.17011E+18,3,1,57,6,2017,1,8,5,3,4,2,0,1,0,0,0,0,1,5.84215E+20,5.79865E+21,1.02359E+16,5.23317E+16
8850,2.17111E+18,2,3,6,318,2017,11,15,5,3,4,2,0,1,0,0,1,0,0,5.63424E+20,5.94052E+21,9.95863E+15,5.36097E+16
8851,2.17071E+18,2,1,8,124,2017,7,11,6,3,4,2,0,1,0,0,0,0,0,5.68957E+20,5.93425E+21,1.00409E+16,5.35526E+16
8852,2.17111E+18,2,1,16,136,2017,11,9,4,3,3,6,0,1,0,0,1,0,0,5.68643E+20,5.92781E+21,1.00347E+16,5.34947E+16
8853,2.17071E+18,2,4,5,411,2017,7,12,6,3,4,6,1,0,0,0,0,0,0,5.67314E+20,5.93811E+21,1.00169E+16,5.35875E+16
8854,2.17071E+18,2,3,6,318,2017,7,8,5,3,2,6,0,1,0,0,0,0,0,5.6285E+20,5.9449E+21,9.95085E+15,5.36491E+16
8855,2.17041E+18,2,1,14,132,2017,4,2,2,3,5,3,0,1,0,0,0,2,0,5.68417E+20,5.93289E+21,1.00324E+16,5.35404E+16
8856,2.17111E+18,2,1,14,133,2017,11,0,4,3,4,2,0,1,0,0,0,2,0,5.68338E+20,5.93259E+21,1.00312E+16,5.35377E+16
8857,2.17111E+18,2,3,9,321,2017,11,17,4,3,2,6,0,1,0,0,0,2,0,5.61073E+20,5.93933E+21,9.92288E+15,5.35992E+16
8858,3.1701E+18,3,4,59,20,2017,1,14,4,3,6,7,0,1,1,0,0,0,1,4.30263E+20,5.78331E+21,7.97971E+15,5.21958E+16
8859,2.17041E+18,2,4,5,409,2017,4,19,2,3,0,7,1,1,0,0,0,1,1,5.66064E+20,5.93886E+21,9.99818E+15,5.35944E+16
8860,2.17111E+18,2,2,3,208,2017,11,8,4,3,0,7,1,0,0,0,0,0,0,5.63158E+20,5.93517E+21,9.95354E+15,5.35616E+16
8861,3.1701E+18,3,4,59,9,2017,1,21,4,3,9,1,0,1,0,0,0,2,2,4.15469E+20,5.82989E+21,7.75154E+15,5.26124E+16
8862,2.17111E+18,2,7,2,703,2017,11,16,3,3,2,6,0,1,0,0,1,0,1,5.67972E+20,5.92495E+21,1.0024E+16,5.34691E+16
8863,2.17071E+18,2,7,8,709,2017,7,18,4,3,2,2,0,1,0,0,1,0,1,5.62208E+20,5.92146E+21,9.93648E+15,5.34385E+16
8864,2.17111E+18,2,1,15,134,2017,11,5,3,3,3,6,0,1,0,0,1,2,1,5.67858E+20,5.93161E+21,1.00237E+16,5.3529E+16
8865,2.17071E+18,2,1,16,136,2017,7,14,4,3,1,6,0,1,0,0,1,0,1,5.68736E+20,5.92799E+21,1.00362E+16,5.34964E+16
8866,2.17071E+18,2,6,2,602,2017,7,14,4,3,6,2,0,1,1,0,0,0,1,5.80335E+20,5.92717E+21,1.02108E+16,5.34873E+16
8867,2.17071E+18,2,1,12,130,2017,7,6,4,3,2,6,0,1,0,0,0,0,1,5.75247E+20,5.93147E+21,1.01351E+16,5.35267E+16
8868,2.17071E+18,2,1,12,130,2017,7,6,4,3,5,6,0,1,0,0,0,0,1,5.75242E+20,5.93147E+21,1.01351E+16,5.35268E+16
8869,3.1701E+18,3,4,4,0,2017,1,18,4,3,2,6,0,1,0,0,0,2,0,4.34509E+20,5.79196E+21,8.04013E+15,5.22741E+16
8870,2.17111E+18,2,6,1,601,2017,11,9,3,3,4,2,0,1,0,0,0,0,1,5.79782E+20,5.92758E+21,1.02025E+16,5.34911E+16
8871,2.17071E+18,2,3,7,319,2017,7,20,4,3,2,6,0,1,0,0,0,0,0,5.61566E+20,5.94269E+21,9.931E+15,5.36293E+16
8872,3.1701E+18,3,4,57,13,2017,1,18,4,2,4,1,0,1,0,0,0,2,1,4.0096E+20,5.90266E+21,7.5151E+15,5.32639E+16
8873,2.17111E+18,2,2,9,221,2017,11,10,3,2,5,3,0,1,0,0,0,0,0,5.5544E+20,5.93643E+21,9.83726E+15,5.35738E+16
8874,3.1701E+18,3,4,54,56,2017,1,14,4,2,9,1,0,1,0,0,0,0,2,3.82374E+20,5.8658E+21,7.25007E+15,5.2929E+16
8875,3.1701E+18,3,4,52,1,2017,1,17,4,3,5,3,1,1,0,0,0,2,1,3.98061E+20,5.92582E+21,7.46419E+15,5.34714E+16
8876,2.17111E+18,2,2,3,209,2017,11,7,3,3,5,2,0,1,0,0,1,1,1,5.62523E+20,5.93604E+21,9.94413E+15,5.35695E+16
8877,3.1701E+18,3,4,55,27,2017,1,11,4,3,5,3,1,1,0,0,0,0,1,4.31792E+20,5.91929E+21,7.97368E+15,5.34182E+16
8878,3.1701E+18,3,3,61,1,2017,1,23,4,3,5,3,0,1,0,0,0,2,0,5.04212E+20,5.87506E+21,9.06279E+15,5.30251E+16
8879,2.17111E+18,2,7,14,715,2017,11,18,2,3,2,6,0,1,0,0,0,2,0,5.56393E+20,5.92519E+21,9.84963E+15,5.34727E+16
8880,2.17111E+18,2,7,14,715,2017,11,8,2,3,6,4,0,1,1,0,0,0,0,5.5492E+20,5.92499E+21,9.82739E+15,5.34711E+16
8881,3.1701E+18,3,3,61,9,2017,1,8,4,2,3,6,0,1,0,0,1,0,2,5.09728E+20,5.8808E+21,9.14522E+15,5.30766E+16
8882,3.1701E+18,3,3,61,5,2017,1,9,4,3,8,1,0,0,0,0,1,0,2,5.24815E+20,5.86272E+21,9.36903E+15,5.29136E+16
8883,2.17111E+18,2,2,14,227,2017,11,16,2,3,4,2,1,1,0,0,0,1,1,5.49896E+20,5.93739E+21,9.75369E+15,5.3583E+16
8884,3.1701E+18,3,4,51,5,2017,1,18,4,3,2,6,0,1,0,0,0,2,1,4.42971E+20,5.90693E+21,8.1441E+15,5.33085E+16
8885,2.17111E+18,2,2,5,216,2017,11,18,2,3,2,6,0,1,0,0,0,2,0,5.605E+20,5.93553E+21,9.91348E+15,5.35651E+16
8886,3.1701E+18,3,4,51,2,2017,1,20,4,3,3,6,0,1,0,1,0,2,2,4.30467E+20,5.89069E+21,7.96002E+15,5.3161E+16
8887,3.1701E+18,3,2,51,37,2017,1,9,4,3,8,1,0,1,0,0,0,0,2,4.84697E+20,5.87429E+21,8.77188E+15,5.30179E+16
8888,2.17071E+18,2,7,11,712,2017,7,12,3,3,1,6,0,1,0,0,1,0,0,5.60609E+20,5.92797E+21,9.91367E+15,5.34972E+16
8889,2.17071E+18,2,7,1,702,2017,7,17,3,3,4,3,0,1,0,0,1,0,0,5.65932E+20,5.92363E+21,9.99299E+15,5.34576E+16
8890,2.17071E+18,2,3,7,319,2017,7,11,3,3,2,6,0,1,0,0,0,0,1,5.61511E+20,5.9448E+21,9.93057E+15,5.36483E+16
8891,2.17071E+18,2,2,1,206,2017,7,16,3,3,6,6,1,0,1,0,0,0,1,5.63278E+20,5.93513E+21,9.95534E+15,5.35612E+16
8892,2.17071E+18,2,1,16,136,2017,7,7,2,3,3,6,0,1,0,0,1,0,0,5.6852E+20,5.92759E+21,1.00328E+16,5.34928E+16
8893,2.17071E+18,2,4,7,417,2017,7,17,2,3,2,6,0,1,0,0,0,0,1,5.67961E+20,5.9349E+21,1.0026E+16,5.35586E+16
8894,2.17071E+18,2,4,2,403,2017,7,14,2,3,5,3,1,1,0,0,0,0,1,5.64694E+20,5.93807E+21,9.97733E+15,5.35875E+16
8895,2.17071E+18,2,1,19,140,2017,7,14,1,3,6,7,0,0,1,1,0,0,0,5.61186E+20,5.93269E+21,9.92328E+15,5.35396E+16
8896,2.17071E+18,2,4,2,405,2017,7,18,1,3,3,6,0,1,0,1,0,0,0,5.65154E+20,5.93961E+21,9.98459E+15,5.36013E+16
8897,3.1701E+18,3,4,58,1,2017,1,20,4,3,9,1,0,1,0,0,0,2,2,4.72269E+20,5.85598E+21,8.58818E+15,5.28529E+16
8898,2.17071E+18,2,3,4,316,2017,7,15,1,3,4,2,1,1,0,0,0,0,0,5.64184E+20,5.93768E+21,9.96954E+15,5.3584E+16
8899,2.17071E+18,2,4,6,414,2017,7,18,7,3,1,6,0,1,0,0,0,0,0,5.67612E+20,5.93676E+21,1.00211E+16,5.35753E+16
8900,2.17041E+18,2,2,5,216,2017,4,16,2,3,0,7,0,1,0,1,0,0,0,5.60377E+20,5.93558E+21,9.91163E+15,5.35656E+16
8901,2.17041E+18,2,1,6,117,2017,4,15,1,2,0,1,0,0,0,1,0,0,0,5.68154E+20,5.93368E+21,1.00286E+16,5.35476E+16
8902,2.17041E+18,2,3,1,306,2017,4,12,1,2,5,3,1,1,0,0,0,0,0,5.62927E+20,5.9364E+21,9.9503E+15,5.35727E+16
8903,2.17041E+18,2,3,6,318,2017,4,10,7,3,5,3,1,1,0,0,0,0,0,5.61942E+20,5.94237E+21,9.93661E+15,5.36265E+16
8904,2.17041E+18,2,4,2,403,2017,4,15,6,3,5,3,1,1,0,0,0,0,0,5.65217E+20,5.93852E+21,9.98532E+15,5.35914E+16
8905,2.17111E+18,2,3,6,318,2017,11,9,2,3,0,2,1,1,0,0,0,0,0,5.62931E+20,5.94113E+21,9.95132E+15,5.36152E+16
8906,2.17041E+18,2,1,12,130,2017,4,12,5,3,2,6,0,1,0,0,1,0,0,5.76187E+20,5.93416E+21,1.015E+16,5.35508E+16
8907,2.17041E+18,2,1,11,129,2017,4,7,5,2,2,6,0,1,0,0,1,0,0,5.73026E+20,5.93567E+21,1.01026E+16,5.35648E+16
8908,2.17111E+18,2,3,7,319,2017,11,14,2,3,1,6,0,1,0,0,1,0,0,5.60219E+20,5.94292E+21,9.91067E+15,5.36316E+16
8909,2.17041E+18,2,3,9,321,2017,4,16,5,3,2,6,0,1,0,0,0,0,0,5.61029E+20,5.93872E+21,9.9221E+15,5.35937E+16
8910,2.17111E+18,2,1,3,107,2017,11,11,2,3,3,2,1,0,0,0,1,0,0,5.65147E+20,5.93373E+21,9.98326E+15,5.35484E+16
8911,2.17111E+18,2,1,1,101,2017,11,7,2,3,0,1,0,0,0,1,0,0,0,5.66576E+20,5.93366E+21,1.00048E+16,5.35477E+16
8912,2.17041E+18,2,2,7,219,2017,4,16,5,3,2,6,0,1,0,0,0,0,0,5.59433E+20,5.93443E+21,9.89717E+15,5.35554E+16
8913,2.17111E+18,2,7,3,704,2017,11,10,1,3,9,1,0,1,0,0,0,0,1,5.68378E+20,5.92252E+21,1.00296E+16,5.34472E+16
8914,2.17041E+18,2,4,7,417,2017,4,10,4,3,6,3,0,1,1,0,0,0,0,5.67983E+20,5.93472E+21,1.00263E+16,5.3557E+16
8915,2.17111E+18,2,1,7,119,2017,11,16,1,3,5,2,1,0,0,0,1,1,0,5.68936E+20,5.93456E+21,1.00406E+16,5.35554E+16
8916,2.17111E+18,2,1,4,111,2017,11,16,1,3,0,2,1,1,0,0,0,1,0,5.63868E+20,5.93465E+21,9.96415E+15,5.35569E+16
8917,2.17041E+18,2,2,5,216,2017,4,7,4,3,5,3,1,0,0,0,1,0,0,5.59531E+20,5.93554E+21,9.89885E+15,5.35653E+16
8918,2.1711E+18,2,2,5,217,2017,11,13,7,3,1,6,0,1,0,1,0,0,0,5.58882E+20,5.93581E+21,9.88911E+15,5.35679E+16
8919,2.17041E+18,2,2,3,209,2017,4,16,4,3,4,2,1,1,0,0,0,0,0,5.62055E+20,5.93539E+21,9.93694E+15,5.35637E+16
8920,2.1711E+18,2,3,4,316,2017,11,14,7,3,2,6,0,1,0,0,0,0,0,5.6383E+20,5.93723E+21,9.9641E+15,5.358E+16
8921,2.1711E+18,2,7,14,715,2017,11,8,6,3,2,6,0,1,0,0,1,0,0,5.5765E+20,5.92509E+21,9.86853E+15,5.34717E+16
8922,3.1701E+18,3,4,1,0,2017,1,17,4,3,5,2,0,1,0,0,0,2,1,4.74827E+20,5.87624E+21,8.62459E+15,5.3035E+16
8923,2.1704E+18,2,1,8,121,2017,4,19,3,3,2,2,0,1,0,0,0,0,0,5.68817E+20,5.93498E+21,1.00389E+16,5.35592E+16
8924,3.1701E+18,3,3,52,60,2017,1,9,4,3,9,1,0,0,0,0,1,0,2,4.74705E+20,5.90797E+21,8.62026E+15,5.33203E+16
8925,2.1704E+18,2,3,9,321,2017,4,7,3,3,2,6,0,1,0,0,0,0,0,5.60974E+20,5.93864E+21,9.92125E+15,5.35931E+16
8926,2.1711E+18,2,1,6,117,2017,11,11,6,3,6,2,0,1,1,0,0,0,0,5.68161E+20,5.93371E+21,1.00287E+16,5.35478E+16
8927,2.1704E+18,2,4,3,406,2017,4,18,3,3,2,6,0,1,0,0,0,0,0,5.65295E+20,5.93984E+21,9.98677E+15,5.36033E+16
8928,2.1711E+18,2,4,5,411,2017,11,8,6,3,7,7,1,0,0,0,0,0,0,5.67363E+20,5.93799E+21,1.00176E+16,5.35864E+16
8929,3.1701E+18,3,3,52,32,2017,1,7,4,3,2,6,0,1,0,0,0,1,2,4.74639E+20,5.92562E+21,8.61786E+15,5.3479E+16
8930,3.1701E+18,3,3,59,38,2017,1,10,4,3,8,1,0,1,0,0,0,0,1,5.3582E+20,5.93623E+21,9.54094E+15,5.35737E+16
8931,2.1704E+18,2,4,6,414,2017,4,16,2,3,3,7,0,1,0,1,0,0,0,5.67467E+20,5.93729E+21,1.0019E+16,5.35802E+16
8932,2.1704E+18,2,1,1,102,2017,4,11,2,3,2,6,0,1,0,0,1,0,0,5.65402E+20,5.93365E+21,9.98709E+15,5.35476E+16
8933,2.1711E+18,2,3,6,318,2017,11,13,6,3,4,2,0,1,0,0,0,0,0,5.62612E+20,5.94156E+21,9.94658E+15,5.36191E+16
8934,2.1704E+18,2,7,9,710,2017,4,3,1,3,9,1,0,1,0,0,0,2,0,5.62669E+20,5.92163E+21,9.94345E+15,5.344E+16
8935,2.1711E+18,2,7,2,703,2017,11,15,5,2,3,6,0,0,0,0,1,0,0,5.68188E+20,5.92378E+21,1.0027E+16,5.34586E+16
8936,2.1704E+18,2,1,8,124,2017,4,3,1,3,2,6,0,1,0,0,0,2,0,5.68981E+20,5.93425E+21,1.00412E+16,5.35526E+16
8937,2.1704E+18,2,2,5,217,2017,4,18,1,3,2,6,0,1,0,0,0,1,0,5.57652E+20,5.93616E+21,9.87061E+15,5.35712E+16
8938,2.1711E+18,2,6,2,603,2017,11,8,5,3,6,3,0,1,1,0,0,0,1,5.81302E+20,5.92656E+21,1.02252E+16,5.34817E+16
8939,2.1704E+18,2,3,6,318,2017,4,5,1,3,9,1,0,1,0,0,0,2,0,5.63494E+20,5.94469E+21,9.96055E+15,5.36471E+16
8940,2.1711E+18,2,3,7,319,2017,11,8,5,3,5,3,0,1,0,0,0,0,1,5.59988E+20,5.94472E+21,9.90752E+15,5.36478E+16
8941,2.1704E+18,2,7,9,710,2017,4,14,7,3,3,6,0,1,0,0,1,0,0,5.61067E+20,5.92195E+21,9.9194E+15,5.3443E+16
8942,2.1704E+18,2,6,1,601,2017,4,11,7,3,5,3,1,1,0,0,0,0,0,5.79771E+20,5.92759E+21,1.02024E+16,5.34912E+16
8943,2.1711E+18,2,3,6,318,2017,11,13,5,3,2,6,0,1,0,0,1,0,0,5.62529E+20,5.94168E+21,9.94534E+15,5.36202E+16
8944,2.1704E+18,2,1,7,120,2017,4,19,7,2,0,6,0,1,0,1,0,0,0,5.67981E+20,5.9344E+21,1.00262E+16,5.35541E+16
8945,2.1711E+18,2,4,2,403,2017,11,13,5,3,6,3,1,0,1,0,0,0,0,5.64857E+20,5.93819E+21,9.97982E+15,5.35885E+16
8946,2.1704E+18,2,1,14,132,2017,4,8,7,3,3,2,0,1,0,0,1,0,0,5.68416E+20,5.93289E+21,1.00324E+16,5.35404E+16
8947,2.1711E+18,2,6,1,601,2017,11,7,4,3,2,6,0,1,0,0,0,0,1,5.77741E+20,5.92983E+21,1.01723E+16,5.35117E+16
8948,2.1704E+18,2,2,9,221,2017,4,11,7,3,2,2,0,1,0,0,0,0,0,5.55302E+20,5.93648E+21,9.83518E+15,5.35742E+16
8949,2.1711E+18,2,1,6,117,2017,11,5,4,3,5,3,0,0,0,0,1,2,1,5.67974E+20,5.93416E+21,1.0026E+16,5.3552E+16
8950,2.17103E+18,2,3,6,318,2017,10,18,3,3,2,6,0,1,0,0,1,2,0,5.63256E+20,5.94071E+21,9.95614E+15,5.36114E+16
8951,2.1704E+18,2,2,5,216,2017,4,16,7,3,5,3,1,1,0,0,0,0,0,5.59543E+20,5.93552E+21,9.89903E+15,5.35652E+16
8952,2.17103E+18,2,3,7,319,2017,10,22,3,3,5,3,0,1,0,0,1,2,1,5.6024E+20,5.94313E+21,9.91102E+15,5.36335E+16
8953,3.1701E+18,3,3,58,5,2017,1,17,4,3,2,6,0,1,0,0,0,2,0,5.468E+20,5.83658E+21,9.69221E+15,5.26771E+16
8954,2.17103E+18,2,1,6,117,2017,10,12,2,3,4,2,0,1,0,0,0,0,0,5.68145E+20,5.9337E+21,1.00285E+16,5.35478E+16
8955,2.17103E+18,2,4,1,402,2017,10,19,2,3,3,6,1,1,0,0,1,2,0,5.64563E+20,5.93802E+21,9.97533E+15,5.35871E+16
8956,2.17071E+18,2,7,14,715,2017,7,12,6,3,5,3,0,1,0,0,0,0,0,5.56833E+20,5.92512E+21,9.85623E+15,5.3472E+16
8957,2.17071E+18,2,4,5,411,2017,7,11,6,3,6,7,1,0,1,0,0,0,0,5.67375E+20,5.93796E+21,1.00178E+16,5.35862E+16
8958,2.1704E+18,2,3,6,318,2017,4,13,7,3,5,3,1,1,0,0,0,0,0,5.63041E+20,5.94089E+21,9.95292E+15,5.36131E+16
8959,2.17071E+18,2,7,1,702,2017,7,18,5,3,1,6,0,1,0,1,0,0,0,5.65498E+20,5.9239E+21,9.98651E+15,5.346E+16
8960,3.1701E+18,3,3,58,3,2017,1,13,4,3,2,6,0,1,0,0,0,0,1,5.45563E+20,5.8428E+21,9.67477E+15,5.27332E+16
8961,2.17103E+18,2,2,5,216,2017,10,18,1,3,2,6,0,1,0,0,0,2,0,5.59538E+20,5.93516E+21,9.89888E+15,5.35619E+16
8962,2.17071E+18,2,1,14,132,2017,7,1,5,3,4,2,0,1,0,0,0,2,0,5.68416E+20,5.93289E+21,1.00324E+16,5.35404E+16
8963,3.1701E+18,3,3,57,37,2017,1,8,4,3,8,1,0,1,0,0,0,0,1,5.14598E+20,5.8872E+21,9.21819E+15,5.3134E+16
8964,2.17103E+18,2,2,5,216,2017,10,17,1,3,2,6,0,1,0,0,0,2,1,5.59703E+20,5.93591E+21,9.90152E+15,5.35687E+16
8965,3.1701E+18,3,3,53,28,2017,1,6,4,3,8,1,0,1,0,0,0,2,2,5.45041E+20,5.91133E+21,9.67663E+15,5.33492E+16
8966,3.1701E+18,3,3,53,19,2017,1,6,4,3,8,1,0,1,0,0,0,2,2,5.45085E+20,5.91136E+21,9.67729E+15,5.33495E+16
8967,2.17103E+18,2,1,19,140,2017,10,15,7,3,2,6,0,1,0,0,0,0,1,5.61871E+20,5.93201E+21,9.93348E+15,5.35334E+16
8968,3.1701E+18,3,3,57,39,2017,1,10,4,3,2,2,0,1,0,0,0,0,1,5.25027E+20,5.88282E+21,9.37374E+15,5.30942E+16
8969,3.1701E+18,3,3,54,4,2017,1,16,4,3,5,3,0,1,0,0,0,0,1,6.40417E+20,5.88484E+21,1.1097E+16,5.30945E+16