OBJECTID,UIDENTSTLA,ULAND,UREGBEZ,UKREIS,UGEMEINDE,UJAHR,UMONAT,USTUNDE,UWOCHENTAG,UKATEGORIE,UART,UTYP1,IstRad,IstPKW,IstFuss,IstKrad,IstSonstig,LICHT,STRZUSTAND,LINREFX,LINREFY,XGCSWGS84,YGCSWGS84
8970,2.17103E+18,2,3,7,319,2017,10,6,7,3,4,6,0,1,0,0,0,2,1,5.59976E+20,5.94478E+21,9.90735E+15,5.36483E+16
8971,2.17103E+18,2,3,1,305,2017,10,6,7,3,9,1,0,1,0,0,0,2,1,5.63594E+20,5.93675E+21,9.96044E+15,5.35758E+16
8972,3.1701E+18,3,3,51,6,2017,1,18,4,3,1,5,0,1,0,0,0,2,1,5.71571E+20,5.83056E+21,1.00572E+16,5.26203E+16
8973,3.1701E+18,3,3,51,6,2017,1,17,4,2,6,4,0,1,1,0,0,2,1,5.74278E+20,5.83377E+21,1.00979E+16,5.26488E+16
8974,2.17103E+18,2,1,3,107,2017,10,17,7,3,2,6,0,1,0,0,0,2,1,5.64972E+20,5.93379E+21,9.98064E+15,5.3549E+16
8975,2.17103E+18,2,1,16,137,2017,10,18,6,3,2,6,0,1,0,0,0,1,1,5.66195E+20,5.92611E+21,9.99747E+15,5.34798E+16
8976,3.1701E+18,3,2,41,12,2017,1,10,4,3,5,3,1,1,0,0,0,0,1,5.31014E+20,5.81672E+21,9.45687E+15,5.24997E+16
8977,2.17103E+18,2,1,16,136,2017,10,14,6,3,2,6,0,1,0,0,0,0,0,5.67864E+20,5.92596E+21,1.00226E+16,5.34783E+16
8978,2.17103E+18,2,1,6,117,2017,10,15,6,3,5,2,1,1,0,0,0,0,0,5.68083E+20,5.93383E+21,1.00276E+16,5.35489E+16
8979,3.1701E+18,3,2,41,19,2017,1,19,4,3,7,7,0,1,0,0,1,2,0,5.53195E+20,5.82438E+21,9.78483E+15,5.25669E+16
8980,2.17103E+18,2,1,8,125,2017,10,14,6,3,3,2,1,1,0,0,0,0,0,5.70584E+20,5.934E+21,1.00654E+16,5.35502E+16
8981,3.1701E+18,3,2,41,17,2017,1,15,4,3,0,7,0,0,0,0,1,0,1,5.45831E+20,5.78087E+21,9.67024E+15,5.21764E+16
8982,2.17103E+18,2,3,8,320,2017,10,18,6,3,4,2,0,1,0,0,0,2,0,5.60071E+20,5.94167E+21,9.90819E+15,5.36204E+16
8983,2.17071E+18,2,4,8,418,2017,7,17,5,3,4,6,1,0,0,0,0,0,0,5.68006E+20,5.93621E+21,1.00269E+16,5.35704E+16
8984,2.17071E+18,2,4,7,417,2017,7,15,5,3,3,6,0,1,0,0,1,0,0,5.68548E+20,5.93549E+21,1.0035E+16,5.35638E+16
8985,2.17071E+18,2,3,9,321,2017,7,13,5,2,0,3,1,0,0,0,0,0,0,5.61679E+20,5.93807E+21,9.93178E+15,5.35878E+16
8986,2.17071E+18,2,2,7,219,2017,7,17,5,3,3,6,0,1,0,0,0,0,0,5.59463E+20,5.93448E+21,9.89763E+15,5.35559E+16
8987,2.17071E+18,2,3,6,318,2017,7,15,5,3,2,6,0,1,0,0,0,0,0,5.64559E+20,5.94459E+21,9.97664E+15,5.36461E+16
8988,2.17071E+18,2,1,4,111,2017,7,18,5,3,6,6,1,0,1,0,0,0,0,5.64251E+20,5.93398E+21,9.9698E+15,5.35508E+16
8989,2.17071E+18,2,1,12,130,2017,7,7,4,3,2,6,0,1,0,0,0,0,1,5.7493E+20,5.93597E+21,1.01314E+16,5.35672E+16
8990,2.17071E+18,2,3,5,317,2017,7,15,4,3,5,2,1,0,0,0,1,0,0,5.6398E+20,5.93875E+21,9.96668E+15,5.35937E+16
8991,2.1707E+18,2,7,14,715,2017,7,15,3,3,3,6,0,1,0,0,0,0,0,5.54895E+20,5.92499E+21,9.82702E+15,5.3471E+16
8992,3.1701E+18,3,2,41,1,2017,1,17,4,3,6,2,0,1,1,0,0,2,1,5.53138E+20,5.8086E+21,9.78146E+15,5.2425E+16
8993,2.1707E+18,2,3,8,320,2017,7,13,3,3,5,2,0,1,0,0,0,0,0,5.60071E+20,5.94167E+21,9.90819E+15,5.36204E+16
8994,3.1701E+18,3,1,55,10,2017,1,21,4,3,4,6,0,1,0,0,0,2,2,5.66337E+20,5.72042E+21,9.95844E+15,5.16309E+16
8995,2.1707E+18,2,4,2,404,2017,7,14,3,3,6,6,1,0,1,0,0,0,0,5.65454E+20,5.93867E+21,9.98893E+15,5.35928E+16
8996,3.1701E+18,3,1,55,9,2017,1,21,4,3,9,1,0,1,0,0,0,2,2,5.56065E+20,5.7316E+21,9.81185E+15,5.17325E+16
8997,2.1704E+18,2,4,2,405,2017,4,14,7,3,6,6,1,0,1,0,0,0,0,5.65122E+20,5.93956E+21,9.9841E+15,5.36008E+16
8998,2.1707E+18,2,2,3,209,2017,7,9,3,3,1,7,1,0,0,0,1,0,0,5.62099E+20,5.93539E+21,9.9376E+15,5.35637E+16
8999,2.1704E+18,2,1,1,102,2017,4,13,7,3,0,1,0,0,0,1,0,0,0,5.65393E+20,5.93365E+21,9.98696E+15,5.35477E+16
9000,2.17033E+18,2,7,14,715,2017,3,17,6,3,3,7,0,1,0,0,0,0,0,5.54649E+20,5.92494E+21,9.82331E+15,5.34706E+16
9001,2.17033E+18,2,1,16,136,2017,3,11,6,2,3,6,0,1,0,0,1,0,0,5.68395E+20,5.92733E+21,1.00309E+16,5.34905E+16
9002,2.17033E+18,2,1,6,117,2017,3,17,6,3,5,2,1,1,0,0,0,0,0,5.68275E+20,5.93343E+21,1.00304E+16,5.35453E+16
9003,2.17033E+18,2,1,8,124,2017,3,11,6,3,1,6,0,1,0,0,0,0,0,5.69309E+20,5.93424E+21,1.00462E+16,5.35525E+16
9004,2.17033E+18,2,4,3,406,2017,3,15,6,3,6,4,0,1,1,0,0,0,0,5.6681E+20,5.94177E+21,1.00101E+16,5.36205E+16
9005,2.17033E+18,2,4,6,414,2017,3,8,6,3,3,2,1,0,0,0,0,0,0,5.67789E+20,5.93651E+21,1.00237E+16,5.35731E+16
9006,2.17033E+18,2,3,1,306,2017,3,16,6,3,6,6,1,0,1,0,0,0,0,5.63496E+20,5.93654E+21,9.95892E+15,5.35738E+16
9007,2.17103E+18,2,4,2,403,2017,10,7,6,3,1,6,0,1,0,0,0,1,1,5.65121E+20,5.93882E+21,9.98394E+15,5.35942E+16
9008,2.17033E+18,2,2,3,209,2017,3,10,6,3,6,2,0,0,1,0,1,0,0,5.62825E+20,5.93525E+21,9.94853E+15,5.35623E+16
9009,2.17103E+18,2,4,2,405,2017,10,13,6,3,9,1,0,1,0,0,0,0,0,5.65118E+20,5.93955E+21,9.98404E+15,5.36008E+16
9010,2.17033E+18,2,2,1,206,2017,3,19,6,3,6,7,1,0,1,0,0,2,0,5.63541E+20,5.93503E+21,9.9593E+15,5.35603E+16
9011,2.17103E+18,2,7,14,715,2017,10,11,5,3,5,3,1,1,0,0,0,0,0,5.55918E+20,5.92517E+21,9.84246E+15,5.34726E+16
9012,2.17103E+18,2,3,7,319,2017,10,12,5,3,1,3,1,1,0,0,0,0,0,5.6024E+20,5.94313E+21,9.91102E+15,5.36335E+16
9013,2.17103E+18,2,3,9,321,2017,10,16,5,3,3,6,0,1,0,0,1,0,0,5.62174E+20,5.93669E+21,9.93899E+15,5.35754E+16
9014,2.17033E+18,2,7,10,711,2017,3,10,5,3,2,6,0,1,0,0,0,0,1,5.62674E+20,5.9251E+21,9.94422E+15,5.34711E+16
9015,2.1707E+18,2,2,1,206,2017,7,19,3,3,6,4,1,0,1,0,0,0,0,5.63456E+20,5.93507E+21,9.95801E+15,5.35607E+16
9016,2.1707E+18,2,1,4,110,2017,7,9,3,3,3,2,1,0,0,0,1,0,0,5.63706E+20,5.93491E+21,9.96175E+15,5.35592E+16
9017,2.1707E+18,2,1,3,106,2017,7,13,3,3,0,3,1,0,0,0,1,0,0,5.64572E+20,5.93385E+21,9.97461E+15,5.35495E+16
9018,2.17033E+18,2,6,2,602,2017,3,17,5,3,6,4,0,1,1,0,0,0,0,5.80451E+20,5.9271E+21,1.02125E+16,5.34867E+16
9019,2.17033E+18,2,3,7,319,2017,3,7,5,3,5,3,1,1,0,0,0,0,0,5.61645E+20,5.94259E+21,9.93217E+15,5.36285E+16
9020,2.17033E+18,2,3,4,316,2017,3,22,4,3,4,2,0,1,0,0,0,2,1,5.64184E+20,5.93769E+21,9.96954E+15,5.35841E+16
9021,2.17033E+18,2,1,4,111,2017,3,18,4,3,5,2,1,1,0,0,0,0,1,5.63892E+20,5.93452E+21,9.96448E+15,5.35557E+16
9022,2.17103E+18,2,2,3,208,2017,10,9,5,3,6,7,0,0,1,0,1,0,0,5.62856E+20,5.93524E+21,9.94899E+15,5.35623E+16
9023,2.17033E+18,2,1,6,117,2017,3,9,3,3,4,6,1,0,0,0,0,0,0,5.67943E+20,5.93423E+21,1.00256E+16,5.35526E+16
9024,2.17103E+18,2,6,2,602,2017,10,17,4,2,6,4,0,1,1,0,0,0,0,5.80139E+20,5.92725E+21,1.02078E+16,5.34881E+16
9025,2.17033E+18,2,4,6,415,2017,3,15,3,3,6,4,1,0,1,0,0,0,0,5.68174E+20,5.93599E+21,1.00294E+16,5.35684E+16
9026,2.17103E+18,2,1,6,115,2017,10,10,4,3,2,6,0,1,0,0,0,0,1,5.67911E+20,5.93313E+21,1.00248E+16,5.35427E+16
9027,2.17033E+18,2,3,8,320,2017,3,10,3,3,4,2,0,0,0,0,1,0,0,5.60071E+20,5.94167E+21,9.90819E+15,5.36204E+16
9028,2.17103E+18,2,2,5,216,2017,10,6,4,3,3,2,0,1,0,0,0,1,1,5.5961E+20,5.93551E+21,9.90004E+15,5.35651E+16
9029,2.17033E+18,2,1,12,130,2017,3,10,2,2,3,6,0,1,0,0,1,0,0,5.76139E+20,5.93402E+21,1.01492E+16,5.35496E+16
9030,2.17103E+18,2,2,5,216,2017,10,6,4,3,2,6,0,1,0,0,1,1,1,5.60109E+20,5.9367E+21,9.90781E+15,5.35757E+16
9031,2.17033E+18,2,2,14,227,2017,3,17,2,3,4,6,0,1,0,0,0,0,0,5.49491E+20,5.93757E+21,9.7476E+15,5.35847E+16
9032,2.17033E+18,2,2,12,225,2017,3,8,2,3,5,3,1,1,0,0,0,0,0,5.54052E+20,5.93682E+21,9.81636E+15,5.35774E+16
9033,2.17103E+18,2,3,9,321,2017,10,6,4,3,1,6,0,1,0,0,1,2,1,5.62229E+20,5.93659E+21,9.9398E+15,5.35745E+16
9034,2.17033E+18,2,2,5,216,2017,3,5,2,3,2,6,0,1,0,0,0,0,0,5.60729E+20,5.93545E+21,9.91692E+15,5.35644E+16
9035,2.17102E+18,2,7,14,715,2017,10,10,3,3,2,6,0,1,0,0,0,0,0,5.53767E+20,5.9246E+21,9.80996E+15,5.34676E+16
9036,2.17102E+18,2,1,12,130,2017,10,13,3,3,9,1,0,1,0,0,0,0,1,5.74468E+20,5.93583E+21,1.01244E+16,5.3566E+16
9037,2.17033E+18,2,4,2,405,2017,3,7,2,3,2,6,0,1,0,0,0,0,0,5.65118E+20,5.93904E+21,9.98392E+15,5.35961E+16
9038,2.17102E+18,2,1,6,117,2017,10,17,3,3,1,6,0,1,0,0,0,2,1,5.68385E+20,5.9332E+21,1.0032E+16,5.35433E+16
9039,2.17102E+18,2,4,5,409,2017,10,22,3,3,9,1,0,1,0,0,0,2,1,5.66186E+20,5.93886E+21,1E+16,5.35944E+16
9040,2.17102E+18,2,3,9,321,2017,10,7,3,3,2,6,0,1,0,0,0,0,1,5.61395E+20,5.93866E+21,9.92761E+15,5.35931E+16
9041,2.17033E+18,2,4,5,412,2017,3,22,1,3,5,7,0,1,0,0,0,2,0,5.67391E+20,5.93792E+21,1.0018E+16,5.35858E+16
9042,3.1701E+18,3,2,54,44,2017,1,17,4,3,1,3,1,1,0,0,0,2,0,5.69847E+20,5.75802E+21,1.00167E+16,5.19685E+16
9043,2.17033E+18,2,4,4,407,2017,3,13,7,3,2,2,0,1,0,0,1,0,0,5.66333E+20,5.94117E+21,1.00027E+16,5.36151E+16
9044,2.17102E+18,2,1,1,102,2017,10,17,3,3,2,6,0,1,0,0,0,0,0,5.65846E+20,5.93362E+21,9.99379E+15,5.35473E+16
9045,2.17033E+18,2,4,4,407,2017,3,10,7,3,1,6,0,1,0,0,1,0,0,5.65606E+20,5.94028E+21,9.99156E+15,5.36072E+16
9046,2.17102E+18,2,1,8,124,2017,10,16,2,3,4,2,0,1,0,0,0,0,1,5.68952E+20,5.93425E+21,1.00408E+16,5.35526E+16
9047,3.1701E+18,3,2,52,6,2017,1,13,4,3,2,6,0,1,0,0,0,0,1,5.25982E+20,5.77238E+21,9.37933E+15,5.21014E+16
9048,3.1701E+18,3,1,53,12,2017,1,12,4,3,3,6,0,1,0,0,0,0,1,5.77401E+20,5.74517E+21,1.01238E+16,5.1852E+16
9049,2.17032E+18,2,6,2,602,2017,3,10,6,3,3,6,0,0,0,0,1,0,0,5.806E+20,5.92703E+21,1.02147E+16,5.34861E+16
9050,2.17102E+18,2,2,7,219,2017,10,18,2,3,2,6,0,1,0,0,0,2,1,5.60816E+20,5.93298E+21,9.91775E+15,5.35422E+16
9051,3.1701E+18,3,1,2,0,2017,1,20,4,3,9,1,0,1,0,0,0,2,2,5.98389E+20,5.78069E+21,1.04386E+16,5.21679E+16
9052,3.1701E+18,3,1,53,12,2017,1,11,4,3,2,2,0,1,0,0,0,0,1,5.82485E+20,5.7527E+21,1.01994E+16,5.19189E+16
9053,2.17032E+18,2,1,6,117,2017,3,9,6,3,2,6,0,1,0,0,0,0,0,5.68382E+20,5.93321E+21,1.0032E+16,5.35433E+16
9054,2.17102E+18,2,1,3,106,2017,10,14,1,3,5,3,0,1,0,0,0,0,1,5.64262E+20,5.93398E+21,9.96996E+15,5.35507E+16
9055,2.17102E+18,2,1,3,106,2017,10,2,1,2,6,4,0,1,1,0,0,2,1,5.64582E+20,5.93384E+21,9.97476E+15,5.35495E+16
9056,3.1701E+18,3,1,51,40,2017,1,5,4,3,7,7,0,1,0,0,0,2,1,6.1604E+20,5.83899E+21,1.07168E+16,5.26884E+16
9057,3.1701E+18,3,4,59,8,2017,1,9,3,3,2,6,0,1,0,0,0,0,1,4.40696E+20,5.79563E+21,8.13016E+15,5.23078E+16
9058,2.17102E+18,2,7,14,715,2017,10,19,7,3,3,6,0,1,0,0,0,2,1,5.57565E+20,5.92509E+21,9.86725E+15,5.34716E+16
9059,2.17102E+18,2,1,15,134,2017,10,16,7,3,8,1,0,1,0,0,0,0,0,5.67901E+20,5.9317E+21,1.00244E+16,5.35298E+16
9060,2.1707E+18,2,1,3,107,2017,7,9,3,3,2,2,1,0,0,0,0,0,0,5.65141E+20,5.93373E+21,9.98317E+15,5.35484E+16
9061,3.1701E+18,3,4,59,14,2017,1,15,3,3,2,6,0,1,0,0,0,0,1,4.29556E+20,5.81286E+21,7.96317E+15,5.24614E+16
9062,2.17102E+18,2,6,11,612,2017,10,13,7,3,0,7,0,1,0,0,0,0,0,5.72346E+20,5.92933E+21,1.00909E+16,5.35079E+16
9063,2.17102E+18,2,3,9,321,2017,10,3,7,3,6,4,0,1,1,0,0,2,1,5.61764E+20,5.93779E+21,9.93302E+15,5.35854E+16
9064,3.1701E+18,3,4,4,0,2017,1,16,3,3,6,4,0,1,1,0,0,1,1,4.38679E+20,5.79122E+21,8.10139E+15,5.22679E+16
9065,2.17102E+18,2,7,13,714,2017,10,13,6,2,5,3,1,1,0,0,0,0,1,5.59914E+20,5.92504E+21,9.90262E+15,5.34709E+16
9066,3.1701E+18,3,4,54,57,2017,1,18,3,3,8,1,0,1,0,0,0,2,1,4.12578E+20,5.85651E+21,7.70176E+15,5.28512E+16
9067,2.17102E+18,2,1,12,130,2017,10,17,6,3,2,6,0,1,0,0,0,1,1,5.76141E+20,5.93394E+21,1.01492E+16,5.35488E+16
9068,2.1707E+18,2,1,2,104,2017,7,23,2,3,9,1,0,1,0,0,0,2,0,5.68084E+20,5.9321E+21,1.00272E+16,5.35334E+16
9069,2.1707E+18,2,3,8,320,2017,7,15,2,3,2,6,0,1,0,0,0,0,0,5.60491E+20,5.94097E+21,9.91441E+15,5.3614E+16
9070,2.1707E+18,2,2,9,221,2017,7,5,2,3,0,6,1,0,0,0,0,1,0,5.56685E+20,5.93624E+21,9.85601E+15,5.35719E+16
9071,2.1707E+18,2,3,7,319,2017,7,13,2,3,2,6,0,1,0,0,1,0,0,5.60225E+20,5.94298E+21,9.91077E+15,5.36321E+16
9072,3.1701E+18,3,4,56,2,2017,1,16,3,2,6,4,0,1,1,0,0,1,1,3.54492E+20,5.83058E+21,6.8512E+15,5.26057E+16
9073,2.1707E+18,2,3,6,318,2017,7,9,2,3,2,6,0,1,0,0,1,0,0,5.63391E+20,5.94059E+21,9.95816E+15,5.36103E+16
9074,2.1707E+18,2,4,2,405,2017,7,18,2,3,2,6,0,1,0,1,0,0,1,5.65116E+20,5.93914E+21,9.98392E+15,5.35971E+16
9075,3.1701E+18,3,4,56,20,2017,1,14,3,3,3,6,0,1,0,0,0,0,1,3.81176E+20,5.79848E+21,7.25648E+15,5.23238E+16
9076,2.1707E+18,2,3,1,304,2017,7,6,2,3,5,2,1,1,0,0,0,1,0,5.62459E+20,5.93623E+21,9.9432E+15,5.35712E+16
9077,2.1707E+18,2,7,14,715,2017,7,21,1,3,5,2,0,1,0,0,0,0,0,5.56419E+20,5.92519E+21,9.85001E+15,5.34727E+16
9078,2.17063E+18,2,1,12,130,2017,6,11,6,2,8,1,0,1,0,0,0,0,1,5.76129E+20,5.93091E+21,1.01483E+16,5.35216E+16
9079,3.1701E+18,3,4,52,6,2017,1,18,3,3,0,3,0,1,0,0,0,2,1,4.09455E+20,5.91408E+21,7.63916E+15,5.33681E+16
9080,2.17063E+18,2,4,3,406,2017,6,9,6,3,2,6,0,1,0,0,1,0,1,5.66731E+20,5.9416E+21,1.00088E+16,5.3619E+16
9081,3.1701E+18,3,4,53,7,2017,1,15,3,2,4,6,0,1,0,0,0,0,1,4.25588E+20,5.88302E+21,7.88883E+15,5.30915E+16
9082,2.17063E+18,2,3,1,306,2017,6,9,6,3,2,6,0,1,0,0,0,0,1,5.62865E+20,5.93645E+21,9.94937E+15,5.35731E+16
9083,3.1701E+18,3,4,53,7,2017,1,23,3,3,8,7,0,1,0,0,0,2,1,4.18159E+20,5.88214E+21,7.77815E+15,5.30825E+16
9084,3.1701E+18,3,4,60,9,2017,1,23,3,3,9,1,0,1,0,0,0,2,1,4.49728E+20,5.84885E+21,8.25456E+15,5.27872E+16
9085,3.1701E+18,3,4,53,10,2017,1,21,3,2,8,7,0,0,0,0,1,2,1,4.1998E+20,5.85721E+21,7.81149E+15,5.28587E+16
9086,3.1701E+18,3,4,55,27,2017,1,16,3,3,2,2,0,1,0,0,0,2,1,4.31744E+20,5.91926E+21,7.97296E+15,5.3418E+16
9087,2.17063E+18,2,1,4,111,2017,6,0,6,3,0,7,1,0,0,0,0,2,1,5.63992E+20,5.93423E+21,9.96593E+15,5.35531E+16
9088,3.1701E+18,3,4,55,7,2017,1,13,3,3,5,7,1,1,0,0,0,0,1,4.26197E+20,5.93559E+21,7.88568E+15,5.3564E+16
9089,2.17032E+18,2,2,5,216,2017,3,11,6,3,4,2,1,1,0,0,0,0,0,5.59768E+20,5.9355E+21,9.90242E+15,5.3565E+16
9090,2.17063E+18,2,1,3,106,2017,6,15,6,3,5,3,1,1,0,0,0,0,1,5.64274E+20,5.93397E+21,9.97014E+15,5.35507E+16
9091,2.17032E+18,2,1,1,102,2017,3,19,6,3,1,6,0,1,0,0,0,1,0,5.65281E+20,5.93368E+21,9.98528E+15,5.3548E+16
9092,2.17063E+18,2,1,3,106,2017,6,9,6,3,3,6,1,0,0,0,0,0,1,5.64644E+20,5.93384E+21,9.9757E+15,5.35494E+16
9093,2.17032E+18,2,7,2,703,2017,3,15,5,3,8,7,0,1,0,0,0,0,0,5.67973E+20,5.92439E+21,1.00239E+16,5.34641E+16
9094,2.17032E+18,2,3,1,307,2017,3,14,5,3,2,6,0,1,0,0,0,0,0,5.63281E+20,5.93616E+21,9.9556E+15,5.35705E+16
9095,2.17063E+18,2,4,5,409,2017,6,18,5,3,4,2,0,1,0,0,0,0,0,5.65913E+20,5.93881E+21,9.9959E+15,5.35939E+16
9096,3.1701E+18,3,4,5,0,2017,1,16,3,2,6,2,0,1,1,0,0,2,1,4.3992E+20,5.93658E+21,8.09265E+15,5.35746E+16
9097,2.17102E+18,2,1,8,124,2017,10,16,6,3,2,6,0,1,0,0,0,0,1,5.69568E+20,5.93419E+21,1.00501E+16,5.3552E+16
9098,3.1701E+18,3,3,61,6,2017,1,11,3,3,2,6,0,1,0,0,0,0,1,5.12204E+20,5.8697E+21,9.18175E+15,5.29767E+16
9099,2.17063E+18,2,4,2,403,2017,6,18,5,3,3,6,1,0,0,0,0,0,0,5.64714E+20,5.93808E+21,9.97764E+15,5.35876E+16
9100,2.17063E+18,2,4,5,409,2017,6,16,4,3,2,6,0,1,0,0,0,0,1,5.66096E+20,5.93887E+21,9.99867E+15,5.35945E+16
9101,2.17063E+18,2,3,9,321,2017,6,14,4,3,2,6,0,1,0,0,0,0,0,5.6082E+20,5.93851E+21,9.91889E+15,5.35919E+16
9102,2.17063E+18,2,2,13,226,2017,6,15,4,3,5,3,1,1,0,0,0,0,0,5.53051E+20,5.93706E+21,9.80128E+15,5.35797E+16
9103,2.17063E+18,2,3,6,318,2017,6,18,4,3,2,6,0,1,0,0,0,0,1,5.63529E+20,5.94034E+21,9.96019E+15,5.3608E+16
9104,2.17063E+18,2,3,7,319,2017,6,8,4,3,5,3,0,1,0,0,1,0,0,5.61054E+20,5.94309E+21,9.92333E+15,5.3633E+16
9105,2.17063E+18,2,3,1,306,2017,6,16,4,3,2,6,0,1,0,0,1,0,0,5.62841E+20,5.93647E+21,9.94902E+15,5.35733E+16
9106,2.17063E+18,2,2,13,226,2017,6,7,2,3,0,7,1,0,0,0,0,0,0,5.53581E+20,5.9369E+21,9.80927E+15,5.35782E+16
9107,3.1701E+18,3,4,3,0,2017,1,16,3,3,4,2,0,1,0,0,0,2,1,4.48318E+20,5.88761E+21,8.22748E+15,5.31354E+16
9108,2.17063E+18,2,3,6,318,2017,6,4,2,3,8,1,0,1,0,0,0,1,1,5.63623E+20,5.94466E+21,9.9625E+15,5.36468E+16
9109,3.1701E+18,3,2,51,37,2017,1,15,3,3,5,3,0,1,0,0,0,0,1,4.83172E+20,5.87188E+21,8.74928E+15,5.29962E+16
9110,2.17063E+18,2,3,5,317,2017,6,16,2,3,0,6,0,1,0,1,0,0,0,5.64032E+20,5.93844E+21,9.96741E+15,5.35909E+16
9111,3.1701E+18,3,2,51,47,2017,1,5,3,3,8,1,0,1,0,0,0,2,1,4.92229E+20,5.86796E+21,8.88431E+15,5.29612E+16
9112,2.17032E+18,2,7,14,715,2017,3,11,4,3,5,2,1,0,0,0,1,0,0,5.54886E+20,5.92499E+21,9.82688E+15,5.3471E+16
9113,2.17032E+18,2,6,11,612,2017,3,6,4,3,1,6,0,1,0,0,1,0,0,5.71118E+20,5.92936E+21,1.00724E+16,5.35084E+16
9114,2.17032E+18,2,2,9,221,2017,3,11,4,3,6,4,0,1,1,0,0,0,0,5.57122E+20,5.93623E+21,9.86261E+15,5.35718E+16
9115,2.17032E+18,2,3,1,307,2017,3,12,4,3,2,7,0,1,0,0,0,0,0,5.63098E+20,5.93626E+21,9.95286E+15,5.35714E+16
9116,2.17032E+18,2,2,3,209,2017,3,7,4,3,5,3,1,1,0,0,0,0,0,5.62524E+20,5.93605E+21,9.94414E+15,5.35696E+16
9117,2.17032E+18,2,2,1,206,2017,3,9,4,2,5,2,1,0,0,0,1,0,0,5.63562E+20,5.93502E+21,9.9596E+15,5.35602E+16
9118,2.17102E+18,2,2,5,216,2017,10,6,6,3,2,6,0,1,0,0,1,2,0,5.60162E+20,5.93674E+21,9.90862E+15,5.35761E+16
9119,2.17032E+18,2,1,4,111,2017,3,7,4,3,0,6,0,0,0,0,1,0,0,5.64035E+20,5.93417E+21,9.96658E+15,5.35525E+16
9120,2.17032E+18,2,6,11,612,2017,3,9,3,3,8,1,0,1,0,0,0,0,0,5.72793E+20,5.92954E+21,1.00977E+16,5.35098E+16
9121,2.17102E+18,2,2,6,218,2017,10,20,6,3,2,6,0,1,0,0,0,2,0,5.59519E+20,5.93501E+21,9.89857E+15,5.35606E+16
9122,2.17032E+18,2,7,11,712,2017,3,18,3,3,0,1,0,0,0,1,0,1,0,5.60641E+20,5.92652E+21,9.91387E+15,5.34842E+16
9123,2.17102E+18,2,1,16,136,2017,10,16,5,3,3,6,0,1,0,0,1,0,0,5.68599E+20,5.92772E+21,1.0034E+16,5.34939E+16
9124,2.17102E+18,2,1,16,136,2017,10,15,5,3,3,6,0,1,0,0,1,0,0,5.70125E+20,5.92945E+21,1.00574E+16,5.35093E+16
9125,2.17032E+18,2,3,9,321,2017,3,7,3,3,2,6,0,1,0,0,0,0,0,5.61093E+20,5.93897E+21,9.9231E+15,5.3596E+16
9126,2.17102E+18,2,1,6,117,2017,10,13,5,3,5,3,0,1,0,0,0,0,0,5.6829E+20,5.93344E+21,1.00306E+16,5.35454E+16
9127,2.17032E+18,2,3,4,316,2017,3,9,3,3,6,7,1,0,1,0,0,0,0,5.64143E+20,5.9378E+21,9.96894E+15,5.35851E+16
9128,2.17102E+18,2,4,2,403,2017,10,11,5,3,4,6,1,0,0,0,0,0,0,5.65108E+20,5.93838E+21,9.98365E+15,5.35902E+16
9129,2.17102E+18,2,7,14,715,2017,10,7,4,3,4,2,0,1,0,1,0,2,0,5.55753E+20,5.92514E+21,9.83997E+15,5.34723E+16
9130,2.17032E+18,2,1,1,102,2017,3,11,3,3,5,2,1,1,0,0,0,0,0,5.65346E+20,5.93366E+21,9.98625E+15,5.35478E+16
9131,2.17102E+18,2,2,5,215,2017,10,5,4,3,5,2,1,0,0,0,1,2,0,5.61689E+20,5.93536E+21,9.9314E+15,5.35634E+16
9132,2.17102E+18,2,7,14,715,2017,10,17,3,3,3,6,0,1,0,0,1,0,0,5.54305E+20,5.92483E+21,9.8181E+15,5.34697E+16
9133,2.17032E+18,2,3,4,316,2017,3,23,2,3,1,7,0,1,0,0,0,2,1,5.63949E+20,5.9374E+21,9.96594E+15,5.35816E+16
9134,3.1701E+18,3,4,61,7,2017,1,15,3,3,2,6,0,1,0,0,0,0,1,4.63115E+20,5.92329E+21,8.4445E+15,5.34573E+16
9135,2.17032E+18,2,1,12,130,2017,3,23,1,3,9,1,0,1,0,0,0,2,1,5.74084E+20,5.93204E+21,1.01177E+16,5.3532E+16
9136,2.17102E+18,2,3,4,316,2017,11,15,6,3,6,2,0,1,1,0,0,0,0,5.64176E+20,5.93771E+21,9.96943E+15,5.35843E+16
9137,3.1701E+18,3,4,1,0,2017,1,14,3,2,2,2,0,1,0,0,0,0,1,4.72252E+20,5.87772E+21,8.58607E+15,5.30482E+16
9138,2.17032E+18,2,3,8,320,2017,3,15,1,3,1,6,0,1,0,0,0,0,1,5.60066E+20,5.94164E+21,9.90811E+15,5.36201E+16
9139,2.17102E+18,2,3,5,317,2017,10,18,3,2,2,6,0,1,0,1,0,1,0,5.64047E+20,5.93836E+21,9.96761E+15,5.35902E+16
9140,3.1701E+18,3,3,52,62,2017,1,23,3,3,9,1,0,1,0,0,0,2,1,4.91199E+20,5.93273E+21,8.86718E+15,5.35434E+16
9141,2.17032E+18,2,4,2,403,2017,3,5,1,2,5,3,1,1,0,0,0,2,0,5.65063E+20,5.93836E+21,9.98296E+15,5.359E+16
9142,2.17032E+18,2,7,14,715,2017,3,5,7,3,6,2,0,1,1,0,0,1,1,5.56757E+20,5.92515E+21,9.8551E+15,5.34723E+16
9143,2.17102E+18,2,7,9,710,2017,10,11,2,3,5,2,0,1,0,0,0,0,0,5.62468E+20,5.92157E+21,9.94041E+15,5.34395E+16
9144,3.1701E+18,3,3,59,20,2017,1,12,3,2,6,4,0,1,1,0,0,0,1,5.38115E+20,5.93786E+21,9.5758E+15,5.35882E+16