OBJECTID,UIDENTSTLA,ULAND,UREGBEZ,UKREIS,UGEMEINDE,UJAHR,UMONAT,USTUNDE,UWOCHENTAG,UKATEGORIE,UART,UTYP1,IstRad,IstPKW,IstFuss,IstKrad,IstSonstig,LICHT,STRZUSTAND,LINREFX,LINREFY,XGCSWGS84,YGCSWGS84
9320,2.17062E+18,2,1,8,125,2017,6,8,5,3,2,6,0,1,0,0,0,0,0,5.70405E+20,5.93404E+21,1.00627E+16,5.35506E+16
9321,3.1701E+18,3,1,59,3,2017,1,12,2,3,8,1,0,1,0,0,0,0,2,6.02961E+20,5.72169E+21,1.04878E+16,5.16368E+16
9322,3.1701E+18,3,2,57,7,2017,1,5,2,3,8,1,0,1,0,0,0,2,2,5.21263E+20,5.80028E+21,9.31219E+15,5.23524E+16
9323,3.1701E+18,3,2,56,31,2017,1,22,2,3,9,1,0,1,0,0,0,2,2,5.21996E+20,5.83183E+21,9.32504E+15,5.2636E+16
9324,3.1701E+18,3,2,56,3,2017,1,6,2,3,8,1,0,1,0,0,0,2,1,5.05337E+20,5.84912E+21,9.07914E+15,5.27919E+16
9325,3.1701E+18,3,2,56,20,2017,1,7,2,3,3,6,0,1,0,0,1,2,1,5.19141E+20,5.82635E+21,9.28253E+15,5.25869E+16
9326,2.17031E+18,2,2,5,216,2017,3,20,5,3,5,2,1,1,0,0,0,2,1,5.59527E+20,5.93552E+21,9.8988E+15,5.35652E+16
9327,2.17062E+18,2,2,5,216,2017,6,15,5,3,6,3,0,0,1,1,0,0,0,5.60622E+20,5.93548E+21,9.91532E+15,5.35647E+16
9328,3.1701E+18,3,2,54,5,2017,1,7,2,3,8,1,0,1,0,0,0,1,2,5.70665E+20,5.77137E+21,1.00314E+16,5.20883E+16
9329,2.17031E+18,2,3,7,319,2017,3,20,5,3,1,6,0,1,0,0,0,2,1,5.6218E+20,5.94482E+21,9.9407E+15,5.36485E+16
9330,2.17061E+18,2,4,7,417,2017,6,12,4,3,1,6,0,1,0,0,0,0,0,5.68532E+20,5.93551E+21,1.00347E+16,5.3564E+16
9331,2.17031E+18,2,3,5,317,2017,3,20,5,3,2,6,0,1,0,0,0,0,1,5.64069E+20,5.93821E+21,9.96791E+15,5.35888E+16
9332,2.17031E+18,2,1,1,101,2017,3,17,5,3,2,6,0,1,0,0,0,0,0,5.66659E+20,5.93369E+21,1.00061E+16,5.35478E+16
9333,2.17061E+18,2,4,8,418,2017,6,8,4,3,5,2,1,0,0,0,1,0,0,5.67721E+20,5.9366E+21,1.00227E+16,5.35739E+16
9334,2.17061E+18,2,2,5,216,2017,6,21,4,3,5,3,1,1,0,0,0,1,0,5.59524E+20,5.93554E+21,9.89875E+15,5.35653E+16
9335,2.17031E+18,2,6,9,610,2017,3,19,4,3,2,6,0,1,0,0,1,2,1,5.72726E+20,5.92805E+21,1.00963E+16,5.34963E+16
9336,2.17031E+18,2,1,8,121,2017,3,18,4,3,4,6,1,0,0,0,0,2,1,5.68761E+20,5.93511E+21,1.00381E+16,5.35603E+16
9337,2.17061E+18,2,2,5,216,2017,6,8,4,3,1,6,0,1,0,0,0,0,0,5.59599E+20,5.9355E+21,9.89988E+15,5.3565E+16
9338,2.17031E+18,2,1,4,111,2017,3,15,4,3,3,6,0,1,0,0,1,0,1,5.63878E+20,5.93461E+21,9.96429E+15,5.35565E+16
9339,2.17031E+18,2,4,7,417,2017,3,20,3,3,5,3,0,1,0,0,0,2,0,5.68337E+20,5.93578E+21,1.00318E+16,5.35664E+16
9340,2.17061E+18,2,1,4,111,2017,6,12,4,3,2,6,0,0,0,1,1,0,0,5.64235E+20,5.934E+21,9.96956E+15,5.35509E+16
9341,2.17031E+18,2,2,3,209,2017,3,9,3,3,5,3,1,0,0,0,1,0,0,5.62356E+20,5.93538E+21,9.94147E+15,5.35636E+16
9342,2.17031E+18,2,1,3,106,2017,3,12,3,3,3,6,0,1,0,0,1,0,0,5.64814E+20,5.93383E+21,9.97826E+15,5.35493E+16
9343,2.17031E+18,2,1,1,102,2017,3,9,3,3,2,6,0,1,0,0,1,0,0,5.65397E+20,5.93365E+21,9.98702E+15,5.35477E+16
9344,2.17093E+18,2,4,5,409,2017,9,15,6,3,5,3,1,0,0,0,1,0,0,5.65893E+20,5.93879E+21,9.99559E+15,5.35938E+16
9345,2.17031E+18,2,7,14,715,2017,3,14,2,2,6,2,0,1,1,0,0,0,1,5.55776E+20,5.92514E+21,9.84031E+15,5.34723E+16
9346,2.17031E+18,2,1,14,132,2017,3,17,2,3,2,6,0,1,0,0,0,1,1,5.68256E+20,5.93297E+21,1.003E+16,5.35412E+16
9347,2.17061E+18,2,1,3,106,2017,6,10,4,3,5,3,1,1,0,0,0,0,0,5.64511E+20,5.93386E+21,9.97369E+15,5.35497E+16
9348,2.17031E+18,2,1,2,104,2017,3,17,2,3,5,3,1,1,0,0,0,1,0,5.68105E+20,5.93214E+21,1.00275E+16,5.35337E+16
9349,2.17031E+18,2,4,7,417,2017,3,10,2,3,5,3,0,1,0,0,0,0,1,5.68337E+20,5.93578E+21,1.00318E+16,5.35664E+16
9350,2.17031E+18,2,2,3,209,2017,3,7,2,3,0,7,0,0,0,0,1,0,1,5.62156E+20,5.93538E+21,9.93845E+15,5.35637E+16
9351,2.17031E+18,2,7,14,715,2017,3,17,1,3,3,6,0,1,0,1,0,0,0,5.55801E+20,5.92515E+21,9.84069E+15,5.34724E+16
9352,2.17031E+18,2,6,1,601,2017,3,11,1,3,2,6,0,1,0,0,0,0,0,5.78246E+20,5.9294E+21,1.01798E+16,5.35077E+16
9353,2.17031E+18,2,1,12,130,2017,3,14,1,3,0,1,0,1,0,0,0,0,1,5.75923E+20,5.93307E+21,1.01457E+16,5.35411E+16
9354,2.17093E+18,2,2,5,215,2017,9,18,6,3,5,3,0,1,0,0,1,0,0,5.60624E+20,5.93761E+21,9.91576E+15,5.35838E+16
9355,2.17031E+18,2,4,7,417,2017,3,13,1,3,3,2,1,1,0,0,0,0,0,5.68683E+20,5.93525E+21,1.0037E+16,5.35616E+16
9356,2.17093E+18,2,3,7,319,2017,9,22,6,3,2,6,0,1,0,0,1,2,0,5.61509E+20,5.94493E+21,9.93057E+15,5.36495E+16
9357,2.17031E+18,2,3,4,316,2017,3,20,1,3,0,2,1,1,0,0,0,2,0,5.64182E+20,5.93768E+21,9.96952E+15,5.3584E+16
9358,2.17093E+18,2,6,2,603,2017,9,14,5,3,9,7,0,1,0,0,0,0,0,5.80972E+20,5.9272E+21,1.02204E+16,5.34875E+16
9359,2.17093E+18,2,4,3,406,2017,9,14,5,3,1,6,0,1,0,0,0,0,0,5.66459E+20,5.94131E+21,1.00047E+16,5.36163E+16
9360,2.1703E+18,2,1,16,136,2017,3,13,7,3,3,6,0,1,0,0,0,0,0,5.67988E+20,5.92643E+21,1.00245E+16,5.34825E+16
9361,2.17093E+18,2,2,6,218,2017,9,8,5,3,4,2,1,1,0,0,0,0,0,5.57634E+20,5.93616E+21,9.87034E+15,5.35712E+16
9362,2.17093E+18,2,3,8,320,2017,9,16,5,3,4,2,0,1,0,0,0,0,0,5.6007E+20,5.94167E+21,9.90818E+15,5.36204E+16
9363,2.1703E+18,2,2,5,216,2017,3,13,7,3,3,6,0,1,0,0,0,0,0,5.59555E+20,5.93524E+21,9.89917E+15,5.35626E+16
9364,2.1703E+18,2,1,3,106,2017,3,22,6,3,6,2,0,1,1,0,0,2,1,5.64546E+20,5.93385E+21,9.97421E+15,5.35496E+16
9365,2.17093E+18,2,3,6,318,2017,9,8,5,3,3,2,1,1,0,0,0,0,0,5.63046E+20,5.94089E+21,9.953E+15,5.3613E+16
9366,2.1703E+18,2,1,16,136,2017,3,6,5,3,3,1,0,1,0,0,1,2,1,5.70838E+20,5.92941E+21,1.00682E+16,5.35089E+16
9367,3.1701E+18,3,2,52,6,2017,1,9,2,3,5,3,0,1,0,0,0,0,1,5.25686E+20,5.77198E+21,9.37498E+15,5.20977E+16
9368,2.1703E+18,2,3,4,316,2017,3,19,5,3,5,3,0,1,0,0,0,2,1,5.64178E+20,5.93768E+21,9.96946E+15,5.3584E+16
9369,3.1701E+18,3,1,59,14,2017,1,11,2,3,5,3,0,1,0,0,1,0,1,5.83548E+20,5.71745E+21,1.02064E+16,5.16019E+16
9370,2.1703E+18,2,1,1,102,2017,3,21,4,3,5,3,0,1,0,0,0,2,0,5.65349E+20,5.93366E+21,9.98629E+15,5.35478E+16
9371,2.17093E+18,2,1,1,102,2017,9,7,5,3,2,6,0,1,0,0,1,0,1,5.65389E+20,5.93365E+21,9.98689E+15,5.35477E+16
9372,3.1701E+18,3,1,59,16,2017,1,19,2,3,9,1,0,1,0,0,0,2,2,5.61034E+20,5.71291E+21,9.88054E+15,5.1564E+16
9373,2.17023E+18,2,1,6,115,2017,2,20,3,3,2,6,0,1,0,0,0,2,1,5.67301E+20,5.93347E+21,1.00157E+16,5.35458E+16
9374,2.17023E+18,2,4,7,417,2017,2,15,3,3,0,3,1,0,0,1,0,0,0,5.68507E+20,5.93554E+21,1.00344E+16,5.35643E+16
9375,2.17093E+18,2,1,15,134,2017,9,6,4,3,3,6,0,1,0,0,1,1,0,5.67804E+20,5.93143E+21,1.00229E+16,5.35274E+16
9376,3.1701E+18,3,1,54,13,2017,1,21,2,2,2,6,0,1,0,0,0,2,2,6.28168E+20,5.79602E+21,1.08796E+16,5.22996E+16
9377,2.17023E+18,2,2,6,218,2017,2,7,3,3,3,2,0,0,0,0,1,0,1,5.58839E+20,5.93581E+21,9.88845E+15,5.35678E+16
9378,2.17023E+18,2,3,4,316,2017,2,19,3,3,2,6,0,1,0,0,0,2,1,5.64163E+20,5.93774E+21,9.96923E+15,5.35846E+16
9379,2.17093E+18,2,6,2,602,2017,9,2,4,3,2,6,1,1,0,0,0,2,0,5.80056E+20,5.92726E+21,1.02066E+16,5.34882E+16
9380,3.1701E+18,3,1,3,0,2017,1,21,2,2,9,1,0,1,0,0,0,2,2,6.27133E+20,5.81509E+21,1.08717E+16,5.24712E+16
9381,3.1701E+18,3,1,58,37,2017,1,6,2,2,9,1,0,1,0,0,0,2,2,6.07668E+20,5.78558E+21,1.05758E+16,5.22102E+16
9382,2.17023E+18,2,1,15,134,2017,2,12,2,3,2,6,0,1,0,0,0,0,0,5.67893E+20,5.93094E+21,1.00241E+16,5.3523E+16
9383,2.17093E+18,2,3,6,318,2017,9,9,4,3,1,6,0,1,0,1,0,0,0,5.63316E+20,5.94066E+21,9.95704E+15,5.3611E+16
9384,2.17093E+18,2,3,5,317,2017,9,14,4,3,5,3,1,1,0,0,0,0,0,5.63888E+20,5.93925E+21,9.9654E+15,5.35982E+16
9385,2.17061E+18,2,7,14,715,2017,6,13,3,3,4,2,1,1,0,0,0,0,0,5.5673E+20,5.92517E+21,9.85469E+15,5.34724E+16
9386,3.1701E+18,3,1,57,6,2017,1,5,2,3,8,1,0,1,0,0,0,2,2,5.8828E+20,5.79548E+21,1.02947E+16,5.23025E+16
9387,2.17023E+18,2,3,8,320,2017,2,13,2,3,3,6,0,1,0,0,1,0,0,5.60882E+20,5.93992E+21,9.92011E+15,5.36046E+16
9388,2.17093E+18,2,2,3,209,2017,9,7,4,3,3,6,1,0,0,0,0,0,0,5.61963E+20,5.93539E+21,9.93555E+15,5.35638E+16
9389,2.17093E+18,2,7,14,715,2017,9,14,3,3,5,3,1,1,0,0,0,0,0,5.57291E+20,5.92506E+21,9.86312E+15,5.34714E+16
9390,2.17061E+18,2,7,2,703,2017,6,11,3,3,8,7,0,1,0,0,0,0,0,5.67894E+20,5.9255E+21,1.00229E+16,5.34741E+16
9391,3.1701E+18,3,1,53,2,2017,1,12,2,3,8,1,0,1,0,0,0,0,1,6.07729E+20,5.749E+21,1.05651E+16,5.18813E+16
9392,2.17093E+18,2,1,6,116,2017,9,14,3,3,2,6,0,1,0,0,0,0,0,5.67739E+20,5.93322E+21,1.00223E+16,5.35435E+16
9393,2.17061E+18,2,1,8,124,2017,6,10,3,3,2,6,0,1,0,0,0,0,1,5.69221E+20,5.93425E+21,1.00449E+16,5.35526E+16
9394,3.1701E+18,3,1,51,38,2017,1,5,2,3,9,1,0,1,0,0,0,2,1,6.06562E+20,5.82912E+21,1.05735E+16,5.26017E+16
9395,2.17093E+18,2,2,5,215,2017,9,10,3,3,0,6,0,1,0,1,0,0,0,5.6103E+20,5.9354E+21,9.92146E+15,5.35639E+16
9396,2.17061E+18,2,1,8,124,2017,6,10,3,3,1,6,0,1,0,0,1,0,1,5.69212E+20,5.93425E+21,1.00447E+16,5.35526E+16
9397,2.17093E+18,2,3,4,316,2017,9,15,3,3,3,2,1,1,0,0,0,0,0,5.64186E+20,5.93769E+21,9.96957E+15,5.35841E+16
9398,2.17061E+18,2,2,5,215,2017,6,13,3,3,3,2,1,1,0,0,0,0,1,5.61356E+20,5.93538E+21,9.92637E+15,5.35637E+16
9399,2.17061E+18,2,1,4,111,2017,6,9,3,3,3,6,0,1,0,1,0,0,1,5.63926E+20,5.93435E+21,9.96497E+15,5.35541E+16
9400,2.17061E+18,2,1,6,117,2017,6,15,2,3,3,6,0,1,0,0,1,0,0,5.68039E+20,5.93392E+21,1.00269E+16,5.35498E+16
9401,3.1701E+18,3,1,57,6,2017,1,4,2,2,2,6,0,1,0,0,1,2,2,5.80378E+20,5.80151E+21,1.01803E+16,5.2358E+16
9402,2.17061E+18,2,3,8,320,2017,6,12,2,3,2,6,0,1,0,0,0,0,0,5.60412E+20,5.94102E+21,9.91321E+15,5.36145E+16
9403,2.17061E+18,2,3,9,321,2017,6,7,2,3,3,2,1,0,0,0,1,0,0,5.61161E+20,5.93887E+21,9.92412E+15,5.35951E+16
9404,3.1701E+18,3,4,57,8,2017,1,4,1,3,8,1,0,1,0,0,0,2,1,4.10712E+20,5.89975E+21,7.66208E+15,5.32395E+16
9405,2.17061E+18,2,2,9,221,2017,6,17,2,3,5,3,1,1,0,0,0,0,0,5.57296E+20,5.93621E+21,9.86523E+15,5.35716E+16
9406,3.1701E+18,3,4,53,6,2017,1,13,1,3,5,3,0,1,0,0,0,0,0,4.28985E+20,5.84129E+21,7.94867E+15,5.27169E+16
9407,3.1701E+18,3,4,55,20,2017,1,19,1,3,9,1,0,1,0,0,0,2,1,4.33039E+20,5.9474E+21,7.98643E+15,5.3671E+16
9408,2.17061E+18,2,2,12,225,2017,6,15,2,3,3,2,1,1,0,0,0,0,1,5.54479E+20,5.93671E+21,9.82279E+15,5.35764E+16
9409,3.1701E+18,3,3,61,9,2017,1,12,1,3,8,1,0,1,0,0,0,0,0,5.07235E+20,5.87935E+21,9.10797E+15,5.30636E+16
9410,2.17061E+18,2,2,7,219,2017,6,17,2,3,3,6,0,1,0,1,0,2,0,5.60679E+20,5.93296E+21,9.91568E+15,5.3542E+16
9411,3.1701E+18,3,2,51,7,2017,1,10,1,2,8,1,0,1,0,0,0,0,1,4.83512E+20,5.85519E+21,8.75518E+15,5.28462E+16
9412,3.1701E+18,3,4,60,3,2017,1,18,1,3,2,6,0,1,0,0,0,2,0,4.40802E+20,5.82958E+21,8.12568E+15,5.2613E+16
9413,3.1701E+18,3,4,1,0,2017,1,14,1,3,9,7,0,1,0,0,0,0,0,4.74344E+20,5.87621E+21,8.6174E+15,5.30348E+16
9414,3.1701E+18,3,4,61,8,2017,1,16,1,3,9,1,0,1,0,0,0,0,1,4.60033E+20,5.91564E+21,8.39905E+15,5.33883E+16
9415,3.1701E+18,3,3,53,40,2017,1,2,1,3,0,3,0,1,0,0,0,2,0,5.80764E+20,5.91376E+21,1.02138E+16,5.33668E+16
9416,2.17061E+18,2,2,7,219,2017,6,15,2,2,2,6,0,1,0,0,1,0,0,5.60802E+20,5.93296E+21,9.91754E+15,5.3542E+16
9417,3.1701E+18,3,3,60,3,2017,1,17,1,2,4,6,0,1,0,0,0,2,1,6.0299E+20,5.87942E+21,1.05366E+16,5.30544E+16
9418,2.17061E+18,2,3,8,320,2017,6,16,2,3,5,3,1,0,0,0,1,0,0,5.60069E+20,5.94166E+21,9.90815E+15,5.36203E+16
9419,2.17023E+18,2,2,7,219,2017,2,8,2,1,2,6,0,0,0,0,1,0,0,5.60822E+20,5.93298E+21,9.91785E+15,5.35422E+16
9420,2.17061E+18,2,7,1,702,2017,6,19,1,3,3,6,0,1,0,0,0,0,1,5.65635E+20,5.92368E+21,9.98853E+15,5.34581E+16
9421,2.17061E+18,2,3,1,306,2017,6,17,1,3,3,6,1,0,0,0,0,0,0,5.62834E+20,5.93647E+21,9.94891E+15,5.35734E+16
9422,2.17023E+18,2,3,1,304,2017,2,19,2,3,0,7,1,0,0,0,0,2,0,5.62472E+20,5.93637E+21,9.94341E+15,5.35724E+16
9423,2.17061E+18,2,7,1,702,2017,6,19,7,3,0,6,0,1,0,1,0,0,1,5.6551E+20,5.92386E+21,9.98667E+15,5.34597E+16
9424,2.17061E+18,2,6,1,601,2017,6,2,7,3,5,3,0,1,0,0,1,2,0,5.79503E+20,5.92777E+21,1.01984E+16,5.34928E+16
9425,2.17023E+18,2,2,1,206,2017,2,14,2,3,0,7,0,0,0,0,1,0,0,5.63539E+20,5.93503E+21,9.95926E+15,5.35603E+16
9426,2.17023E+18,2,1,1,101,2017,2,9,2,3,2,6,0,1,0,0,0,0,0,5.66531E+20,5.93365E+21,1.00041E+16,5.35476E+16
9427,2.17061E+18,2,3,4,316,2017,6,5,7,3,6,4,0,0,1,1,0,0,0,5.64143E+20,5.9378E+21,9.96894E+15,5.35851E+16
9428,2.17023E+18,2,3,9,321,2017,2,17,1,2,8,1,0,1,0,0,0,2,1,5.61701E+20,5.938E+21,9.9321E+15,5.35872E+16
9429,3.17011E+18,3,2,57,18,2017,1,17,6,3,2,6,0,1,0,0,0,2,0,5.24468E+20,5.79334E+21,9.35873E+15,5.22898E+16
9430,3.17011E+18,3,2,54,45,2017,1,12,6,2,8,7,0,1,0,0,0,0,1,5.63526E+20,5.76613E+21,9.92624E+15,5.20421E+16
9431,3.17011E+18,3,2,55,31,2017,1,13,6,3,9,1,0,1,0,0,0,0,2,5.26654E+20,5.75606E+21,9.38787E+15,5.19546E+16
9432,3.17011E+18,3,2,52,8,2017,1,18,6,3,5,3,1,1,0,0,0,2,1,5.40582E+20,5.76777E+21,9.59191E+15,5.2059E+16
9433,3.17011E+18,3,2,52,4,2017,1,10,6,3,8,1,0,1,0,0,0,0,2,5.36589E+20,5.76726E+21,9.53362E+15,5.20548E+16
9434,3.17011E+18,3,2,52,7,2017,1,8,6,3,8,1,0,1,0,0,0,0,2,5.1632E+20,5.7841E+21,9.23883E+15,5.22071E+16
9435,3.17011E+18,3,2,52,6,2017,1,23,6,3,5,3,0,1,0,0,0,2,1,5.25956E+20,5.77238E+21,9.37895E+15,5.21014E+16
9436,3.17011E+18,3,2,52,6,2017,1,7,6,3,5,3,1,1,0,0,0,1,1,5.25878E+20,5.77081E+21,9.37769E+15,5.20873E+16
9437,3.17011E+18,3,1,59,17,2017,1,20,6,3,8,7,0,1,0,0,0,2,2,5.44818E+20,5.70013E+21,9.64498E+15,5.14506E+16
9438,3.17011E+18,3,1,59,10,2017,1,10,6,2,9,1,0,0,0,0,1,0,2,5.88635E+20,5.70977E+21,1.02778E+16,5.15321E+16
9439,3.17011E+18,3,1,3,0,2017,1,12,6,3,6,6,0,1,1,0,0,0,1,6.20295E+20,5.81629E+21,1.07715E+16,5.24835E+16
9440,3.17011E+18,3,1,58,37,2017,1,7,6,3,5,3,0,1,0,0,0,2,1,6.08434E+20,5.78444E+21,1.05866E+16,5.21997E+16
9441,3.17011E+18,3,1,2,0,2017,1,9,6,3,5,1,0,1,0,0,0,0,2,5.93669E+20,5.76657E+21,1.03657E+16,5.20419E+16
9442,3.17011E+18,3,1,57,6,2017,1,12,6,3,5,3,0,1,0,0,0,0,1,5.83785E+20,5.79824E+21,1.02295E+16,5.2328E+16
9443,3.17011E+18,3,1,53,17,2017,1,23,6,2,4,1,0,1,0,0,0,2,2,6.01315E+20,5.74767E+21,1.04716E+16,5.18706E+16
9444,3.17011E+18,3,1,1,0,2017,1,3,6,3,0,7,0,1,0,0,0,2,1,6.04284E+20,5.78416E+21,1.05258E+16,5.2198E+16
9445,3.17011E+18,3,4,59,8,2017,1,19,5,2,5,3,0,1,0,0,0,2,0,4.40198E+20,5.79526E+21,8.12292E+15,5.23044E+16
9446,3.17011E+18,3,4,59,34,2017,1,14,5,3,2,6,0,1,0,0,1,0,0,4.28555E+20,5.77247E+21,7.957E+15,5.20981E+16
9447,3.17011E+18,3,4,59,1,2017,1,15,5,3,2,6,0,1,0,0,0,0,1,4.29132E+20,5.81726E+21,7.956E+15,5.25009E+16
9448,3.17011E+18,3,4,4,0,2017,1,23,5,3,5,3,1,1,0,0,0,2,1,4.34247E+20,5.7928E+21,8.03613E+15,5.22816E+16
9449,3.17011E+18,3,4,4,0,2017,1,8,5,3,2,6,0,1,0,0,0,1,0,4.36315E+20,5.79273E+21,8.06646E+15,5.22813E+16
9450,3.17011E+18,3,4,4,0,2017,1,10,5,3,5,3,1,1,0,0,0,0,0,4.34285E+20,5.7945E+21,8.03636E+15,5.22969E+16
9451,3.17011E+18,3,4,57,8,2017,1,19,5,3,5,3,0,1,0,0,1,2,1,4.10989E+20,5.90331E+21,7.66524E+15,5.32715E+16
9452,3.17011E+18,3,4,54,22,2017,1,20,5,3,5,3,0,1,0,0,0,2,1,4.12742E+20,5.87253E+21,7.6999E+15,5.29952E+16
9453,3.17011E+18,3,4,54,41,2017,1,13,5,3,4,6,1,0,0,0,0,0,1,3.94081E+20,5.8825E+21,7.41869E+15,5.30814E+16
9454,3.17011E+18,3,4,54,41,2017,1,18,5,3,2,2,0,1,0,0,0,2,0,3.93291E+20,5.88318E+21,7.40667E+15,5.30874E+16
9455,3.17011E+18,3,4,54,41,2017,1,6,5,3,5,3,1,1,0,0,0,2,1,3.88391E+20,5.87929E+21,7.33489E+15,5.30515E+16
9456,3.17011E+18,3,4,54,18,2017,1,23,5,3,5,3,0,1,0,0,0,2,1,3.74914E+20,5.85351E+21,7.14387E+15,5.28168E+16
9457,3.17011E+18,3,4,54,18,2017,1,8,5,2,4,2,0,1,0,0,0,0,1,3.80293E+20,5.85088E+21,7.22461E+15,5.27945E+16
9458,3.17011E+18,3,4,56,18,2017,1,17,5,3,2,6,0,1,0,0,0,2,1,3.74674E+20,5.80043E+21,7.16039E+15,5.23399E+16
9459,3.17011E+18,3,4,62,16,2017,1,15,5,3,5,3,0,1,0,0,1,0,1,3.99684E+20,5.94077E+21,7.48383E+15,5.36061E+16
9460,3.17011E+18,3,4,52,23,2017,1,7,5,3,8,7,0,0,0,0,1,2,1,3.90455E+20,5.92508E+21,7.3499E+15,5.34634E+16
9461,3.17011E+18,3,4,53,4,2017,1,6,5,3,5,2,0,1,0,0,0,2,1,4.36832E+20,5.85726E+21,8.06173E+15,5.28614E+16
9462,3.17011E+18,3,4,55,20,2017,1,10,5,3,5,2,0,1,0,0,1,0,1,4.28298E+20,5.93863E+21,7.91669E+15,5.35916E+16
9463,3.17011E+18,3,4,51,4,2017,1,19,5,3,8,6,0,1,0,0,0,1,0,4.39707E+20,5.88646E+21,8.09899E+15,5.31241E+16
9464,3.17011E+18,3,4,51,4,2017,1,15,5,3,5,3,1,1,0,0,0,0,1,4.39927E+20,5.88716E+21,8.10214E+15,5.31304E+16
9465,3.17011E+18,3,4,3,0,2017,1,7,5,3,5,3,1,1,0,0,0,2,1,4.43555E+20,5.88828E+21,8.15617E+15,5.31409E+16
9466,3.17011E+18,3,2,51,40,2017,1,12,5,3,3,2,0,1,0,0,1,0,0,4.81456E+20,5.83922E+21,8.72556E+15,5.27026E+16
9467,3.17011E+18,3,2,51,44,2017,1,7,5,3,5,2,0,1,0,0,0,1,1,4.71835E+20,5.82065E+21,8.58476E+15,5.25352E+16
9468,3.17011E+18,3,2,51,13,2017,1,16,5,2,4,6,0,1,0,0,0,2,1,4.61191E+20,5.83349E+21,8.42635E+15,5.265E+16
9469,3.17011E+18,3,4,58,5,2017,1,13,5,3,2,2,0,1,0,0,0,0,0,4.68462E+20,5.87938E+21,8.52937E+15,5.3063E+16
9470,3.17011E+18,3,3,52,60,2017,1,11,5,3,5,3,0,1,0,0,0,0,1,4.698E+20,5.91251E+21,8.5462E+15,5.33609E+16
9471,3.17011E+18,3,3,53,31,2017,1,15,5,3,2,2,0,1,0,0,0,0,1,5.64889E+20,5.91666E+21,9.97585E+15,5.3395E+16
9472,3.17011E+18,3,3,58,2,2017,1,8,5,3,8,1,0,1,0,0,0,0,2,5.73078E+20,5.88609E+21,1.0092E+16,5.31192E+16
9473,3.17011E+18,3,3,57,8,2017,1,13,5,3,6,2,0,1,1,0,0,0,1,5.10572E+20,5.92607E+21,9.15932E+15,5.34835E+16
9474,3.17011E+18,3,3,54,18,2017,1,17,5,3,8,7,0,1,0,0,0,2,1,6.40727E+20,5.8761E+21,1.10978E+16,5.30159E+16
9475,3.17011E+18,3,3,51,3,2017,1,6,5,3,8,1,0,1,0,0,0,2,2,5.846E+20,5.83301E+21,1.02503E+16,5.26405E+16
9476,3.17011E+18,3,2,41,15,2017,1,17,5,3,2,6,0,1,0,0,0,2,0,5.38393E+20,5.80177E+21,9.56385E+15,5.23649E+16
9477,3.17011E+18,3,2,41,15,2017,1,17,5,3,5,3,0,1,0,0,0,2,0,5.40064E+20,5.80537E+21,9.58882E+15,5.23971E+16
9478,3.17011E+18,3,2,41,2,2017,1,5,5,3,9,1,0,1,0,0,0,2,0,5.3603E+20,5.80062E+21,9.52903E+15,5.23547E+16
9479,3.17011E+18,3,2,41,11,2017,1,17,5,3,4,2,0,1,0,0,0,2,1,5.76617E+20,5.80301E+21,1.01254E+16,5.2372E+16
9480,3.17011E+18,3,2,41,18,2017,1,4,5,3,8,1,0,1,0,0,0,2,2,5.79575E+20,5.80816E+21,1.01701E+16,5.24179E+16
9481,3.17011E+18,3,2,41,1,2017,1,16,5,3,5,3,1,1,0,0,0,1,0,5.52003E+20,5.79956E+21,9.76338E+15,5.23439E+16
9482,3.17011E+18,3,2,41,9,2017,1,13,5,2,5,3,1,1,0,0,0,0,0,5.55881E+20,5.79548E+21,9.81962E+15,5.23068E+16
9483,3.17011E+18,3,2,41,1,2017,1,13,5,3,3,6,0,0,0,0,1,0,0,5.55373E+20,5.80908E+21,9.81441E+15,5.24291E+16
9484,3.17011E+18,3,2,41,1,2017,1,8,5,2,5,3,1,1,0,0,0,0,1,5.51523E+20,5.80248E+21,9.75678E+15,5.23702E+16
9485,3.17011E+18,3,2,41,10,2017,1,7,5,2,5,3,0,1,0,1,0,1,1,5.45794E+20,5.81011E+21,9.67367E+15,5.24393E+16
9486,3.17011E+18,3,2,41,8,2017,1,3,5,3,8,1,0,0,0,0,1,2,1,5.60034E+20,5.80938E+21,9.883E+15,5.24313E+16
9487,3.17011E+18,3,1,59,26,2017,1,8,5,3,2,6,0,1,0,0,0,0,1,5.87009E+20,5.73063E+21,1.02596E+16,5.17199E+16
9488,3.17011E+18,3,1,55,9,2017,1,7,5,3,8,1,0,1,0,0,0,1,2,5.61707E+20,5.72582E+21,9.89251E+15,5.168E+16
9489,3.17011E+18,3,1,55,11,2017,1,14,5,3,8,1,0,1,0,0,0,0,0,5.68124E+20,5.73018E+21,9.98616E+15,5.17184E+16
9490,3.17011E+18,3,2,56,21,2017,1,11,5,2,4,6,0,1,0,0,1,0,0,5.09076E+20,5.83387E+21,9.13417E+15,5.26547E+16
9491,3.17011E+18,3,2,54,21,2017,1,18,5,3,2,6,0,1,0,0,0,2,0,5.66527E+20,5.779E+21,9.97249E+15,5.21575E+16
9492,3.17011E+18,3,1,59,34,2017,1,7,5,3,9,1,0,1,0,0,0,2,1,5.41579E+20,5.69188E+21,9.5974E+15,5.13766E+16
9493,3.17011E+18,3,1,59,17,2017,1,4,5,3,8,1,0,1,0,0,0,2,2,5.43734E+20,5.70032E+21,9.62941E+15,5.14523E+16
9494,3.17011E+18,3,1,59,16,2017,1,7,5,3,2,6,0,1,0,0,0,1,1,5.63767E+20,5.71197E+21,9.91979E+15,5.15552E+16
9495,3.17011E+18,3,1,54,7,2017,1,19,5,3,4,2,0,1,0,0,0,2,1,6.32376E+20,5.81118E+21,1.09473E+16,5.24348E+16