OBJECTID,UIDENTSTLA,ULAND,UREGBEZ,UKREIS,UGEMEINDE,UJAHR,UMONAT,USTUNDE,UWOCHENTAG,UKATEGORIE,UART,UTYP1,IstRad,IstPKW,IstFuss,IstKrad,IstSonstig,LICHT,STRZUSTAND,LINREFX,LINREFY,XGCSWGS84,YGCSWGS84
9496,3.17011E+18,3,1,57,2,2017,1,5,5,3,8,1,0,1,0,0,0,2,2,5.76131E+20,5.79231E+21,1.01159E+16,5.22759E+16
9497,3.17011E+18,3,1,2,0,2017,1,22,5,3,5,3,0,1,0,0,1,2,1,5.98356E+20,5.78069E+21,1.04381E+16,5.21679E+16
9498,3.17011E+18,3,1,51,31,2017,1,4,5,3,9,1,0,1,0,0,0,2,2,6.22234E+20,5.81764E+21,1.08005E+16,5.24952E+16
9499,3.17011E+18,3,1,51,40,2017,1,6,5,3,9,1,0,1,0,0,0,2,2,6.17033E+20,5.84534E+21,1.07338E+16,5.27452E+16
9500,3.17011E+18,3,1,51,13,2017,1,15,5,3,4,1,0,1,0,0,0,0,0,6.075E+20,5.8113E+21,1.05816E+16,5.24413E+16
9501,3.17011E+18,3,1,51,25,2017,1,14,5,2,8,1,0,1,0,0,0,0,1,6.11154E+20,5.8286E+21,1.06411E+16,5.2596E+16
9502,3.17011E+18,3,1,2,0,2017,1,14,5,3,2,6,0,1,0,0,0,0,0,5.97124E+20,5.78381E+21,1.0421E+16,5.21961E+16
9503,3.17011E+18,3,1,58,39,2017,1,7,5,3,2,6,0,1,0,0,0,2,1,6.04539E+20,5.76503E+21,1.05237E+16,5.2026E+16
9504,3.17011E+18,3,4,4,0,2017,1,7,4,3,2,6,0,1,0,0,0,2,1,4.30424E+20,5.79145E+21,7.98038E+15,5.2269E+16
9505,3.17011E+18,3,4,59,10,2017,1,14,4,3,2,6,0,1,0,0,1,0,1,4.26123E+20,5.82335E+21,7.91033E+15,5.25552E+16
9506,3.17011E+18,3,4,4,0,2017,1,21,4,3,5,3,1,1,0,0,0,2,1,4.3441E+20,5.79342E+21,8.0384E+15,5.22872E+16
9507,3.17011E+18,3,4,4,0,2017,1,13,4,2,4,2,0,1,0,1,0,0,1,4.33211E+20,5.79403E+21,8.02071E+15,5.22925E+16
9508,3.17011E+18,3,4,4,0,2017,1,11,4,2,5,3,1,1,0,0,0,0,1,4.38119E+20,5.79234E+21,8.09296E+15,5.2278E+16
9509,3.17011E+18,3,4,57,10,2017,1,23,4,2,8,1,0,1,0,0,0,2,1,4.06848E+20,5.90947E+21,7.60136E+15,5.33262E+16
9510,3.17011E+18,3,4,57,13,2017,1,13,4,3,2,6,0,1,0,0,0,0,1,3.97382E+20,5.9E+21,7.46234E+15,5.32393E+16
9511,3.17011E+18,3,4,62,5,2017,1,18,4,3,8,1,0,1,0,0,0,2,1,4.19577E+20,5.92288E+21,7.78902E+15,5.34488E+16
9512,3.17011E+18,3,4,62,19,2017,1,10,4,3,8,1,0,0,0,0,1,0,1,4.14566E+20,5.93849E+21,7.70931E+15,5.35883E+16
9513,3.17011E+18,3,4,52,19,2017,1,7,4,3,8,7,0,1,0,0,0,2,1,3.85752E+20,5.93699E+21,7.27476E+15,5.35693E+16
9514,3.17011E+18,3,4,52,19,2017,1,8,4,3,4,2,0,1,0,0,0,1,1,3.81541E+20,5.93647E+21,7.21139E+15,5.35637E+16
9515,3.17011E+18,3,4,52,6,2017,1,17,4,3,3,2,1,1,0,0,0,2,1,4.06789E+20,5.91798E+21,7.59797E+15,5.34027E+16
9516,3.17011E+18,3,4,52,1,2017,1,14,4,3,2,6,0,1,0,0,0,0,0,3.9591E+20,5.92605E+21,7.43172E+15,5.34731E+16
9517,3.17011E+18,3,4,52,23,2017,1,17,4,3,2,2,0,1,0,0,0,2,1,3.93154E+20,5.92605E+21,7.39022E+15,5.34726E+16
9518,3.17011E+18,3,4,60,6,2017,1,15,4,3,2,2,0,1,0,0,0,0,1,4.50513E+20,5.83729E+21,8.26794E+15,5.26833E+16
9519,3.17011E+18,3,3,56,9,2017,1,10,4,3,0,7,0,0,1,0,1,0,1,4.6751E+20,5.89816E+21,8.51326E+15,5.32317E+16
9520,3.17011E+18,3,3,56,5,2017,1,7,4,3,4,2,0,1,0,0,0,1,1,4.86868E+20,5.8931E+21,8.80347E+15,5.31871E+16
9521,3.17011E+18,3,3,61,5,2017,1,15,4,3,2,2,0,1,0,1,0,1,1,5.21665E+20,5.86577E+21,9.32238E+15,5.29411E+16
9522,3.17011E+18,3,4,51,1,2017,1,11,4,3,5,2,0,1,0,0,1,0,1,4.18609E+20,5.89714E+21,7.78106E+15,5.32173E+16
9523,3.17011E+18,3,4,51,2,2017,1,12,4,3,4,6,0,1,0,0,0,0,1,4.33075E+20,5.89322E+21,7.99848E+15,5.31841E+16
9524,3.17011E+18,3,4,3,0,2017,1,13,4,3,6,4,0,1,1,0,0,0,1,4.48894E+20,5.88933E+21,8.2358E+15,5.31509E+16
9525,3.17011E+18,3,2,51,49,2017,1,16,4,2,2,6,0,1,0,0,0,1,1,4.99061E+20,5.84908E+21,8.98608E+15,5.27916E+16
9526,3.17011E+18,3,2,51,24,2017,1,17,4,3,8,1,0,1,0,0,0,2,2,4.92602E+20,5.83192E+21,8.89068E+15,5.26373E+16
9527,3.17011E+18,3,2,51,44,2017,1,8,4,2,8,7,0,1,0,0,0,0,1,4.75974E+20,5.82161E+21,8.64572E+15,5.2544E+16
9528,3.17011E+18,3,4,58,12,2017,1,14,4,3,3,7,0,1,0,0,1,0,1,4.70445E+20,5.86735E+21,8.56006E+15,5.29549E+16
9529,3.17011E+18,3,4,1,0,2017,1,17,4,3,5,3,1,1,0,0,0,2,1,4.72485E+20,5.8766E+21,8.58964E+15,5.30382E+16
9530,3.17011E+18,3,3,53,5,2017,1,12,4,3,5,3,1,1,0,0,0,0,1,5.58578E+20,5.90245E+21,9.87832E+15,5.32681E+16
9531,3.17011E+18,3,3,59,2,2017,1,18,4,3,5,3,0,1,0,1,0,2,1,5.29671E+20,5.91623E+21,9.44621E+15,5.33943E+16
9532,3.17011E+18,3,3,59,10,2017,1,14,4,3,2,6,0,1,0,0,0,0,1,5.51679E+20,5.92338E+21,9.77831E+15,5.34569E+16
9533,3.17011E+18,3,3,59,11,2017,1,17,4,3,4,2,0,1,0,0,0,2,1,5.31259E+20,5.93152E+21,9.4716E+15,5.35317E+16
9534,3.17011E+18,3,3,59,18,2017,1,0,4,3,4,1,0,1,0,0,0,2,1,5.18765E+20,5.964E+21,9.28507E+15,5.38242E+16
9535,3.17011E+18,3,3,58,19,2017,1,18,4,3,2,6,0,1,0,0,0,2,1,5.535E+20,5.88505E+21,9.79928E+15,5.31122E+16
9536,3.17011E+18,3,3,57,51,2017,1,13,4,3,8,1,0,0,0,0,1,0,1,5.43149E+20,5.86801E+21,9.64236E+15,5.296E+16
9537,3.17011E+18,3,3,57,37,2017,1,23,4,3,8,1,0,1,0,0,1,2,2,5.14853E+20,5.88791E+21,9.22205E+15,5.31404E+16
9538,3.17011E+18,3,3,57,39,2017,1,13,4,3,5,3,1,1,0,0,0,0,1,5.26231E+20,5.88368E+21,9.39178E+15,5.3102E+16
9539,3.17011E+18,3,3,60,18,2017,1,20,4,3,8,1,0,1,0,0,0,2,2,6.21201E+20,5.87025E+21,1.08047E+16,5.29681E+16
9540,3.17011E+18,3,3,54,9,2017,1,7,4,3,5,3,0,1,0,0,0,1,0,6.35254E+20,5.89097E+21,1.10226E+16,5.31509E+16
9541,3.17011E+18,3,3,51,24,2017,1,17,4,3,2,2,0,1,0,0,0,2,1,5.66373E+20,5.83899E+21,9.98215E+15,5.26967E+16
9542,3.17011E+18,3,2,41,9,2017,1,9,4,3,6,4,0,1,1,0,0,0,0,5.5351E+20,5.79698E+21,9.78509E+15,5.23205E+16
9543,3.17011E+18,3,2,41,1,2017,1,9,4,3,2,6,0,1,0,0,1,0,0,5.58678E+20,5.80248E+21,9.86186E+15,5.23694E+16
9544,3.17011E+18,3,2,41,1,2017,1,18,4,3,5,2,1,1,0,0,0,2,1,5.49837E+20,5.8039E+21,9.73222E+15,5.23831E+16
9545,3.17011E+18,3,2,41,17,2017,1,16,4,3,9,1,0,1,0,0,0,0,1,5.41514E+20,5.78539E+21,9.60767E+15,5.22174E+16
9546,3.17011E+18,3,2,41,19,2017,1,14,4,3,0,2,0,1,0,0,0,0,1,5.45773E+20,5.81864E+21,9.67454E+15,5.2516E+16
9547,3.17011E+18,3,2,41,11,2017,1,15,4,3,2,6,0,1,0,0,0,0,1,5.62166E+20,5.8013E+21,9.91286E+15,5.23585E+16
9548,3.17011E+18,3,2,41,1,2017,1,17,4,2,5,2,0,1,0,0,1,2,1,5.44296E+20,5.80791E+21,9.65136E+15,5.24196E+16
9549,3.17011E+18,3,2,41,1,2017,1,21,4,2,9,7,0,1,0,0,0,2,0,5.50065E+20,5.80571E+21,9.73585E+15,5.23993E+16
9550,3.17011E+18,3,1,55,6,2017,1,7,4,3,3,6,0,1,0,1,0,0,0,5.72048E+20,5.73853E+21,1.00447E+16,5.1793E+16
9551,3.17011E+18,3,2,56,25,2017,1,20,4,3,5,3,0,1,0,0,0,2,1,5.09652E+20,5.81144E+21,9.14203E+15,5.24531E+16
9552,3.17011E+18,3,2,57,31,2017,1,14,4,3,2,6,0,1,0,1,0,0,1,5.0783E+20,5.78515E+21,9.1146E+15,5.22167E+16
9553,3.17011E+18,3,2,54,2,2017,1,9,4,3,8,1,0,1,0,0,0,0,1,5.5156E+20,5.75932E+21,9.75075E+15,5.19821E+16
9554,3.17011E+18,3,1,59,16,2017,1,18,4,3,2,2,0,1,0,0,0,2,1,5.64569E+20,5.71221E+21,9.93139E+15,5.15573E+16
9555,3.17011E+18,3,1,59,16,2017,1,14,4,3,5,3,1,1,0,0,0,0,1,5.65145E+20,5.70894E+21,9.9391E+15,5.15278E+16
9556,3.17011E+18,3,1,2,0,2017,1,21,4,3,9,1,0,1,0,0,0,2,2,5.85264E+20,5.77693E+21,1.02458E+16,5.21363E+16
9557,3.17011E+18,3,1,57,8,2017,1,18,4,2,9,1,0,1,0,0,0,2,1,5.94953E+20,5.79936E+21,1.03936E+16,5.23363E+16
9558,3.17011E+18,3,1,57,9,2017,1,13,4,3,6,4,0,1,1,0,0,0,1,5.81904E+20,5.79285E+21,1.02006E+16,5.22799E+16
9559,3.17011E+18,3,1,57,2,2017,1,10,4,2,9,1,0,1,0,0,0,0,0,5.7334E+20,5.78676E+21,1.00737E+16,5.22264E+16
9560,3.17011E+18,3,1,51,26,2017,1,16,4,3,8,1,0,1,0,0,0,0,1,6.10094E+20,5.83188E+21,1.06265E+16,5.26258E+16
9561,3.17011E+18,3,1,51,13,2017,1,7,4,3,2,6,0,1,0,0,0,1,0,6.08105E+20,5.81045E+21,1.05902E+16,5.24335E+16
9562,3.17011E+18,3,1,51,9,2017,1,14,4,3,5,3,0,1,0,0,0,0,1,6.02499E+20,5.82384E+21,1.05119E+16,5.25549E+16
9563,3.17011E+18,3,4,59,24,2017,1,5,3,3,5,3,0,1,0,0,0,2,1,4.55705E+20,5.78242E+21,8.35202E+15,5.21905E+16
9564,3.17011E+18,3,4,59,17,2017,1,17,3,3,5,3,1,1,0,0,0,2,0,4.10804E+20,5.81912E+21,7.68557E+15,5.25149E+16
9565,3.17011E+18,3,4,57,22,2017,1,14,3,3,5,3,0,1,0,1,0,0,1,3.94317E+20,5.88652E+21,7.42088E+15,5.31176E+16
9566,3.17011E+18,3,4,54,41,2017,1,17,3,3,4,2,0,1,0,0,0,2,1,3.9216E+20,5.87792E+21,7.39156E+15,5.30399E+16
9567,3.17011E+18,3,4,54,35,2017,1,15,3,2,2,6,0,1,0,0,0,0,1,3.8453E+20,5.84118E+21,7.29083E+15,5.27082E+16
9568,3.17011E+18,3,4,54,32,2017,1,8,3,3,0,3,0,1,0,0,0,0,1,3.91364E+20,5.81633E+21,7.4001E+15,5.24862E+16
9569,3.17011E+18,3,4,62,19,2017,1,18,3,2,3,6,0,1,0,1,0,2,0,4.15558E+20,5.94174E+21,7.72342E+15,5.36176E+16
9570,3.17011E+18,3,4,52,27,2017,1,23,3,3,8,1,0,0,0,0,1,2,1,3.97324E+20,5.9467E+21,7.44622E+15,5.36589E+16
9571,3.17011E+18,3,4,52,1,2017,1,16,3,3,2,6,0,1,0,0,0,1,1,3.99693E+20,5.92486E+21,7.48907E+15,5.34632E+16
9572,3.17011E+18,3,4,52,1,2017,1,7,3,3,2,6,0,1,0,0,0,1,1,3.99894E+20,5.92704E+21,7.4914E+15,5.34828E+16
9573,3.17011E+18,3,4,60,6,2017,1,7,3,3,2,6,0,1,0,0,0,1,1,4.50604E+20,5.83745E+21,8.26927E+15,5.26847E+16
9574,3.17011E+18,3,4,53,4,2017,1,16,3,3,5,3,0,1,0,0,0,1,1,4.30633E+20,5.85285E+21,7.97061E+15,5.28209E+16
9575,3.17011E+18,3,4,5,0,2017,1,8,3,3,2,6,0,1,0,0,1,0,1,4.41344E+20,5.93661E+21,8.11415E+15,5.35751E+16
9576,3.17011E+18,3,3,56,9,2017,1,13,3,3,5,3,0,1,0,0,1,0,1,4.72764E+20,5.89704E+21,8.59207E+15,5.3222E+16
9577,3.17011E+18,3,3,56,7,2017,1,7,3,3,4,2,0,1,0,0,0,2,1,4.86291E+20,5.89745E+21,8.79465E+15,5.32262E+16
9578,3.17011E+18,3,4,51,2,2017,1,17,3,3,2,6,0,1,0,0,0,1,1,4.32103E+20,5.89411E+21,7.98375E+15,5.3192E+16
9579,3.17011E+18,3,2,51,37,2017,1,12,3,3,4,1,0,1,0,0,0,0,1,4.8091E+20,5.8672E+21,8.71584E+15,5.2954E+16
9580,3.17011E+18,3,2,51,38,2017,1,17,3,3,5,3,0,1,0,0,0,2,0,4.89392E+20,5.84969E+21,8.84267E+15,5.27969E+16
9581,3.17011E+18,3,4,61,3,2017,1,14,3,3,8,1,0,1,0,0,0,0,1,4.54572E+20,5.93352E+21,8.31435E+15,5.35486E+16
9582,3.17011E+18,3,4,58,5,2017,1,8,3,3,5,3,0,1,0,0,0,0,1,4.67596E+20,5.87554E+21,8.51684E+15,5.30284E+16
9583,3.17011E+18,3,4,58,7,2017,1,6,3,3,5,3,1,1,0,0,0,2,1,4.46901E+20,5.86206E+21,8.2105E+15,5.29056E+16
9584,3.17011E+18,3,3,53,4,2017,1,15,3,2,6,4,0,1,1,0,0,0,0,5.70047E+20,5.90647E+21,1.00512E+16,5.33028E+16
9585,3.17011E+18,3,3,58,22,2017,1,18,3,3,2,2,0,1,0,0,0,2,0,5.40156E+20,5.85631E+21,9.59636E+15,5.2855E+16
9586,3.17011E+18,3,3,51,22,2017,1,11,3,3,2,2,0,1,0,0,0,0,1,5.79841E+20,5.82619E+21,1.01783E+16,5.25799E+16
9587,3.17011E+18,3,2,41,1,2017,1,14,3,3,2,6,0,1,0,0,0,0,0,5.50008E+20,5.80482E+21,9.73488E+15,5.23914E+16
9588,3.17011E+18,3,2,41,21,2017,1,14,3,3,5,3,1,1,0,0,0,0,0,5.29322E+20,5.80951E+21,9.43132E+15,5.2435E+16
9589,3.17011E+18,3,2,41,15,2017,1,5,3,3,5,3,1,1,0,0,0,2,0,5.44163E+20,5.80529E+21,9.64905E+15,5.2396E+16
9590,3.17011E+18,3,1,55,11,2017,1,18,3,3,2,2,0,1,0,0,0,0,0,5.68595E+20,5.72855E+21,9.99266E+15,5.17037E+16
9591,3.17011E+18,3,2,56,29,2017,1,14,3,3,2,2,0,1,0,0,0,0,0,5.27267E+20,5.83383E+21,9.40308E+15,5.26538E+16
9592,3.17011E+18,3,2,52,1,2017,1,14,3,2,9,7,0,1,0,0,0,0,1,5.18325E+20,5.7666E+21,9.26722E+15,5.20497E+16
9593,3.17011E+18,3,1,59,31,2017,1,9,3,3,2,2,0,1,0,0,0,0,0,5.5018E+20,5.70157E+21,9.72234E+15,5.14631E+16
9594,3.17011E+18,3,1,57,6,2017,1,7,3,3,4,2,0,1,0,0,1,2,1,5.82814E+20,5.79608E+21,1.02147E+16,5.23088E+16
9595,3.17011E+18,3,1,57,6,2017,1,9,3,3,4,2,0,1,0,0,0,0,0,5.83124E+20,5.79587E+21,1.02192E+16,5.23069E+16
9596,3.17011E+18,3,1,2,0,2017,1,21,3,3,4,2,0,1,0,0,0,2,0,5.90494E+20,5.77819E+21,1.03225E+16,5.21468E+16
9597,3.17011E+18,3,1,53,12,2017,1,15,3,3,2,6,0,1,0,0,0,0,0,5.81178E+20,5.74636E+21,1.01789E+16,5.18621E+16
9598,3.17011E+18,3,1,53,8,2017,1,8,3,1,8,1,0,1,0,0,0,0,2,5.97554E+20,5.75939E+21,1.04203E+16,5.19767E+16
9599,3.17011E+18,3,1,53,17,2017,1,17,3,3,4,2,1,1,0,0,0,2,0,5.99561E+20,5.75304E+21,1.04477E+16,5.19192E+16
9600,3.17011E+18,3,1,51,13,2017,1,7,3,3,2,6,0,1,0,0,0,2,1,6.07898E+20,5.81215E+21,1.05877E+16,5.24488E+16
9601,3.17011E+18,3,4,60,5,2017,1,23,2,3,2,6,0,1,0,0,0,2,1,4.39788E+20,5.82438E+21,8.11166E+15,5.25661E+16
9602,3.17011E+18,3,4,59,26,2017,1,12,2,3,2,2,0,1,0,0,0,0,1,4.1861E+20,5.81609E+21,7.80131E+15,5.24889E+16
9603,3.17011E+18,3,4,59,7,2017,1,11,2,2,5,3,0,1,0,0,1,0,0,4.30328E+20,5.83217E+21,7.97048E+15,5.2635E+16
9604,3.17011E+18,3,4,57,21,2017,1,15,2,3,8,1,0,1,0,0,0,0,0,3.90227E+20,5.89793E+21,7.35589E+15,5.32193E+16
9605,3.17011E+18,3,4,56,1,2017,1,17,2,3,1,7,0,1,1,0,0,1,1,3.73735E+20,5.79622E+21,7.14819E+15,5.23018E+16
9606,3.17011E+18,3,4,56,14,2017,1,9,2,2,3,6,0,1,0,0,0,0,0,3.60831E+20,5.81997E+21,6.94919E+15,5.2512E+16
9607,3.17011E+18,3,4,54,19,2017,1,10,2,2,5,3,0,1,0,0,0,0,1,3.95984E+20,5.83607E+21,7.46192E+15,5.26646E+16
9608,3.17011E+18,3,4,54,45,2017,1,20,2,3,5,3,0,1,0,0,0,2,1,3.87992E+20,5.79793E+21,7.35662E+15,5.23203E+16
9609,3.17011E+18,3,4,52,1,2017,1,17,2,3,5,3,1,1,0,0,0,1,1,3.99077E+20,5.93E+21,7.47814E+15,5.35093E+16
9610,3.17011E+18,3,4,60,9,2017,1,8,2,3,4,6,0,1,0,0,0,0,1,4.52389E+20,5.83939E+21,8.29539E+15,5.27023E+16
9611,3.17011E+18,3,4,53,11,2017,1,12,2,2,2,6,0,1,0,0,0,0,1,4.16476E+20,5.84357E+21,7.76295E+15,5.27355E+16
9612,3.17011E+18,3,4,53,6,2017,1,10,2,2,5,3,0,1,0,0,1,0,1,4.28985E+20,5.8413E+21,7.94867E+15,5.27169E+16
9613,3.17011E+18,3,4,53,8,2017,1,5,2,2,7,1,0,1,0,0,0,2,1,4.39692E+20,5.86707E+21,8.10239E+15,5.29498E+16
9614,3.17011E+18,3,4,51,4,2017,1,15,2,1,4,6,0,1,0,0,0,0,1,4.28346E+20,5.88638E+21,7.92925E+15,5.31221E+16
9615,3.17011E+18,3,4,51,4,2017,1,7,2,2,6,4,0,1,1,0,0,2,0,4.32456E+20,5.88239E+21,7.9915E+15,5.30867E+16
9616,3.17011E+18,3,4,3,0,2017,1,17,2,2,2,6,0,1,0,0,0,2,1,4.47285E+20,5.8828E+21,8.21281E+15,5.30921E+16
9617,3.17011E+18,3,4,58,7,2017,1,15,2,2,6,4,0,1,1,0,0,0,0,4.49561E+20,5.86557E+21,8.2495E+15,5.29374E+16
9618,3.17011E+18,3,4,1,0,2017,1,19,2,3,2,6,0,1,0,0,0,2,1,4.75379E+20,5.87827E+21,8.63267E+15,5.30534E+16
9619,3.17011E+18,3,3,59,11,2017,1,4,2,3,8,7,0,1,0,0,0,2,1,5.32665E+20,5.92637E+21,9.49228E+15,5.34853E+16
9620,3.17011E+18,3,3,59,38,2017,1,17,2,3,2,6,0,1,0,0,0,2,1,5.31113E+20,5.93732E+21,9.46997E+15,5.35838E+16
9621,3.17011E+18,3,3,59,38,2017,1,15,2,3,2,6,0,1,0,0,0,0,1,5.31812E+20,5.94449E+21,9.48127E+15,5.36482E+16
9622,3.17011E+18,3,3,57,8,2017,1,7,2,3,2,6,0,1,0,0,0,2,1,5.17142E+20,5.93172E+21,9.25863E+15,5.35341E+16
9623,3.17011E+18,3,3,58,7,2017,1,3,2,3,2,6,0,0,0,0,1,2,1,5.46387E+20,5.83903E+21,9.68645E+15,5.26992E+16
9624,3.17011E+18,3,3,57,55,2017,1,15,2,3,5,3,0,1,0,0,0,0,0,5.06825E+20,5.89396E+21,9.10216E+15,5.31949E+16
9625,3.17011E+18,3,3,55,40,2017,1,9,2,1,4,7,0,1,0,0,0,1,1,5.99623E+20,5.89797E+21,1.04922E+16,5.32216E+16
9626,3.17011E+18,3,3,51,6,2017,1,7,2,3,0,7,0,0,0,0,1,0,0,5.74237E+20,5.83358E+21,1.00973E+16,5.26471E+16
9627,3.17011E+18,3,2,41,3,2017,1,13,2,3,4,2,0,1,0,0,0,0,1,5.69312E+20,5.81006E+21,1.00196E+16,5.24364E+16
9628,3.17011E+18,3,2,41,1,2017,1,18,2,3,2,2,0,1,0,0,0,2,1,5.49455E+20,5.80307E+21,9.72649E+15,5.23756E+16
9629,3.17011E+18,3,2,41,1,2017,1,18,2,3,5,3,1,1,0,0,0,2,1,5.54239E+20,5.80765E+21,9.79751E+15,5.24163E+16
9630,3.17011E+18,3,2,41,1,2017,1,17,2,3,2,6,0,1,0,0,0,2,1,5.5704E+20,5.80696E+21,9.83856E+15,5.24099E+16
9631,3.17011E+18,3,2,41,1,2017,1,11,2,3,3,6,0,1,0,0,1,0,0,5.51564E+20,5.79924E+21,9.75688E+15,5.2341E+16
9632,3.17011E+18,3,1,59,19,2017,1,8,2,3,0,2,1,1,0,0,0,1,1,5.92274E+20,5.7237E+21,1.0334E+16,5.16567E+16
9633,3.17011E+18,3,2,57,35,2017,1,17,2,2,5,3,1,1,0,0,0,2,1,5.12128E+20,5.79865E+21,9.17801E+15,5.2338E+16
9634,3.17011E+18,3,2,57,31,2017,1,13,2,3,2,6,0,1,0,0,0,0,0,5.05484E+20,5.78329E+21,9.08023E+15,5.22E+16
9635,3.17011E+18,3,2,54,26,2017,1,12,2,3,4,2,0,1,0,0,0,0,1,5.5309E+20,5.77744E+21,9.77586E+15,5.21449E+16
9636,3.17011E+18,3,2,55,13,2017,1,15,2,3,2,6,0,1,0,0,1,0,0,5.4367E+20,5.75332E+21,9.63511E+15,5.19289E+16
9637,3.17011E+18,3,2,52,8,2017,1,12,2,3,1,3,0,1,0,0,0,0,1,5.40582E+20,5.76777E+21,9.59191E+15,5.2059E+16
9638,3.17011E+18,3,1,59,16,2017,1,14,2,3,4,2,1,1,0,0,0,0,0,5.64283E+20,5.70942E+21,9.92677E+15,5.15322E+16
9639,3.17011E+18,3,1,2,0,2017,1,17,2,2,6,7,0,0,1,0,1,2,0,5.90215E+20,5.77799E+21,1.03184E+16,5.2145E+16
9640,3.17011E+18,3,1,1,0,2017,1,7,2,3,2,6,0,1,0,0,1,1,1,6.03128E+20,5.79718E+21,1.05129E+16,5.23153E+16
9641,3.17011E+18,3,4,59,3,2017,1,12,1,2,4,6,0,1,0,0,0,0,1,4.53937E+20,5.79714E+21,8.32414E+15,5.23227E+16
9642,3.17011E+18,3,4,54,41,2017,1,20,1,3,9,1,0,1,0,0,0,2,1,3.88652E+20,5.87947E+21,7.33872E+15,5.30531E+16
9643,3.17011E+18,3,4,56,1,2017,1,8,1,2,3,6,0,1,0,0,0,0,1,3.69942E+20,5.79986E+21,7.09119E+15,5.23336E+16
9644,3.17011E+18,3,4,62,5,2017,1,0,1,3,8,1,0,1,0,0,0,2,2,4.19991E+20,5.92646E+21,7.79433E+15,5.3481E+16
9645,3.17011E+18,3,4,52,19,2017,1,20,1,3,8,1,0,1,0,0,0,2,1,3.81384E+20,5.94427E+21,7.20605E+15,5.36337E+16
9646,3.17011E+18,3,4,52,1,2017,1,2,1,3,9,1,0,1,0,0,0,2,2,4.05331E+20,5.93426E+21,7.57114E+15,5.35487E+16
9647,3.17011E+18,3,4,52,12,2017,1,12,1,3,2,6,0,1,0,0,0,0,1,3.9007E+20,5.91445E+21,7.34782E+15,5.33677E+16
9648,3.17011E+18,3,4,5,0,2017,1,11,1,3,4,2,0,1,0,0,0,0,1,4.42073E+20,5.93161E+21,8.12609E+15,5.35302E+16
9649,3.17011E+18,3,4,51,2,2017,1,17,1,3,4,2,0,1,0,0,0,2,1,4.30837E+20,5.89732E+21,7.96411E+15,5.32207E+16
9650,3.17011E+18,3,2,51,23,2017,1,20,1,3,4,2,0,1,0,0,0,2,1,4.5761E+20,5.8126E+21,8.37607E+15,5.24619E+16
9651,3.17011E+18,3,4,53,5,2017,1,11,1,2,8,7,0,1,0,0,0,0,1,4.48555E+20,5.8572E+21,8.23585E+15,5.28621E+16
9652,3.17011E+18,3,1,59,29,2017,1,11,1,3,5,3,0,1,0,0,0,0,1,5.63686E+20,5.70137E+21,9.91671E+15,5.14599E+16
9653,3.17011E+18,3,1,2,0,2017,1,13,1,3,3,7,0,1,0,0,0,0,1,5.9339E+20,5.77664E+21,1.03644E+16,5.21324E+16
9654,3.17011E+18,3,1,2,0,2017,1,9,1,3,5,3,0,1,0,0,0,0,1,5.89158E+20,5.77734E+21,1.03028E+16,5.21394E+16
9655,3.17011E+18,3,1,53,2,2017,1,8,1,3,8,1,0,1,0,0,0,0,1,6.07281E+20,5.75395E+21,1.05602E+16,5.19259E+16
9656,3.17011E+18,3,4,4,0,2017,1,20,7,3,8,1,0,1,0,0,0,2,2,4.37379E+20,5.7889E+21,8.08277E+15,5.22469E+16
9657,3.17011E+18,3,4,54,2,2017,1,11,7,3,9,1,0,0,0,0,1,0,2,3.97127E+20,5.82742E+21,7.4815E+15,5.25871E+16
9658,3.17011E+18,3,4,54,12,2017,1,23,7,2,8,1,0,1,0,0,0,2,2,4.01782E+20,5.80954E+21,7.55547E+15,5.24273E+16
9659,3.17011E+18,3,4,62,19,2017,1,3,7,3,8,1,0,1,0,0,0,2,2,4.13201E+20,5.94078E+21,7.68807E+15,5.36086E+16
9660,3.17011E+18,3,4,52,21,2017,1,3,7,2,9,1,0,1,0,0,0,2,2,3.85212E+20,5.93272E+21,7.26817E+15,5.35308E+16
9661,3.17011E+18,3,4,53,13,2017,1,2,7,3,8,1,0,1,0,0,0,2,1,4.12933E+20,5.88697E+21,7.69883E+15,5.3125E+16
9662,3.17011E+18,3,3,56,2,2017,1,12,7,3,5,2,0,1,0,0,0,0,2,4.98947E+20,5.89232E+21,8.98425E+15,5.31802E+16
9663,3.17011E+18,3,3,61,12,2017,1,15,7,3,8,1,0,1,0,0,0,0,2,5.18202E+20,5.8654E+21,9.27084E+15,5.29379E+16
9664,3.17011E+18,3,3,61,9,2017,1,14,7,2,3,1,0,1,0,0,0,0,2,5.04493E+20,5.87845E+21,9.06704E+15,5.30555E+16
9665,3.17011E+18,3,3,61,9,2017,1,14,7,3,8,1,0,1,0,0,0,0,2,5.04521E+20,5.87845E+21,9.06745E+15,5.30555E+16
9666,3.17011E+18,3,4,1,0,2017,1,2,7,3,3,6,0,1,0,0,0,2,0,4.7309E+20,5.87622E+21,8.5987E+15,5.30348E+16
9667,3.17011E+18,3,2,51,12,2017,1,14,7,3,4,6,0,1,0,0,0,0,2,4.54428E+20,5.83594E+21,8.32604E+15,5.26715E+16
9668,3.17011E+18,3,4,61,2,2017,1,12,7,3,4,6,0,1,0,0,1,0,1,4.64195E+20,5.90777E+21,8.46252E+15,5.33179E+16
9669,3.17011E+18,3,3,53,5,2017,1,15,7,2,0,1,0,1,0,0,0,0,2,5.57928E+20,5.91276E+21,9.87045E+15,5.33608E+16
9670,3.17011E+18,3,3,58,2,2017,1,19,7,3,8,1,0,1,0,0,0,2,2,5.66207E+20,5.8867E+21,9.98942E+15,5.31256E+16
9671,3.17011E+18,3,3,58,22,2017,1,9,7,3,6,7,0,0,1,1,0,0,0,5.39515E+20,5.85712E+21,9.58694E+15,5.28623E+16
9672,3.17011E+18,3,3,57,38,2017,1,10,7,3,4,1,0,1,0,0,0,0,2,5.07866E+20,5.90884E+21,9.11811E+15,5.33287E+16