OBJECTID,UIDENTSTLA,ULAND,UREGBEZ,UKREIS,UGEMEINDE,UJAHR,UMONAT,USTUNDE,UWOCHENTAG,UKATEGORIE,UART,UTYP1,IstRad,IstPKW,IstFuss,IstKrad,IstSonstig,LICHT,STRZUSTAND,LINREFX,LINREFY,XGCSWGS84,YGCSWGS84
10199,3.17013E+18,3,2,54,21,2017,1,16,5,3,8,7,0,1,0,0,0,2,0,5.65359E+20,5.77539E+21,9.95473E+15,5.21252E+16
10200,3.17013E+18,3,2,54,21,2017,1,12,5,2,4,2,0,1,0,0,0,0,1,5.66926E+20,5.77373E+21,9.97729E+15,5.21101E+16
10201,3.17013E+18,3,2,52,6,2017,1,14,5,3,2,6,0,1,0,0,0,0,0,5.26303E+20,5.7725E+21,9.38402E+15,5.21024E+16
10202,3.17013E+18,3,1,59,16,2017,1,16,5,3,2,6,0,1,0,0,0,0,0,5.61572E+20,5.70889E+21,9.88759E+15,5.15277E+16
10203,3.17013E+18,3,1,59,16,2017,1,5,5,3,9,7,0,1,0,0,0,2,2,5.6806E+20,5.71124E+21,9.98155E+15,5.15482E+16
10204,3.17013E+18,3,1,54,14,2017,1,17,5,3,4,6,0,1,0,0,0,2,1,6.11109E+20,5.80015E+21,1.06309E+16,5.23404E+16
10205,3.17012E+18,3,4,52,1,2017,1,13,6,3,5,3,1,1,0,0,0,0,0,4.00196E+20,5.92751E+21,7.49581E+15,5.34871E+16
10206,3.17013E+18,3,1,57,1,2017,1,10,5,3,8,2,0,1,0,0,0,0,1,5.922E+20,5.80748E+21,1.03555E+16,5.24098E+16
10207,3.17013E+18,3,1,2,0,2017,1,22,5,3,5,3,1,1,0,0,0,2,0,5.92572E+20,5.78019E+21,1.03534E+16,5.21644E+16
10208,3.17012E+18,3,4,52,1,2017,1,8,6,3,2,2,0,1,0,0,1,0,1,4.05572E+20,5.92497E+21,7.57757E+15,5.34653E+16
10209,3.17012E+18,3,4,60,5,2017,1,17,6,3,5,3,0,1,0,1,0,1,1,4.4169E+20,5.82506E+21,8.1396E+15,5.25725E+16
10210,3.17012E+18,3,4,60,6,2017,1,10,6,3,5,3,0,1,0,0,0,0,0,4.47431E+20,5.84094E+21,8.22177E+15,5.27158E+16
10211,3.17013E+18,3,1,53,17,2017,1,10,5,2,5,3,0,1,0,0,0,0,0,5.9748E+20,5.75132E+21,1.0417E+16,5.1904E+16
10212,3.17013E+18,3,1,51,9,2017,1,17,5,2,5,3,0,1,0,0,0,0,0,6.06976E+20,5.81613E+21,1.05754E+16,5.24848E+16
10213,3.17013E+18,3,1,1,0,2017,1,10,5,3,2,6,0,1,0,0,0,0,0,6.04366E+20,5.80066E+21,1.05322E+16,5.23463E+16
10214,3.17013E+18,3,4,4,0,2017,1,12,4,3,5,2,1,1,0,0,0,0,0,4.35598E+20,5.79044E+21,8.05639E+15,5.22606E+16
10215,3.17013E+18,3,4,57,6,2017,1,10,4,3,8,1,0,0,0,0,1,0,1,4.09376E+20,5.89362E+21,7.64381E+15,5.31842E+16
10216,3.17013E+18,3,4,54,35,2017,1,7,4,3,3,2,1,1,0,0,0,2,0,3.83237E+20,5.83937E+21,7.27235E+15,5.26917E+16
10217,3.17013E+18,3,4,54,35,2017,1,17,4,3,2,6,0,1,0,0,0,1,1,3.85389E+20,5.82906E+21,7.30776E+15,5.25994E+16
10218,3.17013E+18,3,4,62,19,2017,1,8,4,3,2,6,0,1,0,0,0,0,0,4.13175E+20,5.9408E+21,7.68767E+15,5.36089E+16
10219,3.17013E+18,3,4,52,1,2017,1,22,4,3,2,6,0,1,0,1,0,2,1,4.00196E+20,5.92751E+21,7.49581E+15,5.34871E+16
10220,3.17013E+18,3,4,55,7,2017,1,18,4,2,6,4,0,1,1,0,0,2,1,4.26463E+20,5.93616E+21,7.88957E+15,5.35691E+16
10221,3.17013E+18,3,4,55,15,2017,1,6,4,2,8,1,0,0,0,0,1,2,0,4.35572E+20,5.93304E+21,8.02774E+15,5.35423E+16
10222,3.17013E+18,3,4,51,1,2017,1,16,4,3,2,2,0,1,0,1,0,1,1,4.174E+20,5.89707E+21,7.76296E+15,5.32165E+16
10223,3.17013E+18,3,4,51,8,2017,1,10,4,3,5,3,1,0,0,0,1,0,0,4.45659E+20,5.89429E+21,8.18659E+15,5.31952E+16
10224,3.17013E+18,3,3,52,8,2017,1,9,4,2,8,1,0,1,0,0,0,0,1,4.97902E+20,5.95231E+21,8.96821E+15,5.37195E+16
10225,3.17013E+18,3,3,53,29,2017,1,16,4,3,3,6,0,1,0,0,1,0,0,5.55967E+20,5.91401E+21,9.84121E+15,5.33723E+16
10226,3.17013E+18,3,3,53,35,2017,1,19,4,3,6,4,0,1,1,0,0,2,0,5.47424E+20,5.90376E+21,9.71129E+15,5.3281E+16
10227,3.17012E+18,3,3,56,8,2017,1,13,6,3,5,2,1,1,0,0,0,0,0,4.82212E+20,5.8926E+21,8.73382E+15,5.31825E+16
10228,3.17012E+18,3,3,61,9,2017,1,13,6,2,5,3,0,1,0,0,1,0,0,5.0674E+20,5.88057E+21,9.10061E+15,5.30746E+16
10229,3.17013E+18,3,3,59,32,2017,1,18,4,2,4,1,0,1,0,0,0,2,2,5.40353E+20,5.93384E+21,9.60909E+15,5.35519E+16
10230,3.17012E+18,3,3,61,12,2017,1,16,6,3,5,3,1,1,0,0,0,0,0,5.15635E+20,5.86576E+21,9.23266E+15,5.29413E+16
10231,3.17013E+18,3,3,59,10,2017,1,18,4,2,6,2,0,0,1,0,1,2,1,5.4668E+20,5.92555E+21,9.70334E+15,5.34768E+16
10232,3.17013E+18,3,3,58,22,2017,1,16,4,3,2,6,0,1,0,0,0,0,0,5.3947E+20,5.85754E+21,9.58632E+15,5.28661E+16
10233,3.17012E+18,3,3,61,12,2017,1,13,6,3,5,3,0,1,0,0,0,0,0,5.1545E+20,5.86422E+21,9.22983E+15,5.29274E+16
10234,3.17013E+18,3,3,58,2,2017,1,8,4,3,5,3,0,1,0,0,0,0,1,5.69984E+20,5.88284E+21,1.0045E+16,5.30904E+16
10235,3.17013E+18,3,3,57,39,2017,1,9,4,3,2,6,0,1,0,0,1,0,1,5.23836E+20,5.88598E+21,9.35618E+15,5.31227E+16
10236,3.17013E+18,3,3,57,39,2017,1,7,4,3,6,4,0,1,1,0,0,1,1,5.26572E+20,5.88384E+21,9.39689E+15,5.31033E+16
10237,3.17013E+18,3,3,60,5,2017,1,10,4,3,5,7,0,1,0,0,0,0,0,6.1236E+20,5.85693E+21,1.06686E+16,5.28504E+16
10238,3.17013E+18,3,3,51,25,2017,1,15,4,3,5,3,0,1,0,0,1,0,0,5.82973E+20,5.84461E+21,1.02292E+16,5.27449E+16
10239,3.17013E+18,3,2,41,1,2017,1,11,4,3,2,6,0,1,0,0,0,0,0,5.52825E+20,5.80879E+21,9.77689E+15,5.24268E+16
10240,3.17013E+18,3,2,41,1,2017,1,7,4,3,2,6,0,1,0,0,0,2,1,5.53522E+20,5.80463E+21,9.78647E+15,5.23893E+16
10241,3.17013E+18,3,2,41,1,2017,1,18,4,3,2,6,0,1,0,0,0,2,0,5.49242E+20,5.80347E+21,9.72342E+15,5.23792E+16
10242,3.17013E+18,3,2,41,1,2017,1,9,4,3,5,2,0,1,0,0,1,0,0,5.4588E+20,5.80321E+21,9.674E+15,5.23772E+16
10243,3.17013E+18,3,2,41,4,2017,1,2,4,3,2,6,0,1,0,0,1,2,0,5.5453E+20,5.8211E+21,9.80398E+15,5.25373E+16
10244,3.17013E+18,3,2,57,31,2017,1,18,4,2,6,4,0,1,1,0,0,2,0,5.04948E+20,5.78404E+21,9.07241E+15,5.22068E+16
10245,3.17013E+18,3,2,52,5,2017,1,14,4,3,2,7,0,1,0,0,0,0,0,5.29342E+20,5.7614E+21,9.42743E+15,5.20025E+16
10246,3.17013E+18,3,1,59,16,2017,1,23,4,3,9,1,0,1,0,0,0,2,0,5.60964E+20,5.71265E+21,9.87947E+15,5.15616E+16
10247,3.17013E+18,3,1,59,16,2017,1,15,4,3,5,2,1,1,0,0,0,0,0,5.63961E+20,5.70882E+21,9.92202E+15,5.15269E+16
10248,3.17012E+18,3,4,51,2,2017,1,14,6,3,3,6,1,1,0,0,0,0,0,4.3307E+20,5.89321E+21,7.99841E+15,5.3184E+16
10249,3.17013E+18,3,1,59,16,2017,1,14,4,3,4,2,0,1,0,0,0,0,1,5.63492E+20,5.70976E+21,9.91541E+15,5.15353E+16
10250,3.17012E+18,3,4,3,0,2017,1,10,6,3,5,3,0,1,0,0,0,0,1,4.43306E+20,5.88831E+21,8.15243E+15,5.31412E+16
10251,3.17013E+18,3,1,58,6,2017,1,20,4,3,7,7,0,1,0,0,0,2,0,6.12915E+20,5.79357E+21,1.06552E+16,5.22808E+16
10252,3.17013E+18,3,1,2,0,2017,1,6,4,3,5,3,0,1,0,0,0,2,1,5.94695E+20,5.76797E+21,1.03811E+16,5.20542E+16
10253,3.17013E+18,3,1,57,2,2017,1,22,4,3,8,1,0,1,0,0,0,2,1,5.70268E+20,5.7892E+21,1.00293E+16,5.22487E+16
10254,3.17013E+18,3,1,51,40,2017,1,6,4,3,7,7,0,1,0,0,0,2,1,6.14845E+20,5.83374E+21,1.06973E+16,5.26414E+16
10255,3.17013E+18,3,1,1,0,2017,1,8,4,3,3,6,0,1,0,0,1,0,0,6.03091E+20,5.78913E+21,1.05099E+16,5.22429E+16
10256,3.17012E+18,3,4,59,8,2017,1,17,3,3,2,6,0,1,0,0,0,2,0,4.41299E+20,5.79658E+21,8.13883E+15,5.23164E+16
10257,3.17012E+18,3,4,59,7,2017,1,6,3,3,2,6,0,1,0,0,0,2,1,4.30291E+20,5.83549E+21,7.96923E+15,5.26649E+16
10258,3.17012E+18,3,4,4,0,2017,1,18,3,3,5,3,1,1,0,0,0,2,0,4.42167E+20,5.79089E+21,8.15254E+15,5.22653E+16
10259,3.17012E+18,3,4,57,18,2017,1,7,3,3,5,3,1,1,0,0,0,1,1,4.04164E+20,5.88899E+21,7.56722E+15,5.31417E+16
10260,3.17012E+18,3,4,54,54,2017,1,7,3,3,2,7,0,1,0,0,0,2,1,3.69453E+20,5.83465E+21,7.07039E+15,5.26461E+16
10261,3.17012E+18,3,4,55,26,2017,1,19,3,2,2,2,0,1,0,0,0,2,1,4.41037E+20,5.91606E+21,8.11338E+15,5.33903E+16
10262,3.17012E+18,3,2,51,47,2017,1,12,6,3,5,2,0,1,0,0,1,0,1,4.86185E+20,5.86905E+21,8.79428E+15,5.29709E+16
10263,3.17012E+18,3,4,1,0,2017,1,6,6,3,5,2,0,1,0,0,0,2,0,4.75603E+20,5.87694E+21,8.63612E+15,5.30414E+16
10264,3.17012E+18,3,4,55,15,2017,1,17,3,2,4,6,0,1,0,0,0,2,1,4.31132E+20,5.93527E+21,7.96025E+15,5.35617E+16
10265,3.17012E+18,3,4,55,7,2017,1,17,3,3,4,2,1,1,0,0,0,2,0,4.28149E+20,5.93515E+21,7.91525E+15,5.35603E+16
10266,3.17012E+18,3,3,56,7,2017,1,18,3,3,4,2,0,1,0,0,0,2,0,4.83719E+20,5.89492E+21,8.75626E+15,5.32033E+16
10267,3.17012E+18,3,3,56,7,2017,1,15,3,3,0,1,1,0,0,0,0,0,0,4.86291E+20,5.89745E+21,8.79465E+15,5.32262E+16
10268,3.17012E+18,3,4,3,0,2017,1,19,3,3,5,3,1,1,0,0,0,2,0,4.47968E+20,5.88896E+21,8.22202E+15,5.31475E+16
10269,3.17012E+18,3,2,51,7,2017,1,19,3,3,8,1,0,1,0,0,0,2,0,4.80375E+20,5.86508E+21,8.708E+15,5.2935E+16
10270,3.17012E+18,3,3,52,62,2017,1,6,3,3,8,7,0,0,0,0,1,2,0,4.80978E+20,5.93535E+21,8.71278E+15,5.35666E+16
10271,3.17012E+18,3,3,53,31,2017,1,19,3,1,4,6,0,1,0,0,1,2,0,5.635E+20,5.92025E+21,9.95568E+15,5.34275E+16
10272,3.17012E+18,3,3,59,7,2017,1,9,3,2,9,1,0,1,0,0,0,0,1,5.38048E+20,5.92426E+21,9.57315E+15,5.3466E+16
10273,3.17012E+18,3,3,59,26,2017,1,20,3,3,1,5,0,1,0,0,0,2,0,5.36511E+20,5.93872E+21,9.55168E+15,5.35961E+16
10274,3.17012E+18,3,3,58,7,2017,1,23,3,2,2,6,0,1,0,1,0,2,1,5.44282E+20,5.83693E+21,9.65501E+15,5.26805E+16
10275,3.17012E+18,3,3,58,21,2017,1,17,3,3,5,3,1,1,0,0,0,1,0,5.55013E+20,5.86985E+21,9.81928E+15,5.29754E+16
10276,3.17012E+18,3,3,57,47,2017,1,14,3,3,8,1,0,1,0,0,0,0,0,5.03765E+20,5.89633E+21,9.05639E+15,5.32163E+16
10277,3.17012E+18,3,3,54,2,2017,1,19,3,3,9,7,0,1,0,0,0,2,1,6.33268E+20,5.87344E+21,1.09856E+16,5.29939E+16
10278,3.17012E+18,3,3,55,26,2017,1,17,3,3,4,6,0,1,0,0,1,2,1,6.0918E+20,5.90324E+21,1.06371E+16,5.32671E+16
10279,3.17012E+18,3,3,55,22,2017,1,17,3,3,2,6,0,1,0,0,1,2,1,5.96216E+20,5.90244E+21,1.04425E+16,5.32625E+16
10280,3.17012E+18,3,3,55,22,2017,1,17,3,3,2,6,0,1,0,0,1,2,1,5.96216E+20,5.90244E+21,1.04425E+16,5.32625E+16
10281,3.17012E+18,3,3,51,6,2017,1,7,3,3,5,3,1,1,0,0,0,2,1,5.73601E+20,5.83177E+21,1.00875E+16,5.26309E+16
10282,3.17012E+18,3,3,51,6,2017,1,18,3,3,5,3,0,1,0,0,0,2,1,5.74814E+20,5.82872E+21,1.01047E+16,5.26033E+16
10283,3.17012E+18,3,3,51,6,2017,1,16,3,3,5,3,1,1,0,0,0,1,0,5.71523E+20,5.83055E+21,1.00565E+16,5.26203E+16
10284,3.17012E+18,3,2,41,17,2017,1,14,3,3,5,3,0,1,0,0,0,0,1,5.45276E+20,5.78029E+21,9.66204E+15,5.21713E+16
10285,3.17012E+18,3,2,41,20,2017,1,13,3,3,5,2,0,1,0,0,0,0,1,5.43012E+20,5.79052E+21,9.63024E+15,5.22634E+16
10286,3.17012E+18,3,2,41,14,2017,1,7,3,3,3,6,0,1,0,1,0,1,1,5.43866E+20,5.79855E+21,9.6438E+15,5.23355E+16
10287,3.17012E+18,3,2,41,14,2017,1,7,3,3,6,4,0,1,1,0,0,2,1,5.45192E+20,5.79944E+21,9.66338E+15,5.23434E+16
10288,3.17012E+18,3,3,52,46,2017,1,21,6,3,9,6,0,1,0,0,0,2,1,4.91309E+20,5.96124E+21,8.86805E+15,5.37997E+16
10289,3.17012E+18,3,2,41,12,2017,1,7,3,3,2,6,0,1,0,0,0,2,0,5.32203E+20,5.81682E+21,9.47439E+15,5.25005E+16
10290,3.17012E+18,3,3,53,19,2017,1,17,6,3,1,5,0,1,0,0,0,2,1,5.48605E+20,5.91374E+21,9.73054E+15,5.33706E+16
10291,3.17012E+18,3,3,58,12,2017,1,17,6,3,2,6,0,1,0,0,0,2,1,5.44018E+20,5.84E+21,9.65152E+15,5.27081E+16
10292,3.17012E+18,3,2,41,19,2017,1,3,3,3,2,6,0,0,0,0,1,2,0,5.5301E+20,5.82476E+21,9.78215E+15,5.25703E+16
10293,3.17012E+18,3,2,41,6,2017,1,16,3,2,4,6,0,1,0,0,1,1,0,5.37978E+20,5.79712E+21,9.55723E+15,5.23231E+16
10294,3.17012E+18,3,2,41,1,2017,1,10,3,3,5,2,1,0,0,0,0,0,0,5.49248E+20,5.80332E+21,9.72349E+15,5.23779E+16
10295,3.17012E+18,3,3,57,35,2017,1,15,6,3,2,6,0,1,0,0,0,0,1,5.04875E+20,5.92722E+21,9.07348E+15,5.34939E+16
10296,3.17012E+18,3,2,54,32,2017,1,17,3,3,8,7,0,1,0,0,0,2,1,5.8037E+20,5.78542E+21,1.01763E+16,5.22133E+16
10297,3.17012E+18,3,2,52,4,2017,1,10,3,3,3,6,1,0,0,0,1,0,0,5.37911E+20,5.77418E+21,9.55367E+15,5.21169E+16
10298,3.17012E+18,3,1,3,0,2017,1,20,3,3,4,2,0,1,0,0,0,2,0,6.16568E+20,5.81085E+21,1.07147E+16,5.24354E+16
10299,3.17012E+18,3,1,58,37,2017,1,17,3,3,6,1,0,1,1,0,0,2,1,6.05318E+20,5.77987E+21,1.05396E+16,5.21593E+16
10300,3.17012E+18,3,4,59,12,2017,1,17,2,3,2,6,0,1,0,0,0,2,0,4.42836E+20,5.78704E+21,8.163E+15,5.22308E+16
10301,3.17012E+18,3,4,4,0,2017,1,10,2,3,2,6,0,1,0,0,0,0,1,4.32917E+20,5.79203E+21,8.0168E+15,5.22745E+16
10302,3.17012E+18,3,4,56,14,2017,1,15,2,3,2,2,0,1,0,0,1,0,1,3.63878E+20,5.82004E+21,6.99405E+15,5.25134E+16
10303,3.17012E+18,3,4,54,14,2017,1,5,2,3,3,6,0,1,0,0,1,2,1,3.77418E+20,5.82399E+21,7.192E+15,5.25522E+16
10304,3.17012E+18,3,4,53,13,2017,1,18,2,3,2,2,0,1,0,0,0,2,0,4.10968E+20,5.88559E+21,7.66986E+15,5.31123E+16
10305,3.17012E+18,3,4,53,7,2017,1,14,2,3,2,6,0,1,0,0,0,0,0,4.28957E+20,5.88254E+21,7.93923E+15,5.30876E+16
10306,3.17012E+18,3,4,60,7,2017,1,6,2,3,4,2,0,1,0,0,0,2,1,4.37146E+20,5.81663E+21,8.07416E+15,5.24962E+16
10307,3.17012E+18,3,4,53,11,2017,1,17,2,3,5,3,0,1,0,0,0,2,1,4.16469E+20,5.8436E+21,7.76283E+15,5.27358E+16
10308,3.17012E+18,3,4,53,4,2017,1,15,2,3,5,2,1,1,0,0,0,0,0,4.35148E+20,5.85524E+21,8.03713E+15,5.2843E+16
10309,3.17012E+18,3,4,3,0,2017,1,7,2,3,2,6,0,1,0,0,0,1,1,4.4992E+20,5.89032E+21,8.25099E+15,5.31599E+16
10310,3.17012E+18,3,3,57,37,2017,1,7,6,3,9,7,0,0,0,0,1,0,0,5.15259E+20,5.88868E+21,9.22814E+15,5.31473E+16
10311,3.17012E+18,3,4,51,1,2017,1,12,2,2,8,1,0,0,0,0,1,0,1,4.19316E+20,5.89824E+21,7.79137E+15,5.32274E+16
10312,3.17012E+18,3,4,1,0,2017,1,16,2,3,5,2,0,1,0,0,0,1,0,4.73204E+20,5.87784E+21,8.60026E+15,5.30494E+16
10313,3.17012E+18,3,3,60,25,2017,1,13,6,3,4,2,0,0,0,0,1,0,1,6.0499E+20,5.87153E+21,1.05639E+16,5.29831E+16
10314,3.17012E+18,3,3,53,5,2017,1,18,2,3,5,3,0,1,0,0,0,2,1,5.58352E+20,5.90352E+21,9.87512E+15,5.32777E+16
10315,3.17012E+18,3,3,58,8,2017,1,13,2,3,0,7,1,0,0,0,0,0,2,5.4675E+20,5.85819E+21,9.69456E+15,5.28714E+16
10316,3.17012E+18,3,3,58,5,2017,1,6,2,3,2,6,0,1,0,0,1,2,1,5.46843E+20,5.8364E+21,9.69282E+15,5.26755E+16
10317,3.17012E+18,3,3,54,11,2017,1,7,6,3,5,3,0,1,0,0,0,1,1,6.39294E+20,5.87839E+21,1.10775E+16,5.30369E+16
10318,3.17012E+18,3,3,54,18,2017,1,18,6,2,6,4,0,1,1,0,0,2,1,6.4467E+20,5.87116E+21,1.11544E+16,5.29705E+16
10319,3.17012E+18,3,3,55,11,2017,1,11,6,3,5,3,0,1,0,0,0,0,1,5.95641E+20,5.90865E+21,1.04358E+16,5.33184E+16
10320,3.17012E+18,3,3,57,57,2017,1,22,2,3,9,7,0,1,0,0,0,2,1,5.20895E+20,5.90175E+21,9.31328E+15,5.32646E+16
10321,3.17012E+18,3,3,60,15,2017,1,23,2,2,8,7,0,1,0,0,0,2,1,6.12898E+20,5.8769E+21,1.06835E+16,5.30297E+16
10322,3.17012E+18,3,3,60,2,2017,1,7,2,3,0,7,0,0,0,0,1,1,0,6.05946E+20,5.88197E+21,1.05815E+16,5.30767E+16
10323,3.17012E+18,3,3,55,24,2017,1,8,2,3,5,3,1,1,0,0,0,0,0,5.94305E+20,5.8931E+21,1.04111E+16,5.31789E+16
10324,3.17012E+18,3,2,41,1,2017,1,8,2,3,2,6,0,1,0,0,0,1,1,5.47067E+20,5.79816E+21,9.69073E+15,5.23317E+16
10325,3.17012E+18,3,2,41,1,2017,1,17,2,3,8,1,0,1,0,0,0,2,0,5.57107E+20,5.80699E+21,9.83956E+15,5.24102E+16
10326,3.17012E+18,3,2,41,9,2017,1,13,2,3,1,5,0,1,0,0,0,0,1,5.54126E+20,5.79616E+21,9.79398E+15,5.23131E+16
10327,3.17012E+18,3,2,41,1,2017,1,7,2,3,0,6,1,1,0,0,0,1,1,5.42608E+20,5.80663E+21,9.62636E+15,5.24082E+16
10328,3.17012E+18,3,1,55,10,2017,1,15,2,2,4,6,0,1,0,0,1,0,2,5.64217E+20,5.71708E+21,9.92722E+15,5.16011E+16
10329,3.17012E+18,3,1,55,11,2017,1,15,2,3,8,1,0,1,0,0,0,0,1,5.64803E+20,5.72894E+21,9.93787E+15,5.17077E+16
10330,3.17012E+18,3,2,57,7,2017,1,14,2,3,5,3,0,1,0,0,1,0,1,5.21324E+20,5.79885E+21,9.31299E+15,5.23395E+16
10331,3.17012E+18,3,2,57,25,2017,1,6,2,2,4,6,0,1,0,0,0,2,1,5.09086E+20,5.80188E+21,9.13345E+15,5.23671E+16
10332,3.17012E+18,3,2,57,35,2017,1,18,2,3,5,2,0,1,0,0,0,2,1,5.14022E+20,5.79867E+21,9.20581E+15,5.23381E+16
10333,3.17012E+18,3,2,56,13,2017,1,5,2,3,4,6,0,1,0,0,0,2,1,5.11421E+20,5.85784E+21,9.16967E+15,5.28702E+16
10334,3.17012E+18,3,3,51,24,2017,1,8,6,3,5,3,1,0,0,0,1,0,0,5.6102E+20,5.83613E+21,9.90243E+15,5.26717E+16
10335,3.17012E+18,3,1,59,11,2017,1,14,2,3,9,1,0,1,0,0,0,0,2,5.76055E+20,5.7134E+21,1.00973E+16,5.15665E+16
10336,3.17012E+18,3,1,3,0,2017,1,9,2,2,3,6,0,1,0,0,0,0,1,6.18076E+20,5.80949E+21,1.07364E+16,5.24229E+16
10337,3.17012E+18,3,3,51,6,2017,1,10,6,3,2,6,0,1,0,0,0,0,0,5.75092E+20,5.82815E+21,1.01087E+16,5.25982E+16
10338,3.17012E+18,3,1,58,37,2017,1,15,2,3,3,6,0,1,0,0,1,0,1,6.07167E+20,5.77912E+21,1.05664E+16,5.21522E+16
10339,3.17012E+18,3,1,53,17,2017,1,7,2,3,9,1,0,1,0,0,0,1,1,5.95942E+20,5.74818E+21,1.03937E+16,5.18761E+16
10340,3.17012E+18,3,2,41,1,2017,1,19,6,3,0,1,1,0,0,0,0,2,0,5.48985E+20,5.80215E+21,9.71945E+15,5.23674E+16
10341,3.17021E+18,3,2,41,1,2017,2,7,4,3,5,3,1,1,0,0,0,1,1,5.49877E+20,5.80776E+21,9.73338E+15,5.24178E+16
10342,3.17021E+18,3,1,55,13,2017,2,7,4,3,5,2,0,1,0,0,0,1,2,5.57424E+20,5.74143E+21,9.83316E+15,5.18208E+16
10343,3.17021E+18,3,1,55,6,2017,2,12,4,2,5,3,0,1,0,0,0,0,0,5.71812E+20,5.73899E+21,1.00414E+16,5.17972E+16
10344,3.17021E+18,3,2,56,24,2017,2,5,4,3,9,1,0,1,0,0,0,2,2,4.97515E+20,5.80935E+21,8.96345E+15,5.24344E+16
10345,3.17021E+18,3,2,57,3,2017,2,7,4,3,8,1,0,1,0,0,0,2,2,5.17567E+20,5.78951E+21,9.25736E+15,5.22557E+16
10346,3.17021E+18,3,2,54,26,2017,2,18,4,3,5,3,0,1,0,0,0,2,0,5.55604E+20,5.78256E+21,9.81343E+15,5.21907E+16
10347,3.17021E+18,3,1,54,10,2017,2,7,4,3,5,2,0,1,0,0,0,1,1,6.35617E+20,5.79196E+21,1.09872E+16,5.22612E+16
10348,3.17021E+18,3,1,51,26,2017,2,16,4,3,5,2,0,1,0,0,0,0,0,6.10909E+20,5.83299E+21,1.06389E+16,5.26355E+16
10349,3.17021E+18,3,4,59,14,2017,2,18,3,3,2,6,0,1,0,0,0,2,2,4.33381E+20,5.80577E+21,8.02086E+15,5.23981E+16
10350,3.17021E+18,3,4,4,0,2017,2,17,3,3,6,4,0,1,1,0,0,2,1,4.37548E+20,5.79017E+21,8.085E+15,5.22584E+16
10351,3.17021E+18,3,4,54,41,2017,2,14,3,3,5,7,0,1,0,1,0,0,0,3.90161E+20,5.88059E+21,7.36085E+15,5.30635E+16
10352,3.17021E+18,3,4,54,18,2017,2,6,3,3,2,2,0,1,0,0,0,2,0,3.85698E+20,5.85072E+21,7.30479E+15,5.27942E+16
10353,3.17021E+18,3,4,59,17,2017,2,23,3,3,9,1,0,1,0,0,0,2,2,4.06648E+20,5.82015E+21,7.62404E+15,5.25234E+16
10354,3.17021E+18,3,4,54,49,2017,2,18,3,2,7,7,1,0,0,0,0,2,1,3.93E+20,5.80056E+21,7.42923E+15,5.23449E+16
10355,3.17021E+18,3,4,5,0,2017,2,18,3,3,5,3,0,1,0,0,0,2,0,4.42033E+20,5.93211E+21,8.12539E+15,5.35347E+16
10356,3.17021E+18,3,3,56,9,2017,2,22,3,3,2,6,0,1,0,0,0,2,0,4.73823E+20,5.89787E+21,8.60786E+15,5.32295E+16
10357,3.17021E+18,3,3,61,4,2017,2,23,3,3,8,1,0,1,0,0,0,2,0,4.98289E+20,5.86291E+21,8.97455E+15,5.29158E+16
10358,3.17021E+18,3,3,61,12,2017,2,6,3,3,4,6,0,1,0,0,1,2,0,5.17331E+20,5.8664E+21,9.25793E+15,5.2947E+16
10359,3.17021E+18,3,4,51,8,2017,2,18,3,3,2,6,0,1,0,0,0,2,0,4.41387E+20,5.89403E+21,8.1227E+15,5.31924E+16
10360,3.17021E+18,3,4,51,2,2017,2,7,3,3,4,6,1,0,0,0,0,1,1,4.35332E+20,5.89283E+21,8.03232E+15,5.31809E+16
10361,3.17021E+18,3,4,3,0,2017,2,12,3,3,5,2,1,1,0,0,0,0,0,4.47064E+20,5.88827E+21,8.20862E+15,5.31412E+16
10362,3.17021E+18,3,2,51,41,2017,2,18,3,3,9,1,0,1,0,0,0,2,0,4.92518E+20,5.86505E+21,8.88868E+15,5.29351E+16
10363,3.17021E+18,3,2,51,37,2017,2,7,3,3,2,6,0,1,0,0,0,0,0,4.82055E+20,5.87346E+21,8.73254E+15,5.30104E+16
10364,3.17021E+18,3,3,58,19,2017,2,14,3,3,2,6,0,1,0,0,1,0,0,5.58908E+20,5.86692E+21,9.87675E+15,5.29487E+16
10365,3.17021E+18,3,3,58,19,2017,2,20,3,3,2,6,0,0,0,0,1,2,0,5.62563E+20,5.87431E+21,9.93257E+15,5.30147E+16
10366,3.17021E+18,3,3,58,19,2017,2,7,3,3,5,3,1,1,0,0,0,1,0,5.53394E+20,5.88608E+21,9.79786E+15,5.31215E+16
10367,3.17021E+18,3,3,60,5,2017,2,12,3,3,2,6,0,1,0,0,0,0,0,6.13262E+20,5.85693E+21,1.06819E+16,5.28502E+16
10368,3.17021E+18,3,3,60,25,2017,2,15,3,3,3,6,0,1,0,0,1,0,0,6.10674E+20,5.86885E+21,1.06476E+16,5.29578E+16
10369,3.17021E+18,3,2,41,1,2017,2,17,3,3,5,2,0,1,0,0,0,1,0,5.47493E+20,5.79927E+21,9.69713E+15,5.23417E+16
10370,3.17021E+18,3,2,41,1,2017,2,17,3,3,6,4,0,0,1,1,0,2,0,5.48647E+20,5.80559E+21,9.71498E+15,5.23983E+16
10371,3.17021E+18,3,2,57,10,2017,2,21,3,2,8,6,0,1,0,0,0,2,0,5.24848E+20,5.80949E+21,9.3655E+15,5.24351E+16
10372,3.17021E+18,3,2,54,43,2017,2,17,3,2,4,6,0,1,0,0,0,1,0,5.53426E+20,5.76512E+21,9.77883E+15,5.20341E+16
10373,3.17021E+18,3,2,54,8,2017,2,6,3,3,3,6,0,1,0,0,1,1,0,5.80202E+20,5.764E+21,1.01688E+16,5.20208E+16