OBJECTID,UIDENTSTLA,ULAND,UREGBEZ,UKREIS,UGEMEINDE,UJAHR,UMONAT,USTUNDE,UWOCHENTAG,UKATEGORIE,UART,UTYP1,IstRad,IstPKW,IstFuss,IstKrad,IstSonstig,LICHT,STRZUSTAND,LINREFX,LINREFY,XGCSWGS84,YGCSWGS84
10374,3.17021E+18,3,2,52,5,2017,2,18,3,3,2,6,0,1,0,0,0,2,1,5.29287E+20,5.76146E+21,9.42663E+15,5.2003E+16
10375,3.17021E+18,3,1,59,32,2017,2,17,3,3,5,3,0,1,0,0,0,1,0,5.79686E+20,5.71253E+21,1.01495E+16,5.15582E+16
10376,3.17021E+18,3,1,59,16,2017,2,14,3,3,2,6,0,1,0,0,0,0,0,5.63701E+20,5.70803E+21,9.91812E+15,5.15198E+16
10377,3.17021E+18,3,1,53,2,2017,2,15,3,2,4,1,0,1,0,0,0,0,1,6.1081E+20,5.75082E+21,1.06105E+16,5.18971E+16
10378,3.17021E+18,3,1,51,32,2017,2,13,3,2,4,6,0,1,0,0,1,0,1,6.25284E+20,5.82794E+21,1.08493E+16,5.25871E+16
10379,3.17021E+18,3,4,59,24,2017,2,16,2,3,2,2,0,1,0,0,1,0,0,4.54464E+20,5.7817E+21,8.33396E+15,5.21839E+16
10380,3.17021E+18,3,4,59,21,2017,2,6,2,3,5,2,0,1,0,1,0,2,0,4.28627E+20,5.78851E+21,7.95468E+15,5.22423E+16
10381,3.17021E+18,3,4,59,30,2017,2,20,2,3,5,3,0,1,0,0,0,2,0,4.28682E+20,5.83675E+21,7.94516E+15,5.2676E+16
10382,3.17021E+18,3,4,4,0,2017,2,19,2,3,2,6,0,1,0,0,0,2,1,4.33204E+20,5.79154E+21,8.0211E+15,5.22701E+16
10383,3.17021E+18,3,4,54,57,2017,2,9,2,3,2,2,0,1,0,0,1,0,0,4.10158E+20,5.85453E+21,7.66639E+15,5.2833E+16
10384,3.17021E+18,3,4,54,35,2017,2,16,2,3,5,3,0,1,0,1,0,0,0,3.83793E+20,5.83942E+21,7.28056E+15,5.26922E+16
10385,3.17021E+18,3,4,54,32,2017,2,15,2,3,1,5,0,1,0,0,0,0,0,3.86759E+20,5.8204E+21,7.33093E+15,5.2522E+16
10386,3.17021E+18,3,4,62,3,2017,2,14,2,3,5,3,1,1,0,0,0,0,0,4.05821E+20,5.94824E+21,7.5743E+15,5.36744E+16
10387,3.17021E+18,3,4,52,12,2017,2,11,2,3,8,1,0,1,0,0,0,0,0,3.92437E+20,5.92399E+21,7.38012E+15,5.3454E+16
10388,3.17021E+18,3,3,56,9,2017,2,9,2,3,5,3,1,1,0,0,0,0,0,4.67875E+20,5.8985E+21,8.5187E+15,5.32348E+16
10389,3.17021E+18,3,3,61,1,2017,2,13,2,3,2,6,0,1,0,0,0,0,0,5.02282E+20,5.87358E+21,9.03401E+15,5.30118E+16
10390,3.17021E+18,3,3,61,12,2017,2,15,2,3,2,6,0,1,0,0,0,0,0,5.15748E+20,5.8667E+21,9.23438E+15,5.29497E+16
10391,3.17021E+18,3,3,61,12,2017,2,16,2,3,5,3,1,1,0,0,0,1,0,5.15352E+20,5.86538E+21,9.22843E+15,5.29379E+16
10392,3.17021E+18,3,4,3,0,2017,2,6,2,3,5,3,1,1,0,0,0,2,0,4.49835E+20,5.8917E+21,8.2495E+15,5.31723E+16
10393,3.17021E+18,3,4,56,17,2017,2,7,4,3,8,1,0,1,0,0,0,1,2,3.6921E+20,5.8242E+21,7.07092E+15,5.25522E+16
10394,3.17021E+18,3,4,58,14,2017,2,11,2,2,8,7,0,1,0,0,0,0,0,4.60886E+20,5.86289E+21,8.41832E+15,5.29143E+16
10395,3.17021E+18,3,2,51,37,2017,2,8,2,3,2,6,0,1,0,0,0,0,0,4.82639E+20,5.87358E+21,8.74125E+15,5.30115E+16
10396,3.17021E+18,3,3,52,59,2017,2,11,2,3,2,2,0,1,0,0,0,0,1,4.87837E+20,5.9203E+21,8.81693E+15,5.34316E+16
10397,3.17021E+18,3,3,52,22,2017,2,8,2,3,9,1,0,1,0,0,0,0,1,5.06367E+20,5.94953E+21,9.09643E+15,5.36945E+16
10398,3.17021E+18,3,3,52,4,2017,2,18,2,3,8,1,0,1,0,0,0,2,0,4.99741E+20,5.96264E+21,8.99607E+15,5.38123E+16
10399,3.17021E+18,3,3,53,26,2017,2,7,2,3,2,6,0,1,0,0,1,1,1,5.5284E+20,5.92405E+21,9.79591E+15,5.34628E+16
10400,3.17021E+18,3,3,53,19,2017,2,13,2,3,5,3,0,1,0,0,0,0,1,5.47624E+20,5.91365E+21,9.71577E+15,5.33698E+16
10401,3.17021E+18,3,3,57,39,2017,2,9,2,3,5,3,0,1,0,0,0,0,1,5.28312E+20,5.88661E+21,9.42313E+15,5.31282E+16
10402,3.17021E+18,3,3,54,4,2017,2,19,2,3,4,2,0,1,0,0,0,2,0,6.39781E+20,5.88451E+21,1.10874E+16,5.30917E+16
10403,3.17021E+18,3,3,55,19,2017,2,17,2,3,4,2,0,1,0,0,1,1,1,6.03412E+20,5.91384E+21,1.05541E+16,5.33635E+16
10404,3.17021E+18,3,3,51,6,2017,2,6,2,3,5,3,1,1,0,0,0,2,1,5.74961E+20,5.82842E+21,1.01068E+16,5.26006E+16
10405,3.17021E+18,3,2,41,17,2017,2,14,2,3,5,3,0,1,0,0,0,0,1,5.4487E+20,5.78028E+21,9.65611E+15,5.21712E+16
10406,3.17021E+18,3,2,41,17,2017,2,9,2,3,5,2,0,1,0,0,1,0,1,5.5095E+20,5.78458E+21,9.74565E+15,5.22093E+16
10407,3.17021E+18,3,2,41,7,2017,2,8,2,3,2,6,0,1,0,0,0,0,1,5.50498E+20,5.79459E+21,9.74054E+15,5.22993E+16
10408,3.17021E+18,3,1,59,12,2017,2,16,2,3,5,3,0,1,0,0,0,0,0,5.90184E+20,5.72581E+21,1.03043E+16,5.1676E+16
10409,3.17021E+18,3,1,55,11,2017,2,19,2,3,5,3,0,1,0,0,0,0,0,5.68609E+20,5.72869E+21,9.99289E+15,5.1705E+16
10410,3.17021E+18,3,2,57,38,2017,2,16,2,1,4,6,0,1,0,0,0,0,0,5.19018E+20,5.80856E+21,9.27969E+15,5.24269E+16
10411,3.17021E+18,3,1,59,16,2017,2,23,2,3,5,3,0,1,0,0,0,2,1,5.61509E+20,5.70886E+21,9.88667E+15,5.15275E+16
10412,3.17021E+18,3,1,59,13,2017,2,15,2,2,2,6,0,0,0,0,1,0,0,5.57375E+20,5.69573E+21,9.82496E+15,5.14098E+16
10413,3.17021E+18,3,1,58,39,2017,2,19,2,3,4,1,0,1,0,0,0,2,1,6.03857E+20,5.76493E+21,1.05137E+16,5.20253E+16
10414,3.17021E+18,3,1,2,0,2017,2,22,2,3,5,3,0,1,0,0,0,2,0,5.99575E+20,5.78387E+21,1.04569E+16,5.21963E+16
10415,3.17021E+18,3,4,53,6,2017,2,2,4,3,8,1,0,1,0,0,0,2,2,4.24384E+20,5.83984E+21,7.88091E+15,5.27032E+16
10416,3.17021E+18,3,1,51,9,2017,2,16,2,3,2,2,0,1,0,0,0,1,0,6.0727E+20,5.81301E+21,1.05787E+16,5.24568E+16
10417,3.17021E+18,3,2,41,1,2017,2,16,4,3,2,6,0,1,0,0,0,0,1,5.50249E+20,5.80225E+21,9.73802E+15,5.23682E+16
10418,3.17021E+18,3,2,51,12,2017,2,17,4,3,8,6,0,1,0,0,0,2,2,4.57221E+20,5.82241E+21,8.3691E+15,5.25501E+16
10419,3.17021E+18,3,4,59,24,2017,2,18,1,3,5,3,1,1,0,0,0,2,0,4.55368E+20,5.78429E+21,8.34684E+15,5.22072E+16
10420,3.17021E+18,3,4,59,24,2017,2,12,1,3,5,3,0,1,0,0,0,0,0,4.61951E+20,5.78117E+21,8.44353E+15,5.21797E+16
10421,3.17021E+18,3,4,59,20,2017,2,15,1,3,5,3,1,1,0,0,0,0,0,4.27363E+20,5.78584E+21,7.93673E+15,5.22182E+16
10422,3.17021E+18,3,4,59,33,2017,2,6,1,2,2,6,0,1,0,0,0,2,1,4.32925E+20,5.80083E+21,8.01516E+15,5.23536E+16
10423,3.17021E+18,3,4,59,17,2017,2,18,1,3,8,1,0,1,0,0,0,2,1,4.17539E+20,5.82055E+21,7.78443E+15,5.25288E+16
10424,3.17021E+18,3,4,59,17,2017,2,14,1,3,0,3,0,1,0,1,0,0,1,4.14177E+20,5.81944E+21,7.73518E+15,5.25183E+16
10425,3.17021E+18,3,4,4,0,2017,2,11,1,3,1,5,1,1,0,0,0,0,0,4.35483E+20,5.79088E+21,8.05462E+15,5.22646E+16
10426,3.17021E+18,3,4,4,0,2017,2,0,1,3,6,4,0,1,1,0,0,2,1,4.34455E+20,5.79208E+21,8.03932E+15,5.22752E+16
10427,3.17021E+18,3,4,52,1,2017,2,1,1,3,0,7,0,1,0,0,0,2,1,3.98786E+20,5.92231E+21,7.47624E+15,5.34401E+16
10428,3.17021E+18,3,3,56,11,2017,2,8,1,2,9,1,0,1,0,0,0,1,0,4.89586E+20,5.89396E+21,8.84412E+15,5.31949E+16
10429,3.17021E+18,3,3,61,13,2017,2,13,1,3,5,3,0,1,0,0,0,0,1,4.98278E+20,5.8682E+21,8.97436E+15,5.29634E+16
10430,3.17021E+18,3,3,61,6,2017,2,16,1,3,2,6,0,1,0,0,0,0,1,5.07805E+20,5.87173E+21,9.11629E+15,5.29951E+16
10431,3.17021E+18,3,2,51,47,2017,2,14,1,3,4,2,0,1,0,0,0,0,0,4.86129E+20,5.8679E+21,8.79351E+15,5.29606E+16
10432,3.17021E+18,3,4,1,0,2017,2,19,1,3,4,2,0,1,0,0,0,2,0,4.74138E+20,5.87781E+21,8.6142E+15,5.30492E+16
10433,3.17021E+18,3,3,59,14,2017,2,8,1,3,2,7,0,1,0,0,0,0,0,5.23458E+20,5.93818E+21,9.35441E+15,5.3592E+16
10434,3.17021E+18,3,2,41,15,2017,2,18,1,3,2,6,0,1,0,0,0,2,0,5.34634E+20,5.80664E+21,9.50915E+15,5.24089E+16
10435,3.17021E+18,3,2,41,1,2017,2,13,1,2,8,1,0,1,0,0,0,0,1,5.53365E+20,5.80136E+21,9.78365E+15,5.23599E+16
10436,3.17021E+18,3,2,41,1,2017,2,4,1,3,9,1,0,1,0,0,0,2,0,5.4762E+20,5.79995E+21,9.69909E+15,5.23478E+16
10437,3.17021E+18,3,2,56,33,2017,2,14,1,2,9,1,0,1,0,0,0,0,0,4.90756E+20,5.82183E+21,8.86369E+15,5.25465E+16
10438,3.17021E+18,3,2,56,36,2017,2,4,1,2,8,1,0,1,0,0,0,2,1,5.03388E+20,5.83469E+21,9.05009E+15,5.26622E+16
10439,3.17021E+18,3,2,56,7,2017,2,2,1,3,6,6,0,1,1,0,0,2,0,5.15995E+20,5.84797E+21,9.23714E+15,5.27813E+16
10440,3.17021E+18,3,1,59,29,2017,2,11,1,3,8,1,0,1,0,0,0,0,1,5.60166E+20,5.70065E+21,9.86591E+15,5.14539E+16
10441,3.17021E+18,3,1,58,22,2017,2,9,1,3,5,3,0,1,0,0,1,0,1,6.18229E+20,5.78144E+21,1.07288E+16,5.21707E+16
10442,3.17021E+18,3,1,1,0,2017,2,14,1,3,8,1,0,1,0,0,0,0,1,6.01959E+20,5.79355E+21,1.04947E+16,5.22829E+16
10443,3.1702E+18,3,4,59,14,2017,2,15,7,3,2,6,0,1,0,0,1,0,0,4.34695E+20,5.80488E+21,8.04035E+15,5.23903E+16
10444,3.1702E+18,3,4,4,0,2017,2,13,7,3,0,7,0,1,0,0,0,0,0,4.37048E+20,5.78892E+21,8.07791E+15,5.22471E+16
10445,3.1702E+18,3,4,59,15,2017,2,22,7,3,8,1,0,1,0,0,0,2,1,4.44654E+20,5.7703E+21,8.19234E+15,5.20805E+16
10446,3.1702E+18,3,4,4,0,2017,2,13,7,2,3,2,1,1,0,0,0,0,0,4.35508E+20,5.79078E+21,8.05501E+15,5.22636E+16
10447,3.1702E+18,3,4,4,0,2017,2,4,7,3,8,1,0,1,0,0,0,2,1,4.34752E+20,5.79281E+21,8.04354E+15,5.22818E+16
10448,3.1702E+18,3,4,57,13,2017,2,10,7,3,2,6,0,1,0,0,0,0,0,3.98683E+20,5.89687E+21,7.48282E+15,5.32115E+16
10449,3.1702E+18,3,4,56,10,2017,2,12,7,2,2,2,0,1,0,0,0,0,0,3.7358E+20,5.80228E+21,7.14365E+15,5.23562E+16
10450,3.1702E+18,3,4,54,1,2017,2,19,7,3,8,1,0,1,0,0,0,2,0,4.01812E+20,5.81932E+21,7.55304E+15,5.25152E+16
10451,3.1702E+18,3,4,54,32,2017,2,13,7,3,4,2,0,1,0,0,0,0,0,3.87845E+20,5.82225E+21,7.34631E+15,5.25387E+16
10452,3.1702E+18,3,4,52,19,2017,2,9,7,3,5,3,1,1,0,0,0,0,0,3.79759E+20,5.94108E+21,7.18273E+15,5.36047E+16
10453,3.1702E+18,3,4,52,1,2017,2,7,7,2,8,6,0,1,0,0,0,1,0,4.03739E+20,5.92482E+21,7.55001E+15,5.34636E+16
10454,3.1702E+18,3,4,53,13,2017,2,3,7,3,9,1,0,1,0,0,0,2,1,4.15276E+20,5.87835E+21,7.73612E+15,5.30479E+16
10455,3.1702E+18,3,4,53,4,2017,2,17,7,3,2,2,0,1,0,0,0,1,1,4.37488E+20,5.85355E+21,8.07219E+15,5.28281E+16
10456,3.1702E+18,3,4,55,15,2017,2,5,7,3,8,1,0,1,0,0,0,2,1,4.30255E+20,5.93076E+21,7.94802E+15,5.35211E+16
10457,3.1702E+18,3,3,56,7,2017,2,11,7,3,0,3,1,1,0,0,0,0,0,4.80653E+20,5.90051E+21,8.71001E+15,5.32535E+16
10458,3.1702E+18,3,2,51,37,2017,2,13,7,3,5,3,1,1,0,0,0,0,0,4.80231E+20,5.87191E+21,8.70544E+15,5.29964E+16
10459,3.1702E+18,3,4,53,5,2017,2,20,7,3,2,6,0,1,0,0,1,2,0,4.46739E+20,5.8514E+21,8.20983E+15,5.28097E+16
10460,3.1702E+18,3,4,61,9,2017,2,11,7,3,8,1,0,1,0,0,0,0,1,4.61456E+20,5.91688E+21,8.42029E+15,5.33996E+16
10461,3.1702E+18,3,3,53,31,2017,2,20,7,3,9,7,0,1,0,0,0,2,1,5.68749E+20,5.92027E+21,1.00347E+16,5.3427E+16
10462,3.1702E+18,3,3,53,26,2017,2,8,7,3,9,1,0,1,0,0,0,0,1,5.53419E+20,5.92114E+21,9.80413E+15,5.34366E+16
10463,3.1702E+18,3,3,53,7,2017,2,18,7,3,2,6,0,1,0,0,0,2,1,5.88847E+20,5.91971E+21,1.03369E+16,5.34189E+16
10464,3.1702E+18,3,3,59,38,2017,2,22,7,3,9,1,0,1,0,0,0,2,1,5.35163E+20,5.93659E+21,9.53107E+15,5.3577E+16
10465,3.1702E+18,3,3,59,38,2017,2,11,7,3,2,6,0,1,0,0,0,0,1,5.30319E+20,5.93762E+21,9.45801E+15,5.35866E+16
10466,3.1702E+18,3,3,58,21,2017,2,12,7,3,2,6,0,1,0,0,1,0,1,5.57129E+20,5.87115E+21,9.85102E+15,5.29869E+16
10467,3.1702E+18,3,3,57,56,2017,2,21,7,2,8,1,0,1,0,0,0,2,0,5.35554E+20,5.91108E+21,9.53409E+15,5.33477E+16
10468,3.1702E+18,3,3,51,18,2017,2,11,7,3,8,1,0,1,0,0,0,0,1,5.72626E+20,5.82221E+21,1.0071E+16,5.25451E+16
10469,3.1702E+18,3,2,41,14,2017,2,9,7,3,5,2,0,1,0,0,0,0,1,5.42973E+20,5.798E+21,9.63062E+15,5.23307E+16
10470,3.1702E+18,3,2,41,12,2017,2,5,7,3,9,1,0,1,0,0,0,2,2,5.25213E+20,5.81711E+21,9.37145E+15,5.25036E+16
10471,3.1702E+18,3,2,41,5,2017,2,14,7,3,2,6,0,1,0,0,0,0,0,5.4014E+20,5.81001E+21,9.59049E+15,5.24388E+16
10472,3.1702E+18,3,2,41,11,2017,2,7,7,3,8,1,0,1,0,0,0,1,2,5.74481E+20,5.80557E+21,1.00946E+16,5.23953E+16
10473,3.1702E+18,3,2,41,18,2017,2,5,7,3,8,1,0,1,0,0,0,2,2,5.81491E+20,5.80811E+21,1.01982E+16,5.24172E+16
10474,3.1702E+18,3,2,41,1,2017,2,11,7,3,5,3,0,1,0,0,0,0,0,5.47702E+20,5.80747E+21,9.70136E+15,5.24153E+16
10475,3.1702E+18,3,2,41,1,2017,2,10,7,3,2,6,0,1,0,0,0,0,1,5.534E+20,5.80128E+21,9.78415E+15,5.23592E+16
10476,3.1702E+18,3,2,56,16,2017,2,17,7,3,4,6,0,1,0,0,0,2,1,5.19097E+20,5.82561E+21,9.28184E+15,5.25802E+16
10477,3.1702E+18,3,2,57,8,2017,2,16,7,3,2,6,0,1,0,0,0,0,0,5.08184E+20,5.78555E+21,9.1198E+15,5.22204E+16
10478,3.1702E+18,3,1,58,30,2017,2,8,7,3,8,1,0,1,0,0,0,0,2,6.10125E+20,5.78682E+21,1.06121E+16,5.22208E+16
10479,3.1702E+18,3,1,57,7,2017,2,17,7,3,5,2,0,1,0,0,1,1,0,5.95258E+20,5.79093E+21,1.03957E+16,5.22605E+16
10480,3.1702E+18,3,1,51,6,2017,2,7,7,3,9,1,0,1,0,0,0,0,2,6.11639E+20,5.80849E+21,1.06415E+16,5.24152E+16
10481,3.1702E+18,3,4,54,29,2017,2,12,6,3,2,6,0,1,0,0,0,0,1,3.88342E+20,5.86185E+21,7.34018E+15,5.28947E+16
10482,3.1702E+18,3,4,54,35,2017,2,3,6,3,8,7,0,1,0,0,0,2,0,3.85274E+20,5.83401E+21,7.30434E+15,5.26439E+16
10483,3.1702E+18,3,4,54,53,2017,2,14,6,3,5,3,0,1,0,1,0,0,1,3.9684E+20,5.81813E+21,7.48015E+15,5.25035E+16
10484,3.1702E+18,3,4,52,11,2017,2,13,6,3,2,6,0,1,0,0,0,0,1,3.78168E+20,5.9193E+21,7.16717E+15,5.34087E+16
10485,3.1702E+18,3,4,52,1,2017,2,18,6,3,5,3,1,1,0,0,0,2,1,4.00178E+20,5.92543E+21,7.4962E+15,5.34684E+16
10486,3.1702E+18,3,4,52,1,2017,2,12,6,2,5,3,1,1,0,0,0,0,1,3.98635E+20,5.9257E+21,7.47287E+15,5.34706E+16
10487,3.1702E+18,3,4,52,1,2017,2,8,6,3,2,6,0,1,0,0,0,0,1,4.00342E+20,5.924E+21,7.49912E+15,5.34555E+16
10488,3.1702E+18,3,4,60,5,2017,2,22,6,3,5,3,0,1,0,0,0,2,1,4.40785E+20,5.8276E+21,8.12579E+15,5.25952E+16
10489,3.1702E+18,3,3,56,5,2017,2,13,6,2,4,6,0,1,0,0,0,0,1,4.9194E+20,5.89226E+21,8.8794E+15,5.31796E+16
10490,3.1702E+18,3,4,51,8,2017,2,12,6,3,2,6,0,1,0,0,0,0,1,4.44175E+20,5.90231E+21,8.16298E+15,5.32671E+16
10491,3.1702E+18,3,4,51,4,2017,2,17,6,3,5,3,1,1,0,0,0,2,1,4.32192E+20,5.88747E+21,7.98649E+15,5.31323E+16
10492,3.1702E+18,3,2,51,7,2017,2,14,6,3,2,2,0,1,0,0,0,0,1,4.81099E+20,5.8632E+21,8.71888E+15,5.29181E+16
10493,3.1702E+18,3,2,51,7,2017,2,13,6,3,2,6,0,1,0,0,1,0,1,4.82055E+20,5.85432E+21,8.7336E+15,5.28383E+16
10494,3.1702E+18,3,3,52,32,2017,2,15,6,1,4,6,0,1,0,0,1,0,1,4.71087E+20,5.92087E+21,8.56477E+15,5.34361E+16
10495,3.1702E+18,3,3,52,62,2017,2,17,6,2,0,7,0,1,0,0,0,2,1,4.83668E+20,5.94049E+21,8.75312E+15,5.3613E+16
10496,3.1702E+18,3,3,52,55,2017,2,18,6,3,4,6,0,1,0,0,0,2,1,4.8735E+20,5.95482E+21,8.80821E+15,5.37419E+16
10497,3.1702E+18,3,3,52,11,2017,2,14,6,3,5,7,0,1,0,0,0,0,1,4.80782E+20,5.96344E+21,8.70809E+15,5.38192E+16
10498,3.1702E+18,3,3,53,40,2017,2,17,6,3,2,6,0,1,0,0,0,2,0,5.80872E+20,5.91041E+21,1.02146E+16,5.33367E+16
10499,3.1702E+18,3,2,41,19,2017,2,9,6,3,8,6,0,0,0,0,1,0,0,5.46642E+20,5.83722E+21,9.68996E+15,5.26829E+16
10500,3.1702E+18,3,3,58,3,2017,2,14,6,3,5,3,1,1,0,0,0,0,1,5.40011E+20,5.85406E+21,9.59394E+15,5.28348E+16
10501,3.1702E+18,3,3,58,23,2017,2,11,6,3,5,3,0,1,0,0,0,0,1,5.65951E+20,5.86537E+21,9.98124E+15,5.29339E+16
10502,3.1702E+18,3,3,57,35,2017,2,6,6,2,4,6,0,1,0,1,0,2,1,5.01365E+20,5.92407E+21,9.02056E+15,5.34656E+16
10503,3.1702E+18,3,3,57,51,2017,2,17,6,2,6,4,0,1,1,0,0,2,1,5.38881E+20,5.87076E+21,9.57916E+15,5.2985E+16
10504,3.17021E+18,3,4,60,10,2017,2,6,4,3,8,1,0,1,0,0,0,2,2,4.52844E+20,5.85389E+21,8.30003E+15,5.28327E+16
10505,3.17021E+18,3,4,54,12,2017,2,7,4,2,5,2,0,1,0,0,0,0,2,4.00564E+20,5.81732E+21,7.53525E+15,5.24969E+16
10506,3.17021E+18,3,3,52,50,2017,2,21,4,2,2,6,0,1,0,0,0,2,0,4.769E+20,5.93089E+21,8.65153E+15,5.35264E+16
10507,3.17021E+18,3,4,58,7,2017,2,4,4,3,9,1,0,1,0,0,0,2,2,4.55064E+20,5.8658E+21,8.33135E+15,5.294E+16
10508,3.1702E+18,3,3,57,39,2017,2,20,6,3,5,3,1,1,0,0,0,2,1,5.27411E+20,5.8847E+21,9.4095E+15,5.3111E+16
10509,3.17021E+18,3,4,58,14,2017,2,17,4,3,5,3,0,1,0,0,0,1,0,4.61065E+20,5.8558E+21,8.42183E+15,5.28506E+16
10510,3.1702E+18,3,3,60,7,2017,2,6,6,3,1,2,0,1,0,0,0,2,1,5.90222E+20,5.86426E+21,1.03419E+16,5.29204E+16
10511,3.1702E+18,3,2,41,15,2017,2,15,6,3,5,3,1,1,0,0,0,0,1,5.40257E+20,5.80577E+21,9.59171E+15,5.24007E+16
10512,3.1702E+18,3,2,41,7,2017,2,13,6,3,5,3,1,1,0,0,0,0,1,5.49087E+20,5.79733E+21,9.72025E+15,5.23241E+16
10513,3.1702E+18,3,2,41,5,2017,2,13,6,3,2,6,0,1,0,0,0,0,1,5.42053E+20,5.80888E+21,9.61849E+15,5.24285E+16
10514,3.17021E+18,3,2,51,47,2017,2,15,4,3,2,6,0,1,0,0,0,0,0,4.86489E+20,5.87485E+21,8.79857E+15,5.3023E+16
10515,3.1702E+18,3,2,41,1,2017,2,16,6,3,6,4,0,0,1,0,1,0,1,5.53359E+20,5.79734E+21,9.78292E+15,5.23238E+16
10516,3.17021E+18,3,3,56,3,2017,2,16,4,3,2,2,0,1,0,0,0,0,0,4.89972E+20,5.9069E+21,8.84949E+15,5.33112E+16
10517,3.1702E+18,3,2,41,1,2017,2,13,6,3,2,6,0,1,0,0,0,0,1,5.4996E+20,5.80423E+21,9.73408E+15,5.2386E+16
10518,3.17021E+18,3,3,56,11,2017,2,22,4,3,0,7,0,1,0,0,0,2,0,4.89586E+20,5.89396E+21,8.84412E+15,5.31949E+16
10519,3.1702E+18,3,2,41,1,2017,2,10,6,3,2,6,0,1,0,0,0,0,0,5.53533E+20,5.80467E+21,9.78664E+15,5.23897E+16
10520,3.1702E+18,3,2,57,14,2017,2,14,6,3,8,1,0,1,0,0,0,0,1,5.07279E+20,5.79659E+21,9.10679E+15,5.23196E+16
10521,3.1702E+18,3,2,54,20,2017,2,13,6,3,9,1,0,1,0,0,0,0,1,5.70739E+20,5.78431E+21,1.00352E+16,5.22047E+16
10522,3.1702E+18,3,2,52,2,2017,2,21,6,3,9,6,0,1,0,0,0,2,1,5.26745E+20,5.78852E+21,9.39174E+15,5.22464E+16
10523,3.1702E+18,3,1,59,16,2017,2,6,6,3,5,3,0,1,0,0,1,2,1,5.64764E+20,5.7101E+21,9.93382E+15,5.15383E+16
10524,3.1702E+18,3,1,54,14,2017,2,11,6,2,8,1,0,1,0,0,0,0,0,6.11177E+20,5.79987E+21,1.06318E+16,5.23379E+16
10525,3.1702E+18,3,1,57,8,2017,2,18,6,3,2,6,0,1,0,0,0,2,1,5.94866E+20,5.80228E+21,1.03932E+16,5.23626E+16
10526,3.1702E+18,3,1,51,22,2017,2,7,6,3,8,1,0,1,0,0,0,0,1,6.04303E+20,5.81109E+21,1.05345E+16,5.244E+16
10527,3.1702E+18,3,4,59,24,2017,2,18,5,3,5,3,0,1,0,1,0,2,0,4.53304E+20,5.78368E+21,8.31672E+15,5.22016E+16
10528,3.1702E+18,3,4,4,0,2017,2,7,5,3,5,3,0,1,0,0,1,1,0,4.35768E+20,5.79239E+21,8.0585E+15,5.22781E+16
10529,3.1702E+18,3,4,57,13,2017,2,7,5,3,2,6,0,1,0,0,0,1,1,3.94117E+20,5.90257E+21,7.41258E+15,5.32618E+16
10530,3.1702E+18,3,4,54,41,2017,2,17,5,3,2,6,0,1,0,0,0,1,0,3.92016E+20,5.88144E+21,7.38823E+15,5.30715E+16
10531,3.1702E+18,3,4,54,26,2017,2,12,5,2,5,3,0,1,0,1,0,0,1,4.05779E+20,5.84033E+21,7.60548E+15,5.27046E+16
10532,3.1702E+18,3,4,54,45,2017,2,6,5,3,5,3,0,1,0,0,0,2,0,3.92985E+20,5.79811E+21,7.4298E+15,5.23229E+16
10533,3.1702E+18,3,4,54,10,2017,2,8,5,3,5,3,0,1,0,0,0,0,1,3.85066E+20,5.80759E+21,7.31041E+15,5.24064E+16
10534,3.1702E+18,3,4,53,7,2017,2,15,5,3,4,2,0,1,0,0,1,0,0,4.20625E+20,5.87165E+21,7.81754E+15,5.29885E+16
10535,3.1702E+18,3,4,60,6,2017,2,15,5,3,4,2,1,1,0,0,0,0,1,4.49548E+20,5.83486E+21,8.25405E+15,5.26613E+16
10536,3.1702E+18,3,4,60,6,2017,2,13,5,3,5,2,1,1,0,0,0,0,0,4.47542E+20,5.83518E+21,8.22434E+15,5.2664E+16
10537,3.1702E+18,3,4,53,11,2017,2,7,5,3,5,3,0,1,0,0,0,1,1,4.23197E+20,5.8436E+21,7.86246E+15,5.27368E+16
10538,3.1702E+18,3,4,53,5,2017,2,7,5,2,5,2,1,1,0,0,0,2,1,4.4037E+20,5.85368E+21,8.11494E+15,5.28296E+16
10539,3.1702E+18,3,4,55,25,2017,2,7,5,3,5,3,1,1,0,0,0,2,1,4.33963E+20,5.91625E+21,8.00698E+15,5.33912E+16
10540,3.1702E+18,3,4,55,20,2017,2,15,5,3,5,3,1,1,0,0,0,0,0,4.25218E+20,5.93974E+21,7.86991E+15,5.36011E+16
10541,3.1702E+18,3,3,56,10,2017,2,18,5,3,2,2,0,1,0,0,0,2,0,4.91403E+20,5.90758E+21,8.87095E+15,5.33173E+16
10542,3.1702E+18,3,3,56,8,2017,2,14,5,3,2,2,0,1,0,0,0,0,0,4.80253E+20,5.89527E+21,8.70434E+15,5.32064E+16
10543,3.1702E+18,3,3,61,6,2017,2,15,5,3,5,3,0,1,0,0,0,0,0,5.12144E+20,5.86969E+21,9.18085E+15,5.29767E+16
10544,3.1702E+18,3,3,61,1,2017,2,14,5,3,3,6,0,1,0,0,0,0,0,4.9925E+20,5.87655E+21,8.98881E+15,5.30384E+16
10545,3.1702E+18,3,3,61,12,2017,2,7,5,3,5,3,0,1,0,0,0,1,1,5.14796E+20,5.86326E+21,9.22005E+15,5.29188E+16
10546,3.1702E+18,3,4,3,0,2017,2,7,5,3,2,6,0,1,0,0,0,1,0,4.46215E+20,5.88705E+21,8.19614E+15,5.31301E+16
10547,3.1702E+18,3,4,51,4,2017,2,15,5,3,5,3,0,1,0,0,0,0,0,4.31905E+20,5.88669E+21,7.98237E+15,5.31253E+16
10548,3.1702E+18,3,4,51,4,2017,2,0,5,2,9,1,0,1,0,0,0,2,1,4.38132E+20,5.88646E+21,8.07545E+15,5.3124E+16