OBJECTID,UIDENTSTLA,ULAND,UREGBEZ,UKREIS,UGEMEINDE,UJAHR,UMONAT,USTUNDE,UWOCHENTAG,UKATEGORIE,UART,UTYP1,IstRad,IstPKW,IstFuss,IstKrad,IstSonstig,LICHT,STRZUSTAND,LINREFX,LINREFY,XGCSWGS84,YGCSWGS84
10549,3.1702E+18,3,2,51,47,2017,2,14,5,3,5,3,1,1,0,0,0,0,0,4.85473E+20,5.87088E+21,8.7836E+15,5.29873E+16
10550,3.1702E+18,3,2,51,47,2017,2,10,5,3,2,6,0,1,0,0,0,0,1,4.89905E+20,5.87009E+21,8.84965E+15,5.29803E+16
10551,3.1702E+18,3,2,51,41,2017,2,15,5,3,4,7,1,0,0,0,0,0,0,4.88631E+20,5.86233E+21,8.83094E+15,5.29106E+16
10552,3.1702E+18,3,2,51,37,2017,2,17,5,3,2,6,0,1,0,0,0,2,0,4.86584E+20,5.87485E+21,8.79998E+15,5.3023E+16
10553,3.1702E+18,3,3,52,62,2017,2,16,5,3,5,2,1,1,0,0,0,0,0,4.7332E+20,5.93862E+21,8.59687E+15,5.35957E+16
10554,3.1702E+18,3,3,53,29,2017,2,7,5,3,5,3,0,1,0,1,0,1,1,5.62459E+20,5.91381E+21,9.93874E+15,5.33698E+16
10555,3.1702E+18,3,3,53,5,2017,2,8,5,3,2,6,0,0,0,0,1,0,1,5.53575E+20,5.9086E+21,9.80435E+15,5.33239E+16
10556,3.1702E+18,3,3,59,17,2017,2,14,5,3,5,3,0,1,0,0,1,0,0,5.23825E+20,5.92868E+21,9.35923E+15,5.35066E+16
10557,3.1702E+18,3,3,57,16,2017,2,15,5,3,5,7,0,1,0,0,0,0,0,5.00148E+20,5.91494E+21,9.00223E+15,5.33836E+16
10558,3.1702E+18,3,3,60,2,2017,2,12,5,3,5,3,0,1,0,0,0,0,1,6.04695E+20,5.88163E+21,1.05628E+16,5.30739E+16
10559,3.1702E+18,3,3,55,18,2017,2,19,5,3,9,7,0,1,0,0,1,2,1,6.07217E+20,5.91124E+21,1.06103E+16,5.33394E+16
10560,3.1702E+18,3,3,55,31,2017,2,7,5,3,5,3,1,1,0,0,0,0,0,5.90924E+20,5.90072E+21,1.03627E+16,5.3248E+16
10561,3.1702E+18,3,2,41,17,2017,2,18,5,3,2,6,0,1,0,0,0,2,0,5.4487E+20,5.78026E+21,9.65611E+15,5.2171E+16
10562,3.1702E+18,3,2,41,17,2017,2,7,5,3,2,6,0,1,0,0,0,1,1,5.41439E+20,5.78539E+21,9.60657E+15,5.22174E+16
10563,3.1702E+18,3,2,41,15,2017,2,9,5,3,2,2,0,1,0,0,0,0,1,5.44007E+20,5.80544E+21,9.64678E+15,5.23974E+16
10564,3.1702E+18,3,2,41,12,2017,2,17,5,3,2,6,0,1,0,0,0,2,0,5.30345E+20,5.82004E+21,9.44732E+15,5.25296E+16
10565,3.1702E+18,3,2,41,8,2017,2,15,5,3,5,3,0,1,0,0,0,0,0,5.60632E+20,5.81317E+21,9.89249E+15,5.24654E+16
10566,3.1702E+18,3,2,41,1,2017,2,2,5,3,8,1,0,1,0,0,0,2,0,5.49359E+20,5.80322E+21,9.72511E+15,5.2377E+16
10567,3.17021E+18,3,3,57,51,2017,2,14,4,3,8,7,0,1,0,0,0,0,0,5.42917E+20,5.87354E+21,9.63965E+15,5.30097E+16
10568,3.1702E+18,3,1,55,11,2017,2,15,5,3,2,6,0,1,0,0,0,0,0,5.68548E+20,5.72814E+21,9.9919E+15,5.17E+16
10569,3.1702E+18,3,2,56,25,2017,2,10,5,2,5,3,0,0,0,1,1,0,1,5.10632E+20,5.81136E+21,9.15645E+15,5.24523E+16
10570,3.1702E+18,3,2,56,27,2017,2,16,5,3,5,3,1,1,0,0,0,0,0,5.16259E+20,5.83923E+21,9.24062E+15,5.27028E+16
10571,3.1702E+18,3,2,56,14,2017,2,17,5,2,0,7,0,1,0,0,1,2,0,5.08188E+20,5.85078E+21,9.12147E+15,5.28067E+16
10572,3.1702E+18,3,2,54,26,2017,2,15,5,3,5,3,0,1,0,0,0,0,0,5.57245E+20,5.77888E+21,9.8368E+15,5.21574E+16
10573,3.1702E+18,3,2,54,32,2017,2,19,5,2,8,1,0,1,0,0,0,2,1,5.80382E+20,5.78391E+21,1.01762E+16,5.21998E+16
10574,3.1702E+18,3,2,52,6,2017,2,18,5,3,2,6,0,1,0,0,0,2,0,5.24135E+20,5.77162E+21,9.3523E+15,5.20946E+16
10575,3.1702E+18,3,2,52,6,2017,2,10,5,3,2,6,0,1,0,0,1,0,1,5.22693E+20,5.76976E+21,9.33114E+15,5.20779E+16
10576,3.1702E+18,3,2,52,6,2017,2,7,5,3,2,2,0,1,0,0,0,0,1,5.24736E+20,5.77441E+21,9.36129E+15,5.21197E+16
10577,3.1702E+18,3,1,59,1,2017,2,11,5,3,9,1,0,0,0,0,1,0,1,5.5334E+20,5.71273E+21,9.76952E+15,5.15632E+16
10578,3.1702E+18,3,1,2,0,2017,2,19,5,3,5,3,0,1,0,0,0,2,1,5.93624E+20,5.77291E+21,1.03668E+16,5.20988E+16
10579,3.1702E+18,3,1,57,9,2017,2,7,5,3,2,6,0,1,0,0,0,0,1,5.81387E+20,5.79131E+21,1.01926E+16,5.22661E+16
10580,3.1702E+18,3,1,57,5,2017,2,4,5,3,4,6,0,0,0,0,1,2,0,5.90548E+20,5.78336E+21,1.03247E+16,5.21933E+16
10581,3.1702E+18,3,1,53,8,2017,2,15,5,3,5,3,0,1,0,0,0,0,0,5.96303E+20,5.75892E+21,1.0402E+16,5.19726E+16
10582,3.1702E+18,3,1,1,0,2017,2,17,5,3,2,6,0,1,0,0,1,2,0,6.04271E+20,5.78853E+21,1.0527E+16,5.22373E+16
10583,3.1702E+18,3,1,58,37,2017,2,16,5,3,9,1,0,1,0,0,0,0,1,6.03154E+20,5.78208E+21,1.05087E+16,5.21795E+16
10584,3.1702E+18,3,1,1,0,2017,2,7,5,3,6,4,0,1,1,0,0,1,1,6.04286E+20,5.79278E+21,1.05285E+16,5.22755E+16
10585,3.1702E+18,3,4,59,3,2017,2,5,4,3,1,5,0,1,0,0,1,2,0,4.6114E+20,5.79789E+21,8.42975E+15,5.233E+16
10586,3.1702E+18,3,4,4,0,2017,2,16,4,3,3,2,1,1,0,0,0,0,0,4.38526E+20,5.79128E+21,8.09913E+15,5.22685E+16
10587,3.1702E+18,3,4,57,17,2017,2,7,4,3,5,3,0,1,0,0,0,2,0,4.05826E+20,5.88585E+21,7.59298E+15,5.31138E+16
10588,3.1702E+18,3,4,54,33,2017,2,7,4,2,2,6,0,0,0,0,1,0,0,4.09245E+20,5.86456E+21,7.65004E+15,5.2923E+16
10589,3.17021E+18,3,3,56,8,2017,2,15,4,3,5,3,0,1,0,0,0,0,0,4.80444E+20,5.89311E+21,8.70733E+15,5.3187E+16
10590,3.1702E+18,3,4,56,19,2017,2,14,4,3,5,3,0,1,0,0,1,0,0,3.59267E+20,5.82963E+21,6.92206E+15,5.25984E+16
10591,3.1702E+18,3,4,54,32,2017,2,16,4,3,2,2,0,1,0,0,0,0,0,3.8798E+20,5.81562E+21,7.35053E+15,5.24792E+16
10592,3.1702E+18,3,4,53,1,2017,2,16,4,2,8,1,0,1,0,0,0,0,0,4.19464E+20,5.89034E+21,7.79556E+15,5.31563E+16
10593,3.1702E+18,3,4,55,27,2017,2,15,4,2,5,3,0,1,0,0,0,0,0,4.2978E+20,5.91939E+21,7.94339E+15,5.34189E+16
10594,3.1702E+18,3,3,56,7,2017,2,16,4,2,9,1,0,1,0,0,1,0,0,4.95165E+20,5.90142E+21,8.92752E+15,5.3262E+16
10595,3.1702E+18,3,3,56,7,2017,2,12,4,3,5,2,0,1,0,0,1,0,0,4.86812E+20,5.89684E+21,8.80249E+15,5.32207E+16
10596,3.1702E+18,3,3,61,12,2017,2,16,4,2,0,4,0,0,1,0,1,0,0,5.15669E+20,5.86282E+21,9.23302E+15,5.29148E+16
10597,3.1702E+18,3,4,51,2,2017,2,7,4,3,2,6,0,1,0,0,0,1,0,4.32238E+20,5.89415E+21,7.98577E+15,5.31924E+16
10598,3.1702E+18,3,2,51,7,2017,2,15,4,3,5,3,0,1,0,0,0,0,0,4.83222E+20,5.8555E+21,8.75086E+15,5.28489E+16
10599,3.1702E+18,3,2,51,7,2017,2,19,4,2,8,1,0,1,0,0,0,2,0,4.76797E+20,5.86037E+21,8.65512E+15,5.28925E+16
10600,3.1702E+18,3,2,51,41,2017,2,7,4,3,5,3,1,1,0,0,0,2,1,4.88491E+20,5.86308E+21,8.82884E+15,5.29173E+16
10601,3.1702E+18,3,4,58,5,2017,2,7,4,3,5,3,1,1,0,0,0,0,0,4.65843E+20,5.87578E+21,8.49067E+15,5.30304E+16
10602,3.1702E+18,3,3,58,22,2017,2,15,4,3,1,5,0,1,0,0,0,0,0,5.39889E+20,5.85707E+21,9.59249E+15,5.28619E+16
10603,3.1702E+18,3,3,57,13,2017,2,9,4,3,9,6,0,1,0,0,0,0,0,5.23168E+20,5.89826E+21,9.34709E+15,5.32331E+16
10604,3.1702E+18,3,3,57,39,2017,2,7,4,3,2,6,0,1,0,0,0,1,1,5.26391E+20,5.88566E+21,9.39433E+15,5.31197E+16
10605,3.1702E+18,3,3,55,30,2017,2,10,4,3,9,1,0,1,0,0,1,0,1,6.05342E+20,5.89775E+21,1.05777E+16,5.32186E+16
10606,3.1702E+18,3,2,41,1,2017,2,7,4,3,2,6,0,1,0,0,0,2,0,5.47667E+20,5.80267E+21,9.70017E+15,5.23723E+16
10607,3.1702E+18,3,2,41,17,2017,2,7,4,3,5,2,1,1,0,0,0,0,1,5.45309E+20,5.78791E+21,9.66355E+15,5.22397E+16
10608,3.1702E+18,3,2,41,14,2017,2,7,4,3,5,3,0,1,0,0,0,1,1,5.46183E+20,5.79471E+21,9.67727E+15,5.23008E+16
10609,3.17021E+18,3,4,54,31,2017,2,9,4,3,8,1,0,1,0,0,0,0,2,4.02644E+20,5.81893E+21,7.5654E+15,5.25118E+16
10610,3.1702E+18,3,2,41,14,2017,2,16,4,3,5,2,0,1,0,0,0,0,0,5.45107E+20,5.79923E+21,9.66211E+15,5.23415E+16
10611,3.1702E+18,3,2,41,11,2017,2,10,4,3,5,3,1,1,0,0,0,0,0,5.7606E+20,5.8014E+21,1.01169E+16,5.23576E+16
10612,3.1702E+18,3,2,41,11,2017,2,15,4,3,2,6,0,1,0,0,0,0,0,5.71474E+20,5.80316E+21,1.00499E+16,5.23741E+16
10613,3.1702E+18,3,2,41,1,2017,2,10,4,2,5,3,1,1,0,0,0,0,0,5.492E+20,5.8016E+21,9.72252E+15,5.23625E+16
10614,3.1702E+18,3,2,41,11,2017,2,8,4,3,2,6,0,0,0,0,1,0,0,5.62719E+20,5.80536E+21,9.92175E+15,5.23949E+16
10615,3.1702E+18,3,2,41,1,2017,2,7,4,3,3,6,0,1,0,0,1,0,1,5.56627E+20,5.80829E+21,9.83272E+15,5.24219E+16
10616,3.1702E+18,3,1,55,11,2017,2,19,4,2,5,2,0,1,0,0,0,2,1,5.6785E+20,5.73057E+21,9.98227E+15,5.17219E+16
10617,3.1702E+18,3,2,57,7,2017,2,13,4,3,2,6,0,1,0,0,1,0,0,5.21613E+20,5.79882E+21,9.31723E+15,5.23392E+16
10618,3.1702E+18,3,1,53,12,2017,2,13,4,2,9,1,0,1,0,0,0,0,0,5.77788E+20,5.74865E+21,1.01302E+16,5.18832E+16
10619,3.1702E+18,3,2,54,21,2017,2,8,4,3,5,2,0,1,0,0,0,0,0,5.61568E+20,5.77445E+21,9.89919E+15,5.21172E+16
10620,3.1702E+18,3,2,55,20,2017,2,16,4,2,5,3,0,1,0,0,0,0,0,5.34341E+20,5.76172E+21,9.50028E+15,5.2005E+16
10621,3.1702E+18,3,2,52,6,2017,2,18,4,3,4,2,0,1,0,0,0,2,0,5.27526E+20,5.77343E+21,9.40195E+15,5.21107E+16
10622,3.1702E+18,3,1,57,6,2017,2,16,4,3,4,2,0,1,0,0,0,0,1,5.81944E+20,5.79548E+21,1.02018E+16,5.23036E+16
10623,3.1702E+18,3,1,57,6,2017,2,6,4,3,5,3,1,1,0,0,0,2,1,5.87833E+20,5.79339E+21,1.02876E+16,5.22839E+16
10624,3.1702E+18,3,1,51,24,2017,2,10,4,3,4,1,0,1,0,0,0,0,1,6.23811E+20,5.81642E+21,1.08233E+16,5.24838E+16
10625,3.1702E+18,3,1,51,9,2017,2,21,4,2,5,3,0,1,0,0,0,2,0,6.06603E+20,5.81742E+21,1.05703E+16,5.24965E+16
10626,3.1702E+18,3,1,51,9,2017,2,11,4,2,2,6,0,1,0,0,0,0,0,6.0426E+20,5.81221E+21,1.05342E+16,5.24501E+16
10627,3.1702E+18,3,1,53,17,2017,2,19,4,3,3,6,0,1,0,0,1,2,0,6.08413E+20,5.75779E+21,1.05778E+16,5.19602E+16
10628,3.1702E+18,3,1,53,17,2017,2,9,4,3,2,6,0,1,0,0,1,0,1,6.06929E+20,5.76043E+21,1.05571E+16,5.19843E+16
10629,3.17013E+18,3,4,4,0,2017,1,8,3,3,2,6,0,1,0,0,0,0,1,4.30268E+20,5.79797E+21,7.97675E+15,5.23276E+16
10630,3.17013E+18,3,4,54,5,2017,1,15,3,2,8,1,0,0,0,0,1,0,1,3.99461E+20,5.86486E+21,7.50447E+15,5.2924E+16
10631,3.17013E+18,3,4,54,41,2017,1,16,3,3,2,2,0,1,0,0,0,0,0,3.92205E+20,5.87795E+21,7.39222E+15,5.30402E+16
10632,3.17013E+18,3,4,56,2,2017,1,18,3,3,0,3,1,1,0,0,0,0,0,3.54652E+20,5.83077E+21,6.85347E+15,5.26075E+16
10633,3.17013E+18,3,4,54,32,2017,1,19,3,3,2,6,0,1,0,0,0,2,0,3.85736E+20,5.81977E+21,7.31608E+15,5.2516E+16
10634,3.17013E+18,3,4,53,1,2017,1,10,3,3,4,2,0,1,0,0,0,0,0,4.13868E+20,5.89002E+21,7.71198E+15,5.31526E+16
10635,3.17013E+18,3,4,53,9,2017,1,14,3,3,2,2,0,1,0,0,1,0,1,4.23253E+20,5.8522E+21,7.86127E+15,5.28141E+16
10636,3.17021E+18,3,2,51,5,2017,2,16,4,3,5,3,1,1,0,0,0,0,1,4.6604E+20,5.83991E+21,8.49735E+15,5.2708E+16
10637,3.17013E+18,3,3,61,12,2017,1,15,3,2,2,6,0,1,0,0,0,0,1,5.16558E+20,5.86392E+21,9.2463E+15,5.29247E+16
10638,3.17013E+18,3,4,51,4,2017,1,7,3,3,2,6,0,1,0,0,0,2,1,4.37587E+20,5.8827E+21,8.06805E+15,5.30901E+16
10639,3.17013E+18,3,2,51,41,2017,1,14,3,3,2,6,0,0,0,1,1,0,1,4.88884E+20,5.86203E+21,8.83471E+15,5.29079E+16
10640,3.17013E+18,3,3,52,20,2017,1,14,3,3,2,6,0,1,0,0,0,0,0,5.16013E+20,5.94352E+21,9.2422E+15,5.36402E+16
10641,3.17013E+18,3,3,53,34,2017,1,15,3,3,2,6,0,1,0,0,1,0,0,5.71482E+20,5.90673E+21,1.00727E+16,5.33049E+16
10642,3.17013E+18,3,3,53,26,2017,1,13,3,2,5,3,0,1,0,1,0,0,1,5.52354E+20,5.91986E+21,9.78789E+15,5.34252E+16
10643,3.17013E+18,3,3,53,29,2017,1,18,3,3,0,7,0,1,0,0,0,2,1,5.62711E+20,5.91423E+21,9.94262E+15,5.33735E+16
10644,3.17013E+18,3,3,53,31,2017,1,15,3,3,2,6,0,1,0,0,0,0,0,5.67581E+20,5.91583E+21,1.00162E+16,5.33873E+16
10645,3.17013E+18,3,3,59,3,2017,1,13,3,1,8,1,0,1,0,0,0,0,1,5.38671E+20,5.91989E+21,9.58198E+15,5.34266E+16
10646,3.17013E+18,3,3,59,38,2017,1,17,3,3,2,6,0,1,0,0,0,2,1,5.31702E+20,5.94388E+21,9.47954E+15,5.36427E+16
10647,3.17013E+18,3,3,58,20,2017,1,17,3,2,6,4,0,1,1,0,0,2,1,5.42114E+20,5.83684E+21,9.62294E+15,5.26799E+16
10648,3.17021E+18,3,3,59,38,2017,2,15,4,3,8,1,0,1,0,0,0,0,2,5.32909E+20,5.93345E+21,9.49669E+15,5.35489E+16
10649,3.17013E+18,3,3,57,39,2017,1,14,3,3,5,3,1,1,0,0,0,0,0,5.26649E+20,5.88371E+21,9.39803E+15,5.31022E+16
10650,3.17013E+18,3,3,60,6,2017,1,14,3,3,8,1,0,1,0,0,0,0,1,5.92537E+20,5.87562E+21,1.03796E+16,5.30221E+16
10651,3.17013E+18,3,3,60,3,2017,1,7,3,3,0,1,0,0,0,1,0,2,1,6.02757E+20,5.88011E+21,1.05334E+16,5.30606E+16
10652,3.17013E+18,3,3,60,25,2017,1,8,3,2,9,6,0,1,0,0,0,0,1,6.08032E+20,5.87104E+21,1.0609E+16,5.29781E+16
10653,3.17013E+18,3,3,51,4,2017,1,12,3,3,5,3,1,1,0,0,0,0,0,5.64557E+20,5.85189E+21,9.95784E+15,5.28129E+16
10654,3.17013E+18,3,3,51,16,2017,1,5,3,2,4,1,0,1,0,1,0,2,1,5.84362E+20,5.831E+21,1.02462E+16,5.26224E+16
10655,3.17013E+18,3,2,41,1,2017,1,21,3,3,5,2,0,1,0,0,0,2,0,5.43623E+20,5.80731E+21,9.64138E+15,5.24143E+16
10656,3.17013E+18,3,2,41,14,2017,1,16,3,3,2,3,0,1,0,0,0,0,1,5.42684E+20,5.79793E+21,9.62638E+15,5.233E+16
10657,3.17013E+18,3,2,41,18,2017,1,3,3,3,9,1,0,1,0,0,0,2,2,5.81432E+20,5.81243E+21,1.01984E+16,5.2456E+16
10658,3.17013E+18,3,2,41,3,2017,1,12,3,2,8,1,0,1,0,0,0,0,0,5.65224E+20,5.81048E+21,9.95954E+15,5.24406E+16
10659,3.17013E+18,3,2,54,14,2017,1,20,3,2,4,2,0,1,0,0,0,2,1,5.46676E+20,5.77338E+21,9.68157E+15,5.2109E+16
10660,3.17013E+18,3,2,52,6,2017,1,17,3,3,5,3,0,1,0,0,0,2,1,5.25824E+20,5.7716E+21,9.37697E+15,5.20944E+16
10661,3.17013E+18,3,1,59,16,2017,1,9,3,3,2,2,0,1,0,0,0,0,1,5.65213E+20,5.71196E+21,9.94063E+15,5.15549E+16
10662,3.17013E+18,3,1,3,0,2017,1,17,3,3,2,6,0,1,0,0,0,1,1,6.18693E+20,5.80353E+21,1.07434E+16,5.23692E+16
10663,3.17013E+18,3,1,3,0,2017,1,17,3,3,5,3,0,1,0,0,0,2,1,6.13668E+20,5.80879E+21,1.06714E+16,5.24175E+16
10664,3.17013E+18,3,1,58,30,2017,1,20,3,3,4,1,0,1,0,0,0,2,1,6.10706E+20,5.78339E+21,1.06195E+16,5.21899E+16
10665,3.17013E+18,3,1,58,37,2017,1,7,3,3,2,2,0,1,0,0,1,1,2,6.06368E+20,5.78056E+21,1.05552E+16,5.21653E+16
10666,3.17013E+18,3,1,57,7,2017,1,21,3,2,9,1,0,1,0,0,0,2,1,5.9166E+20,5.7915E+21,1.03432E+16,5.22663E+16
10667,3.17013E+18,3,1,57,6,2017,1,18,3,2,8,1,0,1,0,0,0,2,1,5.88158E+20,5.79356E+21,1.02924E+16,5.22853E+16
10668,3.17013E+18,3,1,2,0,2017,1,18,3,3,5,3,0,1,0,0,0,2,1,5.93902E+20,5.7781E+21,1.03723E+16,5.21454E+16
10669,3.17013E+18,3,1,2,0,2017,1,5,3,3,2,6,0,1,0,0,0,2,1,5.95126E+20,5.77836E+21,1.03903E+16,5.21475E+16
10670,3.17013E+18,3,4,59,33,2017,1,7,2,2,2,6,0,1,0,0,1,2,1,4.32798E+20,5.79913E+21,8.01364E+15,5.23384E+16
10671,3.17013E+18,3,4,59,31,2017,1,23,2,3,8,1,0,0,0,0,1,2,0,4.35247E+20,5.81269E+21,8.04696E+15,5.24606E+16
10672,3.17013E+18,3,4,57,8,2017,1,15,2,3,8,1,0,0,0,0,1,0,1,4.09172E+20,5.89813E+21,7.63948E+15,5.32247E+16
10673,3.17013E+18,3,4,57,18,2017,1,13,2,3,0,3,0,1,0,0,0,0,1,4.04362E+20,5.88829E+21,7.5704E+15,5.31355E+16
10674,3.17013E+18,3,4,54,41,2017,1,3,2,3,7,7,0,0,0,0,1,2,1,3.97401E+20,5.87749E+21,7.46983E+15,5.30371E+16
10675,3.17013E+18,3,4,52,23,2017,1,22,2,3,2,6,0,1,0,0,0,2,1,3.94309E+20,5.9264E+21,7.4075E+15,5.3476E+16
10676,3.17013E+18,3,4,52,1,2017,1,16,2,3,2,5,0,1,0,0,0,2,1,3.99641E+20,5.92493E+21,7.48827E+15,5.34638E+16
10677,3.17013E+18,3,4,53,9,2017,1,13,2,3,2,6,0,1,0,0,0,0,1,4.29761E+20,5.85264E+21,7.95772E+15,5.2819E+16
10678,3.17013E+18,3,3,56,5,2017,1,11,2,3,5,3,1,1,0,0,0,0,1,4.94095E+20,5.88864E+21,8.91171E+15,5.31471E+16
10679,3.17013E+18,3,3,56,7,2017,1,15,2,3,5,3,0,1,0,0,0,0,1,4.85601E+20,5.89867E+21,8.78426E+15,5.32371E+16
10680,3.17013E+18,3,4,3,0,2017,1,15,2,3,5,2,1,1,0,0,0,0,1,4.46023E+20,5.88738E+21,8.19321E+15,5.31331E+16
10681,3.17013E+18,3,4,1,0,2017,1,15,2,3,2,6,0,1,0,0,0,0,1,4.76382E+20,5.88255E+21,8.64732E+15,5.30919E+16
10682,3.17013E+18,3,3,53,31,2017,1,7,2,3,2,6,0,1,0,0,0,1,1,5.68417E+20,5.92201E+21,1.00301E+16,5.34427E+16
10683,3.17013E+18,3,3,53,9,2017,1,22,2,3,9,1,0,0,0,0,1,2,1,5.71102E+20,5.89073E+21,1.00635E+16,5.31612E+16
10684,3.17013E+18,3,3,53,5,2017,1,20,2,3,9,1,0,1,0,0,0,2,2,5.57662E+20,5.91411E+21,9.86671E+15,5.33729E+16
10685,3.17021E+18,3,4,54,58,2017,2,5,4,2,4,1,0,1,0,0,0,2,2,3.99517E+20,5.85923E+21,7.50704E+15,5.28734E+16
10686,3.17013E+18,3,3,53,11,2017,1,17,2,3,2,6,0,1,0,0,0,1,2,5.71937E+20,5.89881E+21,1.00778E+16,5.32337E+16
10687,3.17013E+18,3,3,53,11,2017,1,17,2,3,3,6,0,1,0,0,0,1,2,5.71932E+20,5.89879E+21,1.00777E+16,5.32335E+16
10688,3.17013E+18,3,3,53,2,2017,1,22,2,3,8,1,0,1,0,0,0,2,2,5.65279E+20,5.90251E+21,9.97879E+15,5.32678E+16
10689,3.17013E+18,3,3,53,5,2017,1,11,2,3,4,2,0,1,0,0,0,0,1,5.575E+20,5.91184E+21,9.86386E+15,5.33526E+16
10690,3.17013E+18,3,3,58,7,2017,1,15,2,2,2,6,0,0,0,0,1,0,1,5.45793E+20,5.8421E+21,9.67809E+15,5.27268E+16
10691,3.17013E+18,3,3,58,7,2017,1,15,2,3,2,6,0,0,0,0,1,0,1,5.45825E+20,5.84198E+21,9.67854E+15,5.27258E+16
10692,3.17013E+18,3,3,57,1,2017,1,18,2,2,5,2,0,1,0,1,0,2,1,5.20977E+20,5.87931E+21,9.31303E+15,5.30628E+16
10693,3.17013E+18,3,3,57,45,2017,1,13,2,3,2,6,0,1,0,0,1,0,1,5.1333E+20,5.88442E+21,9.19913E+15,5.31091E+16
10694,3.17013E+18,3,3,54,5,2017,1,9,2,2,4,2,0,1,0,0,0,0,1,6.64819E+20,5.87806E+21,1.14577E+16,5.30267E+16
10695,3.17013E+18,3,3,55,24,2017,1,18,2,3,5,2,1,1,0,0,0,2,1,5.9392E+20,5.89334E+21,1.04054E+16,5.31811E+16
10696,3.17013E+18,3,2,41,2,2017,1,18,2,3,2,2,0,1,0,0,0,2,1,5.32911E+20,5.79481E+21,9.48267E+15,5.23027E+16
10697,3.17013E+18,3,2,41,17,2017,1,6,2,3,8,1,0,1,0,0,0,2,1,5.50001E+20,5.78466E+21,9.73178E+15,5.22101E+16
10698,3.17021E+18,3,4,59,2,2017,2,11,4,3,9,1,0,1,0,0,0,0,1,4.23085E+20,5.82289E+21,7.86563E+15,5.25507E+16
10699,3.17021E+18,3,4,59,2,2017,2,6,4,3,4,1,0,1,0,0,0,2,2,4.25365E+20,5.82146E+21,7.89957E+15,5.25381E+16
10700,3.17013E+18,3,2,41,1,2017,1,0,2,1,8,1,0,1,0,0,0,2,1,5.43801E+20,5.80732E+21,9.64399E+15,5.24143E+16
10701,3.17021E+18,3,4,4,0,2017,2,7,4,3,6,4,0,1,1,0,0,1,1,4.35177E+20,5.79227E+21,8.04987E+15,5.2277E+16
10702,3.17013E+18,3,2,54,43,2017,1,15,2,1,8,7,0,1,0,0,0,0,1,5.51777E+20,5.77062E+21,9.75563E+15,5.20837E+16
10703,3.17021E+18,3,3,60,10,2017,2,8,4,3,5,3,0,1,0,0,0,0,0,5.9106E+20,5.87584E+21,1.03577E+16,5.30243E+16
10704,3.17013E+18,3,2,54,29,2017,1,8,2,3,4,2,0,1,0,0,0,0,1,5.72456E+20,5.77629E+21,1.00586E+16,5.21323E+16
10705,3.17013E+18,3,2,54,8,2017,1,20,2,3,9,1,0,1,0,0,0,2,1,5.78397E+20,5.76104E+21,1.01418E+16,5.19945E+16
10706,3.17013E+18,3,2,52,1,2017,1,17,2,2,6,4,0,1,1,0,0,2,1,5.20915E+20,5.76855E+21,9.30512E+15,5.20671E+16
10707,3.17013E+18,3,2,52,3,2017,1,11,2,2,9,7,0,1,0,0,0,0,1,5.21551E+20,5.75619E+21,9.31362E+15,5.1956E+16
10708,3.17022E+18,3,2,57,3,2017,2,18,7,3,9,6,0,1,0,0,0,2,1,5.11712E+20,5.78506E+21,9.17143E+15,5.22159E+16
10709,3.17022E+18,3,2,41,11,2017,2,15,7,3,2,6,0,1,0,0,1,0,0,5.72843E+20,5.80255E+21,1.00699E+16,5.23684E+16
10710,3.17022E+18,3,2,41,11,2017,2,11,7,3,3,6,0,1,0,0,0,0,0,5.75984E+20,5.80208E+21,1.01159E+16,5.23637E+16
10711,3.17022E+18,3,2,57,6,2017,2,20,7,3,6,3,0,1,1,0,0,2,0,5.25063E+20,5.79746E+21,9.36777E+15,5.23269E+16
10712,3.17022E+18,3,2,54,21,2017,2,17,7,3,4,2,0,1,0,0,0,2,1,5.66928E+20,5.77373E+21,9.97731E+15,5.21101E+16
10713,3.17022E+18,3,2,52,5,2017,2,13,7,2,6,7,0,0,1,0,1,0,0,5.29938E+20,5.76138E+21,9.43611E+15,5.20023E+16
10714,3.17022E+18,3,1,59,11,2017,2,5,7,3,8,1,0,1,0,0,0,2,1,5.78041E+20,5.71413E+21,1.01261E+16,5.15728E+16
10715,3.17022E+18,3,4,59,10,2017,2,15,6,2,4,6,0,1,0,0,0,0,1,4.27125E+20,5.82321E+21,7.92513E+15,5.2554E+16
10716,3.17022E+18,3,4,59,10,2017,2,7,6,3,8,1,0,0,0,1,0,2,1,4.28226E+20,5.82346E+21,7.94132E+15,5.25565E+16
10717,3.17022E+18,3,4,54,41,2017,2,9,6,2,5,3,1,1,0,0,0,0,1,3.93234E+20,5.88053E+21,7.4067E+15,5.30636E+16
10718,3.17022E+18,3,4,56,15,2017,2,7,6,3,2,6,0,1,0,0,0,0,1,3.69854E+20,5.81087E+21,7.08563E+15,5.24326E+16
10719,3.17022E+18,3,4,54,14,2017,2,6,6,3,2,2,0,1,0,0,0,2,1,3.78297E+20,5.82535E+21,7.20446E+15,5.25646E+16
10720,3.17022E+18,3,4,62,5,2017,2,14,6,2,8,6,0,1,0,0,0,0,0,4.25035E+20,5.92334E+21,7.87107E+15,5.34538E+16
10721,3.17022E+18,3,4,52,1,2017,2,19,6,3,2,6,0,1,0,0,0,2,0,3.97723E+20,5.92477E+21,7.45945E+15,5.3462E+16
10722,3.17022E+18,3,4,55,26,2017,2,8,6,2,6,2,0,1,1,0,0,0,1,4.42677E+20,5.91685E+21,8.13789E+15,5.33976E+16
10723,3.17022E+18,3,4,5,0,2017,2,18,6,3,2,6,0,1,0,0,0,2,1,4.39345E+20,5.93381E+21,8.08451E+15,5.35496E+16