OBJECTID,UIDENTSTLA,ULAND,UREGBEZ,UKREIS,UGEMEINDE,UJAHR,UMONAT,USTUNDE,UWOCHENTAG,UKATEGORIE,UART,UTYP1,IstRad,IstPKW,IstFuss,IstKrad,IstSonstig,LICHT,STRZUSTAND,LINREFX,LINREFY,XGCSWGS84,YGCSWGS84
10724,3.17022E+18,3,4,5,0,2017,2,6,6,2,5,2,0,1,0,0,0,2,1,4.43347E+20,5.93216E+21,8.1452E+15,5.35353E+16
10725,3.17022E+18,3,3,56,7,2017,2,18,6,3,5,2,1,1,0,0,0,2,1,4.8526E+20,5.89797E+21,8.77918E+15,5.32308E+16
10726,3.17022E+18,3,3,56,7,2017,2,11,6,3,0,1,0,0,0,1,0,0,1,4.87557E+20,5.89972E+21,8.81352E+15,5.32466E+16
10727,3.17022E+18,3,4,3,0,2017,2,19,6,3,3,6,0,1,0,0,0,2,1,4.45952E+20,5.88963E+21,8.19177E+15,5.31533E+16
10728,3.17022E+18,3,2,51,42,2017,2,2,6,2,7,7,0,1,0,0,0,2,1,4.73064E+20,5.84637E+21,8.60078E+15,5.27665E+16
10729,3.17022E+18,3,2,51,41,2017,2,19,6,3,6,2,0,1,1,0,0,2,1,4.88445E+20,5.86288E+21,8.82816E+15,5.29155E+16
10730,3.17022E+18,3,2,51,4,2017,2,14,6,3,2,6,0,1,0,0,0,0,1,4.86523E+20,5.83049E+21,8.8009E+15,5.26242E+16
10731,3.17022E+18,3,2,51,12,2017,2,17,6,3,1,5,0,1,0,0,0,1,1,4.54428E+20,5.83594E+21,8.32604E+15,5.26715E+16
10732,3.17022E+18,3,4,58,5,2017,2,7,6,3,1,5,0,1,0,0,0,1,1,4.70695E+20,5.88096E+21,8.56255E+15,5.30773E+16
10733,3.17022E+18,3,3,53,40,2017,2,11,6,3,2,6,0,1,0,0,0,0,1,5.7968E+20,5.91367E+21,1.01975E+16,5.33661E+16
10734,3.17022E+18,3,3,58,3,2017,2,14,6,3,2,6,0,1,0,0,0,0,1,5.45256E+20,5.84853E+21,9.67103E+15,5.27847E+16
10735,3.17022E+18,3,3,58,8,2017,2,14,6,3,2,6,0,1,0,0,1,0,1,5.46971E+20,5.85611E+21,9.69754E+15,5.28527E+16
10736,3.17022E+18,3,3,57,39,2017,2,11,6,3,2,6,0,1,0,0,0,0,1,5.23854E+20,5.88598E+21,9.35645E+15,5.31227E+16
10737,3.17022E+18,3,3,55,20,2017,2,7,6,2,8,7,0,1,0,0,0,1,1,5.87344E+20,5.89925E+21,1.03087E+16,5.32354E+16
10738,3.17022E+18,3,2,41,1,2017,2,18,6,3,0,1,0,0,0,1,0,2,1,5.52826E+20,5.79805E+21,9.77522E+15,5.23303E+16
10739,3.17022E+18,3,2,41,1,2017,2,13,6,3,3,2,0,1,0,0,0,0,0,5.53984E+20,5.80512E+21,9.79334E+15,5.23937E+16
10740,3.17022E+18,3,2,41,21,2017,2,12,6,3,2,6,0,1,0,0,0,0,1,5.28968E+20,5.80889E+21,9.42605E+15,5.24295E+16
10741,3.17022E+18,3,2,41,17,2017,2,9,6,2,5,3,0,1,0,0,0,0,1,5.48516E+20,5.78007E+21,9.70939E+15,5.2169E+16
10742,3.17022E+18,3,2,41,9,2017,2,18,6,3,6,2,0,1,1,0,0,2,1,5.56195E+20,5.79385E+21,9.82395E+15,5.22921E+16
10743,3.17022E+18,3,2,41,19,2017,2,12,6,3,8,1,0,1,0,0,0,0,1,5.53558E+20,5.82353E+21,9.79004E+15,5.25592E+16
10744,3.17022E+18,3,2,41,1,2017,2,17,6,2,5,3,1,0,0,0,1,1,1,5.45428E+20,5.80319E+21,9.66735E+15,5.23771E+16
10745,3.17022E+18,3,2,41,2,2017,2,16,6,3,2,6,0,1,0,0,1,0,1,5.33125E+20,5.80519E+21,9.48683E+15,5.23959E+16
10746,3.17022E+18,3,2,41,1,2017,2,12,6,3,2,2,0,1,0,0,1,0,1,5.48908E+20,5.80816E+21,9.7192E+15,5.24215E+16
10747,3.17022E+18,3,2,41,1,2017,2,13,6,3,2,6,0,1,0,0,0,0,1,5.43812E+20,5.80831E+21,9.64429E+15,5.24232E+16
10748,3.17022E+18,3,2,54,20,2017,2,18,6,3,5,3,0,1,0,0,0,2,1,5.65942E+20,5.78489E+21,9.96509E+15,5.22105E+16
10749,3.17022E+18,3,2,54,5,2017,2,13,6,3,2,6,0,1,0,0,0,0,1,5.69615E+20,5.76939E+21,1.00157E+16,5.20707E+16
10750,3.17022E+18,3,2,54,21,2017,2,13,6,3,3,6,0,1,0,0,0,0,1,5.61432E+20,5.77916E+21,9.89806E+15,5.21595E+16
10751,3.17022E+18,3,1,59,34,2017,2,14,6,3,4,1,0,1,0,0,0,0,1,5.41943E+20,5.69011E+21,9.60242E+15,5.13607E+16
10752,3.17022E+18,3,1,59,14,2017,2,15,6,3,8,1,0,1,0,0,0,0,1,5.84432E+20,5.7173E+21,1.02191E+16,5.16004E+16
10753,3.17022E+18,3,1,59,15,2017,2,16,6,3,5,2,0,1,0,0,0,0,1,5.70451E+20,5.705E+21,1.00148E+16,5.14917E+16
10754,3.17022E+18,3,1,58,37,2017,2,16,6,3,5,2,0,1,0,0,0,1,1,6.02013E+20,5.77723E+21,1.04905E+16,5.21362E+16
10755,3.17022E+18,3,1,58,37,2017,2,17,6,3,4,2,0,1,0,0,0,1,1,5.99603E+20,5.77769E+21,1.04555E+16,5.21407E+16
10756,3.17022E+18,3,1,53,12,2017,2,18,6,3,8,1,0,1,0,0,0,2,1,5.79687E+20,5.74813E+21,1.01576E+16,5.18782E+16
10757,3.17022E+18,3,1,51,33,2017,2,12,6,2,9,1,0,1,0,0,0,0,1,5.95183E+20,5.82767E+21,1.04051E+16,5.25907E+16
10758,3.17022E+18,3,1,1,0,2017,2,10,6,3,8,6,0,1,0,0,1,0,1,6.04074E+20,5.7885E+21,1.05241E+16,5.2237E+16
10759,3.17022E+18,3,4,4,0,2017,2,16,5,3,2,6,0,1,0,0,0,0,0,4.33286E+20,5.78916E+21,8.02277E+15,5.22487E+16
10760,3.17022E+18,3,1,55,6,2017,2,20,1,3,8,1,0,1,0,0,0,2,1,5.70833E+20,5.73724E+21,1.00268E+16,5.17816E+16
10761,3.17022E+18,3,4,4,0,2017,2,10,5,3,8,1,0,0,0,0,1,0,0,4.34944E+20,5.78863E+21,8.04715E+15,5.22443E+16
10762,3.17022E+18,3,4,59,24,2017,2,17,5,2,5,3,0,1,0,0,0,0,0,4.51032E+20,5.78323E+21,8.28354E+15,5.21974E+16
10763,3.17022E+18,3,4,59,13,2017,2,10,5,3,6,4,0,1,1,0,0,0,0,4.53375E+20,5.8025E+21,8.31516E+15,5.23708E+16
10764,3.17022E+18,3,4,59,13,2017,2,12,5,3,2,6,0,1,0,0,0,0,0,4.49241E+20,5.79983E+21,8.25485E+15,5.23464E+16
10765,3.17022E+18,3,4,59,29,2017,2,11,5,3,5,3,1,1,0,0,0,0,0,4.44864E+20,5.80358E+21,8.18998E+15,5.23797E+16
10766,3.17022E+18,3,4,59,14,2017,2,16,5,3,5,3,1,0,0,0,0,0,0,4.36137E+20,5.80472E+21,8.06158E+15,5.2389E+16
10767,3.17022E+18,3,4,59,2,2017,2,13,5,2,6,4,0,1,1,0,0,0,0,4.23912E+20,5.82193E+21,7.87805E+15,5.25421E+16
10768,3.17022E+18,3,4,4,0,2017,2,20,5,3,5,3,1,1,0,0,0,2,0,4.33745E+20,5.79162E+21,8.02901E+15,5.22709E+16
10769,3.17022E+18,3,4,4,0,2017,2,13,5,3,5,3,0,1,0,0,0,0,0,4.38415E+20,5.7891E+21,8.0979E+15,5.22488E+16
10770,3.17022E+18,3,4,4,0,2017,2,5,5,3,4,2,0,1,0,0,0,2,0,4.39107E+20,5.7945E+21,8.10706E+15,5.22975E+16
10771,3.17022E+18,3,4,57,10,2017,2,7,5,3,6,4,0,1,1,0,0,2,1,4.06344E+20,5.90748E+21,7.59438E+15,5.33082E+16
10772,3.17022E+18,3,4,54,20,2017,2,23,5,2,2,7,0,1,0,0,0,2,1,3.8378E+20,5.87196E+21,7.26876E+15,5.29846E+16
10773,3.17022E+18,3,4,54,41,2017,2,5,5,2,5,2,0,1,0,0,0,2,1,3.8981E+20,5.88448E+21,7.35428E+15,5.30984E+16
10774,3.17022E+18,3,4,54,51,2017,2,15,5,3,5,3,0,1,0,0,0,0,1,3.99971E+20,5.87166E+21,7.50995E+15,5.29852E+16
10775,3.17022E+18,3,4,56,10,2017,2,19,5,2,5,2,0,1,0,0,0,2,1,3.74E+20,5.80019E+21,7.15059E+15,5.23375E+16
10776,3.17022E+18,3,4,56,12,2017,2,16,5,3,4,1,0,1,0,0,0,0,0,3.48306E+20,5.8345E+21,6.75813E+15,5.26393E+16
10777,3.17022E+18,3,4,56,20,2017,2,7,5,3,4,2,0,1,0,0,0,0,1,3.81397E+20,5.79842E+21,7.25973E+15,5.23233E+16
10778,3.17022E+18,3,4,56,18,2017,2,7,5,3,2,2,0,1,0,0,0,1,0,3.73999E+20,5.80019E+21,7.15058E+15,5.23375E+16
10779,3.17022E+18,3,4,54,49,2017,2,7,5,3,5,3,1,1,0,0,0,1,0,3.95147E+20,5.80105E+21,7.46059E+15,5.23497E+16
10780,3.17022E+18,3,4,52,14,2017,2,21,5,3,8,1,0,1,0,0,0,2,0,3.76402E+20,5.92727E+21,7.13747E+15,5.34799E+16
10781,3.17022E+18,3,4,52,23,2017,2,17,5,3,5,3,1,1,0,0,0,1,1,3.92889E+20,5.92585E+21,7.38629E+15,5.34707E+16
10782,3.17022E+18,3,2,57,3,2017,2,1,1,2,8,1,0,1,0,0,0,2,1,5.16526E+20,5.78733E+21,9.242E+15,5.22361E+16
10783,3.17022E+18,3,4,52,1,2017,2,14,5,3,5,3,1,1,0,0,0,0,0,4.01833E+20,5.92532E+21,7.52115E+15,5.34677E+16
10784,3.17022E+18,3,2,54,42,2017,2,20,1,3,8,1,0,1,0,0,0,2,1,5.62776E+20,5.7535E+21,9.91298E+15,5.19287E+16
10785,3.17022E+18,3,1,59,17,2017,2,18,1,3,8,1,0,1,0,0,0,2,1,5.47436E+20,5.69437E+21,9.68189E+15,5.13985E+16
10786,3.17022E+18,3,4,52,1,2017,2,10,5,3,3,6,0,1,0,0,0,0,0,3.99445E+20,5.92614E+21,7.48492E+15,5.34747E+16
10787,3.17022E+18,3,4,53,1,2017,2,6,5,3,5,3,0,1,0,0,0,2,1,4.15971E+20,5.89185E+21,7.74295E+15,5.31694E+16
10788,3.17022E+18,3,4,55,26,2017,2,4,5,3,7,7,0,0,0,1,0,2,0,4.37194E+20,5.91526E+21,8.05576E+15,5.33827E+16
10789,3.17022E+18,3,3,61,5,2017,2,15,5,3,5,3,0,1,0,0,0,0,0,5.2115E+20,5.86557E+21,9.31471E+15,5.29394E+16
10790,3.17022E+18,3,4,51,4,2017,2,13,5,3,2,2,0,1,0,0,0,0,0,4.37587E+20,5.8827E+21,8.06805E+15,5.30901E+16
10791,3.17022E+18,3,4,3,0,2017,2,22,5,3,8,1,0,1,0,0,0,2,1,4.47459E+20,5.88852E+21,8.21449E+15,5.31434E+16
10792,3.17022E+18,3,4,3,0,2017,2,16,5,3,5,2,1,1,0,0,0,0,1,4.47025E+20,5.88828E+21,8.20803E+15,5.31413E+16
10793,3.17022E+18,3,2,51,23,2017,2,7,5,3,5,3,1,1,0,0,0,0,1,4.5805E+20,5.81249E+21,8.38257E+15,5.2461E+16
10794,3.17022E+18,3,3,52,11,2017,2,7,5,3,2,6,0,1,0,0,1,0,1,4.869E+20,5.96198E+21,8.80107E+15,5.38062E+16
10795,3.17022E+18,3,3,53,31,2017,2,15,5,3,4,2,1,1,0,0,0,0,0,5.66017E+20,5.91828E+21,9.99314E+15,5.34095E+16
10796,3.17022E+18,3,3,53,40,2017,2,12,5,3,4,2,0,1,0,0,0,0,0,5.81213E+20,5.91129E+21,1.02199E+16,5.33445E+16
10797,3.17022E+18,3,3,58,5,2017,2,16,5,3,2,6,0,1,0,0,1,0,0,5.46855E+20,5.83627E+21,9.69299E+15,5.26744E+16
10798,3.17022E+18,3,3,57,8,2017,2,17,5,2,4,1,0,1,0,1,0,0,1,5.1053E+20,5.92603E+21,9.15869E+15,5.34831E+16
10799,3.17022E+18,3,3,60,30,2017,2,8,5,3,9,1,0,1,0,0,0,0,2,6.14587E+20,5.86132E+21,1.07032E+16,5.28893E+16
10800,3.17022E+18,3,3,55,28,2017,2,6,5,3,4,7,0,1,0,0,0,1,0,5.83896E+20,5.90809E+21,1.02593E+16,5.33153E+16
10801,3.17022E+18,3,2,41,8,2017,2,19,5,2,5,3,0,1,0,1,0,2,0,5.54697E+20,5.81218E+21,9.80497E+15,5.2457E+16
10802,3.17022E+18,3,2,41,10,2017,2,18,5,2,2,6,0,1,0,0,0,2,0,5.51521E+20,5.81167E+21,9.75816E+15,5.24528E+16
10803,3.17022E+18,3,2,41,1,2017,2,18,5,3,6,2,0,1,1,0,0,2,0,5.49957E+20,5.80438E+21,9.73406E+15,5.23874E+16
10804,3.17022E+18,3,2,41,19,2017,2,18,5,3,2,6,0,1,0,0,0,2,0,5.50151E+20,5.82885E+21,9.7406E+15,5.26073E+16
10805,3.17022E+18,3,2,41,1,2017,2,14,5,3,2,6,0,1,0,0,0,0,0,5.51878E+20,5.80882E+21,9.76297E+15,5.24271E+16
10806,3.17022E+18,3,1,55,6,2017,2,23,5,3,9,1,0,1,0,0,0,2,1,5.71956E+20,5.73854E+21,1.00434E+16,5.17931E+16
10807,3.17022E+18,3,1,55,11,2017,2,11,5,2,5,2,0,1,0,0,0,0,0,5.67039E+20,5.73252E+21,9.97092E+15,5.17395E+16
10808,3.17022E+18,3,1,55,11,2017,2,5,5,3,5,3,0,1,0,0,1,2,0,5.68315E+20,5.72959E+21,9.98882E+15,5.17131E+16
10809,3.17022E+18,3,2,57,34,2017,2,6,5,3,9,1,0,1,0,0,0,2,0,5.0724E+20,5.79493E+21,9.10618E+15,5.23047E+16
10810,3.17022E+18,3,2,54,11,2017,2,15,5,3,2,6,0,1,0,0,0,0,0,5.63651E+20,5.77364E+21,9.92946E+15,5.21096E+16
10811,3.17022E+18,3,2,54,21,2017,2,14,5,2,2,7,0,1,0,0,0,0,0,5.66077E+20,5.78177E+21,9.96646E+15,5.21824E+16
10812,3.17022E+18,3,2,52,1,2017,2,9,5,2,8,1,0,1,0,0,0,0,1,5.1419E+20,5.76195E+21,9.20674E+15,5.2008E+16
10813,3.17022E+18,3,2,52,6,2017,2,11,5,3,4,6,0,1,0,0,0,0,0,5.24122E+20,5.77179E+21,9.35213E+15,5.20962E+16
10814,3.17022E+18,3,1,59,17,2017,2,10,5,3,5,3,0,1,0,0,0,0,0,5.53027E+20,5.69416E+21,9.76221E+15,5.13962E+16
10815,3.17022E+18,3,1,59,29,2017,2,7,5,3,9,1,0,1,0,0,0,0,1,5.60162E+20,5.70619E+21,9.8668E+15,5.15036E+16
10816,3.17022E+18,3,1,59,16,2017,2,17,5,3,5,3,1,1,0,0,0,0,1,5.652E+20,5.70911E+21,9.93992E+15,5.15293E+16
10817,3.17022E+18,3,1,54,19,2017,2,9,5,3,8,7,0,1,0,0,0,0,1,6.37615E+20,5.77667E+21,1.10102E+16,5.21234E+16
10818,3.17022E+18,3,1,3,0,2017,2,21,5,3,5,2,0,1,0,0,1,2,0,6.16568E+20,5.81085E+21,1.07147E+16,5.24354E+16
10819,3.17022E+18,3,1,51,22,2017,2,13,5,3,5,2,0,1,0,0,0,0,0,6.04548E+20,5.81115E+21,1.05381E+16,5.24405E+16
10820,3.17022E+18,3,1,51,16,2017,2,5,5,2,8,1,0,1,0,0,0,2,2,6.0969E+20,5.80558E+21,1.06119E+16,5.23895E+16
10821,3.17022E+18,3,4,59,33,2017,2,7,4,3,2,6,0,1,0,0,0,0,1,4.34288E+20,5.79997E+21,8.03534E+15,5.23461E+16
10822,3.17022E+18,3,4,59,18,2017,2,9,4,3,5,3,0,1,0,0,1,0,0,4.32047E+20,5.82757E+21,7.99682E+15,5.25939E+16
10823,3.17022E+18,3,4,59,18,2017,2,8,4,3,2,6,0,1,0,0,0,0,0,4.32602E+20,5.82621E+21,8.00529E+15,5.25818E+16
10824,3.17022E+18,3,4,2,0,2017,2,14,4,2,4,1,0,1,0,0,0,0,0,3.85334E+20,5.91692E+21,7.27577E+15,5.33889E+16
10825,3.17022E+18,3,4,54,11,2017,2,21,4,3,3,2,0,1,0,0,0,2,0,4.11772E+20,5.87512E+21,7.68474E+15,5.30183E+16
10826,3.17022E+18,3,4,56,15,2017,2,14,4,3,2,6,0,1,0,0,0,0,0,3.69866E+20,5.81047E+21,7.08597E+15,5.24289E+16
10827,3.17022E+18,3,4,52,8,2017,2,13,4,3,5,3,1,1,0,0,0,0,0,3.8653E+20,5.94071E+21,7.28514E+15,5.36029E+16
10828,3.17022E+18,3,4,52,25,2017,2,7,4,3,3,6,1,1,0,0,0,2,0,4.1674E+20,5.91994E+21,7.74708E+15,5.3422E+16
10829,3.17022E+18,3,4,52,23,2017,2,20,4,3,5,3,1,1,0,0,0,2,0,3.94146E+20,5.92647E+21,7.40501E+15,5.34765E+16
10830,3.17022E+18,3,4,52,1,2017,2,7,4,3,1,1,0,1,0,0,0,1,1,3.99928E+20,5.92455E+21,7.49271E+15,5.34604E+16
10831,3.17022E+18,3,4,60,2,2017,2,16,4,3,2,6,0,1,0,0,1,0,0,4.44671E+20,5.81945E+21,8.18451E+15,5.25223E+16
10832,3.17022E+18,3,4,55,15,2017,2,16,4,3,2,2,0,1,0,0,0,0,0,4.33871E+20,5.93038E+21,8.00263E+15,5.35182E+16
10833,3.17022E+18,3,3,61,9,2017,2,14,4,3,5,3,1,1,0,0,0,0,0,5.02304E+20,5.87754E+21,9.03437E+15,5.30474E+16
10834,3.17022E+18,3,4,51,1,2017,2,15,4,3,2,6,0,1,0,0,0,0,0,4.17386E+20,5.8974E+21,7.76267E+15,5.32195E+16
10835,3.17022E+18,3,4,60,1,2017,2,13,4,3,3,6,0,0,0,0,1,0,0,4.44858E+20,5.84534E+21,8.18295E+15,5.27551E+16
10836,3.17022E+18,3,4,61,2,2017,2,11,4,3,1,5,0,1,0,0,0,0,0,4.6551E+20,5.90703E+21,8.48233E+15,5.33113E+16
10837,3.17022E+18,3,3,53,40,2017,2,11,4,3,4,2,0,1,0,0,0,0,0,5.80921E+20,5.91081E+21,1.02154E+16,5.33402E+16
10838,3.17022E+18,3,3,58,2,2017,2,13,4,3,3,2,0,1,0,0,0,0,0,5.69443E+20,5.8839E+21,1.00372E+16,5.31E+16
10839,3.17022E+18,3,3,58,19,2017,2,17,4,3,9,1,0,1,0,0,0,0,0,5.54452E+20,5.88653E+21,9.81375E+15,5.31254E+16
10840,3.17022E+18,3,3,58,21,2017,2,15,4,2,9,7,0,1,0,0,0,0,0,5.5798E+20,5.87117E+21,9.86369E+15,5.29869E+16
10841,3.17022E+18,3,3,60,25,2017,2,19,4,2,5,3,0,1,0,0,0,2,0,6.02963E+20,5.86406E+21,1.05313E+16,5.29163E+16
10842,3.17022E+18,3,3,55,31,2017,2,10,4,3,4,2,0,1,0,0,0,0,0,5.88012E+20,5.90133E+21,1.03192E+16,5.3254E+16
10843,3.17022E+18,3,3,51,5,2017,2,19,4,3,2,6,0,1,0,0,1,2,0,5.82354E+20,5.82072E+21,1.0214E+16,5.25304E+16
10844,3.17022E+18,3,3,51,6,2017,2,16,4,3,5,3,1,1,0,0,0,0,0,5.72628E+20,5.83074E+21,1.00729E+16,5.26217E+16
10845,3.17022E+18,3,2,41,1,2017,2,20,4,3,5,3,1,1,0,0,0,2,0,5.49945E+20,5.80235E+21,9.73359E+15,5.23692E+16
10846,3.17022E+18,3,2,41,1,2017,2,14,4,2,6,2,0,1,1,0,0,0,0,5.45663E+20,5.80381E+21,9.67089E+15,5.23826E+16
10847,3.17022E+18,3,2,54,21,2017,2,7,4,3,2,6,0,1,0,0,0,0,0,5.67577E+20,5.77925E+21,9.98789E+15,5.21596E+16
10848,3.17022E+18,3,2,52,3,2017,2,14,4,3,2,6,0,1,0,0,0,0,0,5.19325E+20,5.75862E+21,9.28135E+15,5.19779E+16
10849,3.17022E+18,3,1,59,16,2017,2,9,4,3,2,6,0,1,0,0,0,0,0,5.60987E+20,5.70829E+21,9.87906E+15,5.15224E+16
10850,3.17022E+18,3,1,3,0,2017,2,7,4,3,5,3,0,1,0,0,1,0,0,6.24485E+20,5.80766E+21,1.083E+16,5.2405E+16
10851,3.17022E+18,3,1,58,37,2017,2,18,4,3,4,2,0,1,0,0,0,1,0,6.03904E+20,5.78048E+21,1.05192E+16,5.2165E+16
10852,3.17022E+18,3,1,2,0,2017,2,7,4,3,2,6,0,1,0,0,0,1,1,5.93623E+20,5.77288E+21,1.03668E+16,5.20986E+16
10853,3.17022E+18,3,1,57,6,2017,2,2,4,3,8,1,0,1,0,0,0,2,2,5.80974E+20,5.80025E+21,1.01887E+16,5.23465E+16
10854,3.17022E+18,3,1,51,1,2017,2,12,4,3,9,1,0,1,0,0,0,0,0,5.98107E+20,5.80564E+21,1.04418E+16,5.23922E+16
10855,3.17022E+18,3,1,1,0,2017,2,8,4,3,2,6,0,1,0,0,0,0,0,6.02457E+20,5.79744E+21,1.05032E+16,5.23177E+16
10856,3.17021E+18,3,4,59,24,2017,2,14,3,3,2,2,0,1,0,0,1,0,0,4.63602E+20,5.78191E+21,8.46759E+15,5.21864E+16
10857,3.17021E+18,3,4,59,13,2017,2,12,3,3,5,3,1,1,0,0,0,0,0,4.52937E+20,5.80146E+21,8.30888E+15,5.23614E+16
10858,3.17021E+18,3,4,59,13,2017,2,6,3,3,5,7,0,1,0,0,0,2,0,4.5725E+20,5.80293E+21,8.37202E+15,5.2375E+16
10859,3.17021E+18,3,4,57,21,2017,2,12,3,3,4,2,0,1,0,0,0,0,0,3.90388E+20,5.89268E+21,7.36009E+15,5.31722E+16
10860,3.17021E+18,3,4,57,20,2017,2,23,3,2,8,7,0,1,0,0,0,2,0,4.19003E+20,5.90303E+21,7.78545E+15,5.32703E+16
10861,3.17021E+18,3,4,54,35,2017,2,7,3,3,2,6,0,1,0,0,0,0,0,3.88412E+20,5.84097E+21,7.34834E+15,5.27071E+16
10862,3.17021E+18,3,4,54,36,2017,2,10,3,2,2,2,0,1,0,0,0,0,0,3.93434E+20,5.81487E+21,7.43105E+15,5.24736E+16
10863,3.17021E+18,3,4,52,1,2017,2,13,3,3,4,2,0,1,0,0,0,0,0,4.07758E+20,5.93381E+21,7.60788E+15,5.3545E+16
10864,3.17021E+18,3,4,53,4,2017,2,12,3,3,2,2,0,1,0,0,0,0,0,4.31952E+20,5.8524E+21,7.99027E+15,5.28171E+16
10865,3.17021E+18,3,4,55,20,2017,2,22,3,3,7,1,0,1,0,0,0,2,0,4.30795E+20,5.94058E+21,7.95398E+15,5.36095E+16
10866,3.17021E+18,3,4,55,14,2017,2,7,3,3,5,3,1,1,0,0,0,1,0,4.35262E+20,5.92788E+21,8.02412E+15,5.34959E+16
10867,3.17021E+18,3,4,5,0,2017,2,9,3,3,2,6,0,1,0,0,0,0,0,4.41026E+20,5.93144E+21,8.11033E+15,5.35286E+16
10868,3.17021E+18,3,4,5,0,2017,2,10,3,3,2,6,0,1,0,0,0,0,0,4.39808E+20,5.92984E+21,8.09226E+15,5.3514E+16
10869,3.17021E+18,3,4,5,0,2017,2,9,3,2,2,2,1,0,0,0,1,0,0,4.3982E+20,5.92978E+21,8.09245E+15,5.35135E+16
10870,3.17021E+18,3,3,61,8,2017,2,11,3,3,1,5,0,1,0,0,0,0,0,5.03888E+20,5.88626E+21,9.0581E+15,5.31257E+16
10871,3.17022E+18,3,1,59,17,2017,2,19,1,3,2,6,0,1,0,0,0,2,1,5.46569E+20,5.69407E+21,9.66938E+15,5.13959E+16
10872,3.17022E+18,3,4,52,25,2017,2,11,7,3,2,6,0,1,0,0,0,0,0,4.13744E+20,5.91683E+21,7.70286E+15,5.33935E+16
10873,3.17022E+18,3,4,60,6,2017,2,15,7,3,5,3,1,1,0,0,0,0,0,4.5012E+20,5.83678E+21,8.26221E+15,5.26787E+16
10874,3.17022E+18,3,4,55,25,2017,2,1,7,3,8,1,0,1,0,0,0,2,0,4.35336E+20,5.91592E+21,8.02769E+15,5.33884E+16
10875,3.17021E+18,3,3,61,12,2017,2,9,3,3,5,3,1,1,0,0,0,0,0,5.15334E+20,5.86391E+21,9.22809E+15,5.29247E+16
10876,3.17022E+18,3,4,55,7,2017,2,17,7,3,5,3,1,1,0,0,0,1,0,4.26156E+20,5.93519E+21,7.88516E+15,5.35604E+16
10877,3.17021E+18,3,4,55,26,2017,2,8,3,3,9,7,0,1,0,0,0,0,0,4.40154E+20,5.91769E+21,8.09979E+15,5.34049E+16
10878,3.17021E+18,3,4,55,26,2017,2,6,3,3,2,6,0,1,0,0,0,2,1,4.40498E+20,5.91681E+21,8.10513E+15,5.3397E+16
10879,3.17021E+18,3,4,3,0,2017,2,18,3,3,4,2,0,1,0,0,0,2,0,4.44177E+20,5.88834E+21,8.16545E+15,5.31415E+16
10880,3.17021E+18,3,4,3,0,2017,2,12,3,3,2,6,0,1,0,0,0,0,0,4.45997E+20,5.88739E+21,8.19282E+15,5.31332E+16
10881,3.17022E+18,3,2,51,31,2017,2,15,7,3,5,3,0,1,0,0,0,0,0,4.84102E+20,5.84303E+21,8.76453E+15,5.27369E+16
10882,3.17021E+18,3,2,51,31,2017,2,19,3,3,5,3,0,1,0,0,0,2,0,4.84098E+20,5.84302E+21,8.76448E+15,5.27368E+16
10883,3.17022E+18,3,2,51,9,2017,2,13,7,3,5,3,0,1,0,0,0,0,0,4.6035E+20,5.81281E+21,8.41638E+15,5.2464E+16
10884,3.17021E+18,3,2,51,37,2017,2,8,3,3,2,6,0,1,0,0,1,0,0,4.79996E+20,5.87289E+21,8.70188E+15,5.30052E+16
10885,3.17022E+18,3,3,53,31,2017,2,9,7,3,5,3,0,1,0,0,0,0,0,5.65417E+20,5.91329E+21,9.98309E+15,5.33647E+16
10886,3.17021E+18,3,4,61,6,2017,2,16,3,3,2,2,0,1,0,0,0,0,0,4.72801E+20,5.88809E+21,8.59338E+15,5.31415E+16
10887,3.17021E+18,3,3,52,11,2017,2,17,3,2,8,1,0,1,0,0,0,0,0,4.80412E+20,5.95832E+21,8.70279E+15,5.37731E+16
10888,3.17021E+18,3,3,52,61,2017,2,12,3,3,2,5,0,1,0,0,0,0,0,4.78797E+20,5.95621E+21,8.67842E+15,5.37541E+16
10889,3.17021E+18,3,3,53,26,2017,2,7,3,3,5,3,1,1,0,0,0,0,0,5.51932E+20,5.92353E+21,9.78215E+15,5.34582E+16
10890,3.17021E+18,3,3,53,40,2017,2,13,3,3,0,7,1,0,0,0,0,0,0,5.799E+20,5.91368E+21,1.02008E+16,5.33662E+16
10891,3.17021E+18,3,3,58,2,2017,2,9,3,3,3,6,0,1,0,0,1,0,0,5.65434E+20,5.88394E+21,9.97731E+15,5.31009E+16
10892,3.17021E+18,3,3,57,50,2017,2,1,3,1,8,1,0,1,0,0,0,2,0,5.36269E+20,5.91043E+21,9.54476E+15,5.33418E+16
10893,3.17021E+18,3,3,57,8,2017,2,9,3,3,2,6,0,1,0,0,0,0,0,5.09961E+20,5.92634E+21,9.15012E+15,5.3486E+16
10894,3.17021E+18,3,3,57,45,2017,2,16,3,3,3,6,0,1,0,0,1,0,0,5.12615E+20,5.88328E+21,9.1884E+15,5.30988E+16
10895,3.17021E+18,3,3,51,12,2017,2,10,3,3,2,6,0,1,0,0,0,0,0,5.63694E+20,5.83197E+21,9.94116E+15,5.26339E+16
10896,3.17021E+18,3,2,41,1,2017,2,14,3,3,2,6,0,1,0,0,0,0,0,5.43413E+20,5.80753E+21,9.63831E+15,5.24163E+16
10897,3.17021E+18,3,2,41,21,2017,2,20,3,3,8,1,0,1,0,0,0,2,0,5.21993E+20,5.80624E+21,9.3233E+15,5.2406E+16
10898,3.17021E+18,3,2,41,7,2017,2,8,3,3,2,6,0,1,0,0,0,1,1,5.49144E+20,5.79736E+21,9.72108E+15,5.23243E+16