OBJECTID,UIDENTSTLA,ULAND,UREGBEZ,UKREIS,UGEMEINDE,UJAHR,UMONAT,USTUNDE,UWOCHENTAG,UKATEGORIE,UART,UTYP1,IstRad,IstPKW,IstFuss,IstKrad,IstSonstig,LICHT,STRZUSTAND,LINREFX,LINREFY,XGCSWGS84,YGCSWGS84
11073,3.17021E+18,3,3,59,14,2017,2,15,6,3,2,6,0,1,0,0,0,0,0,5.25224E+20,5.93847E+21,9.38111E+15,5.35945E+16
11074,3.17021E+18,3,3,59,31,2017,2,14,6,2,2,6,0,1,0,0,0,0,0,5.22582E+20,5.92782E+21,9.34042E+15,5.34989E+16
11075,3.17021E+18,3,3,58,3,2017,2,15,6,3,2,6,0,1,0,0,0,0,0,5.47588E+20,5.84673E+21,9.70534E+15,5.27683E+16
11076,3.17021E+18,3,3,54,4,2017,2,17,6,3,4,6,1,0,0,0,0,2,0,6.39533E+20,5.88402E+21,1.10835E+16,5.30874E+16
11077,3.17021E+18,3,3,54,4,2017,2,6,6,3,2,5,0,1,0,0,0,2,0,6.3787E+20,5.88366E+21,1.10585E+16,5.30846E+16
11078,3.17022E+18,3,4,3,0,2017,2,23,2,3,6,4,1,0,1,0,0,2,1,4.48905E+20,5.88934E+21,8.23597E+15,5.3151E+16
11079,3.17021E+18,3,3,54,26,2017,2,16,6,3,0,7,0,1,0,0,0,0,0,6.39867E+20,5.86768E+21,1.10814E+16,5.29405E+16
11080,3.17022E+18,3,4,3,0,2017,2,15,2,3,4,2,0,1,0,0,0,0,1,4.45824E+20,5.88744E+21,8.19022E+15,5.31336E+16
11081,3.17021E+18,3,2,41,1,2017,2,22,6,3,9,6,0,1,0,0,0,2,0,5.43534E+20,5.80743E+21,9.64008E+15,5.24154E+16
11082,3.17022E+18,3,4,1,0,2017,2,7,2,3,5,3,1,1,0,0,0,0,0,4.76174E+20,5.87767E+21,8.64458E+15,5.3048E+16
11083,3.17022E+18,3,3,52,60,2017,2,5,2,3,4,6,0,1,0,0,0,2,1,4.7885E+20,5.91053E+21,8.68231E+15,5.33435E+16
11084,3.17022E+18,3,3,53,31,2017,2,12,2,3,9,1,0,1,0,0,0,0,1,5.69182E+20,5.9113E+21,1.00392E+16,5.33463E+16
11085,3.17021E+18,3,2,41,17,2017,2,10,6,3,8,1,0,1,0,0,0,0,0,5.40766E+20,5.77726E+21,9.59574E+15,5.21443E+16
11086,3.17021E+18,3,2,41,12,2017,2,13,6,3,9,1,0,1,0,0,0,0,0,5.32654E+20,5.81711E+21,9.48106E+15,5.25032E+16
11087,3.17022E+18,3,3,59,38,2017,2,19,2,3,5,3,0,1,0,0,0,1,1,5.25446E+20,5.9356E+21,9.38424E+15,5.35687E+16
11088,3.17022E+18,3,3,57,51,2017,2,16,2,3,8,7,0,1,0,0,0,1,1,5.45047E+20,5.87491E+21,9.67158E+15,5.30218E+16
11089,3.17022E+18,3,3,60,2,2017,2,17,2,3,8,1,0,1,0,0,0,1,1,6.06785E+20,5.88435E+21,1.05948E+16,5.30979E+16
11090,3.17022E+18,3,3,60,11,2017,2,19,2,2,5,3,0,1,0,0,0,2,1,6.12262E+20,5.88391E+21,1.06765E+16,5.30929E+16
11091,3.17022E+18,3,3,54,1,2017,2,15,2,1,9,7,0,1,0,0,0,0,1,6.28181E+20,5.86376E+21,1.09061E+16,5.29082E+16
11092,3.17022E+18,3,3,55,21,2017,2,17,2,2,9,1,0,1,0,0,0,1,1,6.06423E+20,5.9103E+21,1.05981E+16,5.33312E+16
11093,3.17022E+18,3,3,51,24,2017,2,18,2,2,5,3,0,1,0,0,0,2,1,5.6476E+20,5.83634E+21,9.95778E+15,5.26731E+16
11094,3.17022E+18,3,2,41,1,2017,2,16,2,3,4,2,1,1,0,0,0,0,0,5.50402E+20,5.80226E+21,9.74028E+15,5.23683E+16
11095,3.17021E+18,3,2,41,3,2017,2,18,6,3,2,6,0,1,0,0,0,2,0,5.64065E+20,5.81152E+21,9.94271E+15,5.24501E+16
11096,3.17022E+18,3,2,41,9,2017,2,8,2,3,2,6,0,1,0,0,0,0,1,5.61267E+20,5.79234E+21,9.89803E+15,5.2278E+16
11097,3.17021E+18,3,1,59,11,2017,2,10,6,3,5,3,0,1,0,0,0,0,0,5.73029E+20,5.71631E+21,1.00543E+16,5.15931E+16
11098,3.17022E+18,3,2,41,1,2017,2,7,2,3,5,2,1,1,0,0,0,0,1,5.5215E+20,5.79931E+21,9.76549E+15,5.23416E+16
11099,3.17021E+18,3,1,3,0,2017,2,17,6,3,2,6,0,1,0,0,0,2,0,6.24346E+20,5.81135E+21,1.08293E+16,5.24382E+16
11100,3.17022E+18,3,2,41,6,2017,2,21,2,3,9,1,0,1,0,0,0,2,1,5.37838E+20,5.79618E+21,9.55507E+15,5.23147E+16
11101,3.17022E+18,3,2,41,2,2017,2,12,2,2,8,1,0,1,0,0,0,0,1,5.31627E+20,5.79884E+21,9.46421E+15,5.23389E+16
11102,3.17022E+18,3,2,41,8,2017,2,13,2,3,2,6,0,1,0,0,0,0,1,5.6258E+20,5.81011E+21,9.92059E+15,5.24376E+16
11103,3.17022E+18,3,2,41,2,2017,2,11,2,3,4,1,0,1,0,0,0,0,1,5.27689E+20,5.79833E+21,9.40637E+15,5.23346E+16
11104,3.17022E+18,3,2,41,1,2017,2,12,2,3,2,6,0,1,0,0,0,0,1,5.54297E+20,5.79996E+21,9.79711E+15,5.23472E+16
11105,3.17022E+18,3,2,41,1,2017,2,7,2,3,6,4,0,0,1,0,1,0,0,5.49205E+20,5.80114E+21,9.72253E+15,5.23583E+16
11106,3.17022E+18,3,2,41,1,2017,2,6,2,3,2,6,0,0,0,0,1,2,0,5.53771E+20,5.80919E+21,9.79087E+15,5.24302E+16
11107,3.17022E+18,3,1,55,13,2017,2,5,2,2,9,1,0,1,0,0,0,2,1,5.59204E+20,5.73964E+21,9.85867E+15,5.18045E+16
11108,3.17021E+18,3,1,2,0,2017,2,21,6,3,2,6,0,1,0,0,0,2,0,5.91048E+20,5.77883E+21,1.03308E+16,5.21525E+16
11109,3.17022E+18,3,2,57,37,2017,2,22,2,3,9,7,0,1,0,0,0,2,1,5.07816E+20,5.80466E+21,9.11486E+15,5.23922E+16
11110,3.17021E+18,3,1,3,0,2017,2,11,6,3,5,3,0,1,0,0,1,0,0,6.27192E+20,5.81533E+21,1.08726E+16,5.24733E+16
11111,3.17022E+18,3,2,57,35,2017,2,17,2,3,4,2,0,1,0,1,0,0,1,5.13124E+20,5.79699E+21,9.19256E+15,5.23231E+16
11112,3.17022E+18,3,2,57,35,2017,2,16,2,3,5,3,1,1,0,0,0,0,1,5.13123E+20,5.7972E+21,9.19255E+15,5.23249E+16
11113,3.17021E+18,3,1,51,9,2017,2,11,6,1,4,1,0,1,0,0,0,0,0,6.0647E+20,5.81708E+21,1.05683E+16,5.24934E+16
11114,3.17021E+18,3,4,59,10,2017,2,16,5,3,2,2,0,1,0,0,1,0,0,4.31417E+20,5.82198E+21,7.98867E+15,5.25436E+16
11115,3.17021E+18,3,4,4,0,2017,2,13,5,3,2,6,0,1,0,0,0,0,0,4.3632E+20,5.79274E+21,8.06654E+15,5.22813E+16
11116,3.17021E+18,3,4,57,22,2017,2,12,5,3,2,6,0,1,0,0,0,0,0,3.9889E+20,5.89309E+21,7.48712E+15,5.31775E+16
11117,3.17021E+18,3,4,54,54,2017,2,13,5,3,4,2,0,1,0,0,1,0,0,3.71564E+20,5.83484E+21,7.10149E+15,5.26483E+16
11118,3.17022E+18,3,2,57,26,2017,2,16,2,3,8,1,0,1,0,0,0,0,1,5.12059E+20,5.7929E+21,9.17679E+15,5.22864E+16
11119,3.17021E+18,3,4,54,32,2017,2,17,5,3,5,3,0,1,0,0,0,1,0,3.87869E+20,5.81985E+21,7.34747E+15,5.25172E+16
11120,3.17021E+18,3,4,62,19,2017,2,7,5,3,2,6,0,1,0,0,0,1,0,4.13506E+20,5.93458E+21,7.69439E+15,5.3553E+16
11121,3.17022E+18,3,2,57,2,2017,2,16,2,3,5,3,0,1,0,0,0,0,1,5.23836E+20,5.7923E+21,9.3494E+15,5.22806E+16
11122,3.17021E+18,3,4,60,2,2017,2,17,5,3,5,3,0,1,0,0,1,0,0,4.43368E+20,5.81782E+21,8.16559E+15,5.25075E+16
11123,3.17022E+18,3,2,52,6,2017,2,7,2,3,5,3,0,1,0,0,0,0,1,5.23912E+20,5.77232E+21,9.3491E+15,5.21009E+16
11124,3.17021E+18,3,4,60,10,2017,2,11,5,2,2,6,0,1,0,0,1,0,0,4.49472E+20,5.85058E+21,8.2505E+15,5.28027E+16
11125,3.17022E+18,3,1,55,11,2017,2,13,2,3,2,6,0,1,0,0,0,0,1,5.71129E+20,5.73683E+21,1.0031E+16,5.17779E+16
11126,3.17021E+18,3,3,52,62,2017,2,1,5,2,8,7,0,1,0,0,0,2,0,4.77826E+20,5.94172E+21,8.66473E+15,5.36238E+16
11127,3.17022E+18,3,1,55,11,2017,2,21,2,3,2,6,0,1,0,0,1,2,1,5.69984E+20,5.73471E+21,1.0014E+16,5.17589E+16
11128,3.17022E+18,3,1,54,14,2017,2,11,2,2,2,6,0,1,0,0,0,0,1,6.11378E+20,5.79712E+21,1.06339E+16,5.23131E+16
11129,3.17022E+18,3,1,58,37,2017,2,18,2,3,5,3,1,1,0,0,0,2,1,6.05343E+20,5.7806E+21,1.05402E+16,5.21658E+16
11130,3.17022E+18,3,1,2,0,2017,2,17,2,3,0,7,0,1,0,0,0,0,1,5.90626E+20,5.77842E+21,1.03245E+16,5.21488E+16
11131,3.17022E+18,3,1,2,0,2017,2,13,2,2,2,6,0,1,0,0,0,0,1,5.90506E+20,5.77856E+21,1.03228E+16,5.21502E+16
11132,3.17021E+18,3,3,61,9,2017,2,7,5,3,4,2,0,1,0,1,0,1,0,5.00665E+20,5.87883E+21,9.00992E+15,5.3059E+16
11133,3.17022E+18,3,1,53,17,2017,2,13,2,3,1,5,0,1,0,0,1,0,1,6.07369E+20,5.75703E+21,1.05624E+16,5.19536E+16
11134,3.17021E+18,3,3,61,3,2017,2,18,5,3,5,7,0,1,0,0,0,2,0,5.23186E+20,5.84939E+21,9.34385E+15,5.27938E+16
11135,3.17021E+18,3,4,58,7,2017,2,4,5,3,2,6,0,0,0,0,1,2,0,4.54741E+20,5.86085E+21,8.32722E+15,5.28954E+16
11136,3.17021E+18,3,3,59,23,2017,2,18,5,3,6,4,0,1,1,0,0,2,0,5.33004E+20,5.92254E+21,9.49699E+15,5.34508E+16
11137,3.17021E+18,3,3,58,19,2017,2,12,5,3,4,1,0,1,0,0,1,0,0,5.51539E+20,5.86764E+21,9.7672E+15,5.29559E+16
11138,3.17021E+18,3,3,60,25,2017,2,14,5,3,2,2,0,1,0,0,0,0,0,6.06949E+20,5.86705E+21,1.05916E+16,5.29424E+16
11139,3.17021E+18,3,3,55,20,2017,2,10,5,2,5,3,1,1,0,0,0,0,0,5.86459E+20,5.89866E+21,1.02952E+16,5.32302E+16
11140,3.17022E+18,3,1,51,24,2017,2,19,2,3,4,1,0,1,0,0,0,2,1,6.277E+20,5.8182E+21,1.08812E+16,5.2499E+16
11141,3.17022E+18,3,1,1,0,2017,2,8,2,3,3,6,0,1,0,0,1,0,0,6.04164E+20,5.79701E+21,1.0528E+16,5.23135E+16
11142,3.17022E+18,3,1,1,0,2017,2,18,2,3,5,2,1,1,0,0,0,2,1,6.05116E+20,5.79071E+21,1.054E+16,5.22568E+16
11143,3.17022E+18,3,4,59,8,2017,2,1,1,3,0,1,1,0,0,0,0,2,0,4.42805E+20,5.79486E+21,8.16121E+15,5.23011E+16
11144,3.17022E+18,3,3,54,22,2017,2,22,7,2,9,1,0,1,0,0,0,2,0,6.27559E+20,5.86403E+21,1.08969E+16,5.29108E+16
11145,3.17022E+18,3,4,56,2,2017,2,15,1,2,5,3,1,0,0,0,1,0,1,3.53238E+20,5.82942E+21,6.83322E+15,5.2595E+16
11146,3.17022E+18,3,4,54,29,2017,2,14,1,3,8,1,0,1,0,0,0,0,1,3.86803E+20,5.85618E+21,7.31928E+15,5.28434E+16
11147,3.17021E+18,3,3,51,6,2017,2,11,5,3,5,3,1,1,0,0,0,0,0,5.73562E+20,5.83102E+21,1.00867E+16,5.26242E+16
11148,3.17022E+18,3,4,54,32,2017,2,19,1,3,2,2,0,1,0,0,0,2,1,3.87906E+20,5.82236E+21,7.34717E+15,5.25398E+16
11149,3.17021E+18,3,2,41,1,2017,2,12,5,3,2,6,0,1,0,0,0,0,0,5.51491E+20,5.80248E+21,9.75631E+15,5.23702E+16
11150,3.17022E+18,3,4,52,1,2017,2,19,1,3,0,6,0,1,0,0,1,2,0,3.96074E+20,5.92788E+21,7.43359E+15,5.34896E+16
11151,3.17021E+18,3,2,41,7,2017,2,11,5,3,5,3,0,1,0,0,0,0,0,5.5136E+20,5.79588E+21,9.75338E+15,5.23109E+16
11152,3.17022E+18,3,4,55,25,2017,2,7,1,3,0,3,0,1,0,0,0,2,0,4.34833E+20,5.9158E+21,8.02015E+15,5.33873E+16
11153,3.17021E+18,3,2,41,9,2017,2,19,5,3,5,2,0,1,0,0,0,2,0,5.56186E+20,5.79386E+21,9.82382E+15,5.22922E+16
11154,3.17021E+18,3,2,57,6,2017,2,17,5,3,3,6,0,1,0,0,1,2,0,5.2895E+20,5.80014E+21,9.42503E+15,5.23508E+16
11155,3.17021E+18,3,2,41,14,2017,2,12,5,2,8,6,0,1,0,0,0,0,0,5.44392E+20,5.79529E+21,9.65109E+15,5.23062E+16
11156,3.17021E+18,3,2,57,6,2017,2,6,5,3,2,6,0,1,0,0,0,2,0,5.25027E+20,5.79741E+21,9.36724E+15,5.23264E+16
11157,3.17022E+18,3,3,61,9,2017,2,13,1,2,8,1,0,1,0,0,0,0,1,5.06684E+20,5.87904E+21,9.09974E+15,5.30608E+16
11158,3.17021E+18,3,2,56,26,2017,2,8,5,3,6,4,0,0,1,0,1,0,0,5.32661E+20,5.83485E+21,9.48292E+15,5.26626E+16
11159,3.17021E+18,3,2,54,26,2017,2,7,5,3,1,7,0,1,0,0,1,2,0,5.55264E+20,5.77698E+21,9.80754E+15,5.21405E+16
11160,3.17022E+18,3,4,1,0,2017,2,20,1,3,8,1,0,1,0,0,0,2,1,4.7482E+20,5.87625E+21,8.62449E+15,5.30352E+16
11161,3.17021E+18,3,2,52,5,2017,2,8,5,3,0,7,1,0,0,0,0,0,0,5.2636E+20,5.76648E+21,9.38439E+15,5.20483E+16
11162,3.17022E+18,3,3,53,39,2017,2,19,1,3,9,1,0,0,0,1,0,2,1,5.51884E+20,5.91375E+21,9.7798E+15,5.33703E+16
11163,3.17022E+18,3,3,57,57,2017,2,19,1,3,5,3,0,1,0,0,0,2,1,5.18053E+20,5.90812E+21,9.27102E+15,5.33219E+16
11164,3.17021E+18,3,1,59,16,2017,2,10,5,3,5,3,1,1,0,0,0,0,0,5.62378E+20,5.70926E+21,9.89927E+15,5.1531E+16
11165,3.17022E+18,3,3,57,35,2017,2,17,1,2,4,2,0,1,0,0,0,2,1,5.06237E+20,5.92754E+21,9.09402E+15,5.34968E+16
11166,3.17021E+18,3,1,51,9,2017,2,7,5,2,2,6,0,1,0,0,0,1,0,6.03155E+20,5.8168E+21,1.05194E+16,5.24916E+16
11167,3.17022E+18,3,3,51,26,2017,2,7,1,2,8,1,0,1,0,0,0,0,0,5.86389E+20,5.85443E+21,1.02823E+16,5.28327E+16
11168,3.17022E+18,3,2,41,21,2017,2,14,1,3,8,1,0,1,0,0,0,0,1,5.31672E+20,5.81166E+21,9.46608E+15,5.24542E+16
11169,3.17022E+18,3,2,41,1,2017,2,2,1,2,8,1,0,1,0,0,0,2,0,5.43816E+20,5.80732E+21,9.64421E+15,5.24143E+16
11170,3.17022E+18,3,3,55,16,2017,2,12,7,3,4,6,0,1,0,0,1,0,0,5.89101E+20,5.89412E+21,1.03335E+16,5.31889E+16
11171,3.17022E+18,3,3,51,25,2017,2,23,7,2,9,1,0,1,0,0,0,2,0,5.88725E+20,5.84177E+21,1.03136E+16,5.27185E+16
11172,3.17021E+18,3,1,54,13,2017,2,6,5,2,2,6,0,1,0,0,1,1,0,6.18504E+20,5.7969E+21,1.07383E+16,5.23096E+16
11173,3.17022E+18,3,2,41,1,2017,2,18,7,3,2,6,0,1,0,0,0,2,0,5.52577E+20,5.79946E+21,9.77178E+15,5.2343E+16
11174,3.17021E+18,3,4,59,15,2017,2,7,4,3,8,1,0,1,0,0,0,2,2,4.42269E+20,5.77751E+21,8.15632E+15,5.21451E+16
11175,3.17022E+18,3,2,41,1,2017,2,23,7,2,5,3,0,0,0,0,1,2,0,5.44346E+20,5.80745E+21,9.65202E+15,5.24155E+16
11176,3.17021E+18,3,4,59,12,2017,2,8,4,3,9,1,0,1,0,0,0,0,2,4.4777E+20,5.78733E+21,8.23519E+15,5.22339E+16
11177,3.17021E+18,3,4,59,17,2017,2,12,4,3,9,1,0,1,0,0,0,0,2,4.11693E+20,5.81679E+21,7.69928E+15,5.24941E+16
11178,3.17021E+18,3,4,59,32,2017,2,6,4,3,8,1,0,1,0,0,0,2,2,4.1321E+20,5.80645E+21,7.7243E+15,5.24014E+16
11179,3.1703E+18,3,4,54,32,2017,3,19,4,3,2,2,0,1,0,0,0,2,0,3.8806E+20,5.81977E+21,7.3503E+15,5.25166E+16
11180,3.1703E+18,3,4,54,49,2017,3,15,4,3,4,1,0,1,0,0,0,0,0,3.93254E+20,5.8012E+21,7.43275E+15,5.23507E+16
11181,3.1703E+18,3,4,52,6,2017,3,17,4,3,2,6,0,1,0,0,0,0,1,4.11257E+20,5.91914E+21,7.66483E+15,5.34139E+16
11182,3.1703E+18,3,4,52,23,2017,3,15,4,3,4,6,0,1,0,0,0,0,0,3.8513E+20,5.92374E+21,7.27022E+15,5.34501E+16
11183,3.1703E+18,3,4,53,2,2017,3,17,4,3,6,6,0,1,1,0,0,0,0,4.30252E+20,5.87336E+21,7.96055E+15,5.30053E+16
11184,3.1703E+18,3,4,53,4,2017,3,16,4,3,2,6,0,1,0,0,0,0,0,4.325E+20,5.85339E+21,7.9982E+15,5.2826E+16
11185,3.1703E+18,3,4,55,26,2017,3,14,4,2,5,3,0,1,0,0,0,0,1,4.41508E+20,5.91467E+21,8.12072E+15,5.33779E+16
11186,3.1703E+18,3,4,51,5,2017,3,16,4,3,2,6,0,1,0,0,1,0,0,4.45666E+20,5.89996E+21,8.18573E+15,5.32461E+16
11187,3.1703E+18,3,4,60,1,2017,3,15,4,3,0,3,0,1,0,0,1,0,1,4.44142E+20,5.84201E+21,8.17291E+15,5.27251E+16
11188,3.1703E+18,3,4,61,2,2017,3,16,4,3,2,2,0,1,0,0,1,0,1,4.6356E+20,5.91148E+21,8.45256E+15,5.33512E+16
11189,3.1703E+18,3,4,58,5,2017,3,16,4,3,2,6,0,1,0,0,0,0,0,4.68729E+20,5.87125E+21,8.53414E+15,5.29899E+16
11190,3.1703E+18,3,3,52,11,2017,3,7,4,2,5,3,1,1,0,0,0,0,1,4.77332E+20,5.96852E+21,8.6553E+15,5.38647E+16
11191,3.1703E+18,3,3,53,29,2017,3,15,4,3,2,6,0,1,0,0,0,0,0,5.5869E+20,5.9141E+21,9.88216E+15,5.33728E+16
11192,3.1703E+18,3,3,53,35,2017,3,12,4,3,5,3,1,1,0,0,0,0,1,5.49008E+20,5.90525E+21,9.73527E+15,5.32942E+16
11193,3.1703E+18,3,3,59,11,2017,3,19,4,2,4,2,0,1,0,0,0,2,0,5.31255E+20,5.93155E+21,9.47154E+15,5.35319E+16
11194,3.1703E+18,3,3,57,43,2017,3,15,4,3,8,6,0,1,0,0,0,0,1,5.15657E+20,5.91073E+21,9.23518E+15,5.33455E+16
11195,3.1703E+18,3,3,55,40,2017,3,16,4,2,6,4,0,1,1,0,0,0,0,5.977E+20,5.89783E+21,1.04633E+16,5.32207E+16
11196,3.1703E+18,3,2,41,14,2017,3,6,4,3,8,1,0,1,0,0,0,1,1,5.46886E+20,5.79423E+21,9.68752E+15,5.22964E+16
11197,3.1703E+18,3,2,41,16,2017,3,17,4,3,2,6,0,1,0,0,0,0,1,5.6594E+20,5.79757E+21,9.96754E+15,5.23245E+16
11198,3.1703E+18,3,2,41,8,2017,3,11,4,3,8,1,0,1,0,0,0,0,0,5.59926E+20,5.80964E+21,9.88147E+15,5.24337E+16
11199,3.1703E+18,3,2,41,1,2017,3,11,4,3,2,6,0,1,0,0,0,0,1,5.43189E+20,5.80773E+21,9.63506E+15,5.24181E+16
11200,3.1703E+18,3,2,41,15,2017,3,9,4,3,4,6,0,1,0,0,1,0,1,5.40211E+20,5.80563E+21,9.59101E+15,5.23994E+16
11201,3.1703E+18,3,1,55,11,2017,3,17,4,3,9,1,0,1,0,0,0,0,1,5.64842E+20,5.73188E+21,9.93898E+15,5.17341E+16
11202,3.1703E+18,3,2,56,2,2017,3,7,4,2,5,3,0,1,0,0,0,0,1,5.08754E+20,5.83098E+21,9.12934E+15,5.26287E+16
11203,3.1703E+18,3,2,56,22,2017,3,5,4,3,3,6,0,1,0,0,0,2,1,5.14345E+20,5.83063E+21,9.21192E+15,5.26254E+16
11204,3.1703E+18,3,2,54,29,2017,3,15,4,3,8,7,0,1,0,0,0,0,0,5.77399E+20,5.77812E+21,1.01312E+16,5.21482E+16
11205,3.1703E+18,3,2,54,21,2017,3,21,4,3,3,6,0,1,0,1,0,2,1,5.65832E+20,5.77723E+21,9.96199E+15,5.21417E+16
11206,3.1703E+18,3,2,54,22,2017,3,14,4,3,2,6,0,1,0,0,0,0,1,5.81818E+20,5.76952E+21,1.01937E+16,5.20702E+16
11207,3.1703E+18,3,2,52,6,2017,3,11,4,3,2,6,0,1,0,0,0,0,1,5.25147E+20,5.77268E+21,9.36715E+15,5.21041E+16
11208,3.1703E+18,3,1,57,2,2017,3,16,4,3,2,6,0,1,0,0,0,0,1,5.72852E+20,5.79043E+21,1.00674E+16,5.22594E+16
11209,3.1703E+18,3,1,57,5,2017,3,20,4,1,9,1,0,1,0,0,0,2,1,5.86768E+20,5.78465E+21,1.02698E+16,5.22055E+16
11210,3.1703E+18,3,1,57,8,2017,3,20,4,1,6,4,0,1,1,0,0,2,0,5.92356E+20,5.79969E+21,1.03556E+16,5.23397E+16
11211,3.1703E+18,3,1,1,0,2017,3,14,4,3,2,6,0,1,0,0,0,0,1,6.04402E+20,5.7882E+21,1.05288E+16,5.22343E+16
11212,3.17023E+18,3,4,59,14,2017,2,19,3,3,8,6,0,1,0,0,0,2,1,4.349E+20,5.80373E+21,8.04358E+15,5.23799E+16
11213,3.17023E+18,3,4,56,20,2017,2,16,3,3,2,6,0,1,0,0,1,0,0,3.81175E+20,5.79724E+21,7.25689E+15,5.23126E+16
11214,3.17023E+18,3,4,54,32,2017,2,14,3,3,2,6,0,1,0,0,1,2,1,3.88901E+20,5.82433E+21,7.36118E+15,5.25577E+16
11215,3.17023E+18,3,4,52,1,2017,2,13,3,3,5,3,1,1,0,0,0,0,1,3.98257E+20,5.92514E+21,7.46736E+15,5.34654E+16
11216,3.17023E+18,3,4,60,4,2017,2,12,3,3,8,1,0,0,0,0,1,0,0,4.58613E+20,5.84653E+21,8.38659E+15,5.2767E+16
11217,3.17023E+18,3,4,60,9,2017,2,12,3,3,4,6,0,1,0,0,0,0,0,4.50136E+20,5.84136E+21,8.26175E+15,5.27198E+16
11218,3.17023E+18,3,4,5,0,2017,2,17,3,3,2,6,0,1,0,0,0,2,0,4.38896E+20,5.93135E+21,8.07821E+15,5.35275E+16
11219,3.17023E+18,3,3,56,9,2017,2,21,3,3,2,6,0,1,0,0,0,2,1,4.75152E+20,5.89753E+21,8.6278E+15,5.32265E+16
11220,3.17023E+18,3,3,61,8,2017,2,19,3,3,4,2,0,1,0,0,0,2,1,5.11525E+20,5.87864E+21,9.17195E+15,5.30571E+16
11221,3.17023E+18,3,4,3,0,2017,2,15,3,3,4,2,1,1,0,0,0,0,0,4.45952E+20,5.8874E+21,8.19215E+15,5.31333E+16
11222,3.17023E+18,3,2,51,37,2017,2,7,3,3,7,7,0,1,0,0,0,1,1,4.80854E+20,5.86742E+21,8.715E+15,5.29561E+16
11223,3.17023E+18,3,2,51,40,2017,2,6,3,3,2,6,0,1,0,0,0,1,0,4.85089E+20,5.83538E+21,8.7795E+15,5.26682E+16
11224,3.17023E+18,3,2,51,37,2017,2,13,3,3,3,6,0,1,0,0,1,0,0,4.79962E+20,5.8729E+21,8.70138E+15,5.30053E+16
11225,3.17023E+18,3,4,61,7,2017,2,16,3,3,2,6,0,1,0,0,0,0,0,4.64164E+20,5.92464E+21,8.46014E+15,5.34696E+16
11226,3.17023E+18,3,4,58,5,2017,2,14,3,3,2,2,0,1,0,0,0,0,0,4.68255E+20,5.88066E+21,8.52616E+15,5.30745E+16
11227,3.17023E+18,3,3,52,62,2017,2,13,3,2,4,1,0,1,0,0,0,0,1,4.91026E+20,5.94042E+21,8.86436E+15,5.36125E+16
11228,3.17023E+18,3,3,59,10,2017,2,11,3,3,5,3,0,1,0,0,0,0,0,5.46322E+20,5.9259E+21,9.69801E+15,5.34801E+16
11229,3.17023E+18,3,3,58,22,2017,2,11,3,3,5,3,0,1,0,0,0,0,0,5.39415E+20,5.85774E+21,9.58553E+15,5.2868E+16
11230,3.17023E+18,3,3,58,19,2017,2,18,3,3,2,2,0,1,0,0,0,2,1,5.52245E+20,5.88605E+21,9.78069E+15,5.31214E+16
11231,3.1703E+18,3,4,51,2,2017,3,4,6,3,2,6,0,0,0,0,1,2,1,4.42171E+20,5.89052E+21,8.13507E+15,5.3161E+16
11232,3.17023E+18,3,3,57,39,2017,2,15,3,3,5,3,1,1,0,0,0,0,0,5.27525E+20,5.88485E+21,9.41121E+15,5.31123E+16
11233,3.17023E+18,3,3,55,42,2017,2,8,3,1,4,6,0,1,0,0,1,0,0,5.8929E+20,5.90861E+21,1.03404E+16,5.33191E+16
11234,3.17023E+18,3,3,51,21,2017,2,10,3,3,5,3,1,0,0,1,0,0,0,5.77746E+20,5.82143E+21,1.01463E+16,5.25374E+16
11235,3.17023E+18,3,2,41,21,2017,2,17,3,3,5,3,0,1,0,0,0,2,1,5.31206E+20,5.80432E+21,9.45854E+15,5.23883E+16
11236,3.17023E+18,3,2,41,21,2017,2,20,3,3,5,3,0,1,0,1,0,2,1,5.32147E+20,5.80435E+21,9.47237E+15,5.23884E+16
11237,3.17023E+18,3,2,41,13,2017,2,8,3,3,2,6,0,1,0,0,1,0,0,5.51688E+20,5.78432E+21,9.75641E+15,5.22069E+16
11238,3.17023E+18,3,2,41,11,2017,2,16,3,3,5,3,0,1,0,0,0,0,0,5.76594E+20,5.80302E+21,1.01251E+16,5.23721E+16
11239,3.17023E+18,3,2,41,10,2017,2,3,3,3,3,6,0,1,0,0,1,2,0,5.49298E+20,5.80945E+21,9.72513E+15,5.2433E+16
11240,3.17023E+18,3,2,41,4,2017,2,9,3,3,5,2,0,1,0,0,1,0,0,5.60957E+20,5.82667E+21,9.89975E+15,5.25866E+16
11241,3.17023E+18,3,2,41,11,2017,2,17,3,2,6,4,0,1,1,0,0,0,0,5.72107E+20,5.80554E+21,1.00597E+16,5.23953E+16
11242,3.17023E+18,3,2,57,30,2017,2,10,3,2,8,1,0,0,0,0,1,0,0,5.13231E+20,5.80594E+21,9.19448E+15,5.24036E+16
11243,3.17023E+18,3,2,57,31,2017,2,13,3,3,5,3,0,1,0,0,0,0,0,5.04766E+20,5.78012E+21,9.06969E+15,5.21715E+16
11244,3.17023E+18,3,2,57,12,2017,2,7,3,3,2,6,0,1,0,0,1,0,0,5.07541E+20,5.78598E+21,9.1104E+15,5.22242E+16
11245,3.17023E+18,3,2,54,29,2017,2,4,3,3,7,7,0,0,0,0,1,2,0,5.76066E+20,5.7782E+21,1.01117E+16,5.21491E+16
11246,3.17023E+18,3,2,54,22,2017,2,13,3,3,5,3,0,1,0,0,0,0,0,5.78295E+20,5.77311E+21,1.01431E+16,5.2103E+16
11247,3.17023E+18,3,2,54,29,2017,2,7,3,3,9,7,0,1,0,0,0,0,0,5.7111E+20,5.77618E+21,1.00389E+16,5.21316E+16