OBJECTID,UIDENTSTLA,ULAND,UREGBEZ,UKREIS,UGEMEINDE,UJAHR,UMONAT,USTUNDE,UWOCHENTAG,UKATEGORIE,UART,UTYP1,IstRad,IstPKW,IstFuss,IstKrad,IstSonstig,LICHT,STRZUSTAND,LINREFX,LINREFY,XGCSWGS84,YGCSWGS84
11248,3.17023E+18,3,2,55,13,2017,2,15,3,3,1,7,0,1,0,0,1,0,0,5.42589E+20,5.75227E+21,9.61926E+15,5.19195E+16
11249,3.17023E+18,3,2,52,3,2017,2,10,3,2,9,1,0,1,0,0,0,0,0,5.20092E+20,5.75863E+21,9.29253E+15,5.1978E+16
11250,3.17023E+18,3,1,59,16,2017,2,19,3,2,4,6,1,0,0,0,0,2,1,5.65422E+20,5.71205E+21,9.94367E+15,5.15558E+16
11251,3.17023E+18,3,1,54,14,2017,2,15,3,3,4,2,0,1,0,0,0,0,0,6.13609E+20,5.79877E+21,1.06671E+16,5.23275E+16
11252,3.17023E+18,3,1,57,6,2017,2,17,3,3,2,6,0,1,0,0,0,1,0,5.84342E+20,5.7992E+21,1.02379E+16,5.23367E+16
11253,3.1703E+18,3,4,51,5,2017,3,8,6,2,5,3,0,1,0,0,1,0,1,4.45038E+20,5.89955E+21,8.17639E+15,5.32424E+16
11254,3.17023E+18,3,1,51,22,2017,2,14,3,3,2,2,0,1,0,0,0,0,0,6.04548E+20,5.81114E+21,1.05381E+16,5.24405E+16
11255,3.1703E+18,3,4,51,5,2017,3,5,6,3,8,1,0,1,0,0,0,2,2,4.4574E+20,5.90147E+21,8.18659E+15,5.32597E+16
11256,3.1703E+18,3,4,51,4,2017,3,11,6,2,2,6,0,1,0,0,1,0,0,4.32373E+20,5.88818E+21,7.98904E+15,5.31387E+16
11257,3.17023E+18,3,4,59,19,2017,2,22,2,3,0,1,1,0,0,0,0,2,1,4.33993E+20,5.78475E+21,8.03398E+15,5.22092E+16
11258,3.17023E+18,3,4,59,14,2017,2,15,2,3,8,1,0,1,0,0,1,0,0,4.34171E+20,5.80169E+21,8.03329E+15,5.23615E+16
11259,3.17023E+18,3,4,59,14,2017,2,6,2,3,2,6,0,1,0,0,0,1,1,4.29562E+20,5.81285E+21,7.96326E+15,5.24613E+16
11260,3.17023E+18,3,4,4,0,2017,2,14,2,3,5,2,0,1,0,0,0,0,0,4.34638E+20,5.79275E+21,8.04187E+15,5.22812E+16
11261,3.17023E+18,3,4,4,0,2017,2,10,2,2,4,2,1,1,0,0,0,0,0,4.31304E+20,5.79003E+21,7.99357E+15,5.22564E+16
11262,3.17023E+18,3,4,54,57,2017,2,11,2,3,5,2,0,1,0,0,0,0,0,4.05496E+20,5.85515E+21,7.59702E+15,5.28378E+16
11263,3.17023E+18,3,4,54,41,2017,2,6,2,3,4,2,0,1,0,0,0,2,0,3.90468E+20,5.88378E+21,7.36433E+15,5.30922E+16
11264,3.17023E+18,3,4,54,10,2017,2,21,2,3,0,1,0,0,0,1,0,2,1,3.86261E+20,5.8072E+21,7.32809E+15,5.24032E+16
11265,3.17023E+18,3,4,52,25,2017,2,18,2,3,5,3,0,1,0,0,0,2,1,4.13841E+20,5.91694E+21,7.70429E+15,5.33945E+16
11266,3.17023E+18,3,4,52,25,2017,2,13,2,3,0,7,0,0,0,0,1,0,0,4.1618E+20,5.91777E+21,7.73924E+15,5.34023E+16
11267,3.17023E+18,3,4,53,8,2017,2,18,2,3,2,6,0,1,0,0,0,2,0,4.33675E+20,5.86034E+21,8.01422E+15,5.28887E+16
11268,3.17023E+18,3,4,55,26,2017,2,18,2,3,8,1,0,1,0,0,0,2,1,4.402E+20,5.91748E+21,8.10052E+15,5.3403E+16
11269,3.17023E+18,3,2,51,5,2017,2,14,2,3,0,7,1,0,1,0,0,0,0,4.66529E+20,5.8401E+21,8.50456E+15,5.27098E+16
11270,3.17023E+18,3,2,51,37,2017,2,20,2,3,2,6,0,1,0,0,1,2,1,4.79571E+20,5.87281E+21,8.69556E+15,5.30045E+16
11271,3.17023E+18,3,4,58,5,2017,2,6,2,3,2,6,0,1,0,0,1,1,0,4.66134E+20,5.87862E+21,8.49472E+15,5.3056E+16
11272,3.17023E+18,3,4,58,14,2017,2,7,2,3,5,2,1,1,0,0,0,0,0,4.61473E+20,5.8603E+21,8.42735E+15,5.2891E+16
11273,3.17023E+18,3,4,1,0,2017,2,18,2,2,5,3,1,1,0,0,0,1,0,4.76376E+20,5.88296E+21,8.6472E+15,5.30956E+16
11274,3.17023E+18,3,4,1,0,2017,2,9,2,3,6,5,0,1,1,0,1,0,0,4.73567E+20,5.87783E+21,8.60568E+15,5.30493E+16
11275,3.17023E+18,3,4,1,0,2017,2,6,2,3,5,2,0,1,0,0,0,2,0,4.72374E+20,5.87649E+21,8.588E+15,5.30372E+16
11276,3.17023E+18,3,3,59,38,2017,2,9,2,3,0,7,1,0,1,0,0,0,0,5.3117E+20,5.93628E+21,9.47073E+15,5.35745E+16
11277,3.17023E+18,3,3,59,38,2017,2,7,2,3,2,6,0,1,0,0,0,0,0,5.27908E+20,5.93849E+21,9.42167E+15,5.35945E+16
11278,3.17023E+18,3,3,58,19,2017,2,14,2,3,6,4,0,1,1,0,0,0,0,5.52643E+20,5.88577E+21,9.7866E+15,5.31187E+16
11279,3.17023E+18,3,3,58,17,2017,2,9,2,3,1,5,0,1,0,0,0,0,0,5.47074E+20,5.87619E+21,9.70198E+15,5.30332E+16
11280,3.17023E+18,3,3,58,17,2017,2,6,2,3,8,7,0,1,0,0,0,1,0,5.5172E+20,5.87675E+21,9.77134E+15,5.30378E+16
11281,3.17023E+18,3,3,57,45,2017,2,13,2,3,2,2,0,1,0,0,1,0,0,5.15562E+20,5.88356E+21,9.23242E+15,5.31012E+16
11282,3.17023E+18,3,3,57,39,2017,2,12,2,3,6,3,0,1,1,0,0,0,0,5.26504E+20,5.88381E+21,9.39587E+15,5.31031E+16
11283,3.17023E+18,3,3,54,12,2017,2,13,2,1,4,6,0,1,0,0,1,0,0,6.31138E+20,5.88239E+21,1.09576E+16,5.30749E+16
11284,3.17023E+18,3,2,41,1,2017,2,18,2,3,3,6,0,1,0,0,0,2,0,5.52504E+20,5.79945E+21,9.77071E+15,5.23428E+16
11285,3.17023E+18,3,2,41,14,2017,2,11,2,3,4,6,1,0,0,0,0,0,0,5.43084E+20,5.79802E+21,9.63226E+15,5.23308E+16
11286,3.17023E+18,3,2,41,14,2017,2,13,2,3,2,6,0,1,0,0,0,0,0,5.43585E+20,5.79825E+21,9.63964E+15,5.23328E+16
11287,3.17023E+18,3,2,41,18,2017,2,14,2,3,8,1,0,1,0,0,0,0,0,5.8465E+20,5.81488E+21,1.02464E+16,5.24775E+16
11288,3.17023E+18,3,2,41,3,2017,2,18,2,3,8,7,0,1,0,0,0,1,0,5.68675E+20,5.81511E+21,1.00113E+16,5.24818E+16
11289,3.17023E+18,3,2,57,6,2017,2,6,2,3,2,6,0,1,0,0,0,1,0,5.28642E+20,5.79943E+21,9.42044E+15,5.23444E+16
11290,3.17023E+18,3,2,54,21,2017,2,15,2,3,2,6,0,1,0,0,0,0,0,5.65343E+20,5.77894E+21,9.95518E+15,5.21571E+16
11291,3.17023E+18,3,2,52,7,2017,2,13,2,3,9,1,0,1,0,0,0,0,0,5.17109E+20,5.77736E+21,9.25004E+15,5.21465E+16
11292,3.17023E+18,3,2,52,6,2017,2,13,2,3,6,7,0,1,1,0,0,0,0,5.25765E+20,5.77263E+21,9.37617E+15,5.21036E+16
11293,3.17023E+18,3,1,55,10,2017,2,18,2,3,8,1,0,1,0,0,0,1,0,5.64232E+20,5.72674E+21,9.9292E+15,5.1688E+16
11294,3.17023E+18,3,1,59,16,2017,2,15,2,3,2,6,0,1,0,0,0,0,0,5.65986E+20,5.70813E+21,9.95107E+15,5.15204E+16
11295,3.17023E+18,3,1,59,17,2017,2,6,2,2,2,6,0,1,0,0,1,0,0,5.4601E+20,5.69297E+21,9.66121E+15,5.13861E+16
11296,3.17023E+18,3,1,54,10,2017,2,15,2,3,0,7,1,0,0,0,0,0,0,6.38308E+20,5.78648E+21,1.10243E+16,5.22114E+16
11297,3.17023E+18,3,1,57,1,2017,2,13,2,3,2,2,0,1,0,0,0,0,0,5.80264E+20,5.8042E+21,1.01793E+16,5.23822E+16
11298,3.17023E+18,3,1,51,24,2017,2,15,2,2,4,1,0,1,0,0,0,0,0,6.27513E+20,5.81599E+21,1.08776E+16,5.24792E+16
11299,3.17023E+18,3,1,54,10,2017,2,6,2,3,2,6,0,1,0,0,0,1,0,6.35218E+20,5.79229E+21,1.09815E+16,5.22644E+16
11300,3.17023E+18,3,4,59,15,2017,2,18,1,3,5,2,0,1,0,0,0,2,1,4.4486E+20,5.77436E+21,8.19469E+15,5.2117E+16
11301,3.17023E+18,3,4,59,29,2017,2,14,1,3,5,3,0,1,0,0,0,0,0,4.46432E+20,5.80855E+21,8.21222E+15,5.24245E+16
11302,3.17023E+18,3,3,61,9,2017,2,14,1,3,3,6,0,1,0,0,0,0,0,5.03294E+20,5.87824E+21,9.04914E+15,5.30536E+16
11303,3.17023E+18,3,4,55,14,2017,2,17,1,3,5,3,0,1,0,0,0,1,1,4.33874E+20,5.93084E+21,8.00257E+15,5.35223E+16
11304,3.17023E+18,3,4,1,0,2017,2,12,1,3,2,6,0,1,0,0,0,0,1,4.75296E+20,5.8787E+21,8.6314E+15,5.30572E+16
11305,3.17023E+18,3,3,52,32,2017,2,13,1,3,8,6,0,1,0,0,0,0,1,4.72028E+20,5.91694E+21,8.57929E+15,5.34008E+16
11306,3.17023E+18,3,3,59,6,2017,2,0,1,3,8,1,0,1,0,0,0,2,1,5.43494E+20,5.91917E+21,9.65446E+15,5.34198E+16
11307,3.17023E+18,3,3,58,16,2017,2,14,1,3,5,3,1,1,0,0,0,0,1,5.72392E+20,5.8719E+21,1.00785E+16,5.29918E+16
11308,3.17023E+18,3,3,51,4,2017,2,19,1,2,5,3,0,1,0,0,0,2,1,5.65327E+20,5.85046E+21,9.96896E+15,5.28E+16
11309,3.17023E+18,3,2,41,5,2017,2,20,1,2,1,5,0,1,0,0,0,2,0,5.41035E+20,5.81222E+21,9.60393E+15,5.24586E+16
11310,3.17023E+18,3,1,59,16,2017,2,7,1,3,0,6,1,1,0,0,0,1,0,5.57767E+20,5.70815E+21,9.83262E+15,5.15216E+16
11311,3.17023E+18,3,1,57,8,2017,2,11,1,3,3,6,0,1,0,0,0,0,0,5.91918E+20,5.79972E+21,1.03492E+16,5.23401E+16
11312,3.17023E+18,3,4,59,24,2017,2,20,7,2,9,7,0,1,0,0,1,2,0,4.59139E+20,5.78534E+21,8.4019E+15,5.22169E+16
11313,3.17023E+18,3,4,59,33,2017,2,18,7,3,5,3,1,1,0,0,0,2,0,4.34122E+20,5.8016E+21,8.03258E+15,5.23607E+16
11314,3.17023E+18,3,4,59,13,2017,2,1,7,3,4,1,0,1,0,0,0,2,2,4.49633E+20,5.79941E+21,8.26066E+15,5.23427E+16
11315,3.17023E+18,3,4,57,3,2017,2,11,7,2,5,3,0,1,0,0,0,0,1,4.03158E+20,5.90295E+21,7.54796E+15,5.3267E+16
11316,3.17023E+18,3,4,51,7,2017,2,14,7,2,2,6,0,1,0,0,0,0,1,4.22501E+20,5.90466E+21,7.83749E+15,5.32855E+16
11317,3.17023E+18,3,4,54,41,2017,2,10,7,3,8,1,0,1,0,0,0,0,1,3.89724E+20,5.88487E+21,7.35286E+15,5.31019E+16
11318,3.17023E+18,3,4,56,20,2017,2,15,7,3,5,3,0,1,0,0,1,0,0,3.8057E+20,5.79647E+21,7.2483E+15,5.23055E+16
11319,3.17023E+18,3,4,56,19,2017,2,12,7,3,5,3,0,1,0,0,0,0,1,3.6092E+20,5.83103E+21,6.94588E+15,5.26114E+16
11320,3.17023E+18,3,4,54,18,2017,2,4,7,2,8,1,0,1,0,0,0,2,0,3.76238E+20,5.84437E+21,7.16696E+15,5.27351E+16
11321,3.17023E+18,3,4,62,5,2017,2,14,7,3,5,2,0,1,0,1,0,0,1,4.24004E+20,5.92085E+21,7.85615E+15,5.34312E+16
11322,3.17023E+18,3,4,52,7,2017,2,15,7,3,5,3,0,1,0,0,1,0,1,3.92184E+20,5.93642E+21,7.37204E+15,5.35656E+16
11323,3.17023E+18,3,4,53,4,2017,2,17,7,3,4,2,0,1,0,0,0,1,0,4.34809E+20,5.85654E+21,8.03184E+15,5.28546E+16
11324,3.17023E+18,3,4,53,4,2017,2,10,7,3,5,3,0,1,0,0,0,0,0,4.34668E+20,5.85671E+21,8.0297E+15,5.28562E+16
11325,3.17023E+18,3,4,55,27,2017,2,12,7,3,2,2,0,1,0,0,0,0,1,4.31083E+20,5.91636E+21,7.96365E+15,5.33918E+16
11326,3.17023E+18,3,4,55,20,2017,2,11,7,3,5,3,1,1,0,0,0,0,1,4.28466E+20,5.94648E+21,7.91742E+15,5.36622E+16
11327,3.17023E+18,3,3,61,8,2017,2,15,7,3,3,6,0,0,0,1,1,0,0,5.10375E+20,5.89071E+21,9.15519E+15,5.31657E+16
11328,3.17023E+18,3,3,61,13,2017,2,5,7,2,8,1,0,1,0,0,0,2,2,5.00487E+20,5.8669E+21,9.00725E+15,5.29517E+16
11329,3.17023E+18,3,2,51,49,2017,2,16,7,3,4,2,0,1,0,0,1,0,1,4.94509E+20,5.8538E+21,8.9185E+15,5.28339E+16
11330,3.17023E+18,3,4,58,10,2017,2,0,7,3,9,1,0,1,0,0,0,2,2,4.63366E+20,5.88524E+21,8.45267E+15,5.31153E+16
11331,3.17023E+18,3,3,52,62,2017,2,5,7,3,9,7,0,1,0,0,0,2,0,4.98466E+20,5.93504E+21,8.97684E+15,5.35642E+16
11332,3.17023E+18,3,3,53,9,2017,2,21,7,3,3,6,0,1,0,0,0,2,1,5.72318E+20,5.89431E+21,1.00825E+16,5.31932E+16
11333,3.17023E+18,3,3,59,10,2017,2,0,7,3,9,1,0,1,0,0,0,2,2,5.4628E+20,5.91971E+21,9.69646E+15,5.34244E+16
11334,3.17023E+18,3,3,59,10,2017,2,14,7,3,5,3,1,1,0,0,0,0,1,5.44314E+20,5.92411E+21,9.6675E+15,5.34641E+16
11335,3.17023E+18,3,3,59,38,2017,2,7,7,3,5,3,0,1,0,0,0,1,1,5.28894E+20,5.9385E+21,9.43656E+15,5.35945E+16
11336,3.17023E+18,3,3,58,8,2017,2,1,7,3,8,1,0,1,0,0,0,2,2,5.44907E+20,5.85666E+21,9.66697E+15,5.28578E+16
11337,3.17023E+18,3,3,58,19,2017,2,18,7,3,6,2,0,1,1,0,0,2,1,5.52685E+20,5.88577E+21,9.78722E+15,5.31188E+16
11338,3.17023E+18,3,3,58,23,2017,2,6,7,1,9,1,0,1,0,0,0,1,1,5.65594E+20,5.86744E+21,9.97635E+15,5.29526E+16
11339,3.17023E+18,3,3,60,15,2017,2,21,7,3,9,1,0,1,0,0,0,2,0,6.13338E+20,5.8737E+21,1.06889E+16,5.30009E+16
11340,3.17023E+18,3,3,60,4,2017,2,5,7,3,8,1,0,1,0,0,0,2,2,5.93401E+20,5.88565E+21,1.03954E+16,5.31121E+16
11341,3.17023E+18,3,3,60,10,2017,2,0,7,3,8,1,0,1,0,0,0,2,2,5.93214E+20,5.87749E+21,1.03903E+16,5.30388E+16
11342,3.1703E+18,3,4,51,2,2017,3,7,6,2,2,2,0,1,0,0,0,0,0,4.30242E+20,5.8934E+21,7.95606E+15,5.31854E+16
11343,3.1703E+18,3,2,51,47,2017,3,18,6,3,5,2,0,1,0,0,0,1,1,4.86503E+20,5.86817E+21,8.79905E+15,5.29629E+16
11344,3.1703E+18,3,2,51,49,2017,3,7,6,3,9,1,0,1,0,0,0,0,2,4.94698E+20,5.85676E+21,8.92126E+15,5.28605E+16
11345,3.1703E+18,3,2,51,32,2017,3,13,6,3,2,6,0,1,0,1,0,0,0,4.87758E+20,5.84304E+21,8.81868E+15,5.27371E+16
11346,3.17023E+18,3,3,54,18,2017,2,13,7,2,5,3,1,1,0,0,0,0,0,6.44329E+20,5.87055E+21,1.1149E+16,5.29651E+16
11347,3.1703E+18,3,4,58,7,2017,3,12,6,2,2,6,0,1,0,0,0,0,0,4.45019E+20,5.86773E+21,8.18156E+15,5.29564E+16
11348,3.17023E+18,3,3,55,30,2017,2,5,7,3,8,1,0,1,0,0,0,2,2,6.0579E+20,5.90268E+21,1.05861E+16,5.32628E+16
11349,3.17023E+18,3,3,51,25,2017,2,21,7,2,8,1,0,1,0,0,0,2,1,5.84612E+20,5.83603E+21,1.02512E+16,5.26676E+16
11350,3.17023E+18,3,2,41,1,2017,2,14,7,3,6,7,0,1,1,0,0,0,1,5.52476E+20,5.7987E+21,9.77018E+15,5.23361E+16
11351,3.17023E+18,3,2,41,12,2017,2,7,7,2,8,1,0,1,0,0,0,0,2,5.29054E+20,5.82394E+21,9.42863E+15,5.25648E+16
11352,3.1703E+18,3,4,61,3,2017,3,6,6,3,9,1,0,1,0,0,0,1,2,4.61411E+20,5.93348E+21,8.41758E+15,5.35488E+16
11353,3.17023E+18,3,2,41,5,2017,2,21,7,3,8,7,0,1,0,0,0,2,1,5.35027E+20,5.81375E+21,9.51567E+15,5.24728E+16
11354,3.1703E+18,3,4,61,5,2017,3,6,6,2,8,1,0,1,0,0,0,1,2,4.4804E+20,5.91032E+21,8.21962E+15,5.33395E+16
11355,3.17023E+18,3,2,41,16,2017,2,19,7,3,6,2,0,1,1,0,0,2,0,5.63438E+20,5.79919E+21,9.93113E+15,5.23394E+16
11356,3.1703E+18,3,4,61,9,2017,3,8,6,3,9,1,0,1,0,0,0,0,2,4.63856E+20,5.92158E+21,8.45585E+15,5.3442E+16
11357,3.17023E+18,3,2,41,11,2017,2,18,7,2,6,2,0,1,1,0,0,2,1,5.66099E+20,5.80297E+21,9.97093E+15,5.2373E+16
11358,3.17023E+18,3,2,41,18,2017,2,20,7,2,9,1,0,1,0,0,0,2,1,5.84881E+20,5.8097E+21,1.02485E+16,5.24309E+16
11359,3.17023E+18,3,2,41,4,2017,2,12,7,3,5,2,0,1,0,0,0,0,0,5.6164E+20,5.81857E+21,9.90832E+15,5.25137E+16
11360,3.17023E+18,3,2,57,6,2017,2,10,7,3,2,6,0,1,0,0,0,0,0,5.29232E+20,5.80064E+21,9.42922E+15,5.23553E+16
11361,3.17023E+18,3,2,41,18,2017,2,4,7,2,9,1,0,0,0,0,1,2,2,5.7814E+20,5.81325E+21,1.01502E+16,5.24638E+16
11362,3.17023E+18,3,2,54,28,2017,2,8,7,3,8,7,0,0,0,0,1,1,0,5.5868E+20,5.78972E+21,9.85966E+15,5.22547E+16
11363,3.17023E+18,3,1,59,29,2017,2,15,7,3,9,6,0,1,0,0,0,0,0,5.60973E+20,5.70776E+21,9.87876E+15,5.15177E+16
11364,3.17023E+18,3,1,59,1,2017,2,0,7,3,8,7,0,1,0,0,0,2,1,5.51751E+20,5.71401E+21,9.74678E+15,5.15748E+16
11365,3.17023E+18,3,1,58,27,2017,2,7,7,3,0,3,0,1,0,0,0,0,2,6.22231E+20,5.78407E+21,1.07883E+16,5.21935E+16
11366,3.17023E+18,3,1,53,8,2017,2,14,7,2,4,2,0,1,0,0,0,0,0,5.93794E+20,5.76373E+21,1.03668E+16,5.20162E+16
11367,3.17022E+18,3,4,59,4,2017,2,20,6,3,8,1,0,1,0,0,0,2,1,4.3488E+20,5.77803E+21,8.04826E+15,5.21489E+16
11368,3.17022E+18,3,4,59,3,2017,2,14,6,3,5,3,0,1,0,0,0,0,1,4.61168E+20,5.79537E+21,8.43044E+15,5.23073E+16
11369,3.17022E+18,3,4,59,17,2017,2,15,6,2,3,6,1,0,0,0,1,0,1,4.12416E+20,5.81699E+21,7.70988E+15,5.2496E+16
11370,3.17022E+18,3,4,59,25,2017,2,12,6,2,4,1,0,1,0,0,1,0,1,4.19683E+20,5.83749E+21,7.81191E+15,5.26814E+16
11371,3.17022E+18,3,4,4,0,2017,2,13,6,3,0,7,0,0,0,0,1,0,0,4.37635E+20,5.79014E+21,8.08629E+15,5.22581E+16
11372,3.17022E+18,3,4,4,0,2017,2,12,6,3,6,4,0,1,1,0,0,0,0,4.32732E+20,5.79437E+21,8.01362E+15,5.22956E+16
11373,3.17022E+18,3,4,57,22,2017,2,14,6,3,2,2,0,1,0,0,0,0,1,3.94243E+20,5.88634E+21,7.41983E+15,5.3116E+16
11374,3.17022E+18,3,4,57,8,2017,2,15,6,3,1,7,0,1,0,0,0,0,0,4.06545E+20,5.9017E+21,7.59909E+15,5.32563E+16
11375,3.17022E+18,3,4,52,25,2017,2,11,6,3,2,6,0,1,0,0,0,0,0,4.15766E+20,5.91929E+21,7.7326E+15,5.3416E+16
11376,3.17022E+18,3,4,52,1,2017,2,12,6,3,5,3,1,1,0,0,0,0,0,3.98635E+20,5.9257E+21,7.47287E+15,5.34706E+16
11377,3.17022E+18,3,4,53,1,2017,2,10,6,3,1,5,0,1,0,0,1,0,0,4.16615E+20,5.88609E+21,7.75408E+15,5.31177E+16
11378,3.17022E+18,3,4,60,7,2017,2,10,6,3,5,3,0,1,0,0,0,0,0,4.37504E+20,5.82255E+21,8.07832E+15,5.25494E+16
11379,3.17022E+18,3,4,53,9,2017,2,15,6,3,2,6,0,1,0,0,0,0,1,4.2463E+20,5.85102E+21,7.88197E+15,5.28037E+16
11380,3.17022E+18,3,4,55,27,2017,2,18,6,3,4,6,0,1,0,1,1,2,1,4.30378E+20,5.91533E+21,7.95328E+15,5.33824E+16
11381,3.17022E+18,3,4,5,0,2017,2,6,6,3,5,3,0,1,0,0,0,2,1,4.37096E+20,5.93116E+21,8.0511E+15,5.35256E+16
11382,3.17031E+18,3,2,41,17,2017,3,14,1,2,5,3,1,1,0,0,0,0,0,5.43833E+20,5.78052E+21,9.64097E+15,5.21734E+16
11383,3.17031E+18,3,2,41,2,2017,3,9,1,2,8,1,0,0,0,0,1,0,1,5.35641E+20,5.79773E+21,9.52301E+15,5.23287E+16
11384,3.17031E+18,3,1,53,12,2017,3,23,1,2,9,6,0,1,0,0,0,2,1,5.7862E+20,5.75369E+21,1.01434E+16,5.19284E+16
11385,3.17031E+18,3,2,55,31,2017,3,16,1,3,9,1,0,1,0,0,0,0,0,5.2699E+20,5.75559E+21,9.39272E+15,5.19504E+16
11386,3.17031E+18,3,1,2,0,2017,3,17,1,2,8,1,0,1,0,0,0,0,1,5.97858E+20,5.78443E+21,1.04319E+16,5.22016E+16
11387,3.1703E+18,3,4,57,22,2017,3,21,7,3,9,7,0,1,0,0,0,2,0,3.9469E+20,5.88514E+21,7.4269E+15,5.31053E+16
11388,3.17022E+18,3,3,61,9,2017,2,15,6,3,2,6,0,1,0,0,0,0,1,5.03758E+20,5.87832E+21,9.05607E+15,5.30544E+16
11389,3.17022E+18,3,4,55,26,2017,2,17,6,3,9,1,0,1,0,0,0,0,1,4.40412E+20,5.91666E+21,8.10387E+15,5.33956E+16
11390,3.17022E+18,3,4,55,26,2017,2,16,6,3,2,6,0,1,0,0,0,0,1,4.42259E+20,5.91001E+21,8.13286E+15,5.33361E+16
11391,3.17022E+18,3,4,51,7,2017,2,14,6,3,2,2,0,1,0,0,0,0,0,4.25658E+20,5.89558E+21,7.88697E+15,5.32043E+16
11392,3.17022E+18,3,4,3,0,2017,2,21,6,3,0,7,0,1,0,0,0,2,0,4.45949E+20,5.88839E+21,8.19194E+15,5.31421E+16
11393,3.17022E+18,3,4,60,1,2017,2,10,6,3,3,6,0,1,0,0,1,0,0,4.44233E+20,5.84292E+21,8.17409E+15,5.27332E+16
11394,3.17022E+18,3,4,58,1,2017,2,12,6,3,2,2,0,1,0,0,0,0,0,4.72104E+20,5.85704E+21,8.58564E+15,5.28624E+16
11395,3.17022E+18,3,4,58,14,2017,2,12,6,3,2,6,0,1,1,0,0,0,0,4.60801E+20,5.86012E+21,8.41739E+15,5.28893E+16
11396,3.17022E+18,3,3,52,11,2017,2,18,6,2,9,1,0,1,0,0,0,2,0,4.83239E+20,5.96476E+21,8.74533E+15,5.38311E+16
11397,3.17022E+18,3,3,53,36,2017,2,14,6,3,8,1,0,1,0,0,0,0,0,5.63304E+20,5.8966E+21,9.94801E+15,5.32149E+16
11398,3.1703E+18,3,4,57,20,2017,3,14,7,3,5,3,1,1,0,0,0,0,0,4.16582E+20,5.90695E+21,7.74814E+15,5.33052E+16
11399,3.17022E+18,3,3,53,35,2017,2,11,6,3,2,6,0,1,0,0,0,0,0,5.47692E+20,5.90351E+21,9.71527E+15,5.32787E+16
11400,3.1703E+18,3,4,57,20,2017,3,19,7,2,8,1,0,1,0,0,0,2,0,4.16587E+20,5.90156E+21,7.74962E+15,5.32568E+16
11401,3.1703E+18,3,4,54,58,2017,3,8,7,3,1,7,0,1,0,0,0,0,0,3.99526E+20,5.85922E+21,7.50717E+15,5.28733E+16
11402,3.1703E+18,3,4,54,51,2017,3,15,7,3,2,2,0,1,0,0,0,0,0,3.99388E+20,5.87298E+21,7.50086E+15,5.2997E+16
11403,3.1703E+18,3,4,54,35,2017,3,2,7,2,9,1,0,0,0,0,1,2,1,3.84265E+20,5.84213E+21,7.28658E+15,5.27166E+16
11404,3.1703E+18,3,4,52,23,2017,3,2,7,3,5,2,0,1,0,0,0,2,0,3.92557E+20,5.92673E+21,7.381E+15,5.34786E+16
11405,3.1703E+18,3,4,53,7,2017,3,6,7,3,2,6,0,1,0,0,1,1,0,4.25176E+20,5.87183E+21,7.88528E+15,5.29908E+16
11406,3.1703E+18,3,4,51,1,2017,3,14,7,3,5,3,0,0,0,1,1,0,0,4.19589E+20,5.89653E+21,7.79588E+15,5.3212E+16
11407,3.1703E+18,3,4,3,0,2017,3,13,7,3,5,3,0,1,0,0,0,0,0,4.47001E+20,5.88461E+21,8.20828E+15,5.31083E+16
11408,3.17022E+18,3,3,59,7,2017,2,11,6,3,5,3,1,1,0,0,0,0,0,5.38127E+20,5.92666E+21,9.57462E+15,5.34875E+16
11409,3.1703E+18,3,2,51,37,2017,3,0,7,3,2,6,0,1,0,0,0,2,0,4.81619E+20,5.86892E+21,8.72631E+15,5.29695E+16
11410,3.1703E+18,3,3,57,41,2017,3,4,7,2,9,1,0,1,0,0,0,2,0,5.36567E+20,5.88795E+21,9.54664E+15,5.31397E+16
11411,3.1703E+18,3,3,55,11,2017,3,13,7,3,2,6,0,1,0,0,0,0,0,5.96374E+20,5.91017E+21,1.04472E+16,5.33319E+16
11412,3.1703E+18,3,3,51,26,2017,3,19,7,3,0,6,1,1,0,0,0,2,0,5.73337E+20,5.85031E+21,1.00877E+16,5.27976E+16
11413,3.1703E+18,3,3,51,6,2017,3,8,7,3,1,5,0,1,0,0,0,0,0,5.68868E+20,5.82881E+21,1.00169E+16,5.26049E+16
11414,3.17022E+18,3,3,58,8,2017,2,23,6,3,8,1,0,1,0,0,0,2,2,5.44934E+20,5.85664E+21,9.66737E+15,5.28576E+16
11415,3.17022E+18,3,3,58,7,2017,2,4,6,3,2,6,0,1,0,0,1,2,1,5.46404E+20,5.83889E+21,9.68669E+15,5.26979E+16
11416,3.17022E+18,3,3,58,7,2017,2,17,6,3,5,3,0,1,0,0,0,1,0,5.44854E+20,5.83916E+21,9.66378E+15,5.27005E+16
11417,3.17022E+18,3,3,57,44,2017,2,16,6,3,2,6,0,1,0,0,0,0,0,5.33695E+20,5.90359E+21,9.50536E+15,5.32804E+16
11418,3.17022E+18,3,3,57,41,2017,2,10,6,3,2,6,0,1,0,1,0,0,0,5.30171E+20,5.89233E+21,9.45145E+15,5.31795E+16
11419,3.17022E+18,3,3,55,24,2017,2,13,6,3,2,6,0,1,0,0,0,0,0,5.93912E+20,5.89363E+21,1.04054E+16,5.31837E+16
11420,3.17022E+18,3,2,41,21,2017,2,8,6,3,8,1,0,1,0,0,0,0,1,5.27653E+20,5.80689E+21,9.40655E+15,5.24116E+16
11421,3.17022E+18,3,2,41,10,2017,2,6,6,3,5,3,0,1,0,1,0,2,1,5.4593E+20,5.81E+21,9.67566E+15,5.24383E+16
11422,3.17022E+18,3,2,41,1,2017,2,23,6,3,5,3,1,0,0,0,0,2,0,5.49956E+20,5.80435E+21,9.73404E+15,5.23871E+16