OBJECTID,UIDENTSTLA,ULAND,UREGBEZ,UKREIS,UGEMEINDE,UJAHR,UMONAT,USTUNDE,UWOCHENTAG,UKATEGORIE,UART,UTYP1,IstRad,IstPKW,IstFuss,IstKrad,IstSonstig,LICHT,STRZUSTAND,LINREFX,LINREFY,XGCSWGS84,YGCSWGS84
11423,3.17022E+18,3,2,41,1,2017,2,18,6,3,2,6,0,1,0,0,0,0,1,5.55187E+20,5.79849E+21,9.80993E+15,5.23339E+16
11424,3.17022E+18,3,2,41,1,2017,2,14,6,3,2,6,0,1,0,0,0,0,0,5.48052E+20,5.8079E+21,9.70658E+15,5.24192E+16
11425,3.1703E+18,3,2,41,1,2017,3,11,7,3,2,6,0,1,0,0,0,0,0,5.49239E+20,5.80111E+21,9.72303E+15,5.2358E+16
11426,3.1703E+18,3,4,58,9,2017,3,5,6,3,8,1,0,1,0,0,0,2,1,4.49906E+20,5.87851E+21,8.25262E+15,5.30537E+16
11427,3.17022E+18,3,2,41,19,2017,2,11,6,3,2,6,0,1,0,0,0,0,0,5.52041E+20,5.82602E+21,9.76806E+15,5.25817E+16
11428,3.1703E+18,3,2,41,2,2017,3,12,7,3,4,2,0,1,0,0,0,0,0,5.32694E+20,5.80312E+21,9.48029E+15,5.23774E+16
11429,3.1703E+18,3,2,41,2,2017,3,14,7,3,5,7,0,1,0,1,0,0,0,5.27376E+20,5.79817E+21,9.40176E+15,5.23331E+16
11430,3.1703E+18,3,2,41,11,2017,3,13,7,3,5,3,0,1,0,0,0,0,0,5.66552E+20,5.80776E+21,9.97854E+15,5.2416E+16
11431,3.1703E+18,3,2,41,3,2017,3,17,7,3,5,3,0,1,0,1,0,0,0,5.65735E+20,5.81389E+21,9.96774E+15,5.24712E+16
11432,3.1703E+18,3,1,55,6,2017,3,11,7,2,9,7,0,1,0,0,0,0,0,5.79578E+20,5.73399E+21,1.01528E+16,5.17511E+16
11433,3.1703E+18,3,1,55,5,2017,3,18,7,3,5,3,0,1,0,0,0,2,0,5.60269E+20,5.72158E+21,9.87098E+15,5.1642E+16
11434,3.1703E+18,3,2,54,22,2017,3,14,7,3,2,6,0,1,0,1,0,0,0,5.79998E+20,5.77466E+21,1.01684E+16,5.21166E+16
11435,3.1703E+18,3,2,52,6,2017,3,15,7,3,5,3,0,1,0,0,0,0,0,5.24698E+20,5.77248E+21,9.36059E+15,5.21024E+16
11436,3.1703E+18,3,2,52,5,2017,3,12,7,3,2,6,0,1,0,0,0,0,0,5.28913E+20,5.76304E+21,9.42133E+15,5.20173E+16
11437,3.17022E+18,3,2,41,1,2017,2,5,6,3,5,3,1,1,0,0,0,2,1,5.49917E+20,5.8073E+21,9.7339E+15,5.24136E+16
11438,3.17022E+18,3,1,55,12,2017,2,14,6,3,2,6,0,1,0,0,0,0,0,5.49402E+20,5.72357E+21,9.71424E+15,5.16609E+16
11439,3.17022E+18,3,1,55,7,2017,2,8,6,3,8,7,1,0,0,0,0,0,1,5.75685E+20,5.72682E+21,1.00949E+16,5.16872E+16
11440,3.1703E+18,3,1,58,23,2017,3,12,7,3,5,3,1,1,0,0,0,0,0,6.07093E+20,5.77527E+21,1.05641E+16,5.21176E+16
11441,3.1703E+18,3,1,54,10,2017,3,8,7,3,3,7,0,1,0,0,1,0,0,6.40231E+20,5.78763E+21,1.10529E+16,5.22212E+16
11442,3.17022E+18,3,2,57,31,2017,2,9,6,3,4,6,0,1,0,0,1,0,1,5.06732E+20,5.784E+21,9.09851E+15,5.22064E+16
11443,3.17022E+18,3,2,57,2,2017,2,11,6,3,0,1,0,1,0,0,0,0,1,5.20091E+20,5.79312E+21,9.29455E+15,5.2288E+16
11444,3.17022E+18,3,2,54,21,2017,2,18,6,3,5,3,0,1,0,0,0,2,1,5.69582E+20,5.77949E+21,1.00172E+16,5.21615E+16
11445,3.17022E+18,3,1,59,1,2017,2,22,6,3,9,1,0,1,0,0,0,2,2,5.52973E+20,5.71459E+21,9.7645E+15,5.15798E+16
11446,3.17022E+18,3,1,59,16,2017,2,13,6,3,5,3,0,1,0,0,0,0,0,5.65204E+20,5.70858E+21,9.93987E+15,5.15246E+16
11447,3.1703E+18,3,4,59,8,2017,3,15,6,3,2,6,0,1,0,0,0,0,0,4.42538E+20,5.79756E+21,8.15685E+15,5.23254E+16
11448,3.17022E+18,3,1,59,16,2017,2,9,6,3,2,6,0,1,0,0,0,0,1,5.65121E+20,5.71211E+21,9.93934E+15,5.15563E+16
11449,3.1703E+18,3,4,59,19,2017,3,15,6,3,9,7,0,1,0,0,0,0,0,4.3465E+20,5.78429E+21,8.04368E+15,5.22052E+16
11450,3.1703E+18,3,4,59,4,2017,3,6,6,3,8,1,0,1,0,0,0,2,1,4.34111E+20,5.77812E+21,8.037E+15,5.21496E+16
11451,3.1703E+18,3,4,59,17,2017,3,19,6,3,0,7,1,0,0,0,0,2,1,4.09875E+20,5.81903E+21,7.6719E+15,5.25139E+16
11452,3.1703E+18,3,4,57,18,2017,3,16,6,3,3,2,1,1,0,0,0,0,0,4.04721E+20,5.88832E+21,7.57576E+15,5.31357E+16
11453,3.1703E+18,3,4,57,14,2017,3,7,6,2,5,3,1,1,0,0,0,0,2,3.99205E+20,5.90714E+21,7.48738E+15,5.33038E+16
11454,3.1703E+18,3,4,54,42,2017,3,7,6,2,9,1,0,1,0,0,0,0,1,4.1038E+20,5.86156E+21,7.66775E+15,5.28962E+16
11455,3.1703E+18,3,4,54,11,2017,3,5,6,3,9,1,0,1,0,0,0,1,2,4.09446E+20,5.8739E+21,7.65041E+15,5.3007E+16
11456,3.1703E+18,3,4,56,1,2017,3,15,6,3,2,2,0,1,0,0,0,0,1,3.69043E+20,5.79625E+21,7.07942E+15,5.23009E+16
11457,3.1703E+18,3,4,56,15,2017,3,11,6,3,5,3,1,1,0,0,0,0,0,3.68247E+20,5.81205E+21,7.06155E+15,5.24428E+16
11458,3.1703E+18,3,4,54,39,2017,3,7,6,3,5,3,1,1,0,0,0,0,1,3.84492E+20,5.85774E+21,7.28443E+15,5.28569E+16
11459,3.17022E+18,3,1,59,16,2017,2,8,6,3,5,3,0,1,0,0,0,0,1,5.65272E+20,5.70814E+21,9.94078E+15,5.15206E+16
11460,3.17022E+18,3,1,57,6,2017,2,19,6,2,1,5,0,1,0,0,1,2,1,5.8152E+20,5.79878E+21,1.01964E+16,5.23333E+16
11461,3.17022E+18,3,1,53,12,2017,2,7,6,3,2,6,0,1,0,0,0,0,1,5.79827E+20,5.74581E+21,1.01591E+16,5.18574E+16
11462,3.17022E+18,3,1,53,2,2017,2,11,6,3,8,1,0,1,0,0,0,0,1,6.05754E+20,5.75227E+21,1.05375E+16,5.19111E+16
11463,3.17022E+18,3,1,51,31,2017,2,12,6,3,8,1,0,1,0,0,0,0,2,6.22231E+20,5.81794E+21,1.08006E+16,5.24978E+16
11464,3.17022E+18,3,1,51,31,2017,2,12,6,3,4,2,0,1,0,0,0,0,1,6.22229E+20,5.81792E+21,1.08006E+16,5.24977E+16
11465,3.17022E+18,3,1,54,14,2017,2,14,6,3,2,6,0,1,0,0,0,0,0,6.174E+20,5.8042E+21,1.07246E+16,5.23755E+16
11466,3.17022E+18,3,1,54,14,2017,2,13,6,3,2,6,0,1,0,0,0,0,0,6.18096E+20,5.79998E+21,1.07334E+16,5.23374E+16
11467,3.17022E+18,3,1,54,13,2017,2,11,6,3,3,6,0,1,0,0,1,0,0,6.28828E+20,5.79484E+21,1.08888E+16,5.22888E+16
11468,3.1703E+18,3,4,54,29,2017,3,13,6,3,5,3,0,1,0,0,0,0,0,3.86535E+20,5.85805E+21,7.31465E+15,5.28602E+16
11469,3.17022E+18,3,1,1,0,2017,2,12,6,3,2,6,0,1,0,0,0,0,1,6.02946E+20,5.79246E+21,1.05088E+16,5.22729E+16
11470,3.17022E+18,3,4,59,22,2017,2,7,5,3,8,1,0,0,0,0,1,0,1,4.42381E+20,5.78004E+21,8.15753E+15,5.21679E+16
11471,3.1703E+18,3,4,62,11,2017,3,7,6,2,4,6,0,1,0,0,0,0,1,4.02736E+20,5.93813E+21,7.53078E+15,5.3583E+16
11472,3.1703E+18,3,4,62,5,2017,3,14,6,3,5,2,0,1,0,0,0,0,0,4.22946E+20,5.92309E+21,7.83968E+15,5.34512E+16
11473,3.1703E+18,3,4,58,7,2017,3,7,6,2,9,1,0,1,0,0,0,1,2,4.46751E+20,5.8653E+21,8.20774E+15,5.29347E+16
11474,3.1703E+18,3,4,62,2,2017,3,7,6,2,8,1,0,1,0,0,0,1,1,4.11864E+20,5.9392E+21,7.66831E+15,5.35942E+16
11475,3.1703E+18,3,4,62,19,2017,3,7,6,2,8,1,0,1,0,0,0,0,2,4.24477E+20,5.94123E+21,7.85835E+15,5.36144E+16
11476,3.1703E+18,3,4,52,11,2017,3,7,6,3,0,7,0,0,0,1,0,0,2,3.77761E+20,5.91932E+21,7.16104E+15,5.34088E+16
11477,3.17022E+18,3,4,59,30,2017,2,18,5,2,0,4,0,1,1,0,0,2,1,4.2868E+20,5.83664E+21,7.94516E+15,5.2675E+16
11478,3.17022E+18,3,4,4,0,2017,2,6,5,3,5,3,0,1,0,0,1,2,1,4.32634E+20,5.79437E+21,8.01218E+15,5.22955E+16
11479,3.17022E+18,3,4,57,17,2017,2,13,5,3,5,3,1,1,0,0,0,0,1,4.07839E+20,5.88881E+21,7.6222E+15,5.31407E+16
11480,3.1703E+18,3,4,52,8,2017,3,7,6,3,9,1,0,1,0,0,0,1,1,3.87191E+20,5.94238E+21,7.29453E+15,5.36181E+16
11481,3.17022E+18,3,4,57,24,2017,2,18,5,3,2,2,0,1,0,0,0,0,1,3.85852E+20,5.89357E+21,7.29194E+15,5.31793E+16
11482,3.1703E+18,3,4,52,1,2017,3,17,6,3,8,1,0,0,0,1,0,1,0,4.06737E+20,5.92989E+21,7.59364E+15,5.35097E+16
11483,3.1703E+18,3,4,53,6,2017,3,7,6,3,8,1,0,1,0,0,0,0,1,4.27895E+20,5.83927E+21,7.93298E+15,5.26986E+16
11484,3.1703E+18,3,4,55,15,2017,3,22,6,3,8,1,0,1,0,0,0,2,1,4.3047E+20,5.93535E+21,7.95024E+15,5.35624E+16
11485,3.1703E+18,3,4,5,0,2017,3,15,6,2,6,4,0,1,1,0,0,0,0,4.39858E+20,5.93657E+21,8.09172E+15,5.35746E+16
11486,3.1703E+18,3,4,5,0,2017,3,7,6,3,9,1,0,1,0,0,0,0,2,4.38808E+20,5.93666E+21,8.07585E+15,5.35752E+16
11487,3.1703E+18,3,3,56,10,2017,3,6,6,2,8,1,0,1,0,0,0,1,2,4.92048E+20,5.91048E+21,8.88056E+15,5.33434E+16
11488,3.1703E+18,3,3,61,1,2017,3,19,6,3,2,6,0,1,0,0,1,2,1,5.01142E+20,5.87529E+21,9.01702E+15,5.30271E+16
11489,3.1703E+18,3,4,58,1,2017,3,7,6,3,8,1,0,1,0,0,0,0,2,4.72561E+20,5.85731E+21,8.5924E+15,5.28648E+16
11490,3.1703E+18,3,4,1,0,2017,3,7,6,3,5,3,1,1,0,0,0,0,1,4.76172E+20,5.87767E+21,8.64455E+15,5.3048E+16
11491,3.17022E+18,3,4,56,4,2017,2,15,5,3,9,1,0,1,0,0,0,0,1,3.61678E+20,5.82401E+21,6.95999E+15,5.25486E+16
11492,3.17022E+18,3,4,56,15,2017,2,14,5,3,0,2,0,1,0,0,0,0,1,3.69389E+20,5.80388E+21,7.08153E+15,5.23696E+16
11493,3.17022E+18,3,4,54,40,2017,2,6,5,3,5,3,0,1,0,0,0,2,1,3.83089E+20,5.85636E+21,7.26409E+15,5.28443E+16
11494,3.17022E+18,3,4,54,35,2017,2,13,5,3,2,6,0,1,0,0,0,0,1,3.84862E+20,5.8418E+21,7.29554E+15,5.27138E+16
11495,3.17022E+18,3,4,54,19,2017,2,7,5,3,2,6,0,1,0,0,0,1,1,3.85391E+20,5.82888E+21,7.30785E+15,5.25978E+16
11496,3.17022E+18,3,4,54,2,2017,2,14,5,3,1,5,0,1,0,0,0,0,1,3.92474E+20,5.82913E+21,7.41229E+15,5.26015E+16
11497,3.17022E+18,3,4,62,11,2017,2,17,5,3,5,3,0,1,0,0,0,1,1,4.00577E+20,5.93862E+21,7.49802E+15,5.3587E+16
11498,3.17022E+18,3,4,62,10,2017,2,23,5,2,9,1,0,1,0,0,0,2,1,4.11888E+20,5.94701E+21,7.66646E+15,5.36644E+16
11499,3.17022E+18,3,4,62,5,2017,2,9,5,3,4,2,0,1,0,0,0,0,1,4.22946E+20,5.92309E+21,7.83968E+15,5.34512E+16
11500,3.1703E+18,3,3,52,59,2017,3,7,6,3,5,2,1,1,0,0,0,0,0,4.87978E+20,5.92064E+21,8.81904E+15,5.34346E+16
11501,3.17022E+18,3,4,52,24,2017,2,6,5,3,5,3,0,1,0,0,1,2,1,3.86044E+20,5.93131E+21,7.28122E+15,5.35183E+16
11502,3.1703E+18,3,3,53,29,2017,3,7,6,3,4,6,0,1,0,0,0,0,2,5.58396E+20,5.91525E+21,9.87795E+15,5.33831E+16
11503,3.17022E+18,3,4,52,1,2017,2,15,5,3,2,6,0,1,0,0,0,0,1,3.9903E+20,5.92528E+21,7.47895E+15,5.34668E+16
11504,3.1703E+18,3,3,53,2,2017,3,6,6,3,8,7,0,1,0,0,0,0,2,5.64797E+20,5.90563E+21,9.97221E+15,5.32959E+16
11505,3.17022E+18,3,4,60,5,2017,2,10,5,3,2,2,0,1,0,0,0,0,1,4.40614E+20,5.82682E+21,8.12341E+15,5.25881E+16
11506,3.17022E+18,3,4,55,26,2017,2,14,5,3,5,2,0,1,0,0,0,0,1,4.41943E+20,5.91137E+21,8.12786E+15,5.33483E+16
11507,3.17022E+18,3,3,56,8,2017,2,16,5,3,4,2,0,1,0,0,0,0,1,4.80444E+20,5.89311E+21,8.70733E+15,5.3187E+16
11508,3.17022E+18,3,4,51,7,2017,2,15,5,3,2,6,0,1,0,0,0,0,1,4.24199E+20,5.90548E+21,7.86276E+15,5.32931E+16
11509,3.1703E+18,3,3,53,35,2017,3,7,6,3,8,1,0,1,0,0,0,1,2,5.55345E+20,5.90446E+21,9.83019E+15,5.32865E+16
11510,3.1703E+18,3,3,59,34,2017,3,9,6,3,2,6,0,1,0,0,1,0,0,5.39397E+20,5.92782E+21,9.5939E+15,5.34978E+16
11511,3.1703E+18,3,3,59,14,2017,3,9,6,3,2,6,0,1,0,0,0,0,0,5.22889E+20,5.93812E+21,9.34581E+15,5.35914E+16
11512,3.1703E+18,3,3,59,14,2017,3,9,6,3,2,6,0,1,0,0,1,0,0,5.25088E+20,5.93845E+21,9.37906E+15,5.35943E+16
11513,3.1703E+18,3,3,58,5,2017,3,13,6,3,2,6,0,1,0,0,0,0,0,5.46841E+20,5.83641E+21,9.69279E+15,5.26756E+16
11514,3.1703E+18,3,3,58,5,2017,3,10,6,3,2,6,0,1,0,0,0,0,0,5.46676E+20,5.83714E+21,9.69046E+15,5.26822E+16
11515,3.1703E+18,3,3,58,23,2017,3,8,6,3,9,1,0,1,0,0,0,2,2,5.61826E+20,5.86291E+21,9.9194E+15,5.29123E+16
11516,3.1703E+18,3,3,58,19,2017,3,7,6,2,9,1,0,1,0,0,0,0,2,5.53199E+20,5.87366E+21,9.7929E+15,5.30098E+16
11517,3.17022E+18,3,2,51,41,2017,2,6,5,3,2,2,0,1,0,0,0,1,1,4.88161E+20,5.86411E+21,8.82389E+15,5.29265E+16
11518,3.1703E+18,3,3,57,21,2017,3,7,6,2,4,1,0,1,0,0,0,0,2,5.25215E+20,5.911E+21,9.37877E+15,5.33476E+16
11519,3.1703E+18,3,3,57,57,2017,3,5,6,3,5,3,0,1,0,0,0,2,0,5.18936E+20,5.90395E+21,9.28404E+15,5.32844E+16
11520,3.1703E+18,3,3,57,8,2017,3,7,6,3,5,3,0,1,0,0,0,0,1,5.09564E+20,5.92654E+21,9.14415E+15,5.34877E+16
11521,3.17022E+18,3,2,51,40,2017,2,8,5,3,4,2,0,1,0,0,1,0,1,4.89136E+20,5.83676E+21,8.83931E+15,5.26807E+16
11522,3.17022E+18,3,4,1,0,2017,2,16,5,2,0,7,0,1,0,0,0,0,1,4.75738E+20,5.87716E+21,8.63811E+15,5.30434E+16
11523,3.17022E+18,3,3,59,10,2017,2,19,5,3,5,3,1,1,0,0,0,2,1,5.46729E+20,5.92566E+21,9.70411E+15,5.34778E+16
11524,3.17022E+18,3,3,59,10,2017,2,18,5,3,8,1,0,1,0,0,0,2,1,5.49518E+20,5.92651E+21,9.74626E+15,5.34852E+16
11525,3.1703E+18,3,3,57,22,2017,3,11,6,3,2,2,0,1,0,0,0,0,0,5.15945E+20,5.88049E+21,9.23799E+15,5.30737E+16
11526,3.17022E+18,3,3,59,25,2017,2,18,5,3,2,2,0,1,0,0,0,2,1,5.20313E+20,5.94056E+21,9.30705E+15,5.36135E+16
11527,3.17022E+18,3,3,59,16,2017,2,11,5,1,8,7,0,1,0,0,0,0,1,5.11463E+20,5.93597E+21,9.17311E+15,5.35725E+16
11528,3.1703E+18,3,3,57,37,2017,3,21,6,2,3,6,0,1,0,0,0,2,1,5.1496E+20,5.88814E+21,9.22365E+15,5.31424E+16
11529,3.17022E+18,3,3,58,22,2017,2,15,5,2,4,2,1,1,0,0,0,0,1,5.40214E+20,5.8571E+21,9.59732E+15,5.28621E+16
11530,3.17022E+18,3,3,58,21,2017,2,16,5,3,2,6,0,1,0,0,0,0,1,5.56712E+20,5.87114E+21,9.84481E+15,5.29869E+16
11531,3.17022E+18,3,3,57,51,2017,2,16,5,3,2,6,0,1,0,0,0,0,1,5.38833E+20,5.87072E+21,9.57845E+15,5.29846E+16
11532,3.1703E+18,3,3,57,39,2017,3,20,6,3,5,2,1,1,0,0,0,2,1,5.26627E+20,5.88421E+21,9.39774E+15,5.31067E+16
11533,3.17022E+18,3,3,57,1,2017,2,17,5,3,8,1,0,0,0,1,0,0,1,5.18142E+20,5.87959E+21,9.27074E+15,5.30655E+16
11534,3.1703E+18,3,3,60,4,2017,3,7,6,2,8,1,0,1,0,0,0,0,2,6.02424E+20,5.88795E+21,1.05309E+16,5.31311E+16
11535,3.17022E+18,3,3,55,22,2017,2,10,5,3,2,6,0,1,0,0,0,0,1,5.95119E+20,5.90316E+21,1.04263E+16,5.32691E+16
11536,3.1703E+18,3,3,60,3,2017,3,7,6,3,9,1,0,1,0,0,0,0,2,5.99841E+20,5.87831E+21,1.04893E+16,5.3045E+16
11537,3.1703E+18,3,3,60,25,2017,3,6,6,2,9,1,0,1,0,0,0,0,2,6.00638E+20,5.86799E+21,1.0498E+16,5.29521E+16
11538,3.1703E+18,3,3,60,25,2017,3,7,6,3,9,1,0,1,0,0,0,1,2,6.05917E+20,5.86709E+21,1.05762E+16,5.29429E+16
11539,3.1703E+18,3,3,60,25,2017,3,6,6,3,9,1,0,1,0,0,0,0,2,6.00924E+20,5.8723E+21,1.05036E+16,5.29907E+16
11540,3.17022E+18,3,2,41,2,2017,2,14,5,3,8,1,0,1,0,0,0,0,1,5.31829E+20,5.7982E+21,9.46711E+15,5.23332E+16
11541,3.1703E+18,3,3,55,4,2017,3,18,6,3,6,4,0,1,1,0,0,2,0,5.92345E+20,5.90597E+21,1.03855E+16,5.32949E+16
11542,3.17022E+18,3,2,41,5,2017,2,20,5,3,5,3,0,1,0,0,0,2,1,5.40782E+20,5.80961E+21,9.59989E+15,5.24351E+16
11543,3.17022E+18,3,2,41,19,2017,2,19,5,3,7,7,1,0,0,0,0,2,1,5.4942E+20,5.82138E+21,9.72869E+15,5.25402E+16
11544,3.17022E+18,3,2,41,10,2017,2,18,5,3,8,1,0,1,0,0,0,2,1,5.45128E+20,5.81412E+21,9.66442E+15,5.24754E+16
11545,3.1703E+18,3,3,55,32,2017,3,13,6,3,5,3,0,1,0,0,1,0,0,6.01884E+20,5.90555E+21,1.05284E+16,5.32893E+16
11546,3.1703E+18,3,3,51,4,2017,3,19,6,3,4,6,0,1,0,0,0,2,0,5.64803E+20,5.85166E+21,9.96144E+15,5.28108E+16
11547,3.17022E+18,3,2,41,9,2017,2,23,5,3,9,1,0,1,0,0,0,2,1,5.5665E+20,5.79459E+21,9.83074E+15,5.22988E+16
11548,3.17022E+18,3,2,41,11,2017,2,16,5,3,4,7,0,1,1,0,1,0,1,5.759E+20,5.80025E+21,1.01143E+16,5.23473E+16
11549,3.17022E+18,3,2,41,19,2017,2,9,5,2,5,3,0,1,0,0,0,0,1,5.49341E+20,5.82562E+21,9.72816E+15,5.25784E+16
11550,3.17022E+18,3,2,41,1,2017,2,6,5,3,2,6,0,1,0,0,1,1,1,5.43404E+20,5.80754E+21,9.63818E+15,5.24163E+16
11551,3.17022E+18,3,2,41,21,2017,2,8,5,3,2,6,0,1,0,0,0,0,1,5.30261E+20,5.80207E+21,9.44445E+15,5.23681E+16
11552,3.17022E+18,3,1,59,19,2017,2,18,5,3,3,2,0,1,0,0,1,1,1,5.92468E+20,5.72304E+21,1.03366E+16,5.16508E+16
11553,3.17022E+18,3,1,59,2,2017,2,7,5,3,9,7,0,1,0,0,0,2,1,5.83685E+20,5.7367E+21,1.02129E+16,5.17749E+16
11554,3.17022E+18,3,2,57,13,2017,2,13,5,3,2,2,0,1,0,0,0,0,1,5.08621E+20,5.79396E+21,9.12642E+15,5.2296E+16
11555,3.1703E+18,3,2,41,10,2017,3,10,6,3,5,3,0,1,0,0,0,0,0,5.49798E+20,5.81492E+21,9.7333E+15,5.24822E+16
11556,3.17022E+18,3,2,52,2,2017,2,11,5,3,8,1,0,1,0,0,0,0,1,5.29524E+20,5.785E+21,9.43213E+15,5.22146E+16
11557,3.1703E+18,3,2,41,10,2017,3,15,6,3,2,2,0,1,0,0,0,0,0,5.49881E+20,5.81412E+21,9.7344E+15,5.2475E+16
11558,3.17022E+18,3,2,52,6,2017,2,7,5,3,3,6,0,1,0,0,1,2,1,5.24197E+20,5.77238E+21,9.35326E+15,5.21014E+16
11559,3.1703E+18,3,2,41,1,2017,3,13,6,3,5,3,1,1,0,0,0,0,0,5.5841E+20,5.80447E+21,9.85826E+15,5.23874E+16
11560,3.1703E+18,3,2,41,1,2017,3,8,6,2,5,3,1,1,0,0,0,0,0,5.56343E+20,5.7995E+21,9.82706E+15,5.23429E+16
11561,3.1703E+18,3,2,41,1,2017,3,7,6,3,5,3,0,1,0,0,1,0,1,5.4301E+20,5.80697E+21,9.63232E+15,5.24113E+16
11562,3.1703E+18,3,2,41,19,2017,3,10,6,3,2,6,0,1,0,0,0,0,0,5.51791E+20,5.82632E+21,9.76442E+15,5.25845E+16
11563,3.1703E+18,3,2,41,8,2017,3,7,6,3,3,1,0,1,0,0,0,0,1,5.59446E+20,5.80865E+21,9.87423E+15,5.24248E+16
11564,3.1703E+18,3,2,57,6,2017,3,13,6,3,2,6,0,1,0,0,0,0,0,5.28694E+20,5.79958E+21,9.42123E+15,5.23457E+16
11565,3.1703E+18,3,1,59,26,2017,3,6,6,2,4,1,0,1,0,0,1,1,2,5.79437E+20,5.72789E+21,1.01494E+16,5.16963E+16
11566,3.1703E+18,3,1,59,26,2017,3,6,6,3,9,1,0,1,0,0,0,1,2,5.90092E+20,5.72703E+21,1.03033E+16,5.1687E+16
11567,3.1703E+18,3,1,55,13,2017,3,13,6,3,5,3,0,1,0,0,0,0,0,5.60079E+20,5.73965E+21,9.87135E+15,5.18045E+16
11568,3.17022E+18,3,1,59,1,2017,2,23,5,3,8,1,0,0,0,1,0,2,1,5.51279E+20,5.71078E+21,9.7395E+15,5.15458E+16
11569,3.1703E+18,3,1,53,12,2017,3,16,6,3,3,6,0,1,0,0,1,0,0,5.77694E+20,5.74835E+21,1.01287E+16,5.18805E+16
11570,3.17022E+18,3,1,59,7,2017,2,15,5,3,5,3,0,1,0,0,0,0,1,5.63117E+20,5.71513E+21,9.91097E+15,5.15837E+16
11571,3.1703E+18,3,2,52,3,2017,3,13,6,3,5,3,0,1,0,0,0,0,0,5.15956E+20,5.75956E+21,9.23235E+15,5.19865E+16
11572,3.17022E+18,3,1,59,17,2017,2,7,5,3,2,6,0,1,0,0,0,0,1,5.44599E+20,5.69115E+21,9.64071E+15,5.13699E+16
11573,3.1703E+18,3,2,52,6,2017,3,23,6,3,5,2,0,1,0,0,0,2,0,5.24374E+20,5.77301E+21,9.3559E+15,5.21071E+16
11574,3.17022E+18,3,1,59,16,2017,2,8,5,3,4,2,0,1,0,0,0,1,1,5.65208E+20,5.7074E+21,9.93972E+15,5.1514E+16
11575,3.17022E+18,3,1,54,19,2017,2,13,5,2,4,6,0,1,0,0,0,0,1,6.34358E+20,5.78047E+21,1.09642E+16,5.21583E+16
11576,3.17022E+18,3,1,58,37,2017,2,17,5,2,5,2,1,1,0,0,0,0,0,6.05343E+20,5.78013E+21,1.05401E+16,5.21616E+16
11577,3.1703E+18,3,2,52,6,2017,3,7,6,3,0,1,0,0,0,1,0,0,1,5.26066E+20,5.7781E+21,9.38098E+15,5.21528E+16
11578,3.17022E+18,3,1,57,9,2017,2,6,5,3,2,6,0,1,0,0,1,1,1,5.84011E+20,5.79468E+21,1.02319E+16,5.22961E+16
11579,3.1703E+18,3,1,59,17,2017,3,8,6,3,2,6,0,1,0,0,0,0,1,5.52584E+20,5.69419E+21,9.75585E+15,5.13965E+16
11580,3.17022E+18,3,1,2,0,2017,2,8,5,3,3,6,0,1,0,0,0,0,1,5.97646E+20,5.78186E+21,1.04281E+16,5.21786E+16
11581,3.17022E+18,3,1,51,16,2017,2,10,5,3,2,6,0,1,0,0,0,0,1,6.04271E+20,5.8051E+21,1.05321E+16,5.23862E+16
11582,3.1703E+18,3,1,59,16,2017,3,16,6,3,5,2,0,1,0,0,1,0,0,5.64764E+20,5.71011E+21,9.93382E+15,5.15384E+16
11583,3.17022E+18,3,4,59,24,2017,2,14,4,3,9,1,0,1,0,0,0,0,1,4.62654E+20,5.78328E+21,8.45358E+15,5.21987E+16
11584,3.1703E+18,3,1,59,16,2017,3,14,6,3,2,6,0,1,0,0,0,0,0,5.61594E+20,5.71194E+21,9.88844E+15,5.15552E+16
11585,3.17022E+18,3,4,59,33,2017,2,8,4,3,6,6,0,1,1,0,0,0,1,4.29993E+20,5.79998E+21,7.97229E+15,5.23457E+16
11586,3.1703E+18,3,1,54,10,2017,3,6,6,3,9,1,0,0,0,0,1,0,2,6.39628E+20,5.79067E+21,1.10454E+16,5.22487E+16
11587,3.17022E+18,3,4,57,14,2017,2,8,4,3,9,1,0,1,0,0,1,0,1,4.03594E+20,5.90664E+21,7.55338E+15,5.33002E+16
11588,3.1703E+18,3,1,58,11,2017,3,7,6,3,0,1,0,0,0,1,0,0,1,5.86594E+20,5.77077E+21,1.02637E+16,5.20807E+16
11589,3.17022E+18,3,4,57,18,2017,2,7,4,3,8,1,0,1,0,0,0,2,1,4.0189E+20,5.89568E+21,7.53119E+15,5.32014E+16
11590,3.1703E+18,3,1,53,17,2017,3,9,6,3,4,2,0,1,0,0,0,0,0,5.97944E+20,5.75472E+21,1.04247E+16,5.19345E+16
11591,3.1703E+18,3,1,51,7,2017,3,6,6,3,9,1,0,0,0,0,1,2,2,6.06564E+20,5.83866E+21,1.05766E+16,5.26874E+16
11592,3.1703E+18,3,1,51,36,2017,3,7,6,3,8,1,0,1,0,0,0,0,2,6.04644E+20,5.83121E+21,1.05458E+16,5.26208E+16
11593,3.1703E+18,3,1,51,16,2017,3,7,6,2,8,1,0,1,0,0,0,0,2,6.02718E+20,5.80391E+21,1.0509E+16,5.23758E+16
11594,3.1703E+18,3,1,51,25,2017,3,20,6,2,5,2,0,1,0,0,0,1,0,6.1035E+20,5.82512E+21,1.0628E+16,5.25649E+16
11595,3.1703E+18,3,1,51,9,2017,3,9,6,3,4,2,1,1,0,0,0,0,1,6.01821E+20,5.81246E+21,1.04984E+16,5.24528E+16
11596,3.1703E+18,3,1,1,0,2017,3,14,6,3,2,6,0,1,0,0,1,0,0,6.0279E+20,5.79732E+21,1.0508E+16,5.23166E+16
11597,3.1703E+18,3,4,4,0,2017,3,15,5,3,2,6,0,1,0,0,1,0,1,4.34274E+20,5.79274E+21,8.03654E+15,5.22811E+16