OBJECTID,UIDENTSTLA,ULAND,UREGBEZ,UKREIS,UGEMEINDE,UJAHR,UMONAT,USTUNDE,UWOCHENTAG,UKATEGORIE,UART,UTYP1,IstRad,IstPKW,IstFuss,IstKrad,IstSonstig,LICHT,STRZUSTAND,LINREFX,LINREFY,XGCSWGS84,YGCSWGS84
11598,3.17022E+18,3,4,56,16,2017,2,13,4,3,5,3,0,0,0,0,1,0,1,3.82711E+20,5.7926E+21,7.28103E+15,5.22712E+16
11599,3.17022E+18,3,4,54,19,2017,2,6,4,3,5,3,0,1,0,0,0,2,1,3.9708E+20,5.83543E+21,7.47832E+15,5.2659E+16
11600,3.17022E+18,3,4,52,3,2017,2,13,4,2,6,4,0,1,1,0,0,0,0,3.88561E+20,5.94015E+21,7.31603E+15,5.35983E+16
11601,3.17022E+18,3,4,52,25,2017,2,7,4,2,5,3,0,1,0,1,0,1,1,4.15603E+20,5.91995E+21,7.72997E+15,5.34219E+16
11602,3.17022E+18,3,4,52,23,2017,2,7,4,2,4,6,0,1,0,0,1,1,1,3.91115E+20,5.92875E+21,7.35856E+15,5.34965E+16
11603,3.17022E+18,3,4,60,8,2017,2,16,4,3,4,6,0,1,0,0,1,0,1,4.45078E+20,5.82851E+21,8.18901E+15,5.26038E+16
11604,3.17022E+18,3,4,60,10,2017,2,6,4,3,5,3,1,1,0,0,0,2,1,4.53827E+20,5.85455E+21,8.31453E+15,5.28388E+16
11605,3.17022E+18,3,4,53,9,2017,2,16,4,3,8,1,0,1,0,0,0,1,1,4.29135E+20,5.84844E+21,7.94934E+15,5.27812E+16
11606,3.1703E+18,3,4,57,20,2017,3,5,5,3,8,7,0,1,0,0,0,2,1,4.17844E+20,5.90236E+21,7.76826E+15,5.32642E+16
11607,3.17022E+18,3,4,53,5,2017,2,12,4,3,4,2,0,1,0,0,0,0,1,4.42884E+20,5.85403E+21,8.15218E+15,5.2833E+16
11608,3.1703E+18,3,4,56,15,2017,3,16,5,2,8,1,0,1,0,0,0,0,1,3.66424E+20,5.80936E+21,7.03581E+15,5.24181E+16
11609,3.17022E+18,3,4,55,26,2017,2,7,4,3,4,6,0,1,0,0,0,1,1,4.44629E+20,5.91607E+21,8.16738E+15,5.33908E+16
11610,3.1703E+18,3,4,54,41,2017,3,0,5,3,9,1,0,1,0,0,0,2,1,3.953E+20,5.88227E+21,7.43695E+15,5.30796E+16
11611,3.1703E+18,3,4,53,13,2017,3,17,5,3,2,6,0,1,0,0,0,1,1,4.14952E+20,5.88579E+21,7.72932E+15,5.31148E+16
11612,3.1703E+18,3,4,60,9,2017,3,16,5,3,2,6,0,1,0,0,0,0,1,4.50095E+20,5.84834E+21,8.26008E+15,5.27825E+16
11613,3.17022E+18,3,3,61,8,2017,2,8,4,3,0,5,1,1,0,0,0,0,1,5.09853E+20,5.88692E+21,9.14727E+15,5.31316E+16
11614,3.17022E+18,3,3,61,12,2017,2,22,4,2,5,3,1,1,0,0,0,2,0,5.15612E+20,5.86336E+21,9.2322E+15,5.29197E+16
11615,3.1703E+18,3,4,60,9,2017,3,15,5,2,4,6,0,1,0,0,0,0,1,4.51864E+20,5.84711E+21,8.28649E+15,5.27717E+16
11616,3.1703E+18,3,4,53,4,2017,3,18,5,3,8,1,0,1,0,0,0,2,1,4.33094E+20,5.85574E+21,8.00654E+15,5.28473E+16
11617,3.1703E+18,3,4,53,5,2017,3,7,5,3,4,6,1,0,0,0,0,1,1,4.43038E+20,5.85408E+21,8.15447E+15,5.28335E+16
11618,3.1703E+18,3,3,56,7,2017,3,14,5,2,4,2,0,1,0,0,0,0,0,4.84861E+20,5.89792E+21,8.77321E+15,5.32304E+16
11619,3.1703E+18,3,3,56,7,2017,3,13,5,3,5,3,1,1,0,0,0,0,0,4.80851E+20,5.89781E+21,8.71314E+15,5.32292E+16
11620,3.1703E+18,3,4,51,2,2017,3,9,5,3,8,1,0,1,0,0,0,0,1,4.40066E+20,5.89386E+21,8.10297E+15,5.31907E+16
11621,3.1703E+18,3,4,3,0,2017,3,7,5,3,2,6,0,1,0,0,0,0,1,4.51727E+20,5.88774E+21,8.27841E+15,5.31369E+16
11622,3.1703E+18,3,4,3,0,2017,3,15,5,3,2,6,0,1,0,0,0,0,1,4.46084E+20,5.88939E+21,8.19378E+15,5.31512E+16
11623,3.17022E+18,3,3,61,12,2017,2,19,4,3,9,7,0,1,0,0,0,2,1,5.18688E+20,5.86478E+21,9.27804E+15,5.29323E+16
11624,3.1703E+18,3,4,3,0,2017,3,16,5,3,5,3,1,1,0,0,0,0,1,4.49503E+20,5.88977E+21,8.24484E+15,5.31549E+16
11625,3.17022E+18,3,4,3,0,2017,2,10,4,3,5,3,0,1,0,1,0,0,1,4.46078E+20,5.8885E+21,8.19384E+15,5.31431E+16
11626,3.1703E+18,3,2,51,47,2017,3,7,5,3,5,3,1,1,0,0,0,0,1,4.88554E+20,5.8707E+21,8.8295E+15,5.29858E+16
11627,3.17022E+18,3,4,61,4,2017,2,7,4,2,4,7,0,1,0,0,0,0,1,4.62821E+20,5.89518E+21,8.44337E+15,5.32046E+16
11628,3.1703E+18,3,4,61,7,2017,3,7,5,3,2,2,0,1,0,0,1,1,1,4.62458E+20,5.9265E+21,8.43422E+15,5.34861E+16
11629,3.1703E+18,3,3,52,50,2017,3,7,5,3,5,3,0,1,0,0,0,1,1,4.81752E+20,5.92985E+21,8.72479E+15,5.35173E+16
11630,3.1703E+18,3,3,59,10,2017,3,13,5,3,5,3,0,1,0,0,0,0,0,5.45033E+20,5.92393E+21,9.6783E+15,5.34624E+16
11631,3.1703E+18,3,3,59,10,2017,3,18,5,3,5,3,1,1,0,0,0,2,1,5.43713E+20,5.92807E+21,9.659E+15,5.34998E+16
11632,3.1703E+18,3,3,59,38,2017,3,15,5,3,2,6,0,1,0,0,1,0,0,5.32403E+20,5.93718E+21,9.48944E+15,5.35825E+16
11633,3.1703E+18,3,3,58,22,2017,3,17,5,2,2,6,0,1,0,1,0,1,1,5.40419E+20,5.85723E+21,9.60039E+15,5.28633E+16
11634,3.1703E+18,3,3,57,41,2017,3,16,5,3,5,3,0,1,0,0,0,0,1,5.32262E+20,5.89114E+21,9.48262E+15,5.31687E+16
11635,3.1703E+18,3,3,51,5,2017,3,16,5,3,5,3,0,1,0,0,0,0,0,5.82326E+20,5.82128E+21,1.02138E+16,5.25354E+16
11636,3.17022E+18,3,4,1,0,2017,2,18,4,3,5,2,1,1,0,0,0,2,0,4.73234E+20,5.87783E+21,8.60071E+15,5.30493E+16
11637,3.1703E+18,3,3,51,6,2017,3,15,5,3,2,6,0,1,0,0,0,0,1,5.71742E+20,5.83058E+21,1.00598E+16,5.26205E+16
11638,3.17022E+18,3,3,52,32,2017,2,17,4,3,0,7,0,1,0,0,0,0,0,4.77864E+20,5.92536E+21,8.66648E+15,5.34768E+16
11639,3.1703E+18,3,2,41,1,2017,3,10,5,3,2,6,0,1,0,0,0,0,1,5.47429E+20,5.80354E+21,9.69679E+15,5.238E+16
11640,3.1703E+18,3,2,41,1,2017,3,20,5,3,2,6,0,1,0,0,0,2,1,5.47404E+20,5.80353E+21,9.69643E+15,5.238E+16
11641,3.17022E+18,3,3,53,31,2017,2,18,4,2,2,6,0,1,0,0,1,2,0,5.66712E+20,5.91556E+21,1.0003E+16,5.33849E+16
11642,3.17022E+18,3,3,53,31,2017,2,7,4,2,6,4,0,1,1,0,0,2,1,5.65939E+20,5.91832E+21,9.99198E+15,5.34098E+16
11643,3.17022E+18,3,3,59,10,2017,2,6,4,3,4,6,1,0,0,1,0,2,1,5.42679E+20,5.92564E+21,9.64309E+15,5.3478E+16
11644,3.17022E+18,3,3,59,38,2017,2,16,4,3,5,3,1,1,0,0,0,0,0,5.31883E+20,5.9449E+21,9.48238E+15,5.36519E+16
11645,3.17022E+18,3,3,58,2,2017,2,19,4,3,5,3,1,1,0,0,0,2,0,5.66843E+20,5.88264E+21,9.99808E+15,5.3089E+16
11646,3.1703E+18,3,2,41,1,2017,3,19,5,3,0,7,1,0,0,0,0,2,1,5.48463E+20,5.8062E+21,9.71237E+15,5.24039E+16
11647,3.17022E+18,3,2,41,1,2017,2,16,4,3,6,4,0,1,1,0,0,0,1,5.45205E+20,5.804E+21,9.66419E+15,5.23844E+16
11648,3.17022E+18,3,2,41,1,2017,2,22,4,3,3,6,0,1,0,0,0,2,1,5.51073E+20,5.80143E+21,9.75001E+15,5.23608E+16
11649,3.1703E+18,3,2,41,21,2017,3,10,5,3,5,3,1,1,0,0,0,0,1,5.29901E+20,5.80762E+21,9.43966E+15,5.2418E+16
11650,3.17022E+18,3,2,41,1,2017,2,15,4,3,6,4,0,1,1,0,0,0,1,5.51971E+20,5.79965E+21,9.76292E+15,5.23447E+16
11651,3.1703E+18,3,2,41,13,2017,3,7,5,3,1,7,0,1,0,0,1,0,1,5.54146E+20,5.79192E+21,9.7936E+15,5.2275E+16
11652,3.17022E+18,3,2,41,7,2017,2,17,4,3,2,7,0,1,0,0,0,1,1,5.48901E+20,5.79323E+21,9.71693E+15,5.22872E+16
11653,3.1703E+18,3,2,41,15,2017,3,14,5,3,2,2,0,1,0,0,0,0,1,5.43986E+20,5.80565E+21,9.64649E+15,5.23993E+16
11654,3.17022E+18,3,2,41,6,2017,2,13,4,2,0,1,0,0,0,1,0,0,1,5.4131E+20,5.79618E+21,9.606E+15,5.23144E+16
11655,3.1703E+18,3,2,41,3,2017,3,15,5,3,4,6,0,1,0,0,0,0,1,5.71219E+20,5.8132E+21,1.00483E+16,5.24643E+16
11656,3.1703E+18,3,2,41,13,2017,3,16,5,2,6,4,0,1,1,0,0,0,1,5.53287E+20,5.78306E+21,9.77961E+15,5.21954E+16
11657,3.1703E+18,3,2,41,19,2017,3,15,5,2,5,2,1,1,0,0,0,0,1,5.51019E+20,5.82006E+21,9.75206E+15,5.25282E+16
11658,3.1703E+18,3,2,41,2,2017,3,22,5,2,9,1,0,1,0,0,0,2,1,5.28387E+20,5.79803E+21,9.41658E+15,5.23319E+16
11659,3.1703E+18,3,2,41,1,2017,3,5,5,3,5,2,0,1,0,0,0,2,1,5.53156E+20,5.80858E+21,9.78172E+15,5.24249E+16
11660,3.17022E+18,3,2,41,11,2017,2,16,4,3,8,1,0,1,0,0,0,0,1,5.66638E+20,5.8032E+21,9.9789E+15,5.2375E+16
11661,3.1703E+18,3,2,56,25,2017,3,14,5,2,5,3,1,1,0,0,0,0,1,5.094E+20,5.81156E+21,9.13833E+15,5.24542E+16
11662,3.17022E+18,3,2,41,21,2017,2,15,4,3,8,1,0,1,0,0,0,0,1,5.31685E+20,5.81167E+21,9.46627E+15,5.24543E+16
11663,3.17022E+18,3,2,54,43,2017,2,7,4,3,8,7,0,0,0,1,0,0,1,5.5169E+20,5.76742E+21,9.75387E+15,5.2055E+16
11664,3.17022E+18,3,2,54,5,2017,2,18,4,3,4,6,0,1,0,0,0,2,1,5.73766E+20,5.77318E+21,1.0077E+16,5.21042E+16
11665,3.17022E+18,3,2,54,29,2017,2,7,4,1,8,7,0,1,0,0,0,1,1,5.76185E+20,5.78051E+21,1.0114E+16,5.21698E+16
11666,3.17022E+18,3,2,54,21,2017,2,16,4,3,2,6,0,1,0,0,0,1,1,5.66172E+20,5.77681E+21,9.96689E+15,5.21378E+16
11667,3.17022E+18,3,2,54,21,2017,2,10,4,3,2,6,0,1,0,0,0,0,1,5.66522E+20,5.77888E+21,9.9724E+15,5.21564E+16
11668,3.1703E+18,3,2,56,4,2017,3,23,5,3,8,1,0,1,0,0,0,2,1,4.8283E+20,5.81273E+21,8.74726E+15,5.24645E+16
11669,3.1703E+18,3,2,57,35,2017,3,20,5,3,5,2,0,1,0,0,0,2,1,5.1311E+20,5.79565E+21,9.19231E+15,5.2311E+16
11670,3.1703E+18,3,2,56,29,2017,3,10,5,3,9,1,0,1,0,0,0,0,1,5.2812E+20,5.83364E+21,9.41568E+15,5.2652E+16
11671,3.1703E+18,3,2,54,14,2017,3,6,5,1,4,6,0,1,0,0,1,1,1,5.50521E+20,5.77915E+21,9.73857E+15,5.21606E+16
11672,3.1703E+18,3,2,54,21,2017,3,14,5,3,5,2,0,1,0,0,0,0,1,5.66112E+20,5.78188E+21,9.967E+15,5.21834E+16
11673,3.1703E+18,3,2,52,8,2017,3,22,5,3,8,7,0,1,0,0,0,2,1,5.44217E+20,5.76128E+21,9.64409E+15,5.20004E+16
11674,3.1703E+18,3,2,52,6,2017,3,18,5,3,8,1,0,1,0,0,0,1,1,5.20383E+20,5.77452E+21,9.29771E+15,5.21208E+16
11675,3.17022E+18,3,2,55,8,2017,2,13,4,3,6,4,0,1,1,0,0,0,1,5.5519E+20,5.75478E+21,9.80288E+15,5.1941E+16
11676,3.1703E+18,3,1,59,16,2017,3,8,5,3,4,1,0,1,0,0,0,0,1,5.67412E+20,5.71112E+21,9.97219E+15,5.15472E+16
11677,3.17022E+18,3,2,52,6,2017,2,14,4,3,2,2,0,1,0,0,0,0,1,5.24105E+20,5.77113E+21,9.35184E+15,5.20902E+16
11678,3.1703E+18,3,1,54,4,2017,3,22,5,3,8,1,0,1,0,0,0,2,1,6.29362E+20,5.80954E+21,1.09023E+16,5.24208E+16
11679,3.17022E+18,3,2,52,5,2017,2,7,4,3,8,1,0,0,0,1,0,1,1,5.2455E+20,5.76775E+21,9.35808E+15,5.20598E+16
11680,3.1703E+18,3,1,58,30,2017,3,9,5,3,5,3,0,1,0,0,0,0,1,6.10303E+20,5.7848E+21,1.06141E+16,5.22026E+16
11681,3.17022E+18,3,1,59,13,2017,2,11,4,2,9,1,0,1,0,0,0,0,1,5.64747E+20,5.6958E+21,9.93096E+15,5.14097E+16
11682,3.17022E+18,3,1,59,16,2017,2,13,4,3,5,3,0,1,0,0,0,0,1,5.65208E+20,5.70742E+21,9.93973E+15,5.15142E+16
11683,3.17022E+18,3,1,54,4,2017,2,12,4,3,4,6,0,1,0,0,0,0,1,6.28592E+20,5.81013E+21,1.08912E+16,5.24262E+16
11684,3.17022E+18,3,1,57,6,2017,2,16,4,3,2,6,0,1,0,0,0,1,1,5.80261E+20,5.79991E+21,1.01782E+16,5.23436E+16
11685,3.1703E+18,3,1,58,37,2017,3,9,5,2,5,3,0,1,0,0,0,0,1,6.022E+20,5.77904E+21,1.04938E+16,5.21524E+16
11686,3.17022E+18,3,1,57,6,2017,2,14,4,3,5,3,1,1,0,0,0,0,1,5.82564E+20,5.79793E+21,1.02115E+16,5.23255E+16
11687,3.17022E+18,3,1,2,0,2017,2,13,4,3,5,3,0,1,0,0,0,0,1,5.90858E+20,5.77804E+21,1.03278E+16,5.21454E+16
11688,3.1703E+18,3,1,57,6,2017,3,10,5,2,8,1,0,0,0,0,1,0,1,5.88181E+20,5.79335E+21,1.02927E+16,5.22834E+16
11689,3.17022E+18,3,1,51,24,2017,2,13,4,2,8,1,0,0,0,0,1,0,0,6.23825E+20,5.81644E+21,1.08235E+16,5.2484E+16
11690,3.1703E+18,3,1,51,16,2017,3,13,5,2,6,4,0,1,1,0,0,0,1,6.04726E+20,5.80448E+21,1.05386E+16,5.23806E+16
11691,3.1703E+18,3,4,59,24,2017,3,8,4,3,2,2,0,1,0,0,1,0,1,4.5085E+20,5.78479E+21,8.28065E+15,5.22114E+16
11692,3.17022E+18,3,1,51,18,2017,2,16,4,3,5,3,0,1,0,0,0,0,1,5.92941E+20,5.8189E+21,1.03696E+16,5.25123E+16
11693,3.1703E+18,3,4,4,0,2017,3,16,4,3,5,3,0,1,0,0,0,0,0,4.282E+20,5.79532E+21,7.94697E+15,5.23035E+16
11694,3.17022E+18,3,1,1,0,2017,2,16,4,3,8,1,0,1,0,0,0,0,1,6.01665E+20,5.79361E+21,1.04904E+16,5.22835E+16
11695,3.1703E+18,3,4,57,14,2017,3,20,4,3,4,2,0,1,0,0,0,2,0,3.99417E+20,5.91041E+21,7.48952E+15,5.33333E+16
11696,3.1703E+18,3,4,54,27,2017,3,7,4,3,0,7,0,1,0,0,1,0,1,4.06779E+20,5.85185E+21,7.617E+15,5.28084E+16
11697,3.1703E+18,3,4,54,41,2017,3,11,4,3,2,2,0,1,0,0,0,0,0,3.97117E+20,5.87817E+21,7.46538E+15,5.30432E+16
11698,3.1703E+18,3,4,54,51,2017,3,13,4,3,2,2,0,1,0,0,0,0,0,3.98444E+20,5.87512E+21,7.48613E+15,5.3016E+16
11699,3.1703E+18,3,4,56,1,2017,3,16,4,3,5,3,0,1,0,0,0,0,0,3.7046E+20,5.79567E+21,7.10041E+15,5.22961E+16
11700,3.17022E+18,3,1,58,14,2017,2,16,4,3,9,1,0,1,0,0,0,1,1,6.02847E+20,5.7701E+21,1.05006E+16,5.20719E+16
11701,3.1703E+18,3,4,56,15,2017,3,17,4,3,0,7,0,0,0,1,0,0,1,3.69364E+20,5.81178E+21,7.07807E+15,5.24406E+16
11702,3.17022E+18,3,1,54,14,2017,2,11,4,1,9,6,0,0,0,0,1,0,1,6.12506E+20,5.79677E+21,1.06503E+16,5.23097E+16
11703,3.1703E+18,3,4,54,19,2017,3,15,4,2,8,6,0,1,0,0,0,0,1,3.89578E+20,5.83572E+21,7.36735E+15,5.26601E+16
11704,3.17022E+18,3,1,57,8,2017,2,0,4,3,3,6,0,1,0,0,1,2,0,5.91952E+20,5.79972E+21,1.03497E+16,5.234E+16
11705,3.17022E+18,3,4,59,24,2017,2,19,3,3,2,2,0,1,0,1,0,2,0,4.59961E+20,5.78487E+21,8.41399E+15,5.22128E+16
11706,3.17031E+18,3,4,59,10,2017,3,11,2,3,2,6,0,1,0,0,1,0,0,4.2794E+20,5.82347E+21,7.93709E+15,5.25566E+16
11707,3.17031E+18,3,4,4,0,2017,3,16,2,3,5,3,1,1,0,0,0,0,0,4.34409E+20,5.79342E+21,8.03838E+15,5.22873E+16
11708,3.17031E+18,3,4,4,0,2017,3,7,2,3,2,6,0,1,0,0,0,0,0,4.31152E+20,5.79444E+21,7.99044E+15,5.2296E+16
11709,3.17031E+18,3,4,57,22,2017,3,12,2,3,2,6,0,1,0,0,0,0,0,3.96999E+20,5.89118E+21,7.45944E+15,5.316E+16
11710,3.17031E+18,3,4,54,51,2017,3,20,2,2,9,7,0,1,0,0,0,2,0,3.98396E+20,5.87523E+21,7.48537E+15,5.3017E+16
11711,3.17031E+18,3,4,56,15,2017,3,19,2,3,5,3,0,1,0,1,0,2,0,3.68491E+20,5.80691E+21,7.06716E+15,5.23966E+16
11712,3.17031E+18,3,4,52,7,2017,3,11,2,2,5,3,0,1,0,0,0,0,0,3.90226E+20,5.93788E+21,7.34197E+15,5.35783E+16
11713,3.17031E+18,3,4,52,23,2017,3,13,2,2,5,3,0,1,0,0,0,0,0,3.85069E+20,5.92367E+21,7.26932E+15,5.34495E+16
11714,3.17031E+18,3,4,53,7,2017,3,6,2,3,3,6,0,1,0,0,1,1,0,4.2877E+20,5.86651E+21,7.93998E+15,5.29435E+16
11715,3.17031E+18,3,4,53,6,2017,3,17,2,3,2,6,0,1,0,0,0,0,0,4.28025E+20,5.83969E+21,7.93481E+15,5.27023E+16
11716,3.17031E+18,3,4,53,3,2017,3,6,2,2,9,1,0,1,0,0,1,0,0,4.37663E+20,5.84963E+21,8.07553E+15,5.27929E+16
11717,3.17031E+18,3,4,55,26,2017,3,15,2,3,5,3,1,0,0,0,1,0,0,4.40908E+20,5.91812E+21,8.11104E+15,5.34089E+16
11718,3.17031E+18,3,3,56,9,2017,3,9,2,3,2,6,0,1,0,0,1,0,0,4.72573E+20,5.89676E+21,8.58922E+15,5.32195E+16
11719,3.17031E+18,3,3,61,12,2017,3,18,2,2,2,6,0,1,0,0,0,0,0,5.15404E+20,5.86407E+21,9.22914E+15,5.29261E+16
11720,3.17031E+18,3,4,51,5,2017,3,15,2,2,5,3,0,1,0,0,1,0,0,4.45044E+20,5.89952E+21,8.17649E+15,5.32421E+16
11721,3.17031E+18,3,4,51,7,2017,3,17,2,3,5,3,1,1,0,0,0,0,0,4.27772E+20,5.90098E+21,7.91738E+15,5.32531E+16
11722,3.17031E+18,3,4,51,5,2017,3,9,2,3,2,6,0,1,0,0,0,0,0,4.48337E+20,5.89657E+21,8.22631E+15,5.32159E+16
11723,3.17031E+18,3,4,51,2,2017,3,8,2,3,6,3,0,1,1,0,0,0,0,4.32948E+20,5.89276E+21,7.99667E+15,5.31799E+16
11724,3.17031E+18,3,2,51,15,2017,3,14,2,2,9,1,0,0,0,1,0,0,0,4.79445E+20,5.84361E+21,8.69553E+15,5.2742E+16
11725,3.17031E+18,3,3,52,32,2017,3,10,2,3,2,6,0,1,0,0,0,0,0,4.75511E+20,5.92743E+21,8.63086E+15,5.34953E+16
11726,3.17031E+18,3,3,52,32,2017,3,13,2,3,2,6,0,1,0,0,0,0,0,4.73247E+20,5.92476E+21,8.59696E+15,5.34712E+16
11727,3.17031E+18,3,3,53,31,2017,3,20,2,3,2,6,0,1,0,0,0,2,0,5.68128E+20,5.91682E+21,1.00246E+16,5.33961E+16
11728,3.17031E+18,3,3,59,28,2017,3,18,2,3,5,3,0,1,0,0,0,1,0,5.48358E+20,5.92902E+21,9.72916E+15,5.35079E+16
11729,3.17031E+18,3,3,59,22,2017,3,10,2,3,5,3,0,1,0,0,1,0,1,5.24247E+20,5.93934E+21,9.36643E+15,5.36024E+16
11730,3.17031E+18,3,3,58,5,2017,3,10,2,2,2,6,0,0,0,0,1,0,0,5.47134E+20,5.83537E+21,9.69698E+15,5.26662E+16
11731,3.17031E+18,3,3,58,22,2017,3,13,2,3,6,4,0,1,1,0,0,0,0,5.39504E+20,5.85741E+21,9.58682E+15,5.28649E+16
11732,3.17031E+18,3,3,57,39,2017,3,13,2,3,5,3,1,1,0,0,0,0,0,5.276E+20,5.88454E+21,9.4123E+15,5.31096E+16
11733,3.17031E+18,3,3,57,39,2017,3,14,2,2,5,3,1,0,0,1,0,0,0,5.276E+20,5.88454E+21,9.4123E+15,5.31096E+16
11734,3.17031E+18,3,3,54,13,2017,3,4,2,2,9,7,0,1,0,0,0,2,0,6.37716E+20,5.87508E+21,1.10526E+16,5.30076E+16
11735,3.17031E+18,3,2,41,1,2017,3,14,2,3,2,6,0,1,0,0,1,0,0,5.49092E+20,5.79893E+21,9.72055E+15,5.23385E+16
11736,3.17031E+18,3,2,41,1,2017,3,13,2,3,5,3,1,1,0,0,0,0,0,5.47458E+20,5.80297E+21,9.69714E+15,5.2375E+16
11737,3.17031E+18,3,2,41,1,2017,3,13,2,3,2,6,0,1,0,0,0,0,0,5.48169E+20,5.80827E+21,9.70834E+15,5.24225E+16
11738,3.17031E+18,3,2,41,1,2017,3,16,2,3,2,6,0,1,0,0,1,0,0,5.49925E+20,5.80404E+21,9.73354E+15,5.23844E+16
11739,3.17031E+18,3,2,41,1,2017,3,8,2,3,2,6,0,1,0,0,0,0,0,5.54092E+20,5.80034E+21,9.79416E+15,5.23507E+16
11740,3.17031E+18,3,2,41,19,2017,3,13,2,2,8,7,0,1,0,0,0,0,0,5.49288E+20,5.81868E+21,9.72634E+15,5.2516E+16
11741,3.17031E+18,3,2,41,1,2017,3,13,2,3,5,3,1,1,0,0,0,0,0,5.49839E+20,5.80841E+21,9.73292E+15,5.24236E+16
11742,3.17031E+18,3,2,41,1,2017,3,10,2,2,6,7,0,0,1,0,1,0,0,5.45248E+20,5.80399E+21,9.66482E+15,5.23843E+16
11743,3.17031E+18,3,2,41,1,2017,3,10,2,3,3,6,0,1,0,0,1,0,0,5.55455E+20,5.8061E+21,9.81512E+15,5.24024E+16
11744,3.17031E+18,3,2,56,16,2017,3,12,2,3,8,6,0,0,0,0,1,0,0,5.18468E+20,5.8252E+21,9.27254E+15,5.25766E+16
11745,3.17031E+18,3,2,57,35,2017,3,14,2,3,4,2,0,1,0,0,0,0,0,5.15983E+20,5.79776E+21,9.23455E+15,5.23299E+16
11746,3.17031E+18,3,2,57,31,2017,3,16,2,3,2,6,0,1,0,0,0,0,0,5.05563E+20,5.78223E+21,9.08138E+15,5.21905E+16
11747,3.17031E+18,3,2,57,28,2017,3,22,2,3,9,1,0,1,0,0,0,2,0,5.08908E+20,5.79118E+21,9.13054E+15,5.22709E+16
11748,3.17031E+18,3,2,54,43,2017,3,10,2,3,5,3,0,1,0,1,0,0,0,5.53486E+20,5.77069E+21,9.78058E+15,5.20842E+16
11749,3.17031E+18,3,2,54,21,2017,3,11,2,3,5,3,0,1,0,0,0,0,0,5.66172E+20,5.77681E+21,9.96689E+15,5.21378E+16
11750,3.17031E+18,3,2,52,6,2017,3,11,2,2,6,4,0,1,1,0,0,0,0,5.25812E+20,5.77263E+21,9.37686E+15,5.21036E+16
11751,3.17031E+18,3,1,57,1,2017,3,11,2,3,2,2,0,1,0,0,0,0,0,5.7858E+20,5.80407E+21,1.01545E+16,5.23813E+16
11752,3.17031E+18,3,1,2,0,2017,3,9,2,3,5,3,0,1,0,0,0,0,0,5.90153E+20,5.77973E+21,1.0318E+16,5.21607E+16
11753,3.17031E+18,3,1,2,0,2017,3,7,2,3,2,2,0,1,0,0,0,0,0,5.92473E+20,5.77888E+21,1.03516E+16,5.21526E+16
11754,3.17031E+18,3,4,59,12,2017,3,14,1,2,4,6,0,0,0,1,0,0,0,4.42809E+20,5.78655E+21,8.16269E+15,5.22264E+16
11755,3.17031E+18,3,4,59,3,2017,3,15,1,3,8,6,0,1,0,1,0,0,0,4.54174E+20,5.79555E+21,8.32784E+15,5.23083E+16
11756,3.17031E+18,3,4,59,29,2017,3,5,1,3,8,1,0,1,0,0,0,1,0,4.45913E+20,5.80162E+21,8.20571E+15,5.23622E+16
11757,3.17031E+18,3,4,59,11,2017,3,2,1,3,6,6,0,1,1,0,0,2,0,4.16497E+20,5.82213E+21,7.76868E+15,5.25428E+16
11758,3.17032E+18,3,1,1,0,2017,3,11,7,3,5,2,0,1,0,0,0,0,0,6.05306E+20,5.79141E+21,1.05431E+16,5.2263E+16
11759,3.17031E+18,3,4,59,10,2017,3,9,1,2,8,1,0,1,0,0,0,0,0,4.31563E+20,5.82183E+21,7.99087E+15,5.25422E+16
11760,3.17031E+18,3,4,56,9,2017,3,15,1,2,8,1,0,0,0,1,0,0,0,3.60608E+20,5.82865E+21,6.94226E+15,5.259E+16
11761,3.17031E+18,3,4,62,5,2017,3,21,1,3,2,2,0,1,0,0,0,2,0,4.28808E+20,5.9232E+21,7.92791E+15,5.3453E+16
11762,3.17031E+18,3,4,62,15,2017,3,3,1,3,9,7,0,1,0,0,0,2,0,4.10922E+20,5.94652E+21,7.65199E+15,5.36598E+16
11763,3.17031E+18,3,4,52,6,2017,3,16,1,2,0,2,0,1,0,0,0,0,0,4.05593E+20,5.91582E+21,7.58062E+15,5.3383E+16
11764,3.17031E+18,3,4,52,1,2017,3,14,1,3,2,6,0,1,0,0,0,0,0,4.01127E+20,5.92247E+21,7.51142E+15,5.3442E+16
11765,3.17031E+18,3,4,53,3,2017,3,3,1,2,9,1,0,1,0,0,0,2,0,4.36742E+20,5.85142E+21,8.06154E+15,5.28089E+16
11766,3.17031E+18,3,4,55,7,2017,3,7,1,3,8,7,0,1,0,0,0,0,0,4.29348E+20,5.93641E+21,7.93306E+15,5.35718E+16
11767,3.17031E+18,3,4,51,5,2017,3,12,1,3,2,2,0,1,0,0,0,0,1,4.43984E+20,5.90967E+21,8.15881E+15,5.33332E+16
11768,3.17031E+18,3,2,51,37,2017,3,13,1,3,5,3,0,1,0,0,0,0,0,4.86817E+20,5.87502E+21,8.80345E+15,5.30245E+16
11769,3.17031E+18,3,2,51,33,2017,3,17,1,2,5,2,0,1,0,1,0,0,0,5.01263E+20,5.86105E+21,9.01878E+15,5.28991E+16
11770,3.17031E+18,3,2,51,41,2017,3,15,1,3,8,1,0,0,0,1,0,0,0,4.94387E+20,5.86165E+21,8.91655E+15,5.29045E+16
11771,3.17031E+18,3,4,1,0,2017,3,13,1,3,5,2,0,1,0,0,0,0,0,4.7647E+20,5.87811E+21,8.64896E+15,5.3052E+16
11772,3.17031E+18,3,3,52,55,2017,3,1,1,2,9,1,0,1,0,0,0,2,0,4.85995E+20,5.95197E+21,8.78778E+15,5.37162E+16