OBJECTID,UIDENTSTLA,ULAND,UREGBEZ,UKREIS,UGEMEINDE,UJAHR,UMONAT,USTUNDE,UWOCHENTAG,UKATEGORIE,UART,UTYP1,IstRad,IstPKW,IstFuss,IstKrad,IstSonstig,LICHT,STRZUSTAND,LINREFX,LINREFY,XGCSWGS84,YGCSWGS84
11773,3.17031E+18,3,3,55,28,2017,3,14,1,3,8,1,0,1,0,0,0,0,0,5.87315E+20,5.90847E+21,1.03108E+16,5.33182E+16
11774,3.17031E+18,3,3,53,32,2017,3,0,1,1,6,4,0,1,1,0,0,2,0,5.74284E+20,5.91528E+21,1.01168E+16,5.33814E+16
11775,3.17031E+18,3,3,54,12,2017,3,19,1,3,9,1,0,1,0,0,0,2,0,6.30071E+20,5.88228E+21,1.09416E+16,5.30741E+16
11776,3.17031E+18,3,3,55,22,2017,3,14,1,3,2,6,0,1,0,0,0,0,0,5.95221E+20,5.90359E+21,1.04279E+16,5.3273E+16
11777,3.17031E+18,3,2,41,21,2017,3,15,1,3,0,6,0,0,0,1,1,0,1,5.30786E+20,5.80854E+21,9.45276E+15,5.24262E+16
11778,3.17031E+18,3,2,41,21,2017,3,19,1,3,5,3,0,1,0,0,1,2,0,5.30085E+20,5.80749E+21,9.44235E+15,5.24168E+16
11779,3.17031E+18,3,2,41,1,2017,3,17,1,3,2,6,0,1,0,0,0,1,0,5.49812E+20,5.80239E+21,9.73163E+15,5.23695E+16
11780,3.17032E+18,3,4,59,19,2017,3,19,6,3,5,3,1,1,0,0,0,2,0,4.34152E+20,5.78469E+21,8.03632E+15,5.22087E+16
11781,3.17031E+18,3,2,41,16,2017,3,12,1,3,9,1,0,1,0,0,0,0,0,5.66152E+20,5.79924E+21,9.97098E+15,5.23394E+16
11782,3.17032E+18,3,4,59,13,2017,3,16,6,3,0,7,0,0,1,0,1,0,0,4.54131E+20,5.80242E+21,8.32627E+15,5.23701E+16
11783,3.17032E+18,3,4,56,1,2017,3,18,2,2,4,1,0,1,0,0,0,2,1,3.74561E+20,5.79447E+21,7.16095E+15,5.22863E+16
11784,3.17032E+18,3,4,59,25,2017,3,17,6,2,5,3,0,1,0,0,0,0,0,4.2012E+20,5.83641E+21,7.81864E+15,5.26717E+16
11785,3.17031E+18,3,2,56,13,2017,3,14,1,3,0,7,0,0,0,1,0,0,0,5.06422E+20,5.85547E+21,9.09536E+15,5.2849E+16
11786,3.17032E+18,3,4,52,1,2017,3,18,2,3,2,6,0,1,0,0,0,2,1,3.98679E+20,5.92546E+21,7.47361E+15,5.34684E+16
11787,3.17031E+18,3,2,52,7,2017,3,12,1,2,8,1,0,1,0,0,0,0,0,5.1737E+20,5.7749E+21,9.25372E+15,5.21244E+16
11788,3.17032E+18,3,4,53,7,2017,3,15,2,3,5,3,1,1,0,0,0,0,0,4.26824E+20,5.87864E+21,7.90828E+15,5.30523E+16
11789,3.17031E+18,3,1,58,8,2017,3,18,1,3,3,2,1,1,0,0,0,2,0,6.10338E+20,5.77858E+21,1.06126E+16,5.21467E+16
11790,3.17031E+18,3,1,58,39,2017,3,17,1,2,8,1,0,1,0,1,0,0,0,6.03581E+20,5.76795E+21,1.05106E+16,5.20525E+16
11791,3.17031E+18,3,1,57,6,2017,3,20,1,3,1,5,0,1,0,0,0,2,0,5.84598E+20,5.80045E+21,1.0242E+16,5.23478E+16
11792,3.17031E+18,3,1,51,9,2017,3,12,1,3,3,7,0,1,0,0,0,0,0,6.03552E+20,5.81708E+21,1.05253E+16,5.2494E+16
11793,3.17031E+18,3,4,59,12,2017,3,9,7,2,3,6,0,1,0,0,1,0,0,4.42328E+20,5.7878E+21,8.15543E+15,5.22376E+16
11794,3.17031E+18,3,4,59,30,2017,3,14,7,3,5,3,0,1,0,1,0,0,0,4.3031E+20,5.83779E+21,7.96902E+15,5.26855E+16
11795,3.17031E+18,3,4,4,0,2017,3,12,7,2,5,2,0,1,0,0,0,0,0,4.3501E+20,5.79258E+21,8.04735E+15,5.22798E+16
11796,3.17032E+18,3,4,53,7,2017,3,13,2,3,5,3,1,1,0,0,0,0,1,4.24295E+20,5.87568E+21,7.87125E+15,5.30253E+16
11797,3.17031E+18,3,4,4,0,2017,3,10,7,3,3,5,1,1,0,0,0,0,0,4.36578E+20,5.79281E+21,8.0703E+15,5.2282E+16
11798,3.17032E+18,3,4,60,8,2017,3,7,2,3,5,2,1,1,0,0,0,0,1,4.46576E+20,5.82607E+21,8.21152E+15,5.25821E+16
11799,3.17031E+18,3,4,57,22,2017,3,16,7,3,2,6,0,1,0,0,0,0,0,3.98447E+20,5.89273E+21,7.4806E+15,5.31742E+16
11800,3.17032E+18,3,3,56,8,2017,3,14,2,3,5,7,0,1,0,0,0,0,1,4.83827E+20,5.8931E+21,8.75796E+15,5.3187E+16
11801,3.17032E+18,3,3,56,7,2017,3,10,2,2,2,2,0,1,0,0,1,0,1,4.86903E+20,5.89678E+21,8.80385E+15,5.32202E+16
11802,3.17032E+18,3,3,61,8,2017,3,8,2,3,5,3,0,1,0,0,0,0,1,5.03615E+20,5.88514E+21,9.05402E+15,5.31157E+16
11803,3.17031E+18,3,4,57,14,2017,3,19,7,3,6,4,0,1,1,0,0,2,0,3.9818E+20,5.90907E+21,7.47138E+15,5.3321E+16
11804,3.17032E+18,3,4,55,14,2017,3,8,2,3,8,1,0,1,0,0,0,0,1,4.33949E+20,5.931E+21,8.00367E+15,5.35237E+16
11805,3.17032E+18,3,4,51,1,2017,3,11,2,3,4,6,0,1,0,0,0,0,1,4.18382E+20,5.89914E+21,7.77714E+15,5.32353E+16
11806,3.17032E+18,3,4,3,0,2017,3,8,2,3,2,6,0,1,0,0,0,0,1,4.48148E+20,5.88907E+21,8.2247E+15,5.31485E+16
11807,3.17032E+18,3,2,51,47,2017,3,16,2,3,9,1,0,1,0,0,0,0,1,4.89872E+20,5.86749E+21,8.84923E+15,5.2957E+16
11808,3.17032E+18,3,2,51,41,2017,3,14,2,3,5,3,0,1,0,0,1,0,1,4.84304E+20,5.86487E+21,8.76647E+15,5.29333E+16
11809,3.17031E+18,3,4,56,13,2017,3,21,7,1,8,1,0,1,0,0,0,2,0,3.60423E+20,5.81351E+21,6.9459E+15,5.24539E+16
11810,3.17031E+18,3,4,52,22,2017,3,17,7,3,2,6,0,1,0,0,0,0,0,3.88726E+20,5.93235E+21,7.32129E+15,5.35283E+16
11811,3.17032E+18,3,3,52,32,2017,3,13,2,3,5,3,0,1,0,0,0,0,1,4.74345E+20,5.92205E+21,8.61371E+15,5.34468E+16
11812,3.17031E+18,3,4,53,13,2017,3,15,7,3,5,2,0,1,0,1,0,0,0,4.12233E+20,5.88483E+21,7.68896E+15,5.31057E+16
11813,3.17032E+18,3,3,52,62,2017,3,14,2,3,8,1,0,0,0,0,1,0,1,4.84292E+20,5.94104E+21,8.76253E+15,5.36179E+16
11814,3.17031E+18,3,4,53,3,2017,3,15,7,3,5,3,0,1,0,0,0,0,0,4.36612E+20,5.85183E+21,8.05952E+15,5.28125E+16
11815,3.17031E+18,3,3,61,3,2017,3,2,7,3,5,3,0,1,0,0,0,2,0,5.1578E+20,5.8551E+21,9.2343E+15,5.28454E+16
11816,3.17031E+18,3,3,61,1,2017,3,13,7,3,2,6,0,1,0,0,0,0,0,4.97338E+20,5.87589E+21,8.96031E+15,5.30325E+16
11817,3.17031E+18,3,4,53,5,2017,3,5,7,1,0,6,0,1,0,0,1,2,0,4.46099E+20,5.84885E+21,8.20075E+15,5.27867E+16
11818,3.17031E+18,3,4,1,0,2017,3,0,7,2,4,6,0,1,0,0,0,2,0,4.74773E+20,5.87857E+21,8.62361E+15,5.30561E+16
11819,3.17031E+18,3,3,52,22,2017,3,12,7,3,2,6,0,1,0,0,1,0,0,5.07949E+20,5.95099E+21,9.12043E+15,5.37076E+16
11820,3.17032E+18,3,3,52,62,2017,3,7,2,3,2,1,0,1,0,0,0,0,1,4.78392E+20,5.94762E+21,8.67288E+15,5.36768E+16
11821,3.17031E+18,3,3,53,31,2017,3,14,7,2,2,6,0,1,0,0,0,0,0,5.68384E+20,5.91839E+21,1.00288E+16,5.34102E+16
11822,3.17032E+18,3,3,53,31,2017,3,7,2,3,2,6,0,0,0,0,1,0,1,5.67842E+20,5.91562E+21,1.002E+16,5.33853E+16
11823,3.17032E+18,3,3,53,40,2017,3,7,2,3,2,6,0,1,0,0,1,1,1,5.79414E+20,5.91313E+21,1.01933E+16,5.33613E+16
11824,3.17032E+18,3,3,53,5,2017,3,12,2,3,8,6,0,1,0,0,0,0,1,5.58721E+20,5.91127E+21,9.8821E+15,5.33474E+16
11825,3.17032E+18,3,3,59,37,2017,3,14,2,3,9,1,0,1,0,0,0,0,1,5.39308E+20,5.91331E+21,9.59075E+15,5.33675E+16
11826,3.17031E+18,3,3,53,38,2017,3,14,7,3,6,6,1,0,1,0,0,0,0,5.53866E+20,5.89946E+21,9.80716E+15,5.32417E+16
11827,3.17032E+18,3,3,59,27,2017,3,5,2,3,8,1,0,1,0,0,0,0,1,5.35947E+20,5.9283E+21,9.54196E+15,5.35024E+16
11828,3.17031E+18,3,3,57,21,2017,3,14,7,2,4,6,1,0,0,1,0,0,0,5.23392E+20,5.90528E+21,9.35097E+15,5.32962E+16
11829,3.17032E+18,3,3,59,1,2017,3,11,2,2,5,3,0,1,0,0,0,0,1,5.34374E+20,5.93583E+21,9.51907E+15,5.35702E+16
11830,3.17031E+18,3,3,57,37,2017,3,15,7,3,9,1,0,1,0,0,0,0,0,5.16489E+20,5.88722E+21,9.24647E+15,5.31341E+16
11831,3.17031E+18,3,3,55,33,2017,3,6,7,3,9,7,0,1,0,0,0,1,0,6.00607E+20,5.90384E+21,1.05088E+16,5.32743E+16
11832,3.17031E+18,3,3,51,16,2017,3,9,7,2,9,1,0,1,0,0,0,0,0,5.83939E+20,5.83266E+21,1.02404E+16,5.26374E+16
11833,3.17031E+18,3,2,41,1,2017,3,16,7,3,0,3,0,1,0,0,0,0,0,5.4771E+20,5.80257E+21,9.70079E+15,5.23713E+16
11834,3.17031E+18,3,2,41,9,2017,3,15,7,1,5,3,0,1,0,1,0,0,0,5.54021E+20,5.79632E+21,9.79247E+15,5.23145E+16
11835,3.17032E+18,3,3,54,7,2017,3,17,2,3,2,6,0,1,0,1,0,0,1,6.5868E+20,5.87967E+21,1.1367E+16,5.3043E+16
11836,3.17032E+18,3,3,55,38,2017,3,14,2,3,8,1,0,0,0,0,1,0,1,6.02982E+20,5.8949E+21,1.05415E+16,5.31934E+16
11837,3.17032E+18,3,3,51,24,2017,3,13,2,3,6,4,0,1,1,0,0,0,1,5.61494E+20,5.83728E+21,9.90965E+15,5.26819E+16
11838,3.17032E+18,3,3,51,15,2017,3,5,2,2,8,1,0,1,0,0,0,2,1,5.93107E+20,5.82726E+21,1.03743E+16,5.25874E+16
11839,3.17032E+18,3,3,51,6,2017,3,15,2,3,5,3,0,1,0,1,0,0,1,5.7239E+20,5.83217E+21,1.00697E+16,5.26347E+16
11840,3.17031E+18,3,2,41,1,2017,3,0,7,3,9,7,0,1,0,0,0,2,0,5.54294E+20,5.80929E+21,9.79858E+15,5.24312E+16
11841,3.17032E+18,3,2,41,1,2017,3,7,2,3,2,2,0,1,0,0,0,0,1,5.47504E+20,5.79926E+21,9.69729E+15,5.23416E+16
11842,3.17031E+18,3,1,55,1,2017,3,14,7,3,8,1,0,1,0,0,0,0,0,5.75018E+20,5.74839E+21,1.00899E+16,5.18813E+16
11843,3.17031E+18,3,1,55,11,2017,3,13,7,3,2,6,0,1,0,0,1,0,0,5.69836E+20,5.73024E+21,1.0011E+16,5.17187E+16
11844,3.17031E+18,3,2,57,18,2017,3,19,7,1,7,3,0,1,1,0,0,2,0,5.2526E+20,5.79076E+21,9.37016E+15,5.22666E+16
11845,3.17031E+18,3,2,54,8,2017,3,16,7,2,8,1,0,0,0,1,0,0,0,5.74366E+20,5.76685E+21,1.00844E+16,5.20472E+16
11846,3.17031E+18,3,2,55,5,2017,3,15,7,2,2,6,0,1,0,1,0,0,0,5.31554E+20,5.75342E+21,9.45892E+15,5.19306E+16
11847,3.17031E+18,3,1,58,37,2017,3,20,7,3,2,2,0,1,0,0,0,2,0,6.04831E+20,5.77965E+21,1.05325E+16,5.21573E+16
11848,3.17032E+18,3,2,41,1,2017,3,6,2,3,4,6,0,1,0,0,1,1,1,5.5635E+20,5.79981E+21,9.82721E+15,5.23457E+16
11849,3.17031E+18,3,1,57,6,2017,3,9,7,3,5,3,0,1,0,0,0,0,0,5.82171E+20,5.79554E+21,1.02051E+16,5.2304E+16
11850,3.17032E+18,3,2,41,12,2017,3,6,2,3,2,6,0,1,0,0,0,1,1,5.22636E+20,5.82052E+21,9.33372E+15,5.25343E+16
11851,3.17031E+18,3,1,53,17,2017,3,10,7,3,1,5,0,1,0,0,0,0,0,5.99009E+20,5.75214E+21,1.04394E+16,5.19112E+16
11852,3.17032E+18,3,2,41,18,2017,3,6,2,3,8,7,0,1,0,0,0,0,1,5.76102E+20,5.8135E+21,1.01202E+16,5.24664E+16
11853,3.17032E+18,3,2,41,1,2017,3,12,2,3,5,2,0,1,0,0,0,0,1,5.47009E+20,5.8032E+21,9.69058E+15,5.2377E+16
11854,3.17032E+18,3,2,41,1,2017,3,13,2,3,5,3,0,1,0,0,0,0,1,5.49984E+20,5.8066E+21,9.73478E+15,5.24073E+16
11855,3.17032E+18,3,1,55,13,2017,3,5,2,2,7,7,0,1,0,0,0,2,1,5.6447E+20,5.73742E+21,9.93462E+15,5.1784E+16
11856,3.17032E+18,3,1,55,13,2017,3,19,2,3,5,2,0,1,0,0,0,0,0,5.63682E+20,5.73917E+21,9.92353E+15,5.17998E+16
11857,3.17032E+18,3,2,57,35,2017,3,16,2,3,5,3,0,0,0,1,1,0,0,5.16131E+20,5.79779E+21,9.23671E+15,5.23302E+16
11858,3.17032E+18,3,2,56,12,2017,3,16,2,2,9,1,0,1,0,0,0,0,1,5.22599E+20,5.84457E+21,9.33482E+15,5.27505E+16
11859,3.17032E+18,3,2,54,21,2017,3,14,2,3,8,6,0,1,0,0,0,0,0,5.59428E+20,5.77907E+21,9.86875E+15,5.21589E+16
11860,3.17031E+18,3,1,58,14,2017,3,8,7,3,8,7,0,1,0,0,0,0,0,6.0178E+20,5.77523E+21,1.04865E+16,5.21183E+16
11861,3.17031E+18,3,4,4,0,2017,3,7,6,3,3,6,0,1,0,0,1,0,0,4.32193E+20,5.79066E+21,8.00646E+15,5.22622E+16
11862,3.17031E+18,3,4,4,0,2017,3,23,6,3,8,1,0,1,0,0,0,2,1,4.32131E+20,5.79073E+21,8.00554E+15,5.22628E+16
11863,3.17031E+18,3,4,59,24,2017,3,14,6,3,5,3,1,1,0,0,0,0,0,4.55746E+20,5.78245E+21,8.35262E+15,5.21908E+16
11864,3.17031E+18,3,4,59,24,2017,3,11,6,3,3,6,0,1,0,0,1,0,0,4.50004E+20,5.78308E+21,8.26853E+15,5.21959E+16
11865,3.17031E+18,3,4,59,33,2017,3,13,6,3,5,3,1,1,0,0,0,0,0,4.36261E+20,5.79893E+21,8.06449E+15,5.23369E+16
11866,3.17031E+18,3,4,59,14,2017,3,13,6,3,2,6,0,1,0,0,0,0,0,4.29555E+20,5.81286E+21,7.96316E+15,5.24614E+16
11867,3.17031E+18,3,4,59,30,2017,3,11,6,3,4,7,0,1,0,0,0,0,0,4.30207E+20,5.83603E+21,7.96787E+15,5.26698E+16
11868,3.17031E+18,3,4,4,0,2017,3,11,6,3,6,7,0,1,1,0,0,0,0,4.33441E+20,5.79203E+21,8.02447E+15,5.22746E+16
11869,3.17031E+18,3,4,4,0,2017,3,9,6,3,2,6,0,1,0,1,0,0,0,4.36531E+20,5.7928E+21,8.06961E+15,5.22819E+16
11870,3.17031E+18,3,4,4,0,2017,3,17,6,3,5,3,0,1,0,0,0,0,0,4.3745E+20,5.79334E+21,8.08298E+15,5.22868E+16
11871,3.17032E+18,3,1,59,14,2017,3,17,2,3,5,3,0,1,0,0,0,0,0,5.83879E+20,5.71797E+21,1.02113E+16,5.16065E+16
11872,3.17031E+18,3,4,57,6,2017,3,17,6,3,4,2,0,1,0,0,0,0,0,4.10299E+20,5.89689E+21,7.6567E+15,5.32138E+16
11873,3.17032E+18,3,1,59,16,2017,3,16,2,3,5,3,1,0,0,1,0,0,0,5.63792E+20,5.70976E+21,9.91974E+15,5.15353E+16
11874,3.17031E+18,3,4,56,15,2017,3,10,6,3,2,2,0,1,0,0,0,0,0,3.7105E+20,5.8149E+21,7.10166E+15,5.2469E+16
11875,3.17032E+18,3,1,59,16,2017,3,15,2,3,5,2,0,1,0,0,0,0,0,5.63803E+20,5.71231E+21,9.92037E+15,5.15582E+16
11876,3.17031E+18,3,4,62,5,2017,3,8,6,3,2,2,0,1,0,0,0,0,0,4.30127E+20,5.92392E+21,7.94761E+15,5.34596E+16
11877,3.17032E+18,3,1,58,37,2017,3,21,2,3,5,3,0,1,0,0,0,2,0,6.05061E+20,5.77939E+21,1.05357E+16,5.2155E+16
11878,3.17032E+18,3,1,57,6,2017,3,12,2,2,2,6,0,1,0,0,0,0,1,5.82818E+20,5.79609E+21,1.02148E+16,5.23089E+16
11879,3.17031E+18,3,4,52,7,2017,3,11,6,3,2,2,0,1,0,0,1,0,0,3.90008E+20,5.93962E+21,7.33806E+15,5.35938E+16
11880,3.17032E+18,3,1,54,14,2017,3,20,2,2,8,1,0,1,0,0,0,2,0,6.177E+20,5.80152E+21,1.07281E+16,5.23514E+16
11881,3.17032E+18,3,1,1,0,2017,3,17,2,2,9,1,0,1,0,0,0,0,0,6.08965E+20,5.79455E+21,1.05977E+16,5.22905E+16
11882,3.17031E+18,3,4,52,12,2017,3,15,6,3,2,6,0,1,0,0,1,0,0,3.93096E+20,5.92208E+21,7.39069E+15,5.34369E+16
11883,3.17032E+18,3,4,59,24,2017,3,21,1,3,9,1,0,1,0,0,0,2,1,4.54751E+20,5.78275E+21,8.33802E+15,5.21934E+16
11884,3.17032E+18,3,4,57,21,2017,3,10,1,2,8,1,0,1,0,0,0,1,1,3.89976E+20,5.89245E+21,7.35402E+15,5.317E+16
11885,3.17032E+18,3,4,55,15,2017,3,14,1,3,2,2,0,1,0,0,0,0,1,4.31658E+20,5.93258E+21,7.96878E+15,5.35377E+16
11886,3.17031E+18,3,4,52,1,2017,3,14,6,3,2,6,0,1,0,0,0,0,0,3.99642E+20,5.92909E+21,7.48695E+15,5.35012E+16
11887,3.17031E+18,3,4,52,1,2017,3,22,6,2,4,6,0,1,0,0,0,2,0,4.06292E+20,5.93232E+21,7.58622E+15,5.35314E+16
11888,3.17032E+18,3,4,5,0,2017,3,12,1,3,4,2,0,1,0,0,0,0,1,4.41201E+20,5.93141E+21,8.11298E+15,5.35283E+16
11889,3.17031E+18,3,4,53,9,2017,3,7,6,2,5,2,0,1,0,0,0,0,1,4.25603E+20,5.84935E+21,7.89678E+15,5.27888E+16
11890,3.17032E+18,3,2,51,37,2017,3,8,1,1,8,1,0,1,0,0,0,0,1,4.80485E+20,5.86886E+21,8.70942E+15,5.2969E+16
11891,3.17031E+18,3,4,53,8,2017,3,22,6,3,5,3,0,1,0,0,0,2,0,4.39688E+20,5.86708E+21,8.10233E+15,5.29499E+16
11892,3.17031E+18,3,4,5,0,2017,3,15,6,3,2,6,0,1,0,0,0,0,0,4.37604E+20,5.93121E+21,8.05876E+15,5.35261E+16
11893,3.17031E+18,3,3,56,11,2017,3,14,6,3,2,2,0,1,0,0,0,0,0,4.9592E+20,5.89666E+21,8.9389E+15,5.32192E+16
11894,3.17031E+18,3,3,61,9,2017,3,13,6,2,3,2,0,1,0,0,1,0,0,5.01397E+20,5.88166E+21,9.02085E+15,5.30844E+16
11895,3.17031E+18,3,4,51,4,2017,3,7,6,3,2,6,0,1,0,0,0,0,0,4.28329E+20,5.88639E+21,7.92899E+15,5.31221E+16
11896,3.17031E+18,3,4,3,0,2017,3,8,6,3,2,6,0,1,0,0,0,0,0,4.48803E+20,5.88927E+21,8.23445E+15,5.31503E+16
11897,3.17031E+18,3,2,51,26,2017,3,19,6,3,2,2,0,1,0,0,0,2,0,5.05767E+20,5.85985E+21,9.08571E+15,5.28883E+16
11898,3.17031E+18,3,2,51,41,2017,3,1,6,3,0,1,0,0,0,0,1,2,1,4.88159E+20,5.86408E+21,8.82385E+15,5.29263E+16
11899,3.17032E+18,3,4,61,7,2017,3,6,1,3,8,7,0,1,0,0,0,2,1,4.59611E+20,5.92874E+21,8.39103E+15,5.3506E+16
11900,3.17032E+18,3,3,58,21,2017,3,19,1,3,6,2,0,1,1,0,0,2,1,5.56142E+20,5.87118E+21,9.83633E+15,5.29872E+16
11901,3.17031E+18,3,4,61,5,2017,3,6,6,3,2,6,0,1,0,0,0,1,0,4.50886E+20,5.9145E+21,8.26171E+15,5.33773E+16
11902,3.17031E+18,3,4,61,2,2017,3,15,6,3,2,6,0,1,0,0,0,0,0,4.63922E+20,5.90902E+21,8.45828E+15,5.33291E+16
11903,3.17031E+18,3,4,58,7,2017,3,13,6,3,9,7,0,1,0,0,0,0,0,4.46218E+20,5.87134E+21,8.1988E+15,5.29889E+16
11904,3.17032E+18,3,3,58,21,2017,3,17,1,3,5,3,1,1,0,0,0,0,1,5.5849E+20,5.87119E+21,9.87129E+15,5.29871E+16
11905,3.17031E+18,3,4,58,11,2017,3,22,6,2,5,3,1,1,0,0,0,2,0,4.78573E+20,5.86743E+21,8.68104E+15,5.2956E+16
11906,3.17032E+18,3,3,58,21,2017,3,8,1,3,5,3,1,1,0,0,0,0,1,5.55871E+20,5.87053E+21,9.83218E+15,5.29815E+16
11907,3.17031E+18,3,4,1,0,2017,3,11,6,3,5,3,1,1,0,0,0,0,0,4.7851E+20,5.87662E+21,8.6795E+15,5.30386E+16
11908,3.17032E+18,3,2,41,5,2017,3,21,1,3,2,6,0,1,0,0,0,2,1,5.42008E+20,5.80893E+21,9.61783E+15,5.24289E+16
11909,3.17032E+18,3,2,41,5,2017,3,9,1,3,2,2,0,1,0,0,0,0,1,5.39818E+20,5.80964E+21,9.58571E+15,5.24355E+16
11910,3.17032E+18,3,2,41,1,2017,3,20,1,3,8,6,0,1,0,0,0,2,1,5.46687E+20,5.80296E+21,9.68581E+15,5.23749E+16
11911,3.17032E+18,3,2,41,8,2017,3,14,1,3,9,1,0,1,0,0,0,0,1,5.59687E+20,5.8099E+21,9.87799E+15,5.2436E+16
11912,3.17032E+18,3,2,41,1,2017,3,10,1,3,9,1,0,1,0,0,0,0,1,5.53784E+20,5.80078E+21,9.78971E+15,5.23546E+16
11913,3.17032E+18,3,1,59,26,2017,3,14,1,3,4,1,0,1,0,0,0,0,1,5.85528E+20,5.73126E+21,1.02383E+16,5.17257E+16
11914,3.17032E+18,3,2,52,8,2017,3,17,1,3,9,1,0,1,0,0,0,0,0,5.403E+20,5.77179E+21,9.58828E+15,5.20952E+16
11915,3.17032E+18,3,2,52,5,2017,3,13,1,3,2,2,0,1,0,0,0,0,1,5.29256E+20,5.76149E+21,9.42619E+15,5.20033E+16
11916,3.17032E+18,3,2,52,5,2017,3,5,1,3,9,1,0,1,0,0,0,2,1,5.24026E+20,5.76807E+21,9.35047E+15,5.20627E+16
11917,3.17032E+18,3,1,59,34,2017,3,10,1,2,8,1,0,1,0,0,0,0,1,5.41944E+20,5.69011E+21,9.60243E+15,5.13607E+16
11918,3.17032E+18,3,1,51,13,2017,3,9,1,3,2,2,0,1,0,0,0,0,1,6.08077E+20,5.81046E+21,1.05898E+16,5.24336E+16
11919,3.17031E+18,3,3,53,35,2017,3,17,6,2,5,3,1,1,0,0,0,0,0,5.47608E+20,5.90362E+21,9.71402E+15,5.32797E+16
11920,3.17032E+18,3,1,58,6,2017,3,14,1,3,0,7,0,1,0,0,0,0,1,6.1283E+20,5.79068E+21,1.0653E+16,5.22549E+16
11921,3.17031E+18,3,3,53,5,2017,3,10,6,3,4,6,0,1,0,0,1,0,0,5.58727E+20,5.9114E+21,9.88221E+15,5.33485E+16
11922,3.17032E+18,3,4,4,0,2017,3,15,7,3,6,7,0,1,1,0,0,0,0,4.35643E+20,5.79022E+21,8.05709E+15,5.22586E+16
11923,3.17031E+18,3,3,58,7,2017,3,11,6,3,2,6,0,1,0,0,0,0,0,5.46182E+20,5.84035E+21,9.68359E+15,5.27111E+16
11924,3.17031E+18,3,3,58,7,2017,3,17,6,3,4,2,0,1,0,0,0,0,0,5.46288E+20,5.83841E+21,9.68489E+15,5.26936E+16
11925,3.17031E+18,3,3,58,21,2017,3,12,6,3,2,6,0,1,0,0,0,0,0,5.56712E+20,5.87114E+21,9.84481E+15,5.29869E+16
11926,3.17031E+18,3,3,57,57,2017,3,7,6,3,5,3,1,1,0,0,0,0,0,5.18474E+20,5.90416E+21,9.27712E+15,5.32863E+16
11927,3.17031E+18,3,3,60,25,2017,3,13,6,3,2,7,0,1,0,0,0,0,0,6.03828E+20,5.87207E+21,1.05468E+16,5.29882E+16
11928,3.17032E+18,3,4,56,15,2017,3,4,7,2,8,1,0,1,0,0,0,2,1,3.7286E+20,5.80388E+21,7.13247E+15,5.23704E+16
11929,3.17031E+18,3,3,54,18,2017,3,10,6,2,5,3,1,1,0,0,0,0,0,6.44538E+20,5.87111E+21,1.11524E+16,5.297E+16
11930,3.17032E+18,3,4,60,6,2017,3,8,7,3,8,1,0,1,0,0,0,0,1,4.4454E+20,5.83475E+21,8.18002E+15,5.26599E+16
11931,3.17031E+18,3,2,41,20,2017,3,12,6,3,2,6,0,1,0,0,0,0,0,5.42624E+20,5.79212E+21,9.62476E+15,5.22778E+16
11932,3.17032E+18,3,4,60,1,2017,3,18,7,3,8,1,0,0,0,0,1,1,0,4.47012E+20,5.84177E+21,8.21544E+15,5.27232E+16
11933,3.17032E+18,3,3,56,5,2017,3,13,7,3,5,2,0,1,0,0,0,0,0,4.95017E+20,5.89038E+21,8.92547E+15,5.31628E+16
11934,3.17032E+18,3,4,58,7,2017,3,20,7,3,2,6,0,1,0,0,0,2,0,4.44108E+20,5.86115E+21,8.16913E+15,5.28971E+16
11935,3.17031E+18,3,2,41,21,2017,3,17,6,3,4,7,0,1,0,0,0,0,0,5.2851E+20,5.81113E+21,9.41951E+15,5.24496E+16
11936,3.17032E+18,3,2,51,37,2017,3,3,7,2,9,1,0,1,0,0,1,2,1,4.80144E+20,5.87281E+21,8.70409E+15,5.30045E+16
11937,3.17032E+18,3,4,1,0,2017,3,8,7,3,5,3,0,1,0,0,1,0,1,4.77055E+20,5.87778E+21,8.65771E+15,5.30491E+16
11938,3.17032E+18,3,3,53,31,2017,3,11,7,3,2,6,0,1,0,0,1,0,1,5.6799E+20,5.91617E+21,1.00224E+16,5.33902E+16
11939,3.17032E+18,3,3,54,15,2017,3,5,7,1,8,1,0,1,0,0,0,1,1,6.59438E+20,5.8664E+21,1.13718E+16,5.29235E+16
11940,3.17032E+18,3,2,41,21,2017,3,13,7,3,2,6,0,1,0,0,0,0,0,5.29023E+20,5.80888E+21,9.42686E+15,5.24294E+16
11941,3.17032E+18,3,2,41,11,2017,3,14,7,3,5,3,1,1,0,0,0,0,0,5.75991E+20,5.80127E+21,1.01158E+16,5.23565E+16
11942,3.17032E+18,3,2,41,3,2017,3,13,7,3,5,2,0,1,0,0,0,0,0,5.69317E+20,5.81006E+21,1.00197E+16,5.24363E+16
11943,3.17031E+18,3,1,59,19,2017,3,18,6,3,5,2,1,0,0,0,1,0,0,5.92058E+20,5.72235E+21,1.03305E+16,5.16446E+16
11944,3.17031E+18,3,1,55,5,2017,3,13,6,3,8,7,0,1,0,0,0,0,0,5.55318E+20,5.71927E+21,9.79908E+15,5.16217E+16
11945,3.17031E+18,3,1,55,11,2017,3,15,6,2,2,2,0,1,0,0,0,0,0,5.72735E+20,5.72804E+21,1.00525E+16,5.16986E+16
11946,3.17031E+18,3,2,56,32,2017,3,8,6,3,4,2,0,1,0,0,0,0,0,5.04196E+20,5.81754E+21,9.06182E+15,5.25079E+16
11947,3.17031E+18,3,2,57,25,2017,3,15,6,3,5,3,0,1,0,0,0,0,0,5.09881E+20,5.80027E+21,9.14507E+15,5.23526E+16