OBJECTID,UIDENTSTLA,ULAND,UREGBEZ,UKREIS,UGEMEINDE,UJAHR,UMONAT,USTUNDE,UWOCHENTAG,UKATEGORIE,UART,UTYP1,IstRad,IstPKW,IstFuss,IstKrad,IstSonstig,LICHT,STRZUSTAND,LINREFX,LINREFY,XGCSWGS84,YGCSWGS84
11948,3.17032E+18,3,4,59,25,2017,3,16,6,3,0,7,0,1,0,0,0,2,0,4.21468E+20,5.83444E+21,7.83903E+15,5.26542E+16
11949,3.17032E+18,3,4,4,0,2017,3,11,6,3,5,2,1,1,0,0,0,0,0,4.35984E+20,5.79097E+21,8.06194E+15,5.22654E+16
11950,3.17032E+18,3,4,4,0,2017,3,21,6,3,1,5,0,1,0,0,0,2,0,4.40163E+20,5.79131E+21,8.12311E+15,5.22689E+16
11951,3.17032E+18,3,4,4,0,2017,3,15,6,2,2,6,0,1,0,0,0,0,0,4.30324E+20,5.79412E+21,7.97836E+15,5.2293E+16
11952,3.17031E+18,3,2,56,35,2017,3,14,6,3,5,2,0,1,0,0,1,0,0,5.0572E+20,5.84533E+21,9.08477E+15,5.27578E+16
11953,3.17032E+18,3,4,57,22,2017,3,18,6,3,5,3,0,1,0,1,0,0,1,3.94116E+20,5.88547E+21,7.41823E+15,5.31082E+16
11954,3.17031E+18,3,2,52,2,2017,3,15,6,2,5,3,0,1,0,1,0,0,0,5.32093E+20,5.7817E+21,9.46943E+15,5.21848E+16
11955,3.17031E+18,3,2,52,6,2017,3,6,6,3,3,6,0,1,0,0,1,0,0,5.24125E+20,5.77144E+21,9.35215E+15,5.2093E+16
11956,3.17031E+18,3,1,59,29,2017,3,13,6,3,2,6,0,1,0,0,1,0,0,5.60775E+20,5.70407E+21,9.87527E+15,5.14845E+16
11957,3.17031E+18,3,1,59,16,2017,3,14,6,3,2,6,0,1,0,0,0,0,0,5.65632E+20,5.71201E+21,9.94669E+15,5.15554E+16
11958,3.17032E+18,3,4,56,20,2017,3,15,6,3,3,6,0,1,0,0,1,0,0,3.78766E+20,5.79442E+21,7.2226E+15,5.22867E+16
11959,3.17031E+18,3,1,59,16,2017,3,12,6,3,2,6,0,1,0,0,0,0,0,5.60988E+20,5.70918E+21,9.87923E+15,5.15304E+16
11960,3.17032E+18,3,4,52,14,2017,3,23,6,2,9,1,0,0,0,0,1,2,1,3.77783E+20,5.92656E+21,7.15855E+15,5.34738E+16
11961,3.17031E+18,3,1,58,36,2017,3,20,6,3,8,1,0,0,0,1,0,2,0,6.12244E+20,5.7763E+21,1.06397E+16,5.21258E+16
11962,3.17032E+18,3,4,52,25,2017,3,8,6,3,6,2,0,1,1,0,0,0,0,4.16062E+20,5.91924E+21,7.73707E+15,5.34155E+16
11963,3.17032E+18,3,2,41,10,2017,3,19,7,3,3,6,0,1,0,0,0,2,0,5.49197E+20,5.81547E+21,9.72453E+15,5.24871E+16
11964,3.17032E+18,3,2,41,1,2017,3,16,7,3,5,3,1,1,0,0,0,0,0,5.56488E+20,5.80781E+21,9.83059E+15,5.24176E+16
11965,3.17032E+18,3,2,57,6,2017,3,10,7,3,2,6,0,1,0,0,0,0,0,5.28709E+20,5.79962E+21,9.42146E+15,5.23461E+16
11966,3.17032E+18,3,2,57,22,2017,3,10,7,3,2,6,0,1,0,0,1,0,0,5.05485E+20,5.78727E+21,9.08031E+15,5.22358E+16
11967,3.17032E+18,3,2,56,29,2017,3,22,7,3,8,1,0,1,0,0,0,2,0,5.2819E+20,5.83362E+21,9.41671E+15,5.26518E+16
11968,3.17032E+18,3,2,54,14,2017,3,11,7,3,9,1,0,1,0,0,0,0,0,5.45833E+20,5.77009E+21,9.66881E+15,5.20795E+16
11969,3.17032E+18,3,2,54,21,2017,3,10,7,3,2,6,0,1,0,0,0,0,1,5.66116E+20,5.7819E+21,9.96706E+15,5.21836E+16
11970,3.17032E+18,3,1,59,17,2017,3,23,7,3,5,2,0,1,0,0,0,2,1,5.44856E+20,5.69617E+21,9.64502E+15,5.1415E+16
11971,3.17031E+18,3,1,58,37,2017,3,7,6,3,5,3,0,1,0,1,0,0,0,6.09268E+20,5.78246E+21,1.05982E+16,5.21818E+16
11972,3.17031E+18,3,1,53,17,2017,3,16,6,3,6,4,0,1,1,0,0,0,0,6.07303E+20,5.75703E+21,1.05615E+16,5.19536E+16
11973,3.17031E+18,3,1,51,8,2017,3,6,6,3,5,3,0,1,0,0,1,2,1,6.21135E+20,5.82604E+21,1.07874E+16,5.25709E+16
11974,3.17031E+18,3,1,51,38,2017,3,11,6,2,5,3,0,1,0,0,1,0,0,6.01079E+20,5.82798E+21,1.04922E+16,5.25924E+16
11975,3.17031E+18,3,4,4,0,2017,3,7,5,2,9,6,0,1,0,0,0,0,0,4.33869E+20,5.8003E+21,8.02912E+15,5.2349E+16
11976,3.17031E+18,3,4,4,0,2017,3,14,5,3,2,2,0,1,0,0,0,0,1,4.36171E+20,5.79089E+21,8.0647E+15,5.22647E+16
11977,3.17031E+18,3,4,4,0,2017,3,9,5,3,2,6,0,1,0,0,0,0,0,4.34539E+20,5.79186E+21,8.04059E+15,5.22732E+16
11978,3.17031E+18,3,4,57,20,2017,3,21,5,3,5,3,0,1,0,0,0,2,0,4.15042E+20,5.9044E+21,7.7257E+15,5.3282E+16
11979,3.17031E+18,3,4,54,41,2017,3,13,5,3,4,6,0,1,0,0,0,0,1,3.93907E+20,5.88083E+21,7.41665E+15,5.30664E+16
11980,3.17031E+18,3,4,54,51,2017,3,16,5,3,2,6,0,1,0,0,0,0,0,3.98961E+20,5.87393E+21,7.4942E+15,5.30054E+16
11981,3.17031E+18,3,4,56,15,2017,3,16,5,3,2,2,0,1,0,0,1,0,0,3.69973E+20,5.81244E+21,7.08676E+15,5.24467E+16
11982,3.17031E+18,3,4,54,35,2017,3,14,5,2,4,6,0,1,0,0,0,0,1,3.84516E+20,5.84572E+21,7.28903E+15,5.27489E+16
11983,3.17031E+18,3,4,52,11,2017,3,11,5,3,8,1,0,1,0,0,0,0,1,3.78168E+20,5.9193E+21,7.16717E+15,5.34087E+16
11984,3.17032E+18,3,1,59,25,2017,3,13,7,2,9,1,0,1,0,0,0,0,1,5.8608E+20,5.71136E+21,1.02414E+16,5.15467E+16
11985,3.17031E+18,3,4,60,2,2017,3,20,5,2,2,2,0,1,0,1,0,2,1,4.44585E+20,5.82065E+21,8.18305E+15,5.25332E+16
11986,3.17031E+18,3,4,60,1,2017,3,13,5,2,5,3,0,0,0,0,1,0,1,4.44476E+20,5.84204E+21,8.17785E+15,5.27254E+16
11987,3.17031E+18,3,4,60,9,2017,3,6,5,2,3,2,0,1,0,1,0,1,0,4.51883E+20,5.84693E+21,8.28679E+15,5.27701E+16
11988,3.17031E+18,3,4,53,6,2017,3,14,5,3,3,6,0,1,0,0,1,0,1,4.25421E+20,5.84326E+21,7.89547E+15,5.2734E+16
11989,3.17031E+18,3,3,61,1,2017,3,7,5,3,0,3,1,1,0,0,0,0,1,5.00933E+20,5.87418E+21,9.01391E+15,5.30171E+16
11990,3.17031E+18,3,4,3,0,2017,3,23,5,2,4,6,0,1,0,0,0,2,0,4.46468E+20,5.89023E+21,8.19938E+15,5.31587E+16
11991,3.17031E+18,3,4,51,7,2017,3,1,5,3,8,1,0,1,0,0,0,2,1,4.26146E+20,5.8978E+21,7.89375E+15,5.32244E+16
11992,3.17031E+18,3,4,3,0,2017,3,9,5,2,4,6,0,1,0,0,0,0,0,4.4308E+20,5.88468E+21,8.14971E+15,5.31085E+16
11993,3.17031E+18,3,4,3,0,2017,3,12,5,3,2,6,0,1,0,0,0,0,1,4.45884E+20,5.88638E+21,8.1913E+15,5.31241E+16
11994,3.17032E+18,3,1,59,16,2017,3,21,7,3,5,3,0,1,0,0,0,2,1,5.61089E+20,5.70866E+21,9.88059E+15,5.15257E+16
11995,3.17031E+18,3,4,58,9,2017,3,14,5,3,1,7,0,1,0,0,1,0,1,4.50227E+20,5.87838E+21,8.25744E+15,5.30526E+16
11996,3.17032E+18,3,1,2,0,2017,3,5,7,3,4,2,0,1,0,0,0,1,1,5.9237E+20,5.78106E+21,1.03507E+16,5.21723E+16
11997,3.17031E+18,3,3,55,4,2017,3,18,5,2,0,7,0,1,0,0,0,1,1,5.88874E+20,5.90751E+21,1.03339E+16,5.33093E+16
11998,3.17032E+18,3,1,1,0,2017,3,17,7,3,8,1,0,1,0,0,0,0,0,6.03003E+20,5.78782E+21,1.05082E+16,5.22312E+16
11999,3.17031E+18,3,3,53,41,2017,3,5,5,3,8,1,0,1,0,0,0,2,1,5.42342E+20,5.90053E+21,9.63463E+15,5.32523E+16
12000,3.17032E+18,3,4,52,1,2017,3,9,6,3,4,6,1,0,0,0,0,0,0,4.01467E+20,5.92954E+21,7.51432E+15,5.35056E+16
12001,3.17032E+18,3,4,53,7,2017,3,16,6,2,2,2,0,1,0,0,0,0,0,4.28393E+20,5.88267E+21,7.93079E+15,5.30887E+16
12002,3.17032E+18,3,4,53,4,2017,3,12,6,3,2,6,0,1,0,0,0,0,0,4.38371E+20,5.8584E+21,8.08437E+15,5.28718E+16
12003,3.17032E+18,3,3,56,8,2017,3,5,6,3,2,6,0,1,0,0,0,1,1,4.83441E+20,5.89394E+21,8.75214E+15,5.31945E+16
12004,3.17032E+18,3,3,56,7,2017,3,8,6,3,2,6,0,1,0,0,0,0,0,4.86788E+20,5.89743E+21,8.8021E+15,5.3226E+16
12005,3.17032E+18,3,3,61,12,2017,3,11,6,3,2,2,0,1,0,0,0,0,0,5.15456E+20,5.86492E+21,9.22995E+15,5.29337E+16
12006,3.17031E+18,3,3,59,4,2017,3,7,5,2,8,1,0,1,0,0,0,0,1,5.05728E+20,5.96271E+21,9.08699E+15,5.38129E+16
12007,3.17031E+18,3,3,58,19,2017,3,15,5,3,5,3,0,1,0,0,0,0,1,5.51799E+20,5.88697E+21,9.77417E+15,5.31296E+16
12008,3.17031E+18,3,3,57,39,2017,3,10,5,3,9,7,0,1,0,0,0,0,0,5.28704E+20,5.87881E+21,9.42828E+15,5.3058E+16
12009,3.17031E+18,3,3,60,30,2017,3,10,5,2,5,3,0,1,0,0,0,0,0,6.06547E+20,5.86075E+21,1.05835E+16,5.28858E+16
12010,3.17031E+18,3,3,51,24,2017,3,15,5,2,5,3,1,1,0,0,0,0,1,5.61048E+20,5.83701E+21,9.903E+15,5.26796E+16
12011,3.17031E+18,3,3,51,6,2017,3,18,5,3,2,6,0,1,0,0,0,2,1,5.7316E+20,5.83142E+21,1.00809E+16,5.26278E+16
12012,3.17031E+18,3,2,41,1,2017,3,23,5,3,9,1,0,1,0,0,0,2,1,5.49101E+20,5.79885E+21,9.72067E+15,5.23378E+16
12013,3.17031E+18,3,2,41,1,2017,3,20,5,3,5,3,1,1,0,0,0,2,0,5.5202E+20,5.79957E+21,9.76363E+15,5.2344E+16
12014,3.17031E+18,3,2,41,12,2017,3,20,5,3,5,2,0,1,0,0,0,2,1,5.26328E+20,5.82106E+21,9.38818E+15,5.2539E+16
12015,3.17031E+18,3,2,41,10,2017,3,5,5,3,5,2,0,1,0,0,1,2,0,5.46934E+20,5.81046E+21,9.6905E+15,5.24423E+16
12016,3.17032E+18,3,3,61,12,2017,3,7,6,3,6,4,0,0,1,0,1,0,0,5.16121E+20,5.86374E+21,9.23979E+15,5.29231E+16
12017,3.17031E+18,3,2,41,1,2017,3,13,5,3,0,1,1,0,0,0,0,0,1,5.48925E+20,5.805E+21,9.71899E+15,5.23931E+16
12018,3.17032E+18,3,4,3,0,2017,3,14,6,3,2,6,0,1,0,0,1,0,0,4.45924E+20,5.88778E+21,8.19166E+15,5.31366E+16
12019,3.17032E+18,3,4,3,0,2017,3,14,6,3,2,6,0,1,0,0,0,0,0,4.45934E+20,5.88774E+21,8.19182E+15,5.31363E+16
12020,3.17032E+18,3,2,51,37,2017,3,13,6,3,2,6,0,1,0,0,0,0,0,4.83996E+20,5.87397E+21,8.76144E+15,5.3015E+16
12021,3.17032E+18,3,3,53,29,2017,3,10,6,3,9,6,0,1,0,0,1,0,0,5.6278E+20,5.91461E+21,9.94373E+15,5.33769E+16
12022,3.17032E+18,3,3,53,31,2017,3,7,6,3,2,6,0,1,0,0,1,0,1,5.67692E+20,5.9197E+21,1.00186E+16,5.3422E+16
12023,3.17032E+18,3,3,53,40,2017,3,15,6,3,2,2,0,1,0,0,1,0,0,5.75499E+20,5.9083E+21,1.01334E+16,5.33185E+16
12024,3.17032E+18,3,3,59,14,2017,3,16,6,3,5,3,1,0,0,0,1,0,1,5.23663E+20,5.93822E+21,9.35751E+15,5.35923E+16
12025,3.17032E+18,3,3,58,8,2017,3,12,6,3,2,6,0,1,0,0,0,0,0,5.46689E+20,5.85576E+21,9.69331E+15,5.28496E+16
12026,3.17031E+18,3,1,55,9,2017,3,19,5,2,2,6,0,1,0,0,0,1,1,5.63404E+20,5.7278E+21,9.91742E+15,5.16976E+16
12027,3.17032E+18,3,3,57,49,2017,3,17,6,3,8,1,0,0,0,1,0,1,1,5.42141E+20,5.8937E+21,9.63073E+15,5.3191E+16
12028,3.17032E+18,3,3,57,18,2017,3,7,6,3,8,1,0,1,0,0,0,0,1,5.19576E+20,5.89442E+21,9.29304E+15,5.31988E+16
12029,3.17032E+18,3,2,41,1,2017,3,10,6,3,6,4,0,1,1,0,0,0,1,5.48755E+20,5.80121E+21,9.71594E+15,5.2359E+16
12030,3.17032E+18,3,2,41,21,2017,3,13,6,3,5,2,1,1,0,0,0,0,0,5.30873E+20,5.80855E+21,9.45404E+15,5.24263E+16
12031,3.17032E+18,3,2,41,17,2017,3,13,6,3,5,2,0,1,0,0,0,0,0,5.50949E+20,5.78458E+21,9.74564E+15,5.22093E+16
12032,3.17031E+18,3,1,55,11,2017,3,15,5,3,2,6,0,1,0,0,0,0,1,5.68591E+20,5.72852E+21,9.99259E+15,5.17034E+16
12033,3.17031E+18,3,2,57,31,2017,3,15,5,3,2,6,0,1,0,0,0,0,1,5.05908E+20,5.78277E+21,9.08644E+15,5.21953E+16
12034,3.17031E+18,3,2,57,26,2017,3,22,5,3,8,1,0,1,0,0,0,2,1,5.10647E+20,5.79255E+21,9.15608E+15,5.22832E+16
12035,3.17031E+18,3,2,56,22,2017,3,13,5,2,5,3,0,1,0,0,1,0,0,5.14731E+20,5.83117E+21,9.21764E+15,5.26303E+16
12036,3.17031E+18,3,2,52,3,2017,3,18,5,3,5,3,0,1,0,1,0,1,1,5.1651E+20,5.75939E+21,9.24041E+15,5.1985E+16
12037,3.17031E+18,3,2,52,6,2017,3,7,5,3,5,3,1,1,0,0,0,0,1,5.24032E+20,5.77208E+21,9.35084E+15,5.20987E+16
12038,3.17031E+18,3,1,59,25,2017,3,15,5,3,4,1,0,1,0,0,0,0,1,5.86111E+20,5.71129E+21,1.02418E+16,5.15461E+16
12039,3.17031E+18,3,1,59,13,2017,3,16,5,1,8,1,0,1,0,0,0,0,1,5.64747E+20,5.69578E+21,9.93095E+15,5.14096E+16
12040,3.17031E+18,3,1,2,0,2017,3,16,5,3,9,1,0,1,0,0,0,0,1,5.95514E+20,5.76736E+21,1.03929E+16,5.20486E+16
12041,3.17031E+18,3,1,51,38,2017,3,12,5,3,6,4,0,1,0,0,1,0,0,6.03988E+20,5.82822E+21,1.05352E+16,5.2594E+16
12042,3.17031E+18,3,1,51,15,2017,3,15,5,3,4,2,0,1,0,0,0,0,1,5.97023E+20,5.81233E+21,1.04278E+16,5.24525E+16
12043,3.17032E+18,3,2,41,4,2017,3,15,6,2,8,7,0,1,0,0,0,0,0,5.55555E+20,5.81876E+21,9.8187E+15,5.25161E+16
12044,3.17032E+18,3,2,41,1,2017,3,16,6,3,2,6,0,1,0,0,0,0,0,5.49935E+20,5.80415E+21,9.73371E+15,5.23853E+16
12045,3.17031E+18,3,1,51,16,2017,3,7,5,3,2,6,0,1,0,0,0,0,0,6.0398E+20,5.8043E+21,1.05276E+16,5.23791E+16
12046,3.17032E+18,3,2,41,1,2017,3,19,6,3,2,6,0,1,0,0,0,2,0,5.50043E+20,5.8051E+21,9.73543E+15,5.23939E+16
12047,3.17032E+18,3,1,55,2,2017,3,10,6,3,4,2,0,1,0,0,0,0,0,5.39221E+20,5.71966E+21,9.56661E+15,5.16266E+16
12048,3.17032E+18,3,2,54,43,2017,3,12,6,2,5,3,1,1,0,0,0,0,0,5.54E+20,5.76892E+21,9.7878E+15,5.20682E+16
12049,3.17032E+18,3,2,54,41,2017,3,14,6,3,4,2,0,1,0,0,0,0,0,5.46147E+20,5.76361E+21,9.67252E+15,5.20212E+16
12050,3.17032E+18,3,2,52,5,2017,3,10,6,3,2,6,0,1,0,0,1,0,1,5.26406E+20,5.76648E+21,9.38506E+15,5.20483E+16
12051,3.17032E+18,3,2,52,6,2017,3,17,6,3,2,2,0,1,0,0,0,0,0,5.24415E+20,5.773E+21,9.35649E+15,5.2107E+16
12052,3.17032E+18,3,1,59,11,2017,3,12,6,2,4,6,0,1,0,0,0,0,0,5.75532E+20,5.71276E+21,1.00896E+16,5.15608E+16
12053,3.17032E+18,3,1,53,12,2017,3,11,6,3,2,2,0,1,0,0,0,0,1,5.81294E+20,5.745E+21,1.01802E+16,5.18498E+16
12054,3.17032E+18,3,1,51,27,2017,3,14,6,3,2,6,0,1,0,0,1,0,0,5.96618E+20,5.79971E+21,1.04182E+16,5.23391E+16
12055,3.17031E+18,3,4,59,34,2017,3,20,4,3,5,3,1,1,0,0,0,2,1,4.31343E+20,5.77071E+21,7.99805E+15,5.20827E+16
12056,3.17031E+18,3,4,59,22,2017,3,12,4,2,4,7,0,1,0,0,0,0,1,4.42246E+20,5.78223E+21,8.15518E+15,5.21875E+16
12057,3.17031E+18,3,4,59,18,2017,3,6,4,3,5,3,0,1,0,0,1,1,0,4.34337E+20,5.82752E+21,8.03063E+15,5.25937E+16
12058,3.17032E+18,3,1,58,6,2017,3,13,6,3,2,6,0,1,0,0,1,0,0,6.13509E+20,5.79084E+21,1.0663E+16,5.22562E+16
12059,3.17032E+18,3,4,60,7,2017,3,15,5,3,2,2,0,1,0,0,0,0,0,4.37798E+20,5.81725E+21,8.08364E+15,5.25018E+16
12060,3.17031E+18,3,4,4,0,2017,3,20,4,2,6,4,0,1,1,0,0,2,1,4.3151E+20,5.79734E+21,7.99509E+15,5.23221E+16
12061,3.17031E+18,3,4,57,13,2017,3,10,4,3,3,6,0,1,0,0,1,0,0,3.92953E+20,5.89894E+21,7.39635E+15,5.32289E+16
12062,3.17031E+18,3,4,54,8,2017,3,14,4,2,5,3,0,1,0,0,0,0,1,3.86378E+20,5.8712E+21,7.30771E+15,5.29783E+16
12063,3.17031E+18,3,4,54,41,2017,3,7,4,3,2,6,0,1,0,0,0,0,0,3.94729E+20,5.88221E+21,7.42845E+15,5.3079E+16
12064,3.17031E+18,3,4,54,32,2017,3,13,4,3,8,1,0,1,0,0,0,2,1,3.83846E+20,5.82232E+21,7.28734E+15,5.25385E+16
12065,3.17032E+18,3,4,59,24,2017,3,21,5,3,2,6,0,1,0,0,0,2,0,4.60664E+20,5.78326E+21,8.42446E+15,5.21984E+16
12066,3.17031E+18,3,4,52,19,2017,3,9,4,3,5,3,1,1,0,0,0,1,0,3.78867E+20,5.93893E+21,7.17009E+15,5.35852E+16
12067,3.17032E+18,3,4,59,33,2017,3,12,5,3,9,7,0,1,0,0,0,0,0,4.32847E+20,5.79917E+21,8.01434E+15,5.23387E+16
12068,3.17032E+18,3,4,59,24,2017,3,16,5,3,5,3,0,1,0,0,0,0,0,4.53519E+20,5.78404E+21,8.31982E+15,5.22048E+16
12069,3.17032E+18,3,4,59,7,2017,3,11,5,2,5,3,0,0,0,1,1,0,0,4.36482E+20,5.82876E+21,8.06205E+15,5.26052E+16
12070,3.17032E+18,3,4,4,0,2017,3,6,5,3,5,3,0,1,0,0,0,1,0,4.37049E+20,5.7904E+21,8.07766E+15,5.22604E+16
12071,3.17032E+18,3,4,4,0,2017,3,8,5,3,6,4,1,0,1,0,0,0,0,4.34404E+20,5.79219E+21,8.03856E+15,5.22762E+16
12072,3.17032E+18,3,4,54,41,2017,3,22,5,2,5,3,0,1,0,1,0,2,0,3.92268E+20,5.88203E+21,7.39179E+15,5.30768E+16
12073,3.17032E+18,3,4,54,8,2017,3,3,5,3,8,1,0,1,0,0,0,2,0,3.89433E+20,5.87119E+21,7.3532E+15,5.29789E+16
12074,3.17032E+18,3,4,56,2,2017,3,7,5,3,2,6,0,1,0,0,0,0,0,3.54636E+20,5.83069E+21,6.85328E+15,5.26068E+16
12075,3.17032E+18,3,4,54,10,2017,3,13,5,3,3,6,0,1,0,0,1,0,0,3.83359E+20,5.80011E+21,7.28793E+15,5.23389E+16
12076,3.17032E+18,3,4,54,32,2017,3,7,5,3,8,7,0,1,0,0,0,0,0,3.9395E+20,5.82025E+21,7.43692E+15,5.2522E+16
12077,3.17031E+18,3,4,53,1,2017,3,8,4,3,2,2,0,1,0,0,1,0,0,4.20392E+20,5.88419E+21,7.81097E+15,5.31012E+16
12078,3.17031E+18,3,4,55,26,2017,3,15,4,3,5,3,1,1,0,0,0,0,0,4.42642E+20,5.91649E+21,8.13743E+15,5.33944E+16
12079,3.17031E+18,3,3,61,1,2017,3,18,4,3,2,6,0,1,0,0,0,2,1,5.02149E+20,5.87398E+21,9.03203E+15,5.30154E+16
12080,3.17031E+18,3,3,61,6,2017,3,7,4,3,5,3,1,1,0,0,0,0,0,5.12142E+20,5.86969E+21,9.18082E+15,5.29767E+16
12081,3.17031E+18,3,4,3,0,2017,3,18,4,3,2,6,0,1,0,0,0,2,1,4.45841E+20,5.8887E+21,8.19027E+15,5.31449E+16
12082,3.17031E+18,3,3,61,9,2017,3,22,4,3,5,3,0,1,0,0,0,2,1,5.01719E+20,5.87898E+21,9.02564E+15,5.30603E+16
12083,3.17031E+18,3,4,53,5,2017,3,17,4,3,3,6,0,1,0,0,0,0,1,4.47008E+20,5.85297E+21,8.21356E+15,5.28239E+16
12084,3.17031E+18,3,4,58,9,2017,3,6,4,3,2,7,0,1,0,0,0,1,0,4.55658E+20,5.87994E+21,8.33824E+15,5.30671E+16
12085,3.17031E+18,3,3,52,61,2017,3,9,4,3,8,1,0,1,0,0,0,0,0,4.77721E+20,5.95263E+21,8.66236E+15,5.37219E+16
12086,3.17032E+18,3,4,54,2,2017,3,16,5,3,2,2,0,1,0,0,1,0,0,3.91561E+20,5.82805E+21,7.39918E+15,5.25917E+16
12087,3.17031E+18,3,3,59,27,2017,3,21,4,2,4,1,0,1,0,0,0,2,2,5.35875E+20,5.92827E+21,9.54087E+15,5.35022E+16
12088,3.17031E+18,3,3,59,40,2017,3,14,4,3,2,6,0,1,0,0,0,0,1,5.21649E+20,5.95576E+21,9.3283E+15,5.375E+16
12089,3.17032E+18,3,4,52,19,2017,3,8,5,3,2,2,0,1,0,0,0,0,0,3.83811E+20,5.93664E+21,7.24558E+15,5.35657E+16
12090,3.17032E+18,3,4,52,16,2017,3,6,5,2,5,2,0,1,0,1,0,0,0,3.82947E+20,5.94084E+21,7.23097E+15,5.36033E+16
12091,3.17032E+18,3,4,52,1,2017,3,12,5,3,2,6,0,1,0,0,0,0,0,3.99504E+20,5.92552E+21,7.48601E+15,5.3469E+16
12092,3.17032E+18,3,3,61,1,2017,3,8,5,3,2,6,0,1,0,0,0,0,0,5.01237E+20,5.87401E+21,9.01843E+15,5.30156E+16
12093,3.17032E+18,3,3,61,3,2017,3,13,5,2,5,2,0,0,0,0,1,0,0,5.2E+20,5.8562E+21,9.29702E+15,5.28551E+16
12094,3.17032E+18,3,4,3,0,2017,3,16,5,3,2,6,0,1,0,0,0,0,0,4.4611E+20,5.8896E+21,8.19413E+15,5.31531E+16
12095,3.17031E+18,3,3,55,9,2017,3,12,4,2,8,1,0,1,0,0,0,0,0,6.19388E+20,5.90353E+21,1.07901E+16,5.32676E+16
12096,3.17031E+18,3,3,51,6,2017,3,18,4,3,5,3,1,1,0,0,0,2,1,5.71613E+20,5.83056E+21,1.00579E+16,5.26204E+16
12097,3.17031E+18,3,2,41,6,2017,3,15,4,3,5,2,0,1,0,0,0,0,1,5.41456E+20,5.79941E+21,9.60854E+15,5.23434E+16
12098,3.17032E+18,3,4,51,2,2017,3,23,5,3,8,7,0,1,0,1,0,2,0,4.33705E+20,5.89626E+21,8.00727E+15,5.32116E+16
12099,3.17031E+18,3,2,41,5,2017,3,14,4,3,5,3,0,1,0,0,0,0,1,5.40767E+20,5.80961E+21,9.59968E+15,5.24352E+16
12100,3.17032E+18,3,4,3,0,2017,3,13,5,3,2,6,0,1,0,0,1,0,0,4.47473E+20,5.88571E+21,8.21515E+15,5.31183E+16
12101,3.17032E+18,3,2,51,37,2017,3,16,5,3,5,3,1,1,0,0,0,0,0,4.81531E+20,5.8764E+21,8.72457E+15,5.30368E+16
12102,3.17032E+18,3,4,58,13,2017,3,10,5,2,8,7,0,1,0,0,0,0,0,4.4513E+20,5.86846E+21,8.18308E+15,5.29629E+16
12103,3.17032E+18,3,2,51,37,2017,3,8,5,3,2,6,0,1,0,0,0,0,0,4.82632E+20,5.87358E+21,8.74113E+15,5.30115E+16
12104,3.17032E+18,3,4,1,0,2017,3,7,5,3,3,2,0,1,0,1,0,0,0,4.76062E+20,5.88068E+21,8.64268E+15,5.3075E+16
12105,3.17032E+18,3,3,52,11,2017,3,12,5,3,5,3,1,1,0,0,0,0,0,4.79535E+20,5.96699E+21,8.6889E+15,5.3851E+16
12106,3.17032E+18,3,3,59,25,2017,3,15,5,3,2,6,0,1,0,0,0,0,0,5.20746E+20,5.94028E+21,9.31357E+15,5.3611E+16
12107,3.17032E+18,3,3,55,9,2017,3,16,5,3,5,3,1,1,0,0,0,0,0,6.16041E+20,5.90535E+21,1.07407E+16,5.32847E+16
12108,3.17032E+18,3,3,51,5,2017,3,10,5,3,8,6,0,1,0,0,1,0,0,5.82676E+20,5.82052E+21,1.02187E+16,5.25285E+16
12109,3.17031E+18,3,2,41,3,2017,3,15,4,3,6,4,0,1,1,0,0,0,1,5.69193E+20,5.81021E+21,1.00179E+16,5.24377E+16
12110,3.17031E+18,3,2,41,5,2017,3,21,4,2,9,1,0,1,0,0,0,2,1,5.38997E+20,5.80915E+21,9.57359E+15,5.24312E+16
12111,3.17031E+18,3,1,55,13,2017,3,20,4,2,4,2,0,1,0,0,0,2,1,5.57427E+20,5.74145E+21,9.8332E+15,5.18209E+16
12112,3.17031E+18,3,2,57,33,2017,3,22,4,3,8,7,0,1,0,0,0,2,1,5.1929E+20,5.80353E+21,9.28341E+15,5.23816E+16
12113,3.17031E+18,3,2,57,9,2017,3,11,4,3,5,3,0,1,0,0,1,0,0,5.04885E+20,5.79056E+21,9.07157E+15,5.22654E+16
12114,3.17031E+18,3,2,54,29,2017,3,1,4,3,8,1,0,1,0,0,0,2,1,5.72564E+20,5.77992E+21,1.00609E+16,5.2165E+16
12115,3.17031E+18,3,2,54,21,2017,3,17,4,3,9,6,0,1,0,0,0,1,1,5.71328E+20,5.77608E+21,1.00421E+16,5.21306E+16
12116,3.17031E+18,3,2,54,5,2017,3,9,4,3,3,6,0,1,0,0,0,0,0,5.72165E+20,5.77557E+21,1.00542E+16,5.2126E+16
12117,3.17031E+18,3,1,59,7,2017,3,14,4,2,5,3,0,1,0,0,0,0,1,5.64004E+20,5.71508E+21,9.92377E+15,5.15831E+16
12118,3.17032E+18,3,2,41,1,2017,3,16,5,3,6,7,0,1,1,0,0,0,0,5.56645E+20,5.80431E+21,9.8323E+15,5.23861E+16
12119,3.17031E+18,3,1,51,38,2017,3,17,4,2,5,3,0,1,0,0,0,1,1,6.01081E+20,5.82797E+21,1.04922E+16,5.25924E+16
12120,3.17032E+18,3,2,41,1,2017,3,15,5,3,2,6,0,1,0,1,0,0,0,5.49606E+20,5.79868E+21,9.72805E+15,5.23362E+16
12121,3.17031E+18,3,4,59,3,2017,3,19,3,3,4,2,1,1,0,0,0,2,1,4.61024E+20,5.79648E+21,8.4282E+15,5.23172E+16