OBJECTID,UIDENTSTLA,ULAND,UREGBEZ,UKREIS,UGEMEINDE,UJAHR,UMONAT,USTUNDE,UWOCHENTAG,UKATEGORIE,UART,UTYP1,IstRad,IstPKW,IstFuss,IstKrad,IstSonstig,LICHT,STRZUSTAND,LINREFX,LINREFY,XGCSWGS84,YGCSWGS84
12297,3.17031E+18,3,1,1,0,2017,3,16,2,3,2,6,0,1,0,0,0,1,1,6.03567E+20,5.79438E+21,1.05185E+16,5.229E+16
12298,3.17031E+18,3,2,41,1,2017,3,19,3,3,5,2,1,1,0,0,0,2,0,5.52561E+20,5.79858E+21,9.77141E+15,5.2335E+16
12299,3.17031E+18,3,4,59,19,2017,3,22,1,3,2,6,0,1,0,0,0,2,1,4.36199E+20,5.78663E+21,8.06592E+15,5.22264E+16
12300,3.17031E+18,3,4,56,1,2017,3,20,1,3,0,6,0,1,0,0,0,2,1,3.75695E+20,5.79327E+21,7.17801E+15,5.22757E+16
12301,3.17031E+18,3,4,54,39,2017,3,8,1,2,9,1,0,1,0,0,0,0,1,3.77155E+20,5.8607E+21,7.1744E+15,5.2882E+16
12302,3.17031E+18,3,4,55,15,2017,3,13,1,3,2,6,0,1,0,0,0,0,0,4.3628E+20,5.93099E+21,8.03883E+15,5.3524E+16
12303,3.17031E+18,3,2,41,12,2017,3,8,3,3,6,4,0,1,1,0,0,0,0,5.29202E+20,5.82464E+21,9.43088E+15,5.25711E+16
12304,3.17031E+18,3,3,56,9,2017,3,3,1,2,9,7,0,1,0,0,0,2,0,4.75536E+20,5.89528E+21,8.63372E+15,5.32062E+16
12305,3.17031E+18,3,3,53,6,2017,3,17,1,3,3,6,0,1,0,0,0,1,0,5.47045E+20,5.90957E+21,9.70647E+15,5.33332E+16
12306,3.17031E+18,3,2,41,8,2017,3,7,3,3,6,4,0,1,1,0,0,0,0,5.54159E+20,5.8143E+21,9.7974E+15,5.24761E+16
12307,3.17031E+18,3,3,53,5,2017,3,0,1,2,7,7,1,0,0,0,0,2,0,5.58602E+20,5.90286E+21,9.87876E+15,5.32717E+16
12308,3.17031E+18,3,2,41,18,2017,3,14,3,3,3,2,0,1,0,1,0,0,0,5.74349E+20,5.8156E+21,1.00949E+16,5.24855E+16
12309,3.17031E+18,3,2,41,1,2017,3,16,3,3,8,7,0,0,0,0,1,0,0,5.47766E+20,5.80915E+21,9.70254E+15,5.24304E+16
12310,3.17031E+18,3,3,59,14,2017,3,5,1,3,2,6,0,1,0,0,0,2,1,5.2274E+20,5.9377E+21,9.34352E+15,5.35877E+16
12311,3.17031E+18,3,2,52,1,2017,3,7,3,2,8,1,0,1,0,0,0,0,0,5.12468E+20,5.76847E+21,9.18188E+15,5.20666E+16
12312,3.17031E+18,3,3,58,4,2017,3,20,1,3,8,7,0,1,0,0,0,2,1,5.40711E+20,5.86E+21,9.60506E+15,5.28881E+16
12313,3.17031E+18,3,2,52,6,2017,3,8,3,3,5,3,1,1,0,0,0,0,0,5.24076E+20,5.77452E+21,9.35165E+15,5.21207E+16
12314,3.17031E+18,3,1,59,17,2017,3,16,3,3,2,2,0,1,0,0,1,0,0,5.4485E+20,5.69745E+21,9.6451E+15,5.14265E+16
12315,3.17031E+18,3,1,59,16,2017,3,22,3,3,5,3,1,1,0,0,0,2,0,5.64574E+20,5.71113E+21,9.93127E+15,5.15476E+16
12316,3.17031E+18,3,1,59,29,2017,3,10,3,2,2,6,0,0,0,0,1,0,0,5.60959E+20,5.70654E+21,9.87835E+15,5.15067E+16
12317,3.17031E+18,3,1,58,8,2017,3,8,3,3,8,1,0,1,0,0,0,0,0,6.08119E+20,5.77754E+21,1.05798E+16,5.21378E+16
12318,3.17031E+18,3,3,57,43,2017,3,15,1,3,6,4,0,1,1,0,0,0,0,5.14241E+20,5.91381E+21,9.21406E+15,5.33733E+16
12319,3.17031E+18,3,1,51,12,2017,3,10,3,2,9,1,0,1,0,0,0,0,0,5.9656E+20,5.80759E+21,1.04196E+16,5.241E+16
12320,3.17031E+18,3,3,57,8,2017,3,11,1,3,7,7,0,1,0,0,0,0,0,5.12367E+20,5.92784E+21,9.18643E+15,5.34993E+16
12321,3.17031E+18,3,4,59,22,2017,3,13,2,2,4,2,0,1,0,1,0,0,0,4.4184E+20,5.77964E+21,8.14969E+15,5.21642E+16
12322,3.17031E+18,3,2,41,1,2017,3,17,1,3,5,2,0,1,0,0,0,0,0,5.50607E+20,5.80225E+21,9.74329E+15,5.23682E+16
12323,3.17033E+18,3,3,58,19,2017,3,12,3,3,9,1,0,1,0,0,0,0,0,5.57599E+20,5.88155E+21,9.85988E+15,5.30803E+16
12324,3.17033E+18,3,3,57,13,2017,3,0,3,3,8,7,0,1,0,0,0,2,0,5.2255E+20,5.90331E+21,9.33819E+15,5.32786E+16
12325,3.17033E+18,3,3,57,8,2017,3,15,3,3,1,5,0,1,0,0,0,0,0,5.10632E+20,5.92558E+21,9.1602E+15,5.34791E+16
12326,3.17033E+18,3,3,57,13,2017,3,17,3,2,2,6,0,1,0,0,1,0,0,5.23558E+20,5.89843E+21,9.35295E+15,5.32347E+16
12327,3.17033E+18,3,3,60,29,2017,3,15,3,3,2,6,0,1,0,0,0,0,0,5.87904E+20,5.87706E+21,1.0311E+16,5.30358E+16
12328,3.17033E+18,3,2,41,1,2017,3,16,3,3,3,2,1,1,0,0,0,0,0,5.53579E+20,5.80272E+21,9.78701E+15,5.23722E+16
12329,3.17033E+18,3,2,41,17,2017,3,7,3,3,2,6,0,1,0,0,0,0,0,5.45176E+20,5.7803E+21,9.66059E+15,5.21713E+16
12330,3.17033E+18,3,2,41,6,2017,3,9,3,3,6,2,0,1,1,0,0,0,0,5.41393E+20,5.79545E+21,9.60713E+15,5.23079E+16
12331,3.17033E+18,3,2,41,14,2017,3,18,3,3,2,6,0,1,0,0,0,0,0,5.45583E+20,5.79975E+21,9.66916E+15,5.23461E+16
12332,3.17033E+18,3,2,41,12,2017,3,16,3,3,5,3,0,1,0,0,0,0,0,5.39623E+20,5.82623E+21,9.58482E+15,5.25847E+16
12333,3.17033E+18,3,2,41,12,2017,3,7,3,3,4,6,0,1,0,0,0,0,0,5.32133E+20,5.81735E+21,9.47341E+15,5.25053E+16
12334,3.17033E+18,3,2,41,2,2017,3,19,3,3,5,3,0,1,0,0,0,0,0,5.29414E+20,5.79662E+21,9.43154E+15,5.23191E+16
12335,3.17033E+18,3,2,41,2,2017,3,15,3,3,2,6,0,1,0,0,0,0,0,5.27887E+20,5.79828E+21,9.40927E+15,5.23341E+16
12336,3.17033E+18,3,2,41,5,2017,3,14,3,3,3,6,0,1,0,0,1,0,0,5.39811E+20,5.81022E+21,9.58567E+15,5.24407E+16
12337,3.17033E+18,3,2,41,4,2017,3,8,3,3,5,3,0,1,0,0,0,0,0,5.58209E+20,5.81676E+21,9.85745E+15,5.24979E+16
12338,3.17033E+18,3,2,41,3,2017,3,17,3,2,4,2,0,0,0,1,1,0,0,5.69628E+20,5.80969E+21,1.00242E+16,5.2433E+16
12339,3.17033E+18,3,2,41,1,2017,3,16,3,3,2,6,0,1,0,0,0,0,0,5.48989E+20,5.80001E+21,9.7192E+15,5.23482E+16
12340,3.1704E+18,3,3,54,18,2017,4,5,2,2,9,1,0,1,0,0,0,2,0,6.44391E+20,5.8759E+21,1.11523E+16,5.30131E+16
12341,3.17033E+18,3,2,41,10,2017,3,13,3,3,5,2,0,1,0,0,0,0,0,5.45592E+20,5.81034E+21,9.67074E+15,5.24413E+16
12342,3.17033E+18,3,2,41,15,2017,3,10,3,3,2,6,0,1,0,0,1,0,0,5.3435E+20,5.80637E+21,9.50495E+15,5.24065E+16
12343,3.17033E+18,3,1,59,39,2017,3,19,3,3,5,3,1,1,0,0,0,0,0,5.82059E+20,5.72414E+21,1.01864E+16,5.16622E+16
12344,3.1704E+18,3,3,51,12,2017,4,6,2,3,2,6,0,1,0,0,0,1,0,5.62964E+20,5.82736E+21,9.92951E+15,5.25926E+16
12345,3.17033E+18,3,2,55,8,2017,3,15,3,3,1,5,0,1,0,0,0,0,0,5.53736E+20,5.75493E+21,9.78175E+15,5.19425E+16
12346,3.17033E+18,3,2,52,1,2017,3,17,3,2,8,1,0,1,0,0,0,0,0,5.14272E+20,5.77197E+21,9.20834E+15,5.20981E+16
12347,3.1704E+18,3,2,41,16,2017,4,20,2,3,5,3,1,1,0,0,0,2,0,5.64361E+20,5.79858E+21,9.94457E+15,5.23338E+16
12348,3.17033E+18,3,2,52,6,2017,3,15,3,3,4,6,0,1,0,0,0,0,0,5.26488E+20,5.77005E+21,9.38653E+15,5.20804E+16
12349,3.17033E+18,3,2,52,5,2017,3,16,3,3,0,6,0,1,0,1,0,0,0,5.34438E+20,5.76632E+21,9.50216E+15,5.20464E+16
12350,3.17033E+18,3,2,52,6,2017,3,16,3,3,2,6,0,1,0,0,0,0,0,5.24374E+20,5.77303E+21,9.3559E+15,5.21072E+16
12351,3.17033E+18,3,1,59,16,2017,3,20,3,3,3,6,0,1,0,0,0,2,0,5.65073E+20,5.71212E+21,9.93865E+15,5.15564E+16
12352,3.17033E+18,3,1,54,10,2017,3,14,3,2,5,3,1,1,0,0,0,0,0,6.36161E+20,5.79057E+21,1.09946E+16,5.22487E+16
12353,3.17033E+18,3,1,57,1,2017,3,7,3,3,2,6,0,1,0,0,0,0,0,5.91211E+20,5.80641E+21,1.03407E+16,5.24003E+16
12354,3.17033E+18,3,1,2,0,2017,3,23,3,3,8,1,0,1,0,0,0,2,0,5.90577E+20,5.77691E+21,1.03234E+16,5.21353E+16
12355,3.17033E+18,3,1,51,27,2017,3,11,3,3,2,6,0,0,0,0,1,0,0,5.96677E+20,5.79928E+21,1.04189E+16,5.23353E+16
12356,3.17033E+18,3,1,51,27,2017,3,7,3,2,2,6,0,0,0,0,1,1,0,6.00747E+20,5.79807E+21,1.04783E+16,5.23237E+16
12357,3.1704E+18,3,2,41,11,2017,4,9,2,3,2,6,0,1,0,0,0,0,1,5.61812E+20,5.80115E+21,9.90764E+15,5.23571E+16
12358,3.17033E+18,3,1,1,0,2017,3,8,3,2,0,7,1,0,0,0,0,0,0,5.99746E+20,5.79614E+21,1.0463E+16,5.23065E+16
12359,3.1704E+18,3,2,41,8,2017,4,22,2,3,2,6,0,1,0,0,1,2,0,5.58399E+20,5.81251E+21,9.8595E+15,5.24597E+16
12360,3.17033E+18,3,4,59,19,2017,3,21,2,2,5,3,1,1,0,0,0,2,0,4.3645E+20,5.78313E+21,8.07025E+15,5.21949E+16
12361,3.1704E+18,3,2,41,1,2017,4,8,2,3,2,6,0,1,0,0,0,0,0,5.49753E+20,5.80383E+21,9.73098E+15,5.23825E+16
12362,3.1704E+18,3,2,54,21,2017,4,16,2,3,2,6,0,1,0,1,0,0,0,5.63714E+20,5.78041E+21,9.93165E+15,5.21705E+16
12363,3.1704E+18,3,2,55,8,2017,4,6,2,2,5,3,0,1,0,1,0,2,0,5.51287E+20,5.75904E+21,9.74673E+15,5.19797E+16
12364,3.1704E+18,3,2,52,7,2017,4,9,2,3,8,1,0,1,0,0,0,0,0,5.17146E+20,5.7818E+21,9.25079E+15,5.21864E+16
12365,3.17033E+18,3,4,59,14,2017,3,18,2,3,8,1,0,0,0,1,0,0,0,4.37526E+20,5.80405E+21,8.08211E+15,5.23831E+16
12366,3.1704E+18,3,2,52,6,2017,4,6,2,3,5,2,0,1,0,0,0,2,0,5.22982E+20,5.76996E+21,9.33537E+15,5.20798E+16
12367,3.1704E+18,3,1,59,11,2017,4,18,2,3,9,1,0,1,0,0,0,0,0,5.75628E+20,5.7148E+21,1.00914E+16,5.15792E+16
12368,3.17033E+18,3,4,2,0,2017,3,11,2,3,2,6,0,1,0,0,0,0,0,3.81874E+20,5.91175E+21,7.2257E+15,5.33417E+16
12369,3.1704E+18,3,1,59,10,2017,4,9,2,3,1,5,0,1,0,0,0,0,0,5.8662E+20,5.70794E+21,1.02484E+16,5.1516E+16
12370,3.1704E+18,3,1,58,6,2017,4,11,2,3,5,3,1,1,0,0,0,0,0,6.1061E+20,5.79235E+21,1.0621E+16,5.22704E+16
12371,3.17033E+18,3,4,56,1,2017,3,17,2,2,4,6,1,0,0,0,0,0,0,3.6642E+20,5.79692E+21,7.0407E+15,5.23064E+16
12372,3.1704E+18,3,1,2,0,2017,4,15,2,3,5,3,0,1,0,0,0,0,0,5.92426E+20,5.77883E+21,1.03509E+16,5.21522E+16
12373,3.17033E+18,3,4,56,14,2017,3,14,2,3,4,6,0,1,0,0,1,0,0,3.6291E+20,5.8197E+21,6.97993E+15,5.25102E+16
12374,3.1704E+18,3,1,51,9,2017,4,0,2,3,8,1,0,1,0,0,0,2,0,6.06472E+20,5.81705E+21,1.05683E+16,5.24932E+16
12375,3.17033E+18,3,4,56,14,2017,3,8,2,3,2,6,0,1,0,0,0,0,0,3.62419E+20,5.81918E+21,6.97292E+15,5.25053E+16
12376,3.17033E+18,3,4,54,18,2017,3,10,2,2,6,2,0,1,1,0,0,0,0,3.80664E+20,5.85075E+21,7.23016E+15,5.27933E+16
12377,3.17033E+18,3,4,52,1,2017,3,16,2,3,2,6,0,1,0,0,0,0,0,4.00996E+20,5.92882E+21,7.50745E+15,5.3499E+16
12378,3.17033E+18,3,4,52,1,2017,3,12,2,3,3,6,0,1,0,0,1,0,0,4.0021E+20,5.92788E+21,7.4959E+15,5.34904E+16
12379,3.17033E+18,3,4,53,2,2017,3,10,2,2,4,2,0,1,0,1,0,0,0,4.32673E+20,5.87248E+21,7.99681E+15,5.29977E+16
12380,3.1704E+18,3,4,59,14,2017,4,15,1,2,4,6,0,1,0,1,0,0,0,4.24584E+20,5.81114E+21,7.89039E+15,5.24453E+16
12381,3.17033E+18,3,4,55,27,2017,3,10,2,2,5,3,1,1,0,0,0,0,0,4.31792E+20,5.91928E+21,7.97369E+15,5.34182E+16
12382,3.1704E+18,3,4,59,10,2017,4,14,1,2,8,6,0,1,0,0,0,0,0,4.3172E+20,5.82165E+21,7.99321E+15,5.25407E+16
12383,3.17033E+18,3,4,55,26,2017,3,16,2,3,3,2,0,1,1,0,0,0,0,4.42684E+20,5.91647E+21,8.13806E+15,5.33942E+16
12384,3.1704E+18,3,4,57,20,2017,4,18,1,3,4,2,0,1,0,0,0,0,0,4.15395E+20,5.90479E+21,7.7309E+15,5.32856E+16
12385,3.1704E+18,3,4,57,8,2017,4,11,1,2,2,6,0,1,0,0,1,0,0,4.07123E+20,5.90152E+21,7.60781E+15,5.32548E+16
12386,3.1704E+18,3,4,56,14,2017,4,3,1,3,8,1,0,1,0,0,0,2,1,3.61944E+20,5.81926E+21,6.96588E+15,5.2506E+16
12387,3.1704E+18,3,4,56,15,2017,4,12,1,3,2,6,1,0,0,0,0,0,0,3.65874E+20,5.81431E+21,7.02574E+15,5.24625E+16
12388,3.1704E+18,3,4,54,32,2017,4,10,1,3,0,1,0,0,0,1,0,0,0,3.85476E+20,5.82136E+21,7.3117E+15,5.25303E+16
12389,3.17033E+18,3,4,55,20,2017,3,7,2,3,8,7,0,1,0,0,0,0,0,4.25014E+20,5.9483E+21,7.86476E+15,5.3678E+16
12390,3.17033E+18,3,4,55,20,2017,3,7,2,3,8,1,0,1,0,0,0,2,1,4.29888E+20,5.94075E+21,7.94023E+15,5.36108E+16
12391,3.17033E+18,3,3,56,5,2017,3,10,2,2,5,3,0,1,0,0,1,0,0,4.88056E+20,5.89384E+21,8.82122E+15,5.31938E+16
12392,3.17033E+18,3,3,61,9,2017,3,12,2,1,5,2,0,1,0,0,1,0,0,5.07417E+20,5.8814E+21,9.11073E+15,5.3082E+16
12393,3.17033E+18,3,3,61,1,2017,3,17,2,3,2,6,0,1,0,0,0,0,0,5.02116E+20,5.87478E+21,9.03154E+15,5.30225E+16
12394,3.1704E+18,3,4,54,32,2017,4,12,1,3,2,6,0,1,0,0,0,0,0,3.8676E+20,5.8174E+21,7.33196E+15,5.2495E+16
12395,3.17033E+18,3,4,51,8,2017,3,23,2,2,8,7,0,1,0,0,0,2,0,4.38564E+20,5.90486E+21,8.07837E+15,5.32894E+16
12396,3.1704E+18,3,4,54,32,2017,4,13,1,3,5,2,1,1,0,0,0,0,0,3.87371E+20,5.82012E+21,7.34003E+15,5.25196E+16
12397,3.17033E+18,3,2,51,37,2017,3,11,2,2,2,2,0,1,0,0,1,0,0,4.81568E+20,5.87168E+21,8.72538E+15,5.29944E+16
12398,3.1704E+18,3,4,62,4,2017,4,11,1,3,5,3,0,1,0,0,1,0,0,3.95906E+20,5.93589E+21,7.42839E+15,5.35616E+16
12399,3.1704E+18,3,4,60,7,2017,4,17,1,2,4,6,1,0,0,1,0,0,0,4.36983E+20,5.81883E+21,8.07133E+15,5.25159E+16
12400,3.1704E+18,3,4,53,5,2017,4,20,1,2,4,2,0,1,0,1,0,2,0,4.46888E+20,5.85167E+21,8.21199E+15,5.28122E+16
12401,3.1704E+18,3,4,55,15,2017,4,14,1,3,5,3,1,1,0,0,0,0,0,4.32452E+20,5.93198E+21,7.98088E+15,5.35324E+16
12402,3.1704E+18,3,4,55,15,2017,4,21,1,3,1,6,0,1,0,0,0,2,0,4.29759E+20,5.93534E+21,7.93951E+15,5.35622E+16
12403,3.1704E+18,3,3,61,12,2017,4,19,1,2,5,3,1,1,0,0,0,0,0,5.15635E+20,5.86597E+21,9.23268E+15,5.29432E+16
12404,3.1704E+18,3,4,51,7,2017,4,14,1,3,4,7,0,1,0,0,0,0,0,4.29243E+20,5.89901E+21,7.93986E+15,5.32356E+16
12405,3.17033E+18,3,2,51,7,2017,3,15,2,3,2,6,0,1,0,0,1,0,0,4.80656E+20,5.86435E+21,8.71224E+15,5.29284E+16
12406,3.1704E+18,3,2,51,7,2017,4,16,1,3,5,2,0,1,0,1,0,0,0,4.81127E+20,5.85494E+21,8.71979E+15,5.28439E+16
12407,3.17033E+18,3,2,51,15,2017,3,6,2,1,8,6,0,1,0,0,0,1,0,4.80825E+20,5.84615E+21,8.71582E+15,5.27649E+16
12408,3.17033E+18,3,2,51,44,2017,3,4,2,3,7,7,0,1,0,0,1,2,0,4.73617E+20,5.81936E+21,8.61114E+15,5.25237E+16
12409,3.17033E+18,3,4,58,14,2017,3,14,2,3,2,6,0,1,0,0,1,0,0,4.60716E+20,5.86153E+21,8.41596E+15,5.2902E+16
12410,3.17033E+18,3,3,52,32,2017,3,16,2,3,9,1,0,0,0,0,1,0,0,4.7412E+20,5.9248E+21,8.6101E+15,5.34715E+16
12411,3.17033E+18,3,3,52,22,2017,3,10,2,3,3,6,0,1,0,0,0,0,0,5.09505E+20,5.95155E+21,9.14401E+15,5.37125E+16
12412,3.17033E+18,3,3,52,61,2017,3,14,2,3,1,7,0,1,0,0,0,0,0,4.78009E+20,5.95536E+21,8.66653E+15,5.37464E+16
12413,3.17033E+18,3,2,41,12,2017,3,19,2,2,6,4,0,1,1,0,0,0,0,5.30494E+20,5.81728E+21,9.44926E+15,5.25048E+16
12414,3.17033E+18,3,3,53,2,2017,3,8,2,3,4,2,0,1,0,0,0,0,0,5.65324E+20,5.90253E+21,9.97947E+15,5.32679E+16
12415,3.17033E+18,3,3,59,11,2017,3,22,2,3,4,2,0,1,0,0,0,2,0,5.31255E+20,5.93155E+21,9.47154E+15,5.35319E+16
12416,3.1704E+18,3,4,58,9,2017,4,13,1,2,8,6,0,1,0,0,0,0,0,4.50589E+20,5.88271E+21,8.26216E+15,5.30916E+16
12417,3.17033E+18,3,3,58,19,2017,3,16,2,3,2,2,0,1,0,0,1,0,0,5.56301E+20,5.89071E+21,9.84212E+15,5.31628E+16
12418,3.1704E+18,3,3,53,29,2017,4,16,1,3,1,5,0,1,0,0,0,0,0,5.61805E+20,5.91353E+21,9.92886E+15,5.33672E+16
12419,3.17033E+18,3,3,58,21,2017,3,16,2,3,4,6,0,1,0,0,0,0,0,5.58236E+20,5.8712E+21,9.86752E+15,5.29872E+16
12420,3.1704E+18,3,3,59,23,2017,4,16,1,3,5,3,0,0,0,1,1,0,0,5.3333E+20,5.92344E+21,9.50199E+15,5.34589E+16
12421,3.1704E+18,3,3,59,10,2017,4,17,1,3,5,2,0,1,0,0,0,0,0,5.48615E+20,5.92306E+21,9.73212E+15,5.34543E+16
12422,3.1704E+18,3,3,59,38,2017,4,1,1,3,8,1,0,1,0,0,0,2,0,5.29693E+20,5.93802E+21,9.44859E+15,5.35902E+16
12423,3.1704E+18,3,3,59,17,2017,4,3,1,2,9,1,0,1,0,0,0,2,0,5.23075E+20,5.9335E+21,9.34827E+15,5.35499E+16
12424,3.1704E+18,3,3,58,22,2017,4,14,1,3,2,6,0,1,0,0,0,0,0,5.45542E+20,5.84985E+21,9.67544E+15,5.27965E+16
12425,3.17033E+18,3,3,57,57,2017,3,8,2,3,5,3,1,1,0,0,0,0,0,5.18936E+20,5.90395E+21,9.28404E+15,5.32844E+16
12426,3.1704E+18,3,3,58,5,2017,4,11,1,3,3,7,0,1,0,0,0,0,0,5.47501E+20,5.83432E+21,9.70226E+15,5.26567E+16
12427,3.17033E+18,3,3,60,30,2017,3,6,2,2,9,7,0,1,0,0,0,0,0,6.09371E+20,5.86498E+21,1.06269E+16,5.29233E+16
12428,3.1704E+18,3,3,58,4,2017,4,16,1,2,4,2,0,1,0,1,0,0,0,5.42578E+20,5.86181E+21,9.63305E+15,5.29042E+16
12429,3.1704E+18,3,3,57,8,2017,4,2,1,2,9,6,0,1,0,0,0,2,0,5.09157E+20,5.92225E+21,9.13788E+15,5.34492E+16
12430,3.17033E+18,3,2,41,1,2017,3,9,2,3,2,6,0,1,0,0,0,0,0,5.47175E+20,5.80373E+21,9.6931E+15,5.23818E+16
12431,3.1704E+18,3,3,57,8,2017,4,4,1,3,8,1,0,1,0,0,0,2,0,5.13211E+20,5.92369E+21,9.19899E+15,5.34621E+16
12432,3.17033E+18,3,2,41,1,2017,3,7,2,3,2,6,0,1,0,0,0,0,0,5.46612E+20,5.79991E+21,9.68429E+15,5.23475E+16
12433,3.17033E+18,3,2,41,1,2017,3,17,2,3,5,2,1,1,0,0,0,0,0,5.55225E+20,5.80689E+21,9.81187E+15,5.24095E+16
12434,3.1704E+18,3,3,57,39,2017,4,14,1,3,0,3,1,1,0,0,0,0,0,5.25436E+20,5.88331E+21,9.37989E+15,5.30987E+16
12435,3.17033E+18,3,2,41,13,2017,3,16,2,3,2,2,0,1,0,0,0,0,0,5.54331E+20,5.79194E+21,9.79632E+15,5.22751E+16
12436,3.17033E+18,3,2,41,14,2017,3,16,2,3,2,6,0,1,0,0,0,0,0,5.43407E+20,5.79815E+21,9.63702E+15,5.23319E+16
12437,3.1704E+18,3,3,60,2,2017,4,12,1,3,5,3,0,1,0,0,0,0,0,6.06032E+20,5.88196E+21,1.05828E+16,5.30766E+16
12438,3.1704E+18,3,3,54,4,2017,4,10,1,3,5,3,1,1,0,0,0,0,0,6.40157E+20,5.88479E+21,1.10931E+16,5.30941E+16
12439,3.1704E+18,3,2,41,12,2017,4,12,1,3,5,3,0,0,0,0,1,0,0,5.31036E+20,5.81713E+21,9.45723E+15,5.25034E+16
12440,3.1704E+18,3,2,41,1,2017,4,4,1,3,3,1,0,1,0,0,0,2,1,5.60709E+20,5.80198E+21,9.8916E+15,5.23648E+16
12441,3.1704E+18,3,1,59,2,2017,4,14,1,2,9,1,0,0,0,1,0,0,0,5.85639E+20,5.74127E+21,1.02424E+16,5.18157E+16
12442,3.1704E+18,3,1,55,3,2017,4,5,1,3,9,1,0,1,0,0,0,2,1,5.52793E+20,5.73707E+21,9.7653E+15,5.1782E+16
12443,3.1704E+18,3,2,56,16,2017,4,19,1,1,9,1,0,1,0,0,0,0,0,5.16821E+20,5.82188E+21,9.24805E+15,5.25468E+16
12444,3.1704E+18,3,2,54,2,2017,4,4,1,3,8,7,0,1,0,0,0,2,1,5.59153E+20,5.75642E+21,9.86081E+15,5.19553E+16
12445,3.1704E+18,3,2,54,22,2017,4,14,1,3,9,1,0,1,0,0,0,0,0,5.7834E+20,5.77322E+21,1.01438E+16,5.2104E+16
12446,3.17033E+18,3,2,41,19,2017,3,10,2,3,5,3,0,1,0,0,0,0,0,5.4268E+20,5.82233E+21,9.62943E+15,5.25494E+16
12447,3.1704E+18,3,2,54,22,2017,4,14,1,3,2,6,0,1,0,0,0,0,0,5.78375E+20,5.77321E+21,1.01443E+16,5.21039E+16
12448,3.17033E+18,3,2,41,8,2017,3,14,2,3,5,2,0,1,0,0,0,0,0,5.57558E+20,5.80929E+21,9.84657E+15,5.24308E+16
12449,3.17033E+18,3,2,41,18,2017,3,9,2,3,4,2,1,1,0,0,0,0,0,5.74503E+20,5.81531E+21,1.00971E+16,5.24829E+16
12450,3.17033E+18,3,2,41,8,2017,3,16,2,2,6,4,0,0,1,0,1,0,0,5.57589E+20,5.80966E+21,9.8471E+15,5.24341E+16
12451,3.1704E+18,3,2,52,3,2017,4,17,1,3,9,6,0,1,0,1,0,0,0,5.14649E+20,5.76062E+21,9.21336E+15,5.1996E+16
12452,3.17033E+18,3,2,41,1,2017,3,16,2,2,6,4,0,0,1,0,1,0,0,5.5499E+20,5.80681E+21,9.8084E+15,5.24088E+16
12453,3.1704E+18,3,1,59,17,2017,4,14,1,2,8,1,1,0,0,0,0,0,0,5.5356E+20,5.69635E+21,9.7702E+15,5.14158E+16
12454,3.17033E+18,3,1,59,19,2017,3,14,2,3,2,6,0,1,0,0,0,0,0,5.92222E+20,5.72412E+21,1.03333E+16,5.16605E+16
12455,3.1704E+18,3,1,57,9,2017,4,17,1,2,5,3,1,1,0,0,0,0,0,5.83313E+20,5.79088E+21,1.02207E+16,5.2262E+16
12456,3.1704E+18,3,1,57,8,2017,4,8,1,3,3,6,0,1,0,0,0,0,1,5.92872E+20,5.79969E+21,1.03632E+16,5.23396E+16
12457,3.1704E+18,3,4,59,22,2017,4,13,7,2,4,6,0,1,0,1,0,0,0,4.43045E+20,5.7796E+21,8.16731E+15,5.21639E+16
12458,3.1704E+18,3,4,59,4,2017,4,12,7,3,6,7,0,1,1,0,0,0,0,4.34958E+20,5.77937E+21,8.04915E+15,5.2161E+16
12459,3.1704E+18,3,4,57,14,2017,4,12,7,3,3,6,0,1,0,1,0,0,0,4.00436E+20,5.91282E+21,7.50406E+15,5.33551E+16
12460,3.1704E+18,3,4,57,21,2017,4,9,7,3,2,6,0,1,0,0,0,0,0,3.87163E+20,5.89301E+21,7.31175E+15,5.31745E+16
12461,3.1704E+18,3,4,57,13,2017,4,2,7,3,8,1,0,1,0,0,0,2,0,4.008E+20,5.90393E+21,7.51231E+15,5.32753E+16
12462,3.17033E+18,3,1,55,11,2017,3,6,2,2,5,3,1,1,0,0,0,1,0,5.66381E+20,5.72851E+21,9.96062E+15,5.17036E+16
12463,3.1704E+18,3,4,54,41,2017,4,18,7,3,2,6,0,1,0,0,0,0,1,3.94951E+20,5.88233E+21,7.43172E+15,5.30801E+16
12464,3.17033E+18,3,2,56,4,2017,3,8,2,3,2,2,0,1,0,0,1,0,0,4.81334E+20,5.8164E+21,8.72504E+15,5.24974E+16
12465,3.1704E+18,3,4,54,32,2017,4,9,7,3,5,7,0,1,0,0,0,0,0,3.8681E+20,5.8204E+21,7.33168E+15,5.2522E+16
12466,3.17033E+18,3,2,57,3,2017,3,5,2,3,5,2,0,1,0,0,0,2,0,5.12878E+20,5.7859E+21,9.18853E+15,5.22234E+16
12467,3.17033E+18,3,2,57,2,2017,3,17,2,3,3,6,0,1,0,1,0,0,0,5.21852E+20,5.79281E+21,9.32034E+15,5.22852E+16
12468,3.17033E+18,3,2,57,2,2017,3,17,2,2,4,2,0,1,0,1,0,0,0,5.21382E+20,5.79289E+21,9.31346E+15,5.2286E+16
12469,3.1704E+18,3,4,54,34,2017,4,19,7,3,8,1,0,0,0,0,1,1,0,3.93407E+20,5.80782E+21,7.4329E+15,5.24102E+16
12470,3.17033E+18,3,2,56,7,2017,3,16,2,3,5,3,0,1,0,1,0,0,0,5.14359E+20,5.84773E+21,9.21287E+15,5.27792E+16
12471,3.17033E+18,3,2,54,29,2017,3,9,2,3,8,7,0,1,0,0,0,0,0,5.76247E+20,5.78329E+21,1.01155E+16,5.21948E+16