OBJECTID,UIDENTSTLA,ULAND,UREGBEZ,UKREIS,UGEMEINDE,UJAHR,UMONAT,USTUNDE,UWOCHENTAG,UKATEGORIE,UART,UTYP1,IstRad,IstPKW,IstFuss,IstKrad,IstSonstig,LICHT,STRZUSTAND,LINREFX,LINREFY,XGCSWGS84,YGCSWGS84
12472,3.17033E+18,3,2,54,2,2017,3,18,2,3,2,6,0,1,0,0,1,0,0,5.54363E+20,5.76241E+21,9.79205E+15,5.20097E+16
12473,3.17033E+18,3,2,52,8,2017,3,8,2,3,3,6,0,0,0,0,1,0,0,5.38596E+20,5.76986E+21,9.56319E+15,5.2078E+16
12474,3.17033E+18,3,2,52,6,2017,3,15,2,3,2,6,0,1,0,0,0,0,0,5.23547E+20,5.77389E+21,9.34388E+15,5.21151E+16
12475,3.1704E+18,3,4,62,3,2017,4,8,7,3,8,7,0,0,0,1,0,0,0,4.08347E+20,5.94288E+21,7.6141E+15,5.36267E+16
12476,3.1704E+18,3,4,52,1,2017,4,12,7,3,0,2,0,1,0,0,0,0,1,4.09372E+20,5.9309E+21,7.63307E+15,5.35192E+16
12477,3.17033E+18,3,2,52,6,2017,3,15,2,3,2,6,0,1,0,0,0,0,0,5.26858E+20,5.77309E+21,9.39218E+15,5.21077E+16
12478,3.1704E+18,3,4,53,8,2017,4,16,7,3,2,6,0,1,0,0,0,0,0,4.35222E+20,5.86871E+21,8.03554E+15,5.29641E+16
12479,3.17033E+18,3,1,59,16,2017,3,22,2,3,8,1,0,1,0,0,0,2,0,5.60333E+20,5.70824E+21,9.86962E+15,5.1522E+16
12480,3.1704E+18,3,4,51,5,2017,4,11,7,3,5,3,0,1,0,0,0,0,0,4.45666E+20,5.89996E+21,8.18573E+15,5.32461E+16
12481,3.1704E+18,3,2,51,47,2017,4,19,7,3,5,3,0,1,0,0,0,1,0,4.89949E+20,5.86952E+21,8.85031E+15,5.29752E+16
12482,3.1704E+18,3,2,51,34,2017,4,15,7,3,8,1,0,0,0,1,0,0,0,4.9731E+20,5.83986E+21,8.96018E+15,5.27087E+16
12483,3.1704E+18,3,4,1,0,2017,4,14,7,3,2,6,0,1,0,0,0,0,0,4.72879E+20,5.87732E+21,8.59545E+15,5.30447E+16
12484,3.1704E+18,3,3,53,9,2017,4,13,7,3,8,7,0,1,0,0,0,0,0,5.72342E+20,5.89317E+21,1.00825E+16,5.31829E+16
12485,3.1704E+18,3,3,53,31,2017,4,22,7,3,5,3,0,1,0,0,0,2,1,5.69542E+20,5.9162E+21,1.00457E+16,5.33903E+16
12486,3.17033E+18,3,1,59,16,2017,3,18,2,3,2,6,0,1,0,0,1,0,0,5.652E+20,5.70733E+21,9.9396E+15,5.15134E+16
12487,3.1704E+18,3,3,53,10,2017,4,15,7,2,0,7,0,0,0,1,0,0,0,5.77147E+20,5.89502E+21,1.01549E+16,5.31989E+16
12488,3.17033E+18,3,1,54,10,2017,3,16,2,3,9,7,0,1,0,0,0,0,0,6.33369E+20,5.79341E+21,1.09548E+16,5.22748E+16
12489,3.17033E+18,3,1,3,0,2017,3,21,2,3,5,2,0,1,0,0,0,2,0,6.1774E+20,5.80947E+21,1.07315E+16,5.24228E+16
12490,3.17033E+18,3,1,3,0,2017,3,16,2,3,2,6,0,1,0,0,0,0,0,6.25616E+20,5.80924E+21,1.08472E+16,5.2419E+16
12491,3.17033E+18,3,1,58,37,2017,3,18,2,3,9,1,0,1,0,0,0,0,0,6.08127E+20,5.78325E+21,1.05818E+16,5.21891E+16
12492,3.1704E+18,3,3,59,28,2017,4,14,7,1,5,3,0,1,0,1,1,0,0,5.43963E+20,5.92871E+21,9.66285E+15,5.35055E+16
12493,3.17033E+18,3,1,1,0,2017,3,7,2,3,3,6,0,1,0,0,1,0,0,6.03093E+20,5.7891E+21,1.05099E+16,5.22426E+16
12494,3.1704E+18,3,3,59,26,2017,4,15,7,2,5,3,0,1,0,1,0,0,0,5.358E+20,5.93893E+21,9.54096E+15,5.3598E+16
12495,3.17033E+18,3,4,59,24,2017,3,10,1,3,8,1,1,0,0,0,0,0,0,4.57121E+20,5.78511E+21,8.37239E+15,5.22148E+16
12496,3.1704E+18,3,3,59,10,2017,4,13,7,3,5,2,0,1,0,0,0,0,0,5.47499E+20,5.9252E+21,9.71563E+15,5.34736E+16
12497,3.1704E+18,3,3,58,2,2017,4,14,7,3,5,3,1,1,0,0,0,0,0,5.66829E+20,5.88199E+21,9.99774E+15,5.30832E+16
12498,3.1704E+18,3,3,58,19,2017,4,12,7,3,2,1,0,1,0,0,0,0,0,5.62447E+20,5.87265E+21,9.93052E+15,5.29998E+16
12499,3.1704E+18,3,3,57,47,2017,4,9,7,1,8,7,0,1,0,0,0,0,0,5.02372E+20,5.89511E+21,9.03552E+15,5.32053E+16
12500,3.1704E+18,3,3,60,6,2017,4,16,7,3,4,1,0,1,0,1,0,0,0,5.9502E+20,5.87665E+21,1.04169E+16,5.30309E+16
12501,3.17033E+18,3,4,53,10,2017,3,11,1,3,5,3,0,1,0,0,0,0,0,4.16633E+20,5.85485E+21,7.7624E+15,5.28369E+16
12502,3.17033E+18,3,4,55,14,2017,3,18,1,3,5,3,0,1,0,0,0,0,0,4.35289E+20,5.92804E+21,8.02449E+15,5.34973E+16
12503,3.17033E+18,3,3,56,7,2017,3,6,1,3,9,1,0,1,0,0,0,0,0,4.84995E+20,5.90025E+21,8.7751E+15,5.32513E+16
12504,3.17033E+18,3,3,61,12,2017,3,0,1,3,9,1,0,1,0,0,0,2,0,5.17834E+20,5.86656E+21,9.26543E+15,5.29483E+16
12505,3.17033E+18,3,4,51,5,2017,3,19,1,2,3,6,0,0,0,1,0,0,0,4.44248E+20,5.90413E+21,8.16375E+15,5.32834E+16
12506,3.1704E+18,3,3,60,29,2017,4,20,7,3,8,7,0,1,0,0,0,2,1,5.86188E+20,5.87575E+21,1.0285E+16,5.30244E+16
12507,3.17033E+18,3,2,51,42,2017,3,20,1,2,2,6,0,1,0,0,1,1,0,4.70546E+20,5.84553E+21,8.56353E+15,5.27588E+16
12508,3.1704E+18,3,3,51,4,2017,4,7,7,3,9,7,0,0,0,0,1,0,0,5.66037E+20,5.84756E+21,9.97891E+15,5.27738E+16
12509,3.1704E+18,3,2,41,1,2017,4,20,7,3,5,2,0,1,0,0,0,1,1,5.47603E+20,5.79995E+21,9.69884E+15,5.23478E+16
12510,3.1704E+18,3,2,41,1,2017,4,19,7,3,2,6,0,1,0,0,0,0,0,5.4743E+20,5.80354E+21,9.69681E+15,5.238E+16
12511,3.1704E+18,3,2,41,2,2017,4,15,7,3,2,2,0,1,0,0,0,0,0,5.30083E+20,5.79578E+21,9.44127E+15,5.23115E+16
12512,3.1704E+18,3,2,41,1,2017,4,18,7,3,6,4,0,1,1,0,0,0,0,5.49973E+20,5.80437E+21,9.7343E+15,5.23873E+16
12513,3.1704E+18,3,2,41,9,2017,4,15,7,3,8,1,0,0,0,1,0,0,0,5.55717E+20,5.79302E+21,9.8168E+15,5.22847E+16
12514,3.17033E+18,3,2,51,37,2017,3,17,1,3,3,6,0,1,0,0,0,0,0,4.81114E+20,5.87319E+21,8.71853E+15,5.30079E+16
12515,3.1704E+18,3,2,41,8,2017,4,16,7,3,3,6,0,1,0,0,0,0,0,5.60643E+20,5.80918E+21,9.89193E+15,5.24294E+16
12516,3.17033E+18,3,3,52,62,2017,3,11,1,2,8,1,0,1,0,0,0,0,0,4.81317E+20,5.93555E+21,8.71788E+15,5.35685E+16
12517,3.1704E+18,3,2,41,8,2017,4,13,7,2,0,2,1,0,0,1,0,0,0,5.53538E+20,5.81191E+21,9.78788E+15,5.24547E+16
12518,3.17033E+18,3,3,52,29,2017,3,20,1,3,5,3,0,1,0,0,0,2,0,5.06356E+20,5.94307E+21,9.09613E+15,5.36363E+16
12519,3.17033E+18,3,3,52,8,2017,3,6,1,3,5,3,0,1,0,0,0,0,0,4.98783E+20,5.95809E+21,8.98154E+15,5.37715E+16
12520,3.17033E+18,3,3,53,20,2017,3,16,1,3,4,2,1,1,0,0,0,0,0,5.64115E+20,5.90729E+21,9.9623E+15,5.33109E+16
12521,3.17033E+18,3,3,57,55,2017,3,17,1,3,8,1,0,0,0,1,0,0,0,5.06252E+20,5.89332E+21,9.09357E+15,5.31892E+16
12522,3.17033E+18,3,3,55,22,2017,3,15,1,3,5,3,0,1,0,0,0,0,0,5.91633E+20,5.89463E+21,1.03716E+16,5.31931E+16
12523,3.17033E+18,3,3,51,23,2017,3,1,1,3,9,1,0,1,0,0,0,2,0,5.51888E+20,5.83464E+21,9.76715E+15,5.26592E+16
12524,3.17033E+18,3,3,51,4,2017,3,16,1,3,4,2,0,1,0,1,0,0,0,5.64813E+20,5.85165E+21,9.96158E+15,5.28107E+16
12525,3.17033E+18,3,2,41,1,2017,3,13,1,3,2,6,0,1,0,1,0,0,0,5.56329E+20,5.80074E+21,9.82706E+15,5.2354E+16
12526,3.1704E+18,3,2,41,19,2017,4,12,7,3,2,6,0,1,0,0,0,0,0,5.50829E+20,5.82758E+21,9.75042E+15,5.25959E+16
12527,3.1704E+18,3,2,41,11,2017,4,10,7,3,2,6,0,1,0,0,1,0,0,5.6608E+20,5.80482E+21,9.97102E+15,5.23896E+16
12528,3.1704E+18,3,2,41,11,2017,4,9,7,3,0,6,0,1,0,0,0,0,0,5.65874E+20,5.80485E+21,9.968E+15,5.23899E+16
12529,3.1704E+18,3,2,41,1,2017,4,8,7,3,3,6,0,1,0,0,0,0,0,5.60623E+20,5.80179E+21,9.8903E+15,5.2363E+16
12530,3.1704E+18,3,2,41,4,2017,4,1,7,3,8,7,0,1,0,0,0,2,0,5.56017E+20,5.8175E+21,9.8253E+15,5.25048E+16
12531,3.1704E+18,3,1,55,12,2017,4,18,7,3,2,2,0,1,0,1,0,0,0,5.4403E+20,5.72475E+21,9.63672E+15,5.1672E+16
12532,3.1704E+18,3,1,59,3,2017,4,13,7,2,2,6,0,1,0,0,0,0,0,6.02269E+20,5.71824E+21,1.04768E+16,5.16059E+16
12533,3.1704E+18,3,2,57,3,2017,4,15,7,1,4,6,0,1,0,0,0,0,0,5.17431E+20,5.78693E+21,9.25523E+15,5.22325E+16
12534,3.1704E+18,3,2,57,26,2017,4,17,7,2,5,3,0,1,0,1,0,0,0,5.11974E+20,5.79289E+21,9.17554E+15,5.22863E+16
12535,3.1704E+18,3,2,57,14,2017,4,14,7,3,5,3,1,1,0,0,0,0,0,5.07137E+20,5.79649E+21,9.10471E+15,5.23187E+16
12536,3.1704E+18,3,2,56,22,2017,4,15,7,3,0,2,0,1,0,1,0,0,0,5.14826E+20,5.83242E+21,9.21911E+15,5.26416E+16
12537,3.17033E+18,3,2,41,10,2017,3,20,1,3,2,2,0,1,0,0,0,2,0,5.46109E+20,5.80972E+21,9.67825E+15,5.24357E+16
12538,3.1704E+18,3,2,54,26,2017,4,14,7,2,5,3,0,1,0,1,0,0,0,5.54186E+20,5.77819E+21,9.79198E+15,5.21516E+16
12539,3.17033E+18,3,2,41,21,2017,3,13,1,3,2,6,0,1,0,0,0,0,0,5.28901E+20,5.80007E+21,9.42431E+15,5.23502E+16
12540,3.1704E+18,3,2,54,21,2017,4,10,7,3,2,6,0,1,0,0,0,0,0,5.66595E+20,5.77406E+21,9.97253E+15,5.21131E+16
12541,3.17033E+18,3,2,41,15,2017,3,13,1,2,5,3,0,1,0,1,0,0,0,5.42716E+20,5.80509E+21,9.62776E+15,5.23944E+16
12542,3.1704E+18,3,2,52,4,2017,4,12,7,2,5,3,0,1,0,1,0,0,0,5.35943E+20,5.768E+21,9.52429E+15,5.20614E+16
12543,3.17033E+18,3,1,59,19,2017,3,18,1,3,1,2,0,1,0,0,0,0,0,5.92185E+20,5.72291E+21,1.03325E+16,5.16496E+16
12544,3.17033E+18,3,2,54,2,2017,3,16,1,2,5,3,0,1,0,0,0,0,0,5.59082E+20,5.76139E+21,9.86062E+15,5.2E+16
12545,3.1704E+18,3,1,59,17,2017,4,14,7,3,9,1,0,1,0,0,0,0,0,5.495E+20,5.69496E+21,9.71163E+15,5.14037E+16
12546,3.17033E+18,3,2,52,3,2017,3,15,1,3,9,7,0,0,0,1,0,0,0,5.19309E+20,5.75862E+21,9.28112E+15,5.19779E+16
12547,3.17033E+18,3,1,59,10,2017,3,14,1,3,8,1,0,0,0,1,0,0,1,5.94676E+20,5.71275E+21,1.03657E+16,5.15579E+16
12548,3.1704E+18,3,1,59,16,2017,4,14,7,3,3,6,0,1,0,1,0,0,0,5.67217E+20,5.7116E+21,9.96947E+15,5.15515E+16
12549,3.17033E+18,3,1,53,16,2017,3,19,1,3,5,2,0,1,0,0,1,1,0,6.1532E+20,5.72502E+21,1.06674E+16,5.16644E+16
12550,3.17033E+18,3,1,53,17,2017,3,19,1,3,2,6,0,1,0,0,0,0,0,5.97209E+20,5.75327E+21,1.04136E+16,5.19217E+16
12551,3.17033E+18,3,4,59,14,2017,3,3,7,3,9,1,0,1,0,0,0,2,0,4.29373E+20,5.81053E+21,7.96097E+15,5.24404E+16
12552,3.1704E+18,3,1,54,13,2017,4,11,7,3,5,3,0,1,0,1,0,0,0,6.26509E+20,5.7884E+21,1.08525E+16,5.22314E+16
12553,3.1704E+18,3,1,54,10,2017,4,18,7,2,5,3,1,1,0,0,0,0,0,6.3672E+20,5.78693E+21,1.10013E+16,5.22158E+16
12554,3.17033E+18,3,4,4,0,2017,3,16,7,3,5,3,1,0,0,0,1,0,0,4.34297E+20,5.7917E+21,8.03708E+15,5.22718E+16
12555,3.1704E+18,3,1,58,37,2017,4,17,7,3,2,2,0,1,0,0,0,0,0,6.04006E+20,5.78055E+21,1.05207E+16,5.21656E+16
12556,3.17033E+18,3,4,4,0,2017,3,17,7,3,2,6,0,1,0,0,0,0,0,4.33875E+20,5.79164E+21,8.03091E+15,5.22711E+16
12557,3.1704E+18,3,1,57,7,2017,4,11,7,2,5,3,0,1,0,0,0,0,0,5.88087E+20,5.78861E+21,1.02901E+16,5.22408E+16
12558,3.1704E+18,3,1,57,6,2017,4,19,7,2,0,7,0,1,0,1,0,0,0,5.8475E+20,5.7958E+21,1.0243E+16,5.2306E+16
12559,3.17033E+18,3,4,60,7,2017,3,17,6,3,2,6,0,1,0,0,0,0,0,4.37259E+20,5.81645E+21,8.07586E+15,5.24946E+16
12560,3.17033E+18,3,4,59,24,2017,3,14,6,3,5,3,1,1,0,0,0,0,0,4.50822E+20,5.7875E+21,8.27986E+15,5.22357E+16
12561,3.17033E+18,3,4,4,0,2017,3,18,6,3,1,5,1,1,0,0,0,0,0,4.35632E+20,5.79028E+21,8.05692E+15,5.22591E+16
12562,3.17033E+18,3,4,4,0,2017,3,14,6,2,3,6,0,1,0,0,1,0,0,4.35668E+20,5.79012E+21,8.05747E+15,5.22577E+16
12563,3.17033E+18,3,4,4,0,2017,3,7,6,3,3,6,1,1,0,0,0,0,0,4.34346E+20,5.79214E+21,8.03771E+15,5.22757E+16
12564,3.17033E+18,3,4,57,16,2017,3,21,6,3,8,7,0,0,0,1,0,2,0,4.05446E+20,5.90076E+21,7.58291E+15,5.32476E+16
12565,3.17033E+18,3,4,4,0,2017,3,10,7,3,2,6,0,1,0,0,0,0,0,4.33953E+20,5.78838E+21,8.03269E+15,5.22419E+16
12566,3.17033E+18,3,4,57,18,2017,3,15,7,3,2,6,0,1,0,0,0,0,0,4.04186E+20,5.88883E+21,7.5676E+15,5.31402E+16
12567,3.17033E+18,3,4,57,21,2017,3,16,6,3,3,2,1,1,0,0,0,0,0,3.86104E+20,5.89285E+21,7.29598E+15,5.31728E+16
12568,3.17033E+18,3,4,54,11,2017,3,12,6,3,2,2,0,1,0,0,0,0,0,4.08169E+20,5.87254E+21,7.63178E+15,5.29946E+16
12569,3.17033E+18,3,4,56,1,2017,3,17,6,2,5,3,0,1,0,0,0,0,0,3.69474E+20,5.79588E+21,7.08588E+15,5.22978E+16
12570,3.17033E+18,3,4,56,1,2017,3,15,7,3,5,3,0,1,0,0,0,0,0,3.75944E+20,5.79438E+21,7.18125E+15,5.22857E+16
12571,3.17033E+18,3,4,52,6,2017,3,6,6,3,2,6,0,1,0,0,1,1,0,4.05481E+20,5.91628E+21,7.5788E+15,5.33871E+16
12572,3.17033E+18,3,4,56,15,2017,3,13,7,2,2,2,0,1,0,0,1,0,0,3.68882E+20,5.80634E+21,7.07312E+15,5.23916E+16
12573,3.17033E+18,3,4,52,1,2017,3,17,6,2,7,7,1,0,0,0,1,0,0,4.02922E+20,5.92714E+21,7.53699E+15,5.34843E+16
12574,3.17033E+18,3,4,52,8,2017,3,16,7,3,2,6,0,1,0,0,0,0,0,3.86552E+20,5.94018E+21,7.28568E+15,5.35981E+16
12575,3.17033E+18,3,4,52,25,2017,3,11,7,3,2,6,0,1,0,0,0,0,0,4.16383E+20,5.91958E+21,7.74181E+15,5.34186E+16
12576,3.17033E+18,3,4,52,1,2017,3,17,7,2,2,6,0,1,0,1,0,0,0,4.04803E+20,5.9308E+21,7.56421E+15,5.35175E+16
12577,3.17033E+18,3,4,53,10,2017,3,10,7,3,5,3,1,0,0,0,1,0,0,4.18173E+20,5.85572E+21,7.78503E+15,5.2845E+16
12578,3.17033E+18,3,4,53,5,2017,3,16,7,3,2,6,0,1,0,0,0,0,0,4.42788E+20,5.8561E+21,8.1504E+15,5.28516E+16
12579,3.17033E+18,3,3,61,8,2017,3,20,7,3,4,6,0,1,0,0,0,2,0,5.09785E+20,5.88773E+21,9.14628E+15,5.31389E+16
12580,3.17033E+18,3,3,61,8,2017,3,9,7,3,5,3,0,1,0,0,0,0,0,5.03615E+20,5.88514E+21,9.05402E+15,5.31157E+16
12581,3.17033E+18,3,3,61,1,2017,3,20,7,3,3,6,0,1,0,0,1,1,0,4.99825E+20,5.87606E+21,8.99739E+15,5.30341E+16
12582,3.17033E+18,3,3,61,5,2017,3,8,7,2,8,1,0,1,0,0,0,0,0,5.21752E+20,5.86664E+21,9.32374E+15,5.29489E+16
12583,3.17033E+18,3,4,61,9,2017,3,15,7,3,0,1,0,0,0,1,0,0,0,4.55718E+20,5.92541E+21,8.3328E+15,5.34758E+16
12584,3.17033E+18,3,3,52,32,2017,3,17,7,3,5,2,0,1,0,0,0,0,0,4.7224E+20,5.92145E+21,8.58207E+15,5.34413E+16
12585,3.17033E+18,3,4,53,7,2017,3,15,6,3,2,2,0,1,0,0,0,0,0,4.28954E+20,5.86866E+21,7.94224E+15,5.29629E+16
12586,3.17033E+18,3,3,56,9,2017,3,16,7,3,0,1,0,1,0,0,0,0,0,4.75742E+20,5.8996E+21,8.63647E+15,5.32451E+16
12587,3.17033E+18,3,4,60,9,2017,3,11,6,3,2,6,0,1,0,0,0,0,0,4.50013E+20,5.8487E+21,8.25881E+15,5.27858E+16
12588,3.17033E+18,3,3,52,42,2017,3,16,7,2,9,1,0,0,0,1,0,0,0,5.12117E+20,5.95893E+21,9.18388E+15,5.37788E+16
12589,3.17033E+18,3,4,53,6,2017,3,5,6,3,5,3,1,0,0,0,1,2,0,4.27916E+20,5.83882E+21,7.93339E+15,5.26944E+16
12590,3.17033E+18,3,4,53,4,2017,3,18,6,2,2,6,0,1,0,0,0,0,0,4.32279E+20,5.85306E+21,7.99499E+15,5.28231E+16
12591,3.17033E+18,3,4,55,15,2017,3,14,6,3,0,6,0,0,0,1,1,0,0,4.32761E+20,5.93775E+21,7.98431E+15,5.35843E+16
12592,3.17033E+18,3,4,5,0,2017,3,15,6,2,2,6,0,1,0,0,0,0,0,4.38411E+20,5.9313E+21,8.07091E+15,5.3527E+16
12593,3.17033E+18,3,3,56,5,2017,3,18,6,3,2,6,0,1,0,0,0,0,0,4.9394E+20,5.88885E+21,8.90939E+15,5.3149E+16
12594,3.17033E+18,3,3,53,37,2017,3,18,7,2,8,1,0,1,0,0,0,1,0,5.80431E+20,5.90465E+21,1.02065E+16,5.3285E+16
12595,3.17033E+18,3,4,51,5,2017,3,18,6,2,2,2,0,1,0,0,1,0,0,4.43984E+20,5.90967E+21,8.15881E+15,5.33332E+16
12596,3.17033E+18,3,3,53,16,2017,3,13,7,3,5,3,0,1,0,0,0,0,0,5.67538E+20,5.90152E+21,1.00124E+16,5.32587E+16
12597,3.17033E+18,3,4,51,5,2017,3,17,6,2,0,6,0,1,0,0,0,0,0,4.51075E+20,5.89813E+21,8.26707E+15,5.32302E+16
12598,3.17033E+18,3,3,60,9,2017,3,19,7,3,7,7,0,1,0,0,0,1,0,5.9452E+20,5.86842E+21,1.04071E+16,5.2957E+16
12599,3.17033E+18,3,3,55,20,2017,3,18,7,3,8,1,0,0,0,1,0,0,0,5.84801E+20,5.89867E+21,1.02704E+16,5.32305E+16
12600,3.17033E+18,3,3,55,18,2017,3,11,7,3,4,7,0,1,0,0,0,0,0,6.04929E+20,5.91185E+21,1.05762E+16,5.33454E+16
12601,3.17033E+18,3,2,51,37,2017,3,16,6,3,5,3,1,1,0,0,0,0,0,4.8184E+20,5.87614E+21,8.72919E+15,5.30345E+16
12602,3.17033E+18,3,3,55,11,2017,3,10,7,3,2,6,0,1,0,0,0,0,0,5.96969E+20,5.91137E+21,1.04565E+16,5.33426E+16
12603,3.17033E+18,3,2,41,16,2017,3,16,7,3,6,4,1,0,1,0,0,0,0,5.64411E+20,5.79855E+21,9.9453E+15,5.23334E+16
12604,3.17033E+18,3,2,41,11,2017,3,12,7,3,9,7,0,1,0,0,0,0,0,5.71858E+20,5.80525E+21,1.0056E+16,5.23928E+16
12605,3.17033E+18,3,2,41,11,2017,3,9,7,3,4,5,0,1,0,0,0,0,0,5.66128E+20,5.80253E+21,9.97127E+15,5.23691E+16
12606,3.17033E+18,3,2,41,1,2017,3,23,7,3,2,6,0,1,0,0,0,2,0,5.4749E+20,5.80323E+21,9.69764E+15,5.23772E+16
12607,3.17033E+18,3,2,41,1,2017,3,5,7,3,9,1,0,1,0,0,0,1,0,5.59775E+20,5.80587E+21,9.87858E+15,5.23998E+16
12608,3.17033E+18,3,1,55,13,2017,3,14,7,3,9,6,0,1,0,1,0,0,0,5.5902E+20,5.74546E+21,9.857E+15,5.18569E+16
12609,3.17033E+18,3,2,51,41,2017,3,16,6,3,5,3,1,1,0,0,0,0,0,4.88228E+20,5.86205E+21,8.82496E+15,5.2908E+16
12610,3.17033E+18,3,4,60,3,2017,3,16,6,2,2,6,0,1,0,0,1,0,0,4.40505E+20,5.82906E+21,8.1214E+15,5.26083E+16
12611,3.17033E+18,3,4,61,9,2017,3,16,6,2,5,3,0,1,0,0,0,0,0,4.6136E+20,5.9173E+21,8.41879E+15,5.34034E+16
12612,3.17033E+18,3,4,61,7,2017,3,22,6,3,5,3,0,1,0,0,0,2,0,4.65748E+20,5.92937E+21,8.48348E+15,5.35121E+16
12613,3.17033E+18,3,4,58,5,2017,3,16,6,2,5,2,0,1,0,1,0,0,0,4.74639E+20,5.88101E+21,8.62141E+15,5.3078E+16
12614,3.17033E+18,3,2,56,21,2017,3,23,7,2,9,6,0,1,0,0,0,2,0,5.09889E+20,5.83374E+21,9.14618E+15,5.26536E+16
12615,3.17033E+18,3,2,54,21,2017,3,15,7,2,6,4,0,1,1,0,0,0,0,5.63966E+20,5.78049E+21,9.93534E+15,5.21712E+16
12616,3.17033E+18,3,2,54,28,2017,3,11,7,2,2,1,0,1,0,0,0,0,0,5.63073E+20,5.78906E+21,9.92388E+15,5.22483E+16
12617,3.17033E+18,3,2,55,34,2017,3,16,7,3,5,2,0,1,0,1,0,0,0,5.43627E+20,5.74813E+21,9.63384E+15,5.18823E+16
12618,3.17033E+18,3,4,58,5,2017,3,16,6,3,8,7,1,0,0,0,0,0,0,4.6858E+20,5.88348E+21,8.53074E+15,5.30998E+16
12619,3.17033E+18,3,2,55,23,2017,3,15,7,3,5,3,1,1,0,0,0,0,0,5.31002E+20,5.74181E+21,9.44986E+15,5.18263E+16
12620,3.17033E+18,3,4,58,5,2017,3,8,6,3,5,3,0,1,0,0,0,0,0,4.69495E+20,5.88149E+21,8.54458E+15,5.3082E+16
12621,3.17033E+18,3,4,58,3,2017,3,15,6,3,3,6,1,0,0,0,0,0,0,4.62226E+20,5.86251E+21,8.43829E+15,5.29109E+16
12622,3.17033E+18,3,3,52,32,2017,3,22,6,2,2,6,0,1,0,0,0,2,0,4.72219E+20,5.92101E+21,8.58179E+15,5.34374E+16
12623,3.17033E+18,3,3,53,26,2017,3,20,6,2,5,2,0,1,0,1,0,2,0,5.53134E+20,5.92422E+21,9.80037E+15,5.34643E+16
12624,3.17033E+18,3,2,52,3,2017,3,14,7,3,2,2,0,1,0,0,0,0,0,5.1714E+20,5.75896E+21,9.24957E+15,5.1981E+16
12625,3.17033E+18,3,3,53,29,2017,3,12,6,3,1,5,0,1,0,0,0,0,0,5.61172E+20,5.91363E+21,9.91937E+15,5.33682E+16
12626,3.17033E+18,3,2,52,6,2017,3,17,7,3,2,6,0,1,0,0,0,0,0,5.25984E+20,5.7728E+21,9.37939E+15,5.21052E+16
12627,3.17033E+18,3,3,59,13,2017,3,17,6,3,5,3,1,1,0,0,0,0,0,5.27177E+20,5.95015E+21,9.41164E+15,5.36993E+16
12628,3.17033E+18,3,2,52,6,2017,3,12,7,3,0,1,0,1,0,0,0,0,0,5.24733E+20,5.77258E+21,9.36111E+15,5.21032E+16
12629,3.17033E+18,3,1,59,34,2017,3,16,7,3,9,1,0,1,0,1,0,0,0,5.46608E+20,5.68712E+21,9.66903E+15,5.13334E+16
12630,3.17033E+18,3,1,59,11,2017,3,15,7,2,8,1,0,0,0,1,0,0,0,5.73636E+20,5.71523E+21,1.00628E+16,5.15833E+16
12631,3.17033E+18,3,1,59,11,2017,3,14,7,2,8,1,0,0,0,1,0,0,0,5.73666E+20,5.71521E+21,1.00632E+16,5.15832E+16
12632,3.17033E+18,3,1,2,0,2017,3,12,7,2,6,4,0,1,1,0,0,0,0,5.93216E+20,5.77333E+21,1.0361E+16,5.21027E+16
12633,3.17033E+18,3,1,57,9,2017,3,0,7,3,5,3,1,1,0,0,0,2,0,5.84721E+20,5.79031E+21,1.02412E+16,5.22567E+16
12634,3.17033E+18,3,1,53,12,2017,3,12,7,1,4,6,0,1,0,0,1,0,0,5.7956E+20,5.75033E+21,1.01563E+16,5.18981E+16
12635,3.17033E+18,3,1,51,11,2017,3,12,7,3,2,2,0,1,0,1,0,0,0,6.07939E+20,5.84283E+21,1.05983E+16,5.27245E+16
12636,3.17032E+18,3,4,59,24,2017,3,17,6,2,4,6,0,1,0,1,0,0,0,4.58429E+20,5.78165E+21,8.39196E+15,5.21837E+16
12637,3.17033E+18,3,3,58,8,2017,3,14,6,3,2,6,0,1,0,0,0,0,0,5.46667E+20,5.8557E+21,9.69296E+15,5.28491E+16
12638,3.17033E+18,3,3,58,22,2017,3,9,6,3,3,6,0,1,0,0,0,0,0,5.39468E+20,5.857E+21,9.58623E+15,5.28613E+16
12639,3.17033E+18,3,3,57,18,2017,3,7,6,3,5,3,0,1,0,0,0,0,0,5.17031E+20,5.8951E+21,9.25498E+15,5.3205E+16
12640,3.17033E+18,3,3,57,13,2017,3,14,6,3,3,6,0,1,0,0,1,0,0,5.22764E+20,5.89807E+21,9.34103E+15,5.32314E+16
12641,3.17033E+18,3,3,60,25,2017,3,16,6,2,8,7,0,1,0,0,0,0,0,6.09576E+20,5.87196E+21,1.06323E+16,5.2986E+16
12642,3.17033E+18,3,3,51,21,2017,3,14,6,3,2,6,0,1,0,0,0,0,0,5.76218E+20,5.82207E+21,1.01239E+16,5.25434E+16
12643,3.17033E+18,3,2,41,2,2017,3,13,6,3,9,7,0,1,0,0,0,0,0,5.36644E+20,5.799E+21,9.53787E+15,5.23401E+16
12644,3.17033E+18,3,2,41,4,2017,3,15,6,3,4,2,0,1,0,1,0,0,0,5.62103E+20,5.81844E+21,9.91513E+15,5.25125E+16
12645,3.17033E+18,3,2,41,1,2017,3,15,6,3,2,6,0,1,0,0,0,0,0,5.54277E+20,5.79999E+21,9.79681E+15,5.23476E+16
12646,3.17033E+18,3,1,59,19,2017,3,10,6,3,5,2,0,1,0,0,0,0,0,5.92417E+20,5.72328E+21,1.03359E+16,5.16529E+16