OBJECTID,UIDENTSTLA,ULAND,UREGBEZ,UKREIS,UGEMEINDE,UJAHR,UMONAT,USTUNDE,UWOCHENTAG,UKATEGORIE,UART,UTYP1,IstRad,IstPKW,IstFuss,IstKrad,IstSonstig,LICHT,STRZUSTAND,LINREFX,LINREFY,XGCSWGS84,YGCSWGS84
12647,3.17033E+18,3,2,57,31,2017,3,13,6,3,5,3,1,1,0,0,0,0,0,5.05627E+20,5.77753E+21,9.08224E+15,5.21483E+16
12648,3.17033E+18,3,2,57,32,2017,3,8,6,3,4,6,0,1,0,0,1,0,0,5.23664E+20,5.79685E+21,9.3472E+15,5.23215E+16
12649,3.17033E+18,3,2,56,5,2017,3,15,6,3,2,6,0,1,0,1,0,0,0,5.14215E+20,5.83862E+21,9.21034E+15,5.26973E+16
12650,3.17032E+18,3,4,59,20,2017,3,15,6,2,4,6,0,1,0,1,0,0,0,4.30977E+20,5.78202E+21,7.99041E+15,5.21843E+16
12651,3.17033E+18,3,2,56,36,2017,3,12,6,2,5,3,0,1,0,0,1,0,0,5.04934E+20,5.84002E+21,9.07303E+15,5.27101E+16
12652,3.17033E+18,3,2,54,44,2017,3,17,6,3,5,2,1,1,0,0,0,0,0,5.69159E+20,5.75675E+21,1.00065E+16,5.19571E+16
12653,3.17033E+18,3,2,54,5,2017,3,11,6,3,2,6,0,1,0,0,0,0,0,5.70452E+20,5.77278E+21,1.00286E+16,5.2101E+16
12654,3.17033E+18,3,2,54,21,2017,3,16,6,2,2,6,0,1,0,0,0,0,0,5.66117E+20,5.7819E+21,9.96706E+15,5.21836E+16
12655,3.17033E+18,3,2,52,4,2017,3,9,6,3,5,2,0,1,0,0,1,0,0,5.34702E+20,5.7701E+21,9.50639E+15,5.20804E+16
12656,3.17033E+18,3,1,58,6,2017,3,13,6,2,9,6,0,1,0,1,0,0,0,6.09306E+20,5.78968E+21,1.06011E+16,5.22466E+16
12657,3.17033E+18,3,1,2,0,2017,3,16,6,3,2,6,0,1,0,0,0,0,0,5.93623E+20,5.77289E+21,1.03668E+16,5.20986E+16
12658,3.17033E+18,3,1,57,6,2017,3,14,6,2,8,1,0,0,0,1,0,0,0,5.91651E+20,5.79622E+21,1.03443E+16,5.23086E+16
12659,3.17033E+18,3,1,51,29,2017,3,6,6,2,8,1,0,1,0,0,0,0,0,5.94951E+20,5.83982E+21,1.04052E+16,5.26999E+16
12660,3.17032E+18,3,4,59,13,2017,3,7,6,3,5,3,1,1,0,0,0,0,0,4.53376E+20,5.8025E+21,8.31518E+15,5.23708E+16
12661,3.17033E+18,3,1,51,40,2017,3,16,6,3,0,1,0,0,0,1,1,0,1,6.18804E+20,5.83899E+21,1.07577E+16,5.26878E+16
12662,3.17032E+18,3,4,59,7,2017,3,15,6,3,2,2,0,1,0,0,0,0,0,4.31107E+20,5.83301E+21,7.98181E+15,5.26427E+16
12663,3.17033E+18,3,1,58,6,2017,3,16,6,3,2,6,0,1,0,0,1,0,0,6.17473E+20,5.79583E+21,1.07228E+16,5.23002E+16
12664,3.17032E+18,3,4,4,0,2017,3,14,6,3,5,3,0,1,0,0,0,0,0,4.34973E+20,5.79123E+21,8.04708E+15,5.22676E+16
12665,3.17033E+18,3,1,54,14,2017,3,16,6,2,2,6,0,1,0,0,0,0,0,6.17064E+20,5.79669E+21,1.07171E+16,5.23081E+16
12666,3.17032E+18,3,4,57,20,2017,3,14,6,3,2,6,0,1,0,0,0,0,0,4.20631E+20,5.90833E+21,7.80853E+15,5.33182E+16
12667,3.17032E+18,3,4,57,13,2017,3,7,6,3,5,2,1,1,0,0,0,0,0,4.01595E+20,5.90112E+21,7.52509E+15,5.32502E+16
12668,3.17032E+18,3,4,56,25,2017,3,7,6,3,5,3,0,1,0,1,0,0,0,3.7874E+20,5.82061E+21,7.21273E+15,5.25221E+16
12669,3.17032E+18,3,4,52,12,2017,3,17,6,3,2,6,0,1,0,0,0,0,0,3.90102E+20,5.91455E+21,7.34827E+15,5.33686E+16
12670,3.17032E+18,3,4,52,1,2017,3,16,6,3,5,3,1,1,0,0,0,0,0,3.98279E+20,5.92579E+21,7.46748E+15,5.34713E+16
12671,3.17032E+18,3,4,60,3,2017,3,7,6,3,5,3,1,1,0,0,0,0,0,4.40453E+20,5.83531E+21,8.1195E+15,5.26644E+16
12672,3.17033E+18,3,1,54,13,2017,3,15,6,3,2,6,0,1,0,0,0,0,0,6.2244E+20,5.79733E+21,1.07961E+16,5.23127E+16
12673,3.17033E+18,3,1,1,0,2017,3,8,6,2,5,3,1,1,0,0,0,0,0,6.03925E+20,5.78785E+21,1.05217E+16,5.22312E+16
12674,3.17033E+18,3,4,59,13,2017,3,15,5,3,0,1,1,0,0,0,0,0,0,4.5054E+20,5.81019E+21,8.27239E+15,5.24397E+16
12675,3.17033E+18,3,4,57,14,2017,3,20,5,3,5,3,1,1,0,0,0,0,0,3.99521E+20,5.91082E+21,7.49096E+15,5.3337E+16
12676,3.17033E+18,3,4,2,0,2017,3,10,5,3,2,6,0,1,0,0,0,0,0,3.81096E+20,5.91686E+21,7.21211E+15,5.33874E+16
12677,3.17033E+18,3,4,54,11,2017,3,12,5,2,5,3,1,1,0,0,0,0,0,4.07933E+20,5.87268E+21,7.62822E+15,5.29958E+16
12678,3.17033E+18,3,4,56,17,2017,3,14,5,3,2,2,0,1,0,0,0,0,0,3.6745E+20,5.8237E+21,7.04518E+15,5.25472E+16
12679,3.17033E+18,3,4,54,35,2017,3,1,5,2,9,1,0,1,0,0,0,2,0,3.80232E+20,5.8373E+21,7.22866E+15,5.26724E+16
12680,3.17033E+18,3,4,54,20,2017,3,12,5,3,0,6,0,1,0,0,1,0,0,3.82431E+20,5.8762E+21,7.24715E+15,5.30224E+16
12681,3.17033E+18,3,4,52,9,2017,3,15,5,3,5,3,0,1,0,0,1,0,0,3.87253E+20,5.94253E+21,7.2954E+15,5.36194E+16
12682,3.17032E+18,3,4,53,4,2017,3,13,6,3,5,3,1,1,0,0,0,0,0,4.35743E+20,5.85436E+21,8.04613E+15,5.28351E+16
12683,3.17033E+18,3,4,52,1,2017,3,21,5,3,4,2,1,1,0,0,0,2,0,4.00178E+20,5.92543E+21,7.4962E+15,5.34684E+16
12684,3.17032E+18,3,4,55,26,2017,3,12,6,3,5,3,1,1,0,0,0,0,0,4.39627E+20,5.91458E+21,8.09246E+15,5.33769E+16
12685,3.17032E+18,3,4,3,0,2017,3,13,6,3,2,6,0,1,0,0,0,0,0,4.46078E+20,5.88934E+21,8.1937E+15,5.31507E+16
12686,3.17032E+18,3,2,51,47,2017,3,14,6,3,2,6,0,1,0,0,0,0,0,4.91622E+20,5.87366E+21,8.87513E+15,5.30124E+16
12687,3.17032E+18,3,4,61,6,2017,3,17,6,3,4,6,0,1,0,0,0,0,0,4.75638E+20,5.88598E+21,8.63595E+15,5.31227E+16
12688,3.17032E+18,3,3,55,4,2017,3,15,6,2,8,6,0,1,0,0,0,0,0,5.91171E+20,5.90566E+21,1.03678E+16,5.32923E+16
12689,3.17032E+18,3,3,53,23,2017,3,11,6,3,2,6,0,1,0,0,0,0,0,5.91097E+20,5.91946E+21,1.03707E+16,5.34163E+16
12690,3.17032E+18,3,3,58,3,2017,3,14,6,3,2,6,0,1,0,0,0,0,0,5.45785E+20,5.84212E+21,9.67797E+15,5.27271E+16
12691,3.17032E+18,3,3,58,7,2017,3,14,6,3,2,6,0,1,0,0,0,0,0,5.45778E+20,5.84215E+21,9.67787E+15,5.27273E+16
12692,3.17033E+18,3,4,55,26,2017,3,13,5,3,1,7,1,1,0,0,0,0,0,4.44773E+20,5.91431E+21,8.16985E+15,5.3375E+16
12693,3.17032E+18,3,3,58,8,2017,3,13,6,2,6,4,0,1,1,0,0,0,0,5.46782E+20,5.85761E+21,9.69495E+15,5.28662E+16
12694,3.17032E+18,3,3,57,43,2017,3,20,6,3,5,3,0,1,0,0,0,2,0,5.13651E+20,5.91335E+21,9.20516E+15,5.33691E+16
12695,3.17032E+18,3,3,57,41,2017,3,12,6,3,5,3,0,1,0,0,1,0,0,5.31955E+20,5.89073E+21,9.47797E+15,5.3165E+16
12696,3.17032E+18,3,3,57,45,2017,3,13,6,3,2,6,0,1,0,1,0,0,0,5.13269E+20,5.88443E+21,9.19822E+15,5.31092E+16
12697,3.17032E+18,3,3,57,39,2017,3,17,6,3,2,6,0,1,0,0,0,0,0,5.276E+20,5.88454E+21,9.4123E+15,5.31096E+16
12698,3.17033E+18,3,3,56,5,2017,3,12,5,3,3,2,1,1,0,0,0,0,0,4.93854E+20,5.88813E+21,8.90812E+15,5.31425E+16
12699,3.17033E+18,3,3,61,1,2017,3,18,5,3,2,6,0,1,0,0,0,0,0,5.02654E+20,5.87337E+21,9.03955E+15,5.30099E+16
12700,3.17033E+18,3,3,61,9,2017,3,9,5,3,8,7,0,1,0,0,0,0,1,5.0421E+20,5.87839E+21,9.06281E+15,5.3055E+16
12701,3.17033E+18,3,4,51,1,2017,3,14,5,3,5,3,0,1,0,0,0,0,0,4.20459E+20,5.89739E+21,7.80869E+15,5.32199E+16
12702,3.17033E+18,3,4,51,7,2017,3,7,5,3,0,2,0,1,0,1,0,0,1,4.30412E+20,5.89813E+21,7.95756E+15,5.32279E+16
12703,3.17033E+18,3,4,51,8,2017,3,12,5,3,4,1,0,0,0,0,1,0,0,4.39032E+20,5.89866E+21,8.08657E+15,5.32337E+16
12704,3.17033E+18,3,2,51,26,2017,3,9,5,3,8,1,0,1,0,0,0,0,1,5.02786E+20,5.85774E+21,9.04139E+15,5.28694E+16
12705,3.17033E+18,3,4,61,9,2017,3,16,5,3,2,6,0,1,0,0,1,0,0,4.57832E+20,5.91698E+21,8.36578E+15,5.34002E+16
12706,3.17033E+18,3,4,61,3,2017,3,16,5,3,4,6,0,1,0,0,0,0,0,4.63255E+20,5.93262E+21,8.44551E+15,5.35412E+16
12707,3.17033E+18,3,4,58,13,2017,3,18,5,3,2,6,0,1,0,0,0,0,0,4.45776E+20,5.88301E+21,8.19026E+15,5.30938E+16
12708,3.17033E+18,3,3,52,62,2017,3,14,5,3,2,6,0,1,0,0,0,0,0,4.77527E+20,5.94774E+21,8.65978E+15,5.36779E+16
12709,3.17032E+18,3,3,60,3,2017,3,13,6,3,2,6,0,1,0,0,0,0,0,6.03109E+20,5.87869E+21,1.05382E+16,5.30478E+16
12710,3.17032E+18,3,3,54,1,2017,3,21,6,1,4,6,0,1,0,0,1,2,0,6.33662E+20,5.86123E+21,1.09865E+16,5.28842E+16
12711,3.17033E+18,3,3,53,35,2017,3,11,5,3,1,7,0,1,0,0,0,0,0,5.47639E+20,5.90427E+21,9.7146E+15,5.32855E+16
12712,3.17032E+18,3,3,51,6,2017,3,15,6,3,0,3,1,1,0,0,0,0,0,5.73276E+20,5.83154E+21,1.00826E+16,5.26289E+16
12713,3.17032E+18,3,2,41,1,2017,3,15,6,3,5,3,0,1,0,1,0,0,0,5.47646E+20,5.7999E+21,9.69946E+15,5.23474E+16
12714,3.17032E+18,3,2,41,1,2017,3,23,6,3,5,7,0,1,0,0,0,2,0,5.48235E+20,5.80198E+21,9.70841E+15,5.2366E+16
12715,3.17032E+18,3,2,41,9,2017,3,8,6,3,5,2,0,1,0,0,1,0,0,5.55953E+20,5.79401E+21,9.82042E+15,5.22936E+16
12716,3.17032E+18,3,2,41,13,2017,3,13,6,3,2,6,0,1,0,0,0,0,0,5.53027E+20,5.79129E+21,9.77709E+15,5.22695E+16
12717,3.17032E+18,3,2,41,6,2017,3,8,6,3,2,2,0,1,0,0,0,0,0,5.42224E+20,5.8007E+21,9.61998E+15,5.2355E+16
12718,3.17032E+18,3,2,41,5,2017,3,16,6,3,5,2,0,1,0,0,1,0,0,5.35694E+20,5.81245E+21,9.52535E+15,5.24611E+16
12719,3.17032E+18,3,2,41,10,2017,3,19,6,3,5,2,1,1,0,0,0,2,0,5.48638E+20,5.81229E+21,9.71584E+15,5.24586E+16
12720,3.17032E+18,3,2,41,10,2017,3,15,6,3,5,2,1,1,0,0,0,0,0,5.48298E+20,5.8093E+21,9.7104E+15,5.24318E+16
12721,3.17033E+18,3,3,53,35,2017,3,11,5,3,2,2,0,1,0,0,0,0,0,5.47712E+20,5.90399E+21,9.71565E+15,5.3283E+16
12722,3.17033E+18,3,3,59,27,2017,3,16,5,3,9,1,0,1,0,0,1,0,0,5.40332E+20,5.92936E+21,9.60819E+15,5.35117E+16
12723,3.17033E+18,3,3,57,9,2017,3,6,5,3,2,6,0,1,0,0,0,1,1,5.33807E+20,5.88422E+21,9.505E+15,5.31064E+16
12724,3.17032E+18,3,2,41,1,2017,3,23,6,2,0,7,0,1,0,0,1,2,0,5.5747E+20,5.8015E+21,9.84395E+15,5.23607E+16
12725,3.17032E+18,3,1,55,13,2017,3,23,6,3,9,7,0,1,0,0,0,2,0,5.63438E+20,5.74628E+21,9.92128E+15,5.18637E+16
12726,3.17033E+18,3,3,60,1,2017,3,5,5,2,9,7,0,1,0,0,0,2,1,6.07865E+20,5.88911E+21,1.06126E+16,5.31404E+16
12727,3.17033E+18,3,3,55,2,2017,3,10,5,3,5,3,0,1,0,0,0,0,1,5.79889E+20,5.88683E+21,1.01939E+16,5.31249E+16
12728,3.17033E+18,3,3,51,4,2017,3,18,5,2,5,3,0,1,0,1,0,0,0,5.68472E+20,5.84988E+21,1.00155E+16,5.27944E+16
12729,3.17033E+18,3,3,51,4,2017,3,13,5,3,5,2,0,1,0,0,0,0,0,5.62143E+20,5.85435E+21,9.92248E+15,5.28353E+16
12730,3.17033E+18,3,3,51,16,2017,3,8,5,3,6,7,0,1,1,0,0,0,1,5.8334E+20,5.83184E+21,1.02314E+16,5.26302E+16
12731,3.17032E+18,3,2,54,21,2017,3,16,6,3,2,6,0,1,0,0,0,0,0,5.69822E+20,5.77657E+21,1.00202E+16,5.21352E+16
12732,3.17033E+18,3,2,41,9,2017,3,9,5,2,0,1,1,0,0,0,0,0,1,5.55362E+20,5.79535E+21,9.81198E+15,5.23057E+16
12733,3.17032E+18,3,2,54,28,2017,3,2,6,2,2,6,0,1,0,0,1,2,0,5.62437E+20,5.79124E+21,9.91498E+15,5.2268E+16
12734,3.17032E+18,3,2,52,3,2017,3,7,6,3,2,6,0,1,0,0,0,0,0,5.14664E+20,5.76276E+21,9.21367E+15,5.20153E+16
12735,3.17032E+18,3,2,52,6,2017,3,13,6,3,0,1,0,0,0,1,0,0,0,5.24767E+20,5.77268E+21,9.3616E+15,5.21042E+16
12736,3.17032E+18,3,1,59,16,2017,3,13,6,3,2,6,0,1,0,0,0,0,0,5.61676E+20,5.71134E+21,9.88952E+15,5.15498E+16
12737,3.17032E+18,3,1,54,7,2017,3,23,6,1,8,1,0,1,0,0,0,2,0,6.30967E+20,5.81405E+21,1.09277E+16,5.24609E+16
12738,3.17032E+18,3,1,2,0,2017,3,9,6,3,5,3,1,1,0,0,0,0,0,5.92725E+20,5.77427E+21,1.03541E+16,5.21112E+16
12739,3.17032E+18,3,1,57,6,2017,3,16,6,3,5,3,0,1,0,0,0,0,0,5.89655E+20,5.79621E+21,1.03151E+16,5.23089E+16
12740,3.17032E+18,3,4,60,7,2017,3,6,5,3,2,6,0,1,0,0,1,1,0,4.36937E+20,5.81593E+21,8.07121E+15,5.24899E+16
12741,3.17032E+18,3,4,57,20,2017,3,20,5,3,4,2,0,1,0,1,0,2,0,4.16315E+20,5.90687E+21,7.74415E+15,5.33044E+16
12742,3.17032E+18,3,4,57,10,2017,3,15,5,3,0,1,0,0,0,1,0,0,0,4.06297E+20,5.90707E+21,7.59379E+15,5.33045E+16
12743,3.17033E+18,3,2,41,20,2017,3,9,5,3,2,6,0,1,0,0,1,0,1,5.4275E+20,5.79109E+21,9.62648E+15,5.22686E+16
12744,3.17033E+18,3,2,41,2,2017,3,16,5,3,5,2,0,1,0,1,0,0,0,5.34795E+20,5.79344E+21,9.51015E+15,5.22902E+16
12745,3.17033E+18,3,2,41,11,2017,3,13,5,3,5,2,1,1,0,0,0,0,0,5.75819E+20,5.80088E+21,1.01132E+16,5.2353E+16
12746,3.17033E+18,3,2,41,11,2017,3,15,5,3,0,1,1,0,0,0,0,0,0,5.66522E+20,5.80287E+21,9.97712E+15,5.23721E+16
12747,3.17033E+18,3,2,41,8,2017,3,18,5,3,2,5,0,1,0,0,0,0,0,5.54213E+20,5.81195E+21,9.79782E+15,5.24551E+16
12748,3.17033E+18,3,2,41,3,2017,3,16,5,3,5,3,0,1,0,0,0,0,0,5.67182E+20,5.8129E+21,9.98884E+15,5.24621E+16
12749,3.17033E+18,3,2,41,1,2017,3,19,5,3,2,6,0,1,0,0,0,2,0,5.47731E+20,5.80353E+21,9.70123E+15,5.238E+16
12750,3.17033E+18,3,2,41,1,2017,3,23,5,2,5,2,0,1,0,0,0,2,0,5.47399E+20,5.80351E+21,9.69635E+15,5.23798E+16
12751,3.17033E+18,3,2,41,1,2017,3,16,5,3,4,2,0,1,0,0,0,0,0,5.52104E+20,5.79943E+21,9.76483E+15,5.23427E+16
12752,3.17032E+18,3,4,54,41,2017,3,10,5,2,5,3,0,1,0,1,0,0,0,3.94122E+20,5.88249E+21,7.4193E+15,5.30814E+16
12753,3.17033E+18,3,2,41,10,2017,3,14,5,2,6,4,1,0,1,0,0,0,0,5.49726E+20,5.80949E+21,9.73143E+15,5.24333E+16
12754,3.17033E+18,3,2,41,1,2017,3,12,5,3,1,5,0,1,0,0,0,0,0,5.58569E+20,5.80416E+21,9.86055E+15,5.23846E+16
12755,3.17032E+18,3,4,56,2,2017,3,7,5,3,8,6,0,1,0,0,0,0,0,3.52274E+20,5.83138E+21,6.81811E+15,5.26123E+16
12756,3.17032E+18,3,4,54,18,2017,3,18,5,3,8,1,0,1,0,0,0,2,0,3.82081E+20,5.84589E+21,7.25292E+15,5.275E+16
12757,3.17032E+18,3,4,54,18,2017,3,18,5,3,0,1,0,0,0,0,1,0,0,3.80615E+20,5.847E+21,7.23081E+15,5.27596E+16
12758,3.17032E+18,3,4,54,45,2017,3,13,5,3,5,3,1,1,0,0,0,0,0,3.88591E+20,5.79747E+21,7.36557E+15,5.23163E+16
12759,3.17032E+18,3,4,53,3,2017,3,16,5,3,2,2,0,1,0,0,0,0,0,4.37183E+20,5.84599E+21,8.06912E+15,5.27601E+16
12760,3.17032E+18,3,3,56,7,2017,3,7,5,2,0,1,0,0,0,1,0,0,0,4.8551E+20,5.89778E+21,8.78294E+15,5.32291E+16
12761,3.17033E+18,3,2,41,1,2017,3,12,5,3,2,6,0,1,0,0,1,0,0,5.49849E+20,5.80395E+21,9.7324E+15,5.23835E+16
12762,3.17033E+18,3,2,57,35,2017,3,15,5,3,2,6,0,1,0,0,0,0,0,5.14393E+20,5.79745E+21,9.21121E+15,5.23272E+16
12763,3.17033E+18,3,2,57,18,2017,3,9,5,2,5,3,0,1,0,0,0,0,0,5.25256E+20,5.79076E+21,9.37009E+15,5.22667E+16
12764,3.17032E+18,3,3,61,5,2017,3,12,5,2,2,6,0,1,0,0,1,0,0,5.24031E+20,5.8632E+21,9.35741E+15,5.29179E+16
12765,3.17033E+18,3,2,56,36,2017,3,16,5,2,5,3,0,1,0,0,0,0,0,5.04063E+20,5.83728E+21,9.0601E+15,5.26855E+16
12766,3.17032E+18,3,3,61,12,2017,3,15,5,3,3,5,0,1,0,0,0,0,0,5.15561E+20,5.86368E+21,9.23145E+15,5.29225E+16
12767,3.17032E+18,3,3,61,12,2017,3,8,5,3,4,5,0,1,0,1,0,0,0,5.18801E+20,5.86164E+21,9.27953E+15,5.29041E+16
12768,3.17032E+18,3,3,52,46,2017,3,16,5,3,8,1,0,0,0,0,1,0,0,4.95278E+20,5.96317E+21,8.92827E+15,5.38171E+16
12769,3.17032E+18,3,3,53,23,2017,3,7,5,2,4,6,0,1,0,0,1,0,0,5.91331E+20,5.91936E+21,1.03742E+16,5.34154E+16
12770,3.17032E+18,3,3,59,10,2017,3,15,5,3,5,3,1,1,0,0,0,0,0,5.46533E+20,5.92572E+21,9.70117E+15,5.34784E+16
12771,3.17032E+18,3,3,59,10,2017,3,9,5,3,5,3,0,1,0,0,0,0,0,5.47097E+20,5.92553E+21,9.70962E+15,5.34766E+16
12772,3.17032E+18,3,3,58,19,2017,3,13,5,3,5,3,0,1,0,0,0,0,0,5.54317E+20,5.89173E+21,9.81261E+15,5.31722E+16
12773,3.17032E+18,3,3,60,13,2017,3,8,5,2,8,7,0,1,0,0,0,0,0,6.15662E+20,5.85058E+21,1.07153E+16,5.27926E+16
12774,3.17032E+18,3,3,60,25,2017,3,8,5,3,4,6,0,1,0,0,0,0,0,6.0665E+20,5.86784E+21,1.05874E+16,5.29495E+16
12775,3.17033E+18,3,2,54,21,2017,3,6,5,3,5,1,0,1,0,1,0,1,1,5.65769E+20,5.77489E+21,9.96062E+15,5.21206E+16
12776,3.17033E+18,3,2,52,3,2017,3,7,5,3,5,2,1,1,0,0,0,0,0,5.17847E+20,5.75896E+21,9.25986E+15,5.19811E+16
12777,3.17033E+18,3,2,52,6,2017,3,7,5,2,6,4,0,1,1,0,0,1,0,5.27416E+20,5.7723E+21,9.40026E+15,5.21006E+16
12778,3.17033E+18,3,1,54,14,2017,3,8,5,3,2,6,0,1,0,0,0,0,0,6.16747E+20,5.80314E+21,1.07147E+16,5.23661E+16
12779,3.17033E+18,3,1,54,4,2017,3,7,5,2,1,5,0,1,0,0,0,0,0,6.29918E+20,5.81002E+21,1.09107E+16,5.2425E+16
12780,3.17033E+18,3,1,2,0,2017,3,19,5,3,5,3,1,1,0,0,0,0,0,5.88576E+20,5.77786E+21,1.02944E+16,5.21441E+16
12781,3.17033E+18,3,1,53,7,2017,3,17,5,2,9,1,0,1,0,0,0,0,0,5.91965E+20,5.75545E+21,1.03379E+16,5.19421E+16
12782,3.17033E+18,3,1,51,10,2017,3,13,5,3,9,1,0,1,0,0,0,0,0,6.00921E+20,5.83263E+21,1.04913E+16,5.26343E+16
12783,3.17033E+18,3,4,59,29,2017,3,7,4,3,8,1,0,1,0,0,0,0,0,4.43361E+20,5.8023E+21,8.16811E+15,5.2368E+16
12784,3.17032E+18,3,2,41,12,2017,3,15,5,3,5,3,0,1,0,0,0,0,0,5.31021E+20,5.81685E+21,9.45699E+15,5.25009E+16
12785,3.17033E+18,3,4,59,29,2017,3,8,4,3,5,2,1,1,0,0,0,0,0,4.47204E+20,5.79955E+21,8.225E+15,5.23437E+16
12786,3.17032E+18,3,2,41,18,2017,3,17,5,3,2,2,0,1,0,0,0,0,0,5.8044E+20,5.81346E+21,1.01841E+16,5.24654E+16
12787,3.17033E+18,3,4,59,14,2017,3,15,4,3,2,6,0,1,0,0,0,0,0,4.35859E+20,5.80534E+21,8.05737E+15,5.23945E+16
12788,3.17032E+18,3,2,57,6,2017,3,14,5,3,2,6,0,1,0,0,0,0,0,5.2904E+20,5.80032E+21,9.42636E+15,5.23524E+16
12789,3.17033E+18,3,4,4,0,2017,3,11,4,2,5,3,0,1,0,0,0,0,0,4.35621E+20,5.79214E+21,8.05639E+15,5.22759E+16
12790,3.17033E+18,3,4,57,18,2017,3,21,4,3,0,4,0,1,1,0,0,2,0,4.04669E+20,5.88832E+21,7.57498E+15,5.31357E+16
12791,3.17033E+18,3,4,57,21,2017,3,17,4,3,9,1,0,1,0,0,0,0,1,3.86576E+20,5.88683E+21,7.30516E+15,5.31188E+16
12792,3.17033E+18,3,4,57,13,2017,3,12,4,3,2,6,0,1,0,0,0,0,0,3.98768E+20,5.8996E+21,7.48322E+15,5.3236E+16
12793,3.17032E+18,3,2,41,1,2017,3,8,5,2,6,4,0,1,1,0,0,0,0,5.52008E+20,5.79877E+21,9.76332E+15,5.23368E+16
12794,3.17032E+18,3,2,41,21,2017,3,8,5,3,2,6,0,1,0,0,0,0,0,5.30769E+20,5.80261E+21,9.45196E+15,5.23729E+16
12795,3.17032E+18,3,2,54,14,2017,3,6,5,3,5,3,0,1,0,0,0,0,0,5.49468E+20,5.77477E+21,9.72254E+15,5.21212E+16
12796,3.17032E+18,3,2,54,5,2017,3,7,5,3,4,2,1,1,0,0,0,0,0,5.70796E+20,5.77079E+21,1.00332E+16,5.20832E+16
12797,3.17032E+18,3,1,59,16,2017,3,15,5,3,2,6,0,1,0,0,0,0,0,5.61544E+20,5.70887E+21,9.88718E+15,5.15276E+16
12798,3.17032E+18,3,1,3,0,2017,3,22,5,3,5,3,0,1,0,0,0,2,0,6.20379E+20,5.81552E+21,1.07725E+16,5.24766E+16
12799,3.17032E+18,3,1,3,0,2017,3,13,5,3,5,3,1,1,0,0,0,0,0,6.18138E+20,5.80626E+21,1.07362E+16,5.23939E+16
12800,3.17032E+18,3,1,58,6,2017,3,16,5,3,2,6,0,1,0,0,0,0,0,6.1256E+20,5.79466E+21,1.06504E+16,5.22907E+16
12801,3.17033E+18,3,4,54,33,2017,3,13,4,2,4,7,0,0,0,0,1,0,1,4.08211E+20,5.86601E+21,7.63425E+15,5.29358E+16
12802,3.17032E+18,3,1,57,7,2017,3,14,5,3,8,1,0,1,0,0,0,0,0,5.90732E+20,5.79574E+21,1.03307E+16,5.23045E+16
12803,3.17032E+18,3,1,1,0,2017,3,19,5,2,2,6,0,1,0,0,1,2,0,6.02034E+20,5.79027E+21,1.04948E+16,5.22534E+16
12804,3.17032E+18,3,1,54,13,2017,3,8,5,3,2,6,0,1,0,0,0,0,0,6.17716E+20,5.79672E+21,1.07267E+16,5.23082E+16
12805,3.17033E+18,3,4,54,35,2017,3,15,4,3,4,1,0,1,0,0,0,0,0,3.91999E+20,5.84512E+21,7.40005E+15,5.27451E+16
12806,3.17033E+18,3,4,52,19,2017,3,17,4,3,5,3,1,1,0,0,0,0,1,3.81399E+20,5.94009E+21,7.20787E+15,5.35962E+16
12807,3.17033E+18,3,4,52,16,2017,3,12,4,2,6,4,0,1,1,0,0,0,1,3.83562E+20,5.94034E+21,7.24045E+15,5.35989E+16
12808,3.17033E+18,3,4,52,6,2017,3,13,4,3,6,4,0,1,1,0,1,0,1,4.04634E+20,5.91739E+21,7.56573E+15,5.3397E+16
12809,3.17032E+18,3,1,54,13,2017,3,6,5,3,9,6,0,1,0,0,0,0,1,6.23779E+20,5.79721E+21,1.08157E+16,5.23113E+16
12810,3.17033E+18,3,4,52,1,2017,3,17,4,3,2,6,0,1,0,0,0,0,1,3.99799E+20,5.92472E+21,7.49072E+15,5.34619E+16
12811,3.17033E+18,3,3,56,9,2017,3,18,4,2,1,5,0,1,0,0,0,0,1,4.68472E+20,5.89882E+21,8.5276E+15,5.32377E+16
12812,3.17032E+18,3,1,1,0,2017,3,5,5,3,8,1,0,0,0,0,1,2,0,6.01778E+20,5.79218E+21,1.04916E+16,5.22705E+16
12813,3.17033E+18,3,3,56,7,2017,3,11,4,3,5,2,0,1,0,0,0,0,1,4.87161E+20,5.89714E+21,8.8077E+15,5.32234E+16
12814,3.17033E+18,3,3,56,2,2017,3,4,4,3,9,1,0,1,0,0,0,2,1,5.01452E+20,5.88654E+21,9.0217E+15,5.31283E+16
12815,3.17033E+18,3,4,51,2,2017,3,17,4,3,5,3,1,1,0,0,0,0,0,4.37604E+20,5.89124E+21,8.06664E+15,5.31669E+16
12816,3.17032E+18,3,4,59,12,2017,3,19,4,3,9,1,0,1,0,0,0,2,0,4.44507E+20,5.78876E+21,8.18718E+15,5.22464E+16
12817,3.17033E+18,3,4,3,0,2017,3,13,4,3,5,3,0,1,0,0,0,0,1,4.44588E+20,5.88669E+21,8.17188E+15,5.31268E+16
12818,3.17032E+18,3,4,59,24,2017,3,13,4,3,5,3,0,1,0,1,0,0,0,4.50834E+20,5.78754E+21,8.28002E+15,5.2236E+16
12819,3.17033E+18,3,2,51,42,2017,3,16,4,3,5,3,1,1,0,0,0,0,1,4.74978E+20,5.84903E+21,8.62894E+15,5.27905E+16
12820,3.17032E+18,3,4,59,3,2017,3,15,4,2,0,1,1,0,0,0,0,0,0,4.6136E+20,5.79532E+21,8.43326E+15,5.23068E+16
12821,3.17032E+18,3,4,59,30,2017,3,21,4,3,5,3,1,1,0,0,0,2,0,4.30259E+20,5.83698E+21,7.96844E+15,5.26783E+16