OBJECTID,UIDENTSTLA,ULAND,UREGBEZ,UKREIS,UGEMEINDE,UJAHR,UMONAT,USTUNDE,UWOCHENTAG,UKATEGORIE,UART,UTYP1,IstRad,IstPKW,IstFuss,IstKrad,IstSonstig,LICHT,STRZUSTAND,LINREFX,LINREFY,XGCSWGS84,YGCSWGS84
12822,3.17032E+18,3,4,4,0,2017,3,7,4,3,3,6,1,0,0,0,1,1,0,4.34376E+20,5.79253E+21,8.03809E+15,5.22792E+16
12823,3.17032E+18,3,4,57,18,2017,3,7,4,3,5,2,1,0,0,0,1,0,0,4.04658E+20,5.88832E+21,7.57481E+15,5.31357E+16
12824,3.17033E+18,3,2,51,13,2017,3,7,4,3,5,3,1,1,0,0,0,0,0,4.59517E+20,5.83381E+21,8.40156E+15,5.26527E+16
12825,3.17032E+18,3,4,57,3,2017,3,17,4,3,2,1,0,1,0,0,0,0,0,4.03228E+20,5.90243E+21,7.54917E+15,5.32623E+16
12826,3.17033E+18,3,3,52,62,2017,3,16,4,3,4,1,0,1,0,0,0,0,1,4.82746E+20,5.94101E+21,8.73916E+15,5.36176E+16
12827,3.17033E+18,3,3,52,8,2017,3,18,4,3,8,1,0,1,0,0,0,0,1,4.97933E+20,5.95248E+21,8.96867E+15,5.37209E+16
12828,3.17033E+18,3,3,53,31,2017,3,11,4,3,2,6,0,0,0,0,1,0,1,5.70232E+20,5.90878E+21,1.00544E+16,5.33235E+16
12829,3.17032E+18,3,4,57,13,2017,3,7,4,3,2,6,0,1,0,0,0,0,0,3.95425E+20,5.89903E+21,7.43334E+15,5.32303E+16
12830,3.17032E+18,3,4,54,47,2017,3,16,4,3,5,3,0,1,0,0,0,0,0,3.99923E+20,5.85473E+21,7.51445E+15,5.2833E+16
12831,3.17033E+18,3,3,55,22,2017,3,11,4,3,9,1,0,1,0,0,0,0,1,5.93242E+20,5.90415E+21,1.03984E+16,5.32784E+16
12832,3.17033E+18,3,3,53,31,2017,3,6,4,3,4,2,0,1,0,0,0,2,0,5.69477E+20,5.91088E+21,1.00436E+16,5.33425E+16
12833,3.17033E+18,3,3,59,36,2017,3,9,4,3,6,7,0,1,1,0,0,0,0,5.16656E+20,5.938E+21,9.25163E+15,5.35906E+16
12834,3.17033E+18,3,3,58,22,2017,3,11,4,3,5,3,1,1,0,0,0,0,1,5.39892E+20,5.8569E+21,9.59251E+15,5.28604E+16
12835,3.17033E+18,3,3,58,19,2017,3,9,4,1,8,1,0,1,0,0,0,0,1,5.57134E+20,5.89252E+21,9.85489E+15,5.31789E+16
12836,3.17033E+18,3,3,57,48,2017,3,8,4,3,8,1,0,1,0,0,0,0,1,5.36323E+20,5.90434E+21,9.54486E+15,5.3287E+16
12837,3.17033E+18,3,3,57,41,2017,3,14,4,3,5,3,0,1,0,0,0,0,1,5.32196E+20,5.89107E+21,9.48163E+15,5.3168E+16
12838,3.17033E+18,3,2,41,2,2017,3,18,4,3,2,2,0,1,0,0,0,0,0,5.2971E+20,5.79793E+21,9.43599E+15,5.23308E+16
12839,3.17032E+18,3,4,56,25,2017,3,7,4,3,2,6,0,1,0,0,0,0,0,3.72413E+20,5.82011E+21,7.1197E+15,5.25162E+16
12840,3.17033E+18,3,2,41,4,2017,3,16,4,3,2,5,0,1,0,0,0,0,0,5.62163E+20,5.81461E+21,9.9153E+15,5.24781E+16
12841,3.17032E+18,3,4,54,40,2017,3,17,4,3,2,6,0,1,0,0,0,0,0,3.8027E+20,5.85892E+21,7.22132E+15,5.28667E+16
12842,3.17033E+18,3,2,41,4,2017,3,15,4,3,5,3,0,1,0,1,0,0,1,5.59716E+20,5.818E+21,9.87987E+15,5.25088E+16
12843,3.17032E+18,3,4,54,2,2017,3,15,4,3,2,2,0,1,0,1,0,0,0,3.92114E+20,5.82772E+21,7.40745E+15,5.25888E+16
12844,3.17032E+18,3,4,60,4,2017,3,15,4,3,8,1,0,1,0,0,0,0,0,4.60463E+20,5.85099E+21,8.41347E+15,5.28073E+16
12845,3.17032E+18,3,3,56,7,2017,3,12,4,3,2,6,0,1,0,0,0,0,0,4.84652E+20,5.89579E+21,8.77018E+15,5.32112E+16
12846,3.17032E+18,3,4,51,7,2017,3,20,4,3,9,6,0,1,0,0,0,2,0,4.28065E+20,5.90124E+21,7.92171E+15,5.32556E+16
12847,3.17032E+18,3,4,51,2,2017,3,8,4,3,5,7,0,1,0,0,0,0,0,4.38694E+20,5.8932E+21,8.08256E+15,5.31846E+16
12848,3.17032E+18,3,2,51,37,2017,3,7,4,3,2,7,0,1,0,0,1,0,0,4.8373E+20,5.87387E+21,8.75749E+15,5.30142E+16
12849,3.17032E+18,3,4,58,13,2017,3,16,4,3,3,1,0,1,0,1,0,0,0,4.43742E+20,5.87639E+21,8.16105E+15,5.30341E+16
12850,3.17032E+18,3,4,58,5,2017,3,11,4,3,5,2,0,1,0,0,0,0,0,4.72209E+20,5.87932E+21,8.58528E+15,5.30627E+16
12851,3.17032E+18,3,4,58,13,2017,3,7,4,3,5,3,1,1,0,0,0,0,0,4.45839E+20,5.88024E+21,8.19166E+15,5.30689E+16
12852,3.17033E+18,3,2,41,1,2017,3,18,4,3,5,3,1,1,0,0,0,0,0,5.49285E+20,5.80329E+21,9.72402E+15,5.23776E+16
12853,3.17032E+18,3,3,53,26,2017,3,17,4,3,5,3,1,1,0,0,0,0,0,5.517E+20,5.92733E+21,9.77927E+15,5.34924E+16
12854,3.17033E+18,3,2,57,22,2017,3,11,4,3,2,6,0,1,0,0,0,0,0,5.04224E+20,5.78559E+21,9.06183E+15,5.22207E+16
12855,3.17032E+18,3,3,53,26,2017,3,8,4,3,4,2,0,1,0,0,1,0,0,5.51937E+20,5.92353E+21,9.78221E+15,5.34582E+16
12856,3.17033E+18,3,1,55,5,2017,3,13,4,3,2,6,0,1,0,0,0,0,0,5.59499E+20,5.72187E+21,9.85992E+15,5.16447E+16
12857,3.17032E+18,3,3,53,31,2017,3,7,4,3,5,3,0,1,0,0,1,0,0,5.69069E+20,5.91095E+21,1.00374E+16,5.33432E+16
12858,3.17033E+18,3,2,57,35,2017,3,7,4,2,5,3,0,1,0,0,1,1,0,5.13619E+20,5.796E+21,9.19978E+15,5.23141E+16
12859,3.17033E+18,3,2,57,9,2017,3,11,4,3,5,2,0,1,0,1,0,0,0,5.04028E+20,5.79288E+21,9.05905E+15,5.22862E+16
12860,3.17033E+18,3,2,57,6,2017,3,17,4,2,2,6,0,1,0,0,0,0,0,5.24942E+20,5.79746E+21,9.36599E+15,5.23269E+16
12861,3.17032E+18,3,3,59,10,2017,3,19,4,3,3,2,1,1,0,0,0,2,0,5.47555E+20,5.925E+21,9.71645E+15,5.34719E+16
12862,3.17033E+18,3,2,56,31,2017,3,16,4,2,8,7,0,1,0,0,0,0,1,5.19121E+20,5.83238E+21,9.28258E+15,5.26411E+16
12863,3.17032E+18,3,3,59,10,2017,3,16,4,3,2,6,0,1,0,0,0,0,0,5.46292E+20,5.92594E+21,9.69756E+15,5.34804E+16
12864,3.17033E+18,3,2,54,5,2017,3,9,4,3,5,3,0,1,0,0,1,0,0,5.76095E+20,5.77353E+21,1.01111E+16,5.21071E+16
12865,3.17033E+18,3,2,54,21,2017,3,14,4,3,2,6,0,1,0,0,0,0,0,5.66541E+20,5.77859E+21,9.97261E+15,5.21538E+16
12866,3.17032E+18,3,3,58,8,2017,3,13,4,3,1,5,1,1,0,0,0,0,0,5.46785E+20,5.85762E+21,9.69499E+15,5.28662E+16
12867,3.17033E+18,3,2,52,8,2017,3,13,4,2,9,1,0,1,0,0,0,0,0,5.37756E+20,5.76875E+21,9.55081E+15,5.2068E+16
12868,3.17032E+18,3,3,53,9,2017,3,15,4,2,2,6,0,1,0,0,0,0,0,5.70649E+20,5.89032E+21,1.00566E+16,5.31575E+16
12869,3.17033E+18,3,1,3,0,2017,3,13,4,3,5,2,0,1,0,0,1,0,1,6.18365E+20,5.8035E+21,1.07386E+16,5.23689E+16
12870,3.17032E+18,3,3,58,3,2017,3,14,4,3,0,1,0,0,0,1,0,0,0,5.36896E+20,5.85825E+21,9.54817E+15,5.28727E+16
12871,3.17033E+18,3,1,58,2,2017,3,22,4,2,5,2,0,1,0,0,0,2,0,5.81292E+20,5.77338E+21,1.01869E+16,5.2105E+16
12872,3.17032E+18,3,3,58,19,2017,3,14,4,3,5,3,0,1,0,0,0,0,0,5.52994E+20,5.89231E+21,9.79292E+15,5.31775E+16
12873,3.17033E+18,3,1,57,5,2017,3,15,4,3,9,1,0,1,0,0,0,0,0,5.92953E+20,5.78276E+21,1.03597E+16,5.21875E+16
12874,3.17032E+18,3,3,54,11,2017,3,12,4,3,8,6,0,0,0,1,1,0,0,6.39351E+20,5.87873E+21,1.10785E+16,5.30399E+16
12875,3.17032E+18,3,3,51,7,2017,3,16,4,3,4,2,0,1,0,1,0,0,0,5.79956E+20,5.82311E+21,1.01793E+16,5.25522E+16
12876,3.17032E+18,3,2,41,6,2017,3,12,4,3,5,3,0,1,0,0,0,0,0,5.41471E+20,5.79347E+21,9.60803E+15,5.229E+16
12877,3.17032E+18,3,2,57,6,2017,3,8,4,3,2,6,0,1,0,0,1,0,0,5.292E+20,5.80058E+21,9.42874E+15,5.23548E+16
12878,3.17032E+18,3,2,57,6,2017,3,10,4,3,2,6,0,1,0,0,0,0,0,5.28632E+20,5.7994E+21,9.4203E+15,5.23441E+16
12879,3.17032E+18,3,2,57,6,2017,3,10,4,3,2,6,0,1,0,0,0,0,0,5.28591E+20,5.79929E+21,9.4197E+15,5.23431E+16
12880,3.17032E+18,3,1,55,7,2017,3,17,4,3,2,6,0,1,0,0,0,0,0,5.76014E+20,5.72632E+21,1.00995E+16,5.16827E+16
12881,3.17032E+18,3,2,57,10,2017,3,8,4,2,5,3,0,1,0,1,0,0,0,5.24192E+20,5.80962E+21,9.35586E+15,5.24363E+16
12882,3.17033E+18,3,1,2,0,2017,3,18,4,3,5,3,1,1,0,0,0,0,0,5.9132E+20,5.77749E+21,1.03344E+16,5.21404E+16
12883,3.17033E+18,3,1,1,0,2017,3,15,4,2,5,3,1,1,0,0,0,0,1,6.04423E+20,5.78978E+21,1.05296E+16,5.22485E+16
12884,3.17033E+18,3,4,59,14,2017,3,14,3,3,2,6,0,0,0,0,1,0,0,4.34817E+20,5.81163E+21,8.04083E+15,5.2451E+16
12885,3.17033E+18,3,4,59,21,2017,3,8,3,3,2,6,0,1,0,0,0,0,0,4.29133E+20,5.79154E+21,7.96144E+15,5.22697E+16
12886,3.17033E+18,3,4,59,8,2017,3,16,3,3,4,7,0,1,0,0,1,0,0,4.39829E+20,5.79501E+21,8.11755E+15,5.23021E+16
12887,3.17033E+18,3,4,59,3,2017,3,16,3,3,2,6,0,1,0,0,0,0,0,4.56863E+20,5.79715E+21,8.36708E+15,5.23229E+16
12888,3.17033E+18,3,4,59,3,2017,3,12,3,3,2,6,0,1,0,0,0,0,0,4.52912E+20,5.7983E+21,8.30895E+15,5.2333E+16
12889,3.17033E+18,3,4,59,9,2017,3,6,3,2,8,7,0,1,0,0,0,0,0,4.18467E+20,5.83227E+21,7.79523E+15,5.26343E+16
12890,3.17032E+18,3,2,57,31,2017,3,19,4,3,0,1,0,1,0,0,0,2,0,5.07398E+20,5.78269E+21,9.10824E+15,5.21946E+16
12891,3.17033E+18,3,4,4,0,2017,3,15,3,3,3,2,1,1,0,0,0,0,0,4.36601E+20,5.79059E+21,8.07105E+15,5.2262E+16
12892,3.17032E+18,3,2,54,42,2017,3,7,4,2,5,3,0,1,0,0,0,0,0,5.67025E+20,5.75236E+21,9.97455E+15,5.19179E+16
12893,3.17033E+18,3,4,57,17,2017,3,18,3,3,2,5,1,1,0,0,0,0,0,4.07523E+20,5.88871E+21,7.61751E+15,5.31398E+16
12894,3.17032E+18,3,1,3,0,2017,3,13,4,3,2,6,0,1,0,0,0,0,0,6.22873E+20,5.81137E+21,1.08076E+16,5.24387E+16
12895,3.17032E+18,3,1,58,39,2017,3,7,4,2,4,2,0,1,0,0,1,0,0,6.02986E+20,5.76444E+21,1.05009E+16,5.2021E+16
12896,3.17032E+18,3,1,2,0,2017,3,16,4,3,6,4,0,1,1,0,0,0,0,5.91864E+20,5.77889E+21,1.03428E+16,5.21529E+16
12897,3.17033E+18,3,4,57,22,2017,3,16,3,2,4,6,1,0,0,0,0,0,0,3.97042E+20,5.88692E+21,7.46145E+15,5.31217E+16
12898,3.17033E+18,3,4,57,17,2017,3,13,3,3,3,2,0,1,0,1,0,0,0,4.07218E+20,5.88575E+21,7.61381E+15,5.31131E+16
12899,3.17032E+18,3,1,54,13,2017,3,9,4,3,0,6,0,1,0,0,0,0,0,6.21398E+20,5.79745E+21,1.07809E+16,5.23139E+16
12900,3.17032E+18,3,4,59,29,2017,3,10,3,3,9,6,0,0,0,0,1,0,1,4.42927E+20,5.80414E+21,8.16143E+15,5.23846E+16
12901,3.17032E+18,3,4,57,14,2017,3,17,3,2,6,4,0,0,1,0,1,0,0,4.00828E+20,5.91014E+21,7.5108E+15,5.33311E+16
12902,3.17032E+18,3,4,56,20,2017,3,14,3,3,5,3,0,1,0,0,0,0,0,3.80566E+20,5.79646E+21,7.24824E+15,5.23055E+16
12903,3.17032E+18,3,4,52,25,2017,3,11,3,2,2,6,0,1,0,0,1,0,0,4.16503E+20,5.9197E+21,7.74358E+15,5.34197E+16
12904,3.17032E+18,3,4,52,1,2017,3,15,3,3,8,1,0,1,0,0,0,0,0,4.10393E+20,5.92746E+21,7.64945E+15,5.34885E+16
12905,3.17032E+18,3,4,52,1,2017,3,8,3,3,3,2,1,0,0,0,1,0,1,4.01844E+20,5.92532E+21,7.52132E+15,5.34677E+16
12906,3.17032E+18,3,4,53,6,2017,3,16,3,3,4,6,0,0,0,0,1,0,0,4.33832E+20,5.84241E+21,8.02019E+15,5.27275E+16
12907,3.17033E+18,3,4,57,13,2017,3,17,3,3,2,6,0,1,0,0,0,1,0,3.9848E+20,5.89867E+21,7.47921E+15,5.32276E+16
12908,3.17032E+18,3,3,61,6,2017,3,12,3,3,3,6,0,1,0,0,1,0,0,5.15231E+20,5.86942E+21,9.22681E+15,5.29741E+16
12909,3.17033E+18,3,4,54,41,2017,3,18,3,3,5,3,0,0,0,1,1,0,0,3.93143E+20,5.88333E+21,7.40441E+15,5.30887E+16
12910,3.17032E+18,3,3,61,12,2017,3,15,3,3,2,6,0,1,0,0,0,0,0,5.14603E+20,5.86159E+21,9.21711E+15,5.29038E+16
12911,3.17033E+18,3,4,54,19,2017,3,18,3,3,5,3,1,1,0,0,0,0,0,3.98E+20,5.83717E+21,7.49138E+15,5.26749E+16
12912,3.17032E+18,3,4,51,7,2017,3,16,3,3,2,2,0,1,0,0,0,0,0,4.25661E+20,5.90525E+21,7.88475E+15,5.32912E+16
12913,3.17032E+18,3,4,51,1,2017,3,7,3,3,2,6,0,1,0,0,0,0,0,4.21363E+20,5.89244E+21,7.82345E+15,5.31755E+16
12914,3.17032E+18,3,4,61,7,2017,3,14,3,3,5,2,0,1,0,0,0,0,0,4.68573E+20,5.93089E+21,8.52592E+15,5.3526E+16
12915,3.17032E+18,3,4,61,1,2017,3,16,3,3,2,6,0,0,0,1,1,0,0,4.70305E+20,5.89224E+21,8.55567E+15,5.31787E+16
12916,3.17032E+18,3,3,53,31,2017,3,17,3,3,2,6,0,0,0,0,1,0,0,5.67912E+20,5.91593E+21,1.00211E+16,5.33881E+16
12917,3.17032E+18,3,3,53,31,2017,3,12,3,2,9,7,0,1,0,0,1,0,0,5.69257E+20,5.91014E+21,1.00401E+16,5.33359E+16
12918,3.17032E+18,3,3,53,26,2017,3,19,3,2,5,2,0,1,0,0,1,2,0,5.52827E+20,5.92404E+21,9.79571E+15,5.34628E+16
12919,3.17032E+18,3,3,53,31,2017,3,7,3,3,6,4,0,1,1,0,0,0,0,5.67861E+20,5.91939E+21,1.00211E+16,5.34192E+16
12920,3.17033E+18,3,4,54,32,2017,3,8,3,2,5,2,0,1,0,0,1,0,0,3.89806E+20,5.82615E+21,7.37392E+15,5.25742E+16
12921,3.17032E+18,3,3,53,11,2017,3,7,3,3,2,6,0,1,0,0,0,0,1,5.71689E+20,5.89926E+21,1.00742E+16,5.32378E+16
12922,3.17033E+18,3,4,62,19,2017,3,20,3,3,5,3,1,1,0,0,0,2,0,4.15039E+20,5.92919E+21,7.71899E+15,5.35048E+16
12923,3.17032E+18,3,3,53,40,2017,3,14,3,2,5,3,0,1,0,0,0,0,0,5.77734E+20,5.90755E+21,1.01667E+16,5.33115E+16
12924,3.17032E+18,3,3,58,9,2017,3,16,3,1,5,3,1,1,0,0,0,0,0,5.2624E+20,5.84864E+21,9.38909E+15,5.2787E+16
12925,3.17033E+18,3,4,53,13,2017,3,7,3,1,4,6,0,1,0,0,1,0,0,4.14134E+20,5.88556E+21,7.71716E+15,5.31125E+16
12926,3.17033E+18,3,4,53,7,2017,3,16,3,3,5,3,1,1,0,0,0,0,0,4.17018E+20,5.87015E+21,7.7642E+15,5.29745E+16
12927,3.17033E+18,3,4,60,2,2017,3,14,3,2,3,2,0,0,0,1,1,0,0,4.51628E+20,5.82253E+21,8.2866E+15,5.25507E+16
12928,3.17033E+18,3,4,60,1,2017,3,12,3,3,2,2,0,1,0,0,0,0,0,4.47333E+20,5.84169E+21,8.2202E+15,5.27226E+16
12929,3.17033E+18,3,4,5,0,2017,3,7,3,3,6,4,1,0,1,0,0,0,0,4.40234E+20,5.93145E+21,8.09838E+15,5.35286E+16
12930,3.17032E+18,3,3,58,18,2017,3,6,3,3,5,3,1,1,0,0,0,1,0,5.25391E+20,5.8484E+21,9.37648E+15,5.27848E+16
12931,3.17033E+18,3,4,5,0,2017,3,7,3,3,2,6,0,1,0,0,0,0,0,4.3962E+20,5.92949E+21,8.08949E+15,5.35109E+16
12932,3.17033E+18,3,3,56,9,2017,3,15,3,3,5,3,0,1,0,0,0,0,0,4.73124E+20,5.90054E+21,8.59716E+15,5.32534E+16
12933,3.17032E+18,3,3,60,30,2017,3,9,3,3,5,3,0,1,0,0,1,0,0,6.08755E+20,5.86455E+21,1.06176E+16,5.29196E+16
12934,3.17033E+18,3,3,56,5,2017,3,6,3,3,9,1,0,1,0,0,0,2,0,4.98014E+20,5.89389E+21,8.97027E+15,5.31944E+16
12935,3.17032E+18,3,3,55,26,2017,3,14,3,3,5,3,0,1,0,0,0,0,0,6.08332E+20,5.90302E+21,1.06243E+16,5.32653E+16
12936,3.17033E+18,3,3,61,12,2017,3,18,3,3,2,2,0,1,0,0,0,0,0,5.17647E+20,5.86208E+21,9.2624E+15,5.29081E+16
12937,3.17032E+18,3,3,55,8,2017,3,13,3,2,3,6,0,1,0,0,1,0,0,5.87252E+20,5.89173E+21,1.03052E+16,5.31678E+16
12938,3.17033E+18,3,4,51,7,2017,3,16,3,3,2,2,0,1,0,0,1,0,0,4.25829E+20,5.89472E+21,7.88972E+15,5.31967E+16
12939,3.17032E+18,3,3,55,24,2017,3,4,3,3,9,1,0,1,0,0,0,2,1,5.93264E+20,5.89335E+21,1.03956E+16,5.31813E+16
12940,3.17032E+18,3,3,51,4,2017,3,20,3,3,5,3,0,1,1,0,0,2,0,5.64497E+20,5.85195E+21,9.95696E+15,5.28134E+16
12941,3.17032E+18,3,3,51,6,2017,3,14,3,3,5,3,1,1,0,0,0,0,1,5.72262E+20,5.83065E+21,1.00675E+16,5.26211E+16
12942,3.17032E+18,3,3,51,6,2017,3,15,3,3,4,7,0,1,0,0,0,0,0,5.71693E+20,5.83216E+21,1.00594E+16,5.26346E+16
12943,3.17032E+18,3,2,41,1,2017,3,16,3,3,0,3,1,1,0,0,0,0,0,5.51663E+20,5.8025E+21,9.75883E+15,5.23703E+16
12944,3.17033E+18,3,4,51,4,2017,3,14,3,3,5,2,0,1,0,1,0,0,0,4.32269E+20,5.88333E+21,7.98851E+15,5.30951E+16
12945,3.17032E+18,3,2,41,17,2017,3,7,3,3,4,6,0,1,0,0,0,0,1,5.49919E+20,5.78464E+21,9.73058E+15,5.22099E+16
12946,3.17033E+18,3,4,51,2,2017,3,14,3,3,2,2,0,1,0,0,0,0,0,4.35238E+20,5.89289E+21,8.03092E+15,5.31814E+16
12947,3.17033E+18,3,4,51,4,2017,3,17,3,3,4,2,1,1,0,0,0,0,0,4.32035E+20,5.88701E+21,7.98424E+15,5.31282E+16
12948,3.17033E+18,3,4,51,2,2017,3,8,3,3,5,3,0,1,0,0,1,0,0,4.38694E+20,5.8932E+21,8.08256E+15,5.31846E+16
12949,3.17033E+18,3,4,3,0,2017,3,16,3,2,5,3,1,1,0,0,0,0,0,4.45681E+20,5.88746E+21,8.18808E+15,5.31338E+16
12950,3.17033E+18,3,2,51,49,2017,3,18,3,3,9,1,0,0,0,1,0,0,0,4.98764E+20,5.85104E+21,8.98166E+15,5.28091E+16
12951,3.17033E+18,3,2,51,40,2017,3,7,3,3,4,6,0,1,0,0,0,0,0,4.8107E+20,5.83251E+21,8.72023E+15,5.26422E+16
12952,3.17032E+18,3,2,41,7,2017,3,17,3,3,5,2,0,1,0,0,0,0,0,5.48268E+20,5.79236E+21,9.70752E+15,5.22795E+16
12953,3.17032E+18,3,2,41,15,2017,3,17,3,2,0,1,1,0,0,0,0,0,0,5.43246E+20,5.80529E+21,9.63557E+15,5.23962E+16
12954,3.17032E+18,3,2,41,1,2017,3,10,3,2,6,4,1,0,1,0,0,0,0,5.48718E+20,5.80207E+21,9.71551E+15,5.23667E+16
12955,3.17032E+18,3,2,41,9,2017,3,7,3,3,6,4,0,1,1,0,0,0,1,5.53965E+20,5.7964E+21,9.79166E+15,5.23152E+16
12956,3.17032E+18,3,2,41,1,2017,3,7,3,3,2,6,0,1,0,0,0,0,0,5.44233E+20,5.80846E+21,9.65049E+15,5.24246E+16
12957,3.17032E+18,3,2,41,1,2017,3,7,3,3,2,6,0,1,0,0,0,0,0,5.44152E+20,5.80843E+21,9.64931E+15,5.24243E+16
12958,3.17032E+18,3,2,57,6,2017,3,7,3,3,2,6,0,1,0,0,0,0,0,5.28724E+20,5.79966E+21,9.42167E+15,5.23465E+16
12959,3.17033E+18,3,4,61,8,2017,3,11,3,3,2,3,0,1,0,0,1,0,0,4.55746E+20,5.90214E+21,8.33648E+15,5.32667E+16
12960,3.17032E+18,3,1,55,12,2017,3,21,3,3,8,7,0,1,0,0,0,2,0,5.38424E+20,5.72701E+21,9.5559E+15,5.16927E+16
12961,3.17033E+18,3,4,58,7,2017,3,17,3,3,7,7,1,0,0,0,1,0,0,4.46841E+20,5.8663E+21,8.20891E+15,5.29437E+16
12962,3.17032E+18,3,2,57,28,2017,3,8,3,3,5,3,1,1,0,0,0,0,0,5.08965E+20,5.791E+21,9.13138E+15,5.22693E+16
12963,3.17033E+18,3,4,58,12,2017,3,15,3,3,5,2,0,1,0,0,0,0,0,4.70238E+20,5.86839E+21,8.55689E+15,5.29643E+16
12964,3.17032E+18,3,2,54,21,2017,3,8,3,3,3,6,0,1,0,0,0,0,1,5.67564E+20,5.77937E+21,9.98772E+15,5.21606E+16
12965,3.17033E+18,3,4,1,0,2017,3,8,3,2,0,7,0,1,0,0,0,0,0,4.75501E+20,5.87974E+21,8.63437E+15,5.30666E+16
12966,3.17033E+18,3,3,53,40,2017,3,14,3,3,4,6,0,0,0,0,1,0,0,5.78646E+20,5.90861E+21,1.01807E+16,5.33208E+16
12967,3.17033E+18,3,3,53,5,2017,3,18,3,3,2,6,0,1,0,0,1,0,0,5.57296E+20,5.91191E+21,9.86081E+15,5.33532E+16
12968,3.17033E+18,3,3,59,37,2017,3,14,3,3,9,1,0,0,0,0,1,0,0,5.35862E+20,5.91631E+21,9.53931E+15,5.33947E+16
12969,3.17032E+18,3,2,52,3,2017,3,21,3,3,6,4,0,1,1,0,0,2,0,5.17851E+20,5.75896E+21,9.25992E+15,5.1981E+16
12970,3.17033E+18,3,3,59,23,2017,3,7,3,2,8,1,0,1,0,0,0,0,1,5.35171E+20,5.92732E+21,9.53014E+15,5.34936E+16
12971,3.17033E+18,3,3,59,10,2017,3,18,3,3,2,2,0,1,0,0,0,0,0,5.48625E+20,5.92306E+21,9.73227E+15,5.34543E+16
12972,3.17032E+18,3,2,52,8,2017,3,20,3,1,8,1,0,1,0,0,0,2,0,5.42223E+20,5.7645E+21,9.61544E+15,5.20295E+16
12973,3.17033E+18,3,3,59,14,2017,3,16,3,3,2,6,0,1,0,0,0,0,0,5.23994E+20,5.93827E+21,9.36251E+15,5.35927E+16
12974,3.17032E+18,3,2,52,6,2017,3,20,3,3,2,6,0,1,0,0,1,2,0,5.26761E+20,5.77238E+21,9.39069E+15,5.21013E+16
12975,3.17032E+18,3,1,53,17,2017,3,16,3,3,5,3,0,1,0,0,0,0,0,6.01694E+20,5.7573E+21,1.048E+16,5.19571E+16
12976,3.17033E+18,3,3,59,12,2017,3,16,3,3,2,6,0,1,0,0,1,0,0,5.38423E+20,5.93131E+21,9.57965E+15,5.35293E+16
12977,3.17032E+18,3,1,51,35,2017,3,15,3,3,2,6,0,1,0,0,0,0,1,6.02557E+20,5.82394E+21,1.05128E+16,5.25559E+16
12978,3.17033E+18,3,3,59,38,2017,3,5,3,3,2,6,0,1,0,0,0,2,0,5.33141E+20,5.94078E+21,9.50098E+15,5.36147E+16
12979,3.17032E+18,3,1,51,25,2017,3,11,3,3,0,7,0,1,0,0,0,0,0,6.07656E+20,5.81974E+21,1.05866E+16,5.25172E+16
12980,3.17032E+18,3,1,1,0,2017,3,14,3,3,3,6,0,1,0,0,1,0,0,6.064E+20,5.78953E+21,1.05585E+16,5.22458E+16
12981,3.17032E+18,3,4,4,0,2017,3,12,2,3,2,6,0,1,0,0,1,0,1,4.34407E+20,5.79247E+21,8.03855E+15,5.22787E+16
12982,3.17032E+18,3,4,4,0,2017,3,23,2,3,2,7,0,1,0,0,0,2,1,4.36782E+20,5.79291E+21,8.07328E+15,5.22829E+16
12983,3.17032E+18,3,4,4,0,2017,3,22,2,3,2,6,0,1,0,0,0,2,1,4.34135E+20,5.79306E+21,8.03445E+15,5.2284E+16
12984,3.17033E+18,3,3,58,8,2017,3,9,3,3,2,6,0,1,0,0,0,0,0,5.46999E+20,5.85615E+21,9.69797E+15,5.28531E+16
12985,3.17032E+18,3,4,57,21,2017,3,14,2,3,2,6,0,1,0,0,0,0,1,3.89216E+20,5.89215E+21,7.34275E+15,5.31672E+16
12986,3.17033E+18,3,3,58,3,2017,3,18,3,2,0,1,1,0,0,0,0,0,0,5.35821E+20,5.85241E+21,9.53156E+15,5.28203E+16
12987,3.17032E+18,3,4,57,13,2017,3,8,2,3,2,6,0,1,0,0,0,0,1,3.9972E+20,5.89967E+21,7.49747E+15,5.32368E+16
12988,3.17041E+18,3,4,4,0,2017,4,5,2,1,5,2,0,1,0,0,0,2,0,4.28204E+20,5.79532E+21,7.94703E+15,5.23035E+16
12989,3.17041E+18,3,4,54,44,2017,4,14,2,3,5,3,0,1,0,0,1,0,0,3.82574E+20,5.88084E+21,7.24758E+15,5.30641E+16
12990,3.17042E+18,3,2,41,15,2017,4,7,5,3,2,6,0,1,0,0,1,0,0,5.37529E+20,5.80152E+21,9.55114E+15,5.23626E+16
12991,3.17041E+18,3,4,54,43,2017,4,16,2,3,2,2,0,1,0,0,0,0,0,3.88579E+20,5.86249E+21,7.34347E+15,5.29005E+16
12992,3.17041E+18,3,4,54,45,2017,4,7,2,3,2,6,0,1,0,0,0,0,0,3.9304E+20,5.79864E+21,7.43043E+15,5.23277E+16
12993,3.17042E+18,3,3,53,5,2017,4,12,2,3,2,6,0,1,0,0,1,0,1,5.56736E+20,5.91101E+21,9.85223E+15,5.33452E+16
12994,3.17041E+18,3,4,54,32,2017,4,19,2,3,5,3,0,1,0,0,0,0,0,3.77715E+20,5.82304E+21,7.19672E+15,5.25437E+16
12995,3.17041E+18,3,4,54,1,2017,4,17,2,3,5,2,0,1,0,0,0,0,0,4.01719E+20,5.82039E+21,7.55134E+15,5.25247E+16