OBJECTID,UIDENTSTLA,ULAND,UREGBEZ,UKREIS,UGEMEINDE,UJAHR,UMONAT,USTUNDE,UWOCHENTAG,UKATEGORIE,UART,UTYP1,IstRad,IstPKW,IstFuss,IstKrad,IstSonstig,LICHT,STRZUSTAND,LINREFX,LINREFY,XGCSWGS84,YGCSWGS84
12996,3.17042E+18,3,4,57,20,2017,4,6,2,3,5,3,0,1,0,1,0,0,0,4.17664E+20,5.90136E+21,7.76581E+15,5.32551E+16
12997,3.17041E+18,3,4,53,1,2017,4,11,2,3,5,7,1,1,0,0,0,0,0,4.1635E+20,5.89133E+21,7.74875E+15,5.31647E+16
12998,3.17042E+18,3,2,41,5,2017,4,16,5,3,2,6,0,1,0,0,0,0,0,5.4184E+20,5.80634E+21,9.61504E+15,5.24057E+16
12999,3.17043E+18,3,1,57,5,2017,4,11,3,2,3,6,0,0,0,1,1,0,0,5.89268E+20,5.78462E+21,1.03063E+16,5.22048E+16
13000,3.17041E+18,3,4,51,7,2017,4,14,2,3,5,3,0,1,0,1,0,0,0,4.2641E+20,5.90463E+21,7.89612E+15,5.32858E+16
13001,3.17042E+18,3,2,41,5,2017,4,6,5,3,5,3,1,1,0,0,0,0,0,5.41408E+20,5.81011E+21,9.60915E+15,5.24396E+16
13002,3.17042E+18,3,2,41,19,2017,4,16,5,3,2,6,0,1,0,0,0,0,0,5.49339E+20,5.8256E+21,9.72813E+15,5.25782E+16
13003,3.17042E+18,3,2,41,16,2017,4,5,5,3,8,7,0,1,0,0,0,0,0,5.67313E+20,5.7947E+21,9.98711E+15,5.22985E+16
13004,3.17042E+18,3,2,41,8,2017,4,7,5,3,5,3,1,1,0,0,0,0,0,5.60638E+20,5.81317E+21,9.89258E+15,5.24653E+16
13005,3.17042E+18,3,2,41,10,2017,4,18,5,2,2,6,0,1,0,0,0,0,0,5.48306E+20,5.80931E+21,9.71051E+15,5.24318E+16
13006,3.17041E+18,3,4,3,0,2017,4,15,2,3,2,2,0,1,0,0,0,0,0,4.47267E+20,5.88523E+21,8.21215E+15,5.31139E+16
13007,3.17041E+18,3,2,51,37,2017,4,11,2,3,2,2,0,1,0,0,0,0,0,4.8184E+20,5.87614E+21,8.72919E+15,5.30345E+16
13008,3.17042E+18,3,2,41,2,2017,4,12,7,3,1,5,1,1,0,0,0,0,0,5.33496E+20,5.79873E+21,9.49164E+15,5.23378E+16
13009,3.17041E+18,3,2,51,37,2017,4,13,2,3,0,7,0,1,0,0,0,0,0,4.79349E+20,5.87436E+21,8.69215E+15,5.30184E+16
13010,3.17042E+18,3,2,41,5,2017,4,17,5,2,5,3,1,1,0,0,0,0,0,5.38794E+20,5.81086E+21,9.57079E+15,5.24466E+16
13011,3.17042E+18,3,2,56,25,2017,4,12,7,3,2,6,0,1,0,0,0,0,0,5.10328E+20,5.81169E+21,9.15198E+15,5.24553E+16
13012,3.17042E+18,3,2,41,2,2017,4,13,5,3,2,6,0,1,0,0,1,0,0,5.32823E+20,5.80483E+21,9.48236E+15,5.23927E+16
13013,3.17042E+18,3,2,57,31,2017,4,16,7,2,9,1,0,0,0,1,0,0,0,5.04741E+20,5.78028E+21,9.06932E+15,5.2173E+16
13014,3.17042E+18,3,2,41,1,2017,4,7,5,3,2,6,0,1,0,0,0,0,0,5.4901E+20,5.79975E+21,9.71947E+15,5.23459E+16
13015,3.17042E+18,3,1,59,19,2017,4,13,5,3,9,7,0,1,0,0,0,0,0,5.91527E+20,5.71931E+21,1.0322E+16,5.16174E+16
13016,3.17042E+18,3,2,52,6,2017,4,10,7,3,5,3,0,1,0,0,1,0,0,5.30349E+20,5.77471E+21,9.44329E+15,5.21221E+16
13017,3.17042E+18,3,2,57,1,2017,4,15,5,3,2,6,0,1,0,0,0,0,0,5.06106E+20,5.78926E+21,9.08945E+15,5.22537E+16
13018,3.17042E+18,3,2,54,43,2017,4,9,5,3,5,3,0,1,0,0,0,0,0,5.5364E+20,5.77065E+21,9.78282E+15,5.20838E+16
13019,3.17041E+18,3,4,1,0,2017,4,21,2,3,2,6,0,1,0,0,1,2,0,4.78615E+20,5.87664E+21,8.68105E+15,5.30388E+16
13020,3.17042E+18,3,1,59,16,2017,4,4,7,3,1,5,1,1,0,0,0,2,1,5.65272E+20,5.71249E+21,9.94159E+15,5.15597E+16
13021,3.17042E+18,3,2,54,32,2017,4,9,5,3,2,2,0,1,0,0,1,0,0,5.8307E+20,5.78609E+21,1.0216E+16,5.2219E+16
13022,3.17041E+18,3,4,61,7,2017,4,14,2,2,5,3,0,1,0,0,1,0,0,4.65706E+20,5.92742E+21,8.48307E+15,5.34946E+16
13023,3.17042E+18,3,2,54,5,2017,4,15,5,2,2,6,0,1,0,0,1,0,0,5.69668E+20,5.77205E+21,1.0017E+16,5.20946E+16
13024,3.17041E+18,3,4,1,0,2017,4,10,2,3,5,2,1,0,0,0,1,0,0,4.72251E+20,5.87772E+21,8.58605E+15,5.30482E+16
13025,3.17042E+18,3,2,52,6,2017,4,8,5,3,2,2,0,1,0,0,0,0,0,5.22401E+20,5.77302E+21,9.32708E+15,5.21072E+16
13026,3.17041E+18,3,3,60,8,2017,4,13,2,3,2,2,0,1,0,0,0,0,0,6.03218E+20,5.87588E+21,1.05389E+16,5.30225E+16
13027,3.17041E+18,3,2,41,1,2017,4,17,2,3,3,2,1,1,0,0,0,0,0,5.50034E+20,5.80521E+21,9.73532E+15,5.23948E+16
13028,3.17041E+18,3,2,41,1,2017,4,16,2,3,0,3,1,0,0,0,1,0,0,5.522E+20,5.79921E+21,9.76621E+15,5.23407E+16
13029,3.17041E+18,3,2,41,1,2017,4,1,2,3,1,7,0,1,0,0,1,2,0,5.59043E+20,5.80624E+21,9.86788E+15,5.24032E+16
13030,3.17041E+18,3,2,56,2,2017,4,14,2,3,5,2,0,1,0,0,0,0,0,5.08273E+20,5.83025E+21,9.12221E+15,5.26222E+16
13031,3.17042E+18,3,1,59,16,2017,4,12,5,3,5,2,1,1,0,0,0,0,0,5.64011E+20,5.70965E+21,9.92288E+15,5.15344E+16
13032,3.17041E+18,3,2,56,20,2017,4,16,2,2,5,2,0,1,0,0,0,0,0,5.19447E+20,5.82585E+21,9.28702E+15,5.25824E+16
13033,3.17042E+18,3,1,54,24,2017,4,0,5,2,9,1,0,1,0,0,0,2,0,6.31122E+20,5.80691E+21,1.09272E+16,5.23967E+16
13034,3.17042E+18,3,4,54,18,2017,4,10,7,3,2,2,0,1,0,0,0,0,0,3.7951E+20,5.84747E+21,7.21426E+15,5.27636E+16
13035,3.17042E+18,3,1,2,0,2017,4,15,5,3,5,3,1,1,0,0,0,0,0,5.92072E+20,5.7789E+21,1.03458E+16,5.21529E+16
13036,3.17042E+18,3,1,51,27,2017,4,16,5,2,5,2,0,1,0,0,0,0,0,5.95977E+20,5.80064E+21,1.0409E+16,5.23477E+16
13037,3.17042E+18,3,2,41,1,2017,4,11,1,3,5,3,1,1,0,0,0,0,0,5.51958E+20,5.79963E+21,9.76273E+15,5.23445E+16
13038,3.17041E+18,3,2,54,20,2017,4,13,2,2,8,7,0,0,0,0,1,0,0,5.68878E+20,5.78271E+21,1.00076E+16,5.21906E+16
13039,3.17042E+18,3,1,2,0,2017,4,18,5,3,2,6,0,1,0,0,0,0,0,5.99276E+20,5.78395E+21,1.04525E+16,5.21971E+16
13040,3.17042E+18,3,4,59,2,2017,4,10,4,2,5,3,0,1,0,1,0,0,0,4.25562E+20,5.81926E+21,7.90297E+15,5.25183E+16
13041,3.17042E+18,3,4,56,20,2017,4,13,1,3,5,3,0,1,0,0,0,0,0,3.80566E+20,5.79647E+21,7.24823E+15,5.23056E+16
13042,3.17041E+18,3,2,52,8,2017,4,13,2,3,2,2,0,1,0,0,0,0,0,5.41098E+20,5.77074E+21,9.59981E+15,5.20857E+16
13043,3.17042E+18,3,4,4,0,2017,4,14,4,3,2,6,0,1,0,0,0,0,0,4.38178E+20,5.78987E+21,8.09429E+15,5.22557E+16
13044,3.17042E+18,3,4,54,14,2017,4,12,4,3,2,2,0,1,0,0,0,0,0,3.853E+20,5.83297E+21,7.30508E+15,5.26346E+16
13045,3.17042E+18,3,1,59,19,2017,4,12,2,3,2,6,0,1,0,1,0,0,0,5.97431E+20,5.7275E+21,1.04095E+16,5.169E+16
13046,3.17042E+18,3,4,62,5,2017,4,6,4,3,5,3,0,1,0,0,1,0,0,4.25035E+20,5.92334E+21,7.87107E+15,5.34538E+16
13047,3.17042E+18,3,3,56,7,2017,4,12,2,3,5,3,0,1,0,0,0,0,0,4.86477E+20,5.89744E+21,8.79744E+15,5.32261E+16
13048,3.17042E+18,3,4,52,21,2017,4,12,4,3,8,1,0,1,0,0,0,0,0,3.85886E+20,5.93492E+21,7.27753E+15,5.35507E+16
13049,3.17042E+18,3,4,52,24,2017,4,16,4,2,5,3,1,1,0,0,0,0,0,3.86344E+20,5.93076E+21,7.28595E+15,5.35134E+16
13050,3.17042E+18,3,4,52,1,2017,4,20,4,3,5,3,0,1,0,0,0,0,0,3.98307E+20,5.92594E+21,7.46785E+15,5.34726E+16
13051,3.17042E+18,3,4,52,1,2017,4,8,4,3,2,6,0,1,0,0,0,0,0,3.98635E+20,5.9257E+21,7.47287E+15,5.34706E+16
13052,3.17042E+18,3,4,53,1,2017,4,9,4,3,4,2,0,1,0,0,0,0,0,4.18233E+20,5.88383E+21,7.77882E+15,5.30977E+16
13053,3.17042E+18,3,4,55,25,2017,4,18,4,3,5,3,0,1,0,0,0,0,0,4.36294E+20,5.91931E+21,8.04141E+15,5.3419E+16
13054,3.17041E+18,3,2,52,8,2017,4,10,2,3,2,6,0,1,0,0,1,0,0,5.41582E+20,5.77055E+21,9.60685E+15,5.2084E+16
13055,3.17042E+18,3,4,55,26,2017,4,18,4,3,5,3,0,1,0,1,0,0,0,4.41925E+20,5.9148E+21,8.12696E+15,5.33791E+16
13056,3.17041E+18,3,2,52,2,2017,4,13,2,3,2,6,0,1,0,0,0,0,0,5.32615E+20,5.77969E+21,9.47686E+15,5.21668E+16
13057,3.17042E+18,3,4,55,26,2017,4,8,4,3,5,3,0,1,0,0,0,0,0,4.42693E+20,5.91646E+21,8.1382E+15,5.33942E+16
13058,3.17041E+18,3,2,52,5,2017,4,10,2,3,5,3,0,0,0,0,1,0,0,5.23383E+20,5.76802E+21,9.34109E+15,5.20622E+16
13059,3.17041E+18,3,1,53,12,2017,4,17,2,3,8,1,0,1,0,0,0,0,0,5.79232E+20,5.74861E+21,1.01511E+16,5.18826E+16
13060,3.17041E+18,3,1,53,17,2017,4,13,2,3,2,6,0,1,0,0,0,0,0,6.01931E+20,5.75045E+21,1.04814E+16,5.18955E+16
13061,3.17041E+18,3,4,59,24,2017,4,17,1,2,9,1,0,0,0,1,0,0,0,4.58033E+20,5.78165E+21,8.38617E+15,5.21837E+16
13062,3.17042E+18,3,4,55,14,2017,4,6,4,3,5,3,0,1,0,0,1,0,0,4.35248E+20,5.92897E+21,8.02368E+15,5.35057E+16
13063,3.17041E+18,3,4,59,17,2017,4,23,1,3,0,7,0,0,0,1,0,2,0,4.10026E+20,5.81561E+21,7.67505E+15,5.24832E+16
13064,3.17041E+18,3,4,59,30,2017,4,17,1,3,6,7,0,1,1,0,0,0,0,4.28861E+20,5.8373E+21,7.94769E+15,5.2681E+16
13065,3.17042E+18,3,3,56,5,2017,4,13,4,3,2,6,0,1,0,0,0,0,0,4.96352E+20,5.88991E+21,8.94544E+15,5.31585E+16
13066,3.17042E+18,3,4,54,41,2017,4,1,1,3,4,6,0,1,0,0,0,2,1,3.92226E+20,5.87781E+21,7.39257E+15,5.3039E+16
13067,3.17041E+18,3,4,59,30,2017,4,1,1,3,9,1,0,1,0,0,0,2,0,4.28767E+20,5.83692E+21,7.94639E+15,5.26776E+16
13068,3.17041E+18,3,4,4,0,2017,4,20,1,3,4,2,0,1,0,1,0,1,0,4.36791E+20,5.79201E+21,8.07357E+15,5.22748E+16
13069,3.17042E+18,3,3,61,9,2017,4,14,4,3,3,6,0,1,0,0,1,0,0,4.99336E+20,5.87714E+21,8.9901E+15,5.30438E+16
13070,3.17042E+18,3,2,41,1,2017,4,11,2,3,5,2,1,1,0,0,0,0,0,5.54383E+20,5.80685E+21,9.7995E+15,5.24092E+16
13071,3.17041E+18,3,4,54,41,2017,4,15,1,2,3,2,0,0,0,1,0,0,0,3.9876E+20,5.87885E+21,7.48966E+15,5.30495E+16
13072,3.17042E+18,3,4,3,0,2017,4,18,4,2,5,3,1,1,0,0,0,0,0,4.50716E+20,5.89138E+21,8.26274E+15,5.31695E+16
13073,3.17042E+18,3,4,53,11,2017,4,17,2,2,4,6,1,0,0,0,0,0,0,4.13538E+20,5.84997E+21,7.71775E+15,5.27926E+16
13074,3.17041E+18,3,4,54,44,2017,4,13,1,3,5,3,0,1,0,0,0,0,0,3.81849E+20,5.88104E+21,7.2367E+15,5.30658E+16
13075,3.17042E+18,3,4,61,8,2017,4,11,4,3,2,6,0,1,0,0,0,0,0,4.60213E+20,5.90612E+21,8.40296E+15,5.33028E+16
13076,3.17042E+18,3,4,59,8,2017,4,12,2,3,5,3,0,1,0,0,0,0,0,4.39463E+20,5.79476E+21,8.11223E+15,5.22998E+16
13077,3.17042E+18,3,4,1,0,2017,4,13,4,3,2,6,0,1,0,0,0,0,0,4.79508E+20,5.87853E+21,8.69426E+15,5.30559E+16
13078,3.17043E+18,3,2,55,2,2017,4,16,3,2,8,1,0,1,0,0,0,0,0,5.32551E+20,5.75293E+21,9.47338E+15,5.19261E+16
13079,3.17042E+18,3,4,1,0,2017,4,0,4,3,8,7,0,1,0,0,0,2,0,4.75478E+20,5.87969E+21,8.63404E+15,5.30662E+16
13080,3.17042E+18,3,3,55,28,2017,4,18,4,3,3,6,0,1,0,0,0,0,0,5.85768E+20,5.90942E+21,1.02878E+16,5.3327E+16
13081,3.17042E+18,3,3,58,22,2017,4,11,4,2,8,1,0,1,0,0,0,0,0,5.43634E+20,5.84737E+21,9.64682E+15,5.27744E+16
13082,3.17041E+18,3,4,54,41,2017,4,4,1,3,9,1,0,1,0,0,0,2,1,3.88841E+20,5.88082E+21,7.34108E+15,5.30653E+16
13083,3.17042E+18,3,3,57,16,2017,4,22,4,3,7,7,0,1,0,0,0,2,0,5.04584E+20,5.92048E+21,9.069E+15,5.34333E+16
13084,3.17041E+18,3,4,54,51,2017,4,21,1,3,5,3,0,1,0,0,0,2,0,4.0166E+20,5.86907E+21,7.53589E+15,5.29622E+16
13085,3.17042E+18,3,3,51,24,2017,4,8,4,3,0,7,0,1,0,0,0,0,0,5.61465E+20,5.83707E+21,9.90918E+15,5.26801E+16
13086,3.17042E+18,3,1,53,17,2017,4,14,7,2,5,3,1,1,0,0,0,0,1,5.97057E+20,5.75262E+21,1.04112E+16,5.19159E+16
13087,3.17041E+18,3,4,56,16,2017,4,13,1,2,8,1,0,0,0,1,0,0,0,3.81861E+20,5.79338E+21,7.26831E+15,5.22781E+16
13088,3.17042E+18,3,1,54,10,2017,4,5,7,3,9,1,0,1,0,0,0,1,1,6.17849E+20,5.79677E+21,1.07286E+16,5.23086E+16
13089,3.17041E+18,3,4,54,10,2017,4,18,1,3,2,2,0,1,0,0,0,0,0,3.8371E+20,5.8057E+21,7.29114E+15,5.23892E+16
13090,3.17041E+18,3,4,52,1,2017,4,17,1,3,2,6,0,1,0,0,0,0,0,3.98975E+20,5.93035E+21,7.47649E+15,5.35124E+16
13091,3.17042E+18,3,4,59,15,2017,4,21,6,3,2,6,0,1,0,0,0,2,0,4.45217E+20,5.7724E+21,8.20022E+15,5.20995E+16
13092,3.17041E+18,3,4,52,12,2017,4,15,1,2,5,3,0,1,0,1,0,0,0,3.9697E+20,5.91918E+21,7.44994E+15,5.34116E+16
13093,3.17041E+18,3,4,52,12,2017,4,5,1,3,0,1,0,1,1,0,0,1,0,3.92257E+20,5.91959E+21,7.37892E+15,5.34143E+16
13094,3.17042E+18,3,2,41,1,2017,4,15,4,3,2,6,0,1,0,0,1,0,0,5.49143E+20,5.7989E+21,9.7213E+15,5.23382E+16
13095,3.17042E+18,3,2,41,17,2017,4,19,4,2,5,3,0,1,0,0,0,0,0,5.48517E+20,5.78007E+21,9.70941E+15,5.2169E+16
13096,3.17042E+18,3,4,59,24,2017,4,0,6,3,8,7,0,1,0,0,0,2,0,4.57663E+20,5.77808E+21,8.3812E+15,5.21516E+16
13097,3.17042E+18,3,2,41,1,2017,4,8,4,3,2,6,0,0,0,0,1,0,0,5.4241E+20,5.80806E+21,9.62364E+15,5.24211E+16
13098,3.17042E+18,3,2,56,33,2017,4,8,4,1,4,6,0,1,0,0,1,0,0,4.9126E+20,5.82095E+21,8.87113E+15,5.25385E+16
13099,3.17042E+18,3,4,59,19,2017,4,23,6,2,8,1,0,1,0,0,0,2,0,4.39806E+20,5.78163E+21,8.1196E+15,5.21819E+16
13100,3.17042E+18,3,2,54,21,2017,4,8,4,3,2,6,0,1,0,0,0,0,0,5.66172E+20,5.77681E+21,9.96689E+15,5.21378E+16
13101,3.17041E+18,3,4,53,9,2017,4,14,1,3,3,2,1,1,0,0,0,0,0,4.22673E+20,5.85074E+21,7.85302E+15,5.28009E+16
13102,3.17042E+18,3,4,59,29,2017,4,21,6,3,9,1,0,1,0,0,0,2,0,4.47382E+20,5.80029E+21,8.22749E+15,5.23504E+16
13103,3.17042E+18,3,2,52,1,2017,4,14,4,3,5,3,0,1,0,0,0,0,0,5.20954E+20,5.76859E+21,9.30569E+15,5.20675E+16
13104,3.17041E+18,3,3,61,6,2017,4,18,1,3,7,7,0,1,0,0,0,0,0,5.11592E+20,5.87259E+21,9.17273E+15,5.30027E+16
13105,3.17042E+18,3,4,59,3,2017,4,14,6,3,0,1,0,0,0,1,0,0,0,4.5694E+20,5.79698E+21,8.36823E+15,5.23215E+16
13106,3.17042E+18,3,2,52,4,2017,4,14,4,3,9,1,0,0,0,1,0,0,0,5.34015E+20,5.77566E+21,9.49693E+15,5.21304E+16
13107,3.17041E+18,3,3,61,8,2017,4,15,1,3,0,7,0,0,0,1,1,0,0,5.10559E+20,5.88141E+21,9.15763E+15,5.3082E+16
13108,3.17041E+18,3,4,51,7,2017,4,13,1,2,5,3,0,1,0,0,0,0,0,4.28938E+20,5.90015E+21,7.93505E+15,5.32459E+16
13109,3.17041E+18,3,2,51,7,2017,4,13,1,2,0,3,1,1,0,0,0,0,0,4.80545E+20,5.85421E+21,8.71119E+15,5.28373E+16
13110,3.17041E+18,3,2,51,33,2017,4,18,1,3,0,1,0,0,0,1,0,0,0,5.01388E+20,5.86061E+21,9.02063E+15,5.28952E+16
13111,3.17041E+18,3,4,61,5,2017,4,18,1,3,5,2,0,1,0,0,0,0,0,4.4588E+20,5.91023E+21,8.18719E+15,5.33384E+16
13112,3.17041E+18,3,4,61,8,2017,4,11,1,2,4,6,0,1,0,1,0,0,0,4.53313E+20,5.90054E+21,8.30023E+15,5.32521E+16
13113,3.17041E+18,3,4,58,5,2017,4,15,1,2,0,2,0,1,0,1,0,0,0,4.68235E+20,5.88192E+21,8.52573E+15,5.30858E+16
13114,3.17042E+18,3,2,52,6,2017,4,8,4,3,2,6,0,1,0,0,1,0,0,5.26817E+20,5.77307E+21,9.39157E+15,5.21075E+16
13115,3.17041E+18,3,3,52,50,2017,4,12,1,3,2,6,0,1,0,0,0,0,0,4.78036E+20,5.93182E+21,8.66861E+15,5.35348E+16
13116,3.17042E+18,3,1,59,17,2017,4,12,4,3,2,6,0,1,0,0,0,0,0,5.49626E+20,5.69523E+21,9.71347E+15,5.14061E+16
13117,3.17042E+18,3,1,59,29,2017,4,17,4,2,5,3,0,1,0,1,0,0,0,5.62203E+20,5.70648E+21,9.89626E+15,5.1506E+16
13118,3.17042E+18,3,1,51,40,2017,4,4,4,3,8,1,0,0,0,0,1,2,1,6.22187E+20,5.82993E+21,1.08044E+16,5.26056E+16
13119,3.17042E+18,3,4,4,0,2017,4,11,6,3,5,3,1,1,0,0,0,0,0,4.34129E+20,5.79308E+21,8.03435E+15,5.22841E+16
13120,3.17042E+18,3,1,51,41,2017,4,15,4,3,0,1,0,1,0,0,0,0,0,5.94236E+20,5.80349E+21,1.03843E+16,5.23736E+16
13121,3.17042E+18,3,1,54,10,2017,4,15,4,3,2,6,0,1,0,0,1,0,0,6.36631E+20,5.79066E+21,1.10015E+16,5.22494E+16
13122,3.17042E+18,3,4,57,13,2017,4,14,6,3,2,6,0,1,0,0,0,0,0,3.98457E+20,5.89874E+21,7.47884E+15,5.32282E+16
13123,3.17042E+18,3,4,56,14,2017,4,15,3,1,4,2,0,1,0,0,0,0,0,3.60752E+20,5.82045E+21,6.94783E+15,5.25163E+16
13124,3.17042E+18,3,4,56,2,2017,4,11,3,3,0,3,1,1,0,0,0,0,0,3.55408E+20,5.83081E+21,6.86463E+15,5.2608E+16
13125,3.17042E+18,3,4,52,1,2017,4,12,6,3,5,3,1,1,0,0,0,0,0,3.96736E+20,5.92399E+21,7.44483E+15,5.34548E+16
13126,3.17042E+18,3,4,54,32,2017,4,12,3,3,2,2,0,1,0,0,0,0,0,3.88545E+20,5.82362E+21,7.35617E+15,5.25512E+16
13127,3.17042E+18,3,4,54,31,2017,4,13,3,2,4,6,0,1,0,0,0,0,0,4.0132E+20,5.8214E+21,7.54517E+15,5.25338E+16
13128,3.17041E+18,3,3,52,61,2017,4,16,1,2,7,7,0,0,0,1,0,0,0,4.68495E+20,5.95144E+21,8.52268E+15,5.37107E+16
13129,3.17042E+18,3,4,62,19,2017,4,9,3,3,5,3,0,1,0,0,0,0,0,4.12967E+20,5.9326E+21,7.68682E+15,5.35351E+16
13130,3.17041E+18,3,3,53,26,2017,4,12,1,1,3,6,1,0,0,0,0,0,0,5.53021E+20,5.92373E+21,9.79857E+15,5.34599E+16
13131,3.17042E+18,3,4,60,10,2017,4,12,3,3,5,2,0,1,0,0,0,0,0,4.51881E+20,5.8532E+21,8.28585E+15,5.28264E+16
13132,3.17041E+18,3,3,53,19,2017,4,19,1,2,8,1,0,1,0,0,0,0,0,5.47063E+20,5.91579E+21,9.70767E+15,5.33891E+16
13133,3.17041E+18,3,3,53,5,2017,4,11,1,3,7,7,1,0,0,0,0,0,0,5.58996E+20,5.90948E+21,9.88589E+15,5.33312E+16
13134,3.17041E+18,3,3,58,8,2017,4,15,1,3,0,6,0,1,0,1,0,0,0,5.49224E+20,5.85942E+21,9.7315E+15,5.28822E+16
13135,3.17041E+18,3,3,58,3,2017,4,12,1,3,2,6,0,1,0,0,0,0,0,5.45664E+20,5.85056E+21,9.67736E+15,5.28029E+16
13136,3.17041E+18,3,3,58,21,2017,4,18,1,2,2,6,0,1,0,0,0,0,0,5.56852E+20,5.87115E+21,9.84689E+15,5.29869E+16
13137,3.17042E+18,3,4,55,26,2017,4,14,3,3,2,6,0,1,0,1,0,0,0,4.41057E+20,5.91758E+21,8.11339E+15,5.3404E+16
13138,3.17041E+18,3,3,53,28,2017,4,16,1,3,3,6,0,1,0,0,0,0,0,5.44006E+20,5.91084E+21,9.66101E+15,5.33448E+16
13139,3.17042E+18,3,4,55,26,2017,4,10,3,3,2,6,0,1,0,0,0,0,0,4.36284E+20,5.91593E+21,8.04194E+15,5.33886E+16
13140,3.17042E+18,3,2,56,33,2017,4,16,1,3,4,6,0,1,0,0,0,0,0,4.9133E+20,5.82085E+21,8.87218E+15,5.25377E+16
13141,3.17041E+18,3,3,60,23,2017,4,9,1,3,2,6,0,1,0,1,0,0,0,6.01359E+20,5.86087E+21,1.05065E+16,5.2888E+16
13142,3.17041E+18,3,3,55,9,2017,4,17,1,3,8,1,0,0,0,1,0,0,0,6.20897E+20,5.90225E+21,1.08123E+16,5.32558E+16
13143,3.17042E+18,3,4,5,0,2017,4,15,3,3,2,6,0,1,0,0,0,0,0,4.37641E+20,5.93121E+21,8.05931E+15,5.35261E+16
13144,3.17042E+18,3,4,3,0,2017,4,18,1,3,5,2,0,1,0,0,1,0,0,4.47442E+20,5.88879E+21,8.21418E+15,5.31459E+16
13145,3.17041E+18,3,3,55,34,2017,4,12,1,2,0,6,0,1,0,1,0,0,0,5.77119E+20,5.8929E+21,1.0154E+16,5.31799E+16
13146,3.17042E+18,3,3,61,9,2017,4,15,3,3,2,6,0,1,0,0,0,0,0,4.9935E+20,5.87883E+21,8.99031E+15,5.3059E+16
13147,3.17042E+18,3,4,3,0,2017,4,17,3,3,2,6,0,1,0,0,0,0,0,4.46097E+20,5.88943E+21,8.19397E+15,5.31515E+16
13148,3.17042E+18,3,2,54,42,2017,4,6,2,3,0,1,0,0,0,1,0,0,1,5.63126E+20,5.75406E+21,9.91818E+15,5.19337E+16
13149,3.17041E+18,3,2,41,17,2017,4,15,1,3,5,3,0,1,0,0,0,0,0,5.47725E+20,5.78503E+21,9.69852E+15,5.22136E+16
13150,3.17042E+18,3,2,51,41,2017,4,9,3,3,5,3,1,1,0,0,0,0,0,4.88357E+20,5.86263E+21,8.82686E+15,5.29132E+16
13151,3.17042E+18,3,3,52,61,2017,4,18,2,3,0,1,0,0,0,1,0,0,1,4.74808E+20,5.95524E+21,8.618E+15,5.37452E+16
13152,3.17042E+18,3,4,58,9,2017,4,10,3,2,1,7,0,1,0,0,1,0,0,4.49873E+20,5.88143E+21,8.25167E+15,5.308E+16
13153,3.17042E+18,3,4,57,11,2017,4,18,2,3,5,3,0,0,0,0,1,0,1,4.07072E+20,5.90481E+21,7.60608E+15,5.32844E+16
13154,3.17041E+18,3,2,41,9,2017,4,22,1,2,2,6,0,1,0,1,0,2,0,5.56275E+20,5.79554E+21,9.8254E+15,5.23073E+16
13155,3.17041E+18,3,2,41,1,2017,4,18,1,3,6,2,0,1,1,0,0,0,0,5.45074E+20,5.80407E+21,9.66228E+15,5.23851E+16
13156,3.17041E+18,3,2,41,7,2017,4,14,1,2,5,3,1,0,0,1,0,0,0,5.48606E+20,5.79452E+21,9.71279E+15,5.22989E+16
13157,3.17042E+18,3,4,5,0,2017,4,11,6,2,6,7,0,1,1,0,0,0,0,4.42031E+20,5.93122E+21,8.12552E+15,5.35267E+16
13158,3.17041E+18,3,2,41,1,2017,4,5,1,3,3,6,0,1,0,0,0,2,0,5.55597E+20,5.80897E+21,9.81768E+15,5.24281E+16
13159,3.17041E+18,3,1,55,12,2017,4,15,1,2,8,1,0,0,0,1,0,0,0,5.42469E+20,5.73018E+21,9.61481E+15,5.1721E+16
13160,3.17042E+18,3,4,5,0,2017,4,9,6,3,5,3,1,1,0,0,0,0,0,4.40587E+20,5.93674E+21,8.1027E+15,5.35761E+16
13161,3.17041E+18,3,1,55,13,2017,4,3,1,3,8,1,0,1,0,0,0,2,0,5.56154E+20,5.74181E+21,9.81479E+15,5.18243E+16
13162,3.17041E+18,3,2,56,16,2017,4,15,1,2,2,6,0,1,0,0,0,0,0,5.18291E+20,5.82711E+21,9.27002E+15,5.25937E+16
13163,3.17042E+18,3,3,61,8,2017,4,20,6,1,9,1,0,1,0,0,0,1,0,5.1014E+20,5.87691E+21,9.15124E+15,5.30416E+16
13164,3.17041E+18,3,2,55,25,2017,4,15,1,2,8,1,0,0,0,1,0,0,0,5.40691E+20,5.75575E+21,9.59209E+15,5.1951E+16
13165,3.17041E+18,3,2,55,5,2017,4,14,1,3,4,6,0,0,0,1,0,0,0,5.29875E+20,5.75209E+21,9.43439E+15,5.19188E+16
13166,3.17042E+18,3,4,61,7,2017,4,10,3,3,5,3,0,1,0,0,0,0,0,4.65314E+20,5.92669E+21,8.47723E+15,5.3488E+16
13167,3.17041E+18,3,2,52,2,2017,4,12,1,3,2,6,0,0,0,1,0,0,0,5.28976E+20,5.77746E+21,9.42347E+15,5.21469E+16
13168,3.17042E+18,3,3,58,22,2017,4,6,6,3,2,7,0,1,0,0,1,0,0,5.29904E+20,5.86008E+21,9.44446E+15,5.28896E+16
13169,3.17042E+18,3,4,58,14,2017,4,16,3,3,2,6,0,1,0,0,1,0,0,4.60609E+20,5.86063E+21,8.41447E+15,5.28939E+16