OBJECTID,UIDENTSTLA,ULAND,UREGBEZ,UKREIS,UGEMEINDE,UJAHR,UMONAT,USTUNDE,UWOCHENTAG,UKATEGORIE,UART,UTYP1,IstRad,IstPKW,IstFuss,IstKrad,IstSonstig,LICHT,STRZUSTAND,LINREFX,LINREFY,XGCSWGS84,YGCSWGS84
13170,3.17042E+18,3,4,58,14,2017,4,16,6,3,5,3,0,1,0,0,0,0,0,4.612E+20,5.85411E+21,8.42404E+15,5.28353E+16
13171,3.17042E+18,3,3,52,62,2017,4,12,3,3,2,6,0,1,0,0,0,0,0,4.88047E+20,5.94108E+21,8.8193E+15,5.36184E+16
13172,3.17042E+18,3,3,52,8,2017,4,8,3,3,9,7,0,1,0,0,0,0,1,4.9806E+20,5.95141E+21,8.97061E+15,5.37113E+16
13173,3.17041E+18,3,2,52,7,2017,4,14,1,3,0,2,0,1,0,0,0,0,0,5.17069E+20,5.78236E+21,9.24971E+15,5.21914E+16
13174,3.17042E+18,3,3,52,55,2017,4,21,6,3,5,3,0,1,0,0,0,2,1,4.85939E+20,5.95453E+21,8.78681E+15,5.37392E+16
13175,3.17042E+18,3,3,52,11,2017,4,12,3,3,9,1,0,0,0,1,0,0,0,4.80609E+20,5.96765E+21,8.70519E+15,5.3857E+16
13176,3.17041E+18,3,1,54,27,2017,4,14,1,3,5,2,0,1,0,0,0,0,0,6.31831E+20,5.77287E+21,1.09243E+16,5.20907E+16
13177,3.17042E+18,3,3,58,14,2017,4,12,3,3,5,3,0,1,0,0,1,2,0,5.39206E+20,5.84658E+21,9.58109E+15,5.27677E+16
13178,3.17041E+18,3,1,58,2,2017,4,17,1,3,2,6,0,1,0,1,0,0,0,5.84503E+20,5.77161E+21,1.02334E+16,5.20886E+16
13179,3.17041E+18,3,1,57,6,2017,4,18,1,3,9,7,0,1,0,0,0,0,0,5.85034E+20,5.80172E+21,1.02487E+16,5.23592E+16
13180,3.17041E+18,3,1,2,0,2017,4,14,1,3,3,5,0,1,0,0,0,0,0,5.90941E+20,5.7797E+21,1.03295E+16,5.21603E+16
13181,3.17041E+18,3,1,2,0,2017,4,12,1,3,2,6,1,1,0,1,0,0,0,5.87921E+20,5.78049E+21,1.02855E+16,5.21679E+16
13182,3.17041E+18,3,1,53,12,2017,4,14,1,3,2,2,0,1,0,1,0,0,0,5.79751E+20,5.74991E+21,1.0159E+16,5.18942E+16
13183,3.17041E+18,3,1,51,39,2017,4,2,1,3,8,1,0,1,0,0,0,2,0,6.166E+20,5.81479E+21,1.07166E+16,5.24708E+16
13184,3.17041E+18,3,4,59,33,2017,4,14,7,2,4,2,1,1,0,0,0,0,0,4.34176E+20,5.79996E+21,8.03369E+15,5.2346E+16
13185,3.17042E+18,3,3,58,22,2017,4,15,3,3,4,2,0,1,0,0,0,0,0,5.45261E+20,5.84747E+21,9.67094E+15,5.27751E+16
13186,3.17041E+18,3,4,59,14,2017,4,13,7,2,8,1,0,0,0,1,0,0,0,4.37558E+20,5.80403E+21,8.08258E+15,5.2383E+16
13187,3.17042E+18,3,3,58,23,2017,4,17,3,3,8,1,0,1,0,0,0,0,0,5.6665E+20,5.86552E+21,9.99167E+15,5.29352E+16
13188,3.17042E+18,3,3,51,6,2017,4,17,7,3,2,6,0,1,0,1,0,0,0,5.75234E+20,5.83222E+21,1.01117E+16,5.26347E+16
13189,3.17041E+18,3,4,57,14,2017,4,19,7,3,5,2,0,1,0,0,0,0,0,3.98663E+20,5.90967E+21,7.47844E+15,5.33265E+16
13190,3.17042E+18,3,3,57,8,2017,4,15,3,1,8,1,0,1,0,0,0,0,0,5.13031E+20,5.92427E+21,9.1963E+15,5.34673E+16
13191,3.17042E+18,3,4,4,0,2017,4,18,7,2,0,1,1,0,0,0,0,0,0,4.38553E+20,5.78953E+21,8.09985E+15,5.22527E+16
13192,3.17042E+18,3,3,55,4,2017,4,11,3,2,4,6,1,0,0,0,0,0,0,5.93008E+20,5.90485E+21,1.03951E+16,5.32847E+16
13193,3.17042E+18,3,3,55,5,2017,4,10,3,3,5,3,1,1,0,0,0,0,0,6.01909E+20,5.89885E+21,1.05267E+16,5.32291E+16
13194,3.17042E+18,3,3,57,41,2017,4,21,1,3,2,6,0,1,0,0,1,1,0,5.30946E+20,5.88908E+21,9.46274E+15,5.31502E+16
13195,3.17041E+18,3,4,54,32,2017,4,15,7,3,4,6,1,0,0,0,0,0,0,3.86432E+20,5.82049E+21,7.32609E+15,5.25226E+16
13196,3.17042E+18,3,3,51,26,2017,4,17,3,3,5,3,0,1,0,0,0,0,0,5.71304E+20,5.85232E+21,1.0058E+16,5.2816E+16
13197,3.17042E+18,3,3,51,6,2017,4,1,3,3,5,2,0,1,0,0,0,2,1,5.76544E+20,5.83519E+21,1.01318E+16,5.26613E+16
13198,3.17042E+18,3,1,53,17,2017,4,16,2,3,2,2,0,1,0,0,1,0,0,6.00646E+20,5.75227E+21,1.04632E+16,5.19121E+16
13199,3.17042E+18,3,2,41,1,2017,4,15,3,3,2,6,0,1,0,0,0,0,1,5.47406E+20,5.8035E+21,9.69645E+15,5.23797E+16
13200,3.17042E+18,3,2,41,1,2017,4,15,2,3,6,4,0,1,1,0,0,0,0,5.56711E+20,5.80434E+21,9.83328E+15,5.23864E+16
13201,3.17042E+18,3,2,41,2,2017,4,15,3,3,8,1,0,1,0,0,0,0,0,5.29782E+20,5.79792E+21,9.43705E+15,5.23308E+16
13202,3.17042E+18,3,2,41,19,2017,4,11,3,3,9,1,0,1,0,0,0,0,1,5.49453E+20,5.82098E+21,9.72912E+15,5.25366E+16
13203,3.17041E+18,3,4,52,19,2017,4,15,7,3,5,3,0,1,0,0,0,0,0,3.8028E+20,5.93953E+21,7.1912E+15,5.35909E+16
13204,3.17041E+18,3,4,52,25,2017,4,13,7,3,5,3,1,1,0,0,0,0,0,4.1634E+20,5.91953E+21,7.74118E+15,5.34182E+16
13205,3.17042E+18,3,1,55,3,2017,4,0,3,3,9,1,0,1,0,0,0,2,0,5.5279E+20,5.73706E+21,9.76526E+15,5.17819E+16
13206,3.17041E+18,3,4,52,1,2017,4,16,7,3,5,3,1,0,0,0,1,0,0,4.00079E+20,5.92536E+21,7.49473E+15,5.34678E+16
13207,3.17042E+18,3,1,55,7,2017,4,16,3,3,8,7,0,1,0,0,0,0,0,5.78687E+20,5.72744E+21,1.01384E+16,5.16924E+16
13208,3.17041E+18,3,4,52,12,2017,4,6,7,2,8,1,0,1,0,0,0,1,0,3.98345E+20,5.91585E+21,7.47169E+15,5.33819E+16
13209,3.17042E+18,3,3,59,33,2017,4,17,6,3,5,3,0,1,0,0,0,0,0,5.39904E+20,5.93017E+21,9.60185E+15,5.35189E+16
13210,3.17041E+18,3,4,53,1,2017,4,4,7,2,8,1,0,1,0,0,0,2,1,4.21815E+20,5.88419E+21,7.83222E+15,5.31014E+16
13211,3.17041E+18,3,4,60,1,2017,4,12,7,3,5,3,0,1,0,0,0,0,0,4.41315E+20,5.84031E+21,8.13136E+15,5.27095E+16
13212,3.17042E+18,3,3,59,27,2017,4,19,6,2,3,6,0,1,0,0,0,0,0,5.395E+20,5.92966E+21,9.59569E+15,5.35144E+16
13213,3.17041E+18,3,4,53,6,2017,4,4,7,3,9,1,0,1,0,0,0,2,1,4.33852E+20,5.84475E+21,8.02002E+15,5.27486E+16
13214,3.17042E+18,3,3,58,2,2017,4,20,6,3,5,3,0,1,0,0,1,2,1,5.69984E+20,5.88284E+21,1.0045E+16,5.30904E+16
13215,3.17041E+18,3,4,53,3,2017,4,7,7,3,8,1,0,1,0,0,0,1,1,4.33036E+20,5.84854E+21,8.00715E+15,5.27825E+16
13216,3.17041E+18,3,3,61,1,2017,4,14,7,2,8,1,0,1,0,0,0,0,0,4.96379E+20,5.87322E+21,8.94604E+15,5.30085E+16
13217,3.17042E+18,3,2,57,31,2017,4,17,3,3,0,7,0,1,0,0,0,0,0,5.02869E+20,5.77938E+21,9.04195E+15,5.21649E+16
13218,3.17042E+18,3,4,52,23,2017,4,14,2,3,5,3,1,1,0,0,0,0,0,3.93483E+20,5.92645E+21,7.39503E+15,5.34762E+16
13219,3.17041E+18,3,3,61,5,2017,4,15,7,2,8,1,0,0,0,1,0,0,0,5.30684E+20,5.86753E+21,9.45676E+15,5.29565E+16
13220,3.17042E+18,3,1,59,29,2017,4,12,3,2,5,3,0,1,0,0,0,0,1,5.63173E+20,5.70711E+21,9.91035E+15,5.15116E+16
13221,3.17043E+18,3,1,51,5,2017,4,7,3,2,9,1,0,1,0,0,0,0,1,6.29656E+20,5.82649E+21,1.09133E+16,5.2573E+16
13222,3.17042E+18,3,1,59,16,2017,4,8,3,3,9,1,0,1,0,0,0,0,1,5.65272E+20,5.70806E+21,9.94077E+15,5.15198E+16
13223,3.17042E+18,3,1,3,0,2017,4,15,3,3,2,6,0,1,0,0,0,0,0,6.18009E+20,5.8095E+21,1.07354E+16,5.2423E+16
13224,3.17042E+18,3,1,57,5,2017,4,11,3,3,5,3,0,1,0,0,0,0,1,5.90692E+20,5.78334E+21,1.03268E+16,5.21931E+16
13225,3.17041E+18,3,4,51,2,2017,4,0,7,3,8,7,0,1,0,0,0,2,0,4.33659E+20,5.90035E+21,8.00573E+15,5.32482E+16
13226,3.17042E+18,3,1,57,7,2017,4,7,3,3,9,1,0,1,0,0,0,0,2,5.89218E+20,5.78939E+21,1.03068E+16,5.22477E+16
13227,3.17041E+18,3,4,3,0,2017,4,12,7,3,2,6,0,1,0,0,0,0,0,4.50089E+20,5.88612E+21,8.25418E+15,5.31222E+16
13228,3.17042E+18,3,1,57,1,2017,4,5,3,2,8,1,0,1,0,0,0,1,1,5.87521E+20,5.81067E+21,1.02875E+16,5.24392E+16
13229,3.17042E+18,3,3,53,19,2017,4,8,6,3,2,6,0,1,0,0,0,0,0,5.47849E+20,5.91268E+21,9.71901E+15,5.33611E+16
13230,3.17041E+18,3,4,1,0,2017,4,10,7,3,2,6,0,1,0,0,0,0,0,4.77164E+20,5.87576E+21,8.65949E+15,5.30309E+16
13231,3.17042E+18,3,3,51,4,2017,4,3,6,2,9,1,0,1,0,0,0,2,0,5.65523E+20,5.84955E+21,9.97169E+15,5.27918E+16
13232,3.17041E+18,3,3,52,11,2017,4,15,7,3,5,3,0,1,0,0,0,0,0,4.78128E+20,5.96412E+21,8.66771E+15,5.38251E+16
13233,3.17041E+18,3,3,53,29,2017,4,20,7,3,2,6,0,1,0,0,0,2,0,5.58999E+20,5.91645E+21,9.88724E+15,5.33938E+16
13234,3.17042E+18,3,2,41,5,2017,4,9,6,3,2,6,0,1,0,0,0,0,0,5.42018E+20,5.80892E+21,9.61798E+15,5.24288E+16
13235,3.17041E+18,3,3,59,10,2017,4,16,7,3,5,7,1,1,0,0,0,0,0,5.4482E+20,5.92472E+21,9.6752E+15,5.34696E+16
13236,3.17042E+18,3,2,41,1,2017,4,17,6,3,2,6,0,1,0,0,0,0,0,5.49884E+20,5.80885E+21,9.73365E+15,5.24275E+16
13237,3.17041E+18,3,3,58,21,2017,4,21,7,3,2,6,0,1,0,0,0,2,0,5.59567E+20,5.86765E+21,9.8867E+15,5.29552E+16
13238,3.17042E+18,3,1,2,0,2017,4,9,3,2,5,3,0,1,0,0,1,0,1,5.98331E+20,5.78069E+21,1.04378E+16,5.21679E+16
13239,3.17042E+18,3,1,2,0,2017,4,5,3,3,5,3,0,1,0,0,0,1,1,5.98365E+20,5.7807E+21,1.04383E+16,5.2168E+16
13240,3.17042E+18,3,1,53,504,2017,4,6,3,3,9,1,0,1,0,0,0,0,2,6.03508E+20,5.73598E+21,1.05E+16,5.17651E+16
13241,3.17042E+18,3,1,57,8,2017,4,5,3,2,2,6,0,1,0,0,1,1,2,5.89563E+20,5.79935E+21,1.03145E+16,5.23371E+16
13242,3.17042E+18,3,1,59,19,2017,4,16,6,3,2,6,0,1,0,0,0,0,0,5.92263E+20,5.72375E+21,1.03338E+16,5.16572E+16
13243,3.17042E+18,3,4,59,19,2017,4,18,2,3,9,1,0,1,0,0,0,0,1,4.38426E+20,5.78634E+21,8.09856E+15,5.22241E+16
13244,3.17041E+18,3,3,60,1,2017,4,15,7,3,9,1,0,1,0,0,0,0,0,6.10752E+20,5.88966E+21,1.06559E+16,5.31448E+16
13245,3.17042E+18,3,1,55,11,2017,4,15,6,3,8,1,0,1,0,0,0,0,0,5.73857E+20,5.7328E+21,1.00697E+16,5.17412E+16
13246,3.17042E+18,3,4,59,14,2017,4,16,2,3,2,6,0,1,0,0,0,0,1,4.34957E+20,5.812E+21,8.04282E+15,5.24543E+16
13247,3.17041E+18,3,3,55,9,2017,4,6,7,3,7,7,0,0,0,1,0,1,0,6.16226E+20,5.90417E+21,1.0743E+16,5.3274E+16
13248,3.17041E+18,3,3,51,4,2017,4,8,7,2,8,1,0,1,0,0,0,0,0,5.63204E+20,5.84875E+21,9.93715E+15,5.27848E+16
13249,3.17041E+18,3,2,41,1,2017,4,16,7,3,2,6,0,1,0,0,0,0,0,5.4912E+20,5.80338E+21,9.72161E+15,5.23785E+16
13250,3.17041E+18,3,2,41,21,2017,4,11,7,3,5,2,1,1,0,0,0,0,1,5.31804E+20,5.80828E+21,9.46771E+15,5.24238E+16
13251,3.17041E+18,3,2,41,16,2017,4,16,7,3,0,7,1,1,0,0,0,0,0,5.66002E+20,5.79655E+21,9.96825E+15,5.23153E+16
13252,3.17041E+18,3,2,41,1,2017,4,13,7,3,4,6,1,0,0,0,0,0,0,5.5008E+20,5.8058E+21,9.73608E+15,5.24001E+16
13253,3.17042E+18,3,4,59,14,2017,4,18,2,3,2,6,0,1,0,0,0,0,1,4.34329E+20,5.80625E+21,8.03471E+15,5.24025E+16
13254,3.17041E+18,3,2,41,1,2017,4,11,7,3,2,6,0,1,0,0,0,0,1,5.4837E+20,5.80643E+21,9.71103E+15,5.24059E+16
13255,3.17042E+18,3,4,59,8,2017,4,16,2,3,2,6,0,1,0,0,0,0,1,4.40417E+20,5.79541E+21,8.1261E+15,5.23058E+16
13256,3.17041E+18,3,2,41,1,2017,4,8,7,2,5,2,0,1,0,0,0,0,1,5.56718E+20,5.80434E+21,9.83339E+15,5.23864E+16
13257,3.17042E+18,3,4,54,17,2017,4,15,2,3,5,3,0,1,0,0,0,0,0,4.05446E+20,5.82544E+21,7.60483E+15,5.25708E+16
13258,3.17042E+18,3,4,62,2,2017,4,18,2,3,3,6,0,1,0,0,0,0,0,4.0853E+20,5.93891E+21,7.61803E+15,5.3591E+16
13259,3.17042E+18,3,4,53,12,2017,4,16,2,2,4,2,0,1,0,0,0,0,1,4.25315E+20,5.85843E+21,7.89044E+15,5.28704E+16
13260,3.17042E+18,3,3,52,29,2017,4,20,7,1,9,1,0,1,0,0,0,0,1,5.0568E+20,5.9412E+21,9.08586E+15,5.36196E+16
13261,3.17042E+18,3,4,51,7,2017,4,16,2,3,4,2,0,1,0,0,0,0,0,4.28737E+20,5.9008E+21,7.93188E+15,5.32517E+16
13262,3.17042E+18,3,4,51,4,2017,4,12,2,3,4,2,0,1,0,0,0,0,0,4.37587E+20,5.8827E+21,8.06805E+15,5.30901E+16
13263,3.17042E+18,3,1,55,12,2017,4,13,1,3,9,7,0,1,0,0,0,0,0,5.45163E+20,5.72301E+21,9.65288E+15,5.16563E+16
13264,3.17042E+18,3,2,51,47,2017,4,12,2,2,2,2,0,1,0,0,1,0,1,4.91436E+20,5.87135E+21,8.87241E+15,5.29917E+16
13265,3.17042E+18,3,4,51,2,2017,4,16,1,3,5,2,1,0,0,0,1,0,0,4.39897E+20,5.88846E+21,8.10145E+15,5.31421E+16
13266,3.17042E+18,3,2,51,37,2017,4,12,2,3,2,6,0,1,0,0,0,0,0,4.80739E+20,5.87307E+21,8.71296E+15,5.30069E+16
13267,3.17042E+18,3,2,51,37,2017,4,11,2,3,2,6,0,1,0,0,0,0,0,4.82624E+20,5.87359E+21,8.74102E+15,5.30116E+16
13268,3.17041E+18,3,2,54,21,2017,4,11,7,3,0,7,0,0,0,1,0,0,1,5.6406E+20,5.77833E+21,9.93631E+15,5.21517E+16
13269,3.17041E+18,3,1,58,40,2017,4,14,7,2,8,1,0,1,0,0,0,0,0,6.16976E+20,5.77328E+21,1.07077E+16,5.20977E+16
13270,3.17041E+18,3,4,60,7,2017,4,16,6,3,2,6,0,1,0,0,0,0,0,4.37007E+20,5.81606E+21,8.07221E+15,5.24911E+16
13271,3.17041E+18,3,4,60,7,2017,4,17,6,3,2,6,0,1,0,0,0,0,0,4.37008E+20,5.81604E+21,8.07223E+15,5.24909E+16
13272,3.17041E+18,3,4,59,24,2017,4,16,6,3,4,6,0,1,0,0,0,0,0,4.60642E+20,5.79039E+21,8.42331E+15,5.22625E+16
13273,3.17041E+18,3,4,59,7,2017,4,12,6,2,4,6,1,0,0,0,0,0,0,4.31085E+20,5.8324E+21,7.98161E+15,5.26372E+16
13274,3.17041E+18,3,4,4,0,2017,4,15,6,3,2,6,0,1,0,0,0,0,0,4.34555E+20,5.79178E+21,8.04085E+15,5.22725E+16
13275,3.17041E+18,3,4,4,0,2017,4,15,6,3,5,3,1,1,0,0,0,0,0,4.33645E+20,5.78721E+21,8.02841E+15,5.22313E+16
13276,3.17041E+18,3,4,4,0,2017,4,11,6,2,3,2,1,1,0,0,0,0,0,4.42139E+20,5.79089E+21,8.15214E+15,5.22653E+16
13277,3.17041E+18,3,4,4,0,2017,4,9,6,3,3,6,0,1,0,0,1,0,0,4.35795E+20,5.7898E+21,8.0594E+15,5.22548E+16
13278,3.17041E+18,3,4,57,21,2017,4,13,6,3,5,3,1,1,0,0,0,0,0,3.89704E+20,5.89214E+21,7.35006E+15,5.31672E+16
13279,3.17042E+18,3,3,52,62,2017,4,13,2,3,5,3,0,1,0,0,0,0,0,4.83633E+20,5.94516E+21,8.75236E+15,5.36549E+16
13280,3.17041E+18,3,4,57,13,2017,4,11,6,3,2,6,0,1,0,0,0,0,0,3.98588E+20,5.89958E+21,7.48054E+15,5.32358E+16
13281,3.17042E+18,3,3,53,31,2017,4,15,2,3,2,6,0,1,0,0,0,0,0,5.68768E+20,5.9203E+21,1.0035E+16,5.34272E+16
13282,3.17042E+18,3,4,53,4,2017,4,22,7,3,5,3,0,1,0,0,0,2,1,4.36718E+20,5.85709E+21,8.06008E+15,5.28598E+16
13283,3.17041E+18,3,4,57,13,2017,4,11,6,3,2,6,0,1,0,0,0,0,0,3.98603E+20,5.89958E+21,7.48076E+15,5.32358E+16
13284,3.17042E+18,3,3,57,45,2017,4,14,2,3,2,6,0,1,0,0,0,0,0,5.13155E+20,5.8841E+21,9.1965E+15,5.31061E+16
13285,3.17042E+18,3,2,41,15,2017,4,1,1,2,0,1,1,0,0,0,0,2,0,5.37311E+20,5.80547E+21,9.54837E+15,5.23982E+16
13286,3.17041E+18,3,4,54,3,2017,4,16,6,3,5,2,0,1,0,0,1,0,0,3.97058E+20,5.81163E+21,7.48538E+15,5.24452E+16
13287,3.17042E+18,3,2,41,1,2017,4,18,2,3,5,2,0,1,0,0,0,1,1,5.49228E+20,5.80331E+21,9.72318E+15,5.23779E+16
13288,3.17042E+18,3,2,41,10,2017,4,14,2,2,2,2,0,1,0,1,0,0,0,5.4602E+20,5.81456E+21,9.67761E+15,5.24792E+16
13289,3.17042E+18,3,3,56,5,2017,4,13,1,3,0,7,1,0,0,0,0,0,0,4.93892E+20,5.88819E+21,8.90868E+15,5.31431E+16
13290,3.17041E+18,3,4,62,15,2017,4,8,6,3,2,6,0,1,0,0,0,0,0,4.08377E+20,5.94222E+21,7.61476E+15,5.36208E+16
13291,3.17042E+18,3,2,41,17,2017,4,15,2,2,5,3,0,1,0,0,0,0,1,5.48521E+20,5.78007E+21,9.70946E+15,5.2169E+16
13292,3.17042E+18,3,2,41,1,2017,4,7,2,3,0,2,0,1,0,0,0,0,1,5.4866E+20,5.80143E+21,9.71457E+15,5.2361E+16
13293,3.17042E+18,3,2,57,31,2017,4,16,2,3,6,4,0,0,1,0,1,0,0,5.05742E+20,5.77802E+21,9.08393E+15,5.21527E+16
13294,3.17041E+18,3,4,52,1,2017,4,9,6,3,5,3,1,1,0,0,0,0,0,4.018E+20,5.9253E+21,7.52066E+15,5.34675E+16
13295,3.17042E+18,3,2,56,22,2017,4,5,2,2,2,6,0,1,0,0,0,1,1,5.1473E+20,5.83117E+21,9.21764E+15,5.26303E+16
13296,3.17042E+18,3,4,58,14,2017,4,11,2,3,2,6,0,0,0,0,1,0,0,4.62798E+20,5.863E+21,8.44674E+15,5.29153E+16
13297,3.17042E+18,3,2,54,22,2017,4,18,2,3,2,6,0,1,0,0,0,0,0,5.79019E+20,5.77273E+21,1.01536E+16,5.20994E+16
13298,3.17042E+18,3,4,4,0,2017,4,17,2,3,0,5,1,1,0,0,0,0,1,4.35551E+20,5.79062E+21,8.05566E+15,5.22622E+16
13299,3.17042E+18,3,1,59,29,2017,4,16,2,2,4,6,1,0,0,0,0,0,0,5.60251E+20,5.7022E+21,9.86741E+15,5.14678E+16
13300,3.17041E+18,3,4,60,4,2017,4,19,6,3,3,2,0,1,0,0,0,0,0,4.62669E+20,5.84436E+21,8.44696E+15,5.27478E+16
13301,3.17041E+18,3,4,60,1,2017,4,16,6,2,5,2,0,1,0,1,0,0,0,4.41265E+20,5.84371E+21,8.13E+15,5.27401E+16
13302,3.17042E+18,3,1,55,11,2017,4,14,2,3,3,6,0,1,0,0,0,0,0,5.64173E+20,5.72657E+21,9.92832E+15,5.16864E+16
13303,3.17041E+18,3,4,60,9,2017,4,14,6,3,3,2,1,1,0,0,0,0,0,4.50119E+20,5.8483E+21,8.26044E+15,5.27822E+16
13304,3.17042E+18,3,1,59,16,2017,4,7,2,3,9,1,0,1,0,0,0,0,1,5.61312E+20,5.71328E+21,9.8846E+15,5.15673E+16
13305,3.17042E+18,3,1,55,1,2017,4,11,6,2,5,3,0,1,0,1,0,0,0,5.6975E+20,5.74684E+21,1.00131E+16,5.1868E+16
13306,3.17041E+18,3,4,53,3,2017,4,6,6,2,9,1,0,1,0,0,0,1,0,4.45515E+20,5.84779E+21,8.19228E+15,5.27771E+16
13307,3.17041E+18,3,3,61,9,2017,4,16,6,2,6,4,0,1,1,0,0,0,0,5.01156E+20,5.87889E+21,9.01725E+15,5.30595E+16
13308,3.17042E+18,3,2,56,22,2017,4,10,6,3,5,3,1,1,0,0,0,0,0,5.16548E+20,5.83481E+21,9.24468E+15,5.2663E+16
13309,3.17041E+18,3,3,61,13,2017,4,17,6,3,5,3,0,1,0,0,0,0,0,5.03271E+20,5.8685E+21,9.0487E+15,5.29661E+16
13310,3.17041E+18,3,3,61,5,2017,4,7,6,3,2,2,0,1,0,0,0,0,0,5.21823E+20,5.86583E+21,9.32474E+15,5.29417E+16
13311,3.17042E+18,3,2,54,26,2017,4,14,6,3,2,6,0,1,0,0,0,0,0,5.57749E+20,5.77902E+21,9.8442E+15,5.21587E+16
13312,3.17041E+18,3,4,3,0,2017,4,11,6,2,3,6,0,1,0,0,0,0,0,4.51416E+20,5.88565E+21,8.27407E+15,5.31181E+16
13313,3.17041E+18,3,4,51,2,2017,4,19,6,3,5,3,1,1,0,0,0,1,0,4.3775E+20,5.89206E+21,8.06866E+15,5.31743E+16
13314,3.17042E+18,3,1,54,16,2017,4,6,6,3,8,7,0,1,0,0,0,0,0,6.33266E+20,5.80086E+21,1.09562E+16,5.23418E+16
13315,3.17041E+18,3,4,61,3,2017,4,9,6,3,4,6,0,1,0,0,1,0,0,4.53709E+20,5.93498E+21,8.30112E+15,5.35617E+16
13316,3.17041E+18,3,4,61,5,2017,4,5,6,3,5,3,0,1,0,0,0,1,0,4.49363E+20,5.91539E+21,8.23867E+15,5.33852E+16
13317,3.17042E+18,3,1,58,8,2017,4,16,2,3,8,1,0,1,0,0,0,0,1,6.08018E+20,5.77769E+21,1.05784E+16,5.21392E+16
13318,3.17042E+18,3,1,3,0,2017,4,11,6,3,5,3,0,1,0,0,1,0,0,6.25688E+20,5.80796E+21,1.08477E+16,5.24074E+16
13319,3.17042E+18,3,1,57,9,2017,4,5,6,3,7,7,1,0,1,0,0,2,0,5.83736E+20,5.79292E+21,1.02275E+16,5.22803E+16
13320,3.17042E+18,3,4,4,0,2017,4,14,1,2,2,6,0,1,0,0,0,0,0,4.3175E+20,5.79449E+21,7.99919E+15,5.22965E+16
13321,3.17041E+18,3,4,61,2,2017,4,16,6,3,4,6,0,1,0,0,1,0,0,4.63268E+20,5.9122E+21,8.4481E+15,5.33577E+16
13322,3.17041E+18,3,3,52,42,2017,4,15,6,3,8,1,0,1,0,0,0,0,0,5.10009E+20,5.95457E+21,9.15174E+15,5.37397E+16
13323,3.17041E+18,3,3,53,31,2017,4,16,6,2,6,7,0,1,1,0,0,0,0,5.66957E+20,5.91976E+21,1.00076E+16,5.34226E+16
13324,3.17042E+18,3,4,57,21,2017,4,12,1,2,5,2,1,1,0,0,0,0,0,3.87489E+20,5.888E+21,7.31839E+15,5.31295E+16
13325,3.17041E+18,3,3,59,38,2017,4,9,6,3,4,6,0,1,0,0,0,0,0,5.30749E+20,5.93742E+21,9.46449E+15,5.35848E+16
13326,3.17042E+18,3,4,57,13,2017,4,4,1,2,6,6,0,1,1,0,0,2,1,3.93527E+20,5.89676E+21,7.40567E+15,5.32095E+16
13327,3.17041E+18,3,3,59,38,2017,4,7,6,3,5,3,0,1,0,0,0,0,0,5.31246E+20,5.93704E+21,9.47196E+15,5.35813E+16
13328,3.17042E+18,3,4,54,35,2017,4,9,1,2,6,4,0,1,1,0,0,0,0,3.84823E+20,5.83843E+21,7.29613E+15,5.26835E+16
13329,3.17042E+18,3,4,52,23,2017,4,5,1,2,8,1,0,1,0,0,0,1,1,3.94451E+20,5.92667E+21,7.40954E+15,5.34784E+16
13330,3.17042E+18,3,4,53,4,2017,4,21,1,3,5,3,0,1,0,0,0,1,0,4.3672E+20,5.85709E+21,8.0601E+15,5.28598E+16
13331,3.17042E+18,3,3,56,2,2017,4,14,1,3,5,3,0,1,0,0,0,0,1,5.0351E+20,5.88806E+21,9.05247E+15,5.31419E+16
13332,3.17042E+18,3,3,61,1,2017,4,12,1,2,9,1,0,1,0,0,0,0,1,5.02274E+20,5.87677E+21,9.03391E+15,5.30404E+16
13333,3.17042E+18,3,3,54,25,2017,4,15,7,3,8,7,0,1,0,0,0,0,0,6.50819E+20,5.87005E+21,1.12454E+16,5.29589E+16
13334,3.17042E+18,3,3,61,12,2017,4,17,1,3,9,1,0,1,0,0,0,0,1,5.12596E+20,5.86373E+21,9.18736E+15,5.29231E+16
13335,3.17042E+18,3,4,60,5,2017,4,13,7,3,2,6,0,1,0,0,0,0,0,4.39824E+20,5.82416E+21,8.11222E+15,5.25642E+16
13336,3.17042E+18,3,4,55,26,2017,4,9,1,2,8,1,0,1,0,0,0,0,1,4.41693E+20,5.91248E+21,8.12391E+15,5.33582E+16
13337,3.17042E+18,3,2,51,41,2017,4,19,1,3,2,6,0,1,0,0,0,0,0,4.88423E+20,5.86347E+21,8.8278E+15,5.29208E+16
13338,3.17042E+18,3,1,57,6,2017,4,20,6,3,0,2,1,1,0,0,0,2,0,5.84547E+20,5.80021E+21,1.02412E+16,5.23456E+16
13339,3.17042E+18,3,4,58,13,2017,4,14,1,3,2,6,0,1,0,0,0,0,0,4.46457E+20,5.87541E+21,8.20168E+15,5.30255E+16
13340,3.17042E+18,3,3,56,9,2017,4,14,1,3,2,6,0,1,0,0,0,0,1,4.77797E+20,5.89519E+21,8.66757E+15,5.32055E+16
13341,3.17042E+18,3,1,51,25,2017,4,22,6,3,7,7,0,1,0,0,0,2,1,6.13821E+20,5.82755E+21,1.06801E+16,5.2586E+16
13342,3.17042E+18,3,3,59,10,2017,4,14,1,3,4,6,0,1,0,0,1,0,0,5.43904E+20,5.92498E+21,9.66145E+15,5.3472E+16
13343,3.17041E+18,3,3,58,22,2017,4,13,6,3,8,7,0,1,0,0,0,0,0,5.41406E+20,5.85242E+21,9.61444E+15,5.282E+16
13344,3.17042E+18,3,1,51,25,2017,4,15,6,3,2,6,0,1,0,0,0,0,0,6.15551E+20,5.82344E+21,1.07042E+16,5.25488E+16