OBJECTID,UIDENTSTLA,ULAND,UREGBEZ,UKREIS,UGEMEINDE,UJAHR,UMONAT,USTUNDE,UWOCHENTAG,UKATEGORIE,UART,UTYP1,IstRad,IstPKW,IstFuss,IstKrad,IstSonstig,LICHT,STRZUSTAND,LINREFX,LINREFY,XGCSWGS84,YGCSWGS84
13345,3.17042E+18,3,3,59,10,2017,4,14,1,3,5,3,1,1,0,0,0,0,0,5.44038E+20,5.92264E+21,9.66314E+15,5.3451E+16
13346,3.17041E+18,3,3,58,22,2017,4,14,6,3,3,2,1,0,0,0,0,0,0,5.39757E+20,5.85711E+21,9.59054E+15,5.28623E+16
13347,3.17042E+18,3,3,58,19,2017,4,0,1,3,9,1,0,1,0,0,0,2,0,5.53744E+20,5.87996E+21,9.80207E+15,5.30664E+16
13348,3.17041E+18,3,3,58,22,2017,4,12,6,3,2,6,0,1,0,0,0,0,0,5.4482E+20,5.84756E+21,9.66443E+15,5.2776E+16
13349,3.17041E+18,3,3,57,26,2017,4,16,6,2,4,6,0,1,0,0,0,0,0,5.0522E+20,5.90229E+21,9.07827E+15,5.32698E+16
13350,3.17041E+18,3,3,57,21,2017,4,16,6,3,5,3,0,1,0,0,0,0,0,5.22318E+20,5.90735E+21,9.335E+15,5.33149E+16
13351,3.17041E+18,3,3,60,4,2017,4,7,6,3,2,6,0,1,0,0,0,0,0,5.99471E+20,5.88863E+21,1.0487E+16,5.31378E+16
13352,3.17041E+18,3,3,55,35,2017,4,12,6,2,5,2,0,1,0,0,0,0,0,5.89978E+20,5.89474E+21,1.03468E+16,5.31944E+16
13353,3.17042E+18,3,3,57,8,2017,4,3,1,3,8,1,0,1,0,0,0,2,1,5.12184E+20,5.92755E+21,9.18366E+15,5.34967E+16
13354,3.17041E+18,3,3,51,24,2017,4,17,6,2,9,1,0,1,0,0,0,0,0,5.49813E+20,5.83748E+21,9.73691E+15,5.26849E+16
13355,3.17042E+18,3,3,57,9,2017,4,4,1,3,8,1,0,1,0,0,0,2,1,5.34766E+20,5.88244E+21,9.51913E+15,5.30903E+16
13356,3.17041E+18,3,3,51,6,2017,4,8,6,3,8,1,0,1,0,0,0,0,0,5.70216E+20,5.82945E+21,1.0037E+16,5.26105E+16
13357,3.17042E+18,3,2,41,1,2017,4,16,1,3,5,2,0,1,0,0,0,0,0,5.47639E+20,5.7999E+21,9.69936E+15,5.23473E+16
13358,3.17042E+18,3,3,57,51,2017,4,22,7,2,9,1,0,0,0,1,0,2,1,5.37068E+20,5.86925E+21,9.55198E+15,5.29716E+16
13359,3.17042E+18,3,2,41,12,2017,4,5,1,2,8,1,0,1,0,0,0,1,0,5.29003E+20,5.82361E+21,9.42785E+15,5.25618E+16
13360,3.17042E+18,3,1,55,12,2017,4,16,1,2,8,1,0,1,0,0,0,0,0,5.44085E+20,5.72644E+21,9.63774E+15,5.16872E+16
13361,3.17042E+18,3,1,57,8,2017,4,7,1,3,8,1,0,1,0,0,0,0,1,5.91962E+20,5.7997E+21,1.03499E+16,5.23399E+16
13362,3.17041E+18,3,2,41,7,2017,4,7,6,3,5,3,0,1,0,1,0,0,0,5.50357E+20,5.79507E+21,9.73854E+15,5.23037E+16
13363,3.17042E+18,3,1,55,13,2017,4,22,1,2,0,1,0,1,0,0,0,1,1,5.66181E+20,5.74442E+21,9.96076E+15,5.18467E+16
13364,3.17042E+18,3,1,53,12,2017,4,13,1,3,3,6,0,1,0,0,0,0,0,5.78653E+20,5.75382E+21,1.01439E+16,5.19295E+16
13365,3.17042E+18,3,4,58,14,2017,4,10,1,2,0,1,0,0,0,1,0,0,0,4.602E+20,5.86122E+21,8.40832E+15,5.28992E+16
13366,3.17042E+18,3,2,52,5,2017,4,0,1,3,9,1,0,1,0,0,0,2,0,5.25589E+20,5.75827E+21,9.37253E+15,5.19745E+16
13367,3.17042E+18,3,1,59,16,2017,4,19,1,3,0,6,0,1,0,0,0,1,0,5.6818E+20,5.71123E+21,9.98329E+15,5.15481E+16
13368,3.17042E+18,3,1,57,6,2017,4,20,2,3,2,6,0,1,0,0,1,1,0,5.82818E+20,5.79609E+21,1.02148E+16,5.23089E+16
13369,3.17042E+18,3,1,58,38,2017,4,5,1,3,7,7,0,1,0,0,0,1,0,6.10814E+20,5.76769E+21,1.0616E+16,5.20487E+16
13370,3.17042E+18,3,3,55,40,2017,4,12,2,2,0,7,0,1,0,0,1,0,0,5.9712E+20,5.89846E+21,1.04548E+16,5.32266E+16
13371,3.17042E+18,3,1,57,6,2017,4,15,1,3,8,1,0,0,0,1,0,0,1,5.85827E+20,5.79877E+21,1.02596E+16,5.23326E+16
13372,3.17042E+18,3,4,59,14,2017,4,19,7,3,9,6,0,1,0,0,0,1,0,4.3475E+20,5.80465E+21,8.0412E+15,5.23882E+16
13373,3.17042E+18,3,4,59,24,2017,4,7,5,2,7,7,0,1,0,0,1,0,0,4.48674E+20,5.78529E+21,8.24874E+15,5.22156E+16
13374,3.17041E+18,3,2,41,15,2017,4,18,6,3,2,7,0,1,0,0,1,0,0,5.34674E+20,5.80667E+21,9.50974E+15,5.24092E+16
13375,3.17041E+18,3,1,59,2,2017,4,18,6,3,8,1,0,0,0,1,0,0,0,5.85226E+20,5.74172E+21,1.02365E+16,5.18198E+16
13376,3.17042E+18,3,4,59,24,2017,4,19,5,2,0,1,0,0,0,1,0,0,0,4.59744E+20,5.7907E+21,8.41012E+15,5.22652E+16
13377,3.17041E+18,3,2,57,35,2017,4,13,6,3,0,7,0,0,0,1,0,0,0,5.14971E+20,5.79813E+21,9.2197E+15,5.23332E+16
13378,3.17042E+18,3,4,59,19,2017,4,21,5,3,2,6,0,1,0,1,0,2,0,4.35467E+20,5.78432E+21,8.05563E+15,5.22056E+16
13379,3.17041E+18,3,2,54,29,2017,4,14,6,3,3,7,0,1,0,0,1,0,0,5.70327E+20,5.77645E+21,1.00275E+16,5.21341E+16
13380,3.17041E+18,3,1,59,16,2017,4,18,6,3,2,6,0,1,0,0,0,0,0,5.63767E+20,5.71197E+21,9.91979E+15,5.15552E+16
13381,3.17042E+18,3,4,59,8,2017,4,21,7,3,4,2,0,1,0,0,0,2,1,4.40197E+20,5.79526E+21,8.12291E+15,5.23044E+16
13382,3.17042E+18,3,4,59,9,2017,4,14,7,2,2,6,1,0,0,0,1,0,0,4.10136E+20,5.83131E+21,7.67242E+15,5.26243E+16
13383,3.17042E+18,3,4,4,0,2017,4,18,5,3,0,1,0,0,0,1,0,0,0,4.37978E+20,5.78998E+21,8.09134E+15,5.22567E+16
13384,3.17042E+18,3,4,54,6,2017,4,17,7,3,5,2,0,1,0,0,0,0,0,4.0633E+20,5.86793E+21,7.60573E+15,5.29528E+16
13385,3.17042E+18,3,4,4,0,2017,4,19,5,3,5,3,0,1,0,0,0,0,0,4.3416E+20,5.79168E+21,8.03508E+15,5.22715E+16
13386,3.17042E+18,3,4,56,15,2017,4,10,7,3,0,7,1,0,0,0,0,0,0,3.70132E+20,5.80962E+21,7.0902E+15,5.24213E+16
13387,3.17041E+18,3,1,59,16,2017,4,3,6,3,5,3,0,1,0,0,0,2,0,5.65271E+20,5.70815E+21,9.94077E+15,5.15207E+16
13388,3.17042E+18,3,4,54,18,2017,4,16,7,3,5,3,0,1,0,1,0,0,0,3.74026E+20,5.85023E+21,7.13197E+15,5.27872E+16
13389,3.17041E+18,3,1,51,17,2017,4,14,6,3,2,6,0,1,0,0,1,0,0,5.90955E+20,5.81539E+21,1.03393E+16,5.24811E+16
13390,3.17041E+18,3,1,51,13,2017,4,6,6,3,2,6,0,1,0,0,0,0,0,6.08037E+20,5.81198E+21,1.05897E+16,5.24473E+16
13391,3.17041E+18,3,1,51,25,2017,4,9,6,2,9,1,0,1,0,0,0,0,0,6.14444E+20,5.82289E+21,1.06876E+16,5.25441E+16
13392,3.17041E+18,3,4,59,8,2017,4,17,5,3,3,5,0,1,0,0,0,0,0,4.40498E+20,5.79547E+21,8.12729E+15,5.23064E+16
13393,3.17042E+18,3,4,62,5,2017,4,8,7,3,8,1,0,1,0,0,0,0,1,4.28933E+20,5.92318E+21,7.92979E+15,5.34529E+16
13394,3.17041E+18,3,4,59,12,2017,4,13,5,3,3,2,1,1,0,0,0,0,0,4.4287E+20,5.79081E+21,8.16285E+15,5.22647E+16
13395,3.17042E+18,3,4,52,3,2017,4,9,7,3,2,6,0,1,0,0,0,0,0,3.89159E+20,5.94E+21,7.32512E+15,5.35971E+16
13396,3.17041E+18,3,4,59,27,2017,4,15,5,3,9,1,0,1,0,0,0,0,0,4.21229E+20,5.80839E+21,7.84169E+15,5.242E+16
13397,3.17042E+18,3,4,53,2,2017,4,9,7,3,5,3,0,1,0,0,1,0,1,4.32673E+20,5.87248E+21,7.99681E+15,5.29977E+16
13398,3.17042E+18,3,4,53,4,2017,4,18,7,3,5,3,0,1,0,0,0,0,0,4.3475E+20,5.85346E+21,8.03158E+15,5.2827E+16
13399,3.17042E+18,3,4,53,10,2017,4,12,7,2,5,3,0,1,0,0,1,0,0,4.20785E+20,5.85788E+21,7.82328E+15,5.28648E+16
13400,3.17042E+18,3,4,55,20,2017,4,13,7,3,5,2,0,1,0,1,0,0,0,4.29021E+20,5.94665E+21,7.92579E+15,5.36638E+16
13401,3.17042E+18,3,4,3,0,2017,4,13,7,3,5,3,0,1,0,0,0,0,0,4.458E+20,5.88744E+21,8.18987E+15,5.31336E+16
13402,3.17042E+18,3,4,54,32,2017,4,10,7,3,5,3,1,1,0,0,0,0,0,3.86029E+20,5.81988E+21,7.32035E+15,5.25171E+16
13403,3.17042E+18,3,2,51,41,2017,4,11,7,3,8,1,0,1,0,0,0,0,1,4.88465E+20,5.85874E+21,8.82861E+15,5.28783E+16
13404,3.17042E+18,3,3,52,62,2017,4,18,7,2,2,2,0,1,0,0,0,1,0,4.76072E+20,5.94791E+21,8.63774E+15,5.36794E+16
13405,3.17042E+18,3,2,41,1,2017,4,19,1,3,2,6,0,1,0,0,0,0,0,5.50732E+20,5.80217E+21,9.74512E+15,5.23674E+16
13406,3.17042E+18,3,3,59,10,2017,4,15,7,3,4,6,0,1,0,0,0,0,0,5.48109E+20,5.92591E+21,9.72494E+15,5.348E+16
13407,3.17042E+18,3,4,54,18,2017,4,12,1,3,5,2,0,1,0,0,0,0,0,3.78168E+20,5.85295E+21,7.19234E+15,5.28125E+16
13408,3.17042E+18,3,3,58,22,2017,4,10,7,3,2,6,0,1,0,0,0,0,1,5.45359E+20,5.84902E+21,9.67261E+15,5.27891E+16
13409,3.17041E+18,3,4,4,0,2017,4,10,5,3,1,3,1,1,0,0,0,0,0,4.38317E+20,5.78975E+21,8.09634E+15,5.22547E+16
13410,3.17041E+18,3,4,4,0,2017,4,7,5,3,2,6,0,1,0,0,0,0,1,4.38701E+20,5.78941E+21,8.10203E+15,5.22517E+16
13411,3.17041E+18,3,4,4,0,2017,4,7,5,3,2,6,0,1,0,0,0,0,0,4.31942E+20,5.79143E+21,8.00263E+15,5.2269E+16
13412,3.17041E+18,3,4,4,0,2017,4,7,5,3,5,2,1,0,0,0,1,0,1,4.35459E+20,5.79097E+21,8.05426E+15,5.22654E+16
13413,3.17041E+18,3,4,56,20,2017,4,12,5,3,5,3,1,1,0,0,0,0,0,3.79182E+20,5.79604E+21,7.22811E+15,5.23014E+16
13414,3.17041E+18,3,4,54,35,2017,4,8,5,3,5,3,1,1,0,0,0,0,0,3.80708E+20,5.84187E+21,7.23404E+15,5.27136E+16
13415,3.17041E+18,3,4,62,3,2017,4,13,5,3,5,3,1,1,0,0,0,0,0,4.08298E+20,5.94396E+21,7.61304E+15,5.36363E+16
13416,3.17041E+18,3,4,52,19,2017,4,18,5,2,5,3,0,1,0,0,0,0,0,3.81541E+20,5.93647E+21,7.21139E+15,5.35637E+16
13417,3.17041E+18,3,4,52,19,2017,4,14,5,2,8,1,0,1,0,0,0,0,0,3.76366E+20,5.93178E+21,7.13515E+15,5.35204E+16
13418,3.17042E+18,3,4,4,0,2017,4,10,5,2,4,2,0,1,0,0,0,0,0,4.37045E+20,5.79041E+21,8.07759E+15,5.22604E+16
13419,3.17041E+18,3,4,52,25,2017,4,7,5,3,5,3,1,1,0,0,0,0,0,4.15622E+20,5.91989E+21,7.73027E+15,5.34213E+16
13420,3.17042E+18,3,4,57,20,2017,4,11,5,3,3,2,0,1,0,0,1,0,0,4.19888E+20,5.90639E+21,7.79788E+15,5.33007E+16
13421,3.17041E+18,3,4,53,7,2017,4,13,5,3,2,6,0,1,0,0,1,0,0,4.24602E+20,5.87252E+21,7.87657E+15,5.29969E+16
13422,3.17041E+18,3,4,53,8,2017,4,19,5,2,5,3,0,1,0,0,1,0,0,4.33429E+20,5.86762E+21,8.00908E+15,5.29541E+16
13423,3.17041E+18,3,3,56,8,2017,4,13,5,3,8,7,0,0,0,0,1,0,0,4.83857E+20,5.89135E+21,8.7585E+15,5.31712E+16
13424,3.17042E+18,3,3,57,44,2017,4,8,7,2,2,6,0,1,0,0,0,0,1,5.33676E+20,5.90343E+21,9.50507E+15,5.32791E+16
13425,3.17041E+18,3,3,61,6,2017,4,10,5,2,2,6,0,1,0,0,0,0,0,5.12189E+20,5.87219E+21,9.18162E+15,5.29991E+16
13426,3.17041E+18,3,4,3,0,2017,4,15,5,3,2,6,0,1,0,0,1,0,0,4.46508E+20,5.89028E+21,8.19997E+15,5.31592E+16
13427,3.17042E+18,3,4,54,41,2017,4,17,5,3,5,2,0,1,0,0,0,0,0,3.95364E+20,5.8832E+21,7.4376E+15,5.3088E+16
13428,3.17041E+18,3,4,51,7,2017,4,15,5,3,5,2,1,0,0,0,1,0,0,4.28113E+20,5.90149E+21,7.92237E+15,5.32578E+16
13429,3.17041E+18,3,4,51,2,2017,4,12,5,3,1,5,0,1,0,0,0,0,0,4.32108E+20,5.89411E+21,7.98383E+15,5.3192E+16
13430,3.17042E+18,3,4,54,8,2017,4,5,5,1,6,4,0,1,1,0,0,1,0,3.89097E+20,5.87002E+21,7.34859E+15,5.29683E+16
13431,3.17041E+18,3,4,3,0,2017,4,1,5,3,4,6,1,0,0,0,0,2,0,4.47485E+20,5.88885E+21,8.21482E+15,5.31465E+16
13432,3.17041E+18,3,2,51,44,2017,4,11,5,3,5,3,0,1,0,0,0,0,0,4.7209E+20,5.8222E+21,8.58839E+15,5.25492E+16
13433,3.17042E+18,3,4,54,35,2017,4,14,5,3,5,2,0,1,0,0,1,0,0,3.85303E+20,5.83286E+21,7.30516E+15,5.26336E+16
13434,3.17041E+18,3,4,61,4,2017,4,14,5,3,2,6,0,1,0,0,1,0,0,4.63594E+20,5.89832E+21,8.45458E+15,5.32329E+16
13435,3.17042E+18,3,4,54,14,2017,4,15,5,2,4,2,0,1,0,0,0,0,0,3.83595E+20,5.82916E+21,7.28124E+15,5.26E+16
13436,3.17041E+18,3,4,58,9,2017,4,20,5,3,4,7,0,1,0,0,1,1,0,4.56373E+20,5.8749E+21,8.34959E+15,5.30218E+16
13437,3.17041E+18,3,3,53,40,2017,4,15,5,2,5,3,0,1,0,0,1,0,0,5.81216E+20,5.9113E+21,1.02199E+16,5.33446E+16
13438,3.17042E+18,3,4,54,52,2017,4,13,5,3,2,6,0,1,0,0,1,0,0,3.8153E+20,5.86144E+21,7.23911E+15,5.28896E+16
13439,3.17042E+18,3,3,60,2,2017,4,15,7,3,6,7,0,1,1,0,0,0,0,6.06499E+20,5.88234E+21,1.05899E+16,5.30799E+16
13440,3.17041E+18,3,3,53,40,2017,4,18,5,3,5,3,1,1,0,0,0,0,0,5.81452E+20,5.91216E+21,1.02237E+16,5.33523E+16
13441,3.17042E+18,3,3,55,24,2017,4,12,7,3,9,7,0,1,0,0,0,0,1,5.93969E+20,5.89343E+21,1.04062E+16,5.31819E+16
13442,3.17041E+18,3,3,53,40,2017,4,16,5,3,2,6,0,1,0,0,0,0,0,5.80328E+20,5.91216E+21,1.02068E+16,5.33525E+16
13443,3.17042E+18,3,3,55,20,2017,4,12,7,3,2,6,0,1,0,0,0,0,1,5.86394E+20,5.89868E+21,1.02943E+16,5.32304E+16
13444,3.17041E+18,3,3,57,8,2017,4,8,5,2,9,1,0,1,0,0,0,0,0,5.09627E+20,5.92179E+21,9.14494E+15,5.3445E+16
13445,3.17042E+18,3,2,41,5,2017,4,12,7,3,5,3,0,1,0,0,0,0,0,5.36013E+20,5.8107E+21,9.52985E+15,5.24453E+16
13446,3.17042E+18,3,2,41,4,2017,4,22,7,3,5,3,0,1,0,0,0,2,0,5.57084E+20,5.82414E+21,9.84215E+15,5.25643E+16
13447,3.17042E+18,3,2,41,21,2017,4,4,7,3,2,6,0,1,0,0,1,2,0,5.32299E+20,5.80419E+21,9.47459E+15,5.2387E+16
13448,3.17042E+18,3,2,41,1,2017,4,10,7,3,3,6,0,1,0,0,0,0,1,5.47312E+20,5.80915E+21,9.69588E+15,5.24305E+16
13449,3.17042E+18,3,3,58,6,2017,4,17,7,3,9,1,0,0,0,1,0,0,1,5.41131E+20,5.84217E+21,9.60907E+15,5.27279E+16
13450,3.17042E+18,3,2,41,1,2017,4,4,7,2,5,3,1,1,0,0,0,2,1,5.49761E+20,5.80396E+21,9.73112E+15,5.23836E+16
13451,3.17042E+18,3,2,54,22,2017,4,21,1,3,3,6,0,1,0,0,0,2,0,5.76699E+20,5.77478E+21,1.01202E+16,5.21182E+16
13452,3.17042E+18,3,1,55,13,2017,4,3,7,3,9,1,0,1,0,0,0,2,0,5.64739E+20,5.74223E+21,9.93942E+15,5.18272E+16
13453,3.17041E+18,3,3,57,20,2017,4,0,5,2,4,6,0,1,0,0,0,2,1,5.16927E+20,5.88524E+21,9.25291E+15,5.31164E+16
13454,3.17041E+18,3,3,54,9,2017,4,21,5,3,7,7,1,0,0,0,0,2,0,6.3667E+20,5.88996E+21,1.10433E+16,5.31415E+16
13455,3.17041E+18,3,3,55,19,2017,4,13,5,3,4,6,0,1,0,0,1,0,0,6.01912E+20,5.91399E+21,1.05316E+16,5.33652E+16
13456,3.17041E+18,3,3,51,25,2017,4,17,5,3,2,6,0,1,0,0,0,0,0,5.83221E+20,5.84315E+21,1.02325E+16,5.27318E+16
13457,3.17041E+18,3,2,41,19,2017,4,15,5,3,2,6,0,1,0,0,0,0,0,5.51407E+20,5.82431E+21,9.75844E+15,5.25665E+16
13458,3.17041E+18,3,2,41,8,2017,4,17,5,3,2,2,0,1,0,0,0,0,0,5.54272E+20,5.81199E+21,9.79869E+15,5.24554E+16
13459,3.17041E+18,3,2,41,4,2017,4,8,5,3,5,3,0,1,0,0,0,0,0,5.58346E+20,5.8156E+21,9.85927E+15,5.24875E+16
13460,3.17042E+18,3,4,59,10,2017,4,14,2,3,8,1,0,1,0,0,0,0,0,4.26586E+20,5.8247E+21,7.91685E+15,5.25674E+16
13461,3.17041E+18,3,2,41,16,2017,4,16,5,2,5,3,0,1,0,1,0,0,0,5.60771E+20,5.79621E+21,9.89146E+15,5.23128E+16
13462,3.17041E+18,3,2,41,11,2017,4,20,5,3,2,6,0,1,0,0,0,2,0,5.61206E+20,5.8044E+21,9.89933E+15,5.23864E+16
13463,3.17043E+18,3,2,52,6,2017,4,15,3,2,2,6,0,1,0,0,0,0,0,5.23963E+20,5.77238E+21,9.34985E+15,5.21015E+16
13464,3.17041E+18,3,2,41,1,2017,4,11,5,3,5,3,0,1,0,0,0,0,0,5.50613E+20,5.80226E+21,9.74338E+15,5.23683E+16
13465,3.17042E+18,3,2,57,25,2017,4,15,7,3,3,2,0,1,0,0,0,0,0,5.09452E+20,5.79985E+21,9.13877E+15,5.23488E+16
13466,3.17041E+18,3,2,54,28,2017,4,13,5,2,6,4,0,1,1,0,0,0,0,5.5806E+20,5.79028E+21,9.85068E+15,5.22598E+16
13467,3.17042E+18,3,2,55,23,2017,4,14,7,3,4,6,0,0,0,1,1,0,1,5.30171E+20,5.73754E+21,9.43743E+15,5.17879E+16
13468,3.17042E+18,3,2,52,3,2017,4,8,7,2,5,3,0,1,0,0,0,0,1,5.16632E+20,5.75931E+21,9.24219E+15,5.19842E+16
13469,3.17042E+18,3,2,52,6,2017,4,17,7,3,2,6,0,1,0,0,0,0,0,5.2408E+20,5.77116E+21,9.35148E+15,5.20905E+16
13470,3.17042E+18,3,1,59,7,2017,4,12,7,3,2,6,0,1,0,0,0,0,1,5.60362E+20,5.71561E+21,9.87131E+15,5.15883E+16
13471,3.17042E+18,3,1,59,16,2017,4,1,7,3,8,1,0,1,0,0,0,2,0,5.59918E+20,5.7113E+21,9.86416E+15,5.15496E+16
13472,3.17042E+18,3,1,51,40,2017,4,5,7,2,8,1,0,1,0,0,0,2,1,6.14943E+20,5.83437E+21,1.0699E+16,5.26471E+16
13473,3.17042E+18,3,3,59,38,2017,4,10,7,2,5,3,0,1,0,0,0,0,0,5.26464E+20,5.93843E+21,9.39985E+15,5.35941E+16
13474,3.17041E+18,3,4,59,19,2017,4,22,6,2,7,1,1,0,0,0,0,2,0,4.33732E+20,5.78467E+21,8.03018E+15,5.22085E+16
13475,3.17041E+18,3,4,54,20,2017,4,11,6,3,2,6,0,1,0,0,0,0,0,3.86097E+20,5.87136E+21,7.30348E+15,5.29797E+16
13476,3.17042E+18,3,2,56,13,2017,4,13,1,2,8,7,0,1,0,0,0,0,0,5.09008E+20,5.85525E+21,9.13375E+15,5.2847E+16
13477,3.17041E+18,3,2,55,3,2017,4,17,5,3,8,1,0,0,0,1,0,0,0,5.35448E+20,5.75175E+21,9.51539E+15,5.19154E+16
13478,3.17041E+18,3,4,56,1,2017,4,2,6,3,9,1,0,1,0,0,0,2,0,3.76317E+20,5.79313E+21,7.18718E+15,5.22746E+16
13479,3.17041E+18,3,3,61,8,2017,4,7,6,1,8,7,0,1,0,0,1,0,0,5.1048E+20,5.88124E+21,9.15645E+15,5.30805E+16
13480,3.17042E+18,3,4,58,10,2017,4,19,1,3,5,2,0,1,0,0,0,0,0,4.54618E+20,5.88638E+21,8.32181E+15,5.31249E+16
13481,3.17041E+18,3,3,61,3,2017,4,6,6,2,9,7,0,1,0,0,0,1,0,5.21754E+20,5.84827E+21,9.32254E+15,5.27838E+16
13482,3.17042E+18,3,1,58,37,2017,4,7,2,3,5,3,1,1,0,0,0,0,0,6.06462E+20,5.78195E+21,1.0557E+16,5.21777E+16
13483,3.17041E+18,3,3,61,1,2017,4,3,6,2,8,7,0,1,0,0,0,2,0,4.98627E+20,5.87717E+21,8.97952E+15,5.30441E+16
13484,3.17041E+18,3,3,61,12,2017,4,3,6,3,9,7,0,1,0,0,0,2,0,5.18737E+20,5.865E+21,9.27877E+15,5.29343E+16
13485,3.17041E+18,3,2,52,7,2017,4,11,5,3,5,3,0,1,0,0,1,0,0,5.17267E+20,5.77962E+21,9.25247E+15,5.21668E+16
13486,3.17041E+18,3,1,59,31,2017,4,16,5,3,8,1,1,1,0,0,0,0,0,5.49649E+20,5.70091E+21,9.71461E+15,5.14572E+16
13487,3.17041E+18,3,1,55,6,2017,4,13,5,2,8,1,0,1,0,0,0,0,0,5.76853E+20,5.74292E+21,1.01153E+16,5.18318E+16
13488,3.17041E+18,3,1,54,13,2017,4,8,5,3,5,3,0,1,0,0,0,0,0,6.2384E+20,5.79734E+21,1.08167E+16,5.23124E+16
13489,3.17041E+18,3,1,58,30,2017,4,7,5,3,9,1,0,1,0,0,0,0,1,6.1096E+20,5.78487E+21,1.06237E+16,5.22031E+16
13490,3.17041E+18,3,1,58,37,2017,4,14,5,3,2,1,1,0,0,0,0,0,0,6.05444E+20,5.78097E+21,1.05418E+16,5.21691E+16
13491,3.17041E+18,3,1,2,0,2017,4,16,5,3,0,6,0,1,0,1,0,0,0,5.91462E+20,5.77744E+21,1.03365E+16,5.21399E+16
13492,3.17041E+18,3,1,2,0,2017,4,10,5,3,4,2,0,1,0,0,0,0,0,5.92547E+20,5.77922E+21,1.03528E+16,5.21557E+16
13493,3.17042E+18,3,4,54,45,2017,4,16,5,2,5,3,0,1,0,1,0,0,0,3.86149E+20,5.79858E+21,7.32937E+15,5.23258E+16
13494,3.17041E+18,3,4,59,27,2017,4,5,4,3,8,1,0,1,0,0,0,2,0,4.19548E+20,5.80403E+21,7.81802E+15,5.23806E+16
13495,3.17042E+18,3,4,54,32,2017,4,8,5,3,5,3,0,1,0,0,0,0,0,3.82183E+20,5.82306E+21,7.26257E+15,5.25449E+16
13496,3.17041E+18,3,4,57,18,2017,4,12,4,3,2,6,0,1,0,0,0,0,0,4.04063E+20,5.88928E+21,7.56563E+15,5.31442E+16
13497,3.17041E+18,3,4,54,41,2017,4,21,4,3,8,1,0,0,0,1,0,2,0,3.89932E+20,5.88396E+21,7.35627E+15,5.30937E+16
13498,3.17041E+18,3,4,51,5,2017,4,12,6,3,5,3,0,1,0,1,0,0,0,4.4673E+20,5.89878E+21,8.20187E+15,5.32356E+16
13499,3.17041E+18,3,2,51,47,2017,4,16,6,3,8,7,0,1,0,0,0,0,0,4.93275E+20,5.87218E+21,8.8998E+15,5.29992E+16
13500,3.17041E+18,3,4,54,32,2017,4,13,4,3,2,2,0,1,0,0,0,0,0,3.84917E+20,5.82173E+21,7.30333E+15,5.25335E+16
13501,3.17041E+18,3,2,51,41,2017,4,21,6,3,5,3,0,1,0,0,0,2,0,4.88175E+20,5.86625E+21,8.82402E+15,5.29458E+16
13502,3.17041E+18,3,4,61,3,2017,4,11,6,3,4,6,0,1,0,0,1,0,0,4.62683E+20,5.93292E+21,8.43685E+15,5.35439E+16
13503,3.17041E+18,3,3,52,60,2017,4,4,6,3,9,1,0,1,0,0,0,2,0,4.68836E+20,5.91709E+21,8.53127E+15,5.34019E+16
13504,3.17041E+18,3,3,59,10,2017,4,18,6,3,5,3,1,1,0,0,0,0,1,5.4631E+20,5.92592E+21,9.69783E+15,5.34802E+16
13505,3.17041E+18,3,3,58,5,2017,4,13,6,3,2,6,0,1,0,0,0,0,0,5.46941E+20,5.83602E+21,9.69422E+15,5.26721E+16
13506,3.17041E+18,3,3,53,18,2017,4,10,6,3,2,6,0,1,0,0,0,0,0,5.39056E+20,5.90829E+21,9.58635E+15,5.33224E+16
13507,3.17041E+18,3,3,60,25,2017,4,15,6,3,0,1,0,1,0,0,0,0,0,6.01965E+20,5.86293E+21,1.05161E+16,5.29064E+16
13508,3.17041E+18,3,3,55,22,2017,4,11,6,2,9,7,0,1,0,0,0,0,0,5.90729E+20,5.89763E+21,1.03589E+16,5.32202E+16
13509,3.17041E+18,3,3,51,4,2017,4,12,6,3,5,2,0,1,0,1,0,0,0,5.65326E+20,5.85046E+21,9.96895E+15,5.28E+16
13510,3.17041E+18,3,4,52,23,2017,4,5,4,3,2,1,0,1,0,0,0,2,1,3.91694E+20,5.92667E+21,7.36801E+15,5.34778E+16
13511,3.17041E+18,3,4,53,7,2017,4,7,4,3,5,3,0,1,0,1,0,0,0,4.15785E+20,5.87066E+21,7.74571E+15,5.29789E+16
13512,3.17041E+18,3,4,53,10,2017,4,7,4,3,5,3,0,1,0,0,0,1,1,4.18836E+20,5.85429E+21,7.79524E+15,5.28323E+16
13513,3.17042E+18,3,4,52,6,2017,4,14,5,3,1,1,0,1,0,0,1,0,0,4.05113E+20,5.91688E+21,7.5731E+15,5.33925E+16
13514,3.17041E+18,3,2,41,21,2017,4,12,6,3,2,7,0,1,0,0,1,0,0,5.31346E+20,5.80316E+21,9.46049E+15,5.23778E+16
13515,3.17042E+18,3,4,52,1,2017,4,11,5,3,2,6,0,1,0,0,0,0,0,4.0085E+20,5.92288E+21,7.50712E+15,5.34456E+16
13516,3.17041E+18,3,2,41,19,2017,4,9,6,3,2,6,0,1,0,0,0,0,0,5.51503E+20,5.82665E+21,9.76021E+15,5.25875E+16
13517,3.17041E+18,3,4,53,8,2017,4,16,4,3,5,3,1,1,0,0,0,0,0,4.32872E+20,5.86049E+21,8.00227E+15,5.28899E+16
13518,3.17041E+18,3,4,55,27,2017,4,10,4,2,5,3,1,1,0,0,0,0,0,4.31813E+20,5.91836E+21,7.97419E+15,5.34099E+16