OBJECTID,UIDENTSTLA,ULAND,UREGBEZ,UKREIS,UGEMEINDE,UJAHR,UMONAT,USTUNDE,UWOCHENTAG,UKATEGORIE,UART,UTYP1,IstRad,IstPKW,IstFuss,IstKrad,IstSonstig,LICHT,STRZUSTAND,LINREFX,LINREFY,XGCSWGS84,YGCSWGS84
13870,3.17051E+18,3,3,58,8,2017,5,10,6,3,2,2,0,1,0,0,0,0,1,5.46101E+20,5.85712E+21,9.68476E+15,5.28618E+16
13871,3.1705E+18,3,2,51,49,2017,5,14,2,3,5,3,0,1,0,1,0,0,0,4.98736E+20,5.8533E+21,8.98124E+15,5.28295E+16
13872,3.1705E+18,3,2,51,42,2017,5,4,2,2,9,1,1,0,0,0,0,2,0,4.75845E+20,5.85038E+21,8.64171E+15,5.28027E+16
13873,3.1705E+18,3,4,58,9,2017,5,14,2,3,2,6,0,1,0,0,0,0,0,4.56644E+20,5.87933E+21,8.35303E+15,5.30617E+16
13874,3.1705E+18,3,4,58,9,2017,5,13,2,3,5,2,0,1,0,1,0,0,0,4.54298E+20,5.87352E+21,8.31886E+15,5.30093E+16
13875,3.1705E+18,3,3,52,60,2017,5,6,2,3,8,1,0,1,0,0,0,0,0,4.7245E+20,5.90624E+21,8.58657E+15,5.33047E+16
13876,3.1705E+18,3,3,52,62,2017,5,14,2,2,8,1,0,0,0,1,0,0,0,4.89141E+20,5.94265E+21,8.83579E+15,5.36325E+16
13877,3.17051E+18,3,3,56,7,2017,5,13,7,3,8,1,0,1,0,0,0,0,0,4.89489E+20,5.90042E+21,8.84245E+15,5.3253E+16
13878,3.17051E+18,3,4,57,17,2017,5,13,7,3,5,3,0,1,0,0,0,0,0,4.07848E+20,5.88563E+21,7.62326E+15,5.31122E+16
13879,3.1705E+18,3,3,52,22,2017,5,11,2,3,0,7,0,0,0,1,1,0,0,5.04946E+20,5.94891E+21,9.0749E+15,5.36889E+16
13880,3.17051E+18,3,1,59,16,2017,5,17,1,3,5,2,0,1,0,0,0,0,0,5.61594E+20,5.71194E+21,9.88844E+15,5.15552E+16
13881,3.1705E+18,3,3,52,11,2017,5,17,2,3,0,1,1,0,0,0,0,0,0,4.81516E+20,5.96689E+21,8.71902E+15,5.38501E+16
13882,3.1705E+18,3,1,54,10,2017,5,5,5,2,4,6,0,1,0,0,1,1,0,6.37049E+20,5.78359E+21,1.10047E+16,5.21857E+16
13883,3.17051E+18,3,2,41,16,2017,5,13,1,2,2,6,0,1,0,1,0,0,0,5.65735E+20,5.79662E+21,9.96435E+15,5.23159E+16
13884,3.1705E+18,3,3,53,5,2017,5,18,2,3,5,3,1,1,0,0,0,0,0,5.58551E+20,5.90759E+21,9.87886E+15,5.33143E+16
13885,3.1705E+18,3,1,58,6,2017,5,8,5,3,5,3,0,1,0,0,0,0,1,6.17504E+20,5.79538E+21,1.07231E+16,5.22962E+16
13886,3.17051E+18,3,3,52,22,2017,5,11,1,3,2,6,0,1,0,0,0,0,0,5.0853E+20,5.94762E+21,9.12914E+15,5.36772E+16
13887,3.1705E+18,3,3,59,7,2017,5,18,2,3,5,7,1,1,0,0,0,0,0,5.39054E+20,5.92808E+21,9.58876E+15,5.35002E+16
13888,3.1705E+18,3,1,58,37,2017,5,12,5,2,9,1,0,1,0,0,0,0,1,6.05362E+20,5.77955E+21,1.05402E+16,5.21563E+16
13889,3.17051E+18,3,4,57,14,2017,5,19,1,3,5,3,0,1,0,0,0,1,0,4.02902E+20,5.90688E+21,7.54292E+15,5.33022E+16
13890,3.1705E+18,3,3,58,21,2017,5,16,2,3,2,6,0,1,0,0,0,0,0,5.62363E+20,5.87133E+21,9.929E+15,5.29879E+16
13891,3.1705E+18,3,1,2,0,2017,5,12,5,3,4,2,0,1,0,0,0,0,1,5.88574E+20,5.77784E+21,1.02944E+16,5.2144E+16
13892,3.1705E+18,3,3,58,8,2017,5,9,2,3,3,2,1,1,0,0,0,0,0,5.46712E+20,5.85757E+21,9.69391E+15,5.28658E+16
13893,3.1705E+18,3,4,59,24,2017,5,17,4,3,2,6,0,1,0,0,0,0,0,4.55471E+20,5.7843E+21,8.34835E+15,5.22073E+16
13894,3.1705E+18,3,3,58,22,2017,5,12,2,3,6,6,0,1,1,0,0,0,0,5.39214E+20,5.86084E+21,9.58292E+15,5.28958E+16
13895,3.1705E+18,3,3,58,2,2017,5,15,2,2,5,2,0,1,0,1,0,0,0,5.66697E+20,5.88143E+21,9.99566E+15,5.30782E+16
13896,3.1705E+18,3,3,57,38,2017,5,14,2,3,8,1,0,0,0,1,0,0,0,5.08451E+20,5.90773E+21,9.12687E+15,5.33187E+16
13897,3.1705E+18,3,3,57,37,2017,5,0,2,2,2,6,0,1,0,0,0,2,0,5.14177E+20,5.88593E+21,9.21185E+15,5.31226E+16
13898,3.1705E+18,3,3,60,20,2017,5,17,2,2,0,7,0,0,0,1,0,0,0,6.181E+20,5.85926E+21,1.07546E+16,5.28701E+16
13899,3.17051E+18,3,4,57,20,2017,5,3,2,3,9,1,0,1,0,0,0,2,1,4.19888E+20,5.90639E+21,7.79788E+15,5.33007E+16
13900,3.1705E+18,3,2,41,1,2017,5,5,2,3,0,1,1,0,0,0,0,1,0,5.48891E+20,5.80212E+21,9.71807E+15,5.23672E+16
13901,3.1705E+18,3,2,41,17,2017,5,16,2,3,9,1,0,0,0,1,0,0,0,5.40317E+20,5.78476E+21,9.59007E+15,5.22118E+16
13902,3.1705E+18,3,2,41,14,2017,5,12,2,3,5,2,1,1,0,0,0,0,0,5.45222E+20,5.79638E+21,9.66342E+15,5.23159E+16
13903,3.1705E+18,3,2,41,16,2017,5,17,2,2,5,3,0,1,0,0,0,0,0,5.71686E+20,5.7957E+21,1.00514E+16,5.2307E+16
13904,3.1705E+18,3,2,41,1,2017,5,15,2,3,2,6,0,1,0,0,0,0,0,5.47718E+20,5.80915E+21,9.70184E+15,5.24305E+16
13905,3.1705E+18,3,2,54,8,2017,5,15,2,3,3,7,0,1,0,0,0,0,0,5.80748E+20,5.76609E+21,1.01773E+16,5.20396E+16
13906,3.17051E+18,3,3,51,6,2017,5,10,3,3,8,1,0,0,0,0,1,0,0,5.79489E+20,5.83142E+21,1.01744E+16,5.26269E+16
13907,3.1705E+18,3,2,54,21,2017,5,8,2,3,4,7,0,1,0,0,0,0,0,5.66077E+20,5.78177E+21,9.96646E+15,5.21824E+16
13908,3.17051E+18,3,4,3,0,2017,5,17,3,3,2,6,0,1,0,0,1,0,0,4.48023E+20,5.89147E+21,8.22243E+15,5.317E+16
13909,3.17051E+18,3,1,51,16,2017,5,19,4,3,5,3,0,1,0,0,0,0,0,6.04075E+20,5.7989E+21,1.05273E+16,5.23306E+16
13910,3.17051E+18,3,4,51,7,2017,5,7,6,3,0,7,1,0,0,0,0,0,0,4.25137E+20,5.89491E+21,7.87931E+15,5.31983E+16
13911,3.17051E+18,3,4,54,20,2017,5,19,6,2,9,1,0,1,0,0,0,1,0,3.82112E+20,5.87829E+21,7.24163E+15,5.30411E+16
13912,3.1705E+18,3,2,55,15,2017,5,18,2,3,8,1,0,1,0,0,0,0,0,5.3847E+20,5.74911E+21,9.55903E+15,5.18914E+16
13913,3.17051E+18,3,1,54,14,2017,5,17,7,2,8,1,0,1,0,0,0,0,0,6.17304E+20,5.80116E+21,1.07222E+16,5.23482E+16
13914,3.1705E+18,3,1,54,15,2017,5,16,2,3,5,3,0,1,0,1,0,0,0,6.34874E+20,5.79618E+21,1.0978E+16,5.22994E+16
13915,3.17043E+18,3,4,59,24,2017,4,17,1,3,5,3,1,1,0,0,0,0,0,4.5909E+20,5.78759E+21,8.40091E+15,5.22372E+16
13916,3.17043E+18,3,4,59,13,2017,4,18,1,3,0,4,0,0,1,0,1,0,0,4.53229E+20,5.802E+21,8.31309E+15,5.23662E+16
13917,3.17043E+18,3,4,4,0,2017,4,15,1,2,2,7,0,1,0,1,0,0,0,4.30273E+20,5.79461E+21,7.97752E+15,5.22974E+16
13918,3.17043E+18,3,4,57,10,2017,4,10,1,3,5,3,0,1,0,0,0,0,0,4.06174E+20,5.90647E+21,7.59212E+15,5.32991E+16
13919,3.17051E+18,3,2,41,2,2017,5,17,6,3,2,6,0,1,0,0,0,0,0,5.27373E+20,5.79817E+21,9.40172E+15,5.23331E+16
13920,3.17043E+18,3,4,57,20,2017,4,19,1,2,5,2,0,1,0,1,0,0,0,4.16704E+20,5.90285E+21,7.75104E+15,5.32683E+16
13921,3.17043E+18,3,4,56,2,2017,4,17,1,3,2,2,0,1,0,1,0,0,0,3.54687E+20,5.83057E+21,6.85409E+15,5.26057E+16
13922,3.17043E+18,3,4,54,18,2017,4,20,1,3,5,3,0,1,0,0,0,0,0,3.71942E+20,5.84575E+21,7.10284E+15,5.27464E+16
13923,3.17043E+18,3,4,53,2,2017,4,23,1,2,5,3,0,1,0,0,0,2,0,4.31184E+20,5.87321E+21,7.97447E+15,5.30041E+16
13924,3.17043E+18,3,4,53,8,2017,4,18,1,3,2,2,0,1,0,0,0,0,0,4.39336E+20,5.86276E+21,8.0979E+15,5.29111E+16
13925,3.17043E+18,3,4,5,0,2017,4,18,1,3,5,3,0,1,0,0,0,0,0,4.37492E+20,5.92961E+21,8.05738E+15,5.35117E+16
13926,3.17051E+18,3,1,59,16,2017,5,10,7,3,2,6,0,1,0,0,0,0,0,5.61106E+20,5.70866E+21,9.88083E+15,5.15257E+16
13927,3.17051E+18,3,3,58,7,2017,5,0,7,3,3,6,0,1,0,0,1,2,0,5.46415E+20,5.8388E+21,9.68683E+15,5.26972E+16
13928,3.17043E+18,3,4,55,26,2017,4,3,1,3,9,1,0,1,0,0,0,2,0,4.41709E+20,5.91414E+21,8.12383E+15,5.33732E+16
13929,3.17051E+18,3,4,56,1,2017,5,14,7,3,2,2,0,0,0,1,1,0,0,3.67787E+20,5.7968E+21,7.06079E+15,5.23056E+16
13930,3.17043E+18,3,4,51,7,2017,4,15,1,1,5,3,0,1,0,0,0,0,0,4.28963E+20,5.89939E+21,7.93559E+15,5.3239E+16
13931,3.1705E+18,3,4,59,19,2017,5,6,4,3,2,6,0,1,0,0,0,0,1,4.36266E+20,5.78246E+21,8.06767E+15,5.2189E+16
13932,3.17051E+18,3,1,1,0,2017,5,15,1,3,0,7,0,0,0,1,1,0,1,6.01756E+20,5.79372E+21,1.04917E+16,5.22845E+16
13933,3.17043E+18,3,2,51,41,2017,4,18,1,2,5,3,0,1,0,0,0,0,0,4.88441E+20,5.86337E+21,8.82809E+15,5.29199E+16
13934,3.1705E+18,3,4,59,29,2017,5,17,4,3,6,7,0,1,1,0,0,0,0,4.4363E+20,5.80383E+21,8.17181E+15,5.23818E+16
13935,3.17051E+18,3,2,41,1,2017,5,12,1,2,5,3,1,1,0,0,0,0,0,5.5472E+20,5.80673E+21,9.80442E+15,5.2408E+16
13936,3.17043E+18,3,2,51,7,2017,4,15,1,3,8,1,0,0,0,1,0,0,0,4.78413E+20,5.86024E+21,8.67914E+15,5.28914E+16
13937,3.17043E+18,3,4,61,3,2017,4,19,1,2,6,6,0,0,1,0,1,0,0,4.57932E+20,5.9294E+21,8.36562E+15,5.35119E+16
13938,3.1705E+18,3,4,59,14,2017,5,10,4,3,5,3,0,1,0,0,0,0,0,4.27486E+20,5.80615E+21,7.93417E+15,5.24008E+16
13939,3.17051E+18,3,3,59,38,2017,5,19,1,2,2,6,0,1,0,0,0,0,0,5.31217E+20,5.9373E+21,9.47154E+15,5.35837E+16
13940,3.17043E+18,3,4,58,14,2017,4,17,1,3,0,7,0,0,0,1,0,0,0,4.60706E+20,5.86154E+21,8.41581E+15,5.29021E+16
13941,3.1705E+18,3,4,4,0,2017,5,6,4,3,2,6,0,1,0,0,0,0,0,4.32363E+20,5.79201E+21,8.00868E+15,5.22743E+16
13942,3.17043E+18,3,4,58,10,2017,4,12,1,3,8,1,0,0,0,1,0,0,0,4.59799E+20,5.885E+21,8.3994E+15,5.31129E+16
13943,3.1705E+18,3,4,4,0,2017,5,15,4,3,2,6,0,1,0,0,0,0,0,4.30966E+20,5.78976E+21,7.98867E+15,5.22539E+16
13944,3.17051E+18,3,2,51,41,2017,5,11,2,3,2,6,0,1,0,0,1,0,1,4.8958E+20,5.86106E+21,8.8451E+15,5.28991E+16
13945,3.17051E+18,3,4,60,1,2017,5,12,2,3,2,6,0,1,0,0,1,0,0,4.47334E+20,5.84168E+21,8.22022E+15,5.27225E+16
13946,3.17051E+18,3,1,58,37,2017,5,13,6,3,2,6,0,1,0,0,0,0,0,6.03728E+20,5.78006E+21,1.05164E+16,5.21612E+16
13947,3.17043E+18,3,3,53,40,2017,4,18,1,3,9,1,0,0,0,1,0,0,0,5.85563E+20,5.90951E+21,1.02847E+16,5.33279E+16
13948,3.17043E+18,3,3,59,28,2017,4,18,1,3,5,3,1,1,0,0,0,0,0,5.45802E+20,5.93258E+21,9.69114E+15,5.35401E+16
13949,3.17043E+18,3,3,59,38,2017,4,22,1,3,8,1,0,1,0,0,0,2,0,5.32624E+20,5.93716E+21,9.49278E+15,5.35822E+16
13950,3.17043E+18,3,3,58,22,2017,4,13,1,3,2,6,0,1,0,0,0,0,0,5.45811E+20,5.85127E+21,9.67963E+15,5.28092E+16
13951,3.17043E+18,3,3,58,22,2017,4,13,1,3,2,6,0,1,0,0,0,0,0,5.45135E+20,5.84414E+21,9.66863E+15,5.27452E+16
13952,3.17043E+18,3,3,58,21,2017,4,4,1,3,8,1,0,1,0,0,0,2,1,5.55027E+20,5.86846E+21,9.81925E+15,5.2963E+16
13953,3.17051E+18,3,4,59,24,2017,5,6,3,3,2,2,0,1,0,1,0,0,0,4.60045E+20,5.78133E+21,8.41563E+15,5.2181E+16
13954,3.17051E+18,3,4,52,6,2017,5,14,6,2,4,2,0,1,0,1,0,0,0,4.11227E+20,5.91237E+21,7.66627E+15,5.3353E+16
13955,3.17051E+18,3,1,2,0,2017,5,0,7,3,2,6,0,1,0,0,0,2,0,5.92009E+20,5.78087E+21,1.03454E+16,5.21706E+16
13956,3.17043E+18,3,3,57,8,2017,4,10,1,3,5,2,1,1,0,0,0,0,0,5.10537E+20,5.926E+21,9.15879E+15,5.34829E+16
13957,3.17051E+18,3,2,41,21,2017,5,12,7,3,2,6,0,1,0,0,0,0,0,5.32001E+20,5.80383E+21,9.47018E+15,5.23838E+16
13958,3.17043E+18,3,3,54,8,2017,4,16,1,2,0,2,0,1,0,1,0,0,0,6.4857E+20,5.88906E+21,1.12207E+16,5.31302E+16
13959,3.1705E+18,3,4,4,0,2017,5,14,4,3,3,2,1,1,0,0,0,0,0,4.35488E+20,5.79087E+21,8.05469E+15,5.22644E+16
13960,3.17051E+18,3,4,53,5,2017,5,11,7,3,2,6,0,1,0,0,0,0,0,4.47216E+20,5.85146E+21,8.21689E+15,5.28104E+16
13961,3.17043E+18,3,3,55,8,2017,4,22,1,3,6,6,0,1,1,0,0,2,0,5.8755E+20,5.8863E+21,1.03082E+16,5.3119E+16
13962,3.1705E+18,3,4,56,2,2017,5,15,4,2,0,1,1,0,0,0,0,0,0,3.53862E+20,5.83067E+21,6.84187E+15,5.26063E+16
13963,3.17051E+18,3,4,2,0,2017,5,23,7,3,4,2,0,1,0,0,0,2,0,3.81874E+20,5.91175E+21,7.2257E+15,5.33417E+16
13964,3.17043E+18,3,2,41,1,2017,4,22,1,3,9,1,0,1,0,0,0,2,0,5.48511E+20,5.80824E+21,9.71338E+15,5.24222E+16
13965,3.17043E+18,3,2,41,7,2017,4,15,1,3,0,1,0,0,0,1,0,0,0,5.49127E+20,5.79651E+21,9.72072E+15,5.23167E+16
13966,3.1705E+18,3,4,56,15,2017,5,13,4,3,2,2,0,1,0,0,0,0,0,3.6732E+20,5.81328E+21,7.04742E+15,5.24536E+16
13967,3.17051E+18,3,2,55,5,2017,5,15,1,3,0,1,0,0,0,1,0,0,0,5.2972E+20,5.75228E+21,9.43215E+15,5.19205E+16
13968,3.17043E+18,3,2,41,12,2017,4,17,1,2,8,1,0,0,0,1,0,0,0,5.41013E+20,5.83268E+21,9.60614E+15,5.26426E+16
13969,3.17043E+18,3,2,41,9,2017,4,9,1,2,5,2,0,1,0,1,0,0,0,5.56218E+20,5.79311E+21,9.82416E+15,5.22855E+16
13970,3.1705E+18,3,4,54,19,2017,5,21,4,3,0,7,1,0,0,0,0,1,0,4.00621E+20,5.83847E+21,7.52973E+15,5.2687E+16
13971,3.17043E+18,3,2,41,15,2017,4,6,1,2,9,1,0,1,0,0,0,0,0,5.39175E+20,5.80478E+21,9.57569E+15,5.23919E+16
13972,3.1705E+18,3,4,54,20,2017,5,19,4,3,3,6,0,1,0,0,1,0,0,3.82638E+20,5.87389E+21,7.25107E+15,5.30017E+16
13973,3.17043E+18,3,2,56,25,2017,4,16,1,1,8,1,0,0,0,1,0,0,0,5.09515E+20,5.81054E+21,9.13999E+15,5.2445E+16
13974,3.17043E+18,3,2,56,32,2017,4,18,1,3,0,1,1,0,0,0,0,0,0,5.00133E+20,5.81637E+21,9.00196E+15,5.24974E+16
13975,3.17043E+18,3,2,57,25,2017,4,3,1,3,8,1,0,1,0,0,0,2,0,5.11875E+20,5.80067E+21,9.17436E+15,5.23562E+16
13976,3.17051E+18,3,2,41,19,2017,5,11,2,3,1,5,0,1,0,0,1,0,1,5.40675E+20,5.82521E+21,9.60022E+15,5.25754E+16
13977,3.17043E+18,3,2,56,21,2017,4,11,1,2,0,1,0,0,0,1,0,0,0,5.1004E+20,5.83336E+21,9.1484E+15,5.26501E+16
13978,3.17051E+18,3,4,58,3,2017,5,16,2,3,8,1,0,1,0,0,0,0,0,4.57475E+20,5.86553E+21,8.36726E+15,5.29377E+16
13979,3.17051E+18,3,3,56,7,2017,5,11,2,3,4,6,0,1,0,0,1,0,1,4.85506E+20,5.89784E+21,8.78287E+15,5.32296E+16
13980,3.1705E+18,3,4,5,0,2017,5,18,5,3,5,3,1,1,0,0,0,0,1,4.40114E+20,5.93146E+21,8.09656E+15,5.35287E+16
13981,3.1705E+18,3,4,59,19,2017,5,5,5,3,5,3,0,1,0,1,0,0,0,4.3546E+20,5.78432E+21,8.05553E+15,5.22056E+16
13982,3.17043E+18,3,2,56,22,2017,4,22,1,3,9,7,0,1,0,0,0,2,0,5.16028E+20,5.83261E+21,9.23688E+15,5.26432E+16
13983,3.1705E+18,3,4,62,5,2017,5,17,4,3,2,2,0,1,0,0,0,0,0,4.29836E+20,5.92369E+21,7.94328E+15,5.34575E+16
13984,3.17043E+18,3,2,54,8,2017,4,15,1,3,8,1,0,0,0,1,0,0,0,5.76496E+20,5.7676E+21,1.01156E+16,5.20538E+16
13985,3.1705E+18,3,4,60,5,2017,5,13,4,3,5,3,1,1,0,0,0,0,0,4.40958E+20,5.82586E+21,8.12865E+15,5.25796E+16
13986,3.17043E+18,3,2,54,21,2017,4,18,1,3,4,2,0,1,0,0,0,0,0,5.68237E+20,5.77783E+21,9.99725E+15,5.21467E+16
13987,3.17043E+18,3,2,55,13,2017,4,20,1,3,8,1,0,0,0,1,0,0,0,5.43897E+20,5.75749E+21,9.63896E+15,5.19664E+16
13988,3.17043E+18,3,2,55,5,2017,4,13,1,2,2,2,0,0,0,1,0,0,0,5.29938E+20,5.75139E+21,9.43524E+15,5.19125E+16
13989,3.17043E+18,3,2,52,8,2017,4,10,1,3,0,7,0,1,1,0,0,0,0,5.43894E+20,5.76412E+21,9.63975E+15,5.2026E+16
13990,3.17043E+18,3,1,59,9,2017,4,14,1,3,8,6,0,1,0,1,0,0,0,5.49648E+20,5.70797E+21,9.71558E+15,5.15207E+16
13991,3.17051E+18,3,4,5,0,2017,5,17,2,2,2,6,0,1,0,0,0,0,0,4.37324E+20,5.93118E+21,8.05453E+15,5.35258E+16
13992,3.17043E+18,3,1,59,14,2017,4,17,1,3,2,6,0,1,0,0,0,0,0,5.84288E+20,5.71897E+21,1.02174E+16,5.16155E+16
13993,3.17043E+18,3,1,59,10,2017,4,15,1,2,5,3,0,1,0,1,0,0,0,5.90016E+20,5.71119E+21,1.02981E+16,5.15446E+16
13994,3.17043E+18,3,1,59,16,2017,4,3,1,2,7,7,0,0,0,1,0,2,0,5.58714E+20,5.70818E+21,9.84628E+15,5.15217E+16
13995,3.17043E+18,3,1,3,0,2017,4,19,1,2,9,1,0,1,0,0,0,0,0,6.264E+20,5.80576E+21,1.08574E+16,5.23875E+16
13996,3.17043E+18,3,1,58,7,2017,4,19,1,2,5,3,1,0,0,0,0,0,0,6.26572E+20,5.77832E+21,1.08496E+16,5.21408E+16
13997,3.17043E+18,3,1,58,9,2017,4,17,1,3,4,1,0,1,0,0,0,0,0,6.10865E+20,5.78226E+21,1.06215E+16,5.21797E+16
13998,3.17051E+18,3,3,57,18,2017,5,12,3,3,0,7,0,1,0,0,1,0,0,5.19812E+20,5.89481E+21,9.2966E+15,5.32022E+16
13999,3.17051E+18,3,3,61,5,2017,5,19,3,3,5,3,0,1,0,0,0,0,0,5.18388E+20,5.87363E+21,9.27407E+15,5.30119E+16
14000,3.17051E+18,3,3,59,10,2017,5,12,6,3,5,3,0,1,0,0,0,0,1,5.46318E+20,5.92591E+21,9.69795E+15,5.34801E+16
14001,3.17051E+18,3,1,57,1,2017,5,7,4,2,2,6,0,0,0,1,1,0,0,5.85613E+20,5.80437E+21,1.02579E+16,5.23829E+16
14002,3.17051E+18,3,3,61,5,2017,5,8,6,2,8,1,0,1,0,0,0,0,1,5.2018E+20,5.87151E+21,9.30064E+15,5.29928E+16
14003,3.17043E+18,3,1,58,38,2017,4,16,1,3,2,2,0,0,0,1,0,0,0,6.09308E+20,5.76985E+21,1.05947E+16,5.20685E+16
14004,3.17051E+18,3,4,54,46,2017,5,23,6,3,8,1,0,1,0,0,0,2,0,4.01882E+20,5.80816E+21,7.55735E+15,5.24149E+16
14005,3.17043E+18,3,1,58,37,2017,4,12,1,3,5,3,0,1,0,0,0,0,0,6.03815E+20,5.78009E+21,1.05177E+16,5.21615E+16
14006,3.17051E+18,3,2,54,21,2017,5,10,7,3,2,2,0,1,0,0,0,0,0,5.65229E+20,5.77887E+21,9.9535E+15,5.21565E+16
14007,3.17043E+18,3,1,57,7,2017,4,12,1,3,2,6,0,1,0,0,0,0,0,5.94355E+20,5.79146E+21,1.03827E+16,5.22654E+16
14008,3.17051E+18,3,3,58,22,2017,5,9,7,3,2,6,0,1,0,0,0,0,0,5.45218E+20,5.84819E+21,9.67041E+15,5.27816E+16
14009,3.17043E+18,3,1,53,504,2017,4,17,1,3,2,2,0,1,0,0,0,0,0,5.92552E+20,5.74454E+21,1.03435E+16,5.1844E+16
14010,3.17043E+18,3,1,51,10,2017,4,23,1,3,7,7,0,1,0,0,0,2,0,5.99451E+20,5.83775E+21,1.04711E+16,5.26805E+16
14011,3.1705E+18,3,4,60,6,2017,5,17,4,3,5,3,1,1,0,0,0,0,0,4.49239E+20,5.83561E+21,8.24935E+15,5.2668E+16
14012,3.17051E+18,3,4,56,1,2017,5,22,7,3,0,1,1,0,0,0,0,2,0,3.67019E+20,5.7916E+21,7.05158E+15,5.22587E+16
14013,3.17043E+18,3,1,51,1,2017,4,12,1,1,2,2,0,1,0,1,0,0,0,5.98562E+20,5.80394E+21,1.04479E+16,5.23769E+16
14014,3.17043E+18,3,1,1,0,2017,4,17,1,3,2,6,0,1,0,0,0,0,0,6.0587E+20,5.79701E+21,1.05531E+16,5.23132E+16
14015,3.1705E+18,3,4,60,1,2017,5,15,4,3,2,2,0,1,0,0,0,0,0,4.44285E+20,5.84205E+21,8.17501E+15,5.27254E+16
14016,3.17043E+18,3,1,57,8,2017,4,9,1,3,2,6,0,1,0,0,0,0,0,5.90129E+20,5.79946E+21,1.03229E+16,5.23381E+16
14017,3.1705E+18,3,4,53,4,2017,5,18,4,3,6,4,0,1,1,0,0,0,0,4.35113E+20,5.85547E+21,8.03657E+15,5.28451E+16
14018,3.17043E+18,3,1,1,0,2017,4,19,1,3,5,2,0,1,0,0,0,0,0,6.06884E+20,5.80026E+21,1.0569E+16,5.23422E+16
14019,3.17043E+18,3,4,60,7,2017,4,15,7,3,8,7,0,1,0,0,0,0,0,4.37594E+20,5.81697E+21,8.08069E+15,5.24993E+16
14020,3.17051E+18,3,4,59,3,2017,5,13,1,2,8,1,0,1,0,0,0,0,0,4.51857E+20,5.79639E+21,8.29374E+15,5.23157E+16
14021,3.17051E+18,3,2,54,28,2017,5,12,2,1,0,3,0,1,0,1,0,0,0,5.57461E+20,5.78639E+21,9.84124E+15,5.22249E+16
14022,3.17051E+18,3,3,57,39,2017,5,8,2,3,5,3,1,1,0,0,0,0,1,5.26559E+20,5.88438E+21,9.39675E+15,5.31082E+16
14023,3.17051E+18,3,2,54,8,2017,5,21,7,3,2,6,0,1,0,0,0,2,0,5.7944E+20,5.76191E+21,1.01572E+16,5.20022E+16
14024,3.17043E+18,3,4,59,29,2017,4,19,7,2,5,3,0,1,0,0,0,0,0,4.46432E+20,5.80855E+21,8.21222E+15,5.24246E+16
14025,3.17051E+18,3,3,53,5,2017,5,14,7,3,2,6,0,1,0,0,0,0,0,5.55372E+20,5.90941E+21,9.83147E+15,5.3331E+16
14026,3.17043E+18,3,4,59,2,2017,4,20,7,3,9,1,0,1,0,0,0,1,0,4.26274E+20,5.81883E+21,7.91355E+15,5.25146E+16
14027,3.1705E+18,3,3,56,7,2017,5,13,4,3,2,2,0,1,0,1,0,0,0,4.86113E+20,5.89655E+21,8.79203E+15,5.32181E+16
14028,3.17051E+18,3,4,57,13,2017,5,15,7,3,2,6,0,1,0,0,0,0,0,3.97125E+20,5.90103E+21,7.45815E+15,5.32485E+16
14029,3.17043E+18,3,4,54,41,2017,4,18,7,3,2,2,0,1,0,0,1,0,0,3.95362E+20,5.8832E+21,7.43758E+15,5.3088E+16
14030,3.1705E+18,3,3,61,1,2017,5,16,4,3,2,2,0,1,0,0,1,0,0,5.02502E+20,5.87348E+21,9.03729E+15,5.30109E+16
14031,3.17051E+18,3,1,58,39,2017,5,12,1,3,5,3,0,0,0,1,0,0,0,6.03935E+20,5.76757E+21,1.05157E+16,5.2049E+16
14032,3.17043E+18,3,4,56,5,2017,4,5,7,2,9,1,0,1,0,0,0,2,1,3.66997E+20,5.82598E+21,7.0376E+15,5.25676E+16
14033,3.17043E+18,3,4,54,35,2017,4,8,7,3,5,7,0,1,0,0,1,0,0,3.76943E+20,5.84269E+21,7.17803E+15,5.27201E+16
14034,3.1705E+18,3,4,51,8,2017,5,17,4,3,5,3,1,1,1,0,0,0,0,4.4062E+20,5.90075E+21,8.10997E+15,5.32527E+16
14035,3.17051E+18,3,2,41,13,2017,5,12,1,2,4,6,1,1,0,0,0,0,0,5.53285E+20,5.79259E+21,9.78109E+15,5.22811E+16
14036,3.17043E+18,3,4,54,32,2017,4,16,7,3,4,6,1,0,0,0,0,0,0,3.8444E+20,5.81909E+21,7.29722E+15,5.25097E+16
14037,3.17043E+18,3,4,54,32,2017,4,11,7,3,2,6,0,1,0,0,0,0,0,3.84574E+20,5.81911E+21,7.29918E+15,5.25098E+16
14038,3.1705E+18,3,4,3,0,2017,5,5,4,3,5,3,0,1,0,0,1,0,1,4.48318E+20,5.88761E+21,8.22747E+15,5.31354E+16
14039,3.17043E+18,3,4,54,10,2017,4,9,7,2,2,2,0,1,0,1,0,0,0,3.85501E+20,5.80073E+21,7.31914E+15,5.23449E+16
14040,3.1705E+18,3,2,51,49,2017,5,8,4,3,9,1,0,1,0,0,0,0,1,4.9523E+20,5.84988E+21,8.92925E+15,5.27987E+16
14041,3.17043E+18,3,4,55,26,2017,4,15,7,3,2,6,0,1,0,1,0,0,0,4.39415E+20,5.91625E+21,8.08895E+15,5.33919E+16
14042,3.1705E+18,3,4,61,5,2017,5,20,4,3,9,1,0,1,0,0,0,0,0,4.48185E+20,5.91035E+21,8.22179E+15,5.33398E+16
14043,3.17043E+18,3,3,56,11,2017,4,14,7,2,4,6,0,1,0,0,0,0,0,4.93119E+20,5.89599E+21,8.89696E+15,5.32131E+16