OBJECTID,UIDENTSTLA,ULAND,UREGBEZ,UKREIS,UGEMEINDE,UJAHR,UMONAT,USTUNDE,UWOCHENTAG,UKATEGORIE,UART,UTYP1,IstRad,IstPKW,IstFuss,IstKrad,IstSonstig,LICHT,STRZUSTAND,LINREFX,LINREFY,XGCSWGS84,YGCSWGS84
14394,3.17043E+18,3,3,51,21,2017,4,9,5,3,4,2,0,1,0,0,0,0,0,5.78607E+20,5.82171E+21,1.0159E+16,5.25398E+16
14395,3.17043E+18,3,2,41,1,2017,4,20,5,3,5,3,1,1,0,0,0,0,0,5.43582E+20,5.80728E+21,9.64077E+15,5.2414E+16
14396,3.17051E+18,3,4,54,28,2017,5,9,6,2,9,7,0,1,0,0,0,0,0,3.95078E+20,5.82315E+21,7.45262E+15,5.25483E+16
14397,3.17043E+18,3,2,41,1,2017,4,15,5,3,3,6,0,1,0,0,0,0,0,5.49844E+20,5.80239E+21,9.7321E+15,5.23695E+16
14398,3.17043E+18,3,2,41,5,2017,4,12,5,3,5,2,1,1,0,0,0,0,0,5.41538E+20,5.80921E+21,9.61096E+15,5.24316E+16
14399,3.17043E+18,3,2,57,3,2017,4,16,5,1,2,6,0,1,0,0,1,0,0,5.22599E+20,5.7915E+21,9.33121E+15,5.22734E+16
14400,3.17043E+18,3,2,41,19,2017,4,8,5,3,5,3,1,0,0,0,1,0,0,5.49929E+20,5.82329E+21,9.73648E+15,5.25574E+16
14401,3.1705E+18,3,1,59,17,2017,5,14,4,3,8,1,0,1,0,0,0,0,0,5.47673E+20,5.69581E+21,9.68548E+15,5.14115E+16
14402,3.17043E+18,3,2,41,1,2017,4,9,5,3,2,6,0,1,0,0,0,0,0,5.49839E+20,5.8039E+21,9.73226E+15,5.23831E+16
14403,3.17043E+18,3,1,55,12,2017,4,13,5,2,0,7,0,0,0,1,1,0,0,5.45174E+20,5.72301E+21,9.65304E+15,5.16563E+16
14404,3.17051E+18,3,4,57,14,2017,5,14,5,2,1,5,0,0,0,1,1,0,0,3.96275E+20,5.90731E+21,7.44337E+15,5.33048E+16
14405,3.17051E+18,3,4,57,20,2017,5,7,5,3,2,6,0,1,0,0,1,0,0,4.2131E+20,5.90385E+21,7.81984E+15,5.32781E+16
14406,3.17051E+18,3,4,54,41,2017,5,11,5,3,5,3,1,1,0,0,0,0,0,3.88681E+20,5.87949E+21,7.33914E+15,5.30533E+16
14407,3.17051E+18,3,2,41,1,2017,5,2,1,3,1,1,0,1,0,0,0,2,0,5.50075E+20,5.80555E+21,9.73597E+15,5.23979E+16
14408,3.17051E+18,3,4,54,19,2017,5,16,5,3,2,2,0,1,0,0,1,0,0,3.97642E+20,5.83661E+21,7.48626E+15,5.26697E+16
14409,3.17051E+18,3,4,54,32,2017,5,12,5,3,2,6,0,1,0,0,0,0,0,3.86038E+20,5.82112E+21,7.32007E+15,5.25282E+16
14410,3.17051E+18,3,3,52,32,2017,5,16,1,3,2,6,0,0,0,1,0,0,0,4.66962E+20,5.92238E+21,8.50252E+15,5.34494E+16
14411,3.17051E+18,3,4,62,19,2017,5,6,5,3,9,1,0,1,0,0,0,1,0,4.11652E+20,5.93232E+21,7.66706E+15,5.35323E+16
14412,3.1705E+18,3,1,59,10,2017,5,6,4,2,4,6,0,1,0,0,0,0,1,5.83651E+20,5.70725E+21,1.02054E+16,5.15102E+16
14413,3.17051E+18,3,4,52,8,2017,5,18,5,2,5,3,1,1,0,0,0,0,0,3.86883E+20,5.93767E+21,7.29158E+15,5.35757E+16
14414,3.17051E+18,3,4,59,13,2017,5,13,1,2,2,6,1,0,0,0,0,0,0,4.49228E+20,5.79987E+21,8.25464E+15,5.23468E+16
14415,3.17051E+18,3,4,52,25,2017,5,13,5,2,5,3,0,1,0,1,0,0,0,4.15516E+20,5.91867E+21,7.729E+15,5.34103E+16
14416,3.1705E+18,3,1,58,28,2017,5,17,4,2,5,3,0,1,0,1,0,0,0,5.86553E+20,5.76581E+21,1.02618E+16,5.20361E+16
14417,3.17051E+18,3,4,52,1,2017,5,13,5,3,9,1,0,0,0,1,0,0,0,3.99457E+20,5.92583E+21,7.48521E+15,5.34718E+16
14418,3.17051E+18,3,2,54,45,2017,5,7,2,3,3,6,0,0,0,1,1,1,0,5.65672E+20,5.76164E+21,9.95665E+15,5.20016E+16
14419,3.17043E+18,3,1,59,39,2017,4,13,5,3,5,3,0,1,0,0,0,0,0,5.82054E+20,5.72413E+21,1.01864E+16,5.16622E+16
14420,3.17051E+18,3,4,53,7,2017,5,16,5,3,2,6,0,1,0,0,0,0,0,4.2553E+20,5.87727E+21,7.8893E+15,5.30398E+16
14421,3.17051E+18,3,3,55,16,2017,5,17,2,3,8,6,0,1,0,0,1,0,0,5.87047E+20,5.89104E+21,1.0302E+16,5.31617E+16
14422,3.17043E+18,3,1,59,3,2017,4,18,5,3,6,4,0,1,1,0,0,0,0,6.01775E+20,5.72108E+21,1.04705E+16,5.16315E+16
14423,3.1705E+18,3,3,51,16,2017,5,15,5,3,2,6,0,1,0,0,0,0,1,5.82698E+20,5.83208E+21,1.02219E+16,5.26324E+16
14424,3.17051E+18,3,4,53,7,2017,5,7,5,3,5,3,0,1,0,1,0,0,0,4.26143E+20,5.87762E+21,7.89835E+15,5.3043E+16
14425,3.1705E+18,3,4,61,4,2017,5,11,5,3,8,1,0,1,0,0,0,0,0,4.64753E+20,5.90116E+21,8.47163E+15,5.32585E+16
14426,3.17043E+18,3,2,56,19,2017,4,6,5,3,1,5,0,1,0,0,1,0,0,5.06335E+20,5.82873E+21,9.09355E+15,5.26085E+16
14427,3.1705E+18,3,4,56,15,2017,5,13,5,2,5,3,1,1,0,0,0,0,0,3.71053E+20,5.8149E+21,7.1017E+15,5.24691E+16
14428,3.17051E+18,3,4,53,5,2017,5,19,5,3,2,6,0,1,0,1,0,0,0,4.4189E+20,5.85394E+21,8.13745E+15,5.28321E+16
14429,3.1705E+18,3,3,51,26,2017,5,8,5,3,5,3,0,1,0,0,0,0,1,5.71298E+20,5.85233E+21,1.00579E+16,5.2816E+16
14430,3.17051E+18,3,4,53,12,2017,5,19,5,3,8,1,0,1,0,0,0,0,0,4.31525E+20,5.85972E+21,7.98241E+15,5.28828E+16
14431,3.17051E+18,3,2,51,41,2017,5,15,2,3,5,2,1,1,0,0,0,0,0,4.88224E+20,5.86216E+21,8.82489E+15,5.2909E+16
14432,3.1705E+18,3,4,61,1,2017,5,17,5,2,2,2,0,1,0,0,0,0,1,4.69453E+20,5.88787E+21,8.54335E+15,5.31393E+16
14433,3.17051E+18,3,3,56,5,2017,5,22,5,2,0,3,0,1,0,0,1,2,0,4.88056E+20,5.89384E+21,8.82122E+15,5.31938E+16
14434,3.17051E+18,3,4,62,18,2017,5,8,2,3,4,6,0,1,0,0,0,0,1,3.98676E+20,5.93581E+21,7.47021E+15,5.35614E+16
14435,3.1705E+18,3,4,54,41,2017,5,15,5,3,2,2,0,1,0,0,1,0,1,3.92582E+20,5.88246E+21,7.39632E+15,5.30808E+16
14436,3.17051E+18,3,3,61,4,2017,5,12,5,2,0,1,0,0,0,1,0,0,0,4.98289E+20,5.86291E+21,8.97455E+15,5.29158E+16
14437,3.17051E+18,3,1,58,21,2017,5,6,6,2,8,1,0,0,0,1,0,0,1,6.09038E+20,5.77573E+21,1.05927E+16,5.21213E+16
14438,3.17051E+18,3,1,53,7,2017,5,7,3,3,2,6,0,1,0,0,1,0,0,5.871E+20,5.75681E+21,1.02675E+16,5.19552E+16
14439,3.17051E+18,3,2,41,9,2017,5,13,3,1,4,6,0,1,0,0,1,0,0,5.56216E+20,5.79464E+21,9.82439E+15,5.22992E+16
14440,3.17043E+18,3,2,54,8,2017,4,15,5,3,6,4,0,0,1,1,0,0,0,5.77417E+20,5.76288E+21,1.0128E+16,5.20111E+16
14441,3.17051E+18,3,2,41,15,2017,5,17,6,3,6,6,1,0,1,0,0,0,0,5.41549E+20,5.80483E+21,9.61058E+15,5.23921E+16
14442,3.17051E+18,3,4,51,4,2017,5,14,3,3,2,2,0,1,0,0,0,0,0,4.38965E+20,5.88652E+21,8.0879E+15,5.31246E+16
14443,3.17043E+18,3,2,54,22,2017,4,9,5,3,1,5,0,1,0,0,1,0,0,5.79605E+20,5.77238E+21,1.01621E+16,5.20963E+16
14444,3.17051E+18,3,3,55,8,2017,5,19,6,3,8,1,0,1,0,0,0,1,1,5.87466E+20,5.88905E+21,1.03077E+16,5.31437E+16
14445,3.17043E+18,3,1,59,16,2017,4,15,5,3,5,3,0,1,0,0,0,0,0,5.62282E+20,5.70921E+21,9.89787E+15,5.15305E+16
14446,3.17043E+18,3,1,59,1,2017,4,9,5,2,6,4,0,1,1,0,0,0,0,5.54152E+20,5.71623E+21,9.78177E+15,5.15945E+16
14447,3.17051E+18,3,3,52,11,2017,5,15,6,2,2,6,0,1,0,0,0,0,1,4.77579E+20,5.96196E+21,8.65953E+15,5.38057E+16
14448,3.17043E+18,3,1,2,0,2017,4,15,5,3,3,6,0,1,0,0,1,0,0,5.9383E+20,5.7784E+21,1.03713E+16,5.21482E+16
14449,3.17043E+18,3,1,2,0,2017,4,17,5,2,4,2,1,1,0,0,0,0,0,5.88318E+20,5.77606E+21,1.02902E+16,5.2128E+16
14450,3.17043E+18,3,4,59,13,2017,4,16,4,3,5,2,0,1,0,0,0,0,0,4.48924E+20,5.80002E+21,8.25017E+15,5.23481E+16
14451,3.17043E+18,3,4,4,0,2017,4,8,4,3,2,6,0,1,0,0,0,0,0,4.33488E+20,5.79157E+21,8.02525E+15,5.22705E+16
14452,3.17051E+18,3,3,61,9,2017,5,9,5,3,2,6,0,1,0,0,0,0,0,5.05801E+20,5.87942E+21,9.08657E+15,5.30642E+16
14453,3.17043E+18,3,4,4,0,2017,4,22,4,2,6,4,0,1,1,0,0,2,0,4.34496E+20,5.79256E+21,8.03984E+15,5.22795E+16
14454,3.17043E+18,3,4,4,0,2017,4,16,4,3,2,6,0,1,0,1,0,0,0,4.33183E+20,5.79195E+21,8.02071E+15,5.22739E+16
14455,3.17043E+18,3,4,54,8,2017,4,16,4,3,5,3,0,1,0,0,0,0,0,3.88658E+20,5.86848E+21,7.3426E+15,5.29544E+16
14456,3.17051E+18,3,3,61,3,2017,5,16,5,3,5,3,0,1,0,0,0,0,0,5.15315E+20,5.85528E+21,9.2274E+15,5.2847E+16
14457,3.17051E+18,3,4,51,2,2017,5,17,5,2,8,7,0,0,0,1,0,0,0,4.33185E+20,5.89547E+21,7.99965E+15,5.32044E+16
14458,3.17051E+18,3,4,51,2,2017,5,15,5,3,5,3,0,1,0,0,0,0,0,4.40343E+20,5.88815E+21,8.10818E+15,5.31394E+16
14459,3.17051E+18,3,1,58,2,2017,5,9,1,3,2,6,0,1,0,0,0,0,0,5.84791E+20,5.77147E+21,1.02375E+16,5.20873E+16
14460,3.17051E+18,3,4,3,0,2017,5,16,5,3,5,3,1,1,0,0,0,0,0,4.51453E+20,5.89138E+21,8.27375E+15,5.31696E+16
14461,3.17043E+18,3,4,60,2,2017,4,8,4,3,5,3,1,1,0,0,0,0,0,4.4478E+20,5.81861E+21,8.18626E+15,5.25148E+16
14462,3.17051E+18,3,2,51,37,2017,5,17,5,3,2,6,0,1,0,0,1,0,0,4.84968E+20,5.8744E+21,8.77591E+15,5.3019E+16
14463,3.17051E+18,3,2,41,1,2017,5,14,1,3,9,1,0,1,0,0,0,0,0,5.55375E+20,5.79802E+21,9.81261E+15,5.23297E+16
14464,3.17051E+18,3,2,51,37,2017,5,14,5,2,2,6,0,1,0,0,1,0,0,4.79895E+20,5.87324E+21,8.70036E+15,5.30083E+16
14465,3.17043E+18,3,4,53,11,2017,4,13,4,3,5,2,1,1,0,0,0,0,0,4.11494E+20,5.84246E+21,7.68947E+15,5.27247E+16
14466,3.1705E+18,3,1,57,7,2017,5,16,4,3,5,3,0,1,0,0,0,0,0,5.91386E+20,5.79053E+21,1.03389E+16,5.22576E+16
14467,3.17051E+18,3,3,52,46,2017,5,16,5,2,8,1,0,0,0,1,0,0,0,4.91276E+20,5.96133E+21,8.86754E+15,5.38005E+16
14468,3.17051E+18,3,3,59,15,2017,5,13,1,2,8,1,0,0,0,1,0,0,0,5.22462E+20,5.94582E+21,9.33992E+15,5.36606E+16
14469,3.17051E+18,3,3,53,7,2017,5,14,5,3,2,6,0,1,0,0,0,0,0,5.8846E+20,5.9199E+21,1.03311E+16,5.34208E+16
14470,3.1705E+18,3,1,53,12,2017,5,18,4,2,2,6,0,0,0,1,0,0,0,5.7711E+20,5.74649E+21,1.01198E+16,5.18639E+16
14471,3.17051E+18,3,3,58,19,2017,5,10,5,3,2,6,0,1,0,0,0,0,0,5.53263E+20,5.88516E+21,9.79575E+15,5.31132E+16
14472,3.17051E+18,3,3,56,8,2017,5,19,1,2,0,7,1,0,0,0,0,0,0,4.83588E+20,5.89236E+21,8.75443E+15,5.31804E+16
14473,3.17043E+18,3,4,53,8,2017,4,18,4,3,5,3,1,1,0,0,0,0,0,4.34631E+20,5.86739E+21,8.027E+15,5.29522E+16
14474,3.1705E+18,3,4,59,22,2017,5,18,3,3,2,6,0,1,0,0,1,0,1,4.42249E+20,5.77769E+21,8.156E+15,5.21467E+16
14475,3.17051E+18,3,3,57,8,2017,5,14,5,3,2,6,0,1,0,0,1,0,0,5.10503E+20,5.92603E+21,9.15828E+15,5.34831E+16
14476,3.17051E+18,3,1,2,0,2017,5,21,2,3,9,7,0,1,0,0,0,1,0,5.97764E+20,5.77823E+21,1.04288E+16,5.21459E+16
14477,3.17043E+18,3,4,55,25,2017,4,8,4,3,2,6,0,1,0,0,1,0,0,4.36709E+20,5.91901E+21,8.04771E+15,5.34163E+16
14478,3.1705E+18,3,4,59,15,2017,5,16,3,3,2,6,0,1,0,0,1,0,1,4.45232E+20,5.77334E+21,8.20028E+15,5.21079E+16
14479,3.17051E+18,3,3,57,45,2017,5,14,5,3,2,6,0,1,0,0,0,0,0,5.13181E+20,5.88414E+21,9.1969E+15,5.31065E+16
14480,3.17043E+18,3,4,5,0,2017,4,8,4,3,2,6,0,1,0,0,0,0,0,4.39577E+20,5.93143E+21,8.08847E+15,5.35283E+16
14481,3.17043E+18,3,4,5,0,2017,4,19,4,3,4,6,0,1,0,0,0,0,0,4.41663E+20,5.93614E+21,8.11906E+15,5.35709E+16
14482,3.17043E+18,3,4,51,5,2017,4,9,4,3,2,6,0,1,0,0,1,0,0,4.42617E+20,5.90913E+21,8.13839E+15,5.33282E+16
14483,3.1705E+18,3,3,58,21,2017,5,15,5,3,8,1,0,1,0,0,0,0,1,5.51419E+20,5.87049E+21,9.76586E+15,5.29815E+16
14484,3.17043E+18,3,4,3,0,2017,4,13,4,3,5,3,1,1,0,0,0,0,0,4.43273E+20,5.88832E+21,8.15195E+15,5.31412E+16
14485,3.17051E+18,3,3,57,45,2017,5,11,5,3,3,6,0,1,0,0,1,0,0,5.13243E+20,5.88422E+21,9.19782E+15,5.31073E+16
14486,3.17043E+18,3,2,51,44,2017,4,7,4,3,5,2,0,1,0,0,0,0,0,4.74559E+20,5.82184E+21,8.62484E+15,5.25461E+16
14487,3.17051E+18,3,3,60,2,2017,5,5,5,3,6,4,0,1,1,0,0,0,0,6.06402E+20,5.88268E+21,1.05886E+16,5.3083E+16
14488,3.17051E+18,3,3,54,15,2017,5,13,5,3,5,3,0,1,0,0,0,0,0,6.56225E+20,5.86477E+21,1.13232E+16,5.29098E+16
14489,3.17051E+18,3,3,55,3,2017,5,16,5,2,6,4,0,0,1,1,0,0,0,5.98861E+20,5.91445E+21,1.04859E+16,5.33699E+16
14490,3.17043E+18,3,4,61,7,2017,4,12,4,2,5,2,1,1,0,0,0,0,0,4.65632E+20,5.92728E+21,8.48196E+15,5.34933E+16
14491,3.17043E+18,3,4,61,1,2017,4,14,4,2,2,6,0,1,0,0,1,0,0,4.65028E+20,5.89312E+21,8.47663E+15,5.31863E+16
14492,3.17051E+18,3,2,41,1,2017,5,12,5,3,2,6,0,1,0,0,0,0,0,5.52965E+20,5.80261E+21,9.77797E+15,5.23712E+16
14493,3.17051E+18,3,2,41,21,2017,5,15,5,3,2,6,0,1,0,0,0,0,0,5.27562E+20,5.8064E+21,9.40517E+15,5.24071E+16
14494,3.17051E+18,3,3,59,32,2017,5,15,1,2,5,3,1,1,0,0,0,0,0,5.40996E+20,5.93283E+21,9.61866E+15,5.35427E+16
14495,3.17051E+18,3,2,41,13,2017,5,2,5,3,9,1,0,1,0,0,0,2,0,5.52231E+20,5.78114E+21,9.76386E+15,5.21783E+16
14496,3.17051E+18,3,2,41,12,2017,5,18,5,3,0,1,0,0,0,1,0,0,1,5.31431E+20,5.8207E+21,9.46339E+15,5.25355E+16
14497,3.17051E+18,3,4,5,0,2017,5,10,1,3,5,3,0,1,0,0,0,0,0,4.42375E+20,5.9311E+21,8.13073E+15,5.35256E+16
14498,3.17051E+18,3,2,41,4,2017,5,15,5,3,2,2,0,1,0,0,0,0,0,5.56603E+20,5.81702E+21,9.83385E+15,5.25003E+16
14499,3.17051E+18,3,2,41,4,2017,5,18,5,3,5,3,0,1,0,0,1,0,0,5.54306E+20,5.82336E+21,9.80105E+15,5.25576E+16
14500,3.17051E+18,3,1,57,1,2017,5,4,2,3,7,7,0,1,0,0,0,1,0,5.85253E+20,5.80355E+21,1.02524E+16,5.23756E+16
14501,3.17051E+18,3,2,41,3,2017,5,11,5,3,2,6,0,1,0,0,0,0,0,5.74451E+20,5.81229E+21,1.00957E+16,5.24557E+16
14502,3.1705E+18,3,4,4,0,2017,5,14,3,3,3,6,0,1,0,1,0,0,1,4.34522E+20,5.79191E+21,8.04034E+15,5.22737E+16
14503,3.17051E+18,3,2,41,1,2017,5,21,5,3,8,1,0,1,0,0,0,2,1,5.56601E+20,5.79448E+21,9.83E+15,5.22978E+16
14504,3.17051E+18,3,2,41,2,2017,5,11,2,3,1,7,0,1,0,0,0,0,0,5.27595E+20,5.79827E+21,9.40498E+15,5.2334E+16
14505,3.17043E+18,3,3,52,22,2017,4,17,4,3,6,4,0,1,1,0,0,0,0,5.08114E+20,5.95073E+21,9.12291E+15,5.37052E+16
14506,3.1705E+18,3,2,41,5,2017,5,7,5,3,5,2,1,0,0,0,1,0,0,5.39894E+20,5.81016E+21,9.5869E+15,5.24402E+16
14507,3.17051E+18,3,2,41,2,2017,5,18,5,1,4,1,0,1,0,1,0,0,1,5.3561E+20,5.79486E+21,9.52225E+15,5.23029E+16
14508,3.17051E+18,3,4,58,8,2017,5,16,2,3,1,5,0,1,0,0,0,0,0,4.7312E+20,5.86241E+21,8.60029E+15,5.29107E+16
14509,3.17043E+18,3,3,53,32,2017,4,8,4,3,2,1,0,1,0,0,0,0,0,5.72876E+20,5.91447E+21,1.00954E+16,5.33743E+16
14510,3.1705E+18,3,3,58,16,2017,5,18,5,2,2,2,0,1,0,0,0,0,1,5.69107E+20,5.87382E+21,1.003E+16,5.30095E+16
14511,3.17051E+18,3,2,41,13,2017,5,16,5,2,5,3,1,1,0,0,0,0,0,5.55055E+20,5.79224E+21,9.80697E+15,5.22778E+16
14512,3.1705E+18,3,4,53,8,2017,5,14,5,3,5,3,1,0,0,0,1,0,1,4.30484E+20,5.86451E+21,7.96592E+15,5.29257E+16
14513,3.17043E+18,3,3,53,26,2017,4,1,4,3,6,7,0,1,1,0,0,2,0,5.52442E+20,5.91769E+21,9.78885E+15,5.34057E+16
14514,3.1705E+18,3,4,59,24,2017,5,6,5,3,7,7,0,0,0,1,0,1,0,4.60852E+20,5.7833E+21,8.42721E+15,5.21988E+16
14515,3.17051E+18,3,4,59,12,2017,5,14,2,3,5,3,1,1,0,0,0,0,1,4.45944E+20,5.79045E+21,8.20796E+15,5.22617E+16
14516,3.17043E+18,3,3,59,38,2017,4,7,4,2,2,6,0,1,0,0,0,0,0,5.29271E+20,5.93826E+21,9.44224E+15,5.35924E+16
14517,3.17051E+18,3,2,56,19,2017,5,5,3,3,0,7,0,1,0,0,1,1,0,5.07026E+20,5.82906E+21,9.10376E+15,5.26115E+16
14518,3.17043E+18,3,3,59,38,2017,4,6,4,3,4,6,0,1,0,0,1,1,0,5.33394E+20,5.93796E+21,9.50449E+15,5.35894E+16
14519,3.17051E+18,3,2,41,11,2017,5,16,6,3,3,7,0,0,0,0,1,0,0,5.6096E+20,5.80294E+21,9.89546E+15,5.23733E+16
14520,3.17043E+18,3,3,57,41,2017,4,17,4,3,5,3,0,1,0,1,0,0,0,5.36262E+20,5.88921E+21,9.54223E+15,5.31511E+16
14521,3.17043E+18,3,3,57,9,2017,4,10,4,3,5,3,0,1,0,1,0,0,0,5.34852E+20,5.88296E+21,9.52046E+15,5.3095E+16
14522,3.17051E+18,3,2,41,1,2017,5,15,6,3,6,4,1,0,1,0,0,0,0,5.50009E+20,5.805E+21,9.73492E+15,5.23929E+16
14523,3.17043E+18,3,3,60,25,2017,4,16,4,2,5,3,1,1,0,0,0,0,0,6.04929E+20,5.87056E+21,1.05627E+16,5.29744E+16
14524,3.17043E+18,3,3,51,4,2017,4,16,4,3,2,6,0,1,0,0,0,0,0,5.70009E+20,5.84866E+21,1.0038E+16,5.27832E+16
14525,3.17043E+18,3,2,41,10,2017,4,19,4,3,5,3,0,1,0,0,0,0,0,5.49635E+20,5.8134E+21,9.73066E+15,5.24685E+16
14526,3.17043E+18,3,2,41,10,2017,4,14,4,3,2,6,0,1,0,0,0,0,0,5.48389E+20,5.81033E+21,9.71188E+15,5.2441E+16
14527,3.17051E+18,3,2,41,1,2017,5,16,5,3,2,6,0,1,0,0,0,0,0,5.51484E+20,5.7992E+21,9.7557E+15,5.23407E+16
14528,3.17043E+18,3,2,41,1,2017,4,19,4,3,2,6,0,1,0,0,0,0,0,5.49886E+20,5.80237E+21,9.73271E+15,5.23694E+16
14529,3.17051E+18,3,2,41,19,2017,5,12,5,1,2,6,0,1,0,0,1,0,0,5.50709E+20,5.82778E+21,9.74868E+15,5.25977E+16
14530,3.17043E+18,3,2,41,9,2017,4,17,4,3,5,2,0,1,0,0,1,0,0,5.5381E+20,5.7966E+21,9.78941E+15,5.23171E+16
14531,3.17051E+18,3,2,41,1,2017,5,9,5,3,2,6,0,1,0,0,0,0,0,5.4281E+20,5.80794E+21,9.6295E+15,5.242E+16
14532,3.17043E+18,3,2,56,22,2017,4,16,4,3,2,6,0,1,0,0,1,0,0,5.15159E+20,5.83543E+21,9.22417E+15,5.26686E+16
14533,3.17051E+18,3,2,41,1,2017,5,8,5,3,2,6,0,1,0,0,1,0,0,5.52206E+20,5.80882E+21,9.7678E+15,5.24271E+16
14534,3.17051E+18,3,2,41,9,2017,5,7,5,3,5,2,0,1,0,0,1,0,0,5.56358E+20,5.79357E+21,9.8263E+15,5.22896E+16
14535,3.17051E+18,3,4,52,23,2017,5,16,7,3,2,6,0,1,0,0,0,0,0,3.92868E+20,5.92703E+21,7.38557E+15,5.34814E+16
14536,3.17051E+18,3,2,57,30,2017,5,7,5,3,4,2,0,1,0,1,0,0,0,5.12699E+20,5.80236E+21,9.18652E+15,5.23714E+16
14537,3.17043E+18,3,2,54,21,2017,4,18,4,3,2,6,0,1,0,0,0,0,0,5.64007E+20,5.77845E+21,9.93555E+15,5.21528E+16
14538,3.17051E+18,3,4,4,0,2017,5,11,7,3,2,6,0,1,0,0,1,0,0,4.36254E+20,5.79083E+21,8.06593E+15,5.22642E+16
14539,3.17051E+18,3,2,57,34,2017,5,15,5,3,5,3,1,1,0,0,0,0,0,5.07644E+20,5.79557E+21,9.11212E+15,5.23104E+16
14540,3.17043E+18,3,2,54,21,2017,4,14,4,3,6,4,0,1,1,0,0,0,0,5.66904E+20,5.77588E+21,9.9774E+15,5.21294E+16
14541,3.1705E+18,3,4,4,0,2017,5,0,3,3,4,6,0,1,0,0,0,2,1,4.2818E+20,5.79416E+21,7.94692E+15,5.22931E+16
14542,3.17051E+18,3,2,57,6,2017,5,12,5,3,2,6,0,1,0,0,1,0,0,5.26538E+20,5.79933E+21,9.38956E+15,5.23437E+16
14543,3.17051E+18,3,2,54,28,2017,5,15,1,3,4,2,0,1,0,1,0,0,0,5.59607E+20,5.78764E+21,9.87287E+15,5.22359E+16
14544,3.17051E+18,3,2,54,42,2017,5,13,5,3,4,6,0,0,0,1,1,0,0,5.60958E+20,5.75341E+21,9.88654E+15,5.19281E+16
14545,3.17043E+18,3,2,52,2,2017,4,10,4,1,7,1,0,1,1,0,1,0,0,5.27375E+20,5.78368E+21,9.40057E+15,5.22029E+16
14546,3.1705E+18,3,4,54,41,2017,5,16,3,3,5,2,1,1,0,0,0,0,0,3.94653E+20,5.88239E+21,7.42726E+15,5.30805E+16
14547,3.17051E+18,3,2,54,21,2017,5,6,5,3,2,6,0,1,0,0,0,1,0,5.65334E+20,5.77894E+21,9.95504E+15,5.21571E+16
14548,3.17051E+18,3,3,55,17,2017,5,16,1,2,8,7,0,0,0,1,0,0,0,5.88771E+20,5.91017E+21,1.03331E+16,5.33333E+16
14549,3.17043E+18,3,1,59,16,2017,4,13,4,2,1,5,1,1,0,0,0,0,0,5.65223E+20,5.70846E+21,9.94013E+15,5.15235E+16
14550,3.1705E+18,3,4,56,15,2017,5,11,3,3,3,6,0,1,0,0,1,0,0,3.67716E+20,5.81265E+21,7.05349E+15,5.2448E+16
14551,3.17051E+18,3,2,55,10,2017,5,2,5,2,8,1,0,1,0,0,0,2,0,5.42062E+20,5.75612E+21,9.61207E+15,5.19542E+16
14552,3.17051E+18,3,4,1,0,2017,5,1,1,2,9,7,0,0,0,0,1,2,0,4.77676E+20,5.87578E+21,8.66712E+15,5.30311E+16
14553,3.17051E+18,3,2,41,11,2017,5,9,6,2,5,3,0,1,0,0,0,0,0,5.76514E+20,5.80307E+21,1.01239E+16,5.23726E+16
14554,3.17051E+18,3,3,58,14,2017,5,8,3,3,4,2,0,1,0,0,1,0,0,5.39647E+20,5.8461E+21,9.58756E+15,5.27633E+16
14555,3.17043E+18,3,1,58,37,2017,4,7,4,2,4,1,0,1,0,0,0,0,0,6.07629E+20,5.7856E+21,1.05752E+16,5.22103E+16
14556,3.17051E+18,3,2,41,1,2017,5,10,6,3,0,1,0,1,0,1,0,0,1,5.57978E+20,5.79723E+21,9.85067E+15,5.23223E+16
14557,3.17051E+18,3,1,59,10,2017,5,9,5,3,2,6,0,1,0,0,0,0,0,5.87324E+20,5.70712E+21,1.02583E+16,5.15084E+16
14558,3.17051E+18,3,4,60,3,2017,5,17,3,3,2,2,0,1,0,0,0,0,0,4.36493E+20,5.83857E+21,8.06032E+15,5.26933E+16
14559,3.17043E+18,3,1,58,37,2017,4,7,4,3,5,3,0,1,0,0,0,0,0,6.03824E+20,5.78009E+21,1.05179E+16,5.21616E+16
14560,3.17051E+18,3,3,53,35,2017,5,10,6,3,1,5,0,1,0,0,0,0,0,5.47658E+20,5.90356E+21,9.71476E+15,5.32791E+16
14561,3.17051E+18,3,1,59,16,2017,5,1,5,2,5,2,0,1,0,0,1,2,0,5.65107E+20,5.70639E+21,9.93807E+15,5.15048E+16
14562,3.17043E+18,3,1,2,0,2017,4,9,4,3,2,6,0,1,0,0,0,0,0,5.90499E+20,5.77981E+21,1.0323E+16,5.21614E+16
14563,3.17051E+18,3,3,61,9,2017,5,22,6,3,4,2,0,1,0,0,0,2,0,5.02304E+20,5.87754E+21,9.03437E+15,5.30474E+16
14564,3.17043E+18,3,1,2,0,2017,4,15,4,3,4,2,0,1,0,0,0,0,0,5.88573E+20,5.77783E+21,1.02944E+16,5.21439E+16
14565,3.17043E+18,3,1,53,8,2017,4,12,4,3,8,1,0,1,0,0,0,0,0,6.02471E+20,5.76442E+21,1.04934E+16,5.20209E+16
14566,3.17051E+18,3,4,54,35,2017,5,21,6,3,5,3,0,1,0,0,0,2,0,3.84219E+20,5.8392E+21,7.28693E+15,5.26904E+16
14567,3.17043E+18,3,1,51,22,2017,4,7,4,3,2,6,0,1,0,0,0,0,0,6.02422E+20,5.81039E+21,1.05066E+16,5.24341E+16