OBJECTID,UIDENTSTLA,ULAND,UREGBEZ,UKREIS,UGEMEINDE,UJAHR,UMONAT,USTUNDE,UWOCHENTAG,UKATEGORIE,UART,UTYP1,IstRad,IstPKW,IstFuss,IstKrad,IstSonstig,LICHT,STRZUSTAND,LINREFX,LINREFY,XGCSWGS84,YGCSWGS84
14568,3.17043E+18,3,1,54,14,2017,4,9,4,3,8,1,0,1,0,0,0,0,0,6.18032E+20,5.80032E+21,1.07326E+16,5.23405E+16
14569,3.17043E+18,3,1,1,0,2017,4,14,4,3,5,3,0,1,0,0,0,0,0,6.09487E+20,5.7935E+21,1.0605E+16,5.2281E+16
14570,3.17043E+18,3,4,59,8,2017,4,11,3,3,2,2,0,1,0,0,0,0,0,4.39829E+20,5.79771E+21,8.11707E+15,5.23264E+16
14571,3.17043E+18,3,4,59,20,2017,4,18,3,3,0,5,0,1,0,0,1,0,0,4.27601E+20,5.78379E+21,7.94066E+15,5.21998E+16
14572,3.17051E+18,3,1,54,13,2017,5,16,5,3,2,6,0,1,0,0,1,0,0,6.21652E+20,5.79118E+21,1.07824E+16,5.22576E+16
14573,3.17051E+18,3,1,54,13,2017,5,18,5,3,8,1,0,0,0,1,0,0,0,6.23095E+20,5.78748E+21,1.08021E+16,5.2224E+16
14574,3.17051E+18,3,2,57,12,2017,5,16,1,2,8,6,0,1,0,0,0,0,0,5.04696E+20,5.78745E+21,9.06877E+15,5.22374E+16
14575,3.17051E+18,3,1,3,0,2017,5,9,5,3,3,6,0,1,0,0,1,0,0,6.2342E+20,5.81156E+21,1.08157E+16,5.24403E+16
14576,3.17051E+18,3,1,2,0,2017,5,12,5,3,2,6,0,1,0,0,0,0,0,5.93617E+20,5.77283E+21,1.03667E+16,5.20981E+16
14577,3.17051E+18,3,3,60,9,2017,5,4,1,2,9,7,0,1,0,0,0,2,0,5.9907E+20,5.86853E+21,1.04748E+16,5.29573E+16
14578,3.17051E+18,3,1,2,0,2017,5,15,5,3,2,6,0,1,0,0,0,0,0,5.96996E+20,5.77034E+21,1.04153E+16,5.20751E+16
14579,3.17051E+18,3,1,57,7,2017,5,13,5,3,5,2,0,1,0,0,1,0,0,5.93481E+20,5.78923E+21,1.03692E+16,5.22455E+16
14580,3.17051E+18,3,2,51,2,2017,5,14,1,2,7,7,0,0,0,1,1,0,0,5.026E+20,5.84795E+21,9.03854E+15,5.27813E+16
14581,3.17051E+18,3,1,53,12,2017,5,13,5,3,5,3,0,0,0,1,1,0,0,5.78681E+20,5.75386E+21,1.01443E+16,5.19299E+16
14582,3.1705E+18,3,4,54,32,2017,5,15,3,3,2,6,0,1,0,0,0,0,1,3.85207E+20,5.81939E+21,7.30842E+15,5.25125E+16
14583,3.17051E+18,3,1,53,504,2017,5,19,5,3,0,1,0,0,0,1,0,1,1,6.05187E+20,5.73589E+21,1.05243E+16,5.1764E+16
14584,3.17051E+18,3,4,59,3,2017,5,16,1,3,8,1,0,0,0,1,0,0,0,4.54484E+20,5.79548E+21,8.33239E+15,5.23077E+16
14585,3.17043E+18,3,4,59,29,2017,4,16,3,3,4,2,0,1,0,0,0,0,0,4.47204E+20,5.79955E+21,8.22499E+15,5.23437E+16
14586,3.1705E+18,3,4,52,16,2017,5,9,3,3,2,6,0,1,0,0,0,0,0,3.83394E+20,5.94037E+21,7.23791E+15,5.35992E+16
14587,3.17051E+18,3,1,53,2,2017,5,7,5,3,1,1,0,1,0,1,0,0,0,6.06442E+20,5.75021E+21,1.05468E+16,5.18925E+16
14588,3.17051E+18,3,2,41,1,2017,5,2,2,3,2,6,0,1,0,0,1,2,0,5.58421E+20,5.80669E+21,9.85881E+15,5.24073E+16
14589,3.17043E+18,3,4,4,0,2017,4,20,3,2,5,3,0,1,0,0,0,1,0,4.42143E+20,5.79089E+21,8.1522E+15,5.22653E+16
14590,3.17051E+18,3,1,51,40,2017,5,17,5,3,2,2,0,1,0,0,0,0,0,6.15598E+20,5.84355E+21,1.07119E+16,5.27294E+16
14591,3.17043E+18,3,4,4,0,2017,4,16,3,3,2,6,0,1,0,0,0,0,0,4.31245E+20,5.78997E+21,7.99271E+15,5.22558E+16
14592,3.1705E+18,3,3,55,22,2017,5,17,5,2,2,6,0,1,0,0,1,0,1,6.00179E+20,5.89919E+21,1.05009E+16,5.32325E+16
14593,3.17043E+18,3,4,4,0,2017,4,16,3,3,2,6,0,1,0,0,1,0,1,4.37223E+20,5.79188E+21,8.07993E+15,5.22737E+16
14594,3.1705E+18,3,4,51,2,2017,5,7,5,3,2,6,0,1,0,0,0,0,0,4.32113E+20,5.89411E+21,7.98389E+15,5.3192E+16
14595,3.17043E+18,3,4,4,0,2017,4,13,3,3,5,2,1,1,0,0,0,0,1,4.36164E+20,5.79267E+21,8.06426E+15,5.22807E+16
14596,3.17051E+18,3,1,51,16,2017,5,21,5,2,0,7,0,0,0,1,0,2,0,6.04533E+20,5.80401E+21,1.05356E+16,5.23764E+16
14597,3.17051E+18,3,1,51,13,2017,5,13,5,3,0,6,0,1,0,0,0,0,0,6.09019E+20,5.81118E+21,1.06038E+16,5.24399E+16
14598,3.17043E+18,3,4,4,0,2017,4,9,3,2,0,5,1,1,0,0,0,0,0,4.37516E+20,5.79216E+21,8.08417E+15,5.22763E+16
14599,3.17043E+18,3,4,4,0,2017,4,18,3,3,4,2,0,1,0,0,0,0,0,4.3548E+20,5.79225E+21,8.05431E+15,5.22768E+16
14600,3.17043E+18,3,4,54,20,2017,4,7,3,2,2,6,0,1,0,1,0,0,1,3.85766E+20,5.87158E+21,7.29847E+15,5.29816E+16
14601,3.17043E+18,3,4,54,41,2017,4,8,3,3,4,1,0,1,0,0,0,0,1,3.91332E+20,5.88261E+21,7.37762E+15,5.30819E+16
14602,3.17043E+18,3,4,54,35,2017,4,16,3,3,2,7,0,1,0,0,1,0,1,3.84533E+20,5.84121E+21,7.29088E+15,5.27084E+16
14603,3.17043E+18,3,4,54,54,2017,4,12,3,3,2,2,0,1,0,0,1,0,0,3.71359E+20,5.83456E+21,7.09858E+15,5.26457E+16
14604,3.17043E+18,3,4,54,35,2017,4,7,3,3,2,2,0,1,0,0,0,0,1,3.81197E+20,5.8386E+21,7.24246E+15,5.26843E+16
14605,3.17043E+18,3,4,62,1,2017,4,12,3,3,2,6,0,1,0,0,0,0,0,4.04742E+20,5.93507E+21,7.56199E+15,5.35559E+16
14606,3.17051E+18,3,1,51,9,2017,5,5,5,3,7,7,0,0,0,1,0,1,0,6.03988E+20,5.81715E+21,1.05317E+16,5.24945E+16
14607,3.17043E+18,3,4,62,5,2017,4,13,3,3,3,1,0,1,0,0,0,0,0,4.30127E+20,5.92392E+21,7.94761E+15,5.34596E+16
14608,3.17051E+18,3,4,59,12,2017,5,16,4,2,5,3,0,1,0,1,0,0,0,4.42034E+20,5.78799E+21,8.15109E+15,5.22393E+16
14609,3.17043E+18,3,4,52,1,2017,4,13,3,2,4,1,0,1,0,0,0,0,1,4.01881E+20,5.92184E+21,7.52295E+15,5.34365E+16
14610,3.17051E+18,3,1,58,30,2017,5,7,4,3,8,1,0,1,0,0,0,0,0,6.09459E+20,5.78947E+21,1.06032E+16,5.22447E+16
14611,3.17051E+18,3,4,59,4,2017,5,7,4,3,5,2,1,1,0,0,0,0,0,4.34446E+20,5.77923E+21,8.04168E+15,5.21596E+16
14612,3.17043E+18,3,4,52,23,2017,4,8,3,3,2,6,0,1,0,0,0,0,1,3.93339E+20,5.9262E+21,7.39294E+15,5.3474E+16
14613,3.17051E+18,3,1,54,502,2017,5,20,3,3,9,1,0,0,0,1,0,0,0,6.36162E+20,5.79058E+21,1.09946E+16,5.22487E+16
14614,3.17043E+18,3,4,60,9,2017,4,16,3,3,2,6,0,1,0,0,0,0,1,4.49958E+20,5.84897E+21,8.25795E+15,5.27882E+16
14615,3.17051E+18,3,2,41,15,2017,5,9,3,3,2,6,0,1,0,0,0,0,0,5.35045E+20,5.80695E+21,9.51522E+15,5.24117E+16
14616,3.17043E+18,3,4,53,3,2017,4,16,3,3,5,3,0,1,0,0,1,0,1,4.36684E+20,5.85156E+21,8.06064E+15,5.28101E+16
14617,3.17051E+18,3,2,41,21,2017,5,18,6,3,5,2,0,1,0,0,0,0,0,5.31637E+20,5.80544E+21,9.46498E+15,5.23983E+16
14618,3.17043E+18,3,4,53,3,2017,4,7,3,2,8,1,0,1,0,0,0,0,1,4.37892E+20,5.84761E+21,8.07932E+15,5.27747E+16
14619,3.17051E+18,3,3,57,51,2017,5,15,6,3,4,6,0,1,0,0,0,0,0,5.37356E+20,5.86991E+21,9.55635E+15,5.29774E+16
14620,3.17043E+18,3,4,53,12,2017,4,7,3,2,5,2,0,1,0,1,0,0,0,4.24204E+20,5.85433E+21,7.87488E+15,5.28334E+16
14621,3.17043E+18,3,4,55,26,2017,4,7,3,3,5,2,1,1,0,0,0,0,1,4.41887E+20,5.91495E+21,8.12636E+15,5.33805E+16
14622,3.17051E+18,3,2,51,47,2017,5,16,6,2,2,2,0,1,0,0,0,0,0,4.85716E+20,5.87036E+21,8.78724E+15,5.29826E+16
14623,3.17043E+18,3,4,3,0,2017,4,17,3,3,2,6,0,1,0,1,0,0,0,4.46594E+20,5.89098E+21,8.20114E+15,5.31655E+16
14624,3.17043E+18,3,4,3,0,2017,4,13,3,3,5,2,1,1,0,0,0,0,1,4.47562E+20,5.88593E+21,8.21645E+15,5.31202E+16
14625,3.17051E+18,3,4,59,3,2017,5,20,4,3,5,3,0,1,0,1,0,0,0,4.60697E+20,5.79544E+21,8.42352E+15,5.23079E+16
14626,3.17043E+18,3,2,51,41,2017,4,8,3,3,2,6,0,1,0,0,1,0,1,4.88317E+20,5.86547E+21,8.82616E+15,5.29387E+16
14627,3.17051E+18,3,4,59,17,2017,5,19,4,3,5,3,1,1,0,0,0,1,0,4.14707E+20,5.8194E+21,7.743E+15,5.2518E+16
14628,3.17043E+18,3,2,51,5,2017,4,14,3,3,2,6,0,1,0,0,0,0,1,4.642E+20,5.83724E+21,8.47041E+15,5.26839E+16
14629,3.17043E+18,3,4,58,13,2017,4,20,3,3,3,6,0,1,0,0,0,2,0,4.47825E+20,5.87763E+21,8.22172E+15,5.30456E+16
14630,3.17051E+18,3,4,59,7,2017,5,23,4,3,9,7,0,1,0,0,0,2,0,4.33715E+20,5.83155E+21,8.02064E+15,5.26299E+16
14631,3.17051E+18,3,4,4,0,2017,5,23,4,3,1,5,1,1,0,0,0,2,0,4.3444E+20,5.79214E+21,8.03909E+15,5.22758E+16
14632,3.17051E+18,3,4,57,20,2017,5,18,7,2,2,6,0,1,0,0,0,0,0,4.19209E+20,5.90654E+21,7.78765E+15,5.33019E+16
14633,3.17051E+18,3,4,57,22,2017,5,17,4,3,5,3,0,1,0,1,0,0,0,3.96525E+20,5.8919E+21,7.45213E+15,5.31664E+16
14634,3.17051E+18,3,4,56,15,2017,5,14,4,3,2,2,0,1,0,0,0,0,0,3.68288E+20,5.8123E+21,7.06204E+15,5.2445E+16
14635,3.17051E+18,3,1,58,39,2017,5,17,1,2,8,1,0,0,0,1,0,0,0,6.01948E+20,5.76782E+21,1.04868E+16,5.20516E+16
14636,3.17051E+18,3,4,52,14,2017,5,17,4,3,2,6,0,1,0,0,0,0,0,3.71333E+20,5.92238E+21,7.06313E+15,5.34348E+16
14637,3.17043E+18,3,4,58,5,2017,4,16,3,3,5,3,0,1,0,0,0,0,0,4.68633E+20,5.88239E+21,8.53164E+15,5.309E+16
14638,3.17051E+18,3,4,53,9,2017,5,17,4,3,5,2,0,1,0,0,0,0,0,4.24332E+20,5.85082E+21,7.87759E+15,5.28018E+16
14639,3.17051E+18,3,2,41,21,2017,5,15,1,3,2,6,0,1,0,1,0,0,0,5.32414E+20,5.80433E+21,9.4763E+15,5.23883E+16
14640,3.17051E+18,3,4,53,12,2017,5,17,4,3,4,2,0,1,0,0,0,0,0,4.28143E+20,5.85749E+21,7.93265E+15,5.28624E+16
14641,3.17043E+18,3,4,1,0,2017,4,17,3,3,2,6,0,1,0,0,0,0,1,4.72696E+20,5.87686E+21,8.59277E+15,5.30406E+16
14642,3.1705E+18,3,4,60,6,2017,5,10,3,3,8,1,0,1,0,0,0,0,1,4.43642E+20,5.83329E+21,8.167E+15,5.26467E+16
14643,3.17051E+18,3,4,51,5,2017,5,14,4,3,3,6,0,1,0,0,1,0,0,4.42715E+20,5.9079E+21,8.14007E+15,5.33172E+16
14644,3.17051E+18,3,3,53,31,2017,5,15,1,3,2,7,1,0,0,0,0,0,0,5.71973E+20,5.92246E+21,1.00837E+16,5.34462E+16
14645,3.17043E+18,3,4,1,0,2017,4,16,3,3,2,6,0,1,0,0,0,0,1,4.74152E+20,5.87781E+21,8.6144E+15,5.30492E+16
14646,3.1705E+18,3,3,61,1,2017,5,17,3,3,2,6,0,1,0,0,0,0,1,4.98402E+20,5.87523E+21,8.97618E+15,5.30266E+16
14647,3.17051E+18,3,4,51,4,2017,5,9,4,3,2,6,0,1,0,0,0,0,0,4.38571E+20,5.88316E+21,8.08264E+15,5.30944E+16
14648,3.17051E+18,3,4,53,8,2017,5,4,1,3,6,4,0,1,1,0,0,2,0,4.34643E+20,5.86738E+21,8.02719E+15,5.2952E+16
14649,3.17043E+18,3,3,52,62,2017,4,18,3,2,1,5,0,1,0,0,1,0,0,4.73202E+20,5.93943E+21,8.59501E+15,5.3603E+16
14650,3.1705E+18,3,3,61,12,2017,5,15,3,3,5,3,0,1,0,0,0,0,1,5.15613E+20,5.86315E+21,9.2322E+15,5.29178E+16
14651,3.17051E+18,3,4,51,2,2017,5,11,4,3,5,3,1,1,0,0,0,0,0,4.35332E+20,5.89283E+21,8.03234E+15,5.31809E+16
14652,3.17043E+18,3,3,52,42,2017,4,17,3,3,9,1,0,1,0,0,0,0,0,5.11532E+20,5.95643E+21,9.17492E+15,5.37564E+16
14653,3.1705E+18,3,4,58,14,2017,5,19,3,2,2,6,0,1,0,0,1,0,1,4.59594E+20,5.86282E+21,8.39912E+15,5.29136E+16
14654,3.17043E+18,3,3,53,31,2017,4,10,3,3,3,6,0,1,0,0,1,0,1,5.6839E+20,5.91829E+21,1.00288E+16,5.34093E+16
14655,3.1705E+18,3,2,41,15,2017,5,14,5,3,5,3,0,1,0,1,0,0,1,5.35055E+20,5.80571E+21,9.51524E+15,5.24005E+16
14656,3.17043E+18,3,3,53,31,2017,4,9,3,2,5,3,0,1,0,0,0,0,0,5.68297E+20,5.91579E+21,1.00269E+16,5.33868E+16
14657,3.17043E+18,3,3,59,10,2017,4,8,3,3,2,6,0,1,0,0,1,0,1,5.41467E+20,5.92622E+21,9.6249E+15,5.34833E+16
14658,3.17043E+18,3,3,59,38,2017,4,13,3,3,9,1,0,0,0,1,0,0,0,5.32764E+20,5.93714E+21,9.49489E+15,5.35821E+16
14659,3.17051E+18,3,4,51,4,2017,5,8,4,3,2,6,0,1,0,0,0,0,0,4.36012E+20,5.88271E+21,8.04452E+15,5.309E+16
14660,3.17043E+18,3,3,58,20,2017,4,16,3,3,5,3,0,1,0,0,0,0,1,5.41928E+20,5.83684E+21,9.62019E+15,5.26799E+16
14661,3.17051E+18,3,4,3,0,2017,5,16,4,3,5,3,1,1,0,0,0,0,0,4.46559E+20,5.89104E+21,8.20061E+15,5.3166E+16
14662,3.17051E+18,3,2,51,37,2017,5,14,4,3,8,7,0,1,0,0,0,0,0,4.80854E+20,5.86742E+21,8.715E+15,5.29561E+16
14663,3.17051E+18,3,3,52,60,2017,5,18,4,3,8,1,0,1,0,0,0,0,0,4.77082E+20,5.91723E+21,8.65527E+15,5.34036E+16
14664,3.17051E+18,3,3,52,38,2017,5,9,4,3,9,1,0,1,0,0,0,0,1,4.93722E+20,5.96023E+21,8.90471E+15,5.37906E+16
14665,3.17051E+18,3,3,52,11,2017,5,9,4,3,2,6,0,1,0,0,0,0,1,4.77967E+20,5.96375E+21,8.66529E+15,5.38218E+16
14666,3.17051E+18,3,3,51,6,2017,5,15,4,3,5,3,1,1,0,0,0,0,0,5.71947E+20,5.83422E+21,1.00636E+16,5.26532E+16
14667,3.17043E+18,3,3,57,8,2017,4,17,3,2,2,6,0,1,0,0,0,0,0,5.07478E+20,5.92747E+21,9.11273E+15,5.34961E+16
14668,3.17051E+18,3,4,59,24,2017,5,14,2,3,5,3,0,1,0,0,0,0,1,4.53052E+20,5.78331E+21,8.31309E+15,5.21983E+16
14669,3.17043E+18,3,3,60,23,2017,4,8,3,3,0,1,0,1,0,0,0,0,1,5.96827E+20,5.86211E+21,1.04395E+16,5.28999E+16
14670,3.17043E+18,3,3,51,4,2017,4,21,3,3,5,3,0,1,0,0,0,2,0,5.61431E+20,5.85753E+21,9.91251E+15,5.2864E+16
14671,3.17051E+18,3,2,41,1,2017,5,15,6,3,5,3,1,1,0,0,0,0,0,5.49709E+20,5.80381E+21,9.73032E+15,5.23823E+16
14672,3.17043E+18,3,3,51,6,2017,4,16,3,3,0,5,1,1,0,0,0,0,0,5.70927E+20,5.82993E+21,1.00476E+16,5.26148E+16
14673,3.17043E+18,3,2,41,1,2017,4,16,3,3,2,6,0,1,0,0,0,0,1,5.49176E+20,5.80338E+21,9.72244E+15,5.23785E+16
14674,3.17051E+18,3,3,51,6,2017,5,19,6,3,5,3,0,1,0,0,0,0,0,5.75321E+20,5.83211E+21,1.0113E+16,5.26338E+16
14675,3.17043E+18,3,2,41,21,2017,4,8,3,3,9,1,0,1,0,0,0,0,1,5.2766E+20,5.80691E+21,9.40665E+15,5.24117E+16
14676,3.17043E+18,3,2,41,14,2017,4,5,3,3,3,6,0,1,0,1,0,1,1,5.44234E+20,5.79426E+21,9.64864E+15,5.22969E+16
14677,3.17051E+18,3,2,41,1,2017,5,16,4,3,2,6,0,1,0,0,1,0,0,5.52338E+20,5.80257E+21,9.76876E+15,5.23709E+16
14678,3.17043E+18,3,2,41,2,2017,4,8,3,3,3,6,0,1,0,1,0,0,1,5.31744E+20,5.79813E+21,9.46586E+15,5.23326E+16
14679,3.17051E+18,3,2,41,5,2017,5,15,4,3,0,1,0,0,0,1,0,0,0,5.36589E+20,5.81243E+21,9.53853E+15,5.24608E+16
14680,3.17043E+18,3,2,41,11,2017,4,12,3,3,9,7,0,1,0,0,0,0,1,5.66143E+20,5.79917E+21,9.97084E+15,5.23389E+16
14681,3.17051E+18,3,2,41,5,2017,5,16,4,3,5,3,1,1,0,0,0,0,0,5.39964E+20,5.80737E+21,9.58758E+15,5.24151E+16
14682,3.17043E+18,3,2,41,10,2017,4,12,3,3,6,2,0,1,1,0,0,0,0,5.50589E+20,5.81168E+21,9.74445E+15,5.24529E+16
14683,3.17051E+18,3,2,41,19,2017,5,11,4,3,6,7,0,1,1,0,0,0,0,5.49396E+20,5.82613E+21,9.72904E+15,5.2583E+16
14684,3.17051E+18,3,2,41,1,2017,5,22,4,3,2,6,1,0,0,0,0,2,0,5.54947E+20,5.80279E+21,9.80712E+15,5.23726E+16
14685,3.17051E+18,3,3,57,33,2017,5,9,7,3,1,7,1,1,0,0,0,0,0,5.36888E+20,5.89473E+21,9.55223E+15,5.32007E+16
14686,3.17051E+18,3,2,41,1,2017,5,16,4,3,5,2,1,1,0,0,0,0,0,5.49934E+20,5.80407E+21,9.73367E+15,5.23846E+16
14687,3.17051E+18,3,4,54,18,2017,5,19,7,3,0,1,0,0,0,1,0,0,0,3.78163E+20,5.85294E+21,7.19227E+15,5.28125E+16
14688,3.17051E+18,3,2,41,1,2017,5,14,4,2,2,3,0,1,0,0,1,0,0,5.6065E+20,5.80185E+21,9.8907E+15,5.23636E+16
14689,3.17043E+18,3,2,41,10,2017,4,6,3,3,8,1,0,1,0,0,0,1,1,5.49129E+20,5.81175E+21,9.72298E+15,5.24537E+16
14690,3.17051E+18,3,2,41,1,2017,5,10,4,3,3,6,0,1,0,0,1,0,0,5.55223E+20,5.80912E+21,9.81221E+15,5.24295E+16
14691,3.17051E+18,3,4,59,12,2017,5,20,7,3,5,7,0,0,0,1,1,1,0,4.47068E+20,5.79507E+21,8.2237E+15,5.23034E+16
14692,3.17051E+18,3,2,41,1,2017,5,10,4,2,5,3,1,1,0,0,0,0,0,5.50574E+20,5.80227E+21,9.74281E+15,5.23684E+16
14693,3.17043E+18,3,2,41,3,2017,4,9,3,3,9,7,0,0,0,0,1,0,0,5.67701E+20,5.811E+21,9.99609E+15,5.2445E+16
14694,3.1705E+18,3,4,58,14,2017,5,2,3,3,2,6,0,1,0,0,0,2,0,4.56867E+20,5.86213E+21,8.35866E+15,5.29071E+16
14695,3.17051E+18,3,2,41,1,2017,5,1,4,3,5,3,0,1,0,0,0,2,0,5.48123E+20,5.80803E+21,9.70764E+15,5.24204E+16
14696,3.17051E+18,3,2,57,3,2017,5,17,1,2,7,7,0,0,0,1,1,0,0,5.10017E+20,5.78691E+21,9.14668E+15,5.22325E+16
14697,3.17043E+18,3,2,41,1,2017,4,8,3,2,5,3,0,1,0,1,0,0,1,5.56294E+20,5.79933E+21,9.82632E+15,5.23414E+16
14698,3.17043E+18,3,2,41,10,2017,4,5,3,3,2,6,0,1,0,0,0,1,1,5.51404E+20,5.81738E+21,9.75732E+15,5.25042E+16
14699,3.1705E+18,3,3,52,62,2017,5,16,3,3,2,2,0,1,0,0,0,0,0,4.85904E+20,5.93666E+21,8.7871E+15,5.35786E+16
14700,3.17051E+18,3,2,57,37,2017,5,14,4,3,5,3,0,1,0,0,0,0,0,5.08238E+20,5.80405E+21,9.12105E+15,5.23867E+16
14701,3.17051E+18,3,3,58,14,2017,5,1,1,3,9,1,0,1,0,0,0,2,0,5.40797E+20,5.84667E+21,9.60468E+15,5.27684E+16
14702,3.17043E+18,3,2,41,1,2017,4,8,3,3,2,6,0,1,0,0,0,0,0,5.53269E+20,5.80162E+21,9.78228E+15,5.23623E+16
14703,3.1705E+18,3,3,52,62,2017,5,14,3,3,4,6,0,1,0,0,0,0,0,4.741E+20,5.94477E+21,8.60815E+15,5.36511E+16
14704,3.17051E+18,3,2,57,18,2017,5,8,4,3,5,3,0,1,0,0,0,0,0,5.23827E+20,5.79232E+21,9.34927E+15,5.22807E+16
14705,3.17043E+18,3,1,55,7,2017,4,16,3,3,2,6,0,1,0,0,0,0,0,5.75343E+20,5.72697E+21,1.00899E+16,5.16886E+16
14706,3.1705E+18,3,3,53,31,2017,5,16,3,2,1,5,0,1,0,0,0,0,1,5.67873E+20,5.9196E+21,1.00213E+16,5.34211E+16
14707,3.17043E+18,3,2,57,28,2017,4,14,3,3,2,2,0,1,0,0,0,0,0,5.09185E+20,5.78799E+21,9.13452E+15,5.22423E+16
14708,3.1705E+18,3,3,59,17,2017,5,13,3,3,5,3,0,1,0,0,0,0,0,5.27464E+20,5.93079E+21,9.41429E+15,5.35253E+16
14709,3.17043E+18,3,2,56,2,2017,4,18,3,2,4,6,0,1,0,0,0,0,0,5.08993E+20,5.83148E+21,9.13288E+15,5.26332E+16
14710,3.17043E+18,3,2,56,15,2017,4,7,3,3,2,6,0,1,0,0,0,0,1,5.05429E+20,5.85154E+21,9.08054E+15,5.28136E+16
14711,3.17043E+18,3,2,56,15,2017,4,10,3,2,5,1,0,1,0,0,0,0,0,5.08212E+20,5.85077E+21,9.12182E+15,5.28067E+16
14712,3.17051E+18,3,1,59,16,2017,5,6,4,3,2,6,0,1,0,0,0,0,0,5.65099E+20,5.71212E+21,9.93903E+15,5.15564E+16
14713,3.17043E+18,3,2,56,22,2017,4,17,3,3,2,6,0,1,0,0,0,0,1,5.15961E+20,5.83445E+21,9.23598E+15,5.26598E+16
14714,3.17051E+18,3,4,55,25,2017,5,14,2,3,5,3,1,1,0,0,0,0,0,4.34825E+20,5.9158E+21,8.02004E+15,5.33873E+16
14715,3.17051E+18,3,1,51,36,2017,5,12,6,3,9,1,0,1,0,0,0,0,1,6.10645E+20,5.83055E+21,1.06342E+16,5.26136E+16
14716,3.17051E+18,3,4,51,2,2017,5,22,7,3,8,1,0,1,0,0,0,2,1,4.32045E+20,5.89318E+21,7.98309E+15,5.31836E+16
14717,3.17051E+18,3,4,56,15,2017,5,18,7,1,5,2,0,0,0,1,1,0,0,3.71047E+20,5.8149E+21,7.10161E+15,5.2469E+16
14718,3.17052E+18,3,1,55,13,2017,5,12,5,2,8,1,0,1,0,0,0,0,0,5.57841E+20,5.7369E+21,9.83844E+15,5.178E+16
14719,3.17052E+18,3,2,56,4,2017,5,16,5,3,0,1,0,1,0,1,0,0,1,4.81389E+20,5.80812E+21,8.72631E+15,5.2423E+16
14720,3.17052E+18,3,2,56,7,2017,5,16,5,3,5,3,1,1,0,0,0,0,0,5.1426E+20,5.84832E+21,9.21144E+15,5.27845E+16
14721,3.17052E+18,3,2,54,26,2017,5,12,5,3,0,7,0,0,0,0,1,0,0,5.52716E+20,5.77743E+21,9.77038E+15,5.21448E+16
14722,3.17052E+18,3,2,54,20,2017,5,18,5,2,2,6,1,1,0,0,0,0,1,5.69136E+20,5.78445E+21,1.00117E+16,5.22061E+16
14723,3.17052E+18,3,2,54,32,2017,5,9,5,3,2,6,0,1,0,0,1,0,0,5.8468E+20,5.78295E+21,1.02388E+16,5.21905E+16
14724,3.17052E+18,3,2,54,5,2017,5,14,5,3,2,6,0,1,0,0,0,0,0,5.69793E+20,5.77206E+21,1.00188E+16,5.20947E+16
14725,3.17052E+18,3,2,54,2,2017,5,13,5,3,6,4,0,1,1,0,0,0,0,5.58171E+20,5.75535E+21,9.84633E+15,5.19458E+16
14726,3.17052E+18,3,2,54,11,2017,5,14,5,3,5,3,0,1,0,0,1,0,0,5.62969E+20,5.77282E+21,9.91934E+15,5.21023E+16
14727,3.17052E+18,3,2,55,3,2017,5,17,5,3,5,3,0,1,0,0,0,0,1,5.34694E+20,5.7593E+21,9.50518E+15,5.19833E+16
14728,3.17052E+18,3,2,52,6,2017,5,7,5,3,1,3,0,1,0,1,0,0,0,5.25788E+20,5.77263E+21,9.37652E+15,5.21036E+16
14729,3.17052E+18,3,2,52,6,2017,5,6,5,3,2,6,0,1,0,0,0,0,0,5.25801E+20,5.77274E+21,9.37671E+15,5.21046E+16
14730,3.17052E+18,3,1,3,0,2017,5,17,5,3,5,3,0,1,0,1,0,0,0,6.18848E+20,5.80355E+21,1.07457E+16,5.23693E+16
14731,3.17052E+18,3,1,57,7,2017,5,16,5,3,5,2,0,1,0,0,0,0,0,5.96256E+20,5.79014E+21,1.04101E+16,5.22533E+16
14732,3.17052E+18,3,1,57,2,2017,5,8,5,3,5,3,0,1,0,1,0,0,0,5.72431E+20,5.78826E+21,1.00608E+16,5.224E+16
14733,3.17052E+18,3,1,57,6,2017,5,9,5,3,9,1,0,1,0,0,0,0,0,5.79883E+20,5.79776E+21,1.01721E+16,5.23243E+16
14734,3.17052E+18,3,1,53,17,2017,5,6,5,3,2,6,0,1,0,0,0,0,0,6.01791E+20,5.75149E+21,1.04796E+16,5.19049E+16
14735,3.17052E+18,3,1,51,30,2017,5,15,5,3,2,6,0,1,0,0,1,0,0,6.17832E+20,5.81382E+21,1.07344E+16,5.24618E+16
14736,3.17052E+18,3,4,59,24,2017,5,18,4,2,5,3,0,0,0,1,1,0,0,4.50451E+20,5.78504E+21,8.27478E+15,5.22136E+16
14737,3.17052E+18,3,4,59,17,2017,5,11,4,3,2,2,0,1,0,0,0,0,0,4.13868E+20,5.81946E+21,7.73061E+15,5.25185E+16
14738,3.17052E+18,3,4,59,12,2017,5,23,4,3,8,1,1,0,0,0,0,2,0,4.40006E+20,5.7914E+21,8.12079E+15,5.22697E+16
14739,3.17052E+18,3,4,4,0,2017,5,15,4,3,6,4,0,1,1,0,0,0,0,4.39617E+20,5.79092E+21,8.11519E+15,5.22653E+16
14740,3.17052E+18,3,4,4,0,2017,5,8,4,3,1,5,1,1,0,0,0,0,0,4.36253E+20,5.79271E+21,8.06555E+15,5.2281E+16
14741,3.17052E+18,3,4,4,0,2017,5,15,4,3,0,1,0,0,0,1,0,0,0,4.42559E+20,5.79241E+21,8.15803E+15,5.2279E+16
14742,3.17052E+18,3,4,57,12,2017,5,20,4,2,9,1,0,0,0,1,0,0,0,3.86562E+20,5.90817E+21,7.29737E+15,5.33106E+16