OBJECTID,UIDENTSTLA,ULAND,UREGBEZ,UKREIS,UGEMEINDE,UJAHR,UMONAT,USTUNDE,UWOCHENTAG,UKATEGORIE,UART,UTYP1,IstRad,IstPKW,IstFuss,IstKrad,IstSonstig,LICHT,STRZUSTAND,LINREFX,LINREFY,XGCSWGS84,YGCSWGS84
14743,3.17052E+18,3,4,57,14,2017,5,15,4,3,2,2,0,1,0,0,0,0,0,3.98772E+20,5.90793E+21,7.48063E+15,5.33109E+16
14744,3.17052E+18,3,4,54,41,2017,5,16,4,3,5,3,1,1,0,0,0,0,0,3.94451E+20,5.88165E+21,7.42449E+15,5.30739E+16
14745,3.17052E+18,3,4,54,12,2017,5,13,4,3,3,6,0,1,0,0,0,0,0,4.0197E+20,5.81788E+21,7.55578E+15,5.25022E+16
14746,3.17052E+18,3,4,54,32,2017,5,15,4,3,2,2,0,1,0,0,0,0,0,3.85111E+20,5.82158E+21,7.30624E+15,5.25322E+16
14747,3.17052E+18,3,4,52,1,2017,5,18,4,2,9,7,0,1,0,0,0,0,0,3.99265E+20,5.93327E+21,7.47992E+15,5.35387E+16
14748,3.17052E+18,3,4,53,13,2017,5,18,4,3,2,2,0,1,0,1,0,0,0,4.14507E+20,5.8797E+21,7.72429E+15,5.30599E+16
14749,3.17052E+18,3,4,60,1,2017,5,19,4,3,5,3,1,1,0,0,0,0,0,4.45837E+20,5.84362E+21,8.19774E+15,5.27397E+16
14750,3.17052E+18,3,4,55,7,2017,5,15,4,3,2,2,0,1,0,0,0,0,0,4.28668E+20,5.93556E+21,7.92299E+15,5.3564E+16
14751,3.17052E+18,3,3,61,12,2017,5,13,4,3,8,1,0,1,0,0,0,0,0,5.14817E+20,5.86865E+21,9.22062E+15,5.29672E+16
14752,3.17052E+18,3,4,51,5,2017,5,17,4,3,2,2,0,1,0,0,0,0,0,4.43984E+20,5.90967E+21,8.15881E+15,5.33332E+16
14753,3.17052E+18,3,4,51,2,2017,5,16,4,2,5,3,1,1,0,0,0,0,0,4.33761E+20,5.89644E+21,8.00807E+15,5.32131E+16
14754,3.17052E+18,3,4,51,2,2017,5,16,4,3,5,3,0,1,0,0,0,0,0,4.28688E+20,5.89311E+21,7.93287E+15,5.31825E+16
14755,3.17052E+18,3,2,51,47,2017,5,17,4,2,2,6,0,1,0,0,0,0,0,4.8623E+20,5.87079E+21,8.79488E+15,5.29865E+16
14756,3.17052E+18,3,2,51,47,2017,5,14,4,3,5,3,0,0,0,1,0,0,0,4.8692E+20,5.8688E+21,8.80524E+15,5.29686E+16
14757,3.17052E+18,3,2,51,37,2017,5,15,4,3,2,2,0,1,0,0,0,0,0,4.80572E+20,5.87634E+21,8.71026E+15,5.30363E+16
14758,3.17052E+18,3,2,51,42,2017,5,7,4,3,5,3,1,1,0,0,0,0,0,4.75591E+20,5.84996E+21,8.63796E+15,5.27989E+16
14759,3.17052E+18,3,2,51,45,2017,5,11,4,3,5,3,0,1,0,0,0,0,0,4.79069E+20,5.83133E+21,8.69074E+15,5.26315E+16
14760,3.17052E+18,3,2,51,22,2017,5,18,4,2,4,2,0,1,0,0,0,0,0,4.57483E+20,5.8191E+21,8.37338E+15,5.25204E+16
14761,3.17052E+18,3,4,61,9,2017,5,15,4,3,3,6,0,0,0,1,1,0,0,4.59747E+20,5.91715E+21,8.39456E+15,5.34019E+16
14762,3.17052E+18,3,4,61,9,2017,5,12,4,2,2,6,0,1,0,1,0,0,0,4.63412E+20,5.9184E+21,8.44954E+15,5.34134E+16
14763,3.17052E+18,3,4,61,4,2017,5,17,4,3,0,1,0,0,0,1,0,0,0,4.59058E+20,5.89404E+21,8.38718E+15,5.31941E+16
14764,3.17052E+18,3,3,52,63,2017,5,10,4,3,2,6,0,1,0,0,0,0,0,5.03927E+20,5.95796E+21,9.05958E+15,5.37702E+16
14765,3.17052E+18,3,3,53,40,2017,5,20,4,3,3,6,0,1,0,0,1,0,0,5.80752E+20,5.91054E+21,1.02128E+16,5.33379E+16
14766,3.17052E+18,3,3,53,32,2017,5,6,4,2,4,7,0,1,0,0,0,0,0,5.76372E+20,5.91375E+21,1.01478E+16,5.33674E+16
14767,3.17052E+18,3,3,58,2,2017,5,14,4,3,5,3,0,1,0,1,0,0,0,5.64795E+20,5.88157E+21,9.9673E+15,5.30797E+16
14768,3.17052E+18,3,3,57,8,2017,5,7,4,3,8,6,0,1,0,0,0,0,0,5.07757E+20,5.92296E+21,9.11682E+15,5.34556E+16
14769,3.17052E+18,3,3,57,45,2017,5,18,4,3,5,2,0,1,0,0,0,0,0,5.15285E+20,5.88487E+21,9.22836E+15,5.3113E+16
14770,3.17052E+18,3,3,53,18,2017,5,18,4,3,2,6,0,1,0,0,0,0,0,5.41527E+20,5.90966E+21,9.62363E+15,5.33345E+16
14771,3.17052E+18,3,3,57,39,2017,5,17,4,3,5,3,1,1,0,0,0,0,0,5.23877E+20,5.88932E+21,9.35705E+15,5.31528E+16
14772,3.17052E+18,3,3,60,25,2017,5,13,4,3,3,6,0,1,0,0,1,0,0,6.05057E+20,5.87164E+21,1.05649E+16,5.2984E+16
14773,3.17052E+18,3,3,55,24,2017,5,19,4,2,5,3,1,1,0,0,0,0,0,5.95554E+20,5.89199E+21,1.04295E+16,5.31687E+16
14774,3.17052E+18,3,3,55,7,2017,5,18,4,3,8,1,0,1,0,0,0,0,0,5.95073E+20,5.9115E+21,1.04281E+16,5.33441E+16
14775,3.17052E+18,3,3,55,3,2017,5,18,4,2,0,7,1,0,0,0,0,0,0,5.97068E+20,5.91186E+21,1.04582E+16,5.33469E+16
14776,3.17052E+18,3,2,41,1,2017,5,14,4,3,3,6,0,1,0,0,1,0,0,5.48697E+20,5.80149E+21,9.71512E+15,5.23615E+16
14777,3.17052E+18,3,2,41,1,2017,5,14,4,3,3,2,1,0,0,0,1,0,0,5.52045E+20,5.79954E+21,9.76399E+15,5.23437E+16
14778,3.17052E+18,3,2,41,1,2017,5,17,4,3,5,2,1,0,0,0,1,0,0,5.49871E+20,5.80809E+21,9.73334E+15,5.24208E+16
14779,3.17052E+18,3,2,41,21,2017,5,17,4,2,4,2,0,1,0,1,0,0,0,5.3036E+20,5.80748E+21,9.4464E+15,5.24167E+16
14780,3.17052E+18,3,2,41,21,2017,5,1,4,2,6,6,1,0,1,0,0,2,0,5.25901E+20,5.80927E+21,9.38097E+15,5.2433E+16
14781,3.17052E+18,3,2,41,6,2017,5,18,4,3,5,3,1,1,0,0,0,0,0,5.37591E+20,5.79708E+21,9.55154E+15,5.23228E+16
14782,3.17052E+18,3,2,41,12,2017,5,11,4,3,5,3,1,1,0,0,0,0,0,5.31972E+20,5.81722E+21,9.47104E+15,5.25042E+16
14783,3.17052E+18,3,2,41,12,2017,5,16,4,3,2,6,0,1,0,0,0,0,0,5.34301E+20,5.82286E+21,9.50593E+15,5.25547E+16
14784,3.17052E+18,3,2,41,11,2017,5,16,4,3,1,5,0,1,0,0,1,0,0,5.6514E+20,5.80822E+21,9.95787E+15,5.24203E+16
14785,3.17052E+18,3,2,41,16,2017,5,8,4,3,2,2,0,1,0,0,0,0,0,5.64409E+20,5.79855E+21,9.94526E+15,5.23335E+16
14786,3.17052E+18,3,2,41,1,2017,5,19,4,3,2,6,0,1,0,0,0,0,0,5.61037E+20,5.80695E+21,9.89732E+15,5.24094E+16
14787,3.17052E+18,3,2,41,1,2017,5,17,4,3,6,2,0,0,1,0,1,0,0,5.56444E+20,5.80583E+21,9.82961E+15,5.23998E+16
14788,3.17051E+18,3,4,51,2,2017,5,18,7,3,9,1,0,1,0,0,0,0,1,4.34175E+20,5.90007E+21,8.01353E+15,5.32458E+16
14789,3.17052E+18,3,2,57,32,2017,5,15,4,3,2,6,0,0,0,0,1,0,0,5.26413E+20,5.79681E+21,9.38753E+15,5.2321E+16
14790,3.17052E+18,3,2,41,1,2017,5,9,4,3,5,2,1,1,0,0,0,0,0,5.56445E+20,5.80583E+21,9.82962E+15,5.23998E+16
14791,3.17052E+18,3,2,41,7,2017,5,7,4,2,5,2,1,1,0,0,0,0,0,5.48743E+20,5.79703E+21,9.71515E+15,5.23214E+16
14792,3.17052E+18,3,2,57,22,2017,5,12,4,3,2,7,0,1,0,0,1,0,0,5.05489E+20,5.78558E+21,9.08035E+15,5.22207E+16
14793,3.17052E+18,3,1,59,19,2017,5,21,4,2,0,7,0,1,1,0,0,2,0,5.92274E+20,5.7237E+21,1.0334E+16,5.16567E+16
14794,3.17052E+18,3,1,55,3,2017,5,18,4,3,9,1,0,0,0,1,0,0,0,5.4651E+20,5.73403E+21,9.67382E+15,5.17552E+16
14795,3.17052E+18,3,2,56,30,2017,5,18,4,3,3,6,0,1,0,0,0,0,0,5.01172E+20,5.82336E+21,9.01729E+15,5.25603E+16
14796,3.17052E+18,3,2,57,12,2017,5,13,4,3,0,3,1,1,0,0,0,0,0,5.06591E+20,5.78679E+21,9.0965E+15,5.22315E+16
14797,3.17052E+18,3,2,57,9,2017,5,20,4,2,3,6,1,1,0,0,0,0,0,5.02944E+20,5.79865E+21,9.04321E+15,5.23382E+16
14798,3.17052E+18,3,2,54,2,2017,5,17,4,2,5,3,0,1,0,1,0,0,0,5.5658E+20,5.75626E+21,9.82334E+15,5.19541E+16
14799,3.17052E+18,3,2,54,21,2017,5,15,4,3,5,3,1,1,0,0,0,0,0,5.65548E+20,5.77901E+21,9.95819E+15,5.21577E+16
14800,3.17052E+18,3,2,55,13,2017,5,18,4,3,1,5,0,1,0,1,0,0,0,5.44821E+20,5.75279E+21,9.65179E+15,5.1924E+16
14801,3.17052E+18,3,2,52,4,2017,5,17,4,3,5,3,0,1,0,0,0,0,0,5.34703E+20,5.77491E+21,9.5069E+15,5.21236E+16
14802,3.17052E+18,3,1,59,17,2017,5,15,4,3,8,1,0,1,0,0,0,0,0,5.53802E+20,5.69552E+21,9.77355E+15,5.14084E+16
14803,3.17052E+18,3,1,59,7,2017,5,14,4,3,8,1,0,0,0,1,0,0,0,5.58001E+20,5.71548E+21,9.83721E+15,5.15874E+16
14804,3.17052E+18,3,1,3,0,2017,5,10,4,3,2,2,0,1,0,0,1,0,0,6.20206E+20,5.80203E+21,1.07651E+16,5.23554E+16
14805,3.17052E+18,3,1,3,0,2017,5,17,4,3,2,6,0,1,0,1,0,0,0,6.1905E+20,5.81017E+21,1.0751E+16,5.24287E+16
14806,3.17052E+18,3,1,58,2,2017,5,10,4,3,2,2,0,1,0,0,0,0,0,5.84685E+20,5.77154E+21,1.0236E+16,5.20879E+16
14807,3.17052E+18,3,1,2,0,2017,5,16,4,3,4,2,0,1,0,0,0,0,0,5.94478E+20,5.76841E+21,1.0378E+16,5.20582E+16
14808,3.17052E+18,3,1,57,8,2017,5,7,4,3,2,6,0,1,0,0,0,0,0,5.94988E+20,5.80208E+21,1.03949E+16,5.23608E+16
14809,3.17052E+18,3,1,51,24,2017,5,19,4,3,5,3,1,1,0,0,0,0,0,6.28017E+20,5.81676E+21,1.08853E+16,5.2486E+16
14810,3.17052E+18,3,1,51,27,2017,5,19,4,2,5,3,0,1,0,1,0,0,0,5.98743E+20,5.80182E+21,1.045E+16,5.23577E+16
14811,3.17052E+18,3,1,2,0,2017,5,18,4,3,2,6,0,1,0,0,1,0,0,5.97739E+20,5.78384E+21,1.043E+16,5.21963E+16
14812,3.17052E+18,3,1,51,27,2017,5,15,4,2,2,6,0,0,0,0,1,0,0,5.98522E+20,5.79884E+21,1.04459E+16,5.2331E+16
14813,3.17052E+18,3,1,54,13,2017,5,9,4,3,5,3,0,1,0,0,0,0,0,6.17931E+20,5.79743E+21,1.07301E+16,5.23145E+16
14814,3.17052E+18,3,4,59,12,2017,5,16,3,3,5,3,0,1,0,1,0,0,0,4.40805E+20,5.78835E+21,8.13303E+15,5.22424E+16
14815,3.17052E+18,3,4,59,19,2017,5,10,3,3,4,7,0,1,0,0,0,0,0,4.32369E+20,5.78647E+21,8.00988E+15,5.22245E+16
14816,3.17052E+18,3,4,59,29,2017,5,17,3,3,5,3,0,1,0,0,1,0,0,4.42149E+20,5.8057E+21,8.14973E+15,5.23985E+16
14817,3.17052E+18,3,4,59,33,2017,5,16,3,3,5,3,1,1,0,0,0,0,0,4.3383E+20,5.80083E+21,8.02845E+15,5.23538E+16
14818,3.17052E+18,3,4,59,14,2017,5,11,3,3,5,2,0,1,0,0,0,0,0,4.2984E+20,5.80641E+21,7.9687E+15,5.24034E+16
14819,3.17052E+18,3,4,4,0,2017,5,19,3,3,1,7,0,1,0,0,0,0,0,4.3751E+20,5.79337E+21,8.08385E+15,5.22871E+16
14820,3.17052E+18,3,4,56,27,2017,5,17,3,3,5,3,1,1,0,0,0,0,0,3.786E+20,5.79777E+21,7.21896E+15,5.23168E+16
14821,3.17052E+18,3,4,54,19,2017,5,1,3,2,0,1,1,0,0,0,0,2,0,3.94997E+20,5.83262E+21,7.44842E+15,5.26334E+16
14822,3.17052E+18,3,4,62,3,2017,5,15,3,3,5,3,1,1,0,0,0,0,0,4.08076E+20,5.94481E+21,7.60944E+15,5.3644E+16
14823,3.17052E+18,3,4,52,7,2017,5,12,3,3,5,3,0,1,0,0,0,0,1,3.90371E+20,5.93945E+21,7.3436E+15,5.35924E+16
14824,3.17052E+18,3,4,60,8,2017,5,17,3,2,5,3,1,1,0,0,0,0,0,4.4473E+20,5.82528E+21,8.18441E+15,5.25748E+16
14825,3.17052E+18,3,4,60,8,2017,5,7,3,2,8,6,1,0,0,0,0,0,0,4.46579E+20,5.82609E+21,8.21157E+15,5.25822E+16
14826,3.17052E+18,3,4,53,8,2017,5,7,3,3,5,3,0,1,0,0,0,0,0,4.34346E+20,5.86974E+21,8.02229E+15,5.29732E+16
14827,3.17052E+18,3,4,55,26,2017,5,16,3,3,3,2,1,0,0,0,1,0,0,4.41638E+20,5.91704E+21,8.12223E+15,5.33992E+16
14828,3.17052E+18,3,3,56,7,2017,5,6,3,3,8,1,0,1,0,0,0,0,1,4.80851E+20,5.89781E+21,8.71314E+15,5.32292E+16
14829,3.17052E+18,3,3,61,8,2017,5,17,3,2,5,3,0,1,0,1,0,0,0,5.09929E+20,5.88431E+21,9.14832E+15,5.31082E+16
14830,3.17052E+18,3,4,51,7,2017,5,17,3,3,2,6,0,1,0,0,0,0,0,4.2881E+20,5.90068E+21,7.933E+15,5.32506E+16
14831,3.17052E+18,3,4,61,1,2017,5,17,3,2,2,6,0,1,0,0,1,0,0,4.68112E+20,5.88998E+21,8.5231E+15,5.31582E+16
14832,3.17052E+18,3,4,61,4,2017,5,15,3,2,4,7,0,1,0,0,0,0,0,4.62324E+20,5.89442E+21,8.43601E+15,5.31977E+16
14833,3.17052E+18,3,4,58,5,2017,5,13,3,3,6,4,0,1,1,0,0,0,0,4.69763E+20,5.87588E+21,8.54911E+15,5.30316E+16
14834,3.17052E+18,3,4,1,0,2017,5,15,3,3,5,3,0,1,0,0,0,0,0,4.75196E+20,5.87915E+21,8.62988E+15,5.30612E+16
14835,3.17052E+18,3,3,52,62,2017,5,15,3,3,3,3,1,1,0,0,0,0,0,4.73202E+20,5.93943E+21,8.59502E+15,5.3603E+16
14836,3.17052E+18,3,3,53,35,2017,5,8,3,3,9,1,0,1,0,0,0,0,1,5.4706E+20,5.90584E+21,9.70614E+15,5.32997E+16
14837,3.17052E+18,3,3,59,3,2017,5,15,3,3,2,6,0,1,0,0,0,0,1,5.41108E+20,5.9209E+21,9.6188E+15,5.34355E+16
14838,3.17052E+18,3,3,59,10,2017,5,7,3,3,5,3,0,1,0,0,0,0,1,5.46235E+20,5.92372E+21,9.69638E+15,5.34605E+16
14839,3.17052E+18,3,3,58,21,2017,5,11,3,3,2,6,0,1,0,0,0,0,0,5.6044E+20,5.86856E+21,9.89985E+15,5.29632E+16
14840,3.17052E+18,3,3,60,2,2017,5,19,3,3,9,1,0,1,0,0,0,0,1,6.09283E+20,5.88155E+21,1.06312E+16,5.30723E+16
14841,3.17052E+18,3,3,55,4,2017,5,14,3,2,0,6,1,0,0,0,0,0,1,5.92574E+20,5.90574E+21,1.03889E+16,5.32928E+16
14842,3.17052E+18,3,3,51,21,2017,5,12,3,3,4,1,0,1,0,1,0,0,0,5.7847E+20,5.82155E+21,1.0157E+16,5.25383E+16
14843,3.17052E+18,3,3,51,6,2017,5,13,3,3,1,5,0,1,0,0,0,0,0,5.71768E+20,5.83438E+21,1.0061E+16,5.26547E+16
14844,3.17052E+18,3,2,41,1,2017,5,16,3,3,5,2,1,1,0,0,0,0,0,5.49247E+20,5.80329E+21,9.72347E+15,5.23777E+16
14845,3.17052E+18,3,2,41,1,2017,5,16,3,3,3,2,1,1,0,0,0,0,0,5.53533E+20,5.80273E+21,9.78634E+15,5.23722E+16
14846,3.17052E+18,3,2,41,15,2017,5,7,3,3,3,6,0,1,0,1,0,0,0,5.34957E+20,5.80699E+21,9.51393E+15,5.2412E+16
14847,3.17052E+18,3,2,41,5,2017,5,7,3,3,4,6,0,1,0,0,1,0,0,5.34454E+20,5.80886E+21,9.50674E+15,5.24289E+16
14848,3.17052E+18,3,1,55,6,2017,5,15,3,3,5,3,0,1,0,0,0,0,0,5.73578E+20,5.73817E+21,1.00668E+16,5.17896E+16
14849,3.17052E+18,3,2,57,31,2017,5,17,3,2,1,5,1,1,0,0,0,0,0,5.04857E+20,5.78276E+21,9.07106E+15,5.21952E+16
14850,3.17052E+18,3,2,56,14,2017,5,13,3,3,5,3,0,1,0,0,0,0,0,5.09697E+20,5.85168E+21,9.14388E+15,5.28148E+16
14851,3.17052E+18,3,2,54,21,2017,5,14,3,3,2,6,0,1,0,0,0,0,0,5.66517E+20,5.77901E+21,9.97236E+15,5.21576E+16
14852,3.17052E+18,3,2,54,21,2017,5,4,3,2,8,7,0,0,0,0,1,1,0,5.67653E+20,5.77908E+21,9.98897E+15,5.21581E+16
14853,3.17052E+18,3,2,52,8,2017,5,11,3,3,5,3,0,1,0,0,0,0,0,5.40092E+20,5.76865E+21,9.58487E+15,5.2067E+16
14854,3.17052E+18,3,1,2,0,2017,5,8,3,3,4,2,0,1,0,0,0,0,0,5.89318E+20,5.7766E+21,1.03049E+16,5.21327E+16
14855,3.17052E+18,3,1,51,18,2017,5,14,3,1,4,1,0,1,0,0,1,0,0,5.98322E+20,5.81529E+21,1.04478E+16,5.24789E+16
14856,3.17052E+18,3,1,51,25,2017,5,6,3,3,2,6,0,1,0,0,1,0,0,6.13786E+20,5.82702E+21,1.06794E+16,5.25813E+16
14857,3.17052E+18,3,1,51,9,2017,5,17,3,3,2,6,0,1,0,0,0,0,1,6.06848E+20,5.81741E+21,1.05739E+16,5.24963E+16
14858,3.17052E+18,3,1,54,14,2017,5,9,3,3,2,6,0,1,0,0,1,0,0,6.1099E+20,5.79676E+21,1.06281E+16,5.23099E+16
14859,3.17052E+18,3,1,1,0,2017,5,8,3,3,5,2,1,1,0,0,0,0,0,6.03667E+20,5.79315E+21,1.05196E+16,5.22789E+16
14860,3.17052E+18,3,4,4,0,2017,5,7,2,3,4,6,1,0,0,0,0,0,0,4.34719E+20,5.79285E+21,8.04304E+15,5.22821E+16
14861,3.17052E+18,3,4,4,0,2017,5,8,2,2,2,6,0,0,0,0,1,0,0,4.31381E+20,5.79011E+21,7.99467E+15,5.22571E+16
14862,3.17051E+18,3,4,54,10,2017,5,14,7,3,5,3,1,1,0,0,0,0,1,3.8369E+20,5.80553E+21,7.2909E+15,5.23877E+16
14863,3.17052E+18,3,4,2,0,2017,5,8,2,3,2,6,0,1,0,0,0,0,0,3.84425E+20,5.91107E+21,7.26424E+15,5.33362E+16
14864,3.17052E+18,3,4,54,41,2017,5,9,2,3,3,5,0,1,0,0,0,0,0,3.96654E+20,5.87919E+21,7.45814E+15,5.30522E+16
14865,3.17052E+18,3,4,56,14,2017,5,12,2,2,5,3,1,1,0,0,0,0,0,3.62683E+20,5.81946E+21,6.97668E+15,5.25079E+16
14866,3.17052E+18,3,4,52,1,2017,5,18,2,3,5,3,1,1,0,0,0,0,0,3.98668E+20,5.92568E+21,7.47338E+15,5.34704E+16
14867,3.17052E+18,3,4,60,2,2017,5,17,2,3,9,1,0,1,0,0,0,0,0,4.50686E+20,5.81697E+21,8.27354E+15,5.25006E+16
14868,3.17052E+18,3,4,60,8,2017,5,19,2,2,8,1,0,0,0,1,0,0,0,4.45104E+20,5.8254E+21,8.18991E+15,5.25759E+16
14869,3.17052E+18,3,4,60,4,2017,5,16,2,3,4,6,0,1,0,1,1,0,0,4.5647E+20,5.84594E+21,8.35491E+15,5.27615E+16
14870,3.17052E+18,3,4,60,1,2017,5,8,2,3,2,6,0,1,0,0,0,0,0,4.4744E+20,5.84173E+21,8.22177E+15,5.27229E+16
14871,3.17052E+18,3,4,55,27,2017,5,7,2,2,6,6,1,0,1,0,0,0,0,4.31732E+20,5.91885E+21,7.97287E+15,5.34143E+16
14872,3.17052E+18,3,4,5,0,2017,5,19,2,2,5,3,0,1,0,1,0,0,0,4.37378E+20,5.93283E+21,8.05502E+15,5.35406E+16
14873,3.17052E+18,3,3,61,1,2017,5,17,2,3,5,3,0,1,0,0,0,0,0,5.02039E+20,5.87366E+21,9.0304E+15,5.30125E+16
14874,3.17052E+18,3,3,61,12,2017,5,17,2,3,5,3,1,1,0,0,0,0,0,5.17612E+20,5.86435E+21,9.262E+15,5.29285E+16
14875,3.17052E+18,3,4,55,14,2017,5,16,2,2,3,6,0,1,0,0,1,0,0,4.33584E+20,5.93016E+21,7.99834E+15,5.35161E+16
14876,3.17052E+18,3,4,51,7,2017,5,9,2,3,8,7,0,1,0,0,1,0,0,4.31646E+20,5.90081E+21,7.97548E+15,5.32521E+16
14877,3.17052E+18,3,4,51,8,2017,5,17,2,3,5,3,1,1,0,0,0,0,0,4.44784E+20,5.8932E+21,8.17369E+15,5.31853E+16
14878,3.17052E+18,3,4,3,0,2017,5,19,2,3,6,4,0,1,1,0,0,0,0,4.47198E+20,5.88507E+21,8.21115E+15,5.31125E+16
14879,3.17052E+18,3,2,51,37,2017,5,18,2,3,5,3,0,1,0,0,0,0,0,4.84342E+20,5.87175E+21,8.76671E+15,5.29951E+16
14880,3.17052E+18,3,2,51,41,2017,5,16,2,3,7,7,0,1,0,0,0,0,0,4.92676E+20,5.86164E+21,8.89111E+15,5.29044E+16
14881,3.17052E+18,3,4,58,14,2017,5,15,2,2,2,6,0,1,0,0,1,0,0,4.58204E+20,5.8626E+21,8.37847E+15,5.29115E+16
14882,3.17052E+18,3,4,61,2,2017,5,7,2,3,2,6,0,1,0,0,1,0,1,4.63314E+20,5.9128E+21,8.44872E+15,5.3363E+16
14883,3.17052E+18,3,4,58,10,2017,5,16,2,3,2,2,0,1,0,0,0,0,0,4.64542E+20,5.88434E+21,8.47032E+15,5.31073E+16
14884,3.17052E+18,3,4,58,14,2017,5,18,2,3,2,2,0,1,0,0,0,0,0,4.62897E+20,5.86148E+21,8.44838E+15,5.29017E+16
14885,3.17052E+18,3,3,52,22,2017,5,15,2,3,5,2,0,1,0,1,0,0,0,5.12571E+20,5.94656E+21,9.19026E+15,5.36677E+16
14886,3.17052E+18,3,3,53,37,2017,5,23,2,3,9,6,0,1,0,0,0,2,0,5.80727E+20,5.90407E+21,1.02108E+16,5.32797E+16
14887,3.17052E+18,3,3,53,40,2017,5,21,2,3,7,7,0,1,0,0,0,2,0,5.77779E+20,5.91278E+21,1.01687E+16,5.33584E+16
14888,3.17052E+18,3,3,53,35,2017,5,17,2,3,4,6,1,0,0,0,0,0,0,5.49045E+20,5.90398E+21,9.73563E+15,5.32828E+16
14889,3.17052E+18,3,3,59,10,2017,5,15,2,3,2,1,0,1,0,0,0,0,0,5.44978E+20,5.9247E+21,9.67758E+15,5.34694E+16
14890,3.17051E+18,3,4,56,1,2017,5,14,7,3,0,1,1,0,0,0,0,0,0,3.75732E+20,5.79333E+21,7.17854E+15,5.22763E+16
14891,3.17052E+18,3,3,57,44,2017,5,7,2,3,2,6,0,1,0,0,0,0,0,5.33737E+20,5.90396E+21,9.50604E+15,5.32838E+16
14892,3.17052E+18,3,3,57,57,2017,5,16,2,3,5,3,1,1,0,0,0,0,0,5.18498E+20,5.90444E+21,9.27749E+15,5.32889E+16
14893,3.17052E+18,3,3,57,56,2017,5,5,2,2,9,1,0,1,0,0,0,0,0,5.35554E+20,5.91108E+21,9.53409E+15,5.33477E+16
14894,3.17052E+18,3,3,57,33,2017,5,17,2,2,5,3,0,1,0,0,0,0,0,5.42356E+20,5.89613E+21,9.63426E+15,5.32128E+16
14895,3.17052E+18,3,3,60,5,2017,5,17,2,2,4,2,1,1,0,0,0,0,0,6.13158E+20,5.85522E+21,1.06798E+16,5.28348E+16
14896,3.17052E+18,3,3,60,25,2017,5,17,2,2,5,2,0,1,0,0,0,0,0,6.06514E+20,5.86971E+21,1.0586E+16,5.29664E+16
14897,3.17052E+18,3,3,54,9,2017,5,10,2,3,5,3,0,1,0,0,1,0,0,6.35253E+20,5.89097E+21,1.10226E+16,5.31509E+16
14898,3.17052E+18,3,3,55,33,2017,5,14,2,3,3,6,0,1,0,1,0,0,0,6.00232E+20,5.90474E+21,1.05034E+16,5.32824E+16
14899,3.17052E+18,3,3,51,4,2017,5,12,2,3,2,6,0,1,0,0,0,0,0,5.64852E+20,5.85156E+21,9.96214E+15,5.28099E+16
14900,3.17052E+18,3,2,41,1,2017,5,20,2,3,5,3,0,1,0,1,0,0,0,5.47592E+20,5.79991E+21,9.69867E+15,5.23474E+16
14901,3.17052E+18,3,2,41,1,2017,5,9,2,3,2,6,0,1,0,0,0,0,0,5.48902E+20,5.80337E+21,9.71841E+15,5.23784E+16
14902,3.17052E+18,3,2,41,1,2017,5,10,2,3,5,3,0,1,0,1,0,0,0,5.4652E+20,5.80284E+21,9.68334E+15,5.23738E+16
14903,3.17052E+18,3,2,41,21,2017,5,15,2,3,4,6,0,1,0,0,1,0,0,5.33949E+20,5.80837E+21,9.49925E+15,5.24245E+16
14904,3.17052E+18,3,2,41,17,2017,5,7,2,3,2,6,0,1,0,0,1,0,0,5.4728E+20,5.78561E+21,9.6921E+15,5.22189E+16
14905,3.17052E+18,3,2,41,7,2017,5,11,2,2,5,3,0,1,0,1,0,0,0,5.50488E+20,5.79487E+21,9.74044E+15,5.23018E+16
14906,3.17052E+18,3,2,41,11,2017,5,16,2,3,4,6,0,1,0,0,0,0,0,5.66239E+20,5.80527E+21,9.97345E+15,5.23936E+16
14907,3.17052E+18,3,2,41,8,2017,5,13,2,2,6,4,1,0,1,0,0,0,0,5.58385E+20,5.8096E+21,9.85879E+15,5.24335E+16
14908,3.17052E+18,3,2,41,8,2017,5,6,2,3,3,2,1,1,0,0,0,1,0,5.55957E+20,5.81289E+21,9.82363E+15,5.24633E+16
14909,3.17052E+18,3,2,41,18,2017,5,18,2,3,0,6,1,1,0,0,0,0,0,5.73122E+20,5.81922E+21,1.00776E+16,5.25182E+16
14910,3.17052E+18,3,2,41,12,2017,5,10,2,1,5,3,0,0,0,0,1,0,0,5.28996E+20,5.82183E+21,9.42759E+15,5.25457E+16
14911,3.17052E+18,3,2,41,1,2017,5,10,2,3,5,2,1,1,0,0,0,0,0,5.51498E+20,5.80248E+21,9.7564E+15,5.23702E+16
14912,3.17052E+18,3,2,41,21,2017,5,14,2,3,2,6,0,1,0,0,1,0,0,5.33908E+20,5.80597E+21,9.49841E+15,5.2403E+16
14913,3.17052E+18,3,1,55,9,2017,5,17,2,3,5,3,1,1,0,0,0,0,0,5.60156E+20,5.72754E+21,9.87038E+15,5.16956E+16
14914,3.17052E+18,3,1,55,11,2017,5,14,2,3,5,3,0,1,0,1,0,0,0,5.68519E+20,5.73001E+21,9.99185E+15,5.17168E+16
14915,3.17052E+18,3,2,56,32,2017,5,7,2,3,0,1,0,0,0,1,0,0,0,5.05536E+20,5.81767E+21,9.08157E+15,5.25091E+16
14916,3.17051E+18,3,4,62,3,2017,5,9,7,3,2,6,0,1,0,0,0,0,0,4.08321E+20,5.94345E+21,7.61355E+15,5.36318E+16