OBJECTID,UIDENTSTLA,ULAND,UREGBEZ,UKREIS,UGEMEINDE,UJAHR,UMONAT,USTUNDE,UWOCHENTAG,UKATEGORIE,UART,UTYP1,IstRad,IstPKW,IstFuss,IstKrad,IstSonstig,LICHT,STRZUSTAND,LINREFX,LINREFY,XGCSWGS84,YGCSWGS84
14917,3.17052E+18,3,2,56,30,2017,5,5,2,3,8,7,0,0,0,0,1,0,1,5.04957E+20,5.8261E+21,9.07317E+15,5.25849E+16
14918,3.17052E+18,3,2,57,24,2017,5,19,2,2,8,1,0,0,0,1,0,0,0,5.28105E+20,5.78995E+21,9.41178E+15,5.22592E+16
14919,3.17052E+18,3,2,55,23,2017,5,12,2,3,5,3,1,1,0,0,0,0,0,5.31003E+20,5.74181E+21,9.44987E+15,5.18263E+16
14920,3.17052E+18,3,2,52,6,2017,5,21,2,2,5,3,1,0,0,0,0,0,0,5.24525E+20,5.77231E+21,9.35805E+15,5.21008E+16
14921,3.17052E+18,3,1,59,34,2017,5,20,2,3,8,1,0,1,0,0,0,1,0,5.42977E+20,5.68976E+21,9.61723E+15,5.13575E+16
14922,3.17052E+18,3,1,59,17,2017,5,5,2,3,6,2,0,1,1,0,0,1,1,5.44849E+20,5.69745E+21,9.64509E+15,5.14265E+16
14923,3.17052E+18,3,1,59,14,2017,5,12,2,3,2,6,0,1,0,0,0,0,0,5.83861E+20,5.71832E+21,1.02111E+16,5.16096E+16
14924,3.17052E+18,3,1,59,16,2017,5,19,2,3,2,2,0,1,0,0,0,0,0,5.66025E+20,5.70794E+21,9.9516E+15,5.15187E+16
14925,3.17052E+18,3,1,58,39,2017,5,14,2,2,3,2,0,0,0,1,1,0,0,6.10425E+20,5.76665E+21,1.061E+16,5.20394E+16
14926,3.17052E+18,3,1,58,37,2017,5,19,2,3,4,2,0,1,0,0,0,0,0,6.08537E+20,5.77948E+21,1.05865E+16,5.21551E+16
14927,3.17052E+18,3,1,2,0,2017,5,12,2,3,2,6,0,1,0,0,0,0,0,5.99147E+20,5.78176E+21,1.045E+16,5.21774E+16
14928,3.17052E+18,3,1,51,7,2017,5,9,2,3,5,2,0,1,0,0,0,0,0,5.99864E+20,5.84051E+21,1.04781E+16,5.27052E+16
14929,3.17052E+18,3,1,51,41,2017,5,17,2,3,2,2,0,1,0,0,1,0,0,5.94244E+20,5.80348E+21,1.03844E+16,5.23734E+16
14930,3.17052E+18,3,1,2,0,2017,5,17,2,3,2,6,0,1,0,0,0,0,0,5.95558E+20,5.78312E+21,1.03979E+16,5.21903E+16
14931,3.17052E+18,3,1,1,0,2017,5,16,2,3,2,6,0,1,0,0,0,0,0,6.01856E+20,5.79058E+21,1.04923E+16,5.22562E+16
14932,3.17052E+18,3,1,1,0,2017,5,13,2,2,2,6,0,1,0,0,0,0,0,6.03078E+20,5.79344E+21,1.0511E+16,5.22817E+16
14933,3.17051E+18,3,4,59,25,2017,5,15,1,3,4,2,0,1,0,1,0,0,0,4.20152E+20,5.83676E+21,7.81902E+15,5.26749E+16
14934,3.17051E+18,3,4,59,28,2017,5,15,1,3,5,3,0,1,0,1,0,0,0,4.22916E+20,5.82921E+21,7.86166E+15,5.26075E+16
14935,3.17051E+18,3,4,59,28,2017,5,10,1,3,2,2,0,1,0,1,0,0,0,4.2343E+20,5.82803E+21,7.86953E+15,5.25969E+16
14936,3.17051E+18,3,4,4,0,2017,5,10,1,3,5,3,0,1,0,0,0,0,0,4.3497E+20,5.79056E+21,8.04716E+15,5.22616E+16
14937,3.17051E+18,3,4,57,10,2017,5,20,1,3,2,6,0,1,0,0,0,1,1,4.06297E+20,5.90707E+21,7.59379E+15,5.33045E+16
14938,3.17051E+18,3,4,56,17,2017,5,20,1,3,4,2,0,1,0,0,0,0,0,3.69206E+20,5.82396E+21,7.07096E+15,5.255E+16
14939,3.17051E+18,3,4,56,4,2017,5,11,1,3,5,3,0,1,0,0,0,0,0,3.62061E+20,5.82274E+21,6.96616E+15,5.25372E+16
14940,3.17051E+18,3,4,54,54,2017,5,14,1,3,5,3,0,1,0,0,0,0,0,3.68114E+20,5.83314E+21,7.05121E+15,5.26322E+16
14941,3.17051E+18,3,4,62,15,2017,5,15,1,3,5,3,1,1,0,0,0,0,0,4.09201E+20,5.94341E+21,7.62685E+15,5.36316E+16
14942,3.17051E+18,3,4,52,1,2017,5,19,1,3,5,3,1,1,0,0,0,0,1,3.99113E+20,5.93001E+21,7.47869E+15,5.35094E+16
14943,3.17051E+18,3,4,60,9,2017,5,15,1,2,2,6,0,1,0,1,0,0,0,4.50479E+20,5.84483E+21,8.2663E+15,5.2751E+16
14944,3.17051E+18,3,3,56,11,2017,5,11,1,3,0,6,1,1,0,0,0,0,0,4.98154E+20,5.90706E+21,8.97229E+15,5.33127E+16
14945,3.17051E+18,3,3,61,1,2017,5,14,1,3,5,3,1,1,0,0,0,0,0,5.02871E+20,5.87314E+21,9.04278E+15,5.30078E+16
14946,3.17051E+18,3,4,51,5,2017,5,21,1,3,8,1,0,1,0,0,0,2,1,4.45027E+20,5.89962E+21,8.17622E+15,5.3243E+16
14947,3.17051E+18,3,4,55,26,2017,5,19,1,3,9,1,0,1,0,0,0,0,1,4.41707E+20,5.91421E+21,8.12379E+15,5.33738E+16
14948,3.17051E+18,3,4,3,0,2017,5,17,1,3,2,6,0,1,0,0,0,0,1,4.45436E+20,5.88976E+21,8.18403E+15,5.31544E+16
14949,3.17051E+18,3,4,51,8,2017,5,14,1,3,2,6,0,1,0,0,0,0,0,4.4062E+20,5.90075E+21,8.10997E+15,5.32527E+16
14950,3.17051E+18,3,4,3,0,2017,5,10,1,3,3,6,1,0,0,0,0,0,0,4.44131E+20,5.88835E+21,8.16477E+15,5.31416E+16
14951,3.17051E+18,3,2,51,37,2017,5,8,1,3,5,3,0,1,0,0,0,0,0,4.84316E+20,5.87178E+21,8.76632E+15,5.29954E+16
14952,3.17051E+18,3,2,51,24,2017,5,22,1,3,8,1,0,1,0,0,0,2,0,4.91685E+20,5.83713E+21,8.877E+15,5.26841E+16
14953,3.17051E+18,3,4,58,14,2017,5,20,1,3,5,3,1,1,0,0,0,0,1,4.60926E+20,5.85992E+21,8.41927E+15,5.28875E+16
14954,3.17051E+18,3,4,54,18,2017,5,18,7,3,5,3,0,1,0,0,0,0,1,3.72362E+20,5.85216E+21,7.10655E+15,5.28041E+16
14955,3.17051E+18,3,4,58,3,2017,5,17,1,3,5,2,0,1,0,0,0,0,0,4.63226E+20,5.86312E+21,8.45309E+15,5.29165E+16
14956,3.17051E+18,3,3,52,60,2017,5,14,1,3,2,6,0,0,0,1,0,0,0,4.73527E+20,5.90685E+21,8.60267E+15,5.33102E+16
14957,3.17051E+18,3,3,52,61,2017,5,0,1,3,4,6,0,1,0,0,0,2,1,4.74534E+20,5.95331E+21,8.61401E+15,5.37279E+16
14958,3.17051E+18,3,3,52,63,2017,5,12,1,3,1,7,0,1,0,0,1,0,0,5.03757E+20,5.95811E+21,9.057E+15,5.37716E+16
14959,3.17051E+18,3,3,53,26,2017,5,14,1,2,4,2,0,1,0,1,0,0,0,5.52545E+20,5.92007E+21,9.7908E+15,5.3427E+16
14960,3.17051E+18,3,3,53,15,2017,5,16,1,3,5,3,1,1,0,1,0,0,0,5.57747E+20,5.89918E+21,9.86526E+15,5.32388E+16
14961,3.17051E+18,3,3,59,38,2017,5,12,1,3,2,6,0,1,0,0,0,0,0,5.3314E+20,5.9388E+21,9.50076E+15,5.3597E+16
14962,3.17051E+18,3,3,58,22,2017,5,15,1,2,9,1,0,0,0,1,0,0,0,5.45594E+20,5.85014E+21,9.67626E+15,5.27992E+16
14963,3.17051E+18,3,3,58,8,2017,5,22,1,2,0,1,0,0,0,1,0,2,1,5.53612E+20,5.86276E+21,9.79725E+15,5.29118E+16
14964,3.17051E+18,3,3,58,22,2017,5,14,1,3,2,2,0,1,0,1,0,0,0,5.39273E+20,5.85686E+21,9.58332E+15,5.286E+16
14965,3.17051E+18,3,3,55,9,2017,5,10,1,3,8,1,0,1,0,0,0,0,0,6.09395E+20,5.9128E+21,1.06436E+16,5.3353E+16
14966,3.17051E+18,3,3,51,16,2017,5,22,1,2,1,7,0,1,1,0,0,2,0,5.84247E+20,5.83108E+21,1.02446E+16,5.26231E+16
14967,3.17051E+18,3,2,41,2,2017,5,21,1,3,0,1,1,0,0,0,0,2,1,5.32096E+20,5.7947E+21,9.4707E+15,5.23017E+16
14968,3.17051E+18,3,2,41,15,2017,5,12,1,3,2,6,0,1,0,0,0,0,0,5.33912E+20,5.80598E+21,9.49847E+15,5.2403E+16
14969,3.17051E+18,3,2,56,25,2017,5,15,1,2,5,2,0,1,0,1,0,0,0,5.12138E+20,5.81283E+21,9.17866E+15,5.24655E+16
14970,3.17051E+18,3,2,57,35,2017,5,18,1,3,5,3,0,1,0,0,0,0,0,5.14636E+20,5.79655E+21,9.21472E+15,5.23191E+16
14971,3.17051E+18,3,2,57,3,2017,5,18,1,3,4,2,0,1,0,0,0,0,0,5.1622E+20,5.78666E+21,9.23749E+15,5.22301E+16
14972,3.17051E+18,3,2,54,5,2017,5,14,1,3,2,6,0,1,0,1,0,0,0,5.70121E+20,5.77211E+21,1.00236E+16,5.20951E+16
14973,3.17051E+18,3,2,54,21,2017,5,20,1,3,3,1,0,1,0,0,0,0,1,5.66529E+20,5.78166E+21,9.97305E+15,5.21814E+16
14974,3.17051E+18,3,1,53,12,2017,5,15,1,3,3,6,0,1,0,0,0,0,0,5.77802E+20,5.74906E+21,1.01305E+16,5.18869E+16
14975,3.17051E+18,3,2,52,6,2017,5,12,1,3,2,2,0,1,0,0,0,0,0,5.24183E+20,5.77035E+21,9.35291E+15,5.20832E+16
14976,3.17051E+18,3,1,59,13,2017,5,8,1,3,9,1,0,1,0,0,0,0,1,5.65571E+20,5.69454E+21,9.94256E+15,5.13983E+16
14977,3.17051E+18,3,1,58,39,2017,5,9,1,3,4,1,0,1,0,0,0,0,1,6.05529E+20,5.76561E+21,1.05383E+16,5.20311E+16
14978,3.17051E+18,3,1,58,37,2017,5,16,1,3,9,1,0,1,0,0,0,0,0,6.08255E+20,5.78492E+21,1.05842E+16,5.22041E+16
14979,3.17051E+18,3,1,2,0,2017,5,17,1,3,0,7,0,0,0,1,0,0,0,6.01042E+20,5.76803E+21,1.04736E+16,5.20536E+16
14980,3.17051E+18,3,1,51,15,2017,5,18,1,3,5,3,1,1,0,0,0,0,0,5.94594E+20,5.81032E+21,1.03915E+16,5.24349E+16
14981,3.17051E+18,3,1,51,23,2017,5,20,1,3,2,2,0,1,0,0,0,0,0,6.04314E+20,5.8086E+21,1.05339E+16,5.24176E+16
14982,3.17051E+18,3,1,51,13,2017,5,13,1,3,2,6,0,1,0,0,0,0,0,6.08966E+20,5.81114E+21,1.06031E+16,5.24395E+16
14983,3.17051E+18,3,4,59,5,2017,5,16,7,3,5,3,1,0,0,0,0,0,0,4.38124E+20,5.77222E+21,8.09672E+15,5.20971E+16
14984,3.17051E+18,3,4,59,16,2017,5,23,7,2,8,1,0,1,0,0,0,2,1,4.16751E+20,5.82569E+21,7.77152E+15,5.25749E+16
14985,3.17051E+18,3,4,54,7,2017,5,12,7,3,0,2,0,1,0,0,1,0,0,3.84104E+20,5.86759E+21,7.27516E+15,5.29454E+16
14986,3.17051E+18,3,4,56,27,2017,5,1,7,3,5,2,1,1,0,0,0,2,1,3.79462E+20,5.79856E+21,7.23131E+15,5.23241E+16
14987,3.17052E+18,3,4,59,13,2017,5,22,3,3,8,7,0,1,0,0,0,2,0,4.5021E+20,5.81077E+21,8.26744E+15,5.24449E+16
14988,3.17053E+18,3,2,57,31,2017,5,16,5,2,0,3,0,1,0,0,1,0,0,5.03565E+20,5.7853E+21,9.05219E+15,5.22181E+16
14989,3.17053E+18,3,1,55,13,2017,5,12,5,3,0,1,0,0,0,1,0,0,0,5.57391E+20,5.74286E+21,9.83291E+15,5.18337E+16
14990,3.17053E+18,3,1,55,1,2017,5,13,5,3,8,1,0,1,0,0,0,0,0,5.75831E+20,5.74687E+21,1.01014E+16,5.18675E+16
14991,3.17053E+18,3,2,56,34,2017,5,14,5,3,5,2,0,1,0,0,0,0,0,4.90036E+20,5.81225E+21,8.85335E+15,5.24603E+16
14992,3.17053E+18,3,2,57,3,2017,5,19,5,2,5,3,0,1,0,1,0,1,0,5.14042E+20,5.78637E+21,9.20558E+15,5.22276E+16
14993,3.17053E+18,3,2,57,3,2017,5,15,5,3,8,6,0,1,0,1,0,0,0,5.19116E+20,5.78941E+21,9.28004E+15,5.22548E+16
14994,3.17053E+18,3,2,56,29,2017,5,11,5,2,2,2,0,0,0,1,0,0,0,5.27748E+20,5.83361E+21,9.41017E+15,5.26517E+16
14995,3.17053E+18,3,2,54,11,2017,5,13,5,3,5,2,0,1,0,1,0,0,0,5.62857E+20,5.77213E+21,9.91758E+15,5.20961E+16
14996,3.17053E+18,3,2,54,8,2017,5,10,5,2,9,7,0,1,0,0,0,0,0,5.79288E+20,5.7604E+21,1.01547E+16,5.19886E+16
14997,3.17053E+18,3,2,52,3,2017,5,14,5,3,2,6,0,1,0,0,0,0,0,5.1714E+20,5.75896E+21,9.24957E+15,5.1981E+16
14998,3.17053E+18,3,1,59,11,2017,5,13,5,2,4,6,0,1,0,1,0,0,0,5.73617E+20,5.71525E+21,1.00625E+16,5.15835E+16
14999,3.17053E+18,3,1,59,16,2017,5,17,5,3,5,3,1,0,0,0,0,0,0,5.65713E+20,5.70868E+21,9.94724E+15,5.15254E+16
15000,3.17053E+18,3,1,59,16,2017,5,19,5,3,5,3,0,1,0,1,0,0,0,5.66032E+20,5.70791E+21,9.95169E+15,5.15185E+16
15001,3.17053E+18,3,1,53,504,2017,5,11,5,2,2,6,0,1,0,1,0,0,0,6.08663E+20,5.73403E+21,1.0574E+16,5.17466E+16
15002,3.17053E+18,3,1,53,504,2017,5,13,5,2,8,1,1,0,0,0,0,0,0,5.97565E+20,5.73772E+21,1.04143E+16,5.17818E+16
15003,3.17052E+18,3,4,4,0,2017,5,16,4,3,5,3,0,1,0,0,0,0,0,4.35762E+20,5.79238E+21,8.05842E+15,5.2278E+16
15004,3.17052E+18,3,4,54,20,2017,5,6,4,2,5,3,0,1,0,1,0,0,0,3.85882E+20,5.87387E+21,7.2994E+15,5.30022E+16
15005,3.17052E+18,3,4,56,15,2017,5,20,4,3,2,6,1,0,0,0,0,0,0,3.68446E+20,5.81184E+21,7.06455E+15,5.24409E+16
15006,3.17052E+18,3,4,54,10,2017,5,20,4,2,5,3,0,1,0,0,1,0,0,3.85593E+20,5.81003E+21,7.31731E+15,5.24285E+16
15007,3.17052E+18,3,4,62,19,2017,5,17,4,3,2,7,0,1,0,0,0,0,0,4.21496E+20,5.94982E+21,7.81113E+15,5.36912E+16
15008,3.17052E+18,3,4,52,24,2017,5,18,4,2,5,2,0,1,0,1,0,0,0,3.8648E+20,5.93051E+21,7.28809E+15,5.35113E+16
15009,3.17052E+18,3,4,52,12,2017,5,17,4,3,5,3,0,1,0,0,0,0,0,3.92302E+20,5.91964E+21,7.37957E+15,5.34148E+16
15010,3.17052E+18,3,4,52,1,2017,5,15,4,3,5,3,1,1,0,0,0,0,0,3.99524E+20,5.92542E+21,7.48635E+15,5.34681E+16
15011,3.17052E+18,3,4,55,20,2017,5,16,4,3,4,6,0,1,0,0,0,0,0,4.3155E+20,5.94683E+21,7.96402E+15,5.36658E+16
15012,3.17052E+18,3,3,61,1,2017,5,18,4,3,2,6,0,1,0,1,0,0,0,5.02502E+20,5.87348E+21,9.03729E+15,5.30109E+16
15013,3.17052E+18,3,4,51,2,2017,5,13,4,3,8,1,0,1,0,0,0,0,0,4.3847E+20,5.89555E+21,8.07876E+15,5.32057E+16
15014,3.17052E+18,3,4,51,1,2017,5,17,4,3,4,6,1,0,0,0,0,0,0,4.17361E+20,5.89723E+21,7.76234E+15,5.3218E+16
15015,3.17052E+18,3,4,51,7,2017,5,23,4,3,7,7,0,0,0,1,0,2,0,4.25829E+20,5.89472E+21,7.88972E+15,5.31967E+16
15016,3.17052E+18,3,2,51,37,2017,5,18,4,3,2,2,0,1,0,0,0,0,0,4.81607E+20,5.87607E+21,8.72572E+15,5.30338E+16
15017,3.17052E+18,3,2,51,47,2017,5,13,4,3,2,6,0,1,0,0,1,0,0,4.89161E+20,5.87022E+21,8.83856E+15,5.29815E+16
15018,3.17052E+18,3,2,51,41,2017,5,17,4,3,2,6,0,1,0,0,0,0,0,4.88167E+20,5.86417E+21,8.82398E+15,5.29271E+16
15019,3.17052E+18,3,2,51,7,2017,5,7,4,3,8,1,0,0,0,1,0,0,0,4.80411E+20,5.85992E+21,8.70885E+15,5.28887E+16
15020,3.17052E+18,3,4,58,9,2017,5,15,4,3,6,4,1,0,1,0,0,0,0,4.50225E+20,5.87838E+21,8.25741E+15,5.30526E+16
15021,3.17052E+18,3,3,53,11,2017,5,13,4,2,6,4,0,1,1,0,0,0,0,5.73578E+20,5.8993E+21,1.01025E+16,5.32379E+16
15022,3.17052E+18,3,3,59,25,2017,5,17,4,3,2,6,0,1,0,0,1,0,0,5.20526E+20,5.94048E+21,9.31026E+15,5.36128E+16
15023,3.17052E+18,3,3,58,22,2017,5,10,4,3,2,6,0,1,0,0,0,0,0,5.44782E+20,5.84913E+21,9.66408E+15,5.27901E+16
15024,3.17052E+18,3,3,58,22,2017,5,16,4,3,5,3,0,1,0,0,0,0,0,5.40005E+20,5.85141E+21,9.59353E+15,5.2811E+16
15025,3.17052E+18,3,3,58,21,2017,5,14,4,3,6,4,1,0,1,0,0,0,0,5.56047E+20,5.87067E+21,9.83483E+15,5.29827E+16
15026,3.17052E+18,3,3,58,21,2017,5,11,4,2,9,7,0,0,0,0,1,0,0,5.5454E+20,5.86947E+21,9.81218E+15,5.29721E+16
15027,3.17052E+18,3,3,55,22,2017,5,7,4,3,5,3,1,1,0,0,0,0,0,5.9529E+20,5.90314E+21,1.04288E+16,5.32689E+16
15028,3.17052E+18,3,3,55,26,2017,5,20,4,3,8,1,0,1,0,0,0,2,0,6.10676E+20,5.90327E+21,1.06595E+16,5.32671E+16
15029,3.17052E+18,3,2,41,1,2017,5,8,4,3,2,2,0,1,0,0,0,0,0,5.46169E+20,5.80135E+21,9.67799E+15,5.23605E+16
15030,3.17052E+18,3,2,41,1,2017,5,20,4,3,5,2,0,1,0,0,0,0,0,5.47243E+20,5.80793E+21,9.69468E+15,5.24196E+16
15031,3.17052E+18,3,2,41,12,2017,5,16,4,2,3,6,0,1,0,0,1,0,0,5.31446E+20,5.81962E+21,9.4635E+15,5.25258E+16
15032,3.17052E+18,3,2,57,12,2017,5,15,4,3,5,3,0,1,0,0,0,0,0,5.07445E+20,5.78581E+21,9.109E+15,5.22227E+16
15033,3.17052E+18,3,2,41,1,2017,5,13,4,3,5,2,1,1,0,0,0,0,0,5.44297E+20,5.8079E+21,9.65137E+15,5.24195E+16
15034,3.17052E+18,3,1,55,12,2017,5,16,4,2,8,1,0,0,0,1,0,0,0,5.47984E+20,5.7228E+21,9.69363E+15,5.16542E+16
15035,3.17052E+18,3,1,59,26,2017,5,18,4,1,8,1,0,0,0,1,0,0,0,5.9768E+20,5.73704E+21,1.04158E+16,5.17757E+16
15036,3.17052E+18,3,2,57,31,2017,5,15,4,3,2,6,0,1,0,0,0,0,0,5.07907E+20,5.78258E+21,9.11567E+15,5.21936E+16
15037,3.17052E+18,3,2,54,26,2017,5,5,4,3,8,6,0,1,0,0,0,0,0,5.53291E+20,5.77682E+21,9.77869E+15,5.21393E+16
15038,3.17052E+18,3,2,54,5,2017,5,16,4,3,5,3,1,0,0,1,0,0,0,5.69803E+20,5.76965E+21,1.00185E+16,5.20731E+16
15039,3.17052E+18,3,2,54,21,2017,5,8,4,3,5,3,1,1,0,0,0,0,0,5.64446E+20,5.77869E+21,9.94202E+15,5.21549E+16
15040,3.17052E+18,3,2,52,8,2017,5,10,4,3,8,1,0,1,0,0,0,0,0,5.40168E+20,5.77012E+21,9.58616E+15,5.20802E+16
15041,3.17052E+18,3,1,59,16,2017,5,13,4,3,2,6,0,1,0,0,0,0,0,5.68966E+20,5.7116E+21,9.99469E+15,5.15513E+16
15042,3.17052E+18,3,1,59,29,2017,5,8,4,3,5,3,1,0,0,0,1,0,0,5.6343E+20,5.70752E+21,9.91412E+15,5.15152E+16
15043,3.17052E+18,3,1,59,16,2017,5,11,4,3,1,5,1,0,0,0,1,0,0,5.61967E+20,5.70907E+21,9.89331E+15,5.15293E+16
15044,3.17052E+18,3,1,57,7,2017,5,15,4,3,5,2,0,1,0,0,0,0,0,5.97248E+20,5.79064E+21,1.04248E+16,5.22575E+16
15045,3.17052E+18,3,1,57,7,2017,5,5,4,3,5,3,1,1,0,0,0,0,0,5.9139E+20,5.79052E+21,1.0339E+16,5.22575E+16
15046,3.17052E+18,3,1,51,17,2017,5,15,4,2,4,1,0,1,0,0,0,0,0,5.8862E+20,5.81256E+21,1.03042E+16,5.2456E+16
15047,3.17052E+18,3,1,51,9,2017,5,13,4,3,1,6,0,1,0,1,0,0,0,6.04604E+20,5.81188E+21,1.05391E+16,5.2447E+16
15048,3.17052E+18,3,1,58,4,2017,5,13,4,3,9,1,0,1,0,0,0,0,0,5.83171E+20,5.77502E+21,1.02148E+16,5.21194E+16
15049,3.17052E+18,3,1,3,0,2017,5,10,4,3,8,1,0,1,0,0,0,0,0,6.18108E+20,5.80879E+21,1.07367E+16,5.24165E+16
15050,3.17052E+18,3,4,59,33,2017,5,11,3,3,5,3,0,1,0,1,0,0,0,4.35017E+20,5.79974E+21,8.04608E+15,5.23441E+16
15051,3.17052E+18,3,4,59,12,2017,5,15,3,3,5,3,1,1,0,0,0,0,0,4.42863E+20,5.79081E+21,8.16276E+15,5.22647E+16
15052,3.17052E+18,3,4,59,14,2017,5,18,3,3,2,2,0,1,0,0,0,0,0,4.28366E+20,5.81059E+21,7.94614E+15,5.24408E+16
15053,3.17052E+18,3,4,59,17,2017,5,18,3,3,5,3,0,0,1,1,0,0,0,4.10724E+20,5.8191E+21,7.68438E+15,5.25147E+16
15054,3.17052E+18,3,4,4,0,2017,5,16,3,3,1,5,1,1,0,0,0,0,0,4.34097E+20,5.79315E+21,8.03387E+15,5.22848E+16
15055,3.17052E+18,3,4,4,0,2017,5,14,3,3,5,3,0,1,0,0,0,0,0,4.38531E+20,5.79128E+21,8.09921E+15,5.22685E+16
15056,3.17052E+18,3,4,52,1,2017,5,13,3,3,5,3,1,1,0,0,0,0,0,4.0227E+20,5.92522E+21,7.52777E+15,5.34669E+16
15057,3.17052E+18,3,4,60,7,2017,5,13,3,3,5,3,0,1,0,0,0,0,0,4.35437E+20,5.81807E+21,8.0487E+15,5.25089E+16
15058,3.17052E+18,3,3,56,7,2017,5,10,3,3,0,3,0,1,0,0,0,0,0,4.80664E+20,5.90365E+21,8.70998E+15,5.32818E+16
15059,3.17052E+18,3,3,61,9,2017,5,18,3,3,5,3,0,1,0,0,0,0,0,5.01995E+20,5.87826E+21,9.02977E+15,5.30538E+16
15060,3.17052E+18,3,3,61,9,2017,5,15,3,3,2,6,0,0,0,0,1,0,0,5.08347E+20,5.87999E+21,9.12458E+15,5.30693E+16
15061,3.17052E+18,3,3,61,12,2017,5,15,3,3,5,2,1,1,0,0,0,0,0,5.15612E+20,5.86345E+21,9.2322E+15,5.29205E+16
15062,3.17052E+18,3,4,55,26,2017,5,16,3,3,2,6,0,1,0,0,0,0,0,4.37351E+20,5.92039E+21,8.05709E+15,5.34288E+16
15063,3.17052E+18,3,2,51,41,2017,5,16,3,3,5,2,0,1,0,0,0,0,0,4.88884E+20,5.86203E+21,8.83471E+15,5.29079E+16
15064,3.17052E+18,3,4,58,5,2017,5,8,3,3,2,6,0,1,0,0,1,0,0,4.68189E+20,5.88175E+21,8.52507E+15,5.30842E+16
15065,3.17052E+18,3,4,1,0,2017,5,13,3,2,5,2,1,0,0,0,0,0,0,4.75194E+20,5.87753E+21,8.62997E+15,5.30467E+16
15066,3.17052E+18,3,3,52,32,2017,5,11,3,3,9,1,1,0,0,0,0,0,0,4.74764E+20,5.92312E+21,8.61994E+15,5.34565E+16
15067,3.17052E+18,3,3,53,35,2017,5,10,3,3,2,6,0,1,0,0,1,0,0,5.47084E+20,5.90375E+21,9.70619E+15,5.32809E+16
15068,3.17052E+18,3,3,53,5,2017,5,17,3,2,5,2,1,1,0,0,0,0,0,5.58683E+20,5.91158E+21,9.88158E+15,5.33501E+16
15069,3.17052E+18,3,3,59,38,2017,5,5,3,3,5,3,1,1,0,0,0,0,0,5.31231E+20,5.93731E+21,9.47175E+15,5.35837E+16
15070,3.17052E+18,3,3,58,21,2017,5,4,3,2,9,1,0,1,0,0,0,1,0,5.66145E+20,5.87697E+21,9.9865E+15,5.30381E+16
15071,3.17052E+18,3,3,60,29,2017,5,11,3,3,8,7,0,1,0,0,0,0,0,5.86897E+20,5.87332E+21,1.02949E+16,5.30023E+16
15072,3.17052E+18,3,3,54,18,2017,5,17,3,3,6,2,0,1,1,0,0,0,0,6.44392E+20,5.8707E+21,1.115E+16,5.29665E+16
15073,3.17052E+18,3,2,41,1,2017,5,12,3,2,0,7,1,0,0,0,0,0,0,5.56606E+20,5.80429E+21,9.83173E+15,5.23859E+16
15074,3.17052E+18,3,2,41,1,2017,5,7,3,3,6,4,1,0,1,0,0,0,0,5.49849E+20,5.80829E+21,9.73305E+15,5.24226E+16
15075,3.17052E+18,3,2,41,2,2017,5,15,3,3,5,3,0,1,0,0,0,0,0,5.31358E+20,5.79528E+21,9.45993E+15,5.2307E+16
15076,3.17052E+18,3,2,41,10,2017,5,16,3,3,5,2,1,1,0,0,0,0,0,5.51613E+20,5.81169E+21,9.75952E+15,5.24529E+16
15077,3.17052E+18,3,2,41,4,2017,5,18,3,3,0,7,1,1,0,0,0,0,0,5.58061E+20,5.8161E+21,9.85515E+15,5.24919E+16
15078,3.17052E+18,3,2,41,3,2017,5,11,3,3,5,3,0,1,0,1,0,0,0,5.69627E+20,5.80969E+21,1.00242E+16,5.2433E+16
15079,3.17052E+18,3,2,41,1,2017,5,10,3,3,6,7,0,0,1,0,1,0,0,5.51489E+20,5.80879E+21,9.75724E+15,5.24269E+16
15080,3.17052E+18,3,2,41,1,2017,5,15,3,3,2,6,0,1,0,0,0,0,0,5.48168E+20,5.80353E+21,9.70765E+15,5.23799E+16
15081,3.17052E+18,3,2,41,1,2017,5,14,3,3,2,6,0,1,0,0,0,0,0,5.52652E+20,5.80258E+21,9.77337E+15,5.2371E+16
15082,3.17052E+18,3,2,41,8,2017,5,12,3,3,5,3,0,1,0,0,1,0,0,5.57625E+20,5.80998E+21,9.84768E+15,5.2437E+16
15083,3.17052E+18,3,1,55,13,2017,5,7,3,3,2,6,0,1,0,0,0,0,0,5.57512E+20,5.74139E+21,9.83442E+15,5.18203E+16
15084,3.17052E+18,3,1,59,16,2017,5,16,3,3,2,6,0,1,0,0,0,0,0,5.63569E+20,5.70976E+21,9.91653E+15,5.15354E+16
15085,3.17052E+18,3,1,59,1,2017,5,14,3,2,5,3,0,1,0,1,0,0,0,5.51607E+20,5.71135E+21,9.74431E+15,5.15509E+16
15086,3.17052E+18,3,1,57,5,2017,5,15,3,3,2,6,0,1,0,0,1,0,0,5.89462E+20,5.78447E+21,1.03091E+16,5.22034E+16
15087,3.17052E+18,3,1,2,0,2017,5,12,3,3,5,3,0,1,0,0,1,0,0,6.00707E+20,5.78078E+21,1.04725E+16,5.21683E+16
15088,3.17052E+18,3,1,53,12,2017,5,11,3,2,8,1,0,0,0,1,0,0,0,5.81646E+20,5.74333E+21,1.0185E+16,5.18348E+16
15089,3.17052E+18,3,1,53,17,2017,5,15,3,2,2,6,0,0,0,1,1,0,0,5.9669E+20,5.75454E+21,1.04064E+16,5.19332E+16
15090,3.17052E+18,3,1,51,9,2017,5,18,3,3,2,6,0,1,0,0,0,0,0,6.06592E+20,5.81742E+21,1.05701E+16,5.24965E+16
15091,3.17052E+18,3,4,4,0,2017,5,16,2,2,4,6,0,1,0,0,1,0,0,4.40717E+20,5.79312E+21,8.13091E+15,5.22853E+16