OBJECTID,UIDENTSTLA,ULAND,UREGBEZ,UKREIS,UGEMEINDE,UJAHR,UMONAT,USTUNDE,UWOCHENTAG,UKATEGORIE,UART,UTYP1,IstRad,IstPKW,IstFuss,IstKrad,IstSonstig,LICHT,STRZUSTAND,LINREFX,LINREFY,XGCSWGS84,YGCSWGS84
15092,3.17052E+18,3,4,54,11,2017,5,16,2,3,2,2,0,1,0,1,0,0,0,4.08255E+20,5.87237E+21,7.63311E+15,5.2993E+16
15093,3.17052E+18,3,4,56,1,2017,5,11,2,3,5,2,1,1,0,0,0,0,0,3.73841E+20,5.79638E+21,7.1497E+15,5.23033E+16
15094,3.17052E+18,3,4,56,15,2017,5,11,2,3,2,2,0,1,0,0,0,0,0,3.67324E+20,5.81328E+21,7.04748E+15,5.24535E+16
15095,3.17052E+18,3,4,54,52,2017,5,11,2,2,0,7,0,0,0,0,1,0,0,3.8411E+20,5.8634E+21,7.27675E+15,5.29077E+16
15096,3.17052E+18,3,4,54,32,2017,5,8,2,3,2,6,0,1,0,1,0,0,0,3.90454E+20,5.81895E+21,7.38585E+15,5.25096E+16
15097,3.17052E+18,3,4,54,1,2017,5,14,2,2,8,1,0,0,0,0,1,0,0,4.01812E+20,5.81932E+21,7.55304E+15,5.25152E+16
15098,3.17052E+18,3,4,52,19,2017,5,14,2,3,5,3,0,1,0,1,0,0,0,3.79425E+20,5.94135E+21,7.17758E+15,5.36071E+16
15099,3.17052E+18,3,4,60,2,2017,5,6,2,3,5,3,0,1,0,0,1,0,0,4.45834E+20,5.81958E+21,8.20164E+15,5.25237E+16
15100,3.17052E+18,3,4,5,0,2017,5,13,2,3,2,6,0,1,0,0,0,0,0,4.41471E+20,5.93344E+21,8.11666E+15,5.35466E+16
15101,3.17052E+18,3,3,61,3,2017,5,4,2,2,9,1,0,1,0,0,0,0,0,5.1861E+20,5.85845E+21,9.2765E+15,5.28755E+16
15102,3.17052E+18,3,4,51,5,2017,5,10,2,3,3,6,0,1,0,0,1,0,0,4.43087E+20,5.90598E+21,8.14602E+15,5.32999E+16
15103,3.17052E+18,3,4,51,1,2017,5,16,2,3,5,2,0,1,0,0,0,0,0,4.17621E+20,5.89903E+21,7.76578E+15,5.32342E+16
15104,3.17052E+18,3,4,51,1,2017,5,16,2,2,4,6,0,1,0,0,0,0,0,4.17672E+20,5.89936E+21,7.76645E+15,5.32371E+16
15105,3.17052E+18,3,4,51,1,2017,5,8,2,2,8,7,0,1,0,0,0,0,0,4.22956E+20,5.89525E+21,7.84659E+15,5.3201E+16
15106,3.17052E+18,3,2,51,21,2017,5,17,2,3,5,3,0,1,0,0,0,0,0,4.90903E+20,5.82438E+21,8.86578E+15,5.25694E+16
15107,3.17052E+18,3,4,61,5,2017,5,16,2,3,0,2,0,0,0,1,1,0,1,4.53252E+20,5.91993E+21,8.29646E+15,5.34263E+16
15108,3.17052E+18,3,4,61,9,2017,5,6,2,3,5,3,0,1,0,0,1,0,0,4.61352E+20,5.9173E+21,8.41867E+15,5.34034E+16
15109,3.17052E+18,3,4,61,8,2017,5,15,2,3,2,3,1,1,0,0,0,0,0,4.59444E+20,5.9074E+21,8.39125E+15,5.33143E+16
15110,3.17052E+18,3,4,61,8,2017,5,6,2,3,5,3,0,1,0,0,0,0,0,4.54648E+20,5.90599E+21,8.31947E+15,5.33011E+16
15111,3.17052E+18,3,4,61,4,2017,5,11,2,2,8,1,0,0,0,1,0,0,0,4.58288E+20,5.89791E+21,8.37515E+15,5.32288E+16
15112,3.17052E+18,3,3,52,60,2017,5,21,2,3,2,2,0,1,0,0,0,1,0,4.77586E+20,5.9148E+21,8.66303E+15,5.33818E+16
15113,3.17052E+18,3,3,52,62,2017,5,18,2,2,5,3,0,1,0,0,1,0,0,4.7331E+20,5.94001E+21,8.59661E+15,5.36082E+16
15114,3.17052E+18,3,3,52,62,2017,5,12,2,2,9,1,0,1,0,0,0,0,0,4.87832E+20,5.93946E+21,8.8161E+15,5.36038E+16
15115,3.17052E+18,3,3,52,61,2017,5,9,2,3,9,7,0,1,0,0,0,0,0,4.77779E+20,5.95427E+21,8.66312E+15,5.37366E+16
15116,3.17052E+18,3,3,53,31,2017,5,17,2,3,2,6,0,1,0,0,0,0,0,5.67128E+20,5.91508E+21,1.00092E+16,5.33806E+16
15117,3.17052E+18,3,3,53,31,2017,5,14,2,2,4,6,0,1,0,0,0,0,0,5.6397E+20,5.9198E+21,9.96266E+15,5.34233E+16
15118,3.17052E+18,3,3,53,15,2017,5,21,2,2,8,7,0,1,0,0,0,2,0,5.53675E+20,5.90156E+21,9.80466E+15,5.32606E+16
15119,3.17052E+18,3,3,59,13,2017,5,16,2,3,2,6,0,1,0,0,0,0,0,5.23836E+20,5.94752E+21,9.36084E+15,5.36759E+16
15120,3.17052E+18,3,3,59,13,2017,5,15,2,3,2,2,0,1,0,0,1,0,0,5.25888E+20,5.94763E+21,9.39191E+15,5.36768E+16
15121,3.17052E+18,3,3,58,14,2017,5,17,2,3,1,5,0,1,0,0,0,0,0,5.39186E+20,5.84662E+21,9.5808E+15,5.2768E+16
15122,3.17052E+18,3,3,58,2,2017,5,18,2,3,5,3,0,1,0,1,0,0,0,5.6683E+20,5.8822E+21,9.9978E+15,5.30851E+16
15123,3.17052E+18,3,3,57,39,2017,5,19,2,3,2,2,0,0,0,0,1,0,0,5.20668E+20,5.88571E+21,9.30883E+15,5.31204E+16
15124,3.17052E+18,3,3,57,39,2017,5,22,2,3,5,3,0,1,0,0,0,2,0,5.27419E+20,5.88465E+21,9.40961E+15,5.31106E+16
15125,3.17052E+18,3,3,55,31,2017,5,16,2,3,1,5,0,1,0,0,0,0,0,5.87934E+20,5.90126E+21,1.0318E+16,5.32533E+16
15126,3.17052E+18,3,3,51,4,2017,5,15,2,3,2,6,0,1,0,0,0,0,0,5.65738E+20,5.85159E+21,9.97529E+15,5.28101E+16
15127,3.17052E+18,3,3,51,22,2017,5,13,2,3,5,3,0,1,0,0,0,0,0,5.82774E+20,5.82602E+21,1.02215E+16,5.25779E+16
15128,3.17052E+18,3,3,51,6,2017,5,17,2,3,2,6,0,1,0,0,0,0,0,5.76382E+20,5.82919E+21,1.0128E+16,5.26074E+16
15129,3.17052E+18,3,2,41,1,2017,5,16,2,3,8,1,1,0,0,0,0,0,0,5.53387E+20,5.7973E+21,9.78332E+15,5.23234E+16
15130,3.17052E+18,3,2,41,21,2017,5,14,2,3,4,7,0,1,0,0,0,0,0,5.26906E+20,5.81195E+21,9.39597E+15,5.24571E+16
15131,3.17052E+18,3,2,41,21,2017,5,16,2,3,3,2,1,0,0,0,1,0,0,5.31804E+20,5.80828E+21,9.4677E+15,5.24238E+16
15132,3.17052E+18,3,2,41,21,2017,5,13,2,3,0,7,0,1,0,0,0,0,0,5.30626E+20,5.80854E+21,9.45041E+15,5.24262E+16
15133,3.17052E+18,3,2,41,21,2017,5,8,2,3,5,3,0,1,0,1,0,0,0,5.31507E+20,5.80898E+21,9.46341E+15,5.24301E+16
15134,3.17052E+18,3,2,41,17,2017,5,5,2,3,5,3,1,1,0,0,0,0,0,5.46742E+20,5.78515E+21,9.68416E+15,5.22148E+16
15135,3.17052E+18,3,2,41,20,2017,5,16,2,3,2,6,0,1,0,0,0,0,0,5.42977E+20,5.79058E+21,9.62973E+15,5.22639E+16
15136,3.17052E+18,3,2,41,3,2017,5,15,2,3,2,2,0,1,0,0,0,0,0,5.68716E+20,5.81498E+21,1.00118E+16,5.24806E+16
15137,3.17052E+18,3,2,41,1,2017,5,19,2,3,0,2,0,1,0,0,1,0,0,5.49222E+20,5.80332E+21,9.7231E+15,5.23779E+16
15138,3.17052E+18,3,2,41,1,2017,5,15,2,3,3,6,0,1,0,0,1,0,0,5.44139E+20,5.80841E+21,9.64911E+15,5.24241E+16
15139,3.17052E+18,3,2,41,1,2017,5,7,2,3,2,6,0,1,0,0,0,0,0,5.43946E+20,5.80837E+21,9.64627E+15,5.24237E+16
15140,3.17052E+18,3,2,41,11,2017,5,8,2,3,2,6,0,1,0,0,1,0,0,5.60861E+20,5.80565E+21,9.89449E+15,5.23977E+16
15141,3.17052E+18,3,1,55,11,2017,5,6,2,3,4,2,0,1,0,0,0,0,1,5.71373E+20,5.73249E+21,1.00337E+16,5.17388E+16
15142,3.17052E+18,3,2,56,18,2017,5,13,2,3,1,2,0,1,0,1,0,0,0,5.08278E+20,5.81597E+21,9.12193E+15,5.24938E+16
15143,3.17052E+18,3,2,54,13,2017,5,17,2,3,6,4,0,1,1,0,0,0,0,5.49682E+20,5.76991E+21,9.72495E+15,5.20776E+16
15144,3.17052E+18,3,2,54,8,2017,5,18,2,3,5,3,0,0,0,1,0,0,0,5.74414E+20,5.76678E+21,1.00851E+16,5.20466E+16
15145,3.17052E+18,3,2,54,5,2017,5,19,2,3,5,3,0,1,0,0,0,0,0,5.71257E+20,5.77297E+21,1.00404E+16,5.21027E+16
15146,3.17052E+18,3,2,41,16,2017,5,14,2,3,2,6,0,0,0,0,1,0,0,5.60847E+20,5.79409E+21,9.8922E+15,5.22938E+16
15147,3.17052E+18,3,2,54,3,2017,5,7,2,3,8,6,0,1,0,0,1,0,0,5.62331E+20,5.79167E+21,9.9135E+15,5.22719E+16
15148,3.17052E+18,3,2,54,3,2017,5,7,2,3,2,6,0,1,0,0,1,0,0,5.6253E+20,5.7908E+21,9.91626E+15,5.2264E+16
15149,3.17052E+18,3,2,52,2,2017,5,18,2,3,5,3,0,1,0,1,0,0,0,5.31133E+20,5.78972E+21,9.45611E+15,5.2257E+16
15150,3.17052E+18,3,2,52,7,2017,5,14,2,3,5,3,0,1,0,0,0,0,0,5.17181E+20,5.77933E+21,9.25119E+15,5.21642E+16
15151,3.17052E+18,3,2,52,6,2017,5,16,2,3,2,2,0,1,0,0,0,0,0,5.24359E+20,5.77314E+21,9.35568E+15,5.21082E+16
15152,3.17052E+18,3,1,54,19,2017,5,11,2,2,0,7,0,1,0,0,0,0,0,6.34466E+20,5.7809E+21,1.09659E+16,5.21622E+16
15153,3.17052E+18,3,1,58,6,2017,5,16,2,3,2,6,0,1,0,0,0,0,0,6.10755E+20,5.79083E+21,1.06227E+16,5.22567E+16
15154,3.17052E+18,3,1,57,1,2017,5,8,2,3,5,3,0,1,0,0,1,0,0,5.85527E+20,5.80409E+21,1.02565E+16,5.23804E+16
15155,3.17052E+18,3,1,2,0,2017,5,20,2,3,4,2,0,1,0,0,0,0,0,6.01467E+20,5.78288E+21,1.04843E+16,5.2187E+16
15156,3.17052E+18,3,1,2,0,2017,5,11,2,3,2,6,0,1,0,0,0,0,0,5.92572E+20,5.7802E+21,1.03534E+16,5.21645E+16
15157,3.17052E+18,3,1,51,27,2017,5,13,2,2,5,3,0,1,0,1,0,0,0,5.98905E+20,5.79997E+21,1.04518E+16,5.23411E+16
15158,3.17052E+18,3,1,54,13,2017,5,10,2,3,9,1,0,0,0,0,1,0,0,6.25545E+20,5.79666E+21,1.08414E+16,5.23059E+16
15159,3.17052E+18,3,4,59,12,2017,5,13,1,3,4,6,0,0,0,1,0,0,0,4.44295E+20,5.78609E+21,8.18451E+15,5.22224E+16
15160,3.17052E+18,3,4,59,20,2017,5,3,1,3,5,3,0,1,0,1,0,2,0,4.30351E+20,5.78376E+21,7.9809E+15,5.21998E+16
15161,3.17052E+18,3,4,59,13,2017,5,10,1,2,5,3,0,1,0,1,0,0,0,4.53868E+20,5.80234E+21,8.32242E+15,5.23694E+16
15162,3.17052E+18,3,4,59,13,2017,5,5,1,3,9,1,0,1,0,0,0,1,0,4.48842E+20,5.80737E+21,8.24783E+15,5.24141E+16
15163,3.17052E+18,3,4,4,0,2017,5,15,1,3,5,2,1,1,0,0,0,0,0,4.31403E+20,5.79014E+21,7.99499E+15,5.22573E+16
15164,3.17052E+18,3,4,54,41,2017,5,11,1,2,5,3,0,1,0,1,0,0,0,3.92628E+20,5.88254E+21,7.39699E+15,5.30815E+16
15165,3.17052E+18,3,4,56,17,2017,5,14,1,2,8,1,0,0,0,1,0,0,0,3.65913E+20,5.81966E+21,7.02416E+15,5.25105E+16
15166,3.17052E+18,3,4,56,2,2017,5,14,1,3,0,7,0,0,0,1,1,0,1,3.55408E+20,5.83081E+21,6.86463E+15,5.2608E+16
15167,3.17052E+18,3,4,52,6,2017,5,20,1,3,3,6,0,1,0,0,0,0,0,4.05825E+20,5.91488E+21,7.58439E+15,5.33746E+16
15168,3.17052E+18,3,4,52,23,2017,5,15,1,3,8,7,0,0,0,1,0,0,0,3.92093E+20,5.93087E+21,7.37258E+15,5.35157E+16
15169,3.17052E+18,3,4,53,7,2017,5,5,1,3,8,1,0,1,0,0,0,0,0,4.23067E+20,5.87662E+21,7.85273E+15,5.30336E+16
15170,3.17052E+18,3,4,60,9,2017,5,17,1,3,2,6,0,1,0,0,0,0,0,4.51334E+20,5.83947E+21,8.27976E+15,5.2703E+16
15171,3.17052E+18,3,4,5,0,2017,5,23,1,3,9,1,0,1,0,0,0,2,0,4.42459E+20,5.93334E+21,8.13158E+15,5.35458E+16
15172,3.17052E+18,3,3,61,1,2017,5,9,1,3,2,6,0,1,0,0,0,0,0,4.99017E+20,5.87694E+21,8.98533E+15,5.3042E+16
15173,3.17052E+18,3,2,51,26,2017,5,15,1,3,2,2,0,1,0,0,1,0,0,5.03094E+20,5.85909E+21,9.04598E+15,5.28815E+16
15174,3.17052E+18,3,3,52,62,2017,5,16,1,2,8,1,0,1,0,0,0,0,0,4.81499E+20,5.94696E+21,8.71996E+15,5.36711E+16
15175,3.17052E+18,3,3,53,16,2017,5,20,1,2,9,7,0,1,0,0,0,0,0,5.67448E+20,5.89736E+21,1.00102E+16,5.32212E+16
15176,3.17052E+18,3,3,53,32,2017,5,13,1,3,1,2,0,1,0,0,0,0,0,5.73204E+20,5.91575E+21,1.01007E+16,5.33858E+16
15177,3.17052E+18,3,3,53,20,2017,5,11,1,3,5,3,0,1,0,1,0,0,0,5.58578E+20,5.90245E+21,9.87833E+15,5.3268E+16
15178,3.17052E+18,3,3,58,22,2017,5,14,1,3,2,6,0,1,0,0,0,0,0,5.45135E+20,5.84775E+21,9.66912E+15,5.27777E+16
15179,3.17052E+18,3,3,57,4,2017,5,13,1,3,2,6,0,0,0,1,0,0,0,4.99808E+20,5.92157E+21,8.99711E+15,5.34431E+16
15180,3.17052E+18,3,3,54,26,2017,5,16,1,3,9,7,0,1,0,0,0,0,0,6.41013E+20,5.8676E+21,1.10984E+16,5.29395E+16
15181,3.17052E+18,3,3,51,25,2017,5,14,1,3,9,1,0,1,0,0,0,0,0,5.80379E+20,5.84373E+21,1.01905E+16,5.27375E+16
15182,3.17052E+18,3,2,41,21,2017,5,7,1,3,8,1,0,1,0,0,0,0,0,5.27753E+20,5.81241E+21,9.40848E+15,5.24611E+16
15183,3.17052E+18,3,2,41,12,2017,5,3,1,3,0,7,0,1,0,0,0,2,0,5.34458E+20,5.81428E+21,9.50736E+15,5.24776E+16
15184,3.17052E+18,3,2,41,19,2017,5,10,1,3,5,3,1,1,0,0,0,0,0,5.42846E+20,5.81746E+21,9.63125E+15,5.25056E+16
15185,3.17052E+18,3,2,41,16,2017,5,22,1,3,8,1,0,1,0,0,0,2,0,5.64505E+20,5.79371E+21,9.94575E+15,5.229E+16
15186,3.17052E+18,3,1,55,2,2017,5,17,1,2,2,6,0,0,0,1,0,0,0,5.40154E+20,5.7199E+21,9.58012E+15,5.16287E+16
15187,3.17052E+18,3,2,54,44,2017,5,14,1,3,5,3,1,0,0,1,0,0,0,5.69521E+20,5.75718E+21,1.00118E+16,5.1961E+16
15188,3.17052E+18,3,1,59,24,2017,5,16,1,3,4,6,0,1,0,0,0,0,0,5.50093E+20,5.70597E+21,9.72172E+15,5.15027E+16
15189,3.17052E+18,3,1,59,32,2017,5,16,1,3,5,3,0,1,0,0,0,0,0,5.7998E+20,5.71399E+21,1.01541E+16,5.15713E+16
15190,3.17052E+18,3,1,2,0,2017,5,18,1,3,4,2,0,1,0,0,0,0,0,5.90671E+20,5.77835E+21,1.03252E+16,5.21482E+16
15191,3.17052E+18,3,1,51,9,2017,5,14,1,3,2,6,0,1,0,1,0,0,0,6.06987E+20,5.816E+21,1.05755E+16,5.24837E+16
15192,3.17052E+18,3,4,4,0,2017,5,15,7,3,6,4,0,1,1,0,0,0,0,4.36794E+20,5.79292E+21,8.07344E+15,5.2283E+16
15193,3.17052E+18,3,4,4,0,2017,5,14,7,3,2,6,0,1,0,0,0,0,0,4.35024E+20,5.79257E+21,8.04756E+15,5.22796E+16
15194,3.17052E+18,3,4,4,0,2017,5,13,7,3,2,6,0,1,0,1,0,0,0,4.35844E+20,5.79246E+21,8.05961E+15,5.22787E+16
15195,3.17052E+18,3,4,4,0,2017,5,12,7,3,0,6,1,1,0,0,0,0,0,4.3452E+20,5.7898E+21,8.04072E+15,5.22547E+16
15196,3.17052E+18,3,4,4,0,2017,5,7,7,3,5,3,0,1,0,0,0,0,0,4.37203E+20,5.79032E+21,8.07993E+15,5.22597E+16
15197,3.17052E+18,3,4,56,14,2017,5,15,7,3,8,1,0,0,0,1,0,0,0,3.62965E+20,5.82159E+21,6.97996E+15,5.25272E+16
15198,3.17052E+18,3,4,56,9,2017,5,0,7,2,8,1,0,1,0,0,0,2,1,3.6175E+20,5.8253E+21,6.96051E+15,5.25602E+16
15199,3.17052E+18,3,4,54,35,2017,5,11,7,3,2,6,0,1,0,0,1,0,0,3.84773E+20,5.84185E+21,7.29419E+15,5.27142E+16
15200,3.17052E+18,3,4,54,53,2017,5,19,7,3,8,1,0,1,0,0,0,0,0,3.98197E+20,5.81816E+21,7.50013E+15,5.25041E+16
15201,3.17052E+18,3,4,54,32,2017,5,17,7,3,2,2,0,1,0,0,0,0,0,3.86562E+20,5.82075E+21,7.32791E+15,5.25251E+16
15202,3.17052E+18,3,4,54,46,2017,5,13,7,3,5,3,0,1,0,0,0,0,0,4.01455E+20,5.80698E+21,7.55141E+15,5.24042E+16
15203,3.17052E+18,3,3,61,5,2017,5,15,7,3,7,7,0,1,0,0,0,0,0,5.19818E+20,5.86544E+21,9.29488E+15,5.29382E+16
15204,3.17052E+18,3,3,61,9,2017,5,5,7,3,2,7,0,1,0,0,1,0,0,5.02154E+20,5.87811E+21,9.03213E+15,5.30525E+16
15205,3.17052E+18,3,4,3,0,2017,5,18,7,3,2,6,0,1,0,0,0,0,0,4.4606E+20,5.88919E+21,8.19345E+15,5.31493E+16
15206,3.17052E+18,3,4,51,2,2017,5,10,7,3,2,2,0,1,0,0,0,0,0,4.35237E+20,5.89289E+21,8.0309E+15,5.31814E+16
15207,3.17052E+18,3,4,51,2,2017,5,10,7,3,5,3,0,1,0,0,0,0,0,4.33909E+20,5.89707E+21,8.01016E+15,5.32188E+16
15208,3.17052E+18,3,4,51,4,2017,5,7,7,3,5,3,0,1,0,0,0,0,0,4.39087E+20,5.88352E+21,8.09028E+15,5.30976E+16
15209,3.17052E+18,3,3,52,32,2017,5,13,7,2,2,6,0,1,0,0,0,0,0,4.7364E+20,5.92622E+21,8.60275E+15,5.34843E+16
15210,3.17052E+18,3,3,53,31,2017,5,19,7,3,2,6,0,1,0,1,0,0,0,5.6997E+20,5.91071E+21,1.00509E+16,5.33409E+16
15211,3.17052E+18,3,3,55,13,2017,5,18,7,3,8,6,0,1,0,0,0,0,0,6.16999E+20,5.89624E+21,1.07517E+16,5.32026E+16
15212,3.17052E+18,3,2,41,1,2017,5,11,7,3,2,6,0,1,0,0,0,0,0,5.58362E+20,5.80453E+21,9.85757E+15,5.23879E+16
15213,3.17052E+18,3,2,41,13,2017,5,17,7,3,3,6,0,1,0,1,0,0,0,5.49616E+20,5.78741E+21,9.72655E+15,5.22349E+16
15214,3.17052E+18,3,2,41,11,2017,5,14,7,2,8,1,0,0,0,1,0,0,0,5.66277E+20,5.80432E+21,9.97382E+15,5.23851E+16
15215,3.17052E+18,3,2,41,3,2017,5,10,7,3,2,6,0,1,0,0,0,0,0,5.64084E+20,5.81073E+21,9.94282E+15,5.2443E+16
15216,3.17052E+18,3,2,41,11,2017,5,18,7,3,0,6,0,1,0,0,0,0,0,5.61236E+20,5.80571E+21,9.90001E+15,5.23982E+16
15217,3.17052E+18,3,2,41,1,2017,5,17,7,3,8,6,0,1,0,0,0,0,0,5.56598E+20,5.80832E+21,9.83229E+15,5.24221E+16
15218,3.17052E+18,3,2,57,6,2017,5,9,7,3,2,6,0,1,0,0,0,0,0,5.28357E+20,5.79886E+21,9.41622E+15,5.23394E+16
15219,3.17052E+18,3,2,41,19,2017,5,9,7,3,2,6,0,1,0,0,0,0,0,5.50851E+20,5.82754E+21,9.75073E+15,5.25955E+16
15220,3.17052E+18,3,2,41,2,2017,5,9,7,3,2,6,0,1,0,0,0,0,0,5.27564E+20,5.79799E+21,9.40452E+15,5.23315E+16
15221,3.17052E+18,3,2,41,16,2017,5,3,7,3,3,7,0,1,0,0,1,2,0,5.59752E+20,5.80063E+21,9.87729E+15,5.23527E+16
15222,3.17052E+18,3,2,54,20,2017,5,15,7,3,5,3,0,1,0,0,0,0,0,5.70804E+20,5.78435E+21,1.00361E+16,5.22051E+16
15223,3.17052E+18,3,2,54,41,2017,5,17,7,3,2,6,0,1,0,0,0,0,0,5.46123E+20,5.76356E+21,9.67216E+15,5.20207E+16
15224,3.17052E+18,3,1,59,16,2017,5,15,7,3,0,1,0,0,0,1,0,0,0,5.67286E+20,5.71118E+21,9.97039E+15,5.15477E+16
15225,3.17052E+18,3,1,57,2,2017,5,0,7,3,9,1,0,1,0,0,0,2,1,5.71314E+20,5.79367E+21,1.00456E+16,5.22888E+16
15226,3.17052E+18,3,1,51,7,2017,5,13,7,3,5,2,0,1,0,0,0,0,0,5.99862E+20,5.84049E+21,1.0478E+16,5.27051E+16
15227,3.17052E+18,3,4,59,24,2017,5,23,6,2,8,1,0,1,0,0,0,2,1,4.54474E+20,5.78348E+21,8.33386E+15,5.21999E+16
15228,3.17052E+18,3,4,59,4,2017,5,7,6,3,2,6,0,1,0,0,0,0,1,4.34477E+20,5.77938E+21,8.0421E+15,5.2161E+16
15229,3.17052E+18,3,4,59,3,2017,5,10,6,3,5,3,0,1,0,0,0,0,1,4.5942E+20,5.79661E+21,8.40466E+15,5.23184E+16
15230,3.17052E+18,3,4,59,3,2017,5,6,6,1,8,1,0,1,0,0,0,0,0,4.61911E+20,5.80086E+21,8.44072E+15,5.23567E+16
15231,3.17052E+18,3,4,59,14,2017,5,18,6,3,2,6,0,1,0,0,0,0,1,4.29576E+20,5.81182E+21,7.96368E+15,5.2452E+16
15232,3.17052E+18,3,4,59,14,2017,5,15,6,3,5,3,1,1,0,0,0,0,1,4.31518E+20,5.80677E+21,7.99329E+15,5.24069E+16
15233,3.17052E+18,3,4,4,0,2017,5,16,6,3,5,3,1,1,0,0,0,0,1,4.38118E+20,5.79145E+21,8.09312E+15,5.227E+16
15234,3.17052E+18,3,4,4,0,2017,5,10,6,3,5,2,0,1,0,0,0,0,1,4.34157E+20,5.79168E+21,8.03503E+15,5.22715E+16
15235,3.17052E+18,3,4,57,21,2017,5,18,6,3,8,1,0,1,0,0,0,0,1,3.86506E+20,5.88683E+21,7.30412E+15,5.31188E+16
15236,3.17052E+18,3,4,54,29,2017,5,16,6,2,5,3,0,1,0,0,1,0,1,3.86422E+20,5.85873E+21,7.31274E+15,5.28663E+16
15237,3.17052E+18,3,4,54,32,2017,5,13,6,3,2,6,0,1,0,0,0,0,0,3.8542E+20,5.81954E+21,7.3115E+15,5.25139E+16
15238,3.17052E+18,3,4,52,14,2017,5,16,6,3,0,3,0,1,0,0,0,0,1,3.79651E+20,5.92741E+21,7.18636E+15,5.34819E+16
15239,3.17052E+18,3,4,53,7,2017,5,13,6,3,5,3,1,1,0,0,0,0,0,4.23208E+20,5.87654E+21,7.85485E+15,5.30329E+16
15240,3.17052E+18,3,3,56,9,2017,5,19,6,2,4,6,0,1,0,1,0,1,1,4.74316E+20,5.89783E+21,8.61524E+15,5.32291E+16
15241,3.17052E+18,3,4,51,5,2017,5,9,6,3,2,2,0,1,0,0,0,0,0,4.46232E+20,5.90051E+21,8.19412E+15,5.32511E+16
15242,3.17052E+18,3,4,51,8,2017,5,10,6,3,2,2,0,1,0,0,1,0,0,4.41527E+20,5.90036E+21,8.12365E+15,5.32493E+16
15243,3.17052E+18,3,4,3,0,2017,5,12,6,3,5,2,1,1,0,0,0,0,1,4.4579E+20,5.89228E+21,8.18889E+15,5.31771E+16
15244,3.17052E+18,3,4,53,5,2017,5,13,6,3,9,1,0,1,0,0,0,0,1,4.46853E+20,5.85193E+21,8.21143E+15,5.28146E+16
15245,3.17052E+18,3,3,53,9,2017,5,7,6,2,2,6,0,1,0,0,1,0,0,5.72145E+20,5.89248E+21,1.00795E+16,5.31768E+16
15246,3.17052E+18,3,3,59,34,2017,5,12,6,3,2,6,0,1,0,0,1,0,0,5.40197E+20,5.92716E+21,9.60588E+15,5.34918E+16
15247,3.17052E+18,3,3,59,10,2017,5,15,6,3,4,2,0,1,0,1,0,0,0,5.47941E+20,5.9244E+21,9.72217E+15,5.34664E+16
15248,3.17052E+18,3,3,59,2,2017,5,6,6,3,5,3,1,1,0,0,0,0,0,5.29978E+20,5.91727E+21,9.45092E+15,5.34037E+16
15249,3.17052E+18,3,3,59,38,2017,5,6,6,3,5,3,0,1,0,0,1,0,0,5.27921E+20,5.93802E+21,9.42182E+15,5.35903E+16
15250,3.17052E+18,3,3,58,21,2017,5,20,6,3,9,1,0,1,0,0,0,1,1,5.63667E+20,5.87691E+21,9.94953E+15,5.30379E+16
15251,3.17052E+18,3,3,58,22,2017,5,12,6,3,2,6,0,1,0,0,0,0,0,5.44928E+20,5.84647E+21,9.66587E+15,5.27662E+16
15252,3.17052E+18,3,3,57,48,2017,5,18,6,3,2,6,0,1,0,0,0,0,0,5.34117E+20,5.90502E+21,9.51185E+15,5.32933E+16
15253,3.17052E+18,3,3,60,25,2017,5,13,6,3,2,6,0,1,0,0,0,0,0,6.07421E+20,5.86884E+21,1.05992E+16,5.29584E+16
15254,3.17052E+18,3,3,55,7,2017,5,9,6,1,5,2,0,1,0,1,0,0,0,5.93608E+20,5.91234E+21,1.04063E+16,5.33519E+16
15255,3.17052E+18,3,3,51,22,2017,5,7,6,3,0,3,0,1,0,0,1,0,0,5.79264E+20,5.82611E+21,1.01698E+16,5.25793E+16
15256,3.17052E+18,3,2,41,6,2017,5,12,6,3,2,2,0,1,0,0,0,0,0,5.41848E+20,5.7964E+21,9.61392E+15,5.23164E+16
15257,3.17052E+18,3,2,41,6,2017,5,8,6,3,2,2,0,0,0,0,1,0,0,5.41001E+20,5.79743E+21,9.60163E+15,5.23256E+16
15258,3.17052E+18,3,2,41,4,2017,5,12,6,3,2,2,0,1,0,1,0,0,1,5.5827E+20,5.81509E+21,9.85807E+15,5.24828E+16
15259,3.17052E+18,3,2,41,1,2017,5,11,6,2,5,3,0,1,0,0,1,0,1,5.47248E+20,5.80793E+21,9.69476E+15,5.24195E+16
15260,3.17052E+18,3,2,41,1,2017,5,8,6,2,5,3,1,1,0,0,0,0,0,5.51287E+20,5.80246E+21,9.75331E+15,5.237E+16
15261,3.17052E+18,3,1,55,6,2017,5,11,6,3,4,1,0,1,0,1,1,0,1,5.7609E+20,5.73743E+21,1.0103E+16,5.17826E+16
15262,3.17052E+18,3,2,56,32,2017,5,7,6,2,4,2,0,0,0,1,1,0,0,5.04206E+20,5.8176E+21,9.06198E+15,5.25085E+16
15263,3.17052E+18,3,2,57,2,2017,5,13,6,2,5,3,0,1,0,0,1,0,0,5.23831E+20,5.79231E+21,9.34932E+15,5.22806E+16
15264,3.17052E+18,3,2,57,6,2017,5,7,6,3,8,1,0,1,0,0,0,0,0,5.24076E+20,5.79744E+21,9.35328E+15,5.23268E+16
15265,3.17052E+18,3,2,56,20,2017,5,18,6,2,9,1,0,1,0,0,0,0,0,5.22343E+20,5.82851E+21,9.32994E+15,5.26061E+16