OBJECTID,UIDENTSTLA,ULAND,UREGBEZ,UKREIS,UGEMEINDE,UJAHR,UMONAT,USTUNDE,UWOCHENTAG,UKATEGORIE,UART,UTYP1,IstRad,IstPKW,IstFuss,IstKrad,IstSonstig,LICHT,STRZUSTAND,LINREFX,LINREFY,XGCSWGS84,YGCSWGS84
15266,3.17052E+18,3,2,54,21,2017,5,7,6,3,5,3,0,1,0,0,0,0,0,5.64053E+20,5.77836E+21,9.93622E+15,5.2152E+16
15267,3.17052E+18,3,2,52,4,2017,5,23,6,2,9,7,0,1,0,0,0,2,1,5.32325E+20,5.76916E+21,9.47162E+15,5.20721E+16
15268,3.17052E+18,3,2,52,7,2017,5,12,6,2,0,2,0,1,0,0,1,0,1,5.1214E+20,5.77956E+21,9.17749E+15,5.21664E+16
15269,3.17052E+18,3,2,52,6,2017,5,15,6,2,8,1,0,0,0,1,0,0,0,5.19464E+20,5.7756E+21,9.28434E+15,5.21305E+16
15270,3.17052E+18,3,1,55,6,2017,5,22,6,3,3,6,0,1,0,0,1,1,1,5.71225E+20,5.73702E+21,1.00324E+16,5.17795E+16
15271,3.17052E+18,3,1,59,17,2017,5,20,6,3,0,1,0,0,0,1,0,1,1,5.48652E+20,5.69433E+21,9.69935E+15,5.13981E+16
15272,3.17052E+18,3,1,58,40,2017,5,14,6,1,8,1,0,1,0,0,0,0,1,6.17839E+20,5.77123E+21,1.07196E+16,5.20791E+16
15273,3.17052E+18,3,1,58,37,2017,5,12,6,2,5,2,0,0,0,1,1,0,0,6.06674E+20,5.78012E+21,1.05595E+16,5.21612E+16
15274,3.17052E+18,3,1,51,4,2017,5,15,6,3,4,1,0,1,0,0,1,0,1,6.1643E+20,5.81667E+21,1.07148E+16,5.24878E+16
15275,3.17052E+18,3,1,1,0,2017,5,13,6,3,2,6,0,1,0,0,0,0,1,6.04494E+20,5.78792E+21,1.05301E+16,5.22317E+16
15276,3.17052E+18,3,4,59,24,2017,5,17,5,3,2,6,0,1,0,0,0,0,1,4.56456E+20,5.78293E+21,8.36294E+15,5.21951E+16
15277,3.17052E+18,3,4,59,4,2017,5,7,5,2,5,3,1,1,0,0,0,0,0,4.3427E+20,5.77909E+21,8.03914E+15,5.21584E+16
15278,3.17052E+18,3,4,4,0,2017,5,16,5,3,5,2,1,1,0,0,0,0,1,4.34102E+20,5.78854E+21,8.03484E+15,5.22433E+16
15279,3.17052E+18,3,4,56,27,2017,5,18,5,3,2,6,0,1,0,0,0,0,0,3.79075E+20,5.79823E+21,7.22575E+15,5.23211E+16
15280,3.17052E+18,3,4,54,14,2017,5,9,5,3,2,2,0,1,0,0,0,0,1,3.85724E+20,5.82892E+21,7.31276E+15,5.25982E+16
15281,3.17052E+18,3,4,52,27,2017,5,14,5,2,0,7,0,0,0,1,0,0,0,3.9711E+20,5.94312E+21,7.44418E+15,5.36267E+16
15282,3.17052E+18,3,4,52,25,2017,5,18,5,3,6,4,0,1,1,0,0,0,0,4.16063E+20,5.91924E+21,7.73708E+15,5.34155E+16
15283,3.17052E+18,3,4,53,11,2017,5,20,5,3,2,6,0,1,0,0,0,0,0,4.23194E+20,5.84356E+21,7.86242E+15,5.27364E+16
15284,3.17052E+18,3,4,53,3,2017,5,4,5,3,9,1,0,1,0,0,0,0,0,4.3895E+20,5.84957E+21,8.09463E+15,5.27925E+16
15285,3.17052E+18,3,4,5,0,2017,5,19,5,3,2,6,0,1,0,0,0,0,0,4.40764E+20,5.93144E+21,8.10637E+15,5.35286E+16
15286,3.17052E+18,3,3,56,8,2017,5,7,5,3,5,3,1,1,0,0,0,0,0,4.82212E+20,5.8926E+21,8.73382E+15,5.31825E+16
15287,3.17052E+18,3,3,56,5,2017,5,17,5,3,3,7,0,1,0,0,1,0,0,4.94285E+20,5.88878E+21,8.91454E+15,5.31483E+16
15288,3.17052E+18,3,3,56,7,2017,5,14,5,3,2,6,0,1,0,0,0,0,0,4.86291E+20,5.89745E+21,8.79465E+15,5.32262E+16
15289,3.17052E+18,3,3,61,1,2017,5,16,5,2,2,6,0,1,0,0,0,0,0,5.02138E+20,5.87403E+21,9.03187E+15,5.30158E+16
15290,3.17052E+18,3,3,61,1,2017,5,17,5,3,4,2,1,1,0,0,0,0,0,5.02906E+20,5.8731E+21,9.04331E+15,5.30075E+16
15291,3.17052E+18,3,3,61,5,2017,5,11,5,3,5,3,0,1,0,1,0,0,0,5.21535E+20,5.86571E+21,9.32046E+15,5.29406E+16
15292,3.17052E+18,3,3,61,12,2017,5,9,5,3,5,3,1,1,0,0,0,0,0,5.15519E+20,5.86721E+21,9.231E+15,5.29543E+16
15293,3.17052E+18,3,3,61,5,2017,5,6,5,2,9,1,0,0,0,1,0,0,0,5.25562E+20,5.86477E+21,9.3803E+15,5.2932E+16
15294,3.17052E+18,3,4,3,0,2017,5,8,5,3,2,2,0,1,0,0,1,0,0,4.45891E+20,5.88573E+21,8.19152E+15,5.31183E+16
15295,3.17052E+18,3,2,51,22,2017,5,13,5,2,8,1,0,0,0,1,0,0,0,4.6124E+20,5.82003E+21,8.42864E+15,5.2529E+16
15296,3.17052E+18,3,4,58,7,2017,5,13,5,3,5,2,0,1,0,0,1,0,0,4.52719E+20,5.871E+21,8.29569E+15,5.29865E+16
15297,3.17052E+18,3,4,58,9,2017,5,23,5,2,8,1,0,1,0,0,0,2,0,4.56373E+20,5.8749E+21,8.34959E+15,5.30218E+16
15298,3.17052E+18,3,4,1,0,2017,5,15,5,2,2,6,0,1,0,0,0,0,0,4.77278E+20,5.87823E+21,8.661E+15,5.30531E+16
15299,3.17052E+18,3,3,53,40,2017,5,20,5,2,4,2,0,1,0,0,0,1,1,5.80865E+20,5.91041E+21,1.02145E+16,5.33366E+16
15300,3.17052E+18,3,3,53,3,2017,5,11,5,2,5,3,0,1,0,0,1,0,0,5.65031E+20,5.90909E+21,9.97642E+15,5.3327E+16
15301,3.17052E+18,3,3,53,5,2017,5,9,5,3,5,3,1,1,0,0,0,0,0,5.58551E+20,5.9076E+21,9.87886E+15,5.33143E+16
15302,3.17052E+18,3,3,59,10,2017,5,17,5,3,5,2,0,1,0,1,0,0,0,5.44795E+20,5.92473E+21,9.67483E+15,5.34697E+16
15303,3.17052E+18,3,3,58,10,2017,5,19,5,3,9,1,0,1,0,0,0,0,1,5.3851E+20,5.83757E+21,9.56971E+15,5.26867E+16
15304,3.17052E+18,3,3,58,22,2017,5,14,5,3,5,3,1,1,0,0,0,0,0,5.4007E+20,5.85656E+21,9.59512E+15,5.28573E+16
15305,3.17052E+18,3,3,57,16,2017,5,12,5,3,5,2,1,1,0,0,0,0,0,5.00267E+20,5.9146E+21,9.00401E+15,5.33805E+16
15306,3.17052E+18,3,3,57,20,2017,5,13,5,3,2,2,0,1,0,0,0,0,0,5.18209E+20,5.88551E+21,9.27208E+15,5.31187E+16
15307,3.17052E+18,3,3,57,51,2017,5,18,5,3,9,1,0,1,0,0,0,0,1,5.34755E+20,5.86888E+21,9.5175E+15,5.29684E+16
15308,3.17052E+18,3,3,55,4,2017,5,15,5,3,2,6,0,1,0,0,0,0,0,5.92502E+20,5.9057E+21,1.03878E+16,5.32924E+16
15309,3.17052E+18,3,3,55,24,2017,5,9,5,3,2,6,0,1,0,0,0,0,0,5.949E+20,5.89256E+21,1.04198E+16,5.3174E+16
15310,3.17052E+18,3,2,41,1,2017,5,19,5,3,2,6,0,1,0,0,1,0,1,5.47497E+20,5.80321E+21,9.69775E+15,5.23771E+16
15311,3.17052E+18,3,2,41,1,2017,5,14,5,3,2,6,0,1,0,0,0,0,0,5.51948E+20,5.79939E+21,9.76253E+15,5.23423E+16
15312,3.17052E+18,3,2,41,21,2017,5,15,5,3,2,2,0,1,0,0,0,0,0,5.26041E+20,5.81194E+21,9.38324E+15,5.2457E+16
15313,3.17052E+18,3,2,41,15,2017,5,11,5,3,4,6,0,1,0,0,0,0,0,5.40321E+20,5.80635E+21,9.59271E+15,5.24059E+16
15314,3.17052E+18,3,2,41,20,2017,5,12,5,3,5,2,0,1,0,0,0,0,0,5.42748E+20,5.79106E+21,9.62645E+15,5.22682E+16
15315,3.17052E+18,3,2,41,4,2017,5,14,5,3,5,3,1,1,0,0,0,0,0,5.63917E+20,5.81694E+21,9.94156E+15,5.24988E+16
15316,3.17052E+18,3,2,41,4,2017,5,3,5,3,8,7,0,1,0,0,0,2,0,5.5945E+20,5.82623E+21,9.87743E+15,5.25829E+16
15317,3.17052E+18,3,2,41,3,2017,5,17,5,3,2,6,0,1,0,0,0,0,1,5.68808E+20,5.81152E+21,1.00125E+16,5.24495E+16
15318,3.17052E+18,3,2,41,1,2017,5,10,5,3,5,7,0,1,0,0,0,0,0,5.49352E+20,5.80319E+21,9.72499E+15,5.23767E+16
15319,3.17052E+18,3,1,59,26,2017,5,14,5,3,4,7,0,1,0,0,0,0,0,5.85069E+20,5.73241E+21,1.0232E+16,5.17361E+16
15320,3.17053E+18,3,2,41,1,2017,5,9,4,3,8,1,0,1,0,0,0,0,0,5.53475E+20,5.79707E+21,9.78458E+15,5.23214E+16
15321,3.17053E+18,3,2,41,1,2017,5,10,4,3,0,7,1,0,0,0,0,0,0,5.49436E+20,5.80364E+21,9.72629E+15,5.23808E+16
15322,3.17053E+18,3,1,55,12,2017,5,15,4,3,2,6,0,1,0,0,0,0,0,5.44246E+20,5.72333E+21,9.63966E+15,5.16592E+16
15323,3.17053E+18,3,2,56,32,2017,5,5,4,3,4,2,0,1,0,0,0,0,0,5.05434E+20,5.81763E+21,9.08007E+15,5.25088E+16
15324,3.17053E+18,3,2,57,35,2017,5,13,4,3,2,6,0,1,0,1,0,0,0,5.13119E+20,5.79668E+21,9.19247E+15,5.23203E+16
15325,3.17053E+18,3,2,56,20,2017,5,16,4,2,0,2,0,0,0,1,1,0,0,5.20942E+20,5.8273E+21,9.30917E+15,5.25953E+16
15326,3.17053E+18,3,2,56,22,2017,5,13,4,3,8,1,0,1,0,0,0,0,0,5.15884E+20,5.83238E+21,9.23474E+15,5.26412E+16
15327,3.17053E+18,3,2,54,14,2017,5,19,4,3,4,7,0,1,0,0,0,0,0,5.50537E+20,5.77897E+21,9.73877E+15,5.21589E+16
15328,3.17053E+18,3,2,52,8,2017,5,20,4,3,4,5,0,1,0,1,0,0,0,5.40673E+20,5.76753E+21,9.59322E+15,5.20569E+16
15329,3.17053E+18,3,2,54,32,2017,5,17,4,3,0,7,1,1,0,0,0,0,0,5.80843E+20,5.78494E+21,1.01831E+16,5.2209E+16
15330,3.17053E+18,3,1,59,17,2017,5,17,4,2,8,1,0,0,0,1,0,0,0,5.55582E+20,5.70618E+21,9.80082E+15,5.1504E+16
15331,3.17053E+18,3,1,59,16,2017,5,16,4,3,2,6,0,1,0,0,0,0,0,5.64793E+20,5.71012E+21,9.93424E+15,5.15384E+16
15332,3.17053E+18,3,1,58,23,2017,5,10,4,3,2,6,0,1,0,0,0,0,0,6.06994E+20,5.7757E+21,1.05628E+16,5.21215E+16
15333,3.17053E+18,3,1,57,8,2017,5,21,4,3,5,2,0,1,0,0,0,1,0,5.95847E+20,5.79598E+21,1.04058E+16,5.23058E+16
15334,3.17053E+18,3,1,57,6,2017,5,16,4,3,2,6,0,1,0,0,0,0,0,5.82825E+20,5.79608E+21,1.02149E+16,5.23088E+16
15335,3.17053E+18,3,4,4,0,2017,5,14,3,3,2,6,0,1,0,0,0,0,0,4.37821E+20,5.78919E+21,8.08918E+15,5.22496E+16
15336,3.17053E+18,3,4,59,24,2017,5,20,3,3,9,1,0,1,0,0,0,0,1,4.55604E+20,5.78844E+21,8.34975E+15,5.22446E+16
15337,3.17053E+18,3,4,59,8,2017,5,18,3,3,9,7,0,1,0,0,0,0,1,4.39993E+20,5.7979E+21,8.11945E+15,5.23281E+16
15338,3.17053E+18,3,4,59,24,2017,5,15,3,3,5,3,0,1,0,1,0,0,0,4.53305E+20,5.7837E+21,8.31673E+15,5.22017E+16
15339,3.17053E+18,3,4,59,8,2017,5,12,3,2,5,2,0,1,0,0,1,0,0,4.4063E+20,5.79596E+21,8.12914E+15,5.23108E+16
15340,3.17053E+18,3,4,59,33,2017,5,18,3,3,5,3,0,1,0,0,0,0,1,4.34173E+20,5.79702E+21,8.03423E+15,5.23196E+16
15341,3.17053E+18,3,4,4,0,2017,5,7,3,3,5,3,1,1,0,0,0,0,0,4.34331E+20,5.79582E+21,8.03678E+15,5.23088E+16
15342,3.17053E+18,3,4,57,21,2017,5,7,3,3,3,2,1,1,0,0,0,0,0,3.87194E+20,5.8907E+21,7.31303E+15,5.31537E+16
15343,3.17053E+18,3,4,56,27,2017,5,14,3,2,5,3,0,1,0,0,0,0,0,3.73709E+20,5.80187E+21,7.1457E+15,5.23525E+16
15344,3.17053E+18,3,4,54,32,2017,5,17,3,2,5,3,0,1,0,0,0,0,0,3.90524E+20,5.81824E+21,7.38711E+15,5.25033E+16
15345,3.17053E+18,3,4,54,12,2017,5,15,3,3,4,2,0,1,0,0,0,0,0,4.00566E+20,5.81731E+21,7.53528E+15,5.24969E+16
15346,3.17053E+18,3,4,60,8,2017,5,16,3,2,5,2,1,1,0,0,0,0,0,4.45695E+20,5.82716E+21,8.19834E+15,5.25917E+16
15347,3.17053E+18,3,4,60,4,2017,5,8,3,3,2,6,0,1,0,0,0,0,0,4.5521E+20,5.84454E+21,8.33643E+15,5.27488E+16
15348,3.17053E+18,3,4,53,10,2017,5,11,3,3,5,3,0,1,0,0,0,0,0,4.1691E+20,5.85502E+21,7.76646E+15,5.28385E+16
15349,3.17053E+18,3,4,53,8,2017,5,17,3,3,2,2,0,1,0,0,0,0,0,4.39227E+20,5.86711E+21,8.09547E+15,5.29501E+16
15350,3.17053E+18,3,4,5,0,2017,5,6,3,3,8,1,0,1,0,0,0,0,1,4.41239E+20,5.9314E+21,8.11355E+15,5.35282E+16
15351,3.17053E+18,3,4,5,0,2017,5,7,3,3,2,6,0,1,0,0,1,0,1,4.39876E+20,5.93147E+21,8.09298E+15,5.35287E+16
15352,3.17053E+18,3,4,51,2,2017,5,14,3,2,8,7,1,0,0,0,1,0,0,4.3661E+20,5.89288E+21,8.05145E+15,5.31815E+16
15353,3.17053E+18,3,4,3,0,2017,5,7,3,3,4,2,1,1,0,0,0,0,0,4.45426E+20,5.8873E+21,8.1843E+15,5.31323E+16
15354,3.17053E+18,3,2,51,32,2017,5,20,3,2,8,1,0,1,0,0,0,0,0,4.87743E+20,5.84353E+21,8.81844E+15,5.27415E+16
15355,3.17053E+18,3,3,52,32,2017,5,22,3,3,8,1,0,1,0,0,0,2,1,4.7621E+20,5.92422E+21,8.64164E+15,5.34664E+16
15356,3.17053E+18,3,3,52,60,2017,5,14,3,3,5,3,1,1,0,0,0,0,0,4.77241E+20,5.91234E+21,8.65802E+15,5.33597E+16
15357,3.17053E+18,3,3,52,11,2017,5,19,3,3,5,3,1,1,0,0,0,0,0,4.7639E+20,5.96677E+21,8.64111E+15,5.38489E+16
15358,3.17053E+18,3,3,53,5,2017,5,10,3,3,2,6,0,1,0,0,0,0,0,5.58742E+20,5.90935E+21,9.88205E+15,5.33301E+16
15359,3.17053E+18,3,3,58,2,2017,5,4,3,3,2,6,0,0,0,0,1,1,0,5.68151E+20,5.88903E+21,1.0019E+16,5.31463E+16
15360,3.17053E+18,3,3,57,8,2017,5,19,3,3,5,3,1,1,0,0,0,0,0,5.10125E+20,5.92626E+21,9.15259E+15,5.34853E+16
15361,3.17053E+18,3,3,51,24,2017,5,15,3,3,5,3,0,1,0,0,0,0,0,5.615E+20,5.83745E+21,9.90977E+15,5.26835E+16
15362,3.17053E+18,3,3,51,6,2017,5,8,3,3,5,3,0,1,0,0,0,0,1,5.74654E+20,5.83131E+21,1.01029E+16,5.26267E+16
15363,3.17053E+18,3,2,41,17,2017,5,22,3,3,8,1,0,1,0,0,0,2,0,5.46332E+20,5.78684E+21,9.67838E+15,5.223E+16
15364,3.17053E+18,3,2,41,15,2017,5,8,3,3,5,2,1,1,0,0,0,0,1,5.43958E+20,5.80616E+21,9.64615E+15,5.24039E+16
15365,3.17053E+18,3,2,41,7,2017,5,16,3,3,5,3,1,1,0,0,0,0,1,5.50928E+20,5.79734E+21,9.74726E+15,5.2324E+16
15366,3.17053E+18,3,2,41,14,2017,5,10,3,3,5,2,1,1,0,0,0,0,0,5.45473E+20,5.79915E+21,9.66747E+15,5.23408E+16
15367,3.17053E+18,3,2,41,14,2017,5,8,3,3,5,3,1,1,0,0,0,0,0,5.45347E+20,5.79896E+21,9.66559E+15,5.23391E+16
15368,3.17053E+18,3,2,41,14,2017,5,2,3,3,9,7,0,1,0,0,0,2,0,5.42909E+20,5.79798E+21,9.62968E+15,5.23305E+16
15369,3.17053E+18,3,2,41,10,2017,5,16,3,3,3,5,0,1,0,0,0,0,1,5.49729E+20,5.80946E+21,9.73146E+15,5.24331E+16
15370,3.17053E+18,3,3,57,8,2017,5,6,4,3,2,7,0,0,0,1,1,0,0,5.08855E+20,5.92772E+21,9.13349E+15,5.34984E+16
15371,3.17053E+18,3,3,58,21,2017,5,10,4,3,5,3,1,1,0,0,0,0,0,5.55802E+20,5.8691E+21,9.83091E+15,5.29686E+16
15372,3.17053E+18,3,2,41,1,2017,5,17,4,3,5,2,1,1,0,0,0,0,0,5.51276E+20,5.80246E+21,9.75314E+15,5.237E+16
15373,3.17053E+18,3,3,55,22,2017,5,19,4,3,2,6,0,1,0,0,0,0,0,5.982E+20,5.89987E+21,1.04714E+16,5.3239E+16
15374,3.17053E+18,3,2,41,1,2017,5,16,3,3,5,3,0,1,0,0,0,0,1,5.47507E+20,5.79927E+21,9.69734E+15,5.23417E+16
15375,3.17053E+18,3,3,60,13,2017,5,19,4,2,5,3,0,1,0,0,0,0,0,6.13962E+20,5.85355E+21,1.06911E+16,5.28196E+16
15376,3.17053E+18,3,2,41,11,2017,5,15,3,3,2,6,0,0,0,0,1,0,0,5.74649E+20,5.80218E+21,1.00963E+16,5.23648E+16
15377,3.17053E+18,3,2,41,1,2017,5,13,3,3,2,6,0,1,0,0,0,0,0,5.55353E+20,5.80908E+21,9.81412E+15,5.24292E+16
15378,3.17053E+18,3,3,60,12,2017,5,22,4,3,1,5,0,1,0,0,0,2,0,6.03522E+20,5.88502E+21,1.05464E+16,5.31045E+16
15379,3.17053E+18,3,2,41,1,2017,5,9,3,3,5,2,0,1,1,0,0,0,0,5.4725E+20,5.80793E+21,9.69479E+15,5.24195E+16
15380,3.17053E+18,3,2,41,1,2017,5,5,3,3,2,6,0,0,0,1,1,1,0,5.57028E+20,5.8079E+21,9.83854E+15,5.24183E+16
15381,3.17053E+18,3,2,56,32,2017,5,17,3,2,0,7,1,1,0,0,0,0,1,5.05235E+20,5.8179E+21,9.07714E+15,5.25112E+16
15382,3.17053E+18,3,2,56,20,2017,5,18,3,3,5,2,0,1,0,0,0,0,0,5.19451E+20,5.82585E+21,9.28708E+15,5.25823E+16
15383,3.17053E+18,3,2,54,29,2017,5,16,3,3,2,6,0,1,0,0,0,0,0,5.73433E+20,5.77714E+21,1.0073E+16,5.21399E+16
15384,3.17053E+18,3,2,55,31,2017,5,19,3,3,9,1,0,1,0,0,0,0,1,5.29122E+20,5.75743E+21,9.4239E+15,5.19668E+16
15385,3.17053E+18,3,2,55,19,2017,5,15,3,2,8,1,0,1,0,0,0,0,0,5.315E+20,5.74592E+21,9.45746E+15,5.18632E+16
15386,3.17053E+18,3,2,52,1,2017,5,22,3,3,9,7,0,1,0,0,0,2,1,5.21854E+20,5.76922E+21,9.31885E+15,5.20731E+16
15387,3.17053E+18,3,2,52,1,2017,5,10,3,2,9,7,0,1,0,0,0,0,0,5.20775E+20,5.76822E+21,9.30305E+15,5.20642E+16
15388,3.17053E+18,3,1,59,10,2017,5,18,3,3,5,3,0,1,0,0,1,0,1,5.86392E+20,5.70626E+21,1.02447E+16,5.15008E+16
15389,3.17053E+18,3,1,59,16,2017,5,13,3,3,5,2,1,1,0,0,0,0,0,5.65185E+20,5.70718E+21,9.93934E+15,5.1512E+16
15390,3.17053E+18,3,1,58,6,2017,5,6,3,3,5,3,0,1,0,0,0,0,0,6.16377E+20,5.789E+21,1.07044E+16,5.22391E+16
15391,3.17053E+18,3,1,58,37,2017,5,21,3,2,5,3,0,1,0,1,0,1,0,6.03802E+20,5.78119E+21,1.05179E+16,5.21714E+16
15392,3.17053E+18,3,1,57,6,2017,5,9,3,3,5,3,0,1,0,0,0,0,1,5.79835E+20,5.79579E+21,1.0171E+16,5.23066E+16
15393,3.17053E+18,3,1,51,18,2017,5,18,3,3,2,2,0,1,0,0,0,0,0,5.97561E+20,5.81522E+21,1.04365E+16,5.24784E+16
15394,3.17053E+18,3,1,51,39,2017,5,12,3,3,5,3,1,1,0,0,0,0,0,6.16809E+20,5.8139E+21,1.07194E+16,5.24628E+16
15395,3.17053E+18,3,1,51,27,2017,5,9,3,3,2,6,0,1,0,0,0,0,0,5.99653E+20,5.7985E+21,1.04623E+16,5.23277E+16
15396,3.17053E+18,3,1,57,6,2017,5,7,3,3,2,6,0,0,0,0,1,0,0,5.80253E+20,5.80153E+21,1.01784E+16,5.23581E+16
15397,3.17053E+18,3,4,4,0,2017,5,17,2,3,2,6,0,1,0,0,0,0,0,4.36332E+20,5.78873E+21,8.06745E+15,5.22453E+16
15398,3.17053E+18,3,4,59,21,2017,5,7,2,3,1,6,0,1,0,1,0,0,0,4.29469E+20,5.78803E+21,7.9671E+15,5.22382E+16
15399,3.17053E+18,3,4,59,33,2017,5,15,2,3,2,2,0,1,0,0,0,0,0,4.30041E+20,5.79949E+21,7.97311E+15,5.23412E+16
15400,3.17053E+18,3,4,59,30,2017,5,18,2,3,2,6,0,1,0,0,1,0,0,4.2972E+20,5.83722E+21,7.96042E+15,5.26804E+16
15401,3.17053E+18,3,4,4,0,2017,5,18,2,3,6,4,0,0,1,1,0,0,0,4.35476E+20,5.79091E+21,8.0545E+15,5.22648E+16
15402,3.17053E+18,3,4,57,10,2017,5,14,2,3,5,3,1,1,0,0,0,0,0,4.06305E+20,5.90704E+21,7.59393E+15,5.33043E+16
15403,3.17053E+18,3,4,54,41,2017,5,19,2,3,8,1,0,1,0,0,0,0,0,3.8739E+20,5.87927E+21,7.31996E+15,5.30511E+16
15404,3.17053E+18,3,4,56,4,2017,5,12,2,3,2,2,0,1,0,0,1,0,0,3.616E+20,5.82322E+21,6.95917E+15,5.25415E+16
15405,3.17053E+18,3,4,53,1,2017,5,5,2,3,4,6,0,1,0,0,1,2,0,4.18504E+20,5.88939E+21,7.78146E+15,5.31476E+16
15406,3.17053E+18,3,3,56,5,2017,5,17,2,2,0,6,0,1,0,1,0,0,0,4.93854E+20,5.88813E+21,8.90812E+15,5.31425E+16
15407,3.17053E+18,3,3,56,3,2017,5,8,2,3,2,2,0,1,0,0,1,0,0,4.88333E+20,5.90386E+21,8.82501E+15,5.32838E+16
15408,3.17053E+18,3,3,56,7,2017,5,16,2,3,5,3,0,1,0,0,0,0,0,4.85318E+20,5.89633E+21,8.78013E+15,5.32161E+16
15409,3.17053E+18,3,4,51,1,2017,5,17,2,2,6,4,0,1,1,0,0,0,0,4.17417E+20,5.89706E+21,7.76323E+15,5.32164E+16
15410,3.17053E+18,3,4,51,2,2017,5,19,2,3,4,6,1,0,0,0,0,0,0,4.32429E+20,5.89343E+21,7.98877E+15,5.31859E+16
15411,3.17053E+18,3,4,3,0,2017,5,15,2,3,5,3,1,1,0,0,0,0,0,4.47508E+20,5.88579E+21,8.21566E+15,5.3119E+16
15412,3.17053E+18,3,2,51,7,2017,5,15,2,3,9,1,0,1,0,0,0,0,0,4.84859E+20,5.85862E+21,8.77503E+15,5.28771E+16
15413,3.17053E+18,3,4,60,1,2017,5,7,2,3,2,2,0,1,0,0,0,0,0,4.44297E+20,5.84203E+21,8.17519E+15,5.27253E+16
15414,3.17053E+18,3,4,61,7,2017,5,15,2,3,5,3,1,1,0,0,0,0,0,4.65665E+20,5.92734E+21,8.48245E+15,5.34939E+16
15415,3.17053E+18,3,4,58,5,2017,5,16,2,3,2,6,0,1,0,1,0,0,0,4.70254E+20,5.8835E+21,8.55573E+15,5.31001E+16
15416,3.17053E+18,3,4,58,8,2017,5,6,2,3,4,6,0,0,0,0,1,0,0,4.73573E+20,5.86176E+21,8.60707E+15,5.29049E+16
15417,3.17053E+18,3,4,1,0,2017,5,7,2,3,5,2,1,1,0,0,0,0,0,4.75345E+20,5.87841E+21,8.63215E+15,5.30546E+16
15418,3.17053E+18,3,3,53,11,2017,5,17,2,3,8,1,0,0,0,0,1,0,0,5.71859E+20,5.89845E+21,1.00765E+16,5.32305E+16
15419,3.17053E+18,3,3,58,19,2017,5,18,2,3,7,7,0,1,0,0,1,0,0,5.54273E+20,5.89151E+21,9.81191E+15,5.31702E+16
15420,3.17053E+18,3,3,58,21,2017,5,18,2,3,0,3,1,1,0,0,0,0,0,5.55996E+20,5.87063E+21,9.83405E+15,5.29823E+16
15421,3.17053E+18,3,3,58,21,2017,5,10,2,3,5,2,0,1,0,0,0,0,0,5.56626E+20,5.87114E+21,9.84353E+15,5.29868E+16
15422,3.17053E+18,3,3,57,44,2017,5,18,2,2,8,1,1,0,0,0,0,0,0,5.34588E+20,5.90433E+21,9.51883E+15,5.32871E+16
15423,3.17053E+18,3,3,57,57,2017,5,7,2,3,4,7,0,1,0,0,0,0,0,5.18936E+20,5.90395E+21,9.28404E+15,5.32844E+16
15424,3.17053E+18,3,3,57,41,2017,5,6,2,3,5,3,0,1,0,0,0,0,0,5.25489E+20,5.89243E+21,9.38139E+15,5.31806E+16
15425,3.17053E+18,3,3,54,25,2017,5,7,2,3,5,3,0,1,0,0,0,0,0,6.48512E+20,5.86969E+21,1.12109E+16,5.29562E+16
15426,3.17053E+18,3,3,55,31,2017,5,18,2,3,2,6,0,1,0,0,0,0,0,5.89717E+20,5.90029E+21,1.03445E+16,5.32443E+16
15427,3.17053E+18,3,3,55,13,2017,5,16,2,3,2,1,0,1,0,0,0,0,0,6.15765E+20,5.89466E+21,1.07326E+16,5.31887E+16
15428,3.17053E+18,3,3,51,17,2017,5,12,2,3,2,2,0,1,0,0,1,0,0,5.85619E+20,5.82407E+21,1.0263E+16,5.25599E+16
15429,3.17053E+18,3,3,51,6,2017,5,19,2,3,5,3,1,1,0,0,0,0,0,5.75576E+20,5.8289E+21,1.0116E+16,5.26049E+16
15430,3.17053E+18,3,3,51,6,2017,5,15,2,3,5,3,1,1,0,0,0,0,0,5.74228E+20,5.8299E+21,1.00963E+16,5.26141E+16
15431,3.17053E+18,3,2,41,1,2017,5,8,2,3,3,5,1,1,0,0,0,0,0,5.48693E+20,5.80206E+21,9.71516E+15,5.23667E+16
15432,3.17053E+18,3,2,41,1,2017,5,7,2,3,5,2,1,1,0,0,0,0,0,5.45156E+20,5.80318E+21,9.66335E+15,5.2377E+16
15433,3.17053E+18,3,2,41,1,2017,5,15,2,3,2,6,0,1,0,0,0,0,0,5.56344E+20,5.79949E+21,9.82707E+15,5.23428E+16
15434,3.17053E+18,3,2,41,1,2017,5,15,2,3,2,6,0,1,0,0,0,0,0,5.52069E+20,5.79943E+21,9.76433E+15,5.23427E+16
15435,3.17053E+18,3,2,41,21,2017,5,15,2,3,8,1,0,1,0,0,0,0,0,5.24038E+20,5.80639E+21,9.35337E+15,5.24072E+16
15436,3.17053E+18,3,2,41,17,2017,5,8,2,3,1,7,0,1,0,0,0,0,0,5.44695E+20,5.78783E+21,9.65454E+15,5.22391E+16
15437,3.17053E+18,3,2,41,15,2017,5,17,2,3,5,3,1,1,0,0,0,0,0,5.43967E+20,5.80594E+21,9.64625E+15,5.24019E+16
15438,3.17053E+18,3,2,41,7,2017,5,19,2,3,5,3,1,1,0,0,0,0,0,5.52361E+20,5.79432E+21,9.76781E+15,5.22968E+16
15439,3.17053E+18,3,2,41,7,2017,5,10,2,3,2,2,0,1,0,0,0,0,0,5.49268E+20,5.79752E+21,9.72293E+15,5.23258E+16
15440,3.17053E+18,3,2,41,12,2017,5,10,2,3,5,3,1,1,0,0,0,0,0,5.31026E+20,5.81739E+21,9.45712E+15,5.25057E+16