OBJECTID,UIDENTSTLA,ULAND,UREGBEZ,UKREIS,UGEMEINDE,UJAHR,UMONAT,USTUNDE,UWOCHENTAG,UKATEGORIE,UART,UTYP1,IstRad,IstPKW,IstFuss,IstKrad,IstSonstig,LICHT,STRZUSTAND,LINREFX,LINREFY,XGCSWGS84,YGCSWGS84
15441,3.17053E+18,3,2,41,10,2017,5,11,2,3,5,3,1,1,0,0,0,0,0,5.49824E+20,5.81008E+21,9.73295E+15,5.24386E+16
15442,3.17053E+18,3,2,41,8,2017,5,7,2,3,5,3,0,1,0,0,0,0,0,5.5356E+20,5.81191E+21,9.7882E+15,5.24548E+16
15443,3.17053E+18,3,2,41,3,2017,5,18,2,3,3,6,0,1,0,0,0,0,0,5.68801E+20,5.81137E+21,1.00123E+16,5.24482E+16
15444,3.17053E+18,3,2,41,1,2017,5,0,2,3,2,6,0,1,0,0,0,2,0,5.56838E+20,5.80809E+21,9.83579E+15,5.242E+16
15445,3.17053E+18,3,2,57,6,2017,5,12,2,3,2,7,0,1,0,0,1,0,0,5.28126E+20,5.79862E+21,9.41281E+15,5.23371E+16
15446,3.17053E+18,3,2,41,21,2017,5,8,2,3,2,6,0,1,0,0,1,0,0,5.32634E+20,5.8046E+21,9.47955E+15,5.23906E+16
15447,3.17053E+18,3,2,41,1,2017,5,7,2,3,5,3,0,1,0,0,1,0,0,5.49866E+20,5.80881E+21,9.73338E+15,5.24272E+16
15448,3.17053E+18,3,2,57,32,2017,5,15,2,3,5,3,0,1,0,0,1,0,0,5.2311E+20,5.79781E+21,9.33914E+15,5.23301E+16
15449,3.17053E+18,3,2,56,3,2017,5,17,2,2,5,2,0,1,0,1,0,0,0,5.06329E+20,5.85005E+21,9.09388E+15,5.28002E+16
15450,3.17053E+18,3,2,54,22,2017,5,13,2,3,8,1,0,1,0,0,0,0,0,5.75861E+20,5.77386E+21,1.01078E+16,5.21101E+16
15451,3.17053E+18,3,2,54,21,2017,5,17,2,3,2,6,0,1,0,0,0,0,0,5.66453E+20,5.7742E+21,9.97047E+15,5.21144E+16
15452,3.17053E+18,3,2,54,21,2017,5,11,2,3,5,2,0,1,0,0,0,0,0,5.6435E+20,5.77701E+21,9.9403E+15,5.21399E+16
15453,3.17053E+18,3,2,55,5,2017,5,17,2,3,4,6,0,1,0,0,0,0,0,5.31084E+20,5.75268E+21,9.45202E+15,5.1924E+16
15454,3.17053E+18,3,2,52,6,2017,5,21,2,3,3,6,1,1,0,0,0,0,0,5.23009E+20,5.77444E+21,9.33606E+15,5.212E+16
15455,3.17053E+18,3,2,52,6,2017,5,19,2,3,5,3,0,1,0,0,0,0,0,5.25868E+20,5.77081E+21,9.37754E+15,5.20872E+16
15456,3.17053E+18,3,1,59,17,2017,5,18,2,2,2,1,0,1,0,0,0,0,0,5.44759E+20,5.69974E+21,9.64408E+15,5.14471E+16
15457,3.17053E+18,3,1,59,35,2017,5,8,2,3,8,1,0,0,0,1,0,0,0,5.72253E+20,5.71248E+21,1.00423E+16,5.15587E+16
15458,3.17053E+18,3,1,59,1,2017,5,7,2,2,4,1,0,1,0,0,0,0,0,5.48624E+20,5.71469E+21,9.70176E+15,5.15812E+16
15459,3.17053E+18,3,1,54,15,2017,5,7,2,3,2,2,0,1,0,0,1,0,0,6.35619E+20,5.79506E+21,1.09884E+16,5.22891E+16
15460,3.17053E+18,3,1,3,0,2017,5,8,2,2,5,3,1,1,0,0,0,0,0,6.24136E+20,5.81331E+21,1.08269E+16,5.24559E+16
15461,3.17053E+18,3,1,58,30,2017,5,14,2,3,5,3,1,1,0,0,0,0,0,6.09494E+20,5.78934E+21,1.06037E+16,5.22435E+16
15462,3.17053E+18,3,1,58,37,2017,5,9,2,3,5,3,1,1,0,0,0,0,0,6.04576E+20,5.77985E+21,1.05288E+16,5.21592E+16
15463,3.17053E+18,3,1,2,0,2017,5,16,2,3,2,6,0,1,0,0,0,0,0,5.92572E+20,5.78021E+21,1.03534E+16,5.21646E+16
15464,3.17053E+18,3,1,2,0,2017,5,15,2,3,2,6,0,1,0,0,0,0,0,5.88456E+20,5.77674E+21,1.02924E+16,5.2134E+16
15465,3.17053E+18,3,1,51,9,2017,5,17,2,3,2,6,0,1,0,0,0,0,0,6.07769E+20,5.81232E+21,1.05858E+16,5.24504E+16
15466,3.17053E+18,3,4,59,14,2017,5,9,1,3,8,1,0,1,0,0,0,0,1,4.34105E+20,5.80766E+21,8.03114E+15,5.24152E+16
15467,3.17053E+18,3,4,59,24,2017,5,15,1,3,8,1,0,0,0,1,0,0,0,4.52991E+20,5.78832E+21,8.3115E+15,5.22433E+16
15468,3.17053E+18,3,4,4,0,2017,5,14,1,3,5,3,1,1,0,0,0,0,0,4.3713E+20,5.79192E+21,8.07856E+15,5.22741E+16
15469,3.17053E+18,3,4,57,14,2017,5,2,1,3,9,7,0,1,0,0,0,2,0,3.89231E+20,5.90987E+21,7.33682E+15,5.33264E+16
15470,3.17053E+18,3,4,57,20,2017,5,10,1,3,9,1,0,1,0,0,0,0,0,4.20207E+20,5.90342E+21,7.8034E+15,5.3274E+16
15471,3.17053E+18,3,4,54,2,2017,5,18,1,3,2,2,0,1,0,0,0,0,0,3.92589E+20,5.82935E+21,7.41392E+15,5.26035E+16
15472,3.17053E+18,3,4,62,5,2017,5,3,1,3,9,7,1,0,0,0,0,2,0,4.25035E+20,5.92334E+21,7.87107E+15,5.34538E+16
15473,3.17053E+18,3,4,60,2,2017,5,14,1,2,5,3,0,1,0,1,0,0,0,4.44717E+20,5.81866E+21,8.18533E+15,5.25153E+16
15474,3.17053E+18,3,4,60,10,2017,5,12,1,3,5,2,0,0,0,1,1,0,0,4.55677E+20,5.85196E+21,8.34235E+15,5.28156E+16
15475,3.17053E+18,3,4,53,4,2017,5,10,1,3,5,3,0,1,0,0,0,0,0,4.3672E+20,5.85709E+21,8.0601E+15,5.28598E+16
15476,3.17053E+18,3,4,5,0,2017,5,12,1,3,5,3,0,1,0,1,0,0,0,4.35999E+20,5.94199E+21,8.03234E+15,5.36228E+16
15477,3.17053E+18,3,3,61,13,2017,5,15,1,2,8,1,0,0,0,1,0,0,0,4.9947E+20,5.87069E+21,8.9921E+15,5.29858E+16
15478,3.17053E+18,3,3,61,8,2017,5,1,1,3,9,1,0,0,0,1,0,2,0,5.05961E+20,5.88702E+21,9.0891E+15,5.31326E+16
15479,3.17053E+18,3,4,58,13,2017,5,19,1,3,3,6,0,1,0,0,0,0,0,4.47348E+20,5.87534E+21,8.21498E+15,5.3025E+16
15480,3.17053E+18,3,2,51,37,2017,5,12,1,3,2,6,0,1,0,0,0,0,0,4.82496E+20,5.87355E+21,8.7391E+15,5.30113E+16
15481,3.17053E+18,3,4,61,7,2017,5,18,1,2,1,1,0,1,0,0,1,0,0,4.63379E+20,5.92135E+21,8.44869E+15,5.34399E+16
15482,3.17053E+18,3,4,58,7,2017,5,18,1,3,4,2,0,1,0,0,0,0,0,4.49622E+20,5.86628E+21,8.25029E+15,5.29438E+16
15483,3.17053E+18,3,3,53,31,2017,5,0,1,3,8,1,1,0,0,0,0,2,0,5.69901E+20,5.91617E+21,1.00511E+16,5.339E+16
15484,3.17053E+18,3,3,59,11,2017,5,10,1,3,1,7,0,1,0,1,0,0,1,5.29158E+20,5.93137E+21,9.4399E+15,5.35304E+16
15485,3.17053E+18,3,3,59,31,2017,5,16,1,3,4,1,0,1,0,1,0,0,0,5.2143E+20,5.92587E+21,9.32292E+15,5.34814E+16
15486,3.17053E+18,3,3,59,38,2017,5,14,1,3,2,6,0,1,0,0,0,0,0,5.30348E+20,5.9376E+21,9.45845E+15,5.35864E+16
15487,3.17053E+18,3,3,58,11,2017,5,21,1,3,2,6,1,0,0,0,0,1,0,5.38343E+20,5.84263E+21,9.56784E+15,5.27322E+16
15488,3.17053E+18,3,3,58,16,2017,5,13,1,2,2,6,0,1,0,1,0,0,0,5.7075E+20,5.87321E+21,1.00543E+16,5.30037E+16
15489,3.17053E+18,3,3,60,1,2017,5,10,1,2,3,6,0,1,0,1,0,0,0,6.08226E+20,5.8883E+21,1.06177E+16,5.31331E+16
15490,3.17053E+18,3,2,41,1,2017,5,15,1,3,4,1,0,1,0,0,0,0,0,5.54213E+20,5.80042E+21,9.79594E+15,5.23514E+16
15491,3.17053E+18,3,2,41,1,2017,5,13,4,3,2,6,0,1,0,0,0,0,0,5.49903E+20,5.80774E+21,9.73377E+15,5.24176E+16
15492,3.17053E+18,3,2,41,13,2017,5,10,1,3,3,2,0,1,0,0,1,0,0,5.52074E+20,5.78422E+21,9.76205E+15,5.2206E+16
15493,3.17053E+18,3,2,41,1,2017,5,12,4,3,6,2,0,1,1,0,0,0,0,5.49014E+20,5.80484E+21,9.72027E+15,5.23916E+16
15494,3.17053E+18,3,3,58,2,2017,5,12,4,3,2,6,0,1,0,0,1,0,0,5.6655E+20,5.87942E+21,9.99304E+15,5.30601E+16
15495,3.17053E+18,3,2,41,15,2017,5,18,1,3,4,6,0,1,0,0,0,0,0,5.43891E+20,5.80542E+21,9.64507E+15,5.23972E+16
15496,3.17053E+18,3,2,41,12,2017,5,12,1,3,0,1,1,0,0,0,0,0,1,5.30612E+20,5.81312E+21,9.45062E+15,5.24674E+16
15497,3.17053E+18,3,2,41,5,2017,5,14,1,3,5,3,1,1,0,0,0,0,0,5.41554E+20,5.80928E+21,9.6112E+15,5.24321E+16
15498,3.17053E+18,3,2,41,21,2017,5,21,1,2,8,1,0,1,0,0,0,2,0,5.33931E+20,5.80847E+21,9.499E+15,5.24254E+16
15499,3.17053E+18,3,2,41,11,2017,5,17,1,2,8,7,0,1,0,0,0,0,0,5.71292E+20,5.80324E+21,1.00473E+16,5.23748E+16
15500,3.17053E+18,3,2,41,15,2017,5,12,1,2,2,6,0,0,0,1,0,0,0,5.40556E+20,5.8042E+21,9.59591E+15,5.23866E+16
15501,3.17053E+18,3,2,41,18,2017,5,11,1,1,8,1,0,1,0,0,0,0,0,5.81035E+20,5.8111E+21,1.01922E+16,5.24441E+16
15502,3.17053E+18,3,2,41,1,2017,5,15,1,3,2,6,0,1,0,0,0,0,0,5.48424E+20,5.80903E+21,9.7122E+15,5.24294E+16
15503,3.17053E+18,3,1,55,9,2017,5,16,1,3,8,1,0,0,0,1,0,0,0,5.58907E+20,5.72566E+21,9.85199E+15,5.16788E+16
15504,3.17053E+18,3,2,56,32,2017,5,19,1,3,5,3,1,1,0,0,0,0,0,5.04912E+20,5.82194E+21,9.07244E+15,5.25475E+16
15505,3.17053E+18,3,2,54,8,2017,5,16,1,2,8,1,0,0,0,1,0,0,0,5.74486E+20,5.76642E+21,1.00861E+16,5.20434E+16
15506,3.17053E+18,3,1,53,12,2017,5,22,1,3,9,6,0,1,0,0,0,2,1,5.77836E+20,5.74939E+21,1.0131E+16,5.18898E+16
15507,3.17053E+18,3,2,54,20,2017,5,16,1,2,0,7,0,0,0,1,0,0,0,5.63795E+20,5.78539E+21,9.93377E+15,5.22153E+16
15508,3.17053E+18,3,1,53,12,2017,5,11,1,3,2,6,0,1,0,0,0,0,0,5.77558E+20,5.74701E+21,1.01265E+16,5.18685E+16
15509,3.17053E+18,3,2,54,8,2017,5,0,1,3,7,7,0,1,0,0,0,2,0,5.79737E+20,5.76283E+21,1.01618E+16,5.20104E+16
15510,3.17053E+18,3,1,59,11,2017,5,15,1,2,9,1,0,0,0,1,0,0,0,5.77544E+20,5.71396E+21,1.01189E+16,5.15713E+16
15511,3.17053E+18,3,1,58,11,2017,5,12,1,3,4,2,0,1,0,1,0,0,0,5.86814E+20,5.77154E+21,1.02671E+16,5.20876E+16
15512,3.17053E+18,3,1,2,0,2017,5,14,1,3,5,3,0,1,0,1,0,0,0,5.93658E+20,5.76744E+21,1.03658E+16,5.20496E+16
15513,3.17053E+18,3,1,51,23,2017,5,13,1,3,2,6,0,0,0,1,0,0,0,6.0406E+20,5.80794E+21,1.05299E+16,5.24118E+16
15514,3.17053E+18,3,4,60,5,2017,5,13,7,3,2,6,0,1,0,0,0,0,0,4.39851E+20,5.82738E+21,8.11205E+15,5.25931E+16
15515,3.17053E+18,3,4,59,21,2017,5,13,7,2,0,1,0,0,0,1,0,0,0,4.28134E+20,5.78993E+21,7.94716E+15,5.2255E+16
15516,3.17053E+18,3,4,59,30,2017,5,12,7,1,2,6,1,0,0,0,1,0,0,4.2973E+20,5.83723E+21,7.96056E+15,5.26805E+16
15517,3.17053E+18,3,4,4,0,2017,5,14,7,3,3,6,1,0,0,0,0,0,0,4.35465E+20,5.79224E+21,8.0541E+15,5.22767E+16
15518,3.17053E+18,3,4,4,0,2017,5,11,7,3,0,7,0,1,0,0,0,0,0,4.34294E+20,5.79382E+21,8.03663E+15,5.22908E+16
15519,3.17053E+18,3,4,4,0,2017,5,12,7,2,5,3,1,1,0,0,0,0,0,4.34515E+20,5.79184E+21,8.04025E+15,5.2273E+16
15520,3.17053E+18,3,4,57,14,2017,5,10,7,3,2,6,0,1,0,0,1,0,0,3.96744E+20,5.90926E+21,7.44977E+15,5.33225E+16
15521,3.17053E+18,3,4,57,24,2017,5,9,7,2,5,3,1,1,0,0,0,0,0,3.80927E+20,5.88876E+21,7.22009E+15,5.31349E+16
15522,3.17053E+18,3,4,56,8,2017,5,14,7,3,5,3,0,1,0,1,0,0,0,3.58478E+20,5.81348E+21,6.9173E+15,5.24531E+16
15523,3.17053E+18,3,4,54,32,2017,5,19,7,3,5,3,0,1,0,0,0,0,0,3.87874E+20,5.81985E+21,7.34754E+15,5.25172E+16
15524,3.17053E+18,3,4,54,32,2017,5,11,7,3,5,3,1,1,0,0,0,0,0,3.85604E+20,5.81968E+21,7.31416E+15,5.25152E+16
15525,3.17053E+18,3,4,62,3,2017,5,14,7,3,5,3,1,1,0,0,0,0,0,4.05474E+20,5.94828E+21,7.56903E+15,5.36747E+16
15526,3.17053E+18,3,4,52,6,2017,5,1,7,3,9,6,0,1,0,0,0,2,0,4.07209E+20,5.9114E+21,7.6062E+15,5.33436E+16
15527,3.17053E+18,3,4,52,1,2017,5,16,7,3,0,6,0,1,0,0,0,0,0,3.99995E+20,5.93334E+21,7.49092E+15,5.35394E+16
15528,3.17053E+18,3,4,52,23,2017,5,15,7,3,4,2,0,1,0,0,0,0,0,3.93248E+20,5.92686E+21,7.39135E+15,5.34799E+16
15529,3.17053E+18,3,4,53,7,2017,5,15,7,3,5,3,1,1,0,0,0,0,0,4.18793E+20,5.87594E+21,7.78917E+15,5.30268E+16
15530,3.17053E+18,3,3,56,5,2017,5,13,7,3,2,2,0,1,0,0,0,0,0,4.9603E+20,5.89391E+21,8.94057E+15,5.31945E+16
15531,3.17053E+18,3,3,56,9,2017,5,14,7,3,8,7,0,1,0,0,0,0,0,4.73292E+20,5.90334E+21,8.59945E+15,5.32786E+16
15532,3.17053E+18,3,3,61,13,2017,5,19,7,2,0,1,0,0,0,1,0,0,0,5.01374E+20,5.86803E+21,9.02046E+15,5.29619E+16
15533,3.17053E+18,3,3,61,6,2017,5,10,7,3,0,2,1,1,0,0,0,0,0,5.09532E+20,5.87103E+21,9.14199E+15,5.29888E+16
15534,3.17053E+18,3,4,51,7,2017,5,9,7,3,4,6,0,1,0,0,0,0,0,4.35822E+20,5.90522E+21,8.03717E+15,5.32923E+16
15535,3.17053E+18,3,4,51,4,2017,5,12,7,3,2,6,0,1,0,0,0,0,0,4.37409E+20,5.88642E+21,8.06466E+15,5.31235E+16
15536,3.17053E+18,3,2,51,37,2017,5,17,7,3,2,6,0,1,0,0,0,0,0,4.80984E+20,5.87175E+21,8.71669E+15,5.2995E+16
15537,3.17053E+18,3,2,51,36,2017,5,15,7,2,1,5,0,1,0,1,0,0,0,4.54184E+20,5.81165E+21,8.32579E+15,5.24531E+16
15538,3.17053E+18,3,2,51,44,2017,5,3,7,3,9,1,0,1,0,0,0,2,0,4.73101E+20,5.8199E+21,8.60348E+15,5.25286E+16
15539,3.17053E+18,3,4,61,7,2017,5,23,7,3,0,7,1,0,0,0,0,2,0,4.66455E+20,5.9287E+21,8.49422E+15,5.35062E+16
15540,3.17053E+18,3,4,61,2,2017,5,13,7,3,2,6,0,1,0,0,0,0,0,4.63259E+20,5.91064E+21,8.44814E+15,5.33436E+16
15541,3.17053E+18,3,3,52,59,2017,5,13,7,2,8,1,0,0,0,1,0,0,0,4.91986E+20,5.91996E+21,8.87939E+15,5.34286E+16
15542,3.17053E+18,3,3,52,32,2017,5,13,7,3,2,6,0,1,0,0,0,0,0,4.7364E+20,5.92622E+21,8.60275E+15,5.34843E+16
15543,3.17053E+18,3,3,53,16,2017,5,11,7,3,5,2,1,1,0,0,0,0,0,5.68002E+20,5.90145E+21,1.00194E+16,5.32579E+16
15544,3.17053E+18,3,3,53,40,2017,5,21,7,2,8,1,0,1,0,0,0,1,0,5.76449E+20,5.9105E+21,1.01482E+16,5.33381E+16
15545,3.17053E+18,3,3,59,23,2017,5,18,7,2,2,6,0,1,0,1,0,0,0,5.30554E+20,5.92019E+21,9.45986E+15,5.34299E+16
15546,3.17053E+18,3,3,58,21,2017,5,11,7,3,2,6,0,1,0,0,0,0,0,5.60043E+20,5.86816E+21,9.89386E+15,5.29597E+16
15547,3.17053E+18,3,3,58,2,2017,5,14,7,3,7,7,0,0,0,1,0,0,0,5.70282E+20,5.88771E+21,1.00505E+16,5.31341E+16
15548,3.17053E+18,3,3,54,17,2017,5,16,7,2,4,6,0,0,0,1,1,0,0,6.46563E+20,5.86518E+21,1.11798E+16,5.29162E+16
15549,3.17053E+18,3,3,51,23,2017,5,13,7,3,5,1,0,1,0,0,1,0,0,5.56318E+20,5.8344E+21,9.8326E+15,5.26566E+16
15550,3.17053E+18,3,3,51,18,2017,5,19,7,2,9,6,0,1,0,0,0,0,0,5.74518E+20,5.82266E+21,1.0099E+16,5.25489E+16
15551,3.17053E+18,3,3,51,6,2017,5,23,7,2,1,5,0,1,0,0,0,2,0,5.71717E+20,5.83443E+21,1.00602E+16,5.26551E+16
15552,3.17053E+18,3,3,51,6,2017,5,16,7,3,0,7,1,1,0,0,0,0,0,5.71695E+20,5.83057E+21,1.00591E+16,5.26204E+16
15553,3.17053E+18,3,3,51,6,2017,5,14,7,3,6,4,0,1,1,0,0,0,0,5.7355E+20,5.83105E+21,1.00866E+16,5.26244E+16
15554,3.17053E+18,3,3,51,6,2017,5,12,7,3,5,2,0,1,0,0,0,0,0,5.68655E+20,5.83688E+21,1.00155E+16,5.26775E+16
15555,3.17053E+18,3,2,41,2,2017,5,12,7,3,2,2,0,1,0,0,0,0,0,5.35117E+20,5.79269E+21,9.51479E+15,5.22834E+16
15556,3.17053E+18,3,2,41,11,2017,5,17,7,3,8,1,1,1,0,0,0,0,0,5.66529E+20,5.80319E+21,9.97729E+15,5.23749E+16
15557,3.17053E+18,3,2,41,12,2017,5,23,7,2,0,1,1,0,0,0,0,2,0,5.35742E+20,5.81819E+21,9.52668E+15,5.25126E+16
15558,3.17053E+18,3,2,41,1,2017,5,16,7,3,2,2,0,1,0,0,0,0,0,5.49873E+20,5.80807E+21,9.73337E+15,5.24206E+16
15559,3.17053E+18,3,2,41,19,2017,5,9,7,3,2,6,0,1,0,0,0,0,0,5.50565E+20,5.82804E+21,9.74658E+15,5.26001E+16
15560,3.17053E+18,3,1,55,9,2017,5,19,7,3,5,3,0,1,0,0,0,0,0,5.62616E+20,5.72449E+21,9.90541E+15,5.16679E+16
15561,3.17053E+18,3,1,55,11,2017,5,17,7,3,4,1,0,1,0,0,1,0,0,5.73747E+20,5.73273E+21,1.00681E+16,5.17406E+16
15562,3.17053E+18,3,1,55,11,2017,5,13,7,2,8,1,0,0,0,1,0,0,0,5.70105E+20,5.72347E+21,1.00135E+16,5.16579E+16
15563,3.17053E+18,3,2,56,22,2017,5,11,7,3,2,6,0,1,0,1,0,0,0,5.15277E+20,5.83397E+21,9.22585E+15,5.26554E+16
15564,3.17053E+18,3,2,54,26,2017,5,14,7,3,9,7,0,1,0,0,0,0,0,5.56971E+20,5.78178E+21,9.83329E+15,5.21836E+16
15565,3.17053E+18,3,2,55,23,2017,5,11,7,2,7,7,0,0,0,1,0,0,0,5.33026E+20,5.73615E+21,9.47868E+15,5.17752E+16
15566,3.17053E+18,3,1,59,14,2017,5,17,7,3,2,6,0,1,0,1,0,0,0,5.84368E+20,5.71896E+21,1.02186E+16,5.16153E+16
15567,3.17053E+18,3,1,3,0,2017,5,17,7,3,2,6,0,1,0,0,0,0,0,6.17344E+20,5.80328E+21,1.07235E+16,5.23673E+16
15568,3.17053E+18,3,2,41,8,2017,5,15,4,3,2,6,0,1,0,0,1,0,0,5.53572E+20,5.81202E+21,9.7884E+15,5.24557E+16
15569,3.17053E+18,3,1,58,37,2017,5,19,7,3,5,3,0,1,0,0,0,0,0,6.06354E+20,5.78025E+21,1.05549E+16,5.21625E+16
15570,3.17053E+18,3,1,58,39,2017,5,13,7,3,9,7,0,1,0,0,0,0,0,6.13158E+20,5.76552E+21,1.06494E+16,5.20288E+16
15571,3.17053E+18,3,1,57,9,2017,5,11,7,3,1,5,0,1,0,0,0,0,0,5.83418E+20,5.7917E+21,1.02225E+16,5.22694E+16
15572,3.17053E+18,3,1,53,504,2017,5,15,7,3,0,7,0,0,0,1,0,0,0,6.02089E+20,5.73955E+21,1.04805E+16,5.17974E+16
15573,3.17053E+18,3,1,53,7,2017,5,12,7,2,8,1,0,0,0,1,0,0,0,5.89407E+20,5.74668E+21,1.02984E+16,5.18637E+16
15574,3.17053E+18,3,1,1,0,2017,5,11,7,3,3,7,0,1,0,0,0,0,0,5.99245E+20,5.79376E+21,1.0455E+16,5.22852E+16
15575,3.17053E+18,3,4,59,5,2017,5,14,6,3,9,1,0,1,0,0,0,0,0,4.3967E+20,5.77014E+21,8.11966E+15,5.20786E+16
15576,3.17053E+18,3,4,59,34,2017,5,14,6,3,4,6,0,1,0,0,1,0,0,4.31217E+20,5.76837E+21,7.99668E+15,5.20617E+16
15577,3.17053E+18,3,4,59,30,2017,5,16,6,3,2,6,0,1,0,0,0,0,0,4.29252E+20,5.83728E+21,7.95348E+15,5.26808E+16
15578,3.17053E+18,3,4,4,0,2017,5,13,6,3,0,1,1,0,0,0,0,0,0,4.33905E+20,5.79164E+21,8.03135E+15,5.22712E+16
15579,3.17053E+18,3,4,57,18,2017,5,15,6,2,9,7,0,1,0,0,0,0,0,4.04753E+20,5.89204E+21,7.57512E+15,5.31692E+16
15580,3.17053E+18,3,4,57,16,2017,5,7,6,3,4,2,0,1,0,0,0,0,0,4.02823E+20,5.90241E+21,7.54311E+15,5.32621E+16
15581,3.17053E+18,3,4,57,13,2017,5,19,6,3,4,6,1,1,0,0,0,0,0,3.9948E+20,5.89966E+21,7.49387E+15,5.32367E+16
15582,3.17053E+18,3,4,54,40,2017,5,19,6,3,4,2,1,1,0,0,0,0,0,3.83953E+20,5.85697E+21,7.2767E+15,5.285E+16
15583,3.17053E+18,3,4,56,18,2017,5,11,6,3,3,6,0,1,0,0,0,0,0,3.76273E+20,5.80076E+21,7.18372E+15,5.23431E+16
15584,3.17053E+18,3,4,52,22,2017,5,16,6,3,5,2,1,1,0,0,0,0,0,3.89029E+20,5.93239E+21,7.32585E+15,5.35287E+16
15585,3.17053E+18,3,4,52,25,2017,5,11,6,3,1,5,0,1,0,0,0,0,0,4.12267E+20,5.91724E+21,7.68053E+15,5.3397E+16
15586,3.17053E+18,3,4,52,1,2017,5,12,6,3,2,6,0,1,0,0,0,0,0,3.99853E+20,5.92465E+21,7.49155E+15,5.34613E+16
15587,3.17053E+18,3,4,60,2,2017,5,15,6,2,5,2,0,1,0,0,1,0,0,4.47369E+20,5.81612E+21,8.2248E+15,5.24926E+16
15588,3.17053E+18,3,4,60,1,2017,5,20,6,3,5,3,1,1,0,0,0,0,0,4.41133E+20,5.84256E+21,8.12826E+15,5.27297E+16
15589,3.17053E+18,3,4,55,15,2017,5,15,6,3,2,6,0,1,0,0,0,0,0,4.33924E+20,5.93031E+21,8.00344E+15,5.35176E+16
15590,3.17053E+18,3,3,61,6,2017,5,13,6,3,5,3,0,1,0,1,0,0,0,5.12177E+20,5.87216E+21,9.18145E+15,5.29988E+16
15591,3.17053E+18,3,4,51,5,2017,5,10,6,3,2,6,0,1,0,0,0,0,0,4.43756E+20,5.9039E+21,8.15641E+15,5.32813E+16
15592,3.17053E+18,3,4,51,7,2017,5,12,6,1,5,3,1,1,0,0,0,0,0,4.29822E+20,5.89882E+21,7.94858E+15,5.3234E+16
15593,3.17053E+18,3,4,51,2,2017,5,23,6,3,5,3,0,1,0,0,0,2,0,4.33E+20,5.89297E+21,7.99741E+15,5.31819E+16
15594,3.17053E+18,3,4,51,2,2017,5,18,6,3,8,1,0,0,0,0,1,0,0,4.38694E+20,5.8932E+21,8.08256E+15,5.31846E+16
15595,3.17053E+18,3,4,3,0,2017,5,15,6,2,2,2,0,1,0,1,0,0,0,4.49003E+20,5.88941E+21,8.23743E+15,5.31516E+16
15596,3.17053E+18,3,2,51,37,2017,5,12,6,3,2,6,0,1,0,0,0,0,0,4.87004E+20,5.8754E+21,8.80622E+15,5.3028E+16
15597,3.17053E+18,3,2,51,44,2017,5,16,6,3,4,1,0,1,0,0,0,0,0,4.79087E+20,5.8243E+21,8.69144E+15,5.25684E+16
15598,3.17053E+18,3,4,61,8,2017,5,13,6,3,3,2,0,1,0,0,1,0,0,4.53395E+20,5.90068E+21,8.30144E+15,5.32534E+16
15599,3.17053E+18,3,3,52,11,2017,5,13,6,3,0,1,0,0,0,1,0,0,0,4.79282E+20,5.96624E+21,8.68511E+15,5.38443E+16
15600,3.17053E+18,3,3,53,13,2017,5,0,6,2,9,1,0,1,0,0,0,2,0,5.75821E+20,5.89825E+21,1.01358E+16,5.32281E+16
15601,3.17053E+18,3,3,53,35,2017,5,12,6,3,0,1,1,0,0,0,0,0,1,5.47772E+20,5.90343E+21,9.71645E+15,5.32779E+16
15602,3.17053E+18,3,3,53,18,2017,5,17,6,2,8,1,0,1,0,0,0,0,0,5.4166E+20,5.9031E+21,9.62476E+15,5.32755E+16
15603,3.17053E+18,3,3,53,35,2017,5,14,6,3,9,1,0,0,0,1,0,0,0,5.5407E+20,5.90528E+21,9.81121E+15,5.3294E+16
15604,3.17053E+18,3,3,53,5,2017,5,11,6,3,1,7,0,1,0,0,1,0,0,5.58735E+20,5.90922E+21,9.88193E+15,5.33289E+16
15605,3.17053E+18,3,3,59,23,2017,5,13,6,2,9,7,0,1,0,0,0,0,0,5.33844E+20,5.92602E+21,9.51E+15,5.34821E+16
15606,3.17053E+18,3,3,59,34,2017,5,21,6,3,5,3,0,1,0,0,1,2,0,5.39335E+20,5.92787E+21,9.59297E+15,5.34984E+16
15607,3.17053E+18,3,3,58,21,2017,5,19,6,3,2,6,0,1,0,0,0,0,0,5.60773E+20,5.87186E+21,9.90543E+15,5.29928E+16
15608,3.17053E+18,3,3,57,8,2017,5,12,6,3,2,6,0,1,0,0,0,0,0,5.07613E+20,5.92738E+21,9.11475E+15,5.34953E+16
15609,3.17053E+18,3,3,55,26,2017,5,16,6,3,2,2,0,1,0,1,0,0,0,6.08329E+20,5.90302E+21,1.06242E+16,5.32653E+16
15610,3.17053E+18,3,3,55,24,2017,5,8,6,2,9,1,0,0,0,1,0,0,0,5.93739E+20,5.892E+21,1.04023E+16,5.31691E+16
15611,3.17053E+18,3,3,51,26,2017,5,16,6,3,4,2,0,1,0,0,0,0,0,5.8717E+20,5.85571E+21,1.02943E+16,5.28441E+16
15612,3.17053E+18,3,2,41,9,2017,5,18,6,3,5,2,1,1,0,0,0,0,0,5.57587E+20,5.79185E+21,9.84402E+15,5.2274E+16
15613,3.17053E+18,3,2,41,1,2017,5,6,6,3,2,6,0,1,0,0,1,0,0,5.53148E+20,5.80858E+21,9.78161E+15,5.24249E+16
15614,3.17053E+18,3,2,41,1,2017,5,16,6,3,2,6,0,1,0,0,0,0,0,5.49679E+20,5.80379E+21,9.72988E+15,5.23821E+16