OBJECTID,UIDENTSTLA,ULAND,UREGBEZ,UKREIS,UGEMEINDE,UJAHR,UMONAT,USTUNDE,UWOCHENTAG,UKATEGORIE,UART,UTYP1,IstRad,IstPKW,IstFuss,IstKrad,IstSonstig,LICHT,STRZUSTAND,LINREFX,LINREFY,XGCSWGS84,YGCSWGS84
15965,3.17061E+18,3,2,52,5,2017,6,16,6,1,4,6,0,1,0,0,1,0,1,5.2997E+20,5.76909E+21,9.43726E+15,5.20716E+16
15966,3.17061E+18,3,1,59,16,2017,6,18,6,3,3,2,1,1,0,0,0,0,0,5.63169E+20,5.70965E+21,9.91074E+15,5.15344E+16
15967,3.17061E+18,3,1,58,39,2017,6,14,6,3,5,3,0,1,0,0,0,0,0,6.02994E+20,5.76444E+21,1.0501E+16,5.2021E+16
15968,3.17061E+18,3,1,57,6,2017,6,7,6,3,5,3,0,1,0,0,0,0,0,5.90668E+20,5.79607E+21,1.03299E+16,5.23075E+16
15969,3.17061E+18,3,1,51,28,2017,6,15,6,2,5,3,0,1,0,0,0,0,1,6.00276E+20,5.85172E+21,1.04876E+16,5.28059E+16
15970,3.17061E+18,3,1,51,7,2017,6,11,6,2,9,1,0,1,0,0,0,0,0,6.05917E+20,5.83623E+21,1.05662E+16,5.26656E+16
15971,3.17061E+18,3,1,51,34,2017,6,15,6,3,2,6,0,1,0,0,0,0,0,6.04591E+20,5.80376E+21,1.05364E+16,5.23741E+16
15972,3.1706E+18,3,3,60,23,2017,6,16,6,3,2,6,0,1,0,0,0,0,0,6.01259E+20,5.86061E+21,1.05049E+16,5.28857E+16
15973,3.17061E+18,3,4,59,8,2017,6,14,5,3,8,1,0,1,0,0,0,0,0,4.40345E+20,5.79712E+21,8.12475E+15,5.23212E+16
15974,3.17061E+18,3,4,59,8,2017,6,15,5,3,6,4,0,0,1,0,1,0,0,4.41317E+20,5.79502E+21,8.13938E+15,5.23024E+16
15975,3.1706E+18,3,3,60,6,2017,6,11,6,2,5,3,1,1,0,0,0,0,0,5.94614E+20,5.87644E+21,1.04108E+16,5.30291E+16
15976,3.17061E+18,3,4,59,24,2017,6,17,5,3,5,3,1,1,0,0,0,0,0,4.50312E+20,5.78464E+21,8.27281E+15,5.22099E+16
15977,3.1706E+18,3,3,54,12,2017,6,10,6,1,4,2,0,1,0,1,0,0,0,6.3045E+20,5.88235E+21,1.09473E+16,5.30747E+16
15978,3.1706E+18,3,3,54,6,2017,6,10,6,2,4,1,0,1,0,1,0,0,0,6.24807E+20,5.88818E+21,1.08654E+16,5.31284E+16
15979,3.17061E+18,3,4,59,6,2017,6,14,5,3,0,3,1,1,0,0,0,0,0,4.43886E+20,5.77382E+21,8.18057E+15,5.21121E+16
15980,3.1706E+18,3,3,55,13,2017,6,17,6,2,5,3,0,1,0,1,0,0,0,6.13444E+20,5.89467E+21,1.06979E+16,5.31893E+16
15981,3.1706E+18,3,3,55,42,2017,6,15,6,3,2,6,0,1,0,0,0,0,0,5.90192E+20,5.9093E+21,1.03542E+16,5.33252E+16
15982,3.1706E+18,3,3,55,33,2017,6,12,6,3,5,3,0,1,0,0,0,0,0,5.99569E+20,5.90577E+21,1.04938E+16,5.32918E+16
15983,3.1706E+18,3,3,51,12,2017,6,17,6,3,5,2,0,1,0,1,0,0,0,5.62941E+20,5.83184E+21,9.93002E+15,5.26328E+16
15984,3.1706E+18,3,3,51,6,2017,6,18,6,3,0,6,0,1,0,0,0,0,0,5.74081E+20,5.83025E+21,1.00942E+16,5.26172E+16
15985,3.1706E+18,3,2,41,1,2017,6,15,6,3,2,6,0,1,0,0,0,0,0,5.47496E+20,5.80313E+21,9.69773E+15,5.23764E+16
15986,3.1706E+18,3,2,41,1,2017,6,11,6,3,2,6,0,1,0,0,0,0,0,5.47497E+20,5.80313E+21,9.69774E+15,5.23764E+16
15987,3.17061E+18,3,4,59,14,2017,6,20,5,3,9,1,0,0,0,1,0,0,0,4.36849E+20,5.80414E+21,8.07214E+15,5.23839E+16
15988,3.1706E+18,3,2,41,1,2017,6,16,6,3,5,3,1,1,0,0,0,0,0,5.53956E+20,5.7986E+21,9.79189E+15,5.2335E+16
15989,3.17061E+18,3,4,4,0,2017,6,20,5,2,0,1,1,0,0,0,0,0,0,4.344E+20,5.79246E+21,8.03844E+15,5.22785E+16
15990,3.1706E+18,3,2,41,1,2017,6,12,6,3,5,3,0,1,0,1,0,0,0,5.49492E+20,5.80444E+21,9.72723E+15,5.23879E+16
15991,3.17061E+18,3,4,57,14,2017,6,16,5,3,5,2,1,1,0,0,0,0,0,3.99205E+20,5.90714E+21,7.48738E+15,5.33038E+16
15992,3.17061E+18,3,4,54,41,2017,6,20,5,3,5,3,0,1,0,0,0,0,0,3.96767E+20,5.87805E+21,7.4602E+15,5.3042E+16
15993,3.17061E+18,3,4,54,41,2017,6,15,5,3,5,3,0,1,0,0,1,0,0,3.8981E+20,5.88448E+21,7.35427E+15,5.30984E+16
15994,3.17061E+18,3,4,52,19,2017,6,15,5,3,4,2,1,1,0,0,0,0,1,3.79965E+20,5.94092E+21,7.1859E+15,5.36033E+16
15995,3.1706E+18,3,2,41,1,2017,6,9,6,3,6,4,0,1,1,0,0,0,0,5.54424E+20,5.80658E+21,9.80005E+15,5.24068E+16
15996,3.17061E+18,3,4,52,25,2017,6,23,5,3,0,7,1,0,0,0,0,2,0,4.16023E+20,5.9192E+21,7.73649E+15,5.34152E+16
15997,3.17061E+18,3,4,52,1,2017,6,18,5,3,9,1,0,1,0,0,0,0,0,4.09273E+20,5.93087E+21,7.63159E+15,5.35189E+16
15998,3.1706E+18,3,2,41,17,2017,6,14,6,3,0,2,1,0,1,0,1,0,0,5.458E+20,5.78783E+21,9.67072E+15,5.22389E+16
15999,3.17061E+18,3,4,52,1,2017,6,12,5,3,2,6,0,1,0,0,0,0,1,3.97638E+20,5.92586E+21,7.45781E+15,5.34718E+16
16000,3.1706E+18,3,2,41,17,2017,6,11,6,3,5,3,1,0,0,0,1,0,0,5.37984E+20,5.78396E+21,9.55584E+15,5.22048E+16
16001,3.17061E+18,3,4,52,23,2017,6,14,5,3,5,2,0,0,0,1,1,0,0,3.94065E+20,5.9265E+21,7.40378E+15,5.34768E+16
16002,3.1706E+18,3,2,41,14,2017,6,12,6,3,5,3,0,1,0,0,1,0,0,5.46347E+20,5.79569E+21,9.67982E+15,5.23096E+16
16003,3.1706E+18,3,2,41,16,2017,6,16,6,3,9,7,0,1,0,0,0,0,0,5.62004E+20,5.79638E+21,9.90958E+15,5.23143E+16
16004,3.17061E+18,3,4,52,1,2017,6,13,5,3,2,6,0,1,0,0,0,0,0,3.99369E+20,5.92589E+21,7.48386E+15,5.34724E+16
16005,3.1706E+18,3,2,41,10,2017,6,12,6,3,4,2,1,1,0,0,0,0,0,5.50428E+20,5.80997E+21,9.74181E+15,5.24376E+16
16006,3.1706E+18,3,2,41,18,2017,6,15,6,3,5,3,0,1,0,0,1,0,0,5.77002E+20,5.81271E+21,1.01333E+16,5.24591E+16
16007,3.1706E+18,3,2,41,17,2017,6,18,6,2,7,7,1,0,0,0,1,0,0,5.41267E+20,5.78238E+21,9.60368E+15,5.21903E+16
16008,3.1706E+18,3,2,41,12,2017,6,20,6,2,2,6,1,0,0,0,0,0,0,5.39424E+20,5.83242E+21,9.58262E+15,5.26404E+16
16009,3.17061E+18,3,4,53,5,2017,6,9,5,2,4,2,0,0,0,0,1,0,1,4.48151E+20,5.85638E+21,8.22998E+15,5.28546E+16
16010,3.17061E+18,3,4,55,15,2017,6,15,5,3,3,7,0,1,0,0,0,0,1,4.31606E+20,5.93339E+21,7.96781E+15,5.35449E+16
16011,3.17061E+18,3,4,55,15,2017,6,8,5,2,8,1,0,1,0,0,0,0,0,4.35089E+20,5.93065E+21,8.02093E+15,5.35208E+16
16012,3.17061E+18,3,4,55,7,2017,6,15,5,3,5,3,1,1,0,0,0,0,1,4.26435E+20,5.93612E+21,7.88915E+15,5.35688E+16
16013,3.17061E+18,3,4,5,0,2017,6,16,5,3,2,6,0,1,0,0,1,0,0,4.38076E+20,5.93126E+21,8.06586E+15,5.35266E+16
16014,3.1706E+18,3,2,56,25,2017,6,18,6,3,2,6,0,0,0,1,1,0,0,5.15559E+20,5.81443E+21,9.2291E+15,5.24798E+16
16015,3.17061E+18,3,4,5,0,2017,6,16,5,3,5,3,0,1,0,0,0,0,1,4.39088E+20,5.93199E+21,8.08098E+15,5.35333E+16
16016,3.17061E+18,3,4,3,0,2017,6,13,5,3,2,6,0,1,0,0,1,0,1,4.46074E+20,5.8893E+21,8.19365E+15,5.31504E+16
16017,3.1706E+18,3,2,54,17,2017,6,13,6,3,6,4,0,1,1,0,0,0,0,5.62551E+20,5.78396E+21,9.9153E+15,5.22025E+16
16018,3.17061E+18,3,4,51,2,2017,6,4,5,3,8,1,0,1,0,0,0,0,0,4.38356E+20,5.89564E+21,8.07703E+15,5.32065E+16
16019,3.17061E+18,3,4,51,4,2017,6,6,5,3,5,3,0,1,0,0,0,0,0,4.28346E+20,5.88638E+21,7.92925E+15,5.31221E+16
16020,3.1706E+18,3,2,54,17,2017,6,7,6,3,5,3,0,1,0,0,0,0,0,5.62318E+20,5.78444E+21,9.91197E+15,5.22069E+16
16021,3.17061E+18,3,2,51,37,2017,6,13,5,2,4,6,0,1,0,0,1,0,0,4.80405E+20,5.86901E+21,8.70821E+15,5.29703E+16
16022,3.17061E+18,3,2,51,41,2017,6,20,5,3,8,1,0,0,0,1,0,0,0,4.9355E+20,5.85804E+21,8.90417E+15,5.2872E+16
16023,3.1706E+18,3,2,54,13,2017,6,6,6,3,0,1,0,0,0,1,0,0,0,5.48531E+20,5.76875E+21,9.708E+15,5.20672E+16
16024,3.17061E+18,3,4,61,5,2017,6,17,5,3,2,6,0,1,0,0,0,0,0,4.51036E+20,5.91456E+21,8.26395E+15,5.33779E+16
16025,3.1706E+18,3,2,54,5,2017,6,7,6,3,5,3,0,1,0,1,0,0,0,5.67823E+20,5.76493E+21,9.98863E+15,5.20308E+16
16026,3.17061E+18,3,4,1,0,2017,6,7,5,3,1,5,1,0,0,0,1,0,0,4.74399E+20,5.87939E+21,8.61796E+15,5.30634E+16
16027,3.1706E+18,3,2,54,21,2017,6,16,6,2,9,7,0,1,0,0,0,0,0,5.67267E+20,5.77341E+21,9.9822E+15,5.21071E+16
16028,3.1706E+18,3,2,54,21,2017,6,9,6,3,2,6,0,1,0,0,1,0,0,5.60992E+20,5.77915E+21,9.89163E+15,5.21595E+16
16029,3.17061E+18,3,3,53,29,2017,6,17,5,3,2,6,0,1,0,0,0,0,0,5.61171E+20,5.9185E+21,9.92029E+15,5.3412E+16
16030,3.1706E+18,3,2,55,9,2017,6,19,6,3,9,1,0,1,0,0,0,0,0,5.28196E+20,5.72632E+21,9.40789E+15,5.16871E+16
16031,3.1706E+18,3,2,55,30,2017,6,9,6,3,0,7,0,1,0,0,1,0,0,5.38719E+20,5.74796E+21,9.56251E+15,5.18811E+16
16032,3.1706E+18,3,2,52,5,2017,6,13,6,3,2,6,0,1,0,1,0,0,0,5.26751E+20,5.76644E+21,9.39009E+15,5.20479E+16
16033,3.1706E+18,3,2,52,6,2017,6,12,6,3,2,6,0,1,0,0,0,0,0,5.25814E+20,5.77265E+21,9.37689E+15,5.21038E+16
16034,3.1706E+18,3,1,55,9,2017,6,14,6,3,2,6,0,1,0,0,0,0,0,5.63327E+20,5.72339E+21,9.9155E+15,5.1658E+16
16035,3.1706E+18,3,1,59,7,2017,6,17,6,3,9,1,0,1,0,0,0,0,0,5.61507E+20,5.71504E+21,9.88773E+15,5.1583E+16
16036,3.1706E+18,3,1,57,5,2017,6,19,6,3,5,3,1,1,0,0,0,0,0,5.89163E+20,5.78469E+21,1.03048E+16,5.22054E+16
16037,3.17061E+18,3,3,59,38,2017,6,14,5,3,2,6,0,1,0,1,0,0,1,5.30344E+20,5.9376E+21,9.45839E+15,5.35864E+16
16038,3.1706E+18,3,1,2,0,2017,6,14,6,3,2,7,0,1,0,1,0,0,0,5.9927E+20,5.78193E+21,1.04519E+16,5.21789E+16
16039,3.17061E+18,3,3,58,22,2017,6,11,5,2,2,6,0,1,0,0,0,0,1,5.40713E+20,5.85629E+21,9.60464E+15,5.28548E+16
16040,3.1706E+18,3,1,53,504,2017,6,12,6,1,2,1,0,0,0,1,0,0,0,6.14363E+20,5.72369E+21,1.06532E+16,5.16526E+16
16041,3.17061E+18,3,3,58,21,2017,6,18,5,3,5,3,1,1,0,0,0,0,0,5.56496E+20,5.87112E+21,9.84159E+15,5.29867E+16
16042,3.17061E+18,3,3,58,21,2017,6,17,5,3,1,7,0,1,0,0,0,0,0,5.58003E+20,5.87532E+21,9.86479E+15,5.30243E+16
16043,3.1706E+18,3,1,53,504,2017,6,18,6,3,3,2,0,1,0,1,0,0,0,5.87516E+20,5.74045E+21,1.02694E+16,5.18081E+16
16044,3.17061E+18,3,3,55,29,2017,6,8,5,3,5,2,0,1,0,0,0,0,0,5.81239E+20,5.88403E+21,1.02133E+16,5.30995E+16
16045,3.17061E+18,3,3,51,6,2017,6,17,5,3,5,3,1,1,0,0,0,0,0,5.71565E+20,5.83421E+21,1.00579E+16,5.26531E+16
16046,3.1706E+18,3,1,53,18,2017,6,15,6,3,0,1,0,0,0,1,0,0,0,5.90053E+20,5.74004E+21,1.03061E+16,5.1804E+16
16047,3.17061E+18,3,2,41,1,2017,6,7,5,3,0,1,1,0,0,0,0,0,1,5.48874E+20,5.80513E+21,9.71825E+15,5.23943E+16
16048,3.17061E+18,3,2,41,17,2017,6,13,5,3,5,2,0,1,0,0,1,0,0,5.43461E+20,5.78307E+21,9.63587E+15,5.21963E+16
16049,3.17061E+18,3,2,41,19,2017,6,16,5,3,5,3,0,1,0,0,0,0,0,5.5324E+20,5.81915E+21,9.78465E+15,5.25199E+16
16050,3.17061E+18,3,2,41,10,2017,6,12,5,3,6,4,0,1,1,0,0,0,0,5.50598E+20,5.81173E+21,9.74459E+15,5.24534E+16
16051,3.1706E+18,3,1,51,31,2017,6,16,6,3,0,6,0,1,0,0,0,0,0,6.2355E+20,5.82115E+21,1.08212E+16,5.25265E+16
16052,3.17061E+18,3,2,41,1,2017,6,10,5,3,0,1,1,0,0,0,0,0,1,5.54412E+20,5.80667E+21,9.79988E+15,5.24076E+16
16053,3.17061E+18,3,2,41,1,2017,6,9,5,2,5,3,1,1,0,0,0,0,1,5.49475E+20,5.80308E+21,9.72678E+15,5.23757E+16
16054,3.1706E+18,3,1,51,34,2017,6,16,6,3,2,6,0,1,0,0,0,0,0,6.04629E+20,5.80361E+21,1.05369E+16,5.23728E+16
16055,3.17061E+18,3,2,41,1,2017,6,16,5,2,5,2,1,1,0,0,0,0,0,5.51122E+20,5.80239E+21,9.75087E+15,5.23694E+16
16056,3.1706E+18,3,1,51,9,2017,6,14,6,3,2,6,0,1,0,0,1,0,0,6.06396E+20,5.8174E+21,1.05673E+16,5.24963E+16
16057,3.17061E+18,3,2,57,35,2017,6,7,5,3,5,2,0,0,0,1,1,0,1,5.12856E+20,5.79699E+21,9.18863E+15,5.23231E+16
16058,3.1706E+18,3,4,4,0,2017,6,17,5,3,2,6,0,1,0,0,0,0,0,4.29716E+20,5.7914E+21,7.97002E+15,5.22685E+16
16059,3.1706E+18,3,4,59,12,2017,6,16,5,2,2,6,0,1,0,1,0,0,0,4.41036E+20,5.78897E+21,8.13631E+15,5.2248E+16
16060,3.17061E+18,3,2,54,5,2017,6,1,5,2,9,1,0,1,0,0,0,2,1,5.71907E+20,5.77184E+21,1.00496E+16,5.20925E+16
16061,3.1706E+18,3,4,59,14,2017,6,15,5,3,0,1,1,0,0,0,0,0,0,4.23614E+20,5.81135E+21,7.87608E+15,5.2447E+16
16062,3.1706E+18,3,4,4,0,2017,6,13,5,3,5,3,1,0,0,0,1,0,0,4.34397E+20,5.79221E+21,8.03845E+15,5.22763E+16
16063,3.1706E+18,3,4,4,0,2017,6,12,5,3,2,6,0,1,0,0,0,0,0,4.34066E+20,5.78849E+21,8.03432E+15,5.22429E+16
16064,3.1706E+18,3,4,4,0,2017,6,9,5,3,5,3,1,1,0,0,0,0,0,4.34516E+20,5.79184E+21,8.04027E+15,5.2273E+16
16065,3.1706E+18,3,4,57,8,2017,6,20,5,3,5,2,1,0,0,0,1,0,0,4.08254E+20,5.89985E+21,7.62523E+15,5.324E+16
16066,3.17061E+18,3,1,59,16,2017,6,7,5,3,5,3,0,1,0,0,1,0,1,5.61502E+20,5.70885E+21,9.88657E+15,5.15274E+16
16067,3.17061E+18,3,1,58,6,2017,6,9,5,3,5,3,0,1,0,0,0,0,0,6.12958E+20,5.79485E+21,1.06563E+16,5.22924E+16
16068,3.17061E+18,3,1,58,37,2017,6,10,5,3,1,7,1,1,0,0,0,0,1,6.04926E+20,5.77952E+21,1.05338E+16,5.21562E+16
16069,3.17061E+18,3,1,58,37,2017,6,16,5,3,5,3,0,1,0,0,0,0,0,6.03643E+20,5.78145E+21,1.05156E+16,5.21738E+16
16070,3.17061E+18,3,1,57,7,2017,6,20,5,3,5,3,1,1,0,0,0,0,0,5.95654E+20,5.79073E+21,1.04015E+16,5.22586E+16
16071,3.1706E+18,3,4,51,7,2017,6,11,5,3,2,6,0,1,0,0,1,0,0,4.22729E+20,5.90479E+21,7.84088E+15,5.32867E+16
16072,3.17061E+18,3,1,2,0,2017,6,8,5,2,5,3,0,1,0,1,0,0,0,5.99161E+20,5.78178E+21,1.04502E+16,5.21775E+16
16073,3.17061E+18,3,1,2,0,2017,6,11,5,2,5,2,1,1,0,0,0,0,1,5.90894E+20,5.78024E+21,1.03289E+16,5.21652E+16
16074,3.1706E+18,3,4,54,58,2017,6,14,5,3,2,6,0,1,0,0,0,0,0,3.99565E+20,5.85918E+21,7.50777E+15,5.2873E+16
16075,3.17061E+18,3,1,51,20,2017,6,16,5,3,3,6,0,1,0,0,0,0,0,6.13383E+20,5.81488E+21,1.06693E+16,5.24723E+16
16076,3.1706E+18,3,4,54,11,2017,6,17,5,3,2,2,0,1,0,0,0,0,0,4.07835E+20,5.87035E+21,7.62742E+15,5.29748E+16
16077,3.17061E+18,3,4,4,0,2017,6,14,4,3,5,2,1,1,0,0,0,0,1,4.34156E+20,5.79168E+21,8.03502E+15,5.22715E+16
16078,3.1706E+18,3,4,54,51,2017,6,8,5,3,5,3,0,1,0,0,0,0,0,4.00954E+20,5.86945E+21,7.52526E+15,5.29655E+16
16079,3.17061E+18,3,4,4,0,2017,6,15,4,3,4,2,1,1,0,0,0,0,1,4.35179E+20,5.79087E+21,8.05017E+15,5.22644E+16
16080,3.1706E+18,3,4,54,18,2017,6,16,5,3,5,3,1,1,0,0,0,0,0,3.81962E+20,5.84635E+21,7.25099E+15,5.27541E+16
16081,3.1706E+18,3,4,54,19,2017,6,14,5,3,5,3,1,1,0,0,0,0,0,4.02479E+20,5.83925E+21,7.55699E+15,5.26944E+16
16082,3.1706E+18,3,4,54,35,2017,6,19,5,3,2,2,0,1,0,0,0,0,0,3.8398E+20,5.83831E+21,7.2837E+15,5.26823E+16
16083,3.1706E+18,3,4,54,32,2017,6,16,5,3,2,6,0,1,0,0,0,0,0,3.90472E+20,5.81894E+21,7.38612E+15,5.25096E+16
16084,3.1706E+18,3,4,62,3,2017,6,11,5,3,5,2,1,1,0,0,0,0,0,4.0813E+20,5.94476E+21,7.61027E+15,5.36435E+16
16085,3.1706E+18,3,4,52,19,2017,6,20,5,2,8,1,1,0,0,0,0,0,0,3.83035E+20,5.93802E+21,7.23336E+15,5.3578E+16
16086,3.1706E+18,3,4,52,25,2017,6,14,5,3,5,3,1,1,0,0,0,0,0,4.16079E+20,5.91925E+21,7.73732E+15,5.34157E+16
16087,3.1706E+18,3,4,53,7,2017,6,21,5,3,8,1,0,1,0,1,0,0,0,4.19415E+20,5.87004E+21,7.79992E+15,5.29739E+16
16088,3.1706E+18,3,4,60,6,2017,6,11,5,3,5,3,1,1,0,0,0,0,0,4.49272E+20,5.83562E+21,8.24984E+15,5.26682E+16
16089,3.1706E+18,3,4,53,11,2017,6,16,5,3,9,6,0,1,0,0,1,0,0,4.12566E+20,5.84278E+21,7.70526E+15,5.27279E+16
16090,3.1706E+18,3,3,56,5,2017,6,7,5,3,4,6,0,1,0,0,1,0,0,4.8846E+20,5.89374E+21,8.82727E+15,5.31929E+16
16091,3.17061E+18,3,4,4,0,2017,6,10,4,3,3,2,1,1,0,0,0,0,1,4.3456E+20,5.79173E+21,8.04093E+15,5.22721E+16
16092,3.1706E+18,3,3,56,7,2017,6,11,5,3,6,2,0,1,1,0,0,0,0,4.85491E+20,5.89794E+21,8.78264E+15,5.32305E+16
16093,3.17061E+18,3,4,54,41,2017,6,12,4,2,5,3,0,1,0,0,0,0,1,3.93277E+20,5.87977E+21,7.40759E+15,5.30567E+16
16094,3.1706E+18,3,3,61,1,2017,6,7,5,3,2,6,0,1,0,1,0,0,0,5.03151E+20,5.87283E+21,9.04695E+15,5.3005E+16
16095,3.17061E+18,3,4,56,23,2017,6,12,4,3,2,6,0,1,0,0,1,0,0,3.5688E+20,5.81857E+21,6.89163E+15,5.24984E+16
16096,3.1706E+18,3,3,61,6,2017,6,12,5,3,4,2,0,1,0,0,1,0,0,5.11728E+20,5.86976E+21,9.17467E+15,5.29773E+16
16097,3.17061E+18,3,4,56,25,2017,6,22,4,3,5,3,0,1,0,0,0,2,0,3.78936E+20,5.81734E+21,7.2168E+15,5.24927E+16
16098,3.1706E+18,3,3,61,12,2017,6,16,5,3,2,6,0,1,0,0,0,0,0,5.15971E+20,5.86706E+21,9.23772E+15,5.29529E+16
16099,3.17061E+18,3,4,54,29,2017,6,17,4,3,8,1,0,1,0,0,0,0,1,3.86566E+20,5.85431E+21,7.31641E+15,5.28266E+16
16100,3.1706E+18,3,4,55,14,2017,6,19,5,3,5,3,0,1,0,0,0,0,0,4.33876E+20,5.93084E+21,8.00261E+15,5.35224E+16
16101,3.1706E+18,3,2,51,41,2017,6,18,5,2,5,2,0,1,0,0,0,0,0,4.88456E+20,5.86295E+21,8.82831E+15,5.29161E+16
16102,3.17061E+18,3,4,54,35,2017,6,13,4,3,5,3,0,1,0,0,0,0,1,3.83003E+20,5.83963E+21,7.26879E+15,5.26939E+16
16103,3.1706E+18,3,2,51,44,2017,6,7,5,3,3,2,0,1,0,1,0,0,0,4.79157E+20,5.82021E+21,8.69273E+15,5.25316E+16
16104,3.1706E+18,3,3,57,39,2017,6,9,5,3,5,2,1,1,0,0,0,0,0,5.27418E+20,5.88466E+21,9.40961E+15,5.31107E+16
16105,3.1706E+18,3,3,60,9,2017,6,13,5,2,5,3,0,1,0,0,0,0,0,5.9604E+20,5.86853E+21,1.04297E+16,5.29577E+16
16106,3.17061E+18,3,4,52,23,2017,6,15,4,2,2,6,0,1,0,0,1,0,1,3.92868E+20,5.92703E+21,7.38557E+15,5.34814E+16
16107,3.17061E+18,3,4,53,13,2017,6,13,4,3,0,3,0,0,0,1,1,0,1,4.11567E+20,5.88449E+21,7.67912E+15,5.31025E+16
16108,3.1706E+18,3,3,60,30,2017,6,7,5,2,5,3,0,1,0,0,0,0,0,6.06908E+20,5.86213E+21,1.05893E+16,5.28982E+16
16109,3.17061E+18,3,4,60,7,2017,6,18,4,3,2,2,0,1,0,0,0,0,0,4.38509E+20,5.81498E+21,8.09453E+15,5.24815E+16
16110,3.1706E+18,3,3,55,24,2017,6,8,5,3,2,6,0,1,0,0,0,0,0,5.94702E+20,5.89274E+21,1.04169E+16,5.31756E+16
16111,3.17061E+18,3,4,53,9,2017,6,16,4,3,0,1,0,0,0,1,0,0,1,4.29005E+20,5.85247E+21,7.94653E+15,5.28173E+16
16112,3.17061E+18,3,4,5,0,2017,6,13,4,3,8,1,0,1,0,0,0,0,1,4.36798E+20,5.94027E+21,8.04477E+15,5.36075E+16
16113,3.1706E+18,3,3,51,6,2017,6,13,5,3,9,1,0,1,0,0,0,0,0,5.71523E+20,5.83226E+21,1.00569E+16,5.26356E+16
16114,3.17061E+18,3,4,5,0,2017,6,7,4,3,2,2,0,1,0,0,0,0,1,4.36227E+20,5.94157E+21,8.03587E+15,5.36191E+16
16115,3.17061E+18,3,4,5,0,2017,6,8,4,3,5,3,0,1,0,0,1,0,0,4.43344E+20,5.93141E+21,8.1453E+15,5.35286E+16
16116,3.1706E+18,3,2,41,1,2017,6,8,5,3,3,6,0,1,0,0,1,0,0,5.45233E+20,5.80399E+21,9.66459E+15,5.23843E+16
16117,3.17061E+18,3,3,56,11,2017,6,6,4,3,8,1,0,1,0,0,0,0,0,4.97158E+20,5.89992E+21,8.95741E+15,5.32485E+16
16118,3.1706E+18,3,2,41,9,2017,6,11,5,3,5,3,1,1,0,0,0,0,0,5.56791E+20,5.79256E+21,9.83246E+15,5.22805E+16
16119,3.17061E+18,3,3,56,7,2017,6,17,4,2,0,2,0,1,0,0,0,0,1,4.85058E+20,5.90544E+21,8.77581E+15,5.3298E+16
16120,3.1706E+18,3,2,41,1,2017,6,22,5,3,5,3,1,1,0,0,0,2,0,5.49931E+20,5.80409E+21,9.73363E+15,5.23848E+16
16121,3.17061E+18,3,4,51,5,2017,6,5,4,2,5,3,0,1,0,0,0,1,0,4.49271E+20,5.89718E+21,8.24019E+15,5.32215E+16
16122,3.1706E+18,3,2,41,1,2017,6,5,5,3,6,6,1,0,1,0,0,1,0,5.50091E+20,5.80568E+21,9.73622E+15,5.23991E+16
16123,3.1706E+18,3,2,41,21,2017,6,9,5,3,6,4,0,1,1,0,0,0,0,5.29073E+20,5.80906E+21,9.42761E+15,5.2431E+16
16124,3.1706E+18,3,2,41,19,2017,6,12,5,3,3,6,0,1,0,0,1,0,0,5.41898E+20,5.82075E+21,9.61771E+15,5.25353E+16
16125,3.1706E+18,3,2,41,11,2017,6,6,5,3,2,6,0,1,0,0,0,0,0,5.61838E+20,5.80114E+21,9.90802E+15,5.23571E+16
16126,3.1706E+18,3,2,41,10,2017,6,16,5,3,2,6,0,1,0,0,1,0,0,5.48626E+20,5.81031E+21,9.71536E+15,5.24408E+16
16127,3.17061E+18,3,4,51,2,2017,6,12,4,3,4,6,0,1,0,0,0,0,1,4.35919E+20,5.89534E+21,8.04062E+15,5.32035E+16
16128,3.1706E+18,3,2,41,4,2017,6,18,5,3,0,3,1,1,0,0,0,0,0,5.57856E+20,5.82425E+21,9.85356E+15,5.25653E+16
16129,3.1706E+18,3,2,41,18,2017,6,6,5,3,3,2,0,1,0,0,0,0,0,5.85575E+20,5.815E+21,1.026E+16,5.24785E+16
16130,3.17061E+18,3,4,3,0,2017,6,13,4,3,5,2,1,0,0,0,1,0,1,4.47868E+20,5.88886E+21,8.22055E+15,5.31465E+16
16131,3.1706E+18,3,2,41,1,2017,6,15,5,3,2,6,0,1,0,1,0,0,0,5.49118E+20,5.79925E+21,9.72099E+15,5.23414E+16
16132,3.1706E+18,3,2,41,1,2017,6,14,5,2,5,3,0,1,0,0,1,0,0,5.54784E+20,5.80674E+21,9.80536E+15,5.24082E+16
16133,3.17061E+18,3,4,58,14,2017,6,18,4,3,4,7,0,1,0,0,0,0,0,4.60846E+20,5.8616E+21,8.41787E+15,5.29027E+16
16134,3.1706E+18,3,2,41,1,2017,6,8,5,3,4,6,1,0,0,0,0,0,0,5.49955E+20,5.80434E+21,9.73402E+15,5.2387E+16
16135,3.1706E+18,3,2,41,1,2017,6,6,5,3,2,6,0,1,0,0,0,0,0,5.45409E+20,5.80884E+21,9.66784E+15,5.24279E+16
16136,3.1706E+18,3,2,56,29,2017,6,20,5,3,2,2,0,1,0,1,1,0,0,5.2995E+20,5.83322E+21,9.44269E+15,5.26481E+16
16137,3.1706E+18,3,2,56,22,2017,6,15,5,3,4,2,1,1,0,0,0,0,0,5.14922E+20,5.83208E+21,9.22051E+15,5.26385E+16
16138,3.1706E+18,3,2,54,22,2017,6,14,5,3,5,3,1,1,0,0,0,0,0,5.75922E+20,5.77371E+21,1.01086E+16,5.21087E+16
16139,3.17061E+18,3,3,52,60,2017,6,12,4,2,5,3,0,1,0,0,0,0,1,4.71959E+20,5.91361E+21,8.57855E+15,5.33709E+16