OBJECTID,UIDENTSTLA,ULAND,UREGBEZ,UKREIS,UGEMEINDE,UJAHR,UMONAT,USTUNDE,UWOCHENTAG,UKATEGORIE,UART,UTYP1,IstRad,IstPKW,IstFuss,IstKrad,IstSonstig,LICHT,STRZUSTAND,LINREFX,LINREFY,XGCSWGS84,YGCSWGS84
16140,3.17061E+18,3,3,52,55,2017,6,15,4,2,4,1,0,1,0,0,0,0,1,4.83804E+20,5.95363E+21,8.7545E+15,5.37311E+16
16141,3.1706E+18,3,2,54,5,2017,6,9,5,2,2,2,1,1,0,0,0,0,0,5.71418E+20,5.77295E+21,1.00427E+16,5.21025E+16
16142,3.17061E+18,3,3,53,26,2017,6,15,4,3,4,1,0,1,0,0,0,0,1,5.49659E+20,5.92709E+21,9.74847E+15,5.34904E+16
16143,3.1706E+18,3,2,52,1,2017,6,16,5,3,2,6,0,1,0,0,1,0,0,5.14895E+20,5.76297E+21,9.21705E+15,5.20172E+16
16144,3.17061E+18,3,3,53,31,2017,6,17,4,3,2,6,0,1,0,0,0,0,1,5.6705E+20,5.91797E+21,1.00086E+16,5.34065E+16
16145,3.17061E+18,3,3,53,31,2017,6,18,4,3,5,3,0,1,0,1,0,0,1,5.66511E+20,5.91789E+21,1.00005E+16,5.34059E+16
16146,3.1706E+18,3,2,52,1,2017,6,8,5,3,5,3,0,1,0,0,0,0,0,5.20862E+20,5.76847E+21,9.30433E+15,5.20664E+16
16147,3.1706E+18,3,1,3,0,2017,6,23,5,2,3,7,0,1,0,1,0,2,0,6.17456E+20,5.80969E+21,1.07274E+16,5.24248E+16
16148,3.17061E+18,3,3,59,2,2017,6,1,4,2,9,1,0,1,0,0,0,2,0,5.34931E+20,5.91793E+21,9.52549E+15,5.34093E+16
16149,3.17061E+18,3,3,59,35,2017,6,6,4,2,5,2,0,1,0,0,0,0,0,5.12628E+20,5.96015E+21,9.19169E+15,5.37898E+16
16150,3.1706E+18,3,1,3,0,2017,6,9,5,3,0,3,0,1,0,0,0,0,0,6.20794E+20,5.80167E+21,1.07736E+16,5.2352E+16
16151,3.17061E+18,3,3,59,11,2017,6,20,4,3,9,1,0,1,0,0,0,0,1,5.34231E+20,5.93002E+21,9.51627E+15,5.3518E+16
16152,3.1706E+18,3,1,58,37,2017,6,21,5,3,5,3,0,1,0,1,0,1,0,6.04359E+20,5.78005E+21,1.05257E+16,5.21611E+16
16153,3.17061E+18,3,3,58,20,2017,6,6,4,3,5,3,0,1,0,0,0,0,0,5.40702E+20,5.83741E+21,9.60212E+15,5.26851E+16
16154,3.1706E+18,3,1,58,2,2017,6,16,5,3,4,2,0,1,0,0,1,0,0,5.85137E+20,5.77125E+21,1.02425E+16,5.20852E+16
16155,3.1706E+18,3,1,2,0,2017,6,14,5,3,4,6,0,1,0,0,0,0,0,5.97514E+20,5.77261E+21,1.04235E+16,5.20955E+16
16156,3.1706E+18,3,1,51,28,2017,6,13,5,3,3,6,1,1,0,0,0,0,0,6.00331E+20,5.85126E+21,1.04882E+16,5.28018E+16
16157,3.1706E+18,3,1,51,6,2017,6,8,5,3,5,3,0,1,0,1,0,0,0,6.10217E+20,5.80916E+21,1.06208E+16,5.24215E+16
16158,3.17053E+18,3,4,4,0,2017,5,18,4,3,3,6,0,1,0,0,1,0,0,4.37863E+20,5.78931E+21,8.08978E+15,5.22506E+16
16159,3.17062E+18,3,1,51,1,2017,6,15,6,3,3,6,1,1,0,0,0,0,0,5.98975E+20,5.806E+21,1.04546E+16,5.23953E+16
16160,3.17062E+18,3,4,59,4,2017,6,14,5,3,2,6,0,1,0,0,0,0,0,4.33275E+20,5.77517E+21,8.02536E+15,5.2123E+16
16161,3.17062E+18,3,4,59,19,2017,6,16,5,3,5,3,1,0,0,0,0,0,0,4.32138E+20,5.78615E+21,8.00656E+15,5.22216E+16
16162,3.17062E+18,3,4,59,14,2017,6,21,5,3,2,6,0,1,0,0,0,1,0,4.34435E+20,5.80203E+21,8.03709E+15,5.23646E+16
16163,3.17062E+18,3,4,59,23,2017,6,6,5,3,5,2,0,1,0,0,1,0,0,4.21558E+20,5.82758E+21,7.842E+15,5.25926E+16
16164,3.17062E+18,3,4,4,0,2017,6,16,5,3,2,6,0,1,0,0,0,0,0,4.34165E+20,5.7952E+21,8.03446E+15,5.23032E+16
16165,3.17062E+18,3,4,4,0,2017,6,12,5,3,5,3,1,1,0,0,0,0,0,4.34209E+20,5.79495E+21,8.03516E+15,5.23009E+16
16166,3.17062E+18,3,4,4,0,2017,6,9,5,3,5,3,0,1,0,0,0,0,0,4.3595E+20,5.78892E+21,8.06183E+15,5.22469E+16
16167,3.17062E+18,3,4,57,17,2017,6,20,5,3,5,3,1,1,0,0,0,0,0,4.07238E+20,5.88575E+21,7.6141E+15,5.31131E+16
16168,3.17062E+18,3,4,56,15,2017,6,18,5,2,5,2,1,1,0,0,0,0,0,3.68675E+20,5.81185E+21,7.06792E+15,5.2441E+16
16169,3.17062E+18,3,4,54,10,2017,6,17,5,3,5,3,0,1,0,0,0,0,0,3.851E+20,5.80683E+21,7.31117E+15,5.23996E+16
16170,3.17062E+18,3,4,52,21,2017,6,20,5,3,2,6,0,1,0,0,0,0,0,3.84366E+20,5.93509E+21,7.25453E+15,5.35519E+16
16171,3.17062E+18,3,4,52,1,2017,6,12,5,3,0,1,0,1,0,1,0,0,0,3.99243E+20,5.9259E+21,7.48196E+15,5.34724E+16
16172,3.17062E+18,3,3,61,1,2017,6,14,5,3,2,2,0,1,0,0,1,0,0,5.00289E+20,5.87443E+21,9.00432E+15,5.30194E+16
16173,3.17062E+18,3,4,3,0,2017,6,18,5,3,5,5,0,1,0,0,0,0,0,4.47163E+20,5.88499E+21,8.21065E+15,5.31117E+16
16174,3.17062E+18,3,2,51,37,2017,6,19,5,2,3,6,0,1,0,0,1,0,1,4.86482E+20,5.87299E+21,8.79854E+15,5.30063E+16
16175,3.17062E+18,3,2,51,40,2017,6,17,5,3,4,2,0,1,0,0,0,0,0,4.87108E+20,5.83567E+21,8.80935E+15,5.26708E+16
16176,3.17062E+18,3,2,51,40,2017,6,15,5,3,4,2,0,1,0,0,0,0,0,4.87108E+20,5.83567E+21,8.80935E+15,5.26708E+16
16177,3.17062E+18,3,4,58,14,2017,6,13,5,3,5,3,0,1,0,0,0,0,0,4.58145E+20,5.86121E+21,8.37777E+15,5.28989E+16
16178,3.17062E+18,3,4,1,0,2017,6,18,5,3,0,1,0,0,0,1,0,0,1,4.7541E+20,5.87797E+21,8.63316E+15,5.30507E+16
16179,3.17062E+18,3,3,52,50,2017,6,11,5,3,2,6,0,1,0,0,0,0,0,4.77968E+20,5.94145E+21,8.6669E+15,5.36213E+16
16180,3.17062E+18,3,3,52,11,2017,6,15,5,3,2,7,0,1,0,0,0,0,0,4.82474E+20,5.96601E+21,8.73364E+15,5.38423E+16
16181,3.17062E+18,3,3,53,31,2017,6,13,5,3,2,6,0,1,0,0,0,0,0,5.68543E+20,5.91935E+21,1.00314E+16,5.34187E+16
16182,3.17062E+18,3,3,53,31,2017,6,6,5,3,2,6,0,1,0,0,0,0,0,5.68313E+20,5.9177E+21,1.00275E+16,5.34039E+16
16183,3.17062E+18,3,3,53,34,2017,6,9,5,2,3,6,0,1,0,0,0,0,0,5.71893E+20,5.90483E+21,1.00785E+16,5.32878E+16
16184,3.17062E+18,3,3,53,20,2017,6,15,5,2,5,3,0,1,0,0,0,0,0,5.61683E+20,5.90542E+21,9.92544E+15,5.32944E+16
16185,3.17062E+18,3,3,59,28,2017,6,12,5,3,2,6,0,1,0,1,0,0,0,5.44043E+20,5.93366E+21,9.66476E+15,5.355E+16
16186,3.17062E+18,3,3,59,12,2017,6,17,5,1,3,6,0,0,0,1,1,0,0,5.378E+20,5.933E+21,9.57046E+15,5.35445E+16
16187,3.17062E+18,3,3,58,22,2017,6,17,5,3,3,6,0,1,0,0,0,0,0,5.45117E+20,5.84784E+21,9.66887E+15,5.27785E+16
16188,3.17062E+18,3,3,60,24,2017,6,14,5,2,9,7,0,1,0,0,0,0,0,6.1651E+20,5.86751E+21,1.07339E+16,5.29445E+16
16189,3.17062E+18,3,3,54,9,2017,6,18,5,3,5,3,1,1,0,0,0,0,0,6.36672E+20,5.89068E+21,1.10436E+16,5.31479E+16
16190,3.17062E+18,3,3,55,49,2017,6,13,5,2,9,1,0,0,0,1,0,0,0,6.30471E+20,5.90345E+21,1.09562E+16,5.32642E+16
16191,3.17062E+18,3,3,55,24,2017,6,16,5,3,2,6,0,1,0,0,0,0,0,5.94366E+20,5.89382E+21,1.04122E+16,5.31853E+16
16192,3.17062E+18,3,3,55,24,2017,6,16,5,3,9,1,1,0,0,0,0,0,0,5.94344E+20,5.8938E+21,1.04119E+16,5.31852E+16
16193,3.17062E+18,3,3,55,1,2017,6,14,5,3,2,6,0,1,0,0,0,0,0,5.95124E+20,5.9063E+21,1.04273E+16,5.32973E+16
16194,3.17062E+18,3,3,51,6,2017,6,16,5,3,3,6,1,1,0,0,0,0,0,5.73951E+20,5.83141E+21,1.00926E+16,5.26277E+16
16195,3.17062E+18,3,2,41,1,2017,6,11,5,3,2,6,0,1,0,0,0,0,0,5.5314E+20,5.79776E+21,9.77978E+15,5.23276E+16
16196,3.17062E+18,3,2,41,15,2017,6,15,5,3,5,3,1,0,0,0,1,0,0,5.43985E+20,5.80565E+21,9.64648E+15,5.23993E+16
16197,3.17062E+18,3,2,41,15,2017,6,20,5,3,9,1,0,1,0,0,0,0,1,5.40248E+20,5.80279E+21,9.59122E+15,5.23739E+16
16198,3.17062E+18,3,2,41,19,2017,6,15,5,3,5,2,0,1,0,0,1,0,0,5.4268E+20,5.82233E+21,9.62943E+15,5.25493E+16
16199,3.17062E+18,3,2,41,11,2017,6,7,5,3,3,2,1,1,0,0,0,0,0,5.66142E+20,5.80255E+21,9.97149E+15,5.23692E+16
16200,3.17062E+18,3,2,41,1,2017,6,23,5,3,0,1,1,0,0,0,0,2,1,5.56867E+20,5.80155E+21,9.8351E+15,5.23613E+16
16201,3.17062E+18,3,2,41,1,2017,6,19,5,2,3,6,0,1,0,1,0,1,0,5.53131E+20,5.8086E+21,9.78136E+15,5.24251E+16
16202,3.17062E+18,3,2,57,31,2017,6,11,5,3,2,6,0,1,0,0,1,0,0,5.09004E+20,5.78358E+21,9.13175E+15,5.22026E+16
16203,3.17062E+18,3,2,56,5,2017,6,14,5,3,4,6,0,1,0,0,1,0,0,5.14668E+20,5.83752E+21,9.217E+15,5.26874E+16
16204,3.17062E+18,3,2,54,29,2017,6,19,5,2,9,1,0,0,0,1,0,0,0,5.75278E+20,5.78178E+21,1.0101E+16,5.21813E+16
16205,3.17062E+18,3,2,54,42,2017,6,17,5,3,8,7,0,0,0,1,0,0,1,5.59811E+20,5.75224E+21,9.86965E+15,5.19177E+16
16206,3.17062E+18,3,2,54,21,2017,6,15,5,3,5,3,0,1,0,0,0,0,0,5.62968E+20,5.77282E+21,9.91933E+15,5.21023E+16
16207,3.17062E+18,3,2,52,4,2017,6,6,5,3,5,3,0,1,0,0,0,0,0,5.32749E+20,5.77531E+21,9.47839E+15,5.21273E+16
16208,3.17062E+18,3,2,52,7,2017,6,7,5,3,4,2,0,1,0,0,0,0,0,5.18501E+20,5.77972E+21,9.2705E+15,5.21677E+16
16209,3.17062E+18,3,1,59,17,2017,6,9,5,3,4,2,0,1,0,1,0,0,0,5.45239E+20,5.69578E+21,9.65049E+15,5.14115E+16
16210,3.17062E+18,3,1,59,10,2017,6,19,5,3,8,1,0,0,0,1,0,1,0,5.90172E+20,5.71136E+21,1.03004E+16,5.15461E+16
16211,3.17062E+18,3,1,59,11,2017,6,10,5,3,5,3,0,1,0,0,0,0,0,5.73026E+20,5.71631E+21,1.00542E+16,5.15931E+16
16212,3.17062E+18,3,1,59,16,2017,6,20,5,3,5,2,0,1,0,0,0,0,1,5.6157E+20,5.71223E+21,9.88815E+15,5.15578E+16
16213,3.17062E+18,3,1,59,17,2017,6,20,5,3,1,7,0,0,0,0,1,0,1,5.54451E+20,5.69415E+21,9.78268E+15,5.1396E+16
16214,3.17062E+18,3,1,59,16,2017,6,17,5,2,4,2,1,0,0,0,0,0,0,5.65154E+20,5.70687E+21,9.93884E+15,5.15092E+16
16215,3.17062E+18,3,1,59,16,2017,6,7,5,3,5,3,1,1,0,0,0,0,0,5.63069E+20,5.70959E+21,9.90929E+15,5.15339E+16
16216,3.17062E+18,3,1,59,16,2017,6,6,5,3,2,6,0,1,0,0,0,0,0,5.66013E+20,5.70799E+21,9.95143E+15,5.15192E+16
16217,3.17062E+18,3,1,59,16,2017,6,1,5,3,2,6,0,1,0,1,0,2,0,5.65216E+20,5.7085E+21,9.94004E+15,5.15239E+16
16218,3.17062E+18,3,1,58,27,2017,6,6,5,3,2,7,0,1,0,0,0,0,0,6.18521E+20,5.78118E+21,1.0733E+16,5.21683E+16
16219,3.17062E+18,3,1,53,8,2017,6,15,5,2,4,1,0,1,0,0,1,0,0,6.00129E+20,5.76445E+21,1.04593E+16,5.20216E+16
16220,3.17062E+18,3,1,53,504,2017,6,14,5,3,4,6,1,0,0,0,1,0,0,5.89693E+20,5.74995E+21,1.03034E+16,5.18931E+16
16221,3.17062E+18,3,1,53,17,2017,6,15,5,3,5,3,1,1,0,0,0,0,0,5.99146E+20,5.75232E+21,1.04414E+16,5.19128E+16
16222,3.17062E+18,3,1,51,40,2017,6,21,5,3,5,2,1,1,0,0,0,2,1,6.1583E+20,5.84354E+21,1.07153E+16,5.27293E+16
16223,3.17062E+18,3,1,3,0,2017,6,13,5,3,9,1,0,1,0,0,0,0,0,6.18205E+20,5.8096E+21,1.07384E+16,5.24238E+16
16224,3.17062E+18,3,1,57,6,2017,6,5,5,3,2,6,0,0,0,0,1,0,0,5.78733E+20,5.80177E+21,1.01562E+16,5.23605E+16
16225,3.17061E+18,3,4,4,0,2017,6,17,4,3,2,6,0,1,0,0,1,0,0,4.33069E+20,5.78947E+21,8.01953E+15,5.22516E+16
16226,3.17061E+18,3,4,59,24,2017,6,10,4,3,4,6,0,1,0,0,0,0,0,4.64678E+20,5.77991E+21,8.48354E+15,5.21685E+16
16227,3.17061E+18,3,4,59,6,2017,6,18,4,3,2,6,0,1,0,0,0,0,0,4.42326E+20,5.77264E+21,8.15798E+15,5.21013E+16
16228,3.17061E+18,3,4,59,4,2017,6,7,4,3,5,2,0,1,0,1,0,0,0,4.33972E+20,5.77813E+21,8.03497E+15,5.21497E+16
16229,3.17061E+18,3,4,57,18,2017,6,19,4,3,8,1,0,1,0,0,0,0,0,4.01652E+20,5.894E+21,7.52815E+15,5.31862E+16
16230,3.17061E+18,3,4,56,2,2017,6,15,4,3,1,5,0,1,0,0,1,0,0,3.53781E+20,5.83071E+21,6.84066E+15,5.26067E+16
16231,3.17061E+18,3,4,54,35,2017,6,5,4,3,5,3,1,1,0,0,0,0,0,3.84387E+20,5.83958E+21,7.28929E+15,5.26938E+16
16232,3.17061E+18,3,4,54,17,2017,6,21,4,2,5,3,0,1,0,0,0,0,0,4.05453E+20,5.82543E+21,7.60493E+15,5.25707E+16
16233,3.17061E+18,3,4,53,4,2017,6,8,4,3,2,2,0,1,0,0,0,0,0,4.38976E+20,5.85865E+21,8.09331E+15,5.28741E+16
16234,3.17061E+18,3,3,56,2,2017,6,10,4,3,2,2,0,0,0,1,0,0,0,5.0229E+20,5.88634E+21,9.03423E+15,5.31265E+16
16235,3.17061E+18,3,3,61,2,2017,6,17,4,3,2,6,0,1,0,0,0,0,0,5.09393E+20,5.86432E+21,9.13973E+15,5.29284E+16
16236,3.17061E+18,3,3,61,12,2017,6,12,4,3,2,6,0,1,0,1,0,0,0,5.17999E+20,5.86557E+21,9.26782E+15,5.29395E+16
16237,3.17061E+18,3,4,51,8,2017,6,14,4,3,5,7,1,1,0,0,0,0,0,4.45061E+20,5.89366E+21,8.17775E+15,5.31894E+16
16238,3.17061E+18,3,4,51,8,2017,6,11,4,3,5,3,0,1,0,0,0,0,0,4.44743E+20,5.89315E+21,8.17309E+15,5.31848E+16
16239,3.17061E+18,3,4,51,2,2017,6,8,4,3,2,6,0,1,0,0,0,0,0,4.35332E+20,5.89283E+21,8.03234E+15,5.31809E+16
16240,3.17061E+18,3,2,51,47,2017,6,21,4,3,5,2,0,1,0,0,0,0,0,4.88156E+20,5.87091E+21,8.82357E+15,5.29876E+16
16241,3.17061E+18,3,2,51,30,2017,6,16,4,2,5,3,0,1,0,0,0,0,0,4.65639E+20,5.82848E+21,8.49261E+15,5.26052E+16
16242,3.17061E+18,3,3,52,63,2017,6,20,4,3,4,2,0,1,0,1,0,0,0,5.03713E+20,5.95823E+21,9.05634E+15,5.37727E+16
16243,3.17061E+18,3,3,53,9,2017,6,17,4,3,0,3,0,0,0,1,0,0,0,5.72374E+20,5.89413E+21,1.00833E+16,5.31916E+16
16244,3.17061E+18,3,3,53,5,2017,6,15,4,3,5,3,1,1,0,0,0,0,0,5.58385E+20,5.90615E+21,9.8761E+15,5.33014E+16
16245,3.17061E+18,3,3,59,9,2017,6,9,4,2,3,2,0,0,0,1,1,0,0,5.19548E+20,5.94048E+21,9.29548E+15,5.36128E+16
16246,3.17061E+18,3,3,59,38,2017,6,20,4,3,9,1,0,0,0,1,0,0,0,5.29174E+20,5.9417E+21,9.44109E+15,5.36233E+16
16247,3.17061E+18,3,3,58,22,2017,6,4,4,3,2,6,0,0,0,0,1,0,0,5.39802E+20,5.85439E+21,9.59088E+15,5.28378E+16
16248,3.17061E+18,3,3,58,7,2017,6,11,4,3,2,6,0,0,0,0,1,0,0,5.46478E+20,5.83832E+21,9.68769E+15,5.26928E+16
16249,3.17061E+18,3,3,58,21,2017,6,19,4,2,7,7,0,0,0,1,0,0,0,5.54083E+20,5.87312E+21,9.80598E+15,5.30049E+16
16250,3.17061E+18,3,3,58,21,2017,6,11,4,3,8,1,0,1,0,0,0,0,0,5.53377E+20,5.86726E+21,9.7945E+15,5.29523E+16
16251,3.17061E+18,3,3,57,52,2017,6,21,4,1,9,1,0,0,0,1,0,0,0,5.0631E+20,5.89012E+21,9.09437E+15,5.31604E+16
16252,3.17061E+18,3,3,57,40,2017,6,22,4,3,8,7,0,1,0,0,0,2,0,5.08432E+20,5.91766E+21,9.12684E+15,5.34079E+16
16253,3.17061E+18,3,3,60,16,2017,6,7,4,2,8,7,0,1,0,0,0,0,0,6.14348E+20,5.87134E+21,1.07031E+16,5.29795E+16
16254,3.17061E+18,3,3,60,25,2017,6,18,4,3,0,3,1,1,0,0,0,0,0,5.99394E+20,5.86828E+21,1.04796E+16,5.29549E+16
16255,3.17061E+18,3,3,55,16,2017,6,9,4,3,2,6,0,1,0,0,0,0,0,5.88884E+20,5.89393E+21,1.03302E+16,5.31873E+16
16256,3.17061E+18,3,2,41,1,2017,6,18,4,3,4,2,1,1,0,0,0,0,0,5.49677E+20,5.804E+21,9.72989E+15,5.2384E+16
16257,3.17061E+18,3,2,41,1,2017,6,12,4,3,2,6,0,1,0,0,0,0,0,5.49927E+20,5.80718E+21,9.73403E+15,5.24126E+16
16258,3.17061E+18,3,2,41,1,2017,6,14,4,3,2,6,0,1,0,0,0,0,0,5.48151E+20,5.80687E+21,9.70788E+15,5.24099E+16
16259,3.17061E+18,3,2,41,6,2017,6,10,4,3,2,6,0,1,0,0,1,0,0,5.40464E+20,5.79832E+21,9.59386E+15,5.23337E+16
16260,3.17061E+18,3,2,41,16,2017,6,16,4,3,2,6,0,1,0,0,0,0,0,5.65185E+20,5.79695E+21,9.95635E+15,5.2319E+16
16261,3.17061E+18,3,2,41,16,2017,6,13,4,3,2,2,0,1,0,0,0,0,0,5.64409E+20,5.79855E+21,9.94526E+15,5.23335E+16
16262,3.17061E+18,3,2,41,10,2017,6,7,4,3,0,7,1,1,0,0,0,0,0,5.51154E+20,5.81166E+21,9.75276E+15,5.24527E+16
16263,3.17061E+18,3,2,41,8,2017,6,19,4,2,5,3,1,1,0,0,0,0,0,5.55098E+20,5.81233E+21,9.8109E+15,5.24584E+16
16264,3.17061E+18,3,2,41,1,2017,6,17,4,3,2,6,0,1,0,0,0,0,0,5.53518E+20,5.80273E+21,9.78611E+15,5.23722E+16
16265,3.17061E+18,3,2,41,2,2017,6,15,4,2,9,1,0,1,0,0,0,0,0,5.32667E+20,5.79838E+21,9.47943E+15,5.23347E+16
16266,3.17061E+18,3,2,41,1,2017,6,15,4,3,3,3,0,1,0,0,1,0,0,5.54997E+20,5.79873E+21,9.80718E+15,5.23361E+16
16267,3.17061E+18,3,2,41,10,2017,6,14,4,2,6,4,0,1,1,0,0,0,0,5.49504E+20,5.8118E+21,9.7285E+15,5.24541E+16
16268,3.17061E+18,3,2,41,1,2017,6,10,4,3,2,6,0,1,0,0,0,0,0,5.4452E+20,5.80853E+21,9.65473E+15,5.24252E+16
16269,3.17061E+18,3,2,57,31,2017,6,8,4,2,2,6,0,0,0,0,1,0,0,5.12911E+20,5.78518E+21,9.18898E+15,5.22169E+16
16270,3.17061E+18,3,2,41,5,2017,6,8,4,3,2,6,0,1,0,0,1,0,0,5.40736E+20,5.80826E+21,9.59905E+15,5.24231E+16
16271,3.17061E+18,3,1,55,13,2017,6,17,4,3,5,3,1,1,0,0,0,0,0,5.64033E+20,5.73494E+21,9.92783E+15,5.17617E+16
16272,3.17061E+18,3,1,55,10,2017,6,17,4,3,6,2,0,1,1,0,0,0,0,5.64605E+20,5.71993E+21,9.93334E+15,5.16266E+16
16273,3.17061E+18,3,2,57,31,2017,6,19,4,3,2,6,0,1,0,1,0,0,0,5.11436E+20,5.78312E+21,9.16732E+15,5.21984E+16
16274,3.17061E+18,3,2,54,22,2017,6,19,4,3,9,6,0,1,0,0,0,0,0,5.78185E+20,5.76983E+21,1.01408E+16,5.20735E+16
16275,3.17061E+18,3,2,54,8,2017,6,18,4,2,4,2,1,1,0,0,0,0,0,5.75292E+20,5.75789E+21,1.00959E+16,5.19666E+16
16276,3.17061E+18,3,2,52,4,2017,6,5,4,3,0,7,0,0,0,1,0,0,0,5.36345E+20,5.77475E+21,9.53086E+15,5.21221E+16
16277,3.17061E+18,3,1,58,12,2017,6,18,4,3,8,1,0,1,0,0,0,0,0,6.15403E+20,5.78526E+21,1.06888E+16,5.22057E+16
16278,3.17061E+18,3,1,58,39,2017,6,16,4,2,8,1,0,1,0,0,0,0,0,6.05761E+20,5.76804E+21,1.05424E+16,5.20529E+16
16279,3.17061E+18,3,1,2,0,2017,6,17,4,3,4,2,0,1,0,0,0,0,0,5.90121E+20,5.76589E+21,1.03138E+16,5.20363E+16
16280,3.17061E+18,3,1,57,9,2017,6,4,4,3,6,7,1,0,1,0,0,1,0,5.83418E+20,5.79165E+21,1.02225E+16,5.22689E+16
16281,3.17061E+18,3,1,57,2,2017,6,19,4,3,8,1,0,1,0,0,0,0,0,5.74637E+20,5.79158E+21,1.00938E+16,5.22695E+16
16282,3.17061E+18,3,1,53,504,2017,6,15,4,3,2,6,0,1,0,0,0,0,0,5.99182E+20,5.74348E+21,1.04394E+16,5.18333E+16
16283,3.17061E+18,3,1,53,2,2017,6,10,4,3,2,6,0,1,0,0,0,0,0,6.06984E+20,5.75279E+21,1.05555E+16,5.19155E+16
16284,3.17061E+18,3,1,53,8,2017,6,15,4,3,0,6,0,1,0,0,0,0,0,5.94596E+20,5.7602E+21,1.03775E+16,5.19844E+16
16285,3.17061E+18,3,1,51,2,2017,6,5,4,3,7,7,0,0,0,1,0,0,0,6.20677E+20,5.82097E+21,1.07788E+16,5.25255E+16
16286,3.17061E+18,3,4,59,10,2017,6,7,3,3,5,3,1,1,0,0,0,0,0,4.29371E+20,5.82344E+21,7.9582E+15,5.25565E+16
16287,3.17061E+18,3,4,54,41,2017,6,22,3,3,8,6,0,1,0,0,0,2,0,3.92224E+20,5.88195E+21,7.39116E+15,5.30761E+16
16288,3.17061E+18,3,4,54,39,2017,6,8,3,3,4,2,0,1,0,0,1,0,0,3.80635E+20,5.86012E+21,7.22631E+15,5.28775E+16
16289,3.17061E+18,3,4,54,32,2017,6,15,3,3,2,2,0,1,0,0,1,0,0,3.878E+20,5.82046E+21,7.34624E+15,5.25227E+16
16290,3.17061E+18,3,4,62,3,2017,6,17,3,3,0,7,0,1,1,0,0,0,0,4.08194E+20,5.94471E+21,7.61125E+15,5.36431E+16
16291,3.17061E+18,3,4,52,1,2017,6,10,3,2,8,1,0,1,0,0,0,0,0,4.02731E+20,5.92107E+21,7.53599E+15,5.34297E+16
16292,3.17061E+18,3,4,55,20,2017,6,10,3,3,8,1,0,1,0,0,0,0,0,4.29241E+20,5.94189E+21,7.9302E+15,5.36211E+16
16293,3.17061E+18,3,4,5,0,2017,6,16,3,2,5,3,1,1,0,0,0,0,0,4.3943E+20,5.93645E+21,8.08528E+15,5.35734E+16
16294,3.17061E+18,3,3,56,2,2017,6,22,3,3,1,5,0,1,0,0,0,2,0,4.98932E+20,5.89243E+21,8.98402E+15,5.31812E+16
16295,3.17061E+18,3,3,56,5,2017,6,9,3,3,0,1,1,0,0,0,0,0,0,4.93854E+20,5.88813E+21,8.90812E+15,5.31425E+16
16296,3.17061E+18,3,3,61,1,2017,6,11,3,3,6,5,0,1,1,0,0,0,0,5.03244E+20,5.87278E+21,9.04834E+15,5.30046E+16
16297,3.17061E+18,3,3,61,12,2017,6,17,3,3,4,2,0,1,0,0,0,0,0,5.16558E+20,5.86392E+21,9.2463E+15,5.29247E+16
16298,3.17061E+18,3,3,61,12,2017,6,7,3,3,5,3,1,1,0,0,0,0,0,5.15695E+20,5.86653E+21,9.23359E+15,5.29482E+16
16299,3.17061E+18,3,4,3,0,2017,6,8,3,3,2,6,0,1,0,0,0,0,0,4.46074E+20,5.8893E+21,8.19365E+15,5.31504E+16
16300,3.17061E+18,3,4,51,1,2017,6,18,3,2,5,2,1,1,0,0,0,0,0,4.17046E+20,5.89744E+21,7.75757E+15,5.32198E+16
16301,3.17061E+18,3,4,51,4,2017,6,16,3,3,5,3,1,1,0,0,0,0,0,4.3143E+20,5.88619E+21,7.97538E+15,5.31208E+16
16302,3.17061E+18,3,4,51,4,2017,6,12,3,2,0,1,1,0,0,0,0,0,0,4.39215E+20,5.88552E+21,8.09181E+15,5.31156E+16
16303,3.17061E+18,3,4,3,0,2017,6,14,3,3,5,2,1,1,0,0,0,0,0,4.47215E+20,5.88842E+21,8.21085E+15,5.31426E+16
16304,3.17061E+18,3,2,51,49,2017,6,17,3,3,2,6,0,1,0,0,1,0,0,4.98063E+20,5.85052E+21,8.97127E+15,5.28045E+16
16305,3.17061E+18,3,2,51,44,2017,6,21,3,3,5,3,1,1,0,0,0,0,0,4.70662E+20,5.82422E+21,8.56716E+15,5.25672E+16
16306,3.17061E+18,3,4,61,2,2017,6,15,3,2,7,7,1,0,0,0,1,0,0,4.6555E+20,5.90623E+21,8.48303E+15,5.33041E+16
16307,3.17061E+18,3,3,52,32,2017,6,23,3,3,9,1,0,1,0,0,0,2,0,4.74116E+20,5.92477E+21,8.61004E+15,5.34713E+16
16308,3.17061E+18,3,3,53,40,2017,6,21,3,3,8,1,0,1,0,0,0,1,0,5.79638E+20,5.90562E+21,1.01948E+16,5.32938E+16
16309,3.17061E+18,3,3,53,35,2017,6,14,3,3,5,3,1,1,0,0,0,0,0,5.47625E+20,5.9036E+21,9.71428E+15,5.32795E+16
16310,3.17061E+18,3,3,57,57,2017,6,12,3,3,5,3,1,1,0,0,0,0,0,5.18053E+20,5.90812E+21,9.27102E+15,5.33219E+16
16311,3.17061E+18,3,3,51,15,2017,6,19,3,1,8,1,0,0,0,1,0,0,0,5.89074E+20,5.82654E+21,1.03146E+16,5.25816E+16
16312,3.17061E+18,3,2,41,1,2017,6,14,3,3,2,3,0,0,0,1,0,0,0,5.48987E+20,5.79992E+21,9.71916E+15,5.23474E+16
16313,3.17061E+18,3,2,41,9,2017,6,17,3,3,6,6,0,1,1,0,0,0,0,5.53635E+20,5.79682E+21,9.78689E+15,5.23191E+16