OBJECTID,UIDENTSTLA,ULAND,UREGBEZ,UKREIS,UGEMEINDE,UJAHR,UMONAT,USTUNDE,UWOCHENTAG,UKATEGORIE,UART,UTYP1,IstRad,IstPKW,IstFuss,IstKrad,IstSonstig,LICHT,STRZUSTAND,LINREFX,LINREFY,XGCSWGS84,YGCSWGS84
16489,3.17061E+18,3,3,58,22,2017,6,21,1,3,5,3,0,1,0,0,0,0,1,5.40051E+20,5.85675E+21,9.59486E+15,5.2859E+16
16490,3.17062E+18,3,3,58,22,2017,6,6,1,3,8,1,0,1,0,0,0,0,0,5.32225E+20,5.85382E+21,9.47834E+15,5.28332E+16
16491,3.17062E+18,3,3,58,21,2017,6,18,1,3,5,2,1,1,0,0,0,0,0,5.56684E+20,5.8713E+21,9.84443E+15,5.29883E+16
16492,3.17062E+18,3,3,58,21,2017,6,19,1,3,2,6,0,1,0,0,0,0,0,5.59021E+20,5.86666E+21,9.87839E+15,5.29463E+16
16493,3.17062E+18,3,3,58,21,2017,6,12,1,1,5,3,0,1,0,0,0,0,0,5.58688E+20,5.86703E+21,9.8735E+15,5.29497E+16
16494,3.17062E+18,3,3,53,19,2017,6,4,1,3,8,6,0,1,0,0,1,1,0,5.47807E+20,5.91265E+21,9.71836E+15,5.33608E+16
16495,3.17062E+18,3,3,60,18,2017,6,17,1,3,5,3,0,1,0,0,0,0,0,6.16225E+20,5.87532E+21,1.07325E+16,5.30148E+16
16496,3.17061E+18,3,3,60,12,2017,6,16,1,1,8,7,0,1,0,0,0,0,0,6.02196E+20,5.88357E+21,1.05261E+16,5.30918E+16
16497,3.17062E+18,3,3,60,24,2017,6,21,1,2,8,1,0,1,0,0,0,0,0,6.18314E+20,5.86318E+21,1.07592E+16,5.29052E+16
16498,3.17062E+18,3,2,41,1,2017,6,11,1,3,2,6,0,1,0,0,0,0,0,5.50393E+20,5.80225E+21,9.74014E+15,5.23682E+16
16499,3.17061E+18,3,3,55,2,2017,6,12,1,2,6,7,0,1,1,0,0,0,0,5.81334E+20,5.88713E+21,1.02155E+16,5.31274E+16
16500,3.17062E+18,3,2,41,2,2017,6,13,1,3,9,7,0,1,1,0,0,0,0,5.28773E+20,5.79798E+21,9.42225E+15,5.23314E+16
16501,3.17062E+18,3,2,41,4,2017,6,21,1,2,3,6,0,1,0,0,1,0,0,5.55888E+20,5.81773E+21,9.82343E+15,5.25069E+16
16502,3.17061E+18,3,3,51,12,2017,6,18,1,3,4,6,0,1,0,0,1,0,0,5.62646E+20,5.82739E+21,9.92481E+15,5.2593E+16
16503,3.17062E+18,3,2,41,19,2017,6,19,1,2,5,3,0,1,0,1,0,0,0,5.49285E+20,5.82186E+21,9.72676E+15,5.25446E+16
16504,3.17062E+18,3,1,59,26,2017,6,11,1,3,9,7,0,1,0,0,0,0,0,5.87034E+20,5.73114E+21,1.02601E+16,5.17244E+16
16505,3.17062E+18,3,1,55,10,2017,6,11,1,3,2,6,0,1,0,1,0,0,0,5.65047E+20,5.72129E+21,9.93997E+15,5.16389E+16
16506,3.17062E+18,3,2,52,3,2017,6,19,1,2,8,1,0,0,0,1,0,0,0,5.14477E+20,5.76065E+21,9.21086E+15,5.19963E+16
16507,3.17062E+18,3,1,55,6,2017,6,18,1,3,2,6,0,1,0,0,0,0,0,5.72296E+20,5.73801E+21,1.00482E+16,5.17883E+16
16508,3.17062E+18,3,1,54,10,2017,6,12,1,3,5,3,1,1,0,0,0,0,0,6.36161E+20,5.79057E+21,1.09946E+16,5.22487E+16
16509,3.17062E+18,3,1,54,15,2017,6,3,1,3,8,1,0,1,0,0,0,2,0,6.35217E+20,5.79368E+21,1.0982E+16,5.22768E+16
16510,3.17062E+18,3,1,2,0,2017,6,23,1,3,8,6,0,1,0,0,1,2,0,5.88172E+20,5.77731E+21,1.02884E+16,5.21393E+16
16511,3.17062E+18,3,1,2,0,2017,6,12,1,3,2,2,0,1,0,0,0,0,0,5.86675E+20,5.77915E+21,1.0267E+16,5.2156E+16
16512,3.17061E+18,3,3,51,26,2017,6,9,1,3,5,7,1,1,0,0,0,0,0,5.74087E+20,5.85386E+21,1.00997E+16,5.28294E+16
16513,3.17062E+18,3,1,53,504,2017,6,16,1,3,8,1,0,0,0,1,0,0,0,6.0171E+20,5.7406E+21,1.04753E+16,5.1807E+16
16514,3.17062E+18,3,1,53,504,2017,6,11,1,3,8,7,0,0,0,1,0,0,0,6.14636E+20,5.72736E+21,1.06583E+16,5.16855E+16
16515,3.17061E+18,3,2,41,5,2017,6,19,1,3,2,6,0,1,0,0,0,0,1,5.39523E+20,5.80768E+21,9.58115E+15,5.24179E+16
16516,3.17062E+18,3,1,51,28,2017,6,1,1,1,6,6,0,1,1,0,0,2,0,6.01766E+20,5.84633E+21,1.0508E+16,5.27572E+16
16517,3.17061E+18,3,2,41,11,2017,6,10,1,3,5,3,1,1,0,0,0,0,0,5.66291E+20,5.80293E+21,9.97374E+15,5.23726E+16
16518,3.17061E+18,3,2,41,8,2017,6,18,1,3,2,6,0,1,0,0,0,0,0,5.57699E+20,5.80895E+21,9.8486E+15,5.24277E+16
16519,3.17062E+18,3,4,59,13,2017,6,21,7,3,8,7,0,1,0,0,0,0,0,4.55106E+20,5.80272E+21,8.34055E+15,5.23729E+16
16520,3.17061E+18,3,2,41,1,2017,6,21,1,3,5,3,1,1,0,0,0,1,0,5.49945E+20,5.80407E+21,9.73383E+15,5.23846E+16
16521,3.17061E+18,3,2,57,3,2017,6,23,1,3,3,6,0,1,0,0,0,2,0,5.20439E+20,5.78924E+21,9.29942E+15,5.22532E+16
16522,3.17061E+18,3,2,41,17,2017,6,13,1,2,8,1,0,0,0,1,0,0,0,5.38814E+20,5.78239E+21,9.56781E+15,5.21906E+16
16523,3.17061E+18,3,2,41,2,2017,6,13,1,2,5,2,0,1,0,1,0,0,0,5.32485E+20,5.80422E+21,9.47732E+15,5.23873E+16
16524,3.17061E+18,3,1,55,13,2017,6,21,1,3,8,7,0,0,0,1,0,1,1,5.68007E+20,5.74367E+21,9.98711E+15,5.18397E+16
16525,3.17061E+18,3,1,55,10,2017,6,9,1,3,9,1,0,1,0,0,0,0,0,5.65649E+20,5.72519E+21,9.94941E+15,5.16739E+16
16526,3.17061E+18,3,2,56,2,2017,6,17,1,3,8,1,0,1,0,0,0,0,1,5.08549E+20,5.83057E+21,9.1263E+15,5.26251E+16
16527,3.17062E+18,3,4,54,11,2017,6,19,7,3,5,2,0,1,0,0,0,0,0,4.12753E+20,5.87524E+21,7.69932E+15,5.30196E+16
16528,3.17061E+18,3,2,56,3,2017,6,16,1,3,8,1,0,0,0,1,0,0,0,5.06346E+20,5.84982E+21,9.09413E+15,5.27982E+16
16529,3.17062E+18,3,4,56,10,2017,6,17,7,3,2,2,0,1,0,0,0,0,0,3.73927E+20,5.80037E+21,7.14945E+15,5.23391E+16
16530,3.17061E+18,3,2,54,44,2017,6,20,1,3,9,1,0,1,0,0,0,1,1,5.72614E+20,5.75636E+21,1.00567E+16,5.19532E+16
16531,3.17062E+18,3,4,53,7,2017,6,19,7,2,8,1,0,1,0,0,0,0,0,4.27379E+20,5.87964E+21,7.91634E+15,5.30613E+16
16532,3.17062E+18,3,4,53,7,2017,6,8,7,2,4,7,0,1,0,0,1,0,0,4.1977E+20,5.87422E+21,7.80417E+15,5.30115E+16
16533,3.17062E+18,3,4,51,8,2017,6,16,7,3,2,6,0,1,0,0,0,0,0,4.3644E+20,5.897E+21,8.04808E+15,5.32185E+16
16534,3.17062E+18,3,4,3,0,2017,6,23,7,3,8,1,0,1,0,0,0,2,0,4.46028E+20,5.88526E+21,8.19364E+15,5.31141E+16
16535,3.17061E+18,3,1,55,6,2017,6,15,1,3,2,6,0,1,0,0,0,0,0,5.71383E+20,5.73724E+21,1.00348E+16,5.17815E+16
16536,3.17062E+18,3,2,51,44,2017,6,22,7,2,8,7,0,1,0,0,0,2,0,4.70939E+20,5.82131E+21,8.57149E+15,5.25411E+16
16537,3.17062E+18,3,2,51,37,2017,6,12,7,3,2,6,0,0,0,1,1,0,0,4.80509E+20,5.87301E+21,8.70953E+15,5.30063E+16
16538,3.17061E+18,3,1,58,23,2017,6,18,1,3,5,3,0,1,0,1,0,0,0,6.07009E+20,5.77565E+21,1.0563E+16,5.2121E+16
16539,3.17062E+18,3,4,58,8,2017,6,17,7,3,9,7,0,1,0,0,0,0,0,4.71278E+20,5.86767E+21,8.57244E+15,5.29579E+16
16540,3.17061E+18,3,1,58,27,2017,6,10,1,3,2,6,1,1,0,0,0,0,0,6.22794E+20,5.77843E+21,1.07945E+16,5.21427E+16
16541,3.17062E+18,3,4,58,8,2017,6,12,7,3,2,6,0,1,0,0,0,0,0,4.76656E+20,5.87135E+21,8.65222E+15,5.29912E+16
16542,3.17061E+18,3,1,2,0,2017,6,0,1,3,1,7,0,1,0,0,0,2,0,5.9604E+20,5.76752E+21,1.04006E+16,5.20499E+16
16543,3.17061E+18,3,1,57,7,2017,6,10,1,3,2,2,0,1,0,0,0,0,0,5.95657E+20,5.79073E+21,1.04015E+16,5.22586E+16
16544,3.17062E+18,3,3,52,11,2017,6,13,7,3,9,7,0,1,0,0,0,0,0,4.75046E+20,5.96579E+21,8.62076E+15,5.384E+16
16545,3.17061E+18,3,1,57,5,2017,6,0,1,3,9,1,0,1,0,0,0,2,0,5.86968E+20,5.78254E+21,1.02721E+16,5.21864E+16
16546,3.17061E+18,3,1,53,2,2017,6,12,1,2,5,2,0,1,0,0,0,0,0,6.05604E+20,5.75091E+21,1.05349E+16,5.18989E+16
16547,3.17061E+18,3,1,1,0,2017,6,15,1,3,2,2,0,1,0,0,0,0,0,6.00459E+20,5.79184E+21,1.04722E+16,5.22678E+16
16548,3.17061E+18,3,4,59,12,2017,6,17,7,3,8,1,0,0,0,1,0,0,0,4.44982E+20,5.7866E+21,8.19449E+15,5.22271E+16
16549,3.17062E+18,3,3,53,16,2017,6,12,7,3,5,3,0,1,0,0,1,0,0,5.68042E+20,5.9014E+21,1.002E+16,5.32575E+16
16550,3.17062E+18,3,3,53,27,2017,6,18,7,2,4,1,0,0,0,1,0,0,0,5.4947E+20,5.90022E+21,9.74142E+15,5.32489E+16
16551,3.17062E+18,3,3,59,12,2017,6,17,7,2,0,7,1,0,0,0,0,0,0,5.3665E+20,5.93307E+21,9.5531E+15,5.35452E+16
16552,3.17062E+18,3,3,58,22,2017,6,20,7,1,4,2,0,1,0,1,0,0,0,5.40012E+20,5.85379E+21,9.59392E+15,5.28324E+16
16553,3.17062E+18,3,3,58,21,2017,6,1,7,3,8,1,0,0,0,1,0,2,0,5.61156E+20,5.87193E+21,9.91115E+15,5.29934E+16
16554,3.17061E+18,3,4,59,33,2017,6,1,7,3,9,1,0,1,0,0,0,2,0,4.30083E+20,5.8E+21,7.97361E+15,5.23459E+16
16555,3.17062E+18,3,3,57,57,2017,6,17,7,3,8,1,0,0,0,1,0,0,0,5.19374E+20,5.90505E+21,9.29066E+15,5.32943E+16
16556,3.17062E+18,3,3,57,35,2017,6,18,7,2,5,7,0,1,0,0,0,0,0,5.01377E+20,5.92409E+21,9.02074E+15,5.34658E+16
16557,3.17061E+18,3,4,4,0,2017,6,17,7,3,5,2,0,1,0,0,0,0,0,4.30662E+20,5.7943E+21,7.98328E+15,5.22947E+16
16558,3.17062E+18,3,3,57,45,2017,6,14,7,2,3,1,0,1,0,0,0,0,0,5.13463E+20,5.88461E+21,9.20113E+15,5.31108E+16
16559,3.17062E+18,3,3,57,39,2017,6,14,7,3,5,3,0,1,0,0,0,0,0,5.27589E+20,5.88491E+21,9.41217E+15,5.31129E+16
16560,3.17061E+18,3,4,4,0,2017,6,16,7,3,2,6,0,1,0,0,0,0,0,4.32641E+20,5.79437E+21,8.01228E+15,5.22956E+16
16561,3.17062E+18,3,3,55,34,2017,6,22,7,3,7,7,0,0,0,1,0,1,0,5.76545E+20,5.89193E+21,1.01451E+16,5.31713E+16
16562,3.17062E+18,3,2,41,16,2017,6,9,7,3,5,3,1,1,0,0,0,0,0,5.66147E+20,5.79652E+21,9.97037E+15,5.2315E+16
16563,3.17061E+18,3,4,54,12,2017,6,11,7,2,5,3,1,1,0,0,0,0,0,4.01837E+20,5.8148E+21,7.55473E+15,5.24745E+16
16564,3.17062E+18,3,1,59,26,2017,6,10,7,3,9,7,0,1,0,0,0,0,0,5.87745E+20,5.73149E+21,1.02705E+16,5.17275E+16
16565,3.17061E+18,3,4,60,6,2017,6,17,7,2,8,1,0,1,0,0,0,0,0,4.4472E+20,5.83474E+21,8.18269E+15,5.26598E+16
16566,3.17062E+18,3,2,57,2,2017,6,12,7,1,8,1,0,0,0,1,0,0,0,5.2311E+20,5.7938E+21,9.33885E+15,5.2294E+16
16567,3.17061E+18,3,4,53,12,2017,6,17,7,2,5,2,0,1,0,1,0,0,0,4.30644E+20,5.85865E+21,7.96955E+15,5.28731E+16
16568,3.17061E+18,3,4,53,6,2017,6,2,7,3,5,3,0,1,0,0,0,2,0,4.28985E+20,5.8413E+21,7.94867E+15,5.27169E+16
16569,3.17062E+18,3,2,54,28,2017,6,12,7,3,2,6,0,1,0,0,0,0,0,5.57815E+20,5.7906E+21,9.84715E+15,5.22627E+16
16570,3.17061E+18,3,4,55,15,2017,6,12,7,3,8,1,0,0,0,0,1,0,0,4.30342E+20,5.93058E+21,7.94937E+15,5.35195E+16
16571,3.17061E+18,3,4,51,5,2017,6,20,7,3,2,6,0,1,0,0,0,0,0,4.46842E+20,5.90142E+21,8.20311E+15,5.32594E+16
16572,3.17061E+18,3,4,51,4,2017,6,11,7,3,2,6,0,1,0,1,0,0,0,4.31972E+20,5.88676E+21,7.98335E+15,5.31259E+16
16573,3.17061E+18,3,4,51,4,2017,6,2,7,2,9,1,0,1,0,0,0,2,1,4.35892E+20,5.88432E+21,8.04241E+15,5.31045E+16
16574,3.17061E+18,3,4,3,0,2017,6,16,7,3,4,2,1,1,0,0,0,0,0,4.46014E+20,5.88854E+21,8.19287E+15,5.31435E+16
16575,3.17061E+18,3,4,61,3,2017,6,13,7,3,5,3,0,1,0,0,0,0,0,4.57604E+20,5.92952E+21,8.36066E+15,5.35129E+16
16576,3.17061E+18,3,4,61,2,2017,6,10,7,3,0,7,0,1,0,0,1,0,0,4.65392E+20,5.90461E+21,8.48083E+15,5.32896E+16
16577,3.17062E+18,3,2,55,12,2017,6,14,7,2,9,1,0,1,0,0,0,0,0,5.49286E+20,5.74908E+21,9.71618E+15,5.18903E+16
16578,3.17061E+18,3,4,58,14,2017,6,16,7,3,5,3,1,1,0,0,0,0,0,4.60783E+20,5.85982E+21,8.41716E+15,5.28866E+16
16579,3.17062E+18,3,1,59,16,2017,6,15,7,3,5,3,0,1,0,0,1,0,0,5.61488E+20,5.70889E+21,9.88639E+15,5.15278E+16
16580,3.17061E+18,3,3,52,61,2017,6,19,7,2,8,1,0,1,0,0,0,0,0,4.69544E+20,5.94653E+21,8.53905E+15,5.36666E+16
16581,3.17062E+18,3,1,58,39,2017,6,16,7,3,4,2,0,1,0,0,0,0,0,6.056E+20,5.76562E+21,1.05393E+16,5.20312E+16
16582,3.17062E+18,3,1,57,1,2017,6,11,7,3,5,3,0,1,0,0,0,0,0,5.85651E+20,5.80473E+21,1.02585E+16,5.23861E+16
16583,3.17061E+18,3,3,53,41,2017,6,9,7,3,5,3,0,1,0,0,1,0,0,5.43677E+20,5.90275E+21,9.65496E+15,5.32722E+16
16584,3.17062E+18,3,1,2,0,2017,6,16,7,2,2,7,0,1,0,0,1,0,0,5.92472E+20,5.77891E+21,1.03516E+16,5.2153E+16
16585,3.17062E+18,3,1,53,12,2017,6,10,7,2,8,1,0,0,0,1,0,0,0,5.82084E+20,5.74373E+21,1.01914E+16,5.18384E+16
16586,3.17061E+18,3,3,58,2,2017,6,10,7,3,4,2,0,1,0,0,0,0,0,5.66829E+20,5.88202E+21,9.99774E+15,5.30834E+16
16587,3.17062E+18,3,1,51,23,2017,6,15,7,3,2,6,0,1,0,0,0,0,0,6.04173E+20,5.80823E+21,1.05317E+16,5.24144E+16
16588,3.17062E+18,3,4,59,21,2017,6,7,6,3,5,2,1,1,0,0,0,0,0,4.29223E+20,5.78788E+21,7.96353E+15,5.22368E+16
16589,3.17062E+18,3,4,4,0,2017,6,14,6,2,9,7,0,1,0,1,0,0,0,4.34387E+20,5.79234E+21,8.03828E+15,5.22775E+16
16590,3.17062E+18,3,4,57,12,2017,6,15,6,3,5,3,1,1,0,0,0,0,0,3.92333E+20,5.90404E+21,7.38535E+15,5.32747E+16
16591,3.17061E+18,3,3,58,16,2017,6,13,7,3,5,3,0,1,0,0,0,0,0,5.67028E+20,5.87463E+21,9.99917E+15,5.3017E+16
16592,3.17062E+18,3,4,57,21,2017,6,14,6,2,5,3,0,1,0,0,0,0,0,3.88631E+20,5.89239E+21,7.33393E+15,5.31692E+16
16593,3.17062E+18,3,4,57,13,2017,6,14,6,3,2,6,0,1,0,1,0,0,0,3.9889E+20,5.89961E+21,7.48505E+15,5.32362E+16
16594,3.17061E+18,3,3,58,17,2017,6,9,7,3,0,6,1,0,0,1,0,0,0,5.44354E+20,5.87985E+21,9.66193E+15,5.30663E+16
16595,3.17062E+18,3,4,56,25,2017,6,8,6,2,5,3,0,1,0,0,0,0,0,3.74117E+20,5.81942E+21,7.14507E+15,5.25103E+16
16596,3.17061E+18,3,3,57,53,2017,6,16,7,3,2,2,0,1,0,1,0,0,0,5.08326E+20,5.89834E+21,9.12474E+15,5.32342E+16
16597,3.17062E+18,3,4,60,6,2017,6,7,6,2,5,3,1,1,0,0,0,0,0,4.49757E+20,5.83528E+21,8.25706E+15,5.26652E+16
16598,3.17061E+18,3,3,60,23,2017,6,12,7,3,2,6,0,1,0,0,0,0,0,5.95587E+20,5.8634E+21,1.04215E+16,5.29118E+16
16599,3.17061E+18,3,3,55,24,2017,6,18,7,3,1,5,0,1,0,0,0,0,0,5.94146E+20,5.89324E+21,1.04088E+16,5.31802E+16
16600,3.17062E+18,3,4,60,3,2017,6,21,6,3,7,7,0,1,0,0,0,0,0,4.39175E+20,5.8372E+21,8.10026E+15,5.26813E+16
16601,3.17061E+18,3,3,55,22,2017,6,13,7,2,4,6,0,1,0,1,0,0,0,5.91697E+20,5.90255E+21,1.03748E+16,5.32643E+16
16602,3.17061E+18,3,3,51,3,2017,6,22,7,2,7,7,0,0,0,1,0,2,0,5.85543E+20,5.8338E+21,1.02644E+16,5.26474E+16
16603,3.17061E+18,3,2,41,21,2017,6,15,7,3,5,2,1,1,0,0,0,0,0,5.28704E+20,5.80888E+21,9.42217E+15,5.24294E+16
16604,3.17061E+18,3,2,41,12,2017,6,15,7,3,0,7,1,0,0,0,0,0,0,5.28313E+20,5.82526E+21,9.41781E+15,5.25767E+16
16605,3.17061E+18,3,2,41,2,2017,6,3,7,3,9,1,0,1,0,0,0,2,0,5.36904E+20,5.79898E+21,9.54168E+15,5.23399E+16
16606,3.17062E+18,3,4,55,27,2017,6,18,6,2,6,4,0,1,1,0,0,0,0,4.31771E+20,5.91915E+21,7.9734E+15,5.3417E+16
16607,3.17062E+18,3,4,55,26,2017,6,10,6,2,2,6,0,1,0,0,0,0,0,4.37311E+20,5.91551E+21,8.05746E+15,5.3385E+16
16608,3.17062E+18,3,3,61,3,2017,6,14,6,3,2,2,0,1,0,0,0,0,0,5.14465E+20,5.85406E+21,9.21473E+15,5.28361E+16
16609,3.17062E+18,3,3,61,12,2017,6,10,6,3,0,5,1,1,0,0,0,0,0,5.15592E+20,5.86293E+21,9.23189E+15,5.29158E+16
16610,3.17062E+18,3,4,51,8,2017,6,15,6,2,5,3,1,1,0,0,0,0,0,4.43126E+20,5.89549E+21,8.14847E+15,5.32057E+16
16611,3.17061E+18,3,2,41,16,2017,6,18,7,3,2,6,0,1,0,0,0,0,0,5.65449E+20,5.79676E+21,9.96017E+15,5.23172E+16
16612,3.17062E+18,3,4,51,4,2017,6,13,6,3,9,1,0,1,0,0,0,0,0,4.26404E+20,5.88686E+21,7.90014E+15,5.31261E+16
16613,3.17062E+18,3,2,51,37,2017,6,16,6,3,5,3,0,1,0,0,0,0,0,4.79824E+20,5.87289E+21,8.69933E+15,5.30052E+16
16614,3.17061E+18,3,2,41,8,2017,6,20,7,2,5,3,1,1,0,0,0,0,0,5.54729E+20,5.81497E+21,9.8059E+15,5.24821E+16
16615,3.17062E+18,3,4,61,6,2017,6,6,6,3,5,3,1,1,0,0,0,0,0,4.73761E+20,5.88911E+21,8.60765E+15,5.31508E+16
16616,3.17061E+18,3,2,41,14,2017,6,18,7,2,8,1,0,0,0,1,0,0,0,5.44629E+20,5.80017E+21,9.65522E+15,5.235E+16
16617,3.17062E+18,3,4,1,0,2017,6,20,6,3,5,3,1,1,0,0,0,0,0,4.7529E+20,5.87874E+21,8.63131E+15,5.30576E+16
16618,3.17061E+18,3,2,41,21,2017,6,13,7,3,2,7,0,1,0,0,1,0,0,5.31051E+20,5.80289E+21,9.45613E+15,5.23754E+16
16619,3.17062E+18,3,3,52,32,2017,6,12,6,3,2,6,0,1,0,0,0,0,0,4.71745E+20,5.92086E+21,8.57468E+15,5.3436E+16
16620,3.17061E+18,3,2,41,1,2017,6,7,7,3,2,6,0,1,0,1,0,0,0,5.53177E+20,5.80857E+21,9.78203E+15,5.24247E+16
16621,3.17061E+18,3,2,41,2,2017,6,3,7,3,3,6,0,1,0,0,1,2,0,5.33517E+20,5.8056E+21,9.49262E+15,5.23997E+16
16622,3.17061E+18,3,2,57,31,2017,6,12,7,3,5,3,0,1,0,1,0,0,0,5.06161E+20,5.78293E+21,9.09014E+15,5.21968E+16
16623,3.17061E+18,3,2,57,24,2017,6,11,7,2,4,2,0,1,0,0,0,0,0,5.26693E+20,5.78894E+21,9.391E+15,5.22503E+16
16624,3.17061E+18,3,2,57,6,2017,6,7,7,3,5,2,0,1,0,0,0,0,0,5.25053E+20,5.79746E+21,9.36762E+15,5.23269E+16
16625,3.17061E+18,3,2,54,13,2017,6,10,7,3,5,3,0,1,0,0,0,0,0,5.50949E+20,5.77032E+21,9.7435E+15,5.20811E+16
16626,3.17061E+18,3,2,54,8,2017,6,7,7,3,8,7,0,1,0,0,0,0,0,5.79871E+20,5.76148E+21,1.01634E+16,5.19983E+16
16627,3.17061E+18,3,2,54,45,2017,6,15,7,3,8,1,0,0,0,1,0,0,0,5.6304E+20,5.76116E+21,9.91823E+15,5.19975E+16
16628,3.17061E+18,3,2,54,28,2017,6,13,7,2,8,7,0,1,0,0,0,0,0,5.62622E+20,5.79036E+21,9.91752E+15,5.226E+16
16629,3.17061E+18,3,1,57,6,2017,6,15,7,3,8,1,0,1,0,0,0,0,0,5.79894E+20,5.7978E+21,1.01723E+16,5.23247E+16
16630,3.17061E+18,3,1,53,17,2017,6,16,7,2,8,1,0,0,0,1,0,0,0,5.96567E+20,5.74845E+21,1.04029E+16,5.18784E+16
16631,3.17062E+18,3,3,52,11,2017,6,20,6,2,4,2,0,1,0,1,0,0,0,4.8005E+20,5.96835E+21,8.69665E+15,5.38633E+16
16632,3.17061E+18,3,1,53,17,2017,6,10,7,2,6,4,0,1,1,0,0,0,0,5.98491E+20,5.75707E+21,1.04333E+16,5.19556E+16
16633,3.17062E+18,3,3,52,61,2017,6,16,6,3,8,1,0,1,0,0,0,0,0,4.73194E+20,5.95654E+21,8.59342E+15,5.37568E+16
16634,3.17061E+18,3,1,51,17,2017,6,22,7,2,5,3,0,1,0,0,0,2,0,5.92576E+20,5.81529E+21,1.03632E+16,5.24799E+16
16635,3.17062E+18,3,3,53,40,2017,6,21,6,3,9,1,0,1,0,0,0,1,0,5.80988E+20,5.91046E+21,1.02163E+16,5.33371E+16
16636,3.17061E+18,3,1,51,22,2017,6,17,7,2,4,1,0,1,0,0,0,0,0,6.01056E+20,5.81024E+21,1.04865E+16,5.2433E+16
16637,3.17062E+18,3,3,53,29,2017,6,15,6,3,0,7,1,1,0,0,0,0,0,5.6148E+20,5.91754E+21,9.92476E+15,5.34033E+16
16638,3.17061E+18,3,4,59,29,2017,6,12,6,3,3,6,0,1,0,0,1,0,0,4.45525E+20,5.7986E+21,8.2005E+15,5.2335E+16
16639,3.17062E+18,3,3,53,29,2017,6,16,6,3,8,1,0,1,0,0,0,0,0,5.58772E+20,5.91776E+21,9.88406E+15,5.34057E+16
16640,3.17061E+18,3,4,59,3,2017,6,7,6,2,4,6,0,1,0,0,0,0,0,4.59881E+20,5.79525E+21,8.41158E+15,5.23061E+16
16641,3.17061E+18,3,4,59,14,2017,6,15,6,3,0,3,0,1,0,1,0,0,1,4.29972E+20,5.80643E+21,7.97064E+15,5.24037E+16
16642,3.17062E+18,3,3,59,6,2017,6,11,6,3,5,3,1,1,0,0,0,0,1,5.40582E+20,5.91841E+21,9.61056E+15,5.34131E+16
16643,3.17061E+18,3,4,59,2,2017,6,18,6,2,4,2,0,1,0,0,1,0,0,4.21234E+20,5.82174E+21,7.8386E+15,5.25401E+16
16644,3.17061E+18,3,4,57,22,2017,6,19,6,3,6,4,0,1,1,0,0,0,0,3.98046E+20,5.88869E+21,7.47589E+15,5.31378E+16
16645,3.17061E+18,3,4,54,58,2017,6,19,6,3,8,1,0,1,0,0,0,0,0,3.9991E+20,5.85838E+21,7.51314E+15,5.28658E+16
16646,3.17062E+18,3,3,59,38,2017,6,23,6,3,6,4,0,1,1,0,0,2,0,5.31018E+20,5.93734E+21,9.46854E+15,5.3584E+16
16647,3.17062E+18,3,2,41,19,2017,6,11,6,2,2,6,0,1,0,0,0,0,0,5.49729E+20,5.82963E+21,9.73449E+15,5.26144E+16
16648,3.17061E+18,3,4,56,17,2017,6,17,6,3,5,3,0,1,0,0,0,0,0,3.64652E+20,5.8223E+21,7.00452E+15,5.2534E+16
16649,3.17062E+18,3,3,58,21,2017,6,17,6,3,5,2,0,1,0,0,0,0,1,5.56622E+20,5.87113E+21,9.84347E+15,5.29868E+16
16650,3.17061E+18,3,4,54,32,2017,6,13,6,3,9,1,0,1,0,0,0,0,1,3.88273E+20,5.8287E+21,7.35044E+15,5.25968E+16
16651,3.17062E+18,3,3,57,45,2017,6,13,6,3,5,2,0,1,0,0,0,0,1,5.16618E+20,5.88372E+21,9.24821E+15,5.31026E+16
16652,3.17062E+18,3,3,60,2,2017,6,11,6,3,5,3,1,1,0,0,0,0,0,6.06542E+20,5.88227E+21,1.05905E+16,5.30793E+16
16653,3.17061E+18,3,4,54,35,2017,6,15,6,3,8,1,0,1,0,0,0,0,1,3.76255E+20,5.84031E+21,7.16874E+15,5.26985E+16
16654,3.17062E+18,3,3,60,25,2017,6,5,6,2,5,3,1,1,0,0,0,0,1,6.05717E+20,5.8691E+21,1.05739E+16,5.29611E+16
16655,3.17062E+18,3,3,55,4,2017,6,13,6,3,2,6,0,1,0,0,0,0,0,5.91235E+20,5.90528E+21,1.03687E+16,5.32889E+16
16656,3.17061E+18,3,4,54,31,2017,6,15,6,3,2,2,0,1,0,0,0,0,0,4.01153E+20,5.82169E+21,7.54262E+15,5.25364E+16
16657,3.17062E+18,3,3,55,1,2017,6,16,6,3,2,6,0,1,0,0,1,0,0,5.95096E+20,5.90609E+21,1.04268E+16,5.32955E+16
16658,3.17061E+18,3,4,54,18,2017,6,14,6,2,2,6,0,1,0,0,0,0,1,3.77814E+20,5.85269E+21,7.18719E+15,5.28102E+16
16659,3.17062E+18,3,3,51,25,2017,6,13,6,3,9,1,0,1,0,0,0,0,0,5.84131E+20,5.84449E+21,1.02463E+16,5.27437E+16
16660,3.17061E+18,3,4,54,46,2017,6,8,6,3,5,3,0,1,0,0,0,0,0,4.02613E+20,5.80667E+21,7.56853E+15,5.24016E+16
16661,3.17062E+18,3,2,41,1,2017,6,8,6,3,5,3,1,0,0,0,0,0,0,5.57744E+20,5.80142E+21,9.84795E+15,5.236E+16
16662,3.17061E+18,3,4,62,19,2017,6,3,6,3,7,7,0,1,0,0,0,2,0,4.11254E+20,5.93445E+21,7.66045E+15,5.35514E+16