OBJECTID,UIDENTSTLA,ULAND,UREGBEZ,UKREIS,UGEMEINDE,UJAHR,UMONAT,USTUNDE,UWOCHENTAG,UKATEGORIE,UART,UTYP1,IstRad,IstPKW,IstFuss,IstKrad,IstSonstig,LICHT,STRZUSTAND,LINREFX,LINREFY,XGCSWGS84,YGCSWGS84
16663,3.17061E+18,3,4,52,11,2017,6,14,6,2,4,6,0,1,0,0,0,0,1,3.79522E+20,5.91983E+21,7.18731E+15,5.34138E+16
16664,3.17061E+18,3,4,52,1,2017,6,22,6,2,0,7,1,0,0,0,0,1,1,3.9864E+20,5.92545E+21,7.47303E+15,5.34682E+16
16665,3.17061E+18,3,4,52,1,2017,6,13,6,3,2,6,0,1,0,0,0,0,1,4.00237E+20,5.92414E+21,7.49749E+15,5.34568E+16
16666,3.17061E+18,3,4,52,23,2017,6,10,6,3,4,6,1,0,0,0,0,0,1,3.92928E+20,5.92676E+21,7.38657E+15,5.34789E+16
16667,3.17062E+18,3,2,41,19,2017,6,21,6,3,5,3,0,1,0,0,0,0,0,5.51794E+20,5.82264E+21,9.76389E+15,5.25514E+16
16668,3.17061E+18,3,4,60,8,2017,6,14,6,3,2,6,0,1,0,0,0,0,1,4.45707E+20,5.82715E+21,8.19853E+15,5.25916E+16
16669,3.17061E+18,3,4,53,4,2017,6,12,6,2,1,7,0,1,0,0,0,0,0,4.33656E+20,5.85401E+21,8.01522E+15,5.28318E+16
16670,3.17062E+18,3,2,41,11,2017,6,15,6,3,2,6,0,1,0,0,0,0,0,5.66039E+20,5.80468E+21,9.97039E+15,5.23884E+16
16671,3.17061E+18,3,4,3,0,2017,6,13,6,2,2,6,0,1,0,0,1,0,1,4.5126E+20,5.89098E+21,8.27092E+15,5.31659E+16
16672,3.17061E+18,3,4,51,5,2017,6,13,6,3,9,1,0,1,0,0,0,0,1,4.46842E+20,5.90142E+21,8.20311E+15,5.32594E+16
16673,3.17062E+18,3,2,41,10,2017,6,15,6,3,5,2,0,1,0,0,0,0,0,5.49904E+20,5.81007E+21,9.73413E+15,5.24385E+16
16674,3.17061E+18,3,2,51,47,2017,6,16,6,3,2,6,0,1,0,0,0,0,1,4.88733E+20,5.87053E+21,8.83218E+15,5.29843E+16
16675,3.17061E+18,3,2,51,49,2017,6,8,6,3,5,2,0,1,0,0,0,0,0,4.96176E+20,5.85236E+21,8.94326E+15,5.2821E+16
16676,3.17061E+18,3,2,51,41,2017,6,14,6,3,2,6,0,1,0,0,0,0,1,4.88158E+20,5.86628E+21,8.82376E+15,5.2946E+16
16677,3.17061E+18,3,2,51,24,2017,6,17,6,3,5,3,0,1,0,0,1,0,1,4.91677E+20,5.83714E+21,8.87688E+15,5.26841E+16
16678,3.17061E+18,3,2,51,30,2017,6,19,6,3,5,2,0,1,0,0,0,0,0,4.6691E+20,5.82918E+21,8.51131E+15,5.26116E+16
16679,3.17062E+18,3,2,41,1,2017,6,16,6,3,0,1,1,0,0,0,0,0,0,5.49973E+20,5.80436E+21,9.73428E+15,5.23872E+16
16680,3.17062E+18,3,2,41,1,2017,6,15,6,2,2,6,0,1,0,0,0,0,0,5.4351E+20,5.80822E+21,9.63983E+15,5.24225E+16
16681,3.17061E+18,3,4,58,13,2017,6,4,6,3,9,7,0,1,0,0,0,0,0,4.46846E+20,5.87294E+21,8.20789E+15,5.30034E+16
16682,3.17062E+18,3,1,55,11,2017,6,13,6,3,2,6,0,1,0,0,0,0,0,5.69772E+20,5.72892E+21,1.00098E+16,5.17069E+16
16683,3.17061E+18,3,4,61,5,2017,6,15,6,3,9,1,0,1,0,0,0,0,1,4.52664E+20,5.9163E+21,8.28815E+15,5.33937E+16
16684,3.17062E+18,3,2,56,32,2017,6,10,6,3,1,5,0,1,0,0,0,0,0,5.04604E+20,5.82078E+21,9.06788E+15,5.25371E+16
16685,3.17062E+18,3,1,54,21,2017,6,14,6,3,2,6,0,1,0,0,0,0,1,6.29093E+20,5.79044E+21,1.0891E+16,5.22492E+16
16686,3.17061E+18,3,4,61,8,2017,6,14,6,1,4,6,0,1,0,0,1,0,1,4.53629E+20,5.90108E+21,8.3049E+15,5.3257E+16
16687,3.17061E+18,3,3,53,40,2017,6,8,6,3,1,5,0,1,0,0,0,0,0,5.79619E+20,5.91366E+21,1.01966E+16,5.33661E+16
16688,3.17062E+18,3,1,54,10,2017,6,14,6,3,0,1,1,0,0,0,0,0,0,6.37111E+20,5.78686E+21,1.1007E+16,5.22151E+16
16689,3.17062E+18,3,1,57,6,2017,6,17,6,3,2,2,0,1,0,0,0,0,0,5.82096E+20,5.79551E+21,1.0204E+16,5.23038E+16
16690,3.17061E+18,3,3,59,20,2017,6,18,6,3,5,3,0,1,0,0,0,0,1,5.40389E+20,5.93574E+21,9.60988E+15,5.3569E+16
16691,3.17062E+18,3,1,2,0,2017,6,9,6,3,5,3,0,1,0,0,0,0,0,5.96489E+20,5.78422E+21,1.04118E+16,5.21999E+16
16692,3.17061E+18,3,3,59,10,2017,6,8,6,3,2,6,0,1,0,0,0,0,0,5.44282E+20,5.92409E+21,9.66701E+15,5.34639E+16
16693,3.17062E+18,3,1,53,8,2017,6,8,6,3,8,1,0,0,0,0,1,0,0,5.94558E+20,5.75941E+21,1.03767E+16,5.19773E+16
16694,3.17061E+18,3,3,58,22,2017,6,18,6,3,2,6,0,1,0,0,0,0,1,5.45585E+20,5.85015E+21,9.67612E+15,5.27992E+16
16695,3.17061E+18,3,3,57,12,2017,6,12,6,3,5,3,0,1,0,1,0,0,0,5.03462E+20,5.93092E+21,9.05223E+15,5.35272E+16
16696,3.17061E+18,3,3,57,41,2017,6,19,6,3,9,1,0,1,0,0,0,0,1,5.2541E+20,5.89435E+21,9.38038E+15,5.31979E+16
16697,3.17061E+18,3,3,60,6,2017,6,19,6,3,5,3,0,1,0,0,0,0,1,5.95154E+20,5.87639E+21,1.04189E+16,5.30286E+16
16698,3.17063E+18,3,4,54,14,2017,6,7,2,2,8,7,0,1,0,0,0,0,1,3.87046E+20,5.82882E+21,7.33229E+15,5.25977E+16
16699,3.17063E+18,3,4,62,15,2017,6,17,2,2,4,6,0,1,0,0,1,0,0,4.11887E+20,5.94211E+21,7.66783E+15,5.36204E+16
16700,3.17063E+18,3,4,62,5,2017,6,19,2,2,6,4,0,1,1,0,0,0,0,4.22895E+20,5.92335E+21,7.83884E+15,5.34535E+16
16701,3.17063E+18,3,4,52,25,2017,6,17,2,3,3,6,1,1,0,0,0,0,0,4.15906E+20,5.91877E+21,7.73485E+15,5.34113E+16
16702,3.17063E+18,3,4,60,2,2017,6,6,2,2,8,1,0,1,0,0,0,0,1,4.44653E+20,5.81937E+21,8.18427E+15,5.25217E+16
16703,3.17063E+18,3,4,53,5,2017,6,16,2,3,4,7,0,1,0,0,0,0,0,4.39822E+20,5.85684E+21,8.10622E+15,5.28579E+16
16704,3.17063E+18,3,3,56,9,2017,6,16,2,3,5,3,1,1,0,0,0,0,0,4.73791E+20,5.8944E+21,8.60767E+15,5.31983E+16
16705,3.17063E+18,3,3,56,9,2017,6,16,2,3,2,6,0,1,0,1,0,0,0,4.72874E+20,5.89726E+21,8.59369E+15,5.3224E+16
16706,3.17063E+18,3,3,61,9,2017,6,18,2,3,3,2,0,0,0,0,1,0,0,4.98237E+20,5.8788E+21,8.9737E+15,5.30587E+16
16707,3.17063E+18,3,3,61,1,2017,6,13,2,2,5,3,1,0,0,0,1,0,0,5.00883E+20,5.8742E+21,9.01317E+15,5.30173E+16
16708,3.17063E+18,3,3,61,13,2017,6,17,2,3,4,2,0,1,0,0,0,0,0,5.06846E+20,5.86557E+21,9.10187E+15,5.29397E+16
16709,3.17063E+18,3,4,3,0,2017,6,11,2,2,8,1,0,1,0,0,0,0,0,4.47459E+20,5.88852E+21,8.21449E+15,5.31434E+16
16710,3.17063E+18,3,4,3,0,2017,6,6,2,3,2,6,1,0,0,0,0,0,0,4.4748E+20,5.88886E+21,8.21475E+15,5.31466E+16
16711,3.17063E+18,3,2,51,2,2017,6,23,2,2,8,1,0,0,0,1,0,2,0,5.01913E+20,5.84754E+21,9.02836E+15,5.27777E+16
16712,3.17063E+18,3,2,51,30,2017,6,0,2,3,9,1,0,0,0,1,1,2,0,4.65681E+20,5.82836E+21,8.49323E+15,5.26041E+16
16713,3.17063E+18,3,4,58,14,2017,6,14,2,3,9,1,0,1,0,0,0,0,0,4.61143E+20,5.85478E+21,8.4231E+15,5.28414E+16
16714,3.17063E+18,3,3,52,32,2017,6,16,2,3,4,2,0,1,0,0,0,0,0,4.75336E+20,5.92749E+21,8.62821E+15,5.34958E+16
16715,3.17063E+18,3,3,53,26,2017,6,6,2,3,5,3,0,1,0,0,1,0,0,5.53137E+20,5.92422E+21,9.8004E+15,5.34643E+16
16716,3.17063E+18,3,3,53,29,2017,6,22,2,3,9,1,0,1,0,0,0,2,0,5.60143E+20,5.91736E+21,9.90462E+15,5.34018E+16
16717,3.17063E+18,3,3,53,31,2017,6,11,2,3,2,6,0,1,0,0,0,0,0,5.67577E+20,5.91583E+21,1.00161E+16,5.33873E+16
16718,3.17063E+18,3,3,53,31,2017,6,5,2,3,2,1,0,0,0,0,1,0,1,5.68436E+20,5.91987E+21,1.00299E+16,5.34234E+16
16719,3.17063E+18,3,3,59,10,2017,6,12,2,2,8,1,0,1,0,0,0,0,0,5.42636E+20,5.92635E+21,9.64254E+15,5.34844E+16
16720,3.17063E+18,3,3,58,4,2017,6,9,2,2,5,2,1,1,0,0,0,0,0,5.42966E+20,5.8621E+21,9.63886E+15,5.29068E+16
16721,3.17063E+18,3,3,58,22,2017,6,8,2,3,1,7,1,1,0,0,0,0,0,5.39754E+20,5.85711E+21,9.59049E+15,5.28623E+16
16722,3.17063E+18,3,3,57,21,2017,6,16,2,3,8,6,0,1,0,0,0,0,0,5.2523E+20,5.91003E+21,9.37891E+15,5.33388E+16
16723,3.17063E+18,3,3,57,8,2017,6,17,2,3,1,6,0,1,0,0,0,0,0,5.09731E+20,5.92646E+21,9.14665E+15,5.3487E+16
16724,3.17063E+18,3,3,57,45,2017,6,13,2,3,5,3,0,1,0,0,0,0,0,5.15211E+20,5.88485E+21,9.22725E+15,5.31129E+16
16725,3.17063E+18,3,3,51,6,2017,6,16,2,3,2,6,0,1,0,0,0,0,0,5.75035E+20,5.83235E+21,1.01088E+16,5.26359E+16
16726,3.17063E+18,3,2,41,1,2017,6,17,2,3,1,5,1,1,0,0,0,0,0,5.4872E+20,5.80207E+21,9.71554E+15,5.23667E+16
16727,3.17063E+18,3,2,41,19,2017,6,13,2,3,3,7,0,1,0,0,0,0,0,5.53574E+20,5.82356E+21,9.79028E+15,5.25594E+16
16728,3.17063E+18,3,2,41,1,2017,6,12,2,3,2,6,0,1,0,0,1,0,0,5.57104E+20,5.80782E+21,9.83965E+15,5.24176E+16
16729,3.17063E+18,3,2,41,11,2017,6,12,2,3,2,6,0,1,0,0,0,0,0,5.65996E+20,5.80486E+21,9.96979E+15,5.239E+16
16730,3.17063E+18,3,2,41,6,2017,6,7,2,3,9,1,0,1,0,0,0,0,1,5.39684E+20,5.80051E+21,9.58266E+15,5.23534E+16
16731,3.17063E+18,3,2,41,1,2017,6,9,2,3,5,3,1,0,0,1,0,0,0,5.54379E+20,5.80688E+21,9.79944E+15,5.24094E+16
16732,3.17063E+18,3,2,41,1,2017,6,8,2,1,8,1,0,0,0,1,0,0,1,5.56098E+20,5.79571E+21,9.82284E+15,5.23088E+16
16733,3.17063E+18,3,1,55,12,2017,6,9,2,3,8,1,0,1,0,0,0,0,1,5.42453E+20,5.72083E+21,9.61345E+15,5.16369E+16
16734,3.17063E+18,3,1,55,6,2017,6,13,2,1,5,3,0,1,0,0,0,0,0,5.73579E+20,5.73817E+21,1.00668E+16,5.17896E+16
16735,3.17063E+18,3,2,57,31,2017,6,17,2,3,3,6,0,1,0,0,0,0,0,5.08629E+20,5.78404E+21,9.12628E+15,5.22067E+16
16736,3.17063E+18,3,2,57,9,2017,6,17,2,3,5,3,0,1,0,0,0,0,0,5.05727E+20,5.79293E+21,9.08397E+15,5.22867E+16
16737,3.17063E+18,3,2,57,9,2017,6,12,2,3,8,1,0,1,0,0,0,0,0,5.04356E+20,5.79162E+21,9.06384E+15,5.22749E+16
16738,3.17063E+18,3,2,52,5,2017,6,17,2,3,2,6,0,1,0,0,0,0,0,5.30708E+20,5.76495E+21,9.44765E+15,5.20343E+16
16739,3.17063E+18,3,1,59,17,2017,6,7,2,3,2,2,0,1,0,0,1,0,0,5.44682E+20,5.69784E+21,9.64273E+15,5.143E+16
16740,3.17063E+18,3,1,59,10,2017,6,12,2,3,8,1,0,1,0,0,0,0,1,5.90419E+20,5.71205E+21,1.03041E+16,5.15523E+16
16741,3.17063E+18,3,1,59,1,2017,6,9,2,3,8,1,0,1,0,0,0,0,1,5.53329E+20,5.71275E+21,9.76936E+15,5.15633E+16
16742,3.17063E+18,3,1,57,8,2017,6,19,2,2,5,2,0,0,0,1,1,0,0,5.95088E+20,5.80194E+21,1.03963E+16,5.23595E+16
16743,3.17063E+18,3,1,2,0,2017,6,16,2,3,0,7,0,1,0,0,0,0,0,5.94522E+20,5.78176E+21,1.03824E+16,5.21782E+16
16744,3.17063E+18,3,1,53,504,2017,6,7,2,3,9,1,0,1,0,0,0,0,1,6.05279E+20,5.73603E+21,1.05256E+16,5.17652E+16
16745,3.17063E+18,3,1,51,38,2017,6,21,2,2,0,6,1,0,0,1,0,0,0,6.0256E+20,5.82395E+21,1.05128E+16,5.25559E+16
16746,3.17063E+18,3,1,51,16,2017,6,18,2,3,2,6,0,1,0,0,0,0,0,6.04247E+20,5.8052E+21,1.05318E+16,5.23872E+16
16747,3.17063E+18,3,4,52,12,2017,6,11,1,3,2,2,0,1,0,0,0,0,0,3.93088E+20,5.92091E+21,7.39096E+15,5.34264E+16
16748,3.17063E+18,3,4,53,7,2017,6,7,1,3,8,7,0,1,0,0,0,0,1,4.16714E+20,5.87125E+21,7.75939E+15,5.29844E+16
16749,3.17063E+18,3,4,53,8,2017,6,23,1,3,8,7,0,1,0,0,0,2,1,4.3427E+20,5.86063E+21,8.02301E+15,5.28914E+16
16750,3.17063E+18,3,3,61,6,2017,6,13,1,3,8,1,0,1,0,0,0,0,1,5.10748E+20,5.86858E+21,9.16004E+15,5.29667E+16
16751,3.17063E+18,3,4,51,1,2017,6,19,1,3,5,2,0,1,0,0,0,0,0,4.20254E+20,5.8972E+21,7.80567E+15,5.32181E+16
16752,3.17063E+18,3,4,51,7,2017,6,13,1,2,5,2,0,0,0,1,1,0,0,4.26393E+20,5.89783E+21,7.89744E+15,5.32247E+16
16753,3.17063E+18,3,3,52,24,2017,6,15,1,1,8,1,0,0,0,1,0,0,0,5.07406E+20,5.93427E+21,9.1118E+15,5.35573E+16
16754,3.17063E+18,3,3,53,29,2017,6,11,1,3,8,1,0,1,0,0,0,0,1,5.62505E+20,5.91315E+21,9.93931E+15,5.33638E+16
16755,3.17063E+18,3,3,58,21,2017,6,15,1,3,2,6,0,1,0,0,0,0,0,5.62532E+20,5.87424E+21,9.93209E+15,5.3014E+16
16756,3.17063E+18,3,3,58,22,2017,6,10,1,3,2,6,0,1,0,0,1,0,1,5.44984E+20,5.84695E+21,9.66677E+15,5.27705E+16
16757,3.17063E+18,3,3,58,23,2017,6,15,1,3,9,6,0,1,0,0,0,0,1,5.66064E+20,5.85859E+21,9.98154E+15,5.28729E+16
16758,3.17063E+18,3,3,57,57,2017,6,14,1,3,0,1,1,0,0,0,0,0,0,5.16507E+20,5.90688E+21,9.24775E+15,5.33109E+16
16759,3.17063E+18,3,3,57,39,2017,6,12,1,2,8,1,0,0,0,1,0,0,1,5.27435E+20,5.8846E+21,9.40985E+15,5.31101E+16
16760,3.17063E+18,3,3,60,2,2017,6,14,1,3,2,6,0,1,0,0,0,0,0,6.06541E+20,5.88241E+21,1.05906E+16,5.30805E+16
16761,3.17063E+18,3,3,60,30,2017,6,15,1,2,4,6,0,1,0,0,0,0,1,6.00163E+20,5.85466E+21,1.04868E+16,5.28324E+16
16762,3.17063E+18,3,3,55,16,2017,6,23,1,3,8,1,0,1,0,0,0,2,0,5.89087E+20,5.89341E+21,1.03331E+16,5.31826E+16
16763,3.17063E+18,3,2,41,13,2017,6,17,1,3,5,3,0,1,0,0,1,0,1,5.48872E+20,5.78839E+21,9.7158E+15,5.22438E+16
16764,3.17063E+18,3,2,41,13,2017,6,17,1,3,2,6,0,1,0,0,0,0,1,5.51994E+20,5.79032E+21,9.76181E+15,5.22608E+16
16765,3.17063E+18,3,2,41,15,2017,6,22,1,3,5,3,0,1,0,1,0,2,1,5.40072E+20,5.80521E+21,9.58891E+15,5.23957E+16
16766,3.17063E+18,3,2,41,1,2017,6,18,1,3,0,6,0,1,0,0,1,0,1,5.52355E+20,5.79896E+21,9.76844E+15,5.23385E+16
16767,3.17063E+18,3,2,41,1,2017,6,12,1,3,3,7,0,1,0,0,0,0,1,5.49714E+20,5.80257E+21,9.73022E+15,5.23711E+16
16768,3.17063E+18,3,2,41,1,2017,6,13,1,3,9,1,0,1,0,0,0,0,1,5.55432E+20,5.79721E+21,9.81332E+15,5.23224E+16
16769,3.17063E+18,3,2,41,13,2017,6,11,1,2,8,6,0,0,0,1,0,0,0,5.51018E+20,5.78226E+21,9.74629E+15,5.21885E+16
16770,3.17063E+18,3,2,41,1,2017,6,6,1,3,5,3,1,1,0,0,0,0,0,5.49859E+20,5.80394E+21,9.73255E+15,5.23834E+16
16771,3.17063E+18,3,1,59,2,2017,6,8,1,2,8,1,0,0,0,1,0,0,1,5.8512E+20,5.74182E+21,1.0235E+16,5.18207E+16
16772,3.17063E+18,3,1,59,3,2017,6,12,1,3,0,1,0,0,0,1,0,0,1,6.04631E+20,5.72333E+21,1.05124E+16,5.16512E+16
16773,3.17063E+18,3,2,55,3,2017,6,12,1,3,2,6,0,0,0,1,0,0,0,5.36447E+20,5.75922E+21,9.5307E+15,5.19825E+16
16774,3.17063E+18,3,1,59,10,2017,6,13,1,3,9,1,0,0,0,1,0,0,1,5.90316E+20,5.71169E+21,1.03026E+16,5.1549E+16
16775,3.17063E+18,3,1,59,16,2017,6,19,1,3,2,7,0,1,0,1,0,0,0,5.65992E+20,5.7081E+21,9.95115E+15,5.15202E+16
16776,3.17063E+18,3,1,59,7,2017,6,3,1,3,9,1,0,1,0,0,0,2,0,5.70361E+20,5.71716E+21,1.00159E+16,5.16011E+16
16777,3.17063E+18,3,1,58,37,2017,6,12,1,3,4,6,1,0,0,0,0,0,0,6.05358E+20,5.78051E+21,1.05404E+16,5.2165E+16
16778,3.17063E+18,3,1,51,16,2017,6,11,1,3,2,6,0,1,0,0,0,0,1,6.04455E+20,5.80433E+21,1.05346E+16,5.23793E+16
16779,3.17063E+18,3,1,1,0,2017,6,14,1,3,9,1,0,1,0,0,0,0,1,6.00895E+20,5.79521E+21,1.04796E+16,5.22979E+16
16780,3.17062E+18,3,4,59,34,2017,6,9,7,2,9,1,0,0,0,1,0,0,0,4.27029E+20,5.7682E+21,7.93564E+15,5.20596E+16
16781,3.1707E+18,3,1,59,17,2017,7,19,1,3,5,3,0,1,0,0,0,0,0,5.53234E+20,5.69444E+21,9.76522E+15,5.13987E+16
16782,3.17062E+18,3,4,59,33,2017,6,20,7,3,9,1,0,1,0,0,0,0,1,4.30083E+20,5.8E+21,7.97361E+15,5.23459E+16
16783,3.1707E+18,3,1,55,11,2017,7,15,1,3,2,6,0,1,0,0,0,0,0,5.64043E+20,5.72576E+21,9.92629E+15,5.16792E+16
16784,3.1707E+18,3,1,3,0,2017,7,19,1,3,2,6,0,1,0,0,0,0,0,6.22289E+20,5.81118E+21,1.0799E+16,5.24371E+16
16785,3.17062E+18,3,4,59,13,2017,6,16,7,3,4,6,0,1,0,0,1,0,0,4.51808E+20,5.80776E+21,8.29138E+15,5.2418E+16
16786,3.1707E+18,3,1,54,10,2017,7,21,1,3,2,6,0,1,0,0,0,1,0,6.44788E+20,5.78632E+21,1.1119E+16,5.22083E+16
16787,3.1707E+18,3,4,59,24,2017,7,2,7,2,9,1,0,1,0,0,0,2,1,4.48234E+20,5.78451E+21,8.24241E+15,5.22086E+16
16788,3.17062E+18,3,4,57,13,2017,6,9,7,3,8,1,0,1,0,0,0,0,1,4.00639E+20,5.89854E+21,7.51157E+15,5.32269E+16
16789,3.17062E+18,3,4,57,13,2017,6,9,7,2,8,1,0,1,0,0,0,0,1,3.93732E+20,5.9007E+21,7.40744E+15,5.32449E+16
16790,3.1707E+18,3,4,59,13,2017,7,2,7,2,9,1,0,1,0,0,0,2,1,4.5726E+20,5.80294E+21,8.37216E+15,5.2375E+16
16791,3.1707E+18,3,4,59,30,2017,7,13,7,3,2,6,0,1,0,0,0,0,1,4.28386E+20,5.83653E+21,7.94084E+15,5.2674E+16
16792,3.17062E+18,3,4,54,47,2017,6,15,7,2,4,1,0,1,0,0,0,0,0,3.98705E+20,5.8534E+21,7.49679E+15,5.28208E+16
16793,3.17062E+18,3,4,56,15,2017,6,10,7,2,4,1,0,1,0,1,0,0,1,3.71109E+20,5.80971E+21,7.10453E+15,5.24224E+16
16794,3.1707E+18,3,4,4,0,2017,7,14,7,2,8,1,0,1,0,0,0,0,1,4.42326E+20,5.79157E+21,8.15475E+15,5.22715E+16
16795,3.17062E+18,3,4,54,29,2017,6,4,7,3,4,6,0,1,0,0,0,1,1,3.88316E+20,5.85805E+21,7.34109E+15,5.28606E+16
16796,3.1707E+18,3,4,4,0,2017,7,11,7,3,0,3,1,1,0,0,0,0,1,4.36429E+20,5.79277E+21,8.06813E+15,5.22816E+16
16797,3.17062E+18,3,4,56,25,2017,6,12,7,2,9,1,0,1,0,0,0,0,0,3.77819E+20,5.8202E+21,7.19931E+15,5.25182E+16
16798,3.17062E+18,3,4,52,21,2017,6,22,7,3,8,1,0,1,0,0,0,2,1,3.84833E+20,5.93359E+21,7.26214E+15,5.35386E+16
16799,3.17062E+18,3,4,52,27,2017,6,10,7,3,9,1,0,1,0,0,0,0,1,3.99746E+20,5.94625E+21,7.48301E+15,5.36554E+16
16800,3.1707E+18,3,4,4,0,2017,7,20,7,3,3,6,1,0,0,0,1,0,0,4.35497E+20,5.79083E+21,8.05483E+15,5.2264E+16
16801,3.17062E+18,3,3,61,6,2017,6,18,7,1,8,1,0,0,0,1,0,0,1,5.14708E+20,5.87001E+21,9.21906E+15,5.29795E+16
16802,3.1707E+18,3,4,54,41,2017,7,20,7,2,2,2,0,1,0,0,0,0,0,3.98714E+20,5.88216E+21,7.48793E+15,5.30793E+16
16803,3.1707E+18,3,4,56,27,2017,7,19,7,3,9,1,0,0,0,1,0,0,0,3.81315E+20,5.8002E+21,7.2579E+15,5.23393E+16
16804,3.1707E+18,3,4,54,10,2017,7,3,7,3,2,6,0,1,0,0,1,2,1,3.81804E+20,5.80035E+21,7.26502E+15,5.23407E+16
16805,3.1707E+18,3,4,62,6,2017,7,8,7,3,6,4,0,1,1,0,0,0,1,4.07285E+20,5.94423E+21,7.59764E+15,5.36386E+16
16806,3.17062E+18,3,4,51,8,2017,6,6,7,3,8,1,0,1,0,0,0,1,1,4.37638E+20,5.90924E+21,8.06362E+15,5.33287E+16
16807,3.1707E+18,3,4,62,19,2017,7,7,7,3,8,1,0,1,0,0,0,0,1,4.12963E+20,5.92883E+21,7.68779E+15,5.35013E+16
16808,3.17062E+18,3,4,51,2,2017,6,15,7,3,1,5,1,1,0,0,0,0,0,4.33834E+20,5.8931E+21,8.00986E+15,5.31831E+16
16809,3.1707E+18,3,4,52,14,2017,7,9,7,3,5,3,0,1,0,0,0,0,1,3.78711E+20,5.92993E+21,7.17123E+15,5.35044E+16
16810,3.17062E+18,3,4,3,0,2017,6,13,7,2,5,3,1,1,0,0,0,0,1,4.45806E+20,5.88686E+21,8.19005E+15,5.31284E+16
16811,3.1707E+18,3,4,52,23,2017,7,11,7,3,2,6,0,1,0,0,0,0,1,3.92868E+20,5.92703E+21,7.38557E+15,5.34814E+16
16812,3.17062E+18,3,2,51,37,2017,6,12,7,3,2,6,0,1,0,0,0,0,0,4.83825E+20,5.87121E+21,8.75904E+15,5.29902E+16
16813,3.17062E+18,3,2,51,47,2017,6,10,7,3,2,6,0,1,0,0,1,0,1,4.85806E+20,5.8701E+21,8.7886E+15,5.29803E+16
16814,3.17062E+18,3,2,51,41,2017,6,0,7,3,8,1,0,0,0,1,0,2,0,4.90058E+20,5.85966E+21,8.85224E+15,5.28865E+16
16815,3.17062E+18,3,4,58,5,2017,6,17,7,3,5,3,1,1,0,0,0,0,1,4.71331E+20,5.87747E+21,8.57235E+15,5.30459E+16
16816,3.1707E+18,3,4,5,0,2017,7,11,7,3,2,6,0,1,0,0,1,0,1,4.40592E+20,5.93146E+21,8.10378E+15,5.35287E+16
16817,3.17062E+18,3,4,58,9,2017,6,2,7,3,0,1,1,0,0,0,0,2,1,4.56347E+20,5.87489E+21,8.34921E+15,5.30218E+16
16818,3.17062E+18,3,3,53,31,2017,6,22,7,3,8,1,0,1,0,0,0,2,1,5.69163E+20,5.91128E+21,1.00389E+16,5.33461E+16
16819,3.17062E+18,3,3,53,34,2017,6,18,7,3,2,6,0,1,0,0,0,0,1,5.72468E+20,5.90237E+21,1.00865E+16,5.32656E+16
16820,3.17062E+18,3,3,53,31,2017,6,15,7,3,8,1,0,1,0,0,0,0,1,5.5842E+20,5.9175E+21,9.87873E+15,5.34033E+16
16821,3.17062E+18,3,3,53,31,2017,6,11,7,3,1,5,0,1,0,0,1,0,1,5.69552E+20,5.9162E+21,1.00459E+16,5.33903E+16
16822,3.17062E+18,3,3,53,5,2017,6,12,7,3,2,6,0,1,0,0,0,0,1,5.5806E+20,5.9046E+21,9.87095E+15,5.32874E+16
16823,3.17062E+18,3,3,59,4,2017,6,13,7,3,8,1,0,1,0,0,0,0,1,5.08476E+20,5.96256E+21,9.12873E+15,5.38115E+16
16824,3.17062E+18,3,3,58,21,2017,6,15,7,3,2,7,0,1,0,0,1,0,0,5.60511E+20,5.86863E+21,9.90093E+15,5.29639E+16
16825,3.17062E+18,3,3,58,21,2017,6,12,7,3,2,6,0,1,0,0,0,0,0,5.61519E+20,5.86971E+21,9.91613E+15,5.29735E+16
16826,3.17062E+18,3,3,55,25,2017,6,0,7,3,2,6,0,1,0,0,0,2,0,6.19209E+20,5.89265E+21,1.07834E+16,5.31699E+16
16827,3.17062E+18,3,3,51,6,2017,6,18,7,3,4,2,1,1,0,0,0,0,0,5.69809E+20,5.83271E+21,1.00317E+16,5.26399E+16
16828,3.1707E+18,3,3,61,8,2017,7,12,7,3,4,6,0,1,0,0,0,0,1,5.04698E+20,5.8865E+21,9.07021E+15,5.31279E+16
16829,3.17062E+18,3,2,41,7,2017,6,18,7,3,4,6,0,1,0,1,0,0,0,5.4976E+20,5.79675E+21,9.73004E+15,5.23188E+16
16830,3.17062E+18,3,2,41,1,2017,6,14,7,3,6,4,0,1,1,0,0,0,0,5.54508E+20,5.80938E+21,9.80174E+15,5.24319E+16
16831,3.1707E+18,3,3,61,1,2017,7,17,7,2,0,1,1,0,0,0,0,0,0,5.03337E+20,5.87228E+21,9.04973E+15,5.30001E+16
16832,3.17062E+18,3,2,41,19,2017,6,9,7,2,4,1,0,1,0,0,0,0,0,5.41735E+20,5.82026E+21,9.61524E+15,5.25308E+16
16833,3.1707E+18,3,3,61,6,2017,7,12,7,3,5,3,0,1,0,0,0,0,1,5.0779E+20,5.87174E+21,9.11606E+15,5.29951E+16
16834,3.17062E+18,3,1,55,11,2017,6,14,7,3,1,5,1,1,0,0,0,0,0,5.68547E+20,5.72813E+21,9.99189E+15,5.16999E+16
16835,3.17062E+18,3,2,57,21,2017,6,16,7,3,8,1,0,1,0,0,0,0,0,5.16877E+20,5.79733E+21,9.24764E+15,5.23261E+16
16836,3.1707E+18,3,4,3,0,2017,7,11,7,3,5,3,1,1,0,0,0,0,1,4.46384E+20,5.89133E+21,8.19794E+15,5.31686E+16
16837,3.1707E+18,3,2,51,7,2017,7,10,7,1,6,4,0,1,1,0,0,0,0,4.81784E+20,5.86078E+21,8.72921E+15,5.28964E+16