OBJECTID,UIDENTSTLA,ULAND,UREGBEZ,UKREIS,UGEMEINDE,UJAHR,UMONAT,USTUNDE,UWOCHENTAG,UKATEGORIE,UART,UTYP1,IstRad,IstPKW,IstFuss,IstKrad,IstSonstig,LICHT,STRZUSTAND,LINREFX,LINREFY,XGCSWGS84,YGCSWGS84
17012,3.17062E+18,3,3,57,41,2017,6,17,5,2,5,3,1,1,0,0,0,0,0,5.32654E+20,5.89141E+21,9.4885E+15,5.31711E+16
17013,3.17063E+18,3,1,51,25,2017,6,7,6,3,5,3,0,1,0,0,0,0,1,6.10609E+20,5.81696E+21,1.06291E+16,5.24916E+16
17014,3.17063E+18,3,1,1,0,2017,6,18,6,3,2,6,0,1,0,0,0,1,1,6.0249E+20,5.78716E+21,1.05005E+16,5.22253E+16
17015,3.17062E+18,3,2,41,1,2017,6,17,5,3,5,2,0,1,0,0,0,0,0,5.47601E+20,5.79994E+21,9.69881E+15,5.23477E+16
17016,3.17062E+18,3,2,41,21,2017,6,14,5,3,5,3,0,1,0,0,0,0,0,5.26401E+20,5.8092E+21,9.38833E+15,5.24323E+16
17017,3.17063E+18,3,1,54,10,2017,6,3,6,3,9,1,0,1,0,0,0,2,1,6.40637E+20,5.78738E+21,1.10588E+16,5.22189E+16
17018,3.17062E+18,3,2,41,15,2017,6,20,5,3,4,6,1,0,0,0,0,0,0,5.39614E+20,5.80537E+21,9.58221E+15,5.23971E+16
17019,3.17062E+18,3,2,41,8,2017,6,17,5,3,2,2,0,1,0,0,0,0,0,5.60768E+20,5.81072E+21,9.89404E+15,5.24432E+16
17020,3.17063E+18,3,1,1,0,2017,6,11,6,3,2,6,0,1,0,0,0,0,1,6.03317E+20,5.79629E+21,1.05154E+16,5.23072E+16
17021,3.17062E+18,3,2,41,19,2017,6,18,5,2,4,6,1,0,0,0,0,0,0,5.51004E+20,5.82219E+21,9.75216E+15,5.25474E+16
17022,3.17063E+18,3,4,4,0,2017,6,13,5,2,2,6,0,1,0,0,0,0,1,4.30341E+20,5.798E+21,7.97781E+15,5.23278E+16
17023,3.17062E+18,3,2,41,1,2017,6,18,5,3,2,6,0,1,0,0,0,0,0,5.43926E+20,5.80834E+21,9.64597E+15,5.24235E+16
17024,3.17062E+18,3,2,41,17,2017,6,14,5,2,2,6,0,1,0,0,1,0,0,5.38008E+20,5.78382E+21,9.55617E+15,5.22035E+16
17025,3.17063E+18,3,4,59,22,2017,6,15,5,3,2,2,0,1,0,0,1,0,1,4.41312E+20,5.77676E+21,8.14246E+15,5.21383E+16
17026,3.17063E+18,3,4,59,22,2017,6,6,5,2,8,7,0,1,0,0,0,0,0,4.41352E+20,5.78201E+21,8.14214E+15,5.21854E+16
17027,3.17063E+18,3,4,57,10,2017,6,11,5,3,5,3,0,1,0,0,0,0,0,4.09544E+20,5.90728E+21,7.64245E+15,5.3307E+16
17028,3.17063E+18,3,4,57,13,2017,6,20,5,3,2,6,0,1,0,0,0,1,1,3.99032E+20,5.89963E+21,7.48717E+15,5.32363E+16
17029,3.17063E+18,3,4,57,13,2017,6,16,5,3,2,6,0,1,0,0,0,0,1,3.94935E+20,5.89922E+21,7.42594E+15,5.32319E+16
17030,3.17063E+18,3,4,54,25,2017,6,15,5,2,5,3,0,1,0,0,0,0,0,3.89239E+20,5.8652E+21,7.35236E+15,5.2925E+16
17031,3.17063E+18,3,4,56,23,2017,6,20,5,2,8,1,0,1,0,0,0,0,1,3.56815E+20,5.82067E+21,6.88976E+15,5.25173E+16
17032,3.17063E+18,3,4,56,15,2017,6,21,5,2,8,1,0,1,0,0,0,0,1,3.69963E+20,5.82009E+21,7.08364E+15,5.25154E+16
17033,3.17063E+18,3,4,62,8,2017,6,16,5,2,8,1,0,1,0,0,0,0,1,4.08427E+20,5.94112E+21,7.61582E+15,5.36109E+16
17034,3.17063E+18,3,4,55,20,2017,6,19,5,2,8,1,0,1,0,0,0,0,0,4.27499E+20,5.94865E+21,7.9023E+15,5.36815E+16
17035,3.17062E+18,3,2,41,1,2017,6,6,5,2,5,2,0,0,0,0,1,0,0,5.56972E+20,5.80552E+21,9.83731E+15,5.2397E+16
17036,3.17063E+18,3,4,5,0,2017,6,7,5,3,5,3,1,1,0,0,0,0,0,4.39759E+20,5.92949E+21,8.09158E+15,5.35109E+16
17037,3.17063E+18,3,3,56,9,2017,6,23,5,3,2,7,0,1,0,0,0,2,1,4.73318E+20,5.89482E+21,8.60054E+15,5.3202E+16
17038,3.17062E+18,3,2,57,31,2017,6,16,5,3,2,6,0,1,0,0,1,0,0,5.0939E+20,5.78314E+21,9.13739E+15,5.21986E+16
17039,3.17063E+18,3,3,56,8,2017,6,1,5,2,9,1,0,1,0,0,0,2,1,4.8053E+20,5.89249E+21,8.70866E+15,5.31814E+16
17040,3.17062E+18,3,2,54,17,2017,6,7,5,3,5,3,1,1,0,0,0,0,0,5.62112E+20,5.78478E+21,9.90903E+15,5.22099E+16
17041,3.17063E+18,3,3,61,6,2017,6,21,5,2,2,6,0,1,0,0,0,0,1,5.10744E+20,5.86856E+21,9.15998E+15,5.29666E+16
17042,3.17062E+18,3,2,54,17,2017,6,17,5,3,2,6,0,1,0,0,0,0,0,5.63099E+20,5.78273E+21,9.92308E+15,5.21914E+16
17043,3.17062E+18,3,2,54,22,2017,6,22,5,3,8,1,0,1,0,0,0,2,1,5.80955E+20,5.76649E+21,1.01804E+16,5.20431E+16
17044,3.17063E+18,3,4,3,0,2017,6,18,5,3,3,6,0,1,0,0,0,0,1,4.51266E+20,5.89088E+21,8.27104E+15,5.3165E+16
17045,3.17062E+18,3,1,59,10,2017,6,12,5,2,4,1,0,1,0,1,0,0,0,5.901E+20,5.71113E+21,1.02993E+16,5.1544E+16
17046,3.17062E+18,3,1,55,10,2017,6,20,5,3,9,1,0,1,0,0,0,1,1,5.63157E+20,5.7192E+21,9.91228E+15,5.16203E+16
17047,3.17062E+18,3,1,3,0,2017,6,14,5,3,2,7,0,1,0,1,0,0,1,6.20565E+20,5.81299E+21,1.07743E+16,5.24538E+16
17048,3.17062E+18,3,1,58,37,2017,6,20,5,2,8,1,0,1,0,0,0,1,1,6.07763E+20,5.77981E+21,1.05753E+16,5.21583E+16
17049,3.17062E+18,3,1,58,37,2017,6,8,5,3,2,2,0,1,0,0,0,0,0,6.03801E+20,5.77765E+21,1.05168E+16,5.21396E+16
17050,3.17062E+18,3,1,58,37,2017,6,7,5,3,5,3,0,1,0,0,0,0,0,6.06242E+20,5.77897E+21,1.05529E+16,5.2151E+16
17051,3.17063E+18,3,4,55,15,2017,6,16,5,3,9,1,0,1,0,0,0,0,1,4.34125E+20,5.93122E+21,8.00628E+15,5.35258E+16
17052,3.17062E+18,3,1,2,0,2017,6,14,5,2,4,2,0,1,0,1,0,0,0,5.99826E+20,5.78385E+21,1.04605E+16,5.21961E+16
17053,3.17063E+18,3,4,51,7,2017,6,16,5,2,5,3,1,1,0,0,0,0,1,4.2829E+20,5.90023E+21,7.92531E+15,5.32465E+16
17054,3.17062E+18,3,1,2,0,2017,6,14,5,3,5,3,1,1,0,0,0,0,0,5.90849E+20,5.77902E+21,1.0328E+16,5.21542E+16
17055,3.17063E+18,3,2,51,37,2017,6,15,5,3,3,6,0,1,0,1,0,0,1,4.867E+20,5.87477E+21,8.80172E+15,5.30223E+16
17056,3.17063E+18,3,4,58,8,2017,6,22,5,3,9,1,0,1,0,0,1,2,1,4.72157E+20,5.86803E+21,8.58549E+15,5.29612E+16
17057,3.17063E+18,3,4,58,3,2017,6,12,5,3,3,6,0,1,0,0,1,0,0,4.62947E+20,5.863E+21,8.44896E+15,5.29154E+16
17058,3.17063E+18,3,4,1,0,2017,6,5,5,3,8,1,0,1,0,0,0,1,1,4.78023E+20,5.87574E+21,8.6723E+15,5.30308E+16
17059,3.17063E+18,3,4,61,4,2017,6,15,5,3,8,1,0,1,0,0,0,0,0,4.64972E+20,5.90416E+21,8.47458E+15,5.32855E+16
17060,3.17062E+18,3,1,51,40,2017,6,13,5,3,7,7,0,1,0,0,0,0,1,6.14945E+20,5.83433E+21,1.0699E+16,5.26468E+16
17061,3.17063E+18,3,4,58,14,2017,6,18,5,3,2,2,0,1,0,0,1,0,1,4.59852E+20,5.86121E+21,8.40315E+15,5.28991E+16
17062,3.17062E+18,3,1,51,11,2017,6,13,5,1,7,7,0,1,0,0,0,0,1,6.1109E+20,5.84361E+21,1.06452E+16,5.2731E+16
17063,3.17063E+18,3,4,1,0,2017,6,17,5,3,2,6,0,1,0,0,0,0,1,4.73216E+20,5.87779E+21,8.60044E+15,5.3049E+16
17064,3.17062E+18,3,4,4,0,2017,6,20,4,3,3,6,0,1,0,0,0,0,0,4.31894E+20,5.79873E+21,8.00044E+15,5.23346E+16
17065,3.17062E+18,3,4,59,29,2017,6,17,4,3,3,2,0,1,0,0,0,0,0,4.44981E+20,5.80398E+21,8.19163E+15,5.23833E+16
17066,3.17063E+18,3,3,52,29,2017,6,6,5,2,9,7,0,1,0,0,0,0,1,5.0568E+20,5.9412E+21,9.08586E+15,5.36196E+16
17067,3.17062E+18,3,4,4,0,2017,6,17,4,3,5,2,1,1,0,0,0,0,0,4.33574E+20,5.79374E+21,8.02609E+15,5.229E+16
17068,3.17062E+18,3,4,4,0,2017,6,15,4,3,5,3,1,1,0,0,0,0,0,4.33159E+20,5.78736E+21,8.02126E+15,5.22326E+16
17069,3.17063E+18,3,3,53,26,2017,6,18,5,3,9,1,0,1,0,0,0,0,0,5.53109E+20,5.92359E+21,9.79987E+15,5.34586E+16
17070,3.17062E+18,3,4,57,21,2017,6,14,4,2,5,3,1,1,0,0,0,0,0,3.8768E+20,5.89279E+21,7.31956E+15,5.31726E+16
17071,3.17062E+18,3,4,57,20,2017,6,8,4,3,5,3,0,1,0,0,0,0,0,4.16704E+20,5.90285E+21,7.75104E+15,5.32683E+16
17072,3.17063E+18,3,3,59,38,2017,6,17,5,3,2,6,0,1,0,0,1,0,0,5.31278E+20,5.9373E+21,9.47246E+15,5.35836E+16
17073,3.17062E+18,3,4,57,11,2017,6,1,4,3,9,1,0,1,0,0,0,2,0,4.07125E+20,5.90437E+21,7.607E+15,5.32804E+16
17074,3.17063E+18,3,3,58,7,2017,6,19,5,3,9,1,0,1,0,0,0,0,1,5.44562E+20,5.83892E+21,9.65943E+15,5.26984E+16
17075,3.17062E+18,3,4,56,15,2017,6,19,4,3,2,6,0,1,0,0,0,0,0,3.68992E+20,5.81181E+21,7.07258E+15,5.24407E+16
17076,3.17062E+18,3,4,52,19,2017,6,12,4,2,5,3,0,1,0,0,0,0,0,3.82405E+20,5.94133E+21,7.22261E+15,5.36075E+16
17077,3.17063E+18,3,3,58,22,2017,6,9,5,1,6,2,0,0,1,0,1,0,0,5.39797E+20,5.8571E+21,9.59113E+15,5.28621E+16
17078,3.17063E+18,3,3,60,17,2017,6,7,5,3,4,6,0,0,0,1,1,0,0,6.10525E+20,5.88421E+21,1.06506E+16,5.30959E+16
17079,3.17063E+18,3,2,41,1,2017,6,15,5,3,0,1,0,0,0,1,0,0,1,5.4951E+20,5.80211E+21,9.72716E+15,5.2367E+16
17080,3.17063E+18,3,2,41,1,2017,6,6,5,3,5,3,1,1,0,0,0,0,0,5.54088E+20,5.80751E+21,9.79526E+15,5.24151E+16
17081,3.17063E+18,3,2,41,17,2017,6,19,5,3,9,7,0,1,0,0,0,0,1,5.416E+20,5.78542E+21,9.60892E+15,5.22176E+16
17082,3.17063E+18,3,2,41,21,2017,6,15,5,3,8,1,0,1,0,0,0,0,1,5.33266E+20,5.81541E+21,9.48991E+15,5.24879E+16
17083,3.17062E+18,3,4,52,19,2017,6,12,4,3,2,6,0,1,0,0,0,0,0,3.82268E+20,5.93831E+21,7.22167E+15,5.35804E+16
17084,3.17063E+18,3,2,41,1,2017,6,19,5,3,6,4,0,1,1,0,0,0,1,5.50032E+20,5.80519E+21,9.73528E+15,5.23947E+16
17085,3.17063E+18,3,2,41,1,2017,6,19,5,3,2,6,0,1,0,0,1,0,1,5.56272E+20,5.80077E+21,9.82623E+15,5.23544E+16
17086,3.17063E+18,3,2,41,1,2017,6,17,5,3,5,2,1,1,0,0,0,0,1,5.50918E+20,5.80175E+21,9.74778E+15,5.23637E+16
17087,3.17063E+18,3,2,41,1,2017,6,13,5,3,3,6,0,1,0,0,1,0,1,5.5074E+20,5.80883E+21,9.74624E+15,5.24273E+16
17088,3.17063E+18,3,2,56,32,2017,6,16,5,2,8,1,0,1,0,0,0,0,1,5.01336E+20,5.81742E+21,9.01968E+15,5.25069E+16
17089,3.17063E+18,3,2,57,31,2017,6,19,5,3,8,1,0,1,0,0,0,0,1,5.04726E+20,5.7803E+21,9.0691E+15,5.21731E+16
17090,3.17062E+18,3,4,52,6,2017,6,8,4,3,2,6,0,1,0,0,1,0,0,4.07179E+20,5.91782E+21,7.60387E+15,5.34013E+16
17091,3.17063E+18,3,2,57,6,2017,6,17,5,3,5,2,0,1,0,0,0,0,1,5.27138E+20,5.7984E+21,9.39829E+15,5.23352E+16
17092,3.17062E+18,3,4,52,1,2017,6,10,4,3,5,3,1,1,0,0,0,0,0,4.02041E+20,5.92638E+21,7.52396E+15,5.34773E+16
17093,3.17063E+18,3,2,54,22,2017,6,19,5,3,9,1,0,0,0,0,1,0,1,5.78482E+20,5.77312E+21,1.01459E+16,5.2103E+16
17094,3.17062E+18,3,4,53,7,2017,6,22,4,2,8,1,0,0,0,1,0,2,0,4.19083E+20,5.87582E+21,7.79353E+15,5.30258E+16
17095,3.17063E+18,3,1,59,11,2017,6,5,5,3,5,3,0,1,0,0,0,0,0,5.73028E+20,5.71631E+21,1.00542E+16,5.15931E+16
17096,3.17062E+18,3,4,53,5,2017,6,7,4,3,5,3,0,1,0,0,0,0,0,4.46887E+20,5.85167E+21,8.21199E+15,5.28122E+16
17097,3.17062E+18,3,4,53,9,2017,6,22,4,3,9,1,0,1,0,0,0,2,0,4.24041E+20,5.8509E+21,7.87326E+15,5.28025E+16
17098,3.17062E+18,3,4,53,5,2017,6,7,4,2,2,2,0,1,0,0,0,0,0,4.47986E+20,5.85146E+21,8.22832E+15,5.28104E+16
17099,3.17063E+18,3,1,3,0,2017,6,1,5,1,8,1,0,1,0,0,0,2,0,6.26157E+20,5.80283E+21,1.08527E+16,5.23612E+16
17100,3.17063E+18,3,1,2,0,2017,6,17,5,3,5,2,1,1,0,0,0,0,1,5.92547E+20,5.77926E+21,1.03528E+16,5.21561E+16
17101,3.17063E+18,3,1,53,12,2017,6,23,5,2,9,1,0,1,0,0,0,2,1,5.77165E+20,5.74621E+21,1.01206E+16,5.18613E+16
17102,3.17063E+18,3,1,51,5,2017,6,22,5,3,5,3,0,1,0,0,0,2,1,6.3094E+20,5.82651E+21,1.09322E+16,5.25729E+16
17103,3.17062E+18,3,4,55,25,2017,6,7,4,3,5,3,1,1,0,0,0,0,0,4.35948E+20,5.91891E+21,8.03629E+15,5.34154E+16
17104,3.17062E+18,3,4,55,25,2017,6,14,4,2,4,6,0,1,0,0,0,0,0,4.35274E+20,5.91591E+21,8.02676E+15,5.33883E+16
17105,3.17062E+18,3,4,5,0,2017,6,10,4,3,5,3,1,1,0,0,0,0,0,4.37562E+20,5.93702E+21,8.05696E+15,5.35783E+16
17106,3.17062E+18,3,3,56,9,2017,6,10,4,3,5,3,1,1,0,0,0,0,0,4.72907E+20,5.89748E+21,8.59417E+15,5.32259E+16
17107,3.17063E+18,3,1,58,5,2017,6,7,5,3,2,6,0,1,0,0,0,0,0,6.02309E+20,5.77269E+21,1.04935E+16,5.20953E+16
17108,3.17062E+18,3,3,56,7,2017,6,11,4,3,6,4,0,1,1,0,0,0,0,4.8526E+20,5.89797E+21,8.77918E+15,5.32308E+16
17109,3.17062E+18,3,3,61,1,2017,6,17,4,3,5,2,0,0,0,1,1,0,0,5.02116E+20,5.8748E+21,9.03154E+15,5.30228E+16
17110,3.17062E+18,3,3,61,6,2017,6,20,4,3,0,3,1,0,0,1,0,0,0,5.11721E+20,5.87012E+21,9.17457E+15,5.29805E+16
17111,3.17062E+18,3,4,3,0,2017,6,11,4,3,5,3,1,1,0,0,0,0,0,4.4523E+20,5.88706E+21,8.18142E+15,5.31301E+16
17112,3.17062E+18,3,4,3,0,2017,6,6,4,2,4,2,1,1,0,0,0,0,0,4.46972E+20,5.88829E+21,8.20723E+15,5.31413E+16
17113,3.17063E+18,3,4,59,21,2017,6,11,4,3,2,2,0,1,0,0,0,0,0,4.29119E+20,5.79153E+21,7.96124E+15,5.22696E+16
17114,3.17062E+18,3,2,51,41,2017,6,16,4,2,5,2,1,1,0,0,0,0,0,4.86099E+20,5.86095E+21,8.79335E+15,5.28981E+16
17115,3.17062E+18,3,4,61,1,2017,6,10,4,3,5,3,0,1,0,0,0,0,0,4.70415E+20,5.88986E+21,8.55754E+15,5.31573E+16
17116,3.17063E+18,3,4,4,0,2017,6,14,4,3,2,6,0,1,0,0,0,0,1,4.34828E+20,5.79035E+21,8.04513E+15,5.22596E+16
17117,3.17063E+18,3,4,57,20,2017,6,19,4,2,8,1,0,1,0,0,0,0,1,4.14034E+20,5.91049E+21,7.70895E+15,5.33366E+16
17118,3.17063E+18,3,4,54,29,2017,6,13,4,3,4,7,0,0,0,0,1,0,0,3.8673E+20,5.85909E+21,7.31718E+15,5.28696E+16
17119,3.17063E+18,3,4,54,35,2017,6,20,4,3,3,6,0,1,0,0,1,0,1,3.84311E+20,5.84037E+21,7.28788E+15,5.27009E+16
17120,3.17063E+18,3,4,54,32,2017,6,14,4,3,2,2,0,0,0,0,1,0,1,3.87868E+20,5.81985E+21,7.34745E+15,5.25172E+16
17121,3.17063E+18,3,4,52,6,2017,6,4,4,3,9,1,0,1,0,0,0,2,1,4.05079E+20,5.92103E+21,7.57133E+15,5.34297E+16
17122,3.17062E+18,3,4,58,13,2017,6,9,4,3,1,5,0,1,0,0,0,0,0,4.45237E+20,5.8839E+21,8.18205E+15,5.31017E+16
17123,3.17063E+18,3,4,53,7,2017,6,10,4,3,5,3,0,1,0,0,0,0,1,4.23255E+20,5.87652E+21,7.85556E+15,5.30327E+16
17124,3.17063E+18,3,4,60,9,2017,6,17,4,3,2,6,0,1,0,0,0,0,1,4.51279E+20,5.83936E+21,8.27896E+15,5.2702E+16
17125,3.17062E+18,3,4,58,14,2017,6,12,4,3,0,6,0,0,0,1,0,0,0,4.60664E+20,5.86043E+21,8.41531E+15,5.28921E+16
17126,3.17063E+18,3,4,53,6,2017,6,17,4,3,9,1,0,1,0,0,0,0,1,4.27482E+20,5.83887E+21,7.92695E+15,5.26949E+16
17127,3.17063E+18,3,4,53,9,2017,6,19,4,3,4,6,0,1,0,0,0,0,1,4.29105E+20,5.85153E+21,7.94822E+15,5.28089E+16
17128,3.17062E+18,3,3,52,62,2017,6,11,4,2,1,5,0,1,1,0,0,0,0,4.89484E+20,5.94175E+21,8.841E+15,5.36244E+16
17129,3.17063E+18,3,3,61,8,2017,6,15,4,3,5,2,1,1,0,0,0,0,1,5.0957E+20,5.88433E+21,9.14295E+15,5.31083E+16
17130,3.17063E+18,3,4,3,0,2017,6,15,4,3,2,6,0,1,0,0,1,0,1,4.48207E+20,5.88749E+21,8.22584E+15,5.31343E+16
17131,3.17063E+18,3,2,51,42,2017,6,13,4,3,5,3,0,1,0,0,0,0,1,4.76385E+20,5.85069E+21,8.64969E+15,5.28055E+16
17132,3.17063E+18,3,2,51,44,2017,6,12,4,3,3,6,0,1,0,0,1,0,0,4.7482E+20,5.8218E+21,8.62868E+15,5.25457E+16
17133,3.17063E+18,3,4,3,0,2017,6,1,4,2,9,1,0,1,0,0,0,2,1,4.51614E+20,5.89135E+21,8.27617E+15,5.31693E+16
17134,3.17063E+18,3,4,58,3,2017,6,22,4,3,8,7,0,1,0,0,0,2,1,4.62898E+20,5.86588E+21,8.44789E+15,5.29412E+16
17135,3.17063E+18,3,4,58,6,2017,6,12,4,3,5,2,0,1,0,0,0,0,1,4.74266E+20,5.87148E+21,8.6166E+15,5.29923E+16
17136,3.17063E+18,3,3,52,11,2017,6,16,4,3,2,2,0,1,0,0,0,0,0,4.78503E+20,5.96796E+21,8.67315E+15,5.38597E+16
17137,3.17063E+18,3,3,53,35,2017,6,19,4,3,5,3,0,1,0,0,0,0,0,5.46591E+20,5.90365E+21,9.69877E+15,5.328E+16
17138,3.17062E+18,3,3,52,63,2017,6,15,4,2,2,6,0,1,0,0,1,0,0,5.03713E+20,5.95823E+21,9.05634E+15,5.37727E+16
17139,3.17063E+18,3,3,58,22,2017,6,14,4,2,8,1,0,1,0,0,0,0,0,5.40761E+20,5.85333E+21,9.60497E+15,5.28282E+16
17140,3.17063E+18,3,3,57,18,2017,6,17,4,2,0,1,0,0,0,1,0,0,1,5.19787E+20,5.89621E+21,9.29632E+15,5.32148E+16
17141,3.17062E+18,3,3,52,11,2017,6,7,4,3,2,6,0,1,0,0,0,0,0,4.7905E+20,5.96535E+21,8.68165E+15,5.38362E+16
17142,3.17063E+18,3,3,60,25,2017,6,16,4,2,5,3,1,0,0,0,1,0,1,5.99206E+20,5.86847E+21,1.04768E+16,5.29566E+16
17143,3.17062E+18,3,3,53,5,2017,6,21,4,1,9,1,0,0,0,1,0,0,0,5.56432E+20,5.91404E+21,9.84821E+15,5.33725E+16
17144,3.17062E+18,3,3,53,23,2017,6,18,4,3,7,7,1,0,0,0,1,0,0,5.89857E+20,5.91726E+21,1.03514E+16,5.33968E+16
17145,3.17063E+18,3,3,54,15,2017,6,12,4,2,8,1,0,1,0,0,0,0,0,6.5984E+20,5.86473E+21,1.13769E+16,5.29084E+16
17146,3.17062E+18,3,3,58,12,2017,6,19,4,3,3,2,0,1,0,0,1,0,0,5.43056E+20,5.8404E+21,9.63734E+15,5.27118E+16
17147,3.17062E+18,3,3,58,20,2017,6,16,4,3,5,3,1,1,0,0,0,0,0,5.41222E+20,5.83732E+21,9.6098E+15,5.26842E+16
17148,3.17062E+18,3,3,57,51,2017,6,10,4,3,2,2,0,1,0,0,0,0,0,5.38645E+20,5.87059E+21,9.57562E+15,5.29835E+16
17149,3.17062E+18,3,3,60,1,2017,6,21,4,2,8,1,0,0,0,1,0,1,0,6.07636E+20,5.88872E+21,1.0609E+16,5.3137E+16
17150,3.17062E+18,3,3,60,2,2017,6,17,4,3,5,3,0,1,0,0,0,0,0,6.063E+20,5.87994E+21,1.05862E+16,5.30584E+16
17151,3.17062E+18,3,3,60,23,2017,6,16,4,3,5,3,0,1,0,1,0,0,0,5.97672E+20,5.86178E+21,1.0452E+16,5.28968E+16
17152,3.17062E+18,3,3,60,25,2017,6,17,4,2,2,6,0,1,0,1,0,0,0,6.05096E+20,5.8716E+21,1.05655E+16,5.29837E+16
17153,3.17063E+18,3,3,55,9,2017,6,6,4,3,9,7,0,1,0,0,0,0,0,6.09459E+20,5.90893E+21,1.06432E+16,5.33182E+16
17154,3.17062E+18,3,3,51,22,2017,6,6,4,3,5,2,1,1,0,0,0,0,0,5.81257E+20,5.82692E+21,1.01994E+16,5.25862E+16
17155,3.17063E+18,3,3,51,6,2017,6,12,4,3,3,2,1,1,0,0,0,0,0,5.73618E+20,5.83095E+21,1.00875E+16,5.26235E+16
17156,3.17062E+18,3,2,41,1,2017,6,9,4,3,3,2,1,1,0,0,0,0,0,5.46069E+20,5.80081E+21,9.67644E+15,5.23557E+16
17157,3.17063E+18,3,2,41,1,2017,6,17,4,3,3,2,1,1,0,0,0,0,0,5.49284E+20,5.80329E+21,9.72401E+15,5.23776E+16
17158,3.17063E+18,3,2,41,2,2017,6,17,4,3,2,2,0,1,0,0,0,0,1,5.33761E+20,5.79884E+21,9.49553E+15,5.23388E+16
17159,3.17063E+18,3,2,41,2,2017,6,16,4,3,5,3,0,1,0,0,0,0,1,5.32829E+20,5.7947E+21,9.48144E+15,5.23016E+16
17160,3.17063E+18,3,2,41,2,2017,6,11,4,2,4,2,1,1,0,0,0,0,1,5.31358E+20,5.79528E+21,9.45993E+15,5.2307E+16
17161,3.17062E+18,3,2,41,1,2017,6,17,4,3,3,6,0,1,0,0,0,0,0,5.58725E+20,5.80278E+21,9.8626E+15,5.23721E+16
17162,3.17063E+18,3,2,41,5,2017,6,19,4,3,2,6,0,1,0,0,0,0,1,5.40113E+20,5.81003E+21,9.5901E+15,5.2439E+16
17163,3.17063E+18,3,2,41,5,2017,6,16,4,3,2,2,0,1,0,0,0,0,1,5.41377E+20,5.81058E+21,9.60877E+15,5.24438E+16
17164,3.17062E+18,3,2,41,1,2017,6,22,4,3,5,3,0,1,0,0,0,2,0,5.53239E+20,5.79744E+21,9.78117E+15,5.23247E+16
17165,3.17063E+18,3,2,41,10,2017,6,16,4,3,2,6,0,1,0,0,0,0,1,5.43667E+20,5.81038E+21,9.64242E+15,5.24418E+16
17166,3.17062E+18,3,2,41,1,2017,6,8,4,3,5,3,1,1,0,0,0,0,0,5.53711E+20,5.80817E+21,9.78982E+15,5.24211E+16
17167,3.17063E+18,3,2,41,1,2017,6,8,4,3,3,6,0,1,0,0,0,0,0,5.48987E+20,5.79992E+21,9.71916E+15,5.23473E+16
17168,3.17062E+18,3,2,41,15,2017,6,13,4,3,5,3,0,1,0,0,1,0,0,5.38706E+20,5.80564E+21,9.56889E+15,5.23996E+16
17169,3.17062E+18,3,2,41,12,2017,6,16,4,3,5,3,1,1,0,0,0,0,0,5.3099E+20,5.81503E+21,9.45637E+15,5.24845E+16
17170,3.17063E+18,3,2,41,1,2017,6,8,4,3,5,3,0,1,0,0,0,0,0,5.43682E+20,5.80734E+21,9.64225E+15,5.24146E+16
17171,3.17062E+18,3,2,41,12,2017,6,15,4,3,2,2,0,1,0,0,0,0,0,5.30474E+20,5.81925E+21,9.44915E+15,5.25225E+16
17172,3.17062E+18,3,2,41,12,2017,6,15,4,3,9,7,0,1,0,0,0,0,0,5.4183E+20,5.8277E+21,9.61758E+15,5.25977E+16
17173,3.17062E+18,3,2,41,5,2017,6,11,4,3,5,3,1,1,0,0,0,0,0,5.41406E+20,5.81046E+21,9.60918E+15,5.24428E+16
17174,3.17062E+18,3,2,41,16,2017,6,9,4,3,5,2,1,1,0,0,0,0,0,5.65846E+20,5.79658E+21,9.96597E+15,5.23156E+16
17175,3.17063E+18,3,1,55,2,2017,6,12,4,2,5,3,0,1,0,0,0,0,1,5.38131E+20,5.72164E+21,9.55108E+15,5.16445E+16
17176,3.17063E+18,3,2,54,21,2017,6,11,4,3,9,1,0,1,0,0,1,0,1,5.68229E+20,5.77765E+21,9.9971E+15,5.21452E+16
17177,3.17063E+18,3,2,54,21,2017,6,18,4,3,2,6,0,1,0,0,0,0,0,5.67514E+20,5.77959E+21,9.98704E+15,5.21627E+16
17178,3.17063E+18,3,2,55,8,2017,6,15,4,3,9,1,0,1,0,0,0,0,1,5.5472E+20,5.75555E+21,9.79616E+15,5.1948E+16
17179,3.17063E+18,3,2,52,6,2017,6,19,4,3,0,1,0,0,0,1,0,0,1,5.24115E+20,5.77118E+21,9.35198E+15,5.20907E+16
17180,3.17062E+18,3,2,41,1,2017,6,23,4,2,5,3,1,1,0,0,0,2,0,5.48852E+20,5.79978E+21,9.71715E+15,5.23462E+16
17181,3.17063E+18,3,1,59,21,2017,6,16,4,3,8,1,0,1,0,0,0,0,1,5.5442E+20,5.70328E+21,9.78363E+15,5.1478E+16
17182,3.17063E+18,3,1,59,31,2017,6,19,4,3,8,1,0,1,0,0,0,0,1,5.49685E+20,5.70104E+21,9.71515E+15,5.14583E+16
17183,3.17062E+18,3,2,41,11,2017,6,15,4,2,1,5,0,1,0,0,1,0,0,5.67728E+20,5.80469E+21,9.99521E+15,5.23882E+16
17184,3.17063E+18,3,1,59,17,2017,6,18,4,3,2,2,0,1,0,0,1,0,0,5.45793E+20,5.69658E+21,9.65854E+15,5.14186E+16
17185,3.17063E+18,3,1,59,16,2017,6,19,4,3,5,3,1,1,0,0,0,0,0,5.63942E+20,5.70881E+21,9.92173E+15,5.15268E+16
17186,3.17062E+18,3,2,41,11,2017,6,10,4,2,2,6,0,1,0,0,1,0,0,5.72902E+20,5.80254E+21,1.00708E+16,5.23683E+16