OBJECTID,UIDENTSTLA,ULAND,UREGBEZ,UKREIS,UGEMEINDE,UJAHR,UMONAT,USTUNDE,UWOCHENTAG,UKATEGORIE,UART,UTYP1,IstRad,IstPKW,IstFuss,IstKrad,IstSonstig,LICHT,STRZUSTAND,LINREFX,LINREFY,XGCSWGS84,YGCSWGS84
17187,3.17063E+18,3,1,59,17,2017,6,14,4,2,8,1,0,0,0,0,1,0,1,5.46181E+20,5.69339E+21,9.66372E+15,5.13899E+16
17188,3.17063E+18,3,1,59,17,2017,6,14,4,3,2,6,0,1,0,0,0,0,0,5.42905E+20,5.69011E+21,9.61624E+15,5.13606E+16
17189,3.17062E+18,3,2,41,15,2017,6,8,4,3,2,6,0,1,0,0,1,0,0,5.34798E+20,5.80679E+21,9.51158E+15,5.24102E+16
17190,3.17063E+18,3,1,54,17,2017,6,11,4,2,9,1,0,1,0,0,0,0,0,6.26268E+20,5.78299E+21,1.08469E+16,5.21829E+16
17191,3.17062E+18,3,2,57,21,2017,6,19,4,3,8,1,1,0,0,0,0,0,0,5.16867E+20,5.79728E+21,9.24749E+15,5.23256E+16
17192,3.17063E+18,3,1,58,37,2017,6,21,4,3,2,6,0,1,0,0,0,0,0,6.01789E+20,5.7802E+21,1.04882E+16,5.21629E+16
17193,3.17062E+18,3,2,57,9,2017,6,10,4,3,3,6,0,1,0,1,0,0,0,5.05859E+20,5.78933E+21,9.08583E+15,5.22544E+16
17194,3.17062E+18,3,2,57,1,2017,6,11,4,3,2,6,0,1,0,0,0,0,0,5.05806E+20,5.78935E+21,9.08506E+15,5.22545E+16
17195,3.17063E+18,3,1,58,37,2017,6,16,4,2,5,3,1,1,0,0,0,0,0,6.03907E+20,5.78048E+21,1.05192E+16,5.2165E+16
17196,3.17062E+18,3,2,56,35,2017,6,17,4,3,5,2,0,1,0,1,0,0,0,5.05538E+20,5.84508E+21,9.08205E+15,5.27555E+16
17197,3.17062E+18,3,2,54,20,2017,6,16,4,3,5,2,0,1,0,0,0,0,0,5.64473E+20,5.7853E+21,9.94367E+15,5.22143E+16
17198,3.17062E+18,3,2,54,8,2017,6,15,4,1,4,6,0,1,0,1,0,0,0,5.74374E+20,5.76684E+21,1.00845E+16,5.20472E+16
17199,3.17062E+18,3,2,52,7,2017,6,5,4,3,3,6,0,1,0,0,0,0,0,5.19909E+20,5.77679E+21,9.29091E+15,5.21412E+16
17200,3.17062E+18,3,1,59,10,2017,6,7,4,3,0,3,0,1,0,0,0,0,0,5.87565E+20,5.70582E+21,1.02614E+16,5.14967E+16
17201,3.17062E+18,3,1,59,10,2017,6,18,4,2,0,2,0,1,0,1,0,0,0,5.91374E+20,5.70855E+21,1.0317E+16,5.15207E+16
17202,3.17062E+18,3,1,59,16,2017,6,10,4,3,2,6,0,1,0,0,1,0,0,5.65626E+20,5.71201E+21,9.9466E+15,5.15554E+16
17203,3.17063E+18,3,1,57,6,2017,6,10,4,2,6,4,0,1,1,0,0,0,0,5.83905E+20,5.79833E+21,1.02313E+16,5.23288E+16
17204,3.17062E+18,3,1,54,27,2017,6,9,4,2,5,3,0,1,0,0,0,0,0,6.31952E+20,5.77405E+21,1.09265E+16,5.21012E+16
17205,3.17063E+18,3,1,2,0,2017,6,17,4,3,5,3,1,1,0,0,0,0,0,5.92003E+20,5.78088E+21,1.03453E+16,5.21707E+16
17206,3.17062E+18,3,1,54,21,2017,6,12,4,3,4,6,0,1,0,0,1,0,0,6.28644E+20,5.79061E+21,1.08845E+16,5.22508E+16
17207,3.17063E+18,3,1,51,13,2017,6,16,4,3,5,3,0,1,0,0,0,0,0,6.08111E+20,5.81044E+21,1.05903E+16,5.24335E+16
17208,3.17063E+18,3,1,51,25,2017,6,14,4,3,2,6,0,1,0,0,0,0,0,6.11322E+20,5.81593E+21,1.06393E+16,5.24822E+16
17209,3.17062E+18,3,1,3,0,2017,6,7,4,3,6,3,0,1,1,0,0,0,0,6.25732E+20,5.811E+21,1.08495E+16,5.24348E+16
17210,3.17063E+18,3,1,51,27,2017,6,8,4,3,2,6,0,0,0,0,1,0,0,5.97204E+20,5.79917E+21,1.04266E+16,5.23342E+16
17211,3.17063E+18,3,4,59,3,2017,6,18,3,3,5,3,0,1,0,0,0,0,0,4.60109E+20,5.8019E+21,8.41414E+15,5.23659E+16
17212,3.17062E+18,3,1,58,37,2017,6,10,4,3,5,3,1,1,0,0,0,0,0,6.0603E+20,5.78046E+21,1.05502E+16,5.21645E+16
17213,3.17063E+18,3,4,59,30,2017,6,17,3,3,5,3,1,1,0,0,0,0,0,4.28849E+20,5.83731E+21,7.94751E+15,5.2681E+16
17214,3.17063E+18,3,4,4,0,2017,6,16,3,3,3,6,1,1,0,0,0,0,0,4.34363E+20,5.79255E+21,8.03788E+15,5.22794E+16
17215,3.17063E+18,3,4,57,6,2017,6,21,3,3,8,1,0,1,0,0,0,1,1,4.09011E+20,5.89806E+21,7.63709E+15,5.3224E+16
17216,3.17063E+18,3,4,54,41,2017,6,12,3,3,2,2,0,1,0,1,0,0,0,3.95373E+20,5.88321E+21,7.43774E+15,5.30881E+16
17217,3.17062E+18,3,1,57,8,2017,6,13,4,3,3,6,1,0,0,0,1,0,0,5.94983E+20,5.79844E+21,1.03938E+16,5.2328E+16
17218,3.17063E+18,3,4,54,35,2017,6,8,3,2,4,2,0,1,0,0,0,0,0,3.8793E+20,5.83552E+21,7.34307E+15,5.26581E+16
17219,3.17063E+18,3,4,54,35,2017,6,7,3,3,2,2,0,1,0,0,0,0,0,3.8454E+20,5.83858E+21,7.29189E+15,5.26848E+16
17220,3.17062E+18,3,1,57,2,2017,6,11,4,1,9,1,0,1,0,0,0,0,0,5.74022E+20,5.78845E+21,1.00841E+16,5.22414E+16
17221,3.17063E+18,3,4,54,10,2017,6,8,3,3,5,3,0,1,0,0,1,0,0,3.84484E+20,5.81319E+21,7.29991E+15,5.24567E+16
17222,3.17062E+18,3,1,53,18,2017,6,14,4,3,2,6,0,1,0,0,0,0,0,5.91391E+20,5.73817E+21,1.0325E+16,5.1787E+16
17223,3.17063E+18,3,4,52,7,2017,6,18,3,2,4,2,1,1,0,0,0,0,0,3.94356E+20,5.93848E+21,7.40413E+15,5.35845E+16
17224,3.17062E+18,3,1,51,11,2017,6,16,4,3,4,2,0,1,0,0,0,0,0,6.08542E+20,5.8437E+21,1.06075E+16,5.27323E+16
17225,3.17062E+18,3,1,51,24,2017,6,16,4,3,2,6,0,1,0,0,0,0,0,6.2797E+20,5.81659E+21,1.08846E+16,5.24844E+16
17226,3.17063E+18,3,4,52,1,2017,6,17,3,2,3,2,0,1,0,1,0,0,0,4.02241E+20,5.9298E+21,7.52589E+15,5.3508E+16
17227,3.17062E+18,3,1,51,13,2017,6,18,4,3,4,6,1,0,0,0,0,0,0,6.08505E+20,5.81079E+21,1.05962E+16,5.24365E+16
17228,3.17062E+18,3,1,51,16,2017,6,17,4,3,8,1,0,1,0,0,0,0,0,6.06323E+20,5.80486E+21,1.05622E+16,5.23837E+16
17229,3.17062E+18,3,1,51,16,2017,6,15,4,3,4,1,0,1,0,0,0,0,0,6.04691E+20,5.80126E+21,1.05371E+16,5.23516E+16
17230,3.17062E+18,3,1,51,16,2017,6,13,4,3,5,2,0,1,0,0,0,0,0,6.05212E+20,5.79994E+21,1.05443E+16,5.23397E+16
17231,3.17062E+18,3,1,51,27,2017,6,10,4,3,5,3,0,1,0,0,0,0,0,5.99486E+20,5.80215E+21,1.0461E+16,5.23606E+16
17232,3.17063E+18,3,4,60,6,2017,6,17,3,3,2,6,0,1,0,0,0,0,0,4.49999E+20,5.83126E+21,8.26125E+15,5.2629E+16
17233,3.17063E+18,3,4,53,6,2017,6,13,3,3,5,3,0,1,0,0,1,0,0,4.29911E+20,5.84488E+21,7.9616E+15,5.27492E+16
17234,3.17063E+18,3,4,5,0,2017,6,23,3,3,2,6,0,1,0,0,0,2,1,4.40264E+20,5.93146E+21,8.09883E+15,5.35287E+16
17235,3.17063E+18,3,3,56,7,2017,6,15,3,3,8,1,0,1,0,0,0,0,0,4.89489E+20,5.90042E+21,8.84245E+15,5.3253E+16
17236,3.17063E+18,3,3,61,9,2017,6,15,3,3,2,6,0,1,0,0,0,0,0,5.03382E+20,5.87901E+21,9.05046E+15,5.30606E+16
17237,3.17062E+18,3,4,59,3,2017,6,16,3,3,8,1,0,1,0,0,0,0,0,4.59421E+20,5.79578E+21,8.40477E+15,5.23109E+16
17238,3.17063E+18,3,3,61,13,2017,6,14,3,3,8,1,0,1,0,0,0,0,0,5.00487E+20,5.8669E+21,9.00725E+15,5.29517E+16
17239,3.17063E+18,3,4,51,5,2017,6,20,3,3,5,3,0,1,0,0,0,0,1,4.46503E+20,5.90021E+21,8.19823E+15,5.32485E+16
17240,3.17062E+18,3,4,59,1,2017,6,15,3,3,2,6,0,1,0,0,0,0,0,4.29194E+20,5.81366E+21,7.95767E+15,5.24685E+16
17241,3.17063E+18,3,4,51,2,2017,6,14,3,3,5,2,0,1,0,0,0,0,0,4.30236E+20,5.8934E+21,7.95596E+15,5.31854E+16
17242,3.17062E+18,3,4,4,0,2017,6,18,3,3,5,3,1,1,0,0,0,0,0,4.37571E+20,5.79593E+21,8.08427E+15,5.23102E+16
17243,3.17063E+18,3,2,51,37,2017,6,12,3,2,9,1,0,1,0,0,0,0,0,4.80491E+20,5.87196E+21,8.70932E+15,5.29969E+16
17244,3.17062E+18,3,4,4,0,2017,6,12,3,3,2,2,0,1,0,0,0,0,0,4.35452E+20,5.791E+21,8.05413E+15,5.22656E+16
17245,3.17063E+18,3,2,51,3,2017,6,4,3,2,9,1,0,1,0,0,0,1,0,4.85293E+20,5.82237E+21,8.7831E+15,5.25512E+16
17246,3.17062E+18,3,4,2,0,2017,6,18,3,3,2,6,0,1,0,0,0,0,0,3.82306E+20,5.91152E+21,7.23228E+15,5.33398E+16
17247,3.17062E+18,3,4,54,57,2017,6,9,3,3,5,3,1,1,0,0,0,0,0,4.13054E+20,5.85815E+21,7.7084E+15,5.2866E+16
17248,3.17062E+18,3,4,54,47,2017,6,10,3,3,6,2,0,1,1,0,0,0,0,4.00149E+20,5.85465E+21,7.51783E+15,5.28323E+16
17249,3.17062E+18,3,4,54,41,2017,6,8,3,3,2,2,0,1,0,0,0,0,0,3.95284E+20,5.88227E+21,7.43671E+15,5.30796E+16
17250,3.17062E+18,3,4,56,15,2017,6,10,3,2,4,2,0,1,0,0,0,0,0,3.66317E+20,5.81761E+21,7.03093E+15,5.24922E+16
17251,3.17062E+18,3,4,54,19,2017,6,11,3,2,4,1,0,1,0,0,1,0,0,3.94807E+20,5.83878E+21,7.44366E+15,5.26887E+16
17252,3.17062E+18,3,4,62,5,2017,6,16,3,3,3,2,0,1,0,0,0,0,0,4.18682E+20,5.92287E+21,7.77554E+15,5.34486E+16
17253,3.17062E+18,3,4,52,14,2017,6,19,3,2,0,1,0,0,0,1,0,0,0,3.76251E+20,5.92733E+21,7.13518E+15,5.34803E+16
17254,3.17062E+18,3,4,60,1,2017,6,12,3,3,4,6,0,1,0,0,1,0,0,4.38108E+20,5.84299E+21,8.08338E+15,5.27333E+16
17255,3.17062E+18,3,4,55,25,2017,6,16,3,3,8,3,1,0,0,1,0,0,0,4.35271E+20,5.91798E+21,8.02629E+15,5.34069E+16
17256,3.17062E+18,3,3,56,10,2017,6,7,3,3,2,2,0,1,0,0,0,0,0,4.91975E+20,5.90783E+21,8.87952E+15,5.33196E+16
17257,3.17063E+18,3,4,58,7,2017,6,16,3,2,8,7,0,0,0,0,1,0,0,4.44981E+20,5.86743E+21,8.18104E+15,5.29536E+16
17258,3.17062E+18,3,3,56,7,2017,6,18,3,1,4,6,0,1,0,1,0,0,0,4.84979E+20,5.89815E+21,8.77496E+15,5.32324E+16
17259,3.17063E+18,3,3,52,32,2017,6,14,3,3,5,3,0,1,0,0,0,0,0,4.72236E+20,5.92144E+21,8.58201E+15,5.34413E+16
17260,3.17062E+18,3,3,61,9,2017,6,13,3,3,2,6,0,1,0,0,0,0,0,5.01364E+20,5.88165E+21,9.02037E+15,5.30843E+16
17261,3.17063E+18,3,3,52,32,2017,6,12,3,3,0,7,0,0,0,1,1,0,0,4.73155E+20,5.92351E+21,8.59568E+15,5.34599E+16
17262,3.17062E+18,3,3,61,8,2017,6,7,3,3,5,3,0,1,0,0,0,0,0,5.0895E+20,5.8829E+21,9.13366E+15,5.30955E+16
17263,3.17063E+18,3,3,59,10,2017,6,17,3,3,2,6,0,1,0,0,1,0,0,5.48604E+20,5.92306E+21,9.73195E+15,5.34543E+16
17264,3.17062E+18,3,3,61,6,2017,6,17,3,3,3,2,1,1,0,0,0,0,0,5.08057E+20,5.87211E+21,9.12005E+15,5.29985E+16
17265,3.17063E+18,3,3,59,13,2017,6,13,3,2,9,6,0,1,0,0,1,0,0,5.29941E+20,5.94869E+21,9.45337E+15,5.36861E+16
17266,3.17062E+18,3,4,51,1,2017,6,6,3,3,5,2,0,1,0,0,0,0,0,4.23462E+20,5.89111E+21,7.85516E+15,5.31638E+16
17267,3.17062E+18,3,4,51,4,2017,6,12,3,3,5,3,1,1,0,0,0,0,0,4.31799E+20,5.88662E+21,7.98079E+15,5.31246E+16
17268,3.17063E+18,3,3,58,16,2017,6,14,3,2,5,3,0,1,0,0,0,0,0,5.73012E+20,5.87084E+21,1.00875E+16,5.29822E+16
17269,3.17062E+18,3,4,51,4,2017,6,7,3,3,5,2,0,1,0,0,0,0,0,4.28346E+20,5.88638E+21,7.92925E+15,5.31221E+16
17270,3.17062E+18,3,4,3,0,2017,6,9,3,3,5,3,1,1,0,0,0,0,0,4.48473E+20,5.88767E+21,8.22978E+15,5.3136E+16
17271,3.17062E+18,3,2,51,26,2017,6,15,3,3,5,3,1,1,0,0,0,0,0,5.04379E+20,5.85853E+21,9.06507E+15,5.28764E+16
17272,3.17063E+18,3,3,57,57,2017,6,13,3,3,5,3,0,1,0,0,0,0,0,5.21398E+20,5.9039E+21,9.32096E+15,5.32839E+16
17273,3.17063E+18,3,2,41,1,2017,6,17,3,3,0,7,0,0,0,1,0,0,0,5.47033E+20,5.80318E+21,9.69093E+15,5.23769E+16
17274,3.17062E+18,3,2,51,43,2017,6,15,3,3,4,1,0,1,0,0,1,0,0,4.81344E+20,5.8291E+21,8.72447E+15,5.26116E+16
17275,3.17063E+18,3,2,41,21,2017,6,20,3,3,9,1,0,1,0,0,0,1,1,5.30831E+20,5.8108E+21,9.45363E+15,5.24465E+16
17276,3.17062E+18,3,4,61,7,2017,6,13,3,3,4,2,0,1,0,0,0,0,0,4.65294E+20,5.92858E+21,8.47672E+15,5.3505E+16
17277,3.17063E+18,3,2,41,20,2017,6,17,3,3,5,3,0,1,0,0,0,0,0,5.39144E+20,5.79262E+21,9.57381E+15,5.22825E+16
17278,3.17063E+18,3,2,41,8,2017,6,10,3,3,3,6,0,1,0,0,0,0,0,5.55953E+20,5.80876E+21,9.82289E+15,5.24262E+16
17279,3.17062E+18,3,4,58,13,2017,6,17,3,3,2,6,0,1,0,0,0,0,0,4.46863E+20,5.87648E+21,8.20756E+15,5.30352E+16
17280,3.17063E+18,3,2,41,1,2017,6,19,3,3,5,3,1,1,0,0,0,0,0,5.53287E+20,5.80271E+21,9.78271E+15,5.2372E+16
17281,3.17063E+18,3,2,41,17,2017,6,16,3,2,4,2,1,1,0,0,0,0,0,5.42925E+20,5.78485E+21,9.62824E+15,5.22124E+16
17282,3.17062E+18,3,4,1,0,2017,6,15,3,3,2,6,0,1,0,0,0,0,0,4.72836E+20,5.87723E+21,8.59483E+15,5.30439E+16
17283,3.17063E+18,3,2,41,1,2017,6,9,3,2,0,7,1,0,0,0,0,0,0,5.4916E+20,5.80337E+21,9.7222E+15,5.23784E+16
17284,3.17062E+18,3,3,52,59,2017,6,8,3,3,2,2,0,1,0,0,1,0,0,4.8689E+20,5.92199E+21,8.80261E+15,5.34468E+16
17285,3.17063E+18,3,2,57,31,2017,6,11,3,3,2,6,0,1,0,0,0,0,0,5.07879E+20,5.78259E+21,9.11527E+15,5.21937E+16
17286,3.17062E+18,3,3,52,62,2017,6,17,3,2,8,1,0,1,0,0,0,0,0,4.82361E+20,5.93674E+21,8.73359E+15,5.35792E+16
17287,3.17063E+18,3,2,54,2,2017,6,17,3,3,2,6,0,1,0,0,1,0,0,5.58014E+20,5.75773E+21,9.84445E+15,5.19672E+16
17288,3.17062E+18,3,3,53,7,2017,6,17,3,2,8,7,0,1,0,0,0,0,0,5.8725E+20,5.92073E+21,1.03132E+16,5.34284E+16
17289,3.17062E+18,3,3,53,35,2017,6,22,3,3,5,3,0,1,0,1,0,1,0,5.47504E+20,5.90378E+21,9.7125E+15,5.32811E+16
17290,3.17062E+18,3,3,59,25,2017,6,4,3,1,9,1,0,1,0,0,0,0,0,5.18734E+20,5.93876E+21,9.28307E+15,5.35973E+16
17291,3.17062E+18,3,3,58,5,2017,6,19,3,2,2,6,0,0,0,0,1,0,0,5.47008E+20,5.83571E+21,9.69517E+15,5.26693E+16
17292,3.17062E+18,3,3,58,22,2017,6,12,3,3,5,3,1,1,0,0,0,0,0,5.40041E+20,5.8567E+21,9.5947E+15,5.28585E+16
17293,3.17063E+18,3,2,54,2,2017,6,13,3,2,5,3,0,1,0,1,0,0,0,5.59073E+20,5.76139E+21,9.8605E+15,5.2E+16
17294,3.17062E+18,3,3,58,19,2017,6,11,3,3,5,3,0,1,0,0,0,0,0,5.54318E+20,5.89173E+21,9.81263E+15,5.31722E+16
17295,3.17062E+18,3,3,57,21,2017,6,22,3,3,7,7,0,0,0,1,0,2,0,5.24605E+20,5.90949E+21,9.36949E+15,5.3334E+16
17296,3.17063E+18,3,2,54,2,2017,6,8,3,2,9,7,0,0,0,0,1,0,0,5.55805E+20,5.75912E+21,9.81252E+15,5.19799E+16
17297,3.17062E+18,3,3,57,51,2017,6,16,3,3,5,2,0,1,0,0,0,0,0,5.3895E+20,5.87081E+21,9.5802E+15,5.29855E+16
17298,3.17062E+18,3,3,57,37,2017,6,17,3,3,3,6,0,1,0,0,1,0,0,5.14464E+20,5.88681E+21,9.21618E+15,5.31305E+16
17299,3.17063E+18,3,1,59,29,2017,6,14,3,3,9,1,0,1,0,0,0,0,0,5.5825E+20,5.70384E+21,9.83887E+15,5.14827E+16
17300,3.17062E+18,3,3,55,16,2017,6,9,3,3,5,3,0,1,0,0,0,0,0,5.89982E+20,5.89387E+21,1.03467E+16,5.31865E+16
17301,3.17062E+18,3,3,51,6,2017,6,21,3,3,3,6,0,1,0,0,0,1,0,5.7312E+20,5.83212E+21,1.00805E+16,5.26342E+16
17302,3.17062E+18,3,3,51,6,2017,6,12,3,3,2,6,0,1,0,0,0,0,0,5.73745E+20,5.83081E+21,1.00894E+16,5.26223E+16
17303,3.17062E+18,3,2,41,1,2017,6,16,3,3,3,2,1,1,0,0,0,0,0,5.5155E+20,5.79847E+21,9.75655E+15,5.23341E+16
17304,3.17062E+18,3,2,41,14,2017,6,12,3,3,5,2,1,1,0,0,0,0,0,5.45342E+20,5.7984E+21,9.66545E+15,5.2334E+16
17305,3.17063E+18,3,1,58,37,2017,6,18,3,3,2,5,0,1,0,0,0,0,0,6.03908E+20,5.77767E+21,1.05184E+16,5.21398E+16
17306,3.17063E+18,3,1,53,18,2017,6,12,3,3,8,1,0,0,0,1,0,0,0,5.90317E+20,5.74023E+21,1.031E+16,5.18056E+16
17307,3.17062E+18,3,2,41,11,2017,6,18,3,3,6,6,0,0,1,1,0,0,0,5.67527E+20,5.80326E+21,9.99196E+15,5.23754E+16
17308,3.17063E+18,3,1,51,33,2017,6,19,3,3,5,3,0,1,0,0,0,0,0,5.96815E+20,5.82774E+21,1.04292E+16,5.2591E+16
17309,3.17062E+18,3,2,41,18,2017,6,16,3,3,2,6,0,1,0,0,0,0,0,5.85955E+20,5.81505E+21,1.02656E+16,5.24788E+16
17310,3.17063E+18,3,1,1,0,2017,6,9,3,3,2,6,0,0,0,0,1,0,0,6.0456E+20,5.79701E+21,1.05339E+16,5.23134E+16
17311,3.17063E+18,3,4,60,7,2017,6,17,2,3,3,6,0,1,0,0,1,0,0,4.36852E+20,5.81581E+21,8.06998E+15,5.24888E+16
17312,3.17062E+18,3,2,41,2,2017,6,15,3,2,4,6,1,0,0,0,0,0,0,5.34601E+20,5.79902E+21,9.50787E+15,5.23404E+16
17313,3.17062E+18,3,2,41,17,2017,6,16,3,2,4,6,0,1,0,0,1,0,0,5.4579E+20,5.78854E+21,9.67068E+15,5.22454E+16
17314,3.17063E+18,3,4,59,24,2017,6,7,2,2,8,7,0,1,0,0,0,0,1,4.51659E+20,5.78914E+21,8.29187E+15,5.22505E+16
17315,3.17063E+18,3,4,59,26,2017,6,20,2,3,5,3,0,1,0,0,0,0,0,4.17428E+20,5.81336E+21,7.78458E+15,5.24642E+16
17316,3.17062E+18,3,2,41,3,2017,6,13,3,1,2,6,0,1,0,0,1,0,0,5.71856E+20,5.8136E+21,1.00578E+16,5.24678E+16
17317,3.17063E+18,3,4,59,18,2017,6,6,2,3,2,2,0,1,0,0,0,0,1,4.31451E+20,5.82503E+21,7.98855E+15,5.2571E+16
17318,3.17062E+18,3,2,41,19,2017,6,14,3,3,3,6,0,1,0,0,0,0,0,5.51857E+20,5.81784E+21,9.76406E+15,5.25082E+16
17319,3.17063E+18,3,4,54,14,2017,6,11,2,3,4,2,0,1,0,0,0,0,0,3.8586E+20,5.83161E+21,7.31382E+15,5.26225E+16
17320,3.17062E+18,3,2,57,3,2017,6,13,3,2,2,6,0,0,0,0,1,0,0,5.12388E+20,5.78503E+21,9.18133E+15,5.22156E+16
17321,3.17062E+18,3,2,41,1,2017,6,14,3,3,3,6,0,1,0,0,1,0,0,5.44888E+20,5.80867E+21,9.66016E+15,5.24264E+16
17322,3.17062E+18,3,1,55,12,2017,6,8,3,3,9,1,0,0,0,1,0,0,0,5.42477E+20,5.72054E+21,9.61375E+15,5.16343E+16
17323,3.17072E+18,3,3,59,25,2017,7,11,2,3,2,6,0,1,0,0,1,0,0,5.20482E+20,5.94049E+21,9.3096E+15,5.36128E+16
17324,3.17071E+18,3,2,41,21,2017,7,9,2,3,8,1,0,1,0,0,0,0,1,5.31683E+20,5.81167E+21,9.46625E+15,5.24543E+16
17325,3.17072E+18,3,3,59,36,2017,7,13,2,3,5,3,0,1,0,0,0,0,0,5.16471E+20,5.93795E+21,9.24884E+15,5.35901E+16
17326,3.17072E+18,3,3,57,50,2017,7,10,2,3,8,1,0,0,0,0,1,0,0,5.35769E+20,5.90986E+21,9.53718E+15,5.33367E+16
17327,3.17072E+18,3,3,57,8,2017,7,13,2,3,5,3,1,1,0,0,0,0,0,5.11949E+20,5.92009E+21,9.17984E+15,5.34297E+16
17328,3.17072E+18,3,3,57,18,2017,7,9,2,3,8,7,0,0,0,0,1,0,0,5.20007E+20,5.89485E+21,9.29952E+15,5.32026E+16
17329,3.17072E+18,3,3,55,30,2017,7,16,2,3,9,7,0,0,0,0,1,0,0,6.05578E+20,5.89765E+21,1.05812E+16,5.32177E+16
17330,3.17071E+18,3,2,41,1,2017,7,18,2,2,5,3,1,1,0,0,0,0,0,5.49501E+20,5.80206E+21,9.72701E+15,5.23666E+16
17331,3.17072E+18,3,3,51,24,2017,7,17,2,3,2,2,0,1,0,0,0,0,0,5.62045E+20,5.84037E+21,9.91838E+15,5.27097E+16
17332,3.17072E+18,3,2,41,1,2017,7,6,2,3,8,1,0,0,0,0,1,0,1,5.42796E+20,5.80814E+21,9.62932E+15,5.24218E+16
17333,3.17071E+18,3,2,41,10,2017,7,13,2,3,9,1,0,1,0,0,0,0,1,5.49726E+20,5.81609E+21,9.73241E+15,5.24927E+16
17334,3.17072E+18,3,2,41,1,2017,7,8,2,3,0,3,1,1,0,0,0,0,0,5.49713E+20,5.80233E+21,9.73017E+15,5.23689E+16
17335,3.17071E+18,3,2,41,1,2017,7,9,2,3,2,6,0,1,0,0,0,0,1,5.56527E+20,5.80838E+21,9.83126E+15,5.24227E+16
17336,3.17071E+18,3,2,41,1,2017,7,7,2,3,6,4,1,0,1,0,0,0,1,5.50241E+20,5.80227E+21,9.73792E+15,5.23684E+16
17337,3.17072E+18,3,2,41,1,2017,7,10,2,3,3,6,0,1,0,1,0,0,0,5.51875E+20,5.79978E+21,9.76153E+15,5.23459E+16
17338,3.17071E+18,3,1,55,13,2017,7,13,2,3,8,1,0,1,0,0,0,0,1,5.55991E+20,5.7446E+21,9.81288E+15,5.18494E+16
17339,3.17071E+18,3,1,55,7,2017,7,23,2,3,7,7,0,0,0,1,0,2,0,5.74908E+20,5.72715E+21,1.00837E+16,5.16903E+16
17340,3.17071E+18,3,2,57,31,2017,7,14,2,3,2,6,0,1,0,0,0,0,1,5.06042E+20,5.77986E+21,9.08834E+15,5.21691E+16
17341,3.17071E+18,3,2,56,29,2017,7,8,2,2,0,1,0,0,0,1,1,0,1,5.2814E+20,5.83364E+21,9.41597E+15,5.2652E+16
17342,3.17071E+18,3,2,41,16,2017,7,10,2,3,8,1,0,1,0,0,1,0,1,5.60504E+20,5.79444E+21,9.88722E+15,5.2297E+16
17343,3.17071E+18,3,2,55,23,2017,7,13,2,3,2,6,0,0,0,0,1,0,1,5.33432E+20,5.74141E+21,9.48507E+15,5.18226E+16
17344,3.17071E+18,3,2,52,6,2017,7,19,2,2,5,3,0,1,0,0,1,1,0,5.18812E+20,5.77589E+21,9.27484E+15,5.21332E+16
17345,3.17071E+18,3,1,55,9,2017,7,6,2,3,8,1,0,1,0,0,0,1,1,5.6401E+20,5.72564E+21,9.92579E+15,5.16781E+16
17346,3.17071E+18,3,1,58,2,2017,7,16,2,3,9,1,0,1,0,0,0,0,1,5.84222E+20,5.7712E+21,1.02292E+16,5.2085E+16
17347,3.17071E+18,3,1,57,1,2017,7,6,2,2,8,1,0,1,0,0,0,0,0,5.85653E+20,5.805E+21,1.02586E+16,5.23885E+16
17348,3.17071E+18,3,1,2,0,2017,7,22,2,3,4,2,0,1,0,0,0,2,0,5.90671E+20,5.77835E+21,1.03252E+16,5.21482E+16
17349,3.17072E+18,3,2,41,14,2017,7,18,2,3,6,6,1,0,1,0,0,0,0,5.45237E+20,5.79728E+21,9.66375E+15,5.23239E+16
17350,3.17071E+18,3,1,51,27,2017,7,5,2,3,9,1,0,1,0,0,0,1,0,5.97058E+20,5.803E+21,1.04256E+16,5.23687E+16
17351,3.17072E+18,3,2,41,2,2017,7,11,2,3,4,6,1,1,0,0,0,0,0,5.32235E+20,5.79449E+21,9.47272E+15,5.22998E+16
17352,3.17071E+18,3,1,57,8,2017,7,14,2,2,2,6,0,0,0,0,1,0,0,5.899E+20,5.79943E+21,1.03195E+16,5.23378E+16
17353,3.17072E+18,3,2,41,5,2017,7,20,2,3,2,6,0,1,0,0,0,0,0,5.41565E+20,5.80947E+21,9.61139E+15,5.24338E+16
17354,3.17072E+18,3,2,41,1,2017,7,18,2,3,2,6,0,1,0,0,0,0,0,5.55783E+20,5.80657E+21,9.82002E+15,5.24065E+16
17355,3.17071E+18,3,1,58,6,2017,7,3,2,2,2,6,0,1,0,0,1,2,0,6.17336E+20,5.79543E+21,1.07206E+16,5.22967E+16
17356,3.17071E+18,3,4,59,22,2017,7,8,1,3,3,6,0,1,0,0,0,0,0,4.41461E+20,5.78337E+21,8.14351E+15,5.21976E+16
17357,3.17072E+18,3,2,41,1,2017,7,16,2,3,5,3,1,0,0,0,1,0,0,5.52975E+20,5.79783E+21,9.77736E+15,5.23282E+16
17358,3.17072E+18,3,2,41,1,2017,7,15,2,3,2,6,0,1,0,0,0,0,0,5.50053E+20,5.80586E+21,9.73569E+15,5.24007E+16
17359,3.17071E+18,3,4,59,20,2017,7,18,1,2,4,2,1,1,0,0,0,0,0,4.26033E+20,5.78493E+21,7.91747E+15,5.22099E+16
17360,3.17071E+18,3,4,59,20,2017,7,13,1,3,8,1,0,0,0,1,0,0,0,4.32732E+20,5.78134E+21,8.01621E+15,5.21785E+16