OBJECTID,UIDENTSTLA,ULAND,UREGBEZ,UKREIS,UGEMEINDE,UJAHR,UMONAT,USTUNDE,UWOCHENTAG,UKATEGORIE,UART,UTYP1,IstRad,IstPKW,IstFuss,IstKrad,IstSonstig,LICHT,STRZUSTAND,LINREFX,LINREFY,XGCSWGS84,YGCSWGS84
17361,3.17072E+18,3,2,41,9,2017,7,10,2,3,2,6,0,1,0,0,1,0,0,5.54864E+20,5.7967E+21,9.8049E+15,5.23179E+16
17362,3.17071E+18,3,4,59,26,2017,7,16,1,3,5,3,0,1,0,0,0,0,0,4.20657E+20,5.81475E+21,7.83177E+15,5.24772E+16
17363,3.17071E+18,3,4,57,19,2017,7,16,1,3,5,2,0,1,0,0,0,0,0,4.10756E+20,5.90694E+21,7.66072E+15,5.33041E+16
17364,3.17072E+18,3,2,41,1,2017,7,10,2,3,3,7,1,0,0,0,1,0,0,5.51895E+20,5.79979E+21,9.76182E+15,5.23459E+16
17365,3.17071E+18,3,4,57,20,2017,7,14,1,3,5,3,1,1,0,0,0,0,0,4.16555E+20,5.90721E+21,7.74765E+15,5.33075E+16
17366,3.17072E+18,3,2,57,2,2017,7,4,2,2,2,6,0,0,0,0,1,2,1,5.23014E+20,5.79184E+21,9.33732E+15,5.22764E+16
17367,3.17071E+18,3,4,57,8,2017,7,14,1,3,4,2,0,1,0,0,0,0,0,4.0893E+20,5.90088E+21,7.63507E+15,5.32493E+16
17368,3.17071E+18,3,4,54,39,2017,7,19,1,3,8,1,0,1,0,0,0,0,0,3.82865E+20,5.85898E+21,7.25983E+15,5.28678E+16
17369,3.17072E+18,3,2,57,35,2017,7,7,2,2,5,3,0,1,0,0,0,0,1,5.14939E+20,5.79807E+21,9.21923E+15,5.23327E+16
17370,3.17071E+18,3,4,54,19,2017,7,9,1,2,8,1,0,1,0,0,0,0,0,3.90524E+20,5.84058E+21,7.37972E+15,5.27041E+16
17371,3.17071E+18,3,4,54,32,2017,7,14,1,3,8,1,0,1,0,0,0,0,0,3.92613E+20,5.81867E+21,7.41773E+15,5.25075E+16
17372,3.17071E+18,3,4,52,12,2017,7,15,1,3,0,6,0,0,1,1,0,0,0,3.93704E+20,5.91452E+21,7.40238E+15,5.33691E+16
17373,3.17071E+18,3,4,60,10,2017,7,23,1,3,8,1,0,1,0,0,0,2,0,4.50261E+20,5.85863E+21,8.26098E+15,5.28751E+16
17374,3.17071E+18,3,4,60,6,2017,7,20,1,3,2,6,0,1,0,0,1,0,0,4.47922E+20,5.83571E+21,8.22987E+15,5.26688E+16
17375,3.17071E+18,3,3,56,7,2017,7,0,1,3,5,3,0,1,0,1,0,2,0,4.86816E+20,5.89685E+21,8.80253E+15,5.32208E+16
17376,3.17072E+18,3,2,56,21,2017,7,17,2,2,4,2,0,1,0,0,0,0,0,5.10184E+20,5.83354E+21,9.15054E+15,5.26517E+16
17377,3.17072E+18,3,1,59,16,2017,7,16,2,3,2,2,0,1,0,0,0,0,0,5.61487E+20,5.70884E+21,9.88636E+15,5.15273E+16
17378,3.17071E+18,3,4,1,0,2017,7,17,1,3,8,7,0,1,0,0,0,0,0,4.76955E+20,5.87577E+21,8.65636E+15,5.3031E+16
17379,3.17072E+18,3,1,58,39,2017,7,7,2,3,5,3,0,1,0,0,1,0,1,6.0438E+20,5.765E+21,1.05214E+16,5.20258E+16
17380,3.17071E+18,3,4,1,0,2017,7,17,1,3,2,6,0,1,0,0,1,0,0,4.7691E+20,5.87579E+21,8.65569E+15,5.30311E+16
17381,3.17072E+18,3,1,2,0,2017,7,17,2,3,0,7,0,0,1,0,1,0,0,5.92986E+20,5.77376E+21,1.03577E+16,5.21065E+16
17382,3.17072E+18,3,1,57,2,2017,7,15,2,2,5,3,1,1,0,0,0,0,0,5.74212E+20,5.79539E+21,1.00884E+16,5.23038E+16
17383,3.17071E+18,3,4,61,3,2017,7,19,1,2,8,1,0,0,0,1,0,0,0,4.49818E+20,5.93372E+21,8.24259E+15,5.355E+16
17384,3.17072E+18,3,1,53,17,2017,7,19,2,3,1,5,0,1,0,0,0,0,0,6.01717E+20,5.75154E+21,1.04786E+16,5.19053E+16
17385,3.17072E+18,3,1,51,11,2017,7,19,2,3,5,3,0,1,0,0,0,0,0,6.08319E+20,5.84373E+21,1.06042E+16,5.27326E+16
17386,3.17071E+18,3,4,1,0,2017,7,22,1,3,5,3,1,1,0,0,0,1,0,4.75426E+20,5.87805E+21,8.63339E+15,5.30514E+16
17387,3.17072E+18,3,1,51,27,2017,7,18,2,2,5,3,0,1,0,0,0,0,0,5.96877E+20,5.80097E+21,1.04223E+16,5.23504E+16
17388,3.17072E+18,3,4,57,19,2017,7,19,1,2,4,2,0,1,0,0,0,0,0,4.10196E+20,5.90729E+21,7.65222E+15,5.33072E+16
17389,3.17071E+18,3,3,53,26,2017,7,4,1,2,9,1,0,1,0,0,0,1,0,5.53171E+20,5.92347E+21,9.80079E+15,5.34575E+16
17390,3.17072E+18,3,4,56,14,2017,7,15,1,3,4,6,0,1,0,1,0,0,0,3.62874E+20,5.82016E+21,6.9792E+15,5.25143E+16
17391,3.17071E+18,3,3,53,42,2017,7,11,1,2,5,3,1,1,0,0,0,0,0,5.7723E+20,5.90646E+21,1.01589E+16,5.33017E+16
17392,3.17072E+18,3,4,54,54,2017,7,20,1,3,8,1,0,1,0,0,0,0,0,3.70418E+20,5.83493E+21,7.08454E+15,5.26488E+16
17393,3.17071E+18,3,3,53,40,2017,7,13,1,3,2,2,1,0,0,0,0,0,0,5.81851E+20,5.91448E+21,1.02303E+16,5.33731E+16
17394,3.17071E+18,3,3,59,12,2017,7,12,1,3,5,3,1,1,0,0,0,0,0,5.37683E+20,5.933E+21,9.56869E+15,5.35445E+16
17395,3.17071E+18,3,3,59,22,2017,7,20,1,3,8,1,0,1,0,0,0,0,0,5.27656E+20,5.94203E+21,9.41818E+15,5.36263E+16
17396,3.17071E+18,3,3,58,7,2017,7,19,1,3,2,6,0,1,0,0,0,0,0,5.46327E+20,5.83949E+21,9.68563E+15,5.27033E+16
17397,3.17071E+18,3,3,58,16,2017,7,11,1,3,2,6,0,1,0,0,0,0,0,5.68025E+20,5.87463E+21,1.0014E+16,5.30169E+16
17398,3.17072E+18,3,4,52,19,2017,7,20,1,3,8,1,0,1,0,0,0,0,0,3.80369E+20,5.94281E+21,7.19129E+15,5.36204E+16
17399,3.17071E+18,3,3,58,2,2017,7,11,1,3,2,6,0,1,0,0,0,0,0,5.73704E+20,5.88281E+21,1.01005E+16,5.30896E+16
17400,3.17071E+18,3,3,58,19,2017,7,21,1,3,5,3,1,1,0,0,0,1,0,5.53809E+20,5.8849E+21,9.80386E+15,5.31108E+16
17401,3.17071E+18,3,3,57,44,2017,7,21,1,3,3,6,0,1,0,0,0,0,0,5.3396E+20,5.90494E+21,9.50949E+15,5.32926E+16
17402,3.17071E+18,3,3,54,9,2017,7,10,1,3,5,3,0,1,0,0,1,0,0,6.3702E+20,5.88858E+21,1.10479E+16,5.3129E+16
17403,3.17071E+18,3,3,54,18,2017,7,10,1,2,6,4,0,1,1,0,0,0,0,6.4571E+20,5.86966E+21,1.11692E+16,5.29567E+16
17404,3.17071E+18,3,3,55,9,2017,7,14,1,3,2,6,0,0,0,1,0,0,0,6.15606E+20,5.90652E+21,1.07346E+16,5.32953E+16
17405,3.17072E+18,3,4,60,8,2017,7,19,1,3,2,6,0,1,0,0,0,0,1,4.46504E+20,5.82524E+21,8.21059E+15,5.25746E+16
17406,3.17071E+18,3,2,41,1,2017,7,18,1,3,2,6,0,1,0,0,0,0,0,5.49949E+20,5.80233E+21,9.73364E+15,5.2369E+16
17407,3.17072E+18,3,4,55,20,2017,7,9,1,3,0,7,0,1,0,1,0,0,1,4.28311E+20,5.94595E+21,7.9152E+15,5.36574E+16
17408,3.17072E+18,3,3,61,3,2017,7,12,1,3,8,1,0,0,0,1,0,0,1,5.14699E+20,5.86083E+21,9.2185E+15,5.2897E+16
17409,3.17072E+18,3,3,61,3,2017,7,21,1,3,8,1,0,1,0,0,0,1,1,5.19283E+20,5.858E+21,9.28648E+15,5.28714E+16
17410,3.17072E+18,3,2,51,15,2017,7,22,1,3,9,1,0,1,0,0,0,0,1,4.77415E+20,5.8464E+21,8.66526E+15,5.2767E+16
17411,3.17071E+18,3,2,41,1,2017,7,13,1,3,0,7,1,0,0,0,0,0,0,5.50728E+20,5.80217E+21,9.74505E+15,5.23675E+16
17412,3.17072E+18,3,3,52,11,2017,7,10,1,3,6,7,0,1,1,0,0,0,1,4.76937E+20,5.97024E+21,8.64916E+15,5.38802E+16
17413,3.17071E+18,3,2,41,1,2017,7,17,1,3,2,2,0,1,0,0,0,0,0,5.51764E+20,5.79859E+21,9.75972E+15,5.23352E+16
17414,3.17071E+18,3,2,41,17,2017,7,12,1,3,8,1,0,0,0,1,0,0,0,5.42655E+20,5.77989E+21,9.62367E+15,5.21679E+16
17415,3.17071E+18,3,2,41,7,2017,7,17,1,3,8,1,0,0,0,1,0,0,0,5.50522E+20,5.79459E+21,9.74089E+15,5.22993E+16
17416,3.17071E+18,3,2,41,1,2017,7,13,1,3,2,2,0,1,0,0,0,0,0,5.47583E+20,5.79971E+21,9.69851E+15,5.23456E+16
17417,3.17071E+18,3,2,41,1,2017,7,13,1,3,5,2,0,1,0,0,0,0,0,5.4866E+20,5.80144E+21,9.71458E+15,5.23611E+16
17418,3.17072E+18,3,3,58,17,2017,7,2,1,3,9,1,0,1,0,0,0,2,0,5.51688E+20,5.87521E+21,9.77063E+15,5.3024E+16
17419,3.17071E+18,3,1,55,11,2017,7,9,1,3,0,3,0,1,0,1,0,0,0,5.69161E+20,5.72973E+21,1.00011E+16,5.17143E+16
17420,3.17071E+18,3,2,54,43,2017,7,3,1,3,7,7,0,1,0,0,0,2,0,5.51774E+20,5.76689E+21,9.75502E+15,5.20502E+16
17421,3.17071E+18,3,2,54,42,2017,7,14,1,3,5,3,0,1,0,0,0,0,0,5.64904E+20,5.75414E+21,9.94405E+15,5.19342E+16
17422,3.17071E+18,3,2,54,41,2017,7,11,1,2,9,7,0,0,0,1,0,0,0,5.44781E+20,5.75791E+21,9.65188E+15,5.19701E+16
17423,3.17071E+18,3,2,54,21,2017,7,21,1,2,8,7,0,1,0,0,0,1,0,5.70542E+20,5.77697E+21,1.00307E+16,5.21388E+16
17424,3.17071E+18,3,2,55,8,2017,7,10,1,3,0,1,0,0,0,1,0,0,1,5.51848E+20,5.75649E+21,9.75453E+15,5.19567E+16
17425,3.17072E+18,3,3,51,21,2017,7,22,1,2,8,1,0,1,0,0,0,2,1,5.79105E+20,5.82215E+21,1.01665E+16,5.25436E+16
17426,3.17072E+18,3,2,41,1,2017,7,18,1,3,2,6,0,1,0,0,0,0,0,5.52702E+20,5.80259E+21,9.7741E+15,5.2371E+16
17427,3.17071E+18,3,2,55,33,2017,7,2,1,2,9,1,0,1,0,0,0,2,0,5.28009E+20,5.74986E+21,9.40708E+15,5.18988E+16
17428,3.17072E+18,3,2,41,13,2017,7,14,1,3,5,2,0,1,0,0,0,0,0,5.49476E+20,5.78832E+21,9.72463E+15,5.22431E+16
17429,3.17071E+18,3,2,52,8,2017,7,14,1,2,1,2,0,1,0,0,0,0,0,5.3858E+20,5.76986E+21,9.56296E+15,5.2078E+16
17430,3.17072E+18,3,2,41,12,2017,7,17,1,3,5,3,0,1,0,0,0,0,0,5.31327E+20,5.81324E+21,9.46116E+15,5.24684E+16
17431,3.17072E+18,3,2,41,12,2017,7,12,1,3,4,6,1,0,0,1,0,0,0,5.27976E+20,5.81731E+21,9.41218E+15,5.25052E+16
17432,3.17071E+18,3,2,52,8,2017,7,14,1,3,5,3,1,1,0,0,0,0,0,5.43503E+20,5.77129E+21,9.63498E+15,5.20905E+16
17433,3.17072E+18,3,2,41,16,2017,7,13,1,3,4,1,0,1,0,0,0,0,0,5.62607E+20,5.79938E+21,9.91899E+15,5.23412E+16
17434,3.17072E+18,3,1,55,13,2017,7,3,1,3,9,1,0,1,0,0,0,2,0,5.59687E+20,5.73629E+21,9.86509E+15,5.17743E+16
17435,3.17071E+18,3,2,52,5,2017,7,7,1,3,8,1,0,1,0,0,0,0,0,5.28639E+20,5.76771E+21,9.41772E+15,5.20593E+16
17436,3.17071E+18,3,1,58,2,2017,7,8,1,3,5,2,0,1,0,1,0,0,1,5.87122E+20,5.76889E+21,1.02709E+16,5.20637E+16
17437,3.17072E+18,3,1,55,13,2017,7,13,1,3,9,1,0,1,0,0,0,0,0,5.59569E+20,5.74564E+21,9.865E+15,5.18584E+16
17438,3.17072E+18,3,2,57,11,2017,7,22,1,3,7,7,0,0,0,1,0,2,1,5.2727E+20,5.80502E+21,9.40076E+15,5.23947E+16
17439,3.17071E+18,3,1,51,17,2017,7,12,1,3,5,3,0,1,0,0,0,0,0,5.92582E+20,5.81529E+21,1.03633E+16,5.24799E+16
17440,3.17072E+18,3,2,54,26,2017,7,11,1,3,0,7,1,0,0,0,1,0,0,5.55184E+20,5.78272E+21,9.80731E+15,5.21922E+16
17441,3.17071E+18,3,4,59,8,2017,7,18,7,2,0,7,1,0,0,0,0,0,0,4.40701E+20,5.79563E+21,8.13024E+15,5.23078E+16
17442,3.17071E+18,3,4,59,24,2017,7,17,7,3,0,1,1,0,0,0,0,0,0,4.55742E+20,5.78239E+21,8.35256E+15,5.21902E+16
17443,3.17071E+18,3,4,59,12,2017,7,15,7,3,5,3,1,1,0,0,0,0,0,4.48351E+20,5.79252E+21,8.2429E+15,5.22806E+16
17444,3.17071E+18,3,4,59,8,2017,7,12,7,2,7,7,0,1,0,0,1,0,0,4.40343E+20,5.79713E+21,8.12471E+15,5.23212E+16
17445,3.17071E+18,3,4,59,19,2017,7,14,7,3,5,3,0,1,0,0,0,0,0,4.36532E+20,5.7876E+21,8.0706E+15,5.22352E+16
17446,3.17071E+18,3,4,4,0,2017,7,16,7,3,2,6,0,1,0,0,0,0,0,4.33467E+20,5.79383E+21,8.0245E+15,5.22908E+16
17447,3.17071E+18,3,4,4,0,2017,7,11,7,2,2,6,0,1,0,0,1,0,0,4.3379E+20,5.78807E+21,8.03037E+15,5.22391E+16
17448,3.17071E+18,3,4,54,57,2017,7,22,7,3,2,6,0,1,0,0,0,1,0,4.12004E+20,5.85653E+21,7.69324E+15,5.28514E+16
17449,3.17071E+18,3,4,56,15,2017,7,11,7,3,5,3,0,1,0,0,0,0,0,3.69688E+20,5.81179E+21,7.08283E+15,5.24407E+16
17450,3.17071E+18,3,4,62,3,2017,7,11,7,3,2,6,0,1,0,0,1,0,0,4.08621E+20,5.94729E+21,7.61695E+15,5.36664E+16
17451,3.17071E+18,3,4,60,5,2017,7,20,7,2,4,6,0,1,0,0,1,0,0,4.39143E+20,5.82786E+21,8.1015E+15,5.25973E+16
17452,3.17071E+18,3,3,61,1,2017,7,15,7,3,5,3,0,1,0,0,0,0,0,5.03485E+20,5.87268E+21,9.05193E+15,5.30037E+16
17453,3.17071E+18,3,3,61,12,2017,7,14,7,3,9,1,0,1,0,0,0,0,1,5.155E+20,5.86384E+21,9.23056E+15,5.2924E+16
17454,3.17071E+18,3,3,61,12,2017,7,10,7,3,2,6,0,1,0,0,0,0,0,5.16914E+20,5.86889E+21,9.25186E+15,5.29693E+16
17455,3.17072E+18,3,2,55,2,2017,7,14,1,3,2,6,0,1,0,1,0,0,0,5.36633E+20,5.74634E+21,9.53204E+15,5.18667E+16
17456,3.17071E+18,3,2,51,44,2017,7,5,7,3,9,7,0,1,0,0,0,1,0,4.70625E+20,5.82465E+21,8.56657E+15,5.25711E+16
17457,3.17072E+18,3,2,52,5,2017,7,6,1,3,8,1,0,1,0,0,0,0,0,5.28683E+20,5.76799E+21,9.41839E+15,5.20617E+16
17458,3.17072E+18,3,2,52,6,2017,7,2,1,3,7,7,0,1,1,0,0,2,0,5.24852E+20,5.77269E+21,9.36285E+15,5.21042E+16
17459,3.17071E+18,3,4,58,5,2017,7,23,7,3,8,1,0,1,0,0,0,2,0,4.6826E+20,5.88197E+21,8.5261E+15,5.30863E+16
17460,3.17072E+18,3,1,3,0,2017,7,11,1,3,3,6,0,1,0,0,0,0,0,6.24059E+20,5.81148E+21,1.08251E+16,5.24394E+16
17461,3.17072E+18,3,1,53,2,2017,7,12,1,3,8,1,0,0,0,1,0,0,0,6.05648E+20,5.74489E+21,1.05337E+16,5.18448E+16
17462,3.17071E+18,3,3,52,60,2017,7,12,7,2,8,1,0,1,0,0,0,0,1,4.74589E+20,5.90876E+21,8.61847E+15,5.33274E+16
17463,3.17071E+18,3,3,52,11,2017,7,5,7,3,8,1,0,1,0,0,0,1,1,4.73087E+20,5.96401E+21,8.59114E+15,5.38239E+16
17464,3.17072E+18,3,1,53,2,2017,7,10,1,3,8,1,0,1,0,0,0,0,0,6.12516E+20,5.7511E+21,1.06354E+16,5.18993E+16
17465,3.17072E+18,3,1,53,17,2017,7,7,1,2,8,1,0,1,0,0,0,0,0,5.9459E+20,5.75919E+21,1.03771E+16,5.19754E+16
17466,3.17071E+18,3,3,58,22,2017,7,11,7,3,2,6,0,1,0,0,0,0,0,5.45533E+20,5.8499E+21,9.67532E+15,5.2797E+16
17467,3.17071E+18,3,3,58,7,2017,7,13,7,3,1,5,0,1,0,0,0,0,0,5.44746E+20,5.83968E+21,9.66226E+15,5.27052E+16
17468,3.17072E+18,3,1,1,0,2017,7,9,1,2,4,7,0,1,0,0,1,0,0,6.04297E+20,5.80055E+21,1.05311E+16,5.23453E+16
17469,3.17071E+18,3,3,58,21,2017,7,15,7,3,2,6,0,1,0,1,0,0,1,5.60757E+20,5.87192E+21,9.90521E+15,5.29934E+16
17470,3.17072E+18,3,4,59,15,2017,7,17,7,3,3,6,0,1,0,0,1,0,0,4.44396E+20,5.77301E+21,8.18814E+15,5.21048E+16
17471,3.17071E+18,3,3,57,16,2017,7,11,7,3,2,2,0,1,0,1,0,0,0,5.00394E+20,5.91425E+21,9.00593E+15,5.33774E+16
17472,3.17071E+18,3,3,57,5,2017,7,14,7,3,2,2,0,1,0,0,0,0,1,5.21743E+20,5.88946E+21,9.32515E+15,5.3154E+16
17473,3.17071E+18,3,3,57,23,2017,7,7,7,3,7,7,0,1,0,0,0,0,1,5.32719E+20,5.89482E+21,9.48982E+15,5.32017E+16
17474,3.17072E+18,3,4,4,0,2017,7,16,7,3,2,6,0,1,0,0,0,0,0,4.34874E+20,5.79044E+21,8.04578E+15,5.22605E+16
17475,3.17071E+18,3,3,51,6,2017,7,12,7,3,9,1,0,1,0,0,0,0,0,5.71452E+20,5.82798E+21,1.00549E+16,5.25972E+16
17476,3.17072E+18,3,4,4,0,2017,7,14,7,3,1,5,1,1,0,0,0,0,0,4.36395E+20,5.79276E+21,8.06762E+15,5.22815E+16
17477,3.17072E+18,3,4,56,25,2017,7,7,7,3,9,1,0,1,0,0,0,0,0,3.81577E+20,5.81465E+21,7.25664E+15,5.24692E+16
17478,3.17072E+18,3,4,54,18,2017,7,0,7,3,0,1,0,0,0,0,1,2,1,3.7909E+20,5.84575E+21,7.20867E+15,5.2748E+16
17479,3.17072E+18,3,4,56,25,2017,7,9,7,3,2,6,0,1,0,0,0,0,0,3.7856E+20,5.81606E+21,7.21174E+15,5.24811E+16
17480,3.17071E+18,3,2,41,1,2017,7,20,7,3,2,6,0,1,0,0,0,0,0,5.49843E+20,5.80813E+21,9.73294E+15,5.24211E+16
17481,3.17072E+18,3,4,62,1,2017,7,12,7,3,5,3,0,1,0,0,0,0,0,4.05035E+20,5.93864E+21,7.56534E+15,5.3588E+16
17482,3.17071E+18,3,2,56,32,2017,7,9,7,2,2,7,0,0,0,1,1,0,0,5.0516E+20,5.81919E+21,9.07605E+15,5.25228E+16
17483,3.17072E+18,3,4,62,5,2017,7,11,7,2,7,7,1,0,0,0,0,0,0,4.21232E+20,5.92661E+21,7.81299E+15,5.34826E+16
17484,3.17071E+18,3,2,57,9,2017,7,20,7,2,6,4,0,1,1,0,0,0,0,5.02465E+20,5.79026E+21,9.03612E+15,5.22627E+16
17485,3.17072E+18,3,4,62,19,2017,7,13,7,3,4,1,0,1,0,0,0,0,0,4.19065E+20,5.93613E+21,7.77788E+15,5.35678E+16
17486,3.17071E+18,3,2,54,8,2017,7,16,7,2,8,7,0,0,0,1,0,0,0,5.78067E+20,5.76755E+21,1.01385E+16,5.20531E+16
17487,3.17071E+18,3,2,52,1,2017,7,21,7,3,7,7,0,0,0,1,0,0,0,5.1426E+20,5.76942E+21,9.20807E+15,5.20752E+16
17488,3.17071E+18,3,1,54,8,2017,7,12,7,2,8,1,0,0,0,0,1,0,0,6.36977E+20,5.7959E+21,1.10087E+16,5.22964E+16
17489,3.17071E+18,3,1,3,0,2017,7,0,7,3,9,1,0,1,0,0,0,2,1,6.2711E+20,5.81506E+21,1.08713E+16,5.24709E+16
17490,3.17072E+18,3,4,52,14,2017,7,14,7,2,5,2,0,1,0,1,0,0,0,3.73165E+20,5.92896E+21,7.08804E+15,5.34943E+16
17491,3.17071E+18,3,1,2,0,2017,7,13,7,3,9,1,0,1,0,0,0,0,0,5.94395E+20,5.77014E+21,1.03773E+16,5.20738E+16
17492,3.17071E+18,3,1,57,9,2017,7,17,7,3,5,3,0,1,0,1,0,0,0,5.79293E+20,5.78928E+21,1.01615E+16,5.22482E+16
17493,3.17071E+18,3,4,59,24,2017,7,6,6,3,0,1,0,0,0,1,0,0,1,4.54582E+20,5.78275E+21,8.33555E+15,5.21933E+16
17494,3.17071E+18,3,4,59,8,2017,7,16,6,3,6,4,0,1,1,0,0,0,1,4.40949E+20,5.79598E+21,8.1338E+15,5.2311E+16
17495,3.17071E+18,3,4,59,8,2017,7,12,6,2,5,3,0,1,0,1,0,0,0,4.42037E+20,5.79722E+21,8.14955E+15,5.23222E+16
17496,3.17071E+18,3,4,59,18,2017,7,17,6,3,5,3,0,1,0,0,0,0,0,4.3194E+20,5.82541E+21,7.99568E+15,5.25745E+16
17497,3.17071E+18,3,4,4,0,2017,7,20,6,3,2,6,0,1,0,1,0,0,0,4.37145E+20,5.79315E+21,8.07855E+15,5.22851E+16
17498,3.17071E+18,3,4,4,0,2017,7,15,6,3,6,4,0,1,1,0,0,0,0,4.36257E+20,5.79271E+21,8.06561E+15,5.22811E+16
17499,3.17071E+18,3,4,54,21,2017,7,13,6,2,3,2,1,1,0,0,0,0,0,4.05198E+20,5.8369E+21,7.59788E+15,5.26737E+16
17500,3.17071E+18,3,4,62,19,2017,7,19,6,3,5,3,1,1,0,0,0,0,0,4.20101E+20,5.93657E+21,7.79341E+15,5.35719E+16
17501,3.17071E+18,3,4,62,5,2017,7,16,6,3,5,3,0,1,0,0,0,0,0,4.22803E+20,5.92363E+21,7.83739E+15,5.3456E+16
17502,3.17072E+18,3,4,53,12,2017,7,14,7,3,5,2,0,1,0,1,0,0,0,4.30764E+20,5.85622E+21,7.97184E+15,5.28513E+16
17503,3.17071E+18,3,4,52,6,2017,7,16,6,2,8,1,0,0,0,0,1,0,0,4.0686E+20,5.92197E+21,7.59785E+15,5.34385E+16
17504,3.17071E+18,3,4,52,12,2017,7,4,6,3,9,1,0,1,0,0,0,1,0,3.92917E+20,5.92395E+21,7.38736E+15,5.34537E+16
17505,3.17072E+18,3,4,55,14,2017,7,10,7,3,5,3,1,1,0,0,0,0,1,4.3467E+20,5.9284E+21,8.01509E+15,5.35005E+16
17506,3.17071E+18,3,4,53,5,2017,7,12,6,3,5,3,0,1,0,0,1,0,0,4.4815E+20,5.85638E+21,8.22997E+15,5.28546E+16
17507,3.17072E+18,3,4,51,1,2017,7,23,7,2,4,2,0,1,0,0,0,2,0,4.20115E+20,5.89265E+21,7.80472E+15,5.31772E+16
17508,3.17071E+18,3,3,56,5,2017,7,15,6,3,5,3,0,1,0,0,1,0,0,4.9394E+20,5.88885E+21,8.90939E+15,5.3149E+16
17509,3.17071E+18,3,3,61,2,2017,7,14,6,3,2,6,0,1,0,0,0,0,0,5.10611E+20,5.8627E+21,9.1578E+15,5.29139E+16
17510,3.17072E+18,3,2,51,47,2017,7,11,7,3,5,3,1,1,0,0,0,0,0,4.9127E+20,5.8707E+21,8.86996E+15,5.29858E+16
17511,3.17072E+18,3,2,51,41,2017,7,17,7,3,5,3,1,1,0,0,0,0,0,4.88447E+20,5.86334E+21,8.82817E+15,5.29196E+16
17512,3.17072E+18,3,4,58,3,2017,7,7,7,2,3,1,0,1,0,1,0,0,0,4.6196E+20,5.86292E+21,8.43429E+15,5.29146E+16
17513,3.17072E+18,3,4,58,10,2017,7,2,7,3,2,6,0,1,0,0,1,2,0,4.52202E+20,5.88381E+21,8.28608E+15,5.31015E+16
17514,3.17071E+18,3,3,61,5,2017,7,11,6,3,5,3,1,1,0,0,0,0,0,5.21823E+20,5.86583E+21,9.32474E+15,5.29417E+16
17515,3.17072E+18,3,4,61,7,2017,7,17,7,1,4,6,0,1,0,0,0,0,0,4.63157E+20,5.92087E+21,8.44541E+15,5.34356E+16
17516,3.17071E+18,3,4,61,7,2017,7,12,6,3,0,7,0,0,0,0,1,0,0,4.66768E+20,5.92912E+21,8.49889E+15,5.351E+16
17517,3.17072E+18,3,4,58,10,2017,7,17,7,3,5,3,1,1,0,0,0,0,0,4.65054E+20,5.8837E+21,8.47805E+15,5.31016E+16
17518,3.17072E+18,3,4,1,0,2017,7,10,7,3,5,3,0,1,0,1,0,0,0,4.7869E+20,5.87864E+21,8.68204E+15,5.30568E+16
17519,3.17071E+18,3,4,58,10,2017,7,11,6,3,5,3,0,1,0,0,0,0,0,4.5592E+20,5.88595E+21,8.34132E+15,5.31212E+16
17520,3.17072E+18,3,3,59,10,2017,7,11,7,3,5,3,0,1,0,0,0,0,0,5.45323E+20,5.92422E+21,9.68272E+15,5.3465E+16
17521,3.17072E+18,3,3,58,4,2017,7,17,7,2,5,3,0,0,0,1,1,0,0,5.41662E+20,5.86269E+21,9.61955E+15,5.29122E+16
17522,3.17071E+18,3,4,1,0,2017,7,13,6,3,0,2,1,1,0,0,0,0,0,4.74756E+20,5.87953E+21,8.62328E+15,5.30646E+16
17523,3.17071E+18,3,3,52,59,2017,7,11,6,3,2,6,0,1,0,1,0,0,0,4.88841E+20,5.92222E+21,8.83197E+15,5.34489E+16
17524,3.17072E+18,3,3,58,22,2017,7,11,7,3,5,3,1,1,0,0,0,0,0,5.41103E+20,5.85757E+21,9.61059E+15,5.28663E+16
17525,3.17072E+18,3,3,58,22,2017,7,10,7,2,3,2,0,1,0,0,0,0,0,5.4445E+20,5.84762E+21,9.65896E+15,5.27766E+16
17526,3.17071E+18,3,3,52,59,2017,7,17,6,3,8,7,0,1,0,0,0,0,0,4.79625E+20,5.91857E+21,8.69344E+15,5.34158E+16
17527,3.17071E+18,3,3,52,62,2017,7,20,6,3,5,2,1,1,0,0,0,0,0,4.73352E+20,5.93856E+21,8.59736E+15,5.35952E+16
17528,3.17072E+18,3,3,57,17,2017,7,5,7,3,8,6,0,1,0,0,0,1,1,5.30536E+20,5.90267E+21,9.4579E+15,5.32724E+16
17529,3.17071E+18,3,3,52,22,2017,7,17,6,2,1,7,0,1,0,1,0,0,0,5.08995E+20,5.95033E+21,9.13625E+15,5.37016E+16
17530,3.17072E+18,3,3,60,2,2017,7,15,7,3,2,2,0,1,0,0,0,0,0,6.02422E+20,5.88221E+21,1.0529E+16,5.30795E+16
17531,3.17071E+18,3,3,53,31,2017,7,17,6,3,2,6,0,1,0,0,0,0,0,5.68566E+20,5.91616E+21,1.0031E+16,5.339E+16
17532,3.17072E+18,3,3,55,31,2017,7,14,7,3,5,3,1,0,0,0,0,0,0,5.91242E+20,5.90064E+21,1.03674E+16,5.32471E+16
17533,3.17071E+18,3,3,53,35,2017,7,13,6,3,5,3,1,1,0,0,0,0,0,5.46679E+20,5.90368E+21,9.70011E+15,5.32803E+16
17534,3.17071E+18,3,3,59,10,2017,7,12,6,3,5,3,1,1,0,0,0,0,0,5.40999E+20,5.92569E+21,9.61778E+15,5.34786E+16
17535,3.17072E+18,3,3,51,6,2017,7,11,7,3,2,6,0,1,0,0,0,0,0,5.76458E+20,5.83076E+21,1.01295E+16,5.26214E+16