OBJECTID,UIDENTSTLA,ULAND,UREGBEZ,UKREIS,UGEMEINDE,UJAHR,UMONAT,USTUNDE,UWOCHENTAG,UKATEGORIE,UART,UTYP1,IstRad,IstPKW,IstFuss,IstKrad,IstSonstig,LICHT,STRZUSTAND,LINREFX,LINREFY,XGCSWGS84,YGCSWGS84
17536,3.17071E+18,3,3,59,4,2017,7,23,6,3,9,1,0,1,0,0,0,2,0,5.05686E+20,5.9624E+21,9.08635E+15,5.38101E+16
17537,3.17072E+18,3,2,41,1,2017,7,10,7,3,2,6,0,1,0,0,0,0,0,5.4758E+20,5.79992E+21,9.69849E+15,5.23475E+16
17538,3.17072E+18,3,2,41,1,2017,7,9,7,3,6,4,1,0,1,0,0,0,0,5.50701E+20,5.80234E+21,9.74468E+15,5.2369E+16
17539,3.17072E+18,3,2,41,19,2017,7,13,7,3,2,6,1,0,0,0,0,0,0,5.49072E+20,5.82835E+21,9.72459E+15,5.2603E+16
17540,3.17072E+18,3,2,41,1,2017,7,22,7,2,2,6,0,1,0,0,0,2,0,5.48986E+20,5.79838E+21,9.71892E+15,5.23335E+16
17541,3.17071E+18,3,3,59,38,2017,7,14,6,3,2,6,0,1,0,0,0,0,0,5.28681E+20,5.93838E+21,9.43333E+15,5.35935E+16
17542,3.17071E+18,3,3,58,22,2017,7,11,6,3,9,1,0,1,0,0,0,0,0,5.45187E+20,5.84868E+21,9.67002E+15,5.2786E+16
17543,3.17072E+18,3,1,55,9,2017,7,21,7,3,9,1,0,0,0,1,0,0,0,5.61826E+20,5.73136E+21,9.89522E+15,5.17298E+16
17544,3.17072E+18,3,1,55,5,2017,7,12,7,3,8,1,0,1,0,0,0,0,1,5.5882E+20,5.72201E+21,9.85012E+15,5.1646E+16
17545,3.17072E+18,3,2,54,2,2017,7,22,7,2,6,4,0,1,1,0,0,2,0,5.54926E+20,5.7607E+21,9.79998E+15,5.19943E+16
17546,3.17072E+18,3,2,54,42,2017,7,19,7,2,2,6,0,1,0,1,0,0,0,5.66923E+20,5.75469E+21,9.97352E+15,5.19389E+16
17547,3.17072E+18,3,2,54,20,2017,7,16,7,3,2,6,0,1,0,1,0,0,0,5.63701E+20,5.78723E+21,9.93274E+15,5.22318E+16
17548,3.17072E+18,3,2,52,5,2017,7,15,7,2,0,1,0,0,0,1,0,0,0,5.23263E+20,5.76274E+21,9.33898E+15,5.20149E+16
17549,3.17071E+18,3,3,58,9,2017,7,20,6,2,9,1,0,1,0,0,0,0,1,5.27793E+20,5.84657E+21,9.41194E+15,5.27683E+16
17550,3.17072E+18,3,1,59,17,2017,7,10,7,3,4,1,0,1,0,0,0,0,0,5.47722E+20,5.69982E+21,9.68673E+15,5.14476E+16
17551,3.17071E+18,3,3,58,19,2017,7,11,6,3,5,3,0,1,0,0,0,0,0,5.46297E+20,5.88661E+21,9.6919E+15,5.31269E+16
17552,3.17072E+18,3,1,53,12,2017,7,21,7,3,5,2,0,1,0,1,0,0,0,5.81102E+20,5.74991E+21,1.01786E+16,5.18941E+16
17553,3.17071E+18,3,3,57,31,2017,7,23,6,2,9,1,0,0,0,1,0,2,0,5.29565E+20,5.8758E+21,9.44086E+15,5.30309E+16
17554,3.17072E+18,3,1,53,504,2017,7,17,7,3,9,1,0,0,0,1,0,0,0,6.01169E+20,5.74051E+21,1.04674E+16,5.18063E+16
17555,3.17071E+18,3,3,51,12,2017,7,11,6,2,8,6,0,1,0,0,0,0,0,5.65904E+20,5.83211E+21,9.97384E+15,5.26349E+16
17556,3.17071E+18,3,3,51,4,2017,7,13,6,3,2,6,0,1,0,0,1,0,0,5.65291E+20,5.85063E+21,9.96847E+15,5.28015E+16
17557,3.17072E+18,3,1,53,18,2017,7,15,7,3,5,3,0,1,0,1,0,0,0,6.05947E+20,5.74018E+21,1.05366E+16,5.18025E+16
17558,3.17071E+18,3,2,41,1,2017,7,18,6,3,2,6,0,1,0,0,0,0,0,5.48636E+20,5.8056E+21,9.71483E+15,5.23985E+16
17559,3.17071E+18,3,2,41,15,2017,7,9,6,3,4,7,0,1,0,0,0,0,0,5.40343E+20,5.80644E+21,9.59306E+15,5.24067E+16
17560,3.17072E+18,3,1,53,17,2017,7,6,7,3,8,7,0,1,0,0,0,0,1,6.04933E+20,5.75798E+21,1.05273E+16,5.19626E+16
17561,3.17071E+18,3,2,41,10,2017,7,21,6,3,5,3,1,1,0,0,0,1,1,5.49265E+20,5.81179E+21,9.72498E+15,5.2454E+16
17562,3.17071E+18,3,4,59,27,2017,7,20,6,3,8,1,0,1,0,0,0,0,0,4.22707E+20,5.81083E+21,7.86285E+15,5.24422E+16
17563,3.17071E+18,3,2,41,3,2017,7,21,6,3,9,1,0,1,0,0,0,2,1,5.6336E+20,5.81053E+21,9.93214E+15,5.24413E+16
17564,3.17071E+18,3,2,41,19,2017,7,21,6,2,8,1,0,1,0,0,0,1,1,5.52805E+20,5.82293E+21,9.77885E+15,5.25539E+16
17565,3.17071E+18,3,2,41,11,2017,7,14,6,3,2,6,0,1,0,0,1,0,0,5.75229E+20,5.8021E+21,1.01048E+16,5.2364E+16
17566,3.17071E+18,3,2,41,10,2017,7,6,6,1,5,3,1,1,0,0,0,0,0,5.49934E+20,5.81006E+21,9.73457E+15,5.24384E+16
17567,3.17071E+18,3,2,54,43,2017,7,5,6,3,4,1,0,1,0,0,0,1,0,5.56608E+20,5.77134E+21,9.82624E+15,5.20897E+16
17568,3.17071E+18,3,2,54,2,2017,7,13,6,3,4,6,0,1,0,0,0,0,0,5.56458E+20,5.76084E+21,9.82232E+15,5.19953E+16
17569,3.17071E+18,3,4,59,31,2017,7,14,6,2,5,3,0,1,0,1,0,0,0,4.34207E+20,5.81772E+21,8.03066E+15,5.25056E+16
17570,3.17071E+18,3,2,54,11,2017,7,3,6,2,5,1,0,1,0,0,0,2,0,5.66932E+20,5.77373E+21,9.97738E+15,5.211E+16
17571,3.17071E+18,3,4,54,31,2017,7,16,6,2,4,1,0,1,0,0,0,0,1,4.00985E+20,5.82463E+21,7.53926E+15,5.25627E+16
17572,3.17071E+18,3,4,53,7,2017,7,17,6,3,5,2,0,1,0,0,0,0,1,4.28232E+20,5.88115E+21,7.92872E+15,5.3075E+16
17573,3.17071E+18,3,1,55,11,2017,7,18,6,3,2,6,0,1,0,0,0,0,0,5.70975E+20,5.73649E+21,1.00287E+16,5.17748E+16
17574,3.17071E+18,3,4,53,3,2017,7,21,6,3,8,7,0,1,0,0,0,1,0,4.35947E+20,5.85156E+21,8.04971E+15,5.281E+16
17575,3.17071E+18,3,1,57,2,2017,7,19,6,3,5,2,0,1,0,1,0,0,0,5.71992E+20,5.79002E+21,1.00547E+16,5.22558E+16
17576,3.17071E+18,3,4,55,25,2017,7,13,6,3,5,3,1,1,0,0,0,0,0,4.34313E+20,5.91612E+21,8.01226E+15,5.33901E+16
17577,3.17071E+18,3,1,51,33,2017,7,9,6,3,0,2,0,1,0,0,0,0,0,5.95033E+20,5.82771E+21,1.04029E+16,5.25911E+16
17578,3.17071E+18,3,3,56,7,2017,7,17,6,3,0,6,0,1,0,1,0,0,1,4.8609E+20,5.89655E+21,8.79167E+15,5.32181E+16
17579,3.17071E+18,3,3,61,12,2017,7,17,6,3,2,6,0,1,0,0,1,0,0,5.16532E+20,5.86789E+21,9.24611E+15,5.29603E+16
17580,3.17071E+18,3,1,1,0,2017,7,12,6,3,2,6,0,1,0,0,0,0,0,6.04114E+20,5.79277E+21,1.0526E+16,5.22754E+16
17581,3.17071E+18,3,4,59,4,2017,7,10,5,3,5,3,1,1,0,0,0,0,0,4.3468E+20,5.77914E+21,8.04513E+15,5.21589E+16
17582,3.17071E+18,3,4,3,0,2017,7,16,6,3,2,6,0,1,0,0,0,0,1,4.51457E+20,5.88973E+21,8.27406E+15,5.31547E+16
17583,3.17071E+18,3,4,51,7,2017,7,14,6,3,9,1,0,0,0,1,0,0,1,4.269E+20,5.90397E+21,7.90363E+15,5.32799E+16
17584,3.17071E+18,3,4,59,10,2017,7,11,5,2,4,2,0,1,0,1,0,0,0,4.27452E+20,5.82249E+21,7.93011E+15,5.25476E+16
17585,3.17071E+18,3,4,57,20,2017,7,19,5,3,2,6,0,1,0,0,0,0,0,4.16723E+20,5.90164E+21,7.75164E+15,5.32575E+16
17586,3.17071E+18,3,4,3,0,2017,7,16,6,3,2,6,0,1,0,0,0,0,1,4.4608E+20,5.88935E+21,8.19372E+15,5.31508E+16
17587,3.17071E+18,3,4,57,20,2017,7,0,5,3,7,7,0,1,0,0,0,2,0,4.17395E+20,5.90207E+21,7.7616E+15,5.32615E+16
17588,3.17071E+18,3,4,54,41,2017,7,19,5,2,2,2,0,1,0,0,0,0,0,3.94124E+20,5.88034E+21,7.42003E+15,5.3062E+16
17589,3.17071E+18,3,4,51,2,2017,7,15,6,3,5,3,0,0,0,0,1,0,1,4.378E+20,5.89238E+21,8.06935E+15,5.31771E+16
17590,3.17071E+18,3,4,54,41,2017,7,15,5,2,8,1,0,0,0,1,0,0,0,3.92185E+20,5.87789E+21,7.39194E+15,5.30396E+16
17591,3.17071E+18,3,4,51,2,2017,7,13,6,3,2,6,0,1,0,0,0,0,0,4.37772E+20,5.89305E+21,8.0688E+15,5.31832E+16
17592,3.17071E+18,3,4,56,13,2017,7,7,5,3,2,2,0,1,0,0,0,0,0,3.61513E+20,5.81565E+21,6.96103E+15,5.24734E+16
17593,3.17071E+18,3,4,3,0,2017,7,10,6,3,2,6,0,1,0,0,0,0,0,4.47227E+20,5.88514E+21,8.21156E+15,5.31131E+16
17594,3.17071E+18,3,4,54,14,2017,7,16,5,2,5,3,0,1,0,0,0,0,0,3.82429E+20,5.82925E+21,7.26401E+15,5.26006E+16
17595,3.17071E+18,3,4,61,7,2017,7,5,6,3,5,3,0,1,0,0,0,0,0,4.63751E+20,5.92604E+21,8.45375E+15,5.34821E+16
17596,3.17071E+18,3,4,61,1,2017,7,0,6,3,9,7,0,1,0,0,0,2,0,4.61461E+20,5.88958E+21,8.42368E+15,5.31542E+16
17597,3.17071E+18,3,4,58,14,2017,7,22,6,3,5,2,0,1,0,0,0,1,0,4.60801E+20,5.86012E+21,8.41739E+15,5.28893E+16
17598,3.17071E+18,3,3,53,31,2017,7,9,6,3,2,6,0,1,0,0,0,0,0,5.63897E+20,5.91482E+21,9.96055E+15,5.33786E+16
17599,3.17071E+18,3,3,53,31,2017,7,8,6,3,3,6,0,1,0,0,1,0,0,5.63975E+20,5.91482E+21,9.96173E+15,5.33786E+16
17600,3.17071E+18,3,3,53,31,2017,7,14,6,2,2,2,0,1,0,0,0,0,0,5.64889E+20,5.91665E+21,9.97583E+15,5.33949E+16
17601,3.17071E+18,3,3,59,23,2017,7,13,6,3,5,3,0,1,0,1,0,0,0,5.32935E+20,5.9225E+21,9.49593E+15,5.34504E+16
17602,3.17071E+18,3,3,59,13,2017,7,16,6,3,5,3,0,1,0,0,0,0,0,5.25569E+20,5.95539E+21,9.38772E+15,5.37465E+16
17603,3.17071E+18,3,4,54,32,2017,7,13,5,3,0,7,1,0,0,0,0,0,0,3.86622E+20,5.82043E+21,7.32891E+15,5.25222E+16
17604,3.17071E+18,3,4,62,9,2017,7,17,5,1,9,1,0,0,0,1,0,0,0,3.96672E+20,5.93894E+21,7.43893E+15,5.35891E+16
17605,3.17071E+18,3,4,60,7,2017,7,11,5,3,5,3,1,1,0,0,0,0,0,4.38531E+20,5.81459E+21,8.09493E+15,5.2478E+16
17606,3.17071E+18,3,4,53,9,2017,7,10,5,2,3,2,1,0,0,0,1,0,0,4.23206E+20,5.85014E+21,7.86106E+15,5.27956E+16
17607,3.17071E+18,3,3,58,8,2017,7,1,6,3,0,1,0,0,0,0,1,2,0,5.54424E+20,5.86366E+21,9.80947E+15,5.29198E+16
17608,3.17071E+18,3,4,55,27,2017,7,14,5,3,2,6,0,1,0,0,0,0,0,4.30285E+20,5.91621E+21,7.95169E+15,5.33904E+16
17609,3.17071E+18,3,3,58,4,2017,7,15,6,3,2,6,0,1,0,0,0,0,0,5.41662E+20,5.86269E+21,9.61955E+15,5.29122E+16
17610,3.17071E+18,3,3,54,27,2017,7,11,6,2,8,1,0,1,0,0,0,0,0,6.28047E+20,5.88173E+21,1.09112E+16,5.30697E+16
17611,3.17071E+18,3,3,51,6,2017,7,15,6,3,1,5,0,1,0,1,0,0,0,5.75023E+20,5.82901E+21,1.01079E+16,5.26059E+16
17612,3.17071E+18,3,2,41,1,2017,7,14,6,3,3,6,0,1,0,0,1,0,0,5.49105E+20,5.799E+21,9.72075E+15,5.23391E+16
17613,3.17071E+18,3,4,5,0,2017,7,15,5,3,3,2,1,1,0,0,0,0,0,4.41417E+20,5.93135E+21,8.11623E+15,5.35278E+16
17614,3.17071E+18,3,2,41,5,2017,7,11,6,3,2,6,0,1,0,0,0,0,0,5.41563E+20,5.80943E+21,9.61135E+15,5.24335E+16
17615,3.17071E+18,3,3,56,9,2017,7,13,5,3,2,2,0,1,0,0,0,0,0,4.7268E+20,5.89943E+21,8.5906E+15,5.32434E+16
17616,3.17071E+18,3,2,41,8,2017,7,12,6,3,5,2,0,1,0,0,0,0,0,5.59572E+20,5.80979E+21,9.87629E+15,5.2435E+16
17617,3.17071E+18,3,3,61,1,2017,7,18,5,3,6,6,1,0,1,0,0,0,0,4.97949E+20,5.87552E+21,8.96942E+15,5.30292E+16
17618,3.17071E+18,3,2,57,3,2017,7,7,6,2,5,3,0,1,0,0,0,0,0,5.16638E+20,5.78755E+21,9.24366E+15,5.22381E+16
17619,3.17071E+18,3,4,55,25,2017,7,19,5,3,2,6,0,1,0,0,0,0,0,4.35227E+20,5.92239E+21,8.02472E+15,5.34466E+16
17620,3.17071E+18,3,4,51,1,2017,7,13,5,3,5,3,0,1,0,0,0,0,0,4.17934E+20,5.89962E+21,7.77031E+15,5.32395E+16
17621,3.17071E+18,3,2,57,11,2017,7,19,6,3,5,5,0,1,0,0,0,0,1,5.26443E+20,5.80318E+21,9.38847E+15,5.23782E+16
17622,3.17071E+18,3,2,51,40,2017,7,17,5,1,4,6,0,1,0,0,1,0,0,4.86377E+20,5.83566E+21,8.79854E+15,5.26707E+16
17623,3.17071E+18,3,4,61,4,2017,7,21,5,2,8,1,0,0,0,1,0,0,0,4.6408E+20,5.90103E+21,8.46155E+15,5.32573E+16
17624,3.17071E+18,3,2,54,32,2017,7,23,6,3,9,1,0,1,0,0,0,2,1,5.7856E+20,5.77718E+21,1.01479E+16,5.21396E+16
17625,3.17071E+18,3,3,52,60,2017,7,8,5,3,5,3,0,1,0,0,1,0,0,4.7885E+20,5.91053E+21,8.68231E+15,5.33435E+16
17626,3.17071E+18,3,3,52,50,2017,7,20,5,3,4,2,0,1,0,0,0,0,0,4.75401E+20,5.93693E+21,8.62845E+15,5.35806E+16
17627,3.17071E+18,3,2,54,5,2017,7,11,6,3,5,3,1,1,0,0,0,0,0,5.69907E+20,5.77207E+21,1.00205E+16,5.20948E+16
17628,3.17071E+18,3,3,52,8,2017,7,13,5,3,2,2,0,1,0,1,0,0,0,4.98619E+20,5.9554E+21,8.97907E+15,5.37473E+16
17629,3.17071E+18,3,2,54,21,2017,7,12,6,3,4,2,0,1,0,0,1,0,0,5.66177E+20,5.78222E+21,9.96801E+15,5.21865E+16
17630,3.17071E+18,3,3,53,31,2017,7,18,5,2,2,6,0,1,0,0,0,0,0,5.68312E+20,5.91769E+21,1.00275E+16,5.34039E+16
17631,3.17071E+18,3,2,55,23,2017,7,15,6,2,5,3,0,1,0,1,0,0,0,5.31022E+20,5.73873E+21,9.44987E+15,5.17985E+16
17632,3.17071E+18,3,2,52,3,2017,7,12,6,2,5,3,1,1,0,0,0,0,0,5.18657E+20,5.75826E+21,9.27162E+15,5.19747E+16
17633,3.17071E+18,3,2,52,4,2017,7,11,6,3,2,6,0,1,0,0,0,0,0,5.37249E+20,5.77433E+21,9.54402E+15,5.21183E+16
17634,3.17071E+18,3,2,52,7,2017,7,22,6,3,8,7,0,1,0,0,0,2,1,5.1445E+20,5.77821E+21,9.21122E+15,5.21542E+16
17635,3.17071E+18,3,2,52,6,2017,7,9,6,3,0,7,1,1,0,0,0,0,0,5.24298E+20,5.77438E+21,9.35488E+15,5.21194E+16
17636,3.17071E+18,3,1,59,10,2017,7,13,6,3,5,3,1,1,0,0,0,0,0,5.85802E+20,5.7082E+21,1.02366E+16,5.15184E+16
17637,3.17071E+18,3,1,59,16,2017,7,14,6,3,4,2,1,1,0,0,0,0,0,5.63668E+20,5.70977E+21,9.91796E+15,5.15355E+16
17638,3.17071E+18,3,3,58,8,2017,7,17,5,3,2,6,0,1,0,0,0,0,0,5.50713E+20,5.85931E+21,9.7536E+15,5.28811E+16
17639,3.17071E+18,3,1,53,17,2017,7,18,6,3,5,3,0,1,0,0,0,0,0,6.0753E+20,5.75712E+21,1.05648E+16,5.19544E+16
17640,3.17071E+18,3,1,51,22,2017,7,14,6,3,2,6,0,1,0,0,0,0,0,6.04549E+20,5.81117E+21,1.05381E+16,5.24407E+16
17641,3.17071E+18,3,1,51,16,2017,7,15,6,2,4,7,0,1,0,0,0,0,0,6.04775E+20,5.80263E+21,1.05388E+16,5.23639E+16
17642,3.17071E+18,3,4,60,5,2017,7,14,5,3,3,6,0,1,0,0,1,0,0,4.39839E+20,5.82098E+21,8.11303E+15,5.25356E+16
17643,3.17071E+18,3,4,4,0,2017,7,13,5,3,2,6,0,1,0,0,1,0,0,4.32079E+20,5.79077E+21,8.00478E+15,5.22631E+16
17644,3.17071E+18,3,4,4,0,2017,7,16,5,3,3,6,0,1,0,0,1,0,0,4.34284E+20,5.79455E+21,8.03634E+15,5.22974E+16
17645,3.17071E+18,3,3,57,57,2017,7,19,5,3,0,1,1,0,0,0,0,0,0,5.18246E+20,5.90642E+21,9.27382E+15,5.33067E+16
17646,3.17071E+18,3,4,54,41,2017,7,18,5,3,2,2,0,1,0,0,0,0,0,3.94973E+20,5.88233E+21,7.43205E+15,5.30801E+16
17647,3.17071E+18,3,4,56,25,2017,7,16,5,2,3,6,0,1,0,0,0,0,0,3.78562E+20,5.81605E+21,7.21177E+15,5.24811E+16
17648,3.17071E+18,3,4,54,14,2017,7,5,5,3,2,6,0,1,0,0,0,0,0,3.77527E+20,5.83305E+21,7.19026E+15,5.26336E+16
17649,3.17071E+18,3,4,62,9,2017,7,11,5,3,0,1,0,0,0,1,0,0,0,3.96357E+20,5.93906E+21,7.43414E+15,5.35901E+16
17650,3.17071E+18,3,3,60,18,2017,7,16,5,2,5,3,0,1,0,1,0,0,0,6.17596E+20,5.87223E+21,1.07518E+16,5.29867E+16
17651,3.17071E+18,3,4,52,19,2017,7,14,5,3,5,3,0,1,0,0,0,0,0,3.80807E+20,5.94024E+21,7.19887E+15,5.35975E+16
17652,3.17071E+18,3,4,55,14,2017,7,15,5,3,5,3,0,1,0,1,0,0,0,4.338E+20,5.92689E+21,8.0023E+15,5.34868E+16
17653,3.17071E+18,3,3,54,4,2017,7,7,5,3,5,3,0,1,0,0,0,0,0,6.41474E+20,5.88747E+21,1.1114E+16,5.31179E+16
17654,3.17071E+18,3,4,55,14,2017,7,10,5,2,1,5,0,1,0,0,0,0,0,4.34551E+20,5.92935E+21,8.0131E+15,5.3509E+16
17655,3.17071E+18,3,3,55,13,2017,7,15,5,3,6,4,0,1,1,0,0,0,0,6.15963E+20,5.89438E+21,1.07355E+16,5.31861E+16
17656,3.17071E+18,3,3,61,6,2017,7,12,5,3,2,6,0,1,0,0,0,0,0,5.11271E+20,5.87433E+21,9.16801E+15,5.30184E+16
17657,3.17071E+18,3,3,51,6,2017,7,11,5,3,2,6,0,1,0,0,0,0,0,5.74546E+20,5.82926E+21,1.01009E+16,5.26082E+16
17658,3.17071E+18,3,2,41,1,2017,7,14,5,3,5,3,1,1,0,0,0,0,0,5.49473E+20,5.80308E+21,9.72676E+15,5.23757E+16
17659,3.17071E+18,3,4,55,27,2017,7,18,5,3,2,6,0,1,0,0,0,0,0,4.35374E+20,5.92255E+21,8.02691E+15,5.3448E+16
17660,3.17071E+18,3,2,41,1,2017,7,5,5,3,5,3,1,1,0,0,0,1,0,5.53612E+20,5.79862E+21,9.78685E+15,5.23353E+16
17661,3.17071E+18,3,2,41,13,2017,7,7,5,3,5,3,0,1,0,1,0,0,0,5.53676E+20,5.78361E+21,9.78538E+15,5.22004E+16
17662,3.17071E+18,3,2,41,1,2017,7,22,5,3,2,6,0,1,0,0,0,2,0,5.45362E+20,5.809E+21,9.66718E+15,5.24293E+16
17663,3.17071E+18,3,2,41,1,2017,7,17,5,3,3,6,0,1,0,0,1,0,0,5.44321E+20,5.80847E+21,9.6518E+15,5.24246E+16
17664,3.17071E+18,3,4,51,7,2017,7,20,5,3,4,6,0,1,0,0,0,0,0,4.33768E+20,5.90469E+21,8.00647E+15,5.32873E+16
17665,3.17071E+18,3,2,41,9,2017,7,10,5,3,2,1,0,0,0,1,1,0,0,5.58528E+20,5.79551E+21,9.85844E+15,5.23068E+16
17666,3.17071E+18,3,4,51,1,2017,7,9,5,3,5,2,1,1,0,0,0,0,0,4.17388E+20,5.89742E+21,7.7627E+15,5.32196E+16
17667,3.17071E+18,3,2,54,2,2017,7,17,5,1,6,4,0,0,1,0,1,0,0,5.57008E+20,5.7603E+21,9.83024E+15,5.19904E+16
17668,3.17071E+18,3,2,51,37,2017,7,10,5,3,4,6,0,1,0,0,0,0,0,4.80442E+20,5.86997E+21,8.70871E+15,5.29789E+16
17669,3.17071E+18,3,3,52,62,2017,7,10,5,2,5,3,0,1,0,1,0,0,0,4.89773E+20,5.94029E+21,8.84542E+15,5.36114E+16
17670,3.17071E+18,3,3,52,22,2017,7,19,5,2,5,3,1,1,0,0,0,0,0,5.11516E+20,5.94857E+21,9.17437E+15,5.36858E+16
17671,3.17071E+18,3,3,53,31,2017,7,20,5,3,3,6,0,1,0,0,1,0,0,5.71261E+20,5.91576E+21,1.00715E+16,5.33861E+16
17672,3.17071E+18,3,3,53,38,2017,7,18,5,3,4,2,0,1,0,0,0,0,0,5.53491E+20,5.89931E+21,9.80153E+15,5.32403E+16
17673,3.17071E+18,3,3,59,5,2017,7,13,5,3,9,1,0,0,0,1,0,0,1,5.28898E+20,5.92467E+21,9.43535E+15,5.34702E+16
17674,3.17071E+18,3,3,59,37,2017,7,3,5,2,9,1,0,0,0,0,1,1,0,5.35853E+20,5.91662E+21,9.5392E+15,5.33974E+16
17675,3.17071E+18,3,2,54,2,2017,7,12,5,3,2,2,0,1,0,0,0,0,0,5.57007E+20,5.75956E+21,9.8301E+15,5.19838E+16
17676,3.17071E+18,3,3,59,13,2017,7,17,5,3,2,6,0,1,0,0,0,0,0,5.25666E+20,5.9511E+21,9.38884E+15,5.37079E+16
17677,3.17071E+18,3,3,59,25,2017,7,16,5,3,0,2,0,1,0,1,0,0,0,5.20493E+20,5.94049E+21,9.30976E+15,5.36128E+16
17678,3.17071E+18,3,2,55,14,2017,7,12,5,3,8,7,0,1,0,0,0,0,0,5.27906E+20,5.72738E+21,9.40377E+15,5.16967E+16
17679,3.17071E+18,3,3,59,12,2017,7,19,5,3,9,1,0,0,0,1,0,0,0,5.37803E+20,5.93292E+21,9.57049E+15,5.35438E+16
17680,3.17071E+18,3,2,52,6,2017,7,10,5,3,3,6,0,1,0,0,1,0,0,5.23914E+20,5.77092E+21,9.34903E+15,5.20884E+16
17681,3.17071E+18,3,3,58,2,2017,7,18,5,3,5,3,1,1,0,0,0,0,0,5.65244E+20,5.88415E+21,9.97453E+15,5.31028E+16
17682,3.17071E+18,3,1,59,17,2017,7,7,5,3,5,3,0,1,0,0,1,0,0,5.44641E+20,5.69702E+21,9.64204E+15,5.14226E+16
17683,3.17071E+18,3,1,59,15,2017,7,21,5,3,8,1,0,1,0,0,0,1,1,5.67908E+20,5.70373E+21,9.97791E+15,5.14806E+16
17684,3.17071E+18,3,3,58,21,2017,7,15,5,3,6,4,0,1,1,0,0,0,0,5.56687E+20,5.87114E+21,9.84443E+15,5.29868E+16
17685,3.17071E+18,3,1,59,16,2017,7,13,5,3,0,7,0,0,0,0,1,0,0,5.65221E+20,5.70908E+21,9.94022E+15,5.15291E+16
17686,3.17071E+18,3,1,55,11,2017,7,11,5,3,9,7,0,1,0,1,0,0,0,5.70035E+20,5.73482E+21,1.00148E+16,5.17599E+16
17687,3.17071E+18,3,3,57,45,2017,7,16,5,3,2,6,0,1,0,0,0,0,0,5.15061E+20,5.88481E+21,9.225E+15,5.31125E+16
17688,3.17071E+18,3,3,57,1,2017,7,11,5,3,5,3,0,1,0,0,0,0,0,5.22948E+20,5.87891E+21,9.34241E+15,5.30592E+16
17689,3.17071E+18,3,1,2,0,2017,7,7,5,3,3,2,0,1,0,1,0,0,0,5.88374E+20,5.77633E+21,1.02911E+16,5.21304E+16
17690,3.17071E+18,3,1,51,13,2017,7,10,5,3,4,7,0,1,0,0,1,0,0,6.05309E+20,5.8115E+21,1.05494E+16,5.24436E+16
17691,3.17071E+18,3,3,57,13,2017,7,11,5,3,9,1,0,1,0,0,0,0,0,5.22769E+20,5.89806E+21,9.3411E+15,5.32313E+16
17692,3.17071E+18,3,4,59,12,2017,7,1,4,3,7,7,0,1,0,0,0,2,0,4.48153E+20,5.79283E+21,8.23996E+15,5.22834E+16
17693,3.17071E+18,3,4,59,7,2017,7,15,4,3,2,6,0,1,0,0,1,0,0,4.30891E+20,5.83386E+21,7.97843E+15,5.26503E+16
17694,3.17071E+18,3,3,57,31,2017,7,5,5,3,7,7,0,1,0,0,0,1,0,5.27358E+20,5.8755E+21,9.40792E+15,5.30284E+16
17695,3.17071E+18,3,4,57,14,2017,7,7,4,2,8,6,0,1,0,0,0,0,1,3.93348E+20,5.90608E+21,7.39988E+15,5.32932E+16
17696,3.17071E+18,3,3,60,25,2017,7,15,5,3,2,6,0,1,0,0,0,0,0,6.04138E+20,5.87058E+21,1.05509E+16,5.29747E+16
17697,3.17071E+18,3,4,57,20,2017,7,19,4,3,3,6,0,1,0,0,0,0,0,4.17438E+20,5.90209E+21,7.76224E+15,5.32616E+16
17698,3.17071E+18,3,4,2,0,2017,7,7,4,3,9,1,0,1,0,0,0,0,1,3.81334E+20,5.91697E+21,7.21564E+15,5.33884E+16
17699,3.17071E+18,3,3,51,6,2017,7,20,5,3,4,6,1,0,0,0,0,0,0,5.73167E+20,5.83138E+21,1.0081E+16,5.26275E+16
17700,3.17071E+18,3,2,41,1,2017,7,2,5,3,9,1,0,0,0,1,0,2,0,5.54883E+20,5.8027E+21,9.80616E+15,5.23718E+16
17701,3.17071E+18,3,2,41,1,2017,7,1,5,3,7,7,0,1,0,0,0,2,0,5.5449E+20,5.80051E+21,9.80003E+15,5.23522E+16
17702,3.17071E+18,3,2,41,21,2017,7,16,5,3,5,3,0,1,0,0,0,0,0,5.31369E+20,5.80595E+21,9.46109E+15,5.24029E+16
17703,3.17071E+18,3,2,41,17,2017,7,16,5,3,5,7,0,1,0,1,0,0,0,5.36088E+20,5.78303E+21,9.528E+15,5.21966E+16
17704,3.17071E+18,3,2,41,12,2017,7,20,5,3,2,6,0,1,0,0,0,0,0,5.27127E+20,5.82077E+21,9.39994E+15,5.25363E+16
17705,3.17071E+18,3,2,41,16,2017,7,15,5,3,5,3,1,1,0,0,0,0,0,5.63307E+20,5.79987E+21,9.92934E+15,5.23455E+16
17706,3.17071E+18,3,2,41,10,2017,7,21,5,3,2,6,0,1,0,0,0,1,0,5.50647E+20,5.81167E+21,9.7453E+15,5.24529E+16
17707,3.17071E+18,3,2,41,1,2017,7,15,5,3,2,6,0,1,0,0,0,0,0,5.54183E+20,5.80531E+21,9.7963E+15,5.23953E+16
17708,3.17071E+18,3,2,41,1,2017,7,17,5,3,0,1,0,0,0,1,0,0,0,5.50015E+20,5.80642E+21,9.73521E+15,5.24057E+16
17709,3.17071E+18,3,4,56,9,2017,7,16,4,3,4,6,0,1,0,0,0,0,0,3.57216E+20,5.82704E+21,6.89292E+15,5.25746E+16