OBJECTID,UIDENTSTLA,ULAND,UREGBEZ,UKREIS,UGEMEINDE,UJAHR,UMONAT,USTUNDE,UWOCHENTAG,UKATEGORIE,UART,UTYP1,IstRad,IstPKW,IstFuss,IstKrad,IstSonstig,LICHT,STRZUSTAND,LINREFX,LINREFY,XGCSWGS84,YGCSWGS84
17710,3.17071E+18,3,2,57,3,2017,7,10,5,2,8,1,0,0,0,1,0,0,0,5.203E+20,5.78912E+21,9.29737E+15,5.22521E+16
17711,3.17071E+18,3,2,57,35,2017,7,19,5,2,5,2,0,1,0,1,0,0,0,5.10035E+20,5.79785E+21,9.14726E+15,5.23309E+16
17712,3.17071E+18,3,4,54,39,2017,7,13,4,2,3,2,0,1,0,0,1,0,0,3.82584E+20,5.85922E+21,7.25557E+15,5.28698E+16
17713,3.17071E+18,3,2,54,26,2017,7,18,5,3,9,1,0,1,0,0,0,0,0,5.55617E+20,5.77765E+21,9.81281E+15,5.21465E+16
17714,3.17071E+18,3,4,54,19,2017,7,22,4,3,7,7,0,1,0,0,1,2,0,4.00866E+20,5.8362E+21,7.53405E+15,5.26667E+16
17715,3.17071E+18,3,2,54,5,2017,7,14,5,3,5,3,0,1,0,0,0,0,0,5.69288E+20,5.76416E+21,1.00098E+16,5.20238E+16
17716,3.17071E+18,3,4,54,34,2017,7,16,4,2,2,6,0,1,0,0,0,0,0,3.93472E+20,5.80711E+21,7.43408E+15,5.24039E+16
17717,3.17071E+18,3,4,62,3,2017,7,8,4,3,5,2,0,1,0,0,0,0,0,4.08314E+20,5.94544E+21,7.61286E+15,5.36497E+16
17718,3.17071E+18,3,2,54,20,2017,7,11,5,3,2,6,0,0,0,1,1,0,0,5.69083E+20,5.78115E+21,1.00103E+16,5.21765E+16
17719,3.17071E+18,3,4,53,11,2017,7,15,4,2,5,3,1,1,0,0,0,0,0,4.15996E+20,5.84015E+21,7.75671E+15,5.27047E+16
17720,3.17071E+18,3,4,53,4,2017,7,23,4,3,0,6,0,1,0,1,0,2,0,4.34221E+20,5.85532E+21,8.02335E+15,5.28436E+16
17721,3.17071E+18,3,4,55,26,2017,7,12,4,3,3,6,1,0,0,0,0,0,0,4.4519E+20,5.9164E+21,8.17575E+15,5.33939E+16
17722,3.17071E+18,3,4,3,0,2017,7,18,4,3,0,7,0,1,0,0,0,0,0,4.47747E+20,5.88635E+21,8.21914E+15,5.3124E+16
17723,3.17071E+18,3,2,51,47,2017,7,17,4,3,5,3,0,1,0,0,0,0,0,4.91471E+20,5.87208E+21,8.87292E+15,5.29982E+16
17724,3.17071E+18,3,2,51,37,2017,7,14,4,3,4,3,1,1,0,0,0,0,0,4.83825E+20,5.87121E+21,8.75904E+15,5.29902E+16
17725,3.17071E+18,3,2,55,34,2017,7,18,5,3,5,3,0,1,0,0,0,0,0,5.43031E+20,5.74809E+21,9.62518E+15,5.1882E+16
17726,3.17071E+18,3,2,51,12,2017,7,18,4,3,8,1,0,0,0,0,1,0,0,4.57221E+20,5.82241E+21,8.3691E+15,5.25501E+16
17727,3.17071E+18,3,2,52,6,2017,7,11,5,3,2,2,0,1,0,0,1,0,0,5.30634E+20,5.77719E+21,9.44767E+15,5.21444E+16
17728,3.17071E+18,3,2,51,12,2017,7,14,4,2,9,1,0,0,0,0,1,0,0,4.56529E+20,5.82862E+21,8.35807E+15,5.26058E+16
17729,3.17071E+18,3,1,2,0,2017,7,18,5,2,5,3,0,1,0,0,0,0,0,5.89215E+20,5.78041E+21,1.03044E+16,5.2167E+16
17730,3.17071E+18,3,1,53,504,2017,7,15,5,3,8,6,0,1,0,1,0,0,0,6.05072E+20,5.74354E+21,1.05249E+16,5.18328E+16
17731,3.17071E+18,3,1,51,27,2017,7,13,5,3,5,3,0,1,0,0,0,0,0,5.96827E+20,5.79943E+21,1.04212E+16,5.23366E+16
17732,3.17071E+18,3,1,1,0,2017,7,16,5,3,2,6,0,1,0,0,1,0,0,6.04032E+20,5.78849E+21,1.05235E+16,5.2237E+16
17733,3.17071E+18,3,4,59,24,2017,7,14,4,3,5,3,0,1,0,0,0,0,1,4.63467E+20,5.78269E+21,8.46553E+15,5.21934E+16
17734,3.17071E+18,3,3,53,4,2017,7,7,4,2,4,2,0,1,0,0,0,0,1,5.71254E+20,5.9071E+21,1.00694E+16,5.33083E+16
17735,3.17071E+18,3,4,59,8,2017,7,14,4,3,8,1,0,1,0,0,0,0,1,4.3905E+20,5.79989E+21,8.10524E+15,5.23459E+16
17736,3.17071E+18,3,3,53,35,2017,7,13,4,2,5,3,0,1,0,1,0,0,0,5.47521E+20,5.90379E+21,9.71275E+15,5.32812E+16
17737,3.17071E+18,3,4,59,4,2017,7,16,4,3,3,2,0,1,0,0,1,0,1,4.35774E+20,5.77717E+21,8.06148E+15,5.21413E+16
17738,3.17071E+18,3,3,58,17,2017,7,7,4,3,2,6,0,1,0,0,0,0,1,5.44692E+20,5.87992E+21,9.66699E+15,5.30669E+16
17739,3.17071E+18,3,3,58,17,2017,7,7,4,3,8,1,0,0,0,1,0,0,1,5.44691E+20,5.87992E+21,9.66696E+15,5.30669E+16
17740,3.17071E+18,3,4,59,3,2017,7,14,4,3,5,3,0,1,0,0,0,0,1,4.56612E+20,5.79703E+21,8.3634E+15,5.23218E+16
17741,3.17071E+18,3,3,57,47,2017,7,14,4,2,5,3,0,1,0,0,0,0,0,5.05752E+20,5.89749E+21,9.08616E+15,5.32266E+16
17742,3.17071E+18,3,3,57,8,2017,7,8,4,3,2,2,0,1,0,0,0,0,0,5.09961E+20,5.92634E+21,9.15012E+15,5.3486E+16
17743,3.17071E+18,3,4,59,1,2017,7,13,4,3,2,6,0,1,0,0,0,0,1,4.29321E+20,5.81667E+21,7.9589E+15,5.24956E+16
17744,3.17071E+18,3,3,51,6,2017,7,18,4,3,8,1,0,0,0,0,1,0,0,5.74325E+20,5.82971E+21,1.00977E+16,5.26123E+16
17745,3.17071E+18,3,2,41,1,2017,7,10,4,3,0,7,0,0,0,0,1,0,0,5.46686E+20,5.80343E+21,9.68586E+15,5.23791E+16
17746,3.17071E+18,3,4,4,0,2017,7,8,4,2,0,7,0,1,1,0,0,0,1,4.33755E+20,5.79201E+21,8.02908E+15,5.22745E+16
17747,3.17071E+18,3,2,41,9,2017,7,19,4,3,4,1,0,1,0,0,0,0,0,5.53985E+20,5.79642E+21,9.79195E+15,5.23155E+16
17748,3.17071E+18,3,4,2,0,2017,7,18,4,3,5,3,1,1,0,0,0,0,0,3.8081E+20,5.91742E+21,7.20759E+15,5.33924E+16
17749,3.17071E+18,3,2,41,1,2017,7,11,4,3,5,3,1,1,0,0,0,0,0,5.54378E+20,5.80689E+21,9.79942E+15,5.24095E+16
17750,3.17071E+18,3,2,41,21,2017,7,16,4,3,5,3,1,1,0,0,0,0,0,5.24444E+20,5.81162E+21,9.35972E+15,5.24542E+16
17751,3.17071E+18,3,4,57,20,2017,7,6,4,2,4,6,0,1,0,0,1,0,1,4.19964E+20,5.91199E+21,7.79759E+15,5.3351E+16
17752,3.17071E+18,3,4,56,25,2017,7,18,4,2,5,3,1,0,0,0,1,0,0,3.78793E+20,5.81952E+21,7.2139E+15,5.25123E+16
17753,3.17071E+18,3,4,53,2,2017,7,14,4,3,2,6,0,1,0,0,0,0,0,4.29624E+20,5.87347E+21,7.95118E+15,5.30062E+16
17754,3.17071E+18,3,4,53,3,2017,7,18,4,3,5,3,0,1,0,0,0,0,0,4.36611E+20,5.85183E+21,8.05951E+15,5.28125E+16
17755,3.17071E+18,3,4,55,27,2017,7,7,4,3,2,2,0,1,0,0,0,0,1,4.30624E+20,5.91615E+21,7.9568E+15,5.33898E+16
17756,3.17071E+18,3,3,56,5,2017,7,15,4,3,4,2,0,1,0,0,0,0,1,4.88055E+20,5.89385E+21,8.82121E+15,5.31939E+16
17757,3.17071E+18,3,2,41,17,2017,7,16,4,3,0,7,1,0,0,0,1,0,0,5.38012E+20,5.7838E+21,9.55622E+15,5.22033E+16
17758,3.17071E+18,3,4,51,2,2017,7,16,4,3,5,3,1,1,0,0,0,0,0,4.32462E+20,5.8944E+21,7.98905E+15,5.31946E+16
17759,3.17071E+18,3,4,61,7,2017,7,12,4,3,4,2,0,1,0,0,0,0,1,4.63542E+20,5.92482E+21,8.45075E+15,5.34711E+16
17760,3.17071E+18,3,4,1,0,2017,7,15,4,3,2,6,0,1,0,0,0,0,0,4.78207E+20,5.87689E+21,8.67496E+15,5.30411E+16
17761,3.17071E+18,3,3,52,32,2017,7,16,4,3,4,1,0,1,0,0,0,0,1,4.75978E+20,5.92737E+21,8.63789E+15,5.34948E+16
17762,3.17071E+18,3,3,52,46,2017,7,9,4,3,0,1,0,1,0,1,0,0,1,4.92964E+20,5.96082E+21,8.89319E+15,5.37959E+16
17763,3.17071E+18,3,3,53,4,2017,7,16,4,3,0,6,0,1,0,0,1,0,1,5.71645E+20,5.90592E+21,1.0075E+16,5.32977E+16
17764,3.17071E+18,3,2,41,12,2017,7,8,4,3,4,6,0,1,0,0,0,0,0,5.33412E+20,5.82744E+21,9.49328E+15,5.2596E+16
17765,3.17071E+18,3,3,53,26,2017,7,13,4,3,5,3,0,1,0,0,0,0,1,5.52827E+20,5.92404E+21,9.79571E+15,5.34627E+16
17766,3.17071E+18,3,2,41,2,2017,7,15,4,3,5,2,0,1,0,0,0,0,0,5.31558E+20,5.7961E+21,9.46294E+15,5.23144E+16
17767,3.17071E+18,3,3,53,31,2017,7,8,4,3,6,4,0,0,1,0,1,0,1,5.68007E+20,5.91971E+21,1.00234E+16,5.34221E+16
17768,3.17071E+18,3,2,41,1,2017,7,17,4,3,0,7,0,0,0,0,1,0,0,5.50605E+20,5.80225E+21,9.74326E+15,5.23682E+16
17769,3.17071E+18,3,3,58,16,2017,7,18,4,3,9,1,0,1,0,0,0,0,1,5.76484E+20,5.86504E+21,1.01378E+16,5.29295E+16
17770,3.17071E+18,3,2,41,1,2017,7,10,4,3,3,6,0,1,0,0,0,0,0,5.61177E+20,5.80617E+21,9.89923E+15,5.24023E+16
17771,3.17071E+18,3,2,57,3,2017,7,5,4,3,3,6,0,1,0,0,1,0,0,5.16239E+20,5.78674E+21,9.23778E+15,5.22309E+16
17772,3.17071E+18,3,2,57,31,2017,7,19,4,3,1,5,0,1,0,1,0,0,0,5.07272E+20,5.7786E+21,9.1063E+15,5.21578E+16
17773,3.17071E+18,3,3,58,19,2017,7,14,4,3,3,5,1,1,0,0,0,0,1,5.52936E+20,5.88532E+21,9.7909E+15,5.31147E+16
17774,3.17071E+18,3,3,57,3,2017,7,16,4,3,8,1,0,1,0,0,0,0,1,5.19173E+20,5.91653E+21,9.28835E+15,5.33975E+16
17775,3.17071E+18,3,3,60,25,2017,7,14,4,3,5,3,0,1,0,0,1,0,1,6.05812E+20,5.8694E+21,1.05754E+16,5.29637E+16
17776,3.17071E+18,3,3,60,25,2017,7,12,4,2,4,6,0,1,0,0,0,0,1,6.0532E+20,5.87197E+21,1.05689E+16,5.29869E+16
17777,3.17071E+18,3,2,55,23,2017,7,6,4,2,8,1,0,1,0,0,0,0,0,5.34334E+20,5.73519E+21,9.49755E+15,5.17666E+16
17778,3.17071E+18,3,2,52,6,2017,7,14,4,3,2,6,0,1,0,0,0,0,0,5.26203E+20,5.77247E+21,9.38256E+15,5.21022E+16
17779,3.17071E+18,3,1,55,11,2017,7,20,4,2,8,1,0,1,0,0,0,0,0,5.64396E+20,5.72699E+21,9.93161E+15,5.16902E+16
17780,3.17071E+18,3,1,57,1,2017,7,11,4,3,5,3,0,1,0,0,0,0,0,5.8565E+20,5.80488E+21,1.02585E+16,5.23875E+16
17781,3.17071E+18,3,3,55,12,2017,7,14,4,3,5,3,0,1,0,0,0,0,1,6.17198E+20,5.89962E+21,1.07559E+16,5.32329E+16
17782,3.17071E+18,3,1,57,9,2017,7,6,4,3,5,3,0,1,0,0,0,0,0,5.85199E+20,5.78707E+21,1.02474E+16,5.22275E+16
17783,3.17071E+18,3,1,2,0,2017,7,19,4,2,4,2,0,1,0,1,0,0,0,5.96434E+20,5.78459E+21,1.04111E+16,5.22033E+16
17784,3.17071E+18,3,1,51,27,2017,7,16,4,3,5,2,0,0,0,0,1,0,0,5.95974E+20,5.80065E+21,1.0409E+16,5.23477E+16
17785,3.1707E+18,3,4,59,19,2017,7,18,3,2,0,1,0,0,0,1,0,0,0,4.38121E+20,5.78673E+21,8.09404E+15,5.22275E+16
17786,3.1707E+18,3,4,59,7,2017,7,8,3,3,8,1,0,0,0,1,0,0,0,4.26104E+20,5.83484E+21,7.90748E+15,5.26585E+16
17787,3.17071E+18,3,2,41,1,2017,7,17,4,3,2,6,0,1,0,0,1,0,1,5.49004E+20,5.80817E+21,9.72061E+15,5.24215E+16
17788,3.1707E+18,3,4,4,0,2017,7,14,3,3,5,2,0,1,0,0,0,0,0,4.34889E+20,5.79128E+21,8.04584E+15,5.2268E+16
17789,3.1707E+18,3,4,57,17,2017,7,14,3,3,4,6,0,1,0,0,0,0,0,4.08578E+20,5.88875E+21,7.63326E+15,5.31403E+16
17790,3.17071E+18,3,2,41,1,2017,7,11,4,3,2,6,0,1,0,0,0,0,1,5.50057E+20,5.80523E+21,9.73566E+15,5.2395E+16
17791,3.17071E+18,3,2,41,7,2017,7,14,4,3,5,3,0,1,0,0,1,0,1,5.50183E+20,5.79426E+21,9.73586E+15,5.22964E+16
17792,3.17071E+18,3,2,41,2,2017,7,20,4,3,8,1,0,1,0,0,0,0,1,5.31533E+20,5.79927E+21,9.46287E+15,5.23429E+16
17793,3.17071E+18,3,2,41,2,2017,7,7,4,3,4,1,0,1,0,0,0,0,1,5.3338E+20,5.80443E+21,9.49049E+15,5.23891E+16
17794,3.17071E+18,3,2,41,5,2017,7,21,4,3,2,6,0,1,0,0,0,0,1,5.42046E+20,5.80889E+21,9.61839E+15,5.24286E+16
17795,3.17071E+18,3,2,41,16,2017,7,12,4,3,2,2,0,1,0,0,0,0,1,5.63237E+20,5.79978E+21,9.9283E+15,5.23447E+16
17796,3.1707E+18,3,4,57,14,2017,7,7,3,3,2,7,0,1,0,0,0,0,0,3.96354E+20,5.90711E+21,7.44462E+15,5.3303E+16
17797,3.17071E+18,3,2,41,4,2017,7,19,4,3,9,7,0,1,0,0,0,0,1,5.60139E+20,5.81814E+21,9.88613E+15,5.251E+16
17798,3.17071E+18,3,2,41,2,2017,7,23,4,3,9,1,0,0,0,0,1,0,1,5.27657E+20,5.79808E+21,9.40588E+15,5.23323E+16
17799,3.1707E+18,3,4,57,13,2017,7,16,3,2,8,7,0,1,0,0,0,0,0,3.95359E+20,5.89904E+21,7.43235E+15,5.32303E+16
17800,3.17071E+18,3,2,41,1,2017,7,18,4,2,8,6,0,1,0,1,0,0,1,5.50012E+20,5.80501E+21,9.73495E+15,5.23931E+16
17801,3.17071E+18,3,2,41,1,2017,7,2,4,3,3,6,1,0,0,0,0,2,0,5.52053E+20,5.79948E+21,9.76409E+15,5.23432E+16
17802,3.1707E+18,3,4,54,11,2017,7,16,3,3,0,7,0,0,0,0,1,0,0,4.06158E+20,5.87113E+21,7.60223E+15,5.29815E+16
17803,3.17071E+18,3,2,41,1,2017,7,14,4,3,5,3,1,1,0,0,0,0,1,5.44324E+20,5.80763E+21,9.65172E+15,5.24171E+16
17804,3.17071E+18,3,2,41,1,2017,7,15,4,2,6,4,0,0,1,0,1,0,1,5.50963E+20,5.80166E+21,9.74842E+15,5.23628E+16
17805,3.17071E+18,3,2,41,19,2017,7,13,4,2,2,2,0,1,0,0,0,0,1,5.52712E+20,5.8229E+21,9.77747E+15,5.25536E+16
17806,3.17071E+18,3,1,55,3,2017,7,16,4,3,9,1,0,1,0,0,0,0,1,5.46372E+20,5.73812E+21,9.67238E+15,5.17921E+16
17807,3.17071E+18,3,1,55,5,2017,7,14,4,2,4,1,0,1,0,0,0,0,1,5.58711E+20,5.72309E+21,9.84872E+15,5.16558E+16
17808,3.17071E+18,3,2,56,4,2017,7,21,4,2,8,1,0,0,0,1,0,1,0,4.82206E+20,5.81427E+21,8.73801E+15,5.24783E+16
17809,3.17071E+18,3,2,56,36,2017,7,19,4,3,5,3,0,1,0,1,0,0,1,5.04064E+20,5.83728E+21,9.06012E+15,5.26854E+16
17810,3.17071E+18,3,2,54,26,2017,7,15,4,3,2,1,0,1,0,0,0,0,1,5.50262E+20,5.78056E+21,9.73499E+15,5.21732E+16
17811,3.17071E+18,3,2,54,20,2017,7,15,4,3,9,1,0,1,0,0,0,1,1,5.71012E+20,5.78273E+21,1.00388E+16,5.21905E+16
17812,3.1707E+18,3,4,52,11,2017,7,15,3,3,4,2,0,1,0,1,0,0,0,3.77484E+20,5.91936E+21,7.15685E+15,5.34091E+16
17813,3.17071E+18,3,2,54,22,2017,7,13,4,3,2,6,0,1,0,0,0,0,1,5.76904E+20,5.77331E+21,1.01229E+16,5.21049E+16
17814,3.17071E+18,3,2,54,5,2017,7,7,4,3,2,6,0,1,0,0,0,0,1,5.7022E+20,5.77234E+21,1.00251E+16,5.20971E+16
17815,3.1707E+18,3,4,60,6,2017,7,16,3,3,0,1,0,0,0,1,0,0,0,4.46976E+20,5.83502E+21,8.21599E+15,5.26626E+16
17816,3.17071E+18,3,1,59,15,2017,7,14,4,3,8,1,0,1,0,0,0,0,1,5.7294E+20,5.69978E+21,1.00496E+16,5.14445E+16
17817,3.17072E+18,3,4,53,7,2017,7,21,2,3,5,3,1,1,0,0,0,1,0,4.23043E+20,5.87472E+21,7.85282E+15,5.30165E+16
17818,3.1707E+18,3,3,56,7,2017,7,7,3,3,2,6,0,1,0,0,0,0,0,4.84792E+20,5.89587E+21,8.77227E+15,5.32119E+16
17819,3.1707E+18,3,3,61,5,2017,7,6,3,3,5,3,0,1,0,0,0,0,0,5.20737E+20,5.86111E+21,9.30828E+15,5.28993E+16
17820,3.17071E+18,3,1,59,1,2017,7,17,4,3,8,1,0,1,0,0,0,0,1,5.52677E+20,5.71299E+21,9.75999E+15,5.15655E+16
17821,3.1707E+18,3,3,61,12,2017,7,14,3,3,3,6,0,1,0,0,1,0,0,5.18944E+20,5.86486E+21,9.28184E+15,5.29331E+16
17822,3.1707E+18,3,2,51,4,2017,7,14,3,2,4,6,0,1,0,0,1,0,0,4.86427E+20,5.82925E+21,8.79953E+15,5.26131E+16
17823,3.1707E+18,3,2,51,44,2017,7,13,3,2,9,1,0,1,0,0,0,0,0,4.687E+20,5.8174E+21,8.53885E+15,5.25058E+16
17824,3.1707E+18,3,4,61,3,2017,7,18,3,3,2,6,0,1,0,1,0,0,0,4.55632E+20,5.93101E+21,8.33071E+15,5.35262E+16
17825,3.1707E+18,3,4,61,5,2017,7,15,3,3,2,6,0,1,0,0,1,0,0,4.45824E+20,5.91022E+21,8.18635E+15,5.33383E+16
17826,3.1707E+18,3,4,58,7,2017,7,16,3,3,5,2,0,1,0,1,0,0,0,4.51272E+20,5.87304E+21,8.27383E+15,5.30047E+16
17827,3.1707E+18,3,4,58,5,2017,7,15,3,3,2,6,0,1,0,0,0,0,0,4.68463E+20,5.87937E+21,8.52938E+15,5.30629E+16
17828,3.17071E+18,3,1,59,7,2017,7,10,4,3,2,6,0,1,0,0,0,0,1,5.60348E+20,5.71565E+21,9.87111E+15,5.15886E+16
17829,3.1707E+18,3,4,58,3,2017,7,11,3,3,5,3,1,1,0,0,0,0,0,4.62898E+20,5.86588E+21,8.44789E+15,5.29412E+16
17830,3.17071E+18,3,1,58,40,2017,7,11,4,3,8,1,0,0,0,0,1,0,1,6.12478E+20,5.77372E+21,1.06422E+16,5.21026E+16
17831,3.1707E+18,3,3,53,5,2017,7,8,3,3,5,3,1,1,0,0,0,0,0,5.60576E+20,5.90967E+21,9.90966E+15,5.33327E+16
17832,3.17071E+18,3,1,58,37,2017,7,8,4,3,2,2,0,1,0,0,1,0,1,6.02012E+20,5.77723E+21,1.04905E+16,5.21362E+16
17833,3.17071E+18,3,1,2,0,2017,7,19,4,3,9,1,0,1,0,0,0,0,1,5.92937E+20,5.76577E+21,1.03549E+16,5.20347E+16
17834,3.17071E+18,3,1,53,17,2017,7,18,4,3,3,1,1,1,0,0,0,0,1,6.02028E+20,5.75081E+21,1.04829E+16,5.18987E+16
17835,3.17071E+18,3,1,51,14,2017,7,16,4,3,5,3,0,1,0,0,0,0,1,6.19552E+20,5.81788E+21,1.07611E+16,5.24979E+16
17836,3.1707E+18,3,3,59,27,2017,7,6,3,3,5,3,0,1,0,0,0,0,0,5.37817E+20,5.92887E+21,9.57022E+15,5.35074E+16
17837,3.17071E+18,3,1,51,9,2017,7,16,4,3,3,6,0,1,0,0,0,0,1,6.03562E+20,5.81416E+21,1.05245E+16,5.24678E+16
17838,3.17071E+18,3,1,1,0,2017,7,10,4,3,9,1,0,1,0,0,0,0,1,6.01645E+20,5.79362E+21,1.04901E+16,5.22835E+16
17839,3.1707E+18,3,3,59,10,2017,7,9,3,3,5,3,1,1,0,0,0,0,0,5.45399E+20,5.92626E+21,9.68416E+15,5.34834E+16
17840,3.17071E+18,3,4,59,24,2017,7,13,3,3,5,3,0,1,0,0,1,0,0,4.60697E+20,5.78696E+21,8.42451E+15,5.22317E+16
17841,3.1707E+18,3,3,59,17,2017,7,9,3,3,3,6,0,1,0,0,0,0,0,5.23002E+20,5.93344E+21,9.34718E+15,5.35493E+16
17842,3.17071E+18,3,4,4,0,2017,7,12,3,3,3,7,0,1,0,0,0,0,0,4.33401E+20,5.79388E+21,8.02352E+15,5.22913E+16
17843,3.1707E+18,3,3,57,39,2017,7,14,3,3,2,6,0,1,0,0,0,0,0,5.27858E+20,5.88518E+21,9.41621E+15,5.31153E+16
17844,3.1707E+18,3,3,57,39,2017,7,0,3,1,6,6,0,1,1,0,0,2,0,5.27704E+20,5.88664E+21,9.41405E+15,5.31285E+16
17845,3.17071E+18,3,4,4,0,2017,7,11,3,3,5,3,1,0,0,0,0,0,0,4.34272E+20,5.79274E+21,8.03652E+15,5.22811E+16
17846,3.1707E+18,3,3,55,34,2017,7,18,3,3,5,3,1,1,0,0,0,0,0,5.77514E+20,5.89105E+21,1.01594E+16,5.31632E+16
17847,3.1707E+18,3,2,41,1,2017,7,20,3,3,5,3,1,1,0,0,0,0,0,5.49903E+20,5.80774E+21,9.73377E+15,5.24176E+16
17848,3.17072E+18,3,4,53,11,2017,7,17,2,3,5,3,0,1,0,0,0,0,0,4.13396E+20,5.84604E+21,7.71668E+15,5.27573E+16
17849,3.17072E+18,3,4,55,25,2017,7,9,2,3,2,6,0,1,0,0,1,0,0,4.31187E+20,5.91151E+21,7.96627E+15,5.33483E+16
17850,3.1707E+18,3,2,41,1,2017,7,11,3,3,2,6,0,1,0,0,0,0,0,5.55288E+20,5.8069E+21,9.8128E+15,5.24095E+16
17851,3.1707E+18,3,2,41,2,2017,7,15,3,3,2,6,0,1,0,0,0,0,0,5.30035E+20,5.7979E+21,9.44076E+15,5.23306E+16
17852,3.17071E+18,3,4,56,1,2017,7,10,3,2,5,3,0,1,0,0,0,0,0,3.6947E+20,5.80264E+21,7.08318E+15,5.23585E+16
17853,3.17071E+18,3,4,56,15,2017,7,18,3,3,9,1,0,1,0,0,0,0,0,3.6743E+20,5.81194E+21,7.04958E+15,5.24415E+16
17854,3.17071E+18,3,4,52,1,2017,7,14,3,3,2,6,0,1,0,0,0,0,0,3.99371E+20,5.92589E+21,7.4839E+15,5.34724E+16
17855,3.17071E+18,3,4,55,14,2017,7,8,3,3,5,3,1,1,0,0,0,0,0,4.34556E+20,5.92874E+21,8.0133E+15,5.35035E+16
17856,3.17071E+18,3,3,61,3,2017,7,20,3,3,8,1,0,1,0,0,0,0,1,5.16203E+20,5.86041E+21,9.24085E+15,5.28932E+16
17857,3.1707E+18,3,2,41,5,2017,7,17,3,3,5,3,1,1,0,0,0,0,0,5.41434E+20,5.80637E+21,9.60908E+15,5.2406E+16
17858,3.17071E+18,3,3,61,6,2017,7,16,3,3,4,2,0,1,0,0,0,0,1,5.15235E+20,5.87056E+21,9.22692E+15,5.29844E+16
17859,3.17071E+18,3,3,61,9,2017,7,18,3,3,3,6,0,1,0,0,0,1,0,4.99333E+20,5.87717E+21,8.99005E+15,5.30441E+16
17860,3.1707E+18,3,2,41,3,2017,7,17,3,3,5,2,0,1,0,0,0,0,0,5.67662E+20,5.81089E+21,9.99549E+15,5.2444E+16
17861,3.17071E+18,3,4,51,5,2017,7,16,3,2,8,1,0,1,0,0,0,0,1,4.43055E+20,5.90619E+21,8.14549E+15,5.33019E+16
17862,3.17071E+18,3,4,51,2,2017,7,16,3,3,8,1,0,1,0,0,0,0,1,4.34019E+20,5.90019E+21,8.01116E+15,5.32468E+16
17863,3.1707E+18,3,2,57,18,2017,7,16,3,3,2,6,0,1,0,0,1,0,0,5.23837E+20,5.7923E+21,9.34942E+15,5.22806E+16
17864,3.17071E+18,3,4,51,7,2017,7,3,3,3,7,7,0,1,0,0,1,2,1,4.31461E+20,5.90084E+21,7.9727E+15,5.32524E+16
17865,3.17071E+18,3,4,51,8,2017,7,16,3,3,4,6,0,1,0,0,0,0,1,4.37642E+20,5.89651E+21,8.06618E+15,5.32143E+16
17866,3.1707E+18,3,2,56,8,2017,7,18,3,3,2,2,0,1,0,0,0,0,0,5.15025E+20,5.84582E+21,9.22267E+15,5.2762E+16
17867,3.17071E+18,3,4,51,2,2017,7,15,3,2,5,3,0,0,0,0,1,0,0,4.3245E+20,5.89926E+21,7.98785E+15,5.32383E+16
17868,3.1707E+18,3,2,54,28,2017,7,14,3,3,3,2,1,1,0,0,0,0,0,5.57867E+20,5.78769E+21,9.8474E+15,5.22365E+16
17869,3.17071E+18,3,2,51,45,2017,7,14,3,2,4,6,0,1,0,0,1,0,0,4.7917E+20,5.83145E+21,8.69222E+15,5.26326E+16
17870,3.17072E+18,3,3,61,1,2017,7,15,2,3,5,3,0,1,0,0,0,0,0,5.05456E+20,5.87232E+21,9.0813E+15,5.30004E+16
17871,3.1707E+18,3,2,54,13,2017,7,8,3,2,0,3,0,1,0,0,1,0,0,5.47463E+20,5.76653E+21,9.6921E+15,5.20474E+16
17872,3.1707E+18,3,2,52,8,2017,7,19,3,2,8,1,0,0,0,1,0,0,0,5.37741E+20,5.76872E+21,9.55059E+15,5.20678E+16
17873,3.17071E+18,3,2,51,25,2017,7,17,3,3,2,6,0,1,0,0,0,0,1,4.57069E+20,5.81529E+21,8.36777E+15,5.24861E+16
17874,3.17072E+18,3,3,61,6,2017,7,12,2,2,5,2,0,1,0,0,0,0,0,5.11134E+20,5.87465E+21,9.16598E+15,5.30213E+16
17875,3.1707E+18,3,2,52,6,2017,7,18,3,2,5,3,0,1,0,1,0,0,0,5.24302E+20,5.77339E+21,9.35488E+15,5.21105E+16
17876,3.1707E+18,3,1,57,2,2017,7,18,3,3,2,6,0,1,0,0,1,0,0,5.75974E+20,5.79518E+21,1.01142E+16,5.23017E+16
17877,3.1707E+18,3,1,57,6,2017,7,0,3,3,0,7,1,0,0,0,0,2,1,5.86266E+20,5.79488E+21,1.0265E+16,5.22975E+16
17878,3.1707E+18,3,1,2,0,2017,7,16,3,3,2,6,0,1,0,0,0,0,0,5.91982E+20,5.77889E+21,1.03445E+16,5.21528E+16
17879,3.1707E+18,3,1,2,0,2017,7,10,3,3,2,6,0,1,0,0,0,0,0,5.91436E+20,5.78057E+21,1.03369E+16,5.2168E+16
17880,3.1707E+18,3,1,51,39,2017,7,14,3,3,2,6,0,1,0,0,1,0,0,6.18325E+20,5.81358E+21,1.07415E+16,5.24595E+16
17881,3.1707E+18,3,2,41,11,2017,7,16,3,3,2,6,0,0,0,0,1,0,0,5.77865E+20,5.8019E+21,1.01435E+16,5.23619E+16
17882,3.17071E+18,3,4,61,5,2017,7,6,3,2,4,6,0,0,0,0,1,0,1,4.45149E+20,5.91019E+21,8.17622E+15,5.3338E+16
17883,3.1707E+18,3,4,4,0,2017,7,10,2,3,0,1,0,0,0,1,0,0,0,4.32668E+20,5.79013E+21,8.01353E+15,5.22575E+16
17884,3.17071E+18,3,4,61,6,2017,7,8,3,3,3,6,0,1,0,0,0,0,0,4.7076E+20,5.88831E+21,8.56285E+15,5.31434E+16