OBJECTID,UIDENTSTLA,ULAND,UREGBEZ,UKREIS,UGEMEINDE,UJAHR,UMONAT,USTUNDE,UWOCHENTAG,UKATEGORIE,UART,UTYP1,IstRad,IstPKW,IstFuss,IstKrad,IstSonstig,LICHT,STRZUSTAND,LINREFX,LINREFY,XGCSWGS84,YGCSWGS84
17885,3.1707E+18,3,4,59,20,2017,7,6,2,3,8,1,0,1,0,0,0,0,0,4.29985E+20,5.78347E+21,7.9756E+15,5.21972E+16
17886,3.17071E+18,3,4,58,7,2017,7,18,3,3,5,3,1,1,0,0,0,0,0,4.49593E+20,5.86628E+21,8.24986E+15,5.29438E+16
17887,3.17071E+18,3,3,52,59,2017,7,12,3,3,2,6,0,1,0,0,1,0,0,4.88608E+20,5.92113E+21,8.82851E+15,5.34391E+16
17888,3.1707E+18,3,4,59,29,2017,7,10,2,3,5,3,0,1,0,1,0,0,0,4.45492E+20,5.80536E+21,8.19892E+15,5.23958E+16
17889,3.17071E+18,3,3,53,26,2017,7,17,3,3,0,2,1,1,0,0,1,0,0,5.5275E+20,5.924E+21,9.79454E+15,5.34624E+16
17890,3.17071E+18,3,3,53,41,2017,7,16,3,3,5,3,1,1,0,0,0,0,0,5.45592E+20,5.90272E+21,9.68366E+15,5.32718E+16
17891,3.1707E+18,3,4,59,29,2017,7,8,2,3,2,6,0,1,0,0,0,0,0,4.43609E+20,5.79833E+21,8.17243E+15,5.23324E+16
17892,3.17071E+18,3,3,59,17,2017,7,14,3,3,2,6,0,1,0,0,0,0,0,5.2546E+20,5.9356E+21,9.38445E+15,5.35686E+16
17893,3.17071E+18,3,3,57,44,2017,7,6,3,3,0,1,1,0,0,0,0,1,1,5.33671E+20,5.90319E+21,9.50496E+15,5.32769E+16
17894,3.17071E+18,3,3,57,18,2017,7,22,3,2,3,7,0,1,0,0,1,1,0,5.19519E+20,5.89437E+21,9.29219E+15,5.31983E+16
17895,3.17071E+18,3,3,51,23,2017,7,16,3,3,5,3,1,1,0,0,0,0,0,5.56056E+20,5.83445E+21,9.82874E+15,5.26571E+16
17896,3.1707E+18,3,4,4,0,2017,7,8,2,3,2,6,0,1,0,0,0,0,0,4.34334E+20,5.7926E+21,8.03745E+15,5.22799E+16
17897,3.17071E+18,3,2,41,2,2017,7,16,3,3,4,7,0,1,0,0,0,0,0,5.32627E+20,5.79408E+21,9.47843E+15,5.22961E+16
17898,3.17071E+18,3,2,41,4,2017,7,11,3,3,0,4,0,0,1,0,1,0,0,5.60984E+20,5.81635E+21,9.89825E+15,5.24939E+16
17899,3.1707E+18,3,4,57,18,2017,7,13,2,3,5,3,1,0,0,0,0,0,0,4.05008E+20,5.88838E+21,7.58002E+15,5.31363E+16
17900,3.17071E+18,3,2,41,17,2017,7,15,3,3,5,2,0,1,0,0,0,0,0,5.40899E+20,5.78105E+21,9.59814E+15,5.21784E+16
17901,3.1707E+18,3,4,57,18,2017,7,9,2,2,7,7,0,1,0,0,0,0,0,4.04022E+20,5.88936E+21,7.565E+15,5.3145E+16
17902,3.17071E+18,3,2,41,1,2017,7,14,3,2,3,6,0,1,0,0,1,0,0,5.47752E+20,5.80913E+21,9.70234E+15,5.24303E+16
17903,3.1707E+18,3,4,54,44,2017,7,20,2,3,5,3,0,1,0,0,0,0,0,3.82575E+20,5.88084E+21,7.2476E+15,5.30641E+16
17904,3.1707E+18,3,4,56,15,2017,7,8,2,3,2,6,0,1,0,0,1,0,0,3.71736E+20,5.80593E+21,7.11518E+15,5.23886E+16
17905,3.17071E+18,3,2,41,1,2017,7,8,3,3,2,6,0,1,0,0,1,0,0,5.56178E+20,5.80864E+21,9.82618E+15,5.24251E+16
17906,3.1707E+18,3,4,60,6,2017,7,9,2,3,8,1,0,1,0,0,0,0,0,4.52822E+20,5.83486E+21,8.30244E+15,5.26617E+16
17907,3.1707E+18,3,4,53,8,2017,7,18,2,3,4,2,1,1,0,0,0,0,0,4.34656E+20,5.86829E+21,8.0272E+15,5.29602E+16
17908,3.1707E+18,3,4,55,14,2017,7,15,2,3,2,6,0,0,0,1,0,0,0,4.34426E+20,5.92955E+21,8.01117E+15,5.35108E+16
17909,3.1707E+18,3,3,61,1,2017,7,10,2,3,2,6,0,1,0,0,0,0,0,4.98908E+20,5.87689E+21,8.98371E+15,5.30416E+16
17910,3.1707E+18,3,2,51,37,2017,7,16,2,3,2,6,0,1,0,0,0,0,0,4.8184E+20,5.87614E+21,8.72919E+15,5.30345E+16
17911,3.17071E+18,3,2,57,31,2017,7,16,3,3,3,2,1,0,0,0,1,0,0,5.0559E+20,5.78241E+21,9.08178E+15,5.21921E+16
17912,3.17071E+18,3,2,56,5,2017,7,16,3,3,2,2,0,1,0,0,1,0,0,5.16024E+20,5.83869E+21,9.23711E+15,5.26979E+16
17913,3.17071E+18,3,2,54,29,2017,7,7,3,2,8,1,0,1,0,0,0,0,0,5.78135E+20,5.78636E+21,1.01438E+16,5.22221E+16
17914,3.17071E+18,3,2,54,2,2017,7,15,3,2,5,3,1,1,0,0,0,0,0,5.54909E+20,5.75948E+21,9.79954E+15,5.19833E+16
17915,3.17071E+18,3,1,58,27,2017,7,15,3,2,1,5,1,1,0,0,0,0,0,6.19394E+20,5.77781E+21,1.07446E+16,5.21379E+16
17916,3.1707E+18,3,2,51,47,2017,7,9,2,3,5,3,0,1,0,0,0,0,0,4.8561E+20,5.87085E+21,8.78564E+15,5.2987E+16
17917,3.17071E+18,3,1,51,40,2017,7,19,3,3,4,6,0,1,0,0,0,0,0,6.14894E+20,5.83576E+21,1.06987E+16,5.26596E+16
17918,3.17071E+18,3,4,59,24,2017,7,17,2,3,8,1,1,0,0,0,0,0,0,4.57589E+20,5.78522E+21,8.37922E+15,5.22158E+16
17919,3.1707E+18,3,4,58,3,2017,7,18,2,3,2,6,0,1,0,0,0,0,1,4.59541E+20,5.86995E+21,8.39744E+15,5.29776E+16
17920,3.17071E+18,3,4,59,33,2017,7,17,2,3,5,2,0,1,0,1,0,0,0,4.35025E+20,5.79974E+21,8.0462E+15,5.23441E+16
17921,3.1707E+18,3,4,1,0,2017,7,12,2,3,4,7,0,1,0,0,0,0,0,4.77094E+20,5.87776E+21,8.65829E+15,5.30489E+16
17922,3.17071E+18,3,4,59,3,2017,7,14,2,2,8,1,0,1,0,0,0,0,1,4.60244E+20,5.79232E+21,8.41724E+15,5.22798E+16
17923,3.1707E+18,3,3,52,11,2017,7,5,2,3,7,7,0,0,0,1,0,1,0,4.86908E+20,5.96027E+21,8.80126E+15,5.37909E+16
17924,3.17071E+18,3,4,4,0,2017,7,21,2,2,4,6,0,1,0,0,0,0,0,4.34238E+20,5.79485E+21,8.03561E+15,5.23001E+16
17925,3.1707E+18,3,3,53,5,2017,7,14,2,3,3,6,0,1,0,0,0,0,0,5.56321E+20,5.91405E+21,9.84654E+15,5.33725E+16
17926,3.17072E+18,3,3,61,12,2017,7,18,2,2,8,1,0,1,0,0,0,0,0,5.16694E+20,5.8674E+21,9.2485E+15,5.2956E+16
17927,3.1707E+18,3,3,53,26,2017,7,13,2,3,2,2,0,1,0,0,1,0,0,5.52801E+20,5.91614E+21,9.79399E+15,5.33917E+16
17928,3.1707E+18,3,3,59,10,2017,7,10,2,3,5,2,0,1,0,0,1,0,0,5.44146E+20,5.9225E+21,9.66475E+15,5.34497E+16
17929,3.1707E+18,3,3,58,22,2017,7,12,2,3,6,7,0,1,1,0,0,0,0,5.3979E+20,5.8571E+21,9.59102E+15,5.28622E+16
17930,3.1707E+18,3,3,57,45,2017,7,12,2,3,5,3,1,1,0,0,0,0,0,5.15543E+20,5.88492E+21,9.23221E+15,5.31135E+16
17931,3.17072E+18,3,4,3,0,2017,7,1,2,3,9,1,0,1,0,0,0,2,0,4.51226E+20,5.88487E+21,8.27135E+15,5.31111E+16
17932,3.1707E+18,3,3,57,39,2017,7,14,2,3,2,6,0,1,0,0,0,0,0,5.26559E+20,5.88438E+21,9.39675E+15,5.31082E+16
17933,3.1707E+18,3,2,41,21,2017,7,18,2,3,2,2,0,1,0,0,0,0,0,5.31394E+20,5.80596E+21,9.46145E+15,5.2403E+16
17934,3.17072E+18,3,4,3,0,2017,7,16,2,3,1,7,1,1,0,0,0,0,0,4.45352E+20,5.88824E+21,8.18304E+15,5.31408E+16
17935,3.1707E+18,3,2,41,17,2017,7,15,2,3,0,3,0,1,0,1,0,0,0,5.47797E+20,5.7851E+21,9.69958E+15,5.22143E+16
17936,3.1707E+18,3,2,41,6,2017,7,4,2,3,8,7,0,1,0,0,0,0,0,5.39716E+20,5.79975E+21,9.58304E+15,5.23466E+16
17937,3.1707E+18,3,2,41,2,2017,7,3,2,3,8,1,0,0,0,0,1,2,0,5.32606E+20,5.80392E+21,9.47907E+15,5.23845E+16
17938,3.1707E+18,3,2,41,16,2017,7,8,2,3,5,3,1,1,0,0,0,0,0,5.64364E+20,5.79858E+21,9.94461E+15,5.23338E+16
17939,3.17071E+18,3,4,57,10,2017,7,14,2,3,5,3,1,1,0,0,0,0,0,4.06399E+20,5.9077E+21,7.59514E+15,5.33102E+16
17940,3.1707E+18,3,2,41,10,2017,7,18,2,3,5,3,0,1,0,0,0,0,0,5.49171E+20,5.81025E+21,9.72337E+15,5.24403E+16
17941,3.17071E+18,3,4,54,45,2017,7,18,2,3,8,1,0,1,0,0,0,0,1,3.9019E+20,5.80052E+21,7.38802E+15,5.2344E+16
17942,3.1707E+18,3,2,41,10,2017,7,6,2,3,8,7,0,1,0,0,0,0,0,5.49064E+20,5.81132E+21,9.72195E+15,5.24499E+16
17943,3.17071E+18,3,4,54,10,2017,7,16,2,3,5,3,1,1,0,0,0,0,0,3.85184E+20,5.80668E+21,7.31245E+15,5.23983E+16
17944,3.1707E+18,3,2,41,5,2017,7,16,2,2,8,7,0,1,0,0,0,0,0,5.38475E+20,5.81106E+21,9.56612E+15,5.24484E+16
17945,3.17071E+18,3,4,54,10,2017,7,19,2,2,5,3,0,1,0,0,0,0,1,3.81499E+20,5.80241E+21,7.25982E+15,5.23592E+16
17946,3.17072E+18,3,4,3,0,2017,7,11,2,3,5,3,0,1,0,0,0,0,0,4.49627E+20,5.89004E+21,8.24666E+15,5.31573E+16
17947,3.1707E+18,3,1,59,26,2017,7,15,2,3,8,6,0,0,0,1,1,0,0,5.93278E+20,5.73384E+21,1.03512E+16,5.17477E+16
17948,3.17071E+18,3,4,60,8,2017,7,16,2,3,2,6,0,1,0,0,0,0,0,4.44599E+20,5.82759E+21,8.18209E+15,5.25955E+16
17949,3.1707E+18,3,1,59,26,2017,7,14,2,2,8,1,0,0,0,1,0,0,0,5.89899E+20,5.7328E+21,1.0302E+16,5.17389E+16
17950,3.1707E+18,3,1,55,9,2017,7,23,2,3,7,7,0,0,0,1,0,2,0,5.60677E+20,5.73031E+21,9.8784E+15,5.17204E+16
17951,3.17071E+18,3,4,60,2,2017,7,16,2,3,4,1,0,1,0,0,0,0,0,4.47132E+20,5.81984E+21,8.22073E+15,5.25261E+16
17952,3.1707E+18,3,2,56,16,2017,7,12,2,3,8,1,0,1,0,0,0,0,0,5.16292E+20,5.82307E+21,9.24032E+15,5.25575E+16
17953,3.1707E+18,3,2,57,35,2017,7,18,2,2,9,1,0,1,0,0,0,0,0,5.19298E+20,5.79609E+21,9.2831E+15,5.23148E+16
17954,3.1707E+18,3,2,54,8,2017,7,15,2,2,8,7,0,0,0,1,0,0,0,5.76165E+20,5.76717E+21,1.01107E+16,5.20499E+16
17955,3.17071E+18,3,4,60,6,2017,7,16,2,3,2,6,0,1,0,0,0,0,0,4.47228E+20,5.83509E+21,8.2197E+15,5.26632E+16
17956,3.17071E+18,3,4,55,15,2017,7,17,2,2,4,7,0,1,0,0,0,0,0,4.31638E+20,5.93278E+21,7.96842E+15,5.35394E+16
17957,3.1707E+18,3,1,59,16,2017,7,11,2,2,5,2,1,1,0,0,0,0,0,5.63863E+20,5.70973E+21,9.92076E+15,5.15351E+16
17958,3.17071E+18,3,3,61,6,2017,7,11,2,3,8,1,0,1,0,0,0,0,1,5.1074E+20,5.86863E+21,9.15991E+15,5.29672E+16
17959,3.1707E+18,3,1,58,30,2017,7,7,2,3,5,3,1,1,0,0,0,0,0,6.10613E+20,5.78718E+21,1.06194E+16,5.22239E+16
17960,3.17071E+18,3,4,3,0,2017,7,10,2,3,5,3,1,1,0,0,0,0,0,4.50955E+20,5.88503E+21,8.26727E+15,5.31125E+16
17961,3.17071E+18,3,2,51,41,2017,7,14,2,2,9,1,0,1,0,0,0,0,1,4.85182E+20,5.86316E+21,8.77961E+15,5.29179E+16
17962,3.1707E+18,3,1,58,37,2017,7,12,2,3,2,6,0,1,0,0,0,0,0,6.06344E+20,5.78193E+21,1.05553E+16,5.21776E+16
17963,3.17071E+18,3,4,61,4,2017,7,16,2,3,2,2,0,1,0,0,0,0,0,4.58689E+20,5.89349E+21,8.38172E+15,5.31892E+16
17964,3.17071E+18,3,4,58,5,2017,7,8,2,3,9,1,0,1,0,0,0,0,0,4.65061E+20,5.87605E+21,8.47898E+15,5.30328E+16
17965,3.1707E+18,3,1,58,37,2017,7,7,2,3,4,2,1,1,0,0,0,0,0,6.01537E+20,5.78085E+21,1.04847E+16,5.21688E+16
17966,3.17071E+18,3,3,52,62,2017,7,17,2,3,2,6,0,1,0,0,0,0,0,4.79208E+20,5.94759E+21,8.68524E+15,5.36766E+16
17967,3.1707E+18,3,1,57,6,2017,7,13,2,2,9,1,0,1,0,0,0,0,0,5.87256E+20,5.7965E+21,1.028E+16,5.23119E+16
17968,3.17071E+18,3,3,59,13,2017,7,0,2,3,4,6,1,0,0,1,0,2,0,5.26535E+20,5.95067E+21,9.40197E+15,5.3704E+16
17969,3.1707E+18,3,1,53,504,2017,7,19,2,1,4,2,0,0,0,1,0,0,0,5.99668E+20,5.74258E+21,1.04462E+16,5.18252E+16
17970,3.17071E+18,3,3,58,20,2017,7,17,2,3,9,1,0,1,0,0,0,0,1,5.40871E+20,5.83785E+21,9.60469E+15,5.26891E+16
17971,3.1707E+18,3,1,51,5,2017,7,9,2,3,5,3,0,1,0,0,0,0,0,6.31071E+20,5.82887E+21,1.09351E+16,5.25941E+16
17972,3.1707E+18,3,1,58,37,2017,7,8,2,3,2,6,0,1,0,0,1,0,0,6.03491E+20,5.78271E+21,1.05138E+16,5.21852E+16
17973,3.1707E+18,3,4,4,0,2017,7,18,1,3,5,3,0,1,0,1,0,0,0,4.35169E+20,5.79084E+21,8.05003E+15,5.22641E+16
17974,3.1707E+18,3,4,4,0,2017,7,11,1,2,0,3,0,1,0,1,0,0,1,4.35737E+20,5.79117E+21,8.05828E+15,5.22671E+16
17975,3.17072E+18,3,2,51,47,2017,7,20,2,3,4,6,1,0,0,0,0,1,0,4.89656E+20,5.86814E+21,8.84599E+15,5.29628E+16
17976,3.17072E+18,3,4,1,0,2017,7,14,2,3,5,3,1,1,0,0,0,0,0,4.75682E+20,5.88003E+21,8.63706E+15,5.30692E+16
17977,3.1707E+18,3,4,55,14,2017,7,18,1,3,5,3,1,1,0,0,0,0,0,4.35248E+20,5.92897E+21,8.02368E+15,5.35057E+16
17978,3.17071E+18,3,3,58,16,2017,7,19,2,3,0,1,0,1,0,0,0,0,1,5.71175E+20,5.87287E+21,1.00606E+16,5.30007E+16
17979,3.1707E+18,3,4,51,1,2017,7,11,1,3,0,1,0,0,0,1,0,0,1,4.20265E+20,5.8972E+21,7.80582E+15,5.32181E+16
17980,3.17072E+18,3,3,59,34,2017,7,16,2,3,5,2,1,0,0,0,1,0,0,5.40213E+20,5.92714E+21,9.60611E+15,5.34917E+16
17981,3.1707E+18,3,4,58,9,2017,7,16,1,3,5,3,0,1,0,0,0,0,0,4.50952E+20,5.87852E+21,8.26822E+15,5.30539E+16
17982,3.17071E+18,3,3,58,23,2017,7,11,2,3,2,2,0,1,0,0,0,0,1,5.65364E+20,5.86837E+21,9.97311E+15,5.2961E+16
17983,3.17072E+18,3,3,52,11,2017,7,7,2,3,5,1,1,1,0,0,0,0,0,4.80212E+20,5.96851E+21,8.69909E+15,5.38647E+16
17984,3.1707E+18,3,3,52,11,2017,7,18,1,2,0,7,1,1,0,0,0,0,0,4.81552E+20,5.96687E+21,8.71957E+15,5.385E+16
17985,3.1707E+18,3,3,55,22,2017,7,13,1,3,8,1,0,1,0,0,0,0,1,5.93247E+20,5.90414E+21,1.03985E+16,5.32783E+16
17986,3.17071E+18,3,3,57,26,2017,7,15,2,3,5,3,0,1,0,0,0,0,1,5.073E+20,5.90095E+21,9.10943E+15,5.32578E+16
17987,3.17072E+18,3,3,52,20,2017,7,5,2,3,9,7,0,1,0,0,0,0,0,5.13708E+20,5.94475E+21,9.2074E+15,5.36514E+16
17988,3.1707E+18,3,3,58,5,2017,7,16,1,3,5,2,0,1,0,0,0,0,0,5.4661E+20,5.83207E+21,9.68877E+15,5.26366E+16
17989,3.1707E+18,3,3,57,52,2017,7,10,1,2,2,1,1,0,0,0,0,0,0,5.06279E+20,5.88944E+21,9.0939E+15,5.31543E+16
17990,3.1707E+18,3,3,51,6,2017,7,7,1,3,9,7,0,1,0,0,0,0,0,5.7857E+20,5.839E+21,1.01626E+16,5.26952E+16
17991,3.1707E+18,3,3,51,4,2017,7,16,1,3,2,6,0,1,0,0,0,0,0,5.64768E+20,5.85169E+21,9.96093E+15,5.28111E+16
17992,3.1707E+18,3,2,41,17,2017,7,17,1,3,8,1,0,1,0,0,0,0,0,5.48124E+20,5.78015E+21,9.70367E+15,5.21697E+16
17993,3.17071E+18,3,3,57,23,2017,7,7,2,3,2,6,0,1,0,0,0,0,1,5.3281E+20,5.89586E+21,9.4913E+15,5.3211E+16
17994,3.17071E+18,3,3,57,44,2017,7,17,2,2,2,1,0,1,0,0,0,0,1,5.33958E+20,5.90494E+21,9.50946E+15,5.32926E+16
17995,3.1707E+18,3,2,41,2,2017,7,13,1,3,2,6,0,1,0,0,0,0,1,5.287E+20,5.79799E+21,9.42118E+15,5.23315E+16
17996,3.17071E+18,3,3,60,15,2017,7,12,2,3,5,3,0,1,0,0,1,0,1,6.12586E+20,5.87425E+21,1.06779E+16,5.3006E+16
17997,3.1707E+18,3,2,41,11,2017,7,0,1,3,2,6,0,1,0,0,0,2,0,5.64835E+20,5.80494E+21,9.95275E+15,5.23909E+16
17998,3.17071E+18,3,3,60,10,2017,7,9,2,3,0,3,0,1,0,0,1,0,1,5.90505E+20,5.87779E+21,1.03499E+16,5.30419E+16
17999,3.17071E+18,3,3,54,12,2017,7,19,2,2,8,1,0,1,0,0,0,0,1,6.32486E+20,5.88311E+21,1.0978E+16,5.3081E+16
18000,3.1707E+18,3,2,41,1,2017,7,18,1,2,6,6,1,0,1,0,0,0,0,5.47362E+20,5.80146E+21,9.69552E+15,5.23614E+16
18001,3.1707E+18,3,2,41,15,2017,7,16,1,2,8,1,1,0,0,0,0,0,1,5.43364E+20,5.80337E+21,9.63706E+15,5.23789E+16
18002,3.17071E+18,3,3,55,4,2017,7,10,2,3,5,3,0,1,0,0,0,0,1,5.92859E+20,5.90635E+21,1.03933E+16,5.32982E+16
18003,3.17071E+18,3,3,51,6,2017,7,9,2,3,0,7,1,1,0,0,0,0,1,5.73782E+20,5.83073E+21,1.00899E+16,5.26216E+16
18004,3.1707E+18,3,2,41,1,2017,7,15,1,3,0,1,0,0,0,1,0,0,1,5.47385E+20,5.80353E+21,9.69615E+15,5.238E+16
18005,3.17071E+18,3,2,41,9,2017,7,17,2,3,5,3,0,1,0,0,0,0,0,5.56567E+20,5.79472E+21,9.82955E+15,5.22999E+16
18006,3.1707E+18,3,1,55,9,2017,7,12,1,3,5,7,1,1,0,0,0,0,0,5.56882E+20,5.72885E+21,9.82323E+15,5.17077E+16
18007,3.17071E+18,3,2,41,21,2017,7,14,2,3,8,1,0,1,0,0,0,0,1,5.27649E+20,5.80689E+21,9.40648E+15,5.24115E+16
18008,3.1707E+18,3,2,54,41,2017,7,13,1,2,9,1,0,0,0,1,0,0,1,5.4872E+20,5.76131E+21,9.70969E+15,5.20003E+16
18009,3.1707E+18,3,2,55,13,2017,7,16,1,3,5,3,0,1,0,0,0,0,1,5.44338E+20,5.75339E+21,9.64484E+15,5.19295E+16
18010,3.17072E+18,3,3,56,9,2017,7,0,2,3,9,7,0,1,0,0,0,1,0,4.75724E+20,5.90181E+21,8.63603E+15,5.32649E+16
18011,3.17072E+18,3,3,52,59,2017,7,19,2,3,2,2,0,1,0,0,1,0,0,4.93205E+20,5.9195E+21,8.89775E+15,5.34245E+16
18012,3.17072E+18,3,3,53,5,2017,7,8,2,3,5,3,1,1,0,0,0,0,0,5.60476E+20,5.90744E+21,9.90772E+15,5.33127E+16
18013,3.1708E+18,3,3,60,2,2017,8,10,4,3,0,6,1,0,0,0,1,0,0,6.06819E+20,5.8816E+21,1.05944E+16,5.30732E+16
18014,3.17073E+18,3,3,57,21,2017,7,10,4,2,4,1,0,1,0,0,0,0,0,5.27413E+20,5.90556E+21,9.41133E+15,5.32985E+16
18015,3.1708E+18,3,3,51,4,2017,8,18,4,2,9,1,0,1,0,0,0,0,0,5.6701E+20,5.84376E+21,9.99256E+15,5.27396E+16
18016,3.1708E+18,3,2,41,1,2017,8,16,4,3,5,2,0,1,0,0,0,0,0,5.46673E+20,5.80132E+21,9.68538E+15,5.23602E+16
18017,3.1708E+18,3,2,41,1,2017,8,16,4,3,5,3,1,1,0,0,0,0,0,5.46732E+20,5.8034E+21,9.68654E+15,5.23789E+16
18018,3.1708E+18,3,2,41,6,2017,8,8,4,3,5,2,0,1,0,0,0,0,0,5.41132E+20,5.7983E+21,9.60365E+15,5.23335E+16
18019,3.1708E+18,3,2,41,14,2017,8,11,4,3,2,6,0,1,0,0,0,0,0,5.45567E+20,5.79961E+21,9.66891E+15,5.23449E+16
18020,3.17073E+18,3,3,57,39,2017,7,10,4,3,5,3,1,1,0,0,0,0,0,5.26603E+20,5.884E+21,9.39737E+15,5.31048E+16
18021,3.1708E+18,3,2,41,1,2017,8,17,5,3,2,6,0,1,0,0,1,0,0,5.42143E+20,5.80806E+21,9.61972E+15,5.24211E+16
18022,3.1708E+18,3,2,41,5,2017,8,16,4,3,5,3,1,1,0,0,0,0,0,5.41135E+20,5.80664E+21,9.60471E+15,5.24084E+16
18023,3.1708E+18,3,2,41,5,2017,8,13,4,3,7,7,0,0,0,0,1,0,0,5.41402E+20,5.81292E+21,9.60942E+15,5.24649E+16
18024,3.17073E+18,3,3,60,2,2017,7,8,4,3,2,6,0,1,0,0,0,0,1,6.07266E+20,5.87865E+21,1.06001E+16,5.30466E+16
18025,3.1708E+18,3,3,55,3,2017,8,7,5,3,5,3,0,1,0,0,0,0,1,5.98968E+20,5.91422E+21,1.04874E+16,5.33678E+16
18026,3.1708E+18,3,2,41,4,2017,8,17,4,2,2,6,0,1,0,1,0,0,0,5.54912E+20,5.82362E+21,9.81003E+15,5.25599E+16
18027,3.17073E+18,3,3,51,6,2017,7,15,4,3,2,6,0,1,0,0,0,0,0,5.74479E+20,5.8294E+21,1.00999E+16,5.26095E+16
18028,3.17073E+18,3,2,41,1,2017,7,9,4,3,2,7,0,1,0,0,0,0,1,5.56569E+20,5.80427E+21,9.83119E+15,5.23858E+16
18029,3.1708E+18,3,4,58,9,2017,8,13,5,3,5,2,1,1,0,0,0,0,0,4.50727E+20,5.87789E+21,8.26497E+15,5.30483E+16
18030,3.1708E+18,3,2,57,22,2017,8,23,4,2,2,6,0,0,0,0,1,2,1,5.06164E+20,5.78555E+21,9.09024E+15,5.22203E+16
18031,3.17073E+18,3,2,41,1,2017,7,15,4,3,2,6,0,1,0,0,0,0,0,5.53951E+20,5.80758E+21,9.79326E+15,5.24158E+16
18032,3.1708E+18,3,4,54,32,2017,8,16,5,3,6,4,1,0,1,0,0,0,0,3.86394E+20,5.82046E+21,7.32553E+15,5.25224E+16
18033,3.17073E+18,3,2,41,21,2017,7,7,4,3,4,1,0,1,0,0,1,0,1,5.27659E+20,5.8069E+21,9.40664E+15,5.24117E+16
18034,3.1708E+18,3,1,57,7,2017,8,14,6,2,5,3,1,1,0,0,0,0,0,5.94799E+20,5.79116E+21,1.03891E+16,5.22626E+16
18035,3.17072E+18,3,2,57,35,2017,7,13,4,3,2,6,0,1,0,0,0,0,0,5.13124E+20,5.79672E+21,9.19255E+15,5.23207E+16
18036,3.17073E+18,3,2,41,21,2017,7,9,4,3,8,1,0,1,0,0,0,0,1,5.31684E+20,5.81167E+21,9.46627E+15,5.24543E+16
18037,3.17072E+18,3,2,54,28,2017,7,20,4,3,9,1,0,0,0,0,1,0,1,5.62645E+20,5.79026E+21,9.91784E+15,5.22592E+16
18038,3.17073E+18,3,2,41,13,2017,7,16,4,3,2,6,0,1,0,0,0,0,0,5.54122E+20,5.78488E+21,9.79212E+15,5.22117E+16
18039,3.17072E+18,3,2,54,20,2017,7,22,4,3,7,7,0,1,0,0,0,2,1,5.63761E+20,5.78659E+21,9.93349E+15,5.2226E+16
18040,3.17073E+18,3,2,41,11,2017,7,9,4,2,5,3,0,1,0,0,0,0,1,5.68686E+20,5.80394E+21,1.00091E+16,5.23814E+16
18041,3.17073E+18,3,2,41,4,2017,7,10,4,3,6,2,0,1,1,0,0,0,1,5.58269E+20,5.81608E+21,9.85822E+15,5.24918E+16
18042,3.17072E+18,3,2,54,21,2017,7,8,4,2,5,3,1,1,0,0,0,0,0,5.67092E+20,5.77442E+21,9.97985E+15,5.21162E+16
18043,3.17073E+18,3,2,41,11,2017,7,16,4,3,3,6,0,1,0,0,1,0,0,5.61215E+20,5.80477E+21,9.89953E+15,5.23898E+16
18044,3.17073E+18,3,2,41,1,2017,7,15,4,3,2,6,0,1,0,0,1,0,0,5.42518E+20,5.80803E+21,9.62522E+15,5.24208E+16
18045,3.17072E+18,3,2,55,8,2017,7,17,4,3,0,1,0,0,0,1,1,0,1,5.588E+20,5.75126E+21,9.85479E+15,5.1909E+16
18046,3.17073E+18,3,2,41,1,2017,7,12,4,3,2,6,0,1,0,0,0,0,0,5.49845E+20,5.8081E+21,9.73296E+15,5.24209E+16
18047,3.17073E+18,3,2,41,2,2017,7,12,4,2,6,7,0,1,1,0,0,0,0,5.31547E+20,5.79506E+21,9.46268E+15,5.2305E+16
18048,3.17073E+18,3,2,41,1,2017,7,13,4,3,0,7,0,1,0,0,1,0,0,5.49845E+20,5.80811E+21,9.73296E+15,5.24209E+16
18049,3.1708E+18,3,2,41,1,2017,8,21,4,1,6,4,0,0,1,0,1,2,0,5.5263E+20,5.79841E+21,9.7724E+15,5.23335E+16
18050,3.17073E+18,3,2,41,1,2017,7,11,4,3,2,6,0,1,0,0,1,0,0,5.49182E+20,5.8034E+21,9.72253E+15,5.23786E+16
18051,3.1708E+18,3,2,41,1,2017,8,16,4,3,6,4,0,1,1,0,0,0,0,5.51855E+20,5.79981E+21,9.76124E+15,5.23461E+16
18052,3.17073E+18,3,2,41,1,2017,7,6,4,3,5,3,0,1,0,0,0,0,1,5.49985E+20,5.80232E+21,9.73416E+15,5.23688E+16
18053,3.1708E+18,3,2,57,31,2017,8,15,4,2,9,1,0,1,0,0,0,0,0,5.07938E+20,5.78438E+21,9.11617E+15,5.22098E+16
18054,3.1708E+18,3,2,57,2,2017,8,18,4,3,5,3,0,1,0,1,0,0,0,5.21001E+20,5.79214E+21,9.30783E+15,5.22792E+16
18055,3.17073E+18,3,2,56,22,2017,7,13,4,3,2,6,0,1,0,0,0,0,0,5.14957E+20,5.8346E+21,9.22115E+15,5.26611E+16
18056,3.17073E+18,3,2,54,22,2017,7,14,4,3,6,1,0,1,1,0,0,0,0,5.7608E+20,5.77354E+21,1.01109E+16,5.21072E+16
18057,3.1708E+18,3,2,54,8,2017,8,14,4,3,4,2,0,1,0,0,0,0,0,5.77532E+20,5.7618E+21,1.01294E+16,5.20014E+16
18058,3.1708E+18,3,2,54,8,2017,8,8,4,3,1,5,0,1,0,0,1,0,0,5.77693E+20,5.7629E+21,1.0132E+16,5.20113E+16
18059,3.17073E+18,3,2,54,29,2017,7,13,4,3,5,3,0,1,0,0,0,0,0,5.76448E+20,5.78339E+21,1.01185E+16,5.21957E+16