OBJECTID,UIDENTSTLA,ULAND,UREGBEZ,UKREIS,UGEMEINDE,UJAHR,UMONAT,USTUNDE,UWOCHENTAG,UKATEGORIE,UART,UTYP1,IstRad,IstPKW,IstFuss,IstKrad,IstSonstig,LICHT,STRZUSTAND,LINREFX,LINREFY,XGCSWGS84,YGCSWGS84
18060,3.17073E+18,3,2,54,2,2017,7,14,4,3,4,1,0,1,0,0,0,0,0,5.56488E+20,5.75648E+21,9.82203E+15,5.19561E+16
18061,3.1708E+18,3,3,56,8,2017,8,7,4,3,2,6,0,1,0,0,0,0,0,4.83701E+20,5.89113E+21,8.75617E+15,5.31692E+16
18062,3.1708E+18,3,1,59,1,2017,8,16,4,3,4,5,0,1,0,1,0,0,0,5.48607E+20,5.71478E+21,9.70153E+15,5.15819E+16
18063,3.17073E+18,3,2,55,8,2017,7,5,4,2,4,1,0,1,0,0,0,0,1,5.58864E+20,5.75122E+21,9.85571E+15,5.19086E+16
18064,3.17073E+18,3,2,52,1,2017,7,7,4,2,9,1,0,1,0,0,0,0,1,5.18046E+20,5.76871E+21,9.26328E+15,5.20687E+16
18065,3.1708E+18,3,4,59,33,2017,8,16,4,3,5,3,1,1,0,0,0,0,0,4.30083E+20,5.8E+21,7.97361E+15,5.23459E+16
18066,3.1708E+18,3,1,58,10,2017,8,7,4,3,9,1,0,1,0,0,0,0,0,6.06704E+20,5.77202E+21,1.05574E+16,5.20884E+16
18067,3.17073E+18,3,2,52,6,2017,7,1,4,3,0,3,0,1,0,0,1,2,1,5.24644E+20,5.77293E+21,9.35983E+15,5.21064E+16
18068,3.1708E+18,3,1,2,0,2017,8,18,5,3,0,1,1,0,0,0,0,0,0,5.94659E+20,5.76721E+21,1.03803E+16,5.20474E+16
18069,3.1708E+18,3,1,58,28,2017,8,18,4,3,8,1,0,0,0,1,0,0,0,5.86527E+20,5.76604E+21,1.02615E+16,5.20382E+16
18070,3.17073E+18,3,1,59,7,2017,7,9,4,3,7,7,0,0,0,0,1,1,1,5.68403E+20,5.71841E+21,9.9879E+15,5.16126E+16
18071,3.1708E+18,3,2,57,35,2017,8,17,5,3,8,1,0,0,0,1,0,0,0,5.16035E+20,5.79619E+21,9.23523E+15,5.23158E+16
18072,3.17073E+18,3,1,54,25,2017,7,11,4,2,8,1,0,0,0,0,1,0,1,6.30531E+20,5.78292E+21,1.09092E+16,5.21813E+16
18073,3.1708E+18,3,2,41,10,2017,8,17,5,3,6,4,0,1,1,0,0,0,0,5.51194E+20,5.81166E+21,9.75335E+15,5.24527E+16
18074,3.1708E+18,3,1,53,12,2017,8,6,4,3,0,6,0,1,0,0,1,0,0,5.82123E+20,5.74273E+21,1.01917E+16,5.18294E+16
18075,3.17073E+18,3,1,54,10,2017,7,15,4,3,9,1,0,1,0,0,0,0,0,6.32593E+20,5.78776E+21,1.09412E+16,5.22242E+16
18076,3.17073E+18,3,1,58,37,2017,7,18,4,3,8,1,0,1,0,0,0,0,0,6.08678E+20,5.78035E+21,1.05889E+16,5.21629E+16
18077,3.17073E+18,3,1,2,0,2017,7,12,4,2,2,6,0,1,0,0,1,0,1,5.91315E+20,5.77749E+21,1.03344E+16,5.21404E+16
18078,3.17073E+18,3,1,53,17,2017,7,3,4,3,0,1,0,1,0,0,0,2,1,5.98472E+20,5.75316E+21,1.04319E+16,5.19205E+16
18079,3.17073E+18,3,4,59,34,2017,7,10,3,3,5,3,0,1,0,0,0,0,1,4.26625E+20,5.76997E+21,7.92937E+15,5.20754E+16
18080,3.17073E+18,3,4,59,22,2017,7,15,3,3,9,1,0,1,0,0,0,0,1,4.42306E+20,5.78358E+21,8.15583E+15,5.21997E+16
18081,3.1708E+18,3,1,51,24,2017,8,18,4,3,2,6,0,1,0,1,0,0,0,6.27668E+20,5.81618E+21,1.088E+16,5.24808E+16
18082,3.1708E+18,3,1,51,4,2017,8,7,4,3,9,1,0,1,0,0,0,0,0,6.17452E+20,5.81834E+21,1.07304E+16,5.25026E+16
18083,3.17073E+18,3,4,59,21,2017,7,14,3,3,5,3,0,1,0,0,0,0,1,4.28276E+20,5.79006E+21,7.9492E+15,5.22562E+16
18084,3.1708E+18,3,1,1,0,2017,8,12,4,3,5,3,0,1,0,0,0,0,0,6.02065E+20,5.78452E+21,1.04935E+16,5.22017E+16
18085,3.17073E+18,3,4,56,20,2017,7,5,3,3,9,1,0,1,0,0,0,1,1,3.78996E+20,5.79452E+21,7.22593E+15,5.22877E+16
18086,3.1708E+18,3,4,60,5,2017,8,18,3,3,3,6,0,1,0,0,1,0,0,4.3972E+20,5.8267E+21,8.11023E+15,5.2587E+16
18087,3.1708E+18,3,4,59,12,2017,8,7,3,2,2,6,0,1,0,0,1,0,0,4.40608E+20,5.78853E+21,8.13012E+15,5.22439E+16
18088,3.17073E+18,3,4,54,32,2017,7,19,3,3,5,2,1,1,0,0,0,0,0,3.89013E+20,5.82455E+21,7.36275E+15,5.25597E+16
18089,3.1708E+18,3,4,59,24,2017,8,21,3,2,9,6,0,1,0,0,1,1,0,4.60296E+20,5.79157E+21,8.41811E+15,5.2273E+16
18090,3.1708E+18,3,4,59,7,2017,8,9,3,2,8,1,0,1,0,0,0,0,0,4.30033E+20,5.82995E+21,7.96659E+15,5.2615E+16
18091,3.17073E+18,3,4,62,3,2017,7,12,3,2,2,6,0,1,0,0,0,0,1,4.08119E+20,5.94477E+21,7.6101E+15,5.36436E+16
18092,3.1708E+18,3,1,58,30,2017,8,13,5,3,5,3,0,1,0,0,0,0,0,6.10299E+20,5.7848E+21,1.0614E+16,5.22026E+16
18093,3.1708E+18,3,4,4,0,2017,8,10,3,3,2,6,0,1,0,0,0,0,0,4.355E+20,5.79081E+21,8.05487E+15,5.22639E+16
18094,3.1708E+18,3,4,57,17,2017,8,8,3,3,2,6,0,1,0,0,1,0,0,4.07657E+20,5.88873E+21,7.6195E+15,5.314E+16
18095,3.17073E+18,3,4,52,1,2017,7,18,3,3,2,6,0,1,0,0,0,0,1,3.99152E+20,5.92516E+21,7.48082E+15,5.34658E+16
18096,3.1708E+18,3,2,56,18,2017,8,15,5,3,2,6,0,1,0,0,0,0,0,5.07855E+20,5.81725E+21,9.11573E+15,5.25054E+16
18097,3.1708E+18,3,4,56,27,2017,8,18,3,3,5,3,1,0,0,0,0,0,0,3.78755E+20,5.79586E+21,7.22191E+15,5.22997E+16
18098,3.17073E+18,3,4,53,7,2017,7,0,3,3,8,1,0,1,0,0,0,2,1,4.18894E+20,5.87571E+21,7.79074E+15,5.30247E+16
18099,3.1708E+18,3,2,41,2,2017,8,16,5,3,2,6,0,1,0,0,0,0,0,5.34192E+20,5.7928E+21,9.50125E+15,5.22845E+16
18100,3.1708E+18,3,4,56,25,2017,8,8,3,2,5,3,1,0,0,0,1,0,0,3.73753E+20,5.82017E+21,7.13943E+15,5.2517E+16
18101,3.17073E+18,3,4,53,7,2017,7,23,3,3,9,1,0,1,0,0,0,2,1,4.19369E+20,5.88286E+21,7.79603E+15,5.30891E+16
18102,3.1708E+18,3,3,52,61,2017,8,7,5,2,4,1,0,1,0,0,0,0,1,4.79292E+20,5.95734E+21,8.68586E+15,5.37642E+16
18103,3.17073E+18,3,4,60,8,2017,7,15,3,3,2,2,0,1,0,0,1,0,1,4.45276E+20,5.82733E+21,8.19213E+15,5.25933E+16
18104,3.17073E+18,3,4,60,6,2017,7,13,3,3,5,3,0,1,0,0,0,0,1,4.47419E+20,5.84096E+21,8.22159E+15,5.27159E+16
18105,3.1708E+18,3,4,3,0,2017,8,4,5,3,9,1,0,0,0,0,1,2,1,4.46024E+20,5.88961E+21,8.19285E+15,5.31531E+16
18106,3.17073E+18,3,4,53,8,2017,7,12,3,3,5,2,1,1,0,0,0,0,1,4.3485E+20,5.86697E+21,8.03036E+15,5.29484E+16
18107,3.1708E+18,3,1,1,0,2017,8,15,6,2,8,1,0,1,0,0,0,0,0,6.0296E+20,5.79617E+21,1.05101E+16,5.23062E+16
18108,3.17073E+18,3,3,61,5,2017,7,10,3,3,2,6,0,1,0,0,0,0,1,5.21823E+20,5.86583E+21,9.32474E+15,5.29417E+16
18109,3.17072E+18,3,2,52,6,2017,7,21,4,3,5,3,0,1,0,1,0,2,1,5.25554E+20,5.77265E+21,9.37309E+15,5.21038E+16
18110,3.1708E+18,3,4,56,25,2017,8,18,3,3,5,2,0,1,0,0,1,0,0,3.73395E+20,5.82122E+21,7.13376E+15,5.25263E+16
18111,3.17072E+18,3,1,59,34,2017,7,11,4,3,8,1,0,0,0,1,0,0,0,5.46565E+20,5.68736E+21,9.66844E+15,5.13356E+16
18112,3.17072E+18,3,1,59,16,2017,7,13,4,2,2,6,0,1,0,0,0,0,0,5.60988E+20,5.7096E+21,9.87929E+15,5.15342E+16
18113,3.17073E+18,3,4,51,7,2017,7,16,3,3,9,1,0,0,0,0,1,0,1,4.29688E+20,5.90172E+21,7.94593E+15,5.32601E+16
18114,3.17073E+18,3,4,51,4,2017,7,11,3,3,8,1,0,1,0,0,0,0,1,4.3654E+20,5.88636E+21,8.05169E+15,5.31229E+16
18115,3.17072E+18,3,1,54,7,2017,7,18,4,2,8,1,0,0,0,0,1,0,0,6.30856E+20,5.81454E+21,1.09262E+16,5.24653E+16
18116,3.17073E+18,3,2,51,42,2017,7,15,3,3,4,6,1,0,0,0,0,0,1,4.74811E+20,5.85045E+21,8.62635E+15,5.28032E+16
18117,3.17073E+18,3,4,58,8,2017,7,10,3,3,5,3,0,1,0,0,0,0,1,4.7312E+20,5.86241E+21,8.60029E+15,5.29107E+16
18118,3.17072E+18,3,1,57,9,2017,7,11,4,3,5,3,0,1,0,0,0,0,0,5.81149E+20,5.78903E+21,1.01886E+16,5.22457E+16
18119,3.17073E+18,3,3,52,62,2017,7,5,3,1,8,1,0,0,0,1,0,1,1,4.91756E+20,5.93827E+21,8.87544E+15,5.35932E+16
18120,3.17072E+18,3,1,53,17,2017,7,19,4,2,5,2,0,1,0,1,0,0,0,6.07011E+20,5.75704E+21,1.05572E+16,5.19538E+16
18121,3.17073E+18,3,3,56,9,2017,7,5,3,3,9,1,0,1,0,0,0,1,1,4.76161E+20,5.89753E+21,8.64291E+15,5.32265E+16
18122,3.1708E+18,3,4,56,20,2017,8,13,3,2,8,7,0,0,0,0,1,0,0,3.80616E+20,5.79595E+21,7.24916E+15,5.23009E+16
18123,3.17072E+18,3,1,53,17,2017,7,8,4,3,2,6,0,0,0,0,1,0,0,5.97567E+20,5.75108E+21,1.04181E+16,5.1902E+16
18124,3.17073E+18,3,3,52,61,2017,7,6,3,2,4,1,0,1,0,0,1,0,0,4.75777E+20,5.95713E+21,8.63255E+15,5.37622E+16
18125,3.1708E+18,3,4,52,1,2017,8,17,3,3,1,3,0,1,0,0,0,0,0,3.9654E+20,5.92821E+21,7.4405E+15,5.34927E+16
18126,3.1708E+18,3,4,53,3,2017,8,8,3,3,9,7,0,1,0,0,0,0,0,4.43685E+20,5.84765E+21,8.16517E+15,5.27757E+16
18127,3.1708E+18,3,4,53,5,2017,8,5,3,3,2,6,0,1,0,0,0,1,0,4.40868E+20,5.85711E+21,8.12171E+15,5.28604E+16
18128,3.1708E+18,3,4,53,5,2017,8,18,3,2,5,3,1,1,0,0,0,0,0,4.40152E+20,5.85912E+21,8.1107E+15,5.28785E+16
18129,3.17073E+18,3,3,53,29,2017,7,16,3,2,4,1,0,1,0,0,0,0,1,5.57189E+20,5.91801E+21,9.86031E+15,5.34081E+16
18130,3.1708E+18,3,4,55,27,2017,8,9,3,3,2,6,0,1,0,0,0,0,0,4.31733E+20,5.91889E+21,7.97289E+15,5.34146E+16
18131,3.17073E+18,3,3,53,38,2017,7,14,3,3,4,2,0,1,0,0,0,0,1,5.53491E+20,5.89931E+21,9.80153E+15,5.32404E+16
18132,3.17073E+18,3,3,59,27,2017,7,15,3,3,0,1,0,0,0,1,0,0,1,5.37764E+20,5.92888E+21,9.56942E+15,5.35075E+16
18133,3.17073E+18,3,3,59,10,2017,7,10,3,2,5,3,1,1,0,0,0,0,1,5.44911E+20,5.92434E+21,9.67653E+15,5.34662E+16
18134,3.17072E+18,3,1,51,40,2017,7,18,4,3,9,1,0,1,0,0,0,0,0,6.15359E+20,5.84739E+21,1.07097E+16,5.2764E+16
18135,3.17073E+18,3,3,59,27,2017,7,15,3,3,8,1,0,1,0,0,0,0,1,5.3906E+20,5.92996E+21,9.58909E+15,5.35172E+16
18136,3.17073E+18,3,3,58,9,2017,7,20,3,3,4,6,0,1,0,0,1,1,1,5.2625E+20,5.84865E+21,9.38924E+15,5.2787E+16
18137,3.1708E+18,3,4,55,26,2017,8,22,3,3,7,7,0,0,0,0,1,2,0,4.37477E+20,5.9185E+21,8.05938E+15,5.34119E+16
18138,3.17072E+18,3,1,51,40,2017,7,3,4,2,9,7,0,1,0,0,0,2,0,6.23096E+20,5.839E+21,1.08212E+16,5.26869E+16
18139,3.17073E+18,3,3,58,20,2017,7,10,3,2,9,1,0,1,0,0,0,0,1,5.40419E+20,5.83908E+21,9.59815E+15,5.27001E+16
18140,3.17073E+18,3,3,58,19,2017,7,10,3,3,5,3,0,1,0,0,1,0,1,5.53331E+20,5.87919E+21,9.79578E+15,5.30595E+16
18141,3.17072E+18,3,1,51,9,2017,7,16,4,3,4,1,0,1,0,1,0,0,0,6.02569E+20,5.82294E+21,1.05126E+16,5.25469E+16
18142,3.17073E+18,3,3,53,39,2017,7,8,3,3,8,1,0,0,0,1,0,0,1,5.53024E+20,5.91383E+21,9.79696E+15,5.33709E+16
18143,3.17073E+18,3,3,55,22,2017,7,16,3,3,2,6,0,1,0,0,1,0,1,5.93241E+20,5.90444E+21,1.03985E+16,5.3281E+16
18144,3.17073E+18,3,3,51,6,2017,7,6,3,3,8,7,0,1,0,0,0,0,1,5.69025E+20,5.83307E+21,1.00202E+16,5.26432E+16
18145,3.17073E+18,3,2,41,1,2017,7,8,3,3,2,2,0,1,0,0,0,0,1,5.481E+20,5.80693E+21,9.70714E+15,5.24105E+16
18146,3.1708E+18,3,4,5,0,2017,8,11,3,3,5,3,0,0,0,1,1,0,0,4.39816E+20,5.93107E+21,8.09214E+15,5.35251E+16
18147,3.1708E+18,3,3,61,1,2017,8,9,3,3,8,1,0,1,0,0,0,0,0,5.048E+20,5.87437E+21,9.07156E+15,5.30189E+16
18148,3.17073E+18,3,2,41,21,2017,7,16,3,3,2,6,0,1,0,0,0,0,1,5.33466E+20,5.80741E+21,9.49206E+15,5.24159E+16
18149,3.1708E+18,3,3,61,13,2017,8,2,3,3,7,1,0,1,0,0,0,2,0,5.00487E+20,5.8669E+21,9.00725E+15,5.29517E+16
18150,3.17073E+18,3,2,41,2,2017,7,14,3,3,9,1,0,1,0,0,0,0,1,5.36254E+20,5.7951E+21,9.53172E+15,5.23051E+16
18151,3.1708E+18,3,3,61,1,2017,8,16,3,3,2,6,0,1,0,0,0,0,0,5.03791E+20,5.87256E+21,9.05649E+15,5.30026E+16
18152,3.1708E+18,3,3,61,3,2017,8,15,3,2,9,1,0,1,0,0,0,0,0,5.14683E+20,5.85922E+21,9.21819E+15,5.28825E+16
18153,3.17073E+18,3,2,41,11,2017,7,15,3,3,2,6,0,1,0,0,1,0,1,5.65252E+20,5.80293E+21,9.95848E+15,5.23727E+16
18154,3.1708E+18,3,3,61,1,2017,8,16,3,2,2,6,0,1,0,1,0,0,0,4.99317E+20,5.87651E+21,8.98981E+15,5.30381E+16
18155,3.1708E+18,3,3,61,12,2017,8,14,3,3,2,6,0,1,0,0,0,0,1,5.16866E+20,5.86405E+21,9.25089E+15,5.29258E+16
18156,3.17073E+18,3,2,41,8,2017,7,10,3,3,5,3,0,0,0,0,1,0,1,5.54248E+20,5.81187E+21,9.79831E+15,5.24544E+16
18157,3.17073E+18,3,2,41,1,2017,7,8,3,3,2,6,0,1,0,0,1,0,1,5.49195E+20,5.80337E+21,9.72271E+15,5.23784E+16
18158,3.1708E+18,3,4,54,45,2017,8,6,4,2,4,2,0,1,0,1,0,0,0,3.86935E+20,5.80032E+21,7.34032E+15,5.23415E+16
18159,3.1708E+18,3,2,51,37,2017,8,19,3,2,5,2,0,1,0,0,0,0,1,4.86952E+20,5.8753E+21,8.80546E+15,5.30271E+16
18160,3.1708E+18,3,2,51,47,2017,8,14,3,3,1,5,0,1,0,0,1,0,0,4.88648E+20,5.87062E+21,8.8309E+15,5.2985E+16
18161,3.17073E+18,3,2,41,1,2017,7,17,3,3,2,6,0,1,0,0,0,0,1,5.45417E+20,5.80883E+21,9.66795E+15,5.24278E+16
18162,3.1708E+18,3,1,53,18,2017,8,16,5,2,9,1,0,0,0,1,0,0,0,6.01166E+20,5.74051E+21,1.04673E+16,5.18063E+16
18163,3.1708E+18,3,2,51,49,2017,8,8,3,3,5,3,1,1,0,0,0,0,0,5.00139E+20,5.8509E+21,9.00206E+15,5.28079E+16
18164,3.17073E+18,3,2,41,10,2017,7,17,3,3,8,1,0,1,0,0,0,0,1,5.49079E+20,5.81269E+21,9.72238E+15,5.24621E+16
18165,3.1708E+18,3,2,54,21,2017,8,22,5,3,5,3,0,1,0,0,0,2,0,5.66529E+20,5.77875E+21,9.97248E+15,5.21552E+16
18166,3.17073E+18,3,2,41,1,2017,7,14,3,3,2,6,0,1,0,0,0,0,1,5.43096E+20,5.80816E+21,9.63374E+15,5.24219E+16
18167,3.1708E+18,3,2,41,1,2017,8,16,5,2,6,4,1,0,1,0,0,0,0,5.4752E+20,5.8081E+21,9.69878E+15,5.2421E+16
18168,3.17073E+18,3,1,59,26,2017,7,14,3,3,8,1,0,1,0,0,0,0,1,5.85055E+20,5.7315E+21,1.02315E+16,5.1728E+16
18169,3.1708E+18,3,3,55,2,2017,8,13,5,3,5,3,0,1,0,0,1,0,0,5.81256E+20,5.88784E+21,1.02146E+16,5.31338E+16
18170,3.17073E+18,3,2,56,25,2017,7,22,3,3,5,3,0,1,0,0,0,2,1,5.10167E+20,5.81199E+21,9.14964E+15,5.2458E+16
18171,3.1708E+18,3,4,53,5,2017,8,16,5,3,2,6,0,1,0,0,0,0,0,4.47576E+20,5.85523E+21,8.22163E+15,5.28443E+16
18172,3.17073E+18,3,2,54,28,2017,7,7,3,3,8,7,0,0,0,0,1,0,1,5.58671E+20,5.78974E+21,9.85954E+15,5.22549E+16
18173,3.17073E+18,3,2,54,43,2017,7,18,3,2,8,1,0,1,0,0,0,0,1,5.5044E+20,5.76895E+21,9.73587E+15,5.20688E+16
18174,3.17072E+18,3,1,2,0,2017,7,21,4,3,8,1,0,1,0,0,0,2,1,5.99496E+20,5.78398E+21,1.04558E+16,5.21972E+16
18175,3.17072E+18,3,4,59,24,2017,7,19,3,3,5,2,0,1,0,1,0,0,0,4.54104E+20,5.78351E+21,8.32846E+15,5.22001E+16
18176,3.17072E+18,3,4,4,0,2017,7,12,3,3,6,7,1,0,1,0,0,0,0,4.32542E+20,5.79124E+21,8.01146E+15,5.22674E+16
18177,3.17073E+18,3,2,55,8,2017,7,19,3,3,6,4,0,1,1,0,0,0,1,5.56372E+20,5.75472E+21,9.82006E+15,5.19403E+16
18178,3.17072E+18,3,4,4,0,2017,7,12,3,3,5,2,1,1,0,0,0,0,0,4.36795E+20,5.79201E+21,8.07363E+15,5.22748E+16
18179,3.17073E+18,3,2,55,30,2017,7,20,3,3,4,1,0,1,0,0,0,1,1,5.39528E+20,5.74924E+21,9.57442E+15,5.18925E+16
18180,3.17073E+18,3,1,59,5,2017,7,19,3,3,9,1,0,1,0,0,0,0,1,5.79303E+20,5.71945E+21,1.01455E+16,5.16205E+16
18181,3.17072E+18,3,4,4,0,2017,7,9,3,3,0,3,0,1,0,0,0,0,0,4.31481E+20,5.79022E+21,7.99613E+15,5.22581E+16
18182,3.17073E+18,3,1,55,9,2017,7,21,3,3,2,6,0,1,0,0,0,1,1,5.63618E+20,5.72445E+21,9.9199E+15,5.16675E+16
18183,3.17073E+18,3,1,59,16,2017,7,23,3,3,3,2,0,1,0,0,0,2,1,5.6519E+20,5.70867E+21,9.9397E+15,5.15254E+16
18184,3.17072E+18,3,4,54,41,2017,7,13,3,3,9,6,0,1,0,0,1,0,0,3.92357E+20,5.88103E+21,7.39346E+15,5.30679E+16
18185,3.17073E+18,3,1,55,10,2017,7,19,3,2,8,1,0,1,0,0,0,0,1,5.62829E+20,5.71784E+21,9.90731E+15,5.16081E+16
18186,3.17073E+18,3,1,59,16,2017,7,18,3,3,3,6,0,1,0,0,0,0,1,5.64749E+20,5.70908E+21,9.93341E+15,5.15291E+16
18187,3.17073E+18,3,1,59,16,2017,7,13,3,3,2,6,0,1,0,0,0,0,1,5.64456E+20,5.70918E+21,9.9292E+15,5.15301E+16
18188,3.1708E+18,3,2,51,7,2017,8,9,3,3,3,6,0,1,0,0,1,0,0,4.80629E+20,5.86442E+21,8.71183E+15,5.2929E+16
18189,3.17073E+18,3,1,3,0,2017,7,12,3,3,5,2,0,1,0,0,0,0,1,6.26521E+20,5.81444E+21,1.08624E+16,5.24655E+16
18190,3.1708E+18,3,4,58,8,2017,8,15,3,3,2,6,0,1,0,0,1,0,0,4.6791E+20,5.86615E+21,8.52245E+15,5.2944E+16
18191,3.1708E+18,3,4,58,5,2017,8,10,3,2,2,6,0,1,0,0,1,0,0,4.71873E+20,5.87716E+21,8.58046E+15,5.30432E+16
18192,3.17073E+18,3,1,2,0,2017,7,14,3,3,5,3,0,1,0,0,0,0,1,5.94573E+20,5.7784E+21,1.03822E+16,5.2148E+16
18193,3.1708E+18,3,4,61,5,2017,8,10,3,3,2,2,0,1,0,0,0,0,0,4.46832E+20,5.91022E+21,8.20149E+15,5.33384E+16
18194,3.1708E+18,3,3,58,22,2017,8,9,3,3,2,6,0,1,0,0,0,0,0,5.45155E+20,5.84786E+21,9.66943E+15,5.27786E+16
18195,3.17073E+18,3,1,2,0,2017,7,9,3,3,8,1,0,1,0,0,0,0,1,5.8766E+20,5.77452E+21,1.02802E+16,5.21142E+16
18196,3.17073E+18,3,1,51,18,2017,7,15,3,3,8,1,0,1,0,0,0,0,1,5.92701E+20,5.81947E+21,1.03662E+16,5.25174E+16
18197,3.1708E+18,3,3,53,40,2017,8,17,4,3,8,6,0,1,0,0,0,0,0,5.8385E+20,5.9101E+21,1.02592E+16,5.33334E+16
18198,3.1708E+18,3,3,57,39,2017,8,17,3,3,5,3,0,1,0,0,0,0,1,5.26666E+20,5.88369E+21,9.39828E+15,5.3102E+16
18199,3.1708E+18,3,3,57,39,2017,8,11,3,3,2,6,0,1,0,0,0,0,0,5.28177E+20,5.88197E+21,9.42071E+15,5.30865E+16
18200,3.17073E+18,3,1,1,0,2017,7,7,3,3,4,7,0,1,0,0,1,0,1,6.04212E+20,5.78844E+21,1.05261E+16,5.22365E+16
18201,3.17073E+18,3,1,58,6,2017,7,16,3,2,3,6,0,1,0,0,0,0,1,6.09488E+20,5.78969E+21,1.06037E+16,5.22467E+16
18202,3.1708E+18,3,4,53,9,2017,8,12,4,2,8,1,0,1,0,0,0,0,0,4.20437E+20,5.84809E+21,7.8205E+15,5.27767E+16
18203,3.1708E+18,3,3,60,3,2017,8,16,3,2,8,7,0,1,0,0,0,0,0,6.00431E+20,5.87868E+21,1.04982E+16,5.30482E+16
18204,3.17073E+18,3,1,1,0,2017,7,17,3,3,2,6,0,1,0,0,1,0,1,6.01807E+20,5.79274E+21,1.04922E+16,5.22756E+16
18205,3.1708E+18,3,1,1,0,2017,8,7,5,3,4,2,0,1,0,0,0,0,1,6.03799E+20,5.79273E+21,1.05214E+16,5.22751E+16
18206,3.1708E+18,3,3,60,30,2017,8,17,3,2,8,7,0,0,0,1,0,0,0,6.06247E+20,5.8622E+21,1.05795E+16,5.2899E+16
18207,3.17073E+18,3,1,1,0,2017,7,15,3,3,9,1,0,1,0,0,0,0,1,6.00815E+20,5.79529E+21,1.04784E+16,5.22987E+16
18208,3.1708E+18,3,1,3,0,2017,8,13,5,3,2,6,0,1,0,1,0,0,0,6.2379E+20,5.81152E+21,1.08212E+16,5.24399E+16
18209,3.17072E+18,3,4,4,0,2017,7,12,2,2,2,6,0,1,0,0,1,0,1,4.36172E+20,5.78869E+21,8.06513E+15,5.22449E+16
18210,3.1708E+18,3,2,41,1,2017,8,6,5,3,5,2,1,0,0,0,1,0,1,5.49877E+20,5.80776E+21,9.73338E+15,5.24178E+16
18211,3.1708E+18,3,2,41,1,2017,8,17,5,3,5,3,1,1,0,0,0,0,0,5.52704E+20,5.80261E+21,9.77414E+15,5.23712E+16
18212,3.17072E+18,3,4,59,14,2017,7,16,2,3,5,2,0,1,0,0,0,0,1,4.31605E+20,5.80632E+21,7.99465E+15,5.24029E+16
18213,3.1708E+18,3,2,41,1,2017,8,9,3,3,5,2,1,1,0,0,0,0,0,5.49908E+20,5.80739E+21,9.73378E+15,5.24145E+16
18214,3.17072E+18,3,4,4,0,2017,7,12,2,3,2,6,0,1,0,0,0,0,1,4.35005E+20,5.79259E+21,8.04728E+15,5.22798E+16
18215,3.1708E+18,3,2,41,21,2017,8,10,3,3,5,3,1,1,0,0,0,0,0,5.29365E+20,5.80812E+21,9.43182E+15,5.24225E+16
18216,3.17072E+18,3,4,56,14,2017,7,17,3,3,4,6,1,0,0,0,0,0,0,3.63012E+20,5.81503E+21,6.98334E+15,5.24683E+16
18217,3.1708E+18,3,2,41,15,2017,8,18,3,3,5,3,0,1,0,0,0,0,0,5.4396E+20,5.80612E+21,9.64617E+15,5.24036E+16
18218,3.1708E+18,3,2,41,5,2017,8,17,3,3,3,6,0,1,0,0,1,0,0,5.35016E+20,5.81377E+21,9.51551E+15,5.2473E+16
18219,3.17072E+18,3,4,62,3,2017,7,15,3,3,5,3,1,1,0,0,0,0,0,4.08119E+20,5.94477E+21,7.6101E+15,5.36436E+16
18220,3.1708E+18,3,2,41,1,2017,8,20,3,2,5,3,1,1,0,0,0,0,0,5.49438E+20,5.80364E+21,9.72633E+15,5.23808E+16
18221,3.17072E+18,3,4,52,27,2017,7,17,3,2,5,3,1,1,0,0,0,0,0,3.96057E+20,5.94526E+21,7.42755E+15,5.36458E+16
18222,3.17072E+18,3,4,54,32,2017,7,11,2,2,8,1,0,1,0,0,0,0,1,3.90641E+20,5.82201E+21,7.38759E+15,5.25372E+16
18223,3.1708E+18,3,1,59,16,2017,8,11,5,3,5,3,1,1,0,0,0,0,0,5.6512E+20,5.70907E+21,9.93877E+15,5.1529E+16
18224,3.1708E+18,3,2,41,1,2017,8,21,3,3,5,3,1,1,0,0,0,1,0,5.45363E+20,5.804E+21,9.66651E+15,5.23844E+16
18225,3.17072E+18,3,4,52,14,2017,7,15,2,3,8,1,0,0,0,0,1,0,1,3.77325E+20,5.92409E+21,7.15261E+15,5.34515E+16
18226,3.1708E+18,3,2,41,1,2017,8,12,5,3,2,6,0,1,0,0,0,0,0,5.50756E+20,5.80235E+21,9.74548E+15,5.23691E+16
18227,3.1708E+18,3,2,41,1,2017,8,13,3,3,2,6,0,1,0,0,1,0,1,5.44266E+20,5.80812E+21,9.65093E+15,5.24215E+16
18228,3.17072E+18,3,4,52,19,2017,7,5,2,2,8,1,0,1,0,0,0,0,1,3.80963E+20,5.94382E+21,7.19987E+15,5.36296E+16
18229,3.1708E+18,3,2,41,1,2017,8,17,5,3,4,6,0,1,0,0,0,0,0,5.45105E+20,5.80405E+21,9.66273E+15,5.23849E+16
18230,3.1708E+18,3,2,41,1,2017,8,14,3,3,3,6,1,0,0,0,0,0,0,5.54357E+20,5.80701E+21,9.79913E+15,5.24106E+16
18231,3.17072E+18,3,4,52,1,2017,7,17,2,3,5,3,0,1,0,0,0,0,1,3.98117E+20,5.92615E+21,7.46492E+15,5.34745E+16
18232,3.17072E+18,3,4,52,1,2017,7,13,2,3,2,6,0,1,0,0,0,0,1,3.99524E+20,5.92539E+21,7.48636E+15,5.34679E+16
18233,3.1708E+18,3,4,1,0,2017,8,8,5,3,3,2,1,1,0,0,0,0,0,4.75325E+20,5.87738E+21,8.63194E+15,5.30454E+16
18234,3.17072E+18,3,4,60,1,2017,7,13,2,3,2,2,0,1,0,0,1,0,1,4.43674E+20,5.84197E+21,8.16598E+15,5.27247E+16