OBJECTID,UIDENTSTLA,ULAND,UREGBEZ,UKREIS,UGEMEINDE,UJAHR,UMONAT,USTUNDE,UWOCHENTAG,UKATEGORIE,UART,UTYP1,IstRad,IstPKW,IstFuss,IstKrad,IstSonstig,LICHT,STRZUSTAND,LINREFX,LINREFY,XGCSWGS84,YGCSWGS84
18235,3.1708E+18,3,4,55,14,2017,8,7,5,3,2,6,0,1,0,0,0,0,1,4.34543E+20,5.9285E+21,8.01316E+15,5.35014E+16
18236,3.17072E+18,3,4,53,8,2017,7,11,2,3,2,2,0,1,0,0,1,0,1,4.34474E+20,5.8667E+21,8.02481E+15,5.2946E+16
18237,3.17072E+18,3,4,52,1,2017,7,8,3,3,5,7,0,1,0,1,0,0,0,3.98336E+20,5.92578E+21,7.46834E+15,5.34712E+16
18238,3.1708E+18,3,1,59,20,2017,8,18,3,3,0,1,0,0,0,1,0,0,1,5.90499E+20,5.72589E+21,1.03089E+16,5.16767E+16
18239,3.17072E+18,3,4,53,1,2017,7,14,3,2,5,3,1,1,0,0,0,0,0,4.20329E+20,5.88749E+21,7.80921E+15,5.31309E+16
18240,3.17072E+18,3,4,53,5,2017,7,17,3,2,5,3,0,1,0,0,0,0,0,4.41387E+20,5.8598E+21,8.12893E+15,5.28847E+16
18241,3.17072E+18,3,2,51,41,2017,7,16,3,3,8,1,0,0,0,1,0,0,0,4.93612E+20,5.86256E+21,8.90501E+15,5.29127E+16
18242,3.17072E+18,3,4,53,5,2017,7,11,2,3,3,6,0,1,0,0,1,0,1,4.40069E+20,5.85479E+21,8.11026E+15,5.28395E+16
18243,3.17072E+18,3,4,55,25,2017,7,14,2,3,2,6,1,1,0,0,0,0,1,4.34856E+20,5.91581E+21,8.0205E+15,5.33873E+16
18244,3.17072E+18,3,3,61,9,2017,7,13,2,3,2,6,0,1,0,0,1,0,0,5.01422E+20,5.87892E+21,9.02122E+15,5.30597E+16
18245,3.17072E+18,3,3,61,8,2017,7,19,2,2,8,1,0,1,0,0,0,0,1,5.05588E+20,5.88722E+21,9.08352E+15,5.31343E+16
18246,3.17072E+18,3,2,51,41,2017,7,19,3,2,8,1,0,0,0,1,0,0,0,4.89589E+20,5.85476E+21,8.84543E+15,5.28425E+16
18247,3.17072E+18,3,3,61,1,2017,7,19,2,3,5,3,0,1,0,0,1,0,1,5.03489E+20,5.87268E+21,9.05199E+15,5.30037E+16
18248,3.17072E+18,3,2,51,37,2017,7,14,3,3,2,6,0,1,0,0,0,0,0,4.85527E+20,5.87462E+21,8.78424E+15,5.30209E+16
18249,3.17072E+18,3,3,61,1,2017,7,16,2,3,2,6,0,1,0,0,0,0,1,5.03762E+20,5.87257E+21,9.05606E+15,5.30027E+16
18250,3.17072E+18,3,3,61,12,2017,7,13,2,3,2,6,0,1,0,0,0,0,1,5.15465E+20,5.8644E+21,9.23006E+15,5.2929E+16
18251,3.17072E+18,3,4,51,8,2017,7,13,2,3,2,2,0,1,0,0,0,0,1,4.38492E+20,5.89614E+21,8.07897E+15,5.3211E+16
18252,3.17072E+18,3,4,51,8,2017,7,13,2,3,2,6,0,1,0,0,1,1,1,4.447E+20,5.89318E+21,8.17244E+15,5.31851E+16
18253,3.17072E+18,3,4,3,0,2017,7,13,2,3,5,3,0,1,0,0,0,0,1,4.4961E+20,5.888E+21,8.24672E+15,5.3139E+16
18254,3.17072E+18,3,4,3,0,2017,7,11,2,3,5,3,0,1,0,0,0,0,1,4.49728E+20,5.89029E+21,8.24812E+15,5.31596E+16
18255,3.1708E+18,3,2,57,23,2017,8,15,3,2,5,3,0,1,0,1,0,0,0,5.09864E+20,5.79911E+21,9.14479E+15,5.23422E+16
18256,3.17072E+18,3,4,3,0,2017,7,14,2,3,5,5,0,1,0,0,0,0,1,4.44009E+20,5.88835E+21,8.16293E+15,5.31416E+16
18257,3.17072E+18,3,2,51,24,2017,7,10,2,3,5,3,0,1,0,0,1,0,1,4.91077E+20,5.83732E+21,8.86799E+15,5.26857E+16
18258,3.1708E+18,3,2,54,21,2017,8,16,3,3,2,6,0,1,0,1,0,0,0,5.66499E+20,5.77918E+21,9.97212E+15,5.21591E+16
18259,3.17072E+18,3,4,58,10,2017,7,8,2,3,8,1,0,0,0,1,0,0,0,4.5992E+20,5.88505E+21,8.4012E+15,5.31133E+16
18260,3.1708E+18,3,3,61,1,2017,8,17,4,3,2,6,0,1,0,0,0,0,0,5.06604E+20,5.87385E+21,9.09844E+15,5.30141E+16
18261,3.1708E+18,3,1,55,6,2017,8,15,3,3,2,6,0,1,0,0,0,0,0,5.75465E+20,5.74025E+21,1.00946E+16,5.1808E+16
18262,3.17072E+18,3,4,1,0,2017,7,12,2,3,5,3,1,1,0,0,0,0,1,4.74512E+20,5.87781E+21,8.61977E+15,5.30492E+16
18263,3.1708E+18,3,4,56,10,2017,8,12,4,3,2,2,0,1,0,0,0,0,0,3.73925E+20,5.80037E+21,7.14943E+15,5.23392E+16
18264,3.17072E+18,3,3,52,60,2017,7,15,2,3,2,2,0,1,0,0,0,0,1,4.76805E+20,5.91224E+21,8.65148E+15,5.33588E+16
18265,3.1708E+18,3,1,2,0,2017,8,7,5,3,2,2,0,1,0,0,0,0,1,5.91548E+20,5.7774E+21,1.03377E+16,5.21396E+16
18266,3.1708E+18,3,2,54,8,2017,8,9,5,3,5,3,0,1,0,0,1,0,0,5.77517E+20,5.7618E+21,1.01292E+16,5.20015E+16
18267,3.1708E+18,3,1,59,16,2017,8,14,3,3,2,2,0,1,0,0,0,0,0,5.61609E+20,5.71195E+21,9.88866E+15,5.15552E+16
18268,3.1708E+18,3,1,54,13,2017,8,12,3,2,8,1,0,0,0,1,0,0,0,6.26488E+20,5.79068E+21,1.0853E+16,5.2252E+16
18269,3.1708E+18,3,1,3,0,2017,8,13,3,3,5,3,0,1,0,1,0,0,0,6.25476E+20,5.80644E+21,1.08441E+16,5.23938E+16
18270,3.1708E+18,3,1,57,5,2017,8,5,3,3,5,3,0,1,0,0,0,2,0,5.89309E+20,5.78459E+21,1.03069E+16,5.22045E+16
18271,3.17072E+18,3,3,52,11,2017,7,11,2,2,2,6,0,1,0,0,0,0,0,4.80845E+20,5.96737E+21,8.70879E+15,5.38544E+16
18272,3.1708E+18,3,1,53,17,2017,8,15,3,3,2,6,0,1,0,1,0,0,0,6.07384E+20,5.75703E+21,1.05626E+16,5.19536E+16
18273,3.17072E+18,3,3,53,11,2017,7,21,2,3,9,1,0,1,0,0,0,2,1,5.72334E+20,5.90015E+21,1.0084E+16,5.32457E+16
18274,3.1708E+18,3,1,53,2,2017,8,17,3,2,6,4,0,1,1,0,0,0,0,6.04616E+20,5.75185E+21,1.05208E+16,5.19076E+16
18275,3.1708E+18,3,1,51,13,2017,8,15,3,3,5,7,1,1,0,0,0,0,0,6.07287E+20,5.81059E+21,1.05782E+16,5.2435E+16
18276,3.17072E+18,3,3,53,35,2017,7,21,2,3,8,1,0,1,0,0,0,2,1,5.5556E+20,5.90455E+21,9.83343E+15,5.32872E+16
18277,3.1708E+18,3,1,51,27,2017,8,12,3,2,4,6,0,1,0,0,0,0,0,6.00068E+20,5.80264E+21,1.04697E+16,5.23649E+16
18278,3.1708E+18,3,1,51,25,2017,8,17,3,2,0,1,1,0,0,0,0,0,0,6.15333E+20,5.82334E+21,1.07009E+16,5.25479E+16
18279,3.17072E+18,3,3,59,31,2017,7,14,2,3,5,3,0,1,0,1,0,0,0,5.20352E+20,5.92698E+21,9.30675E+15,5.34914E+16
18280,3.17072E+18,3,3,58,22,2017,7,17,2,3,5,3,1,1,0,0,0,0,1,5.4033E+20,5.85718E+21,9.59906E+15,5.28628E+16
18281,3.1708E+18,3,1,1,0,2017,8,19,3,3,9,6,0,1,0,0,0,0,0,6.09823E+20,5.78973E+21,1.06087E+16,5.2247E+16
18282,3.17073E+18,3,4,59,24,2017,7,15,2,2,4,6,0,0,0,1,1,0,0,4.56708E+20,5.77621E+21,8.36748E+15,5.21347E+16
18283,3.17072E+18,3,3,57,19,2017,7,7,2,2,8,1,0,1,0,0,0,0,0,5.32552E+20,5.90126E+21,9.48798E+15,5.32596E+16
18284,3.17072E+18,3,3,53,19,2017,7,13,2,3,8,1,0,0,0,0,1,0,1,5.49711E+20,5.91355E+21,9.74712E+15,5.33687E+16
18285,3.1708E+18,3,4,54,57,2017,8,14,4,3,2,6,0,1,0,0,0,0,0,4.1337E+20,5.85839E+21,7.71303E+15,5.28682E+16
18286,3.17073E+18,3,4,59,24,2017,7,6,2,3,2,2,0,1,0,0,0,0,1,4.53252E+20,5.7831E+21,8.31605E+15,5.21964E+16
18287,3.17072E+18,3,3,60,10,2017,7,16,2,3,8,1,0,1,0,0,1,0,0,5.94157E+20,5.88021E+21,1.04051E+16,5.30631E+16
18288,3.1708E+18,3,1,57,5,2017,8,17,5,3,6,4,0,1,1,0,0,0,0,5.89468E+20,5.78447E+21,1.03092E+16,5.22034E+16
18289,3.17073E+18,3,4,59,15,2017,7,17,2,3,1,3,1,1,0,0,0,0,0,4.43894E+20,5.77384E+21,8.18067E+15,5.21122E+16
18290,3.17072E+18,3,2,41,1,2017,7,16,2,3,5,3,1,1,0,0,0,0,1,5.50607E+20,5.80225E+21,9.74329E+15,5.23682E+16
18291,3.1708E+18,3,2,54,43,2017,8,12,5,3,2,6,0,1,0,0,0,0,1,5.5149E+20,5.77045E+21,9.75141E+15,5.20822E+16
18292,3.17073E+18,3,4,59,3,2017,7,17,2,2,5,3,1,1,0,0,0,0,0,4.56158E+20,5.79729E+21,8.35671E+15,5.23242E+16
18293,3.17072E+18,3,2,41,1,2017,7,17,2,3,2,2,0,1,0,0,0,0,1,5.58771E+20,5.80357E+21,9.86341E+15,5.23792E+16
18294,3.1708E+18,3,2,41,4,2017,8,16,5,3,6,6,1,0,1,0,0,0,0,5.57529E+20,5.81598E+21,9.8473E+15,5.24909E+16
18295,3.1708E+18,3,3,57,39,2017,8,17,5,3,2,6,0,1,0,0,0,0,0,5.27525E+20,5.88485E+21,9.41121E+15,5.31123E+16
18296,3.17072E+18,3,2,41,16,2017,7,16,2,3,5,3,1,1,0,0,0,0,1,5.64359E+20,5.79859E+21,9.94454E+15,5.23338E+16
18297,3.17073E+18,3,4,59,29,2017,7,7,2,3,2,1,0,1,0,0,0,0,0,4.44708E+20,5.79857E+21,8.18852E+15,5.23346E+16
18298,3.17072E+18,3,2,41,10,2017,7,16,2,3,0,1,0,0,0,1,0,0,1,5.49168E+20,5.81044E+21,9.72336E+15,5.2442E+16
18299,3.17072E+18,3,4,1,0,2017,7,14,3,3,2,6,0,1,0,0,0,0,0,4.7252E+20,5.87666E+21,8.59016E+15,5.30387E+16
18300,3.17073E+18,3,4,4,0,2017,7,11,2,3,2,2,0,1,0,0,1,0,0,4.3036E+20,5.79412E+21,7.97889E+15,5.2293E+16
18301,3.17072E+18,3,4,58,3,2017,7,22,3,3,6,6,1,0,1,0,0,2,0,4.61865E+20,5.8632E+21,8.43284E+15,5.29171E+16
18302,3.17073E+18,3,4,4,0,2017,7,10,2,3,2,6,0,1,0,0,0,0,0,4.34302E+20,5.79463E+21,8.03658E+15,5.22981E+16
18303,3.17073E+18,3,4,54,41,2017,7,16,2,2,2,6,0,1,0,0,0,0,0,3.92289E+20,5.88111E+21,7.39241E+15,5.30686E+16
18304,3.17072E+18,3,4,1,0,2017,7,23,3,3,4,6,1,0,0,0,0,2,0,4.76074E+20,5.87766E+21,8.64308E+15,5.3048E+16
18305,3.17073E+18,3,4,56,15,2017,7,15,2,3,2,6,0,1,0,0,0,0,0,3.7281E+20,5.80397E+21,7.13171E+15,5.23712E+16
18306,3.17072E+18,3,3,52,61,2017,7,17,3,3,5,3,1,1,0,0,0,0,0,4.74808E+20,5.95524E+21,8.618E+15,5.37452E+16
18307,3.17072E+18,3,2,41,8,2017,7,17,2,3,5,3,1,1,0,0,0,0,1,5.57236E+20,5.80849E+21,9.8417E+15,5.24236E+16
18308,3.17072E+18,3,3,52,11,2017,7,14,3,3,2,6,0,1,0,0,0,0,0,4.77932E+20,5.96364E+21,8.66477E+15,5.38208E+16
18309,3.17072E+18,3,2,41,1,2017,7,9,3,3,2,6,0,1,0,0,1,0,0,5.49894E+20,5.80757E+21,9.73361E+15,5.2416E+16
18310,3.17072E+18,3,2,41,1,2017,7,16,2,3,3,1,0,1,0,0,1,0,1,5.48649E+20,5.80156E+21,9.71442E+15,5.23622E+16
18311,3.17073E+18,3,4,54,45,2017,7,18,2,3,9,1,0,0,0,1,0,0,0,3.88927E+20,5.79947E+21,7.36983E+15,5.23343E+16
18312,3.17073E+18,3,4,54,44,2017,7,22,2,3,9,1,0,1,0,0,0,2,0,3.82097E+20,5.87841E+21,7.24136E+15,5.30422E+16
18313,3.17073E+18,3,4,54,32,2017,7,15,2,3,2,2,0,1,0,0,0,0,0,3.85729E+20,5.81977E+21,7.31597E+15,5.25161E+16
18314,3.17073E+18,3,4,54,10,2017,7,13,2,3,2,6,0,1,0,0,1,0,0,3.83367E+20,5.80011E+21,7.28804E+15,5.23388E+16
18315,3.17073E+18,3,4,52,24,2017,7,17,2,3,2,6,0,1,0,0,1,0,0,3.87004E+20,5.92959E+21,7.29632E+15,5.35031E+16
18316,3.17073E+18,3,4,60,4,2017,7,16,2,3,2,2,0,1,0,0,0,0,0,4.60882E+20,5.84982E+21,8.41983E+15,5.27968E+16
18317,3.17072E+18,3,2,41,1,2017,7,12,2,3,3,6,0,1,0,0,0,0,1,5.41874E+20,5.80812E+21,9.61577E+15,5.24217E+16
18318,3.17073E+18,3,4,55,15,2017,7,16,2,3,2,2,0,1,0,1,0,0,0,4.26404E+20,5.93381E+21,7.88923E+15,5.3548E+16
18319,3.17072E+18,3,1,55,5,2017,7,14,2,3,4,6,0,1,0,0,1,0,1,5.58927E+20,5.7192E+21,9.85119E+15,5.16208E+16
18320,3.17073E+18,3,4,5,0,2017,7,6,2,3,5,3,1,1,0,0,0,0,0,4.40686E+20,5.9345E+21,8.10462E+15,5.3556E+16
18321,3.17072E+18,3,2,57,38,2017,7,13,2,3,8,1,0,1,0,0,0,0,1,5.19086E+20,5.80798E+21,9.28066E+15,5.24217E+16
18322,3.17073E+18,3,4,5,0,2017,7,1,2,2,8,1,0,1,0,0,0,2,0,4.40639E+20,5.93518E+21,8.10377E+15,5.35621E+16
18323,3.17072E+18,3,2,56,3,2017,7,15,2,3,8,1,0,1,0,0,0,0,1,5.06333E+20,5.84981E+21,9.09393E+15,5.2798E+16
18324,3.17072E+18,3,2,54,13,2017,7,10,2,3,0,5,0,1,0,1,0,0,1,5.49675E+20,5.76991E+21,9.72485E+15,5.20775E+16
18325,3.17073E+18,3,3,56,3,2017,7,16,2,3,4,6,0,1,0,0,0,0,0,4.88599E+20,5.90445E+21,8.82897E+15,5.32892E+16
18326,3.17072E+18,3,2,54,2,2017,7,16,2,2,5,3,0,1,0,1,0,0,1,5.55512E+20,5.75782E+21,9.80805E+15,5.19683E+16
18327,3.17072E+18,3,2,54,20,2017,7,23,2,3,9,1,0,1,0,0,1,2,1,5.63797E+20,5.78534E+21,9.93378E+15,5.22148E+16
18328,3.17073E+18,3,3,58,22,2017,7,9,2,3,1,7,0,0,0,0,1,0,0,5.37116E+20,5.85627E+21,9.55121E+15,5.28548E+16
18329,3.17072E+18,3,2,55,23,2017,7,10,2,3,8,1,0,1,0,0,0,0,1,5.32977E+20,5.73682E+21,9.47804E+15,5.17812E+16
18330,3.17073E+18,3,3,61,6,2017,7,9,2,3,2,6,0,1,0,0,0,0,0,5.11981E+20,5.87232E+21,9.17853E+15,5.30003E+16
18331,3.17072E+18,3,1,59,33,2017,7,22,2,3,7,7,0,1,0,0,0,2,1,5.80642E+20,5.71113E+21,1.01629E+16,5.15455E+16
18332,3.17072E+18,3,1,59,17,2017,7,21,2,3,8,1,0,1,0,0,0,2,1,5.53313E+20,5.69428E+21,9.76634E+15,5.13973E+16
18333,3.17072E+18,3,2,41,21,2017,7,20,3,3,2,6,0,1,0,1,0,0,0,5.25518E+20,5.81181E+21,9.37553E+15,5.24559E+16
18334,3.17072E+18,3,1,59,16,2017,7,14,2,3,2,6,0,1,0,0,1,0,1,5.64282E+20,5.7095E+21,9.92676E+15,5.15329E+16
18335,3.17072E+18,3,1,54,13,2017,7,16,2,3,9,1,0,1,0,0,0,0,1,6.19141E+20,5.79099E+21,1.07455E+16,5.22564E+16
18336,3.17072E+18,3,2,41,13,2017,7,14,3,3,8,7,0,1,0,0,0,0,0,5.51625E+20,5.79293E+21,9.75681E+15,5.22843E+16
18337,3.17072E+18,3,1,57,8,2017,7,22,2,3,0,7,0,0,0,1,0,2,1,5.91528E+20,5.80048E+21,1.03437E+16,5.2347E+16
18338,3.17072E+18,3,2,41,17,2017,7,11,3,3,0,6,0,1,0,1,0,0,0,5.45814E+20,5.77709E+21,9.66948E+15,5.21424E+16
18339,3.17072E+18,3,1,57,6,2017,7,11,2,3,5,3,0,1,0,0,1,0,1,5.80326E+20,5.79979E+21,1.01791E+16,5.23425E+16
18340,3.17073E+18,3,4,51,2,2017,7,11,2,2,4,2,1,1,0,0,0,0,0,4.32478E+20,5.89442E+21,7.98929E+15,5.31949E+16
18341,3.17072E+18,3,1,53,8,2017,7,18,2,3,9,1,0,1,0,0,0,0,1,5.98592E+20,5.76371E+21,1.04367E+16,5.20152E+16
18342,3.17073E+18,3,2,51,37,2017,7,10,2,3,5,3,0,1,0,0,0,0,0,4.80471E+20,5.87433E+21,8.70889E+15,5.30182E+16
18343,3.17073E+18,3,2,51,18,2017,7,12,2,3,5,2,0,1,0,0,0,0,0,4.75968E+20,5.83583E+21,8.64459E+15,5.26719E+16
18344,3.17072E+18,3,1,51,11,2017,7,8,2,3,8,1,0,0,0,0,1,0,0,6.10799E+20,5.84107E+21,1.064E+16,5.27081E+16
18345,3.17073E+18,3,2,51,5,2017,7,16,2,3,5,3,1,1,0,0,0,0,0,4.66174E+20,5.84003E+21,8.49932E+15,5.27091E+16
18346,3.17072E+18,3,1,51,18,2017,7,15,2,3,9,1,0,1,0,0,0,0,1,5.92918E+20,5.81895E+21,1.03692E+16,5.25128E+16
18347,3.17073E+18,3,4,60,1,2017,7,13,2,3,3,6,0,1,0,0,0,0,0,4.44156E+20,5.8422E+21,8.17308E+15,5.27268E+16
18348,3.17072E+18,3,1,1,0,2017,7,17,2,3,2,6,0,1,0,0,0,0,1,5.99249E+20,5.79103E+21,1.04542E+16,5.22607E+16
18349,3.17073E+18,3,4,53,5,2017,7,11,2,3,8,7,0,0,0,0,1,0,0,4.48241E+20,5.85665E+21,8.23128E+15,5.28571E+16
18350,3.17073E+18,3,3,52,11,2017,7,15,2,3,0,1,0,0,0,1,0,0,0,4.84451E+20,5.96339E+21,8.76381E+15,5.38188E+16
18351,3.17072E+18,3,1,1,0,2017,7,16,2,3,4,1,0,1,0,0,1,0,1,5.99026E+20,5.79717E+21,1.04527E+16,5.23159E+16
18352,3.17072E+18,3,4,59,10,2017,7,19,1,3,9,1,0,1,0,0,0,0,0,4.26781E+20,5.82452E+21,7.91976E+15,5.25658E+16
18353,3.17073E+18,3,3,53,31,2017,7,10,2,2,5,3,1,1,0,0,0,0,0,5.72434E+20,5.92188E+21,1.00905E+16,5.3441E+16
18354,3.17073E+18,3,3,53,40,2017,7,14,2,2,8,1,0,1,0,0,0,0,0,5.78362E+20,5.90828E+21,1.01763E+16,5.33179E+16
18355,3.17072E+18,3,4,57,21,2017,7,21,1,3,9,1,0,1,0,0,0,0,0,3.89361E+20,5.88598E+21,7.34705E+15,5.31118E+16
18356,3.17072E+18,3,4,56,24,2017,7,16,1,3,4,6,0,1,0,0,0,0,0,3.43582E+20,5.82429E+21,6.6932E+15,5.25462E+16
18357,3.1708E+18,3,4,58,6,2017,8,20,4,3,8,7,0,1,0,0,0,0,0,4.74188E+20,5.87098E+21,8.61548E+15,5.29878E+16
18358,3.17073E+18,3,3,58,22,2017,7,22,2,3,5,3,0,1,0,0,0,2,0,5.39439E+20,5.85765E+21,9.58588E+15,5.28671E+16
18359,3.17072E+18,3,4,52,16,2017,7,5,1,3,2,2,0,1,0,0,0,0,1,3.82693E+20,5.93869E+21,7.22795E+15,5.35839E+16
18360,3.17072E+18,3,4,52,6,2017,7,3,1,1,9,1,0,1,0,0,0,2,1,4.07386E+20,5.91643E+21,7.60739E+15,5.33888E+16
18361,3.1708E+18,3,4,52,1,2017,8,15,4,3,5,3,0,1,0,0,0,0,0,4.00425E+20,5.92551E+21,7.49989E+15,5.34692E+16
18362,3.17073E+18,3,3,58,22,2017,7,6,2,3,0,1,0,0,0,1,0,0,1,5.39912E+20,5.85557E+21,9.59265E+15,5.28484E+16
18363,3.17072E+18,3,4,52,23,2017,7,11,1,3,2,6,0,1,0,0,0,0,1,3.88677E+20,5.92663E+21,7.32258E+15,5.34769E+16
18364,3.1708E+18,3,1,51,9,2017,8,18,5,3,5,3,0,1,0,0,0,0,0,6.00733E+20,5.81586E+21,1.04834E+16,5.24836E+16
18365,3.17073E+18,3,3,58,21,2017,7,17,2,3,5,2,0,1,0,0,0,0,0,5.61156E+20,5.87193E+21,9.91115E+15,5.29934E+16
18366,3.17072E+18,3,4,53,1,2017,7,1,1,3,8,1,0,1,0,0,0,2,1,4.19106E+20,5.88867E+21,7.79064E+15,5.31413E+16
18367,3.1708E+18,3,1,59,16,2017,8,13,5,3,2,6,0,1,0,0,0,0,1,5.66147E+20,5.70776E+21,9.95332E+15,5.1517E+16
18368,3.1708E+18,3,2,41,1,2017,8,13,5,3,6,4,1,0,1,0,0,0,0,5.4935E+20,5.80358E+21,9.72502E+15,5.23802E+16
18369,3.17073E+18,3,3,57,35,2017,7,11,2,3,5,3,1,1,0,0,0,0,0,5.02181E+20,5.92519E+21,9.03287E+15,5.34756E+16
18370,3.17072E+18,3,4,53,10,2017,7,18,1,3,5,3,0,1,0,0,0,0,0,4.1664E+20,5.85485E+21,7.7625E+15,5.28369E+16
18371,3.17073E+18,3,3,57,8,2017,7,16,2,3,1,6,0,1,0,0,0,0,0,5.07723E+20,5.92731E+21,9.11641E+15,5.34947E+16
18372,3.17073E+18,3,3,60,23,2017,7,10,2,3,5,3,1,1,0,0,0,0,0,5.96821E+20,5.86212E+21,1.04394E+16,5.29E+16
18373,3.17073E+18,3,3,60,25,2017,7,16,2,3,8,7,0,0,0,1,0,0,0,6.04049E+20,5.87061E+21,1.05496E+16,5.2975E+16
18374,3.17072E+18,3,2,41,21,2017,7,23,3,2,6,7,0,0,1,0,1,2,0,5.28426E+20,5.80828E+21,9.41804E+15,5.2424E+16
18375,3.17073E+18,3,3,51,23,2017,7,16,2,3,0,3,0,1,0,1,0,0,0,5.57437E+20,5.8335E+21,9.84898E+15,5.26484E+16
18376,3.17073E+18,3,3,51,6,2017,7,8,2,2,5,3,1,1,0,0,0,0,0,5.6866E+20,5.82881E+21,1.00139E+16,5.2605E+16
18377,3.17072E+18,3,2,41,1,2017,7,16,3,3,5,2,0,1,0,0,0,0,0,5.59196E+20,5.80149E+21,9.86929E+15,5.23605E+16
18378,3.1708E+18,3,1,54,14,2017,8,17,6,3,5,3,0,1,0,0,0,0,0,6.1353E+20,5.79866E+21,1.06659E+16,5.23265E+16
18379,3.17073E+18,3,2,41,13,2017,7,14,2,3,5,3,0,1,0,1,0,0,0,5.51753E+20,5.78983E+21,9.75821E+15,5.22564E+16
18380,3.17072E+18,3,2,41,1,2017,7,11,3,3,9,7,0,1,0,0,0,0,0,5.53735E+20,5.79861E+21,9.78865E+15,5.23352E+16
18381,3.17073E+18,3,2,41,5,2017,7,17,2,3,5,2,0,1,0,1,0,0,0,5.40004E+20,5.80991E+21,9.58848E+15,5.2438E+16
18382,3.17073E+18,3,2,41,10,2017,7,11,2,3,5,2,1,0,0,0,1,0,0,5.49146E+20,5.8118E+21,9.72323E+15,5.24541E+16
18383,3.17072E+18,3,3,61,4,2017,7,18,1,3,8,1,0,1,0,0,0,0,1,4.97051E+20,5.86225E+21,8.95615E+15,5.29099E+16
18384,3.17072E+18,3,2,51,31,2017,7,12,1,2,8,1,0,0,0,1,0,0,0,4.84102E+20,5.84303E+21,8.76453E+15,5.27369E+16
18385,3.17072E+18,3,1,55,6,2017,7,10,3,3,8,7,0,1,0,0,0,0,0,5.72786E+20,5.73834E+21,1.00554E+16,5.17912E+16
18386,3.17072E+18,3,4,58,7,2017,7,16,1,3,5,3,1,1,0,0,0,0,0,4.46862E+20,5.86107E+21,8.21008E+15,5.28967E+16
18387,3.17072E+18,3,1,55,9,2017,7,18,3,2,8,1,0,1,0,0,0,0,0,5.60322E+20,5.72635E+21,9.87258E+15,5.16849E+16
18388,3.17072E+18,3,3,52,62,2017,7,11,1,3,8,1,0,1,0,0,0,0,1,4.81475E+20,5.94698E+21,8.7196E+15,5.36712E+16
18389,3.17073E+18,3,2,41,1,2017,7,14,2,3,2,6,0,1,0,0,1,0,0,5.57185E+20,5.80771E+21,9.84082E+15,5.24166E+16
18390,3.17072E+18,3,3,52,22,2017,7,20,1,3,9,1,0,1,0,0,0,0,0,5.05393E+20,5.94987E+21,9.08169E+15,5.36975E+16
18391,3.17073E+18,3,2,41,1,2017,7,12,2,3,2,6,0,1,0,0,0,0,0,5.50072E+20,5.80563E+21,9.73593E+15,5.23986E+16
18392,3.17073E+18,3,2,41,1,2017,7,9,2,2,1,5,0,1,0,1,0,0,0,5.49686E+20,5.80267E+21,9.72983E+15,5.23721E+16
18393,3.17073E+18,3,2,41,1,2017,7,11,2,3,5,3,1,1,0,0,1,0,0,5.49984E+20,5.80659E+21,9.73479E+15,5.24072E+16
18394,3.17073E+18,3,2,41,1,2017,7,8,2,3,2,6,0,1,0,0,0,0,0,5.56793E+20,5.80813E+21,9.83514E+15,5.24204E+16
18395,3.17072E+18,3,3,53,38,2017,7,18,1,3,0,3,1,1,0,0,0,0,0,5.51738E+20,5.89977E+21,9.77534E+15,5.32447E+16
18396,3.17073E+18,3,2,57,31,2017,7,15,2,3,2,2,0,1,0,0,0,0,0,5.05492E+20,5.78274E+21,9.08035E+15,5.21951E+16
18397,3.17072E+18,3,3,51,26,2017,7,15,1,3,1,5,0,1,0,0,0,0,0,5.87397E+20,5.85495E+21,1.02974E+16,5.28372E+16
18398,3.17073E+18,3,2,54,17,2017,7,15,2,3,5,3,1,1,0,0,0,0,0,5.61597E+20,5.78516E+21,9.90156E+15,5.22135E+16
18399,3.17072E+18,3,3,51,4,2017,7,19,1,3,9,1,0,1,0,0,0,0,0,5.66633E+20,5.8475E+21,9.98772E+15,5.27732E+16
18400,3.17073E+18,3,2,52,2,2017,7,15,2,3,2,6,0,1,0,0,0,0,0,5.31814E+20,5.78405E+21,9.46557E+15,5.2206E+16
18401,3.17072E+18,3,3,51,6,2017,7,15,1,3,5,2,0,1,0,1,0,0,0,5.69558E+20,5.83282E+21,1.0028E+16,5.26408E+16
18402,3.17072E+18,3,2,41,3,2017,7,13,1,2,8,1,0,1,0,0,0,0,0,5.68952E+20,5.80822E+21,1.00139E+16,5.24199E+16
18403,3.17073E+18,3,2,52,6,2017,7,13,2,3,0,1,0,0,0,1,0,0,0,5.2436E+20,5.77313E+21,9.3557E+15,5.21082E+16
18404,3.17072E+18,3,2,57,31,2017,7,19,1,3,8,7,0,1,0,0,0,0,0,5.08426E+20,5.78555E+21,9.12334E+15,5.22203E+16
18405,3.17072E+18,3,2,41,19,2017,7,12,1,3,2,6,0,1,0,0,0,0,0,5.53912E+20,5.82259E+21,9.79511E+15,5.25507E+16
18406,3.17073E+18,3,2,52,6,2017,7,13,2,3,2,6,0,1,0,0,0,0,0,5.25092E+20,5.77268E+21,9.36636E+15,5.21041E+16
18407,3.17072E+18,3,2,56,32,2017,7,12,1,3,2,2,0,1,0,0,0,0,0,5.02708E+20,5.81765E+21,9.0399E+15,5.2509E+16
18408,3.17072E+18,3,2,54,42,2017,7,7,1,3,9,7,0,1,0,0,0,0,1,5.67387E+20,5.75217E+21,9.97978E+15,5.19162E+16
18409,3.1708E+18,3,3,58,16,2017,8,9,4,3,5,3,0,0,0,1,1,0,0,5.71537E+20,5.87258E+21,1.00659E+16,5.2998E+16