OBJECTID,UIDENTSTLA,ULAND,UREGBEZ,UKREIS,UGEMEINDE,UJAHR,UMONAT,USTUNDE,UWOCHENTAG,UKATEGORIE,UART,UTYP1,IstRad,IstPKW,IstFuss,IstKrad,IstSonstig,LICHT,STRZUSTAND,LINREFX,LINREFY,XGCSWGS84,YGCSWGS84
18410,3.17073E+18,3,1,59,1,2017,7,10,2,3,4,6,0,1,0,0,0,0,0,5.53932E+20,5.71627E+21,9.7786E+15,5.15949E+16
18411,3.17072E+18,3,2,54,22,2017,7,13,1,3,2,6,0,1,0,0,0,0,0,5.78714E+20,5.77294E+21,1.01492E+16,5.21014E+16
18412,3.1708E+18,3,3,61,9,2017,8,12,4,3,5,3,1,1,0,0,0,0,0,5.01364E+20,5.88165E+21,9.02037E+15,5.30843E+16
18413,3.17073E+18,3,1,55,11,2017,7,3,2,3,2,6,0,1,0,0,1,2,0,5.71281E+20,5.73711E+21,1.00333E+16,5.17803E+16
18414,3.17072E+18,3,1,53,12,2017,7,14,1,3,9,7,0,1,0,0,0,0,0,5.77615E+20,5.74783E+21,1.01275E+16,5.18758E+16
18415,3.1708E+18,3,4,4,0,2017,8,13,4,3,5,3,1,1,0,0,0,0,0,4.3651E+20,5.79066E+21,8.0697E+15,5.22626E+16
18416,3.1708E+18,3,1,57,7,2017,8,18,5,2,4,2,0,1,0,0,0,0,0,5.94808E+20,5.79115E+21,1.03892E+16,5.22626E+16
18417,3.17073E+18,3,1,2,0,2017,7,8,2,3,5,3,0,1,0,0,0,0,0,5.88455E+20,5.77674E+21,1.02924E+16,5.2134E+16
18418,3.17073E+18,3,1,51,16,2017,7,16,2,1,5,3,0,1,0,0,0,0,0,6.06968E+20,5.8025E+21,1.05709E+16,5.23624E+16
18419,3.17072E+18,3,1,55,10,2017,7,6,3,3,0,1,1,0,0,0,0,0,0,5.64641E+20,5.71808E+21,9.93351E+15,5.161E+16
18420,3.17073E+18,3,1,54,13,2017,7,7,2,3,2,6,0,1,0,0,1,1,0,6.26365E+20,5.79631E+21,1.08533E+16,5.23026E+16
18421,3.1708E+18,3,4,62,5,2017,8,22,5,3,3,6,0,1,0,1,0,2,0,4.21791E+20,5.92845E+21,7.82096E+15,5.34992E+16
18422,3.17073E+18,3,4,59,12,2017,7,13,1,3,4,6,0,1,0,1,0,0,0,4.43446E+20,5.7883E+21,8.17172E+15,5.22422E+16
18423,3.17072E+18,3,2,57,38,2017,7,14,3,3,9,1,0,0,0,1,0,0,0,5.18824E+20,5.80761E+21,9.27679E+15,5.24184E+16
18424,3.17073E+18,3,4,59,20,2017,7,12,1,2,5,3,1,1,0,0,0,0,0,4.32143E+20,5.78164E+21,8.00754E+15,5.2181E+16
18425,3.1708E+18,3,1,2,0,2017,8,10,6,3,5,3,0,1,0,0,0,0,0,5.87888E+20,5.77678E+21,1.02841E+16,5.21346E+16
18426,3.17073E+18,3,4,59,30,2017,7,18,1,2,5,2,0,1,0,0,0,0,0,4.29021E+20,5.83708E+21,7.95011E+15,5.2679E+16
18427,3.17073E+18,3,4,4,0,2017,7,16,1,3,5,7,1,1,0,0,0,0,0,4.40417E+20,5.79116E+21,8.12685E+15,5.22676E+16
18428,3.17072E+18,3,2,55,23,2017,7,15,1,3,2,2,0,1,0,1,0,0,0,5.36133E+20,5.73651E+21,9.52376E+15,5.17783E+16
18429,3.17073E+18,3,4,4,0,2017,7,10,1,3,0,1,1,0,0,0,0,0,0,4.35222E+20,5.79098E+21,8.05077E+15,5.22653E+16
18430,3.17072E+18,3,2,57,9,2017,7,14,3,2,9,1,0,1,0,0,0,0,0,5.03394E+20,5.79402E+21,9.04977E+15,5.22966E+16
18431,3.17073E+18,3,4,54,21,2017,7,13,1,2,8,6,0,1,0,0,0,0,0,4.07642E+20,5.84069E+21,7.63296E+15,5.27083E+16
18432,3.17073E+18,3,4,56,27,2017,7,15,1,2,9,6,0,1,0,0,0,0,0,3.82248E+20,5.80027E+21,7.27157E+15,5.23401E+16
18433,3.17072E+18,3,1,59,16,2017,7,17,3,3,0,1,0,0,0,1,0,0,0,5.61036E+20,5.71307E+21,9.88058E+15,5.15654E+16
18434,3.17073E+18,3,4,52,1,2017,7,1,1,3,3,6,0,1,0,0,0,2,1,3.98732E+20,5.92564E+21,7.47435E+15,5.347E+16
18435,3.17073E+18,3,4,53,1,2017,7,0,1,3,9,6,0,1,0,0,0,2,1,4.21712E+20,5.88505E+21,7.83047E+15,5.31091E+16
18436,3.17072E+18,3,1,59,16,2017,7,0,3,3,3,6,0,1,0,0,0,2,0,5.6298E+20,5.70956E+21,9.908E+15,5.15336E+16
18437,3.17073E+18,3,4,60,2,2017,7,23,1,1,9,1,0,1,0,0,0,2,0,4.54165E+20,5.82136E+21,8.32418E+15,5.25404E+16
18438,3.17072E+18,3,1,58,39,2017,7,15,3,3,5,3,0,1,0,0,0,0,0,6.10408E+20,5.76575E+21,1.06094E+16,5.20314E+16
18439,3.17072E+18,3,1,58,30,2017,7,7,3,3,2,2,0,1,0,1,0,0,0,6.11923E+20,5.78621E+21,1.06382E+16,5.22149E+16
18440,3.17072E+18,3,2,55,23,2017,7,9,1,3,9,1,0,0,0,1,0,0,1,5.34672E+20,5.734E+21,9.50232E+15,5.17558E+16
18441,3.17073E+18,3,4,53,3,2017,7,16,1,2,4,2,0,1,0,1,0,0,0,4.36724E+20,5.84828E+21,8.06187E+15,5.27806E+16
18442,3.17073E+18,3,4,55,27,2017,7,17,1,3,5,3,0,1,0,0,0,0,0,4.31638E+20,5.9191E+21,7.97141E+15,5.34166E+16
18443,3.17073E+18,3,2,51,33,2017,7,16,1,3,0,6,0,1,0,1,0,0,0,5.01437E+20,5.86049E+21,9.02136E+15,5.28941E+16
18444,3.17073E+18,3,4,58,5,2017,7,16,1,3,2,2,0,1,0,0,0,0,0,4.68445E+20,5.88234E+21,8.52882E+15,5.30895E+16
18445,3.17072E+18,3,2,52,6,2017,7,12,1,2,8,1,0,1,0,0,0,0,0,5.27615E+20,5.77079E+21,9.40303E+15,5.2087E+16
18446,3.17073E+18,3,4,58,14,2017,7,14,1,2,9,1,0,0,0,1,0,0,0,4.56467E+20,5.86514E+21,8.3523E+15,5.29341E+16
18447,3.17073E+18,3,3,52,56,2017,7,9,1,3,9,1,0,1,0,0,0,0,1,5.06857E+20,5.95315E+21,9.10393E+15,5.37269E+16
18448,3.17072E+18,3,1,59,16,2017,7,20,1,3,2,6,0,1,0,0,0,0,0,5.60867E+20,5.70855E+21,9.87737E+15,5.15248E+16
18449,3.17073E+18,3,3,53,26,2017,7,22,1,3,2,6,0,1,0,0,0,2,0,5.54204E+20,5.91391E+21,9.81471E+15,5.33715E+16
18450,3.17072E+18,3,1,59,7,2017,7,7,1,3,9,1,0,0,0,0,1,0,1,5.61129E+20,5.71353E+21,9.88201E+15,5.15695E+16
18451,3.17073E+18,3,3,59,21,2017,7,17,1,3,2,6,0,1,0,0,0,0,0,5.40584E+20,5.933E+21,9.61246E+15,5.35444E+16
18452,3.17072E+18,3,1,57,6,2017,7,20,1,3,2,6,0,1,0,0,0,0,0,5.81168E+20,5.79924E+21,1.01913E+16,5.23375E+16
18453,3.17072E+18,3,1,53,504,2017,7,13,1,2,2,6,1,0,0,0,0,0,0,6.06714E+20,5.73878E+21,1.05473E+16,5.17897E+16
18454,3.17073E+18,3,3,58,2,2017,7,9,1,3,8,1,0,1,0,0,0,0,0,5.65985E+20,5.88545E+21,9.98586E+15,5.31144E+16
18455,3.17072E+18,3,1,1,0,2017,7,11,1,2,0,1,0,0,0,1,0,0,1,6.01963E+20,5.78565E+21,1.04923E+16,5.22119E+16
18456,3.17072E+18,3,1,54,10,2017,7,13,1,3,1,7,0,1,1,0,0,0,0,6.39696E+20,5.78792E+21,1.10452E+16,5.22239E+16
18457,3.17072E+18,3,4,59,3,2017,7,11,7,3,2,6,0,1,0,0,0,0,0,4.54083E+20,5.79785E+21,8.32619E+15,5.23291E+16
18458,3.17072E+18,3,4,4,0,2017,7,6,7,2,6,2,0,0,1,0,1,1,1,4.32754E+20,5.79436E+21,8.01395E+15,5.22955E+16
18459,3.17073E+18,3,3,58,8,2017,7,11,1,3,2,6,0,1,0,0,0,0,0,5.56067E+20,5.86475E+21,9.83409E+15,5.29295E+16
18460,3.17072E+18,3,4,57,15,2017,7,13,7,3,5,3,0,1,0,0,0,0,0,4.03917E+20,5.91083E+21,7.55695E+15,5.33379E+16
18461,3.17073E+18,3,3,58,7,2017,7,11,1,3,2,7,0,1,0,0,0,0,0,5.46264E+20,5.84122E+21,9.68494E+15,5.27189E+16
18462,3.17072E+18,3,4,54,41,2017,7,22,7,2,8,1,0,1,0,0,0,2,1,3.88395E+20,5.87939E+21,7.33492E+15,5.30524E+16
18463,3.1708E+18,3,4,58,13,2017,8,8,4,2,5,3,1,1,0,0,0,0,0,4.46114E+20,5.87916E+21,8.19595E+15,5.30592E+16
18464,3.1708E+18,3,4,52,1,2017,8,18,4,3,0,3,1,0,0,1,0,0,0,3.99541E+20,5.92537E+21,7.48662E+15,5.34677E+16
18465,3.17073E+18,3,3,58,4,2017,7,0,1,3,7,7,0,0,0,1,0,2,1,5.44673E+20,5.86334E+21,9.66441E+15,5.29178E+16
18466,3.17073E+18,3,3,58,21,2017,7,19,1,3,1,5,0,1,0,0,0,0,0,5.5846E+20,5.87508E+21,9.87155E+15,5.3022E+16
18467,3.17073E+18,3,3,58,21,2017,7,13,1,3,4,2,0,1,0,0,0,0,0,5.56232E+20,5.87117E+21,9.83766E+15,5.29872E+16
18468,3.17073E+18,3,3,57,57,2017,7,19,1,3,2,2,0,1,0,0,0,0,0,5.18413E+20,5.90517E+21,9.27626E+15,5.32955E+16
18469,3.17073E+18,3,3,53,39,2017,7,21,1,2,3,6,0,1,0,0,0,2,0,5.52875E+20,5.91383E+21,9.79472E+15,5.33709E+16
18470,3.17073E+18,3,2,41,9,2017,7,14,1,3,5,3,1,1,0,0,0,0,0,5.56284E+20,5.79307E+21,9.82512E+15,5.22851E+16
18471,3.17073E+18,3,2,41,1,2017,7,17,1,3,5,3,0,1,0,0,0,0,0,5.47599E+20,5.80758E+21,9.69987E+15,5.24163E+16
18472,3.17072E+18,3,4,5,0,2017,7,19,7,3,2,6,0,1,0,0,1,0,0,4.40243E+20,5.93146E+21,8.09851E+15,5.35287E+16
18473,3.1708E+18,3,3,53,9,2017,8,1,5,3,9,1,0,1,0,0,0,2,1,5.71093E+20,5.89267E+21,1.00638E+16,5.31786E+16
18474,3.17073E+18,3,2,41,15,2017,7,18,1,3,2,6,0,1,0,0,0,0,0,5.35424E+20,5.80682E+21,9.52079E+15,5.24104E+16
18475,3.17073E+18,3,2,41,5,2017,7,17,1,3,2,2,0,1,0,0,0,0,0,5.41551E+20,5.80923E+21,9.61115E+15,5.24317E+16
18476,3.17072E+18,3,4,5,0,2017,7,17,7,3,5,2,1,1,0,0,0,0,0,4.41027E+20,5.93144E+21,8.11034E+15,5.35286E+16
18477,3.1708E+18,3,4,51,7,2017,8,15,5,3,4,6,0,1,0,0,0,0,0,4.2505E+20,5.89955E+21,7.87693E+15,5.324E+16
18478,3.17073E+18,3,2,41,16,2017,7,14,1,3,5,3,0,1,0,0,0,0,0,5.59486E+20,5.79595E+21,9.87257E+15,5.23107E+16
18479,3.17072E+18,3,4,51,2,2017,7,18,7,3,5,3,0,1,0,0,0,0,0,4.3096E+20,5.89655E+21,7.96612E+15,5.32138E+16
18480,3.1708E+18,3,4,59,24,2017,8,7,5,3,3,6,0,1,0,0,1,0,0,4.55084E+20,5.78277E+21,8.34289E+15,5.21935E+16
18481,3.17073E+18,3,2,41,1,2017,7,9,1,3,9,6,0,1,0,1,0,0,0,5.48246E+20,5.80666E+21,9.70925E+15,5.2408E+16
18482,3.17072E+18,3,4,3,0,2017,7,12,7,3,5,3,1,1,0,0,0,0,0,4.4556E+20,5.88835E+21,8.18612E+15,5.31418E+16
18483,3.17072E+18,3,2,51,26,2017,7,17,7,3,8,1,0,0,0,1,0,0,0,5.06137E+20,5.8563E+21,9.09114E+15,5.28564E+16
18484,3.17073E+18,3,2,41,12,2017,7,5,1,2,9,7,0,0,0,0,1,1,0,5.31444E+20,5.81963E+21,9.46348E+15,5.25259E+16
18485,3.17072E+18,3,4,61,3,2017,7,12,7,2,6,4,0,1,1,0,0,0,0,4.57048E+20,5.93739E+21,8.35119E+15,5.35836E+16
18486,3.17072E+18,3,4,61,7,2017,7,16,7,3,5,3,0,1,0,0,0,0,0,4.66653E+20,5.93105E+21,8.49694E+15,5.35273E+16
18487,3.17073E+18,3,1,55,3,2017,7,11,1,2,4,2,0,1,0,1,0,0,0,5.44546E+20,5.74123E+21,9.6463E+15,5.18201E+16
18488,3.17073E+18,3,1,55,9,2017,7,16,1,3,5,3,0,1,0,0,1,0,0,5.60206E+20,5.72695E+21,9.871E+15,5.16903E+16
18489,3.17072E+18,3,4,61,4,2017,7,14,7,3,5,2,0,1,0,0,0,0,0,4.58896E+20,5.89561E+21,8.38455E+15,5.32082E+16
18490,3.17072E+18,3,4,61,4,2017,7,9,7,3,6,4,0,1,1,0,0,0,1,4.6375E+20,5.89871E+21,8.45687E+15,5.32364E+16
18491,3.17073E+18,3,2,56,16,2017,7,1,1,3,9,1,0,1,0,0,0,2,1,5.16963E+20,5.82341E+21,9.25022E+15,5.25605E+16
18492,3.17072E+18,3,4,1,0,2017,7,21,7,3,5,3,1,1,0,0,0,2,0,4.76643E+20,5.87826E+21,8.65154E+15,5.30533E+16
18493,3.17072E+18,3,3,52,59,2017,7,7,7,3,9,1,0,1,0,0,0,0,0,4.83963E+20,5.91523E+21,8.75888E+15,5.33859E+16
18494,3.1708E+18,3,4,61,7,2017,8,8,4,3,8,6,0,1,0,1,0,0,0,4.6128E+20,5.92716E+21,8.41638E+15,5.3492E+16
18495,3.17073E+18,3,2,57,20,2017,7,0,1,3,9,1,0,1,0,0,0,2,1,5.20703E+20,5.8019E+21,9.30406E+15,5.2367E+16
18496,3.17072E+18,3,3,52,60,2017,7,12,7,3,4,6,0,1,0,0,0,0,0,4.78676E+20,5.91744E+21,8.67924E+15,5.34056E+16
18497,3.1708E+18,3,4,52,27,2017,8,13,4,3,0,7,1,0,0,0,0,0,0,3.91312E+20,5.94905E+21,7.35447E+15,5.36789E+16
18498,3.17073E+18,3,2,57,28,2017,7,22,1,3,9,1,0,0,0,1,0,2,0,5.07803E+20,5.78908E+21,9.1143E+15,5.22521E+16
18499,3.17072E+18,3,3,53,34,2017,7,1,7,2,9,7,0,1,0,0,0,2,0,5.72204E+20,5.9034E+21,1.00828E+16,5.32749E+16
18500,3.1708E+18,3,3,51,26,2017,8,16,5,2,2,6,0,0,0,1,1,0,0,5.87196E+20,5.85562E+21,1.02946E+16,5.28433E+16
18501,3.17072E+18,3,3,59,35,2017,7,12,7,2,4,1,0,1,0,0,0,0,0,5.12168E+20,5.9591E+21,9.18466E+15,5.37803E+16
18502,3.1708E+18,3,1,59,10,2017,8,15,5,3,8,1,0,0,0,1,0,0,0,5.90312E+20,5.71172E+21,1.03025E+16,5.15494E+16
18503,3.17073E+18,3,2,56,13,2017,7,14,1,3,8,1,0,1,0,1,0,0,0,5.06461E+20,5.85487E+21,9.09592E+15,5.28435E+16
18504,3.17073E+18,3,2,54,26,2017,7,14,1,3,0,1,0,0,0,1,1,0,1,5.53074E+20,5.77976E+21,9.77598E+15,5.21658E+16
18505,3.17073E+18,3,2,54,11,2017,7,11,1,3,8,1,0,0,0,1,0,0,1,5.62264E+20,5.77037E+21,9.90861E+15,5.20804E+16
18506,3.17073E+18,3,2,55,8,2017,7,15,1,3,5,3,0,1,0,1,0,0,0,5.54926E+20,5.75498E+21,9.79907E+15,5.19429E+16
18507,3.17073E+18,3,2,55,26,2017,7,13,1,3,2,2,0,1,0,1,0,0,0,5.27436E+20,5.72639E+21,9.3969E+15,5.16878E+16
18508,3.17072E+18,3,1,58,37,2017,7,17,3,2,0,7,1,0,0,0,0,0,0,6.06724E+20,5.77842E+21,1.05597E+16,5.2146E+16
18509,3.17073E+18,3,1,59,16,2017,7,13,1,2,6,4,0,1,1,0,0,0,0,5.64607E+20,5.70913E+21,9.93138E+15,5.15296E+16
18510,3.17073E+18,3,1,58,39,2017,7,17,1,3,2,2,0,1,0,1,0,0,0,6.02571E+20,5.76143E+21,1.04939E+16,5.1994E+16
18511,3.1708E+18,3,2,52,3,2017,8,15,6,2,4,2,0,1,0,1,0,0,0,5.18252E+20,5.75863E+21,9.26574E+15,5.19781E+16
18512,3.17073E+18,3,1,2,0,2017,7,1,1,2,8,1,0,1,0,0,0,2,0,5.91535E+20,5.78062E+21,1.03384E+16,5.21685E+16
18513,3.17073E+18,3,1,1,0,2017,7,22,1,1,5,3,0,0,0,1,1,2,0,6.07216E+20,5.78603E+21,1.05693E+16,5.22142E+16
18514,3.17073E+18,3,4,59,24,2017,7,6,7,3,8,7,0,1,0,0,0,0,0,4.60987E+20,5.78142E+21,8.4294E+15,5.21819E+16
18515,3.17072E+18,3,3,59,9,2017,7,9,7,3,5,3,0,1,0,0,0,0,0,5.17439E+20,5.94178E+21,9.26368E+15,5.36245E+16
18516,3.17073E+18,3,4,2,0,2017,7,15,7,2,3,6,0,1,0,0,0,0,0,3.8048E+20,5.91692E+21,7.20282E+15,5.33878E+16
18517,3.17073E+18,3,4,54,19,2017,7,0,7,2,8,1,0,1,0,0,0,2,0,4.01212E+20,5.83876E+21,7.5384E+15,5.26898E+16
18518,3.17072E+18,3,3,59,36,2017,7,23,7,1,8,1,0,1,0,0,0,2,0,5.14977E+20,5.9376E+21,9.22626E+15,5.3587E+16
18519,3.17073E+18,3,4,54,19,2017,7,2,7,2,0,1,0,1,0,0,0,2,0,3.9799E+20,5.83532E+21,7.49181E+15,5.26582E+16
18520,3.17072E+18,3,3,58,5,2017,7,13,7,3,2,6,0,1,0,0,0,0,1,5.47222E+20,5.83509E+21,9.69824E+15,5.26637E+16
18521,3.17073E+18,3,4,54,18,2017,7,22,7,2,8,1,0,1,0,0,0,2,1,3.71772E+20,5.8442E+21,7.10093E+15,5.27324E+16
18522,3.17072E+18,3,3,58,21,2017,7,11,7,3,4,2,0,1,0,0,0,0,1,5.5482E+20,5.86907E+21,9.81628E+15,5.29685E+16
18523,3.17072E+18,3,3,57,55,2017,7,6,7,3,8,7,0,1,0,0,0,0,0,5.06315E+20,5.89269E+21,9.0945E+15,5.31835E+16
18524,3.17073E+18,3,4,54,54,2017,7,20,7,2,7,7,0,0,0,1,0,0,0,3.75554E+20,5.83608E+21,7.15998E+15,5.26603E+16
18525,3.17072E+18,3,3,60,6,2017,7,0,7,1,9,7,0,1,0,0,0,2,0,5.95509E+20,5.87735E+21,1.04244E+16,5.30371E+16
18526,3.17072E+18,3,3,54,12,2017,7,16,7,3,8,1,0,1,0,0,0,0,1,6.30066E+20,5.88334E+21,1.09419E+16,5.30837E+16
18527,3.17072E+18,3,2,41,1,2017,7,14,7,3,5,3,1,1,0,0,0,0,0,5.50026E+20,5.80629E+21,9.73536E+15,5.24046E+16
18528,3.17072E+18,3,2,41,3,2017,7,15,7,3,3,6,0,1,0,0,1,0,0,5.71091E+20,5.82108E+21,1.00481E+16,5.25352E+16
18529,3.17072E+18,3,2,41,4,2017,7,21,7,3,8,7,0,1,0,0,0,2,0,5.6297E+20,5.81457E+21,9.92717E+15,5.24777E+16
18530,3.17072E+18,3,2,41,8,2017,7,12,7,2,8,1,0,1,0,0,0,0,1,5.60977E+20,5.80946E+21,9.89689E+15,5.2432E+16
18531,3.1708E+18,3,3,53,5,2017,8,13,4,3,2,6,0,1,0,0,0,0,0,5.5493E+20,5.90921E+21,9.8248E+15,5.33292E+16
18532,3.17073E+18,3,4,54,31,2017,7,6,7,3,8,1,0,1,0,0,0,0,1,4.00973E+20,5.82461E+21,7.5391E+15,5.25626E+16
18533,3.17072E+18,3,2,41,10,2017,7,10,7,3,9,1,0,1,0,0,0,0,1,5.49753E+20,5.81611E+21,9.73281E+15,5.24929E+16
18534,3.17073E+18,3,4,54,10,2017,7,23,7,3,9,1,0,1,0,0,0,1,0,3.87009E+20,5.80043E+21,7.34137E+15,5.23425E+16
18535,3.17072E+18,3,1,55,11,2017,7,18,7,3,2,2,0,1,0,1,0,0,0,5.68549E+20,5.72815E+21,9.99192E+15,5.17001E+16
18536,3.17073E+18,3,4,54,18,2017,7,13,7,3,2,6,0,1,0,0,0,0,1,3.75993E+20,5.84677E+21,7.16243E+15,5.27565E+16
18537,3.17073E+18,3,4,54,32,2017,7,13,7,1,4,1,0,1,0,0,1,0,1,3.86326E+20,5.81718E+21,7.32565E+15,5.24929E+16
18538,3.17073E+18,3,4,62,12,2017,7,11,7,3,1,5,0,1,0,0,0,0,1,4.02522E+20,5.94118E+21,7.52659E+15,5.36104E+16
18539,3.17073E+18,3,4,53,11,2017,7,14,7,2,4,2,0,1,0,0,0,0,0,4.16456E+20,5.8472E+21,7.76172E+15,5.27682E+16
18540,3.17073E+18,3,4,53,8,2017,7,14,7,3,0,1,1,0,0,0,0,0,1,4.3484E+20,5.867E+21,8.0302E+15,5.29487E+16
18541,3.17072E+18,3,2,54,44,2017,7,12,7,3,8,7,0,1,0,0,0,0,1,5.73016E+20,5.75653E+21,1.00625E+16,5.19546E+16
18542,3.17073E+18,3,3,61,12,2017,7,10,7,3,2,6,0,1,0,0,0,0,0,5.15413E+20,5.86409E+21,9.22928E+15,5.29262E+16
18543,3.17072E+18,3,2,54,44,2017,7,12,7,1,8,1,0,1,0,0,0,0,1,5.72602E+20,5.75636E+21,1.00565E+16,5.19532E+16
18544,3.17073E+18,3,2,51,47,2017,7,15,7,3,8,1,0,1,0,0,0,0,1,4.90464E+20,5.86847E+21,8.85801E+15,5.29657E+16
18545,3.17072E+18,3,1,58,2,2017,7,12,7,3,9,1,0,1,0,0,0,0,1,5.81097E+20,5.77337E+21,1.01841E+16,5.2105E+16
18546,3.17072E+18,3,2,54,22,2017,7,10,7,3,2,6,0,1,0,0,0,0,1,5.78908E+20,5.77282E+21,1.0152E+16,5.21003E+16
18547,3.17073E+18,3,2,51,37,2017,7,13,7,3,2,6,0,1,0,0,0,0,0,4.8233E+20,5.87352E+21,8.73664E+15,5.3011E+16
18548,3.17072E+18,3,2,55,31,2017,7,21,7,3,0,1,0,0,0,1,0,1,0,5.25638E+20,5.75826E+21,9.37325E+15,5.19744E+16
18549,3.17072E+18,3,1,59,33,2017,7,9,7,3,9,1,0,1,0,0,0,0,1,5.79627E+20,5.71016E+21,1.01481E+16,5.15369E+16
18550,3.17073E+18,3,4,1,0,2017,7,6,7,3,8,7,0,1,0,0,0,1,1,4.7868E+20,5.87864E+21,8.6819E+15,5.30568E+16
18551,3.17072E+18,3,1,53,12,2017,7,19,7,3,5,3,1,1,0,0,0,0,0,5.81101E+20,5.74966E+21,1.01785E+16,5.18918E+16
18552,3.17072E+18,3,1,51,39,2017,7,5,7,3,0,6,1,1,0,0,0,0,0,6.16149E+20,5.8141E+21,1.07097E+16,5.24647E+16
18553,3.17073E+18,3,3,53,28,2017,7,16,7,1,3,1,0,0,0,0,1,0,1,5.46268E+20,5.91191E+21,9.69514E+15,5.33543E+16
18554,3.17072E+18,3,1,57,8,2017,7,3,7,3,8,1,0,0,0,0,1,2,0,5.94313E+20,5.79957E+21,1.03843E+16,5.23383E+16
18555,3.1708E+18,3,3,53,27,2017,8,6,4,2,5,3,0,1,0,0,0,0,0,5.47741E+20,5.89692E+21,9.71501E+15,5.32194E+16
18556,3.17073E+18,3,3,54,12,2017,7,10,7,3,2,6,0,1,0,0,0,0,0,6.35319E+20,5.88621E+21,1.10215E+16,5.31082E+16
18557,3.17072E+18,3,4,59,5,2017,7,15,6,2,5,3,0,1,0,1,0,0,0,4.39354E+20,5.77652E+21,8.11391E+15,5.21359E+16
18558,3.1708E+18,3,3,56,2,2017,8,22,4,2,2,6,0,1,0,0,1,2,0,5.01978E+20,5.89247E+21,9.0296E+15,5.31816E+16
18559,3.17072E+18,3,4,59,22,2017,7,14,6,3,5,3,0,1,0,0,0,0,0,4.41974E+20,5.77752E+21,8.15202E+15,5.21451E+16
18560,3.1708E+18,3,4,59,4,2017,8,19,4,3,5,3,0,1,0,1,0,0,1,4.34958E+20,5.77937E+21,8.04915E+15,5.2161E+16
18561,3.17073E+18,3,3,55,22,2017,7,15,7,3,4,6,1,0,0,0,0,0,0,5.9529E+20,5.90314E+21,1.04288E+16,5.32689E+16
18562,3.17073E+18,3,3,51,23,2017,7,9,7,3,0,7,0,1,0,0,0,0,0,5.57388E+20,5.83362E+21,9.84828E+15,5.26495E+16
18563,3.17073E+18,3,3,51,25,2017,7,9,7,3,5,7,0,1,0,0,0,0,0,5.84351E+20,5.84267E+21,1.02491E+16,5.27273E+16
18564,3.17073E+18,3,2,41,21,2017,7,15,7,3,5,3,1,1,0,0,0,0,0,5.29014E+20,5.80891E+21,9.42673E+15,5.24296E+16
18565,3.17073E+18,3,1,59,19,2017,7,16,7,3,2,6,0,1,0,0,0,0,0,5.92274E+20,5.7237E+21,1.0334E+16,5.16567E+16
18566,3.17073E+18,3,1,59,17,2017,7,19,7,3,0,1,0,0,0,1,0,0,0,5.4712E+20,5.69659E+21,9.67763E+15,5.14186E+16
18567,3.17072E+18,3,4,59,13,2017,7,14,6,3,2,6,0,1,0,0,0,0,0,4.5323E+20,5.80197E+21,8.3131E+15,5.2366E+16
18568,3.17073E+18,3,1,57,8,2017,7,9,7,3,0,3,0,1,0,0,1,0,0,5.95799E+20,5.79635E+21,1.04052E+16,5.23091E+16
18569,3.17073E+18,3,1,51,9,2017,7,23,7,3,2,6,0,1,0,0,0,2,0,6.03367E+20,5.81882E+21,1.05231E+16,5.25097E+16
18570,3.1708E+18,3,4,54,10,2017,8,15,5,2,8,7,0,1,0,0,0,0,0,3.81249E+20,5.80274E+21,7.25604E+15,5.23621E+16
18571,3.17073E+18,3,4,59,3,2017,7,20,6,2,6,6,1,0,1,0,0,0,0,4.55569E+20,5.79668E+21,8.34816E+15,5.23186E+16
18572,3.1708E+18,3,1,58,40,2017,8,5,6,2,7,7,0,0,0,1,0,1,0,6.15427E+20,5.77372E+21,1.06853E+16,5.2102E+16
18573,3.17073E+18,3,4,56,25,2017,7,10,6,2,5,3,1,1,0,0,0,0,0,3.7342E+20,5.8204E+21,7.13444E+15,5.2519E+16
18574,3.17073E+18,3,4,54,39,2017,7,12,6,3,5,3,0,1,0,0,0,0,1,3.81522E+20,5.85954E+21,7.23968E+15,5.28725E+16
18575,3.17073E+18,3,4,54,35,2017,7,14,6,3,2,6,0,1,0,0,0,0,0,3.76333E+20,5.83959E+21,7.17017E+15,5.26921E+16
18576,3.17072E+18,3,4,4,0,2017,7,14,6,3,5,2,1,1,0,0,0,0,0,4.3305E+20,5.79417E+21,8.01833E+15,5.22938E+16
18577,3.17073E+18,3,4,54,18,2017,7,16,6,3,2,6,0,1,0,0,0,0,0,3.76002E+20,5.84396E+21,7.16363E+15,5.27313E+16
18578,3.17072E+18,3,4,57,20,2017,7,16,6,3,1,5,0,1,0,0,0,0,0,4.17487E+20,5.91114E+21,7.76061E+15,5.3343E+16
18579,3.17073E+18,3,4,54,35,2017,7,13,6,3,2,6,0,1,0,0,0,0,0,3.75963E+20,5.83966E+21,7.16467E+15,5.26926E+16
18580,3.17072E+18,3,4,57,24,2017,7,14,6,3,3,6,1,1,0,0,0,0,0,3.83803E+20,5.90338E+21,7.25772E+15,5.32669E+16
18581,3.17073E+18,3,4,54,10,2017,7,12,6,3,5,3,1,1,0,0,0,0,0,3.84387E+20,5.80673E+21,7.30073E+15,5.23986E+16
18582,3.17072E+18,3,4,56,2,2017,7,18,6,2,4,2,0,1,0,1,0,0,0,3.54762E+20,5.83073E+21,6.85512E+15,5.26072E+16
18583,3.17072E+18,3,4,56,15,2017,7,11,6,3,5,2,0,1,0,1,0,0,0,3.70722E+20,5.80962E+21,7.09888E+15,5.24215E+16