OBJECTID,UIDENTSTLA,ULAND,UREGBEZ,UKREIS,UGEMEINDE,UJAHR,UMONAT,USTUNDE,UWOCHENTAG,UKATEGORIE,UART,UTYP1,IstRad,IstPKW,IstFuss,IstKrad,IstSonstig,LICHT,STRZUSTAND,LINREFX,LINREFY,XGCSWGS84,YGCSWGS84
18759,3.17073E+18,3,1,51,22,2017,7,16,5,3,2,6,0,0,0,1,1,0,0,6.04354E+20,5.81022E+21,1.05349E+16,5.24322E+16
18760,3.17072E+18,3,3,57,41,2017,7,16,5,3,2,2,0,1,0,0,0,0,1,5.25713E+20,5.89433E+21,9.38491E+15,5.31976E+16
18761,3.1708E+18,3,1,53,17,2017,8,12,6,3,0,1,0,0,0,0,1,0,0,5.97173E+20,5.7532E+21,1.0413E+16,5.1921E+16
18762,3.17072E+18,3,4,59,15,2017,7,5,2,3,5,3,1,1,0,0,0,0,1,4.45324E+20,5.77388E+21,8.20155E+15,5.21128E+16
18763,3.17072E+18,3,3,51,17,2017,7,22,5,2,9,1,0,1,0,0,0,2,0,5.84181E+20,5.82448E+21,1.02419E+16,5.25638E+16
18764,3.17072E+18,3,2,41,1,2017,7,16,5,3,2,6,0,1,0,0,0,0,0,5.48951E+20,5.79983E+21,9.71862E+15,5.23466E+16
18765,3.17072E+18,3,2,41,1,2017,7,13,5,3,2,6,0,1,0,0,0,0,0,5.5217E+20,5.79947E+21,9.76581E+15,5.23431E+16
18766,3.17072E+18,3,2,41,1,2017,7,18,5,3,6,4,0,1,1,0,0,0,1,5.50923E+20,5.80174E+21,9.74785E+15,5.23636E+16
18767,3.17072E+18,3,4,59,19,2017,7,6,2,3,3,6,0,1,0,0,0,0,1,4.3591E+20,5.78764E+21,8.06148E+15,5.22354E+16
18768,3.17072E+18,3,2,41,15,2017,7,16,5,3,2,6,0,0,0,0,1,0,0,5.3426E+20,5.80628E+21,9.50362E+15,5.24057E+16
18769,3.17072E+18,3,2,41,9,2017,7,14,5,2,0,1,0,0,0,1,0,0,1,5.53932E+20,5.79642E+21,9.79118E+15,5.23155E+16
18770,3.17072E+18,3,4,59,3,2017,7,21,2,2,3,6,0,1,0,1,0,0,0,4.5942E+20,5.79579E+21,8.40476E+15,5.23109E+16
18771,3.17072E+18,3,2,41,1,2017,7,13,5,3,2,6,0,1,0,0,0,0,1,5.50031E+20,5.80503E+21,9.73524E+15,5.23933E+16
18772,3.17072E+18,3,2,41,4,2017,7,10,5,3,3,6,0,1,0,0,1,0,1,5.55309E+20,5.8195E+21,9.81519E+15,5.25228E+16
18773,3.17072E+18,3,1,59,26,2017,7,14,5,3,8,1,0,0,0,0,1,0,1,5.87064E+20,5.73059E+21,1.02604E+16,5.17195E+16
18774,3.17072E+18,3,2,57,32,2017,7,19,5,3,4,2,0,1,0,0,0,0,1,5.24752E+20,5.79449E+21,9.36298E+15,5.23002E+16
18775,3.17073E+18,3,4,59,8,2017,7,6,4,3,9,1,0,1,0,0,0,0,1,4.38909E+20,5.80133E+21,8.10292E+15,5.23588E+16
18776,3.17072E+18,3,2,54,43,2017,7,17,5,3,4,6,0,1,0,0,0,0,0,5.50941E+20,5.77086E+21,9.74346E+15,5.20859E+16
18777,3.17073E+18,3,4,4,0,2017,7,21,4,3,4,2,1,1,0,0,0,1,0,4.35635E+20,5.79099E+21,8.05682E+15,5.22655E+16
18778,3.17072E+18,3,2,54,14,2017,7,17,5,3,3,6,0,1,0,0,0,0,0,5.50924E+20,5.77194E+21,9.74338E+15,5.20956E+16
18779,3.17073E+18,3,4,57,3,2017,7,17,4,3,2,6,0,1,0,0,0,0,0,4.03736E+20,5.90336E+21,7.5565E+15,5.32707E+16
18780,3.17072E+18,3,2,54,29,2017,7,12,5,3,2,6,0,1,0,0,0,0,1,5.73102E+20,5.78162E+21,1.00692E+16,5.21802E+16
18781,3.17073E+18,3,4,54,33,2017,7,17,4,2,4,1,0,1,0,0,0,0,0,4.0749E+20,5.86791E+21,7.62298E+15,5.29528E+16
18782,3.17072E+18,3,4,59,29,2017,7,9,2,2,3,2,0,1,0,1,0,0,0,4.49445E+20,5.79799E+21,8.25812E+15,5.23299E+16
18783,3.17072E+18,3,2,52,6,2017,7,16,5,2,4,2,0,1,0,0,0,0,0,5.2444E+20,5.77044E+21,9.35668E+15,5.2084E+16
18784,3.17073E+18,3,4,54,23,2017,7,12,4,3,8,7,0,1,0,0,0,0,0,4.03564E+20,5.85004E+21,7.56986E+15,5.27916E+16
18785,3.17072E+18,3,2,52,6,2017,7,10,5,3,5,3,1,0,0,1,0,0,1,5.24578E+20,5.77425E+21,9.35896E+15,5.21182E+16
18786,3.17072E+18,3,1,59,34,2017,7,2,5,3,7,7,0,0,0,1,0,2,0,5.46655E+20,5.68723E+21,9.66972E+15,5.13345E+16
18787,3.17073E+18,3,4,54,58,2017,7,15,4,3,0,2,0,0,0,1,1,0,0,3.98759E+20,5.85964E+21,7.49566E+15,5.28769E+16
18788,3.17072E+18,3,1,53,12,2017,7,21,5,3,8,1,0,1,0,0,0,1,0,5.77389E+20,5.74518E+21,1.01236E+16,5.18521E+16
18789,3.17072E+18,3,1,59,16,2017,7,14,5,3,8,1,0,0,0,1,0,0,0,5.56938E+20,5.70765E+21,9.8206E+15,5.15171E+16
18790,3.17072E+18,3,1,54,21,2017,7,10,5,2,5,3,0,1,0,0,0,0,0,6.29086E+20,5.79045E+21,1.08909E+16,5.22493E+16
18791,3.17073E+18,3,4,56,20,2017,7,9,4,3,5,3,1,1,0,0,0,0,0,3.81291E+20,5.79846E+21,7.25817E+15,5.23236E+16
18792,3.17073E+18,3,4,54,19,2017,7,15,4,3,5,3,0,1,0,1,0,0,0,3.96399E+20,5.83638E+21,7.46796E+15,5.26675E+16
18793,3.17072E+18,3,1,54,10,2017,7,17,5,3,2,6,0,1,0,0,0,0,0,6.33295E+20,5.78788E+21,1.09515E+16,5.22252E+16
18794,3.17073E+18,3,4,54,19,2017,7,9,4,3,2,2,0,1,0,0,0,0,0,3.90816E+20,5.84055E+21,7.38405E+15,5.27038E+16
18795,3.17072E+18,3,1,58,37,2017,7,14,5,3,2,6,0,1,0,0,0,0,1,6.054E+20,5.78075E+21,1.05411E+16,5.21671E+16
18796,3.17073E+18,3,4,53,4,2017,7,15,4,3,5,3,1,1,0,0,0,0,0,4.34909E+20,5.85411E+21,8.0338E+15,5.28328E+16
18797,3.17073E+18,3,4,55,26,2017,7,14,4,3,5,3,0,1,0,0,0,0,0,4.41901E+20,5.91259E+21,8.127E+15,5.33593E+16
18798,3.17072E+18,3,1,53,14,2017,7,21,5,3,8,1,0,1,0,0,0,0,1,5.86686E+20,5.76248E+21,1.02629E+16,5.20062E+16
18799,3.17073E+18,3,3,56,3,2017,7,7,4,3,8,1,1,0,0,0,0,0,1,4.88574E+20,5.90679E+21,8.8285E+15,5.33102E+16
18800,3.17073E+18,3,3,61,5,2017,7,14,4,3,5,3,1,1,0,0,0,0,0,5.21823E+20,5.86583E+21,9.32474E+15,5.29417E+16
18801,3.17072E+18,3,1,51,7,2017,7,11,5,3,4,2,0,1,0,0,0,0,0,5.99864E+20,5.8405E+21,1.0478E+16,5.27052E+16
18802,3.1708E+18,3,2,54,26,2017,8,7,5,3,2,6,0,1,0,0,0,0,1,5.57846E+20,5.77905E+21,9.84562E+15,5.21589E+16
18803,3.17073E+18,3,3,61,12,2017,7,14,4,3,2,6,0,1,0,0,0,0,0,5.16599E+20,5.86394E+21,9.24691E+15,5.29249E+16
18804,3.17072E+18,3,1,51,39,2017,7,14,5,3,2,6,0,1,0,0,0,0,1,6.16061E+20,5.81414E+21,1.07084E+16,5.24651E+16
18805,3.1708E+18,3,2,41,10,2017,8,7,5,3,2,6,0,1,0,0,1,0,1,5.49147E+20,5.8118E+21,9.72324E+15,5.24542E+16
18806,3.17073E+18,3,4,3,0,2017,7,12,4,3,2,6,0,1,0,0,0,0,0,4.51586E+20,5.88736E+21,8.27636E+15,5.31334E+16
18807,3.17072E+18,3,4,59,12,2017,7,18,4,3,5,3,0,1,0,0,0,0,1,4.4784E+20,5.7896E+21,8.23587E+15,5.22543E+16
18808,3.1708E+18,3,3,57,45,2017,8,8,5,3,2,6,0,0,0,0,1,0,1,5.15197E+20,5.88485E+21,9.22703E+15,5.31128E+16
18809,3.17073E+18,3,4,51,2,2017,7,8,4,3,5,3,1,1,0,0,0,0,0,4.38694E+20,5.8932E+21,8.08256E+15,5.31846E+16
18810,3.17072E+18,3,4,57,12,2017,7,14,4,3,2,6,0,1,0,0,0,0,0,3.92318E+20,5.89854E+21,7.38698E+15,5.32252E+16
18811,3.17072E+18,3,4,56,2,2017,7,10,4,3,5,2,1,0,0,0,1,0,0,3.54652E+20,5.83077E+21,6.85347E+15,5.26075E+16
18812,3.1708E+18,3,4,51,4,2017,8,6,5,3,5,3,1,1,0,0,0,1,1,4.38069E+20,5.88405E+21,8.07499E+15,5.31023E+16
18813,3.17072E+18,3,4,54,18,2017,7,4,4,2,2,6,0,0,0,0,1,1,0,3.76985E+20,5.85142E+21,7.17538E+15,5.27986E+16
18814,3.1708E+18,3,4,4,0,2017,8,13,5,3,3,6,0,1,0,0,1,0,0,4.34263E+20,5.78927E+21,8.03706E+15,5.22499E+16
18815,3.17072E+18,3,4,52,19,2017,7,12,4,3,4,2,0,1,0,0,0,0,0,3.79426E+20,5.94135E+21,7.17759E+15,5.36071E+16
18816,3.17072E+18,3,4,57,11,2017,7,14,2,3,9,7,0,1,0,0,0,0,0,4.0767E+20,5.90343E+21,7.61546E+15,5.3272E+16
18817,3.17072E+18,3,4,57,10,2017,7,3,2,3,8,1,0,1,0,0,0,2,0,4.0579E+20,5.90791E+21,7.58593E+15,5.3312E+16
18818,3.1708E+18,3,2,52,6,2017,8,16,6,3,5,3,1,0,0,0,0,0,0,5.25871E+20,5.77235E+21,9.3777E+15,5.21011E+16
18819,3.17072E+18,3,4,55,20,2017,7,6,4,3,2,6,1,1,0,0,0,0,0,4.27691E+20,5.94996E+21,7.90489E+15,5.36934E+16
18820,3.17073E+18,3,4,51,2,2017,7,15,4,2,3,6,1,1,0,0,0,0,0,4.33224E+20,5.89338E+21,8.00067E+15,5.31855E+16
18821,3.17072E+18,3,3,56,8,2017,7,6,4,3,0,1,0,0,0,1,0,0,0,4.82739E+20,5.893E+21,8.74169E+15,5.31861E+16
18822,3.17072E+18,3,4,56,25,2017,7,23,2,3,2,6,0,1,0,0,0,2,0,3.78762E+20,5.8206E+21,7.21305E+15,5.2522E+16
18823,3.17072E+18,3,3,61,1,2017,7,11,4,3,5,3,1,1,0,0,0,0,0,5.03092E+20,5.87289E+21,9.04608E+15,5.30055E+16
18824,3.17073E+18,3,2,51,37,2017,7,11,4,3,2,6,0,1,0,0,0,0,0,4.81731E+20,5.87623E+21,8.72756E+15,5.30352E+16
18825,3.17072E+18,3,4,56,15,2017,7,19,2,3,5,2,0,1,0,0,0,0,0,3.70838E+20,5.81227E+21,7.09955E+15,5.24453E+16
18826,3.17072E+18,3,4,51,5,2017,7,16,4,3,5,3,0,1,0,0,1,0,0,4.45443E+20,5.89746E+21,8.18281E+15,5.32236E+16
18827,3.17072E+18,3,4,58,5,2017,7,21,4,2,9,1,0,1,0,0,0,0,1,4.70416E+20,5.87767E+21,8.55869E+15,5.30477E+16
18828,3.17073E+18,3,2,51,40,2017,7,16,4,1,4,2,0,1,0,1,0,0,0,4.85286E+20,5.83737E+21,8.78233E+15,5.26861E+16
18829,3.17072E+18,3,4,54,10,2017,7,20,2,3,8,7,0,0,0,1,0,0,0,3.84949E+20,5.8022E+21,7.31053E+15,5.2358E+16
18830,3.17072E+18,3,4,1,0,2017,7,14,4,2,5,2,1,1,0,0,0,0,0,4.76601E+20,5.87825E+21,8.6509E+15,5.30533E+16
18831,3.17072E+18,3,3,52,55,2017,7,17,4,3,3,2,0,0,0,1,1,0,0,4.88143E+20,5.95297E+21,8.8203E+15,5.37253E+16
18832,3.17072E+18,3,3,53,6,2017,7,13,4,3,2,6,0,1,0,0,0,0,0,5.4674E+20,5.90656E+21,9.70144E+15,5.33062E+16
18833,3.17072E+18,3,3,59,24,2017,7,19,4,3,9,1,0,1,0,0,0,0,0,5.21781E+20,5.93537E+21,9.32887E+15,5.35668E+16
18834,3.17072E+18,3,3,60,9,2017,7,12,4,3,5,3,0,1,0,0,0,0,0,5.93485E+20,5.86968E+21,1.0392E+16,5.29686E+16
18835,3.17073E+18,3,3,52,44,2017,7,16,4,2,8,1,0,1,0,0,0,0,0,5.15755E+20,5.9525E+21,9.23876E+15,5.37209E+16
18836,3.17073E+18,3,3,52,46,2017,7,7,4,3,0,1,0,1,0,0,0,0,0,4.95278E+20,5.96317E+21,8.92827E+15,5.38171E+16
18837,3.17072E+18,3,3,55,22,2017,7,22,4,3,5,3,1,1,0,0,0,2,1,5.95229E+20,5.90351E+21,1.0428E+16,5.32723E+16
18838,3.17073E+18,3,3,53,2,2017,7,9,4,3,8,1,0,1,0,0,0,0,1,5.64709E+20,5.90566E+21,9.97089E+15,5.32962E+16
18839,3.17072E+18,3,3,55,15,2017,7,14,4,3,4,6,0,1,0,0,1,0,0,6.02328E+20,5.91104E+21,1.05369E+16,5.33386E+16
18840,3.17073E+18,3,3,53,19,2017,7,15,4,3,8,7,0,1,0,0,0,0,0,5.47603E+20,5.91355E+21,9.71544E+15,5.3369E+16
18841,3.17073E+18,3,3,59,34,2017,7,10,4,3,8,1,0,0,0,0,1,0,0,5.39335E+20,5.92787E+21,9.59297E+15,5.34984E+16
18842,3.17072E+18,3,3,55,4,2017,7,11,4,3,5,2,0,1,0,0,0,0,0,5.92897E+20,5.90594E+21,1.03938E+16,5.32945E+16
18843,3.17072E+18,3,2,41,9,2017,7,15,4,3,5,3,1,1,0,0,0,0,0,5.55422E+20,5.7953E+21,9.81286E+15,5.23052E+16
18844,3.17073E+18,3,3,58,7,2017,7,18,4,3,8,1,0,1,0,0,0,0,0,5.46923E+20,5.83652E+21,9.69403E+15,5.26766E+16
18845,3.17073E+18,3,3,58,4,2017,7,18,4,3,3,6,0,1,0,0,1,0,0,5.45486E+20,5.86404E+21,9.67659E+15,5.29241E+16
18846,3.17072E+18,3,2,41,9,2017,7,12,4,3,2,6,0,1,0,0,1,0,0,5.54494E+20,5.79606E+21,9.79936E+15,5.23121E+16
18847,3.1708E+18,3,1,51,27,2017,8,12,5,2,2,6,0,1,0,0,1,0,0,5.95989E+20,5.80062E+21,1.04092E+16,5.23475E+16
18848,3.17073E+18,3,3,58,19,2017,7,12,4,3,5,3,0,1,0,1,0,0,0,5.52696E+20,5.88428E+21,9.78714E+15,5.31054E+16
18849,3.17072E+18,3,2,41,16,2017,7,9,4,2,5,3,1,0,0,0,1,0,0,5.65726E+20,5.79603E+21,9.96409E+15,5.23106E+16
18850,3.1708E+18,3,1,59,16,2017,8,16,5,3,8,1,0,0,0,1,0,0,0,5.59371E+20,5.71217E+21,9.85642E+15,5.15575E+16
18851,3.17073E+18,3,3,58,21,2017,7,9,4,3,2,6,0,1,0,0,1,0,1,5.62129E+20,5.87243E+21,9.92574E+15,5.29978E+16
18852,3.17072E+18,3,2,41,1,2017,7,7,4,2,2,6,0,0,0,0,1,0,0,5.57832E+20,5.80712E+21,9.85023E+15,5.24113E+16
18853,3.1708E+18,3,2,41,1,2017,8,15,5,3,2,6,0,1,0,0,0,0,0,5.53384E+20,5.80132E+21,9.78392E+15,5.23595E+16
18854,3.17072E+18,3,2,57,21,2017,7,23,4,2,4,1,0,1,0,0,0,2,1,5.17691E+20,5.80266E+21,9.25986E+15,5.23739E+16
18855,3.1708E+18,3,3,51,4,2017,8,16,5,3,2,6,0,1,0,0,0,0,0,5.6604E+20,5.84669E+21,9.97878E+15,5.2766E+16
18856,3.1708E+18,3,4,58,9,2017,8,11,5,3,5,2,0,1,0,1,0,0,0,4.56249E+20,5.87508E+21,8.34772E+15,5.30235E+16
18857,3.17072E+18,3,4,52,3,2017,7,16,2,3,5,2,0,1,0,1,0,0,0,3.88496E+20,5.94017E+21,7.31503E+15,5.35985E+16
18858,3.17072E+18,3,4,52,6,2017,7,19,2,2,2,6,1,1,0,0,0,0,0,4.09673E+20,5.91836E+21,7.64121E+15,5.34066E+16
18859,3.17082E+18,3,3,61,1,2017,8,15,5,3,2,6,0,1,0,0,1,0,1,5.02238E+20,5.87364E+21,9.03336E+15,5.30123E+16
18860,3.17081E+18,3,4,55,25,2017,8,16,4,3,2,6,0,1,0,0,0,0,0,4.35228E+20,5.92238E+21,8.02474E+15,5.34465E+16
18861,3.17081E+18,3,4,59,7,2017,8,7,4,3,2,6,0,1,0,0,0,0,0,4.30507E+20,5.83503E+21,7.97252E+15,5.26608E+16
18862,3.17082E+18,3,3,61,5,2017,8,8,5,2,5,3,1,1,0,0,0,0,0,5.21881E+20,5.85947E+21,9.32517E+15,5.28845E+16
18863,3.17081E+18,3,3,58,21,2017,8,17,2,3,2,6,0,1,0,0,0,0,0,5.63007E+20,5.87809E+21,9.93992E+15,5.30486E+16
18864,3.17081E+18,3,2,55,12,2017,8,8,5,3,8,1,0,0,0,0,1,0,1,5.53191E+20,5.7469E+21,9.77258E+15,5.18704E+16
18865,3.17082E+18,3,3,61,12,2017,8,16,5,3,2,6,0,1,0,0,1,0,1,5.15428E+20,5.86413E+21,9.2295E+15,5.29266E+16
18866,3.17081E+18,3,3,57,41,2017,8,17,2,3,2,6,0,1,0,0,0,0,0,5.32196E+20,5.89107E+21,9.48163E+15,5.3168E+16
18867,3.17081E+18,3,2,41,9,2017,8,10,5,3,5,2,0,1,0,0,0,0,1,5.56387E+20,5.79457E+21,9.82689E+15,5.22986E+16
18868,3.17082E+18,3,4,3,0,2017,8,15,5,3,0,7,0,1,0,1,0,0,1,4.51435E+20,5.88485E+21,8.27447E+15,5.31109E+16
18869,3.17082E+18,3,4,3,0,2017,8,18,5,3,5,3,1,1,0,0,0,0,1,4.4941E+20,5.89324E+21,8.2429E+15,5.31861E+16
18870,3.17081E+18,3,3,57,13,2017,8,16,2,2,2,6,0,1,0,0,1,0,0,5.22692E+20,5.89803E+21,9.33995E+15,5.32311E+16
18871,3.17081E+18,3,3,52,50,2017,8,16,5,3,2,6,0,1,0,0,1,0,0,4.75182E+20,5.93689E+21,8.62515E+15,5.35803E+16
18872,3.17082E+18,3,2,51,41,2017,8,16,5,3,5,3,1,1,0,0,0,0,0,4.88749E+20,5.86248E+21,8.83269E+15,5.29118E+16
18873,3.17081E+18,3,3,60,2,2017,8,16,2,3,2,2,0,1,0,0,0,0,0,6.0468E+20,5.88163E+21,1.05625E+16,5.30739E+16
18874,3.17082E+18,3,2,51,43,2017,8,14,5,2,8,1,0,1,0,0,0,0,1,4.84399E+20,5.83122E+21,8.7695E+15,5.26308E+16
18875,3.17081E+18,3,3,55,9,2017,8,14,2,3,8,6,0,0,0,1,1,0,0,6.21159E+20,5.90208E+21,1.08161E+16,5.32541E+16
18876,3.17081E+18,3,2,57,12,2017,8,21,7,3,9,1,0,1,0,0,0,2,1,5.07315E+20,5.78585E+21,9.10709E+15,5.2223E+16
18877,3.17081E+18,3,2,41,17,2017,8,14,6,2,0,7,0,0,0,1,1,0,1,5.50971E+20,5.7847E+21,9.74597E+15,5.22104E+16
18878,3.17081E+18,3,3,54,18,2017,8,15,6,2,4,6,0,1,0,0,0,0,1,6.46337E+20,5.86631E+21,1.1177E+16,5.29265E+16
18879,3.17081E+18,3,3,53,40,2017,8,5,6,3,5,3,0,1,0,0,0,1,0,5.80916E+20,5.9108E+21,1.02153E+16,5.33402E+16
18880,3.17081E+18,3,2,41,11,2017,8,17,3,3,2,6,0,1,0,0,0,0,0,5.66509E+20,5.80323E+21,9.977E+15,5.23753E+16
18881,3.17081E+18,3,3,53,31,2017,8,14,3,3,9,6,0,1,0,0,1,0,0,5.65064E+20,5.9187E+21,9.9789E+15,5.34134E+16
18882,3.17082E+18,3,4,61,2,2017,8,14,5,3,5,3,0,1,0,0,0,0,1,4.64091E+20,5.90801E+21,8.46093E+15,5.33201E+16
18883,3.17081E+18,3,2,41,1,2017,8,22,7,3,8,7,0,1,0,0,0,2,0,5.55736E+20,5.80647E+21,9.81931E+15,5.24056E+16
18884,3.17082E+18,3,4,58,9,2017,8,21,5,2,8,1,0,1,0,0,0,2,1,4.49906E+20,5.87851E+21,8.25262E+15,5.30537E+16
18885,3.17081E+18,3,2,41,6,2017,8,18,7,2,8,1,1,0,0,0,0,0,0,5.42247E+20,5.8007E+21,9.62032E+15,5.2355E+16
18886,3.17082E+18,3,3,52,32,2017,8,7,5,2,3,6,1,0,0,0,0,0,0,4.7364E+20,5.92622E+21,8.60275E+15,5.34843E+16
18887,3.17082E+18,3,3,52,61,2017,8,23,5,3,0,2,0,1,0,1,0,2,1,4.74882E+20,5.95354E+21,8.61926E+15,5.37299E+16
18888,3.17081E+18,3,2,41,2,2017,8,14,7,3,5,3,0,1,0,0,0,0,1,5.28124E+20,5.79818E+21,9.41274E+15,5.23332E+16
18889,3.17082E+18,3,3,52,46,2017,8,6,5,3,9,7,0,0,0,0,1,0,0,4.92935E+20,5.9608E+21,8.89274E+15,5.37958E+16
18890,3.17082E+18,3,3,53,29,2017,8,15,5,3,5,3,0,1,0,0,1,0,1,5.5842E+20,5.9175E+21,9.87873E+15,5.34033E+16
18891,3.17081E+18,3,2,41,1,2017,8,15,7,3,2,6,0,1,0,0,0,0,0,5.61213E+20,5.80595E+21,9.89973E+15,5.24004E+16
18892,3.17082E+18,3,3,53,35,2017,8,18,5,3,2,6,0,1,0,0,0,0,1,5.47632E+20,5.9039E+21,9.71443E+15,5.32822E+16
18893,3.17082E+18,3,3,53,21,2017,8,12,5,2,9,1,0,1,0,0,0,0,0,5.51499E+20,5.90769E+21,9.77304E+15,5.33159E+16
18894,3.17082E+18,3,3,58,8,2017,8,22,5,2,2,6,0,1,0,0,1,2,0,5.50272E+20,5.85869E+21,9.74696E+15,5.28755E+16
18895,3.17082E+18,3,3,58,22,2017,8,16,5,3,5,3,1,1,0,0,0,0,1,5.39305E+20,5.85688E+21,9.58379E+15,5.28602E+16
18896,3.17081E+18,3,4,55,14,2017,8,9,3,3,3,6,0,1,0,0,1,0,0,4.33424E+20,5.92933E+21,7.99611E+15,5.35087E+16
18897,3.17082E+18,3,3,58,22,2017,8,17,5,3,0,3,0,1,0,1,0,0,1,5.42399E+20,5.85368E+21,9.62933E+15,5.28312E+16
18898,3.17081E+18,3,4,4,0,2017,8,9,3,3,4,2,0,1,0,0,0,0,0,4.34639E+20,5.79275E+21,8.04189E+15,5.22813E+16
18899,3.17082E+18,3,3,58,22,2017,8,17,5,3,5,3,0,1,0,1,0,0,1,5.42399E+20,5.85368E+21,9.62933E+15,5.28312E+16
18900,3.17082E+18,3,3,57,50,2017,8,16,5,3,5,2,0,1,0,0,0,0,1,5.31577E+20,5.90948E+21,9.47419E+15,5.33335E+16
18901,3.17081E+18,3,2,54,21,2017,8,15,4,3,2,6,0,1,0,0,0,0,0,5.63976E+20,5.7785E+21,9.93512E+15,5.21533E+16
18902,3.17082E+18,3,3,60,3,2017,8,18,5,3,6,7,0,1,1,0,0,0,0,6.03173E+20,5.8781E+21,1.05389E+16,5.30425E+16
18903,3.17082E+18,3,3,51,4,2017,8,17,5,3,5,3,0,1,0,0,0,0,1,5.6628E+20,5.85167E+21,9.98335E+15,5.28108E+16
18904,3.17081E+18,3,3,55,5,2017,8,15,2,2,5,3,1,1,0,0,0,0,0,6.0134E+20,5.89888E+21,1.05182E+16,5.32295E+16
18905,3.17081E+18,3,2,41,1,2017,8,22,4,3,2,6,0,1,0,0,0,2,0,5.44514E+20,5.80662E+21,9.65439E+15,5.2408E+16
18906,3.17082E+18,3,3,51,25,2017,8,7,5,2,5,3,0,1,0,0,1,0,0,5.93394E+20,5.85004E+21,1.0385E+16,5.27921E+16
18907,3.17082E+18,3,3,51,6,2017,8,10,5,3,5,3,0,1,0,0,0,0,0,5.71897E+20,5.83427E+21,1.00629E+16,5.26536E+16
18908,3.17081E+18,3,2,41,1,2017,8,14,2,3,5,2,0,1,0,0,0,0,0,5.48648E+20,5.80144E+21,9.71441E+15,5.23611E+16
18909,3.17081E+18,3,4,51,5,2017,8,7,4,3,5,3,0,1,0,1,0,0,0,4.44349E+20,5.90435E+21,8.16522E+15,5.32855E+16
18910,3.17082E+18,3,3,51,6,2017,8,6,5,3,2,6,0,1,0,0,0,0,0,5.72424E+20,5.83215E+21,1.00702E+16,5.26345E+16
18911,3.17081E+18,3,2,41,1,2017,8,9,2,3,2,6,0,1,0,0,0,0,0,5.49181E+20,5.80338E+21,9.7225E+15,5.23785E+16
18912,3.17081E+18,3,4,52,1,2017,8,9,4,3,5,3,1,1,0,0,0,0,0,3.98223E+20,5.92602E+21,7.46656E+15,5.34733E+16
18913,3.17082E+18,3,2,41,1,2017,8,17,5,3,2,6,0,1,0,0,0,0,1,5.51397E+20,5.80247E+21,9.75492E+15,5.23701E+16
18914,3.17081E+18,3,2,41,1,2017,8,17,2,3,5,3,1,1,0,0,0,0,0,5.57539E+20,5.80475E+21,9.84552E+15,5.239E+16
18915,3.17082E+18,3,2,41,1,2017,8,6,5,3,3,2,0,1,0,0,0,0,0,5.54045E+20,5.80518E+21,9.79425E+15,5.23942E+16
18916,3.17081E+18,3,2,41,1,2017,8,17,2,3,2,6,0,1,0,0,0,0,0,5.53976E+20,5.80753E+21,9.79361E+15,5.24153E+16
18917,3.17082E+18,3,2,41,21,2017,8,13,5,3,2,6,0,1,0,0,0,0,0,5.33423E+20,5.80744E+21,9.49142E+15,5.24162E+16
18918,3.17082E+18,3,2,41,12,2017,8,7,5,3,3,6,1,0,0,0,0,0,0,5.31015E+20,5.81568E+21,9.45679E+15,5.24904E+16
18919,3.17082E+18,3,2,41,2,2017,8,20,5,3,0,7,1,0,1,0,0,2,0,5.33562E+20,5.79349E+21,9.49208E+15,5.22908E+16
18920,3.17082E+18,3,2,41,16,2017,8,13,5,3,2,6,0,1,0,1,0,0,0,5.65507E+20,5.79508E+21,9.96069E+15,5.23021E+16
18921,3.17082E+18,3,2,41,8,2017,8,11,5,3,2,2,0,1,0,0,1,0,0,5.53732E+20,5.81184E+21,9.79072E+15,5.24541E+16
18922,3.17082E+18,3,2,41,3,2017,8,10,5,3,5,3,0,1,0,0,0,0,0,5.65724E+20,5.81389E+21,9.96757E+15,5.24712E+16
18923,3.17082E+18,3,2,57,32,2017,8,0,5,3,2,6,0,1,0,0,1,2,0,5.26455E+20,5.7969E+21,9.38815E+15,5.23217E+16
18924,3.17082E+18,3,2,41,3,2017,8,18,5,1,6,3,0,1,1,0,0,0,1,5.68852E+20,5.8111E+21,1.0013E+16,5.24457E+16
18925,3.17081E+18,3,3,55,33,2017,8,13,4,3,4,6,0,0,0,0,1,0,0,6.00299E+20,5.90563E+21,1.05047E+16,5.32904E+16
18926,3.17082E+18,3,2,41,1,2017,8,15,5,3,2,6,0,1,0,0,0,0,1,5.49222E+20,5.79883E+21,9.72244E+15,5.23375E+16
18927,3.17081E+18,3,3,61,5,2017,8,23,4,1,0,7,0,1,0,0,0,2,0,5.23311E+20,5.86638E+21,9.34692E+15,5.29466E+16
18928,3.17082E+18,3,2,41,1,2017,8,11,5,3,5,2,0,1,0,0,0,0,0,5.46665E+20,5.80132E+21,9.68526E+15,5.23602E+16
18929,3.17081E+18,3,2,41,17,2017,8,22,2,3,5,3,0,1,0,0,0,2,0,5.50949E+20,5.78459E+21,9.74564E+15,5.22094E+16
18930,3.17081E+18,3,4,52,19,2017,8,0,4,1,0,1,1,0,0,0,0,2,0,3.81026E+20,5.93995E+21,7.2023E+15,5.35949E+16
18931,3.17082E+18,3,1,55,13,2017,8,15,5,2,2,2,0,1,0,0,0,0,0,5.59179E+20,5.74553E+21,9.85931E+15,5.18574E+16
18932,3.17081E+18,3,2,41,14,2017,8,15,2,3,8,1,0,1,0,0,0,0,0,5.44576E+20,5.80019E+21,9.65443E+15,5.23502E+16