OBJECTID,UIDENTSTLA,ULAND,UREGBEZ,UKREIS,UGEMEINDE,UJAHR,UMONAT,USTUNDE,UWOCHENTAG,UKATEGORIE,UART,UTYP1,IstRad,IstPKW,IstFuss,IstKrad,IstSonstig,LICHT,STRZUSTAND,LINREFX,LINREFY,XGCSWGS84,YGCSWGS84
18933,3.17081E+18,3,1,2,0,2017,8,7,5,2,8,1,0,1,0,0,0,0,1,5.92173E+20,5.77559E+21,1.03464E+16,5.21231E+16
18934,3.17082E+18,3,2,57,10,2017,8,15,5,2,8,1,0,1,0,0,0,0,0,5.21899E+20,5.80659E+21,9.32193E+15,5.24091E+16
18935,3.17081E+18,3,2,41,7,2017,8,18,2,2,0,3,1,1,0,0,0,0,0,5.49966E+20,5.79678E+21,9.73306E+15,5.23191E+16
18936,3.17081E+18,3,2,41,10,2017,8,14,5,3,5,2,0,1,1,0,1,0,0,5.49724E+20,5.80937E+21,9.73137E+15,5.24323E+16
18937,3.17082E+18,3,2,56,21,2017,8,22,5,3,5,3,0,1,0,0,0,2,1,5.10509E+20,5.83446E+21,9.15538E+15,5.266E+16
18938,3.17081E+18,3,2,41,1,2017,8,15,2,3,5,2,1,1,0,0,0,0,0,5.58008E+20,5.80474E+21,9.8524E+15,5.23898E+16
18939,3.17082E+18,3,2,54,3,2017,8,19,5,3,9,1,0,1,0,0,0,1,1,5.67248E+20,5.78943E+21,9.98511E+15,5.22511E+16
18940,3.17082E+18,3,2,55,8,2017,8,12,5,2,8,7,0,1,0,0,0,0,0,5.58403E+20,5.75165E+21,9.84908E+15,5.19126E+16
18941,3.17081E+18,3,2,41,1,2017,8,16,2,3,2,6,0,1,0,0,0,0,0,5.50033E+20,5.80519E+21,9.73529E+15,5.23947E+16
18942,3.17082E+18,3,2,52,5,2017,8,5,5,1,8,1,0,1,0,0,0,2,0,5.29103E+20,5.76223E+21,9.42402E+15,5.20099E+16
18943,3.17081E+18,3,2,41,1,2017,8,9,2,3,5,3,0,1,0,1,0,0,0,5.54283E+20,5.80803E+21,9.79821E+15,5.24198E+16
18944,3.17082E+18,3,2,52,6,2017,8,7,5,3,2,6,0,1,0,0,0,0,0,5.23512E+20,5.77051E+21,9.34314E+15,5.20847E+16
18945,3.17081E+18,3,2,41,1,2017,8,7,7,3,5,3,0,1,0,0,0,0,0,5.45673E+20,5.80111E+21,9.67067E+15,5.23583E+16
18946,3.17081E+18,3,1,55,13,2017,8,16,7,3,9,1,0,0,0,1,0,0,0,5.60024E+20,5.73816E+21,9.8703E+15,5.17911E+16
18947,3.17081E+18,3,1,55,3,2017,8,18,7,3,9,1,0,1,0,0,0,0,1,5.47859E+20,5.74015E+21,9.69422E+15,5.18101E+16
18948,3.17081E+18,3,1,59,30,2017,8,18,6,3,5,3,0,1,0,0,1,0,1,5.88447E+20,5.71491E+21,1.02764E+16,5.15783E+16
18949,3.17081E+18,3,2,57,34,2017,8,9,6,3,5,3,0,1,0,0,0,0,1,5.06004E+20,5.79368E+21,9.08804E+15,5.22935E+16
18950,3.17081E+18,3,2,41,1,2017,8,15,6,3,2,6,0,1,0,0,0,0,1,5.48947E+20,5.80338E+21,9.71906E+15,5.23785E+16
18951,3.17081E+18,3,1,58,5,2017,8,8,3,3,8,7,0,0,0,0,1,0,0,5.98443E+20,5.77498E+21,1.04377E+16,5.21166E+16
18952,3.17081E+18,3,3,58,20,2017,8,15,6,3,2,6,0,1,0,0,0,0,1,5.41546E+20,5.83696E+21,9.61455E+15,5.2681E+16
18953,3.17081E+18,3,1,55,10,2017,8,19,3,3,2,6,0,1,0,0,0,0,0,5.6371E+20,5.72016E+21,9.92045E+15,5.16288E+16
18954,3.17081E+18,3,3,54,22,2017,8,12,3,3,2,2,0,1,0,0,0,0,0,6.25732E+20,5.86512E+21,1.08702E+16,5.2921E+16
18955,3.17082E+18,3,1,59,10,2017,8,15,5,3,3,6,1,0,0,0,1,0,0,5.86594E+20,5.70795E+21,1.0248E+16,5.1516E+16
18956,3.17082E+18,3,1,59,16,2017,8,20,5,2,5,3,0,1,0,0,1,1,1,5.61502E+20,5.70885E+21,9.88657E+15,5.15274E+16
18957,3.17081E+18,3,2,57,10,2017,8,12,7,3,2,2,0,1,0,0,0,0,1,5.24078E+20,5.80972E+21,9.3542E+15,5.24371E+16
18958,3.17082E+18,3,1,54,14,2017,8,8,5,3,5,3,1,1,0,0,0,0,0,6.14503E+20,5.80043E+21,1.06808E+16,5.23422E+16
18959,3.17082E+18,3,1,54,14,2017,8,13,5,2,8,1,0,0,0,1,0,0,0,6.15572E+20,5.80014E+21,1.06964E+16,5.23394E+16
18960,3.17081E+18,3,2,52,6,2017,8,10,7,3,2,6,0,1,0,0,0,0,1,5.24763E+20,5.77275E+21,9.36155E+15,5.21047E+16
18961,3.17082E+18,3,4,4,0,2017,8,20,4,3,2,7,0,1,0,0,0,0,0,4.32283E+20,5.79106E+21,8.00769E+15,5.22658E+16
18962,3.17081E+18,3,2,52,6,2017,8,13,7,3,2,2,0,1,0,1,0,0,0,5.2354E+20,5.7739E+21,9.34378E+15,5.21152E+16
18963,3.17082E+18,3,4,4,0,2017,8,19,4,3,2,6,0,1,0,1,0,0,0,4.35763E+20,5.79212E+21,8.05848E+15,5.22757E+16
18964,3.17081E+18,3,2,52,6,2017,8,10,7,3,0,5,0,1,0,0,1,0,1,5.24463E+20,5.773E+21,9.3572E+15,5.2107E+16
18965,3.17082E+18,3,4,4,0,2017,8,14,4,3,0,1,0,0,0,1,0,0,0,4.34403E+20,5.79248E+21,8.03848E+15,5.22788E+16
18966,3.17081E+18,3,3,56,9,2017,8,12,6,3,2,6,0,1,0,0,1,0,1,4.72873E+20,5.89726E+21,8.59368E+15,5.32239E+16
18967,3.17082E+18,3,4,57,22,2017,8,17,4,2,7,7,0,0,0,1,1,0,0,3.9199E+20,5.8861E+21,7.38627E+15,5.31134E+16
18968,3.17082E+18,3,4,57,13,2017,8,13,4,2,2,6,0,1,0,0,0,0,0,3.98683E+20,5.89687E+21,7.48282E+15,5.32115E+16
18969,3.17082E+18,3,4,56,17,2017,8,7,4,3,5,3,0,1,0,0,0,0,0,3.6627E+20,5.8263E+21,7.02675E+15,5.25703E+16
18970,3.17082E+18,3,4,54,40,2017,8,12,4,3,5,3,0,1,0,1,0,0,0,3.82644E+20,5.85587E+21,7.25767E+15,5.28398E+16
18971,3.17081E+18,3,1,58,37,2017,8,15,7,3,8,1,0,1,0,0,0,0,1,5.99722E+20,5.77821E+21,1.04574E+16,5.21454E+16
18972,3.17082E+18,3,4,54,21,2017,8,18,4,3,2,2,0,1,0,0,1,0,0,4.05781E+20,5.84032E+21,7.60552E+15,5.27046E+16
18973,3.17082E+18,3,4,54,35,2017,8,16,4,3,2,6,1,0,0,0,0,0,0,3.83444E+20,5.83938E+21,7.2754E+15,5.26918E+16
18974,3.17081E+18,3,1,57,5,2017,8,22,7,3,1,5,1,1,0,0,0,2,0,5.90482E+20,5.7831E+21,1.03237E+16,5.2191E+16
18975,3.17082E+18,3,4,54,35,2017,8,15,4,3,5,3,0,1,0,1,0,0,0,3.91665E+20,5.84452E+21,7.3953E+15,5.27397E+16
18976,3.17082E+18,3,4,54,14,2017,8,15,4,2,2,2,0,1,0,1,0,0,0,3.80123E+20,5.8281E+21,7.23039E+15,5.25897E+16
18977,3.17081E+18,3,1,57,7,2017,8,15,7,3,8,1,0,1,0,0,0,0,0,5.95469E+20,5.78567E+21,1.03973E+16,5.22132E+16
18978,3.17082E+18,3,4,54,14,2017,8,14,4,2,7,7,0,0,0,1,0,0,0,3.76426E+20,5.82664E+21,7.17639E+15,5.25757E+16
18979,3.17082E+18,3,4,52,19,2017,8,18,4,3,2,6,0,1,0,0,0,0,0,3.83342E+20,5.93747E+21,7.23819E+15,5.35731E+16
18980,3.17082E+18,3,4,52,1,2017,8,7,4,3,5,3,1,1,0,0,0,0,0,3.98459E+20,5.92577E+21,7.4702E+15,5.34711E+16
18981,3.17082E+18,3,4,52,1,2017,8,12,4,3,2,6,0,1,0,0,1,0,0,3.98322E+20,5.92593E+21,7.46808E+15,5.34725E+16
18982,3.17082E+18,3,4,53,1,2017,8,18,4,2,4,2,0,1,0,0,0,0,0,4.20006E+20,5.89126E+21,7.80344E+15,5.31647E+16
18983,3.17082E+18,3,4,60,4,2017,8,15,4,3,0,1,0,0,0,0,1,0,0,4.60555E+20,5.84983E+21,8.41498E+15,5.27968E+16
18984,3.17081E+18,3,1,3,0,2017,8,20,4,3,4,2,0,1,0,0,0,1,0,6.25596E+20,5.80633E+21,1.08458E+16,5.23928E+16
18985,3.17082E+18,3,4,55,14,2017,8,9,4,2,5,2,1,0,0,0,1,0,0,4.35264E+20,5.92788E+21,8.02415E+15,5.34959E+16
18986,3.17081E+18,3,2,41,1,2017,8,7,4,3,5,2,0,1,0,0,0,0,0,5.48107E+20,5.80848E+21,9.70747E+15,5.24244E+16
18987,3.17082E+18,3,4,55,20,2017,8,8,4,3,2,6,0,1,0,0,1,0,0,4.2968E+20,5.94702E+21,7.93568E+15,5.36672E+16
18988,3.17082E+18,3,4,55,20,2017,8,18,4,3,2,6,0,1,0,0,0,0,0,4.25016E+20,5.94136E+21,7.86646E+15,5.36157E+16
18989,3.17081E+18,3,1,55,11,2017,8,16,2,3,2,6,0,1,0,1,0,0,0,5.67849E+20,5.73056E+21,9.98226E+15,5.17219E+16
18990,3.17081E+18,3,3,53,31,2017,8,15,4,2,2,6,0,1,0,0,0,0,0,5.67156E+20,5.91974E+21,1.00106E+16,5.34224E+16
18991,3.17082E+18,3,4,51,5,2017,8,14,4,3,9,1,0,1,0,0,0,0,0,4.42437E+20,5.90309E+21,8.13679E+15,5.32739E+16
18992,3.17081E+18,3,2,57,6,2017,8,18,2,3,5,3,1,1,0,0,0,0,0,5.26534E+20,5.79936E+21,9.3895E+15,5.23439E+16
18993,3.17081E+18,3,4,53,10,2017,8,7,4,3,9,1,0,1,0,0,0,0,0,4.17975E+20,5.8534E+21,7.78268E+15,5.28241E+16
18994,3.17082E+18,3,2,51,24,2017,8,14,4,2,5,3,0,1,0,0,0,0,0,4.92644E+20,5.83807E+21,8.89116E+15,5.26925E+16
18995,3.17081E+18,3,2,57,11,2017,8,16,2,3,5,2,1,1,0,0,0,0,0,5.26729E+20,5.80354E+21,9.3927E+15,5.23814E+16
18996,3.17081E+18,3,4,59,20,2017,8,16,4,3,2,6,0,1,0,1,0,0,0,4.30507E+20,5.78347E+21,7.98323E+15,5.21973E+16
18997,3.17082E+18,3,2,51,19,2017,8,13,4,3,9,7,0,1,0,0,0,0,0,4.68188E+20,5.82913E+21,8.53019E+15,5.26112E+16
18998,3.17081E+18,3,2,54,5,2017,8,10,2,3,6,7,0,1,1,0,0,0,0,5.69141E+20,5.76877E+21,1.00086E+16,5.20652E+16
18999,3.17082E+18,3,2,51,37,2017,8,7,4,3,2,6,0,1,0,0,0,0,0,4.86714E+20,5.87475E+21,8.80193E+15,5.30221E+16
19000,3.17081E+18,3,2,54,41,2017,8,13,2,3,2,1,0,1,0,1,0,0,0,5.47089E+20,5.76512E+21,9.68646E+15,5.20347E+16
19001,3.17082E+18,3,4,61,9,2017,8,18,4,1,8,1,0,0,0,1,0,0,0,4.62732E+20,5.91732E+21,8.43943E+15,5.34036E+16
19002,3.17081E+18,3,1,59,35,2017,8,13,2,3,8,1,0,1,0,0,0,0,0,5.72846E+20,5.71269E+21,1.00509E+16,5.15606E+16
19003,3.17082E+18,3,4,58,6,2017,8,20,4,2,8,1,0,0,0,1,0,1,0,4.7362E+20,5.86755E+21,8.60731E+15,5.29569E+16
19004,3.17082E+18,3,4,58,12,2017,8,17,4,2,8,1,0,0,0,1,0,0,0,4.70759E+20,5.86507E+21,8.56495E+15,5.29345E+16
19005,3.17081E+18,3,1,2,0,2017,8,0,7,2,7,7,0,1,0,0,0,2,0,5.89256E+20,5.7766E+21,1.0304E+16,5.21327E+16
19006,3.17081E+18,3,1,2,0,2017,8,0,7,2,4,6,0,1,0,0,0,2,0,5.89192E+20,5.7766E+21,1.03031E+16,5.21327E+16
19007,3.17081E+18,3,4,4,0,2017,8,17,5,3,5,2,0,1,0,0,0,0,0,4.31756E+20,5.79449E+21,7.99929E+15,5.22965E+16
19008,3.17081E+18,3,1,51,40,2017,8,20,7,3,2,2,0,1,0,0,0,1,1,6.17221E+20,5.84348E+21,1.07359E+16,5.27284E+16
19009,3.17081E+18,3,1,57,6,2017,8,11,6,3,2,6,0,1,0,0,1,0,1,5.83867E+20,5.7983E+21,1.02307E+16,5.23286E+16
19010,3.17081E+18,3,2,55,2,2017,8,8,6,3,8,1,0,1,0,0,0,0,1,5.34039E+20,5.74873E+21,9.4946E+15,5.18883E+16
19011,3.17081E+18,3,2,51,49,2017,8,15,2,3,5,3,0,1,0,1,0,0,0,4.9928E+20,5.85316E+21,8.98932E+15,5.28282E+16
19012,3.17081E+18,3,2,57,3,2017,8,16,6,3,2,6,0,1,0,0,0,0,1,5.19233E+20,5.78785E+21,9.28167E+15,5.22407E+16
19013,3.17081E+18,3,4,54,14,2017,8,20,2,3,8,6,0,1,0,0,1,0,0,3.88516E+20,5.83173E+21,7.353E+15,5.26241E+16
19014,3.17081E+18,3,3,54,24,2017,8,12,6,3,0,7,0,0,0,1,0,0,1,6.3249E+20,5.8715E+21,1.09733E+16,5.29767E+16
19015,3.17081E+18,3,2,55,4,2017,8,6,3,3,5,3,0,1,0,0,0,0,0,5.26749E+20,5.73353E+21,9.3875E+15,5.1752E+16
19016,3.17081E+18,3,3,53,31,2017,8,11,6,3,2,6,0,1,0,0,0,0,1,5.67885E+20,5.91954E+21,1.00215E+16,5.34205E+16
19017,3.17081E+18,3,2,41,15,2017,8,19,3,3,2,6,0,1,0,0,0,0,1,5.43963E+20,5.80604E+21,9.64621E+15,5.24029E+16
19018,3.17081E+18,3,3,52,41,2017,8,0,3,3,1,1,0,1,0,0,0,2,0,4.88748E+20,5.9574E+21,8.82931E+15,5.37651E+16
19019,3.17082E+18,3,4,1,0,2017,8,16,4,3,5,3,1,1,0,0,0,0,0,4.75345E+20,5.87841E+21,8.63215E+15,5.30546E+16
19020,3.17081E+18,3,2,41,1,2017,8,17,6,3,0,1,0,0,0,1,0,0,1,5.47591E+20,5.79991E+21,9.69867E+15,5.23474E+16
19021,3.17081E+18,3,3,60,3,2017,8,9,6,2,9,7,0,1,0,0,0,0,1,6.02761E+20,5.8801E+21,1.05334E+16,5.30605E+16
19022,3.17081E+18,3,2,54,8,2017,8,17,3,3,8,7,0,0,0,1,0,0,0,5.74487E+20,5.76642E+21,1.00861E+16,5.20434E+16
19023,3.17081E+18,3,2,41,15,2017,8,19,3,3,2,6,0,1,0,0,0,0,1,5.43974E+20,5.80574E+21,9.64633E+15,5.24002E+16
19024,3.1708E+18,3,4,59,24,2017,8,16,6,3,2,2,0,1,0,0,0,0,0,4.57075E+20,5.7851E+21,8.37172E+15,5.22147E+16
19025,3.17082E+18,3,3,53,31,2017,8,15,4,3,2,6,0,1,0,0,0,0,0,5.65506E+20,5.91779E+21,9.98536E+15,5.34051E+16
19026,3.17082E+18,3,3,53,7,2017,8,20,4,3,3,6,1,1,0,0,0,0,0,5.87963E+20,5.92016E+21,1.03237E+16,5.34232E+16
19027,3.1708E+18,3,4,59,24,2017,8,17,6,3,5,3,0,1,0,0,0,0,0,4.52131E+20,5.78414E+21,8.29949E+15,5.22056E+16
19028,3.17082E+18,3,3,59,5,2017,8,22,4,3,9,1,0,1,0,0,0,2,0,5.28124E+20,5.92309E+21,9.42354E+15,5.34561E+16
19029,3.17082E+18,3,3,59,31,2017,8,16,4,3,2,2,0,1,0,0,0,0,0,5.22582E+20,5.92782E+21,9.34042E+15,5.34989E+16
19030,3.1708E+18,3,4,59,24,2017,8,8,6,3,2,2,0,1,0,0,0,0,0,4.56328E+20,5.78215E+21,8.36117E+15,5.21881E+16
19031,3.17082E+18,3,3,59,17,2017,8,16,4,3,2,2,0,1,0,0,0,0,0,5.26283E+20,5.93038E+21,9.39643E+15,5.35217E+16
19032,3.17082E+18,3,3,58,8,2017,8,10,4,3,2,2,0,1,0,0,0,0,0,5.48401E+20,5.85895E+21,9.7192E+15,5.28781E+16
19033,3.17081E+18,3,4,51,2,2017,8,6,6,3,5,3,1,1,0,0,0,0,1,4.33104E+20,5.8933E+21,7.99891E+15,5.31848E+16
19034,3.17082E+18,3,3,58,8,2017,8,14,4,3,2,6,0,1,0,0,1,0,0,5.49959E+20,5.85826E+21,9.74224E+15,5.28718E+16
19035,3.17082E+18,3,3,58,2,2017,8,14,4,3,5,2,0,1,0,0,0,0,0,5.61553E+20,5.88856E+21,9.92024E+15,5.31429E+16
19036,3.17081E+18,3,3,56,5,2017,8,16,3,3,5,3,1,1,0,0,0,0,0,4.95529E+20,5.89043E+21,8.93313E+15,5.31632E+16
19037,3.17082E+18,3,3,57,21,2017,8,16,4,3,5,3,1,1,0,0,0,0,0,5.22323E+20,5.90737E+21,9.33508E+15,5.33151E+16
19038,3.17081E+18,3,1,57,6,2017,8,13,4,3,2,6,0,1,0,0,0,0,0,5.86572E+20,5.79918E+21,1.02706E+16,5.23361E+16
19039,3.17082E+18,3,3,57,41,2017,8,16,4,3,4,2,0,1,0,0,0,0,0,5.32196E+20,5.89107E+21,9.48163E+15,5.3168E+16
19040,3.17082E+18,3,3,57,6,2017,8,18,4,3,5,3,1,1,0,0,0,0,0,5.33473E+20,5.87964E+21,9.49953E+15,5.30652E+16
19041,3.17081E+18,3,1,59,16,2017,8,12,2,3,0,6,0,1,0,1,0,0,0,5.65086E+20,5.7091E+21,9.93828E+15,5.15293E+16
19042,3.17081E+18,3,2,56,21,2017,8,12,4,2,2,6,0,1,0,0,1,0,0,5.09E+20,5.83388E+21,9.13305E+15,5.26548E+16
19043,3.17082E+18,3,3,57,39,2017,8,20,4,2,4,2,0,1,0,1,0,0,0,5.27613E+20,5.88493E+21,9.41254E+15,5.31131E+16
19044,3.17082E+18,3,3,60,4,2017,8,16,4,3,2,2,0,1,0,0,0,0,0,5.99734E+20,5.88943E+21,1.04912E+16,5.31449E+16
19045,3.17081E+18,3,1,54,14,2017,8,16,2,3,2,6,0,1,0,0,0,0,0,6.11335E+20,5.79708E+21,1.06332E+16,5.23128E+16
19046,3.17081E+18,3,3,60,9,2017,8,12,4,3,8,7,0,1,0,0,0,0,0,5.9604E+20,5.86853E+21,1.04297E+16,5.29577E+16
19047,3.17082E+18,3,3,51,4,2017,8,15,4,3,1,5,0,1,0,0,0,0,0,5.65871E+20,5.8482E+21,9.97657E+15,5.27796E+16
19048,3.17081E+18,3,1,58,37,2017,8,16,2,3,2,2,0,1,0,0,0,0,0,5.99838E+20,5.77825E+21,1.04591E+16,5.21457E+16
19049,3.17081E+18,3,3,61,12,2017,8,5,4,3,8,7,0,1,0,0,0,1,0,5.13814E+20,5.86646E+21,9.2056E+15,5.29476E+16
19050,3.17082E+18,3,3,51,12,2017,8,0,4,1,6,4,0,1,1,0,0,2,0,5.65528E+20,5.83206E+21,9.96827E+15,5.26346E+16
19051,3.17081E+18,3,1,57,6,2017,8,7,2,3,4,6,1,0,0,0,0,0,0,5.80895E+20,5.79969E+21,1.01874E+16,5.23415E+16
19052,3.17082E+18,3,2,41,1,2017,8,8,4,3,5,2,0,1,0,1,0,0,0,5.476E+20,5.79994E+21,9.6988E+15,5.23477E+16
19053,3.17081E+18,3,1,53,504,2017,8,14,2,2,8,1,0,0,0,1,0,0,0,5.99214E+20,5.73695E+21,1.0438E+16,5.17746E+16
19054,3.17081E+18,3,1,53,7,2017,8,17,2,2,5,3,1,1,0,0,0,0,0,5.91447E+20,5.75502E+21,1.03303E+16,5.19383E+16
19055,3.17082E+18,3,2,41,1,2017,8,15,4,3,9,7,1,0,0,0,0,0,0,5.53345E+20,5.79738E+21,9.78272E+15,5.23242E+16
19056,3.17082E+18,3,2,41,1,2017,8,10,4,3,8,1,0,1,0,1,0,0,0,5.53686E+20,5.80819E+21,9.78946E+15,5.24213E+16
19057,3.1708E+18,3,4,59,15,2017,8,16,6,3,3,2,0,1,0,0,1,0,0,4.4388E+20,5.77454E+21,8.18035E+15,5.21186E+16
19058,3.17081E+18,3,4,58,5,2017,8,14,5,2,8,1,0,1,0,0,0,0,0,4.67144E+20,5.87381E+21,8.51028E+15,5.30128E+16
19059,3.1708E+18,3,4,4,0,2017,8,13,6,3,2,6,1,1,0,0,0,0,0,4.34974E+20,5.79123E+21,8.04709E+15,5.22676E+16
19060,3.17081E+18,3,4,53,7,2017,8,9,5,3,3,6,0,1,0,0,0,0,0,4.22461E+20,5.88149E+21,7.84251E+15,5.30772E+16
19061,3.1708E+18,3,4,4,0,2017,8,13,6,3,2,6,0,1,0,1,0,0,0,4.34504E+20,5.79174E+21,8.04011E+15,5.22721E+16
19062,3.17081E+18,3,1,51,13,2017,8,16,6,3,2,6,0,1,0,0,0,0,1,6.08104E+20,5.81045E+21,1.05902E+16,5.24335E+16
19063,3.17081E+18,3,3,58,23,2017,8,17,2,3,5,3,0,1,0,0,0,0,0,5.65951E+20,5.86536E+21,9.98123E+15,5.29339E+16
19064,3.17081E+18,3,1,59,17,2017,8,20,6,3,4,2,0,1,0,0,0,0,1,5.44464E+20,5.6943E+21,9.63916E+15,5.13982E+16
19065,3.17081E+18,3,4,58,8,2017,8,16,2,2,3,2,0,1,0,1,0,0,0,4.71781E+20,5.86203E+21,8.58041E+15,5.29072E+16
19066,3.17081E+18,3,2,57,35,2017,8,20,6,3,0,1,0,0,0,1,0,0,1,5.14325E+20,5.79744E+21,9.2102E+15,5.23271E+16
19067,3.17081E+18,3,4,55,15,2017,8,14,2,3,5,3,0,1,0,1,0,0,0,4.35129E+20,5.93104E+21,8.02147E+15,5.35242E+16
19068,3.17081E+18,3,2,41,1,2017,8,20,6,3,2,6,0,1,0,0,0,1,1,5.48828E+20,5.80094E+21,9.71696E+15,5.23566E+16
19069,3.17081E+18,3,1,58,37,2017,8,21,3,3,7,7,0,0,0,1,0,2,0,5.99283E+20,5.77775E+21,1.04508E+16,5.21414E+16
19070,3.17081E+18,3,2,41,1,2017,8,12,3,3,5,3,1,0,0,0,1,0,0,5.48596E+20,5.80565E+21,9.71425E+15,5.23989E+16
19071,3.17082E+18,3,2,41,16,2017,8,7,4,3,2,2,0,1,0,0,0,0,0,5.64919E+20,5.79766E+21,9.95258E+15,5.23254E+16
19072,3.17081E+18,3,1,53,7,2017,8,14,2,3,4,2,0,1,0,0,0,0,0,5.90625E+20,5.754E+21,1.0318E+16,5.19293E+16
19073,3.17081E+18,3,4,54,35,2017,8,18,4,3,5,3,1,1,0,0,0,0,0,3.85709E+20,5.83849E+21,7.30921E+15,5.26842E+16
19074,3.17082E+18,3,2,41,1,2017,8,8,4,2,0,4,1,0,1,0,0,0,0,5.52342E+20,5.79891E+21,9.76824E+15,5.2338E+16
19075,3.17081E+18,3,1,51,24,2017,8,16,2,2,5,3,1,1,0,0,0,0,0,6.27315E+20,5.81593E+21,1.08747E+16,5.24786E+16
19076,3.17081E+18,3,1,59,16,2017,8,8,5,3,2,6,0,1,0,0,1,0,1,5.64746E+20,5.71009E+21,9.93356E+15,5.15382E+16
19077,3.17082E+18,3,2,41,1,2017,8,13,4,3,6,7,1,0,1,0,0,0,0,5.56344E+20,5.80048E+21,9.82725E+15,5.23517E+16
19078,3.17081E+18,3,1,51,9,2017,8,14,2,3,4,6,0,1,0,0,0,0,0,6.06856E+20,5.81644E+21,1.05737E+16,5.24876E+16
19079,3.17082E+18,3,2,41,16,2017,8,14,4,3,2,6,0,0,0,0,1,0,0,5.6001E+20,5.80091E+21,9.88113E+15,5.23552E+16
19080,3.17082E+18,3,1,59,26,2017,8,17,4,2,5,2,0,1,0,1,0,0,0,5.90303E+20,5.73289E+21,1.03078E+16,5.17396E+16
19081,3.17081E+18,3,1,1,0,2017,8,3,2,2,9,7,0,1,0,0,0,2,0,6.04486E+20,5.78445E+21,1.05289E+16,5.22006E+16
19082,3.17082E+18,3,1,55,13,2017,8,11,4,1,5,3,0,1,0,0,1,0,0,5.61908E+20,5.73963E+21,9.89788E+15,5.18041E+16
19083,3.17081E+18,3,1,1,0,2017,8,7,2,3,0,1,0,0,0,1,0,0,0,6.04062E+20,5.7885E+21,1.05239E+16,5.2237E+16
19084,3.17082E+18,3,1,59,4,2017,8,18,4,3,8,1,0,1,0,0,0,0,0,6.0947E+20,5.7153E+21,1.05798E+16,5.15781E+16
19085,3.1708E+18,3,4,4,0,2017,8,7,6,3,6,4,0,1,1,0,0,0,0,4.35905E+20,5.78959E+21,8.06105E+15,5.2253E+16
19086,3.1708E+18,3,4,57,21,2017,8,22,6,2,4,6,1,0,0,0,0,2,0,3.87163E+20,5.89301E+21,7.31175E+15,5.31745E+16
19087,3.1708E+18,3,4,54,41,2017,8,10,6,3,5,3,1,1,0,0,0,0,0,3.92639E+20,5.88256E+21,7.39715E+15,5.30817E+16
19088,3.1708E+18,3,4,54,35,2017,8,18,6,3,5,3,0,1,0,1,0,0,0,3.84525E+20,5.83841E+21,7.29173E+15,5.26833E+16
19089,3.17081E+18,3,2,52,6,2017,8,20,6,3,5,2,0,1,0,0,0,1,1,5.24371E+20,5.773E+21,9.35585E+15,5.21071E+16
19090,3.17081E+18,3,2,41,1,2017,8,7,6,3,2,6,0,1,0,0,1,1,1,5.57897E+20,5.80092E+21,9.85012E+15,5.23555E+16
19091,3.17081E+18,3,4,60,6,2017,8,17,2,3,8,1,0,1,0,0,0,0,0,4.45782E+20,5.83999E+21,8.19752E+15,5.27071E+16
19092,3.17081E+18,3,2,41,1,2017,8,9,6,3,2,6,0,1,0,0,0,0,1,5.43648E+20,5.80736E+21,9.64176E+15,5.24147E+16
19093,3.17081E+18,3,1,58,23,2017,8,16,3,3,5,3,1,1,0,0,0,0,0,6.07104E+20,5.77527E+21,1.05643E+16,5.21176E+16
19094,3.17081E+18,3,3,58,8,2017,8,23,6,3,3,6,0,1,0,0,0,2,1,5.51945E+20,5.86066E+21,9.77212E+15,5.28931E+16
19095,3.17081E+18,3,2,41,1,2017,8,18,3,3,5,2,0,1,0,0,0,0,1,5.47507E+20,5.79927E+21,9.69734E+15,5.23417E+16
19096,3.17081E+18,3,3,58,22,2017,8,17,3,3,5,3,1,1,0,0,0,0,1,5.40013E+20,5.85348E+21,9.5939E+15,5.28296E+16
19097,3.17082E+18,3,1,59,3,2017,8,8,4,2,4,6,0,1,0,0,0,0,1,6.05331E+20,5.72411E+21,1.05228E+16,5.16581E+16
19098,3.17082E+18,3,1,55,13,2017,8,9,4,3,4,6,1,0,0,0,0,0,0,5.6655E+20,5.74721E+21,9.96666E+15,5.18717E+16
19099,3.17082E+18,3,2,57,19,2017,8,16,4,3,2,2,0,1,0,1,0,0,0,5.14576E+20,5.80077E+21,9.21403E+15,5.2357E+16
19100,3.17082E+18,3,2,57,31,2017,8,14,4,3,2,6,0,1,0,0,0,0,0,5.04764E+20,5.78013E+21,9.06967E+15,5.21716E+16
19101,3.1708E+18,3,4,54,32,2017,8,13,6,3,2,6,0,1,0,0,0,0,0,3.87523E+20,5.82001E+21,7.34232E+15,5.25186E+16
19102,3.17082E+18,3,2,54,11,2017,8,10,4,3,2,2,0,1,0,1,0,0,0,5.65796E+20,5.77343E+21,9.96073E+15,5.21075E+16
19103,3.1708E+18,3,4,52,24,2017,8,21,6,3,2,6,0,1,0,0,0,1,0,3.86053E+20,5.93129E+21,7.28137E+15,5.35182E+16
19104,3.17082E+18,3,2,52,5,2017,8,9,4,3,8,1,0,1,0,0,0,0,0,5.33589E+20,5.7646E+21,9.48962E+15,5.2031E+16
19105,3.17082E+18,3,2,52,6,2017,8,15,4,3,8,1,0,1,0,0,0,0,0,5.20363E+20,5.77453E+21,9.29742E+15,5.21209E+16
19106,3.17081E+18,3,4,5,0,2017,8,17,6,3,6,2,0,1,1,0,0,0,0,4.40639E+20,5.93504E+21,8.1038E+15,5.35609E+16
19107,3.17082E+18,3,2,52,6,2017,8,16,4,3,2,6,0,1,0,0,0,0,0,5.25777E+20,5.77271E+21,9.37635E+15,5.21043E+16