OBJECTID,UIDENTSTLA,ULAND,UREGBEZ,UKREIS,UGEMEINDE,UJAHR,UMONAT,USTUNDE,UWOCHENTAG,UKATEGORIE,UART,UTYP1,IstRad,IstPKW,IstFuss,IstKrad,IstSonstig,LICHT,STRZUSTAND,LINREFX,LINREFY,XGCSWGS84,YGCSWGS84
19283,3.17081E+18,3,4,59,30,2017,8,15,2,3,5,3,0,1,0,0,0,0,0,4.30208E+20,5.83701E+21,7.96768E+15,5.26785E+16
19284,3.17081E+18,3,4,59,7,2017,8,11,2,3,7,7,1,0,0,0,0,0,0,4.32132E+20,5.83246E+21,7.99706E+15,5.26378E+16
19285,3.17081E+18,3,4,4,0,2017,8,8,2,3,5,3,1,1,0,0,0,0,0,4.34166E+20,5.79514E+21,8.0345E+15,5.23027E+16
19286,3.17081E+18,3,4,57,22,2017,8,7,2,3,5,3,0,1,0,0,0,0,0,3.94176E+20,5.8856E+21,7.41908E+15,5.31093E+16
19287,3.17081E+18,3,3,56,9,2017,8,12,6,3,2,6,0,1,0,0,0,0,1,4.72862E+20,5.89721E+21,8.59352E+15,5.32235E+16
19288,3.17081E+18,3,4,54,51,2017,8,9,2,3,1,7,0,1,0,0,0,0,0,4.00151E+20,5.87125E+21,7.51276E+15,5.29815E+16
19289,3.17081E+18,3,4,54,44,2017,8,10,2,3,5,3,0,1,0,0,0,0,0,3.83959E+20,5.88082E+21,7.26825E+15,5.30643E+16
19290,3.17081E+18,3,4,56,25,2017,8,21,2,3,5,3,0,1,0,0,0,2,0,3.78762E+20,5.81875E+21,7.21373E+15,5.25054E+16
19291,3.17081E+18,3,4,54,18,2017,8,14,2,3,2,6,0,0,0,0,1,0,0,3.76732E+20,5.8509E+21,7.17182E+15,5.27938E+16
19292,3.17081E+18,3,2,51,40,2017,8,7,3,3,2,6,0,1,0,0,0,0,0,4.87056E+20,5.83547E+21,8.80858E+15,5.2669E+16
19293,3.17081E+18,3,4,62,5,2017,8,18,2,3,5,3,1,0,0,1,0,0,0,4.29472E+20,5.92113E+21,7.93836E+15,5.34345E+16
19294,3.17081E+18,3,4,52,6,2017,8,8,2,2,4,2,0,1,0,0,0,0,0,4.06046E+20,5.92056E+21,7.58601E+15,5.34257E+16
19295,3.17081E+18,3,4,53,8,2017,8,8,3,2,0,7,1,0,0,0,0,0,0,4.34906E+20,5.86692E+21,8.0312E+15,5.29479E+16
19296,3.17081E+18,3,4,62,19,2017,8,18,2,3,2,6,0,1,0,0,0,0,0,4.11169E+20,5.93443E+21,7.65917E+15,5.35512E+16
19297,3.17081E+18,3,4,60,5,2017,8,17,2,3,5,2,1,1,0,0,0,0,0,4.41199E+20,5.82748E+21,8.13192E+15,5.25941E+16
19298,3.17081E+18,3,3,53,31,2017,8,16,1,2,2,6,0,1,0,0,0,0,0,5.67941E+20,5.91628E+21,1.00217E+16,5.33912E+16
19299,3.17081E+18,3,3,53,32,2017,8,13,1,2,0,6,1,1,0,0,0,0,0,5.75263E+20,5.91954E+21,1.01325E+16,5.34195E+16
19300,3.17081E+18,3,1,51,1,2017,8,10,5,3,9,1,0,1,0,0,0,0,1,5.99446E+20,5.80317E+21,1.04607E+16,5.23697E+16
19301,3.17081E+18,3,2,41,20,2017,8,10,5,1,5,2,1,0,0,0,1,0,1,5.39444E+20,5.7928E+21,9.57824E+15,5.22841E+16
19302,3.17081E+18,3,4,60,1,2017,8,9,2,3,5,3,1,1,0,0,0,0,0,4.47331E+20,5.84171E+21,8.22017E+15,5.27227E+16
19303,3.17081E+18,3,3,58,8,2017,8,16,1,3,8,1,0,0,0,1,0,0,0,5.48364E+20,5.85893E+21,9.71865E+15,5.28779E+16
19304,3.17081E+18,3,3,57,18,2017,8,15,5,3,4,6,0,1,0,0,0,0,0,5.20542E+20,5.89665E+21,9.30765E+15,5.32188E+16
19305,3.17081E+18,3,4,60,9,2017,8,9,2,3,5,2,0,1,0,0,1,0,0,4.5171E+20,5.8496E+21,8.28384E+15,5.2794E+16
19306,3.17081E+18,3,3,58,21,2017,8,4,1,3,2,6,0,1,0,0,0,2,0,5.56714E+20,5.86514E+21,9.84379E+15,5.29329E+16
19307,3.17081E+18,3,4,1,0,2017,8,10,5,2,2,6,0,1,0,1,0,0,0,4.7861E+20,5.87662E+21,8.68099E+15,5.30387E+16
19308,3.17081E+18,3,4,53,8,2017,8,9,2,3,5,3,0,1,0,0,0,0,0,4.34849E+20,5.86698E+21,8.03034E+15,5.29485E+16
19309,3.17081E+18,3,3,58,18,2017,8,10,1,3,1,5,0,1,0,0,0,0,0,5.25584E+20,5.84844E+21,9.37934E+15,5.27851E+16
19310,3.17081E+18,3,4,54,57,2017,8,18,5,3,5,3,0,1,0,1,0,0,0,4.12011E+20,5.85654E+21,7.69335E+15,5.28514E+16
19311,3.17081E+18,3,4,55,14,2017,8,7,2,3,5,3,1,0,0,0,1,0,0,4.34752E+20,5.92833E+21,8.01635E+15,5.34999E+16
19312,3.17081E+18,3,3,56,8,2017,8,15,2,3,0,3,1,1,0,0,0,0,0,4.83674E+20,5.89246E+21,8.75571E+15,5.31812E+16
19313,3.17081E+18,3,2,51,45,2017,8,11,3,3,5,3,0,1,0,0,0,0,0,4.78759E+20,5.83105E+21,8.68617E+15,5.2629E+16
19314,3.17081E+18,3,3,61,10,2017,8,21,2,3,7,7,0,1,0,0,0,2,0,4.95635E+20,5.87041E+21,8.93498E+15,5.29833E+16
19315,3.17081E+18,3,3,61,5,2017,8,13,2,2,5,3,1,1,0,0,0,0,0,5.1963E+20,5.86083E+21,9.29181E+15,5.28968E+16
19316,3.17081E+18,3,4,53,5,2017,8,12,3,3,5,3,1,1,0,0,0,0,0,4.48369E+20,5.85331E+21,8.23371E+15,5.28271E+16
19317,3.17081E+18,3,4,51,5,2017,8,17,2,2,2,6,0,1,0,1,0,0,0,4.48393E+20,5.89551E+21,8.22731E+15,5.32064E+16
19318,3.17081E+18,3,4,55,26,2017,8,7,2,3,9,1,0,1,0,0,0,0,0,4.4214E+20,5.91039E+21,8.131E+15,5.33395E+16
19319,3.17081E+18,3,1,58,9,2017,8,13,4,2,0,7,0,0,0,0,1,0,0,6.14015E+20,5.78121E+21,1.06672E+16,5.21696E+16
19320,3.17081E+18,3,4,51,2,2017,8,15,2,3,4,2,0,1,0,1,0,0,0,4.32099E+20,5.89366E+21,7.98378E+15,5.3188E+16
19321,3.17081E+18,3,2,51,37,2017,8,11,2,3,2,2,0,1,0,0,0,0,0,4.84521E+20,5.87152E+21,8.76938E+15,5.29931E+16
19322,3.17081E+18,3,3,58,23,2017,8,19,1,3,2,6,0,1,1,0,0,0,0,5.65808E+20,5.86415E+21,9.97887E+15,5.2923E+16
19323,3.17081E+18,3,2,56,16,2017,8,17,4,3,5,3,0,1,0,1,0,0,0,5.1697E+20,5.82252E+21,9.25029E+15,5.25525E+16
19324,3.17081E+18,3,2,51,42,2017,8,17,2,3,1,1,0,1,0,0,0,0,0,4.75318E+20,5.84952E+21,8.63396E+15,5.27949E+16
19325,3.17081E+18,3,3,58,19,2017,8,14,1,3,2,5,0,1,0,0,0,0,0,5.584E+20,5.88222E+21,9.87196E+15,5.30863E+16
19326,3.17081E+18,3,3,59,10,2017,8,18,4,3,5,2,1,0,0,0,0,0,0,5.45774E+20,5.92477E+21,9.68959E+15,5.34699E+16
19327,3.17081E+18,3,4,3,0,2017,8,16,2,3,2,6,0,1,0,0,0,0,0,4.51123E+20,5.88415E+21,8.26992E+15,5.31046E+16
19328,3.17081E+18,3,3,57,13,2017,8,11,1,2,9,1,0,0,0,1,0,0,0,5.22613E+20,5.8982E+21,9.33878E+15,5.32326E+16
19329,3.17081E+18,3,4,60,3,2017,8,8,2,3,2,6,0,1,0,0,1,0,0,4.40718E+20,5.82946E+21,8.12447E+15,5.26119E+16
19330,3.17081E+18,3,3,51,23,2017,8,10,1,3,1,5,1,1,0,0,0,0,0,5.57559E+20,5.83355E+21,9.85079E+15,5.26489E+16
19331,3.17081E+18,3,3,58,21,2017,8,14,5,3,3,6,0,0,0,0,1,0,0,5.49457E+20,5.87006E+21,9.73658E+15,5.29779E+16
19332,3.1708E+18,3,3,60,2,2017,8,7,6,3,2,6,0,1,0,0,0,0,0,6.02422E+20,5.88221E+21,1.0529E+16,5.30795E+16
19333,3.17081E+18,3,2,51,41,2017,8,16,5,3,5,3,0,1,0,0,0,0,0,4.86599E+20,5.86323E+21,8.80069E+15,5.29185E+16
19334,3.17081E+18,3,4,57,22,2017,8,17,5,3,4,2,0,1,0,1,0,0,0,3.93985E+20,5.88531E+21,7.41632E+15,5.31066E+16
19335,3.17081E+18,3,3,51,4,2017,8,12,1,3,2,6,0,1,0,0,0,0,0,5.65351E+20,5.85035E+21,9.96931E+15,5.2799E+16
19336,3.17081E+18,3,1,2,0,2017,8,21,6,3,5,2,0,1,0,0,0,2,1,5.92015E+20,5.78089E+21,1.03455E+16,5.21708E+16
19337,3.17081E+18,3,3,59,13,2017,8,18,2,3,2,2,0,1,0,0,0,0,0,5.31139E+20,5.94813E+21,9.47145E+15,5.3681E+16
19338,3.17081E+18,3,2,52,1,2017,8,17,6,1,8,1,0,1,0,0,0,0,1,5.14502E+20,5.7627E+21,9.21131E+15,5.20148E+16
19339,3.17081E+18,3,2,51,41,2017,8,17,2,2,8,1,0,0,0,1,0,0,0,4.94493E+20,5.86169E+21,8.91812E+15,5.29049E+16
19340,3.17081E+18,3,4,62,3,2017,8,16,2,3,6,6,1,0,1,0,0,0,0,4.08292E+20,5.94403E+21,7.61294E+15,5.3637E+16
19341,3.17081E+18,3,1,59,17,2017,8,15,3,3,2,6,0,1,0,0,0,0,0,5.48074E+20,5.69476E+21,9.6911E+15,5.1402E+16
19342,3.17081E+18,3,3,52,32,2017,8,19,2,3,8,1,0,0,0,1,0,0,0,4.67929E+20,5.92123E+21,8.5172E+15,5.34391E+16
19343,3.17081E+18,3,4,61,8,2017,8,13,2,3,2,6,0,1,0,0,0,0,0,4.602E+20,5.90617E+21,8.40275E+15,5.33032E+16
19344,3.17082E+18,3,2,56,15,2017,8,20,1,3,8,6,0,1,0,0,0,2,1,5.08023E+20,5.85077E+21,9.11902E+15,5.28067E+16
19345,3.17081E+18,3,4,58,5,2017,8,14,2,3,2,6,0,1,0,0,0,0,0,4.68611E+20,5.88318E+21,8.53123E+15,5.30971E+16
19346,3.17082E+18,3,2,54,13,2017,8,16,1,3,5,3,0,1,0,0,0,0,0,5.50836E+20,5.77029E+21,9.74184E+15,5.20809E+16
19347,3.17081E+18,3,4,58,5,2017,8,14,2,3,8,1,0,1,0,0,0,0,0,4.71973E+20,5.88243E+21,8.58149E+15,5.30906E+16
19348,3.17081E+18,3,4,58,9,2017,8,11,2,3,5,3,1,1,0,0,0,0,0,4.5009E+20,5.87853E+21,8.25537E+15,5.30539E+16
19349,3.17082E+18,3,2,54,14,2017,8,14,1,3,9,1,0,0,0,1,0,0,0,5.48912E+20,5.77403E+21,9.7143E+15,5.21147E+16
19350,3.17081E+18,3,4,58,5,2017,8,7,2,3,5,3,0,1,0,0,0,0,0,4.69063E+20,5.8834E+21,8.53796E+15,5.30991E+16
19351,3.17081E+18,3,4,58,3,2017,8,7,2,3,2,6,0,1,0,0,0,0,0,4.61706E+20,5.86353E+21,8.43044E+15,5.29201E+16
19352,3.17081E+18,3,3,52,62,2017,8,18,2,3,3,2,0,1,0,0,0,0,0,4.91444E+20,5.93259E+21,8.87089E+15,5.35421E+16
19353,3.17081E+18,3,3,58,22,2017,8,15,2,3,5,2,1,1,0,0,0,0,0,5.4064E+20,5.85738E+21,9.60369E+15,5.28646E+16
19354,3.17081E+18,3,3,58,23,2017,8,11,2,3,5,3,0,1,0,0,0,0,0,5.65369E+20,5.86837E+21,9.97318E+15,5.2961E+16
19355,3.17081E+18,3,3,57,47,2017,8,17,2,2,5,3,0,1,0,1,0,0,0,5.04076E+20,5.89817E+21,9.06107E+15,5.32328E+16
19356,3.17081E+18,3,3,51,25,2017,8,18,1,2,4,7,0,1,0,1,0,0,0,5.85038E+20,5.84251E+21,1.02592E+16,5.27257E+16
19357,3.17082E+18,3,1,53,12,2017,8,19,1,3,2,6,0,1,0,0,0,0,1,5.77653E+20,5.74816E+21,1.01281E+16,5.18788E+16
19358,3.17081E+18,3,3,57,16,2017,8,18,2,3,5,3,1,1,0,0,0,0,0,4.96727E+20,5.91396E+21,8.9508E+15,5.33747E+16
19359,3.17082E+18,3,2,54,21,2017,8,17,1,3,9,1,0,1,0,0,0,0,1,5.67685E+20,5.77898E+21,9.98942E+15,5.21572E+16
19360,3.17081E+18,3,3,57,33,2017,8,16,2,3,0,7,0,1,0,0,0,0,0,5.35692E+20,5.89487E+21,9.53435E+15,5.3202E+16
19361,3.17082E+18,3,2,54,8,2017,8,16,1,3,6,7,0,1,1,0,0,0,0,5.80316E+20,5.76144E+21,1.01699E+16,5.19978E+16
19362,3.17082E+18,3,2,54,11,2017,8,14,1,3,5,3,0,1,0,1,0,0,0,5.62211E+20,5.77062E+21,9.90788E+15,5.20827E+16
19363,3.17082E+18,3,2,52,5,2017,8,14,1,2,5,3,1,1,0,0,0,0,0,5.26743E+20,5.76644E+21,9.38997E+15,5.2048E+16
19364,3.17082E+18,3,2,52,6,2017,8,17,1,3,2,6,0,1,0,0,1,0,0,5.24462E+20,5.773E+21,9.35717E+15,5.2107E+16
19365,3.17082E+18,3,1,59,29,2017,8,11,1,3,0,1,1,0,0,0,0,0,0,5.6389E+20,5.70138E+21,9.91963E+15,5.146E+16
19366,3.17081E+18,3,3,60,30,2017,8,19,2,3,5,3,0,1,0,0,0,0,0,6.06908E+20,5.86213E+21,1.05893E+16,5.28982E+16
19367,3.17082E+18,3,1,59,16,2017,8,2,1,3,2,6,0,1,1,0,0,2,0,5.64503E+20,5.70996E+21,9.93003E+15,5.15371E+16
19368,3.17081E+18,3,2,51,40,2017,8,22,6,3,4,2,0,1,0,0,0,2,1,4.85337E+20,5.8356E+21,8.78316E+15,5.26701E+16
19369,3.17081E+18,3,3,60,25,2017,8,16,2,3,1,5,0,1,0,1,0,0,0,6.07519E+20,5.87045E+21,1.06012E+16,5.29729E+16
19370,3.17082E+18,3,1,54,27,2017,8,15,1,2,2,6,0,1,0,1,0,0,0,6.31972E+20,5.77435E+21,1.09269E+16,5.2104E+16
19371,3.17081E+18,3,2,41,1,2017,8,17,2,3,5,3,1,1,0,0,0,0,0,5.5507E+20,5.80355E+21,9.80904E+15,5.23794E+16
19372,3.17081E+18,3,2,41,1,2017,8,17,2,3,5,3,1,1,0,0,0,0,0,5.48091E+20,5.80847E+21,9.70722E+15,5.24243E+16
19373,3.17081E+18,3,3,52,62,2017,8,13,3,3,5,2,1,1,0,0,0,0,0,4.73208E+20,5.93935E+21,8.59512E+15,5.36023E+16
19374,3.17082E+18,3,4,59,8,2017,8,13,7,3,2,6,0,1,0,0,0,0,1,4.41287E+20,5.79656E+21,8.13866E+15,5.23162E+16
19375,3.17081E+18,3,2,41,17,2017,8,7,2,3,5,3,1,0,0,0,1,0,0,5.40421E+20,5.78469E+21,9.59158E+15,5.22112E+16
19376,3.17081E+18,3,2,41,2,2017,8,6,2,3,5,3,0,1,0,0,0,0,0,5.33963E+20,5.79256E+21,9.49787E+15,5.22824E+16
19377,3.17082E+18,3,4,59,16,2017,8,19,7,3,5,2,0,1,0,0,1,0,0,4.19252E+20,5.82735E+21,7.80802E+15,5.25901E+16
19378,3.17081E+18,3,3,56,7,2017,8,14,3,3,2,2,0,1,0,0,0,0,0,4.86216E+20,5.89747E+21,8.79352E+15,5.32263E+16
19379,3.17081E+18,3,2,41,5,2017,8,14,2,3,5,2,1,1,0,0,0,0,0,5.41582E+20,5.80981E+21,9.61168E+15,5.24369E+16
19380,3.17081E+18,3,2,41,11,2017,8,19,2,3,2,6,0,1,0,0,0,0,0,5.66507E+20,5.80295E+21,9.97692E+15,5.23728E+16
19381,3.17082E+18,3,4,59,7,2017,8,6,7,1,4,6,0,1,0,0,1,0,0,4.29886E+20,5.82968E+21,7.96448E+15,5.26126E+16
19382,3.17081E+18,3,1,1,0,2017,8,16,4,3,3,6,1,1,0,0,0,0,0,6.06455E+20,5.79519E+21,1.05611E+16,5.22968E+16
19383,3.17081E+18,3,2,41,10,2017,8,7,2,3,1,5,0,1,0,0,0,0,0,5.48786E+20,5.81418E+21,9.71829E+15,5.24756E+16
19384,3.17081E+18,3,2,41,1,2017,8,16,1,3,3,6,0,1,0,0,0,0,0,5.50414E+20,5.80223E+21,9.74045E+15,5.23681E+16
19385,3.17082E+18,3,4,4,0,2017,8,11,7,2,5,2,0,1,0,0,0,0,0,4.37039E+20,5.7904E+21,8.0775E+15,5.22604E+16
19386,3.17081E+18,3,2,54,5,2017,8,12,4,3,2,2,0,1,0,0,1,0,0,5.68943E+20,5.76593E+21,1.00052E+16,5.20397E+16
19387,3.17081E+18,3,2,41,4,2017,8,9,2,3,2,6,0,1,0,0,0,0,0,5.57877E+20,5.82349E+21,9.85374E+15,5.25584E+16
19388,3.17081E+18,3,2,41,1,2017,8,10,1,3,0,7,0,0,0,1,0,0,0,5.48824E+20,5.80534E+21,9.71755E+15,5.23961E+16
19389,3.17081E+18,3,2,41,7,2017,8,18,2,3,0,1,0,0,0,1,0,1,0,5.51607E+20,5.79686E+21,9.75714E+15,5.23197E+16
19390,3.17081E+18,3,2,41,1,2017,8,15,1,3,5,3,0,1,0,0,0,0,0,5.5451E+20,5.80939E+21,9.80176E+15,5.2432E+16
19391,3.17082E+18,3,4,4,0,2017,8,17,7,3,0,1,0,0,0,1,0,0,1,4.3514E+20,5.79077E+21,8.04961E+15,5.22635E+16
19392,3.17082E+18,3,4,4,0,2017,8,18,7,3,2,6,0,1,0,1,0,0,0,4.34897E+20,5.79128E+21,8.04596E+15,5.2268E+16
19393,3.17082E+18,3,4,57,20,2017,8,13,7,3,5,3,1,1,0,0,0,0,0,4.16585E+20,5.90695E+21,7.74818E+15,5.33052E+16
19394,3.17081E+18,3,2,55,16,2017,8,15,5,3,2,6,0,1,0,0,0,0,0,5.37915E+20,5.76105E+21,9.55228E+15,5.19988E+16
19395,3.17082E+18,3,4,56,11,2017,8,19,7,2,0,3,0,1,0,0,0,0,0,3.47686E+20,5.82117E+21,6.75509E+15,5.25193E+16
19396,3.17082E+18,3,4,54,35,2017,8,14,7,3,2,6,0,1,0,0,0,0,1,3.76053E+20,5.84323E+21,7.16465E+15,5.27248E+16
19397,3.17081E+18,3,3,51,6,2017,8,15,5,3,2,6,0,1,0,0,1,0,0,5.75482E+20,5.82893E+21,1.01146E+16,5.26051E+16
19398,3.17082E+18,3,4,62,19,2017,8,14,7,3,0,1,0,0,0,1,0,0,0,4.20831E+20,5.94974E+21,7.80108E+15,5.36904E+16
19399,3.17081E+18,3,2,41,16,2017,8,13,2,3,2,6,0,0,0,0,1,0,0,5.5887E+20,5.79747E+21,9.8638E+15,5.23244E+16
19400,3.17082E+18,3,3,56,5,2017,8,16,7,3,2,2,0,1,0,0,0,0,0,4.86868E+20,5.8931E+21,8.80347E+15,5.31871E+16
19401,3.17081E+18,3,4,58,14,2017,8,17,5,3,5,3,1,1,0,0,0,0,0,4.62502E+20,5.86192E+21,8.44247E+15,5.29057E+16
19402,3.17082E+18,3,3,56,5,2017,8,10,7,3,5,2,1,1,0,0,0,0,0,4.94024E+20,5.88858E+21,8.91065E+15,5.31466E+16
19403,3.17081E+18,3,2,41,12,2017,8,18,1,3,2,6,0,1,0,1,0,0,0,5.31006E+20,5.81658E+21,9.45675E+15,5.24985E+16
19404,3.17082E+18,3,3,61,6,2017,8,11,7,3,5,3,0,1,0,0,0,0,0,5.07662E+20,5.87179E+21,9.11416E+15,5.29956E+16
19405,3.17081E+18,3,4,53,13,2017,8,15,5,3,2,6,0,1,0,0,1,0,0,4.16536E+20,5.87667E+21,7.75535E+15,5.3033E+16
19406,3.17081E+18,3,2,41,10,2017,8,15,1,3,2,6,0,1,0,0,0,0,0,5.50598E+20,5.81173E+21,9.74459E+15,5.24534E+16
19407,3.17082E+18,3,4,3,0,2017,8,13,7,3,2,6,0,1,0,0,0,0,0,4.46008E+20,5.88963E+21,8.19261E+15,5.31533E+16
19408,3.17081E+18,3,1,51,9,2017,8,13,6,3,0,7,0,0,0,1,0,0,1,6.04486E+20,5.81185E+21,1.05374E+16,5.24468E+16
19409,3.17081E+18,3,3,58,23,2017,8,5,2,3,7,7,0,1,0,0,0,0,0,5.61423E+20,5.86346E+21,9.91352E+15,5.29173E+16
19410,3.17082E+18,3,4,51,1,2017,8,13,7,3,5,3,0,1,0,0,0,0,0,4.16848E+20,5.89772E+21,7.75453E+15,5.32222E+16
19411,3.17081E+18,3,3,53,29,2017,8,8,2,3,0,6,0,1,1,0,0,0,0,5.59663E+20,5.91495E+21,9.89694E+15,5.33803E+16
19412,3.17081E+18,3,4,5,0,2017,8,12,2,3,1,6,0,1,0,0,0,0,0,4.42058E+20,5.93202E+21,8.12579E+15,5.35339E+16
19413,3.17082E+18,3,4,3,0,2017,8,17,7,3,2,6,0,1,0,0,0,0,1,4.4588E+20,5.89217E+21,8.19027E+15,5.31761E+16
19414,3.17081E+18,3,2,41,1,2017,8,12,2,1,0,6,0,1,0,1,0,0,0,5.48712E+20,5.80335E+21,9.71562E+15,5.23782E+16
19415,3.17082E+18,3,4,3,0,2017,8,15,7,3,5,2,1,1,0,0,0,0,1,4.49477E+20,5.88974E+21,8.24445E+15,5.31546E+16
19416,3.17081E+18,3,2,41,9,2017,8,12,2,2,2,6,0,0,0,0,1,0,0,5.59249E+20,5.7961E+21,9.86912E+15,5.23121E+16
19417,3.17082E+18,3,2,51,42,2017,8,13,7,3,9,1,0,1,0,0,0,0,0,4.72584E+20,5.85091E+21,8.59329E+15,5.28073E+16
19418,3.17081E+18,3,1,55,13,2017,8,14,2,3,4,2,0,1,0,1,0,0,0,5.4846E+20,5.73902E+21,9.70277E+15,5.17999E+16
19419,3.17082E+18,3,4,58,5,2017,8,7,7,3,5,3,0,0,0,0,1,0,0,4.69065E+20,5.8834E+21,8.53798E+15,5.30991E+16
19420,3.17081E+18,3,1,55,3,2017,8,20,2,3,3,2,0,1,0,0,1,0,0,5.51916E+20,5.73587E+21,9.75241E+15,5.17713E+16
19421,3.17081E+18,3,1,55,11,2017,8,10,2,3,5,3,0,1,0,0,1,0,0,5.69593E+20,5.72897E+21,1.00072E+16,5.17074E+16
19422,3.17081E+18,3,2,56,25,2017,8,13,2,3,2,6,0,1,0,0,0,0,0,5.1546E+20,5.8179E+21,9.22781E+15,5.2511E+16
19423,3.17082E+18,3,4,58,10,2017,8,7,7,3,2,6,0,1,0,0,0,0,0,4.55626E+20,5.88549E+21,8.337E+15,5.3117E+16
19424,3.17082E+18,3,4,58,7,2017,8,12,7,1,9,6,0,1,0,0,0,0,0,4.41088E+20,5.86699E+21,8.12318E+15,5.29493E+16
19425,3.17082E+18,3,3,53,31,2017,8,17,7,3,8,6,0,1,0,0,0,0,1,5.68158E+20,5.91683E+21,1.0025E+16,5.33962E+16
19426,3.17082E+18,3,3,59,10,2017,8,18,7,3,2,6,0,1,0,0,0,0,0,5.46631E+20,5.92563E+21,9.70262E+15,5.34776E+16
19427,3.17081E+18,3,2,57,9,2017,8,15,2,2,0,6,1,1,0,0,0,0,0,5.0429E+20,5.79659E+21,9.06295E+15,5.23197E+16
19428,3.17081E+18,3,1,53,12,2017,8,8,2,3,8,1,0,1,0,0,0,0,0,5.77877E+20,5.74972E+21,1.01317E+16,5.18928E+16
19429,3.17081E+18,3,2,52,6,2017,8,14,2,3,3,2,0,1,0,0,1,0,0,5.24404E+20,5.77301E+21,9.35633E+15,5.21071E+16
19430,3.17081E+18,3,2,52,6,2017,8,9,2,3,2,6,0,1,0,1,0,0,0,5.26801E+20,5.77234E+21,9.39127E+15,5.2101E+16
19431,3.17082E+18,3,3,58,22,2017,8,14,7,3,2,6,0,1,0,0,0,0,0,5.46028E+20,5.85245E+21,9.68301E+15,5.28199E+16
19432,3.17081E+18,3,3,56,9,2017,8,16,6,3,2,2,0,1,0,0,1,0,0,4.7344E+20,5.89834E+21,8.60208E+15,5.32337E+16
19433,3.17081E+18,3,1,59,7,2017,8,14,2,3,5,3,0,1,0,0,0,0,0,5.64002E+20,5.71508E+21,9.92374E+15,5.15831E+16
19434,3.17081E+18,3,1,59,16,2017,8,18,2,3,4,2,0,1,0,0,0,0,0,5.6617E+20,5.70772E+21,9.95364E+15,5.15167E+16
19435,3.17081E+18,3,1,59,29,2017,8,16,2,2,4,1,0,1,0,0,1,0,0,5.631E+20,5.70705E+21,9.90929E+15,5.15111E+16
19436,3.17081E+18,3,1,59,16,2017,8,14,2,3,2,6,0,1,0,0,0,0,0,5.63106E+20,5.70962E+21,9.90984E+15,5.15341E+16
19437,3.17081E+18,3,2,51,37,2017,8,13,3,3,5,2,0,1,0,0,0,0,0,4.80471E+20,5.87433E+21,8.70889E+15,5.30182E+16
19438,3.17081E+18,3,1,59,16,2017,8,10,2,3,2,2,0,0,0,1,1,0,0,5.64283E+20,5.70952E+21,9.92678E+15,5.15331E+16
19439,3.17082E+18,3,3,60,4,2017,8,9,7,2,2,2,0,1,0,0,1,0,0,5.93787E+20,5.88666E+21,1.04015E+16,5.31211E+16
19440,3.17081E+18,3,4,60,8,2017,8,7,3,3,5,3,0,1,0,0,0,0,0,4.47203E+20,5.82886E+21,8.22033E+15,5.26072E+16
19441,3.17081E+18,3,1,54,14,2017,8,16,2,2,5,3,0,1,0,1,0,0,0,6.11293E+20,5.80326E+21,1.06347E+16,5.23683E+16
19442,3.17081E+18,3,1,57,9,2017,8,16,2,2,9,1,0,1,0,0,0,0,0,5.81547E+20,5.79149E+21,1.0195E+16,5.22678E+16
19443,3.17081E+18,3,1,55,3,2017,8,17,1,3,2,2,0,1,0,1,0,0,0,5.46645E+20,5.73414E+21,9.67579E+15,5.17562E+16
19444,3.17082E+18,3,3,60,19,2017,8,9,7,3,2,6,0,0,0,1,0,0,0,5.91149E+20,5.8695E+21,1.03572E+16,5.29674E+16
19445,3.17082E+18,3,3,54,2,2017,8,18,7,3,2,2,0,1,0,1,0,0,0,6.31347E+20,5.86712E+21,1.09545E+16,5.29376E+16
19446,3.17082E+18,3,3,51,24,2017,8,17,7,2,5,3,1,0,0,1,0,0,0,5.62836E+20,5.83653E+21,9.92935E+15,5.2675E+16
19447,3.17081E+18,3,4,54,10,2017,8,14,4,2,0,7,1,0,0,0,0,0,0,3.8375E+20,5.80576E+21,7.2917E+15,5.23898E+16
19448,3.17082E+18,3,3,51,6,2017,8,10,7,3,0,7,1,0,0,0,0,0,0,5.7159E+20,5.83402E+21,1.00583E+16,5.26514E+16
19449,3.17082E+18,3,2,41,1,2017,8,5,7,3,3,6,0,1,0,0,1,2,1,5.46278E+20,5.80482E+21,9.68007E+15,5.23917E+16
19450,3.17081E+18,3,1,59,7,2017,8,5,5,3,6,4,0,1,1,0,0,1,1,5.64177E+20,5.71544E+21,9.92633E+15,5.15864E+16
19451,3.17082E+18,3,2,41,1,2017,8,17,7,3,5,2,1,1,0,0,0,0,0,5.49621E+20,5.80277E+21,9.72888E+15,5.2373E+16
19452,3.17081E+18,3,1,53,12,2017,8,7,2,3,5,3,1,1,0,0,0,0,0,5.807E+20,5.74966E+21,1.01727E+16,5.18919E+16
19453,3.17082E+18,3,2,41,1,2017,8,14,7,3,5,3,0,1,0,0,0,0,0,5.56345E+20,5.79963E+21,9.82712E+15,5.23441E+16
19454,3.17081E+18,3,2,41,10,2017,8,10,5,3,5,2,1,0,0,0,1,0,1,5.50122E+20,5.81296E+21,9.73777E+15,5.24645E+16
19455,3.17082E+18,3,2,57,3,2017,8,22,7,3,8,1,0,1,0,0,0,2,1,5.11355E+20,5.78511E+21,9.1662E+15,5.22163E+16
19456,3.17081E+18,3,1,53,18,2017,8,18,2,2,0,1,0,0,0,1,0,0,0,6.00018E+20,5.73957E+21,1.04504E+16,5.1798E+16