OBJECTID,UIDENTSTLA,ULAND,UREGBEZ,UKREIS,UGEMEINDE,UJAHR,UMONAT,USTUNDE,UWOCHENTAG,UKATEGORIE,UART,UTYP1,IstRad,IstPKW,IstFuss,IstKrad,IstSonstig,LICHT,STRZUSTAND,LINREFX,LINREFY,XGCSWGS84,YGCSWGS84
19457,3.17081E+18,3,1,59,36,2017,8,15,1,2,0,7,1,0,0,0,0,0,0,6.13715E+20,5.72255E+21,1.06434E+16,5.16424E+16
19458,3.17082E+18,3,2,41,4,2017,8,17,7,3,5,3,0,1,0,0,0,0,0,5.63921E+20,5.81694E+21,9.94161E+15,5.24988E+16
19459,3.17081E+18,3,3,58,7,2017,8,12,5,3,5,2,0,1,0,0,0,0,1,5.43984E+20,5.83691E+21,9.65061E+15,5.26803E+16
19460,3.17081E+18,3,2,54,29,2017,8,17,1,3,3,2,0,1,0,0,1,0,0,5.70473E+20,5.78028E+21,1.00304E+16,5.21685E+16
19461,3.17082E+18,3,2,41,2,2017,8,17,7,3,2,6,0,1,0,0,0,0,0,5.32818E+20,5.80484E+21,9.48229E+15,5.23928E+16
19462,3.17081E+18,3,4,3,0,2017,8,17,5,3,2,6,0,1,0,1,0,0,0,4.46028E+20,5.88894E+21,8.19302E+15,5.31471E+16
19463,3.17081E+18,3,1,54,28,2017,8,13,2,3,3,6,0,0,0,0,1,0,0,6.31692E+20,5.79395E+21,1.09305E+16,5.22801E+16
19464,3.17081E+18,3,2,54,17,2017,8,5,1,3,8,7,0,1,0,0,0,0,0,5.64163E+20,5.78395E+21,9.93888E+15,5.22022E+16
19465,3.17082E+18,3,2,41,1,2017,8,11,7,3,0,1,0,0,0,1,0,0,0,5.49185E+20,5.8034E+21,9.72258E+15,5.23787E+16
19466,3.17081E+18,3,1,59,29,2017,8,14,1,2,8,6,0,1,0,0,0,0,0,5.60954E+20,5.70607E+21,9.87819E+15,5.15025E+16
19467,3.17081E+18,3,3,59,3,2017,8,7,2,3,0,6,0,0,0,1,0,0,0,5.41019E+20,5.92081E+21,9.61744E+15,5.34347E+16
19468,3.17081E+18,3,3,58,21,2017,8,20,6,3,0,6,0,1,0,0,1,1,0,5.59156E+20,5.8672E+21,9.88048E+15,5.29512E+16
19469,3.17081E+18,3,3,57,41,2017,8,17,3,3,5,3,0,1,0,0,0,0,0,5.279E+20,5.89496E+21,9.41769E+15,5.32032E+16
19470,3.17082E+18,3,2,57,3,2017,8,1,7,1,8,1,0,1,0,0,0,2,1,5.15351E+20,5.7859E+21,9.22473E+15,5.22233E+16
19471,3.17081E+18,3,3,59,13,2017,8,23,5,3,9,7,0,1,0,0,0,2,0,5.25924E+20,5.95369E+21,9.39296E+15,5.37312E+16
19472,3.17082E+18,3,2,54,14,2017,8,9,7,3,5,2,0,1,0,0,0,0,0,5.49309E+20,5.77399E+21,9.7201E+15,5.21142E+16
19473,3.17082E+18,3,2,52,2,2017,8,17,7,2,2,1,0,1,0,1,0,0,0,5.32705E+20,5.7832E+21,9.47852E+15,5.21983E+16
19474,3.17081E+18,3,3,61,12,2017,8,8,5,3,5,2,1,1,0,0,0,0,0,5.15334E+20,5.86391E+21,9.22809E+15,5.29247E+16
19475,3.17082E+18,3,1,59,17,2017,8,1,7,3,9,1,0,0,0,0,1,2,1,5.44342E+20,5.69991E+21,9.63811E+15,5.14486E+16
19476,3.17081E+18,3,1,2,0,2017,8,15,1,3,4,1,0,1,0,1,0,0,0,6.01204E+20,5.76785E+21,1.04759E+16,5.2052E+16
19477,3.17082E+18,3,1,3,0,2017,8,18,7,3,2,6,0,1,0,0,0,0,0,6.20407E+20,5.81306E+21,1.0772E+16,5.24544E+16
19478,3.17081E+18,3,4,4,0,2017,8,16,5,3,2,6,0,1,0,0,0,0,0,4.29973E+20,5.79118E+21,7.97383E+15,5.22666E+16
19479,3.17081E+18,3,1,53,12,2017,8,11,1,2,4,2,0,1,0,1,0,0,0,5.86566E+20,5.74778E+21,1.02575E+16,5.18741E+16
19480,3.17082E+18,3,1,57,5,2017,8,9,7,3,5,3,1,1,0,0,0,0,0,5.90205E+20,5.78358E+21,1.03198E+16,5.21953E+16
19481,3.17081E+18,3,1,58,2,2017,8,12,6,3,2,6,0,1,0,0,0,0,1,5.83347E+20,5.77208E+21,1.02166E+16,5.2093E+16
19482,3.17081E+18,3,3,59,28,2017,8,19,2,2,9,6,0,1,0,1,0,0,0,5.43635E+20,5.93279E+21,9.65847E+15,5.35422E+16
19483,3.17081E+18,3,2,55,2,2017,8,14,6,3,2,6,0,1,0,0,0,0,1,5.3662E+20,5.74633E+21,9.53184E+15,5.18666E+16
19484,3.17081E+18,3,4,51,7,2017,8,10,2,3,2,6,0,1,0,0,0,0,0,4.25829E+20,5.89472E+21,7.88972E+15,5.31967E+16
19485,3.17081E+18,3,4,4,0,2017,8,17,2,3,3,2,0,1,0,0,1,0,0,4.31536E+20,5.79446E+21,7.99606E+15,5.22962E+16
19486,3.17082E+18,3,4,59,24,2017,8,9,6,3,3,6,0,1,0,0,1,0,1,4.57594E+20,5.78303E+21,8.37957E+15,5.21961E+16
19487,3.17082E+18,3,4,4,0,2017,8,22,6,3,3,2,0,1,0,1,0,2,1,4.40215E+20,5.79127E+21,8.12388E+15,5.22686E+16
19488,3.17081E+18,3,4,59,24,2017,8,6,1,3,8,1,0,1,0,0,0,0,1,4.59989E+20,5.77944E+21,8.41504E+15,5.2164E+16
19489,3.17082E+18,3,4,56,15,2017,8,16,6,2,5,2,0,1,0,0,0,0,1,3.69688E+20,5.81179E+21,7.08283E+15,5.24407E+16
19490,3.17082E+18,3,4,56,25,2017,8,5,6,2,8,1,0,1,0,0,0,2,0,3.72517E+20,5.81942E+21,7.12151E+15,5.251E+16
19491,3.17081E+18,3,4,59,4,2017,8,16,1,3,2,2,0,1,0,0,0,0,0,4.34434E+20,5.77923E+21,8.0415E+15,5.21596E+16
19492,3.17082E+18,3,4,56,25,2017,8,8,6,2,9,6,0,1,0,0,0,0,0,3.80947E+20,5.81273E+21,7.24806E+15,5.24517E+16
19493,3.1708E+18,3,3,54,9,2017,8,14,6,3,5,3,0,1,0,1,0,0,0,6.36296E+20,5.89075E+21,1.1038E+16,5.31487E+16
19494,3.17081E+18,3,4,59,7,2017,8,19,1,1,5,3,0,0,0,1,1,0,0,4.29683E+20,5.83201E+21,7.96098E+15,5.26335E+16
19495,3.17081E+18,3,4,57,10,2017,8,12,1,2,2,2,0,1,0,0,0,0,0,4.06804E+20,5.90567E+21,7.60181E+15,5.3292E+16
19496,3.17082E+18,3,4,53,8,2017,8,11,6,3,5,3,0,1,0,1,0,0,0,4.34448E+20,5.86777E+21,8.02421E+15,5.29555E+16
19497,3.17081E+18,3,4,54,10,2017,8,7,1,3,8,1,0,1,0,0,0,0,0,3.84109E+20,5.80355E+21,7.29774E+15,5.237E+16
19498,3.17081E+18,3,4,52,23,2017,8,8,1,2,9,1,0,1,0,0,0,0,1,3.91068E+20,5.92883E+21,7.35784E+15,5.34971E+16
19499,3.17081E+18,3,4,53,7,2017,8,19,1,3,5,2,0,1,0,1,0,0,0,4.21632E+20,5.86625E+21,7.83384E+15,5.29401E+16
19500,3.17081E+18,3,4,53,7,2017,8,0,1,3,8,1,0,1,0,0,0,2,1,4.16713E+20,5.87124E+21,7.75938E+15,5.29842E+16
19501,3.17081E+18,3,4,60,6,2017,8,5,1,2,6,4,0,1,1,0,0,2,0,4.47709E+20,5.83646E+21,8.22659E+15,5.26755E+16
19502,3.17081E+18,3,3,52,59,2017,8,7,3,3,5,2,0,1,0,0,0,0,0,4.87978E+20,5.92064E+21,8.81904E+15,5.34346E+16
19503,3.17081E+18,3,4,55,26,2017,8,10,1,2,5,3,1,0,0,1,0,0,0,4.39186E+20,5.91262E+21,8.08621E+15,5.33592E+16
19504,3.17081E+18,3,3,56,9,2017,8,22,1,3,7,7,0,1,0,0,0,2,0,4.73783E+20,5.89441E+21,8.60755E+15,5.31984E+16
19505,3.17082E+18,3,3,56,7,2017,8,12,6,3,8,1,0,1,0,0,0,0,0,4.81833E+20,5.89796E+21,8.72785E+15,5.32306E+16
19506,3.17081E+18,3,3,56,7,2017,8,17,1,3,0,2,0,0,0,1,0,0,0,4.87656E+20,5.90099E+21,8.81496E+15,5.3258E+16
19507,3.17082E+18,3,3,61,1,2017,8,12,6,3,2,6,0,1,0,0,0,0,0,4.97312E+20,5.87585E+21,8.95991E+15,5.30321E+16
19508,3.17081E+18,3,3,56,11,2017,8,17,1,3,0,1,0,0,0,1,0,0,0,4.96243E+20,5.89808E+21,8.94371E+15,5.3232E+16
19509,3.17082E+18,3,3,61,6,2017,8,15,6,3,4,6,1,1,0,0,0,0,0,5.12882E+20,5.86959E+21,9.19184E+15,5.29757E+16
19510,3.17081E+18,3,4,58,14,2017,8,18,4,2,3,2,1,1,0,0,0,0,0,4.60558E+20,5.86094E+21,8.41367E+15,5.28967E+16
19511,3.17082E+18,3,3,61,9,2017,8,18,6,3,1,7,0,1,0,0,1,0,1,5.02108E+20,5.878E+21,9.03145E+15,5.30515E+16
19512,3.17082E+18,3,4,51,2,2017,8,7,6,3,3,6,0,1,0,0,0,0,0,4.34637E+20,5.89965E+21,8.02054E+15,5.32421E+16
19513,3.17081E+18,3,4,60,8,2017,8,17,4,3,2,6,0,1,0,0,0,0,0,4.47623E+20,5.83026E+21,8.22632E+15,5.26198E+16
19514,3.17082E+18,3,4,51,5,2017,8,18,6,3,2,6,0,1,0,0,0,0,1,4.46645E+20,5.89892E+21,8.20058E+15,5.32369E+16
19515,3.17081E+18,3,2,51,2,2017,8,17,1,2,8,1,0,0,0,1,0,0,0,5.02837E+20,5.84832E+21,9.04207E+15,5.27847E+16
19516,3.17082E+18,3,4,51,4,2017,8,16,6,2,5,3,1,1,0,0,0,0,0,4.37587E+20,5.8827E+21,8.06805E+15,5.30901E+16
19517,3.17081E+18,3,4,59,24,2017,8,20,4,2,4,6,1,0,0,0,0,0,0,4.62151E+20,5.78311E+21,8.44623E+15,5.21972E+16
19518,3.17082E+18,3,4,3,0,2017,8,6,6,3,5,3,1,1,0,0,0,0,0,4.46561E+20,5.89103E+21,8.20064E+15,5.3166E+16
19519,3.17081E+18,3,4,53,5,2017,8,14,1,3,8,7,0,1,0,0,1,0,0,4.46103E+20,5.84886E+21,8.20082E+15,5.27869E+16
19520,3.17081E+18,3,4,59,3,2017,8,9,7,3,1,5,0,1,0,1,0,0,1,4.60932E+20,5.79539E+21,8.42698E+15,5.23074E+16
19521,3.17082E+18,3,2,51,41,2017,8,7,6,3,5,3,0,1,0,1,0,0,1,4.91021E+20,5.86205E+21,8.86649E+15,5.29081E+16
19522,3.17081E+18,3,2,54,8,2017,8,3,5,2,2,1,0,1,0,0,0,2,0,5.79483E+20,5.76212E+21,1.01579E+16,5.2004E+16
19523,3.17081E+18,3,4,61,5,2017,8,12,1,3,5,3,1,1,0,0,0,0,0,4.49862E+20,5.91571E+21,8.24612E+15,5.33881E+16
19524,3.17081E+18,3,4,59,13,2017,8,0,7,2,9,1,0,1,0,0,0,2,0,4.50277E+20,5.80024E+21,8.26999E+15,5.23502E+16
19525,3.17082E+18,3,2,51,12,2017,8,19,6,1,9,1,0,0,0,1,0,0,1,4.59429E+20,5.83102E+21,8.4006E+15,5.26276E+16
19526,3.17081E+18,3,3,51,4,2017,8,11,5,3,5,3,1,1,0,0,0,0,0,5.66052E+20,5.84727E+21,9.97907E+15,5.27712E+16
19527,3.17081E+18,3,3,53,7,2017,8,11,1,2,5,2,0,1,0,1,0,0,0,5.84504E+20,5.91953E+21,1.02715E+16,5.3418E+16
19528,3.17081E+18,3,3,59,38,2017,8,17,1,3,4,2,0,1,0,0,0,0,0,5.3033E+20,5.93761E+21,9.45817E+15,5.35865E+16
19529,3.17081E+18,3,4,59,25,2017,8,16,7,3,4,1,0,1,0,0,0,0,1,4.23209E+20,5.83696E+21,7.86419E+15,5.26771E+16
19530,3.17082E+18,3,3,52,32,2017,8,22,6,3,4,6,0,1,0,0,0,2,1,4.72188E+20,5.92064E+21,8.58136E+15,5.34341E+16
19531,3.17081E+18,3,3,58,22,2017,8,15,1,3,5,3,0,1,0,0,0,0,0,5.40009E+20,5.85292E+21,9.59377E+15,5.28246E+16
19532,3.17081E+18,3,4,4,0,2017,8,23,7,3,2,6,0,1,0,0,0,2,0,4.35125E+20,5.79118E+21,8.04931E+15,5.22672E+16
19533,3.17081E+18,3,3,58,2,2017,8,16,1,1,4,2,0,1,0,1,0,0,0,5.665E+20,5.87961E+21,9.99234E+15,5.30618E+16
19534,3.17081E+18,3,4,4,0,2017,8,11,7,3,5,3,0,1,0,0,0,0,1,4.32281E+20,5.79105E+21,8.00767E+15,5.22656E+16
19535,3.1708E+18,3,3,54,4,2017,8,11,6,2,5,3,0,1,0,0,0,0,0,6.40414E+20,5.88484E+21,1.1097E+16,5.30945E+16
19536,3.1708E+18,3,3,55,11,2017,8,15,6,2,5,3,0,1,0,1,0,0,0,5.95641E+20,5.90865E+21,1.04358E+16,5.33184E+16
19537,3.17081E+18,3,3,57,25,2017,8,14,1,2,2,2,0,1,0,0,0,0,0,5.39339E+20,5.88222E+21,9.58739E+15,5.3088E+16
19538,3.17081E+18,3,4,54,11,2017,8,4,7,2,9,1,0,1,0,0,0,1,0,4.05615E+20,5.87396E+21,7.59333E+15,5.30069E+16
19539,3.17081E+18,3,3,60,2,2017,8,17,1,3,2,2,0,1,0,0,1,0,0,6.0669E+20,5.88221E+21,1.05927E+16,5.30787E+16
19540,3.17081E+18,3,4,56,15,2017,8,8,7,3,8,1,0,0,0,0,1,0,0,3.68675E+20,5.81185E+21,7.06792E+15,5.2441E+16
19541,3.17081E+18,3,4,52,19,2017,8,15,7,3,5,3,1,1,0,0,0,0,0,3.78556E+20,5.94146E+21,7.16441E+15,5.36079E+16
19542,3.17082E+18,3,3,53,5,2017,8,14,6,3,2,6,0,1,0,0,0,0,1,5.55684E+20,5.91399E+21,9.83696E+15,5.33721E+16
19543,3.17082E+18,3,3,53,5,2017,8,15,6,3,5,3,1,1,0,0,0,0,1,5.58384E+20,5.90615E+21,9.87609E+15,5.33013E+16
19544,3.17081E+18,3,4,59,12,2017,8,17,4,3,2,6,1,1,0,0,0,0,0,4.43335E+20,5.7877E+21,8.1702E+15,5.22368E+16
19545,3.17082E+18,3,3,55,34,2017,8,15,6,3,8,1,0,1,0,0,0,0,0,5.77122E+20,5.8929E+21,1.0154E+16,5.31798E+16
19546,3.17082E+18,3,3,58,20,2017,8,12,6,3,5,3,0,1,0,0,0,0,1,5.41066E+20,5.83748E+21,9.60751E+15,5.26857E+16
19547,3.17081E+18,3,2,57,6,2017,8,11,5,3,2,6,0,1,0,0,0,0,1,5.2665E+20,5.7978E+21,9.39108E+15,5.23299E+16
19548,3.17082E+18,3,3,58,21,2017,8,15,6,3,9,7,0,1,0,0,0,0,0,5.55579E+20,5.87678E+21,9.82891E+15,5.30376E+16
19549,3.17081E+18,3,3,54,1,2017,8,13,1,2,5,3,0,0,0,1,1,0,0,6.30393E+20,5.86255E+21,1.09384E+16,5.28968E+16
19550,3.17082E+18,3,3,57,44,2017,8,16,6,2,0,2,1,0,0,0,1,0,0,5.31974E+20,5.90352E+21,9.47955E+15,5.32799E+16
19551,3.17081E+18,3,3,60,4,2017,8,12,5,3,9,1,0,0,0,1,0,0,0,5.93759E+20,5.88637E+21,1.0401E+16,5.31185E+16
19552,3.17082E+18,3,3,57,47,2017,8,11,6,3,6,7,1,0,1,0,0,0,0,5.04564E+20,5.8968E+21,9.06836E+15,5.32205E+16
19553,3.17081E+18,3,3,55,9,2017,8,12,1,2,5,3,0,1,0,0,0,0,0,6.10755E+20,5.90752E+21,1.06622E+16,5.33053E+16
19554,3.17081E+18,3,4,53,7,2017,8,18,7,2,5,2,0,1,0,0,1,0,0,4.23013E+20,5.8795E+21,7.85123E+15,5.30595E+16
19555,3.17082E+18,3,2,41,1,2017,8,22,6,3,0,3,1,1,0,0,0,2,1,5.46687E+20,5.80296E+21,9.68581E+15,5.23749E+16
19556,3.17081E+18,3,4,61,4,2017,8,9,5,3,5,2,1,1,0,0,0,0,0,4.64004E+20,5.89874E+21,8.46068E+15,5.32367E+16
19557,3.17081E+18,3,4,60,5,2017,8,2,7,3,0,5,0,1,0,0,0,2,0,4.40837E+20,5.82746E+21,8.12658E+15,5.2594E+16
19558,3.17082E+18,3,2,41,1,2017,8,7,6,3,0,7,1,0,0,0,0,0,0,5.56858E+20,5.79894E+21,9.83452E+15,5.23378E+16
19559,3.17081E+18,3,4,62,19,2017,8,22,5,3,8,1,0,1,0,0,0,2,0,4.24395E+20,5.94117E+21,7.85712E+15,5.36139E+16
19560,3.17081E+18,3,2,41,1,2017,8,18,1,3,5,3,0,1,0,0,0,0,0,5.46514E+20,5.79756E+21,9.68252E+15,5.23264E+16
19561,3.17081E+18,3,4,60,1,2017,8,5,7,2,8,1,0,1,0,0,0,1,0,4.45654E+20,5.84363E+21,8.19503E+15,5.27398E+16
19562,3.17082E+18,3,2,41,1,2017,8,9,6,3,2,6,0,1,0,0,0,0,1,5.57386E+20,5.80085E+21,9.8426E+15,5.2355E+16
19563,3.17081E+18,3,1,51,10,2017,8,17,6,2,5,3,0,1,0,0,0,0,1,6.03914E+20,5.83125E+21,1.0535E+16,5.26213E+16
19564,3.17081E+18,3,3,58,16,2017,8,7,2,3,5,3,1,1,0,0,0,0,0,5.71829E+20,5.87235E+21,1.00702E+16,5.29959E+16
19565,3.17081E+18,3,4,61,1,2017,8,14,2,3,5,2,0,0,0,1,1,0,0,4.66781E+20,5.89384E+21,8.50279E+15,5.31929E+16
19566,3.17082E+18,3,2,41,20,2017,8,13,6,3,5,2,0,1,0,0,0,0,1,5.39149E+20,5.79261E+21,9.57389E+15,5.22825E+16
19567,3.17081E+18,3,2,41,15,2017,8,13,1,2,0,7,1,0,0,0,0,0,0,5.39362E+20,5.80197E+21,9.57811E+15,5.23666E+16
19568,3.17082E+18,3,2,41,12,2017,8,12,6,3,8,1,0,1,0,0,0,0,1,5.1949E+20,5.81544E+21,9.28704E+15,5.24887E+16
19569,3.17081E+18,3,2,41,4,2017,8,11,1,3,8,1,0,1,0,0,0,0,0,5.55673E+20,5.81833E+21,9.82036E+15,5.25122E+16
19570,3.17082E+18,3,2,41,2,2017,8,19,6,3,4,1,0,1,0,0,0,1,1,5.34872E+20,5.79344E+21,9.51127E+15,5.22902E+16
19571,3.1708E+18,3,3,51,26,2017,8,7,6,3,5,3,1,1,0,0,0,0,0,5.7071E+20,5.85398E+21,1.00496E+16,5.28309E+16
19572,3.17081E+18,3,1,55,10,2017,8,8,1,3,9,1,0,1,0,0,0,0,0,5.61545E+20,5.72092E+21,9.88931E+15,5.16359E+16
19573,3.17081E+18,3,1,55,11,2017,8,12,1,2,4,6,1,0,0,0,0,0,0,5.65902E+20,5.732E+21,9.95435E+15,5.1735E+16
19574,3.17082E+18,3,2,41,5,2017,8,11,6,3,6,2,0,1,1,0,0,0,1,5.41583E+20,5.80982E+21,9.6117E+15,5.2437E+16
19575,3.1708E+18,3,3,51,4,2017,8,14,6,3,4,6,0,1,0,0,0,0,0,5.62979E+20,5.84868E+21,9.9338E+15,5.27843E+16
19576,3.17081E+18,3,2,57,37,2017,8,14,1,3,5,3,0,1,0,0,0,0,0,5.08151E+20,5.80261E+21,9.11974E+15,5.23737E+16
19577,3.17081E+18,3,2,57,4,2017,8,15,1,3,5,2,0,1,0,1,0,0,0,5.19166E+20,5.80451E+21,9.28165E+15,5.23905E+16
19578,3.17081E+18,3,2,55,30,2017,8,12,1,1,4,1,0,1,0,1,0,0,0,5.37643E+20,5.74709E+21,9.54679E+15,5.18733E+16
19579,3.17081E+18,3,1,59,16,2017,8,15,1,3,2,2,0,1,0,1,0,0,0,5.63841E+20,5.70974E+21,9.92044E+15,5.15352E+16
19580,3.17081E+18,3,1,58,6,2017,8,14,1,3,2,6,0,1,0,1,0,0,0,6.09052E+20,5.78996E+21,1.05974E+16,5.22492E+16
19581,3.17081E+18,3,1,57,9,2017,8,17,1,2,8,1,0,1,0,0,0,0,0,5.83417E+20,5.7889E+21,1.02218E+16,5.22441E+16
19582,3.17081E+18,3,1,57,9,2017,8,0,1,3,7,1,0,1,0,0,0,2,1,5.81871E+20,5.79103E+21,1.01997E+16,5.22636E+16
19583,3.17082E+18,3,2,41,5,2017,8,12,6,3,5,3,1,1,0,0,0,0,1,5.36303E+20,5.81252E+21,9.53433E+15,5.24616E+16
19584,3.17081E+18,3,1,57,6,2017,8,14,1,2,3,7,0,1,0,0,0,0,0,5.84294E+20,5.79575E+21,1.02363E+16,5.23056E+16
19585,3.17082E+18,3,2,41,11,2017,8,23,6,2,0,3,0,1,0,0,0,2,1,5.61214E+20,5.80555E+21,9.89966E+15,5.23968E+16
19586,3.17081E+18,3,1,51,23,2017,8,14,1,3,2,6,0,1,0,0,0,0,0,6.043E+20,5.80856E+21,1.05336E+16,5.24173E+16
19587,3.17082E+18,3,2,41,13,2017,8,19,6,3,8,1,0,1,0,0,0,2,1,5.51755E+20,5.78207E+21,9.75705E+15,5.21867E+16
19588,3.17081E+18,3,2,57,9,2017,8,18,4,3,2,6,0,1,0,0,1,0,0,5.04023E+20,5.7951E+21,9.05901E+15,5.23062E+16
19589,3.17082E+18,3,2,41,9,2017,8,14,6,3,0,7,0,0,0,0,1,0,1,5.55207E+20,5.79546E+21,9.80972E+15,5.23067E+16
19590,3.17081E+18,3,1,51,16,2017,8,2,1,3,5,3,0,1,0,0,0,2,0,6.04437E+20,5.80441E+21,1.05344E+16,5.238E+16
19591,3.17082E+18,3,2,41,1,2017,8,12,6,3,2,2,0,1,0,0,1,0,0,5.56709E+20,5.80569E+21,9.83349E+15,5.23985E+16
19592,3.17081E+18,3,3,57,39,2017,8,14,4,2,5,3,1,0,0,0,0,0,0,5.27144E+20,5.88315E+21,9.40538E+15,5.30971E+16
19593,3.17082E+18,3,2,41,1,2017,8,13,6,3,2,6,0,1,0,1,0,0,1,5.49011E+20,5.79976E+21,9.71948E+15,5.23459E+16
19594,3.17081E+18,3,1,51,9,2017,8,13,1,3,4,2,0,1,0,0,0,0,0,6.0327E+20,5.81693E+21,1.05211E+16,5.24928E+16
19595,3.17082E+18,3,2,41,1,2017,8,14,6,3,2,6,0,1,0,0,0,0,0,5.49268E+20,5.80883E+21,9.72458E+15,5.24275E+16
19596,3.17081E+18,3,3,61,5,2017,8,22,4,2,4,6,1,0,0,0,0,2,0,5.19695E+20,5.86076E+21,9.29277E+15,5.28962E+16
19597,3.17082E+18,3,2,41,1,2017,8,10,6,3,2,6,0,1,0,0,1,0,1,5.55811E+20,5.80884E+21,9.82081E+15,5.24269E+16
19598,3.17082E+18,3,2,41,1,2017,8,7,6,3,4,2,1,1,0,0,0,0,0,5.44354E+20,5.80743E+21,9.65215E+15,5.24153E+16
19599,3.17082E+18,3,2,41,11,2017,8,4,6,3,9,7,0,0,0,0,1,2,0,5.71819E+20,5.80302E+21,1.00549E+16,5.23728E+16
19600,3.17081E+18,3,4,59,33,2017,8,15,7,3,8,1,0,1,0,0,0,0,1,4.33093E+20,5.79939E+21,8.01791E+15,5.23407E+16
19601,3.17082E+18,3,1,55,12,2017,8,13,6,3,5,3,0,1,0,0,0,0,1,5.44992E+20,5.72284E+21,9.65038E+15,5.16547E+16
19602,3.17082E+18,3,1,59,26,2017,8,13,6,3,3,1,0,1,0,0,1,0,1,5.85015E+20,5.73248E+21,1.02312E+16,5.17368E+16
19603,3.17081E+18,3,4,59,24,2017,8,19,7,3,9,1,0,1,0,0,0,0,1,4.60903E+20,5.78667E+21,8.42756E+15,5.22291E+16
19604,3.17082E+18,3,1,55,11,2017,8,19,6,2,3,6,0,0,0,1,1,0,1,5.69458E+20,5.72971E+21,1.00054E+16,5.17141E+16
19605,3.17081E+18,3,4,59,14,2017,8,15,7,3,2,6,0,1,0,0,0,0,1,4.29587E+20,5.80888E+21,7.96446E+15,5.24256E+16
19606,3.17082E+18,3,2,54,20,2017,8,13,6,3,2,6,0,1,0,0,0,0,1,5.66443E+20,5.78451E+21,9.97235E+15,5.2207E+16
19607,3.17081E+18,3,4,4,0,2017,8,14,7,3,5,3,0,1,0,0,0,0,1,4.35171E+20,5.79118E+21,8.05E+15,5.22672E+16
19608,3.17081E+18,3,4,54,47,2017,8,5,7,3,8,6,0,1,0,0,0,0,1,3.99565E+20,5.8568E+21,7.5085E+15,5.28515E+16
19609,3.17082E+18,3,2,54,44,2017,8,13,6,3,8,7,0,0,0,0,1,0,1,5.72601E+20,5.75635E+21,1.00565E+16,5.19531E+16
19610,3.17081E+18,3,4,56,27,2017,8,9,7,3,5,3,1,1,0,0,0,0,0,3.78428E+20,5.79871E+21,7.21609E+15,5.23252E+16
19611,3.17081E+18,3,4,56,23,2017,8,7,7,3,5,3,0,0,0,1,1,0,1,3.58082E+20,5.81809E+21,6.90952E+15,5.24945E+16
19612,3.17081E+18,3,4,56,15,2017,8,20,7,3,5,3,0,1,0,0,0,0,0,3.69723E+20,5.81179E+21,7.08334E+15,5.24407E+16
19613,3.17081E+18,3,4,51,2,2017,8,18,3,3,2,2,0,1,0,0,0,0,1,4.41788E+20,5.89236E+21,8.12902E+15,5.31774E+16
19614,3.17081E+18,3,4,54,18,2017,8,7,7,3,0,1,0,1,0,0,1,0,1,3.7982E+20,5.84802E+21,7.21865E+15,5.27686E+16
19615,3.17081E+18,3,4,54,35,2017,8,11,7,3,2,6,0,1,0,0,0,0,1,3.77405E+20,5.8369E+21,7.18701E+15,5.26682E+16
19616,3.17081E+18,3,4,53,6,2017,8,11,7,2,9,1,0,1,0,0,0,0,0,4.25522E+20,5.84633E+21,7.89627E+15,5.27617E+16
19617,3.17081E+18,3,4,53,8,2017,8,12,7,3,0,1,0,0,0,1,1,0,1,4.34656E+20,5.86829E+21,8.0272E+15,5.29602E+16
19618,3.17082E+18,3,2,54,45,2017,8,22,6,3,8,1,0,1,0,0,0,2,1,5.64788E+20,5.76149E+21,9.94376E+15,5.20003E+16
19619,3.17082E+18,3,2,54,45,2017,8,14,6,2,8,1,0,0,0,1,0,0,1,5.61344E+20,5.76444E+21,9.89412E+15,5.20272E+16
19620,3.17081E+18,3,3,56,5,2017,8,7,4,3,1,6,0,1,0,0,0,0,0,4.88076E+20,5.89384E+21,8.82152E+15,5.31937E+16
19621,3.17082E+18,3,2,54,20,2017,8,12,6,3,2,6,0,1,0,0,1,0,1,5.66012E+20,5.78218E+21,9.96559E+15,5.21861E+16
19622,3.17082E+18,3,2,54,29,2017,8,9,6,3,2,6,0,1,0,0,0,0,1,5.75186E+20,5.78241E+21,1.00998E+16,5.21871E+16
19623,3.17081E+18,3,4,4,0,2017,8,15,4,3,2,6,0,1,0,0,0,0,0,4.33743E+20,5.79361E+21,8.02859E+15,5.22888E+16
19624,3.17082E+18,3,2,52,1,2017,8,13,6,3,8,1,0,1,0,0,0,0,1,5.18008E+20,5.76718E+21,9.26263E+15,5.20549E+16
19625,3.17081E+18,3,4,54,35,2017,8,9,7,3,2,2,0,1,0,0,0,0,1,3.8438E+20,5.83958E+21,7.28919E+15,5.26938E+16
19626,3.17082E+18,3,2,52,7,2017,8,15,6,3,2,2,0,1,0,1,0,0,1,5.17069E+20,5.77917E+21,9.24955E+15,5.21628E+16
19627,3.17081E+18,3,1,59,14,2017,8,9,5,3,8,1,0,1,0,0,0,0,1,5.85814E+20,5.71734E+21,1.0239E+16,5.16005E+16
19628,3.17082E+18,3,2,52,6,2017,8,11,6,3,2,6,0,1,0,0,1,0,1,5.24394E+20,5.77301E+21,9.35619E+15,5.21071E+16
19629,3.17081E+18,3,4,54,31,2017,8,14,7,3,8,1,0,1,0,0,0,0,1,4.00947E+20,5.82456E+21,7.53874E+15,5.25621E+16
19630,3.17081E+18,3,3,61,2,2017,8,17,7,3,4,6,1,0,0,0,0,0,1,5.10308E+20,5.8634E+21,9.15332E+15,5.29202E+16
19631,3.17082E+18,3,1,55,9,2017,8,17,6,3,9,1,0,1,0,0,0,0,1,5.63674E+20,5.72199E+21,9.92026E+15,5.16453E+16