OBJECTID,UIDENTSTLA,ULAND,UREGBEZ,UKREIS,UGEMEINDE,UJAHR,UMONAT,USTUNDE,UWOCHENTAG,UKATEGORIE,UART,UTYP1,IstRad,IstPKW,IstFuss,IstKrad,IstSonstig,LICHT,STRZUSTAND,LINREFX,LINREFY,XGCSWGS84,YGCSWGS84
19632,3.17081E+18,3,2,41,12,2017,8,11,5,2,2,6,1,0,0,0,1,0,1,5.38751E+20,5.83049E+21,9.57245E+15,5.26231E+16
19633,3.17081E+18,3,4,54,32,2017,8,15,7,3,3,2,0,1,0,0,0,0,1,3.90671E+20,5.81745E+21,7.38954E+15,5.24962E+16
19634,3.17081E+18,3,3,61,6,2017,8,22,7,3,8,1,0,1,0,0,0,2,0,5.11431E+20,5.87188E+21,9.17032E+15,5.29964E+16
19635,3.17082E+18,3,1,59,16,2017,8,16,6,3,2,6,0,0,0,0,1,0,1,5.6008E+20,5.70821E+21,9.86598E+15,5.15218E+16
19636,3.17081E+18,3,3,53,21,2017,8,16,5,3,2,6,0,1,0,0,0,0,0,5.50861E+20,5.90707E+21,9.76336E+15,5.33104E+16
19637,3.17081E+18,3,4,62,18,2017,8,12,7,3,2,6,0,1,0,0,0,0,1,3.98356E+20,5.93719E+21,7.46494E+15,5.35737E+16
19638,3.17081E+18,3,4,3,0,2017,8,10,7,3,3,7,1,0,0,0,0,0,0,4.46343E+20,5.8914E+21,8.19731E+15,5.31693E+16
19639,3.17082E+18,3,1,59,16,2017,8,14,6,2,6,4,0,1,1,0,1,0,0,5.65253E+20,5.70827E+21,9.94052E+15,5.15218E+16
19640,3.17081E+18,3,3,61,1,2017,8,16,5,3,2,6,0,1,0,0,0,0,0,5.0334E+20,5.87227E+21,9.04976E+15,5.3E+16
19641,3.17081E+18,3,4,52,7,2017,8,12,7,3,2,6,0,1,0,0,1,0,1,3.90242E+20,5.93959E+21,7.34161E+15,5.35936E+16
19642,3.17081E+18,3,2,51,6,2017,8,12,7,3,2,6,0,1,0,0,0,0,0,4.69255E+20,5.82521E+21,8.5463E+15,5.25761E+16
19643,3.1708E+18,3,2,41,15,2017,8,16,6,3,5,2,0,1,0,0,0,0,0,5.43959E+20,5.80615E+21,9.64616E+15,5.24038E+16
19644,3.17081E+18,3,3,51,21,2017,8,5,6,3,2,6,1,1,0,0,0,1,1,5.77123E+20,5.81862E+21,1.01365E+16,5.25123E+16
19645,3.17081E+18,3,3,59,10,2017,8,9,6,3,4,2,0,1,0,0,0,0,1,5.45237E+20,5.92467E+21,9.68147E+15,5.34691E+16
19646,3.17081E+18,3,3,53,5,2017,8,18,3,3,2,6,0,1,0,0,0,0,0,5.54059E+20,5.90882E+21,9.81166E+15,5.33257E+16
19647,3.17081E+18,3,4,53,7,2017,8,1,7,3,8,1,0,1,0,0,0,2,1,4.24127E+20,5.87309E+21,7.86936E+15,5.3002E+16
19648,3.17081E+18,3,4,53,4,2017,8,7,7,3,9,7,0,1,0,0,0,0,1,4.38449E+20,5.85844E+21,8.08553E+15,5.28721E+16
19649,3.17081E+18,3,3,61,12,2017,8,21,7,3,4,6,0,1,0,0,0,2,1,5.14311E+20,5.86615E+21,9.21297E+15,5.29448E+16
19650,3.17081E+18,3,4,51,2,2017,8,17,7,3,5,3,1,1,0,0,0,0,0,4.32832E+20,5.89223E+21,7.99505E+15,5.31752E+16
19651,3.1708E+18,3,2,41,15,2017,8,13,6,3,6,4,0,1,1,0,0,0,0,5.42747E+20,5.8051E+21,9.62821E+15,5.23945E+16
19652,3.17081E+18,3,4,53,5,2017,8,15,7,3,8,1,0,1,0,0,0,0,1,4.4686E+20,5.85191E+21,8.21153E+15,5.28144E+16
19653,3.17081E+18,3,4,58,10,2017,8,12,7,3,2,2,0,1,0,0,0,0,1,4.63128E+20,5.88554E+21,8.44907E+15,5.3118E+16
19654,3.1708E+18,3,2,41,15,2017,8,15,6,3,1,5,1,1,0,0,0,0,0,5.40558E+20,5.80514E+21,9.59605E+15,5.2395E+16
19655,3.17081E+18,3,4,58,11,2017,8,18,7,3,0,1,0,0,0,1,0,0,1,4.78406E+20,5.86726E+21,8.67857E+15,5.29545E+16
19656,3.17081E+18,3,3,53,4,2017,8,10,7,3,5,2,0,1,0,0,0,0,0,5.71245E+20,5.9071E+21,1.00693E+16,5.33083E+16
19657,3.17081E+18,3,3,53,19,2017,8,22,7,3,2,2,0,1,0,0,0,2,1,5.47103E+20,5.91013E+21,9.70742E+15,5.33383E+16
19658,3.17081E+18,3,3,53,5,2017,8,15,7,3,5,3,0,1,0,0,0,0,1,5.57511E+20,5.91183E+21,9.86403E+15,5.33525E+16
19659,3.17082E+18,3,1,57,9,2017,8,12,6,3,1,5,0,1,0,0,0,0,1,5.84892E+20,5.78703E+21,1.02429E+16,5.22271E+16
19660,3.17081E+18,3,3,57,39,2017,8,20,7,3,9,1,0,0,0,1,0,0,1,5.26337E+20,5.88573E+21,9.39353E+15,5.31204E+16
19661,3.17082E+18,3,1,57,6,2017,8,22,6,3,4,6,1,0,0,0,0,2,1,5.85037E+20,5.80197E+21,1.02488E+16,5.23614E+16
19662,3.17081E+18,3,3,51,26,2017,8,16,7,3,5,3,0,1,0,0,0,0,1,5.72391E+20,5.8558E+21,1.00749E+16,5.2847E+16
19663,3.17082E+18,3,1,57,6,2017,8,13,6,3,5,3,0,1,0,1,0,0,1,5.85857E+20,5.79879E+21,1.026E+16,5.23327E+16
19664,3.17081E+18,3,2,41,1,2017,8,12,7,3,5,7,0,1,0,0,0,0,0,5.5635E+20,5.79981E+21,9.82721E+15,5.23457E+16
19665,3.17082E+18,3,1,2,0,2017,8,22,6,3,5,3,0,1,0,0,0,2,1,5.94573E+20,5.7784E+21,1.03822E+16,5.2148E+16
19666,3.1708E+18,3,2,41,2,2017,8,5,6,3,9,6,0,1,0,0,1,0,0,5.38449E+20,5.79894E+21,9.56435E+15,5.23394E+16
19667,3.17081E+18,3,2,41,7,2017,8,13,7,3,9,1,0,1,0,0,0,0,1,5.47282E+20,5.79094E+21,9.69286E+15,5.22669E+16
19668,3.17082E+18,3,1,58,6,2017,8,18,6,3,2,6,0,1,0,0,0,0,1,6.09264E+20,5.78972E+21,1.06005E+16,5.2247E+16
19669,3.17081E+18,3,2,41,7,2017,8,16,7,3,8,7,0,1,0,0,0,0,0,5.48184E+20,5.79626E+21,9.70684E+15,5.23146E+16
19670,3.17081E+18,3,2,41,2,2017,8,10,7,3,8,7,0,1,0,0,0,0,1,5.3476E+20,5.80309E+21,9.51064E+15,5.2377E+16
19671,3.17082E+18,3,1,57,6,2017,8,11,6,2,2,6,0,1,0,0,0,0,1,5.79783E+20,5.80161E+21,1.01716E+16,5.2359E+16
19672,3.17081E+18,3,2,41,11,2017,8,1,7,3,8,1,0,1,0,0,0,2,1,5.66277E+20,5.80542E+21,9.97403E+15,5.2395E+16
19673,3.17081E+18,3,2,41,3,2017,8,13,7,3,9,1,0,1,0,0,0,0,1,5.64987E+20,5.81233E+21,9.95642E+15,5.24573E+16
19674,3.17081E+18,3,2,41,1,2017,8,8,7,3,8,1,0,1,0,0,0,0,1,5.53268E+20,5.80362E+21,9.78258E+15,5.23803E+16
19675,3.17082E+18,3,1,2,0,2017,8,6,6,3,0,1,0,0,0,0,1,0,0,5.93781E+20,5.78168E+21,1.03715E+16,5.21776E+16
19676,3.17082E+18,3,1,57,6,2017,8,6,6,3,2,6,0,0,0,0,1,0,0,5.81379E+20,5.80099E+21,1.01949E+16,5.23531E+16
19677,3.17081E+18,3,2,41,11,2017,8,19,7,3,2,6,0,1,0,0,0,0,0,5.69615E+20,5.80399E+21,1.00228E+16,5.23817E+16
19678,3.17081E+18,3,2,41,1,2017,8,8,4,3,2,6,0,1,0,0,1,0,0,5.48764E+20,5.7998E+21,9.71587E+15,5.23463E+16
19679,3.17082E+18,3,4,59,8,2017,8,14,5,3,5,3,1,1,0,0,0,0,0,4.42034E+20,5.79722E+21,8.14951E+15,5.23222E+16
19680,3.17081E+18,3,2,41,17,2017,8,17,7,3,2,2,0,1,0,0,0,0,1,5.43832E+20,5.78052E+21,9.64096E+15,5.21734E+16
19681,3.17082E+18,3,4,59,11,2017,8,15,5,3,5,3,0,1,0,0,0,0,1,4.06601E+20,5.82451E+21,7.62213E+15,5.25627E+16
19682,3.17081E+18,3,4,3,0,2017,8,7,4,3,5,2,1,1,0,0,0,0,0,4.4673E+20,5.89075E+21,8.20321E+15,5.31635E+16
19683,3.17082E+18,3,4,59,30,2017,8,14,5,3,5,3,1,1,0,0,0,0,1,4.28684E+20,5.83672E+21,7.9452E+15,5.26757E+16
19684,3.17081E+18,3,2,57,32,2017,8,10,7,3,8,7,0,1,0,0,0,0,1,5.264E+20,5.79679E+21,9.38733E+15,5.23208E+16
19685,3.17082E+18,3,4,59,2,2017,8,7,5,2,5,3,0,1,0,0,0,0,0,4.24721E+20,5.82093E+21,7.89019E+15,5.25333E+16
19686,3.17081E+18,3,4,53,13,2017,8,16,4,3,5,2,1,1,0,0,0,0,0,4.11897E+20,5.88812E+21,7.68304E+15,5.31352E+16
19687,3.17082E+18,3,4,4,0,2017,8,17,5,3,0,6,0,1,0,0,1,0,0,4.34464E+20,5.79209E+21,8.03945E+15,5.22753E+16
19688,3.17081E+18,3,2,57,3,2017,8,6,7,3,8,1,0,1,0,0,0,1,1,5.1176E+20,5.78505E+21,9.17213E+15,5.22158E+16
19689,3.17081E+18,3,3,52,61,2017,8,9,7,3,2,2,0,1,0,0,1,0,0,4.71779E+20,5.9488E+21,8.57266E+15,5.36872E+16
19690,3.17082E+18,3,4,57,20,2017,8,13,5,3,5,3,0,1,0,0,0,0,1,4.16581E+20,5.90695E+21,7.74811E+15,5.33052E+16
19691,3.17081E+18,3,1,54,14,2017,8,18,5,2,0,3,0,1,0,0,1,0,0,6.10732E+20,5.79674E+21,1.06243E+16,5.23098E+16
19692,3.17081E+18,3,1,55,13,2017,8,13,7,3,8,1,0,1,0,0,0,0,1,5.59985E+20,5.73703E+21,9.86954E+15,5.17809E+16
19693,3.17081E+18,3,3,58,22,2017,8,23,7,3,3,6,0,1,0,0,1,2,0,5.45802E+20,5.84207E+21,9.67822E+15,5.27265E+16
19694,3.17082E+18,3,4,57,13,2017,8,17,5,3,5,3,0,1,0,1,0,0,1,4.01446E+20,5.90042E+21,7.52309E+15,5.32439E+16
19695,3.17081E+18,3,2,57,31,2017,8,11,5,3,4,6,0,1,0,0,1,0,1,5.06407E+20,5.78284E+21,9.09373E+15,5.2196E+16
19696,3.17081E+18,3,2,57,31,2017,8,15,7,3,9,1,0,1,0,0,0,0,1,5.05434E+20,5.78362E+21,9.07952E+15,5.2203E+16
19697,3.17081E+18,3,3,58,18,2017,8,19,7,3,5,3,0,1,0,0,0,0,0,5.24878E+20,5.84835E+21,9.36887E+15,5.27844E+16
19698,3.17082E+18,3,4,57,16,2017,8,13,5,3,9,1,0,1,0,0,0,0,1,4.02955E+20,5.90239E+21,7.54509E+15,5.32618E+16
19699,3.17081E+18,3,3,60,10,2017,8,17,5,3,9,7,0,1,0,0,0,0,0,5.94281E+20,5.87949E+21,1.04067E+16,5.30566E+16
19700,3.17081E+18,3,2,54,21,2017,8,19,7,3,4,2,0,1,0,0,0,0,0,5.6561E+20,5.77505E+21,9.95833E+15,5.21221E+16
19701,3.17081E+18,3,2,55,14,2017,8,17,7,3,4,1,1,1,0,0,0,0,1,5.27464E+20,5.73028E+21,9.39761E+15,5.17227E+16
19702,3.17081E+18,3,3,57,37,2017,8,17,7,3,2,6,0,1,0,0,0,0,0,5.14201E+20,5.88601E+21,9.21221E+15,5.31233E+16
19703,3.17081E+18,3,2,52,5,2017,8,16,7,3,8,1,0,1,0,0,0,0,1,5.28631E+20,5.76314E+21,9.41722E+15,5.20181E+16
19704,3.17081E+18,3,3,60,2,2017,8,16,7,3,2,6,0,1,0,0,0,0,0,6.03788E+20,5.88227E+21,1.05494E+16,5.30798E+16
19705,3.17081E+18,3,2,52,5,2017,8,10,7,3,4,1,0,1,0,0,0,0,1,5.23257E+20,5.7609E+21,9.33876E+15,5.19983E+16
19706,3.1708E+18,3,2,41,3,2017,8,7,6,3,5,3,0,1,0,0,0,0,0,5.68752E+20,5.81482E+21,1.00123E+16,5.24792E+16
19707,3.1708E+18,3,2,41,3,2017,8,7,6,3,3,2,0,1,0,1,0,0,0,5.69246E+20,5.81014E+21,1.00186E+16,5.24371E+16
19708,3.17081E+18,3,2,54,21,2017,8,15,6,3,2,1,0,1,0,1,0,0,1,5.61499E+20,5.77915E+21,9.89903E+15,5.21594E+16
19709,3.17081E+18,3,2,41,7,2017,8,22,6,3,4,6,1,0,0,0,0,2,1,5.49806E+20,5.79617E+21,9.73063E+15,5.23136E+16
19710,3.17081E+18,3,3,58,21,2017,8,14,6,3,2,6,0,1,0,0,0,0,1,5.57372E+20,5.8689E+21,9.85425E+15,5.29666E+16
19711,3.17081E+18,3,2,57,9,2017,8,16,3,3,5,3,0,1,0,0,0,0,0,5.04202E+20,5.79395E+21,9.06162E+15,5.22959E+16
19712,3.17081E+18,3,2,41,1,2017,8,12,3,3,0,7,0,0,1,0,1,0,0,5.56359E+20,5.8015E+21,9.82764E+15,5.23608E+16
19713,3.17081E+18,3,2,41,1,2017,8,21,7,3,4,2,0,1,0,0,0,2,0,5.49848E+20,5.80392E+21,9.73239E+15,5.23832E+16
19714,3.17081E+18,3,3,58,8,2017,8,17,2,3,4,2,0,1,0,1,0,0,0,5.47127E+20,5.85831E+21,9.70018E+15,5.28725E+16
19715,3.17081E+18,3,2,51,12,2017,8,14,2,3,0,1,0,0,0,1,0,0,1,4.5707E+20,5.83013E+21,8.36586E+15,5.26195E+16
19716,3.17081E+18,3,3,58,22,2017,8,17,6,2,5,3,0,1,0,1,0,0,1,5.36507E+20,5.85539E+21,9.54207E+15,5.2847E+16
19717,3.17081E+18,3,1,59,17,2017,8,15,7,3,4,1,0,1,0,0,0,0,1,5.4772E+20,5.69982E+21,9.6867E+15,5.14476E+16
19718,3.17082E+18,3,4,54,8,2017,8,20,5,3,8,1,0,1,0,0,0,2,1,3.88615E+20,5.86827E+21,7.34203E+15,5.29525E+16
19719,3.17081E+18,3,1,59,25,2017,8,16,7,1,9,1,0,1,0,0,0,0,1,5.86118E+20,5.71121E+21,1.02419E+16,5.15454E+16
19720,3.1708E+18,3,2,41,1,2017,8,20,6,2,8,1,0,1,0,1,0,0,0,5.55321E+20,5.79891E+21,9.81196E+15,5.23377E+16
19721,3.17081E+18,3,1,55,11,2017,8,13,7,3,2,6,0,1,0,0,0,0,1,5.63786E+20,5.72497E+21,9.92243E+15,5.16721E+16
19722,3.17082E+18,3,4,54,47,2017,8,15,5,3,8,7,0,0,0,0,1,0,1,3.98136E+20,5.85263E+21,7.48858E+15,5.28138E+16
19723,3.1708E+18,3,2,41,1,2017,8,15,6,3,2,6,0,1,0,0,0,0,0,5.48692E+20,5.80896E+21,9.71614E+15,5.24287E+16
19724,3.17081E+18,3,1,59,17,2017,8,0,7,3,2,1,0,1,0,0,0,2,1,5.48698E+20,5.69436E+21,9.70001E+15,5.13984E+16
19725,3.17081E+18,3,1,54,19,2017,8,17,7,2,0,1,1,0,0,0,0,0,1,6.3763E+20,5.77667E+21,1.10104E+16,5.21234E+16
19726,3.17082E+18,3,4,56,2,2017,8,11,5,3,8,1,0,1,0,0,0,0,1,3.55876E+20,5.82874E+21,6.87242E+15,5.25895E+16
19727,3.1708E+18,3,2,57,31,2017,8,15,6,3,9,7,0,1,0,0,0,0,0,5.0552E+20,5.7856E+21,9.08081E+15,5.22208E+16
19728,3.17081E+18,3,1,3,0,2017,8,18,7,3,5,3,0,1,0,1,0,0,0,6.19259E+20,5.80696E+21,1.07529E+16,5.23999E+16
19729,3.17081E+18,3,1,2,0,2017,8,15,7,3,2,6,0,1,0,0,0,0,0,5.92721E+20,5.77426E+21,1.0354E+16,5.21111E+16
19730,3.17081E+18,3,1,57,8,2017,8,17,7,3,1,1,1,1,0,0,0,0,0,5.93586E+20,5.79775E+21,1.03731E+16,5.23221E+16
19731,3.17081E+18,3,1,51,36,2017,8,17,7,3,9,1,0,1,0,0,0,0,1,6.14356E+20,5.82972E+21,1.06887E+16,5.26054E+16
19732,3.17081E+18,3,4,59,21,2017,8,15,6,3,2,6,0,1,0,0,0,0,0,4.2965E+20,5.79139E+21,7.96905E+15,5.22684E+16
19733,3.17082E+18,3,4,56,15,2017,8,13,5,3,0,7,0,1,0,0,0,0,0,3.69895E+20,5.81225E+21,7.08569E+15,5.24449E+16
19734,3.17082E+18,3,4,54,26,2017,8,19,5,3,8,1,0,1,0,0,0,0,1,4.02614E+20,5.84531E+21,7.55718E+15,5.27489E+16
19735,3.17081E+18,3,4,59,14,2017,8,17,6,3,2,6,0,1,0,0,0,0,1,4.34419E+20,5.80591E+21,8.0361E+15,5.23995E+16
19736,3.17081E+18,3,1,57,6,2017,8,17,4,3,5,3,1,1,0,0,0,0,0,5.82833E+20,5.79607E+21,1.0215E+16,5.23087E+16
19737,3.17082E+18,3,4,54,19,2017,8,4,5,3,9,1,0,1,0,0,0,2,0,3.97195E+20,5.83576E+21,7.47992E+15,5.2662E+16
19738,3.17081E+18,3,4,59,6,2017,8,14,6,2,4,2,0,1,0,0,0,0,1,4.43131E+20,5.77284E+21,8.1697E+15,5.21032E+16
19739,3.17082E+18,3,4,54,46,2017,8,20,5,3,8,1,0,1,0,0,0,1,1,4.02291E+20,5.80774E+21,7.56348E+15,5.24111E+16
19740,3.17081E+18,3,2,56,30,2017,8,14,4,3,2,6,0,1,0,0,0,0,0,4.96918E+20,5.82769E+21,8.9545E+15,5.25993E+16
19741,3.17082E+18,3,4,54,18,2017,8,19,5,3,9,1,0,1,0,0,0,0,1,3.78358E+20,5.85343E+21,7.19499E+15,5.28169E+16
19742,3.17081E+18,3,4,59,13,2017,8,7,6,3,4,2,0,1,0,0,0,0,1,4.53069E+20,5.8099E+21,8.30963E+15,5.24373E+16
19743,3.17081E+18,3,4,57,22,2017,8,19,6,2,8,1,0,1,0,0,0,0,0,3.91633E+20,5.88664E+21,7.38076E+15,5.31181E+16
19744,3.17082E+18,3,4,54,32,2017,8,16,5,3,2,6,0,1,0,0,0,0,1,3.85225E+20,5.8194E+21,7.30868E+15,5.25126E+16
19745,3.17081E+18,3,3,58,22,2017,8,13,4,2,5,3,0,1,0,0,0,0,0,5.40889E+20,5.85249E+21,9.60678E+15,5.28206E+16
19746,3.17082E+18,3,4,52,23,2017,8,18,5,3,5,3,1,1,0,0,0,0,1,3.91229E+20,5.92859E+21,7.36034E+15,5.3495E+16
19747,3.17081E+18,3,4,54,41,2017,8,15,6,3,5,3,0,1,0,0,0,0,0,3.90477E+20,5.88378E+21,7.36446E+15,5.30922E+16
19748,3.17081E+18,3,2,41,5,2017,8,9,7,3,5,3,0,1,0,1,0,0,0,5.42E+20,5.80635E+21,9.6174E+15,5.24058E+16
19749,3.17082E+18,3,4,55,26,2017,8,7,5,3,3,6,1,0,0,0,0,0,0,4.42688E+20,5.91647E+21,8.13813E+15,5.33942E+16
19750,3.17081E+18,3,4,5,0,2017,8,16,4,3,2,6,0,1,0,0,0,0,0,4.36583E+20,5.93109E+21,8.04338E+15,5.35249E+16
19751,3.17081E+18,3,4,54,19,2017,8,20,6,2,8,7,0,1,0,0,0,1,1,3.94645E+20,5.83532E+21,7.44236E+15,5.26576E+16
19752,3.17081E+18,3,2,41,19,2017,8,13,7,3,9,1,0,1,0,0,0,0,1,5.50594E+20,5.82076E+21,9.74589E+15,5.25345E+16
19753,3.17082E+18,3,3,56,8,2017,8,16,5,3,0,3,1,0,0,1,0,0,1,4.83458E+20,5.89392E+21,8.75239E+15,5.31944E+16
19754,3.17081E+18,3,4,59,2,2017,8,13,4,3,2,2,0,1,0,0,0,0,0,4.24081E+20,5.82199E+21,7.88052E+15,5.25427E+16
19755,3.17081E+18,3,4,60,8,2017,8,13,6,3,2,2,0,1,0,0,0,0,1,4.49369E+20,5.82743E+21,8.25253E+15,5.25945E+16
19756,3.17081E+18,3,2,41,16,2017,8,11,7,3,5,3,0,1,0,0,0,0,1,5.63404E+20,5.79993E+21,9.93078E+15,5.2346E+16
19757,3.17081E+18,3,2,52,6,2017,8,13,5,3,2,2,0,1,1,0,0,0,0,5.25316E+20,5.77266E+21,9.36962E+15,5.2104E+16
19758,3.17081E+18,3,4,55,26,2017,8,11,6,3,6,2,0,1,1,0,0,0,1,4.42477E+20,5.91655E+21,8.13494E+15,5.33949E+16
19759,3.17081E+18,3,2,41,11,2017,8,9,7,3,0,1,1,0,0,0,0,0,0,5.72126E+20,5.80551E+21,1.006E+16,5.23951E+16
19760,3.17081E+18,3,2,41,4,2017,8,15,7,3,4,2,0,1,0,1,0,0,1,5.57122E+20,5.81601E+21,9.84131E+15,5.24912E+16
19761,3.1708E+18,3,1,55,13,2017,8,15,6,2,0,2,0,0,0,1,0,0,0,5.57197E+20,5.74681E+21,9.83074E+15,5.18691E+16
19762,3.17081E+18,3,1,51,40,2017,8,21,6,3,8,1,0,0,0,0,1,2,1,6.19584E+20,5.84135E+21,1.07701E+16,5.27089E+16
19763,3.17081E+18,3,2,52,3,2017,8,14,6,3,5,3,0,1,0,0,0,0,1,5.1833E+20,5.75917E+21,9.26691E+15,5.19829E+16
19764,3.17081E+18,3,2,57,31,2017,8,14,6,3,8,1,0,0,0,0,1,0,1,5.09466E+20,5.78551E+21,9.13856E+15,5.22199E+16
19765,3.17082E+18,3,4,54,41,2017,8,14,2,2,5,3,1,1,0,0,0,0,0,3.91416E+20,5.88242E+21,7.37895E+15,5.30802E+16
19766,3.17082E+18,3,4,62,19,2017,8,17,2,1,2,6,0,0,0,1,1,0,0,4.18669E+20,5.94995E+21,7.76829E+15,5.36919E+16
19767,3.17082E+18,3,4,52,14,2017,8,13,2,3,0,7,0,1,0,0,1,0,0,3.74318E+20,5.92168E+21,7.10832E+15,5.34292E+16
19768,3.17082E+18,3,4,52,12,2017,8,16,2,3,2,6,0,1,0,0,0,0,0,3.95013E+20,5.92286E+21,7.41928E+15,5.34443E+16
19769,3.17082E+18,3,4,60,4,2017,8,13,2,3,5,2,0,1,0,0,0,0,0,4.5614E+20,5.84504E+21,8.35014E+15,5.27534E+16
19770,3.17082E+18,3,4,60,1,2017,8,18,2,2,4,6,0,1,0,0,0,0,0,4.48964E+20,5.84217E+21,8.24427E+15,5.2727E+16
19771,3.17082E+18,3,4,53,4,2017,8,9,2,2,4,2,0,1,0,0,0,0,0,4.36832E+20,5.85726E+21,8.06174E+15,5.28614E+16
19772,3.17082E+18,3,4,55,26,2017,8,15,2,2,2,6,0,1,0,0,1,0,0,4.39622E+20,5.91329E+21,8.09264E+15,5.33653E+16
19773,3.17082E+18,3,4,5,0,2017,8,21,2,3,4,2,0,1,0,0,0,2,0,4.39882E+20,5.93146E+21,8.09307E+15,5.35286E+16
19774,3.17082E+18,3,3,56,9,2017,8,18,2,3,4,2,0,1,0,0,0,0,0,4.72314E+20,5.89638E+21,8.58538E+15,5.3216E+16
19775,3.17082E+18,3,4,51,1,2017,8,7,2,3,8,1,0,1,0,0,0,0,1,4.19497E+20,5.89811E+21,7.79411E+15,5.32262E+16
19776,3.17082E+18,3,4,51,5,2017,8,17,2,3,5,3,1,1,0,0,0,0,0,4.50341E+20,5.89774E+21,8.25613E+15,5.32266E+16
19777,3.17082E+18,3,4,51,8,2017,8,16,2,3,5,3,0,1,0,0,0,0,0,4.42073E+20,5.89448E+21,8.13289E+15,5.31965E+16
19778,3.17082E+18,3,4,51,8,2017,8,10,2,2,5,3,0,1,0,0,1,0,1,4.38742E+20,5.90483E+21,8.08104E+15,5.32892E+16
19779,3.17082E+18,3,2,51,37,2017,8,7,2,2,5,3,0,1,0,0,1,0,0,4.85002E+20,5.87213E+21,8.77653E+15,5.29985E+16
19780,3.17082E+18,3,4,1,0,2017,8,7,2,3,1,5,0,1,0,0,1,0,0,4.769E+20,5.87787E+21,8.65539E+15,5.30498E+16
19781,3.17082E+18,3,4,1,0,2017,8,11,2,3,3,2,1,1,0,0,0,0,0,4.76158E+20,5.87767E+21,8.64434E+15,5.3048E+16
19782,3.17082E+18,3,3,52,11,2017,8,13,2,3,2,6,0,1,0,0,1,0,0,4.82598E+20,5.96591E+21,8.73552E+15,5.38415E+16
19783,3.17082E+18,3,3,53,31,2017,8,13,2,3,2,6,0,1,0,0,1,0,0,5.68401E+20,5.92219E+21,1.00298E+16,5.34443E+16
19784,3.17082E+18,3,3,53,5,2017,8,14,2,3,2,6,0,1,0,0,1,0,0,5.58695E+20,5.91155E+21,9.88176E+15,5.33498E+16
19785,3.17082E+18,3,3,59,1,2017,8,7,2,3,5,3,0,1,0,0,1,0,0,5.3502E+20,5.93508E+21,9.52874E+15,5.35635E+16
19786,3.17082E+18,3,3,59,3,2017,8,16,2,3,2,6,0,1,0,0,0,0,0,5.41141E+20,5.92093E+21,9.6193E+15,5.34358E+16
19787,3.17082E+18,3,3,58,22,2017,8,17,2,3,5,3,0,1,0,0,0,0,0,5.40005E+20,5.8514E+21,9.59352E+15,5.28109E+16
19788,3.17082E+18,3,3,58,22,2017,8,12,2,3,3,5,0,1,0,1,0,0,0,5.3961E+20,5.85698E+21,9.58833E+15,5.28611E+16
19789,3.17082E+18,3,3,58,21,2017,8,17,2,3,5,3,1,1,0,0,0,0,0,5.57752E+20,5.87114E+21,9.8603E+15,5.29867E+16
19790,3.17082E+18,3,3,57,13,2017,8,17,2,3,3,6,0,1,0,0,0,0,0,5.22185E+20,5.89765E+21,9.33233E+15,5.32277E+16
19791,3.17082E+18,3,3,60,23,2017,8,11,2,2,9,1,0,0,0,1,0,0,0,5.96817E+20,5.86337E+21,1.04397E+16,5.29113E+16
19792,3.17082E+18,3,2,41,1,2017,8,14,2,3,2,6,0,1,0,0,1,0,0,5.48514E+20,5.8016E+21,9.71245E+15,5.23625E+16
19793,3.17082E+18,3,2,41,7,2017,8,17,2,3,7,7,0,1,0,1,1,0,0,5.48735E+20,5.79388E+21,9.71458E+15,5.22931E+16
19794,3.17082E+18,3,2,41,12,2017,8,16,2,3,2,6,0,1,0,0,0,0,0,5.32088E+20,5.81739E+21,9.47275E+15,5.25057E+16
19795,3.17082E+18,3,2,41,12,2017,8,12,2,3,2,6,0,1,0,0,0,0,0,5.31428E+20,5.81822E+21,9.46311E+15,5.25132E+16
19796,3.17082E+18,3,2,41,5,2017,8,7,2,3,1,5,0,1,0,0,0,0,0,5.39884E+20,5.80749E+21,9.58642E+15,5.24161E+16
19797,3.17082E+18,3,2,41,16,2017,8,15,2,3,5,3,0,1,0,0,0,0,0,5.61535E+20,5.80082E+21,9.90352E+15,5.23543E+16
19798,3.17082E+18,3,2,41,10,2017,8,15,2,3,2,6,0,1,0,0,0,0,0,5.45856E+20,5.81033E+21,9.67462E+15,5.24413E+16
19799,3.17082E+18,3,2,41,11,2017,8,16,2,3,2,6,0,0,0,0,1,0,0,5.64114E+20,5.80507E+21,9.94218E+15,5.23922E+16
19800,3.17082E+18,3,2,41,11,2017,8,14,2,3,3,6,0,1,0,0,0,0,0,5.73417E+20,5.80236E+21,1.00783E+16,5.23666E+16
19801,3.17082E+18,3,2,41,1,2017,8,10,2,3,8,7,0,0,0,0,1,0,0,5.53E+20,5.81949E+21,9.78117E+15,5.25229E+16
19802,3.17082E+18,3,2,41,2,2017,8,7,2,2,5,2,0,1,0,1,0,0,0,5.3248E+20,5.80423E+21,9.47725E+15,5.23873E+16
19803,3.17082E+18,3,1,55,1,2017,8,16,2,3,2,6,0,1,0,0,0,0,0,5.71489E+20,5.75079E+21,1.00391E+16,5.19033E+16
19804,3.17082E+18,3,2,57,31,2017,8,10,2,3,5,3,0,1,0,0,0,0,0,5.04767E+20,5.78013E+21,9.0697E+15,5.21716E+16
19805,3.17082E+18,3,2,54,28,2017,8,13,2,3,2,7,0,1,0,0,1,0,0,5.62677E+20,5.79014E+21,9.91829E+15,5.22581E+16