OBJECTID,UIDENTSTLA,ULAND,UREGBEZ,UKREIS,UGEMEINDE,UJAHR,UMONAT,USTUNDE,UWOCHENTAG,UKATEGORIE,UART,UTYP1,IstRad,IstPKW,IstFuss,IstKrad,IstSonstig,LICHT,STRZUSTAND,LINREFX,LINREFY,XGCSWGS84,YGCSWGS84
19980,3.17082E+18,3,4,3,0,2017,8,12,3,3,2,6,0,1,0,0,0,0,0,4.47376E+20,5.88549E+21,8.21374E+15,5.31162E+16
19981,3.17082E+18,3,2,51,37,2017,8,17,3,3,1,5,0,1,0,0,0,0,0,4.84391E+20,5.87187E+21,8.76743E+15,5.29961E+16
19982,3.17082E+18,3,2,51,14,2017,8,15,3,2,2,6,1,1,0,0,0,0,0,4.70927E+20,5.84469E+21,8.56926E+15,5.27512E+16
19983,3.17082E+18,3,4,58,3,2017,8,12,3,1,0,3,0,1,0,0,1,0,0,4.61431E+20,5.86559E+21,8.4261E+15,5.29386E+16
19984,3.17082E+18,3,4,1,0,2017,8,16,3,3,6,4,1,0,1,0,0,0,0,4.77278E+20,5.87823E+21,8.661E+15,5.30531E+16
19985,3.17082E+18,3,3,52,11,2017,8,8,3,2,8,1,0,0,0,0,1,0,0,4.80243E+20,5.96509E+21,8.69978E+15,5.3834E+16
19986,3.17082E+18,3,4,54,14,2017,8,13,2,3,3,2,0,1,0,1,0,0,0,3.8037E+20,5.82838E+21,7.23394E+15,5.25923E+16
19987,3.17082E+18,3,4,60,1,2017,8,12,1,2,5,3,1,1,0,0,0,0,0,4.48411E+20,5.84217E+21,8.23609E+15,5.27269E+16
19988,3.17082E+18,3,3,59,25,2017,8,10,3,3,5,3,0,1,0,0,0,0,0,5.20682E+20,5.94042E+21,9.31262E+15,5.36122E+16
19989,3.17082E+18,3,3,59,38,2017,8,7,3,3,9,1,0,1,0,0,0,0,0,5.31802E+20,5.9326E+21,9.4799E+15,5.35413E+16
19990,3.17082E+18,3,3,58,8,2017,8,13,3,3,5,3,1,1,0,0,0,0,0,5.46782E+20,5.85761E+21,9.69495E+15,5.28662E+16
19991,3.17082E+18,3,4,55,26,2017,8,15,1,3,9,1,0,1,0,0,0,0,1,4.39415E+20,5.91625E+21,8.08895E+15,5.33919E+16
19992,3.17082E+18,3,4,5,0,2017,8,7,1,3,1,5,0,1,0,0,0,0,1,4.42023E+20,5.93214E+21,8.12523E+15,5.3535E+16
19993,3.17082E+18,3,3,61,1,2017,8,21,1,3,5,3,0,1,0,0,0,2,1,5.04391E+20,5.8746E+21,9.06546E+15,5.30209E+16
19994,3.17082E+18,3,3,58,21,2017,8,11,3,3,9,1,0,1,0,0,0,0,0,5.56816E+20,5.86519E+21,9.84531E+15,5.29334E+16
19995,3.17082E+18,3,3,57,35,2017,8,13,3,3,1,5,0,0,0,0,1,0,0,5.05754E+20,5.92743E+21,9.08673E+15,5.34958E+16
19996,3.17082E+18,3,3,60,25,2017,8,15,3,3,5,2,0,1,0,0,0,0,0,6.05717E+20,5.8691E+21,1.05739E+16,5.29611E+16
19997,3.17082E+18,3,3,51,24,2017,8,15,3,3,8,1,0,1,0,0,0,0,0,5.60204E+20,5.83709E+21,9.89054E+15,5.26804E+16
19998,3.17082E+18,3,2,41,6,2017,8,15,3,3,2,6,0,1,0,0,0,0,0,5.38492E+20,5.79713E+21,9.56477E+15,5.23231E+16
19999,3.17082E+18,3,2,41,1,2017,8,18,3,3,2,6,0,0,0,0,1,0,0,5.51588E+20,5.80881E+21,9.75871E+15,5.24271E+16
20000,3.17082E+18,3,2,41,1,2017,8,14,3,3,0,7,0,1,0,1,0,0,0,5.54019E+20,5.80266E+21,9.79346E+15,5.23715E+16
20001,3.17082E+18,3,2,41,1,2017,8,15,3,3,2,6,0,1,0,0,1,0,0,5.57068E+20,5.80786E+21,9.83912E+15,5.24179E+16
20002,3.17082E+18,3,2,41,1,2017,8,12,3,3,5,2,1,1,0,0,0,0,0,5.53963E+20,5.80753E+21,9.79342E+15,5.24153E+16
20003,3.17082E+18,3,2,41,1,2017,8,8,3,3,2,6,0,1,0,0,0,0,0,5.46692E+20,5.80906E+21,9.68674E+15,5.24298E+16
20004,3.17082E+18,3,2,41,1,2017,8,6,3,3,5,2,0,1,0,1,0,0,0,5.46983E+20,5.8082E+21,9.6909E+15,5.2422E+16
20005,3.17082E+18,3,3,61,2,2017,8,17,1,3,0,1,0,0,0,1,0,0,1,5.10579E+20,5.86268E+21,9.15732E+15,5.29137E+16
20006,3.17082E+18,3,4,51,2,2017,8,19,1,3,9,1,0,1,0,0,0,1,1,4.41356E+20,5.89118E+21,8.12277E+15,5.31668E+16
20007,3.17082E+18,3,1,59,36,2017,8,16,3,3,2,6,0,1,0,0,0,0,0,6.09751E+20,5.72141E+21,1.05858E+16,5.1633E+16
20008,3.17082E+18,3,2,56,24,2017,8,14,3,3,6,6,0,0,1,0,1,0,0,4.9408E+20,5.80798E+21,8.91294E+15,5.2422E+16
20009,3.17082E+18,3,2,57,31,2017,8,12,3,2,4,6,0,1,0,1,0,0,0,5.00916E+20,5.77898E+21,9.01339E+15,5.21613E+16
20010,3.17082E+18,3,2,57,12,2017,8,14,3,2,3,6,0,0,0,1,1,0,0,5.0724E+20,5.78617E+21,9.106E+15,5.22259E+16
20011,3.17082E+18,3,2,57,6,2017,8,9,3,3,1,7,0,1,0,1,0,0,0,5.24989E+20,5.79746E+21,9.36668E+15,5.23269E+16
20012,3.17082E+18,3,2,54,5,2017,8,15,3,3,5,3,0,1,0,1,0,0,0,5.70434E+20,5.77198E+21,1.00281E+16,5.20939E+16
20013,3.17082E+18,3,2,41,16,2017,8,7,3,3,3,6,0,1,0,0,1,0,0,5.60228E+20,5.79469E+21,9.88323E+15,5.22992E+16
20014,3.17082E+18,3,1,59,21,2017,8,14,3,3,1,1,0,1,0,0,1,0,0,5.5522E+20,5.70127E+21,9.79484E+15,5.14599E+16
20015,3.17082E+18,3,1,59,17,2017,8,17,3,3,2,6,0,1,0,0,0,0,0,5.47614E+20,5.69432E+21,9.68443E+15,5.13981E+16
20016,3.17082E+18,3,2,51,26,2017,8,1,1,3,0,1,1,0,0,0,0,2,0,5.0595E+20,5.86018E+21,9.08844E+15,5.28913E+16
20017,3.17082E+18,3,2,51,41,2017,8,12,1,2,8,1,0,1,0,0,0,0,1,4.84489E+20,5.86647E+21,8.76915E+15,5.29476E+16
20018,3.17082E+18,3,4,1,0,2017,8,11,1,3,2,2,0,1,0,1,0,0,1,4.78683E+20,5.8787E+21,8.68193E+15,5.30574E+16
20019,3.17082E+18,3,1,59,16,2017,8,10,3,3,3,2,1,1,0,0,0,0,0,5.60404E+20,5.70831E+21,9.87066E+15,5.15227E+16
20020,3.17082E+18,3,1,3,0,2017,8,16,3,2,4,6,0,1,0,0,0,0,0,6.13753E+20,5.81094E+21,1.06734E+16,5.24368E+16
20021,3.17082E+18,3,1,58,6,2017,8,7,3,3,9,1,0,1,0,0,0,0,0,6.16311E+20,5.79031E+21,1.07038E+16,5.22508E+16
20022,3.17082E+18,3,1,57,2,2017,8,19,3,2,8,1,0,0,0,1,0,1,0,5.73097E+20,5.79218E+21,1.00714E+16,5.22751E+16
20023,3.17082E+18,3,1,57,9,2017,8,8,3,3,5,7,1,1,0,0,0,0,0,5.81856E+20,5.79284E+21,1.01999E+16,5.22798E+16
20024,3.17082E+18,3,1,57,1,2017,8,6,3,2,0,6,0,1,0,0,0,0,0,5.77832E+20,5.80384E+21,1.01435E+16,5.23793E+16
20025,3.17082E+18,3,1,51,23,2017,8,17,3,3,5,3,0,1,0,0,0,0,0,6.04263E+20,5.80847E+21,1.05331E+16,5.24165E+16
20026,3.17082E+18,3,1,1,0,2017,8,16,3,3,5,3,0,1,0,0,0,0,0,5.99939E+20,5.78875E+21,1.04637E+16,5.22401E+16
20027,3.17082E+18,3,4,59,24,2017,8,19,2,2,8,1,0,0,0,1,0,0,0,4.53057E+20,5.78825E+21,8.31248E+15,5.22426E+16
20028,3.17082E+18,3,4,59,24,2017,8,18,2,2,0,2,0,1,0,1,0,0,0,4.55308E+20,5.7843E+21,8.34597E+15,5.22073E+16
20029,3.17082E+18,3,4,59,24,2017,8,17,2,3,5,2,0,1,0,1,0,0,0,4.61949E+20,5.78117E+21,8.44349E+15,5.21797E+16
20030,3.17082E+18,3,3,53,31,2017,8,16,1,3,8,1,0,0,0,1,0,0,1,5.69631E+20,5.90945E+21,1.00456E+16,5.33296E+16
20031,3.17082E+18,3,2,41,12,2017,8,17,1,3,0,1,1,0,0,0,0,0,0,5.3203E+20,5.81721E+21,9.47189E+15,5.25041E+16
20032,3.17082E+18,3,3,58,8,2017,8,10,1,3,2,6,0,1,0,0,0,0,0,5.55853E+20,5.86462E+21,9.83089E+15,5.29283E+16
20033,3.17082E+18,3,4,4,0,2017,8,15,2,2,2,6,0,1,0,0,0,0,0,4.32896E+20,5.7943E+21,8.01604E+15,5.22949E+16
20034,3.17082E+18,3,4,4,0,2017,8,13,2,3,3,2,1,1,0,0,0,0,0,4.3386E+20,5.7935E+21,8.03033E+15,5.22879E+16
20035,3.17083E+18,3,4,59,24,2017,8,14,2,3,0,2,0,0,0,1,0,0,0,4.54457E+20,5.78449E+21,8.33349E+15,5.2209E+16
20036,3.17083E+18,3,2,41,12,2017,8,15,5,3,5,3,0,1,0,0,0,0,0,5.19982E+20,5.81568E+21,9.2943E+15,5.24909E+16
20037,3.17083E+18,3,2,41,19,2017,8,12,5,3,0,7,0,1,0,0,0,0,0,5.51765E+20,5.82217E+21,9.76338E+15,5.25471E+16
20038,3.17083E+18,3,2,41,16,2017,8,16,5,3,5,3,1,1,0,0,0,0,0,5.65692E+20,5.7964E+21,9.96367E+15,5.2314E+16
20039,3.17083E+18,3,2,41,3,2017,8,13,5,3,5,3,1,1,0,0,0,0,0,5.67797E+20,5.81183E+21,9.99767E+15,5.24524E+16
20040,3.17083E+18,3,2,41,3,2017,8,13,5,3,5,3,0,1,0,1,0,0,0,5.68545E+20,5.81561E+21,1.00095E+16,5.24863E+16
20041,3.17083E+18,3,2,41,2,2017,8,14,5,3,2,6,0,0,0,0,1,0,0,5.30095E+20,5.80186E+21,9.442E+15,5.23662E+16
20042,3.17083E+18,3,2,41,1,2017,8,11,5,3,5,2,0,1,0,0,0,0,1,5.48656E+20,5.80144E+21,9.71452E+15,5.23611E+16
20043,3.17083E+18,3,2,41,1,2017,8,11,5,2,5,3,1,1,0,0,0,0,1,5.56343E+20,5.80022E+21,9.82719E+15,5.23494E+16
20044,3.17083E+18,3,2,41,1,2017,8,7,5,3,5,2,1,1,0,0,0,0,0,5.5395E+20,5.80753E+21,9.79323E+15,5.24153E+16
20045,3.17083E+18,3,1,59,19,2017,8,16,5,2,2,6,0,1,0,1,0,0,1,5.92294E+20,5.72354E+21,1.03342E+16,5.16553E+16
20046,3.17083E+18,3,1,55,10,2017,8,14,5,3,2,6,0,1,0,0,0,0,0,5.67464E+20,5.71893E+21,9.97444E+15,5.16174E+16
20047,3.17083E+18,3,2,57,33,2017,8,16,5,2,2,6,0,1,0,0,0,0,0,5.18591E+20,5.80366E+21,9.27315E+15,5.23829E+16
20048,3.17083E+18,3,2,57,35,2017,8,6,5,3,5,3,0,1,0,0,0,0,0,5.18343E+20,5.79639E+21,9.2691E+15,5.23175E+16
20049,3.17083E+18,3,2,57,31,2017,8,11,5,3,0,7,1,1,0,0,0,0,1,5.06241E+20,5.78295E+21,9.09131E+15,5.2197E+16
20050,3.17083E+18,3,2,54,43,2017,8,20,5,3,5,3,0,1,0,1,0,0,0,5.51424E+20,5.7704E+21,9.75044E+15,5.20818E+16
20051,3.17083E+18,3,2,54,21,2017,8,16,5,3,5,3,1,1,0,0,0,0,0,5.66101E+20,5.7791E+21,9.96629E+15,5.21584E+16
20052,3.17083E+18,3,2,54,21,2017,8,15,5,3,5,3,1,1,0,0,0,0,0,5.66115E+20,5.77686E+21,9.96606E+15,5.21383E+16
20053,3.17083E+18,3,2,55,16,2017,8,12,5,3,4,1,0,1,0,0,0,0,1,5.37892E+20,5.76121E+21,9.55196E+15,5.20002E+16
20054,3.17083E+18,3,2,55,17,2017,8,10,5,3,9,1,0,1,0,0,0,0,1,5.32015E+20,5.76017E+21,9.46626E+15,5.19913E+16
20055,3.17083E+18,3,1,59,29,2017,8,16,5,3,2,6,0,1,0,0,0,0,0,5.60082E+20,5.7006E+21,9.8647E+15,5.14534E+16
20056,3.17083E+18,3,1,57,9,2017,8,12,5,3,5,3,1,1,0,0,0,0,0,5.81867E+20,5.79103E+21,1.01996E+16,5.22635E+16
20057,3.17083E+18,3,1,51,27,2017,8,9,5,3,5,3,0,1,0,0,0,0,0,5.95979E+20,5.80064E+21,1.04091E+16,5.23476E+16
20058,3.17083E+18,3,1,51,2,2017,8,9,5,3,5,3,0,1,0,0,0,0,0,6.20736E+20,5.82202E+21,1.07801E+16,5.25349E+16
20059,3.17083E+18,3,1,51,9,2017,8,13,5,3,5,3,0,1,0,0,0,0,1,6.00732E+20,5.81586E+21,1.04834E+16,5.24836E+16
20060,3.17083E+18,3,1,1,0,2017,8,12,5,3,8,1,0,1,0,0,0,0,1,6.00845E+20,5.79528E+21,1.04789E+16,5.22986E+16
20061,3.17083E+18,3,1,1,0,2017,8,15,5,3,0,7,0,0,0,1,1,0,1,6.02461E+20,5.7922E+21,1.05016E+16,5.22707E+16
20062,3.17083E+18,3,4,59,24,2017,8,18,4,3,5,3,0,1,0,0,0,0,0,4.53613E+20,5.79047E+21,8.32031E+15,5.22627E+16
20063,3.17083E+18,3,4,59,13,2017,8,7,4,3,5,3,0,1,0,0,0,0,0,4.50692E+20,5.80987E+21,8.27467E+15,5.24368E+16
20064,3.17083E+18,3,4,59,30,2017,8,14,4,3,8,1,0,1,0,0,1,0,0,4.33193E+20,5.83651E+21,8.01192E+15,5.26744E+16
20065,3.17083E+18,3,4,4,0,2017,8,18,4,3,5,3,0,1,0,0,1,0,0,4.37217E+20,5.79032E+21,8.08013E+15,5.22597E+16
20066,3.17083E+18,3,4,54,41,2017,8,16,4,3,6,6,1,0,1,0,0,0,0,3.87643E+20,5.87915E+21,7.32379E+15,5.30501E+16
20067,3.17083E+18,3,4,54,41,2017,8,16,4,3,2,6,0,1,0,0,0,0,1,3.94767E+20,5.88236E+21,7.42897E+15,5.30804E+16
20068,3.17083E+18,3,4,54,32,2017,8,13,4,3,0,3,0,1,1,0,0,0,0,3.85711E+20,5.81976E+21,7.3157E+15,5.2516E+16
20069,3.17083E+18,3,4,54,32,2017,8,16,4,3,5,3,0,1,0,1,0,0,0,3.86604E+20,5.82044E+21,7.32864E+15,5.25222E+16
20070,3.17083E+18,3,4,60,8,2017,8,15,4,3,2,2,0,1,0,0,0,0,0,4.46504E+20,5.82537E+21,8.21058E+15,5.25757E+16
20071,3.17083E+18,3,4,53,4,2017,8,10,4,3,5,3,0,1,0,0,0,0,0,4.36725E+20,5.85708E+21,8.06019E+15,5.28597E+16
20072,3.17083E+18,3,4,55,15,2017,8,9,4,3,8,7,0,1,0,0,0,0,1,4.30713E+20,5.92977E+21,7.95514E+15,5.35123E+16
20073,3.17083E+18,3,3,61,12,2017,8,13,4,3,2,6,1,0,0,0,0,0,0,5.15638E+20,5.86612E+21,9.23272E+15,5.29445E+16
20074,3.17083E+18,3,3,61,12,2017,8,7,4,3,5,3,1,1,0,0,0,0,0,5.15955E+20,5.86703E+21,9.23748E+15,5.29527E+16
20075,3.17083E+18,3,3,61,12,2017,8,9,4,3,5,2,0,1,0,0,0,0,0,5.14767E+20,5.86326E+21,9.21962E+15,5.29188E+16
20076,3.17083E+18,3,4,51,2,2017,8,16,4,2,9,1,0,1,0,0,0,0,0,4.38265E+20,5.89615E+21,8.07557E+15,5.32111E+16
20077,3.17083E+18,3,4,51,2,2017,8,14,4,3,0,7,1,0,0,0,0,0,1,4.34382E+20,5.89284E+21,8.01812E+15,5.31809E+16
20078,3.17083E+18,3,4,51,2,2017,8,10,4,2,4,6,0,1,0,0,0,0,0,4.35963E+20,5.89275E+21,8.04178E+15,5.31803E+16
20079,3.17083E+18,3,2,51,41,2017,8,17,4,3,4,2,0,1,0,0,0,0,0,4.86668E+20,5.86297E+21,8.80172E+15,5.29163E+16
20080,3.17083E+18,3,4,58,5,2017,8,7,4,3,8,6,0,1,0,0,1,0,0,4.72424E+20,5.87397E+21,8.58896E+15,5.30145E+16
20081,3.17083E+18,3,3,52,32,2017,8,11,4,3,6,4,0,1,1,0,0,0,0,4.73697E+20,5.92218E+21,8.60396E+15,5.3448E+16
20082,3.17083E+18,3,3,52,62,2017,8,6,4,3,4,6,0,0,0,0,1,1,0,4.85181E+20,5.94101E+21,8.77598E+15,5.36177E+16
20083,3.17083E+18,3,3,52,25,2017,8,23,4,3,8,6,0,1,0,0,1,2,1,4.95802E+20,5.95343E+21,8.93637E+15,5.37295E+16
20084,3.17083E+18,3,3,53,31,2017,8,11,4,3,2,2,0,1,0,0,0,0,0,5.67247E+20,5.9157E+21,1.00111E+16,5.33861E+16
20085,3.17083E+18,3,3,59,6,2017,8,17,4,3,2,2,0,1,0,0,0,0,0,5.40961E+20,5.91828E+21,9.61624E+15,5.3412E+16
20086,3.17083E+18,3,3,59,10,2017,8,21,4,3,4,2,0,1,0,0,0,2,0,5.48609E+20,5.92306E+21,9.73203E+15,5.34543E+16
20087,3.17083E+18,3,3,59,31,2017,8,5,4,3,4,6,0,0,0,0,1,2,0,5.22773E+20,5.92487E+21,9.34309E+15,5.34723E+16
20088,3.17083E+18,3,3,58,21,2017,8,13,4,3,2,6,0,1,0,0,0,0,0,5.56355E+20,5.86493E+21,9.83841E+15,5.2931E+16
20089,3.17083E+18,3,3,58,8,2017,8,16,4,3,8,7,0,0,0,1,0,0,0,5.52974E+20,5.86494E+21,9.78811E+15,5.29314E+16
20090,3.17083E+18,3,3,58,22,2017,8,17,4,3,5,3,0,1,0,0,0,0,0,5.3947E+20,5.85753E+21,9.58633E+15,5.28661E+16
20091,3.17083E+18,3,3,58,19,2017,8,19,4,3,5,3,0,1,0,0,0,0,0,5.54102E+20,5.88652E+21,9.80851E+15,5.31253E+16
20092,3.17083E+18,3,3,60,18,2017,8,13,4,2,8,7,0,0,0,0,1,0,0,6.2423E+20,5.87381E+21,1.08512E+16,5.29994E+16
20093,3.17083E+18,3,3,55,24,2017,8,19,4,3,8,1,1,0,0,0,0,0,1,5.91363E+20,5.89327E+21,1.03671E+16,5.31809E+16
20094,3.17083E+18,3,3,55,22,2017,8,7,4,3,3,6,1,0,0,0,0,0,0,5.91979E+20,5.90075E+21,1.03785E+16,5.32481E+16
20095,3.17083E+18,3,2,41,1,2017,8,15,4,3,0,1,1,0,0,0,0,0,0,5.5197E+20,5.79965E+21,9.7629E+15,5.23447E+16
20096,3.17083E+18,3,2,41,2,2017,8,12,4,3,5,2,1,1,0,0,0,0,0,5.32443E+20,5.79428E+21,9.47575E+15,5.22979E+16
20097,3.17083E+18,3,2,41,5,2017,8,18,4,3,5,2,0,1,0,0,0,0,0,5.4217E+20,5.81013E+21,9.62037E+15,5.24397E+16
20098,3.17083E+18,3,2,41,19,2017,8,15,4,3,5,3,0,1,0,0,0,0,0,5.42852E+20,5.81749E+21,9.63135E+15,5.25059E+16
20099,3.17083E+18,3,2,41,14,2017,8,13,4,2,6,4,0,0,1,0,1,0,0,5.45481E+20,5.79919E+21,9.66759E+15,5.23411E+16
20100,3.17083E+18,3,2,41,1,2017,8,8,4,3,0,2,1,1,0,0,0,0,0,5.51372E+20,5.80083E+21,9.75431E+15,5.23554E+16
20101,3.17083E+18,3,1,55,13,2017,8,8,4,2,8,1,0,1,0,0,0,0,0,5.60415E+20,5.73368E+21,9.87519E+15,5.17508E+16
20102,3.17083E+18,3,1,55,7,2017,8,14,4,3,5,3,1,1,0,0,0,0,0,5.75697E+20,5.72683E+21,1.00951E+16,5.16873E+16
20103,3.17083E+18,3,2,57,32,2017,8,16,4,3,5,3,0,1,0,1,0,0,0,5.24123E+20,5.79614E+21,9.35388E+15,5.23151E+16
20104,3.17083E+18,3,2,52,6,2017,8,13,4,3,5,3,0,0,0,1,1,0,0,5.30901E+20,5.77489E+21,9.45136E+15,5.21237E+16
20105,3.17083E+18,3,2,52,6,2017,8,11,4,2,8,7,0,1,0,0,1,0,0,5.23854E+20,5.77232E+21,9.34826E+15,5.21009E+16
20106,3.17083E+18,3,2,52,6,2017,8,10,4,3,5,3,0,1,0,0,0,0,0,5.23392E+20,5.76801E+21,9.34122E+15,5.20622E+16
20107,3.17083E+18,3,1,59,16,2017,8,15,4,3,3,6,1,0,0,0,0,0,0,5.6404E+20,5.70964E+21,9.9233E+15,5.15342E+16
20108,3.17083E+18,3,1,59,29,2017,8,5,4,3,2,6,0,1,0,0,0,1,0,5.60194E+20,5.70076E+21,9.86633E+15,5.14548E+16
20109,3.17083E+18,3,1,58,37,2017,8,11,4,2,4,7,0,1,0,0,0,0,0,6.06364E+20,5.77663E+21,1.05539E+16,5.21299E+16
20110,3.17083E+18,3,1,2,0,2017,8,21,4,3,4,2,0,1,0,1,0,2,0,5.91569E+20,5.77739E+21,1.0338E+16,5.21394E+16
20111,3.17083E+18,3,1,53,7,2017,8,18,4,3,8,1,0,1,0,0,0,0,0,5.92755E+20,5.7555E+21,1.03494E+16,5.19424E+16
20112,3.17083E+18,3,4,60,5,2017,8,18,3,2,2,6,0,1,0,1,0,0,0,4.39739E+20,5.82685E+21,8.11049E+15,5.25883E+16
20113,3.17083E+18,3,4,59,24,2017,8,17,3,3,8,1,0,0,0,1,0,0,0,4.58096E+20,5.78164E+21,8.38709E+15,5.21837E+16
20114,3.17083E+18,3,4,59,8,2017,8,7,3,3,0,7,1,0,0,0,1,0,0,4.41155E+20,5.79516E+21,8.13698E+15,5.23036E+16
20115,3.17083E+18,3,4,59,22,2017,8,21,3,3,5,3,1,1,0,0,0,2,0,4.41974E+20,5.77597E+21,8.15228E+15,5.21312E+16
20116,3.17083E+18,3,4,59,10,2017,8,22,3,2,0,1,1,0,0,0,0,2,0,4.26552E+20,5.82994E+21,7.91519E+15,5.26145E+16
20117,3.17083E+18,3,4,59,18,2017,8,12,3,2,5,3,0,1,0,0,0,0,0,4.32722E+20,5.82362E+21,8.00758E+15,5.25585E+16
20118,3.17083E+18,3,4,4,0,2017,8,14,3,3,4,2,0,1,0,0,0,0,0,4.35645E+20,5.79232E+21,8.05672E+15,5.22775E+16
20119,3.17083E+18,3,4,2,0,2017,8,14,3,3,2,6,0,1,0,0,0,0,0,3.8461E+20,5.91102E+21,7.26704E+15,5.33357E+16
20120,3.17083E+18,3,4,54,55,2017,8,17,3,3,0,3,0,1,0,1,0,0,0,4.16574E+20,5.8607E+21,7.76002E+15,5.28895E+16
20121,3.17083E+18,3,4,54,32,2017,8,14,3,3,2,6,0,1,0,0,1,0,0,3.85173E+20,5.81936E+21,7.30792E+15,5.25123E+16
20122,3.17083E+18,3,4,52,11,2017,8,16,3,2,2,6,0,0,0,0,1,0,0,3.82304E+20,5.92237E+21,7.2282E+15,5.34372E+16
20123,3.17083E+18,3,4,52,7,2017,8,14,3,3,2,6,0,1,0,0,0,0,0,3.92602E+20,5.93638E+21,7.37835E+15,5.35653E+16
20124,3.17083E+18,3,4,53,7,2017,8,9,3,3,2,6,0,1,0,0,0,0,0,4.24773E+20,5.87536E+21,7.87845E+15,5.30225E+16
20125,3.17083E+18,3,4,60,4,2017,8,12,3,3,5,3,0,1,0,0,0,0,0,4.59597E+20,5.84992E+21,8.40076E+15,5.27976E+16
20126,3.17083E+18,3,4,53,8,2017,8,19,3,3,2,6,0,1,0,0,0,0,0,4.34424E+20,5.8677E+21,8.02386E+15,5.29549E+16
20127,3.17083E+18,3,3,61,4,2017,8,9,3,3,4,2,0,1,0,0,0,0,0,4.98289E+20,5.86291E+21,8.97455E+15,5.29158E+16
20128,3.17083E+18,3,3,61,8,2017,8,12,3,2,5,3,0,1,0,1,0,0,0,5.03745E+20,5.88527E+21,9.05595E+15,5.31168E+16
20129,3.17083E+18,3,3,61,12,2017,8,7,3,3,0,1,0,0,0,1,0,0,0,5.15609E+20,5.86309E+21,9.23215E+15,5.29172E+16
20130,3.17083E+18,3,4,51,8,2017,8,17,3,2,4,6,1,0,0,0,0,0,0,4.41068E+20,5.90102E+21,8.11664E+15,5.32551E+16
20131,3.17083E+18,3,4,3,0,2017,8,12,3,3,2,6,0,1,0,0,0,0,0,4.47303E+20,5.88532E+21,8.21268E+15,5.31147E+16
20132,3.17083E+18,3,2,51,41,2017,8,8,3,2,5,3,1,1,0,0,0,0,0,4.88491E+20,5.86308E+21,8.82884E+15,5.29173E+16
20133,3.17083E+18,3,2,51,28,2017,8,14,3,3,2,6,0,1,0,0,0,0,0,4.83407E+20,5.84734E+21,8.75403E+15,5.27756E+16
20134,3.17083E+18,3,4,61,8,2017,8,15,3,2,5,3,1,1,0,0,0,0,0,4.58186E+20,5.91419E+21,8.37147E+15,5.33752E+16
20135,3.17083E+18,3,4,58,14,2017,8,17,3,2,4,6,0,1,0,0,0,0,0,4.55632E+20,5.86537E+21,8.33985E+15,5.29361E+16
20136,3.17083E+18,3,4,58,13,2017,8,6,3,3,2,6,0,1,0,0,0,0,0,4.45451E+20,5.87894E+21,8.18609E+15,5.30572E+16
20137,3.17083E+18,3,4,58,12,2017,8,18,3,3,8,1,0,0,0,1,0,0,0,4.70969E+20,5.86523E+21,8.56805E+15,5.2936E+16
20138,3.17083E+18,3,3,53,31,2017,8,15,3,3,9,7,0,1,0,0,0,0,0,5.6592E+20,5.91512E+21,9.99102E+15,5.3381E+16
20139,3.17083E+18,3,3,53,31,2017,8,11,3,2,3,6,0,1,0,0,1,0,0,5.67747E+20,5.91545E+21,1.00186E+16,5.33838E+16
20140,3.17083E+18,3,3,53,4,2017,8,11,3,3,5,3,1,1,0,0,0,0,0,5.69751E+20,5.90597E+21,1.00466E+16,5.32983E+16
20141,3.17083E+18,3,3,53,32,2017,8,19,3,2,4,6,0,1,0,1,0,0,0,5.73896E+20,5.91539E+21,1.0111E+16,5.33824E+16
20142,3.17083E+18,3,3,53,39,2017,8,17,3,3,5,3,0,1,0,1,0,0,0,5.52194E+20,5.91122E+21,9.78405E+15,5.33475E+16
20143,3.17083E+18,3,3,53,5,2017,8,18,3,3,5,3,0,1,0,0,0,0,0,5.58043E+20,5.91141E+21,9.87193E+15,5.33487E+16
20144,3.17083E+18,3,3,59,10,2017,8,22,3,3,5,3,0,1,0,1,0,2,0,5.46286E+20,5.92482E+21,9.6973E+15,5.34703E+16
20145,3.17083E+18,3,3,59,10,2017,8,15,3,3,5,3,0,1,0,1,0,0,0,5.43283E+20,5.92722E+21,9.6524E+15,5.34922E+16
20146,3.17083E+18,3,3,59,10,2017,8,16,3,3,5,3,1,1,0,0,0,0,0,5.46947E+20,5.9256E+21,9.70739E+15,5.34773E+16
20147,3.17083E+18,3,3,59,10,2017,8,14,3,3,2,2,0,1,0,0,0,0,0,5.46774E+20,5.92566E+21,9.70478E+15,5.34778E+16
20148,3.17083E+18,3,3,58,21,2017,8,13,3,3,5,3,0,0,0,1,1,0,0,5.56972E+20,5.8752E+21,9.8494E+15,5.30233E+16
20149,3.17083E+18,3,3,57,8,2017,8,17,3,3,5,3,0,1,0,1,0,0,0,5.08778E+20,5.92804E+21,9.13233E+15,5.35013E+16
20150,3.17083E+18,3,3,57,39,2017,8,9,3,3,5,3,1,1,0,0,0,0,0,5.26666E+20,5.88369E+21,9.39828E+15,5.3102E+16
20151,3.17083E+18,3,3,60,17,2017,8,12,3,3,1,7,0,1,0,1,0,0,0,6.09324E+20,5.88873E+21,1.06342E+16,5.31368E+16
20152,3.17083E+18,3,3,55,49,2017,8,18,3,2,9,1,0,0,0,1,0,0,0,6.39354E+20,5.89443E+21,1.10854E+16,5.3181E+16
20153,3.17083E+18,3,3,55,31,2017,8,14,3,3,5,3,0,1,0,1,0,0,0,5.90928E+20,5.90072E+21,1.03628E+16,5.3248E+16