OBJECTID,UIDENTSTLA,ULAND,UREGBEZ,UKREIS,UGEMEINDE,UJAHR,UMONAT,USTUNDE,UWOCHENTAG,UKATEGORIE,UART,UTYP1,IstRad,IstPKW,IstFuss,IstKrad,IstSonstig,LICHT,STRZUSTAND,LINREFX,LINREFY,XGCSWGS84,YGCSWGS84
20154,3.17083E+18,3,3,51,26,2017,8,13,3,3,2,2,0,1,0,0,0,0,0,5.7143E+20,5.8525E+21,1.00599E+16,5.28176E+16
20155,3.17083E+18,3,3,51,6,2017,8,16,3,3,6,4,0,0,1,0,1,0,0,5.71849E+20,5.83208E+21,1.00617E+16,5.26339E+16
20156,3.17083E+18,3,2,41,1,2017,8,15,3,3,0,6,0,1,0,1,0,0,0,5.54186E+20,5.80759E+21,9.79672E+15,5.24159E+16
20157,3.17083E+18,3,2,41,15,2017,8,17,3,3,0,1,0,0,0,1,0,0,0,5.40998E+20,5.80504E+21,9.6025E+15,5.23941E+16
20158,3.17083E+18,3,2,41,7,2017,8,18,3,3,5,3,1,1,0,0,0,0,0,5.51607E+20,5.79686E+21,9.75715E+15,5.23197E+16
20159,3.17083E+18,3,2,41,2,2017,8,18,3,3,5,2,0,1,0,0,0,0,0,5.32611E+20,5.802E+21,9.47896E+15,5.23673E+16
20160,3.17083E+18,3,2,41,2,2017,8,10,3,3,2,2,0,1,0,0,0,0,0,5.31775E+20,5.79496E+21,9.46602E+15,5.2304E+16
20161,3.17083E+18,3,2,41,11,2017,8,16,3,3,5,3,0,1,0,0,0,0,0,5.61819E+20,5.801E+21,9.90771E+15,5.23558E+16
20162,3.17083E+18,3,2,41,1,2017,8,21,3,3,2,6,0,1,0,0,0,2,0,5.53545E+20,5.80471E+21,9.78683E+15,5.239E+16
20163,3.17083E+18,3,2,41,1,2017,8,7,3,3,0,1,0,0,0,1,0,0,0,5.58709E+20,5.80271E+21,9.86235E+15,5.23715E+16
20164,3.17083E+18,3,2,41,19,2017,8,0,3,3,8,7,0,1,0,0,0,2,0,5.50019E+20,5.82906E+21,9.73867E+15,5.26093E+16
20165,3.17083E+18,3,1,59,19,2017,8,13,3,3,6,6,0,0,1,0,1,0,0,5.92274E+20,5.7237E+21,1.0334E+16,5.16567E+16
20166,3.17083E+18,3,2,56,21,2017,8,22,3,3,5,3,0,1,0,0,1,2,0,5.10509E+20,5.83445E+21,9.15538E+15,5.26599E+16
20167,3.17083E+18,3,2,54,21,2017,8,7,3,3,2,6,0,1,0,1,0,0,0,5.64351E+20,5.77704E+21,9.94031E+15,5.21401E+16
20168,3.17083E+18,3,2,52,1,2017,8,16,3,3,8,6,0,1,0,0,0,0,0,5.17039E+20,5.76496E+21,9.24839E+15,5.2035E+16
20169,3.17083E+18,3,2,52,1,2017,8,16,3,3,2,6,0,1,0,1,0,0,0,5.20932E+20,5.76857E+21,9.30537E+15,5.20673E+16
20170,3.17083E+18,3,2,52,6,2017,8,16,3,3,5,2,1,1,0,0,0,0,0,5.25938E+20,5.77537E+21,9.37891E+15,5.21282E+16
20171,3.17083E+18,3,2,52,6,2017,8,17,3,3,2,6,0,1,0,0,0,0,0,5.26319E+20,5.77291E+21,9.38429E+15,5.21061E+16
20172,3.17083E+18,3,2,52,6,2017,8,8,3,3,0,1,1,0,0,0,0,0,0,5.23918E+20,5.77236E+21,9.34919E+15,5.21013E+16
20173,3.17083E+18,3,1,59,16,2017,8,12,3,3,5,6,1,1,0,0,0,0,0,5.65188E+20,5.70911E+21,9.93975E+15,5.15294E+16
20174,3.17083E+18,3,1,59,16,2017,8,9,3,2,3,6,0,1,0,1,0,0,0,5.67753E+20,5.71129E+21,9.97714E+15,5.15486E+16
20175,3.17083E+18,3,1,58,39,2017,8,12,3,2,4,2,0,1,0,0,0,0,0,6.07097E+20,5.76463E+21,1.05608E+16,5.20219E+16
20176,3.17083E+18,3,1,57,2,2017,8,9,3,3,5,7,0,1,0,1,0,0,0,5.72336E+20,5.79014E+21,1.00598E+16,5.22569E+16
20177,3.17083E+18,3,1,51,25,2017,8,16,3,3,5,7,0,1,0,0,0,0,0,6.10616E+20,5.81922E+21,1.063E+16,5.25119E+16
20178,3.17083E+18,3,1,1,0,2017,8,16,3,2,2,6,0,1,0,1,0,0,0,5.99474E+20,5.79111E+21,1.04575E+16,5.22614E+16
20179,3.17083E+18,3,4,59,33,2017,8,18,2,3,2,6,0,1,0,0,1,0,0,4.33869E+20,5.80028E+21,8.02913E+15,5.23489E+16
20180,3.17083E+18,3,4,59,24,2017,8,18,2,3,2,7,0,0,0,1,1,0,0,4.4896E+20,5.77875E+21,8.25391E+15,5.21569E+16
20181,3.17083E+18,3,4,59,24,2017,8,17,2,3,3,6,1,0,0,0,1,0,0,4.50046E+20,5.78125E+21,8.26942E+15,5.21795E+16
20182,3.17083E+18,3,4,59,24,2017,8,7,2,3,5,3,1,0,0,0,0,0,0,4.54591E+20,5.78291E+21,8.33565E+15,5.21947E+16
20183,3.17083E+18,3,4,59,24,2017,8,16,2,3,5,2,1,1,0,0,0,0,0,4.54315E+20,5.78349E+21,8.33154E+15,5.22E+16
20184,3.17083E+18,3,4,59,21,2017,8,13,2,3,5,3,1,1,0,0,0,0,0,4.29157E+20,5.78783E+21,7.96258E+15,5.22364E+16
20185,3.17083E+18,3,4,59,5,2017,8,20,2,1,5,3,0,1,0,1,0,1,0,4.38967E+20,5.77267E+21,8.10894E+15,5.21012E+16
20186,3.17083E+18,3,4,59,4,2017,8,18,2,3,0,1,1,0,0,0,0,0,0,4.36265E+20,5.7762E+21,8.06884E+15,5.21326E+16
20187,3.17083E+18,3,4,59,1,2017,8,13,2,3,2,2,0,1,0,0,0,0,0,4.29169E+20,5.81507E+21,7.95701E+15,5.24811E+16
20188,3.17083E+18,3,4,59,26,2017,8,14,2,3,8,7,0,1,0,0,0,0,0,4.21719E+20,5.81329E+21,7.84774E+15,5.24642E+16
20189,3.17083E+18,3,4,59,31,2017,8,18,2,3,5,3,1,1,0,0,0,0,0,4.32977E+20,5.81547E+21,8.01298E+15,5.24853E+16
20190,3.17083E+18,3,4,57,18,2017,8,18,2,2,8,1,0,0,0,1,0,0,0,4.04596E+20,5.88146E+21,7.57593E+15,5.30741E+16
20191,3.17083E+18,3,4,57,22,2017,8,17,2,2,2,6,0,1,0,0,1,0,0,3.95911E+20,5.88956E+21,7.44371E+15,5.31453E+16
20192,3.17083E+18,3,4,56,15,2017,8,5,2,2,2,6,0,1,0,0,0,1,0,3.69403E+20,5.80558E+21,7.08107E+15,5.23849E+16
20193,3.17083E+18,3,4,56,15,2017,8,16,2,3,5,3,0,1,0,0,0,0,0,3.70039E+20,5.81179E+21,7.08799E+15,5.24408E+16
20194,3.17083E+18,3,4,54,45,2017,8,16,2,3,2,6,0,1,0,0,1,0,0,3.93026E+20,5.79882E+21,7.43017E+15,5.23293E+16
20195,3.17083E+18,3,4,62,19,2017,8,17,2,3,6,6,0,1,1,0,0,0,0,4.2076E+20,5.94942E+21,7.80008E+15,5.36874E+16
20196,3.17083E+18,3,4,52,19,2017,8,16,2,2,5,3,1,0,0,0,0,0,0,3.79425E+20,5.94135E+21,7.17758E+15,5.36071E+16
20197,3.17083E+18,3,4,52,7,2017,8,14,2,2,4,6,0,1,0,0,1,0,0,3.91687E+20,5.93646E+21,7.36452E+15,5.35658E+16
20198,3.17083E+18,3,4,52,12,2017,8,7,2,3,5,3,0,1,0,1,0,0,0,3.95379E+20,5.92167E+21,7.42517E+15,5.34337E+16
20199,3.17083E+18,3,4,53,3,2017,8,18,2,3,5,3,1,1,0,0,0,0,0,4.40007E+20,5.85099E+21,8.11004E+15,5.28054E+16
20200,3.17083E+18,3,4,55,20,2017,8,19,2,2,5,3,0,1,0,0,0,0,0,4.28212E+20,5.9468E+21,7.91352E+15,5.3665E+16
20201,3.17083E+18,3,4,3,0,2017,8,15,2,2,6,4,0,1,1,0,0,0,0,4.47046E+20,5.88471E+21,8.20894E+15,5.31092E+16
20202,3.17083E+18,3,2,51,30,2017,8,10,2,3,2,6,0,1,0,0,1,0,0,4.66089E+20,5.82777E+21,8.49932E+15,5.25989E+16
20203,3.17083E+18,3,4,61,9,2017,8,15,2,3,4,2,1,1,0,0,0,0,0,4.57675E+20,5.92366E+21,8.36251E+15,5.34603E+16
20204,3.17083E+18,3,4,58,9,2017,8,16,2,2,6,4,0,1,1,0,0,0,0,4.49897E+20,5.87861E+21,8.25247E+15,5.30546E+16
20205,3.17083E+18,3,3,53,40,2017,8,10,2,3,5,3,0,1,0,0,0,0,0,5.76523E+20,5.91407E+21,1.01501E+16,5.33702E+16
20206,3.17083E+18,3,3,57,57,2017,8,17,2,3,5,3,1,1,0,0,0,0,0,5.18493E+20,5.90516E+21,9.27746E+15,5.32953E+16
20207,3.17083E+18,3,3,57,16,2017,8,12,2,3,5,3,1,1,0,0,0,0,0,5.00177E+20,5.91486E+21,9.00266E+15,5.33828E+16
20208,3.17083E+18,3,3,57,39,2017,8,18,2,3,2,2,0,1,0,0,0,0,0,5.27711E+20,5.88251E+21,9.41379E+15,5.30914E+16
20209,3.17083E+18,3,3,57,39,2017,8,13,2,3,5,2,1,0,0,0,1,0,0,5.27715E+20,5.88504E+21,9.41408E+15,5.31141E+16
20210,3.17083E+18,3,3,57,39,2017,8,7,2,3,5,3,1,1,0,0,0,0,0,5.25027E+20,5.88282E+21,9.37374E+15,5.30942E+16
20211,3.17083E+18,3,3,60,24,2017,8,10,2,3,8,7,0,1,0,0,0,0,0,6.20171E+20,5.86593E+21,1.07878E+16,5.29295E+16
20212,3.17083E+18,3,3,54,4,2017,8,18,2,3,5,2,1,1,0,0,0,0,0,6.40153E+20,5.88478E+21,1.10931E+16,5.30941E+16
20213,3.17083E+18,3,3,54,18,2017,8,11,2,3,4,2,1,1,0,0,0,0,0,6.44496E+20,5.87109E+21,1.11518E+16,5.29699E+16
20214,3.17083E+18,3,3,55,33,2017,8,16,2,3,2,1,0,1,0,1,0,0,0,6.00688E+20,5.90603E+21,1.05107E+16,5.32939E+16
20215,3.17083E+18,3,2,41,1,2017,8,19,2,3,2,6,0,1,0,0,1,0,0,5.5637E+20,5.80084E+21,9.82768E+15,5.23549E+16
20216,3.17083E+18,3,2,41,1,2017,8,9,2,3,3,2,0,1,0,0,1,0,0,5.54039E+20,5.80521E+21,9.79417E+15,5.23945E+16
20217,3.17083E+18,3,2,41,21,2017,8,15,2,3,2,6,0,1,0,1,0,0,0,5.25711E+20,5.81185E+21,9.37838E+15,5.24563E+16
20218,3.17083E+18,3,2,41,21,2017,8,15,2,3,5,2,0,1,0,0,1,0,0,5.27249E+20,5.80833E+21,9.40072E+15,5.24245E+16
20219,3.17083E+18,3,2,41,12,2017,8,14,2,3,2,6,0,1,0,0,0,0,0,5.31559E+20,5.81853E+21,9.46507E+15,5.2516E+16
20220,3.17083E+18,3,2,41,11,2017,8,17,2,3,2,2,0,1,0,1,0,0,0,5.69557E+20,5.80432E+21,1.0022E+16,5.23847E+16
20221,3.17083E+18,3,2,41,8,2017,8,11,2,3,9,1,1,0,0,0,0,0,0,5.57276E+20,5.80855E+21,9.8423E+15,5.24242E+16
20222,3.17083E+18,3,2,41,20,2017,8,14,2,2,5,3,0,1,0,0,0,0,0,5.39149E+20,5.79261E+21,9.57389E+15,5.22825E+16
20223,3.17083E+18,3,2,41,1,2017,8,10,2,3,0,7,1,0,0,0,0,0,0,5.56548E+20,5.80152E+21,9.83042E+15,5.23611E+16
20224,3.17083E+18,3,1,55,11,2017,8,5,2,3,3,6,0,1,0,1,0,1,0,5.69732E+20,5.72996E+21,1.00094E+16,5.17162E+16
20225,3.17083E+18,3,2,57,23,2017,8,12,2,3,5,3,1,1,0,0,0,0,0,5.11206E+20,5.79886E+21,9.16449E+15,5.23399E+16
20226,3.17083E+18,3,2,57,6,2017,8,9,2,3,2,6,0,1,0,0,1,0,0,5.25022E+20,5.79746E+21,9.36716E+15,5.23269E+16
20227,3.17083E+18,3,2,54,20,2017,8,5,2,3,5,3,0,1,0,0,0,1,0,5.66454E+20,5.78305E+21,9.97222E+15,5.21939E+16
20228,3.17083E+18,3,2,54,29,2017,8,15,2,3,1,5,0,1,0,0,0,0,0,5.77382E+20,5.78083E+21,1.01316E+16,5.21725E+16
20229,3.17083E+18,3,2,54,21,2017,8,9,2,3,2,6,0,1,0,0,0,0,0,5.64376E+20,5.77868E+21,9.94099E+15,5.21548E+16
20230,3.17083E+18,3,2,52,2,2017,8,13,2,3,8,1,0,0,0,1,0,0,0,5.29985E+20,5.77975E+21,9.43841E+15,5.21674E+16
20231,3.17083E+18,3,2,52,6,2017,8,12,2,3,2,6,0,1,0,1,0,0,0,5.25825E+20,5.77161E+21,9.37698E+15,5.20945E+16
20232,3.17083E+18,3,1,59,33,2017,8,11,2,3,0,2,0,1,0,0,0,0,0,5.80332E+20,5.71077E+21,1.01584E+16,5.15423E+16
20233,3.17083E+18,3,1,59,16,2017,8,7,2,3,2,6,0,1,0,0,1,0,0,5.61089E+20,5.71212E+21,9.88119E+15,5.15568E+16
20234,3.17083E+18,3,1,2,0,2017,8,5,2,3,5,2,1,1,0,0,0,2,0,5.96271E+20,5.78208E+21,1.0408E+16,5.21808E+16
20235,3.17083E+18,3,1,53,18,2017,8,16,2,3,1,5,0,1,0,1,0,0,0,5.93088E+20,5.74464E+21,1.03513E+16,5.18448E+16
20236,3.17083E+18,3,1,51,15,2017,8,7,2,3,5,3,1,1,0,0,0,0,0,5.97841E+20,5.81074E+21,1.04393E+16,5.24381E+16
20237,3.17083E+18,3,4,59,12,2017,8,13,1,2,4,1,1,0,0,1,0,0,0,4.43299E+20,5.78815E+21,8.16959E+15,5.22409E+16
20238,3.17083E+18,3,4,59,14,2017,8,22,1,3,8,1,0,0,0,1,0,2,0,4.31478E+20,5.80377E+21,7.99332E+15,5.23799E+16
20239,3.17083E+18,3,4,59,11,2017,8,1,1,3,8,1,0,1,0,0,0,2,0,4.14707E+20,5.82628E+21,7.74123E+15,5.25799E+16
20240,3.17083E+18,3,4,59,10,2017,8,17,1,3,4,2,0,1,0,0,0,0,0,4.28548E+20,5.82343E+21,7.94606E+15,5.25563E+16
20241,3.17083E+18,3,4,59,10,2017,8,5,1,3,7,1,0,1,0,0,0,1,0,4.28211E+20,5.82104E+21,7.94161E+15,5.25347E+16
20242,3.17083E+18,3,4,4,0,2017,8,19,1,3,4,2,0,1,0,0,0,0,0,4.3763E+20,5.79015E+21,8.08621E+15,5.22582E+16
20243,3.17083E+18,3,4,4,0,2017,8,14,1,3,2,6,0,1,0,0,0,0,0,4.36832E+20,5.79575E+21,8.07347E+15,5.23085E+16
20244,3.17083E+18,3,4,54,10,2017,8,22,1,3,9,1,0,1,0,0,0,2,0,3.83687E+20,5.80567E+21,7.29081E+15,5.23889E+16
20245,3.17083E+18,3,4,52,1,2017,8,9,1,2,3,6,0,1,0,1,0,0,0,3.9918E+20,5.92585E+21,7.48104E+15,5.3472E+16
20246,3.17083E+18,3,4,53,13,2017,8,10,1,3,7,1,0,1,0,0,0,0,0,4.15275E+20,5.87835E+21,7.73611E+15,5.30479E+16
20247,3.17083E+18,3,4,55,14,2017,8,13,1,3,5,3,1,1,0,0,0,0,0,4.3529E+20,5.92782E+21,8.02455E+15,5.34954E+16
20248,3.17083E+18,3,3,56,7,2017,8,18,1,3,2,6,0,1,0,0,0,0,0,4.80635E+20,5.89714E+21,8.70994E+15,5.32232E+16
20249,3.17083E+18,3,4,3,0,2017,8,10,1,3,2,6,0,1,0,0,0,0,0,4.51338E+20,5.88514E+21,8.27298E+15,5.31135E+16
20250,3.17083E+18,3,4,51,8,2017,8,11,1,2,5,3,1,1,0,0,0,0,0,4.45424E+20,5.89404E+21,8.18312E+15,5.31929E+16
20251,3.17083E+18,3,4,3,0,2017,8,12,1,3,1,5,0,1,0,0,0,0,0,4.45816E+20,5.88666E+21,8.19024E+15,5.31266E+16
20252,3.17083E+18,3,2,51,37,2017,8,17,1,3,2,6,0,1,0,0,0,0,0,4.83825E+20,5.87121E+21,8.75904E+15,5.29902E+16
20253,3.17083E+18,3,3,53,40,2017,8,16,1,3,5,2,0,1,0,0,0,0,0,5.80859E+20,5.91057E+21,1.02144E+16,5.33381E+16
20254,3.17083E+18,3,3,53,15,2017,8,12,1,2,2,6,0,1,0,1,0,0,0,5.56427E+20,5.89961E+21,9.84556E+15,5.32427E+16
20255,3.17083E+18,3,3,59,3,2017,8,0,1,3,5,3,0,1,0,0,0,2,1,5.3946E+20,5.92479E+21,9.59448E+15,5.34707E+16
20256,3.17083E+18,3,3,58,23,2017,8,11,1,2,2,6,0,0,0,1,0,0,0,5.64331E+20,5.86883E+21,9.95783E+15,5.29652E+16
20257,3.17083E+18,3,2,41,21,2017,8,0,1,3,9,1,1,0,0,0,0,2,1,5.24248E+20,5.81087E+21,9.35678E+15,5.24475E+16
20258,3.17083E+18,3,2,41,1,2017,8,15,1,2,8,1,0,0,0,1,0,0,0,5.50506E+20,5.80885E+21,9.7428E+15,5.24275E+16
20259,3.17083E+18,3,2,41,21,2017,8,1,1,3,8,1,0,1,0,0,0,2,1,5.29693E+20,5.81308E+21,9.43709E+15,5.24671E+16
20260,3.17083E+18,3,2,41,1,2017,8,1,1,3,2,7,0,1,0,0,0,1,1,5.47023E+20,5.80911E+21,9.69162E+15,5.24301E+16
20261,3.17083E+18,3,1,55,11,2017,8,17,1,3,8,1,0,0,0,1,0,1,0,5.69989E+20,5.72342E+21,1.00118E+16,5.16574E+16
20262,3.17083E+18,3,2,57,10,2017,8,14,1,3,4,2,1,1,0,0,0,0,0,5.21752E+20,5.80691E+21,9.31979E+15,5.2412E+16
20263,3.17083E+18,3,2,57,31,2017,8,14,1,2,4,1,0,0,1,1,0,0,0,5.09112E+20,5.77776E+21,9.13318E+15,5.21503E+16
20264,3.17083E+18,3,2,57,31,2017,8,13,1,3,9,1,0,0,0,1,0,0,0,5.10535E+20,5.776E+21,9.15392E+15,5.21344E+16
20265,3.17083E+18,3,2,56,7,2017,8,6,1,3,9,7,0,1,0,0,0,0,0,5.1459E+20,5.84778E+21,9.2163E+15,5.27796E+16
20266,3.17083E+18,3,2,54,22,2017,8,14,1,3,5,3,0,1,0,1,0,0,0,5.79807E+20,5.77473E+21,1.01656E+16,5.21173E+16
20267,3.17083E+18,3,2,54,45,2017,8,13,1,3,8,1,0,0,0,1,0,0,0,5.61362E+20,5.76449E+21,9.89439E+15,5.20277E+16
20268,3.17083E+18,3,2,52,1,2017,8,14,1,3,0,1,0,0,0,1,0,0,1,5.13598E+20,5.76567E+21,9.19827E+15,5.20415E+16
20269,3.17083E+18,3,1,59,17,2017,8,14,1,3,2,6,0,1,0,0,1,0,0,5.46238E+20,5.69653E+21,9.66494E+15,5.14181E+16
20270,3.17083E+18,3,1,59,5,2017,8,10,1,2,4,6,0,1,0,1,0,0,0,5.79309E+20,5.71945E+21,1.01456E+16,5.16205E+16
20271,3.17083E+18,3,1,59,16,2017,8,16,1,3,2,6,0,1,0,0,0,0,0,5.62607E+20,5.71384E+21,9.90339E+15,5.15722E+16
20272,3.17083E+18,3,1,59,29,2017,8,15,1,3,0,2,0,1,0,0,0,0,0,5.60717E+20,5.70482E+21,9.87457E+15,5.14912E+16
20273,3.17083E+18,3,1,57,7,2017,8,16,1,3,4,2,0,1,0,0,0,0,0,5.90418E+20,5.79028E+21,1.03247E+16,5.22555E+16
20274,3.17083E+18,3,1,53,17,2017,8,16,1,2,8,1,0,0,0,1,0,0,0,5.93407E+20,5.75577E+21,1.0359E+16,5.19448E+16
20275,3.17083E+18,3,1,51,36,2017,8,16,1,3,5,3,0,1,0,0,0,0,0,6.04659E+20,5.83108E+21,1.0546E+16,5.26197E+16
20276,3.17083E+18,3,4,59,19,2017,8,14,7,3,1,5,0,0,0,1,0,0,0,4.35309E+20,5.78425E+21,8.05334E+15,5.22049E+16
20277,3.17083E+18,3,4,59,29,2017,8,18,7,3,5,3,0,1,0,0,1,0,0,4.47482E+20,5.8057E+21,8.22811E+15,5.2399E+16
20278,3.17083E+18,3,4,4,0,2017,8,19,7,2,0,7,1,0,0,0,0,0,0,4.355E+20,5.79082E+21,8.05487E+15,5.22639E+16
20279,3.17083E+18,3,4,4,0,2017,8,12,7,3,2,6,0,1,0,0,1,0,0,4.3443E+20,5.79337E+21,8.03871E+15,5.22867E+16
20280,3.17083E+18,3,4,62,19,2017,8,2,7,3,9,7,0,1,0,0,0,2,0,4.21643E+20,5.93711E+21,7.81656E+15,5.3577E+16
20281,3.17083E+18,3,4,52,14,2017,8,15,7,3,5,3,0,1,0,1,0,0,0,3.71651E+20,5.92232E+21,7.06795E+15,5.34342E+16
20282,3.17083E+18,3,4,52,19,2017,8,12,7,3,2,6,0,1,0,0,0,0,0,3.83434E+20,5.9373E+21,7.23965E+15,5.35716E+16
20283,3.17083E+18,3,4,55,25,2017,8,0,7,3,8,1,0,1,0,0,0,2,0,4.34781E+20,5.92151E+21,8.01819E+15,5.34386E+16
20284,3.17083E+18,3,4,55,20,2017,8,15,7,2,8,1,0,0,0,1,0,0,0,4.27345E+20,5.9503E+21,7.89958E+15,5.36963E+16
20285,3.17083E+18,3,4,55,15,2017,8,13,7,3,5,3,1,1,0,0,0,0,0,4.32705E+20,5.93616E+21,7.9838E+15,5.35699E+16
20286,3.17083E+18,3,4,5,0,2017,8,6,7,2,9,7,0,1,0,0,0,1,0,4.42844E+20,5.93289E+21,8.13748E+15,5.35418E+16
20287,3.17083E+18,3,3,56,9,2017,8,23,7,3,5,3,0,1,0,0,0,2,0,4.73125E+20,5.90054E+21,8.59718E+15,5.32535E+16
20288,3.17083E+18,3,3,56,11,2017,8,14,7,2,4,2,0,1,0,1,0,0,0,4.93119E+20,5.89599E+21,8.89696E+15,5.32131E+16
20289,3.17083E+18,3,3,56,9,2017,8,13,7,3,0,2,0,1,0,0,0,0,0,4.77416E+20,5.89781E+21,8.66168E+15,5.32291E+16
20290,3.17083E+18,3,3,61,1,2017,8,14,7,3,8,1,0,1,0,0,0,0,0,5.02222E+20,5.87372E+21,9.03312E+15,5.3013E+16
20291,3.17083E+18,3,4,51,8,2017,8,8,7,3,6,4,0,0,1,1,0,0,0,4.41017E+20,5.90121E+21,8.11584E+15,5.32568E+16
20292,3.17083E+18,3,2,51,47,2017,8,18,7,3,8,1,0,0,0,1,0,0,0,4.91944E+20,5.86954E+21,8.88003E+15,5.29754E+16
20293,3.17083E+18,3,4,61,9,2017,8,10,7,3,2,6,0,1,0,0,0,0,0,4.57202E+20,5.91689E+21,8.35632E+15,5.33994E+16
20294,3.17083E+18,3,4,58,5,2017,8,11,7,3,5,3,1,1,0,0,0,0,0,4.72209E+20,5.87932E+21,8.58528E+15,5.30627E+16
20295,3.17083E+18,3,4,58,12,2017,8,14,7,2,8,1,0,0,0,1,0,0,0,4.70973E+20,5.86564E+21,8.56807E+15,5.29396E+16
20296,3.17083E+18,3,3,52,50,2017,8,18,7,3,3,1,0,1,0,0,0,0,0,4.77806E+20,5.94138E+21,8.66446E+15,5.36207E+16
20297,3.17083E+18,3,3,52,62,2017,8,15,7,3,2,6,0,1,0,0,0,0,0,4.77527E+20,5.94774E+21,8.65978E+15,5.36779E+16
20298,3.17083E+18,3,3,58,18,2017,8,12,7,3,5,3,0,1,0,0,0,0,0,5.25387E+20,5.8484E+21,9.37642E+15,5.27848E+16
20299,3.17083E+18,3,3,58,22,2017,8,19,7,3,0,1,1,0,0,0,0,0,0,5.40119E+20,5.85702E+21,9.59591E+15,5.28615E+16
20300,3.17083E+18,3,3,58,21,2017,8,19,7,3,2,6,0,1,0,0,0,0,0,5.5926E+20,5.87438E+21,9.88335E+15,5.30156E+16
20301,3.17083E+18,3,3,60,2,2017,8,22,7,3,9,1,0,1,0,0,0,2,1,6.06691E+20,5.88408E+21,1.05934E+16,5.30955E+16
20302,3.17083E+18,3,3,55,13,2017,8,20,7,3,4,6,0,1,0,0,0,2,0,6.11326E+20,5.89474E+21,1.06663E+16,5.31903E+16
20303,3.17083E+18,3,2,41,1,2017,8,15,7,3,5,2,1,1,0,0,0,0,0,5.49966E+20,5.80232E+21,9.73389E+15,5.23689E+16
20304,3.17083E+18,3,2,41,1,2017,8,12,7,3,2,6,0,1,0,0,0,0,0,5.50124E+20,5.80881E+21,9.73718E+15,5.24272E+16
20305,3.17083E+18,3,1,59,26,2017,8,13,7,2,9,1,0,0,0,1,0,0,0,5.90007E+20,5.73584E+21,1.03043E+16,5.17662E+16
20306,3.17083E+18,3,2,57,30,2017,8,6,7,2,2,1,1,1,0,0,0,1,0,5.12911E+20,5.80383E+21,9.18969E+15,5.23846E+16
20307,3.17083E+18,3,2,52,6,2017,8,4,7,2,0,2,0,1,0,0,0,2,0,5.22682E+20,5.76975E+21,9.33098E+15,5.20779E+16
20308,3.17083E+18,3,2,52,6,2017,8,12,7,3,4,6,0,1,0,0,1,0,0,5.20817E+20,5.77445E+21,9.30405E+15,5.21202E+16
20309,3.17083E+18,3,1,59,16,2017,8,17,7,3,2,6,0,1,0,0,0,0,1,5.64609E+20,5.70913E+21,9.9314E+15,5.15295E+16
20310,3.17083E+18,3,1,53,9,2017,8,20,7,3,9,1,0,0,0,1,0,1,0,5.85821E+20,5.76091E+21,1.02499E+16,5.19922E+16
20311,3.17083E+18,3,1,53,18,2017,8,15,7,3,8,7,0,0,0,1,0,0,0,6.04941E+20,5.73906E+21,1.05216E+16,5.17925E+16
20312,3.17083E+18,3,1,53,8,2017,8,13,7,2,0,1,0,0,0,1,0,0,1,6.00666E+20,5.76438E+21,1.04671E+16,5.2021E+16
20313,3.17083E+18,3,1,51,16,2017,8,15,7,3,1,5,0,1,0,0,0,0,0,6.04468E+20,5.80428E+21,1.05348E+16,5.23788E+16
20314,3.17083E+18,3,4,59,24,2017,8,17,6,3,0,1,1,0,0,0,0,0,0,4.50645E+20,5.78474E+21,8.27766E+15,5.22109E+16
20315,3.17083E+18,3,4,59,3,2017,8,13,6,3,5,3,0,1,0,0,0,0,0,4.54498E+20,5.79692E+21,8.33242E+15,5.23207E+16
20316,3.17083E+18,3,4,59,3,2017,8,8,6,3,7,7,0,0,0,1,0,0,0,4.54164E+20,5.79301E+21,8.32804E+15,5.22855E+16
20317,3.17083E+18,3,4,59,31,2017,8,15,6,2,4,6,0,1,0,1,1,0,0,4.36272E+20,5.81586E+21,8.06143E+15,5.24891E+16
20318,3.17083E+18,3,4,4,0,2017,8,14,6,3,5,3,1,1,0,0,0,0,0,4.35913E+20,5.79102E+21,8.0609E+15,5.22658E+16
20319,3.17083E+18,3,4,4,0,2017,8,17,6,2,2,2,0,1,0,0,0,0,0,4.3417E+20,5.79298E+21,8.03498E+15,5.22832E+16
20320,3.17083E+18,3,4,4,0,2017,8,13,6,3,2,6,0,1,0,0,0,0,0,4.31068E+20,5.78985E+21,7.99014E+15,5.22547E+16
20321,3.17083E+18,3,4,57,6,2017,8,13,6,2,5,2,0,1,0,1,0,0,0,4.10312E+20,5.89689E+21,7.6569E+15,5.32137E+16
20322,3.17083E+18,3,4,57,13,2017,8,14,6,3,2,6,0,1,0,1,0,0,0,3.94437E+20,5.89764E+21,7.419E+15,5.32176E+16
20323,3.17083E+18,3,4,56,1,2017,8,7,6,2,9,1,1,0,0,0,0,0,0,3.74526E+20,5.79712E+21,7.15946E+15,5.23101E+16
20324,3.17083E+18,3,4,54,26,2017,8,17,6,2,2,2,0,1,0,1,0,0,0,4.01206E+20,5.84341E+21,7.5369E+15,5.27315E+16
20325,3.17083E+18,3,4,52,7,2017,8,21,6,3,5,3,0,1,0,0,0,2,0,3.8882E+20,5.93677E+21,7.32114E+15,5.3568E+16
20326,3.17083E+18,3,4,53,4,2017,8,13,6,3,2,2,0,1,0,0,0,0,0,4.32031E+20,5.8527E+21,7.99139E+15,5.28198E+16
20327,3.17083E+18,3,4,53,4,2017,8,15,6,3,3,2,1,1,0,0,0,0,0,4.35148E+20,5.85525E+21,8.03713E+15,5.28431E+16