OBJECTID,UIDENTSTLA,ULAND,UREGBEZ,UKREIS,UGEMEINDE,UJAHR,UMONAT,USTUNDE,UWOCHENTAG,UKATEGORIE,UART,UTYP1,IstRad,IstPKW,IstFuss,IstKrad,IstSonstig,LICHT,STRZUSTAND,LINREFX,LINREFY,XGCSWGS84,YGCSWGS84
20504,3.1709E+18,3,3,58,16,2017,9,17,2,3,2,6,0,1,0,0,1,0,0,5.72088E+20,5.87214E+21,1.0074E+16,5.2994E+16
20505,3.1709E+18,3,3,58,23,2017,9,14,2,3,2,6,0,1,0,0,0,0,0,5.64921E+20,5.8651E+21,9.96587E+15,5.29316E+16
20506,3.1709E+18,3,3,57,45,2017,9,7,2,2,8,1,0,1,0,0,0,0,0,5.15495E+20,5.88491E+21,9.23149E+15,5.31134E+16
20507,3.1709E+18,3,3,60,9,2017,9,16,2,3,2,6,0,1,0,0,0,0,0,5.93485E+20,5.8697E+21,1.0392E+16,5.29687E+16
20508,3.1709E+18,3,3,60,25,2017,9,17,2,3,5,3,0,1,0,0,0,0,0,6.05815E+20,5.86939E+21,1.05755E+16,5.29637E+16
20509,3.1709E+18,3,3,54,6,2017,9,17,2,2,4,6,0,1,0,0,0,0,0,6.33286E+20,5.88721E+21,1.09916E+16,5.31176E+16
20510,3.1709E+18,3,3,51,12,2017,9,14,2,3,8,7,0,1,0,0,0,0,0,5.6737E+20,5.8288E+21,9.99482E+15,5.2605E+16
20511,3.1709E+18,3,3,51,23,2017,9,16,2,3,9,6,1,0,0,0,0,0,0,5.567E+20,5.83166E+21,9.83778E+15,5.2632E+16
20512,3.1709E+18,3,3,51,4,2017,9,11,2,2,8,1,0,1,0,0,0,0,0,5.61566E+20,5.85898E+21,9.9148E+15,5.2877E+16
20513,3.1709E+18,3,3,51,21,2017,9,18,2,3,0,7,1,0,0,0,0,0,0,5.78304E+20,5.82164E+21,1.01546E+16,5.25393E+16
20514,3.1709E+18,3,3,51,6,2017,9,18,2,2,8,1,0,1,0,0,0,0,0,5.6974E+20,5.82639E+21,1.00293E+16,5.2583E+16
20515,3.1709E+18,3,2,41,1,2017,9,17,2,3,2,6,0,1,0,0,0,0,0,5.48395E+20,5.80638E+21,9.7114E+15,5.24055E+16
20516,3.1709E+18,3,2,41,1,2017,9,12,2,3,2,6,0,1,0,0,0,0,0,5.49844E+20,5.80812E+21,9.73295E+15,5.2421E+16
20517,3.1709E+18,3,2,41,15,2017,9,22,2,3,3,6,1,0,0,0,0,2,0,5.44392E+20,5.80468E+21,9.65233E+15,5.23906E+16
20518,3.1709E+18,3,2,41,12,2017,9,10,2,2,9,1,0,1,0,0,1,0,0,5.341E+20,5.82484E+21,9.50317E+15,5.25725E+16
20519,3.1709E+18,3,2,41,15,2017,9,19,2,3,9,7,0,1,0,0,0,1,0,5.39546E+20,5.80441E+21,9.58109E+15,5.23885E+16
20520,3.1709E+18,3,2,41,13,2017,9,16,2,2,4,6,0,1,0,1,0,0,0,5.53949E+20,5.79252E+21,9.7908E+15,5.22804E+16
20521,3.1709E+18,3,2,41,11,2017,9,15,2,3,5,3,0,1,0,1,0,0,0,5.65942E+20,5.80236E+21,9.96851E+15,5.23675E+16
20522,3.1709E+18,3,2,54,21,2017,9,8,2,3,5,3,0,1,0,0,0,0,0,5.67006E+20,5.77916E+21,9.97952E+15,5.21589E+16
20523,3.1709E+18,3,2,55,23,2017,9,11,2,1,9,1,0,1,0,0,0,0,0,5.30897E+20,5.7392E+21,9.4481E+15,5.18028E+16
20524,3.1709E+18,3,2,52,6,2017,9,13,2,3,5,3,1,1,0,0,0,0,0,5.23909E+20,5.77235E+21,9.34906E+15,5.21012E+16
20525,3.1709E+18,3,1,59,10,2017,9,14,2,3,5,3,1,1,0,0,0,0,0,5.8691E+20,5.70735E+21,1.02524E+16,5.15106E+16
20526,3.1709E+18,3,1,58,30,2017,9,15,2,2,2,2,0,1,0,1,0,0,0,6.11911E+20,5.78616E+21,1.06381E+16,5.22145E+16
20527,3.1709E+18,3,1,58,37,2017,9,13,2,3,3,1,1,1,0,0,0,0,0,6.04174E+20,5.78013E+21,1.0523E+16,5.21618E+16
20528,3.1709E+18,3,1,58,9,2017,9,16,2,2,8,1,0,0,0,1,0,0,0,6.1352E+20,5.77929E+21,1.06593E+16,5.21524E+16
20529,3.1709E+18,3,1,57,2,2017,9,15,2,3,4,2,0,1,0,0,0,0,0,5.69824E+20,5.78906E+21,1.00228E+16,5.22475E+16
20530,3.1709E+18,3,1,57,6,2017,9,14,2,2,4,6,0,1,0,0,0,0,0,5.87447E+20,5.79375E+21,1.0282E+16,5.22872E+16
20531,3.1709E+18,3,1,2,0,2017,9,18,2,3,4,7,0,1,0,0,0,0,0,5.90027E+20,5.77786E+21,1.03156E+16,5.21439E+16
20532,3.1709E+18,3,1,58,2,2017,9,17,2,3,8,1,0,1,0,0,0,0,0,5.81308E+20,5.77382E+21,1.01873E+16,5.21089E+16
20533,3.1709E+18,3,1,51,27,2017,9,9,2,2,2,6,0,0,0,0,1,0,0,5.99115E+20,5.79869E+21,1.04545E+16,5.23295E+16
20534,3.1709E+18,3,1,57,8,2017,9,8,2,3,2,6,0,0,0,0,1,0,0,5.9463E+20,5.79956E+21,1.0389E+16,5.23382E+16
20535,3.1709E+18,3,1,57,8,2017,9,8,2,2,2,6,0,0,0,0,1,0,0,5.9328E+20,5.79967E+21,1.03692E+16,5.23394E+16
20536,3.1709E+18,3,4,59,21,2017,9,11,1,3,0,1,0,0,0,1,0,0,0,4.2977E+20,5.78853E+21,7.9714E+15,5.22427E+16
20537,3.1709E+18,3,4,59,27,2017,9,0,1,2,0,1,1,0,0,0,0,2,0,4.20536E+20,5.8083E+21,7.83152E+15,5.24192E+16
20538,3.1709E+18,3,4,4,0,2017,9,16,1,2,5,2,1,1,0,0,0,0,0,4.36794E+20,5.79201E+21,8.07361E+15,5.22748E+16
20539,3.1709E+18,3,4,4,0,2017,9,14,1,2,0,7,0,1,0,0,1,0,0,4.40528E+20,5.79282E+21,8.12819E+15,5.22825E+16
20540,3.1709E+18,3,4,4,0,2017,9,2,1,2,7,1,1,0,0,0,0,2,0,4.34299E+20,5.79537E+21,8.0364E+15,5.23047E+16
20541,3.1709E+18,3,4,57,20,2017,9,17,1,3,5,3,1,1,0,0,0,0,0,4.20167E+20,5.91192E+21,7.80067E+15,5.33504E+16
20542,3.1709E+18,3,4,57,22,2017,9,23,1,3,8,1,0,1,0,0,0,2,0,3.96959E+20,5.88921E+21,7.45948E+15,5.31423E+16
20543,3.1709E+18,3,4,54,55,2017,9,17,1,2,4,6,0,1,0,1,0,0,0,4.17455E+20,5.86033E+21,7.7732E+15,5.28863E+16
20544,3.1709E+18,3,3,56,11,2017,9,16,1,3,2,6,0,1,0,1,0,0,0,4.95266E+20,5.89745E+21,8.92909E+15,5.32264E+16
20545,3.1709E+18,3,3,56,7,2017,9,12,1,3,2,2,0,1,0,0,0,0,0,4.80647E+20,5.89934E+21,8.70999E+15,5.3243E+16
20546,3.1709E+18,3,3,61,8,2017,9,13,1,3,0,3,0,1,0,0,0,0,0,5.0895E+20,5.8829E+21,9.13366E+15,5.30955E+16
20547,3.1709E+18,3,4,51,7,2017,9,5,1,3,8,1,0,1,0,0,0,0,0,4.2423E+20,5.89413E+21,7.86593E+15,5.31911E+16
20548,3.1709E+18,3,2,51,47,2017,9,14,1,3,2,2,0,1,0,0,1,0,0,4.89161E+20,5.87022E+21,8.83856E+15,5.29815E+16
20549,3.1709E+18,3,4,53,5,2017,9,17,1,3,2,6,0,1,0,0,0,0,0,4.50181E+20,5.85896E+21,8.25974E+15,5.2878E+16
20550,3.1709E+18,3,4,60,3,2017,9,15,1,2,2,6,0,1,0,0,0,0,0,4.43042E+20,5.83361E+21,8.15808E+15,5.26495E+16
20551,3.1709E+18,3,4,53,5,2017,9,13,1,3,3,6,0,1,0,1,0,0,0,4.47399E+20,5.8547E+21,8.21909E+15,5.28394E+16
20552,3.1709E+18,3,4,61,1,2017,9,11,1,3,5,3,1,0,0,0,1,0,0,4.65777E+20,5.89226E+21,8.48793E+15,5.31786E+16
20553,3.1709E+18,3,3,53,29,2017,9,0,1,3,8,1,0,1,0,0,0,2,0,5.5969E+20,5.91791E+21,9.8979E+15,5.34069E+16
20554,3.1709E+18,3,3,59,18,2017,9,13,1,3,9,7,0,1,0,0,0,0,0,5.17935E+20,5.96399E+21,9.27246E+15,5.38242E+16
20555,3.1709E+18,3,3,60,8,2017,9,16,1,2,0,6,0,1,0,1,0,0,0,6.03152E+20,5.8768E+21,1.05382E+16,5.30308E+16
20556,3.1709E+18,3,3,60,30,2017,9,1,1,2,9,7,0,1,0,0,0,2,0,6.08518E+20,5.86477E+21,1.06141E+16,5.29216E+16
20557,3.1709E+18,3,3,54,4,2017,9,17,1,3,5,3,0,1,0,0,0,0,0,6.40409E+20,5.88484E+21,1.10969E+16,5.30945E+16
20558,3.1709E+18,3,3,51,16,2017,9,15,1,3,8,6,0,1,0,0,0,0,0,5.82819E+20,5.8321E+21,1.02237E+16,5.26325E+16
20559,3.1709E+18,3,3,51,6,2017,9,21,1,3,4,6,0,1,0,0,1,2,0,5.7142E+20,5.83054E+21,1.0055E+16,5.26201E+16
20560,3.1709E+18,3,2,41,1,2017,9,14,1,3,2,6,0,1,0,0,0,0,0,5.52919E+20,5.80261E+21,9.7773E+15,5.23712E+16
20561,3.1709E+18,3,2,41,1,2017,9,18,1,3,5,3,1,1,0,0,0,0,0,5.5197E+20,5.79965E+21,9.7629E+15,5.23447E+16
20562,3.1709E+18,3,2,41,17,2017,9,14,1,3,0,2,0,0,0,1,0,0,0,5.44444E+20,5.78409E+21,9.65039E+15,5.22055E+16
20563,3.1709E+18,3,2,41,12,2017,9,19,1,3,8,1,0,1,0,0,0,1,0,5.32568E+20,5.82275E+21,9.48036E+15,5.25538E+16
20564,3.1709E+18,3,2,41,19,2017,9,12,1,3,1,5,1,1,0,0,0,0,0,5.50019E+20,5.82591E+21,9.7382E+15,5.25809E+16
20565,3.1709E+18,3,2,41,16,2017,9,14,1,3,5,3,1,1,0,0,0,0,0,5.64359E+20,5.79859E+21,9.94454E+15,5.23338E+16
20566,3.1709E+18,3,2,41,19,2017,9,12,1,3,2,6,0,1,0,0,0,0,0,5.51172E+20,5.82704E+21,9.75539E+15,5.2591E+16
20567,3.1709E+18,3,2,57,31,2017,9,16,1,3,2,6,0,1,0,0,0,0,0,5.09488E+20,5.78319E+21,9.13883E+15,5.21991E+16
20568,3.1709E+18,3,2,55,16,2017,9,11,1,2,4,6,0,1,0,1,0,0,0,5.3795E+20,5.76124E+21,9.55282E+15,5.20005E+16
20569,3.1709E+18,3,2,55,15,2017,9,14,1,1,4,1,0,0,0,1,0,0,0,5.3522E+20,5.75071E+21,9.51196E+15,5.1906E+16
20570,3.1709E+18,3,2,52,6,2017,9,23,1,3,6,4,0,0,1,0,1,2,0,5.25362E+20,5.77266E+21,9.37029E+15,5.21039E+16
20571,3.1709E+18,3,2,52,6,2017,9,12,1,3,2,7,0,1,0,0,0,0,0,5.24389E+20,5.7723E+21,9.35607E+15,5.21007E+16
20572,3.1709E+18,3,1,55,11,2017,9,17,1,3,2,6,0,1,0,0,0,0,0,5.68978E+20,5.73253E+21,9.99899E+15,5.17394E+16
20573,3.1709E+18,3,1,59,16,2017,9,15,1,3,2,6,0,1,0,0,1,0,0,5.60966E+20,5.70844E+21,9.87878E+15,5.15238E+16
20574,3.1709E+18,3,1,58,30,2017,9,14,1,3,5,3,0,1,0,0,0,0,0,6.10296E+20,5.7848E+21,1.0614E+16,5.22026E+16
20575,3.1709E+18,3,1,58,37,2017,9,15,1,3,3,5,0,1,0,0,0,0,0,6.06929E+20,5.78082E+21,1.05635E+16,5.21675E+16
20576,3.1709E+18,3,1,58,37,2017,9,12,1,3,1,1,1,1,0,0,0,0,0,6.08616E+20,5.77936E+21,1.05877E+16,5.2154E+16
20577,3.1709E+18,3,1,2,0,2017,9,18,1,3,2,6,0,1,0,0,0,0,0,5.97297E+20,5.7838E+21,1.04235E+16,5.21961E+16
20578,3.1709E+18,3,4,59,19,2017,9,19,7,2,8,7,0,1,0,0,0,0,1,4.39162E+20,5.78565E+21,8.10946E+15,5.22179E+16
20579,3.1709E+18,3,4,4,0,2017,9,20,7,3,3,2,1,1,0,0,0,0,1,4.36371E+20,5.79276E+21,8.06727E+15,5.22815E+16
20580,3.1709E+18,3,4,4,0,2017,9,21,7,3,2,6,0,1,0,0,1,2,0,4.33224E+20,5.79197E+21,8.02131E+15,5.22741E+16
20581,3.1709E+18,3,4,4,0,2017,9,18,7,3,5,3,0,1,0,0,0,0,1,4.32196E+20,5.79164E+21,8.00631E+15,5.22709E+16
20582,3.1709E+18,3,4,57,14,2017,9,16,7,3,0,4,0,1,1,0,0,0,0,3.97171E+20,5.90519E+21,7.4575E+15,5.32859E+16
20583,3.1709E+18,3,4,57,14,2017,9,9,7,2,4,6,0,1,0,0,0,0,0,4.0058E+20,5.90736E+21,7.50794E+15,5.33061E+16
20584,3.1709E+18,3,4,56,15,2017,9,23,7,2,4,6,0,1,0,0,0,2,0,3.69922E+20,5.80828E+21,7.08764E+15,5.24093E+16
20585,3.1709E+18,3,4,54,19,2017,9,13,7,3,2,2,0,1,0,0,0,0,0,3.99178E+20,5.83659E+21,7.50898E+15,5.26699E+16
20586,3.1709E+18,3,4,54,2,2017,9,15,7,2,5,2,0,1,0,1,0,0,0,3.9468E+20,5.8296E+21,7.44471E+15,5.26062E+16
20587,3.1709E+18,3,4,60,3,2017,9,10,7,3,3,2,0,1,0,0,0,0,0,4.36516E+20,5.83368E+21,8.06161E+15,5.26494E+16
20588,3.1709E+18,3,4,60,4,2017,9,16,7,1,5,2,0,1,0,1,0,0,0,4.55626E+20,5.84476E+21,8.34256E+15,5.27509E+16
20589,3.1709E+18,3,3,61,6,2017,9,8,7,3,2,2,1,1,0,0,0,0,0,5.15445E+20,5.87244E+21,9.23016E+15,5.30013E+16
20590,3.1709E+18,3,4,51,2,2017,9,16,7,3,2,2,0,1,0,0,0,0,1,4.34213E+20,5.89666E+21,8.0148E+15,5.32151E+16
20591,3.1709E+18,3,3,52,60,2017,9,0,7,3,5,2,0,1,0,0,0,2,0,4.82391E+20,5.91458E+21,8.73528E+15,5.338E+16
20592,3.1709E+18,3,3,52,11,2017,9,12,7,3,0,4,1,0,1,0,0,0,0,4.78078E+20,5.96395E+21,8.66697E+15,5.38236E+16
20593,3.1709E+18,3,3,57,43,2017,9,10,7,3,2,6,1,0,0,0,0,0,0,5.13109E+20,5.91288E+21,9.197E+15,5.33649E+16
20594,3.1709E+18,3,3,57,1,2017,9,13,7,3,4,6,1,0,0,0,0,0,0,5.21289E+20,5.8769E+21,9.31752E+15,5.30412E+16
20595,3.1709E+18,3,3,57,41,2017,9,8,7,3,5,3,1,1,0,0,0,0,0,5.32043E+20,5.89123E+21,9.47934E+15,5.31695E+16
20596,3.1709E+18,3,3,57,28,2017,9,6,7,3,9,7,0,1,0,0,0,0,0,5.14246E+20,5.89421E+21,9.21325E+15,5.3197E+16
20597,3.1709E+18,3,3,55,30,2017,9,20,7,3,5,3,0,1,0,0,0,2,1,6.04634E+20,5.89801E+21,1.05672E+16,5.32211E+16
20598,3.1709E+18,3,3,55,27,2017,9,5,7,3,9,1,0,1,0,0,0,2,0,5.84903E+20,5.89323E+21,1.02705E+16,5.31816E+16
20599,3.1709E+18,3,2,41,1,2017,9,20,7,3,2,6,0,1,0,0,0,1,1,5.4454E+20,5.80658E+21,9.65477E+15,5.24077E+16
20600,3.1709E+18,3,2,41,1,2017,9,15,7,3,2,6,0,1,0,0,0,0,1,5.47123E+20,5.79825E+21,9.69155E+15,5.23325E+16
20601,3.1709E+18,3,2,41,5,2017,9,12,7,3,5,2,1,1,0,0,0,0,0,5.38794E+20,5.81086E+21,9.57079E+15,5.24466E+16
20602,3.1709E+18,3,2,41,10,2017,9,10,7,3,1,5,0,1,0,0,1,0,0,5.50601E+20,5.81185E+21,9.74465E+15,5.24545E+16
20603,3.1709E+18,3,2,41,10,2017,9,11,7,3,8,6,1,1,0,0,0,0,0,5.50599E+20,5.81186E+21,9.74463E+15,5.24546E+16
20604,3.1709E+18,3,2,41,15,2017,9,18,7,3,0,1,0,0,0,1,0,0,1,5.43979E+20,5.80584E+21,9.64641E+15,5.2401E+16
20605,3.1709E+18,3,2,41,1,2017,9,15,7,2,6,4,1,0,1,0,0,0,0,5.5022E+20,5.80225E+21,9.73761E+15,5.23683E+16
20606,3.1709E+18,3,2,41,19,2017,9,12,7,3,2,6,0,1,0,0,0,0,0,5.50757E+20,5.8277E+21,9.74937E+15,5.25969E+16
20607,3.1709E+18,3,1,59,26,2017,9,17,7,3,9,1,0,1,0,0,0,0,1,5.85042E+20,5.73244E+21,1.02316E+16,5.17364E+16
20608,3.1709E+18,3,1,55,13,2017,9,15,7,3,3,2,0,1,0,0,0,0,0,5.62027E+20,5.74643E+21,9.90083E+15,5.18652E+16
20609,3.1709E+18,3,1,55,3,2017,9,12,7,3,5,3,0,1,0,0,0,0,0,5.51746E+20,5.7421E+21,9.75088E+15,5.18273E+16
20610,3.1709E+18,3,1,55,11,2017,9,11,7,3,2,6,0,1,0,0,0,0,0,5.72821E+20,5.72799E+21,1.00537E+16,5.16982E+16
20611,3.1709E+18,3,2,57,31,2017,9,12,7,3,5,3,1,1,0,0,0,0,0,5.06229E+20,5.78295E+21,9.09113E+15,5.2197E+16
20612,3.1709E+18,3,2,54,42,2017,9,17,7,3,2,6,0,1,0,0,0,0,0,5.65522E+20,5.75392E+21,9.953E+15,5.19322E+16
20613,3.1709E+18,3,2,55,4,2017,9,13,7,3,4,1,0,1,0,1,0,0,1,5.28933E+20,5.7318E+21,9.41899E+15,5.17364E+16
20614,3.1709E+18,3,1,59,10,2017,9,16,7,2,4,5,0,1,0,0,0,0,1,5.92717E+20,5.70911E+21,1.03365E+16,5.15255E+16
20615,3.1709E+18,3,1,59,16,2017,9,18,7,3,2,6,0,1,0,0,0,0,0,5.63982E+20,5.70967E+21,9.92247E+15,5.15345E+16
20616,3.1709E+18,3,1,54,14,2017,9,10,7,2,5,3,0,1,0,0,0,0,0,6.12962E+20,5.79685E+21,1.0657E+16,5.23103E+16
20617,3.1709E+18,3,1,58,37,2017,9,20,7,2,4,2,0,1,0,0,0,2,0,6.02253E+20,5.77726E+21,1.0494E+16,5.21363E+16
20618,3.1709E+18,3,1,57,9,2017,9,15,7,3,5,3,0,1,0,1,0,0,1,5.85196E+20,5.78707E+21,1.02474E+16,5.22275E+16
20619,3.1709E+18,3,1,53,17,2017,9,11,7,3,0,1,0,0,0,1,0,0,0,5.95292E+20,5.74695E+21,1.03839E+16,5.18652E+16
20620,3.1709E+18,3,1,51,16,2017,9,16,7,2,8,1,0,1,0,0,0,0,0,6.09938E+20,5.80563E+21,1.06155E+16,5.23899E+16
20621,3.1709E+18,3,1,51,16,2017,9,13,7,3,2,6,0,1,0,0,0,0,0,6.04698E+20,5.80333E+21,1.05378E+16,5.23702E+16
20622,3.1709E+18,3,4,59,8,2017,9,15,6,3,2,6,0,1,0,0,0,0,0,4.40681E+20,5.79857E+21,8.12942E+15,5.23342E+16
20623,3.1709E+18,3,4,59,24,2017,9,8,6,3,5,2,0,1,0,0,0,0,0,4.55709E+20,5.78434E+21,8.35182E+15,5.22077E+16
20624,3.1709E+18,3,4,59,4,2017,9,13,6,3,5,3,1,0,0,0,0,0,0,4.35194E+20,5.7777E+21,8.05291E+15,5.2146E+16
20625,3.1709E+18,3,4,59,33,2017,9,18,6,3,3,6,0,1,0,0,0,0,0,4.32295E+20,5.80133E+21,8.0058E+15,5.23581E+16
20626,3.1709E+18,3,4,59,13,2017,9,13,6,3,5,3,1,1,0,0,0,0,0,4.55106E+20,5.80272E+21,8.34055E+15,5.23729E+16
20627,3.1709E+18,3,4,59,28,2017,9,20,6,2,8,1,0,1,0,0,0,1,0,4.24409E+20,5.82723E+21,7.88416E+15,5.25899E+16
20628,3.1709E+18,3,4,59,10,2017,9,13,6,3,2,6,0,1,0,0,0,0,0,4.27918E+20,5.82347E+21,7.93676E+15,5.25565E+16
20629,3.1709E+18,3,4,54,8,2017,9,12,6,3,2,2,0,1,0,0,0,0,0,3.89454E+20,5.87126E+21,7.35349E+15,5.29795E+16
20630,3.1709E+18,3,4,56,17,2017,9,19,6,3,4,2,0,1,0,0,0,0,0,3.69229E+20,5.82617E+21,7.07043E+15,5.25698E+16
20631,3.1709E+18,3,4,54,21,2017,9,5,6,3,6,6,1,0,1,0,0,2,0,4.05259E+20,5.83732E+21,7.59866E+15,5.26775E+16
20632,3.1709E+18,3,4,54,12,2017,9,9,6,3,9,7,0,1,0,0,0,0,0,4.0224E+20,5.81281E+21,7.56126E+15,5.24567E+16
20633,3.1709E+18,3,4,52,21,2017,9,11,6,3,2,6,0,1,0,0,0,0,0,3.84439E+20,5.93451E+21,7.25585E+15,5.35468E+16
20634,3.1709E+18,3,4,52,1,2017,9,20,6,3,5,3,0,1,0,0,1,1,0,3.96524E+20,5.92823E+21,7.44025E+15,5.34928E+16
20635,3.1709E+18,3,4,60,8,2017,9,14,6,3,5,3,0,1,0,0,0,0,0,4.46991E+20,5.82733E+21,8.21744E+15,5.25934E+16
20636,3.1709E+18,3,4,60,10,2017,9,7,6,3,5,3,0,0,0,1,1,0,0,4.55306E+20,5.84875E+21,8.33728E+15,5.27867E+16
20637,3.1709E+18,3,4,5,0,2017,9,18,6,3,2,2,0,1,0,0,0,0,1,4.40243E+20,5.93146E+21,8.09851E+15,5.35287E+16
20638,3.1709E+18,3,3,56,2,2017,9,12,6,3,4,2,0,1,0,0,0,0,0,4.98803E+20,5.89281E+21,8.98209E+15,5.31846E+16
20639,3.1709E+18,3,3,56,7,2017,9,17,6,3,5,3,0,1,0,1,0,0,0,4.83664E+20,5.8947E+21,8.75544E+15,5.32014E+16
20640,3.1709E+18,3,3,61,2,2017,9,23,6,3,5,3,0,1,0,0,0,2,0,5.0904E+20,5.8648E+21,9.13449E+15,5.29328E+16
20641,3.1709E+18,3,4,51,4,2017,9,17,6,3,2,6,0,1,0,0,0,0,0,4.32198E+20,5.8875E+21,7.98657E+15,5.31326E+16
20642,3.1709E+18,3,4,3,0,2017,9,16,6,3,4,6,0,1,0,0,0,0,0,4.49724E+20,5.89229E+21,8.24775E+15,5.31776E+16
20643,3.1709E+18,3,4,3,0,2017,9,14,6,3,5,2,1,1,0,0,0,0,0,4.46239E+20,5.89157E+21,8.19574E+15,5.31708E+16
20644,3.1709E+18,3,2,51,47,2017,9,14,6,1,5,3,0,0,0,1,1,0,0,4.91856E+20,5.87054E+21,8.87869E+15,5.29844E+16
20645,3.1709E+18,3,2,51,47,2017,9,12,6,3,2,6,0,1,0,0,0,0,0,4.88144E+20,5.87091E+21,8.82339E+15,5.29876E+16
20646,3.1709E+18,3,2,51,24,2017,9,20,6,3,5,3,0,1,0,0,0,1,0,4.92641E+20,5.83808E+21,8.89111E+15,5.26925E+16
20647,3.1709E+18,3,2,51,44,2017,9,7,6,3,4,2,1,1,0,0,0,0,0,4.7103E+20,5.82377E+21,8.57262E+15,5.25632E+16
20648,3.1709E+18,3,4,58,13,2017,9,13,6,3,2,6,0,1,0,0,0,0,0,4.47834E+20,5.87765E+21,8.22185E+15,5.30459E+16
20649,3.1709E+18,3,4,61,1,2017,9,18,6,3,2,6,0,1,0,0,1,0,0,4.65458E+20,5.89263E+21,8.48313E+15,5.31819E+16
20650,3.1709E+18,3,4,58,5,2017,9,16,6,3,5,2,0,1,0,0,0,0,0,4.71209E+20,5.87443E+21,8.5708E+15,5.30186E+16
20651,3.1709E+18,3,4,58,5,2017,9,14,6,3,5,2,1,1,0,0,0,0,0,4.68094E+20,5.87564E+21,8.52424E+15,5.30293E+16
20652,3.1709E+18,3,4,58,8,2017,9,13,6,3,5,3,1,1,0,0,0,0,0,4.726E+20,5.86233E+21,8.59257E+15,5.291E+16
20653,3.1709E+18,3,3,59,10,2017,9,14,6,3,6,1,1,0,1,0,0,0,0,5.41407E+20,5.92622E+21,9.62399E+15,5.34834E+16
20654,3.1709E+18,3,3,58,22,2017,9,16,6,3,2,6,0,1,0,0,1,0,0,5.45052E+20,5.84732E+21,9.66783E+15,5.27738E+16
20655,3.1709E+18,3,3,58,5,2017,9,11,6,3,2,6,0,1,0,0,0,0,0,5.48808E+20,5.83151E+21,9.72116E+15,5.26314E+16
20656,3.1709E+18,3,3,55,3,2017,9,17,6,2,4,1,0,1,0,0,0,0,0,5.98992E+20,5.91423E+21,1.04878E+16,5.33679E+16
20657,3.1709E+18,3,3,51,25,2017,9,12,6,2,2,6,0,1,0,0,1,0,0,5.82458E+20,5.84121E+21,1.02207E+16,5.27145E+16
20658,3.1709E+18,3,2,41,1,2017,9,15,6,3,2,6,0,1,0,0,0,0,0,5.47613E+20,5.80756E+21,9.70008E+15,5.24162E+16
20659,3.1709E+18,3,2,41,13,2017,9,8,6,3,4,6,0,1,0,0,1,0,0,5.51263E+20,5.78593E+21,9.75044E+15,5.22214E+16
20660,3.1709E+18,3,1,55,12,2017,9,6,6,2,5,3,0,1,0,0,0,1,0,5.44119E+20,5.725E+21,9.63804E+15,5.16743E+16
20661,3.1709E+18,3,1,59,19,2017,9,12,6,3,0,2,1,0,0,0,1,0,0,5.92274E+20,5.7237E+21,1.0334E+16,5.16567E+16
20662,3.1709E+18,3,2,56,33,2017,9,6,6,3,3,2,0,1,0,0,0,1,0,4.90636E+20,5.82218E+21,8.8619E+15,5.25496E+16
20663,3.1709E+18,3,2,57,24,2017,9,8,6,3,0,1,1,0,0,0,0,0,1,5.255E+20,5.79041E+21,9.37364E+15,5.22635E+16
20664,3.1709E+18,3,2,52,5,2017,9,7,6,3,2,6,0,1,0,1,0,0,1,5.24355E+20,5.76788E+21,9.35524E+15,5.2061E+16
20665,3.1709E+18,3,2,52,6,2017,9,15,6,3,5,3,1,1,0,0,0,0,0,5.26704E+20,5.76859E+21,9.38957E+15,5.20673E+16
20666,3.1709E+18,3,1,59,34,2017,9,19,6,3,4,1,1,1,0,0,0,0,0,5.52862E+20,5.68492E+21,9.75847E+15,5.13131E+16
20667,3.1709E+18,3,1,54,21,2017,9,22,6,3,2,6,0,1,0,0,0,2,0,6.28254E+20,5.78802E+21,1.08778E+16,5.22276E+16
20668,3.1709E+18,3,1,3,0,2017,9,8,6,3,5,3,0,1,0,0,0,0,0,6.13702E+20,5.80755E+21,1.06715E+16,5.24063E+16
20669,3.1709E+18,3,1,58,13,2017,9,8,6,3,5,3,0,1,0,0,0,0,0,6.18229E+20,5.78144E+21,1.07288E+16,5.21707E+16
20670,3.1709E+18,3,1,58,2,2017,9,11,6,2,6,4,0,1,1,0,0,0,0,5.84458E+20,5.77163E+21,1.02327E+16,5.20888E+16
20671,3.1709E+18,3,1,57,9,2017,9,13,6,3,4,6,1,0,0,0,0,0,0,5.82937E+20,5.79114E+21,1.02153E+16,5.22644E+16
20672,3.1709E+18,3,1,2,0,2017,9,18,6,3,5,2,0,1,0,0,0,0,0,5.98555E+20,5.77827E+21,1.04403E+16,5.21461E+16
20673,3.1709E+18,3,1,2,0,2017,9,18,6,3,2,6,0,1,0,0,0,0,0,5.88799E+20,5.77974E+21,1.02982E+16,5.2161E+16
20674,3.1709E+18,3,1,2,0,2017,9,9,6,2,5,3,1,1,0,0,0,0,0,5.92459E+20,5.77889E+21,1.03514E+16,5.21528E+16
20675,3.1709E+18,3,1,53,504,2017,9,17,6,2,8,1,0,1,0,0,0,0,0,5.93608E+20,5.74326E+21,1.03585E+16,5.18323E+16
20676,3.1709E+18,3,1,53,504,2017,9,16,6,3,8,1,0,0,0,1,0,0,0,5.94983E+20,5.74692E+21,1.03795E+16,5.1865E+16
20677,3.1709E+18,3,1,51,27,2017,9,14,6,2,3,7,0,1,0,0,0,0,0,5.96342E+20,5.80078E+21,1.04144E+16,5.23488E+16
20678,3.1709E+18,3,1,54,28,2017,9,17,6,2,3,6,0,1,0,0,1,0,0,6.36027E+20,5.79158E+21,1.0993E+16,5.22577E+16
20679,3.17083E+18,3,4,59,24,2017,8,13,5,3,4,6,0,1,0,0,1,0,0,4.56356E+20,5.78214E+21,8.36158E+15,5.2188E+16