OBJECTID,UIDENTSTLA,ULAND,UREGBEZ,UKREIS,UGEMEINDE,UJAHR,UMONAT,USTUNDE,UWOCHENTAG,UKATEGORIE,UART,UTYP1,IstRad,IstPKW,IstFuss,IstKrad,IstSonstig,LICHT,STRZUSTAND,LINREFX,LINREFY,XGCSWGS84,YGCSWGS84
20854,3.17091E+18,3,2,41,2,2017,9,17,3,3,2,6,0,1,0,0,0,0,1,5.34453E+20,5.79335E+21,9.50513E+15,5.22895E+16
20855,3.17091E+18,3,2,41,16,2017,9,8,3,3,0,7,1,0,0,0,0,0,0,5.63762E+20,5.80015E+21,9.93608E+15,5.2348E+16
20856,3.17091E+18,3,2,41,10,2017,9,14,3,3,5,2,1,1,0,0,0,0,0,5.49888E+20,5.81008E+21,9.73389E+15,5.24386E+16
20857,3.17091E+18,3,2,41,18,2017,9,5,3,3,4,2,0,1,0,1,0,2,0,5.82012E+20,5.81476E+21,1.02075E+16,5.24769E+16
20858,3.17091E+18,3,2,41,1,2017,9,17,3,3,5,3,1,1,0,0,0,0,1,5.47617E+20,5.80822E+21,9.70023E+15,5.24221E+16
20859,3.17091E+18,3,2,57,18,2017,9,16,3,3,4,1,0,1,0,0,1,0,1,5.23657E+20,5.79254E+21,9.34679E+15,5.22827E+16
20860,3.17091E+18,3,2,41,1,2017,9,11,3,3,5,2,1,1,0,0,0,0,0,5.56044E+20,5.80409E+21,9.82345E+15,5.23842E+16
20861,3.17091E+18,3,2,57,21,2017,9,7,3,3,5,7,1,1,0,0,0,0,0,5.17049E+20,5.80102E+21,9.25035E+15,5.23592E+16
20862,3.17091E+18,3,2,57,31,2017,9,7,3,3,2,6,1,1,0,0,0,1,0,5.08473E+20,5.78265E+21,9.12395E+15,5.21943E+16
20863,3.17091E+18,3,2,54,8,2017,9,12,3,3,8,1,0,0,0,1,0,0,1,5.7632E+20,5.76727E+21,1.0113E+16,5.20508E+16
20864,3.17091E+18,3,2,52,4,2017,9,15,3,3,5,3,0,1,0,0,0,0,0,5.36376E+20,5.77472E+21,9.53131E+15,5.21218E+16
20865,3.17091E+18,3,1,59,10,2017,9,16,3,3,9,1,0,1,0,0,0,0,1,5.90317E+20,5.71171E+21,1.03026E+16,5.15492E+16
20866,3.17091E+18,3,1,58,37,2017,9,11,3,3,5,3,0,1,0,0,0,0,0,6.04355E+20,5.78005E+21,1.05256E+16,5.21611E+16
20867,3.17091E+18,3,1,57,1,2017,9,15,3,1,6,4,0,1,1,0,0,0,0,5.85332E+20,5.80367E+21,1.02536E+16,5.23766E+16
20868,3.17091E+18,3,1,53,17,2017,9,16,3,3,0,1,1,0,0,0,0,0,0,6.07475E+20,5.75652E+21,1.05638E+16,5.1949E+16
20869,3.17091E+18,3,1,54,14,2017,9,16,3,3,2,6,0,1,0,0,1,0,0,6.09956E+20,5.79673E+21,1.06129E+16,5.23099E+16
20870,3.17091E+18,3,4,59,17,2017,9,8,2,3,5,3,1,1,0,0,0,0,0,4.10809E+20,5.81913E+21,7.68564E+15,5.25149E+16
20871,3.17091E+18,3,4,4,0,2017,9,17,2,3,3,6,0,1,0,0,0,0,0,4.34414E+20,5.7925E+21,8.03864E+15,5.2279E+16
20872,3.17091E+18,3,4,57,20,2017,9,10,2,2,5,3,0,1,0,0,0,0,0,4.17671E+20,5.90136E+21,7.76591E+15,5.32551E+16
20873,3.17091E+18,3,4,52,6,2017,9,18,2,3,5,3,0,1,0,0,0,0,1,4.06043E+20,5.92056E+21,7.58598E+15,5.34257E+16
20874,3.17091E+18,3,4,53,13,2017,9,14,2,3,5,2,1,1,0,0,0,0,0,4.11904E+20,5.88812E+21,7.68315E+15,5.31352E+16
20875,3.17091E+18,3,4,60,6,2017,9,14,2,3,2,6,0,1,0,0,1,0,1,4.44618E+20,5.83475E+21,8.18118E+15,5.26599E+16
20876,3.17091E+18,3,4,5,0,2017,9,11,2,3,5,3,1,0,0,0,0,0,0,4.39711E+20,5.93051E+21,8.09067E+15,5.35201E+16
20877,3.17091E+18,3,4,51,1,2017,9,14,2,3,5,3,0,1,0,1,0,0,0,4.16945E+20,5.89757E+21,7.75603E+15,5.32209E+16
20878,3.17091E+18,3,4,51,2,2017,9,14,2,3,4,6,0,1,0,0,1,0,0,4.38694E+20,5.8932E+21,8.08256E+15,5.31846E+16
20879,3.17091E+18,3,4,3,0,2017,9,13,2,3,2,6,0,1,0,0,0,0,0,4.51551E+20,5.88435E+21,8.27628E+15,5.31064E+16
20880,3.17091E+18,3,4,58,8,2017,9,6,2,3,2,6,0,1,0,0,1,0,0,4.6814E+20,5.86629E+21,8.52586E+15,5.29453E+16
20881,3.17091E+18,3,4,61,5,2017,9,9,2,3,2,6,0,1,0,0,0,0,0,4.4938E+20,5.91539E+21,8.23893E+15,5.33852E+16
20882,3.17091E+18,3,4,61,7,2017,9,7,2,3,5,2,0,1,0,1,0,0,0,4.64674E+20,5.92456E+21,8.46783E+15,5.34689E+16
20883,3.17091E+18,3,3,52,59,2017,9,5,2,3,4,1,0,1,0,0,0,2,0,4.85556E+20,5.91764E+21,8.78272E+15,5.34076E+16
20884,3.17091E+18,3,3,53,40,2017,9,9,2,3,5,3,0,1,0,0,0,0,0,5.8033E+20,5.91215E+21,1.02069E+16,5.33524E+16
20885,3.17091E+18,3,3,59,28,2017,9,6,2,3,5,3,0,1,0,0,0,1,1,5.44488E+20,5.93016E+21,9.67098E+15,5.35185E+16
20886,3.17091E+18,3,3,59,13,2017,9,18,2,3,5,2,1,1,0,0,0,1,0,5.29286E+20,5.94896E+21,9.44348E+15,5.36885E+16
20887,3.17091E+18,3,3,57,8,2017,9,10,2,3,5,3,0,1,0,0,0,0,0,5.09798E+20,5.92154E+21,9.14752E+15,5.34428E+16
20888,3.17091E+18,3,3,60,30,2017,9,21,2,1,8,1,0,0,0,1,0,2,0,6.06871E+20,5.86145E+21,1.05886E+16,5.28921E+16
20889,3.17091E+18,3,3,54,12,2017,9,19,2,2,7,7,0,0,0,1,0,1,1,6.33831E+20,5.88342E+21,1.09982E+16,5.30834E+16
20890,3.17091E+18,3,3,55,42,2017,9,16,2,3,5,3,0,1,0,0,0,0,0,5.90078E+20,5.90948E+21,1.03525E+16,5.33268E+16
20891,3.17091E+18,3,3,55,4,2017,9,6,2,3,5,3,1,1,0,0,0,1,0,5.91808E+20,5.90682E+21,1.03777E+16,5.33027E+16
20892,3.17091E+18,3,3,51,4,2017,9,0,2,3,7,7,0,1,0,0,1,2,0,5.63624E+20,5.84862E+21,9.94335E+15,5.27836E+16
20893,3.17091E+18,3,2,41,1,2017,9,10,2,3,4,2,1,1,0,0,0,0,0,5.49499E+20,5.80209E+21,9.72699E+15,5.23668E+16
20894,3.17091E+18,3,2,41,1,2017,9,17,2,3,2,6,0,1,0,0,0,0,0,5.56197E+20,5.80751E+21,9.82626E+15,5.24149E+16
20895,3.17091E+18,3,2,41,21,2017,9,22,2,3,0,6,1,0,1,0,0,2,0,5.31045E+20,5.81106E+21,9.4568E+15,5.24488E+16
20896,3.17091E+18,3,2,41,18,2017,9,8,2,3,5,3,0,1,0,0,0,0,1,5.76916E+20,5.80593E+21,1.01305E+16,5.23982E+16
20897,3.17091E+18,3,2,41,3,2017,9,10,2,3,4,2,1,1,0,0,0,0,0,5.68861E+20,5.81168E+21,1.00133E+16,5.2451E+16
20898,3.17091E+18,3,2,41,1,2017,9,20,2,3,5,3,1,0,0,0,0,2,0,5.5009E+20,5.80569E+21,9.73621E+15,5.23992E+16
20899,3.17091E+18,3,1,55,12,2017,9,11,2,2,8,6,0,0,0,0,1,0,1,5.45051E+20,5.71889E+21,9.65074E+15,5.16192E+16
20900,3.17091E+18,3,1,55,12,2017,9,11,2,2,8,1,0,0,0,0,1,0,1,5.45029E+20,5.71889E+21,9.65041E+15,5.16192E+16
20901,3.17091E+18,3,1,55,7,2017,9,13,2,3,5,3,1,1,0,0,0,0,0,5.76043E+20,5.7263E+21,1.00999E+16,5.16825E+16
20902,3.17091E+18,3,1,55,11,2017,9,12,2,3,5,3,0,1,0,0,0,0,1,5.64173E+20,5.72773E+21,9.92853E+15,5.16969E+16
20903,3.17091E+18,3,2,56,33,2017,9,7,2,2,1,5,0,0,0,0,1,0,0,4.91243E+20,5.82097E+21,8.87088E+15,5.25387E+16
20904,3.17091E+18,3,2,57,31,2017,9,11,2,3,8,1,0,0,0,1,0,0,0,5.04764E+20,5.78024E+21,9.06966E+15,5.21727E+16
20905,3.17091E+18,3,2,54,21,2017,9,10,2,3,3,6,0,1,0,0,1,0,1,5.60953E+20,5.77915E+21,9.89105E+15,5.21594E+16
20906,3.17091E+18,3,2,54,20,2017,9,7,2,2,2,6,0,1,0,0,0,1,1,5.64808E+20,5.78319E+21,9.94817E+15,5.21954E+16
20907,3.17091E+18,3,2,52,1,2017,9,7,2,2,4,6,0,1,0,0,1,0,1,5.1725E+20,5.76896E+21,9.25167E+15,5.20709E+16
20908,3.17091E+18,3,2,52,8,2017,9,15,2,3,4,2,0,1,0,0,0,0,1,5.40856E+20,5.76673E+21,9.59579E+15,5.20496E+16
20909,3.17091E+18,3,1,59,17,2017,9,14,2,3,2,6,0,1,0,0,0,0,0,5.49088E+20,5.69471E+21,9.70567E+15,5.14015E+16
20910,3.17091E+18,3,1,3,0,2017,9,17,2,3,2,6,0,1,0,0,0,0,0,6.23985E+20,5.8115E+21,1.0824E+16,5.24396E+16
20911,3.17091E+18,3,1,3,0,2017,9,15,2,3,2,6,0,1,0,0,1,0,0,6.27169E+20,5.81522E+21,1.08723E+16,5.24723E+16
20912,3.17091E+18,3,1,2,0,2017,9,17,2,3,8,7,0,1,0,0,0,0,0,6.00676E+20,5.78074E+21,1.04721E+16,5.2168E+16
20913,3.17091E+18,3,1,53,12,2017,9,16,2,2,8,1,0,0,0,1,0,0,0,5.77404E+20,5.75174E+21,1.01253E+16,5.1911E+16
20914,3.17091E+18,3,1,53,12,2017,9,11,2,3,5,3,0,1,0,0,0,0,0,5.78411E+20,5.75575E+21,1.01408E+16,5.19469E+16
20915,3.17091E+18,3,1,53,8,2017,9,6,2,3,5,2,0,1,0,0,0,1,0,5.98426E+20,5.76422E+21,1.04344E+16,5.20199E+16
20916,3.17091E+18,3,1,51,24,2017,9,12,2,3,1,7,1,1,0,0,0,0,0,6.27076E+20,5.81595E+21,1.08712E+16,5.24789E+16
20917,3.17091E+18,3,1,51,27,2017,9,21,2,3,5,3,0,1,0,0,0,2,0,5.97082E+20,5.79914E+21,1.04248E+16,5.2334E+16
20918,3.17091E+18,3,1,54,14,2017,9,23,2,2,2,6,0,0,0,0,1,2,0,6.15736E+20,5.79669E+21,1.06976E+16,5.23083E+16
20919,3.17091E+18,3,4,59,24,2017,9,22,1,3,2,6,0,1,0,0,0,2,0,4.54478E+20,5.78273E+21,8.33403E+15,5.21932E+16
20920,3.17091E+18,3,4,59,14,2017,9,14,1,2,0,3,0,1,0,0,0,0,0,4.2935E+20,5.81038E+21,7.96067E+15,5.2439E+16
20921,3.17091E+18,3,4,54,33,2017,9,11,1,3,5,3,0,1,0,0,0,0,0,4.09217E+20,5.8646E+21,7.64962E+15,5.29233E+16
20922,3.17091E+18,3,4,54,11,2017,9,19,1,2,5,2,0,1,0,1,0,0,0,4.0738E+20,5.87277E+21,7.61997E+15,5.29965E+16
20923,3.17091E+18,3,4,56,1,2017,9,15,1,2,5,3,0,1,0,0,0,0,0,3.68251E+20,5.79837E+21,7.06697E+15,5.23198E+16
20924,3.17091E+18,3,4,54,19,2017,9,1,1,2,8,1,0,1,0,0,0,2,1,3.92481E+20,5.83087E+21,7.41184E+15,5.26172E+16
20925,3.17091E+18,3,4,54,10,2017,9,10,1,3,5,3,0,1,0,1,0,0,0,3.84812E+20,5.81406E+21,7.30445E+15,5.24645E+16
20926,3.17091E+18,3,4,52,11,2017,9,17,1,3,4,6,0,1,0,0,0,0,0,3.83112E+20,5.92123E+21,7.24078E+15,5.34272E+16
20927,3.17091E+18,3,4,52,1,2017,9,18,1,3,4,2,0,1,0,0,0,0,0,3.98356E+20,5.92578E+21,7.46865E+15,5.34712E+16
20928,3.17091E+18,3,4,60,10,2017,9,18,1,2,5,3,0,1,0,1,0,0,0,4.55843E+20,5.85097E+21,8.34494E+15,5.28067E+16
20929,3.17091E+18,3,4,60,9,2017,9,13,1,2,5,3,1,1,0,0,0,0,0,4.50528E+20,5.84653E+21,8.26678E+15,5.27663E+16
20930,3.17091E+18,3,4,53,12,2017,9,14,1,3,2,2,0,1,0,0,0,0,0,4.21996E+20,5.86108E+21,7.8405E+15,5.28937E+16
20931,3.17091E+18,3,4,55,25,2017,9,18,1,2,5,3,0,1,0,0,0,0,0,4.33882E+20,5.91598E+21,8.00582E+15,5.33888E+16
20932,3.17091E+18,3,4,55,26,2017,9,10,1,3,0,1,0,0,0,1,0,0,0,4.37976E+20,5.91294E+21,8.06796E+15,5.33619E+16
20933,3.17091E+18,3,3,56,5,2017,9,11,1,3,5,3,1,0,0,1,0,0,0,4.96479E+20,5.89028E+21,8.94733E+15,5.31619E+16
20934,3.17091E+18,3,3,56,5,2017,9,3,1,2,0,1,0,1,0,0,0,2,1,4.97423E+20,5.89154E+21,8.96145E+15,5.31733E+16
20935,3.17091E+18,3,4,51,4,2017,9,16,1,3,7,7,0,0,1,1,0,0,0,4.24238E+20,5.88935E+21,7.86719E+15,5.31482E+16
20936,3.17091E+18,3,2,51,12,2017,9,14,1,3,5,2,0,1,0,0,0,0,0,4.54484E+20,5.83577E+21,8.32689E+15,5.26699E+16
20937,3.17091E+18,3,3,53,31,2017,9,22,1,3,3,6,0,1,0,0,0,2,0,5.68583E+20,5.91957E+21,1.0032E+16,5.34207E+16
20938,3.17091E+18,3,3,53,31,2017,9,5,1,3,9,7,0,1,0,0,0,1,0,5.65398E+20,5.91505E+21,9.98316E+15,5.33805E+16
20939,3.17091E+18,3,3,59,10,2017,9,14,1,3,2,2,0,1,0,1,0,0,0,5.45083E+20,5.92399E+21,9.67907E+15,5.3463E+16
20940,3.17091E+18,3,3,58,2,2017,9,4,1,2,9,1,0,1,0,0,0,2,0,5.68065E+20,5.889E+21,1.00177E+16,5.31461E+16
20941,3.17091E+18,3,3,58,14,2017,9,17,1,3,8,1,1,0,0,0,0,0,0,5.3992E+20,5.84622E+21,9.59162E+15,5.27643E+16
20942,3.17091E+18,3,3,58,19,2017,9,18,1,2,5,3,0,1,0,0,0,0,0,5.56593E+20,5.88973E+21,9.8463E+15,5.31539E+16
20943,3.17091E+18,3,3,58,19,2017,9,19,1,3,5,3,0,1,0,1,0,0,0,5.51307E+20,5.88188E+21,9.76601E+15,5.30839E+16
20944,3.17091E+18,3,3,53,18,2017,9,14,1,3,2,6,0,1,0,0,0,0,0,5.41942E+20,5.90986E+21,9.62988E+15,5.33362E+16
20945,3.17091E+18,3,3,55,22,2017,9,4,1,3,5,3,0,1,0,0,0,2,0,5.95229E+20,5.90351E+21,1.0428E+16,5.32723E+16
20946,3.17091E+18,3,2,41,21,2017,9,16,1,3,5,3,0,1,0,1,0,0,0,5.24156E+20,5.81139E+21,9.35546E+15,5.24522E+16
20947,3.17091E+18,3,2,41,17,2017,9,10,1,3,0,6,1,0,0,0,0,0,0,5.42499E+20,5.78471E+21,9.62199E+15,5.22112E+16
20948,3.17091E+18,3,2,41,6,2017,9,19,1,3,5,2,1,1,0,0,0,1,0,5.41552E+20,5.79954E+21,9.60997E+15,5.23446E+16
20949,3.17091E+18,3,2,41,5,2017,9,15,1,3,2,6,0,1,0,0,0,0,0,5.41562E+20,5.80919E+21,9.61131E+15,5.24313E+16
20950,3.17091E+18,3,2,41,1,2017,9,11,1,2,6,4,0,1,1,0,0,0,0,5.4997E+20,5.80453E+21,9.73428E+15,5.23887E+16
20951,3.17091E+18,3,1,59,19,2017,9,13,1,3,5,3,0,1,0,1,0,0,0,5.93991E+20,5.72465E+21,1.0359E+16,5.1665E+16
20952,3.17091E+18,3,2,56,3,2017,9,17,1,3,8,7,0,0,0,1,0,0,0,5.06352E+20,5.84985E+21,9.09421E+15,5.27984E+16
20953,3.17091E+18,3,2,54,8,2017,9,13,1,3,8,1,0,0,0,1,0,0,1,5.76164E+20,5.76718E+21,1.01107E+16,5.205E+16
20954,3.17091E+18,3,1,59,17,2017,9,15,1,3,0,5,1,1,0,0,0,0,0,5.45307E+20,5.69678E+21,9.65158E+15,5.14204E+16
20955,3.17091E+18,3,1,58,27,2017,9,15,1,2,4,1,0,1,0,0,0,0,0,6.1856E+20,5.78115E+21,1.07336E+16,5.2168E+16
20956,3.17091E+18,3,1,57,6,2017,9,17,1,3,5,3,1,0,0,0,1,0,0,5.8432E+20,5.79915E+21,1.02376E+16,5.23362E+16
20957,3.17091E+18,3,1,53,9,2017,9,12,1,2,9,1,0,0,0,1,0,0,0,5.85729E+20,5.76153E+21,1.02487E+16,5.19978E+16
20958,3.17091E+18,3,1,53,18,2017,9,16,1,3,2,2,0,1,0,0,0,0,0,6.05951E+20,5.74018E+21,1.05366E+16,5.18024E+16
20959,3.17091E+18,3,4,59,19,2017,9,13,7,3,2,6,0,1,0,0,0,0,1,4.35467E+20,5.78432E+21,8.05564E+15,5.22056E+16
20960,3.17091E+18,3,4,57,13,2017,9,13,7,3,4,1,0,1,0,0,0,0,1,4.00344E+20,5.90251E+21,7.50593E+15,5.32625E+16
20961,3.17091E+18,3,4,57,13,2017,9,13,7,3,2,6,0,1,0,0,0,0,1,3.96068E+20,5.89996E+21,7.44266E+15,5.32387E+16
20962,3.17091E+18,3,4,56,2,2017,9,2,7,3,7,7,0,0,0,1,0,2,1,3.54656E+20,5.83094E+21,6.85347E+15,5.2609E+16
20963,3.17091E+18,3,4,56,23,2017,9,23,7,3,7,7,0,1,0,0,1,2,0,3.56724E+20,5.81704E+21,6.88998E+15,5.24847E+16
20964,3.17091E+18,3,4,52,6,2017,9,13,7,3,4,6,0,1,0,0,0,0,1,4.07159E+20,5.91806E+21,7.60351E+15,5.34034E+16
20965,3.17091E+18,3,4,52,23,2017,9,22,7,3,5,3,0,1,0,1,0,2,1,3.92314E+20,5.92557E+21,7.37772E+15,5.34681E+16
20966,3.17091E+18,3,4,52,1,2017,9,18,7,3,2,6,0,1,0,0,0,0,1,3.99839E+20,5.92467E+21,7.49133E+15,5.34615E+16
20967,3.17091E+18,3,4,53,7,2017,9,17,7,3,2,2,0,1,0,0,0,0,1,4.21819E+20,5.88227E+21,7.83274E+15,5.30842E+16
20968,3.17091E+18,3,4,60,4,2017,9,7,7,3,9,1,0,1,0,0,0,0,1,4.62855E+20,5.85024E+21,8.44903E+15,5.28007E+16
20969,3.17091E+18,3,4,5,0,2017,9,13,7,3,2,6,0,1,0,0,0,0,1,4.38012E+20,5.93126E+21,8.0649E+15,5.35266E+16
20970,3.17091E+18,3,3,56,11,2017,9,19,7,3,5,3,0,1,0,0,0,1,1,4.97155E+20,5.89948E+21,8.95736E+15,5.32446E+16
20971,3.17091E+18,3,3,56,8,2017,9,15,7,3,4,6,0,1,0,0,0,0,1,4.833E+20,5.89195E+21,8.75014E+15,5.31766E+16
20972,3.17091E+18,3,4,55,26,2017,9,11,7,3,9,1,0,1,0,0,0,0,1,4.40435E+20,5.91692E+21,8.10417E+15,5.3398E+16
20973,3.17091E+18,3,4,51,2,2017,9,15,7,3,6,2,0,1,1,0,0,0,1,4.33643E+20,5.89322E+21,8.00698E+15,5.31842E+16
20974,3.17091E+18,3,2,51,42,2017,9,18,7,3,8,1,0,0,0,1,0,0,1,4.77067E+20,5.84713E+21,8.66006E+15,5.27735E+16
20975,3.17091E+18,3,2,51,37,2017,9,13,7,3,2,6,0,1,0,0,0,0,1,4.8178E+20,5.87341E+21,8.72845E+15,5.30099E+16
20976,3.17091E+18,3,4,58,5,2017,9,17,7,3,6,4,0,1,1,0,0,0,0,4.73292E+20,5.88072E+21,8.60134E+15,5.30753E+16
20977,3.17091E+18,3,3,52,59,2017,9,19,7,3,9,1,0,1,0,0,0,1,0,4.80039E+20,5.91872E+21,8.69967E+15,5.34172E+16
20978,3.17091E+18,3,3,53,31,2017,9,14,7,3,2,6,0,1,0,0,0,0,1,5.68055E+20,5.9165E+21,1.00234E+16,5.33932E+16
20979,3.17091E+18,3,3,53,5,2017,9,19,7,3,9,1,0,1,0,0,0,0,1,5.55527E+20,5.90454E+21,9.83294E+15,5.32872E+16
20980,3.17091E+18,3,3,59,10,2017,9,19,7,3,1,7,0,1,0,0,0,0,0,5.46675E+20,5.92557E+21,9.70327E+15,5.3477E+16
20981,3.17091E+18,3,3,59,1,2017,9,12,7,3,5,3,1,1,0,0,0,0,1,5.37686E+20,5.933E+21,9.56873E+15,5.35445E+16
20982,3.17091E+18,3,3,58,23,2017,9,13,7,3,2,2,0,1,0,0,0,0,1,5.59012E+20,5.86663E+21,9.87825E+15,5.29461E+16
20983,3.17091E+18,3,3,57,16,2017,9,10,7,3,8,7,0,1,0,0,0,0,1,4.97759E+20,5.91507E+21,8.96631E+15,5.33848E+16
20984,3.17091E+18,3,3,57,39,2017,9,18,7,2,9,1,0,1,0,0,0,0,1,5.25103E+20,5.88594E+21,9.37511E+15,5.31223E+16
20985,3.17091E+18,3,3,54,4,2017,9,5,7,3,8,1,0,1,0,0,0,2,1,6.37894E+20,5.88643E+21,1.10601E+16,5.31095E+16
20986,3.17092E+18,3,4,52,21,2017,9,10,6,2,5,3,0,1,0,0,0,0,0,3.81193E+20,5.93459E+21,7.20686E+15,5.35468E+16
20987,3.17092E+18,3,4,52,6,2017,9,14,6,3,2,6,0,1,0,0,0,0,0,4.06057E+20,5.92055E+21,7.58619E+15,5.34256E+16
20988,3.17092E+18,3,4,60,3,2017,9,17,6,2,3,2,0,1,0,0,0,0,0,4.35258E+20,5.83649E+21,8.04246E+15,5.26745E+16
20989,3.17091E+18,3,3,51,21,2017,9,9,7,2,5,7,1,1,0,0,0,0,1,5.76218E+20,5.82207E+21,1.01239E+16,5.25434E+16
20990,3.17092E+18,3,4,53,4,2017,9,9,6,2,7,7,1,0,0,0,1,0,0,4.35941E+20,5.85351E+21,8.04924E+15,5.28275E+16
20991,3.17092E+18,3,4,55,25,2017,9,11,6,3,2,2,0,1,0,0,0,0,0,4.35375E+20,5.91811E+21,8.02783E+15,5.34081E+16
20992,3.17092E+18,3,4,55,26,2017,9,10,6,3,2,6,0,1,0,0,0,0,0,4.42859E+20,5.91634E+21,8.14072E+15,5.33931E+16
20993,3.17092E+18,3,4,55,26,2017,9,6,6,3,8,1,0,0,0,0,1,0,0,4.36449E+20,5.91586E+21,8.04443E+15,5.3388E+16
20994,3.17092E+18,3,4,55,15,2017,9,18,6,2,8,1,0,0,0,1,0,0,0,4.3276E+20,5.93776E+21,7.98428E+15,5.35843E+16
20995,3.17092E+18,3,2,51,40,2017,9,22,6,3,5,3,0,1,0,0,0,2,1,4.86655E+20,5.83657E+21,8.80261E+15,5.26789E+16
20996,3.17092E+18,3,4,1,0,2017,9,18,6,3,2,6,0,1,0,0,1,0,1,4.75426E+20,5.87805E+21,8.63339E+15,5.30514E+16
20997,3.17092E+18,3,3,53,40,2017,9,7,6,3,5,3,1,1,0,0,0,0,0,5.79915E+20,5.91006E+21,1.02001E+16,5.33337E+16
20998,3.17091E+18,3,2,41,1,2017,9,13,7,3,5,2,0,1,0,0,0,0,0,5.48638E+20,5.80144E+21,9.71425E+15,5.23611E+16
20999,3.17091E+18,3,2,41,9,2017,9,11,7,3,3,2,0,1,0,0,1,0,1,5.53575E+20,5.7969E+21,9.78601E+15,5.23198E+16
21000,3.17091E+18,3,2,41,5,2017,9,11,7,3,5,3,0,1,0,0,0,0,1,5.41379E+20,5.81057E+21,9.60879E+15,5.24438E+16
21001,3.17091E+18,3,2,41,10,2017,9,3,7,3,2,6,0,1,0,0,0,2,1,5.48928E+20,5.81231E+21,9.7201E+15,5.24588E+16
21002,3.17091E+18,3,2,41,1,2017,9,17,7,3,5,2,1,1,0,0,0,0,0,5.51986E+20,5.79962E+21,9.76313E+15,5.23444E+16
21003,3.17091E+18,3,2,41,11,2017,9,19,7,3,9,1,0,1,0,0,0,1,1,5.61391E+20,5.80571E+21,9.90229E+15,5.23982E+16
21004,3.17091E+18,3,2,41,1,2017,9,11,7,3,2,7,0,1,0,0,1,0,1,5.464E+20,5.80902E+21,9.68243E+15,5.24294E+16
21005,3.17091E+18,3,2,41,1,2017,9,6,7,3,8,1,0,1,0,0,0,2,1,5.46099E+20,5.80498E+21,9.67745E+15,5.23931E+16
21006,3.17091E+18,3,2,41,4,2017,9,3,7,3,8,7,0,0,0,0,1,2,1,5.55417E+20,5.8192E+21,9.81674E+15,5.25201E+16
21007,3.17091E+18,3,2,41,15,2017,9,1,7,2,5,1,0,1,0,0,1,2,1,5.44003E+20,5.80543E+21,9.64672E+15,5.23973E+16
21008,3.17092E+18,3,3,59,38,2017,9,9,6,2,8,1,0,0,0,0,1,0,0,5.31085E+20,5.93733E+21,9.46955E+15,5.35839E+16
21009,3.17091E+18,3,1,55,9,2017,9,12,7,3,8,1,0,0,0,0,1,0,1,5.53498E+20,5.73185E+21,9.77473E+15,5.1735E+16
21010,3.17091E+18,3,2,54,29,2017,9,22,7,3,9,7,0,1,0,0,0,2,1,5.73541E+20,5.77915E+21,1.0075E+16,5.21579E+16
21011,3.17091E+18,3,2,54,45,2017,9,16,7,3,5,2,0,1,0,0,0,0,1,5.64435E+20,5.76179E+21,9.93866E+15,5.2003E+16
21012,3.17091E+18,3,2,54,21,2017,9,16,7,2,0,1,1,0,0,0,0,0,0,5.63743E+20,5.77854E+21,9.93172E+15,5.21537E+16
21013,3.17092E+18,3,2,41,19,2017,9,11,6,3,2,6,0,1,0,0,0,0,0,5.47184E+20,5.83521E+21,9.69769E+15,5.26647E+16
21014,3.17091E+18,3,2,54,21,2017,9,11,7,3,0,2,0,1,0,0,0,0,0,5.63659E+20,5.77365E+21,9.92957E+15,5.21097E+16
21015,3.17092E+18,3,3,58,23,2017,9,20,6,3,5,3,0,1,0,0,1,2,0,5.61708E+20,5.86048E+21,9.91719E+15,5.28904E+16
21016,3.17091E+18,3,2,52,1,2017,9,16,7,3,2,6,0,1,0,0,0,0,0,5.13028E+20,5.76573E+21,9.18995E+15,5.2042E+16
21017,3.17091E+18,3,2,52,1,2017,9,0,7,3,9,1,0,1,0,0,0,2,1,5.1421E+20,5.77223E+21,9.20745E+15,5.21004E+16
21018,3.17092E+18,3,3,57,35,2017,9,8,6,3,8,7,0,1,0,0,0,0,0,5.02523E+20,5.92546E+21,9.03802E+15,5.34781E+16
21019,3.17092E+18,3,3,60,12,2017,9,15,6,3,2,6,0,1,0,0,0,0,0,6.02005E+20,5.88437E+21,1.05235E+16,5.3099E+16
21020,3.17092E+18,3,3,60,25,2017,9,10,6,3,5,3,0,1,0,1,0,0,0,6.05156E+20,5.87166E+21,1.05664E+16,5.29842E+16
21021,3.17091E+18,3,1,54,8,2017,9,9,7,3,9,1,0,1,0,0,0,0,1,6.37111E+20,5.79801E+21,1.10115E+16,5.23153E+16
21022,3.17092E+18,3,3,54,11,2017,9,15,6,3,0,7,0,0,0,1,1,0,0,6.41968E+20,5.87919E+21,1.11177E+16,5.30434E+16
21023,3.17091E+18,3,1,58,7,2017,9,4,7,1,6,6,0,1,1,0,0,2,1,6.2606E+20,5.77678E+21,1.08416E+16,5.21272E+16
21024,3.17092E+18,3,3,55,13,2017,9,15,6,3,2,7,0,1,0,0,0,0,0,6.14576E+20,5.89346E+21,1.07144E+16,5.31782E+16
21025,3.17092E+18,3,2,41,21,2017,9,16,6,3,2,6,0,1,0,0,0,0,1,5.30324E+20,5.81014E+21,9.44611E+15,5.24406E+16
21026,3.17092E+18,3,2,41,13,2017,9,17,6,3,5,3,0,1,0,0,0,0,0,5.51654E+20,5.78961E+21,9.75672E+15,5.22545E+16
21027,3.17092E+18,3,2,41,12,2017,9,15,6,2,5,3,0,1,0,0,1,0,1,5.38598E+20,5.8274E+21,9.56983E+15,5.25953E+16