OBJECTID,UIDENTSTLA,ULAND,UREGBEZ,UKREIS,UGEMEINDE,UJAHR,UMONAT,USTUNDE,UWOCHENTAG,UKATEGORIE,UART,UTYP1,IstRad,IstPKW,IstFuss,IstKrad,IstSonstig,LICHT,STRZUSTAND,LINREFX,LINREFY,XGCSWGS84,YGCSWGS84
21726,3.171E+18,3,1,59,17,2017,10,10,3,3,8,7,0,1,0,0,0,0,1,5.44331E+20,5.69495E+21,9.63733E+15,5.1404E+16
21727,3.171E+18,3,1,55,9,2017,10,15,3,3,2,6,0,1,0,0,0,0,0,5.63341E+20,5.72324E+21,9.91568E+15,5.16566E+16
21728,3.171E+18,3,1,59,16,2017,10,11,3,3,2,6,0,1,0,0,0,0,0,5.60962E+20,5.70792E+21,9.87862E+15,5.15191E+16
21729,3.171E+18,3,1,59,17,2017,10,1,3,3,9,1,0,1,0,0,0,2,1,5.49708E+20,5.69511E+21,9.71465E+15,5.14051E+16
21730,3.171E+18,3,1,1,0,2017,10,19,3,3,8,1,0,1,0,0,0,2,1,6.01883E+20,5.79359E+21,1.04936E+16,5.22832E+16
21731,3.171E+18,3,4,59,15,2017,10,10,2,3,8,7,0,1,0,0,0,0,1,4.42365E+20,5.77735E+21,8.15775E+15,5.21436E+16
21732,3.171E+18,3,4,59,24,2017,10,17,2,3,8,1,0,1,0,0,0,0,0,4.56625E+20,5.78893E+21,8.36465E+15,5.22491E+16
21733,3.171E+18,3,4,59,12,2017,10,13,2,3,8,1,0,1,0,0,0,0,1,4.4694E+20,5.79275E+21,8.22219E+15,5.22825E+16
21734,3.171E+18,3,4,59,15,2017,10,18,2,2,5,3,0,1,0,0,0,0,0,4.4495E+20,5.77146E+21,8.19647E+15,5.2091E+16
21735,3.171E+18,3,4,4,0,2017,10,13,2,3,5,2,1,1,0,0,0,0,0,4.37049E+20,5.7904E+21,8.07764E+15,5.22604E+16
21736,3.171E+18,3,4,4,0,2017,10,14,2,3,3,6,0,1,0,0,1,0,0,4.34607E+20,5.79271E+21,8.04142E+15,5.22809E+16
21737,3.171E+18,3,4,4,0,2017,10,13,2,3,5,2,0,1,0,0,0,0,0,4.37036E+20,5.79041E+21,8.07745E+15,5.22605E+16
21738,3.171E+18,3,4,57,16,2017,10,11,2,3,5,3,1,1,0,0,0,0,1,4.02828E+20,5.90242E+21,7.54317E+15,5.32621E+16
21739,3.171E+18,3,4,57,13,2017,10,15,2,3,2,6,0,1,0,0,0,0,0,3.98362E+20,5.89902E+21,7.47732E+15,5.32307E+16
21740,3.171E+18,3,4,54,51,2017,10,16,2,3,5,3,1,1,0,0,0,0,0,3.98062E+20,5.87356E+21,7.48092E+15,5.30019E+16
21741,3.171E+18,3,4,53,7,2017,10,11,2,3,4,2,0,1,0,0,0,0,1,4.21713E+20,5.86661E+21,7.83496E+15,5.29434E+16
21742,3.171E+18,3,4,5,0,2017,10,4,2,3,5,3,1,1,0,0,0,2,0,4.41838E+20,5.93268E+21,8.12234E+15,5.35398E+16
21743,3.171E+18,3,3,56,11,2017,10,10,2,3,8,1,0,1,0,0,0,0,1,4.95722E+20,5.89766E+21,8.93592E+15,5.32282E+16
21744,3.171E+18,3,3,61,1,2017,10,11,2,3,5,3,0,1,0,0,0,0,1,4.96938E+20,5.87604E+21,8.95434E+15,5.30339E+16
21745,3.171E+18,3,3,61,12,2017,10,16,2,3,5,3,1,1,0,0,0,0,0,5.16387E+20,5.86764E+21,9.24395E+15,5.29581E+16
21746,3.171E+18,3,4,55,26,2017,10,14,2,3,2,2,0,1,0,0,0,0,0,4.40507E+20,5.91681E+21,8.10527E+15,5.3397E+16
21747,3.171E+18,3,4,51,5,2017,10,19,2,2,5,3,0,1,0,0,0,1,1,4.51802E+20,5.8987E+21,8.27787E+15,5.32354E+16
21748,3.171E+18,3,4,51,4,2017,10,14,2,3,5,3,1,1,0,0,0,0,0,4.31799E+20,5.88662E+21,7.98079E+15,5.31246E+16
21749,3.171E+18,3,4,3,0,2017,10,10,2,2,5,3,1,1,0,0,0,0,1,4.48519E+20,5.88769E+21,8.23047E+15,5.31361E+16
21750,3.171E+18,3,2,51,47,2017,10,23,2,3,2,2,0,1,0,0,0,2,1,4.91345E+20,5.87094E+21,8.87107E+15,5.2988E+16
21751,3.171E+18,3,2,51,37,2017,10,13,2,3,5,3,1,1,0,0,0,0,0,4.8702E+20,5.87544E+21,8.80646E+15,5.30283E+16
21752,3.171E+18,3,4,58,7,2017,10,20,2,2,2,6,0,1,0,0,0,2,0,4.5308E+20,5.86001E+21,8.30265E+15,5.28878E+16
21753,3.171E+18,3,4,1,0,2017,10,13,2,3,4,6,0,1,0,0,0,0,0,4.7868E+20,5.87864E+21,8.6819E+15,5.30568E+16
21754,3.171E+18,3,3,52,29,2017,10,16,2,3,5,3,1,1,0,0,0,0,0,5.06356E+20,5.94294E+21,9.09612E+15,5.36352E+16
21755,3.171E+18,3,3,52,11,2017,10,9,2,3,4,6,0,1,0,0,0,0,1,4.72999E+20,5.96396E+21,8.58981E+15,5.38234E+16
21756,3.171E+18,3,3,59,25,2017,10,14,2,3,0,1,0,0,0,1,0,0,0,5.20099E+20,5.94065E+21,9.30383E+15,5.36143E+16
21757,3.171E+18,3,3,58,2,2017,10,11,2,3,2,2,0,1,0,0,0,0,0,5.66828E+20,5.88208E+21,9.99775E+15,5.3084E+16
21758,3.171E+18,3,3,57,57,2017,10,9,2,3,0,7,1,0,0,0,0,0,1,5.18536E+20,5.90464E+21,9.27807E+15,5.32906E+16
21759,3.171E+18,3,3,57,8,2017,10,12,2,3,2,2,0,1,0,0,0,0,1,5.10304E+20,5.92607E+21,9.15528E+15,5.34835E+16
21760,3.171E+18,3,3,57,41,2017,10,8,2,3,6,6,0,1,1,0,0,0,1,5.31315E+20,5.89057E+21,9.46839E+15,5.31636E+16
21761,3.171E+18,3,3,57,41,2017,10,16,2,2,9,6,0,1,0,0,0,0,1,5.3487E+20,5.89403E+21,9.52194E+15,5.31945E+16
21762,3.171E+18,3,3,57,18,2017,10,13,2,3,3,6,0,1,0,0,0,0,0,5.20238E+20,5.89515E+21,9.303E+15,5.32053E+16
21763,3.171E+18,3,3,60,25,2017,10,11,2,3,5,3,0,1,0,1,0,0,1,6.06538E+20,5.86918E+21,1.05862E+16,5.29617E+16
21764,3.171E+18,3,2,41,1,2017,10,18,2,3,5,2,0,1,0,0,0,0,0,5.48107E+20,5.80848E+21,9.70747E+15,5.24244E+16
21765,3.171E+18,3,2,41,20,2017,10,13,2,3,9,1,0,1,0,0,0,0,1,5.433E+20,5.79074E+21,9.63449E+15,5.22653E+16
21766,3.171E+18,3,2,41,12,2017,10,7,2,3,2,2,0,1,0,0,0,1,1,5.30512E+20,5.81728E+21,9.44952E+15,5.25048E+16
21767,3.171E+18,3,2,41,16,2017,10,18,2,3,9,6,0,1,0,0,1,0,0,5.60857E+20,5.8076E+21,9.89479E+15,5.24153E+16
21768,3.171E+18,3,2,41,1,2017,10,14,2,2,6,1,0,1,1,0,0,0,0,5.4992E+20,5.80756E+21,9.73399E+15,5.2416E+16
21769,3.171E+18,3,2,41,1,2017,10,11,2,2,2,2,0,1,0,0,1,0,1,5.46729E+20,5.80864E+21,9.68722E+15,5.2426E+16
21770,3.171E+18,3,2,41,11,2017,10,10,2,2,2,6,0,0,0,0,1,0,1,5.76208E+20,5.80208E+21,1.01192E+16,5.23637E+16
21771,3.171E+18,3,2,54,42,2017,10,20,2,2,8,1,0,1,0,0,0,2,1,5.60936E+20,5.75504E+21,9.8865E+15,5.19427E+16
21772,3.171E+18,3,1,59,7,2017,10,12,2,3,4,1,0,1,0,0,0,0,1,5.60696E+20,5.71452E+21,9.87594E+15,5.15785E+16
21773,3.171E+18,3,1,59,16,2017,10,22,2,3,9,1,0,1,0,0,0,2,1,5.6746E+20,5.71114E+21,9.97289E+15,5.15473E+16
21774,3.171E+18,3,1,59,16,2017,10,13,2,3,2,6,0,1,0,0,0,0,1,5.61187E+20,5.71043E+21,9.88231E+15,5.15417E+16
21775,3.171E+18,3,1,54,19,2017,10,12,2,3,0,1,0,0,0,1,0,0,1,6.34538E+20,5.77951E+21,1.09664E+16,5.21497E+16
21776,3.171E+18,3,1,2,0,2017,10,9,2,3,5,2,0,1,0,0,1,0,1,5.98358E+20,5.78069E+21,1.04382E+16,5.21679E+16
21777,3.171E+18,3,1,53,2,2017,10,14,2,3,0,1,0,1,0,0,0,0,1,6.05546E+20,5.74476E+21,1.05322E+16,5.18437E+16
21778,3.171E+18,3,1,51,39,2017,10,11,2,3,2,6,0,1,0,0,1,0,1,6.17996E+20,5.81381E+21,1.07368E+16,5.24617E+16
21779,3.171E+18,3,1,51,9,2017,10,12,2,3,2,6,0,1,0,0,0,0,1,6.0467E+20,5.81705E+21,1.05417E+16,5.24936E+16
21780,3.171E+18,3,1,51,27,2017,10,11,2,2,8,7,0,0,0,0,1,0,1,5.97648E+20,5.79904E+21,1.04331E+16,5.2333E+16
21781,3.171E+18,3,4,59,14,2017,10,2,1,3,8,7,0,1,0,0,0,2,1,4.36205E+20,5.80936E+21,8.06169E+15,5.24307E+16
21782,3.171E+18,3,4,54,41,2017,10,20,1,3,6,4,0,1,1,0,0,2,0,3.88178E+20,5.87561E+21,7.33299E+15,5.30183E+16
21783,3.171E+18,3,4,54,45,2017,10,18,1,3,2,6,0,1,0,0,0,0,0,3.88006E+20,5.79792E+21,7.35684E+15,5.23202E+16
21784,3.171E+18,3,4,62,19,2017,10,15,1,3,5,3,0,1,0,1,0,0,0,4.19865E+20,5.93068E+21,7.79135E+15,5.35189E+16
21785,3.171E+18,3,4,52,1,2017,10,3,1,3,4,6,0,1,0,0,0,2,0,3.98938E+20,5.92569E+21,7.47744E+15,5.34705E+16
21786,3.171E+18,3,4,53,9,2017,10,21,1,3,6,6,1,0,1,0,0,2,0,4.28895E+20,5.85244E+21,7.94491E+15,5.2817E+16
21787,3.171E+18,3,4,51,5,2017,10,2,1,3,9,1,0,1,0,0,0,2,1,4.43798E+20,5.89941E+21,8.15784E+15,5.3241E+16
21788,3.171E+18,3,4,3,0,2017,10,9,1,3,5,3,0,1,0,1,0,0,0,4.45684E+20,5.88746E+21,8.18813E+15,5.31338E+16
21789,3.171E+18,3,2,51,37,2017,10,17,1,3,8,7,0,1,0,0,0,0,0,4.83245E+20,5.87373E+21,8.75027E+15,5.30129E+16
21790,3.171E+18,3,4,58,7,2017,10,15,1,3,0,7,0,0,0,1,0,0,0,4.51272E+20,5.87304E+21,8.27383E+15,5.30047E+16
21791,3.171E+18,3,4,58,13,2017,10,13,1,3,5,3,0,1,0,0,0,0,0,4.43575E+20,5.87883E+21,8.15812E+15,5.3056E+16
21792,3.171E+18,3,3,58,5,2017,10,14,1,3,5,2,0,1,0,1,0,0,0,5.44843E+20,5.8352E+21,9.66308E+15,5.26649E+16
21793,3.171E+18,3,3,58,19,2017,10,22,1,3,5,3,0,1,0,0,0,2,0,5.50896E+20,5.88547E+21,9.76045E+15,5.31162E+16
21794,3.171E+18,3,3,60,23,2017,10,16,1,3,2,2,0,1,0,1,0,0,0,5.97018E+20,5.86057E+21,1.04419E+16,5.28861E+16
21795,3.171E+18,3,3,55,9,2017,10,12,1,3,2,6,0,1,0,0,1,0,0,6.16294E+20,5.90344E+21,1.07438E+16,5.32675E+16
21796,3.171E+18,3,3,51,4,2017,10,3,1,3,9,1,0,1,0,0,0,2,1,5.64511E+20,5.85121E+21,9.95701E+15,5.28068E+16
21797,3.171E+18,3,2,41,1,2017,10,6,1,2,8,1,0,1,0,0,0,2,1,5.44619E+20,5.80644E+21,9.6559E+15,5.24064E+16
21798,3.171E+18,3,2,41,12,2017,10,13,1,3,5,3,0,1,0,0,0,0,0,5.19728E+20,5.81552E+21,9.29055E+15,5.24895E+16
21799,3.171E+18,3,2,41,16,2017,10,14,1,2,8,1,0,0,0,1,0,0,0,5.6008E+20,5.79603E+21,9.88129E+15,5.23113E+16
21800,3.171E+18,3,2,41,19,2017,10,11,1,3,2,6,0,1,0,0,0,0,0,5.53689E+20,5.82323E+21,9.79193E+15,5.25565E+16
21801,3.17101E+18,3,4,59,17,2017,10,13,2,2,5,3,1,1,0,0,0,0,0,4.10498E+20,5.81904E+21,7.68108E+15,5.25141E+16
21802,3.171E+18,3,2,57,9,2017,10,12,1,3,4,2,0,1,0,0,0,0,0,5.03106E+20,5.78835E+21,9.0455E+15,5.22456E+16
21803,3.17101E+18,3,4,4,0,2017,10,19,2,3,4,2,0,1,0,0,0,1,0,4.35654E+20,5.79017E+21,8.05727E+15,5.22581E+16
21804,3.17101E+18,3,4,56,16,2017,10,13,2,1,0,1,1,0,0,0,0,0,0,3.82816E+20,5.79269E+21,7.28254E+15,5.22721E+16
21805,3.17101E+18,3,4,54,32,2017,10,15,2,2,2,7,0,1,0,0,0,0,1,3.87404E+20,5.82035E+21,7.34045E+15,5.25216E+16
21806,3.17101E+18,3,4,62,3,2017,10,10,2,3,5,3,1,1,0,0,0,0,1,4.08271E+20,5.94443E+21,7.61249E+15,5.36406E+16
21807,3.171E+18,3,2,55,16,2017,10,16,1,3,4,1,0,1,0,1,0,0,0,5.37889E+20,5.7612E+21,9.55192E+15,5.20001E+16
21808,3.171E+18,3,2,52,3,2017,10,17,1,3,8,1,0,0,0,1,0,0,0,5.14953E+20,5.75927E+21,9.21773E+15,5.19839E+16
21809,3.171E+18,3,2,52,8,2017,10,14,1,3,5,3,0,1,0,1,0,0,0,5.41068E+20,5.77077E+21,9.59937E+15,5.2086E+16
21810,3.171E+18,3,2,52,6,2017,10,16,1,2,0,6,1,0,0,0,0,0,0,5.23627E+20,5.77376E+21,9.34504E+15,5.21138E+16
21811,3.171E+18,3,1,58,6,2017,10,14,1,3,8,1,0,1,0,0,0,0,0,6.14581E+20,5.79184E+21,1.0679E+16,5.2265E+16
21812,3.171E+18,3,1,51,16,2017,10,14,1,3,2,6,0,1,0,0,0,0,0,6.04375E+20,5.80466E+21,1.05335E+16,5.23823E+16
21813,3.17101E+18,3,4,5,0,2017,10,6,2,3,5,3,0,1,0,0,0,2,1,4.41995E+20,5.93119E+21,8.12499E+15,5.35265E+16
21814,3.171E+18,3,1,51,39,2017,10,16,1,3,2,6,0,1,0,0,0,0,0,6.16088E+20,5.81413E+21,1.07088E+16,5.2465E+16
21815,3.171E+18,3,1,54,14,2017,10,7,1,3,9,1,0,1,0,0,0,1,1,6.1581E+20,5.79665E+21,1.06987E+16,5.2308E+16
21816,3.17101E+18,3,3,56,8,2017,10,14,2,3,1,5,0,1,0,1,0,0,1,4.83475E+20,5.89388E+21,8.75266E+15,5.3194E+16
21817,3.171E+18,3,1,1,0,2017,10,15,1,3,2,6,0,1,0,0,0,0,0,6.06052E+20,5.797E+21,1.05557E+16,5.23131E+16
21818,3.17101E+18,3,3,61,13,2017,10,8,2,3,2,6,0,1,0,1,0,0,0,5.01499E+20,5.86845E+21,9.02231E+15,5.29656E+16
21819,3.171E+18,3,1,1,0,2017,10,19,1,3,3,6,0,1,0,0,0,2,0,6.05776E+20,5.79304E+21,1.05504E+16,5.22776E+16
21820,3.17093E+18,3,4,59,24,2017,9,20,7,3,9,1,0,1,0,0,0,2,1,4.55848E+20,5.78259E+21,8.35409E+15,5.2192E+16
21821,3.17101E+18,3,3,61,13,2017,10,5,2,3,2,6,0,1,0,0,0,2,1,4.99469E+20,5.87069E+21,8.9921E+15,5.29858E+16
21822,3.17101E+18,3,3,61,5,2017,10,17,2,3,2,6,0,1,0,0,0,0,1,5.21823E+20,5.86583E+21,9.32474E+15,5.29417E+16
21823,3.17093E+18,3,4,54,41,2017,9,14,7,3,2,2,0,1,0,0,0,0,1,3.90109E+20,5.88384E+21,7.35895E+15,5.30927E+16
21824,3.17093E+18,3,4,54,14,2017,9,15,7,3,5,3,0,1,0,0,0,0,1,3.80469E+20,5.82865E+21,7.23529E+15,5.25947E+16
21825,3.17101E+18,3,4,51,2,2017,10,11,2,3,2,6,0,1,0,0,0,0,0,4.31957E+20,5.89397E+21,7.9816E+15,5.31907E+16
21826,3.17101E+18,3,4,3,0,2017,10,13,2,3,5,3,1,1,0,0,0,0,0,4.48695E+20,5.88777E+21,8.23308E+15,5.31368E+16
21827,3.17093E+18,3,4,54,45,2017,9,16,7,3,3,2,0,1,0,0,1,0,1,3.87682E+20,5.79756E+21,7.35221E+15,5.23169E+16
21828,3.17101E+18,3,2,51,47,2017,10,11,2,2,5,3,1,1,0,0,0,0,0,4.88453E+20,5.87079E+21,8.828E+15,5.29865E+16
21829,3.17101E+18,3,4,1,0,2017,10,16,2,2,2,6,0,1,0,0,0,0,1,4.78525E+20,5.87651E+21,8.67972E+15,5.30376E+16
21830,3.17093E+18,3,4,54,32,2017,9,18,7,3,5,3,0,1,0,0,0,0,1,3.87867E+20,5.82049E+21,7.34722E+15,5.2523E+16
21831,3.17101E+18,3,4,1,0,2017,10,15,2,2,3,7,0,1,0,0,0,0,1,4.79927E+20,5.87744E+21,8.70058E+15,5.30461E+16
21832,3.17093E+18,3,4,52,19,2017,9,15,7,3,4,2,0,1,0,0,0,0,1,3.79644E+20,5.9417E+21,7.18075E+15,5.36102E+16
21833,3.17101E+18,3,4,58,7,2017,10,10,2,2,8,7,0,1,0,0,0,0,0,4.45015E+20,5.86761E+21,8.18152E+15,5.29553E+16
21834,3.17101E+18,3,4,61,7,2017,10,6,2,3,5,3,0,1,0,0,0,1,0,4.66654E+20,5.93105E+21,8.49697E+15,5.35273E+16
21835,3.17093E+18,3,4,60,6,2017,9,13,7,3,5,1,0,0,0,1,1,0,1,4.52329E+20,5.82961E+21,8.29592E+15,5.26144E+16
21836,3.17093E+18,3,4,51,7,2017,9,14,7,3,5,3,1,1,0,0,0,0,1,4.27797E+20,5.901E+21,7.91776E+15,5.32533E+16
21837,3.17101E+18,3,4,61,6,2017,10,6,2,3,0,2,0,1,0,1,0,2,0,4.74439E+20,5.89058E+21,8.61767E+15,5.3164E+16
21838,3.17101E+18,3,4,58,5,2017,10,7,2,3,5,2,1,1,0,0,0,1,0,4.72209E+20,5.87932E+21,8.58528E+15,5.30627E+16
21839,3.17101E+18,3,4,58,3,2017,10,12,2,1,4,2,0,0,0,1,1,0,0,4.6364E+20,5.86345E+21,8.45921E+15,5.29195E+16
21840,3.17101E+18,3,3,52,29,2017,10,16,2,3,5,3,0,1,0,0,0,0,1,5.0667E+20,5.94227E+21,9.10085E+15,5.36292E+16
21841,3.17101E+18,3,3,59,27,2017,10,11,2,3,3,6,0,1,0,0,0,0,0,5.39391E+20,5.9297E+21,9.59406E+15,5.35148E+16
21842,3.17101E+18,3,3,58,7,2017,10,12,2,3,2,6,0,1,0,0,1,0,0,5.46551E+20,5.83771E+21,9.68869E+15,5.26874E+16
21843,3.17101E+18,3,3,58,21,2017,10,10,2,3,9,1,0,1,0,0,0,0,1,5.55188E+20,5.87211E+21,9.82228E+15,5.29957E+16
21844,3.17101E+18,3,3,57,39,2017,10,8,2,2,9,7,0,1,0,0,0,0,0,5.27591E+20,5.88491E+21,9.41221E+15,5.31129E+16
21845,3.17101E+18,3,3,60,25,2017,10,14,2,3,5,3,0,1,0,0,1,0,0,6.05218E+20,5.87173E+21,1.05673E+16,5.29848E+16
21846,3.17101E+18,3,3,55,34,2017,10,21,2,3,9,1,0,1,0,0,0,2,1,5.78679E+20,5.89248E+21,1.01772E+16,5.31759E+16
21847,3.17101E+18,3,3,51,6,2017,10,23,2,1,8,1,0,1,0,0,0,2,0,5.71857E+20,5.83208E+21,1.00618E+16,5.2634E+16
21848,3.17093E+18,3,4,3,0,2017,9,17,7,3,2,6,0,1,0,0,0,0,1,4.46945E+20,5.88333E+21,8.20765E+15,5.30968E+16
21849,3.17101E+18,3,2,41,9,2017,10,6,2,3,6,4,0,1,1,0,0,2,0,5.55744E+20,5.79493E+21,9.81751E+15,5.23019E+16
21850,3.17101E+18,3,2,41,1,2017,10,16,2,3,2,6,0,1,0,0,0,0,0,5.52772E+20,5.80262E+21,9.77514E+15,5.23713E+16
21851,3.17093E+18,3,4,3,0,2017,9,2,7,3,2,6,0,1,0,1,0,2,1,4.45335E+20,5.88717E+21,8.18296E+15,5.31312E+16
21852,3.17101E+18,3,2,41,1,2017,10,10,2,3,0,7,1,0,0,0,0,0,0,5.52383E+20,5.79891E+21,9.76884E+15,5.2338E+16
21853,3.17101E+18,3,2,41,17,2017,10,17,2,3,2,6,0,1,0,0,1,0,0,5.36112E+20,5.78303E+21,9.52835E+15,5.21966E+16
21854,3.17093E+18,3,2,51,41,2017,9,14,7,3,2,6,0,1,0,0,1,0,1,4.88302E+20,5.86534E+21,8.82595E+15,5.29376E+16
21855,3.17101E+18,3,2,41,10,2017,10,16,2,3,5,3,0,1,0,0,1,0,0,5.47562E+20,5.81434E+21,9.70029E+15,5.24771E+16
21856,3.17093E+18,3,2,51,32,2017,9,5,7,3,9,1,0,1,0,0,0,2,1,4.87582E+20,5.84215E+21,8.81611E+15,5.2729E+16
21857,3.17093E+18,3,2,51,37,2017,9,8,7,3,2,6,0,1,0,0,0,0,1,4.8461E+20,5.87425E+21,8.77058E+15,5.30175E+16
21858,3.17101E+18,3,2,41,1,2017,10,15,2,2,0,1,1,0,0,0,0,0,0,5.56186E+20,5.79915E+21,9.8247E+15,5.23398E+16
21859,3.17093E+18,3,2,51,37,2017,9,8,7,3,2,6,0,1,0,0,0,0,1,4.85883E+20,5.87471E+21,8.78955E+15,5.30217E+16
21860,3.17101E+18,3,2,41,19,2017,10,9,2,3,2,6,0,1,0,0,0,0,0,5.52519E+20,5.82551E+21,9.77504E+15,5.25771E+16
21861,3.17093E+18,3,4,61,4,2017,9,2,7,2,8,1,0,1,0,0,0,2,1,4.61166E+20,5.89877E+21,8.41815E+15,5.32368E+16
21862,3.17101E+18,3,2,41,5,2017,10,4,2,3,0,7,0,0,0,0,1,2,0,5.41756E+20,5.80812E+21,9.61402E+15,5.24217E+16
21863,3.17101E+18,3,2,41,19,2017,10,7,2,3,2,7,0,1,0,0,1,0,0,5.5048E+20,5.82821E+21,9.74536E+15,5.26015E+16
21864,3.17101E+18,3,2,57,3,2017,10,18,2,3,9,1,0,1,0,0,1,1,1,5.1069E+20,5.78717E+21,9.15654E+15,5.22349E+16
21865,3.17101E+18,3,2,54,14,2017,10,18,2,3,8,6,0,1,0,1,0,1,0,5.5122E+20,5.77584E+21,9.74828E+15,5.21307E+16
21866,3.17101E+18,3,2,54,22,2017,10,20,2,3,0,1,0,1,0,0,0,2,0,5.76612E+20,5.77482E+21,1.01189E+16,5.21186E+16
21867,3.17101E+18,3,2,52,4,2017,10,10,2,3,0,7,1,0,0,0,0,0,0,5.37157E+20,5.77431E+21,9.54268E+15,5.21181E+16
21868,3.17101E+18,3,1,59,9,2017,10,7,2,3,5,3,0,1,0,1,0,1,0,5.52455E+20,5.70596E+21,9.75573E+15,5.15023E+16
21869,3.17101E+18,3,1,54,13,2017,10,21,2,2,4,2,0,1,0,0,0,2,1,6.238E+20,5.79715E+21,1.0816E+16,5.23107E+16
21870,3.17093E+18,3,3,52,32,2017,9,18,7,3,9,1,0,1,0,0,0,2,1,4.73389E+20,5.9252E+21,8.59905E+15,5.34752E+16
21871,3.17093E+18,3,3,52,38,2017,9,16,7,3,5,3,1,1,0,0,0,0,0,4.93058E+20,5.95859E+21,8.89466E+15,5.37759E+16
21872,3.17093E+18,3,3,53,40,2017,9,0,7,3,0,1,1,0,0,0,0,2,0,5.79414E+20,5.91313E+21,1.01933E+16,5.33613E+16
21873,3.17093E+18,3,3,58,19,2017,9,10,7,3,2,6,0,1,0,0,0,0,1,5.52787E+20,5.8856E+21,9.78871E+15,5.31172E+16
21874,3.17093E+18,3,3,57,57,2017,9,7,7,3,9,1,0,0,0,0,1,1,1,5.15956E+20,5.90475E+21,9.23938E+15,5.32917E+16
21875,3.17093E+18,3,3,51,6,2017,9,19,7,3,5,2,0,1,0,0,1,1,0,5.73859E+20,5.83058E+21,1.0091E+16,5.26202E+16
21876,3.17093E+18,3,2,41,1,2017,9,11,7,3,6,5,0,1,1,0,0,0,1,5.50048E+20,5.80611E+21,9.73565E+15,5.24029E+16
21877,3.17101E+18,3,1,54,17,2017,10,7,2,3,8,1,0,1,0,0,0,0,0,6.27953E+20,5.78452E+21,1.08721E+16,5.21963E+16
21878,3.17093E+18,3,2,41,12,2017,9,4,7,3,8,1,0,0,0,0,1,2,1,5.37133E+20,5.83255E+21,9.54879E+15,5.26417E+16
21879,3.17093E+18,3,2,41,15,2017,9,20,7,1,8,1,0,1,0,0,0,2,1,5.40479E+20,5.80377E+21,9.59473E+15,5.23827E+16
21880,3.17101E+18,3,1,53,504,2017,10,11,2,3,8,1,0,1,0,0,0,0,1,6.04247E+20,5.73579E+21,1.05106E+16,5.17633E+16
21881,3.17093E+18,3,2,41,1,2017,9,19,7,3,0,6,0,1,0,0,0,2,1,5.55946E+20,5.8067E+21,9.82244E+15,5.24076E+16
21882,3.17093E+18,3,1,59,19,2017,9,11,7,1,8,1,0,1,0,0,0,0,1,5.91099E+20,5.71687E+21,1.03152E+16,5.15955E+16
21883,3.17101E+18,3,1,51,30,2017,10,16,2,3,5,2,0,1,0,1,0,0,0,6.18334E+20,5.81486E+21,1.07421E+16,5.24711E+16
21884,3.17093E+18,3,1,55,3,2017,9,6,7,3,2,1,0,1,0,1,0,2,1,5.52793E+20,5.73708E+21,9.76531E+15,5.17821E+16
21885,3.17093E+18,3,1,55,3,2017,9,15,7,2,8,1,0,1,0,0,0,0,0,5.52864E+20,5.73817E+21,9.7665E+15,5.17918E+16
21886,3.17101E+18,3,1,2,0,2017,10,11,2,3,8,1,0,1,0,0,0,0,0,5.88667E+20,5.7769E+21,1.02955E+16,5.21355E+16
21887,3.17093E+18,3,2,57,15,2017,9,21,7,3,8,1,0,1,0,0,0,2,1,5.19391E+20,5.7985E+21,9.2846E+15,5.23364E+16
21888,3.17101E+18,3,1,54,14,2017,10,6,2,2,2,6,0,0,0,0,1,0,0,6.11168E+20,5.79676E+21,1.06307E+16,5.23099E+16
21889,3.17101E+18,3,4,59,3,2017,10,16,1,3,7,7,0,0,0,1,0,0,0,4.5412E+20,5.79356E+21,8.32732E+15,5.22905E+16
21890,3.17093E+18,3,2,56,22,2017,9,11,7,3,5,3,0,1,0,0,1,0,0,5.14671E+20,5.83105E+21,9.21676E+15,5.26292E+16
21891,3.17101E+18,3,4,59,3,2017,10,2,1,3,8,1,0,1,0,0,0,2,1,4.6224E+20,5.7957E+21,8.44613E+15,5.23103E+16
21892,3.17093E+18,3,2,54,22,2017,9,9,7,3,4,6,0,1,0,0,0,0,1,5.77473E+20,5.76782E+21,1.01299E+16,5.20556E+16
21893,3.17101E+18,3,4,4,0,2017,10,17,1,3,3,2,1,1,0,0,0,0,0,4.36582E+20,5.79208E+21,8.07049E+15,5.22754E+16
21894,3.17101E+18,3,4,54,51,2017,10,19,1,3,2,2,0,1,0,0,0,2,0,4.01036E+20,5.87467E+21,7.52489E+15,5.30124E+16
21895,3.17101E+18,3,4,56,25,2017,10,6,1,3,2,6,0,1,0,0,0,2,1,3.79102E+20,5.81617E+21,7.21968E+15,5.24823E+16
21896,3.17093E+18,3,2,54,21,2017,9,19,7,3,5,2,0,1,0,0,0,2,1,5.60953E+20,5.77915E+21,9.89105E+15,5.21594E+16
21897,3.17093E+18,3,2,54,22,2017,9,5,7,2,9,1,0,1,0,0,0,2,1,5.81352E+20,5.7672E+21,1.01863E+16,5.20494E+16
21898,3.17101E+18,3,4,54,10,2017,10,15,1,3,2,1,0,1,0,0,0,0,0,3.80784E+20,5.80423E+21,7.24869E+15,5.23754E+16
21899,3.17093E+18,3,1,59,10,2017,9,9,7,3,7,1,0,1,0,0,0,0,1,5.87539E+20,5.70698E+21,1.02614E+16,5.15072E+16