OBJECTID,UIDENTSTLA,ULAND,UREGBEZ,UKREIS,UGEMEINDE,UJAHR,UMONAT,USTUNDE,UWOCHENTAG,UKATEGORIE,UART,UTYP1,IstRad,IstPKW,IstFuss,IstKrad,IstSonstig,LICHT,STRZUSTAND,LINREFX,LINREFY,XGCSWGS84,YGCSWGS84
22595,3.17102E+18,3,2,52,6,2017,10,17,6,2,2,6,0,1,0,0,1,0,1,5.26121E+20,5.77244E+21,9.38136E+15,5.21019E+16
22596,3.17102E+18,3,2,52,6,2017,10,5,6,3,5,2,0,1,0,0,0,2,0,5.26034E+20,5.77089E+21,9.37996E+15,5.2088E+16
22597,3.17102E+18,3,1,59,13,2017,10,17,6,3,2,6,0,1,0,0,0,0,0,5.58588E+20,5.69706E+21,9.84262E+15,5.14217E+16
22598,3.17102E+18,3,1,54,28,2017,10,14,6,3,5,3,0,1,0,0,1,0,1,6.35618E+20,5.79195E+21,1.09872E+16,5.22612E+16
22599,3.17102E+18,3,1,57,7,2017,10,13,6,2,9,7,0,1,0,1,1,0,1,5.88637E+20,5.78895E+21,1.02982E+16,5.22438E+16
22600,3.17101E+18,3,2,57,9,2017,10,10,7,3,5,3,0,1,0,0,0,0,0,5.04202E+20,5.79395E+21,9.06162E+15,5.22959E+16
22601,3.17101E+18,3,2,54,20,2017,10,17,7,2,8,1,0,1,0,0,0,0,0,5.63852E+20,5.78533E+21,9.93458E+15,5.22147E+16
22602,3.17101E+18,3,2,52,2,2017,10,17,7,2,9,1,0,0,0,1,0,0,0,5.32454E+20,5.77919E+21,9.47446E+15,5.21623E+16
22603,3.17101E+18,3,1,59,16,2017,10,22,7,2,4,2,0,1,0,0,0,2,0,5.61594E+20,5.71194E+21,9.88844E+15,5.15552E+16
22604,3.17102E+18,3,1,51,29,2017,10,20,6,3,8,7,0,0,0,0,1,2,1,5.95076E+20,5.84152E+21,1.04075E+16,5.27152E+16
22605,3.17101E+18,3,1,54,14,2017,10,11,7,2,5,3,0,1,0,0,0,0,0,6.15351E+20,5.80166E+21,1.06937E+16,5.23531E+16
22606,3.17101E+18,3,1,3,0,2017,10,4,7,3,8,1,0,1,0,0,0,2,0,6.25864E+20,5.80404E+21,1.08489E+16,5.23721E+16
22607,3.17101E+18,3,1,58,12,2017,10,15,7,2,2,1,1,0,0,0,0,0,0,6.1759E+20,5.7854E+21,1.07209E+16,5.22065E+16
22608,3.17102E+18,3,1,51,34,2017,10,20,6,3,0,7,0,1,0,0,0,2,1,6.04037E+20,5.80238E+21,1.05279E+16,5.23618E+16
22609,3.17101E+18,3,1,58,37,2017,10,17,7,3,5,2,1,1,0,0,0,0,0,6.03588E+20,5.78263E+21,1.05152E+16,5.21844E+16
22610,3.17101E+18,3,1,58,39,2017,10,7,7,3,9,7,0,1,0,0,0,0,0,6.09209E+20,5.76418E+21,1.05915E+16,5.20175E+16
22611,3.17102E+18,3,1,51,6,2017,10,6,6,3,0,1,0,1,0,0,0,2,0,6.11581E+20,5.81017E+21,1.06412E+16,5.24303E+16
22612,3.17101E+18,3,1,2,0,2017,10,12,7,3,1,5,0,1,0,0,0,0,0,5.919E+20,5.78081E+21,1.03438E+16,5.21701E+16
22613,3.17102E+18,3,1,51,9,2017,10,14,6,3,2,6,0,1,0,0,0,0,1,6.0656E+20,5.81742E+21,1.05697E+16,5.24965E+16
22614,3.17101E+18,3,1,53,18,2017,10,14,7,2,8,1,0,0,0,1,0,0,0,5.90189E+20,5.74014E+21,1.03081E+16,5.18048E+16
22615,3.17101E+18,3,1,53,17,2017,10,18,7,2,4,6,0,1,0,1,0,1,0,5.95979E+20,5.75573E+21,1.03964E+16,5.1944E+16
22616,3.17101E+18,3,1,53,17,2017,10,15,7,2,4,6,0,0,0,1,0,0,0,5.95426E+20,5.74709E+21,1.03859E+16,5.18664E+16
22617,3.17101E+18,3,1,53,17,2017,10,10,7,3,5,3,1,1,0,0,0,0,0,6.00269E+20,5.75248E+21,1.04578E+16,5.1914E+16
22618,3.17101E+18,3,1,51,5,2017,10,15,7,2,5,3,0,1,0,0,0,0,0,6.29727E+20,5.82869E+21,1.09152E+16,5.25928E+16
22619,3.17101E+18,3,1,51,10,2017,10,13,7,2,2,6,0,1,0,0,0,0,0,5.99296E+20,5.8332E+21,1.04674E+16,5.26397E+16
22620,3.17101E+18,3,1,58,39,2017,10,19,7,3,2,6,0,1,0,0,0,2,0,6.0386E+20,5.7664E+21,1.05142E+16,5.20384E+16
22621,3.17102E+18,3,4,59,13,2017,10,17,5,3,4,2,0,1,0,0,1,0,0,4.48939E+20,5.80073E+21,8.25028E+15,5.23545E+16
22622,3.17101E+18,3,4,59,24,2017,10,11,6,3,5,2,0,1,0,0,0,0,0,4.5001E+20,5.77847E+21,8.2693E+15,5.21545E+16
22623,3.17101E+18,3,4,59,20,2017,10,7,6,3,9,1,0,1,0,0,0,1,0,4.32158E+20,5.78163E+21,8.00775E+15,5.2181E+16
22624,3.17102E+18,3,4,59,3,2017,10,7,5,3,5,3,1,1,0,0,0,0,0,4.56637E+20,5.79681E+21,8.36381E+15,5.23199E+16
22625,3.17101E+18,3,4,4,0,2017,10,19,6,3,5,2,1,1,0,0,0,2,0,4.3437E+20,5.79353E+21,8.0378E+15,5.22882E+16
22626,3.17102E+18,3,4,4,0,2017,10,18,5,3,1,5,1,1,0,0,0,1,0,4.35288E+20,5.79104E+21,8.05173E+15,5.22659E+16
22627,3.17101E+18,3,4,2,0,2017,10,16,6,3,2,6,0,1,0,0,0,0,0,3.83606E+20,5.91434E+21,7.25076E+15,5.33653E+16
22628,3.17101E+18,3,4,54,41,2017,10,16,6,3,4,2,0,1,0,0,0,0,0,3.88676E+20,5.87949E+21,7.33907E+15,5.30533E+16
22629,3.17102E+18,3,4,4,0,2017,10,9,5,3,8,1,0,1,0,0,0,0,0,4.34916E+20,5.79267E+21,8.04596E+15,5.22805E+16
22630,3.17101E+18,3,4,54,4,2017,10,7,6,3,5,3,0,1,0,0,0,0,0,4.04684E+20,5.87553E+21,7.579E+15,5.30208E+16
22631,3.17101E+18,3,4,56,15,2017,10,13,6,2,0,3,1,1,0,0,0,0,0,3.70453E+20,5.80959E+21,7.09493E+15,5.24212E+16
22632,3.17102E+18,3,4,57,14,2017,10,16,5,2,5,3,0,1,0,0,0,0,0,3.96986E+20,5.90517E+21,7.45474E+15,5.32858E+16
22633,3.17102E+18,3,4,54,24,2017,10,4,5,3,9,7,0,1,0,0,0,2,0,3.95559E+20,5.84454E+21,7.45295E+15,5.27406E+16
22634,3.17101E+18,3,4,54,39,2017,10,0,6,2,0,7,0,1,0,0,1,2,0,3.81844E+20,5.85958E+21,7.24446E+15,5.2873E+16
22635,3.17101E+18,3,4,56,27,2017,10,1,6,2,9,1,0,1,0,0,0,2,0,3.81793E+20,5.80032E+21,7.26487E+15,5.23405E+16
22636,3.17102E+18,3,4,56,1,2017,10,17,5,3,5,3,1,1,0,0,0,1,0,3.73841E+20,5.79638E+21,7.1497E+15,5.23033E+16
22637,3.17102E+18,3,4,56,15,2017,10,11,5,3,5,3,1,1,0,0,0,0,0,3.68513E+20,5.81383E+21,7.06476E+15,5.24588E+16
22638,3.17101E+18,3,4,54,10,2017,10,16,6,3,4,6,0,0,0,1,1,0,0,3.81791E+20,5.80293E+21,7.26393E+15,5.23639E+16
22639,3.17102E+18,3,4,54,14,2017,10,8,5,3,2,6,0,1,0,0,0,0,0,3.85367E+20,5.82998E+21,7.30711E+15,5.26077E+16
22640,3.17101E+18,3,4,62,3,2017,10,15,6,3,5,3,1,1,0,0,0,0,0,4.0814E+20,5.9458E+21,7.61012E+15,5.36529E+16
22641,3.17102E+18,3,4,54,14,2017,10,5,5,2,4,2,0,1,0,1,0,2,0,3.79384E+20,5.82763E+21,7.21966E+15,5.25853E+16
22642,3.17102E+18,3,4,54,32,2017,10,7,5,3,4,2,0,1,0,0,0,2,0,3.89346E+20,5.81243E+21,7.3717E+15,5.24508E+16
22643,3.17101E+18,3,4,53,7,2017,10,14,6,3,2,2,0,1,0,0,0,0,0,4.28321E+20,5.88131E+21,7.93002E+15,5.30765E+16
22644,3.17102E+18,3,4,54,34,2017,10,11,5,3,5,2,0,1,0,0,0,0,0,3.9287E+20,5.81009E+21,7.42428E+15,5.24305E+16
22645,3.17102E+18,3,4,54,32,2017,10,16,5,1,5,3,0,1,0,1,0,0,0,3.90259E+20,5.81408E+21,7.38458E+15,5.24659E+16
22646,3.17102E+18,3,4,62,19,2017,10,12,5,3,2,6,0,1,0,0,0,0,0,4.23148E+20,5.93728E+21,7.83923E+15,5.35787E+16
22647,3.17102E+18,3,4,52,24,2017,10,16,5,3,1,5,0,1,0,0,0,0,0,3.8602E+20,5.9313E+21,7.28088E+15,5.35183E+16
22648,3.17102E+18,3,4,52,23,2017,10,18,5,3,2,6,0,1,0,0,0,0,0,3.93708E+20,5.92665E+21,7.39835E+15,5.34781E+16
22649,3.17102E+18,3,4,60,7,2017,10,19,5,3,6,6,0,0,1,0,1,2,0,4.38938E+20,5.81421E+21,8.10099E+15,5.24746E+16
22650,3.17102E+18,3,4,53,5,2017,10,15,5,3,5,3,0,1,0,0,0,0,0,4.41707E+20,5.85383E+21,8.13475E+15,5.28311E+16
22651,3.17102E+18,3,4,55,25,2017,10,6,5,3,1,5,1,1,0,0,0,2,0,4.32286E+20,5.91279E+21,7.98252E+15,5.33599E+16
22652,3.17102E+18,3,4,5,0,2017,10,14,5,3,6,4,1,0,1,0,0,0,0,4.4117E+20,5.93372E+21,8.11207E+15,5.35491E+16
22653,3.17102E+18,3,4,51,7,2017,10,21,5,3,5,3,0,1,0,0,0,2,0,4.27619E+20,5.90086E+21,7.91512E+15,5.3252E+16
22654,3.17102E+18,3,4,51,7,2017,10,21,5,2,9,6,0,1,0,0,1,2,0,4.28951E+20,5.90001E+21,7.93526E+15,5.32446E+16
22655,3.17102E+18,3,4,51,2,2017,10,16,5,3,8,7,0,0,0,1,0,0,0,4.38422E+20,5.89319E+21,8.07849E+15,5.31845E+16
22656,3.17102E+18,3,2,51,37,2017,10,13,5,3,4,7,0,1,0,0,0,0,0,4.79605E+20,5.87025E+21,8.69622E+15,5.29814E+16
22657,3.17102E+18,3,2,51,2,2017,10,16,5,3,2,6,0,1,0,0,0,0,0,5.01442E+20,5.84407E+21,9.02136E+15,5.27465E+16
22658,3.17102E+18,3,2,51,7,2017,10,7,5,3,4,6,1,0,0,0,0,2,1,4.84908E+20,5.8587E+21,8.77576E+15,5.28778E+16
22659,3.17102E+18,3,4,61,4,2017,10,7,5,3,4,6,0,1,0,0,0,1,1,4.59927E+20,5.89416E+21,8.40016E+15,5.31953E+16
22660,3.17101E+18,3,4,60,6,2017,10,17,6,3,8,1,0,0,0,1,0,0,0,4.473E+20,5.83795E+21,8.22031E+15,5.26889E+16
22661,3.17101E+18,3,4,60,10,2017,10,15,6,2,5,3,0,1,0,0,0,0,0,4.52442E+20,5.85574E+21,8.2938E+15,5.28493E+16
22662,3.17101E+18,3,4,58,7,2017,10,13,6,1,2,2,0,1,0,0,0,0,0,4.53316E+20,5.87E+21,8.30472E+15,5.29775E+16
22663,3.17101E+18,3,4,55,15,2017,10,18,6,3,9,1,0,1,0,0,0,1,0,4.3159E+20,5.93544E+21,7.96713E+15,5.35634E+16
22664,3.17101E+18,3,4,51,4,2017,10,15,6,3,2,6,0,1,0,0,0,0,0,4.3842E+20,5.88307E+21,8.0804E+15,5.30935E+16
22665,3.17101E+18,3,4,3,0,2017,10,15,6,3,5,3,0,1,0,0,0,0,0,4.50381E+20,5.88568E+21,8.2586E+15,5.31182E+16
22666,3.17101E+18,3,4,3,0,2017,10,15,6,3,5,5,0,1,0,0,0,0,0,4.46383E+20,5.89133E+21,8.19792E+15,5.31686E+16
22667,3.17101E+18,3,2,51,41,2017,10,19,6,2,5,3,1,1,0,0,0,2,0,4.88727E+20,5.86247E+21,8.83236E+15,5.29117E+16
22668,3.17101E+18,3,2,51,37,2017,10,15,6,3,2,6,0,1,0,0,1,0,0,4.83983E+20,5.87398E+21,8.76125E+15,5.30151E+16
22669,3.17101E+18,3,4,61,5,2017,10,11,6,3,5,2,0,1,0,0,1,0,0,4.49506E+20,5.9153E+21,8.24084E+15,5.33844E+16
22670,3.17102E+18,3,4,61,8,2017,10,12,5,3,0,1,0,0,0,1,0,0,0,4.59741E+20,5.91399E+21,8.39487E+15,5.33735E+16
22671,3.17101E+18,3,4,61,5,2017,10,6,6,2,5,3,0,1,0,0,0,2,0,4.50141E+20,5.91477E+21,8.25046E+15,5.33797E+16
22672,3.17101E+18,3,3,52,59,2017,10,18,6,3,9,1,0,1,0,0,0,2,1,4.90648E+20,5.92681E+21,8.85905E+15,5.34902E+16
22673,3.17102E+18,3,4,58,5,2017,10,10,5,3,5,3,0,1,0,0,0,0,0,4.69495E+20,5.88149E+21,8.54458E+15,5.3082E+16
22674,3.17101E+18,3,3,52,56,2017,10,13,6,2,5,2,0,1,0,1,0,0,0,5.02401E+20,5.95204E+21,9.03638E+15,5.37171E+16
22675,3.17101E+18,3,3,53,11,2017,10,22,6,3,2,6,0,1,0,0,0,2,0,5.71855E+20,5.89832E+21,1.00764E+16,5.32293E+16
22676,3.17102E+18,3,4,58,5,2017,10,7,5,3,1,5,0,0,0,0,1,1,0,4.70676E+20,5.88095E+21,8.56227E+15,5.30772E+16
22677,3.17102E+18,3,3,52,59,2017,10,8,5,3,4,2,0,1,0,1,0,0,0,4.87977E+20,5.92064E+21,8.81903E+15,5.34347E+16
22678,3.17101E+18,3,3,53,31,2017,10,16,6,3,2,6,0,1,0,0,0,0,0,5.68577E+20,5.91948E+21,1.00319E+16,5.34199E+16
22679,3.17102E+18,3,3,59,28,2017,10,17,5,3,2,6,0,1,0,1,1,0,0,5.45264E+20,5.93194E+21,9.68294E+15,5.35345E+16
22680,3.17101E+18,3,3,53,5,2017,10,12,6,2,2,6,0,1,0,0,0,0,0,5.57281E+20,5.91189E+21,9.86058E+15,5.3353E+16
22681,3.17102E+18,3,3,58,22,2017,10,17,5,3,4,2,0,1,0,0,0,1,0,5.42729E+20,5.85739E+21,9.63472E+15,5.28646E+16
22682,3.17102E+18,3,3,58,17,2017,10,7,5,3,5,3,0,1,0,1,0,1,1,5.47487E+20,5.87605E+21,9.70812E+15,5.30319E+16
22683,3.17102E+18,3,3,58,23,2017,10,23,5,2,9,7,0,1,0,0,0,2,0,5.61814E+20,5.8617E+21,9.919E+15,5.29014E+16
22684,3.17102E+18,3,3,57,24,2017,10,7,5,2,4,2,0,1,0,1,0,0,0,5.30962E+20,5.87872E+21,9.46197E+15,5.30571E+16
22685,3.17102E+18,3,3,57,29,2017,10,21,5,3,3,1,0,1,0,0,1,2,0,5.36024E+20,5.90608E+21,9.54058E+15,5.33027E+16
22686,3.17102E+18,3,3,57,39,2017,10,16,5,3,2,6,0,1,0,0,0,0,0,5.2639E+20,5.8846E+21,9.39424E+15,5.31102E+16
22687,3.17102E+18,3,3,60,7,2017,10,12,5,3,5,2,0,1,0,0,0,0,0,5.8896E+20,5.86941E+21,1.03246E+16,5.29669E+16
22688,3.17102E+18,3,3,55,35,2017,10,21,5,2,7,7,0,1,0,0,0,2,0,5.89795E+20,5.89715E+21,1.03448E+16,5.3216E+16
22689,3.17102E+18,3,2,41,1,2017,10,7,5,3,2,6,0,1,0,1,0,0,1,5.49261E+20,5.80169E+21,9.72344E+15,5.23633E+16
22690,3.17102E+18,3,2,41,15,2017,10,6,5,3,5,2,1,1,0,0,0,2,1,5.43986E+20,5.80565E+21,9.64649E+15,5.23993E+16
22691,3.17102E+18,3,2,41,2,2017,10,7,5,3,1,5,0,1,0,0,1,0,0,5.34176E+20,5.79335E+21,9.50107E+15,5.22895E+16
22692,3.17102E+18,3,2,41,11,2017,10,16,5,3,5,3,1,1,0,0,0,0,0,5.75919E+20,5.80115E+21,1.01147E+16,5.23553E+16
22693,3.17102E+18,3,2,41,10,2017,10,11,5,3,5,3,1,1,0,0,0,0,0,5.49729E+20,5.81008E+21,9.73155E+15,5.24387E+16
22694,3.17101E+18,3,3,58,21,2017,10,17,6,3,5,3,0,1,0,0,0,0,0,5.56989E+20,5.87116E+21,9.84893E+15,5.2987E+16
22695,3.17102E+18,3,2,41,1,2017,10,16,5,2,5,3,1,1,0,0,0,0,0,5.56398E+20,5.79594E+21,9.82728E+15,5.23109E+16
22696,3.17102E+18,3,2,41,1,2017,10,11,5,3,0,1,1,0,0,0,0,0,0,5.43041E+20,5.80788E+21,9.63289E+15,5.24194E+16
22697,3.17102E+18,3,2,41,1,2017,10,8,5,2,0,5,1,1,0,0,0,0,0,5.48611E+20,5.80205E+21,9.71394E+15,5.23666E+16
22698,3.17102E+18,3,1,55,6,2017,10,15,5,3,2,6,0,1,0,0,0,0,0,5.73182E+20,5.73826E+21,1.00611E+16,5.17904E+16
22699,3.17102E+18,3,1,55,11,2017,10,7,5,3,4,2,0,1,0,0,0,1,0,5.69067E+20,5.72975E+21,9.99973E+15,5.17144E+16
22700,3.17102E+18,3,2,56,30,2017,10,16,5,3,8,1,0,1,0,0,0,0,0,5.02095E+20,5.82333E+21,9.0309E+15,5.256E+16
22701,3.17102E+18,3,2,56,33,2017,10,12,5,3,8,1,0,1,0,0,0,0,0,4.92256E+20,5.81967E+21,8.88586E+15,5.25271E+16
22702,3.17102E+18,3,2,56,16,2017,10,7,5,3,9,1,0,1,0,0,0,1,1,5.17645E+20,5.82466E+21,9.26035E+15,5.25717E+16
22703,3.17102E+18,3,2,57,22,2017,10,16,5,3,2,6,0,1,0,0,1,0,0,5.05465E+20,5.78728E+21,9.08003E+15,5.22359E+16
22704,3.17102E+18,3,2,57,9,2017,10,12,5,2,8,1,0,0,0,1,0,0,0,5.04867E+20,5.79046E+21,9.07131E+15,5.22645E+16
22705,3.17101E+18,3,3,54,14,2017,10,17,6,3,8,6,0,0,0,0,1,0,0,6.52398E+20,5.88314E+21,1.1275E+16,5.3076E+16
22706,3.17102E+18,3,2,56,5,2017,10,14,5,3,5,3,0,1,0,1,0,0,0,5.16038E+20,5.83886E+21,9.23733E+15,5.26994E+16
22707,3.17102E+18,3,2,54,28,2017,10,9,5,3,5,3,1,1,0,0,0,0,0,5.58681E+20,5.78738E+21,9.85926E+15,5.22337E+16
22708,3.17102E+18,3,2,54,29,2017,10,14,5,3,5,3,0,1,0,0,0,0,0,5.75196E+20,5.78242E+21,1.01E+16,5.21871E+16
22709,3.17102E+18,3,2,54,8,2017,10,6,5,3,9,7,0,1,0,0,0,0,0,5.74577E+20,5.76546E+21,1.00872E+16,5.20347E+16
22710,3.17102E+18,3,2,54,21,2017,10,9,5,3,2,6,0,1,0,0,0,0,0,5.66517E+20,5.77901E+21,9.97236E+15,5.21576E+16
22711,3.17102E+18,3,2,52,2,2017,10,9,5,2,4,1,0,1,0,0,0,0,0,5.2756E+20,5.78338E+21,9.40326E+15,5.22002E+16
22712,3.17102E+18,3,1,59,16,2017,10,20,5,3,5,3,1,1,0,0,0,2,0,5.63954E+20,5.70968E+21,9.92206E+15,5.15346E+16
22713,3.17102E+18,3,1,54,14,2017,10,7,5,3,2,6,0,1,0,0,0,2,0,6.17007E+20,5.8032E+21,1.07185E+16,5.23666E+16
22714,3.17102E+18,3,1,51,8,2017,10,7,5,3,2,6,0,1,0,0,0,1,1,6.23157E+20,5.82695E+21,1.08176E+16,5.25786E+16
22715,3.17101E+18,3,3,55,36,2017,10,10,6,3,2,6,0,1,0,0,1,0,0,6.09202E+20,5.89554E+21,1.06347E+16,5.3198E+16
22716,3.17102E+18,3,4,59,19,2017,10,5,4,2,0,3,0,1,0,1,0,2,0,4.33724E+20,5.78467E+21,8.03006E+15,5.22085E+16
22717,3.17102E+18,3,4,4,0,2017,10,16,4,3,5,3,0,1,0,0,0,0,0,4.36795E+20,5.79201E+21,8.07362E+15,5.22748E+16
22718,3.17101E+18,3,3,51,6,2017,10,18,6,3,5,3,1,1,0,0,0,2,0,5.71848E+20,5.83208E+21,1.00617E+16,5.26339E+16
22719,3.17102E+18,3,4,4,0,2017,10,16,4,3,5,3,1,1,0,0,0,0,0,4.38313E+20,5.78978E+21,8.09629E+15,5.2255E+16
22720,3.17102E+18,3,4,4,0,2017,10,12,4,3,5,3,1,1,0,0,0,0,0,4.34482E+20,5.7897E+21,8.04018E+15,5.22538E+16
22721,3.17101E+18,3,2,41,1,2017,10,19,6,3,2,6,0,1,0,0,0,2,0,5.49943E+20,5.80422E+21,9.73383E+15,5.2386E+16
22722,3.17101E+18,3,2,41,7,2017,10,14,6,3,2,2,0,1,0,0,0,0,0,5.50283E+20,5.79522E+21,9.73748E+15,5.2305E+16
22723,3.17102E+18,3,4,2,0,2017,10,7,4,3,0,2,1,1,0,0,0,0,0,3.81524E+20,5.91349E+21,7.2198E+15,5.33573E+16
22724,3.17101E+18,3,2,41,7,2017,10,16,6,3,4,6,1,0,0,0,0,0,0,5.50962E+20,5.79741E+21,9.74777E+15,5.23246E+16
22725,3.17101E+18,3,2,57,35,2017,10,17,6,3,2,6,1,1,0,0,0,0,0,5.16377E+20,5.79405E+21,9.24014E+15,5.22965E+16
22726,3.17102E+18,3,4,54,41,2017,10,10,4,3,5,3,1,1,0,0,0,0,0,3.92913E+20,5.88304E+21,7.40107E+15,5.30861E+16
22727,3.17101E+18,3,2,57,2,2017,10,17,6,3,2,6,0,1,0,0,0,0,0,5.21045E+20,5.7926E+21,9.3085E+15,5.22833E+16
22728,3.17101E+18,3,2,56,22,2017,10,10,6,3,5,3,1,1,0,0,0,0,0,5.15027E+20,5.83488E+21,9.22219E+15,5.26637E+16
22729,3.17102E+18,3,4,54,41,2017,10,13,4,3,2,6,0,1,0,0,0,0,0,3.92581E+20,5.88246E+21,7.39631E+15,5.30808E+16
22730,3.17101E+18,3,2,54,17,2017,10,12,6,3,2,6,0,1,0,0,1,0,0,5.629E+20,5.78337E+21,9.9203E+15,5.21972E+16
22731,3.17101E+18,3,2,54,32,2017,10,16,6,3,5,3,1,1,0,0,1,0,0,5.78376E+20,5.78387E+21,1.01468E+16,5.21997E+16
22732,3.17102E+18,3,4,54,32,2017,10,13,4,3,0,3,1,1,0,0,0,0,0,3.85715E+20,5.81977E+21,7.31577E+15,5.2516E+16
22733,3.17102E+18,3,4,62,5,2017,10,12,4,3,2,2,0,1,0,0,1,0,0,4.2618E+20,5.91892E+21,7.88934E+15,5.34141E+16
22734,3.17101E+18,3,2,54,22,2017,10,20,6,3,3,6,0,1,0,0,1,2,0,5.81837E+20,5.76929E+21,1.01939E+16,5.20682E+16
22735,3.17102E+18,3,4,52,6,2017,10,15,4,3,5,3,0,0,0,1,1,0,0,4.09429E+20,5.9202E+21,7.63702E+15,5.3423E+16
22736,3.17102E+18,3,4,53,1,2017,10,17,4,3,2,6,0,1,0,0,0,0,0,4.20867E+20,5.88654E+21,7.81748E+15,5.31224E+16
22737,3.17101E+18,3,2,54,21,2017,10,15,6,3,2,6,0,1,0,0,0,0,0,5.67752E+20,5.77796E+21,9.99019E+15,5.2148E+16
22738,3.17102E+18,3,4,60,3,2017,10,17,4,3,5,3,1,1,0,0,0,0,0,4.42666E+20,5.83483E+21,8.15231E+15,5.26604E+16
22739,3.17101E+18,3,2,41,16,2017,10,5,6,2,3,6,0,1,0,0,1,2,0,5.60778E+20,5.79418E+21,9.8912E+15,5.22946E+16
22740,3.17102E+18,3,4,60,2,2017,10,13,4,3,5,3,1,1,0,0,0,0,0,4.44746E+20,5.81867E+21,8.18576E+15,5.25153E+16
22741,3.17102E+18,3,4,53,8,2017,10,16,4,2,2,2,0,1,0,0,0,0,0,4.39492E+20,5.86472E+21,8.09985E+15,5.29287E+16
22742,3.17102E+18,3,4,55,26,2017,10,16,4,3,2,6,0,1,0,0,0,0,0,4.42699E+20,5.91646E+21,8.1383E+15,5.33941E+16
22743,3.17102E+18,3,3,56,7,2017,10,11,4,3,2,2,0,1,0,0,0,0,0,4.8772E+20,5.90133E+21,8.8159E+15,5.32611E+16
22744,3.17102E+18,3,3,61,1,2017,10,17,4,2,3,6,1,0,0,0,0,0,0,5.02782E+20,5.87325E+21,9.04147E+15,5.30088E+16
22745,3.17102E+18,3,3,61,10,2017,10,5,4,2,9,1,0,1,0,0,0,2,1,4.97168E+20,5.86845E+21,8.95783E+15,5.29656E+16
22746,3.17102E+18,3,3,61,5,2017,10,17,4,2,9,1,0,1,0,0,0,0,0,5.22151E+20,5.86787E+21,9.32976E+15,5.296E+16
22747,3.17102E+18,3,3,61,12,2017,10,8,4,3,5,3,1,1,0,0,0,0,0,5.12906E+20,5.86354E+21,9.19196E+15,5.29213E+16
22748,3.17102E+18,3,4,3,0,2017,10,15,4,3,2,6,0,1,0,0,0,0,0,4.46085E+20,5.88939E+21,8.19379E+15,5.31512E+16
22749,3.17102E+18,3,4,51,7,2017,10,7,4,3,5,3,0,1,0,0,0,2,0,4.2541E+20,5.89738E+21,7.88283E+15,5.32205E+16
22750,3.17102E+18,3,4,51,8,2017,10,17,4,3,8,1,0,0,0,1,0,0,0,4.4073E+20,5.90088E+21,8.1116E+15,5.32539E+16
22751,3.17101E+18,3,2,55,13,2017,10,19,6,3,4,6,0,1,0,0,0,2,0,5.4362E+20,5.75367E+21,9.63444E+15,5.1932E+16
22752,3.17101E+18,3,1,3,0,2017,10,16,6,3,2,6,0,1,0,0,0,0,0,6.18008E+20,5.80547E+21,1.0734E+16,5.23867E+16
22753,3.17101E+18,3,1,2,0,2017,10,16,6,3,2,6,0,1,0,0,0,0,0,5.98459E+20,5.78389E+21,1.04406E+16,5.21966E+16
22754,3.17101E+18,3,1,51,27,2017,10,13,6,3,2,6,0,1,0,0,0,0,0,5.97388E+20,5.79911E+21,1.04293E+16,5.23336E+16
22755,3.17101E+18,3,4,4,0,2017,10,16,5,3,2,6,0,1,0,0,1,0,0,4.31744E+20,5.79867E+21,7.99825E+15,5.23341E+16
22756,3.17101E+18,3,4,59,15,2017,10,7,5,3,2,6,0,1,0,0,0,0,1,4.44906E+20,5.77245E+21,8.19567E+15,5.20999E+16
22757,3.17101E+18,3,4,57,20,2017,10,13,5,3,4,2,0,1,0,1,0,0,0,4.16431E+20,5.9069E+21,7.74587E+15,5.33047E+16
22758,3.17101E+18,3,4,54,57,2017,10,16,5,2,5,3,0,1,0,0,1,0,0,4.10705E+20,5.85701E+21,7.67383E+15,5.28554E+16
22759,3.17101E+18,3,4,54,57,2017,10,16,5,2,2,2,0,1,0,0,0,0,0,4.12772E+20,5.85648E+21,7.70466E+15,5.2851E+16
22760,3.17101E+18,3,4,54,29,2017,10,3,5,3,0,7,0,1,0,0,0,2,1,3.875E+20,5.85823E+21,7.32891E+15,5.2862E+16
22761,3.17101E+18,3,4,62,18,2017,10,6,5,3,2,6,0,1,0,0,0,2,1,3.98964E+20,5.93456E+21,7.47497E+15,5.35502E+16
22762,3.17102E+18,3,4,51,4,2017,10,7,4,3,2,2,0,1,0,0,0,2,0,4.3654E+20,5.88636E+21,8.05169E+15,5.31229E+16
22763,3.17101E+18,3,4,62,19,2017,10,7,5,3,5,2,0,1,0,0,1,1,1,4.18093E+20,5.93659E+21,7.76309E+15,5.35717E+16
22764,3.17101E+18,3,4,55,26,2017,10,7,5,3,0,7,0,1,0,0,0,0,1,4.44774E+20,5.91454E+21,8.16983E+15,5.33771E+16
22765,3.17101E+18,3,3,61,6,2017,10,18,5,3,9,1,0,0,0,1,0,1,0,5.10749E+20,5.8686E+21,9.16005E+15,5.29669E+16
22766,3.17102E+18,3,2,51,13,2017,10,6,4,3,5,3,0,1,0,0,0,2,0,4.62658E+20,5.83472E+21,8.44788E+15,5.26611E+16
22767,3.17101E+18,3,4,51,8,2017,10,17,5,3,5,3,1,1,0,0,0,0,0,4.40496E+20,5.89569E+21,8.10906E+15,5.32072E+16