OBJECTID,UIDENTSTLA,ULAND,UREGBEZ,UKREIS,UGEMEINDE,UJAHR,UMONAT,USTUNDE,UWOCHENTAG,UKATEGORIE,UART,UTYP1,IstRad,IstPKW,IstFuss,IstKrad,IstSonstig,LICHT,STRZUSTAND,LINREFX,LINREFY,XGCSWGS84,YGCSWGS84
23460,3.1711E+18,3,3,59,17,2017,11,8,6,3,0,2,1,1,0,0,0,0,1,5.26881E+20,5.93065E+21,9.40547E+15,5.35241E+16
23461,3.17103E+18,3,3,53,40,2017,10,15,5,3,5,3,1,1,0,0,0,0,1,5.80326E+20,5.91165E+21,1.02067E+16,5.33478E+16
23462,3.1711E+18,3,3,58,21,2017,11,16,6,3,2,6,0,1,0,0,0,0,0,5.62358E+20,5.87123E+21,9.92891E+15,5.2987E+16
23463,3.17103E+18,3,3,53,40,2017,10,11,5,2,1,5,1,0,0,0,1,0,0,5.77679E+20,5.91699E+21,1.01682E+16,5.33962E+16
23464,3.1711E+18,3,3,60,15,2017,11,9,6,2,9,7,0,1,0,0,0,0,0,6.1235E+20,5.87608E+21,1.0675E+16,5.30225E+16
23465,3.1711E+18,3,3,60,25,2017,11,10,6,3,2,2,0,1,0,0,0,0,0,6.07498E+20,5.87046E+21,1.06009E+16,5.29729E+16
23466,3.1711E+18,3,2,41,15,2017,11,14,6,3,5,3,0,1,0,0,0,0,0,5.41426E+20,5.80487E+21,9.60878E+15,5.23925E+16
23467,3.17102E+18,3,1,3,0,2017,10,14,2,2,2,6,0,1,0,0,0,0,0,6.18058E+20,5.80949E+21,1.07362E+16,5.24229E+16
23468,3.1711E+18,3,2,41,13,2017,11,14,6,2,6,4,0,1,1,0,0,0,0,5.53633E+20,5.78354E+21,9.78475E+15,5.21997E+16
23469,3.17111E+18,3,2,41,13,2017,11,2,5,2,8,1,0,1,0,0,0,2,0,5.52956E+20,5.79127E+21,9.77606E+15,5.22692E+16
23470,3.1711E+18,3,1,55,11,2017,11,22,6,2,9,7,0,1,0,0,0,2,0,5.67708E+20,5.72572E+21,9.97927E+15,5.16784E+16
23471,3.17102E+18,3,1,3,0,2017,10,7,2,3,2,6,0,1,0,0,1,1,1,6.14926E+20,5.81101E+21,1.06907E+16,5.24372E+16
23472,3.1711E+18,3,2,57,35,2017,11,13,6,3,5,3,0,1,0,1,0,0,0,5.13119E+20,5.79631E+21,9.19246E+15,5.2317E+16
23473,3.17111E+18,3,3,53,31,2017,11,23,5,3,5,3,0,1,0,0,0,2,1,5.68236E+20,5.91062E+21,1.00249E+16,5.33403E+16
23474,3.1711E+18,3,2,56,22,2017,11,7,6,2,6,4,0,1,1,0,0,1,1,5.14871E+20,5.83423E+21,9.21985E+15,5.26578E+16
23475,3.1711E+18,3,2,54,8,2017,11,16,6,3,2,6,0,1,0,0,0,0,0,5.77897E+20,5.76032E+21,1.01344E+16,5.19881E+16
23476,3.17111E+18,3,4,52,23,2017,11,6,5,2,5,3,1,1,0,0,0,2,0,3.88549E+20,5.92081E+21,7.32272E+15,5.34246E+16
23477,3.1711E+18,3,2,54,21,2017,11,19,6,3,6,6,0,0,1,1,0,2,0,5.6878E+20,5.77947E+21,1.00055E+16,5.21614E+16
23478,3.1711E+18,3,2,52,7,2017,11,8,6,3,5,2,0,1,0,0,0,0,0,5.15113E+20,5.77777E+21,9.22089E+15,5.21502E+16
23479,3.17111E+18,3,4,4,0,2017,11,23,5,3,8,1,0,1,0,0,0,2,1,4.36856E+20,5.79295E+21,8.07435E+15,5.22833E+16
23480,3.1711E+18,3,2,52,7,2017,11,8,6,3,8,1,0,1,0,0,0,0,1,5.24968E+20,5.77864E+21,9.36499E+15,5.21577E+16
23481,3.1711E+18,3,2,52,6,2017,11,15,6,3,5,3,0,1,0,0,0,0,0,5.23776E+20,5.77227E+21,9.34711E+15,5.21005E+16
23482,3.1711E+18,3,2,52,6,2017,11,11,6,3,4,2,1,1,0,0,0,0,0,5.27533E+20,5.77343E+21,9.40205E+15,5.21107E+16
23483,3.17103E+18,3,3,58,5,2017,10,13,5,3,2,6,0,1,0,0,1,0,0,5.46907E+20,5.83615E+21,9.69374E+15,5.26732E+16
23484,3.17102E+18,3,1,58,37,2017,10,21,2,3,8,1,0,1,0,0,0,2,1,6.0372E+20,5.78122E+21,1.05167E+16,5.21717E+16
23485,3.17102E+18,3,1,2,0,2017,10,14,2,3,2,6,0,1,0,0,0,0,0,5.96882E+20,5.77816E+21,1.04159E+16,5.21455E+16
23486,3.1711E+18,3,1,59,16,2017,11,18,6,3,3,6,0,1,0,0,0,2,0,5.63025E+20,5.70958E+21,9.90865E+15,5.15338E+16
23487,3.17111E+18,3,3,52,11,2017,11,18,5,3,1,5,0,1,0,0,0,2,1,4.78229E+20,5.9647E+21,8.66921E+15,5.38304E+16
23488,3.17102E+18,3,1,2,0,2017,10,16,2,3,4,6,1,0,0,1,0,0,1,5.94604E+20,5.77882E+21,1.03828E+16,5.21518E+16
23489,3.1711E+18,3,1,3,0,2017,11,6,6,3,2,6,0,1,0,0,0,1,0,6.27112E+20,5.81065E+21,1.08697E+16,5.24313E+16
23490,3.17111E+18,3,4,52,1,2017,11,20,5,3,2,6,0,1,0,0,0,2,1,3.98756E+20,5.92549E+21,7.47477E+15,5.34686E+16
23491,3.17102E+18,3,1,2,0,2017,10,9,2,3,5,2,0,1,0,0,0,0,1,5.91455E+20,5.77954E+21,1.03369E+16,5.21588E+16
23492,3.1711E+18,3,1,58,30,2017,11,8,6,3,5,3,0,1,0,0,0,0,0,6.10287E+20,5.7848E+21,1.06138E+16,5.22026E+16
23493,3.17111E+18,3,4,4,0,2017,11,14,5,3,0,2,1,1,0,0,0,0,0,4.35773E+20,5.79114E+21,8.05881E+15,5.22669E+16
23494,3.1711E+18,3,1,58,37,2017,11,11,6,3,2,2,0,1,0,0,0,0,0,6.05027E+20,5.77942E+21,1.05352E+16,5.21553E+16
23495,3.1711E+18,3,1,2,0,2017,11,14,6,3,2,6,0,1,0,0,0,0,0,5.92485E+20,5.7805E+21,1.03523E+16,5.21672E+16
23496,3.17111E+18,3,1,57,8,2017,11,21,6,3,8,1,0,1,0,0,0,2,1,5.95791E+20,5.79704E+21,1.04053E+16,5.23153E+16
23497,3.1711E+18,3,1,53,504,2017,11,7,6,2,9,1,0,1,0,0,0,1,1,6.04829E+20,5.73575E+21,1.0519E+16,5.17628E+16
23498,3.1711E+18,3,1,53,2,2017,11,23,6,3,8,1,0,1,0,0,0,2,0,6.06954E+20,5.75218E+21,1.05549E+16,5.191E+16
23499,3.17111E+18,3,2,41,11,2017,11,6,6,3,2,6,0,1,0,0,0,2,1,5.72128E+20,5.80551E+21,1.006E+16,5.23951E+16
23500,3.1711E+18,3,1,2,0,2017,11,15,6,1,1,7,0,1,0,0,0,0,0,5.88732E+20,5.77691E+21,1.02965E+16,5.21356E+16
23501,3.1711E+18,3,4,4,0,2017,11,13,5,3,5,3,0,1,0,0,0,0,1,4.32273E+20,5.79105E+21,8.00755E+15,5.22657E+16
23502,3.1711E+18,3,4,4,0,2017,11,14,5,2,5,2,1,1,0,0,0,0,1,4.3577E+20,5.79114E+21,8.05877E+15,5.22669E+16
23503,3.17111E+18,3,4,3,0,2017,11,15,3,2,5,3,0,1,0,1,0,0,0,4.49918E+20,5.89071E+21,8.2509E+15,5.31634E+16
23504,3.17111E+18,3,4,4,0,2017,11,12,3,3,2,6,0,1,0,0,0,0,0,4.34996E+20,5.79258E+21,8.04715E+15,5.22798E+16
23505,3.17102E+18,3,1,53,17,2017,10,11,2,1,8,1,0,0,0,1,0,0,1,5.9178E+20,5.74486E+21,1.03324E+16,5.1847E+16
23506,3.17111E+18,3,2,41,9,2017,11,8,4,2,3,6,0,1,0,0,1,0,0,5.59321E+20,5.79592E+21,9.87014E+15,5.23104E+16
23507,3.17103E+18,3,3,58,21,2017,10,11,5,3,5,3,1,1,0,0,0,0,0,5.57765E+20,5.87114E+21,9.86049E+15,5.29867E+16
23508,3.17111E+18,3,3,58,16,2017,11,1,4,3,8,1,0,1,0,0,0,2,1,5.69246E+20,5.8738E+21,1.00321E+16,5.30093E+16
23509,3.17111E+18,3,4,56,10,2017,11,17,4,3,2,2,0,1,0,0,0,1,0,3.74016E+20,5.80019E+21,7.15083E+15,5.23375E+16
23510,3.17111E+18,3,2,54,21,2017,11,21,5,3,2,6,0,1,0,0,0,2,0,5.67387E+20,5.77992E+21,9.98525E+15,5.21657E+16
23511,3.1711E+18,3,4,57,10,2017,11,16,5,3,2,6,0,1,0,0,0,0,0,4.06344E+20,5.9069E+21,7.59454E+15,5.3303E+16
23512,3.1711E+18,3,4,56,10,2017,11,19,5,3,2,6,0,1,0,0,0,2,1,3.73538E+20,5.8024E+21,7.14299E+15,5.23573E+16
23513,3.1711E+18,3,4,54,26,2017,11,19,5,2,6,4,0,0,1,0,1,2,1,4.11236E+20,5.84814E+21,7.68412E+15,5.27758E+16
23514,3.1711E+18,3,4,54,18,2017,11,16,5,3,0,2,1,1,0,0,0,0,1,3.80897E+20,5.85049E+21,7.2337E+15,5.27911E+16
23515,3.1711E+18,3,4,62,15,2017,11,14,5,3,3,6,0,1,0,0,0,0,0,4.09701E+20,5.94304E+21,7.63452E+15,5.36284E+16
23516,3.1711E+18,3,4,52,19,2017,11,15,5,3,5,2,1,1,0,0,0,0,1,3.79423E+20,5.94135E+21,7.17755E+15,5.36071E+16
23517,3.1711E+18,3,4,53,9,2017,11,12,5,3,5,2,0,1,0,0,0,0,0,4.30484E+20,5.84805E+21,7.96942E+15,5.27778E+16
23518,3.1711E+18,3,4,53,9,2017,11,6,5,3,9,7,0,1,0,0,0,2,1,4.25556E+20,5.84928E+21,7.8961E+15,5.27882E+16
23519,3.1711E+18,3,3,61,1,2017,11,16,5,2,5,3,0,1,0,1,0,1,1,5.02116E+20,5.87479E+21,9.03154E+15,5.30226E+16
23520,3.17103E+18,3,3,57,39,2017,10,21,5,3,2,6,0,1,0,0,1,2,1,5.24838E+20,5.88258E+21,9.3709E+15,5.30921E+16
23521,3.1711E+18,3,3,61,1,2017,11,15,5,3,5,3,1,0,0,0,0,0,0,5.02541E+20,5.87347E+21,9.03787E+15,5.30108E+16
23522,3.1711E+18,3,3,61,12,2017,11,17,5,3,5,3,1,1,0,0,0,2,1,5.15556E+20,5.86371E+21,9.23138E+15,5.29228E+16
23523,3.17103E+18,3,3,57,39,2017,10,7,5,3,4,6,1,0,0,0,0,1,1,5.26627E+20,5.88414E+21,9.39775E+15,5.31061E+16
23524,3.17111E+18,3,3,60,6,2017,11,16,5,3,1,5,0,1,0,0,0,1,0,5.94907E+20,5.87641E+21,1.04152E+16,5.30288E+16
23525,3.1711E+18,3,3,61,12,2017,11,17,5,3,8,1,0,1,0,0,0,2,1,5.15532E+20,5.86521E+21,9.23109E+15,5.29363E+16
23526,3.1711E+18,3,3,61,12,2017,11,6,5,3,5,3,0,1,0,1,0,1,1,5.14751E+20,5.86315E+21,9.21938E+15,5.29178E+16
23527,3.17103E+18,3,3,60,2,2017,10,20,5,3,9,7,0,1,0,0,0,2,0,6.0407E+20,5.88232E+21,1.05537E+16,5.30802E+16
23528,3.17103E+18,3,3,60,25,2017,10,17,5,3,2,6,0,1,0,0,0,0,0,6.0339E+20,5.87299E+21,1.05405E+16,5.29964E+16
23529,3.1711E+18,3,4,3,0,2017,11,18,5,3,5,2,1,1,0,0,0,2,1,4.44355E+20,5.88833E+21,8.16811E+15,5.31415E+16
23530,3.17103E+18,3,3,51,26,2017,10,21,5,3,5,3,1,1,0,0,0,2,1,5.87198E+20,5.85561E+21,1.02947E+16,5.28432E+16
23531,3.17103E+18,3,3,51,6,2017,10,7,5,3,2,6,0,1,0,0,0,1,1,5.70972E+20,5.83051E+21,1.00484E+16,5.26199E+16
23532,3.1711E+18,3,4,61,7,2017,11,16,5,3,2,6,0,1,0,0,0,1,0,4.68206E+20,5.93055E+21,8.52043E+15,5.35229E+16
23533,3.17103E+18,3,2,41,2,2017,10,19,5,2,6,6,0,0,1,1,0,2,0,5.31701E+20,5.79656E+21,9.46508E+15,5.23185E+16
23534,3.17103E+18,3,2,41,4,2017,10,16,5,3,4,6,0,1,0,0,1,0,0,5.65302E+20,5.81531E+21,9.96164E+15,5.24841E+16
23535,3.1711E+18,3,4,61,7,2017,11,17,5,3,2,6,0,1,0,0,0,1,0,4.64842E+20,5.92551E+21,8.47026E+15,5.34774E+16
23536,3.17103E+18,3,2,41,3,2017,10,20,5,3,3,6,0,1,0,0,1,2,0,5.68603E+20,5.8131E+21,1.00098E+16,5.24638E+16
23537,3.17103E+18,3,2,41,1,2017,10,15,5,3,6,4,0,1,1,0,0,0,0,5.49207E+20,5.80111E+21,9.72256E+15,5.2358E+16
23538,3.1711E+18,3,4,61,5,2017,11,15,5,2,8,7,0,1,0,0,0,0,0,4.48655E+20,5.91547E+21,8.22802E+15,5.33858E+16
23539,3.1711E+18,3,4,61,2,2017,11,18,5,3,2,6,0,1,0,0,0,2,0,4.6372E+20,5.90862E+21,8.45529E+15,5.33255E+16
23540,3.17103E+18,3,2,41,15,2017,10,7,5,3,5,2,0,1,0,0,0,1,1,5.37529E+20,5.80152E+21,9.55113E+15,5.23627E+16
23541,3.1711E+18,3,3,52,62,2017,11,11,5,3,7,7,0,1,1,0,1,0,1,4.85734E+20,5.94117E+21,8.78433E+15,5.36192E+16
23542,3.1711E+18,3,3,52,63,2017,11,10,5,3,2,6,0,1,0,0,0,0,1,5.03757E+20,5.95811E+21,9.057E+15,5.37716E+16
23543,3.17103E+18,3,1,55,13,2017,10,9,5,2,5,3,0,1,0,0,0,0,0,5.60132E+20,5.73474E+21,9.87127E+15,5.17603E+16
23544,3.1711E+18,3,3,52,42,2017,11,7,5,3,0,1,1,0,0,0,1,0,1,5.09705E+20,5.95569E+21,9.14717E+15,5.37498E+16
23545,3.17103E+18,3,2,41,16,2017,10,18,5,3,2,6,0,1,0,0,1,2,0,5.60668E+20,5.79426E+21,9.8896E+15,5.22954E+16
23546,3.1711E+18,3,3,52,46,2017,11,15,5,3,2,6,0,1,0,0,0,0,0,4.97164E+20,5.96372E+21,8.95692E+15,5.3822E+16
23547,3.1711E+18,3,3,53,40,2017,11,6,5,2,0,6,0,1,0,0,1,0,1,5.79242E+20,5.91078E+21,1.01902E+16,5.33402E+16
23548,3.17102E+18,3,1,1,0,2017,10,8,2,3,2,6,0,1,0,0,0,0,1,6.04832E+20,5.78595E+21,1.05344E+16,5.2214E+16
23549,3.1711E+18,3,3,53,26,2017,11,14,5,3,5,2,1,1,0,0,0,0,0,5.53131E+20,5.92422E+21,9.80032E+15,5.34643E+16
23550,3.17111E+18,3,3,57,39,2017,11,19,5,2,4,2,1,1,0,0,0,2,1,5.23948E+20,5.88128E+21,9.35751E+15,5.30804E+16
23551,3.17102E+18,3,4,54,51,2017,10,1,1,3,8,1,0,1,0,0,0,2,0,3.99105E+20,5.87363E+21,7.49643E+15,5.30027E+16
23552,3.1711E+18,3,3,53,5,2017,11,15,5,3,2,6,0,1,0,0,0,0,0,5.53203E+20,5.90844E+21,9.79874E+15,5.33225E+16
23553,3.17111E+18,3,3,56,11,2017,11,2,5,3,8,7,0,0,0,1,0,2,0,4.99816E+20,5.90088E+21,8.99724E+15,5.32572E+16
23554,3.1711E+18,3,3,53,5,2017,11,15,5,3,2,2,0,1,0,0,0,0,0,5.5303E+20,5.90837E+21,9.79613E+15,5.33218E+16
23555,3.1711E+18,3,3,53,5,2017,11,8,5,3,8,1,0,1,0,0,0,0,0,5.54124E+20,5.90954E+21,9.81276E+15,5.33322E+16
23556,3.17111E+18,3,4,57,10,2017,11,19,5,3,7,7,0,1,0,0,1,2,1,4.07811E+20,5.90325E+21,7.61761E+15,5.32705E+16
23557,3.1711E+18,3,3,59,38,2017,11,8,5,2,0,2,0,1,1,0,0,0,1,5.28919E+20,5.93848E+21,9.43694E+15,5.35944E+16
23558,3.1711E+18,3,3,58,5,2017,11,10,5,2,7,7,0,1,1,0,0,0,0,5.46906E+20,5.8362E+21,9.69372E+15,5.26737E+16
23559,3.17111E+18,3,1,53,17,2017,11,18,6,3,3,6,0,1,0,0,1,2,1,5.98144E+20,5.75317E+21,1.04271E+16,5.19206E+16
23560,3.1711E+18,3,3,57,57,2017,11,20,5,3,0,7,0,1,0,0,0,2,0,5.18437E+20,5.9037E+21,9.27653E+15,5.32822E+16
23561,3.1711E+18,3,3,57,22,2017,11,15,5,3,5,3,1,1,0,0,0,0,0,5.16936E+20,5.88009E+21,9.25278E+15,5.307E+16
23562,3.1711E+18,3,3,51,24,2017,11,12,5,2,2,2,0,1,0,0,0,0,0,5.52322E+20,5.83669E+21,9.77389E+15,5.26776E+16
23563,3.17111E+18,3,4,54,41,2017,11,15,3,3,8,1,0,1,0,0,0,0,0,3.89165E+20,5.8818E+21,7.34557E+15,5.30741E+16
23564,3.17111E+18,3,2,52,2,2017,11,21,4,3,4,6,0,1,0,0,0,2,0,5.27311E+20,5.78735E+21,9.39993E+15,5.22358E+16
23565,3.17111E+18,3,2,41,1,2017,11,17,4,3,2,6,0,1,0,0,0,2,0,5.49072E+20,5.79886E+21,9.72025E+15,5.23379E+16
23566,3.17111E+18,3,3,56,9,2017,11,12,4,3,2,2,0,1,0,0,0,0,0,4.72973E+20,5.89798E+21,8.59512E+15,5.32304E+16
23567,3.17103E+18,3,2,54,21,2017,10,0,5,2,5,3,0,1,0,0,0,2,1,5.65352E+20,5.77485E+21,9.95453E+15,5.21203E+16
23568,3.17103E+18,3,2,52,4,2017,10,13,5,3,2,6,0,1,0,0,1,0,0,5.3897E+20,5.77334E+21,9.56905E+15,5.21092E+16
23569,3.17103E+18,3,2,52,6,2017,10,6,5,3,3,6,0,1,0,0,1,1,0,5.24133E+20,5.77169E+21,9.35229E+15,5.20952E+16
23570,3.17103E+18,3,1,59,17,2017,10,11,5,3,5,3,0,1,0,0,0,0,0,5.4446E+20,5.6943E+21,9.6391E+15,5.13982E+16
23571,3.17103E+18,3,1,59,35,2017,10,15,5,3,8,1,0,1,0,0,0,0,0,5.72244E+20,5.71248E+21,1.00421E+16,5.15588E+16
23572,3.17103E+18,3,1,59,16,2017,10,18,5,3,2,6,0,1,0,0,0,2,0,5.62565E+20,5.70935E+21,9.90198E+15,5.15317E+16
23573,3.17103E+18,3,1,3,0,2017,10,19,5,3,8,7,0,1,0,0,0,2,0,6.13724E+20,5.80879E+21,1.06722E+16,5.24175E+16
23574,3.17103E+18,3,1,57,2,2017,10,16,5,3,2,2,0,1,0,0,0,0,0,5.70285E+20,5.78923E+21,1.00295E+16,5.2249E+16
23575,3.17103E+18,3,1,51,27,2017,10,18,5,3,5,3,0,1,0,0,0,1,0,5.98047E+20,5.79912E+21,1.0439E+16,5.23337E+16
23576,3.17103E+18,3,1,58,6,2017,10,19,5,2,3,7,0,1,0,0,0,2,0,6.11602E+20,5.79029E+21,1.06349E+16,5.22517E+16
23577,3.17103E+18,3,1,1,0,2017,10,13,5,3,2,6,0,1,0,0,0,0,0,6.01818E+20,5.79246E+21,1.04923E+16,5.2273E+16
23578,3.1711E+18,3,3,51,16,2017,11,18,5,3,4,2,1,1,0,0,0,2,0,5.84293E+20,5.83098E+21,1.02452E+16,5.26223E+16
23579,3.17111E+18,3,2,55,8,2017,11,7,4,3,2,2,0,1,0,0,0,0,0,5.51304E+20,5.75624E+21,9.74657E+15,5.19545E+16
23580,3.17102E+18,3,4,62,11,2017,10,1,1,3,9,1,0,1,0,0,0,2,1,4.02736E+20,5.93813E+21,7.53078E+15,5.3583E+16
23581,3.17103E+18,3,1,51,27,2017,10,9,5,1,2,6,0,0,0,0,1,0,0,5.98776E+20,5.79877E+21,1.04496E+16,5.23304E+16
23582,3.17111E+18,3,3,55,22,2017,11,17,4,3,2,6,0,1,0,0,0,2,0,5.93441E+20,5.90394E+21,1.04014E+16,5.32765E+16
23583,3.17102E+18,3,4,52,1,2017,10,10,1,2,8,6,0,1,1,0,0,0,1,4.02811E+20,5.92704E+21,7.53536E+15,5.34834E+16
23584,3.17103E+18,3,4,59,21,2017,10,7,4,3,5,7,1,1,0,0,0,1,1,4.32251E+20,5.78685E+21,8.00808E+15,5.22279E+16
23585,3.17111E+18,3,3,56,9,2017,11,13,4,3,5,3,1,0,0,0,1,0,0,4.72732E+20,5.89915E+21,8.5914E+15,5.32409E+16
23586,3.17111E+18,3,1,51,13,2017,11,7,5,3,2,6,0,1,0,0,0,0,0,6.08023E+20,5.81048E+21,1.0589E+16,5.24339E+16
23587,3.17103E+18,3,4,59,19,2017,10,7,4,3,2,6,0,1,0,0,0,0,1,4.3591E+20,5.78764E+21,8.06148E+15,5.22354E+16
23588,3.1711E+18,3,2,41,1,2017,11,14,5,3,0,7,0,1,0,0,0,0,1,5.4503E+20,5.80593E+21,9.66188E+15,5.24017E+16
23589,3.17103E+18,3,4,59,14,2017,10,13,4,3,0,1,1,0,0,0,0,0,1,4.31586E+20,5.80744E+21,7.99415E+15,5.24129E+16
23590,3.17103E+18,3,4,4,0,2017,10,7,4,3,3,6,0,1,0,0,0,1,1,4.3434E+20,5.79171E+21,8.03772E+15,5.22718E+16
23591,3.17103E+18,3,4,4,0,2017,10,14,4,3,0,7,0,0,0,0,1,0,1,4.35564E+20,5.79058E+21,8.05586E+15,5.22618E+16
23592,3.1711E+18,3,2,41,21,2017,11,16,5,3,0,3,0,1,0,1,0,0,1,5.30636E+20,5.80878E+21,9.45057E+15,5.24284E+16
23593,3.17103E+18,3,4,54,47,2017,10,12,4,3,8,1,0,1,0,0,0,0,1,4.0076E+20,5.85591E+21,7.52652E+15,5.28438E+16
23594,3.17103E+18,3,4,54,51,2017,10,20,4,2,5,3,1,1,0,0,0,2,1,3.98859E+20,5.87417E+21,7.4926E+15,5.30075E+16
23595,3.1711E+18,3,2,41,13,2017,11,14,5,3,2,6,0,1,0,0,1,0,1,5.53258E+20,5.79136E+21,9.7805E+15,5.227E+16
23596,3.17103E+18,3,4,54,18,2017,10,10,4,3,8,6,0,1,0,0,1,0,0,3.81049E+20,5.85284E+21,7.23511E+15,5.28122E+16
23597,3.17103E+18,3,4,54,14,2017,10,18,4,3,8,1,0,1,0,0,0,1,1,3.77908E+20,5.8307E+21,7.19675E+15,5.26125E+16
23598,3.17103E+18,3,4,54,10,2017,10,6,4,3,6,4,0,1,1,0,0,2,1,3.84641E+20,5.80677E+21,7.30445E+15,5.2399E+16
23599,3.17103E+18,3,4,60,6,2017,10,13,4,3,5,2,0,1,0,0,1,0,0,4.47338E+20,5.83906E+21,8.2207E+15,5.26989E+16
23600,3.17103E+18,3,4,60,1,2017,10,17,4,3,5,3,0,1,0,0,0,1,1,4.44762E+20,5.84199E+21,8.18209E+15,5.27249E+16
23601,3.1711E+18,3,2,41,17,2017,11,15,5,3,5,3,1,1,0,0,0,0,0,5.45803E+20,5.78783E+21,9.67077E+15,5.22389E+16
23602,3.1711E+18,3,2,41,12,2017,11,7,5,3,8,1,0,0,0,1,0,1,1,5.38448E+20,5.82513E+21,9.56735E+15,5.25749E+16
23603,3.1711E+18,3,2,41,12,2017,11,17,5,3,5,2,1,1,0,0,0,2,1,5.30856E+20,5.81768E+21,9.45463E+15,5.25084E+16
23604,3.17103E+18,3,4,53,8,2017,10,16,4,3,2,6,0,1,0,0,0,0,1,4.2994E+20,5.86345E+21,7.95805E+15,5.29161E+16
23605,3.17102E+18,3,4,52,1,2017,10,0,1,3,5,2,0,1,0,0,0,2,1,3.99334E+20,5.92591E+21,7.48332E+15,5.34725E+16
23606,3.1711E+18,3,2,41,2,2017,11,11,5,3,2,2,0,1,0,0,0,0,0,5.31568E+20,5.79614E+21,9.46309E+15,5.23146E+16
23607,3.17111E+18,3,2,41,1,2017,11,6,5,3,2,6,0,1,0,0,0,2,0,5.43458E+20,5.80748E+21,9.63898E+15,5.24158E+16
23608,3.1711E+18,3,2,41,8,2017,11,8,5,3,2,6,0,1,0,0,1,0,0,5.60263E+20,5.81011E+21,9.8865E+15,5.24379E+16
23609,3.1711E+18,3,2,41,9,2017,11,17,5,3,5,2,0,1,0,0,0,2,0,5.56185E+20,5.79386E+21,9.8238E+15,5.22922E+16
23610,3.17111E+18,3,3,52,60,2017,11,12,5,3,8,1,0,0,0,0,1,0,0,4.81328E+20,5.91124E+21,8.7195E+15,5.335E+16
23611,3.1711E+18,3,2,54,22,2017,11,17,5,3,2,6,0,1,0,0,1,1,0,5.7487E+20,5.77503E+21,1.00936E+16,5.21207E+16
23612,3.1711E+18,3,2,54,17,2017,11,2,5,3,2,7,0,1,0,0,1,2,0,5.64426E+20,5.78359E+21,9.94265E+15,5.2199E+16
23613,3.17111E+18,3,4,52,19,2017,11,16,5,3,3,2,1,1,0,0,0,0,0,3.80817E+20,5.94023E+21,7.19904E+15,5.35974E+16
23614,3.1711E+18,3,2,52,1,2017,11,17,5,2,8,1,0,0,0,1,0,2,1,5.14249E+20,5.7616E+21,9.20758E+15,5.20049E+16
23615,3.1711E+18,3,2,52,3,2017,11,17,5,3,6,4,0,1,1,0,0,2,1,5.18042E+20,5.7588E+21,9.26269E+15,5.19796E+16
23616,3.1711E+18,3,2,52,3,2017,11,17,5,3,2,6,0,1,0,0,0,2,0,5.19614E+20,5.75864E+21,9.28557E+15,5.19781E+16
23617,3.17111E+18,3,4,51,1,2017,11,18,3,3,5,3,0,1,0,0,0,2,0,4.17421E+20,5.89767E+21,7.76313E+15,5.32219E+16
23618,3.17111E+18,3,1,51,9,2017,11,15,4,3,5,3,0,1,0,0,0,0,0,6.00743E+20,5.81586E+21,1.04836E+16,5.24836E+16
23619,3.17111E+18,3,2,41,16,2017,11,12,4,3,5,2,1,1,0,0,0,0,0,5.65707E+20,5.79663E+21,9.96393E+15,5.2316E+16
23620,3.17103E+18,3,4,55,14,2017,10,12,4,2,2,6,0,1,0,0,1,0,1,4.32133E+20,5.92617E+21,7.97732E+15,5.34801E+16
23621,3.17103E+18,3,4,3,0,2017,10,7,4,3,2,6,0,0,0,0,1,2,1,4.45859E+20,5.8884E+21,8.19058E+15,5.31422E+16
23622,3.17103E+18,3,4,51,4,2017,10,14,4,3,2,6,0,1,0,0,0,0,1,4.31151E+20,5.88599E+21,7.97125E+15,5.31189E+16
23623,3.17102E+18,3,4,53,9,2017,10,19,1,3,5,3,0,1,0,0,0,2,0,4.30224E+20,5.84836E+21,7.9655E+15,5.27805E+16
23624,3.17103E+18,3,4,3,0,2017,10,13,4,2,5,3,0,1,0,1,0,0,1,4.48016E+20,5.88726E+21,8.22301E+15,5.31322E+16
23625,3.17103E+18,3,4,3,0,2017,10,18,4,3,2,6,0,1,0,0,0,1,1,4.47357E+20,5.88544E+21,8.21346E+15,5.31158E+16
23626,3.17111E+18,3,4,52,1,2017,11,16,3,3,5,2,0,1,0,0,0,1,0,3.99894E+20,5.92704E+21,7.4914E+15,5.34828E+16
23627,3.17102E+18,3,3,56,5,2017,10,20,1,3,9,1,0,1,0,1,0,2,0,4.93268E+20,5.88746E+21,8.89936E+15,5.31365E+16
23628,3.17111E+18,3,1,51,9,2017,11,17,4,3,5,2,0,1,0,0,0,2,0,6.07098E+20,5.81424E+21,1.05766E+16,5.24678E+16
23629,3.17102E+18,3,4,51,2,2017,10,22,1,3,7,7,0,1,0,0,0,2,1,4.36337E+20,5.89712E+21,8.04651E+15,5.32196E+16
23630,3.17103E+18,3,4,3,0,2017,10,19,4,3,2,6,0,1,0,0,0,2,1,4.47706E+20,5.88626E+21,8.21855E+15,5.31232E+16
23631,3.17111E+18,3,2,41,11,2017,11,17,4,3,4,2,0,1,0,0,0,2,0,5.75228E+20,5.80495E+21,1.01055E+16,5.23896E+16
23632,3.17111E+18,3,4,58,7,2017,11,14,4,3,2,6,0,1,0,0,0,0,0,4.46862E+20,5.86107E+21,8.21008E+15,5.28967E+16