OBJECTID,UIDENTSTLA,ULAND,UREGBEZ,UKREIS,UGEMEINDE,UJAHR,UMONAT,USTUNDE,UWOCHENTAG,UKATEGORIE,UART,UTYP1,IstRad,IstPKW,IstFuss,IstKrad,IstSonstig,LICHT,STRZUSTAND,LINREFX,LINREFY,XGCSWGS84,YGCSWGS84
23980,3.17112E+18,3,2,41,1,2017,11,18,6,3,2,6,0,1,0,0,0,2,0,5.53943E+20,5.8052E+21,9.79275E+15,5.23944E+16
23981,3.17112E+18,3,2,54,20,2017,11,14,1,2,3,1,0,1,0,0,0,0,1,5.63863E+20,5.78473E+21,9.93463E+15,5.22093E+16
23982,3.17112E+18,3,2,41,17,2017,11,12,6,3,5,2,0,1,0,0,0,0,0,5.50949E+20,5.78459E+21,9.74564E+15,5.22094E+16
23983,3.17112E+18,3,2,52,2,2017,11,16,1,3,8,1,0,0,0,0,1,2,1,5.33474E+20,5.77852E+21,9.4893E+15,5.21562E+16
23984,3.17113E+18,3,4,51,4,2017,11,17,1,3,6,4,0,1,1,0,0,1,1,4.31435E+20,5.8862E+21,7.97544E+15,5.31208E+16
23985,3.17113E+18,3,2,51,32,2017,11,4,1,3,8,1,0,1,0,0,0,2,0,4.88143E+20,5.84418E+21,8.82434E+15,5.27473E+16
23986,3.17113E+18,3,2,51,13,2017,11,15,1,2,5,3,0,1,0,0,0,0,0,4.60223E+20,5.83213E+21,8.41219E+15,5.26377E+16
23987,3.17112E+18,3,2,41,12,2017,11,15,6,3,4,6,0,1,0,0,0,1,1,5.39797E+20,5.826E+21,9.58736E+15,5.25826E+16
23988,3.17111E+18,3,2,41,12,2017,11,1,2,3,8,7,0,1,0,0,0,2,1,5.29E+20,5.8235E+21,9.42779E+15,5.25608E+16
23989,3.17112E+18,3,2,41,11,2017,11,11,6,3,2,6,0,1,0,0,0,0,1,5.64421E+20,5.80277E+21,9.94625E+15,5.23714E+16
23990,3.17113E+18,3,1,58,37,2017,11,19,2,3,2,6,0,1,0,0,0,2,1,6.03692E+20,5.78004E+21,1.05159E+16,5.21611E+16
23991,3.17111E+18,3,2,41,2,2017,11,9,2,3,2,6,0,1,0,0,0,0,1,5.31272E+20,5.79795E+21,9.45891E+15,5.23309E+16
23992,3.17112E+18,3,2,41,10,2017,11,19,6,3,5,2,0,1,0,0,0,2,1,5.46931E+20,5.81046E+21,9.69045E+15,5.24423E+16
23993,3.17113E+18,3,2,41,1,2017,11,21,2,3,6,4,0,1,1,0,0,2,1,5.50841E+20,5.80191E+21,9.74667E+15,5.23651E+16
23994,3.17111E+18,3,2,41,19,2017,11,14,2,3,9,7,0,1,0,0,0,0,0,5.44924E+20,5.82261E+21,9.66257E+15,5.25517E+16
23995,3.17112E+18,3,2,41,18,2017,11,8,6,3,5,3,0,1,0,0,0,1,1,5.8199E+20,5.81328E+21,1.02068E+16,5.24635E+16
23996,3.17112E+18,3,2,41,11,2017,11,19,6,3,2,6,0,1,0,0,1,2,1,5.67776E+20,5.80466E+21,9.99591E+15,5.2388E+16
23997,3.17112E+18,3,2,41,1,2017,11,16,6,3,2,6,0,1,0,0,0,2,1,5.43423E+20,5.8082E+21,9.63855E+15,5.24223E+16
23998,3.17111E+18,3,3,55,4,2017,11,8,2,3,2,6,0,0,0,0,1,0,0,5.92543E+20,5.90563E+21,1.03884E+16,5.32918E+16
23999,3.17112E+18,3,2,41,11,2017,11,15,6,3,2,6,0,1,0,0,1,0,0,5.63769E+20,5.80514E+21,9.93712E+15,5.23928E+16
24000,3.17111E+18,3,3,59,37,2017,11,10,2,3,2,2,0,1,0,0,1,0,0,5.40184E+20,5.91593E+21,9.60425E+15,5.33909E+16
24001,3.17112E+18,3,1,59,16,2017,11,4,1,3,0,1,1,0,0,0,0,2,1,5.62745E+20,5.70945E+21,9.9046E+15,5.15326E+16
24002,3.17112E+18,3,1,58,37,2017,11,15,1,3,5,3,1,1,0,0,0,0,1,6.05343E+20,5.7806E+21,1.05402E+16,5.21658E+16
24003,3.17113E+18,3,4,58,7,2017,11,12,1,2,5,3,1,1,0,0,0,0,1,4.55264E+20,5.86987E+21,8.33376E+15,5.29765E+16
24004,3.17112E+18,3,1,57,7,2017,11,13,1,3,2,2,0,1,0,0,0,0,1,5.96106E+20,5.79226E+21,1.04085E+16,5.22723E+16
24005,3.17112E+18,3,1,2,0,2017,11,20,1,3,8,1,0,1,0,0,0,2,1,5.8898E+20,5.77993E+21,1.03009E+16,5.21627E+16
24006,3.17113E+18,3,4,58,3,2017,11,11,1,2,4,2,0,1,0,1,0,0,1,4.62317E+20,5.86235E+21,8.43966E+15,5.29095E+16
24007,3.17112E+18,3,1,51,5,2017,11,14,1,3,8,7,0,0,0,0,1,0,1,6.30942E+20,5.82661E+21,1.09323E+16,5.25738E+16
24008,3.17111E+18,3,2,41,10,2017,11,17,2,3,5,3,1,1,0,0,0,2,0,5.45651E+20,5.81025E+21,9.6716E+15,5.24406E+16
24009,3.17113E+18,3,3,53,25,2017,11,18,1,3,2,6,0,1,0,0,0,2,0,5.46312E+20,5.91812E+21,9.69671E+15,5.34101E+16
24010,3.17112E+18,3,2,41,11,2017,11,16,1,3,2,6,0,1,0,0,0,1,1,5.76226E+20,5.80208E+21,1.01195E+16,5.23637E+16
24011,3.17111E+18,3,2,41,19,2017,11,20,2,2,5,3,0,1,0,0,0,2,0,5.52613E+20,5.82287E+21,9.77599E+15,5.25534E+16
24012,3.17113E+18,3,3,58,8,2017,11,16,1,3,2,6,0,1,0,0,0,1,0,5.46735E+20,5.85581E+21,9.69399E+15,5.285E+16
24013,3.17112E+18,3,4,4,0,2017,11,15,7,2,5,3,1,1,0,0,0,0,1,4.37883E+20,5.79228E+21,8.08953E+15,5.22774E+16
24014,3.17111E+18,3,2,41,1,2017,11,17,2,3,2,6,0,1,0,0,0,2,0,5.50186E+20,5.80226E+21,9.7371E+15,5.23683E+16
24015,3.17112E+18,3,2,41,1,2017,11,12,6,3,2,2,0,1,0,0,0,0,1,5.49235E+20,5.80113E+21,9.72298E+15,5.23582E+16
24016,3.17112E+18,3,4,4,0,2017,11,13,7,3,4,2,0,1,0,0,0,0,0,4.33911E+20,5.79164E+21,8.03144E+15,5.22712E+16
24017,3.17111E+18,3,4,55,27,2017,11,7,2,3,9,1,0,0,0,0,1,0,1,4.29013E+20,5.9162E+21,7.93257E+15,5.33901E+16
24018,3.17111E+18,3,2,41,1,2017,11,13,2,3,2,6,0,1,0,0,1,0,0,5.5168E+20,5.80882E+21,9.76006E+15,5.24272E+16
24019,3.17112E+18,3,4,4,0,2017,11,10,7,3,2,6,0,1,0,0,0,0,0,4.34838E+20,5.79037E+21,8.04527E+15,5.22598E+16
24020,3.17112E+18,3,4,57,17,2017,11,13,7,3,2,2,0,1,0,0,0,1,1,4.08798E+20,5.88843E+21,7.63664E+15,5.31374E+16
24021,3.17112E+18,3,4,54,8,2017,11,6,7,3,9,7,0,1,0,0,0,2,1,3.88738E+20,5.86876E+21,7.3437E+15,5.29569E+16
24022,3.17113E+18,3,3,58,21,2017,11,16,1,3,2,6,0,1,0,0,0,2,0,5.53776E+20,5.86887E+21,9.8007E+15,5.29667E+16
24023,3.17112E+18,3,4,56,25,2017,11,10,7,3,2,6,0,1,0,0,0,0,1,3.7862E+20,5.81734E+21,7.21215E+15,5.24927E+16
24024,3.17112E+18,3,4,54,21,2017,11,19,7,3,5,3,0,1,0,1,0,2,1,4.05814E+20,5.83813E+21,7.60664E+15,5.26849E+16
24025,3.17113E+18,3,3,60,30,2017,11,19,1,3,8,1,0,1,0,0,0,2,0,6.10963E+20,5.86222E+21,1.06496E+16,5.28982E+16
24026,3.17112E+18,3,4,52,16,2017,11,10,7,3,0,3,0,1,0,0,0,0,1,3.83387E+20,5.94048E+21,7.23776E+15,5.36001E+16
24027,3.17112E+18,3,4,53,8,2017,11,16,7,3,8,7,0,1,0,0,0,2,0,4.33365E+20,5.86269E+21,8.00914E+15,5.29098E+16
24028,3.17113E+18,3,3,60,5,2017,11,5,1,3,8,1,0,0,0,0,1,2,2,6.1387E+20,5.8537E+21,1.06898E+16,5.2821E+16
24029,3.17112E+18,3,3,56,11,2017,11,17,7,2,6,6,1,0,1,0,0,2,1,4.95593E+20,5.89596E+21,8.93401E+15,5.32129E+16
24030,3.17112E+18,3,3,56,8,2017,11,8,7,3,6,6,1,0,1,0,0,0,0,4.80502E+20,5.89256E+21,8.70824E+15,5.3182E+16
24031,3.17111E+18,3,2,41,11,2017,11,7,2,3,3,6,0,1,0,0,0,2,1,5.70461E+20,5.80363E+21,1.00351E+16,5.23784E+16
24032,3.17112E+18,3,4,3,0,2017,11,11,7,2,6,4,1,0,1,0,0,0,1,4.43644E+20,5.88827E+21,8.15749E+15,5.31409E+16
24033,3.17112E+18,3,2,51,47,2017,11,8,7,3,4,6,1,0,0,0,0,0,1,4.9134E+20,5.87095E+21,8.871E+15,5.29881E+16
24034,3.17112E+18,3,2,51,37,2017,11,10,7,2,5,3,1,1,0,0,0,0,0,4.8153E+20,5.8764E+21,8.72454E+15,5.30368E+16
24035,3.17112E+18,3,4,58,5,2017,11,9,7,3,3,7,0,1,0,0,1,0,0,4.68478E+20,5.87879E+21,8.52966E+15,5.30576E+16
24036,3.17112E+18,3,2,41,1,2017,11,6,6,3,2,6,0,1,0,0,0,2,1,5.47031E+20,5.79984E+21,9.69043E+15,5.23469E+16
24037,3.17112E+18,3,4,58,7,2017,11,0,7,3,8,7,0,1,0,0,0,2,0,4.43947E+20,5.86304E+21,8.16641E+15,5.29141E+16
24038,3.17112E+18,3,2,57,33,2017,11,9,6,2,9,1,0,1,0,0,0,0,1,5.18717E+20,5.8026E+21,9.27493E+15,5.23734E+16
24039,3.17112E+18,3,4,61,5,2017,11,16,7,3,8,1,0,1,0,0,0,0,1,4.52914E+20,5.91171E+21,8.2926E+15,5.33525E+16
24040,3.17112E+18,3,4,61,1,2017,11,17,7,3,2,6,0,1,0,0,0,2,1,4.69556E+20,5.8889E+21,8.54479E+15,5.31486E+16
24041,3.17112E+18,3,2,54,26,2017,11,6,6,3,4,6,1,0,0,0,0,2,1,5.55101E+20,5.78129E+21,9.80586E+15,5.21793E+16
24042,3.17112E+18,3,2,54,20,2017,11,12,6,2,4,6,0,0,0,0,1,0,1,5.70864E+20,5.78442E+21,1.0037E+16,5.22057E+16
24043,3.17112E+18,3,3,52,11,2017,11,22,7,2,8,1,0,1,0,0,0,2,2,4.80065E+20,5.95769E+21,8.69756E+15,5.37675E+16
24044,3.17112E+18,3,2,54,26,2017,11,11,6,3,4,6,0,1,0,0,0,0,1,5.53736E+20,5.77786E+21,9.78536E+15,5.21487E+16
24045,3.17112E+18,3,2,54,43,2017,11,7,6,2,4,6,0,1,0,0,1,1,1,5.53838E+20,5.77175E+21,9.78588E+15,5.20937E+16
24046,3.17112E+18,3,3,52,32,2017,11,14,7,2,2,6,0,1,0,0,0,0,0,4.72136E+20,5.91911E+21,8.58071E+15,5.34203E+16
24047,3.17112E+18,3,2,54,21,2017,11,15,6,3,2,6,0,1,0,0,0,0,0,5.65878E+20,5.77759E+21,9.96274E+15,5.21449E+16
24048,3.17112E+18,3,2,55,34,2017,11,22,6,3,1,5,0,1,0,0,0,2,0,5.42559E+20,5.74818E+21,9.61833E+15,5.18827E+16
24049,3.17112E+18,3,3,53,29,2017,11,12,7,3,8,1,0,1,0,0,0,0,1,5.60241E+20,5.91743E+21,9.9061E+15,5.34025E+16
24050,3.17112E+18,3,2,52,1,2017,11,9,6,3,8,1,0,1,0,0,0,0,1,5.16659E+20,5.77281E+21,9.24323E+15,5.21056E+16
24051,3.17112E+18,3,3,53,31,2017,11,17,7,3,2,6,0,1,0,0,1,2,1,5.68509E+20,5.91991E+21,1.0031E+16,5.34238E+16
24052,3.17112E+18,3,2,52,4,2017,11,10,6,3,2,6,0,1,0,0,0,0,1,5.39398E+20,5.77281E+21,9.57523E+15,5.21044E+16
24053,3.17112E+18,3,3,59,38,2017,11,19,7,3,2,6,0,1,0,0,0,2,1,5.31865E+20,5.94478E+21,9.4821E+15,5.36508E+16
24054,3.17112E+18,3,2,52,6,2017,11,17,6,3,2,6,0,1,0,0,0,2,1,5.23593E+20,5.7706E+21,9.34432E+15,5.20855E+16
24055,3.17112E+18,3,3,57,41,2017,11,12,7,3,2,6,0,1,0,0,0,0,1,5.30816E+20,5.88876E+21,9.46076E+15,5.31474E+16
24056,3.17112E+18,3,3,57,41,2017,11,17,7,3,2,6,0,1,0,0,0,2,1,5.35017E+20,5.88981E+21,9.52368E+15,5.31566E+16
24057,3.17113E+18,3,3,51,6,2017,11,12,1,3,4,1,0,1,0,0,0,0,0,5.72829E+20,5.82603E+21,1.00748E+16,5.25794E+16
24058,3.17113E+18,3,2,41,1,2017,11,17,1,3,2,6,0,1,0,0,0,2,0,5.47488E+20,5.80301E+21,9.69759E+15,5.23753E+16
24059,3.17112E+18,3,1,59,16,2017,11,13,6,3,2,6,0,1,0,0,0,0,1,5.66656E+20,5.71191E+21,9.96144E+15,5.15543E+16
24060,3.17111E+18,3,2,41,1,2017,11,5,2,3,3,6,0,1,0,0,0,2,0,5.56748E+20,5.80813E+21,9.83447E+15,5.24204E+16
24061,3.17113E+18,3,2,41,1,2017,11,14,1,3,5,2,1,1,0,0,0,0,0,5.4957E+20,5.80373E+21,9.72828E+15,5.23816E+16
24062,3.17112E+18,3,1,54,19,2017,11,11,6,3,2,6,0,1,0,0,0,0,1,6.34524E+20,5.77957E+21,1.09662E+16,5.21502E+16
24063,3.17111E+18,3,2,57,7,2017,11,7,2,3,5,3,0,1,0,0,0,1,1,5.21326E+20,5.79885E+21,9.31302E+15,5.23395E+16
24064,3.17112E+18,3,1,54,27,2017,11,10,6,2,2,6,0,1,0,0,0,0,1,6.30624E+20,5.77761E+21,1.09085E+16,5.21335E+16
24065,3.17113E+18,3,1,51,8,2017,11,16,2,3,0,7,0,1,0,0,0,2,1,6.20552E+20,5.82589E+21,1.07788E+16,5.25697E+16
24066,3.17111E+18,3,2,57,31,2017,11,17,2,3,5,3,1,1,0,0,0,2,0,5.05934E+20,5.78279E+21,9.08682E+15,5.21955E+16
24067,3.17112E+18,3,1,2,0,2017,11,0,6,2,9,7,0,1,0,0,0,2,1,5.93558E+20,5.7722E+21,1.03657E+16,5.20925E+16
24068,3.17112E+18,3,1,53,504,2017,11,13,6,3,7,1,0,1,0,0,0,0,1,5.92252E+20,5.75354E+21,1.03416E+16,5.19249E+16
24069,3.17111E+18,3,2,57,31,2017,11,5,2,3,5,3,0,1,0,1,0,2,1,5.06518E+20,5.783E+21,9.09537E+15,5.21974E+16
24070,3.17111E+18,3,2,54,14,2017,11,11,2,3,5,3,0,1,0,0,0,0,0,5.46694E+20,5.77341E+21,9.68183E+15,5.21092E+16
24071,3.17111E+18,3,2,41,1,2017,11,13,2,3,2,6,0,0,0,1,1,0,1,5.43638E+20,5.80737E+21,9.64161E+15,5.24148E+16
24072,3.17112E+18,3,1,53,17,2017,11,7,6,3,6,2,0,1,1,0,0,2,1,5.97439E+20,5.75221E+21,1.04166E+16,5.19121E+16
24073,3.17113E+18,3,1,1,0,2017,11,14,3,3,2,6,0,1,0,0,0,0,0,6.03096E+20,5.78913E+21,1.051E+16,5.22429E+16
24074,3.17112E+18,3,3,54,4,2017,11,15,7,2,4,1,0,1,0,0,0,0,1,6.37655E+20,5.8859E+21,1.10563E+16,5.31047E+16
24075,3.17113E+18,3,1,53,6,2017,11,16,2,3,4,1,0,1,0,0,1,2,1,5.84349E+20,5.75563E+21,1.02272E+16,5.1945E+16
24076,3.17112E+18,3,1,58,6,2017,11,16,6,3,2,6,0,1,0,0,0,1,1,6.13346E+20,5.79068E+21,1.06606E+16,5.22548E+16
24077,3.17113E+18,3,2,56,18,2017,11,9,2,2,4,6,0,1,0,0,1,0,1,5.08086E+20,5.81833E+21,9.11916E+15,5.2515E+16
24078,3.17111E+18,3,2,54,5,2017,11,8,2,3,8,1,0,1,0,0,0,0,1,5.71223E+20,5.76635E+21,1.00385E+16,5.20432E+16
24079,3.17112E+18,3,1,1,0,2017,11,16,6,3,2,6,0,1,0,0,0,0,0,6.04311E+20,5.78421E+21,1.05262E+16,5.21985E+16
24080,3.17113E+18,3,2,41,7,2017,11,5,2,3,5,3,1,1,0,0,0,2,1,5.48626E+20,5.79629E+21,9.71333E+15,5.23148E+16
24081,3.17111E+18,3,2,54,45,2017,11,6,2,3,8,1,0,1,0,0,0,2,1,5.62912E+20,5.76107E+21,9.91635E+15,5.19967E+16
24082,3.17112E+18,3,4,59,22,2017,11,13,5,3,6,4,0,1,1,0,0,0,1,4.39223E+20,5.77662E+21,8.11197E+15,5.21368E+16
24083,3.17113E+18,3,2,51,37,2017,11,7,2,3,2,6,0,1,0,0,0,1,1,4.86596E+20,5.87453E+21,8.80018E+15,5.30202E+16
24084,3.17111E+18,3,3,51,6,2017,11,13,2,3,2,6,0,1,0,0,0,0,1,5.70909E+20,5.83052E+21,1.00474E+16,5.262E+16
24085,3.17112E+18,3,4,4,0,2017,11,20,5,3,4,2,0,1,0,1,0,2,1,4.33434E+20,5.79386E+21,8.02401E+15,5.2291E+16
24086,3.17111E+18,3,3,57,57,2017,11,12,2,3,2,6,0,1,0,0,0,0,0,5.18214E+20,5.90672E+21,9.27336E+15,5.33094E+16
24087,3.17111E+18,3,4,61,9,2017,11,18,2,3,5,3,0,1,0,0,0,2,0,4.57204E+20,5.91689E+21,8.35634E+15,5.33994E+16
24088,3.17113E+18,3,2,41,1,2017,11,23,1,3,9,1,0,0,0,1,0,2,1,5.60281E+20,5.80121E+21,9.88517E+15,5.23579E+16
24089,3.17112E+18,3,2,41,1,2017,11,15,7,3,2,6,0,1,0,0,0,0,1,5.44522E+20,5.8066E+21,9.6545E+15,5.24078E+16
24090,3.17112E+18,3,2,41,1,2017,11,13,7,3,2,6,0,1,0,0,0,0,1,5.43924E+20,5.80727E+21,9.6458E+15,5.24139E+16
24091,3.17113E+18,3,2,57,3,2017,11,18,1,3,1,5,0,1,0,0,0,2,0,5.1633E+20,5.78712E+21,9.23913E+15,5.22342E+16
24092,3.17112E+18,3,2,41,16,2017,11,17,7,3,5,2,0,1,0,0,0,2,1,5.5948E+20,5.79595E+21,9.87248E+15,5.23107E+16
24093,3.17112E+18,3,2,41,9,2017,11,17,7,3,2,6,0,1,0,0,0,2,1,5.55849E+20,5.79588E+21,9.81921E+15,5.23104E+16
24094,3.17111E+18,3,2,54,21,2017,11,13,2,3,5,3,1,1,0,0,0,0,0,5.63966E+20,5.77853E+21,9.93497E+15,5.21535E+16
24095,3.17113E+18,3,2,52,2,2017,11,2,1,2,2,6,0,1,0,0,0,2,0,5.3085E+20,5.7777E+21,9.45087E+15,5.21489E+16
24096,3.17112E+18,3,2,41,1,2017,11,17,7,3,2,6,0,1,0,0,0,2,1,5.54969E+20,5.79876E+21,9.80677E+15,5.23364E+16
24097,3.17111E+18,3,2,55,13,2017,11,16,2,3,6,4,0,1,1,0,0,0,0,5.43133E+20,5.75324E+21,9.6273E+15,5.19282E+16
24098,3.17112E+18,3,2,41,1,2017,11,14,7,3,3,5,0,1,0,0,1,0,1,5.53152E+20,5.79774E+21,9.77995E+15,5.23274E+16
24099,3.17112E+18,3,4,4,0,2017,11,16,5,3,4,2,1,1,0,0,0,1,1,4.33576E+20,5.78775E+21,8.02729E+15,5.22362E+16
24100,3.17112E+18,3,2,54,26,2017,11,16,7,3,4,6,0,1,0,0,0,1,1,5.55704E+20,5.77803E+21,9.81414E+15,5.215E+16
24101,3.17112E+18,3,2,55,16,2017,11,21,7,3,9,1,0,1,0,0,0,2,1,5.39154E+20,5.7615E+21,9.57038E+15,5.20027E+16
24102,3.17112E+18,3,4,57,18,2017,11,18,5,3,2,2,0,1,0,0,0,2,1,4.04815E+20,5.88833E+21,7.57716E+15,5.31359E+16
24103,3.17112E+18,3,2,55,3,2017,11,0,7,3,8,1,0,1,0,0,0,2,0,5.35174E+20,5.75846E+21,9.51208E+15,5.19757E+16
24104,3.17112E+18,3,4,57,13,2017,11,8,5,3,8,1,0,1,0,0,0,0,0,4.00919E+20,5.90283E+21,7.51444E+15,5.32654E+16
24105,3.17112E+18,3,2,52,6,2017,11,16,7,3,4,6,1,0,0,0,0,2,1,5.24155E+20,5.7729E+21,9.35269E+15,5.21061E+16
24106,3.17112E+18,3,1,59,16,2017,11,18,7,3,5,3,1,1,0,0,0,2,1,5.63328E+20,5.70972E+21,9.91305E+15,5.1535E+16
24107,3.17112E+18,3,4,54,41,2017,11,7,5,3,5,3,0,1,0,0,0,0,0,3.93242E+20,5.88053E+21,7.40681E+15,5.30636E+16
24108,3.17112E+18,3,4,56,5,2017,11,10,5,3,4,6,0,1,0,0,0,0,0,3.60705E+20,5.81738E+21,6.94842E+15,5.24888E+16
24109,3.17112E+18,3,4,59,29,2017,11,8,6,3,8,1,0,1,0,0,0,0,1,4.42169E+20,5.80244E+21,8.15059E+15,5.23691E+16
24110,3.17112E+18,3,4,4,0,2017,11,16,6,3,2,6,0,1,0,0,0,0,0,4.3441E+20,5.79342E+21,8.03841E+15,5.22872E+16
24111,3.17112E+18,3,4,54,35,2017,11,15,5,3,2,6,0,1,0,0,1,0,1,3.84793E+20,5.84183E+21,7.29449E+15,5.27141E+16
24112,3.17112E+18,3,4,54,35,2017,11,13,5,3,2,2,0,1,0,0,0,0,1,3.84121E+20,5.83852E+21,7.28572E+15,5.26842E+16
24113,3.17112E+18,3,4,57,10,2017,11,14,6,2,5,3,0,1,0,0,1,0,1,4.06973E+20,5.90996E+21,7.60309E+15,5.33307E+16
24114,3.17112E+18,3,4,54,32,2017,11,10,5,3,2,2,0,1,0,0,0,0,0,3.87906E+20,5.82236E+21,7.34717E+15,5.25398E+16
24115,3.17112E+18,3,4,52,1,2017,11,16,5,3,5,3,1,1,0,0,0,1,1,3.97969E+20,5.92492E+21,7.46309E+15,5.34634E+16
24116,3.17112E+18,3,4,57,22,2017,11,11,6,3,5,3,0,1,0,0,0,0,0,3.96648E+20,5.89195E+21,7.45396E+15,5.31668E+16
24117,3.17112E+18,3,4,52,1,2017,11,5,5,3,5,3,0,1,0,0,0,2,0,4.02797E+20,5.92101E+21,7.537E+15,5.34291E+16
24118,3.17112E+18,3,4,54,11,2017,11,6,6,2,2,6,0,1,0,1,0,2,1,4.07995E+20,5.87091E+21,7.62965E+15,5.29799E+16
24119,3.17112E+18,3,4,53,3,2017,11,12,5,3,7,7,0,0,0,0,1,0,1,4.33785E+20,5.85194E+21,8.01757E+15,5.28132E+16
24120,3.17112E+18,3,4,55,26,2017,11,16,5,2,5,3,0,1,0,0,0,0,1,4.37195E+20,5.91526E+21,8.05577E+15,5.33827E+16
24121,3.17112E+18,3,4,56,23,2017,11,17,6,3,6,4,0,1,1,0,0,2,0,3.56724E+20,5.81706E+21,6.88997E+15,5.24848E+16
24122,3.17112E+18,3,4,56,27,2017,11,15,6,3,2,2,0,1,0,0,0,0,0,3.79059E+20,5.79837E+21,7.22546E+15,5.23223E+16
24123,3.17113E+18,3,1,59,17,2017,11,4,1,3,8,1,0,1,0,0,0,2,0,5.45243E+20,5.69612E+21,9.65059E+15,5.14145E+16
24124,3.17112E+18,3,4,55,26,2017,11,17,5,3,0,1,0,0,0,0,1,2,1,4.4106E+20,5.91694E+21,8.11356E+15,5.33982E+16
24125,3.17111E+18,3,2,52,6,2017,11,10,2,3,5,2,1,1,0,0,0,0,0,5.24161E+20,5.77339E+21,9.35282E+15,5.21105E+16
24126,3.17113E+18,3,1,59,17,2017,11,18,1,3,8,1,0,1,0,0,0,2,1,5.49685E+20,5.70104E+21,9.71515E+15,5.14583E+16
24127,3.17112E+18,3,4,55,15,2017,11,8,5,3,2,6,0,1,0,0,0,2,0,4.31531E+20,5.93353E+21,7.96665E+15,5.35462E+16
24128,3.17111E+18,3,1,59,15,2017,11,16,2,2,9,1,0,1,0,0,0,1,0,5.73418E+20,5.69998E+21,1.00565E+16,5.14462E+16
24129,3.17113E+18,3,1,51,27,2017,11,0,1,2,8,1,0,1,0,0,0,2,0,5.99283E+20,5.79863E+21,1.0457E+16,5.2329E+16
24130,3.17112E+18,3,3,56,5,2017,11,9,5,3,5,3,1,1,0,0,0,0,1,4.94782E+20,5.88936E+21,8.92196E+15,5.31536E+16
24131,3.17111E+18,3,1,59,16,2017,11,12,2,3,4,2,0,1,0,0,0,0,0,5.63767E+20,5.71197E+21,9.91979E+15,5.15552E+16
24132,3.17112E+18,3,3,56,11,2017,11,17,5,2,0,3,0,1,0,0,1,2,1,4.97119E+20,5.90226E+21,8.9568E+15,5.32695E+16
24133,3.17112E+18,3,3,56,3,2017,11,7,5,2,4,2,0,1,0,1,0,1,0,4.88471E+20,5.90417E+21,8.82706E+15,5.32866E+16
24134,3.17111E+18,3,1,58,37,2017,11,16,2,3,2,2,0,1,0,0,0,2,0,6.01544E+20,5.78085E+21,1.04848E+16,5.21688E+16
24135,3.17112E+18,3,3,58,22,2017,11,17,5,3,2,6,0,1,0,0,1,2,1,5.30351E+20,5.85984E+21,9.45108E+15,5.28874E+16
24136,3.17112E+18,3,4,3,0,2017,11,7,5,3,3,6,0,1,0,0,0,1,0,4.46013E+20,5.88885E+21,8.19281E+15,5.31463E+16
24137,3.17111E+18,3,1,2,0,2017,11,15,2,2,4,2,0,1,0,0,0,0,0,5.93447E+20,5.76725E+21,1.03627E+16,5.2048E+16
24138,3.17112E+18,3,2,51,42,2017,11,19,5,3,5,3,0,1,0,0,0,2,1,4.75133E+20,5.84925E+21,8.63122E+15,5.27925E+16
24139,3.17112E+18,3,2,51,40,2017,11,17,5,3,5,3,0,1,0,0,0,2,1,4.85275E+20,5.8357E+21,8.78224E+15,5.2671E+16
24140,3.17111E+18,3,1,57,9,2017,11,17,2,3,6,2,0,1,1,0,0,2,0,5.83351E+20,5.7911E+21,1.02214E+16,5.22639E+16
24141,3.17112E+18,3,4,61,7,2017,11,11,5,3,6,4,0,1,1,0,0,0,1,4.65472E+20,5.92698E+21,8.47958E+15,5.34907E+16
24142,3.17112E+18,3,4,58,8,2017,11,11,5,2,8,1,0,0,0,1,0,0,0,4.78325E+20,5.8665E+21,8.67742E+15,5.29477E+16
24143,3.17112E+18,3,4,56,2,2017,11,17,6,3,2,6,0,1,0,0,0,2,0,3.54853E+20,5.82923E+21,6.85712E+15,5.25937E+16
24144,3.17112E+18,3,4,1,0,2017,11,17,5,3,1,3,0,1,0,0,0,2,1,4.74601E+20,5.87592E+21,8.62124E+15,5.30322E+16
24145,3.17112E+18,3,3,52,11,2017,11,9,5,3,5,3,0,1,0,1,0,0,0,4.78886E+20,5.96796E+21,8.67897E+15,5.38597E+16
24146,3.17112E+18,3,4,54,26,2017,11,19,6,3,8,1,0,1,0,0,0,2,0,4.03578E+20,5.84442E+21,7.57173E+15,5.2741E+16
24147,3.17112E+18,3,3,59,17,2017,11,10,5,3,4,6,0,1,0,0,0,0,0,5.25543E+20,5.93264E+21,9.38545E+15,5.3542E+16
24148,3.17112E+18,3,3,59,38,2017,11,13,5,3,2,6,0,1,0,0,0,0,0,5.26572E+20,5.93843E+21,9.40148E+15,5.3594E+16
24149,3.17112E+18,3,4,54,12,2017,11,10,6,3,5,3,0,1,0,0,0,0,1,4.00899E+20,5.81508E+21,7.54085E+15,5.24769E+16
24150,3.17112E+18,3,3,58,21,2017,11,6,5,3,2,6,0,1,0,0,0,2,1,5.65618E+20,5.87423E+21,9.97808E+15,5.30136E+16
24151,3.17112E+18,3,4,62,19,2017,11,10,6,3,2,5,0,1,0,0,0,0,1,4.14252E+20,5.93966E+21,7.70426E+15,5.35988E+16