OBJECTID,UIDENTSTLA,ULAND,UREGBEZ,UKREIS,UGEMEINDE,UJAHR,UMONAT,USTUNDE,UWOCHENTAG,UKATEGORIE,UART,UTYP1,IstRad,IstPKW,IstFuss,IstKrad,IstSonstig,LICHT,STRZUSTAND,LINREFX,LINREFY,XGCSWGS84,YGCSWGS84
24152,3.17112E+18,3,4,62,19,2017,11,13,6,3,2,6,0,1,0,0,0,0,0,4.14737E+20,5.93558E+21,7.7127E+15,5.35622E+16
24153,3.17112E+18,3,3,57,45,2017,11,6,5,3,9,6,0,1,0,0,1,2,0,5.13122E+20,5.88406E+21,9.19601E+15,5.31058E+16
24154,3.17112E+18,3,4,52,25,2017,11,5,6,2,5,3,0,1,0,0,1,2,0,4.15961E+20,5.91913E+21,7.73557E+15,5.34146E+16
24155,3.17112E+18,3,3,54,16,2017,11,3,5,3,8,7,0,1,0,0,0,2,1,6.37074E+20,5.86727E+21,1.10397E+16,5.29375E+16
24156,3.17112E+18,3,4,53,2,2017,11,13,6,3,6,4,0,1,1,0,0,0,0,4.29832E+20,5.87344E+21,7.95428E+15,5.30059E+16
24157,3.17113E+18,3,4,59,33,2017,11,21,7,2,2,7,0,1,0,0,0,2,0,4.33265E+20,5.79989E+21,8.02034E+15,5.23452E+16
24158,3.17113E+18,3,4,4,0,2017,11,3,7,3,5,2,0,1,0,0,0,2,1,4.37621E+20,5.79219E+21,8.0857E+15,5.22765E+16
24159,3.17113E+18,3,4,57,20,2017,11,21,7,3,3,6,0,1,0,0,0,2,1,4.17498E+20,5.90213E+21,7.76313E+15,5.3262E+16
24160,3.17113E+18,3,4,57,13,2017,11,17,7,3,2,6,0,1,0,0,0,1,0,4.04382E+20,5.90222E+21,7.56652E+15,5.32606E+16
24161,3.17112E+18,3,3,55,1,2017,11,18,5,3,2,6,0,1,0,0,0,2,0,5.95099E+20,5.90611E+21,1.04269E+16,5.32957E+16
24162,3.17111E+18,3,1,57,7,2017,11,7,2,3,8,1,0,1,0,0,0,1,0,5.91736E+20,5.78441E+21,1.03424E+16,5.22025E+16
24163,3.17112E+18,3,3,55,22,2017,11,14,5,3,3,6,0,1,0,0,0,0,0,5.94976E+20,5.90331E+21,1.04242E+16,5.32705E+16
24164,3.17113E+18,3,1,59,16,2017,11,19,2,3,0,6,0,1,0,0,0,2,1,5.6096E+20,5.71262E+21,9.87942E+15,5.15614E+16
24165,3.17111E+18,3,1,53,2,2017,11,7,2,3,6,4,0,1,1,0,0,2,1,6.07386E+20,5.74949E+21,1.05603E+16,5.18858E+16
24166,3.17112E+18,3,3,55,22,2017,11,14,5,3,5,2,0,1,0,0,0,0,0,5.9523E+20,5.90351E+21,1.0428E+16,5.32723E+16
24167,3.17112E+18,3,3,51,4,2017,11,1,5,3,8,1,0,0,0,0,1,2,1,5.69271E+20,5.84712E+21,1.00267E+16,5.27695E+16
24168,3.17113E+18,3,2,41,18,2017,11,20,2,3,7,7,0,1,0,0,0,2,1,5.7548E+20,5.81245E+21,1.01108E+16,5.2457E+16
24169,3.17111E+18,3,1,1,0,2017,11,15,2,3,2,6,0,1,0,0,1,0,0,6.01697E+20,5.79208E+21,1.04904E+16,5.22697E+16
24170,3.17112E+18,3,2,41,1,2017,11,18,5,3,5,2,1,1,0,0,0,2,1,5.4916E+20,5.80337E+21,9.7222E+15,5.23784E+16
24171,3.17112E+18,3,2,41,20,2017,11,7,5,3,2,2,0,1,0,0,0,1,0,5.39193E+20,5.79253E+21,9.57453E+15,5.22817E+16
24172,3.17111E+18,3,2,41,1,2017,11,15,2,3,6,4,0,1,1,0,0,0,0,5.56455E+20,5.80776E+21,9.8301E+15,5.24171E+16
24173,3.17112E+18,3,2,41,5,2017,11,15,5,3,0,1,1,0,0,0,0,0,1,5.37091E+20,5.81257E+21,9.54592E+15,5.2462E+16
24174,3.17111E+18,3,3,57,6,2017,11,8,2,3,9,1,0,1,0,0,0,0,2,5.32373E+20,5.88147E+21,9.4833E+15,5.30817E+16
24175,3.17112E+18,3,2,41,19,2017,11,17,5,3,5,3,1,1,0,0,0,2,0,5.51783E+20,5.82263E+21,9.76372E+15,5.25513E+16
24176,3.17113E+18,3,1,53,6,2017,11,10,3,3,2,6,0,1,0,0,1,0,1,5.86388E+20,5.7568E+21,1.02571E+16,5.19551E+16
24177,3.17112E+18,3,4,53,7,2017,11,9,6,2,5,3,0,1,0,0,1,0,0,4.27738E+20,5.86855E+21,7.92417E+15,5.29617E+16
24178,3.17112E+18,3,4,60,2,2017,11,14,6,3,5,3,0,1,0,1,0,0,0,4.44787E+20,5.8186E+21,8.18636E+15,5.25147E+16
24179,3.17112E+18,3,4,60,6,2017,11,7,6,3,5,2,1,1,0,0,0,1,1,4.47149E+20,5.83602E+21,8.21839E+15,5.26716E+16
24180,3.17112E+18,3,4,53,11,2017,11,17,6,3,5,3,1,1,0,0,0,2,0,4.15672E+20,5.84356E+21,7.75105E+15,5.27353E+16
24181,3.17111E+18,3,1,54,28,2017,11,9,2,3,6,4,0,1,1,0,0,0,1,6.38138E+20,5.78891E+21,1.10228E+16,5.22333E+16
24182,3.17113E+18,3,4,54,57,2017,11,9,7,3,2,6,0,1,0,0,0,0,0,4.10734E+20,5.85685E+21,7.6743E+15,5.28539E+16
24183,3.17112E+18,3,4,53,4,2017,11,13,6,3,5,2,1,1,0,0,0,0,1,4.35062E+20,5.85487E+21,8.03593E+15,5.28396E+16
24184,3.17111E+18,3,1,54,13,2017,11,5,2,3,2,6,0,1,0,0,0,2,1,6.21808E+20,5.7974E+21,1.07869E+16,5.23134E+16
24185,3.17113E+18,3,4,54,41,2017,11,17,7,1,1,5,0,1,0,1,0,2,0,3.96438E+20,5.87795E+21,7.45533E+15,5.30411E+16
24186,3.17112E+18,3,4,5,0,2017,11,6,6,3,9,1,0,1,0,0,0,2,1,4.40243E+20,5.93146E+21,8.09851E+15,5.35287E+16
24187,3.17111E+18,3,4,59,22,2017,11,7,1,2,8,1,0,1,0,0,0,1,1,4.41624E+20,5.78286E+21,8.14597E+15,5.21931E+16
24188,3.17111E+18,3,4,59,24,2017,11,17,1,2,4,6,0,1,0,0,0,2,1,4.57462E+20,5.7788E+21,8.37817E+15,5.2158E+16
24189,3.17112E+18,3,4,5,0,2017,11,12,6,3,5,3,0,1,0,0,1,0,0,4.4289E+20,5.931E+21,8.13852E+15,5.35248E+16
24190,3.17112E+18,3,2,41,18,2017,11,17,5,3,5,2,0,1,0,0,0,1,0,5.76008E+20,5.8125E+21,1.01186E+16,5.24574E+16
24191,3.17112E+18,3,3,56,9,2017,11,13,6,3,5,2,1,1,0,0,0,0,0,4.72969E+20,5.89815E+21,8.59504E+15,5.32319E+16
24192,3.17112E+18,3,3,61,8,2017,11,13,6,2,5,3,1,1,0,0,0,0,0,5.0951E+20,5.88428E+21,9.14206E+15,5.31079E+16
24193,3.17112E+18,3,2,41,1,2017,11,18,5,3,3,6,0,1,0,0,1,2,1,5.58817E+20,5.80638E+21,9.86457E+15,5.24045E+16
24194,3.17112E+18,3,3,61,8,2017,11,12,6,3,2,6,0,1,0,0,1,0,0,5.09282E+20,5.88412E+21,9.13866E+15,5.31064E+16
24195,3.17112E+18,3,3,61,1,2017,11,8,6,3,2,2,0,1,0,0,0,0,1,5.0312E+20,5.87285E+21,9.04649E+15,5.30052E+16
24196,3.17112E+18,3,2,41,9,2017,11,15,5,3,5,2,0,1,0,0,0,0,0,5.59479E+20,5.79595E+21,9.87247E+15,5.23107E+16
24197,3.17112E+18,3,3,61,1,2017,11,8,6,3,5,2,1,1,0,0,0,0,0,5.05682E+20,5.87212E+21,9.08466E+15,5.29987E+16
24198,3.17112E+18,3,2,51,47,2017,11,9,6,3,4,6,0,1,0,0,0,0,1,4.89723E+20,5.86726E+21,8.84703E+15,5.29548E+16
24199,3.17112E+18,3,2,41,1,2017,11,12,5,3,8,1,0,1,0,0,0,0,0,5.43104E+20,5.80697E+21,9.63371E+15,5.24113E+16
24200,3.17112E+18,3,2,51,49,2017,11,19,6,3,8,6,0,1,0,1,0,2,0,4.9819E+20,5.85404E+21,8.97313E+15,5.28361E+16
24201,3.17112E+18,3,2,41,19,2017,11,12,5,3,2,6,0,1,0,0,0,0,0,5.53347E+20,5.82405E+21,9.78702E+15,5.25639E+16
24202,3.17112E+18,3,2,41,1,2017,11,5,5,3,3,6,0,1,0,0,1,2,0,5.57371E+20,5.80757E+21,9.84353E+15,5.24153E+16
24203,3.17112E+18,3,4,1,0,2017,11,11,6,2,9,7,0,1,0,0,0,0,0,4.78773E+20,5.87681E+21,8.6834E+15,5.30404E+16
24204,3.17112E+18,3,2,41,1,2017,11,6,5,3,2,6,0,1,0,0,0,2,1,5.53552E+20,5.80473E+21,9.78693E+15,5.23902E+16
24205,3.17112E+18,3,4,61,1,2017,11,11,6,3,2,1,0,1,0,0,0,0,0,4.67794E+20,5.89015E+21,8.51833E+15,5.31597E+16
24206,3.17112E+18,3,2,56,34,2017,11,20,5,2,9,1,0,1,0,0,0,2,1,4.89353E+20,5.81027E+21,8.84335E+15,5.24425E+16
24207,3.17112E+18,3,2,52,6,2017,11,21,5,3,6,4,0,1,1,0,0,2,1,5.24094E+20,5.77192E+21,9.35173E+15,5.20973E+16
24208,3.17112E+18,3,1,59,16,2017,11,17,5,3,2,6,0,1,0,0,1,2,0,5.63876E+20,5.7132E+21,9.92159E+15,5.15663E+16
24209,3.17112E+18,3,4,58,5,2017,11,14,6,3,2,6,0,0,0,0,1,0,0,4.70906E+20,5.8789E+21,8.56589E+15,5.30588E+16
24210,3.17112E+18,3,4,58,5,2017,11,7,6,3,5,3,1,1,0,0,0,0,1,4.74655E+20,5.88058E+21,8.62169E+15,5.30741E+16
24211,3.17112E+18,3,1,59,16,2017,11,16,5,3,5,3,0,1,0,1,0,1,0,5.64324E+20,5.70979E+21,9.92742E+15,5.15356E+16
24212,3.17112E+18,3,4,58,14,2017,11,20,6,3,2,6,0,1,0,0,0,2,0,4.60579E+20,5.86112E+21,8.41397E+15,5.28983E+16
24213,3.17112E+18,3,1,59,29,2017,11,15,5,2,3,6,0,1,0,0,0,1,0,5.60957E+20,5.70742E+21,9.87846E+15,5.15146E+16
24214,3.17112E+18,3,3,52,60,2017,11,13,6,3,8,7,0,1,0,0,0,0,0,4.74718E+20,5.9054E+21,8.62066E+15,5.32972E+16
24215,3.17112E+18,3,3,52,11,2017,11,14,6,3,5,3,1,1,0,0,0,0,0,4.80282E+20,5.96848E+21,8.70016E+15,5.38644E+16
24216,3.17112E+18,3,1,54,24,2017,11,17,5,3,2,6,0,1,0,0,0,2,1,6.30931E+20,5.809E+21,1.09252E+16,5.24156E+16
24217,3.17112E+18,3,3,55,4,2017,11,8,6,3,2,6,0,1,0,0,1,0,0,5.88398E+20,5.90764E+21,1.03268E+16,5.33106E+16
24218,3.17112E+18,3,3,53,20,2017,11,15,6,3,4,2,0,1,0,0,1,0,0,5.64235E+20,5.9074E+21,9.96412E+15,5.33119E+16
24219,3.17112E+18,3,1,3,0,2017,11,14,5,3,3,6,0,1,0,1,0,0,0,6.27385E+20,5.80913E+21,1.08731E+16,5.24176E+16
24220,3.17112E+18,3,1,57,2,2017,11,16,5,3,4,2,0,1,0,0,0,2,0,5.7279E+20,5.79041E+21,1.00665E+16,5.22593E+16
24221,3.17112E+18,3,3,59,10,2017,11,19,6,3,5,3,1,1,0,0,0,2,0,5.46593E+20,5.92566E+21,9.70206E+15,5.34779E+16
24222,3.17112E+18,3,1,2,0,2017,11,14,5,3,4,7,0,1,0,0,1,0,0,5.98437E+20,5.7819E+21,1.04397E+16,5.21788E+16
24223,3.17112E+18,3,1,53,17,2017,11,21,5,3,8,1,0,1,0,0,0,2,1,5.96699E+20,5.75452E+21,1.04065E+16,5.1933E+16
24224,3.17112E+18,3,3,58,7,2017,11,13,6,3,2,6,0,1,0,0,0,0,0,5.46072E+20,5.84095E+21,9.68205E+15,5.27165E+16
24225,3.17112E+18,3,1,3,0,2017,11,7,5,2,3,6,0,1,0,0,0,0,0,6.18139E+20,5.81051E+21,1.07377E+16,5.2432E+16
24226,3.17112E+18,3,3,58,22,2017,11,16,6,3,2,6,0,1,0,0,0,2,0,5.45438E+20,5.84322E+21,9.67298E+15,5.2737E+16
24227,3.17112E+18,3,4,59,14,2017,11,10,4,3,2,6,0,1,0,0,1,0,1,4.3418E+20,5.80699E+21,8.03238E+15,5.24092E+16
24228,3.17112E+18,3,4,59,21,2017,11,17,4,3,4,2,0,1,0,0,0,2,0,4.29139E+20,5.7886E+21,7.96216E+15,5.22432E+16
24229,3.17112E+18,3,3,58,14,2017,11,13,6,3,5,2,1,1,0,0,0,0,0,5.39475E+20,5.84602E+21,9.58501E+15,5.27626E+16
24230,3.17112E+18,3,3,58,19,2017,11,15,6,2,5,3,0,1,0,0,0,0,0,5.51796E+20,5.88697E+21,9.77413E+15,5.31296E+16
24231,3.17113E+18,3,4,54,41,2017,11,9,7,3,8,1,0,1,0,0,0,0,2,3.92364E+20,5.87696E+21,7.39492E+15,5.30313E+16
24232,3.17113E+18,3,4,54,39,2017,11,7,7,2,5,3,0,1,0,0,0,2,1,3.83691E+20,5.85844E+21,7.27228E+15,5.28631E+16
24233,3.17113E+18,3,4,54,10,2017,11,7,7,3,8,7,0,1,0,0,0,2,1,3.81623E+20,5.80529E+21,7.26062E+15,5.2385E+16
24234,3.17112E+18,3,4,59,15,2017,11,15,4,3,2,6,0,1,0,0,0,1,0,4.44635E+20,5.77023E+21,8.19208E+15,5.20798E+16
24235,3.17111E+18,3,4,4,0,2017,11,17,1,2,6,4,0,1,1,0,0,2,1,4.33683E+20,5.79161E+21,8.02811E+15,5.22708E+16
24236,3.17113E+18,3,4,52,23,2017,11,12,7,3,9,1,0,1,0,0,0,0,0,3.91084E+20,5.92879E+21,7.35809E+15,5.34968E+16
24237,3.17112E+18,3,4,59,15,2017,11,15,4,3,4,2,0,1,0,0,1,0,0,4.43875E+20,5.77453E+21,8.18028E+15,5.21185E+16
24238,3.17111E+18,3,4,57,13,2017,11,11,1,3,5,3,0,1,0,0,0,0,1,4.01481E+20,5.9049E+21,7.52222E+15,5.32842E+16
24239,3.17112E+18,3,4,4,0,2017,11,5,4,3,3,6,0,1,0,0,1,2,1,4.37525E+20,5.79019E+21,8.08466E+15,5.22586E+16
24240,3.17112E+18,3,4,57,22,2017,11,9,4,3,2,6,0,1,0,0,0,0,1,3.98751E+20,5.89295E+21,7.48508E+15,5.31763E+16
24241,3.17113E+18,3,1,2,0,2017,11,16,2,3,8,1,0,1,0,0,0,2,1,5.90222E+20,5.77799E+21,1.03185E+16,5.21451E+16
24242,3.17111E+18,3,4,62,19,2017,11,10,1,3,5,2,0,1,0,0,0,0,1,4.19437E+20,5.93612E+21,7.7835E+15,5.35678E+16
24243,3.17112E+18,3,4,57,16,2017,11,17,4,3,2,6,0,1,0,0,0,2,0,4.03288E+20,5.90242E+21,7.55006E+15,5.32622E+16
24244,3.17112E+18,3,4,56,1,2017,11,7,4,3,2,2,0,1,0,0,0,2,1,3.73927E+20,5.80037E+21,7.14946E+15,5.23391E+16
24245,3.17111E+18,3,4,52,19,2017,11,21,1,2,6,6,0,1,1,0,0,2,1,3.81272E+20,5.93502E+21,7.20789E+15,5.35506E+16
24246,3.17112E+18,3,4,54,19,2017,11,17,4,3,2,6,0,1,0,0,0,2,1,3.97944E+20,5.83689E+21,7.49063E+15,5.26723E+16
24247,3.17112E+18,3,4,54,35,2017,11,17,4,3,2,6,0,1,0,0,0,2,0,3.83846E+20,5.83937E+21,7.28136E+15,5.26918E+16
24248,3.17111E+18,3,4,60,4,2017,11,15,1,2,5,3,0,1,0,0,0,1,1,4.59598E+20,5.84992E+21,8.40078E+15,5.27976E+16
24249,3.17112E+18,3,4,54,32,2017,11,17,4,3,5,2,0,1,0,0,0,1,0,3.86577E+20,5.81744E+21,7.32925E+15,5.24953E+16
24250,3.17112E+18,3,4,54,45,2017,11,14,4,3,2,6,0,1,0,0,0,0,0,3.93045E+20,5.79856E+21,7.43054E+15,5.23269E+16
24251,3.17113E+18,3,4,54,35,2017,11,13,2,3,5,3,1,1,0,0,0,0,1,3.85162E+20,5.83872E+21,7.30104E+15,5.26862E+16
24252,3.17113E+18,3,1,51,9,2017,11,17,3,3,5,3,0,1,0,0,0,2,0,6.02628E+20,5.82329E+21,1.05136E+16,5.255E+16
24253,3.17112E+18,3,3,58,21,2017,11,12,6,3,5,3,1,1,0,0,0,0,0,5.56155E+20,5.87134E+21,9.83654E+15,5.29887E+16
24254,3.17111E+18,3,2,51,41,2017,11,14,1,3,4,2,0,1,0,0,0,0,1,4.88591E+20,5.86238E+21,8.83035E+15,5.2911E+16
24255,3.17113E+18,3,4,53,3,2017,11,16,7,3,5,3,1,1,0,0,0,1,0,4.40476E+20,5.85136E+21,8.11693E+15,5.28087E+16
24256,3.17111E+18,3,4,53,5,2017,11,20,1,2,8,7,0,1,0,0,0,2,1,4.48895E+20,5.85765E+21,8.24083E+15,5.28661E+16
24257,3.17113E+18,3,4,53,3,2017,11,7,7,3,9,1,0,1,0,0,0,2,1,4.44426E+20,5.84657E+21,8.17633E+15,5.27661E+16
24258,3.17112E+18,3,3,57,57,2017,11,19,6,3,2,6,0,1,0,0,0,2,0,5.18214E+20,5.90672E+21,9.27336E+15,5.33094E+16
24259,3.17111E+18,3,3,52,50,2017,11,12,1,3,5,3,0,1,0,0,0,0,0,4.79526E+20,5.92962E+21,8.69123E+15,5.35151E+16
24260,3.17111E+18,3,3,53,34,2017,11,7,1,2,2,6,0,1,0,0,1,0,1,5.71624E+20,5.90607E+21,1.00747E+16,5.3299E+16
24261,3.17111E+18,3,3,58,10,2017,11,1,1,3,8,1,0,1,0,0,0,2,1,5.38271E+20,5.8388E+21,9.56632E+15,5.26978E+16
24262,3.17112E+18,3,3,57,41,2017,11,10,6,3,4,2,1,1,0,0,0,0,0,5.31983E+20,5.89139E+21,9.47846E+15,5.31709E+16
24263,3.17112E+18,3,3,57,23,2017,11,17,6,3,2,6,0,0,0,0,1,2,1,5.32701E+20,5.89461E+21,9.48954E+15,5.31998E+16
24264,3.17112E+18,3,4,54,10,2017,11,6,4,2,5,2,1,1,0,0,0,2,1,3.83662E+20,5.80547E+21,7.29051E+15,5.23872E+16
24265,3.17112E+18,3,3,57,41,2017,11,15,6,3,9,6,0,1,0,1,1,0,0,5.32799E+20,5.89162E+21,9.4907E+15,5.3173E+16
24266,3.17112E+18,3,3,60,26,2017,11,16,6,3,5,3,0,1,0,0,0,2,0,6.10685E+20,5.87818E+21,1.0651E+16,5.30417E+16
24267,3.17112E+18,3,3,60,6,2017,11,13,6,3,5,3,1,1,0,0,0,0,0,5.95114E+20,5.87652E+21,1.04183E+16,5.30297E+16
24268,3.17112E+18,3,4,60,9,2017,11,18,4,3,5,3,0,1,0,0,0,2,1,4.49897E+20,5.84918E+21,8.25701E+15,5.27901E+16
24269,3.17112E+18,3,3,60,25,2017,11,9,6,3,5,3,0,0,0,1,1,0,1,6.05234E+20,5.86888E+21,1.05666E+16,5.29592E+16
24270,3.17112E+18,3,3,55,2,2017,11,15,6,3,2,6,0,1,0,0,0,0,0,5.81808E+20,5.88621E+21,1.02224E+16,5.3119E+16
24271,3.17112E+18,3,4,3,0,2017,11,23,4,2,5,3,0,1,0,0,0,2,0,4.46096E+20,5.88848E+21,8.19411E+15,5.3143E+16
24272,3.17112E+18,3,3,51,4,2017,11,17,6,3,2,6,0,1,0,0,0,2,0,5.64828E+20,5.85163E+21,9.96179E+15,5.28106E+16
24273,3.17112E+18,3,4,3,0,2017,11,18,4,3,2,6,0,1,0,0,0,2,1,4.46387E+20,5.88835E+21,8.19849E+15,5.31418E+16
24274,3.17112E+18,3,2,41,1,2017,11,6,6,3,2,6,0,1,0,0,0,2,1,5.47496E+20,5.80322E+21,9.69773E+15,5.23771E+16
24275,3.17112E+18,3,2,41,11,2017,11,22,6,2,3,6,0,1,0,0,0,0,1,5.72577E+20,5.80268E+21,1.0066E+16,5.23696E+16
24276,3.17113E+18,3,4,55,27,2017,11,11,7,3,2,6,0,1,0,0,1,0,0,4.30303E+20,5.91634E+21,7.95193E+15,5.33916E+16
24277,3.17112E+18,3,2,41,1,2017,11,19,6,3,5,2,0,1,0,0,0,2,0,5.52378E+20,5.79892E+21,9.76878E+15,5.23381E+16
24278,3.17112E+18,3,2,41,1,2017,11,17,6,3,2,6,0,1,0,0,0,2,0,5.47764E+20,5.80915E+21,9.70252E+15,5.24304E+16
24279,3.17111E+18,3,2,41,16,2017,11,11,1,2,2,2,0,1,0,0,0,0,1,5.63223E+20,5.80013E+21,9.92816E+15,5.23478E+16
24280,3.17113E+18,3,4,51,8,2017,11,15,7,3,6,7,0,1,1,0,0,0,0,4.40993E+20,5.90148E+21,8.11543E+15,5.32593E+16
24281,3.17112E+18,3,2,41,1,2017,11,14,6,3,0,5,0,1,0,0,1,0,0,5.53569E+20,5.80273E+21,9.78686E+15,5.23722E+16
24282,3.17111E+18,3,2,41,1,2017,11,13,1,2,0,1,1,0,0,0,0,0,1,5.49014E+20,5.80485E+21,9.72026E+15,5.23917E+16
24283,3.17113E+18,3,4,53,3,2017,11,20,7,3,2,6,0,1,0,0,0,2,0,4.46213E+20,5.84923E+21,8.20239E+15,5.27902E+16
24284,3.17112E+18,3,2,56,25,2017,11,14,6,2,2,2,0,1,0,0,0,0,0,5.12138E+20,5.81283E+21,9.17867E+15,5.24655E+16
24285,3.17111E+18,3,1,55,11,2017,11,0,1,3,8,7,0,1,0,0,0,2,1,5.70638E+20,5.72906E+21,1.00223E+16,5.17081E+16
24286,3.17112E+18,3,2,57,20,2017,11,11,6,3,4,2,0,1,0,0,0,0,0,5.19832E+20,5.80024E+21,9.29118E+15,5.23521E+16
24287,3.17112E+18,3,2,51,49,2017,11,17,4,3,2,7,0,0,0,1,1,2,0,4.99471E+20,5.85314E+21,8.99215E+15,5.2828E+16
24288,3.17112E+18,3,2,57,35,2017,11,19,6,3,0,3,1,1,0,0,0,2,0,5.1311E+20,5.79564E+21,9.19231E+15,5.2311E+16
24289,3.17112E+18,3,2,57,12,2017,11,23,6,3,5,3,0,1,0,0,0,2,0,5.07541E+20,5.78598E+21,9.1104E+15,5.22242E+16
24290,3.17112E+18,3,2,51,7,2017,11,7,4,2,2,6,0,1,0,0,1,1,1,4.85403E+20,5.8596E+21,8.78306E+15,5.28859E+16
24291,3.17112E+18,3,2,54,28,2017,11,10,6,3,4,6,0,1,0,0,1,0,0,5.56837E+20,5.78499E+21,9.83187E+15,5.22124E+16
24292,3.17112E+18,3,2,51,14,2017,11,7,4,2,5,3,0,1,0,0,0,1,1,4.69187E+20,5.84222E+21,8.54371E+15,5.2729E+16
24293,3.17112E+18,3,2,54,8,2017,11,20,6,3,8,7,0,1,0,0,0,2,0,5.78326E+20,5.75713E+21,1.01399E+16,5.19593E+16
24294,3.17112E+18,3,2,41,9,2017,11,9,6,3,2,6,0,0,0,0,1,0,0,5.61261E+20,5.79368E+21,9.89819E+15,5.229E+16
24295,3.17112E+18,3,2,51,37,2017,11,9,4,2,2,6,0,1,0,0,0,0,1,4.79822E+20,5.87346E+21,8.69926E+15,5.30103E+16
24296,3.17112E+18,3,1,55,9,2017,11,17,6,3,2,6,0,1,0,0,1,1,0,5.6353E+20,5.72419E+21,9.91858E+15,5.16651E+16
24297,3.17112E+18,3,1,59,17,2017,11,13,6,3,2,6,0,1,0,0,0,0,0,5.45915E+20,5.6927E+21,9.6598E+15,5.13837E+16
24298,3.17112E+18,3,4,61,7,2017,11,10,4,3,5,3,1,1,0,0,0,0,1,4.65632E+20,5.92728E+21,8.48196E+15,5.34934E+16
24299,3.17112E+18,3,4,61,9,2017,11,18,4,3,9,7,0,1,0,0,0,2,1,4.61862E+20,5.91888E+21,8.42615E+15,5.34176E+16
24300,3.17112E+18,3,1,59,16,2017,11,6,6,3,6,6,0,1,1,0,0,2,0,5.65777E+20,5.70859E+21,9.94814E+15,5.15245E+16
24301,3.17112E+18,3,1,59,16,2017,11,7,6,3,2,6,0,1,0,0,1,1,1,5.65272E+20,5.70814E+21,9.94078E+15,5.15206E+16
24302,3.17112E+18,3,4,58,13,2017,11,7,4,2,2,6,0,1,0,1,0,1,1,4.45965E+20,5.87324E+21,8.19472E+15,5.3006E+16
24303,3.17112E+18,3,3,52,62,2017,11,7,4,3,4,6,0,1,0,0,1,1,1,4.79378E+20,5.94771E+21,8.6878E+15,5.36777E+16
24304,3.17112E+18,3,1,3,0,2017,11,17,6,2,5,3,0,1,0,0,0,2,0,6.12972E+20,5.80697E+21,1.06606E+16,5.24013E+16
24305,3.17112E+18,3,3,52,11,2017,11,8,4,3,5,2,1,1,0,0,0,0,1,4.80282E+20,5.96848E+21,8.70016E+15,5.38644E+16
24306,3.17112E+18,3,1,58,21,2017,11,10,6,3,5,3,0,1,0,0,0,0,0,6.09E+20,5.77421E+21,1.05916E+16,5.21077E+16
24307,3.17112E+18,3,3,53,29,2017,11,21,4,3,3,6,0,1,0,0,0,2,1,5.62505E+20,5.91455E+21,9.93958E+15,5.33763E+16
24308,3.17112E+18,3,3,53,40,2017,11,18,4,3,5,3,1,1,0,0,0,2,1,5.76325E+20,5.91188E+21,1.01466E+16,5.33506E+16
24309,3.17112E+18,3,1,2,0,2017,11,15,6,3,9,1,0,1,0,0,0,0,0,5.94403E+20,5.77005E+21,1.03774E+16,5.2073E+16
24310,3.17113E+18,3,4,61,2,2017,11,10,7,2,9,6,0,1,0,0,0,0,0,4.64964E+20,5.90629E+21,8.47423E+15,5.33047E+16
24311,3.17112E+18,3,3,53,5,2017,11,12,4,3,2,6,0,1,0,0,0,0,1,5.54117E+20,5.90959E+21,9.81265E+15,5.33327E+16
24312,3.17111E+18,3,2,57,9,2017,11,9,1,3,8,1,0,0,0,1,0,0,1,5.03774E+20,5.79766E+21,9.05538E+15,5.23293E+16
24313,3.17113E+18,3,4,1,0,2017,11,15,7,3,5,3,0,1,0,0,0,0,0,4.75313E+20,5.87857E+21,8.63166E+15,5.30561E+16
24314,3.17112E+18,3,3,59,2,2017,11,7,4,3,4,2,0,1,0,0,0,2,1,5.29168E+20,5.91437E+21,9.43846E+15,5.33777E+16
24315,3.17111E+18,3,2,52,3,2017,11,18,1,3,6,4,0,1,1,0,0,2,1,5.17143E+20,5.75896E+21,9.24961E+15,5.1981E+16
24316,3.17112E+18,3,3,59,10,2017,11,13,4,3,3,6,0,1,0,0,0,0,0,5.42982E+20,5.92283E+21,9.64726E+15,5.34527E+16
24317,3.17113E+18,3,3,52,59,2017,11,17,7,3,0,5,0,1,0,0,0,2,0,4.85038E+20,5.91694E+21,8.77497E+15,5.34014E+16
24318,3.17112E+18,3,3,59,17,2017,11,13,4,3,2,6,0,1,0,0,1,0,1,5.25316E+20,5.93549E+21,9.38226E+15,5.35676E+16
24319,3.17111E+18,3,1,59,31,2017,11,13,1,3,9,1,0,1,0,0,0,0,1,5.50077E+20,5.70172E+21,9.72088E+15,5.14645E+16
24320,3.17112E+18,3,3,58,15,2017,11,19,4,3,5,2,0,1,0,0,1,2,0,5.47527E+20,5.83045E+21,9.70208E+15,5.26219E+16
24321,3.17112E+18,3,3,58,16,2017,11,9,4,2,5,3,0,1,0,0,1,0,1,5.75758E+20,5.86786E+21,1.01277E+16,5.2955E+16
24322,3.17111E+18,3,1,59,16,2017,11,20,1,3,8,1,0,1,0,0,0,2,1,5.61073E+20,5.71299E+21,9.8811E+15,5.15647E+16
24323,3.17112E+18,3,3,57,57,2017,11,6,4,3,2,2,0,1,0,0,0,2,1,5.17039E+20,5.90896E+21,9.25585E+15,5.33295E+16
24324,3.17112E+18,3,3,60,25,2017,11,14,4,3,8,7,0,1,0,0,0,0,1,6.03393E+20,5.86476E+21,1.05379E+16,5.29225E+16