OBJECTID,UIDENTSTLA,ULAND,UREGBEZ,UKREIS,UGEMEINDE,UJAHR,UMONAT,USTUNDE,UWOCHENTAG,UKATEGORIE,UART,UTYP1,IstRad,IstPKW,IstFuss,IstKrad,IstSonstig,LICHT,STRZUSTAND,LINREFX,LINREFY,XGCSWGS84,YGCSWGS84
24325,3.17111E+18,3,1,59,16,2017,11,19,1,3,4,2,1,1,0,0,0,2,1,5.64287E+20,5.70941E+21,9.92682E+15,5.15322E+16
24326,3.17112E+18,3,3,54,5,2017,11,8,4,2,9,7,0,0,0,0,1,0,1,6.6372E+20,5.87849E+21,1.14415E+16,5.30309E+16
24327,3.17112E+18,3,3,55,39,2017,11,18,4,3,3,6,0,1,0,0,0,2,1,5.89559E+20,5.903E+21,1.03429E+16,5.32686E+16
24328,3.17113E+18,3,4,51,8,2017,11,11,2,2,4,6,0,1,0,0,0,0,1,4.39735E+20,5.89928E+21,8.09699E+15,5.32394E+16
24329,3.17113E+18,3,4,60,6,2017,11,17,2,3,2,6,0,1,0,0,0,2,1,4.4725E+20,5.8351E+21,8.22004E+15,5.26633E+16
24330,3.17113E+18,3,4,59,8,2017,11,13,2,3,2,6,0,1,0,0,0,0,1,4.41246E+20,5.79649E+21,8.13808E+15,5.23156E+16
24331,3.17111E+18,3,4,3,0,2017,11,8,2,2,2,6,0,1,0,0,0,0,1,4.45848E+20,5.88535E+21,8.19093E+15,5.31148E+16
24332,3.17111E+18,3,3,56,3,2017,11,17,2,3,2,6,0,1,0,0,0,2,1,4.8797E+20,5.90275E+21,8.8196E+15,5.32739E+16
24333,3.17111E+18,3,1,58,12,2017,11,12,1,3,0,7,0,1,0,0,1,0,0,6.1544E+20,5.78552E+21,1.06895E+16,5.2208E+16
24334,3.17111E+18,3,1,58,30,2017,11,19,1,2,5,3,0,1,0,0,0,2,1,6.10301E+20,5.7848E+21,1.0614E+16,5.22026E+16
24335,3.17111E+18,3,1,58,6,2017,11,20,1,3,8,7,0,1,0,0,0,2,1,6.15025E+20,5.79524E+21,1.06867E+16,5.22954E+16
24336,3.17111E+18,3,4,59,24,2017,11,20,7,1,8,1,0,1,0,0,0,2,1,4.55349E+20,5.77823E+21,8.34737E+15,5.21528E+16
24337,3.17111E+18,3,4,59,20,2017,11,0,7,3,8,1,0,1,0,0,0,2,1,4.30455E+20,5.78237E+21,7.9827E+15,5.21874E+16
24338,3.17112E+18,3,3,55,20,2017,11,15,4,3,5,3,0,1,0,0,0,1,1,5.86059E+20,5.89865E+21,1.02892E+16,5.32302E+16
24339,3.17112E+18,3,3,51,24,2017,11,15,4,3,2,6,0,1,0,0,0,0,1,5.61478E+20,5.83711E+21,9.90938E+15,5.26805E+16
24340,3.17111E+18,3,4,56,13,2017,11,14,7,3,5,3,0,1,0,0,0,0,1,3.61625E+20,5.81493E+21,6.96299E+15,5.2467E+16
24341,3.17112E+18,3,3,51,16,2017,11,20,4,3,5,3,0,1,0,0,0,2,1,5.83627E+20,5.83002E+21,1.02351E+16,5.26137E+16
24342,3.17112E+18,3,3,51,22,2017,11,7,4,2,5,3,0,1,0,1,0,1,1,5.81979E+20,5.8277E+21,1.02102E+16,5.25931E+16
24343,3.17111E+18,3,2,41,1,2017,11,16,2,3,2,6,0,1,0,0,1,0,0,5.49347E+20,5.79877E+21,9.72428E+15,5.23371E+16
24344,3.17112E+18,3,3,51,6,2017,11,16,4,3,2,6,0,1,0,0,0,0,1,5.756E+20,5.82713E+21,1.0116E+16,5.25889E+16
24345,3.17112E+18,3,2,41,1,2017,11,5,4,3,2,6,0,1,0,0,0,2,1,5.43708E+20,5.80735E+21,9.64264E+15,5.24146E+16
24346,3.17113E+18,3,4,59,24,2017,11,21,2,3,5,3,0,1,0,0,0,2,1,4.5536E+20,5.78429E+21,8.34673E+15,5.22072E+16
24347,3.17112E+18,3,1,57,2,2017,11,16,6,3,5,3,0,1,0,0,0,2,0,5.73349E+20,5.79073E+21,1.00747E+16,5.22621E+16
24348,3.17112E+18,3,1,57,7,2017,11,9,6,2,1,5,0,1,0,0,0,0,1,5.93604E+20,5.7879E+21,1.03707E+16,5.22336E+16
24349,3.17111E+18,3,4,56,15,2017,11,7,7,2,8,7,0,1,0,0,0,2,1,3.72304E+20,5.81835E+21,7.11878E+15,5.25003E+16
24350,3.17113E+18,3,3,59,15,2017,11,20,7,2,9,1,0,1,0,0,0,2,1,5.19388E+20,5.94537E+21,9.29337E+15,5.36568E+16
24351,3.17112E+18,3,1,2,0,2017,11,6,6,3,2,2,0,1,0,0,0,1,0,5.98407E+20,5.7807E+21,1.04389E+16,5.2168E+16
24352,3.17111E+18,3,4,54,10,2017,11,12,7,3,5,3,0,1,0,0,0,0,1,3.815E+20,5.80241E+21,7.25983E+15,5.23592E+16
24353,3.17113E+18,3,3,59,31,2017,11,11,7,1,9,1,0,1,0,0,0,0,1,5.18208E+20,5.92666E+21,9.27442E+15,5.34886E+16
24354,3.17112E+18,3,1,53,2,2017,11,13,6,3,4,6,0,1,0,0,0,0,0,6.05458E+20,5.75107E+21,1.05328E+16,5.19004E+16
24355,3.17111E+18,3,4,52,21,2017,11,21,7,3,8,1,0,1,0,0,0,2,1,3.8171E+20,5.93496E+21,7.21452E+15,5.35502E+16
24356,3.17112E+18,3,1,54,14,2017,11,22,6,3,2,6,0,1,0,0,0,2,0,6.1756E+20,5.80194E+21,1.07262E+16,5.23552E+16
24357,3.17111E+18,3,4,52,24,2017,11,18,7,3,0,1,0,0,0,1,0,2,1,3.87449E+20,5.93216E+21,7.30211E+15,5.35263E+16
24358,3.17112E+18,3,1,3,0,2017,11,6,6,2,2,6,0,1,0,0,0,2,1,6.18148E+20,5.80566E+21,1.07361E+16,5.23884E+16
24359,3.17112E+18,3,1,57,6,2017,11,12,6,3,3,6,0,1,0,0,0,0,0,5.8023E+20,5.80155E+21,1.01781E+16,5.23584E+16
24360,3.17112E+18,3,4,59,24,2017,11,15,5,3,2,2,0,1,0,0,0,0,0,4.50448E+20,5.78466E+21,8.27479E+15,5.22101E+16
24361,3.17112E+18,3,4,59,8,2017,11,5,5,3,2,6,0,1,0,0,0,2,1,4.3943E+20,5.79473E+21,8.11175E+15,5.22996E+16
24362,3.17112E+18,3,4,4,0,2017,11,19,5,2,5,3,1,1,0,0,0,2,1,4.35629E+20,5.79099E+21,8.05674E+15,5.22655E+16
24363,3.17112E+18,3,2,41,1,2017,11,21,4,3,5,2,0,1,0,0,0,2,0,5.49077E+20,5.79888E+21,9.72032E+15,5.2338E+16
24364,3.17112E+18,3,4,4,0,2017,11,11,5,3,5,3,0,1,0,0,0,0,0,4.3704E+20,5.79041E+21,8.07751E+15,5.22605E+16
24365,3.17112E+18,3,4,54,18,2017,11,9,5,2,2,6,0,1,0,0,1,0,0,3.82472E+20,5.84995E+21,7.25725E+15,5.27865E+16
24366,3.17112E+18,3,2,41,12,2017,11,11,4,3,2,6,0,1,0,0,0,0,1,5.31437E+20,5.81822E+21,9.46325E+15,5.25132E+16
24367,3.17112E+18,3,4,52,11,2017,11,13,5,3,2,6,0,1,0,0,0,0,0,3.83112E+20,5.92123E+21,7.24078E+15,5.34272E+16
24368,3.17112E+18,3,4,53,13,2017,11,7,5,3,2,6,0,1,0,0,0,1,0,4.09931E+20,5.88851E+21,7.65355E+15,5.31384E+16
24369,3.17112E+18,3,2,41,11,2017,11,17,4,3,9,1,0,1,0,0,0,2,1,5.69982E+20,5.80073E+21,1.00275E+16,5.23524E+16
24370,3.17112E+18,3,2,41,1,2017,11,18,4,3,6,2,0,1,1,0,0,2,0,5.48844E+20,5.79981E+21,9.71704E+15,5.23464E+16
24371,3.17112E+18,3,4,53,7,2017,11,18,5,3,2,2,0,1,0,0,0,2,1,4.18609E+20,5.87392E+21,7.78694E+15,5.30086E+16
24372,3.17112E+18,3,2,41,11,2017,11,15,4,3,3,6,0,1,0,0,1,0,0,5.6422E+20,5.80505E+21,9.94374E+15,5.2392E+16
24373,3.17112E+18,3,4,53,7,2017,11,7,5,3,5,3,0,1,0,0,0,0,0,4.28369E+20,5.86872E+21,7.93353E+15,5.29633E+16
24374,3.17112E+18,3,1,59,2,2017,11,9,4,3,3,6,0,1,0,0,1,0,1,5.82027E+20,5.74175E+21,1.01901E+16,5.18205E+16
24375,3.17112E+18,3,1,59,36,2017,11,16,4,2,6,4,0,1,1,0,0,2,0,6.12054E+20,5.71617E+21,1.06174E+16,5.15854E+16
24376,3.17112E+18,3,1,55,1,2017,11,4,4,2,0,1,0,0,0,1,1,2,1,5.73267E+20,5.74653E+21,1.0064E+16,5.18648E+16
24377,3.17113E+18,3,3,58,8,2017,11,0,7,2,8,1,0,1,0,0,0,2,1,5.50517E+20,5.86066E+21,9.7509E+15,5.28933E+16
24378,3.17112E+18,3,1,55,11,2017,11,17,4,3,4,6,0,1,0,0,0,1,0,5.69121E+20,5.72376E+21,9.99933E+15,5.16606E+16
24379,3.17111E+18,3,4,53,1,2017,11,22,7,3,9,1,0,1,0,0,0,2,1,4.16709E+20,5.88597E+21,7.75552E+15,5.31166E+16
24380,3.17112E+18,3,1,55,11,2017,11,17,4,3,2,6,0,1,0,0,0,2,0,5.67068E+20,5.72482E+21,9.96985E+15,5.16703E+16
24381,3.17113E+18,3,3,58,18,2017,11,18,7,3,0,3,0,1,0,0,0,2,1,5.23905E+20,5.84597E+21,9.35426E+15,5.2763E+16
24382,3.17112E+18,3,2,56,10,2017,11,8,4,3,5,3,0,1,0,0,0,1,1,5.13989E+20,5.85032E+21,9.2075E+15,5.28025E+16
24383,3.17111E+18,3,4,53,7,2017,11,23,7,3,9,1,0,1,0,0,0,2,0,4.16707E+20,5.87117E+21,7.7593E+15,5.29836E+16
24384,3.17112E+18,3,2,54,28,2017,11,6,4,3,8,1,0,0,0,1,0,2,0,5.55517E+20,5.78687E+21,9.81286E+15,5.22295E+16
24385,3.17112E+18,3,2,54,21,2017,11,6,4,2,7,7,0,1,0,0,1,2,0,5.67105E+20,5.78075E+21,9.98128E+15,5.21731E+16
24386,3.17111E+18,3,4,53,4,2017,11,15,7,3,2,6,0,1,0,0,1,0,1,4.39516E+20,5.85558E+21,8.1019E+15,5.28465E+16
24387,3.17112E+18,3,1,59,15,2017,11,20,4,3,4,1,1,1,0,0,0,2,0,5.71103E+20,5.70628E+21,1.00244E+16,5.15032E+16
24388,3.17112E+18,3,1,59,16,2017,11,18,4,3,5,2,0,1,0,0,0,1,1,5.63357E+20,5.70973E+21,9.91347E+15,5.15351E+16
24389,3.17111E+18,3,4,5,0,2017,11,13,7,3,2,6,0,1,0,0,0,0,1,4.39753E+20,5.93011E+21,8.09138E+15,5.35165E+16
24390,3.17112E+18,3,1,59,16,2017,11,13,4,3,5,3,0,1,0,1,0,0,0,5.6579E+20,5.70856E+21,9.94832E+15,5.15244E+16
24391,3.17112E+18,3,1,54,14,2017,11,17,4,3,2,6,0,1,0,0,0,2,0,6.11569E+20,5.79728E+21,1.06367E+16,5.23145E+16
24392,3.17112E+18,3,1,3,0,2017,11,7,4,3,2,2,0,1,0,0,0,0,1,6.12969E+20,5.80697E+21,1.06605E+16,5.24013E+16
24393,3.17113E+18,3,2,41,11,2017,11,5,2,3,5,2,1,1,0,0,0,2,1,5.66528E+20,5.80321E+21,9.97729E+15,5.23751E+16
24394,3.17113E+18,3,4,1,0,2017,11,16,2,3,0,6,0,1,0,0,0,1,1,4.74895E+20,5.87773E+21,8.6255E+15,5.30485E+16
24395,3.17113E+18,3,4,55,7,2017,11,12,2,2,8,7,0,1,0,0,0,0,1,4.26203E+20,5.93575E+21,7.88574E+15,5.35654E+16
24396,3.17111E+18,3,3,57,24,2017,11,14,2,3,2,2,0,1,0,0,0,0,0,5.30807E+20,5.87889E+21,9.45967E+15,5.30587E+16
24397,3.17112E+18,3,4,53,7,2017,11,10,5,3,2,6,0,1,0,0,0,0,0,4.26756E+20,5.88301E+21,7.90627E+15,5.30915E+16
24398,3.17113E+18,3,3,57,57,2017,11,9,7,3,3,2,0,1,0,0,0,0,0,5.18323E+20,5.90497E+21,9.27489E+15,5.32936E+16
24399,3.17113E+18,3,3,51,26,2017,11,17,7,3,6,4,0,1,1,0,0,2,0,5.73285E+20,5.85398E+21,1.00878E+16,5.28306E+16
24400,3.17112E+18,3,1,58,30,2017,11,14,4,3,8,1,0,1,0,0,0,0,0,6.1086E+20,5.78336E+21,1.06218E+16,5.21896E+16
24401,3.17111E+18,3,4,3,0,2017,11,11,7,3,2,6,0,1,0,0,0,0,1,4.49206E+20,5.88631E+21,8.24095E+15,5.31238E+16
24402,3.17113E+18,3,2,41,1,2017,11,13,7,3,2,6,0,1,0,0,0,0,1,5.58459E+20,5.80441E+21,9.85897E+15,5.23868E+16
24403,3.17112E+18,3,1,2,0,2017,11,13,4,3,3,2,0,1,0,1,0,0,0,5.94468E+20,5.7684E+21,1.03779E+16,5.20581E+16
24404,3.17111E+18,3,4,51,5,2017,11,15,7,3,4,2,0,1,0,0,0,0,1,4.45445E+20,5.89746E+21,8.18285E+15,5.32236E+16
24405,3.17113E+18,3,2,41,1,2017,11,23,7,3,6,4,0,1,1,0,0,2,0,5.49991E+20,5.80485E+21,9.73463E+15,5.23917E+16
24406,3.17112E+18,3,1,53,17,2017,11,5,4,3,2,6,0,1,0,0,0,2,0,6.04165E+20,5.75606E+21,1.05155E+16,5.19455E+16
24407,3.17111E+18,3,4,61,3,2017,11,17,7,3,4,3,0,1,0,0,0,2,1,4.57582E+20,5.93294E+21,8.35986E+15,5.35436E+16
24408,3.17112E+18,3,1,51,32,2017,11,13,4,3,8,1,0,1,0,0,0,0,0,6.29992E+20,5.8265E+21,1.09182E+16,5.2573E+16
24409,3.17112E+18,3,4,59,12,2017,11,16,3,3,2,2,0,1,0,0,0,1,1,4.41734E+20,5.78978E+21,8.14639E+15,5.22553E+16
24410,3.17111E+18,3,4,61,3,2017,11,8,7,2,5,3,0,1,0,0,0,0,1,4.56656E+20,5.93762E+21,8.34525E+15,5.35857E+16
24411,3.17112E+18,3,4,59,21,2017,11,16,3,3,5,3,0,1,0,1,0,2,1,4.29399E+20,5.788E+21,7.96608E+15,5.22379E+16
24412,3.17112E+18,3,4,59,19,2017,11,19,3,2,6,4,0,1,1,0,0,2,1,4.37324E+20,5.78429E+21,8.08281E+15,5.22055E+16
24413,3.17111E+18,3,4,61,7,2017,11,17,7,3,5,2,0,1,0,0,0,2,1,4.65295E+20,5.92858E+21,8.47674E+15,5.3505E+16
24414,3.17112E+18,3,4,59,3,2017,11,12,3,3,5,3,1,0,0,0,1,0,1,4.58811E+20,5.79668E+21,8.39571E+15,5.23189E+16
24415,3.17112E+18,3,4,59,29,2017,11,11,3,3,5,3,0,1,0,0,1,0,1,4.46922E+20,5.80508E+21,8.21997E+15,5.23934E+16
24416,3.17112E+18,3,4,4,0,2017,11,17,3,3,6,4,0,1,1,0,0,2,1,4.34807E+20,5.79276E+21,8.04435E+15,5.22814E+16
24417,3.17113E+18,3,4,55,26,2017,11,10,2,3,6,2,0,1,1,0,0,0,1,4.42671E+20,5.91648E+21,8.13787E+15,5.33943E+16
24418,3.17113E+18,3,4,54,41,2017,11,17,2,3,5,2,0,1,0,0,0,2,1,3.87766E+20,5.8784E+21,7.32588E+15,5.30433E+16
24419,3.17113E+18,3,1,53,2,2017,11,13,3,3,2,6,0,1,0,0,0,0,1,6.07568E+20,5.74946E+21,1.0563E+16,5.18855E+16
24420,3.17111E+18,3,4,1,0,2017,11,10,7,3,5,3,0,1,0,0,0,0,1,4.77067E+20,5.87778E+21,8.65789E+15,5.3049E+16
24421,3.17111E+18,3,3,52,61,2017,11,18,7,3,8,1,0,1,0,0,0,2,1,4.78015E+20,5.95504E+21,8.66665E+15,5.37435E+16
24422,3.17113E+18,3,2,41,1,2017,11,9,7,2,2,2,0,1,0,0,0,0,1,5.49294E+20,5.80352E+21,9.7242E+15,5.23798E+16
24423,3.17111E+18,3,3,52,62,2017,11,14,7,2,8,1,0,1,0,0,0,0,2,4.77465E+20,5.94834E+21,8.6588E+15,5.36833E+16
24424,3.17112E+18,3,4,60,2,2017,11,18,5,1,6,4,0,1,1,0,0,2,1,4.45874E+20,5.82102E+21,8.20199E+15,5.25366E+16
24425,3.17111E+18,3,3,52,62,2017,11,14,7,2,8,1,0,1,0,0,0,0,2,4.7755E+20,5.94879E+21,8.66006E+15,5.36874E+16
24426,3.17111E+18,3,3,53,35,2017,11,17,7,2,8,1,0,1,0,0,0,2,1,5.49087E+20,5.90533E+21,9.73647E+15,5.32949E+16
24427,3.17111E+18,3,3,59,25,2017,11,17,7,3,2,6,0,1,0,1,0,2,1,5.20514E+20,5.94048E+21,9.31008E+15,5.36128E+16
24428,3.17112E+18,3,4,4,0,2017,11,18,3,3,2,6,0,1,0,0,0,2,1,4.33909E+20,5.7883E+21,8.03206E+15,5.22411E+16
24429,3.17112E+18,3,4,4,0,2017,11,15,3,3,5,3,1,1,0,0,0,0,1,4.3568E+20,5.79232E+21,8.05723E+15,5.22775E+16
24430,3.17112E+18,3,4,57,18,2017,11,17,3,3,2,6,0,1,0,0,0,2,1,4.02247E+20,5.888E+21,7.53889E+15,5.31324E+16
24431,3.17112E+18,3,4,57,14,2017,11,7,3,3,4,1,0,1,0,0,0,0,1,3.9076E+20,5.90789E+21,7.36045E+15,5.33089E+16
24432,3.17112E+18,3,4,57,10,2017,11,8,3,3,2,2,0,1,0,0,0,0,1,4.06159E+20,5.90646E+21,7.59191E+15,5.3299E+16
24433,3.17112E+18,3,4,57,13,2017,11,14,3,3,5,3,0,1,0,0,0,0,1,3.93664E+20,5.90192E+21,7.40601E+15,5.32558E+16
24434,3.17112E+18,3,4,54,18,2017,11,17,3,3,5,3,1,1,0,0,0,2,1,3.85419E+20,5.84954E+21,7.30107E+15,5.27835E+16
24435,3.17112E+18,3,4,54,18,2017,11,21,3,2,9,1,0,1,0,0,0,2,1,3.76251E+20,5.84492E+21,7.16694E+15,5.27399E+16
24436,3.17112E+18,3,4,54,18,2017,11,10,3,3,5,3,0,1,0,0,0,0,1,3.73293E+20,5.85604E+21,7.11885E+15,5.28392E+16
24437,3.17112E+18,3,4,60,4,2017,11,14,5,3,5,3,0,1,0,0,0,0,0,4.59599E+20,5.84993E+21,8.40079E+15,5.27976E+16
24438,3.17112E+18,3,4,54,3,2017,11,7,3,3,2,2,0,1,0,1,0,2,1,3.9912E+20,5.80934E+21,7.51639E+15,5.24249E+16
24439,3.17112E+18,3,4,52,19,2017,11,16,3,2,6,4,0,0,1,1,0,2,1,3.8148E+20,5.94013E+21,7.20908E+15,5.35966E+16
24440,3.17112E+18,3,4,53,11,2017,11,18,5,3,5,3,0,1,0,0,0,2,1,4.1703E+20,5.84531E+21,7.77071E+15,5.27512E+16
24441,3.17111E+18,3,3,59,38,2017,11,15,7,3,5,2,0,1,0,0,0,0,1,5.31282E+20,5.93736E+21,9.47253E+15,5.35842E+16
24442,3.17112E+18,3,4,60,3,2017,11,8,3,3,9,1,0,1,0,0,0,0,1,4.41634E+20,5.83309E+21,8.13736E+15,5.26446E+16
24443,3.17112E+18,3,4,60,1,2017,11,15,3,3,5,2,0,1,0,0,0,1,1,4.47333E+20,5.84171E+21,8.2202E+15,5.27227E+16
24444,3.17112E+18,3,3,61,9,2017,11,16,5,3,4,2,0,1,0,0,0,2,0,5.05705E+20,5.87929E+21,9.08514E+15,5.30631E+16
24445,3.17112E+18,3,4,51,7,2017,11,13,5,3,2,6,0,1,0,0,0,0,0,4.2953E+20,5.90152E+21,7.94361E+15,5.32583E+16
24446,3.17112E+18,3,4,53,3,2017,11,10,3,2,9,1,0,1,0,0,0,0,1,4.44466E+20,5.84676E+21,8.17689E+15,5.27679E+16
24447,3.17112E+18,3,4,3,0,2017,11,7,5,3,5,3,1,1,0,0,0,2,1,4.44605E+20,5.88832E+21,8.17185E+15,5.31414E+16
24448,3.17112E+18,3,4,58,14,2017,11,20,5,3,5,3,0,1,0,0,0,2,1,4.60801E+20,5.86012E+21,8.41739E+15,5.28893E+16
24449,3.17112E+18,3,3,56,5,2017,11,16,3,3,2,6,0,1,0,0,0,1,1,4.94409E+20,5.8897E+21,8.91638E+15,5.31567E+16
24450,3.17112E+18,3,4,1,0,2017,11,8,5,3,5,3,1,0,0,0,1,0,1,4.77963E+20,5.87829E+21,8.67123E+15,5.30537E+16
24451,3.17112E+18,3,3,55,4,2017,11,7,5,3,2,6,0,1,0,0,0,0,1,5.89012E+20,5.90702E+21,1.03358E+16,5.33049E+16
24452,3.17112E+18,3,3,56,9,2017,11,13,3,2,5,3,1,1,0,0,0,0,1,4.72609E+20,5.89681E+21,8.58976E+15,5.32199E+16
24453,3.17112E+18,3,3,53,29,2017,11,15,5,3,9,1,0,1,0,0,1,0,1,5.576E+20,5.91768E+21,9.86643E+15,5.3405E+16
24454,3.17112E+18,3,3,53,40,2017,11,17,5,3,2,6,0,1,0,0,0,2,1,5.79867E+20,5.91281E+21,1.02001E+16,5.33584E+16
24455,3.17112E+18,3,3,61,1,2017,11,17,3,2,4,6,0,1,0,0,0,2,1,4.99863E+20,5.87459E+21,8.99796E+15,5.30209E+16
24456,3.17112E+18,3,3,61,1,2017,11,18,3,3,6,4,0,0,1,0,1,2,1,5.03159E+20,5.87282E+21,9.04708E+15,5.30049E+16
24457,3.17112E+18,3,3,53,19,2017,11,17,5,3,5,3,0,1,0,0,1,2,1,5.47327E+20,5.91285E+21,9.71119E+15,5.33626E+16
24458,3.17112E+18,3,3,61,12,2017,11,13,3,3,2,6,0,1,0,0,0,0,1,5.15579E+20,5.86357E+21,9.23172E+15,5.29216E+16
24459,3.17112E+18,3,4,3,0,2017,11,6,3,3,6,4,0,1,1,0,0,2,1,4.46791E+20,5.8883E+21,8.20453E+15,5.31415E+16
24460,3.17112E+18,3,3,53,5,2017,11,18,5,3,2,6,0,1,0,0,0,2,1,5.58561E+20,5.90745E+21,9.87898E+15,5.3313E+16
24461,3.17112E+18,3,2,51,37,2017,11,17,3,2,5,2,1,1,0,0,0,2,1,4.80249E+20,5.87206E+21,8.7057E+15,5.29978E+16
24462,3.17112E+18,3,3,59,10,2017,11,8,5,3,5,3,0,1,0,0,1,1,1,5.46238E+20,5.92371E+21,9.69643E+15,5.34603E+16
24463,3.17112E+18,3,4,1,0,2017,11,20,3,3,1,5,0,1,0,0,0,2,1,4.74529E+20,5.87926E+21,8.61991E+15,5.30623E+16
24464,3.17112E+18,3,4,1,0,2017,11,18,3,2,5,3,1,1,0,0,0,2,1,4.75605E+20,5.87694E+21,8.63615E+15,5.30414E+16
24465,3.17113E+18,3,2,56,22,2017,11,13,7,3,5,2,0,1,0,0,0,0,0,5.15431E+20,5.83664E+21,9.22824E+15,5.26795E+16
24466,3.17112E+18,3,3,52,60,2017,11,14,3,3,8,1,0,1,0,0,0,0,1,4.6877E+20,5.90459E+21,8.53151E+15,5.32896E+16
24467,3.17111E+18,3,3,57,8,2017,11,10,7,3,5,3,0,1,0,0,0,0,1,5.09345E+20,5.92665E+21,9.14085E+15,5.34887E+16
24468,3.17113E+18,3,2,54,2,2017,11,17,7,3,4,7,0,1,0,0,0,2,1,5.55596E+20,5.75826E+21,9.80934E+15,5.19722E+16
24469,3.17112E+18,3,3,52,62,2017,11,8,3,3,8,1,0,1,0,0,0,0,1,4.91751E+20,5.93077E+21,8.87557E+15,5.35258E+16
24470,3.17111E+18,3,3,53,39,2017,11,15,7,2,2,6,0,1,0,0,0,0,0,5.51303E+20,5.91372E+21,9.77108E+15,5.33701E+16
24471,3.17112E+18,3,3,53,31,2017,11,10,3,3,5,3,0,1,0,0,0,0,1,5.65936E+20,5.91832E+21,9.99193E+15,5.34099E+16
24472,3.17112E+18,3,3,53,40,2017,11,17,3,2,4,6,0,1,0,0,0,2,1,5.78236E+20,5.90728E+21,1.01742E+16,5.33089E+16
24473,3.17111E+18,3,3,60,18,2017,11,1,7,3,8,1,0,1,0,0,0,2,1,6.1792E+20,5.87092E+21,1.07562E+16,5.29749E+16
24474,3.17112E+18,3,3,53,38,2017,11,4,3,3,5,3,0,1,0,0,0,2,1,5.53491E+20,5.89931E+21,9.80153E+15,5.32403E+16
24475,3.17112E+18,3,3,53,5,2017,11,20,3,3,5,3,0,1,0,0,0,2,1,5.57479E+20,5.9122E+21,9.86361E+15,5.33559E+16
24476,3.17111E+18,3,3,55,1,2017,11,12,7,3,2,5,0,1,0,0,0,0,1,5.95111E+20,5.90621E+21,1.04271E+16,5.32965E+16
24477,3.17112E+18,3,3,59,10,2017,11,10,3,3,4,2,0,1,0,0,0,0,1,5.48613E+20,5.92306E+21,9.73209E+15,5.34543E+16
24478,3.17112E+18,3,3,59,13,2017,11,16,3,3,4,6,0,1,0,0,0,2,1,5.26689E+20,5.94921E+21,9.40417E+15,5.36909E+16
24479,3.17112E+18,3,3,58,20,2017,11,13,3,3,2,6,0,1,0,0,0,0,1,5.40339E+20,5.83716E+21,9.59673E+15,5.26829E+16
24480,3.17113E+18,3,3,58,2,2017,11,22,2,3,9,1,0,1,0,0,0,2,1,5.70318E+20,5.88444E+21,1.00504E+16,5.31048E+16
24481,3.17113E+18,3,4,51,5,2017,11,12,2,3,8,1,0,1,0,0,0,0,1,4.43984E+20,5.90967E+21,8.15881E+15,5.33332E+16
24482,3.17113E+18,3,4,52,1,2017,11,10,2,3,5,3,0,1,0,0,0,0,1,3.97994E+20,5.92582E+21,7.46318E+15,5.34715E+16
24483,3.17113E+18,3,1,57,6,2017,11,9,3,2,2,6,0,1,0,0,1,0,0,5.80646E+20,5.80141E+21,1.01842E+16,5.23571E+16
24484,3.17111E+18,3,4,51,7,2017,11,15,2,3,5,2,1,0,0,0,1,0,0,4.27623E+20,5.90085E+21,7.91518E+15,5.3252E+16
24485,3.17111E+18,3,4,55,14,2017,11,16,2,3,2,6,0,1,0,0,0,0,0,4.34986E+20,5.92813E+21,8.01991E+15,5.34981E+16
24486,3.17111E+18,3,2,41,7,2017,11,10,7,3,2,6,0,1,0,0,0,0,1,5.4921E+20,5.79764E+21,9.7221E+15,5.23269E+16
24487,3.17111E+18,3,2,41,19,2017,11,14,7,3,2,6,0,1,0,0,0,0,1,5.49375E+20,5.8181E+21,9.72754E+15,5.25107E+16
24488,3.17111E+18,3,2,41,4,2017,11,12,7,3,3,6,0,1,0,0,0,0,1,5.55084E+20,5.81811E+21,9.81164E+15,5.25103E+16
24489,3.17111E+18,3,2,57,3,2017,11,12,7,3,8,1,0,1,0,0,1,0,1,5.12864E+20,5.78515E+21,9.1883E+15,5.22166E+16
24490,3.17112E+18,3,3,57,57,2017,11,17,5,3,2,6,0,1,0,0,0,2,0,5.18379E+20,5.90292E+21,9.27561E+15,5.32752E+16
24491,3.17112E+18,3,3,57,35,2017,11,18,5,1,6,6,0,0,1,0,1,2,1,5.01379E+20,5.9241E+21,9.02077E+15,5.34659E+16
24492,3.17112E+18,3,3,57,8,2017,11,17,5,3,5,3,1,1,0,0,0,2,1,5.08982E+20,5.9269E+21,9.13538E+15,5.3491E+16
24493,3.17112E+18,3,3,57,6,2017,11,16,5,3,5,3,1,1,0,0,0,0,1,5.33642E+20,5.88031E+21,9.50212E+15,5.30712E+16
24494,3.17112E+18,3,3,60,2,2017,11,20,5,2,5,3,0,1,0,0,0,2,0,6.04378E+20,5.8823E+21,1.05583E+16,5.30799E+16
24495,3.17112E+18,3,3,60,25,2017,11,15,5,3,5,3,0,1,0,0,0,0,0,6.07481E+20,5.87047E+21,1.06006E+16,5.2973E+16
24496,3.17112E+18,3,3,54,18,2017,11,15,5,3,5,3,0,1,0,0,0,0,0,6.47147E+20,5.87328E+21,1.11922E+16,5.29888E+16
24497,3.17112E+18,3,3,54,18,2017,11,6,5,3,8,6,0,1,0,1,0,2,1,6.42043E+20,5.87355E+21,1.11163E+16,5.29926E+16