OBJECTID,UIDENTSTLA,ULAND,UREGBEZ,UKREIS,UGEMEINDE,UJAHR,UMONAT,USTUNDE,UWOCHENTAG,UKATEGORIE,UART,UTYP1,IstRad,IstPKW,IstFuss,IstKrad,IstSonstig,LICHT,STRZUSTAND,LINREFX,LINREFY,XGCSWGS84,YGCSWGS84
24498,3.17112E+18,3,3,55,12,2017,11,4,5,1,8,1,0,0,0,1,0,2,1,6.17258E+20,5.89751E+21,1.0756E+16,5.32139E+16
24499,3.17112E+18,3,2,41,1,2017,11,15,5,3,5,3,1,1,0,0,0,0,0,5.49816E+20,5.80238E+21,9.73169E+15,5.23694E+16
24500,3.17112E+18,3,2,41,1,2017,11,22,5,3,6,4,0,1,1,0,0,2,1,5.4861E+20,5.80205E+21,9.71393E+15,5.23666E+16
24501,3.17112E+18,3,3,58,22,2017,11,7,3,3,5,2,1,1,0,0,0,1,0,5.37672E+20,5.85597E+21,9.55944E+15,5.28521E+16
24502,3.17111E+18,3,2,41,17,2017,11,0,7,2,9,7,0,1,0,0,0,2,1,5.45252E+20,5.78507E+21,9.66233E+15,5.22142E+16
24503,3.17113E+18,3,2,54,22,2017,11,10,7,3,7,7,0,1,0,0,0,0,1,5.7756E+20,5.77405E+21,1.01326E+16,5.21115E+16
24504,3.17112E+18,3,2,41,1,2017,11,16,5,3,0,7,1,0,0,0,0,1,0,5.5079E+20,5.80206E+21,9.74594E+15,5.23664E+16
24505,3.17111E+18,3,1,55,2,2017,11,13,7,2,9,1,0,1,0,0,0,0,1,5.40652E+20,5.71981E+21,9.5873E+15,5.16278E+16
24506,3.17113E+18,3,2,52,3,2017,11,17,7,3,0,7,1,0,0,0,0,1,1,5.1844E+20,5.75935E+21,9.26851E+15,5.19845E+16
24507,3.17112E+18,3,2,41,8,2017,11,13,5,3,2,6,0,1,0,0,0,0,0,5.53559E+20,5.81191E+21,9.78819E+15,5.24548E+16
24508,3.17111E+18,3,1,55,13,2017,11,8,7,3,5,3,0,1,0,0,1,1,1,5.61908E+20,5.73963E+21,9.89788E+15,5.18041E+16
24509,3.17111E+18,3,1,55,13,2017,11,15,7,2,8,1,0,1,0,0,0,0,1,5.6777E+20,5.74701E+21,9.98433E+15,5.18697E+16
24510,3.17112E+18,3,2,41,3,2017,11,16,5,3,5,3,0,1,0,1,0,2,0,5.69633E+20,5.80968E+21,1.00242E+16,5.24329E+16
24511,3.17112E+18,3,3,57,47,2017,11,19,3,3,4,6,0,1,0,0,0,2,1,5.05166E+20,5.8972E+21,9.07738E+15,5.3224E+16
24512,3.17112E+18,3,2,41,14,2017,11,8,5,3,2,6,0,1,0,0,1,0,0,5.43223E+20,5.78929E+21,9.63317E+15,5.22523E+16
24513,3.17112E+18,3,2,57,6,2017,11,19,5,3,2,6,0,1,0,0,0,2,0,5.27353E+20,5.79779E+21,9.40139E+15,5.23298E+16
24514,3.17112E+18,3,1,59,19,2017,11,11,5,3,3,2,1,1,0,0,0,0,0,5.92274E+20,5.7237E+21,1.0334E+16,5.16567E+16
24515,3.17112E+18,3,3,57,51,2017,11,16,3,3,5,3,1,1,0,0,0,1,1,5.37016E+20,5.87189E+21,9.55151E+15,5.29953E+16
24516,3.17112E+18,3,2,54,20,2017,11,8,5,3,2,6,0,1,0,0,0,0,0,5.63776E+20,5.7865E+21,9.93369E+15,5.22253E+16
24517,3.17112E+18,3,2,55,3,2017,11,7,5,3,5,3,0,1,0,0,0,0,0,5.34702E+20,5.75929E+21,9.50531E+15,5.19832E+16
24518,3.17112E+18,3,3,57,39,2017,11,18,3,3,5,2,1,1,0,0,0,2,0,5.26393E+20,5.8846E+21,9.39428E+15,5.31102E+16
24519,3.17112E+18,3,1,59,16,2017,11,7,5,3,5,3,1,1,0,0,0,1,0,5.63762E+20,5.71199E+21,9.91972E+15,5.15554E+16
24520,3.17112E+18,3,1,58,4,2017,11,19,5,3,5,3,0,1,0,0,0,2,0,5.83426E+20,5.77863E+21,1.02194E+16,5.21519E+16
24521,3.17112E+18,3,1,57,6,2017,11,7,5,3,5,3,0,1,0,0,0,1,1,5.88143E+20,5.79617E+21,1.02929E+16,5.23087E+16
24522,3.17112E+18,3,1,2,0,2017,11,15,5,3,2,2,0,1,0,0,0,0,0,6.01485E+20,5.7828E+21,1.04845E+16,5.21863E+16
24523,3.17112E+18,3,1,2,0,2017,11,16,5,3,3,2,1,1,0,0,0,2,0,5.90425E+20,5.77983E+21,1.0322E+16,5.21615E+16
24524,3.17112E+18,3,3,60,4,2017,11,17,3,3,1,1,0,1,0,1,0,2,1,6.00588E+20,5.88871E+21,1.05037E+16,5.31383E+16
24525,3.17112E+18,3,3,60,15,2017,11,13,3,3,1,5,0,1,0,0,1,0,1,6.12893E+20,5.87399E+21,1.06824E+16,5.30035E+16
24526,3.17112E+18,3,3,60,18,2017,11,8,3,3,1,7,0,1,0,0,1,0,1,6.17572E+20,5.87222E+21,1.07514E+16,5.29866E+16
24527,3.17112E+18,3,1,53,17,2017,11,10,5,3,3,6,0,1,0,0,1,0,0,5.99792E+20,5.75287E+21,1.0451E+16,5.19177E+16
24528,3.17113E+18,3,2,52,7,2017,11,11,7,3,9,1,0,1,0,0,0,0,1,5.16309E+20,5.78413E+21,9.23866E+15,5.22073E+16
24529,3.17112E+18,3,3,54,21,2017,11,4,3,3,9,1,0,1,0,0,0,2,1,6.71316E+20,5.87537E+21,1.1553E+16,5.30004E+16
24530,3.17111E+18,3,1,55,11,2017,11,21,7,3,5,3,0,1,0,0,0,2,1,5.67309E+20,5.73145E+21,9.97461E+15,5.17299E+16
24531,3.17112E+18,3,3,55,4,2017,11,16,3,3,5,3,0,1,0,0,0,2,1,5.92793E+20,5.90612E+21,1.03923E+16,5.32961E+16
24532,3.17112E+18,3,3,51,6,2017,11,16,3,3,2,6,0,1,0,0,0,2,1,5.75492E+20,5.8334E+21,1.01158E+16,5.26453E+16
24533,3.17111E+18,3,2,57,15,2017,11,13,7,3,8,1,0,1,0,0,0,0,1,5.19955E+20,5.79939E+21,9.29293E+15,5.23444E+16
24534,3.17112E+18,3,2,41,1,2017,11,12,3,3,2,6,0,1,0,0,0,0,1,5.44088E+20,5.80715E+21,9.6482E+15,5.24128E+16
24535,3.17112E+18,3,2,41,9,2017,11,7,3,3,5,2,0,1,0,0,0,2,1,5.55841E+20,5.79415E+21,9.8188E+15,5.22949E+16
24536,3.17111E+18,3,2,54,26,2017,11,15,7,2,4,6,0,1,0,1,0,0,1,5.52548E+20,5.77788E+21,9.76799E+15,5.21489E+16
24537,3.17112E+18,3,2,41,1,2017,11,16,3,3,5,3,1,1,0,0,0,0,0,5.52912E+20,5.79789E+21,9.77645E+15,5.23288E+16
24538,3.17112E+18,3,2,41,1,2017,11,20,3,3,2,2,0,1,0,0,0,2,1,5.50096E+20,5.80552E+21,9.73627E+15,5.23977E+16
24539,3.17112E+18,3,2,41,12,2017,11,6,3,3,2,2,0,1,0,1,0,2,1,5.32673E+20,5.81214E+21,9.48085E+15,5.24585E+16
24540,3.17113E+18,3,2,52,3,2017,11,18,2,3,5,3,0,1,0,0,0,2,1,5.16115E+20,5.75955E+21,9.23467E+15,5.19864E+16
24541,3.17113E+18,3,2,41,19,2017,11,19,2,3,5,2,0,1,0,0,0,2,1,5.49231E+20,5.82461E+21,9.72638E+15,5.25693E+16
24542,3.17113E+18,3,2,51,41,2017,11,17,2,2,6,4,0,1,1,0,0,1,1,4.88446E+20,5.86289E+21,8.82817E+15,5.29155E+16
24543,3.17113E+18,3,4,53,5,2017,11,18,2,3,4,2,0,1,0,0,0,2,1,4.44072E+20,5.86115E+21,8.1686E+15,5.28971E+16
24544,3.17111E+18,3,3,57,57,2017,11,10,2,3,5,3,0,1,0,0,0,0,1,5.18751E+20,5.90417E+21,9.28126E+15,5.32864E+16
24545,3.17113E+18,3,4,57,14,2017,11,7,2,3,5,3,1,1,0,0,0,2,1,3.97011E+20,5.90498E+21,7.45516E+15,5.32841E+16
24546,3.17111E+18,3,4,61,3,2017,11,14,2,2,0,7,1,0,0,0,0,0,0,4.51201E+20,5.93189E+21,8.26374E+15,5.35337E+16
24547,3.17113E+18,3,1,53,2,2017,11,15,3,3,4,2,0,1,0,0,0,0,0,6.03393E+20,5.75384E+21,1.05036E+16,5.19257E+16
24548,3.17111E+18,3,3,61,8,2017,11,17,2,3,2,6,0,1,0,0,0,2,0,5.11392E+20,5.8798E+21,9.17001E+15,5.30676E+16
24549,3.17111E+18,3,2,54,32,2017,11,21,7,3,9,1,0,1,0,0,0,2,1,5.78584E+20,5.77732E+21,1.01483E+16,5.21408E+16
24550,3.17111E+18,3,2,55,34,2017,11,19,7,2,1,5,0,1,0,0,0,2,1,5.42741E+20,5.74814E+21,9.62096E+15,5.18824E+16
24551,3.17111E+18,3,2,52,6,2017,11,18,7,3,2,6,0,1,0,0,0,2,1,5.19595E+20,5.77743E+21,9.28637E+15,5.21471E+16
24552,3.17112E+18,3,1,2,0,2017,11,12,5,3,5,3,0,1,0,0,1,0,0,5.99791E+20,5.78403E+21,1.04601E+16,5.21977E+16
24553,3.17112E+18,3,1,57,6,2017,11,10,5,3,2,6,0,0,0,0,1,0,0,5.78146E+20,5.80187E+21,1.01476E+16,5.23616E+16
24554,3.17112E+18,3,4,4,0,2017,11,17,4,3,2,6,0,1,0,0,0,2,1,4.37709E+20,5.78881E+21,8.08761E+15,5.22462E+16
24555,3.17113E+18,3,1,59,13,2017,11,14,7,3,8,1,0,0,0,0,1,0,1,5.6458E+20,5.69612E+21,9.92861E+15,5.14126E+16
24556,3.17112E+18,3,4,59,24,2017,11,17,4,3,5,3,0,1,0,0,0,2,0,4.52788E+20,5.78775E+21,8.30861E+15,5.22381E+16
24557,3.17112E+18,3,4,59,13,2017,11,10,4,3,8,7,0,1,0,0,0,0,0,4.50648E+20,5.80035E+21,8.27542E+15,5.23512E+16
24558,3.17113E+18,3,4,53,8,2017,11,12,2,3,5,3,1,1,0,0,0,0,1,4.34977E+20,5.8685E+21,8.03194E+15,5.29622E+16
24559,3.17113E+18,3,4,4,0,2017,11,15,2,2,2,6,0,1,0,0,0,0,1,4.32306E+20,5.7918E+21,8.00789E+15,5.22724E+16
24560,3.17113E+18,3,1,53,2,2017,11,15,3,2,5,3,0,1,0,0,0,0,1,6.076E+20,5.74945E+21,1.05634E+16,5.18855E+16
24561,3.17111E+18,3,3,56,8,2017,11,5,2,3,2,2,0,1,0,0,0,2,1,4.83477E+20,5.8908E+21,8.75285E+15,5.31663E+16
24562,3.17111E+18,3,1,59,16,2017,11,12,7,3,5,3,0,1,0,0,1,0,1,5.60825E+20,5.70852E+21,9.87676E+15,5.15245E+16
24563,3.17113E+18,3,1,59,29,2017,11,13,7,2,9,1,0,1,0,0,0,0,1,5.62348E+20,5.70767E+21,9.89856E+15,5.15167E+16
24564,3.17111E+18,3,1,54,19,2017,11,17,7,3,5,3,0,1,0,0,0,2,1,6.33769E+20,5.77803E+21,1.09546E+16,5.21366E+16
24565,3.17113E+18,3,1,59,29,2017,11,10,7,3,9,1,0,1,0,0,0,0,1,5.60953E+20,5.70604E+21,9.87818E+15,5.15022E+16
24566,3.17112E+18,3,4,59,30,2017,11,22,4,2,8,1,0,1,0,0,0,2,1,4.26549E+20,5.83573E+21,7.91386E+15,5.26666E+16
24567,3.17111E+18,3,1,58,37,2017,11,19,7,3,5,3,0,1,0,0,0,2,1,5.99683E+20,5.77808E+21,1.04568E+16,5.21442E+16
24568,3.17111E+18,3,1,58,2,2017,11,0,7,3,7,7,0,1,0,0,0,2,1,5.82811E+20,5.77492E+21,1.02095E+16,5.21186E+16
24569,3.17111E+18,3,1,53,12,2017,11,13,7,3,2,2,0,1,0,0,0,0,1,5.78818E+20,5.75341E+21,1.01462E+16,5.19258E+16
24570,3.17112E+18,3,4,4,0,2017,11,14,4,3,1,5,1,1,0,0,0,0,0,4.35484E+20,5.79088E+21,8.05463E+15,5.22645E+16
24571,3.17112E+18,3,4,4,0,2017,11,7,4,3,0,5,1,1,0,0,0,1,1,4.394E+20,5.79017E+21,8.11214E+15,5.22586E+16
24572,3.17112E+18,3,4,57,14,2017,11,17,4,3,2,2,0,1,0,0,1,2,1,3.99139E+20,5.90726E+21,7.48636E+15,5.33049E+16
24573,3.17112E+18,3,4,57,8,2017,11,20,4,2,2,7,0,1,0,0,1,2,1,4.0938E+20,5.90084E+21,7.64183E+15,5.32491E+16
24574,3.17112E+18,3,2,41,10,2017,11,15,3,3,3,2,0,1,0,1,0,1,1,5.497E+20,5.8142E+21,9.73175E+15,5.24757E+16
24575,3.17112E+18,3,4,54,25,2017,11,18,4,2,9,7,0,1,0,0,0,2,0,3.89239E+20,5.86525E+21,7.35235E+15,5.29254E+16
24576,3.17112E+18,3,4,56,2,2017,11,18,4,2,0,2,0,0,0,0,1,2,1,3.57461E+20,5.83208E+21,6.89437E+15,5.262E+16
24577,3.17112E+18,3,4,56,12,2017,11,14,4,3,5,3,0,1,0,0,1,0,1,3.51343E+20,5.82913E+21,6.80538E+15,5.25918E+16
24578,3.17112E+18,3,4,56,15,2017,11,19,4,3,3,7,0,1,0,0,0,2,1,3.69912E+20,5.81178E+21,7.08613E+15,5.24407E+16
24579,3.17112E+18,3,2,41,1,2017,11,14,3,3,5,2,1,1,0,0,0,0,1,5.49983E+20,5.8066E+21,9.73478E+15,5.24074E+16
24580,3.17112E+18,3,4,52,1,2017,11,10,4,3,2,2,0,1,0,0,1,0,1,3.99522E+20,5.92519E+21,7.48639E+15,5.34661E+16
24581,3.17112E+18,3,2,41,1,2017,11,7,3,2,5,3,1,1,0,0,0,0,1,5.50744E+20,5.80212E+21,9.74528E+15,5.2367E+16
24582,3.17112E+18,3,4,52,23,2017,11,0,4,3,8,1,0,1,0,0,0,2,1,3.87003E+20,5.9276E+21,7.29702E+15,5.34852E+16
24583,3.17112E+18,3,4,60,3,2017,11,7,4,2,4,6,0,1,0,0,0,1,1,4.36365E+20,5.83676E+21,8.05878E+15,5.2677E+16
24584,3.17112E+18,3,2,41,1,2017,11,9,3,2,2,6,0,1,0,0,1,0,1,5.58353E+20,5.80674E+21,9.85782E+15,5.24078E+16
24585,3.17112E+18,3,1,55,5,2017,11,18,3,3,5,3,0,1,0,0,0,2,1,5.57924E+20,5.72222E+21,9.83721E+15,5.1648E+16
24586,3.17112E+18,3,2,54,20,2017,11,7,3,3,5,3,0,1,0,0,0,2,1,5.66254E+20,5.78244E+21,9.96918E+15,5.21885E+16
24587,3.17112E+18,3,3,56,7,2017,11,15,4,3,2,2,0,1,0,0,1,1,1,4.85877E+20,5.8965E+21,8.78849E+15,5.32176E+16
24588,3.17112E+18,3,2,54,22,2017,11,14,3,3,5,3,0,1,0,0,0,0,1,5.80188E+20,5.77453E+21,1.01711E+16,5.21155E+16
24589,3.17112E+18,3,3,61,1,2017,11,11,4,3,8,1,0,1,0,0,0,0,1,5.06548E+20,5.87455E+21,9.09761E+15,5.30205E+16
24590,3.17112E+18,3,2,54,21,2017,11,15,3,3,3,6,0,1,0,1,0,0,1,5.66657E+20,5.774E+21,9.97341E+15,5.21125E+16
24591,3.17112E+18,3,2,52,1,2017,11,6,3,3,5,3,1,1,0,0,0,2,1,5.18644E+20,5.76838E+21,9.27198E+15,5.20657E+16
24592,3.17112E+18,3,2,52,1,2017,11,7,3,2,2,6,0,1,0,0,0,1,1,5.20794E+20,5.76826E+21,9.30334E+15,5.20645E+16
24593,3.17112E+18,3,2,52,3,2017,11,12,3,3,5,2,0,1,0,0,0,0,1,5.1566E+20,5.75964E+21,9.22805E+15,5.19872E+16
24594,3.17112E+18,3,3,61,12,2017,11,16,4,3,2,6,0,1,0,0,0,1,1,5.15613E+20,5.86321E+21,9.23221E+15,5.29183E+16
24595,3.17111E+18,3,4,59,24,2017,11,18,6,3,2,6,0,1,0,0,0,2,1,4.53389E+20,5.78788E+21,8.31739E+15,5.22394E+16
24596,3.17112E+18,3,2,52,8,2017,11,18,3,3,6,6,0,0,1,0,1,2,1,5.4263E+20,5.76329E+21,9.62123E+15,5.20186E+16
24597,3.17112E+18,3,2,52,6,2017,11,13,3,3,5,2,0,1,0,1,0,0,1,5.24337E+20,5.773E+21,9.35535E+15,5.2107E+16
24598,3.17112E+18,3,2,52,6,2017,11,12,3,3,5,3,0,1,0,0,1,0,1,5.25604E+20,5.77264E+21,9.37383E+15,5.21037E+16
24599,3.17113E+18,3,1,58,39,2017,11,15,7,3,9,1,0,1,0,0,0,0,1,6.02599E+20,5.76101E+21,1.04942E+16,5.19902E+16
24600,3.17113E+18,3,1,59,16,2017,11,14,2,3,2,6,0,1,0,0,0,0,1,5.63882E+20,5.70972E+21,9.92104E+15,5.1535E+16
24601,3.17113E+18,3,2,41,3,2017,11,7,2,3,2,6,0,1,0,0,0,1,1,5.68853E+20,5.81108E+21,1.0013E+16,5.24455E+16
24602,3.17112E+18,3,2,52,6,2017,11,8,3,3,1,5,0,1,0,0,0,0,1,5.25253E+20,5.77267E+21,9.3687E+15,5.2104E+16
24603,3.17113E+18,3,3,59,10,2017,11,12,2,3,5,3,0,1,0,0,0,0,1,5.49795E+20,5.92265E+21,9.74981E+15,5.34505E+16
24604,3.17113E+18,3,4,5,0,2017,11,20,2,3,3,6,0,1,0,0,0,2,1,4.37108E+20,5.93356E+21,8.05081E+15,5.35472E+16
24605,3.17111E+18,3,3,54,10,2017,11,13,2,3,8,7,0,0,0,0,1,0,0,6.64026E+20,5.88015E+21,1.14469E+16,5.30457E+16
24606,3.17112E+18,3,1,59,17,2017,11,13,3,3,2,6,0,1,0,0,0,0,1,5.4484E+20,5.69612E+21,9.64479E+15,5.14146E+16
24607,3.17113E+18,3,4,52,19,2017,11,17,2,3,5,2,0,1,0,1,0,2,1,3.80808E+20,5.94024E+21,7.19889E+15,5.35974E+16
24608,3.17111E+18,3,3,59,28,2017,11,13,2,2,4,6,0,1,0,0,1,0,0,5.45727E+20,5.93235E+21,9.68999E+15,5.35381E+16
24609,3.17111E+18,3,4,3,0,2017,11,7,2,3,2,6,0,1,0,0,1,0,0,4.47708E+20,5.88643E+21,8.21855E+15,5.31248E+16
24610,3.17113E+18,3,1,58,12,2017,11,9,7,3,1,5,0,1,0,0,0,0,1,6.15551E+20,5.78527E+21,1.0691E+16,5.22057E+16
24611,3.17112E+18,3,1,59,10,2017,11,15,3,3,8,1,0,1,0,0,0,0,1,5.84456E+20,5.70493E+21,1.02164E+16,5.14892E+16
24612,3.17113E+18,3,1,57,5,2017,11,9,7,3,0,7,0,1,0,0,0,0,1,5.89684E+20,5.78481E+21,1.03125E+16,5.22065E+16
24613,3.17112E+18,3,1,59,29,2017,11,16,3,3,8,1,0,1,0,0,0,2,1,5.60949E+20,5.70569E+21,9.87806E+15,5.14991E+16
24614,3.17111E+18,3,4,59,4,2017,11,8,6,3,0,1,1,0,0,0,0,1,1,4.34446E+20,5.7788E+21,8.04176E+15,5.21558E+16
24615,3.17112E+18,3,1,3,0,2017,11,7,3,3,2,6,0,1,0,0,0,1,1,6.18673E+20,5.80431E+21,1.07434E+16,5.23762E+16
24616,3.17112E+18,3,1,58,6,2017,11,21,3,2,9,1,0,1,0,0,0,2,1,6.09108E+20,5.79011E+21,1.05983E+16,5.22505E+16
24617,3.17111E+18,3,4,59,13,2017,11,13,6,3,4,6,0,1,0,0,0,0,1,4.53278E+20,5.80048E+21,8.31401E+15,5.23526E+16
24618,3.17112E+18,3,1,2,0,2017,11,7,3,3,9,6,0,1,0,0,1,0,1,5.97502E+20,5.77326E+21,1.04235E+16,5.21013E+16
24619,3.17112E+18,3,1,57,8,2017,11,17,3,3,8,6,0,1,0,0,0,2,1,5.97424E+20,5.79327E+21,1.04281E+16,5.22811E+16
24620,3.17111E+18,3,4,59,14,2017,11,19,6,3,5,2,0,1,0,1,0,2,1,4.22406E+20,5.81275E+21,7.85798E+15,5.24594E+16
24621,3.17112E+18,3,1,57,6,2017,11,10,3,2,8,1,0,1,0,0,0,0,1,5.78852E+20,5.79423E+21,1.01562E+16,5.22927E+16
24622,3.17112E+18,3,1,57,6,2017,11,7,3,3,9,1,0,1,0,0,0,0,1,5.79947E+20,5.79802E+21,1.01731E+16,5.23266E+16
24623,3.17111E+18,3,4,4,0,2017,11,12,6,3,3,6,0,1,0,0,1,0,1,4.3426E+20,5.79445E+21,8.03601E+15,5.22964E+16
24624,3.17112E+18,3,1,53,12,2017,11,16,3,2,6,4,0,1,1,0,0,2,1,5.81209E+20,5.74962E+21,1.01801E+16,5.18914E+16
24625,3.17112E+18,3,1,53,17,2017,11,17,3,3,8,1,0,1,0,0,0,2,1,6.02433E+20,5.75946E+21,1.04914E+16,5.19764E+16
24626,3.17113E+18,3,3,59,27,2017,11,22,2,3,4,2,0,0,0,0,1,2,1,5.37817E+20,5.92887E+21,9.57022E+15,5.35074E+16
24627,3.17113E+18,3,3,61,9,2017,11,17,2,3,5,2,1,1,0,0,0,2,1,5.0116E+20,5.87889E+21,9.01731E+15,5.30595E+16
24628,3.17113E+18,3,4,54,49,2017,11,7,2,2,5,3,0,1,0,0,0,2,1,3.95148E+20,5.80105E+21,7.4606E+15,5.23497E+16
24629,3.17111E+18,3,3,53,31,2017,11,13,2,3,2,6,0,1,0,0,0,0,0,5.68761E+20,5.92019E+21,1.00348E+16,5.34263E+16
24630,3.17113E+18,3,1,51,9,2017,11,16,3,2,9,6,0,1,0,0,0,1,0,6.00395E+20,5.81576E+21,1.04784E+16,5.24828E+16
24631,3.17111E+18,3,3,61,6,2017,11,7,2,3,0,2,0,1,0,1,0,1,2,5.13441E+20,5.87419E+21,9.20036E+15,5.30171E+16
24632,3.17111E+18,3,4,55,26,2017,11,18,2,2,8,1,0,1,0,0,0,2,0,4.44487E+20,5.91771E+21,8.16495E+15,5.34055E+16
24633,3.17111E+18,3,4,4,0,2017,11,12,6,2,2,6,0,1,0,0,0,0,1,4.34263E+20,5.794E+21,8.03614E+15,5.22924E+16
24634,3.17111E+18,3,4,54,11,2017,11,3,6,3,4,7,0,0,0,0,1,2,1,4.10264E+20,5.87507E+21,7.66228E+15,5.30177E+16
24635,3.17111E+18,3,4,62,5,2017,11,13,6,3,0,6,0,1,0,0,0,0,1,4.26181E+20,5.92376E+21,7.88822E+15,5.34577E+16
24636,3.17112E+18,3,4,55,26,2017,11,13,4,3,9,7,0,0,0,0,1,0,1,4.4154E+20,5.91499E+21,8.12113E+15,5.33807E+16
24637,3.17112E+18,3,4,51,2,2017,11,13,4,3,3,5,0,0,0,1,1,0,1,4.42274E+20,5.8915E+21,8.13644E+15,5.31697E+16
24638,3.17113E+18,3,1,57,6,2017,11,12,7,3,9,1,0,1,0,0,0,0,1,5.87529E+20,5.79367E+21,1.02832E+16,5.22864E+16
24639,3.17112E+18,3,2,51,49,2017,11,6,4,3,4,2,0,1,0,0,0,2,1,4.93315E+20,5.85489E+21,8.90075E+15,5.28437E+16
24640,3.17112E+18,3,4,61,5,2017,11,22,4,3,2,2,0,1,0,0,0,2,1,4.50121E+20,5.91476E+21,8.25017E+15,5.33796E+16
24641,3.17112E+18,3,4,61,7,2017,11,18,4,3,5,3,1,1,0,0,0,2,1,4.64679E+20,5.92456E+21,8.46791E+15,5.34688E+16
24642,3.17112E+18,3,4,61,2,2017,11,7,4,2,5,3,0,1,0,0,1,1,1,4.64833E+20,5.90626E+21,8.47226E+15,5.33044E+16
24643,3.17112E+18,3,4,1,0,2017,11,13,4,3,2,2,0,1,0,0,0,0,0,4.78116E+20,5.87837E+21,8.6735E+15,5.30544E+16
24644,3.17112E+18,3,3,52,62,2017,11,7,4,3,6,7,1,0,1,0,0,2,1,4.74105E+20,5.94028E+21,8.6086E+15,5.36107E+16
24645,3.17112E+18,3,3,52,62,2017,11,13,4,2,9,7,0,1,0,0,0,0,1,4.88701E+20,5.94215E+21,8.82914E+15,5.3628E+16
24646,3.17112E+18,3,1,51,35,2017,11,9,3,3,5,3,0,1,0,0,1,0,1,6.02362E+20,5.82424E+21,1.051E+16,5.25586E+16
24647,3.17112E+18,3,3,53,32,2017,11,17,4,3,2,6,0,1,0,0,0,2,1,5.7631E+20,5.91189E+21,1.01464E+16,5.33506E+16
24648,3.17112E+18,3,3,53,4,2017,11,7,4,3,8,1,0,1,0,0,0,2,1,5.69993E+20,5.90698E+21,1.00505E+16,5.33074E+16
24649,3.17112E+18,3,3,60,5,2017,11,18,4,3,6,4,0,1,1,0,0,2,1,6.13323E+20,5.85562E+21,1.06824E+16,5.28384E+16
24650,3.17112E+18,3,2,41,1,2017,11,17,4,3,2,6,0,1,0,0,0,2,1,5.58469E+20,5.7955E+21,9.85758E+15,5.23068E+16
24651,3.17112E+18,3,4,59,12,2017,11,11,2,2,8,7,0,1,0,0,0,0,1,4.46824E+20,5.78965E+21,8.22098E+15,5.22546E+16
24652,3.17112E+18,3,4,59,13,2017,11,17,2,3,4,2,0,1,0,0,0,2,1,4.53069E+20,5.8099E+21,8.30963E+15,5.24373E+16
24653,3.17112E+18,3,2,41,9,2017,11,12,4,3,3,5,0,1,0,0,0,0,1,5.55243E+20,5.7954E+21,9.81024E+15,5.23062E+16
24654,3.17112E+18,3,4,59,14,2017,11,7,2,3,5,3,1,1,0,0,0,2,1,4.32512E+20,5.80682E+21,8.00789E+15,5.24075E+16
24655,3.17112E+18,3,2,41,20,2017,11,14,4,3,8,5,0,1,0,0,1,0,1,5.36033E+20,5.79129E+21,9.52807E+15,5.22708E+16
24656,3.17112E+18,3,4,59,26,2017,11,16,2,2,5,3,0,1,0,0,0,1,1,4.18568E+20,5.81613E+21,7.80067E+15,5.24892E+16
24657,3.17112E+18,3,4,4,0,2017,11,18,2,3,6,2,0,1,1,0,0,2,0,4.33239E+20,5.79153E+21,8.02161E+15,5.22701E+16
24658,3.17112E+18,3,2,41,1,2017,11,17,4,1,0,7,0,0,1,0,1,2,0,5.56094E+20,5.80741E+21,9.82474E+15,5.2414E+16
24659,3.17112E+18,3,4,4,0,2017,11,19,2,3,2,6,0,1,0,0,0,2,1,4.31458E+20,5.7902E+21,7.99579E+15,5.22579E+16
24660,3.17112E+18,3,4,4,0,2017,11,21,2,3,6,2,0,1,1,0,0,2,1,4.33179E+20,5.79153E+21,8.02074E+15,5.22701E+16
24661,3.17112E+18,3,2,41,1,2017,11,14,4,3,2,6,0,1,0,0,0,0,1,5.47397E+20,5.80352E+21,9.69632E+15,5.23799E+16
24662,3.17112E+18,3,2,41,1,2017,11,14,4,3,2,6,0,1,0,1,0,0,1,5.52359E+20,5.79893E+21,9.76849E+15,5.23381E+16
24663,3.17112E+18,3,4,4,0,2017,11,11,2,3,2,6,0,1,0,0,0,0,1,4.33588E+20,5.79159E+21,8.02672E+15,5.22706E+16
24664,3.17112E+18,3,2,41,9,2017,11,9,4,3,5,2,0,1,0,0,0,0,1,5.59192E+20,5.79584E+21,9.86823E+15,5.23097E+16
24665,3.17112E+18,3,4,4,0,2017,11,8,2,3,2,6,0,1,0,0,0,0,1,4.34374E+20,5.79228E+21,8.03809E+15,5.2277E+16
24666,3.17112E+18,3,1,59,26,2017,11,15,4,3,2,6,0,1,0,0,0,0,0,5.86686E+20,5.7292E+21,1.02546E+16,5.1707E+16
24667,3.17112E+18,3,4,57,17,2017,11,13,2,3,2,6,0,1,0,0,0,0,1,4.07389E+20,5.8887E+21,7.61552E+15,5.31396E+16
24668,3.17113E+18,3,1,53,504,2017,11,15,7,3,4,1,0,1,0,0,0,0,2,5.95205E+20,5.7473E+21,1.03828E+16,5.18683E+16
24669,3.17113E+18,3,1,1,0,2017,11,14,7,3,9,1,0,1,0,0,0,0,1,6.02509E+20,5.79334E+21,1.05027E+16,5.22809E+16
24670,3.17112E+18,3,1,55,10,2017,11,18,4,3,2,2,0,1,0,0,0,2,0,5.62304E+20,5.71837E+21,9.89983E+15,5.16129E+16