OBJECTID,UIDENTSTLA,ULAND,UREGBEZ,UKREIS,UGEMEINDE,UJAHR,UMONAT,USTUNDE,UWOCHENTAG,UKATEGORIE,UART,UTYP1,IstRad,IstPKW,IstFuss,IstKrad,IstSonstig,LICHT,STRZUSTAND,LINREFX,LINREFY,XGCSWGS84,YGCSWGS84
24671,3.17112E+18,3,4,54,33,2017,11,15,2,2,2,6,0,0,0,1,1,0,1,4.0915E+20,5.86465E+21,7.6486E+15,5.29238E+16
24672,3.17112E+18,3,2,57,31,2017,11,14,4,3,2,6,0,1,0,0,0,0,1,5.04764E+20,5.78013E+21,9.06966E+15,5.21717E+16
24673,3.17112E+18,3,4,54,2,2017,11,8,2,3,2,2,0,1,0,0,0,0,1,3.92053E+20,5.82916E+21,7.40607E+15,5.26017E+16
24674,3.17112E+18,3,4,54,32,2017,11,15,2,3,9,1,0,1,0,0,0,0,1,3.83303E+20,5.8225E+21,7.27929E+15,5.254E+16
24675,3.17112E+18,3,4,52,15,2017,11,11,2,3,5,3,0,1,0,0,0,0,1,3.87891E+20,5.93537E+21,7.30762E+15,5.35552E+16
24676,3.17112E+18,3,4,52,1,2017,11,7,2,3,0,3,1,1,0,0,0,2,1,3.98875E+20,5.92564E+21,7.4765E+15,5.34701E+16
24677,3.17112E+18,3,2,56,14,2017,11,17,4,3,4,2,0,1,0,0,1,2,1,5.09431E+20,5.85148E+21,9.13992E+15,5.2813E+16
24678,3.17112E+18,3,4,60,10,2017,11,7,2,3,5,3,1,1,0,0,0,2,1,4.49127E+20,5.85105E+21,8.2453E+15,5.28068E+16
24679,3.17112E+18,3,1,53,12,2017,11,8,4,3,8,6,0,1,0,0,0,0,1,5.78754E+20,5.75457E+21,1.01456E+16,5.19363E+16
24680,3.17112E+18,3,4,53,9,2017,11,11,2,3,5,3,0,1,0,0,0,0,1,4.23319E+20,5.85021E+21,7.86271E+15,5.27963E+16
24681,3.17112E+18,3,4,53,8,2017,11,7,2,3,5,2,1,1,0,0,0,1,1,4.34579E+20,5.86818E+21,8.02607E+15,5.29593E+16
24682,3.17111E+18,3,4,52,6,2017,11,14,6,3,8,1,0,1,0,0,0,0,1,4.09473E+20,5.91412E+21,7.63943E+15,5.33684E+16
24683,3.17112E+18,3,4,53,8,2017,11,16,2,3,2,2,0,1,0,0,0,1,1,4.35362E+20,5.86706E+21,8.03796E+15,5.29493E+16
24684,3.17112E+18,3,4,53,8,2017,11,17,2,3,5,3,1,1,0,0,0,2,1,4.34718E+20,5.86836E+21,8.0281E+15,5.29609E+16
24685,3.17112E+18,3,2,52,3,2017,11,18,4,2,9,1,0,0,0,0,1,2,1,5.1453E+20,5.76107E+21,9.21165E+15,5.20001E+16
24686,3.17111E+18,3,4,52,6,2017,11,12,6,3,5,3,1,1,0,0,0,0,1,4.05716E+20,5.92263E+21,7.58043E+15,5.34443E+16
24687,3.17112E+18,3,4,53,5,2017,11,6,2,3,4,2,0,1,0,0,1,1,1,4.48152E+20,5.85636E+21,8.23001E+15,5.28545E+16
24688,3.17112E+18,3,4,55,14,2017,11,9,2,3,5,3,1,1,0,0,0,0,1,4.34517E+20,5.92855E+21,8.01275E+15,5.35018E+16
24689,3.17111E+18,3,4,53,3,2017,11,7,6,3,8,1,0,1,0,0,0,2,1,4.41068E+20,5.85012E+21,8.12594E+15,5.27976E+16
24690,3.17112E+18,3,4,55,7,2017,11,0,2,2,1,7,0,1,0,0,1,2,1,4.26175E+20,5.93395E+21,7.88574E+15,5.35493E+16
24691,3.17112E+18,3,3,56,8,2017,11,11,2,3,5,2,0,1,0,0,0,0,1,4.80526E+20,5.89249E+21,8.70861E+15,5.31814E+16
24692,3.17113E+18,3,2,56,33,2017,11,12,2,3,2,2,0,1,0,0,0,0,1,4.93429E+20,5.81754E+21,8.90319E+15,5.25079E+16
24693,3.17113E+18,3,2,41,1,2017,11,5,2,3,9,1,0,0,0,1,0,2,1,5.53094E+20,5.79777E+21,9.77911E+15,5.23277E+16
24694,3.17113E+18,3,2,51,47,2017,11,6,2,3,4,6,1,0,0,0,0,2,0,4.88693E+20,5.87057E+21,8.83158E+15,5.29846E+16
24695,3.17111E+18,3,3,51,6,2017,11,19,2,3,2,6,0,1,0,0,0,1,0,5.72755E+20,5.82622E+21,1.00738E+16,5.25811E+16
24696,3.17113E+18,3,4,60,1,2017,11,19,2,2,8,7,0,1,0,0,0,2,1,4.46269E+20,5.84195E+21,8.2044E+15,5.27248E+16
24697,3.17111E+18,3,3,57,21,2017,11,13,2,3,5,3,0,1,0,0,0,0,0,5.19203E+20,5.91056E+21,9.28844E+15,5.33438E+16
24698,3.17113E+18,3,4,59,22,2017,11,16,2,3,5,3,0,1,0,0,0,2,1,4.41578E+20,5.77682E+21,8.14635E+15,5.21388E+16
24699,3.17111E+18,3,2,51,12,2017,11,18,2,3,2,5,0,1,0,0,0,2,0,4.59195E+20,5.83103E+21,8.39714E+15,5.26277E+16
24700,3.17111E+18,3,3,56,5,2017,11,7,2,3,9,1,0,1,0,0,0,1,2,4.9765E+20,5.8895E+21,8.96486E+15,5.31549E+16
24701,3.17111E+18,3,4,53,6,2017,11,21,6,3,5,3,0,1,0,0,0,2,1,4.29623E+20,5.84126E+21,7.95811E+15,5.27167E+16
24702,3.17111E+18,3,4,53,4,2017,11,19,6,3,5,3,1,1,0,0,0,2,1,4.35062E+20,5.85488E+21,8.03593E+15,5.28398E+16
24703,3.17112E+18,3,2,52,4,2017,11,9,4,3,5,2,0,1,0,0,1,0,1,5.37938E+20,5.77416E+21,9.55407E+15,5.21167E+16
24704,3.17112E+18,3,2,52,6,2017,11,17,4,2,8,1,0,1,0,0,0,2,1,5.26292E+20,5.77804E+21,9.38428E+15,5.21522E+16
24705,3.17112E+18,3,4,59,24,2017,11,13,6,3,5,2,0,1,0,0,0,0,0,4.50753E+20,5.78728E+21,8.27888E+15,5.22337E+16
24706,3.17112E+18,3,1,59,10,2017,11,7,4,2,4,6,0,1,0,1,0,1,1,5.88926E+20,5.7103E+21,1.02822E+16,5.15368E+16
24707,3.17112E+18,3,1,2,0,2017,11,7,4,3,4,2,0,1,0,0,0,0,1,5.90043E+20,5.77987E+21,1.03164E+16,5.2162E+16
24708,3.17112E+18,3,1,53,12,2017,11,19,4,2,2,6,0,1,0,0,1,2,1,5.81666E+20,5.74329E+21,1.01852E+16,5.18345E+16
24709,3.17112E+18,3,1,53,504,2017,11,9,4,3,2,6,0,1,0,0,0,0,1,5.9144E+20,5.74526E+21,1.03276E+16,5.18506E+16
24710,3.17112E+18,3,1,53,17,2017,11,17,4,3,5,3,0,1,0,0,0,2,0,5.9757E+20,5.75107E+21,1.04182E+16,5.19018E+16
24711,3.17112E+18,3,1,3,0,2017,11,22,4,3,2,6,0,1,0,0,1,2,0,6.17593E+20,5.8048E+21,1.07277E+16,5.23808E+16
24712,3.17112E+18,3,1,57,6,2017,11,19,4,3,5,3,0,1,0,0,0,2,1,5.83822E+20,5.79939E+21,1.02303E+16,5.23384E+16
24713,3.17111E+18,3,4,59,24,2017,11,17,3,3,5,3,0,1,0,1,0,2,1,4.57061E+20,5.78186E+21,8.37192E+15,5.21856E+16
24714,3.17111E+18,3,4,59,12,2017,11,15,3,3,5,3,0,1,0,1,0,0,0,4.47663E+20,5.79172E+21,8.23295E+15,5.22733E+16
24715,3.17111E+18,3,4,59,28,2017,11,20,3,2,5,2,0,1,0,1,0,2,1,4.2277E+20,5.83023E+21,7.85927E+15,5.26166E+16
24716,3.17111E+18,3,4,54,41,2017,11,12,3,3,2,6,0,0,0,0,1,0,0,3.89757E+20,5.8803E+21,7.35491E+15,5.30608E+16
24717,3.17112E+18,3,3,61,13,2017,11,19,2,3,2,3,0,1,0,0,1,2,1,5.04367E+20,5.86813E+21,9.06501E+15,5.29627E+16
24718,3.17111E+18,3,4,56,10,2017,11,0,3,3,7,7,0,1,0,0,0,2,0,3.73538E+20,5.8024E+21,7.14299E+15,5.23573E+16
24719,3.17112E+18,3,3,61,3,2017,11,17,2,3,0,3,0,1,0,1,0,2,1,5.15756E+20,5.85571E+21,9.23397E+15,5.28509E+16
24720,3.17111E+18,3,4,56,15,2017,11,18,3,3,9,1,0,1,0,0,0,2,1,3.66841E+20,5.8138E+21,7.04017E+15,5.24582E+16
24721,3.17112E+18,3,4,51,5,2017,11,9,2,3,5,3,1,1,0,0,0,0,1,4.45666E+20,5.89996E+21,8.18573E+15,5.32461E+16
24722,3.17111E+18,3,4,54,35,2017,11,17,3,3,2,6,0,1,0,0,0,2,0,3.81255E+20,5.84173E+21,7.24218E+15,5.27124E+16
24723,3.17111E+18,3,4,53,5,2017,11,19,3,3,5,3,0,1,0,1,0,1,1,4.43172E+20,5.85414E+21,8.15644E+15,5.2834E+16
24724,3.17111E+18,3,4,5,0,2017,11,16,3,3,2,6,0,1,0,0,0,1,1,4.38272E+20,5.93129E+21,8.06882E+15,5.35269E+16
24725,3.17111E+18,3,4,5,0,2017,11,6,3,3,4,2,0,1,0,0,0,2,1,4.41114E+20,5.93704E+21,8.1106E+15,5.35789E+16
24726,3.17111E+18,3,3,56,5,2017,11,7,3,2,4,6,0,1,0,0,0,0,1,4.91534E+20,5.89259E+21,8.87332E+15,5.31826E+16
24727,3.17111E+18,3,3,56,7,2017,11,13,3,2,4,6,0,1,0,0,0,0,0,4.84458E+20,5.89567E+21,8.76728E+15,5.32101E+16
24728,3.17111E+18,3,3,61,3,2017,11,22,3,2,8,1,0,0,0,0,1,2,1,5.15918E+20,5.86055E+21,9.23661E+15,5.28944E+16
24729,3.17111E+18,3,3,61,6,2017,11,14,3,3,2,6,0,1,0,0,0,0,0,5.12002E+20,5.87232E+21,9.17885E+15,5.30003E+16
24730,3.17112E+18,3,4,51,4,2017,11,7,2,3,5,3,0,1,0,0,0,2,1,4.38244E+20,5.88395E+21,8.07762E+15,5.31014E+16
24731,3.17111E+18,3,2,51,40,2017,11,20,3,3,9,1,0,1,0,0,0,2,1,4.82716E+20,5.8334E+21,8.74451E+15,5.26503E+16
24732,3.17111E+18,3,2,51,32,2017,11,5,3,3,8,1,0,1,0,0,0,2,2,4.87727E+20,5.84294E+21,8.81823E+15,5.27362E+16
24733,3.17112E+18,3,4,3,0,2017,11,17,2,3,5,3,1,1,0,0,0,2,1,4.42919E+20,5.88825E+21,8.14667E+15,5.31406E+16
24734,3.17112E+18,3,4,3,0,2017,11,10,2,3,2,6,0,1,0,0,1,0,1,4.50477E+20,5.88799E+21,8.25968E+15,5.3139E+16
24735,3.17112E+18,3,2,51,37,2017,11,17,2,2,2,6,0,1,0,0,0,2,1,4.86682E+20,5.87473E+21,8.80145E+15,5.3022E+16
24736,3.17112E+18,3,2,51,7,2017,11,2,2,3,8,1,0,1,0,0,0,2,1,4.8423E+20,5.85817E+21,8.7657E+15,5.2873E+16
24737,3.17111E+18,3,4,58,9,2017,11,13,3,3,2,6,0,1,0,0,0,0,0,4.48781E+20,5.87969E+21,8.23565E+15,5.30643E+16
24738,3.17112E+18,3,2,51,37,2017,11,8,2,3,2,6,0,1,0,0,0,0,1,4.8607E+20,5.87475E+21,8.79232E+15,5.30221E+16
24739,3.17111E+18,3,4,61,7,2017,11,15,3,2,5,2,0,1,0,0,0,0,1,4.65324E+20,5.92671E+21,8.47739E+15,5.34882E+16
24740,3.17112E+18,3,4,61,7,2017,11,12,2,3,5,2,0,1,0,0,0,0,1,4.65704E+20,5.92741E+21,8.48303E+15,5.34945E+16
24741,3.17112E+18,3,4,1,0,2017,11,21,2,2,6,2,0,1,1,0,0,2,1,4.75609E+20,5.87694E+21,8.63621E+15,5.30414E+16
24742,3.17111E+18,3,4,58,5,2017,11,16,3,3,5,3,1,1,0,0,0,2,0,4.68821E+20,5.8758E+21,8.53507E+15,5.30308E+16
24743,3.17112E+18,3,3,59,27,2017,11,4,2,2,6,4,0,1,1,0,0,2,1,5.37307E+20,5.93004E+21,9.56266E+15,5.3518E+16
24744,3.17112E+18,3,3,59,10,2017,11,17,2,2,4,2,0,1,0,0,0,2,1,5.46237E+20,5.92371E+21,9.69641E+15,5.34604E+16
24745,3.17111E+18,3,4,58,8,2017,11,17,3,3,4,2,1,1,0,0,0,2,1,4.72968E+20,5.86236E+21,8.59803E+15,5.29102E+16
24746,3.17111E+18,3,4,55,25,2017,11,8,6,3,5,2,0,1,0,0,0,0,1,4.344E+20,5.91653E+21,8.01349E+15,5.33938E+16
24747,3.17112E+18,3,3,58,22,2017,11,8,2,3,5,3,1,1,0,0,0,0,1,5.4011E+20,5.85705E+21,9.59577E+15,5.28617E+16
24748,3.17112E+18,3,3,57,21,2017,11,10,2,3,8,1,0,1,0,0,0,0,1,5.19937E+20,5.9077E+21,9.29928E+15,5.33181E+16
24749,3.17111E+18,3,3,52,22,2017,11,21,3,3,0,7,0,1,0,0,0,2,1,5.10101E+20,5.94938E+21,9.15298E+15,5.3693E+16
24750,3.17111E+18,3,3,61,1,2017,11,17,6,2,3,6,0,1,0,1,0,2,1,5.06084E+20,5.87384E+21,9.09068E+15,5.30141E+16
24751,3.17112E+18,3,3,57,45,2017,11,17,2,3,0,6,0,1,0,0,0,2,1,5.1529E+20,5.88487E+21,9.22843E+15,5.3113E+16
24752,3.17112E+18,3,3,57,22,2017,11,9,2,3,7,7,0,1,1,0,0,0,1,5.16264E+20,5.88036E+21,9.24276E+15,5.30725E+16
24753,3.17113E+18,3,4,56,25,2017,11,17,1,3,0,3,0,1,0,0,0,2,1,3.73895E+20,5.81971E+21,7.1417E+15,5.25129E+16
24754,3.17113E+18,3,1,59,16,2017,11,14,2,3,2,2,0,1,0,0,0,0,1,5.64593E+20,5.7122E+21,9.93175E+15,5.15572E+16
24755,3.17112E+18,3,3,57,39,2017,11,14,2,3,2,2,0,1,0,0,0,0,1,5.27498E+20,5.88458E+21,9.41078E+15,5.31099E+16
24756,3.17113E+18,3,2,41,8,2017,11,19,2,3,6,4,0,1,1,0,0,2,1,5.5872E+20,5.80969E+21,9.86374E+15,5.24342E+16
24757,3.17111E+18,3,4,3,0,2017,11,23,6,2,6,4,0,1,1,1,0,2,1,4.45917E+20,5.88742E+21,8.19162E+15,5.31334E+16
24758,3.17112E+18,3,3,60,2,2017,11,16,2,3,2,6,0,1,0,0,0,1,1,6.06122E+20,5.88209E+21,1.05842E+16,5.30777E+16
24759,3.17113E+18,3,3,52,59,2017,11,19,2,2,9,6,0,1,0,0,0,2,1,4.84782E+20,5.91638E+21,8.77113E+15,5.33963E+16
24760,3.17111E+18,3,2,41,1,2017,11,15,2,3,5,3,0,1,0,0,1,0,0,5.481E+20,5.80847E+21,9.70736E+15,5.24244E+16
24761,3.17113E+18,3,3,56,9,2017,11,12,2,3,5,3,0,1,0,0,0,0,1,4.69267E+20,5.89771E+21,8.53962E+15,5.32278E+16
24762,3.17111E+18,3,3,57,51,2017,11,9,2,3,5,3,0,1,0,0,0,0,0,5.36624E+20,5.87214E+21,9.5457E+15,5.29975E+16
24763,3.17112E+18,3,3,54,12,2017,11,17,2,3,4,6,0,1,0,0,1,2,1,6.31844E+20,5.8829E+21,1.09683E+16,5.30793E+16
24764,3.17111E+18,3,3,52,60,2017,11,7,2,3,9,1,0,1,0,0,0,1,2,4.71687E+20,5.91355E+21,8.57446E+15,5.33703E+16
24765,3.17111E+18,3,3,61,1,2017,11,10,2,3,5,2,0,1,0,1,0,0,1,5.01864E+20,5.87366E+21,9.02779E+15,5.30125E+16
24766,3.17111E+18,3,3,53,40,2017,11,19,3,3,5,3,1,1,0,0,0,2,1,5.79927E+20,5.91011E+21,1.02003E+16,5.33341E+16
24767,3.17111E+18,3,3,53,20,2017,11,7,3,3,4,6,0,1,0,0,0,1,1,5.63829E+20,5.90712E+21,9.95798E+15,5.33094E+16
24768,3.17111E+18,3,3,59,38,2017,11,17,3,3,2,6,0,1,0,0,0,2,1,5.26328E+20,5.93844E+21,9.39779E+15,5.35941E+16
24769,3.17111E+18,3,3,58,21,2017,11,15,3,3,5,3,1,1,0,0,0,1,1,5.56053E+20,5.87122E+21,9.83501E+15,5.29877E+16
24770,3.17111E+18,3,3,57,57,2017,11,15,3,3,0,7,1,0,0,0,1,0,0,5.14077E+20,5.90519E+21,9.21121E+15,5.32958E+16
24771,3.17111E+18,3,3,57,57,2017,11,16,3,3,2,6,0,1,0,0,0,1,1,5.18587E+20,5.90182E+21,9.27867E+15,5.32653E+16
24772,3.17111E+18,3,4,3,0,2017,11,13,6,3,5,5,0,1,0,0,0,0,1,4.51823E+20,5.88769E+21,8.27985E+15,5.31365E+16
24773,3.17111E+18,3,2,51,47,2017,11,19,6,3,1,5,0,1,0,0,0,2,1,4.86695E+20,5.8711E+21,8.80179E+15,5.29893E+16
24774,3.17111E+18,3,3,54,4,2017,11,18,3,3,4,2,0,1,0,0,0,2,1,6.395E+20,5.88486E+21,1.10834E+16,5.30949E+16
24775,3.17111E+18,3,3,55,4,2017,11,18,3,3,2,6,0,1,0,0,0,2,1,5.92488E+20,5.90572E+21,1.03876E+16,5.32926E+16
24776,3.17113E+18,3,4,56,9,2017,11,19,2,3,5,3,0,1,0,0,0,2,1,3.6097E+20,5.82766E+21,6.94803E+15,5.25811E+16
24777,3.17111E+18,3,3,52,50,2017,11,8,2,3,9,1,0,1,0,0,0,0,2,4.77299E+20,5.93784E+21,8.65705E+15,5.35889E+16
24778,3.17113E+18,3,1,51,5,2017,11,6,3,2,6,4,0,1,1,0,0,2,1,6.30826E+20,5.82936E+21,1.09316E+16,5.25985E+16
24779,3.17111E+18,3,3,61,8,2017,11,11,2,2,8,1,0,1,0,0,0,0,0,5.03784E+20,5.88626E+21,9.05655E+15,5.31258E+16
24780,3.17111E+18,3,2,51,7,2017,11,15,6,3,5,2,0,1,0,0,0,0,1,4.81923E+20,5.85426E+21,8.73164E+15,5.28378E+16
24781,3.17111E+18,3,4,61,5,2017,11,16,6,3,5,3,0,1,0,0,0,1,1,4.45821E+20,5.91042E+21,8.18626E+15,5.33402E+16
24782,3.17111E+18,3,4,61,1,2017,11,8,6,3,2,2,0,1,0,0,0,0,1,4.65361E+20,5.8927E+21,8.48166E+15,5.31826E+16
24783,3.17111E+18,3,3,55,27,2017,11,15,3,3,1,5,0,1,0,0,1,0,1,5.82714E+20,5.89243E+21,1.02375E+16,5.31748E+16
24784,3.17111E+18,3,3,55,24,2017,11,7,3,3,2,6,0,1,0,0,1,0,0,5.95294E+20,5.89222E+21,1.04256E+16,5.31708E+16
24785,3.17111E+18,3,3,51,6,2017,11,8,3,3,0,1,0,1,0,0,1,0,0,5.70145E+20,5.82939E+21,1.00359E+16,5.261E+16
24786,3.17111E+18,3,3,51,6,2017,11,15,3,3,5,3,1,1,0,0,0,0,0,5.69168E+20,5.82885E+21,1.00214E+16,5.26052E+16
24787,3.17111E+18,3,3,51,6,2017,11,7,3,3,2,6,0,1,0,0,0,1,1,5.77123E+20,5.8365E+21,1.01406E+16,5.26729E+16
24788,3.17111E+18,3,2,41,1,2017,11,18,3,3,3,6,0,1,0,0,0,2,1,5.5862E+20,5.80116E+21,9.86077E+15,5.23576E+16
24789,3.17111E+18,3,2,41,13,2017,11,7,3,3,2,6,0,1,0,0,0,0,0,5.52958E+20,5.79127E+21,9.77608E+15,5.22692E+16
24790,3.17111E+18,3,2,41,15,2017,11,13,3,3,2,6,0,1,0,0,0,0,0,5.42321E+20,5.80494E+21,9.62193E+15,5.2393E+16
24791,3.17111E+18,3,2,41,20,2017,11,17,3,2,6,4,0,1,1,0,0,2,1,5.39208E+20,5.79163E+21,9.57464E+15,5.22737E+16
24792,3.17111E+18,3,2,57,35,2017,11,9,3,3,2,2,0,1,0,0,0,0,0,5.124E+20,5.79701E+21,9.18194E+15,5.23233E+16
24793,3.17111E+18,3,2,56,27,2017,11,15,3,3,2,6,0,1,0,0,0,0,1,5.15723E+20,5.83992E+21,9.23272E+15,5.27089E+16
24794,3.17112E+18,3,3,55,9,2017,11,18,2,3,8,1,0,0,0,0,1,2,1,6.11285E+20,5.90836E+21,1.06704E+16,5.33128E+16
24795,3.17111E+18,3,2,54,8,2017,11,16,3,3,4,2,0,1,0,0,0,2,0,5.77524E+20,5.7618E+21,1.01293E+16,5.20014E+16
24796,3.17112E+18,3,3,51,26,2017,11,19,2,3,5,2,0,1,0,0,0,2,1,5.71892E+20,5.8555E+21,1.00674E+16,5.28445E+16
24797,3.17111E+18,3,2,55,8,2017,11,10,3,3,0,1,0,1,1,0,0,0,0,5.55795E+20,5.75463E+21,9.81165E+15,5.19396E+16
24798,3.17112E+18,3,2,41,1,2017,11,17,2,3,2,6,0,1,0,0,1,2,1,5.53645E+20,5.801E+21,9.7877E+15,5.23566E+16
24799,3.17111E+18,3,2,52,2,2017,11,22,3,2,4,1,0,1,0,0,0,2,1,5.27158E+20,5.78783E+21,9.39773E+15,5.22402E+16
24800,3.17112E+18,3,2,41,15,2017,11,10,2,3,4,6,0,1,0,0,0,0,1,5.44157E+20,5.80477E+21,9.64889E+15,5.23914E+16
24801,3.17112E+18,3,2,41,2,2017,11,17,2,2,5,3,1,1,0,0,0,2,1,5.3152E+20,5.79507E+21,9.46229E+15,5.23051E+16
24802,3.17111E+18,3,1,54,14,2017,11,18,3,2,6,2,0,1,1,0,0,2,1,6.13622E+20,5.8013E+21,1.06682E+16,5.23502E+16
24803,3.17112E+18,3,2,41,5,2017,11,15,2,3,2,2,0,1,0,0,0,0,1,5.39796E+20,5.80961E+21,9.58539E+15,5.24352E+16
24804,3.17112E+18,3,2,41,10,2017,11,17,2,3,2,6,0,1,0,0,0,2,1,5.46264E+20,5.81028E+21,9.68061E+15,5.24408E+16
24805,3.17111E+18,3,1,58,6,2017,11,13,3,3,8,1,0,1,0,0,0,0,0,6.15565E+20,5.7908E+21,1.06931E+16,5.22554E+16
24806,3.17112E+18,3,2,41,10,2017,11,4,2,3,5,2,0,1,0,0,0,2,1,5.45595E+20,5.81034E+21,9.67078E+15,5.24413E+16
24807,3.17112E+18,3,2,41,4,2017,11,12,2,3,5,3,0,1,0,0,0,0,1,5.58506E+20,5.81633E+21,9.86176E+15,5.2494E+16
24808,3.17111E+18,3,1,58,37,2017,11,17,3,3,2,6,0,1,0,0,0,2,1,6.0514E+20,5.78203E+21,1.05377E+16,5.21787E+16
24809,3.17111E+18,3,1,58,37,2017,11,7,3,3,8,1,0,1,0,0,0,0,2,6.02565E+20,5.7805E+21,1.04996E+16,5.21655E+16
24810,3.17112E+18,3,2,41,4,2017,11,19,2,3,5,3,0,1,0,0,0,2,1,5.58389E+20,5.8159E+21,9.85995E+15,5.24901E+16
24811,3.17111E+18,3,1,58,37,2017,11,8,3,3,2,6,0,0,0,0,1,0,2,6.03164E+20,5.78178E+21,1.05087E+16,5.21769E+16
24812,3.17112E+18,3,2,41,4,2017,11,16,2,3,2,6,0,1,0,0,0,1,1,5.57556E+20,5.82411E+21,9.84912E+15,5.2564E+16
24813,3.17111E+18,3,1,57,1,2017,11,7,3,2,9,1,0,1,0,0,0,0,2,5.84165E+20,5.80676E+21,1.02372E+16,5.24046E+16
24814,3.17112E+18,3,2,41,1,2017,11,17,2,3,2,6,0,1,0,0,1,1,1,5.56486E+20,5.80839E+21,9.83066E+15,5.24228E+16
24815,3.17113E+18,3,1,57,6,2017,11,17,2,3,4,2,0,1,0,0,0,2,1,5.84041E+20,5.79605E+21,1.02327E+16,5.23084E+16
24816,3.17111E+18,3,3,52,62,2017,11,20,6,3,8,1,0,0,0,0,1,2,1,4.77838E+20,5.94152E+21,8.66494E+15,5.3622E+16
24817,3.17112E+18,3,2,41,1,2017,11,15,2,3,0,6,0,1,0,0,0,1,1,5.56191E+20,5.80861E+21,9.82636E+15,5.24248E+16
24818,3.17113E+18,3,2,57,31,2017,11,1,2,2,9,1,0,1,0,0,0,2,0,5.03319E+20,5.78534E+21,9.04859E+15,5.22185E+16
24819,3.17111E+18,3,3,52,29,2017,11,20,6,3,5,3,0,1,0,0,0,2,1,5.06351E+20,5.94285E+21,9.09605E+15,5.36344E+16
24820,3.17112E+18,3,2,41,1,2017,11,17,2,2,0,1,0,0,0,1,0,2,1,5.48624E+20,5.80561E+21,9.71465E+15,5.23986E+16
24821,3.17113E+18,3,3,51,24,2017,11,6,2,2,7,7,0,1,0,0,0,2,0,5.66773E+20,5.83841E+21,9.98796E+15,5.26915E+16
24822,3.17111E+18,3,3,53,31,2017,11,16,6,3,2,6,0,1,0,0,0,2,1,5.69549E+20,5.91606E+21,1.00458E+16,5.3389E+16
24823,3.17112E+18,3,2,41,11,2017,11,14,2,3,2,6,0,1,0,0,0,0,1,5.65228E+20,5.80489E+21,9.95852E+15,5.23904E+16
24824,3.17111E+18,3,3,51,4,2017,11,13,2,2,6,4,0,0,1,0,1,0,0,5.65157E+20,5.85121E+21,9.9666E+15,5.28067E+16
24825,3.17112E+18,3,2,41,1,2017,11,13,2,2,0,6,0,1,0,0,1,0,1,5.56346E+20,5.79998E+21,9.82719E+15,5.23473E+16
24826,3.17111E+18,3,3,59,2,2017,11,6,2,3,2,6,0,1,0,0,0,1,1,5.3029E+20,5.91789E+21,9.45566E+15,5.34092E+16
24827,3.17111E+18,3,3,59,6,2017,11,18,6,3,5,3,1,1,0,0,0,2,1,5.4063E+20,5.9189E+21,9.61133E+15,5.34176E+16
24828,3.17112E+18,3,2,41,1,2017,11,11,2,3,5,3,0,1,0,0,1,0,1,5.55199E+20,5.80391E+21,9.811E+15,5.23827E+16
24829,3.17112E+18,3,1,55,7,2017,11,16,2,3,2,6,0,1,0,0,0,2,1,5.76002E+20,5.72632E+21,1.00993E+16,5.16827E+16
24830,3.17112E+18,3,1,55,7,2017,11,8,2,3,3,2,1,1,0,0,0,0,1,5.75997E+20,5.72622E+21,1.00993E+16,5.16818E+16
24831,3.17113E+18,3,1,2,0,2017,11,11,2,3,2,6,0,1,0,0,0,0,0,5.93572E+20,5.77384E+21,1.03663E+16,5.21072E+16
24832,3.17113E+18,3,2,41,1,2017,11,7,2,3,6,2,0,1,1,0,0,2,0,5.5597E+20,5.79908E+21,9.82151E+15,5.23392E+16
24833,3.17112E+18,3,1,55,11,2017,11,11,2,2,6,4,0,1,1,0,0,0,1,5.68563E+20,5.72922E+21,9.99233E+15,5.17097E+16
24834,3.17113E+18,3,3,58,2,2017,11,16,2,3,6,4,0,1,1,0,0,2,1,5.66825E+20,5.88197E+21,9.99768E+15,5.3083E+16
24835,3.17111E+18,3,3,58,19,2017,11,15,6,2,2,6,0,1,0,0,1,0,1,5.46813E+20,5.88792E+21,9.6998E+15,5.31386E+16
24836,3.17113E+18,3,4,51,8,2017,11,13,2,3,2,6,0,1,0,0,1,0,1,4.4105E+20,5.90115E+21,8.11634E+15,5.32563E+16
24837,3.17111E+18,3,3,51,12,2017,11,9,2,3,2,6,0,1,0,0,0,0,0,5.65343E+20,5.83204E+21,9.96555E+15,5.26344E+16
24838,3.17113E+18,3,4,53,13,2017,11,18,2,3,5,3,0,1,0,0,0,2,1,4.10382E+20,5.88844E+21,7.66032E+15,5.31378E+16
24839,3.17111E+18,3,3,59,32,2017,11,8,2,2,4,6,0,1,0,0,0,0,1,5.40302E+20,5.93393E+21,9.60834E+15,5.35527E+16
24840,3.17111E+18,3,4,51,4,2017,11,5,2,3,2,2,0,1,0,0,0,2,1,4.25013E+20,5.88817E+21,7.87904E+15,5.31376E+16
24841,3.17111E+18,3,4,55,14,2017,11,7,2,2,5,3,0,1,0,0,1,1,1,4.37054E+20,5.92934E+21,8.05083E+15,5.35093E+16
24842,3.17111E+18,3,3,58,21,2017,11,8,6,3,5,3,1,1,0,0,0,0,0,5.56623E+20,5.87113E+21,9.84348E+15,5.29868E+16
24843,3.17111E+18,3,1,57,1,2017,11,8,3,3,0,1,0,0,0,1,0,0,2,5.85793E+20,5.80529E+21,1.02607E+16,5.23912E+16