OBJECTID,UIDENTSTLA,ULAND,UREGBEZ,UKREIS,UGEMEINDE,UJAHR,UMONAT,USTUNDE,UWOCHENTAG,UKATEGORIE,UART,UTYP1,IstRad,IstPKW,IstFuss,IstKrad,IstSonstig,LICHT,STRZUSTAND,LINREFX,LINREFY,XGCSWGS84,YGCSWGS84
25018,3.1712E+18,3,1,53,12,2017,12,11,6,3,5,3,0,1,0,0,0,0,0,5.81241E+20,5.7496E+21,1.01806E+16,5.18912E+16
25019,3.1712E+18,3,1,2,0,2017,12,17,6,3,2,6,0,1,0,0,1,2,1,5.88568E+20,5.77692E+21,1.02941E+16,5.21357E+16
25020,3.17113E+18,3,4,59,33,2017,11,17,5,3,2,6,0,1,0,0,0,2,0,4.332E+20,5.80008E+21,8.01935E+15,5.23469E+16
25021,3.17113E+18,3,4,4,0,2017,11,15,5,3,8,1,0,1,0,0,0,0,1,4.35683E+20,5.78862E+21,8.05798E+15,5.22442E+16
25022,3.17113E+18,3,4,4,0,2017,11,18,5,3,2,6,0,1,0,0,0,2,0,4.30048E+20,5.79142E+21,7.97488E+15,5.22687E+16
25023,3.17113E+18,3,4,59,8,2017,11,7,5,3,4,6,0,1,0,0,1,2,1,4.39813E+20,5.7982E+21,8.11676E+15,5.23308E+16
25024,3.17113E+18,3,4,59,3,2017,11,7,5,3,5,3,0,1,0,0,0,2,1,4.61192E+20,5.7964E+21,8.43067E+15,5.23165E+16
25025,3.17113E+18,3,4,59,14,2017,11,9,5,3,5,3,0,1,0,1,0,0,0,4.31523E+20,5.80675E+21,7.99337E+15,5.24066E+16
25026,3.17113E+18,3,4,4,0,2017,11,18,5,3,2,6,0,1,0,1,0,2,0,4.32273E+20,5.79105E+21,8.00755E+15,5.22657E+16
25027,3.17113E+18,3,4,52,11,2017,11,18,5,3,5,2,1,1,0,0,0,2,0,3.83112E+20,5.92123E+21,7.24078E+15,5.34272E+16
25028,3.17113E+18,3,4,57,21,2017,11,18,5,3,4,2,0,1,0,0,0,2,0,3.86074E+20,5.89347E+21,7.29531E+15,5.31784E+16
25029,3.17113E+18,3,4,54,44,2017,11,12,5,3,5,3,0,1,0,0,0,0,0,3.83967E+20,5.88082E+21,7.26837E+15,5.30643E+16
25030,3.17113E+18,3,4,54,41,2017,11,6,5,2,5,2,0,1,0,0,1,2,0,3.9216E+20,5.87792E+21,7.39156E+15,5.30399E+16
25031,3.17113E+18,3,4,54,41,2017,11,16,5,3,2,2,0,1,0,0,0,2,0,3.87812E+20,5.87643E+21,7.32725E+15,5.30256E+16
25032,3.17113E+18,3,4,54,41,2017,11,14,5,3,2,6,0,1,0,0,0,0,0,3.91073E+20,5.88327E+21,7.37354E+15,5.30877E+16
25033,3.17113E+18,3,4,62,3,2017,11,16,5,3,5,3,1,1,0,0,0,2,1,4.0814E+20,5.9458E+21,7.61012E+15,5.36529E+16
25034,3.17113E+18,3,4,52,14,2017,11,5,5,2,9,1,0,1,0,0,0,2,1,3.71317E+20,5.92768E+21,7.06073E+15,5.34824E+16
25035,3.17113E+18,3,4,52,23,2017,11,7,5,3,2,2,0,1,0,1,0,1,1,3.92812E+20,5.92675E+21,7.38482E+15,5.34788E+16
25036,3.17113E+18,3,4,52,1,2017,11,7,5,3,5,3,0,1,0,0,0,2,0,3.98564E+20,5.92574E+21,7.47178E+15,5.34709E+16
25037,3.17113E+18,3,4,53,13,2017,11,17,5,3,5,3,1,1,0,0,0,2,0,4.12633E+20,5.8851E+21,7.69486E+15,5.31081E+16
25038,3.17113E+18,3,3,56,7,2017,11,15,5,3,2,2,0,1,0,0,0,1,1,4.80647E+20,5.89933E+21,8.70999E+15,5.32429E+16
25039,3.17113E+18,3,3,61,9,2017,11,14,5,3,2,6,0,1,0,0,0,0,0,5.00865E+20,5.87886E+21,9.01291E+15,5.30592E+16
25040,3.17113E+18,3,3,61,5,2017,11,15,5,3,5,2,0,1,0,0,0,1,0,5.19596E+20,5.86529E+21,9.29157E+15,5.29369E+16
25041,3.17113E+18,3,4,3,0,2017,11,18,5,3,2,6,0,1,0,0,0,2,0,4.45906E+20,5.88785E+21,8.19138E+15,5.31373E+16
25042,3.17113E+18,3,4,51,1,2017,11,7,5,3,2,2,0,1,0,0,0,2,1,4.18916E+20,5.89297E+21,7.78671E+15,5.31799E+16
25043,3.17113E+18,3,4,51,2,2017,11,15,5,3,5,3,1,1,0,0,0,0,0,4.43705E+20,5.89103E+21,8.15792E+15,5.31656E+16
25044,3.17113E+18,3,4,3,0,2017,11,15,5,3,2,6,0,1,0,0,0,0,0,4.45107E+20,5.88826E+21,8.17936E+15,5.31409E+16
25045,3.17113E+18,3,2,51,47,2017,11,7,5,3,4,6,0,1,0,0,1,2,1,4.91672E+20,5.87314E+21,8.87589E+15,5.30077E+16
25046,3.17113E+18,3,2,51,30,2017,11,7,5,2,9,7,0,1,0,0,0,0,0,4.64782E+20,5.82064E+21,8.48078E+15,5.25347E+16
25047,3.17113E+18,3,4,1,0,2017,11,16,5,3,5,3,0,1,0,0,0,2,1,4.72796E+20,5.87712E+21,8.59424E+15,5.30429E+16
25048,3.17113E+18,3,3,52,22,2017,11,15,5,3,2,6,0,1,0,0,0,1,0,5.08334E+20,5.95061E+21,9.12625E+15,5.37041E+16
25049,3.17113E+18,3,3,52,29,2017,11,17,5,3,2,6,0,1,0,0,0,2,1,5.0568E+20,5.9412E+21,9.08586E+15,5.36196E+16
25050,3.17113E+18,3,3,52,11,2017,11,17,5,3,1,5,0,1,0,0,0,2,1,4.79692E+20,5.96737E+21,8.69126E+15,5.38544E+16
25051,3.17113E+18,3,3,59,38,2017,11,7,5,2,5,2,0,1,0,0,0,2,1,5.32726E+20,5.94131E+21,9.49476E+15,5.36195E+16
25052,3.17113E+18,3,3,58,22,2017,11,16,5,3,5,3,0,1,0,1,0,2,0,5.44524E+20,5.85698E+21,9.66133E+15,5.28607E+16
25053,3.17113E+18,3,3,58,19,2017,11,17,5,3,5,3,1,1,0,0,0,2,1,5.52851E+20,5.88536E+21,9.78963E+15,5.31151E+16
25054,3.17113E+18,3,3,58,21,2017,11,19,5,3,5,3,0,1,0,1,0,2,0,5.56155E+20,5.87134E+21,9.83654E+15,5.29887E+16
25055,3.17113E+18,3,3,57,17,2017,11,17,5,3,5,3,0,1,0,0,0,2,0,5.30948E+20,5.90445E+21,9.46425E+15,5.32884E+16
25056,3.17113E+18,3,3,57,21,2017,11,12,5,3,2,6,0,1,0,0,0,0,0,5.23439E+20,5.90743E+21,9.35183E+15,5.33155E+16
25057,3.17113E+18,3,3,57,51,2017,11,14,5,3,5,3,1,1,0,0,0,0,0,5.39074E+20,5.87037E+21,9.58199E+15,5.29815E+16
25058,3.17113E+18,3,3,57,1,2017,11,9,5,3,2,6,0,0,0,1,1,0,1,5.21289E+20,5.8769E+21,9.31752E+15,5.30412E+16
25059,3.17113E+18,3,2,41,7,2017,11,8,5,2,0,1,1,0,0,0,0,0,2,5.51591E+20,5.7961E+21,9.75679E+15,5.23128E+16
25060,3.17113E+18,3,2,41,2,2017,11,17,5,3,6,2,0,1,1,0,0,2,0,5.32066E+20,5.79467E+21,9.47026E+15,5.23014E+16
25061,3.17113E+18,3,2,41,4,2017,11,12,5,3,8,1,0,1,0,0,0,0,1,5.61198E+20,5.82674E+21,9.90331E+15,5.25872E+16
25062,3.17113E+18,3,2,41,1,2017,11,18,5,3,5,3,1,1,0,0,0,2,0,5.50711E+20,5.80217E+21,9.7448E+15,5.23674E+16
25063,3.17113E+18,3,2,41,9,2017,11,13,5,3,1,5,1,1,0,0,0,0,0,5.55745E+20,5.7953E+21,9.8176E+15,5.23052E+16
25064,3.17113E+18,3,2,41,1,2017,11,7,5,3,2,6,0,1,0,0,0,0,1,5.5218E+20,5.79948E+21,9.76596E+15,5.23431E+16
25065,3.17113E+18,3,1,59,19,2017,11,11,5,3,4,6,0,1,0,0,1,0,0,5.92067E+20,5.72111E+21,1.03303E+16,5.16334E+16
25066,3.17113E+18,3,1,59,26,2017,11,16,5,3,5,2,0,1,0,0,0,1,1,5.87192E+20,5.73155E+21,1.02625E+16,5.17281E+16
25067,3.17113E+18,3,1,59,16,2017,11,21,5,3,5,2,0,1,0,0,0,2,1,5.63564E+20,5.70976E+21,9.91646E+15,5.15354E+16
25068,3.17113E+18,3,1,59,16,2017,11,17,5,3,5,2,1,1,0,0,0,2,0,5.63976E+20,5.70967E+21,9.92238E+15,5.15345E+16
25069,3.17113E+18,3,1,59,16,2017,11,13,5,3,2,6,0,1,0,0,0,0,1,5.65093E+20,5.71212E+21,9.93894E+15,5.15564E+16
25070,3.17113E+18,3,1,3,0,2017,11,17,5,3,5,2,0,1,0,0,0,2,0,6.1657E+20,5.81085E+21,1.07148E+16,5.24354E+16
25071,3.17113E+18,3,1,58,39,2017,11,15,5,2,5,3,0,1,0,0,0,0,0,6.02996E+20,5.76444E+21,1.0501E+16,5.2021E+16
25072,3.17113E+18,3,1,58,37,2017,11,19,5,3,4,2,0,1,0,0,0,2,0,6.02248E+20,5.77726E+21,1.0494E+16,5.21363E+16
25073,3.17113E+18,3,1,3,0,2017,11,22,5,3,2,6,0,1,0,0,0,2,0,6.17334E+20,5.80354E+21,1.07234E+16,5.23695E+16
25074,3.17113E+18,3,1,1,0,2017,11,7,5,3,0,2,1,0,0,0,1,1,2,5.98678E+20,5.79079E+21,1.04458E+16,5.22586E+16
25075,3.17113E+18,3,4,4,0,2017,11,12,4,3,2,6,0,1,0,0,0,0,0,4.31857E+20,5.79079E+21,8.00152E+15,5.22632E+16
25076,3.17113E+18,3,4,57,22,2017,11,17,4,2,6,2,0,1,1,0,0,2,1,3.97089E+20,5.88721E+21,7.46206E+15,5.31244E+16
25077,3.17113E+18,3,4,57,18,2017,11,18,4,3,4,6,0,1,0,0,1,2,0,4.01342E+20,5.89102E+21,7.52442E+15,5.31594E+16
25078,3.17113E+18,3,4,56,1,2017,11,5,4,3,9,1,0,1,0,0,0,2,2,3.67513E+20,5.79097E+21,7.05906E+15,5.22532E+16
25079,3.17113E+18,3,4,56,18,2017,11,6,4,3,0,1,0,1,0,0,0,2,2,3.76303E+20,5.79963E+21,7.18459E+15,5.2333E+16
25080,3.17113E+18,3,4,62,11,2017,11,7,4,3,8,1,0,0,0,0,1,2,1,4.00472E+20,5.9355E+21,7.49743E+15,5.3559E+16
25081,3.17113E+18,3,4,52,7,2017,11,7,4,2,4,6,1,0,0,0,0,2,1,3.90173E+20,5.93734E+21,7.34137E+15,5.35734E+16
25082,3.17113E+18,3,4,60,2,2017,11,17,4,3,5,3,0,1,0,0,0,2,0,4.44701E+20,5.81948E+21,8.18496E+15,5.25226E+16
25083,3.17113E+18,3,4,60,6,2017,11,9,4,1,4,6,0,1,0,0,0,0,1,4.46283E+20,5.84048E+21,8.20486E+15,5.27115E+16
25084,3.17113E+18,3,4,53,10,2017,11,19,4,2,2,2,0,1,0,0,0,2,1,4.19427E+20,5.85627E+21,7.80352E+15,5.28501E+16
25085,3.17113E+18,3,4,53,5,2017,11,11,4,3,2,6,0,1,0,0,0,0,0,4.48109E+20,5.85152E+21,8.23013E+15,5.28109E+16
25086,3.17113E+18,3,4,55,26,2017,11,17,4,1,5,3,0,1,0,0,0,1,1,4.4186E+20,5.91365E+21,8.12619E+15,5.33687E+16
25087,3.17113E+18,3,3,61,1,2017,11,14,4,3,5,3,0,1,0,0,1,0,0,5.02114E+20,5.87415E+21,9.03152E+15,5.30169E+16
25088,3.17113E+18,3,3,61,1,2017,11,8,4,3,5,3,1,1,0,0,0,0,0,5.02511E+20,5.87348E+21,9.03743E+15,5.30109E+16
25089,3.17113E+18,3,3,61,12,2017,11,23,4,3,9,1,0,1,0,0,0,2,1,5.12809E+20,5.86704E+21,9.19065E+15,5.29528E+16
25090,3.17113E+18,3,4,51,4,2017,11,15,4,3,6,4,0,1,1,0,0,1,0,4.3654E+20,5.88636E+21,8.05169E+15,5.31229E+16
25091,3.17113E+18,3,4,3,0,2017,11,16,4,3,2,6,0,1,0,0,0,0,0,4.45632E+20,5.8884E+21,8.18719E+15,5.31422E+16
25092,3.17113E+18,3,2,51,23,2017,11,7,4,3,4,2,0,1,0,0,1,2,0,4.57625E+20,5.81259E+21,8.3763E+15,5.24618E+16
25093,3.17113E+18,3,4,58,14,2017,11,1,4,2,5,3,0,0,0,0,1,2,1,4.56207E+20,5.86181E+21,8.34889E+15,5.29042E+16
25094,3.17113E+18,3,4,61,3,2017,11,17,4,3,1,5,0,1,0,1,0,2,1,4.62073E+20,5.93317E+21,8.42761E+15,5.35461E+16
25095,3.17113E+18,3,4,58,5,2017,11,18,4,3,1,5,0,1,0,0,0,2,1,4.7347E+20,5.88049E+21,8.60401E+15,5.30733E+16
25096,3.17113E+18,3,4,58,15,2017,11,6,4,3,3,6,0,1,0,0,0,2,0,4.6527E+20,5.86113E+21,8.4837E+15,5.28987E+16
25097,3.17113E+18,3,4,1,0,2017,11,8,4,3,5,3,0,1,0,0,0,0,0,4.75414E+20,5.87814E+21,8.63321E+15,5.30522E+16
25098,3.17113E+18,3,3,52,11,2017,11,18,4,3,4,1,0,1,0,1,0,2,1,4.76042E+20,5.96851E+21,8.63569E+15,5.38645E+16
25099,3.17113E+18,3,3,52,11,2017,11,13,4,3,2,6,0,1,0,0,0,0,1,4.77946E+20,5.9637E+21,8.66499E+15,5.38214E+16
25100,3.17113E+18,3,3,53,31,2017,11,17,4,3,5,2,0,1,0,0,0,2,0,5.65126E+20,5.91782E+21,9.97965E+15,5.34054E+16
25101,3.17113E+18,3,3,53,40,2017,11,18,4,2,5,2,0,1,0,0,1,2,0,5.77733E+20,5.90755E+21,1.01667E+16,5.33115E+16
25102,3.17113E+18,3,3,53,41,2017,11,7,4,2,6,4,0,1,1,0,0,1,1,5.45474E+20,5.9026E+21,9.68188E+15,5.32707E+16
25103,3.17113E+18,3,1,59,16,2017,11,16,3,3,5,3,0,1,0,0,1,1,1,5.69492E+20,5.71196E+21,1.00024E+16,5.15544E+16
25104,3.17113E+18,3,1,57,9,2017,11,15,3,3,5,3,0,1,0,0,1,2,0,5.81604E+20,5.79174E+21,1.01959E+16,5.22699E+16
25105,3.17113E+18,3,1,58,37,2017,11,11,3,3,2,6,0,1,0,0,0,0,0,6.05993E+20,5.78054E+21,1.05497E+16,5.21652E+16
25106,3.17113E+18,3,3,59,6,2017,11,6,4,3,2,6,0,1,0,0,0,2,1,5.4063E+20,5.9189E+21,9.61134E+15,5.34176E+16
25107,3.17113E+18,3,3,58,18,2017,11,16,4,3,5,3,0,1,0,0,0,1,0,5.25536E+20,5.8484E+21,9.37864E+15,5.27848E+16
25108,3.17113E+18,3,3,57,7,2017,11,6,4,3,8,6,0,1,0,0,0,2,1,5.0457E+20,5.9053E+21,9.06857E+15,5.32969E+16
25109,3.17113E+18,3,3,51,6,2017,11,7,4,3,3,2,1,1,0,0,0,1,0,5.74844E+20,5.83244E+21,1.0106E+16,5.26367E+16
25110,3.17113E+18,3,2,41,1,2017,11,8,4,3,5,2,1,1,0,0,0,0,0,5.49761E+20,5.80396E+21,9.73111E+15,5.23836E+16
25111,3.17113E+18,3,2,41,1,2017,11,18,4,3,5,3,1,1,0,0,0,2,0,5.53341E+20,5.79739E+21,9.78267E+15,5.23243E+16
25112,3.17113E+18,3,2,41,20,2017,11,13,4,2,5,3,0,1,0,0,0,0,0,5.39267E+20,5.79124E+21,9.57546E+15,5.22701E+16
25113,3.17113E+18,3,1,55,12,2017,11,21,4,3,8,1,0,1,0,0,0,2,1,5.45378E+20,5.71867E+21,9.65543E+15,5.16172E+16
25114,3.17113E+18,3,2,52,6,2017,11,15,4,3,0,2,1,1,0,0,0,0,0,5.24358E+20,5.77314E+21,9.35567E+15,5.21083E+16
25115,3.17113E+18,3,2,52,6,2017,11,8,4,3,5,3,1,1,0,0,0,0,0,5.2462E+20,5.77238E+21,9.35944E+15,5.21014E+16
25116,3.17113E+18,3,1,58,30,2017,11,10,4,3,5,3,0,1,0,0,0,0,0,6.12286E+20,5.7869E+21,1.06438E+16,5.22211E+16
25117,3.17113E+18,3,1,51,20,2017,11,7,4,3,2,6,0,1,0,0,0,1,0,6.13563E+20,5.8148E+21,1.06719E+16,5.24716E+16
25118,3.17113E+18,3,1,1,0,2017,11,7,4,3,0,1,1,0,0,0,0,1,2,6.01047E+20,5.79214E+21,1.04809E+16,5.22703E+16
25119,3.17113E+18,3,4,59,33,2017,11,11,3,2,2,6,0,0,0,0,1,0,0,4.33216E+20,5.79949E+21,8.0197E+15,5.23416E+16
25120,3.17113E+18,3,4,59,3,2017,11,6,3,3,5,3,1,1,0,0,0,2,1,4.58961E+20,5.79498E+21,8.39812E+15,5.23036E+16
25121,3.17113E+18,3,4,4,0,2017,11,19,3,1,9,1,0,1,0,0,0,2,1,4.38763E+20,5.78936E+21,8.10295E+15,5.22512E+16
25122,3.17113E+18,3,4,4,0,2017,11,18,3,3,2,6,0,1,0,0,0,2,1,4.34724E+20,5.79284E+21,8.04312E+15,5.22821E+16
25123,3.17113E+18,3,4,57,6,2017,11,19,3,3,7,7,0,1,0,0,1,2,1,4.08962E+20,5.89699E+21,7.63666E+15,5.32145E+16
25124,3.17113E+18,3,4,57,24,2017,11,10,3,3,5,7,0,1,0,0,0,0,1,3.82454E+20,5.88817E+21,7.24311E+15,5.313E+16
25125,3.17113E+18,3,4,54,8,2017,11,8,3,3,5,3,0,1,0,0,0,2,1,3.86376E+20,5.8712E+21,7.3077E+15,5.29783E+16
25126,3.17113E+18,3,4,56,27,2017,11,19,3,3,7,1,0,1,0,0,0,2,1,3.81124E+20,5.80045E+21,7.25501E+15,5.23415E+16
25127,3.17113E+18,3,4,54,32,2017,11,8,3,3,5,2,1,1,0,0,0,1,1,3.85745E+20,5.81976E+21,7.31621E+15,5.2516E+16
25128,3.17113E+18,3,4,60,2,2017,11,8,3,3,4,2,1,0,0,0,0,1,1,4.44766E+20,5.82017E+21,8.1858E+15,5.25289E+16
25129,3.17113E+18,3,4,5,0,2017,11,18,3,3,4,2,0,1,0,0,0,2,1,4.40243E+20,5.93146E+21,8.09851E+15,5.35287E+16
25130,3.17113E+18,3,3,56,7,2017,11,14,3,3,5,3,1,0,0,0,1,0,0,4.85966E+20,5.89757E+21,8.78978E+15,5.32272E+16
25131,3.17113E+18,3,4,3,0,2017,11,7,3,3,5,3,1,1,0,0,0,2,1,4.43306E+20,5.88831E+21,8.15243E+15,5.31412E+16
25132,3.17113E+18,3,2,51,47,2017,11,8,3,3,5,3,1,1,0,0,0,1,1,4.87678E+20,5.87136E+21,8.81643E+15,5.29917E+16
25133,3.17113E+18,3,4,58,9,2017,11,16,3,3,2,6,0,1,0,0,1,2,1,4.5659E+20,5.87934E+21,8.35222E+15,5.30618E+16
25134,3.17113E+18,3,4,61,5,2017,11,4,3,2,9,1,0,1,0,0,0,2,1,4.4867E+20,5.90881E+21,8.22932E+15,5.3326E+16
25135,3.17113E+18,3,4,58,14,2017,11,21,3,3,9,1,0,1,0,0,0,2,1,4.61288E+20,5.85685E+21,8.42501E+15,5.286E+16
25136,3.17113E+18,3,3,52,59,2017,11,17,3,3,1,5,0,1,0,1,0,2,1,4.85767E+20,5.91745E+21,8.7859E+15,5.34059E+16
25137,3.17113E+18,3,3,53,5,2017,11,10,3,3,2,2,0,1,0,0,1,0,1,5.5406E+20,5.90882E+21,9.81167E+15,5.33258E+16
25138,3.17113E+18,3,3,59,26,2017,11,9,3,3,1,7,1,1,0,0,0,0,0,5.3794E+20,5.93797E+21,9.57317E+15,5.35892E+16
25139,3.17113E+18,3,3,59,28,2017,11,7,3,3,5,2,0,1,0,0,0,2,0,5.48123E+20,5.9304E+21,9.72584E+15,5.35203E+16
25140,3.17113E+18,3,3,58,22,2017,11,16,3,3,5,3,1,1,0,0,0,1,0,5.40871E+20,5.85751E+21,9.60713E+15,5.28658E+16
25141,3.17113E+18,3,3,58,22,2017,11,13,3,3,2,6,0,1,0,0,0,0,1,5.40013E+20,5.85325E+21,9.59387E+15,5.28276E+16
25142,3.17113E+18,3,3,57,34,2017,11,15,3,3,5,3,0,1,0,0,0,0,0,5.3414E+20,5.90674E+21,9.51238E+15,5.33087E+16
25143,3.17113E+18,3,3,57,57,2017,11,8,3,3,5,3,1,1,0,0,0,1,1,5.18936E+20,5.90395E+21,9.28404E+15,5.32844E+16
25144,3.17113E+18,3,3,57,43,2017,11,17,3,2,6,4,0,0,1,0,1,2,1,5.14239E+20,5.91378E+21,9.21402E+15,5.33729E+16
25145,3.17113E+18,3,3,57,45,2017,11,13,3,3,2,2,0,1,0,0,1,0,0,5.15341E+20,5.88488E+21,9.22919E+15,5.31131E+16
25146,3.17113E+18,3,3,60,30,2017,11,12,3,3,9,7,0,1,0,0,0,0,0,6.14412E+20,5.86137E+21,1.07006E+16,5.28898E+16
25147,3.17113E+18,3,2,41,1,2017,11,17,3,3,2,6,0,1,0,0,0,2,1,5.47494E+20,5.80322E+21,9.6977E+15,5.23772E+16
25148,3.17113E+18,3,1,59,26,2017,11,18,3,3,2,6,0,1,0,0,0,1,0,5.8416E+20,5.73138E+21,1.02185E+16,5.1727E+16
25149,3.17113E+18,3,2,41,1,2017,11,5,3,3,0,2,0,0,0,1,1,2,1,5.58675E+20,5.80239E+21,9.86179E+15,5.23686E+16
25150,3.17121E+18,3,4,53,3,2017,12,1,7,3,8,1,0,1,0,0,0,2,2,4.40184E+20,5.85168E+21,8.11253E+15,5.28116E+16
25151,3.17121E+18,3,4,55,14,2017,12,17,7,2,6,4,0,1,1,0,0,2,2,4.34734E+20,5.92835E+21,8.01607E+15,5.35E+16
25152,3.17121E+18,3,3,56,5,2017,12,10,7,3,5,3,0,1,0,0,0,0,1,4.95021E+20,5.89038E+21,8.92553E+15,5.31628E+16
25153,3.17121E+18,3,3,61,6,2017,12,9,7,3,2,6,0,1,0,0,0,0,1,5.12352E+20,5.86971E+21,9.18396E+15,5.29769E+16
25154,3.17121E+18,3,2,51,41,2017,12,14,7,2,6,4,0,1,1,0,0,0,1,4.88244E+20,5.86224E+21,8.82519E+15,5.29097E+16
25155,3.17121E+18,3,4,58,9,2017,12,9,7,2,3,6,0,1,0,0,0,0,1,4.48675E+20,5.87954E+21,8.2341E+15,5.30629E+16
25156,3.17121E+18,3,4,53,5,2017,12,8,7,3,9,6,0,1,0,0,0,0,2,4.49168E+20,5.85801E+21,8.24483E+15,5.28694E+16
25157,3.17121E+18,3,4,61,7,2017,12,5,7,3,5,3,0,1,0,0,0,2,1,4.65706E+20,5.92742E+21,8.48306E+15,5.34946E+16
25158,3.17121E+18,3,3,52,60,2017,12,8,7,3,8,1,0,1,0,0,0,0,2,4.77787E+20,5.91738E+21,8.66587E+15,5.3405E+16
25159,3.17121E+18,3,3,52,61,2017,12,14,7,3,8,1,0,1,0,0,0,0,2,4.78321E+20,5.95561E+21,8.67125E+15,5.37486E+16
25160,3.17121E+18,3,3,52,11,2017,12,15,7,1,0,1,0,1,1,0,0,0,2,4.81142E+20,5.96395E+21,8.71352E+15,5.38237E+16
25161,3.17121E+18,3,3,52,61,2017,12,8,7,3,8,1,0,1,0,0,0,0,2,4.78634E+20,5.95603E+21,8.67596E+15,5.37524E+16
25162,3.17121E+18,3,3,52,36,2017,12,8,7,3,8,1,0,1,0,0,0,0,2,5.01707E+20,5.9441E+21,9.02583E+15,5.36457E+16
25163,3.17121E+18,3,3,53,26,2017,12,11,7,3,9,7,0,0,0,0,1,0,1,5.52162E+20,5.92574E+21,9.78597E+15,5.34781E+16
25164,3.17121E+18,3,3,53,5,2017,12,16,7,2,4,1,0,1,0,0,0,0,2,5.53317E+20,5.90643E+21,9.80012E+15,5.33044E+16
25165,3.17121E+18,3,3,59,10,2017,12,14,7,3,2,6,0,1,0,0,0,0,1,5.46359E+20,5.92513E+21,9.69845E+15,5.34731E+16
25166,3.17121E+18,3,3,59,25,2017,12,11,7,2,9,1,0,1,0,0,0,0,1,5.19626E+20,5.94447E+21,9.29691E+15,5.36486E+16
25167,3.17121E+18,3,3,58,2,2017,12,10,7,3,8,6,0,1,0,0,1,0,2,5.67457E+20,5.88861E+21,1.00085E+16,5.31426E+16
25168,3.17121E+18,3,3,58,2,2017,12,8,7,3,4,1,0,1,0,0,0,0,2,5.66798E+20,5.87748E+21,9.99634E+15,5.30427E+16
25169,3.17121E+18,3,3,58,2,2017,12,10,7,3,8,1,0,1,0,0,0,0,2,5.70866E+20,5.88064E+21,1.00577E+16,5.30705E+16
25170,3.17121E+18,3,3,57,39,2017,12,16,7,3,2,2,1,1,0,0,0,2,2,5.26554E+20,5.88383E+21,9.39662E+15,5.31033E+16
25171,3.17121E+18,3,3,51,18,2017,12,17,7,3,8,1,0,0,0,0,1,2,0,5.74797E+20,5.82507E+21,1.01036E+16,5.25706E+16
25172,3.17121E+18,3,2,41,1,2017,12,18,7,3,2,6,0,1,0,0,0,2,1,5.49269E+20,5.80328E+21,9.72379E+15,5.23775E+16
25173,3.17121E+18,3,2,41,1,2017,12,19,7,3,5,2,1,1,0,0,0,2,1,5.55707E+20,5.80699E+21,9.81898E+15,5.24103E+16
25174,3.17121E+18,3,2,41,20,2017,12,4,7,3,1,1,0,1,0,0,1,2,2,5.43013E+20,5.78766E+21,9.62989E+15,5.22376E+16
25175,3.17121E+18,3,2,41,20,2017,12,4,7,3,9,1,0,0,0,0,1,2,2,5.43072E+20,5.78774E+21,9.63077E+15,5.22384E+16
25176,3.17121E+18,3,2,41,12,2017,12,5,7,3,8,1,0,1,0,0,0,2,1,5.33552E+20,5.81513E+21,9.4941E+15,5.24853E+16
25177,3.17121E+18,3,2,41,1,2017,12,16,7,3,2,6,0,1,0,0,0,2,1,5.55182E+20,5.7985E+21,9.80986E+15,5.2334E+16
25178,3.17121E+18,3,2,41,1,2017,12,12,7,2,5,3,1,1,0,0,0,0,0,5.56633E+20,5.8043E+21,9.83214E+15,5.2386E+16
25179,3.17121E+18,3,2,41,5,2017,12,3,7,2,8,1,0,1,0,0,0,2,2,5.35541E+20,5.81328E+21,9.52319E+15,5.24685E+16
25180,3.17121E+18,3,1,59,39,2017,12,12,7,2,9,1,0,1,0,0,0,0,1,5.82124E+20,5.7213E+21,1.01867E+16,5.16367E+16
25181,3.17121E+18,3,2,56,25,2017,12,21,7,3,5,3,0,1,0,0,0,2,1,5.12826E+20,5.81008E+21,9.18869E+15,5.24407E+16
25182,3.17121E+18,3,2,57,31,2017,12,11,7,3,5,3,1,1,0,0,0,0,1,5.0558E+20,5.78258E+21,9.08164E+15,5.21937E+16
25183,3.17121E+18,3,2,54,28,2017,12,18,7,3,5,3,1,1,0,0,0,2,1,5.5899E+20,5.78739E+21,9.86379E+15,5.22338E+16
25184,3.17121E+18,3,2,54,32,2017,12,9,7,3,5,2,0,1,0,0,1,0,1,5.80341E+20,5.78443E+21,1.01757E+16,5.22045E+16
25185,3.17121E+18,3,1,53,12,2017,12,4,7,3,3,6,0,1,0,0,1,2,1,5.77473E+20,5.7457E+21,1.01249E+16,5.18567E+16
25186,3.17121E+18,3,2,52,3,2017,12,17,7,3,5,3,1,1,0,0,0,2,1,5.18725E+20,5.75829E+21,9.2726E+15,5.1975E+16
25187,3.17121E+18,3,1,59,17,2017,12,8,7,3,2,6,0,1,0,0,1,0,1,5.53216E+20,5.69421E+21,9.76493E+15,5.13966E+16
25188,3.17121E+18,3,1,57,7,2017,12,19,7,3,4,2,0,1,0,0,0,2,1,5.91388E+20,5.79053E+21,1.03389E+16,5.22576E+16
25189,3.17121E+18,3,1,57,6,2017,12,18,7,3,5,3,0,1,0,0,0,2,1,5.84059E+20,5.79846E+21,1.02336E+16,5.233E+16
25190,3.17121E+18,3,1,2,0,2017,12,4,7,2,9,1,0,0,0,0,1,2,2,5.99711E+20,5.7792E+21,1.04575E+16,5.21543E+16