OBJECTID,UIDENTSTLA,ULAND,UREGBEZ,UKREIS,UGEMEINDE,UJAHR,UMONAT,USTUNDE,UWOCHENTAG,UKATEGORIE,UART,UTYP1,IstRad,IstPKW,IstFuss,IstKrad,IstSonstig,LICHT,STRZUSTAND,LINREFX,LINREFY,XGCSWGS84,YGCSWGS84
25191,3.17121E+18,3,4,59,19,2017,12,6,6,3,2,1,0,1,0,0,1,2,2,4.39286E+20,5.78557E+21,8.11129E+15,5.22173E+16
25192,3.17121E+18,3,4,59,8,2017,12,7,6,1,6,4,0,1,1,0,0,2,1,4.40603E+20,5.79555E+21,8.1288E+15,5.2307E+16
25193,3.17121E+18,3,4,59,24,2017,12,6,6,3,2,2,0,1,0,0,1,1,1,4.55048E+20,5.78211E+21,8.34245E+15,5.21876E+16
25194,3.17121E+18,3,4,59,22,2017,12,17,6,1,6,6,0,1,1,0,0,2,1,4.39223E+20,5.77662E+21,8.11197E+15,5.21368E+16
25195,3.17121E+18,3,4,59,14,2017,12,21,6,3,1,5,0,1,0,0,0,2,2,4.33621E+20,5.81115E+21,8.02334E+15,5.24465E+16
25196,3.17121E+18,3,4,59,14,2017,12,11,6,3,5,3,1,1,0,0,0,0,1,4.31988E+20,5.80677E+21,8.0002E+15,5.2407E+16
25197,3.17121E+18,3,4,4,0,2017,12,14,6,3,3,2,1,1,0,0,0,0,1,4.35484E+20,5.79088E+21,8.05463E+15,5.22645E+16
25198,3.17121E+18,3,4,4,0,2017,12,7,6,3,3,6,0,1,0,0,0,2,1,4.31788E+20,5.79449E+21,7.99975E+15,5.22965E+16
25199,3.17121E+18,3,4,57,20,2017,12,12,6,3,8,1,0,1,0,0,0,0,1,4.19243E+20,5.90313E+21,7.78902E+15,5.32712E+16
25200,3.17121E+18,3,4,56,7,2017,12,16,6,3,8,1,0,1,0,0,0,1,1,3.59706E+20,5.82371E+21,6.93105E+15,5.25453E+16
25201,3.17121E+18,3,4,56,7,2017,12,16,6,2,2,2,0,1,0,0,1,0,1,3.59851E+20,5.8234E+21,6.93332E+15,5.25426E+16
25202,3.17121E+18,3,4,54,35,2017,12,18,6,2,8,1,0,0,0,0,1,2,1,3.88592E+20,5.84098E+21,7.351E+15,5.27072E+16
25203,3.17121E+18,3,4,54,32,2017,12,8,6,3,5,3,0,0,0,0,1,0,0,3.87868E+20,5.81985E+21,7.34745E+15,5.25172E+16
25204,3.17121E+18,3,4,52,7,2017,12,23,6,3,5,3,0,1,0,0,0,2,1,3.90772E+20,5.93955E+21,7.34963E+15,5.35934E+16
25205,3.17121E+18,3,4,52,1,2017,12,17,6,2,9,1,0,1,0,0,0,2,1,4.0601E+20,5.9296E+21,7.58278E+15,5.35069E+16
25206,3.17121E+18,3,4,53,1,2017,12,7,6,3,2,6,0,1,0,0,0,1,1,4.20304E+20,5.88752E+21,7.80883E+15,5.31311E+16
25207,3.17121E+18,3,4,55,20,2017,12,17,6,3,4,6,0,1,0,0,1,2,1,4.28371E+20,5.93891E+21,7.91774E+15,5.35941E+16
25208,3.17121E+18,3,3,56,9,2017,12,16,6,3,8,1,0,1,0,0,0,1,1,4.71199E+20,5.89806E+21,8.56853E+15,5.3231E+16
25209,3.17121E+18,3,3,61,13,2017,12,16,6,1,4,6,0,1,0,0,1,0,1,5.03614E+20,5.87077E+21,9.05383E+15,5.29865E+16
25210,3.17121E+18,3,4,3,0,2017,12,7,6,3,2,6,0,1,0,0,0,2,1,4.46067E+20,5.88925E+21,8.19356E+15,5.31499E+16
25211,3.17121E+18,3,2,51,42,2017,12,7,6,3,0,1,1,0,0,0,0,2,1,4.74896E+20,5.85038E+21,8.62762E+15,5.28026E+16
25212,3.17121E+18,3,4,60,6,2017,12,16,6,3,2,6,0,1,0,0,0,2,1,4.43199E+20,5.83397E+21,8.16033E+15,5.26527E+16
25213,3.17121E+18,3,4,53,5,2017,12,14,6,3,2,1,0,1,0,0,1,0,1,4.47003E+20,5.85295E+21,8.2135E+15,5.28237E+16
25214,3.17121E+18,3,3,52,62,2017,12,7,6,3,5,2,0,1,0,0,0,2,1,4.78443E+20,5.9476E+21,8.67365E+15,5.36767E+16
25215,3.17121E+18,3,3,52,62,2017,12,18,6,3,8,1,0,0,0,0,1,2,1,4.87356E+20,5.94165E+21,8.80884E+15,5.36235E+16
25216,3.17121E+18,3,3,56,9,2017,12,14,6,3,9,1,0,1,0,0,0,0,2,4.7613E+20,5.89769E+21,8.64244E+15,5.3228E+16
25217,3.17121E+18,3,3,52,62,2017,12,7,6,3,8,1,0,1,0,0,0,2,1,4.76761E+20,5.94238E+21,8.64859E+15,5.36297E+16
25218,3.17121E+18,3,3,52,22,2017,12,10,6,3,6,1,0,1,1,0,0,0,1,5.09981E+20,5.94946E+21,9.15117E+15,5.36938E+16
25219,3.17121E+18,3,3,52,11,2017,12,17,6,3,6,4,0,1,1,0,0,2,1,4.80282E+20,5.96848E+21,8.70016E+15,5.38644E+16
25220,3.17121E+18,3,3,53,26,2017,12,15,6,3,2,6,0,1,0,0,0,0,1,5.52165E+20,5.92366E+21,9.78567E+15,5.34594E+16
25221,3.17121E+18,3,3,53,9,2017,12,14,6,2,8,1,0,1,0,0,0,0,1,5.72541E+20,5.88922E+21,1.00846E+16,5.31474E+16
25222,3.17121E+18,3,3,59,1,2017,12,12,6,3,9,1,0,1,0,0,0,0,1,5.35684E+20,5.93382E+21,9.53862E+15,5.35521E+16
25223,3.17121E+18,3,3,58,8,2017,12,9,6,3,2,6,0,1,0,0,0,0,1,5.46708E+20,5.85633E+21,9.69367E+15,5.28547E+16
25224,3.17121E+18,3,3,58,2,2017,12,7,6,3,5,2,0,1,0,0,0,1,1,5.70039E+20,5.88413E+21,1.00461E+16,5.3102E+16
25225,3.17121E+18,3,3,57,44,2017,12,11,6,3,4,6,0,1,0,0,0,0,1,5.32988E+20,5.90356E+21,9.49476E+15,5.32803E+16
25226,3.17121E+18,3,3,60,5,2017,12,5,6,3,9,7,0,1,0,0,0,2,1,6.13237E+20,5.85776E+21,1.06819E+16,5.28576E+16
25227,3.17121E+18,3,3,54,26,2017,12,18,6,3,1,6,0,1,0,0,0,2,1,6.42597E+20,5.86767E+21,1.1122E+16,5.29397E+16
25228,3.17121E+18,3,3,51,6,2017,12,17,6,3,5,3,0,1,0,0,1,2,1,5.71553E+20,5.83457E+21,1.00578E+16,5.26564E+16
25229,3.17121E+18,3,3,51,6,2017,12,14,6,3,2,1,0,1,0,0,0,0,1,5.7244E+20,5.83069E+21,1.00701E+16,5.26214E+16
25230,3.17121E+18,3,2,41,11,2017,12,16,6,2,4,7,0,1,0,0,0,2,2,5.63625E+20,5.80248E+21,9.93451E+15,5.23689E+16
25231,3.17121E+18,3,2,41,1,2017,12,19,6,3,2,6,0,1,0,0,1,2,1,5.5654E+20,5.80834E+21,9.83145E+15,5.24224E+16
25232,3.17121E+18,3,2,41,1,2017,12,17,6,3,2,6,0,0,0,0,1,2,1,5.57525E+20,5.80737E+21,9.84577E+15,5.24135E+16
25233,3.17121E+18,3,2,41,1,2017,12,16,6,3,5,3,0,1,0,0,0,2,1,5.45022E+20,5.80317E+21,9.66139E+15,5.2377E+16
25234,3.17121E+18,3,2,41,1,2017,12,8,6,3,2,6,0,1,0,0,0,0,0,5.49817E+20,5.80837E+21,9.7326E+15,5.24233E+16
25235,3.17121E+18,3,2,41,11,2017,12,11,6,3,2,6,0,0,0,0,1,0,0,5.63208E+20,5.80525E+21,9.92891E+15,5.23939E+16
25236,3.17121E+18,3,2,41,1,2017,12,7,6,3,5,2,1,1,0,0,0,2,0,5.49173E+20,5.80339E+21,9.7224E+15,5.23785E+16
25237,3.17121E+18,3,2,41,1,2017,12,7,6,3,2,6,0,1,0,0,1,2,1,5.50588E+20,5.80883E+21,9.744E+15,5.24273E+16
25238,3.17121E+18,3,1,55,12,2017,12,15,6,3,4,2,0,1,0,0,0,0,1,5.43926E+20,5.72351E+21,9.63506E+15,5.16609E+16
25239,3.17121E+18,3,1,55,11,2017,12,12,6,3,8,1,0,1,0,0,0,0,1,5.65846E+20,5.73208E+21,9.95355E+15,5.17358E+16
25240,3.17121E+18,3,2,56,25,2017,12,17,6,2,6,7,0,0,1,0,1,2,1,5.15433E+20,5.81617E+21,9.22732E+15,5.24954E+16
25241,3.17121E+18,3,2,57,35,2017,12,23,6,3,8,1,0,1,0,0,0,2,1,5.10257E+20,5.79702E+21,9.1505E+15,5.23234E+16
25242,3.17121E+18,3,2,57,31,2017,12,11,6,3,5,3,1,1,0,0,0,0,1,5.06122E+20,5.77986E+21,9.08951E+15,5.21692E+16
25243,3.17121E+18,3,2,57,26,2017,12,14,6,3,4,2,0,1,0,0,0,0,1,5.0974E+20,5.79292E+21,9.1428E+15,5.22865E+16
25244,3.17121E+18,3,2,57,2,2017,12,9,6,3,9,1,0,1,0,0,0,0,1,5.22284E+20,5.79274E+21,9.32667E+15,5.22846E+16
25245,3.17121E+18,3,2,56,22,2017,12,14,6,3,2,6,0,1,0,0,1,0,1,5.17393E+20,5.82862E+21,9.25685E+15,5.26073E+16
25246,3.17121E+18,3,2,56,22,2017,12,11,6,3,2,6,0,1,0,0,0,0,1,5.15413E+20,5.83298E+21,9.22781E+15,5.26465E+16
25247,3.17121E+18,3,2,54,43,2017,12,5,6,3,8,1,0,1,0,0,0,2,1,5.56811E+20,5.76875E+21,9.82877E+15,5.20664E+16
25248,3.17121E+18,3,2,54,5,2017,12,17,6,2,4,1,0,1,0,0,0,2,1,5.70532E+20,5.77281E+21,1.00297E+16,5.21013E+16
25249,3.17121E+18,3,2,52,6,2017,12,8,6,3,5,2,1,1,0,0,0,0,1,5.24384E+20,5.7723E+21,9.35599E+15,5.21008E+16
25250,3.17121E+18,3,1,59,30,2017,12,17,6,3,2,6,0,0,0,0,1,2,1,5.87501E+20,5.71549E+21,1.02629E+16,5.15837E+16
25251,3.17121E+18,3,1,55,11,2017,12,15,6,3,2,6,0,1,0,0,1,0,1,5.69729E+20,5.73381E+21,1.00101E+16,5.17509E+16
25252,3.17121E+18,3,1,59,1,2017,12,16,6,2,4,1,0,1,0,0,1,1,1,5.52941E+20,5.71545E+21,9.76417E+15,5.15876E+16
25253,3.17121E+18,3,1,59,1,2017,12,16,6,3,5,3,0,1,0,0,0,2,1,5.52901E+20,5.71537E+21,9.76357E+15,5.15869E+16
25254,3.17121E+18,3,1,54,13,2017,12,17,6,2,4,6,0,1,0,0,0,2,1,6.28952E+20,5.79188E+21,1.08895E+16,5.22622E+16
25255,3.17121E+18,3,1,3,0,2017,12,15,6,1,4,6,0,1,0,0,1,1,1,6.14416E+20,5.81105E+21,1.06832E+16,5.24377E+16
25256,3.17121E+18,3,1,2,0,2017,12,7,6,3,2,6,0,1,0,0,0,1,1,5.92737E+20,5.77423E+21,1.03542E+16,5.21108E+16
25257,3.17121E+18,3,1,57,8,2017,12,17,6,2,4,2,0,1,0,1,0,2,1,5.94576E+20,5.80284E+21,1.03891E+16,5.23677E+16
25258,3.17121E+18,3,1,2,0,2017,12,9,6,2,5,3,0,1,0,0,0,0,1,5.87888E+20,5.77678E+21,1.02841E+16,5.21346E+16
25259,3.17121E+18,3,1,53,504,2017,12,15,6,3,4,1,0,1,0,0,1,0,2,5.87747E+20,5.74058E+21,1.02728E+16,5.18092E+16
25260,3.17121E+18,3,1,1,0,2017,12,21,6,3,9,1,0,1,0,0,0,2,2,6.02008E+20,5.79365E+21,1.04954E+16,5.22837E+16
25261,3.17121E+18,3,4,59,15,2017,12,7,5,3,5,2,0,1,0,0,1,2,0,4.43878E+20,5.77454E+21,8.18032E+15,5.21185E+16
25262,3.17121E+18,3,4,59,19,2017,12,7,5,3,2,6,0,1,0,0,0,1,0,4.3631E+20,5.78354E+21,8.06811E+15,5.21987E+16
25263,3.17121E+18,3,4,59,3,2017,12,17,5,3,3,2,0,1,0,0,0,2,1,4.56613E+20,5.79703E+21,8.36342E+15,5.23218E+16
25264,3.17121E+18,3,4,59,14,2017,12,14,5,3,5,3,1,1,0,0,0,0,0,4.33621E+20,5.81115E+21,8.02334E+15,5.24465E+16
25265,3.17121E+18,3,4,4,0,2017,12,18,5,3,5,3,1,1,0,0,0,2,1,4.37662E+20,5.79168E+21,8.0864E+15,5.22719E+16
25266,3.17121E+18,3,4,4,0,2017,12,11,5,2,2,6,0,1,0,0,0,0,0,4.33834E+20,5.7951E+21,8.02963E+15,5.23023E+16
25267,3.17121E+18,3,4,4,0,2017,12,9,5,3,5,2,1,0,0,0,1,0,0,4.35192E+20,5.79111E+21,8.05032E+15,5.22666E+16
25268,3.17121E+18,3,4,57,20,2017,12,22,5,3,3,6,0,1,0,0,0,2,0,4.24229E+20,5.90495E+21,7.86334E+15,5.32884E+16
25269,3.17121E+18,3,4,54,14,2017,12,17,5,2,5,3,1,1,0,0,0,2,1,3.80321E+20,5.82836E+21,7.23322E+15,5.25921E+16
25270,3.17121E+18,3,4,54,35,2017,12,7,5,3,1,6,0,1,0,0,0,1,1,3.88992E+20,5.84095E+21,7.35693E+15,5.27071E+16
25271,3.17121E+18,3,4,54,32,2017,12,16,5,3,0,2,0,1,0,1,0,1,1,3.87845E+20,5.82225E+21,7.34631E+15,5.25387E+16
25272,3.17121E+18,3,4,54,31,2017,12,14,5,3,8,6,0,1,0,0,1,0,1,4.01743E+20,5.82571E+21,7.55013E+15,5.25725E+16
25273,3.17121E+18,3,4,52,14,2017,12,10,5,3,0,6,0,1,0,0,1,0,0,3.79548E+20,5.92733E+21,7.18483E+15,5.34812E+16
25274,3.17121E+18,3,4,53,7,2017,12,17,5,2,6,4,0,1,1,0,0,2,1,4.16777E+20,5.87053E+21,7.76052E+15,5.29779E+16
25275,3.17121E+18,3,4,53,13,2017,12,8,5,3,2,2,0,1,0,0,1,0,0,4.14713E+20,5.87568E+21,7.72842E+15,5.30239E+16
25276,3.17121E+18,3,4,60,9,2017,12,5,5,3,4,6,1,0,0,0,0,2,1,4.49969E+20,5.84891E+21,8.25812E+15,5.27877E+16
25277,3.17121E+18,3,4,60,6,2017,12,7,5,3,2,2,0,1,0,0,0,1,0,4.47771E+20,5.83623E+21,8.22756E+15,5.26735E+16
25278,3.17121E+18,3,4,53,11,2017,12,7,5,3,5,3,1,1,0,0,0,1,0,4.15812E+20,5.84343E+21,7.75315E+15,5.27342E+16
25279,3.17121E+18,3,4,53,4,2017,12,15,5,3,9,7,0,1,0,0,0,0,1,4.33939E+20,5.85965E+21,8.01828E+15,5.28825E+16
25280,3.17121E+18,3,4,55,15,2017,12,16,5,2,5,3,1,1,0,0,0,2,1,4.32059E+20,5.93227E+21,7.97489E+15,5.35349E+16
25281,3.17121E+18,3,4,51,7,2017,12,7,5,3,5,2,1,1,0,0,0,1,0,4.27902E+20,5.90169E+21,7.91917E+15,5.32596E+16
25282,3.17121E+18,3,4,51,5,2017,12,17,5,3,2,2,0,1,0,0,1,2,1,4.45709E+20,5.89999E+21,8.18637E+15,5.32464E+16
25283,3.17121E+18,3,4,51,5,2017,12,10,5,3,4,2,0,1,0,1,0,0,0,4.46682E+20,5.89886E+21,8.20114E+15,5.32363E+16
25284,3.17121E+18,3,4,51,4,2017,12,19,5,3,5,7,0,1,0,0,0,2,1,4.29746E+20,5.88585E+21,7.95029E+15,5.31174E+16
25285,3.17121E+18,3,4,51,4,2017,12,16,5,3,5,3,1,1,0,0,0,2,1,4.32198E+20,5.8875E+21,7.98657E+15,5.31326E+16
25286,3.17121E+18,3,4,3,0,2017,12,7,5,2,5,2,1,0,0,0,1,2,0,4.47042E+20,5.8847E+21,8.20888E+15,5.31091E+16
25287,3.17121E+18,3,2,51,37,2017,12,14,5,3,2,6,0,1,0,0,0,0,0,4.86837E+20,5.87506E+21,8.80374E+15,5.30249E+16
25288,3.17121E+18,3,2,51,47,2017,12,18,5,3,2,6,0,1,0,0,0,2,1,4.87693E+20,5.87097E+21,8.81667E+15,5.29881E+16
25289,3.17121E+18,3,2,51,47,2017,12,11,5,2,5,3,1,1,0,0,0,0,0,4.85695E+20,5.8707E+21,8.78692E+15,5.29857E+16
25290,3.17121E+18,3,2,51,28,2017,12,12,5,3,4,6,0,1,0,0,1,0,0,4.83151E+20,5.84837E+21,8.75018E+15,5.27848E+16
25291,3.17121E+18,3,2,51,41,2017,12,18,5,3,5,3,1,1,0,0,0,2,1,4.88179E+20,5.86427E+21,8.82415E+15,5.29279E+16
25292,3.17121E+18,3,2,51,4,2017,12,8,5,3,3,2,0,1,0,0,1,0,0,4.86433E+20,5.82924E+21,8.79963E+15,5.2613E+16
25293,3.17121E+18,3,4,53,5,2017,12,19,5,3,8,1,0,1,0,0,0,2,1,4.47472E+20,5.85769E+21,8.21969E+15,5.28663E+16
25294,3.17121E+18,3,4,58,9,2017,12,17,5,2,2,6,0,1,0,0,0,2,1,4.48754E+20,5.87965E+21,8.23525E+15,5.30639E+16
25295,3.17121E+18,3,4,61,1,2017,12,7,5,2,8,1,0,1,0,0,0,1,0,4.62637E+20,5.88949E+21,8.44128E+15,5.31534E+16
25296,3.17121E+18,3,4,58,5,2017,12,17,5,3,6,2,0,1,1,0,0,2,1,4.68534E+20,5.87577E+21,8.53079E+15,5.30306E+16
25297,3.17121E+18,3,4,58,13,2017,12,6,5,3,5,3,1,1,0,0,0,2,0,4.45965E+20,5.87324E+21,8.19472E+15,5.3006E+16
25298,3.17121E+18,3,3,52,20,2017,12,18,5,3,2,2,0,1,0,0,0,2,1,5.15716E+20,5.94362E+21,9.23772E+15,5.36411E+16
25299,3.17121E+18,3,3,53,4,2017,12,16,5,3,0,7,1,0,0,0,0,2,1,5.69826E+20,5.90636E+21,1.00478E+16,5.33018E+16
25300,3.17121E+18,3,3,59,38,2017,12,13,5,3,2,6,0,1,0,0,0,0,0,5.30343E+20,5.9376E+21,9.45837E+15,5.35864E+16
25301,3.17121E+18,3,3,58,21,2017,12,10,5,2,0,6,0,1,0,0,1,0,0,5.63811E+20,5.8775E+21,9.9518E+15,5.30432E+16
25302,3.17121E+18,3,3,58,22,2017,12,11,5,3,2,2,0,1,0,0,0,0,0,5.39228E+20,5.85682E+21,9.58265E+15,5.28597E+16
25303,3.17121E+18,3,3,58,19,2017,12,17,5,3,5,3,1,1,0,0,0,2,1,5.5279E+20,5.88546E+21,9.78873E+15,5.3116E+16
25304,3.17121E+18,3,3,58,19,2017,12,16,5,1,6,4,0,0,1,0,1,2,1,5.53772E+20,5.88492E+21,9.80332E+15,5.3111E+16
25305,3.17121E+18,3,3,58,19,2017,12,14,5,2,5,3,0,1,0,0,0,0,1,5.53811E+20,5.88945E+21,9.80465E+15,5.31517E+16
25306,3.17121E+18,3,3,57,18,2017,12,18,5,3,2,2,0,1,0,0,1,2,1,5.19309E+20,5.89489E+21,9.28908E+15,5.3203E+16
25307,3.17121E+18,3,3,57,27,2017,12,9,5,2,1,7,0,1,0,0,1,0,0,4.97932E+20,5.92744E+21,8.96882E+15,5.34959E+16
25308,3.17121E+18,3,3,55,2,2017,12,18,5,2,6,4,0,1,1,0,0,2,1,5.81417E+20,5.8874E+21,1.02169E+16,5.31298E+16
25309,3.17121E+18,3,3,51,6,2017,12,7,5,3,5,2,1,1,0,0,0,0,0,5.72263E+20,5.83065E+21,1.00675E+16,5.26211E+16
25310,3.17121E+18,3,2,41,15,2017,12,16,5,3,5,3,1,1,0,0,0,2,0,5.40735E+20,5.8051E+21,9.59865E+15,5.23946E+16
25311,3.17121E+18,3,2,41,5,2017,12,10,5,3,4,2,0,1,0,0,0,0,0,5.39119E+20,5.8078E+21,9.57521E+15,5.2419E+16
25312,3.17121E+18,3,2,41,10,2017,12,16,5,3,0,3,1,0,0,0,1,2,1,5.49888E+20,5.81008E+21,9.73389E+15,5.24386E+16
25313,3.17121E+18,3,2,41,1,2017,12,20,5,2,6,2,0,1,1,0,0,2,1,5.4993E+20,5.80714E+21,9.73408E+15,5.24122E+16
25314,3.17121E+18,3,2,41,1,2017,12,17,5,3,2,6,0,1,0,0,0,2,0,5.55022E+20,5.7987E+21,9.80754E+15,5.23359E+16
25315,3.17121E+18,3,2,41,15,2017,12,15,5,2,5,2,0,1,0,1,0,0,0,5.44009E+20,5.8055E+21,9.64681E+15,5.2398E+16
25316,3.17121E+18,3,2,41,1,2017,12,14,5,2,5,2,1,1,0,0,0,0,0,5.44916E+20,5.80092E+21,9.65953E+15,5.23567E+16
25317,3.17121E+18,3,2,54,17,2017,12,17,5,3,2,6,0,1,0,0,0,2,0,5.62318E+20,5.78444E+21,9.91198E+15,5.22069E+16
25318,3.17121E+18,3,2,54,21,2017,12,21,5,3,5,3,0,1,0,0,1,2,1,5.65359E+20,5.77485E+21,9.95462E+15,5.21203E+16
25319,3.17121E+18,3,2,52,4,2017,12,10,5,3,2,2,0,1,0,0,0,0,0,5.38839E+20,5.77351E+21,9.56715E+15,5.21108E+16
25320,3.17121E+18,3,2,52,6,2017,12,15,5,3,2,6,0,1,0,0,0,1,0,5.23202E+20,5.77445E+21,9.33889E+15,5.21201E+16
25321,3.17121E+18,3,1,3,0,2017,12,20,5,2,5,3,0,1,0,0,0,2,1,6.1657E+20,5.81085E+21,1.07148E+16,5.24354E+16
25322,3.17121E+18,3,1,57,1,2017,12,12,5,3,5,3,0,1,0,0,0,0,0,5.83802E+20,5.80478E+21,1.02314E+16,5.23869E+16
25323,3.17121E+18,3,1,57,6,2017,12,7,5,3,2,6,0,1,0,1,0,0,0,5.82816E+20,5.79606E+21,1.02147E+16,5.23086E+16
25324,3.17121E+18,3,1,1,0,2017,12,16,5,3,5,3,0,1,0,0,1,2,0,6.00462E+20,5.79809E+21,1.04741E+16,5.2324E+16
25325,3.17121E+18,3,4,59,10,2017,12,20,4,3,5,2,0,1,0,0,0,2,0,4.27665E+20,5.82346E+21,7.93304E+15,5.25564E+16
25326,3.17121E+18,3,4,59,7,2017,12,16,4,3,2,6,0,1,0,0,0,1,0,4.30611E+20,5.8348E+21,7.9741E+15,5.26587E+16
25327,3.17121E+18,3,4,4,0,2017,12,17,4,3,2,6,0,1,0,0,1,2,0,4.35984E+20,5.78941E+21,8.06223E+15,5.22514E+16
25328,3.17121E+18,3,4,54,44,2017,12,17,4,3,5,3,0,1,0,0,0,2,0,3.83159E+20,5.88079E+21,7.25632E+15,5.30638E+16
25329,3.17121E+18,3,4,56,15,2017,12,12,4,3,2,2,0,1,0,0,1,0,0,3.70364E+20,5.81189E+21,7.09273E+15,5.24418E+16
25330,3.17121E+18,3,4,52,12,2017,12,19,4,2,9,1,0,0,0,0,1,2,0,3.91262E+20,5.91384E+21,7.36594E+15,5.33625E+16
25331,3.17121E+18,3,3,61,6,2017,12,1,4,2,8,1,0,1,0,0,0,2,0,5.08887E+20,5.8741E+21,9.13247E+15,5.30164E+16
25332,3.17121E+18,3,4,3,0,2017,12,17,4,3,2,6,0,1,0,0,0,1,0,4.45873E+20,5.88845E+21,8.19078E+15,5.31427E+16
25333,3.17121E+18,3,2,51,5,2017,12,16,4,3,2,6,0,1,0,0,0,2,0,4.65248E+20,5.83876E+21,8.48575E+15,5.26977E+16
25334,3.17121E+18,3,2,51,22,2017,12,12,4,2,8,1,0,1,0,0,0,0,0,4.57688E+20,5.82041E+21,8.37623E+15,5.25321E+16
25335,3.17121E+18,3,4,1,0,2017,12,16,4,3,5,3,1,1,0,0,0,1,0,4.75599E+20,5.87748E+21,8.63602E+15,5.30463E+16
25336,3.17121E+18,3,3,52,32,2017,12,8,4,2,9,6,0,1,0,0,1,0,0,4.80348E+20,5.92548E+21,8.70389E+15,5.34779E+16
25337,3.17121E+18,3,3,52,56,2017,12,10,4,2,5,3,1,1,0,0,0,0,1,5.00865E+20,5.95466E+21,9.01311E+15,5.37406E+16
25338,3.17121E+18,3,3,53,38,2017,12,9,4,1,9,7,0,1,0,0,0,0,1,5.54541E+20,5.89643E+21,9.81676E+15,5.32144E+16
25339,3.17121E+18,3,3,59,10,2017,12,18,4,3,5,2,1,1,0,0,0,2,0,5.45294E+20,5.92466E+21,9.68233E+15,5.3469E+16
25340,3.17121E+18,3,3,57,37,2017,12,18,4,3,4,6,0,1,0,0,1,2,1,5.13962E+20,5.88987E+21,9.20881E+15,5.3158E+16
25341,3.17121E+18,3,3,57,41,2017,12,8,4,3,8,1,0,1,0,0,0,0,0,5.34765E+20,5.88713E+21,9.51962E+15,5.31324E+16
25342,3.17121E+18,3,3,53,19,2017,12,6,4,3,3,6,0,1,0,0,1,2,0,5.48664E+20,5.91305E+21,9.73131E+15,5.33644E+16
25343,3.17121E+18,3,3,60,25,2017,12,7,4,2,8,7,0,1,0,0,0,2,0,6.06441E+20,5.86768E+21,1.05842E+16,5.29482E+16
25344,3.17121E+18,3,3,54,8,2017,12,16,4,3,5,3,0,1,0,0,0,2,0,6.47049E+20,5.88381E+21,1.11955E+16,5.30835E+16
25345,3.17121E+18,3,3,55,26,2017,12,7,4,3,8,7,1,0,0,0,0,2,0,6.07948E+20,5.90299E+21,1.06185E+16,5.32652E+16
25346,3.17121E+18,3,3,51,7,2017,12,17,4,3,2,6,1,1,0,0,0,2,0,5.80526E+20,5.82251E+21,1.01875E+16,5.25467E+16
25347,3.17121E+18,3,3,51,17,2017,12,14,4,3,4,1,0,1,0,0,0,0,0,5.87113E+20,5.82366E+21,1.02849E+16,5.2556E+16
25348,3.17121E+18,3,3,51,6,2017,12,7,4,3,5,3,0,1,0,0,0,0,0,5.74559E+20,5.83133E+21,1.01015E+16,5.26268E+16
25349,3.17121E+18,3,2,41,1,2017,12,17,4,3,2,6,0,1,0,0,0,2,1,5.50768E+20,5.80211E+21,9.74563E+15,5.23669E+16
25350,3.17121E+18,3,2,41,7,2017,12,17,4,3,4,6,0,1,0,1,0,2,0,5.49677E+20,5.79666E+21,9.72879E+15,5.2318E+16
25351,3.17121E+18,3,2,41,12,2017,12,16,4,3,5,3,0,1,0,0,0,1,0,5.30994E+20,5.81516E+21,9.45643E+15,5.24857E+16
25352,3.17121E+18,3,2,41,19,2017,12,20,4,3,8,7,0,1,0,0,0,2,0,5.4657E+20,5.82288E+21,9.68687E+15,5.2554E+16
25353,3.17121E+18,3,2,41,16,2017,12,17,4,3,5,3,1,1,0,0,0,2,0,5.65707E+20,5.79627E+21,9.96388E+15,5.23129E+16
25354,3.17121E+18,3,2,41,16,2017,12,8,4,3,5,3,1,1,0,0,0,0,0,5.65709E+20,5.79653E+21,9.96394E+15,5.23152E+16
25355,3.17121E+18,3,2,41,9,2017,12,12,4,2,5,2,0,1,0,1,0,0,0,5.53689E+20,5.79679E+21,9.78767E+15,5.23188E+16
25356,3.17121E+18,3,2,41,11,2017,12,8,4,3,2,6,0,1,0,0,0,0,0,5.72702E+20,5.80263E+21,1.00678E+16,5.23691E+16
25357,3.17121E+18,3,1,55,12,2017,12,10,4,3,4,2,0,1,0,0,0,0,0,5.44082E+20,5.7235E+21,9.63731E+15,5.16607E+16
25358,3.17121E+18,3,2,54,14,2017,12,7,4,3,5,2,0,1,0,0,0,2,0,5.51514E+20,5.77659E+21,9.75269E+15,5.21374E+16
25359,3.17121E+18,3,2,52,6,2017,12,17,4,2,6,4,0,1,1,0,0,2,0,5.2473E+20,5.77257E+21,9.36107E+15,5.21031E+16
25360,3.17121E+18,3,1,59,16,2017,12,15,4,2,6,4,0,1,1,0,0,1,0,5.64953E+20,5.70908E+21,9.93635E+15,5.15291E+16
25361,3.17121E+18,3,4,59,24,2017,12,11,3,3,4,6,0,1,0,0,0,0,0,4.53333E+20,5.78539E+21,8.31691E+15,5.2217E+16
25362,3.17121E+18,3,4,59,19,2017,12,6,3,3,2,6,0,1,0,0,0,2,1,4.36363E+20,5.7864E+21,8.06835E+15,5.22244E+16
25363,3.17121E+18,3,4,59,29,2017,12,19,3,3,7,7,0,1,0,0,0,2,0,4.45753E+20,5.80121E+21,8.20343E+15,5.23585E+16