OBJECTID,UIDENTSTLA,ULAND,UREGBEZ,UKREIS,UGEMEINDE,UJAHR,UMONAT,USTUNDE,UWOCHENTAG,UKATEGORIE,UART,UTYP1,IstRad,IstPKW,IstFuss,IstKrad,IstSonstig,LICHT,STRZUSTAND,LINREFX,LINREFY,XGCSWGS84,YGCSWGS84
25538,3.17122E+18,3,1,59,16,2017,12,6,6,2,6,2,0,1,1,0,0,2,1,5.64274E+20,5.7095E+21,9.92664E+15,5.15329E+16
25539,3.17122E+18,3,1,59,7,2017,12,0,6,3,4,6,0,1,0,0,0,2,1,5.60706E+20,5.71455E+21,9.87609E+15,5.15788E+16
25540,3.17122E+18,3,1,54,28,2017,12,14,6,3,2,6,0,1,0,0,0,0,1,6.35788E+20,5.78833E+21,1.09882E+16,5.22286E+16
25541,3.17122E+18,3,1,2,0,2017,12,7,6,3,2,2,0,1,0,0,0,2,1,5.94487E+20,5.76821E+21,1.03781E+16,5.20565E+16
25542,3.17122E+18,3,1,57,6,2017,12,2,6,3,4,1,0,1,0,0,0,2,2,5.86903E+20,5.79935E+21,1.02755E+16,5.23376E+16
25543,3.17122E+18,3,1,53,7,2017,12,2,6,3,8,6,0,1,0,0,1,2,2,5.89732E+20,5.756E+21,1.03056E+16,5.19474E+16
25544,3.17122E+18,3,1,1,0,2017,12,7,6,3,4,1,0,1,0,0,0,2,1,6.03768E+20,5.79987E+21,1.05231E+16,5.23393E+16
25545,3.17121E+18,3,4,59,19,2017,12,15,5,3,3,6,0,1,0,0,0,2,2,4.36219E+20,5.78237E+21,8.06701E+15,5.21881E+16
25546,3.17121E+18,3,4,59,29,2017,12,16,5,2,5,3,0,1,0,0,0,2,1,4.44871E+20,5.80358E+21,8.19008E+15,5.23797E+16
25547,3.17121E+18,3,4,4,0,2017,12,11,5,3,5,3,1,1,0,0,0,0,1,4.3157E+20,5.79142E+21,7.99718E+15,5.22689E+16
25548,3.17121E+18,3,4,4,0,2017,12,8,5,3,6,4,0,1,1,0,0,2,1,4.35022E+20,5.79257E+21,8.04754E+15,5.22796E+16
25549,3.17121E+18,3,4,57,13,2017,12,8,5,3,2,6,0,1,0,0,0,0,1,3.93774E+20,5.89976E+21,7.40837E+15,5.32365E+16
25550,3.17121E+18,3,4,54,35,2017,12,17,5,3,2,1,0,1,0,0,0,2,1,3.8522E+20,5.83744E+21,7.30235E+15,5.26747E+16
25551,3.17121E+18,3,4,54,35,2017,12,7,5,3,8,1,0,1,0,0,0,2,1,3.87348E+20,5.83807E+21,7.33359E+15,5.26808E+16
25552,3.17121E+18,3,4,60,5,2017,12,16,5,3,0,2,0,1,0,0,0,2,1,4.39245E+20,5.82783E+21,8.10301E+15,5.25971E+16
25553,3.17121E+18,3,4,60,8,2017,12,9,5,3,2,2,0,1,0,0,1,0,1,4.46062E+20,5.82695E+21,8.2038E+15,5.25899E+16
25554,3.17121E+18,3,4,60,1,2017,12,14,5,3,3,6,0,0,0,1,1,0,1,4.45212E+20,5.84349E+21,8.1885E+15,5.27385E+16
25555,3.17121E+18,3,4,53,4,2017,12,14,5,2,8,1,0,1,0,0,0,0,1,4.32373E+20,5.85609E+21,7.99576E+15,5.28503E+16
25556,3.17121E+18,3,4,55,14,2017,12,9,5,3,3,2,1,0,0,0,1,0,2,4.34517E+20,5.92855E+21,8.01274E+15,5.35018E+16
25557,3.17121E+18,3,4,5,0,2017,12,6,5,3,5,2,0,1,0,0,0,2,1,4.39891E+20,5.93147E+21,8.0932E+15,5.35287E+16
25558,3.17121E+18,3,3,56,2,2017,12,17,5,3,5,2,0,1,0,0,0,2,1,4.98738E+20,5.89306E+21,8.98111E+15,5.31869E+16
25559,3.17121E+18,3,3,61,2,2017,12,7,5,3,3,6,0,1,0,0,0,1,1,5.09197E+20,5.86732E+21,9.13691E+15,5.29554E+16
25560,3.17121E+18,3,4,51,5,2017,12,16,5,3,5,3,1,1,0,0,0,2,0,4.48464E+20,5.89627E+21,8.22826E+15,5.32132E+16
25561,3.17121E+18,3,4,51,5,2017,12,11,5,3,5,3,1,1,0,0,0,0,0,4.46629E+20,5.89896E+21,8.20033E+15,5.32372E+16
25562,3.17121E+18,3,2,51,47,2017,12,9,5,3,5,2,1,1,0,0,0,0,1,4.87879E+20,5.87099E+21,8.81943E+15,5.29883E+16
25563,3.17121E+18,3,2,51,41,2017,12,12,5,1,4,6,0,1,0,0,1,0,1,4.90038E+20,5.85967E+21,8.85195E+15,5.28866E+16
25564,3.17121E+18,3,4,60,1,2017,12,14,5,2,2,6,0,1,0,0,1,0,0,4.4501E+20,5.84581E+21,8.18511E+15,5.27593E+16
25565,3.17121E+18,3,4,61,1,2017,12,16,5,3,5,2,0,1,0,0,0,0,1,4.7037E+20,5.89176E+21,8.5567E+15,5.31744E+16
25566,3.17121E+18,3,4,61,8,2017,12,14,5,2,9,1,0,1,0,0,0,0,1,4.61264E+20,5.91077E+21,8.41816E+15,5.33447E+16
25567,3.17121E+18,3,4,58,9,2017,12,9,5,3,8,7,0,1,0,0,0,0,1,4.54566E+20,5.87598E+21,8.3225E+15,5.30314E+16
25568,3.17121E+18,3,4,58,8,2017,12,17,5,2,4,6,0,1,0,0,0,2,0,4.72437E+20,5.86231E+21,8.59014E+15,5.29098E+16
25569,3.17121E+18,3,3,52,62,2017,12,5,5,3,3,2,0,1,0,0,0,2,1,4.82336E+20,5.94102E+21,8.73296E+15,5.36176E+16
25570,3.17121E+18,3,3,52,63,2017,12,8,5,3,5,3,1,1,0,0,0,0,1,5.04031E+20,5.95787E+21,9.06115E+15,5.37694E+16
25571,3.17121E+18,3,3,52,22,2017,12,20,5,3,6,1,0,0,1,0,1,2,1,5.09601E+20,5.94977E+21,9.14542E+15,5.36965E+16
25572,3.17121E+18,3,3,52,11,2017,12,7,5,3,5,3,0,1,0,0,0,0,1,4.79171E+20,5.96795E+21,8.6833E+15,5.38596E+16
25573,3.17121E+18,3,3,53,36,2017,12,2,5,3,9,1,0,0,0,0,1,2,2,5.62862E+20,5.897E+21,9.94147E+15,5.32185E+16
25574,3.17121E+18,3,3,59,27,2017,12,9,5,3,9,7,0,1,0,0,0,0,1,5.3644E+20,5.92851E+21,9.54941E+15,5.35042E+16
25575,3.17121E+18,3,3,58,21,2017,12,17,5,3,2,6,0,1,0,0,0,2,1,5.53794E+20,5.86888E+21,9.80097E+15,5.29668E+16
25576,3.17121E+18,3,3,54,18,2017,12,9,5,2,4,6,0,1,0,0,1,0,0,6.46284E+20,5.86657E+21,1.11763E+16,5.29288E+16
25577,3.17121E+18,3,3,55,33,2017,12,17,5,3,1,5,0,1,0,0,0,2,0,6.0102E+20,5.90352E+21,1.05148E+16,5.32713E+16
25578,3.17121E+18,3,3,55,5,2017,12,8,5,3,5,3,0,1,0,0,1,1,1,6.01095E+20,5.89895E+21,1.05145E+16,5.32302E+16
25579,3.17121E+18,3,3,55,16,2017,12,23,5,3,8,7,0,1,0,0,0,2,1,5.90002E+20,5.8941E+21,1.0347E+16,5.31886E+16
25580,3.17121E+18,3,3,55,22,2017,12,16,5,3,2,6,0,1,0,0,1,2,1,5.95688E+20,5.90305E+21,1.04348E+16,5.3268E+16
25581,3.17121E+18,3,3,51,12,2017,12,8,5,3,4,2,0,1,0,0,0,0,1,5.63694E+20,5.83197E+21,9.94116E+15,5.26339E+16
25582,3.17121E+18,3,3,51,16,2017,12,23,5,3,9,1,0,1,0,0,0,2,2,5.84591E+20,5.83094E+21,1.02496E+16,5.26218E+16
25583,3.17121E+18,3,3,51,6,2017,12,16,5,3,4,6,0,1,0,0,1,2,1,5.78572E+20,5.839E+21,1.01626E+16,5.26952E+16
25584,3.17121E+18,3,3,51,6,2017,12,16,5,3,5,3,1,1,0,0,0,1,1,5.75191E+20,5.82827E+21,1.01102E+16,5.25992E+16
25585,3.17121E+18,3,2,41,1,2017,12,14,5,3,2,6,0,1,0,0,0,0,1,5.44499E+20,5.80666E+21,9.65416E+15,5.24083E+16
25586,3.17121E+18,3,2,41,15,2017,12,21,5,3,1,5,0,1,0,0,1,2,0,5.40412E+20,5.80332E+21,9.59369E+15,5.23786E+16
25587,3.17121E+18,3,2,41,20,2017,12,18,5,3,6,4,0,1,1,0,0,2,1,5.39213E+20,5.79247E+21,9.57481E+15,5.22812E+16
25588,3.17121E+18,3,2,41,4,2017,12,16,5,2,5,2,0,1,0,0,0,1,1,5.56769E+20,5.81586E+21,9.83609E+15,5.24899E+16
25589,3.17121E+18,3,2,41,4,2017,12,16,5,3,2,6,0,1,0,0,0,2,1,5.57199E+20,5.81604E+21,9.84245E+15,5.24915E+16
25590,3.17121E+18,3,2,41,1,2017,12,18,5,3,2,6,0,1,0,0,0,2,1,5.4407E+20,5.80719E+21,9.64793E+15,5.24132E+16
25591,3.17121E+18,3,2,41,11,2017,12,19,5,2,5,2,0,1,0,0,0,2,1,5.75876E+20,5.79866E+21,1.01136E+16,5.2333E+16
25592,3.17121E+18,3,2,41,9,2017,12,17,5,3,2,6,0,1,0,0,0,2,1,5.58895E+20,5.79562E+21,9.86385E+15,5.23078E+16
25593,3.17121E+18,3,2,41,4,2017,12,15,5,3,8,7,0,0,0,0,1,0,1,5.5472E+20,5.82074E+21,9.80672E+15,5.2534E+16
25594,3.17121E+18,3,2,41,14,2017,12,11,5,2,8,1,0,1,0,0,0,0,1,5.43833E+20,5.79738E+21,9.64317E+15,5.2325E+16
25595,3.17121E+18,3,2,41,1,2017,12,8,5,2,2,6,0,1,0,0,1,1,1,5.52962E+20,5.79837E+21,9.77726E+15,5.23331E+16
25596,3.17121E+18,3,1,59,36,2017,12,7,5,2,5,3,0,1,0,0,0,2,1,6.12004E+20,5.7166E+21,1.06168E+16,5.15893E+16
25597,3.17121E+18,3,2,57,10,2017,12,21,5,3,8,1,0,1,0,0,0,2,2,5.25471E+20,5.80934E+21,9.37466E+15,5.24336E+16
25598,3.17121E+18,3,2,57,31,2017,12,15,5,3,5,2,0,1,0,0,0,1,1,5.06052E+20,5.78287E+21,9.08855E+15,5.21963E+16
25599,3.17121E+18,3,2,54,43,2017,12,11,5,3,4,6,0,1,0,0,1,0,1,5.53889E+20,5.77194E+21,9.78666E+15,5.20954E+16
25600,3.17121E+18,3,2,54,17,2017,12,22,5,3,2,6,0,1,0,0,1,2,1,5.65218E+20,5.78283E+21,9.9541E+15,5.2192E+16
25601,3.17121E+18,3,2,55,31,2017,12,8,5,3,4,1,0,1,0,0,0,2,2,5.26708E+20,5.75598E+21,9.38864E+15,5.19538E+16
25602,3.17121E+18,3,1,59,15,2017,12,20,5,3,9,1,0,1,0,0,0,2,2,5.74156E+20,5.70857E+21,1.00689E+16,5.15234E+16
25603,3.17121E+18,3,1,54,28,2017,12,7,5,3,0,7,0,1,0,0,0,2,1,6.38115E+20,5.78119E+21,1.10193E+16,5.21639E+16
25604,3.17121E+18,3,1,54,9,2017,12,22,5,2,4,6,0,1,0,0,0,2,2,6.30776E+20,5.80361E+21,1.09208E+16,5.23671E+16
25605,3.17121E+18,3,1,54,502,2017,12,7,5,3,5,3,0,1,0,0,0,1,1,6.31086E+20,5.79424E+21,1.09217E+16,5.22829E+16
25606,3.17121E+18,3,1,58,30,2017,12,6,5,3,5,3,0,1,0,0,0,2,1,6.10296E+20,5.7848E+21,1.0614E+16,5.22026E+16
25607,3.17121E+18,3,1,2,0,2017,12,21,5,3,8,1,0,1,0,0,0,2,2,5.95588E+20,5.7733E+21,1.03956E+16,5.2102E+16
25608,3.17121E+18,3,1,2,0,2017,12,11,5,3,8,1,0,1,0,0,0,0,1,5.94036E+20,5.77106E+21,1.03723E+16,5.20822E+16
25609,3.17121E+18,3,1,2,0,2017,12,7,5,3,5,2,0,1,0,0,1,2,1,5.98356E+20,5.78069E+21,1.04381E+16,5.21679E+16
25610,3.17121E+18,3,1,53,12,2017,12,14,5,3,4,1,0,1,0,0,1,0,1,5.82592E+20,5.75293E+21,1.0201E+16,5.1921E+16
25611,3.17121E+18,3,1,53,12,2017,12,9,5,3,8,1,0,1,0,0,0,0,2,5.81121E+20,5.74434E+21,1.01776E+16,5.1844E+16
25612,3.17121E+18,3,1,53,2,2017,12,14,5,3,5,3,1,1,0,0,0,0,1,6.07267E+20,5.74954E+21,1.05586E+16,5.18863E+16
25613,3.17121E+18,3,1,51,7,2017,12,15,5,3,9,1,0,1,0,0,0,1,1,6.03793E+20,5.84109E+21,1.05364E+16,5.27097E+16
25614,3.17121E+18,3,4,59,24,2017,12,13,4,3,2,6,0,1,1,0,0,0,1,4.54122E+20,5.78351E+21,8.32871E+15,5.22001E+16
25615,3.17121E+18,3,4,59,14,2017,12,6,4,2,8,1,0,1,0,0,0,2,2,4.31993E+20,5.81053E+21,7.9995E+15,5.24408E+16
25616,3.17121E+18,3,4,4,0,2017,12,18,4,3,3,5,0,1,0,0,0,2,1,4.3775E+20,5.79347E+21,8.08735E+15,5.22881E+16
25617,3.17121E+18,3,4,4,0,2017,12,17,4,3,5,3,1,0,0,0,1,0,1,4.34405E+20,5.79219E+21,8.03857E+15,5.22762E+16
25618,3.17121E+18,3,4,4,0,2017,12,16,4,3,2,2,0,1,0,0,0,1,1,4.40674E+20,5.79114E+21,8.13063E+15,5.22675E+16
25619,3.17121E+18,3,4,4,0,2017,12,6,4,3,2,6,0,1,0,0,0,2,1,4.34167E+20,5.79513E+21,8.03451E+15,5.23026E+16
25620,3.17121E+18,3,4,62,19,2017,12,16,4,3,9,1,1,0,0,0,0,2,1,4.14046E+20,5.93533E+21,7.70234E+15,5.35598E+16
25621,3.17121E+18,3,4,52,1,2017,12,20,4,2,4,6,0,1,0,0,1,2,1,4.08593E+20,5.934E+21,7.62043E+15,5.35469E+16
25622,3.17121E+18,3,4,52,6,2017,12,10,4,3,0,6,0,1,0,0,1,0,1,4.03454E+20,5.92022E+21,7.54713E+15,5.34222E+16
25623,3.17121E+18,3,4,60,6,2017,12,14,4,3,5,3,1,1,0,0,0,0,1,4.47548E+20,5.83518E+21,8.22442E+15,5.2664E+16
25624,3.17121E+18,3,4,53,9,2017,12,15,4,3,2,6,0,1,0,0,1,2,1,4.28981E+20,5.85246E+21,7.94619E+15,5.28172E+16
25625,3.17121E+18,3,4,53,9,2017,12,9,4,3,5,3,0,1,0,0,0,0,1,4.23188E+20,5.84719E+21,7.86148E+15,5.27691E+16
25626,3.17121E+18,3,3,56,5,2017,12,19,4,3,2,2,0,1,0,0,0,2,1,4.96314E+20,5.88997E+21,8.94487E+15,5.31591E+16
25627,3.17121E+18,3,3,61,1,2017,12,12,4,3,5,3,0,1,0,0,0,0,1,5.02146E+20,5.87399E+21,9.03198E+15,5.30155E+16
25628,3.17121E+18,3,2,51,37,2017,12,16,4,2,5,2,1,1,0,0,0,2,1,4.79403E+20,5.87611E+21,8.69285E+15,5.30341E+16
25629,3.17121E+18,3,2,51,47,2017,12,17,4,3,6,4,0,1,1,0,0,2,1,4.91031E+20,5.87456E+21,8.86629E+15,5.30205E+16
25630,3.17121E+18,3,2,51,41,2017,12,19,4,3,6,4,0,1,1,0,0,2,0,4.90534E+20,5.85923E+21,8.85933E+15,5.28826E+16
25631,3.17121E+18,3,4,58,5,2017,12,4,4,3,8,1,0,1,0,0,0,2,1,4.68882E+20,5.87747E+21,8.53583E+15,5.30458E+16
25632,3.17121E+18,3,3,52,32,2017,12,7,4,3,6,4,0,1,1,0,0,2,1,4.73472E+20,5.92223E+21,8.60056E+15,5.34485E+16
25633,3.17121E+18,3,3,52,50,2017,12,16,4,3,2,2,0,1,0,0,0,2,1,4.75395E+20,5.93692E+21,8.62837E+15,5.35806E+16
25634,3.17121E+18,3,3,53,26,2017,12,17,4,3,5,3,0,1,0,0,0,2,1,5.53359E+20,5.92435E+21,9.80378E+15,5.34655E+16
25635,3.17121E+18,3,3,53,40,2017,12,7,4,3,1,1,0,1,0,0,0,2,1,5.83277E+20,5.91666E+21,1.02523E+16,5.33925E+16
25636,3.17121E+18,3,3,53,40,2017,12,9,4,3,5,3,0,1,0,0,1,0,1,5.79616E+20,5.91366E+21,1.01965E+16,5.33661E+16
25637,3.17121E+18,3,3,53,5,2017,12,10,4,2,4,2,0,1,0,1,0,0,1,5.5663E+20,5.91084E+21,9.85062E+15,5.33437E+16
25638,3.17121E+18,3,3,59,23,2017,12,8,4,3,9,1,0,1,0,0,0,0,2,5.33987E+20,5.92142E+21,9.51166E+15,5.34407E+16
25639,3.17121E+18,3,3,58,21,2017,12,10,4,3,2,6,0,1,0,0,0,0,0,5.63677E+20,5.87772E+21,9.94984E+15,5.30452E+16
25640,3.17121E+18,3,3,58,21,2017,12,13,4,3,5,3,1,1,0,0,0,0,1,5.56283E+20,5.87115E+21,9.83842E+15,5.2987E+16
25641,3.17121E+18,3,3,54,15,2017,12,20,4,2,5,2,0,1,0,0,0,2,1,6.53877E+20,5.86605E+21,1.12889E+16,5.2922E+16
25642,3.17121E+18,3,3,55,22,2017,12,7,4,3,9,1,0,1,0,0,0,2,1,5.95362E+20,5.89649E+21,1.04279E+16,5.32091E+16
25643,3.17121E+18,3,2,41,1,2017,12,8,4,3,6,6,0,1,1,0,0,0,1,5.44317E+20,5.8077E+21,9.65164E+15,5.24177E+16
25644,3.17122E+18,3,4,54,19,2017,12,14,7,3,2,6,0,1,0,0,0,0,1,3.99755E+20,5.83784E+21,7.51712E+15,5.26812E+16
25645,3.17121E+18,3,2,41,1,2017,12,17,4,3,2,6,0,1,0,0,0,2,1,5.49076E+20,5.80817E+21,9.72167E+15,5.24215E+16
25646,3.17121E+18,3,2,41,1,2017,12,7,4,3,5,2,1,1,0,0,0,1,1,5.54186E+20,5.8075E+21,9.7967E+15,5.24151E+16
25647,3.17121E+18,3,2,41,12,2017,12,18,4,3,2,6,0,1,0,0,0,2,1,5.32084E+20,5.8174E+21,9.47271E+15,5.25057E+16
25648,3.17121E+18,3,2,41,3,2017,12,15,4,3,5,3,0,1,0,0,0,1,1,5.68433E+20,5.81584E+21,1.00078E+16,5.24884E+16
25649,3.17121E+18,3,2,41,1,2017,12,17,4,2,6,2,0,1,1,0,0,2,1,5.48824E+20,5.80534E+21,9.71755E+15,5.23961E+16
25650,3.17121E+18,3,2,41,9,2017,12,12,4,3,5,7,0,1,0,0,1,0,1,5.53822E+20,5.7966E+21,9.7896E+15,5.23171E+16
25651,3.17121E+18,3,2,41,1,2017,12,16,4,2,5,2,1,1,0,0,0,2,1,5.47492E+20,5.79926E+21,9.69711E+15,5.23416E+16
25652,3.17121E+18,3,2,41,11,2017,12,12,4,3,2,6,0,0,0,0,1,0,0,5.6128E+20,5.80557E+21,9.90063E+15,5.23969E+16
25653,3.17121E+18,3,2,41,1,2017,12,5,4,2,0,1,1,0,0,0,0,2,2,5.45658E+20,5.80381E+21,9.67081E+15,5.23827E+16
25654,3.17121E+18,3,1,55,11,2017,12,16,4,3,6,2,0,1,1,0,0,2,1,5.68595E+20,5.72855E+21,9.99266E+15,5.17037E+16
25655,3.17121E+18,3,1,55,11,2017,12,16,4,3,6,2,0,1,1,0,0,2,1,5.68595E+20,5.72855E+21,9.99267E+15,5.17037E+16
25656,3.17121E+18,3,2,56,5,2017,12,16,4,3,5,2,0,1,0,0,1,2,1,5.15883E+20,5.83814E+21,9.23501E+15,5.2693E+16
25657,3.17121E+18,3,1,53,12,2017,12,9,4,3,8,7,0,1,0,0,0,0,0,5.78564E+20,5.75568E+21,1.01431E+16,5.19463E+16
25658,3.17122E+18,3,4,54,32,2017,12,8,7,3,9,1,0,1,0,0,0,0,2,3.83072E+20,5.82277E+21,7.27578E+15,5.25424E+16
25659,3.17122E+18,3,4,54,10,2017,12,8,7,3,4,1,0,1,0,0,0,0,2,3.81375E+20,5.80216E+21,7.25809E+15,5.23569E+16
25660,3.17121E+18,3,2,55,16,2017,12,21,4,3,8,1,0,1,0,0,0,2,1,5.38004E+20,5.76141E+21,9.55361E+15,5.20021E+16
25661,3.17122E+18,3,4,62,5,2017,12,5,7,2,8,1,0,1,0,0,0,2,2,4.27459E+20,5.91983E+21,7.90837E+15,5.34225E+16
25662,3.17122E+18,3,4,52,24,2017,12,21,7,1,9,1,0,1,0,0,0,2,1,3.86965E+20,5.92966E+21,7.29571E+15,5.35037E+16
25663,3.17122E+18,3,4,52,23,2017,12,14,7,3,0,3,1,1,0,0,0,0,1,3.93396E+20,5.92628E+21,7.39378E+15,5.34747E+16
25664,3.17122E+18,3,4,52,1,2017,12,14,7,3,0,6,0,1,0,0,0,0,1,4.00979E+20,5.9288E+21,7.5072E+15,5.34988E+16
25665,3.17122E+18,3,4,52,1,2017,12,9,7,3,9,1,0,1,0,0,0,0,2,4.07984E+20,5.9343E+21,7.61115E+15,5.35495E+16
25666,3.17121E+18,3,2,52,6,2017,12,7,4,3,6,4,0,1,1,0,0,1,1,5.26582E+20,5.77254E+21,9.38809E+15,5.21028E+16
25667,3.17121E+18,3,1,54,14,2017,12,7,4,3,5,3,0,1,0,0,0,1,1,6.13658E+20,5.79873E+21,1.06678E+16,5.23271E+16
25668,3.17121E+18,3,1,57,6,2017,12,17,4,3,0,7,0,1,0,0,0,2,1,5.875E+20,5.79518E+21,1.02832E+16,5.23E+16
25669,3.17121E+18,3,1,2,0,2017,12,9,4,3,4,2,0,1,0,0,0,0,1,5.99573E+20,5.78407E+21,1.04569E+16,5.21981E+16
25670,3.17121E+18,3,1,51,1,2017,12,16,4,1,9,1,0,1,0,0,0,1,1,5.97383E+20,5.80314E+21,1.04304E+16,5.23699E+16
25671,3.17121E+18,3,1,51,27,2017,12,9,4,3,4,2,0,1,0,0,0,0,2,5.96851E+20,5.7994E+21,1.04215E+16,5.23364E+16
25672,3.17121E+18,3,1,51,9,2017,12,17,4,3,2,6,0,1,0,0,0,2,1,6.03466E+20,5.81704E+21,1.0524E+16,5.24937E+16
25673,3.17121E+18,3,1,51,9,2017,12,18,4,3,4,2,0,1,0,0,0,2,1,6.0467E+20,5.81705E+21,1.05417E+16,5.24936E+16
25674,3.17121E+18,3,4,59,24,2017,12,23,3,2,2,6,0,1,0,0,1,2,1,4.5277E+20,5.78364E+21,8.30891E+15,5.22012E+16
25675,3.17121E+18,3,4,59,22,2017,12,15,3,3,2,6,0,1,0,0,0,0,1,4.41204E+20,5.78372E+21,8.13969E+15,5.22008E+16
25676,3.17121E+18,3,4,4,0,2017,12,17,3,3,2,6,0,1,0,0,0,2,1,4.30075E+20,5.79122E+21,7.97531E+15,5.22669E+16
25677,3.17121E+18,3,4,4,0,2017,12,12,3,3,2,6,0,1,0,0,0,0,1,4.34227E+20,5.79417E+21,8.03557E+15,5.2294E+16
25678,3.17121E+18,3,4,54,11,2017,12,20,3,3,8,1,0,0,0,0,1,2,2,4.05013E+20,5.87477E+21,7.58411E+15,5.3014E+16
25679,3.17121E+18,3,4,54,24,2017,12,15,3,3,8,1,0,1,0,0,0,0,1,3.95449E+20,5.84213E+21,7.45209E+15,5.2719E+16
25680,3.17121E+18,3,4,54,18,2017,12,11,3,3,9,1,0,0,0,0,1,0,1,3.79503E+20,5.85133E+21,7.21273E+15,5.27983E+16
25681,3.17121E+18,3,4,62,6,2017,12,12,3,3,8,1,0,1,0,0,0,0,1,4.03739E+20,5.94342E+21,7.54428E+15,5.36307E+16
25682,3.17121E+18,3,4,62,5,2017,12,15,3,3,2,6,0,1,0,0,0,0,1,4.1982E+20,5.92281E+21,7.79269E+15,5.34482E+16
25683,3.17121E+18,3,4,62,19,2017,12,2,3,3,8,7,0,1,0,0,0,2,1,4.18169E+20,5.92876E+21,7.76628E+15,5.35014E+16
25684,3.17121E+18,3,4,53,13,2017,12,7,3,3,5,3,1,1,0,0,0,2,1,4.11567E+20,5.88449E+21,7.67912E+15,5.31025E+16
25685,3.17121E+18,3,4,60,2,2017,12,8,3,3,5,3,0,1,0,0,0,1,1,4.45746E+20,5.8193E+21,8.20039E+15,5.25211E+16
25686,3.17121E+18,3,4,55,15,2017,12,18,3,3,8,1,0,1,0,0,0,2,2,4.32714E+20,5.93177E+21,7.98488E+15,5.35305E+16
25687,3.17121E+18,3,4,55,15,2017,12,7,3,3,2,6,0,1,0,0,0,1,2,4.33585E+20,5.93146E+21,7.99808E+15,5.35279E+16
25688,3.17121E+18,3,4,5,0,2017,12,13,3,3,4,2,0,1,0,0,0,0,1,4.40706E+20,5.93145E+21,8.1055E+15,5.35287E+16
25689,3.17121E+18,3,3,56,8,2017,12,21,3,3,9,6,0,1,0,0,0,2,2,4.84226E+20,5.89179E+21,8.764E+15,5.31752E+16
25690,3.17121E+18,3,3,61,3,2017,12,16,3,2,8,1,0,1,0,0,0,2,1,5.1581E+20,5.85327E+21,9.23465E+15,5.2829E+16
25691,3.17121E+18,3,3,61,6,2017,12,20,3,3,8,1,0,1,0,0,0,2,2,5.1456E+20,5.86897E+21,9.21681E+15,5.29701E+16
25692,3.17122E+18,3,4,52,23,2017,12,8,7,2,0,1,1,0,0,0,0,0,2,3.91181E+20,5.92832E+21,7.35971E+15,5.34926E+16
25693,3.17122E+18,3,4,60,2,2017,12,15,7,3,2,6,0,1,0,0,0,0,0,4.44701E+20,5.81948E+21,8.18496E+15,5.25226E+16
25694,3.17121E+18,3,4,3,0,2017,12,21,3,3,8,1,0,1,0,0,1,2,2,4.5162E+20,5.88473E+21,8.27726E+15,5.31098E+16
25695,3.17121E+18,3,4,51,4,2017,12,2,3,3,8,1,0,1,0,0,0,2,2,4.27412E+20,5.88681E+21,7.91521E+15,5.31258E+16
25696,3.17121E+18,3,4,61,5,2017,12,2,3,3,8,1,0,0,0,0,1,2,2,4.51461E+20,5.91498E+21,8.27026E+15,5.33817E+16
25697,3.17121E+18,3,4,1,0,2017,12,20,3,3,5,3,0,1,0,0,0,2,1,4.72678E+20,5.87683E+21,8.59251E+15,5.30403E+16
25698,3.17121E+18,3,3,52,60,2017,12,20,3,3,9,1,0,1,0,0,0,2,2,4.74689E+20,5.90739E+21,8.62007E+15,5.33151E+16
25699,3.17121E+18,3,3,52,62,2017,12,18,3,1,4,1,0,1,0,0,1,2,2,4.77674E+20,5.94427E+21,8.66225E+15,5.36467E+16
25700,3.17121E+18,3,3,58,22,2017,12,7,3,3,0,3,1,1,0,0,0,0,1,5.423E+20,5.85777E+21,9.62839E+15,5.2868E+16
25701,3.17121E+18,3,3,55,25,2017,12,17,3,2,9,1,0,1,0,0,0,2,1,6.23196E+20,5.89236E+21,1.08429E+16,5.31664E+16
25702,3.17121E+18,3,3,51,23,2017,12,7,3,3,2,6,0,1,0,0,1,1,1,5.56418E+20,5.83439E+21,9.83408E+15,5.26565E+16
25703,3.17121E+18,3,2,41,1,2017,12,7,3,3,5,2,1,1,0,0,0,2,1,5.49236E+20,5.80113E+21,9.72298E+15,5.23582E+16
25704,3.17121E+18,3,2,41,1,2017,12,8,3,3,2,6,0,0,0,0,1,0,1,5.4897E+20,5.80493E+21,9.71963E+15,5.23924E+16
25705,3.17122E+18,3,4,53,11,2017,12,7,7,2,8,1,0,1,0,0,0,2,2,4.15636E+20,5.84206E+21,7.7509E+15,5.27218E+16
25706,3.17121E+18,3,2,41,14,2017,12,23,3,3,8,1,0,1,0,0,0,2,1,5.4356E+20,5.79372E+21,9.63869E+15,5.22921E+16
25707,3.17122E+18,3,4,55,14,2017,12,13,7,3,5,3,1,1,0,0,0,0,0,4.3456E+20,5.92876E+21,8.01336E+15,5.35037E+16
25708,3.17121E+18,3,2,41,3,2017,12,17,3,3,4,6,0,1,0,0,0,2,1,5.68849E+20,5.81078E+21,1.00129E+16,5.24429E+16
25709,3.17121E+18,3,2,41,1,2017,12,17,3,3,5,3,1,1,0,0,0,2,1,5.52141E+20,5.79932E+21,9.76536E+15,5.23417E+16
25710,3.17121E+18,3,2,41,1,2017,12,17,3,3,6,4,0,1,1,0,0,2,1,5.49505E+20,5.80369E+21,9.72732E+15,5.23812E+16