OBJECTID,UIDENTSTLA,ULAND,UREGBEZ,UKREIS,UGEMEINDE,UJAHR,UMONAT,USTUNDE,UWOCHENTAG,UKATEGORIE,UART,UTYP1,IstRad,IstPKW,IstFuss,IstKrad,IstSonstig,LICHT,STRZUSTAND,LINREFX,LINREFY,XGCSWGS84,YGCSWGS84
25884,3.17123E+18,3,4,1,0,2017,12,18,6,2,5,2,1,1,0,0,0,2,1,4.75266E+20,5.87893E+21,8.63093E+15,5.30593E+16
25885,3.17122E+18,3,3,52,60,2017,12,11,2,3,2,6,0,1,0,0,0,0,0,4.76558E+20,5.91206E+21,8.64778E+15,5.33572E+16
25886,3.17123E+18,3,3,52,50,2017,12,5,6,3,7,7,0,1,0,0,0,2,0,4.85201E+20,5.92899E+21,8.77684E+15,5.35096E+16
25887,3.17123E+18,3,3,52,60,2017,12,15,6,3,2,6,0,1,0,0,1,0,0,4.72945E+20,5.91155E+21,8.59354E+15,5.33524E+16
25888,3.17122E+18,3,3,53,11,2017,12,5,2,3,2,6,0,1,0,0,0,2,1,5.7185E+20,5.89827E+21,1.00763E+16,5.32288E+16
25889,3.17123E+18,3,3,53,5,2017,12,15,6,3,5,2,1,1,0,0,0,0,0,5.5903E+20,5.90948E+21,9.88641E+15,5.33312E+16
25890,3.17123E+18,3,3,59,23,2017,12,11,6,3,5,2,0,1,0,0,0,0,0,5.32664E+20,5.92634E+21,9.49226E+15,5.3485E+16
25891,3.17123E+18,3,3,58,7,2017,12,14,6,3,2,6,0,1,0,0,0,0,0,5.46393E+20,5.83898E+21,9.68652E+15,5.26988E+16
25892,3.17123E+18,3,3,58,22,2017,12,13,6,3,2,6,0,1,0,0,0,0,0,5.44906E+20,5.8459E+21,9.66547E+15,5.27611E+16
25893,3.17123E+18,3,3,60,9,2017,12,7,6,3,9,1,0,0,0,0,1,2,1,5.9268E+20,5.8696E+21,1.038E+16,5.29679E+16
25894,3.17123E+18,3,3,51,16,2017,12,14,6,3,5,3,0,1,0,0,0,0,0,5.83059E+20,5.83198E+21,1.02272E+16,5.26314E+16
25895,3.17123E+18,3,3,51,6,2017,12,13,6,3,8,1,0,1,0,0,0,0,0,5.79707E+20,5.83146E+21,1.01776E+16,5.26272E+16
25896,3.17123E+18,3,3,51,6,2017,12,13,6,3,7,7,0,1,0,0,1,0,0,5.72833E+20,5.82602E+21,1.00749E+16,5.25793E+16
25897,3.17123E+18,3,2,41,1,2017,12,19,6,3,2,6,0,1,0,0,0,2,1,5.50064E+20,5.80572E+21,9.73583E+15,5.23995E+16
25898,3.17123E+18,3,2,41,16,2017,12,14,6,3,9,7,0,1,0,0,0,0,0,5.64488E+20,5.79376E+21,9.94551E+15,5.22904E+16
25899,3.17123E+18,3,2,41,1,2017,12,12,6,3,1,5,1,0,0,0,1,0,0,5.5766E+20,5.80481E+21,9.8473E+15,5.23905E+16
25900,3.17123E+18,3,2,56,33,2017,12,10,6,3,2,2,0,1,0,0,0,0,0,4.93637E+20,5.81317E+21,8.90634E+15,5.24687E+16
25901,3.17123E+18,3,2,57,9,2017,12,17,6,3,2,6,0,1,0,0,0,2,0,5.03113E+20,5.78836E+21,9.04559E+15,5.22456E+16
25902,3.17123E+18,3,2,54,26,2017,12,4,6,3,8,7,0,1,0,0,0,2,0,5.55997E+20,5.77877E+21,9.81855E+15,5.21566E+16
25903,3.17123E+18,3,1,53,12,2017,12,15,6,3,2,6,0,1,0,0,1,1,0,5.78147E+20,5.75247E+21,1.01363E+16,5.19175E+16
25904,3.17123E+18,3,2,54,21,2017,12,14,6,3,5,3,1,0,0,0,1,0,0,5.68239E+20,5.77783E+21,9.99728E+15,5.21467E+16
25905,3.17123E+18,3,2,52,6,2017,12,21,6,3,8,1,0,1,0,0,0,2,2,5.29911E+20,5.77721E+21,9.43711E+15,5.21446E+16
25906,3.17123E+18,3,1,59,17,2017,12,22,6,3,9,1,0,1,0,0,0,2,2,5.49555E+20,5.69467E+21,9.71238E+15,5.14011E+16
25907,3.17123E+18,3,1,57,6,2017,12,10,6,3,4,2,0,1,0,0,1,0,0,5.85896E+20,5.79906E+21,1.02607E+16,5.23351E+16
25908,3.17123E+18,3,1,53,2,2017,12,14,6,3,0,6,0,1,0,1,0,0,0,6.07069E+20,5.74964E+21,1.05558E+16,5.18873E+16
25909,3.17123E+18,3,1,51,18,2017,12,17,6,2,4,6,0,1,0,0,0,2,0,5.92737E+20,5.81934E+21,1.03667E+16,5.25163E+16
25910,3.17123E+18,3,4,59,14,2017,12,15,5,3,2,7,0,1,0,0,0,0,0,4.34129E+20,5.80745E+21,8.03154E+15,5.24133E+16
25911,3.17123E+18,3,4,4,0,2017,12,3,5,3,9,1,0,1,0,0,0,2,1,4.38857E+20,5.79146E+21,8.10395E+15,5.22701E+16
25912,3.17123E+18,3,4,56,14,2017,12,10,5,3,2,2,0,1,0,0,1,0,0,3.6023E+20,5.81822E+21,6.94109E+15,5.24961E+16
25913,3.17123E+18,3,4,54,21,2017,12,12,5,3,2,6,0,1,0,0,1,0,0,4.08684E+20,5.83513E+21,7.64991E+15,5.26585E+16
25914,3.17123E+18,3,4,54,17,2017,12,16,5,3,5,3,0,1,0,0,0,2,0,4.05454E+20,5.82543E+21,7.60494E+15,5.25707E+16
25915,3.17123E+18,3,4,52,6,2017,12,4,5,3,8,1,0,0,0,0,1,2,1,4.09473E+20,5.91412E+21,7.63943E+15,5.33684E+16
25916,3.17123E+18,3,4,60,10,2017,12,18,5,2,2,6,0,1,0,1,0,2,1,4.54679E+20,5.85322E+21,8.32737E+15,5.28268E+16
25917,3.17123E+18,3,4,60,2,2017,12,18,5,2,2,6,0,1,0,1,0,2,1,4.46813E+20,5.81986E+21,8.21601E+15,5.25262E+16
25918,3.17123E+18,3,4,53,9,2017,12,20,5,3,4,6,0,1,0,0,0,2,1,4.30856E+20,5.84837E+21,7.97486E+15,5.27807E+16
25919,3.17123E+18,3,3,56,7,2017,12,16,5,3,5,3,0,1,0,1,0,2,1,4.83621E+20,5.89447E+21,8.7548E+15,5.31993E+16
25920,3.17122E+18,3,3,53,40,2017,12,13,2,3,2,6,0,1,0,0,1,0,0,5.79766E+20,5.90973E+21,1.01978E+16,5.33307E+16
25921,3.17122E+18,3,3,53,21,2017,12,14,2,2,5,3,0,1,0,0,0,0,0,5.5034E+20,5.90656E+21,9.75546E+15,5.33058E+16
25922,3.17122E+18,3,3,53,17,2017,12,9,2,3,5,3,0,1,0,0,0,0,0,5.65676E+20,5.91129E+21,9.98657E+15,5.33467E+16
25923,3.17123E+18,3,3,56,7,2017,12,14,5,3,5,3,0,1,0,1,0,0,0,4.83663E+20,5.8947E+21,8.75543E+15,5.32013E+16
25924,3.17123E+18,3,4,51,1,2017,12,1,5,3,9,1,0,1,0,0,0,2,1,4.16771E+20,5.89709E+21,7.75355E+15,5.32166E+16
25925,3.17122E+18,3,3,59,10,2017,12,14,2,3,5,3,0,1,0,1,0,0,0,5.46947E+20,5.9256E+21,9.70738E+15,5.34773E+16
25926,3.17123E+18,3,4,3,0,2017,12,14,5,3,5,2,1,0,0,0,0,0,0,4.48648E+20,5.88775E+21,8.23238E+15,5.31366E+16
25927,3.17123E+18,3,4,3,0,2017,12,12,5,3,3,6,0,1,0,0,1,0,0,4.47405E+20,5.8885E+21,8.21367E+15,5.31433E+16
25928,3.17122E+18,3,3,59,17,2017,12,14,2,3,2,6,0,1,0,0,0,0,1,5.27242E+20,5.93072E+21,9.41093E+15,5.35247E+16
25929,3.17123E+18,3,2,51,37,2017,12,11,5,3,2,6,0,1,0,0,0,0,0,4.83105E+20,5.87038E+21,8.74835E+15,5.29827E+16
25930,3.17122E+18,3,3,58,8,2017,12,19,2,3,8,1,0,1,0,0,0,2,0,5.51112E+20,5.86164E+21,9.7599E+15,5.2902E+16
25931,3.17123E+18,3,2,51,6,2017,12,13,5,2,5,3,0,1,0,0,0,0,0,4.72006E+20,5.82887E+21,8.58659E+15,5.26091E+16
25932,3.17122E+18,3,3,58,22,2017,12,6,2,2,3,6,0,1,0,0,0,2,1,5.38641E+20,5.86034E+21,9.57435E+15,5.28914E+16
25933,3.17123E+18,3,4,60,3,2017,12,21,5,2,2,6,0,1,0,0,0,2,1,4.4087E+20,5.82969E+21,8.12668E+15,5.2614E+16
25934,3.17123E+18,3,3,52,32,2017,12,15,5,2,4,2,0,1,0,0,0,0,1,4.74347E+20,5.92204E+21,8.61375E+15,5.34468E+16
25935,3.17123E+18,3,4,59,33,2017,12,10,6,3,4,2,0,1,0,0,0,0,0,4.35017E+20,5.79974E+21,8.04608E+15,5.23441E+16
25936,3.17123E+18,3,3,53,31,2017,12,17,5,2,6,2,0,1,1,0,0,2,1,5.69016E+20,5.916E+21,1.00378E+16,5.33885E+16
25937,3.17123E+18,3,3,53,35,2017,12,19,5,3,8,1,0,0,0,1,0,2,1,5.45592E+20,5.90538E+21,9.68404E+15,5.32957E+16
25938,3.17123E+18,3,3,51,24,2017,12,22,5,3,8,7,0,1,0,0,0,2,1,5.57948E+20,5.84201E+21,9.85803E+15,5.27249E+16
25939,3.17122E+18,3,3,60,2,2017,12,9,2,3,8,1,0,1,0,0,0,0,2,6.06135E+20,5.87911E+21,1.05834E+16,5.3051E+16
25940,3.17123E+18,3,2,41,1,2017,12,16,5,3,2,6,0,1,0,0,0,1,0,5.50051E+20,5.80608E+21,9.7357E+15,5.24027E+16
25941,3.17123E+18,3,2,41,1,2017,12,17,5,3,3,6,0,1,0,0,0,2,1,5.56773E+20,5.80693E+21,9.83463E+15,5.24097E+16
25942,3.17122E+18,3,3,55,19,2017,12,17,2,3,4,6,0,1,0,0,0,2,2,6.04358E+20,5.91228E+21,1.05678E+16,5.33494E+16
25943,3.17123E+18,3,2,57,16,2017,12,7,5,1,5,3,0,1,0,0,1,2,1,5.26188E+20,5.80261E+21,9.38467E+15,5.23731E+16
25944,3.17123E+18,3,2,54,45,2017,12,16,5,2,5,3,0,1,0,0,0,1,0,5.62073E+20,5.76579E+21,9.90499E+15,5.20392E+16
25945,3.17122E+18,3,3,55,17,2017,12,5,2,3,0,7,0,1,0,0,1,2,1,5.89229E+20,5.90837E+21,1.03395E+16,5.3317E+16
25946,3.17123E+18,3,2,52,3,2017,12,12,5,3,0,2,1,0,0,0,0,0,0,5.18379E+20,5.75863E+21,9.26759E+15,5.1978E+16
25947,3.17123E+18,3,1,59,34,2017,12,15,5,3,9,1,0,0,0,1,0,0,1,5.53178E+20,5.6855E+21,9.76308E+15,5.13183E+16
25948,3.17123E+18,3,1,3,0,2017,12,1,5,3,9,1,0,1,0,0,0,2,1,6.20277E+20,5.81246E+21,1.07699E+16,5.24491E+16
25949,3.17123E+18,3,1,53,504,2017,12,15,5,3,5,3,0,1,0,0,0,0,1,6.11356E+20,5.73204E+21,1.06124E+16,5.17282E+16
25950,3.17123E+18,3,1,51,39,2017,12,11,5,3,2,6,0,1,0,0,0,0,0,6.18204E+20,5.81381E+21,1.07398E+16,5.24617E+16
25951,3.17123E+18,3,4,60,5,2017,12,13,4,3,2,6,0,1,0,0,0,0,0,4.39772E+20,5.82073E+21,8.11208E+15,5.25333E+16
25952,3.17123E+18,3,4,60,5,2017,12,13,4,2,2,6,0,1,0,0,0,0,0,4.39782E+20,5.82078E+21,8.11222E+15,5.25338E+16
25953,3.17123E+18,3,4,4,0,2017,12,11,4,3,5,3,0,1,0,0,0,0,1,4.33731E+20,5.79161E+21,8.02881E+15,5.22709E+16
25954,3.17123E+18,3,4,57,18,2017,12,9,4,2,5,3,1,1,0,0,0,0,1,4.04815E+20,5.88833E+21,7.57716E+15,5.31359E+16
25955,3.17123E+18,3,4,54,3,2017,12,12,4,3,5,3,0,1,0,0,0,0,1,3.97861E+20,5.81064E+21,7.49749E+15,5.24364E+16
25956,3.17123E+18,3,4,62,19,2017,12,8,4,2,5,3,0,1,0,0,0,1,1,4.19241E+20,5.93187E+21,7.78164E+15,5.35295E+16
25957,3.17123E+18,3,3,56,9,2017,12,9,4,2,9,1,0,1,0,0,0,0,1,4.75152E+20,5.89753E+21,8.6278E+15,5.32265E+16
25958,3.17123E+18,3,4,51,2,2017,12,12,4,2,1,5,0,1,0,0,1,0,0,4.30858E+20,5.89361E+21,7.96523E+15,5.31874E+16
25959,3.17123E+18,3,3,52,32,2017,12,12,4,3,2,6,0,1,0,0,1,0,0,4.72415E+20,5.92154E+21,8.58471E+15,5.34422E+16
25960,3.17123E+18,3,3,52,55,2017,12,21,4,3,8,6,0,1,0,0,0,2,1,4.86677E+20,5.95485E+21,8.798E+15,5.37421E+16
25961,3.17123E+18,3,3,59,10,2017,12,7,4,3,5,3,1,1,0,0,0,1,0,5.467E+20,5.92565E+21,9.70366E+15,5.34778E+16
25962,3.17122E+18,3,3,55,19,2017,12,6,2,2,5,3,0,1,0,0,1,2,1,6.03421E+20,5.91384E+21,1.05542E+16,5.33635E+16
25963,3.17122E+18,3,3,51,7,2017,12,13,2,3,5,3,1,1,0,0,0,0,0,5.77746E+20,5.8238E+21,1.01468E+16,5.25587E+16
25964,3.17122E+18,3,2,41,1,2017,12,16,2,3,2,6,0,1,0,0,0,2,0,5.43193E+20,5.80773E+21,9.63511E+15,5.24181E+16
25965,3.17123E+18,3,3,57,57,2017,12,16,4,3,4,2,0,1,0,0,0,2,1,5.20097E+20,5.90509E+21,9.30152E+15,5.32946E+16
25966,3.17122E+18,3,2,41,1,2017,12,15,2,3,5,2,1,1,0,0,0,1,0,5.54537E+20,5.81E+21,9.80227E+15,5.24375E+16
25967,3.17123E+18,3,3,57,39,2017,12,9,4,3,5,3,1,1,0,0,0,0,0,5.26059E+20,5.88361E+21,9.38922E+15,5.31013E+16
25968,3.17123E+18,3,3,55,40,2017,12,8,4,3,8,1,0,1,0,0,0,1,0,5.99966E+20,5.89816E+21,1.04974E+16,5.32233E+16
25969,3.17122E+18,3,2,41,21,2017,12,8,2,3,5,3,1,1,0,0,0,1,0,5.29119E+20,5.80876E+21,9.42826E+15,5.24283E+16
25970,3.17123E+18,3,3,51,4,2017,12,18,4,3,1,5,0,1,0,0,1,2,0,5.66508E+20,5.84749E+21,9.98587E+15,5.27731E+16
25971,3.17122E+18,3,2,41,7,2017,12,8,2,3,5,3,0,1,0,0,0,0,0,5.49653E+20,5.79672E+21,9.72846E+15,5.23186E+16
25972,3.17123E+18,3,3,51,6,2017,12,2,4,3,3,6,0,1,0,0,0,2,1,5.74477E+20,5.8294E+21,1.00999E+16,5.26095E+16
25973,3.17123E+18,3,2,41,15,2017,12,7,4,3,5,2,1,1,0,0,0,1,0,5.44294E+20,5.80472E+21,9.65091E+15,5.2391E+16
25974,3.17123E+18,3,2,41,1,2017,12,18,4,3,0,1,0,1,0,0,0,2,0,5.49356E+20,5.80318E+21,9.72505E+15,5.23767E+16
25975,3.17123E+18,3,2,41,19,2017,12,16,4,2,2,6,0,1,0,0,0,0,0,5.52412E+20,5.82562E+21,9.77347E+15,5.25781E+16
25976,3.17123E+18,3,2,41,11,2017,12,16,4,3,2,6,0,1,0,0,0,2,0,5.68211E+20,5.80452E+21,1.00023E+16,5.23866E+16
25977,3.17123E+18,3,1,55,5,2017,12,10,4,3,2,7,0,1,0,0,0,0,1,5.59001E+20,5.71993E+21,9.85239E+15,5.16273E+16
25978,3.17123E+18,3,2,55,16,2017,12,8,4,2,8,7,0,1,0,0,0,0,0,5.4003E+20,5.75861E+21,9.5828E+15,5.19767E+16
25979,3.17123E+18,3,1,58,37,2017,12,0,4,3,0,1,1,0,0,0,0,2,0,6.03519E+20,5.78041E+21,1.05135E+16,5.21644E+16
25980,3.17123E+18,3,1,2,0,2017,12,10,4,3,5,3,0,1,0,0,0,0,0,5.90209E+20,5.77956E+21,1.03187E+16,5.21591E+16
25981,3.17123E+18,3,1,51,27,2017,12,11,4,3,5,3,0,1,0,0,0,0,0,5.99485E+20,5.80215E+21,1.0461E+16,5.23606E+16
25982,3.17122E+18,3,2,41,5,2017,12,16,2,3,5,3,0,1,0,0,0,2,0,5.41447E+20,5.80636E+21,9.60927E+15,5.24059E+16
25983,3.17122E+18,3,2,41,18,2017,12,18,2,3,2,6,0,1,0,0,0,1,0,5.80585E+20,5.80963E+21,1.01853E+16,5.24309E+16
25984,3.17122E+18,3,2,41,3,2017,12,7,2,3,2,2,0,1,0,0,0,2,1,5.68845E+20,5.81184E+21,1.00131E+16,5.24524E+16
25985,3.17123E+18,3,4,56,27,2017,12,20,3,3,6,2,0,1,1,0,0,2,0,3.78784E+20,5.79863E+21,7.22134E+15,5.23246E+16
25986,3.17123E+18,3,4,54,14,2017,12,0,3,2,8,7,0,1,0,0,0,2,0,3.80345E+20,5.82948E+21,7.23317E+15,5.26022E+16
25987,3.17123E+18,3,4,56,1,2017,12,11,3,2,8,1,0,1,0,0,0,0,1,3.73544E+20,5.8002E+21,7.1439E+15,5.23375E+16
25988,3.17123E+18,3,4,52,12,2017,12,19,3,3,0,1,0,1,0,0,0,2,0,3.9431E+20,5.91461E+21,7.41146E+15,5.33701E+16
25989,3.17123E+18,3,3,56,8,2017,12,14,3,3,2,2,0,1,0,0,0,0,0,4.83033E+20,5.89321E+21,8.74607E+15,5.31879E+16
25990,3.17123E+18,3,4,60,3,2017,12,13,3,3,2,6,0,1,0,0,0,0,1,4.43033E+20,5.83359E+21,8.15794E+15,5.26493E+16
25991,3.17123E+18,3,3,55,28,2017,12,21,3,3,8,1,0,1,0,0,0,2,1,5.8725E+20,5.90851E+21,1.03098E+16,5.33186E+16
25992,3.17122E+18,3,2,41,21,2017,12,19,2,3,2,6,0,1,0,0,0,2,0,5.32029E+20,5.80389E+21,9.47059E+15,5.23843E+16
25993,3.17122E+18,3,2,41,1,2017,12,5,2,3,0,7,0,1,0,0,0,2,0,5.57193E+20,5.8077E+21,9.84094E+15,5.24166E+16
25994,3.17122E+18,3,1,55,12,2017,12,11,2,2,6,7,0,0,1,0,1,0,0,5.43861E+20,5.72356E+21,9.63413E+15,5.16613E+16
25995,3.17122E+18,3,2,57,31,2017,12,9,2,3,8,1,0,0,0,0,1,0,1,5.09284E+20,5.77755E+21,9.13568E+15,5.21484E+16
25996,3.17123E+18,3,3,58,22,2017,12,12,3,3,2,6,0,1,0,0,0,0,1,5.45167E+20,5.84792E+21,9.66963E+15,5.27792E+16
25997,3.17123E+18,3,3,58,22,2017,12,4,3,3,7,7,0,1,0,0,0,2,0,5.35244E+20,5.85966E+21,9.52378E+15,5.28855E+16
25998,3.17123E+18,3,3,57,55,2017,12,18,3,1,8,1,0,1,0,0,0,2,1,5.06359E+20,5.89226E+21,9.09515E+15,5.31796E+16
25999,3.17123E+18,3,1,55,12,2017,12,15,3,3,9,1,0,1,0,0,0,0,1,5.35351E+20,5.73092E+21,9.51184E+15,5.17281E+16
26000,3.17122E+18,3,2,52,6,2017,12,18,2,3,4,2,0,1,0,0,0,0,0,5.24359E+20,5.77314E+21,9.35568E+15,5.21082E+16
26001,3.17123E+18,3,2,56,21,2017,12,16,3,3,4,2,0,1,0,0,0,1,1,5.10184E+20,5.83354E+21,9.15054E+15,5.26517E+16
26002,3.17122E+18,3,1,59,17,2017,12,16,2,3,5,3,0,1,0,0,1,2,1,5.45239E+20,5.69578E+21,9.65049E+15,5.14115E+16
26003,3.17123E+18,3,2,54,43,2017,12,11,3,2,9,7,0,1,0,0,0,0,1,5.53955E+20,5.77288E+21,9.78777E+15,5.21038E+16
26004,3.17123E+18,3,2,55,23,2017,12,16,3,3,8,1,0,1,0,0,0,2,1,5.30169E+20,5.73754E+21,9.4374E+15,5.17879E+16
26005,3.17123E+18,3,4,59,24,2017,12,17,2,2,8,1,0,1,0,0,0,2,0,4.62704E+20,5.79048E+21,8.45351E+15,5.22635E+16
26006,3.17123E+18,3,4,56,2,2017,12,22,2,3,7,7,0,1,0,0,1,2,0,3.55379E+20,5.83403E+21,6.86279E+15,5.26369E+16
26007,3.17123E+18,3,4,52,24,2017,12,15,2,3,8,1,0,1,0,0,0,0,1,3.84258E+20,5.92966E+21,7.25492E+15,5.35031E+16
26008,3.17123E+18,3,4,52,1,2017,12,20,2,3,8,7,0,1,0,0,0,2,0,4.00926E+20,5.93325E+21,7.50499E+15,5.35388E+16
26009,3.17123E+18,3,4,52,6,2017,12,17,2,3,5,3,0,1,0,0,0,2,0,4.02797E+20,5.92101E+21,7.537E+15,5.34291E+16
26010,3.17123E+18,3,4,52,25,2017,12,17,2,3,2,6,0,1,0,0,0,2,1,4.15961E+20,5.91913E+21,7.73557E+15,5.34146E+16
26011,3.17123E+18,3,4,55,15,2017,12,16,2,2,8,1,0,0,0,1,0,1,0,4.32413E+20,5.93879E+21,7.97882E+15,5.35936E+16
26012,3.17123E+18,3,3,61,5,2017,12,19,2,3,8,7,0,1,0,0,0,2,0,5.20068E+20,5.86989E+21,9.29888E+15,5.29782E+16
26013,3.17123E+18,3,4,51,4,2017,12,5,2,3,8,7,0,1,0,0,0,2,1,4.37218E+20,5.88269E+21,8.06253E+15,5.309E+16
26014,3.17123E+18,3,4,58,13,2017,12,0,2,3,9,1,0,1,0,0,0,2,0,4.48461E+20,5.87752E+21,8.23123E+15,5.30447E+16
26015,3.17123E+18,3,3,59,2,2017,12,10,2,3,9,1,0,1,0,0,0,0,1,5.28854E+20,5.91905E+21,9.43417E+15,5.34197E+16
26016,3.17123E+18,3,2,41,1,2017,12,15,2,3,8,7,0,1,0,0,0,0,0,5.58845E+20,5.79807E+21,9.86354E+15,5.23298E+16
26017,3.17123E+18,3,2,41,1,2017,12,7,2,3,8,1,0,1,0,0,0,1,0,5.55387E+20,5.79789E+21,9.81277E+15,5.23285E+16
26018,3.17123E+18,3,2,41,19,2017,12,5,2,3,9,1,0,1,0,0,0,2,0,5.53684E+20,5.82331E+21,9.79187E+15,5.25572E+16
26019,3.17123E+18,3,2,54,21,2017,12,21,2,3,6,4,0,1,1,0,0,2,0,5.65317E+20,5.77893E+21,9.9548E+15,5.2157E+16
26020,3.17123E+18,3,1,53,12,2017,12,14,2,3,0,7,0,1,0,0,0,0,0,5.77814E+20,5.74914E+21,1.01307E+16,5.18876E+16
26021,3.17123E+18,3,2,55,23,2017,12,16,2,3,9,6,0,1,0,0,0,0,0,5.3514E+20,5.73381E+21,9.50908E+15,5.17541E+16
26022,3.17123E+18,3,1,54,15,2017,12,0,2,3,9,7,0,1,0,0,0,2,0,6.35486E+20,5.79212E+21,1.09853E+16,5.22628E+16
26023,3.17123E+18,3,1,1,0,2017,12,13,2,3,9,7,0,1,0,0,0,0,0,5.99963E+20,5.79148E+21,1.04648E+16,5.22646E+16
26024,3.17122E+18,3,4,59,34,2017,12,13,1,3,5,3,0,1,0,0,0,0,1,4.29143E+20,5.76952E+21,7.96619E+15,5.20717E+16
26025,3.17122E+18,3,4,59,29,2017,12,16,1,3,5,2,0,1,0,0,0,2,1,4.51529E+20,5.79607E+21,8.28898E+15,5.23128E+16
26026,3.17122E+18,3,1,59,29,2017,12,6,2,2,0,6,0,1,0,0,1,2,1,5.60749E+20,5.70388E+21,9.87486E+15,5.14828E+16
26027,3.17122E+18,3,1,59,16,2017,12,8,2,3,2,2,0,1,0,0,1,0,0,5.6395E+20,5.70878E+21,9.92184E+15,5.15265E+16
26028,3.17122E+18,3,1,58,37,2017,12,11,2,3,3,6,1,1,0,0,0,0,0,6.05764E+20,5.78026E+21,1.05463E+16,5.21627E+16
26029,3.17122E+18,3,1,53,17,2017,12,8,2,3,4,2,0,1,0,0,1,0,0,5.9757E+20,5.75107E+21,1.04182E+16,5.19018E+16
26030,3.17123E+18,3,1,53,18,2017,12,14,7,2,9,1,0,1,0,0,0,0,1,5.87312E+20,5.74347E+21,1.02672E+16,5.18352E+16
26031,3.17122E+18,3,4,59,29,2017,12,13,1,3,8,1,0,1,0,0,0,0,1,4.43022E+20,5.80445E+21,8.16278E+15,5.23873E+16
26032,3.17122E+18,3,1,51,13,2017,12,7,2,3,4,7,0,1,0,0,0,2,1,6.07283E+20,5.81299E+21,1.05789E+16,5.24565E+16
26033,3.17122E+18,3,4,59,22,2017,12,20,1,2,2,6,0,1,0,0,0,2,0,4.4123E+20,5.78383E+21,8.14005E+15,5.22018E+16
26034,3.17122E+18,3,4,59,14,2017,12,10,1,2,5,3,0,1,0,1,0,0,0,4.36126E+20,5.80796E+21,8.06079E+15,5.24181E+16
26035,3.17122E+18,3,4,54,21,2017,12,13,1,2,8,1,0,1,0,0,0,0,1,4.03765E+20,5.83614E+21,7.57692E+15,5.26667E+16
26036,3.17122E+18,3,4,54,49,2017,12,8,1,3,8,1,0,1,0,0,0,0,1,3.93229E+20,5.80126E+21,7.43237E+15,5.23512E+16
26037,3.17122E+18,3,4,62,18,2017,12,15,1,1,5,2,0,1,0,1,0,0,0,3.9807E+20,5.9384E+21,7.46023E+15,5.35846E+16
26038,3.17122E+18,3,4,52,19,2017,12,5,1,2,8,1,0,1,0,0,0,2,0,3.81214E+20,5.93472E+21,7.20712E+15,5.35479E+16
26039,3.17122E+18,3,4,52,6,2017,12,17,1,3,4,2,0,1,0,0,0,2,0,4.07167E+20,5.91792E+21,7.60366E+15,5.34021E+16
26040,3.17122E+18,3,4,53,5,2017,12,22,1,3,5,3,0,1,0,0,0,2,1,4.43087E+20,5.8543E+21,8.15515E+15,5.28355E+16
26041,3.17122E+18,3,4,58,8,2017,12,7,1,3,2,6,0,1,0,0,0,2,0,4.71937E+20,5.86795E+21,8.58222E+15,5.29604E+16
26042,3.17122E+18,3,3,59,2,2017,12,18,1,3,8,1,0,1,0,0,0,2,0,5.31918E+20,5.91251E+21,9.47962E+15,5.33608E+16
26043,3.17122E+18,3,3,58,22,2017,12,15,1,2,4,6,0,1,0,0,0,0,1,5.3997E+20,5.85447E+21,9.59338E+15,5.28385E+16
26044,3.17122E+18,3,2,41,11,2017,12,4,1,3,2,6,0,1,0,0,0,2,0,5.64804E+20,5.80495E+21,9.9523E+15,5.23909E+16
26045,3.17122E+18,3,4,60,5,2017,12,6,1,3,9,1,0,1,0,0,0,2,2,4.39956E+20,5.82761E+21,8.11356E+15,5.25952E+16
26046,3.17122E+18,3,1,58,37,2017,12,23,1,3,9,1,0,1,0,0,0,2,0,6.02661E+20,5.78089E+21,1.05011E+16,5.2169E+16
26047,3.17122E+18,3,4,59,2,2017,12,21,7,3,9,1,0,1,0,0,0,2,1,4.24944E+20,5.82046E+21,7.89358E+15,5.25291E+16
26048,3.17122E+18,3,4,59,14,2017,12,15,1,3,5,3,0,1,0,0,0,1,1,4.31232E+20,5.80618E+21,7.98921E+15,5.24016E+16
26049,3.17122E+18,3,4,2,0,2017,12,15,7,3,9,1,0,1,0,0,1,0,1,3.81326E+20,5.91697E+21,7.21552E+15,5.33885E+16
26050,3.17122E+18,3,3,61,1,2017,12,17,7,3,8,1,0,0,0,1,0,2,1,4.97853E+20,5.87851E+21,8.96796E+15,5.30561E+16
26051,3.17122E+18,3,2,51,37,2017,12,14,7,3,5,2,0,1,0,0,0,0,1,4.83105E+20,5.87038E+21,8.74835E+15,5.29827E+16
26052,3.17122E+18,3,2,51,37,2017,12,14,7,3,2,6,0,1,0,0,0,0,0,4.79628E+20,5.87283E+21,8.69641E+15,5.30046E+16
26053,3.17122E+18,3,4,58,10,2017,12,9,7,3,5,2,0,1,0,0,0,1,1,4.64349E+20,5.88453E+21,8.46742E+15,5.3109E+16
26054,3.17122E+18,3,3,52,32,2017,12,19,7,2,2,6,0,1,0,0,0,2,0,4.72121E+20,5.91898E+21,8.5805E+15,5.34191E+16
26055,3.17122E+18,3,3,56,8,2017,12,18,7,3,8,1,0,1,0,0,0,2,0,4.8E+20,5.89357E+21,8.70066E+15,5.31911E+16