OBJECTID,UIDENTSTLA,ULAND,UREGBEZ,UKREIS,UGEMEINDE,UJAHR,UMONAT,USTUNDE,UWOCHENTAG,UKATEGORIE,UART,UTYP1,IstRad,IstPKW,IstFuss,IstKrad,IstSonstig,LICHT,STRZUSTAND,LINREFX,LINREFY,XGCSWGS84,YGCSWGS84
26056,3.17122E+18,3,3,53,4,2017,12,13,7,2,9,1,0,1,0,0,0,0,1,5.70258E+20,5.90741E+21,1.00545E+16,5.33112E+16
26057,3.17122E+18,3,3,53,33,2017,12,9,7,2,5,3,1,1,0,0,0,0,1,5.94449E+20,5.91608E+21,1.04201E+16,5.33854E+16
26058,3.17122E+18,3,3,53,5,2017,12,12,7,3,7,7,0,1,0,0,0,0,1,5.58637E+20,5.91167E+21,9.8809E+15,5.33509E+16
26059,3.17122E+18,3,3,57,26,2017,12,10,7,3,2,2,0,1,0,0,1,0,1,5.05297E+20,5.9003E+21,9.07939E+15,5.32519E+16
26060,3.17122E+18,3,2,41,1,2017,12,2,7,3,9,1,0,1,0,0,0,2,0,5.44916E+20,5.80092E+21,9.65953E+15,5.23567E+16
26061,3.17122E+18,3,2,41,1,2017,12,12,7,3,2,6,0,1,0,0,0,0,1,5.49387E+20,5.80454E+21,9.72571E+15,5.23888E+16
26062,3.17122E+18,3,2,41,18,2017,12,10,7,2,1,7,0,0,1,0,1,0,0,5.86663E+20,5.81436E+21,1.02759E+16,5.24726E+16
26063,3.17122E+18,3,2,54,8,2017,12,5,7,3,9,7,0,1,0,0,0,2,0,5.78042E+20,5.7648E+21,1.01375E+16,5.20284E+16
26064,3.17123E+18,3,4,54,19,2017,12,10,6,2,8,1,0,0,0,0,1,0,1,3.99941E+20,5.83587E+21,7.52046E+15,5.26635E+16
26065,3.17122E+18,3,1,59,15,2017,12,0,7,3,9,1,0,1,0,0,0,2,0,5.68475E+20,5.70542E+21,9.98641E+15,5.14958E+16
26066,3.17122E+18,3,1,59,29,2017,12,12,7,2,3,6,0,1,0,0,1,0,0,5.60897E+20,5.70488E+21,9.87717E+15,5.14918E+16
26067,3.17122E+18,3,1,54,13,2017,12,15,7,3,9,1,0,1,0,0,0,1,0,6.20127E+20,5.79119E+21,1.076E+16,5.22579E+16
26068,3.17122E+18,3,4,4,0,2017,12,3,1,2,5,3,1,1,0,0,0,2,1,4.34885E+20,5.79128E+21,8.04577E+15,5.22681E+16
26069,3.17122E+18,3,1,3,0,2017,12,17,7,3,1,1,0,1,0,0,0,2,0,6.25133E+20,5.81132E+21,1.08408E+16,5.24377E+16
26070,3.17122E+18,3,1,2,0,2017,12,11,7,2,3,6,0,1,0,0,0,0,0,5.94643E+20,5.76794E+21,1.03803E+16,5.2054E+16
26071,3.17122E+18,3,4,4,0,2017,12,12,6,3,2,6,0,1,0,0,0,0,1,4.34108E+20,5.78855E+21,8.03492E+15,5.22434E+16
26072,3.17122E+18,3,4,4,0,2017,12,0,6,3,2,6,0,1,0,1,0,2,0,4.32296E+20,5.79107E+21,8.00789E+15,5.22659E+16
26073,3.17122E+18,3,4,2,0,2017,12,18,6,3,4,6,1,0,0,0,0,2,0,3.76992E+20,5.91411E+21,7.15149E+15,5.33617E+16
26074,3.17122E+18,3,4,57,18,2017,12,9,6,3,5,3,1,1,0,0,0,0,0,4.04302E+20,5.88868E+21,7.56938E+15,5.3139E+16
26075,3.17122E+18,3,4,54,47,2017,12,13,6,1,4,6,0,1,0,0,1,0,1,3.94346E+20,5.85812E+21,7.4306E+15,5.28624E+16
26076,3.17122E+18,3,4,56,3,2017,12,15,6,3,2,2,0,1,0,0,0,0,1,3.78413E+20,5.80379E+21,7.21403E+15,5.23709E+16
26077,3.17122E+18,3,4,62,18,2017,12,14,6,3,4,6,0,1,0,0,0,0,0,3.99E+20,5.9344E+21,7.47557E+15,5.35487E+16
26078,3.17122E+18,3,4,52,23,2017,12,12,6,3,2,6,0,1,0,0,0,0,1,3.93786E+20,5.92662E+21,7.39954E+15,5.34778E+16
26079,3.17122E+18,3,4,53,9,2017,12,12,6,3,8,1,0,1,0,0,0,0,1,4.22325E+20,5.85062E+21,7.84787E+15,5.27998E+16
26080,3.17122E+18,3,4,55,14,2017,12,12,6,3,5,3,1,1,0,0,0,0,0,4.34517E+20,5.92855E+21,8.01274E+15,5.35018E+16
26081,3.17122E+18,3,4,55,14,2017,12,18,6,3,5,3,0,1,0,0,1,2,0,4.33935E+20,5.92691E+21,8.00432E+15,5.3487E+16
26082,3.17122E+18,3,4,2,0,2017,12,5,1,3,9,1,0,1,0,0,0,2,2,3.74677E+20,5.91348E+21,7.11697E+15,5.33556E+16
26083,3.17122E+18,3,4,56,19,2017,12,5,1,3,9,1,0,1,0,0,0,2,1,3.58533E+20,5.83006E+21,6.91105E+15,5.26022E+16
26084,3.17122E+18,3,4,51,8,2017,12,16,6,2,5,3,0,1,0,0,0,2,0,4.39878E+20,5.89588E+21,8.09978E+15,5.32088E+16
26085,3.17122E+18,3,4,56,15,2017,12,14,1,3,2,6,0,1,0,0,0,0,0,3.66977E+20,5.8083E+21,7.04436E+15,5.24087E+16
26086,3.17122E+18,3,4,54,49,2017,12,9,1,3,8,1,0,1,0,0,0,0,2,3.98083E+20,5.80352E+21,7.50292E+15,5.23724E+16
26087,3.17122E+18,3,4,52,25,2017,12,12,1,3,5,2,0,1,0,0,0,0,2,4.19154E+20,5.91695E+21,7.78417E+15,5.33955E+16
26088,3.17122E+18,3,4,52,12,2017,12,4,1,3,8,1,0,1,0,0,0,2,1,3.90305E+20,5.91623E+21,7.35072E+15,5.33838E+16
26089,3.17123E+18,3,1,2,0,2017,12,1,7,2,9,1,0,1,0,0,0,2,0,5.89376E+20,5.78078E+21,1.03069E+16,5.21702E+16
26090,3.17122E+18,3,4,55,26,2017,12,11,1,3,4,6,0,1,0,0,0,0,1,4.4381E+20,5.91585E+21,8.1551E+15,5.33888E+16
26091,3.17122E+18,3,2,51,3,2017,12,19,6,2,9,1,0,1,0,0,0,2,0,4.83851E+20,5.82188E+21,8.76185E+15,5.25467E+16
26092,3.17122E+18,3,2,51,40,2017,12,18,6,3,4,2,0,1,0,0,0,2,0,4.89136E+20,5.83676E+21,8.83931E+15,5.26807E+16
26093,3.17122E+18,3,2,51,44,2017,12,20,6,3,8,1,0,1,0,0,0,2,0,4.70653E+20,5.82486E+21,8.56696E+15,5.2573E+16
26094,3.17122E+18,3,4,58,7,2017,12,10,6,2,4,2,0,1,0,0,1,0,1,4.52238E+20,5.87165E+21,8.28843E+15,5.29923E+16
26095,3.17122E+18,3,4,58,5,2017,12,22,6,3,5,3,0,1,0,0,0,2,0,4.71489E+20,5.87493E+21,8.57493E+15,5.30232E+16
26096,3.17122E+18,3,3,52,62,2017,12,17,6,3,1,5,0,1,0,0,0,2,0,4.83058E+20,5.94084E+21,8.74389E+15,5.36161E+16
26097,3.17122E+18,3,3,53,5,2017,12,14,6,2,0,2,0,1,0,0,0,0,1,5.53895E+20,5.90615E+21,9.80874E+15,5.33018E+16
26098,3.17122E+18,3,2,41,4,2017,12,17,6,3,6,2,0,1,1,0,0,2,0,5.58443E+20,5.8163E+21,9.86082E+15,5.24937E+16
26099,3.17122E+18,3,2,41,18,2017,12,13,6,2,8,1,0,1,0,0,0,0,0,5.75248E+20,5.81007E+21,1.01069E+16,5.24357E+16
26100,3.17122E+18,3,2,41,1,2017,12,8,6,3,3,6,0,1,0,0,0,0,0,5.60225E+20,5.80575E+21,9.88516E+15,5.23987E+16
26101,3.17122E+18,3,2,57,20,2017,12,16,6,3,6,7,0,1,1,0,0,1,0,5.19406E+20,5.80072E+21,9.28495E+15,5.23564E+16
26102,3.17122E+18,3,2,57,9,2017,12,8,6,1,4,6,0,1,0,0,0,0,1,4.98246E+20,5.79067E+21,8.9743E+15,5.22664E+16
26103,3.17122E+18,3,2,52,8,2017,12,20,6,1,8,1,0,1,0,0,0,2,0,5.42566E+20,5.76437E+21,9.62044E+15,5.20283E+16
26104,3.17122E+18,3,2,52,6,2017,12,20,6,2,6,4,0,1,1,0,0,2,0,5.24337E+20,5.773E+21,9.35535E+15,5.2107E+16
26105,3.17122E+18,3,1,59,16,2017,12,13,6,3,0,1,0,0,0,1,0,0,0,5.65331E+20,5.71025E+21,9.94202E+15,5.15395E+16
26106,3.17122E+18,3,1,58,6,2017,12,11,6,3,6,7,0,1,1,0,0,0,0,6.13093E+20,5.78993E+21,1.06566E+16,5.22481E+16
26107,3.17122E+18,3,1,58,37,2017,12,4,6,3,5,3,0,1,0,0,0,2,0,6.02037E+20,5.77925E+21,1.04915E+16,5.21543E+16
26108,3.17122E+18,3,4,59,14,2017,12,15,5,2,5,3,0,1,0,0,0,0,1,4.36118E+20,5.80786E+21,8.06069E+15,5.24173E+16
26109,3.17122E+18,3,4,59,10,2017,12,13,5,3,5,3,0,1,0,1,0,0,1,4.28471E+20,5.82344E+21,7.94493E+15,5.25563E+16
26110,3.17122E+18,3,4,59,7,2017,12,7,5,3,5,3,0,1,0,0,0,2,1,4.30754E+20,5.83447E+21,7.97628E+15,5.26557E+16
26111,3.17122E+18,3,4,4,0,2017,12,15,5,3,5,3,0,1,0,1,0,0,1,4.34727E+20,5.79284E+21,8.04317E+15,5.2282E+16
26112,3.17122E+18,3,4,4,0,2017,12,17,5,3,2,6,0,1,0,0,0,2,1,4.34419E+20,5.79217E+21,8.03878E+15,5.2276E+16
26113,3.17122E+18,3,4,54,42,2017,12,10,5,3,7,7,0,1,0,0,0,0,1,4.09653E+20,5.86092E+21,7.65712E+15,5.28904E+16
26114,3.17122E+18,3,4,56,16,2017,12,22,5,2,8,1,0,1,0,0,0,2,1,3.8185E+20,5.79339E+21,7.26815E+15,5.22782E+16
26115,3.17122E+18,3,4,56,10,2017,12,17,5,2,1,7,0,1,0,0,0,2,0,3.73855E+20,5.80056E+21,7.14833E+15,5.23408E+16
26116,3.17122E+18,3,4,52,8,2017,12,10,5,3,5,3,0,1,0,0,0,0,1,3.86491E+20,5.94061E+21,7.28459E+15,5.3602E+16
26117,3.17122E+18,3,4,55,15,2017,12,13,1,3,8,1,0,1,0,0,0,0,1,4.35193E+20,5.93062E+21,8.0225E+15,5.35206E+16
26118,3.17122E+18,3,2,51,47,2017,12,19,1,3,1,5,0,1,0,0,0,2,1,4.89965E+20,5.86962E+21,8.85055E+15,5.29761E+16
26119,3.17123E+18,3,4,54,18,2017,12,10,6,3,9,1,0,1,0,0,0,0,2,3.75384E+20,5.853E+21,7.15103E+15,5.28124E+16
26120,3.17122E+18,3,4,53,5,2017,12,16,5,3,4,2,1,1,0,0,0,2,1,4.40799E+20,5.85945E+21,8.12025E+15,5.28815E+16
26121,3.17122E+18,3,4,53,5,2017,12,15,5,3,3,2,1,0,0,0,1,0,1,4.42548E+20,5.85632E+21,8.1468E+15,5.28535E+16
26122,3.17122E+18,3,4,55,26,2017,12,16,5,3,2,6,0,1,0,0,1,1,0,4.41609E+20,5.91705E+21,8.12179E+15,5.33993E+16
26123,3.17122E+18,3,3,56,8,2017,12,15,5,3,1,1,0,1,0,0,1,0,1,4.83396E+20,5.89388E+21,8.75147E+15,5.3194E+16
26124,3.17122E+18,3,3,56,7,2017,12,13,5,3,2,6,0,1,0,0,0,0,1,4.83704E+20,5.89485E+21,8.75603E+15,5.32028E+16
26125,3.17122E+18,3,3,61,3,2017,12,14,5,3,9,6,0,1,0,0,0,0,0,5.14687E+20,5.85924E+21,9.21825E+15,5.28827E+16
26126,3.17122E+18,3,4,51,1,2017,12,9,5,3,2,5,0,1,0,0,0,0,1,4.19014E+20,5.89723E+21,7.78709E+15,5.32182E+16
26127,3.17122E+18,3,4,3,0,2017,12,17,5,3,2,2,0,1,0,0,0,2,0,4.46016E+20,5.88854E+21,8.1929E+15,5.31435E+16
26128,3.17122E+18,3,4,3,0,2017,12,10,5,3,5,3,1,1,0,0,0,0,1,4.4527E+20,5.88709E+21,8.18201E+15,5.31304E+16
26129,3.17122E+18,3,4,58,13,2017,12,17,5,3,2,2,0,1,0,0,0,2,1,4.46788E+20,5.8765E+21,8.20644E+15,5.30354E+16
26130,3.17122E+18,3,4,58,3,2017,12,18,5,2,9,7,0,1,0,0,0,2,1,4.59243E+20,5.86982E+21,8.39302E+15,5.29764E+16
26131,3.17122E+18,3,2,51,47,2017,12,5,1,3,8,1,0,1,0,0,0,2,2,4.92979E+20,5.8724E+21,8.89538E+15,5.30011E+16
26132,3.17122E+18,3,3,56,7,2017,12,22,5,3,5,3,0,1,0,0,0,2,0,4.86291E+20,5.89745E+21,8.79465E+15,5.32262E+16
26133,3.17122E+18,3,4,53,5,2017,12,5,1,3,0,1,0,1,0,0,0,2,2,4.4594E+20,5.84831E+21,8.19849E+15,5.27819E+16
26134,3.17122E+18,3,4,1,0,2017,12,11,5,3,2,6,0,1,0,0,0,0,1,4.7408E+20,5.87781E+21,8.61333E+15,5.30492E+16
26135,3.17122E+18,3,3,52,11,2017,12,12,5,2,6,4,0,1,1,0,0,0,0,4.77875E+20,5.96338E+21,8.66393E+15,5.38185E+16
26136,3.17122E+18,3,3,59,37,2017,12,17,5,3,2,6,0,1,0,0,0,2,0,5.4024E+20,5.91603E+21,9.60511E+15,5.33918E+16
26137,3.17122E+18,3,3,59,38,2017,12,16,5,3,9,6,0,1,0,0,0,1,0,5.37021E+20,5.93444E+21,9.55888E+15,5.35575E+16
26138,3.17122E+18,3,3,57,6,2017,12,20,5,2,8,1,0,1,0,0,0,2,0,5.3273E+20,5.8782E+21,9.4883E+15,5.30523E+16
26139,3.17122E+18,3,3,60,2,2017,12,22,5,2,8,7,0,1,0,0,0,2,0,6.0539E+20,5.88124E+21,1.0573E+16,5.30703E+16
26140,3.17122E+18,3,3,55,1,2017,12,18,5,3,2,6,0,1,0,0,0,2,1,5.95115E+20,5.90623E+21,1.04271E+16,5.32968E+16
26141,3.17122E+18,3,2,41,5,2017,12,20,5,3,3,6,0,1,0,0,1,2,1,5.42286E+20,5.80866E+21,9.62188E+15,5.24265E+16
26142,3.17122E+18,3,2,41,5,2017,12,20,5,3,8,1,0,1,0,0,0,2,1,5.38957E+20,5.8091E+21,9.57299E+15,5.24307E+16
26143,3.17122E+18,3,2,41,11,2017,12,22,5,3,2,6,0,1,0,0,0,2,0,5.69519E+20,5.80403E+21,1.00214E+16,5.23821E+16
26144,3.17122E+18,3,2,41,10,2017,12,15,5,2,7,1,0,1,0,0,0,1,1,5.52321E+20,5.81183E+21,9.76996E+15,5.24541E+16
26145,3.17122E+18,3,2,54,28,2017,12,18,5,3,4,2,0,1,0,0,0,2,1,5.58476E+20,5.7881E+21,9.85639E+15,5.22402E+16
26146,3.17122E+18,3,2,54,21,2017,12,7,5,3,2,6,0,1,0,0,1,1,1,5.66398E+20,5.7791E+21,9.97063E+15,5.21584E+16
26147,3.17122E+18,3,4,53,3,2017,12,6,1,2,2,6,0,1,0,0,1,2,2,4.45901E+20,5.84815E+21,8.19793E+15,5.27804E+16
26148,3.17123E+18,3,1,57,7,2017,12,23,7,1,8,1,0,1,0,0,0,2,1,5.97364E+20,5.78896E+21,1.0426E+16,5.22424E+16
26149,3.17122E+18,3,1,59,17,2017,12,9,5,3,4,2,0,1,0,0,0,0,1,5.45591E+20,5.69501E+21,9.65544E+15,5.14045E+16
26150,3.17122E+18,3,1,59,37,2017,12,17,5,3,8,1,0,1,0,0,0,2,1,5.81013E+20,5.71604E+21,1.01694E+16,5.15896E+16
26151,3.17122E+18,3,1,59,22,2017,12,6,5,3,2,2,0,1,0,0,0,2,1,5.79078E+20,5.71532E+21,1.01413E+16,5.15834E+16
26152,3.17122E+18,3,4,58,14,2017,12,13,1,3,3,2,0,1,0,0,0,0,0,4.61432E+20,5.85764E+21,8.42706E+15,5.28671E+16
26153,3.17122E+18,3,1,59,16,2017,12,21,5,3,1,5,0,1,0,0,0,2,1,5.65276E+20,5.70906E+21,9.941E+15,5.15289E+16
26154,3.17122E+18,3,1,59,7,2017,12,19,5,2,4,1,0,1,0,0,0,2,1,5.69352E+20,5.71733E+21,1.00014E+16,5.16028E+16
26155,3.17122E+18,3,3,52,11,2017,12,15,1,3,2,2,0,1,0,0,0,0,2,4.77343E+20,5.96848E+21,8.65547E+15,5.38643E+16
26156,3.17123E+18,3,1,59,16,2017,12,13,7,3,9,1,0,1,0,0,0,0,1,5.61049E+20,5.71208E+21,9.88061E+15,5.15565E+16
26157,3.17122E+18,3,3,53,32,2017,12,18,1,3,4,2,0,1,0,0,1,2,1,5.74103E+20,5.916E+21,1.01142E+16,5.33879E+16
26158,3.17122E+18,3,1,54,13,2017,12,12,5,2,8,1,0,0,0,0,1,0,1,6.25694E+20,5.79052E+21,1.08413E+16,5.22507E+16
26159,3.17122E+18,3,1,58,30,2017,12,15,5,3,9,1,0,1,0,0,0,0,1,6.10932E+20,5.78487E+21,1.06233E+16,5.22031E+16
26160,3.17122E+18,3,1,58,16,2017,12,12,5,3,2,6,0,1,0,0,1,0,1,5.91132E+20,5.76827E+21,1.03292E+16,5.20575E+16
26161,3.17122E+18,3,1,57,9,2017,12,16,5,3,4,2,0,1,0,1,0,2,1,5.81409E+20,5.79027E+21,1.01927E+16,5.22568E+16
26162,3.17122E+18,3,1,2,0,2017,12,17,5,3,6,2,0,1,1,0,0,2,1,5.90345E+20,5.77912E+21,1.03206E+16,5.21552E+16
26163,3.17122E+18,3,1,2,0,2017,12,13,5,3,4,2,0,1,0,0,0,0,1,5.92077E+20,5.77889E+21,1.03459E+16,5.21528E+16
26164,3.17122E+18,3,1,2,0,2017,12,12,5,3,5,7,0,1,0,0,0,0,1,5.90526E+20,5.7798E+21,1.03234E+16,5.21613E+16
26165,3.17122E+18,3,1,2,0,2017,12,10,5,3,5,7,0,1,0,0,0,0,1,5.90774E+20,5.78032E+21,1.03272E+16,5.21658E+16
26166,3.17122E+18,3,1,53,2,2017,12,18,5,3,9,6,0,1,0,0,1,0,0,6.06682E+20,5.74974E+21,1.05502E+16,5.18882E+16
26167,3.17122E+18,3,1,2,0,2017,12,14,5,2,5,3,0,1,0,0,0,0,1,5.93886E+20,5.7816E+21,1.0373E+16,5.21769E+16
26168,3.17122E+18,3,4,59,24,2017,12,15,4,2,0,1,0,0,0,1,0,0,1,4.59088E+20,5.78759E+21,8.40089E+15,5.22372E+16
26169,3.17122E+18,3,4,59,8,2017,12,19,4,2,2,6,0,1,0,0,1,2,1,4.41076E+20,5.7962E+21,8.13563E+15,5.23129E+16
26170,3.17122E+18,3,4,59,24,2017,12,7,4,2,5,3,1,1,0,0,0,2,1,4.54451E+20,5.78449E+21,8.33339E+15,5.2209E+16
26171,3.17122E+18,3,4,59,14,2017,12,18,4,3,2,6,0,1,0,0,0,2,1,4.31133E+20,5.80648E+21,7.98768E+15,5.24042E+16
26172,3.17122E+18,3,4,4,0,2017,12,7,4,3,2,6,0,1,0,0,0,1,1,4.35767E+20,5.7899E+21,8.05897E+15,5.22557E+16
26173,3.17122E+18,3,3,57,18,2017,12,14,1,2,2,6,0,1,0,0,0,0,0,5.19679E+20,5.89454E+21,9.2946E+15,5.31998E+16
26174,3.17122E+18,3,3,57,13,2017,12,13,1,3,3,6,0,1,0,0,0,0,0,5.22012E+20,5.89744E+21,9.32971E+15,5.32258E+16
26175,3.17122E+18,3,3,55,30,2017,12,17,1,3,5,3,0,1,0,0,0,2,1,6.06053E+20,5.89725E+21,1.05882E+16,5.3214E+16
26176,3.17123E+18,3,1,51,13,2017,12,22,7,3,9,1,0,0,0,0,1,2,1,6.08095E+20,5.81045E+21,1.059E+16,5.24336E+16
26177,3.17122E+18,3,4,4,0,2017,12,7,4,3,6,2,0,1,1,0,0,2,1,4.34982E+20,5.79057E+21,8.04734E+15,5.22617E+16
26178,3.17122E+18,3,4,57,12,2017,12,16,4,3,8,1,0,1,0,0,0,1,1,3.85188E+20,5.9064E+21,7.27739E+15,5.32944E+16
26179,3.17122E+18,3,3,55,30,2017,12,0,1,3,8,1,0,1,0,0,0,2,2,6.04835E+20,5.89856E+21,1.05704E+16,5.3226E+16
26180,3.17122E+18,3,4,54,41,2017,12,16,4,3,4,2,0,1,0,0,0,2,1,3.92153E+20,5.87792E+21,7.39144E+15,5.30399E+16
26181,3.17122E+18,3,4,54,26,2017,12,6,4,3,8,7,0,0,0,1,0,2,1,4.103E+20,5.84788E+21,7.67032E+15,5.27733E+16
26182,3.17122E+18,3,4,52,1,2017,12,19,4,3,7,7,0,0,0,1,0,2,1,3.99478E+20,5.93185E+21,7.48359E+15,5.35259E+16
26183,3.17122E+18,3,4,52,1,2017,12,5,4,3,8,1,0,1,0,0,0,2,1,4.00322E+20,5.93344E+21,7.49582E+15,5.35404E+16
26184,3.17122E+18,3,4,60,8,2017,12,11,4,3,2,6,0,1,0,0,0,0,1,4.46269E+20,5.82368E+21,8.20738E+15,5.25605E+16
26185,3.17122E+18,3,4,55,27,2017,12,16,4,3,5,2,1,1,0,0,0,2,1,4.30807E+20,5.91623E+21,7.95953E+15,5.33906E+16
26186,3.17122E+18,3,3,61,12,2017,12,19,4,3,4,2,0,1,0,1,0,2,1,5.14767E+20,5.86321E+21,9.21963E+15,5.29184E+16
26187,3.17122E+18,3,4,51,5,2017,12,7,4,3,3,6,0,1,0,0,0,2,1,4.48981E+20,5.89483E+21,8.23623E+15,5.32004E+16
26188,3.17122E+18,3,4,51,1,2017,12,15,4,3,5,3,0,1,0,0,1,0,1,4.17968E+20,5.89965E+21,7.77082E+15,5.32398E+16
26189,3.17122E+18,3,4,51,2,2017,12,13,4,3,9,1,0,1,0,0,0,0,0,4.34947E+20,5.89729E+21,8.02567E+15,5.3221E+16
26190,3.17122E+18,3,2,51,47,2017,12,18,4,3,3,2,1,1,0,0,0,0,1,4.8562E+20,5.87084E+21,8.7858E+15,5.29869E+16
26191,3.17122E+18,3,2,51,41,2017,12,16,4,3,2,6,0,1,0,0,0,1,1,4.88264E+20,5.86503E+21,8.82538E+15,5.29348E+16
26192,3.17122E+18,3,2,51,9,2017,12,18,4,3,7,7,0,1,0,0,0,2,0,4.62996E+20,5.8128E+21,8.45532E+15,5.24641E+16
26193,3.17122E+18,3,4,60,1,2017,12,18,4,3,9,6,0,1,0,0,0,2,0,4.44149E+20,5.84184E+21,8.17304E+15,5.27236E+16
26194,3.17122E+18,3,4,61,3,2017,12,7,4,3,8,6,0,1,0,0,1,1,1,4.55397E+20,5.93811E+21,8.32615E+15,5.35899E+16
26195,3.17122E+18,3,4,61,3,2017,12,12,4,2,8,1,0,1,0,0,0,0,1,4.55641E+20,5.9315E+21,8.33077E+15,5.35305E+16
26196,3.17122E+18,3,4,1,0,2017,12,15,4,3,5,3,1,1,0,0,0,0,1,4.74831E+20,5.87624E+21,8.62465E+15,5.30351E+16
26197,3.17122E+18,3,3,52,60,2017,12,6,4,3,8,1,0,1,0,0,0,2,1,4.67928E+20,5.91233E+21,8.51809E+15,5.33591E+16
26198,3.17122E+18,3,2,41,21,2017,12,20,1,3,7,7,0,1,0,0,0,2,1,5.33865E+20,5.80715E+21,9.4979E+15,5.24135E+16
26199,3.17122E+18,3,2,41,5,2017,12,14,1,3,2,6,0,1,0,0,0,0,0,5.4205E+20,5.8089E+21,9.61845E+15,5.24287E+16
26200,3.17122E+18,3,3,52,62,2017,12,7,4,3,4,6,0,1,0,0,0,2,1,4.74427E+20,5.94717E+21,8.61289E+15,5.36726E+16
26201,3.17122E+18,3,3,53,16,2017,12,17,4,3,6,4,0,1,1,0,0,2,1,5.67689E+20,5.90145E+21,1.00147E+16,5.3258E+16
26202,3.17122E+18,3,3,53,40,2017,12,7,4,3,2,6,0,1,0,0,0,1,1,5.79905E+20,5.91371E+21,1.02009E+16,5.33664E+16
26203,3.17122E+18,3,3,53,40,2017,12,17,4,2,5,2,1,1,0,0,0,2,1,5.79896E+20,5.91368E+21,1.02007E+16,5.33662E+16
26204,3.17122E+18,3,3,53,5,2017,12,8,4,3,6,2,0,1,1,0,0,0,1,5.58679E+20,5.90984E+21,9.8812E+15,5.33345E+16
26205,3.17123E+18,3,4,54,35,2017,12,7,6,3,8,1,0,1,0,0,0,0,2,3.76478E+20,5.83855E+21,7.17271E+15,5.26828E+16
26206,3.17123E+18,3,1,59,29,2017,12,16,7,2,3,6,0,1,0,0,0,1,1,5.60239E+20,5.70092E+21,9.86702E+15,5.14563E+16
26207,3.17122E+18,3,3,58,22,2017,12,14,4,3,2,6,0,1,0,0,0,0,1,5.3942E+20,5.85772E+21,9.58561E+15,5.28678E+16
26208,3.17122E+18,3,3,57,44,2017,12,11,4,3,6,7,0,1,1,0,0,0,0,5.33779E+20,5.90432E+21,9.50671E+15,5.3287E+16
26209,3.17122E+18,3,2,52,1,2017,12,17,1,2,5,3,0,1,0,0,0,2,0,5.18417E+20,5.76852E+21,9.26867E+15,5.2067E+16
26210,3.17122E+18,3,3,55,42,2017,12,19,4,3,5,3,0,1,0,0,0,2,1,5.91907E+20,5.91004E+21,1.03801E+16,5.33315E+16
26211,3.17122E+18,3,3,55,24,2017,12,7,4,3,2,6,0,1,0,0,1,2,1,5.95029E+20,5.89245E+21,1.04217E+16,5.31729E+16
26212,3.17122E+18,3,1,59,29,2017,12,8,1,3,2,6,0,1,0,0,0,0,0,5.60807E+20,5.70431E+21,9.87578E+15,5.14866E+16
26213,3.17122E+18,3,2,41,21,2017,12,17,4,3,6,4,0,1,1,0,0,2,1,5.28563E+20,5.80841E+21,9.42006E+15,5.24251E+16
26214,3.17122E+18,3,2,41,10,2017,12,15,4,3,8,1,0,1,0,0,0,0,1,5.49767E+20,5.80899E+21,9.73195E+15,5.24289E+16
26215,3.17122E+18,3,2,41,1,2017,12,11,4,3,5,3,1,1,0,0,0,0,0,5.56342E+20,5.80091E+21,9.82729E+15,5.23556E+16
26216,3.17122E+18,3,2,41,1,2017,12,19,4,3,2,6,0,1,0,0,1,2,1,5.60568E+20,5.80568E+21,9.89019E+15,5.2398E+16
26217,3.17122E+18,3,2,41,1,2017,12,17,4,3,2,6,0,0,0,0,1,2,1,5.48367E+20,5.80643E+21,9.711E+15,5.2406E+16
26218,3.17122E+18,3,2,41,1,2017,12,13,4,3,2,6,0,0,0,0,1,0,0,5.49708E+20,5.80881E+21,9.73106E+15,5.24273E+16
26219,3.17122E+18,3,2,41,19,2017,12,6,4,3,3,6,0,1,0,0,1,2,1,5.501E+20,5.82891E+21,9.73985E+15,5.26079E+16
26220,3.17122E+18,3,2,56,18,2017,12,16,4,2,4,6,1,1,0,0,0,2,1,5.07805E+20,5.81709E+21,9.11499E+15,5.25039E+16
26221,3.17122E+18,3,2,57,35,2017,12,17,4,3,5,3,0,1,0,0,0,2,1,5.13114E+20,5.79592E+21,9.19237E+15,5.23134E+16
26222,3.17122E+18,3,2,54,13,2017,12,13,4,3,5,3,0,1,0,0,0,0,0,5.4886E+20,5.76691E+21,9.71252E+15,5.20507E+16
26223,3.17122E+18,3,2,54,43,2017,12,17,4,3,7,7,0,1,0,0,0,2,1,5.52309E+20,5.7657E+21,9.76264E+15,5.20394E+16
26224,3.17122E+18,3,2,55,19,2017,12,7,4,3,2,6,0,1,0,0,0,2,1,5.28539E+20,5.74879E+21,9.41469E+15,5.18891E+16
26225,3.17122E+18,3,2,52,1,2017,12,20,4,2,6,4,0,1,1,0,0,2,1,5.20913E+20,5.76855E+21,9.30509E+15,5.20671E+16
26226,3.17122E+18,3,2,52,2,2017,12,11,4,1,4,1,0,1,0,0,0,0,1,5.32191E+20,5.78099E+21,9.47078E+15,5.21784E+16
26227,3.17122E+18,3,2,52,6,2017,12,15,4,3,0,1,0,0,0,1,0,0,1,5.23569E+20,5.77057E+21,9.34397E+15,5.20852E+16
26228,3.17122E+18,3,1,59,6,2017,12,16,4,3,8,1,0,1,0,0,0,1,1,5.79297E+20,5.71944E+21,1.01454E+16,5.16204E+16