OBJECTID,UIDENTSTLA,ULAND,UREGBEZ,UKREIS,UGEMEINDE,UJAHR,UMONAT,USTUNDE,UWOCHENTAG,UKATEGORIE,UART,UTYP1,IstRad,IstPKW,IstFuss,IstKrad,IstSonstig,LICHT,STRZUSTAND,LINREFX,LINREFY,XGCSWGS84,YGCSWGS84
26404,6.1701E+18,6,5,33,14,2017,1,8,2,3,9,1,0,1,0,0,0,0,1,4.46225E+20,5.57514E+21,8.24453E+15,5.03259E+16
26405,6.1701E+18,6,4,14,0,2017,1,15,2,3,5,3,0,1,0,0,0,0,1,4.48245E+20,5.54835E+21,8.27656E+15,5.00851E+16
26406,6.1701E+18,6,6,34,14,2017,1,7,2,3,8,7,0,1,0,0,0,1,2,5.42847E+20,5.66728E+21,9.61267E+15,5.11553E+16
26407,6.1701E+18,6,4,39,8,2017,1,6,2,2,8,1,0,1,0,0,0,2,2,4.51543E+20,5.56303E+21,8.32078E+15,5.02175E+16
26408,6.1701E+18,6,4,38,2,2017,1,19,2,2,6,4,0,1,1,0,0,2,1,4.79112E+20,5.54261E+21,8.70833E+15,5.00354E+16
26409,6.1701E+18,6,4,38,10,2017,1,18,2,2,4,7,0,1,0,0,0,2,1,4.89118E+20,5.54551E+21,8.84796E+15,5.00618E+16
26410,6.1701E+18,6,4,34,4,2017,1,14,2,2,5,3,0,1,0,0,0,0,1,4.60292E+20,5.57964E+21,8.44167E+15,5.03675E+16
26411,6.1701E+18,6,4,34,8,2017,1,7,2,1,4,6,0,1,0,0,1,2,1,4.68258E+20,5.56325E+21,8.55505E+15,5.02206E+16
26412,6.1701E+18,6,4,34,8,2017,1,10,2,3,2,6,0,1,0,0,0,0,1,4.70383E+20,5.5637E+21,8.58481E+15,5.02247E+16
26413,6.1701E+18,6,4,40,11,2017,1,9,2,3,8,1,0,1,0,0,0,0,2,5.08155E+20,5.5849E+21,9.11479E+15,5.04161E+16
26414,4.17011E+18,4,0,11,0,2017,1,11,7,3,2,6,0,1,0,0,0,0,2,4.91228E+20,5.8845E+21,8.86895E+15,5.31099E+16
26415,4.17011E+18,4,0,11,0,2017,1,19,6,2,1,5,0,1,0,0,0,2,0,4.74754E+20,5.89242E+21,8.62224E+15,5.31806E+16
26416,4.17011E+18,4,0,11,0,2017,1,15,6,3,0,7,0,1,0,0,1,0,0,4.92322E+20,5.87669E+21,8.88548E+15,5.30397E+16
26417,6.1701E+18,6,4,32,21,2017,1,10,2,3,8,1,0,1,0,0,0,0,1,4.99399E+20,5.53088E+21,8.99163E+15,4.99303E+16
26418,6.1701E+18,6,4,32,4,2017,1,17,2,3,2,6,0,1,0,0,0,2,1,4.89279E+20,5.52896E+21,8.85067E+15,4.99129E+16
26419,6.1701E+18,6,4,32,16,2017,1,9,2,3,9,1,0,1,0,0,0,0,2,4.83999E+20,5.52178E+21,8.77743E+15,4.98482E+16
26420,6.1701E+18,6,4,40,17,2017,1,23,2,3,8,1,0,1,0,0,0,2,2,4.8696E+20,5.57268E+21,8.81689E+15,5.03061E+16
26421,6.1701E+18,6,6,31,5,2017,1,7,2,3,9,1,0,1,0,0,0,2,2,5.68149E+20,5.59652E+21,9.96126E+15,5.05167E+16
26422,6.1701E+18,6,4,35,14,2017,1,7,2,3,2,6,0,1,0,0,0,1,1,4.93571E+20,5.5536E+21,8.91005E+15,5.01346E+16
26423,6.1701E+18,6,5,31,11,2017,1,10,2,3,4,6,0,1,0,0,0,0,1,4.83612E+20,5.59337E+21,8.76897E+15,5.04921E+16
26424,4.1701E+18,4,0,11,0,2017,1,12,4,3,3,6,0,1,0,0,1,0,1,4.85726E+20,5.88063E+21,8.78694E+15,5.3075E+16
26425,4.1701E+18,4,0,11,0,2017,1,18,2,2,2,6,0,1,0,0,1,2,0,4.81119E+20,5.89126E+21,8.71755E+15,5.31704E+16
26426,4.1701E+18,4,0,11,0,2017,1,6,1,2,8,1,0,1,0,0,0,2,0,4.82685E+20,5.88799E+21,8.74114E+15,5.3141E+16
26427,3.17123E+18,3,4,56,20,2017,12,8,1,2,9,1,0,1,0,0,0,1,1,3.80559E+20,5.79861E+21,7.24738E+15,5.23248E+16
26428,6.1701E+18,6,4,35,3,2017,1,21,2,3,9,1,0,1,0,0,0,2,1,5.1777E+20,5.56349E+21,9.2491E+15,5.02234E+16
26429,6.1701E+18,6,6,11,0,2017,1,8,2,2,9,1,0,1,0,0,0,0,1,5.334E+20,5.68133E+21,9.4789E+15,5.12823E+16
26430,6.1701E+18,6,4,12,0,2017,1,15,2,3,3,1,0,1,0,0,0,0,0,4.76403E+20,5.55677E+21,8.66962E+15,5.01627E+16
26431,6.1701E+18,6,4,12,0,2017,1,13,2,3,8,1,0,1,0,0,0,0,1,4.74493E+20,5.56092E+21,8.6426E+15,5.01999E+16
26432,3.17123E+18,3,4,52,6,2017,12,21,1,3,6,6,0,0,1,0,1,2,1,4.07408E+20,5.92253E+21,7.60593E+15,5.34436E+16
26433,6.1701E+18,6,4,36,7,2017,1,18,2,3,2,6,0,1,0,0,0,2,0,4.57119E+20,5.54499E+21,8.40097E+15,5.00557E+16
26434,3.17123E+18,3,3,52,62,2017,12,19,1,3,2,6,0,1,0,0,0,2,1,4.77491E+20,5.94016E+21,8.65979E+15,5.36098E+16
26435,6.1701E+18,6,5,31,14,2017,1,9,2,3,8,1,0,1,0,0,0,0,1,4.8195E+20,5.59518E+21,8.74544E+15,5.05083E+16
26436,6.1701E+18,6,5,31,18,2017,1,21,1,3,9,1,0,1,0,0,0,2,2,4.7352E+20,5.60824E+21,8.62563E+15,5.06254E+16
26437,6.1701E+18,6,6,36,15,2017,1,1,1,3,9,1,0,1,0,0,0,2,2,5.76555E+20,5.66341E+21,1.00938E+16,5.1117E+16
26438,6.1701E+18,6,5,35,11,2017,1,22,1,3,8,1,0,1,0,0,0,2,1,5.29558E+20,5.61115E+21,9.41811E+15,5.06515E+16
26439,6.1701E+18,6,5,33,14,2017,1,12,1,1,8,1,0,1,0,0,0,0,0,4.48561E+20,5.58042E+21,8.27662E+15,5.03736E+16
26440,6.1701E+18,6,6,11,0,2017,1,2,1,3,1,1,0,1,0,0,0,2,1,5.34189E+20,5.68739E+21,9.4908E+15,5.13368E+16
26441,6.1701E+18,6,6,33,26,2017,1,5,1,3,3,6,0,1,0,0,0,2,1,5.31713E+20,5.69022E+21,9.45551E+15,5.13623E+16
26442,6.1701E+18,6,4,14,0,2017,1,10,1,3,9,1,0,1,0,0,0,0,2,4.49369E+20,5.53972E+21,8.29342E+15,5.00077E+16
26443,6.1701E+18,6,6,33,13,2017,1,16,1,3,8,7,0,1,0,0,0,1,1,5.28822E+20,5.70847E+21,9.41547E+15,5.15266E+16
26444,6.1701E+18,6,4,34,12,2017,1,18,1,3,5,3,0,1,0,0,0,2,1,4.70785E+20,5.56999E+21,8.58995E+15,5.02813E+16
26445,6.1701E+18,6,4,36,7,2017,1,18,1,2,5,3,0,1,0,0,0,2,1,4.57505E+20,5.54507E+21,8.40635E+15,5.00564E+16
26446,6.1701E+18,6,4,35,14,2017,1,0,1,3,6,4,0,1,1,0,0,2,1,4.94476E+20,5.55424E+21,8.9227E+15,5.01404E+16
26447,6.1701E+18,6,5,32,21,2017,1,19,1,3,5,3,0,1,0,1,0,2,1,4.58291E+20,5.60033E+21,8.41123E+15,5.05534E+16
26448,6.1701E+18,6,5,32,23,2017,1,0,1,3,2,2,0,1,0,0,0,2,1,4.64681E+20,5.60181E+21,8.50128E+15,5.05672E+16
26449,6.1701E+18,6,6,33,3,2017,1,15,1,2,3,6,0,1,0,0,1,0,1,5.29293E+20,5.67994E+21,9.41991E+15,5.12701E+16
26450,6.1701E+18,6,6,32,20,2017,1,18,1,3,9,1,0,1,0,0,0,2,0,5.64195E+20,5.64182E+21,9.91338E+15,5.09244E+16
26451,6.1701E+18,6,4,12,0,2017,1,4,1,3,5,3,0,1,0,0,0,2,1,4.64718E+20,5.54724E+21,8.50691E+15,5.00764E+16
26452,6.1701E+18,6,4,32,23,2017,1,20,1,3,9,1,0,1,0,0,0,2,0,4.7216E+20,5.53191E+21,8.61202E+15,4.99389E+16
26453,6.1701E+18,6,5,31,16,2017,1,8,1,3,8,1,0,1,0,0,0,0,1,4.88305E+20,5.60671E+21,8.83471E+15,5.06122E+16
26454,6.1701E+18,6,4,40,23,2017,1,9,1,3,3,6,0,1,0,0,0,0,1,4.7633E+20,5.56982E+21,8.66778E+15,5.02801E+16
26455,4.17123E+18,4,0,11,0,2017,12,3,2,2,8,1,0,1,0,0,0,2,1,4.81986E+20,5.88889E+21,8.73065E+15,5.31491E+16
26456,4.17122E+18,4,0,11,0,2017,12,5,7,2,3,6,0,1,0,0,1,2,1,4.8727E+20,5.87796E+21,8.81009E+15,5.3051E+16
26457,4.17122E+18,4,0,11,0,2017,12,11,6,3,5,2,1,1,0,0,0,0,0,4.8789E+20,5.87763E+21,8.81936E+15,5.3048E+16
26458,3.17123E+18,3,3,53,31,2017,12,15,1,3,8,1,0,1,0,0,0,1,1,5.69037E+20,5.91559E+21,1.0038E+16,5.33849E+16
26459,3.17123E+18,3,3,58,10,2017,12,15,1,3,8,1,0,1,0,0,0,0,0,5.38289E+20,5.83924E+21,9.56664E+15,5.27017E+16
26460,3.17123E+18,3,3,58,19,2017,12,17,1,3,6,2,0,1,1,0,0,2,1,5.52778E+20,5.88535E+21,9.78855E+15,5.31149E+16
26461,3.17123E+18,3,2,41,4,2017,12,14,1,3,9,1,0,1,0,0,0,0,1,5.59871E+20,5.81799E+21,9.88216E+15,5.25088E+16
26462,4.17122E+18,4,0,11,0,2017,12,15,5,3,3,6,0,1,0,0,1,0,0,4.86321E+20,5.88184E+21,8.79576E+15,5.30859E+16
26463,3.17123E+18,3,2,41,18,2017,12,10,1,3,9,1,0,1,0,0,0,0,1,5.79695E+20,5.80584E+21,1.01713E+16,5.2397E+16
26464,3.17123E+18,3,2,41,1,2017,12,20,1,3,5,2,0,1,0,0,1,2,1,5.53255E+20,5.8027E+21,9.78225E+15,5.2372E+16
26465,4.17122E+18,4,0,11,0,2017,12,6,1,3,9,1,0,1,0,0,0,2,1,4.81827E+20,5.88909E+21,8.72826E+15,5.31508E+16
26466,4.17121E+18,4,0,11,0,2017,12,17,5,3,2,6,0,1,0,0,0,2,0,4.97766E+20,5.87921E+21,8.96667E+15,5.30624E+16
26467,4.17121E+18,4,0,11,0,2017,12,14,5,2,2,6,0,0,0,0,1,0,0,4.90516E+20,5.87551E+21,8.85858E+15,5.30291E+16
26468,4.17121E+18,4,0,11,0,2017,12,16,3,3,3,6,0,1,0,0,1,2,1,4.90142E+20,5.87526E+21,8.85301E+15,5.30268E+16
26469,4.17121E+18,4,0,11,0,2017,12,15,2,2,2,6,0,0,0,0,1,0,1,4.88872E+20,5.87493E+21,8.83409E+15,5.30238E+16
26470,4.17121E+18,4,0,11,0,2017,12,16,1,2,2,7,0,1,0,0,0,2,2,4.68356E+20,5.8946E+21,8.52629E+15,5.31998E+16
26471,4.17121E+18,4,0,11,0,2017,12,16,7,3,3,6,0,1,0,0,1,2,1,4.87045E+20,5.88533E+21,8.80643E+15,5.31172E+16
26472,4.17121E+18,4,0,11,0,2017,12,22,5,2,8,1,0,1,0,0,0,2,1,4.78796E+20,5.89158E+21,8.68277E+15,5.31731E+16
26473,4.17121E+18,4,0,11,0,2017,12,18,3,3,2,6,0,1,0,0,0,2,1,4.85033E+20,5.87956E+21,8.77665E+15,5.30654E+16
26474,4.17121E+18,4,0,11,0,2017,12,14,3,3,2,6,0,1,0,0,0,0,1,4.81114E+20,5.89241E+21,8.7174E+15,5.31807E+16
26475,4.17121E+18,4,0,11,0,2017,12,17,3,3,2,6,0,1,0,0,0,2,1,4.81849E+20,5.88847E+21,8.72862E+15,5.31453E+16
26476,3.17123E+18,3,2,41,1,2017,12,12,1,3,9,1,0,1,0,0,0,0,1,5.54748E+20,5.80926E+21,9.80524E+15,5.24308E+16
26477,4.1712E+18,4,0,12,0,2017,12,16,6,3,2,6,0,1,0,0,0,2,1,4.73296E+20,5.93353E+21,8.59695E+15,5.355E+16
26478,4.17113E+18,4,0,11,0,2017,11,17,5,3,2,6,0,1,0,0,0,1,1,4.82394E+20,5.88834E+21,8.73677E+15,5.31442E+16
26479,3.17123E+18,3,1,59,14,2017,12,14,1,3,8,1,0,1,0,0,0,0,1,5.86145E+20,5.717E+21,1.02437E+16,5.15974E+16
26480,4.17113E+18,4,0,11,0,2017,11,10,3,3,4,6,0,1,0,0,1,0,0,4.86309E+20,5.88233E+21,8.79556E+15,5.30903E+16
26481,4.17113E+18,4,0,11,0,2017,11,4,1,3,2,6,0,1,0,0,0,2,1,4.82036E+20,5.88885E+21,8.7314E+15,5.31488E+16
26482,4.17112E+18,4,0,11,0,2017,11,17,3,3,2,6,0,1,0,0,0,1,1,4.84849E+20,5.87929E+21,8.7739E+15,5.30629E+16
26483,4.17112E+18,4,0,11,0,2017,11,17,2,3,2,6,0,1,0,0,1,2,1,4.90006E+20,5.87517E+21,8.851E+15,5.3026E+16
26484,4.17112E+18,4,0,11,0,2017,11,15,1,3,3,6,0,1,0,0,0,0,1,4.87121E+20,5.87492E+21,8.80799E+15,5.30237E+16
26485,4.17112E+18,4,0,11,0,2017,11,17,5,2,2,6,0,1,0,0,0,2,1,4.97895E+20,5.87867E+21,8.9686E+15,5.30575E+16
26486,4.17112E+18,4,0,11,0,2017,11,14,5,2,2,6,0,1,0,0,0,0,0,4.77029E+20,5.89154E+21,8.65634E+15,5.31727E+16
26487,4.17112E+18,4,0,11,0,2017,11,11,5,2,2,6,0,0,0,0,1,0,0,4.90852E+20,5.87575E+21,8.86359E+15,5.30312E+16
26488,4.17111E+18,4,0,11,0,2017,11,14,5,3,5,3,1,1,0,0,0,0,0,4.87583E+20,5.87779E+21,8.81477E+15,5.30495E+16
26489,4.17111E+18,4,0,11,0,2017,11,21,5,3,9,1,0,1,0,0,0,2,1,4.80702E+20,5.89214E+21,8.71125E+15,5.31782E+16
26490,4.17111E+18,4,0,11,0,2017,11,7,5,3,0,1,1,0,0,0,0,0,0,4.87782E+20,5.87773E+21,8.81774E+15,5.30489E+16
26491,4.17111E+18,4,0,12,0,2017,11,8,4,3,5,3,1,1,0,0,0,0,0,4.71857E+20,5.93328E+21,8.57525E+15,5.35477E+16
26492,4.17111E+18,4,0,11,0,2017,11,18,4,3,2,6,0,1,0,0,0,2,0,4.82824E+20,5.88781E+21,8.74324E+15,5.31394E+16
26493,4.17111E+18,4,0,11,0,2017,11,17,4,3,2,6,0,1,0,0,0,2,0,4.8154E+20,5.88962E+21,8.72394E+15,5.31556E+16
26494,4.17111E+18,4,0,11,0,2017,11,19,4,2,3,6,0,1,0,0,0,2,0,4.82439E+20,5.88828E+21,8.73746E+15,5.31437E+16
26495,6.17011E+18,6,6,31,6,2017,1,20,6,3,8,1,0,1,0,0,0,2,2,5.48671E+20,5.59331E+21,9.68612E+15,5.04897E+16
26496,4.17111E+18,4,0,11,0,2017,11,3,3,3,9,1,0,0,0,0,1,2,1,4.81206E+20,5.89092E+21,8.71887E+15,5.31673E+16
26497,4.17111E+18,4,0,11,0,2017,11,12,2,3,2,6,0,0,0,0,1,0,0,4.90006E+20,5.87517E+21,8.85099E+15,5.3026E+16
26498,4.17111E+18,4,0,11,0,2017,11,10,2,3,2,6,0,1,0,0,1,0,0,4.87786E+20,5.87494E+21,8.8179E+15,5.30238E+16
26499,3.17123E+18,3,1,59,16,2017,12,18,1,3,5,3,0,1,0,0,0,2,0,5.60481E+20,5.70836E+21,9.87177E+15,5.15231E+16
26500,4.17111E+18,4,0,11,0,2017,11,18,2,3,2,6,0,1,0,0,0,1,0,4.90111E+20,5.87523E+21,8.85255E+15,5.30266E+16
26501,4.1711E+18,4,0,11,0,2017,11,7,4,3,2,6,0,1,0,0,0,1,1,4.82447E+20,5.88822E+21,8.73758E+15,5.31431E+16
26502,4.17103E+18,4,0,11,0,2017,10,12,2,3,2,6,0,1,0,0,0,0,1,4.92414E+20,5.87656E+21,8.88687E+15,5.30385E+16
26503,4.17103E+18,4,0,11,0,2017,10,6,1,3,2,6,0,1,0,0,0,2,1,4.89674E+20,5.88513E+21,8.84572E+15,5.31155E+16
26504,4.17103E+18,4,0,11,0,2017,10,21,7,3,1,5,0,1,0,0,0,2,1,4.87312E+20,5.87611E+21,8.81079E+15,5.30343E+16
26505,4.17103E+18,4,0,11,0,2017,10,14,6,3,3,6,0,1,0,0,1,0,0,4.90532E+20,5.87552E+21,8.85882E+15,5.30291E+16
26506,4.17103E+18,4,0,11,0,2017,10,19,6,2,2,6,0,1,0,0,0,2,0,4.91241E+20,5.876E+21,8.86938E+15,5.30335E+16
26507,4.17103E+18,4,0,11,0,2017,10,1,5,3,8,1,0,1,0,0,0,2,1,4.82012E+20,5.88889E+21,8.73103E+15,5.31491E+16
26508,4.17103E+18,4,0,12,0,2017,10,8,4,2,9,1,0,1,0,0,0,0,1,4.74803E+20,5.93498E+21,8.61958E+15,5.35631E+16
26509,4.17102E+18,4,0,12,0,2017,10,13,3,3,2,6,0,1,0,0,0,0,1,4.72554E+20,5.93196E+21,8.58589E+15,5.35358E+16
26510,4.17102E+18,4,0,11,0,2017,10,11,7,3,5,3,0,1,0,0,0,0,0,4.91536E+20,5.88422E+21,8.87357E+15,5.31073E+16
26511,4.17102E+18,4,0,11,0,2017,10,15,4,3,2,6,0,1,0,0,0,0,0,4.87272E+20,5.88522E+21,8.80982E+15,5.31163E+16
26512,4.17102E+18,4,0,11,0,2017,10,12,4,3,3,6,0,1,0,0,1,0,0,4.81922E+20,5.88855E+21,8.72972E+15,5.3146E+16
26513,3.17123E+18,3,1,2,0,2017,12,22,1,1,8,1,0,1,0,0,0,2,0,5.99902E+20,5.78406E+21,1.04617E+16,5.21979E+16
26514,3.17123E+18,3,4,59,12,2017,12,15,7,2,9,1,0,1,0,0,0,0,1,4.43702E+20,5.78704E+21,8.17568E+15,5.22309E+16
26515,4.17102E+18,4,0,11,0,2017,10,14,4,3,3,6,0,1,0,0,1,0,0,4.85487E+20,5.88024E+21,8.78339E+15,5.30715E+16
26516,3.17123E+18,3,4,4,0,2017,12,18,7,3,2,6,0,1,0,0,0,2,1,4.33204E+20,5.79154E+21,8.0211E+15,5.22701E+16
26517,3.17123E+18,3,4,4,0,2017,12,12,7,3,5,3,0,1,0,0,0,0,1,4.3517E+20,5.79118E+21,8.04997E+15,5.22672E+16
26518,3.17123E+18,3,3,56,7,2017,12,21,7,3,2,2,0,1,0,0,0,2,1,4.85966E+20,5.89757E+21,8.78978E+15,5.32272E+16
26519,3.17123E+18,3,3,61,9,2017,12,23,7,3,4,2,0,1,0,0,0,2,1,4.98041E+20,5.87876E+21,8.97077E+15,5.30583E+16
26520,3.17123E+18,3,3,61,6,2017,12,12,7,3,0,3,1,1,0,0,0,0,1,5.1327E+20,5.86926E+21,9.19761E+15,5.29728E+16
26521,4.17102E+18,4,0,12,0,2017,10,9,4,3,2,7,0,1,0,0,1,0,0,4.74916E+20,5.93165E+21,8.62154E+15,5.35331E+16
26522,4.17102E+18,4,0,11,0,2017,10,13,3,3,2,6,0,1,0,0,0,0,0,4.91473E+20,5.88426E+21,8.87263E+15,5.31077E+16
26523,4.17102E+18,4,0,11,0,2017,10,9,2,3,2,6,0,1,0,0,1,0,0,4.78059E+20,5.89147E+21,8.67175E+15,5.31722E+16
26524,4.17102E+18,4,0,12,0,2017,10,7,2,3,2,6,0,1,0,0,0,0,0,4.74796E+20,5.93297E+21,8.61963E+15,5.3545E+16
26525,4.17101E+18,4,0,11,0,2017,10,15,4,3,3,6,0,1,0,0,1,0,0,4.86017E+20,5.87865E+21,8.79136E+15,5.30572E+16
26526,4.17101E+18,4,0,11,0,2017,10,6,2,3,2,6,0,1,0,0,0,1,1,4.7988E+20,5.89167E+21,8.69898E+15,5.3174E+16
26527,4.17101E+18,4,0,11,0,2017,10,19,7,3,2,6,0,1,0,0,0,2,1,4.86173E+20,5.87883E+21,8.79368E+15,5.30588E+16
26528,4.17101E+18,4,0,11,0,2017,10,15,6,3,2,6,0,1,0,0,1,0,1,4.79682E+20,5.89164E+21,8.69602E+15,5.31737E+16
26529,4.17101E+18,4,0,11,0,2017,10,22,5,3,3,6,0,1,0,0,0,2,1,4.86745E+20,5.88545E+21,8.80195E+15,5.31183E+16
26530,4.17093E+18,4,0,11,0,2017,9,21,6,3,3,6,0,1,0,0,1,2,0,4.85893E+20,5.88104E+21,8.78941E+15,5.30786E+16
26531,4.17093E+18,4,0,11,0,2017,9,15,6,2,5,3,0,1,0,0,1,0,0,4.9063E+20,5.88488E+21,8.86002E+15,5.31133E+16
26532,4.17093E+18,4,0,11,0,2017,9,17,5,3,3,6,0,1,0,0,1,1,1,4.86377E+20,5.88211E+21,8.79659E+15,5.30883E+16
26533,4.17093E+18,4,0,11,0,2017,9,15,5,3,2,6,0,1,0,0,1,0,1,4.86105E+20,5.88146E+21,8.79255E+15,5.30824E+16
26534,4.17093E+18,4,0,11,0,2017,9,6,5,3,5,3,0,1,0,0,1,2,0,4.84809E+20,5.88008E+21,8.77328E+15,5.30699E+16
26535,4.17093E+18,4,0,11,0,2017,9,14,3,3,2,6,0,1,0,0,1,0,0,4.90575E+20,5.87555E+21,8.85947E+15,5.30294E+16
26536,4.17093E+18,4,0,12,0,2017,9,7,3,3,2,6,0,1,0,0,0,1,1,4.75195E+20,5.93034E+21,8.62586E+15,5.35214E+16
26537,4.17093E+18,4,0,11,0,2017,9,18,2,2,4,6,0,1,0,0,0,0,1,4.87585E+20,5.87781E+21,8.8148E+15,5.30496E+16
26538,4.17092E+18,4,0,12,0,2017,9,7,1,3,3,6,0,1,0,0,0,0,0,4.74802E+20,5.93368E+21,8.61967E+15,5.35514E+16
26539,4.17092E+18,4,0,11,0,2017,9,11,6,3,2,6,0,1,0,0,1,0,0,4.90156E+20,5.87525E+21,8.85323E+15,5.30267E+16
26540,4.17092E+18,4,0,11,0,2017,9,13,6,3,2,6,0,1,0,0,0,0,0,4.91009E+20,5.87586E+21,8.86593E+15,5.30322E+16
26541,4.17092E+18,4,0,11,0,2017,9,17,5,3,2,6,0,1,0,0,0,0,0,4.8109E+20,5.89138E+21,8.7171E+15,5.31714E+16
26542,4.17092E+18,4,0,11,0,2017,9,18,2,3,2,6,0,1,0,0,0,0,0,4.86392E+20,5.8834E+21,8.79676E+15,5.30999E+16
26543,4.17092E+18,4,0,11,0,2017,9,13,7,3,1,6,0,1,0,0,0,0,0,4.90121E+20,5.87524E+21,8.8527E+15,5.30266E+16
26544,4.17091E+18,4,0,11,0,2017,9,7,5,3,2,6,0,1,0,0,0,0,0,4.88007E+20,5.88524E+21,8.82081E+15,5.31165E+16
26545,4.17091E+18,4,0,11,0,2017,9,16,5,2,2,6,0,1,0,0,1,0,1,4.87256E+20,5.88473E+21,8.80961E+15,5.31118E+16
26546,4.17091E+18,4,0,11,0,2017,9,21,4,3,5,2,0,1,0,0,0,2,1,4.80895E+20,5.89236E+21,8.71412E+15,5.31802E+16
26547,3.17123E+18,3,3,61,1,2017,12,11,7,2,9,1,0,0,0,0,1,0,1,4.98064E+20,5.87631E+21,8.97113E+15,5.30363E+16
26548,3.17123E+18,3,4,51,2,2017,12,15,7,3,5,2,0,1,0,0,0,1,1,4.33036E+20,5.89312E+21,7.99792E+15,5.31832E+16
26549,6.17011E+18,6,4,32,15,2017,1,12,6,3,3,3,0,1,0,0,1,0,0,4.8788E+20,5.53291E+21,8.83106E+15,4.99485E+16
26550,4.17091E+18,4,0,11,0,2017,9,14,4,2,2,6,0,0,0,1,1,0,0,4.84822E+20,5.88005E+21,8.77347E+15,5.30697E+16
26551,4.17091E+18,4,0,11,0,2017,9,8,3,3,2,6,0,1,0,0,1,0,0,4.81122E+20,5.89125E+21,8.71759E+15,5.31703E+16
26552,4.17091E+18,4,0,11,0,2017,9,14,3,3,2,6,0,1,0,0,0,0,0,4.90664E+20,5.87562E+21,8.86079E+15,5.303E+16
26553,4.17091E+18,4,0,11,0,2017,9,18,3,3,3,6,0,0,0,1,1,1,1,4.86315E+20,5.88319E+21,8.79561E+15,5.3098E+16
26554,4.17091E+18,4,0,11,0,2017,9,7,3,3,2,6,0,1,0,0,1,0,0,4.79481E+20,5.89163E+21,8.69302E+15,5.31736E+16
26555,4.1709E+18,4,0,11,0,2017,9,5,2,3,2,6,0,1,0,0,0,2,0,4.91959E+20,5.87641E+21,8.88008E+15,5.30372E+16
26556,4.1709E+18,4,0,11,0,2017,9,21,2,3,4,6,0,1,0,0,0,2,0,4.82141E+20,5.88866E+21,8.73298E+15,5.3147E+16
26557,4.17083E+18,4,0,11,0,2017,8,15,4,3,3,6,0,1,0,0,1,0,1,4.86229E+20,5.88277E+21,8.79436E+15,5.30942E+16
26558,4.17083E+18,4,0,11,0,2017,8,16,4,3,2,6,0,1,0,0,1,0,0,4.85894E+20,5.88104E+21,8.78943E+15,5.30786E+16
26559,4.17082E+18,4,0,11,0,2017,8,12,5,3,2,6,0,1,0,0,0,0,0,4.91114E+20,5.87593E+21,8.86748E+15,5.30328E+16
26560,4.17082E+18,4,0,11,0,2017,8,16,2,3,2,6,0,1,0,0,0,0,0,4.79491E+20,5.89162E+21,8.69317E+15,5.31736E+16
26561,3.17123E+18,3,4,3,0,2017,12,21,7,2,5,3,1,1,0,0,0,2,1,4.47976E+20,5.8872E+21,8.22243E+15,5.31317E+16
26562,4.17082E+18,4,0,11,0,2017,8,15,2,3,0,1,0,0,0,1,0,0,0,4.87493E+20,5.88529E+21,8.81312E+15,5.31169E+16
26563,3.17123E+18,3,4,1,0,2017,12,17,7,3,6,4,0,1,1,0,0,2,1,4.74439E+20,5.87935E+21,8.61856E+15,5.3063E+16
26564,4.17082E+18,4,0,11,0,2017,8,20,1,3,8,1,0,1,0,0,0,1,0,4.82733E+20,5.88792E+21,8.74187E+15,5.31404E+16
26565,4.17082E+18,4,0,11,0,2017,8,19,7,2,0,7,0,1,0,0,1,1,0,4.95847E+20,5.87535E+21,8.93808E+15,5.30277E+16
26566,4.17082E+18,4,0,12,0,2017,8,20,6,2,8,1,0,1,0,0,0,1,1,4.7516E+20,5.93056E+21,8.62532E+15,5.35234E+16
26567,4.17082E+18,4,0,11,0,2017,8,21,5,3,3,6,0,1,0,0,1,2,1,4.86239E+20,5.88247E+21,8.79451E+15,5.30915E+16
26568,4.17082E+18,4,0,11,0,2017,8,15,3,3,2,6,0,1,0,0,0,0,0,4.92224E+20,5.87653E+21,8.88403E+15,5.30383E+16
26569,4.17082E+18,4,0,11,0,2017,8,10,3,3,2,6,0,1,0,0,0,0,0,4.79718E+20,5.89166E+21,8.69656E+15,5.31739E+16
26570,4.17081E+18,4,0,12,0,2017,8,15,2,3,0,7,0,1,0,0,1,0,0,4.74837E+20,5.93221E+21,8.62031E+15,5.35382E+16
26571,4.17081E+18,4,0,12,0,2017,8,16,7,3,9,1,0,1,0,0,0,0,1,4.75211E+20,5.93074E+21,8.62608E+15,5.3525E+16
26572,4.17081E+18,4,0,12,0,2017,8,17,7,3,3,1,0,1,0,0,0,0,1,4.7503E+20,5.93101E+21,8.62332E+15,5.35274E+16
26573,4.17081E+18,4,0,11,0,2017,8,6,5,3,2,6,0,1,0,0,0,0,0,4.80912E+20,5.88742E+21,8.71468E+15,5.31358E+16
26574,4.17081E+18,4,0,11,0,2017,8,17,5,3,2,6,0,1,0,1,0,0,0,4.85921E+20,5.88111E+21,8.78982E+15,5.30793E+16
26575,4.17081E+18,4,0,12,0,2017,8,0,7,2,2,6,0,1,0,0,0,2,0,4.74936E+20,5.93153E+21,8.62186E+15,5.35321E+16
26576,4.1708E+18,4,0,11,0,2017,8,15,6,3,2,6,0,1,0,0,1,0,0,4.86753E+20,5.88398E+21,8.80213E+15,5.31051E+16
26577,3.17123E+18,3,3,52,11,2017,12,18,7,3,2,2,0,1,0,0,0,2,1,4.79323E+20,5.96793E+21,8.68562E+15,5.38595E+16