OBJECTID,UIDENTSTLA,ULAND,UREGBEZ,UKREIS,UGEMEINDE,UJAHR,UMONAT,USTUNDE,UWOCHENTAG,UKATEGORIE,UART,UTYP1,IstRad,IstPKW,IstFuss,IstKrad,IstSonstig,LICHT,STRZUSTAND,LINREFX,LINREFY,XGCSWGS84,YGCSWGS84
26578,4.17073E+18,4,0,11,0,2017,7,14,1,3,2,7,0,1,0,1,0,0,0,4.91156E+20,5.87596E+21,8.86812E+15,5.30331E+16
26579,4.17073E+18,4,0,11,0,2017,7,12,7,3,2,6,0,1,0,0,0,0,0,4.90229E+20,5.87531E+21,8.85432E+15,5.30273E+16
26580,4.17073E+18,4,0,11,0,2017,7,11,6,3,3,6,0,1,0,0,0,0,1,4.86365E+20,5.88337E+21,8.79636E+15,5.30996E+16
26581,3.17123E+18,3,3,53,9,2017,12,16,7,3,3,6,0,1,0,0,0,1,1,5.72404E+20,5.89378E+21,1.00836E+16,5.31885E+16
26582,4.17073E+18,4,0,11,0,2017,7,16,5,3,9,1,0,1,0,0,0,0,0,4.93899E+20,5.88121E+21,8.90892E+15,5.30804E+16
26583,4.17073E+18,4,0,11,0,2017,7,12,4,2,9,1,0,0,0,1,0,0,0,4.91212E+20,5.8845E+21,8.86871E+15,5.31099E+16
26584,3.17123E+18,3,3,59,2,2017,12,11,7,2,5,3,0,1,0,0,0,0,1,5.30279E+20,5.91614E+21,9.45534E+15,5.33934E+16
26585,3.17123E+18,3,3,59,22,2017,12,1,7,3,9,1,0,1,0,0,0,2,1,5.24359E+20,5.94004E+21,9.36817E+15,5.36086E+16
26586,4.17073E+18,4,0,11,0,2017,7,18,3,3,2,6,0,1,0,0,0,0,1,4.85245E+20,5.87995E+21,8.77978E+15,5.30688E+16
26587,4.17073E+18,4,0,11,0,2017,7,14,3,3,3,6,0,1,0,0,1,0,0,4.88673E+20,5.87493E+21,8.83112E+15,5.30238E+16
26588,4.17072E+18,4,0,11,0,2017,7,19,2,3,4,6,0,1,0,0,0,0,1,4.72675E+20,5.89262E+21,8.59111E+15,5.31822E+16
26589,4.17072E+18,4,0,11,0,2017,7,8,2,2,2,6,0,0,0,0,1,0,0,4.90234E+20,5.87532E+21,8.85439E+15,5.30273E+16
26590,4.17072E+18,4,0,11,0,2017,7,13,2,3,5,3,0,1,0,0,1,0,1,4.90131E+20,5.87525E+21,8.85285E+15,5.30267E+16
26591,4.17072E+18,4,0,11,0,2017,7,17,7,1,8,1,0,0,0,1,0,0,0,4.87498E+20,5.8854E+21,8.8132E+15,5.31179E+16
26592,4.17072E+18,4,0,11,0,2017,7,17,3,3,2,6,0,1,0,1,0,0,0,4.86477E+20,5.8785E+21,8.79823E+15,5.30559E+16
26593,4.17072E+18,4,0,11,0,2017,7,17,3,3,2,6,0,1,0,0,0,0,0,4.86373E+20,5.88338E+21,8.79648E+15,5.30997E+16
26594,4.17071E+18,4,0,11,0,2017,7,18,5,3,1,6,0,1,0,0,1,0,0,4.8637E+20,5.88223E+21,8.79649E+15,5.30893E+16
26595,4.17071E+18,4,0,11,0,2017,7,18,2,3,3,6,0,1,0,0,0,0,0,4.88044E+20,5.8776E+21,8.82164E+15,5.30478E+16
26596,4.17071E+18,4,0,11,0,2017,7,13,4,2,9,1,0,0,0,1,0,0,0,4.90935E+20,5.88452E+21,8.86457E+15,5.311E+16
26597,4.1707E+18,4,0,11,0,2017,7,18,3,3,5,3,0,0,0,0,1,0,0,4.92823E+20,5.87659E+21,8.89296E+15,5.30388E+16
26598,4.17063E+18,4,0,11,0,2017,6,20,6,3,3,6,0,1,0,0,0,1,1,4.86379E+20,5.88338E+21,8.79656E+15,5.30997E+16
26599,4.17063E+18,4,0,11,0,2017,6,9,6,2,9,1,0,1,0,0,0,0,1,4.84999E+20,5.88623E+21,8.77583E+15,5.31253E+16
26600,4.17063E+18,4,0,11,0,2017,6,17,6,3,2,6,0,1,0,0,0,0,1,4.87039E+20,5.88452E+21,8.80639E+15,5.311E+16
26601,3.17123E+18,3,3,58,22,2017,12,17,7,3,2,6,0,1,0,0,0,1,1,5.45131E+20,5.84773E+21,9.66905E+15,5.27775E+16
26602,3.17123E+18,3,3,58,22,2017,12,17,7,3,3,6,0,1,0,0,1,1,1,5.44979E+20,5.84692E+21,9.6667E+15,5.27702E+16
26603,3.17123E+18,3,3,57,45,2017,12,9,7,3,9,6,0,1,0,0,0,0,1,5.1358E+20,5.88477E+21,9.20288E+15,5.31122E+16
26604,6.17011E+18,6,4,31,4,2017,1,16,6,3,2,4,0,1,1,0,0,0,0,4.78522E+20,5.49152E+21,8.70292E+15,4.95759E+16
26605,4.17063E+18,4,0,11,0,2017,6,9,4,2,7,7,0,1,0,0,0,0,0,4.87823E+20,5.88524E+21,8.81807E+15,5.31164E+16
26606,4.17063E+18,4,0,11,0,2017,6,7,3,3,2,6,0,1,0,0,1,0,0,4.92792E+20,5.88248E+21,8.89237E+15,5.30917E+16
26607,3.17123E+18,3,3,55,49,2017,12,18,7,3,9,1,0,1,0,0,0,2,1,6.36357E+20,5.89672E+21,1.10415E+16,5.32023E+16
26608,4.17063E+18,4,0,11,0,2017,6,15,2,3,9,1,0,1,0,0,0,0,0,4.80715E+20,5.89212E+21,8.71145E+15,5.31781E+16
26609,4.17062E+18,4,0,11,0,2017,6,17,6,3,2,6,0,1,0,0,1,0,0,4.87329E+20,5.88527E+21,8.81067E+15,5.31167E+16
26610,4.17062E+18,4,0,11,0,2017,6,15,6,2,2,6,0,1,0,0,0,0,0,4.87826E+20,5.88524E+21,8.81811E+15,5.31164E+16
26611,4.17062E+18,4,0,11,0,2017,6,17,5,3,2,6,0,1,0,0,0,0,0,4.85358E+20,5.88013E+21,8.78146E+15,5.30704E+16
26612,4.17062E+18,4,0,11,0,2017,6,16,4,3,2,7,0,1,0,0,0,0,0,4.86359E+20,5.88188E+21,8.79633E+15,5.30862E+16
26613,4.17062E+18,4,0,11,0,2017,6,0,3,2,9,1,0,1,0,0,0,2,0,4.91019E+20,5.88467E+21,8.86583E+15,5.31114E+16
26614,4.17062E+18,4,0,11,0,2017,6,18,2,3,9,1,0,0,0,1,0,0,0,4.91059E+20,5.88473E+21,8.86643E+15,5.3112E+16
26615,4.17062E+18,4,0,11,0,2017,6,15,2,3,5,3,0,1,0,0,0,0,0,4.87863E+20,5.87763E+21,8.81895E+15,5.3048E+16
26616,4.17062E+18,4,0,11,0,2017,6,14,2,3,2,6,0,0,0,0,1,0,0,4.86246E+20,5.8828E+21,8.79461E+15,5.30944E+16
26617,4.17062E+18,4,0,11,0,2017,6,15,1,3,5,3,0,1,0,0,0,0,0,4.79018E+20,5.8916E+21,8.68608E+15,5.31733E+16
26618,4.17062E+18,4,0,11,0,2017,6,18,5,3,8,1,0,0,0,1,0,0,1,4.92789E+20,5.88251E+21,8.89232E+15,5.3092E+16
26619,4.17061E+18,4,0,11,0,2017,6,16,4,3,2,6,0,1,0,0,0,0,0,4.96985E+20,5.88076E+21,8.95499E+15,5.30763E+16
26620,4.17061E+18,4,0,11,0,2017,6,16,4,3,2,6,0,1,0,0,1,0,0,4.90515E+20,5.88492E+21,8.85829E+15,5.31137E+16
26621,4.17061E+18,4,0,11,0,2017,6,15,4,3,5,2,1,1,0,0,0,0,0,4.85473E+20,5.87966E+21,8.7832E+15,5.30662E+16
26622,4.17061E+18,4,0,11,0,2017,6,16,4,3,2,6,0,1,0,0,0,0,0,4.91095E+20,5.88454E+21,8.86696E+15,5.31102E+16
26623,4.17061E+18,4,0,11,0,2017,6,20,4,2,8,7,0,0,0,1,0,0,0,4.95813E+20,5.87536E+21,8.93757E+15,5.30278E+16
26624,4.17061E+18,4,0,11,0,2017,6,16,2,3,2,6,0,0,0,0,1,0,0,4.95104E+20,5.87565E+21,8.927E+15,5.30303E+16
26625,4.17061E+18,4,0,11,0,2017,6,14,5,3,2,6,0,1,0,0,0,0,0,4.91664E+20,5.87629E+21,8.87568E+15,5.30361E+16
26626,3.17123E+18,3,3,54,7,2017,12,15,7,3,9,7,0,1,0,0,0,1,1,6.56029E+20,5.88107E+21,1.13282E+16,5.30564E+16
26627,3.17123E+18,3,3,55,19,2017,12,12,7,3,8,1,0,1,0,0,0,0,1,6.03236E+20,5.9139E+21,1.05514E+16,5.33641E+16
26628,4.17061E+18,4,0,11,0,2017,6,16,2,3,9,1,0,0,0,1,0,0,0,4.82413E+20,5.88101E+21,8.73747E+15,5.30783E+16
26629,4.1706E+18,4,0,11,0,2017,6,12,5,3,2,6,0,1,0,0,0,0,0,4.87349E+20,5.87493E+21,8.81139E+15,5.30238E+16
26630,4.1706E+18,4,0,11,0,2017,6,15,5,3,2,6,0,1,0,0,1,0,0,4.87382E+20,5.88528E+21,8.81148E+15,5.31168E+16
26631,4.1706E+18,4,0,11,0,2017,6,13,5,3,0,7,1,0,0,0,1,0,0,4.85238E+20,5.87994E+21,8.77968E+15,5.30687E+16
26632,4.1706E+18,4,0,11,0,2017,6,13,5,3,1,6,0,1,0,0,1,0,0,4.79932E+20,5.89168E+21,8.69976E+15,5.31741E+16
26633,6.17011E+18,6,4,38,5,2017,1,22,6,3,2,6,0,1,0,0,0,2,0,4.85862E+20,5.54619E+21,8.80246E+15,5.00678E+16
26634,4.17053E+18,4,0,11,0,2017,5,8,4,3,2,6,0,1,0,0,0,0,0,4.95813E+20,5.87536E+21,8.93757E+15,5.30278E+16
26635,4.17053E+18,4,0,11,0,2017,5,17,3,3,2,6,0,1,0,0,0,0,0,4.85213E+20,5.87993E+21,8.7793E+15,5.30686E+16
26636,3.17123E+18,3,3,51,21,2017,12,16,7,3,2,6,0,1,0,0,1,2,1,5.77181E+20,5.81893E+21,1.01374E+16,5.2515E+16
26637,4.17053E+18,4,0,11,0,2017,5,23,1,3,8,1,0,1,0,0,0,2,0,4.92409E+20,5.87656E+21,8.88679E+15,5.30385E+16
26638,4.17053E+18,4,0,11,0,2017,5,9,7,3,7,7,0,1,0,0,1,0,0,4.95955E+20,5.87532E+21,8.93969E+15,5.30274E+16
26639,3.17123E+18,3,2,41,1,2017,12,19,7,3,2,6,0,1,0,0,0,2,1,5.49943E+20,5.80729E+21,9.73428E+15,5.24135E+16
26640,4.17053E+18,4,0,11,0,2017,5,17,5,2,9,1,0,0,0,1,0,0,0,4.82595E+20,5.88823E+21,8.73978E+15,5.31432E+16
26641,4.17052E+18,4,0,11,0,2017,5,13,4,3,5,3,1,1,0,0,0,0,0,4.8724E+20,5.87798E+21,8.80964E+15,5.30512E+16
26642,4.17052E+18,4,0,11,0,2017,5,13,4,3,2,1,0,1,0,0,0,0,0,4.85287E+20,5.87987E+21,8.78042E+15,5.30681E+16
26643,4.17052E+18,4,0,11,0,2017,5,7,4,2,2,6,0,0,0,1,1,0,0,4.88846E+20,5.88518E+21,8.83334E+15,5.31159E+16
26644,4.17052E+18,4,0,11,0,2017,5,3,1,2,8,1,0,1,0,0,0,2,0,4.90204E+20,5.8753E+21,8.85395E+15,5.30271E+16
26645,4.17052E+18,4,0,11,0,2017,5,13,5,3,3,6,0,1,0,0,1,0,0,4.92402E+20,5.87654E+21,8.88668E+15,5.30384E+16
26646,4.17052E+18,4,0,12,0,2017,5,12,2,3,2,6,0,1,0,0,0,0,0,4.7513E+20,5.92755E+21,8.6251E+15,5.34963E+16
26647,4.17052E+18,4,0,11,0,2017,5,10,2,2,2,6,0,1,0,0,1,0,0,4.88796E+20,5.87493E+21,8.83296E+15,5.30238E+16
26648,4.17051E+18,4,0,11,0,2017,5,18,1,3,2,6,0,1,0,0,0,0,1,4.91199E+20,5.87599E+21,8.86876E+15,5.30334E+16
26649,4.17051E+18,4,0,11,0,2017,5,21,7,3,1,7,0,1,0,0,0,2,1,4.90332E+20,5.88502E+21,8.85556E+15,5.31145E+16
26650,4.17051E+18,4,0,11,0,2017,5,21,7,3,2,6,0,1,0,0,0,1,1,4.9233E+20,5.88314E+21,8.88545E+15,5.30977E+16
26651,4.17051E+18,4,0,11,0,2017,5,14,6,3,2,6,0,1,0,1,0,0,0,4.8264E+20,5.87819E+21,8.74101E+15,5.30529E+16
26652,4.17051E+18,4,0,12,0,2017,5,9,5,3,3,6,0,1,0,0,1,0,0,4.73885E+20,5.93341E+21,8.60585E+15,5.35489E+16
26653,4.17051E+18,4,0,11,0,2017,5,11,4,3,2,6,0,1,0,0,0,0,0,4.81015E+20,5.89166E+21,8.71597E+15,5.3174E+16
26654,4.17051E+18,4,0,11,0,2017,5,5,2,2,0,7,1,0,0,0,0,1,0,4.87858E+20,5.87769E+21,8.81888E+15,5.30486E+16
26655,4.17051E+18,4,0,11,0,2017,5,7,2,3,2,6,0,1,0,0,0,0,1,4.80769E+20,5.87771E+21,8.71313E+15,5.30486E+16
26656,4.17051E+18,4,0,11,0,2017,5,12,1,3,5,2,0,1,0,0,0,0,0,4.87809E+20,5.87749E+21,8.81814E+15,5.30468E+16
26657,4.17051E+18,4,0,11,0,2017,5,16,7,3,3,6,0,1,0,0,0,0,0,4.85705E+20,5.88058E+21,8.78662E+15,5.30745E+16
26658,4.1705E+18,4,0,11,0,2017,5,16,4,3,8,1,0,0,0,0,1,0,0,4.87484E+20,5.8854E+21,8.81299E+15,5.31179E+16
26659,4.1705E+18,4,0,11,0,2017,5,17,3,3,2,6,0,1,0,0,0,0,1,4.85906E+20,5.88107E+21,8.78961E+15,5.30789E+16
26660,4.1705E+18,4,0,11,0,2017,5,12,3,3,3,6,0,1,0,0,1,0,0,4.85904E+20,5.88106E+21,8.78957E+15,5.30788E+16
26661,4.17043E+18,4,0,11,0,2017,4,14,5,3,2,6,0,1,0,0,0,0,0,4.90221E+20,5.87533E+21,8.85419E+15,5.30274E+16
26662,4.17043E+18,4,0,11,0,2017,4,9,3,3,2,6,0,1,0,0,0,0,0,4.84311E+20,5.87905E+21,8.76589E+15,5.30607E+16
26663,4.17042E+18,4,0,11,0,2017,4,6,1,2,8,1,0,1,0,0,0,0,1,4.87583E+20,5.87779E+21,8.81477E+15,5.30495E+16
26664,4.17042E+18,4,0,12,0,2017,4,14,6,3,4,2,0,1,0,0,0,0,0,4.75105E+20,5.92756E+21,8.62472E+15,5.34964E+16
26665,4.17042E+18,4,0,11,0,2017,4,7,6,2,2,6,0,0,0,0,1,0,0,4.9024E+20,5.87532E+21,8.85448E+15,5.30273E+16
26666,3.17123E+18,3,2,41,18,2017,12,8,7,3,5,2,0,1,0,0,0,0,0,5.81925E+20,5.81439E+21,1.02062E+16,5.24736E+16
26667,4.17042E+18,4,0,11,0,2017,4,13,3,3,2,6,0,1,0,0,0,0,0,4.9012E+20,5.87524E+21,8.85269E+15,5.30266E+16
26668,4.17042E+18,4,0,11,0,2017,4,9,2,3,9,1,0,1,0,0,0,0,1,4.90423E+20,5.87575E+21,8.85719E+15,5.30312E+16
26669,4.17042E+18,4,0,11,0,2017,4,15,2,3,2,6,0,1,0,0,0,0,0,4.90233E+20,5.87531E+21,8.85437E+15,5.30273E+16
26670,4.17041E+18,4,0,11,0,2017,4,18,4,3,9,1,0,1,0,0,0,0,1,4.84812E+20,5.87995E+21,8.77333E+15,5.30688E+16
26671,3.17123E+18,3,2,41,1,2017,12,23,7,2,0,7,0,0,0,0,1,2,1,5.48841E+20,5.80528E+21,9.71779E+15,5.23956E+16
26672,4.17041E+18,4,0,11,0,2017,4,6,3,3,2,6,0,1,0,0,0,1,1,4.89317E+20,5.88515E+21,8.84039E+15,5.31157E+16
26673,4.17041E+18,4,0,11,0,2017,4,17,2,3,0,6,0,0,0,1,1,0,0,4.82388E+20,5.88115E+21,8.73709E+15,5.30796E+16
26674,3.17123E+18,3,2,41,1,2017,12,19,7,2,6,4,0,0,1,0,1,2,1,5.52734E+20,5.79826E+21,9.7739E+15,5.23321E+16
26675,4.17041E+18,4,0,11,0,2017,4,17,7,3,2,6,0,1,0,0,0,0,0,4.8091E+20,5.89235E+21,8.71435E+15,5.31801E+16
26676,4.17041E+18,4,0,11,0,2017,4,14,6,3,2,6,0,1,0,0,0,0,0,4.92409E+20,5.88298E+21,8.88663E+15,5.30962E+16
26677,4.17041E+18,4,0,11,0,2017,4,19,6,3,9,1,0,0,0,1,0,0,0,4.91088E+20,5.88476E+21,8.86686E+15,5.31122E+16
26678,4.17041E+18,4,0,11,0,2017,4,16,5,3,2,6,0,1,0,0,1,0,0,4.88315E+20,5.87493E+21,8.82579E+15,5.30238E+16
26679,4.17041E+18,4,0,11,0,2017,4,10,5,3,2,6,0,1,0,0,0,0,0,4.8631E+20,5.88231E+21,8.79559E+15,5.30901E+16
26680,4.1704E+18,4,0,11,0,2017,4,14,3,3,8,1,0,1,0,0,0,0,0,4.82385E+20,5.88116E+21,8.73704E+15,5.30796E+16
26681,4.1704E+18,4,0,11,0,2017,4,11,3,3,2,6,0,1,0,0,0,0,0,4.9014E+20,5.87526E+21,8.85298E+15,5.30268E+16
26682,3.17123E+18,3,2,41,1,2017,12,15,7,3,8,1,0,1,0,0,0,1,1,5.42768E+20,5.80818E+21,9.62892E+15,5.24221E+16
26683,4.1704E+18,4,0,11,0,2017,4,7,2,3,2,6,0,1,0,0,0,0,0,4.813E+20,5.89049E+21,8.7203E+15,5.31634E+16
26684,4.17033E+18,4,0,12,0,2017,3,7,4,2,2,6,0,1,0,0,0,0,0,4.74821E+20,5.93238E+21,8.62005E+15,5.35397E+16
26685,4.17033E+18,4,0,11,0,2017,3,12,3,3,2,6,0,1,0,0,1,0,0,4.86083E+20,5.87854E+21,8.79236E+15,5.30562E+16
26686,4.17033E+18,4,0,12,0,2017,3,21,2,2,2,6,0,1,0,0,0,0,0,4.74808E+20,5.93237E+21,8.61986E+15,5.35396E+16
26687,4.17033E+18,4,0,11,0,2017,3,16,7,2,9,1,0,0,0,1,0,0,0,4.90642E+20,5.87556E+21,8.86046E+15,5.30295E+16
26688,4.17032E+18,4,0,11,0,2017,3,12,5,3,5,3,1,0,0,0,1,0,0,4.84309E+20,5.87905E+21,8.76587E+15,5.30607E+16
26689,4.17032E+18,4,0,11,0,2017,3,14,4,3,2,6,0,1,0,0,0,0,0,4.90262E+20,5.87534E+21,8.8548E+15,5.30275E+16
26690,4.17032E+18,4,0,11,0,2017,3,23,4,2,2,6,0,1,0,0,1,2,0,4.80883E+20,5.89193E+21,8.71398E+15,5.31764E+16
26691,4.17032E+18,4,0,12,0,2017,3,19,4,3,3,6,0,1,0,0,0,0,0,4.74993E+20,5.93125E+21,8.62274E+15,5.35296E+16
26692,4.17032E+18,4,0,11,0,2017,3,12,3,2,2,6,0,1,0,0,1,0,0,4.90195E+20,5.87531E+21,8.8538E+15,5.30272E+16
26693,4.17032E+18,4,0,11,0,2017,3,13,1,3,0,7,0,1,0,0,0,0,1,4.8589E+20,5.87869E+21,8.78947E+15,5.30575E+16
26694,4.17032E+18,4,0,11,0,2017,3,14,5,3,2,6,0,1,0,0,1,0,0,4.93524E+20,5.88168E+21,8.90331E+15,5.30845E+16
26695,4.17031E+18,4,0,11,0,2017,3,15,3,3,2,6,0,1,0,0,0,0,0,4.90217E+20,5.8753E+21,8.85413E+15,5.30272E+16
26696,4.17031E+18,4,0,11,0,2017,3,8,2,3,2,6,0,1,0,0,1,0,0,4.80879E+20,5.89235E+21,8.71388E+15,5.31802E+16
26697,4.17031E+18,4,0,11,0,2017,3,14,6,3,2,6,0,1,0,0,0,0,0,4.93962E+20,5.87642E+21,8.90996E+15,5.30372E+16
26698,4.17031E+18,4,0,12,0,2017,3,13,2,3,5,6,1,0,0,1,0,0,1,4.72227E+20,5.93239E+21,8.58092E+15,5.35397E+16
26699,4.17031E+18,4,0,11,0,2017,3,6,2,3,3,6,0,1,0,0,0,1,1,4.86434E+20,5.88346E+21,8.79738E+15,5.31004E+16
26700,4.17031E+18,4,0,11,0,2017,3,16,1,3,3,6,0,1,0,0,0,0,0,4.87031E+20,5.8845E+21,8.80625E+15,5.31098E+16
26701,3.17123E+18,3,2,41,1,2017,12,16,7,3,3,6,0,1,0,0,0,2,1,5.51961E+20,5.80253E+21,9.76321E+15,5.23706E+16
26702,3.17123E+18,3,1,55,13,2017,12,14,7,3,8,1,0,1,0,0,0,0,1,5.55575E+20,5.74585E+21,9.80704E+15,5.18607E+16
26703,6.17011E+18,6,4,31,15,2017,1,11,6,3,2,6,0,1,0,0,0,0,0,4.84011E+20,5.50367E+21,8.77834E+15,4.96854E+16
26704,4.1703E+18,4,0,11,0,2017,3,5,5,3,3,6,0,1,0,0,1,2,1,4.90524E+20,5.87548E+21,8.8587E+15,5.30288E+16
26705,4.1703E+18,4,0,11,0,2017,3,11,4,3,3,6,0,1,0,0,1,0,1,4.90358E+20,5.87539E+21,8.85623E+15,5.30279E+16
26706,3.17123E+18,3,2,54,14,2017,12,18,7,2,5,3,0,1,0,0,0,2,1,5.50056E+20,5.77625E+21,9.73134E+15,5.21345E+16
26707,4.1703E+18,4,0,11,0,2017,3,16,4,3,2,6,0,1,0,0,1,0,0,4.89488E+20,5.87498E+21,8.84328E+15,5.30242E+16
26708,3.17123E+18,3,2,54,11,2017,12,15,7,2,8,1,0,1,0,0,0,0,1,5.62192E+20,5.77076E+21,9.90763E+15,5.20839E+16
26709,4.17023E+18,4,0,11,0,2017,2,21,1,3,2,6,0,1,0,0,0,2,0,4.91144E+20,5.87594E+21,8.86793E+15,5.30329E+16
26710,4.17023E+18,4,0,11,0,2017,2,12,7,3,2,6,0,1,0,0,0,0,1,4.91359E+20,5.87609E+21,8.87114E+15,5.30342E+16
26711,3.17123E+18,3,2,52,6,2017,12,11,7,3,2,6,0,1,0,0,0,0,0,5.24374E+20,5.77303E+21,9.3559E+15,5.21073E+16
26712,4.17022E+18,4,0,11,0,2017,2,16,6,3,2,6,0,1,0,0,0,0,1,4.89655E+20,5.87502E+21,8.84577E+15,5.30247E+16
26713,4.17022E+18,4,0,11,0,2017,2,22,6,2,2,6,0,1,0,0,0,2,0,4.90138E+20,5.87523E+21,8.85295E+15,5.30266E+16
26714,4.17022E+18,4,0,11,0,2017,2,11,6,3,2,6,0,1,0,0,0,0,0,4.89588E+20,5.875E+21,8.84476E+15,5.30245E+16
26715,4.17022E+18,4,0,11,0,2017,2,17,5,3,2,6,0,1,0,0,0,0,0,4.91731E+20,5.87633E+21,8.87667E+15,5.30364E+16
26716,4.17022E+18,4,0,11,0,2017,2,8,5,3,2,6,0,1,0,0,1,0,1,4.82461E+20,5.8882E+21,8.73779E+15,5.31429E+16
26717,4.17022E+18,4,0,11,0,2017,2,8,5,3,2,6,0,1,0,0,1,0,1,4.84886E+20,5.87998E+21,8.77443E+15,5.30691E+16
26718,4.17022E+18,4,0,11,0,2017,2,11,5,3,2,6,0,1,0,0,1,0,1,4.87807E+20,5.87748E+21,8.81811E+15,5.30467E+16
26719,4.17022E+18,4,0,11,0,2017,2,14,7,3,7,7,0,1,0,0,1,0,1,4.90383E+20,5.87538E+21,8.8566E+15,5.30279E+16
26720,4.17022E+18,4,0,12,0,2017,2,9,6,3,8,1,0,1,0,0,0,0,1,4.74785E+20,5.93278E+21,8.61948E+15,5.35434E+16
26721,4.17021E+18,4,0,11,0,2017,2,14,3,3,2,6,0,1,0,0,0,0,0,4.85894E+20,5.88104E+21,8.78942E+15,5.30786E+16
26722,4.17021E+18,4,0,11,0,2017,2,9,3,3,2,6,0,1,0,0,0,0,0,4.90397E+20,5.88498E+21,8.85653E+15,5.31141E+16
26723,4.17021E+18,4,0,11,0,2017,2,14,3,3,2,6,0,0,0,0,1,0,0,4.90096E+20,5.87523E+21,8.85234E+15,5.30265E+16
26724,4.17021E+18,4,0,11,0,2017,2,14,3,3,2,6,0,1,0,0,0,0,0,4.90264E+20,5.87534E+21,8.85483E+15,5.30275E+16
26725,4.17021E+18,4,0,11,0,2017,2,17,2,3,2,6,0,1,0,0,0,2,0,4.90426E+20,5.87572E+21,8.85723E+15,5.3031E+16
26726,4.17021E+18,4,0,11,0,2017,2,8,7,3,9,1,0,1,0,0,0,0,2,4.93484E+20,5.88173E+21,8.90271E+15,5.3085E+16
26727,3.17123E+18,3,1,59,16,2017,12,20,7,3,5,2,1,1,0,0,0,2,1,5.6573E+20,5.70866E+21,9.94747E+15,5.15252E+16
26728,6.17012E+18,6,6,32,9,2017,1,14,2,3,5,2,0,1,0,0,0,0,2,5.64825E+20,5.63781E+21,9.92163E+15,5.08883E+16
26729,6.17012E+18,6,5,35,11,2017,1,11,2,3,8,1,0,1,0,0,0,0,2,5.25219E+20,5.60835E+21,9.35655E+15,5.06264E+16
26730,6.17012E+18,6,5,33,7,2017,1,12,2,3,6,4,0,1,1,0,0,0,0,4.36352E+20,5.59145E+21,8.10308E+15,5.04716E+16
26731,6.17012E+18,6,5,33,3,2017,1,7,2,3,6,4,0,1,1,0,0,2,1,4.47856E+20,5.57193E+21,8.26788E+15,5.02972E+16
26732,6.17012E+18,6,6,11,0,2017,1,13,2,3,0,1,1,0,0,0,0,0,2,5.36051E+20,5.68435E+21,9.51722E+15,5.13093E+16
26733,6.17012E+18,6,6,11,0,2017,1,7,2,3,6,2,0,0,1,0,1,1,2,5.34749E+20,5.68692E+21,9.49879E+15,5.13325E+16
26734,6.17012E+18,6,4,14,0,2017,1,18,2,3,2,6,0,1,0,0,0,2,1,4.45674E+20,5.5443E+21,8.2412E+15,5.00485E+16
26735,6.17012E+18,6,4,14,0,2017,1,18,2,3,2,6,0,1,0,0,0,2,1,4.41817E+20,5.54969E+21,8.18651E+15,5.00966E+16
26736,6.17012E+18,6,4,14,0,2017,1,12,2,3,2,6,0,1,0,0,1,0,2,4.46328E+20,5.5463E+21,8.25005E+15,5.00666E+16
26737,6.17012E+18,6,4,14,0,2017,1,12,2,3,6,4,0,1,1,0,0,0,1,4.46488E+20,5.54589E+21,8.25234E+15,5.00629E+16
26738,6.17012E+18,6,4,36,5,2017,1,11,2,3,2,6,0,1,0,0,0,0,1,4.62962E+20,5.54656E+21,8.48244E+15,5.00702E+16
26739,6.17012E+18,6,4,12,0,2017,1,8,2,3,5,3,1,0,0,0,1,0,0,4.68026E+20,5.5505E+21,8.55287E+15,5.01059E+16
26740,6.17012E+18,6,4,12,0,2017,1,13,2,3,6,4,0,1,1,0,0,0,0,4.74696E+20,5.55392E+21,8.64591E+15,5.01369E+16
26741,6.17012E+18,6,4,12,0,2017,1,20,2,3,5,3,0,1,0,0,0,2,2,4.74559E+20,5.54798E+21,8.6444E+15,5.00835E+16
26742,6.17012E+18,6,4,12,0,2017,1,8,2,3,3,2,0,1,0,0,1,0,0,4.80163E+20,5.55146E+21,8.72254E+15,5.01151E+16
26743,6.17012E+18,6,4,11,0,2017,1,9,2,3,2,6,0,1,0,0,0,0,2,4.77552E+20,5.52399E+21,8.68762E+15,4.98679E+16
26744,6.17012E+18,6,6,34,14,2017,1,13,2,3,5,3,0,1,0,0,0,0,1,5.38083E+20,5.6639E+21,9.5442E+15,5.11253E+16
26745,6.17012E+18,6,6,32,20,2017,1,16,2,3,2,6,0,1,0,0,0,0,1,5.72636E+20,5.64481E+21,1.00341E+16,5.09503E+16
26746,6.17012E+18,6,4,38,6,2017,1,9,2,3,5,2,0,1,0,0,0,0,2,4.77081E+20,5.53832E+21,8.68023E+15,4.99968E+16
26747,6.17012E+18,6,4,34,8,2017,1,13,2,3,2,6,0,1,0,0,0,0,0,4.71982E+20,5.56272E+21,8.60729E+15,5.0216E+16
26748,6.17012E+18,6,4,36,2,2017,1,16,2,2,5,3,0,1,0,1,0,0,0,4.57413E+20,5.55517E+21,8.40394E+15,5.01472E+16
26749,6.17012E+18,6,4,36,8,2017,1,13,2,3,5,2,0,1,0,0,0,0,1,4.58022E+20,5.55563E+21,8.41241E+15,5.01514E+16
26750,6.17012E+18,6,4,35,12,2017,1,5,2,2,9,1,0,1,0,0,0,2,2,5.08766E+20,5.56506E+21,9.12292E+15,5.02376E+16
26751,6.17012E+18,6,4,40,16,2017,1,17,2,2,4,1,0,1,0,0,0,2,1,5.00629E+20,5.58309E+21,9.00885E+15,5.03999E+16
26752,6.17012E+18,6,4,40,4,2017,1,11,2,3,1,1,0,1,0,0,0,0,2,5.02187E+20,5.57127E+21,9.0307E+15,5.02936E+16