OBJECTID,UIDENTSTLA,ULAND,UREGBEZ,UKREIS,UGEMEINDE,UJAHR,UMONAT,USTUNDE,UWOCHENTAG,UKATEGORIE,UART,UTYP1,IstRad,IstPKW,IstFuss,IstKrad,IstSonstig,LICHT,STRZUSTAND,LINREFX,LINREFY,XGCSWGS84,YGCSWGS84
26753,6.17012E+18,6,4,40,19,2017,1,7,2,3,8,1,0,1,0,0,0,2,2,5.06932E+20,5.58079E+21,9.0975E+15,5.03791E+16
26754,6.17012E+18,6,4,40,10,2017,1,6,2,3,4,1,0,1,0,0,0,2,2,4.99649E+20,5.57297E+21,8.99507E+15,5.03088E+16
26755,6.17012E+18,6,4,40,4,2017,1,7,2,3,5,3,0,1,0,0,0,2,2,5.05188E+20,5.57146E+21,9.07284E+15,5.02952E+16
26756,6.17012E+18,6,5,32,9,2017,1,10,2,2,5,3,0,1,0,0,0,0,2,4.54316E+20,5.62871E+21,8.35162E+15,5.08083E+16
26757,6.17012E+18,6,5,32,11,2017,1,8,2,3,5,2,0,1,0,0,0,0,2,4.40263E+20,5.62445E+21,8.15288E+15,5.07687E+16
26758,6.17012E+18,6,5,32,11,2017,1,14,2,2,9,1,0,1,0,0,0,0,2,4.42966E+20,5.61803E+21,8.1922E+15,5.07112E+16
26759,6.17012E+18,6,4,32,22,2017,1,18,2,2,1,5,0,1,0,0,0,2,1,4.77141E+20,5.51292E+21,8.68257E+15,4.97684E+16
26760,6.17012E+18,6,4,11,0,2017,1,8,2,3,2,6,0,1,0,0,1,0,1,4.73733E+20,5.51962E+21,8.63478E+15,4.98284E+16
26761,6.17012E+18,6,4,40,23,2017,1,6,2,3,8,1,0,1,0,0,0,2,2,4.79349E+20,5.57107E+21,8.71009E+15,5.02914E+16
26762,6.17012E+18,6,4,31,15,2017,1,7,2,3,9,1,0,1,0,0,0,1,2,4.82948E+20,5.50388E+21,8.7636E+15,4.96872E+16
26763,6.17012E+18,6,4,31,22,2017,1,6,2,3,5,3,1,1,0,0,0,2,1,4.72071E+20,5.50796E+21,8.61251E+15,4.97235E+16
26764,6.17012E+18,6,5,35,10,2017,1,9,2,3,2,6,0,1,0,0,0,0,1,5.07621E+20,5.62393E+21,9.10806E+15,5.07671E+16
26765,6.17012E+18,6,4,33,11,2017,1,16,2,3,5,3,0,1,0,1,0,0,0,4.65436E+20,5.51769E+21,8.5196E+15,4.98106E+16
26766,6.17012E+18,6,4,33,4,2017,1,16,2,1,4,6,0,1,0,0,0,1,0,4.63626E+20,5.51396E+21,8.49479E+15,4.9777E+16
26767,6.17012E+18,6,5,34,14,2017,1,15,2,3,2,6,0,1,0,0,1,0,0,4.83006E+20,5.6263E+21,8.75892E+15,5.07882E+16
26768,6.17012E+18,6,6,31,11,2017,1,14,2,2,5,3,0,1,0,0,0,0,1,5.37521E+20,5.60471E+21,9.53009E+15,5.0593E+16
26769,6.17012E+18,6,5,32,23,2017,1,15,2,3,5,3,0,1,0,0,1,0,0,4.64614E+20,5.6014E+21,8.50038E+15,5.05635E+16
26770,6.17012E+18,6,5,32,23,2017,1,7,2,3,5,3,0,1,0,0,0,2,2,4.61143E+20,5.59963E+21,8.45156E+15,5.05473E+16
26771,6.17012E+18,6,5,31,10,2017,1,13,2,3,9,6,0,1,0,0,1,0,1,5.03023E+20,5.59951E+21,9.04267E+15,5.05475E+16
26772,6.17012E+18,6,5,31,5,2017,1,7,2,3,5,2,1,1,0,0,0,1,1,4.7694E+20,5.60313E+21,8.67431E+15,5.05796E+16
26773,6.17012E+18,6,6,31,6,2017,1,16,2,3,3,6,0,1,0,0,1,0,0,5.5014E+20,5.59335E+21,9.70683E+15,5.049E+16
26774,6.17012E+18,6,4,12,0,2017,1,18,2,3,2,6,0,1,0,0,1,2,0,4.80137E+20,5.54584E+21,8.72247E+15,5.00645E+16
26775,6.17012E+18,6,4,12,0,2017,1,17,2,3,9,1,0,1,0,0,0,2,0,4.7171E+20,5.54499E+21,8.60479E+15,5.00565E+16
26776,6.17012E+18,6,4,12,0,2017,1,23,2,3,9,1,0,1,0,0,0,2,2,4.71113E+20,5.55181E+21,8.59594E+15,5.01178E+16
26777,6.17012E+18,6,4,31,2,2017,1,6,2,3,2,6,0,1,0,0,0,2,1,4.71263E+20,5.50242E+21,8.60171E+15,4.96736E+16
26778,6.17012E+18,6,4,33,2,2017,1,7,2,3,2,6,0,1,0,0,1,0,0,4.56549E+20,5.53586E+21,8.39404E+15,4.99735E+16
26779,6.17012E+18,6,4,40,5,2017,1,7,2,3,2,6,0,1,0,0,1,0,0,4.7861E+20,5.58487E+21,8.69893E+15,5.04154E+16
26780,6.17012E+18,6,4,35,7,2017,1,1,1,3,9,1,0,1,0,0,0,2,1,4.98286E+20,5.55569E+21,8.976E+15,5.01534E+16
26781,6.17012E+18,6,4,14,0,2017,1,17,1,3,2,6,0,1,0,0,1,1,1,4.45658E+20,5.54756E+21,8.24052E+15,5.00779E+16
26782,6.17012E+18,6,4,12,0,2017,1,7,1,3,4,2,0,1,0,0,0,2,0,4.7753E+20,5.55665E+21,8.68541E+15,5.01616E+16
26783,6.17012E+18,6,4,12,0,2017,1,5,1,3,8,1,0,1,0,0,0,2,1,4.73855E+20,5.55148E+21,8.63431E+15,5.0115E+16
26784,6.17012E+18,6,6,34,13,2017,1,15,1,3,9,1,0,1,0,0,0,0,2,5.38503E+20,5.65839E+21,9.54961E+15,5.10757E+16
26785,6.17012E+18,6,6,11,0,2017,1,13,1,3,8,1,0,1,0,0,0,0,2,5.2915E+20,5.68869E+21,9.41857E+15,5.13488E+16
26786,6.17012E+18,6,4,39,11,2017,1,20,1,3,9,1,0,1,0,0,0,2,2,4.49404E+20,5.55904E+21,8.29135E+15,5.01814E+16
26787,6.17012E+18,6,4,35,2,2017,1,16,1,3,2,6,0,1,0,0,0,1,1,5.26365E+20,5.57005E+21,9.37005E+15,5.0282E+16
26788,6.17012E+18,6,5,34,10,2017,1,18,1,3,4,1,0,1,0,0,0,2,2,4.69622E+20,5.62671E+21,8.56901E+15,5.07914E+16
26789,6.17012E+18,6,5,35,1,2017,1,20,1,3,1,5,0,1,0,0,0,2,2,5.19173E+20,5.62152E+21,9.27175E+15,5.07451E+16
26790,6.17012E+18,6,5,34,17,2017,1,13,1,3,4,1,0,1,0,0,0,0,2,4.88433E+20,5.63938E+21,8.83548E+15,5.09059E+16
26791,6.17012E+18,6,5,34,18,2017,1,14,1,3,2,1,0,1,0,0,0,0,2,5.00884E+20,5.63109E+21,9.01255E+15,5.08315E+16
26792,6.17012E+18,6,6,31,9,2017,1,17,1,3,5,2,0,1,0,0,0,2,2,5.47925E+20,5.59968E+21,9.67643E+15,5.05471E+16
26793,6.17012E+18,6,4,35,14,2017,1,17,1,3,6,4,0,1,1,0,0,2,0,4.94328E+20,5.55303E+21,8.92064E+15,5.01294E+16
26794,6.17011E+18,6,4,12,0,2017,1,0,7,2,2,2,0,1,0,0,1,2,2,4.68342E+20,5.54122E+21,8.55805E+15,5.00224E+16
26795,6.17011E+18,6,5,31,2,2017,1,20,7,3,0,7,0,1,0,0,1,2,2,4.7322E+20,5.60856E+21,8.62136E+15,5.06283E+16
26796,6.17011E+18,6,6,35,15,2017,1,8,7,2,4,1,0,1,0,0,0,0,2,4.9154E+20,5.68207E+21,8.87867E+15,5.12899E+16
26797,6.17011E+18,6,6,32,4,2017,1,2,7,3,9,1,0,1,0,0,0,2,2,5.36342E+20,5.62498E+21,9.51544E+15,5.07755E+16
26798,6.17011E+18,6,4,14,0,2017,1,17,7,3,5,7,0,1,0,0,0,2,1,4.44706E+20,5.54678E+21,8.22732E+15,5.00707E+16
26799,6.17011E+18,6,4,14,0,2017,1,21,7,3,5,3,0,1,0,0,0,2,1,4.45997E+20,5.54757E+21,8.24525E+15,5.00779E+16
26800,6.17011E+18,6,4,12,0,2017,1,12,7,3,0,1,0,0,0,1,0,0,1,4.75127E+20,5.55126E+21,8.65213E+15,5.01131E+16
26801,6.17011E+18,6,4,37,2,2017,1,11,7,3,2,2,0,1,0,0,1,0,1,4.9557E+20,5.49236E+21,8.93872E+15,4.95838E+16
26802,6.17011E+18,6,6,34,17,2017,1,5,7,3,8,1,0,1,0,0,0,2,2,5.24354E+20,5.64027E+21,9.34643E+15,5.09135E+16
26803,6.17011E+18,6,6,33,13,2017,1,5,7,3,5,3,0,1,0,0,0,2,1,5.28167E+20,5.7057E+21,9.4058E+15,5.15018E+16
26804,6.17011E+18,6,6,34,18,2017,1,14,7,2,9,1,0,1,0,0,0,0,1,5.25008E+20,5.67361E+21,9.35803E+15,5.12133E+16
26805,6.17011E+18,6,6,35,14,2017,1,18,7,3,5,3,0,1,0,0,0,2,2,4.70712E+20,5.64584E+21,8.58294E+15,5.09634E+16
26806,6.17011E+18,6,4,38,13,2017,1,12,7,3,2,6,0,1,0,0,0,0,1,4.96202E+20,5.54228E+21,8.94697E+15,5.00328E+16
26807,6.17011E+18,6,4,31,7,2017,1,11,7,3,2,6,0,1,0,0,0,0,1,4.84286E+20,5.49979E+21,8.78231E+15,4.96505E+16
26808,6.17011E+18,6,4,35,3,2017,1,4,7,2,8,1,0,1,0,0,0,2,2,5.22129E+20,5.5568E+21,9.30983E+15,5.0163E+16
26809,6.17011E+18,6,5,32,8,2017,1,18,7,3,8,1,0,1,0,0,0,2,2,4.55366E+20,5.60615E+21,8.36924E+15,5.06056E+16
26810,6.17011E+18,6,5,32,12,2017,1,13,7,3,2,6,0,1,0,0,0,0,1,4.51248E+20,5.61429E+21,8.30998E+15,5.06784E+16
26811,6.17011E+18,6,5,34,1,2017,1,10,7,3,7,7,0,1,0,0,0,0,1,4.98066E+20,5.62832E+21,8.97255E+15,5.08066E+16
26812,6.17011E+18,6,5,34,14,2017,1,10,7,3,8,1,0,0,0,0,1,0,1,4.7844E+20,5.62754E+21,8.69406E+15,5.07992E+16
26813,6.17011E+18,6,5,32,23,2017,1,19,7,3,5,3,0,1,0,0,0,2,2,4.63706E+20,5.60098E+21,8.4876E+15,5.05596E+16
26814,6.17011E+18,6,6,32,11,2017,1,10,7,3,8,1,0,1,0,0,0,0,2,5.43247E+20,5.63232E+21,9.61423E+15,5.0841E+16
26815,6.17011E+18,6,5,31,3,2017,1,21,6,3,8,5,0,1,0,0,0,2,1,4.82306E+20,5.60743E+21,8.74989E+15,5.06185E+16
26816,6.17011E+18,6,6,33,1,2017,1,11,6,3,5,2,0,1,0,0,0,0,1,5.28865E+20,5.69075E+21,9.41464E+15,5.13673E+16
26817,6.17011E+18,6,6,11,0,2017,1,18,6,3,8,1,0,1,0,0,0,2,2,5.26117E+20,5.68851E+21,9.37501E+15,5.13473E+16
26818,6.17011E+18,6,6,11,0,2017,1,14,6,2,5,3,1,1,0,0,0,0,1,5.34019E+20,5.68256E+21,9.4879E+15,5.12934E+16
26819,6.17011E+18,6,4,14,0,2017,1,12,6,3,2,6,0,1,0,0,0,0,1,4.45077E+20,5.54464E+21,8.23282E+15,5.00515E+16
26820,6.17011E+18,6,4,14,0,2017,1,9,6,3,2,6,0,1,0,0,0,0,0,4.43242E+20,5.55225E+21,8.20605E+15,5.01198E+16
26821,6.17011E+18,6,4,12,0,2017,1,7,6,3,6,4,0,1,1,0,0,0,1,4.68024E+20,5.55051E+21,8.55284E+15,5.0106E+16
26822,6.17011E+18,6,4,12,0,2017,1,12,6,3,5,3,1,1,0,0,0,0,1,4.75869E+20,5.55328E+21,8.66237E+15,5.01313E+16
26823,6.17011E+18,6,6,36,16,2017,1,8,6,3,4,1,0,1,0,0,0,0,2,5.55902E+20,5.6873E+21,9.80245E+15,5.13343E+16
26824,6.17011E+18,6,6,33,13,2017,1,9,6,3,8,1,0,1,0,0,1,0,2,5.31633E+20,5.70504E+21,9.45569E+15,5.14956E+16
26825,6.17011E+18,6,6,33,13,2017,1,7,6,3,5,2,1,0,0,0,1,2,1,5.27192E+20,5.70536E+21,9.39173E+15,5.14987E+16
26826,6.17011E+18,6,6,32,18,2017,1,18,6,3,2,2,0,1,0,0,0,2,1,5.50866E+20,5.64967E+21,9.72485E+15,5.09964E+16
26827,6.17011E+18,6,6,32,18,2017,1,9,6,2,8,1,0,0,0,0,1,0,2,5.54414E+20,5.65183E+21,9.77573E+15,5.10154E+16
26828,6.17011E+18,6,4,39,11,2017,1,22,6,3,5,3,0,1,0,0,0,2,1,4.51262E+20,5.55679E+21,8.31765E+15,5.01613E+16
26829,6.17011E+18,6,4,35,28,2017,1,18,6,2,2,6,0,1,0,1,0,2,2,5.32126E+20,5.5805E+21,9.45179E+15,5.03757E+16
26830,6.17011E+18,6,4,38,13,2017,1,14,6,3,2,6,0,1,0,0,0,0,0,4.95425E+20,5.54152E+21,8.93613E+15,5.00259E+16
26831,6.17011E+18,6,4,38,13,2017,1,10,6,3,2,6,0,1,0,0,0,0,1,4.96725E+20,5.54265E+21,8.95426E+15,5.00361E+16
26832,6.17011E+18,6,4,34,7,2017,1,17,6,3,6,4,0,1,1,0,0,2,2,4.65485E+20,5.57172E+21,8.51541E+15,5.02965E+16
26833,6.17011E+18,6,4,34,9,2017,1,6,6,3,5,3,0,1,0,0,0,2,2,4.596E+20,5.56518E+21,8.43349E+15,5.02374E+16
26834,6.17011E+18,6,4,34,11,2017,1,5,6,3,8,7,0,1,0,0,0,2,2,4.65995E+20,5.5784E+21,8.52196E+15,5.03567E+16
26835,6.17011E+18,6,4,36,7,2017,1,6,6,3,8,1,0,0,0,0,1,2,2,4.57648E+20,5.5495E+21,8.40785E+15,5.00963E+16
26836,6.17011E+18,6,4,40,5,2017,1,6,6,3,9,1,0,1,0,0,0,1,2,4.71934E+20,5.58242E+21,8.60516E+15,5.03932E+16
26837,6.17011E+18,6,5,32,11,2017,1,6,6,2,2,6,0,1,0,0,0,2,2,4.40569E+20,5.62401E+21,8.15728E+15,5.07648E+16
26838,6.17011E+18,6,5,34,7,2017,1,7,6,3,4,1,0,1,0,0,0,0,2,4.67575E+20,5.63101E+21,8.53959E+15,5.08299E+16
26839,6.17011E+18,6,5,35,9,2017,1,19,6,3,8,1,0,0,0,0,1,2,2,5.02558E+20,5.61907E+21,9.03624E+15,5.07234E+16
26840,6.17011E+18,6,6,31,7,2017,1,8,6,3,8,1,0,1,0,0,0,0,2,5.55064E+20,5.62106E+21,9.78036E+15,5.07387E+16
26841,6.17011E+18,6,6,31,3,2017,1,12,6,1,4,1,0,1,0,0,0,0,2,5.54876E+20,5.59894E+21,9.77442E+15,5.05398E+16
26842,6.17011E+18,6,6,31,4,2017,1,6,6,3,4,1,0,1,0,0,0,2,2,5.56639E+20,5.59308E+21,9.79841E+15,5.0487E+16
26843,6.17011E+18,6,6,31,3,2017,1,7,6,3,8,1,0,1,0,0,1,2,2,5.58055E+20,5.59827E+21,9.81918E+15,5.05335E+16
26844,6.17011E+18,6,5,32,23,2017,1,14,6,3,2,6,0,1,0,0,0,0,1,4.63089E+20,5.59994E+21,8.47899E+15,5.05503E+16
26845,6.17011E+18,6,4,38,5,2017,1,6,6,3,3,6,0,1,0,0,1,2,1,4.87464E+20,5.54616E+21,8.82483E+15,5.00676E+16
26846,6.17011E+18,6,6,32,14,2017,1,7,6,3,9,6,0,1,0,0,1,2,2,5.37987E+20,5.6434E+21,9.54067E+15,5.0941E+16
26847,6.17011E+18,6,5,35,14,2017,1,11,6,3,2,6,0,1,0,0,0,0,1,5.15407E+20,5.61936E+21,9.21829E+15,5.07258E+16
26848,6.17011E+18,6,4,12,0,2017,1,17,6,2,2,6,0,1,0,0,0,1,0,4.71268E+20,5.55157E+21,8.59812E+15,5.01157E+16
26849,6.17011E+18,6,4,33,7,2017,1,14,6,3,3,6,0,1,0,0,1,0,0,4.65295E+20,5.54268E+21,8.51539E+15,5.00354E+16
26850,6.17011E+18,6,4,12,0,2017,1,10,6,3,3,6,0,1,0,0,1,0,0,4.71389E+20,5.55139E+21,8.59983E+15,5.01141E+16
26851,6.17011E+18,6,5,33,3,2017,1,20,6,3,2,6,0,1,0,0,0,2,0,4.44608E+20,5.57465E+21,8.22189E+15,5.03213E+16
26852,6.17011E+18,6,6,34,1,2017,1,17,5,2,8,1,0,1,0,0,0,2,1,5.18312E+20,5.65667E+21,9.26131E+15,5.10613E+16
26853,6.17011E+18,6,6,33,17,2017,1,14,5,3,2,6,0,1,0,0,0,0,1,5.3696E+20,5.68111E+21,9.52993E+15,5.12802E+16
26854,6.17011E+18,6,6,11,0,2017,1,20,5,2,5,3,1,1,0,0,0,2,1,5.34087E+20,5.68515E+21,9.48912E+15,5.13167E+16
26855,6.17011E+18,6,4,14,0,2017,1,7,5,3,8,1,0,1,0,0,0,0,1,4.41018E+20,5.54387E+21,8.17623E+15,5.00442E+16
26856,6.17011E+18,6,4,14,0,2017,1,6,5,3,5,3,0,1,0,0,0,2,1,4.45995E+20,5.54757E+21,8.24522E+15,5.00779E+16
26857,6.17011E+18,6,4,14,0,2017,1,8,5,3,2,6,0,1,0,0,0,0,1,4.44889E+20,5.5488E+21,8.22958E+15,5.00889E+16
26858,6.17011E+18,6,4,12,0,2017,1,19,5,3,6,6,0,0,1,0,1,2,1,4.69457E+20,5.54974E+21,8.57294E+15,5.00992E+16
26859,6.17011E+18,6,4,12,0,2017,1,10,5,3,3,6,1,1,0,0,0,0,0,4.77427E+20,5.5538E+21,8.68413E+15,5.0136E+16
26860,6.17011E+18,6,4,12,0,2017,1,8,5,3,0,4,0,0,1,0,1,0,0,4.7833E+20,5.55128E+21,8.69691E+15,5.01134E+16
26861,6.17011E+18,6,4,37,12,2017,1,4,5,3,9,1,0,1,0,0,0,2,2,4.94222E+20,5.50398E+21,8.9199E+15,4.96883E+16
26862,6.17011E+18,6,6,33,2,2017,1,8,5,3,5,3,0,1,0,0,0,0,0,5.31129E+20,5.72169E+21,9.44989E+15,5.16453E+16
26863,6.17011E+18,6,4,39,2,2017,1,13,5,3,2,6,0,1,0,0,0,0,1,4.31616E+20,5.55497E+21,8.04296E+15,5.0143E+16
26864,6.17011E+18,6,4,39,17,2017,1,6,5,3,2,6,0,1,0,0,0,2,2,4.38067E+20,5.54393E+21,8.13502E+15,5.00444E+16
26865,6.17011E+18,6,4,39,17,2017,1,6,5,3,0,7,0,1,0,0,0,2,2,4.38067E+20,5.54393E+21,8.13502E+15,5.00444E+16
26866,6.17011E+18,6,4,36,7,2017,1,10,5,3,3,6,0,1,0,0,1,0,0,4.54912E+20,5.54537E+21,8.3701E+15,5.00589E+16
26867,6.17011E+18,6,4,31,11,2017,1,7,5,3,2,6,0,1,0,0,0,1,1,4.73496E+20,5.49896E+21,8.63289E+15,4.96426E+16
26868,6.17011E+18,6,4,11,0,2017,1,10,5,3,2,6,0,1,0,0,0,0,0,4.76729E+20,5.5184E+21,8.67651E+15,4.98176E+16
26869,6.17011E+18,6,6,31,11,2017,1,1,5,3,9,1,0,1,0,0,0,2,1,5.37054E+20,5.60505E+21,9.52353E+15,5.05961E+16
26870,6.17011E+18,6,4,35,14,2017,1,21,5,3,5,3,0,1,0,0,0,2,1,4.93821E+20,5.55344E+21,8.91355E+15,5.01332E+16
26871,6.17011E+18,6,5,32,23,2017,1,6,5,3,5,3,0,1,0,0,0,2,1,4.64824E+20,5.59928E+21,8.50354E+15,5.05444E+16
26872,6.17011E+18,6,5,31,16,2017,1,16,5,3,2,6,0,1,0,0,0,1,1,4.88614E+20,5.60478E+21,8.83914E+15,5.05948E+16
26873,6.17011E+18,6,5,31,6,2017,1,17,5,3,5,3,0,1,0,0,0,2,1,4.98371E+20,5.60438E+21,8.97699E+15,5.05913E+16
26874,6.17011E+18,6,4,35,14,2017,1,1,5,3,2,6,0,1,0,0,1,2,1,4.98425E+20,5.55078E+21,8.97798E+15,5.01092E+16
26875,6.17011E+18,6,4,13,0,2017,1,10,5,3,2,6,0,1,0,0,0,0,0,4.82475E+20,5.54594E+21,8.75513E+15,5.00655E+16
26876,6.17011E+18,6,6,33,29,2017,1,12,5,1,9,1,0,1,0,0,0,0,1,5.19782E+20,5.68573E+21,9.28389E+15,5.13226E+16
26877,6.17011E+18,6,4,12,0,2017,1,17,5,3,2,6,0,1,0,0,0,2,0,4.67761E+20,5.5522E+21,8.54903E+15,5.01211E+16
26878,6.17011E+18,6,4,32,23,2017,1,8,5,3,2,6,0,1,0,0,0,0,1,4.72227E+20,5.53141E+21,8.61299E+15,4.99344E+16
26879,6.17011E+18,6,5,31,7,2017,1,6,4,3,5,3,0,1,0,0,0,2,1,4.73376E+20,5.6058E+21,8.62378E+15,5.06035E+16
26880,6.17011E+18,6,5,35,16,2017,1,16,4,2,4,1,0,1,0,0,1,0,2,5.10588E+20,5.59215E+21,9.14923E+15,5.04813E+16
26881,6.17011E+18,6,6,11,0,2017,1,13,4,3,6,2,0,1,1,0,0,0,1,5.36009E+20,5.68511E+21,9.5167E+15,5.13162E+16
26882,6.17011E+18,6,6,33,20,2017,1,6,4,3,0,5,0,1,0,0,1,2,2,5.40081E+20,5.6843E+21,9.57503E+15,5.13086E+16
26883,6.17011E+18,6,6,11,0,2017,1,18,4,2,6,4,0,1,1,0,0,2,1,5.33564E+20,5.68326E+21,9.48143E+15,5.12996E+16
26884,6.17011E+18,6,4,14,0,2017,1,15,4,3,5,3,0,1,0,0,0,0,1,4.45859E+20,5.54506E+21,8.24367E+15,5.00553E+16
26885,6.17011E+18,6,4,14,0,2017,1,21,4,3,3,6,1,1,0,0,0,2,1,4.4486E+20,5.54797E+21,8.2293E+15,5.00815E+16
26886,6.17011E+18,6,4,14,0,2017,1,16,4,3,5,3,0,0,0,0,1,1,1,4.45347E+20,5.5479E+21,8.23611E+15,5.00809E+16
26887,6.17011E+18,6,4,12,0,2017,1,18,4,2,6,7,0,1,1,0,0,2,1,4.74357E+20,5.55291E+21,8.64124E+15,5.01279E+16
26888,6.17011E+18,6,4,12,0,2017,1,17,4,3,6,4,1,0,1,0,0,1,1,4.76068E+20,5.55525E+21,8.66504E+15,5.0149E+16
26889,6.17011E+18,6,4,12,0,2017,1,7,4,3,6,4,0,0,1,0,1,1,1,4.76501E+20,5.54868E+21,8.67149E+15,5.00899E+16
26890,6.17011E+18,6,4,37,11,2017,1,15,4,3,8,1,0,1,0,0,0,0,1,5.0474E+20,5.50235E+21,9.0657E+15,4.96736E+16
26891,6.17011E+18,6,4,11,0,2017,1,9,4,3,6,4,0,1,1,0,0,0,1,4.74345E+20,5.52356E+21,8.64303E+15,4.98639E+16
26892,6.17011E+18,6,4,38,13,2017,1,18,4,2,5,2,0,1,0,0,0,2,1,4.99536E+20,5.54226E+21,8.99352E+15,5.00326E+16
26893,6.17011E+18,6,4,38,9,2017,1,14,4,3,2,6,0,1,0,0,0,0,1,4.79816E+20,5.54403E+21,8.71809E+15,5.00482E+16
26894,6.17011E+18,6,4,38,6,2017,1,16,4,3,2,6,0,1,0,0,0,1,1,4.74634E+20,5.53798E+21,8.6461E+15,4.99936E+16
26895,6.17011E+18,6,4,34,3,2017,1,14,4,2,8,1,0,1,0,0,0,0,2,4.60976E+20,5.56393E+21,8.4529E+15,5.02263E+16
26896,6.17011E+18,6,5,33,12,2017,1,21,4,3,8,1,0,1,0,0,0,2,1,4.416E+20,5.59383E+21,8.17666E+15,5.04935E+16
26897,6.17011E+18,6,4,36,7,2017,1,13,4,2,4,7,0,1,0,0,1,0,1,4.61538E+20,5.5495E+21,8.46225E+15,5.00965E+16
26898,6.17011E+18,6,4,36,8,2017,1,14,4,3,1,5,0,1,0,0,0,0,1,4.61659E+20,5.55231E+21,8.46366E+15,5.01218E+16
26899,6.17011E+18,6,4,40,9,2017,1,6,4,2,6,6,0,1,1,0,0,2,2,5.16939E+20,5.58333E+21,9.23836E+15,5.04017E+16
26900,6.17011E+18,6,4,32,4,2017,1,19,4,3,5,2,0,1,0,0,0,2,1,4.89257E+20,5.5288E+21,8.85037E+15,4.99115E+16
26901,6.17011E+18,6,4,32,21,2017,1,18,4,3,4,6,0,1,0,0,1,2,1,4.99625E+20,5.52965E+21,8.99478E+15,4.99193E+16
26902,6.17011E+18,6,4,32,14,2017,1,17,4,3,6,3,0,1,1,0,0,2,1,4.78461E+20,5.52006E+21,8.7005E+15,4.98326E+16
26903,6.17011E+18,6,4,31,14,2017,1,17,4,3,9,1,0,1,0,0,0,2,1,4.8055E+20,5.50548E+21,8.73027E+15,4.97015E+16
26904,6.17011E+18,6,5,35,13,2017,1,16,4,3,8,1,0,1,0,0,0,0,2,5.00491E+20,5.61199E+21,9.00694E+15,5.06597E+16
26905,6.17011E+18,6,5,35,13,2017,1,14,4,3,8,1,0,1,0,0,0,0,2,5.00488E+20,5.61199E+21,9.00691E+15,5.06597E+16
26906,6.17011E+18,6,5,35,6,2017,1,4,4,2,8,1,0,1,0,0,0,2,0,5.31343E+20,5.6203E+21,9.44414E+15,5.07336E+16
26907,6.17011E+18,6,4,33,12,2017,1,18,4,3,2,6,0,1,0,0,0,2,1,4.59819E+20,5.53581E+21,8.43965E+15,4.99733E+16
26908,6.17011E+18,6,6,31,18,2017,1,21,4,3,8,1,0,1,0,0,0,2,2,5.379E+20,5.59497E+21,9.53445E+15,5.05055E+16
26909,6.17011E+18,6,6,31,9,2017,1,8,4,3,5,3,1,1,0,0,0,0,0,5.46979E+20,5.60049E+21,9.66317E+15,5.05545E+16
26910,6.17011E+18,6,5,32,1,2017,1,19,4,3,4,6,0,1,0,0,0,2,1,4.61575E+20,5.60778E+21,8.45681E+15,5.06207E+16
26911,6.17011E+18,6,5,32,23,2017,1,8,4,3,2,6,0,1,0,0,0,0,1,4.72129E+20,5.60098E+21,8.60651E+15,5.05601E+16
26912,6.17011E+18,6,5,31,10,2017,1,19,4,3,9,1,0,1,0,0,0,2,2,5.02969E+20,5.59944E+21,9.0419E+15,5.05469E+16
26913,6.17011E+18,6,4,35,14,2017,1,13,4,3,5,3,0,1,0,0,0,0,1,4.95825E+20,5.5511E+21,8.9416E+15,5.01122E+16
26914,6.17011E+18,6,6,33,3,2017,1,10,4,2,0,7,0,1,0,0,1,0,0,5.29407E+20,5.67488E+21,9.42112E+15,5.12245E+16
26915,6.17011E+18,6,4,12,0,2017,1,15,4,3,3,6,0,1,0,0,0,0,1,4.69821E+20,5.55273E+21,8.57779E+15,5.01261E+16
26916,6.17011E+18,6,4,12,0,2017,1,9,4,3,3,6,0,1,0,0,1,0,0,4.71508E+20,5.55099E+21,8.60153E+15,5.01105E+16
26917,6.17011E+18,6,4,12,0,2017,1,14,4,3,3,6,0,1,0,0,1,0,1,4.71169E+20,5.55146E+21,8.59675E+15,5.01146E+16
26918,6.17011E+18,6,4,14,0,2017,1,17,4,3,3,6,0,1,0,0,0,2,1,4.4366E+20,5.5446E+21,8.21302E+15,5.0051E+16
26919,6.17011E+18,6,5,33,9,2017,1,7,3,3,5,3,0,1,0,0,0,0,1,4.3413E+20,5.58308E+21,8.07324E+15,5.03961E+16
26920,6.17011E+18,6,6,33,26,2017,1,10,3,3,5,2,0,1,0,0,0,0,1,5.32664E+20,5.69034E+21,9.46918E+15,5.13634E+16
26921,6.17011E+18,6,6,11,0,2017,1,16,3,3,5,3,0,1,0,0,1,2,1,5.34082E+20,5.68515E+21,9.48904E+15,5.13167E+16
26922,6.17011E+18,6,6,11,0,2017,1,10,3,3,0,1,0,0,0,1,0,0,1,5.34225E+20,5.68459E+21,9.49105E+15,5.13116E+16
26923,6.17011E+18,6,4,14,0,2017,1,13,3,3,0,7,0,0,0,0,1,0,1,4.46645E+20,5.54387E+21,8.25482E+15,5.00448E+16
26924,6.17011E+18,6,4,14,0,2017,1,9,3,3,5,3,0,1,0,0,1,0,1,4.54874E+20,5.54717E+21,8.36936E+15,5.00751E+16
26925,6.17011E+18,6,4,14,0,2017,1,7,3,3,5,2,0,1,0,0,0,1,2,4.47938E+20,5.5476E+21,8.27237E+15,5.00784E+16
26926,6.17011E+18,6,4,36,3,2017,1,8,3,3,9,1,0,1,0,0,1,0,2,4.68528E+20,5.55407E+21,8.5596E+15,5.0138E+16
26927,6.17011E+18,6,4,36,3,2017,1,9,3,3,2,6,0,1,0,0,0,0,2,4.70157E+20,5.55423E+21,8.58238E+15,5.01395E+16