OBJECTID,UIDENTSTLA,ULAND,UREGBEZ,UKREIS,UGEMEINDE,UJAHR,UMONAT,USTUNDE,UWOCHENTAG,UKATEGORIE,UART,UTYP1,IstRad,IstPKW,IstFuss,IstKrad,IstSonstig,LICHT,STRZUSTAND,LINREFX,LINREFY,XGCSWGS84,YGCSWGS84
26928,6.17011E+18,6,4,12,0,2017,1,13,3,2,2,2,0,1,0,0,0,0,1,4.69249E+20,5.5497E+21,8.57004E+15,5.00987E+16
26929,6.17011E+18,6,4,12,0,2017,1,18,3,3,5,3,1,1,0,0,0,2,2,4.77891E+20,5.54918E+21,8.6909E+15,5.00945E+16
26930,6.17011E+18,6,4,37,1,2017,1,14,3,3,2,6,0,1,0,0,0,0,1,4.99352E+20,5.50815E+21,8.99101E+15,4.97259E+16
26931,6.17011E+18,6,6,33,11,2017,1,14,3,3,5,3,0,1,0,0,0,0,1,5.21052E+20,5.68706E+21,9.30219E+15,5.13344E+16
26932,6.17011E+18,6,6,11,0,2017,1,12,3,2,6,4,0,1,1,0,0,0,1,5.32946E+20,5.68372E+21,9.47262E+15,5.13039E+16
26933,6.17011E+18,6,6,35,12,2017,1,7,3,3,8,1,0,1,0,0,0,2,2,4.95393E+20,5.64756E+21,8.93437E+15,5.09796E+16
26934,6.17011E+18,6,4,38,4,2017,1,7,3,3,6,6,1,0,1,0,0,1,2,4.97912E+20,5.54597E+21,8.97082E+15,5.0066E+16
26935,6.17011E+18,6,4,36,9,2017,1,9,3,3,1,6,0,1,0,0,1,0,2,4.6236E+20,5.54843E+21,8.47384E+15,5.0087E+16
26936,6.17011E+18,6,4,40,12,2017,1,17,3,3,4,6,0,1,0,0,1,2,1,4.81851E+20,5.56477E+21,8.74551E+15,5.02348E+16
26937,6.17011E+18,6,4,37,3,2017,1,20,3,3,8,1,0,1,0,0,0,2,1,4.93578E+20,5.51111E+21,8.91084E+15,4.97524E+16
26938,6.17011E+18,6,5,32,12,2017,1,11,3,3,3,1,0,1,0,0,0,0,2,4.5188E+20,5.61311E+21,8.31907E+15,5.06679E+16
26939,6.17011E+18,6,5,32,11,2017,1,5,3,3,4,1,0,1,0,0,0,2,2,4.47042E+20,5.62774E+21,8.24853E+15,5.07989E+16
26940,6.17011E+18,6,4,32,4,2017,1,10,3,3,9,1,0,1,0,0,0,0,2,4.83681E+20,5.52861E+21,8.77272E+15,4.99097E+16
26941,6.17011E+18,6,4,31,12,2017,1,15,3,2,2,6,0,1,0,0,0,0,1,4.95311E+20,5.47759E+21,8.9353E+15,4.94509E+16
26942,6.17011E+18,6,4,31,9,2017,1,7,3,3,6,1,0,1,1,0,0,2,1,4.88217E+20,5.4979E+21,8.83682E+15,4.96335E+16
26943,6.17011E+18,6,5,35,13,2017,1,7,3,3,2,6,0,1,0,0,1,0,1,5.02062E+20,5.60686E+21,9.02915E+15,5.06136E+16
26944,6.17011E+18,6,4,33,7,2017,1,9,3,3,9,1,0,1,0,0,0,0,2,4.67909E+20,5.54429E+21,8.55175E+15,5.00501E+16
26945,6.17011E+18,6,4,33,3,2017,1,20,3,3,8,1,0,1,0,0,0,2,2,4.68272E+20,5.53081E+21,8.55793E+15,4.99288E+16
26946,6.17011E+18,6,4,33,9,2017,1,12,3,3,5,2,0,1,0,0,0,0,1,4.59836E+20,5.53258E+21,8.44023E+15,4.99442E+16
26947,6.17011E+18,6,4,33,4,2017,1,6,3,3,5,2,0,1,0,0,0,0,1,4.63473E+20,5.51223E+21,8.49283E+15,4.97614E+16
26948,6.17011E+18,6,5,34,11,2017,1,17,3,3,7,7,0,0,0,0,1,1,1,4.90098E+20,5.63153E+21,8.85938E+15,5.08354E+16
26949,6.17011E+18,6,5,34,15,2017,1,11,3,3,9,1,0,1,0,0,0,0,1,4.79963E+20,5.64441E+21,8.71476E+15,5.09509E+16
26950,6.17011E+18,6,5,34,21,2017,1,10,3,3,8,1,0,1,0,0,0,0,2,4.82834E+20,5.64137E+21,8.75577E+15,5.09237E+16
26951,6.17011E+18,6,5,32,14,2017,1,8,3,3,8,1,0,1,0,0,0,0,2,4.67826E+20,5.59474E+21,8.54631E+15,5.05037E+16
26952,6.17011E+18,6,5,32,3,2017,1,5,3,3,4,6,0,1,0,0,0,2,2,4.55545E+20,5.592E+21,8.37346E+15,5.04783E+16
26953,6.17011E+18,6,5,32,22,2017,1,5,3,3,9,1,0,1,0,0,0,2,2,4.65998E+20,5.58976E+21,8.52098E+15,5.04589E+16
26954,6.17011E+18,6,5,31,6,2017,1,18,3,3,5,3,0,1,0,0,0,2,0,4.96164E+20,5.60919E+21,8.94576E+15,5.06345E+16
26955,6.17011E+18,6,5,31,14,2017,1,9,3,3,5,1,0,1,0,1,0,0,2,4.82559E+20,5.59878E+21,8.75387E+15,5.05407E+16
26956,6.17011E+18,6,5,31,5,2017,1,10,3,3,0,1,0,1,0,0,1,0,2,4.75113E+20,5.60085E+21,8.64865E+15,5.05591E+16
26957,6.17011E+18,6,5,31,5,2017,1,8,3,2,4,1,0,1,0,0,0,0,2,4.78998E+20,5.59947E+21,8.70357E+15,5.05468E+16
26958,6.17011E+18,6,4,38,13,2017,1,6,3,3,2,6,0,1,0,0,1,2,1,4.95839E+20,5.54194E+21,8.9419E+15,5.00298E+16
26959,6.17011E+18,6,4,38,10,2017,1,5,3,3,3,6,0,1,0,0,1,2,1,4.92183E+20,5.54604E+21,8.89078E+15,5.00666E+16
26960,6.17011E+18,6,4,12,0,2017,1,9,3,3,2,6,0,1,0,0,0,0,2,4.63079E+20,5.549E+21,8.48384E+15,5.00921E+16
26961,6.17011E+18,6,4,36,6,2017,1,10,3,3,2,6,0,1,0,0,0,0,1,4.56554E+20,5.54437E+21,8.39315E+15,5.005E+16
26962,6.17011E+18,6,4,11,0,2017,1,12,3,3,3,6,0,1,0,0,1,0,1,4.71252E+20,5.5238E+21,8.59998E+15,4.9866E+16
26963,6.17011E+18,6,6,36,8,2017,1,15,2,3,4,1,0,1,0,0,0,0,1,5.63074E+20,5.67308E+21,9.90289E+15,5.12057E+16
26964,6.17011E+18,6,6,11,0,2017,1,10,2,3,2,6,0,1,0,0,0,0,1,5.34058E+20,5.68591E+21,9.48878E+15,5.13234E+16
26965,6.17011E+18,6,4,14,0,2017,1,1,2,2,9,1,0,1,0,0,0,2,1,4.45808E+20,5.54542E+21,8.24291E+15,5.00586E+16
26966,6.17011E+18,6,4,14,0,2017,1,8,2,2,6,4,0,1,1,0,0,0,0,4.43493E+20,5.54742E+21,8.21028E+15,5.00764E+16
26967,6.17011E+18,6,4,14,0,2017,1,15,2,3,2,6,0,1,0,0,0,0,0,4.46618E+20,5.54554E+21,8.25422E+15,5.00598E+16
26968,6.17011E+18,6,4,13,0,2017,1,12,2,3,2,6,0,1,0,0,0,0,1,4.84594E+20,5.55E+21,8.78458E+15,5.01021E+16
26969,6.17011E+18,6,4,12,0,2017,1,17,2,3,5,2,0,1,0,0,0,2,1,4.65925E+20,5.55111E+21,8.52343E+15,5.01113E+16
26970,6.17011E+18,6,4,12,0,2017,1,10,2,3,5,3,0,1,0,0,0,0,0,4.65824E+20,5.55118E+21,8.52201E+15,5.01119E+16
26971,6.17011E+18,6,4,12,0,2017,1,6,2,3,5,2,0,1,0,1,0,2,1,4.77545E+20,5.55042E+21,8.68598E+15,5.01056E+16
26972,6.17011E+18,6,4,12,0,2017,1,16,2,3,0,6,0,1,0,1,0,1,0,4.83496E+20,5.55356E+21,8.76907E+15,5.0134E+16
26973,6.17011E+18,6,4,12,0,2017,1,15,2,3,2,6,0,1,0,0,0,0,1,4.79004E+20,5.55486E+21,8.70615E+15,5.01456E+16
26974,6.17011E+18,6,4,12,0,2017,1,17,2,3,2,6,0,1,0,0,0,1,1,4.80671E+20,5.55201E+21,8.72962E+15,5.012E+16
26975,6.17011E+18,6,4,12,0,2017,1,17,2,3,2,6,0,1,0,0,0,1,1,4.8066E+20,5.55203E+21,8.72947E+15,5.01202E+16
26976,6.17011E+18,6,6,32,1,2017,1,6,2,3,9,7,0,0,0,0,1,2,1,5.45083E+20,5.65376E+21,9.64295E+15,5.10336E+16
26977,6.17011E+18,6,4,38,7,2017,1,19,2,3,2,6,0,1,0,0,0,2,1,5.00825E+20,5.54103E+21,9.01151E+15,5.00215E+16
26978,6.17011E+18,6,4,34,1,2017,1,17,2,3,2,6,0,1,0,0,1,2,1,4.72528E+20,5.56263E+21,8.61496E+15,5.02152E+16
26979,6.17011E+18,6,4,36,7,2017,1,19,2,3,0,1,1,0,0,0,0,2,1,4.6049E+20,5.54836E+21,8.44771E+15,5.00862E+16
26980,6.17011E+18,6,5,32,11,2017,1,7,2,3,5,3,0,1,0,0,0,2,1,4.47555E+20,5.62185E+21,8.25664E+15,5.0746E+16
26981,6.17011E+18,6,4,32,1,2017,1,7,2,3,2,7,0,1,0,0,0,1,1,4.71838E+20,5.50983E+21,8.60914E+15,4.97403E+16
26982,6.17011E+18,6,4,40,23,2017,1,17,2,3,2,6,0,1,0,0,0,2,1,4.78596E+20,5.57301E+21,8.69941E+15,5.03089E+16
26983,6.17011E+18,6,6,31,13,2017,1,0,2,3,9,1,0,1,0,0,0,0,1,5.67025E+20,5.60772E+21,9.94742E+15,5.06175E+16
26984,6.17011E+18,6,5,31,8,2017,1,7,2,3,5,3,0,1,0,0,0,2,1,4.93738E+20,5.59636E+21,8.91167E+15,5.05191E+16
26985,6.17011E+18,6,4,38,11,2017,1,17,2,3,3,6,0,1,0,0,0,2,1,4.92201E+20,5.54605E+21,8.89102E+15,5.00666E+16
26986,6.17011E+18,6,4,38,10,2017,1,18,2,3,2,6,0,1,0,0,0,2,0,4.86537E+20,5.54618E+21,8.81188E+15,5.00678E+16
26987,6.17011E+18,6,4,12,0,2017,1,7,2,3,2,6,0,1,0,0,0,1,1,4.79983E+20,5.55389E+21,8.7199E+15,5.01369E+16
26988,6.17011E+18,6,4,13,0,2017,1,0,2,3,2,6,0,1,0,0,0,2,1,4.80495E+20,5.54607E+21,8.72747E+15,5.00666E+16
26989,6.17011E+18,6,4,12,0,2017,1,20,2,3,2,6,0,1,0,0,1,2,1,4.7549E+20,5.56177E+21,8.65652E+15,5.02076E+16
26990,6.17011E+18,6,4,39,8,2017,1,8,2,3,2,6,0,1,0,0,0,1,1,4.47545E+20,5.55967E+21,8.26521E+15,5.01869E+16
26991,6.17011E+18,6,4,36,2,2017,1,7,2,3,2,6,0,1,0,0,0,2,1,4.52249E+20,5.55427E+21,8.33179E+15,5.01387E+16
26992,6.17011E+18,6,4,33,12,2017,1,22,2,3,3,6,0,1,0,0,0,2,1,4.62654E+20,5.53891E+21,8.47887E+15,5.00014E+16
26993,6.17011E+18,6,4,32,8,2017,1,13,2,3,7,1,0,1,0,0,1,0,1,4.68709E+20,5.52549E+21,8.56446E+15,4.9881E+16
26994,6.17011E+18,6,4,40,23,2017,1,12,2,3,3,6,0,1,0,0,0,0,1,4.76502E+20,5.57059E+21,8.67015E+15,5.0287E+16
26995,6.17011E+18,6,5,33,6,2017,1,22,1,3,2,6,0,1,0,0,0,2,1,4.26985E+20,5.58452E+21,7.97245E+15,5.04082E+16
26996,6.17011E+18,6,4,14,0,2017,1,0,1,3,6,4,0,1,1,0,0,2,2,4.45852E+20,5.54688E+21,8.24332E+15,5.00717E+16
26997,6.17011E+18,6,6,34,6,2017,1,1,1,2,8,1,0,1,0,0,0,2,2,5.07275E+20,5.64604E+21,9.10361E+15,5.09659E+16
26998,6.17011E+18,6,4,39,7,2017,1,1,1,2,8,1,0,1,0,0,0,2,1,4.41726E+20,5.56213E+21,8.18334E+15,5.02085E+16
26999,6.17011E+18,6,4,35,19,2017,1,1,1,3,4,1,0,1,0,0,0,2,2,4.90923E+20,5.55299E+21,8.873E+15,5.01291E+16
27000,6.17011E+18,6,4,40,18,2017,1,18,1,3,5,2,0,1,0,0,0,2,1,4.78839E+20,5.58372E+21,8.70222E+15,5.04052E+16
27001,6.17011E+18,6,5,34,21,2017,1,0,1,3,9,1,0,1,0,0,0,2,1,4.80724E+20,5.63886E+21,8.72588E+15,5.09011E+16
27002,6.17011E+18,6,4,38,11,2017,1,21,1,3,8,1,0,1,0,0,0,2,2,4.92671E+20,5.53921E+21,8.89773E+15,5.00052E+16
27003,6.17011E+18,6,4,12,0,2017,1,18,1,3,2,6,0,1,0,0,0,2,1,4.80285E+20,5.54585E+21,8.72454E+15,5.00646E+16
27004,6.17011E+18,6,4,31,13,2017,1,3,1,3,9,1,0,1,0,0,0,2,2,4.67977E+20,5.49621E+21,8.55667E+15,4.96176E+16
27005,6.17011E+18,6,6,36,1,2017,1,21,7,3,8,1,0,1,0,0,0,2,2,5.66254E+20,5.68014E+21,9.94971E+15,5.12688E+16
27006,6.17011E+18,6,6,34,11,2017,1,9,7,2,8,1,0,1,0,0,0,0,2,5.36723E+20,5.64956E+21,9.52331E+15,5.09964E+16
27007,6.17011E+18,6,6,11,0,2017,1,14,7,3,3,6,0,1,0,0,0,0,1,5.35693E+20,5.6845E+21,9.51209E+15,5.13106E+16
27008,6.17011E+18,6,4,14,0,2017,1,14,7,3,2,2,0,1,0,0,0,0,0,4.4604E+20,5.54687E+21,8.24594E+15,5.00717E+16
27009,6.17011E+18,6,4,13,0,2017,1,20,7,3,0,7,0,1,0,0,0,2,2,4.87774E+20,5.54839E+21,8.82909E+15,5.00877E+16
27010,6.17011E+18,6,4,12,0,2017,1,20,7,3,5,3,0,1,0,0,0,2,1,4.78087E+20,5.55303E+21,8.69342E+15,5.01291E+16
27011,6.17011E+18,6,4,40,1,2017,1,15,7,2,7,1,0,1,0,0,0,0,2,4.9668E+20,5.57206E+21,8.95339E+15,5.03007E+16
27012,6.17011E+18,6,6,31,10,2017,1,19,7,2,4,6,0,1,0,0,0,2,2,5.66627E+20,5.59093E+21,9.9388E+15,5.04666E+16
27013,6.17011E+18,6,6,34,7,2017,1,6,7,3,2,6,0,1,0,0,0,2,0,5.26509E+20,5.67061E+21,9.37931E+15,5.11863E+16
27014,6.17011E+18,6,5,35,5,2017,1,2,7,3,3,6,0,1,0,0,1,2,0,5.05143E+20,5.61809E+21,9.07285E+15,5.07146E+16
27015,6.17011E+18,6,4,14,0,2017,1,21,7,3,1,5,0,0,0,0,1,2,1,4.53733E+20,5.54944E+21,8.35313E+15,5.00954E+16
27016,6.17011E+18,6,4,32,23,2017,1,22,7,3,8,1,0,1,0,0,0,2,2,4.72237E+20,5.5313E+21,8.61314E+15,4.99334E+16
27017,6.17011E+18,6,4,34,2,2017,1,11,7,3,2,6,0,1,0,0,0,0,0,4.75955E+20,5.56636E+21,8.66275E+15,5.02489E+16
27018,6.17011E+18,6,5,31,5,2017,1,13,6,3,0,7,0,0,0,1,0,0,0,4.80522E+20,5.61121E+21,8.72447E+15,5.06524E+16
27019,6.17011E+18,6,6,32,2,2017,1,13,6,3,2,7,0,1,0,0,0,0,0,5.48756E+20,5.63654E+21,9.69303E+15,5.08785E+16
27020,6.17011E+18,6,5,33,9,2017,1,12,6,3,2,6,0,1,0,0,0,0,1,4.33214E+20,5.58244E+21,8.06047E+15,5.03902E+16
27021,6.17011E+18,6,6,11,0,2017,1,14,6,2,6,2,0,1,1,0,0,0,0,5.36831E+20,5.68391E+21,9.52836E+15,5.13053E+16
27022,6.17011E+18,6,6,33,9,2017,1,10,6,3,5,3,0,1,0,0,0,0,0,5.36408E+20,5.69306E+21,9.52323E+15,5.13876E+16
27023,6.17011E+18,6,6,33,9,2017,1,7,6,3,5,3,0,1,0,0,1,1,1,5.35869E+20,5.68915E+21,9.51509E+15,5.13525E+16
27024,6.17011E+18,6,6,11,0,2017,1,18,6,3,8,1,0,1,1,0,0,2,0,5.34702E+20,5.68477E+21,9.49791E+15,5.13132E+16
27025,6.17011E+18,6,4,13,0,2017,1,8,6,3,2,6,0,1,0,0,0,0,0,4.82059E+20,5.54857E+21,8.7492E+15,5.00891E+16
27026,6.17011E+18,6,4,13,0,2017,1,21,6,3,5,3,0,1,0,0,0,2,0,4.84047E+20,5.54778E+21,8.77702E+15,5.00821E+16
27027,6.17011E+18,6,4,36,1,2017,1,18,6,3,5,2,0,1,0,0,0,2,0,4.61411E+20,5.55546E+21,8.45987E+15,5.01501E+16
27028,6.17011E+18,6,4,36,11,2017,1,11,6,2,5,3,0,1,0,0,0,0,0,4.66265E+20,5.55584E+21,8.52777E+15,5.01538E+16
27029,6.17011E+18,6,6,33,5,2017,1,8,6,3,1,1,0,1,0,0,0,0,2,5.2116E+20,5.6988E+21,9.30444E+15,5.144E+16
27030,6.17011E+18,6,6,32,18,2017,1,14,6,3,2,6,0,1,0,0,0,0,2,5.5407E+20,5.64937E+21,9.77045E+15,5.09933E+16
27031,6.17011E+18,6,4,38,8,2017,1,11,6,3,5,3,0,1,0,0,0,0,0,4.89489E+20,5.55236E+21,8.85296E+15,5.01233E+16
27032,6.17011E+18,6,4,34,12,2017,1,15,6,2,6,2,0,1,1,0,0,0,0,4.69262E+20,5.57155E+21,8.56845E+15,5.02953E+16
27033,6.17011E+18,6,5,33,11,2017,1,14,6,3,5,3,0,1,0,0,1,0,0,4.43364E+20,5.59924E+21,8.20071E+15,5.05424E+16
27034,6.17013E+18,6,4,12,0,2017,1,15,5,3,6,4,1,0,1,0,0,0,0,4.7741E+20,5.55332E+21,8.68393E+15,5.01317E+16
27035,6.17013E+18,6,4,37,2,2017,1,10,5,2,5,2,0,1,0,0,0,0,0,4.98455E+20,5.48923E+21,8.97864E+15,4.95556E+16
27036,6.17013E+18,6,4,11,0,2017,1,16,5,3,3,2,1,1,0,0,0,0,0,4.74563E+20,5.52461E+21,8.64599E+15,4.98734E+16
27037,6.17013E+18,6,4,39,3,2017,1,6,5,3,5,2,0,1,0,0,0,2,0,4.36132E+20,5.54223E+21,8.10828E+15,5.00289E+16
27038,6.17013E+18,6,4,39,3,2017,1,6,5,3,5,3,1,1,0,0,0,2,0,4.36816E+20,5.54229E+21,8.11781E+15,5.00296E+16
27039,6.17013E+18,6,4,38,8,2017,1,16,5,3,2,2,0,1,0,1,0,0,0,4.89874E+20,5.54921E+21,8.85842E+15,5.00951E+16
27040,6.17013E+18,6,4,38,8,2017,1,7,5,3,5,2,1,1,0,0,0,0,0,4.87497E+20,5.55228E+21,8.8251E+15,5.01226E+16
27041,6.17013E+18,6,4,35,26,2017,1,8,5,2,5,2,0,1,0,0,0,0,0,4.90187E+20,5.56058E+21,8.86251E+15,5.01973E+16
27042,6.17013E+18,6,4,35,26,2017,1,9,5,3,2,6,0,1,0,0,0,0,0,4.90104E+20,5.56075E+21,8.86135E+15,5.01989E+16
27043,6.17013E+18,6,4,34,1,2017,1,7,5,3,2,6,0,1,0,0,0,1,1,4.759E+20,5.56271E+21,8.6622E+15,5.02161E+16
27044,6.17013E+18,6,5,33,1,2017,1,10,5,3,2,7,0,1,0,0,0,0,0,4.39963E+20,5.59252E+21,8.15379E+15,5.04815E+16
27045,6.17013E+18,6,5,32,6,2017,1,8,5,3,8,1,0,1,0,0,0,0,1,4.51008E+20,5.62193E+21,8.30557E+15,5.07471E+16
27046,6.17013E+18,6,4,11,0,2017,1,17,5,3,2,6,0,1,0,0,0,2,1,4.75412E+20,5.51685E+21,8.6583E+15,4.98036E+16
27047,6.17013E+18,6,4,32,16,2017,1,5,5,3,8,1,0,1,0,0,0,2,2,4.79595E+20,5.51943E+21,8.7163E+15,4.98269E+16
27048,6.17013E+18,6,4,32,23,2017,1,16,6,3,2,6,0,1,0,0,0,0,0,4.70085E+20,5.52757E+21,8.58344E+15,4.98998E+16
27049,6.17013E+18,6,4,11,0,2017,1,7,5,2,2,6,0,1,0,1,0,1,1,4.71513E+20,5.52384E+21,8.60361E+15,4.98663E+16
27050,6.17013E+18,6,6,36,14,2017,1,23,6,3,8,1,0,1,0,0,0,2,2,5.68341E+20,5.66597E+21,9.97692E+15,5.11411E+16
27051,6.17013E+18,6,4,40,8,2017,1,21,5,3,8,1,0,1,0,0,0,2,0,4.8165E+20,5.57372E+21,8.74227E+15,5.03153E+16
27052,6.17013E+18,6,5,34,7,2017,1,16,5,2,5,3,0,1,0,0,0,0,1,4.67954E+20,5.63287E+21,8.5448E+15,5.08467E+16
27053,6.17013E+18,6,4,31,18,2017,1,5,5,3,1,5,0,1,0,0,1,2,0,4.88818E+20,5.47184E+21,8.84588E+15,4.93992E+16
27054,6.17013E+18,6,5,35,1,2017,1,17,5,3,5,2,0,1,0,0,0,2,0,5.18896E+20,5.62228E+21,9.26786E+15,5.0752E+16
27055,6.17013E+18,6,4,33,3,2017,1,22,5,2,9,1,0,1,0,0,0,2,1,4.66953E+20,5.53392E+21,8.5393E+15,4.99568E+16
27056,6.17013E+18,6,5,34,18,2017,1,13,5,3,2,2,0,1,0,0,0,0,0,5.0103E+20,5.63033E+21,9.01462E+15,5.08246E+16
27057,6.17013E+18,6,5,34,21,2017,1,9,5,3,5,3,0,1,0,0,0,0,0,4.80787E+20,5.63938E+21,8.72675E+15,5.09058E+16
27058,6.17013E+18,6,6,31,7,2017,1,16,5,3,5,3,0,1,0,0,0,0,1,5.60575E+20,5.62102E+21,9.85844E+15,5.07378E+16
27059,6.17013E+18,6,6,31,9,2017,1,10,5,3,5,3,0,1,0,0,1,0,0,5.49038E+20,5.60019E+21,9.6922E+15,5.05516E+16
27060,6.17013E+18,6,4,35,14,2017,1,14,5,3,2,6,0,1,0,0,0,0,0,4.93623E+20,5.55365E+21,8.91078E+15,5.01351E+16
27061,6.17013E+18,6,5,32,23,2017,1,17,5,3,2,6,0,1,0,0,0,2,0,4.64495E+20,5.60019E+21,8.49881E+15,5.05526E+16
27062,6.17013E+18,6,4,12,0,2017,1,17,5,3,2,6,0,1,0,0,0,2,0,4.71617E+20,5.55344E+21,8.60287E+15,5.01325E+16
27063,6.17013E+18,6,4,12,0,2017,1,17,5,3,2,6,0,1,0,0,0,2,0,4.70744E+20,5.55366E+21,8.59064E+15,5.01345E+16
27064,6.17013E+18,6,4,12,0,2017,1,7,5,3,2,6,0,1,0,0,0,1,0,4.71147E+20,5.5548E+21,8.59619E+15,5.01447E+16
27065,6.17013E+18,6,4,38,9,2017,1,16,5,3,2,6,0,1,0,0,0,0,0,4.7105E+20,5.54276E+21,8.59574E+15,5.00364E+16
27066,6.17013E+18,6,4,13,0,2017,1,18,5,3,2,6,0,1,0,0,0,2,0,4.81126E+20,5.54744E+21,8.73621E+15,5.00789E+16
27067,6.17013E+18,6,4,14,0,2017,1,15,5,2,9,1,0,1,0,0,0,0,0,4.52138E+20,5.54126E+21,8.33186E+15,5.00217E+16
27068,6.17013E+18,6,4,33,12,2017,1,7,5,3,2,6,0,1,0,0,0,2,1,4.6216E+20,5.53827E+21,8.47205E+15,4.99956E+16
27069,6.17013E+18,6,5,31,14,2017,1,8,5,3,9,6,0,1,0,0,1,0,0,4.78716E+20,5.59223E+21,8.7E+15,5.04816E+16
27070,6.17013E+18,6,5,31,5,2017,1,20,5,3,4,1,0,1,0,0,0,2,0,4.78976E+20,5.60178E+21,8.70314E+15,5.05675E+16
27071,6.17013E+18,6,5,31,5,2017,1,8,4,3,5,3,0,1,0,0,0,0,1,4.801E+20,5.60666E+21,8.71875E+15,5.06115E+16
27072,6.17013E+18,6,6,33,1,2017,1,13,4,3,8,3,0,1,0,0,0,0,1,5.30337E+20,5.69054E+21,9.43577E+15,5.13653E+16
27073,6.17013E+18,6,4,14,0,2017,1,7,4,3,5,2,0,1,0,0,1,1,0,4.47564E+20,5.54157E+21,8.26797E+15,5.00241E+16
27074,6.17013E+18,6,4,14,0,2017,1,7,4,3,2,6,0,1,0,0,0,1,0,4.46226E+20,5.54689E+21,8.24854E+15,5.00718E+16
27075,6.17013E+18,6,4,12,0,2017,1,7,4,3,5,3,0,1,0,0,0,1,0,4.77082E+20,5.55017E+21,8.67953E+15,5.01034E+16
27076,6.17013E+18,6,4,12,0,2017,1,16,4,3,5,3,1,1,0,0,0,0,0,4.81636E+20,5.5524E+21,8.74309E+15,5.01235E+16
27077,6.17013E+18,6,6,36,16,2017,1,16,4,3,5,2,0,1,0,0,0,0,1,5.59451E+20,5.68811E+21,9.85353E+15,5.13411E+16
27078,6.17013E+18,6,6,33,22,2017,1,13,4,2,9,1,0,1,0,0,0,0,1,5.41005E+20,5.70681E+21,9.59088E+15,5.15109E+16
27079,6.17013E+18,6,4,34,9,2017,1,9,4,3,5,3,0,1,0,0,0,0,0,4.61597E+20,5.57099E+21,8.46089E+15,5.02897E+16
27080,6.17013E+18,6,4,34,6,2017,1,7,4,3,2,6,0,1,0,0,0,0,0,4.66464E+20,5.55753E+21,8.5304E+15,5.0169E+16
27081,6.17013E+18,6,4,36,7,2017,1,14,4,2,8,1,0,1,0,0,0,0,1,4.61687E+20,5.54962E+21,8.46432E+15,5.00976E+16
27082,6.17013E+18,6,5,32,12,2017,1,8,4,3,5,2,0,1,0,0,0,0,1,4.51017E+20,5.61449E+21,8.30668E+15,5.06802E+16
27083,6.17013E+18,6,5,32,11,2017,1,15,4,3,2,6,0,1,0,0,0,0,0,4.44398E+20,5.62478E+21,8.21146E+15,5.07721E+16
27084,6.17013E+18,6,5,32,5,2017,1,13,4,3,5,3,0,1,0,0,0,0,1,4.51818E+20,5.63143E+21,8.31581E+15,5.08326E+16
27085,6.17013E+18,6,5,32,23,2017,1,7,6,3,2,6,0,1,0,0,0,1,1,4.64304E+20,5.60012E+21,8.49613E+15,5.05519E+16
27086,6.17013E+18,6,4,40,24,2017,1,7,4,3,5,3,0,1,0,0,0,0,0,4.86102E+20,5.58059E+21,8.80455E+15,5.03772E+16
27087,6.17013E+18,6,6,32,18,2017,1,14,6,3,8,1,0,1,0,0,0,0,1,5.52867E+20,5.64654E+21,9.7529E+15,5.09681E+16
27088,6.17013E+18,6,5,34,5,2017,1,19,4,3,8,1,0,1,0,0,0,2,2,4.58324E+20,5.63311E+21,8.40799E+15,5.08482E+16
27089,6.17013E+18,6,4,14,0,2017,1,21,6,2,5,2,0,1,0,1,0,2,0,4.4579E+20,5.54418E+21,8.24283E+15,5.00475E+16
27090,6.17013E+18,6,6,31,2,2017,1,14,7,3,3,6,0,1,0,0,0,0,0,5.47886E+20,5.61696E+21,9.6781E+15,5.07025E+16
27091,6.17013E+18,6,5,35,13,2017,1,14,4,2,5,3,0,1,0,0,0,0,0,4.99384E+20,5.61052E+21,8.99128E+15,5.06465E+16
27092,6.17013E+18,6,4,14,0,2017,1,20,5,2,0,7,0,0,1,0,1,2,0,4.4379E+20,5.54747E+21,8.21442E+15,5.00768E+16
27093,6.17013E+18,6,5,34,11,2017,1,14,4,2,5,3,0,1,0,0,1,0,0,4.89056E+20,5.62869E+21,8.84467E+15,5.08098E+16
27094,6.17013E+18,6,5,32,23,2017,1,10,4,3,2,6,0,1,0,0,0,0,0,4.61686E+20,5.59992E+21,8.45919E+15,5.055E+16
27095,6.17013E+18,6,4,12,0,2017,1,7,4,3,2,6,0,1,0,0,1,0,0,4.73977E+20,5.5604E+21,8.63541E+15,5.01952E+16
27096,6.17013E+18,6,4,13,0,2017,1,7,4,3,3,6,0,1,0,0,1,2,0,4.81488E+20,5.54582E+21,8.74135E+15,5.00643E+16
27097,6.17013E+18,6,4,12,0,2017,1,18,4,2,2,6,0,1,0,0,0,2,0,4.79936E+20,5.54584E+21,8.71966E+15,5.00645E+16
27098,6.17013E+18,6,4,39,11,2017,1,7,4,3,2,6,0,1,0,0,0,2,0,4.49975E+20,5.55692E+21,8.29961E+15,5.01624E+16
27099,6.17012E+18,6,5,35,19,2017,1,7,3,1,4,6,0,1,0,0,1,2,1,5.32727E+20,5.6073E+21,9.4626E+15,5.06166E+16
27100,6.17012E+18,6,6,11,0,2017,1,22,3,2,5,3,0,1,0,0,0,2,0,5.33623E+20,5.68342E+21,9.48229E+15,5.13011E+16
27101,6.17013E+18,6,6,33,26,2017,1,0,6,3,9,1,0,1,0,0,0,2,1,5.329E+20,5.69145E+21,9.47266E+15,5.13734E+16
27102,6.17012E+18,6,4,14,0,2017,1,18,3,3,5,2,0,1,0,0,0,2,1,4.45824E+20,5.54531E+21,8.24315E+15,5.00576E+16