OBJECTID,UIDENTSTLA,ULAND,UREGBEZ,UKREIS,UGEMEINDE,UJAHR,UMONAT,USTUNDE,UWOCHENTAG,UKATEGORIE,UART,UTYP1,IstRad,IstPKW,IstFuss,IstKrad,IstSonstig,LICHT,STRZUSTAND,LINREFX,LINREFY,XGCSWGS84,YGCSWGS84
27103,6.17012E+18,6,4,14,0,2017,1,8,3,3,2,6,0,1,0,0,0,0,1,4.44351E+20,5.54638E+21,8.22242E+15,5.00671E+16
27104,6.17013E+18,6,4,38,6,2017,1,17,7,3,3,6,0,1,0,0,0,0,0,4.78354E+20,5.53944E+21,8.69792E+15,5.00069E+16
27105,6.17012E+18,6,4,12,0,2017,1,13,3,3,2,6,0,1,0,0,0,0,0,4.67501E+20,5.55034E+21,8.54555E+15,5.01044E+16
27106,6.17012E+18,6,4,12,0,2017,1,19,3,2,8,1,0,0,0,1,0,2,1,4.66228E+20,5.5496E+21,8.5278E+15,5.00977E+16
27107,6.17012E+18,6,4,12,0,2017,1,19,3,3,2,6,0,1,0,0,0,2,0,4.75237E+20,5.54712E+21,8.65393E+15,5.00758E+16
27108,6.17012E+18,6,4,12,0,2017,1,12,3,3,2,6,0,1,0,0,0,0,1,4.79011E+20,5.55491E+21,8.70625E+15,5.0146E+16
27109,6.17012E+18,6,4,12,0,2017,1,8,3,3,5,3,1,1,0,0,0,0,0,4.80399E+20,5.55234E+21,8.7258E+15,5.01229E+16
27110,6.17012E+18,6,4,12,0,2017,1,20,3,3,5,3,0,1,0,0,0,2,0,4.7631E+20,5.55332E+21,8.66853E+15,5.01316E+16
27111,6.17012E+18,6,4,11,0,2017,1,12,3,3,5,2,0,1,0,0,1,0,1,4.75173E+20,5.52419E+21,8.65451E+15,4.98696E+16
27112,6.17012E+18,6,6,36,4,2017,1,7,3,3,7,7,0,1,0,0,0,2,0,5.57187E+20,5.67721E+21,9.81928E+15,5.12434E+16
27113,6.17012E+18,6,6,35,8,2017,1,7,3,2,6,7,0,1,1,0,0,2,1,4.99951E+20,5.70609E+21,8.9993E+15,5.15059E+16
27114,6.17012E+18,6,6,34,14,2017,1,7,3,3,2,6,0,1,0,0,0,0,0,5.37928E+20,5.66134E+21,9.54171E+15,5.11023E+16
27115,6.17012E+18,6,6,32,18,2017,1,18,3,3,2,2,0,1,0,0,0,2,2,5.52494E+20,5.64951E+21,9.74803E+15,5.09948E+16
27116,6.17012E+18,6,4,39,3,2017,1,21,3,2,4,6,0,1,0,0,0,2,1,4.33871E+20,5.54462E+21,8.0763E+15,5.00502E+16
27117,6.17012E+18,6,4,36,7,2017,1,12,3,3,5,2,0,1,0,0,0,0,1,4.61083E+20,5.54911E+21,8.45593E+15,5.0093E+16
27118,6.17012E+18,6,4,35,15,2017,1,7,3,3,2,6,0,1,0,0,0,2,1,5.07767E+20,5.55741E+21,9.10875E+15,5.01689E+16
27119,6.17013E+18,6,6,32,12,2017,1,17,5,2,0,7,0,1,0,0,0,2,0,5.54263E+20,5.64123E+21,9.772E+15,5.09202E+16
27120,6.17012E+18,6,4,40,3,2017,1,15,3,2,4,6,0,1,0,0,0,0,0,4.81118E+20,5.56205E+21,8.73537E+15,5.02103E+16
27121,6.17012E+18,6,4,40,3,2017,1,16,3,3,5,2,0,1,0,0,0,0,1,4.80864E+20,5.5602E+21,8.73191E+15,5.01937E+16
27122,6.17012E+18,6,5,32,9,2017,1,20,3,2,9,1,0,1,0,0,0,2,0,4.55383E+20,5.62977E+21,8.36663E+15,5.08179E+16
27123,6.17013E+18,6,4,31,4,2017,1,3,6,3,3,7,0,1,0,0,1,2,0,4.78504E+20,5.49118E+21,8.70268E+15,4.95728E+16
27124,6.17013E+18,6,4,12,0,2017,1,19,6,3,2,6,0,1,0,0,1,2,0,4.77585E+20,5.55595E+21,8.68622E+15,5.01554E+16
27125,6.17013E+18,6,5,31,4,2017,1,12,7,3,2,6,0,1,0,0,0,0,0,4.84415E+20,5.59926E+21,8.78004E+15,5.05451E+16
27126,6.17012E+18,6,4,40,25,2017,1,6,3,2,4,6,0,1,0,0,0,2,1,4.81903E+20,5.57337E+21,8.74584E+15,5.03122E+16
27127,6.17012E+18,6,4,33,7,2017,1,6,3,2,9,1,0,1,0,0,0,2,2,4.67909E+20,5.54444E+21,8.55175E+15,5.00514E+16
27128,6.17012E+18,6,5,34,9,2017,1,18,3,3,5,3,0,1,0,0,0,2,1,4.77815E+20,5.6174E+21,8.68581E+15,5.0708E+16
27129,6.17012E+18,6,6,31,13,2017,1,17,3,2,5,3,1,1,0,0,0,2,1,5.61802E+20,5.60091E+21,9.87247E+15,5.05569E+16
27130,6.17012E+18,6,6,31,9,2017,1,18,3,3,5,3,0,1,0,0,0,2,1,5.47948E+20,5.59844E+21,9.67659E+15,5.0536E+16
27131,6.17012E+18,6,4,12,0,2017,1,18,3,3,2,6,0,1,0,0,0,2,0,4.70855E+20,5.55157E+21,8.59235E+15,5.01156E+16
27132,6.17012E+18,6,4,13,0,2017,1,18,3,3,3,6,0,1,0,0,1,2,0,4.81688E+20,5.54581E+21,8.74415E+15,5.00643E+16
27133,6.17012E+18,6,4,32,18,2017,1,16,3,3,9,1,0,1,0,0,1,0,0,4.69103E+20,5.51663E+21,8.57065E+15,4.98013E+16
27134,6.17012E+18,6,4,33,2,2017,1,8,3,3,9,1,0,1,0,0,0,1,0,4.52642E+20,5.53761E+21,8.33935E+15,4.99889E+16
27135,6.17012E+18,6,4,33,10,2017,1,17,3,3,2,6,0,1,0,0,0,2,1,4.63338E+20,5.53955E+21,8.48836E+15,5.00072E+16
27136,6.17012E+18,6,4,11,0,2017,1,13,3,3,2,6,0,1,0,0,1,0,1,4.70859E+20,5.52109E+21,8.59472E+15,4.98416E+16
27137,6.17012E+18,6,5,35,16,2017,1,8,2,2,2,7,0,1,0,0,1,0,1,5.12283E+20,5.58919E+21,9.17302E+15,5.04546E+16
27138,6.17012E+18,6,6,11,0,2017,1,12,2,3,2,6,0,1,0,0,0,0,0,5.33944E+20,5.68407E+21,9.48696E+15,5.13069E+16
27139,6.17012E+18,6,4,14,0,2017,1,9,2,3,2,6,0,1,0,0,1,0,0,4.49395E+20,5.54217E+21,8.29346E+15,5.00297E+16
27140,6.17012E+18,6,4,14,0,2017,1,14,2,3,5,2,0,1,0,0,0,0,0,4.45388E+20,5.54753E+21,8.23674E+15,5.00775E+16
27141,6.17012E+18,6,4,32,23,2017,1,11,2,3,3,6,0,1,0,0,0,0,0,4.71094E+20,5.52756E+21,8.5975E+15,4.98997E+16
27142,6.17012E+18,6,6,34,22,2017,1,15,2,3,2,1,0,1,0,0,0,0,0,5.12749E+20,5.64E+21,9.18135E+15,5.09115E+16
27143,6.17012E+18,6,6,33,28,2017,1,15,2,3,2,6,0,1,0,0,0,0,1,5.16043E+20,5.68323E+21,9.23012E+15,5.13001E+16
27144,6.17012E+18,6,4,35,19,2017,1,20,2,3,2,6,0,1,0,0,0,0,0,4.87886E+20,5.5547E+21,8.83046E+15,5.01444E+16
27145,6.17012E+18,6,4,36,4,2017,1,15,2,3,6,4,0,1,1,0,0,0,0,4.59029E+20,5.54052E+21,8.42813E+15,5.00156E+16
27146,6.17013E+18,6,4,31,2,2017,1,13,6,3,2,6,0,1,0,0,0,0,0,4.71268E+20,5.50388E+21,8.60167E+15,4.96868E+16
27147,6.17012E+18,6,5,32,6,2017,1,11,2,3,2,7,0,1,1,0,0,0,1,4.5022E+20,5.6193E+21,8.29476E+15,5.07234E+16
27148,6.17012E+18,6,4,38,1,2017,1,19,2,3,4,1,0,1,0,0,1,2,0,4.8278E+20,5.53895E+21,8.7597E+15,5.00026E+16
27149,6.17013E+18,6,5,34,7,2017,1,11,6,3,4,1,0,1,0,0,0,0,0,4.69951E+20,5.6343E+21,8.57305E+15,5.08596E+16
27150,6.17012E+18,6,4,32,10,2017,1,12,2,3,5,3,0,1,0,0,0,0,0,4.94049E+20,5.52606E+21,8.91716E+15,4.98869E+16
27151,6.17013E+18,6,6,34,15,2017,1,0,6,2,8,1,0,1,0,0,0,2,0,5.4172E+20,5.65594E+21,9.59524E+15,5.10535E+16
27152,6.17013E+18,6,6,11,0,2017,1,9,6,3,2,6,0,1,0,0,0,0,0,5.35443E+20,5.68543E+21,9.50861E+15,5.1319E+16
27153,6.17013E+18,6,5,31,4,2017,1,20,7,3,5,2,0,1,0,0,0,1,0,4.83804E+20,5.59981E+21,8.7714E+15,5.055E+16
27154,6.17012E+18,6,4,32,4,2017,1,16,2,3,2,6,0,1,0,0,0,0,0,4.89398E+20,5.52891E+21,8.85233E+15,4.99124E+16
27155,6.17012E+18,6,4,31,20,2017,1,8,2,3,5,3,0,1,0,0,0,0,0,4.68358E+20,5.4862E+21,8.56276E+15,4.95276E+16
27156,6.17012E+18,6,4,31,22,2017,1,12,2,3,3,6,1,1,0,1,0,0,0,4.72064E+20,5.50801E+21,8.61241E+15,4.9724E+16
27157,6.17012E+18,6,5,35,1,2017,1,19,2,3,8,1,0,1,0,0,0,2,2,5.18087E+20,5.62124E+21,9.25635E+15,5.07426E+16
27158,6.17012E+18,6,5,34,14,2017,1,22,2,2,5,3,0,1,0,0,0,2,0,4.83854E+20,5.62951E+21,8.7708E+15,5.08171E+16
27159,6.17012E+18,6,5,34,8,2017,1,14,2,3,5,3,0,1,0,0,0,0,0,4.88838E+20,5.62238E+21,8.84177E+15,5.07531E+16
27160,6.17012E+18,6,5,34,14,2017,1,17,2,3,6,4,0,1,1,0,0,1,0,4.84187E+20,5.62848E+21,8.77557E+15,5.08078E+16
27161,6.17012E+18,6,5,32,23,2017,1,15,2,2,6,4,0,1,1,0,0,0,0,4.66495E+20,5.59954E+21,8.52711E+15,5.05469E+16
27162,6.17012E+18,6,5,32,23,2017,1,9,2,3,2,6,0,1,0,0,0,0,0,4.64646E+20,5.60149E+21,8.50083E+15,5.05643E+16
27163,6.17012E+18,6,5,32,15,2017,1,7,2,3,5,3,0,1,0,0,0,1,0,4.6828E+20,5.60378E+21,8.55193E+15,5.05851E+16
27164,6.17012E+18,6,5,32,23,2017,1,12,2,3,5,3,0,1,0,0,0,0,1,4.64729E+20,5.60189E+21,8.50196E+15,5.05679E+16
27165,6.17012E+18,6,5,31,11,2017,1,12,2,3,5,2,0,1,0,0,1,0,0,4.88374E+20,5.59469E+21,8.83606E+15,5.05041E+16
27166,6.17012E+18,6,5,31,11,2017,1,19,2,3,9,1,0,1,0,0,0,2,0,4.87834E+20,5.59725E+21,8.82836E+15,5.05271E+16
27167,6.17012E+18,6,4,38,9,2017,1,7,2,3,2,6,0,1,0,0,0,1,1,4.74795E+20,5.54485E+21,8.6479E+15,5.00554E+16
27168,6.17012E+18,6,4,12,0,2017,1,7,2,3,3,6,0,1,0,0,1,1,0,4.73953E+20,5.5604E+21,8.63508E+15,5.01952E+16
27169,6.17012E+18,6,4,14,0,2017,1,15,2,3,9,1,0,1,0,0,0,0,0,4.46773E+20,5.54359E+21,8.25665E+15,5.00422E+16
27170,6.17012E+18,6,4,36,7,2017,1,7,2,3,2,6,0,1,0,0,0,0,0,4.55452E+20,5.545E+21,8.37768E+15,5.00556E+16
27171,6.17012E+18,6,5,31,4,2017,1,13,1,3,2,6,0,1,0,0,0,0,0,4.85508E+20,5.60437E+21,8.79527E+15,5.05911E+16
27172,6.17012E+18,6,4,14,0,2017,1,4,1,2,2,6,0,1,0,0,0,2,0,4.4917E+20,5.54467E+21,8.28998E+15,5.00522E+16
27173,6.17012E+18,6,4,14,0,2017,1,7,1,3,4,6,0,1,0,0,0,0,1,4.4053E+20,5.55265E+21,8.16807E+15,5.01231E+16
27174,6.17012E+18,6,4,14,0,2017,1,0,1,3,4,6,0,1,0,1,1,2,0,4.46393E+20,5.54838E+21,8.25067E+15,5.00853E+16
27175,6.17012E+18,6,4,12,0,2017,1,12,1,3,5,3,0,1,0,0,0,0,0,4.75256E+20,5.54737E+21,8.65417E+15,5.00781E+16
27176,6.17012E+18,6,4,12,0,2017,1,17,1,3,6,4,0,1,1,0,0,1,0,4.74545E+20,5.55016E+21,8.64405E+15,5.01031E+16
27177,6.17013E+18,6,5,32,8,2017,1,6,6,3,5,3,0,1,0,0,1,2,0,4.56647E+20,5.60745E+21,8.38719E+15,5.06173E+16
27178,6.17012E+18,6,6,34,13,2017,1,12,1,2,4,6,0,1,0,0,0,0,0,5.39179E+20,5.65956E+21,9.55938E+15,5.10862E+16
27179,6.17013E+18,6,5,31,5,2017,1,7,6,3,5,2,0,1,0,0,0,0,2,4.79708E+20,5.60399E+21,8.71335E+15,5.05874E+16
27180,6.17013E+18,6,4,34,2,2017,1,18,6,3,8,7,0,0,0,1,0,2,1,4.72022E+20,5.56984E+21,8.60732E+15,5.028E+16
27181,6.17013E+18,6,4,12,0,2017,1,9,6,3,2,6,0,1,0,0,0,0,0,4.77231E+20,5.55643E+21,8.68124E+15,5.01597E+16
27182,6.17013E+18,6,4,11,0,2017,1,18,7,2,9,6,0,1,0,0,0,2,0,4.73304E+20,5.51803E+21,8.62893E+15,4.98141E+16
27183,6.17012E+18,6,6,34,8,2017,1,1,1,3,8,1,0,1,0,0,0,2,1,5.34244E+20,5.67351E+21,9.49026E+15,5.1212E+16
27184,6.17012E+18,6,4,35,10,2017,1,7,1,3,5,3,0,1,0,0,0,2,0,5.12257E+20,5.56148E+21,9.17176E+15,5.02053E+16
27185,6.17012E+18,6,4,35,10,2017,1,11,1,3,2,6,0,1,0,0,0,0,0,5.12755E+20,5.56014E+21,9.17869E+15,5.01933E+16
27186,6.17012E+18,6,5,32,13,2017,1,14,1,3,5,3,0,1,0,0,0,0,0,4.65406E+20,5.61321E+21,8.51046E+15,5.06697E+16
27187,6.17012E+18,6,5,32,11,2017,1,16,1,3,5,2,0,1,0,0,0,0,0,4.40613E+20,5.62392E+21,8.15792E+15,5.0764E+16
27188,6.17012E+18,6,4,32,20,2017,1,13,1,3,1,5,0,1,0,0,0,0,0,4.85213E+20,5.52471E+21,8.7942E+15,4.98746E+16
27189,6.17012E+18,6,4,40,2,2017,1,1,1,2,9,1,0,1,0,0,0,2,0,4.79933E+20,5.58219E+21,8.71769E+15,5.03914E+16
27190,6.17012E+18,6,5,34,20,2017,1,3,1,3,8,1,0,1,0,0,0,2,2,4.79252E+20,5.62091E+21,8.70596E+15,5.07396E+16
27191,6.17012E+18,6,6,31,20,2017,1,11,1,3,5,3,0,1,0,0,0,0,0,5.5167E+20,5.60826E+21,9.73048E+15,5.0624E+16
27192,6.17012E+18,6,5,32,16,2017,1,15,1,3,2,6,0,1,0,0,0,0,0,4.54298E+20,5.59933E+21,8.35499E+15,5.05441E+16
27193,6.17012E+18,6,5,31,14,2017,1,16,1,3,8,1,0,1,0,0,0,0,0,4.83277E+20,5.59405E+21,8.76421E+15,5.04982E+16
27194,6.17012E+18,6,4,35,13,2017,1,2,1,3,2,6,0,1,0,0,0,2,0,5.00082E+20,5.56278E+21,9.00115E+15,5.02172E+16
27195,6.17012E+18,6,5,35,13,2017,1,5,1,2,8,1,0,0,0,0,1,2,0,5.01489E+20,5.6126E+21,9.02107E+15,5.06652E+16
27196,6.17013E+18,6,4,38,9,2017,1,7,6,3,5,3,1,1,0,0,0,0,0,4.77255E+20,5.54403E+21,8.68231E+15,5.00481E+16
27197,6.17012E+18,6,4,14,0,2017,1,17,1,2,8,1,0,1,0,0,0,2,2,4.519E+20,5.54146E+21,8.32851E+15,5.00235E+16
27198,6.17013E+18,6,4,14,0,2017,1,8,6,3,2,6,0,1,0,0,0,0,0,4.43917E+20,5.54588E+21,8.21643E+15,5.00626E+16
27199,6.17012E+18,6,4,11,0,2017,1,12,1,3,8,1,0,1,0,0,0,0,0,4.71368E+20,5.5245E+21,8.60154E+15,4.98722E+16
27200,6.17013E+18,6,5,33,8,2017,1,8,7,3,2,6,0,1,0,0,1,0,0,4.42684E+20,5.57609E+21,8.19465E+15,5.03341E+16
27201,6.17012E+18,6,4,35,17,2017,1,8,7,2,2,6,1,1,0,0,0,0,0,5.02231E+20,5.55841E+21,9.03125E+15,5.01779E+16
27202,6.17012E+18,6,5,35,19,2017,1,14,7,3,2,6,0,1,0,0,0,0,1,5.33719E+20,5.60635E+21,9.47654E+15,5.06081E+16
27203,6.17012E+18,6,5,33,3,2017,1,13,7,3,5,2,0,1,0,0,0,0,0,4.48334E+20,5.57107E+21,8.27472E+15,5.02895E+16
27204,6.17012E+18,6,6,11,0,2017,1,17,7,3,3,6,0,1,0,0,0,1,0,5.35435E+20,5.68543E+21,9.50848E+15,5.13191E+16
27205,6.17012E+18,6,4,12,0,2017,1,18,7,2,6,4,0,1,1,0,0,2,1,4.76546E+20,5.55527E+21,8.67172E+15,5.01492E+16
27206,6.17012E+18,6,6,33,21,2017,1,14,7,3,5,3,0,1,0,0,0,0,1,5.37982E+20,5.71636E+21,9.54836E+15,5.1597E+16
27207,6.17012E+18,6,6,34,25,2017,1,1,7,3,5,3,0,1,0,0,0,2,0,5.22079E+20,5.66237E+21,9.31542E+15,5.11124E+16
27208,6.17012E+18,6,4,34,2,2017,1,16,7,3,8,1,0,1,0,0,0,0,0,4.76123E+20,5.56654E+21,8.66509E+15,5.02506E+16
27209,6.17012E+18,6,4,34,1,2017,1,14,7,2,8,1,0,1,0,0,0,0,0,4.69917E+20,5.5679E+21,8.57793E+15,5.02625E+16
27210,6.17012E+18,6,4,36,6,2017,1,4,7,2,5,2,0,1,0,0,0,2,0,4.5278E+20,5.54007E+21,8.34097E+15,5.0011E+16
27211,6.17012E+18,6,4,35,10,2017,1,14,7,3,5,3,0,1,0,0,0,0,0,5.13717E+20,5.56098E+21,9.1922E+15,5.02009E+16
27212,6.17012E+18,6,4,35,9,2017,1,11,7,3,5,3,0,1,0,0,0,0,0,5.09621E+20,5.55336E+21,9.13462E+15,5.01324E+16
27213,6.17013E+18,6,4,14,0,2017,1,10,5,3,1,5,1,1,0,0,0,0,0,4.43686E+20,5.54745E+21,8.21297E+15,5.00767E+16
27214,6.17013E+18,6,4,31,2,2017,1,13,6,3,2,6,0,1,0,0,0,0,0,4.71268E+20,5.50388E+21,8.60167E+15,4.96868E+16
27215,6.17013E+18,6,4,40,24,2017,1,18,6,2,3,6,0,1,0,1,0,2,0,4.87766E+20,5.58535E+21,8.82779E+15,5.042E+16
27216,6.17012E+18,6,4,40,4,2017,1,14,7,3,2,2,0,1,0,0,0,0,0,5.04374E+20,5.57302E+21,9.06143E+15,5.03093E+16
27217,6.17012E+18,6,4,40,16,2017,1,11,7,3,5,1,0,1,0,0,0,0,0,5.01468E+20,5.58695E+21,9.02068E+15,5.04346E+16
27218,6.17012E+18,6,4,37,9,2017,1,7,7,3,8,1,0,1,0,0,0,1,0,4.98564E+20,5.5168E+21,8.98005E+15,4.98036E+16
27219,6.17013E+18,6,4,33,7,2017,1,8,6,3,3,6,0,1,0,0,1,0,0,4.65729E+20,5.54292E+21,8.52143E+15,5.00376E+16
27220,6.17012E+18,6,5,32,7,2017,1,20,7,3,5,3,0,1,0,0,0,2,1,4.40739E+20,5.60826E+21,8.16223E+15,5.06232E+16
27221,6.17013E+18,6,4,32,10,2017,1,20,6,3,9,6,0,1,0,0,0,2,0,4.90955E+20,5.52565E+21,8.87409E+15,4.98831E+16
27222,6.17012E+18,6,5,32,12,2017,1,15,7,3,5,3,0,1,0,0,0,0,0,4.48746E+20,5.61406E+21,8.2746E+15,5.06761E+16
27223,6.17013E+18,6,6,34,22,2017,1,11,6,2,4,1,0,1,0,0,0,0,0,5.14781E+20,5.64396E+21,9.21041E+15,5.09471E+16
27224,6.17013E+18,6,6,32,10,2017,1,10,6,3,5,7,0,1,0,0,0,0,1,5.6402E+20,5.63046E+21,9.9089E+15,5.08223E+16
27225,6.17012E+18,6,5,32,20,2017,1,15,7,3,2,6,0,1,0,0,0,0,0,4.52383E+20,5.61186E+21,8.32635E+15,5.06566E+16
27226,6.17012E+18,6,4,32,4,2017,1,23,7,3,0,1,1,0,0,0,0,2,0,4.8924E+20,5.52876E+21,8.85013E+15,4.99112E+16
27227,6.17012E+18,6,4,32,17,2017,1,10,7,3,2,6,0,1,0,0,0,0,0,4.91933E+20,5.51835E+21,8.88786E+15,4.98175E+16
27228,6.17012E+18,6,5,34,17,2017,1,10,7,3,1,5,0,1,0,0,1,0,0,4.94104E+20,5.63674E+21,8.91619E+15,5.08823E+16
27229,6.17012E+18,6,5,34,14,2017,1,11,7,3,9,1,0,1,0,0,0,0,0,4.8777E+20,5.62872E+21,8.82641E+15,5.08101E+16
27230,6.17012E+18,6,6,31,15,2017,1,16,7,3,3,2,0,1,0,0,0,1,0,5.53197E+20,5.61226E+21,9.75264E+15,5.06598E+16
27231,6.17012E+18,6,5,31,5,2017,1,20,7,2,9,1,0,1,0,0,1,2,0,4.72598E+20,5.60146E+21,8.6131E+15,5.05644E+16
27232,6.17012E+18,6,5,31,4,2017,1,18,7,3,3,6,0,1,0,0,1,2,0,4.81557E+20,5.6015E+21,8.73959E+15,5.05651E+16
27233,6.17012E+18,6,4,12,0,2017,1,22,7,3,2,6,0,1,0,0,0,2,2,4.6679E+20,5.55166E+21,8.53548E+15,5.01163E+16
27234,6.17012E+18,6,4,35,14,2017,1,16,6,3,3,6,0,1,0,0,1,0,0,4.95871E+20,5.55456E+21,8.94221E+15,5.01432E+16
27235,6.17012E+18,6,5,31,5,2017,1,20,6,3,3,2,1,1,0,0,0,2,0,4.77373E+20,5.6035E+21,8.6804E+15,5.05829E+16
27236,6.17012E+18,6,6,32,10,2017,1,12,6,3,5,3,0,1,0,0,0,0,0,5.64014E+20,5.63046E+21,9.90881E+15,5.08223E+16
27237,6.17013E+18,6,4,32,1,2017,1,12,6,3,2,6,0,1,0,0,0,0,0,4.70602E+20,5.51006E+21,8.59198E+15,4.97423E+16
27238,6.17012E+18,6,5,33,9,2017,1,8,6,3,5,3,0,1,0,0,0,0,0,4.31659E+20,5.58295E+21,8.03851E+15,5.03946E+16
27239,6.17013E+18,6,5,31,15,2017,1,13,6,3,1,3,0,1,0,0,0,0,0,4.89341E+20,5.6141E+21,8.84914E+15,5.06786E+16
27240,6.17013E+18,6,6,35,4,2017,1,10,6,3,5,3,0,1,0,0,0,0,0,4.74665E+20,5.65058E+21,8.6389E+15,5.10063E+16
27241,6.17013E+18,6,4,14,0,2017,1,11,6,3,5,2,0,1,0,0,0,0,0,4.4401E+20,5.5475E+21,8.21749E+15,5.00771E+16
27242,6.17012E+18,6,6,11,0,2017,1,15,6,3,2,6,0,1,0,0,0,0,0,5.34418E+20,5.6845E+21,9.4938E+15,5.13108E+16
27243,6.17012E+18,6,4,14,0,2017,1,10,6,3,1,7,0,1,0,0,1,0,0,4.46569E+20,5.54223E+21,8.25399E+15,5.003E+16
27244,6.17012E+18,6,4,14,0,2017,1,12,6,3,5,3,0,1,0,0,0,0,0,4.47051E+20,5.54715E+21,8.26004E+15,5.00743E+16
27245,6.17012E+18,6,4,14,0,2017,1,11,6,3,4,1,0,1,0,0,0,0,0,4.47904E+20,5.54745E+21,8.27192E+15,5.0077E+16
27246,6.17012E+18,6,4,12,0,2017,1,17,6,3,0,2,1,1,0,0,0,1,0,4.74306E+20,5.55011E+21,8.64072E+15,5.01027E+16
27247,6.17012E+18,6,4,37,1,2017,1,18,6,1,2,6,0,1,0,1,0,2,0,4.99281E+20,5.50725E+21,8.99002E+15,4.97178E+16
27248,6.17012E+18,6,4,37,2,2017,1,7,6,3,2,6,0,1,0,0,0,0,0,4.9904E+20,5.49281E+21,8.98672E+15,4.95879E+16
27249,6.17012E+18,6,4,11,0,2017,1,18,6,3,5,3,1,1,0,0,0,2,1,4.74652E+20,5.52347E+21,8.64731E+15,4.98631E+16
27250,6.17012E+18,6,6,34,4,2017,1,19,6,3,8,1,0,1,0,0,0,2,0,5.20714E+20,5.64435E+21,9.29488E+15,5.09504E+16
27251,6.17012E+18,6,6,35,2,2017,1,7,6,3,0,7,1,1,0,0,0,1,1,5.01019E+20,5.69192E+21,9.01464E+15,5.13786E+16
27252,6.17012E+18,6,6,34,7,2017,1,0,6,1,9,1,0,0,0,0,1,2,0,5.2874E+20,5.67149E+21,9.4113E+15,5.11941E+16
27253,6.17012E+18,6,4,39,15,2017,1,8,6,3,8,1,0,1,0,0,0,0,2,4.39721E+20,5.55386E+21,8.15656E+15,5.01339E+16
27254,6.17012E+18,6,4,38,6,2017,1,13,6,2,3,7,0,1,0,0,0,0,0,4.74331E+20,5.53687E+21,8.64195E+15,4.99836E+16
27255,6.17012E+18,6,4,38,11,2017,1,15,6,3,2,6,0,1,0,0,0,0,0,4.94321E+20,5.54051E+21,8.92074E+15,5.00169E+16
27256,6.17012E+18,6,5,33,2,2017,1,6,6,3,8,1,0,1,0,0,0,2,0,4.42052E+20,5.58144E+21,8.18495E+15,5.03822E+16
27257,6.17012E+18,6,4,31,4,2017,1,17,6,3,2,6,0,1,0,0,1,0,0,4.78917E+20,5.49195E+21,8.70836E+15,4.95797E+16
27258,6.17012E+18,6,4,40,20,2017,1,13,6,3,2,6,0,1,0,0,0,0,0,4.98794E+20,5.5781E+21,8.98305E+15,5.0355E+16
27259,6.17012E+18,6,5,32,7,2017,1,20,6,2,8,1,0,1,0,0,0,2,0,4.41391E+20,5.60869E+21,8.17137E+15,5.06271E+16
27260,6.17012E+18,6,5,32,11,2017,1,10,6,3,5,2,0,1,0,0,0,0,0,4.40613E+20,5.62392E+21,8.15792E+15,5.0764E+16
27261,6.17012E+18,6,4,38,12,2017,1,7,6,3,2,6,0,1,0,0,0,2,0,4.86479E+20,5.5393E+21,8.81132E+15,5.00058E+16
27262,6.17012E+18,6,4,32,8,2017,1,7,6,2,6,2,0,1,1,0,0,1,0,4.69788E+20,5.52348E+21,8.57963E+15,4.98629E+16
27263,6.17012E+18,6,5,34,4,2017,1,14,6,3,1,2,0,1,0,0,0,0,1,4.62128E+20,5.64024E+21,8.46129E+15,5.09126E+16
27264,6.17012E+18,6,5,35,14,2017,1,8,6,3,1,5,0,1,0,0,1,0,0,5.14347E+20,5.61961E+21,9.20328E+15,5.07281E+16
27265,6.17012E+18,6,4,33,3,2017,1,23,6,3,8,1,0,1,0,0,0,2,1,4.65302E+20,5.52923E+21,8.5167E+15,4.99145E+16
27266,6.17012E+18,6,5,34,22,2017,1,19,6,2,8,1,0,1,0,0,0,2,2,4.95828E+20,5.63947E+21,8.94067E+15,5.09069E+16
27267,6.17013E+18,6,4,14,0,2017,1,21,5,3,6,2,0,1,1,0,0,2,0,4.46104E+20,5.54843E+21,8.24662E+15,5.00857E+16
27268,6.17013E+18,6,6,34,3,2017,1,19,6,3,2,6,0,1,0,0,0,2,1,5.33559E+20,5.6671E+21,9.47984E+15,5.11543E+16
27269,6.17013E+18,6,4,38,1,2017,1,7,6,3,6,4,0,1,1,0,0,1,0,4.84005E+20,5.53988E+21,8.77677E+15,5.00111E+16
27270,6.17012E+18,6,5,34,13,2017,1,15,6,1,5,3,1,1,0,0,0,0,0,4.7439E+20,5.62007E+21,8.63711E+15,5.07319E+16
27271,6.17012E+18,6,5,34,14,2017,1,13,6,3,2,6,0,1,0,0,0,0,0,4.83754E+20,5.63017E+21,8.76936E+15,5.0823E+16
27272,6.17012E+18,6,6,31,9,2017,1,12,6,3,2,6,0,1,0,0,0,0,0,5.48841E+20,5.59963E+21,9.68934E+15,5.05466E+16
27273,6.17012E+18,6,4,35,17,2017,1,16,6,3,2,6,0,1,0,0,1,0,0,5.04147E+20,5.55841E+21,9.05807E+15,5.01779E+16
27274,6.17012E+18,6,6,31,9,2017,1,10,6,3,2,6,0,1,0,0,0,0,1,5.48927E+20,5.60455E+21,9.6912E+15,5.05908E+16
27275,6.17012E+18,6,6,32,11,2017,1,9,6,3,9,1,0,1,0,0,0,0,1,5.43544E+20,5.63236E+21,9.61845E+15,5.08413E+16
27276,6.17012E+18,6,4,12,0,2017,1,19,6,3,2,6,0,1,0,0,0,2,0,4.79934E+20,5.54584E+21,8.71963E+15,5.00645E+16