OBJECTID,UIDENTSTLA,ULAND,UREGBEZ,UKREIS,UGEMEINDE,UJAHR,UMONAT,USTUNDE,UWOCHENTAG,UKATEGORIE,UART,UTYP1,IstRad,IstPKW,IstFuss,IstKrad,IstSonstig,LICHT,STRZUSTAND,LINREFX,LINREFY,XGCSWGS84,YGCSWGS84
27452,6.17021E+18,6,4,31,13,2017,2,17,5,3,5,3,0,1,0,0,0,2,0,4.69759E+20,5.49358E+21,8.58155E+15,4.9594E+16
27453,6.17021E+18,6,6,11,0,2017,2,12,7,3,5,3,1,1,0,0,0,0,0,5.38016E+20,5.68412E+21,9.54538E+15,5.13071E+16
27454,6.17021E+18,6,4,12,0,2017,2,7,5,2,4,1,0,1,0,0,0,1,1,4.82735E+20,5.55666E+21,8.75828E+15,5.01619E+16
27455,6.17021E+18,6,6,11,0,2017,2,19,7,3,5,3,0,1,0,0,0,2,0,5.3483E+20,5.68677E+21,9.49993E+15,5.13312E+16
27456,6.17021E+18,6,5,32,23,2017,2,17,5,3,5,3,0,1,0,0,0,0,0,4.71337E+20,5.60076E+21,8.59536E+15,5.0558E+16
27457,6.17021E+18,6,5,32,23,2017,2,8,5,3,2,6,0,1,0,0,0,0,1,4.63469E+20,5.60141E+21,8.48421E+15,5.05635E+16
27458,6.17021E+18,6,5,31,5,2017,2,18,5,3,2,6,0,1,0,0,0,2,0,4.75409E+20,5.60166E+21,8.65278E+15,5.05663E+16
27459,6.17021E+18,6,4,35,13,2017,2,17,5,3,2,6,0,1,0,0,0,0,0,4.99743E+20,5.5661E+21,8.99639E+15,5.0247E+16
27460,6.17021E+18,6,4,12,0,2017,2,16,5,3,9,1,0,1,0,1,0,0,1,4.81395E+20,5.54926E+21,8.73988E+15,5.00953E+16
27461,6.17021E+18,6,4,39,11,2017,2,18,5,3,9,6,0,1,0,0,1,0,0,4.50395E+20,5.55634E+21,8.30557E+15,5.01572E+16
27462,6.17021E+18,6,4,31,16,2017,2,11,5,3,3,6,0,1,0,0,1,0,0,4.67936E+20,5.50159E+21,8.55567E+15,4.9666E+16
27463,6.17021E+18,6,4,35,21,2017,2,12,4,3,0,7,0,0,0,0,1,0,0,4.89815E+20,5.56413E+21,8.8572E+15,5.02293E+16
27464,6.17021E+18,6,5,31,5,2017,2,15,4,3,2,6,0,1,0,0,0,0,0,4.82047E+20,5.60733E+21,8.74622E+15,5.06176E+16
27465,6.17021E+18,6,5,31,18,2017,2,14,4,2,6,4,0,1,1,0,0,0,0,4.75988E+20,5.60824E+21,8.66053E+15,5.06255E+16
27466,6.17021E+18,6,6,33,26,2017,2,7,4,2,5,2,0,1,0,1,0,1,0,5.32688E+20,5.69056E+21,9.46954E+15,5.13654E+16
27467,6.17021E+18,6,4,36,3,2017,2,18,4,3,2,6,0,1,0,0,0,1,0,4.70348E+20,5.55367E+21,8.58509E+15,5.01345E+16
27468,6.17021E+18,6,4,36,5,2017,2,7,4,3,5,3,0,1,0,1,0,0,0,4.63647E+20,5.54618E+21,8.49205E+15,5.00668E+16
27469,6.17021E+18,6,4,12,0,2017,2,8,4,3,6,4,0,0,1,0,1,0,0,4.72568E+20,5.54987E+21,8.61643E+15,5.01004E+16
27470,6.17021E+18,6,4,12,0,2017,2,6,4,3,3,2,1,1,0,0,0,2,0,4.76877E+20,5.55337E+21,8.67647E+15,5.01321E+16
27471,6.17021E+18,6,6,34,22,2017,2,7,4,3,4,7,0,1,0,0,1,2,1,5.14511E+20,5.6455E+21,9.20663E+15,5.09609E+16
27472,6.17021E+18,6,4,35,25,2017,2,11,4,3,2,6,0,1,0,0,0,0,0,5.37824E+20,5.58172E+21,9.53206E+15,5.03863E+16
27473,6.17021E+18,6,4,38,9,2017,2,1,4,3,1,7,0,1,0,0,0,2,0,4.78179E+20,5.5449E+21,8.69517E+15,5.0056E+16
27474,6.17021E+18,6,4,34,13,2017,2,14,4,3,2,6,0,1,0,0,1,0,0,4.58171E+20,5.57402E+21,8.41247E+15,5.03168E+16
27475,6.17021E+18,6,4,34,11,2017,2,17,4,3,7,7,0,1,0,0,0,1,0,4.63173E+20,5.57643E+21,8.48249E+15,5.03388E+16
27476,6.17021E+18,6,4,35,9,2017,2,2,4,3,1,1,0,1,0,0,0,2,0,5.0815E+20,5.55457E+21,9.11406E+15,5.01433E+16
27477,6.17021E+18,6,5,34,10,2017,2,19,4,3,4,1,0,1,0,0,0,2,1,4.68289E+20,5.62785E+21,8.54999E+15,5.08015E+16
27478,6.17021E+18,6,4,33,12,2017,2,7,4,3,5,3,0,1,0,0,0,0,0,4.57921E+20,5.53642E+21,8.41312E+15,4.99786E+16
27479,6.17021E+18,6,4,33,2,2017,2,14,4,2,5,3,1,0,0,0,1,0,0,4.53228E+20,5.53793E+21,8.34748E+15,4.99919E+16
27480,6.17021E+18,6,4,35,14,2017,2,19,4,3,1,7,1,1,0,0,0,2,1,4.91149E+20,5.55295E+21,8.87617E+15,5.01287E+16
27481,6.17021E+18,6,4,12,0,2017,2,19,4,3,5,2,0,1,0,0,0,2,0,4.82501E+20,5.55456E+21,8.7551E+15,5.0143E+16
27482,6.17021E+18,6,5,32,23,2017,2,12,4,3,5,3,0,1,0,0,1,0,0,4.63075E+20,5.60292E+21,8.4785E+15,5.0577E+16
27483,6.17021E+18,6,5,31,5,2017,2,7,4,3,2,6,0,1,0,0,0,0,0,4.7277E+20,5.60103E+21,8.61556E+15,5.05606E+16
27484,6.17021E+18,6,4,38,11,2017,2,16,4,3,2,6,0,1,0,0,1,0,0,4.91718E+20,5.5452E+21,8.88429E+15,5.0059E+16
27485,6.17021E+18,6,4,35,14,2017,2,6,4,3,3,6,0,1,0,0,1,2,0,4.93138E+20,5.54893E+21,8.90407E+15,5.00926E+16
27486,6.17021E+18,6,4,39,11,2017,2,16,4,3,2,6,0,1,0,0,0,1,0,4.4833E+20,5.55851E+21,8.27637E+15,5.01765E+16
27487,6.17021E+18,6,5,33,3,2017,2,15,4,3,0,7,0,1,0,0,0,0,0,4.46162E+20,5.56947E+21,8.24445E+15,5.02749E+16
27488,6.17021E+18,6,4,14,0,2017,2,4,4,3,2,6,0,1,0,0,1,2,0,4.54933E+20,5.54699E+21,8.37019E+15,5.00735E+16
27489,6.17021E+18,6,5,31,5,2017,2,11,4,3,2,6,0,1,0,0,1,0,0,4.78757E+20,5.60161E+21,8.70005E+15,5.0566E+16
27490,6.17021E+18,6,4,14,0,2017,2,11,7,3,4,6,0,1,0,0,1,0,1,4.44703E+20,5.54914E+21,8.22694E+15,5.0092E+16
27491,6.17021E+18,6,5,31,12,2017,2,18,4,3,2,6,0,0,0,0,1,2,0,4.77048E+20,5.5955E+21,8.6763E+15,5.0511E+16
27492,6.17021E+18,6,4,14,0,2017,2,13,7,3,1,2,0,1,0,0,1,0,0,4.46327E+20,5.54631E+21,8.25004E+15,5.00667E+16
27493,6.17021E+18,6,5,31,13,2017,2,22,3,2,8,1,0,1,0,0,1,2,1,4.80171E+20,5.61355E+21,8.71938E+15,5.06734E+16
27494,6.17021E+18,6,6,34,21,2017,2,18,7,2,4,6,0,1,0,0,0,2,0,5.18484E+20,5.62992E+21,9.26241E+15,5.08207E+16
27495,6.17021E+18,6,6,34,26,2017,2,20,7,3,8,1,0,1,0,0,0,2,1,5.13348E+20,5.63873E+21,9.18982E+15,5.09001E+16
27496,6.17021E+18,6,4,12,0,2017,2,19,1,3,2,6,0,1,0,0,1,2,0,4.8083E+20,5.5517E+21,8.73186E+15,5.01173E+16
27497,6.17021E+18,6,6,11,0,2017,2,14,3,3,6,4,0,1,1,0,0,0,0,5.34718E+20,5.68675E+21,9.49832E+15,5.1331E+16
27498,6.17021E+18,6,6,34,18,2017,2,19,7,3,4,6,0,1,0,0,0,2,0,5.24352E+20,5.67616E+21,9.34882E+15,5.12363E+16
27499,6.17021E+18,6,6,11,0,2017,2,20,3,3,5,2,0,1,0,0,0,2,0,5.34484E+20,5.68587E+21,9.49488E+15,5.13231E+16
27500,6.17021E+18,6,6,11,0,2017,2,9,3,3,5,3,1,1,0,0,0,0,0,5.33626E+20,5.68343E+21,9.48234E+15,5.13012E+16
27501,6.17021E+18,6,4,14,0,2017,2,18,3,3,1,6,0,1,0,0,0,2,1,4.41933E+20,5.54963E+21,8.18815E+15,5.00961E+16
27502,6.17021E+18,6,4,14,0,2017,2,17,3,3,5,3,0,1,0,0,1,0,1,4.43451E+20,5.5517E+21,8.20905E+15,5.01148E+16
27503,6.17021E+18,6,4,13,0,2017,2,9,3,3,3,6,0,1,0,0,1,0,0,4.84636E+20,5.54967E+21,8.78518E+15,5.00991E+16
27504,6.17021E+18,6,4,12,0,2017,2,6,3,3,6,7,0,0,1,0,1,1,0,4.74701E+20,5.55374E+21,8.646E+15,5.01353E+16
27505,6.17021E+18,6,4,12,0,2017,2,13,3,3,1,7,1,1,0,0,0,0,0,4.79244E+20,5.55221E+21,8.70965E+15,5.01217E+16
27506,6.17021E+18,6,4,37,15,2017,2,4,3,3,1,5,0,1,0,1,0,2,0,5.01114E+20,5.49017E+21,9.01541E+15,4.95641E+16
27507,6.17021E+18,6,4,39,15,2017,2,12,7,3,6,2,0,0,1,0,1,0,1,4.41598E+20,5.5561E+21,8.18247E+15,5.01543E+16
27508,6.17021E+18,6,6,34,22,2017,2,9,3,3,4,1,0,1,0,0,0,0,1,5.15345E+20,5.64495E+21,9.21848E+15,5.0956E+16
27509,6.17021E+18,6,6,35,20,2017,2,22,3,3,8,1,0,1,0,0,0,2,2,5.0531E+20,5.69723E+21,9.07638E+15,5.14262E+16
27510,6.17021E+18,6,4,39,4,2017,2,7,7,3,9,1,0,1,0,0,0,2,2,4.26794E+20,5.53924E+21,7.9785E+15,5.0001E+16
27511,6.17021E+18,6,6,33,16,2017,2,10,3,3,8,1,0,1,0,0,0,0,0,5.21678E+20,5.70923E+21,9.31253E+15,5.15338E+16
27512,6.17021E+18,6,4,39,3,2017,2,13,3,2,8,7,0,1,0,0,0,0,0,4.33206E+20,5.54072E+21,8.06769E+15,5.00151E+16
27513,6.17021E+18,6,4,36,6,2017,2,11,3,2,5,3,1,1,0,0,0,0,0,4.52878E+20,5.54008E+21,8.34234E+15,5.00112E+16
27514,6.17021E+18,6,4,31,11,2017,2,12,3,3,2,6,0,1,0,0,1,0,0,4.7714E+20,5.4992E+21,8.68335E+15,4.96449E+16
27515,6.17021E+18,6,4,31,4,2017,2,7,3,3,5,3,0,1,0,0,0,0,0,4.77949E+20,5.4899E+21,8.69508E+15,4.95613E+16
27516,6.17021E+18,6,4,40,5,2017,2,18,3,3,2,5,0,1,0,0,0,2,1,4.76207E+20,5.58786E+21,8.66492E+15,5.04423E+16
27517,6.17021E+18,6,4,40,14,2017,2,6,3,3,5,3,0,1,0,0,0,2,1,4.97309E+20,5.56802E+21,8.96225E+15,5.02643E+16
27518,6.17021E+18,6,5,32,9,2017,2,21,3,3,9,1,0,1,0,0,0,2,2,4.57557E+20,5.62617E+21,8.3979E+15,5.07857E+16
27519,6.17021E+18,6,6,31,17,2017,2,9,3,3,2,6,0,1,0,0,0,0,0,5.50246E+20,5.59857E+21,9.70903E+15,5.05369E+16
27520,6.17021E+18,6,6,31,9,2017,2,7,3,3,5,3,0,1,0,0,0,0,0,5.48611E+20,5.6E+21,9.68615E+15,5.05499E+16
27521,6.17021E+18,6,5,32,23,2017,2,7,3,3,5,3,0,1,0,0,0,2,1,4.69217E+20,5.60059E+21,8.56543E+15,5.05564E+16
27522,6.17021E+18,6,5,31,6,2017,2,18,3,3,5,3,0,1,0,0,0,2,0,4.98963E+20,5.60687E+21,8.98535E+15,5.06137E+16
27523,6.17021E+18,6,5,31,6,2017,2,0,3,2,2,6,0,1,0,0,0,2,0,4.96684E+20,5.60473E+21,8.95315E+15,5.05944E+16
27524,6.17021E+18,6,5,31,5,2017,2,18,3,3,0,7,1,1,0,0,0,2,1,4.76232E+20,5.60288E+21,8.66432E+15,5.05773E+16
27525,6.17021E+18,6,4,34,8,2017,2,12,7,3,2,6,0,1,0,0,0,0,0,4.68698E+20,5.5595E+21,8.56153E+15,5.01868E+16
27526,6.17021E+18,6,4,35,13,2017,2,18,3,3,2,6,0,1,0,0,0,2,0,5.00046E+20,5.56261E+21,9.00064E+15,5.02157E+16
27527,6.17021E+18,6,4,35,10,2017,2,8,3,3,2,6,0,1,0,0,0,0,0,5.12813E+20,5.55997E+21,9.1795E+15,5.01918E+16
27528,6.17021E+18,6,6,11,0,2017,2,7,3,3,2,6,0,1,0,0,1,1,0,5.33132E+20,5.6808E+21,9.47501E+15,5.12776E+16
27529,6.17021E+18,6,4,36,7,2017,2,12,7,3,5,3,0,1,0,0,0,0,0,4.60537E+20,5.54845E+21,8.44835E+15,5.0087E+16
27530,6.17021E+18,6,4,36,8,2017,2,13,7,3,2,6,0,1,0,0,0,0,0,4.6078E+20,5.55385E+21,8.45121E+15,5.01355E+16
27531,6.17021E+18,6,4,40,16,2017,2,14,7,3,2,6,0,1,0,0,0,0,0,5.00416E+20,5.58458E+21,9.00586E+15,5.04133E+16
27532,6.17021E+18,6,4,38,9,2017,2,18,3,2,3,1,0,1,0,0,1,2,0,4.71537E+20,5.54419E+21,8.60244E+15,5.00493E+16
27533,6.17021E+18,6,4,12,0,2017,2,5,3,3,2,6,0,1,0,0,0,2,0,4.70883E+20,5.55407E+21,8.59255E+15,5.01382E+16
27534,6.17021E+18,6,4,12,0,2017,2,7,3,3,5,3,0,1,0,0,1,0,0,4.71205E+20,5.55178E+21,8.59722E+15,5.01176E+16
27535,6.17021E+18,6,4,33,8,2017,2,15,3,3,3,6,0,1,0,0,0,0,0,4.71213E+20,5.53828E+21,8.59836E+15,4.99962E+16
27536,6.17021E+18,6,4,40,24,2017,2,19,3,3,2,6,0,1,0,0,1,2,0,4.88743E+20,5.58514E+21,8.84155E+15,5.04182E+16
27537,6.17021E+18,6,6,32,2,2017,2,13,2,3,5,3,1,1,0,0,0,0,0,5.48463E+20,5.6367E+21,9.68889E+15,5.08799E+16
27538,6.17021E+18,6,5,33,14,2017,2,6,2,3,5,3,0,1,0,0,0,2,0,4.45998E+20,5.5758E+21,8.24125E+15,5.03318E+16
27539,6.17021E+18,6,6,11,0,2017,2,12,2,2,2,1,0,1,0,0,0,0,0,5.37018E+20,5.68641E+21,9.5313E+15,5.13278E+16
27540,6.17021E+18,6,6,33,26,2017,2,10,2,3,5,3,1,1,0,0,0,0,0,5.31928E+20,5.69011E+21,9.45858E+15,5.13614E+16
27541,6.17021E+18,6,6,11,0,2017,2,11,2,3,5,3,0,1,0,0,0,0,0,5.35458E+20,5.68542E+21,9.50881E+15,5.13189E+16
27542,6.17021E+18,6,6,11,0,2017,2,15,2,3,3,6,0,1,0,0,1,0,0,5.33524E+20,5.68314E+21,9.48086E+15,5.12986E+16
27543,6.17021E+18,6,4,13,0,2017,2,11,2,3,2,6,0,1,0,0,0,0,0,4.8245E+20,5.54948E+21,8.75463E+15,5.00974E+16
27544,6.17021E+18,6,4,12,0,2017,2,20,2,3,1,5,1,1,0,0,0,2,0,4.80288E+20,5.55152E+21,8.72429E+15,5.01156E+16
27545,6.17021E+18,6,4,12,0,2017,2,19,2,3,3,2,1,1,0,0,0,2,0,4.73347E+20,5.54998E+21,8.62732E+15,5.01014E+16
27546,6.17021E+18,6,6,33,11,2017,2,12,2,3,5,3,0,1,0,0,0,0,1,5.21753E+20,5.68629E+21,9.31222E+15,5.13275E+16
27547,6.17021E+18,6,4,39,3,2017,2,20,2,2,1,6,0,1,0,0,0,2,0,4.37812E+20,5.54395E+21,8.13146E+15,5.00446E+16
27548,6.17021E+18,6,5,33,1,2017,2,7,2,3,8,1,0,1,0,0,0,0,2,4.42688E+20,5.58898E+21,8.19273E+15,5.04501E+16
27549,6.17021E+18,6,4,35,12,2017,2,19,2,3,5,2,0,1,0,0,0,2,0,5.07814E+20,5.55989E+21,9.10947E+15,5.01911E+16
27550,6.17021E+18,6,4,38,1,2017,2,16,2,3,4,6,0,1,0,0,0,0,0,4.82617E+20,5.53902E+21,8.75744E+15,5.00032E+16
27551,6.17021E+18,6,4,32,4,2017,2,16,2,3,2,6,0,1,0,0,0,0,0,4.89408E+20,5.5289E+21,8.85247E+15,4.99124E+16
27552,6.17021E+18,6,4,40,17,2017,2,13,7,3,2,6,0,0,0,1,0,0,0,4.85252E+20,5.57043E+21,8.79299E+15,5.02858E+16
27553,6.17021E+18,6,4,32,13,2017,2,11,2,3,5,3,1,1,0,0,0,0,0,4.83307E+20,5.51381E+21,8.76815E+15,4.97765E+16
27554,6.17021E+18,6,4,32,20,2017,2,6,2,3,5,3,0,1,0,0,0,2,0,4.85103E+20,5.52453E+21,8.79268E+15,4.9873E+16
27555,6.17021E+18,6,5,35,1,2017,2,12,7,2,5,3,0,1,0,0,0,0,0,5.17696E+20,5.61995E+21,9.25075E+15,5.0731E+16
27556,6.17021E+18,6,4,31,13,2017,2,9,2,3,5,3,0,1,0,0,0,0,0,4.61538E+20,5.49517E+21,8.46764E+15,4.96079E+16
27557,6.17021E+18,6,5,34,1,2017,2,18,7,3,9,1,0,1,0,0,0,2,0,4.97039E+20,5.626E+21,8.95799E+15,5.07858E+16
27558,6.17021E+18,6,5,34,18,2017,2,20,7,3,5,2,0,1,0,0,0,2,0,5.00921E+20,5.63109E+21,9.01308E+15,5.08315E+16
27559,6.17021E+18,6,5,32,14,2017,2,2,7,2,4,6,0,1,0,0,1,2,1,4.6884E+20,5.59748E+21,8.56038E+15,5.05284E+16
27560,6.17021E+18,6,4,31,15,2017,2,0,2,3,9,1,0,1,0,0,0,2,0,4.83566E+20,5.50452E+21,8.77214E+15,4.9693E+16
27561,6.17021E+18,6,4,33,6,2017,2,7,2,3,2,6,0,1,0,0,0,0,0,4.62667E+20,5.52735E+21,8.48018E+15,4.98974E+16
27562,6.17021E+18,6,5,34,14,2017,2,7,2,3,8,1,0,1,0,0,0,0,2,4.87954E+20,5.62418E+21,8.82917E+15,5.07692E+16
27563,6.17021E+18,6,6,31,3,2017,2,16,2,2,5,2,0,1,0,0,0,0,0,5.55693E+20,5.59902E+21,9.78596E+15,5.05405E+16
27564,6.17021E+18,6,5,32,23,2017,2,12,2,3,5,3,1,1,0,0,0,0,0,4.63825E+20,5.59996E+21,8.48938E+15,5.05505E+16
27565,6.17021E+18,6,5,32,23,2017,2,11,2,3,5,3,0,1,0,0,1,0,0,4.62844E+20,5.59995E+21,8.47554E+15,5.05503E+16
27566,6.17021E+18,6,5,32,1,2017,2,8,2,3,9,1,0,1,0,0,0,0,2,4.61343E+20,5.61148E+21,8.45314E+15,5.06539E+16
27567,6.17021E+18,6,5,32,23,2017,2,10,2,3,0,7,1,0,0,0,0,0,2,4.62666E+20,5.59996E+21,8.47302E+15,5.05504E+16
27568,6.17021E+18,6,5,32,14,2017,2,10,2,3,9,1,0,1,0,0,0,0,2,4.66822E+20,5.59395E+21,8.53221E+15,5.04966E+16
27569,6.17021E+18,6,4,35,12,2017,2,7,2,3,2,6,0,1,0,0,0,0,0,5.08754E+20,5.56035E+21,9.12265E+15,5.01953E+16
27570,6.17021E+18,6,4,12,0,2017,2,17,2,3,2,6,0,1,0,0,0,2,0,4.70173E+20,5.55347E+21,8.58266E+15,5.01327E+16
27571,6.17021E+18,6,4,36,6,2017,2,7,2,3,2,6,0,1,0,0,0,2,0,4.56464E+20,5.54499E+21,8.39182E+15,5.00556E+16
27572,6.17021E+18,6,4,13,0,2017,2,16,1,3,2,6,0,1,0,0,0,0,0,4.84022E+20,5.5478E+21,8.77668E+15,5.00822E+16
27573,6.17021E+18,6,4,12,0,2017,2,20,1,3,2,6,0,1,0,0,0,2,0,4.73472E+20,5.54847E+21,8.62916E+15,5.00879E+16
27574,6.17021E+18,6,4,39,15,2017,2,13,1,3,9,1,0,1,0,0,0,0,1,4.35822E+20,5.55389E+21,8.10199E+15,5.01337E+16
27575,6.17021E+18,6,4,39,17,2017,2,13,1,3,5,3,1,1,0,0,0,0,0,4.39668E+20,5.54271E+21,8.15757E+15,5.00336E+16
27576,6.17021E+18,6,4,39,13,2017,2,14,1,2,3,2,0,1,0,1,0,0,0,4.20809E+20,5.53722E+21,7.89542E+15,4.99821E+16
27577,6.17021E+18,6,4,34,9,2017,2,13,1,3,8,1,0,1,0,0,0,0,0,4.59227E+20,5.56749E+21,8.42801E+15,5.02582E+16
27578,6.17021E+18,6,4,36,4,2017,2,19,1,2,4,6,0,1,0,0,0,2,0,4.59757E+20,5.54375E+21,8.43795E+15,5.00446E+16
27579,6.17021E+18,6,4,32,5,2017,2,19,1,3,2,6,0,1,0,0,0,2,1,4.87872E+20,5.53292E+21,8.83096E+15,4.99485E+16
27580,6.17021E+18,6,4,32,10,2017,2,15,1,2,6,4,0,0,1,1,0,0,0,4.95042E+20,5.52487E+21,8.93099E+15,4.98762E+16
27581,6.17021E+18,6,4,40,21,2017,2,20,1,2,2,6,0,1,0,1,0,2,0,4.89347E+20,5.57782E+21,8.85026E+15,5.03524E+16
27582,6.17021E+18,6,4,40,23,2017,2,5,1,3,8,1,0,1,0,0,0,2,1,4.78355E+20,5.57235E+21,8.69606E+15,5.03029E+16
27583,6.17021E+18,6,4,35,14,2017,2,21,7,2,4,6,0,1,0,0,0,2,0,4.96746E+20,5.54918E+21,8.95451E+15,5.00948E+16
27584,6.17021E+18,6,6,31,9,2017,2,15,1,3,5,2,0,1,0,0,0,0,0,5.46685E+20,5.60167E+21,9.65917E+15,5.05651E+16
27585,6.17021E+18,6,4,14,0,2017,2,11,7,3,2,6,0,1,0,0,0,0,0,4.54819E+20,5.54713E+21,8.36859E+15,5.00747E+16
27586,6.17021E+18,6,4,31,6,2017,2,7,7,2,2,6,0,1,0,0,0,0,0,4.67923E+20,5.50264E+21,8.5554E+15,4.96754E+16
27587,6.17021E+18,6,4,40,8,2017,2,10,7,3,9,6,0,1,0,0,0,0,0,4.78011E+20,5.57386E+21,8.69115E+15,5.03164E+16
27588,6.17021E+18,6,4,35,6,2017,2,22,6,3,5,3,0,1,0,0,0,2,0,4.94585E+20,5.55856E+21,8.92416E+15,5.01792E+16
27589,6.17021E+18,6,5,31,5,2017,2,18,1,3,1,2,1,1,0,0,0,2,0,4.76886E+20,5.60309E+21,8.67355E+15,5.05792E+16
27590,6.17021E+18,6,5,31,9,2017,2,12,1,3,5,2,0,1,0,0,0,0,0,4.75921E+20,5.59399E+21,8.6605E+15,5.04974E+16
27591,6.17021E+18,6,4,38,11,2017,2,10,1,3,8,1,0,1,0,0,0,0,1,4.92617E+20,5.539E+21,8.89697E+15,5.00033E+16
27592,6.17021E+18,6,4,12,0,2017,2,15,1,3,2,6,0,1,0,0,0,0,0,4.78931E+20,5.55471E+21,8.70513E+15,5.01443E+16
27593,6.17021E+18,6,4,38,9,2017,2,13,1,2,2,6,0,1,0,1,0,0,1,4.74126E+20,5.54492E+21,8.63855E+15,5.0056E+16
27594,6.17021E+18,6,4,12,0,2017,2,18,1,3,2,6,0,1,0,0,0,2,0,4.6312E+20,5.54947E+21,8.48437E+15,5.00963E+16
27595,6.17021E+18,6,4,12,0,2017,2,8,1,3,9,7,0,1,0,0,0,0,1,4.72392E+20,5.54955E+21,8.61399E+15,5.00975E+16
27596,6.17021E+18,6,4,14,0,2017,2,9,1,3,8,1,0,1,0,0,0,0,1,4.4956E+20,5.54445E+21,8.29545E+15,5.00502E+16
27597,6.1702E+18,6,6,34,1,2017,2,23,7,2,9,7,0,1,0,0,0,2,1,5.13855E+20,5.65691E+21,9.19772E+15,5.10636E+16
27598,6.1702E+18,6,5,35,8,2017,2,8,7,3,8,1,0,1,0,0,0,0,2,5.25266E+20,5.60218E+21,9.35679E+15,5.0571E+16
27599,6.1702E+18,6,5,33,8,2017,2,7,7,3,4,1,0,1,0,0,1,1,2,4.40808E+20,5.57477E+21,8.1685E+15,5.0322E+16
27600,6.1702E+18,6,6,11,0,2017,2,16,7,3,5,3,0,1,0,0,0,0,0,5.37069E+20,5.68278E+21,9.53166E+15,5.12951E+16
27601,6.1702E+18,6,4,14,0,2017,2,16,7,3,2,6,0,1,0,0,0,1,1,4.43473E+20,5.5453E+21,8.21031E+15,5.00573E+16
27602,6.17021E+18,6,4,35,17,2017,2,18,6,3,5,3,1,1,0,0,0,2,0,5.03173E+20,5.55815E+21,9.04443E+15,5.01755E+16
27603,6.1702E+18,6,4,14,0,2017,2,8,7,3,5,3,0,1,0,0,0,0,0,4.45549E+20,5.54685E+21,8.23909E+15,5.00714E+16
27604,6.17021E+18,6,5,35,16,2017,2,20,6,2,8,1,0,1,0,0,0,2,0,5.06277E+20,5.59038E+21,9.08845E+15,5.04654E+16
27605,6.1702E+18,6,4,36,5,2017,2,19,7,2,6,6,0,0,1,0,1,2,1,4.61639E+20,5.54576E+21,8.46403E+15,5.00629E+16
27606,6.17021E+18,6,6,33,20,2017,2,19,6,2,8,1,0,1,0,0,0,2,0,5.40357E+20,5.68698E+21,9.57929E+15,5.13327E+16
27607,6.17021E+18,6,4,35,6,2017,2,13,7,3,6,4,0,1,1,0,0,0,0,4.93758E+20,5.55844E+21,8.91257E+15,5.01781E+16
27608,6.1702E+18,6,4,12,0,2017,2,2,7,3,9,1,0,1,0,0,0,2,1,4.82826E+20,5.55169E+21,8.75978E+15,5.01172E+16
27609,6.1702E+18,6,4,12,0,2017,2,18,7,3,2,2,0,1,0,0,0,2,1,4.79613E+20,5.55401E+21,8.71471E+15,5.0138E+16
27610,6.1702E+18,6,4,37,11,2017,2,9,7,2,4,6,0,1,0,0,1,0,2,5.05332E+20,5.50113E+21,9.07388E+15,4.96627E+16
27611,6.1702E+18,6,4,11,0,2017,2,4,7,2,5,3,1,0,0,0,1,2,1,4.74398E+20,5.52514E+21,8.64367E+15,4.98781E+16
27612,6.1702E+18,6,6,34,24,2017,2,10,7,2,9,1,0,1,0,0,0,0,2,5.49281E+20,5.66258E+21,9.70403E+15,5.11126E+16
27613,6.1702E+18,6,6,35,6,2017,2,8,7,3,9,1,0,1,0,0,0,0,2,4.84869E+20,5.6535E+21,8.78421E+15,5.10329E+16
27614,6.1702E+18,6,6,36,11,2017,2,10,7,2,8,1,0,1,0,0,0,0,1,5.65995E+20,5.65946E+21,9.94219E+15,5.10829E+16
27615,6.1702E+18,6,6,36,5,2017,2,12,7,2,8,1,0,1,0,0,0,0,1,5.73828E+20,5.65245E+21,1.00526E+16,5.10189E+16
27616,6.1702E+18,6,4,39,7,2017,2,13,7,3,1,1,0,1,0,0,0,0,1,4.42615E+20,5.56532E+21,8.19532E+15,5.02372E+16
27617,6.1702E+18,6,4,39,8,2017,2,17,7,3,2,6,0,1,0,0,0,2,1,4.48273E+20,5.5652E+21,8.27466E+15,5.02367E+16
27618,6.1702E+18,6,4,39,5,2017,2,8,7,3,9,1,0,1,0,0,0,0,2,4.28309E+20,5.55644E+21,7.99641E+15,5.01558E+16
27619,6.1702E+18,6,4,39,15,2017,2,8,7,3,8,1,0,1,0,0,0,0,2,4.40131E+20,5.55373E+21,8.16231E+15,5.01328E+16
27620,6.17021E+18,6,4,14,0,2017,2,17,6,3,5,3,0,1,0,0,0,0,0,4.45663E+20,5.54401E+21,8.24108E+15,5.00459E+16
27621,6.17021E+18,6,4,36,12,2017,2,12,6,3,2,6,0,1,0,0,0,0,0,4.6576E+20,5.55279E+21,8.52098E+15,5.01264E+16
27622,6.17021E+18,6,4,12,0,2017,2,16,6,3,5,2,1,1,0,0,0,0,0,4.80261E+20,5.5548E+21,8.72374E+15,5.01451E+16
27623,6.1702E+18,6,4,39,5,2017,2,13,7,3,8,1,0,1,0,0,0,0,1,4.25014E+20,5.55801E+21,7.94998E+15,5.01695E+16
27624,6.1702E+18,6,4,38,9,2017,2,15,7,3,5,3,0,1,0,0,0,0,0,4.7982E+20,5.54404E+21,8.71814E+15,5.00483E+16
27625,6.1702E+18,6,4,34,13,2017,2,18,7,3,4,6,0,1,1,0,0,2,1,4.57496E+20,5.5729E+21,8.40312E+15,5.03067E+16
27626,6.17021E+18,6,4,12,0,2017,2,8,6,3,5,3,1,1,0,0,0,0,0,4.74521E+20,5.55015E+21,8.64372E+15,5.0103E+16