OBJECTID,UIDENTSTLA,ULAND,UREGBEZ,UKREIS,UGEMEINDE,UJAHR,UMONAT,USTUNDE,UWOCHENTAG,UKATEGORIE,UART,UTYP1,IstRad,IstPKW,IstFuss,IstKrad,IstSonstig,LICHT,STRZUSTAND,LINREFX,LINREFY,XGCSWGS84,YGCSWGS84
27803,6.17013E+18,6,4,37,15,2017,1,8,2,3,4,6,0,1,0,0,1,0,1,5.00742E+20,5.48335E+21,9.01025E+15,4.95028E+16
27804,6.17021E+18,6,6,34,22,2017,2,8,5,3,8,1,0,1,0,0,0,0,0,5.1032E+20,5.64001E+21,9.1468E+15,5.09117E+16
27805,6.17021E+18,6,6,34,25,2017,2,7,5,3,8,1,0,1,0,0,0,0,0,5.28342E+20,5.66202E+21,9.40486E+15,5.11089E+16
27806,6.17013E+18,6,4,11,0,2017,1,18,2,3,6,2,0,1,1,0,0,2,1,4.75728E+20,5.52415E+21,8.66224E+15,4.98693E+16
27807,6.17013E+18,6,4,11,0,2017,1,16,2,3,5,3,1,1,0,0,0,0,0,4.74375E+20,5.52481E+21,8.64336E+15,4.98751E+16
27808,6.17013E+18,6,6,34,14,2017,1,7,2,2,9,1,0,1,0,0,0,1,1,5.38474E+20,5.6646E+21,9.54986E+15,5.11316E+16
27809,6.17013E+18,6,4,40,16,2017,1,16,2,3,5,3,0,1,0,0,1,0,1,5.0398E+20,5.58917E+21,9.05606E+15,5.04545E+16
27810,6.17013E+18,6,5,32,12,2017,1,9,2,3,9,7,0,1,0,0,0,0,2,4.47419E+20,5.6157E+21,8.25559E+15,5.06908E+16
27811,6.17013E+18,6,5,32,9,2017,1,8,2,3,8,1,0,1,0,0,0,0,2,4.56914E+20,5.62636E+21,8.38876E+15,5.07874E+16
27812,6.17013E+18,6,4,11,0,2017,1,16,2,3,2,6,0,1,0,0,0,0,1,4.73344E+20,5.51832E+21,8.62947E+15,4.98167E+16
27813,6.17013E+18,6,4,40,8,2017,1,22,2,2,8,1,0,0,0,1,0,2,1,4.85912E+20,5.57233E+21,8.80218E+15,5.0303E+16
27814,6.17013E+18,6,5,34,5,2017,1,7,2,3,9,1,0,1,0,0,0,2,2,4.6023E+20,5.63726E+21,8.43462E+15,5.08857E+16
27815,6.17013E+18,6,5,32,14,2017,1,11,2,3,8,1,0,1,0,0,0,0,1,4.69074E+20,5.59719E+21,8.5637E+15,5.05258E+16
27816,6.17013E+18,6,4,39,11,2017,1,15,2,3,8,7,0,1,0,0,0,0,1,4.47626E+20,5.55946E+21,8.26638E+15,5.0185E+16
27817,6.17013E+18,6,4,39,8,2017,1,23,2,3,8,1,0,1,0,0,0,2,1,4.46586E+20,5.56238E+21,8.2514E+15,5.02112E+16
27818,6.17013E+18,6,4,14,0,2017,1,14,2,3,8,1,0,1,0,0,0,0,0,4.49551E+20,5.54446E+21,8.29532E+15,5.00503E+16
27819,6.17013E+18,6,5,31,5,2017,1,19,2,3,2,6,0,1,0,0,0,2,1,4.80019E+20,5.60653E+21,8.7176E+15,5.06103E+16
27820,6.17013E+18,6,6,36,1,2017,1,13,1,3,5,2,0,1,0,0,0,0,0,5.67729E+20,5.68093E+21,9.97099E+15,5.12757E+16
27821,6.17013E+18,6,6,32,9,2017,1,13,1,3,9,1,0,1,0,0,0,0,1,5.69844E+20,5.6352E+21,9.99247E+15,5.08643E+16
27822,6.17013E+18,6,5,35,11,2017,1,3,1,3,8,1,0,1,0,0,0,2,0,5.24873E+20,5.61391E+21,9.35203E+15,5.06765E+16
27823,6.17013E+18,6,5,33,13,2017,1,11,1,3,8,1,0,1,0,0,0,0,1,4.36894E+20,5.58623E+21,8.11161E+15,5.04247E+16
27824,6.17013E+18,6,4,39,9,2017,1,7,1,3,9,6,0,1,0,0,0,2,1,4.36014E+20,5.54242E+21,8.1066E+15,5.00306E+16
27825,6.17013E+18,6,4,31,11,2017,1,12,1,3,0,1,1,0,0,0,0,0,1,4.7537E+20,5.49828E+21,8.65889E+15,4.96365E+16
27826,6.17021E+18,6,6,35,1,2017,2,13,5,3,5,3,0,1,0,0,0,0,0,4.80513E+20,5.65369E+21,8.72208E+15,5.10344E+16
27827,6.17013E+18,6,4,37,9,2017,1,6,1,3,9,1,0,1,0,0,0,0,0,4.95613E+20,5.51458E+21,8.93905E+15,4.97837E+16
27828,6.17013E+18,6,4,32,14,2017,1,14,1,3,2,6,0,1,0,0,0,0,0,4.78101E+20,5.52034E+21,8.69548E+15,4.98351E+16
27829,6.17013E+18,6,5,35,1,2017,1,19,1,2,8,1,0,1,0,0,0,2,2,5.22024E+20,5.62442E+21,9.31233E+15,5.07712E+16
27830,6.17013E+18,6,4,33,5,2017,1,9,1,3,6,3,1,0,1,0,0,0,0,4.51028E+20,5.53856E+21,8.3167E+15,4.99974E+16
27831,6.17013E+18,6,5,31,9,2017,1,12,1,2,5,3,0,1,0,0,0,0,0,4.73504E+20,5.5914E+21,8.6266E+15,5.0474E+16
27832,6.17013E+18,6,5,31,4,2017,1,13,1,3,8,7,0,1,0,0,0,0,1,4.82468E+20,5.60391E+21,8.75234E+15,5.05868E+16
27833,6.17013E+18,6,4,12,0,2017,1,17,1,3,8,1,0,0,0,1,0,1,0,4.7152E+20,5.55144E+21,8.60166E+15,5.01145E+16
27834,6.17013E+18,6,4,14,0,2017,1,13,1,2,9,1,0,1,0,0,0,0,0,4.51509E+20,5.55538E+21,8.32129E+15,5.01487E+16
27835,6.17021E+18,6,4,35,28,2017,2,13,5,3,5,2,0,1,0,0,1,0,0,5.30459E+20,5.57398E+21,9.42783E+15,5.03171E+16
27836,6.17013E+18,6,5,32,12,2017,1,12,1,3,8,6,0,1,0,0,1,0,1,4.51874E+20,5.61205E+21,8.31913E+15,5.06583E+16
27837,6.17021E+18,6,4,35,21,2017,2,20,7,3,0,7,0,1,0,0,0,2,0,4.89568E+20,5.5648E+21,8.85372E+15,5.02352E+16
27838,6.17013E+18,6,4,12,0,2017,1,11,7,3,2,6,0,1,0,0,1,0,0,4.68139E+20,5.54405E+21,8.55499E+15,5.00479E+16
27839,6.17013E+18,6,6,33,26,2017,1,10,7,3,5,3,0,1,0,0,0,0,0,5.32536E+20,5.68959E+21,9.46727E+15,5.13567E+16
27840,6.17013E+18,6,4,12,0,2017,1,15,7,3,5,3,0,1,0,0,0,0,0,4.71775E+20,5.54907E+21,8.6054E+15,5.00932E+16
27841,6.17013E+18,6,4,37,7,2017,1,13,7,3,5,2,0,1,0,0,0,0,0,4.90045E+20,5.51039E+21,8.86182E+15,4.97459E+16
27842,6.17013E+18,6,6,33,3,2017,1,12,7,3,5,3,0,1,0,0,0,0,0,5.26973E+20,5.67731E+21,9.38645E+15,5.12465E+16
27843,6.17013E+18,6,6,11,0,2017,1,18,7,3,6,4,0,1,1,0,0,2,0,5.31589E+20,5.68061E+21,9.45287E+15,5.1276E+16
27844,6.17013E+18,6,6,35,6,2017,1,10,7,3,4,6,0,1,0,0,0,0,0,4.87623E+20,5.65299E+21,8.8235E+15,5.10283E+16
27845,6.17013E+18,6,4,34,1,2017,1,14,7,3,2,6,0,1,0,0,0,0,0,4.70881E+20,5.56558E+21,8.59164E+15,5.02417E+16
27846,6.17013E+18,6,6,31,9,2017,1,21,7,3,3,1,0,1,0,0,0,2,0,5.47926E+20,5.59968E+21,9.67643E+15,5.05471E+16
27847,6.17022E+18,6,4,31,21,2017,2,8,4,3,5,3,0,1,0,0,0,0,0,4.87988E+20,5.49067E+21,8.83388E+15,4.95685E+16
27848,6.17022E+18,6,4,33,14,2017,2,21,4,3,8,1,0,1,0,0,0,2,0,4.55982E+20,5.52517E+21,8.38735E+15,4.98773E+16
27849,6.17022E+18,6,5,34,14,2017,2,6,4,3,4,6,0,1,0,0,0,2,1,4.87298E+20,5.63211E+21,8.8196E+15,5.08405E+16
27850,6.17022E+18,6,4,35,14,2017,2,8,4,3,2,6,0,1,0,0,0,0,1,4.93481E+20,5.55514E+21,8.90875E+15,5.01484E+16
27851,6.17022E+18,6,5,31,5,2017,2,6,4,3,5,3,0,1,0,0,0,1,1,4.76277E+20,5.60378E+21,8.6649E+15,5.05854E+16
27852,6.17022E+18,6,5,31,9,2017,2,17,4,3,3,2,1,1,0,0,0,1,1,4.76939E+20,5.5944E+21,8.67482E+15,5.05011E+16
27853,6.17022E+18,6,6,32,14,2017,2,0,4,3,2,6,0,1,0,0,1,2,1,5.38618E+20,5.64155E+21,9.54945E+15,5.09243E+16
27854,6.17023E+18,6,5,34,18,2017,2,12,7,3,2,6,0,1,0,0,0,0,0,5.01936E+20,5.63145E+21,9.02749E+15,5.08347E+16
27855,6.17023E+18,6,4,39,2,2017,2,12,7,3,5,3,0,1,0,0,0,0,0,4.31248E+20,5.55561E+21,8.0377E+15,5.01487E+16
27856,6.17023E+18,6,5,35,15,2017,2,14,7,2,2,6,0,1,0,0,1,0,0,5.41412E+20,5.61693E+21,9.58643E+15,5.07027E+16
27857,6.17023E+18,6,4,32,23,2017,2,22,1,1,6,4,0,1,1,0,0,2,0,4.70805E+20,5.53095E+21,8.59322E+15,4.99302E+16
27858,6.17023E+18,6,4,36,4,2017,2,8,2,2,2,6,0,0,0,0,1,0,0,4.60105E+20,5.54261E+21,8.44293E+15,5.00344E+16
27859,6.17022E+18,6,4,33,7,2017,2,7,4,2,9,1,0,1,0,0,1,0,1,4.67382E+20,5.54396E+21,8.54442E+15,5.0047E+16
27860,6.17022E+18,6,4,12,0,2017,2,7,4,3,2,6,0,1,0,0,0,0,1,4.78891E+20,5.54559E+21,8.70507E+15,5.00622E+16
27861,6.17022E+18,6,4,36,6,2017,2,1,4,3,8,1,0,1,0,0,0,2,1,4.55977E+20,5.54496E+21,8.38502E+15,5.00553E+16
27862,6.17022E+18,6,4,31,2,2017,2,7,4,3,2,6,0,1,0,0,0,0,0,4.71099E+20,5.5029E+21,8.5994E+15,4.96779E+16
27863,6.17022E+18,6,4,40,5,2017,2,11,4,2,3,6,0,1,0,0,1,0,1,4.78725E+20,5.58398E+21,8.70061E+15,5.04075E+16
27864,6.17022E+18,6,4,34,1,2017,2,8,4,3,2,6,0,1,0,0,0,0,1,4.75942E+20,5.56275E+21,8.6628E+15,5.02164E+16
27865,6.17022E+18,6,6,36,8,2017,2,7,3,2,8,1,0,1,0,0,0,0,1,5.67031E+20,5.67363E+21,9.95962E+15,5.12102E+16
27866,6.17022E+18,6,6,33,20,2017,2,22,6,3,2,6,0,1,0,0,0,2,0,5.39523E+20,5.68576E+21,9.56718E+15,5.13218E+16
27867,6.17022E+18,6,6,11,0,2017,2,7,3,3,2,6,0,1,0,0,0,0,1,5.35763E+20,5.68687E+21,9.51334E+15,5.1332E+16
27868,6.17022E+18,6,6,33,20,2017,2,14,6,3,2,6,0,1,0,0,0,0,0,5.40803E+20,5.68719E+21,9.58572E+15,5.13345E+16
27869,6.17022E+18,6,6,11,0,2017,2,18,3,2,0,3,1,1,0,0,0,2,0,5.32903E+20,5.6848E+21,9.47209E+15,5.13136E+16
27870,6.17022E+18,6,5,31,6,2017,2,20,6,3,4,6,0,1,0,0,0,2,0,4.93954E+20,5.60464E+21,8.91458E+15,5.05936E+16
27871,6.17022E+18,6,5,32,12,2017,2,10,6,3,5,2,0,1,0,0,0,0,1,4.50765E+20,5.61429E+21,8.30314E+15,5.06784E+16
27872,6.17022E+18,6,4,14,0,2017,2,13,3,3,6,7,0,1,1,0,0,0,0,4.4671E+20,5.54523E+21,8.25554E+15,5.0057E+16
27873,6.17022E+18,6,4,14,0,2017,2,18,3,3,5,3,0,1,0,0,0,2,1,4.48628E+20,5.54844E+21,8.2819E+15,5.0086E+16
27874,6.17022E+18,6,4,14,0,2017,2,19,3,3,2,6,0,1,0,0,0,2,0,4.44636E+20,5.5476E+21,8.22623E+15,5.00781E+16
27875,6.17022E+18,6,4,13,0,2017,2,18,3,3,2,2,0,1,0,0,0,0,0,4.81959E+20,5.54837E+21,8.7478E+15,5.00873E+16
27876,6.17022E+18,6,4,13,0,2017,2,13,3,3,5,2,1,1,0,0,0,0,0,4.84058E+20,5.54778E+21,8.77717E+15,5.0082E+16
27877,6.17022E+18,6,4,13,0,2017,2,14,3,3,6,4,0,1,1,0,0,0,0,4.84026E+20,5.54779E+21,8.77673E+15,5.00822E+16
27878,6.17022E+18,6,4,12,0,2017,2,13,3,3,1,2,0,1,0,0,1,0,1,4.75004E+20,5.55041E+21,8.65045E+15,5.01054E+16
27879,6.17022E+18,6,4,37,6,2017,2,13,3,3,8,1,0,1,0,0,0,0,1,4.99121E+20,5.49494E+21,8.98783E+15,4.9607E+16
27880,6.17022E+18,6,4,37,6,2017,2,18,3,2,5,2,0,1,0,0,0,2,1,4.99715E+20,5.50036E+21,8.99605E+15,4.96558E+16
27881,6.17022E+18,6,6,34,22,2017,2,9,3,3,2,6,0,1,0,0,0,0,1,5.12783E+20,5.64018E+21,9.18184E+15,5.09131E+16
27882,6.17022E+18,6,6,33,10,2017,2,7,3,3,8,7,0,1,0,0,0,0,1,5.28494E+20,5.70006E+21,9.41006E+15,5.1451E+16
27883,6.17022E+18,6,4,39,6,2017,2,7,3,3,4,7,0,1,0,0,0,1,1,4.36552E+20,5.5612E+21,8.11099E+15,5.01996E+16
27884,6.17022E+18,6,4,35,4,2017,2,12,3,2,8,1,0,1,0,0,0,0,1,5.18914E+20,5.57712E+21,9.26583E+15,5.03458E+16
27885,6.17022E+18,6,4,38,2,2017,2,13,3,3,6,4,0,1,1,0,0,0,1,4.8005E+20,5.53864E+21,8.72163E+15,4.99997E+16
27886,6.17022E+18,6,4,34,8,2017,2,10,3,3,2,6,0,1,0,0,1,0,1,4.70332E+20,5.56113E+21,8.58428E+15,5.02016E+16
27887,6.17022E+18,6,4,40,20,2017,2,12,3,3,9,1,0,1,0,0,0,0,1,5.01009E+20,5.57724E+21,9.01418E+15,5.03472E+16
27888,6.17022E+18,6,5,31,11,2017,2,12,6,3,8,1,0,1,0,0,0,0,0,4.89262E+20,5.59388E+21,8.84861E+15,5.04968E+16
27889,6.17022E+18,6,4,40,19,2017,2,16,3,3,5,2,0,1,0,0,0,0,0,5.03626E+20,5.57792E+21,9.05096E+15,5.03533E+16
27890,6.17022E+18,6,4,40,1,2017,2,6,6,2,6,4,0,0,1,0,1,2,1,4.96028E+20,5.57038E+21,8.94425E+15,5.02855E+16
27891,6.17022E+18,6,4,11,0,2017,2,17,6,3,2,6,0,1,0,0,0,0,0,4.73626E+20,5.52429E+21,8.63298E+15,4.98704E+16
27892,6.17022E+18,6,4,32,14,2017,2,15,3,3,2,6,0,1,0,0,0,0,1,4.78128E+20,5.52032E+21,8.69585E+15,4.98349E+16
27893,6.17022E+18,6,4,32,16,2017,2,17,3,3,9,1,0,1,0,0,0,1,1,4.85439E+20,5.51681E+21,8.79765E+15,4.98036E+16
27894,6.17022E+18,6,4,32,13,2017,2,10,3,3,9,1,0,1,0,0,0,0,1,4.80311E+20,5.5107E+21,8.72669E+15,4.97485E+16
27895,6.17022E+18,6,4,31,2,2017,2,7,3,3,2,6,1,1,0,0,0,2,1,4.71127E+20,5.50333E+21,8.59975E+15,4.96818E+16
27896,6.17022E+18,6,5,35,13,2017,2,7,3,3,5,2,0,1,0,0,1,0,1,5.02166E+20,5.60951E+21,9.03063E+15,5.06375E+16
27897,6.17022E+18,6,6,31,9,2017,2,16,3,3,5,3,0,1,0,0,0,0,0,5.48295E+20,5.59848E+21,9.68149E+15,5.05363E+16
27898,6.17022E+18,6,4,35,14,2017,2,17,3,3,5,2,0,1,0,0,0,0,0,4.93217E+20,5.55866E+21,8.905E+15,5.01801E+16
27899,6.17022E+18,6,5,31,11,2017,2,15,3,3,5,3,0,1,0,0,0,0,1,4.87126E+20,5.59757E+21,8.81836E+15,5.05299E+16
27900,6.17022E+18,6,5,31,11,2017,2,8,3,2,5,3,0,1,0,0,0,0,1,4.89934E+20,5.5929E+21,8.85811E+15,5.0488E+16
27901,6.17022E+18,6,4,35,19,2017,2,17,3,3,2,6,0,1,0,0,0,0,0,4.87747E+20,5.55502E+21,8.8285E+15,5.01473E+16
27902,6.17022E+18,6,4,35,14,2017,2,9,3,3,8,1,0,1,0,0,0,0,1,4.98499E+20,5.55366E+21,8.979E+15,5.01352E+16
27903,6.17023E+18,6,4,38,2,2017,2,3,7,3,2,6,0,1,0,0,0,2,0,4.79542E+20,5.54288E+21,8.71432E+15,5.00379E+16
27904,6.17023E+18,6,4,40,3,2017,2,14,7,3,2,6,0,1,0,0,1,0,0,4.85013E+20,5.55954E+21,8.79006E+15,5.01879E+16
27905,6.17023E+18,6,4,14,0,2017,2,19,7,3,3,6,0,1,0,0,0,2,0,4.46119E+20,5.54688E+21,8.24705E+15,5.00717E+16
27906,6.17023E+18,6,4,11,0,2017,2,14,1,2,8,1,0,1,0,0,0,0,0,4.73565E+20,5.51918E+21,8.63247E+15,4.98245E+16
27907,6.17022E+18,6,6,34,25,2017,2,16,3,3,2,6,0,1,0,0,0,0,0,5.20957E+20,5.66169E+21,9.29935E+15,5.11063E+16
27908,6.17022E+18,6,6,34,8,2017,2,9,3,3,9,6,0,1,0,0,1,0,1,5.32613E+20,5.67249E+21,9.46681E+15,5.12029E+16
27909,6.17022E+18,6,6,34,13,2017,2,6,3,3,9,1,0,1,0,0,0,2,1,5.34348E+20,5.65808E+21,9.49027E+15,5.10732E+16
27910,6.17022E+18,6,4,12,0,2017,2,15,3,3,4,6,0,1,0,0,0,0,0,4.81402E+20,5.54939E+21,8.73998E+15,5.00965E+16
27911,6.17022E+18,6,4,32,23,2017,2,22,3,3,8,1,0,1,0,0,0,2,1,4.72194E+20,5.53042E+21,8.61261E+15,4.99255E+16
27912,6.17022E+18,6,6,33,17,2017,2,19,6,3,3,6,0,1,0,0,1,2,1,5.37267E+20,5.68097E+21,9.53431E+15,5.12788E+16
27913,6.17022E+18,6,4,33,5,2017,2,20,3,3,5,3,0,1,0,0,1,2,0,4.51879E+20,5.53642E+21,8.32886E+15,4.99782E+16
27914,6.17022E+18,6,6,34,11,2017,2,9,6,3,8,1,0,1,0,0,0,0,1,5.34841E+20,5.65525E+21,9.49704E+15,5.10477E+16
27915,6.17022E+18,6,4,31,16,2017,2,13,3,3,9,1,0,1,0,0,0,0,1,4.67927E+20,5.50091E+21,8.55559E+15,4.96599E+16
27916,6.17022E+18,6,5,35,5,2017,2,9,6,3,8,1,0,1,0,0,0,0,2,5.0274E+20,5.61513E+21,9.03879E+15,5.0688E+16
27917,6.17022E+18,6,4,32,23,2017,2,16,6,3,2,6,0,1,0,0,0,0,0,4.71762E+20,5.52796E+21,8.60678E+15,4.99034E+16
27918,6.17022E+18,6,4,32,23,2017,2,16,6,3,2,6,0,1,0,0,0,0,0,4.7179E+20,5.52817E+21,8.60715E+15,4.99053E+16
27919,6.17022E+18,6,6,32,2,2017,2,13,2,3,2,6,0,1,0,0,0,0,1,5.50292E+20,5.63568E+21,9.71474E+15,5.08706E+16
27920,6.17022E+18,6,5,32,6,2017,2,8,6,3,3,6,0,1,0,0,1,0,1,4.494E+20,5.61926E+21,8.28315E+15,5.0723E+16
27921,6.17022E+18,6,5,33,7,2017,2,17,2,3,5,3,0,1,0,0,0,1,0,4.31836E+20,5.58822E+21,8.04005E+15,5.0442E+16
27922,6.17022E+18,6,4,12,0,2017,2,14,2,3,2,6,0,1,0,0,1,0,0,4.81246E+20,5.55216E+21,8.73765E+15,5.01214E+16
27923,6.17022E+18,6,4,12,0,2017,2,8,2,2,3,2,1,0,0,0,1,0,1,4.73845E+20,5.54894E+21,8.63435E+15,5.00922E+16
27924,6.17022E+18,6,4,37,11,2017,2,6,2,2,5,2,0,1,0,1,1,2,0,5.0045E+20,5.50429E+21,9.00623E+15,4.96911E+16
27925,6.17022E+18,6,4,11,0,2017,2,18,2,3,2,6,0,1,0,0,0,2,1,4.74611E+20,5.52273E+21,8.64679E+15,4.98564E+16
27926,6.17022E+18,6,6,36,4,2017,2,13,2,3,8,1,0,1,0,0,0,0,1,5.53515E+20,5.6788E+21,9.76692E+15,5.1258E+16
27927,6.17022E+18,6,4,38,13,2017,2,9,2,3,5,7,1,1,0,0,0,0,0,4.982E+20,5.54446E+21,8.97486E+15,5.00524E+16
27928,6.17022E+18,6,4,34,1,2017,2,14,2,3,2,5,0,1,0,0,0,0,1,4.7076E+20,5.56519E+21,8.58998E+15,5.02381E+16
27929,6.17022E+18,6,5,32,12,2017,2,5,6,2,2,6,0,1,0,0,1,2,1,4.5158E+20,5.61236E+21,8.31494E+15,5.06611E+16
27930,6.17022E+18,6,4,35,10,2017,2,18,2,3,2,6,0,1,0,0,0,2,1,5.12747E+20,5.56016E+21,9.17858E+15,5.01935E+16
27931,6.17022E+18,6,4,35,15,2017,2,6,2,3,3,3,0,1,0,0,0,2,1,5.0616E+20,5.55657E+21,9.08624E+15,5.01613E+16
27932,6.17022E+18,6,4,40,23,2017,2,13,6,3,2,6,0,1,0,0,0,0,0,4.76348E+20,5.56982E+21,8.66804E+15,5.028E+16
27933,6.17022E+18,6,5,32,7,2017,2,18,2,3,2,6,0,1,0,0,0,2,1,4.42397E+20,5.60982E+21,8.18542E+15,5.06374E+16
27934,6.17022E+18,6,6,31,8,2017,2,22,6,3,8,7,0,1,0,0,0,2,0,5.38818E+20,5.58289E+21,9.54616E+15,5.03968E+16
27935,6.17022E+18,6,4,31,18,2017,2,17,6,2,6,7,0,1,1,0,0,0,0,4.88357E+20,5.47273E+21,8.83951E+15,4.94072E+16
27936,6.17022E+18,6,6,32,3,2017,2,7,6,3,1,5,1,1,0,0,0,0,1,5.54782E+20,5.64496E+21,9.77994E+15,5.09536E+16
27937,6.17022E+18,6,5,32,6,2017,2,17,2,3,8,1,0,1,0,0,0,1,1,4.48973E+20,5.62245E+21,8.27666E+15,5.07516E+16
27938,6.17022E+18,6,5,32,9,2017,2,15,2,2,1,5,0,1,0,1,0,0,1,4.53366E+20,5.62901E+21,8.3381E+15,5.08109E+16
27939,6.17022E+18,6,4,32,19,2017,2,18,2,3,6,4,0,1,1,0,0,2,1,4.88074E+20,5.51962E+21,8.83418E+15,4.98289E+16
27940,6.17022E+18,6,5,32,23,2017,2,17,2,3,2,6,0,1,0,0,0,1,1,4.63812E+20,5.60305E+21,8.4889E+15,5.05782E+16
27941,6.17022E+18,6,5,32,23,2017,2,14,2,2,4,1,0,1,0,0,1,0,1,4.68721E+20,5.60039E+21,8.55844E+15,5.05546E+16
27942,6.17022E+18,6,5,32,21,2017,2,6,2,3,0,7,0,0,0,1,0,2,1,4.56138E+20,5.5997E+21,8.38091E+15,5.05476E+16
27943,6.17022E+18,6,5,31,12,2017,2,19,2,3,5,2,0,1,0,0,0,2,1,4.76899E+20,5.59884E+21,8.67399E+15,5.0541E+16
27944,6.17022E+18,6,4,38,11,2017,2,6,2,3,3,1,0,1,0,0,1,2,1,4.92568E+20,5.54506E+21,8.89617E+15,5.00577E+16
27945,6.17022E+18,6,6,33,20,2017,2,6,2,3,2,6,0,1,0,0,1,1,1,5.39876E+20,5.68616E+21,9.5723E+15,5.13253E+16
27946,6.17022E+18,6,4,12,0,2017,2,18,2,3,2,6,0,1,0,0,0,2,1,4.68838E+20,5.55287E+21,8.56404E+15,5.01273E+16
27947,6.17022E+18,6,4,36,6,2017,2,17,2,3,3,6,0,1,0,0,1,1,1,4.56203E+20,5.54493E+21,8.38818E+15,5.00551E+16
27948,6.17022E+18,6,4,33,12,2017,2,20,2,3,3,6,0,1,0,0,1,2,1,4.6165E+20,5.53651E+21,8.46511E+15,4.99797E+16
27949,6.17022E+18,6,6,34,9,2017,2,9,6,3,2,6,0,1,0,0,1,0,1,5.27393E+20,5.65524E+21,9.39079E+15,5.1048E+16
27950,6.17023E+18,6,5,34,11,2017,2,22,7,2,8,1,0,0,0,1,0,2,0,4.89868E+20,5.63235E+21,8.85609E+15,5.08427E+16
27951,6.17023E+18,6,6,34,5,2017,2,16,7,3,5,3,0,1,0,0,0,0,0,5.18961E+20,5.66791E+21,9.27116E+15,5.11623E+16
27952,6.17023E+18,6,4,12,0,2017,2,7,2,3,0,1,1,0,0,0,0,0,1,4.74767E+20,5.5542E+21,8.64689E+15,5.01395E+16
27953,6.17022E+18,6,6,11,0,2017,2,17,1,2,9,1,0,0,0,1,0,1,1,5.32733E+20,5.6851E+21,9.46969E+15,5.13162E+16
27954,6.17022E+18,6,6,32,2,2017,2,15,5,3,5,3,0,1,0,0,0,0,1,5.50277E+20,5.63567E+21,9.71452E+15,5.08705E+16
27955,6.17023E+18,6,5,31,18,2017,2,15,7,1,9,1,0,0,0,1,0,0,0,4.76358E+20,5.6071E+21,8.66583E+15,5.06153E+16
27956,6.17023E+18,6,5,35,1,2017,2,19,7,3,4,6,0,1,0,0,0,2,0,5.28991E+20,5.62392E+21,9.4111E+15,5.07663E+16
27957,6.17023E+18,6,6,35,20,2017,2,5,7,2,5,3,1,1,0,0,0,2,0,5.08413E+20,5.69367E+21,9.12093E+15,5.13942E+16
27958,6.17023E+18,6,4,32,23,2017,2,5,1,3,2,6,0,1,0,0,1,2,0,4.71769E+20,5.52801E+21,8.60687E+15,4.99038E+16
27959,6.17023E+18,6,4,12,0,2017,2,11,1,3,5,3,0,1,0,0,0,0,0,4.67528E+20,5.5505E+21,8.5459E+15,5.01059E+16
27960,6.17022E+18,6,4,14,0,2017,2,15,1,3,2,6,0,1,0,0,1,0,0,4.45599E+20,5.54326E+21,8.2403E+15,5.00391E+16
27961,6.17022E+18,6,4,14,0,2017,2,14,1,3,5,3,1,1,0,0,0,0,0,4.4671E+20,5.54523E+21,8.25553E+15,5.0057E+16
27962,6.17022E+18,6,4,35,19,2017,2,15,1,3,2,6,0,1,0,0,0,0,0,4.85825E+20,5.55392E+21,8.80165E+15,5.01373E+16
27963,6.17022E+18,6,5,35,18,2017,2,19,5,3,9,7,0,1,0,0,0,2,1,5.13318E+20,5.60363E+21,9.18813E+15,5.05844E+16
27964,6.17022E+18,6,5,33,9,2017,2,21,5,3,9,1,0,1,0,0,0,2,1,4.37046E+20,5.57984E+21,8.11481E+15,5.03672E+16
27965,6.17022E+18,6,6,33,9,2017,2,17,5,2,8,1,0,1,0,0,0,0,1,5.38848E+20,5.69188E+21,9.55816E+15,5.13768E+16
27966,6.17022E+18,6,5,31,10,2017,2,18,6,3,2,6,0,1,0,0,1,2,0,5.01625E+20,5.5981E+21,9.02293E+15,5.05348E+16
27967,6.17022E+18,6,4,35,1,2017,2,22,6,3,0,7,0,1,0,0,0,2,0,5.22318E+20,5.56514E+21,9.31295E+15,5.0238E+16
27968,6.17022E+18,6,4,34,2,2017,2,11,1,3,2,6,0,1,0,0,0,0,0,4.76117E+20,5.56652E+21,8.66501E+15,5.02504E+16
27969,6.17022E+18,6,4,32,10,2017,2,21,1,3,2,6,0,1,0,0,0,2,1,4.91785E+20,5.52588E+21,8.88564E+15,4.98853E+16
27970,6.17022E+18,6,4,33,4,2017,2,19,1,3,4,1,0,1,0,0,0,2,0,4.65734E+20,5.5112E+21,8.52431E+15,4.97523E+16
27971,6.17022E+18,6,5,34,6,2017,2,17,1,3,5,3,0,1,0,0,0,2,1,4.84194E+20,5.63281E+21,8.77548E+15,5.08468E+16
27972,6.17022E+18,6,5,34,15,2017,2,2,1,2,9,1,0,1,0,0,0,2,0,4.76203E+20,5.64224E+21,8.66137E+15,5.09313E+16
27973,6.17022E+18,6,6,31,9,2017,2,18,1,3,2,6,0,1,0,0,0,2,1,5.4884E+20,5.59963E+21,9.68934E+15,5.05466E+16
27974,6.17022E+18,6,5,32,23,2017,2,15,1,3,5,2,0,1,0,0,0,0,0,4.64358E+20,5.60064E+21,8.49684E+15,5.05566E+16
27975,6.17022E+18,6,5,32,18,2017,2,16,1,3,8,1,0,1,0,0,0,0,0,4.65205E+20,5.59144E+21,8.50965E+15,5.04739E+16
27976,6.17022E+18,6,5,31,6,2017,2,9,1,3,2,6,0,1,0,0,0,0,0,4.97234E+20,5.60333E+21,8.96092E+15,5.05819E+16