OBJECTID,UIDENTSTLA,ULAND,UREGBEZ,UKREIS,UGEMEINDE,UJAHR,UMONAT,USTUNDE,UWOCHENTAG,UKATEGORIE,UART,UTYP1,IstRad,IstPKW,IstFuss,IstKrad,IstSonstig,LICHT,STRZUSTAND,LINREFX,LINREFY,XGCSWGS84,YGCSWGS84
27977,6.17022E+18,6,6,33,17,2017,2,15,1,3,2,6,0,1,0,0,1,0,0,5.38176E+20,5.68183E+21,9.54743E+15,5.12865E+16
27978,6.17022E+18,6,4,13,0,2017,2,8,6,3,5,3,0,1,0,0,0,0,0,4.82179E+20,5.5488E+21,8.75087E+15,5.00912E+16
27979,6.17023E+18,6,5,31,11,2017,2,14,7,3,5,2,0,1,0,0,0,0,0,4.87121E+20,5.59757E+21,8.81829E+15,5.05299E+16
27980,6.17022E+18,6,6,34,3,2017,2,0,1,3,3,6,0,1,0,0,0,2,0,5.33797E+20,5.66194E+21,9.48277E+15,5.11079E+16
27981,6.17022E+18,6,6,32,14,2017,2,21,1,3,9,1,0,1,0,0,0,1,1,5.39168E+20,5.64118E+21,9.55724E+15,5.09209E+16
27982,6.17022E+18,6,6,36,5,2017,2,20,1,3,8,1,0,1,0,0,0,2,1,5.79857E+20,5.65225E+21,1.01385E+16,5.10163E+16
27983,6.17022E+18,6,4,12,0,2017,2,15,1,3,3,6,0,1,0,0,0,0,0,4.71082E+20,5.55462E+21,8.5953E+15,5.01431E+16
27984,6.17022E+18,6,4,34,1,2017,2,11,1,2,3,6,0,1,0,0,0,0,0,4.7571E+20,5.56211E+21,8.65958E+15,5.02107E+16
27985,6.17022E+18,6,4,34,1,2017,2,13,1,3,2,6,0,1,0,0,1,0,0,4.75971E+20,5.56306E+21,8.66318E+15,5.02192E+16
27986,6.17022E+18,6,5,31,17,2017,2,14,7,3,1,5,0,1,0,0,0,0,0,4.81482E+20,5.61057E+21,8.73809E+15,5.06467E+16
27987,6.17022E+18,6,6,11,0,2017,2,17,6,3,2,6,0,1,0,0,0,0,0,5.35113E+20,5.68499E+21,9.50383E+15,5.13151E+16
27988,6.17023E+18,6,5,32,23,2017,2,13,7,3,2,6,0,1,0,0,0,0,0,4.62009E+20,5.59998E+21,8.46374E+15,5.05505E+16
27989,6.17023E+18,6,4,34,6,2017,2,12,7,3,2,6,0,1,0,0,0,0,0,4.66709E+20,5.55717E+21,8.53387E+15,5.01658E+16
27990,6.17023E+18,6,4,14,0,2017,2,8,7,3,9,7,0,0,0,0,1,0,0,4.49145E+20,5.53945E+21,8.29032E+15,5.00052E+16
27991,6.17022E+18,6,6,36,3,2017,2,14,7,3,5,3,0,1,0,0,0,0,0,5.69312E+20,5.67097E+21,9.99175E+15,5.1186E+16
27992,6.17022E+18,6,6,32,12,2017,2,3,7,3,9,1,0,0,0,0,1,2,1,5.52724E+20,5.64122E+21,9.7501E+15,5.09202E+16
27993,6.17022E+18,6,6,11,0,2017,2,22,7,3,5,3,0,1,0,0,0,2,0,5.34826E+20,5.68677E+21,9.49988E+15,5.13312E+16
27994,6.17022E+18,6,6,11,0,2017,2,18,5,2,6,4,0,0,1,0,1,2,1,5.34922E+20,5.68596E+21,9.50118E+15,5.13239E+16
27995,6.17022E+18,6,4,13,0,2017,2,4,7,2,1,7,0,1,0,0,1,2,0,4.8397E+20,5.54783E+21,8.77595E+15,5.00825E+16
27996,6.17022E+18,6,4,12,0,2017,2,15,7,3,2,6,0,1,0,0,1,0,0,4.68933E+20,5.55287E+21,8.56536E+15,5.01273E+16
27997,6.17022E+18,6,4,36,3,2017,2,16,5,3,3,6,0,1,0,0,0,1,1,4.70262E+20,5.55378E+21,8.58389E+15,5.01355E+16
27998,6.17022E+18,6,4,12,0,2017,2,13,7,3,5,3,0,1,0,0,0,0,0,4.6438E+20,5.54901E+21,8.50203E+15,5.00923E+16
27999,6.17022E+18,6,4,12,0,2017,2,19,5,3,5,3,0,1,0,0,0,2,1,4.6794E+20,5.55081E+21,8.55164E+15,5.01087E+16
28000,6.17022E+18,6,4,12,0,2017,2,18,5,3,5,7,1,1,0,0,0,2,1,4.80798E+20,5.55191E+21,8.73141E+15,5.01191E+16
28001,6.17022E+18,6,4,11,0,2017,2,10,5,3,5,2,0,1,0,0,0,0,0,4.7376E+20,5.52301E+21,8.63493E+15,4.98589E+16
28002,6.17022E+18,6,4,35,10,2017,2,16,6,2,2,6,0,1,0,0,0,0,0,5.13635E+20,5.56019E+21,9.19103E+15,5.01937E+16
28003,6.17022E+18,6,4,12,0,2017,2,18,7,3,5,3,0,1,0,0,0,2,0,4.7857E+20,5.55123E+21,8.70027E+15,5.01129E+16
28004,6.17022E+18,6,4,12,0,2017,2,16,7,3,5,3,0,1,0,0,0,0,1,4.73671E+20,5.55002E+21,8.63184E+15,5.01019E+16
28005,6.17022E+18,6,4,37,12,2017,2,5,7,2,4,6,0,1,0,0,1,2,0,4.94335E+20,5.49691E+21,8.92156E+15,4.96247E+16
28006,6.17022E+18,6,4,11,0,2017,2,18,7,3,0,1,0,0,0,1,0,2,1,4.74417E+20,5.5246E+21,8.64397E+15,4.98733E+16
28007,6.17022E+18,6,4,31,11,2017,2,12,7,1,5,3,1,1,0,0,0,0,0,4.71014E+20,5.49974E+21,8.59846E+15,4.96495E+16
28008,6.17022E+18,6,4,40,8,2017,2,16,7,2,5,2,0,1,0,0,0,0,0,4.89838E+20,5.58548E+21,8.85695E+15,5.04212E+16
28009,6.17022E+18,6,5,34,7,2017,2,18,7,3,8,1,0,1,0,0,0,1,0,4.6669E+20,5.633E+21,8.52683E+15,5.08478E+16
28010,6.17022E+18,6,4,31,2,2017,2,22,7,3,5,3,1,1,0,0,0,2,0,4.6904E+20,5.50491E+21,8.57071E+15,4.96959E+16
28011,6.17022E+18,6,4,33,2,2017,2,16,7,3,5,2,1,1,0,0,0,0,0,4.53186E+20,5.53619E+21,8.34711E+15,4.99762E+16
28012,6.17022E+18,6,6,31,7,2017,2,19,7,3,5,2,0,1,0,1,0,2,0,5.56325E+20,5.62353E+21,9.7986E+15,5.07608E+16
28013,6.17022E+18,6,4,38,1,2017,2,17,6,3,2,6,0,1,0,0,0,0,0,4.84628E+20,5.54165E+21,8.78539E+15,5.00269E+16
28014,6.17022E+18,6,6,33,5,2017,2,7,6,3,8,1,0,1,0,0,0,1,2,5.24878E+20,5.69346E+21,9.35757E+15,5.13918E+16
28015,6.17022E+18,6,5,32,23,2017,2,19,7,3,2,6,0,1,0,0,0,2,0,4.64055E+20,5.60252E+21,8.49237E+15,5.05735E+16
28016,6.17022E+18,6,5,31,8,2017,2,2,7,3,8,1,0,1,0,0,0,2,1,4.93487E+20,5.59648E+21,8.90813E+15,5.05203E+16
28017,6.17022E+18,6,4,35,14,2017,2,22,7,2,3,6,0,1,0,0,0,2,0,4.98022E+20,5.55317E+21,8.97232E+15,5.01308E+16
28018,6.17022E+18,6,4,32,3,2017,2,5,7,2,2,6,0,1,0,0,1,2,0,4.70742E+20,5.51125E+21,8.59382E+15,4.97531E+16
28019,6.17022E+18,6,4,33,6,2017,2,20,7,3,2,6,0,1,0,0,0,2,0,4.64223E+20,5.53047E+21,8.50156E+15,4.99255E+16
28020,6.17022E+18,6,6,32,10,2017,2,7,6,3,9,1,0,1,0,0,0,0,2,5.6526E+20,5.63319E+21,9.92698E+15,5.08468E+16
28021,6.17022E+18,6,5,35,15,2017,2,6,6,3,9,1,0,1,0,0,0,2,2,5.44853E+20,5.6135E+21,9.63474E+15,5.06716E+16
28022,6.17022E+18,6,5,33,7,2017,2,20,6,3,3,3,0,1,0,0,0,2,1,4.33152E+20,5.59067E+21,8.05813E+15,5.04642E+16
28023,6.17022E+18,6,5,33,8,2017,2,7,6,3,9,1,0,1,0,0,0,0,1,4.43035E+20,5.57439E+21,8.19983E+15,5.03189E+16
28024,6.17022E+18,6,4,14,0,2017,2,22,6,1,6,4,0,1,1,0,0,2,0,4.4422E+20,5.54752E+21,8.22043E+15,5.00774E+16
28025,6.17022E+18,6,4,14,0,2017,2,13,6,3,5,3,0,1,0,0,0,0,0,4.46429E+20,5.54607E+21,8.25149E+15,5.00645E+16
28026,6.17022E+18,6,4,14,0,2017,2,22,6,3,1,5,0,1,0,0,0,2,0,4.46276E+20,5.54649E+21,8.24929E+15,5.00682E+16
28027,6.17023E+18,6,6,32,14,2017,2,16,7,3,9,1,0,1,0,0,0,0,0,5.41212E+20,5.63936E+21,9.58612E+15,5.09044E+16
28028,6.17023E+18,6,4,31,15,2017,2,16,7,3,8,1,0,0,0,1,0,0,0,4.80932E+20,5.50396E+21,8.73564E+15,4.96879E+16
28029,6.17023E+18,6,4,12,0,2017,2,12,2,3,5,3,1,1,0,0,0,0,0,4.71778E+20,5.54891E+21,8.60545E+15,5.00918E+16
28030,6.17022E+18,6,4,12,0,2017,2,7,6,3,6,2,0,0,1,0,1,1,0,4.73794E+20,5.55004E+21,8.63356E+15,5.0102E+16
28031,6.17022E+18,6,6,33,28,2017,2,12,5,3,8,1,0,1,0,0,0,0,1,5.14084E+20,5.69097E+21,9.20233E+15,5.13698E+16
28032,6.17022E+18,6,4,37,1,2017,2,15,6,3,2,6,0,1,0,0,0,0,1,4.99463E+20,5.50874E+21,8.99255E+15,4.97311E+16
28033,6.17022E+18,6,6,33,3,2017,2,12,5,3,0,7,0,1,0,0,0,0,0,5.28756E+20,5.67868E+21,9.4121E+15,5.12587E+16
28034,6.17022E+18,6,4,39,7,2017,2,7,5,3,5,3,0,1,0,0,0,0,1,4.42957E+20,5.56196E+21,8.20062E+15,5.0207E+16
28035,6.17022E+18,6,4,35,19,2017,2,7,5,3,5,3,0,1,0,0,1,1,1,4.86049E+20,5.55412E+21,8.80477E+15,5.01391E+16
28036,6.17022E+18,6,4,34,11,2017,2,17,5,3,5,3,0,1,0,0,0,1,1,4.67209E+20,5.5755E+21,8.53928E+15,5.03307E+16
28037,6.17022E+18,6,4,11,0,2017,2,23,6,3,9,1,0,1,0,0,0,2,1,4.76485E+20,5.52219E+21,8.67289E+15,4.98517E+16
28038,6.17022E+18,6,6,34,24,2017,2,14,6,3,4,1,0,1,0,0,0,0,1,5.47736E+20,5.66255E+21,9.68195E+15,5.11124E+16
28039,6.17022E+18,6,6,33,6,2017,2,5,6,3,8,1,0,1,0,0,0,2,2,5.15865E+20,5.68008E+21,9.22742E+15,5.12718E+16
28040,6.17022E+18,6,4,39,5,2017,2,16,6,3,0,7,0,1,0,1,0,0,1,4.26162E+20,5.5604E+21,7.9656E+15,5.01912E+16
28041,6.17022E+18,6,4,35,25,2017,2,16,6,3,5,2,0,1,0,0,0,0,1,5.37029E+20,5.57632E+21,9.52034E+15,5.03378E+16
28042,6.17022E+18,6,4,35,18,2017,2,16,6,3,4,1,0,1,0,0,0,0,1,5.13762E+20,5.55757E+21,9.19271E+15,5.01702E+16
28043,6.17022E+18,6,5,32,10,2017,2,23,6,3,8,1,0,1,0,0,0,2,1,4.49992E+20,5.60246E+21,8.29381E+15,5.05719E+16
28044,6.17022E+18,6,4,32,15,2017,2,10,6,3,5,3,0,1,0,0,1,0,0,4.89372E+20,5.52905E+21,8.85197E+15,4.99137E+16
28045,6.17022E+18,6,5,34,7,2017,2,5,6,3,9,1,0,1,0,0,0,2,2,4.6725E+20,5.63396E+21,8.53471E+15,5.08564E+16
28046,6.17022E+18,6,5,35,1,2017,2,7,6,2,8,1,0,1,0,0,0,0,1,5.15099E+20,5.62776E+21,9.21426E+15,5.08014E+16
28047,6.17022E+18,6,4,33,5,2017,2,20,6,3,5,3,0,1,0,0,0,2,1,4.52791E+20,5.53815E+21,8.34136E+15,4.99938E+16
28048,6.17022E+18,6,4,33,2,2017,2,7,6,2,5,3,0,1,0,1,0,0,1,4.53833E+20,5.53748E+21,8.35598E+15,4.99879E+16
28049,6.17022E+18,6,4,33,14,2017,2,19,6,2,2,6,0,1,0,0,1,2,0,4.5693E+20,5.52703E+21,8.40034E+15,4.98941E+16
28050,6.17022E+18,6,4,34,8,2017,2,8,5,3,5,2,0,1,0,0,0,0,0,4.69657E+20,5.56112E+21,8.57483E+15,5.02015E+16
28051,6.17022E+18,6,4,33,11,2017,2,7,6,3,9,1,0,1,0,0,0,1,1,4.64729E+20,5.51704E+21,8.50983E+15,4.98047E+16
28052,6.17022E+18,6,4,31,11,2017,2,10,5,3,5,3,0,1,0,0,0,0,0,4.74117E+20,5.49826E+21,8.64154E+15,4.96363E+16
28053,6.17022E+18,6,5,34,18,2017,2,20,6,2,8,1,0,1,0,0,0,2,1,5.01343E+20,5.63243E+21,9.01908E+15,5.08435E+16
28054,6.17022E+18,6,4,32,5,2017,2,22,5,3,5,3,0,1,0,1,0,2,1,4.88684E+20,5.53282E+21,8.84227E+15,4.99476E+16
28055,6.17022E+18,6,4,31,21,2017,2,13,5,3,4,6,0,1,0,0,0,0,0,4.86103E+20,5.49E+21,8.80782E+15,4.95625E+16
28056,6.17022E+18,6,5,34,11,2017,2,16,6,3,5,3,0,1,0,0,0,0,0,4.94694E+20,5.63006E+21,8.92468E+15,5.08222E+16
28057,6.17022E+18,6,5,34,18,2017,2,7,6,2,9,1,0,1,0,0,0,0,2,5.00051E+20,5.63538E+21,9.00072E+15,5.08701E+16
28058,6.17022E+18,6,6,31,9,2017,2,12,6,3,3,6,0,1,0,0,0,0,1,5.48352E+20,5.60037E+21,9.68254E+15,5.05533E+16
28059,6.17022E+18,6,6,31,18,2017,2,6,6,3,8,1,0,1,0,0,0,2,2,5.38652E+20,5.58963E+21,9.54451E+15,5.04574E+16
28060,6.17022E+18,6,6,31,9,2017,2,7,6,2,9,1,0,1,0,0,0,1,2,5.4887E+20,5.59618E+21,9.68931E+15,5.05155E+16
28061,6.17022E+18,6,5,32,23,2017,2,8,6,2,4,6,0,1,0,0,0,0,1,4.66577E+20,5.5997E+21,8.52824E+15,5.05483E+16
28062,6.17022E+18,6,5,31,12,2017,2,16,6,2,2,6,0,1,0,0,1,0,1,4.7517E+20,5.59836E+21,8.64963E+15,5.05366E+16
28063,6.17022E+18,6,4,35,11,2017,2,18,6,3,5,3,0,1,0,0,1,2,1,4.99324E+20,5.54828E+21,8.99055E+15,5.00868E+16
28064,6.17022E+18,6,4,38,11,2017,2,19,6,3,5,3,0,1,0,0,1,2,1,4.92491E+20,5.54507E+21,8.8951E+15,5.00579E+16
28065,6.17022E+18,6,6,34,11,2017,2,19,6,3,8,1,0,1,0,0,0,2,0,5.34765E+20,5.65491E+21,9.49591E+15,5.10447E+16
28066,6.17022E+18,6,6,35,8,2017,2,14,6,3,2,6,0,1,0,0,0,0,1,5.04654E+20,5.7029E+21,9.06702E+15,5.14773E+16
28067,6.17022E+18,6,4,12,0,2017,2,19,6,3,2,6,0,1,0,0,0,1,0,4.68204E+20,5.55247E+21,8.55519E+15,5.01236E+16
28068,6.17022E+18,6,4,14,0,2017,2,16,6,3,9,1,0,1,0,0,1,0,1,4.54109E+20,5.54501E+21,8.35892E+15,5.00556E+16
28069,6.17022E+18,6,6,33,9,2017,2,22,6,3,8,1,0,1,0,0,0,2,2,5.35339E+20,5.69136E+21,9.5077E+15,5.13724E+16
28070,6.17023E+18,6,4,35,14,2017,2,17,2,2,1,5,0,1,0,0,1,1,0,4.94802E+20,5.55203E+21,8.92729E+15,5.01205E+16
28071,6.17023E+18,6,6,11,0,2017,2,16,2,3,2,6,0,1,0,0,0,0,0,5.33563E+20,5.68246E+21,9.48134E+15,5.12924E+16
28072,6.17023E+18,6,6,35,22,2017,2,13,2,3,2,6,0,1,0,0,1,0,0,4.73428E+20,5.68203E+21,8.61894E+15,5.1289E+16
28073,6.17022E+18,6,4,31,5,2017,2,16,5,3,3,6,0,1,0,0,0,0,0,4.62073E+20,5.50575E+21,8.47403E+15,4.97031E+16
28074,6.17022E+18,6,4,33,7,2017,2,19,5,3,5,2,0,1,0,1,0,2,0,4.6623E+20,5.54649E+21,8.5281E+15,5.00698E+16
28075,6.17022E+18,6,5,34,11,2017,2,7,5,3,2,6,0,1,0,0,0,0,1,4.91032E+20,5.63179E+21,8.87264E+15,5.08378E+16
28076,6.17023E+18,6,5,34,18,2017,2,6,7,2,8,1,0,1,0,0,0,1,2,5.0078E+20,5.63264E+21,9.01108E+15,5.08455E+16
28077,6.17023E+18,6,4,38,2,2017,2,15,7,3,5,3,0,1,0,0,0,0,0,4.77952E+20,5.54013E+21,8.69228E+15,5.00131E+16
28078,6.17023E+18,6,5,35,16,2017,2,12,7,2,3,7,0,1,0,1,0,0,0,5.1122E+20,5.59811E+21,9.15831E+15,5.05348E+16
28079,6.17022E+18,6,5,33,9,2017,2,13,6,2,2,6,0,1,0,0,1,0,1,4.3404E+20,5.58322E+21,8.07195E+15,5.03974E+16
28080,6.17022E+18,6,4,33,5,2017,2,13,6,3,3,6,0,1,0,0,1,0,0,4.52273E+20,5.53674E+21,8.33431E+15,4.99811E+16
28081,6.17022E+18,6,4,31,6,2017,2,14,6,3,2,6,0,1,0,0,1,0,1,4.67432E+20,5.50553E+21,8.54836E+15,4.97014E+16
28082,6.17022E+18,6,5,34,14,2017,2,17,5,3,8,1,0,1,0,0,0,0,1,4.7741E+20,5.62594E+21,8.67954E+15,5.07848E+16
28083,6.17022E+18,6,5,31,12,2017,2,15,6,3,2,6,0,1,0,0,0,0,1,4.73626E+20,5.59714E+21,8.62793E+15,5.05256E+16
28084,6.17022E+18,6,4,35,12,2017,2,0,5,3,9,1,0,1,0,0,0,2,1,5.0627E+20,5.55963E+21,9.08783E+15,5.01888E+16
28085,6.17022E+18,6,5,31,5,2017,2,7,6,3,8,6,0,1,0,0,1,0,1,4.79013E+20,5.60226E+21,8.70364E+15,5.05719E+16
28086,6.17022E+18,6,5,33,14,2017,2,22,5,3,3,6,0,1,0,0,1,2,1,4.44365E+20,5.57499E+21,8.21843E+15,5.03244E+16
28087,6.17022E+18,6,4,36,6,2017,2,14,5,3,2,6,0,0,0,0,1,0,0,4.5621E+20,5.54498E+21,8.38828E+15,5.00555E+16
28088,6.17022E+18,6,4,35,23,2017,2,11,5,2,3,3,1,1,0,0,0,0,0,5.01227E+20,5.55465E+21,9.01717E+15,5.01441E+16
28089,6.17022E+18,6,6,32,2,2017,2,22,5,3,2,6,0,1,0,0,0,2,1,5.51036E+20,5.63731E+21,9.72554E+15,5.08852E+16
28090,6.17022E+18,6,6,32,2,2017,2,8,5,3,5,3,0,1,0,0,0,0,0,5.50277E+20,5.63567E+21,9.71453E+15,5.08705E+16
28091,6.17022E+18,6,6,11,0,2017,2,15,5,3,5,3,0,1,0,0,0,0,0,5.36115E+20,5.68143E+21,9.51785E+15,5.12831E+16
28092,6.17022E+18,6,6,33,20,2017,2,8,5,3,0,6,1,0,0,0,1,0,0,5.38257E+20,5.68583E+21,9.54902E+15,5.13225E+16
28093,6.17022E+18,6,4,14,0,2017,2,13,5,3,5,3,0,1,0,0,1,0,0,4.46541E+20,5.54225E+21,8.25359E+15,5.00302E+16
28094,6.17022E+18,6,4,14,0,2017,2,15,5,3,2,6,0,1,0,0,1,0,1,4.48993E+20,5.545E+21,8.28746E+15,5.00551E+16
28095,6.17022E+18,6,4,12,0,2017,2,14,5,3,2,6,0,1,0,0,0,0,0,4.76221E+20,5.54983E+21,8.66751E+15,5.01003E+16
28096,6.17022E+18,6,4,12,0,2017,2,9,5,3,0,1,0,0,0,1,0,0,2,4.79351E+20,5.55037E+21,8.71125E+15,5.01052E+16
28097,6.17022E+18,6,4,12,0,2017,2,7,5,3,0,3,0,0,0,1,1,0,1,4.81675E+20,5.55245E+21,8.74364E+15,5.0124E+16
28098,6.17022E+18,6,4,12,0,2017,2,15,5,2,6,7,0,0,1,0,1,0,0,4.76072E+20,5.55057E+21,8.66538E+15,5.01069E+16
28099,6.17023E+18,6,6,34,14,2017,2,13,1,3,5,3,0,1,0,0,0,0,0,5.37566E+20,5.66326E+21,9.53674E+15,5.11196E+16
28100,6.17022E+18,6,4,12,0,2017,2,17,5,3,2,2,0,1,0,0,0,1,1,4.745E+20,5.54941E+21,8.64347E+15,5.00964E+16
28101,6.17023E+18,6,4,38,10,2017,2,16,7,2,2,6,0,1,0,0,0,0,0,4.85357E+20,5.54618E+21,8.79539E+15,5.00677E+16
28102,6.17023E+18,6,4,11,0,2017,2,16,7,3,2,6,0,1,0,0,0,0,0,4.73378E+20,5.5182E+21,8.62995E+15,4.98157E+16
28103,6.17023E+18,6,4,35,10,2017,2,11,2,3,5,3,0,1,0,0,1,0,0,5.13474E+20,5.55859E+21,9.18871E+15,5.01794E+16
28104,6.17023E+18,6,6,11,0,2017,2,15,2,3,2,6,0,1,0,0,1,0,0,5.35705E+20,5.68445E+21,9.51226E+15,5.13103E+16
28105,6.17022E+18,6,4,14,0,2017,2,13,5,3,9,6,0,1,0,0,0,0,0,4.53943E+20,5.54883E+21,8.35614E+15,5.009E+16
28106,6.17022E+18,6,4,32,23,2017,2,19,5,3,5,3,0,1,0,0,0,2,1,4.72527E+20,5.53098E+21,8.61721E+15,4.99306E+16
28107,6.17022E+18,6,4,14,0,2017,2,13,5,3,3,6,0,1,0,0,0,0,0,4.53973E+20,5.54876E+21,8.35657E+15,5.00893E+16
28108,6.17022E+18,6,6,34,4,2017,2,15,4,3,2,6,0,1,0,0,0,0,1,5.23247E+20,5.64786E+21,9.33116E+15,5.09819E+16
28109,6.17022E+18,6,6,32,19,2017,2,16,4,3,8,1,0,1,0,0,0,0,1,5.58067E+20,5.63328E+21,9.82484E+15,5.08483E+16
28110,6.17022E+18,6,6,32,1,2017,2,17,5,3,8,1,0,1,0,0,0,1,1,5.43596E+20,5.65706E+21,9.62214E+15,5.10634E+16
28111,6.17022E+18,6,6,33,6,2017,2,17,5,3,8,1,0,1,0,0,0,1,0,5.16406E+20,5.67948E+21,9.23516E+15,5.12664E+16
28112,6.17022E+18,6,6,33,14,2017,2,15,5,3,5,3,0,1,0,0,0,0,0,5.32306E+20,5.69791E+21,9.46472E+15,5.14314E+16
28113,6.17022E+18,6,4,39,12,2017,2,13,5,3,5,3,0,1,0,0,0,0,0,4.29003E+20,5.5388E+21,8.0094E+15,4.99973E+16
28114,6.17022E+18,6,4,38,13,2017,2,18,5,3,5,2,0,1,0,0,0,2,1,4.956E+20,5.54171E+21,8.93857E+15,5.00277E+16
28115,6.17022E+18,6,4,34,2,2017,2,14,5,3,5,3,0,1,0,0,1,0,0,4.76006E+20,5.56741E+21,8.6634E+15,5.02584E+16
28116,6.17022E+18,6,5,33,12,2017,2,20,5,3,3,6,0,1,0,0,0,2,1,4.44639E+20,5.59432E+21,8.21942E+15,5.04982E+16
28117,6.17022E+18,6,4,36,7,2017,2,7,5,3,5,3,0,1,0,0,0,0,0,4.61121E+20,5.54923E+21,8.45644E+15,5.00941E+16
28118,6.17022E+18,6,4,11,0,2017,2,15,6,3,5,2,0,1,0,1,0,0,0,4.75895E+20,5.52509E+21,8.6645E+15,4.98777E+16
28119,6.17022E+18,6,4,35,10,2017,2,18,5,3,3,6,0,1,0,0,0,2,1,5.13039E+20,5.55985E+21,9.18266E+15,5.01907E+16
28120,6.17022E+18,6,4,40,12,2017,2,5,5,3,8,1,0,1,0,0,0,2,0,4.8628E+20,5.56498E+21,8.80761E+15,5.02368E+16
28121,6.17022E+18,6,4,40,16,2017,2,22,5,3,9,7,0,1,0,0,0,2,1,4.96978E+20,5.58505E+21,8.95746E+15,5.04174E+16
28122,6.17022E+18,6,4,38,1,2017,2,14,5,3,7,7,0,1,0,0,0,0,0,4.87039E+20,5.53978E+21,8.81911E+15,5.00102E+16
28123,6.17022E+18,6,4,31,21,2017,2,21,5,3,8,1,0,1,0,0,0,2,1,4.89183E+20,5.49279E+21,8.85034E+15,4.95876E+16
28124,6.17022E+18,6,5,34,6,2017,2,7,5,2,9,7,0,1,0,0,0,0,0,4.87329E+20,5.63321E+21,8.81999E+15,5.08504E+16
28125,6.17022E+18,6,5,34,21,2017,2,4,5,3,8,1,0,1,0,0,0,2,0,4.79519E+20,5.64073E+21,8.70864E+15,5.09178E+16
28126,6.17022E+18,6,5,34,8,2017,2,9,5,3,2,6,0,1,0,0,0,0,0,4.87991E+20,5.62181E+21,8.82978E+15,5.07479E+16
28127,6.17022E+18,6,5,34,14,2017,2,17,5,3,5,3,1,0,0,0,1,2,1,4.84495E+20,5.6283E+21,8.77994E+15,5.08063E+16
28128,6.17022E+18,6,6,31,9,2017,2,19,5,2,0,7,1,0,0,0,0,2,1,5.49529E+20,5.59829E+21,9.69888E+15,5.05345E+16
28129,6.17022E+18,6,5,31,5,2017,2,8,5,3,2,6,0,1,0,0,0,0,1,4.79802E+20,5.60396E+21,8.71468E+15,5.05872E+16
28130,6.17022E+18,6,4,38,10,2017,2,16,5,3,2,6,0,1,0,0,0,1,1,4.88482E+20,5.54578E+21,8.83907E+15,5.00642E+16
28131,6.17022E+18,6,6,31,6,2017,2,13,5,2,2,7,0,1,0,0,1,0,0,5.5142E+20,5.59395E+21,9.72496E+15,5.04952E+16
28132,6.17022E+18,6,6,32,2,2017,2,2,5,3,8,1,0,0,0,0,1,2,0,5.44296E+20,5.63292E+21,9.62919E+15,5.08463E+16
28133,6.17022E+18,6,4,14,0,2017,2,8,5,3,8,1,0,1,0,0,0,0,0,4.52406E+20,5.54506E+21,8.33513E+15,5.00559E+16
28134,6.17022E+18,6,4,32,8,2017,2,23,5,3,9,1,0,1,0,0,0,2,1,4.71188E+20,5.52444E+21,8.59905E+15,4.98716E+16
28135,6.17022E+18,6,4,35,21,2017,2,21,4,2,9,1,0,1,0,0,0,2,1,4.94547E+20,5.56345E+21,8.92355E+15,5.02232E+16
28136,6.17022E+18,6,6,34,9,2017,2,9,6,3,5,3,0,1,0,0,0,0,1,5.31389E+20,5.65711E+21,9.44795E+15,5.10647E+16
28137,6.17023E+18,6,4,40,23,2017,2,12,2,3,9,6,0,1,0,0,1,0,0,4.76221E+20,5.56933E+21,8.66628E+15,5.02756E+16
28138,6.17023E+18,6,5,34,4,2017,2,15,2,3,5,3,1,1,0,0,0,0,0,4.6257E+20,5.64038E+21,8.46757E+15,5.09138E+16
28139,6.17023E+18,6,4,12,0,2017,2,9,2,3,5,3,1,1,0,0,0,0,0,4.8012E+20,5.55144E+21,8.72194E+15,5.01149E+16
28140,6.17022E+18,6,5,35,7,2017,2,15,4,3,9,1,0,1,0,0,0,0,1,5.23563E+20,5.59285E+21,9.33216E+15,5.04872E+16
28141,6.17022E+18,6,5,33,6,2017,2,14,4,3,5,3,0,1,0,0,0,0,0,4.31526E+20,5.58436E+21,8.03638E+15,5.04072E+16
28142,6.17022E+18,6,5,33,9,2017,2,0,4,3,9,7,0,1,0,0,0,2,1,4.31835E+20,5.5832E+21,8.04094E+15,5.03969E+16
28143,6.17022E+18,6,6,35,15,2017,2,20,4,3,5,3,0,1,0,0,0,2,0,4.91815E+20,5.68041E+21,8.88266E+15,5.1275E+16
28144,6.17022E+18,6,6,11,0,2017,2,18,4,3,2,6,0,1,0,0,0,2,0,5.35707E+20,5.68444E+21,9.5123E+15,5.13101E+16
28145,6.17022E+18,6,6,11,0,2017,2,18,4,3,2,6,0,1,0,0,1,2,0,5.35714E+20,5.68441E+21,9.51238E+15,5.13099E+16
28146,6.17022E+18,6,6,11,0,2017,2,11,4,2,0,7,0,1,0,0,1,0,0,5.34792E+20,5.68647E+21,9.49937E+15,5.13285E+16
28147,6.17022E+18,6,4,14,0,2017,2,8,4,3,5,2,0,1,0,0,0,0,0,4.43937E+20,5.54945E+21,8.21618E+15,5.00947E+16
28148,6.17022E+18,6,4,14,0,2017,2,9,4,3,5,3,1,1,0,0,0,0,0,4.46576E+20,5.54567E+21,8.25361E+15,5.00609E+16
28149,6.17022E+18,6,4,36,3,2017,2,17,4,3,2,6,0,1,0,0,0,2,0,4.68877E+20,5.55355E+21,8.56452E+15,5.01333E+16
28150,6.17022E+18,6,4,12,0,2017,2,14,4,3,5,3,1,1,0,0,0,0,0,4.63478E+20,5.54959E+21,8.48935E+15,5.00975E+16
28151,6.17022E+18,6,4,31,18,2017,2,13,6,3,2,7,0,1,0,1,0,0,0,4.8844E+20,5.47251E+21,8.84066E+15,4.94052E+16