OBJECTID,UIDENTSTLA,ULAND,UREGBEZ,UKREIS,UGEMEINDE,UJAHR,UMONAT,USTUNDE,UWOCHENTAG,UKATEGORIE,UART,UTYP1,IstRad,IstPKW,IstFuss,IstKrad,IstSonstig,LICHT,STRZUSTAND,LINREFX,LINREFY,XGCSWGS84,YGCSWGS84
28152,6.17022E+18,6,4,12,0,2017,2,9,4,2,5,2,0,1,0,0,1,0,0,4.76457E+20,5.54952E+21,8.67083E+15,5.00975E+16
28153,6.17022E+18,6,4,12,0,2017,2,8,4,3,2,6,0,1,0,0,0,0,0,4.7974E+20,5.55243E+21,8.71658E+15,5.01237E+16
28154,6.17022E+18,6,4,39,8,2017,2,15,6,3,9,1,0,1,0,0,0,0,0,4.46761E+20,5.56362E+21,8.25368E+15,5.02224E+16
28155,6.17022E+18,6,4,12,0,2017,2,12,4,3,2,6,0,1,0,0,0,0,0,4.78681E+20,5.55234E+21,8.70176E+15,5.01229E+16
28156,6.17022E+18,6,4,11,0,2017,2,7,4,3,2,6,0,1,0,0,0,1,0,4.76726E+20,5.52684E+21,8.67597E+15,4.98935E+16
28157,6.17022E+18,6,6,33,26,2017,2,16,4,3,2,6,0,1,0,0,0,0,1,5.33421E+20,5.68971E+21,9.47999E+15,5.13577E+16
28158,6.17022E+18,6,6,35,2,2017,2,15,4,3,2,2,0,1,0,0,0,0,0,5.01065E+20,5.69965E+21,9.01533E+15,5.14481E+16
28159,6.17022E+18,6,6,33,26,2017,2,19,4,3,8,1,0,1,0,0,0,2,1,5.32223E+20,5.69034E+21,9.46285E+15,5.13634E+16
28160,6.17022E+18,6,6,11,0,2017,2,18,4,3,2,6,0,1,0,0,0,1,0,5.32775E+20,5.6845E+21,9.47023E+15,5.13109E+16
28161,6.17022E+18,6,4,14,0,2017,2,7,4,3,2,6,0,1,0,0,0,0,1,4.49653E+20,5.54293E+21,8.29695E+15,5.00366E+16
28162,6.17022E+18,6,6,34,14,2017,2,23,4,3,9,1,0,1,0,0,0,2,0,5.42425E+20,5.6662E+21,9.60651E+15,5.11457E+16
28163,6.17022E+18,6,4,38,4,2017,2,16,4,2,6,4,0,1,1,0,0,0,0,4.95822E+20,5.54772E+21,8.9416E+15,5.00817E+16
28164,6.17022E+18,6,4,38,7,2017,2,14,4,3,5,2,0,1,0,0,0,0,0,5.02032E+20,5.53952E+21,9.02836E+15,5.0008E+16
28165,6.17022E+18,6,4,36,9,2017,2,17,4,3,5,3,1,1,0,0,0,1,0,4.62633E+20,5.54866E+21,8.47763E+15,5.00891E+16
28166,6.17022E+18,6,4,40,15,2017,2,13,4,3,5,3,0,1,0,0,0,0,0,4.8039E+20,5.59012E+21,8.72371E+15,5.04628E+16
28167,6.17022E+18,6,5,32,4,2017,2,15,4,3,1,5,0,1,0,1,0,0,0,4.45884E+20,5.61665E+21,8.23373E+15,5.06991E+16
28168,6.17022E+18,6,4,32,18,2017,2,15,4,3,2,6,0,1,0,0,0,0,0,4.68892E+20,5.51807E+21,8.56759E+15,4.98143E+16
28169,6.17022E+18,6,4,40,2,2017,2,10,4,3,2,6,0,1,0,0,1,0,0,4.80819E+20,5.58176E+21,8.73019E+15,5.03876E+16
28170,6.17022E+18,6,4,33,12,2017,2,17,4,3,3,2,0,1,0,0,0,0,0,4.58927E+20,5.53754E+21,8.42702E+15,4.99888E+16
28171,6.17022E+18,6,4,33,5,2017,2,10,4,3,6,7,0,1,1,0,0,0,0,4.51516E+20,5.53843E+21,8.32353E+15,4.99962E+16
28172,6.17022E+18,6,6,31,7,2017,2,13,4,3,5,3,0,1,0,0,1,0,0,5.56225E+20,5.62362E+21,9.7972E+15,5.07616E+16
28173,6.17022E+18,6,6,31,4,2017,2,11,4,3,8,1,0,1,0,0,0,0,0,5.58641E+20,5.59324E+21,9.82665E+15,5.04882E+16
28174,6.17023E+18,6,5,32,20,2017,2,18,1,3,3,6,0,1,0,0,1,2,0,4.52221E+20,5.61077E+21,8.3242E+15,5.06468E+16
28175,6.17023E+18,6,4,12,0,2017,2,14,1,3,6,7,0,0,1,0,1,0,0,4.77325E+20,5.55059E+21,8.6829E+15,5.01071E+16
28176,6.17023E+18,6,4,14,0,2017,2,11,2,3,2,6,0,1,0,0,1,0,0,4.5347E+20,5.55014E+21,8.34938E+15,5.01016E+16
28177,6.17023E+18,6,5,33,17,2017,2,19,2,3,0,6,0,1,0,0,0,2,1,4.54021E+20,5.59284E+21,8.35188E+15,5.04857E+16
28178,6.17023E+18,6,5,33,9,2017,2,19,2,3,4,6,0,1,0,0,0,2,0,4.33988E+20,5.58131E+21,8.07155E+15,5.03801E+16
28179,6.17022E+18,6,4,14,0,2017,2,13,4,2,3,6,0,0,0,1,1,0,0,4.45842E+20,5.5452E+21,8.24342E+15,5.00566E+16
28180,6.17022E+18,6,5,32,16,2017,2,15,4,3,5,2,0,1,0,0,0,0,0,4.5508E+20,5.60201E+21,8.3657E+15,5.05683E+16
28181,6.17022E+18,6,5,32,15,2017,2,9,4,3,3,6,0,1,0,0,0,0,0,4.68146E+20,5.60218E+21,8.55018E+15,5.05707E+16
28182,6.17022E+18,6,4,38,11,2017,2,13,4,3,3,3,0,1,0,0,1,0,0,4.92529E+20,5.5404E+21,8.89573E+15,5.00158E+16
28183,6.17022E+18,6,4,38,13,2017,2,11,4,2,9,1,0,1,0,0,1,0,0,4.95701E+20,5.54205E+21,8.93998E+15,5.00308E+16
28184,6.17022E+18,6,4,35,29,2017,2,8,4,3,3,7,0,1,0,0,1,0,1,5.19973E+20,5.56411E+21,9.28002E+15,5.02288E+16
28185,6.17023E+18,6,5,32,23,2017,2,18,2,3,5,3,1,0,0,0,1,2,0,4.65116E+20,5.6021E+21,8.5074E+15,5.05698E+16
28186,6.17023E+18,6,4,34,12,2017,2,12,2,3,5,3,0,1,0,0,0,0,0,4.67711E+20,5.57035E+21,8.54678E+15,5.02844E+16
28187,6.17023E+18,6,5,33,16,2017,2,22,2,2,5,2,1,1,0,0,0,2,1,4.35657E+20,5.59738E+21,8.09227E+15,5.05248E+16
28188,6.17022E+18,6,4,38,10,2017,2,15,4,3,3,6,0,1,0,0,0,0,0,4.92207E+20,5.54589E+21,8.89112E+15,5.00652E+16
28189,6.17022E+18,6,4,14,0,2017,2,19,4,3,5,3,0,1,0,0,0,2,0,4.44868E+20,5.54787E+21,8.22943E+15,5.00806E+16
28190,6.17022E+18,6,4,37,2,2017,2,21,4,3,9,1,0,0,0,0,1,2,1,4.93372E+20,5.4955E+21,8.90825E+15,4.96121E+16
28191,6.17022E+18,6,6,11,0,2017,2,7,4,3,5,3,0,1,0,0,0,1,1,5.32817E+20,5.68193E+21,9.47059E+15,5.12877E+16
28192,6.17022E+18,6,4,12,0,2017,2,9,4,3,9,1,0,1,0,0,0,0,0,4.71956E+20,5.55699E+21,8.60736E+15,5.01645E+16
28193,6.17022E+18,6,4,12,0,2017,2,16,4,3,2,6,0,1,0,0,0,0,0,4.711E+20,5.55461E+21,8.59555E+15,5.0143E+16
28194,6.17022E+18,6,4,14,0,2017,2,11,4,3,8,1,0,1,0,0,0,0,0,4.43651E+20,5.54542E+21,8.21279E+15,5.00584E+16
28195,6.17022E+18,6,4,36,7,2017,2,4,4,2,8,7,0,1,0,0,1,2,0,4.58589E+20,5.54497E+21,8.42151E+15,5.00556E+16
28196,6.17022E+18,6,4,31,20,2017,2,15,4,3,2,6,0,1,0,0,1,0,0,4.68188E+20,5.49179E+21,8.55995E+15,4.95778E+16
28197,6.17022E+18,6,4,33,8,2017,2,8,4,3,3,6,0,1,0,0,0,0,0,4.71277E+20,5.53785E+21,8.59928E+15,4.99923E+16
28198,6.17022E+18,6,4,31,20,2017,2,7,4,3,2,6,0,1,0,0,1,1,0,4.66559E+20,5.48935E+21,8.53763E+15,4.95558E+16
28199,6.17022E+18,6,5,32,8,2017,2,15,4,2,5,2,0,1,0,0,0,0,0,4.56643E+20,5.60741E+21,8.38715E+15,5.06169E+16
28200,6.17021E+18,6,4,12,0,2017,2,5,3,3,5,3,0,1,0,1,0,1,0,4.65668E+20,5.54308E+21,8.52057E+15,5.0039E+16
28201,6.17022E+18,6,4,12,0,2017,2,12,6,2,6,4,0,0,1,0,1,0,0,4.77445E+20,5.55389E+21,8.68438E+15,5.01368E+16
28202,6.17021E+18,6,5,33,9,2017,2,13,3,3,2,2,0,1,0,0,0,0,0,4.34445E+20,5.58327E+21,8.07765E+15,5.03978E+16
28203,6.17021E+18,6,5,33,9,2017,2,14,3,3,5,3,0,1,0,0,0,0,0,4.37867E+20,5.58027E+21,8.12627E+15,5.03712E+16
28204,6.17021E+18,6,5,33,9,2017,2,11,3,3,5,3,0,1,0,0,0,0,0,4.36718E+20,5.58246E+21,8.10976E+15,5.03908E+16
28205,6.17021E+18,6,6,11,0,2017,2,7,3,3,5,3,0,1,0,0,0,1,0,5.36724E+20,5.68399E+21,9.52684E+15,5.1306E+16
28206,6.17021E+18,6,4,14,0,2017,2,16,3,3,3,6,0,1,0,1,0,0,0,4.4925E+20,5.5418E+21,8.29147E+15,5.00264E+16
28207,6.17023E+18,6,4,36,8,2017,2,14,7,3,3,2,1,1,0,0,0,0,0,4.60549E+20,5.55415E+21,8.44794E+15,5.01383E+16
28208,6.17023E+18,6,4,14,0,2017,2,14,7,3,2,6,0,1,0,0,0,0,0,4.45558E+20,5.54756E+21,8.23911E+15,5.00778E+16
28209,6.17023E+18,6,4,32,10,2017,2,2,1,2,5,2,0,1,0,0,0,2,0,4.9285E+20,5.5253E+21,8.90049E+15,4.98801E+16
28210,6.17023E+18,6,4,40,23,2017,2,12,2,3,2,6,0,1,0,0,0,0,0,4.76221E+20,5.56933E+21,8.66629E+15,5.02756E+16
28211,6.17023E+18,6,4,40,8,2017,2,8,2,3,4,6,0,1,0,0,0,0,0,4.85216E+20,5.57149E+21,8.79244E+15,5.02953E+16
28212,6.17023E+18,6,4,13,0,2017,2,15,1,3,5,3,1,0,0,1,0,0,0,4.83046E+20,5.54495E+21,8.76315E+15,5.00566E+16
28213,6.17023E+18,6,5,31,4,2017,2,13,2,3,9,1,0,1,0,0,0,0,0,4.84785E+20,5.59971E+21,8.78525E+15,5.05492E+16
28214,6.17023E+18,6,4,32,19,2017,2,11,2,3,6,7,1,0,1,0,0,0,0,4.87868E+20,5.51936E+21,8.83132E+15,4.98265E+16
28215,6.17023E+18,6,4,12,0,2017,2,21,2,3,2,6,0,1,0,0,0,2,1,4.77435E+20,5.55337E+21,8.68427E+15,5.01322E+16
28216,6.17022E+18,6,6,32,13,2017,2,15,4,3,8,1,0,1,0,0,0,0,1,5.65669E+20,5.65383E+21,9.93652E+15,5.10323E+16
28217,6.17022E+18,6,6,35,13,2017,2,7,4,2,9,1,0,1,0,0,0,1,1,4.90741E+20,5.65473E+21,8.86792E+15,5.1044E+16
28218,6.17022E+18,6,4,39,7,2017,2,7,4,2,6,4,0,0,1,0,1,2,1,4.42089E+20,5.56644E+21,8.18777E+15,5.02473E+16
28219,6.17021E+18,6,4,14,0,2017,2,17,3,3,2,6,0,1,0,0,0,0,0,4.45797E+20,5.54549E+21,8.24275E+15,5.00592E+16
28220,6.17021E+18,6,4,14,0,2017,2,5,3,3,5,2,1,1,0,0,0,2,0,4.44524E+20,5.54535E+21,8.22499E+15,5.00578E+16
28221,6.17021E+18,6,4,14,0,2017,2,11,3,2,5,3,1,1,0,0,0,0,0,4.45628E+20,5.54661E+21,8.24024E+15,5.00693E+16
28222,6.17021E+18,6,4,12,0,2017,2,16,3,3,5,2,0,1,0,0,0,0,0,4.71212E+20,5.54984E+21,8.59747E+15,5.01001E+16
28223,6.17021E+18,6,6,11,0,2017,2,18,3,3,5,2,1,1,0,0,0,2,0,5.30705E+20,5.68481E+21,9.44056E+15,5.13138E+16
28224,6.17021E+18,6,6,32,18,2017,2,18,3,2,5,2,0,1,0,1,0,2,0,5.5095E+20,5.64959E+21,9.72603E+15,5.09956E+16
28225,6.17021E+18,6,6,35,11,2017,2,15,3,3,2,6,0,1,0,0,0,0,0,4.87465E+20,5.65845E+21,8.82106E+15,5.10774E+16
28226,6.17021E+18,6,4,35,19,2017,2,17,3,3,2,6,0,1,0,0,0,1,0,4.86195E+20,5.55458E+21,8.8068E+15,5.01432E+16
28227,6.17021E+18,6,4,35,19,2017,2,13,3,3,5,2,0,1,0,0,0,0,0,4.87748E+20,5.55504E+21,8.82852E+15,5.01475E+16
28228,6.17022E+18,6,4,32,4,2017,2,19,6,3,5,3,1,1,0,0,0,2,0,4.88767E+20,5.5277E+21,8.84358E+15,4.99016E+16
28229,6.17021E+18,6,4,34,5,2017,2,15,3,2,2,6,0,1,0,0,0,0,0,4.6255E+20,5.55878E+21,8.47548E+15,5.018E+16
28230,6.17022E+18,6,6,11,0,2017,2,13,6,3,5,3,1,1,0,0,0,0,0,5.31382E+20,5.68476E+21,9.45026E+15,5.13133E+16
28231,6.17021E+18,6,4,34,5,2017,2,7,3,3,2,6,0,1,0,0,0,0,0,4.60353E+20,5.56085E+21,8.4445E+15,5.01985E+16
28232,6.17021E+18,6,5,33,16,2017,2,17,3,3,8,1,0,1,0,0,0,0,0,4.37998E+20,5.59819E+21,8.12515E+15,5.05323E+16
28233,6.17021E+18,6,5,33,18,2017,2,7,3,2,2,6,0,1,0,0,0,0,1,4.56416E+20,5.58828E+21,8.38617E+15,5.04449E+16
28234,6.17021E+18,6,4,36,7,2017,2,16,3,3,5,7,0,1,0,0,1,0,0,4.54946E+20,5.5454E+21,8.37057E+15,5.00592E+16
28235,6.17021E+18,6,4,36,7,2017,2,9,3,3,8,7,0,1,0,0,0,0,0,4.57657E+20,5.5533E+21,8.40757E+15,5.01304E+16
28236,6.17021E+18,6,4,31,7,2017,2,16,3,3,5,3,0,1,0,0,0,0,0,4.83195E+20,5.49894E+21,8.76723E+15,4.96427E+16
28237,6.17021E+18,6,4,38,1,2017,2,14,3,3,6,4,0,1,1,0,0,0,0,4.84481E+20,5.54121E+21,8.78335E+15,5.0023E+16
28238,6.17021E+18,6,4,38,1,2017,2,10,3,3,2,6,0,1,0,0,1,0,0,4.84801E+20,5.54047E+21,8.78785E+15,5.00164E+16
28239,6.17021E+18,6,4,38,12,2017,2,7,3,3,5,2,0,1,0,0,0,0,0,4.87535E+20,5.53504E+21,8.82619E+15,4.99675E+16
28240,6.17021E+18,6,4,32,18,2017,2,10,3,3,5,3,0,1,0,0,0,0,0,4.71052E+20,5.51666E+21,8.59772E+15,4.98017E+16
28241,6.17021E+18,6,4,32,18,2017,2,16,3,3,2,6,0,1,0,0,0,0,0,4.69737E+20,5.51963E+21,8.57922E+15,4.98284E+16
28242,6.17021E+18,6,4,32,19,2017,2,12,3,3,2,6,0,1,0,0,1,0,0,4.85285E+20,5.52244E+21,8.7953E+15,4.98542E+16
28243,6.17021E+18,6,4,31,2,2017,2,16,3,3,2,6,0,1,0,0,1,0,0,4.72559E+20,5.50567E+21,8.61944E+15,4.9703E+16
28244,6.17021E+18,6,4,31,2,2017,2,7,3,3,2,6,0,1,0,0,0,0,0,4.73112E+20,5.50341E+21,8.62726E+15,4.96826E+16
28245,6.17021E+18,6,5,34,20,2017,2,22,3,3,8,1,0,1,0,0,0,2,2,4.82124E+20,5.62362E+21,8.74654E+15,5.07641E+16
28246,6.17023E+18,6,6,35,9,2017,2,4,7,2,8,1,0,1,0,0,0,2,0,5.1241E+20,5.66577E+21,9.17741E+15,5.11432E+16
28247,6.17023E+18,6,6,34,13,2017,2,13,1,3,2,6,0,1,0,0,0,0,0,5.33855E+20,5.66019E+21,9.48344E+15,5.10923E+16
28248,6.17023E+18,6,4,14,0,2017,2,14,1,2,6,4,0,1,1,0,0,0,0,4.43828E+20,5.54596E+21,8.21518E+15,5.00633E+16
28249,6.17023E+18,6,5,32,3,2017,2,8,2,3,4,1,0,1,0,0,0,0,0,4.60233E+20,5.59416E+21,8.4393E+15,5.0498E+16
28250,6.17023E+18,6,6,11,0,2017,2,19,2,3,2,6,0,1,0,0,0,2,0,5.3075E+20,5.68481E+21,9.4412E+15,5.13138E+16
28251,6.17023E+18,6,6,32,2,2017,2,19,2,2,0,7,1,0,0,0,0,2,1,5.50516E+20,5.63596E+21,9.71795E+15,5.08731E+16
28252,6.17022E+18,6,4,39,4,2017,2,17,4,3,5,3,0,1,0,0,0,1,1,4.26372E+20,5.53735E+21,7.97297E+15,4.99839E+16
28253,6.17021E+18,6,5,34,6,2017,2,20,3,2,8,1,0,1,0,0,0,2,0,4.87146E+20,5.63458E+21,8.81735E+15,5.08627E+16
28254,6.17021E+18,6,6,31,9,2017,2,0,3,2,6,4,0,1,1,0,0,2,0,5.47835E+20,5.5995E+21,9.67514E+15,5.05455E+16
28255,6.17021E+18,6,5,32,16,2017,2,20,3,2,9,1,0,1,0,0,0,2,0,4.55023E+20,5.60157E+21,8.36496E+15,5.05643E+16
28256,6.17021E+18,6,5,32,23,2017,2,12,3,3,2,6,0,1,0,0,0,0,0,4.64651E+20,5.60127E+21,8.50091E+15,5.05623E+16
28257,6.17021E+18,6,5,32,16,2017,2,16,3,3,4,6,0,1,0,0,0,0,1,4.55377E+20,5.59867E+21,8.3703E+15,5.05383E+16
28258,6.17021E+18,6,4,38,7,2017,2,11,3,3,3,6,0,0,0,0,1,0,0,5.02218E+20,5.53987E+21,9.03096E+15,5.00112E+16
28259,6.17021E+18,6,4,35,28,2017,2,7,3,3,9,1,0,1,0,0,0,1,1,5.33782E+20,5.57522E+21,9.47461E+15,5.03281E+16
28260,6.17021E+18,6,6,31,18,2017,2,19,3,2,2,7,0,1,0,0,0,2,0,5.45247E+20,5.59044E+21,9.63751E+15,5.04642E+16
28261,6.17021E+18,6,6,33,17,2017,2,12,3,3,3,6,0,1,0,0,1,0,0,5.36062E+20,5.67874E+21,9.51681E+15,5.12589E+16
28262,6.17022E+18,6,4,38,11,2017,2,7,4,3,2,6,0,1,0,0,1,0,1,4.92183E+20,5.54041E+21,8.89089E+15,5.0016E+16
28263,6.17021E+18,6,6,34,3,2017,2,17,3,3,3,6,0,1,0,0,0,0,0,5.33962E+20,5.66124E+21,9.48506E+15,5.11017E+16
28264,6.17022E+18,6,5,32,1,2017,2,14,6,3,2,6,0,1,0,0,1,0,0,4.58904E+20,5.60536E+21,8.41933E+15,5.05987E+16
28265,6.17021E+18,6,4,12,0,2017,2,18,3,3,2,6,0,1,0,0,0,2,0,4.71122E+20,5.55147E+21,8.59609E+15,5.01148E+16
28266,6.17022E+18,6,4,31,11,2017,2,15,6,3,6,4,0,1,1,0,1,0,0,4.73934E+20,5.49889E+21,8.63896E+15,4.9642E+16
28267,6.17021E+18,6,4,14,0,2017,2,22,3,3,2,6,0,1,0,0,0,2,0,4.48647E+20,5.54453E+21,8.28269E+15,5.00508E+16
28268,6.17021E+18,6,4,32,23,2017,2,8,3,3,2,6,0,1,0,0,0,0,0,4.71631E+20,5.52681E+21,8.60502E+15,4.9893E+16
28269,6.17021E+18,6,4,33,2,2017,2,7,3,3,2,6,0,1,0,0,0,0,0,4.54969E+20,5.5359E+21,8.37201E+15,4.99738E+16
28270,6.17021E+18,6,5,31,18,2017,2,18,3,3,3,6,0,1,0,0,0,1,0,4.76675E+20,5.60753E+21,8.67029E+15,5.06192E+16
28271,6.17022E+18,6,4,34,13,2017,2,23,4,3,8,7,0,1,0,0,0,2,1,4.58151E+20,5.57791E+21,8.41175E+15,5.03518E+16
28272,6.17021E+18,6,4,14,0,2017,2,18,2,2,5,2,0,1,0,0,0,2,0,4.47568E+20,5.54157E+21,8.26802E+15,5.00241E+16
28273,6.17021E+18,6,4,36,11,2017,2,17,2,3,5,3,1,1,0,0,0,1,0,4.66595E+20,5.55485E+21,8.53248E+15,5.01449E+16
28274,6.17021E+18,6,4,36,1,2017,2,15,2,3,2,6,0,1,0,0,0,0,0,4.62424E+20,5.55793E+21,8.4738E+15,5.01724E+16
28275,6.17021E+18,6,4,12,0,2017,2,16,2,3,5,3,0,1,0,1,0,0,0,4.75171E+20,5.55051E+21,8.65279E+15,5.01063E+16
28276,6.17021E+18,6,6,11,0,2017,2,7,2,3,6,4,0,1,1,0,0,0,0,5.31038E+20,5.68038E+21,9.44496E+15,5.12739E+16
28277,6.17021E+18,6,4,35,25,2017,2,15,2,2,0,1,1,0,0,0,0,0,0,5.37389E+20,5.57686E+21,9.52545E+15,5.03427E+16
28278,6.17021E+18,6,5,33,18,2017,2,19,2,3,5,3,0,1,0,0,0,2,1,4.53479E+20,5.58948E+21,8.34465E+15,5.04555E+16
28279,6.17021E+18,6,4,36,5,2017,2,15,2,2,9,7,0,1,0,0,0,0,0,4.61754E+20,5.5475E+21,8.46547E+15,5.00786E+16
28280,6.17022E+18,6,4,38,13,2017,2,22,6,3,5,3,1,1,0,0,0,2,0,4.97545E+20,5.54353E+21,8.96571E+15,5.00441E+16
28281,6.17021E+18,6,4,35,29,2017,2,18,2,3,1,5,0,1,0,0,1,2,0,5.16144E+20,5.57229E+21,9.22669E+15,5.03025E+16
28282,6.17021E+18,6,4,35,18,2017,2,7,2,2,4,6,0,1,0,0,0,0,0,5.14519E+20,5.55701E+21,9.20328E+15,5.01651E+16
28283,6.17021E+18,6,4,35,29,2017,2,13,2,3,5,2,0,1,0,0,0,0,0,5.21491E+20,5.56696E+21,9.30147E+15,5.02544E+16
28284,6.17021E+18,6,4,35,9,2017,2,10,2,3,5,3,0,1,0,0,0,0,0,5.08589E+20,5.55453E+21,9.1202E+15,5.01429E+16
28285,6.17021E+18,6,4,40,10,2017,2,10,2,3,5,3,0,1,0,0,0,0,0,5.01316E+20,5.57442E+21,9.01849E+15,5.03219E+16
28286,6.17021E+18,6,5,32,6,2017,2,5,2,3,8,1,0,1,0,0,0,2,2,4.5568E+20,5.62417E+21,8.37152E+15,5.07676E+16
28287,6.17021E+18,6,4,38,1,2017,2,17,2,3,5,3,1,1,0,0,0,1,0,4.84003E+20,5.53988E+21,8.77673E+15,5.0011E+16
28288,6.17023E+18,6,6,31,21,2017,2,17,7,2,9,1,0,1,0,0,0,1,0,5.62398E+20,5.59401E+21,9.87974E+15,5.04947E+16
28289,6.17023E+18,6,4,34,8,2017,2,16,7,2,8,1,0,1,0,0,0,0,0,4.64676E+20,5.56437E+21,8.50474E+15,5.02305E+16
28290,6.17023E+18,6,5,33,9,2017,2,2,7,2,6,7,0,1,1,0,0,2,0,4.33623E+20,5.58191E+21,8.06632E+15,5.03855E+16
28291,6.17023E+18,6,6,33,29,2017,2,15,1,3,9,1,0,1,0,0,0,0,0,5.2206E+20,5.68965E+21,9.31683E+15,5.13577E+16
28292,6.17023E+18,6,4,14,0,2017,2,8,2,3,3,6,0,1,0,0,0,0,0,4.51665E+20,5.54157E+21,8.32522E+15,5.00245E+16
28293,6.17023E+18,6,4,32,4,2017,2,16,2,3,2,6,0,1,0,0,0,0,0,4.89283E+20,5.52896E+21,8.85073E+15,4.9913E+16
28294,6.17021E+18,6,4,32,2,2017,2,17,2,3,2,6,0,1,0,0,1,1,0,4.95401E+20,5.53247E+21,8.9359E+15,4.99446E+16
28295,6.17021E+18,6,4,32,16,2017,2,22,2,3,5,3,0,1,0,0,0,2,0,4.81901E+20,5.51868E+21,8.74839E+15,4.98203E+16
28296,6.17021E+18,6,4,40,8,2017,2,15,2,3,5,3,0,1,0,0,0,0,0,4.82824E+20,5.57728E+21,8.7586E+15,5.03473E+16
28297,6.17021E+18,6,5,35,13,2017,2,7,2,2,9,1,0,1,0,0,0,1,2,5.04701E+20,5.61179E+21,9.06651E+15,5.06579E+16
28298,6.17021E+18,6,5,35,1,2017,2,8,2,3,5,3,0,1,0,0,0,0,0,5.19623E+20,5.62231E+21,9.27817E+15,5.07523E+16
28299,6.17021E+18,6,4,33,12,2017,2,17,2,3,2,6,0,1,0,0,0,0,0,4.58765E+20,5.53861E+21,8.42465E+15,4.99984E+16
28300,6.17021E+18,6,4,35,14,2017,2,14,2,2,3,2,1,0,0,0,1,0,0,4.93742E+20,5.55387E+21,8.91243E+15,5.01371E+16
28301,6.17021E+18,6,5,32,23,2017,2,19,2,2,0,7,1,0,0,0,0,2,0,4.6335E+20,5.60124E+21,8.48255E+15,5.0562E+16
28302,6.17021E+18,6,5,31,5,2017,2,17,2,2,2,6,0,1,0,0,0,1,0,4.75721E+20,5.60137E+21,8.6572E+15,5.05637E+16
28303,6.17022E+18,6,4,31,7,2017,2,18,4,3,6,4,0,1,1,0,0,1,0,4.88567E+20,5.5007E+21,8.84159E+15,4.96587E+16
28304,6.17021E+18,6,6,32,15,2017,2,13,2,2,2,6,0,0,0,0,1,0,0,5.37727E+20,5.62835E+21,9.53542E+15,5.08057E+16
28305,6.17022E+18,6,4,40,3,2017,2,7,4,3,0,1,0,0,0,1,0,0,1,4.83258E+20,5.55989E+21,8.76547E+15,5.01909E+16
28306,6.17021E+18,6,4,12,0,2017,2,16,2,2,2,6,0,1,0,0,0,0,0,4.67143E+20,5.55186E+21,8.54041E+15,5.01181E+16
28307,6.17022E+18,6,5,31,4,2017,2,5,6,3,5,2,0,1,0,0,0,2,1,4.84428E+20,5.59928E+21,8.78023E+15,5.05453E+16
28308,6.17023E+18,6,4,36,6,2017,2,6,2,2,8,1,0,1,0,0,1,2,0,4.57707E+20,5.54362E+21,8.40933E+15,5.00434E+16
28309,6.17023E+18,6,5,32,2,2017,2,12,2,3,2,2,1,1,0,0,0,0,0,4.60786E+20,5.61694E+21,8.44469E+15,5.0703E+16
28310,6.17023E+18,6,4,14,0,2017,2,14,2,2,5,2,0,1,0,0,1,0,0,4.45017E+20,5.5472E+21,8.23161E+15,5.00745E+16
28311,6.17022E+18,6,4,40,16,2017,2,12,4,3,8,7,0,1,0,0,0,0,1,5.04021E+20,5.58558E+21,9.0566E+15,5.04222E+16
28312,6.17022E+18,6,4,40,20,2017,2,19,4,3,9,1,0,1,0,0,0,2,1,5.01591E+20,5.57949E+21,9.02237E+15,5.03674E+16
28313,6.17021E+18,6,4,12,0,2017,2,18,2,3,2,6,0,1,0,0,0,2,0,4.71528E+20,5.55347E+21,8.60162E+15,5.01328E+16
28314,6.17021E+18,6,4,12,0,2017,2,17,2,3,2,6,0,1,0,0,1,0,0,4.70399E+20,5.54501E+21,8.58647E+15,5.00566E+16
28315,6.17021E+18,6,4,34,8,2017,2,7,2,3,2,6,0,1,0,0,0,0,0,4.72283E+20,5.56199E+21,8.61156E+15,5.02094E+16
28316,6.17021E+18,6,4,12,0,2017,2,20,2,3,2,7,0,1,0,0,1,2,0,4.71526E+20,5.5442E+21,8.60228E+15,5.00494E+16
28317,6.17021E+18,6,4,12,0,2017,2,17,2,3,2,6,0,1,0,0,0,0,0,4.68904E+20,5.55295E+21,8.56495E+15,5.0128E+16
28318,6.17021E+18,6,4,33,7,2017,2,7,2,3,3,6,0,0,0,0,1,0,0,4.67847E+20,5.54414E+21,8.55089E+15,5.00487E+16
28319,6.17021E+18,6,4,32,1,2017,2,6,2,3,2,6,0,1,0,0,0,0,0,4.70633E+20,5.51044E+21,8.59238E+15,4.97457E+16
28320,6.17021E+18,6,5,32,1,2017,2,16,2,3,8,1,0,1,0,0,0,0,0,4.63208E+20,5.60527E+21,8.48014E+15,5.05981E+16
28321,6.17022E+18,6,5,31,12,2017,2,17,6,3,2,6,0,1,0,0,0,0,0,4.77526E+20,5.59755E+21,8.68292E+15,5.05295E+16
28322,6.17021E+18,6,5,31,12,2017,2,13,2,3,0,6,0,1,0,0,1,0,0,4.74545E+20,5.5969E+21,8.6409E+15,5.05235E+16
28323,6.17022E+18,6,5,32,7,2017,2,7,6,3,4,1,0,1,0,0,0,1,2,4.44921E+20,5.61029E+21,8.22104E+15,5.06419E+16
28324,6.17021E+18,6,5,31,16,2017,2,0,2,2,2,6,0,1,0,0,1,2,0,4.91237E+20,5.6071E+21,8.87613E+15,5.06157E+16
28325,6.17022E+18,6,6,33,13,2017,2,22,6,3,8,1,0,1,0,0,0,2,2,5.28601E+20,5.70903E+21,9.41233E+15,5.15316E+16