OBJECTID,UIDENTSTLA,ULAND,UREGBEZ,UKREIS,UGEMEINDE,UJAHR,UMONAT,USTUNDE,UWOCHENTAG,UKATEGORIE,UART,UTYP1,IstRad,IstPKW,IstFuss,IstKrad,IstSonstig,LICHT,STRZUSTAND,LINREFX,LINREFY,XGCSWGS84,YGCSWGS84
28677,6.17032E+18,6,4,36,2,2017,3,16,5,3,2,6,0,1,0,0,0,0,0,4.52168E+20,5.55445E+21,8.33063E+15,5.01404E+16
28678,6.17032E+18,6,4,14,0,2017,3,19,5,3,2,6,0,1,0,0,0,2,0,4.44711E+20,5.54466E+21,8.22769E+15,5.00517E+16
28679,6.17032E+18,6,4,14,0,2017,3,17,5,3,2,6,0,1,0,0,1,0,0,4.54942E+20,5.54701E+21,8.37032E+15,5.00736E+16
28680,6.17032E+18,6,4,31,2,2017,3,10,5,3,2,6,0,1,0,0,0,0,0,4.7094E+20,5.50677E+21,8.59691E+15,4.97127E+16
28681,6.17032E+18,6,4,33,12,2017,3,6,5,2,3,6,0,0,0,1,1,0,0,4.59788E+20,5.53604E+21,8.43919E+15,4.99754E+16
28682,6.17032E+18,6,4,40,8,2017,3,14,5,2,3,6,0,1,0,0,0,0,0,4.78122E+20,5.57442E+21,8.69268E+15,5.03215E+16
28683,6.17032E+18,6,4,40,5,2017,3,8,5,2,2,6,0,1,0,0,0,0,0,4.79087E+20,5.58887E+21,8.70543E+15,5.04515E+16
28684,6.17032E+18,6,5,31,12,2017,3,8,5,3,2,6,0,1,0,0,0,0,0,4.74518E+20,5.5976E+21,8.64048E+15,5.05298E+16
28685,6.17032E+18,6,5,31,13,2017,3,15,4,3,2,6,0,1,0,0,0,0,0,4.8021E+20,5.61348E+21,8.71994E+15,5.06728E+16
28686,6.17032E+18,6,6,35,21,2017,3,13,4,2,4,1,0,1,0,1,1,0,0,5.00155E+20,5.68148E+21,9.00222E+15,5.12847E+16
28687,6.17032E+18,6,6,32,15,2017,3,15,4,3,9,6,0,1,0,1,0,0,0,5.43412E+20,5.62839E+21,9.6161E+15,5.08056E+16
28688,6.17032E+18,6,5,35,11,2017,3,15,4,2,8,1,0,0,0,1,0,0,0,5.23359E+20,5.61175E+21,9.33046E+15,5.06571E+16
28689,6.17032E+18,6,6,33,8,2017,3,9,4,3,0,3,1,1,0,0,0,0,0,5.35047E+20,5.67986E+21,9.50237E+15,5.1269E+16
28690,6.17032E+18,6,6,33,15,2017,3,17,4,3,8,1,0,1,0,0,0,0,0,5.45108E+20,5.68359E+21,9.64705E+15,5.13018E+16
28691,6.17032E+18,6,6,11,0,2017,3,15,4,3,3,2,1,1,0,0,0,0,0,5.35932E+20,5.68443E+21,9.51551E+15,5.131E+16
28692,6.17032E+18,6,4,14,0,2017,3,9,4,3,2,6,0,1,0,0,0,0,0,4.48578E+20,5.54029E+21,8.2823E+15,5.00127E+16
28693,6.17032E+18,6,4,14,0,2017,3,17,4,2,5,3,1,1,0,0,0,0,0,4.49748E+20,5.54503E+21,8.29801E+15,5.00555E+16
28694,6.17032E+18,6,4,14,0,2017,3,14,4,2,6,4,0,1,1,0,0,0,0,4.4343E+20,5.54742E+21,8.20939E+15,5.00763E+16
28695,6.17032E+18,6,4,14,0,2017,3,20,4,3,5,3,0,1,0,1,0,1,0,4.46509E+20,5.54795E+21,8.25235E+15,5.00814E+16
28696,6.17032E+18,6,4,13,0,2017,3,14,4,3,6,4,0,1,1,0,0,0,0,4.84738E+20,5.55202E+21,8.78651E+15,5.01203E+16
28697,6.17032E+18,6,4,12,0,2017,3,19,4,3,6,2,0,1,1,0,0,2,0,4.72937E+20,5.5522E+21,8.62143E+15,5.01214E+16
28698,6.17032E+18,6,4,12,0,2017,3,15,4,3,5,3,0,1,0,0,0,0,0,4.79038E+20,5.55286E+21,8.70673E+15,5.01276E+16
28699,6.17032E+18,6,4,12,0,2017,3,10,4,3,3,2,0,1,0,0,0,0,0,4.78853E+20,5.55124E+21,8.70423E+15,5.0113E+16
28700,6.17032E+18,6,4,12,0,2017,3,13,4,3,5,2,0,1,0,1,0,0,0,4.73745E+20,5.55003E+21,8.63287E+15,5.0102E+16
28701,6.17032E+18,6,6,11,0,2017,3,17,4,3,5,3,0,1,0,1,0,0,0,5.31701E+20,5.681E+21,9.45451E+15,5.12795E+16
28702,6.17032E+18,6,4,39,11,2017,3,11,4,2,0,1,0,0,0,1,0,0,0,4.51738E+20,5.5559E+21,8.32442E+15,5.01533E+16
28703,6.17032E+18,6,4,39,1,2017,3,14,4,3,2,6,0,1,0,0,0,0,0,4.32815E+20,5.56506E+21,8.05796E+15,5.02339E+16
28704,6.17032E+18,6,4,38,9,2017,3,17,4,3,2,6,0,1,0,0,0,1,0,4.76253E+20,5.54405E+21,8.66832E+15,5.00483E+16
28705,6.17032E+18,6,4,34,4,2017,3,15,4,2,8,7,0,0,0,0,1,0,0,4.61692E+20,5.58335E+21,8.46097E+15,5.04009E+16
28706,6.17032E+18,6,4,34,6,2017,3,15,4,2,2,6,0,1,0,0,0,0,0,4.6592E+20,5.56042E+21,8.52253E+15,5.0195E+16
28707,6.17032E+18,6,4,36,2,2017,3,6,4,3,4,6,0,1,0,0,0,2,0,4.53784E+20,5.55489E+21,8.35318E+15,5.01445E+16
28708,6.17032E+18,6,4,40,4,2017,3,14,4,3,2,6,0,1,0,0,0,0,0,5.13158E+20,5.57349E+21,9.18481E+15,5.03134E+16
28709,6.17032E+18,6,4,37,3,2017,3,11,4,2,8,1,0,1,0,0,0,0,0,4.93567E+20,5.51112E+21,8.9107E+15,4.97525E+16
28710,6.17032E+18,6,5,32,13,2017,3,16,4,3,2,6,0,1,0,1,1,0,0,4.65542E+20,5.61219E+21,8.51249E+15,5.06606E+16
28711,6.17032E+18,6,5,32,6,2017,3,7,4,3,2,6,0,1,0,0,0,1,0,4.48959E+20,5.6223E+21,8.27648E+15,5.07502E+16
28712,6.17032E+18,6,4,32,22,2017,3,18,4,3,5,2,1,1,0,0,0,1,0,4.73511E+20,5.51115E+21,8.63227E+15,4.97522E+16
28713,6.17032E+18,6,4,32,9,2017,3,17,4,3,5,3,0,1,0,0,0,0,0,4.87922E+20,5.51618E+21,8.83217E+15,4.9798E+16
28714,6.17032E+18,6,4,40,24,2017,3,16,4,3,5,3,0,1,0,0,0,0,0,4.89837E+20,5.58548E+21,8.85694E+15,5.04212E+16
28715,6.17032E+18,6,4,40,25,2017,3,16,4,3,5,3,0,1,0,1,0,0,0,4.83642E+20,5.5701E+21,8.77039E+15,5.02828E+16
28716,6.17032E+18,6,4,33,14,2017,3,20,4,3,5,3,0,1,0,0,0,2,0,4.56935E+20,5.52704E+21,8.40041E+15,4.98942E+16
28717,6.17032E+18,6,5,34,11,2017,3,15,4,3,2,6,0,1,0,0,0,0,0,4.9766E+20,5.63037E+21,8.96678E+15,5.0825E+16
28718,6.17032E+18,6,5,34,12,2017,3,23,4,3,7,7,0,0,0,0,1,2,0,4.77109E+20,5.63272E+21,8.67485E+15,5.08457E+16
28719,6.17032E+18,6,6,31,9,2017,3,18,4,3,2,2,0,1,0,0,0,0,0,5.48393E+20,5.59686E+21,9.68266E+15,5.05217E+16
28720,6.17032E+18,6,6,31,9,2017,3,15,4,2,5,2,1,1,0,0,0,0,0,5.49519E+20,5.60096E+21,9.69909E+15,5.05584E+16
28721,6.17032E+18,6,6,31,20,2017,3,7,4,3,5,2,0,1,0,0,0,0,0,5.50901E+20,5.60043E+21,9.71853E+15,5.05536E+16
28722,6.17032E+18,6,4,35,14,2017,3,7,4,2,5,2,0,1,0,0,0,0,0,4.91467E+20,5.55521E+21,8.88057E+15,5.01491E+16
28723,6.17032E+18,6,5,32,14,2017,3,16,4,3,1,5,0,1,0,0,0,0,0,4.69714E+20,5.59676E+21,8.57277E+15,5.0522E+16
28724,6.17032E+18,6,5,31,10,2017,3,17,4,3,5,3,0,1,0,0,0,0,0,4.96848E+20,5.59934E+21,8.95552E+15,5.0546E+16
28725,6.17032E+18,6,5,31,5,2017,3,18,4,2,9,7,0,0,0,1,0,0,0,4.77387E+20,5.60084E+21,8.68076E+15,5.0559E+16
28726,6.17032E+18,6,5,31,14,2017,3,16,4,3,5,2,0,1,0,0,0,0,0,4.82721E+20,5.59764E+21,8.75621E+15,5.05305E+16
28727,6.17032E+18,6,4,35,11,2017,3,13,4,3,2,6,0,1,0,0,0,0,0,4.99752E+20,5.54918E+21,8.99653E+15,5.00949E+16
28728,6.17032E+18,6,4,38,13,2017,3,23,4,3,2,1,0,1,0,0,1,2,0,4.97769E+20,5.54007E+21,8.96886E+15,5.0013E+16
28729,6.17032E+18,6,6,32,8,2017,3,13,4,3,3,6,0,1,0,0,1,0,0,5.449E+20,5.62152E+21,9.63638E+15,5.07438E+16
28730,6.17032E+18,6,4,33,7,2017,3,16,4,3,2,6,0,1,0,0,0,0,0,4.67938E+20,5.54417E+21,8.55217E+15,5.0049E+16
28731,6.17032E+18,6,4,12,0,2017,3,6,4,3,2,6,0,1,0,0,0,0,0,4.75906E+20,5.54548E+21,8.66339E+15,5.00612E+16
28732,6.17032E+18,6,4,12,0,2017,3,7,4,3,2,6,0,1,0,0,0,0,0,4.70696E+20,5.55347E+21,8.58998E+15,5.01327E+16
28733,6.17031E+18,6,4,12,0,2017,3,15,3,3,2,6,0,1,0,0,0,0,0,4.70432E+20,5.54492E+21,8.58694E+15,5.00558E+16
28734,6.17031E+18,6,6,32,2,2017,3,5,3,3,2,6,0,1,0,0,0,2,0,5.49648E+20,5.63601E+21,9.70563E+15,5.08736E+16
28735,6.17031E+18,6,5,35,16,2017,3,7,3,2,7,7,0,1,0,0,0,0,0,5.11252E+20,5.59843E+21,9.15878E+15,5.05377E+16
28736,6.17031E+18,6,6,33,20,2017,3,17,3,3,8,1,0,1,0,0,0,0,0,5.41584E+20,5.6861E+21,9.5968E+15,5.13247E+16
28737,6.17031E+18,6,4,12,0,2017,3,19,3,3,2,6,0,1,0,1,0,2,0,4.74637E+20,5.54803E+21,8.64548E+15,5.0084E+16
28738,6.17031E+18,6,4,12,0,2017,3,9,3,3,6,4,0,0,1,1,0,0,0,4.76298E+20,5.54977E+21,8.66859E+15,5.00997E+16
28739,6.17031E+18,6,4,12,0,2017,3,18,3,3,0,4,0,0,1,1,0,1,0,4.76299E+20,5.55045E+21,8.66856E+15,5.01058E+16
28740,6.17031E+18,6,4,11,0,2017,3,11,3,2,0,1,1,0,0,0,0,0,0,4.75359E+20,5.52446E+21,8.65709E+15,4.9872E+16
28741,6.17031E+18,6,6,36,16,2017,3,14,3,3,5,3,0,1,0,0,1,0,0,5.59126E+20,5.68895E+21,9.849E+15,5.13487E+16
28742,6.17031E+18,6,6,33,13,2017,3,19,3,3,5,3,0,1,0,0,0,2,0,5.2706E+20,5.70343E+21,9.38968E+15,5.14813E+16
28743,6.17031E+18,6,6,11,0,2017,3,8,3,3,5,3,0,1,0,0,0,0,0,5.32389E+20,5.681E+21,9.46438E+15,5.12794E+16
28744,6.17031E+18,6,6,34,18,2017,3,16,3,2,4,6,0,1,0,1,0,0,0,5.22872E+20,5.67486E+21,9.32754E+15,5.12246E+16
28745,6.17031E+18,6,4,39,11,2017,3,14,3,3,5,2,0,1,0,0,0,0,0,4.51177E+20,5.55684E+21,8.31646E+15,5.01618E+16
28746,6.17031E+18,6,4,39,2,2017,3,7,3,3,6,1,0,1,1,0,0,0,0,4.33773E+20,5.55494E+21,8.07315E+15,5.0143E+16
28747,6.17031E+18,6,4,38,4,2017,3,14,3,3,5,3,0,1,0,1,0,0,0,4.95467E+20,5.54746E+21,8.93664E+15,5.00794E+16
28748,6.17031E+18,6,4,34,12,2017,3,20,3,2,2,6,1,1,0,0,0,2,0,4.69367E+20,5.56968E+21,8.57008E+15,5.02784E+16
28749,6.17031E+18,6,4,34,8,2017,3,10,3,3,2,6,0,0,1,0,1,0,0,4.67036E+20,5.56231E+21,8.538E+15,5.0212E+16
28750,6.17031E+18,6,4,36,4,2017,3,14,3,2,0,6,0,1,0,0,0,0,0,4.57505E+20,5.53945E+21,8.40697E+15,5.00058E+16
28751,6.17031E+18,6,4,31,11,2017,3,16,3,3,2,6,0,1,0,0,0,0,0,4.73854E+20,5.49984E+21,8.63779E+15,4.96505E+16
28752,6.17031E+18,6,4,35,10,2017,3,14,3,3,2,6,0,1,0,0,0,0,0,5.1274E+20,5.56018E+21,9.17849E+15,5.01936E+16
28753,6.17031E+18,6,4,35,12,2017,3,11,3,3,1,3,1,1,0,0,0,0,0,5.10173E+20,5.56169E+21,9.14257E+15,5.02073E+16
28754,6.17031E+18,6,4,40,12,2017,3,16,3,2,4,6,0,1,0,0,0,0,0,4.83938E+20,5.56606E+21,8.77472E+15,5.02465E+16
28755,6.17031E+18,6,4,40,12,2017,3,6,3,2,5,3,0,1,0,0,1,1,0,4.82518E+20,5.56479E+21,8.75487E+15,5.02351E+16
28756,6.17031E+18,6,4,32,10,2017,3,19,3,3,5,3,1,1,0,0,0,2,0,4.95066E+20,5.52439E+21,8.93134E+15,4.98719E+16
28757,6.17031E+18,6,4,32,10,2017,3,18,3,3,2,6,0,1,0,0,0,1,0,4.92027E+20,5.52575E+21,8.88902E+15,4.98841E+16
28758,6.17031E+18,6,4,32,16,2017,3,17,3,3,5,3,0,1,0,1,0,0,0,4.83003E+20,5.51639E+21,8.76381E+15,4.97997E+16
28759,6.17031E+18,6,4,11,0,2017,3,15,3,3,3,2,1,1,0,0,0,0,0,4.71512E+20,5.52384E+21,8.6036E+15,4.98663E+16
28760,6.17031E+18,6,4,31,13,2017,3,6,3,3,5,2,0,1,0,0,0,0,0,4.63336E+20,5.49391E+21,8.49264E+15,4.95966E+16
28761,6.17031E+18,6,6,31,19,2017,3,14,3,3,9,1,0,0,0,1,0,0,0,5.60033E+20,5.61586E+21,9.84993E+15,5.06914E+16
28762,6.17031E+18,6,4,35,14,2017,3,15,3,3,2,6,0,1,0,0,0,0,0,4.95803E+20,5.55284E+21,8.94129E+15,5.01278E+16
28763,6.17031E+18,6,4,12,0,2017,3,17,3,3,2,2,0,1,0,1,0,0,0,4.81756E+20,5.55403E+21,8.7447E+15,5.01382E+16
28764,6.17031E+18,6,5,32,1,2017,3,21,3,3,2,6,0,1,0,0,1,2,0,4.62775E+20,5.60384E+21,8.47417E+15,5.05853E+16
28765,6.17031E+18,6,5,31,14,2017,3,12,3,3,5,3,0,1,0,0,1,0,0,4.79365E+20,5.59795E+21,8.70884E+15,5.05332E+16
28766,6.17031E+18,6,4,35,14,2017,3,17,3,3,1,7,0,1,0,0,0,0,0,4.98327E+20,5.55086E+21,8.97661E+15,5.011E+16
28767,6.17031E+18,6,6,32,14,2017,3,10,3,2,2,6,0,0,0,0,1,0,0,5.40805E+20,5.63835E+21,9.58022E+15,5.08954E+16
28768,6.17031E+18,6,4,12,0,2017,3,15,3,3,2,6,0,1,0,0,0,0,0,4.79875E+20,5.54583E+21,8.71882E+15,5.00644E+16
28769,6.17031E+18,6,4,12,0,2017,3,16,3,3,2,6,0,1,0,0,1,0,0,4.72319E+20,5.54453E+21,8.61334E+15,5.00524E+16
28770,6.17031E+18,6,4,12,0,2017,3,17,3,2,2,6,0,0,0,0,1,0,0,4.70836E+20,5.54464E+21,8.59262E+15,5.00533E+16
28771,6.17031E+18,6,4,36,4,2017,3,9,3,3,2,6,0,1,0,0,0,0,0,4.5996E+20,5.54492E+21,8.44066E+15,5.00552E+16
28772,6.17031E+18,6,5,33,2,2017,3,11,3,3,2,6,0,1,0,0,1,0,0,4.40888E+20,5.57759E+21,8.16918E+15,5.03475E+16
28773,6.17031E+18,6,5,33,9,2017,3,11,3,3,2,1,0,1,0,0,1,0,0,4.35792E+20,5.58083E+21,8.097E+15,5.0376E+16
28774,6.17031E+18,6,5,31,18,2017,3,6,3,2,3,6,0,1,0,1,0,0,0,4.76271E+20,5.60699E+21,8.6646E+15,5.06143E+16
28775,6.17031E+18,6,5,31,12,2017,3,16,3,3,2,6,0,1,0,0,0,0,0,4.75674E+20,5.59645E+21,8.65685E+15,5.05195E+16
28776,6.17031E+18,6,5,31,5,2017,3,13,2,3,2,6,0,1,0,0,0,0,0,4.78016E+20,5.60368E+21,8.68947E+15,5.05846E+16
28777,6.17031E+18,6,5,33,6,2017,3,9,2,3,2,6,0,1,0,0,0,0,0,4.31473E+20,5.58468E+21,8.03557E+15,5.04102E+16
28778,6.17031E+18,6,5,33,13,2017,3,16,2,2,6,1,0,1,1,0,0,0,0,4.36827E+20,5.58251E+21,8.11128E+15,5.03913E+16
28779,6.17031E+18,6,6,11,0,2017,3,15,2,2,2,6,0,1,0,0,1,0,0,5.3321E+20,5.68615E+21,9.47663E+15,5.13257E+16
28780,6.17031E+18,6,4,12,0,2017,3,1,2,3,8,1,0,1,0,0,0,2,0,4.74166E+20,5.55574E+21,8.63837E+15,5.01533E+16
28781,6.17031E+18,6,4,12,0,2017,3,18,2,3,2,2,0,1,0,0,0,1,0,4.80845E+20,5.55187E+21,8.73206E+15,5.01188E+16
28782,6.17031E+18,6,4,37,6,2017,3,15,2,2,3,6,0,0,0,0,1,0,0,4.99807E+20,5.49844E+21,8.99732E+15,4.96385E+16
28783,6.17031E+18,6,4,11,0,2017,3,8,2,3,5,3,1,0,0,0,1,0,0,4.74468E+20,5.52445E+21,8.64468E+15,4.98719E+16
28784,6.17031E+18,6,4,11,0,2017,3,15,2,3,2,6,1,1,0,0,0,0,0,4.75208E+20,5.52474E+21,8.65497E+15,4.98745E+16
28785,6.17032E+18,6,4,12,0,2017,3,14,5,2,6,4,0,1,1,0,0,0,0,4.7634E+20,5.55453E+21,8.66889E+15,5.01426E+16
28786,6.17031E+18,6,6,35,2,2017,3,22,2,2,8,7,0,1,0,0,0,2,0,5.05115E+20,5.69436E+21,9.07353E+15,5.14004E+16
28787,6.17031E+18,6,6,32,1,2017,3,17,2,3,5,3,0,1,0,0,0,0,0,5.46291E+20,5.65574E+21,9.66043E+15,5.10514E+16
28788,6.17031E+18,6,4,35,27,2017,3,13,2,3,6,4,0,1,1,0,0,0,0,5.42368E+20,5.56532E+21,9.59412E+15,5.02385E+16
28789,6.17031E+18,6,4,35,4,2017,3,9,2,2,5,3,0,1,0,1,0,0,0,5.22018E+20,5.57791E+21,9.30949E+15,5.03529E+16
28790,6.17031E+18,6,4,38,3,2017,3,12,2,3,5,3,0,1,0,0,0,0,0,4.74962E+20,5.53481E+21,8.65089E+15,4.99651E+16
28791,6.17031E+18,6,4,34,2,2017,3,17,2,3,4,6,0,1,0,0,0,0,0,4.71027E+20,5.56989E+21,8.59335E+15,5.02805E+16
28792,6.17031E+18,6,5,33,13,2017,3,19,2,2,4,6,0,1,0,1,0,2,0,4.37607E+20,5.58705E+21,8.12151E+15,5.04321E+16
28793,6.17031E+18,6,4,31,7,2017,3,14,2,2,1,5,0,1,0,0,1,0,0,4.87448E+20,5.50128E+21,8.82607E+15,4.96639E+16
28794,6.17031E+18,6,4,31,11,2017,3,7,2,3,2,6,0,1,0,0,0,0,0,4.72791E+20,5.49911E+21,8.62311E+15,4.96439E+16
28795,6.17031E+18,6,4,40,12,2017,3,15,2,3,1,6,0,1,0,0,0,0,0,4.81849E+20,5.56477E+21,8.74549E+15,5.02348E+16
28796,6.17031E+18,6,5,32,12,2017,3,20,2,3,2,6,0,1,0,0,0,2,0,4.49556E+20,5.61417E+21,8.28606E+15,5.06772E+16
28797,6.17031E+18,6,5,32,8,2017,3,7,2,3,8,1,0,1,0,0,0,0,0,4.57395E+20,5.60978E+21,8.39749E+15,5.06383E+16
28798,6.17031E+18,6,4,11,0,2017,3,20,2,3,3,6,0,1,0,0,1,2,0,4.73785E+20,5.52015E+21,8.63547E+15,4.98332E+16
28799,6.17031E+18,6,5,34,18,2017,3,8,2,3,2,6,0,1,0,0,0,0,0,5.01932E+20,5.63144E+21,9.02744E+15,5.08347E+16
28800,6.17032E+18,6,4,14,0,2017,3,19,5,2,4,6,1,1,0,0,0,2,0,4.45814E+20,5.54538E+21,8.24299E+15,5.00583E+16
28801,6.17032E+18,6,4,12,0,2017,3,14,5,3,3,6,0,1,0,1,0,0,0,4.82475E+20,5.55289E+21,8.75482E+15,5.0128E+16
28802,6.17032E+18,6,6,11,0,2017,3,20,5,3,2,6,0,1,0,0,0,2,0,5.35769E+20,5.68667E+21,9.5134E+15,5.13302E+16
28803,6.17031E+18,6,5,34,20,2017,3,16,2,2,2,6,0,1,0,1,0,0,0,4.81247E+20,5.61878E+21,8.73434E+15,5.07205E+16
28804,6.17031E+18,6,5,32,23,2017,3,7,2,3,8,7,0,0,0,1,0,0,0,4.61264E+20,5.59978E+21,8.45324E+15,5.05487E+16
28805,6.17032E+18,6,4,11,0,2017,3,8,5,3,5,3,1,1,0,0,0,0,0,4.74608E+20,5.52384E+21,8.64667E+15,4.98664E+16
28806,6.17031E+18,6,5,31,5,2017,3,18,2,3,5,3,0,1,0,0,0,0,0,4.78436E+20,5.60182E+21,8.69551E+15,5.05679E+16
28807,6.17031E+18,6,4,38,11,2017,3,15,2,3,2,6,0,1,0,0,0,0,0,4.90726E+20,5.54531E+21,8.87044E+15,5.006E+16
28808,6.17031E+18,6,6,33,3,2017,3,10,2,2,2,6,0,1,0,0,0,0,0,5.33091E+20,5.67896E+21,9.47425E+15,5.1261E+16
28809,6.17031E+18,6,4,12,0,2017,3,15,2,3,2,6,0,1,0,0,0,0,0,4.73968E+20,5.56039E+21,8.63529E+15,5.01951E+16
28810,6.17031E+18,6,4,12,0,2017,3,18,2,3,2,6,0,1,0,0,0,1,0,4.79896E+20,5.54583E+21,8.7191E+15,5.00645E+16
28811,6.17031E+18,6,4,14,0,2017,3,16,2,3,2,6,0,1,0,0,0,0,0,4.52825E+20,5.54505E+21,8.34099E+15,5.00559E+16
28812,6.17031E+18,6,4,14,0,2017,3,23,1,3,3,7,0,1,0,0,0,2,0,4.46249E+20,5.54661E+21,8.24891E+15,5.00693E+16
28813,6.17031E+18,6,4,12,0,2017,3,12,1,3,2,6,0,1,0,0,0,0,0,4.75227E+20,5.54706E+21,8.65378E+15,5.00753E+16
28814,6.17031E+18,6,4,12,0,2017,3,6,1,2,8,1,0,1,0,0,0,1,0,4.74133E+20,5.54919E+21,8.63836E+15,5.00944E+16
28815,6.17031E+18,6,4,11,0,2017,3,10,1,3,5,3,0,1,0,0,0,0,0,4.76241E+20,5.52878E+21,8.66909E+15,4.99109E+16
28816,6.17031E+18,6,4,37,6,2017,3,11,1,3,2,2,0,1,0,1,0,0,0,4.97905E+20,5.49536E+21,8.971E+15,4.96108E+16
28817,6.17031E+18,6,4,37,11,2017,3,21,1,3,8,1,0,1,0,0,0,2,0,5.07089E+20,5.50911E+21,9.09838E+15,4.97344E+16
28818,6.17031E+18,6,6,11,0,2017,3,17,1,3,5,3,0,1,0,1,0,0,0,5.31382E+20,5.68476E+21,9.45026E+15,5.13133E+16
28819,6.17031E+18,6,4,39,14,2017,3,20,1,2,4,1,0,1,0,0,0,2,0,4.36273E+20,5.54758E+21,8.10936E+15,5.00771E+16
28820,6.17031E+18,6,4,39,12,2017,3,14,1,2,5,3,0,1,0,1,0,0,0,4.31774E+20,5.54027E+21,8.04779E+15,5.00109E+16
28821,6.17031E+18,6,4,34,9,2017,3,14,1,2,8,1,0,0,0,1,0,0,0,4.62698E+20,5.56712E+21,8.47673E+15,5.02551E+16
28822,6.17031E+18,6,4,34,4,2017,3,14,1,2,8,1,0,0,0,1,0,0,0,4.57235E+20,5.58138E+21,8.3985E+15,5.03829E+16
28823,6.17031E+18,6,4,34,8,2017,3,15,1,3,2,6,1,1,0,1,0,0,0,4.63298E+20,5.56555E+21,8.48531E+15,5.02409E+16
28824,6.17031E+18,6,4,36,7,2017,3,15,1,3,8,1,0,1,0,0,0,0,0,4.54096E+20,5.55074E+21,8.35805E+15,5.01072E+16
28825,6.17031E+18,6,4,31,7,2017,3,15,1,2,0,1,0,0,0,1,0,0,0,4.859E+20,5.50289E+21,8.80456E+15,4.96784E+16
28826,6.17031E+18,6,5,32,2,2017,3,18,1,2,9,1,0,0,0,1,0,0,0,4.66986E+20,5.61849E+21,8.53235E+15,5.07172E+16
28827,6.17031E+18,6,5,32,2,2017,3,19,1,2,7,7,0,0,0,1,0,2,0,4.68004E+20,5.61624E+21,8.54696E+15,5.06971E+16
28828,6.17031E+18,6,4,38,1,2017,3,13,1,3,5,3,1,1,0,0,0,0,0,4.83856E+20,5.53961E+21,8.77469E+15,5.00086E+16
28829,6.17031E+18,6,4,40,2,2017,3,12,1,3,5,2,0,1,0,0,0,0,0,4.79619E+20,5.58244E+21,8.71327E+15,5.03936E+16
28830,6.17031E+18,6,4,40,7,2017,3,19,1,3,2,6,0,1,0,0,1,2,0,4.96792E+20,5.57629E+21,8.95492E+15,5.03387E+16
28831,6.17031E+18,6,5,34,10,2017,3,18,1,3,9,1,0,0,0,1,0,1,0,4.72784E+20,5.62822E+21,8.61375E+15,5.0805E+16
28832,6.17031E+18,6,5,34,3,2017,3,13,1,3,2,2,0,1,0,0,0,0,0,4.65011E+20,5.62276E+21,8.50397E+15,5.07555E+16
28833,6.17031E+18,6,4,33,14,2017,3,15,1,3,0,6,0,1,0,1,0,0,0,4.53732E+20,5.52399E+21,8.35618E+15,4.98665E+16
28834,6.17031E+18,6,4,33,4,2017,3,17,1,2,6,7,0,1,1,0,0,0,0,4.62691E+20,5.51091E+21,8.4821E+15,4.97496E+16
28835,6.17031E+18,6,5,34,20,2017,3,15,1,2,8,1,0,1,0,0,0,0,0,4.81623E+20,5.62129E+21,8.73955E+15,5.07431E+16
28836,6.17031E+18,6,6,31,9,2017,3,14,1,3,2,6,0,1,0,0,0,0,0,5.48073E+20,5.59758E+21,9.67825E+15,5.05282E+16
28837,6.17031E+18,6,6,31,9,2017,3,13,1,3,2,2,0,0,0,1,0,0,0,5.42854E+20,5.60028E+21,9.60493E+15,5.05529E+16
28838,6.17031E+18,6,6,31,9,2017,3,13,1,3,3,6,0,1,0,0,0,0,0,5.4812E+20,5.59991E+21,9.67922E+15,5.05492E+16
28839,6.17031E+18,6,5,31,10,2017,3,15,1,3,8,1,0,0,0,1,0,0,0,5.03071E+20,5.59795E+21,9.04333E+15,5.05335E+16
28840,6.17031E+18,6,6,34,5,2017,3,15,1,3,9,1,0,0,0,1,0,0,0,5.20666E+20,5.66641E+21,9.29546E+15,5.11488E+16
28841,6.17031E+18,6,4,12,0,2017,3,22,1,3,2,6,0,1,0,0,0,2,0,4.81345E+20,5.54881E+21,8.7392E+15,5.00912E+16
28842,6.17031E+18,6,4,12,0,2017,3,22,1,3,2,6,0,1,0,0,1,2,0,4.68967E+20,5.54447E+21,8.56651E+15,5.00517E+16
28843,6.17031E+18,6,4,31,13,2017,3,13,1,1,2,6,0,1,0,1,0,0,0,4.68248E+20,5.49307E+21,8.56068E+15,4.95894E+16
28844,6.17031E+18,6,5,35,13,2017,3,15,1,2,2,6,0,1,0,0,0,0,0,4.97591E+20,5.60981E+21,8.96593E+15,5.06401E+16
28845,6.17031E+18,6,5,32,11,2017,3,7,1,3,8,1,0,1,0,0,0,0,0,4.4751E+20,5.62162E+21,8.25603E+15,5.0744E+16
28846,6.17031E+18,6,4,35,14,2017,3,17,7,3,6,7,1,0,1,0,0,0,0,4.94641E+20,5.55425E+21,8.925E+15,5.01405E+16
28847,6.17031E+18,6,5,33,8,2017,3,8,7,2,5,3,0,1,0,0,0,0,0,4.39982E+20,5.57389E+21,8.15703E+15,5.03141E+16
28848,6.17031E+18,6,5,33,9,2017,3,13,7,3,2,6,0,1,0,0,0,0,0,4.33609E+20,5.58318E+21,8.06589E+15,5.0397E+16
28849,6.17031E+18,6,6,11,0,2017,3,21,7,3,1,5,0,1,0,0,0,2,0,5.35531E+20,5.68555E+21,9.50987E+15,5.13201E+16
28850,6.17031E+18,6,4,14,0,2017,3,13,7,3,2,6,0,1,0,0,0,0,0,4.48708E+20,5.54061E+21,8.28407E+15,5.00156E+16