OBJECTID,UIDENTSTLA,ULAND,UREGBEZ,UKREIS,UGEMEINDE,UJAHR,UMONAT,USTUNDE,UWOCHENTAG,UKATEGORIE,UART,UTYP1,IstRad,IstPKW,IstFuss,IstKrad,IstSonstig,LICHT,STRZUSTAND,LINREFX,LINREFY,XGCSWGS84,YGCSWGS84
28851,6.17031E+18,6,4,14,0,2017,3,15,7,3,2,6,0,1,0,0,0,0,0,4.47732E+20,5.5483E+21,8.2694E+15,5.00846E+16
28852,6.17031E+18,6,4,14,0,2017,3,12,7,2,6,4,0,1,1,0,0,0,0,4.44852E+20,5.54698E+21,8.22934E+15,5.00725E+16
28853,6.17031E+18,6,4,14,0,2017,3,10,7,3,5,2,0,1,0,0,0,0,0,4.43171E+20,5.5465E+21,8.20592E+15,5.00681E+16
28854,6.17031E+18,6,4,14,0,2017,3,12,7,3,2,6,0,1,0,1,0,0,0,4.44458E+20,5.54755E+21,8.22374E+15,5.00777E+16
28855,6.17031E+18,6,4,12,0,2017,3,14,7,3,2,6,0,1,0,0,0,0,0,4.64807E+20,5.5476E+21,8.50812E+15,5.00797E+16
28856,6.17031E+18,6,4,11,0,2017,3,8,7,3,2,6,0,1,0,0,0,0,0,4.76351E+20,5.52475E+21,8.67087E+15,4.98746E+16
28857,6.17031E+18,6,6,36,6,2017,3,17,7,3,5,3,0,1,0,0,0,0,0,5.50753E+20,5.67221E+21,9.72641E+15,5.1199E+16
28858,6.17031E+18,6,6,35,9,2017,3,13,7,2,2,6,0,1,0,1,0,0,0,5.13715E+20,5.66527E+21,9.19604E+15,5.11387E+16
28859,6.17031E+18,6,6,11,0,2017,3,18,7,3,2,6,0,1,0,0,0,0,0,5.30875E+20,5.68028E+21,9.44261E+15,5.12731E+16
28860,6.17031E+18,6,4,39,5,2017,3,17,7,2,8,1,0,0,0,1,0,0,0,4.24442E+20,5.5516E+21,7.94324E+15,5.01118E+16
28861,6.17031E+18,6,5,33,11,2017,3,15,7,3,5,3,0,1,0,0,0,0,0,4.40044E+20,5.60145E+21,8.15349E+15,5.05619E+16
28862,6.17031E+18,6,5,33,7,2017,3,9,7,3,5,2,0,1,0,0,0,0,0,4.37037E+20,5.5898E+21,8.11301E+15,5.04568E+16
28863,6.17031E+18,6,4,36,8,2017,3,12,7,3,6,7,0,1,1,0,0,0,0,4.60885E+20,5.55357E+21,8.4527E+15,5.01331E+16
28864,6.17031E+18,6,4,40,16,2017,3,13,7,3,5,3,0,1,0,0,0,0,0,4.993E+20,5.58675E+21,8.99014E+15,5.04328E+16
28865,6.17031E+18,6,4,32,10,2017,3,9,7,2,4,6,0,1,0,0,0,0,0,4.9991E+20,5.52388E+21,8.99875E+15,4.98673E+16
28866,6.17031E+18,6,4,31,15,2017,3,15,7,3,8,1,0,0,0,1,0,0,0,4.85141E+20,5.50384E+21,8.794E+15,4.96869E+16
28867,6.17031E+18,6,5,35,1,2017,3,11,7,3,5,3,0,1,0,0,0,0,0,5.19153E+20,5.62155E+21,9.27147E+15,5.07455E+16
28868,6.17031E+18,6,4,33,14,2017,3,15,7,3,2,6,0,1,0,1,0,0,0,4.57379E+20,5.52865E+21,8.40642E+15,4.99087E+16
28869,6.17031E+18,6,4,33,6,2017,3,3,7,2,9,1,0,1,0,0,0,2,0,4.59803E+20,5.52759E+21,8.44028E+15,4.98993E+16
28870,6.17031E+18,6,5,34,16,2017,3,10,7,3,9,1,0,1,0,0,0,0,0,5.0689E+20,5.6338E+21,9.09788E+15,5.08559E+16
28871,6.17031E+18,6,5,32,15,2017,3,11,7,3,5,3,0,1,0,0,0,0,0,4.69261E+20,5.60197E+21,8.56594E+15,5.05688E+16
28872,6.17031E+18,6,5,32,1,2017,3,1,7,3,5,3,0,1,0,0,0,2,0,4.62919E+20,5.60377E+21,8.47621E+15,5.05847E+16
28873,6.17031E+18,6,5,32,23,2017,3,11,7,3,2,6,0,1,0,0,0,0,0,4.63531E+20,5.59993E+21,8.48524E+15,5.05501E+16
28874,6.17031E+18,6,4,38,3,2017,3,19,7,3,2,6,0,1,0,0,0,2,0,4.77684E+20,5.53494E+21,8.68884E+15,4.99664E+16
28875,6.17031E+18,6,6,31,9,2017,3,11,7,1,8,7,0,1,0,0,0,0,0,5.48255E+20,5.60657E+21,9.68198E+15,5.0609E+16
28876,6.17031E+18,6,6,33,3,2017,3,13,7,3,5,3,0,1,0,0,0,0,0,5.29486E+20,5.67515E+21,9.42228E+15,5.1227E+16
28877,6.17032E+18,6,5,34,12,2017,3,16,6,3,8,1,0,1,0,0,0,0,0,4.79793E+20,5.63578E+21,8.71281E+15,5.08734E+16
28878,6.17031E+18,6,6,33,8,2017,3,5,7,1,2,6,0,0,0,0,1,2,0,5.34903E+20,5.67651E+21,9.49998E+15,5.12389E+16
28879,6.17031E+18,6,4,36,6,2017,3,16,7,3,2,6,0,1,0,0,0,0,0,4.50224E+20,5.54194E+21,8.30506E+15,5.00277E+16
28880,6.17031E+18,6,4,11,0,2017,3,11,7,3,2,6,0,1,0,0,0,0,0,4.73286E+20,5.51782E+21,8.6287E+15,4.98122E+16
28881,6.17031E+18,6,4,35,24,2017,3,18,6,2,8,1,0,1,0,0,0,1,0,5.04233E+20,5.56318E+21,9.05933E+15,5.02208E+16
28882,6.17031E+18,6,5,35,11,2017,3,19,6,3,6,4,0,1,1,0,0,2,0,5.27697E+20,5.60999E+21,9.3917E+15,5.06411E+16
28883,6.17031E+18,6,5,33,16,2017,3,15,6,3,5,3,0,1,0,0,0,0,0,4.37195E+20,5.59424E+21,8.11449E+15,5.04968E+16
28884,6.17031E+18,6,6,33,15,2017,3,10,6,2,5,3,0,1,0,0,0,0,0,5.4103E+20,5.68136E+21,9.58831E+15,5.12821E+16
28885,6.17031E+18,6,4,14,0,2017,3,17,6,3,2,6,0,1,0,0,0,0,0,4.48458E+20,5.53979E+21,8.28069E+15,5.00082E+16
28886,6.17031E+18,6,4,14,0,2017,3,13,6,3,2,6,0,1,0,0,0,0,0,4.42822E+20,5.55085E+21,8.20039E+15,5.01071E+16
28887,6.17031E+18,6,4,12,0,2017,3,21,6,2,3,6,0,0,0,1,1,2,0,4.77935E+20,5.54829E+21,8.69156E+15,5.00865E+16
28888,6.17031E+18,6,4,12,0,2017,3,9,6,3,2,6,0,1,0,0,0,0,0,4.75126E+20,5.55048E+21,8.65216E+15,5.01061E+16
28889,6.17031E+18,6,4,11,0,2017,3,12,6,3,2,6,0,1,0,0,0,0,0,4.76572E+20,5.52466E+21,8.67395E+15,4.98739E+16
28890,6.17031E+18,6,6,32,3,2017,3,17,6,3,2,6,0,1,0,0,0,0,0,5.55924E+20,5.64645E+21,9.79642E+15,5.09669E+16
28891,6.17031E+18,6,6,34,25,2017,3,15,6,3,8,6,0,1,0,0,0,0,0,5.27748E+20,5.66167E+21,9.39635E+15,5.11058E+16
28892,6.17031E+18,6,6,36,11,2017,3,15,6,3,2,6,0,1,0,0,0,0,0,5.67636E+20,5.66164E+21,9.96602E+15,5.11023E+16
28893,6.17032E+18,6,6,31,10,2017,3,7,6,3,5,3,0,1,0,0,0,0,0,5.64253E+20,5.58937E+21,9.90509E+15,5.04528E+16
28894,6.17032E+18,6,6,31,9,2017,3,14,6,3,4,3,0,1,0,0,0,0,0,5.50174E+20,5.59993E+21,9.7082E+15,5.05492E+16
28895,6.17032E+18,6,6,31,9,2017,3,14,6,2,5,3,0,1,0,0,0,0,0,5.4631E+20,5.59776E+21,9.65339E+15,5.053E+16
28896,6.17031E+18,6,4,39,11,2017,3,18,6,3,2,6,0,1,0,0,1,2,0,4.51958E+20,5.55514E+21,8.32761E+15,5.01465E+16
28897,6.17031E+18,6,4,39,7,2017,3,8,6,2,8,1,1,0,0,0,0,0,0,4.42908E+20,5.56669E+21,8.19922E+15,5.02496E+16
28898,6.17032E+18,6,6,31,20,2017,3,20,6,3,8,1,0,1,0,0,0,2,0,5.53884E+20,5.60189E+21,9.76084E+15,5.05665E+16
28899,6.17031E+18,6,4,39,5,2017,3,12,6,3,0,7,0,0,0,0,1,0,0,4.29519E+20,5.55797E+21,8.01306E+15,5.01698E+16
28900,6.17031E+18,6,4,39,15,2017,3,11,6,2,4,1,0,1,0,0,1,0,0,4.43802E+20,5.55565E+21,8.21339E+15,5.01504E+16
28901,6.17031E+18,6,4,39,3,2017,3,20,6,3,5,3,0,1,0,0,0,2,0,4.36807E+20,5.54241E+21,8.11767E+15,5.00306E+16
28902,6.17031E+18,6,4,39,3,2017,3,14,6,3,5,2,1,1,0,0,0,0,0,4.3775E+20,5.54213E+21,8.13089E+15,5.00282E+16
28903,6.17031E+18,6,4,38,8,2017,3,19,6,3,5,2,0,1,0,0,0,2,0,4.88729E+20,5.55099E+21,8.84237E+15,5.01111E+16
28904,6.17031E+18,6,4,34,12,2017,3,19,6,3,2,6,0,1,0,0,0,2,0,4.69258E+20,5.57019E+21,8.56851E+15,5.0283E+16
28905,6.17031E+18,6,4,34,8,2017,3,14,6,3,2,6,0,1,0,0,0,0,0,4.69952E+20,5.56311E+21,8.5788E+15,5.02194E+16
28906,6.17031E+18,6,4,34,1,2017,3,14,6,3,2,6,0,1,0,0,0,0,0,4.75901E+20,5.56272E+21,8.66222E+15,5.02161E+16
28907,6.17031E+18,6,4,31,17,2017,3,17,6,3,2,6,0,1,0,0,0,0,0,4.83575E+20,5.49201E+21,8.77279E+15,4.95805E+16
28908,6.17031E+18,6,4,32,13,2017,3,15,6,3,5,2,0,1,0,1,0,0,0,4.81455E+20,5.5134E+21,8.74244E+15,4.97728E+16
28909,6.17031E+18,6,4,40,25,2017,3,16,6,3,2,6,0,1,0,0,0,0,0,4.8216E+20,5.57251E+21,8.74948E+15,5.03045E+16
28910,6.17031E+18,6,4,31,9,2017,3,20,6,2,1,5,0,1,0,1,0,2,0,4.88068E+20,5.49798E+21,8.83475E+15,4.96343E+16
28911,6.17031E+18,6,4,31,15,2017,3,13,6,3,8,6,0,1,0,1,0,0,0,4.8523E+20,5.50391E+21,8.79523E+15,4.96875E+16
28912,6.17031E+18,6,5,34,18,2017,3,13,6,2,6,1,0,1,1,0,0,0,0,5.00814E+20,5.62906E+21,9.01155E+15,5.08132E+16
28913,6.17031E+18,6,5,34,18,2017,3,13,6,3,8,1,0,1,0,0,0,0,0,5.04477E+20,5.63171E+21,9.06358E+15,5.08371E+16
28914,6.17031E+18,6,6,31,18,2017,3,20,6,3,6,6,0,1,1,0,0,2,0,5.45094E+20,5.58987E+21,9.63529E+15,5.04591E+16
28915,6.17031E+18,6,6,31,16,2017,3,20,6,3,8,1,0,1,0,0,0,2,0,5.51675E+20,5.5847E+21,9.72728E+15,5.04121E+16
28916,6.17031E+18,6,6,31,20,2017,3,18,6,3,5,3,0,1,0,0,0,1,0,5.50587E+20,5.60098E+21,9.71417E+15,5.05586E+16
28917,6.17032E+18,6,5,31,11,2017,3,10,6,2,5,3,0,1,0,0,0,0,0,4.87125E+20,5.59757E+21,8.81834E+15,5.05299E+16
28918,6.17032E+18,6,4,35,14,2017,3,17,6,3,8,1,0,1,0,0,0,0,0,4.9601E+20,5.55172E+21,8.94419E+15,5.01177E+16
28919,6.17031E+18,6,6,31,9,2017,3,14,6,3,5,3,1,1,0,0,0,0,0,5.47827E+20,5.59953E+21,9.67502E+15,5.05457E+16
28920,6.17031E+18,6,5,31,10,2017,3,14,6,3,2,6,0,1,0,0,0,0,0,4.94262E+20,5.59989E+21,8.91901E+15,5.05509E+16
28921,6.17031E+18,6,5,31,5,2017,3,13,6,3,2,6,0,1,0,0,0,0,0,4.77789E+20,5.60247E+21,8.68634E+15,5.05737E+16
28922,6.17031E+18,6,5,31,12,2017,3,14,6,3,2,6,0,1,0,0,0,0,0,4.75104E+20,5.59939E+21,8.64862E+15,5.05459E+16
28923,6.17031E+18,6,6,32,11,2017,3,14,6,3,2,6,0,1,0,0,0,0,0,5.43348E+20,5.63234E+21,9.61566E+15,5.08412E+16
28924,6.17031E+18,6,4,12,0,2017,3,18,6,3,2,6,0,1,0,0,0,2,0,4.66874E+20,5.55171E+21,8.53666E+15,5.01167E+16
28925,6.17031E+18,6,5,33,2,2017,3,18,6,3,2,6,0,1,0,0,0,0,0,4.39631E+20,5.57868E+21,8.15133E+15,5.03571E+16
28926,6.17032E+18,6,4,38,10,2017,3,18,6,3,2,6,0,1,0,0,0,1,0,4.92173E+20,5.54631E+21,8.89063E+15,5.0069E+16
28927,6.17031E+18,6,4,36,6,2017,3,14,6,3,3,6,0,1,0,0,1,0,0,4.56437E+20,5.54451E+21,8.39149E+15,5.00513E+16
28928,6.17031E+18,6,4,36,6,2017,3,20,6,3,3,6,0,1,0,0,0,2,0,4.56137E+20,5.54499E+21,8.38726E+15,5.00556E+16
28929,6.17032E+18,6,4,35,25,2017,3,11,6,3,8,1,0,1,0,0,0,0,0,5.33805E+20,5.57521E+21,9.47494E+15,5.0328E+16
28930,6.17031E+18,6,4,31,2,2017,3,11,6,3,2,6,0,1,0,0,0,0,0,4.70913E+20,5.5069E+21,8.59652E+15,4.97139E+16
28931,6.17031E+18,6,4,31,6,2017,3,13,6,2,2,6,0,1,0,0,0,0,0,4.67569E+20,5.50479E+21,8.55032E+15,4.96947E+16
28932,6.17031E+18,6,4,40,23,2017,3,16,6,3,2,6,0,1,0,0,0,0,0,4.76348E+20,5.56982E+21,8.66804E+15,5.028E+16
28933,6.17031E+18,6,4,40,18,2017,3,13,6,3,2,6,0,1,0,0,0,0,0,4.79088E+20,5.58031E+21,8.70592E+15,5.03745E+16
28934,6.17031E+18,6,5,31,14,2017,3,11,6,3,2,6,0,1,0,0,0,0,0,4.82119E+20,5.59549E+21,8.74782E+15,5.05111E+16
28935,6.17031E+18,6,5,31,5,2017,3,13,5,3,6,4,0,1,1,0,0,0,1,4.76481E+20,5.60371E+21,8.66779E+15,5.05848E+16
28936,6.17031E+18,6,6,35,9,2017,3,14,5,2,5,2,0,1,0,0,0,0,1,5.05943E+20,5.67255E+21,9.08507E+15,5.12043E+16
28937,6.17031E+18,6,6,32,10,2017,3,7,5,3,9,1,0,1,0,0,0,0,1,5.6477E+20,5.63189E+21,9.9198E+15,5.08351E+16
28938,6.17031E+18,6,5,33,9,2017,3,13,5,3,5,3,0,1,0,0,1,0,1,4.3396E+20,5.58043E+21,8.07132E+15,5.03722E+16
28939,6.17031E+18,6,6,11,0,2017,3,18,5,3,5,2,0,1,0,0,0,2,1,5.37569E+20,5.6823E+21,9.53877E+15,5.12908E+16
28940,6.17031E+18,6,6,11,0,2017,3,13,5,3,5,2,0,1,0,0,0,0,1,5.34375E+20,5.68536E+21,9.49327E+15,5.13185E+16
28941,6.17031E+18,6,6,11,0,2017,3,13,5,3,5,3,0,1,0,0,1,0,0,5.33536E+20,5.68312E+21,9.48101E+15,5.12984E+16
28942,6.17031E+18,6,4,14,0,2017,3,14,5,3,6,2,0,1,1,0,0,0,0,4.50261E+20,5.53888E+21,8.30597E+15,5.00002E+16
28943,6.17031E+18,6,4,14,0,2017,3,6,5,2,5,3,0,1,0,1,0,1,1,4.4586E+20,5.54415E+21,8.24382E+15,5.00472E+16
28944,6.17031E+18,6,4,14,0,2017,3,20,5,3,6,2,0,1,1,0,0,2,0,4.43415E+20,5.54741E+21,8.20918E+15,5.00763E+16
28945,6.17031E+18,6,4,14,0,2017,3,17,5,3,2,6,0,1,0,0,0,1,0,4.45907E+20,5.54758E+21,8.24399E+15,5.0078E+16
28946,6.17031E+18,6,4,13,0,2017,3,19,5,3,2,6,0,1,0,0,0,2,0,4.84445E+20,5.55118E+21,8.78244E+15,5.01127E+16
28947,6.17031E+18,6,4,36,3,2017,3,16,5,3,2,6,0,1,0,0,1,0,1,4.68858E+20,5.55341E+21,8.56427E+15,5.01321E+16
28948,6.17031E+18,6,4,12,0,2017,3,11,5,3,5,3,0,1,0,0,1,0,0,4.75192E+20,5.55182E+21,8.65299E+15,5.01181E+16
28949,6.17031E+18,6,4,12,0,2017,3,7,5,3,0,1,0,0,0,1,0,0,1,4.6777E+20,5.54752E+21,8.54954E+15,5.00791E+16
28950,6.17031E+18,6,4,12,0,2017,3,7,5,3,2,2,1,1,0,0,0,0,1,4.79653E+20,5.5512E+21,8.71542E+15,5.01127E+16
28951,6.17031E+18,6,4,12,0,2017,3,14,5,3,2,2,1,0,0,0,1,0,0,4.74849E+20,5.55031E+21,8.64829E+15,5.01046E+16
28952,6.17031E+18,6,6,34,10,2017,3,16,5,3,5,2,0,1,0,0,0,0,1,5.10234E+20,5.64944E+21,9.14584E+15,5.09965E+16
28953,6.17031E+18,6,6,34,8,2017,3,14,5,3,2,6,0,1,0,0,1,0,1,5.31846E+20,5.67321E+21,9.45591E+15,5.12094E+16
28954,6.17031E+18,6,6,11,0,2017,3,14,5,3,2,6,0,1,0,0,0,0,0,5.30742E+20,5.6801E+21,9.44069E+15,5.12714E+16
28955,6.17031E+18,6,6,11,0,2017,3,16,5,3,5,3,0,1,0,0,0,0,1,5.3289E+20,5.6823E+21,9.47168E+15,5.1291E+16
28956,6.17032E+18,6,6,33,23,2017,3,16,6,3,2,6,0,1,0,0,0,0,0,5.21877E+20,5.68372E+21,9.31384E+15,5.13044E+16
28957,6.17031E+18,6,6,32,3,2017,3,15,5,3,4,1,0,1,0,0,0,0,1,5.56934E+20,5.64962E+21,9.8113E+15,5.09954E+16
28958,6.17031E+18,6,6,36,11,2017,3,13,5,2,9,1,0,1,0,0,0,0,1,5.61728E+20,5.65639E+21,9.88076E+15,5.10557E+16
28959,6.17031E+18,6,4,35,25,2017,3,17,5,3,4,1,0,1,0,0,0,0,1,5.3724E+20,5.57655E+21,9.52332E+15,5.03399E+16
28960,6.17031E+18,6,4,36,7,2017,3,15,5,3,5,3,0,1,0,0,0,0,0,4.54554E+20,5.54573E+21,8.36506E+15,5.00621E+16
28961,6.17032E+18,6,5,33,3,2017,3,22,6,3,2,6,0,1,0,0,0,2,0,4.44793E+20,5.57425E+21,8.22455E+15,5.03178E+16
28962,6.17031E+18,6,4,36,5,2017,3,12,5,3,2,6,0,1,0,0,0,0,0,4.63916E+20,5.54689E+21,8.49574E+15,5.00732E+16
28963,6.17031E+18,6,4,31,11,2017,3,19,5,3,5,2,0,1,0,0,0,2,0,4.73844E+20,5.49992E+21,8.63765E+15,4.96513E+16
28964,6.17032E+18,6,4,14,0,2017,3,20,6,3,2,6,0,1,0,0,0,2,0,4.51676E+20,5.55523E+21,8.32364E+15,5.01473E+16
28965,6.17031E+18,6,4,31,16,2017,3,11,5,3,9,1,0,1,0,0,0,0,1,4.67596E+20,5.50081E+21,8.55102E+15,4.96589E+16
28966,6.17031E+18,6,4,35,18,2017,3,17,5,3,0,1,0,0,0,0,1,1,1,5.11878E+20,5.55658E+21,9.16629E+15,5.01613E+16
28967,6.17031E+18,6,4,35,3,2017,3,16,5,3,2,6,0,1,0,0,0,0,1,5.2095E+20,5.56497E+21,9.29377E+15,5.02365E+16
28968,6.17031E+18,6,5,32,17,2017,3,17,5,3,5,3,0,1,0,0,0,0,0,4.56262E+20,5.61578E+21,8.38077E+15,5.06922E+16
28969,6.17031E+18,6,4,40,23,2017,3,17,5,3,2,6,0,1,0,0,0,0,0,4.76676E+20,5.57074E+21,8.67259E+15,5.02883E+16
28970,6.17031E+18,6,4,40,23,2017,3,17,5,3,2,5,0,1,0,0,0,0,0,4.76767E+20,5.5708E+21,8.67386E+15,5.02889E+16
28971,6.17031E+18,6,4,40,24,2017,3,14,5,2,2,6,0,1,0,0,0,0,1,4.89837E+20,5.58548E+21,8.85694E+15,5.04212E+16
28972,6.17032E+18,6,4,32,18,2017,3,15,6,3,2,6,0,1,0,0,1,0,0,4.69678E+20,5.51793E+21,8.57854E+15,4.9813E+16
28973,6.17031E+18,6,4,33,12,2017,3,22,5,2,5,2,0,1,0,1,0,2,0,4.58826E+20,5.53894E+21,8.42546E+15,5.00014E+16
28974,6.17031E+18,6,4,33,12,2017,3,1,5,3,5,3,0,1,0,0,0,2,1,4.59606E+20,5.5363E+21,8.43662E+15,4.99777E+16
28975,6.17031E+18,6,4,33,3,2017,3,7,5,3,4,6,0,1,0,0,0,0,1,4.67361E+20,5.53049E+21,8.54527E+15,4.99259E+16
28976,6.17031E+18,6,5,34,11,2017,3,19,5,2,4,6,0,1,0,0,0,2,1,4.9784E+20,5.63043E+21,8.96933E+15,5.08256E+16
28977,6.17031E+18,6,5,34,18,2017,3,14,5,3,2,6,0,1,0,0,0,0,1,4.99469E+20,5.63056E+21,8.99245E+15,5.08267E+16
28978,6.17031E+18,6,5,34,14,2017,3,7,5,3,5,3,0,1,0,0,0,1,1,4.81047E+20,5.62898E+21,8.73098E+15,5.08122E+16
28979,6.17031E+18,6,4,35,14,2017,3,10,5,3,6,4,0,1,1,0,0,0,1,4.94531E+20,5.55314E+21,8.92348E+15,5.01305E+16
28980,6.17031E+18,6,4,12,0,2017,3,8,5,3,5,3,0,1,0,0,0,0,1,4.81853E+20,5.55605E+21,8.74597E+15,5.01564E+16
28981,6.17031E+18,6,4,38,11,2017,3,18,5,3,2,6,0,1,0,0,0,1,1,4.92142E+20,5.54528E+21,8.89022E+15,5.00597E+16
28982,6.17031E+18,6,6,32,15,2017,3,15,5,2,8,1,0,1,0,0,0,0,1,5.40958E+20,5.62528E+21,9.58093E+15,5.07778E+16
28983,6.17031E+18,6,6,33,17,2017,3,17,5,3,2,6,0,1,0,0,0,0,1,5.36868E+20,5.68044E+21,9.52853E+15,5.12741E+16
28984,6.17031E+18,6,4,12,0,2017,3,17,5,3,2,6,0,1,0,0,0,1,0,4.66026E+20,5.55121E+21,8.52485E+15,5.01122E+16
28985,6.17031E+18,6,4,33,4,2017,3,14,5,2,2,6,0,1,0,0,0,0,1,4.67113E+20,5.51104E+21,8.54347E+15,4.97509E+16
28986,6.17031E+18,6,4,38,6,2017,3,8,5,3,3,6,0,1,0,0,0,0,1,4.71284E+20,5.53781E+21,8.59937E+15,4.99919E+16
28987,6.17031E+18,6,6,32,14,2017,3,7,4,3,2,2,0,1,0,0,0,0,1,5.41808E+20,5.63966E+21,9.59463E+15,5.09071E+16
28988,6.17031E+18,6,6,33,15,2017,3,12,4,3,8,7,0,1,0,0,0,0,0,5.42871E+20,5.68089E+21,9.61465E+15,5.12777E+16
28989,6.17031E+18,6,6,11,0,2017,3,8,4,3,2,6,0,1,0,0,0,0,0,5.34853E+20,5.68625E+21,9.50022E+15,5.13265E+16
28990,6.17031E+18,6,6,11,0,2017,3,17,4,3,3,6,0,1,0,1,0,1,1,5.3286E+20,5.68465E+21,9.47147E+15,5.13122E+16
28991,6.17032E+18,6,5,31,5,2017,3,13,6,3,2,6,0,1,0,0,0,0,0,4.79522E+20,5.60472E+21,8.71068E+15,5.0594E+16
28992,6.17032E+18,6,6,35,21,2017,3,18,5,2,8,1,0,0,0,1,0,1,0,5.04532E+20,5.67201E+21,9.06486E+15,5.11995E+16
28993,6.17031E+18,6,4,14,0,2017,3,7,4,3,0,7,0,0,1,0,1,0,0,4.43384E+20,5.54741E+21,8.20875E+15,5.00763E+16
28994,6.17031E+18,6,4,14,0,2017,3,17,4,3,2,2,0,1,0,0,1,1,1,4.42951E+20,5.55054E+21,8.20223E+15,5.01044E+16
28995,6.17032E+18,6,6,34,1,2017,3,17,5,2,4,3,0,1,0,1,0,0,0,5.18964E+20,5.65581E+21,9.27057E+15,5.10535E+16
28996,6.17031E+18,6,4,14,0,2017,3,18,4,3,5,2,1,1,0,0,0,2,0,4.46222E+20,5.54689E+21,8.2485E+15,5.00718E+16
28997,6.17032E+18,6,4,14,0,2017,3,15,5,3,2,6,0,1,0,0,0,0,0,4.49311E+20,5.54194E+21,8.2923E+15,5.00276E+16
28998,6.17031E+18,6,4,12,0,2017,3,12,4,3,2,6,0,1,0,0,0,0,1,4.70765E+20,5.54985E+21,8.59122E+15,5.01002E+16
28999,6.17031E+18,6,4,12,0,2017,3,15,4,3,3,6,0,1,0,0,0,0,1,4.83548E+20,5.55361E+21,8.76979E+15,5.01345E+16
29000,6.17032E+18,6,4,14,0,2017,3,8,5,2,6,2,0,1,1,0,0,0,0,4.49892E+20,5.53971E+21,8.30071E+15,5.00076E+16
29001,6.17031E+18,6,4,12,0,2017,3,18,4,3,3,6,0,1,0,0,1,2,1,4.81621E+20,5.55241E+21,8.74289E+15,5.01237E+16
29002,6.17031E+18,6,6,34,19,2017,3,9,4,3,9,1,0,1,0,0,0,0,1,5.34014E+20,5.63146E+21,9.48302E+15,5.08339E+16
29003,6.17031E+18,6,6,33,28,2017,3,16,4,2,4,1,0,1,0,0,0,0,1,5.11037E+20,5.68306E+21,9.15831E+15,5.12987E+16
29004,6.17031E+18,6,6,33,18,2017,3,6,4,3,8,1,0,1,0,0,0,1,2,5.12949E+20,5.67587E+21,9.18547E+15,5.1234E+16
29005,6.17031E+18,6,6,33,10,2017,3,13,4,3,8,1,0,1,0,0,0,0,1,5.30393E+20,5.70061E+21,9.43743E+15,5.14559E+16
29006,6.17031E+18,6,6,11,0,2017,3,13,4,3,2,6,0,1,0,0,0,0,1,5.31251E+20,5.68589E+21,9.44848E+15,5.13235E+16
29007,6.17031E+18,6,6,34,2,2017,3,18,4,2,5,2,0,1,0,0,0,1,1,5.30397E+20,5.67386E+21,9.43521E+15,5.12154E+16
29008,6.17031E+18,6,4,39,5,2017,3,5,4,3,8,1,0,1,0,0,0,2,2,4.29363E+20,5.56071E+21,8.01036E+15,5.01943E+16
29009,6.17031E+18,6,4,35,26,2017,3,21,4,3,9,1,0,1,0,0,0,2,1,4.88408E+20,5.563E+21,8.83751E+15,5.02191E+16
29010,6.17031E+18,6,4,38,10,2017,3,7,4,3,0,3,0,1,0,1,0,0,1,4.90315E+20,5.54683E+21,8.86465E+15,5.00737E+16
29011,6.17031E+18,6,4,36,2,2017,3,13,4,2,9,1,0,1,0,0,0,0,1,4.53383E+20,5.55612E+21,8.34743E+15,5.01555E+16
29012,6.17031E+18,6,4,31,11,2017,3,16,4,2,2,6,0,1,0,0,1,1,1,4.71699E+20,5.49949E+21,8.60796E+15,4.96473E+16
29013,6.17031E+18,6,4,35,10,2017,3,19,4,3,2,6,0,1,0,0,0,2,1,5.12687E+20,5.5606E+21,9.17776E+15,5.01975E+16
29014,6.17031E+18,6,4,40,9,2017,3,19,4,2,5,3,0,1,0,1,0,2,1,5.14018E+20,5.58563E+21,9.19734E+15,5.04225E+16
29015,6.17031E+18,6,5,32,6,2017,3,21,4,3,4,7,0,1,0,0,0,2,1,4.50504E+20,5.62467E+21,8.29806E+15,5.07717E+16
29016,6.17031E+18,6,4,38,1,2017,3,14,4,3,5,2,0,1,0,0,1,0,1,4.86377E+20,5.53954E+21,8.80988E+15,5.0008E+16
29017,6.17032E+18,6,4,14,0,2017,3,13,5,3,5,2,1,1,0,0,0,0,0,4.45771E+20,5.54566E+21,8.24236E+15,5.00608E+16
29018,6.17032E+18,6,4,12,0,2017,3,9,5,2,5,3,0,1,0,0,0,0,0,4.78808E+20,5.5546E+21,8.70342E+15,5.01432E+16
29019,6.17032E+18,6,4,12,0,2017,3,12,5,3,2,6,0,1,0,0,1,0,0,4.84006E+20,5.55394E+21,8.77619E+15,5.01375E+16
29020,6.17033E+18,6,6,31,9,2017,3,17,5,3,5,2,1,1,0,0,0,0,0,5.48507E+20,5.60097E+21,9.68481E+15,5.05587E+16
29021,6.17033E+18,6,4,35,14,2017,3,18,5,3,2,6,0,1,0,0,0,0,0,4.92807E+20,5.55015E+21,8.89941E+15,5.01036E+16
29022,6.17032E+18,6,5,33,7,2017,3,0,1,3,2,6,0,1,0,0,0,2,1,4.35267E+20,5.589E+21,8.08822E+15,5.04495E+16
29023,6.17033E+18,6,4,35,14,2017,3,17,5,3,2,1,0,1,0,0,0,0,0,4.94423E+20,5.55061E+21,8.92201E+15,5.01077E+16
29024,6.17032E+18,6,5,33,6,2017,3,15,1,2,7,7,0,0,0,1,0,0,0,4.29703E+20,5.5873E+21,8.01018E+15,5.04335E+16