OBJECTID,UIDENTSTLA,ULAND,UREGBEZ,UKREIS,UGEMEINDE,UJAHR,UMONAT,USTUNDE,UWOCHENTAG,UKATEGORIE,UART,UTYP1,IstRad,IstPKW,IstFuss,IstKrad,IstSonstig,LICHT,STRZUSTAND,LINREFX,LINREFY,XGCSWGS84,YGCSWGS84
29374,6.17032E+18,6,4,12,0,2017,3,15,3,3,5,3,0,1,0,0,1,0,1,4.79058E+20,5.55122E+21,8.7071E+15,5.01128E+16
29375,6.17032E+18,6,4,12,0,2017,3,9,3,3,5,3,1,0,0,1,0,0,0,4.76036E+20,5.55014E+21,8.6649E+15,5.01031E+16
29376,6.17032E+18,6,4,11,0,2017,3,19,3,3,3,6,0,1,0,0,0,2,1,4.75292E+20,5.5247E+21,8.65614E+15,4.98742E+16
29377,6.17032E+18,6,6,11,0,2017,3,0,6,3,5,3,0,1,0,0,0,2,0,5.35732E+20,5.68459E+21,9.51266E+15,5.13115E+16
29378,6.17032E+18,6,6,34,22,2017,3,15,3,3,4,6,0,1,0,0,0,0,0,5.11118E+20,5.63966E+21,9.15813E+15,5.09085E+16
29379,6.17032E+18,6,6,33,27,2017,3,15,3,3,5,3,0,1,0,1,0,0,0,5.39266E+20,5.71925E+21,9.56722E+15,5.16229E+16
29380,6.17032E+18,6,6,32,1,2017,3,0,3,3,5,3,0,1,0,0,0,2,1,5.46866E+20,5.65278E+21,9.66826E+15,5.10247E+16
29381,6.17032E+18,6,6,32,3,2017,3,13,3,3,6,4,0,1,1,0,0,0,0,5.55744E+20,5.64714E+21,9.79396E+15,5.09731E+16
29382,6.17032E+18,6,6,11,0,2017,3,11,6,3,5,3,0,1,0,0,0,0,0,5.32687E+20,5.68432E+21,9.46895E+15,5.13093E+16
29383,6.17032E+18,6,4,34,11,2017,3,13,3,3,2,6,0,1,0,0,0,0,0,4.66879E+20,5.57603E+21,8.5346E+15,5.03354E+16
29384,6.17032E+18,6,5,32,12,2017,3,17,3,3,2,6,0,1,0,0,0,0,0,4.50947E+20,5.61634E+21,8.30545E+15,5.06968E+16
29385,6.17032E+18,6,4,14,0,2017,3,8,6,3,5,3,0,1,0,0,1,0,0,4.44888E+20,5.54761E+21,8.22975E+15,5.00782E+16
29386,6.17032E+18,6,4,32,18,2017,3,22,3,3,2,6,0,1,0,0,0,2,1,4.73751E+20,5.51568E+21,8.6353E+15,4.9793E+16
29387,6.17032E+18,6,4,11,0,2017,3,20,3,3,2,6,0,1,0,0,0,2,1,4.72883E+20,5.51808E+21,8.62308E+15,4.98145E+16
29388,6.17032E+18,6,4,32,14,2017,3,14,3,2,4,6,0,1,0,0,0,0,0,4.77015E+20,5.51861E+21,8.68048E+15,4.98195E+16
29389,6.17032E+18,6,5,34,10,2017,3,20,3,3,8,1,0,1,0,0,1,2,0,4.71735E+20,5.631E+21,8.59866E+15,5.083E+16
29390,6.17032E+18,6,6,31,15,2017,3,15,3,3,2,2,0,1,0,0,0,0,1,5.54059E+20,5.61387E+21,9.76506E+15,5.06742E+16
29391,6.17032E+18,6,6,31,9,2017,3,7,3,3,0,7,0,1,0,1,0,0,1,5.50653E+20,5.60558E+21,9.71573E+15,5.05999E+16
29392,6.17032E+18,6,5,32,23,2017,3,10,3,3,3,6,0,1,0,0,0,0,0,4.6442E+20,5.60029E+21,8.49774E+15,5.05535E+16
29393,6.17032E+18,6,4,12,0,2017,3,10,6,3,3,6,0,1,0,0,0,0,0,4.75437E+20,5.54779E+21,8.65668E+15,5.00819E+16
29394,6.17032E+18,6,5,32,18,2017,3,14,3,3,8,1,0,0,0,1,0,0,1,4.6384E+20,5.59406E+21,8.49017E+15,5.04974E+16
29395,6.17032E+18,6,5,31,16,2017,3,14,3,3,2,6,0,1,0,0,1,0,1,4.93391E+20,5.60024E+21,8.9067E+15,5.0554E+16
29396,6.17032E+18,6,5,31,10,2017,3,15,3,2,2,6,0,1,0,0,0,0,1,4.97406E+20,5.59927E+21,8.96338E+15,5.05453E+16
29397,6.17032E+18,6,6,32,6,2017,3,22,3,3,2,6,0,0,0,0,1,2,0,5.58953E+20,5.63766E+21,9.83814E+15,5.08876E+16
29398,6.17032E+18,6,4,12,0,2017,3,17,3,3,2,6,0,1,0,0,0,1,1,4.72311E+20,5.54661E+21,8.61307E+15,5.00711E+16
29399,6.17032E+18,6,4,32,23,2017,3,7,3,2,3,6,0,1,0,0,0,0,1,4.71624E+20,5.52675E+21,8.60493E+15,4.98925E+16
29400,6.17032E+18,6,4,32,18,2017,3,7,3,3,2,6,0,1,0,0,0,0,0,4.69884E+20,5.51836E+21,8.58137E+15,4.98169E+16
29401,6.17032E+18,6,4,33,7,2017,3,19,3,2,7,7,0,1,0,0,0,2,1,4.64458E+20,5.54214E+21,8.50376E+15,5.00305E+16
29402,6.17032E+18,6,6,35,19,2017,3,17,2,2,8,1,0,1,0,0,0,0,0,4.92676E+20,5.67077E+21,8.8952E+15,5.11883E+16
29403,6.17032E+18,6,4,12,0,2017,3,5,2,1,5,2,0,1,0,1,0,1,0,4.68942E+20,5.55273E+21,8.56549E+15,5.0126E+16
29404,6.17032E+18,6,4,12,0,2017,3,10,2,3,6,2,0,1,1,0,0,0,0,4.80449E+20,5.55466E+21,8.72637E+15,5.01439E+16
29405,6.17032E+18,6,4,12,0,2017,3,16,2,3,2,2,0,1,0,0,0,0,0,4.78971E+20,5.55106E+21,8.70589E+15,5.01114E+16
29406,6.17032E+18,6,4,12,0,2017,3,19,2,3,0,6,0,1,0,0,1,2,0,4.78202E+20,5.55128E+21,8.69512E+15,5.01134E+16
29407,6.17032E+18,6,4,38,6,2017,3,19,2,3,2,6,0,1,0,0,0,2,0,4.77141E+20,5.53864E+21,8.68104E+15,4.99997E+16
29408,6.17032E+18,6,4,34,11,2017,3,11,2,3,5,2,0,1,0,0,0,0,0,4.6554E+20,5.57612E+21,8.51578E+15,5.03362E+16
29409,6.17032E+18,6,4,34,13,2017,3,19,2,3,7,7,0,1,0,0,0,2,0,4.5727E+20,5.57915E+21,8.39923E+15,5.03629E+16
29410,6.17032E+18,6,4,36,8,2017,3,12,2,3,6,6,0,0,1,0,1,0,0,4.60754E+20,5.55393E+21,8.45083E+15,5.01363E+16
29411,6.17032E+18,6,4,35,9,2017,3,15,2,3,3,6,0,1,0,0,1,0,0,5.11246E+20,5.55342E+21,9.15736E+15,5.01329E+16
29412,6.17032E+18,6,4,34,2,2017,3,7,6,3,5,3,1,1,0,0,0,0,0,4.75334E+20,5.5673E+21,8.65397E+15,5.02573E+16
29413,6.17032E+18,6,4,40,3,2017,3,13,6,3,2,6,0,1,0,0,0,0,0,4.81025E+20,5.55693E+21,8.73433E+15,5.01643E+16
29414,6.17032E+18,6,4,40,16,2017,3,19,2,2,3,6,0,0,0,1,1,1,0,5.04614E+20,5.58558E+21,9.06496E+15,5.04223E+16
29415,6.17032E+18,6,4,31,13,2017,3,7,2,3,5,2,0,1,0,0,0,0,0,4.63341E+20,5.4939E+21,8.49271E+15,4.95965E+16
29416,6.17032E+18,6,4,31,3,2017,3,17,6,3,5,3,0,1,0,0,0,0,0,4.58855E+20,5.50417E+21,8.42956E+15,4.96886E+16
29417,6.17032E+18,6,4,31,2,2017,3,18,2,2,8,1,1,0,0,0,0,1,0,4.7273E+20,5.50514E+21,8.62185E+15,4.96981E+16
29418,6.17032E+18,6,4,31,20,2017,3,12,6,3,5,2,0,1,0,0,0,0,0,4.6973E+20,5.48639E+21,8.5817E+15,4.95294E+16
29419,6.17032E+18,6,5,34,20,2017,3,18,2,3,5,3,0,1,0,0,0,1,0,4.78312E+20,5.62257E+21,8.69254E+15,5.07545E+16
29420,6.17032E+18,6,6,31,12,2017,3,8,2,2,4,1,0,1,0,0,0,0,0,5.7133E+20,5.60229E+21,1.00072E+16,5.05682E+16
29421,6.17032E+18,6,5,35,9,2017,3,15,6,2,0,2,0,1,0,1,0,0,0,4.99017E+20,5.62036E+21,8.98607E+15,5.0735E+16
29422,6.17032E+18,6,6,31,18,2017,3,7,2,3,4,1,0,1,0,0,0,0,0,5.40543E+20,5.59447E+21,9.57168E+15,5.05008E+16
29423,6.17032E+18,6,6,31,9,2017,3,20,2,3,9,1,0,1,0,0,0,2,0,5.44734E+20,5.59769E+21,9.63115E+15,5.05294E+16
29424,6.17032E+18,6,5,32,23,2017,3,17,2,3,5,2,1,1,0,0,0,0,0,4.66444E+20,5.59959E+21,8.52638E+15,5.05473E+16
29425,6.17032E+18,6,4,35,28,2017,3,8,2,3,8,1,0,1,0,0,0,0,1,5.33592E+20,5.5752E+21,9.47194E+15,5.0328E+16
29426,6.17032E+18,6,4,38,2,2017,3,14,2,3,8,1,0,1,0,0,0,0,0,4.78227E+20,5.53929E+21,8.69616E+15,5.00055E+16
29427,6.17032E+18,6,4,12,0,2017,3,9,2,3,2,6,0,1,0,0,0,0,0,4.70867E+20,5.55404E+21,8.59233E+15,5.01379E+16
29428,6.17032E+18,6,4,12,0,2017,3,14,2,3,2,6,0,1,0,0,1,0,0,4.70451E+20,5.55363E+21,8.58654E+15,5.01342E+16
29429,6.17032E+18,6,4,14,0,2017,3,0,2,3,8,1,0,1,0,0,0,2,0,4.49573E+20,5.54445E+21,8.29563E+15,5.00502E+16
29430,6.17032E+18,6,4,14,0,2017,3,6,2,3,2,6,0,1,0,0,1,0,0,4.45724E+20,5.54474E+21,8.24184E+15,5.00525E+16
29431,6.17032E+18,6,4,31,2,2017,3,11,2,3,3,6,0,1,0,0,1,0,0,4.71366E+20,5.50449E+21,8.60299E+15,4.96923E+16
29432,6.17032E+18,6,4,11,0,2017,3,21,2,3,2,6,0,1,0,0,1,2,0,4.71447E+20,5.52549E+21,8.60257E+15,4.98811E+16
29433,6.17032E+18,6,5,31,13,2017,3,19,2,2,3,6,0,1,0,0,1,2,0,4.80191E+20,5.60914E+21,8.71989E+15,5.06338E+16
29434,6.17032E+18,6,5,32,1,2017,3,11,2,3,2,6,0,1,0,0,0,0,0,4.58273E+20,5.60706E+21,8.41022E+15,5.06139E+16
29435,6.17032E+18,6,5,31,13,2017,3,11,1,1,8,1,0,1,0,0,0,0,1,4.80243E+20,5.61425E+21,8.72035E+15,5.06797E+16
29436,6.17032E+18,6,5,31,5,2017,3,4,1,3,5,3,0,1,0,0,0,2,1,4.77357E+20,5.6046E+21,8.6801E+15,5.05928E+16
29437,6.17032E+18,6,6,32,2,2017,3,11,1,1,4,1,0,1,0,0,0,0,1,5.50994E+20,5.63704E+21,9.7249E+15,5.08828E+16
29438,6.17032E+18,6,5,35,10,2017,3,15,6,3,2,6,0,1,0,0,1,0,0,5.02972E+20,5.62563E+21,9.04216E+15,5.07824E+16
29439,6.17032E+18,6,4,33,12,2017,3,14,6,2,5,3,1,1,0,0,0,0,0,4.5936E+20,5.53658E+21,8.43316E+15,4.99802E+16
29440,6.17041E+18,6,5,33,12,2017,4,22,2,2,9,1,0,0,0,1,0,2,0,4.42938E+20,5.59385E+21,8.19552E+15,5.04938E+16
29441,6.17041E+18,6,4,31,17,2017,4,12,2,3,2,6,0,1,0,0,0,0,0,4.81233E+20,5.49415E+21,8.74029E+15,4.95996E+16
29442,6.17041E+18,6,4,37,9,2017,4,13,2,3,8,1,0,0,0,1,0,0,0,4.99556E+20,5.51394E+21,8.99383E+15,4.9778E+16
29443,6.17033E+18,6,5,33,7,2017,3,22,6,3,2,6,0,1,0,0,0,2,0,4.33806E+20,5.58879E+21,8.06768E+15,5.04474E+16
29444,6.17041E+18,6,5,32,4,2017,4,18,2,3,8,1,0,1,0,0,0,0,0,4.37947E+20,5.61437E+21,8.12173E+15,5.06778E+16
29445,6.17033E+18,6,5,33,3,2017,3,20,6,3,8,1,0,1,0,0,0,1,0,4.46177E+20,5.57161E+21,8.24437E+15,5.02942E+16
29446,6.17041E+18,6,4,32,18,2017,4,16,2,3,2,6,0,1,0,0,0,0,0,4.69779E+20,5.51966E+21,8.5798E+15,4.98286E+16
29447,6.17041E+18,6,6,33,26,2017,4,16,2,3,5,3,0,1,0,0,0,0,0,5.32173E+20,5.68975E+21,9.46207E+15,5.13581E+16
29448,6.17033E+18,6,5,33,3,2017,3,19,6,3,2,6,0,1,0,1,0,0,0,4.47306E+20,5.57256E+21,8.26008E+15,5.03028E+16
29449,6.17041E+18,6,4,32,16,2017,4,20,2,3,8,1,0,0,0,1,0,2,0,4.83212E+20,5.51568E+21,8.76675E+15,4.97933E+16
29450,6.17041E+18,6,4,33,8,2017,4,18,2,3,0,7,1,0,0,0,0,0,0,4.64881E+20,5.5362E+21,8.5102E+15,4.99771E+16
29451,6.17041E+18,6,4,35,14,2017,4,18,3,3,8,1,0,1,0,0,0,0,0,4.94556E+20,5.54981E+21,8.92388E+15,5.01005E+16
29452,6.17033E+18,6,5,33,9,2017,3,14,6,3,5,3,1,1,0,0,0,0,0,4.32833E+20,5.58244E+21,8.05511E+15,5.03902E+16
29453,6.17041E+18,6,4,33,2,2017,4,18,2,2,5,3,0,1,0,1,0,0,0,4.5323E+20,5.53793E+21,8.34751E+15,4.99919E+16
29454,6.17041E+18,6,4,33,14,2017,4,15,2,2,2,6,0,1,0,0,0,0,0,4.57698E+20,5.53206E+21,8.41048E+15,4.99394E+16
29455,6.17041E+18,6,4,32,18,2017,4,17,3,3,2,6,0,1,0,0,0,0,0,4.71285E+20,5.51581E+21,8.60102E+15,4.9794E+16
29456,6.17033E+18,6,6,33,15,2017,3,14,6,3,5,2,0,1,0,0,0,0,0,5.43122E+20,5.68085E+21,9.61824E+15,5.12773E+16
29457,6.17041E+18,6,6,31,6,2017,4,13,2,3,2,6,0,1,0,0,0,0,0,5.52258E+20,5.58808E+21,9.73596E+15,5.04424E+16
29458,6.17041E+18,6,4,11,0,2017,4,0,3,3,8,1,0,1,0,0,0,2,0,4.76453E+20,5.52475E+21,8.67228E+15,4.98747E+16
29459,6.17041E+18,6,4,12,0,2017,4,9,2,3,3,7,0,1,0,0,1,0,0,4.81459E+20,5.5533E+21,8.74058E+15,5.01317E+16
29460,6.17041E+18,6,5,32,3,2017,4,19,2,2,4,1,0,1,0,1,0,0,0,4.57811E+20,5.59591E+21,8.40495E+15,5.05136E+16
29461,6.17041E+18,6,5,31,6,2017,4,10,2,2,5,2,1,1,0,0,0,0,0,4.97049E+20,5.60453E+21,8.95831E+15,5.05927E+16
29462,6.17041E+18,6,4,38,10,2017,4,18,2,3,9,6,0,1,0,0,0,0,0,4.8807E+20,5.54595E+21,8.8333E+15,5.00657E+16
29463,6.17041E+18,6,4,38,11,2017,4,8,2,2,2,6,0,1,0,0,1,0,0,4.90624E+20,5.54532E+21,8.86901E+15,5.00601E+16
29464,6.17041E+18,6,4,35,19,2017,4,13,2,2,2,6,0,1,0,0,1,0,0,4.88425E+20,5.55513E+21,8.83798E+15,5.01482E+16
29465,6.17041E+18,6,4,38,5,2017,4,6,2,3,2,6,0,1,0,0,0,0,0,4.86043E+20,5.54619E+21,8.80498E+15,5.00678E+16
29466,6.17041E+18,6,6,33,24,2017,4,3,2,2,2,6,0,1,0,0,1,2,0,5.3527E+20,5.67687E+21,9.50527E+15,5.12422E+16
29467,6.17041E+18,6,4,12,0,2017,4,18,2,3,2,6,0,1,0,0,0,0,0,4.66873E+20,5.55171E+21,8.53664E+15,5.01167E+16
29468,6.17041E+18,6,5,33,8,2017,4,22,2,3,2,6,0,1,0,0,0,2,0,4.42835E+20,5.57599E+21,8.19679E+15,5.03332E+16
29469,6.17041E+18,6,4,35,17,2017,4,18,1,3,3,6,1,0,0,1,0,0,0,5.0384E+20,5.5626E+21,9.05382E+15,5.02156E+16
29470,6.17041E+18,6,4,35,17,2017,4,13,1,3,2,6,0,1,0,0,0,0,0,5.03381E+20,5.55766E+21,9.04735E+15,5.01712E+16
29471,6.17041E+18,6,5,31,4,2017,4,16,1,2,5,3,0,1,0,1,0,0,0,4.8572E+20,5.60447E+21,8.79825E+15,5.0592E+16
29472,6.17041E+18,6,5,31,3,2017,4,11,1,2,8,1,1,0,0,0,0,0,0,4.87886E+20,5.60994E+21,8.82869E+15,5.06412E+16
29473,6.17041E+18,6,5,33,6,2017,4,22,1,3,2,6,0,1,0,0,1,2,0,4.31506E+20,5.585E+21,8.03598E+15,5.04131E+16
29474,6.17041E+18,6,4,33,12,2017,4,12,4,3,3,6,0,1,0,0,1,0,0,4.61687E+20,5.53702E+21,8.46557E+15,4.99843E+16
29475,6.17041E+18,6,6,11,0,2017,4,15,1,3,3,6,1,1,0,0,0,0,0,5.33211E+20,5.68822E+21,9.47683E+15,5.13443E+16
29476,6.17041E+18,6,6,11,0,2017,4,19,1,3,0,1,0,0,0,1,0,0,0,5.35419E+20,5.68538E+21,9.50825E+15,5.13186E+16
29477,6.17041E+18,6,4,40,19,2017,4,17,4,2,5,3,0,1,0,1,0,0,0,5.03412E+20,5.57558E+21,9.04793E+15,5.03323E+16
29478,6.17041E+18,6,4,14,0,2017,4,14,1,3,5,3,0,1,0,0,0,0,0,4.43446E+20,5.5517E+21,8.20899E+15,5.01149E+16
29479,6.17041E+18,6,4,13,0,2017,4,20,1,3,2,6,0,1,0,1,0,2,0,4.83346E+20,5.54793E+21,8.76721E+15,5.00834E+16
29480,6.17041E+18,6,4,12,0,2017,4,12,1,3,2,6,0,1,0,0,0,0,0,4.76565E+20,5.55351E+21,8.6721E+15,5.01334E+16
29481,6.17041E+18,6,4,12,0,2017,4,17,1,2,0,1,1,0,0,0,0,0,0,4.73495E+20,5.55304E+21,8.62917E+15,5.0129E+16
29482,6.17041E+18,6,4,12,0,2017,4,1,1,2,8,1,0,1,0,0,0,2,0,4.81977E+20,5.55262E+21,8.74786E+15,5.01255E+16
29483,6.17041E+18,6,4,12,0,2017,4,1,1,2,6,4,0,1,1,0,0,2,0,4.78153E+20,5.55083E+21,8.69447E+15,5.01093E+16
29484,6.17041E+18,6,4,12,0,2017,4,11,1,2,0,1,1,0,0,0,0,0,0,4.80712E+20,5.55182E+21,8.73021E+15,5.01183E+16
29485,6.17041E+18,6,4,37,2,2017,4,13,1,2,9,1,0,0,0,1,0,0,0,4.98644E+20,5.49265E+21,8.98125E+15,4.95864E+16
29486,6.17041E+18,6,4,11,0,2017,4,14,1,3,5,3,1,1,0,0,0,0,0,4.74602E+20,5.52252E+21,8.64668E+15,4.98546E+16
29487,6.17041E+18,6,6,35,9,2017,4,23,1,3,8,1,0,1,0,0,0,2,0,5.06061E+20,5.67101E+21,9.08673E+15,5.11905E+16
29488,6.17041E+18,6,6,33,14,2017,4,12,1,3,5,3,0,1,0,0,0,0,0,5.34155E+20,5.69734E+21,9.49127E+15,5.14262E+16
29489,6.17041E+18,6,6,33,21,2017,4,12,1,2,5,3,0,0,0,1,1,0,0,5.40469E+20,5.71641E+21,9.58427E+15,5.15973E+16
29490,6.17041E+18,6,6,35,11,2017,4,12,1,2,2,6,0,0,0,1,0,0,0,4.8617E+20,5.66026E+21,8.80251E+15,5.10937E+16
29491,6.17033E+18,6,6,33,9,2017,3,6,6,3,9,1,0,1,0,0,0,0,0,5.38047E+20,5.69045E+21,9.5465E+15,5.1364E+16
29492,6.17033E+18,6,6,33,26,2017,3,13,6,3,2,2,0,1,0,0,0,0,0,5.31327E+20,5.68969E+21,9.44992E+15,5.13576E+16
29493,6.17033E+18,6,6,11,0,2017,3,13,6,3,3,2,1,1,0,0,0,0,0,5.33338E+20,5.68501E+21,9.47836E+15,5.13154E+16
29494,6.17041E+18,6,4,39,5,2017,4,18,1,3,8,1,0,0,0,1,0,0,0,4.23668E+20,5.55119E+21,7.9325E+15,5.0108E+16
29495,6.17041E+18,6,4,39,5,2017,4,15,1,3,8,1,0,0,0,1,0,0,0,4.30414E+20,5.56243E+21,8.02478E+15,5.021E+16
29496,6.17041E+18,6,4,37,1,2017,4,15,2,3,2,6,0,1,0,0,0,0,0,5.00246E+20,5.51044E+21,9.00341E+15,4.97464E+16
29497,6.17033E+18,6,4,14,0,2017,3,13,6,2,3,6,0,1,0,0,1,0,0,4.45414E+20,5.5469E+21,8.23719E+15,5.00718E+16
29498,6.17041E+18,6,4,39,3,2017,4,17,1,3,2,6,0,1,0,0,0,0,0,4.32911E+20,5.54055E+21,8.06361E+15,5.00135E+16
29499,6.17041E+18,6,4,35,19,2017,4,15,1,2,2,6,0,1,0,0,0,0,0,4.8447E+20,5.55408E+21,8.78268E+15,5.01388E+16
29500,6.17041E+18,6,4,33,7,2017,4,13,3,3,2,6,0,1,0,0,1,0,0,4.64606E+20,5.54223E+21,8.50582E+15,5.00313E+16
29501,6.17033E+18,6,4,11,0,2017,3,7,6,3,2,6,0,1,0,0,0,0,0,4.74446E+20,5.52446E+21,8.64437E+15,4.9872E+16
29502,6.17041E+18,6,4,34,8,2017,4,11,1,3,0,1,1,0,0,0,0,0,0,4.70929E+20,5.56027E+21,8.59271E+15,5.01939E+16
29503,6.17041E+18,6,5,35,1,2017,4,6,3,3,4,6,0,1,0,0,1,1,0,5.17291E+20,5.62279E+21,9.24513E+15,5.07566E+16
29504,6.17033E+18,6,6,34,21,2017,3,20,6,2,4,6,0,1,0,0,0,2,0,5.19816E+20,5.63482E+21,9.28159E+15,5.08647E+16
29505,6.17041E+18,6,4,36,7,2017,4,13,1,3,5,3,0,1,0,0,0,0,0,4.58882E+20,5.54599E+21,8.42549E+15,5.00648E+16
29506,6.17033E+18,6,6,34,3,2017,3,17,6,2,0,1,1,0,0,0,0,0,0,5.28753E+20,5.66238E+21,9.41076E+15,5.11121E+16
29507,6.17041E+18,6,4,31,19,2017,4,15,1,3,2,6,0,1,0,1,0,0,0,4.82378E+20,5.49704E+21,8.756E+15,4.96257E+16
29508,6.17041E+18,6,4,31,17,2017,4,12,1,2,8,1,0,0,0,1,0,0,0,4.79282E+20,5.49605E+21,8.71319E+15,4.96167E+16
29509,6.17041E+18,6,6,33,13,2017,4,15,4,2,4,6,0,1,0,0,0,0,1,5.29136E+20,5.70617E+21,9.4198E+15,5.15059E+16
29510,6.17041E+18,6,4,35,10,2017,4,22,1,2,9,1,0,0,0,1,0,2,0,5.13433E+20,5.56112E+21,9.18822E+15,5.02021E+16
29511,6.17041E+18,6,4,35,9,2017,4,17,1,3,8,1,0,0,0,1,0,0,0,5.06115E+20,5.55251E+21,9.08554E+15,5.01248E+16
29512,6.17041E+18,6,4,12,0,2017,4,0,2,3,3,6,1,1,0,0,0,2,0,4.76013E+20,5.55023E+21,8.66458E+15,5.01038E+16
29513,6.17041E+18,6,4,35,10,2017,4,14,1,3,9,1,0,0,0,1,0,0,0,5.13449E+20,5.5611E+21,9.18845E+15,5.02019E+16
29514,6.17041E+18,6,5,33,9,2017,4,14,3,3,2,6,0,0,0,0,1,0,0,4.3571E+20,5.58088E+21,8.09585E+15,5.03765E+16
29515,6.17033E+18,6,6,33,11,2017,3,10,6,3,0,3,1,1,0,0,0,0,0,5.21939E+20,5.68648E+21,9.31489E+15,5.13292E+16
29516,6.17041E+18,6,4,32,14,2017,4,17,1,3,8,1,0,0,0,1,1,0,1,4.79598E+20,5.51943E+21,8.71634E+15,4.9827E+16
29517,6.17041E+18,6,4,40,7,2017,4,15,1,3,5,3,1,0,0,0,0,0,0,4.90501E+20,5.57561E+21,8.86653E+15,5.03325E+16
29518,6.17041E+18,6,5,34,10,2017,4,17,3,3,2,6,0,1,0,0,0,0,0,4.70487E+20,5.62417E+21,8.58148E+15,5.07685E+16
29519,6.17033E+18,6,6,11,0,2017,3,8,6,3,2,6,0,1,0,0,1,0,0,5.31643E+20,5.68105E+21,9.45369E+15,5.12799E+16
29520,6.17041E+18,6,4,40,21,2017,4,1,1,3,9,1,0,1,0,0,0,2,0,4.88529E+20,5.57867E+21,8.83873E+15,5.036E+16
29521,6.17041E+18,6,4,31,10,2017,4,15,1,2,8,1,0,0,0,1,0,0,0,4.64473E+20,5.50631E+21,8.50725E+15,4.97082E+16
29522,6.17041E+18,6,4,38,6,2017,4,6,3,2,5,2,0,1,0,0,0,1,0,4.77081E+20,5.53832E+21,8.68023E+15,4.99968E+16
29523,6.17033E+18,6,6,11,0,2017,3,10,6,3,5,3,0,1,0,0,0,0,0,5.33362E+20,5.6821E+21,9.47843E+15,5.12893E+16
29524,6.17041E+18,6,4,31,15,2017,4,16,1,3,8,1,0,0,0,1,0,0,0,4.85229E+20,5.50391E+21,8.79522E+15,4.96875E+16
29525,6.17041E+18,6,6,31,15,2017,4,16,1,3,0,1,0,1,0,1,0,0,0,5.51069E+20,5.61206E+21,9.72251E+15,5.06581E+16
29526,6.17041E+18,6,6,33,15,2017,4,14,3,3,5,3,0,1,0,0,1,0,0,5.41027E+20,5.68136E+21,9.58827E+15,5.12821E+16
29527,6.17041E+18,6,6,31,7,2017,4,13,1,2,5,3,0,1,0,0,1,0,0,5.56227E+20,5.62362E+21,9.79723E+15,5.07616E+16
29528,6.17041E+18,6,6,31,15,2017,4,4,1,2,8,7,0,1,0,0,0,2,0,5.55423E+20,5.61109E+21,9.78394E+15,5.0649E+16
29529,6.17041E+18,6,4,12,0,2017,4,13,1,3,0,7,0,1,0,1,0,0,0,4.81597E+20,5.55548E+21,8.74241E+15,5.01513E+16
29530,6.17041E+18,6,5,32,16,2017,4,18,1,3,9,1,0,0,0,1,0,0,0,4.54901E+20,5.6033E+21,8.36302E+15,5.05799E+16
29531,6.17041E+18,6,5,35,16,2017,4,15,1,3,8,1,0,0,0,1,0,0,0,5.02265E+20,5.59812E+21,9.03196E+15,5.0535E+16
29532,6.17041E+18,6,5,31,10,2017,4,14,1,3,4,1,0,0,0,1,0,0,0,5.00764E+20,5.59809E+21,9.01078E+15,5.05347E+16
29533,6.17041E+18,6,5,33,2,2017,4,4,1,3,9,1,0,1,0,0,1,2,0,4.39323E+20,5.57877E+21,8.14699E+15,5.03579E+16
29534,6.17041E+18,6,4,40,1,2017,4,18,1,3,3,6,0,1,0,0,0,0,0,4.97514E+20,5.57122E+21,8.96509E+15,5.02931E+16
29535,6.17041E+18,6,4,40,5,2017,4,13,1,2,3,6,0,1,0,1,0,0,0,4.78677E+20,5.58442E+21,8.6999E+15,5.04114E+16
29536,6.17041E+18,6,6,36,3,2017,4,17,7,3,2,2,0,1,0,0,0,0,0,5.73059E+20,5.6709E+21,1.00453E+16,5.11848E+16
29537,6.17041E+18,6,5,33,9,2017,4,19,7,3,2,6,0,1,0,0,0,0,0,4.33843E+20,5.5832E+21,8.06919E+15,5.03972E+16
29538,6.17041E+18,6,5,33,9,2017,4,13,7,3,5,3,0,1,0,0,0,0,0,4.31614E+20,5.58318E+21,8.03783E+15,5.03967E+16
29539,6.17033E+18,6,6,32,18,2017,3,17,6,2,8,1,0,0,0,1,0,0,0,5.53103E+20,5.6462E+21,9.75621E+15,5.09649E+16
29540,6.17033E+18,6,4,39,3,2017,3,10,6,3,3,6,0,1,0,0,1,0,0,4.36059E+20,5.54201E+21,8.1073E+15,5.0027E+16
29541,6.17033E+18,6,4,35,19,2017,3,12,6,3,4,7,0,1,0,1,1,0,0,4.87188E+20,5.55562E+21,8.82065E+15,5.01527E+16
29542,6.17041E+18,6,4,35,19,2017,4,10,2,3,5,2,0,1,0,0,0,0,0,4.88907E+20,5.55602E+21,8.84471E+15,5.01563E+16
29543,6.17041E+18,6,4,38,13,2017,4,17,2,2,5,2,0,0,0,1,1,0,0,4.9603E+20,5.54211E+21,8.94457E+15,5.00313E+16
29544,6.17041E+18,6,5,31,5,2017,4,9,2,3,2,6,0,1,0,0,0,0,0,4.78807E+20,5.60646E+21,8.70048E+15,5.06097E+16
29545,6.17033E+18,6,4,34,13,2017,3,13,6,3,7,7,0,0,0,1,0,0,0,4.58744E+20,5.57376E+21,8.42054E+15,5.03145E+16
29546,6.17041E+18,6,4,12,0,2017,4,13,3,3,2,6,0,1,0,0,1,0,0,4.81626E+20,5.5538E+21,8.74289E+15,5.01361E+16
29547,6.17033E+18,6,4,34,9,2017,3,12,6,1,6,4,0,1,1,0,0,0,0,4.59747E+20,5.56793E+21,8.43526E+15,5.02622E+16
29548,6.17041E+18,6,5,33,8,2017,4,11,7,3,9,6,0,1,0,0,0,0,0,4.40628E+20,5.57057E+21,8.16663E+15,5.02843E+16