OBJECTID,UIDENTSTLA,ULAND,UREGBEZ,UKREIS,UGEMEINDE,UJAHR,UMONAT,USTUNDE,UWOCHENTAG,UKATEGORIE,UART,UTYP1,IstRad,IstPKW,IstFuss,IstKrad,IstSonstig,LICHT,STRZUSTAND,LINREFX,LINREFY,XGCSWGS84,YGCSWGS84
30074,6.17043E+18,6,4,40,16,2017,4,14,4,3,8,1,0,0,0,1,0,0,0,4.97034E+20,5.58506E+21,8.95825E+15,5.04176E+16
30075,6.17043E+18,6,6,36,1,2017,4,23,6,3,7,7,0,1,0,0,0,2,1,5.67364E+20,5.68084E+21,9.96575E+15,5.12749E+16
30076,6.17043E+18,6,5,32,9,2017,4,22,7,3,5,3,0,1,0,0,1,2,0,4.52494E+20,5.62672E+21,8.32601E+15,5.07903E+16
30077,6.17043E+18,6,5,32,13,2017,4,4,4,3,9,1,0,1,0,0,0,2,0,4.65514E+20,5.61213E+21,8.51209E+15,5.066E+16
30078,6.17043E+18,6,4,14,0,2017,4,18,7,3,3,6,0,1,0,0,0,0,0,4.44954E+20,5.54734E+21,8.23071E+15,5.00758E+16
30079,6.17043E+18,6,4,40,6,2017,4,6,4,2,9,6,0,1,0,0,0,0,0,4.92251E+20,5.58414E+21,8.89095E+15,5.04093E+16
30080,6.17043E+18,6,5,34,4,2017,4,20,4,3,9,1,0,1,0,0,0,1,0,4.64467E+20,5.6415E+21,8.49443E+15,5.09241E+16
30081,6.17042E+18,6,6,32,14,2017,4,19,7,2,8,1,0,1,0,0,0,0,0,5.39131E+20,5.64122E+21,9.55672E+15,5.09213E+16
30082,6.17042E+18,6,4,31,16,2017,4,14,7,3,3,6,0,1,0,0,0,0,0,4.67692E+20,5.4992E+21,8.55249E+15,4.96445E+16
30083,6.17043E+18,6,4,33,8,2017,4,17,4,3,2,6,0,1,0,0,0,0,0,4.72178E+20,5.53711E+21,8.6119E+15,4.99857E+16
30084,6.17042E+18,6,4,32,23,2017,4,19,7,3,3,6,0,1,0,0,0,0,0,4.71938E+20,5.5334E+21,8.60882E+15,4.99523E+16
30085,6.17042E+18,6,4,40,18,2017,4,11,7,2,3,6,0,1,0,0,0,0,0,4.78398E+20,5.57862E+21,8.69631E+15,5.03593E+16
30086,6.1705E+18,6,4,14,0,2017,5,4,2,3,0,7,1,0,0,0,0,2,0,4.45377E+20,5.54775E+21,8.23656E+15,5.00795E+16
30087,6.1705E+18,6,6,33,3,2017,5,15,3,3,2,6,0,1,0,0,1,0,1,5.31624E+20,5.67923E+21,9.45325E+15,5.12635E+16
30088,6.17042E+18,6,4,35,24,2017,4,9,6,1,2,2,0,1,0,1,1,0,0,5.03919E+20,5.56583E+21,9.05496E+15,5.02446E+16
30089,6.1705E+18,6,4,35,16,2017,5,10,3,3,8,1,0,1,0,0,0,0,1,5.30412E+20,5.56194E+21,9.42621E+15,5.02089E+16
30090,6.17042E+18,6,5,35,16,2017,4,18,6,2,4,6,0,1,0,0,0,0,0,5.05616E+20,5.59128E+21,9.07914E+15,5.04735E+16
30091,6.17043E+18,6,5,33,7,2017,4,15,4,2,6,4,0,1,1,0,0,0,0,4.32806E+20,5.59047E+21,8.0533E+15,5.04624E+16
30092,6.1705E+18,6,4,39,15,2017,5,14,3,3,4,1,0,1,0,0,0,0,1,4.42567E+20,5.55919E+21,8.19556E+15,5.01821E+16
30093,6.17042E+18,6,5,33,6,2017,4,13,6,2,6,4,0,1,1,0,0,0,0,4.31354E+20,5.58505E+21,8.03383E+15,5.04135E+16
30094,6.17043E+18,6,4,38,13,2017,4,11,5,3,0,7,0,1,0,0,1,0,0,4.95932E+20,5.54145E+21,8.9432E+15,5.00254E+16
30095,6.1705E+18,6,4,12,0,2017,5,17,3,3,2,6,0,1,0,0,0,0,1,4.76038E+20,5.55014E+21,8.66493E+15,5.0103E+16
30096,6.17042E+18,6,6,11,0,2017,4,6,6,3,5,3,1,1,0,0,0,0,0,5.3444E+20,5.68451E+21,9.49412E+15,5.13108E+16
30097,6.17042E+18,6,4,14,0,2017,4,15,6,3,3,6,0,1,0,0,1,0,0,4.42412E+20,5.54691E+21,8.19525E+15,5.00717E+16
30098,6.17043E+18,6,4,35,10,2017,4,17,5,3,5,3,0,1,0,0,0,0,0,5.15687E+20,5.56069E+21,9.21979E+15,5.01982E+16
30099,6.17042E+18,6,4,14,0,2017,4,10,6,3,3,7,0,1,0,0,0,0,0,4.46248E+20,5.54659E+21,8.24889E+15,5.00692E+16
30100,6.17042E+18,6,4,12,0,2017,4,11,6,3,0,7,0,1,0,0,0,0,0,4.76563E+20,5.55335E+21,8.67207E+15,5.01319E+16
30101,6.17043E+18,6,4,14,0,2017,4,12,5,2,4,6,0,1,0,0,1,0,0,4.44202E+20,5.54341E+21,8.22077E+15,5.00404E+16
30102,6.17042E+18,6,4,12,0,2017,4,21,6,2,2,6,0,0,0,0,1,2,0,4.7977E+20,5.55582E+21,8.71682E+15,5.01542E+16
30103,6.17043E+18,6,6,31,15,2017,4,12,6,2,2,6,0,1,0,1,0,0,0,5.47826E+20,5.60883E+21,9.6762E+15,5.06293E+16
30104,6.17042E+18,6,4,12,0,2017,4,21,6,3,4,6,0,1,0,1,0,1,0,4.79336E+20,5.55534E+21,8.71077E+15,5.01499E+16
30105,6.17042E+18,6,4,12,0,2017,4,17,6,3,5,2,1,1,0,0,0,0,0,4.79614E+20,5.55401E+21,8.71472E+15,5.0138E+16
30106,6.17042E+18,6,4,12,0,2017,4,13,6,3,2,6,0,1,0,1,0,0,0,4.75258E+20,5.54977E+21,8.65404E+15,5.00997E+16
30107,6.17042E+18,6,4,37,6,2017,4,15,6,3,2,6,0,1,0,0,0,0,0,4.99694E+20,5.50148E+21,8.99576E+15,4.96659E+16
30108,6.17042E+18,6,6,36,6,2017,4,15,6,3,7,7,0,1,0,0,1,0,0,5.52431E+20,5.67223E+21,9.75043E+15,5.11991E+16
30109,6.17043E+18,6,4,40,25,2017,4,7,6,3,2,2,0,1,0,0,1,0,0,4.82888E+20,5.56902E+21,8.75987E+15,5.0273E+16
30110,6.17042E+18,6,6,35,3,2017,4,18,6,3,9,1,0,1,0,0,0,0,0,5.08639E+20,5.66362E+21,9.12345E+15,5.1124E+16
30111,6.17043E+18,6,4,39,8,2017,4,17,6,3,5,2,0,1,0,0,1,0,0,4.46456E+20,5.56257E+21,8.24955E+15,5.02129E+16
30112,6.17042E+18,6,6,34,3,2017,4,14,6,3,5,3,0,1,0,0,0,0,0,5.33686E+20,5.66385E+21,9.48136E+15,5.11252E+16
30113,6.17042E+18,6,6,33,13,2017,4,11,6,3,5,3,0,1,0,0,0,0,0,5.27192E+20,5.70536E+21,9.39173E+15,5.14987E+16
30114,6.17042E+18,6,6,32,3,2017,4,16,6,3,3,2,1,1,0,0,0,0,0,5.55845E+20,5.64631E+21,9.79528E+15,5.09657E+16
30115,6.17042E+18,6,4,34,11,2017,4,13,6,3,7,7,0,1,0,0,0,0,0,4.66828E+20,5.57944E+21,8.53359E+15,5.03661E+16
30116,6.17042E+18,6,5,33,12,2017,4,14,6,3,4,6,0,1,0,0,0,0,0,4.42371E+20,5.59444E+21,8.18743E+15,5.04991E+16
30117,6.17043E+18,6,6,32,14,2017,4,17,6,2,5,2,0,1,0,1,0,0,0,5.40572E+20,5.64037E+21,9.57713E+15,5.09136E+16
30118,6.17043E+18,6,6,31,16,2017,4,15,7,3,8,1,0,1,0,0,0,0,0,5.44849E+20,5.58671E+21,9.63146E+15,5.04307E+16
30119,6.17042E+18,6,4,31,7,2017,4,10,6,3,2,6,0,1,0,0,0,0,0,4.8539E+20,5.50126E+21,8.79755E+15,4.96637E+16
30120,6.17042E+18,6,4,31,11,2017,4,9,6,3,2,6,0,1,0,0,0,0,0,4.7393E+20,5.49891E+21,8.63891E+15,4.96422E+16
30121,6.17043E+18,6,4,33,5,2017,4,18,4,3,2,6,0,1,0,0,0,0,0,4.5163E+20,5.5384E+21,8.32513E+15,4.99959E+16
30122,6.17042E+18,6,5,32,6,2017,4,17,6,3,5,3,1,1,0,0,0,0,0,4.52029E+20,5.61988E+21,8.32031E+15,5.07288E+16
30123,6.17042E+18,6,4,40,23,2017,4,13,6,3,3,6,0,1,0,1,0,0,0,4.76386E+20,5.56896E+21,8.66864E+15,5.02723E+16
30124,6.17043E+18,6,5,34,16,2017,4,17,4,3,2,6,0,1,0,0,0,0,0,5.0782E+20,5.63297E+21,9.11108E+15,5.08484E+16
30125,6.17042E+18,6,5,34,5,2017,4,1,6,3,0,1,0,0,0,1,0,2,0,4.5886E+20,5.6342E+21,8.41549E+15,5.0858E+16
30126,6.17042E+18,6,4,31,18,2017,4,14,6,3,2,6,0,1,0,0,1,0,0,4.88474E+20,5.47245E+21,8.84113E+15,4.94046E+16
30127,6.1705E+18,6,6,34,11,2017,5,16,2,3,9,1,0,1,0,0,0,0,0,5.33156E+20,5.64875E+21,9.47241E+15,5.09894E+16
30128,6.1705E+18,6,4,35,19,2017,5,18,2,3,5,3,0,1,0,0,0,0,1,4.87542E+20,5.55369E+21,8.82568E+15,5.01353E+16
30129,6.17042E+18,6,4,31,3,2017,4,16,6,3,5,3,1,1,0,0,0,0,0,4.61438E+20,5.50493E+21,8.4653E+15,4.96957E+16
30130,6.17043E+18,6,5,34,16,2017,4,14,4,2,5,3,0,1,0,0,1,0,0,5.08446E+20,5.63327E+21,9.11998E+15,5.08511E+16
30131,6.1705E+18,6,5,31,5,2017,5,16,3,3,9,1,0,1,0,0,1,0,1,4.7949E+20,5.60303E+21,8.71032E+15,5.05788E+16
30132,6.17042E+18,6,4,33,8,2017,4,15,6,3,5,2,0,1,0,1,0,0,0,4.67767E+20,5.53489E+21,8.55056E+15,4.99655E+16
30133,6.17043E+18,6,5,32,21,2017,4,17,4,3,5,3,1,1,0,0,0,0,0,4.59311E+20,5.60017E+21,8.42564E+15,5.05521E+16
30134,6.1705E+18,6,4,40,7,2017,5,12,3,3,9,1,0,1,0,0,0,0,1,4.93498E+20,5.57432E+21,8.90867E+15,5.03209E+16
30135,6.17042E+18,6,4,33,5,2017,4,17,6,3,5,2,1,1,0,0,0,0,0,4.53038E+20,5.5357E+21,8.3451E+15,4.99718E+16
30136,6.1705E+18,6,5,33,18,2017,5,8,3,2,8,1,0,1,0,0,0,0,1,4.55042E+20,5.59092E+21,8.36651E+15,5.04685E+16
30137,6.17042E+18,6,6,31,6,2017,4,1,6,3,8,1,0,1,0,0,0,2,0,5.4985E+20,5.59346E+21,9.70276E+15,5.0491E+16
30138,6.17042E+18,6,4,12,0,2017,4,11,6,3,2,6,0,1,0,0,0,0,0,4.81858E+20,5.55642E+21,8.74601E+15,5.01598E+16
30139,6.17043E+18,6,4,12,0,2017,4,13,5,3,2,6,0,1,0,0,0,0,0,4.71342E+20,5.55529E+21,8.59888E+15,5.01491E+16
30140,6.17042E+18,6,5,31,5,2017,4,15,6,3,2,6,0,1,0,0,1,0,0,4.79423E+20,5.60278E+21,8.70939E+15,5.05766E+16
30141,6.17042E+18,6,4,38,13,2017,4,15,6,3,2,6,0,0,0,0,1,0,0,4.9583E+20,5.54159E+21,8.94178E+15,5.00266E+16
30142,6.17043E+18,6,5,34,16,2017,4,17,5,3,5,3,0,1,0,0,0,0,0,5.07562E+20,5.63655E+21,9.10749E+15,5.08806E+16
30143,6.17042E+18,6,4,35,14,2017,4,12,6,2,2,6,0,1,0,0,0,0,0,4.94779E+20,5.55093E+21,8.92698E+15,5.01106E+16
30144,6.17043E+18,6,4,11,0,2017,4,10,5,3,5,2,0,1,0,0,1,0,0,4.74784E+20,5.52452E+21,8.64908E+15,4.98725E+16
30145,6.17042E+18,6,4,35,13,2017,4,0,6,3,2,6,0,1,0,0,0,2,0,5.00094E+20,5.56558E+21,9.00131E+15,5.02424E+16
30146,6.17042E+18,6,6,34,11,2017,4,23,6,3,3,6,0,1,0,0,1,2,0,5.35521E+20,5.64485E+21,9.50572E+15,5.09541E+16
30147,6.1705E+18,6,4,11,0,2017,5,23,3,2,8,1,0,1,0,0,0,2,1,4.7137E+20,5.52444E+21,8.60157E+15,4.98717E+16
30148,6.1705E+18,6,4,32,19,2017,5,16,3,2,5,3,0,1,0,0,0,0,1,4.88065E+20,5.51962E+21,8.83405E+15,4.98289E+16
30149,6.17042E+18,6,4,33,7,2017,4,8,6,3,3,6,0,1,0,0,1,0,0,4.65054E+20,5.5425E+21,8.51204E+15,5.00338E+16
30150,6.1705E+18,6,4,34,2,2017,5,19,3,3,8,7,0,1,0,0,0,0,1,4.76126E+20,5.56655E+21,8.66513E+15,5.02507E+16
30151,6.17042E+18,6,4,12,0,2017,4,15,6,3,9,7,0,1,0,0,0,0,0,4.80353E+20,5.5533E+21,8.72511E+15,5.01316E+16
30152,6.17043E+18,6,4,12,0,2017,4,17,5,3,5,3,0,1,0,0,1,0,0,4.70087E+20,5.54471E+21,8.58214E+15,5.00539E+16
30153,6.1705E+18,6,4,11,0,2017,5,5,3,3,5,3,0,1,0,0,0,2,1,4.74248E+20,5.52442E+21,8.64162E+15,4.98716E+16
30154,6.17042E+18,6,4,14,0,2017,4,15,6,3,2,6,0,1,0,0,0,0,0,4.53147E+20,5.55112E+21,8.34473E+15,5.01105E+16
30155,6.17043E+18,6,4,33,12,2017,4,14,5,3,9,7,0,1,0,0,0,0,0,4.59095E+20,5.53717E+21,8.4294E+15,4.99855E+16
30156,6.1705E+18,6,5,32,11,2017,5,20,4,2,8,1,0,1,0,0,0,1,1,4.41863E+20,5.62329E+21,8.17574E+15,5.07585E+16
30157,6.17042E+18,6,4,31,13,2017,4,18,6,3,0,6,0,0,0,0,1,0,0,4.68034E+20,5.49579E+21,8.5575E+15,4.96138E+16
30158,6.17042E+18,6,4,32,18,2017,4,14,6,3,8,1,0,1,0,0,1,0,0,4.72508E+20,5.51487E+21,8.61808E+15,4.97856E+16
30159,6.17043E+18,6,4,11,0,2017,4,14,5,3,2,6,0,1,0,0,1,0,0,4.74538E+20,5.52552E+21,8.64558E+15,4.98816E+16
30160,6.17042E+18,6,4,33,8,2017,4,10,6,3,9,1,0,1,0,0,0,0,0,4.71552E+20,5.53586E+21,8.60326E+15,4.99744E+16
30161,6.17042E+18,6,4,35,7,2017,4,14,5,3,0,7,1,1,0,0,0,0,1,4.99281E+20,5.55588E+21,8.98993E+15,5.01551E+16
30162,6.17043E+18,6,5,33,3,2017,4,10,6,3,2,6,0,1,0,0,0,0,0,4.45319E+20,5.57313E+21,8.2321E+15,5.03078E+16
30163,6.17042E+18,6,5,35,16,2017,4,20,5,2,8,1,0,1,0,0,0,2,0,5.11346E+20,5.59156E+21,9.1599E+15,5.04759E+16
30164,6.17043E+18,6,5,34,16,2017,4,13,6,3,9,6,0,1,0,0,1,0,0,5.09887E+20,5.63318E+21,9.14045E+15,5.08503E+16
30165,6.17042E+18,6,6,33,20,2017,4,20,5,3,5,3,0,1,0,0,0,2,0,5.38092E+20,5.68563E+21,9.54663E+15,5.13207E+16
30166,6.17042E+18,6,6,11,0,2017,4,7,5,3,5,2,0,1,0,0,1,0,0,5.3723E+20,5.68628E+21,9.53433E+15,5.13266E+16
30167,6.17042E+18,6,4,14,0,2017,4,17,5,3,5,3,1,1,0,0,0,0,0,4.42374E+20,5.54401E+21,8.19516E+15,5.00456E+16
30168,6.17042E+18,6,4,14,0,2017,4,16,5,3,6,4,0,0,1,0,1,0,0,4.44482E+20,5.54404E+21,8.22458E+15,5.00461E+16
30169,6.17042E+18,6,4,12,0,2017,4,14,5,3,5,3,0,1,0,0,0,0,0,4.73387E+20,5.55163E+21,8.62776E+15,5.01163E+16
30170,6.17043E+18,6,5,32,15,2017,4,17,4,2,4,6,0,1,0,1,0,0,0,4.68678E+20,5.6065E+21,8.55732E+15,5.06095E+16
30171,6.17042E+18,6,4,12,0,2017,4,15,5,2,5,3,0,1,0,1,0,0,0,4.76319E+20,5.55519E+21,8.66855E+15,5.01485E+16
30172,6.17043E+18,6,4,39,10,2017,4,12,1,2,4,1,0,0,0,1,0,0,0,4.21631E+20,5.5522E+21,7.90381E+15,5.01168E+16
30173,6.1705E+18,6,4,32,18,2017,5,15,2,3,2,6,0,1,0,0,0,0,1,4.67311E+20,5.51312E+21,8.54605E+15,4.97697E+16
30174,6.17042E+18,6,4,12,0,2017,4,14,5,3,6,7,0,0,1,0,1,0,0,4.82701E+20,5.55181E+21,8.75803E+15,5.01183E+16
30175,6.17043E+18,6,4,13,0,2017,4,15,4,3,2,6,0,1,0,0,0,0,0,4.82674E+20,5.54597E+21,8.75791E+15,5.00658E+16
30176,6.1705E+18,6,5,32,23,2017,5,22,2,3,5,2,0,1,0,0,0,2,1,4.66216E+20,5.60333E+21,8.52282E+15,5.05809E+16
30177,6.17042E+18,6,4,12,0,2017,4,8,5,3,6,3,1,1,1,0,1,0,0,4.78383E+20,5.554E+21,8.6975E+15,5.01378E+16
30178,6.17043E+18,6,4,38,11,2017,4,8,4,3,3,7,0,1,0,0,0,0,0,4.92183E+20,5.54615E+21,8.89077E+15,5.00676E+16
30179,6.1705E+18,6,4,14,0,2017,5,18,2,2,6,4,0,1,1,0,0,0,1,4.44235E+20,5.54884E+21,8.22044E+15,5.00892E+16
30180,6.17042E+18,6,4,11,0,2017,4,17,5,3,5,3,1,1,0,0,0,0,0,4.74378E+20,5.5248E+21,8.6434E+15,4.9875E+16
30181,6.17043E+18,6,4,35,3,2017,4,17,4,3,9,1,0,1,0,0,0,0,0,5.17677E+20,5.56345E+21,9.2478E+15,5.0223E+16
30182,6.1705E+18,6,6,34,8,2017,5,16,3,2,3,1,0,1,0,0,1,0,1,5.3262E+20,5.67252E+21,9.46692E+15,5.12032E+16
30183,6.17042E+18,6,4,11,0,2017,4,18,5,3,5,2,0,1,0,0,0,0,0,4.76233E+20,5.52469E+21,8.66923E+15,4.98742E+16
30184,6.17042E+18,6,4,11,0,2017,4,20,5,3,2,6,0,1,0,0,0,1,0,4.7668E+20,5.52678E+21,8.67533E+15,4.9893E+16
30185,6.17042E+18,6,6,34,20,2017,4,7,5,3,5,2,0,1,0,0,0,0,0,5.24409E+20,5.62879E+21,9.34645E+15,5.08103E+16
30186,6.17042E+18,6,6,36,6,2017,4,16,5,3,8,1,0,1,0,0,0,0,0,5.51084E+20,5.67594E+21,9.73167E+15,5.12325E+16
30187,6.17043E+18,6,5,33,9,2017,4,14,4,3,2,6,0,1,0,0,1,0,0,4.34967E+20,5.58598E+21,8.08452E+15,5.04222E+16
30188,6.17042E+18,6,6,35,20,2017,4,15,5,2,5,7,1,0,0,0,0,0,0,5.10269E+20,5.69215E+21,9.14755E+15,5.13805E+16
30189,6.17043E+18,6,5,31,5,2017,4,7,5,3,2,6,0,1,0,0,1,0,0,4.73579E+20,5.60141E+21,8.62695E+15,5.0564E+16
30190,6.17043E+18,6,4,31,4,2017,4,17,7,3,5,3,1,1,0,0,0,0,0,4.81054E+20,5.4904E+21,8.73799E+15,4.95659E+16
30191,6.17042E+18,6,6,32,3,2017,4,6,5,3,1,5,0,1,0,0,0,0,0,5.55043E+20,5.64534E+21,9.78371E+15,5.0957E+16
30192,6.17043E+18,6,6,31,20,2017,4,7,4,2,3,6,0,1,0,0,0,0,0,5.51801E+20,5.60057E+21,9.73125E+15,5.05548E+16
30193,6.17043E+18,6,4,14,0,2017,4,14,7,3,2,6,1,1,0,0,0,0,0,4.52769E+20,5.54495E+21,8.34021E+15,5.00549E+16
30194,6.17042E+18,6,4,38,2,2017,4,17,5,3,2,6,0,1,0,0,0,0,0,4.81508E+20,5.54457E+21,8.74169E+15,5.00531E+16
30195,6.17043E+18,6,4,39,11,2017,4,14,4,3,2,6,0,1,0,0,0,0,0,4.49872E+20,5.55706E+21,8.29815E+15,5.01636E+16
30196,6.17042E+18,6,4,38,2,2017,4,18,5,3,2,6,0,1,0,0,0,0,0,4.79997E+20,5.54423E+21,8.7206E+15,5.005E+16
30197,6.17042E+18,6,4,38,10,2017,4,6,5,3,9,7,0,1,0,0,0,0,0,4.89717E+20,5.54716E+21,8.85628E+15,5.00767E+16
30198,6.17043E+18,6,4,31,2,2017,4,12,4,3,2,6,0,1,0,0,0,0,0,4.71016E+20,5.50224E+21,8.5983E+15,4.9672E+16
30199,6.17042E+18,6,4,34,8,2017,4,16,5,3,4,6,0,1,0,0,0,1,0,4.68407E+20,5.56314E+21,8.55714E+15,5.02196E+16
30200,6.17042E+18,6,5,33,18,2017,4,19,5,3,4,1,0,1,0,0,0,0,0,4.50658E+20,5.58708E+21,8.30524E+15,5.04336E+16
30201,6.17042E+18,6,5,33,11,2017,4,18,5,3,5,3,0,1,0,0,1,0,0,4.40104E+20,5.60175E+21,8.15429E+15,5.05646E+16
30202,6.1705E+18,6,5,34,7,2017,5,16,2,3,4,1,0,1,0,0,1,0,1,4.68402E+20,5.62885E+21,8.55151E+15,5.08105E+16
30203,6.1705E+18,6,6,11,0,2017,5,14,2,3,5,3,0,1,0,0,0,0,0,5.37302E+20,5.68474E+21,9.5352E+15,5.13127E+16
30204,6.17042E+18,6,4,36,7,2017,4,6,5,3,5,3,1,0,0,0,1,0,0,4.57933E+20,5.54534E+21,8.4123E+15,5.00588E+16
30205,6.1705E+18,6,4,35,1,2017,5,16,3,2,3,1,0,1,0,0,1,0,1,5.20717E+20,5.56503E+21,9.29051E+15,5.02371E+16
30206,6.17042E+18,6,4,40,16,2017,4,18,5,2,5,3,0,1,0,0,0,0,0,5.01466E+20,5.58692E+21,9.02064E+15,5.04343E+16
30207,6.1705E+18,6,4,31,7,2017,5,11,3,3,5,3,0,1,0,0,0,0,1,4.83714E+20,5.49941E+21,8.7744E+15,4.9647E+16
30208,6.17042E+18,6,4,40,4,2017,4,8,5,3,5,3,0,1,0,0,0,0,0,5.05192E+20,5.57145E+21,9.0729E+15,5.02952E+16
30209,6.17043E+18,6,4,35,7,2017,4,17,4,3,5,3,1,1,0,0,0,0,0,4.99279E+20,5.55588E+21,8.98991E+15,5.01552E+16
30210,6.1705E+18,6,6,34,14,2017,5,9,3,3,8,1,0,1,0,0,0,0,1,5.37684E+20,5.66207E+21,9.5383E+15,5.11089E+16
30211,6.17042E+18,6,4,32,2,2017,4,8,5,3,2,6,0,1,0,0,0,0,0,4.97423E+20,5.53407E+21,8.96407E+15,4.9959E+16
30212,6.17042E+18,6,4,40,18,2017,4,18,5,3,5,3,0,1,0,0,0,0,0,4.79616E+20,5.58244E+21,8.71322E+15,5.03937E+16
30213,6.17043E+18,6,5,31,5,2017,4,15,5,3,5,3,1,1,0,0,0,0,0,4.76493E+20,5.6032E+21,8.66798E+15,5.05803E+16
30214,6.17042E+18,6,4,40,17,2017,4,16,5,2,5,3,0,1,0,0,0,0,0,4.89695E+20,5.56995E+21,8.85537E+15,5.02816E+16
30215,6.17042E+18,6,4,40,25,2017,4,12,5,2,5,3,0,1,0,1,0,0,0,4.82727E+20,5.56873E+21,8.75762E+15,5.02705E+16
30216,6.17043E+18,6,4,35,19,2017,4,9,5,3,2,6,0,1,0,0,0,0,0,4.87254E+20,5.55556E+21,8.82158E+15,5.01521E+16
30217,6.17042E+18,6,4,33,12,2017,4,7,5,3,5,3,0,1,0,1,0,0,0,4.59301E+20,5.53675E+21,8.43232E+15,4.99817E+16
30218,6.17042E+18,6,6,31,9,2017,4,11,5,3,2,6,0,1,0,0,0,0,0,5.48398E+20,5.59685E+21,9.68274E+15,5.05216E+16
30219,6.17043E+18,6,6,33,20,2017,4,9,5,3,1,5,0,1,0,0,0,0,0,5.38031E+20,5.68549E+21,9.54575E+15,5.13194E+16
30220,6.17042E+18,6,6,31,17,2017,4,18,5,2,5,3,0,1,0,0,0,0,0,5.51985E+20,5.5976E+21,9.73344E+15,5.05281E+16
30221,6.17042E+18,6,5,31,10,2017,4,12,5,2,4,1,0,1,0,1,0,0,0,5.00379E+20,5.59844E+21,9.00535E+15,5.05379E+16
30222,6.17042E+18,6,5,31,16,2017,4,7,5,3,2,6,0,1,0,0,1,0,0,4.86507E+20,5.60481E+21,8.80937E+15,5.0595E+16
30223,6.17043E+18,6,6,31,7,2017,4,10,1,3,5,3,0,1,0,0,0,0,0,5.57706E+20,5.62588E+21,9.81855E+15,5.07818E+16
30224,6.17043E+18,6,6,34,1,2017,4,21,6,3,5,3,0,1,0,0,0,1,0,5.20829E+20,5.65578E+21,9.29718E+15,5.10532E+16
30225,6.17043E+18,6,5,35,1,2017,4,14,7,3,0,1,0,0,0,1,0,0,0,5.15251E+20,5.62323E+21,9.21624E+15,5.07607E+16
30226,6.17042E+18,6,4,12,0,2017,4,16,5,3,2,6,0,1,0,0,0,0,0,4.6865E+20,5.55275E+21,8.56141E+15,5.01261E+16
30227,6.17042E+18,6,4,33,12,2017,4,17,5,3,2,6,0,1,0,0,0,0,0,4.59247E+20,5.53599E+21,8.43166E+15,4.99749E+16
30228,6.17043E+18,6,5,31,12,2017,4,9,4,3,2,6,0,1,0,0,0,0,0,4.74495E+20,5.59733E+21,8.64017E+15,5.05273E+16
30229,6.17042E+18,6,4,32,6,2017,4,10,5,3,2,6,0,1,0,0,0,0,0,4.71758E+20,5.53446E+21,8.60624E+15,4.99618E+16
30230,6.17042E+18,6,4,40,1,2017,4,21,5,3,0,7,0,1,0,0,1,2,0,4.97314E+20,5.57182E+21,8.96229E+15,5.02985E+16
30231,6.17042E+18,6,4,35,6,2017,4,12,4,3,2,7,0,1,0,0,0,0,0,4.93107E+20,5.56087E+21,8.90342E+15,5.02E+16
30232,6.17043E+18,6,6,35,15,2017,4,16,1,2,5,3,0,1,0,0,0,0,0,4.91567E+20,5.68192E+21,8.87907E+15,5.12886E+16
30233,6.1705E+18,6,6,33,24,2017,5,19,2,3,8,1,0,1,0,0,0,1,0,5.35991E+20,5.67753E+21,9.51567E+15,5.1248E+16
30234,6.17042E+18,6,6,32,2,2017,4,12,4,3,5,2,0,1,0,0,1,0,0,5.50513E+20,5.63595E+21,9.71792E+15,5.0873E+16
30235,6.1705E+18,6,6,35,2,2017,5,0,2,2,2,2,0,1,0,1,0,0,0,4.96271E+20,5.69318E+21,8.94641E+15,5.13899E+16
30236,6.17042E+18,6,5,33,6,2017,4,14,4,2,9,1,0,1,0,0,0,0,0,4.29355E+20,5.58364E+21,8.00597E+15,5.04006E+16
30237,6.17043E+18,6,4,40,15,2017,4,17,4,3,3,6,0,1,0,0,0,0,0,4.83797E+20,5.59076E+21,8.77169E+15,5.04686E+16
30238,6.1705E+18,6,4,36,2,2017,5,7,3,3,9,1,0,1,0,0,0,0,1,4.52121E+20,5.5546E+21,8.32995E+15,5.01417E+16
30239,6.17042E+18,6,6,33,15,2017,4,17,4,3,4,1,0,1,0,0,0,0,0,5.46011E+20,5.68059E+21,9.65962E+15,5.12748E+16
30240,6.17043E+18,6,6,36,12,2017,4,12,3,2,8,1,0,1,0,0,0,0,1,5.6031E+20,5.66867E+21,9.86258E+15,5.11662E+16
30241,6.1705E+18,6,4,32,4,2017,5,17,3,3,2,6,0,1,0,0,0,0,1,4.89134E+20,5.52854E+21,8.84867E+15,4.99091E+16
30242,6.17042E+18,6,6,33,8,2017,4,12,4,3,5,3,0,1,0,0,0,0,0,5.35636E+20,5.67927E+21,9.51075E+15,5.12636E+16
30243,6.17042E+18,6,6,11,0,2017,4,10,4,3,2,6,0,1,0,0,0,0,0,5.34182E+20,5.6874E+21,9.49069E+15,5.13369E+16
30244,6.17043E+18,6,4,14,0,2017,4,9,4,3,2,6,0,1,0,0,0,0,0,4.49132E+20,5.54539E+21,8.28935E+15,5.00586E+16
30245,6.17042E+18,6,4,14,0,2017,4,16,4,3,2,6,0,1,0,1,0,0,0,4.4566E+20,5.54417E+21,8.24103E+15,5.00474E+16
30246,6.17042E+18,6,4,14,0,2017,4,14,4,3,5,3,0,1,0,0,1,0,0,4.44288E+20,5.54753E+21,8.22137E+15,5.00774E+16
30247,6.17043E+18,6,4,12,0,2017,4,16,5,3,2,6,0,1,0,0,1,0,0,4.65787E+20,5.5511E+21,8.52151E+15,5.01111E+16
30248,6.17042E+18,6,4,14,0,2017,4,12,4,3,5,3,0,1,0,0,0,0,0,4.4405E+20,5.5475E+21,8.21805E+15,5.00771E+16