OBJECTID,UIDENTSTLA,ULAND,UREGBEZ,UKREIS,UGEMEINDE,UJAHR,UMONAT,USTUNDE,UWOCHENTAG,UKATEGORIE,UART,UTYP1,IstRad,IstPKW,IstFuss,IstKrad,IstSonstig,LICHT,STRZUSTAND,LINREFX,LINREFY,XGCSWGS84,YGCSWGS84
30249,6.17042E+18,6,4,14,0,2017,4,8,4,3,0,6,0,0,0,0,1,0,0,4.45871E+20,5.54688E+21,8.24358E+15,5.00717E+16
30250,6.17043E+18,6,4,31,2,2017,4,17,5,3,5,3,0,1,0,0,1,0,0,4.71013E+20,5.50226E+21,8.59826E+15,4.96721E+16
30251,6.17042E+18,6,4,14,0,2017,4,10,4,3,3,2,0,1,0,0,0,0,0,4.464E+20,5.54615E+21,8.25108E+15,5.00652E+16
30252,6.17042E+18,6,4,12,0,2017,4,19,4,3,2,6,0,1,0,0,0,0,0,4.72756E+20,5.5485E+21,8.61916E+15,5.00881E+16
30253,6.17043E+18,6,6,33,5,2017,4,13,6,3,2,2,0,1,0,0,0,0,0,5.28697E+20,5.69358E+21,9.41246E+15,5.13927E+16
30254,6.17042E+18,6,4,37,13,2017,4,17,4,3,5,2,0,1,0,0,0,0,0,4.90537E+20,5.50725E+21,8.86873E+15,4.97177E+16
30255,6.17043E+18,6,4,14,0,2017,4,16,6,3,2,6,0,1,0,0,0,0,0,4.47057E+20,5.54713E+21,8.26012E+15,5.00741E+16
30256,6.17042E+18,6,4,11,0,2017,4,12,4,3,0,2,1,0,0,0,1,0,0,4.75845E+20,5.52396E+21,8.66388E+15,4.98676E+16
30257,6.17043E+18,6,4,32,2,2017,4,11,1,3,3,6,1,1,0,0,0,0,0,4.96898E+20,5.53393E+21,8.95676E+15,4.99577E+16
30258,6.17043E+18,6,6,34,3,2017,4,20,1,2,8,1,0,0,0,1,0,0,0,5.31122E+20,5.66081E+21,9.44446E+15,5.10979E+16
30259,6.17042E+18,6,6,11,0,2017,4,8,4,3,2,6,0,1,0,0,0,0,0,5.30061E+20,5.68485E+21,9.43132E+15,5.13142E+16
30260,6.1705E+18,6,4,14,0,2017,5,21,2,2,3,1,0,1,0,0,0,2,1,4.48015E+20,5.54467E+21,8.27384E+15,5.00521E+16
30261,6.17042E+18,6,4,38,8,2017,4,15,4,3,1,5,1,1,0,0,0,0,0,4.8968E+20,5.55234E+21,8.85564E+15,5.01232E+16
30262,6.17043E+18,6,6,34,9,2017,4,21,3,3,4,6,0,1,0,0,1,2,0,5.26466E+20,5.65533E+21,9.37757E+15,5.10489E+16
30263,6.1705E+18,6,4,37,3,2017,5,4,2,3,4,6,0,1,0,0,0,2,0,4.93234E+20,5.51174E+21,8.90607E+15,4.97581E+16
30264,6.17042E+18,6,5,32,9,2017,4,9,4,3,1,5,0,1,0,0,1,0,0,4.53363E+20,5.62911E+21,8.33804E+15,5.08118E+16
30265,6.17043E+18,6,5,35,16,2017,4,13,3,3,0,1,0,0,0,1,0,0,0,5.06773E+20,5.59568E+21,9.09553E+15,5.0513E+16
30266,6.1705E+18,6,5,33,3,2017,5,17,2,3,8,1,0,1,0,0,0,0,1,4.49551E+20,5.57191E+21,8.29168E+15,5.02972E+16
30267,6.17042E+18,6,4,40,2,2017,4,15,4,3,6,3,0,1,1,0,0,0,0,4.81996E+20,5.58242E+21,8.74671E+15,5.03936E+16
30268,6.17042E+18,6,4,31,18,2017,4,7,4,2,9,7,0,1,0,0,0,0,1,4.8872E+20,5.47195E+21,8.84454E+15,4.94002E+16
30269,6.17043E+18,6,6,11,0,2017,4,8,3,2,2,6,0,1,0,0,0,0,1,5.37374E+20,5.68471E+21,9.53624E+15,5.13124E+16
30270,6.17042E+18,6,5,34,8,2017,4,19,4,3,8,6,0,1,0,0,1,0,0,4.8559E+20,5.61921E+21,8.79584E+15,5.07245E+16
30271,6.17042E+18,6,6,31,9,2017,4,16,4,3,5,3,1,1,0,0,0,0,0,5.47207E+20,5.60056E+21,9.66641E+15,5.05551E+16
30272,6.17042E+18,6,4,35,21,2017,4,9,3,2,8,1,0,1,0,0,0,0,1,4.97111E+20,5.56676E+21,8.95947E+15,5.0253E+16
30273,6.17042E+18,6,6,36,7,2017,4,16,3,2,2,6,0,1,0,0,0,0,1,5.7498E+20,5.67232E+21,1.00731E+16,5.11974E+16
30274,6.17043E+18,6,4,35,6,2017,4,19,4,3,8,6,0,1,0,0,0,0,0,4.9305E+20,5.56074E+21,8.90262E+15,5.01988E+16
30275,6.17042E+18,6,6,35,19,2017,4,18,3,2,8,1,0,1,0,0,1,0,0,4.95265E+20,5.67242E+21,8.93223E+15,5.12032E+16
30276,6.17042E+18,6,5,35,15,2017,4,18,3,3,8,1,0,1,0,0,0,0,1,5.37401E+20,5.61144E+21,9.52909E+15,5.06536E+16
30277,6.17043E+18,6,4,33,12,2017,4,13,6,3,5,2,0,1,0,1,0,0,0,4.57942E+20,5.53601E+21,8.41345E+15,4.99749E+16
30278,6.17043E+18,6,4,34,11,2017,4,9,6,3,2,6,0,1,0,0,0,0,0,4.6742E+20,5.57577E+21,8.54223E+15,5.03332E+16
30279,6.17042E+18,6,6,11,0,2017,4,15,3,3,0,3,0,1,0,1,0,0,1,5.37548E+20,5.68234E+21,9.53849E+15,5.12911E+16
30280,6.17042E+18,6,4,14,0,2017,4,14,3,3,0,2,0,1,0,0,1,0,0,4.44669E+20,5.54671E+21,8.22682E+15,5.00701E+16
30281,6.17042E+18,6,4,13,0,2017,4,10,3,3,5,2,0,1,0,1,0,0,0,4.82351E+20,5.54871E+21,8.75328E+15,5.00904E+16
30282,6.17042E+18,6,4,12,0,2017,4,8,3,3,0,7,0,0,0,1,0,0,1,4.72945E+20,5.5532E+21,8.62146E+15,5.01305E+16
30283,6.17042E+18,6,4,12,0,2017,4,15,3,3,2,6,0,1,0,0,0,0,1,4.75416E+20,5.54779E+21,8.65639E+15,5.00818E+16
30284,6.1705E+18,6,4,36,7,2017,5,18,3,3,2,6,0,1,0,0,0,0,0,4.60704E+20,5.54805E+21,8.45073E+15,5.00834E+16
30285,6.17042E+18,6,4,12,0,2017,4,15,3,3,2,6,0,1,0,0,0,0,0,4.75466E+20,5.54793E+21,8.65707E+15,5.00831E+16
30286,6.17042E+18,6,4,37,1,2017,4,8,3,2,8,6,0,0,0,0,1,0,1,5.02859E+20,5.50943E+21,9.03967E+15,4.97374E+16
30287,6.17043E+18,6,5,32,15,2017,4,13,5,3,8,1,0,0,0,1,0,0,0,4.68686E+20,5.60112E+21,8.55789E+15,5.05612E+16
30288,6.1705E+18,6,6,35,20,2017,5,17,3,3,2,6,0,1,0,0,0,0,1,5.08521E+20,5.69838E+21,9.12259E+15,5.14366E+16
30289,6.17042E+18,6,4,11,0,2017,4,1,3,3,8,1,0,1,0,0,0,2,0,4.77047E+20,5.52113E+21,8.68077E+15,4.98422E+16
30290,6.17042E+18,6,6,34,14,2017,4,10,3,2,3,6,1,1,0,0,0,0,0,5.37599E+20,5.66251E+21,9.53713E+15,5.11128E+16
30291,6.17043E+18,6,6,31,9,2017,4,0,5,3,1,1,0,1,0,0,0,2,0,5.48108E+20,5.59974E+21,9.67901E+15,5.05476E+16
30292,6.17042E+18,6,6,11,0,2017,4,11,3,3,2,6,0,1,0,0,0,0,0,5.3159E+20,5.68164E+21,9.45298E+15,5.12852E+16
30293,6.17042E+18,6,6,34,5,2017,4,16,3,3,2,6,0,1,0,0,0,0,1,5.1991E+20,5.66545E+21,9.2846E+15,5.11401E+16
30294,6.17043E+18,6,6,36,11,2017,4,12,5,2,9,1,0,1,0,0,0,0,1,5.6177E+20,5.65642E+21,9.88136E+15,5.10559E+16
30295,6.17042E+18,6,6,36,10,2017,4,19,3,2,4,1,0,1,0,0,0,1,2,5.7835E+20,5.65845E+21,1.01183E+16,5.10723E+16
30296,6.17042E+18,6,4,36,4,2017,4,16,3,2,4,6,0,1,0,0,1,0,0,4.59566E+20,5.54241E+21,8.43542E+15,5.00326E+16
30297,6.17042E+18,6,4,31,7,2017,4,17,3,3,2,6,0,1,0,0,0,0,1,4.83832E+20,5.49952E+21,8.77603E+15,4.9648E+16
30298,6.17043E+18,6,5,31,16,2017,4,17,1,2,9,1,0,1,0,0,0,0,0,4.89408E+20,5.60455E+21,8.85036E+15,5.05928E+16
30299,6.17043E+18,6,4,33,6,2017,4,5,1,2,5,3,0,1,0,0,0,2,0,4.6377E+20,5.53179E+21,8.49512E+15,4.99373E+16
30300,6.17042E+18,6,4,32,20,2017,4,5,3,3,6,2,0,1,1,0,0,2,1,4.81645E+20,5.52334E+21,8.74462E+15,4.98622E+16
30301,6.17043E+18,6,4,34,5,2017,4,11,1,3,2,6,0,1,0,0,0,0,0,4.62543E+20,5.5588E+21,8.47539E+15,5.01802E+16
30302,6.17042E+18,6,4,31,13,2017,4,12,3,3,5,3,0,1,0,0,0,0,0,4.69746E+20,5.49359E+21,8.58136E+15,4.95942E+16
30303,6.17043E+18,6,6,11,0,2017,4,17,3,3,5,3,0,1,0,0,0,0,0,5.34438E+20,5.68751E+21,9.49439E+15,5.13378E+16
30304,6.1705E+18,6,5,31,9,2017,5,8,2,3,2,6,0,1,0,0,1,0,0,4.77435E+20,5.59467E+21,8.6818E+15,5.05036E+16
30305,6.17042E+18,6,4,31,2,2017,4,16,3,3,5,3,0,1,0,0,0,0,0,4.73404E+20,5.50253E+21,8.63138E+15,4.96747E+16
30306,6.17043E+18,6,4,14,0,2017,4,18,3,2,2,6,0,1,0,1,0,0,0,4.49102E+20,5.54145E+21,8.28945E+15,5.00232E+16
30307,6.1705E+18,6,4,35,12,2017,5,13,2,3,3,6,0,1,0,0,0,0,1,5.05284E+20,5.55875E+21,9.07401E+15,5.01809E+16
30308,6.17042E+18,6,5,34,17,2017,4,13,3,2,4,1,0,1,0,0,1,0,0,5.00378E+20,5.64001E+21,9.00537E+15,5.09117E+16
30309,6.17042E+18,6,6,31,15,2017,4,17,3,3,8,7,0,1,0,0,0,0,1,5.59333E+20,5.61747E+21,9.84027E+15,5.0706E+16
30310,6.17043E+18,6,4,14,0,2017,4,16,3,3,2,6,0,1,0,0,0,0,0,4.48421E+20,5.53976E+21,8.28017E+15,5.0008E+16
30311,6.17042E+18,6,6,31,13,2017,4,17,3,3,9,1,0,1,0,0,0,0,0,5.66932E+20,5.60771E+21,9.94611E+15,5.06175E+16
30312,6.17042E+18,6,5,31,7,2017,4,16,3,3,3,6,0,1,0,0,0,0,0,4.75282E+20,5.60387E+21,8.65084E+15,5.05862E+16
30313,6.17043E+18,6,4,14,0,2017,4,10,3,1,5,3,0,1,0,0,0,0,0,4.40742E+20,5.54465E+21,8.17226E+15,5.00512E+16
30314,6.17042E+18,6,4,38,10,2017,4,14,3,3,9,6,0,1,0,0,0,0,0,4.92111E+20,5.54745E+21,8.88974E+15,5.00792E+16
30315,6.17042E+18,6,4,13,0,2017,4,3,3,3,2,6,0,1,0,0,1,2,0,4.84861E+20,5.54615E+21,8.78846E+15,5.00675E+16
30316,6.17042E+18,6,6,35,20,2017,4,13,3,2,8,1,0,1,0,0,0,0,0,5.10393E+20,5.69867E+21,9.14953E+15,5.14391E+16
30317,6.17042E+18,6,4,12,0,2017,4,7,3,2,3,1,0,1,0,0,0,0,1,4.6311E+20,5.54951E+21,8.48422E+15,5.00967E+16
30318,6.1705E+18,6,6,11,0,2017,5,0,3,3,5,3,0,1,0,0,0,2,1,5.35212E+20,5.68507E+21,9.50525E+15,5.13158E+16
30319,6.17043E+18,6,4,12,0,2017,4,12,3,2,6,4,1,0,1,0,0,0,0,4.67862E+20,5.55013E+21,8.55061E+15,5.01026E+16
30320,6.17042E+18,6,4,14,0,2017,4,12,3,3,9,7,0,1,0,0,0,0,0,4.53248E+20,5.55083E+21,8.34618E+15,5.01079E+16
30321,6.17042E+18,6,4,11,0,2017,4,11,3,3,2,6,0,1,0,0,0,0,0,4.7114E+20,5.5232E+21,8.59847E+15,4.98606E+16
30322,6.17043E+18,6,4,34,7,2017,4,12,1,3,5,2,0,1,0,0,0,0,0,4.65553E+20,5.57254E+21,8.51628E+15,5.0304E+16
30323,6.1705E+18,6,4,40,18,2017,5,20,2,3,9,1,0,1,0,0,0,2,1,4.78723E+20,5.584E+21,8.70057E+15,5.04077E+16
30324,6.1705E+18,6,4,35,25,2017,5,0,2,3,9,6,0,1,0,0,0,2,0,5.36958E+20,5.58102E+21,9.5198E+15,5.03801E+16
30325,6.17042E+18,6,6,36,13,2017,4,13,2,2,5,2,0,1,0,0,0,0,1,5.82946E+20,5.6705E+21,1.01867E+16,5.11799E+16
30326,6.17043E+18,6,4,12,0,2017,4,12,3,3,3,6,0,1,0,0,0,0,0,4.73877E+20,5.5565E+21,8.63428E+15,5.01602E+16
30327,6.1705E+18,6,4,12,0,2017,5,22,2,3,2,6,0,1,0,0,0,2,1,4.71801E+20,5.54963E+21,8.60573E+15,5.00983E+16
30328,6.17042E+18,6,6,35,18,2017,4,18,2,2,9,1,0,1,0,0,0,0,1,4.9337E+20,5.68799E+21,8.90481E+15,5.13431E+16
30329,6.17043E+18,6,4,37,8,2017,4,13,3,2,9,1,0,1,0,0,0,0,0,5.04548E+20,5.49102E+21,9.0629E+15,4.95717E+16
30330,6.1705E+18,6,4,12,0,2017,5,19,3,3,2,6,0,1,0,0,1,0,1,4.67585E+20,5.5521E+21,8.54657E+15,5.01203E+16
30331,6.17042E+18,6,5,33,7,2017,4,13,2,3,5,3,0,1,0,0,0,0,1,4.33281E+20,5.59048E+21,8.05999E+15,5.04626E+16
30332,6.17042E+18,6,6,11,0,2017,4,0,2,3,3,1,0,1,0,0,0,2,1,5.36141E+20,5.68483E+21,9.51856E+15,5.13136E+16
30333,6.1705E+18,6,5,32,6,2017,5,17,3,3,0,7,0,1,0,0,0,0,1,4.49223E+20,5.62332E+21,8.28009E+15,5.07594E+16
30334,6.17042E+18,6,6,11,0,2017,4,14,2,3,2,6,0,1,0,0,0,0,0,5.3604E+20,5.68498E+21,9.51712E+15,5.1315E+16
30335,6.17042E+18,6,6,34,22,2017,4,19,2,2,8,1,0,1,0,0,0,0,0,5.19674E+20,5.64036E+21,9.27986E+15,5.09145E+16
30336,6.17043E+18,6,6,11,0,2017,4,10,4,3,1,5,0,1,0,1,0,0,0,5.36674E+20,5.68401E+21,9.52612E+15,5.13062E+16
30337,6.17042E+18,6,6,36,4,2017,4,10,2,2,4,1,0,1,0,0,0,0,1,5.5344E+20,5.67887E+21,9.76586E+15,5.12587E+16
30338,6.17042E+18,6,6,34,15,2017,4,13,2,3,2,6,0,1,0,0,0,0,1,5.43855E+20,5.65683E+21,9.62581E+15,5.10613E+16
30339,6.17043E+18,6,6,33,23,2017,4,16,5,3,3,6,0,1,0,0,1,0,0,5.20982E+20,5.68417E+21,9.30102E+15,5.13084E+16
30340,6.17042E+18,6,4,39,4,2017,4,15,2,3,5,3,0,1,0,0,0,0,1,4.23172E+20,5.54441E+21,7.92693E+15,5.0047E+16
30341,6.17042E+18,6,4,34,6,2017,4,15,2,3,2,6,0,1,0,0,0,0,0,4.65393E+20,5.56022E+21,8.51516E+15,5.01932E+16
30342,6.17042E+18,6,5,33,11,2017,4,2,2,1,8,1,0,1,0,0,0,2,1,4.39976E+20,5.59966E+21,8.15282E+15,5.05458E+16
30343,6.17043E+18,6,4,12,0,2017,4,17,6,3,2,6,0,1,0,0,0,0,0,4.79048E+20,5.55289E+21,8.70687E+15,5.01279E+16
30344,6.17042E+18,6,4,31,17,2017,4,13,2,3,4,6,0,1,0,0,0,0,1,4.77269E+20,5.49695E+21,8.68526E+15,4.96246E+16
30345,6.17043E+18,6,4,11,0,2017,4,18,7,2,5,3,1,1,0,0,0,0,0,4.73377E+20,5.5182E+21,8.62994E+15,4.98157E+16
30346,6.17043E+18,6,4,12,0,2017,4,17,7,3,2,2,0,1,0,0,0,0,0,4.77133E+20,5.54603E+21,8.68049E+15,5.00661E+16
30347,6.17042E+18,6,4,35,3,2017,4,4,2,3,8,1,0,1,0,0,0,2,1,5.18611E+20,5.56398E+21,9.26092E+15,5.02277E+16
30348,6.17043E+18,6,6,31,6,2017,4,20,1,3,0,1,0,0,0,1,0,2,0,5.47083E+20,5.59292E+21,9.66369E+15,5.04864E+16
30349,6.17042E+18,6,5,32,12,2017,4,10,2,3,9,1,0,1,0,0,0,0,2,4.48724E+20,5.61258E+21,8.27451E+15,5.06628E+16
30350,6.17043E+18,6,4,37,13,2017,4,13,3,2,6,4,0,0,1,0,1,0,0,4.88553E+20,5.50667E+21,8.84122E+15,4.97124E+16
30351,6.17043E+18,6,4,35,15,2017,4,15,1,2,2,6,0,1,0,1,0,0,0,5.07795E+20,5.55895E+21,9.10918E+15,5.01827E+16
30352,6.17042E+18,6,4,40,7,2017,4,14,2,2,8,1,0,1,0,0,0,0,1,4.96013E+20,5.57557E+21,8.94399E+15,5.03322E+16
30353,6.17043E+18,6,4,11,0,2017,4,16,3,3,6,4,0,1,1,0,0,0,0,4.73755E+20,5.523E+21,8.63486E+15,4.98589E+16
30354,6.17043E+18,6,6,36,6,2017,4,11,1,2,2,2,0,1,0,1,0,0,0,5.5372E+20,5.67229E+21,9.76888E+15,5.11995E+16
30355,6.17042E+18,6,4,31,21,2017,4,10,2,3,8,1,0,1,0,0,0,0,1,4.86528E+20,5.4905E+21,8.81369E+15,4.95669E+16
30356,6.17042E+18,6,4,31,20,2017,4,18,2,3,5,2,0,1,0,0,0,0,0,4.70899E+20,5.48727E+21,8.59779E+15,4.95374E+16
30357,6.17043E+18,6,4,11,0,2017,4,16,3,3,5,2,1,1,0,0,0,0,0,4.7456E+20,5.52461E+21,8.64596E+15,4.98734E+16
30358,6.17042E+18,6,4,33,11,2017,4,13,2,2,9,1,0,1,0,0,0,0,1,4.62794E+20,5.51897E+21,8.48275E+15,4.9822E+16
30359,6.17043E+18,6,6,31,9,2017,4,12,1,3,0,6,0,1,0,1,0,0,0,5.47794E+20,5.59962E+21,9.67457E+15,5.05465E+16
30360,6.17043E+18,6,4,35,8,2017,4,17,1,3,0,6,0,1,0,1,0,0,0,5.29302E+20,5.55335E+21,9.40998E+15,5.01317E+16
30361,6.17043E+18,6,4,37,6,2017,4,17,1,3,5,2,1,0,0,0,0,0,0,4.98899E+20,5.50022E+21,8.98475E+15,4.96545E+16
30362,6.17042E+18,6,5,34,17,2017,4,17,2,3,9,1,0,1,0,0,0,0,1,4.89484E+20,5.64396E+21,8.8503E+15,5.09471E+16
30363,6.17043E+18,6,6,33,13,2017,4,13,3,3,5,3,0,1,0,0,0,0,0,5.27312E+20,5.70518E+21,9.39345E+15,5.14971E+16
30364,6.1705E+18,6,4,12,0,2017,5,12,2,3,3,6,0,1,0,0,0,0,1,4.72873E+20,5.55934E+21,8.62002E+15,5.01856E+16
30365,6.17042E+18,6,5,34,1,2017,4,10,2,3,8,1,0,1,0,0,0,0,1,4.93037E+20,5.62559E+21,8.90123E+15,5.0782E+16
30366,6.17043E+18,6,6,11,0,2017,4,13,3,3,2,6,0,1,0,0,0,0,0,5.28973E+20,5.68879E+21,9.41604E+15,5.13496E+16
30367,6.1705E+18,6,4,35,1,2017,5,21,2,2,7,7,0,0,0,1,0,2,1,5.29667E+20,5.55877E+21,9.41551E+15,5.01804E+16
30368,6.17042E+18,6,5,34,14,2017,4,11,2,3,5,3,0,1,0,0,0,0,1,4.83587E+20,5.62625E+21,8.76716E+15,5.07877E+16
30369,6.17042E+18,6,4,35,19,2017,4,13,2,3,0,1,0,1,0,0,0,0,1,4.87923E+20,5.55516E+21,8.83097E+15,5.01486E+16
30370,6.17043E+18,6,4,38,4,2017,4,16,3,3,2,6,0,1,0,0,0,0,0,4.95139E+20,5.54703E+21,8.93207E+15,5.00755E+16
30371,6.1705E+18,6,6,32,19,2017,5,5,2,2,9,1,0,1,0,0,0,1,0,5.57623E+20,5.62893E+21,9.81785E+15,5.08092E+16
30372,6.17042E+18,6,6,31,9,2017,4,18,2,3,2,6,0,1,0,0,0,0,0,5.49624E+20,5.60402E+21,9.70099E+15,5.0586E+16
30373,6.17042E+18,6,6,34,1,2017,4,19,2,2,9,1,0,1,0,0,0,0,0,5.1434E+20,5.65054E+21,9.20439E+15,5.10063E+16
30374,6.17043E+18,6,4,38,8,2017,4,14,3,3,5,3,1,1,0,0,0,0,0,4.87834E+20,5.55198E+21,8.82982E+15,5.01199E+16
30375,6.17042E+18,6,6,33,20,2017,4,13,2,3,2,6,0,1,0,0,0,0,1,5.4052E+20,5.6869E+21,9.58162E+15,5.13319E+16
30376,6.17042E+18,6,6,33,20,2017,4,16,2,3,2,6,0,1,0,0,0,0,0,5.39252E+20,5.68536E+21,9.56326E+15,5.13182E+16
30377,6.17042E+18,6,6,32,20,2017,4,14,2,2,8,1,0,1,0,0,0,0,1,5.64536E+20,5.64251E+21,9.91836E+15,5.09306E+16
30378,6.17042E+18,6,4,39,11,2017,4,17,2,3,9,1,0,1,0,0,0,0,0,4.49196E+20,5.55796E+21,8.28857E+15,5.01717E+16
30379,6.17042E+18,6,5,33,9,2017,4,18,2,3,2,6,0,1,0,0,0,0,1,4.32857E+20,5.58391E+21,8.05519E+15,5.04034E+16
30380,6.17043E+18,6,5,35,1,2017,4,12,6,3,5,3,0,1,0,0,1,0,0,5.15943E+20,5.62314E+21,9.22604E+15,5.07599E+16
30381,6.17043E+18,6,4,39,12,2017,4,16,6,2,5,3,0,1,0,0,1,0,0,4.31757E+20,5.54028E+21,8.04755E+15,5.0011E+16
30382,6.17042E+18,6,4,31,2,2017,4,20,2,3,2,6,0,1,0,0,0,1,0,4.71255E+20,5.50384E+21,8.6015E+15,4.96864E+16
30383,6.17042E+18,6,4,31,20,2017,4,22,2,2,2,6,0,1,0,0,0,2,0,4.68211E+20,5.49215E+21,8.56025E+15,4.95811E+16
30384,6.17042E+18,6,4,31,20,2017,4,0,2,3,2,6,0,1,0,0,0,2,0,4.68116E+20,5.48688E+21,8.55935E+15,4.95337E+16
30385,6.17043E+18,6,6,11,0,2017,4,20,7,2,9,7,0,1,0,0,0,2,0,5.28642E+20,5.68243E+21,9.41077E+15,5.12925E+16
30386,6.17043E+18,6,5,32,21,2017,4,16,1,2,8,1,0,0,0,1,0,0,0,4.59639E+20,5.59988E+21,8.4303E+15,5.05495E+16
30387,6.17043E+18,6,4,40,24,2017,4,13,1,2,2,6,0,1,0,1,0,0,0,4.90993E+20,5.58609E+21,8.87319E+15,5.04268E+16
30388,6.17042E+18,6,4,34,2,2017,4,12,2,3,2,6,0,1,0,0,0,0,1,4.75978E+20,5.56536E+21,8.66313E+15,5.02399E+16
30389,6.17043E+18,6,4,38,2,2017,4,12,3,3,5,3,0,1,0,0,0,0,0,4.77553E+20,5.53939E+21,8.68675E+15,5.00064E+16
30390,6.17043E+18,6,4,34,7,2017,4,13,1,3,2,6,0,1,0,1,0,0,0,4.63969E+20,5.57051E+21,8.49424E+15,5.02856E+16
30391,6.17042E+18,6,5,32,1,2017,4,11,2,3,2,6,0,1,0,0,1,0,1,4.60615E+20,5.60631E+21,8.4434E+15,5.06073E+16
30392,6.17043E+18,6,4,38,5,2017,4,7,3,3,3,6,0,1,0,1,0,1,0,4.84107E+20,5.54522E+21,8.77796E+15,5.00591E+16
30393,6.1705E+18,6,4,32,18,2017,5,15,2,3,5,1,0,1,0,0,0,0,1,4.69748E+20,5.51805E+21,8.5795E+15,4.98141E+16
30394,6.17042E+18,6,5,31,5,2017,4,8,2,3,8,1,0,1,0,0,0,0,2,4.70885E+20,5.59768E+21,8.58921E+15,5.05304E+16
30395,6.17042E+18,6,4,34,2,2017,4,14,2,3,2,6,0,1,0,0,0,0,0,4.75977E+20,5.56558E+21,8.6631E+15,5.02419E+16
30396,6.17043E+18,6,4,35,10,2017,4,23,3,3,5,3,0,1,0,0,0,2,0,5.12687E+20,5.56057E+21,9.17776E+15,5.01972E+16
30397,6.1705E+18,6,5,31,10,2017,5,14,2,3,9,1,0,1,0,0,0,0,1,5.02948E+20,5.60216E+21,9.04163E+15,5.05714E+16
30398,6.17042E+18,6,6,35,21,2017,4,14,1,2,8,1,0,1,0,0,0,0,0,5.02125E+20,5.67919E+21,9.03046E+15,5.12641E+16
30399,6.17042E+18,6,4,14,0,2017,4,18,1,3,3,6,0,1,0,0,0,0,0,4.45354E+20,5.54806E+21,8.2362E+15,5.00823E+16
30400,6.17043E+18,6,4,40,15,2017,4,14,3,3,0,7,0,1,0,0,0,0,0,4.79046E+20,5.58829E+21,8.70488E+15,5.04463E+16
30401,6.17042E+18,6,6,36,16,2017,4,18,1,3,5,3,0,1,0,0,0,0,1,5.63143E+20,5.68618E+21,9.90619E+15,5.13235E+16
30402,6.17042E+18,6,4,34,11,2017,4,23,1,3,4,1,0,1,0,0,0,2,1,4.67222E+20,5.57549E+21,8.53947E+15,5.03306E+16
30403,6.17043E+18,6,4,40,4,2017,4,16,3,2,0,7,0,1,0,1,0,0,0,5.07822E+20,5.56962E+21,9.10977E+15,5.02787E+16
30404,6.17042E+18,6,5,32,13,2017,4,16,1,3,8,1,0,1,0,0,0,0,1,4.65313E+20,5.61326E+21,8.50914E+15,5.06701E+16
30405,6.17042E+18,6,6,31,5,2017,4,14,1,2,9,1,0,1,0,0,0,0,0,5.7199E+20,5.59863E+21,1.00158E+16,5.05352E+16
30406,6.17042E+18,6,6,31,6,2017,4,18,1,3,9,7,0,1,0,0,0,0,0,5.50549E+20,5.59264E+21,9.7125E+15,5.04835E+16
30407,6.1705E+18,6,6,36,9,2017,5,16,3,1,4,1,0,1,0,0,0,0,1,5.62909E+20,5.69041E+21,9.90358E+15,5.13615E+16
30408,6.1705E+18,6,4,35,14,2017,5,19,3,3,3,6,0,1,0,0,0,0,1,4.95155E+20,5.55442E+21,8.9322E+15,5.0142E+16
30409,6.17042E+18,6,6,33,15,2017,4,18,1,3,2,6,0,1,0,0,0,0,0,5.38914E+20,5.6825E+21,9.55809E+15,5.12925E+16
30410,6.17042E+18,6,5,35,14,2017,4,14,1,2,8,7,0,1,0,0,0,0,1,5.11513E+20,5.61778E+21,9.16306E+15,5.07117E+16
30411,6.17043E+18,6,4,32,23,2017,4,15,6,3,2,6,0,1,0,0,1,0,0,4.71772E+20,5.52803E+21,8.60691E+15,4.9904E+16
30412,6.17043E+18,6,5,34,20,2017,4,7,6,3,1,7,0,1,0,0,0,0,0,4.80291E+20,5.62233E+21,8.7206E+15,5.07524E+16
30413,6.17042E+18,6,4,33,10,2017,4,20,1,3,2,6,0,1,0,0,0,2,0,4.62351E+20,5.54158E+21,8.47439E+15,5.00254E+16
30414,6.17043E+18,6,4,40,19,2017,4,12,6,3,2,6,0,1,0,0,0,0,0,5.03775E+20,5.57808E+21,9.05306E+15,5.03547E+16
30415,6.17042E+18,6,4,11,0,2017,4,13,1,3,2,6,0,1,0,0,0,0,0,4.71143E+20,5.52322E+21,8.5985E+15,4.98607E+16
30416,6.17043E+18,6,4,36,1,2017,4,8,6,3,2,6,0,1,0,0,0,0,0,4.62925E+20,5.5572E+21,8.48089E+15,5.01658E+16
30417,6.17042E+18,6,5,31,4,2017,4,21,1,3,9,1,0,1,0,0,0,2,1,4.84547E+20,5.59923E+21,8.7819E+15,5.05448E+16
30418,6.17042E+18,6,4,35,17,2017,4,17,7,3,2,6,0,1,0,0,0,0,1,5.04034E+20,5.55646E+21,9.05648E+15,5.01604E+16
30419,6.17042E+18,6,5,31,5,2017,4,16,7,3,2,6,0,1,0,0,0,0,0,4.79836E+20,5.60679E+21,8.71501E+15,5.06126E+16
30420,6.17042E+18,6,6,36,13,2017,4,18,7,3,8,7,0,1,0,0,0,0,1,5.84446E+20,5.67027E+21,1.02081E+16,5.11776E+16
30421,6.17042E+18,6,5,33,7,2017,4,12,7,2,1,6,0,1,0,0,0,0,0,4.32615E+20,5.59057E+21,8.05058E+15,5.04633E+16
30422,6.17042E+18,6,6,33,26,2017,4,22,7,3,1,7,0,1,0,0,0,2,0,5.31207E+20,5.68925E+21,9.44816E+15,5.13537E+16