OBJECTID,UIDENTSTLA,ULAND,UREGBEZ,UKREIS,UGEMEINDE,UJAHR,UMONAT,USTUNDE,UWOCHENTAG,UKATEGORIE,UART,UTYP1,IstRad,IstPKW,IstFuss,IstKrad,IstSonstig,LICHT,STRZUSTAND,LINREFX,LINREFY,XGCSWGS84,YGCSWGS84
30423,6.17042E+18,6,6,11,0,2017,4,12,7,3,5,2,0,0,0,1,1,0,0,5.33694E+20,5.68768E+21,9.48373E+15,5.13394E+16
30424,6.17043E+18,6,4,40,5,2017,4,17,6,3,5,3,0,1,0,0,1,0,0,4.78535E+20,5.5872E+21,8.69774E+15,5.04364E+16
30425,6.17043E+18,6,4,14,0,2017,4,8,6,3,5,2,0,1,0,0,1,0,0,4.45656E+20,5.54683E+21,8.24059E+15,5.00713E+16
30426,6.17042E+18,6,4,14,0,2017,4,19,7,3,6,4,0,1,1,0,0,1,1,4.44886E+20,5.54748E+21,8.22973E+15,5.0077E+16
30427,6.17042E+18,6,6,35,1,2017,4,16,7,3,4,6,0,1,0,0,0,0,1,4.74353E+20,5.65832E+21,8.6339E+15,5.10758E+16
30428,6.17042E+18,6,6,35,11,2017,4,23,7,2,8,1,0,1,0,0,0,2,0,4.85143E+20,5.66081E+21,8.78782E+15,5.10986E+16
30429,6.17043E+18,6,5,33,3,2017,4,21,7,3,7,7,0,1,0,0,0,2,0,4.4626E+20,5.56923E+21,8.24586E+15,5.02728E+16
30430,6.17043E+18,6,4,40,18,2017,4,13,7,3,2,6,0,1,0,0,0,0,0,4.78252E+20,5.58072E+21,8.69414E+15,5.03781E+16
30431,6.17043E+18,6,4,14,0,2017,4,14,7,3,2,6,0,1,0,0,0,0,0,4.45248E+20,5.54697E+21,8.23487E+15,5.00725E+16
30432,6.17042E+18,6,6,35,4,2017,4,17,7,2,8,1,0,1,0,0,0,0,1,4.72748E+20,5.64711E+21,8.61183E+15,5.09749E+16
30433,6.17043E+18,6,4,40,4,2017,4,16,3,2,5,3,0,1,0,0,0,0,0,5.04724E+20,5.5718E+21,9.06633E+15,5.02983E+16
30434,6.17043E+18,6,6,31,9,2017,4,13,1,3,5,2,0,1,0,0,0,0,0,5.426E+20,5.599E+21,9.6012E+15,5.05414E+16
30435,6.17042E+18,6,4,39,7,2017,4,6,7,3,5,3,0,1,0,0,0,0,0,4.40874E+20,5.56898E+21,8.17033E+15,5.027E+16
30436,6.17043E+18,6,4,32,2,2017,4,14,3,3,2,6,0,1,0,0,0,0,0,4.9693E+20,5.53389E+21,8.9572E+15,4.99573E+16
30437,6.17043E+18,6,4,35,8,2017,4,17,1,2,8,1,0,0,0,1,0,0,0,5.27532E+20,5.55289E+21,9.38519E+15,5.01276E+16
30438,6.17042E+18,6,4,38,10,2017,4,10,7,3,2,6,0,1,0,0,0,0,1,4.90257E+20,5.54719E+21,8.86383E+15,5.00769E+16
30439,6.17042E+18,6,4,34,8,2017,4,10,7,3,8,1,0,0,0,1,0,0,1,4.63234E+20,5.56477E+21,8.48447E+15,5.0234E+16
30440,6.17043E+18,6,5,34,4,2017,4,16,3,3,8,7,0,1,0,0,0,0,0,4.68436E+20,5.6433E+21,8.55075E+15,5.09404E+16
30441,6.17043E+18,6,4,11,0,2017,4,23,1,2,6,4,0,1,1,0,0,2,0,4.73614E+20,5.52628E+21,8.63268E+15,4.98883E+16
30442,6.17042E+18,6,5,33,17,2017,4,10,7,3,2,6,0,1,0,0,0,0,1,4.49651E+20,5.59255E+21,8.29033E+15,5.04828E+16
30443,6.17042E+18,6,4,32,11,2017,4,14,7,3,5,3,0,1,0,0,1,0,0,4.87816E+20,5.52405E+21,8.83045E+15,4.98687E+16
30444,6.17043E+18,6,4,33,9,2017,4,18,3,3,2,6,0,1,0,0,0,0,0,4.61327E+20,5.53114E+21,8.46114E+15,4.99313E+16
30445,6.17042E+18,6,4,12,0,2017,4,13,7,3,2,6,0,1,0,0,0,0,0,4.81518E+20,5.55357E+21,8.7414E+15,5.01341E+16
30446,6.17042E+18,6,5,31,11,2017,4,11,7,3,2,6,0,1,0,0,0,0,0,4.88369E+20,5.59469E+21,8.83599E+15,5.05041E+16
30447,6.17043E+18,6,6,31,6,2017,4,12,3,3,2,3,0,1,0,0,0,0,0,5.49258E+20,5.59392E+21,9.69448E+15,5.04952E+16
30448,6.17042E+18,6,5,31,4,2017,4,17,7,3,8,1,0,1,0,0,0,0,1,4.83807E+20,5.59981E+21,8.77143E+15,5.055E+16
30449,6.17042E+18,6,4,32,18,2017,4,12,7,3,8,1,0,1,0,0,0,0,1,4.69201E+20,5.51681E+21,8.57199E+15,4.98029E+16
30450,6.17041E+18,6,6,36,12,2017,4,12,6,3,4,6,0,1,0,1,0,0,0,5.60182E+20,5.66847E+21,9.86071E+15,5.11645E+16
30451,6.1705E+18,6,4,31,11,2017,5,5,3,2,8,1,0,1,0,0,0,0,1,4.76584E+20,5.49924E+21,8.67564E+15,4.96453E+16
30452,6.1705E+18,6,6,11,0,2017,5,10,3,3,2,6,0,1,0,0,0,0,1,5.31652E+20,5.68164E+21,9.45386E+15,5.12852E+16
30453,6.17041E+18,6,5,33,9,2017,4,22,6,3,9,6,0,1,0,1,0,2,0,4.36942E+20,5.58217E+21,8.11296E+15,5.03882E+16
30454,6.1705E+18,6,4,12,0,2017,5,19,3,3,5,2,1,1,0,0,0,0,1,4.80529E+20,5.55164E+21,8.72766E+15,5.01167E+16
30455,6.17041E+18,6,4,14,0,2017,4,12,6,3,5,3,1,0,0,0,0,0,0,4.41825E+20,5.54393E+21,8.1875E+15,5.00448E+16
30456,6.17043E+18,6,5,33,17,2017,4,6,5,3,9,1,0,0,0,1,0,0,0,4.4882E+20,5.59509E+21,8.27826E+15,5.05055E+16
30457,6.17041E+18,6,4,14,0,2017,4,7,6,3,5,3,1,0,0,0,1,0,0,4.46733E+20,5.54803E+21,8.25547E+15,5.00822E+16
30458,6.17043E+18,6,6,11,0,2017,4,17,5,3,6,4,0,0,1,0,1,0,0,5.34905E+20,5.68543E+21,9.50088E+15,5.13191E+16
30459,6.17041E+18,6,4,13,0,2017,4,19,6,3,5,3,0,1,0,0,0,0,0,4.83507E+20,5.54853E+21,8.76944E+15,5.00888E+16
30460,6.17043E+18,6,5,31,5,2017,4,9,6,3,5,3,0,1,0,0,0,0,0,4.81691E+20,5.60366E+21,8.74138E+15,5.05846E+16
30461,6.17043E+18,6,5,33,15,2017,4,17,1,2,5,3,1,1,0,0,0,0,0,4.45413E+20,5.58068E+21,8.23232E+15,5.03756E+16
30462,6.17041E+18,6,4,11,0,2017,4,19,6,3,9,1,0,1,0,0,0,0,0,4.80415E+20,5.53069E+21,8.72713E+15,4.99283E+16
30463,6.17043E+18,6,5,32,23,2017,4,8,3,3,2,6,0,1,0,0,0,0,1,4.65108E+20,5.60141E+21,8.50736E+15,5.05636E+16
30464,6.17043E+18,6,4,14,0,2017,4,15,1,3,2,6,0,0,0,0,1,0,0,4.45872E+20,5.54686E+21,8.2436E+15,5.00716E+16
30465,6.17041E+18,6,6,36,6,2017,4,14,6,3,2,2,0,1,0,0,0,0,0,5.54621E+20,5.67204E+21,9.78174E+15,5.11971E+16
30466,6.17043E+18,6,5,31,4,2017,4,13,3,2,5,2,0,1,0,0,0,0,0,4.79414E+20,5.60279E+21,8.70926E+15,5.05766E+16
30467,6.1705E+18,6,6,32,2,2017,5,18,2,2,8,1,0,1,0,0,0,0,1,5.4761E+20,5.63306E+21,9.67629E+15,5.08473E+16
30468,6.17041E+18,6,6,34,3,2017,4,17,6,2,0,1,1,0,0,0,0,0,0,5.3064E+20,5.66417E+21,9.43787E+15,5.11282E+16
30469,6.17043E+18,6,4,12,0,2017,4,18,3,2,2,6,0,1,0,0,0,0,0,4.79939E+20,5.54584E+21,8.71971E+15,5.00645E+16
30470,6.1705E+18,6,4,35,19,2017,5,15,2,2,8,1,0,1,0,0,0,0,1,4.88822E+20,5.55546E+21,8.84353E+15,5.01512E+16
30471,6.17041E+18,6,6,11,0,2017,4,7,6,2,9,7,0,1,0,0,0,0,0,5.29811E+20,5.68699E+21,9.42791E+15,5.13334E+16
30472,6.17041E+18,6,6,35,13,2017,4,5,6,2,8,1,0,1,0,0,0,1,0,4.95796E+20,5.65695E+21,8.94E+15,5.10641E+16
30473,6.17043E+18,6,4,12,0,2017,4,17,3,3,2,6,0,1,0,0,0,0,0,4.8109E+20,5.55104E+21,8.73553E+15,5.01113E+16
30474,6.17041E+18,6,4,34,8,2017,4,15,6,3,8,1,0,0,0,1,0,0,0,4.6291E+20,5.56515E+21,8.4799E+15,5.02374E+16
30475,6.17041E+18,6,4,40,4,2017,4,13,6,3,2,6,0,1,0,1,0,0,0,5.05269E+20,5.5714E+21,9.07398E+15,5.02947E+16
30476,6.17043E+18,6,4,12,0,2017,4,7,3,3,2,6,0,1,0,0,1,0,0,4.78005E+20,5.54547E+21,8.6927E+15,5.00612E+16
30477,6.17041E+18,6,4,40,4,2017,4,17,6,2,2,6,0,1,0,1,0,0,0,5.07865E+20,5.57048E+21,9.11039E+15,5.02864E+16
30478,6.17043E+18,6,4,14,0,2017,4,19,4,3,0,2,0,1,0,0,1,0,0,4.44436E+20,5.54645E+21,8.2236E+15,5.00678E+16
30479,6.17041E+18,6,4,32,5,2017,4,15,6,3,3,6,1,0,0,0,0,0,0,4.90201E+20,5.53286E+21,8.86342E+15,4.9948E+16
30480,6.17041E+18,6,4,32,5,2017,4,15,6,3,8,1,0,0,0,1,0,0,0,4.86667E+20,5.53281E+21,8.81417E+15,4.99475E+16
30481,6.1705E+18,6,4,36,12,2017,5,11,3,3,2,6,0,1,0,0,0,0,1,4.65776E+20,5.55279E+21,8.52121E+15,5.01263E+16
30482,6.17043E+18,6,6,31,9,2017,4,14,6,3,0,3,0,0,0,1,1,0,0,5.47149E+20,5.59972E+21,9.66549E+15,5.05475E+16
30483,6.17043E+18,6,4,32,10,2017,4,9,6,3,2,6,0,1,0,0,0,0,0,4.95805E+20,5.52447E+21,8.94162E+15,4.98726E+16
30484,6.17041E+18,6,4,32,22,2017,4,18,6,3,2,2,0,1,0,1,0,0,0,4.75444E+20,5.50885E+21,8.65925E+15,4.97317E+16
30485,6.17043E+18,6,6,11,0,2017,4,11,6,3,3,2,0,1,0,0,1,0,0,5.31475E+20,5.68572E+21,9.45169E+15,5.13219E+16
30486,6.17041E+18,6,4,32,22,2017,4,19,6,2,0,1,1,0,0,0,0,0,0,4.74675E+20,5.51584E+21,8.64813E+15,4.97945E+16
30487,6.17041E+18,6,5,35,9,2017,4,19,6,2,8,1,0,1,0,0,0,0,0,5.00312E+20,5.61851E+21,9.00442E+15,5.07184E+16
30488,6.17041E+18,6,5,31,11,2017,4,1,6,2,9,1,0,1,0,0,0,2,0,4.84694E+20,5.59348E+21,8.78422E+15,5.04931E+16
30489,6.17041E+18,6,5,31,5,2017,4,17,6,2,2,6,0,1,0,0,0,0,0,4.76263E+20,5.60379E+21,8.6647E+15,5.05855E+16
30490,6.17043E+18,6,6,32,2,2017,4,18,6,3,2,6,0,1,0,0,0,0,0,5.49599E+20,5.63571E+21,9.70489E+15,5.08709E+16
30491,6.17043E+18,6,6,31,9,2017,4,19,7,3,5,2,0,1,0,1,0,0,0,5.48611E+20,5.6E+21,9.68615E+15,5.05499E+16
30492,6.17041E+18,6,5,35,5,2017,4,9,6,3,2,6,0,1,0,0,0,0,0,5.0462E+20,5.61756E+21,9.06543E+15,5.07098E+16
30493,6.17043E+18,6,6,34,3,2017,4,20,7,3,9,1,0,1,0,0,0,0,0,5.31449E+20,5.67089E+21,9.45001E+15,5.11886E+16
30494,6.17041E+18,6,5,33,9,2017,4,12,6,3,2,6,0,1,0,0,0,0,0,4.35709E+20,5.58088E+21,8.09583E+15,5.03765E+16
30495,6.17043E+18,6,5,33,9,2017,4,15,3,3,2,6,0,0,0,0,1,0,0,4.37204E+20,5.57993E+21,8.11702E+15,5.03681E+16
30496,6.17043E+18,6,5,32,23,2017,4,13,1,3,5,3,0,1,0,0,0,0,0,4.64832E+20,5.59937E+21,8.50366E+15,5.05452E+16
30497,6.17041E+18,6,4,14,0,2017,4,12,6,3,2,6,0,1,0,0,0,0,0,4.54879E+20,5.54706E+21,8.36943E+15,5.00741E+16
30498,6.17041E+18,6,5,33,9,2017,4,12,6,3,2,6,0,1,0,0,0,0,0,4.37398E+20,5.57981E+21,8.11976E+15,5.0367E+16
30499,6.17043E+18,6,4,32,23,2017,4,5,3,3,3,6,0,1,0,0,0,1,0,4.71522E+20,5.52595E+21,8.60358E+15,4.98853E+16
30500,6.17043E+18,6,4,32,14,2017,4,10,1,3,2,6,0,1,0,1,0,0,0,4.78584E+20,5.51832E+21,8.7023E+15,4.9817E+16
30501,6.17041E+18,6,4,31,6,2017,4,18,6,3,9,6,0,1,0,0,1,0,0,4.67937E+20,5.50227E+21,8.55562E+15,4.96721E+16
30502,6.17041E+18,6,6,35,21,2017,4,21,5,2,8,1,0,0,0,1,0,2,0,5.05185E+20,5.68125E+21,9.07434E+15,5.12826E+16
30503,6.17042E+18,6,4,35,6,2017,4,8,2,3,5,3,1,1,0,0,0,0,0,4.93771E+20,5.55841E+21,8.91277E+15,5.01778E+16
30504,6.17041E+18,6,6,35,9,2017,4,21,5,2,4,1,0,1,0,1,0,2,0,5.03536E+20,5.67224E+21,9.05061E+15,5.12016E+16
30505,6.17041E+18,6,6,32,20,2017,4,5,5,2,9,1,0,1,0,0,0,2,1,5.6595E+20,5.64189E+21,9.93837E+15,5.09249E+16
30506,6.17042E+18,6,5,31,5,2017,4,17,2,3,2,6,0,1,0,0,0,0,0,4.77343E+20,5.60459E+21,8.6799E+15,5.05928E+16
30507,6.17041E+18,6,5,33,3,2017,4,12,5,3,6,2,0,1,1,0,0,0,0,4.47685E+20,5.57208E+21,8.26547E+15,5.02985E+16
30508,6.17041E+18,6,6,11,0,2017,4,6,5,3,0,2,1,0,0,0,1,1,1,5.36144E+20,5.68431E+21,9.51854E+15,5.13089E+16
30509,6.17041E+18,6,6,11,0,2017,4,12,5,3,2,6,0,1,0,0,0,0,0,5.36029E+20,5.68484E+21,9.51694E+15,5.13137E+16
30510,6.17043E+18,6,4,12,0,2017,4,12,7,3,2,6,0,1,0,0,1,0,0,4.81412E+20,5.55226E+21,8.73997E+15,5.01223E+16
30511,6.17043E+18,6,4,35,14,2017,4,17,1,3,5,3,0,1,0,1,0,0,0,4.953E+20,5.55289E+21,8.93425E+15,5.01283E+16
30512,6.17041E+18,6,6,33,17,2017,4,11,5,3,5,3,0,1,0,0,1,0,0,5.36793E+20,5.68128E+21,9.52754E+15,5.12817E+16
30513,6.17042E+18,6,6,32,15,2017,4,15,2,3,8,7,0,0,0,1,0,0,0,5.43251E+20,5.62731E+21,9.61369E+15,5.07959E+16
30514,6.17043E+18,6,4,11,0,2017,4,9,1,2,0,1,0,0,0,1,0,0,0,4.76287E+20,5.51801E+21,8.67039E+15,4.98141E+16
30515,6.17041E+18,6,4,14,0,2017,4,16,5,3,1,7,0,1,0,0,1,0,0,4.46869E+20,5.54897E+21,8.25724E+15,5.00906E+16
30516,6.17042E+18,6,6,33,15,2017,4,7,2,3,1,5,0,1,0,0,0,0,0,5.44142E+20,5.68152E+21,9.63294E+15,5.12833E+16
30517,6.17043E+18,6,6,11,0,2017,4,16,1,3,3,2,0,1,0,1,0,0,0,5.32209E+20,5.68619E+21,9.46226E+15,5.13261E+16
30518,6.17041E+18,6,4,12,0,2017,4,20,5,3,4,1,0,1,0,0,0,2,0,4.75681E+20,5.56169E+21,8.65921E+15,5.02069E+16
30519,6.17042E+18,6,6,11,0,2017,4,12,2,3,5,3,0,1,0,0,0,0,0,5.33125E+20,5.68833E+21,9.47562E+15,5.13453E+16
30520,6.1705E+18,6,4,14,0,2017,5,11,2,3,8,1,0,1,0,0,0,0,1,4.4957E+20,5.54445E+21,8.29559E+15,5.00502E+16
30521,6.17041E+18,6,4,12,0,2017,4,11,5,3,2,6,0,1,0,0,0,0,0,4.78175E+20,5.54999E+21,8.69483E+15,5.01018E+16
30522,6.17041E+18,6,4,12,0,2017,4,15,5,3,0,7,0,1,0,0,0,0,0,4.83432E+20,5.55349E+21,8.76817E+15,5.01334E+16
30523,6.17042E+18,6,4,14,0,2017,4,9,2,3,5,3,1,0,0,0,1,0,0,4.50025E+20,5.53973E+21,8.30257E+15,5.00078E+16
30524,6.17041E+18,6,4,12,0,2017,4,10,5,3,6,4,0,1,1,0,0,0,0,4.7906E+20,5.55296E+21,8.70703E+15,5.01285E+16
30525,6.17041E+18,6,4,12,0,2017,4,9,5,3,5,2,1,1,0,0,0,0,0,4.79948E+20,5.55235E+21,8.71949E+15,5.01231E+16
30526,6.17042E+18,6,4,14,0,2017,4,8,2,1,5,3,0,1,0,1,0,0,0,4.42982E+20,5.54384E+21,8.20367E+15,5.00442E+16
30527,6.17041E+18,6,6,32,18,2017,4,15,5,3,8,1,0,1,0,0,0,0,0,5.4932E+20,5.65026E+21,9.7029E+15,5.10018E+16
30528,6.17042E+18,6,4,14,0,2017,4,12,2,3,5,3,1,1,0,0,0,0,0,4.46732E+20,5.54517E+21,8.25586E+15,5.00564E+16
30529,6.17041E+18,6,6,32,3,2017,4,12,5,3,0,6,1,0,0,0,1,0,0,5.55813E+20,5.6473E+21,9.79497E+15,5.09746E+16
30530,6.17041E+18,6,6,34,2,2017,4,16,5,3,5,3,0,1,0,0,0,0,0,5.29491E+20,5.67515E+21,9.42235E+15,5.1227E+16
30531,6.1705E+18,6,4,34,6,2017,5,18,3,3,5,3,0,1,0,0,0,0,1,4.66285E+20,5.55775E+21,8.52788E+15,5.0171E+16
30532,6.1705E+18,6,4,37,6,2017,5,14,3,3,2,6,0,1,0,0,0,0,1,4.99933E+20,5.50205E+21,8.99907E+15,4.9671E+16
30533,6.17041E+18,6,6,34,2,2017,4,15,5,3,5,3,0,1,0,0,0,0,0,5.29491E+20,5.67515E+21,9.42235E+15,5.1227E+16
30534,6.17043E+18,6,4,12,0,2017,4,17,5,3,1,5,1,1,0,0,0,0,0,4.79114E+20,5.55312E+21,8.70779E+15,5.013E+16
30535,6.17041E+18,6,6,36,11,2017,4,9,5,3,2,6,0,1,0,0,0,0,0,5.68453E+20,5.66305E+21,9.97796E+15,5.11148E+16
30536,6.17043E+18,6,4,12,0,2017,4,17,6,3,2,6,0,1,0,0,0,0,0,4.74848E+20,5.54523E+21,8.64861E+15,5.00588E+16
30537,6.17041E+18,6,4,35,25,2017,4,9,5,2,5,2,1,0,0,0,1,0,0,5.42551E+20,5.57656E+21,9.59795E+15,5.03396E+16
30538,6.17043E+18,6,4,33,2,2017,4,11,6,3,0,5,1,1,0,0,0,0,0,4.5396E+20,5.53726E+21,8.35777E+15,4.99859E+16
30539,6.17041E+18,6,4,39,13,2017,4,8,5,2,5,2,0,1,0,1,0,0,0,4.24088E+20,5.53715E+21,7.94116E+15,4.99819E+16
30540,6.17043E+18,6,4,36,2,2017,4,21,6,2,5,2,0,1,0,0,0,2,0,4.58751E+20,5.55556E+21,8.42263E+15,5.01509E+16
30541,6.17041E+18,6,4,35,19,2017,4,18,5,3,5,3,1,1,0,0,0,0,0,4.8623E+20,5.5549E+21,8.80728E+15,5.01462E+16
30542,6.17043E+18,6,4,14,0,2017,4,8,6,3,3,6,0,1,0,0,1,0,0,4.46865E+20,5.54691E+21,8.25746E+15,5.00721E+16
30543,6.17041E+18,6,4,32,10,2017,4,16,5,2,6,4,0,1,1,0,0,0,0,4.94168E+20,5.52358E+21,8.91885E+15,4.98646E+16
30544,6.17041E+18,6,4,31,9,2017,4,13,5,3,2,6,1,1,0,0,0,0,0,4.87971E+20,5.49803E+21,8.83342E+15,4.96347E+16
30545,6.17041E+18,6,4,31,20,2017,4,18,5,3,2,6,0,1,0,0,0,0,0,4.70175E+20,5.48902E+21,8.58766E+15,4.95531E+16
30546,6.17041E+18,6,4,31,2,2017,4,18,5,3,0,7,1,1,0,0,0,0,0,4.72083E+20,5.50271E+21,8.61305E+15,4.96763E+16
30547,6.17041E+18,6,5,35,5,2017,4,12,5,3,9,1,0,1,0,0,0,0,0,5.07212E+20,5.6121E+21,9.10203E+15,5.06607E+16
30548,6.17043E+18,6,4,14,0,2017,4,15,6,3,2,6,0,1,0,0,0,0,0,4.45856E+20,5.54686E+21,8.24339E+15,5.00715E+16
30549,6.17043E+18,6,4,12,0,2017,4,16,7,2,0,6,0,1,0,1,0,0,0,4.74449E+20,5.56118E+21,8.64197E+15,5.02023E+16
30550,6.17043E+18,6,4,34,1,2017,4,17,7,3,0,1,0,0,0,1,0,0,0,4.74325E+20,5.56124E+21,8.64024E+15,5.02028E+16
30551,6.17043E+18,6,4,36,7,2017,4,2,7,3,8,1,0,1,0,0,0,2,0,4.5965E+20,5.54659E+21,8.43616E+15,5.00702E+16
30552,6.17041E+18,6,5,34,18,2017,4,18,5,3,5,3,0,1,0,0,0,0,0,5.00437E+20,5.63095E+21,9.0062E+15,5.08303E+16
30553,6.17042E+18,6,4,14,0,2017,4,14,2,3,6,2,0,1,1,0,0,0,0,4.44634E+20,5.54667E+21,8.22633E+15,5.00697E+16
30554,6.17043E+18,6,5,35,16,2017,4,17,7,2,8,1,0,0,0,1,0,0,0,5.06432E+20,5.59587E+21,9.09072E+15,5.05148E+16
30555,6.17041E+18,6,6,31,9,2017,4,10,5,3,2,6,0,1,0,0,0,0,0,5.48279E+20,5.60118E+21,9.68161E+15,5.05606E+16
30556,6.17042E+18,6,4,14,0,2017,4,19,2,3,0,6,0,1,0,1,0,0,0,4.45002E+20,5.54825E+21,8.23124E+15,5.0084E+16
30557,6.17043E+18,6,4,33,4,2017,4,16,1,2,0,6,0,0,0,1,0,0,0,4.63186E+20,5.50965E+21,8.48909E+15,4.97382E+16
30558,6.17041E+18,6,5,32,23,2017,4,20,5,3,8,1,0,1,0,0,0,1,0,4.6444E+20,5.60085E+21,8.49798E+15,5.05585E+16
30559,6.17042E+18,6,4,14,0,2017,4,7,2,3,2,6,0,1,0,0,1,0,0,4.45712E+20,5.54684E+21,8.24137E+15,5.00714E+16
30560,6.17043E+18,6,4,34,1,2017,4,17,1,3,2,6,0,1,0,1,0,0,0,4.7551E+20,5.56206E+21,8.65678E+15,5.02102E+16
30561,6.17041E+18,6,5,31,6,2017,4,14,5,3,4,1,0,1,0,0,0,0,0,4.86691E+20,5.61365E+21,8.81165E+15,5.06746E+16
30562,6.17041E+18,6,4,35,14,2017,4,16,5,3,2,6,0,1,0,0,0,0,0,4.99641E+20,5.55469E+21,8.99497E+15,5.01444E+16
30563,6.17042E+18,6,4,12,0,2017,4,10,2,3,0,2,1,1,0,0,0,0,0,4.79949E+20,5.55238E+21,8.7195E+15,5.01233E+16
30564,6.17041E+18,6,4,13,0,2017,4,7,5,2,3,6,0,1,0,0,1,0,0,4.84714E+20,5.54615E+21,8.78641E+15,5.00674E+16
30565,6.17041E+18,6,5,35,5,2017,4,21,5,3,2,6,0,1,0,0,0,2,0,5.07049E+20,5.61815E+21,9.09984E+15,5.07151E+16
30566,6.17042E+18,6,4,37,13,2017,4,9,2,2,5,3,0,1,0,0,0,0,0,4.8805E+20,5.50646E+21,8.83426E+15,4.97106E+16
30567,6.17041E+18,6,4,12,0,2017,4,19,5,3,2,6,0,1,0,0,0,0,0,4.71648E+20,5.55614E+21,8.6031E+15,5.01568E+16
30568,6.17042E+18,6,6,34,22,2017,4,21,2,3,3,6,0,1,0,0,1,2,0,5.11405E+20,5.63831E+21,9.16217E+15,5.08963E+16
30569,6.17041E+18,6,4,13,0,2017,4,8,5,3,2,6,0,1,0,0,0,0,0,4.81051E+20,5.54635E+21,8.73522E+15,5.00691E+16
30570,6.17041E+18,6,4,33,7,2017,4,16,5,3,2,6,0,1,0,0,1,0,0,4.64878E+20,5.54239E+21,8.50959E+15,5.00328E+16
30571,6.1705E+18,6,5,31,6,2017,5,12,3,3,5,3,0,1,0,0,0,0,1,4.97089E+20,5.60899E+21,8.95883E+15,5.06328E+16
30572,6.1705E+18,6,4,31,11,2017,5,17,3,2,9,1,0,1,0,0,0,0,1,4.7738E+20,5.49932E+21,8.68667E+15,4.9646E+16
30573,6.1705E+18,6,6,34,13,2017,5,16,3,3,9,1,0,1,0,0,0,0,1,5.36222E+20,5.66104E+21,9.51731E+15,5.10997E+16
30574,6.17041E+18,6,4,12,0,2017,4,9,5,3,2,6,0,1,0,0,1,0,0,4.77405E+20,5.54548E+21,8.68433E+15,5.00611E+16
30575,6.17043E+18,6,5,32,23,2017,4,6,5,3,5,1,0,1,0,0,0,1,0,4.67762E+20,5.60225E+21,8.54475E+15,5.05713E+16
30576,6.1705E+18,6,4,13,0,2017,5,15,3,3,2,6,0,1,0,0,0,0,1,4.83497E+20,5.54863E+21,8.76929E+15,5.00897E+16
30577,6.17041E+18,6,5,33,2,2017,4,19,5,3,3,6,0,1,0,0,0,0,0,4.39929E+20,5.57853E+21,8.15554E+15,5.03558E+16
30578,6.17043E+18,6,4,39,7,2017,4,16,5,3,5,3,0,1,0,0,0,0,0,4.46575E+20,5.56265E+21,8.25121E+15,5.02136E+16
30579,6.17041E+18,6,4,32,8,2017,4,13,5,3,8,1,0,1,0,0,0,0,0,4.6868E+20,5.52549E+21,8.56406E+15,4.9881E+16
30580,6.17041E+18,6,4,33,7,2017,4,17,5,3,2,6,0,1,0,0,0,0,0,4.64452E+20,5.54213E+21,8.50367E+15,5.00304E+16
30581,6.17043E+18,6,5,35,11,2017,4,17,5,3,2,6,0,1,0,0,0,0,0,5.27639E+20,5.61011E+21,9.3909E+15,5.06422E+16
30582,6.17041E+18,6,4,33,12,2017,4,17,5,3,2,6,0,1,0,0,0,0,0,4.55941E+20,5.53564E+21,8.38559E+15,4.99715E+16
30583,6.17043E+18,6,6,31,3,2017,4,22,6,2,8,1,0,1,0,1,0,2,0,5.56901E+20,5.59848E+21,9.80292E+15,5.05355E+16
30584,6.17041E+18,6,4,35,6,2017,4,14,4,3,2,6,0,1,0,0,0,0,0,4.93619E+20,5.55643E+21,8.91066E+15,5.016E+16
30585,6.17043E+18,6,5,32,10,2017,4,13,6,3,5,3,0,1,0,0,1,0,0,4.4585E+20,5.6051E+21,8.23493E+15,5.05952E+16
30586,6.17041E+18,6,5,31,5,2017,4,10,4,2,6,4,0,1,1,0,0,0,0,4.77447E+20,5.60476E+21,8.68136E+15,5.05943E+16
30587,6.17041E+18,6,6,32,12,2017,4,15,4,3,0,3,1,1,0,0,0,0,0,5.52345E+20,5.63876E+21,9.74435E+15,5.08981E+16
30588,6.17041E+18,6,6,32,6,2017,4,5,4,3,5,3,0,1,0,0,0,2,0,5.61168E+20,5.63709E+21,9.86952E+15,5.08822E+16
30589,6.17041E+18,6,5,33,6,2017,4,10,4,3,1,5,0,1,0,1,0,0,0,4.31482E+20,5.58459E+21,8.03572E+15,5.04093E+16
30590,6.17041E+18,6,6,33,17,2017,4,17,4,3,5,3,0,1,0,0,0,0,0,5.3832E+20,5.68122E+21,9.54944E+15,5.1281E+16
30591,6.17052E+18,6,4,35,14,2017,5,13,7,3,7,3,1,1,0,0,0,0,0,4.92959E+20,5.55417E+21,8.90147E+15,5.01397E+16
30592,6.17051E+18,6,4,36,9,2017,5,17,6,3,2,6,0,1,0,0,1,0,0,4.62277E+20,5.54715E+21,8.47281E+15,5.00755E+16
30593,6.17052E+18,6,5,31,18,2017,5,20,6,3,8,1,0,1,0,0,0,0,1,4.75225E+20,5.606E+21,8.64989E+15,5.06053E+16
30594,6.17052E+18,6,5,33,15,2017,5,5,7,3,9,1,0,1,0,0,0,1,1,4.46708E+20,5.58343E+21,8.25014E+15,5.04005E+16
30595,6.17052E+18,6,6,36,14,2017,5,14,6,3,8,1,0,0,0,1,0,0,0,5.70141E+20,5.66867E+21,1.00032E+16,5.11652E+16
30596,6.17052E+18,6,5,35,16,2017,5,12,7,2,9,1,0,0,0,1,0,0,0,5.17712E+20,5.59666E+21,9.24985E+15,5.05216E+16
30597,6.17052E+18,6,6,32,8,2017,5,13,6,3,9,7,0,1,0,0,0,0,1,5.4664E+20,5.62119E+21,9.661E+15,5.07407E+16