OBJECTID,UIDENTSTLA,ULAND,UREGBEZ,UKREIS,UGEMEINDE,UJAHR,UMONAT,USTUNDE,UWOCHENTAG,UKATEGORIE,UART,UTYP1,IstRad,IstPKW,IstFuss,IstKrad,IstSonstig,LICHT,STRZUSTAND,LINREFX,LINREFY,XGCSWGS84,YGCSWGS84
30598,6.17052E+18,6,6,32,12,2017,5,7,6,3,8,1,0,1,0,0,0,0,1,5.52791E+20,5.64129E+21,9.75106E+15,5.09208E+16
30599,6.17051E+18,6,4,31,11,2017,5,22,6,3,5,3,0,1,0,0,0,2,0,4.73861E+20,5.49978E+21,8.63789E+15,4.965E+16
30600,6.17051E+18,6,4,31,11,2017,5,10,6,3,0,1,0,1,0,1,0,0,1,4.73791E+20,5.49896E+21,8.63698E+15,4.96426E+16
30601,6.17052E+18,6,6,31,9,2017,5,17,1,3,5,3,0,1,0,0,0,0,0,5.50097E+20,5.59738E+21,9.70677E+15,5.05262E+16
30602,6.17052E+18,6,5,33,9,2017,5,14,6,3,5,3,0,1,0,1,0,0,1,4.32832E+20,5.58244E+21,8.05509E+15,5.03902E+16
30603,6.17052E+18,6,5,33,3,2017,5,12,6,3,5,3,0,1,0,0,1,0,1,4.50913E+20,5.57433E+21,8.3105E+15,5.0319E+16
30604,6.17051E+18,6,4,35,3,2017,5,12,6,3,2,6,0,1,0,0,1,0,1,5.22596E+20,5.55674E+21,9.31636E+15,5.01625E+16
30605,6.17052E+18,6,4,14,0,2017,5,13,6,3,5,3,0,1,0,0,0,0,1,4.45823E+20,5.54532E+21,8.24313E+15,5.00577E+16
30606,6.17051E+18,6,4,40,4,2017,5,8,6,3,1,3,0,1,0,0,0,0,0,5.07922E+20,5.57056E+21,9.1112E+15,5.02871E+16
30607,6.17052E+18,6,4,14,0,2017,5,16,6,3,4,1,0,1,0,0,0,0,1,4.44047E+20,5.54939E+21,8.21774E+15,5.00941E+16
30608,6.17052E+18,6,4,12,0,2017,5,14,6,3,6,4,0,1,1,0,0,0,1,4.75256E+20,5.55118E+21,8.65392E+15,5.01123E+16
30609,6.17051E+18,6,4,40,4,2017,5,15,6,3,5,2,0,1,0,0,0,0,0,5.01579E+20,5.56688E+21,9.02215E+15,5.02541E+16
30610,6.17051E+18,6,5,32,17,2017,5,16,6,3,2,6,0,1,0,0,0,0,0,4.56385E+20,5.61579E+21,8.38251E+15,5.06923E+16
30611,6.17052E+18,6,4,12,0,2017,5,8,6,3,2,6,0,1,0,0,0,0,1,4.75477E+20,5.54759E+21,8.65725E+15,5.00801E+16
30612,6.17051E+18,6,5,32,11,2017,5,18,6,3,9,1,0,1,0,0,0,0,1,4.42841E+20,5.61726E+21,8.19054E+15,5.07043E+16
30613,6.17051E+18,6,4,40,8,2017,5,9,6,3,4,1,0,1,0,0,1,0,1,4.8524E+20,5.57481E+21,8.79265E+15,5.03252E+16
30614,6.17052E+18,6,4,12,0,2017,5,14,6,3,2,6,0,1,0,0,0,0,1,4.80701E+20,5.55495E+21,8.72989E+15,5.01464E+16
30615,6.17051E+18,6,4,40,7,2017,5,11,6,3,4,1,0,1,0,0,0,0,1,4.91826E+20,5.57152E+21,8.88524E+15,5.02958E+16
30616,6.17052E+18,6,4,12,0,2017,5,18,6,3,0,6,0,1,0,1,0,0,1,4.79342E+20,5.55261E+21,8.711E+15,5.01254E+16
30617,6.17051E+18,6,5,34,7,2017,5,20,6,3,3,6,0,1,0,0,0,1,1,4.6594E+20,5.63296E+21,8.51619E+15,5.08474E+16
30618,6.17051E+18,6,5,35,14,2017,5,23,6,3,8,1,0,1,0,0,0,2,1,5.16441E+20,5.61682E+21,9.23282E+15,5.07029E+16
30619,6.17052E+18,6,4,12,0,2017,5,11,6,3,5,3,0,1,0,0,1,0,1,4.75742E+20,5.55087E+21,8.66075E+15,5.01096E+16
30620,6.17052E+18,6,6,11,0,2017,5,21,6,3,5,3,0,1,0,0,0,2,1,5.31648E+20,5.6842E+21,9.45404E+15,5.13082E+16
30621,6.17052E+18,6,6,11,0,2017,5,17,6,3,8,1,0,1,0,0,0,0,1,5.31761E+20,5.68539E+21,9.45576E+15,5.13189E+16
30622,6.17051E+18,6,4,33,10,2017,5,14,6,3,3,6,0,1,0,0,0,0,0,4.61747E+20,5.54114E+21,8.46601E+15,5.00213E+16
30623,6.17052E+18,6,6,34,2,2017,5,13,6,2,6,4,0,1,1,0,0,0,1,5.26997E+20,5.6743E+21,9.38656E+15,5.12195E+16
30624,6.17052E+18,6,4,38,8,2017,5,15,6,3,2,6,0,1,0,0,0,0,1,4.89207E+20,5.55203E+21,8.84902E+15,5.01204E+16
30625,6.17051E+18,6,5,34,11,2017,5,13,6,2,4,1,0,1,0,0,0,0,1,4.97566E+20,5.63041E+21,8.96544E+15,5.08254E+16
30626,6.17052E+18,6,4,35,19,2017,5,19,6,3,1,7,0,1,0,0,0,0,1,4.86307E+20,5.5576E+21,8.80825E+15,5.01705E+16
30627,6.17052E+18,6,4,34,7,2017,5,18,6,3,5,3,0,1,0,0,0,0,1,4.65484E+20,5.57211E+21,8.51537E+15,5.03001E+16
30628,6.17051E+18,6,6,31,9,2017,5,9,6,3,5,3,0,1,0,0,0,0,0,5.49678E+20,5.59965E+21,9.70117E+15,5.05466E+16
30629,6.17051E+18,6,5,32,16,2017,5,6,6,3,9,1,0,1,0,0,0,0,1,4.55007E+20,5.60154E+21,8.36473E+15,5.0564E+16
30630,6.17052E+18,6,4,35,16,2017,5,9,6,3,9,1,0,1,0,0,0,0,1,5.30757E+20,5.56165E+21,9.43101E+15,5.02062E+16
30631,6.17052E+18,6,4,36,6,2017,5,6,7,2,7,1,0,1,0,0,1,1,0,4.52744E+20,5.54019E+21,8.34045E+15,5.00122E+16
30632,6.17051E+18,6,5,32,21,2017,5,3,6,2,7,1,0,1,0,0,1,2,1,4.6047E+20,5.60054E+21,8.44196E+15,5.05555E+16
30633,6.17051E+18,6,5,31,5,2017,5,15,6,3,5,2,0,1,0,0,0,0,0,4.72823E+20,5.59986E+21,8.6164E+15,5.05501E+16
30634,6.17052E+18,6,4,35,12,2017,5,18,6,3,9,1,0,1,0,0,0,0,1,5.08598E+20,5.56475E+21,9.12056E+15,5.02349E+16
30635,6.17051E+18,6,4,35,14,2017,5,8,6,3,5,3,0,1,0,0,0,0,1,4.92895E+20,5.54875E+21,8.90067E+15,5.0091E+16
30636,6.17051E+18,6,4,12,0,2017,5,16,6,3,2,6,0,1,0,0,1,0,0,4.71036E+20,5.54463E+21,8.5954E+15,5.00532E+16
30637,6.17052E+18,6,4,35,5,2017,5,16,6,3,8,1,0,1,0,0,0,0,1,5.18995E+20,5.57151E+21,9.26669E+15,5.02954E+16
30638,6.17051E+18,6,4,12,0,2017,5,15,6,3,2,6,0,1,0,0,0,0,0,4.74519E+20,5.56085E+21,8.64298E+15,5.01993E+16
30639,6.17051E+18,6,4,14,0,2017,5,8,6,3,2,6,0,1,0,0,0,0,0,4.49877E+20,5.54444E+21,8.29988E+15,5.00502E+16
30640,6.17051E+18,6,4,39,8,2017,5,14,6,3,2,6,0,1,0,0,0,0,0,4.46588E+20,5.56363E+21,8.25126E+15,5.02224E+16
30641,6.17051E+18,6,4,31,6,2017,5,18,6,3,2,6,0,1,0,0,1,0,0,4.67288E+20,5.50649E+21,8.54628E+15,4.971E+16
30642,6.17051E+18,6,4,31,2,2017,5,17,6,2,2,6,0,1,0,0,0,0,1,4.71097E+20,5.50611E+21,8.59913E+15,4.97068E+16
30643,6.17052E+18,6,4,40,1,2017,5,16,6,2,5,2,0,1,0,0,0,0,1,4.95553E+20,5.57026E+21,8.93758E+15,5.02845E+16
30644,6.17051E+18,6,4,31,2,2017,5,14,6,2,2,6,0,1,0,0,1,0,0,4.71141E+20,5.50232E+21,8.60003E+15,4.96727E+16
30645,6.17051E+18,6,4,32,18,2017,5,15,6,3,2,6,0,1,0,0,0,0,0,4.68811E+20,5.51596E+21,8.56664E+15,4.97953E+16
30646,6.17052E+18,6,4,40,4,2017,5,12,6,2,9,1,0,1,0,0,0,0,0,5.02381E+20,5.57137E+21,9.03342E+15,5.02945E+16
30647,6.17051E+18,6,5,31,13,2017,5,20,6,3,2,6,0,1,0,0,0,1,0,4.8001E+20,5.60906E+21,8.71734E+15,5.0633E+16
30648,6.17051E+18,6,5,31,16,2017,5,19,6,3,2,6,0,1,0,0,0,0,0,4.86632E+20,5.60434E+21,8.81114E+15,5.05908E+16
30649,6.17052E+18,6,4,37,3,2017,5,7,6,3,8,1,0,1,0,0,0,0,1,4.91546E+20,5.51291E+21,8.8826E+15,4.97686E+16
30650,6.17052E+18,6,4,32,16,2017,5,7,6,3,4,6,0,1,0,0,0,0,1,4.81809E+20,5.51843E+21,8.74712E+15,4.9818E+16
30651,6.17051E+18,6,4,40,24,2017,5,14,6,2,9,7,0,1,0,0,0,0,0,4.86909E+20,5.58517E+21,8.81574E+15,5.04184E+16
30652,6.17052E+18,6,4,32,13,2017,5,14,6,3,9,1,0,1,0,0,0,0,1,4.80298E+20,5.51075E+21,8.72651E+15,4.97489E+16
30653,6.17052E+18,6,4,12,0,2017,5,14,7,3,2,6,0,1,0,0,0,0,0,4.71937E+20,5.55699E+21,8.60709E+15,5.01644E+16
30654,6.17051E+18,6,4,35,7,2017,5,23,5,3,2,6,0,1,0,1,0,2,0,4.97835E+20,5.55547E+21,8.9697E+15,5.01515E+16
30655,6.17052E+18,6,4,40,6,2017,5,17,6,3,2,6,0,1,0,0,0,0,1,4.92046E+20,5.5825E+21,8.88809E+15,5.03945E+16
30656,6.17052E+18,6,4,38,12,2017,5,19,7,3,5,3,0,1,0,0,0,0,0,4.87268E+20,5.53399E+21,8.8225E+15,4.99581E+16
30657,6.17051E+18,6,5,35,11,2017,5,6,5,3,5,3,1,1,0,0,0,0,0,5.29013E+20,5.60989E+21,9.41031E+15,5.06402E+16
30658,6.17052E+18,6,5,34,4,2017,5,11,6,3,2,1,0,1,0,0,0,0,1,4.65716E+20,5.64001E+21,8.51234E+15,5.09107E+16
30659,6.17052E+18,6,4,14,0,2017,5,13,7,3,5,2,1,0,0,0,1,0,0,4.45136E+20,5.54703E+21,8.23329E+15,5.0073E+16
30660,6.17051E+18,6,5,33,9,2017,5,21,5,3,3,6,0,1,0,1,0,2,0,4.3322E+20,5.58246E+21,8.06055E+15,5.03904E+16
30661,6.17052E+18,6,4,31,20,2017,5,16,6,3,2,6,0,1,0,0,0,0,1,4.68023E+20,5.48603E+21,8.55814E+15,4.9526E+16
30662,6.17051E+18,6,4,14,0,2017,5,17,5,3,8,7,0,1,0,0,0,0,0,4.44305E+20,5.54863E+21,8.22145E+15,5.00873E+16
30663,6.17052E+18,6,4,33,12,2017,5,16,6,2,3,6,0,1,0,1,0,0,1,4.59099E+20,5.53716E+21,8.42947E+15,4.99854E+16
30664,6.17051E+18,6,4,12,0,2017,5,12,5,3,5,3,1,1,0,0,0,0,0,4.72956E+20,5.55206E+21,8.62169E+15,5.01202E+16
30665,6.17051E+18,6,4,37,13,2017,5,16,5,3,5,3,0,1,0,0,0,0,0,4.90226E+20,5.50039E+21,8.86459E+15,4.96559E+16
30666,6.17051E+18,6,4,37,11,2017,5,8,5,2,6,7,0,0,1,0,1,0,0,5.05945E+20,5.49998E+21,9.08236E+15,4.96524E+16
30667,6.17051E+18,6,4,11,0,2017,5,16,5,3,5,3,1,1,0,0,0,0,0,4.74413E+20,5.52524E+21,8.64387E+15,4.9879E+16
30668,6.17051E+18,6,4,12,0,2017,5,7,5,3,0,7,0,1,0,1,0,0,0,4.83411E+20,5.55349E+21,8.76788E+15,5.01334E+16
30669,6.17051E+18,6,6,33,11,2017,5,14,5,3,5,3,0,1,0,0,0,0,0,5.21432E+20,5.68591E+21,9.30758E+15,5.13241E+16
30670,6.17052E+18,6,5,35,1,2017,5,18,1,3,2,6,0,1,0,0,0,0,0,5.18985E+20,5.62102E+21,9.26906E+15,5.07406E+16
30671,6.17052E+18,6,4,33,12,2017,5,8,6,3,0,6,0,0,0,1,1,0,1,4.58883E+20,5.53754E+21,8.42641E+15,4.99888E+16
30672,6.17052E+18,6,4,33,9,2017,5,16,6,3,2,6,0,1,0,0,0,0,1,4.60731E+20,5.53171E+21,8.45278E+15,4.99365E+16
30673,6.17051E+18,6,6,32,13,2017,5,17,5,3,5,3,0,1,0,0,1,0,0,5.64568E+20,5.65563E+21,9.92114E+15,5.10486E+16
30674,6.17052E+18,6,5,34,14,2017,5,18,6,3,9,1,0,1,0,0,0,0,1,4.84435E+20,5.62853E+21,8.77909E+15,5.08083E+16
30675,6.17051E+18,6,6,34,2,2017,5,16,5,3,5,2,0,1,0,0,0,0,0,5.31177E+20,5.67348E+21,9.44635E+15,5.12118E+16
30676,6.17052E+18,6,5,32,21,2017,5,16,6,3,3,6,0,1,0,0,0,0,1,4.58768E+20,5.60015E+21,8.41798E+15,5.05519E+16
30677,6.17051E+18,6,6,34,5,2017,5,11,5,1,5,3,0,0,0,1,1,0,0,5.19168E+20,5.66727E+21,9.27409E+15,5.11565E+16
30678,6.17051E+18,6,6,35,4,2017,5,18,5,3,5,2,0,1,0,0,0,0,0,4.7466E+20,5.65058E+21,8.63883E+15,5.10063E+16
30679,6.17052E+18,6,6,31,8,2017,5,9,6,3,8,1,0,0,0,0,1,0,1,5.397E+20,5.58349E+21,9.55862E+15,5.04021E+16
30680,6.17051E+18,6,4,35,28,2017,5,11,5,2,5,3,0,1,0,0,0,0,0,5.32122E+20,5.57361E+21,9.45115E+15,5.03137E+16
30681,6.17052E+18,6,6,34,7,2017,5,6,6,3,2,6,0,1,0,0,0,0,0,5.26275E+20,5.67054E+21,9.37596E+15,5.11856E+16
30682,6.17051E+18,6,4,38,8,2017,5,10,5,2,5,3,1,1,0,0,0,0,0,4.88978E+20,5.5477E+21,8.84594E+15,5.00815E+16
30683,6.17051E+18,6,4,35,2,2017,5,15,5,1,6,4,0,0,1,0,1,0,0,5.26267E+20,5.5696E+21,9.36865E+15,5.0278E+16
30684,6.17052E+18,6,6,33,17,2017,5,9,6,3,9,1,0,1,0,0,0,0,1,5.37008E+20,5.68065E+21,9.53057E+15,5.1276E+16
30685,6.17052E+18,6,6,11,0,2017,5,14,6,3,2,6,0,1,0,0,0,0,1,5.31816E+20,5.6798E+21,9.45605E+15,5.12686E+16
30686,6.17052E+18,6,6,34,1,2017,5,8,6,3,2,6,0,1,0,0,1,0,1,5.16594E+20,5.65407E+21,9.23667E+15,5.1038E+16
30687,6.17051E+18,6,4,40,5,2017,5,18,5,3,2,6,0,1,1,0,0,0,0,4.77626E+20,5.58527E+21,8.68506E+15,5.0419E+16
30688,6.17052E+18,6,4,33,10,2017,5,19,6,3,9,1,0,1,0,0,0,1,1,4.63959E+20,5.54091E+21,8.4969E+15,5.00194E+16
30689,6.17052E+18,6,4,31,16,2017,5,12,6,3,9,6,0,1,0,0,0,0,1,4.67812E+20,5.50108E+21,8.55399E+15,4.96614E+16
30690,6.17052E+18,6,5,32,1,2017,5,22,6,3,2,6,0,1,0,0,0,2,1,4.58461E+20,5.60694E+21,8.41289E+15,5.06129E+16
30691,6.17052E+18,6,4,40,23,2017,5,22,6,2,3,6,0,1,0,0,1,2,1,4.77673E+20,5.5733E+21,8.68644E+15,5.03113E+16
30692,6.17051E+18,6,4,32,14,2017,5,14,5,3,4,6,1,0,0,0,0,0,0,4.7924E+20,5.51954E+21,8.71136E+15,4.9828E+16
30693,6.17052E+18,6,4,40,15,2017,5,17,6,2,0,1,0,1,0,0,0,0,1,4.82204E+20,5.59116E+21,8.74922E+15,5.04722E+16
30694,6.17051E+18,6,4,40,24,2017,5,14,5,2,5,3,0,1,0,0,1,0,0,4.89734E+20,5.58605E+21,8.85547E+15,5.04264E+16
30695,6.17052E+18,6,5,31,4,2017,5,5,6,3,8,1,0,1,0,0,0,1,1,4.84786E+20,5.59971E+21,8.78525E+15,5.05492E+16
30696,6.17052E+18,6,4,35,6,2017,5,17,5,3,2,6,0,1,0,0,0,0,0,4.94521E+20,5.55853E+21,8.92326E+15,5.0179E+16
30697,6.17051E+18,6,4,33,12,2017,5,18,5,3,6,3,0,0,1,0,1,0,0,4.59126E+20,5.53711E+21,8.42985E+15,4.99849E+16
30698,6.17052E+18,6,4,35,14,2017,5,12,5,3,3,6,0,1,0,1,0,0,0,4.94961E+20,5.55438E+21,8.92947E+15,5.01417E+16
30699,6.17052E+18,6,5,35,11,2017,5,13,5,3,5,3,0,1,0,0,0,0,0,5.2751E+20,5.61046E+21,9.38909E+15,5.06453E+16
30700,6.17051E+18,6,4,33,8,2017,5,2,5,3,7,7,0,1,0,0,0,2,0,4.70663E+20,5.5366E+21,8.59081E+15,4.9981E+16
30701,6.17051E+18,6,6,31,13,2017,5,8,5,3,2,6,0,1,0,0,0,0,0,5.66884E+20,5.6077E+21,9.94543E+15,5.06174E+16
30702,6.17052E+18,6,6,33,8,2017,5,19,5,2,9,1,0,1,0,0,0,0,0,5.35106E+20,5.67998E+21,9.50323E+15,5.12701E+16
30703,6.17051E+18,6,6,31,9,2017,5,7,5,3,0,7,0,1,0,1,0,0,0,5.48387E+20,5.60128E+21,9.68315E+15,5.05614E+16
30704,6.17051E+18,6,5,32,23,2017,5,8,5,3,0,3,0,1,0,0,1,0,0,4.64602E+20,5.60138E+21,8.50021E+15,5.05633E+16
30705,6.17052E+18,6,4,14,0,2017,5,16,5,3,2,6,0,1,0,1,0,0,0,4.4312E+20,5.54927E+21,8.20479E+15,5.00929E+16
30706,6.17051E+18,6,5,31,11,2017,5,8,5,3,2,6,0,1,0,0,0,0,0,4.87975E+20,5.59698E+21,8.83036E+15,5.05246E+16
30707,6.17051E+18,6,5,31,12,2017,5,15,5,3,2,6,0,1,0,0,0,0,0,4.75016E+20,5.59758E+21,8.6475E+15,5.05296E+16
30708,6.17052E+18,6,4,14,0,2017,5,8,5,3,2,6,0,1,0,0,0,0,0,4.45545E+20,5.54685E+21,8.23903E+15,5.00714E+16
30709,6.17051E+18,6,4,35,14,2017,5,8,5,3,5,3,1,1,0,0,0,0,0,4.97259E+20,5.55057E+21,8.96167E+15,5.01074E+16
30710,6.17051E+18,6,4,13,0,2017,5,14,5,3,2,6,0,1,0,0,0,0,0,4.83668E+20,5.54613E+21,8.7718E+15,5.00672E+16
30711,6.17052E+18,6,4,14,0,2017,5,16,5,3,3,2,1,1,0,0,0,0,0,4.45346E+20,5.5479E+21,8.23611E+15,5.00809E+16
30712,6.17052E+18,6,4,13,0,2017,5,15,5,3,6,4,0,1,1,0,0,0,0,4.82716E+20,5.55049E+21,8.7583E+15,5.01064E+16
30713,6.17051E+18,6,4,35,12,2017,5,6,5,3,2,6,0,1,0,0,1,0,0,5.08822E+20,5.56039E+21,9.1236E+15,5.01956E+16
30714,6.17052E+18,6,4,12,0,2017,5,6,5,3,2,6,0,1,0,0,0,0,0,4.75249E+20,5.55203E+21,8.65378E+15,5.012E+16
30715,6.17052E+18,6,4,12,0,2017,5,8,5,3,5,2,1,1,0,0,0,0,0,4.79403E+20,5.55358E+21,8.71179E+15,5.01341E+16
30716,6.17051E+18,6,6,33,20,2017,5,11,5,3,3,6,0,1,0,0,1,0,0,5.3924E+20,5.68321E+21,9.56284E+15,5.12989E+16
30717,6.17052E+18,6,4,12,0,2017,5,10,5,3,0,7,0,0,0,1,1,0,1,4.79176E+20,5.55106E+21,8.70876E+15,5.01114E+16
30718,6.17052E+18,6,6,34,26,2017,5,7,5,3,5,3,0,1,0,1,0,0,0,5.19294E+20,5.63865E+21,9.27437E+15,5.08992E+16
30719,6.17051E+18,6,4,12,0,2017,5,6,5,3,3,6,0,1,0,0,1,0,0,4.72083E+20,5.54458E+21,8.61003E+15,5.00529E+16
30720,6.17052E+18,6,6,33,5,2017,5,16,5,2,9,1,0,1,0,0,0,0,1,5.23484E+20,5.69273E+21,9.33747E+15,5.13853E+16
30721,6.17052E+18,6,4,33,4,2017,5,20,7,2,5,3,0,1,0,0,0,0,0,4.64421E+20,5.51137E+21,8.50606E+15,4.97538E+16
30722,6.17051E+18,6,4,12,0,2017,5,10,5,3,2,6,0,1,0,0,0,0,0,4.80312E+20,5.55309E+21,8.72454E+15,5.01297E+16
30723,6.17051E+18,6,4,38,9,2017,5,17,5,2,2,6,0,1,0,0,1,0,0,4.71176E+20,5.54314E+21,8.59747E+15,5.00399E+16
30724,6.17052E+18,6,4,39,12,2017,5,7,5,3,4,6,0,1,0,0,0,0,0,4.31699E+20,5.54025E+21,8.04675E+15,5.00106E+16
30725,6.17051E+18,6,4,32,23,2017,5,11,5,3,2,6,0,0,0,0,1,0,0,4.71706E+20,5.52738E+21,8.60603E+15,4.98981E+16
30726,6.17052E+18,6,4,39,13,2017,5,9,5,3,5,2,0,1,0,1,0,0,0,4.22954E+20,5.53672E+21,7.92542E+15,4.99779E+16
30727,6.17051E+18,6,5,31,5,2017,5,8,4,3,5,2,0,1,0,0,0,0,0,4.80108E+20,5.60666E+21,8.71885E+15,5.06115E+16
30728,6.17052E+18,6,4,34,8,2017,5,15,5,3,4,6,0,1,0,0,0,0,1,4.64666E+20,5.56438E+21,8.5046E+15,5.02305E+16
30729,6.17051E+18,6,6,36,3,2017,5,8,4,3,5,3,0,1,0,1,0,0,0,5.73866E+20,5.67061E+21,1.00568E+16,5.11821E+16
30730,6.17051E+18,6,6,35,22,2017,5,14,4,2,2,6,0,1,0,0,1,0,0,4.77286E+20,5.68116E+21,8.67432E+15,5.12813E+16
30731,6.17051E+18,6,5,35,16,2017,5,17,4,3,8,1,0,0,0,1,0,0,0,5.11467E+20,5.59856E+21,9.16182E+15,5.05388E+16
30732,6.17052E+18,6,4,34,2,2017,5,8,5,3,2,6,0,1,0,0,0,0,0,4.75774E+20,5.56993E+21,8.65998E+15,5.0281E+16
30733,6.17052E+18,6,5,33,18,2017,5,13,5,3,5,3,1,1,0,0,0,0,0,4.5225E+20,5.58227E+21,8.32826E+15,5.03905E+16
30734,6.17052E+18,6,4,36,7,2017,5,7,5,3,0,1,0,0,0,1,0,0,0,4.58939E+20,5.54854E+21,8.42602E+15,5.00877E+16
30735,6.17052E+18,6,4,37,3,2017,5,23,5,3,8,1,1,0,0,0,0,2,0,4.92079E+20,5.51346E+21,8.88998E+15,4.97736E+16
30736,6.17052E+18,6,4,33,2,2017,5,10,5,2,5,3,0,1,0,0,1,0,0,4.52784E+20,5.53815E+21,8.34126E+15,4.99938E+16
30737,6.17052E+18,6,4,33,11,2017,5,13,5,3,2,6,0,1,0,1,0,0,1,4.60044E+20,5.52296E+21,8.44411E+15,4.98578E+16
30738,6.17052E+18,6,4,33,11,2017,5,8,5,2,5,3,0,1,0,1,0,0,0,4.63019E+20,5.52255E+21,8.48554E+15,4.98542E+16
30739,6.17052E+18,6,5,32,3,2017,5,23,5,2,9,1,0,1,0,0,0,2,0,4.60437E+20,5.59121E+21,8.44249E+15,5.04715E+16
30740,6.17051E+18,6,5,33,9,2017,5,13,4,3,1,5,0,1,0,0,0,0,0,4.33186E+20,5.58533E+21,8.05956E+15,5.04162E+16
30741,6.17051E+18,6,6,33,26,2017,5,15,4,3,5,2,0,1,0,0,1,0,0,5.32684E+20,5.69056E+21,9.46949E+15,5.13654E+16
30742,6.17052E+18,6,5,32,14,2017,5,7,5,2,5,2,0,1,0,1,0,0,0,4.69745E+20,5.59731E+21,8.57315E+15,5.05269E+16
30743,6.17051E+18,6,6,11,0,2017,5,22,4,3,5,3,0,1,0,0,0,2,0,5.32848E+20,5.68433E+21,9.47126E+15,5.13094E+16
30744,6.17051E+18,6,4,12,0,2017,5,15,4,3,2,6,0,1,0,0,0,0,0,4.72876E+20,5.55534E+21,8.62034E+15,5.01497E+16
30745,6.17052E+18,6,5,31,5,2017,5,18,5,3,5,3,0,1,0,0,0,0,0,4.76908E+20,5.6031E+21,8.67386E+15,5.05794E+16
30746,6.17052E+18,6,5,33,9,2017,5,16,5,3,2,6,0,1,0,0,1,0,0,4.30358E+20,5.58401E+21,8.02001E+15,5.0404E+16
30747,6.17051E+18,6,4,12,0,2017,5,10,4,3,6,2,0,0,1,0,1,0,0,4.76301E+20,5.54971E+21,8.66864E+15,5.00992E+16
30748,6.17052E+18,6,5,31,12,2017,5,11,5,2,8,6,0,1,0,0,0,0,0,4.75875E+20,5.60007E+21,8.65945E+15,5.05521E+16
30749,6.17051E+18,6,4,12,0,2017,5,18,4,3,2,6,0,1,0,0,1,0,0,4.73644E+20,5.55002E+21,8.63146E+15,5.01018E+16
30750,6.17052E+18,6,4,35,13,2017,5,17,4,2,5,2,0,1,0,0,0,0,0,4.99466E+20,5.56558E+21,8.9925E+15,5.02424E+16
30751,6.17052E+18,6,5,31,5,2017,5,9,4,3,5,2,1,1,0,0,0,0,0,4.7802E+20,5.60562E+21,8.68941E+15,5.0602E+16
30752,6.17051E+18,6,4,11,0,2017,5,14,4,3,1,5,1,0,0,0,1,0,0,4.75923E+20,5.53212E+21,8.66446E+15,4.99409E+16
30753,6.17052E+18,6,5,33,7,2017,5,9,4,2,3,5,0,1,0,0,0,0,0,4.33163E+20,5.59176E+21,8.0581E+15,5.0474E+16
30754,6.17052E+18,6,6,33,15,2017,5,17,4,2,6,4,0,1,1,0,0,0,0,5.41645E+20,5.68197E+21,9.59719E+15,5.12875E+16
30755,6.17051E+18,6,4,11,0,2017,5,21,4,2,5,2,1,1,0,0,0,2,0,4.74371E+20,5.52561E+21,8.64326E+15,4.98823E+16
30756,6.17051E+18,6,4,11,0,2017,5,22,4,3,1,6,0,1,0,0,0,2,0,4.74349E+20,5.52241E+21,8.64316E+15,4.98535E+16
30757,6.17052E+18,6,6,11,0,2017,5,16,4,2,6,4,0,1,1,0,0,0,0,5.34465E+20,5.68708E+21,9.49473E+15,5.13339E+16
30758,6.17051E+18,6,4,11,0,2017,5,13,4,3,6,4,1,0,1,0,0,0,0,4.7534E+20,5.52438E+21,8.65683E+15,4.98713E+16
30759,6.17051E+18,6,6,36,16,2017,5,14,4,3,2,6,1,1,0,0,0,0,0,5.59643E+20,5.68866E+21,9.85637E+15,5.13461E+16
30760,6.17052E+18,6,4,14,0,2017,5,18,4,3,5,3,1,1,0,0,0,0,0,4.50219E+20,5.53888E+21,8.30538E+15,5.00002E+16
30761,6.17051E+18,6,6,34,14,2017,5,6,4,3,0,3,0,1,0,0,1,0,0,5.39305E+20,5.6622E+21,9.56148E+15,5.11099E+16
30762,6.17052E+18,6,4,14,0,2017,5,21,4,3,5,2,1,1,0,0,0,2,0,4.49874E+20,5.53971E+21,8.30045E+15,5.00076E+16
30763,6.17051E+18,6,6,33,5,2017,5,20,4,3,5,3,0,1,0,1,0,0,0,5.27428E+20,5.69558E+21,9.39438E+15,5.14108E+16
30764,6.17051E+18,6,6,11,0,2017,5,7,4,3,5,2,0,1,0,1,0,0,0,5.30487E+20,5.68742E+21,9.43766E+15,5.13372E+16
30765,6.17051E+18,6,6,11,0,2017,5,11,4,2,0,1,1,0,0,0,0,0,0,5.31878E+20,5.68538E+21,9.45744E+15,5.13188E+16
30766,6.17051E+18,6,4,35,25,2017,5,20,4,2,3,6,0,1,0,1,0,0,0,5.37981E+20,5.58198E+21,9.53429E+15,5.03886E+16
30767,6.17051E+18,6,4,39,10,2017,5,18,4,2,5,2,0,1,0,1,0,0,0,4.15639E+20,5.54503E+21,7.8216E+15,5.00516E+16
30768,6.17052E+18,6,4,14,0,2017,5,8,4,3,3,6,0,1,0,1,0,0,0,4.46799E+20,5.54471E+21,8.25685E+15,5.00523E+16
30769,6.17051E+18,6,4,35,26,2017,5,14,4,3,0,7,0,1,0,0,0,0,0,4.88081E+20,5.56266E+21,8.83293E+15,5.0216E+16
30770,6.17052E+18,6,4,14,0,2017,5,7,4,3,5,3,1,1,0,0,0,0,0,4.43544E+20,5.54365E+21,8.21154E+15,5.00424E+16
30771,6.17051E+18,6,4,34,9,2017,5,16,4,3,4,6,0,1,0,0,0,0,0,4.58934E+20,5.56633E+21,8.42402E+15,5.02477E+16