OBJECTID,UIDENTSTLA,ULAND,UREGBEZ,UKREIS,UGEMEINDE,UJAHR,UMONAT,USTUNDE,UWOCHENTAG,UKATEGORIE,UART,UTYP1,IstRad,IstPKW,IstFuss,IstKrad,IstSonstig,LICHT,STRZUSTAND,LINREFX,LINREFY,XGCSWGS84,YGCSWGS84
30772,6.17051E+18,6,4,34,6,2017,5,13,4,3,5,3,0,1,0,0,0,0,0,4.65875E+20,5.55821E+21,8.5221E+15,5.01751E+16
30773,6.17051E+18,6,4,34,1,2017,5,15,4,3,2,6,0,1,0,0,0,0,0,4.7278E+20,5.56252E+21,8.61849E+15,5.02142E+16
30774,6.17051E+18,6,5,33,15,2017,5,6,4,2,5,3,0,1,0,0,0,0,0,4.42225E+20,5.58178E+21,8.18732E+15,5.03852E+16
30775,6.17051E+18,6,4,37,3,2017,5,15,4,2,8,1,0,1,0,0,0,0,0,4.92734E+20,5.51397E+21,8.89908E+15,4.97781E+16
30776,6.17052E+18,6,4,40,5,2017,5,7,2,3,0,6,0,0,0,1,1,0,0,4.73728E+20,5.58984E+21,8.62987E+15,5.046E+16
30777,6.17052E+18,6,4,40,4,2017,5,21,2,3,5,3,0,1,0,0,0,2,0,5.0519E+20,5.57145E+21,9.07287E+15,5.02952E+16
30778,6.17052E+18,6,5,32,12,2017,5,10,2,3,2,6,0,1,0,0,0,0,0,4.51249E+20,5.61429E+21,8.30999E+15,5.06784E+16
30779,6.17052E+18,6,5,32,4,2017,5,17,2,3,2,2,0,1,0,0,0,0,0,4.4666E+20,5.61637E+21,8.24475E+15,5.06967E+16
30780,6.17052E+18,6,5,31,10,2017,5,13,1,2,8,1,0,0,0,1,0,0,0,5.0226E+20,5.59811E+21,9.03189E+15,5.05349E+16
30781,6.17052E+18,6,4,14,0,2017,5,11,4,2,5,3,0,1,0,0,1,0,0,4.46194E+20,5.5469E+21,8.2481E+15,5.00719E+16
30782,6.17052E+18,6,4,13,0,2017,5,1,4,3,5,2,0,1,0,1,0,2,0,4.85041E+20,5.54947E+21,8.79085E+15,5.00973E+16
30783,6.17051E+18,6,5,32,7,2017,5,14,4,3,8,1,0,1,0,0,0,0,0,4.4343E+20,5.60995E+21,8.2E+15,5.06386E+16
30784,6.17051E+18,6,4,32,2,2017,5,9,4,3,3,6,1,0,0,0,1,0,0,4.96529E+20,5.53347E+21,8.95162E+15,4.99536E+16
30785,6.17052E+18,6,4,12,0,2017,5,18,4,3,6,4,0,1,1,0,0,0,0,4.76115E+20,5.55919E+21,8.66544E+15,5.01845E+16
30786,6.17051E+18,6,4,31,8,2017,5,20,4,3,8,1,0,0,0,1,0,0,0,4.78758E+20,5.48782E+21,8.70638E+15,4.95426E+16
30787,6.17051E+18,6,6,31,10,2017,5,16,4,3,2,6,0,1,0,1,0,0,0,5.67677E+20,5.59483E+21,9.95429E+15,5.05015E+16
30788,6.17052E+18,6,4,12,0,2017,5,17,4,3,5,3,1,1,0,0,0,0,0,4.73449E+20,5.54846E+21,8.62884E+15,5.00878E+16
30789,6.17052E+18,6,5,32,9,2017,5,6,2,3,3,6,0,1,0,0,0,0,0,4.53183E+20,5.62786E+21,8.33564E+15,5.08006E+16
30790,6.17051E+18,6,6,31,9,2017,5,16,4,3,5,2,1,1,0,0,0,0,0,5.48838E+20,5.59963E+21,9.68931E+15,5.05466E+16
30791,6.17052E+18,6,4,32,21,2017,5,18,2,3,5,2,1,1,0,0,0,0,0,5.02139E+20,5.52653E+21,9.02979E+15,4.98912E+16
30792,6.17051E+18,6,6,31,11,2017,5,10,4,3,2,7,0,1,0,0,1,0,0,5.39902E+20,5.60289E+21,9.56353E+15,5.05765E+16
30793,6.17052E+18,6,4,12,0,2017,5,7,4,3,6,4,1,0,1,0,0,0,0,4.77912E+20,5.54964E+21,8.69116E+15,5.00986E+16
30794,6.17052E+18,6,4,37,13,2017,5,14,4,2,4,6,0,1,0,1,0,0,0,4.89869E+20,5.50396E+21,8.85955E+15,4.96881E+16
30795,6.17051E+18,6,6,31,9,2017,5,12,4,2,2,6,0,1,0,0,0,0,0,5.48215E+20,5.59978E+21,9.68054E+15,5.0548E+16
30796,6.17052E+18,6,4,37,2,2017,5,16,4,2,2,6,0,1,0,1,0,0,0,4.99224E+20,5.4947E+21,8.98926E+15,4.96049E+16
30797,6.17052E+18,6,4,12,0,2017,5,7,4,3,3,6,0,1,0,1,0,0,0,4.80273E+20,5.5564E+21,8.72383E+15,5.01595E+16
30798,6.17051E+18,6,6,31,17,2017,5,17,4,3,2,6,0,1,0,0,0,0,0,5.50257E+20,5.59856E+21,9.70918E+15,5.05368E+16
30799,6.17052E+18,6,6,34,26,2017,5,13,4,3,2,1,0,1,0,0,1,0,0,5.18931E+20,5.63593E+21,9.26907E+15,5.08748E+16
30800,6.17052E+18,6,6,36,4,2017,5,18,4,3,5,2,0,1,0,1,0,0,0,5.54294E+20,5.67885E+21,9.77809E+15,5.12584E+16
30801,6.17051E+18,6,6,31,9,2017,5,17,4,3,2,6,0,1,0,0,0,0,0,5.46309E+20,5.60132E+21,9.65382E+15,5.0562E+16
30802,6.17052E+18,6,6,36,6,2017,5,17,4,1,8,1,0,1,0,0,0,0,0,5.50125E+20,5.67689E+21,9.71807E+15,5.12412E+16
30803,6.17051E+18,6,4,35,14,2017,5,16,4,3,2,6,0,1,0,0,0,0,0,4.9369E+20,5.55236E+21,8.91172E+15,5.01234E+16
30804,6.17051E+18,6,5,31,11,2017,5,12,4,3,4,6,0,1,0,1,0,0,0,4.90731E+20,5.59816E+21,8.86921E+15,5.05353E+16
30805,6.17052E+18,6,6,35,8,2017,5,16,4,3,0,2,0,0,0,1,1,0,0,5.0529E+20,5.70464E+21,9.07619E+15,5.14929E+16
30806,6.17051E+18,6,5,31,5,2017,5,8,4,2,4,6,1,1,1,0,0,0,0,4.75581E+20,5.60199E+21,8.65519E+15,5.05693E+16
30807,6.17051E+18,6,6,32,4,2017,5,4,4,1,4,7,0,1,0,0,1,2,0,5.32674E+20,5.62661E+21,9.46355E+15,5.07903E+16
30808,6.17052E+18,6,6,33,3,2017,5,14,4,3,2,6,0,1,0,0,1,0,0,5.29575E+20,5.67525E+21,9.42355E+15,5.12279E+16
30809,6.17051E+18,6,4,12,0,2017,5,9,4,3,2,6,0,1,0,0,0,0,0,4.79105E+20,5.54563E+21,8.70806E+15,5.00626E+16
30810,6.17052E+18,6,6,11,0,2017,5,8,4,3,2,6,0,0,0,0,1,0,0,5.32726E+20,5.68161E+21,9.46927E+15,5.12849E+16
30811,6.17051E+18,6,4,40,20,2017,5,10,4,2,8,1,0,1,0,0,0,0,0,4.94964E+20,5.57748E+21,8.92922E+15,5.03493E+16
30812,6.17051E+18,6,5,31,16,2017,5,2,4,2,2,7,0,1,0,0,1,2,0,4.89025E+20,5.60672E+21,8.84488E+15,5.06123E+16
30813,6.17052E+18,6,4,14,0,2017,5,13,7,3,2,6,0,1,0,1,0,0,0,4.48503E+20,5.53983E+21,8.28131E+15,5.00086E+16
30814,6.17052E+18,6,6,32,18,2017,5,9,4,3,2,2,0,1,0,0,0,0,0,5.51171E+20,5.64991E+21,9.72922E+15,5.09985E+16
30815,6.17052E+18,6,6,34,25,2017,5,16,4,2,5,2,0,0,0,1,1,0,0,5.26582E+20,5.65755E+21,9.37939E+15,5.10689E+16
30816,6.17051E+18,6,4,35,21,2017,5,17,3,3,5,2,0,1,0,0,1,0,0,4.8977E+20,5.56406E+21,8.85657E+15,5.02286E+16
30817,6.17052E+18,6,6,35,11,2017,5,8,4,2,9,7,0,1,0,0,0,0,0,4.82259E+20,5.65641E+21,8.74684E+15,5.1059E+16
30818,6.17051E+18,6,6,36,1,2017,5,18,3,3,5,3,1,1,0,0,0,0,0,5.67824E+20,5.67991E+21,9.97216E+15,5.12665E+16
30819,6.17052E+18,6,4,39,12,2017,5,11,4,3,3,2,0,0,0,1,1,0,0,4.30845E+20,5.53996E+21,8.03489E+15,5.00079E+16
30820,6.17052E+18,6,4,38,13,2017,5,16,4,2,5,3,0,1,0,1,0,0,0,4.98868E+20,5.54303E+21,8.98419E+15,5.00395E+16
30821,6.17051E+18,6,6,35,7,2017,5,18,3,2,0,1,0,0,0,1,0,0,0,4.87922E+20,5.68626E+21,8.82664E+15,5.13275E+16
30822,6.17052E+18,6,4,38,6,2017,5,16,4,3,2,6,0,1,0,0,0,0,0,4.74685E+20,5.5382E+21,8.6468E+15,4.99956E+16
30823,6.17052E+18,6,4,38,6,2017,5,16,4,3,5,3,0,1,0,0,1,0,0,4.76796E+20,5.5383E+21,8.67624E+15,4.99966E+16
30824,6.17051E+18,6,6,32,2,2017,5,12,3,3,2,6,0,1,0,0,0,0,0,5.4849E+20,5.63668E+21,9.68926E+15,5.08798E+16
30825,6.17051E+18,6,5,35,11,2017,5,12,3,2,5,3,0,1,0,0,0,0,0,5.28349E+20,5.60952E+21,9.40089E+15,5.06369E+16
30826,6.17052E+18,6,4,38,10,2017,5,14,4,3,0,7,0,1,0,1,0,0,0,4.87745E+20,5.54564E+21,8.82878E+15,5.00629E+16
30827,6.17051E+18,6,5,33,6,2017,5,19,3,3,2,6,0,1,0,1,0,0,0,4.31484E+20,5.58458E+21,8.03575E+15,5.04092E+16
30828,6.17051E+18,6,6,11,0,2017,5,20,3,2,5,2,1,1,0,0,0,0,0,5.34853E+20,5.68679E+21,9.50026E+15,5.13313E+16
30829,6.17052E+18,6,4,36,7,2017,5,17,4,3,6,4,0,1,1,0,0,0,0,4.60931E+20,5.54897E+21,8.45382E+15,5.00917E+16
30830,6.17051E+18,6,4,14,0,2017,5,12,3,3,0,1,0,0,0,1,0,0,0,4.42201E+20,5.54436E+21,8.19269E+15,5.00488E+16
30831,6.17052E+18,6,4,36,7,2017,5,7,4,3,2,6,0,1,0,0,0,0,0,4.59629E+20,5.54653E+21,8.43588E+15,5.00696E+16
30832,6.17051E+18,6,4,12,0,2017,5,10,3,3,5,3,0,1,0,0,0,0,0,4.77164E+20,5.5564E+21,8.6803E+15,5.01594E+16
30833,6.17051E+18,6,4,12,0,2017,5,7,3,2,3,6,0,1,0,0,1,0,0,4.75442E+20,5.54775E+21,8.65675E+15,5.00815E+16
30834,6.17051E+18,6,4,12,0,2017,5,18,3,3,6,7,1,0,1,0,0,0,0,4.79743E+20,5.55243E+21,8.71662E+15,5.01237E+16
30835,6.17051E+18,6,4,12,0,2017,5,18,3,3,2,6,0,1,0,0,0,0,0,4.80808E+20,5.55191E+21,8.73155E+15,5.01191E+16
30836,6.17052E+18,6,4,32,14,2017,5,7,2,3,5,3,1,1,0,0,0,0,0,4.77225E+20,5.5186E+21,8.68339E+15,4.98194E+16
30837,6.17052E+18,6,4,40,17,2017,5,17,2,2,5,3,0,1,0,0,0,0,0,4.86403E+20,5.56895E+21,8.8092E+15,5.02725E+16
30838,6.17052E+18,6,5,34,7,2017,5,13,2,2,4,6,0,1,0,0,0,0,0,4.72563E+20,5.63523E+21,8.6101E+15,5.08681E+16
30839,6.17052E+18,6,4,31,2,2017,5,14,2,3,2,2,0,1,0,1,0,0,0,4.69538E+20,5.50458E+21,8.57764E+15,4.9693E+16
30840,6.17051E+18,6,4,12,0,2017,5,13,3,3,2,6,0,1,0,0,0,0,0,4.76332E+20,5.55332E+21,8.66885E+15,5.01316E+16
30841,6.17052E+18,6,4,40,5,2017,5,9,4,3,5,3,0,1,0,1,0,0,0,4.75518E+20,5.59188E+21,8.65496E+15,5.04784E+16
30842,6.17052E+18,6,5,35,13,2017,5,6,2,2,4,6,0,1,0,0,1,0,0,4.99821E+20,5.61327E+21,8.99746E+15,5.06713E+16
30843,6.17052E+18,6,4,33,12,2017,5,16,2,2,5,2,0,1,0,0,0,0,0,4.58626E+20,5.53756E+21,8.42283E+15,4.9989E+16
30844,6.17051E+18,6,4,37,11,2017,5,16,3,3,2,6,0,1,0,0,0,0,0,5.00231E+20,5.5037E+21,9.0032E+15,4.96858E+16
30845,6.17052E+18,6,4,40,16,2017,5,16,4,2,8,1,0,1,0,0,0,0,0,5.0526E+20,5.58895E+21,9.0741E+15,5.04525E+16
30846,6.17052E+18,6,5,32,12,2017,5,16,4,2,5,3,0,1,0,1,0,0,0,4.482E+20,5.61647E+21,8.26655E+15,5.06977E+16
30847,6.17051E+18,6,6,36,11,2017,5,16,3,3,5,2,0,1,0,0,0,0,0,5.68006E+20,5.66105E+21,9.9712E+15,5.10969E+16
30848,6.17052E+18,6,5,32,20,2017,5,5,4,3,5,3,0,1,0,1,0,0,0,4.51857E+20,5.60943E+21,8.31923E+15,5.06348E+16
30849,6.17052E+18,6,4,32,22,2017,5,15,4,3,5,3,1,1,0,0,0,0,0,4.7353E+20,5.51193E+21,8.63249E+15,4.97592E+16
30850,6.17051E+18,6,4,34,13,2017,5,5,3,3,2,2,0,1,0,0,0,0,0,4.56507E+20,5.58181E+21,8.38821E+15,5.03868E+16
30851,6.17052E+18,6,4,40,8,2017,5,12,4,3,3,2,1,1,0,0,0,0,0,4.82899E+20,5.57562E+21,8.75972E+15,5.03324E+16
30852,6.17052E+18,6,4,31,20,2017,5,18,4,3,5,3,1,1,0,0,0,0,0,4.6802E+20,5.48603E+21,8.55809E+15,4.9526E+16
30853,6.17051E+18,6,4,31,11,2017,5,18,3,3,5,2,1,1,0,0,0,0,0,4.73954E+20,5.49948E+21,8.6392E+15,4.96473E+16
30854,6.17052E+18,6,4,31,15,2017,5,18,4,2,8,1,0,0,0,1,0,0,0,4.85051E+20,5.50389E+21,8.79275E+15,4.96873E+16
30855,6.17052E+18,6,4,31,2,2017,5,19,4,3,3,6,1,1,0,0,0,0,0,4.68753E+20,5.50516E+21,8.5667E+15,4.96982E+16
30856,6.17051E+18,6,4,31,11,2017,5,13,3,3,5,2,0,1,0,0,1,0,0,4.7273E+20,5.49748E+21,8.62238E+15,4.96293E+16
30857,6.17051E+18,6,4,35,10,2017,5,11,3,3,5,3,0,1,0,0,0,0,0,5.13474E+20,5.5586E+21,9.18871E+15,5.01794E+16
30858,6.17051E+18,6,4,40,5,2017,5,15,3,2,3,6,1,1,0,0,0,0,0,4.71754E+20,5.58239E+21,8.60263E+15,5.03929E+16
30859,6.17051E+18,6,5,32,12,2017,5,16,3,3,5,2,0,1,0,0,0,0,0,4.52433E+20,5.61656E+21,8.32645E+15,5.06989E+16
30860,6.17052E+18,6,4,33,12,2017,5,14,4,3,5,7,0,1,0,1,0,0,0,4.58123E+20,5.53411E+21,8.41618E+15,4.99578E+16
30861,6.17051E+18,6,5,32,7,2017,5,6,3,3,9,6,0,1,0,1,0,0,0,4.4321E+20,5.60985E+21,8.1969E+15,5.06378E+16
30862,6.17052E+18,6,4,33,8,2017,5,9,4,3,5,3,1,0,0,0,1,0,0,4.68891E+20,5.53538E+21,8.56619E+15,4.99699E+16
30863,6.17052E+18,6,5,34,21,2017,5,18,4,3,2,6,0,1,0,0,0,0,0,4.80681E+20,5.63956E+21,8.72522E+15,5.09073E+16
30864,6.17051E+18,6,4,32,2,2017,5,18,3,3,2,6,0,1,0,0,0,0,0,4.94255E+20,5.53146E+21,8.91995E+15,4.99354E+16
30865,6.17052E+18,6,6,31,15,2017,5,15,4,3,3,6,0,1,0,1,0,0,0,5.53162E+20,5.61555E+21,9.7526E+15,5.06894E+16
30866,6.17052E+18,6,5,32,23,2017,5,16,4,3,2,6,0,1,0,1,0,0,0,4.64632E+20,5.60102E+21,8.50066E+15,5.056E+16
30867,6.17051E+18,6,4,32,1,2017,5,18,3,3,5,3,0,1,0,1,0,0,0,4.72726E+20,5.51032E+21,8.62144E+15,4.97448E+16
30868,6.17052E+18,6,5,31,4,2017,5,19,4,2,5,3,0,1,0,1,0,0,0,4.85692E+20,5.6006E+21,8.798E+15,5.05572E+16
30869,6.17052E+18,6,4,33,8,2017,5,15,2,3,2,6,0,1,0,0,0,0,0,4.72548E+20,5.53724E+21,8.61705E+15,4.99869E+16
30870,6.17051E+18,6,4,32,18,2017,5,14,3,3,2,6,0,1,0,0,0,0,0,4.72301E+20,5.51366E+21,8.6153E+15,4.97748E+16
30871,6.17051E+18,6,4,40,21,2017,5,7,3,3,2,2,0,1,0,0,1,0,0,4.90205E+20,5.58118E+21,8.86223E+15,5.03826E+16
30872,6.17052E+18,6,4,40,1,2017,5,15,4,3,2,6,0,1,0,0,0,0,0,4.97755E+20,5.57082E+21,8.96849E+15,5.02895E+16
30873,6.17052E+18,6,6,31,9,2017,5,12,2,2,5,2,1,0,0,0,1,0,0,5.4793E+20,5.59833E+21,9.67632E+15,5.0535E+16
30874,6.17051E+18,6,4,40,8,2017,5,17,3,3,1,6,0,1,0,0,0,0,0,4.78262E+20,5.57224E+21,8.69477E+15,5.03018E+16
30875,6.17052E+18,6,6,31,9,2017,5,8,2,3,7,7,0,0,0,1,0,0,0,5.46529E+20,5.6016E+21,9.65696E+15,5.05644E+16
30876,6.17051E+18,6,4,31,13,2017,5,14,3,2,2,6,0,1,0,0,0,0,0,4.59066E+20,5.49642E+21,8.43329E+15,4.9619E+16
30877,6.17051E+18,6,5,35,1,2017,5,18,3,3,1,7,0,1,0,0,0,0,0,5.19606E+20,5.62232E+21,9.27793E+15,5.07523E+16
30878,6.17052E+18,6,5,35,1,2017,5,14,4,3,8,1,0,1,0,0,0,0,0,5.25013E+20,5.623E+21,9.35462E+15,5.07582E+16
30879,6.17052E+18,6,4,12,0,2017,5,21,4,2,2,6,0,1,0,1,0,1,0,4.80194E+20,5.54585E+21,8.72327E+15,5.00646E+16
30880,6.17051E+18,6,4,33,8,2017,5,12,3,3,5,2,1,1,0,0,0,0,0,4.68384E+20,5.53571E+21,8.5591E+15,4.99729E+16
30881,6.17052E+18,6,4,13,0,2017,5,0,4,1,4,6,0,1,0,0,0,2,0,4.80486E+20,5.54589E+21,8.72735E+15,5.0065E+16
30882,6.17051E+18,6,4,33,8,2017,5,10,3,3,5,3,0,1,0,0,0,0,0,4.68793E+20,5.53582E+21,8.56479E+15,4.99739E+16
30883,6.17052E+18,6,4,12,0,2017,5,8,4,2,2,6,0,1,0,0,0,0,0,4.70855E+20,5.55157E+21,8.59235E+15,5.01156E+16
30884,6.17051E+18,6,5,34,1,2017,5,14,3,1,5,2,0,1,0,1,0,0,0,4.91782E+20,5.62432E+21,8.88345E+15,5.07706E+16
30885,6.17052E+18,6,5,33,9,2017,5,19,4,3,9,6,0,1,0,0,0,0,0,4.37235E+20,5.57989E+21,8.11746E+15,5.03678E+16
30886,6.17052E+18,6,5,33,9,2017,5,12,4,3,2,6,0,1,0,0,1,0,0,4.28581E+20,5.58478E+21,7.99486E+15,5.04107E+16
30887,6.17051E+18,6,5,31,8,2017,5,17,3,3,5,7,1,1,0,0,0,0,0,4.88495E+20,5.58907E+21,8.83794E+15,5.04535E+16
30888,6.17051E+18,6,5,31,6,2017,5,15,3,3,2,6,0,1,0,0,0,0,0,4.96995E+20,5.60536E+21,8.95753E+15,5.06002E+16
30889,6.17052E+18,6,4,32,18,2017,5,15,4,2,2,6,0,1,0,0,1,0,0,4.72892E+20,5.51642E+21,8.62332E+15,4.97996E+16
30890,6.17051E+18,6,5,31,1,2017,5,14,3,2,6,4,0,1,1,0,0,0,0,4.87516E+20,5.61353E+21,8.82333E+15,5.06735E+16
30891,6.17051E+18,6,4,35,12,2017,5,15,3,3,2,6,0,1,0,0,1,0,0,5.06664E+20,5.55982E+21,9.09335E+15,5.01905E+16
30892,6.17052E+18,6,4,35,6,2017,5,19,3,3,2,6,0,1,0,0,0,0,0,4.94194E+20,5.55849E+21,8.91869E+15,5.01786E+16
30893,6.17051E+18,6,4,35,14,2017,5,18,3,3,9,1,0,1,0,0,0,0,0,4.98642E+20,5.55252E+21,8.981E+15,5.01249E+16
30894,6.17051E+18,6,4,35,23,2017,5,16,3,3,2,6,0,1,0,0,0,0,0,5.01068E+20,5.55605E+21,9.01496E+15,5.01567E+16
30895,6.17052E+18,6,6,36,3,2017,5,5,3,2,5,3,0,1,0,0,0,0,0,5.69729E+20,5.67307E+21,9.99813E+15,5.12048E+16
30896,6.17051E+18,6,4,12,0,2017,5,11,3,3,2,7,0,1,0,0,0,0,0,4.74655E+20,5.54523E+21,8.64592E+15,5.00588E+16
30897,6.17051E+18,6,4,33,3,2017,5,20,3,3,2,6,0,1,0,0,0,1,0,4.6536E+20,5.52825E+21,8.5176E+15,4.99057E+16
30898,6.17051E+18,6,5,32,8,2017,5,17,3,3,2,6,0,1,0,0,0,0,0,4.56476E+20,5.60678E+21,8.38485E+15,5.06113E+16
30899,6.17052E+18,6,4,35,14,2017,5,16,2,2,0,2,0,1,0,1,0,0,0,4.93635E+20,5.55159E+21,8.91097E+15,5.01165E+16
30900,6.17052E+18,6,4,38,11,2017,5,15,2,3,2,6,0,1,0,0,0,0,0,4.92365E+20,5.5386E+21,8.89346E+15,4.99997E+16
30901,6.17052E+18,6,6,32,15,2017,5,20,2,2,8,1,0,0,0,0,1,0,0,5.41917E+20,5.62362E+21,9.59435E+15,5.07629E+16
30902,6.17052E+18,6,5,35,16,2017,5,18,3,3,5,3,1,1,0,0,0,0,0,5.11117E+20,5.59177E+21,9.15669E+15,5.04778E+16
30903,6.17052E+18,6,4,35,14,2017,5,22,1,3,5,3,0,1,0,0,0,2,0,4.93489E+20,5.55537E+21,8.90886E+15,5.01505E+16
30904,6.17052E+18,6,5,33,9,2017,5,19,3,3,5,2,0,1,0,1,0,0,0,4.32287E+20,5.58359E+21,8.04722E+15,5.04005E+16
30905,6.17052E+18,6,5,33,9,2017,5,18,3,3,2,6,0,1,0,0,0,0,0,4.31668E+20,5.58318E+21,8.0386E+15,5.03967E+16
30906,6.17051E+18,6,5,31,5,2017,5,13,2,3,0,7,0,0,0,0,1,0,0,4.76887E+20,5.60344E+21,8.67353E+15,5.05825E+16
30907,6.17051E+18,6,5,31,13,2017,5,6,2,2,2,6,0,1,0,0,0,0,1,4.77974E+20,5.61154E+21,8.68841E+15,5.06553E+16
30908,6.17052E+18,6,6,11,0,2017,5,17,3,3,2,6,0,1,0,0,0,0,0,5.34778E+20,5.68482E+21,9.499E+15,5.13137E+16
30909,6.17052E+18,6,4,12,0,2017,5,20,2,3,2,6,0,1,0,0,0,0,0,4.67766E+20,5.55218E+21,8.54909E+15,5.0121E+16
30910,6.17051E+18,6,5,31,5,2017,5,17,2,3,2,6,0,1,0,0,1,0,0,4.75338E+20,5.6037E+21,8.65164E+15,5.05846E+16
30911,6.17052E+18,6,4,12,0,2017,5,17,2,3,2,6,0,1,0,0,0,0,0,4.74353E+20,5.56073E+21,8.64065E+15,5.01982E+16
30912,6.17051E+18,6,6,11,0,2017,5,0,2,2,6,4,0,1,1,0,0,2,0,5.37275E+20,5.68475E+21,9.53481E+15,5.13128E+16
30913,6.17051E+18,6,6,11,0,2017,5,0,2,3,2,6,0,1,0,0,1,2,0,5.34597E+20,5.68468E+21,9.49639E+15,5.13124E+16
30914,6.17052E+18,6,6,11,0,2017,5,18,3,3,5,2,0,1,0,0,0,0,0,5.35002E+20,5.68565E+21,9.5023E+15,5.1321E+16
30915,6.17052E+18,6,4,14,0,2017,5,17,3,3,2,6,0,1,0,0,1,0,0,4.49759E+20,5.54333E+21,8.29838E+15,5.00402E+16
30916,6.17051E+18,6,4,14,0,2017,5,7,2,3,6,4,0,1,1,0,0,0,0,4.50274E+20,5.54497E+21,8.30535E+15,5.0055E+16
30917,6.17052E+18,6,4,14,0,2017,5,17,3,2,5,2,0,1,0,0,0,0,0,4.48691E+20,5.53962E+21,8.28396E+15,5.00067E+16
30918,6.17051E+18,6,4,14,0,2017,5,18,2,3,4,7,0,1,0,1,0,1,0,4.44588E+20,5.54757E+21,8.22556E+15,5.00778E+16
30919,6.17052E+18,6,4,14,0,2017,5,8,3,3,5,2,0,1,1,0,0,0,0,4.45757E+20,5.54576E+21,8.24215E+15,5.00616E+16
30920,6.17052E+18,6,6,34,24,2017,5,19,3,3,2,6,0,1,0,0,0,0,0,5.45938E+20,5.66293E+21,9.65631E+15,5.1116E+16
30921,6.17051E+18,6,4,14,0,2017,5,23,2,3,6,4,0,1,1,0,0,2,0,4.45445E+20,5.54753E+21,8.23755E+15,5.00775E+16
30922,6.17052E+18,6,6,11,0,2017,5,18,3,2,2,6,0,1,0,0,0,0,0,5.31059E+20,5.68607E+21,9.44575E+15,5.13251E+16
30923,6.17052E+18,6,6,32,5,2017,5,19,3,3,0,3,0,1,0,1,0,0,0,5.60552E+20,5.65485E+21,9.86373E+15,5.1042E+16
30924,6.17051E+18,6,4,36,1,2017,5,16,2,3,5,3,0,1,0,0,0,0,0,4.64856E+20,5.55406E+21,8.50822E+15,5.01377E+16
30925,6.17051E+18,6,4,12,0,2017,5,19,2,3,5,3,1,0,0,0,1,0,0,4.7742E+20,5.55679E+21,8.68387E+15,5.01629E+16
30926,6.17052E+18,6,4,34,5,2017,5,16,3,3,2,7,0,1,0,0,0,0,0,4.62444E+20,5.55871E+21,8.474E+15,5.01794E+16
30927,6.17051E+18,6,4,12,0,2017,5,21,2,3,0,6,0,1,0,1,0,2,0,4.73037E+20,5.54848E+21,8.62308E+15,5.00879E+16
30928,6.17051E+18,6,4,12,0,2017,5,13,2,2,1,5,0,1,0,0,0,0,0,4.73804E+20,5.55004E+21,8.6337E+15,5.0102E+16
30929,6.17052E+18,6,4,34,2,2017,5,15,3,3,5,3,0,1,0,0,0,0,0,4.76006E+20,5.56742E+21,8.66339E+15,5.02584E+16
30930,6.17051E+18,6,4,32,12,2017,5,18,2,3,5,2,0,1,0,0,0,0,0,4.81541E+20,5.53229E+21,8.74275E+15,4.99427E+16
30931,6.17051E+18,6,6,33,23,2017,5,9,2,2,4,6,0,1,0,0,1,0,0,5.21305E+20,5.67832E+21,9.3053E+15,5.12558E+16
30932,6.17052E+18,6,4,36,5,2017,5,16,3,3,5,3,1,1,0,0,0,0,0,4.63853E+20,5.5444E+21,8.49509E+15,5.00508E+16
30933,6.17051E+18,6,4,34,5,2017,5,15,2,3,3,6,0,1,0,0,0,0,0,4.62474E+20,5.55877E+21,8.47442E+15,5.01799E+16
30934,6.17051E+18,6,4,36,6,2017,5,11,2,3,1,6,0,1,0,0,1,0,0,4.53807E+20,5.54082E+21,8.35521E+15,5.00179E+16
30935,6.17052E+18,6,6,33,20,2017,5,19,7,3,2,2,0,1,0,0,1,0,0,5.39188E+20,5.68428E+21,9.56221E+15,5.13085E+16
30936,6.17052E+18,6,4,35,5,2017,5,22,3,3,0,6,0,0,0,1,1,2,0,5.189E+20,5.57332E+21,9.26544E+15,5.03116E+16
30937,6.17052E+18,6,4,12,0,2017,5,6,2,3,8,1,0,0,0,1,0,0,0,4.74823E+20,5.54498E+21,8.64827E+15,5.00566E+16
30938,6.17052E+18,6,4,12,0,2017,5,12,2,3,2,7,0,1,0,0,1,0,0,4.74331E+20,5.56071E+21,8.64034E+15,5.01981E+16
30939,6.17051E+18,6,5,32,13,2017,5,18,2,3,2,2,0,1,0,0,0,0,0,4.6573E+20,5.61114E+21,8.51523E+15,5.06511E+16
30940,6.17052E+18,6,4,14,0,2017,5,8,2,3,2,6,0,1,0,0,0,0,0,4.50857E+20,5.55564E+21,8.31213E+15,5.01509E+16
30941,6.17052E+18,6,4,14,0,2017,5,10,2,2,1,7,0,0,0,0,1,0,0,4.54308E+20,5.54803E+21,8.36135E+15,5.00828E+16
30942,6.17052E+18,6,4,31,13,2017,5,17,2,2,2,6,0,1,0,0,1,0,0,4.67994E+20,5.49622E+21,8.55691E+15,4.96177E+16
30943,6.17052E+18,6,6,35,19,2017,5,16,1,3,5,2,0,1,0,1,0,0,0,4.95389E+20,5.67238E+21,8.934E+15,5.12028E+16
30944,6.17052E+18,6,4,40,3,2017,5,7,3,3,2,6,0,1,0,0,0,0,0,4.82948E+20,5.55994E+21,8.76111E+15,5.01914E+16
30945,6.17052E+18,6,5,35,16,2017,5,11,1,2,2,6,0,1,0,1,0,0,0,5.1657E+20,5.5956E+21,9.2337E+15,5.05121E+16
30946,6.17051E+18,6,4,40,21,2017,5,7,2,3,2,6,0,1,0,0,1,0,0,4.90581E+20,5.57851E+21,8.86758E+15,5.03586E+16