OBJECTID,UIDENTSTLA,ULAND,UREGBEZ,UKREIS,UGEMEINDE,UJAHR,UMONAT,USTUNDE,UWOCHENTAG,UKATEGORIE,UART,UTYP1,IstRad,IstPKW,IstFuss,IstKrad,IstSonstig,LICHT,STRZUSTAND,LINREFX,LINREFY,XGCSWGS84,YGCSWGS84
30947,6.17052E+18,6,4,37,9,2017,5,11,3,3,3,6,0,1,0,1,0,0,0,5.00043E+20,5.51644E+21,9.0006E+15,4.98004E+16
30948,6.17052E+18,6,5,32,11,2017,5,9,3,3,6,6,1,0,1,0,0,0,0,4.44106E+20,5.62121E+21,8.20786E+15,5.074E+16
30949,6.17051E+18,6,4,40,25,2017,5,13,2,3,0,6,0,1,0,1,0,0,0,4.82314E+20,5.57167E+21,8.75168E+15,5.02969E+16
30950,6.17052E+18,6,4,32,11,2017,5,16,3,3,5,2,0,1,0,1,0,0,0,4.8793E+20,5.52594E+21,8.83197E+15,4.98858E+16
30951,6.17051E+18,6,5,35,1,2017,5,15,2,3,4,7,0,1,0,0,0,0,0,5.16731E+20,5.61977E+21,9.23706E+15,5.07295E+16
30952,6.17052E+18,6,4,32,21,2017,5,0,3,2,7,7,1,0,0,0,0,2,0,5.00349E+20,5.52881E+21,9.00486E+15,4.99117E+16
30953,6.17052E+18,6,4,32,22,2017,5,9,3,3,2,6,0,1,0,0,0,0,0,4.73314E+20,5.51427E+21,8.62932E+15,4.97803E+16
30954,6.17051E+18,6,5,34,14,2017,5,21,2,2,8,7,0,1,0,0,0,2,1,4.88841E+20,5.62703E+21,8.84167E+15,5.07949E+16
30955,6.17052E+18,6,4,32,16,2017,5,15,3,3,2,6,0,1,0,0,1,0,0,4.84708E+20,5.51747E+21,8.78746E+15,4.98095E+16
30956,6.17052E+18,6,4,40,24,2017,5,9,3,3,2,6,0,1,0,0,0,0,0,4.89306E+20,5.58511E+21,8.84948E+15,5.0418E+16
30957,6.17051E+18,6,6,31,9,2017,5,13,2,3,2,2,0,1,0,0,0,0,0,5.49517E+20,5.60096E+21,9.69906E+15,5.05584E+16
30958,6.17051E+18,6,5,32,23,2017,5,17,2,3,5,3,0,1,0,0,0,0,0,4.66936E+20,5.60368E+21,8.53297E+15,5.05841E+16
30959,6.17052E+18,6,5,34,18,2017,5,16,3,3,5,3,0,1,0,0,0,0,0,4.98557E+20,5.62463E+21,8.97954E+15,5.07734E+16
30960,6.17051E+18,6,5,31,11,2017,5,12,2,1,4,6,0,1,0,0,1,0,0,4.88832E+20,5.59736E+21,8.84244E+15,5.05281E+16
30961,6.17051E+18,6,6,31,16,2017,5,15,2,3,8,1,0,1,0,0,0,0,0,5.52523E+20,5.58613E+21,9.73942E+15,5.04248E+16
30962,6.17051E+18,6,6,32,11,2017,5,11,2,2,8,1,0,1,0,0,0,0,0,5.40981E+20,5.63234E+21,9.58205E+15,5.08413E+16
30963,6.17051E+18,6,4,12,0,2017,5,8,2,3,2,6,0,1,0,0,1,0,0,4.6437E+20,5.55029E+21,8.50177E+15,5.01038E+16
30964,6.17052E+18,6,5,34,14,2017,5,16,3,3,2,6,0,1,0,0,0,0,0,4.8426E+20,5.62771E+21,8.77664E+15,5.08009E+16
30965,6.17051E+18,6,4,32,23,2017,5,16,2,3,3,6,0,1,0,0,0,0,0,4.71899E+20,5.52884E+21,8.60861E+15,4.99113E+16
30966,6.17051E+18,6,4,35,23,2017,5,1,1,3,9,1,0,1,0,0,0,2,1,5.03234E+20,5.55612E+21,9.04527E+15,5.01573E+16
30967,6.17052E+18,6,4,38,1,2017,5,1,7,2,9,1,0,1,0,0,0,2,1,4.8639E+20,5.5395E+21,8.81007E+15,5.00077E+16
30968,6.17052E+18,6,4,13,0,2017,5,19,7,3,2,7,0,1,0,0,0,0,0,4.83518E+20,5.54845E+21,8.7696E+15,5.00881E+16
30969,6.17052E+18,6,6,31,9,2017,5,17,3,3,5,2,1,1,0,0,0,0,0,5.48036E+20,5.60098E+21,9.67816E+15,5.05587E+16
30970,6.17052E+18,6,5,31,5,2017,5,18,3,3,5,2,0,1,0,0,0,0,0,4.74863E+20,5.60393E+21,8.64492E+15,5.05867E+16
30971,6.17051E+18,6,4,35,23,2017,5,17,1,3,5,3,0,1,0,0,0,0,1,5.04911E+20,5.55338E+21,9.06871E+15,5.01327E+16
30972,6.17051E+18,6,6,35,7,2017,5,11,1,3,7,7,0,0,0,1,0,0,0,4.8249E+20,5.68754E+21,8.74862E+15,5.13388E+16
30973,6.17051E+18,6,6,32,14,2017,5,12,1,2,8,1,0,0,0,1,0,0,0,5.39721E+20,5.64202E+21,9.5652E+15,5.09285E+16
30974,6.17051E+18,6,5,33,6,2017,5,5,1,3,9,1,0,1,0,0,0,2,1,4.31509E+20,5.58492E+21,8.03604E+15,5.04123E+16
30975,6.17051E+18,6,6,33,26,2017,5,15,1,2,5,3,0,1,0,0,0,0,0,5.32855E+20,5.68871E+21,9.47177E+15,5.13487E+16
30976,6.17052E+18,6,5,31,7,2017,5,9,3,3,5,3,1,0,0,0,1,0,0,4.74868E+20,5.60393E+21,8.64499E+15,5.05867E+16
30977,6.17051E+18,6,4,14,0,2017,5,15,1,3,2,6,0,1,0,0,0,0,1,4.45852E+20,5.545E+21,8.24358E+15,5.00548E+16
30978,6.17051E+18,6,4,14,0,2017,5,14,1,3,2,6,0,1,0,0,0,0,1,4.45802E+20,5.54546E+21,8.24283E+15,5.00589E+16
30979,6.17052E+18,6,4,35,14,2017,5,16,3,3,2,6,0,1,0,0,0,0,0,4.96881E+20,5.54925E+21,8.95639E+15,5.00955E+16
30980,6.17052E+18,6,6,32,15,2017,5,16,3,2,3,6,0,1,0,0,1,0,0,5.38432E+20,5.62939E+21,9.54554E+15,5.0815E+16
30981,6.17051E+18,6,4,14,0,2017,5,10,1,3,3,2,0,1,0,0,1,0,1,4.43817E+20,5.54597E+21,8.21502E+15,5.00634E+16
30982,6.17051E+18,6,4,12,0,2017,5,22,1,3,6,6,0,0,1,0,1,2,1,4.69719E+20,5.5498E+21,8.5766E+15,5.00997E+16
30983,6.17052E+18,6,4,12,0,2017,5,9,3,3,2,6,0,1,0,0,0,0,0,4.71983E+20,5.55012E+21,8.60824E+15,5.01027E+16
30984,6.17051E+18,6,4,12,0,2017,5,21,1,3,2,6,0,1,0,0,0,2,1,4.76566E+20,5.5535E+21,8.67211E+15,5.01332E+16
30985,6.17051E+18,6,4,11,0,2017,5,15,1,3,2,6,0,1,0,0,0,0,1,4.72886E+20,5.52219E+21,8.62282E+15,4.98515E+16
30986,6.17052E+18,6,4,39,8,2017,5,6,3,2,2,6,0,1,0,0,0,0,0,4.46837E+20,5.56114E+21,8.25509E+15,5.02E+16
30987,6.17051E+18,6,6,33,4,2017,5,11,1,2,2,6,0,0,0,1,0,0,0,5.12805E+20,5.69764E+21,9.1842E+15,5.14298E+16
30988,6.17051E+18,6,4,34,13,2017,5,14,1,3,0,3,0,1,0,0,0,0,1,4.55464E+20,5.57107E+21,8.3748E+15,5.02901E+16
30989,6.17051E+18,6,5,33,17,2017,5,13,1,3,9,1,0,1,0,0,0,0,1,4.46957E+20,5.5953E+21,8.25196E+15,5.05073E+16
30990,6.17052E+18,6,5,35,16,2017,5,13,1,3,8,1,0,0,0,1,0,0,0,5.12026E+20,5.58936E+21,9.16941E+15,5.04561E+16
30991,6.17052E+18,6,5,33,3,2017,5,16,1,2,1,5,0,1,0,0,0,0,0,4.48626E+20,5.57047E+21,8.2789E+15,5.02842E+16
30992,6.17052E+18,6,5,33,9,2017,5,14,3,3,2,6,0,1,0,0,1,0,0,4.33529E+20,5.58371E+21,8.06468E+15,5.04017E+16
30993,6.17052E+18,6,4,14,0,2017,5,11,3,3,2,6,0,1,0,0,1,0,0,4.53857E+20,5.54903E+21,8.35492E+15,5.00917E+16
30994,6.17051E+18,6,4,40,18,2017,5,3,1,3,4,6,0,1,0,0,0,2,0,4.7816E+20,5.58014E+21,8.69288E+15,5.03729E+16
30995,6.17052E+18,6,5,33,9,2017,5,16,3,3,2,6,0,1,0,0,1,0,0,4.32047E+20,5.58397E+21,8.04378E+15,5.04038E+16
30996,6.17051E+18,6,4,38,12,2017,5,9,1,3,5,7,0,1,0,0,0,0,1,4.86525E+20,5.53921E+21,8.81196E+15,5.00051E+16
30997,6.17052E+18,6,4,33,12,2017,5,17,3,2,9,1,0,1,0,0,0,0,0,4.58417E+20,5.53598E+21,8.42008E+15,4.99747E+16
30998,6.17052E+18,6,4,35,17,2017,5,7,2,3,5,3,1,1,0,0,0,0,0,5.03161E+20,5.55826E+21,9.04426E+15,5.01765E+16
30999,6.17051E+18,6,4,32,10,2017,5,5,1,3,9,1,0,1,0,0,0,0,1,4.94262E+20,5.5228E+21,8.92018E+15,4.98576E+16
31000,6.17052E+18,6,6,32,2,2017,5,11,2,3,2,6,1,0,0,0,0,0,0,5.47485E+20,5.63718E+21,9.67504E+15,5.08843E+16
31001,6.17052E+18,6,5,33,2,2017,5,18,2,2,5,3,0,1,0,1,0,0,0,4.39404E+20,5.5793E+21,8.14805E+15,5.03627E+16
31002,6.17051E+18,6,4,32,17,2017,5,17,1,3,8,1,0,1,0,0,0,0,1,4.93442E+20,5.5215E+21,8.90879E+15,4.98459E+16
31003,6.17051E+18,6,4,32,22,2017,5,17,1,3,2,6,0,1,0,0,0,0,1,4.73708E+20,5.51164E+21,8.63497E+15,4.97567E+16
31004,6.17052E+18,6,6,11,0,2017,5,7,2,3,0,3,0,1,0,1,0,0,1,5.33071E+20,5.68617E+21,9.47463E+15,5.13258E+16
31005,6.17051E+18,6,4,32,20,2017,5,3,1,3,9,1,0,1,0,0,0,2,1,4.83137E+20,5.5232E+21,8.76537E+15,4.9861E+16
31006,6.17051E+18,6,4,40,23,2017,5,0,1,3,5,3,0,1,0,0,0,2,1,4.78121E+20,5.57212E+21,8.6928E+15,5.03007E+16
31007,6.17052E+18,6,4,14,0,2017,5,10,2,3,5,3,0,1,0,0,0,0,0,4.45433E+20,5.54687E+21,8.23747E+15,5.00716E+16
31008,6.17051E+18,6,5,35,1,2017,5,11,1,2,0,7,1,0,0,0,0,0,0,5.17878E+20,5.62397E+21,9.25351E+15,5.07672E+16
31009,6.17051E+18,6,5,31,4,2017,5,16,1,2,5,3,0,1,0,1,0,0,0,4.85609E+20,5.59895E+21,8.7969E+15,5.05423E+16
31010,6.17051E+18,6,4,38,11,2017,5,9,1,3,2,6,0,1,0,0,0,0,1,4.92459E+20,5.54071E+21,8.89474E+15,5.00187E+16
31011,6.17051E+18,6,6,31,2,2017,5,19,1,2,8,1,0,1,0,0,0,1,1,5.45756E+20,5.61942E+21,9.64825E+15,5.07247E+16
31012,6.17052E+18,6,4,14,0,2017,5,20,2,3,6,4,0,0,1,0,1,0,0,4.45793E+20,5.54757E+21,8.2424E+15,5.0078E+16
31013,6.17052E+18,6,4,12,0,2017,5,13,2,3,2,6,0,1,0,1,0,0,0,4.72637E+20,5.5536E+21,8.61713E+15,5.0134E+16
31014,6.17052E+18,6,6,33,8,2017,5,20,1,3,9,1,0,1,0,0,0,1,0,5.35108E+20,5.68E+21,9.50326E+15,5.12702E+16
31015,6.17051E+18,6,4,32,18,2017,5,19,1,3,2,6,0,1,0,0,0,1,1,4.68035E+20,5.51444E+21,8.55599E+15,4.97816E+16
31016,6.17052E+18,6,4,14,0,2017,5,16,1,3,5,3,1,1,0,1,0,0,0,4.45283E+20,5.54299E+21,8.23592E+15,5.00367E+16
31017,6.17051E+18,6,4,33,4,2017,5,14,1,3,2,6,0,1,0,0,0,0,1,4.67113E+20,5.51044E+21,8.54352E+15,4.97455E+16
31018,6.17052E+18,6,4,12,0,2017,5,14,2,2,5,3,0,1,0,1,0,0,0,4.82989E+20,5.55142E+21,8.76208E+15,5.01147E+16
31019,6.17052E+18,6,4,37,11,2017,5,17,2,3,2,6,0,1,0,0,1,0,0,5.00012E+20,5.50269E+21,9.00016E+15,4.96768E+16
31020,6.17052E+18,6,4,11,0,2017,5,13,2,3,3,6,0,1,0,0,1,0,0,4.74626E+20,5.52376E+21,8.64693E+15,4.98657E+16
31021,6.17051E+18,6,5,31,16,2017,5,9,1,2,9,7,0,1,0,0,0,0,0,4.87099E+20,5.60555E+21,8.8177E+15,5.06017E+16
31022,6.17052E+18,6,6,34,22,2017,5,16,2,3,2,6,0,1,0,0,1,0,0,5.13714E+20,5.64072E+21,9.1951E+15,5.09179E+16
31023,6.17052E+18,6,4,35,26,2017,5,16,2,3,0,1,1,0,0,0,0,0,0,4.8849E+20,5.56117E+21,8.83871E+15,5.02026E+16
31024,6.17051E+18,6,5,31,5,2017,5,18,7,3,4,1,0,1,0,0,0,0,0,4.79855E+20,5.60677E+21,8.71527E+15,5.06125E+16
31025,6.17052E+18,6,4,38,11,2017,5,11,2,3,5,3,0,1,0,0,1,0,0,4.90227E+20,5.53727E+21,8.86366E+15,4.99877E+16
31026,6.17052E+18,6,4,34,9,2017,5,16,2,3,4,6,0,1,0,0,0,0,0,4.62668E+20,5.56703E+21,8.47632E+15,5.02543E+16
31027,6.17051E+18,6,6,36,13,2017,5,0,7,3,8,1,0,1,0,0,0,2,0,5.84332E+20,5.67025E+21,1.02065E+16,5.11775E+16
31028,6.17051E+18,6,5,33,9,2017,5,15,7,3,5,3,0,1,0,0,0,0,0,4.32981E+20,5.58334E+21,8.05703E+15,5.03983E+16
31029,6.17052E+18,6,5,33,1,2017,5,15,2,3,2,6,0,1,0,0,0,0,0,4.39202E+20,5.59163E+21,8.14322E+15,5.04735E+16
31030,6.17051E+18,6,4,32,23,2017,5,14,7,3,3,6,1,1,0,0,0,0,0,4.70831E+20,5.53145E+21,8.59354E+15,4.99347E+16
31031,6.17051E+18,6,4,37,13,2017,5,18,7,3,8,1,0,0,0,1,0,0,0,4.85366E+20,5.50359E+21,8.79713E+15,4.96847E+16
31032,6.17052E+18,6,5,33,13,2017,5,8,2,2,8,7,0,1,0,0,0,0,1,4.41505E+20,5.58624E+21,8.1765E+15,5.04252E+16
31033,6.17051E+18,6,6,36,16,2017,5,5,7,3,8,1,0,1,0,0,0,2,0,5.5597E+20,5.68696E+21,9.80338E+15,5.13312E+16
31034,6.17051E+18,6,6,34,24,2017,5,18,7,2,8,1,0,1,0,0,0,0,0,5.42567E+20,5.66267E+21,9.60812E+15,5.11139E+16
31035,6.17052E+18,6,5,32,17,2017,5,15,2,3,5,3,0,1,0,1,0,0,0,4.553E+20,5.61539E+21,8.36719E+15,5.06886E+16
31036,6.17051E+18,6,4,39,16,2017,5,0,7,3,9,1,0,1,0,0,0,2,0,4.50716E+20,5.56581E+21,8.30883E+15,5.02424E+16
31037,6.17051E+18,6,4,38,2,2017,5,13,7,3,2,6,0,1,0,0,0,0,0,4.80458E+20,5.53798E+21,8.72736E+15,4.99939E+16
31038,6.17051E+18,6,4,38,11,2017,5,10,7,2,4,7,0,1,0,0,0,0,0,4.94849E+20,5.54087E+21,8.92809E+15,5.00201E+16
31039,6.17052E+18,6,4,38,2,2017,5,13,7,3,1,5,1,1,0,0,0,0,0,4.76746E+20,5.54075E+21,8.67539E+15,5.00186E+16
31040,6.17052E+18,6,6,32,14,2017,5,12,7,3,8,7,0,0,0,1,0,0,0,5.38102E+20,5.64346E+21,9.54232E+15,5.09415E+16
31041,6.17052E+18,6,4,32,4,2017,5,16,2,3,2,6,0,1,0,0,0,0,0,4.88939E+20,5.52812E+21,8.84597E+15,4.99054E+16
31042,6.17051E+18,6,4,38,10,2017,5,12,7,3,2,6,0,1,0,0,0,0,0,4.92371E+20,5.54639E+21,8.89339E+15,5.00698E+16
31043,6.17052E+18,6,4,14,0,2017,5,4,1,3,5,3,0,1,0,0,1,2,0,4.43962E+20,5.54584E+21,8.21706E+15,5.00622E+16
31044,6.17052E+18,6,4,31,13,2017,5,10,2,3,6,6,0,0,1,0,1,0,0,4.61171E+20,5.49405E+21,8.46267E+15,4.95978E+16
31045,6.17052E+18,6,5,35,1,2017,5,9,2,3,8,1,1,0,0,0,0,0,0,5.17461E+20,5.62084E+21,9.24745E+15,5.07391E+16
31046,6.17051E+18,6,5,33,18,2017,5,11,7,3,2,6,0,1,0,0,0,0,0,4.54949E+20,5.58534E+21,8.36586E+15,5.04183E+16
31047,6.17052E+18,6,5,35,1,2017,5,8,2,3,5,3,0,1,0,0,1,0,0,5.18298E+20,5.62112E+21,9.25933E+15,5.07416E+16
31048,6.17051E+18,6,4,36,8,2017,5,20,7,3,7,7,0,1,0,1,0,1,0,4.62612E+20,5.55479E+21,8.47674E+15,5.01441E+16
31049,6.17052E+18,6,4,33,2,2017,5,14,2,3,5,3,1,1,0,0,0,0,0,4.53987E+20,5.53721E+21,8.35815E+15,4.99854E+16
31050,6.17052E+18,6,4,38,11,2017,5,15,2,2,7,7,0,0,0,1,1,0,0,4.92205E+20,5.54481E+21,8.8911E+15,5.00555E+16
31051,6.17051E+18,6,4,40,4,2017,5,14,7,3,5,3,0,1,0,1,0,0,0,5.05188E+20,5.57146E+21,9.07284E+15,5.02952E+16
31052,6.17052E+18,6,4,35,14,2017,5,8,2,3,2,6,0,1,0,0,0,0,0,4.94464E+20,5.55065E+21,8.92258E+15,5.01081E+16
31053,6.17052E+18,6,4,38,10,2017,5,16,2,3,2,6,0,1,0,0,0,0,0,4.8876E+20,5.54566E+21,8.84296E+15,5.00631E+16
31054,6.17052E+18,6,4,12,0,2017,5,15,1,3,3,6,0,1,0,0,0,0,0,4.71201E+20,5.55236E+21,8.59712E+15,5.01228E+16
31055,6.17051E+18,6,4,40,11,2017,5,21,7,3,7,7,0,1,0,0,0,2,0,5.09873E+20,5.5826E+21,9.1389E+15,5.03954E+16
31056,6.17051E+18,6,5,32,13,2017,5,15,7,2,8,1,0,0,0,1,0,0,0,4.64279E+20,5.61303E+21,8.49453E+15,5.0668E+16
31057,6.17052E+18,6,6,33,29,2017,5,17,2,3,9,1,0,1,0,0,0,0,0,5.15148E+20,5.69314E+21,9.21771E+15,5.13893E+16
31058,6.17052E+18,6,6,34,14,2017,5,13,1,2,8,1,0,1,0,0,0,0,0,5.37966E+20,5.66134E+21,9.54225E+15,5.11023E+16
31059,6.17051E+18,6,4,32,10,2017,5,15,7,3,5,3,0,1,0,1,0,0,0,4.95018E+20,5.5256E+21,8.93065E+15,4.98827E+16
31060,6.17052E+18,6,6,32,15,2017,5,19,2,3,3,6,0,1,0,0,1,0,0,5.40295E+20,5.63056E+21,9.57211E+15,5.08254E+16
31061,6.17052E+18,6,4,12,0,2017,5,10,2,2,4,6,0,1,0,0,0,0,0,4.74722E+20,5.56118E+21,8.6458E+15,5.02023E+16
31062,6.17052E+18,6,4,36,7,2017,5,6,2,3,1,6,0,1,0,0,1,0,0,4.55548E+20,5.54618E+21,8.37889E+15,5.00662E+16
31063,6.17051E+18,6,4,40,8,2017,5,15,7,3,8,1,0,1,0,0,0,0,0,4.7974E+20,5.57424E+21,8.71542E+15,5.03199E+16
31064,6.17052E+18,6,4,33,12,2017,5,17,2,3,2,6,0,1,0,0,0,0,0,4.57306E+20,5.53596E+21,8.40459E+15,4.99745E+16
31065,6.17051E+18,6,4,35,23,2017,5,11,1,3,5,3,1,1,0,0,0,0,0,5.01846E+20,5.55507E+21,9.02584E+15,5.01478E+16
31066,6.17051E+18,6,4,40,23,2017,5,16,7,3,2,6,0,1,0,0,0,0,0,4.77951E+20,5.57197E+21,8.69042E+15,5.02994E+16
31067,6.17051E+18,6,5,35,16,2017,5,17,1,3,9,1,0,0,0,1,0,0,1,5.10276E+20,5.59321E+21,9.14486E+15,5.04908E+16
31068,6.17051E+18,6,5,33,4,2017,5,4,1,3,8,1,0,1,0,0,0,2,1,4.31838E+20,5.59742E+21,8.0384E+15,5.05247E+16
31069,6.17051E+18,6,4,31,13,2017,5,14,7,3,2,6,0,1,0,1,0,0,0,4.61112E+20,5.49441E+21,8.46183E+15,4.9601E+16
31070,6.17051E+18,6,5,35,17,2017,5,16,7,3,5,3,0,1,0,1,0,0,0,5.19233E+20,5.61253E+21,9.27213E+15,5.06643E+16
31071,6.17051E+18,6,6,33,7,2017,5,2,1,2,9,1,0,1,0,0,0,2,1,5.33002E+20,5.69509E+21,9.47447E+15,5.1406E+16
31072,6.17051E+18,6,4,14,0,2017,5,16,1,3,5,2,0,1,0,0,0,0,0,4.42422E+20,5.54693E+21,8.19539E+15,5.00718E+16
31073,6.17051E+18,6,6,31,7,2017,5,13,7,3,8,1,0,1,0,0,0,0,0,5.57291E+20,5.62311E+21,9.81224E+15,5.07569E+16
31074,6.17051E+18,6,6,31,20,2017,5,12,7,3,2,6,0,1,0,0,0,0,0,5.50377E+20,5.60039E+21,9.71113E+15,5.05533E+16
31075,6.17051E+18,6,4,12,0,2017,5,22,1,3,2,6,1,1,0,0,0,2,0,4.75635E+20,5.55675E+21,8.65887E+15,5.01625E+16
31076,6.17051E+18,6,4,35,14,2017,5,6,7,3,5,3,0,1,0,0,0,0,0,4.94895E+20,5.55292E+21,8.92858E+15,5.01285E+16
31077,6.17051E+18,6,5,31,9,2017,5,16,7,2,5,3,1,0,0,1,0,0,0,4.72284E+20,5.59224E+21,8.60935E+15,5.04815E+16
31078,6.17051E+18,6,5,31,5,2017,5,14,7,3,5,3,0,1,0,0,0,0,0,4.77229E+20,5.60334E+21,8.67837E+15,5.05816E+16
31079,6.17051E+18,6,4,35,14,2017,5,8,7,3,6,4,1,0,1,0,0,0,0,4.94723E+20,5.54971E+21,8.92621E+15,5.00996E+16
31080,6.17051E+18,6,4,35,28,2017,5,17,7,2,3,6,0,1,0,0,1,0,0,5.33493E+20,5.57516E+21,9.47055E+15,5.03275E+16
31081,6.17052E+18,6,4,12,0,2017,5,14,7,3,2,6,0,1,0,0,0,0,0,4.71238E+20,5.555E+21,8.59745E+15,5.01465E+16
31082,6.17052E+18,6,5,32,6,2017,5,9,7,3,4,6,0,1,0,0,1,0,0,4.54257E+20,5.62211E+21,8.3516E+15,5.07489E+16
31083,6.17052E+18,6,4,14,0,2017,5,22,7,2,5,3,0,1,0,0,0,2,0,4.52668E+20,5.54983E+21,8.33819E+15,5.00988E+16
31084,6.17051E+18,6,4,37,13,2017,5,15,1,3,2,6,0,1,0,0,0,0,1,4.89779E+20,5.50596E+21,8.85824E+15,4.9706E+16
31085,6.17051E+18,6,4,37,1,2017,5,14,1,3,2,6,0,1,0,0,0,0,0,4.99829E+20,5.51023E+21,8.99763E+15,4.97446E+16
31086,6.17051E+18,6,6,32,8,2017,5,7,7,3,3,6,0,1,0,0,1,0,0,5.43597E+20,5.62275E+21,9.61807E+15,5.07549E+16
31087,6.17051E+18,6,4,40,23,2017,5,14,7,3,3,6,0,1,0,0,0,0,0,4.76236E+20,5.56931E+21,8.6665E+15,5.02755E+16
31088,6.17051E+18,6,4,40,23,2017,5,14,7,3,2,6,0,1,0,0,0,0,0,4.76608E+20,5.57108E+21,8.67161E+15,5.02914E+16
31089,6.17052E+18,6,6,33,3,2017,5,1,1,3,5,3,0,1,0,0,0,2,0,5.26973E+20,5.67731E+21,9.38645E+15,5.12465E+16
31090,6.17052E+18,6,5,31,5,2017,5,16,1,3,6,4,0,1,1,0,0,0,0,4.76521E+20,5.60324E+21,8.66838E+15,5.05806E+16
31091,6.17052E+18,6,6,34,5,2017,5,11,1,3,5,2,0,1,0,0,1,0,0,5.2148E+20,5.66729E+21,9.30715E+15,5.11566E+16
31092,6.17052E+18,6,4,39,2,2017,5,14,1,2,2,3,0,1,0,0,0,0,0,4.32117E+20,5.55319E+21,8.05029E+15,5.0127E+16
31093,6.17051E+18,6,4,37,2,2017,5,15,1,2,8,1,0,0,0,1,0,0,0,4.98882E+20,5.49012E+21,8.98454E+15,4.95636E+16
31094,6.17051E+18,6,4,11,0,2017,5,16,1,3,0,3,1,0,0,0,1,0,1,4.76344E+20,5.52225E+21,8.67093E+15,4.98522E+16
31095,6.17051E+18,6,4,39,8,2017,5,21,1,3,5,3,0,1,0,0,0,2,0,4.46766E+20,5.56295E+21,8.25384E+15,5.02163E+16
31096,6.17051E+18,6,4,12,0,2017,5,10,6,3,9,1,0,0,0,0,1,0,0,4.66486E+20,5.54133E+21,8.53214E+15,5.00233E+16
31097,6.17051E+18,6,4,35,28,2017,5,22,1,2,9,1,0,1,0,0,0,2,1,5.34842E+20,5.57271E+21,9.48927E+15,5.03055E+16
31098,6.17051E+18,6,5,33,18,2017,5,7,1,2,5,3,0,1,0,1,0,0,0,4.55241E+20,5.58659E+21,8.36982E+15,5.04297E+16
31099,6.17051E+18,6,6,35,15,2017,5,13,6,3,5,3,0,1,0,0,0,0,0,4.94236E+20,5.67854E+21,8.91739E+15,5.12582E+16
31100,6.17051E+18,6,4,36,4,2017,5,0,1,3,5,3,0,1,0,0,0,2,0,4.59173E+20,5.54031E+21,8.43016E+15,5.00137E+16
31101,6.17051E+18,6,4,31,7,2017,5,8,1,3,4,6,0,1,0,0,0,0,0,4.82529E+20,5.49818E+21,8.75804E+15,4.96359E+16
31102,6.17052E+18,6,5,33,18,2017,5,15,1,2,5,2,0,1,0,1,0,0,0,4.56559E+20,5.58396E+21,8.38869E+15,5.04061E+16
31103,6.17051E+18,6,6,32,7,2017,5,17,6,3,2,6,0,1,0,0,0,0,0,5.50958E+20,5.63263E+21,9.72378E+15,5.08431E+16
31104,6.17051E+18,6,6,33,17,2017,5,7,6,3,8,6,0,1,0,0,0,0,0,5.4083E+20,5.68002E+21,9.58529E+15,5.127E+16
31105,6.17051E+18,6,5,32,20,2017,5,14,1,3,5,3,0,1,0,0,0,0,1,4.52578E+20,5.61118E+21,8.3292E+15,5.06506E+16
31106,6.17051E+18,6,4,32,21,2017,5,22,1,3,2,6,0,1,0,0,0,2,0,4.97327E+20,5.52851E+21,8.96278E+15,4.9909E+16
31107,6.17051E+18,6,4,11,0,2017,5,17,6,3,2,6,0,1,0,0,0,0,0,4.75842E+20,5.52397E+21,8.66383E+15,4.98676E+16
31108,6.17051E+18,6,4,11,0,2017,5,8,6,3,5,3,1,1,0,0,0,0,0,4.76037E+20,5.5246E+21,8.6665E+15,4.98733E+16
31109,6.17051E+18,6,4,32,10,2017,5,16,1,3,8,1,0,1,0,0,0,0,1,4.9585E+20,5.5214E+21,8.94228E+15,4.9845E+16
31110,6.17051E+18,6,4,39,11,2017,5,17,6,3,5,3,0,1,0,0,0,0,0,4.51266E+20,5.55679E+21,8.31771E+15,5.01613E+16
31111,6.17051E+18,6,4,38,2,2017,5,12,6,3,4,6,0,1,0,0,0,0,0,4.80781E+20,5.53825E+21,8.73185E+15,4.99963E+16
31112,6.17051E+18,6,4,40,8,2017,5,0,1,2,4,1,0,1,0,0,0,2,0,4.80008E+20,5.57431E+21,8.71917E+15,5.03205E+16
31113,6.17051E+18,6,4,34,1,2017,5,8,6,3,9,6,0,1,0,0,0,0,0,4.708E+20,5.5653E+21,8.59052E+15,5.02392E+16
31114,6.17051E+18,6,5,33,10,2017,5,9,6,3,3,6,0,1,0,0,0,0,0,4.47548E+20,5.59632E+21,8.26016E+15,5.05165E+16
31115,6.17051E+18,6,4,40,18,2017,5,14,6,3,5,2,0,1,0,0,0,0,0,4.79028E+20,5.58106E+21,8.70503E+15,5.03812E+16
31116,6.17051E+18,6,5,35,2,2017,5,14,1,2,8,1,0,1,1,0,0,0,0,5.14087E+20,5.62549E+21,9.19982E+15,5.0781E+16
31117,6.17051E+18,6,4,33,6,2017,5,17,1,3,3,6,0,1,0,0,1,0,0,4.63184E+20,5.52399E+21,8.4877E+15,4.98672E+16
31118,6.17051E+18,6,4,38,12,2017,5,16,6,3,5,2,1,1,0,0,0,0,0,4.85786E+20,5.53593E+21,8.80176E+15,4.99755E+16
31119,6.17052E+18,6,4,33,12,2017,5,17,7,2,5,2,0,1,0,0,0,0,0,4.58205E+20,5.53734E+21,8.41697E+15,4.9987E+16
31120,6.17051E+18,6,4,32,21,2017,5,13,6,3,5,3,1,1,0,0,0,0,0,5.02461E+20,5.52658E+21,9.03426E+15,4.98916E+16
31121,6.17051E+18,6,6,31,4,2017,5,4,1,3,8,1,0,1,0,0,0,2,1,5.56446E+20,5.58944E+21,9.79514E+15,5.04543E+16