OBJECTID,UIDENTSTLA,ULAND,UREGBEZ,UKREIS,UGEMEINDE,UJAHR,UMONAT,USTUNDE,UWOCHENTAG,UKATEGORIE,UART,UTYP1,IstRad,IstPKW,IstFuss,IstKrad,IstSonstig,LICHT,STRZUSTAND,LINREFX,LINREFY,XGCSWGS84,YGCSWGS84
31122,6.17052E+18,6,6,34,21,2017,5,17,7,3,8,1,0,0,0,0,1,0,0,5.20147E+20,5.63209E+21,9.28614E+15,5.08402E+16
31123,6.17051E+18,6,4,35,3,2017,5,1,1,2,9,1,0,1,0,0,0,2,1,5.19199E+20,5.56367E+21,9.26915E+15,5.02249E+16
31124,6.17052E+18,6,6,32,2,2017,5,15,7,3,2,2,0,1,0,0,1,0,0,5.46992E+20,5.63149E+21,9.66731E+15,5.08332E+16
31125,6.17051E+18,6,4,32,11,2017,5,6,6,3,5,2,0,1,0,0,0,0,0,4.86498E+20,5.52567E+21,8.81206E+15,4.98833E+16
31126,6.17051E+18,6,6,33,23,2017,5,23,1,2,3,6,0,1,0,0,1,2,1,5.23031E+20,5.68309E+21,9.33035E+15,5.12987E+16
31127,6.17051E+18,6,4,32,11,2017,5,15,6,2,5,3,1,1,0,0,0,0,0,4.87929E+20,5.52595E+21,8.83197E+15,4.98858E+16
31128,6.17051E+18,6,6,33,3,2017,5,17,1,3,2,6,0,1,0,0,0,0,0,5.32908E+20,5.67897E+21,9.47163E+15,5.12612E+16
31129,6.17051E+18,6,4,31,21,2017,5,17,6,3,8,1,0,0,0,1,0,0,0,4.9117E+20,5.49334E+21,8.87782E+15,4.95926E+16
31130,6.17051E+18,6,5,35,13,2017,5,0,6,3,5,3,0,1,0,0,0,2,0,5.06259E+20,5.60783E+21,9.08848E+15,5.06224E+16
31131,6.17051E+18,6,5,32,23,2017,5,22,6,2,5,2,0,0,0,1,1,2,0,4.62451E+20,5.59996E+21,8.46999E+15,5.05504E+16
31132,6.17051E+18,6,5,32,23,2017,5,13,6,2,2,6,0,1,0,1,0,0,0,4.6592E+20,5.59987E+21,8.51896E+15,5.05498E+16
31133,6.17051E+18,6,6,11,0,2017,5,10,6,3,3,6,0,1,0,0,1,0,0,5.33978E+20,5.68179E+21,9.48723E+15,5.12864E+16
31134,6.17052E+18,6,5,33,19,2017,5,14,1,2,5,2,0,0,0,1,0,0,0,4.48474E+20,5.58552E+21,8.2747E+15,5.04195E+16
31135,6.17052E+18,6,4,36,9,2017,5,17,1,2,5,3,1,0,0,1,0,0,0,4.61768E+20,5.5475E+21,8.46566E+15,5.00785E+16
31136,6.17051E+18,6,4,12,0,2017,5,9,6,2,2,6,0,1,0,0,1,0,0,4.74404E+20,5.5608E+21,8.64137E+15,5.01989E+16
31137,6.17051E+18,6,5,33,9,2017,5,13,6,3,2,6,0,1,0,0,0,0,0,4.35377E+20,5.58109E+21,8.09112E+15,5.03783E+16
31138,6.17052E+18,6,4,40,6,2017,5,17,7,2,5,3,0,1,0,1,0,0,0,4.91916E+20,5.58213E+21,8.88628E+15,5.03911E+16
31139,6.17052E+18,6,4,11,0,2017,5,13,7,3,2,6,0,1,0,0,0,0,0,4.74512E+20,5.52919E+21,8.64499E+15,4.99146E+16
31140,6.17052E+18,6,6,36,1,2017,5,13,7,3,3,2,0,1,0,0,0,0,0,5.68125E+20,5.68083E+21,9.97666E+15,5.12748E+16
31141,6.17051E+18,6,6,34,11,2017,5,8,1,2,8,1,0,1,0,0,0,0,1,5.34803E+20,5.655E+21,9.49647E+15,5.10455E+16
31142,6.17051E+18,6,6,35,8,2017,5,23,1,3,7,7,0,1,0,0,0,2,0,5.04909E+20,5.70287E+21,9.07068E+15,5.14769E+16
31143,6.17051E+18,6,5,33,9,2017,5,5,6,3,5,3,0,1,0,0,1,0,0,4.34319E+20,5.58311E+21,8.0759E+15,5.03964E+16
31144,6.17051E+18,6,4,36,6,2017,5,10,6,2,2,6,0,1,0,0,0,0,0,4.53003E+20,5.53931E+21,8.34417E+15,5.00043E+16
31145,6.17051E+18,6,5,31,12,2017,5,17,6,2,2,6,0,1,0,0,0,0,0,4.75685E+20,5.59645E+21,8.65701E+15,5.05195E+16
31146,6.17051E+18,6,4,33,5,2017,5,15,1,2,9,1,0,1,0,0,1,0,1,4.52259E+20,5.53673E+21,8.33411E+15,4.9981E+16
31147,6.17051E+18,6,4,40,6,2017,5,21,1,3,9,1,0,1,0,0,0,2,1,4.9336E+20,5.58372E+21,8.90656E+15,5.04054E+16
31148,6.17051E+18,6,4,40,23,2017,5,11,1,2,3,6,0,1,0,0,0,0,0,4.76509E+20,5.57062E+21,8.67025E+15,5.02873E+16
31149,6.1705E+18,6,5,31,5,2017,5,10,5,3,2,6,0,1,0,0,0,0,0,4.7549E+20,5.60601E+21,8.65363E+15,5.06055E+16
31150,6.17051E+18,6,4,40,8,2017,5,20,1,3,9,1,0,1,0,0,0,1,1,4.78367E+20,5.57587E+21,8.69603E+15,5.03345E+16
31151,6.17051E+18,6,5,32,12,2017,5,18,1,2,8,1,0,1,0,0,0,0,1,4.50917E+20,5.61262E+21,8.30551E+15,5.06633E+16
31152,6.1705E+18,6,6,32,2,2017,5,17,5,3,2,6,0,1,0,0,0,0,0,5.49256E+20,5.63517E+21,9.69995E+15,5.08661E+16
31153,6.17051E+18,6,5,31,5,2017,5,18,7,3,3,2,1,1,0,0,0,0,0,4.77887E+20,5.6055E+21,8.68753E+15,5.06009E+16
31154,6.17051E+18,6,6,35,21,2017,5,17,7,3,8,1,0,0,0,1,0,0,0,5.04058E+20,5.67299E+21,9.05809E+15,5.12083E+16
31155,6.17052E+18,6,4,40,12,2017,5,6,1,3,8,7,0,1,0,0,0,0,0,4.86693E+20,5.56117E+21,8.81354E+15,5.02026E+16
31156,6.1705E+18,6,5,33,9,2017,5,12,5,3,3,6,0,1,0,0,1,0,0,4.33187E+20,5.58197E+21,8.06018E+15,5.0386E+16
31157,6.1705E+18,6,5,33,9,2017,5,8,5,3,0,7,0,1,0,0,1,0,0,4.35637E+20,5.5876E+21,8.09366E+15,5.04369E+16
31158,6.17051E+18,6,5,35,16,2017,5,17,7,2,8,1,0,0,0,1,0,0,0,5.17692E+20,5.59659E+21,9.24957E+15,5.0521E+16
31159,6.17051E+18,6,6,33,8,2017,5,20,7,3,8,1,0,1,0,0,0,0,1,5.34854E+20,5.67576E+21,9.4992E+15,5.12322E+16
31160,6.17052E+18,6,5,32,11,2017,5,20,1,2,9,1,0,1,0,0,0,0,0,4.44199E+20,5.6243E+21,8.20871E+15,5.07678E+16
31161,6.1705E+18,6,5,33,9,2017,5,16,5,3,8,1,0,1,0,0,0,0,0,4.382E+20,5.58011E+21,8.13098E+15,5.03698E+16
31162,6.1705E+18,6,4,14,0,2017,5,19,5,3,5,3,0,1,0,0,0,0,0,4.44192E+20,5.54397E+21,8.22055E+15,5.00454E+16
31163,6.17051E+18,6,6,11,0,2017,5,10,7,3,2,6,0,1,0,0,0,0,0,5.34704E+20,5.68169E+21,9.49763E+15,5.12855E+16
31164,6.1705E+18,6,4,14,0,2017,5,14,5,3,5,3,0,1,0,1,0,0,1,4.49191E+20,5.54863E+21,8.28974E+15,5.00877E+16
31165,6.1705E+18,6,4,14,0,2017,5,9,5,3,5,3,0,1,0,0,1,0,0,4.51099E+20,5.54599E+21,8.31675E+15,5.00642E+16
31166,6.17051E+18,6,6,33,15,2017,5,8,7,3,5,3,1,1,0,0,0,0,0,5.44197E+20,5.68147E+21,9.63372E+15,5.12828E+16
31167,6.1705E+18,6,4,14,0,2017,5,7,5,3,8,1,0,1,0,0,0,0,1,4.5063E+20,5.55499E+21,8.30903E+15,5.01451E+16
31168,6.1705E+18,6,4,14,0,2017,5,17,5,3,2,6,0,1,0,0,0,0,1,4.48156E+20,5.54596E+21,8.27564E+15,5.00636E+16
31169,6.1705E+18,6,4,14,0,2017,5,13,5,2,6,4,0,1,1,0,0,0,1,4.46664E+20,5.5454E+21,8.25488E+15,5.00585E+16
31170,6.17051E+18,6,6,11,0,2017,5,10,7,2,0,1,1,0,0,0,0,0,0,5.33176E+20,5.68826E+21,9.47633E+15,5.13447E+16
31171,6.17051E+18,6,4,14,0,2017,5,18,7,3,0,3,0,1,0,1,0,0,0,4.48142E+20,5.54064E+21,8.27617E+15,5.00159E+16
31172,6.1705E+18,6,4,14,0,2017,5,18,5,3,0,5,0,1,0,0,1,0,0,4.4538E+20,5.54772E+21,8.2366E+15,5.00792E+16
31173,6.17051E+18,6,4,14,0,2017,5,15,7,3,5,2,0,1,0,0,0,0,0,4.43305E+20,5.5474E+21,8.20765E+15,5.00762E+16
31174,6.1705E+18,6,4,12,0,2017,5,11,5,3,5,3,1,1,0,0,0,0,1,4.75075E+20,5.54852E+21,8.65158E+15,5.00885E+16
31175,6.17051E+18,6,4,14,0,2017,5,9,7,3,2,6,0,1,0,0,0,0,0,4.41044E+20,5.55245E+21,8.17528E+15,5.01213E+16
31176,6.17052E+18,6,6,34,3,2017,5,7,7,3,9,1,0,1,0,0,0,0,0,5.33964E+20,5.66116E+21,9.48508E+15,5.11009E+16
31177,6.1705E+18,6,4,12,0,2017,5,9,5,3,5,3,0,1,0,0,1,0,1,4.78194E+20,5.55336E+21,8.6949E+15,5.01321E+16
31178,6.17051E+18,6,4,36,5,2017,5,14,7,3,2,6,1,0,0,0,0,0,0,4.6386E+20,5.5444E+21,8.49519E+15,5.00508E+16
31179,6.17052E+18,6,4,40,4,2017,5,12,7,2,8,1,0,1,0,0,0,0,0,5.07882E+20,5.56675E+21,9.11056E+15,5.02528E+16
31180,6.1705E+18,6,4,12,0,2017,5,10,5,3,2,6,0,1,0,0,0,0,1,4.78866E+20,5.55206E+21,8.70437E+15,5.01204E+16
31181,6.17051E+18,6,4,12,0,2017,5,15,7,1,6,7,0,0,1,0,1,0,0,4.76473E+20,5.55396E+21,8.67077E+15,5.01374E+16
31182,6.17051E+18,6,4,12,0,2017,5,16,7,3,2,6,0,1,0,1,0,0,0,4.83043E+20,5.55148E+21,8.76283E+15,5.01154E+16
31183,6.1705E+18,6,4,12,0,2017,5,14,5,3,5,3,1,1,0,0,0,0,1,4.75346E+20,5.55275E+21,8.65509E+15,5.01264E+16
31184,6.17051E+18,6,4,12,0,2017,5,13,7,3,3,6,1,1,0,0,0,0,0,4.76002E+20,5.5507E+21,8.66439E+15,5.0108E+16
31185,6.17051E+18,6,4,32,23,2017,5,8,7,2,5,6,0,1,0,0,1,0,0,4.72395E+20,5.53001E+21,8.61543E+15,4.99218E+16
31186,6.1705E+18,6,4,11,0,2017,5,9,5,3,6,7,0,1,1,0,0,0,0,4.7585E+20,5.52506E+21,8.66387E+15,4.98775E+16
31187,6.17051E+18,6,4,11,0,2017,5,11,7,3,0,7,0,1,0,0,0,0,0,4.76425E+20,5.52401E+21,8.67194E+15,4.98681E+16
31188,6.17051E+18,6,4,11,0,2017,5,19,7,3,5,3,1,1,0,0,0,0,0,4.74522E+20,5.52418E+21,8.64545E+15,4.98695E+16
31189,6.1705E+18,6,6,35,2,2017,5,23,5,1,4,1,0,1,0,0,0,2,0,5.0353E+20,5.6924E+21,9.05072E+15,5.13828E+16
31190,6.17051E+18,6,6,35,20,2017,5,15,7,3,5,2,0,1,0,1,0,0,1,5.08224E+20,5.69581E+21,9.11825E+15,5.14135E+16
31191,6.17051E+18,6,6,33,22,2017,5,21,7,3,8,1,0,1,0,0,0,2,1,5.44466E+20,5.70204E+21,9.64015E+15,5.14678E+16
31192,6.1705E+18,6,6,35,12,2017,5,17,5,3,9,1,0,1,0,0,1,0,0,4.9543E+20,5.64752E+21,8.9349E+15,5.09792E+16
31193,6.1705E+18,6,4,34,5,2017,5,9,5,3,2,6,0,1,0,0,0,0,1,4.62465E+20,5.55817E+21,8.47435E+15,5.01745E+16
31194,6.17051E+18,6,6,33,5,2017,5,18,7,3,9,1,0,1,0,0,0,0,1,5.23074E+20,5.69207E+21,9.33155E+15,5.13794E+16
31195,6.1705E+18,6,4,35,12,2017,5,7,5,3,9,1,0,1,0,0,0,0,1,5.08408E+20,5.56217E+21,9.11784E+15,5.02116E+16
31196,6.1705E+18,6,5,32,12,2017,5,11,5,3,9,7,0,0,0,0,1,0,1,4.46475E+20,5.61391E+21,8.24249E+15,5.06745E+16
31197,6.17051E+18,6,6,11,0,2017,5,19,7,3,9,1,0,1,0,0,0,0,1,5.28627E+20,5.68645E+21,9.41088E+15,5.13287E+16
31198,6.1705E+18,6,5,32,6,2017,5,12,5,3,8,1,0,1,0,0,0,0,1,4.56141E+20,5.62486E+21,8.37797E+15,5.07739E+16
31199,6.17051E+18,6,4,35,28,2017,5,17,7,3,5,3,0,1,0,0,0,0,0,5.32122E+20,5.57361E+21,9.45115E+15,5.03137E+16
31200,6.1705E+18,6,4,32,18,2017,5,13,5,3,2,6,0,1,0,0,0,0,0,4.70855E+20,5.51691E+21,8.59497E+15,4.9804E+16
31201,6.1705E+18,6,4,40,23,2017,5,13,5,3,5,3,0,1,0,0,1,0,1,4.77765E+20,5.57113E+21,8.68785E+15,5.02918E+16
31202,6.17051E+18,6,4,13,0,2017,5,9,7,1,5,3,0,1,0,1,0,0,0,4.8055E+20,5.54551E+21,8.72826E+15,5.00616E+16
31203,6.17052E+18,6,6,31,9,2017,5,0,7,3,3,6,0,1,0,0,1,2,0,5.49061E+20,5.60444E+21,9.69309E+15,5.05898E+16
31204,6.17052E+18,6,4,35,10,2017,5,13,7,3,2,6,0,1,0,0,0,0,0,5.12674E+20,5.56095E+21,9.17759E+15,5.02006E+16
31205,6.17051E+18,6,4,36,7,2017,5,12,7,2,5,2,0,1,0,1,0,0,0,4.5572E+20,5.54602E+21,8.38131E+15,5.00648E+16
31206,6.17052E+18,6,6,11,0,2017,5,12,7,3,5,3,1,1,0,0,0,0,0,5.3652E+20,5.68653E+21,9.52416E+15,5.13289E+16
31207,6.17051E+18,6,4,31,16,2017,5,16,7,3,9,1,0,1,0,0,0,0,0,4.69781E+20,5.50125E+21,8.58126E+15,4.9663E+16
31208,6.1705E+18,6,5,34,4,2017,5,16,5,3,5,3,0,1,0,0,0,0,0,4.6672E+20,5.63963E+21,8.52666E+15,5.09074E+16
31209,6.17051E+18,6,4,31,16,2017,5,9,7,3,8,6,0,1,0,0,0,0,0,4.67261E+20,5.50039E+21,8.54642E+15,4.96551E+16
31210,6.1705E+18,6,4,33,12,2017,5,17,5,3,2,6,0,1,0,0,1,0,1,4.58797E+20,5.53755E+21,8.42521E+15,4.99888E+16
31211,6.1705E+18,6,5,34,8,2017,5,15,5,3,5,3,0,1,0,0,0,0,0,4.88841E+20,5.62239E+21,8.84181E+15,5.07532E+16
31212,6.1705E+18,6,5,34,14,2017,5,9,5,3,2,6,0,1,0,0,0,0,1,4.83173E+20,5.63185E+21,8.76102E+15,5.08381E+16
31213,6.1705E+18,6,5,32,3,2017,5,8,5,3,8,1,0,1,0,0,0,0,1,4.5576E+20,5.59736E+21,8.37585E+15,5.05265E+16
31214,6.17052E+18,6,5,34,4,2017,5,15,1,2,8,1,0,1,0,0,0,0,0,4.68038E+20,5.63836E+21,8.54552E+15,5.0896E+16
31215,6.17052E+18,6,5,32,21,2017,5,17,1,3,2,6,0,1,0,0,0,0,0,4.58281E+20,5.60035E+21,8.41109E+15,5.05536E+16
31216,6.17051E+18,6,4,35,18,2017,5,9,7,3,5,3,0,1,0,0,0,0,0,5.13898E+20,5.55953E+21,9.19468E+15,5.01878E+16
31217,6.17051E+18,6,4,40,3,2017,5,13,7,3,2,6,0,1,0,0,0,0,0,4.81015E+20,5.55694E+21,8.73418E+15,5.01644E+16
31218,6.1705E+18,6,5,31,6,2017,5,13,5,3,2,6,0,1,0,0,1,0,1,4.96974E+20,5.60479E+21,8.95725E+15,5.0595E+16
31219,6.17051E+18,6,5,32,12,2017,5,21,7,2,9,1,0,1,0,0,0,2,0,4.47742E+20,5.61531E+21,8.26023E+15,5.06873E+16
31220,6.1705E+18,6,4,35,10,2017,5,5,5,2,3,1,0,1,0,0,1,2,1,5.12604E+20,5.55992E+21,9.17657E+15,5.01913E+16
31221,6.17051E+18,6,4,32,4,2017,5,17,7,3,3,6,0,1,0,0,1,0,0,4.90539E+20,5.52796E+21,8.86826E+15,4.99039E+16
31222,6.17051E+18,6,4,32,19,2017,5,2,7,3,1,5,0,1,0,0,0,2,0,4.88287E+20,5.51963E+21,8.83715E+15,4.9829E+16
31223,6.1705E+18,6,6,32,11,2017,5,13,5,3,2,6,0,1,0,0,1,0,0,5.41225E+20,5.63214E+21,9.58549E+15,5.08395E+16
31224,6.1705E+18,6,4,12,0,2017,5,15,5,3,3,6,0,1,0,0,0,0,1,4.78835E+20,5.55491E+21,8.70378E+15,5.0146E+16
31225,6.17051E+18,6,4,32,16,2017,5,21,7,3,4,6,0,1,0,0,0,2,0,4.81864E+20,5.51855E+21,8.74789E+15,4.98191E+16
31226,6.17051E+18,6,5,34,4,2017,5,18,7,2,5,3,0,1,0,0,0,0,0,4.67348E+20,5.63957E+21,8.5356E+15,5.09068E+16
31227,6.17052E+18,6,4,31,10,2017,5,0,1,3,9,1,0,1,0,0,0,2,0,4.63394E+20,5.50713E+21,8.49221E+15,4.97156E+16
31228,6.1705E+18,6,4,12,0,2017,5,16,5,3,2,6,0,1,0,0,0,0,1,4.71257E+20,5.5551E+21,8.5977E+15,5.01474E+16
31229,6.1705E+18,6,4,12,0,2017,5,18,5,3,2,6,0,1,0,0,0,0,1,4.7159E+20,5.55603E+21,8.60229E+15,5.01558E+16
31230,6.17051E+18,6,5,34,5,2017,5,23,7,2,8,1,0,1,0,1,0,2,0,4.59043E+20,5.63437E+21,8.41807E+15,5.08596E+16
31231,6.17052E+18,6,6,31,15,2017,5,5,1,3,9,1,0,1,0,0,0,0,0,5.53182E+20,5.61178E+21,9.75235E+15,5.06554E+16
31232,6.1705E+18,6,4,14,0,2017,5,14,5,2,2,6,0,1,0,0,1,0,1,4.53905E+20,5.54894E+21,8.3556E+15,5.0091E+16
31233,6.1705E+18,6,4,36,6,2017,5,16,5,3,2,6,0,1,0,0,0,0,1,4.57089E+20,5.54499E+21,8.40055E+15,5.00557E+16
31234,6.17051E+18,6,4,31,21,2017,5,16,7,3,8,1,0,1,0,0,0,0,0,4.85434E+20,5.49183E+21,8.79851E+15,4.95789E+16
31235,6.1705E+18,6,5,32,15,2017,5,1,5,3,8,1,0,0,0,0,1,2,1,4.67767E+20,5.60261E+21,8.54479E+15,5.05745E+16
31236,6.1705E+18,6,5,31,6,2017,5,7,5,3,3,1,0,1,0,0,1,0,1,4.94881E+20,5.60906E+21,8.92762E+15,5.06334E+16
31237,6.1705E+18,6,5,31,5,2017,5,17,4,3,2,6,0,1,0,0,0,0,1,4.78787E+20,5.60643E+21,8.7002E+15,5.06094E+16
31238,6.17051E+18,6,4,31,2,2017,5,20,7,3,1,5,1,1,0,0,0,0,1,4.72205E+20,5.5032E+21,8.61472E+15,4.96807E+16
31239,6.17051E+18,6,5,35,17,2017,5,18,7,3,5,3,1,1,0,0,0,0,0,5.19547E+20,5.61251E+21,9.27658E+15,5.06641E+16
31240,6.1705E+18,6,5,33,9,2017,5,5,4,2,5,2,0,1,0,0,0,1,1,4.35206E+20,5.58688E+21,8.08773E+15,5.04304E+16
31241,6.17051E+18,6,5,34,14,2017,5,10,7,2,5,3,0,1,0,0,1,0,0,4.84034E+20,5.63193E+21,8.77325E+15,5.08388E+16
31242,6.17051E+18,6,5,34,12,2017,5,18,7,2,8,1,0,1,0,0,0,0,0,4.77666E+20,5.6337E+21,8.6827E+15,5.08546E+16
31243,6.1705E+18,6,6,11,0,2017,5,18,4,3,8,1,0,1,0,0,0,0,0,5.38106E+20,5.68279E+21,9.54654E+15,5.12951E+16
31244,6.17051E+18,6,5,34,8,2017,5,13,7,3,8,1,1,0,0,0,0,0,0,4.86405E+20,5.62399E+21,8.80722E+15,5.07676E+16
31245,6.17051E+18,6,5,31,10,2017,5,16,7,2,8,1,0,0,0,1,0,0,0,5.06478E+20,5.59621E+21,9.09137E+15,5.05178E+16
31246,6.1705E+18,6,6,33,1,2017,5,16,4,3,9,1,0,1,0,0,0,0,0,5.29035E+20,5.69074E+21,9.41708E+15,5.13672E+16
31247,6.17051E+18,6,6,31,15,2017,5,13,7,2,9,1,0,1,0,0,0,0,1,5.47918E+20,5.61368E+21,9.67813E+15,5.0673E+16
31248,6.17051E+18,6,6,34,11,2017,5,18,7,3,8,1,0,0,0,0,1,0,0,5.33814E+20,5.64596E+21,9.48152E+15,5.09642E+16
31249,6.1705E+18,6,4,14,0,2017,5,15,4,3,5,3,1,1,0,0,0,0,0,4.46621E+20,5.54219E+21,8.25472E+15,5.00296E+16
31250,6.1705E+18,6,4,14,0,2017,5,8,4,3,3,6,0,1,0,0,1,0,1,4.4712E+20,5.54815E+21,8.26086E+15,5.00833E+16
31251,6.17051E+18,6,4,12,0,2017,5,16,7,3,5,3,0,1,0,0,0,0,0,4.707E+20,5.55346E+21,8.59004E+15,5.01326E+16
31252,6.1705E+18,6,4,14,0,2017,5,17,4,3,2,6,0,1,0,0,0,0,0,4.45632E+20,5.54687E+21,8.24024E+15,5.00716E+16
31253,6.1705E+18,6,4,12,0,2017,5,6,4,2,9,1,0,1,0,0,1,0,1,4.67772E+20,5.55019E+21,8.54934E+15,5.01031E+16
31254,6.17051E+18,6,5,33,9,2017,5,2,7,2,6,4,0,1,1,0,0,2,0,4.33846E+20,5.58353E+21,8.06917E+15,5.04001E+16
31255,6.1705E+18,6,4,12,0,2017,5,16,4,3,6,7,0,1,1,0,0,0,1,4.74288E+20,5.55214E+21,8.64032E+15,5.0121E+16
31256,6.17051E+18,6,4,14,0,2017,5,17,7,3,2,7,0,1,0,0,1,0,0,4.56147E+20,5.54505E+21,8.38739E+15,5.00561E+16
31257,6.1705E+18,6,4,12,0,2017,5,19,4,3,5,2,0,1,0,0,0,0,1,4.76481E+20,5.55525E+21,8.67081E+15,5.0149E+16
31258,6.1705E+18,6,4,12,0,2017,5,15,4,3,2,6,0,1,0,0,0,0,1,4.7542E+20,5.54985E+21,8.65631E+15,5.01004E+16
31259,6.17051E+18,6,4,33,12,2017,5,13,7,3,2,6,0,1,0,0,0,0,0,4.58424E+20,5.53599E+21,8.42018E+15,4.99748E+16
31260,6.17051E+18,6,4,31,11,2017,5,9,7,3,2,6,0,1,0,0,0,0,0,4.71804E+20,5.50028E+21,8.60937E+15,4.96544E+16
31261,6.17052E+18,6,5,31,5,2017,5,12,6,3,5,3,0,1,0,0,1,0,1,4.80108E+20,5.60666E+21,8.71886E+15,5.06115E+16
31262,6.1705E+18,6,4,37,13,2017,5,6,4,3,5,3,0,1,0,0,0,1,1,4.8672E+20,5.50421E+21,8.81587E+15,4.96902E+16
31263,6.17051E+18,6,4,33,2,2017,5,5,7,3,8,1,0,0,0,0,1,1,0,4.53416E+20,5.53646E+21,8.35028E+15,4.99787E+16
31264,6.17052E+18,6,4,32,10,2017,5,20,7,3,2,6,0,1,0,0,0,0,0,4.93723E+20,5.52444E+21,8.91265E+15,4.98724E+16
31265,6.1705E+18,6,4,11,0,2017,5,12,4,3,2,6,0,1,0,0,0,0,0,4.74652E+20,5.52346E+21,8.64731E+15,4.9863E+16
31266,6.17051E+18,6,4,31,22,2017,5,6,7,2,9,1,0,1,0,0,0,0,0,4.70664E+20,5.50774E+21,8.593E+15,4.97214E+16
31267,6.17052E+18,6,4,32,23,2017,5,12,7,3,2,6,0,1,0,0,1,0,0,4.69567E+20,5.52786E+21,8.57621E+15,4.99023E+16
31268,6.1705E+18,6,4,11,0,2017,5,8,4,3,5,3,0,1,0,0,0,0,0,4.74615E+20,5.5228E+21,8.64684E+15,4.98571E+16
31269,6.17051E+18,6,4,32,8,2017,5,19,7,2,9,7,0,1,0,0,0,0,0,4.7027E+20,5.52418E+21,8.58629E+15,4.98693E+16
31270,6.17052E+18,6,4,40,23,2017,5,18,1,3,2,6,0,1,0,0,1,0,0,4.76022E+20,5.56835E+21,8.66356E+15,5.02668E+16
31271,6.1705E+18,6,6,33,28,2017,5,17,4,3,2,2,0,1,0,1,0,0,0,5.12802E+20,5.68691E+21,9.18376E+15,5.13334E+16
31272,6.17051E+18,6,4,40,5,2017,5,6,7,3,9,6,0,1,0,0,0,0,0,4.79061E+20,5.58885E+21,8.70506E+15,5.04513E+16
31273,6.1705E+18,6,6,33,10,2017,5,7,4,3,5,3,0,1,0,0,1,0,0,5.28496E+20,5.70038E+21,9.41012E+15,5.14539E+16
31274,6.17051E+18,6,6,32,9,2017,5,18,6,3,5,3,1,1,0,0,0,0,0,5.70155E+20,5.63519E+21,9.99689E+15,5.08641E+16
31275,6.1705E+18,6,6,33,5,2017,5,17,4,3,2,6,0,1,0,0,0,0,1,5.2907E+20,5.69252E+21,9.41773E+15,5.13831E+16
31276,6.1705E+18,6,4,39,2,2017,5,6,4,3,6,4,0,1,1,0,0,0,1,4.34958E+20,5.55377E+21,8.08993E+15,5.01326E+16
31277,6.1705E+18,6,4,35,19,2017,5,22,4,2,9,1,0,1,0,0,0,2,1,4.8889E+20,5.55588E+21,8.84448E+15,5.0155E+16
31278,6.1705E+18,6,4,34,2,2017,5,17,4,3,2,6,0,1,0,0,0,0,1,4.75783E+20,5.56993E+21,8.66011E+15,5.0281E+16
31279,6.1705E+18,6,4,35,18,2017,5,17,4,3,9,1,0,1,0,0,0,0,0,5.13762E+20,5.55757E+21,9.19271E+15,5.01702E+16
31280,6.17052E+18,6,4,11,0,2017,5,11,1,3,3,6,0,1,0,0,0,0,0,4.71129E+20,5.52313E+21,8.59832E+15,4.98599E+16
31281,6.17051E+18,6,6,32,14,2017,5,17,6,2,8,1,0,0,0,1,0,0,0,5.3921E+20,5.64094E+21,9.55781E+15,5.09188E+16
31282,6.17051E+18,6,5,33,3,2017,5,9,6,3,2,6,0,1,0,0,0,0,0,4.47484E+20,5.57231E+21,8.26262E+15,5.03006E+16
31283,6.17052E+18,6,4,12,0,2017,5,2,1,3,2,6,0,1,0,0,0,2,0,4.72641E+20,5.55889E+21,8.6168E+15,5.01816E+16
31284,6.17051E+18,6,4,13,0,2017,5,2,6,3,0,1,0,0,0,1,0,2,0,4.81965E+20,5.54838E+21,8.74789E+15,5.00874E+16
31285,6.17051E+18,6,4,13,0,2017,5,13,6,2,5,2,1,1,0,0,0,0,0,4.82738E+20,5.55033E+21,8.75862E+15,5.0105E+16
31286,6.1705E+18,6,4,40,4,2017,5,13,4,3,9,1,0,1,0,0,0,0,1,5.08461E+20,5.57355E+21,9.11884E+15,5.0314E+16
31287,6.17051E+18,6,4,36,11,2017,5,18,6,3,2,6,0,1,0,0,0,0,0,4.66195E+20,5.55568E+21,8.52681E+15,5.01524E+16
31288,6.17051E+18,6,4,12,0,2017,5,12,6,3,2,6,0,1,0,0,0,0,1,4.67787E+20,5.54391E+21,8.55008E+15,5.00466E+16
31289,6.1705E+18,6,5,32,4,2017,5,6,4,3,9,1,0,1,0,0,0,1,1,4.3826E+20,5.61425E+21,8.12618E+15,5.06768E+16
31290,6.17051E+18,6,4,12,0,2017,5,14,6,3,2,6,0,1,0,0,0,0,0,4.80012E+20,5.55618E+21,8.72019E+15,5.01575E+16
31291,6.17051E+18,6,4,37,6,2017,5,20,6,2,8,1,0,1,0,0,0,0,0,5.02123E+20,5.50003E+21,9.02941E+15,4.96528E+16
31292,6.1705E+18,6,4,38,1,2017,5,17,4,3,2,6,0,1,0,0,0,0,1,4.84885E+20,5.54239E+21,8.78895E+15,5.00336E+16
31293,6.17051E+18,6,4,37,1,2017,5,16,6,3,2,6,0,1,0,0,0,0,0,5.00144E+20,5.51066E+21,9.002E+15,4.97484E+16
31294,6.17051E+18,6,6,34,3,2017,5,8,6,3,8,1,0,1,0,0,0,0,1,5.31325E+20,5.66083E+21,9.44736E+15,5.10981E+16
31295,6.1705E+18,6,4,32,17,2017,5,17,4,3,4,6,0,1,0,0,0,0,1,4.917E+20,5.51653E+21,8.88466E+15,4.98012E+16
31296,6.1705E+18,6,4,40,17,2017,5,15,4,3,4,1,0,1,0,0,0,0,1,4.91447E+20,5.57134E+21,8.87992E+15,5.02941E+16