OBJECTID,UIDENTSTLA,ULAND,UREGBEZ,UKREIS,UGEMEINDE,UJAHR,UMONAT,USTUNDE,UWOCHENTAG,UKATEGORIE,UART,UTYP1,IstRad,IstPKW,IstFuss,IstKrad,IstSonstig,LICHT,STRZUSTAND,LINREFX,LINREFY,XGCSWGS84,YGCSWGS84
31471,6.17061E+18,6,6,36,3,2017,6,5,4,3,9,1,0,1,0,0,0,1,0,5.76998E+20,5.66759E+21,1.0101E+16,5.11546E+16
31472,6.17053E+18,6,5,33,5,2017,5,2,2,1,4,6,0,1,0,0,1,2,0,4.33184E+20,5.59651E+21,8.05753E+15,5.05168E+16
31473,6.17061E+18,6,6,34,4,2017,6,7,4,2,5,3,0,1,0,0,0,0,0,5.21785E+20,5.6465E+21,9.31026E+15,5.09697E+16
31474,6.17061E+18,6,6,33,20,2017,6,12,4,2,8,1,0,0,0,1,0,0,1,5.42231E+20,5.68605E+21,9.60608E+15,5.13242E+16
31475,6.17061E+18,6,6,33,8,2017,6,12,7,3,2,2,0,1,0,0,0,0,0,5.34189E+20,5.67591E+21,9.4897E+15,5.12336E+16
31476,6.17053E+18,6,6,11,0,2017,5,12,2,3,2,3,0,1,0,0,0,0,0,5.33852E+20,5.68761E+21,9.48599E+15,5.13388E+16
31477,6.17061E+18,6,6,33,17,2017,6,11,4,3,1,7,0,1,0,0,1,0,0,5.38961E+20,5.67924E+21,9.55841E+15,5.12632E+16
31478,6.17061E+18,6,6,11,0,2017,6,13,4,3,5,2,0,1,0,0,0,0,0,5.3582E+20,5.68569E+21,9.51403E+15,5.13214E+16
31479,6.17053E+18,6,6,33,26,2017,5,15,2,3,5,3,0,1,0,0,0,0,0,5.32854E+20,5.68871E+21,9.47176E+15,5.13487E+16
31480,6.17053E+18,6,6,11,0,2017,5,16,2,2,5,3,1,0,0,0,0,0,0,5.35352E+20,5.68526E+21,9.50728E+15,5.13175E+16
31481,6.17061E+18,6,4,14,0,2017,6,22,4,3,5,3,0,1,0,0,0,2,0,4.45758E+20,5.54575E+21,8.24217E+15,5.00616E+16
31482,6.17053E+18,6,4,14,0,2017,5,13,2,3,5,3,1,1,0,0,0,0,0,4.45192E+20,5.54701E+21,8.23408E+15,5.00728E+16
31483,6.17061E+18,6,4,14,0,2017,6,15,4,3,4,6,1,0,1,0,0,0,0,4.39441E+20,5.54622E+21,8.15384E+15,5.00652E+16
31484,6.17053E+18,6,4,13,0,2017,5,19,2,2,3,6,0,1,0,1,0,0,0,4.856E+20,5.55095E+21,8.7986E+15,5.01106E+16
31485,6.17061E+18,6,4,14,0,2017,6,13,4,2,1,5,0,1,0,0,1,0,0,4.46396E+20,5.54691E+21,8.25092E+15,5.00721E+16
31486,6.17053E+18,6,4,13,0,2017,5,15,2,3,5,2,0,1,0,1,0,0,0,4.83529E+20,5.54843E+21,8.76975E+15,5.00879E+16
31487,6.17053E+18,6,4,12,0,2017,5,1,2,3,8,1,0,1,0,0,0,2,1,4.7396E+20,5.54764E+21,8.63605E+15,5.00804E+16
31488,6.17053E+18,6,4,12,0,2017,5,19,2,3,5,3,0,1,0,0,0,0,0,4.73844E+20,5.54894E+21,8.63434E+15,5.00922E+16
31489,6.1706E+18,6,4,40,4,2017,6,20,5,3,5,2,0,1,0,0,0,0,0,5.05192E+20,5.57145E+21,9.07289E+15,5.02952E+16
31490,6.1706E+18,6,4,40,16,2017,6,17,5,3,2,6,0,1,0,0,0,0,0,4.98936E+20,5.5867E+21,8.98501E+15,5.04323E+16
31491,6.1706E+18,6,5,32,9,2017,6,5,5,3,7,7,0,0,0,1,0,0,0,4.57713E+20,5.62529E+21,8.40022E+15,5.07779E+16
31492,6.17061E+18,6,4,13,0,2017,6,16,4,3,6,6,0,0,1,0,1,0,0,4.81822E+20,5.54809E+21,8.74591E+15,5.00848E+16
31493,6.17061E+18,6,4,13,0,2017,6,19,4,3,0,2,0,1,0,0,0,0,0,4.84668E+20,5.54969E+21,8.78563E+15,5.00993E+16
31494,6.17061E+18,6,4,12,0,2017,6,18,4,3,2,6,0,1,0,0,0,0,0,4.76841E+20,5.55533E+21,8.67584E+15,5.01497E+16
31495,6.17061E+18,6,4,12,0,2017,6,18,4,2,4,6,1,0,0,0,0,0,0,4.79241E+20,5.55037E+21,8.7097E+15,5.01052E+16
31496,6.17061E+18,6,4,12,0,2017,6,18,4,3,6,3,0,1,1,0,0,0,0,4.76533E+20,5.54865E+21,8.67194E+15,5.00897E+16
31497,6.17061E+18,6,4,11,0,2017,6,14,4,3,5,3,1,1,0,0,0,0,1,4.74341E+20,5.52561E+21,8.64283E+15,4.98824E+16
31498,6.17061E+18,6,6,33,29,2017,6,18,4,3,8,1,0,1,0,0,1,0,1,5.21201E+20,5.68895E+21,9.30444E+15,5.13514E+16
31499,6.1706E+18,6,4,32,10,2017,6,17,5,3,5,3,0,1,0,0,0,0,0,4.9451E+20,5.52623E+21,8.92358E+15,4.98884E+16
31500,6.17061E+18,6,6,33,11,2017,6,12,4,3,2,6,0,1,0,0,1,0,0,5.21378E+20,5.686E+21,9.30681E+15,5.13249E+16
31501,6.1706E+18,6,4,32,22,2017,6,13,5,3,5,3,0,1,0,1,0,0,0,4.77119E+20,5.51314E+21,8.68224E+15,4.97703E+16
31502,6.17053E+18,6,4,12,0,2017,5,14,2,3,5,3,1,1,0,0,0,0,0,4.75865E+20,5.55328E+21,8.66232E+15,5.01313E+16
31503,6.17053E+18,6,4,37,6,2017,5,0,2,3,9,1,0,1,0,0,0,2,0,5.02307E+20,5.49632E+21,9.03194E+15,4.96194E+16
31504,6.17061E+18,6,6,33,13,2017,6,9,4,3,2,6,0,1,0,0,0,0,0,5.24761E+20,5.70286E+21,9.35654E+15,5.14763E+16
31505,6.1706E+18,6,4,32,16,2017,6,8,5,2,5,2,1,1,0,0,0,0,0,4.81237E+20,5.51985E+21,8.73911E+15,4.98308E+16
31506,6.17053E+18,6,4,11,0,2017,5,12,2,3,2,6,0,1,0,0,0,0,0,4.74638E+20,5.52372E+21,8.6471E+15,4.98654E+16
31507,6.17053E+18,6,6,33,28,2017,5,16,2,1,8,7,0,1,0,0,0,0,0,5.09354E+20,5.68889E+21,9.13432E+15,5.13512E+16
31508,6.17061E+18,6,6,11,0,2017,6,17,4,2,0,1,1,0,0,0,0,0,1,5.30116E+20,5.68457E+21,9.43209E+15,5.13116E+16
31509,6.17061E+18,6,6,32,18,2017,6,16,4,3,8,1,0,1,0,0,0,0,1,5.4843E+20,5.65182E+21,9.69042E+15,5.10159E+16
31510,6.17053E+18,6,6,11,0,2017,5,15,2,3,5,3,0,0,0,0,1,0,0,5.31624E+20,5.68113E+21,9.45342E+15,5.12807E+16
31511,6.17061E+18,6,6,34,25,2017,6,14,4,3,2,6,0,1,0,0,0,0,1,5.23501E+20,5.66021E+21,9.33559E+15,5.10929E+16
31512,6.17053E+18,6,6,35,6,2017,5,0,2,3,5,3,0,1,0,0,0,2,0,4.8735E+20,5.65392E+21,8.81958E+15,5.10367E+16
31513,6.17061E+18,6,6,34,7,2017,6,19,4,2,5,7,0,1,0,0,0,0,0,5.24323E+20,5.66931E+21,9.34794E+15,5.11747E+16
31514,6.17061E+18,6,6,35,1,2017,6,13,4,2,4,6,0,1,0,0,0,0,1,4.74289E+20,5.6592E+21,8.63292E+15,5.10837E+16
31515,6.17061E+18,6,4,40,3,2017,6,17,7,3,5,3,1,1,0,0,0,0,0,4.82383E+20,5.55983E+21,8.75321E+15,5.01904E+16
31516,6.17053E+18,6,4,38,4,2017,5,17,2,2,0,2,1,1,0,0,0,0,0,4.95186E+20,5.54711E+21,8.93272E+15,5.00762E+16
31517,6.17061E+18,6,4,39,6,2017,6,20,4,3,9,1,0,1,0,0,0,0,0,4.36938E+20,5.56142E+21,8.11636E+15,5.02016E+16
31518,6.17061E+18,6,4,39,3,2017,6,14,4,2,6,6,0,1,1,0,0,0,0,4.36853E+20,5.54203E+21,8.11838E+15,5.00273E+16
31519,6.17061E+18,6,6,11,0,2017,6,15,7,3,2,6,0,1,0,1,0,0,0,5.31623E+20,5.68678E+21,9.4539E+15,5.13315E+16
31520,6.17053E+18,6,4,38,13,2017,5,12,2,3,5,3,0,1,0,0,1,0,0,4.95608E+20,5.54172E+21,8.93868E+15,5.00277E+16
31521,6.17053E+18,6,4,38,9,2017,5,16,2,2,8,7,0,1,0,0,0,0,0,4.72899E+20,5.54255E+21,8.62158E+15,5.00346E+16
31522,6.17061E+18,6,4,39,13,2017,6,12,4,2,6,7,0,1,1,0,0,0,0,4.23081E+20,5.53675E+21,7.92719E+15,4.99782E+16
31523,6.17053E+18,6,4,38,2,2017,5,9,2,3,5,3,0,1,0,1,0,0,0,4.82482E+20,5.53694E+21,8.75565E+15,4.99845E+16
31524,6.17053E+18,6,4,34,8,2017,5,13,2,3,8,7,0,0,0,1,1,0,1,4.628E+20,5.56389E+21,8.47849E+15,5.0226E+16
31525,6.17061E+18,6,4,38,8,2017,6,14,4,3,2,6,0,1,0,0,0,0,0,4.86593E+20,5.55166E+21,8.81247E+15,5.0117E+16
31526,6.17053E+18,6,4,34,6,2017,5,15,2,3,5,2,0,1,0,0,0,0,0,4.63852E+20,5.55957E+21,8.49365E+15,5.01872E+16
31527,6.17061E+18,6,4,34,10,2017,6,19,4,3,6,2,0,1,1,0,0,0,0,4.69831E+20,5.55759E+21,8.57755E+15,5.01698E+16
31528,6.17053E+18,6,4,34,3,2017,5,4,2,2,7,7,0,0,0,1,0,2,0,4.59778E+20,5.56371E+21,8.43614E+15,5.02242E+16
31529,6.17053E+18,6,4,31,11,2017,5,13,2,3,2,6,0,1,0,0,0,0,0,4.73975E+20,5.49941E+21,8.6395E+15,4.96467E+16
31530,6.17053E+18,6,4,40,19,2017,5,5,2,2,8,1,0,0,0,0,1,0,0,5.02733E+20,5.57662E+21,9.03841E+15,5.03417E+16
31531,6.17053E+18,6,5,32,7,2017,5,22,2,2,0,7,0,0,0,1,0,2,0,4.39889E+20,5.61107E+21,8.14975E+15,5.06484E+16
31532,6.1706E+18,6,5,34,4,2017,6,10,5,3,5,3,1,1,0,0,0,0,0,4.62695E+20,5.64069E+21,8.4693E+15,5.09167E+16
31533,6.1706E+18,6,4,31,20,2017,6,16,5,2,5,3,0,1,0,1,0,0,0,4.71035E+20,5.48724E+21,8.59967E+15,4.95371E+16
31534,6.17053E+18,6,4,32,13,2017,5,18,2,3,6,6,0,0,1,0,1,0,0,4.83264E+20,5.5138E+21,8.76755E+15,4.97764E+16
31535,6.17061E+18,6,4,34,8,2017,6,12,4,3,5,3,0,1,0,1,0,0,1,4.70781E+20,5.56073E+21,8.59061E+15,5.01981E+16
31536,6.17053E+18,6,4,31,2,2017,5,18,2,3,5,2,0,1,0,0,0,0,0,4.7153E+20,5.50249E+21,8.6054E+15,4.96743E+16
31537,6.17061E+18,6,4,40,12,2017,6,18,4,3,9,1,0,1,0,0,0,0,1,4.82047E+20,5.56347E+21,8.74832E+15,5.02231E+16
31538,6.17053E+18,6,4,33,2,2017,5,17,2,3,2,6,0,1,0,0,0,0,0,4.54952E+20,5.53636E+21,8.37171E+15,4.99779E+16
31539,6.17053E+18,6,6,31,3,2017,5,18,2,2,5,3,0,1,0,0,0,0,0,5.55692E+20,5.59902E+21,9.78595E+15,5.05405E+16
31540,6.17053E+18,6,4,35,14,2017,5,14,2,3,1,1,0,1,0,0,0,0,0,4.94604E+20,5.55229E+21,8.92452E+15,5.01228E+16
31541,6.17053E+18,6,4,35,14,2017,5,8,2,2,5,2,0,1,0,0,0,0,0,4.93211E+20,5.55866E+21,8.90492E+15,5.01801E+16
31542,6.17053E+18,6,5,32,15,2017,5,13,2,3,8,1,0,1,0,0,0,0,0,4.68958E+20,5.60218E+21,8.56165E+15,5.05707E+16
31543,6.1706E+18,6,4,31,2,2017,6,7,5,3,2,6,0,1,0,0,0,0,0,4.72688E+20,5.50397E+21,8.62136E+15,4.96876E+16
31544,6.1706E+18,6,4,31,22,2017,6,8,5,2,2,6,0,1,0,0,0,0,0,4.71447E+20,5.50754E+21,8.60388E+15,4.97196E+16
31545,6.1706E+18,6,5,35,1,2017,6,17,5,2,2,6,0,1,0,0,0,0,0,5.1903E+20,5.62243E+21,9.26977E+15,5.07534E+16
31546,6.1706E+18,6,5,34,15,2017,6,18,5,3,2,7,0,1,0,1,0,0,0,4.78889E+20,5.64874E+21,8.69921E+15,5.09899E+16
31547,6.17061E+18,6,4,40,9,2017,6,12,4,3,8,1,0,1,0,0,0,0,1,5.14123E+20,5.58661E+21,9.19884E+15,5.04314E+16
31548,6.17061E+18,6,5,32,9,2017,6,16,4,2,5,2,0,1,0,0,1,0,1,4.53361E+20,5.62851E+21,8.33808E+15,5.08065E+16
31549,6.17061E+18,6,4,32,10,2017,6,9,4,3,2,6,0,1,0,0,0,0,0,4.90892E+20,5.52617E+21,8.87321E+15,4.98879E+16
31550,6.17053E+18,6,6,31,18,2017,5,7,2,3,2,6,0,1,0,0,1,0,0,5.4342E+20,5.58825E+21,9.61151E+15,5.04447E+16
31551,6.17053E+18,6,6,34,3,2017,5,16,2,3,3,6,0,1,0,0,1,0,0,5.33489E+20,5.66373E+21,9.47854E+15,5.11241E+16
31552,6.17061E+18,6,4,32,4,2017,6,11,4,3,2,6,0,1,0,0,0,0,1,4.89488E+20,5.52893E+21,8.85358E+15,4.99127E+16
31553,6.17053E+18,6,5,35,1,2017,5,9,2,2,3,6,0,1,0,0,0,0,0,5.22772E+20,5.62275E+21,9.32283E+15,5.07561E+16
31554,6.17053E+18,6,4,12,0,2017,5,15,2,3,3,6,0,1,0,0,0,0,0,4.707E+20,5.55344E+21,8.59004E+15,5.01325E+16
31555,6.17061E+18,6,4,32,20,2017,6,1,4,2,9,1,0,1,0,0,0,2,0,4.85446E+20,5.52482E+21,8.79744E+15,4.98756E+16
31556,6.1706E+18,6,4,35,14,2017,6,7,5,2,6,4,0,1,1,0,0,0,0,4.9348E+20,5.55508E+21,8.90874E+15,5.01479E+16
31557,6.17053E+18,6,4,12,0,2017,5,15,2,3,2,6,0,1,0,0,1,0,0,4.74311E+20,5.5607E+21,8.64008E+15,5.01979E+16
31558,6.1706E+18,6,5,32,23,2017,6,19,5,2,8,6,0,0,0,1,0,0,0,4.63631E+20,5.60126E+21,8.48651E+15,5.05622E+16
31559,6.17053E+18,6,4,40,20,2017,5,3,2,3,2,6,0,0,0,0,1,2,0,4.95314E+20,5.57831E+21,8.93413E+15,5.03568E+16
31560,6.17061E+18,6,5,34,10,2017,6,17,4,2,5,3,0,1,0,0,1,0,0,4.72658E+20,5.62376E+21,8.6123E+15,5.0765E+16
31561,6.17061E+18,6,4,33,2,2017,6,12,4,3,9,1,0,1,0,0,1,0,0,4.5493E+20,5.5379E+21,8.37122E+15,4.99917E+16
31562,6.17053E+18,6,4,35,6,2017,5,17,1,2,0,3,0,0,0,1,1,0,0,4.93764E+20,5.55841E+21,8.91266E+15,5.01779E+16
31563,6.17061E+18,6,5,34,15,2017,6,14,4,3,8,6,0,1,0,0,0,0,1,4.7968E+20,5.64393E+21,8.71075E+15,5.09467E+16
31564,6.17061E+18,6,5,34,14,2017,6,15,4,2,0,7,0,0,0,0,1,0,1,4.84031E+20,5.6261E+21,8.77346E+15,5.07865E+16
31565,6.17053E+18,6,4,35,21,2017,5,6,1,3,2,6,0,1,0,0,0,0,0,4.95613E+20,5.56542E+21,8.93847E+15,5.02409E+16
31566,6.17061E+18,6,5,34,15,2017,6,14,4,2,8,1,0,1,0,0,0,0,0,4.79684E+20,5.64394E+21,8.7108E+15,5.09467E+16
31567,6.17061E+18,6,5,34,13,2017,6,9,4,3,9,1,0,0,0,1,0,0,0,4.72952E+20,5.61933E+21,8.61679E+15,5.07252E+16
31568,6.17061E+18,6,6,32,14,2017,6,22,6,2,8,1,0,0,0,0,1,2,1,5.42623E+20,5.63895E+21,9.60613E+15,5.09006E+16
31569,6.17053E+18,6,4,35,21,2017,5,5,1,2,8,1,0,1,0,0,0,0,0,4.95599E+20,5.5654E+21,8.93828E+15,5.02407E+16
31570,6.17061E+18,6,6,31,9,2017,6,8,4,2,8,1,0,1,0,0,0,0,0,5.49992E+20,5.60328E+21,9.70608E+15,5.05793E+16
31571,6.17061E+18,6,4,33,2,2017,6,12,7,3,5,2,0,1,0,0,0,0,0,4.54259E+20,5.53685E+21,8.36199E+15,4.99822E+16
31572,6.17053E+18,6,6,32,19,2017,5,14,1,3,8,7,0,0,0,1,0,0,0,5.54114E+20,5.6322E+21,9.76854E+15,5.0839E+16
31573,6.17053E+18,6,5,33,9,2017,5,14,1,3,3,2,1,1,0,0,0,0,0,4.33844E+20,5.5804E+21,8.06969E+15,5.0372E+16
31574,6.17061E+18,6,6,31,9,2017,6,15,4,2,6,4,0,1,1,0,0,0,0,5.48242E+20,5.59876E+21,9.68079E+15,5.05388E+16
31575,6.17061E+18,6,5,33,17,2017,6,23,7,3,8,1,0,1,0,0,0,2,0,4.50356E+20,5.59229E+21,8.30029E+15,5.04805E+16
31576,6.17053E+18,6,5,33,9,2017,5,16,1,3,5,3,0,1,0,0,0,0,0,4.37502E+20,5.5805E+21,8.1211E+15,5.03733E+16
31577,6.17053E+18,6,4,12,0,2017,5,16,1,3,2,6,0,1,0,0,0,0,0,4.80413E+20,5.55235E+21,8.726E+15,5.01231E+16
31578,6.17061E+18,6,6,31,1,2017,6,11,4,3,2,6,0,1,0,0,1,0,0,5.36349E+20,5.60784E+21,9.51384E+15,5.06213E+16
31579,6.17061E+18,6,6,11,0,2017,6,4,7,3,8,1,0,1,0,0,0,2,0,5.36299E+20,5.68491E+21,9.52083E+15,5.13143E+16
31580,6.17053E+18,6,4,11,0,2017,5,9,1,3,5,3,0,1,0,0,0,0,0,4.76242E+20,5.52878E+21,8.6691E+15,4.99109E+16
31581,6.17061E+18,6,6,31,9,2017,6,9,4,3,2,6,0,1,0,0,0,0,0,5.46157E+20,5.60107E+21,9.65165E+15,5.05598E+16
31582,6.17053E+18,6,4,11,0,2017,5,22,1,3,3,6,1,1,0,0,1,2,1,4.74549E+20,5.52373E+21,8.64586E+15,4.98654E+16
31583,6.17053E+18,6,6,35,2,2017,5,16,1,3,1,5,0,1,0,0,0,0,0,5.01875E+20,5.69193E+21,9.02694E+15,5.13786E+16
31584,6.17061E+18,6,5,32,23,2017,6,9,4,3,3,6,0,1,0,1,0,0,0,4.65106E+20,5.60002E+21,8.50745E+15,5.05511E+16
31585,6.17061E+18,6,4,35,14,2017,6,14,4,3,5,3,0,1,0,1,0,0,0,4.94515E+20,5.54978E+21,8.9233E+15,5.01002E+16
31586,6.17061E+18,6,4,35,25,2017,6,18,4,3,3,6,0,1,0,0,0,0,0,5.356E+20,5.57748E+21,9.50036E+15,5.03483E+16
31587,6.17053E+18,6,6,34,3,2017,5,14,1,1,8,1,0,0,0,1,0,0,0,5.26785E+20,5.66729E+21,9.383E+15,5.11564E+16
31588,6.17061E+18,6,4,38,11,2017,6,10,4,3,1,7,0,1,0,0,1,0,0,4.92476E+20,5.5407E+21,8.89498E+15,5.00185E+16
31589,6.17053E+18,6,4,38,2,2017,5,11,1,3,8,7,1,0,0,0,0,0,0,4.80614E+20,5.54068E+21,8.7294E+15,5.00181E+16
31590,6.17061E+18,6,4,12,0,2017,6,16,4,3,2,6,0,1,0,0,1,0,0,4.79915E+20,5.54584E+21,8.71937E+15,5.00645E+16
31591,6.17061E+18,6,4,39,11,2017,6,19,4,2,3,6,0,1,0,0,1,0,0,4.48423E+20,5.55843E+21,8.27768E+15,5.01759E+16
31592,6.17053E+18,6,4,34,12,2017,5,10,1,2,8,1,0,0,0,1,0,0,0,4.71483E+20,5.57643E+21,8.59927E+15,5.03393E+16
31593,6.17061E+18,6,5,33,6,2017,6,18,4,3,2,6,0,1,0,0,1,0,0,4.27117E+20,5.58497E+21,7.97422E+15,5.04123E+16
31594,6.17061E+18,6,4,33,12,2017,6,13,4,3,2,6,0,1,0,0,0,0,1,4.6172E+20,5.53765E+21,8.46598E+15,4.999E+16
31595,6.17061E+18,6,5,33,14,2017,6,7,7,3,5,3,0,1,0,0,0,0,0,4.45417E+20,5.57621E+21,8.23303E+15,5.03355E+16
31596,6.17053E+18,6,4,36,6,2017,5,13,1,2,5,2,0,1,0,1,0,0,0,4.55479E+20,5.54431E+21,8.37814E+15,5.00494E+16
31597,6.17053E+18,6,4,35,29,2017,5,14,1,3,0,3,1,1,0,0,0,0,0,5.21515E+20,5.56679E+21,9.3018E+15,5.02529E+16
31598,6.17061E+18,6,4,35,6,2017,6,9,3,3,5,3,1,1,0,0,0,0,0,4.96863E+20,5.5585E+21,8.95606E+15,5.01787E+16
31599,6.17053E+18,6,4,40,16,2017,5,7,1,3,4,1,0,1,0,0,0,0,0,5.00235E+20,5.58543E+21,9.00331E+15,5.04209E+16
31600,6.17053E+18,6,4,40,1,2017,5,14,1,3,8,7,0,0,0,1,0,0,0,4.95205E+20,5.57008E+21,8.9327E+15,5.02829E+16
31601,6.17061E+18,6,4,35,21,2017,6,13,3,3,8,1,0,1,0,0,0,0,0,4.94182E+20,5.56851E+21,8.91836E+15,5.02687E+16
31602,6.17053E+18,6,5,35,1,2017,5,17,1,2,4,6,0,1,0,1,0,0,0,5.26179E+20,5.62612E+21,9.37138E+15,5.07862E+16
31603,6.17061E+18,6,5,31,5,2017,6,15,3,3,5,3,1,1,0,0,0,0,0,4.76001E+20,5.60483E+21,8.66093E+15,5.05948E+16
31604,6.17053E+18,6,5,35,3,2017,5,13,1,3,2,6,0,1,0,1,0,0,0,5.09503E+20,5.61095E+21,9.13442E+15,5.06503E+16
31605,6.17053E+18,6,5,35,1,2017,5,12,1,3,8,1,1,0,0,0,0,0,0,5.24032E+20,5.62203E+21,9.34065E+15,5.07495E+16
31606,6.17053E+18,6,4,33,11,2017,5,13,1,3,5,2,0,1,0,1,0,0,0,4.58764E+20,5.52364E+21,8.42624E+15,4.98638E+16
31607,6.17053E+18,6,5,34,17,2017,5,22,1,3,9,1,0,1,0,0,0,2,0,4.95789E+20,5.63628E+21,8.94014E+15,5.08782E+16
31608,6.1706E+18,6,5,32,23,2017,6,18,5,3,2,6,1,1,0,0,0,0,0,4.64752E+20,5.6E+21,8.50246E+15,5.05509E+16
31609,6.1706E+18,6,5,32,21,2017,6,17,5,3,3,6,0,1,0,1,0,0,0,4.56228E+20,5.59889E+21,8.38228E+15,5.05403E+16
31610,6.1706E+18,6,5,31,10,2017,6,1,5,2,9,7,1,0,0,0,0,2,0,4.99512E+20,5.59888E+21,8.99311E+15,5.05419E+16
31611,6.1706E+18,6,4,38,11,2017,6,19,5,2,2,6,0,1,0,0,0,0,0,4.91797E+20,5.53806E+21,8.88555E+15,4.99948E+16
31612,6.17053E+18,6,5,31,12,2017,5,16,1,3,5,3,0,1,0,1,0,0,0,4.76003E+20,5.5972E+21,8.66145E+15,5.05262E+16
31613,6.17061E+18,6,5,31,13,2017,6,3,3,2,2,6,0,1,0,0,0,2,0,4.76231E+20,5.61514E+21,8.66352E+15,5.06876E+16
31614,6.1706E+18,6,4,38,10,2017,6,19,5,3,2,6,0,1,0,0,0,0,0,4.87952E+20,5.546E+21,8.83166E+15,5.00661E+16
31615,6.1706E+18,6,6,33,17,2017,6,16,5,3,2,6,0,1,0,0,0,0,0,5.36866E+20,5.6806E+21,9.52853E+15,5.12755E+16
31616,6.17053E+18,6,4,14,0,2017,5,15,1,3,2,6,0,1,0,0,0,0,0,4.53888E+20,5.54899E+21,8.35535E+15,5.00914E+16
31617,6.17061E+18,6,6,36,1,2017,6,10,3,3,2,6,0,1,0,0,1,0,0,5.68482E+20,5.67933E+21,9.98148E+15,5.12612E+16
31618,6.17061E+18,6,6,32,4,2017,6,15,3,2,7,7,0,1,0,0,0,0,1,5.34845E+20,5.62639E+21,9.49434E+15,5.07883E+16
31619,6.17053E+18,6,4,14,0,2017,5,17,1,3,4,7,0,1,0,0,0,0,0,4.43571E+20,5.5449E+21,8.21175E+15,5.00537E+16
31620,6.17061E+18,6,6,11,0,2017,6,12,3,3,2,6,0,1,0,0,1,0,1,5.3802E+20,5.68281E+21,9.5453E+15,5.12953E+16
31621,6.17061E+18,6,4,14,0,2017,6,7,3,3,2,6,0,1,0,1,0,0,0,4.45073E+20,5.54464E+21,8.23275E+15,5.00515E+16
31622,6.17053E+18,6,4,31,20,2017,5,22,1,3,2,6,0,1,0,0,0,2,1,4.68141E+20,5.49105E+21,8.55936E+15,4.95712E+16
31623,6.17061E+18,6,4,14,0,2017,6,17,3,3,2,6,0,1,0,0,0,0,0,4.47906E+20,5.54743E+21,8.27194E+15,5.00768E+16
31624,6.17061E+18,6,4,13,0,2017,6,11,3,3,2,6,0,1,0,0,0,0,1,4.81008E+20,5.55055E+21,8.73441E+15,5.01069E+16
31625,6.17061E+18,6,4,34,10,2017,6,6,6,3,5,3,0,1,0,0,0,0,0,4.69591E+20,5.55747E+21,8.57419E+15,5.01686E+16
31626,6.17053E+18,6,6,36,7,2017,5,23,7,2,5,3,0,1,0,0,0,2,0,5.73999E+20,5.67241E+21,1.00591E+16,5.11983E+16
31627,6.17061E+18,6,4,12,0,2017,6,18,3,2,0,7,1,0,0,0,0,0,1,4.79254E+20,5.55222E+21,8.7098E+15,5.01218E+16
31628,6.17061E+18,6,4,12,0,2017,6,6,3,3,3,2,1,1,0,0,0,0,0,4.78864E+20,5.55105E+21,8.70439E+15,5.01113E+16
31629,6.17061E+18,6,4,14,0,2017,6,18,6,3,2,6,0,1,0,0,0,0,1,4.46125E+20,5.54842E+21,8.24692E+15,5.00856E+16
31630,6.17053E+18,6,6,35,18,2017,5,10,7,3,4,1,0,1,0,1,0,0,0,5.03104E+20,5.6824E+21,9.04451E+15,5.12929E+16
31631,6.17053E+18,6,6,32,2,2017,5,15,7,3,2,6,0,1,0,0,0,0,0,5.49601E+20,5.63568E+21,9.70492E+15,5.08706E+16
31632,6.17061E+18,6,6,33,20,2017,6,14,7,3,2,6,0,1,0,0,0,0,0,5.39116E+20,5.68379E+21,9.56112E+15,5.1304E+16
31633,6.17053E+18,6,6,32,11,2017,5,18,7,3,4,7,0,1,0,0,0,0,0,5.3806E+20,5.63027E+21,9.54035E+15,5.08229E+16
31634,6.17053E+18,6,5,35,4,2017,5,17,7,2,2,2,0,1,0,1,0,0,0,5.31902E+20,5.58944E+21,9.44941E+15,5.04561E+16
31635,6.17061E+18,6,4,12,0,2017,6,10,3,3,5,3,1,1,0,0,0,0,1,4.77112E+20,5.55106E+21,8.6799E+15,5.01113E+16
31636,6.17061E+18,6,4,35,10,2017,6,11,7,3,5,3,0,1,0,0,0,0,0,5.12811E+20,5.56143E+21,9.17952E+15,5.02049E+16
31637,6.17053E+18,6,6,33,15,2017,5,18,7,3,2,2,0,1,0,0,0,0,0,5.41781E+20,5.68165E+21,9.59911E+15,5.12846E+16
31638,6.17061E+18,6,4,11,0,2017,6,12,3,3,2,6,0,1,0,0,0,0,0,4.73335E+20,5.52653E+21,8.62878E+15,4.98906E+16
31639,6.17061E+18,6,4,11,0,2017,6,18,3,3,2,6,0,1,0,0,0,0,0,4.73006E+20,5.52697E+21,8.62417E+15,4.98945E+16
31640,6.17053E+18,6,4,14,0,2017,5,20,7,2,5,3,0,1,0,1,0,0,0,4.45318E+20,5.54817E+21,8.23568E+15,5.00833E+16
31641,6.17061E+18,6,4,37,6,2017,6,20,3,2,9,1,0,0,0,1,0,0,1,4.998E+20,5.49836E+21,8.99723E+15,4.96378E+16
31642,6.17061E+18,6,4,11,0,2017,6,17,3,3,2,6,0,1,0,0,0,0,0,4.74269E+20,5.52442E+21,8.64191E+15,4.98716E+16
31643,6.17053E+18,6,4,13,0,2017,5,23,7,3,2,6,0,1,0,0,0,2,0,4.84537E+20,5.55028E+21,8.78377E+15,5.01046E+16
31644,6.17061E+18,6,4,11,0,2017,6,9,3,3,5,2,1,1,0,0,0,0,0,4.74512E+20,5.52371E+21,8.64534E+15,4.98653E+16
31645,6.1706E+18,6,6,33,3,2017,6,12,5,3,2,6,0,0,0,0,1,0,0,5.32925E+20,5.67899E+21,9.47188E+15,5.12613E+16