OBJECTID,UIDENTSTLA,ULAND,UREGBEZ,UKREIS,UGEMEINDE,UJAHR,UMONAT,USTUNDE,UWOCHENTAG,UKATEGORIE,UART,UTYP1,IstRad,IstPKW,IstFuss,IstKrad,IstSonstig,LICHT,STRZUSTAND,LINREFX,LINREFY,XGCSWGS84,YGCSWGS84
31996,6.1706E+18,6,4,37,1,2017,6,17,6,3,0,6,0,0,0,1,0,0,0,4.98645E+20,5.51134E+21,8.98119E+15,4.97546E+16
31997,6.1706E+18,6,4,37,13,2017,6,5,6,2,3,6,0,1,0,1,0,0,0,4.90137E+20,5.50627E+21,8.86321E+15,4.97089E+16
31998,6.17052E+18,6,5,35,13,2017,5,22,4,3,2,6,0,1,0,0,0,2,0,5.01426E+20,5.6124E+21,9.02018E+15,5.06635E+16
31999,6.1706E+18,6,4,37,6,2017,6,4,6,3,7,7,0,0,0,1,0,1,0,4.97708E+20,5.50061E+21,8.96825E+15,4.96581E+16
32000,6.1706E+18,6,4,11,0,2017,6,12,6,3,2,6,1,1,0,0,0,0,0,4.75338E+20,5.52434E+21,8.65679E+15,4.9871E+16
32001,6.17061E+18,6,4,40,3,2017,6,15,6,3,2,6,0,1,0,0,0,0,0,4.80662E+20,5.5568E+21,8.72925E+15,5.01631E+16
32002,6.17052E+18,6,4,12,0,2017,5,16,4,3,5,3,0,1,0,0,1,0,0,4.71268E+20,5.54459E+21,8.59865E+15,5.00529E+16
32003,6.17052E+18,6,4,12,0,2017,5,7,4,3,2,6,0,1,0,0,0,0,0,4.75204E+20,5.5577E+21,8.65278E+15,5.0171E+16
32004,6.1706E+18,6,4,35,27,2017,6,10,6,3,5,3,0,1,0,0,0,0,0,5.42096E+20,5.57502E+21,9.59139E+15,5.03258E+16
32005,6.17061E+18,6,4,11,0,2017,6,21,6,3,2,6,0,1,0,0,0,1,1,4.75115E+20,5.52473E+21,8.65368E+15,4.98744E+16
32006,6.17052E+18,6,5,33,6,2017,5,14,4,3,2,6,0,1,0,0,0,0,0,4.294E+20,5.58422E+21,8.00649E+15,5.04058E+16
32007,6.17052E+18,6,4,14,0,2017,5,19,4,3,2,1,0,1,0,0,0,0,0,4.52221E+20,5.54506E+21,8.33254E+15,5.00559E+16
32008,6.1706E+18,6,4,39,12,2017,6,17,6,3,5,3,0,1,0,0,0,0,0,4.31725E+20,5.541E+21,8.04698E+15,5.00174E+16
32009,6.17061E+18,6,6,34,16,2017,6,6,6,3,5,3,0,1,0,0,0,0,0,5.14611E+20,5.65101E+21,9.20827E+15,5.10104E+16
32010,6.17052E+18,6,4,40,8,2017,5,13,4,3,2,6,0,1,0,1,0,0,0,4.78213E+20,5.57488E+21,8.69392E+15,5.03256E+16
32011,6.1706E+18,6,4,39,12,2017,6,20,6,3,5,6,0,1,0,0,0,0,1,4.31631E+20,5.54039E+21,8.04578E+15,5.00119E+16
32012,6.17061E+18,6,5,35,13,2017,6,6,7,1,8,1,0,1,0,0,0,2,0,4.99399E+20,5.61013E+21,8.9915E+15,5.06431E+16
32013,6.17052E+18,6,6,32,16,2017,5,17,3,3,4,6,0,1,0,1,0,0,0,5.65669E+20,5.635E+21,9.93313E+15,5.0863E+16
32014,6.17061E+18,6,4,34,4,2017,6,17,7,3,5,2,0,1,0,1,0,0,0,4.6362E+20,5.57986E+21,8.48844E+15,5.03697E+16
32015,6.17052E+18,6,5,33,2,2017,5,20,3,3,3,6,0,1,0,1,0,0,0,4.40047E+20,5.57905E+21,8.15712E+15,5.03604E+16
32016,6.1706E+18,6,4,38,11,2017,6,12,6,3,2,6,0,1,0,0,0,0,0,4.92061E+20,5.54041E+21,8.88919E+15,5.0016E+16
32017,6.1706E+18,6,4,34,12,2017,6,10,6,3,0,2,0,1,0,1,0,0,0,4.68223E+20,5.57394E+21,8.55366E+15,5.03167E+16
32018,6.1706E+18,6,4,34,5,2017,6,9,6,3,5,2,0,0,0,1,1,0,0,4.63057E+20,5.55913E+21,8.48255E+15,5.01832E+16
32019,6.1706E+18,6,4,35,18,2017,6,11,6,2,5,3,1,1,0,0,0,0,0,5.13732E+20,5.56011E+21,9.19238E+15,5.0193E+16
32020,6.1706E+18,6,4,35,15,2017,6,14,6,3,9,6,0,1,0,0,1,0,0,5.08695E+20,5.55771E+21,9.12176E+15,5.01715E+16
32021,6.1706E+18,6,4,40,3,2017,6,17,6,3,0,1,0,0,0,1,0,0,0,4.7963E+20,5.55875E+21,8.7147E+15,5.01806E+16
32022,6.17052E+18,6,5,33,9,2017,5,16,3,3,2,6,0,1,0,1,0,0,0,4.36625E+20,5.58246E+21,8.10845E+15,5.03907E+16
32023,6.1706E+18,6,5,32,17,2017,6,12,6,3,2,2,0,1,0,0,0,0,0,4.59066E+20,5.61634E+21,8.4204E+15,5.06975E+16
32024,6.17052E+18,6,5,33,9,2017,5,12,3,3,2,6,0,1,0,0,0,0,0,4.34942E+20,5.58027E+21,8.08515E+15,5.03709E+16
32025,6.17052E+18,6,6,33,7,2017,5,17,3,3,4,7,0,1,0,0,1,0,0,5.33326E+20,5.69433E+21,9.47906E+15,5.13993E+16
32026,6.17052E+18,6,4,14,0,2017,5,17,3,3,5,3,1,1,0,0,0,0,0,4.44689E+20,5.5441E+21,8.22747E+15,5.00466E+16
32027,6.17052E+18,6,4,14,0,2017,5,14,3,3,5,2,0,0,0,1,1,0,0,4.46536E+20,5.54226E+21,8.25352E+15,5.00302E+16
32028,6.17053E+18,6,4,36,7,2017,5,16,4,2,5,2,0,0,0,1,1,0,0,4.57981E+20,5.55302E+21,8.41213E+15,5.01279E+16
32029,6.1706E+18,6,5,32,7,2017,6,9,6,3,4,7,0,1,0,0,0,0,0,4.44933E+20,5.61146E+21,8.22103E+15,5.06524E+16
32030,6.1706E+18,6,5,32,6,2017,6,18,6,3,1,7,0,1,0,0,1,0,0,4.48943E+20,5.62196E+21,8.27629E+15,5.07472E+16
32031,6.1706E+18,6,5,32,6,2017,6,18,6,2,2,6,0,1,0,0,0,0,0,4.48952E+20,5.62195E+21,8.27642E+15,5.07471E+16
32032,6.17052E+18,6,4,14,0,2017,5,10,3,3,5,3,0,1,0,0,0,0,0,4.44194E+20,5.54564E+21,8.22033E+15,5.00604E+16
32033,6.1706E+18,6,5,32,11,2017,6,15,6,3,5,3,0,1,0,0,0,0,0,4.42305E+20,5.61851E+21,8.18276E+15,5.07156E+16
32034,6.17052E+18,6,4,14,0,2017,5,16,3,2,6,4,0,1,1,0,0,0,0,4.43788E+20,5.54747E+21,8.2144E+15,5.00768E+16
32035,6.1706E+18,6,4,38,12,2017,6,6,6,2,5,3,1,1,0,0,0,0,0,4.87739E+20,5.53703E+21,8.82898E+15,4.99855E+16
32036,6.1706E+18,6,4,32,16,2017,6,21,6,3,7,7,0,0,0,1,0,1,0,4.805E+20,5.51508E+21,8.7291E+15,4.97879E+16
32037,6.17052E+18,6,4,14,0,2017,5,11,3,3,2,6,0,1,0,0,0,0,0,4.44638E+20,5.5476E+21,8.22625E+15,5.0078E+16
32038,6.17052E+18,6,4,12,0,2017,5,15,3,3,0,3,0,1,0,1,0,0,0,4.72929E+20,5.55553E+21,8.62107E+15,5.01513E+16
32039,6.1706E+18,6,4,40,2,2017,6,14,6,3,8,1,0,1,0,0,0,0,0,4.80203E+20,5.58206E+21,8.7215E+15,5.03902E+16
32040,6.1706E+18,6,4,31,21,2017,6,12,6,3,4,6,0,1,0,0,0,0,0,4.88533E+20,5.49104E+21,8.8414E+15,4.95718E+16
32041,6.17053E+18,6,4,40,4,2017,5,16,4,2,5,3,1,1,0,0,0,0,0,5.05195E+20,5.57145E+21,9.07293E+15,5.02952E+16
32042,6.17052E+18,6,4,12,0,2017,5,12,3,3,5,3,0,1,0,0,0,0,0,4.72952E+20,5.55708E+21,8.62129E+15,5.01653E+16
32043,6.17052E+18,6,4,12,0,2017,5,17,3,3,5,3,1,1,0,0,0,0,0,4.73584E+20,5.55157E+21,8.63051E+15,5.01158E+16
32044,6.1706E+18,6,4,31,15,2017,6,16,6,2,8,1,0,0,0,1,0,0,0,4.85202E+20,5.50391E+21,8.79485E+15,4.96876E+16
32045,6.17053E+18,6,5,32,10,2017,5,18,4,3,8,7,0,1,0,0,0,0,0,4.48718E+20,5.60523E+21,8.27542E+15,5.05967E+16
32046,6.17052E+18,6,4,12,0,2017,5,7,3,3,3,6,1,0,0,0,0,0,0,4.76556E+20,5.54967E+21,8.67221E+15,5.00988E+16
32047,6.17052E+18,6,4,12,0,2017,5,11,3,3,5,2,1,1,0,0,0,0,0,4.80588E+20,5.55222E+21,8.72845E+15,5.01219E+16
32048,6.1706E+18,6,4,31,14,2017,6,17,6,3,8,1,0,0,0,1,0,0,0,4.78278E+20,5.5079E+21,8.69863E+15,4.97232E+16
32049,6.17052E+18,6,4,11,0,2017,5,13,3,3,2,6,0,1,0,1,0,0,0,4.75674E+20,5.53147E+21,8.66102E+15,4.99351E+16
32050,6.17052E+18,6,6,34,10,2017,5,17,3,2,4,1,0,1,0,0,1,0,0,5.11506E+20,5.65156E+21,9.16403E+15,5.10155E+16
32051,6.17052E+18,6,6,35,3,2017,5,17,3,2,5,3,0,1,0,1,0,0,0,5.09384E+20,5.6633E+21,9.13408E+15,5.11211E+16
32052,6.1706E+18,6,4,33,5,2017,6,11,6,3,5,3,0,1,0,0,0,0,0,4.52471E+20,5.5365E+21,8.33709E+15,4.99789E+16
32053,6.1706E+18,6,4,33,3,2017,6,23,6,2,0,1,1,0,0,0,0,2,0,4.6813E+20,5.5308E+21,8.55596E+15,4.99287E+16
32054,6.17052E+18,6,6,32,18,2017,5,15,3,3,2,6,0,1,0,0,0,0,0,5.50504E+20,5.65008E+21,9.71975E+15,5.10001E+16
32055,6.1706E+18,6,5,34,18,2017,6,17,6,2,9,7,0,1,0,0,0,0,0,5.00634E+20,5.6266E+21,9.00899E+15,5.07912E+16
32056,6.1706E+18,6,5,34,9,2017,6,7,6,3,2,6,0,1,0,0,0,0,0,4.80837E+20,5.61697E+21,8.72862E+15,5.07042E+16
32057,6.17052E+18,6,6,32,3,2017,5,13,3,3,0,7,0,1,0,0,0,0,0,5.57298E+20,5.64496E+21,9.81576E+15,5.09534E+16
32058,6.1706E+18,6,6,31,15,2017,6,16,6,2,8,1,0,1,0,0,0,0,0,5.55815E+20,5.62101E+21,9.79099E+15,5.07382E+16
32059,6.1706E+18,6,6,31,11,2017,6,15,6,2,4,1,0,1,0,0,0,0,0,5.37162E+20,5.59899E+21,9.52445E+15,5.05417E+16
32060,6.17052E+18,6,6,35,11,2017,5,13,3,2,2,6,0,1,0,0,0,0,0,4.86467E+20,5.65856E+21,8.80682E+15,5.10784E+16
32061,6.1706E+18,6,6,31,9,2017,6,13,6,2,1,5,0,0,0,1,1,0,0,5.48341E+20,5.59674E+21,9.68192E+15,5.05207E+16
32062,6.1706E+18,6,6,31,9,2017,6,7,6,2,5,2,1,1,0,0,0,0,0,5.49203E+20,5.60027E+21,9.69454E+15,5.05523E+16
32063,6.17052E+18,6,4,39,7,2017,5,12,3,3,5,2,0,1,0,0,0,0,0,4.46453E+20,5.56257E+21,8.24952E+15,5.02129E+16
32064,6.17052E+18,6,4,39,7,2017,5,12,3,3,5,3,0,1,0,0,0,0,0,4.46437E+20,5.56257E+21,8.24928E+15,5.02129E+16
32065,6.1706E+18,6,6,31,9,2017,6,5,6,3,5,3,1,1,0,0,0,0,0,5.45961E+20,5.60206E+21,9.649E+15,5.05686E+16
32066,6.17061E+18,6,4,32,4,2017,6,6,6,3,2,6,0,1,0,0,0,0,0,4.90766E+20,5.52851E+21,8.8714E+15,4.99089E+16
32067,6.17052E+18,6,4,34,8,2017,5,9,3,3,2,6,0,1,0,0,0,0,0,4.70469E+20,5.56747E+21,8.58572E+15,5.02587E+16
32068,6.17052E+18,6,4,31,7,2017,5,7,3,3,5,3,1,1,0,0,0,0,0,4.84263E+20,5.4998E+21,8.782E+15,4.96505E+16
32069,6.1706E+18,6,5,32,21,2017,6,10,6,2,1,5,0,1,0,1,0,0,0,4.57815E+20,5.5988E+21,8.40468E+15,5.05397E+16
32070,6.17061E+18,6,4,38,5,2017,6,17,6,2,5,2,0,1,0,0,0,0,0,4.8462E+20,5.5439E+21,8.78518E+15,5.00472E+16
32071,6.17052E+18,6,4,40,4,2017,5,18,3,2,2,6,0,1,0,1,0,0,0,5.05947E+20,5.57118E+21,9.08349E+15,5.02927E+16
32072,6.1706E+18,6,5,31,5,2017,6,14,6,3,3,7,0,1,0,1,0,0,0,4.76093E+20,5.6027E+21,8.66237E+15,5.05757E+16
32073,6.17061E+18,6,4,14,0,2017,6,17,6,3,5,3,0,1,0,0,0,0,0,4.42682E+20,5.546E+21,8.19916E+15,5.00635E+16
32074,6.17052E+18,6,4,32,21,2017,5,12,3,3,2,6,0,1,0,0,0,0,0,5.00107E+20,5.53061E+21,9.0015E+15,4.99279E+16
32075,6.17061E+18,6,6,31,9,2017,6,18,7,3,5,2,1,1,0,0,0,0,0,5.47929E+20,5.59968E+21,9.67648E+15,5.0547E+16
32076,6.17052E+18,6,4,32,17,2017,5,8,3,3,4,6,0,1,0,0,0,0,0,4.91574E+20,5.52361E+21,8.88276E+15,4.98648E+16
32077,6.1706E+18,6,5,31,5,2017,6,10,6,2,5,2,0,1,0,1,0,0,0,4.7488E+20,5.60393E+21,8.64516E+15,5.05867E+16
32078,6.1706E+18,6,5,31,12,2017,6,13,6,3,2,6,0,1,0,0,0,0,0,4.75176E+20,5.59858E+21,8.6497E+15,5.05387E+16
32079,6.1706E+18,6,4,35,14,2017,6,16,6,3,3,6,0,0,0,1,1,0,0,4.92682E+20,5.55121E+21,8.89765E+15,5.01131E+16
32080,6.17052E+18,6,4,32,4,2017,5,13,3,3,0,5,1,0,0,0,1,0,0,4.8824E+20,5.52779E+21,8.83624E+15,4.99024E+16
32081,6.1706E+18,6,4,38,11,2017,6,14,6,3,4,6,0,1,0,0,1,0,0,4.92228E+20,5.54553E+21,8.89142E+15,5.0062E+16
32082,6.1706E+18,6,4,38,11,2017,6,13,6,3,2,6,0,1,0,0,1,0,0,4.91719E+20,5.5452E+21,8.88431E+15,5.0059E+16
32083,6.17052E+18,6,4,32,8,2017,5,6,3,3,3,6,1,1,0,0,0,0,0,4.682E+20,5.52315E+21,8.55757E+15,4.98599E+16
32084,6.1706E+18,6,6,31,9,2017,6,17,6,3,2,6,0,1,0,0,0,0,0,5.49463E+20,5.60416E+21,9.69873E+15,5.05872E+16
32085,6.1706E+18,6,6,31,2,2017,6,20,6,3,9,1,0,1,0,0,0,0,1,5.45523E+20,5.62029E+21,9.64506E+15,5.07326E+16
32086,6.17052E+18,6,4,31,2,2017,5,16,3,3,2,5,0,1,0,0,0,0,0,4.72749E+20,5.50484E+21,8.62214E+15,4.96955E+16
32087,6.1706E+18,6,6,32,15,2017,6,16,6,2,3,6,0,1,0,0,1,0,0,5.38722E+20,5.62964E+21,9.54967E+15,5.08172E+16
32088,6.1706E+18,6,4,36,4,2017,6,0,6,3,8,1,0,1,0,0,1,2,0,4.60478E+20,5.54245E+21,8.44815E+15,5.00331E+16
32089,6.17052E+18,6,4,33,3,2017,5,14,3,1,5,3,0,1,0,1,0,0,0,4.67042E+20,5.52812E+21,8.54103E+15,4.99046E+16
32090,6.1706E+18,6,4,32,18,2017,6,14,6,3,2,6,0,1,0,0,0,0,0,4.70278E+20,5.51929E+21,8.58677E+15,4.98253E+16
32091,6.17052E+18,6,5,34,16,2017,5,15,3,3,9,6,0,1,0,1,0,0,0,5.03756E+20,5.63521E+21,9.05338E+15,5.08686E+16
32092,6.1706E+18,6,4,33,10,2017,6,14,6,3,2,6,0,1,0,1,0,0,0,4.63959E+20,5.54194E+21,8.4968E+15,5.00286E+16
32093,6.17052E+18,6,5,34,9,2017,5,7,3,3,2,2,0,1,0,0,0,0,0,4.80847E+20,5.6168E+21,8.72877E+15,5.07027E+16
32094,6.17052E+18,6,5,34,14,2017,5,23,3,3,5,3,0,1,0,0,0,2,0,4.84046E+20,5.63193E+21,8.77342E+15,5.08389E+16
32095,6.17052E+18,6,6,31,15,2017,5,17,3,3,5,3,0,1,0,1,0,0,0,5.54316E+20,5.61373E+21,9.76868E+15,5.06729E+16
32096,6.17052E+18,6,5,31,5,2017,5,17,3,3,5,3,1,0,0,0,1,0,0,4.76972E+20,5.60217E+21,8.67482E+15,5.05709E+16
32097,6.17052E+18,6,4,12,0,2017,5,8,3,3,2,6,0,1,0,0,0,0,0,4.79825E+20,5.54582E+21,8.71811E+15,5.00644E+16
32098,6.1706E+18,6,4,32,8,2017,6,17,6,3,2,6,0,1,0,0,0,0,0,4.69438E+20,5.52481E+21,8.57466E+15,4.98749E+16
32099,6.1706E+18,6,4,32,23,2017,6,16,6,3,2,6,0,1,0,0,0,0,0,4.71626E+20,5.52693E+21,8.60495E+15,4.98941E+16
32100,6.1706E+18,6,4,35,21,2017,6,18,5,3,5,3,0,1,0,0,0,0,0,4.90125E+20,5.56361E+21,8.86156E+15,5.02246E+16
32101,6.1706E+18,6,5,31,17,2017,6,17,5,2,5,3,0,1,0,1,0,0,0,4.81309E+20,5.61163E+21,8.73557E+15,5.06562E+16
32102,6.1706E+18,6,5,31,5,2017,6,13,5,3,0,7,0,1,1,0,0,0,0,4.77547E+20,5.60494E+21,8.68276E+15,5.05959E+16
32103,6.1706E+18,6,5,31,5,2017,6,0,5,3,0,1,0,1,0,0,0,2,0,4.83009E+20,5.60571E+21,8.75991E+15,5.06031E+16
32104,6.17052E+18,6,4,12,0,2017,5,17,3,3,2,6,0,1,0,0,0,0,0,4.7998E+20,5.54584E+21,8.72028E+15,5.00645E+16
32105,6.1706E+18,6,6,35,18,2017,6,16,5,2,9,1,0,0,0,1,0,0,0,5.02952E+20,5.6826E+21,9.04233E+15,5.12947E+16
32106,6.1706E+18,6,6,32,2,2017,6,16,5,3,2,6,0,1,0,1,0,0,0,5.4981E+20,5.63567E+21,9.70789E+15,5.08705E+16
32107,6.17052E+18,6,4,14,0,2017,5,5,3,3,8,6,0,1,0,0,1,0,0,4.47206E+20,5.54296E+21,8.26278E+15,5.00366E+16
32108,6.1706E+18,6,6,32,2,2017,6,16,5,3,2,6,0,1,0,0,0,0,0,5.51037E+20,5.63731E+21,9.72555E+15,5.08852E+16
32109,6.1706E+18,6,5,33,4,2017,6,18,5,2,0,6,0,1,0,1,0,0,0,4.33201E+20,5.5999E+21,8.05717E+15,5.05473E+16
32110,6.17052E+18,6,4,36,6,2017,5,20,3,3,8,1,0,0,0,1,0,0,0,4.57259E+20,5.54487E+21,8.40294E+15,5.00545E+16
32111,6.1706E+18,6,5,33,3,2017,6,8,5,3,5,3,0,1,0,0,0,0,0,4.48073E+20,5.57157E+21,8.27098E+15,5.02939E+16
32112,6.1706E+18,6,5,33,8,2017,6,16,5,2,5,3,0,1,0,1,0,0,0,4.39982E+20,5.57389E+21,8.15704E+15,5.03141E+16
32113,6.17052E+18,6,5,31,5,2017,5,7,3,3,2,6,0,1,0,0,0,0,0,4.7762E+20,5.60091E+21,8.68404E+15,5.05597E+16
32114,6.17052E+18,6,4,40,15,2017,5,1,3,3,9,1,0,1,0,0,0,2,0,4.80461E+20,5.59139E+21,8.72465E+15,5.04742E+16
32115,6.1706E+18,6,6,11,0,2017,6,16,5,3,6,7,0,1,1,0,0,0,0,5.36149E+20,5.6843E+21,9.51862E+15,5.13089E+16
32116,6.17052E+18,6,6,11,0,2017,5,9,2,3,5,2,0,1,0,0,0,0,0,5.36278E+20,5.68423E+21,9.52046E+15,5.13082E+16
32117,6.17052E+18,6,6,33,17,2017,5,6,2,3,5,3,0,1,0,0,0,0,0,5.39147E+20,5.67823E+21,9.56096E+15,5.12541E+16
32118,6.1706E+18,6,6,11,0,2017,6,16,5,3,2,6,0,1,0,0,0,0,0,5.36486E+20,5.6849E+21,9.52352E+15,5.13142E+16
32119,6.17052E+18,6,4,14,0,2017,5,18,2,1,3,6,0,1,0,1,0,0,0,4.55058E+20,5.54696E+21,8.37195E+15,5.00732E+16
32120,6.1706E+18,6,6,33,20,2017,6,16,5,3,5,3,0,1,0,0,0,0,0,5.40294E+20,5.68425E+21,9.57808E+15,5.13081E+16
32121,6.17061E+18,6,4,36,10,2017,6,17,6,3,2,6,0,1,0,0,0,0,1,4.62461E+20,5.55306E+21,8.4748E+15,5.01286E+16
32122,6.17052E+18,6,4,14,0,2017,5,0,2,3,2,6,0,1,0,0,0,2,0,4.4937E+20,5.54442E+21,8.29281E+15,5.00499E+16
32123,6.17061E+18,6,4,11,0,2017,6,12,6,3,2,6,0,1,0,0,0,0,0,4.72753E+20,5.52719E+21,8.62063E+15,4.98965E+16
32124,6.17052E+18,6,4,36,1,2017,5,8,2,3,2,6,0,1,0,0,1,0,0,4.65062E+20,5.55377E+21,8.51112E+15,5.01351E+16
32125,6.1706E+18,6,6,33,26,2017,6,16,5,3,2,2,0,1,0,1,1,0,0,5.33405E+20,5.69077E+21,9.47986E+15,5.13672E+16
32126,6.1706E+18,6,6,33,26,2017,6,13,5,3,2,5,0,1,0,1,0,0,0,5.33805E+20,5.68957E+21,9.48549E+15,5.13564E+16
32127,6.1706E+18,6,6,11,0,2017,6,8,5,3,5,3,1,1,0,0,0,0,0,5.34829E+20,5.68449E+21,9.4997E+15,5.13107E+16
32128,6.17052E+18,6,4,36,1,2017,5,9,2,3,2,6,0,1,0,0,0,0,0,4.63667E+20,5.55596E+21,8.49139E+15,5.01547E+16
32129,6.1706E+18,6,4,14,0,2017,6,16,5,3,2,6,0,1,0,0,0,0,0,4.49757E+20,5.5438E+21,8.2983E+15,5.00443E+16
32130,6.1706E+18,6,4,14,0,2017,6,13,5,3,5,3,0,1,0,0,0,0,0,4.47814E+20,5.54115E+21,8.27151E+15,5.00204E+16
32131,6.17052E+18,6,4,12,0,2017,5,7,2,2,5,3,0,1,0,1,0,0,0,4.76315E+20,5.55519E+21,8.66849E+15,5.01485E+16
32132,6.1706E+18,6,4,14,0,2017,6,18,5,3,2,6,0,1,0,0,0,0,0,4.4341E+20,5.54369E+21,8.20967E+15,5.00429E+16
32133,6.1706E+18,6,4,14,0,2017,6,7,5,3,2,6,0,1,0,0,0,0,0,4.4472E+20,5.54754E+21,8.22741E+15,5.00775E+16
32134,6.17052E+18,6,4,12,0,2017,5,12,2,3,5,3,0,1,0,0,1,0,0,4.71138E+20,5.55235E+21,8.59625E+15,5.01227E+16
32135,6.17052E+18,6,4,12,0,2017,5,8,2,3,2,6,0,1,0,0,0,0,0,4.7868E+20,5.5479E+21,8.70199E+15,5.0083E+16
32136,6.1706E+18,6,4,14,0,2017,6,20,5,3,5,3,1,1,0,0,0,0,0,4.46438E+20,5.54602E+21,8.25163E+15,5.0064E+16
32137,6.1706E+18,6,4,13,0,2017,6,17,5,3,2,6,0,1,0,0,0,0,0,4.80951E+20,5.54626E+21,8.73382E+15,5.00683E+16
32138,6.17052E+18,6,4,12,0,2017,5,6,2,3,5,2,0,1,0,1,0,0,1,4.82115E+20,5.55218E+21,8.74981E+15,5.01216E+16
32139,6.1706E+18,6,4,12,0,2017,6,9,5,2,5,3,0,1,0,0,0,0,0,4.65825E+20,5.55118E+21,8.52204E+15,5.01119E+16
32140,6.17052E+18,6,4,12,0,2017,5,11,2,2,1,6,0,0,0,1,1,0,0,4.80756E+20,5.5518E+21,8.73082E+15,5.01181E+16
32141,6.1706E+18,6,4,12,0,2017,6,10,5,2,3,6,0,1,0,0,1,0,0,4.80265E+20,5.55236E+21,8.72393E+15,5.01232E+16
32142,6.17052E+18,6,6,33,14,2017,5,18,2,3,2,6,0,1,0,0,0,0,0,5.32301E+20,5.6979E+21,9.46464E+15,5.14314E+16
32143,6.17052E+18,6,6,11,0,2017,5,12,2,3,2,2,0,1,0,0,0,0,0,5.31154E+20,5.68596E+21,9.44711E+15,5.13241E+16
32144,6.17052E+18,6,4,31,19,2017,5,15,2,3,5,3,0,1,0,1,0,0,0,4.81918E+20,5.49682E+21,8.74965E+15,4.96237E+16
32145,6.1707E+18,6,4,40,7,2017,7,19,7,3,8,7,0,1,0,0,0,0,1,4.93591E+20,5.5753E+21,8.90996E+15,5.03297E+16
32146,6.17062E+18,6,5,31,5,2017,6,10,3,3,2,6,0,1,0,0,1,0,0,4.74853E+20,5.60183E+21,8.64491E+15,5.05679E+16
32147,6.1707E+18,6,4,31,13,2017,7,12,7,3,5,2,1,1,0,0,0,0,1,4.61185E+20,5.49396E+21,8.46287E+15,4.9597E+16
32148,6.1707E+18,6,4,33,12,2017,7,17,7,3,2,6,0,1,0,0,1,0,1,4.59078E+20,5.5372E+21,8.42917E+15,4.99858E+16
32149,6.1707E+18,6,4,33,3,2017,7,12,7,3,4,1,0,1,0,0,0,0,0,4.66157E+20,5.52969E+21,8.52856E+15,4.99186E+16
32150,6.1707E+18,6,4,33,6,2017,7,4,7,3,8,6,0,1,0,0,1,2,0,4.61947E+20,5.53054E+21,8.46984E+15,4.9926E+16
32151,6.17062E+18,6,4,31,20,2017,6,7,5,3,8,1,0,1,0,0,0,0,0,4.65382E+20,5.48932E+21,8.52136E+15,4.95555E+16
32152,6.1707E+18,6,5,34,16,2017,7,15,7,3,2,6,0,1,0,0,0,0,1,5.08607E+20,5.63361E+21,9.12228E+15,5.08541E+16
32153,6.17062E+18,6,4,33,7,2017,6,20,5,2,2,6,0,1,0,0,0,0,0,4.67559E+20,5.54644E+21,8.54668E+15,5.00694E+16
32154,6.1707E+18,6,6,31,10,2017,7,8,7,3,2,6,0,1,0,0,1,0,1,5.63896E+20,5.58954E+21,9.90009E+15,5.04544E+16
32155,6.17062E+18,6,6,32,3,2017,6,23,5,3,8,1,0,1,0,0,0,2,1,5.57017E+20,5.65004E+21,9.81255E+15,5.09991E+16
32156,6.17062E+18,6,4,14,0,2017,6,16,5,3,6,6,0,0,1,0,1,0,0,4.44154E+20,5.54877E+21,8.21933E+15,5.00886E+16
32157,6.17062E+18,6,4,33,2,2017,6,15,6,2,2,6,0,1,0,0,0,0,0,4.52958E+20,5.53683E+21,8.34385E+15,4.99819E+16
32158,6.17062E+18,6,4,35,14,2017,6,17,3,3,2,6,0,1,0,1,0,0,0,4.94276E+20,5.55017E+21,8.91996E+15,5.01038E+16
32159,6.17062E+18,6,5,32,23,2017,6,5,6,3,8,1,0,1,0,0,0,0,0,4.63226E+20,5.59709E+21,8.48121E+15,5.05246E+16
32160,6.17062E+18,6,4,12,0,2017,6,10,3,3,2,6,0,0,0,0,1,0,0,4.80784E+20,5.55179E+21,8.73121E+15,5.0118E+16
32161,6.1707E+18,6,4,11,0,2017,7,20,2,3,2,6,0,1,0,0,0,0,0,4.7136E+20,5.52474E+21,8.60142E+15,4.98744E+16
32162,6.1707E+18,6,6,31,9,2017,7,8,2,3,2,6,0,1,0,0,0,0,0,5.48062E+20,5.59761E+21,9.6781E+15,5.05285E+16
32163,6.1707E+18,6,6,31,10,2017,7,0,7,3,9,1,0,1,0,0,0,2,0,5.67595E+20,5.5886E+21,9.95201E+15,5.04455E+16
32164,6.1707E+18,6,6,31,17,2017,7,18,7,3,5,3,0,1,0,0,0,0,1,5.52969E+20,5.59716E+21,9.74726E+15,5.0524E+16
32165,6.1707E+18,6,5,32,23,2017,7,1,7,3,5,2,0,1,0,0,0,2,0,4.63759E+20,5.59732E+21,8.48871E+15,5.05267E+16
32166,6.17062E+18,6,4,12,0,2017,6,16,3,3,2,6,0,1,0,0,0,0,0,4.74749E+20,5.54501E+21,8.64724E+15,5.00568E+16
32167,6.1707E+18,6,5,31,11,2017,7,17,7,3,8,1,0,1,0,0,0,0,1,4.87839E+20,5.59728E+21,8.82843E+15,5.05273E+16
32168,6.1707E+18,6,4,40,7,2017,7,17,2,3,9,1,0,1,0,0,0,0,0,4.94668E+20,5.57541E+21,8.92508E+15,5.03308E+16
32169,6.17062E+18,6,4,12,0,2017,6,15,3,3,2,6,0,1,0,0,0,0,0,4.68649E+20,5.55277E+21,8.56139E+15,5.01263E+16
32170,6.1707E+18,6,4,35,14,2017,7,9,7,2,5,3,0,1,0,0,0,0,0,4.97614E+20,5.55065E+21,8.96664E+15,5.01081E+16