OBJECTID,UIDENTSTLA,ULAND,UREGBEZ,UKREIS,UGEMEINDE,UJAHR,UMONAT,USTUNDE,UWOCHENTAG,UKATEGORIE,UART,UTYP1,IstRad,IstPKW,IstFuss,IstKrad,IstSonstig,LICHT,STRZUSTAND,LINREFX,LINREFY,XGCSWGS84,YGCSWGS84
32171,6.1707E+18,6,6,31,15,2017,7,16,7,3,3,1,0,1,0,0,0,0,1,5.47917E+20,5.61367E+21,9.67812E+15,5.06729E+16
32172,6.1707E+18,6,5,31,3,2017,7,15,2,3,2,6,0,1,0,0,1,0,0,4.8297E+20,5.60865E+21,8.75922E+15,5.06295E+16
32173,6.17062E+18,6,5,33,11,2017,6,18,6,3,8,1,0,0,0,1,0,0,0,4.39762E+20,5.5995E+21,8.14983E+15,5.05444E+16
32174,6.17062E+18,6,5,33,6,2017,6,17,3,3,2,6,0,0,0,0,1,0,0,4.27611E+20,5.58497E+21,7.98117E+15,5.04123E+16
32175,6.17062E+18,6,4,35,6,2017,6,19,2,3,2,6,0,1,0,0,0,0,0,4.93625E+20,5.55652E+21,8.91075E+15,5.01609E+16
32176,6.1707E+18,6,5,35,14,2017,7,10,7,3,2,6,0,1,0,0,0,0,1,5.14203E+20,5.61848E+21,9.2012E+15,5.0718E+16
32177,6.1707E+18,6,5,31,12,2017,7,13,2,3,2,6,0,1,0,0,0,0,0,4.76222E+20,5.60031E+21,8.66434E+15,5.05542E+16
32178,6.17062E+18,6,6,33,23,2017,6,14,6,3,5,3,0,1,0,1,0,0,0,5.26927E+20,5.67967E+21,9.38596E+15,5.12677E+16
32179,6.17062E+18,6,6,35,19,2017,6,14,2,2,2,1,0,0,0,1,0,0,0,4.93008E+20,5.67552E+21,8.89985E+15,5.1231E+16
32180,6.17062E+18,6,6,32,2,2017,6,18,2,3,2,6,0,1,0,0,1,0,0,5.49598E+20,5.63573E+21,9.70489E+15,5.08712E+16
32181,6.1707E+18,6,4,12,0,2017,7,13,7,2,9,1,0,0,0,1,0,0,0,4.74798E+20,5.54506E+21,8.64793E+15,5.00573E+16
32182,6.1707E+18,6,4,40,7,2017,7,18,2,3,2,6,0,1,0,0,0,0,0,4.94655E+20,5.57591E+21,8.92489E+15,5.03353E+16
32183,6.17062E+18,6,5,35,15,2017,6,20,2,2,6,4,0,1,1,0,0,0,0,5.39806E+20,5.61434E+21,9.56341E+15,5.06795E+16
32184,6.1707E+18,6,4,12,0,2017,7,16,7,3,2,6,0,1,0,0,0,0,1,4.66849E+20,5.55169E+21,8.5363E+15,5.01166E+16
32185,6.17062E+18,6,6,11,0,2017,6,0,2,3,2,6,0,1,0,0,1,2,0,5.37088E+20,5.68277E+21,9.53193E+15,5.1295E+16
32186,6.17062E+18,6,5,32,2,2017,6,18,4,2,8,1,0,0,0,1,0,0,0,4.6615E+20,5.61972E+21,8.52039E+15,5.07283E+16
32187,6.17062E+18,6,4,14,0,2017,6,11,2,2,5,3,1,1,0,0,0,0,0,4.47084E+20,5.54856E+21,8.2603E+15,5.00869E+16
32188,6.1707E+18,6,5,33,9,2017,7,10,7,3,2,6,0,1,0,0,0,0,1,4.34446E+20,5.58265E+21,8.07777E+15,5.03923E+16
32189,6.1707E+18,6,4,14,0,2017,7,13,7,3,2,6,0,1,0,0,0,0,1,4.55043E+20,5.54686E+21,8.37175E+15,5.00723E+16
32190,6.1707E+18,6,4,31,16,2017,7,3,7,3,8,1,0,1,0,0,1,2,0,4.67829E+20,5.49776E+21,8.5545E+15,4.96316E+16
32191,6.17062E+18,6,4,14,0,2017,6,8,2,3,5,3,1,1,0,0,0,0,0,4.46596E+20,5.5484E+21,8.2535E+15,5.00855E+16
32192,6.1707E+18,6,4,33,8,2017,7,1,7,3,2,6,0,1,0,0,0,2,0,4.71157E+20,5.53866E+21,8.59755E+15,4.99995E+16
32193,6.1707E+18,6,4,32,18,2017,7,15,7,3,8,1,0,1,0,0,0,0,1,4.72322E+20,5.51399E+21,8.61557E+15,4.97777E+16
32194,6.17062E+18,6,4,12,0,2017,6,15,2,3,0,7,1,0,0,0,0,0,0,4.75837E+20,5.55505E+21,8.66182E+15,5.01471E+16
32195,6.1707E+18,6,4,34,2,2017,7,20,7,3,8,1,0,1,0,0,0,0,1,4.75954E+20,5.56696E+21,8.66269E+15,5.02543E+16
32196,6.17063E+18,6,5,31,5,2017,6,13,6,2,5,3,0,1,0,0,0,0,0,4.78874E+20,5.60659E+21,8.70142E+15,5.06108E+16
32197,6.17062E+18,6,5,32,17,2017,6,9,4,2,2,2,0,0,0,0,1,0,0,4.57104E+20,5.61623E+21,8.39263E+15,5.06963E+16
32198,6.17062E+18,6,4,12,0,2017,6,18,2,2,5,3,0,1,0,1,0,0,0,4.80044E+20,5.5514E+21,8.72088E+15,5.01145E+16
32199,6.17062E+18,6,4,12,0,2017,6,17,2,3,3,6,0,1,0,1,0,0,0,4.76014E+20,5.55025E+21,8.66458E+15,5.0104E+16
32200,6.17063E+18,6,6,36,14,2017,6,22,6,3,3,6,0,1,0,0,0,1,0,5.70139E+20,5.66824E+21,1.00031E+16,5.11613E+16
32201,6.17063E+18,6,6,35,21,2017,6,23,6,3,2,6,0,1,0,0,0,2,0,5.05952E+20,5.67253E+21,9.08519E+15,5.12041E+16
32202,6.1707E+18,6,4,37,11,2017,7,10,2,3,1,6,0,1,0,0,1,0,0,4.99748E+20,5.50372E+21,8.99651E+15,4.9686E+16
32203,6.17062E+18,6,4,11,0,2017,6,15,2,2,8,1,0,0,0,1,0,0,0,4.75959E+20,5.53219E+21,8.66495E+15,4.99416E+16
32204,6.17062E+18,6,4,32,23,2017,6,17,2,3,2,6,0,1,0,0,0,0,0,4.71105E+20,5.52756E+21,8.59765E+15,4.98997E+16
32205,6.17063E+18,6,6,32,10,2017,6,17,6,3,2,6,0,1,0,0,1,0,0,5.6483E+20,5.62851E+21,9.92005E+15,5.08047E+16
32206,6.17062E+18,6,4,11,0,2017,6,8,4,2,2,6,0,1,0,0,0,0,0,4.74063E+20,5.52148E+21,8.63924E+15,4.98452E+16
32207,6.17062E+18,6,4,11,0,2017,6,8,2,3,5,7,1,1,0,0,0,0,0,4.75129E+20,5.53102E+21,8.65346E+15,4.9931E+16
32208,6.17062E+18,6,4,11,0,2017,6,14,2,3,5,3,0,1,0,0,0,0,0,4.77104E+20,5.52703E+21,8.68122E+15,4.98952E+16
32209,6.17063E+18,6,5,35,15,2017,6,12,6,3,3,2,0,1,0,0,0,0,1,5.43661E+20,5.61386E+21,9.61792E+15,5.06749E+16
32210,6.17062E+18,6,6,33,17,2017,6,8,4,3,2,6,0,1,0,0,1,0,0,5.38376E+20,5.68114E+21,9.55023E+15,5.12803E+16
32211,6.17062E+18,6,4,11,0,2017,6,13,2,3,5,3,0,1,0,0,1,0,0,4.74424E+20,5.52458E+21,8.64407E+15,4.98731E+16
32212,6.17062E+18,6,6,31,15,2017,6,17,5,3,8,6,0,1,0,0,1,0,1,5.47886E+20,5.60922E+21,9.6771E+15,5.06329E+16
32213,6.17062E+18,6,6,34,15,2017,6,19,2,2,8,1,1,0,0,0,0,0,0,5.44776E+20,5.65493E+21,9.63872E+15,5.10441E+16
32214,6.17062E+18,6,6,11,0,2017,6,17,2,3,5,2,1,1,0,0,0,0,0,5.31461E+20,5.68581E+21,9.4515E+15,5.13227E+16
32215,6.17062E+18,6,6,32,18,2017,6,21,2,3,0,1,0,0,0,1,1,1,1,5.51716E+20,5.64969E+21,9.73696E+15,5.09965E+16
32216,6.17062E+18,6,6,36,11,2017,6,12,2,2,8,1,0,1,0,0,0,0,0,5.7263E+20,5.65272E+21,1.00356E+16,5.10214E+16
32217,6.17063E+18,6,5,33,9,2017,6,18,6,3,2,6,0,1,0,0,0,0,0,4.3356E+20,5.58319E+21,8.06521E+15,5.0397E+16
32218,6.17062E+18,6,4,38,12,2017,6,16,4,3,5,3,1,1,0,0,0,0,0,4.86515E+20,5.53923E+21,8.81181E+15,5.00052E+16
32219,6.17062E+18,6,4,35,27,2017,6,17,2,3,4,1,0,1,0,0,0,0,0,5.47938E+20,5.57187E+21,9.67306E+15,5.0297E+16
32220,6.17062E+18,6,4,39,3,2017,6,16,2,2,5,3,1,1,0,0,0,0,0,4.37276E+20,5.54201E+21,8.12428E+15,5.00271E+16
32221,6.17063E+18,6,5,33,6,2017,6,13,6,2,4,1,0,1,0,0,0,0,0,4.27277E+20,5.5845E+21,7.97657E+15,5.0408E+16
32222,6.17062E+18,6,4,40,23,2017,6,2,4,3,9,1,0,1,0,0,0,2,0,4.79319E+20,5.57108E+21,8.70968E+15,5.02915E+16
32223,6.17062E+18,6,4,38,13,2017,6,10,2,3,5,3,0,1,0,1,0,0,0,4.982E+20,5.54454E+21,8.97486E+15,5.00531E+16
32224,6.17062E+18,6,5,35,1,2017,6,19,4,3,5,3,0,1,0,0,0,0,0,5.18729E+20,5.62187E+21,9.26547E+15,5.07483E+16
32225,6.17062E+18,6,4,38,2,2017,6,21,2,3,5,3,0,1,0,1,0,1,0,4.82599E+20,5.53634E+21,8.75731E+15,4.99791E+16
32226,6.17063E+18,6,6,11,0,2017,6,16,6,3,5,3,1,1,0,0,0,0,0,5.36353E+20,5.68419E+21,9.52154E+15,5.13078E+16
32227,6.17063E+18,6,6,11,0,2017,6,9,6,2,5,3,0,1,0,0,0,0,0,5.38054E+20,5.68659E+21,9.54619E+15,5.13293E+16
32228,6.17062E+18,6,4,40,16,2017,6,12,2,3,8,1,0,0,0,1,0,0,0,5.02028E+20,5.58142E+21,9.02852E+15,5.03848E+16
32229,6.17063E+18,6,6,11,0,2017,6,8,6,2,8,1,0,1,0,0,0,0,1,5.2632E+20,5.68823E+21,9.37789E+15,5.13447E+16
32230,6.17063E+18,6,4,14,0,2017,6,19,6,3,5,3,1,1,0,0,0,0,0,4.48502E+20,5.53985E+21,8.28129E+15,5.00087E+16
32231,6.1707E+18,6,4,36,1,2017,7,17,2,2,5,2,1,1,0,0,0,0,0,4.64907E+20,5.55399E+21,8.50893E+15,5.01371E+16
32232,6.17062E+18,6,4,37,9,2017,6,14,2,3,2,6,0,1,0,0,0,0,0,4.95115E+20,5.51417E+21,8.93214E+15,4.97799E+16
32233,6.17063E+18,6,4,14,0,2017,6,12,6,3,2,6,0,1,0,0,0,0,0,4.45066E+20,5.54464E+21,8.23266E+15,5.00515E+16
32234,6.17063E+18,6,4,36,5,2017,6,10,6,3,2,6,0,1,0,1,0,0,0,4.62583E+20,5.54627E+21,8.47717E+15,5.00675E+16
32235,6.17062E+18,6,4,32,23,2017,6,12,4,3,5,3,0,1,0,0,0,0,0,4.71082E+20,5.52756E+21,8.59733E+15,4.98997E+16
32236,6.17062E+18,6,4,32,14,2017,6,7,2,3,0,7,0,0,0,0,1,0,0,4.77701E+20,5.52064E+21,8.6899E+15,4.98378E+16
32237,6.17063E+18,6,4,12,0,2017,6,15,6,3,5,3,1,1,0,0,0,0,0,4.8297E+20,5.55317E+21,8.76172E+15,5.01305E+16
32238,6.17063E+18,6,4,37,13,2017,6,20,6,2,9,1,0,0,0,1,0,0,1,4.85897E+20,5.50344E+21,8.80449E+15,4.96833E+16
32239,6.17062E+18,6,5,33,9,2017,6,22,4,3,5,2,0,1,0,0,0,2,0,4.31207E+20,5.58263E+21,8.03221E+15,5.03917E+16
32240,6.17062E+18,6,4,11,0,2017,6,15,2,3,2,6,0,1,0,1,0,0,0,4.71517E+20,5.52384E+21,8.60366E+15,4.98663E+16
32241,6.17063E+18,6,4,11,0,2017,6,11,6,3,6,6,1,0,1,0,0,0,0,4.76182E+20,5.524E+21,8.66857E+15,4.98679E+16
32242,6.17062E+18,6,5,31,15,2017,6,14,5,3,5,3,0,1,0,0,1,0,0,4.92984E+20,5.60986E+21,8.90078E+15,5.06406E+16
32243,6.17062E+18,6,4,40,8,2017,6,19,2,3,1,3,0,1,0,0,1,0,0,4.82829E+20,5.57728E+21,8.75866E+15,5.03473E+16
32244,6.17063E+18,6,6,34,22,2017,6,8,6,2,0,1,0,0,0,1,0,0,0,5.19588E+20,5.64037E+21,9.27865E+15,5.09147E+16
32245,6.17062E+18,6,4,40,8,2017,6,8,5,3,8,6,0,0,0,0,1,0,0,4.7957E+20,5.57409E+21,8.71304E+15,5.03185E+16
32246,6.17062E+18,6,4,31,13,2017,6,7,2,3,3,6,1,0,0,0,0,0,0,4.61732E+20,5.4935E+21,8.47048E+15,4.95928E+16
32247,6.17062E+18,6,4,11,0,2017,6,17,5,3,2,6,0,1,0,0,0,0,0,4.74618E+20,5.52288E+21,8.64688E+15,4.98578E+16
32248,6.17062E+18,6,4,31,13,2017,6,20,2,2,5,2,1,1,0,0,0,0,0,4.56467E+20,5.49824E+21,8.39711E+15,4.96352E+16
32249,6.17062E+18,6,5,35,11,2017,6,7,5,3,1,5,0,1,0,0,1,0,0,5.28137E+20,5.60938E+21,9.39787E+15,5.06356E+16
32250,6.17062E+18,6,4,33,5,2017,6,8,2,3,9,3,0,1,0,1,0,0,0,4.50818E+20,5.53854E+21,8.31378E+15,4.99972E+16
32251,6.17062E+18,6,5,34,18,2017,6,17,2,2,4,6,0,1,0,1,0,0,0,5.00584E+20,5.63102E+21,9.0083E+15,5.08309E+16
32252,6.17062E+18,6,6,31,6,2017,6,14,2,3,5,3,0,1,0,0,0,0,0,5.48446E+20,5.59361E+21,9.683E+15,5.04925E+16
32253,6.17062E+18,6,6,31,9,2017,6,13,2,3,6,4,0,0,1,0,1,0,0,5.49031E+20,5.59883E+21,9.69193E+15,5.05394E+16
32254,6.1707E+18,6,4,35,20,2017,7,2,1,2,9,1,0,1,0,0,0,2,1,4.97672E+20,5.56236E+21,8.96738E+15,5.02134E+16
32255,6.1707E+18,6,6,36,13,2017,7,22,1,2,7,7,0,0,0,1,0,2,1,5.80733E+20,5.67141E+21,1.01552E+16,5.11884E+16
32256,6.1707E+18,6,6,36,1,2017,7,15,1,3,8,1,0,1,0,0,0,0,1,5.62371E+20,5.67966E+21,9.89398E+15,5.12649E+16
32257,6.17063E+18,6,6,33,6,2017,6,13,6,3,5,2,0,1,0,0,0,0,0,5.16412E+20,5.67937E+21,9.23524E+15,5.12654E+16
32258,6.17063E+18,6,6,11,0,2017,6,13,6,3,6,4,0,1,1,0,0,0,0,5.33397E+20,5.68329E+21,9.47904E+15,5.12999E+16
32259,6.17063E+18,6,6,35,1,2017,6,14,6,1,4,6,0,1,0,0,1,0,0,4.77592E+20,5.65258E+21,8.6805E+15,5.10244E+16
32260,6.17062E+18,6,6,31,9,2017,6,9,2,3,5,2,0,1,0,0,1,0,0,5.50724E+20,5.60554E+21,9.71673E+15,5.05996E+16
32261,6.17063E+18,6,4,39,5,2017,6,7,6,3,2,6,0,1,0,1,0,0,0,4.29508E+20,5.55797E+21,8.0129E+15,5.01698E+16
32262,6.17062E+18,6,4,38,13,2017,6,13,2,3,2,6,0,0,0,0,1,0,0,4.98096E+20,5.53985E+21,8.97342E+15,5.0011E+16
32263,6.17063E+18,6,4,38,9,2017,6,12,6,3,2,6,0,1,0,0,0,0,0,4.78165E+20,5.54401E+21,8.69502E+15,5.0048E+16
32264,6.1707E+18,6,4,14,0,2017,7,0,1,2,5,3,0,1,0,0,0,2,1,4.45613E+20,5.54672E+21,8.24001E+15,5.00703E+16
32265,6.17062E+18,6,4,32,5,2017,6,9,6,2,8,1,0,1,0,0,0,0,0,4.91146E+20,5.53317E+21,8.87659E+15,4.99508E+16
32266,6.17062E+18,6,6,32,15,2017,6,5,2,2,8,1,0,1,0,0,0,0,0,5.36859E+20,5.62838E+21,9.52311E+15,5.0806E+16
32267,6.17062E+18,6,6,11,0,2017,6,17,2,3,2,6,0,1,0,0,0,0,0,5.38922E+20,5.68433E+21,9.5584E+15,5.13089E+16
32268,6.17063E+18,6,4,34,10,2017,6,21,6,3,5,3,0,1,0,0,1,0,0,4.70168E+20,5.55776E+21,8.58225E+15,5.01713E+16
32269,6.1707E+18,6,4,12,0,2017,7,19,1,3,1,1,0,1,0,0,0,0,0,4.71897E+20,5.54946E+21,8.60707E+15,5.00967E+16
32270,6.17062E+18,6,4,12,0,2017,6,18,2,3,3,6,0,1,0,0,0,0,0,4.79899E+20,5.55394E+21,8.71872E+15,5.01373E+16
32271,6.17063E+18,6,4,36,7,2017,6,16,6,3,5,3,0,1,0,0,0,0,0,4.54888E+20,5.54512E+21,8.36979E+15,5.00567E+16
32272,6.1707E+18,6,4,12,0,2017,7,15,1,3,1,5,0,1,0,0,0,0,1,4.72941E+20,5.55247E+21,8.62146E+15,5.01238E+16
32273,6.17062E+18,6,4,14,0,2017,6,15,2,2,0,1,0,0,0,1,0,0,0,4.43482E+20,5.5448E+21,8.21052E+15,5.00528E+16
32274,6.1707E+18,6,4,11,0,2017,7,3,1,3,8,7,0,1,0,0,0,2,1,4.80626E+20,5.52399E+21,8.7304E+15,4.9868E+16
32275,6.17062E+18,6,5,33,9,2017,6,13,2,3,2,6,0,1,0,0,0,0,0,4.33611E+20,5.58367E+21,8.06583E+15,5.04013E+16
32276,6.17063E+18,6,4,40,4,2017,6,8,6,2,9,1,0,1,0,0,0,0,1,5.08446E+20,5.57354E+21,9.11863E+15,5.03139E+16
32277,6.17063E+18,6,4,40,20,2017,6,7,6,3,9,1,0,1,0,0,0,0,1,4.99521E+20,5.5773E+21,8.99326E+15,5.03478E+16
32278,6.17063E+18,6,4,33,2,2017,6,18,6,3,5,2,0,1,0,0,0,0,0,4.53206E+20,5.5363E+21,8.34737E+15,4.99772E+16
32279,6.17062E+18,6,4,33,10,2017,6,9,2,3,2,6,0,1,0,0,0,0,0,4.63838E+20,5.54189E+21,8.49512E+15,5.00282E+16
32280,6.17063E+18,6,4,33,14,2017,6,10,6,3,5,3,1,1,0,0,0,0,0,4.58423E+20,5.5303E+21,8.42077E+15,4.99236E+16
32281,6.17063E+18,6,5,34,16,2017,6,8,6,3,8,7,0,1,0,0,0,0,1,5.09115E+20,5.63502E+21,9.12953E+15,5.08668E+16
32282,6.17063E+18,6,5,34,14,2017,6,13,6,3,5,3,0,1,0,0,1,0,0,4.8441E+20,5.62592E+21,8.77885E+15,5.07848E+16
32283,6.17063E+18,6,5,34,14,2017,6,7,6,3,6,4,0,1,1,0,0,0,0,4.83011E+20,5.62808E+21,8.7589E+15,5.08042E+16
32284,6.17062E+18,6,5,31,11,2017,6,16,2,3,2,6,0,1,0,0,1,0,0,4.83167E+20,5.59109E+21,8.76279E+15,5.04716E+16
32285,6.17063E+18,6,6,31,9,2017,6,10,6,2,2,6,0,1,0,0,1,0,0,5.46657E+20,5.6009E+21,9.65868E+15,5.05582E+16
32286,6.17062E+18,6,5,31,6,2017,6,10,2,3,2,6,0,1,0,0,0,0,0,4.93581E+20,5.60842E+21,8.90924E+15,5.06276E+16
32287,6.17063E+18,6,6,31,18,2017,6,16,6,2,0,7,1,1,0,0,0,0,0,5.44733E+20,5.5906E+21,9.63029E+15,5.04657E+16
32288,6.17063E+18,6,5,32,21,2017,6,18,6,3,5,3,0,1,0,0,0,0,0,4.60168E+20,5.59895E+21,8.43787E+15,5.05411E+16
32289,6.17062E+18,6,4,40,20,2017,6,20,6,3,9,1,0,1,0,0,0,0,0,4.99262E+20,5.58089E+21,8.98962E+15,5.03801E+16
32290,6.17062E+18,6,5,31,16,2017,6,7,2,2,2,6,0,1,0,0,1,0,0,4.90069E+20,5.60669E+21,8.85964E+15,5.0612E+16
32291,6.17063E+18,6,4,35,10,2017,6,7,6,3,8,1,0,1,0,0,0,0,1,5.17166E+20,5.56277E+21,9.24061E+15,5.02168E+16
32292,6.17063E+18,6,4,38,7,2017,6,8,6,2,8,7,0,0,0,0,1,0,0,5.00172E+20,5.53845E+21,9.00241E+15,4.99984E+16
32293,6.1707E+18,6,6,34,3,2017,7,13,1,3,5,3,0,1,0,0,0,0,0,5.29201E+20,5.66503E+21,9.41738E+15,5.1136E+16
32294,6.17062E+18,6,4,39,12,2017,6,6,6,3,5,3,0,1,0,0,0,0,0,4.31767E+20,5.54027E+21,8.0477E+15,5.00109E+16
32295,6.17062E+18,6,5,31,13,2017,6,19,1,3,3,6,1,1,0,0,0,0,0,4.79442E+20,5.61132E+21,8.70919E+15,5.06534E+16
32296,6.17062E+18,6,6,36,12,2017,6,19,1,2,7,7,0,0,0,1,0,0,0,5.58665E+20,5.66379E+21,9.83826E+15,5.11226E+16
32297,6.17063E+18,6,6,31,20,2017,6,5,6,1,3,7,0,1,0,0,1,0,1,5.51742E+20,5.60095E+21,9.73048E+15,5.05582E+16
32298,6.1707E+18,6,6,35,13,2017,7,17,1,2,4,6,0,1,0,0,0,0,0,4.98153E+20,5.65363E+21,8.97366E+15,5.10343E+16
32299,6.17062E+18,6,6,33,26,2017,6,10,6,3,2,6,0,1,0,0,0,0,0,5.32707E+20,5.69056E+21,9.46981E+15,5.13654E+16
32300,6.17062E+18,6,6,33,26,2017,6,19,1,3,2,6,0,1,0,0,1,0,0,5.32825E+20,5.68875E+21,9.47134E+15,5.13491E+16
32301,6.17062E+18,6,4,14,0,2017,6,14,1,3,5,3,0,1,0,0,0,0,0,4.42546E+20,5.54688E+21,8.19712E+15,5.00714E+16
32302,6.17063E+18,6,6,33,3,2017,6,7,6,3,9,1,0,1,0,0,0,0,1,5.30284E+20,5.67714E+21,9.43388E+15,5.12449E+16
32303,6.1707E+18,6,4,39,7,2017,7,12,1,3,5,2,0,1,0,0,0,0,0,4.42097E+20,5.56639E+21,8.18788E+15,5.02468E+16
32304,6.17062E+18,6,4,13,0,2017,6,0,1,3,2,6,0,1,0,0,0,2,0,4.81188E+20,5.55054E+21,8.73692E+15,5.01068E+16
32305,6.17062E+18,6,6,33,29,2017,6,14,1,3,9,1,0,1,0,0,0,0,0,5.15843E+20,5.6918E+21,9.22764E+15,5.13772E+16
32306,6.17063E+18,6,5,35,1,2017,6,17,6,3,3,6,0,1,0,0,0,0,0,5.21135E+20,5.62205E+21,9.29959E+15,5.07498E+16
32307,6.17062E+18,6,4,39,14,2017,6,12,1,3,8,1,0,0,0,1,0,0,0,4.29784E+20,5.54842E+21,8.01853E+15,5.00839E+16
32308,6.17062E+18,6,4,33,2,2017,6,12,4,3,5,2,0,1,0,0,0,0,0,4.53834E+20,5.53748E+21,8.35598E+15,4.99879E+16
32309,6.17062E+18,6,4,35,27,2017,6,0,1,2,9,1,0,1,0,0,0,2,0,5.45386E+20,5.56774E+21,9.63673E+15,5.02601E+16
32310,6.17063E+18,6,4,12,0,2017,6,16,6,3,2,6,0,1,0,0,0,0,0,4.70298E+20,5.55355E+21,8.5844E+15,5.01334E+16
32311,6.17063E+18,6,4,12,0,2017,6,14,6,3,2,6,0,1,0,0,1,0,0,4.69364E+20,5.54458E+21,8.57206E+15,5.00527E+16
32312,6.17062E+18,6,4,38,10,2017,6,16,1,3,0,1,0,0,0,1,0,0,0,4.90678E+20,5.54622E+21,8.86974E+15,5.00681E+16
32313,6.17063E+18,6,4,13,0,2017,6,6,6,3,7,7,0,1,0,0,1,0,0,4.81201E+20,5.54812E+21,8.73722E+15,5.00851E+16
32314,6.17063E+18,6,4,12,0,2017,6,13,6,3,2,6,0,1,0,0,1,0,0,4.71445E+20,5.55557E+21,8.60031E+15,5.01517E+16
32315,6.17062E+18,6,4,34,11,2017,6,16,1,3,4,6,0,1,0,0,0,0,0,4.64524E+20,5.57891E+21,8.50123E+15,5.03612E+16
32316,6.17063E+18,6,4,14,0,2017,6,23,6,2,3,6,0,1,0,0,1,2,0,4.50906E+20,5.54172E+21,8.31461E+15,5.00257E+16
32317,6.17063E+18,6,4,33,10,2017,6,18,6,3,2,6,0,1,0,0,0,0,0,4.63939E+20,5.54193E+21,8.49653E+15,5.00286E+16
32318,6.1707E+18,6,4,39,7,2017,7,18,2,2,8,1,0,0,0,1,0,0,0,4.41792E+20,5.56208E+21,8.18427E+15,5.0208E+16
32319,6.17062E+18,6,4,35,14,2017,6,16,4,3,3,6,1,0,0,0,0,0,0,4.92667E+20,5.55295E+21,8.8974E+15,5.01287E+16
32320,6.17062E+18,6,4,36,7,2017,6,13,1,2,0,1,1,0,0,0,0,0,0,4.55021E+20,5.54482E+21,8.37168E+15,5.0054E+16
32321,6.17063E+18,6,4,40,8,2017,6,13,6,3,2,6,0,1,0,0,0,0,0,4.7826E+20,5.57518E+21,8.69456E+15,5.03283E+16
32322,6.17063E+18,6,4,35,17,2017,6,12,5,3,5,2,0,1,0,0,0,0,0,5.03154E+20,5.55835E+21,9.04417E+15,5.01774E+16
32323,6.17062E+18,6,4,39,3,2017,6,16,4,3,5,3,1,1,0,0,0,0,0,4.37285E+20,5.54201E+21,8.12441E+15,5.00271E+16
32324,6.17062E+18,6,4,40,13,2017,6,19,1,3,8,6,0,1,0,0,0,0,0,5.15902E+20,5.57719E+21,9.22349E+15,5.03465E+16
32325,6.17062E+18,6,4,40,9,2017,6,17,1,2,4,1,0,1,0,0,0,0,0,5.13918E+20,5.58333E+21,9.19584E+15,5.04019E+16
32326,6.17063E+18,6,6,35,19,2017,6,15,5,3,5,3,0,0,0,1,1,0,0,4.94155E+20,5.67228E+21,8.91633E+15,5.12019E+16
32327,6.17062E+18,6,6,11,0,2017,6,9,4,3,5,3,0,1,0,0,0,0,0,5.32943E+20,5.68374E+21,9.47258E+15,5.1304E+16
32328,6.17062E+18,6,4,40,14,2017,6,16,1,3,0,2,0,1,0,0,1,0,0,4.99395E+20,5.56991E+21,8.9915E+15,5.02813E+16
32329,6.17063E+18,6,5,35,11,2017,6,12,5,3,3,6,0,1,0,0,0,0,0,5.26099E+20,5.61198E+21,9.36924E+15,5.06591E+16
32330,6.17062E+18,6,5,33,6,2017,6,15,5,3,2,6,0,1,0,0,0,0,0,4.29E+20,5.58448E+21,8.00081E+15,5.0408E+16
32331,6.17062E+18,6,4,37,3,2017,6,12,1,3,8,1,0,0,0,1,0,0,0,4.93225E+20,5.51168E+21,8.90593E+15,4.97575E+16
32332,6.17063E+18,6,5,33,9,2017,6,19,5,2,4,6,0,1,0,0,0,0,0,4.34482E+20,5.58078E+21,8.0786E+15,5.03754E+16
32333,6.17062E+18,6,4,33,2,2017,6,17,5,3,5,3,0,1,0,0,1,0,0,4.53702E+20,5.5373E+21,8.35417E+15,4.99862E+16
32334,6.17062E+18,6,5,32,6,2017,6,12,1,3,8,1,0,1,0,0,0,0,0,4.48975E+20,5.62671E+21,8.2761E+15,5.07899E+16
32335,6.17062E+18,6,6,34,15,2017,6,19,5,3,8,1,0,1,0,0,0,0,1,5.44263E+20,5.65656E+21,9.63161E+15,5.10589E+16
32336,6.17062E+18,6,4,32,10,2017,6,18,1,3,8,1,0,0,0,1,0,0,0,4.98013E+20,5.52471E+21,8.97235E+15,4.98748E+16
32337,6.17062E+18,6,4,32,9,2017,6,13,1,2,2,6,0,1,0,1,0,0,0,4.85977E+20,5.51425E+21,8.80522E+15,4.97806E+16
32338,6.1707E+18,6,4,39,6,2017,7,3,1,3,8,1,0,1,0,0,0,2,1,4.39367E+20,5.56201E+21,8.1503E+15,5.02072E+16
32339,6.1707E+18,6,4,34,5,2017,7,13,1,3,5,3,0,1,0,1,0,0,0,4.61949E+20,5.55814E+21,8.46713E+15,5.01742E+16
32340,6.1707E+18,6,5,33,19,2017,7,17,1,3,9,1,0,1,0,0,0,0,1,4.47523E+20,5.59103E+21,8.26055E+15,5.04689E+16
32341,6.1707E+18,6,4,39,16,2017,7,15,2,2,5,3,0,1,0,1,0,0,0,4.54912E+20,5.57018E+21,8.36716E+15,5.02821E+16
32342,6.17063E+18,6,6,33,9,2017,6,8,5,2,4,1,0,1,0,0,1,0,0,5.40964E+20,5.69486E+21,9.58892E+15,5.14035E+16
32343,6.17063E+18,6,6,33,9,2017,6,15,5,3,5,3,0,1,0,0,0,0,1,5.35878E+20,5.68915E+21,9.51522E+15,5.13525E+16
32344,6.17063E+18,6,6,11,0,2017,6,13,5,3,2,6,0,1,0,0,0,0,1,5.35621E+20,5.68567E+21,9.51118E+15,5.13213E+16
32345,6.17063E+18,6,6,11,0,2017,6,13,5,3,5,3,0,1,0,0,0,0,1,5.33561E+20,5.6832E+21,9.48139E+15,5.12991E+16