OBJECTID,UIDENTSTLA,ULAND,UREGBEZ,UKREIS,UGEMEINDE,UJAHR,UMONAT,USTUNDE,UWOCHENTAG,UKATEGORIE,UART,UTYP1,IstRad,IstPKW,IstFuss,IstKrad,IstSonstig,LICHT,STRZUSTAND,LINREFX,LINREFY,XGCSWGS84,YGCSWGS84
32695,6.17061E+18,6,6,31,7,2017,6,5,4,3,7,7,0,1,0,0,0,1,0,5.61761E+20,5.61972E+21,9.87503E+15,5.0726E+16
32696,6.17062E+18,6,6,33,29,2017,6,14,3,3,0,7,0,0,0,1,0,0,0,5.19826E+20,5.69746E+21,9.28517E+15,5.1428E+16
32697,6.17061E+18,6,6,31,9,2017,6,17,4,2,3,6,0,0,0,1,1,0,0,5.4905E+20,5.60204E+21,9.69262E+15,5.05683E+16
32698,6.17062E+18,6,6,33,13,2017,6,7,3,3,6,6,1,0,1,0,0,0,0,5.27217E+20,5.70532E+21,9.39209E+15,5.14984E+16
32699,6.17061E+18,6,6,31,20,2017,6,7,4,3,2,6,0,1,0,0,0,0,0,5.50124E+20,5.60373E+21,9.70801E+15,5.05833E+16
32700,6.17063E+18,6,6,34,11,2017,6,13,4,2,8,1,0,1,0,0,0,0,1,5.34834E+20,5.6551E+21,9.49692E+15,5.10464E+16
32701,6.17063E+18,6,6,33,17,2017,6,14,4,3,3,6,0,1,0,0,1,0,1,5.36117E+20,5.67981E+21,9.5177E+15,5.12685E+16
32702,6.1707E+18,6,6,35,3,2017,7,18,7,2,5,2,0,1,0,0,0,0,1,5.08561E+20,5.66473E+21,9.12236E+15,5.11339E+16
32703,6.17061E+18,6,6,31,11,2017,6,6,4,3,2,6,0,1,0,0,0,0,0,5.40933E+20,5.60271E+21,9.57808E+15,5.05748E+16
32704,6.1707E+18,6,6,35,3,2017,7,21,7,3,9,1,0,1,0,0,0,2,1,5.05784E+20,5.66144E+21,9.08261E+15,5.11044E+16
32705,6.17061E+18,6,4,35,14,2017,6,20,4,3,5,2,0,1,0,0,0,0,0,4.92262E+20,5.5529E+21,8.89174E+15,5.01283E+16
32706,6.17063E+18,6,4,12,0,2017,6,11,4,2,8,1,0,0,0,1,0,0,1,4.77268E+20,5.55628E+21,8.68176E+15,5.01583E+16
32707,6.17063E+18,6,4,12,0,2017,6,17,4,3,2,6,0,1,0,0,0,0,1,4.81467E+20,5.54928E+21,8.74088E+15,5.00955E+16
32708,6.17063E+18,6,4,14,0,2017,6,8,4,3,2,6,0,1,0,0,0,0,1,4.51687E+20,5.55521E+21,8.3238E+15,5.01472E+16
32709,6.17061E+18,6,5,31,11,2017,6,7,4,3,5,3,0,1,0,0,1,0,0,4.83834E+20,5.59307E+21,8.77211E+15,5.04894E+16
32710,6.17063E+18,6,4,32,18,2017,6,8,4,2,2,6,0,1,0,0,0,0,1,4.69643E+20,5.51785E+21,8.57805E+15,4.98123E+16
32711,6.17063E+18,6,4,32,18,2017,6,6,4,3,9,1,0,1,0,0,0,0,1,4.69241E+20,5.51691E+21,8.57254E+15,4.98038E+16
32712,6.17061E+18,6,5,31,6,2017,6,14,4,2,3,6,0,1,0,0,1,0,0,4.92895E+20,5.60411E+21,8.89963E+15,5.05889E+16
32713,6.17063E+18,6,4,33,8,2017,6,11,4,2,2,6,0,1,0,0,0,0,1,4.71092E+20,5.53896E+21,8.59662E+15,5.00022E+16
32714,6.17063E+18,6,4,11,0,2017,6,5,4,3,9,1,0,1,0,0,0,1,1,4.72196E+20,5.52389E+21,8.61311E+15,4.98667E+16
32715,6.17062E+18,6,6,33,10,2017,6,19,3,3,5,3,0,1,0,1,0,0,0,5.25558E+20,5.6969E+21,9.36758E+15,5.14227E+16
32716,6.17061E+18,6,5,32,15,2017,6,18,4,3,2,6,0,1,0,0,1,0,0,4.70047E+20,5.60195E+21,8.57704E+15,5.05687E+16
32717,6.17061E+18,6,6,31,8,2017,6,7,4,3,3,6,0,1,0,0,1,0,0,5.38611E+20,5.58279E+21,9.54323E+15,5.03959E+16
32718,6.17063E+18,6,6,35,18,2017,6,8,3,2,3,6,1,1,0,0,0,0,0,5.00594E+20,5.68641E+21,9.00852E+15,5.1329E+16
32719,6.17062E+18,6,6,11,0,2017,6,19,3,3,5,3,1,1,0,0,0,0,0,5.31715E+20,5.68541E+21,9.4551E+15,5.13191E+16
32720,6.17061E+18,6,4,32,23,2017,6,11,4,3,3,6,0,1,0,0,0,0,0,4.71651E+20,5.52696E+21,8.6053E+15,4.98944E+16
32721,6.17061E+18,6,5,31,12,2017,6,16,4,3,2,6,0,1,0,0,1,0,0,4.75628E+20,5.59647E+21,8.65621E+15,5.05197E+16
32722,6.17063E+18,6,6,32,12,2017,6,13,3,3,4,6,0,1,0,0,1,0,0,5.43889E+20,5.64653E+21,9.62506E+15,5.09687E+16
32723,6.17062E+18,6,6,11,0,2017,6,17,3,3,2,2,0,1,0,0,0,0,0,5.31396E+20,5.68053E+21,9.4501E+15,5.12753E+16
32724,6.17061E+18,6,4,40,5,2017,6,15,4,3,2,6,0,1,0,0,0,0,0,4.78616E+20,5.58394E+21,8.69908E+15,5.04071E+16
32725,6.17061E+18,6,5,33,14,2017,6,19,3,2,5,2,0,1,0,1,0,0,0,4.45321E+20,5.57635E+21,8.23166E+15,5.03367E+16
32726,6.17063E+18,6,6,32,2,2017,6,10,3,2,3,6,0,1,0,1,0,0,0,5.5015E+20,5.63529E+21,9.71267E+15,5.08671E+16
32727,6.17062E+18,6,6,36,11,2017,6,11,3,3,2,6,0,1,0,0,1,0,0,5.68441E+20,5.66302E+21,9.97779E+15,5.11146E+16
32728,6.17061E+18,6,6,11,0,2017,6,15,3,3,5,3,0,1,0,0,0,0,0,5.33986E+20,5.68411E+21,9.48757E+15,5.13073E+16
32729,6.17062E+18,6,4,40,3,2017,6,17,4,3,1,6,0,1,0,0,1,0,0,4.80699E+20,5.55699E+21,8.72976E+15,5.01648E+16
32730,6.17061E+18,6,6,11,0,2017,6,7,3,2,0,4,0,0,1,0,1,0,0,5.34338E+20,5.68554E+21,9.49275E+15,5.13201E+16
32731,6.17061E+18,6,4,14,0,2017,6,12,3,3,2,6,0,1,0,1,0,0,0,4.47314E+20,5.54204E+21,8.26441E+15,5.00284E+16
32732,6.17063E+18,6,5,35,15,2017,6,14,3,3,3,3,0,1,0,0,1,0,0,5.39785E+20,5.61387E+21,9.56306E+15,5.06753E+16
32733,6.17063E+18,6,5,33,9,2017,6,10,3,3,8,1,0,1,0,0,0,0,1,4.36999E+20,5.57974E+21,8.11417E+15,5.03664E+16
32734,6.17063E+18,6,6,33,17,2017,6,10,3,3,8,1,0,1,0,0,0,0,0,5.39213E+20,5.67858E+21,9.56194E+15,5.12573E+16
32735,6.17062E+18,6,4,14,0,2017,6,8,5,3,3,6,0,1,0,0,0,0,0,4.44877E+20,5.54797E+21,8.22955E+15,5.00814E+16
32736,6.17061E+18,6,4,14,0,2017,6,19,3,3,5,2,1,1,0,0,0,0,0,4.45755E+20,5.54577E+21,8.24213E+15,5.00617E+16
32737,6.1707E+18,6,6,33,28,2017,7,0,7,3,3,7,0,1,0,0,1,2,0,5.1284E+20,5.6946E+21,9.18459E+15,5.14025E+16
32738,6.17062E+18,6,5,33,6,2017,6,20,6,3,2,6,0,1,0,0,0,0,0,4.31337E+20,5.58398E+21,8.03379E+15,5.04038E+16
32739,6.17062E+18,6,4,12,0,2017,6,13,6,3,5,3,1,1,0,0,0,0,0,4.82224E+20,5.55477E+21,8.75121E+15,5.01449E+16
32740,6.1707E+18,6,5,34,8,2017,7,16,2,2,0,7,1,0,0,0,1,0,1,4.88161E+20,5.62173E+21,8.83219E+15,5.07473E+16
32741,6.1707E+18,6,4,31,16,2017,7,18,2,3,5,3,0,1,0,1,0,0,0,4.69641E+20,5.4999E+21,8.57943E+15,4.96509E+16
32742,6.17063E+18,6,6,11,0,2017,6,14,3,3,3,6,0,1,0,0,1,0,0,5.33731E+20,5.68369E+21,9.48387E+15,5.13035E+16
32743,6.17063E+18,6,6,11,0,2017,6,12,3,2,5,2,0,1,0,0,1,0,0,5.34332E+20,5.68534E+21,9.49265E+15,5.13183E+16
32744,6.17061E+18,6,4,14,0,2017,6,18,3,3,1,2,0,1,0,0,0,0,0,4.46306E+20,5.54637E+21,8.24974E+15,5.00672E+16
32745,6.17063E+18,6,4,14,0,2017,6,13,3,3,6,4,0,1,1,0,0,0,0,4.48619E+20,5.54808E+21,8.28182E+15,5.00828E+16
32746,6.17062E+18,6,5,33,11,2017,6,23,6,3,2,6,0,1,0,0,0,2,0,4.40203E+20,5.59645E+21,8.15654E+15,5.0517E+16
32747,6.17061E+18,6,4,13,0,2017,6,18,3,3,2,6,0,1,0,0,0,0,0,4.84604E+20,5.55172E+21,8.78464E+15,5.01176E+16
32748,6.17063E+18,6,4,14,0,2017,6,12,3,3,6,4,0,1,1,0,0,0,0,4.45426E+20,5.54816E+21,8.23718E+15,5.00832E+16
32749,6.17063E+18,6,4,12,0,2017,6,16,3,3,1,5,1,1,0,0,0,0,0,4.7655E+20,5.55351E+21,8.67189E+15,5.01334E+16
32750,6.17062E+18,6,6,33,29,2017,6,16,6,2,8,1,0,0,0,1,0,0,0,5.16623E+20,5.69415E+21,9.23895E+15,5.13984E+16
32751,6.17061E+18,6,4,36,11,2017,6,10,3,2,5,3,0,1,0,1,0,0,0,4.66667E+20,5.55469E+21,8.5335E+15,5.01435E+16
32752,6.17063E+18,6,4,12,0,2017,6,15,3,3,5,3,1,1,0,0,0,0,0,4.77912E+20,5.54965E+21,8.69116E+15,5.00987E+16
32753,6.17063E+18,6,4,12,0,2017,6,8,3,3,0,5,1,1,0,0,0,0,0,4.79536E+20,5.5525E+21,8.71371E+15,5.01244E+16
32754,6.1707E+18,6,6,33,5,2017,7,19,7,3,9,1,0,1,0,0,0,0,1,5.23429E+20,5.69254E+21,9.33667E+15,5.13836E+16
32755,6.17061E+18,6,4,12,0,2017,6,12,3,3,2,6,0,1,0,0,0,0,0,4.76326E+20,5.55447E+21,8.66869E+15,5.0142E+16
32756,6.17061E+18,6,4,12,0,2017,6,12,3,3,0,7,0,0,0,0,1,0,0,4.73842E+20,5.55005E+21,8.63424E+15,5.01021E+16
32757,6.17063E+18,6,4,12,0,2017,6,5,3,3,0,3,0,1,0,1,0,1,0,4.74897E+20,5.55034E+21,8.64896E+15,5.01048E+16
32758,6.1707E+18,6,4,33,4,2017,7,13,2,3,5,2,0,1,0,0,0,0,0,4.63475E+20,5.51223E+21,8.49285E+15,4.97614E+16
32759,6.1707E+18,6,4,34,2,2017,7,14,2,3,4,6,0,1,0,0,1,0,0,4.75475E+20,5.56528E+21,8.65608E+15,5.02392E+16
32760,6.1707E+18,6,6,11,0,2017,7,18,7,2,2,6,0,1,0,0,1,0,1,5.33362E+20,5.6821E+21,9.47843E+15,5.12893E+16
32761,6.17061E+18,6,4,32,23,2017,6,16,3,3,2,6,0,1,0,0,0,0,0,4.70545E+20,5.52758E+21,8.58985E+15,4.98999E+16
32762,6.17063E+18,6,4,37,11,2017,6,22,3,3,6,4,0,1,1,0,0,2,0,5.00306E+20,5.50391E+21,9.00424E+15,4.96877E+16
32763,6.17063E+18,6,4,11,0,2017,6,15,3,3,2,6,0,1,0,0,0,0,0,4.75072E+20,5.52417E+21,8.65311E+15,4.98694E+16
32764,6.17062E+18,6,6,33,28,2017,6,7,6,2,5,2,0,1,0,1,0,0,0,5.12438E+20,5.68676E+21,9.17853E+15,5.1332E+16
32765,6.17063E+18,6,6,34,26,2017,6,13,3,3,2,1,0,1,0,0,0,0,0,5.19334E+20,5.63878E+21,9.27495E+15,5.09003E+16
32766,6.17061E+18,6,6,11,0,2017,6,17,3,2,6,4,0,0,1,0,1,0,0,5.32703E+20,5.68169E+21,9.46894E+15,5.12856E+16
32767,6.17063E+18,6,4,39,7,2017,6,8,3,3,5,3,0,1,0,0,0,0,1,4.43391E+20,5.56977E+21,8.20552E+15,5.02774E+16
32768,6.17063E+18,6,4,39,6,2017,6,7,3,3,8,1,0,1,0,0,0,0,1,4.37272E+20,5.56364E+21,8.12068E+15,5.02216E+16
32769,6.17061E+18,6,6,11,0,2017,6,15,3,3,5,3,0,1,0,0,0,0,0,5.3239E+20,5.681E+21,9.46439E+15,5.12794E+16
32770,6.17063E+18,6,4,39,13,2017,6,13,3,3,8,1,0,0,0,1,0,0,1,4.2164E+20,5.53986E+21,7.90647E+15,5.00059E+16
32771,6.17063E+18,6,4,34,10,2017,6,0,3,3,5,2,0,1,0,1,0,2,0,4.69588E+20,5.55747E+21,8.57415E+15,5.01686E+16
32772,6.17062E+18,6,4,39,2,2017,6,20,3,3,0,1,0,0,0,1,0,0,0,4.31571E+20,5.55377E+21,8.04254E+15,5.01322E+16
32773,6.17061E+18,6,6,11,0,2017,6,10,3,2,1,2,1,1,0,0,0,0,0,5.33522E+20,5.68313E+21,9.48083E+15,5.12985E+16
32774,6.17061E+18,6,4,39,5,2017,6,19,3,2,8,1,0,0,0,1,0,0,0,4.25666E+20,5.56146E+21,7.95843E+15,5.02007E+16
32775,6.17063E+18,6,5,33,18,2017,6,14,3,2,5,3,0,1,0,0,0,0,0,4.54021E+20,5.59159E+21,8.35204E+15,5.04745E+16
32776,6.17063E+18,6,5,33,13,2017,6,10,3,3,5,3,0,1,0,0,0,0,0,4.40014E+20,5.58624E+21,8.15552E+15,5.04251E+16
32777,6.17062E+18,6,4,35,28,2017,6,12,3,3,5,2,0,0,0,1,1,0,0,5.35993E+20,5.56701E+21,9.50489E+15,5.02541E+16
32778,6.17061E+18,6,4,38,8,2017,6,13,3,3,5,2,0,1,0,0,0,0,0,4.8963E+20,5.55235E+21,8.85493E+15,5.01233E+16
32779,6.17061E+18,6,4,36,6,2017,6,18,3,3,5,3,0,1,0,0,0,0,0,4.52699E+20,5.54005E+21,8.33984E+15,5.00109E+16
32780,6.17063E+18,6,4,36,7,2017,6,16,3,3,0,7,1,0,0,0,0,0,0,4.55064E+20,5.54477E+21,8.37229E+15,5.00536E+16
32781,6.17062E+18,6,4,35,22,2017,6,16,3,2,0,7,0,1,0,0,1,0,0,4.89612E+20,5.56006E+21,8.85447E+15,5.01926E+16
32782,6.17061E+18,6,4,36,7,2017,6,6,3,3,0,3,1,0,0,0,1,0,0,4.57925E+20,5.54534E+21,8.4122E+15,5.00588E+16
32783,6.17061E+18,6,4,36,5,2017,6,18,3,3,0,6,0,1,0,1,0,0,0,4.63652E+20,5.54609E+21,8.49212E+15,5.0066E+16
32784,6.17062E+18,6,4,35,19,2017,6,15,3,2,8,1,0,0,0,1,0,0,0,4.84939E+20,5.55413E+21,8.78924E+15,5.01392E+16
32785,6.17061E+18,6,4,31,11,2017,6,21,3,3,8,1,0,1,0,1,0,2,0,4.75057E+20,5.49924E+21,8.65449E+15,4.96452E+16
32786,6.17062E+18,6,4,36,4,2017,6,15,3,3,5,3,0,1,0,0,0,0,0,4.57516E+20,5.542E+21,8.40685E+15,5.00288E+16
32787,6.17061E+18,6,4,37,3,2017,6,6,3,3,3,6,0,1,0,1,0,0,0,4.90694E+20,5.5143E+21,8.87074E+15,4.97811E+16
32788,6.17061E+18,6,5,34,10,2017,6,18,3,3,2,6,0,1,0,0,0,0,0,4.68353E+20,5.62232E+21,8.55138E+15,5.07517E+16
32789,6.17063E+18,6,4,36,8,2017,6,12,3,3,2,2,1,1,0,0,0,0,0,4.57212E+20,5.55794E+21,8.40082E+15,5.01721E+16
32790,6.1707E+18,6,4,14,0,2017,7,9,2,3,2,6,0,1,0,0,0,0,0,4.48245E+20,5.54835E+21,8.27657E+15,5.00852E+16
32791,6.17063E+18,6,4,40,3,2017,6,7,3,3,2,6,0,1,0,0,0,0,0,4.85012E+20,5.55953E+21,8.79004E+15,5.01878E+16
32792,6.17063E+18,6,4,40,1,2017,6,15,3,3,2,6,0,1,0,0,0,0,0,4.96323E+20,5.5705E+21,8.94839E+15,5.02866E+16
32793,6.17063E+18,6,5,32,17,2017,6,12,3,3,8,7,0,1,0,0,0,0,0,4.56271E+20,5.61599E+21,8.38087E+15,5.06941E+16
32794,6.17063E+18,6,5,32,11,2017,6,5,3,3,4,6,0,1,0,0,0,1,0,4.46573E+20,5.62136E+21,8.2428E+15,5.07416E+16
32795,6.17062E+18,6,4,40,4,2017,6,18,5,2,4,6,0,1,0,0,1,0,0,5.0565E+20,5.57122E+21,9.07932E+15,5.02931E+16
32796,6.17061E+18,6,5,35,14,2017,6,14,3,2,9,1,0,1,0,0,0,0,0,5.16149E+20,5.61899E+21,9.22877E+15,5.07225E+16
32797,6.17062E+18,6,4,12,0,2017,6,11,5,3,2,6,0,1,0,1,0,0,0,4.77984E+20,5.55056E+21,8.69212E+15,5.01069E+16
32798,6.17061E+18,6,4,33,12,2017,6,7,3,3,2,6,0,1,0,0,0,0,0,4.58151E+20,5.53414E+21,8.41657E+15,4.99582E+16
32799,6.17062E+18,6,6,35,7,2017,6,6,5,2,9,1,0,1,0,0,0,0,0,4.84945E+20,5.68757E+21,8.78387E+15,5.13392E+16
32800,6.17062E+18,6,6,35,20,2017,6,18,6,3,2,6,0,1,0,0,0,0,0,5.10991E+20,5.69692E+21,9.15808E+15,5.14234E+16
32801,6.17061E+18,6,5,34,6,2017,6,7,3,3,1,6,1,1,0,0,0,0,0,4.84359E+20,5.63285E+21,8.77782E+15,5.08472E+16
32802,6.1707E+18,6,4,39,8,2017,7,19,7,3,9,1,0,1,0,0,0,1,1,4.4511E+20,5.55999E+21,8.23107E+15,5.01895E+16
32803,6.1707E+18,6,6,32,15,2017,7,17,2,3,3,6,0,1,0,0,1,0,0,5.40255E+20,5.63044E+21,9.57152E+15,5.08242E+16
32804,6.1707E+18,6,4,31,13,2017,7,18,2,3,5,3,1,0,0,0,1,0,0,4.63335E+20,5.49391E+21,8.49263E+15,4.95966E+16
32805,6.17063E+18,6,4,32,4,2017,6,11,3,3,1,5,0,1,0,1,0,0,0,4.88135E+20,5.52784E+21,8.83477E+15,4.99029E+16
32806,6.1707E+18,6,4,35,25,2017,7,10,7,3,1,7,0,1,0,0,1,0,1,5.43563E+20,5.58052E+21,9.61264E+15,5.03752E+16
32807,6.17062E+18,6,5,31,5,2017,6,19,5,3,2,6,0,1,0,0,0,0,1,4.76178E+20,5.6044E+21,8.66346E+15,5.0591E+16
32808,6.1707E+18,6,4,40,12,2017,7,7,7,3,1,6,0,1,0,0,0,0,0,4.81869E+20,5.56479E+21,8.74578E+15,5.0235E+16
32809,6.17062E+18,6,6,31,20,2017,6,16,6,2,2,6,0,1,0,0,0,0,0,5.503E+20,5.60343E+21,9.71045E+15,5.05806E+16
32810,6.1707E+18,6,5,32,23,2017,7,10,2,3,3,3,0,1,0,0,1,0,0,4.64485E+20,5.60017E+21,8.49868E+15,5.05524E+16
32811,6.1707E+18,6,4,40,8,2017,7,14,2,2,5,3,1,1,0,0,0,0,0,4.8335E+20,5.57539E+21,8.76607E+15,5.03303E+16
32812,6.17063E+18,6,4,32,2,2017,6,12,3,3,0,2,0,0,0,1,1,0,1,4.94265E+20,5.53148E+21,8.92009E+15,4.99356E+16
32813,6.17063E+18,6,4,32,8,2017,6,17,3,3,2,6,0,1,0,0,0,0,0,4.67392E+20,5.52333E+21,8.54631E+15,4.98615E+16
32814,6.17062E+18,6,4,31,16,2017,6,12,6,3,2,6,0,1,0,0,1,0,0,4.67559E+20,5.50077E+21,8.55051E+15,4.96586E+16
32815,6.17063E+18,6,5,35,13,2017,6,8,3,3,9,1,0,1,0,0,0,0,0,4.99893E+20,5.60869E+21,8.99848E+15,5.06301E+16
32816,6.17062E+18,6,4,39,3,2017,6,15,6,3,5,5,0,1,0,0,0,0,0,4.36769E+20,5.54294E+21,8.11706E+15,5.00354E+16
32817,6.17061E+18,6,5,32,23,2017,6,12,3,2,2,6,0,1,1,0,0,0,0,4.67095E+20,5.59863E+21,8.53565E+15,5.05387E+16
32818,6.17063E+18,6,5,35,13,2017,6,13,3,3,0,1,0,0,0,1,0,0,1,5.00872E+20,5.6112E+21,9.01234E+15,5.06526E+16
32819,6.17063E+18,6,5,32,23,2017,6,16,3,2,4,6,0,1,0,0,0,0,0,4.65709E+20,5.60167E+21,8.51582E+15,5.05659E+16
32820,6.17062E+18,6,5,35,8,2017,6,6,6,3,8,1,0,1,0,0,0,0,0,5.22079E+20,5.59882E+21,9.31159E+15,5.05409E+16
32821,6.17061E+18,6,5,31,14,2017,6,18,3,3,5,6,0,1,0,0,0,0,0,4.79292E+20,5.59863E+21,8.70778E+15,5.05393E+16
32822,6.17063E+18,6,5,31,12,2017,6,16,3,3,2,6,0,1,0,0,0,0,0,4.75182E+20,5.5988E+21,8.64976E+15,5.05406E+16
32823,6.17063E+18,6,4,35,10,2017,6,6,3,3,7,7,0,1,0,0,1,0,0,5.10508E+20,5.56072E+21,9.14722E+15,5.01986E+16
32824,6.1707E+18,6,4,40,4,2017,7,16,7,3,8,1,0,1,0,0,0,0,1,5.09656E+20,5.57571E+21,9.13568E+15,5.03334E+16
32825,6.17061E+18,6,5,31,5,2017,6,17,3,3,3,2,1,1,0,0,0,0,0,4.75358E+20,5.60163E+21,8.65205E+15,5.05661E+16
32826,6.17061E+18,6,4,35,11,2017,6,19,3,2,5,3,1,1,0,0,0,0,0,4.9878E+20,5.54777E+21,8.98295E+15,5.00822E+16
32827,6.17063E+18,6,4,12,0,2017,6,10,3,3,2,6,0,1,0,0,1,0,0,4.74412E+20,5.54502E+21,8.64254E+15,5.00569E+16
32828,6.17063E+18,6,4,12,0,2017,6,17,3,3,3,6,0,1,0,0,1,0,0,4.70986E+20,5.55226E+21,8.59413E+15,5.01218E+16
32829,6.17061E+18,6,4,38,7,2017,6,8,3,3,2,6,0,1,0,0,1,0,0,5.00225E+20,5.53844E+21,9.00314E+15,4.99982E+16
32830,6.17061E+18,6,4,38,9,2017,6,18,3,2,2,1,0,1,0,0,1,0,0,4.80298E+20,5.54529E+21,8.72475E+15,5.00596E+16
32831,6.17063E+18,6,4,36,6,2017,6,16,3,3,2,6,0,1,0,0,1,0,0,4.56555E+20,5.54437E+21,8.39316E+15,5.005E+16
32832,6.17062E+18,6,4,31,19,2017,6,11,3,3,7,7,1,0,1,0,0,0,0,4.82173E+20,5.49583E+21,8.75322E+15,4.96148E+16
32833,6.17061E+18,6,4,12,0,2017,6,16,3,3,2,6,0,1,0,0,0,0,0,4.65952E+20,5.55119E+21,8.52381E+15,5.0112E+16
32834,6.17061E+18,6,4,12,0,2017,6,8,3,3,3,6,0,1,0,0,1,0,0,4.74171E+20,5.56059E+21,8.63811E+15,5.0197E+16
32835,6.17063E+18,6,4,40,1,2017,6,8,3,2,8,1,0,1,0,0,0,0,0,4.97482E+20,5.57123E+21,8.96465E+15,5.02932E+16
32836,6.17062E+18,6,4,31,11,2017,6,19,3,3,4,6,1,0,0,0,0,0,0,4.73961E+20,5.4991E+21,8.63932E+15,4.96439E+16
32837,6.17061E+18,6,4,12,0,2017,6,9,3,3,2,6,0,1,0,0,0,0,0,4.65608E+20,5.55098E+21,8.51901E+15,5.011E+16
32838,6.17062E+18,6,4,40,16,2017,6,17,3,3,8,1,1,0,0,0,0,0,0,5.00663E+20,5.58525E+21,9.00933E+15,5.04193E+16
32839,6.17061E+18,6,4,36,6,2017,6,18,3,3,2,6,0,1,0,0,1,0,0,4.56344E+20,5.54474E+21,8.39017E+15,5.00533E+16
32840,6.17061E+18,6,4,11,0,2017,6,9,3,3,2,6,0,1,0,0,0,0,0,4.72359E+20,5.52164E+21,8.61554E+15,4.98465E+16
32841,6.17063E+18,6,4,35,20,2017,6,18,2,2,5,3,1,1,0,0,0,0,0,4.98034E+20,5.56128E+21,8.97245E+15,5.02037E+16
32842,6.17063E+18,6,5,33,9,2017,6,21,2,3,2,1,0,1,0,0,0,2,0,4.33169E+20,5.58236E+21,8.05986E+15,5.03895E+16
32843,6.1707E+18,6,6,34,21,2017,7,16,2,2,2,1,0,1,0,0,0,0,0,5.20439E+20,5.63249E+21,9.29031E+15,5.08438E+16
32844,6.17061E+18,6,4,11,0,2017,6,13,3,3,9,1,0,1,0,0,0,0,0,4.71439E+20,5.52542E+21,8.60246E+15,4.98805E+16
32845,6.17063E+18,6,5,33,3,2017,6,5,2,3,2,6,0,1,0,0,0,0,0,4.46729E+20,5.57387E+21,8.25178E+15,5.03146E+16
32846,6.17061E+18,6,4,11,0,2017,6,10,3,3,2,6,0,1,0,0,0,0,0,4.73576E+20,5.52051E+21,8.63254E+15,4.98364E+16
32847,6.17063E+18,6,6,11,0,2017,6,16,2,3,5,3,0,1,0,1,0,0,0,5.33771E+20,5.68376E+21,9.48445E+15,5.13042E+16
32848,6.17063E+18,6,4,14,0,2017,6,8,2,3,5,3,0,1,0,1,0,0,0,4.44236E+20,5.54753E+21,8.22065E+15,5.00774E+16
32849,6.17063E+18,6,4,14,0,2017,6,18,2,3,2,6,0,1,0,0,0,0,0,4.44846E+20,5.54697E+21,8.22925E+15,5.00724E+16
32850,6.17063E+18,6,4,13,0,2017,6,18,2,3,2,6,0,1,0,0,0,0,0,4.8095E+20,5.54627E+21,8.73382E+15,5.00684E+16
32851,6.17062E+18,6,4,12,0,2017,6,17,5,3,2,6,0,1,0,0,0,0,0,4.70697E+20,5.55347E+21,8.59E+15,5.01327E+16
32852,6.17061E+18,6,5,31,12,2017,6,12,3,3,2,6,0,1,0,0,0,0,0,4.76127E+20,5.59624E+21,8.66326E+15,5.05176E+16
32853,6.17063E+18,6,4,13,0,2017,6,9,2,3,5,3,0,1,0,0,1,0,0,4.8218E+20,5.5488E+21,8.75087E+15,5.00912E+16
32854,6.17062E+18,6,4,31,2,2017,6,15,5,3,4,6,1,1,0,0,0,0,0,4.72403E+20,5.50291E+21,8.61747E+15,4.96781E+16
32855,6.17061E+18,6,4,35,23,2017,6,19,2,3,5,3,1,1,0,0,0,0,0,5.01092E+20,5.55459E+21,9.01529E+15,5.01436E+16
32856,6.17063E+18,6,4,13,0,2017,6,12,2,3,2,6,0,1,0,0,0,0,0,4.85166E+20,5.54938E+21,8.7926E+15,5.00965E+16
32857,6.17062E+18,6,6,34,26,2017,6,18,5,3,4,1,0,1,0,0,0,0,1,5.15352E+20,5.63309E+21,9.21808E+15,5.08493E+16
32858,6.17061E+18,6,4,35,13,2017,6,17,2,3,2,6,0,1,0,1,0,0,0,4.98728E+20,5.56333E+21,8.98216E+15,5.02221E+16
32859,6.17062E+18,6,4,14,0,2017,6,17,5,3,5,2,0,1,0,0,0,0,1,4.44105E+20,5.54798E+21,8.21875E+15,5.00814E+16
32860,6.17061E+18,6,5,31,17,2017,6,20,2,3,0,6,0,1,0,1,0,0,0,4.79542E+20,5.61345E+21,8.71048E+15,5.06726E+16
32861,6.17061E+18,6,6,36,13,2017,6,13,2,3,3,6,0,0,0,1,1,0,0,5.81069E+20,5.67181E+21,1.01601E+16,5.1192E+16
32862,6.17062E+18,6,4,12,0,2017,6,17,6,3,2,6,0,1,0,1,0,0,0,4.71615E+20,5.54442E+21,8.60351E+15,5.00514E+16
32863,6.17061E+18,6,6,35,7,2017,6,18,2,1,5,3,0,0,0,1,1,0,0,4.88112E+20,5.69084E+21,8.82923E+15,5.13687E+16
32864,6.17061E+18,6,5,33,8,2017,6,21,2,3,0,1,0,0,0,1,0,0,0,4.37523E+20,5.57722E+21,8.12195E+15,5.03437E+16
32865,6.1707E+18,6,4,40,4,2017,7,15,7,3,9,1,0,1,0,0,0,0,1,5.06764E+20,5.57394E+21,9.09501E+15,5.03175E+16
32866,6.1707E+18,6,5,32,9,2017,7,18,7,3,2,6,0,1,0,0,0,0,1,4.52457E+20,5.62669E+21,8.3255E+15,5.079E+16
32867,6.17062E+18,6,5,32,13,2017,6,13,3,3,2,6,0,1,0,0,0,0,0,4.65425E+20,5.61321E+21,8.51074E+15,5.06697E+16
32868,6.17061E+18,6,5,33,9,2017,6,0,2,2,0,1,1,0,0,0,0,2,0,4.3284E+20,5.5834E+21,8.05504E+15,5.03988E+16
32869,6.17062E+18,6,4,34,12,2017,6,18,4,3,2,6,0,1,0,0,0,2,0,4.6765E+20,5.57198E+21,8.54578E+15,5.0299E+16