OBJECTID,UIDENTSTLA,ULAND,UREGBEZ,UKREIS,UGEMEINDE,UJAHR,UMONAT,USTUNDE,UWOCHENTAG,UKATEGORIE,UART,UTYP1,IstRad,IstPKW,IstFuss,IstKrad,IstSonstig,LICHT,STRZUSTAND,LINREFX,LINREFY,XGCSWGS84,YGCSWGS84
33044,6.17061E+18,6,6,33,2,2017,6,17,1,2,8,1,0,0,0,1,0,0,0,5.30616E+20,5.71943E+21,9.44228E+15,5.1625E+16
33045,6.17062E+18,6,4,39,15,2017,6,13,7,3,5,2,1,1,0,0,0,0,0,4.41595E+20,5.5561E+21,8.18242E+15,5.01542E+16
33046,6.17062E+18,6,4,11,0,2017,6,7,5,3,5,2,1,1,0,0,0,0,0,4.74476E+20,5.52441E+21,8.6448E+15,4.98716E+16
33047,6.17061E+18,6,6,34,25,2017,6,14,1,2,3,6,0,0,0,1,0,0,0,5.2042E+20,5.66107E+21,9.29165E+15,5.11008E+16
33048,6.17062E+18,6,6,11,0,2017,6,8,5,3,0,5,1,1,0,0,0,0,0,5.36751E+20,5.68398E+21,9.52722E+15,5.13059E+16
33049,6.17061E+18,6,4,39,15,2017,6,15,1,2,9,1,0,1,0,0,0,0,0,4.41438E+20,5.55637E+21,8.18018E+15,5.01566E+16
33050,6.17061E+18,6,4,39,15,2017,6,12,1,3,0,1,0,0,0,1,0,0,0,4.40451E+20,5.55501E+21,8.16659E+15,5.01443E+16
33051,6.17061E+18,6,4,38,6,2017,6,15,1,3,4,6,1,0,0,0,0,0,0,4.77152E+20,5.53869E+21,8.6812E+15,5.00001E+16
33052,6.17061E+18,6,4,34,13,2017,6,10,1,2,4,1,0,1,0,1,0,0,0,4.5838E+20,5.57368E+21,8.41545E+15,5.03137E+16
33053,6.17062E+18,6,4,38,8,2017,6,13,7,3,3,6,0,1,0,0,0,0,0,4.87001E+20,5.55198E+21,8.81817E+15,5.01199E+16
33054,6.17062E+18,6,5,33,11,2017,6,23,7,3,9,1,0,0,0,1,0,2,0,4.40959E+20,5.60036E+21,8.16659E+15,5.05522E+16
33055,6.17062E+18,6,4,36,7,2017,6,11,7,3,2,6,0,1,0,0,0,0,0,4.54966E+20,5.54489E+21,8.3709E+15,5.00546E+16
33056,6.1707E+18,6,4,12,0,2017,7,14,2,3,2,6,0,1,0,0,1,0,0,4.65213E+20,5.55075E+21,8.51351E+15,5.0108E+16
33057,6.1707E+18,6,4,33,12,2017,7,20,2,3,2,6,0,1,0,0,0,0,0,4.59836E+20,5.53578E+21,8.43989E+15,4.9973E+16
33058,6.17062E+18,6,4,40,4,2017,6,14,7,3,2,6,0,1,0,0,0,0,0,5.08009E+20,5.57069E+21,9.11243E+15,5.02883E+16
33059,6.1707E+18,6,4,38,2,2017,7,19,2,3,4,1,0,1,0,0,0,0,0,4.77941E+20,5.54011E+21,8.69212E+15,5.00129E+16
33060,6.17062E+18,6,4,32,14,2017,6,12,7,3,5,7,0,1,0,0,0,0,0,4.78998E+20,5.51839E+21,8.70806E+15,4.98176E+16
33061,6.17062E+18,6,4,32,16,2017,6,0,7,3,1,1,0,1,0,0,0,2,0,4.81177E+20,5.51612E+21,8.73846E+15,4.97972E+16
33062,6.17061E+18,6,4,34,8,2017,6,11,1,2,8,1,0,0,0,1,0,0,0,4.62801E+20,5.56397E+21,8.47849E+15,5.02267E+16
33063,6.17062E+18,6,4,40,24,2017,6,14,7,3,5,3,0,1,0,0,0,0,0,4.89464E+20,5.58525E+21,8.8517E+15,5.04192E+16
33064,6.17062E+18,6,4,31,20,2017,6,12,7,3,2,6,0,1,0,0,0,0,0,4.69631E+20,5.48652E+21,8.58032E+15,4.95305E+16
33065,6.17062E+18,6,4,32,9,2017,6,19,6,3,2,6,0,1,0,1,0,0,0,4.85776E+20,5.51416E+21,8.80242E+15,4.97798E+16
33066,6.17061E+18,6,4,36,7,2017,6,23,1,3,9,1,0,1,0,0,0,2,0,4.55584E+20,5.55056E+21,8.37888E+15,5.01057E+16
33067,6.17062E+18,6,5,35,17,2017,6,12,7,2,5,3,0,1,0,1,0,0,0,5.21894E+20,5.61708E+21,9.31006E+15,5.07051E+16
33068,6.17062E+18,6,4,33,3,2017,6,18,7,3,5,2,0,1,0,0,0,0,0,4.64345E+20,5.52842E+21,8.50345E+15,4.99071E+16
33069,6.17062E+18,6,4,38,6,2017,6,14,6,3,4,6,0,1,0,0,1,0,0,4.78318E+20,5.53726E+21,8.69754E+15,4.99873E+16
33070,6.17061E+18,6,4,31,7,2017,6,16,1,2,8,1,0,1,0,0,0,0,0,4.82869E+20,5.49956E+21,8.76269E+15,4.96484E+16
33071,6.17062E+18,6,4,33,6,2017,6,16,7,3,5,3,0,1,0,0,0,0,0,4.67121E+20,5.53341E+21,8.54168E+15,4.99521E+16
33072,6.17062E+18,6,5,34,11,2017,6,7,7,2,8,7,0,1,0,0,0,0,0,4.95953E+20,5.6288E+21,8.94255E+15,5.08109E+16
33073,6.17062E+18,6,4,14,0,2017,6,15,6,3,2,2,0,1,0,1,0,0,0,4.40619E+20,5.54476E+21,8.17053E+15,5.00522E+16
33074,6.17061E+18,6,4,37,4,2017,6,13,1,2,5,3,0,1,0,1,0,0,0,5.0318E+20,5.51808E+21,9.0442E+15,4.98152E+16
33075,6.17061E+18,6,4,32,2,2017,6,20,1,3,9,1,0,1,0,0,0,0,0,4.97963E+20,5.5374E+21,8.97158E+15,4.99889E+16
33076,6.17062E+18,6,6,31,15,2017,6,11,7,3,8,1,0,1,0,0,0,0,0,5.55697E+20,5.61596E+21,9.78856E+15,5.06928E+16
33077,6.17061E+18,6,4,33,6,2017,6,18,1,3,8,1,0,1,0,1,0,0,0,4.60579E+20,5.52803E+21,8.45103E+15,4.99034E+16
33078,6.17061E+18,6,5,34,21,2017,6,18,1,3,2,6,0,1,0,0,0,0,1,4.80581E+20,5.63975E+21,8.7238E+15,5.0909E+16
33079,6.17062E+18,6,6,31,21,2017,6,12,7,2,4,1,0,1,0,1,0,0,0,5.65759E+20,5.5959E+21,9.92745E+15,5.05114E+16
33080,6.17061E+18,6,6,31,9,2017,6,11,1,3,5,3,0,1,0,1,0,0,0,5.48396E+20,5.59686E+21,9.6827E+15,5.05217E+16
33081,6.17062E+18,6,6,31,17,2017,6,11,7,3,5,3,1,1,0,0,0,0,0,5.4981E+20,5.59889E+21,9.70292E+15,5.05399E+16
33082,6.17062E+18,6,5,31,16,2017,6,14,3,3,2,6,0,1,0,0,0,0,0,4.87079E+20,5.60496E+21,8.81744E+15,5.05964E+16
33083,6.17061E+18,6,6,31,9,2017,6,11,1,3,0,7,0,0,0,1,0,0,0,5.47647E+20,5.60076E+21,9.67264E+15,5.05568E+16
33084,6.17062E+18,6,5,31,5,2017,6,15,3,3,5,2,0,1,0,0,0,0,0,4.79406E+20,5.60278E+21,8.70915E+15,5.05765E+16
33085,6.17061E+18,6,5,32,1,2017,6,16,1,2,1,5,0,1,0,0,0,0,0,4.62566E+20,5.60397E+21,8.4712E+15,5.05865E+16
33086,6.17062E+18,6,5,35,16,2017,6,19,7,2,8,1,0,0,0,1,0,0,0,5.06816E+20,5.59634E+21,9.09615E+15,5.0519E+16
33087,6.17062E+18,6,5,31,10,2017,6,15,7,3,9,1,0,0,0,1,0,0,0,5.06517E+20,5.59625E+21,9.09192E+15,5.05181E+16
33088,6.17062E+18,6,5,31,14,2017,6,0,7,3,5,2,0,0,1,0,1,2,0,4.78406E+20,5.6012E+21,8.69511E+15,5.05624E+16
33089,6.17061E+18,6,5,35,1,2017,6,22,1,3,3,6,0,1,0,0,0,2,0,5.33287E+20,5.62673E+21,9.47227E+15,5.07914E+16
33090,6.17062E+18,6,4,38,13,2017,6,15,7,2,0,7,0,1,0,0,0,0,0,4.97665E+20,5.54017E+21,8.96741E+15,5.00138E+16
33091,6.17062E+18,6,5,35,5,2017,6,12,7,3,2,6,0,1,0,0,1,0,0,5.06657E+20,5.61823E+21,9.09429E+15,5.07158E+16
33092,6.17061E+18,6,6,34,11,2017,6,8,1,3,9,7,0,1,0,0,0,0,0,5.35165E+20,5.64512E+21,9.50068E+15,5.09566E+16
33093,6.17062E+18,6,4,12,0,2017,6,9,7,3,3,6,0,1,0,0,1,0,0,4.711E+20,5.55203E+21,8.59574E+15,5.01198E+16
33094,6.17062E+18,6,4,36,6,2017,6,14,7,3,2,6,0,1,0,0,0,0,0,4.5628E+20,5.54486E+21,8.38926E+15,5.00544E+16
33095,6.17062E+18,6,4,38,13,2017,6,7,4,2,5,3,1,0,0,0,0,0,0,4.9795E+20,5.54392E+21,8.97137E+15,5.00475E+16
33096,6.17061E+18,6,6,32,2,2017,6,11,1,2,8,7,0,1,0,0,0,0,0,5.54003E+20,5.63428E+21,9.76727E+15,5.08577E+16
33097,6.17061E+18,6,4,12,0,2017,6,1,1,3,2,6,0,1,0,0,0,2,0,4.68209E+20,5.55245E+21,8.55527E+15,5.01234E+16
33098,6.17062E+18,6,4,31,20,2017,6,21,7,3,3,6,0,1,0,0,0,1,0,4.68082E+20,5.48836E+21,8.55877E+15,4.9547E+16
33099,6.17062E+18,6,4,32,8,2017,6,10,7,3,2,6,0,1,0,0,0,0,0,4.70285E+20,5.52412E+21,8.5865E+15,4.98687E+16
33100,6.17062E+18,6,4,14,0,2017,6,8,4,3,6,4,0,0,1,0,1,0,0,4.43836E+20,5.54747E+21,8.21506E+15,5.00769E+16
33101,6.17061E+18,6,4,35,6,2017,6,11,7,3,2,6,0,1,0,0,0,0,0,4.93678E+20,5.5584E+21,8.91146E+15,5.01778E+16
33102,6.17062E+18,6,6,36,3,2017,6,13,6,2,8,1,0,0,0,1,0,0,0,5.72534E+20,5.66882E+21,1.00374E+16,5.11662E+16
33103,6.17062E+18,6,4,35,23,2017,6,18,4,3,4,2,1,1,0,0,0,0,0,5.01169E+20,5.55463E+21,9.01636E+15,5.01439E+16
33104,6.17061E+18,6,6,36,1,2017,6,11,7,2,5,3,0,1,0,1,0,0,0,5.67824E+20,5.6799E+21,9.97217E+15,5.12665E+16
33105,6.17062E+18,6,6,34,4,2017,6,21,6,2,4,1,0,1,0,0,0,0,0,5.21268E+20,5.64918E+21,9.30306E+15,5.09938E+16
33106,6.17062E+18,6,6,31,23,2017,6,12,5,3,5,2,0,1,0,1,0,0,0,5.73973E+20,5.61214E+21,1.00465E+16,5.06564E+16
33107,6.17061E+18,6,6,34,1,2017,6,21,7,3,8,1,0,1,0,0,0,2,0,5.20264E+20,5.65568E+21,9.28911E+15,5.10523E+16
33108,6.17062E+18,6,4,39,6,2017,6,7,5,3,5,3,0,1,0,1,0,0,0,4.35075E+20,5.56242E+21,8.0901E+15,5.02104E+16
33109,6.17061E+18,6,5,33,3,2017,6,17,7,3,5,2,0,1,0,1,0,0,0,4.46978E+20,5.57323E+21,8.25538E+15,5.03088E+16
33110,6.17072E+18,6,6,35,19,2017,7,13,7,2,8,1,0,0,0,1,0,0,0,4.89399E+20,5.66394E+21,8.84851E+15,5.11268E+16
33111,6.17071E+18,6,5,32,21,2017,7,0,1,3,9,7,0,1,0,0,0,2,0,4.58081E+20,5.59584E+21,8.40877E+15,5.0513E+16
33112,6.1708E+18,6,5,31,12,2017,8,21,3,3,2,6,0,1,0,0,0,2,0,4.77183E+20,5.60072E+21,8.67788E+15,5.05579E+16
33113,6.17072E+18,6,6,36,5,2017,7,12,7,2,5,2,1,1,0,0,0,0,0,5.74522E+20,5.65885E+21,1.00638E+16,5.10763E+16
33114,6.17072E+18,6,4,39,3,2017,7,17,7,3,0,6,1,0,0,0,1,0,0,4.36784E+20,5.54273E+21,8.1173E+15,5.00335E+16
33115,6.17071E+18,6,4,37,9,2017,7,9,1,2,5,3,0,1,0,1,0,0,0,4.99844E+20,5.51609E+21,8.99783E+15,4.97973E+16
33116,6.17072E+18,6,5,33,15,2017,7,12,7,3,5,3,0,1,0,0,0,0,0,4.46212E+20,5.58326E+21,8.24319E+15,5.03989E+16
33117,6.17072E+18,6,4,36,7,2017,7,14,7,3,1,6,0,1,0,1,1,0,0,4.60887E+20,5.54859E+21,8.45324E+15,5.00883E+16
33118,6.17071E+18,6,4,39,10,2017,7,14,1,2,0,1,0,0,0,1,0,0,0,4.15715E+20,5.5467E+21,7.8223E+15,5.00666E+16
33119,6.17071E+18,6,5,31,4,2017,7,12,7,3,5,2,0,1,0,0,0,0,0,4.83729E+20,5.59991E+21,8.77034E+15,5.05509E+16
33120,6.17072E+18,6,4,31,11,2017,7,13,7,3,2,6,1,1,0,0,0,0,0,4.73962E+20,5.49902E+21,8.63935E+15,4.96432E+16
33121,6.17071E+18,6,6,31,6,2017,7,12,2,3,8,1,0,1,0,0,0,0,1,5.50697E+20,5.59116E+21,9.7144E+15,5.04702E+16
33122,6.17071E+18,6,6,31,18,2017,7,14,7,1,5,3,0,1,0,1,0,0,0,5.45753E+20,5.59074E+21,9.64468E+15,5.04669E+16
33123,6.17072E+18,6,5,32,9,2017,7,15,7,2,8,1,1,0,0,0,0,0,0,4.55553E+20,5.62726E+21,8.36935E+15,5.07954E+16
33124,6.17071E+18,6,6,33,29,2017,7,10,7,3,7,7,0,1,0,0,1,0,0,5.19614E+20,5.68716E+21,9.28156E+15,5.13354E+16
33125,6.17071E+18,6,6,35,16,2017,7,17,6,3,8,1,0,1,0,0,0,0,0,4.89439E+20,5.66996E+21,8.8489E+15,5.1181E+16
33126,6.17071E+18,6,6,33,20,2017,7,14,6,3,0,2,0,0,0,0,1,0,0,5.37918E+20,5.68529E+21,9.5441E+15,5.13177E+16
33127,6.1708E+18,6,5,31,16,2017,8,17,3,3,8,1,0,1,0,0,0,0,1,4.87437E+20,5.60615E+21,8.82246E+15,5.06071E+16
33128,6.17071E+18,6,6,33,15,2017,7,15,6,3,2,6,0,1,0,0,0,0,0,5.39493E+20,5.68253E+21,9.56639E+15,5.12927E+16
33129,6.1708E+18,6,4,40,15,2017,8,1,3,3,2,6,0,0,0,0,1,2,1,4.80558E+20,5.59125E+21,8.72602E+15,5.0473E+16
33130,6.17071E+18,6,4,14,0,2017,7,11,3,3,0,7,0,1,0,1,0,0,0,4.48513E+20,5.54016E+21,8.2814E+15,5.00116E+16
33131,6.17071E+18,6,4,12,0,2017,7,17,4,3,2,6,0,1,0,0,0,0,1,4.70867E+20,5.55404E+21,8.59232E+15,5.01379E+16
33132,6.17071E+18,6,5,34,18,2017,7,12,4,3,2,2,0,1,0,0,0,0,1,5.01029E+20,5.6303E+21,9.01461E+15,5.08244E+16
33133,6.17071E+18,6,4,38,8,2017,7,11,4,3,2,2,0,1,0,0,0,0,1,4.87222E+20,5.55214E+21,8.82125E+15,5.01214E+16
33134,6.17071E+18,6,4,12,0,2017,7,15,4,2,5,2,1,1,0,0,0,0,0,4.67793E+20,5.55019E+21,8.54963E+15,5.01031E+16
33135,6.17071E+18,6,4,35,11,2017,7,13,1,3,5,3,1,1,0,0,0,0,0,4.96171E+20,5.54912E+21,8.94646E+15,5.00944E+16
33136,6.17072E+18,6,4,32,15,2017,7,22,7,3,5,3,0,1,0,0,0,2,0,4.89896E+20,5.53036E+21,8.85923E+15,4.99256E+16
33137,6.17072E+18,6,4,32,9,2017,7,5,7,2,8,1,0,1,0,0,0,0,0,4.88165E+20,5.51611E+21,8.83555E+15,4.97973E+16
33138,6.17072E+18,6,5,34,7,2017,7,21,7,3,8,1,0,1,0,0,0,1,0,4.6951E+20,5.63461E+21,8.56675E+15,5.08623E+16
33139,6.1708E+18,6,5,31,3,2017,8,6,3,2,9,1,0,1,0,0,0,0,1,4.81261E+20,5.60925E+21,8.73503E+15,5.06348E+16
33140,6.17072E+18,6,4,33,14,2017,7,12,7,2,3,2,1,1,0,0,0,0,1,4.55598E+20,5.5273E+21,8.38176E+15,4.98964E+16
33141,6.17073E+18,6,5,31,5,2017,7,16,2,3,6,4,0,1,1,0,0,0,0,4.76957E+20,5.60346E+21,8.67452E+15,5.05826E+16
33142,6.17072E+18,6,5,34,12,2017,7,8,7,3,9,1,0,1,0,0,0,0,1,4.77546E+20,5.63274E+21,8.68106E+15,5.0846E+16
33143,6.17072E+18,6,5,31,9,2017,7,21,7,3,8,1,0,1,0,0,0,0,0,4.79503E+20,5.59482E+21,8.71096E+15,5.0505E+16
33144,6.17071E+18,6,6,11,0,2017,7,13,6,3,2,2,0,1,0,0,1,0,0,5.32951E+20,5.68491E+21,9.4728E+15,5.13145E+16
33145,6.17073E+18,6,5,31,5,2017,7,17,2,2,7,7,0,0,0,1,0,0,0,4.73861E+20,5.60601E+21,8.63062E+15,5.06054E+16
33146,6.17073E+18,6,6,36,3,2017,7,18,2,3,9,2,0,1,0,1,0,0,0,5.69892E+20,5.67307E+21,1.00005E+16,5.12047E+16
33147,6.17072E+18,6,4,35,10,2017,7,7,7,3,8,1,0,1,0,0,0,0,1,5.16074E+20,5.56107E+21,9.22523E+15,5.02016E+16
33148,6.17071E+18,6,4,14,0,2017,7,16,6,3,2,4,0,1,1,0,0,0,0,4.49613E+20,5.54548E+21,8.29605E+15,5.00595E+16
33149,6.17073E+18,6,6,32,12,2017,7,6,2,2,4,6,0,1,0,0,0,0,0,5.53534E+20,5.64169E+21,9.76168E+15,5.09243E+16
33150,6.17073E+18,6,5,33,8,2017,7,6,2,3,6,4,0,1,1,0,0,0,0,4.39814E+20,5.57333E+21,8.15477E+15,5.0309E+16
33151,6.17072E+18,6,6,34,3,2017,7,14,7,3,8,1,0,1,0,0,0,0,0,5.33151E+20,5.66428E+21,9.47375E+15,5.1129E+16
33152,6.17073E+18,6,5,33,9,2017,7,17,2,3,0,3,0,1,0,1,0,0,0,4.32852E+20,5.58188E+21,8.05548E+15,5.03852E+16
33153,6.17072E+18,6,5,33,9,2017,7,10,7,3,2,6,0,1,0,1,0,0,0,4.32132E+20,5.58396E+21,8.04498E+15,5.04038E+16
33154,6.17073E+18,6,6,11,0,2017,7,13,2,3,5,2,1,1,0,0,0,0,0,5.35487E+20,5.68483E+21,9.50917E+15,5.13137E+16
33155,6.17071E+18,6,4,13,0,2017,7,22,6,3,5,2,1,1,0,0,0,2,0,4.81773E+20,5.55E+21,8.74514E+15,5.01019E+16
33156,6.17073E+18,6,6,11,0,2017,7,14,2,3,5,3,0,1,0,0,0,0,0,5.3524E+20,5.68556E+21,9.5057E+15,5.13202E+16
33157,6.17072E+18,6,5,33,9,2017,7,10,7,3,2,6,0,1,0,0,0,0,0,4.32114E+20,5.58396E+21,8.04473E+15,5.04038E+16
33158,6.17072E+18,6,4,32,18,2017,7,11,7,3,2,6,0,1,0,0,0,0,0,4.68445E+20,5.51518E+21,8.56162E+15,4.97882E+16
33159,6.17072E+18,6,4,32,18,2017,7,5,7,3,9,1,0,1,0,0,0,0,1,4.70622E+20,5.52003E+21,8.59149E+15,4.9832E+16
33160,6.17073E+18,6,4,13,0,2017,7,15,2,3,5,3,1,1,0,0,0,0,0,4.80777E+20,5.55057E+21,8.73118E+15,5.0107E+16
33161,6.17072E+18,6,4,34,2,2017,7,12,7,3,2,6,0,1,0,0,0,0,0,4.75975E+20,5.56616E+21,8.66303E+15,5.02471E+16
33162,6.17072E+18,6,5,32,12,2017,7,20,7,2,8,1,0,1,0,0,0,0,1,4.50892E+20,5.61262E+21,8.30517E+15,5.06634E+16
33163,6.17073E+18,6,4,12,0,2017,7,15,2,3,2,6,0,1,0,0,0,0,0,4.7546E+20,5.54791E+21,8.657E+15,5.0083E+16
33164,6.17072E+18,6,4,34,2,2017,7,12,7,3,2,6,0,1,0,0,0,0,0,4.75975E+20,5.56595E+21,8.66306E+15,5.02453E+16
33165,6.17072E+18,6,6,35,16,2017,7,20,6,1,2,6,0,0,0,1,1,1,0,4.86794E+20,5.67254E+21,8.81097E+15,5.12041E+16
33166,6.17071E+18,6,4,13,0,2017,7,23,6,3,3,6,0,1,0,0,0,2,1,4.82747E+20,5.55032E+21,8.75874E+15,5.01049E+16
33167,6.17073E+18,6,4,12,0,2017,7,20,2,3,3,6,1,1,0,0,0,1,0,4.76394E+20,5.54946E+21,8.66995E+15,5.00969E+16
33168,6.17073E+18,6,4,12,0,2017,7,14,2,2,5,2,1,1,0,0,0,0,0,4.80385E+20,5.55158E+21,8.72564E+15,5.01161E+16
33169,6.17072E+18,6,6,32,15,2017,7,11,6,3,0,7,0,1,0,0,0,0,0,5.4258E+20,5.62386E+21,9.60377E+15,5.07649E+16
33170,6.17072E+18,6,5,35,11,2017,7,11,6,3,5,2,0,1,0,1,0,0,0,5.25982E+20,5.60838E+21,9.36734E+15,5.06267E+16
33171,6.17071E+18,6,6,33,3,2017,7,20,1,2,2,6,0,1,0,0,0,1,0,5.23548E+20,5.68284E+21,9.33774E+15,5.12964E+16
33172,6.17073E+18,6,4,12,0,2017,7,13,2,3,6,4,0,1,1,0,0,0,0,4.77668E+20,5.55119E+21,8.68766E+15,5.01125E+16
33173,6.17073E+18,6,4,11,0,2017,7,10,2,3,5,3,1,1,0,0,0,0,0,4.74618E+20,5.52287E+21,8.64687E+15,4.98577E+16
33174,6.17072E+18,6,5,33,6,2017,7,19,6,3,5,2,1,1,0,0,0,0,0,4.31647E+20,5.58416E+21,8.03812E+15,5.04055E+16
33175,6.17071E+18,6,4,12,0,2017,7,14,6,2,5,3,0,1,0,0,0,0,0,4.72662E+20,5.55793E+21,8.61716E+15,5.0173E+16
33176,6.17073E+18,6,6,34,17,2017,7,16,2,3,2,6,0,1,0,0,0,0,0,5.22986E+20,5.636E+21,9.3267E+15,5.08752E+16
33177,6.17073E+18,6,6,11,0,2017,7,11,2,2,5,3,0,1,0,0,0,0,0,5.31599E+20,5.68475E+21,9.45338E+15,5.13131E+16
33178,6.17072E+18,6,5,33,9,2017,7,15,6,3,0,3,0,1,0,1,0,0,0,4.34721E+20,5.58144E+21,8.08185E+15,5.03814E+16
33179,6.17071E+18,6,4,12,0,2017,7,11,6,3,5,3,1,1,0,0,0,0,0,4.78221E+20,5.55343E+21,8.69526E+15,5.01327E+16
33180,6.17073E+18,6,4,35,28,2017,7,9,2,3,5,3,0,1,0,0,1,0,0,5.33387E+20,5.57399E+21,9.46896E+15,5.0317E+16
33181,6.17071E+18,6,6,35,20,2017,7,16,6,2,4,1,0,1,0,1,0,0,0,5.06334E+20,5.69398E+21,9.09104E+15,5.1397E+16
33182,6.17073E+18,6,4,39,13,2017,7,2,2,3,9,1,0,1,0,0,0,2,0,4.24068E+20,5.53714E+21,7.94088E+15,4.99817E+16
33183,6.17073E+18,6,4,38,10,2017,7,20,2,3,5,2,1,1,0,0,0,0,0,4.90211E+20,5.54815E+21,8.86317E+15,5.00855E+16
33184,6.17073E+18,6,4,34,7,2017,7,14,2,3,2,3,0,1,0,0,0,0,0,4.65541E+20,5.57253E+21,8.51612E+15,5.03039E+16
33185,6.17073E+18,6,4,36,7,2017,7,20,2,3,8,1,0,1,0,0,0,0,0,4.6139E+20,5.55014E+21,8.46011E+15,5.01022E+16
33186,6.17072E+18,6,5,33,8,2017,7,10,6,2,5,3,0,1,0,1,0,0,0,4.37039E+20,5.57982E+21,8.11472E+15,5.03671E+16
33187,6.17071E+18,6,6,35,1,2017,7,8,6,2,9,7,0,1,0,0,0,0,1,4.79066E+20,5.65307E+21,8.70147E+15,5.10288E+16
33188,6.17073E+18,6,4,35,10,2017,7,17,2,3,5,3,0,1,0,0,0,0,0,5.13554E+20,5.56099E+21,9.18992E+15,5.0201E+16
33189,6.17073E+18,6,4,32,20,2017,7,14,2,3,8,1,0,1,0,0,0,0,1,4.84021E+20,5.52494E+21,8.77761E+15,4.98766E+16
33190,6.17072E+18,6,4,14,0,2017,7,14,6,3,2,6,0,1,0,0,0,0,0,4.47395E+20,5.54188E+21,8.26557E+15,5.00269E+16
33191,6.17071E+18,6,6,35,11,2017,7,7,6,2,8,1,0,1,0,0,0,0,1,4.88427E+20,5.65983E+21,8.83474E+15,5.10898E+16
33192,6.17073E+18,6,5,34,4,2017,7,14,2,2,3,7,0,1,0,1,0,0,0,4.626E+20,5.64122E+21,8.4679E+15,5.09214E+16
33193,6.17071E+18,6,6,36,11,2017,7,10,6,2,3,6,0,1,0,0,1,0,0,5.63811E+20,5.65626E+21,9.91046E+15,5.10543E+16
33194,6.17073E+18,6,4,31,13,2017,7,11,2,3,2,6,0,1,0,0,0,0,0,4.6334E+20,5.4939E+21,8.49269E+15,4.95965E+16
33195,6.17072E+18,6,4,13,0,2017,7,6,6,3,2,6,0,1,0,0,0,0,0,4.8455E+20,5.55022E+21,8.78396E+15,5.0104E+16
33196,6.17072E+18,6,4,12,0,2017,7,12,6,3,2,6,0,1,0,0,0,0,0,4.79009E+20,5.5549E+21,8.70621E+15,5.0146E+16
33197,6.17073E+18,6,4,33,5,2017,7,10,2,3,2,6,0,1,0,0,0,0,0,4.52764E+20,5.53833E+21,8.34096E+15,4.99954E+16
33198,6.17072E+18,6,4,12,0,2017,7,15,6,3,3,2,0,1,0,1,0,0,0,4.78919E+20,5.55123E+21,8.70516E+15,5.0113E+16
33199,6.17072E+18,6,4,37,2,2017,7,20,6,2,4,1,0,1,0,1,0,1,0,4.98654E+20,5.49264E+21,8.98138E+15,4.95863E+16
33200,6.17071E+18,6,4,12,0,2017,7,17,1,3,9,1,0,0,0,1,0,0,0,4.70137E+20,5.55229E+21,8.58226E+15,5.01221E+16
33201,6.17073E+18,6,4,35,14,2017,7,16,2,3,5,3,1,1,0,0,0,0,0,4.96169E+20,5.54912E+21,8.94644E+15,5.00944E+16
33202,6.17072E+18,6,6,36,6,2017,7,14,6,3,5,3,0,1,0,0,0,0,0,5.56374E+20,5.67001E+21,9.8065E+15,5.11787E+16
33203,6.17072E+18,6,6,32,18,2017,7,17,6,3,5,7,1,1,0,0,0,0,0,5.51702E+20,5.64971E+21,9.73676E+15,5.09967E+16
33204,6.17071E+18,6,4,33,4,2017,7,18,1,3,1,5,1,1,0,0,0,0,0,4.62671E+20,5.51103E+21,8.48181E+15,4.97506E+16
33205,6.17071E+18,6,4,39,5,2017,7,18,6,3,0,6,0,0,0,0,1,0,0,4.23013E+20,5.56183E+21,7.92119E+15,5.02036E+16
33206,6.17073E+18,6,5,32,1,2017,7,9,2,3,2,6,0,1,0,0,1,0,0,4.6E+20,5.6049E+21,8.43486E+15,5.05947E+16
33207,6.17072E+18,6,6,32,18,2017,7,18,6,3,8,1,0,1,0,0,0,0,0,5.5337E+20,5.6493E+21,9.76048E+15,5.09928E+16
33208,6.17072E+18,6,4,39,15,2017,7,14,6,3,2,6,0,1,0,1,0,0,0,4.39764E+20,5.55481E+21,8.157E+15,5.01425E+16
33209,6.17071E+18,6,4,34,7,2017,7,0,1,3,9,1,0,1,0,0,0,2,0,4.6503E+20,5.571E+21,8.50908E+15,5.02901E+16
33210,6.17071E+18,6,4,35,25,2017,7,14,6,2,4,6,0,1,0,0,0,0,0,5.34978E+20,5.57916E+21,9.49178E+15,5.03634E+16
33211,6.17073E+18,6,4,35,17,2017,7,14,2,2,1,7,0,1,0,0,1,0,0,5.00778E+20,5.55945E+21,9.01089E+15,5.01872E+16
33212,6.17072E+18,6,4,39,12,2017,7,14,6,2,0,7,0,0,0,1,1,0,0,4.3133E+20,5.54003E+21,8.04164E+15,5.00086E+16
33213,6.17071E+18,6,4,34,13,2017,7,11,6,3,1,7,1,1,0,0,0,0,0,4.55832E+20,5.57643E+21,8.37933E+15,5.03383E+16
33214,6.17073E+18,6,4,35,7,2017,7,10,2,3,3,6,0,1,0,0,0,0,0,4.99626E+20,5.55469E+21,8.99477E+15,5.01445E+16
33215,6.17072E+18,6,4,36,4,2017,7,15,6,3,3,6,0,1,0,0,0,0,0,4.58115E+20,5.54256E+21,8.41515E+15,5.00339E+16
33216,6.17071E+18,6,4,34,8,2017,7,15,6,3,5,2,0,1,0,0,0,0,0,4.6952E+20,5.56237E+21,8.57282E+15,5.02127E+16
33217,6.17073E+18,6,4,14,0,2017,7,18,2,3,2,6,0,1,0,0,0,0,0,4.47811E+20,5.5447E+21,8.27099E+15,5.00523E+16
33218,6.17071E+18,6,4,34,6,2017,7,11,6,3,2,6,0,1,0,0,0,0,0,4.66143E+20,5.5579E+21,8.52589E+15,5.01724E+16