OBJECTID,UIDENTSTLA,ULAND,UREGBEZ,UKREIS,UGEMEINDE,UJAHR,UMONAT,USTUNDE,UWOCHENTAG,UKATEGORIE,UART,UTYP1,IstRad,IstPKW,IstFuss,IstKrad,IstSonstig,LICHT,STRZUSTAND,LINREFX,LINREFY,XGCSWGS84,YGCSWGS84
33393,6.17073E+18,6,6,36,6,2017,7,15,6,2,8,1,0,0,0,1,0,0,0,5.58704E+20,5.67392E+21,9.84048E+15,5.12136E+16
33394,6.17072E+18,6,6,31,7,2017,7,21,5,3,7,7,0,1,0,0,0,2,0,5.57931E+20,5.62636E+21,9.82182E+15,5.07861E+16
33395,6.17072E+18,6,5,31,6,2017,7,14,5,2,5,3,0,1,0,1,0,0,0,4.92025E+20,5.60252E+21,8.88737E+15,5.05746E+16
33396,6.17073E+18,6,6,33,28,2017,7,19,6,2,5,2,0,1,0,1,0,0,0,5.10976E+20,5.68543E+21,9.1575E+15,5.13201E+16
33397,6.17072E+18,6,5,31,7,2017,7,15,5,2,9,1,0,1,0,0,0,0,0,4.72772E+20,5.60533E+21,8.61528E+15,5.05992E+16
33398,6.17072E+18,6,4,38,10,2017,7,14,5,3,2,6,0,1,0,0,0,0,0,4.87556E+20,5.54612E+21,8.82612E+15,5.00672E+16
33399,6.17071E+18,6,4,12,0,2017,7,1,6,2,8,1,0,0,0,0,1,2,0,4.71487E+20,5.55115E+21,8.60123E+15,5.01119E+16
33400,6.17073E+18,6,6,33,5,2017,7,14,6,2,8,1,0,1,0,0,0,0,0,5.25492E+20,5.69419E+21,9.36644E+15,5.13984E+16
33401,6.17072E+18,6,4,35,12,2017,7,18,5,3,2,6,0,1,0,0,1,0,1,5.06383E+20,5.5597E+21,9.08941E+15,5.01895E+16
33402,6.17071E+18,6,5,33,6,2017,7,13,6,3,2,6,0,1,0,0,0,0,0,4.27622E+20,5.58499E+21,7.98133E+15,5.04125E+16
33403,6.17073E+18,6,6,11,0,2017,7,22,6,2,9,1,0,1,0,0,0,2,0,5.31896E+20,5.68428E+21,9.45761E+15,5.1309E+16
33404,6.17073E+18,6,6,32,3,2017,7,12,6,3,8,1,0,1,0,0,0,0,0,5.55394E+20,5.64595E+21,9.7888E+15,5.09625E+16
33405,6.17072E+18,6,5,35,1,2017,7,11,5,3,2,6,0,1,0,0,0,0,1,5.15407E+20,5.61936E+21,9.21828E+15,5.07258E+16
33406,6.17071E+18,6,4,11,0,2017,7,5,6,3,8,1,0,1,0,0,0,0,1,4.71369E+20,5.52446E+21,8.60155E+15,4.98718E+16
33407,6.17073E+18,6,6,34,5,2017,7,17,6,2,8,1,0,0,0,1,0,0,0,5.16272E+20,5.6688E+21,9.23275E+15,5.11704E+16
33408,6.17073E+18,6,6,35,19,2017,7,13,6,3,8,1,1,0,0,0,0,0,1,4.91621E+20,5.66881E+21,8.88015E+15,5.11707E+16
33409,6.17072E+18,6,5,33,9,2017,7,8,5,3,8,1,0,1,0,0,1,0,1,4.34185E+20,5.58328E+21,8.07399E+15,5.03978E+16
33410,6.17071E+18,6,4,11,0,2017,7,13,6,3,2,6,0,1,0,0,0,0,0,4.71177E+20,5.52331E+21,8.59897E+15,4.98615E+16
33411,6.17073E+18,6,4,39,12,2017,7,15,6,3,2,6,0,1,0,0,0,0,0,4.32983E+20,5.54059E+21,8.06461E+15,5.00139E+16
33412,6.17072E+18,6,4,34,1,2017,7,12,5,2,2,6,0,1,0,1,0,0,0,4.75981E+20,5.56463E+21,8.66322E+15,5.02334E+16
33413,6.17071E+18,6,4,33,5,2017,7,7,6,3,3,6,0,1,0,0,0,0,1,4.52087E+20,5.53656E+21,8.33173E+15,4.99795E+16
33414,6.17073E+18,6,4,38,10,2017,7,12,6,3,2,6,0,1,0,0,0,0,0,4.90313E+20,5.54685E+21,8.86462E+15,5.00738E+16
33415,6.17071E+18,6,4,40,24,2017,7,16,6,3,0,6,0,1,0,0,1,0,0,4.88015E+20,5.58504E+21,8.83131E+15,5.04173E+16
33416,6.17073E+18,6,4,38,10,2017,7,14,6,3,5,2,0,1,0,0,1,0,0,4.90697E+20,5.54621E+21,8.87001E+15,5.00681E+16
33417,6.17072E+18,6,4,40,6,2017,7,6,5,3,8,7,0,0,0,0,1,0,1,4.94271E+20,5.58349E+21,8.91939E+15,5.04034E+16
33418,6.17071E+18,6,4,35,21,2017,7,18,1,3,5,3,0,1,0,1,0,0,0,4.90812E+20,5.56279E+21,8.87121E+15,5.02172E+16
33419,6.17071E+18,6,4,32,2,2017,7,17,2,3,2,6,0,1,0,0,0,0,1,4.96288E+20,5.53537E+21,8.94824E+15,4.99707E+16
33420,6.17071E+18,6,6,34,14,2017,7,14,2,3,5,7,1,1,0,0,0,0,1,5.37898E+20,5.66485E+21,9.54165E+15,5.11339E+16
33421,6.17072E+18,6,6,36,3,2017,7,2,4,2,2,6,0,1,0,0,0,2,0,5.71909E+20,5.66963E+21,1.00286E+16,5.11735E+16
33422,6.17072E+18,6,5,35,11,2017,7,3,4,3,2,6,0,0,0,0,1,2,0,5.27012E+20,5.61166E+21,9.38214E+15,5.06562E+16
33423,6.17073E+18,6,5,33,17,2017,7,17,6,1,5,3,0,1,0,1,0,0,0,4.51545E+20,5.59288E+21,8.31697E+15,5.04859E+16
33424,6.17072E+18,6,4,14,0,2017,7,6,4,3,2,6,0,1,0,0,0,0,0,4.45537E+20,5.54685E+21,8.23892E+15,5.00714E+16
33425,6.17073E+18,6,4,31,7,2017,7,10,6,3,5,2,0,1,0,0,0,0,0,4.83947E+20,5.49975E+21,8.77762E+15,4.96501E+16
33426,6.17072E+18,6,4,12,0,2017,7,8,4,3,5,3,1,1,0,0,0,0,0,4.7277E+20,5.55533E+21,8.61886E+15,5.01496E+16
33427,6.17072E+18,6,4,12,0,2017,7,10,4,3,2,6,1,1,0,0,0,0,0,4.76374E+20,5.55438E+21,8.66937E+15,5.01412E+16
33428,6.17073E+18,6,4,31,19,2017,7,17,6,2,5,2,0,1,0,1,0,0,0,4.82483E+20,5.4953E+21,8.75753E+15,4.961E+16
33429,6.17072E+18,6,4,12,0,2017,7,23,4,3,1,6,0,1,0,0,0,2,0,4.75409E+20,5.54776E+21,8.65629E+15,5.00816E+16
33430,6.17072E+18,6,4,12,0,2017,7,12,4,3,9,7,1,0,0,0,0,0,0,4.80788E+20,5.55178E+21,8.73127E+15,5.01179E+16
33431,6.17071E+18,6,6,33,26,2017,7,16,7,3,5,3,0,1,0,0,0,0,0,5.32665E+20,5.69034E+21,9.46919E+15,5.13634E+16
33432,6.17071E+18,6,5,35,13,2017,7,13,6,3,2,6,0,1,0,0,0,0,0,4.99293E+20,5.61021E+21,8.99E+15,5.06437E+16
33433,6.17073E+18,6,4,40,16,2017,7,4,6,3,7,7,0,1,0,0,0,2,1,4.99898E+20,5.58606E+21,8.99857E+15,5.04266E+16
33434,6.17073E+18,6,4,38,12,2017,7,14,6,3,5,3,1,1,0,0,0,0,0,4.85744E+20,5.5359E+21,8.80118E+15,4.99753E+16
33435,6.17072E+18,6,4,12,0,2017,7,13,4,3,0,6,0,1,0,1,0,0,0,4.75662E+20,5.55E+21,8.65969E+15,5.01017E+16
33436,6.17071E+18,6,6,31,13,2017,7,11,1,3,0,1,0,0,0,1,0,0,0,5.5864E+20,5.60185E+21,9.82799E+15,5.05657E+16
33437,6.17071E+18,6,4,35,24,2017,7,13,5,2,5,2,0,1,0,1,0,0,0,5.02996E+20,5.56532E+21,9.04202E+15,5.02401E+16
33438,6.17073E+18,6,4,32,20,2017,7,17,6,2,5,3,1,1,0,0,0,0,0,4.80872E+20,5.52357E+21,8.73385E+15,4.98642E+16
33439,6.17073E+18,6,4,31,2,2017,7,13,6,3,1,5,0,1,0,0,0,0,0,4.71895E+20,5.50263E+21,8.61045E+15,4.96756E+16
33440,6.17072E+18,6,4,37,15,2017,7,17,4,2,8,1,0,0,0,1,0,0,0,5.01976E+20,5.49245E+21,9.02733E+15,4.95846E+16
33441,6.17071E+18,6,6,35,21,2017,7,0,5,2,0,6,0,1,0,1,0,2,0,4.99949E+20,5.67768E+21,8.99927E+15,5.12505E+16
33442,6.17073E+18,6,5,34,21,2017,7,19,6,3,8,1,0,1,0,0,0,0,0,4.82912E+20,5.63707E+21,8.75707E+15,5.08851E+16
33443,6.17072E+18,6,4,37,11,2017,7,15,4,2,8,1,0,1,0,0,0,0,0,5.08399E+20,5.51065E+21,9.11659E+15,4.97483E+16
33444,6.17071E+18,6,6,32,8,2017,7,15,5,3,9,6,0,1,0,0,0,0,0,5.46724E+20,5.62356E+21,9.66249E+15,5.07619E+16
33445,6.17073E+18,6,6,31,23,2017,7,7,6,2,8,7,0,1,0,0,0,0,0,5.71655E+20,5.60861E+21,1.0013E+16,5.0625E+16
33446,6.17071E+18,6,6,33,20,2017,7,8,5,3,2,6,0,1,0,0,0,0,0,5.38507E+20,5.68584E+21,9.55262E+15,5.13225E+16
33447,6.17073E+18,6,4,35,14,2017,7,19,6,3,5,3,0,1,0,0,0,0,0,4.93558E+20,5.55348E+21,8.90986E+15,5.01335E+16
33448,6.17073E+18,6,5,31,5,2017,7,22,6,3,2,6,0,1,0,0,0,2,0,4.79362E+20,5.60408E+21,8.70846E+15,5.05882E+16
33449,6.17071E+18,6,4,12,0,2017,7,16,2,3,2,6,0,1,0,0,0,0,0,4.7616E+20,5.54992E+21,8.66665E+15,5.0101E+16
33450,6.17073E+18,6,4,35,14,2017,7,13,6,2,3,5,0,1,0,1,0,0,0,4.93835E+20,5.55044E+21,8.91379E+15,5.01062E+16
33451,6.17071E+18,6,4,35,10,2017,7,5,3,2,3,6,0,1,0,0,0,0,1,5.16167E+20,5.56121E+21,9.22654E+15,5.02029E+16
33452,6.17071E+18,6,4,32,8,2017,7,17,3,3,5,2,1,1,0,0,0,0,1,4.70954E+20,5.52372E+21,8.59584E+15,4.98652E+16
33453,6.17071E+18,6,4,37,1,2017,7,17,3,2,5,2,0,1,0,1,0,0,1,5.0025E+20,5.51046E+21,9.00347E+15,4.97466E+16
33454,6.1708E+18,6,6,33,15,2017,8,17,3,3,8,3,0,1,0,0,1,0,1,5.40108E+20,5.68146E+21,9.57509E+15,5.12831E+16
33455,6.17071E+18,6,6,34,1,2017,7,14,3,3,2,6,0,1,0,0,0,0,0,5.16303E+20,5.65723E+21,9.23267E+15,5.10664E+16
33456,6.17071E+18,6,6,33,26,2017,7,14,7,3,5,3,0,1,0,0,0,0,0,5.32854E+20,5.6912E+21,9.47198E+15,5.13711E+16
33457,6.17073E+18,6,6,34,11,2017,7,6,6,3,3,6,0,0,0,0,1,0,0,5.34768E+20,5.65608E+21,9.49607E+15,5.10552E+16
33458,6.17072E+18,6,6,33,28,2017,7,23,4,3,7,7,0,0,0,1,0,2,1,5.12602E+20,5.68206E+21,9.18072E+15,5.12897E+16
33459,6.1708E+18,6,6,11,0,2017,8,18,3,3,5,3,0,1,0,0,0,0,1,5.36223E+20,5.68425E+21,9.51968E+15,5.13084E+16
33460,6.1708E+18,6,4,14,0,2017,8,7,3,3,8,1,0,1,0,0,0,0,1,4.50625E+20,5.55499E+21,8.30896E+15,5.01451E+16
33461,6.17073E+18,6,5,35,1,2017,7,13,6,3,2,6,0,1,0,0,0,0,0,5.20195E+20,5.62127E+21,9.28623E+15,5.07429E+16
33462,6.17072E+18,6,6,33,29,2017,7,9,4,3,9,1,0,1,0,0,0,0,0,5.22975E+20,5.69147E+21,9.33008E+15,5.1374E+16
33463,6.17072E+18,6,6,33,16,2017,7,13,4,3,5,3,0,1,0,0,0,0,0,5.2133E+20,5.70106E+21,9.30703E+15,5.14603E+16
33464,6.17073E+18,6,5,35,5,2017,7,13,6,3,2,6,0,1,0,0,0,0,0,5.07546E+20,5.61808E+21,9.10688E+15,5.07145E+16
33465,6.17072E+18,6,6,11,0,2017,7,15,4,3,5,3,0,1,0,0,0,0,0,5.32818E+20,5.68193E+21,9.47061E+15,5.12877E+16
33466,6.17072E+18,6,6,34,2,2017,7,14,4,3,5,3,0,1,0,0,0,0,0,5.29491E+20,5.67515E+21,9.42235E+15,5.1227E+16
33467,6.17073E+18,6,4,33,6,2017,7,12,6,3,2,6,0,1,0,0,0,0,0,4.62558E+20,5.53236E+21,8.47818E+15,4.99424E+16
33468,6.17072E+18,6,6,35,1,2017,7,14,4,2,2,6,0,1,0,1,0,0,0,4.80836E+20,5.65371E+21,8.72669E+15,5.10346E+16
33469,6.17072E+18,6,4,39,16,2017,7,12,4,2,4,6,0,1,0,1,0,0,0,4.54924E+20,5.56764E+21,8.36763E+15,5.02591E+16
33470,6.17071E+18,6,6,11,0,2017,7,19,5,2,5,3,0,1,0,1,0,0,1,5.3546E+20,5.68542E+21,9.50884E+15,5.1319E+16
33471,6.17073E+18,6,5,31,12,2017,7,13,6,2,3,6,0,1,0,1,0,0,0,4.77066E+20,5.60067E+21,8.67623E+15,5.05575E+16
33472,6.17072E+18,6,4,39,5,2017,7,18,4,3,2,6,0,1,0,0,0,0,0,4.28793E+20,5.55839E+21,8.00283E+15,5.01734E+16
33473,6.17072E+18,6,4,39,15,2017,7,20,4,3,9,1,0,0,0,1,0,0,0,4.35566E+20,5.55454E+21,8.0983E+15,5.01396E+16
33474,6.17071E+18,6,4,14,0,2017,7,13,5,3,2,6,0,1,0,0,0,0,0,4.48407E+20,5.5502E+21,8.27857E+15,5.01018E+16
33475,6.17073E+18,6,6,36,14,2017,7,20,5,2,9,1,0,1,0,0,0,0,1,5.72546E+20,5.66678E+21,1.00372E+16,5.11479E+16
33476,6.17073E+18,6,5,33,9,2017,7,23,5,3,9,1,0,1,0,0,0,2,0,4.35371E+20,5.58693E+21,8.09003E+15,5.04309E+16
33477,6.17071E+18,6,4,13,0,2017,7,21,5,3,6,7,1,0,1,0,0,0,1,4.82767E+20,5.55022E+21,8.75902E+15,5.0104E+16
33478,6.17073E+18,6,6,33,1,2017,7,6,5,3,9,1,0,1,0,0,0,0,1,5.29072E+20,5.69193E+21,9.41771E+15,5.13778E+16
33479,6.17073E+18,6,6,11,0,2017,7,17,5,2,6,4,0,1,1,0,0,0,0,5.35429E+20,5.68537E+21,9.5084E+15,5.13186E+16
33480,6.17072E+18,6,4,35,28,2017,7,20,4,3,9,1,0,1,0,0,0,0,1,5.33029E+20,5.57787E+21,9.46427E+15,5.0352E+16
33481,6.17071E+18,6,4,12,0,2017,7,7,5,3,2,6,0,1,0,0,0,0,0,4.70114E+20,5.55249E+21,8.58192E+15,5.01239E+16
33482,6.17073E+18,6,6,11,0,2017,7,16,5,3,5,3,0,1,0,1,0,0,0,5.34945E+20,5.6855E+21,9.50147E+15,5.13197E+16
33483,6.17072E+18,6,4,39,3,2017,7,9,4,3,3,2,1,0,0,0,1,0,0,4.37283E+20,5.54201E+21,8.12438E+15,5.00271E+16
33484,6.17072E+18,6,4,38,2,2017,7,8,4,3,3,6,1,1,0,0,0,0,0,4.77535E+20,5.53936E+21,8.68649E+15,5.00062E+16
33485,6.17073E+18,6,4,14,0,2017,7,18,5,3,2,6,0,1,0,1,0,0,1,4.4388E+20,5.54591E+21,8.21591E+15,5.00628E+16
33486,6.17072E+18,6,4,35,19,2017,7,10,4,3,5,2,1,1,0,0,0,0,0,4.8888E+20,5.55336E+21,8.84441E+15,5.01324E+16
33487,6.17072E+18,6,4,35,19,2017,7,16,4,3,2,6,0,1,0,0,0,0,0,4.85913E+20,5.5597E+21,8.80267E+15,5.01893E+16
33488,6.17071E+18,6,4,12,0,2017,7,20,5,3,5,3,0,1,0,0,0,1,1,4.71634E+20,5.54986E+21,8.60337E+15,5.01004E+16
33489,6.17073E+18,6,4,14,0,2017,7,6,5,3,2,6,0,1,0,0,0,1,1,4.44201E+20,5.54618E+21,8.22035E+15,5.00653E+16
33490,6.17072E+18,6,5,33,18,2017,7,5,4,3,6,7,0,1,1,0,0,0,0,4.52794E+20,5.58309E+21,8.33582E+15,5.0398E+16
33491,6.1708E+18,6,4,14,0,2017,8,17,3,3,0,1,0,0,0,1,0,0,1,4.4468E+20,5.54675E+21,8.22696E+15,5.00704E+16
33492,6.17071E+18,6,4,12,0,2017,7,8,5,3,1,5,1,1,0,0,0,0,0,4.7361E+20,5.55156E+21,8.63089E+15,5.01157E+16
33493,6.17073E+18,6,4,36,1,2017,7,18,5,3,5,2,0,1,0,0,0,0,1,4.64841E+20,5.55408E+21,8.50801E+15,5.01379E+16
33494,6.17073E+18,6,4,12,0,2017,7,19,5,3,5,2,1,1,0,0,0,0,0,4.78146E+20,5.55081E+21,8.69437E+15,5.01092E+16
33495,6.17072E+18,6,4,35,2,2017,7,5,4,2,5,3,1,1,0,0,0,1,0,5.26199E+20,5.57086E+21,9.36778E+15,5.02893E+16
33496,6.1708E+18,6,4,14,0,2017,8,13,3,3,3,6,0,1,0,0,1,0,1,4.44008E+20,5.54801E+21,8.21739E+15,5.00817E+16
33497,6.17073E+18,6,4,12,0,2017,7,14,5,3,2,6,0,1,0,1,0,0,0,4.81413E+20,5.55226E+21,8.73999E+15,5.01223E+16
33498,6.1708E+18,6,4,14,0,2017,8,16,3,3,3,6,0,1,0,0,0,0,1,4.4583E+20,5.54686E+21,8.24302E+15,5.00715E+16
33499,6.17073E+18,6,4,12,0,2017,7,10,5,2,5,3,0,1,0,0,1,0,1,4.8173E+20,5.55246E+21,8.74441E+15,5.01241E+16
33500,6.17073E+18,6,4,11,0,2017,7,12,5,2,5,3,1,1,0,0,0,0,1,4.75728E+20,5.52424E+21,8.66223E+15,4.98701E+16
33501,6.17072E+18,6,4,32,14,2017,7,9,4,2,4,1,0,1,0,0,1,0,0,4.77355E+20,5.51691E+21,8.6853E+15,4.98042E+16
33502,6.17072E+18,6,4,40,7,2017,7,11,4,3,2,6,0,1,0,0,0,0,0,4.94755E+20,5.57537E+21,8.92631E+15,5.03304E+16
33503,6.17073E+18,6,6,34,14,2017,7,11,5,2,4,6,0,1,0,0,0,0,1,5.4445E+20,5.66704E+21,9.63556E+15,5.1153E+16
33504,6.17072E+18,6,5,34,10,2017,7,20,4,3,4,1,0,1,0,0,0,1,1,4.68277E+20,5.62786E+21,8.54982E+15,5.08016E+16
33505,6.17073E+18,6,6,33,16,2017,7,7,5,3,9,1,0,1,0,0,0,0,1,5.23044E+20,5.70191E+21,9.33176E+15,5.14679E+16
33506,6.17072E+18,6,4,31,1,2017,7,17,4,3,9,1,0,0,0,1,0,0,0,4.84993E+20,5.48786E+21,8.79257E+15,4.95432E+16
33507,6.17073E+18,6,6,11,0,2017,7,17,5,3,3,6,0,1,0,0,1,0,1,5.33493E+20,5.68314E+21,9.48041E+15,5.12986E+16
33508,6.17072E+18,6,5,35,1,2017,7,15,4,3,4,7,0,1,0,0,0,0,0,5.30032E+20,5.62473E+21,9.42592E+15,5.07735E+16
33509,6.17072E+18,6,5,34,21,2017,7,14,4,2,4,7,0,1,0,0,1,0,0,4.79241E+20,5.64149E+21,8.70464E+15,5.09247E+16
33510,6.17071E+18,6,4,12,0,2017,7,14,5,2,2,6,0,1,0,0,0,0,0,4.77952E+20,5.54833E+21,8.6918E+15,5.00869E+16
33511,6.17073E+18,6,6,33,3,2017,7,9,5,3,0,1,1,0,0,0,0,0,1,5.28749E+20,5.67868E+21,9.412E+15,5.12587E+16
33512,6.17073E+18,6,6,11,0,2017,7,23,5,2,6,4,0,1,1,0,0,2,1,5.31393E+20,5.68232E+21,9.45022E+15,5.12913E+16
33513,6.17072E+18,6,5,34,20,2017,7,15,4,2,5,3,0,1,0,1,0,0,1,4.814E+20,5.62258E+21,8.73631E+15,5.07547E+16
33514,6.17071E+18,6,4,12,0,2017,7,4,5,3,9,1,0,1,0,0,0,2,0,4.78496E+20,5.55434E+21,8.69907E+15,5.01409E+16
33515,6.17073E+18,6,6,35,11,2017,7,17,5,3,5,3,0,0,0,1,1,0,0,4.91047E+20,5.65515E+21,8.87228E+15,5.10478E+16
33516,6.17073E+18,6,4,39,8,2017,7,6,5,3,2,6,0,1,0,0,1,0,1,4.56574E+20,5.56525E+21,8.39105E+15,5.02378E+16
33517,6.17072E+18,6,5,34,20,2017,7,13,4,3,8,1,0,1,0,0,0,0,0,4.81392E+20,5.61932E+21,8.73637E+15,5.07254E+16
33518,6.17071E+18,6,4,37,11,2017,7,16,5,3,9,1,0,1,0,0,0,0,0,4.9856E+20,5.50465E+21,8.98003E+15,4.96944E+16
33519,6.17073E+18,6,4,39,14,2017,7,19,5,2,0,7,0,0,0,1,0,0,1,4.34456E+20,5.55266E+21,8.0831E+15,5.01226E+16
33520,6.17073E+18,6,4,39,10,2017,7,11,5,2,0,1,0,0,0,0,1,0,0,4.17646E+20,5.54532E+21,7.84957E+15,5.00545E+16
33521,6.17072E+18,6,6,31,5,2017,7,11,4,2,8,1,0,0,0,1,0,0,0,5.69241E+20,5.59557E+21,9.97648E+15,5.0508E+16
33522,6.17071E+18,6,4,11,0,2017,7,19,5,3,0,7,1,0,0,0,0,0,1,4.74653E+20,5.52347E+21,8.64732E+15,4.98631E+16
33523,6.17073E+18,6,4,38,2,2017,7,13,5,3,5,2,0,1,0,0,0,0,0,4.77555E+20,5.53939E+21,8.68677E+15,5.00064E+16
33524,6.17071E+18,6,4,11,0,2017,7,16,5,3,5,2,0,1,0,1,0,0,0,4.76571E+20,5.52466E+21,8.67393E+15,4.98739E+16
33525,6.17073E+18,6,4,37,10,2017,7,19,5,2,4,6,0,1,0,0,0,0,1,5.05882E+20,5.51123E+21,9.08166E+15,4.97536E+16
33526,6.17071E+18,6,5,31,5,2017,7,12,2,3,5,3,0,1,0,0,0,0,1,4.79598E+20,5.60401E+21,8.7118E+15,5.05876E+16
33527,6.17073E+18,6,4,32,21,2017,7,14,5,3,5,3,1,0,0,0,1,0,0,5.00459E+20,5.53024E+21,9.0064E+15,4.99245E+16
33528,6.17071E+18,6,4,35,25,2017,7,20,2,3,5,3,0,1,0,0,0,0,1,5.37172E+20,5.57789E+21,9.5225E+15,5.0352E+16
33529,6.17071E+18,6,5,31,12,2017,7,18,3,2,8,1,0,1,0,0,0,0,0,4.77224E+20,5.60075E+21,8.67846E+15,5.05582E+16
33530,6.1708E+18,6,4,13,0,2017,8,18,3,3,5,3,1,1,0,0,0,0,1,4.82351E+20,5.54871E+21,8.75327E+15,5.00904E+16
33531,6.17071E+18,6,4,33,12,2017,7,13,3,3,2,6,0,1,0,0,1,0,0,4.59788E+20,5.53598E+21,8.4392E+15,4.99748E+16
33532,6.17071E+18,6,6,34,19,2017,7,18,5,3,5,2,0,1,0,0,1,0,0,5.35534E+20,5.63398E+21,9.50484E+15,5.08565E+16
33533,6.1708E+18,6,4,13,0,2017,8,13,3,3,5,3,1,1,0,0,0,0,0,4.82748E+20,5.55031E+21,8.75874E+15,5.01048E+16
33534,6.17071E+18,6,6,11,0,2017,7,5,3,3,5,2,0,1,0,1,0,1,0,5.29092E+20,5.68353E+21,9.41731E+15,5.13024E+16
33535,6.1708E+18,6,4,12,0,2017,8,3,3,3,2,6,0,1,0,0,0,2,1,4.74658E+20,5.55021E+21,8.64563E+15,5.01036E+16
33536,6.17071E+18,6,4,14,0,2017,7,10,7,3,5,3,0,1,0,0,1,0,0,4.43307E+20,5.5474E+21,8.20769E+15,5.00762E+16
33537,6.17071E+18,6,4,12,0,2017,7,13,7,3,2,6,0,1,0,0,0,0,0,4.79112E+20,5.55132E+21,8.70785E+15,5.01138E+16
33538,6.17071E+18,6,4,12,0,2017,7,5,7,3,5,3,0,1,0,0,0,1,0,4.81731E+20,5.55246E+21,8.74443E+15,5.01241E+16
33539,6.17072E+18,6,6,31,20,2017,7,21,4,2,5,2,0,1,0,0,0,1,1,5.5344E+20,5.60016E+21,9.75434E+15,5.05509E+16
33540,6.17072E+18,6,6,31,9,2017,7,15,4,3,5,7,0,1,0,1,0,0,0,5.50772E+20,5.60016E+21,9.71668E+15,5.05512E+16
33541,6.17072E+18,6,5,32,23,2017,7,10,4,3,5,3,0,0,0,0,1,0,0,4.68998E+20,5.60054E+21,8.56235E+15,5.0556E+16
33542,6.17072E+18,6,5,32,23,2017,7,10,4,3,3,6,0,1,0,1,0,0,0,4.64621E+20,5.60101E+21,8.50051E+15,5.05599E+16
33543,6.17073E+18,6,4,32,3,2017,7,10,5,3,5,3,1,0,0,0,1,0,1,4.7194E+20,5.5111E+21,8.61047E+15,4.97517E+16
33544,6.17073E+18,6,4,32,3,2017,7,8,5,3,0,1,0,0,0,1,0,0,1,4.72474E+20,5.51138E+21,8.61786E+15,4.97543E+16
33545,6.17072E+18,6,5,31,11,2017,7,15,4,2,4,6,1,0,0,0,0,0,0,4.85114E+20,5.59445E+21,8.7901E+15,5.05018E+16
33546,6.1708E+18,6,4,11,0,2017,8,14,3,3,2,6,0,1,0,0,0,0,1,4.75828E+20,5.52396E+21,8.66364E+15,4.98676E+16
33547,6.17073E+18,6,4,32,19,2017,7,12,5,3,5,3,0,1,0,0,0,0,0,4.85294E+20,5.52243E+21,8.79542E+15,4.98541E+16
33548,6.1708E+18,6,4,11,0,2017,8,6,3,3,5,3,0,1,0,0,0,0,0,4.75729E+20,5.52455E+21,8.66222E+15,4.98729E+16
33549,6.17073E+18,6,4,33,12,2017,7,6,5,3,5,3,1,1,0,0,0,0,1,4.57939E+20,5.53611E+21,8.4134E+15,4.99759E+16
33550,6.17073E+18,6,5,34,1,2017,7,16,5,3,9,7,0,0,0,0,1,0,0,4.94924E+20,5.62838E+21,8.92795E+15,5.08071E+16
33551,6.17072E+18,6,5,31,6,2017,7,12,4,3,3,6,1,0,0,1,0,0,0,4.97107E+20,5.60649E+21,8.95912E+15,5.06103E+16
33552,6.17072E+18,6,5,31,5,2017,7,19,4,3,4,6,0,1,0,0,0,0,1,4.76545E+20,5.60327E+21,8.66872E+15,5.05809E+16
33553,6.17073E+18,6,6,31,9,2017,7,17,5,3,5,3,1,1,0,0,0,0,0,5.48967E+20,5.59864E+21,9.691E+15,5.05376E+16
33554,6.17072E+18,6,4,35,14,2017,7,16,4,3,2,6,0,1,0,0,0,0,0,4.9906E+20,5.55002E+21,8.98685E+15,5.01024E+16
33555,6.17073E+18,6,6,31,9,2017,7,10,5,3,2,6,0,1,0,0,1,0,1,5.49898E+20,5.60276E+21,9.70469E+15,5.05746E+16
33556,6.17072E+18,6,4,35,14,2017,7,17,4,2,8,1,0,1,0,0,0,0,0,4.98663E+20,5.55282E+21,8.98129E+15,5.01276E+16
33557,6.17072E+18,6,6,31,17,2017,7,14,4,2,2,6,0,1,0,0,0,0,0,5.51897E+20,5.59824E+21,9.73228E+15,5.05338E+16
33558,6.17073E+18,6,6,31,6,2017,7,18,5,2,9,1,0,0,0,1,0,0,1,5.52185E+20,5.58723E+21,9.73481E+15,5.04348E+16
33559,6.17072E+18,6,6,32,4,2017,7,22,4,2,7,1,0,0,0,0,1,2,0,5.31412E+20,5.62665E+21,9.44565E+15,5.07908E+16
33560,6.17072E+18,6,4,12,0,2017,7,16,4,3,3,6,0,1,0,0,0,0,0,4.74721E+20,5.54488E+21,8.64686E+15,5.00557E+16
33561,6.17071E+18,6,6,35,9,2017,7,22,5,3,9,1,0,1,0,0,0,2,1,5.06882E+20,5.66961E+21,9.09845E+15,5.11779E+16
33562,6.17073E+18,6,5,32,23,2017,7,13,5,2,6,4,0,1,1,0,0,0,0,4.64538E+20,5.60014E+21,8.49942E+15,5.05521E+16
33563,6.17073E+18,6,5,31,5,2017,7,15,5,3,2,6,0,1,0,0,0,0,1,4.75337E+20,5.60387E+21,8.65161E+15,5.05862E+16
33564,6.17072E+18,6,4,12,0,2017,7,19,4,3,2,6,0,1,0,0,0,0,1,4.78703E+20,5.55637E+21,8.70185E+15,5.01592E+16
33565,6.17071E+18,6,6,11,0,2017,7,1,5,3,8,1,0,1,0,0,0,2,0,5.32725E+20,5.68159E+21,9.46925E+15,5.12847E+16
33566,6.17073E+18,6,5,31,4,2017,7,4,5,3,9,1,0,1,0,0,0,2,0,4.83368E+20,5.60221E+21,8.76514E+15,5.05715E+16
33567,6.17073E+18,6,5,31,5,2017,7,17,5,3,3,6,1,1,0,0,0,0,1,4.76318E+20,5.60299E+21,8.66553E+15,5.05783E+16