OBJECTID,UIDENTSTLA,ULAND,UREGBEZ,UKREIS,UGEMEINDE,UJAHR,UMONAT,USTUNDE,UWOCHENTAG,UKATEGORIE,UART,UTYP1,IstRad,IstPKW,IstFuss,IstKrad,IstSonstig,LICHT,STRZUSTAND,LINREFX,LINREFY,XGCSWGS84,YGCSWGS84
34267,6.17081E+18,6,5,35,14,2017,8,18,4,3,2,7,0,1,0,0,0,0,0,5.12215E+20,5.61785E+21,9.17301E+15,5.07123E+16
34268,6.17081E+18,6,4,12,0,2017,8,13,4,3,2,6,0,1,0,0,0,0,0,4.74798E+20,5.54485E+21,8.64795E+15,5.00554E+16
34269,6.17081E+18,6,4,12,0,2017,8,7,4,3,2,6,0,1,0,0,1,0,0,4.79595E+20,5.54578E+21,8.71491E+15,5.00639E+16
34270,6.17081E+18,6,4,14,0,2017,8,18,4,3,3,6,0,1,0,0,0,0,0,4.45518E+20,5.54474E+21,8.23896E+15,5.00525E+16
34271,6.17081E+18,6,5,33,6,2017,8,17,4,2,2,6,0,1,0,0,1,0,0,4.27549E+20,5.58497E+21,7.98031E+15,5.04123E+16
34272,6.17081E+18,6,4,39,8,2017,8,6,4,3,2,6,0,1,0,0,0,0,0,4.46469E+20,5.56248E+21,8.24975E+15,5.0212E+16
34273,6.17081E+18,6,5,31,3,2017,8,10,4,3,2,6,0,1,0,0,1,0,0,4.81466E+20,5.60919E+21,8.73792E+15,5.06343E+16
34274,6.17081E+18,6,5,31,5,2017,8,15,4,3,9,1,0,0,0,1,0,0,0,4.78744E+20,5.60167E+21,8.69986E+15,5.05666E+16
34275,6.17081E+18,6,5,31,9,2017,8,9,4,2,2,6,0,1,0,0,0,0,0,4.77533E+20,5.594E+21,8.68322E+15,5.04975E+16
34276,6.17081E+18,6,5,35,15,2017,8,17,3,3,3,3,0,1,0,0,0,0,0,5.39766E+20,5.61399E+21,9.56281E+15,5.06764E+16
34277,6.17081E+18,6,5,33,7,2017,8,11,3,2,5,3,1,1,0,0,0,0,1,4.32819E+20,5.59047E+21,8.05348E+15,5.04624E+16
34278,6.17081E+18,6,6,11,0,2017,8,15,3,3,2,2,0,1,0,1,0,0,0,5.34821E+20,5.6864E+21,9.49977E+15,5.13278E+16
34279,6.17081E+18,6,6,11,0,2017,8,0,3,3,6,4,0,1,1,0,0,2,0,5.35049E+20,5.68455E+21,9.50286E+15,5.13112E+16
34280,6.1708E+18,6,4,12,0,2017,8,11,4,2,5,3,1,1,0,0,0,0,0,4.6943E+20,5.54877E+21,8.57264E+15,5.00904E+16
34281,6.1708E+18,6,4,32,23,2017,8,18,4,2,5,3,1,1,0,0,0,0,0,4.69469E+20,5.53084E+21,8.57462E+15,4.99291E+16
34282,6.17081E+18,6,4,14,0,2017,8,11,3,3,0,6,0,1,0,0,1,0,1,4.44362E+20,5.54637E+21,8.22257E+15,5.0067E+16
34283,6.17081E+18,6,4,14,0,2017,8,11,3,3,5,2,0,1,0,0,1,0,1,4.466E+20,5.54556E+21,8.25396E+15,5.00599E+16
34284,6.17081E+18,6,4,13,0,2017,8,13,3,3,3,6,0,1,0,0,1,0,0,4.81386E+20,5.55046E+21,8.7397E+15,5.01061E+16
34285,6.17081E+18,6,4,12,0,2017,8,18,3,3,5,3,1,1,0,0,0,0,0,4.75564E+20,5.55491E+21,8.658E+15,5.01459E+16
34286,6.17081E+18,6,4,12,0,2017,8,11,3,3,3,2,1,1,0,0,0,0,0,4.7838E+20,5.55399E+21,8.69746E+15,5.01377E+16
34287,6.17081E+18,6,4,12,0,2017,8,15,3,3,5,3,0,1,0,0,1,0,0,4.7907E+20,5.55209E+21,8.70722E+15,5.01207E+16
34288,6.17081E+18,6,6,34,14,2017,8,5,3,1,4,6,0,1,0,1,0,1,0,5.3869E+20,5.66619E+21,9.55312E+15,5.11458E+16
34289,6.17081E+18,6,6,11,0,2017,8,22,3,3,5,2,0,1,0,0,0,2,0,5.31651E+20,5.6842E+21,9.45408E+15,5.13083E+16
34290,6.17081E+18,6,4,39,15,2017,8,15,3,3,9,1,0,1,0,0,0,0,1,4.39647E+20,5.55863E+21,8.15476E+15,5.01768E+16
34291,6.17081E+18,6,4,34,11,2017,8,15,3,3,2,6,0,1,0,0,0,0,0,4.6574E+20,5.57616E+21,8.51858E+15,5.03365E+16
34292,6.17081E+18,6,4,31,7,2017,8,10,3,3,2,6,0,1,0,0,0,0,0,4.83198E+20,5.49894E+21,8.76728E+15,4.96428E+16
34293,6.1708E+18,6,4,11,0,2017,8,23,4,3,1,5,0,1,0,0,0,2,0,4.74424E+20,5.5253E+21,8.64401E+15,4.98796E+16
34294,6.17081E+18,6,4,35,18,2017,8,21,3,3,0,7,1,1,0,0,0,1,0,5.16163E+20,5.55888E+21,9.22639E+15,5.01819E+16
34295,6.1708E+18,6,6,33,4,2017,8,6,4,2,5,2,0,1,0,0,0,0,0,5.13298E+20,5.69627E+21,9.19123E+15,5.14175E+16
34296,6.17081E+18,6,4,35,10,2017,8,15,3,3,2,6,0,1,0,0,0,0,0,5.1234E+20,5.56146E+21,9.17292E+15,5.02052E+16
34297,6.17081E+18,6,4,40,1,2017,8,9,3,3,9,1,0,1,0,0,0,0,0,4.98604E+20,5.57049E+21,8.9804E+15,5.02865E+16
34298,6.17081E+18,6,4,37,9,2017,8,22,3,3,0,7,0,0,0,1,1,2,1,4.99006E+20,5.51555E+21,8.98619E+15,4.97924E+16
34299,6.17081E+18,6,5,34,10,2017,8,14,3,3,9,1,0,1,0,0,0,0,1,4.68465E+20,5.62816E+21,8.55247E+15,5.08043E+16
34300,6.17081E+18,6,4,33,6,2017,8,13,3,3,2,6,0,1,0,0,0,0,0,4.62114E+20,5.53014E+21,8.47221E+15,4.99224E+16
34301,6.17081E+18,6,6,31,7,2017,8,21,3,2,9,3,0,1,0,0,0,2,0,5.57684E+20,5.62587E+21,9.81824E+15,5.07817E+16
34302,6.17081E+18,6,6,31,9,2017,8,14,3,3,0,2,1,1,0,0,0,0,0,5.478E+20,5.59962E+21,9.67466E+15,5.05466E+16
34303,6.17081E+18,6,4,38,13,2017,8,7,3,3,3,6,0,1,0,0,1,0,0,5.01599E+20,5.53754E+21,9.02231E+15,4.99902E+16
34304,6.17081E+18,6,6,32,20,2017,8,12,3,3,2,7,0,1,0,0,0,0,0,5.70885E+20,5.64582E+21,1.00093E+16,5.09597E+16
34305,6.17081E+18,6,4,12,0,2017,8,1,3,3,9,1,0,1,0,0,0,2,0,4.69714E+20,5.55318E+21,8.57627E+15,5.01301E+16
34306,6.17081E+18,6,4,12,0,2017,8,12,3,3,2,6,0,1,0,0,0,0,0,4.73735E+20,5.56018E+21,8.63203E+15,5.01933E+16
34307,6.17081E+18,6,4,33,7,2017,8,11,3,3,2,6,0,1,0,0,1,0,0,4.6748E+20,5.544E+21,8.54579E+15,5.00474E+16
34308,6.17081E+18,6,4,12,0,2017,8,16,3,3,8,1,0,1,0,0,0,0,0,4.79229E+20,5.55412E+21,8.70933E+15,5.01389E+16
34309,6.1708E+18,6,6,34,27,2017,8,6,4,3,1,5,0,1,0,0,0,0,0,5.12403E+20,5.6556E+21,9.17696E+15,5.10518E+16
34310,6.17081E+18,6,4,33,4,2017,8,17,3,3,2,6,0,1,0,0,0,0,0,4.67095E+20,5.51028E+21,8.54328E+15,4.97441E+16
34311,6.17081E+18,6,4,35,7,2017,8,0,2,3,2,6,0,1,0,0,0,2,0,4.99185E+20,5.55619E+21,8.98859E+15,5.01579E+16
34312,6.17081E+18,6,5,31,5,2017,8,13,2,2,4,6,0,1,0,0,1,0,0,4.81797E+20,5.60716E+21,8.7427E+15,5.06161E+16
34313,6.1708E+18,6,4,39,1,2017,8,15,4,2,4,6,0,1,0,0,0,0,0,4.34208E+20,5.56366E+21,8.07773E+15,5.02215E+16
34314,6.17081E+18,6,6,36,1,2017,8,17,2,2,2,6,0,1,0,1,0,0,0,5.67528E+20,5.68073E+21,9.96808E+15,5.12739E+16
34315,6.17081E+18,6,6,34,1,2017,8,16,2,3,0,7,0,1,0,0,0,0,0,5.184E+20,5.6563E+21,9.26255E+15,5.1058E+16
34316,6.1708E+18,6,5,35,16,2017,8,17,3,3,8,1,0,1,0,0,0,0,0,5.13833E+20,5.58973E+21,9.19488E+15,5.04594E+16
34317,6.1708E+18,6,4,39,12,2017,8,13,4,2,5,3,0,1,0,1,0,0,0,4.31759E+20,5.54029E+21,8.04758E+15,5.0011E+16
34318,6.17081E+18,6,6,34,1,2017,8,16,2,2,4,6,0,1,0,0,0,0,0,5.17783E+20,5.6572E+21,9.25379E+15,5.10661E+16
34319,6.17081E+18,6,6,11,0,2017,8,13,2,3,0,3,0,1,0,0,1,0,0,5.37071E+20,5.68278E+21,9.53169E+15,5.12952E+16
34320,6.17081E+18,6,4,14,0,2017,8,19,2,3,5,2,0,1,0,0,1,0,0,4.46115E+20,5.54779E+21,8.24687E+15,5.00799E+16
34321,6.17081E+18,6,4,14,0,2017,8,9,2,3,0,6,0,1,0,0,1,0,0,4.45879E+20,5.54686E+21,8.24369E+15,5.00716E+16
34322,6.17081E+18,6,4,13,0,2017,8,10,2,3,0,2,1,1,0,0,0,0,0,4.85092E+20,5.54944E+21,8.79157E+15,5.0097E+16
34323,6.17081E+18,6,4,11,0,2017,8,10,2,3,3,6,0,1,0,1,0,0,0,4.74636E+20,5.52372E+21,8.64707E+15,4.98654E+16
34324,6.17081E+18,6,6,36,6,2017,8,8,2,3,5,3,0,1,0,0,0,0,0,5.50432E+20,5.67231E+21,9.72183E+15,5.11999E+16
34325,6.17081E+18,6,6,34,13,2017,8,6,2,3,3,6,0,1,0,1,0,0,0,5.34269E+20,5.65958E+21,9.48929E+15,5.10867E+16
34326,6.17081E+18,6,6,34,12,2017,8,12,2,3,5,3,0,1,0,1,0,0,0,5.34863E+20,5.66985E+21,9.49876E+15,5.1179E+16
34327,6.17081E+18,6,6,33,25,2017,8,13,2,2,0,1,0,0,0,1,0,0,0,5.35191E+20,5.71486E+21,9.50792E+15,5.15837E+16
34328,6.17081E+18,6,4,39,2,2017,8,12,2,2,0,7,0,0,0,1,0,0,0,4.3347E+20,5.55447E+21,8.069E+15,5.01387E+16
34329,6.17081E+18,6,4,39,15,2017,8,19,2,2,9,1,0,0,0,1,0,0,0,4.44842E+20,5.5589E+21,8.22747E+15,5.01798E+16
34330,6.17081E+18,6,4,35,25,2017,8,14,2,2,5,3,0,1,0,0,0,0,0,5.41181E+20,5.57788E+21,9.57885E+15,5.03516E+16
34331,6.17081E+18,6,4,39,4,2017,8,12,2,3,0,3,0,1,0,1,0,0,0,4.27231E+20,5.53779E+21,7.98487E+15,4.9988E+16
34332,6.17081E+18,6,4,38,6,2017,8,8,2,3,2,6,0,1,0,0,1,0,0,4.78497E+20,5.53726E+21,8.70004E+15,4.99873E+16
34333,6.1708E+18,6,4,34,6,2017,8,8,4,3,9,7,0,1,0,0,0,0,0,4.65846E+20,5.56036E+21,8.52151E+15,5.01945E+16
34334,6.1708E+18,6,4,31,19,2017,8,15,4,2,8,1,0,1,0,0,0,0,0,4.82646E+20,5.49746E+21,8.75969E+15,4.96295E+16
34335,6.1708E+18,6,4,31,3,2017,8,14,4,3,5,3,0,1,0,0,0,0,0,4.56565E+20,5.50366E+21,8.39787E+15,4.96839E+16
34336,6.17081E+18,6,4,34,5,2017,8,9,2,2,2,6,0,1,0,0,0,0,0,4.61809E+20,5.55993E+21,8.46499E+15,5.01903E+16
34337,6.17081E+18,6,4,36,4,2017,8,6,2,3,2,6,0,1,0,0,0,0,0,4.5801E+20,5.53979E+21,8.41398E+15,5.0009E+16
34338,6.1708E+18,6,4,31,14,2017,8,6,4,3,8,1,0,0,0,0,1,0,0,4.78609E+20,5.50667E+21,8.70329E+15,4.97122E+16
34339,6.17081E+18,6,4,40,3,2017,8,23,2,3,8,1,0,1,0,0,0,2,0,4.80853E+20,5.55707E+21,8.73192E+15,5.01655E+16
34340,6.17081E+18,6,4,37,10,2017,8,9,2,2,9,1,0,1,0,0,0,0,0,5.03646E+20,5.51387E+21,9.05065E+15,4.97773E+16
34341,6.17081E+18,6,5,32,9,2017,8,16,2,2,4,1,0,1,0,1,0,0,0,4.59028E+20,5.62569E+21,8.41882E+15,5.07815E+16
34342,6.17081E+18,6,4,32,22,2017,8,14,2,2,5,3,0,1,0,0,0,0,0,4.7535E+20,5.51229E+21,8.65773E+15,4.97626E+16
34343,6.17081E+18,6,4,40,17,2017,8,16,2,3,5,3,0,1,0,0,1,0,0,4.85654E+20,5.56895E+21,8.79868E+15,5.02725E+16
34344,6.17081E+18,6,4,31,20,2017,8,19,2,2,0,7,0,1,0,0,0,0,0,4.70758E+20,5.488E+21,8.59578E+15,4.95439E+16
34345,6.17081E+18,6,4,31,15,2017,8,16,2,2,8,1,0,0,0,1,0,0,0,4.85122E+20,5.50384E+21,8.79373E+15,4.96869E+16
34346,6.17081E+18,6,4,33,12,2017,8,19,2,3,2,6,0,1,0,1,0,0,0,4.56014E+20,5.53562E+21,8.38661E+15,4.99713E+16
34347,6.17081E+18,6,5,34,1,2017,8,15,2,3,2,6,0,1,0,0,1,0,0,4.93342E+20,5.62801E+21,8.90552E+15,5.08038E+16
34348,6.17081E+18,6,5,32,23,2017,8,21,2,3,6,7,1,0,1,0,0,1,0,4.64521E+20,5.60016E+21,8.49918E+15,5.05523E+16
34349,6.17081E+18,6,5,32,23,2017,8,0,2,3,9,1,0,1,0,0,0,2,0,4.69979E+20,5.60197E+21,8.57608E+15,5.05689E+16
34350,6.17081E+18,6,4,13,0,2017,8,7,2,3,2,6,0,1,0,0,0,0,0,4.83861E+20,5.54615E+21,8.77449E+15,5.00674E+16
34351,6.17081E+18,6,4,38,7,2017,8,9,2,3,2,6,0,0,0,0,1,0,0,4.98967E+20,5.53926E+21,8.98558E+15,5.00057E+16
34352,6.17081E+18,6,4,13,0,2017,8,7,2,2,2,6,0,0,0,1,1,0,0,4.82576E+20,5.54597E+21,8.75655E+15,5.00658E+16
34353,6.17081E+18,6,6,33,17,2017,8,15,2,2,3,6,0,1,0,0,1,0,0,5.36062E+20,5.67966E+21,9.51691E+15,5.12671E+16
34354,6.17081E+18,6,5,35,1,2017,8,6,2,3,2,6,0,1,0,0,0,0,0,5.2441E+20,5.62278E+21,9.34606E+15,5.07563E+16
34355,6.17081E+18,6,4,12,0,2017,8,18,2,2,8,1,0,0,0,0,1,0,0,4.74941E+20,5.54521E+21,8.64992E+15,5.00587E+16
34356,6.17081E+18,6,4,34,8,2017,8,17,2,3,3,6,0,1,0,0,0,0,0,4.70251E+20,5.56253E+21,8.58305E+15,5.02142E+16
34357,6.1708E+18,6,4,33,12,2017,8,14,4,3,5,3,1,1,0,0,0,0,0,4.59595E+20,5.5363E+21,8.43648E+15,4.99776E+16
34358,6.1708E+18,6,6,31,9,2017,8,16,4,3,5,6,0,1,0,0,1,0,0,5.46949E+20,5.60055E+21,9.66276E+15,5.0555E+16
34359,6.17081E+18,6,4,14,0,2017,8,22,2,2,1,6,0,1,0,0,0,2,0,4.43812E+20,5.54487E+21,8.2151E+15,5.00535E+16
34360,6.17081E+18,6,4,36,7,2017,8,0,2,2,2,6,0,1,0,0,1,2,0,4.55548E+20,5.54622E+21,8.37888E+15,5.00666E+16
34361,6.17081E+18,6,4,14,0,2017,8,9,2,3,2,6,0,1,0,0,1,0,0,4.48555E+20,5.54456E+21,8.2814E+15,5.00511E+16
34362,6.17081E+18,6,5,33,6,2017,8,14,2,3,2,6,0,1,0,0,0,0,0,4.29161E+20,5.58439E+21,8.0031E+15,5.04073E+16
34363,6.17081E+18,6,4,31,2,2017,8,13,2,2,8,1,0,0,0,1,0,0,0,4.71698E+20,5.50075E+21,8.60786E+15,4.96587E+16
34364,6.17081E+18,6,6,32,10,2017,8,15,1,2,5,3,0,1,0,1,0,0,0,5.65177E+20,5.63123E+21,9.92547E+15,5.08291E+16
34365,6.17081E+18,6,4,14,0,2017,8,22,1,3,2,6,0,1,0,1,0,2,0,4.43942E+20,5.54586E+21,8.21678E+15,5.00624E+16
34366,6.1708E+18,6,5,31,10,2017,8,19,4,2,0,1,0,0,0,1,0,0,0,5.06127E+20,5.59653E+21,9.08642E+15,5.05207E+16
34367,6.17081E+18,6,4,14,0,2017,8,21,1,3,6,4,0,1,1,0,0,1,0,4.43986E+20,5.54749E+21,8.21716E+15,5.00771E+16
34368,6.17081E+18,6,4,13,0,2017,8,1,1,2,5,3,0,1,0,1,0,2,0,4.82804E+20,5.54857E+21,8.75962E+15,5.00892E+16
34369,6.1708E+18,6,6,33,3,2017,8,16,4,3,9,7,0,1,0,0,0,0,0,5.29751E+20,5.67566E+21,9.42611E+15,5.12315E+16
34370,6.17081E+18,6,4,12,0,2017,8,19,1,3,2,6,0,1,0,0,0,0,0,4.7318E+20,5.54995E+21,8.62499E+15,5.01012E+16
34371,6.17081E+18,6,4,12,0,2017,8,15,1,2,4,6,1,0,0,0,0,0,0,4.79967E+20,5.55236E+21,8.71976E+15,5.01231E+16
34372,6.17081E+18,6,4,12,0,2017,8,0,1,2,6,4,0,1,1,0,0,2,0,4.76022E+20,5.55064E+21,8.66467E+15,5.01075E+16
34373,6.17081E+18,6,4,37,12,2017,8,14,1,3,0,6,0,1,0,1,0,0,0,4.92486E+20,5.49481E+21,8.896E+15,4.96058E+16
34374,6.17081E+18,6,6,36,6,2017,8,18,1,3,4,6,0,1,0,0,0,0,0,5.50073E+20,5.66858E+21,9.71617E+15,5.11664E+16
34375,6.17081E+18,6,6,35,3,2017,8,18,1,3,0,1,1,0,0,0,0,0,0,5.10591E+20,5.66357E+21,9.15134E+15,5.11235E+16
34376,6.17081E+18,6,6,34,3,2017,8,13,1,3,5,3,0,1,0,0,0,0,0,5.26686E+20,5.6667E+21,9.38154E+15,5.11512E+16
34377,6.17081E+18,6,6,11,0,2017,8,0,1,3,2,6,0,1,0,0,0,2,0,5.31929E+20,5.6858E+21,9.45822E+15,5.13226E+16
34378,6.17081E+18,6,6,34,5,2017,8,17,1,3,0,6,0,1,0,1,0,0,0,5.19643E+20,5.66391E+21,9.2807E+15,5.11263E+16
34379,6.17081E+18,6,6,35,11,2017,8,18,1,2,8,1,0,0,0,1,0,0,0,4.79921E+20,5.66147E+21,8.7132E+15,5.11044E+16
34380,6.17081E+18,6,4,39,2,2017,8,17,1,2,4,6,0,0,0,1,0,0,0,4.32437E+20,5.55428E+21,8.05457E+15,5.01369E+16
34381,6.17081E+18,6,4,39,5,2017,8,12,1,3,8,1,0,0,0,1,0,0,0,4.24434E+20,5.5516E+21,7.94313E+15,5.01118E+16
34382,6.17081E+18,6,4,39,14,2017,8,21,1,2,4,1,0,1,0,0,0,1,0,4.3783E+20,5.54857E+21,8.13096E+15,5.00861E+16
34383,6.17081E+18,6,4,39,4,2017,8,21,1,2,7,7,0,1,0,0,0,2,0,4.2552E+20,5.54155E+21,7.96028E+15,5.00216E+16
34384,6.17081E+18,6,4,34,11,2017,8,16,1,3,7,7,0,0,0,1,1,0,0,4.62865E+20,5.57501E+21,8.4783E+15,5.0326E+16
34385,6.17081E+18,6,4,34,11,2017,8,11,1,2,5,3,0,1,0,0,0,0,0,4.65743E+20,5.57616E+21,8.51863E+15,5.03365E+16
34386,6.17081E+18,6,5,33,17,2017,8,13,1,3,8,1,0,0,0,1,0,0,0,4.43257E+20,5.59231E+21,8.20025E+15,5.048E+16
34387,6.17081E+18,6,4,36,5,2017,8,13,1,3,2,7,0,1,0,0,0,0,0,4.6232E+20,5.54686E+21,8.47344E+15,5.00729E+16
34388,6.17081E+18,6,4,36,8,2017,8,1,1,3,4,1,0,1,0,0,0,2,0,4.60021E+20,5.55784E+21,8.44016E+15,5.01714E+16
34389,6.17081E+18,6,4,35,1,2017,8,9,1,3,2,6,1,0,0,0,0,0,0,5.20801E+20,5.56496E+21,9.29168E+15,5.02364E+16
34390,6.17081E+18,6,4,40,3,2017,8,16,1,3,9,1,0,0,0,1,0,0,0,4.81562E+20,5.56015E+21,8.7417E+15,5.01933E+16
34391,6.17081E+18,6,4,40,9,2017,8,17,1,3,0,1,0,0,0,1,0,0,0,5.12738E+20,5.58162E+21,9.17917E+15,5.03865E+16
34392,6.17081E+18,6,5,32,11,2017,8,14,1,3,5,2,1,1,0,0,0,0,0,4.48171E+20,5.62954E+21,8.26429E+15,5.08153E+16
34393,6.17081E+18,6,4,32,21,2017,8,11,1,2,8,1,1,0,0,0,0,0,0,5.00097E+20,5.53062E+21,9.00135E+15,4.9928E+16
34394,6.17081E+18,6,4,40,24,2017,8,15,1,3,1,6,1,1,0,0,0,0,0,4.89566E+20,5.58096E+21,8.85325E+15,5.03806E+16
34395,6.17081E+18,6,5,34,4,2017,8,22,1,3,7,7,0,1,0,0,0,2,0,4.68371E+20,5.63642E+21,8.55043E+15,5.08786E+16
34396,6.1708E+18,6,4,12,0,2017,8,17,4,3,2,6,0,1,0,0,0,0,0,4.74969E+20,5.55852E+21,8.64944E+15,5.01784E+16
34397,6.17081E+18,6,4,31,21,2017,8,12,1,2,2,2,0,1,0,1,0,0,0,4.86397E+20,5.48946E+21,8.81191E+15,4.95575E+16
34398,6.17081E+18,6,5,35,1,2017,8,19,1,3,2,6,0,1,0,1,0,0,0,5.21609E+20,5.62188E+21,9.30629E+15,5.07483E+16
34399,6.17081E+18,6,4,33,6,2017,8,11,1,3,5,2,1,1,0,0,0,0,0,4.62683E+20,5.52544E+21,8.4806E+15,4.98802E+16
34400,6.17081E+18,6,4,33,4,2017,8,13,1,3,3,6,0,1,0,0,0,0,0,4.63688E+20,5.51304E+21,8.49574E+15,4.97687E+16
34401,6.1708E+18,6,4,34,8,2017,8,16,4,3,0,7,0,0,0,1,1,0,0,4.72509E+20,5.56192E+21,8.61473E+15,5.02088E+16
34402,6.17081E+18,6,5,34,8,2017,8,9,1,2,9,3,0,0,0,1,1,0,0,4.83537E+20,5.61786E+21,8.76682E+15,5.07123E+16
34403,6.17081E+18,6,6,31,17,2017,8,14,1,3,3,2,0,0,0,1,0,0,0,5.52971E+20,5.59716E+21,9.74728E+15,5.0524E+16
34404,6.1708E+18,6,4,33,7,2017,8,10,4,3,2,6,0,1,0,0,0,0,0,4.65382E+20,5.5427E+21,8.5166E+15,5.00356E+16
34405,6.17081E+18,6,5,32,23,2017,8,12,1,3,5,3,0,1,0,0,1,0,0,4.64375E+20,5.60037E+21,8.49711E+15,5.05541E+16
34406,6.17081E+18,6,5,35,16,2017,8,14,1,2,8,1,0,0,0,1,0,0,0,5.05771E+20,5.59657E+21,9.0814E+15,5.0521E+16
34407,6.17081E+18,6,6,33,23,2017,8,18,1,2,8,1,0,0,0,1,0,0,0,5.2575E+20,5.68153E+21,9.36923E+15,5.12845E+16
34408,6.17081E+18,6,6,32,14,2017,8,15,1,3,2,6,0,1,0,0,0,0,0,5.42124E+20,5.63695E+21,9.59881E+15,5.08826E+16
34409,6.17081E+18,6,6,32,15,2017,8,13,1,3,2,6,0,1,0,0,0,0,0,5.40255E+20,5.63044E+21,9.57152E+15,5.08242E+16
34410,6.17081E+18,6,4,13,0,2017,8,8,1,3,2,6,0,1,0,0,0,0,0,4.80533E+20,5.54616E+21,8.72798E+15,5.00674E+16
34411,6.17081E+18,6,4,14,0,2017,8,18,1,3,2,6,0,1,0,0,0,0,0,4.43692E+20,5.54478E+21,8.21345E+15,5.00527E+16
34412,6.1708E+18,6,6,32,6,2017,8,9,3,2,8,1,0,0,0,1,0,0,0,5.62095E+20,5.63668E+21,9.88264E+15,5.08785E+16
34413,6.17081E+18,6,4,14,0,2017,8,2,1,3,3,6,0,1,0,1,0,2,0,4.43663E+20,5.54433E+21,8.21311E+15,5.00486E+16
34414,6.17081E+18,6,4,35,21,2017,8,13,7,2,4,6,0,1,0,1,0,0,0,4.9338E+20,5.56271E+21,8.9072E+15,5.02166E+16
34415,6.17081E+18,6,5,35,18,2017,8,11,7,3,5,3,0,1,0,0,0,0,0,5.11195E+20,5.5983E+21,9.15798E+15,5.05365E+16
34416,6.17081E+18,6,5,33,6,2017,8,18,7,3,0,1,0,0,0,1,0,0,0,4.31031E+20,5.58516E+21,8.02927E+15,5.04144E+16
34417,6.17081E+18,6,6,11,0,2017,8,13,7,2,6,7,0,1,1,0,0,0,0,5.33873E+20,5.68492E+21,9.48603E+15,5.13145E+16
34418,6.17081E+18,6,4,14,0,2017,8,17,7,2,9,1,0,0,0,1,0,0,1,4.53009E+20,5.54501E+21,8.34356E+15,5.00555E+16
34419,6.17081E+18,6,6,11,0,2017,8,22,7,3,2,6,0,1,0,0,0,2,0,5.33362E+20,5.6821E+21,9.47843E+15,5.12892E+16
34420,6.17081E+18,6,4,31,17,2017,8,6,7,3,1,5,0,1,0,0,0,0,0,4.81139E+20,5.4941E+21,8.73899E+15,4.95992E+16
34421,6.17081E+18,6,4,35,9,2017,8,18,7,3,8,7,0,1,0,0,0,1,1,5.13201E+20,5.55356E+21,9.18471E+15,5.01341E+16
34422,6.17081E+18,6,4,40,22,2017,8,15,7,3,8,1,0,1,0,0,0,0,0,4.80916E+20,5.58622E+21,8.73132E+15,5.04277E+16
34423,6.17081E+18,6,4,33,12,2017,8,1,7,3,1,6,0,1,0,1,0,2,0,4.58876E+20,5.53754E+21,8.42631E+15,4.99888E+16
34424,6.17081E+18,6,6,31,10,2017,8,5,7,2,8,1,0,1,0,0,0,0,0,5.64917E+20,5.59091E+21,9.91471E+15,5.04666E+16
34425,6.17081E+18,6,5,31,10,2017,8,15,7,3,0,7,0,1,0,0,1,0,0,4.99145E+20,5.59911E+21,8.98794E+15,5.0544E+16
34426,6.17081E+18,6,4,35,10,2017,8,14,7,2,8,1,0,1,0,0,0,0,1,5.16352E+20,5.56168E+21,9.22915E+15,5.02071E+16
34427,6.17081E+18,6,6,31,2,2017,8,16,7,2,9,1,0,1,0,0,0,0,1,5.45756E+20,5.61942E+21,9.64825E+15,5.07247E+16
34428,6.17081E+18,6,5,31,5,2017,8,10,7,3,0,3,0,1,0,0,1,0,0,4.79624E+20,5.60499E+21,8.71211E+15,5.05965E+16
34429,6.1708E+18,6,5,35,18,2017,8,12,6,2,5,3,0,1,0,1,0,0,0,5.13417E+20,5.60347E+21,9.18951E+15,5.0583E+16
34430,6.1708E+18,6,5,33,9,2017,8,18,6,3,2,6,0,1,0,1,0,0,0,4.33507E+20,5.58319E+21,8.06447E+15,5.0397E+16
34431,6.1708E+18,6,5,31,2,2017,8,16,3,2,4,1,0,1,0,0,0,0,1,4.70701E+20,5.61189E+21,8.58549E+15,5.06581E+16
34432,6.1708E+18,6,4,35,6,2017,8,12,3,2,1,7,0,1,0,0,1,0,0,4.93423E+20,5.56181E+21,8.90784E+15,5.02084E+16
34433,6.1708E+18,6,5,33,9,2017,8,2,6,2,5,3,0,1,0,1,0,2,0,4.37504E+20,5.5805E+21,8.12113E+15,5.03733E+16
34434,6.1708E+18,6,6,33,26,2017,8,9,6,3,5,3,0,1,0,0,0,0,0,5.32855E+20,5.68871E+21,9.47176E+15,5.13487E+16
34435,6.1708E+18,6,4,14,0,2017,8,17,4,2,9,1,0,0,0,0,1,0,0,4.49621E+20,5.54227E+21,8.29659E+15,5.00306E+16
34436,6.1708E+18,6,4,14,0,2017,8,18,6,2,7,7,0,0,0,1,0,0,0,4.4882E+20,5.55145E+21,8.28417E+15,5.0113E+16
34437,6.1708E+18,6,4,12,0,2017,8,13,4,3,2,6,0,1,0,0,0,0,0,4.79713E+20,5.55396E+21,8.71612E+15,5.01375E+16
34438,6.1708E+18,6,4,13,0,2017,8,16,6,3,2,6,0,1,0,0,0,0,0,4.80949E+20,5.54626E+21,8.7338E+15,5.00683E+16
34439,6.1708E+18,6,4,12,0,2017,8,17,6,3,6,4,0,1,1,0,0,0,0,4.79047E+20,5.5521E+21,8.7069E+15,5.01208E+16
34440,6.1708E+18,6,5,31,6,2017,8,22,4,3,7,7,0,1,0,0,1,2,0,4.97011E+20,5.60974E+21,8.95773E+15,5.06395E+16
34441,6.1708E+18,6,4,32,23,2017,8,18,6,3,3,2,1,1,0,0,0,0,0,4.70842E+20,5.53198E+21,8.59365E+15,4.99395E+16