OBJECTID,UIDENTSTLA,ULAND,UREGBEZ,UKREIS,UGEMEINDE,UJAHR,UMONAT,USTUNDE,UWOCHENTAG,UKATEGORIE,UART,UTYP1,IstRad,IstPKW,IstFuss,IstKrad,IstSonstig,LICHT,STRZUSTAND,LINREFX,LINREFY,XGCSWGS84,YGCSWGS84
34442,6.1708E+18,6,4,37,2,2017,8,18,6,3,9,1,0,0,0,1,0,0,0,4.96238E+20,5.49142E+21,8.94797E+15,4.95754E+16
34443,6.1708E+18,6,4,11,0,2017,8,7,6,3,5,3,1,0,0,0,1,0,0,4.7572E+20,5.52455E+21,8.6621E+15,4.98729E+16
34444,6.1708E+18,6,6,35,2,2017,8,9,6,3,2,6,0,1,0,0,0,0,0,5.00925E+20,5.69173E+21,9.01329E+15,5.13769E+16
34445,6.1708E+18,6,6,11,0,2017,8,7,6,3,2,6,0,1,0,0,0,0,0,5.3118E+20,5.68697E+21,9.44756E+15,5.13332E+16
34446,6.1708E+18,6,6,32,1,2017,8,14,6,2,8,1,0,1,0,0,0,0,0,5.4791E+20,5.65358E+21,9.68325E+15,5.10318E+16
34447,6.1708E+18,6,4,35,4,2017,8,18,6,3,5,3,0,1,0,0,0,0,0,5.22603E+20,5.57702E+21,9.31767E+15,5.03448E+16
34448,6.1708E+18,6,4,34,12,2017,8,16,6,3,5,3,1,1,0,0,0,0,0,4.69253E+20,5.57233E+21,8.56827E+15,5.03023E+16
34449,6.1708E+18,6,5,33,17,2017,8,7,6,3,8,1,0,0,0,1,0,0,0,4.47937E+20,5.59456E+21,8.26589E+15,5.05007E+16
34450,6.1708E+18,6,4,36,8,2017,8,0,6,3,8,1,0,0,0,1,0,2,0,4.62059E+20,5.55248E+21,8.46923E+15,5.01234E+16
34451,6.1708E+18,6,4,31,19,2017,8,21,6,2,9,1,0,0,0,1,0,0,0,4.82414E+20,5.49461E+21,8.75661E+15,4.96038E+16
34452,6.1708E+18,6,4,40,16,2017,8,15,6,2,5,2,0,1,0,0,0,0,0,4.95731E+20,5.58516E+21,8.93992E+15,5.04185E+16
34453,6.1708E+18,6,5,32,11,2017,8,23,6,1,8,1,0,0,0,1,0,2,0,4.49509E+20,5.629E+21,8.28336E+15,5.08105E+16
34454,6.1708E+18,6,5,31,11,2017,8,5,6,3,7,7,0,1,0,0,0,1,0,4.92233E+20,5.59857E+21,8.8904E+15,5.05391E+16
34455,6.1708E+18,6,4,40,23,2017,8,17,6,3,2,6,0,1,0,0,0,0,0,4.79333E+20,5.57105E+21,8.70986E+15,5.02912E+16
34456,6.1708E+18,6,4,35,14,2017,8,23,6,3,2,6,0,1,0,0,0,2,0,4.98624E+20,5.55317E+21,8.98075E+15,5.01308E+16
34457,6.1708E+18,6,5,34,18,2017,8,5,6,3,5,1,0,1,0,0,0,0,0,5.00899E+20,5.62945E+21,9.01276E+15,5.08167E+16
34458,6.1708E+18,6,5,32,11,2017,8,11,4,3,3,6,0,1,0,0,1,0,0,4.47084E+20,5.62183E+21,8.24998E+15,5.07458E+16
34459,6.1708E+18,6,5,35,18,2017,8,16,3,2,8,1,0,1,0,0,0,0,0,5.12446E+20,5.60363E+21,9.17581E+15,5.05844E+16
34460,6.1708E+18,6,4,33,6,2017,8,9,4,3,2,6,0,1,0,0,0,0,0,4.64029E+20,5.53063E+21,8.49884E+15,4.9927E+16
34461,6.17082E+18,6,4,37,11,2017,8,12,3,3,8,1,0,1,0,0,0,0,0,5.06101E+20,5.50873E+21,9.08466E+15,4.97311E+16
34462,6.17082E+18,6,4,11,0,2017,8,16,3,3,2,6,0,1,0,0,0,0,1,4.73084E+20,5.52416E+21,8.62544E+15,4.98692E+16
34463,6.17082E+18,6,6,34,26,2017,8,12,3,2,4,6,0,1,0,0,0,0,0,5.1081E+20,5.63397E+21,9.15358E+15,5.08573E+16
34464,6.17082E+18,6,6,34,10,2017,8,20,3,3,5,3,0,1,0,0,0,2,0,5.11275E+20,5.6506E+21,9.1607E+15,5.10068E+16
34465,6.17081E+18,6,4,35,14,2017,8,14,6,3,3,2,1,0,0,0,1,0,1,4.96762E+20,5.55032E+21,8.95472E+15,5.01052E+16
34466,6.17081E+18,6,6,32,15,2017,8,23,6,1,4,1,0,0,0,0,1,2,1,5.41481E+20,5.62543E+21,9.58836E+15,5.07791E+16
34467,6.17081E+18,6,6,31,2,2017,8,15,6,3,3,1,0,1,0,0,0,0,1,5.45819E+20,5.61928E+21,9.64913E+15,5.07235E+16
34468,6.17081E+18,6,6,31,15,2017,8,12,6,3,2,6,0,1,0,0,0,0,1,5.48202E+20,5.60996E+21,9.68167E+15,5.06395E+16
34469,6.17081E+18,6,6,33,29,2017,8,8,6,3,8,1,0,1,0,0,0,0,1,5.14857E+20,5.69356E+21,9.21354E+15,5.13931E+16
34470,6.17081E+18,6,6,33,29,2017,8,22,6,2,8,1,0,1,0,0,0,2,1,5.14807E+20,5.69362E+21,9.21282E+15,5.13936E+16
34471,6.17081E+18,6,4,12,0,2017,8,23,6,3,3,1,0,1,0,0,0,2,1,4.69461E+20,5.54463E+21,8.57341E+15,5.00531E+16
34472,6.17081E+18,6,5,33,6,2017,8,13,6,3,2,6,0,1,0,0,1,0,1,4.31151E+20,5.584E+21,8.03117E+15,5.0404E+16
34473,6.17081E+18,6,4,14,0,2017,8,16,6,3,2,6,0,1,0,0,0,0,1,4.49971E+20,5.54447E+21,8.30119E+15,5.00504E+16
34474,6.17081E+18,6,4,32,18,2017,8,9,6,2,3,1,0,1,0,0,1,0,1,4.72315E+20,5.51397E+21,8.61546E+15,4.97776E+16
34475,6.17081E+18,6,5,32,1,2017,8,15,6,3,8,1,0,0,0,0,1,0,1,4.61508E+20,5.60598E+21,8.45605E+15,5.06045E+16
34476,6.17081E+18,6,5,31,2,2017,8,0,5,3,8,1,0,1,0,0,0,2,1,4.70786E+20,5.61186E+21,8.5867E+15,5.06578E+16
34477,6.17081E+18,6,5,31,5,2017,8,16,5,3,2,6,0,1,0,0,0,0,1,4.79636E+20,5.60416E+21,8.71232E+15,5.0589E+16
34478,6.17081E+18,6,5,35,12,2017,8,21,5,3,8,1,0,0,0,0,1,2,1,5.21203E+20,5.60474E+21,9.29956E+15,5.05942E+16
34479,6.17081E+18,6,5,33,3,2017,8,20,5,3,5,3,1,1,0,0,0,1,0,4.47081E+20,5.57184E+21,8.25703E+15,5.02963E+16
34480,6.17082E+18,6,6,33,3,2017,8,22,3,3,1,5,0,1,0,1,0,2,0,5.27022E+20,5.67723E+21,9.38715E+15,5.12458E+16
34481,6.17082E+18,6,6,32,1,2017,8,17,3,3,5,3,0,1,0,0,0,0,1,5.46464E+20,5.65543E+21,9.66286E+15,5.10485E+16
34482,6.17081E+18,6,5,33,9,2017,8,7,5,2,5,3,0,0,0,1,1,0,1,4.33311E+20,5.58466E+21,8.06144E+15,5.04102E+16
34483,6.17081E+18,6,6,11,0,2017,8,17,5,2,5,3,1,1,0,0,0,0,0,5.37265E+20,5.68263E+21,9.53445E+15,5.12938E+16
34484,6.17081E+18,6,6,33,1,2017,8,14,5,3,2,2,0,1,0,0,0,0,0,5.30234E+20,5.69053E+21,9.43428E+15,5.13652E+16
34485,6.17082E+18,6,6,34,2,2017,8,10,3,3,5,3,1,0,0,1,0,0,0,5.31764E+20,5.67328E+21,9.45474E+15,5.121E+16
34486,6.17081E+18,6,6,11,0,2017,8,12,5,3,2,6,0,1,0,0,1,0,0,5.34727E+20,5.68673E+21,9.49846E+15,5.13308E+16
34487,6.17082E+18,6,6,35,11,2017,8,18,3,3,8,1,0,1,0,0,0,0,1,4.82552E+20,5.65998E+21,8.75085E+15,5.10911E+16
34488,6.17082E+18,6,4,34,13,2017,8,16,3,3,4,6,0,1,0,0,0,0,1,4.55843E+20,5.57134E+21,8.38009E+15,5.02925E+16
34489,6.17081E+18,6,4,14,0,2017,8,18,5,3,2,6,0,1,0,0,0,0,1,4.46268E+20,5.54385E+21,8.24956E+15,5.00445E+16
34490,6.17081E+18,6,4,14,0,2017,8,0,5,3,9,6,0,1,0,0,0,2,1,4.47135E+20,5.5466E+21,8.26129E+15,5.00693E+16
34491,6.17081E+18,6,4,14,0,2017,8,14,5,3,9,1,0,0,0,1,0,0,1,4.49198E+20,5.54464E+21,8.29037E+15,5.00518E+16
34492,6.17081E+18,6,4,14,0,2017,8,18,5,3,2,6,0,1,0,0,0,0,1,4.46412E+20,5.54791E+21,8.251E+15,5.0081E+16
34493,6.17081E+18,6,4,36,3,2017,8,19,5,3,8,1,0,1,0,0,0,0,1,4.67881E+20,5.55506E+21,8.55046E+15,5.01469E+16
34494,6.17082E+18,6,6,31,9,2017,8,18,5,3,2,6,0,1,0,0,0,0,0,5.48366E+20,5.60073E+21,9.68279E+15,5.05565E+16
34495,6.17082E+18,6,4,35,14,2017,8,21,5,3,4,1,0,1,0,0,0,2,0,4.94119E+20,5.55421E+21,8.9177E+15,5.01401E+16
34496,6.17082E+18,6,5,31,4,2017,8,8,5,2,5,3,0,1,0,0,0,0,0,4.84427E+20,5.59928E+21,8.78021E+15,5.05453E+16
34497,6.17082E+18,6,5,31,5,2017,8,16,5,3,0,7,0,0,0,0,1,0,0,4.7768E+20,5.60359E+21,8.68472E+15,5.05838E+16
34498,6.17081E+18,6,4,36,12,2017,8,17,5,3,2,6,0,1,0,0,0,0,1,4.65566E+20,5.55419E+21,8.51814E+15,5.01389E+16
34499,6.17081E+18,6,4,36,3,2017,8,8,5,3,3,6,0,1,0,0,1,0,1,4.68857E+20,5.55334E+21,8.56426E+15,5.01315E+16
34500,6.17081E+18,6,4,12,0,2017,8,17,5,3,8,1,0,1,0,0,0,0,1,4.70595E+20,5.55242E+21,8.58865E+15,5.01233E+16
34501,6.17081E+18,6,4,12,0,2017,8,12,5,3,2,6,0,1,0,0,0,0,1,4.74265E+20,5.55667E+21,8.63969E+15,5.01617E+16
34502,6.17082E+18,6,5,31,5,2017,8,12,5,3,5,2,1,1,0,0,0,0,0,4.76308E+20,5.60297E+21,8.66538E+15,5.05782E+16
34503,6.17082E+18,6,4,35,14,2017,8,16,5,2,5,2,0,1,0,1,0,0,0,4.93634E+20,5.55159E+21,8.91096E+15,5.01165E+16
34504,6.17082E+18,6,4,38,11,2017,8,10,5,3,3,6,0,1,0,0,0,0,0,4.92228E+20,5.54564E+21,8.89141E+15,5.0063E+16
34505,6.17082E+18,6,4,35,14,2017,8,10,5,3,2,6,0,1,0,0,0,0,0,4.94439E+20,5.55061E+21,8.92223E+15,5.01077E+16
34506,6.17081E+18,6,4,12,0,2017,8,9,5,3,2,6,0,1,0,0,0,0,1,4.77125E+20,5.55637E+21,8.67976E+15,5.01591E+16
34507,6.17082E+18,6,6,33,20,2017,8,7,5,2,3,6,0,1,0,0,1,0,0,5.39877E+20,5.68616E+21,9.57231E+15,5.13253E+16
34508,6.17081E+18,6,4,12,0,2017,8,9,5,3,2,6,1,1,0,0,0,0,1,4.77411E+20,5.55333E+21,8.68394E+15,5.01317E+16
34509,6.17082E+18,6,5,35,1,2017,8,14,5,3,9,1,0,1,0,0,0,0,0,5.1755E+20,5.62055E+21,9.2487E+15,5.07365E+16
34510,6.17082E+18,6,6,36,5,2017,8,12,5,3,0,7,0,0,0,0,1,0,0,5.80971E+20,5.65182E+21,1.01542E+16,5.10122E+16
34511,6.17082E+18,6,4,12,0,2017,8,16,5,3,2,6,0,1,0,0,0,0,0,4.67048E+20,5.55181E+21,8.53908E+15,5.01176E+16
34512,6.17082E+18,6,4,40,6,2017,8,18,5,3,2,6,0,1,0,0,1,0,0,4.95439E+20,5.58114E+21,8.93584E+15,5.03823E+16
34513,6.17082E+18,6,4,12,0,2017,8,15,4,3,4,6,1,0,0,0,0,0,0,4.65875E+20,5.54295E+21,8.52347E+15,5.00378E+16
34514,6.17082E+18,6,5,31,5,2017,8,17,4,3,8,1,0,0,0,1,0,0,0,4.75671E+20,5.60573E+21,8.65621E+15,5.06029E+16
34515,6.17082E+18,6,5,31,2,2017,8,6,4,3,8,1,0,1,0,0,0,0,1,4.70771E+20,5.61187E+21,8.58648E+15,5.06579E+16
34516,6.17082E+18,6,6,34,1,2017,8,16,4,3,5,2,0,1,0,1,0,0,0,5.20105E+20,5.64954E+21,9.28651E+15,5.09971E+16
34517,6.17082E+18,6,6,33,15,2017,8,8,4,3,4,1,0,1,0,0,1,0,1,5.41214E+20,5.6814E+21,9.59094E+15,5.12824E+16
34518,6.17082E+18,6,6,11,0,2017,8,17,4,3,2,6,0,1,0,0,0,0,0,5.36724E+20,5.68399E+21,9.52684E+15,5.1306E+16
34519,6.17082E+18,6,6,11,0,2017,8,9,4,3,2,6,0,1,0,0,0,0,0,5.36064E+20,5.68494E+21,9.51747E+15,5.13146E+16
34520,6.17082E+18,6,4,14,0,2017,8,6,4,3,0,6,0,1,0,1,0,0,1,4.4823E+20,5.53965E+21,8.27752E+15,5.00069E+16
34521,6.17082E+18,6,4,14,0,2017,8,12,4,3,6,7,0,1,1,0,0,0,0,4.42438E+20,5.54391E+21,8.19607E+15,5.00447E+16
34522,6.17082E+18,6,4,14,0,2017,8,11,4,3,5,3,0,1,0,0,0,0,0,4.44913E+20,5.54752E+21,8.2301E+15,5.00774E+16
34523,6.17082E+18,6,4,12,0,2017,8,8,4,2,1,5,1,1,0,0,0,0,0,4.76203E+20,5.55988E+21,8.66663E+15,5.01906E+16
34524,6.17082E+18,6,4,11,0,2017,8,22,4,3,5,3,1,1,0,0,0,2,0,4.73355E+20,5.53096E+21,8.62875E+15,4.99305E+16
34525,6.17082E+18,6,4,11,0,2017,8,18,4,3,5,3,1,0,0,0,0,0,0,4.723E+20,5.52164E+21,8.61471E+15,4.98465E+16
34526,6.17082E+18,6,6,34,22,2017,8,18,4,3,2,6,0,1,0,1,0,0,0,5.16583E+20,5.63822E+21,9.23579E+15,5.08954E+16
34527,6.17082E+18,6,6,35,2,2017,8,7,4,3,5,3,1,1,0,0,0,0,0,5.00906E+20,5.69164E+21,9.01302E+15,5.1376E+16
34528,6.17082E+18,6,6,32,18,2017,8,11,4,3,3,2,0,1,0,1,0,0,0,5.5207E+20,5.64954E+21,9.74199E+15,5.09951E+16
34529,6.17082E+18,6,6,32,18,2017,8,6,4,3,2,6,0,1,0,0,0,0,1,5.47989E+20,5.6532E+21,9.68432E+15,5.10283E+16
34530,6.17082E+18,6,6,36,5,2017,8,10,4,3,2,6,0,1,0,0,1,0,0,5.79867E+20,5.65186E+21,1.01385E+16,5.10127E+16
34531,6.17082E+18,6,4,39,8,2017,8,7,4,3,4,6,0,1,0,0,0,0,1,4.45575E+20,5.56647E+21,8.23665E+15,5.02478E+16
34532,6.17081E+18,6,4,12,0,2017,8,17,5,3,4,1,0,1,0,0,0,0,1,4.75542E+20,5.5474E+21,8.65817E+15,5.00784E+16
34533,6.17081E+18,6,4,12,0,2017,8,15,5,3,2,6,0,1,0,0,0,0,1,4.726E+20,5.54847E+21,8.61698E+15,5.00879E+16
34534,6.17081E+18,6,4,12,0,2017,8,13,5,3,5,3,1,1,0,0,0,0,1,4.79295E+20,5.55531E+21,8.7102E+15,5.01496E+16
34535,6.17081E+18,6,4,12,0,2017,8,21,5,3,5,2,1,1,0,0,0,2,1,4.7556E+20,5.55075E+21,8.6582E+15,5.01085E+16
34536,6.17082E+18,6,4,38,9,2017,8,16,4,3,2,6,0,1,0,0,0,0,0,4.75621E+20,5.54422E+21,8.65948E+15,5.00498E+16
34537,6.17081E+18,6,4,11,0,2017,8,9,5,3,3,2,1,0,0,0,0,0,1,4.75663E+20,5.52513E+21,8.66127E+15,4.98781E+16
34538,6.17081E+18,6,6,34,22,2017,8,7,5,3,9,1,0,1,0,0,0,0,1,5.10117E+20,5.63993E+21,9.14391E+15,5.09109E+16
34539,6.17082E+18,6,4,38,9,2017,8,12,4,3,2,6,0,1,0,0,1,0,0,4.78183E+20,5.54425E+21,8.69525E+15,5.00501E+16
34540,6.17082E+18,6,4,31,11,2017,8,17,4,3,2,6,0,1,0,0,0,0,0,4.74032E+20,5.49902E+21,8.64032E+15,4.96432E+16
34541,6.17082E+18,6,5,32,7,2017,8,7,4,3,5,3,0,1,0,0,1,0,1,4.42746E+20,5.60798E+21,8.19064E+15,5.06209E+16
34542,6.17082E+18,6,5,32,13,2017,8,16,4,2,8,1,0,0,0,1,0,0,0,4.64325E+20,5.61309E+21,8.49517E+15,5.06685E+16
34543,6.17082E+18,6,4,32,17,2017,8,14,4,3,5,3,0,1,0,0,1,0,0,4.91124E+20,5.52203E+21,8.87653E+15,4.98506E+16
34544,6.17082E+18,6,4,11,0,2017,8,16,4,3,2,6,0,1,0,0,0,0,0,4.75616E+20,5.5172E+21,8.66111E+15,4.98067E+16
34545,6.17082E+18,6,4,40,25,2017,8,7,4,3,2,6,0,1,0,1,0,0,1,4.81075E+20,5.57171E+21,8.7343E+15,5.02972E+16
34546,6.17082E+18,6,4,33,11,2017,8,19,4,2,1,5,1,1,0,0,0,0,0,4.59123E+20,5.52337E+21,8.43125E+15,4.98614E+16
34547,6.17082E+18,6,5,34,11,2017,8,14,4,3,2,6,0,0,0,1,0,0,0,4.94529E+20,5.63037E+21,8.92232E+15,5.08251E+16
34548,6.17082E+18,6,6,31,9,2017,8,21,4,2,5,3,1,0,0,0,1,2,0,5.48568E+20,5.6001E+21,9.68556E+15,5.05508E+16
34549,6.17082E+18,6,6,31,20,2017,8,20,4,3,8,1,0,0,0,1,0,0,0,5.51448E+20,5.60125E+21,9.72637E+15,5.05609E+16
34550,6.17081E+18,6,6,36,11,2017,8,17,5,2,8,1,0,1,0,0,0,0,0,5.67721E+20,5.66156E+21,9.96723E+15,5.11015E+16
34551,6.17082E+18,6,6,31,9,2017,8,16,4,3,5,2,0,1,0,0,0,0,0,5.50172E+20,5.59993E+21,9.70818E+15,5.05492E+16
34552,6.17082E+18,6,6,31,9,2017,8,15,4,3,5,2,1,0,0,0,1,0,0,5.47929E+20,5.59843E+21,9.67632E+15,5.05359E+16
34553,6.17081E+18,6,4,38,13,2017,8,7,5,3,5,3,0,1,0,1,0,0,1,4.95889E+20,5.54462E+21,8.94257E+15,5.00538E+16
34554,6.17082E+18,6,5,32,21,2017,8,6,4,2,8,1,0,1,0,0,0,0,1,4.56144E+20,5.59971E+21,8.381E+15,5.05477E+16
34555,6.17081E+18,6,4,38,6,2017,8,8,5,3,5,3,1,1,0,0,0,0,1,4.74114E+20,5.53754E+21,8.63888E+15,4.99896E+16
34556,6.17082E+18,6,5,31,6,2017,8,15,4,2,8,1,0,1,0,0,0,0,0,5.02279E+20,5.6047E+21,9.0322E+15,5.05942E+16
34557,6.17082E+18,6,4,13,0,2017,8,18,4,2,9,7,0,1,0,0,0,0,0,4.82966E+20,5.54604E+21,8.76199E+15,5.00664E+16
34558,6.17082E+18,6,4,38,13,2017,8,9,4,3,2,6,0,1,0,0,0,0,0,4.94483E+20,5.54419E+21,8.92294E+15,5.00499E+16
34559,6.17082E+18,6,4,35,21,2017,8,15,3,3,5,2,0,1,0,0,0,0,1,4.90715E+20,5.56268E+21,8.86986E+15,5.02162E+16
34560,6.17082E+18,6,4,35,7,2017,8,7,3,2,4,6,0,1,0,0,0,0,0,4.99506E+20,5.5557E+21,8.99309E+15,5.01535E+16
34561,6.17082E+18,6,5,31,2,2017,8,13,3,3,2,6,0,1,0,0,0,0,0,4.70154E+20,5.60832E+21,8.57804E+15,5.0626E+16
34562,6.17082E+18,6,6,35,7,2017,8,17,3,2,8,1,0,1,1,0,0,0,0,4.78685E+20,5.69117E+21,8.69378E+15,5.13713E+16
34563,6.17082E+18,6,6,35,22,2017,8,8,3,2,2,6,0,1,0,0,1,0,0,4.81788E+20,5.68232E+21,8.73882E+15,5.12919E+16
34564,6.17082E+18,6,5,33,9,2017,8,11,3,3,5,3,0,1,0,0,1,0,0,4.3366E+20,5.58464E+21,8.06635E+15,5.041E+16
34565,6.17082E+18,6,6,33,26,2017,8,13,3,3,2,6,0,1,0,0,1,0,0,5.323E+20,5.69039E+21,9.46396E+15,5.13638E+16
34566,6.17082E+18,6,6,11,0,2017,8,21,3,3,5,2,0,1,0,0,0,2,0,5.33972E+20,5.6841E+21,9.48737E+15,5.13072E+16
34567,6.17082E+18,6,4,14,0,2017,8,14,3,3,6,7,0,1,1,0,0,0,1,4.46237E+20,5.5476E+21,8.2486E+15,5.00783E+16
34568,6.17082E+18,6,4,12,0,2017,8,8,3,2,3,6,0,1,0,1,0,0,0,4.75154E+20,5.55454E+21,8.65229E+15,5.01426E+16
34569,6.17082E+18,6,4,12,0,2017,8,18,3,3,2,6,0,1,0,0,0,0,1,4.73909E+20,5.54856E+21,8.63527E+15,5.00887E+16
34570,6.17081E+18,6,4,34,9,2017,8,14,5,3,4,6,0,1,0,0,0,0,1,4.61181E+20,5.56836E+21,8.45533E+15,5.02661E+16
34571,6.17081E+18,6,4,34,8,2017,8,14,5,3,5,3,1,1,0,0,1,0,1,4.69927E+20,5.56088E+21,8.57863E+15,5.01993E+16
34572,6.17081E+18,6,4,34,8,2017,8,18,5,3,0,7,1,0,0,0,0,0,1,4.67699E+20,5.56066E+21,8.54743E+15,5.01973E+16
34573,6.17082E+18,6,4,32,23,2017,8,1,3,2,8,1,0,1,0,0,0,2,0,4.69527E+20,5.5279E+21,8.57566E+15,4.99027E+16
34574,6.17081E+18,6,5,33,10,2017,8,18,5,3,2,6,0,1,0,0,0,0,1,4.48467E+20,5.59663E+21,8.27307E+15,5.05193E+16
34575,6.17081E+18,6,4,31,11,2017,8,11,5,2,6,4,0,1,1,0,0,0,1,4.73691E+20,5.49896E+21,8.6356E+15,4.96426E+16
34576,6.17082E+18,6,4,36,4,2017,8,17,3,3,5,3,0,1,0,0,0,0,1,4.59895E+20,5.54429E+21,8.43982E+15,5.00496E+16
34577,6.17082E+18,6,4,31,11,2017,8,16,3,3,5,2,1,1,0,0,0,0,0,4.73941E+20,5.49886E+21,8.63907E+15,4.96417E+16
34578,6.17082E+18,6,4,40,20,2017,8,21,3,3,6,6,0,1,1,0,0,2,0,4.9915E+20,5.57908E+21,8.98804E+15,5.03638E+16
34579,6.17082E+18,6,5,32,6,2017,8,15,3,2,2,6,0,1,0,0,0,0,0,4.48717E+20,5.62148E+21,8.27316E+15,5.07428E+16
34580,6.17082E+18,6,4,32,8,2017,8,16,3,3,5,3,0,1,0,0,0,0,1,4.69744E+20,5.52347E+21,8.57903E+15,4.98629E+16
34581,6.17082E+18,6,4,40,7,2017,8,14,3,3,4,1,0,1,0,0,0,0,0,4.92768E+20,5.57838E+21,8.89834E+15,5.03574E+16
34582,6.17082E+18,6,4,40,24,2017,8,8,3,3,8,1,0,1,0,0,0,0,0,4.86454E+20,5.58156E+21,8.80946E+15,5.03859E+16
34583,6.17082E+18,6,4,31,15,2017,8,12,3,2,1,5,1,1,0,0,0,0,0,4.84221E+20,5.50622E+21,8.78116E+15,4.97083E+16
34584,6.17081E+18,6,4,31,17,2017,8,18,5,3,8,1,0,1,0,0,0,1,1,4.78284E+20,5.4967E+21,8.69933E+15,4.96225E+16
34585,6.17081E+18,6,4,40,4,2017,8,19,5,2,4,1,0,1,0,0,0,1,1,5.07729E+20,5.56881E+21,9.10846E+15,5.02714E+16
34586,6.17082E+18,6,4,33,11,2017,8,20,3,3,5,3,0,1,0,0,1,1,1,4.62183E+20,5.52048E+21,8.47412E+15,4.98355E+16
34587,6.17081E+18,6,4,32,15,2017,8,12,5,3,5,3,0,1,0,0,0,0,1,4.92214E+20,5.52988E+21,8.89154E+15,4.99213E+16
34588,6.17081E+18,6,4,32,10,2017,8,10,5,3,2,6,0,1,0,0,0,0,1,4.89758E+20,5.52639E+21,8.85741E+15,4.98898E+16
34589,6.17081E+18,6,4,32,21,2017,8,14,5,3,4,1,0,1,0,0,1,0,1,5.02214E+20,5.53036E+21,9.03085E+15,4.99256E+16
34590,6.17081E+18,6,4,40,8,2017,8,16,5,3,2,6,0,1,0,0,0,0,1,4.81056E+20,5.57448E+21,8.73389E+15,5.03221E+16
34591,6.17081E+18,6,4,33,5,2017,8,16,5,3,5,3,0,1,0,1,0,0,1,4.50875E+20,5.53854E+21,8.31457E+15,4.99972E+16
34592,6.17082E+18,6,5,34,18,2017,8,16,3,3,5,3,0,1,0,1,0,0,1,4.99942E+20,5.62946E+21,8.99918E+15,5.08169E+16
34593,6.17082E+18,6,5,34,22,2017,8,14,3,3,9,7,0,1,0,0,0,0,0,4.95819E+20,5.63969E+21,8.94054E+15,5.09089E+16
34594,6.17082E+18,6,6,31,15,2017,8,21,3,3,1,5,1,1,0,0,0,2,0,5.54902E+20,5.61398E+21,9.77701E+15,5.0675E+16
34595,6.17082E+18,6,6,31,12,2017,8,14,3,3,4,6,0,1,0,1,0,0,0,5.67399E+20,5.60452E+21,9.95212E+15,5.05886E+16
34596,6.17082E+18,6,6,31,9,2017,8,19,3,3,8,1,0,1,0,0,0,0,1,5.48126E+20,5.60751E+21,9.68027E+15,5.06174E+16
34597,6.17082E+18,6,6,31,18,2017,8,19,3,2,8,1,0,0,0,0,1,0,1,5.37726E+20,5.59007E+21,9.53151E+15,5.04614E+16
34598,6.17082E+18,6,6,31,9,2017,8,10,3,3,6,4,1,0,1,0,0,0,0,5.48128E+20,5.59992E+21,9.67932E+15,5.05492E+16
34599,6.17082E+18,6,5,31,5,2017,8,13,3,3,2,6,0,1,0,0,0,0,0,4.79868E+20,5.60251E+21,8.71569E+15,5.05742E+16
34600,6.17082E+18,6,6,34,5,2017,8,12,3,3,8,1,0,1,0,0,0,0,0,5.20801E+20,5.66689E+21,9.29742E+15,5.11531E+16
34601,6.17082E+18,6,4,12,0,2017,8,8,3,3,2,6,0,1,0,0,0,0,0,4.74237E+20,5.56127E+21,8.639E+15,5.0203E+16
34602,6.17082E+18,6,4,12,0,2017,8,16,3,3,2,6,0,1,0,0,0,0,1,4.71667E+20,5.5451E+21,8.60419E+15,5.00575E+16
34603,6.17082E+18,6,4,36,7,2017,8,15,3,3,2,6,0,1,0,0,0,0,1,4.55448E+20,5.54634E+21,8.37747E+15,5.00677E+16
34604,6.17082E+18,6,5,33,9,2017,8,15,3,3,2,6,0,1,0,0,0,0,0,4.32357E+20,5.58395E+21,8.04815E+15,5.04037E+16
34605,6.17082E+18,6,4,11,0,2017,8,19,3,3,9,1,0,1,0,0,0,0,1,4.71368E+20,5.52448E+21,8.60154E+15,4.98721E+16
34606,6.17081E+18,6,5,31,2,2017,8,18,2,2,9,1,0,1,0,0,0,0,0,4.72985E+20,5.60636E+21,8.61821E+15,5.06085E+16
34607,6.17081E+18,6,6,35,15,2017,8,6,2,3,8,1,1,0,0,0,0,0,0,4.91433E+20,5.67992E+21,8.87719E+15,5.12706E+16
34608,6.17081E+18,6,6,11,0,2017,8,10,2,3,0,6,0,1,0,0,0,0,0,5.35739E+20,5.68459E+21,9.51276E+15,5.13115E+16
34609,6.17081E+18,6,6,11,0,2017,8,19,2,3,5,2,0,1,0,0,0,1,0,5.34568E+20,5.68542E+21,9.49605E+15,5.1319E+16
34610,6.17081E+18,6,4,14,0,2017,8,14,2,3,5,2,0,1,0,0,0,0,0,4.52837E+20,5.54492E+21,8.34117E+15,5.00547E+16
34611,6.17081E+18,6,4,14,0,2017,8,22,2,3,5,2,0,1,0,0,0,2,0,4.44111E+20,5.54798E+21,8.21883E+15,5.00814E+16
34612,6.17081E+18,6,4,12,0,2017,8,16,2,2,5,3,0,1,0,1,0,0,0,4.77423E+20,5.55679E+21,8.68391E+15,5.01629E+16
34613,6.17081E+18,6,4,32,12,2017,8,23,2,2,8,1,0,1,0,0,0,2,0,4.83026E+20,5.53215E+21,8.76345E+15,4.99414E+16
34614,6.17081E+18,6,4,37,11,2017,8,18,2,3,8,1,0,1,0,0,0,0,0,5.08896E+20,5.51103E+21,9.12349E+15,4.97517E+16
34615,6.17081E+18,6,4,11,0,2017,8,18,2,3,5,3,1,1,0,0,0,0,0,4.74548E+20,5.52556E+21,8.64572E+15,4.98819E+16
34616,6.17081E+18,6,6,36,9,2017,8,15,2,3,2,6,0,1,0,1,0,0,0,5.63E+20,5.69573E+21,9.90583E+15,5.14093E+16