OBJECTID,UIDENTSTLA,ULAND,UREGBEZ,UKREIS,UGEMEINDE,UJAHR,UMONAT,USTUNDE,UWOCHENTAG,UKATEGORIE,UART,UTYP1,IstRad,IstPKW,IstFuss,IstKrad,IstSonstig,LICHT,STRZUSTAND,LINREFX,LINREFY,XGCSWGS84,YGCSWGS84
34791,6.17081E+18,6,6,31,23,2017,8,18,6,3,8,1,0,1,0,0,0,0,1,5.7287E+20,5.60765E+21,1.003E+16,5.06162E+16
34792,6.17081E+18,6,6,31,17,2017,8,21,6,3,2,6,0,1,0,0,1,2,1,5.51943E+20,5.60052E+21,9.73324E+15,5.05543E+16
34793,6.17081E+18,6,6,31,17,2017,8,16,6,3,2,6,0,1,0,0,0,0,1,5.49805E+20,5.59886E+21,9.70285E+15,5.05396E+16
34794,6.17081E+18,6,6,31,17,2017,8,13,6,2,2,2,0,1,0,0,0,0,1,5.5037E+20,5.59848E+21,9.71077E+15,5.05361E+16
34795,6.17081E+18,6,6,31,20,2017,8,15,6,2,0,1,0,0,0,1,0,0,1,5.521E+20,5.605E+21,9.7361E+15,5.05945E+16
34796,6.17081E+18,6,4,12,0,2017,8,8,4,2,8,1,1,0,0,0,0,0,0,4.75249E+20,5.55056E+21,8.65387E+15,5.01068E+16
34797,6.17081E+18,6,4,37,14,2017,8,19,4,1,8,1,0,0,0,1,0,0,0,4.92468E+20,5.48933E+21,8.89586E+15,4.95565E+16
34798,6.17083E+18,6,5,33,9,2017,8,18,6,3,9,1,0,1,0,0,0,0,1,4.35261E+20,5.58675E+21,8.08853E+15,5.04292E+16
34799,6.17083E+18,6,4,14,0,2017,8,13,6,2,5,2,0,1,0,0,0,0,0,4.40748E+20,5.54464E+21,8.17235E+15,5.00511E+16
34800,6.17083E+18,6,4,13,0,2017,8,13,6,3,0,7,0,1,1,0,0,0,0,4.83462E+20,5.54865E+21,8.76881E+15,5.00899E+16
34801,6.17083E+18,6,4,36,3,2017,8,19,6,2,3,1,0,1,0,0,0,1,1,4.68774E+20,5.5539E+21,8.56305E+15,5.01365E+16
34802,6.17082E+18,6,4,31,20,2017,8,11,7,3,2,6,0,1,0,0,0,0,0,4.68076E+20,5.48968E+21,8.55857E+15,4.95589E+16
34803,6.17082E+18,6,6,36,7,2017,8,13,6,3,0,1,0,0,0,1,0,0,1,5.7437E+20,5.67242E+21,1.00644E+16,5.11984E+16
34804,6.17082E+18,6,6,32,19,2017,8,9,6,2,5,3,0,1,0,1,0,0,0,5.6014E+20,5.63028E+21,9.85379E+15,5.08211E+16
34805,6.17082E+18,6,5,33,16,2017,8,19,6,3,8,7,0,1,0,0,0,0,0,4.35569E+20,5.59656E+21,8.09117E+15,5.05175E+16
34806,6.17082E+18,6,5,33,8,2017,8,12,6,3,2,6,0,1,0,1,0,0,0,4.40556E+20,5.5714E+21,8.16549E+15,5.02917E+16
34807,6.17083E+18,6,6,35,19,2017,8,17,1,2,5,2,0,1,0,1,0,0,0,4.93905E+20,5.672E+21,8.91276E+15,5.11994E+16
34808,6.17083E+18,6,6,11,0,2017,8,12,1,2,5,2,0,1,0,0,1,0,0,5.35913E+20,5.68752E+21,9.51555E+15,5.13378E+16
34809,6.17083E+18,6,4,14,0,2017,8,18,1,3,2,6,0,1,0,1,0,0,0,4.44574E+20,5.54757E+21,8.22537E+15,5.00778E+16
34810,6.17083E+18,6,4,13,0,2017,8,11,1,3,0,7,0,1,0,0,0,0,0,4.82797E+20,5.54857E+21,8.75951E+15,5.00892E+16
34811,6.17083E+18,6,4,12,0,2017,8,22,1,3,5,2,0,1,0,0,0,2,0,4.77394E+20,5.55447E+21,8.68364E+15,5.0142E+16
34812,6.17083E+18,6,4,12,0,2017,8,11,1,3,2,2,0,1,0,0,0,0,0,4.82648E+20,5.5525E+21,8.75726E+15,5.01245E+16
34813,6.17083E+18,6,4,12,0,2017,8,5,1,2,8,1,0,1,0,1,0,2,0,4.79451E+20,5.55553E+21,8.71236E+15,5.01517E+16
34814,6.17083E+18,6,4,37,14,2017,8,16,1,3,9,1,0,1,0,1,0,0,0,4.95418E+20,5.48625E+21,8.93669E+15,4.95288E+16
34815,6.17083E+18,6,6,36,16,2017,8,18,1,2,5,3,0,1,0,1,0,0,0,5.57184E+20,5.6848E+21,9.82045E+15,5.13116E+16
34816,6.17083E+18,6,6,35,3,2017,8,0,1,3,5,3,1,1,0,0,0,2,0,5.0864E+20,5.65917E+21,9.12335E+15,5.1084E+16
34817,6.17083E+18,6,6,11,0,2017,8,18,1,3,5,3,0,1,0,0,0,0,0,5.28976E+20,5.68877E+21,9.41608E+15,5.13495E+16
34818,6.17083E+18,6,4,39,7,2017,8,13,1,2,8,1,0,0,0,1,0,0,0,4.41803E+20,5.56208E+21,8.18443E+15,5.0208E+16
34819,6.17083E+18,6,4,38,2,2017,8,20,1,3,0,7,1,0,0,0,0,2,0,4.78275E+20,5.5398E+21,8.6968E+15,5.00101E+16
34820,6.17083E+18,6,4,38,3,2017,8,17,1,3,5,3,0,1,0,1,0,0,0,4.74959E+20,5.53481E+21,8.65084E+15,4.99651E+16
34821,6.17083E+18,6,4,34,9,2017,8,21,1,3,9,1,0,0,0,1,0,1,0,4.59962E+20,5.56381E+21,8.43871E+15,5.02251E+16
34822,6.17083E+18,6,5,33,11,2017,8,6,1,3,9,1,0,1,0,0,0,0,0,4.39546E+20,5.59868E+21,8.14692E+15,5.05369E+16
34823,6.17083E+18,6,4,31,17,2017,8,0,1,2,0,7,0,0,0,1,0,2,0,4.82194E+20,5.49337E+21,8.75363E+15,4.95926E+16
34824,6.17083E+18,6,4,35,5,2017,8,18,1,2,8,7,0,1,0,0,0,0,0,5.20876E+20,5.57311E+21,9.29318E+15,5.03097E+16
34825,6.17083E+18,6,4,35,9,2017,8,17,1,2,9,7,0,0,0,1,0,0,1,5.13429E+20,5.55326E+21,9.1879E+15,5.01314E+16
34826,6.17083E+18,6,4,37,9,2017,8,0,1,3,8,1,0,1,0,0,0,2,0,4.99693E+20,5.51457E+21,8.99574E+15,4.97836E+16
34827,6.17083E+18,6,5,32,2,2017,8,13,1,3,8,1,0,0,0,1,0,0,0,4.66411E+20,5.61965E+21,8.5241E+15,5.07277E+16
34828,6.17083E+18,6,4,38,1,2017,8,16,1,3,5,3,1,1,0,0,0,0,0,4.87507E+20,5.53994E+21,8.82563E+15,5.00117E+16
34829,6.17083E+18,6,4,32,11,2017,8,16,1,2,0,7,0,0,0,0,1,0,0,4.87745E+20,5.5249E+21,8.82944E+15,4.98763E+16
34830,6.17083E+18,6,4,40,24,2017,8,13,1,3,4,1,0,1,0,1,0,0,0,4.90427E+20,5.58553E+21,8.86525E+15,5.04218E+16
34831,6.17083E+18,6,5,31,6,2017,8,9,1,3,9,1,0,1,0,0,1,0,0,4.93153E+20,5.60419E+21,8.90328E+15,5.05896E+16
34832,6.17083E+18,6,5,31,14,2017,8,13,1,3,9,7,0,1,0,0,0,0,0,4.78449E+20,5.59784E+21,8.69593E+15,5.05321E+16
34833,6.17082E+18,6,5,33,2,2017,8,15,6,3,8,7,0,1,0,0,0,0,1,4.43786E+20,5.57863E+21,8.20975E+15,5.0357E+16
34834,6.17082E+18,6,6,33,20,2017,8,14,6,3,6,4,0,0,1,0,1,0,0,5.38069E+20,5.68558E+21,9.54629E+15,5.13203E+16
34835,6.17082E+18,6,6,33,26,2017,8,12,6,3,5,3,0,1,0,0,0,0,0,5.33357E+20,5.68903E+21,9.47901E+15,5.13516E+16
34836,6.17083E+18,6,6,32,15,2017,8,15,1,3,2,6,0,1,0,0,0,0,0,5.40229E+20,5.63036E+21,9.57115E+15,5.08235E+16
34837,6.17083E+18,6,5,33,9,2017,8,21,1,2,9,1,0,1,0,0,0,2,0,4.35215E+20,5.58125E+21,8.08883E+15,5.03797E+16
34838,6.17082E+18,6,6,11,0,2017,8,16,6,2,6,4,0,0,1,0,1,0,1,5.33921E+20,5.68457E+21,9.48669E+15,5.13115E+16
34839,6.17083E+18,6,4,36,4,2017,8,12,1,3,2,6,0,1,0,0,0,0,0,4.59626E+20,5.54494E+21,8.436E+15,5.00554E+16
34840,6.17083E+18,6,4,14,0,2017,8,5,1,3,8,1,0,1,0,0,0,1,0,4.53311E+20,5.55065E+21,8.34709E+15,5.01062E+16
34841,6.17082E+18,6,6,11,0,2017,8,0,6,3,2,6,0,1,0,0,0,2,1,5.32675E+20,5.68407E+21,9.46876E+15,5.1307E+16
34842,6.17083E+18,6,5,31,14,2017,8,8,1,2,8,1,0,1,0,0,0,0,0,4.8132E+20,5.59345E+21,8.73664E+15,5.04927E+16
34843,6.17082E+18,6,4,14,0,2017,8,17,6,3,2,6,0,1,0,0,0,0,1,4.45776E+20,5.54563E+21,8.24243E+15,5.00605E+16
34844,6.17083E+18,6,5,35,11,2017,8,5,7,3,0,3,0,1,0,1,0,2,1,5.28004E+20,5.60914E+21,9.39598E+15,5.06334E+16
34845,6.17082E+18,6,4,14,0,2017,8,13,6,3,5,3,0,1,0,0,0,0,0,4.4493E+20,5.54741E+21,8.23037E+15,5.00764E+16
34846,6.17083E+18,6,6,11,0,2017,8,22,7,3,0,3,0,1,0,0,0,2,1,5.35725E+20,5.68459E+21,9.51257E+15,5.13115E+16
34847,6.17083E+18,6,4,14,0,2017,8,17,7,3,1,5,0,0,0,1,1,0,0,4.45945E+20,5.5435E+21,8.2451E+15,5.00414E+16
34848,6.17083E+18,6,4,14,0,2017,8,19,7,2,8,1,0,0,0,1,0,0,0,4.48393E+20,5.55055E+21,8.27832E+15,5.01049E+16
34849,6.17083E+18,6,4,14,0,2017,8,16,7,2,2,6,0,1,0,0,0,0,0,4.48391E+20,5.55042E+21,8.27832E+15,5.01037E+16
34850,6.17083E+18,6,4,14,0,2017,8,22,7,3,5,3,1,1,0,0,0,2,0,4.43448E+20,5.5517E+21,8.20902E+15,5.01148E+16
34851,6.17082E+18,6,4,14,0,2017,8,14,6,3,2,6,0,1,0,0,0,0,0,4.48154E+20,5.54619E+21,8.27558E+15,5.00657E+16
34852,6.17083E+18,6,4,36,1,2017,8,22,7,3,5,2,0,1,0,1,0,2,0,4.6447E+20,5.55464E+21,8.50276E+15,5.01429E+16
34853,6.17083E+18,6,4,12,0,2017,8,14,7,3,5,2,0,1,0,0,0,0,0,4.77716E+20,5.54559E+21,8.68865E+15,5.00621E+16
34854,6.17082E+18,6,4,12,0,2017,8,14,6,3,6,2,0,1,1,0,0,0,0,4.77666E+20,5.55058E+21,8.68768E+15,5.01071E+16
34855,6.17083E+18,6,4,12,0,2017,8,11,7,3,2,6,0,1,0,0,0,0,0,4.7843E+20,5.55411E+21,8.69815E+15,5.01388E+16
34856,6.17083E+18,6,4,11,0,2017,8,22,7,3,3,2,1,1,0,0,0,2,0,4.72791E+20,5.52411E+21,8.62137E+15,4.98688E+16
34857,6.17082E+18,6,4,12,0,2017,8,18,6,3,5,2,1,1,0,0,0,0,1,4.83122E+20,5.55376E+21,8.76383E+15,5.01359E+16
34858,6.17083E+18,6,6,34,17,2017,8,17,7,2,4,1,0,1,0,0,0,0,1,5.23854E+20,5.63562E+21,9.33901E+15,5.08718E+16
34859,6.17083E+18,6,6,34,22,2017,8,17,7,3,3,3,1,1,0,0,0,0,0,5.13152E+20,5.64061E+21,9.18709E+15,5.0917E+16
34860,6.17083E+18,6,4,39,16,2017,8,8,7,3,5,3,0,1,0,0,0,0,1,4.54912E+20,5.57017E+21,8.36716E+15,5.02819E+16
34861,6.17083E+18,6,4,39,15,2017,8,14,7,3,0,1,0,0,0,1,0,0,0,4.45273E+20,5.55784E+21,8.23365E+15,5.01702E+16
34862,6.17083E+18,6,4,40,3,2017,8,10,7,3,2,6,0,1,0,0,0,0,0,4.81042E+20,5.55691E+21,8.73457E+15,5.01641E+16
34863,6.17083E+18,6,5,32,2,2017,8,16,7,3,8,1,0,0,0,1,0,0,1,4.6566E+20,5.62042E+21,8.51338E+15,5.07345E+16
34864,6.17083E+18,6,4,38,1,2017,8,5,7,3,8,7,0,1,0,0,0,2,0,4.86198E+20,5.53945E+21,8.80739E+15,5.00072E+16
34865,6.17083E+18,6,4,32,10,2017,8,15,7,2,5,3,0,1,0,0,0,0,0,4.95847E+20,5.52041E+21,8.94225E+15,4.98361E+16
34866,6.17083E+18,6,4,32,18,2017,8,21,7,3,6,7,0,0,1,1,0,2,0,4.68497E+20,5.51633E+21,8.56225E+15,4.97986E+16
34867,6.17083E+18,6,4,31,8,2017,8,5,7,2,1,1,0,1,0,0,0,2,0,4.81443E+20,5.48633E+21,8.74356E+15,4.95293E+16
34868,6.17083E+18,6,4,12,0,2017,8,21,7,3,5,2,0,1,0,0,1,2,0,4.81937E+20,5.55417E+21,8.74722E+15,5.01395E+16
34869,6.17083E+18,6,5,31,12,2017,8,7,7,2,9,1,0,1,0,0,0,0,1,4.74316E+20,5.59736E+21,8.63764E+15,5.05276E+16
34870,6.17083E+18,6,5,31,14,2017,8,21,7,3,4,6,0,1,0,0,0,2,0,4.83011E+20,5.59607E+21,8.76037E+15,5.05163E+16
34871,6.17083E+18,6,4,14,0,2017,8,23,7,3,2,6,0,1,0,0,0,2,0,4.51885E+20,5.54146E+21,8.3283E+15,5.00235E+16
34872,6.17083E+18,6,4,32,23,2017,8,15,6,3,2,6,0,1,0,0,0,0,0,4.70805E+20,5.53095E+21,8.59322E+15,4.99302E+16
34873,6.17083E+18,6,4,37,6,2017,8,15,6,2,4,6,0,1,0,0,0,0,0,4.9957E+20,5.49679E+21,8.99404E+15,4.96237E+16
34874,6.17082E+18,6,4,12,0,2017,8,19,6,3,6,4,1,0,1,0,0,1,1,4.7815E+20,5.55081E+21,8.69443E+15,5.01092E+16
34875,6.17082E+18,6,4,11,0,2017,8,17,6,3,5,3,1,1,0,0,0,1,1,4.75346E+20,5.52458E+21,8.6569E+15,4.98731E+16
34876,6.17082E+18,6,6,35,3,2017,8,0,6,3,3,6,0,1,0,0,0,0,1,5.06077E+20,5.65877E+21,9.08675E+15,5.10804E+16
34877,6.17083E+18,6,6,11,0,2017,8,17,6,3,2,6,0,1,0,0,0,0,0,5.31486E+20,5.682E+21,9.45151E+15,5.12885E+16
34878,6.17082E+18,6,6,35,6,2017,8,10,6,2,8,1,0,0,0,1,0,0,1,4.81057E+20,5.65304E+21,8.72988E+15,5.10286E+16
34879,6.17083E+18,6,6,34,7,2017,8,13,6,3,0,1,0,0,0,1,0,0,1,5.28195E+20,5.672E+21,9.40354E+15,5.11987E+16
34880,6.17083E+18,6,6,35,19,2017,8,10,6,2,8,1,0,0,0,1,0,0,0,4.882E+20,5.66277E+21,8.83141E+15,5.11163E+16
34881,6.17082E+18,6,4,39,11,2017,8,17,6,3,4,1,0,1,0,0,0,0,1,4.51661E+20,5.55591E+21,8.32334E+15,5.01534E+16
34882,6.17083E+18,6,4,36,9,2017,8,22,7,3,3,6,0,1,0,0,0,2,0,4.61096E+20,5.54562E+21,8.45646E+15,5.00616E+16
34883,6.17083E+18,6,5,33,9,2017,8,11,7,3,2,6,0,1,0,0,0,0,0,4.3182E+20,5.58399E+21,8.04059E+15,5.0404E+16
34884,6.17082E+18,6,4,38,9,2017,8,14,6,3,2,6,0,1,0,0,0,0,0,4.81988E+20,5.5447E+21,8.74838E+15,5.00543E+16
34885,6.17083E+18,6,5,33,9,2017,8,11,7,2,2,6,0,1,0,0,0,0,0,4.35284E+20,5.58115E+21,8.08981E+15,5.03789E+16
34886,6.17083E+18,6,4,11,0,2017,8,23,7,3,2,6,0,1,0,0,1,2,0,4.73632E+20,5.51951E+21,8.63339E+15,4.98275E+16
34887,6.17083E+18,6,4,31,22,2017,8,18,7,3,2,6,0,1,0,0,0,0,0,4.70645E+20,5.50832E+21,8.5927E+15,4.97267E+16
34888,6.17083E+18,6,4,32,23,2017,8,8,7,3,3,6,0,1,0,0,1,0,0,4.71762E+20,5.52796E+21,8.60677E+15,4.99033E+16
34889,6.17083E+18,6,4,34,2,2017,8,5,7,3,8,6,0,1,0,0,1,2,1,4.75982E+20,5.56825E+21,8.663E+15,5.02659E+16
34890,6.17083E+18,6,4,35,7,2017,8,21,6,2,9,1,0,1,0,0,0,2,1,4.98289E+20,5.55568E+21,8.97605E+15,5.01534E+16
34891,6.17083E+18,6,6,36,14,2017,8,13,6,3,2,6,0,1,0,1,0,0,0,5.68341E+20,5.66597E+21,9.97692E+15,5.11411E+16
34892,6.17083E+18,6,6,35,19,2017,8,11,6,3,4,6,0,1,0,1,0,0,0,4.92616E+20,5.67536E+21,8.89425E+15,5.12296E+16
34893,6.17083E+18,6,5,33,13,2017,8,15,6,3,5,2,0,1,0,0,1,0,0,4.40043E+20,5.58281E+21,8.15648E+15,5.03942E+16
34894,6.17083E+18,6,5,33,6,2017,8,19,6,3,8,1,0,0,0,1,0,0,1,4.30974E+20,5.58563E+21,8.02839E+15,5.04186E+16
34895,6.17082E+18,6,4,38,8,2017,8,14,6,2,5,2,0,1,0,0,1,0,0,4.89053E+20,5.54806E+21,8.84699E+15,5.00847E+16
34896,6.17082E+18,6,4,38,10,2017,8,11,6,3,2,6,0,1,0,0,0,0,0,4.88178E+20,5.54579E+21,8.83482E+15,5.00643E+16
34897,6.17082E+18,6,4,34,11,2017,8,11,6,3,6,4,0,1,1,0,0,0,0,4.67048E+20,5.57596E+21,8.53698E+15,5.03348E+16
34898,6.17083E+18,6,6,35,11,2017,8,10,6,2,5,3,0,1,0,0,0,0,0,4.91336E+20,5.66422E+21,8.87618E+15,5.11294E+16
34899,6.17083E+18,6,6,36,10,2017,8,15,6,3,5,3,0,1,0,1,0,0,0,5.7413E+20,5.6621E+21,1.00589E+16,5.11056E+16
34900,6.17083E+18,6,4,39,15,2017,8,22,6,3,9,1,0,1,0,0,0,2,1,4.39264E+20,5.55893E+21,8.14935E+15,5.01795E+16
34901,6.17083E+18,6,4,39,15,2017,8,9,6,3,9,1,0,1,0,0,0,0,0,4.42523E+20,5.55695E+21,8.19529E+15,5.0162E+16
34902,6.17082E+18,6,4,34,6,2017,8,20,6,2,5,3,0,1,0,0,0,2,1,4.66417E+20,5.55815E+21,8.5297E+15,5.01746E+16
34903,6.17082E+18,6,5,33,1,2017,8,1,6,3,9,1,0,1,0,0,0,2,0,4.41528E+20,5.59372E+21,8.17566E+15,5.04926E+16
34904,6.17082E+18,6,4,31,7,2017,8,22,6,2,4,1,0,1,0,0,0,2,1,4.81616E+20,5.50132E+21,8.74525E+15,4.96641E+16
34905,6.17082E+18,6,4,35,1,2017,8,21,6,2,8,1,0,1,0,0,0,2,1,5.23482E+20,5.56468E+21,9.32925E+15,5.02338E+16
34906,6.17083E+18,6,4,39,15,2017,8,12,6,3,0,3,0,1,0,1,0,0,0,4.39963E+20,5.55483E+21,8.15979E+15,5.01426E+16
34907,6.17083E+18,6,4,39,10,2017,8,19,6,3,8,1,0,0,0,1,0,1,1,4.17598E+20,5.55302E+21,7.84724E+15,5.01237E+16
34908,6.17083E+18,6,4,38,8,2017,8,18,6,3,0,7,1,0,0,0,0,0,0,4.87937E+20,5.55248E+21,8.83125E+15,5.01244E+16
34909,6.17083E+18,6,4,38,8,2017,8,18,6,3,5,2,0,1,0,1,0,0,1,4.90653E+20,5.55224E+21,8.86925E+15,5.01223E+16
34910,6.17082E+18,6,4,40,12,2017,8,17,6,3,2,6,0,1,0,1,0,0,1,4.83355E+20,5.56446E+21,8.76662E+15,5.02321E+16
34911,6.17083E+18,6,4,35,10,2017,8,17,6,3,5,2,1,1,0,0,0,0,0,5.12678E+20,5.55977E+21,9.1776E+15,5.019E+16
34912,6.17082E+18,6,4,40,5,2017,8,19,6,3,2,6,0,1,0,0,0,0,1,4.75661E+20,5.58897E+21,8.65717E+15,5.04522E+16
34913,6.17083E+18,6,5,32,17,2017,8,14,6,3,8,7,0,0,0,1,0,0,0,4.56568E+20,5.61592E+21,8.38509E+15,5.06935E+16
34914,6.17083E+18,6,4,32,21,2017,8,8,6,3,0,3,0,0,0,1,1,0,0,5.01015E+20,5.53006E+21,9.01414E+15,4.99229E+16
34915,6.17083E+18,6,4,32,16,2017,8,7,6,3,5,2,1,1,0,0,0,0,0,4.81293E+20,5.52027E+21,8.73986E+15,4.98346E+16
34916,6.17083E+18,6,4,40,23,2017,8,15,6,3,2,6,0,1,0,1,0,0,0,4.79332E+20,5.57104E+21,8.70986E+15,5.02912E+16
34917,6.17083E+18,6,4,31,22,2017,8,20,6,3,8,1,0,0,0,1,0,1,1,4.69414E+20,5.50805E+21,8.57565E+15,4.97242E+16
34918,6.17083E+18,6,4,33,8,2017,8,21,6,3,2,6,0,1,0,0,1,2,1,4.72166E+20,5.53711E+21,8.61174E+15,4.99857E+16
34919,6.17083E+18,6,4,35,14,2017,8,0,6,3,9,7,0,1,0,0,0,2,0,4.94144E+20,5.55422E+21,8.91806E+15,5.01402E+16
34920,6.17083E+18,6,5,31,10,2017,8,18,6,3,4,1,0,1,0,1,0,0,0,5.00367E+20,5.59842E+21,9.00518E+15,5.05377E+16
34921,6.17083E+18,6,5,31,4,2017,8,18,6,2,8,1,0,0,0,1,0,0,0,4.86526E+20,5.60159E+21,8.80975E+15,5.05661E+16
34922,6.17083E+18,6,5,35,1,2017,8,12,6,2,2,6,0,1,0,1,0,0,0,5.25612E+20,5.62326E+21,9.36313E+15,5.07605E+16
34923,6.17083E+18,6,4,12,0,2017,8,6,6,1,9,6,0,1,0,0,1,0,0,4.71564E+20,5.54444E+21,8.6028E+15,5.00515E+16
34924,6.17083E+18,6,4,13,0,2017,8,10,6,3,2,6,0,1,0,0,0,0,0,4.80403E+20,5.54583E+21,8.7262E+15,5.00645E+16
34925,6.17083E+18,6,4,31,6,2017,8,12,6,3,2,6,0,1,0,0,0,0,0,4.67714E+20,5.50382E+21,8.55241E+15,4.9686E+16
34926,6.17082E+18,6,5,31,5,2017,8,11,5,3,5,3,0,1,0,0,0,0,0,4.80103E+20,5.60666E+21,8.71879E+15,5.06115E+16
34927,6.17082E+18,6,5,35,7,2017,8,7,5,3,4,6,0,1,0,0,1,0,0,5.30018E+20,5.59574E+21,9.42338E+15,5.05129E+16
34928,6.17082E+18,6,6,33,15,2017,8,20,5,3,5,3,0,1,0,1,0,2,0,5.42304E+20,5.68165E+21,9.6066E+15,5.12846E+16
34929,6.17082E+18,6,6,33,8,2017,8,16,5,3,5,3,0,1,0,0,0,0,0,5.34362E+20,5.67522E+21,9.49211E+15,5.12273E+16
34930,6.17082E+18,6,4,14,0,2017,8,6,5,2,6,2,0,1,1,0,0,0,0,4.49056E+20,5.53962E+21,8.28905E+15,5.00067E+16
34931,6.17082E+18,6,4,14,0,2017,8,20,5,3,5,3,0,1,0,0,0,1,0,4.48983E+20,5.54106E+21,8.28784E+15,5.00197E+16
34932,6.17082E+18,6,4,13,0,2017,8,14,5,2,0,7,0,1,0,1,0,0,0,4.80887E+20,5.55055E+21,8.73272E+15,5.01069E+16
34933,6.17082E+18,6,4,36,1,2017,8,11,5,3,6,2,0,1,1,0,0,0,0,4.64335E+20,5.55486E+21,8.50085E+15,5.01449E+16
34934,6.17082E+18,6,4,12,0,2017,8,16,5,3,3,6,1,0,0,0,0,0,0,4.75578E+20,5.54733E+21,8.65868E+15,5.00778E+16
34935,6.17082E+18,6,4,12,0,2017,8,15,5,3,3,6,0,1,0,1,1,0,0,4.78213E+20,5.55031E+21,8.69533E+15,5.01046E+16
34936,6.17082E+18,6,5,35,9,2017,8,20,6,3,9,1,0,0,0,1,0,1,1,4.98501E+20,5.62084E+21,8.97875E+15,5.07394E+16
34937,6.17082E+18,6,4,33,2,2017,8,16,6,3,2,6,0,1,0,0,0,0,1,4.55208E+20,5.53618E+21,8.37531E+15,4.99763E+16
34938,6.17082E+18,6,5,34,21,2017,8,13,6,3,9,1,0,0,0,1,0,0,1,4.76218E+20,5.64232E+21,8.66157E+15,5.09321E+16
34939,6.17082E+18,6,5,34,14,2017,8,16,6,3,8,1,0,1,0,0,0,0,1,4.82193E+20,5.62379E+21,8.74751E+15,5.07656E+16
34940,6.17082E+18,6,4,12,0,2017,8,12,5,3,3,2,0,0,0,0,1,0,0,4.79452E+20,5.55108E+21,8.71262E+15,5.01117E+16
34941,6.17082E+18,6,4,12,0,2017,8,18,6,2,0,1,0,0,0,1,0,0,1,4.82041E+20,5.55588E+21,8.7486E+15,5.01549E+16
34942,6.17082E+18,6,4,35,12,2017,8,21,6,3,2,6,0,1,0,0,1,2,1,5.09833E+20,5.56088E+21,9.13778E+15,5.02001E+16
34943,6.17082E+18,6,4,11,0,2017,8,8,5,3,5,3,1,1,0,0,0,0,0,4.75626E+20,5.52392E+21,8.66083E+15,4.98672E+16
34944,6.17082E+18,6,4,11,0,2017,8,17,5,2,0,1,1,0,0,0,0,0,0,4.75931E+20,5.52377E+21,8.66509E+15,4.98659E+16
34945,6.17082E+18,6,6,33,10,2017,8,15,5,1,4,6,0,1,0,1,0,0,0,5.30477E+20,5.69891E+21,9.4385E+15,5.14406E+16
34946,6.17082E+18,6,6,35,11,2017,8,15,5,3,5,2,0,1,0,0,1,0,0,4.83381E+20,5.65475E+21,8.76293E+15,5.10441E+16
34947,6.17082E+18,6,4,39,2,2017,8,19,5,3,8,1,0,0,0,1,0,1,0,4.31202E+20,5.55383E+21,8.03738E+15,5.01327E+16
34948,6.17082E+18,6,4,35,28,2017,8,17,5,3,2,6,0,1,0,0,0,0,0,5.32319E+20,5.57371E+21,9.45393E+15,5.03146E+16
34949,6.17082E+18,6,4,35,25,2017,8,13,5,2,8,1,0,0,0,1,0,0,0,5.34188E+20,5.57925E+21,9.48068E+15,5.03644E+16
34950,6.17082E+18,6,4,35,4,2017,8,5,5,3,9,1,0,1,0,0,0,2,0,5.21863E+20,5.57734E+21,9.30728E+15,5.03477E+16
34951,6.17082E+18,6,4,38,8,2017,8,15,5,3,1,5,0,1,0,0,1,0,0,4.8926E+20,5.54997E+21,8.84982E+15,5.01019E+16
34952,6.17082E+18,6,4,34,2,2017,8,7,5,3,2,6,0,1,0,0,1,0,0,4.7593E+20,5.5637E+21,8.66257E+15,5.0225E+16
34953,6.17082E+18,6,4,31,4,2017,8,12,5,3,5,3,0,1,0,0,0,0,0,4.78832E+20,5.4902E+21,8.70727E+15,4.9564E+16
34954,6.17082E+18,6,6,31,16,2017,8,16,6,3,3,6,0,1,0,0,1,0,0,5.52169E+20,5.57929E+21,9.73348E+15,5.03633E+16
34955,6.17082E+18,6,4,32,3,2017,8,18,5,2,5,3,1,0,0,0,0,0,0,4.71949E+20,5.51121E+21,8.61059E+15,4.97527E+16
34956,6.17082E+18,6,4,40,7,2017,8,19,5,3,2,6,0,1,0,0,0,0,0,4.90978E+20,5.57485E+21,8.87325E+15,5.03257E+16
34957,6.17082E+18,6,6,31,17,2017,8,7,6,3,8,1,0,1,0,0,0,0,0,5.52403E+20,5.59709E+21,9.73926E+15,5.05234E+16
34958,6.17082E+18,6,5,34,18,2017,8,16,5,2,5,2,0,1,0,1,1,0,0,4.99548E+20,5.62967E+21,8.99359E+15,5.08187E+16
34959,6.17082E+18,6,6,33,3,2017,8,20,6,3,2,6,0,1,0,0,0,0,1,5.3089E+20,5.67953E+21,9.44276E+15,5.12663E+16
34960,6.17082E+18,6,5,34,14,2017,8,17,5,2,5,3,0,1,0,1,0,0,0,4.86498E+20,5.62745E+21,8.80841E+15,5.07986E+16
34961,6.17082E+18,6,5,31,5,2017,8,16,5,3,3,6,0,1,0,0,1,0,0,4.74857E+20,5.60242E+21,8.64493E+15,5.05731E+16
34962,6.17082E+18,6,4,35,11,2017,8,7,5,3,5,3,1,1,0,0,0,0,0,4.99527E+20,5.54939E+21,8.99339E+15,5.00968E+16
34963,6.17082E+18,6,4,12,0,2017,8,13,5,2,9,1,0,0,0,0,1,0,0,4.71526E+20,5.54457E+21,8.60225E+15,5.00527E+16
34964,6.17082E+18,6,4,31,20,2017,8,16,5,1,1,7,0,1,0,0,1,0,0,4.71651E+20,5.48777E+21,8.60814E+15,4.95419E+16