OBJECTID,UIDENTSTLA,ULAND,UREGBEZ,UKREIS,UGEMEINDE,UJAHR,UMONAT,USTUNDE,UWOCHENTAG,UKATEGORIE,UART,UTYP1,IstRad,IstPKW,IstFuss,IstKrad,IstSonstig,LICHT,STRZUSTAND,LINREFX,LINREFY,XGCSWGS84,YGCSWGS84
34965,6.17082E+18,6,4,34,2,2017,8,6,5,3,3,6,0,0,0,0,1,0,0,4.75955E+20,5.5665E+21,8.66274E+15,5.02502E+16
34966,6.17082E+18,6,6,35,7,2017,8,16,4,2,4,1,0,1,0,1,0,0,0,4.81209E+20,5.69094E+21,8.73006E+15,5.13694E+16
34967,6.17082E+18,6,6,32,14,2017,8,18,4,2,4,6,0,1,0,0,0,0,0,5.44573E+20,5.63827E+21,9.63379E+15,5.08943E+16
34968,6.17082E+18,6,6,32,12,2017,8,15,4,3,5,3,1,1,0,0,0,0,0,5.52333E+20,5.63874E+21,9.74418E+15,5.0898E+16
34969,6.17082E+18,6,6,33,9,2017,8,9,4,3,2,2,0,1,0,0,0,0,0,5.36397E+20,5.69293E+21,9.52306E+15,5.13864E+16
34970,6.17082E+18,6,6,11,0,2017,8,16,4,2,2,6,0,1,0,0,0,0,0,5.33476E+20,5.68499E+21,9.48033E+15,5.13152E+16
34971,6.17082E+18,6,4,14,0,2017,8,9,4,3,2,6,0,1,0,0,0,0,0,4.48424E+20,5.53987E+21,8.28021E+15,5.00089E+16
34972,6.17082E+18,6,4,14,0,2017,8,15,4,3,2,6,0,1,0,0,0,0,0,4.48424E+20,5.53987E+21,8.28021E+15,5.00089E+16
34973,6.17082E+18,6,4,36,12,2017,8,16,4,3,2,6,0,1,0,0,1,0,0,4.6555E+20,5.55415E+21,8.51791E+15,5.01386E+16
34974,6.17082E+18,6,6,32,14,2017,8,1,6,3,7,7,0,1,0,0,0,2,0,5.39901E+20,5.64052E+21,9.5676E+15,5.09149E+16
34975,6.17082E+18,6,4,12,0,2017,8,16,6,3,2,6,0,1,0,0,0,0,1,4.707E+20,5.55346E+21,8.59004E+15,5.01326E+16
34976,6.17082E+18,6,4,12,0,2017,8,20,6,3,8,1,0,1,0,0,0,1,1,4.74849E+20,5.55848E+21,8.64775E+15,5.0178E+16
34977,6.17082E+18,6,4,32,23,2017,8,19,4,3,5,3,0,1,0,0,0,0,0,4.71248E+20,5.52754E+21,8.59965E+15,4.98996E+16
34978,6.17082E+18,6,4,11,0,2017,8,12,6,3,8,6,0,1,0,0,0,0,0,4.7305E+20,5.52117E+21,8.62518E+15,4.98424E+16
34979,6.17082E+18,6,5,31,4,2017,8,19,6,2,2,6,0,1,0,0,0,1,1,4.85165E+20,5.60067E+21,8.79056E+15,5.05577E+16
34980,6.17082E+18,6,4,37,1,2017,8,13,4,3,2,6,0,1,0,0,0,0,0,4.99331E+20,5.50811E+21,8.99071E+15,4.97255E+16
34981,6.17082E+18,6,6,33,3,2017,8,14,4,3,5,3,0,1,0,0,0,0,0,5.30339E+20,5.67693E+21,9.43465E+15,5.12429E+16
34982,6.17082E+18,6,6,11,0,2017,8,7,4,3,3,6,1,0,0,0,1,0,0,5.32245E+20,5.68232E+21,9.46244E+15,5.12913E+16
34983,6.17082E+18,6,6,35,14,2017,8,11,4,2,2,6,0,0,0,1,0,0,0,4.73547E+20,5.64911E+21,8.62307E+15,5.0993E+16
34984,6.17082E+18,6,6,35,11,2017,8,6,4,2,4,1,0,1,0,0,0,1,0,4.90457E+20,5.658E+21,8.86378E+15,5.10734E+16
34985,6.17082E+18,6,4,38,8,2017,8,12,4,3,3,6,0,1,0,1,0,0,0,4.88126E+20,5.55255E+21,8.83389E+15,5.0125E+16
34986,6.17082E+18,6,4,34,10,2017,8,18,4,3,2,6,0,1,0,0,1,0,0,4.69435E+20,5.55736E+21,8.57202E+15,5.01677E+16
34987,6.17082E+18,6,4,31,19,2017,8,12,4,3,5,2,0,1,0,1,0,0,0,4.82561E+20,5.49641E+21,8.75856E+15,4.962E+16
34988,6.17082E+18,6,5,32,23,2017,8,10,6,3,2,7,0,1,0,0,1,0,0,4.69085E+20,5.60068E+21,8.56356E+15,5.05573E+16
34989,6.17082E+18,6,5,32,15,2017,8,7,6,3,2,6,0,1,0,0,0,0,0,4.68531E+20,5.60121E+21,8.5557E+15,5.0562E+16
34990,6.17082E+18,6,4,31,7,2017,8,21,4,3,8,6,0,1,0,1,0,2,0,4.82667E+20,5.49792E+21,8.75996E+15,4.96335E+16
34991,,6,5,32,10,2017,8,19,6,3,8,1,0,1,0,0,0,0,1,4.40844E+20,5.60314E+21,8.16453E+15,5.05771E+16
34992,6.17082E+18,6,4,35,14,2017,8,12,5,3,5,3,0,1,0,0,0,0,0,4.95349E+20,5.55446E+21,8.93491E+15,5.01423E+16
34993,6.17082E+18,6,6,34,4,2017,8,17,5,3,8,1,0,1,0,0,0,0,0,5.21792E+20,5.64651E+21,9.31036E+15,5.09698E+16
34994,6.17082E+18,6,6,11,0,2017,8,14,5,3,2,6,0,1,0,0,0,0,0,5.32518E+20,5.68604E+21,9.46669E+15,5.13247E+16
34995,6.17082E+18,6,4,14,0,2017,8,13,5,3,2,6,0,1,0,0,0,0,0,4.49387E+20,5.54214E+21,8.29335E+15,5.00295E+16
34996,6.17082E+18,6,5,32,11,2017,8,15,4,3,5,2,0,1,0,1,0,0,0,4.45841E+20,5.62101E+21,8.23247E+15,5.07384E+16
34997,6.17082E+18,6,4,32,4,2017,8,19,4,3,5,3,0,1,0,0,1,0,0,4.90069E+20,5.52668E+21,8.86174E+15,4.98924E+16
34998,6.17082E+18,6,4,32,11,2017,8,8,4,3,1,7,0,1,0,1,0,0,0,4.87755E+20,5.52442E+21,8.82959E+15,4.98721E+16
34999,6.17082E+18,6,4,32,1,2017,8,18,4,3,5,2,0,1,0,0,0,0,0,4.71885E+20,5.51042E+21,8.60975E+15,4.97456E+16
35000,6.17082E+18,6,4,32,9,2017,8,21,4,3,8,1,0,0,0,1,0,2,0,4.87473E+20,5.51687E+21,8.82591E+15,4.98042E+16
35001,6.17082E+18,6,4,32,20,2017,8,8,4,3,4,1,0,1,0,0,1,0,0,4.84896E+20,5.52444E+21,8.78981E+15,4.98721E+16
35002,6.17082E+18,6,4,31,21,2017,8,18,4,3,2,6,0,1,1,1,1,0,0,4.89619E+20,5.48831E+21,8.8565E+15,4.95473E+16
35003,6.17082E+18,6,5,35,18,2017,8,20,4,3,8,1,0,1,0,0,0,0,0,5.09441E+20,5.60702E+21,9.13345E+15,5.0615E+16
35004,6.17082E+18,6,4,33,12,2017,8,18,4,3,2,6,0,1,0,0,0,0,0,4.57906E+20,5.53728E+21,8.4128E+15,4.99863E+16
35005,6.17082E+18,6,4,33,11,2017,8,18,4,2,5,3,1,1,0,0,0,0,0,4.61677E+20,5.52055E+21,8.46708E+15,4.98361E+16
35006,6.17082E+18,6,4,33,6,2017,8,17,4,2,2,6,0,1,0,1,0,0,0,4.63251E+20,5.531E+21,8.48796E+15,4.99303E+16
35007,6.17082E+18,6,6,31,5,2017,8,15,4,2,8,1,0,0,0,1,0,0,0,5.70274E+20,5.59344E+21,9.99065E+15,5.04887E+16
35008,6.17082E+18,6,6,31,16,2017,8,21,4,3,9,1,0,1,0,0,0,2,0,5.4371E+20,5.5876E+21,9.61552E+15,5.04388E+16
35009,6.17082E+18,6,5,31,5,2017,8,15,4,3,2,6,0,1,0,0,0,0,0,4.75658E+20,5.60209E+21,8.65626E+15,5.05702E+16
35010,6.17082E+18,6,5,31,5,2017,8,17,4,3,0,6,0,1,0,0,1,0,0,4.75247E+20,5.60333E+21,8.65038E+15,5.05813E+16
35011,6.17082E+18,6,6,34,11,2017,8,20,4,3,2,6,0,1,0,0,1,0,0,5.34316E+20,5.6514E+21,9.48918E+15,5.10131E+16
35012,6.17082E+18,6,6,34,13,2017,8,12,4,2,2,6,0,0,0,0,1,0,0,5.33955E+20,5.6595E+21,9.4848E+15,5.1086E+16
35013,6.17082E+18,6,4,13,0,2017,8,16,4,3,2,6,0,1,0,0,0,0,0,4.8037E+20,5.546E+21,8.72571E+15,5.0066E+16
35014,6.17082E+18,6,4,13,0,2017,8,8,4,3,2,6,0,1,0,0,0,0,0,4.81103E+20,5.54733E+21,8.7359E+15,5.00779E+16
35015,6.17082E+18,6,4,36,9,2017,8,16,4,3,2,6,0,1,0,0,0,0,0,4.62212E+20,5.54663E+21,8.47196E+15,5.00708E+16
35016,6.17082E+18,6,4,36,7,2017,8,17,4,3,2,1,0,1,0,0,0,0,0,4.60203E+20,5.5449E+21,8.44406E+15,5.0055E+16
35017,6.17082E+18,6,4,36,6,2017,8,14,4,3,8,1,0,1,0,0,0,0,0,4.56576E+20,5.545E+21,8.39338E+15,5.00557E+16
35018,6.17082E+18,6,4,33,10,2017,8,16,4,3,2,6,0,1,0,0,1,0,0,4.62489E+20,5.54173E+21,8.4763E+15,5.00267E+16
35019,6.17082E+18,6,4,33,6,2017,8,12,4,3,3,6,0,1,0,1,0,0,0,4.63592E+20,5.5309E+21,8.49272E+15,4.99294E+16
35020,6.17082E+18,6,4,35,21,2017,8,9,3,2,2,7,0,1,0,0,0,0,0,4.92051E+20,5.56252E+21,8.88859E+15,5.02148E+16
35021,6.17082E+18,6,6,33,15,2017,8,16,3,3,2,6,0,1,0,0,0,0,0,5.42305E+20,5.68165E+21,9.60662E+15,5.12846E+16
35022,6.17082E+18,6,4,14,0,2017,8,16,5,3,5,3,1,0,0,0,1,0,0,4.43878E+20,5.54353E+21,8.21623E+15,5.00414E+16
35023,6.17082E+18,6,4,14,0,2017,8,22,5,3,5,3,0,1,0,0,0,2,0,4.44232E+20,5.5497E+21,8.22027E+15,5.0097E+16
35024,6.17082E+18,6,6,33,9,2017,8,11,3,3,5,3,0,1,0,0,1,0,0,5.36358E+20,5.6918E+21,9.52239E+15,5.13763E+16
35025,6.17082E+18,6,6,33,9,2017,8,8,3,3,4,6,0,1,0,0,1,0,0,5.35162E+20,5.69133E+21,9.50515E+15,5.13721E+16
35026,6.17082E+18,6,4,14,0,2017,8,8,3,3,5,3,1,1,0,0,0,0,0,4.43919E+20,5.54389E+21,8.21675E+15,5.00447E+16
35027,6.17082E+18,6,4,14,0,2017,8,6,3,3,5,3,0,1,0,0,1,0,0,4.43964E+20,5.54584E+21,8.21709E+15,5.00622E+16
35028,6.17082E+18,6,4,14,0,2017,8,14,3,3,2,6,0,1,0,1,0,0,0,4.4585E+20,5.54686E+21,8.24329E+15,5.00715E+16
35029,6.17082E+18,6,4,13,0,2017,8,11,3,3,0,7,0,1,0,1,0,0,0,4.84615E+20,5.55039E+21,8.78485E+15,5.01056E+16
35030,6.17082E+18,6,4,13,0,2017,8,14,3,3,2,6,0,1,0,0,1,0,0,4.86203E+20,5.5513E+21,8.80703E+15,5.01138E+16
35031,6.17082E+18,6,4,12,0,2017,8,15,3,2,5,3,0,1,1,0,1,0,0,4.70752E+20,5.54985E+21,8.59104E+15,5.01002E+16
35032,6.17082E+18,6,4,12,0,2017,8,18,3,3,0,6,0,0,0,1,1,0,0,4.82966E+20,5.55156E+21,8.76174E+15,5.0116E+16
35033,6.17082E+18,6,4,12,0,2017,8,9,3,3,5,3,1,1,0,0,0,0,0,4.78387E+20,5.55401E+21,8.69756E+15,5.0138E+16
35034,6.17082E+18,6,4,12,0,2017,8,12,3,3,1,1,0,1,0,1,0,0,0,4.76032E+20,5.55041E+21,8.66483E+15,5.01055E+16
35035,6.17082E+18,6,4,14,0,2017,8,21,5,3,6,4,0,1,1,0,0,2,0,4.45327E+20,5.54825E+21,8.23579E+15,5.0084E+16
35036,6.17082E+18,6,4,12,0,2017,8,11,3,3,0,6,0,1,0,1,0,0,0,4.7575E+20,5.55083E+21,8.66086E+15,5.01092E+16
35037,6.17082E+18,6,4,13,0,2017,8,8,5,3,0,7,0,1,0,0,1,0,0,4.84767E+20,5.55047E+21,8.78697E+15,5.01063E+16
35038,6.17082E+18,6,4,37,6,2017,8,19,3,3,9,1,0,1,0,0,0,0,0,4.95984E+20,5.49986E+21,8.94437E+15,4.96513E+16
35039,6.17082E+18,6,6,34,22,2017,8,18,3,2,6,4,0,1,1,0,0,0,0,5.18132E+20,5.64024E+21,9.25792E+15,5.09135E+16
35040,6.17082E+18,6,6,11,0,2017,8,8,3,3,2,6,0,1,0,0,0,0,0,5.31004E+20,5.68412E+21,9.44479E+15,5.13076E+16
35041,6.17082E+18,6,6,11,0,2017,8,9,3,2,2,6,0,1,0,0,0,0,0,5.32286E+20,5.68439E+21,9.4632E+15,5.13099E+16
35042,6.17082E+18,6,4,39,1,2017,8,14,3,3,5,2,0,1,0,1,0,0,0,4.32883E+20,5.56693E+21,8.05858E+15,5.02507E+16
35043,6.17082E+18,6,4,34,11,2017,8,4,3,3,7,7,0,1,0,0,0,2,0,4.6474E+20,5.57872E+21,8.50429E+15,5.03595E+16
35044,6.17082E+18,6,4,36,6,2017,8,22,3,2,9,7,0,1,0,0,0,2,0,4.53942E+20,5.54161E+21,8.357E+15,5.0025E+16
35045,6.17082E+18,6,4,36,8,2017,8,15,3,3,6,2,0,1,1,0,0,0,0,4.6076E+20,5.55391E+21,8.45091E+15,5.01361E+16
35046,6.17082E+18,6,4,35,10,2017,8,18,3,3,1,5,0,1,0,0,0,0,0,5.16274E+20,5.56201E+21,9.22807E+15,5.02101E+16
35047,6.17082E+18,6,4,40,10,2017,8,18,3,2,5,2,0,1,0,1,0,0,0,5.00172E+20,5.57391E+21,9.00242E+15,5.03173E+16
35048,6.17082E+18,6,4,38,12,2017,8,14,3,3,5,3,0,1,0,0,0,0,0,4.88072E+20,5.53501E+21,8.83367E+15,4.99673E+16
35049,6.17082E+18,6,4,32,4,2017,8,9,3,3,2,6,0,1,0,0,1,0,0,4.90077E+20,5.52669E+21,8.86185E+15,4.98925E+16
35050,6.17082E+18,6,4,32,10,2017,8,21,3,2,9,1,0,0,0,1,0,2,0,4.95847E+20,5.5214E+21,8.94224E+15,4.9845E+16
35051,6.17082E+18,6,4,12,0,2017,8,21,5,3,3,6,1,1,0,0,0,2,0,4.76105E+20,5.5586E+21,8.66534E+15,5.01791E+16
35052,6.17082E+18,6,5,34,2,2017,8,15,3,3,5,2,0,1,0,0,0,0,0,4.62429E+20,5.63192E+21,8.46642E+15,5.08378E+16
35053,6.17082E+18,6,4,31,12,2017,8,15,3,2,5,3,1,1,0,0,0,0,0,4.92434E+20,5.47608E+21,8.89564E+15,4.94373E+16
35054,6.17082E+18,6,4,31,21,2017,8,17,3,3,2,6,0,1,0,0,0,0,0,4.87867E+20,5.49076E+21,8.83219E+15,4.95694E+16
35055,6.17082E+18,6,4,12,0,2017,8,15,5,3,5,3,0,1,0,0,1,0,0,4.78004E+20,5.55469E+21,8.69217E+15,5.0144E+16
35056,6.17082E+18,6,4,31,21,2017,8,12,3,3,4,6,0,0,0,0,1,0,0,4.89517E+20,5.48863E+21,8.85508E+15,4.95501E+16
35057,6.17082E+18,6,4,31,20,2017,8,11,3,3,2,6,0,1,0,0,1,0,0,4.67928E+20,5.48595E+21,8.55683E+15,4.95254E+16
35058,6.17082E+18,6,4,11,0,2017,8,15,5,3,3,6,0,1,0,1,0,0,0,4.79978E+20,5.53005E+21,8.72108E+15,4.99224E+16
35059,6.17082E+18,6,6,36,6,2017,8,20,5,3,7,7,0,0,0,1,0,1,1,5.50136E+20,5.67687E+21,9.71823E+15,5.1241E+16
35060,6.17082E+18,6,5,35,1,2017,8,12,3,3,5,3,0,1,0,0,1,0,0,5.18879E+20,5.62332E+21,9.26767E+15,5.07613E+16
35061,6.17082E+18,6,5,34,9,2017,8,0,3,3,2,6,0,1,0,0,0,2,0,4.80864E+20,5.61682E+21,8.72902E+15,5.07029E+16
35062,6.17082E+18,6,6,31,9,2017,8,15,3,3,5,3,0,1,0,0,0,0,0,5.48502E+20,5.59777E+21,9.68433E+15,5.05299E+16
35063,6.17082E+18,6,4,35,14,2017,8,9,3,3,5,3,1,1,0,0,0,0,0,4.95402E+20,5.55286E+21,8.93567E+15,5.01279E+16
35064,6.17082E+18,6,5,32,23,2017,8,8,3,3,1,7,0,1,0,0,0,0,0,4.63648E+20,5.60129E+21,8.48675E+15,5.05624E+16
35065,6.17082E+18,6,5,32,16,2017,8,14,3,3,2,6,0,1,0,0,0,0,0,4.52055E+20,5.59848E+21,8.32345E+15,5.05363E+16
35066,6.17082E+18,6,5,31,10,2017,8,14,3,1,8,1,0,0,0,1,0,0,0,5.05756E+20,5.59657E+21,9.0812E+15,5.0521E+16
35067,6.17082E+18,6,5,31,16,2017,8,15,3,3,4,1,0,1,0,0,0,0,0,4.89975E+20,5.60425E+21,8.85838E+15,5.05901E+16
35068,6.17082E+18,6,4,38,11,2017,8,21,3,3,3,6,0,1,0,0,1,2,0,4.91421E+20,5.54525E+21,8.88014E+15,5.00595E+16
35069,6.17082E+18,6,4,35,13,2017,8,19,3,3,3,6,0,1,0,0,1,0,0,5.00598E+20,5.56422E+21,9.00838E+15,5.02302E+16
35070,6.17082E+18,6,6,34,1,2017,8,18,3,2,9,1,0,1,0,0,0,0,0,5.16621E+20,5.65418E+21,9.23707E+15,5.1039E+16
35071,6.17082E+18,6,6,32,15,2017,8,16,3,2,3,6,0,1,0,0,1,0,0,5.38292E+20,5.62924E+21,9.54354E+15,5.08136E+16
35072,6.17082E+18,6,4,12,0,2017,8,8,3,3,2,6,0,1,0,0,0,0,0,4.78801E+20,5.55466E+21,8.70332E+15,5.01438E+16
35073,6.17082E+18,6,4,12,0,2017,8,9,3,3,2,6,0,1,0,0,1,0,0,4.70073E+20,5.55228E+21,8.58135E+15,5.0122E+16
35074,6.17082E+18,6,4,12,0,2017,8,19,3,3,2,6,0,1,0,0,0,0,0,4.7483E+20,5.54497E+21,8.64838E+15,5.00565E+16
35075,6.17082E+18,6,6,34,15,2017,8,7,5,2,4,1,0,1,0,0,1,0,1,5.42184E+20,5.6567E+21,9.60196E+15,5.10603E+16
35076,6.17082E+18,6,6,35,11,2017,8,11,5,2,5,3,0,1,0,0,0,0,0,4.8338E+20,5.65475E+21,8.76292E+15,5.10441E+16
35077,6.17082E+18,6,4,39,2,2017,8,20,5,3,8,1,0,0,0,1,0,0,0,4.31576E+20,5.55364E+21,8.04263E+15,5.0131E+16
35078,6.17082E+18,6,4,12,0,2017,8,16,3,2,2,6,0,1,0,0,0,0,0,4.67186E+20,5.55188E+21,8.54101E+15,5.01183E+16
35079,6.17082E+18,6,4,12,0,2017,8,3,3,1,6,4,0,1,1,0,1,2,0,4.81385E+20,5.5499E+21,8.73971E+15,5.0101E+16
35080,6.17082E+18,6,4,39,2,2017,8,17,5,3,1,7,0,1,0,0,0,0,0,4.31606E+20,5.55497E+21,8.04281E+15,5.0143E+16
35081,6.17082E+18,6,4,14,0,2017,8,18,3,2,3,6,0,1,0,0,0,0,0,4.50777E+20,5.54174E+21,8.3128E+15,5.00259E+16
35082,6.17082E+18,6,5,33,3,2017,8,11,3,3,2,6,0,1,0,0,0,0,0,4.46532E+20,5.56248E+21,8.25063E+15,5.02121E+16
35083,6.17082E+18,6,4,36,7,2017,8,7,3,3,0,1,0,0,0,1,0,0,0,4.57517E+20,5.54497E+21,8.40653E+15,5.00555E+16
35084,6.17082E+18,6,4,33,3,2017,8,7,3,3,2,6,0,1,0,0,0,0,0,4.64473E+20,5.53014E+21,8.50507E+15,4.99226E+16
35085,6.17082E+18,6,6,11,0,2017,8,12,2,3,2,6,0,1,0,0,0,0,0,5.35889E+20,5.68539E+21,9.515E+15,5.13187E+16
35086,6.17082E+18,6,4,14,0,2017,8,11,2,3,0,2,0,1,0,0,1,0,0,4.44903E+20,5.54703E+21,8.23004E+15,5.0073E+16
35087,6.17082E+18,6,4,14,0,2017,8,19,2,3,0,3,0,0,0,0,1,0,0,4.43289E+20,5.54739E+21,8.20744E+15,5.00761E+16
35088,6.17082E+18,6,4,14,0,2017,8,18,2,3,5,3,0,1,1,0,0,0,0,4.45097E+20,5.54751E+21,8.23268E+15,5.00773E+16
35089,6.17082E+18,6,4,13,0,2017,8,18,2,3,6,7,1,0,1,0,0,0,0,4.8465E+20,5.54973E+21,8.78537E+15,5.00996E+16
35090,6.17082E+18,6,4,12,0,2017,8,12,2,3,2,2,0,1,0,1,0,0,0,4.80447E+20,5.55466E+21,8.72635E+15,5.01438E+16
35091,6.17082E+18,6,4,12,0,2017,8,8,2,3,5,3,1,1,0,0,0,0,0,4.79269E+20,5.55531E+21,8.70983E+15,5.01496E+16
35092,6.17082E+18,6,4,12,0,2017,8,5,2,3,2,6,0,1,0,0,0,1,0,4.78197E+20,5.55337E+21,8.69494E+15,5.01322E+16
35093,6.17082E+18,6,4,12,0,2017,8,15,2,3,5,3,1,1,0,0,0,0,0,4.7629E+20,5.55033E+21,8.66844E+15,5.01048E+16
35094,6.17082E+18,6,6,36,16,2017,8,11,2,3,8,1,0,0,0,1,0,0,0,5.57009E+20,5.6898E+21,9.81874E+15,5.13566E+16
35095,6.17082E+18,6,6,35,20,2017,8,9,2,2,9,1,0,1,0,0,0,0,0,5.08526E+20,5.6981E+21,9.12266E+15,5.14341E+16
35096,6.17082E+18,6,6,34,3,2017,8,14,2,3,5,3,0,1,0,1,0,0,0,5.29969E+20,5.66478E+21,9.42832E+15,5.11337E+16
35097,6.17082E+18,6,6,33,13,2017,8,10,2,3,5,2,0,1,0,0,1,0,0,5.27543E+20,5.70266E+21,9.39658E+15,5.14745E+16
35098,6.17082E+18,6,6,32,18,2017,8,20,2,2,9,1,0,1,0,0,0,0,0,5.47812E+20,5.65135E+21,9.68155E+15,5.10117E+16
35099,6.17082E+18,6,4,38,13,2017,8,21,5,2,5,3,0,1,0,1,0,2,0,4.99054E+20,5.5419E+21,8.98679E+15,5.00294E+16
35100,6.17082E+18,6,4,34,12,2017,8,12,5,3,4,6,0,1,0,0,0,0,0,4.68293E+20,5.57102E+21,8.55489E+15,5.02905E+16
35101,6.17082E+18,6,4,39,17,2017,8,14,2,3,8,1,0,1,0,0,0,0,0,4.39945E+20,5.54302E+21,8.16139E+15,5.00365E+16
35102,6.17082E+18,6,4,35,26,2017,8,17,2,3,3,6,0,1,0,0,0,0,0,4.88192E+20,5.56026E+21,8.83456E+15,5.01944E+16
35103,6.17082E+18,6,4,35,19,2017,8,17,2,3,5,3,1,1,0,0,0,0,0,4.86286E+20,5.5552E+21,8.80805E+15,5.01488E+16
35104,6.17082E+18,6,4,34,12,2017,8,6,2,3,7,7,0,1,0,0,0,0,0,4.67683E+20,5.57482E+21,8.546E+15,5.03246E+16
35105,6.17082E+18,6,4,36,4,2017,8,7,2,3,5,2,1,1,0,0,0,1,0,4.58405E+20,5.54101E+21,8.41936E+15,5.002E+16
35106,6.17082E+18,6,4,31,4,2017,8,21,2,2,4,6,0,1,0,0,0,2,0,4.81048E+20,5.48812E+21,8.73801E+15,4.95453E+16
35107,6.17082E+18,6,4,31,16,2017,8,9,2,3,2,6,0,1,0,0,0,0,0,4.68583E+20,5.50163E+21,8.56463E+15,4.96663E+16
35108,6.17082E+18,6,4,35,10,2017,8,11,5,3,2,6,0,1,0,0,0,0,0,5.13365E+20,5.56117E+21,9.18727E+15,5.02025E+16
35109,6.17082E+18,6,4,32,4,2017,8,16,2,3,2,6,0,1,0,0,0,0,0,4.89409E+20,5.5289E+21,8.85249E+15,4.99124E+16
35110,6.17082E+18,6,4,32,20,2017,8,17,2,3,5,3,0,1,0,0,0,0,0,4.82253E+20,5.52235E+21,8.75312E+15,4.98533E+16
35111,6.17082E+18,6,4,40,5,2017,8,15,5,3,2,6,0,1,0,0,0,0,0,4.78143E+20,5.58731E+21,8.69222E+15,5.04374E+16
35112,6.17082E+18,6,4,40,8,2017,8,22,2,3,5,3,0,1,0,0,0,2,0,4.82832E+20,5.57728E+21,8.75871E+15,5.03473E+16
35113,6.17082E+18,6,4,40,23,2017,8,17,2,3,2,6,0,1,0,0,0,0,0,4.79332E+20,5.57104E+21,8.70985E+15,5.02911E+16
35114,6.17082E+18,6,4,31,2,2017,8,7,2,3,0,1,1,0,0,0,0,0,0,4.72674E+20,5.50545E+21,8.62105E+15,4.9701E+16
35115,6.17082E+18,6,4,31,15,2017,8,18,2,2,9,1,0,0,0,1,0,0,0,4.84099E+20,5.50418E+21,8.77954E+15,4.96899E+16
35116,6.17082E+18,6,4,33,11,2017,8,18,2,2,5,3,1,1,0,0,0,0,0,4.62559E+20,5.51911E+21,8.47947E+15,4.98233E+16
35117,6.17082E+18,6,5,34,8,2017,8,9,2,2,5,2,0,1,0,0,0,0,0,4.85653E+20,5.61924E+21,8.79674E+15,5.07248E+16
35118,6.17082E+18,6,6,31,13,2017,8,15,2,2,3,2,0,0,0,1,1,0,0,5.55282E+20,5.60464E+21,9.78099E+15,5.0591E+16
35119,6.17082E+18,6,6,31,9,2017,8,14,2,3,3,6,0,1,0,0,1,0,0,5.47398E+20,5.59969E+21,9.66899E+15,5.05473E+16
35120,6.17082E+18,6,6,31,20,2017,8,9,2,3,2,6,0,1,0,0,0,0,0,5.50445E+20,5.60456E+21,9.71266E+15,5.05907E+16
35121,6.17082E+18,6,5,32,23,2017,8,15,2,3,2,6,0,1,0,0,0,0,0,4.65111E+20,5.60141E+21,8.5074E+15,5.05636E+16
35122,6.17082E+18,6,5,31,11,2017,8,16,2,2,5,3,0,1,0,0,1,0,0,4.88373E+20,5.59469E+21,8.83604E+15,5.05041E+16
35123,6.17082E+18,6,5,31,8,2017,8,17,2,2,3,6,1,1,0,0,0,0,0,4.94806E+20,5.59021E+21,8.92682E+15,5.04639E+16
35124,6.17082E+18,6,5,31,6,2017,8,5,2,3,7,7,0,1,0,0,1,2,0,4.96241E+20,5.60701E+21,8.94687E+15,5.0615E+16
35125,6.17082E+18,6,5,31,12,2017,8,14,2,3,1,5,1,1,0,0,0,0,0,4.7694E+20,5.5984E+21,8.67459E+15,5.0537E+16
35126,6.17082E+18,6,4,35,14,2017,8,10,2,3,5,3,0,1,0,0,0,0,0,4.93894E+20,5.55075E+21,8.91461E+15,5.0109E+16
35127,6.17082E+18,6,4,33,12,2017,8,13,2,3,2,6,0,1,0,0,0,0,0,4.62068E+20,5.53808E+21,8.47079E+15,4.99939E+16
35128,6.17082E+18,6,4,35,6,2017,8,13,1,3,4,6,1,0,0,1,0,0,0,4.93729E+20,5.55842E+21,8.91217E+15,5.01779E+16
35129,6.17082E+18,6,4,35,13,2017,8,11,1,2,4,6,0,1,0,1,0,0,0,4.98979E+20,5.56339E+21,8.98569E+15,5.02227E+16
35130,6.17082E+18,6,5,31,5,2017,8,16,1,3,8,1,0,1,0,0,0,0,1,4.7984E+20,5.60871E+21,8.71496E+15,5.06299E+16
35131,6.17082E+18,6,6,35,19,2017,8,7,1,2,9,1,0,1,0,0,0,0,1,4.92283E+20,5.67141E+21,8.88956E+15,5.11941E+16
35132,6.17082E+18,6,4,14,0,2017,8,13,1,3,5,2,0,1,0,1,0,0,0,4.44484E+20,5.54651E+21,8.22426E+15,5.00682E+16
35133,6.17082E+18,6,4,12,0,2017,8,16,1,3,0,1,1,1,0,0,0,0,0,4.78281E+20,5.55363E+21,8.69609E+15,5.01345E+16
35134,6.17082E+18,6,4,37,6,2017,8,12,1,2,8,1,0,0,0,1,0,0,0,5.04645E+20,5.50227E+21,9.06438E+15,4.9673E+16
35135,6.17082E+18,6,4,37,6,2017,8,12,1,3,0,1,0,0,0,1,0,0,0,4.99573E+20,5.49678E+21,8.99408E+15,4.96235E+16
35136,6.17082E+18,6,6,34,17,2017,8,11,1,2,0,7,0,0,0,1,0,0,1,5.27815E+20,5.64002E+21,9.39564E+15,5.09112E+16
35137,6.17082E+18,6,6,11,0,2017,8,16,1,3,5,3,0,1,0,0,1,0,0,5.28968E+20,5.68877E+21,9.41596E+15,5.13495E+16
35138,6.17082E+18,6,4,40,14,2017,8,18,5,3,0,3,1,0,0,0,1,0,0,4.98076E+20,5.56764E+21,8.97301E+15,5.02609E+16
35139,6.17082E+18,6,4,39,9,2017,8,11,1,3,8,7,0,0,0,1,0,0,0,4.31876E+20,5.54775E+21,8.04789E+15,5.00781E+16