OBJECTID,UIDENTSTLA,ULAND,UREGBEZ,UKREIS,UGEMEINDE,UJAHR,UMONAT,USTUNDE,UWOCHENTAG,UKATEGORIE,UART,UTYP1,IstRad,IstPKW,IstFuss,IstKrad,IstSonstig,LICHT,STRZUSTAND,LINREFX,LINREFY,XGCSWGS84,YGCSWGS84
35140,6.17082E+18,6,4,38,8,2017,8,11,1,3,3,6,0,1,0,1,0,0,0,4.87036E+20,5.55202E+21,8.81866E+15,5.01203E+16
35141,6.17082E+18,6,4,31,11,2017,8,12,1,2,8,1,0,0,0,1,0,0,0,4.74786E+20,5.50009E+21,8.65068E+15,4.96528E+16
35142,6.17082E+18,6,4,40,19,2017,8,12,1,3,0,1,0,0,0,1,0,0,0,5.03665E+20,5.57431E+21,9.05148E+15,5.03209E+16
35143,6.17082E+18,6,4,40,1,2017,8,16,5,3,5,2,0,1,0,0,0,0,0,4.94473E+20,5.56901E+21,8.92243E+15,5.02732E+16
35144,6.17082E+18,6,4,37,3,2017,8,12,1,3,9,6,0,0,0,1,1,0,0,4.93186E+20,5.51176E+21,8.9054E+15,4.97582E+16
35145,6.17082E+18,6,5,32,17,2017,8,23,1,3,9,1,0,1,0,0,0,2,0,4.55643E+20,5.61555E+21,8.37203E+15,5.06901E+16
35146,6.17082E+18,6,4,37,4,2017,8,8,5,3,5,3,0,1,0,0,0,0,0,5.01622E+20,5.51812E+21,9.02255E+15,4.98155E+16
35147,6.17082E+18,6,5,32,19,2017,8,14,1,2,9,1,0,0,0,1,0,0,1,4.59504E+20,5.62155E+21,8.42603E+15,5.07443E+16
35148,6.17082E+18,6,5,32,11,2017,8,15,1,3,2,6,0,1,0,0,0,0,0,4.47624E+20,5.62183E+21,8.25762E+15,5.07459E+16
35149,6.17082E+18,6,5,32,11,2017,8,14,1,3,5,3,0,1,0,0,0,0,0,4.42977E+20,5.62042E+21,8.19198E+15,5.07327E+16
35150,6.17082E+18,6,4,32,16,2017,8,16,1,3,0,1,1,0,0,0,0,0,0,4.81701E+20,5.52195E+21,8.74546E+15,4.98497E+16
35151,6.17082E+18,6,5,34,7,2017,8,23,1,2,5,2,0,1,0,0,0,2,0,4.67956E+20,5.63288E+21,8.54483E+15,5.08467E+16
35152,6.17082E+18,6,4,31,13,2017,8,16,1,3,4,6,1,0,0,0,0,0,0,4.69725E+20,5.49409E+21,8.58104E+15,4.95987E+16
35153,6.17082E+18,6,4,33,6,2017,8,3,1,3,0,7,1,0,0,0,0,2,0,4.61536E+20,5.53093E+21,8.46408E+15,4.99295E+16
35154,6.17082E+18,6,5,32,6,2017,8,13,5,3,2,6,0,1,0,0,0,0,0,4.49338E+20,5.62651E+21,8.28127E+15,5.07881E+16
35155,6.17082E+18,6,5,34,14,2017,8,19,1,2,6,4,0,1,1,0,0,0,0,4.86962E+20,5.62475E+21,8.81509E+15,5.07743E+16
35156,6.17082E+18,6,4,35,14,2017,8,17,1,3,4,6,0,1,0,0,0,0,0,4.9375E+20,5.55389E+21,8.91254E+15,5.01372E+16
35157,6.17082E+18,6,6,32,11,2017,8,23,1,3,9,1,0,1,0,0,0,2,0,5.43241E+20,5.63232E+21,9.61414E+15,5.0841E+16
35158,6.17082E+18,6,5,35,1,2017,8,14,1,3,2,6,0,1,0,0,0,0,0,5.28614E+20,5.62547E+21,9.40587E+15,5.07803E+16
35159,6.17082E+18,6,4,14,0,2017,8,2,1,3,2,6,0,1,0,0,0,2,0,4.42742E+20,5.54475E+21,8.20019E+15,5.00523E+16
35160,6.17082E+18,6,4,35,13,2017,8,14,7,3,5,3,0,1,0,1,0,0,0,4.9991E+20,5.56564E+21,8.99874E+15,5.02429E+16
35161,6.17082E+18,6,5,33,5,2017,8,23,7,3,8,1,0,1,0,0,0,2,1,4.33353E+20,5.59615E+21,8.05999E+15,5.05135E+16
35162,6.17082E+18,6,5,33,9,2017,8,1,7,2,6,7,0,1,1,0,0,2,1,4.30846E+20,5.58324E+21,8.02702E+15,5.03971E+16
35163,6.17082E+18,6,6,11,0,2017,8,17,7,3,5,3,0,1,0,0,0,0,0,5.34824E+20,5.68677E+21,9.49985E+15,5.13312E+16
35164,6.17082E+18,6,6,11,0,2017,8,23,7,3,3,6,0,1,0,0,0,2,1,5.34803E+20,5.68454E+21,9.49933E+15,5.13111E+16
35165,6.17082E+18,6,4,14,0,2017,8,10,7,2,6,4,0,1,1,0,0,0,0,4.45085E+20,5.54421E+21,8.23298E+15,5.00476E+16
35166,6.17082E+18,6,4,14,0,2017,8,14,7,3,2,6,0,1,0,0,0,0,0,4.44623E+20,5.54666E+21,8.22618E+15,5.00696E+16
35167,6.17082E+18,6,4,14,0,2017,8,18,7,3,2,6,0,1,0,0,0,0,0,4.46362E+20,5.54691E+21,8.25044E+15,5.0072E+16
35168,6.17082E+18,6,4,14,0,2017,8,16,7,3,5,3,1,1,0,0,0,0,0,4.46249E+20,5.54663E+21,8.24891E+15,5.00695E+16
35169,6.17082E+18,6,4,13,0,2017,8,23,7,2,5,3,0,1,0,0,0,2,0,4.81352E+20,5.55056E+21,8.73921E+15,5.0107E+16
35170,6.17082E+18,6,4,12,0,2017,8,15,7,3,2,2,0,1,0,0,0,0,0,4.64225E+20,5.54954E+21,8.4998E+15,5.0097E+16
35171,6.17082E+18,6,4,12,0,2017,8,12,7,2,1,5,0,0,0,1,1,0,0,4.82556E+20,5.55194E+21,8.756E+15,5.01195E+16
35172,6.17082E+18,6,4,37,15,2017,8,6,7,2,8,1,0,1,0,0,0,0,1,5.01827E+20,5.48293E+21,9.02524E+15,4.9499E+16
35173,6.17082E+18,6,4,32,10,2017,8,18,5,1,8,1,0,0,0,1,0,0,0,4.9991E+20,5.52388E+21,8.99875E+15,4.98673E+16
35174,6.17082E+18,6,4,32,10,2017,8,11,5,3,2,6,0,1,0,0,0,0,0,4.92861E+20,5.5253E+21,8.90064E+15,4.988E+16
35175,6.17082E+18,6,6,33,16,2017,8,11,7,3,8,6,0,1,0,0,1,0,0,5.1666E+20,5.70468E+21,9.23997E+15,5.1493E+16
35176,6.17082E+18,6,6,11,0,2017,8,20,7,3,0,1,0,0,0,1,0,2,1,5.33423E+20,5.68289E+21,9.47939E+15,5.12964E+16
35177,6.17082E+18,6,4,32,19,2017,8,10,5,3,5,3,0,1,0,0,1,0,0,4.87679E+20,5.51926E+21,8.8287E+15,4.98257E+16
35178,6.17082E+18,6,6,11,0,2017,8,19,7,3,3,6,0,1,0,0,0,1,0,5.33011E+20,5.68226E+21,9.47342E+15,5.12907E+16
35179,6.17082E+18,6,5,34,19,2017,8,9,5,2,1,5,0,1,0,1,0,0,0,4.62371E+20,5.63354E+21,8.46544E+15,5.08523E+16
35180,6.17082E+18,6,4,38,13,2017,8,8,7,3,5,3,0,1,0,0,0,0,0,4.97003E+20,5.54375E+21,8.95814E+15,5.0046E+16
35181,6.17082E+18,6,4,38,8,2017,8,12,7,3,5,2,0,1,0,0,0,0,0,4.89416E+20,5.55173E+21,8.85196E+15,5.01177E+16
35182,6.17082E+18,6,4,31,13,2017,8,17,5,3,1,7,0,1,0,0,0,0,0,4.55849E+20,5.49805E+21,8.38858E+15,4.96334E+16
35183,6.17082E+18,6,4,38,2,2017,8,19,7,3,5,2,1,0,0,1,0,0,0,4.78903E+20,5.53916E+21,8.7056E+15,5.00044E+16
35184,6.17082E+18,6,5,33,15,2017,8,11,7,2,5,3,0,1,0,0,1,0,0,4.43684E+20,5.58284E+21,8.20769E+15,5.03949E+16
35185,6.17082E+18,6,4,40,18,2017,8,11,7,2,1,5,1,1,0,0,0,0,0,4.78162E+20,5.58055E+21,8.69287E+15,5.03766E+16
35186,6.17082E+18,6,4,37,9,2017,8,8,7,3,8,1,0,1,0,0,0,0,1,4.9788E+20,5.51786E+21,8.97054E+15,4.98132E+16
35187,6.17082E+18,6,4,38,12,2017,8,17,7,3,2,6,0,1,0,0,0,0,0,4.84321E+20,5.53593E+21,8.78133E+15,4.99755E+16
35188,6.17082E+18,6,4,32,16,2017,8,0,7,3,9,7,0,1,0,0,0,2,0,4.83712E+20,5.52166E+21,8.77345E+15,4.98471E+16
35189,6.17082E+18,6,4,40,23,2017,8,10,7,3,3,6,1,1,0,0,0,0,0,4.78039E+20,5.57204E+21,8.69165E+15,5.03001E+16
35190,6.17082E+18,6,4,31,20,2017,8,19,7,3,5,2,0,1,0,0,0,0,0,4.69726E+20,5.4864E+21,8.58164E+15,4.95294E+16
35191,6.17082E+18,6,5,34,20,2017,8,22,7,3,8,1,0,1,0,0,0,2,1,4.81381E+20,5.62254E+21,8.73604E+15,5.07543E+16
35192,6.17082E+18,6,6,31,9,2017,8,18,7,3,2,7,0,1,0,1,0,0,0,5.47577E+20,5.59839E+21,9.67135E+15,5.05356E+16
35193,6.17082E+18,6,5,32,15,2017,8,16,7,3,2,6,0,1,0,0,0,0,0,4.68292E+20,5.60378E+21,8.55211E+15,5.0585E+16
35194,6.17082E+18,6,5,32,16,2017,8,13,7,3,2,6,0,1,0,0,0,0,0,4.54373E+20,5.59953E+21,8.35603E+15,5.05459E+16
35195,6.17082E+18,6,5,31,10,2017,8,14,7,2,8,1,0,0,0,1,0,0,0,5.0227E+20,5.59812E+21,9.03203E+15,5.0535E+16
35196,6.17082E+18,6,5,31,12,2017,8,21,7,3,6,7,0,0,1,0,1,2,0,4.75223E+20,5.59788E+21,8.65039E+15,5.05324E+16
35197,6.17082E+18,6,4,35,11,2017,8,9,7,2,5,3,1,1,0,0,0,0,0,4.9809E+20,5.54791E+21,8.9733E+15,5.00835E+16
35198,6.17082E+18,6,4,40,1,2017,8,4,7,2,2,6,0,1,0,0,1,2,1,4.97795E+20,5.57058E+21,8.96905E+15,5.02873E+16
35199,6.17082E+18,6,4,33,10,2017,8,11,7,3,3,6,0,1,0,0,1,0,0,4.60455E+20,5.54246E+21,8.44783E+15,5.00331E+16
35200,6.17082E+18,6,5,34,8,2017,8,15,5,3,3,2,1,1,0,0,0,0,0,4.87641E+20,5.62244E+21,8.82479E+15,5.07536E+16
35201,6.17091E+18,6,6,32,7,2017,9,14,3,3,2,6,0,1,0,0,0,0,0,5.50949E+20,5.63288E+21,9.72369E+15,5.08454E+16
35202,6.17091E+18,6,4,34,3,2017,9,14,3,3,0,1,0,1,0,1,0,0,0,4.5801E+20,5.56588E+21,8.41111E+15,5.02436E+16
35203,6.17091E+18,6,4,31,19,2017,9,12,3,3,2,6,0,1,0,0,0,0,0,4.8253E+20,5.49674E+21,8.75812E+15,4.9623E+16
35204,6.17091E+18,6,4,12,0,2017,9,20,6,3,2,6,0,1,0,0,0,2,0,4.69589E+20,5.5492E+21,8.57483E+15,5.00943E+16
35205,6.17091E+18,6,4,31,7,2017,9,2,3,3,8,1,0,1,0,0,0,2,0,4.82733E+20,5.49854E+21,8.76086E+15,4.96392E+16
35206,6.17091E+18,6,4,35,12,2017,9,15,3,3,5,3,1,1,0,0,0,0,0,5.07664E+20,5.56035E+21,9.10738E+15,5.01953E+16
35207,6.17091E+18,6,6,36,5,2017,9,11,7,2,8,1,0,1,0,0,0,0,1,5.78665E+20,5.65235E+21,1.01215E+16,5.10173E+16
35208,6.17091E+18,6,5,33,13,2017,9,21,3,3,4,6,0,1,0,0,1,2,0,4.37314E+20,5.58679E+21,8.11742E+15,5.04298E+16
35209,6.17091E+18,6,6,34,25,2017,9,11,7,3,9,1,0,1,0,0,0,0,1,5.25902E+20,5.66522E+21,9.37023E+15,5.11379E+16
35210,6.17091E+18,6,4,14,0,2017,9,14,3,3,5,3,1,1,0,0,0,0,0,4.45733E+20,5.54684E+21,8.24166E+15,5.00714E+16
35211,6.17091E+18,6,5,35,8,2017,9,18,7,3,8,1,0,0,0,1,0,0,0,5.31101E+20,5.60127E+21,9.43911E+15,5.05626E+16
35212,6.17091E+18,6,4,40,1,2017,9,12,1,2,8,1,0,0,0,1,0,0,0,4.96196E+20,5.5697E+21,8.94661E+15,5.02794E+16
35213,6.17091E+18,6,5,34,14,2017,9,10,6,3,3,6,1,1,0,0,0,0,0,4.83605E+20,5.62919E+21,8.76728E+15,5.08142E+16
35214,6.17091E+18,6,4,14,0,2017,9,19,1,3,1,3,0,1,0,1,0,1,0,4.51723E+20,5.54801E+21,8.32521E+15,5.00824E+16
35215,6.17091E+18,6,4,13,0,2017,9,17,3,2,5,2,1,1,0,0,0,0,0,4.82275E+20,5.54901E+21,8.7522E+15,5.00931E+16
35216,6.17091E+18,6,6,31,20,2017,9,13,6,3,6,4,0,1,1,0,0,0,0,5.52091E+20,5.60492E+21,9.73595E+15,5.05939E+16
35217,6.17091E+18,6,4,36,1,2017,9,15,3,3,2,6,0,1,0,0,0,0,0,4.62473E+20,5.55822E+21,8.47446E+15,5.0175E+16
35218,6.17091E+18,6,5,32,23,2017,9,6,6,3,2,6,0,1,0,0,0,1,0,4.64665E+20,5.60123E+21,8.50112E+15,5.05619E+16
35219,6.17091E+18,6,4,12,0,2017,9,11,3,3,5,3,1,1,0,0,0,0,0,4.77432E+20,5.55334E+21,8.68424E+15,5.01318E+16
35220,6.17091E+18,6,4,12,0,2017,9,17,3,3,0,6,1,0,0,0,1,0,0,4.76881E+20,5.54898E+21,8.6768E+15,5.00926E+16
35221,6.17091E+18,6,4,35,14,2017,9,13,6,3,2,6,0,1,0,0,0,0,0,4.98618E+20,5.55241E+21,8.98067E+15,5.0124E+16
35222,6.17091E+18,6,4,12,0,2017,9,12,3,3,2,6,0,1,0,0,1,0,0,4.78655E+20,5.55449E+21,8.70128E+15,5.01422E+16
35223,6.17091E+18,6,4,11,0,2017,9,17,3,3,2,6,0,1,0,0,0,0,0,4.73144E+20,5.52679E+21,8.6261E+15,4.98929E+16
35224,6.17091E+18,6,6,34,3,2017,9,21,6,3,2,6,0,1,0,0,1,2,0,5.33564E+20,5.66797E+21,9.48001E+15,5.11622E+16
35225,6.17091E+18,6,4,11,0,2017,9,6,3,3,5,3,0,1,0,0,0,0,0,4.7524E+20,5.52384E+21,8.65546E+15,4.98665E+16
35226,6.17091E+18,6,6,33,29,2017,9,19,3,3,8,1,0,1,0,0,0,0,0,5.19252E+20,5.69655E+21,9.27686E+15,5.14199E+16
35227,6.17091E+18,6,6,11,0,2017,9,16,3,2,6,2,0,1,1,0,0,0,0,5.307E+20,5.68698E+21,9.44068E+15,5.13333E+16
35228,6.17091E+18,6,6,34,25,2017,9,14,3,3,5,3,0,1,0,1,0,0,0,5.2054E+20,5.66101E+21,9.29335E+15,5.11002E+16
35229,6.17091E+18,6,4,35,19,2017,9,20,3,3,5,2,1,1,0,0,0,2,0,4.88486E+20,5.55335E+21,8.83889E+15,5.01323E+16
35230,6.17091E+18,6,5,32,9,2017,9,15,3,3,5,2,0,1,0,0,0,0,0,4.53361E+20,5.62851E+21,8.33808E+15,5.08065E+16
35231,6.17091E+18,6,4,32,16,2017,9,20,3,3,8,1,0,0,0,1,0,2,0,4.83142E+20,5.52083E+21,8.76555E+15,4.98396E+16
35232,6.17091E+18,6,4,31,12,2017,9,22,3,3,7,7,0,0,0,1,0,1,0,4.92889E+20,5.48126E+21,8.90182E+15,4.94839E+16
35233,6.17091E+18,6,4,33,8,2017,9,11,3,3,5,3,0,1,0,0,0,0,0,4.69557E+20,5.53621E+21,8.57541E+15,4.99775E+16
35234,6.17091E+18,6,4,33,5,2017,9,21,3,3,5,3,0,1,0,0,0,2,0,4.52151E+20,5.53694E+21,8.33257E+15,4.99829E+16
35235,6.17091E+18,6,5,34,16,2017,9,15,3,2,0,3,1,1,0,0,0,0,0,5.0776E+20,5.63306E+21,9.11023E+15,5.08492E+16
35236,6.17091E+18,6,6,31,9,2017,9,16,3,3,5,3,0,1,0,0,0,0,0,5.4698E+20,5.60049E+21,9.66319E+15,5.05544E+16
35237,6.17091E+18,6,5,31,5,2017,9,17,3,3,5,3,0,1,0,0,0,0,0,4.73634E+20,5.59908E+21,8.6279E+15,5.05431E+16
35238,6.17091E+18,6,4,38,13,2017,9,7,3,3,2,6,0,1,0,1,0,1,0,4.95365E+20,5.5429E+21,8.93527E+15,5.00384E+16
35239,6.17091E+18,6,5,33,17,2017,9,8,6,3,2,6,0,1,0,0,0,0,0,4.47792E+20,5.59272E+21,8.2641E+15,5.04841E+16
35240,6.17091E+18,6,6,33,23,2017,9,17,3,2,2,6,0,1,0,0,0,0,0,5.23426E+20,5.68289E+21,9.33599E+15,5.12968E+16
35241,6.17091E+18,6,6,32,14,2017,9,17,3,3,5,3,0,1,0,0,0,0,0,5.40533E+20,5.64018E+21,9.57656E+15,5.09118E+16
35242,6.17091E+18,6,4,12,0,2017,9,9,3,3,3,6,0,1,0,0,1,0,0,4.71964E+20,5.54548E+21,8.60831E+15,5.0061E+16
35243,6.17091E+18,6,4,12,0,2017,9,6,3,2,3,6,0,1,0,1,0,0,0,4.63095E+20,5.54893E+21,8.48407E+15,5.00915E+16
35244,6.17091E+18,6,4,12,0,2017,9,16,3,3,2,6,0,1,0,0,0,0,0,4.70218E+20,5.5535E+21,8.58328E+15,5.0133E+16
35245,6.1709E+18,6,6,35,15,2017,9,20,2,3,4,6,0,1,0,0,0,2,0,4.97019E+20,5.67853E+21,8.95729E+15,5.12582E+16
35246,6.1709E+18,6,6,32,2,2017,9,12,2,2,5,3,0,1,0,0,1,0,0,5.47146E+20,5.63148E+21,9.66949E+15,5.08331E+16
35247,6.1709E+18,6,5,33,8,2017,9,17,2,2,5,3,1,1,0,0,0,0,0,4.42094E+20,5.57227E+21,8.18694E+15,5.02997E+16
35248,6.1709E+18,6,6,11,0,2017,9,17,2,2,5,3,1,1,0,0,0,0,0,5.37107E+20,5.68284E+21,9.53221E+15,5.12957E+16
35249,6.1709E+18,6,4,14,0,2017,9,8,2,3,2,6,0,1,0,0,1,0,0,4.48421E+20,5.53987E+21,8.28016E+15,5.00089E+16
35250,6.1709E+18,6,4,14,0,2017,9,7,2,3,2,6,0,1,0,0,0,0,0,4.45957E+20,5.54687E+21,8.24479E+15,5.00717E+16
35251,6.1709E+18,6,4,13,0,2017,9,16,2,3,2,6,0,0,0,0,1,0,0,4.80947E+20,5.54626E+21,8.73377E+15,5.00683E+16
35252,6.17091E+18,6,6,33,4,2017,9,21,6,2,5,3,0,1,0,0,0,2,1,5.1665E+20,5.70012E+21,9.23962E+15,5.1452E+16
35253,6.1709E+18,6,4,36,3,2017,9,12,2,3,0,7,0,1,0,0,1,0,0,4.68932E+20,5.55385E+21,8.56527E+15,5.0136E+16
35254,6.17091E+18,6,6,35,19,2017,9,0,6,2,4,6,0,1,0,0,0,2,1,4.95596E+20,5.67549E+21,8.93693E+15,5.12308E+16
35255,6.1709E+18,6,4,12,0,2017,9,16,2,3,4,6,1,0,0,0,0,0,0,4.73926E+20,5.55252E+21,8.63524E+15,5.01243E+16
35256,6.1709E+18,6,4,11,0,2017,9,14,2,3,5,3,1,1,0,0,0,0,0,4.76817E+20,5.52695E+21,8.67722E+15,4.98945E+16
35257,6.17091E+18,6,4,31,2,2017,9,6,7,3,5,3,0,1,0,0,0,1,1,4.71279E+20,5.50238E+21,8.60194E+15,4.96733E+16
35258,6.1709E+18,6,4,11,0,2017,9,14,2,2,3,6,0,1,0,1,0,0,0,4.75311E+20,5.52462E+21,8.6564E+15,4.98734E+16
35259,6.17091E+18,6,6,11,0,2017,9,11,7,3,2,6,0,1,0,0,0,0,0,5.32762E+20,5.68448E+21,9.47005E+15,5.13107E+16
35260,6.1709E+18,6,6,34,22,2017,9,7,2,3,1,6,0,1,0,0,0,0,0,5.13818E+20,5.64076E+21,9.19658E+15,5.09184E+16
35261,6.17091E+18,6,5,35,9,2017,9,14,6,2,0,7,0,1,0,1,0,0,0,5.05154E+20,5.61808E+21,9.073E+15,5.07145E+16
35262,6.17091E+18,6,4,33,9,2017,9,16,1,3,5,2,1,1,0,0,0,0,0,4.59963E+20,5.53167E+21,8.44209E+15,4.99361E+16
35263,6.17091E+18,6,4,36,4,2017,9,2,6,3,9,7,0,1,0,0,0,2,0,4.59925E+20,5.54492E+21,8.44018E+15,5.00552E+16
35264,6.17091E+18,6,5,32,8,2017,9,15,6,3,2,6,0,1,0,0,0,0,0,4.5668E+20,5.60758E+21,8.38764E+15,5.06185E+16
35265,6.1709E+18,6,6,35,1,2017,9,8,2,2,6,4,0,1,1,0,0,0,0,4.781E+20,5.65283E+21,8.68772E+15,5.10266E+16
35266,6.1709E+18,6,6,35,14,2017,9,7,2,3,9,1,0,1,0,0,0,0,0,4.70749E+20,5.64724E+21,8.58335E+15,5.0976E+16
35267,6.17091E+18,6,4,40,18,2017,9,22,6,3,2,6,0,1,0,0,0,2,0,4.78141E+20,5.57755E+21,8.69275E+15,5.03496E+16
35268,6.1709E+18,6,4,34,11,2017,9,18,2,3,5,3,0,1,0,0,1,0,0,4.66193E+20,5.57616E+21,8.52495E+15,5.03366E+16
35269,6.1709E+18,6,4,40,20,2017,9,20,2,2,5,3,1,1,0,0,0,2,0,4.97575E+20,5.57882E+21,8.96591E+15,5.03615E+16
35270,6.17091E+18,6,6,36,3,2017,9,10,5,2,1,5,0,1,0,0,0,0,0,5.74093E+20,5.67055E+21,1.00601E+16,5.11815E+16
35271,6.1709E+18,6,5,32,13,2017,9,15,2,3,2,2,1,1,0,0,0,0,0,4.65446E+20,5.61149E+21,8.51118E+15,5.06543E+16
35272,6.17091E+18,6,5,35,11,2017,9,12,5,3,5,7,1,1,0,0,0,0,0,5.27789E+20,5.60982E+21,9.39299E+15,5.06396E+16
35273,6.1709E+18,6,4,32,10,2017,9,15,2,2,9,1,0,1,0,0,0,0,0,4.98908E+20,5.52389E+21,8.9848E+15,4.98674E+16
35274,6.17091E+18,6,6,11,0,2017,9,0,5,3,5,3,1,1,0,0,0,2,0,5.34825E+20,5.68568E+21,9.49976E+15,5.13214E+16
35275,6.1709E+18,6,4,32,22,2017,9,19,2,3,5,3,0,1,0,0,0,0,0,4.72924E+20,5.51293E+21,8.624E+15,4.97682E+16
35276,6.1709E+18,6,5,34,7,2017,9,5,2,2,4,6,0,1,0,0,0,2,0,4.69957E+20,5.6343E+21,8.57313E+15,5.08596E+16
35277,6.1709E+18,6,4,31,5,2017,9,12,2,3,4,6,0,1,0,0,0,0,0,4.63883E+20,5.49958E+21,8.49968E+15,4.96477E+16
35278,6.1709E+18,6,4,35,14,2017,9,7,2,3,6,4,0,1,1,0,0,0,0,4.94531E+20,5.55424E+21,8.92346E+15,5.01404E+16
35279,6.1709E+18,6,5,32,14,2017,9,11,2,3,2,6,0,1,0,0,0,0,0,4.71011E+20,5.59662E+21,8.59107E+15,5.05208E+16
35280,6.17091E+18,6,4,14,0,2017,9,6,5,3,4,7,1,1,0,0,0,0,0,4.45682E+20,5.54422E+21,8.24132E+15,5.00478E+16
35281,6.1709E+18,6,5,31,10,2017,9,18,2,2,4,1,0,1,0,0,0,0,0,5.00388E+20,5.59845E+21,9.00548E+15,5.0538E+16
35282,6.1709E+18,6,6,33,3,2017,9,15,2,3,2,6,0,1,0,0,0,0,0,5.31002E+20,5.67855E+21,9.44427E+15,5.12574E+16
35283,6.17091E+18,6,4,13,0,2017,9,21,5,3,0,7,0,1,0,0,1,2,0,4.81195E+20,5.54682E+21,8.73721E+15,5.00734E+16
35284,6.1709E+18,6,4,11,0,2017,9,17,2,3,2,6,0,1,0,0,0,0,0,4.71089E+20,5.52287E+21,8.59778E+15,4.98575E+16
35285,6.1709E+18,6,6,36,3,2017,9,17,1,3,5,2,0,1,0,1,0,0,0,5.72792E+20,5.66948E+21,1.00412E+16,5.11721E+16
35286,6.17091E+18,6,4,13,0,2017,9,21,5,3,5,3,0,1,0,0,0,2,0,4.81356E+20,5.55055E+21,8.73927E+15,5.01069E+16
35287,6.1709E+18,6,5,33,9,2017,9,11,1,2,5,6,1,1,0,0,0,0,0,4.33347E+20,5.5811E+21,8.06258E+15,5.03782E+16
35288,6.1709E+18,6,5,33,6,2017,9,9,1,2,2,2,1,1,0,0,0,0,0,4.3018E+20,5.58526E+21,8.01728E+15,5.04152E+16
35289,6.1709E+18,6,6,33,12,2017,9,13,1,3,2,6,0,1,0,0,0,0,0,5.47782E+20,5.67854E+21,9.68473E+15,5.12562E+16
35290,6.1709E+18,6,6,33,9,2017,9,13,1,2,5,3,0,1,0,1,0,0,0,5.40293E+20,5.6948E+21,9.57925E+15,5.1403E+16
35291,6.1709E+18,6,6,11,0,2017,9,6,1,3,5,3,0,1,0,0,0,1,0,5.35453E+20,5.68541E+21,9.50874E+15,5.13189E+16
35292,6.1709E+18,6,4,14,0,2017,9,18,1,3,3,6,0,1,0,1,0,0,0,4.44382E+20,5.5464E+21,8.22285E+15,5.00672E+16
35293,6.1709E+18,6,4,14,0,2017,9,18,1,3,0,7,1,1,0,0,0,0,0,4.44115E+20,5.54751E+21,8.21895E+15,5.00772E+16
35294,6.1709E+18,6,4,37,6,2017,9,13,1,3,8,1,0,1,0,0,0,0,0,4.99404E+20,5.49521E+21,8.99175E+15,4.96094E+16
35295,6.1709E+18,6,6,34,22,2017,9,18,1,3,5,3,0,1,0,0,0,0,0,5.13995E+20,5.63984E+21,9.19906E+15,5.091E+16
35296,6.1709E+18,6,6,34,20,2017,9,21,1,3,7,7,0,1,0,0,0,2,0,5.24766E+20,5.62989E+21,9.35159E+15,5.08202E+16
35297,6.1709E+18,6,6,36,6,2017,9,14,1,3,5,2,1,1,0,0,0,0,0,5.504E+20,5.67137E+21,9.72124E+15,5.11915E+16
35298,6.1709E+18,6,6,35,3,2017,9,3,1,3,8,1,0,1,0,0,0,2,1,5.10702E+20,5.66367E+21,9.15293E+15,5.11244E+16
35299,6.17091E+18,6,5,32,12,2017,9,7,6,3,8,1,0,1,0,0,0,0,0,4.50019E+20,5.61092E+21,8.29305E+15,5.0648E+16
35300,6.1709E+18,6,6,35,8,2017,9,19,1,3,5,3,0,1,0,0,0,1,0,5.0054E+20,5.70423E+21,9.00778E+15,5.14892E+16
35301,6.17091E+18,6,4,14,0,2017,9,5,6,3,5,7,0,1,0,0,0,0,0,4.44712E+20,5.54677E+21,8.22741E+15,5.00706E+16
35302,6.1709E+18,6,4,39,10,2017,9,15,1,2,0,1,0,0,0,1,0,0,0,4.18663E+20,5.54494E+21,7.86385E+15,5.00512E+16
35303,6.17091E+18,6,5,35,5,2017,9,20,7,2,2,6,0,1,0,1,0,1,1,5.08734E+20,5.61819E+21,9.12371E+15,5.07154E+16
35304,6.1709E+18,6,4,38,2,2017,9,2,1,2,6,6,0,1,1,0,0,2,0,4.77686E+20,5.5396E+21,8.68859E+15,5.00083E+16
35305,6.17091E+18,6,6,11,0,2017,9,19,7,2,2,6,0,1,0,0,0,0,1,5.32469E+20,5.68133E+21,9.46555E+15,5.12824E+16
35306,6.1709E+18,6,4,38,5,2017,9,18,1,3,0,2,0,1,0,1,0,0,0,4.86122E+20,5.54465E+21,8.80613E+15,5.0054E+16
35307,6.17091E+18,6,4,12,0,2017,9,12,5,2,6,4,0,1,1,0,0,0,0,4.75509E+20,5.55608E+21,8.65716E+15,5.01564E+16
35308,6.17091E+18,6,4,12,0,2017,9,20,5,3,0,1,0,0,0,1,0,2,0,4.77942E+20,5.54985E+21,8.69157E+15,5.01005E+16
35309,6.17091E+18,6,4,12,0,2017,9,18,5,3,5,3,0,1,0,1,0,0,0,4.80279E+20,5.55152E+21,8.72416E+15,5.01156E+16
35310,6.1709E+18,6,4,34,4,2017,9,16,1,3,5,3,0,1,0,0,0,0,0,4.60945E+20,5.58047E+21,8.45077E+15,5.0375E+16
35311,6.17091E+18,6,4,32,12,2017,9,8,5,2,4,6,0,1,0,0,1,0,0,4.81005E+20,5.5311E+21,8.73533E+15,4.99319E+16
35312,6.1709E+18,6,4,36,8,2017,9,5,1,2,8,1,0,1,0,0,0,2,0,4.58914E+20,5.55542E+21,8.42492E+15,5.01496E+16
35313,6.1709E+18,6,4,35,2,2017,9,5,1,3,9,1,0,1,0,0,0,1,1,5.32074E+20,5.56606E+21,9.44984E+15,5.02458E+16
35314,6.17091E+18,6,6,33,28,2017,9,10,5,2,8,1,0,0,0,1,1,0,1,5.10838E+20,5.68654E+21,9.15557E+15,5.13301E+16