OBJECTID,UIDENTSTLA,ULAND,UREGBEZ,UKREIS,UGEMEINDE,UJAHR,UMONAT,USTUNDE,UWOCHENTAG,UKATEGORIE,UART,UTYP1,IstRad,IstPKW,IstFuss,IstKrad,IstSonstig,LICHT,STRZUSTAND,LINREFX,LINREFY,XGCSWGS84,YGCSWGS84
35315,6.1709E+18,6,4,35,9,2017,9,18,1,3,5,3,0,1,0,0,0,1,0,5.09721E+20,5.55571E+21,9.13607E+15,5.01535E+16
35316,6.1709E+18,6,4,40,11,2017,9,10,1,3,5,2,0,1,0,1,0,0,0,5.11346E+20,5.58356E+21,9.15966E+15,5.04039E+16
35317,6.17091E+18,6,6,33,28,2017,9,17,5,3,5,2,0,1,0,1,0,0,0,5.12145E+20,5.68647E+21,9.17432E+15,5.13294E+16
35318,6.1709E+18,6,4,40,2,2017,9,18,1,3,0,1,1,0,0,0,0,0,0,4.81582E+20,5.58358E+21,8.74083E+15,5.0404E+16
35319,6.1709E+18,6,4,31,2,2017,9,19,1,3,9,1,0,1,0,0,0,0,0,4.73079E+20,5.50193E+21,8.62691E+15,4.96693E+16
35320,6.1709E+18,6,4,31,2,2017,9,5,1,3,9,1,0,1,0,0,0,2,0,4.74899E+20,5.50261E+21,8.6521E+15,4.96755E+16
35321,6.1709E+18,6,5,34,12,2017,9,12,1,3,2,6,0,1,0,0,0,0,0,4.83648E+20,5.63642E+21,8.76757E+15,5.08792E+16
35322,6.1709E+18,6,6,31,20,2017,9,16,1,2,5,3,1,1,0,0,0,0,0,5.51089E+20,5.60148E+21,9.72133E+15,5.0563E+16
35323,6.1709E+18,6,6,31,9,2017,9,13,1,3,2,6,0,1,0,0,0,0,0,5.45603E+20,5.60013E+21,9.64371E+15,5.05513E+16
35324,6.1709E+18,6,4,35,14,2017,9,13,1,3,2,6,0,1,0,0,0,0,0,4.92502E+20,5.55288E+21,8.89509E+15,5.01281E+16
35325,6.1709E+18,6,5,31,15,2017,9,15,1,3,3,6,0,1,0,1,0,0,0,4.95024E+20,5.61438E+21,8.92957E+15,5.06813E+16
35326,6.1709E+18,6,6,33,15,2017,9,15,1,3,2,6,0,1,0,0,0,0,0,5.38899E+20,5.68246E+21,9.55787E+15,5.12921E+16
35327,6.1709E+18,6,5,35,13,2017,9,14,1,3,2,6,0,1,0,0,0,0,0,5.01426E+20,5.6124E+21,9.02018E+15,5.06635E+16
35328,6.17091E+18,6,6,35,2,2017,9,19,6,3,8,1,0,1,0,0,0,1,1,5.04363E+20,5.68949E+21,9.06266E+15,5.13566E+16
35329,6.17091E+18,6,4,31,16,2017,9,22,7,3,2,6,0,1,0,0,1,2,0,4.67864E+20,5.49739E+21,8.55501E+15,4.96282E+16
35330,6.17091E+18,6,6,33,3,2017,9,12,5,3,5,3,0,1,0,0,0,0,1,5.27752E+20,5.67763E+21,9.39764E+15,5.12493E+16
35331,6.17091E+18,6,6,32,3,2017,9,21,5,3,0,7,0,1,0,0,0,2,0,5.58007E+20,5.65266E+21,9.82707E+15,5.10225E+16
35332,6.17091E+18,6,6,32,3,2017,9,12,5,3,3,2,0,1,0,1,0,0,0,5.55151E+20,5.64765E+21,9.7856E+15,5.09778E+16
35333,6.17091E+18,6,5,31,5,2017,9,11,2,3,3,1,0,1,0,0,1,0,1,4.79926E+20,5.60713E+21,8.71626E+15,5.06157E+16
35334,6.17091E+18,6,4,40,24,2017,9,7,6,3,5,2,0,1,0,0,1,0,0,4.89462E+20,5.58525E+21,8.85166E+15,5.04192E+16
35335,6.17091E+18,6,6,35,9,2017,9,19,6,3,8,1,0,1,0,0,0,1,1,5.11161E+20,5.66657E+21,9.15957E+15,5.11505E+16
35336,6.1709E+18,6,5,35,1,2017,9,13,1,3,2,6,0,1,0,0,1,0,0,5.18991E+20,5.62101E+21,9.26915E+15,5.07406E+16
35337,6.1709E+18,6,5,35,1,2017,9,11,1,2,2,7,0,1,0,0,0,0,0,5.28989E+20,5.62561E+21,9.41121E+15,5.07816E+16
35338,6.17091E+18,6,5,33,9,2017,9,11,7,3,2,6,0,1,0,0,0,0,0,4.34256E+20,5.58316E+21,8.07501E+15,5.03968E+16
35339,6.1709E+18,6,5,33,6,2017,9,17,1,3,2,6,0,1,0,0,0,0,0,4.29117E+20,5.58442E+21,8.00248E+15,5.04075E+16
35340,6.17091E+18,6,4,11,0,2017,9,10,7,3,4,6,0,1,0,0,0,0,1,4.76265E+20,5.51777E+21,8.67009E+15,4.98119E+16
35341,6.1709E+18,6,5,33,9,2017,9,14,1,3,2,6,0,1,0,0,0,0,0,4.33444E+20,5.58376E+21,8.06348E+15,5.04021E+16
35342,6.17091E+18,6,6,35,11,2017,9,21,5,3,5,3,0,1,0,0,0,2,0,4.86946E+20,5.65778E+21,8.81368E+15,5.10714E+16
35343,6.17091E+18,6,5,33,4,2017,9,0,7,3,8,1,0,1,0,0,0,2,0,4.32889E+20,5.59625E+21,8.05343E+15,5.05143E+16
35344,6.17091E+18,6,4,39,7,2017,9,14,5,3,4,6,0,1,0,0,0,0,0,4.42796E+20,5.56976E+21,8.19718E+15,5.02772E+16
35345,6.17091E+18,6,4,34,8,2017,9,20,5,3,8,1,0,0,0,1,0,1,0,4.62773E+20,5.5639E+21,8.4781E+15,5.02261E+16
35346,6.17091E+18,6,5,33,17,2017,9,9,5,2,4,1,0,1,0,0,1,0,0,4.4885E+20,5.59234E+21,8.27906E+15,5.04808E+16
35347,6.1709E+18,6,4,35,21,2017,9,18,7,2,0,1,1,0,0,0,0,0,0,4.95602E+20,5.5654E+21,8.93833E+15,5.02408E+16
35348,6.1709E+18,6,4,35,24,2017,9,17,7,2,0,1,0,0,0,1,0,0,0,5.03983E+20,5.56247E+21,9.05583E+15,5.02144E+16
35349,6.1709E+18,6,6,35,15,2017,9,11,7,3,2,6,0,1,0,0,0,0,1,4.9342E+20,5.67893E+21,8.90569E+15,5.12617E+16
35350,6.1709E+18,6,5,33,9,2017,9,22,7,3,4,6,0,1,0,1,0,2,0,4.35625E+20,5.57957E+21,8.09488E+15,5.03647E+16
35351,6.17091E+18,6,4,36,7,2017,9,14,5,3,2,6,0,1,0,0,0,0,0,4.605E+20,5.54838E+21,8.44785E+15,5.00864E+16
35352,6.1709E+18,6,6,11,0,2017,9,13,7,3,5,3,0,1,0,0,0,0,0,5.36386E+20,5.68645E+21,9.52224E+15,5.13282E+16
35353,6.17091E+18,6,4,40,18,2017,9,18,5,3,0,7,0,0,0,1,0,0,0,4.74995E+20,5.57875E+21,8.64846E+15,5.03603E+16
35354,6.1709E+18,6,4,14,0,2017,9,18,7,3,2,2,0,1,0,0,0,0,1,4.48363E+20,5.54026E+21,8.2793E+15,5.00124E+16
35355,6.1709E+18,6,4,14,0,2017,9,21,7,3,5,2,0,1,0,0,0,2,0,4.4566E+20,5.54423E+21,8.24101E+15,5.00478E+16
35356,6.1709E+18,6,4,14,0,2017,9,19,7,3,0,2,0,1,0,1,0,1,1,4.44694E+20,5.54843E+21,8.22692E+15,5.00856E+16
35357,6.1709E+18,6,4,12,0,2017,9,20,7,3,5,3,0,1,0,0,0,2,0,4.79766E+20,5.5524E+21,8.71695E+15,5.01235E+16
35358,6.1709E+18,6,6,33,3,2017,9,16,7,3,0,7,0,1,0,0,1,0,0,5.28747E+20,5.67868E+21,9.41198E+15,5.12587E+16
35359,6.1709E+18,6,4,39,8,2017,9,18,7,3,0,1,0,0,0,1,0,0,1,4.46746E+20,5.56206E+21,8.25369E+15,5.02083E+16
35360,6.1709E+18,6,4,39,12,2017,9,10,7,3,5,3,0,1,0,0,0,0,0,4.28725E+20,5.53883E+21,8.00551E+15,4.99975E+16
35361,6.1709E+18,6,4,35,19,2017,9,21,7,3,3,6,0,1,0,0,0,2,0,4.84779E+20,5.55416E+21,8.787E+15,5.01394E+16
35362,6.1709E+18,6,4,34,13,2017,9,21,7,1,9,1,0,1,0,0,0,2,0,4.56614E+20,5.58148E+21,8.38974E+15,5.03838E+16
35363,6.1709E+18,6,4,40,13,2017,9,21,7,2,4,6,0,1,0,0,0,2,0,5.1213E+20,5.57888E+21,9.17054E+15,5.03619E+16
35364,6.1709E+18,6,4,40,4,2017,9,17,7,3,8,1,0,0,0,1,0,0,0,5.0583E+20,5.57032E+21,9.08183E+15,5.0285E+16
35365,6.17091E+18,6,4,40,5,2017,9,6,6,3,5,2,0,1,0,1,0,1,0,4.78254E+20,5.58733E+21,8.69378E+15,5.04376E+16
35366,6.1709E+18,6,4,37,9,2017,9,13,7,3,9,1,0,0,0,1,0,0,0,4.9813E+20,5.51757E+21,8.97401E+15,4.98106E+16
35367,6.1709E+18,6,4,32,10,2017,9,17,7,3,8,1,0,0,0,1,0,0,1,4.92917E+20,5.52527E+21,8.90141E+15,4.98798E+16
35368,6.1709E+18,6,4,32,20,2017,9,2,7,2,8,1,0,1,0,0,0,2,0,4.85631E+20,5.52497E+21,8.80002E+15,4.9877E+16
35369,6.1709E+18,6,4,40,25,2017,9,9,7,3,5,2,0,1,0,0,0,0,0,4.82727E+20,5.56873E+21,8.75762E+15,5.02705E+16
35370,6.1709E+18,6,4,31,13,2017,9,17,7,3,1,5,0,1,0,0,0,0,1,4.61171E+20,5.49405E+21,8.46267E+15,4.95978E+16
35371,6.1709E+18,6,5,35,13,2017,9,18,7,3,0,1,0,0,0,1,0,0,0,5.04149E+20,5.60625E+21,9.05864E+15,5.06081E+16
35372,6.1709E+18,6,5,35,9,2017,9,10,7,1,4,6,0,1,0,0,0,0,0,4.99815E+20,5.61446E+21,8.99738E+15,5.0682E+16
35373,6.1709E+18,6,5,35,1,2017,9,3,7,2,4,1,0,1,0,0,0,2,0,5.12648E+20,5.62324E+21,9.17932E+15,5.07608E+16
35374,6.1709E+18,6,6,31,9,2017,9,16,7,2,0,7,0,0,0,1,1,0,0,5.4809E+20,5.60756E+21,9.67977E+15,5.06179E+16
35375,6.1709E+18,6,5,32,23,2017,9,3,7,2,9,1,0,1,0,0,0,2,1,4.64458E+20,5.5981E+21,8.49849E+15,5.05338E+16
35376,6.17091E+18,6,4,40,3,2017,9,17,6,3,5,3,1,1,0,0,0,0,0,4.81783E+20,5.56002E+21,8.74479E+15,5.01921E+16
35377,6.17091E+18,6,4,14,0,2017,9,12,6,3,5,2,1,0,0,0,1,0,0,4.49044E+20,5.53961E+21,8.28888E+15,5.00066E+16
35378,6.1709E+18,6,5,31,8,2017,9,14,7,3,5,2,0,1,0,0,0,0,1,4.92693E+20,5.59053E+21,8.89705E+15,5.04668E+16
35379,6.17091E+18,6,5,31,5,2017,9,19,7,3,1,7,0,1,0,1,0,2,1,4.7628E+20,5.60294E+21,8.665E+15,5.05779E+16
35380,6.1709E+18,6,5,31,5,2017,9,0,7,3,8,1,0,1,0,0,0,2,1,4.79367E+20,5.60125E+21,8.70868E+15,5.05628E+16
35381,6.17091E+18,6,4,37,3,2017,9,13,5,3,5,3,1,1,0,0,0,0,0,4.91161E+20,5.51096E+21,8.8773E+15,4.97511E+16
35382,6.17091E+18,6,4,38,1,2017,9,17,5,3,5,3,1,1,0,0,0,0,0,4.84464E+20,5.54117E+21,8.78312E+15,5.00226E+16
35383,6.17091E+18,6,4,32,22,2017,9,18,5,3,0,7,0,1,0,1,0,0,0,4.74495E+20,5.5132E+21,8.64579E+15,4.97707E+16
35384,6.17091E+18,6,5,34,7,2017,9,22,5,3,8,7,0,1,0,0,0,2,0,4.67821E+20,5.63693E+21,8.54256E+15,5.08831E+16
35385,6.17091E+18,6,6,31,9,2017,9,22,2,3,5,3,0,1,0,0,0,2,1,5.45588E+20,5.60532E+21,9.64413E+15,5.0598E+16
35386,6.1709E+18,6,4,35,25,2017,9,18,7,2,8,1,0,1,0,0,0,0,1,5.35597E+20,5.57891E+21,9.50046E+15,5.03612E+16
35387,6.17091E+18,6,4,33,7,2017,9,15,5,3,0,6,0,0,0,1,1,0,0,4.66699E+20,5.54694E+21,8.53463E+15,5.00738E+16
35388,6.17091E+18,6,6,31,20,2017,9,9,5,3,2,2,0,1,0,0,1,0,0,5.5309E+20,5.60167E+21,9.7496E+15,5.05645E+16
35389,6.1709E+18,6,6,31,6,2017,9,18,7,3,8,1,0,1,0,0,0,0,1,5.50718E+20,5.59111E+21,9.71468E+15,5.04698E+16
35390,6.1709E+18,6,6,34,7,2017,9,15,7,3,8,1,0,1,0,0,0,0,1,5.27574E+20,5.67114E+21,9.39458E+15,5.1191E+16
35391,6.1709E+18,6,4,34,8,2017,9,18,7,3,9,1,0,0,0,1,0,0,0,4.71652E+20,5.56221E+21,8.60271E+15,5.02114E+16
35392,6.1709E+18,6,4,12,0,2017,9,4,7,3,9,1,0,1,0,0,0,2,1,4.6804E+20,5.55234E+21,8.55291E+15,5.01224E+16
35393,6.1709E+18,6,4,32,18,2017,9,6,7,2,8,1,0,1,0,0,0,0,1,4.70655E+20,5.52011E+21,8.59195E+15,4.98327E+16
35394,6.1709E+18,6,4,31,2,2017,9,17,7,3,8,1,0,1,0,0,0,0,0,4.71105E+20,5.50214E+21,8.59954E+15,4.96711E+16
35395,6.1709E+18,6,4,12,0,2017,9,12,6,3,2,2,0,0,0,0,1,0,0,4.68297E+20,5.5441E+21,8.55719E+15,5.00484E+16
35396,6.1709E+18,6,5,35,11,2017,9,8,6,3,2,6,0,1,0,0,0,0,0,5.27581E+20,5.61024E+21,9.39009E+15,5.06434E+16
35397,6.1709E+18,6,6,11,0,2017,9,17,6,3,2,6,0,1,0,0,0,0,0,5.37375E+20,5.6848E+21,9.53626E+15,5.13133E+16
35398,6.1709E+18,6,6,11,0,2017,9,20,6,3,2,7,1,1,0,0,0,2,0,5.34713E+20,5.68672E+21,9.49825E+15,5.13307E+16
35399,6.1709E+18,6,6,11,0,2017,9,11,6,3,2,2,0,1,0,0,0,0,0,5.34261E+20,5.68463E+21,9.49156E+15,5.13119E+16
35400,6.17091E+18,6,6,31,9,2017,9,18,5,3,5,2,0,1,0,1,0,0,0,5.4792E+20,5.59916E+21,9.67629E+15,5.05424E+16
35401,6.1709E+18,6,4,14,0,2017,9,14,6,3,0,2,0,1,0,0,1,0,0,4.48321E+20,5.54034E+21,8.2787E+15,5.00131E+16
35402,6.1709E+18,6,4,14,0,2017,9,23,6,3,5,3,0,1,0,0,0,2,0,4.45857E+20,5.54415E+21,8.24377E+15,5.00472E+16
35403,6.17091E+18,6,4,35,14,2017,9,7,5,3,5,7,1,0,0,0,0,0,0,4.93528E+20,5.55409E+21,8.90944E+15,5.0139E+16
35404,6.1709E+18,6,4,14,0,2017,9,12,6,3,2,6,0,1,0,0,0,0,0,4.45059E+20,5.54464E+21,8.23256E+15,5.00515E+16
35405,6.17091E+18,6,5,31,14,2017,9,9,5,3,2,2,1,1,0,0,0,0,0,4.81305E+20,5.59898E+21,8.73615E+15,5.05425E+16
35406,6.1709E+18,6,4,14,0,2017,9,6,6,3,5,2,0,1,0,0,0,1,0,4.48022E+20,5.54593E+21,8.27377E+15,5.00634E+16
35407,6.1709E+18,6,4,14,0,2017,9,14,6,2,6,2,0,1,1,0,0,0,0,4.42505E+20,5.54681E+21,8.19656E+15,5.00708E+16
35408,6.1709E+18,6,4,14,0,2017,9,15,6,3,5,3,0,1,0,0,0,0,0,4.44868E+20,5.5481E+21,8.22939E+15,5.00826E+16
35409,6.1709E+18,6,4,14,0,2017,9,12,6,3,5,3,0,1,0,0,0,0,0,4.44941E+20,5.54732E+21,8.23053E+15,5.00756E+16
35410,6.1709E+18,6,4,36,12,2017,9,8,6,3,2,6,0,1,0,0,0,0,0,4.6519E+20,5.55359E+21,8.51293E+15,5.01335E+16
35411,6.1709E+18,6,4,12,0,2017,9,13,6,2,6,4,0,1,1,0,0,0,0,4.75983E+20,5.55071E+21,8.66413E+15,5.01081E+16
35412,6.1709E+18,6,4,32,23,2017,9,16,6,3,2,6,0,1,0,0,0,0,0,4.72771E+20,5.52719E+21,8.62088E+15,4.98964E+16
35413,6.1709E+18,6,4,11,0,2017,9,14,6,3,2,6,0,1,0,0,0,0,0,4.77185E+20,5.52427E+21,8.6825E+15,4.98704E+16
35414,6.1709E+18,6,6,34,10,2017,9,16,6,2,2,6,0,1,0,0,0,0,0,5.11366E+20,5.65113E+21,9.16203E+15,5.10116E+16
35415,6.1709E+18,6,6,36,16,2017,9,13,6,3,6,4,0,1,1,0,0,0,0,5.59396E+20,5.68822E+21,9.85275E+15,5.13421E+16
35416,6.1709E+18,6,6,11,0,2017,9,15,6,3,2,6,0,1,0,0,0,0,0,5.33074E+20,5.68238E+21,9.47432E+15,5.12918E+16
35417,6.1709E+18,6,6,34,25,2017,9,23,6,2,8,7,0,1,0,0,0,2,0,5.24266E+20,5.66002E+21,9.34649E+15,5.10911E+16
35418,6.1709E+18,6,6,34,5,2017,9,23,6,2,4,7,0,1,0,0,0,2,0,5.17585E+20,5.66308E+21,9.25124E+15,5.11189E+16
35419,6.17091E+18,6,4,32,16,2017,9,12,6,3,2,6,0,1,0,0,1,0,0,4.79741E+20,5.51947E+21,8.71832E+15,4.98273E+16
35420,6.17091E+18,6,6,36,4,2017,9,7,6,3,0,7,0,1,0,0,0,0,0,5.57796E+20,5.67839E+21,9.8282E+15,5.12539E+16
35421,6.1709E+18,6,6,35,11,2017,9,5,6,2,9,1,0,1,0,0,0,2,1,4.88734E+20,5.65804E+21,8.83919E+15,5.10738E+16
35422,6.17091E+18,6,4,38,11,2017,9,8,5,3,2,6,0,1,0,0,1,0,0,4.91019E+20,5.54528E+21,8.87453E+15,5.00597E+16
35423,6.17091E+18,6,4,12,0,2017,9,18,5,3,3,6,0,1,0,0,0,0,0,4.72576E+20,5.55877E+21,8.6159E+15,5.01805E+16
35424,6.17091E+18,6,4,12,0,2017,9,6,5,3,2,6,0,1,0,0,0,1,0,4.69372E+20,5.5447E+21,8.57216E+15,5.00538E+16
35425,6.17091E+18,6,4,34,13,2017,9,14,1,2,2,6,0,1,0,1,0,0,0,4.59407E+20,5.57297E+21,8.42994E+15,5.03074E+16
35426,6.17091E+18,6,5,33,8,2017,9,6,2,3,2,6,0,1,0,0,0,1,0,4.41818E+20,5.57668E+21,8.18239E+15,5.03393E+16
35427,6.1709E+18,6,4,39,8,2017,9,15,6,2,1,7,0,1,0,0,0,0,0,4.49469E+20,5.5652E+21,8.29143E+15,5.02368E+16
35428,6.17091E+18,6,4,11,0,2017,9,8,5,3,3,6,0,1,0,0,1,0,0,4.71264E+20,5.52388E+21,8.60013E+15,4.98667E+16
35429,6.17091E+18,6,4,35,6,2017,9,17,4,3,8,1,0,1,0,0,0,0,0,4.93751E+20,5.55694E+21,8.9125E+15,5.01646E+16
35430,6.1709E+18,6,4,35,25,2017,9,18,6,3,4,3,0,1,0,0,0,0,0,5.37527E+20,5.58146E+21,9.52785E+15,5.0384E+16
35431,6.1709E+18,6,4,38,9,2017,9,15,6,3,3,6,1,1,0,0,0,0,0,4.78182E+20,5.54438E+21,8.69524E+15,5.00513E+16
35432,6.1709E+18,6,4,34,3,2017,9,19,6,3,2,6,0,1,0,0,0,1,0,4.57637E+20,5.56242E+21,8.40627E+15,5.02124E+16
35433,6.1709E+18,6,4,34,3,2017,9,19,6,2,3,6,1,1,0,0,0,1,0,4.57638E+20,5.56242E+21,8.40628E+15,5.02124E+16
35434,6.1709E+18,6,5,33,17,2017,9,14,6,3,4,6,0,1,0,1,0,0,0,4.51687E+20,5.59463E+21,8.31876E+15,5.05016E+16
35435,6.1709E+18,6,4,36,5,2017,9,14,6,2,4,6,0,1,0,0,0,0,0,4.61009E+20,5.54315E+21,8.45549E+15,5.00393E+16
35436,6.1709E+18,6,4,36,2,2017,9,19,6,3,5,2,0,1,0,0,0,0,0,4.57491E+20,5.55522E+21,8.40503E+15,5.01476E+16
35437,6.1709E+18,6,4,31,11,2017,9,17,6,3,1,6,0,1,0,0,0,0,0,4.74702E+20,5.49894E+21,8.64959E+15,4.96425E+16
35438,6.17091E+18,6,6,34,4,2017,9,11,4,2,5,3,0,1,0,0,0,0,0,5.21782E+20,5.6465E+21,9.31022E+15,5.09697E+16
35439,6.17091E+18,6,6,32,2,2017,9,17,4,2,6,4,0,1,1,0,0,0,0,5.48907E+20,5.63648E+21,9.69516E+15,5.08779E+16
35440,6.17091E+18,6,5,33,13,2017,9,23,7,2,8,1,0,1,0,0,0,2,1,4.40364E+20,5.58372E+21,8.16084E+15,5.04025E+16
35441,6.17091E+18,6,5,32,13,2017,9,1,1,3,9,1,0,1,0,0,0,2,1,4.6583E+20,5.60923E+21,8.51682E+15,5.06339E+16
35442,6.17091E+18,6,4,13,0,2017,9,22,1,3,5,3,0,1,0,0,0,2,0,4.8135E+20,5.55056E+21,8.73918E+15,5.0107E+16
35443,6.17091E+18,6,6,31,20,2017,9,18,2,3,0,3,0,1,0,1,0,0,0,5.50109E+20,5.60143E+21,9.70749E+15,5.05626E+16
35444,6.17091E+18,6,6,34,1,2017,9,14,6,2,4,6,0,1,0,0,0,0,0,5.20161E+20,5.65569E+21,9.28764E+15,5.10524E+16
35445,6.1709E+18,6,4,31,11,2017,9,14,6,3,2,6,0,1,0,0,0,0,0,4.73457E+20,5.49896E+21,8.63235E+15,4.96426E+16
35446,6.17091E+18,6,5,35,4,2017,9,18,4,3,8,1,0,0,0,1,0,0,0,5.27321E+20,5.58538E+21,9.38458E+15,5.04198E+16
35447,6.17091E+18,6,4,13,0,2017,9,17,4,3,2,6,0,1,0,0,0,0,0,4.84567E+20,5.54953E+21,8.78422E+15,5.00979E+16
35448,6.17091E+18,6,4,12,0,2017,9,5,4,2,5,3,1,1,0,0,0,1,0,4.71192E+20,5.54986E+21,8.59719E+15,5.01003E+16
35449,6.17091E+18,6,4,12,0,2017,9,17,4,3,5,2,1,0,0,0,1,0,0,4.77394E+20,5.55332E+21,8.6837E+15,5.01317E+16
35450,6.17091E+18,6,5,34,20,2017,9,11,2,3,3,6,0,1,0,0,0,0,1,4.83057E+20,5.62539E+21,8.75968E+15,5.078E+16
35451,6.17091E+18,6,4,11,0,2017,9,19,4,2,5,3,0,1,0,1,0,1,0,4.76361E+20,5.52223E+21,8.67116E+15,4.9852E+16
35452,6.1709E+18,6,4,40,16,2017,9,11,6,2,6,2,0,1,1,0,0,0,0,5.00642E+20,5.58447E+21,9.00904E+15,5.04123E+16
35453,6.1709E+18,6,4,37,9,2017,9,15,6,3,1,5,1,1,0,0,0,0,0,4.9975E+20,5.51654E+21,8.99653E+15,4.98013E+16
35454,6.1709E+18,6,4,32,3,2017,9,13,6,2,4,6,0,1,0,1,0,0,0,4.7194E+20,5.51334E+21,8.6103E+15,4.97719E+16
35455,6.1709E+18,6,4,32,14,2017,9,6,6,3,2,6,0,1,0,0,0,1,0,4.77032E+20,5.51861E+21,8.68071E+15,4.98195E+16
35456,6.1709E+18,6,4,40,6,2017,9,7,6,3,0,7,0,1,0,0,0,0,0,4.92002E+20,5.58228E+21,8.88748E+15,5.03925E+16
35457,6.1709E+18,6,4,40,25,2017,9,6,6,3,5,3,0,1,0,0,0,0,0,4.83375E+20,5.56949E+21,8.76668E+15,5.02773E+16
35458,6.1709E+18,6,5,34,19,2017,9,17,6,3,5,3,0,1,0,0,0,0,0,4.62591E+20,5.63221E+21,8.4687E+15,5.08404E+16
35459,6.1709E+18,6,5,34,10,2017,9,15,6,3,4,1,0,1,0,1,0,0,0,4.66045E+20,5.62114E+21,8.51878E+15,5.07411E+16
35460,6.1709E+18,6,4,31,20,2017,9,18,6,3,2,6,0,1,0,1,0,0,0,4.70817E+20,5.48731E+21,8.59665E+15,4.95377E+16
35461,6.1709E+18,6,4,31,2,2017,9,15,6,2,2,6,0,1,0,1,0,0,0,4.72751E+20,5.50446E+21,8.62219E+15,4.9692E+16
35462,6.1709E+18,6,5,35,10,2017,9,16,6,3,8,1,0,0,0,1,0,0,0,5.02109E+20,5.62613E+21,9.02992E+15,5.07869E+16
35463,6.1709E+18,6,4,33,11,2017,9,12,6,3,9,1,0,0,0,1,0,0,0,4.59688E+20,5.52165E+21,8.4393E+15,4.98459E+16
35464,6.1709E+18,6,5,34,14,2017,9,8,6,2,4,1,0,1,0,0,0,0,0,4.83414E+20,5.62626E+21,8.76469E+15,5.07878E+16
35465,6.1709E+18,6,6,31,21,2017,9,18,6,2,5,3,0,1,0,1,0,0,0,5.61722E+20,5.5959E+21,9.87051E+15,5.05118E+16
35466,6.17091E+18,6,4,33,12,2017,9,11,7,3,2,6,0,1,0,0,0,0,0,4.58661E+20,5.53756E+21,8.42331E+15,4.99889E+16
35467,6.1709E+18,6,6,31,13,2017,9,16,6,3,4,1,0,1,0,0,0,0,0,5.6607E+20,5.60749E+21,9.93389E+15,5.06156E+16
35468,6.17091E+18,6,4,14,0,2017,9,9,7,3,9,6,0,1,0,0,0,0,0,4.50661E+20,5.55503E+21,8.30946E+15,5.01455E+16
35469,6.1709E+18,6,4,35,14,2017,9,17,6,3,5,2,0,1,0,0,0,0,0,4.92975E+20,5.55504E+21,8.90167E+15,5.01476E+16
35470,6.1709E+18,6,4,35,14,2017,9,8,6,3,2,6,1,0,0,0,0,0,0,4.93461E+20,5.55326E+21,8.9085E+15,5.01316E+16
35471,6.1709E+18,6,5,32,23,2017,9,13,6,3,0,7,0,0,0,1,0,0,0,4.65681E+20,5.60013E+21,8.51556E+15,5.05521E+16
35472,6.1709E+18,6,5,31,9,2017,9,15,6,3,2,6,0,1,0,0,1,0,0,4.7545E+20,5.59346E+21,8.6539E+15,5.04926E+16
35473,6.1709E+18,6,4,35,3,2017,9,14,6,3,2,6,0,1,0,0,0,0,0,5.18208E+20,5.56358E+21,9.25525E+15,5.02241E+16
35474,6.1709E+18,6,4,35,14,2017,9,16,6,3,2,6,0,1,0,0,0,0,0,4.95159E+20,5.5513E+21,8.9323E+15,5.01139E+16
35475,6.1709E+18,6,6,33,23,2017,9,12,6,3,3,6,0,1,0,0,0,0,0,5.2465E+20,5.6824E+21,9.35352E+15,5.12924E+16
35476,6.1709E+18,6,5,35,1,2017,9,11,6,3,2,6,0,1,0,0,0,0,0,5.1955E+20,5.62123E+21,9.27708E+15,5.07425E+16
35477,6.1709E+18,6,4,34,8,2017,9,19,6,3,3,6,0,1,0,0,0,0,0,4.71955E+20,5.56207E+21,8.60695E+15,5.02102E+16
35478,6.1709E+18,6,5,33,6,2017,9,12,6,3,8,1,0,1,0,0,0,0,0,4.31512E+20,5.58397E+21,8.03625E+15,5.04038E+16
35479,6.1709E+18,6,4,34,2,2017,9,1,6,3,3,6,0,1,0,0,0,2,0,4.75973E+20,5.56671E+21,8.66297E+15,5.02521E+16
35480,6.17091E+18,6,4,32,17,2017,9,19,6,2,4,6,0,1,0,0,0,0,0,4.91789E+20,5.5179E+21,8.88587E+15,4.98135E+16
35481,6.17091E+18,6,4,11,0,2017,9,5,4,3,5,2,0,1,0,0,0,1,0,4.7441E+20,5.52362E+21,8.64393E+15,4.98645E+16
35482,6.17091E+18,6,4,11,0,2017,9,14,4,3,5,3,1,1,0,0,0,0,0,4.74348E+20,5.52443E+21,8.64302E+15,4.98718E+16
35483,6.17091E+18,6,6,33,21,2017,9,12,1,2,5,2,0,0,0,1,0,0,0,5.41201E+20,5.7145E+21,9.59461E+15,5.15801E+16
35484,6.17091E+18,6,5,35,13,2017,9,9,2,3,2,6,0,1,0,0,0,0,1,5.01988E+20,5.6138E+21,9.02814E+15,5.0676E+16
35485,6.1709E+18,6,4,34,2,2017,9,16,6,3,2,6,0,1,0,0,0,0,0,4.7597E+20,5.56775E+21,8.66287E+15,5.02614E+16
35486,6.17083E+18,6,4,35,6,2017,8,8,5,2,4,6,0,1,0,0,0,0,1,4.93445E+20,5.5592E+21,8.90818E+15,5.01849E+16
35487,6.17083E+18,6,4,35,21,2017,8,0,5,3,8,1,0,1,0,0,0,2,0,4.90923E+20,5.56272E+21,8.87277E+15,5.02166E+16
35488,6.17083E+18,6,6,35,15,2017,8,20,5,2,8,1,0,1,0,0,0,2,0,4.89743E+20,5.68204E+21,8.85291E+15,5.12896E+16
35489,6.17083E+18,6,6,35,19,2017,8,10,5,3,4,6,0,1,0,0,1,0,1,4.92566E+20,5.67677E+21,8.8935E+15,5.12423E+16