OBJECTID,UIDENTSTLA,ULAND,UREGBEZ,UKREIS,UGEMEINDE,UJAHR,UMONAT,USTUNDE,UWOCHENTAG,UKATEGORIE,UART,UTYP1,IstRad,IstPKW,IstFuss,IstKrad,IstSonstig,LICHT,STRZUSTAND,LINREFX,LINREFY,XGCSWGS84,YGCSWGS84
35490,6.17083E+18,6,6,34,1,2017,8,20,5,3,5,3,0,1,0,1,0,1,0,5.20821E+20,5.65578E+21,9.29706E+15,5.10531E+16
35491,6.17083E+18,6,5,33,9,2017,8,15,5,3,2,6,0,1,0,1,0,0,0,4.33129E+20,5.58204E+21,8.05934E+15,5.03866E+16
35492,6.17083E+18,6,6,11,0,2017,8,10,5,2,0,3,0,1,0,1,0,0,0,5.3477E+20,5.68675E+21,9.49907E+15,5.1331E+16
35493,6.17083E+18,6,6,11,0,2017,8,21,5,3,5,3,0,1,0,0,0,2,0,5.34399E+20,5.68448E+21,9.49353E+15,5.13106E+16
35494,6.17083E+18,6,4,14,0,2017,8,10,5,3,1,2,0,1,0,1,0,0,1,4.44675E+20,5.54757E+21,8.22677E+15,5.00778E+16
35495,6.17083E+18,6,4,14,0,2017,8,12,5,3,6,4,0,0,1,0,1,0,0,4.46652E+20,5.5454E+21,8.2547E+15,5.00585E+16
35496,6.17091E+18,6,6,33,14,2017,9,8,4,3,5,3,0,1,0,0,0,0,0,5.36121E+20,5.69531E+21,9.51933E+15,5.14078E+16
35497,6.17083E+18,6,4,13,0,2017,8,14,5,3,5,3,1,1,0,0,0,0,0,4.82704E+20,5.54857E+21,8.75822E+15,5.00892E+16
35498,6.17091E+18,6,6,34,25,2017,9,8,4,3,8,1,0,1,0,0,0,0,0,5.21093E+20,5.66312E+21,9.30138E+15,5.11192E+16
35499,6.17083E+18,6,4,13,0,2017,8,22,5,3,1,5,0,1,0,0,0,2,0,4.84766E+20,5.54651E+21,8.78712E+15,5.00706E+16
35500,6.17083E+18,6,4,12,0,2017,8,14,5,3,8,1,0,1,0,0,0,0,0,4.69876E+20,5.5494E+21,8.57882E+15,5.00961E+16
35501,6.17083E+18,6,4,12,0,2017,8,15,5,2,5,3,1,1,0,0,0,0,0,4.72058E+20,5.55279E+21,8.60909E+15,5.01267E+16
35502,6.17083E+18,6,4,12,0,2017,8,16,5,3,3,2,0,1,0,1,0,0,0,4.73191E+20,5.54847E+21,8.62524E+15,5.00879E+16
35503,6.17083E+18,6,4,12,0,2017,8,17,5,3,6,6,1,0,1,0,0,0,0,4.74907E+20,5.54961E+21,8.64916E+15,5.00982E+16
35504,6.17083E+18,6,4,12,0,2017,8,23,5,3,2,6,0,1,0,0,0,2,0,4.77005E+20,5.55101E+21,8.6784E+15,5.01109E+16
35505,6.17083E+18,6,4,37,6,2017,8,8,5,3,2,6,0,1,0,0,0,0,0,5.00483E+20,5.50137E+21,9.00669E+15,4.96649E+16
35506,6.17083E+18,6,4,11,0,2017,8,12,5,3,5,2,1,1,0,0,0,0,0,4.74655E+20,5.52358E+21,8.64734E+15,4.98641E+16
35507,6.17083E+18,6,4,11,0,2017,8,22,5,3,5,3,1,1,0,0,0,2,0,4.75749E+20,5.52453E+21,8.66251E+15,4.98727E+16
35508,6.17083E+18,6,6,11,0,2017,8,5,5,3,2,6,0,1,0,0,0,1,0,5.31725E+20,5.68099E+21,9.45485E+15,5.12794E+16
35509,6.17083E+18,6,4,38,9,2017,8,15,5,3,5,3,0,1,0,0,0,0,0,4.78275E+20,5.54402E+21,8.69656E+15,5.00481E+16
35510,6.17083E+18,6,4,38,8,2017,8,19,5,3,5,2,0,1,0,0,0,0,0,4.87419E+20,5.55198E+21,8.82402E+15,5.012E+16
35511,6.17083E+18,6,4,35,1,2017,8,8,5,3,5,3,0,1,0,0,0,0,1,5.24588E+20,5.56455E+21,9.34475E+15,5.02326E+16
35512,6.17091E+18,6,6,35,5,2017,9,13,4,3,8,1,0,1,0,0,0,0,0,4.74351E+20,5.65833E+21,8.63387E+15,5.10759E+16
35513,6.17091E+18,6,4,12,0,2017,9,16,1,2,8,1,0,1,0,0,0,0,0,4.6321E+20,5.5496E+21,8.48562E+15,5.00975E+16
35514,6.17091E+18,6,4,40,4,2017,9,12,1,2,4,1,0,1,0,0,0,0,0,5.05353E+20,5.57039E+21,9.07513E+15,5.02856E+16
35515,6.17091E+18,6,4,14,0,2017,9,7,1,3,1,1,0,1,0,0,0,0,0,4.46959E+20,5.54189E+21,8.25948E+15,5.00269E+16
35516,6.17083E+18,6,4,35,10,2017,8,15,5,3,5,3,0,1,0,0,0,0,0,5.15861E+20,5.56071E+21,9.22223E+15,5.01984E+16
35517,6.17083E+18,6,4,38,1,2017,8,18,5,3,4,7,0,1,0,0,0,0,0,4.82998E+20,5.5389E+21,8.76275E+15,5.00021E+16
35518,6.17083E+18,6,4,32,17,2017,8,16,5,3,9,1,0,1,0,0,0,0,0,4.95579E+20,5.51774E+21,8.93855E+15,4.98121E+16
35519,6.17091E+18,6,4,39,15,2017,9,15,4,2,5,3,1,1,0,0,0,0,0,4.38517E+20,5.55452E+21,8.13959E+15,5.01397E+16
35520,6.17083E+18,6,4,32,20,2017,8,22,5,3,5,3,0,1,0,0,0,2,0,4.85254E+20,5.52467E+21,8.79478E+15,4.98742E+16
35521,6.17083E+18,6,4,40,8,2017,8,15,5,3,2,6,0,1,0,0,0,0,0,4.81143E+20,5.57533E+21,8.73507E+15,5.03298E+16
35522,6.17091E+18,6,4,35,26,2017,9,10,4,3,6,4,0,1,1,0,0,0,0,4.87904E+20,5.56236E+21,8.83046E+15,5.02133E+16
35523,6.17091E+18,6,4,31,17,2017,9,6,4,3,4,6,0,1,0,0,0,0,0,4.80514E+20,5.49339E+21,8.73038E+15,4.95927E+16
35524,6.17083E+18,6,5,34,10,2017,8,19,5,3,5,3,0,1,0,0,0,0,0,4.70015E+20,5.62295E+21,8.57488E+15,5.07576E+16
35525,6.17083E+18,6,4,31,21,2017,8,8,5,2,9,1,0,1,0,0,0,0,1,4.86599E+20,5.49055E+21,8.81467E+15,4.95674E+16
35526,6.17083E+18,6,4,31,13,2017,8,7,5,3,2,6,0,1,0,0,0,0,0,4.63521E+20,5.49395E+21,8.4952E+15,4.9597E+16
35527,6.17083E+18,6,4,31,20,2017,8,7,5,3,2,6,0,0,0,1,1,0,1,4.70659E+20,5.48754E+21,8.59444E+15,4.95398E+16
35528,6.17083E+18,6,6,31,22,2017,8,15,5,2,8,1,0,0,0,1,0,0,0,5.60081E+20,5.61813E+21,9.85097E+15,5.07119E+16
35529,6.17083E+18,6,6,31,13,2017,8,13,5,3,9,1,0,1,0,0,0,0,1,5.67325E+20,5.60386E+21,9.95097E+15,5.05827E+16
35530,6.17083E+18,6,5,32,18,2017,8,12,5,2,5,7,0,1,0,0,1,0,0,4.63837E+20,5.59483E+21,8.49005E+15,5.05043E+16
35531,6.17083E+18,6,5,31,16,2017,8,7,5,3,2,6,0,1,0,0,0,0,0,4.87584E+20,5.60514E+21,8.82457E+15,5.0598E+16
35532,6.17083E+18,6,5,31,5,2017,8,17,5,3,8,1,0,1,0,0,0,0,0,4.7267E+20,5.60078E+21,8.61417E+15,5.05583E+16
35533,6.17083E+18,6,4,13,0,2017,8,18,5,3,2,6,0,1,0,0,0,0,0,4.83311E+20,5.5461E+21,8.76681E+15,5.00669E+16
35534,6.17083E+18,6,4,38,7,2017,8,6,5,3,8,1,0,0,0,0,1,1,0,4.98834E+20,5.53938E+21,8.98373E+15,5.00067E+16
35535,6.17083E+18,6,6,31,15,2017,8,11,5,3,8,1,0,1,0,0,0,0,1,5.47892E+20,5.61358E+21,9.67776E+15,5.06721E+16
35536,6.17083E+18,6,6,33,28,2017,8,22,5,2,9,7,0,1,0,0,0,2,0,5.13748E+20,5.6942E+21,9.19762E+15,5.13989E+16
35537,6.17083E+18,6,6,35,15,2017,8,16,4,1,4,1,0,1,0,0,0,0,0,4.9482E+20,5.67843E+21,8.92577E+15,5.12572E+16
35538,6.17091E+18,6,4,40,23,2017,9,16,7,3,5,3,0,1,0,0,0,0,0,4.78917E+20,5.56849E+21,8.70417E+15,5.02682E+16
35539,6.17083E+18,6,6,35,18,2017,8,12,4,3,5,3,0,1,0,0,0,0,0,4.98686E+20,5.68727E+21,8.98114E+15,5.13367E+16
35540,6.17091E+18,6,6,11,0,2017,9,9,7,3,0,1,0,0,0,1,0,0,1,5.36851E+20,5.6828E+21,9.52854E+15,5.12953E+16
35541,6.17091E+18,6,4,40,17,2017,9,22,1,3,5,3,0,1,0,0,0,2,0,4.85231E+20,5.57038E+21,8.79269E+15,5.02854E+16
35542,6.17091E+18,6,6,33,11,2017,9,6,1,3,8,1,0,1,0,0,0,1,0,5.25681E+20,5.68802E+21,9.36871E+15,5.13429E+16
35543,6.17091E+18,6,4,40,1,2017,9,8,4,2,5,2,0,1,0,0,0,0,0,4.9556E+20,5.57027E+21,8.93769E+15,5.02845E+16
35544,6.17091E+18,6,5,32,1,2017,9,18,2,3,0,3,1,1,0,0,0,0,0,4.61901E+20,5.60448E+21,8.46175E+15,5.0591E+16
35545,6.17091E+18,6,5,32,8,2017,9,17,4,3,9,1,0,0,0,1,0,0,0,4.52669E+20,5.60703E+21,8.33102E+15,5.06132E+16
35546,6.17091E+18,6,5,32,11,2017,9,16,4,3,5,2,0,1,0,0,1,0,0,4.44063E+20,5.62278E+21,8.20701E+15,5.07541E+16
35547,6.17091E+18,6,4,32,20,2017,9,16,1,3,0,1,0,0,0,1,0,0,0,4.83407E+20,5.52341E+21,8.76913E+15,4.98629E+16
35548,6.17091E+18,6,6,33,28,2017,9,8,1,3,5,3,0,1,0,0,0,0,0,5.16044E+20,5.68322E+21,9.23014E+15,5.13001E+16
35549,6.17091E+18,6,5,32,23,2017,9,0,2,3,8,7,0,1,0,0,0,2,0,4.65288E+20,5.60269E+21,8.50978E+15,5.05751E+16
35550,6.17083E+18,6,5,35,18,2017,8,6,4,3,8,1,0,1,0,0,0,0,0,5.09075E+20,5.60355E+21,9.12819E+15,5.05838E+16
35551,6.17083E+18,6,5,33,9,2017,8,15,4,2,5,3,1,1,0,0,0,0,0,4.33995E+20,5.58129E+21,8.07166E+15,5.03799E+16
35552,6.17091E+18,6,5,32,11,2017,9,16,4,3,8,3,0,1,0,1,0,0,0,4.44347E+20,5.62189E+21,8.21117E+15,5.07462E+16
35553,6.17083E+18,6,6,33,24,2017,8,23,4,3,9,1,0,1,0,0,0,2,0,5.40787E+20,5.67531E+21,9.58414E+15,5.12277E+16
35554,6.17083E+18,6,4,13,0,2017,8,17,4,3,1,5,1,1,0,0,0,0,0,4.82722E+20,5.55039E+21,8.75838E+15,5.01055E+16
35555,6.17083E+18,6,4,13,0,2017,8,16,4,3,5,3,0,1,0,1,0,0,0,4.84534E+20,5.54947E+21,8.78377E+15,5.00973E+16
35556,6.17083E+18,6,4,32,12,2017,8,19,4,3,8,1,0,1,0,0,0,0,0,4.83274E+20,5.52872E+21,8.76705E+15,4.99106E+16
35557,6.17083E+18,6,4,11,0,2017,8,8,4,3,2,6,0,1,0,0,0,0,0,4.757E+20,5.53155E+21,8.66138E+15,4.99358E+16
35558,6.17083E+18,6,4,37,11,2017,8,11,4,3,2,6,0,1,0,0,0,0,0,4.99318E+20,5.50807E+21,8.99054E+15,4.97251E+16
35559,6.17083E+18,6,4,11,0,2017,8,18,4,3,5,2,0,1,0,0,0,0,0,4.74643E+20,5.52332E+21,8.6472E+15,4.98617E+16
35560,6.17083E+18,6,6,33,22,2017,8,11,4,3,2,2,0,1,0,1,0,0,0,5.42279E+20,5.7039E+21,9.6089E+15,5.14847E+16
35561,6.17083E+18,6,6,35,16,2017,8,12,4,2,9,1,0,1,0,0,0,0,0,4.85148E+20,5.66227E+21,8.78782E+15,5.11118E+16
35562,6.17083E+18,6,4,39,15,2017,8,13,4,2,8,1,0,0,0,1,0,0,0,4.41782E+20,5.56208E+21,8.18412E+15,5.0208E+16
35563,6.17083E+18,6,4,35,25,2017,8,13,4,3,2,6,0,1,0,0,0,0,0,5.39514E+20,5.57742E+21,9.55537E+15,5.03475E+16
35564,6.17083E+18,6,4,31,11,2017,8,16,4,2,5,3,0,1,0,1,0,0,0,4.73732E+20,5.50043E+21,8.63607E+15,4.96558E+16
35565,6.17083E+18,6,4,35,2,2017,8,8,4,3,2,2,0,1,0,0,0,0,0,5.26369E+20,5.57006E+21,9.37011E+15,5.02821E+16
35566,6.17083E+18,6,4,40,9,2017,8,15,4,3,2,6,0,1,0,0,0,0,0,5.14173E+20,5.58677E+21,9.19956E+15,5.04328E+16
35567,6.17091E+18,6,4,14,0,2017,9,9,6,3,6,4,0,1,1,0,0,0,0,4.45958E+20,5.54351E+21,8.24527E+15,5.00414E+16
35568,6.17083E+18,6,4,32,16,2017,8,6,4,3,5,3,0,1,0,0,0,0,0,4.81054E+20,5.52E+21,8.73656E+15,4.98322E+16
35569,6.17083E+18,6,5,34,11,2017,8,14,4,3,3,2,1,1,0,0,0,0,0,4.93185E+20,5.63116E+21,8.90323E+15,5.08321E+16
35570,6.17091E+18,6,4,35,14,2017,9,21,7,2,2,7,0,1,0,0,0,2,0,4.92614E+20,5.55238E+21,8.89668E+15,5.01236E+16
35571,6.17083E+18,6,5,34,16,2017,8,13,4,3,3,2,1,1,0,0,0,0,0,5.0818E+20,5.63324E+21,9.1162E+15,5.08508E+16
35572,6.17091E+18,6,6,34,26,2017,9,0,7,3,9,1,0,1,0,0,0,2,1,5.13409E+20,5.63519E+21,9.19055E+15,5.08682E+16
35573,6.17083E+18,6,5,34,17,2017,8,4,4,3,2,2,0,1,0,0,1,2,0,4.96665E+20,5.6378E+21,8.95258E+15,5.08918E+16
35574,6.17091E+18,6,4,12,0,2017,9,11,1,3,2,6,0,1,0,0,0,0,0,4.68448E+20,5.55261E+21,8.55859E+15,5.01249E+16
35575,6.17091E+18,6,4,32,7,2017,9,15,4,3,1,7,0,1,0,0,1,0,0,4.86794E+20,5.51339E+21,8.8166E+15,4.97728E+16
35576,6.17091E+18,6,4,36,4,2017,9,18,1,2,8,1,0,0,0,1,0,0,0,4.58348E+20,5.53984E+21,8.4187E+15,5.00094E+16
35577,6.17091E+18,6,4,40,17,2017,9,7,4,3,5,3,0,1,0,0,0,0,0,4.88403E+20,5.56704E+21,8.83732E+15,5.02554E+16
35578,6.17083E+18,6,6,31,9,2017,8,15,4,2,5,2,1,1,0,0,0,0,0,5.48264E+20,5.60067E+21,9.68134E+15,5.05559E+16
35579,6.17083E+18,6,4,12,0,2017,8,20,4,3,2,6,0,1,0,0,0,1,0,4.82791E+20,5.55306E+21,8.75923E+15,5.01295E+16
35580,6.17083E+18,6,5,32,23,2017,8,19,4,3,2,2,0,1,0,0,0,0,0,4.63725E+20,5.59993E+21,8.48798E+15,5.05502E+16
35581,6.17083E+18,6,5,32,21,2017,8,17,4,2,5,3,0,1,0,0,0,0,0,4.58196E+20,5.59977E+21,8.40996E+15,5.05483E+16
35582,6.17091E+18,6,4,37,2,2017,9,19,7,3,9,1,0,1,0,0,0,1,1,4.9693E+20,5.49129E+21,8.95753E+15,4.95742E+16
35583,6.17083E+18,6,5,32,1,2017,8,7,4,3,5,2,1,1,0,0,0,0,0,4.61779E+20,5.60455E+21,8.46004E+15,5.05916E+16
35584,6.17091E+18,6,4,35,14,2017,9,5,1,1,2,6,0,1,0,0,0,2,0,4.92802E+20,5.55589E+21,8.89923E+15,5.01552E+16
35585,6.17091E+18,6,5,33,1,2017,9,15,1,3,5,3,0,1,0,0,0,0,0,4.38606E+20,5.59019E+21,8.13505E+15,5.04605E+16
35586,6.17091E+18,6,4,11,0,2017,9,11,2,3,3,6,0,1,0,0,1,0,0,4.71463E+20,5.52545E+21,8.6028E+15,4.98808E+16
35587,6.17083E+18,6,4,35,12,2017,8,13,4,3,3,6,0,1,0,0,1,0,0,5.05564E+20,5.55885E+21,9.07793E+15,5.01818E+16
35588,6.17083E+18,6,4,12,0,2017,8,11,4,3,2,6,0,1,0,0,0,0,0,4.69378E+20,5.54878E+21,8.57191E+15,5.00905E+16
35589,6.17091E+18,6,5,34,10,2017,9,19,4,3,1,6,0,0,0,1,1,0,0,4.70973E+20,5.62284E+21,8.58848E+15,5.07566E+16
35590,6.17083E+18,6,4,12,0,2017,8,17,4,3,2,6,0,1,0,0,0,0,0,4.67771E+20,5.55218E+21,8.54916E+15,5.0121E+16
35591,6.17083E+18,6,4,14,0,2017,8,13,4,3,2,6,0,1,0,0,0,0,0,4.46793E+20,5.54472E+21,8.25677E+15,5.00524E+16
35592,6.17091E+18,6,4,31,2,2017,9,11,4,2,4,3,0,1,0,0,0,0,1,4.71534E+20,5.50247E+21,8.60547E+15,4.96741E+16
35593,6.17083E+18,6,5,33,6,2017,8,12,4,3,2,6,0,1,0,0,1,0,0,4.30864E+20,5.58399E+21,8.02713E+15,5.04039E+16
35594,6.17083E+18,6,5,31,14,2017,8,18,4,3,2,6,0,1,0,0,0,0,0,4.81342E+20,5.59356E+21,8.73695E+15,5.04937E+16
35595,6.17083E+18,6,5,32,11,2017,8,7,4,3,9,1,0,1,0,0,1,0,0,4.41648E+20,5.62342E+21,8.17268E+15,5.07596E+16
35596,6.17083E+18,6,4,35,20,2017,8,14,3,3,5,3,0,1,0,0,1,0,0,5.00006E+20,5.55918E+21,9.00008E+15,5.01848E+16
35597,6.17083E+18,6,5,31,5,2017,8,7,3,3,0,1,1,0,0,0,0,0,0,4.7689E+20,5.60497E+21,8.67348E+15,5.05962E+16
35598,6.17083E+18,6,6,32,7,2017,8,12,3,2,5,3,1,1,0,0,0,0,0,5.50891E+20,5.63172E+21,9.72269E+15,5.08349E+16
35599,6.17083E+18,6,5,33,8,2017,8,16,3,3,5,3,0,1,0,0,0,0,0,4.40238E+20,5.57338E+21,8.16071E+15,5.03095E+16
35600,6.17083E+18,6,5,33,9,2017,8,18,3,3,5,3,0,1,0,0,0,0,0,4.33838E+20,5.58211E+21,8.06931E+15,5.03873E+16
35601,6.17083E+18,6,6,33,15,2017,8,23,3,3,5,3,0,1,0,0,0,2,0,5.41022E+20,5.68136E+21,9.58819E+15,5.12821E+16
35602,6.17083E+18,6,6,11,0,2017,8,14,3,3,6,2,0,1,1,0,0,0,0,5.34886E+20,5.6853E+21,9.5006E+15,5.13179E+16
35603,6.17083E+18,6,4,14,0,2017,8,19,3,2,3,6,1,0,0,0,1,0,0,4.45259E+20,5.54467E+21,8.23535E+15,5.00518E+16
35604,6.17083E+18,6,4,14,0,2017,8,9,3,3,6,4,0,1,1,0,0,0,0,4.45183E+20,5.54699E+21,8.23396E+15,5.00727E+16
35605,6.17083E+18,6,4,13,0,2017,8,15,3,3,6,4,1,0,1,0,0,0,0,4.82334E+20,5.54913E+21,8.75302E+15,5.00941E+16
35606,6.17083E+18,6,4,12,0,2017,8,16,3,3,5,3,1,1,0,0,0,0,0,4.73684E+20,5.55288E+21,8.63183E+15,5.01276E+16
35607,6.17083E+18,6,4,32,23,2017,8,13,3,3,2,6,0,1,0,0,0,0,0,4.72715E+20,5.52719E+21,8.6201E+15,4.98965E+16
35608,6.17083E+18,6,4,32,23,2017,8,6,3,3,2,6,0,1,0,1,0,0,0,4.72323E+20,5.52726E+21,8.61463E+15,4.98971E+16
35609,6.17083E+18,6,4,11,0,2017,8,17,3,3,5,2,1,1,0,0,0,0,0,4.74627E+20,5.52376E+21,8.64694E+15,4.98657E+16
35610,6.17083E+18,6,4,11,0,2017,8,13,3,3,5,3,1,1,0,0,0,0,0,4.75864E+20,5.52507E+21,8.66408E+15,4.98776E+16
35611,6.17083E+18,6,6,34,14,2017,8,21,3,3,3,6,1,1,0,0,1,2,0,5.35079E+20,5.67009E+21,9.50187E+15,5.11812E+16
35612,6.17083E+18,6,6,35,13,2017,8,13,3,2,9,1,0,0,0,1,0,0,0,4.96925E+20,5.65829E+21,8.9561E+15,5.10761E+16
35613,6.17083E+18,6,4,34,1,2017,8,14,3,3,8,7,0,0,0,1,0,0,0,4.70868E+20,5.56627E+21,8.59141E+15,5.02479E+16
35614,6.17083E+18,6,4,36,4,2017,8,18,3,3,6,4,0,1,1,0,0,0,0,4.5748E+20,5.54201E+21,8.40635E+15,5.00288E+16
35615,6.17083E+18,6,4,40,2,2017,8,8,3,3,3,6,1,0,0,0,1,0,0,4.79569E+20,5.58233E+21,8.71257E+15,5.03926E+16
35616,6.17083E+18,6,4,38,12,2017,8,13,3,3,0,6,1,0,0,0,1,0,0,4.85891E+20,5.53604E+21,8.80323E+15,4.99766E+16
35617,6.17091E+18,6,5,33,6,2017,9,12,7,3,2,6,0,1,0,0,0,0,0,4.31759E+20,5.58399E+21,8.03973E+15,5.0404E+16
35618,6.17083E+18,6,5,34,4,2017,8,21,3,2,5,3,1,1,0,0,0,2,0,4.6735E+20,5.63956E+21,8.53563E+15,5.09068E+16
35619,6.17091E+18,6,4,38,6,2017,9,8,7,3,5,2,0,1,0,0,0,0,1,4.74036E+20,5.53776E+21,8.63778E+15,4.99916E+16
35620,6.17083E+18,6,4,31,13,2017,8,17,3,3,2,6,0,1,0,0,0,0,0,4.6121E+20,5.49574E+21,8.46305E+15,4.96129E+16
35621,6.17091E+18,6,5,33,9,2017,9,2,7,3,8,1,0,1,0,0,0,2,1,4.35181E+20,5.58651E+21,8.08744E+15,5.0427E+16
35622,6.17091E+18,6,5,32,11,2017,9,18,1,2,9,1,0,1,0,0,0,0,0,4.44248E+20,5.62951E+21,8.20862E+15,5.08146E+16
35623,6.17091E+18,6,4,12,0,2017,9,18,1,3,2,6,0,1,0,0,0,0,0,4.76587E+20,5.55332E+21,8.67242E+15,5.01317E+16
35624,6.17091E+18,6,5,35,5,2017,9,23,4,2,9,1,0,1,0,0,0,2,0,5.097E+20,5.61429E+21,9.13729E+15,5.06803E+16
35625,6.17083E+18,6,4,31,15,2017,8,18,3,3,8,1,0,0,0,1,0,0,0,4.84673E+20,5.50354E+21,8.78752E+15,4.96842E+16
35626,6.17083E+18,6,4,33,11,2017,8,19,3,3,8,1,0,1,0,0,0,0,0,4.60787E+20,5.52366E+21,8.45438E+15,4.98641E+16
35627,6.17083E+18,6,5,34,9,2017,8,17,3,3,9,6,0,1,0,0,1,0,0,4.80858E+20,5.61678E+21,8.72894E+15,5.07026E+16
35628,6.17083E+18,6,5,32,23,2017,8,8,3,2,2,6,0,1,0,1,0,0,0,4.69193E+20,5.60058E+21,8.5651E+15,5.05564E+16
35629,6.17091E+18,6,5,34,1,2017,9,9,4,3,2,7,0,1,0,0,0,0,0,4.9334E+20,5.62802E+21,8.90548E+15,5.08039E+16
35630,6.17083E+18,6,5,32,14,2017,8,15,3,3,5,3,0,1,0,0,0,0,0,4.7076E+20,5.59632E+21,8.58755E+15,5.05181E+16
35631,6.17083E+18,6,5,31,10,2017,8,1,3,3,9,1,0,1,0,0,0,2,0,4.98432E+20,5.60015E+21,8.97786E+15,5.05532E+16
35632,6.17091E+18,6,5,34,15,2017,9,15,4,3,2,6,0,0,0,1,0,0,0,4.79271E+20,5.64231E+21,8.70502E+15,5.09321E+16
35633,6.17083E+18,6,4,38,11,2017,8,22,3,3,2,6,0,1,0,0,0,2,0,4.92424E+20,5.54099E+21,8.89425E+15,5.00212E+16
35634,6.17083E+18,6,4,12,0,2017,8,16,3,3,3,6,0,1,0,0,1,0,0,4.7972E+20,5.5458E+21,8.71665E+15,5.00642E+16
35635,6.17083E+18,6,4,12,0,2017,8,14,3,3,2,6,0,1,0,0,0,0,0,4.74679E+20,5.56105E+21,8.64521E+15,5.02011E+16
35636,6.17083E+18,6,4,36,9,2017,8,18,3,3,2,6,0,1,0,0,0,0,0,4.61236E+20,5.54577E+21,8.4584E+15,5.0063E+16
35637,6.17083E+18,6,4,14,0,2017,8,11,3,3,3,6,0,1,0,0,0,0,0,4.48311E+20,5.54462E+21,8.27799E+15,5.00516E+16
35638,6.17083E+18,6,4,36,9,2017,8,17,3,3,2,6,0,1,0,0,0,0,0,4.60914E+20,5.54543E+21,8.45394E+15,5.00598E+16
35639,6.17083E+18,6,4,32,23,2017,8,7,3,3,3,6,0,1,0,0,1,0,0,4.71689E+20,5.52725E+21,8.60581E+15,4.9897E+16
35640,6.17091E+18,6,5,32,23,2017,9,18,4,3,2,6,0,1,0,0,0,0,0,4.6464E+20,5.60126E+21,8.50077E+15,5.05622E+16
35641,6.17083E+18,6,5,31,5,2017,8,21,2,2,5,3,0,1,0,1,0,2,0,4.77452E+20,5.60477E+21,8.68143E+15,5.05944E+16
35642,6.17083E+18,6,6,35,21,2017,8,8,2,2,9,1,0,1,0,0,0,0,0,4.97532E+20,5.67792E+21,8.96464E+15,5.12526E+16
35643,6.17083E+18,6,6,11,0,2017,8,7,2,3,0,1,0,0,0,1,0,0,0,5.27429E+20,5.6888E+21,9.39386E+15,5.13498E+16
35644,6.17083E+18,6,6,11,0,2017,8,18,2,3,2,6,0,1,0,0,0,0,0,5.34425E+20,5.68449E+21,9.49391E+15,5.13107E+16
35645,6.17083E+18,6,4,14,0,2017,8,13,2,3,0,2,0,0,0,0,1,0,0,4.45665E+20,5.54383E+21,8.24114E+15,5.00443E+16
35646,6.17083E+18,6,4,14,0,2017,8,21,2,3,0,7,0,0,0,1,0,2,0,4.49919E+20,5.54396E+21,8.30053E+15,5.00458E+16
35647,6.17083E+18,6,4,13,0,2017,8,7,2,3,2,6,0,1,0,0,0,0,0,4.80986E+20,5.54645E+21,8.73431E+15,5.00701E+16
35648,6.17083E+18,6,4,36,11,2017,8,12,2,3,2,6,0,1,0,0,0,0,0,4.66448E+20,5.55611E+21,8.53031E+15,5.01562E+16
35649,6.17083E+18,6,4,12,0,2017,8,16,2,3,2,6,0,1,0,0,0,0,0,4.83125E+20,5.55327E+21,8.76389E+15,5.01314E+16
35650,6.17083E+18,6,4,12,0,2017,8,17,2,3,0,3,1,0,0,0,0,0,0,4.82715E+20,5.55303E+21,8.75817E+15,5.01292E+16
35651,6.17083E+18,6,4,12,0,2017,8,18,2,3,5,3,1,1,0,0,0,0,0,4.81244E+20,5.55216E+21,8.73763E+15,5.01214E+16
35652,6.17083E+18,6,6,35,8,2017,8,15,2,2,8,1,0,1,0,0,0,0,0,5.01838E+20,5.70304E+21,9.02647E+15,5.14785E+16
35653,6.17083E+18,6,6,34,14,2017,8,15,2,2,9,1,0,1,0,0,0,0,0,5.37796E+20,5.66494E+21,9.54021E+15,5.11347E+16
35654,6.17091E+18,6,4,35,18,2017,9,10,6,2,9,7,1,0,0,0,0,0,0,5.13734E+20,5.56012E+21,9.1924E+15,5.01931E+16
35655,6.17083E+18,6,6,33,3,2017,8,7,2,3,5,2,0,1,0,1,0,0,0,5.26865E+20,5.67723E+21,9.3849E+15,5.12458E+16
35656,6.17091E+18,6,6,34,4,2017,9,15,6,3,5,2,0,1,0,0,0,0,0,5.24392E+20,5.65309E+21,9.34783E+15,5.10289E+16
35657,6.17083E+18,6,4,39,14,2017,8,16,2,3,2,6,0,1,0,0,0,0,0,4.36549E+20,5.55193E+21,8.11249E+15,5.01163E+16
35658,6.17083E+18,6,4,39,5,2017,8,7,2,3,4,6,0,1,0,0,1,0,0,4.29341E+20,5.56086E+21,8.01004E+15,5.01957E+16
35659,6.17091E+18,6,6,31,4,2017,9,22,7,2,8,1,0,1,0,0,0,2,1,5.55786E+20,5.59271E+21,9.78632E+15,5.04838E+16
35660,6.17083E+18,6,4,38,10,2017,8,7,2,3,2,6,0,1,0,0,0,0,1,4.92201E+20,5.54641E+21,8.89102E+15,5.00699E+16
35661,6.17091E+18,6,4,12,0,2017,9,15,7,3,5,3,0,1,0,0,0,0,0,4.76138E+20,5.55514E+21,8.66602E+15,5.0148E+16
35662,6.17083E+18,6,4,34,9,2017,8,18,2,3,5,3,0,1,0,0,0,0,0,4.6202E+20,5.57206E+21,8.46674E+15,5.02994E+16
35663,6.17091E+18,6,6,31,23,2017,9,17,1,2,2,7,0,1,0,0,0,0,0,5.72524E+20,5.61007E+21,1.00256E+16,5.0638E+16
35664,6.17091E+18,6,4,12,0,2017,9,17,4,3,2,6,0,1,0,0,0,0,0,4.70427E+20,5.55365E+21,8.5862E+15,5.01343E+16