OBJECTID,UIDENTSTLA,ULAND,UREGBEZ,UKREIS,UGEMEINDE,UJAHR,UMONAT,USTUNDE,UWOCHENTAG,UKATEGORIE,UART,UTYP1,IstRad,IstPKW,IstFuss,IstKrad,IstSonstig,LICHT,STRZUSTAND,LINREFX,LINREFY,XGCSWGS84,YGCSWGS84
36014,6.17092E+18,6,4,32,18,2017,9,16,1,3,2,6,0,1,0,0,0,0,0,4.69599E+20,5.51771E+21,8.57745E+15,4.98111E+16
36015,6.17092E+18,6,5,35,1,2017,9,12,6,3,2,6,0,1,0,0,0,0,0,5.26733E+20,5.62418E+21,9.3791E+15,5.07688E+16
36016,6.17092E+18,6,4,12,0,2017,9,13,6,3,2,6,0,1,0,0,0,0,0,4.63077E+20,5.54893E+21,8.48382E+15,5.00915E+16
36017,6.17092E+18,6,4,12,0,2017,9,1,6,3,9,1,0,1,0,0,0,2,1,4.72596E+20,5.54891E+21,8.61688E+15,5.00918E+16
36018,6.17092E+18,6,4,31,2,2017,9,17,6,3,8,1,0,1,0,0,1,0,1,4.71185E+20,5.5021E+21,8.60066E+15,4.96707E+16
36019,6.17092E+18,6,4,32,18,2017,9,14,6,3,2,6,0,1,0,0,0,0,0,4.72413E+20,5.51427E+21,8.61681E+15,4.97802E+16
36020,6.17092E+18,6,4,11,0,2017,9,15,6,3,8,1,0,0,0,0,1,0,1,4.7331E+20,5.5185E+21,8.62898E+15,4.98184E+16
36021,6.17092E+18,6,4,40,18,2017,9,5,6,3,2,6,0,1,0,0,0,2,0,4.78835E+20,5.58293E+21,8.70221E+15,5.0398E+16
36022,6.17091E+18,6,5,31,2,2017,9,15,5,2,4,6,0,1,0,0,0,0,1,4.70807E+20,5.61184E+21,8.587E+15,5.06577E+16
36023,6.17091E+18,6,6,11,0,2017,9,7,5,2,5,2,0,1,0,0,1,0,1,5.3369E+20,5.68768E+21,9.48366E+15,5.13394E+16
36024,6.17091E+18,6,4,13,0,2017,9,21,5,3,5,3,0,1,0,0,0,2,1,4.84532E+20,5.55178E+21,8.78364E+15,5.0118E+16
36025,6.17091E+18,6,4,36,8,2017,9,8,5,3,5,2,0,1,0,0,0,0,1,4.61415E+20,5.55547E+21,8.45993E+15,5.01502E+16
36026,6.17091E+18,6,4,12,0,2017,9,16,5,3,5,3,1,1,0,0,0,0,1,4.66281E+20,5.5507E+21,8.52846E+15,5.01076E+16
36027,6.17093E+18,6,6,31,20,2017,9,15,2,3,5,3,0,1,0,1,0,0,0,5.52116E+20,5.60227E+21,9.73594E+15,5.057E+16
36028,6.17091E+18,6,4,12,0,2017,9,16,5,3,5,3,1,1,0,0,0,0,0,4.72553E+20,5.54987E+21,8.61622E+15,5.01004E+16
36029,6.17093E+18,6,5,32,5,2017,9,14,2,3,8,1,0,1,0,0,0,0,0,4.53543E+20,5.63163E+21,8.34027E+15,5.08345E+16
36030,6.17091E+18,6,4,12,0,2017,9,13,5,3,2,6,0,1,0,0,0,0,1,4.78999E+20,5.55489E+21,8.70607E+15,5.01458E+16
36031,6.17092E+18,6,4,33,10,2017,9,17,5,3,3,6,0,1,0,0,1,0,0,4.63827E+20,5.54027E+21,8.49511E+15,5.00136E+16
36032,6.17093E+18,6,5,35,12,2017,9,14,2,3,8,6,0,1,0,0,1,0,0,5.17074E+20,5.60359E+21,9.24118E+15,5.0584E+16
36033,6.17091E+18,6,4,12,0,2017,9,20,5,3,2,6,0,1,0,0,0,2,1,4.79141E+20,5.55271E+21,8.70818E+15,5.01263E+16
36034,6.17092E+18,6,4,11,0,2017,9,10,5,3,8,6,0,0,0,0,1,0,0,4.71185E+20,5.52283E+21,8.59912E+15,4.98572E+16
36035,6.17093E+18,6,5,32,1,2017,9,10,3,3,1,3,0,1,0,0,0,0,0,4.62152E+20,5.60416E+21,8.46534E+15,5.05881E+16
36036,6.17091E+18,6,4,12,0,2017,9,19,5,3,2,6,1,1,0,0,0,1,1,4.75824E+20,5.5508E+21,8.6619E+15,5.01089E+16
36037,6.17091E+18,6,4,37,2,2017,9,6,5,3,1,5,0,1,0,0,0,2,1,4.98224E+20,5.49028E+21,8.97543E+15,4.95651E+16
36038,6.17091E+18,6,4,11,0,2017,9,15,5,3,6,4,0,0,1,1,0,0,1,4.7395E+20,5.52319E+21,8.63756E+15,4.98605E+16
36039,6.17091E+18,6,6,34,5,2017,9,15,5,3,8,1,0,0,0,1,0,0,0,5.20145E+20,5.66772E+21,9.28808E+15,5.11606E+16
36040,6.17091E+18,6,4,39,5,2017,9,16,5,3,9,1,0,1,0,0,0,0,1,4.25011E+20,5.55801E+21,7.94994E+15,5.01695E+16
36041,6.17091E+18,6,4,39,15,2017,9,13,5,3,2,5,0,1,0,0,0,0,0,4.39982E+20,5.55487E+21,8.16004E+15,5.01431E+16
36042,6.17091E+18,6,4,38,13,2017,9,19,5,3,5,2,0,1,0,0,0,2,1,4.99535E+20,5.54226E+21,8.9935E+15,5.00326E+16
36043,6.17091E+18,6,4,38,9,2017,9,19,5,3,5,2,0,1,0,0,0,2,1,4.72733E+20,5.54205E+21,8.61929E+15,5.00301E+16
36044,6.17091E+18,6,4,34,8,2017,9,20,5,3,5,2,0,1,0,0,0,1,1,4.69353E+20,5.56212E+21,8.57049E+15,5.02104E+16
36045,6.17091E+18,6,4,34,8,2017,9,12,5,3,2,6,0,1,0,0,0,0,1,4.71023E+20,5.56015E+21,8.59404E+15,5.01929E+16
36046,6.17092E+18,6,4,35,12,2017,9,16,1,1,8,1,0,0,0,1,0,0,0,5.11937E+20,5.56678E+21,9.16744E+15,5.02531E+16
36047,6.17091E+18,6,4,34,5,2017,9,14,5,3,2,6,0,1,0,0,1,0,1,4.62537E+20,5.55874E+21,8.4753E+15,5.01797E+16
36048,6.17092E+18,6,5,32,23,2017,9,11,5,2,2,6,0,1,0,0,0,0,0,4.63612E+20,5.60506E+21,8.48587E+15,5.05963E+16
36049,6.17093E+18,6,6,32,19,2017,9,16,2,3,5,2,0,1,0,1,0,0,0,5.59473E+20,5.62995E+21,9.84427E+15,5.08182E+16
36050,6.17093E+18,6,5,32,23,2017,9,16,3,3,5,3,0,1,0,0,0,0,0,4.65013E+20,5.60579E+21,8.50561E+15,5.06029E+16
36051,6.17093E+18,6,4,35,26,2017,9,10,3,3,8,1,1,0,0,0,0,0,0,4.88018E+20,5.56211E+21,8.83208E+15,5.02111E+16
36052,6.17092E+18,6,6,35,15,2017,9,2,4,2,8,1,0,1,0,0,0,2,1,4.96181E+20,5.68255E+21,8.94523E+15,5.12943E+16
36053,6.17093E+18,6,6,11,0,2017,9,19,3,3,5,2,1,1,0,0,0,2,0,5.32768E+20,5.6853E+21,9.47021E+15,5.13181E+16
36054,6.17092E+18,6,6,34,11,2017,9,10,4,3,4,6,0,1,0,0,1,0,1,5.3651E+20,5.65479E+21,9.52079E+15,5.10435E+16
36055,6.17093E+18,6,5,34,9,2017,9,22,4,3,8,1,0,1,0,0,0,2,0,4.80359E+20,5.615E+21,8.72196E+15,5.06865E+16
36056,6.17092E+18,6,4,14,0,2017,9,15,6,3,2,6,0,1,0,1,1,0,0,4.4786E+20,5.54469E+21,8.27167E+15,5.00522E+16
36057,6.17092E+18,6,6,31,9,2017,9,10,6,3,2,6,0,1,0,0,0,0,0,5.48468E+20,5.60003E+21,9.68414E+15,5.05502E+16
36058,6.17092E+18,6,4,31,11,2017,9,19,6,3,2,6,0,1,0,0,0,1,0,4.73748E+20,5.49896E+21,8.63638E+15,4.96426E+16
36059,6.17092E+18,6,4,12,0,2017,9,19,7,3,3,2,1,1,0,0,0,1,0,4.78323E+20,5.55381E+21,8.69667E+15,5.01361E+16
36060,6.17092E+18,6,5,35,4,2017,9,10,7,3,5,2,0,1,0,0,0,0,0,5.27392E+20,5.5908E+21,9.38598E+15,5.04685E+16
36061,6.17091E+18,6,4,31,7,2017,9,7,5,3,5,3,0,1,0,0,0,0,1,4.84636E+20,5.50044E+21,8.78713E+15,4.96563E+16
36062,6.17091E+18,6,4,31,11,2017,9,16,5,3,8,1,0,1,0,0,0,0,1,4.76341E+20,5.49934E+21,8.67228E+15,4.96461E+16
36063,6.17091E+18,6,4,35,1,2017,9,19,5,3,8,1,0,1,0,0,0,1,1,5.23116E+20,5.56492E+21,9.32414E+15,5.0236E+16
36064,6.17091E+18,6,4,35,9,2017,9,18,5,2,4,1,0,1,0,0,0,0,1,5.09231E+20,5.55518E+21,9.1292E+15,5.01488E+16
36065,6.17091E+18,6,4,40,1,2017,9,7,5,3,5,3,0,1,0,0,0,0,1,4.9753E+20,5.57086E+21,8.96532E+15,5.02899E+16
36066,6.17091E+18,6,4,37,3,2017,9,16,5,3,9,1,0,0,0,1,0,0,0,4.9028E+20,5.51474E+21,8.86497E+15,4.97851E+16
36067,6.17091E+18,6,5,32,6,2017,9,7,5,3,0,1,0,0,0,1,0,0,1,4.50131E+20,5.61947E+21,8.29348E+15,5.07249E+16
36068,6.17091E+18,6,4,38,1,2017,9,6,5,3,2,6,0,1,0,0,0,1,1,4.86387E+20,5.53951E+21,8.81003E+15,5.00077E+16
36069,6.17091E+18,6,4,32,7,2017,9,16,5,3,8,3,0,1,0,0,0,0,1,4.86347E+20,5.51433E+21,8.81035E+15,4.97813E+16
36070,6.17091E+18,6,4,40,8,2017,9,15,5,3,2,6,0,1,0,0,0,0,0,4.81143E+20,5.5754E+21,8.73506E+15,5.03304E+16
36071,6.17091E+18,6,4,40,17,2017,9,13,5,3,2,2,0,1,0,0,0,0,1,4.8559E+20,5.56996E+21,8.79775E+15,5.02816E+16
36072,6.17091E+18,6,4,31,8,2017,9,17,5,3,4,6,0,1,0,0,0,0,1,4.79186E+20,5.48737E+21,8.71232E+15,4.95386E+16
36073,6.17091E+18,6,4,31,13,2017,9,16,5,2,9,1,0,1,0,0,0,0,1,4.63851E+20,5.4926E+21,8.49989E+15,4.95849E+16
36074,6.17091E+18,6,4,31,13,2017,9,10,5,3,5,3,0,1,0,0,0,0,1,4.56401E+20,5.49988E+21,8.39602E+15,4.96499E+16
36075,6.17091E+18,6,4,31,13,2017,9,7,5,3,5,3,1,1,0,0,0,0,1,4.61529E+20,5.49362E+21,8.46766E+15,4.9594E+16
36076,6.17091E+18,6,4,33,12,2017,9,13,5,2,2,6,0,1,0,0,0,0,1,4.60483E+20,5.53394E+21,8.4491E+15,4.99565E+16
36077,6.17091E+18,6,5,34,14,2017,9,12,5,3,9,1,0,1,0,0,0,0,1,4.83876E+20,5.63198E+21,8.77101E+15,5.08393E+16
36078,6.17091E+18,6,6,31,13,2017,9,17,5,2,8,1,0,1,0,0,0,0,1,5.5979E+20,5.60685E+21,9.84503E+15,5.06104E+16
36079,6.17091E+18,6,6,31,9,2017,9,0,5,2,5,3,0,1,0,0,0,2,1,5.48358E+20,5.59814E+21,9.68233E+15,5.05332E+16
36080,6.17091E+18,6,4,35,14,2017,9,16,5,3,2,3,0,1,0,0,0,0,0,4.94266E+20,5.55297E+21,8.91978E+15,5.01289E+16
36081,6.17091E+18,6,4,12,0,2017,9,7,5,3,3,6,0,1,0,1,0,0,1,4.83299E+20,5.55638E+21,8.76619E+15,5.01594E+16
36082,6.17091E+18,6,5,31,1,2017,9,18,5,2,9,1,0,1,0,0,0,0,1,4.87116E+20,5.61146E+21,8.81774E+15,5.06548E+16
36083,6.17091E+18,6,5,31,4,2017,9,11,5,3,8,1,0,1,0,0,0,0,1,4.85629E+20,5.60201E+21,8.79707E+15,5.05699E+16
36084,6.17091E+18,6,4,35,14,2017,9,16,5,3,2,6,0,1,0,0,1,0,1,4.95256E+20,5.55137E+21,8.93365E+15,5.01145E+16
36085,6.17093E+18,6,5,35,14,2017,9,15,2,2,4,6,0,1,0,0,1,0,0,5.15836E+20,5.61651E+21,9.22424E+15,5.07002E+16
36086,6.17091E+18,6,4,35,7,2017,9,6,5,3,2,6,0,1,0,0,0,1,1,4.99823E+20,5.55486E+21,8.99753E+15,5.01459E+16
36087,6.17093E+18,6,6,33,18,2017,9,16,2,2,2,6,0,0,0,1,1,0,0,5.15023E+20,5.67209E+21,9.21503E+15,5.12E+16
36088,6.17093E+18,6,4,36,9,2017,9,15,3,3,9,1,0,0,0,1,0,0,0,4.61903E+20,5.54643E+21,8.46766E+15,5.0069E+16
36089,6.17092E+18,6,5,33,3,2017,9,21,4,2,0,1,1,0,0,0,0,2,0,4.48164E+20,5.57147E+21,8.27227E+15,5.02931E+16
36090,6.17093E+18,6,4,32,1,2017,9,17,3,3,5,3,0,1,0,0,1,0,0,4.72724E+20,5.51032E+21,8.62141E+15,4.97448E+16
36091,6.17092E+18,6,5,33,16,2017,9,11,4,3,5,3,0,1,0,0,0,0,1,4.35626E+20,5.59708E+21,8.09188E+15,5.05221E+16
36092,6.17093E+18,6,4,11,0,2017,9,18,3,3,0,3,0,1,0,1,0,0,0,4.74413E+20,5.52524E+21,8.64387E+15,4.9879E+16
36093,6.17092E+18,6,6,33,15,2017,9,16,4,3,5,2,1,1,0,0,0,0,0,5.4402E+20,5.68159E+21,9.6312E+15,5.12839E+16
36094,6.17092E+18,6,4,38,5,2017,9,12,6,3,2,6,0,1,0,0,1,0,0,4.87059E+20,5.54618E+21,8.81917E+15,5.00678E+16
36095,6.17092E+18,6,4,37,9,2017,9,15,7,3,8,1,0,0,0,1,0,0,0,5.01486E+20,5.51444E+21,9.02064E+15,4.97824E+16
36096,6.17092E+18,6,6,32,18,2017,9,12,7,2,8,1,0,0,0,1,0,0,0,5.49338E+20,5.64907E+21,9.703E+15,5.09911E+16
36097,6.17092E+18,6,4,14,0,2017,9,13,7,3,2,6,0,1,0,0,0,0,0,4.45778E+20,5.54419E+21,8.24267E+15,5.00475E+16
36098,6.17092E+18,6,6,32,15,2017,9,16,1,3,2,6,0,1,0,0,0,0,0,5.38979E+20,5.6298E+21,9.55334E+15,5.08186E+16
36099,6.17091E+18,6,6,31,8,2017,9,9,5,2,8,1,0,1,0,0,0,0,1,5.39282E+20,5.58323E+21,9.55272E+15,5.03998E+16
36100,6.17091E+18,6,6,31,6,2017,9,11,5,3,8,1,0,1,0,0,0,0,1,5.50699E+20,5.59115E+21,9.71442E+15,5.04702E+16
36101,6.17091E+18,6,5,35,13,2017,9,12,5,2,9,1,0,1,0,0,0,0,1,4.99293E+20,5.61022E+21,8.99E+15,5.06438E+16
36102,6.17091E+18,6,4,12,0,2017,9,11,5,3,3,6,0,1,0,0,1,0,1,4.717E+20,5.54468E+21,8.60468E+15,5.00537E+16
36103,6.17091E+18,6,4,12,0,2017,9,17,5,3,2,6,0,1,0,0,0,0,1,4.79961E+20,5.54584E+21,8.72001E+15,5.00645E+16
36104,6.17092E+18,6,6,34,8,2017,9,6,6,3,0,6,0,1,0,0,0,1,0,5.34769E+20,5.67158E+21,9.49758E+15,5.11946E+16
36105,6.17092E+18,6,5,34,11,2017,9,4,1,3,8,1,0,1,0,0,0,2,0,4.89546E+20,5.62915E+21,8.85161E+15,5.0814E+16
36106,6.17091E+18,6,4,33,4,2017,9,15,5,3,2,6,0,1,0,0,0,0,1,4.67092E+20,5.50952E+21,8.5433E+15,4.97373E+16
36107,6.17091E+18,6,4,33,10,2017,9,3,5,3,8,1,0,1,0,0,0,2,1,4.63817E+20,5.54024E+21,8.49499E+15,5.00134E+16
36108,6.17091E+18,6,5,31,5,2017,9,20,4,3,5,2,0,1,0,1,0,2,0,4.78086E+20,5.6037E+21,8.69045E+15,5.05848E+16
36109,6.17091E+18,6,6,35,19,2017,9,13,4,3,8,1,0,1,0,0,0,0,1,4.94978E+20,5.67252E+21,8.92811E+15,5.12041E+16
36110,6.17091E+18,6,6,32,14,2017,9,8,4,2,4,6,0,1,0,0,1,0,1,5.42377E+20,5.63905E+21,9.60265E+15,5.09015E+16
36111,6.17091E+18,6,5,33,9,2017,9,7,4,3,2,6,0,1,0,0,0,0,1,4.34535E+20,5.58074E+21,8.07936E+15,5.03751E+16
36112,6.17091E+18,6,6,33,8,2017,9,12,4,3,8,1,0,1,0,0,0,0,1,5.34566E+20,5.67797E+21,9.49529E+15,5.1252E+16
36113,6.17091E+18,6,6,11,0,2017,9,17,4,3,2,7,0,1,0,0,0,0,0,5.34772E+20,5.6866E+21,9.49909E+15,5.13296E+16
36114,6.17091E+18,6,6,11,0,2017,9,14,4,3,1,5,0,1,0,0,0,0,1,5.35124E+20,5.68674E+21,9.50415E+15,5.13309E+16
36115,6.17091E+18,6,4,14,0,2017,9,21,4,3,3,6,0,1,0,0,1,2,1,4.45082E+20,5.54752E+21,8.23247E+15,5.00774E+16
36116,6.17091E+18,6,4,13,0,2017,9,18,4,3,4,6,0,1,0,0,0,1,1,4.84203E+20,5.5476E+21,8.77921E+15,5.00805E+16
36117,6.17091E+18,6,4,12,0,2017,9,12,4,3,5,3,0,1,0,0,0,0,1,4.65937E+20,5.5511E+21,8.5236E+15,5.01112E+16
36118,6.17093E+18,6,4,33,12,2017,9,15,2,3,3,6,0,1,0,0,0,0,0,4.61801E+20,5.53536E+21,8.46734E+15,4.99694E+16
36119,6.17091E+18,6,4,12,0,2017,9,23,4,3,5,2,0,1,0,0,0,2,1,4.7614E+20,5.55514E+21,8.66605E+15,5.0148E+16
36120,6.17093E+18,6,6,31,13,2017,9,21,2,3,8,1,0,1,0,0,1,2,1,5.62372E+20,5.60611E+21,9.88139E+15,5.06035E+16
36121,6.17091E+18,6,4,12,0,2017,9,16,4,3,5,3,0,1,0,0,0,0,0,4.76042E+20,5.55026E+21,8.66498E+15,5.01041E+16
36122,6.17093E+18,6,6,35,6,2017,9,20,2,3,2,6,0,1,0,0,1,2,0,4.84579E+20,5.65292E+21,8.7801E+15,5.10277E+16
36123,6.17092E+18,6,6,11,0,2017,9,15,4,3,2,6,0,1,0,0,0,0,0,5.35628E+20,5.68672E+21,9.51139E+15,5.13307E+16
36124,6.17093E+18,6,6,32,16,2017,9,13,2,3,6,4,0,1,1,0,0,0,0,5.66607E+20,5.63427E+21,9.94631E+15,5.08563E+16
36125,6.17091E+18,6,4,37,1,2017,9,5,4,3,5,3,0,1,0,0,0,2,0,5.00144E+20,5.51065E+21,9.002E+15,4.97484E+16
36126,6.17092E+18,6,4,12,0,2017,9,8,4,3,2,6,0,1,0,0,0,0,0,4.73526E+20,5.5596E+21,8.62914E+15,5.0188E+16
36127,6.17093E+18,6,5,32,23,2017,9,20,3,2,8,6,0,1,0,0,1,2,0,4.67779E+20,5.60033E+21,8.54515E+15,5.0554E+16
36128,6.17092E+18,6,4,12,0,2017,9,17,4,3,3,2,1,1,0,0,0,0,0,4.7815E+20,5.55081E+21,8.69442E+15,5.01092E+16
36129,6.17092E+18,6,4,12,0,2017,9,15,4,3,5,2,0,1,0,0,0,0,1,4.7741E+20,5.55332E+21,8.68393E+15,5.01317E+16
36130,6.17092E+18,6,4,32,23,2017,9,17,4,2,2,6,0,1,0,0,0,0,1,4.72226E+20,5.52882E+21,8.61317E+15,4.99111E+16
36131,6.17092E+18,6,6,33,26,2017,9,13,6,3,2,6,0,1,0,0,0,0,0,5.33405E+20,5.68972E+21,9.47976E+15,5.13577E+16
36132,6.17092E+18,6,4,31,13,2017,9,23,7,3,9,6,0,1,0,0,0,2,0,4.6822E+20,5.49364E+21,8.56025E+15,4.95945E+16
36133,6.17093E+18,6,6,34,7,2017,9,13,2,2,5,3,0,1,0,0,1,0,0,5.2589E+20,5.67057E+21,9.37044E+15,5.1186E+16
36134,6.17093E+18,6,6,34,9,2017,9,18,2,3,8,6,0,1,0,0,0,1,1,5.33136E+20,5.65355E+21,9.47256E+15,5.10325E+16
36135,6.17093E+18,6,6,31,16,2017,9,1,3,1,8,1,0,1,0,0,0,2,1,5.50162E+20,5.58455E+21,9.70597E+15,5.04108E+16
36136,6.17092E+18,6,4,37,13,2017,9,9,4,3,2,2,0,1,0,0,1,0,0,4.8901E+20,5.50844E+21,8.84751E+15,4.97284E+16
36137,6.17093E+18,6,4,39,15,2017,9,18,3,2,9,7,0,1,0,0,0,0,0,4.36527E+20,5.56032E+21,8.1108E+15,5.01917E+16
36138,6.17092E+18,6,4,11,0,2017,9,7,4,2,0,1,1,0,0,0,0,0,0,4.74421E+20,5.52529E+21,8.64397E+15,4.98795E+16
36139,6.17093E+18,6,5,31,9,2017,9,16,4,3,2,6,0,1,0,0,0,0,0,4.77512E+20,5.59418E+21,8.68293E+15,5.04992E+16
36140,6.17092E+18,6,6,32,18,2017,9,15,4,3,2,2,0,1,0,0,0,0,0,5.51594E+20,5.64903E+21,9.73514E+15,5.09906E+16
36141,6.17093E+18,6,4,32,19,2017,9,9,4,3,2,2,0,1,0,0,0,0,0,4.85656E+20,5.52202E+21,8.80046E+15,4.98505E+16
36142,6.17092E+18,6,4,12,0,2017,9,15,6,3,2,6,0,1,0,0,0,0,0,4.66814E+20,5.55168E+21,8.53582E+15,5.01164E+16
36143,6.17092E+18,6,4,33,1,2017,9,17,6,3,3,6,1,1,0,0,0,0,0,4.64257E+20,5.515E+21,8.50346E+15,4.97864E+16
36144,6.17092E+18,6,4,13,0,2017,9,20,7,3,5,3,0,1,0,0,0,2,0,4.85047E+20,5.54947E+21,8.79093E+15,5.00973E+16
36145,6.17092E+18,6,5,31,3,2017,9,15,7,3,2,6,0,1,0,1,0,0,0,4.84521E+20,5.60633E+21,8.78124E+15,5.06086E+16
36146,6.17091E+18,6,4,11,0,2017,9,17,4,3,3,6,0,1,0,0,0,0,1,4.74733E+20,5.52465E+21,8.64836E+15,4.98737E+16
36147,6.17091E+18,6,6,34,26,2017,9,12,4,2,4,1,0,1,0,0,0,0,0,5.14331E+20,5.63637E+21,9.20371E+15,5.08788E+16
36148,6.17091E+18,6,6,11,0,2017,9,18,4,3,2,2,0,1,0,0,0,0,0,5.30777E+20,5.68481E+21,9.44159E+15,5.13138E+16
36149,6.17091E+18,6,4,34,13,2017,9,16,4,3,0,7,0,1,0,0,0,0,0,4.56364E+20,5.57984E+21,8.38642E+15,5.0369E+16
36150,6.17091E+18,6,4,34,8,2017,9,20,4,3,5,3,0,1,0,1,0,2,1,4.69839E+20,5.56169E+21,8.57733E+15,5.02066E+16
36151,6.17091E+18,6,4,34,6,2017,9,8,4,2,5,3,1,1,0,0,0,0,1,4.66651E+20,5.55838E+21,8.53295E+15,5.01767E+16
36152,6.17091E+18,6,4,34,1,2017,9,21,4,3,5,2,0,1,0,0,0,2,1,4.77329E+20,5.56304E+21,8.68221E+15,5.02191E+16
36153,6.17091E+18,6,4,36,7,2017,9,7,4,3,2,6,0,1,0,0,0,1,1,4.54886E+20,5.54513E+21,8.36976E+15,5.00567E+16
36154,6.17091E+18,6,4,36,2,2017,9,20,4,3,5,2,0,1,0,0,0,2,1,4.52967E+20,5.55433E+21,8.34182E+15,5.01394E+16
36155,6.17091E+18,6,4,35,5,2017,9,17,4,3,2,6,0,1,0,0,0,0,1,5.20899E+20,5.57309E+21,9.2935E+15,5.03095E+16
36156,6.17091E+18,6,5,32,10,2017,9,6,4,3,8,1,0,1,0,0,0,0,1,4.40847E+20,5.60314E+21,8.16456E+15,5.05772E+16
36157,6.17091E+18,6,5,32,11,2017,9,8,4,2,8,1,0,1,0,0,1,0,1,4.41397E+20,5.62384E+21,8.16905E+15,5.07634E+16
36158,6.17091E+18,6,4,38,1,2017,9,7,4,3,2,6,0,1,0,0,0,0,1,4.83379E+20,5.54188E+21,8.76794E+15,5.0029E+16
36159,6.17092E+18,6,4,36,8,2017,9,15,1,3,2,6,0,1,0,0,0,0,0,4.62434E+20,5.55304E+21,8.47442E+15,5.01284E+16
36160,6.17091E+18,6,4,11,0,2017,9,21,4,3,5,3,0,1,0,0,0,2,1,4.7405E+20,5.51667E+21,8.63939E+15,4.98019E+16
36161,6.17092E+18,6,6,32,15,2017,9,9,1,3,0,7,0,1,0,0,0,0,0,5.42416E+20,5.62771E+21,9.60189E+15,5.07996E+16
36162,6.17091E+18,6,4,32,20,2017,9,20,4,3,4,1,0,1,0,0,0,2,1,4.83067E+20,5.52454E+21,8.76434E+15,4.9873E+16
36163,6.17093E+18,6,4,38,13,2017,9,7,2,3,3,5,0,1,0,0,0,0,0,5.01073E+20,5.53787E+21,9.01496E+15,4.99931E+16
36164,6.17091E+18,6,5,34,10,2017,9,11,4,3,4,1,0,1,0,0,0,0,1,4.68292E+20,5.62784E+21,8.55004E+15,5.08015E+16
36165,6.17092E+18,6,4,39,3,2017,9,17,4,3,7,7,0,1,0,0,1,0,0,4.36028E+20,5.54144E+21,8.10696E+15,5.00219E+16
36166,6.17093E+18,6,4,40,23,2017,9,17,2,3,2,6,0,1,0,0,0,0,0,4.78457E+20,5.57266E+21,8.69747E+15,5.03057E+16
36167,6.17091E+18,6,4,31,21,2017,9,11,4,3,3,6,0,1,0,0,1,0,1,4.8537E+20,5.49189E+21,8.79762E+15,4.95794E+16
36168,6.17091E+18,6,5,34,11,2017,9,15,4,3,2,6,0,1,0,0,1,0,0,4.97682E+20,5.63038E+21,8.96709E+15,5.08251E+16
36169,6.17092E+18,6,4,38,9,2017,9,8,4,3,2,6,0,1,0,0,0,0,0,4.81998E+20,5.54467E+21,8.74852E+15,5.00541E+16
36170,6.17093E+18,6,4,12,0,2017,9,8,2,3,6,4,0,1,1,0,0,0,0,4.746E+20,5.54946E+21,8.64487E+15,5.00969E+16
36171,6.17091E+18,6,5,34,6,2017,9,14,4,3,5,3,1,1,0,0,0,0,0,4.8505E+20,5.63323E+21,8.78763E+15,5.08506E+16
36172,6.17092E+18,6,4,36,6,2017,9,12,4,3,2,4,0,1,1,0,0,0,0,4.54065E+20,5.54047E+21,8.35885E+15,5.00148E+16
36173,6.17091E+18,6,5,34,14,2017,9,11,4,3,3,6,1,0,0,0,0,0,1,4.83083E+20,5.63187E+21,8.75975E+15,5.08383E+16
36174,6.17092E+18,6,4,36,6,2017,9,21,4,3,2,6,0,1,0,0,0,2,0,4.55212E+20,5.5446E+21,8.37438E+15,5.0052E+16
36175,6.17092E+18,6,4,31,11,2017,9,10,4,3,2,6,0,1,0,0,0,0,0,4.73732E+20,5.50036E+21,8.63606E+15,4.96552E+16
36176,6.17091E+18,6,5,34,14,2017,9,10,4,3,8,7,0,1,0,0,0,0,0,4.83347E+20,5.6301E+21,8.76358E+15,5.08223E+16
36177,6.17091E+18,6,6,31,14,2017,9,13,4,3,5,3,0,1,0,0,0,0,1,5.34739E+20,5.59909E+21,9.49028E+15,5.05427E+16
36178,6.17093E+18,6,4,13,0,2017,9,17,2,3,3,6,0,1,0,0,1,0,0,4.81067E+20,5.5458E+21,8.73546E+15,5.00642E+16
36179,6.17091E+18,6,4,35,17,2017,9,17,4,3,9,1,0,1,0,0,1,0,1,5.0388E+20,5.55827E+21,9.05434E+15,5.01766E+16
36180,6.17093E+18,6,4,32,13,2017,9,7,2,3,7,7,0,1,0,0,0,2,0,4.80507E+20,5.51033E+21,8.72944E+15,4.97451E+16
36181,6.17091E+18,6,6,32,17,2017,9,7,4,3,9,1,0,1,0,0,0,1,1,5.62269E+20,5.6403E+21,9.88572E+15,5.0911E+16
36182,6.17093E+18,6,4,12,0,2017,9,16,2,3,3,6,0,0,0,1,1,0,0,4.80426E+20,5.55048E+21,8.72627E+15,5.01063E+16
36183,6.17092E+18,6,4,32,4,2017,9,10,4,3,5,2,0,1,0,1,0,0,0,4.88445E+20,5.52772E+21,8.8391E+15,4.99018E+16
36184,6.17093E+18,6,4,13,0,2017,9,18,3,3,2,6,0,1,0,0,0,0,0,4.84866E+20,5.54615E+21,8.78854E+15,5.00675E+16
36185,6.17091E+18,6,6,32,14,2017,9,7,4,3,2,6,0,0,0,0,1,1,1,5.39584E+20,5.64077E+21,9.56312E+15,5.09172E+16
36186,6.17092E+18,6,4,32,10,2017,9,6,4,3,7,7,0,1,0,0,0,2,0,4.93951E+20,5.52368E+21,8.91583E+15,4.98655E+16
36187,6.17093E+18,6,4,40,6,2017,9,15,3,2,8,1,0,1,0,0,0,0,0,4.89861E+20,5.58392E+21,8.85732E+15,5.04073E+16