OBJECTID,UIDENTSTLA,ULAND,UREGBEZ,UKREIS,UGEMEINDE,UJAHR,UMONAT,USTUNDE,UWOCHENTAG,UKATEGORIE,UART,UTYP1,IstRad,IstPKW,IstFuss,IstKrad,IstSonstig,LICHT,STRZUSTAND,LINREFX,LINREFY,XGCSWGS84,YGCSWGS84
36188,6.17092E+18,6,4,31,8,2017,9,6,4,1,6,4,0,1,1,0,0,1,0,4.80043E+20,5.48682E+21,8.7242E+15,4.95337E+16
36189,6.17093E+18,6,4,14,0,2017,9,16,3,3,5,3,0,1,0,0,1,0,0,4.45354E+20,5.54807E+21,8.23619E+15,5.00824E+16
36190,6.17092E+18,6,4,31,13,2017,9,15,4,2,5,3,0,1,0,0,0,0,0,4.61182E+20,5.49494E+21,8.46274E+15,4.96058E+16
36191,6.17092E+18,6,4,31,11,2017,9,17,7,2,7,7,0,0,0,1,0,1,0,4.76241E+20,5.49805E+21,8.67096E+15,4.96346E+16
36192,6.17092E+18,6,6,33,29,2017,9,13,7,3,8,1,0,0,0,1,0,0,0,5.16605E+20,5.69415E+21,9.23869E+15,5.13983E+16
36193,6.17092E+18,6,5,33,14,2017,9,14,7,3,7,7,0,1,0,0,0,0,0,4.49464E+20,5.57918E+21,8.28949E+15,5.03626E+16
36194,6.17092E+18,6,4,33,12,2017,9,2,1,3,5,3,1,0,0,0,1,2,0,4.59348E+20,5.53661E+21,8.433E+15,4.99804E+16
36195,6.17091E+18,6,4,12,0,2017,9,14,4,3,8,1,0,1,0,0,0,0,1,4.76391E+20,5.55676E+21,8.66946E+15,5.01626E+16
36196,6.17091E+18,6,4,11,0,2017,9,6,4,3,2,6,0,1,0,0,1,1,1,4.73335E+20,5.51864E+21,8.62931E+15,4.98196E+16
36197,6.17091E+18,6,4,35,7,2017,9,9,3,2,5,3,1,1,0,0,0,0,0,4.99651E+20,5.55566E+21,8.99511E+15,5.01532E+16
36198,6.17091E+18,6,5,31,5,2017,9,16,3,2,9,1,0,1,0,0,0,0,1,4.81248E+20,5.61033E+21,8.73478E+15,5.06445E+16
36199,6.17091E+18,6,6,35,19,2017,9,10,3,2,4,1,0,1,0,0,0,0,1,4.95364E+20,5.67238E+21,8.93364E+15,5.12028E+16
36200,6.17091E+18,6,6,35,21,2017,9,7,3,3,9,1,0,1,0,0,0,1,1,5.00194E+20,5.68171E+21,9.00279E+15,5.12867E+16
36201,6.17091E+18,6,5,33,9,2017,9,8,3,3,2,6,0,1,0,0,0,0,1,4.34085E+20,5.58381E+21,8.07249E+15,5.04026E+16
36202,6.17091E+18,6,4,14,0,2017,9,12,3,2,0,2,0,0,0,0,1,0,0,4.52906E+20,5.54541E+21,8.34207E+15,5.00591E+16
36203,6.17091E+18,6,4,14,0,2017,9,21,3,2,4,6,0,1,0,0,0,2,1,4.41413E+20,5.55144E+21,8.1806E+15,5.01123E+16
36204,6.17091E+18,6,4,12,0,2017,9,20,3,3,2,6,0,1,0,0,0,2,0,4.77923E+20,5.54993E+21,8.6913E+15,5.01012E+16
36205,6.17091E+18,6,4,37,11,2017,9,15,3,3,5,7,0,1,0,1,1,0,0,4.99886E+20,5.50563E+21,8.99841E+15,4.97032E+16
36206,6.17091E+18,6,4,37,11,2017,9,10,3,3,5,3,0,1,0,0,0,0,0,5.00013E+20,5.50282E+21,9.00019E+15,4.96779E+16
36207,6.17091E+18,6,4,37,11,2017,9,19,3,3,9,1,0,1,0,0,0,0,0,4.95925E+20,5.5064E+21,8.94348E+15,4.97101E+16
36208,6.17091E+18,6,4,11,0,2017,9,15,3,3,3,2,0,0,0,1,1,0,0,4.74638E+20,5.52371E+21,8.6471E+15,4.98653E+16
36209,6.17091E+18,6,6,33,6,2017,9,16,3,2,2,6,0,1,0,0,0,0,0,5.16483E+20,5.68179E+21,9.23637E+15,5.12872E+16
36210,6.17092E+18,6,4,32,11,2017,9,10,1,3,5,3,1,1,0,0,0,0,0,4.87253E+20,5.52451E+21,8.82261E+15,4.98728E+16
36211,6.17091E+18,6,6,32,18,2017,9,21,3,3,9,1,0,1,0,0,0,2,1,5.48835E+20,5.64819E+21,9.69571E+15,5.09832E+16
36212,6.17091E+18,6,4,39,5,2017,9,15,3,3,9,1,0,1,0,0,0,0,1,4.24884E+20,5.55789E+21,7.94819E+15,5.01685E+16
36213,6.17091E+18,6,4,39,15,2017,9,7,3,3,8,1,0,1,0,0,0,0,1,4.40108E+20,5.55367E+21,8.16199E+15,5.01322E+16
36214,6.17091E+18,6,4,39,12,2017,9,12,3,3,5,3,0,1,0,0,0,0,1,4.31768E+20,5.54027E+21,8.04771E+15,5.00109E+16
36215,6.17091E+18,6,4,34,11,2017,9,12,3,3,1,5,0,1,0,0,0,0,0,4.69132E+20,5.57858E+21,8.56605E+15,5.03585E+16
36216,6.17091E+18,6,4,34,8,2017,9,16,3,3,5,3,1,1,0,0,0,0,1,4.70464E+20,5.56079E+21,8.58617E+15,5.01985E+16
36217,6.17091E+18,6,4,35,12,2017,9,18,3,2,5,2,0,1,0,0,0,1,1,5.08799E+20,5.56504E+21,9.12338E+15,5.02374E+16
36218,6.17091E+18,6,4,35,10,2017,9,16,3,2,9,7,0,1,0,0,0,0,0,5.1073E+20,5.55939E+21,9.1503E+15,5.01866E+16
36219,6.17091E+18,6,5,32,10,2017,9,10,3,3,8,1,0,1,0,0,0,0,1,4.50336E+20,5.60393E+21,8.29847E+15,5.05852E+16
36220,6.17091E+18,6,4,32,10,2017,9,7,3,3,2,6,0,1,0,0,0,0,0,4.90176E+20,5.52682E+21,8.86322E+15,4.98936E+16
36221,6.17092E+18,6,4,12,0,2017,9,18,1,3,5,3,1,1,0,0,0,0,0,4.76273E+20,5.55485E+21,8.66792E+15,5.01454E+16
36222,6.17091E+18,6,5,35,1,2017,9,16,3,3,2,6,0,1,0,0,1,0,1,5.21035E+20,5.6221E+21,9.29817E+15,5.07503E+16
36223,6.17093E+18,6,4,12,0,2017,9,18,2,3,2,6,0,1,0,0,0,0,0,4.7312E+20,5.55963E+21,8.62346E+15,5.01883E+16
36224,6.17091E+18,6,5,35,1,2017,9,15,3,3,0,1,0,0,0,1,0,0,1,5.19974E+20,5.62103E+21,9.28308E+15,5.07407E+16
36225,6.17093E+18,6,4,33,3,2017,9,23,2,1,5,3,0,1,0,0,1,2,0,4.65847E+20,5.52801E+21,8.5244E+15,4.99035E+16
36226,6.17091E+18,6,4,33,11,2017,9,18,3,3,2,6,0,0,0,0,1,0,0,4.62931E+20,5.5226E+21,8.48431E+15,4.98547E+16
36227,6.17092E+18,6,4,33,5,2017,9,21,4,3,5,3,0,1,0,0,0,2,0,4.52444E+20,5.53653E+21,8.33671E+15,4.99792E+16
36228,6.17093E+18,6,6,34,5,2017,9,15,2,2,5,3,0,1,0,0,1,0,0,5.20765E+20,5.66636E+21,9.29687E+15,5.11483E+16
36229,6.17091E+18,6,5,34,21,2017,9,18,3,3,5,3,0,1,0,1,0,0,1,4.80579E+20,5.6391E+21,8.7238E+15,5.09033E+16
36230,6.17092E+18,6,6,31,12,2017,9,15,4,3,8,1,0,1,0,0,0,0,1,5.69403E+20,5.60336E+21,9.98022E+15,5.0578E+16
36231,6.17093E+18,6,6,35,18,2017,9,0,2,2,2,2,0,1,0,0,1,2,0,4.92637E+20,5.66865E+21,8.89469E+15,5.11692E+16
36232,6.17091E+18,6,6,31,9,2017,9,17,3,3,2,6,0,1,0,0,0,0,1,5.49026E+20,5.60076E+21,9.6921E+15,5.05567E+16
36233,6.17092E+18,6,6,31,9,2017,9,7,4,3,2,6,0,1,0,0,0,0,0,5.47765E+20,5.6008E+21,9.67432E+15,5.05571E+16
36234,6.17093E+18,6,6,31,18,2017,9,21,3,3,9,7,0,1,0,0,0,2,0,5.41257E+20,5.59359E+21,9.58165E+15,5.04928E+16
36235,6.17092E+18,6,5,31,5,2017,9,17,4,3,3,2,1,1,0,0,0,0,0,4.78153E+20,5.60218E+21,8.69149E+15,5.05711E+16
36236,6.17092E+18,6,5,31,5,2017,9,12,4,3,8,7,0,1,0,0,0,0,1,4.74123E+20,5.59987E+21,8.63474E+15,5.05502E+16
36237,6.17093E+18,6,4,14,0,2017,9,18,4,3,5,3,1,1,0,0,0,0,0,4.4574E+20,5.54684E+21,8.24176E+15,5.00714E+16
36238,6.17092E+18,6,6,11,0,2017,9,19,6,3,1,1,0,1,0,0,0,2,0,5.34533E+20,5.68612E+21,9.49561E+15,5.13253E+16
36239,6.17092E+18,6,4,35,14,2017,9,0,7,3,0,7,0,0,0,1,0,2,0,4.94847E+20,5.55272E+21,8.9279E+15,5.01267E+16
36240,6.17092E+18,6,4,38,10,2017,9,11,7,3,2,6,0,1,0,0,0,0,0,4.92173E+20,5.54631E+21,8.89063E+15,5.0069E+16
36241,6.17092E+18,6,4,14,0,2017,9,2,7,3,5,2,0,1,0,0,0,2,0,4.45326E+20,5.54816E+21,8.23578E+15,5.00832E+16
36242,6.17092E+18,6,4,35,17,2017,9,17,7,3,5,3,0,1,0,1,0,0,0,5.01074E+20,5.55873E+21,9.01504E+15,5.01808E+16
36243,6.17091E+18,6,6,31,20,2017,9,15,3,3,2,2,0,1,0,0,0,0,1,5.50914E+20,5.60043E+21,9.71872E+15,5.05536E+16
36244,6.17091E+18,6,5,32,21,2017,9,17,3,3,1,1,0,1,0,0,1,0,1,4.5812E+20,5.59917E+21,8.40894E+15,5.0543E+16
36245,6.17091E+18,6,5,32,1,2017,9,11,3,3,2,6,0,1,0,0,0,0,0,4.62908E+20,5.60376E+21,8.47605E+15,5.05845E+16
36246,6.17091E+18,6,4,35,14,2017,9,10,3,3,1,6,0,1,0,0,0,0,1,4.97668E+20,5.55142E+21,8.96738E+15,5.0115E+16
36247,6.17091E+18,6,4,35,14,2017,9,18,3,2,2,7,0,1,0,0,0,1,1,4.97133E+20,5.55187E+21,8.9599E+15,5.01191E+16
36248,6.17091E+18,6,4,38,11,2017,9,11,3,1,1,5,0,1,0,1,0,0,0,4.92731E+20,5.54503E+21,8.89846E+15,5.00576E+16
36249,6.17091E+18,6,6,31,8,2017,9,15,3,3,8,1,0,1,0,0,0,0,1,5.38175E+20,5.58239E+21,9.53705E+15,5.03924E+16
36250,6.17091E+18,6,6,34,11,2017,9,18,3,2,3,6,0,1,0,0,0,0,1,5.34806E+20,5.65501E+21,9.49652E+15,5.10456E+16
36251,6.17091E+18,6,6,33,17,2017,9,16,3,3,8,1,0,1,0,0,0,0,0,5.36573E+20,5.68033E+21,9.5243E+15,5.12731E+16
36252,6.17091E+18,6,6,34,25,2017,9,17,3,3,2,6,0,1,0,0,1,0,1,5.20297E+20,5.66094E+21,9.28988E+15,5.10996E+16
36253,6.17091E+18,6,5,35,14,2017,9,11,3,3,2,6,0,1,0,0,0,0,0,5.10969E+20,5.61774E+21,9.15536E+15,5.07114E+16
36254,6.17092E+18,6,4,38,6,2017,9,2,7,3,8,7,0,1,0,0,0,2,0,4.74027E+20,5.53775E+21,8.63765E+15,4.99916E+16
36255,6.17092E+18,6,4,14,0,2017,9,7,7,3,9,1,0,1,0,0,0,0,0,4.44994E+20,5.54725E+21,8.23128E+15,5.00749E+16
36256,6.17092E+18,6,5,31,5,2017,9,14,1,3,2,6,0,1,0,0,0,0,0,4.79528E+20,5.60402E+21,8.71081E+15,5.05877E+16
36257,6.17091E+18,6,5,35,13,2017,9,13,3,3,2,6,0,1,0,0,1,0,1,5.01595E+20,5.61288E+21,9.02257E+15,5.06678E+16
36258,6.17091E+18,6,4,12,0,2017,9,14,3,3,2,6,0,1,0,0,1,0,1,4.74713E+20,5.54493E+21,8.64675E+15,5.00561E+16
36259,6.17091E+18,6,4,14,0,2017,9,19,3,3,8,1,0,1,0,0,0,0,1,4.52903E+20,5.55216E+21,8.3412E+15,5.01198E+16
36260,6.17091E+18,6,6,32,19,2017,9,15,2,3,5,2,0,1,0,1,0,0,1,5.59472E+20,5.62995E+21,9.84426E+15,5.08182E+16
36261,6.17091E+18,6,6,32,2,2017,9,12,2,3,0,1,0,0,0,1,0,0,1,5.51278E+20,5.63519E+21,9.72868E+15,5.08661E+16
36262,6.17091E+18,6,6,32,8,2017,9,7,2,3,8,1,0,1,0,0,0,0,0,5.50195E+20,5.62594E+21,9.71203E+15,5.0783E+16
36263,6.17091E+18,6,6,32,12,2017,9,10,2,3,9,1,0,1,0,0,0,0,1,5.40419E+20,5.64811E+21,9.57582E+15,5.09831E+16
36264,6.17091E+18,6,5,35,8,2017,9,6,2,1,9,1,0,1,0,0,0,0,0,5.23142E+20,5.60023E+21,9.32668E+15,5.05536E+16
36265,6.17091E+18,6,5,33,16,2017,9,10,2,2,4,6,0,1,0,0,0,0,1,4.36382E+20,5.5962E+21,8.10269E+15,5.05143E+16
36266,6.17091E+18,6,6,11,0,2017,9,0,2,3,1,2,0,1,0,1,0,2,0,5.37016E+20,5.68362E+21,9.53098E+15,5.13027E+16
36267,6.17091E+18,6,6,11,0,2017,9,23,2,3,6,4,0,1,1,0,0,2,0,5.3704E+20,5.68372E+21,9.53134E+15,5.13036E+16
36268,6.17091E+18,6,6,11,0,2017,9,6,2,3,5,2,0,1,0,0,1,2,1,5.37615E+20,5.68304E+21,9.53951E+15,5.12975E+16
36269,6.17091E+18,6,6,33,17,2017,9,13,2,3,0,1,0,0,0,1,0,0,1,5.39011E+20,5.68114E+21,9.55933E+15,5.12802E+16
36270,6.17092E+18,6,4,38,6,2017,9,20,1,3,2,6,0,1,0,0,1,2,0,4.77478E+20,5.53811E+21,8.68577E+15,4.99949E+16
36271,6.17091E+18,6,6,11,0,2017,9,15,2,3,2,6,0,1,0,0,0,0,0,5.35435E+20,5.68543E+21,9.50848E+15,5.13191E+16
36272,6.17092E+18,6,6,36,12,2017,9,20,1,3,8,1,0,1,0,0,0,2,0,5.59372E+20,5.66425E+21,9.84844E+15,5.11267E+16
36273,6.17091E+18,6,6,11,0,2017,9,13,2,3,2,2,0,1,0,0,0,0,0,5.34837E+20,5.68625E+21,9.49998E+15,5.13265E+16
36274,6.17092E+18,6,5,35,1,2017,9,17,4,2,2,7,0,1,0,0,1,0,0,5.30191E+20,5.62608E+21,9.42828E+15,5.07857E+16
36275,6.17093E+18,6,5,32,23,2017,9,5,2,3,5,3,0,1,0,0,1,2,0,4.63262E+20,5.60199E+21,8.48124E+15,5.05687E+16
36276,6.17091E+18,6,4,14,0,2017,9,18,2,3,1,5,1,1,0,0,0,0,0,4.44597E+20,5.54408E+21,8.22619E+15,5.00464E+16
36277,6.17092E+18,6,4,12,0,2017,9,10,4,3,3,6,0,1,0,0,1,0,0,4.71847E+20,5.54512E+21,8.60669E+15,5.00577E+16
36278,6.17093E+18,6,4,32,19,2017,9,15,2,3,3,2,1,1,0,0,0,0,0,4.87788E+20,5.51933E+21,8.83021E+15,4.98262E+16
36279,6.17091E+18,6,4,14,0,2017,9,11,2,3,2,6,0,1,0,0,1,0,0,4.45737E+20,5.5442E+21,8.2421E+15,5.00476E+16
36280,6.17091E+18,6,4,14,0,2017,9,14,2,3,2,6,0,1,0,0,0,0,0,4.47927E+20,5.5473E+21,8.27226E+15,5.00757E+16
36281,6.17092E+18,6,4,12,0,2017,9,7,4,3,5,3,0,1,0,0,1,0,0,4.74325E+20,5.56073E+21,8.64027E+15,5.01982E+16
36282,6.17093E+18,6,5,33,9,2017,9,7,2,3,2,6,0,1,0,0,0,2,0,4.33945E+20,5.58346E+21,8.07058E+15,5.03995E+16
36283,6.17091E+18,6,4,14,0,2017,9,19,2,2,4,1,0,1,0,0,0,2,1,4.40562E+20,5.55262E+21,8.16852E+15,5.01228E+16
36284,6.17092E+18,6,4,12,0,2017,9,6,4,3,3,6,0,1,0,0,0,0,0,4.71921E+20,5.54535E+21,8.60772E+15,5.00598E+16
36285,6.17091E+18,6,4,14,0,2017,9,19,2,3,2,6,0,1,0,0,0,0,1,4.44748E+20,5.54751E+21,8.22781E+15,5.00773E+16
36286,6.17092E+18,6,4,14,0,2017,9,16,4,3,2,6,0,1,0,0,0,0,0,4.43629E+20,5.54486E+21,8.21255E+15,5.00534E+16
36287,6.17093E+18,6,4,40,12,2017,9,17,4,3,2,6,0,1,0,0,1,0,0,4.81879E+20,5.56479E+21,8.74591E+15,5.0235E+16
36288,6.17093E+18,6,4,37,11,2017,9,13,4,3,2,2,0,1,0,0,0,0,0,4.9942E+20,5.50364E+21,8.99196E+15,4.96853E+16
36289,6.17092E+18,6,4,13,0,2017,9,17,6,3,9,7,0,0,0,1,0,0,0,4.83067E+20,5.54496E+21,8.76345E+15,5.00567E+16
36290,6.17092E+18,6,4,14,0,2017,9,12,6,3,2,6,0,1,0,0,0,0,0,4.44838E+20,5.54696E+21,8.22913E+15,5.00723E+16
36291,6.17092E+18,6,5,31,3,2017,9,15,6,2,4,3,0,1,0,1,0,0,0,4.85548E+20,5.60653E+21,8.79575E+15,5.06104E+16
36292,6.17092E+18,6,4,34,1,2017,9,13,7,3,7,7,0,1,0,0,0,0,0,4.69716E+20,5.56805E+21,8.57511E+15,5.02639E+16
36293,6.17092E+18,6,6,35,9,2017,9,15,7,3,2,6,0,0,0,1,0,0,0,5.06265E+20,5.6681E+21,9.0896E+15,5.11643E+16
36294,6.17092E+18,6,5,33,9,2017,9,16,4,3,2,6,0,1,0,0,0,0,0,4.32058E+20,5.58397E+21,8.04394E+15,5.04038E+16
36295,6.17093E+18,6,4,34,12,2017,9,20,3,2,0,7,1,0,0,0,0,2,0,4.69228E+20,5.57237E+21,8.56791E+15,5.03027E+16
36296,6.17092E+18,6,4,11,0,2017,9,6,4,3,3,6,0,1,0,0,1,0,0,4.71184E+20,5.5235E+21,8.59906E+15,4.98632E+16
36297,6.17092E+18,6,4,40,15,2017,9,12,4,3,3,6,0,1,0,0,1,0,0,4.79809E+20,5.58945E+21,8.71557E+15,5.04567E+16
36298,6.17092E+18,6,5,31,5,2017,9,21,6,2,5,3,0,1,0,0,0,2,0,4.80016E+20,5.60669E+21,8.71756E+15,5.06118E+16
36299,6.17092E+18,6,4,34,1,2017,9,13,7,3,2,6,0,1,0,0,0,0,0,4.6966E+20,5.5681E+21,8.57431E+15,5.02642E+16
36300,6.17092E+18,6,4,12,0,2017,9,16,7,3,2,6,0,1,0,1,0,0,0,4.80894E+20,5.55194E+21,8.73274E+15,5.01194E+16
36301,6.17092E+18,6,5,33,8,2017,9,20,7,3,1,7,0,1,0,0,0,2,0,4.37401E+20,5.5757E+21,8.12049E+15,5.03301E+16
36302,6.17091E+18,6,4,14,0,2017,9,18,2,3,2,6,0,1,0,0,0,0,1,4.4673E+20,5.54706E+21,8.25556E+15,5.00734E+16
36303,6.17091E+18,6,4,13,0,2017,9,8,2,3,2,6,0,1,0,0,0,0,1,4.82734E+20,5.55041E+21,8.75854E+15,5.01057E+16
36304,6.17091E+18,6,4,12,0,2017,9,8,2,3,2,6,0,1,0,0,0,0,1,4.7352E+20,5.55152E+21,8.62963E+15,5.01153E+16
36305,6.17091E+18,6,4,12,0,2017,9,8,2,3,3,2,1,0,0,0,1,0,1,4.80516E+20,5.55166E+21,8.72747E+15,5.01169E+16
36306,6.17091E+18,6,4,37,13,2017,9,17,2,3,4,6,0,1,0,0,0,0,0,4.9054E+20,5.50764E+21,8.86875E+15,4.97211E+16
36307,6.17091E+18,6,4,11,0,2017,9,18,2,3,2,6,0,1,0,0,0,1,1,4.75666E+20,5.52513E+21,8.66131E+15,4.98781E+16
36308,6.17091E+18,6,6,36,16,2017,9,9,2,3,9,1,0,0,0,0,1,0,0,5.57489E+20,5.68759E+21,9.82529E+15,5.13367E+16
36309,6.17091E+18,6,6,35,3,2017,9,20,2,3,0,7,0,1,0,0,0,2,0,5.12325E+20,5.66457E+21,9.17615E+15,5.11324E+16
36310,6.17091E+18,6,6,35,3,2017,9,16,2,3,8,1,0,1,0,0,0,0,1,5.11274E+20,5.66379E+21,9.16111E+15,5.11254E+16
36311,6.17091E+18,6,6,34,12,2017,9,8,2,3,4,6,0,1,0,0,1,0,1,5.34926E+20,5.67039E+21,9.49972E+15,5.11839E+16
36312,6.17091E+18,6,6,11,0,2017,9,16,2,3,2,6,0,1,0,1,0,0,1,5.31968E+20,5.68103E+21,9.45834E+15,5.12797E+16
36313,6.17091E+18,6,4,39,6,2017,9,7,2,3,6,4,0,1,1,0,0,1,1,4.35585E+20,5.56073E+21,8.09753E+15,5.01953E+16
36314,6.17091E+18,6,4,38,8,2017,9,14,2,3,5,3,0,1,0,0,0,0,0,4.89052E+20,5.54805E+21,8.84697E+15,5.00846E+16
36315,6.17091E+18,6,4,34,6,2017,9,15,2,3,5,3,0,1,0,0,1,0,1,4.65329E+20,5.55739E+21,8.51453E+15,5.01677E+16
36316,6.17091E+18,6,5,33,10,2017,9,13,2,2,9,1,0,0,0,1,0,0,0,4.48502E+20,5.59667E+21,8.27356E+15,5.05197E+16
36317,6.17092E+18,6,4,40,3,2017,9,11,1,3,4,7,0,1,0,0,0,0,0,4.80281E+20,5.5603E+21,8.72374E+15,5.01945E+16
36318,6.17091E+18,6,4,35,10,2017,9,15,2,3,3,6,0,1,0,1,0,0,0,5.16633E+20,5.56183E+21,9.23309E+15,5.02084E+16
36319,6.17092E+18,6,4,12,0,2017,9,20,1,2,5,3,1,1,0,0,0,2,0,4.76436E+20,5.5541E+21,8.67026E+15,5.01387E+16
36320,6.17091E+18,6,4,31,8,2017,9,16,2,3,4,6,0,1,0,0,0,0,1,4.80411E+20,5.48772E+21,8.72924E+15,4.95418E+16
36321,6.17092E+18,6,4,12,0,2017,9,0,3,3,5,2,1,0,0,0,1,2,1,4.68346E+20,5.54121E+21,8.55812E+15,5.00224E+16
36322,6.17093E+18,6,6,31,8,2017,9,19,2,3,2,6,0,1,0,0,0,2,1,5.41195E+20,5.58575E+21,9.57991E+15,5.04223E+16
36323,6.17091E+18,6,4,31,5,2017,9,15,2,3,2,6,0,1,0,0,1,0,0,4.6059E+20,5.50042E+21,8.45399E+15,4.9655E+16
36324,6.17092E+18,6,4,35,24,2017,9,7,3,3,8,1,0,1,0,0,0,1,0,5.02653E+20,5.56207E+21,9.03719E+15,5.02108E+16
36325,6.17093E+18,6,4,33,6,2017,9,6,2,3,5,3,1,0,0,0,0,0,0,4.6395E+20,5.52791E+21,8.498E+15,4.99025E+16
36326,6.17091E+18,6,4,31,2,2017,9,13,2,3,2,6,0,1,0,0,1,0,0,4.72903E+20,5.50338E+21,8.62438E+15,4.96823E+16
36327,6.17091E+18,6,5,35,1,2017,9,15,2,3,9,7,0,1,0,0,0,0,1,5.21373E+20,5.62532E+21,9.30316E+15,5.07793E+16
36328,6.17092E+18,6,5,31,5,2017,9,20,3,3,2,6,0,1,0,0,0,2,0,4.75342E+20,5.60374E+21,8.65169E+15,5.0585E+16
36329,6.17091E+18,6,4,33,2,2017,9,19,2,3,3,6,0,1,0,0,0,1,0,4.53881E+20,5.5374E+21,8.35665E+15,4.99872E+16
36330,6.17092E+18,6,6,35,21,2017,9,14,3,3,4,5,0,1,0,0,0,0,1,5.00562E+20,5.67695E+21,9.00805E+15,5.12439E+16
36331,6.17091E+18,6,5,34,11,2017,9,11,2,3,5,3,0,1,0,0,1,0,1,4.97108E+20,5.63035E+21,8.95894E+15,5.08248E+16
36332,6.17093E+18,6,4,14,0,2017,9,11,3,3,8,5,0,1,0,0,0,0,0,4.47925E+20,5.54099E+21,8.27309E+15,5.00189E+16
36333,6.17093E+18,6,6,31,9,2017,9,16,4,2,5,3,1,1,0,0,0,0,1,5.49837E+20,5.59971E+21,9.70342E+15,5.05472E+16
36334,6.17102E+18,6,6,33,11,2017,10,10,1,2,0,7,0,0,0,1,0,0,0,5.25217E+20,5.68814E+21,9.36206E+15,5.1344E+16
36335,6.17101E+18,6,6,32,20,2017,10,18,5,2,2,6,0,1,0,0,0,0,1,5.68767E+20,5.64505E+21,9.97903E+15,5.09529E+16
36336,6.17102E+18,6,6,11,0,2017,10,19,1,2,5,2,0,1,0,1,0,2,0,5.31237E+20,5.68536E+21,9.44825E+15,5.13187E+16
36337,6.17101E+18,6,4,40,15,2017,10,16,5,3,2,6,0,1,0,0,1,0,0,4.7934E+20,5.58902E+21,8.70898E+15,5.04528E+16
36338,6.17102E+18,6,6,32,3,2017,10,10,1,2,4,6,0,1,0,0,0,0,0,5.54978E+20,5.64822E+21,9.78321E+15,5.0983E+16
36339,6.171E+18,6,4,35,17,2017,10,5,4,3,5,3,0,1,0,1,0,2,0,5.0317E+20,5.55815E+21,9.04439E+15,5.01755E+16
36340,6.171E+18,6,4,35,17,2017,10,15,4,3,5,3,0,1,0,1,0,0,0,5.04376E+20,5.561E+21,9.06132E+15,5.02011E+16
36341,6.17102E+18,6,6,32,1,2017,10,17,1,3,8,1,0,0,0,1,0,0,0,5.49461E+20,5.65856E+21,9.70604E+15,5.10764E+16
36342,6.17102E+18,6,6,34,5,2017,10,16,1,3,2,6,0,1,0,0,0,0,0,5.18265E+20,5.66517E+21,9.26107E+15,5.11377E+16
36343,6.171E+18,6,6,36,7,2017,10,15,4,2,5,2,0,1,0,0,0,0,0,5.78349E+20,5.67164E+21,1.01212E+16,5.11908E+16
36344,6.171E+18,6,6,32,9,2017,10,14,4,2,8,1,0,0,0,1,0,0,0,5.69822E+20,5.63664E+21,9.99244E+15,5.08772E+16
36345,6.17102E+18,6,6,36,11,2017,10,15,1,2,9,1,0,1,0,0,0,0,0,5.73181E+20,5.66291E+21,1.00455E+16,5.1113E+16
36346,6.171E+18,6,6,33,15,2017,10,9,4,3,2,6,0,1,0,0,0,0,0,5.44197E+20,5.68147E+21,9.63372E+15,5.12828E+16
36347,6.171E+18,6,6,11,0,2017,10,14,4,3,0,6,0,0,0,1,0,0,0,5.34744E+20,5.68669E+21,9.49869E+15,5.13305E+16
36348,6.17102E+18,6,4,39,16,2017,10,11,1,2,8,1,0,0,0,1,0,0,1,4.5447E+20,5.56588E+21,8.36147E+15,5.02433E+16
36349,6.171E+18,6,4,14,0,2017,10,20,4,3,0,7,0,1,0,0,1,2,0,4.44537E+20,5.54756E+21,8.22485E+15,5.00778E+16
36350,6.171E+18,6,4,14,0,2017,10,7,4,3,2,6,0,1,0,1,0,0,0,4.41824E+20,5.55124E+21,8.18638E+15,5.01106E+16
36351,6.171E+18,6,4,14,0,2017,10,8,4,3,3,6,0,1,0,0,1,0,0,4.4569E+20,5.54687E+21,8.24106E+15,5.00716E+16
36352,6.171E+18,6,4,13,0,2017,10,15,4,3,2,6,0,1,0,1,0,0,0,4.85773E+20,5.55105E+21,8.80103E+15,5.01115E+16
36353,6.171E+18,6,4,12,0,2017,10,17,4,3,2,6,0,1,0,0,0,0,0,4.75701E+20,5.56173E+21,8.65948E+15,5.02072E+16
36354,6.17101E+18,6,4,33,8,2017,10,15,5,3,1,5,0,0,0,0,1,0,1,4.7217E+20,5.53711E+21,8.6118E+15,4.99857E+16
36355,6.171E+18,6,4,12,0,2017,10,9,4,3,2,6,0,1,0,0,0,0,0,4.75656E+20,5.54848E+21,8.65969E+15,5.00881E+16
36356,6.17101E+18,6,4,34,4,2017,10,15,5,3,8,1,0,1,0,0,0,0,1,4.59626E+20,5.57981E+21,8.43228E+15,5.0369E+16
36357,6.171E+18,6,4,12,0,2017,10,18,4,3,2,6,0,1,0,0,0,1,0,4.79213E+20,5.55106E+21,8.70928E+15,5.01114E+16
36358,6.17101E+18,6,4,13,0,2017,10,17,5,3,2,6,0,1,0,0,1,0,1,4.84358E+20,5.54912E+21,8.78131E+15,5.00941E+16
36359,6.171E+18,6,4,12,0,2017,10,13,4,3,5,3,1,1,0,0,0,0,0,4.75352E+20,5.54982E+21,8.65535E+15,5.01001E+16
36360,6.17101E+18,6,5,32,23,2017,10,16,6,3,2,6,0,1,0,0,0,0,0,4.64533E+20,5.60015E+21,8.49935E+15,5.05522E+16
36361,6.171E+18,6,4,11,0,2017,10,22,4,3,5,3,0,1,0,0,0,2,0,4.74243E+20,5.52442E+21,8.64156E+15,4.98716E+16
36362,6.171E+18,6,6,34,3,2017,10,18,4,3,2,2,0,1,0,1,0,0,0,5.31934E+20,5.66625E+21,9.45654E+15,5.11468E+16