OBJECTID,UIDENTSTLA,ULAND,UREGBEZ,UKREIS,UGEMEINDE,UJAHR,UMONAT,USTUNDE,UWOCHENTAG,UKATEGORIE,UART,UTYP1,IstRad,IstPKW,IstFuss,IstKrad,IstSonstig,LICHT,STRZUSTAND,LINREFX,LINREFY,XGCSWGS84,YGCSWGS84
36711,6.17093E+18,6,4,40,2,2017,9,19,7,3,9,1,0,1,0,0,0,1,1,4.82822E+20,5.57959E+21,8.75846E+15,5.03681E+16
36712,6.17093E+18,6,4,31,2,2017,9,14,7,3,5,7,0,1,0,1,0,0,0,4.73171E+20,5.50572E+21,8.62793E+15,4.97034E+16
36713,6.17093E+18,6,4,33,5,2017,9,18,7,3,5,3,0,1,0,0,0,2,1,4.5307E+20,5.53547E+21,8.34557E+15,4.99697E+16
36714,6.17093E+18,6,4,33,14,2017,9,22,7,3,9,1,0,1,0,0,0,2,1,4.56563E+20,5.52618E+21,8.39533E+15,4.98864E+16
36715,6.17101E+18,6,5,35,11,2017,10,16,5,3,4,6,0,1,0,0,0,0,1,5.25467E+20,5.61302E+21,9.36037E+15,5.06684E+16
36716,6.17101E+18,6,4,31,13,2017,10,16,6,2,5,2,1,1,0,0,0,0,0,4.61943E+20,5.4934E+21,8.47341E+15,4.9592E+16
36717,6.17093E+18,6,5,34,14,2017,9,12,7,3,9,1,0,1,0,0,0,0,0,4.8611E+20,5.634E+21,8.80265E+15,5.08576E+16
36718,6.17093E+18,6,6,31,2,2017,9,20,7,2,8,1,0,1,0,0,0,2,1,5.48713E+20,5.61705E+21,9.68983E+15,5.07033E+16
36719,6.17101E+18,6,4,13,0,2017,10,12,3,3,2,6,0,1,0,0,0,0,0,4.835E+20,5.54859E+21,8.76934E+15,5.00894E+16
36720,6.17101E+18,6,4,12,0,2017,10,7,3,3,5,3,1,1,0,0,0,1,1,4.75917E+20,5.55507E+21,8.66293E+15,5.01473E+16
36721,6.17101E+18,6,4,32,23,2017,10,18,3,3,2,6,0,1,0,0,0,1,0,4.72401E+20,5.52725E+21,8.61571E+15,4.9897E+16
36722,6.17101E+18,6,6,35,3,2017,10,0,3,3,2,6,0,1,0,0,0,2,1,5.08024E+20,5.6637E+21,9.11466E+15,5.11247E+16
36723,6.17101E+18,6,6,33,23,2017,10,12,3,3,5,3,0,1,0,0,0,0,0,5.21365E+20,5.68127E+21,9.30634E+15,5.12824E+16
36724,6.17101E+18,6,6,11,0,2017,10,13,3,2,9,1,1,0,0,0,0,0,1,5.28943E+20,5.68571E+21,9.41536E+15,5.1322E+16
36725,6.17101E+18,6,6,11,0,2017,10,10,3,3,9,1,0,1,0,0,0,0,1,5.28236E+20,5.6837E+21,9.40504E+15,5.13039E+16
36726,6.17101E+18,6,4,38,3,2017,10,10,3,3,5,3,0,1,0,0,0,0,1,4.7574E+20,5.53457E+21,8.66175E+15,4.9963E+16
36727,6.17101E+18,6,4,38,11,2017,10,11,3,3,5,2,0,1,0,0,1,0,1,4.9233E+20,5.53834E+21,8.89299E+15,4.99973E+16
36728,6.17101E+18,6,4,34,13,2017,10,8,3,3,8,1,0,1,0,0,0,0,1,4.55892E+20,5.57139E+21,8.38077E+15,5.0293E+16
36729,6.17101E+18,6,4,34,3,2017,10,11,3,3,8,1,0,1,0,0,0,0,1,4.55125E+20,5.56001E+21,8.37134E+15,5.01906E+16
36730,6.17101E+18,6,4,35,3,2017,10,14,3,2,4,1,0,1,0,0,0,0,1,5.19734E+20,5.56454E+21,9.27669E+15,5.02327E+16
36731,6.17101E+18,6,4,35,10,2017,10,12,3,3,2,6,0,1,0,0,1,0,1,5.15862E+20,5.56071E+21,9.22224E+15,5.01984E+16
36732,6.17101E+18,6,4,35,12,2017,10,0,3,3,5,2,0,1,0,0,0,2,1,5.07665E+20,5.56021E+21,9.10738E+15,5.0194E+16
36733,6.17101E+18,6,4,40,4,2017,10,5,3,3,3,6,0,0,0,1,1,2,1,5.03161E+20,5.57199E+21,9.04438E+15,5.03001E+16
36734,6.17101E+18,6,4,40,4,2017,10,20,3,3,5,3,0,1,0,0,0,2,0,5.07542E+20,5.57092E+21,9.10587E+15,5.02904E+16
36735,6.17101E+18,6,5,32,7,2017,10,22,3,3,5,2,0,1,0,0,0,2,1,4.42376E+20,5.60953E+21,8.18517E+15,5.06348E+16
36736,6.17101E+18,6,5,32,12,2017,10,5,3,3,5,3,0,1,0,0,0,2,1,4.51423E+20,5.61227E+21,8.31272E+15,5.06603E+16
36737,6.17101E+18,6,5,32,8,2017,10,13,3,2,4,1,0,1,0,0,0,0,1,4.55367E+20,5.60615E+21,8.36926E+15,5.06056E+16
36738,6.17101E+18,6,4,38,12,2017,10,15,3,3,6,2,0,1,1,0,0,0,0,4.85401E+20,5.53545E+21,8.79642E+15,4.99713E+16
36739,6.17101E+18,6,4,32,11,2017,10,11,3,3,0,3,0,1,0,1,0,0,1,4.89545E+20,5.52386E+21,8.85452E+15,4.9867E+16
36740,6.17101E+18,6,4,32,9,2017,10,17,3,3,9,1,0,1,0,0,0,0,1,4.83768E+20,5.51495E+21,8.7745E+15,4.97868E+16
36741,6.17101E+18,6,4,40,8,2017,10,19,3,2,0,6,0,1,0,0,1,2,0,4.87937E+20,5.5787E+21,8.83041E+15,5.03602E+16
36742,6.17101E+18,6,5,34,10,2017,10,14,3,3,0,1,0,0,0,1,0,0,1,4.70532E+20,5.62427E+21,8.58211E+15,5.07695E+16
36743,6.17093E+18,6,6,31,9,2017,9,11,7,3,8,1,0,1,0,0,0,0,0,5.49526E+20,5.60045E+21,9.69913E+15,5.05539E+16
36744,6.17101E+18,6,4,31,21,2017,10,17,3,3,5,3,0,1,0,0,1,0,0,4.85911E+20,5.48842E+21,8.80523E+15,4.95483E+16
36745,6.17093E+18,6,4,35,19,2017,9,17,7,3,3,6,0,1,0,0,0,0,1,4.90408E+20,5.55527E+21,8.86574E+15,5.01496E+16
36746,6.17093E+18,6,6,31,8,2017,9,19,7,3,8,1,0,1,0,0,0,2,1,5.39606E+20,5.58345E+21,9.5573E+15,5.04017E+16
36747,6.17093E+18,6,6,34,7,2017,9,17,7,3,8,1,0,1,0,0,0,0,1,5.27078E+20,5.67079E+21,9.38747E+15,5.11878E+16
36748,6.17093E+18,6,6,32,11,2017,9,13,7,3,0,7,0,1,0,0,0,0,0,5.41248E+20,5.63348E+21,9.58596E+15,5.08515E+16
36749,6.17093E+18,6,4,12,0,2017,9,15,7,3,2,6,0,1,0,0,0,0,0,4.66873E+20,5.55171E+21,8.53665E+15,5.01167E+16
36750,6.17093E+18,6,5,33,9,2017,9,19,7,3,2,6,0,1,0,0,0,2,1,4.33815E+20,5.58353E+21,8.06873E+15,5.04001E+16
36751,6.17093E+18,6,5,33,9,2017,9,15,7,1,3,6,0,1,0,1,0,0,1,4.35211E+20,5.58118E+21,8.08879E+15,5.03791E+16
36752,6.17093E+18,6,4,38,9,2017,9,13,7,3,2,6,0,1,0,0,0,0,0,4.7085E+20,5.54079E+21,8.5931E+15,5.00187E+16
36753,6.17101E+18,6,4,38,8,2017,10,14,5,3,2,2,0,1,0,0,0,0,0,4.87646E+20,5.55234E+21,8.82718E+15,5.01231E+16
36754,6.17101E+18,6,4,14,0,2017,10,8,5,3,2,2,0,1,0,0,0,0,0,4.46405E+20,5.54691E+21,8.25104E+15,5.00721E+16
36755,6.17093E+18,6,4,33,2,2017,9,16,7,3,8,1,0,1,0,0,0,0,1,4.52921E+20,5.53682E+21,8.34333E+15,4.99819E+16
36756,6.17101E+18,6,6,31,20,2017,10,17,6,3,0,6,0,1,0,0,0,0,0,5.50578E+20,5.60503E+21,9.71459E+15,5.0595E+16
36757,6.17093E+18,6,4,31,11,2017,9,21,7,2,8,1,0,1,0,0,0,2,1,4.71813E+20,5.50021E+21,8.60949E+15,4.96538E+16
36758,6.17101E+18,6,4,35,10,2017,10,15,6,3,2,6,0,1,0,0,0,0,1,5.12806E+20,5.56006E+21,9.17941E+15,5.01926E+16
36759,6.17093E+18,6,4,38,9,2017,9,13,7,3,2,6,0,1,0,0,0,0,0,4.70814E+20,5.54097E+21,8.59259E+15,5.00204E+16
36760,6.17093E+18,6,4,11,0,2017,9,11,7,3,2,6,0,1,0,0,0,0,0,4.73703E+20,5.52005E+21,8.63433E+15,4.98323E+16
36761,6.17101E+18,6,4,31,21,2017,10,12,3,3,4,6,0,1,0,0,0,0,1,4.85245E+20,5.49078E+21,8.79593E+15,4.95695E+16
36762,6.17101E+18,6,4,31,18,2017,10,6,3,3,4,6,0,1,0,0,0,2,1,4.86903E+20,5.47153E+21,8.8195E+15,4.93963E+16
36763,6.17101E+18,6,4,33,12,2017,10,8,3,2,2,6,0,1,0,0,0,0,1,4.59876E+20,5.5356E+21,8.44046E+15,4.99714E+16
36764,6.17101E+18,6,4,33,4,2017,10,5,3,2,5,3,0,1,0,0,0,2,0,4.63691E+20,5.51305E+21,8.49578E+15,4.97688E+16
36765,6.17101E+18,6,5,34,11,2017,10,17,3,2,4,6,0,1,0,0,0,0,0,4.9378E+20,5.6337E+21,8.91163E+15,5.0855E+16
36766,6.17093E+18,6,5,31,3,2017,9,19,7,2,8,1,0,1,0,0,0,2,1,4.8699E+20,5.60672E+21,8.81612E+15,5.06122E+16
36767,6.17101E+18,6,4,33,3,2017,10,15,6,2,4,6,0,1,0,0,0,0,1,4.66146E+20,5.52962E+21,8.52842E+15,4.9918E+16
36768,6.17101E+18,6,4,31,7,2017,10,9,6,3,9,1,0,1,0,0,0,0,0,4.83211E+20,5.50229E+21,8.7673E+15,4.96729E+16
36769,6.17093E+18,6,4,34,2,2017,9,13,7,3,2,6,0,1,0,0,0,0,0,4.75978E+20,5.56536E+21,8.66313E+15,5.02399E+16
36770,6.17101E+18,6,5,34,11,2017,10,7,3,3,2,7,0,1,0,0,1,1,1,4.93252E+20,5.63111E+21,8.90418E+15,5.08317E+16
36771,6.17101E+18,6,6,31,20,2017,10,11,3,3,3,6,0,1,0,0,0,0,1,5.52129E+20,5.60914E+21,9.73708E+15,5.06318E+16
36772,6.17101E+18,6,5,32,23,2017,10,8,3,1,4,1,0,1,0,0,0,0,1,4.66495E+20,5.60337E+21,8.52676E+15,5.05813E+16
36773,6.17101E+18,6,5,32,22,2017,10,14,3,3,8,7,0,1,0,0,0,0,1,4.60543E+20,5.59061E+21,8.44404E+15,5.04661E+16
36774,6.17101E+18,6,5,31,6,2017,10,20,3,3,6,4,0,1,1,0,0,2,0,4.97068E+20,5.60459E+21,8.95858E+15,5.05932E+16
36775,6.17101E+18,6,5,31,12,2017,10,19,3,3,0,6,0,1,0,0,0,2,0,4.75177E+20,5.59913E+21,8.64966E+15,5.05436E+16
36776,6.17101E+18,6,4,35,2,2017,10,17,3,3,2,6,0,1,0,0,1,0,0,5.24884E+20,5.56755E+21,9.3491E+15,5.02596E+16
36777,6.17101E+18,6,4,35,19,2017,10,8,3,3,2,6,0,1,0,0,0,0,1,4.87745E+20,5.55514E+21,8.82847E+15,5.01484E+16
36778,6.17101E+18,6,4,13,0,2017,10,6,3,2,5,3,0,1,0,0,1,2,1,4.80048E+20,5.54587E+21,8.72123E+15,5.00648E+16
36779,6.17101E+18,6,4,40,5,2017,10,6,3,3,2,6,0,1,0,0,0,0,0,4.78616E+20,5.58394E+21,8.69907E+15,5.04071E+16
36780,6.17101E+18,6,5,31,3,2017,10,0,2,3,5,3,0,0,0,1,1,2,1,4.85747E+20,5.6053E+21,8.7986E+15,5.05995E+16
36781,6.17101E+18,6,6,32,11,2017,10,0,2,2,8,1,0,1,0,0,0,2,0,5.39948E+20,5.63328E+21,9.56748E+15,5.08498E+16
36782,6.17093E+18,6,5,32,6,2017,9,1,7,3,8,1,0,1,0,0,1,2,0,4.49819E+20,5.61835E+21,8.2892E+15,5.07148E+16
36783,6.17101E+18,6,5,33,6,2017,10,15,2,2,2,4,0,1,1,1,0,0,0,4.31506E+20,5.58501E+21,8.03598E+15,5.04131E+16
36784,6.17093E+18,6,5,31,12,2017,9,11,7,3,2,6,0,1,0,0,0,0,0,4.74552E+20,5.59688E+21,8.641E+15,5.05233E+16
36785,6.17101E+18,6,6,33,20,2017,10,22,2,3,2,7,0,1,0,0,0,2,1,5.42365E+20,5.6861E+21,9.608E+15,5.13246E+16
36786,6.17093E+18,6,4,35,21,2017,9,15,6,3,5,3,0,1,0,1,0,0,0,4.90128E+20,5.56361E+21,8.8616E+15,5.02246E+16
36787,6.17093E+18,6,5,31,5,2017,9,17,6,3,5,2,0,1,0,0,0,0,0,4.78168E+20,5.60373E+21,8.69161E+15,5.0585E+16
36788,6.17093E+18,6,5,31,5,2017,9,12,6,3,3,6,0,1,0,1,0,0,0,4.77372E+20,5.60478E+21,8.6803E+15,5.05945E+16
36789,6.17101E+18,6,6,11,0,2017,10,7,2,3,6,4,0,0,1,0,1,0,0,5.33553E+20,5.68323E+21,9.48127E+15,5.12994E+16
36790,6.17093E+18,6,6,34,23,2017,9,19,6,3,7,7,0,0,0,1,0,2,0,5.33865E+20,5.64183E+21,9.48186E+15,5.09271E+16
36791,6.17093E+18,6,5,35,8,2017,9,9,6,2,8,1,0,1,0,0,0,0,1,5.30573E+20,5.60005E+21,9.43155E+15,5.05516E+16
36792,6.17093E+18,6,6,11,0,2017,9,17,6,2,6,4,0,0,1,0,1,0,0,5.34917E+20,5.68594E+21,9.50111E+15,5.13237E+16
36793,6.17093E+18,6,6,11,0,2017,9,20,6,3,6,4,0,0,1,0,1,2,0,5.34954E+20,5.68586E+21,9.50162E+15,5.13229E+16
36794,6.17102E+18,6,4,14,0,2017,10,19,1,2,5,7,0,1,0,1,0,2,0,4.47061E+20,5.54714E+21,8.26018E+15,5.00742E+16
36795,6.17093E+18,6,4,13,0,2017,9,17,6,3,2,6,0,1,0,0,0,0,0,4.82327E+20,5.54911E+21,8.75291E+15,5.0094E+16
36796,6.17101E+18,6,4,35,14,2017,10,23,5,3,5,2,1,1,0,0,0,2,0,4.961E+20,5.55259E+21,8.94544E+15,5.01256E+16
36797,6.17101E+18,6,4,36,8,2017,10,15,5,3,5,3,0,1,0,1,0,0,1,4.57154E+20,5.55854E+21,8.39994E+15,5.01775E+16
36798,6.17093E+18,6,4,12,0,2017,9,8,6,2,6,4,0,1,1,0,0,0,1,4.76965E+20,5.55727E+21,8.67746E+15,5.01672E+16
36799,6.17101E+18,6,6,34,14,2017,10,14,5,3,8,1,0,0,0,0,1,0,1,5.39023E+20,5.66684E+21,9.55794E+15,5.11517E+16
36800,6.17093E+18,6,4,12,0,2017,9,6,6,3,0,1,0,0,0,1,0,1,1,4.751E+20,5.55432E+21,8.65155E+15,5.01406E+16
36801,6.17101E+18,6,5,31,17,2017,10,13,5,3,5,3,0,1,0,0,0,0,1,4.8521E+20,5.61304E+21,8.79071E+15,5.0669E+16
36802,6.17093E+18,6,4,12,0,2017,9,6,6,3,2,6,0,1,0,0,1,2,1,4.75693E+20,5.54719E+21,8.6603E+15,5.00765E+16
36803,6.17102E+18,6,4,14,0,2017,10,15,1,1,9,1,0,0,0,1,0,0,0,4.46873E+20,5.54691E+21,8.25759E+15,5.0072E+16
36804,6.17093E+18,6,4,12,0,2017,9,21,6,3,5,3,1,1,0,0,0,2,0,4.7643E+20,5.54952E+21,8.67045E+15,5.00975E+16
36805,6.17102E+18,6,4,36,3,2017,10,16,1,3,5,3,0,1,0,0,0,0,0,4.68913E+20,5.55302E+21,8.56506E+15,5.01286E+16
36806,6.17093E+18,6,4,12,0,2017,9,18,6,3,2,6,0,1,0,0,0,0,0,4.76571E+20,5.54871E+21,8.67247E+15,5.00902E+16
36807,6.17093E+18,6,4,12,0,2017,9,16,6,3,2,6,0,1,0,0,0,0,0,4.78083E+20,5.55305E+21,8.69336E+15,5.01293E+16
36808,6.17093E+18,6,4,12,0,2017,9,23,6,2,6,7,0,1,1,0,0,2,0,4.78807E+20,5.55103E+21,8.7036E+15,5.01111E+16
36809,6.17093E+18,6,4,12,0,2017,9,13,6,3,5,2,1,1,0,0,0,0,0,4.81172E+20,5.55212E+21,8.73662E+15,5.0121E+16
36810,6.17093E+18,6,4,12,0,2017,9,7,6,3,5,2,1,1,0,0,0,0,1,4.7478E+20,5.55027E+21,8.64733E+15,5.01042E+16
36811,6.17093E+18,6,4,32,6,2017,9,15,6,3,6,4,0,1,1,0,0,0,0,4.74886E+20,5.53318E+21,8.64993E+15,4.99504E+16
36812,6.17093E+18,6,4,11,0,2017,9,18,6,3,5,3,1,1,0,0,0,1,0,4.74629E+20,5.52307E+21,8.64701E+15,4.98595E+16
36813,6.17093E+18,6,4,11,0,2017,9,10,6,3,2,6,0,1,0,0,0,0,0,4.73854E+20,5.52433E+21,8.63615E+15,4.98708E+16
36814,6.17093E+18,6,6,11,0,2017,9,20,6,3,0,1,0,1,0,0,0,2,0,5.33567E+20,5.68249E+21,9.48141E+15,5.12928E+16
36815,6.17101E+18,6,6,34,13,2017,10,21,5,3,8,1,0,0,0,0,1,2,1,5.33803E+20,5.65639E+21,9.48234E+15,5.1058E+16
36816,6.17101E+18,6,4,33,2,2017,10,8,6,3,2,6,0,1,0,0,0,0,0,4.55331E+20,5.53586E+21,8.37706E+15,4.99734E+16
36817,6.17101E+18,6,4,32,8,2017,10,18,6,3,5,2,0,1,0,0,1,1,0,4.70053E+20,5.52353E+21,8.58331E+15,4.98635E+16
36818,6.17093E+18,6,6,11,0,2017,9,19,6,3,7,1,0,0,1,0,1,1,0,5.31477E+20,5.68681E+21,9.45181E+15,5.13317E+16
36819,6.17093E+18,6,6,11,0,2017,9,17,6,3,5,2,0,1,0,0,0,0,0,5.33431E+20,5.68323E+21,9.47952E+15,5.12995E+16
36820,6.17101E+18,6,4,12,0,2017,10,10,2,3,5,3,1,1,0,0,0,0,0,4.76137E+20,5.55514E+21,8.666E+15,5.0148E+16
36821,6.17101E+18,6,4,12,0,2017,10,14,2,3,2,6,0,1,0,0,0,0,0,4.80749E+20,5.55184E+21,8.73072E+15,5.01185E+16
36822,6.17102E+18,6,4,12,0,2017,10,20,1,3,5,2,1,1,0,0,0,1,0,4.7696E+20,5.5504E+21,8.67781E+15,5.01054E+16
36823,6.17101E+18,6,4,12,0,2017,10,22,2,3,5,2,1,1,0,0,0,2,0,4.82442E+20,5.55201E+21,8.75439E+15,5.01201E+16
36824,6.17101E+18,6,4,39,12,2017,10,9,2,1,8,1,0,1,0,0,0,0,0,4.31695E+20,5.54025E+21,8.04669E+15,5.00106E+16
36825,6.17101E+18,6,4,34,3,2017,10,10,2,3,5,3,0,1,0,0,0,0,0,4.57503E+20,5.56319E+21,8.40431E+15,5.02194E+16
36826,6.17101E+18,6,5,33,18,2017,10,15,2,3,8,1,0,1,0,0,0,0,1,4.60211E+20,5.58432E+21,8.44003E+15,5.04095E+16
36827,6.17101E+18,6,4,32,2,2017,10,15,2,3,2,6,0,1,0,0,0,0,0,4.94681E+20,5.53183E+21,8.92588E+15,4.99388E+16
36828,6.17101E+18,6,4,32,4,2017,10,22,2,2,8,1,0,1,0,0,0,2,1,4.87217E+20,5.52789E+21,8.822E+15,4.99032E+16
36829,6.17101E+18,6,4,32,17,2017,10,22,2,3,9,1,0,1,0,0,0,2,1,4.95225E+20,5.51699E+21,8.93364E+15,4.98053E+16
36830,6.17101E+18,6,4,32,19,2017,10,13,2,3,5,3,0,1,0,0,0,0,0,4.85295E+20,5.52243E+21,8.79543E+15,4.98541E+16
36831,6.17101E+18,6,5,34,4,2017,10,7,2,3,5,2,0,1,0,0,1,0,0,4.65215E+20,5.64086E+21,8.50513E+15,5.09184E+16
36832,6.17101E+18,6,4,31,13,2017,10,0,2,2,2,6,0,1,0,0,0,2,1,4.61239E+20,5.49564E+21,8.46346E+15,4.96121E+16
36833,6.17101E+18,6,5,35,1,2017,10,3,2,3,9,1,0,1,0,0,0,2,0,5.19693E+20,5.62655E+21,9.27939E+15,5.07904E+16
36834,6.17093E+18,6,6,34,7,2017,9,15,6,3,6,6,0,1,1,0,0,0,0,5.25608E+20,5.66972E+21,9.36636E+15,5.11784E+16
36835,6.17101E+18,6,5,35,1,2017,10,15,2,3,8,1,0,1,0,0,0,0,1,5.30177E+20,5.62472E+21,9.42798E+15,5.07734E+16
36836,6.17093E+18,6,6,34,5,2017,9,8,6,2,0,6,0,1,0,1,0,0,0,5.20054E+20,5.66542E+21,9.28665E+15,5.11399E+16
36837,6.17101E+18,6,6,31,18,2017,10,6,2,3,8,1,0,1,0,0,0,0,1,5.43224E+20,5.58815E+21,9.60875E+15,5.04438E+16
36838,6.17093E+18,6,4,39,11,2017,9,8,6,3,2,6,0,1,0,0,0,0,1,4.51895E+20,5.55557E+21,8.32667E+15,5.01504E+16
36839,6.17101E+18,6,6,31,18,2017,10,15,2,2,8,1,0,1,0,0,0,0,1,5.36473E+20,5.59052E+21,9.5139E+15,5.04655E+16
36840,6.17093E+18,6,4,39,15,2017,9,7,6,3,6,4,0,1,1,0,0,2,0,4.40061E+20,5.55445E+21,8.16122E+15,5.01392E+16
36841,6.17093E+18,6,4,39,15,2017,9,8,6,3,8,1,0,1,0,0,0,0,1,4.39395E+20,5.55833E+21,8.15128E+15,5.01741E+16
36842,6.17101E+18,6,6,31,4,2017,10,0,2,3,8,7,0,1,0,0,0,2,1,5.56248E+20,5.59263E+21,9.79282E+15,5.04829E+16
36843,6.17101E+18,6,4,38,3,2017,10,18,2,2,8,1,0,1,0,0,0,2,1,4.78241E+20,5.53661E+21,8.6965E+15,4.99814E+16
36844,6.17093E+18,6,4,35,4,2017,9,11,6,3,8,1,0,1,0,0,0,0,0,5.23049E+20,5.58582E+21,9.32447E+15,5.04239E+16
36845,6.17093E+18,6,4,38,6,2017,9,15,6,3,0,6,0,1,0,0,0,0,0,4.78478E+20,5.53726E+21,8.69978E+15,4.99873E+16
36846,6.17101E+18,6,6,31,15,2017,10,9,2,3,0,7,0,0,0,0,1,0,0,5.47828E+20,5.61304E+21,9.67677E+15,5.06672E+16
36847,6.17093E+18,6,5,33,17,2017,9,15,6,2,5,3,0,1,0,0,0,0,0,4.47349E+20,5.59339E+21,8.25776E+15,5.04902E+16
36848,6.17101E+18,6,6,33,29,2017,10,15,2,3,8,1,0,1,0,0,0,0,0,5.19569E+20,5.68863E+21,9.28099E+15,5.13486E+16
36849,6.17093E+18,6,5,33,17,2017,9,15,6,3,2,6,0,1,0,0,0,0,0,4.48687E+20,5.59231E+21,8.27676E+15,5.04805E+16
36850,6.17102E+18,6,4,37,11,2017,10,18,1,2,4,1,0,1,0,1,0,0,0,4.95831E+20,5.50642E+21,8.94218E+15,4.97103E+16
36851,6.17093E+18,6,4,35,10,2017,9,19,6,2,0,7,1,0,0,0,0,1,0,5.13792E+20,5.56057E+21,9.19323E+15,5.01972E+16
36852,6.17102E+18,6,4,37,6,2017,10,15,1,2,4,1,0,1,0,1,0,0,0,5.02749E+20,5.50123E+21,9.03809E+15,4.96636E+16
36853,6.17101E+18,6,4,12,0,2017,10,19,2,3,0,7,0,1,0,0,0,2,0,4.66713E+20,5.54726E+21,8.53479E+15,5.00767E+16
36854,6.17101E+18,6,4,12,0,2017,10,22,2,2,2,6,0,1,0,0,1,2,0,4.71973E+20,5.55709E+21,8.60758E+15,5.01653E+16
36855,6.17093E+18,6,4,40,4,2017,9,9,6,3,5,3,0,1,0,0,0,0,1,5.0519E+20,5.57145E+21,9.07287E+15,5.02952E+16
36856,6.17101E+18,6,4,12,0,2017,10,12,2,3,3,6,0,1,0,0,0,0,0,4.70907E+20,5.55358E+21,8.59292E+15,5.01337E+16
36857,6.17093E+18,6,4,11,0,2017,9,9,6,2,5,2,0,1,0,0,0,0,0,4.73384E+20,5.51819E+21,8.63003E+15,4.98155E+16
36858,6.17101E+18,6,4,12,0,2017,10,18,2,3,2,6,0,1,0,0,0,1,0,4.7927E+20,5.54568E+21,8.71036E+15,5.00631E+16
36859,6.17093E+18,6,4,32,19,2017,9,10,6,3,4,6,0,1,0,0,1,0,0,4.86734E+20,5.51955E+21,8.81555E+15,4.98282E+16
36860,6.17093E+18,6,4,40,2,2017,9,7,6,3,0,6,0,1,0,1,0,0,1,4.84119E+20,5.57807E+21,8.77677E+15,5.03545E+16
36861,6.17093E+18,6,4,31,10,2017,9,16,6,3,5,3,0,1,0,0,0,0,0,4.63457E+20,5.50745E+21,8.49305E+15,4.97185E+16
36862,6.17101E+18,6,4,31,20,2017,10,7,2,3,2,6,0,1,0,0,1,0,0,4.68145E+20,5.48639E+21,8.55979E+15,4.95293E+16
36863,6.17093E+18,6,4,31,2,2017,9,21,6,3,6,2,0,1,1,0,0,2,0,4.72748E+20,5.50488E+21,8.62212E+15,4.96959E+16
36864,6.17093E+18,6,4,31,14,2017,9,19,6,3,8,1,0,0,0,1,0,2,0,4.78259E+20,5.51075E+21,8.6982E+15,4.97489E+16
36865,6.17093E+18,6,5,35,9,2017,9,19,6,3,4,6,0,1,0,1,0,2,0,4.98078E+20,5.62041E+21,8.97277E+15,5.07355E+16
36866,6.17093E+18,6,4,33,2,2017,9,5,6,2,5,3,0,1,0,1,0,2,1,4.52843E+20,5.53833E+21,8.34206E+15,4.99954E+16
36867,6.17093E+18,6,5,34,18,2017,9,14,6,3,5,2,1,1,0,0,0,0,0,5.0091E+20,5.62952E+21,9.01292E+15,5.08174E+16
36868,6.17101E+18,6,4,32,10,2017,10,17,5,3,2,6,0,1,0,0,1,0,1,4.90077E+20,5.52669E+21,8.86184E+15,4.98925E+16
36869,6.17101E+18,6,4,39,3,2017,10,15,5,3,2,6,0,1,0,0,0,0,1,4.36317E+20,5.54665E+21,8.11013E+15,5.00687E+16
36870,6.17101E+18,6,6,11,0,2017,10,9,5,3,5,3,0,1,0,0,0,0,1,5.35722E+20,5.68458E+21,9.51252E+15,5.13115E+16
36871,6.17093E+18,6,6,31,18,2017,9,18,6,3,8,1,0,1,0,0,0,1,0,5.36455E+20,5.59051E+21,9.51365E+15,5.04655E+16
36872,6.17101E+18,6,5,35,1,2017,10,2,6,3,7,7,0,1,0,0,0,2,1,5.21092E+20,5.62208E+21,9.29898E+15,5.07501E+16
36873,6.17093E+18,6,5,32,3,2017,9,9,6,3,8,6,0,1,0,0,1,0,1,4.54205E+20,5.59582E+21,8.35411E+15,5.05126E+16
36874,6.17101E+18,6,4,35,19,2017,10,19,6,3,0,4,0,1,1,0,0,1,0,4.90135E+20,5.55355E+21,8.86196E+15,5.01341E+16
36875,6.17093E+18,6,5,32,21,2017,9,2,6,2,8,1,0,1,0,0,0,2,0,4.58546E+20,5.59807E+21,8.41508E+15,5.05331E+16
36876,6.17093E+18,6,4,38,10,2017,9,14,6,3,2,6,0,1,0,0,0,0,0,4.92172E+20,5.54609E+21,8.89062E+15,5.0067E+16
36877,6.17101E+18,6,4,33,7,2017,10,15,2,3,9,1,0,1,0,0,1,0,0,4.64617E+20,5.54226E+21,8.50597E+15,5.00316E+16
36878,6.17101E+18,6,5,31,5,2017,10,14,1,3,8,1,0,1,0,0,0,0,1,4.79844E+20,5.60873E+21,8.71502E+15,5.063E+16
36879,6.17102E+18,6,4,37,8,2017,10,16,1,3,9,1,0,0,0,1,0,0,1,5.02839E+20,5.49196E+21,9.03927E+15,4.95802E+16
36880,6.17101E+18,6,6,32,6,2017,10,12,1,3,8,1,0,1,0,0,0,0,1,5.59615E+20,5.63479E+21,9.84707E+15,5.08617E+16
36881,6.17101E+18,6,4,13,0,2017,10,11,1,3,3,6,0,1,0,1,0,0,0,4.82721E+20,5.55047E+21,8.75837E+15,5.01062E+16
36882,6.17102E+18,6,4,11,0,2017,10,15,1,3,2,6,0,1,0,0,0,0,0,4.77439E+20,5.52583E+21,8.68594E+15,4.98845E+16
36883,6.17101E+18,6,4,32,23,2017,10,14,1,2,5,3,0,1,0,0,0,0,0,4.71082E+20,5.52756E+21,8.59733E+15,4.98997E+16
36884,6.17101E+18,6,4,11,0,2017,10,10,1,3,5,2,1,1,0,0,0,0,0,4.73482E+20,5.52426E+21,8.63098E+15,4.98701E+16