OBJECTID,UIDENTSTLA,ULAND,UREGBEZ,UKREIS,UGEMEINDE,UJAHR,UMONAT,USTUNDE,UWOCHENTAG,UKATEGORIE,UART,UTYP1,IstRad,IstPKW,IstFuss,IstKrad,IstSonstig,LICHT,STRZUSTAND,LINREFX,LINREFY,XGCSWGS84,YGCSWGS84
37058,6.17111E+18,6,4,35,4,2017,11,3,1,3,9,1,0,1,0,0,0,2,0,5.2304E+20,5.57637E+21,9.32377E+15,5.0339E+16
37059,6.17111E+18,6,4,35,26,2017,11,6,1,2,8,1,0,1,0,0,0,2,1,4.9028E+20,5.56179E+21,8.86378E+15,5.02082E+16
37060,6.17111E+18,6,4,38,11,2017,11,20,1,3,5,3,0,1,0,0,0,2,1,4.91386E+20,5.54637E+21,8.87963E+15,5.00695E+16
37061,6.17111E+18,6,5,33,15,2017,11,2,1,2,8,1,0,1,0,0,0,2,1,4.45251E+20,5.58063E+21,8.23005E+15,5.03752E+16
37062,6.17111E+18,6,5,32,9,2017,11,20,1,3,2,6,0,1,0,0,0,2,0,4.56156E+20,5.63056E+21,8.37751E+15,5.08251E+16
37063,6.17111E+18,6,4,31,12,2017,11,20,1,2,8,1,0,1,0,0,0,2,0,4.91651E+20,5.4775E+21,8.88481E+15,4.94501E+16
37064,6.17111E+18,6,5,34,20,2017,11,23,1,3,9,7,0,1,0,0,0,2,1,4.81409E+20,5.61914E+21,8.73661E+15,5.07237E+16
37065,6.17111E+18,6,5,32,3,2017,11,18,1,3,7,7,0,1,0,0,0,2,0,4.5971E+20,5.5933E+21,8.43202E+15,5.04903E+16
37066,6.17103E+18,6,4,33,12,2017,10,8,4,3,2,6,0,1,0,0,0,0,1,4.59961E+20,5.53738E+21,8.44146E+15,4.99874E+16
37067,6.17103E+18,6,5,31,6,2017,10,16,6,3,5,3,0,1,0,0,0,0,0,4.96262E+20,5.60474E+21,8.94719E+15,5.05946E+16
37068,6.17103E+18,6,4,33,6,2017,10,7,4,3,5,3,1,1,0,0,0,2,1,4.62917E+20,5.52468E+21,8.48392E+15,4.98734E+16
37069,6.17111E+18,6,4,14,0,2017,11,19,2,3,0,2,0,1,0,0,1,2,0,4.45382E+20,5.54769E+21,8.23663E+15,5.0079E+16
37070,6.17103E+18,6,5,31,4,2017,10,8,6,3,2,6,0,1,0,0,0,0,0,4.81583E+20,5.60148E+21,8.73995E+15,5.0565E+16
37071,6.17103E+18,6,4,35,14,2017,10,19,4,2,5,3,0,1,0,0,0,1,0,4.96756E+20,5.55033E+21,8.95464E+15,5.01052E+16
37072,6.17103E+18,6,6,31,15,2017,10,7,4,3,9,6,0,1,0,0,1,2,1,5.48155E+20,5.60987E+21,9.681E+15,5.06387E+16
37073,6.17103E+18,6,4,35,25,2017,10,17,6,3,2,6,0,1,0,0,0,0,0,5.35712E+20,5.5793E+21,9.50211E+15,5.03647E+16
37074,6.17103E+18,6,6,33,17,2017,10,10,4,2,2,6,0,0,0,0,1,0,0,5.36704E+20,5.68047E+21,9.52619E+15,5.12744E+16
37075,6.17103E+18,6,6,11,0,2017,10,7,4,3,2,6,0,1,0,0,0,0,0,5.34137E+20,5.68178E+21,9.48952E+15,5.12864E+16
37076,6.17103E+18,6,6,34,16,2017,10,16,6,3,2,6,0,1,0,0,0,0,0,5.1433E+20,5.65053E+21,9.20425E+15,5.10061E+16
37077,6.17103E+18,6,4,12,0,2017,10,11,4,3,8,1,0,1,0,0,0,0,0,4.71724E+20,5.5449E+21,8.605E+15,5.00557E+16
37078,6.17103E+18,6,4,12,0,2017,10,6,4,3,3,6,0,1,0,0,0,1,1,4.66429E+20,5.55144E+21,8.53046E+15,5.01142E+16
37079,6.17103E+18,6,4,12,0,2017,10,10,4,3,2,6,0,1,0,0,0,0,0,4.6777E+20,5.5522E+21,8.54914E+15,5.01212E+16
37080,6.17103E+18,6,5,33,9,2017,10,12,4,2,2,6,0,0,0,0,1,0,0,4.35625E+20,5.58093E+21,8.09464E+15,5.03769E+16
37081,6.17103E+18,6,4,14,0,2017,10,10,4,3,9,1,0,1,0,0,0,0,1,4.49185E+20,5.54462E+21,8.29019E+15,5.00517E+16
37082,6.17103E+18,6,4,31,2,2017,10,14,4,2,3,6,0,1,0,0,1,0,0,4.71364E+20,5.5049E+21,8.60293E+15,4.96959E+16
37083,6.17103E+18,6,4,40,24,2017,10,9,4,3,8,1,0,1,0,0,1,0,1,4.8994E+20,5.58514E+21,8.8584E+15,5.04182E+16
37084,6.17103E+18,6,5,31,5,2017,10,7,4,3,2,6,0,1,0,0,1,0,0,4.79394E+20,5.6029E+21,8.70898E+15,5.05777E+16
37085,6.17102E+18,6,4,35,21,2017,10,7,3,3,1,5,0,1,0,1,0,0,1,4.93649E+20,5.56369E+21,8.91097E+15,5.02253E+16
37086,6.17102E+18,6,6,32,11,2017,10,0,3,2,9,1,0,1,0,0,0,2,0,5.37582E+20,5.62995E+21,9.53353E+15,5.082E+16
37087,6.17102E+18,6,5,33,9,2017,10,7,3,2,3,6,0,1,0,1,0,0,0,4.34292E+20,5.58429E+21,8.07532E+15,5.04069E+16
37088,6.17102E+18,6,5,33,9,2017,10,7,3,3,2,6,0,1,0,0,0,1,0,4.37157E+20,5.5806E+21,8.11624E+15,5.03741E+16
37089,6.17111E+18,6,5,31,4,2017,11,23,1,3,0,7,0,1,0,0,0,2,1,4.81811E+20,5.60366E+21,8.74308E+15,5.05846E+16
37090,6.17102E+18,6,6,33,15,2017,10,17,3,3,0,7,0,1,0,0,0,0,0,5.41685E+20,5.68106E+21,9.59766E+15,5.12793E+16
37091,6.17111E+18,6,4,38,11,2017,11,10,1,3,3,6,0,1,0,0,0,0,1,4.89929E+20,5.5454E+21,8.8593E+15,5.00608E+16
37092,6.17102E+18,6,6,33,15,2017,10,14,3,3,2,6,0,1,0,0,0,0,0,5.43316E+20,5.68079E+21,9.62101E+15,5.12768E+16
37093,6.17111E+18,6,6,33,23,2017,11,17,1,2,8,1,0,1,0,0,0,2,1,5.24751E+20,5.68235E+21,9.35496E+15,5.12919E+16
37094,6.17102E+18,6,4,14,0,2017,10,7,3,3,2,6,0,1,0,0,1,0,1,4.49141E+20,5.54474E+21,8.28956E+15,5.00528E+16
37095,6.17102E+18,6,4,13,0,2017,10,7,3,3,5,3,1,1,0,0,0,2,1,4.83295E+20,5.54776E+21,8.76652E+15,5.00819E+16
37096,6.17102E+18,6,4,11,0,2017,10,8,3,3,2,6,0,1,0,0,0,0,0,4.73314E+20,5.52656E+21,8.62848E+15,4.98908E+16
37097,6.17102E+18,6,4,37,13,2017,10,10,3,3,5,3,0,1,0,0,0,0,1,4.90222E+20,5.50038E+21,8.86453E+15,4.96559E+16
37098,6.17102E+18,6,4,11,0,2017,10,7,3,3,5,3,1,0,0,0,1,1,1,4.75312E+20,5.52461E+21,8.65642E+15,4.98734E+16
37099,6.17102E+18,6,6,34,13,2017,10,22,3,3,4,6,0,1,0,0,1,2,0,5.39176E+20,5.6591E+21,9.5593E+15,5.10821E+16
37100,6.17102E+18,6,6,33,29,2017,10,19,3,3,6,7,0,1,1,0,1,2,0,5.218E+20,5.69022E+21,9.31313E+15,5.13628E+16
37101,6.17102E+18,6,6,35,4,2017,10,23,3,3,8,1,0,1,0,0,0,2,1,4.70951E+20,5.65233E+21,8.58583E+15,5.10218E+16
37102,6.17102E+18,6,4,39,7,2017,10,7,3,3,4,6,0,0,0,1,1,1,0,4.45383E+20,5.56868E+21,8.23363E+15,5.02677E+16
37103,6.17102E+18,6,4,39,11,2017,10,6,3,3,7,1,0,1,0,0,0,2,1,4.51659E+20,5.55592E+21,8.32332E+15,5.01535E+16
37104,6.17111E+18,6,6,35,8,2017,11,18,1,2,2,6,0,1,0,0,0,2,0,5.04066E+20,5.70297E+21,9.05854E+15,5.14779E+16
37105,6.17102E+18,6,4,39,13,2017,10,13,3,3,2,6,0,1,0,0,0,0,0,4.23935E+20,5.53713E+21,7.93903E+15,4.99816E+16
37106,6.17111E+18,6,4,33,12,2017,11,20,3,3,9,1,0,1,0,0,0,2,0,4.59689E+20,5.53607E+21,8.43781E+15,4.99756E+16
37107,6.17111E+18,6,6,33,8,2017,11,14,1,3,2,6,0,1,0,0,0,0,1,5.3567E+20,5.67897E+21,9.51122E+15,5.1261E+16
37108,6.17102E+18,6,4,38,9,2017,10,22,3,3,2,6,0,1,0,0,0,2,1,4.82001E+20,5.54467E+21,8.74856E+15,5.00541E+16
37109,6.17111E+18,6,6,32,15,2017,11,15,1,3,2,6,0,1,0,0,0,0,1,5.40255E+20,5.63044E+21,9.57152E+15,5.08242E+16
37110,6.17111E+18,6,4,12,0,2017,11,6,1,3,8,1,0,1,0,0,0,2,1,4.74838E+20,5.55344E+21,8.64793E+15,5.01327E+16
37111,6.17102E+18,6,4,35,19,2017,10,12,3,3,9,1,0,1,0,0,0,0,1,4.89349E+20,5.55757E+21,8.85085E+15,5.01703E+16
37112,6.17111E+18,6,4,36,4,2017,11,13,1,3,2,6,0,1,0,0,0,0,1,4.60072E+20,5.5426E+21,8.44247E+15,5.00344E+16
37113,6.17111E+18,6,4,31,2,2017,11,13,1,3,9,1,0,1,0,0,0,0,1,4.71267E+20,5.50241E+21,8.60177E+15,4.96735E+16
37114,6.17102E+18,6,4,34,6,2017,10,7,3,3,5,2,1,1,0,0,0,0,1,4.65052E+20,5.55871E+21,8.51054E+15,5.01796E+16
37115,6.17102E+18,6,5,33,1,2017,10,13,3,2,8,7,0,1,0,0,0,0,0,4.40084E+20,5.59257E+21,8.15549E+15,5.04821E+16
37116,6.17111E+18,6,4,33,3,2017,11,13,1,3,3,6,0,1,0,0,0,0,1,4.65102E+20,5.52847E+21,8.51398E+15,4.99076E+16
37117,6.17102E+18,6,4,36,2,2017,10,15,3,2,4,1,0,1,0,0,0,0,0,4.56483E+20,5.55428E+21,8.39102E+15,5.01392E+16
37118,6.17111E+18,6,4,32,18,2017,11,2,1,3,2,6,0,1,0,0,0,2,1,4.72305E+20,5.51399E+21,8.61533E+15,4.97777E+16
37119,6.17102E+18,6,4,35,18,2017,10,19,3,2,5,3,0,1,0,0,0,2,1,5.1413E+20,5.55922E+21,9.19792E+15,5.0185E+16
37120,6.17103E+18,6,4,12,0,2017,10,19,6,3,2,6,0,1,0,0,0,1,0,4.74564E+20,5.56091E+21,8.6436E+15,5.01998E+16
37121,6.17111E+18,6,5,32,15,2017,11,12,1,3,8,7,0,1,0,0,0,0,1,4.68446E+20,5.60128E+21,8.55449E+15,5.05626E+16
37122,6.17103E+18,6,4,12,0,2017,10,19,6,3,2,6,0,1,0,0,0,1,0,4.70188E+20,5.5522E+21,8.58298E+15,5.01213E+16
37123,6.17103E+18,6,4,12,0,2017,10,18,6,3,2,6,0,1,0,0,0,2,0,4.68894E+20,5.54446E+21,8.5655E+15,5.00516E+16
37124,6.1711E+18,6,4,35,13,2017,11,17,7,3,5,2,0,1,0,0,0,1,0,4.97626E+20,5.56327E+21,8.96672E+15,5.02216E+16
37125,6.1711E+18,6,5,33,9,2017,11,15,7,2,8,1,0,1,0,0,0,0,0,4.37158E+20,5.58157E+21,8.1161E+15,5.03829E+16
37126,6.1711E+18,6,5,33,13,2017,11,16,7,3,9,1,0,1,0,0,0,0,0,4.39008E+20,5.58376E+21,8.14176E+15,5.04028E+16
37127,6.1711E+18,6,6,11,0,2017,11,14,7,2,6,4,0,1,1,0,0,0,0,5.33815E+20,5.68384E+21,9.48509E+15,5.13049E+16
37128,6.1711E+18,6,4,14,0,2017,11,15,7,2,6,7,0,0,1,0,1,0,0,4.49008E+20,5.55176E+21,8.28677E+15,5.01159E+16
37129,6.1711E+18,6,6,11,0,2017,11,0,7,3,3,6,0,1,0,0,1,2,1,5.32041E+20,5.68429E+21,9.45969E+15,5.1309E+16
37130,6.1711E+18,6,6,34,5,2017,11,19,7,3,5,3,0,1,0,0,0,2,0,5.19186E+20,5.66537E+21,9.27424E+15,5.11395E+16
37131,6.1711E+18,6,6,34,27,2017,11,13,7,3,2,1,0,1,0,0,0,0,0,5.1159E+20,5.65338E+21,9.16529E+15,5.10319E+16
37132,6.1711E+18,6,5,33,17,2017,11,16,7,3,0,7,0,0,0,1,0,0,0,4.46249E+20,5.59188E+21,8.24247E+15,5.04765E+16
37133,6.1711E+18,6,5,33,18,2017,11,12,7,3,5,3,0,1,0,0,0,0,0,4.55743E+20,5.5868E+21,8.37687E+15,5.04315E+16
37134,6.1711E+18,6,4,36,7,2017,11,22,7,3,8,1,0,1,0,0,0,2,0,4.58574E+20,5.55187E+21,8.42054E+15,5.01177E+16
37135,6.17102E+18,6,4,40,4,2017,10,15,3,3,8,1,0,1,0,0,0,0,1,5.07779E+20,5.56757E+21,9.10913E+15,5.02603E+16
37136,6.17111E+18,6,5,32,13,2017,11,17,2,3,8,1,0,1,0,0,0,1,1,4.67571E+20,5.61365E+21,8.54106E+15,5.06737E+16
37137,6.17102E+18,6,4,38,1,2017,10,19,3,2,6,4,0,1,1,0,0,2,1,4.8448E+20,5.5412E+21,8.78334E+15,5.00229E+16
37138,6.17111E+18,6,4,37,11,2017,11,7,2,2,8,1,0,1,0,0,0,1,0,5.00489E+20,5.50486E+21,9.00678E+15,4.96962E+16
37139,6.17103E+18,6,4,31,6,2017,10,13,6,3,2,6,0,1,0,0,1,0,0,4.67835E+20,5.50309E+21,8.55415E+15,4.96795E+16
37140,6.17102E+18,6,4,32,10,2017,10,6,3,3,2,6,0,1,0,0,1,2,1,4.9178E+20,5.52588E+21,8.88558E+15,4.98853E+16
37141,6.17102E+18,6,4,32,22,2017,10,17,3,3,3,6,1,1,0,0,0,1,0,4.74406E+20,5.5128E+21,8.64459E+15,4.97671E+16
37142,6.17103E+18,6,5,31,16,2017,10,23,6,2,2,6,0,0,0,0,1,2,0,4.87622E+20,5.60639E+21,8.82506E+15,5.06092E+16
37143,6.17102E+18,6,4,32,20,2017,10,18,3,2,5,3,1,1,0,0,0,0,0,4.8318E+20,5.52397E+21,8.76594E+15,4.98679E+16
37144,6.17103E+18,6,4,40,23,2017,10,14,6,3,2,6,0,1,0,0,0,0,0,4.76366E+20,5.5699E+21,8.66829E+15,5.02808E+16
37145,6.17102E+18,6,4,40,7,2017,10,7,3,2,6,4,0,1,1,0,0,2,1,4.90013E+20,5.57421E+21,8.85972E+15,5.03199E+16
37146,6.17103E+18,6,6,36,3,2017,10,12,5,3,5,3,1,1,0,0,0,0,0,5.71118E+20,5.67224E+21,1.00178E+16,5.11972E+16
37147,6.17102E+18,6,4,31,2,2017,10,7,3,3,2,6,0,1,0,0,0,1,1,4.71133E+20,5.50333E+21,8.59985E+15,4.96818E+16
37148,6.17102E+18,6,5,35,1,2017,10,14,3,3,8,1,0,1,0,0,0,0,0,5.24503E+20,5.62195E+21,9.34732E+15,5.07488E+16
37149,6.1711E+18,6,4,31,11,2017,11,15,7,3,2,6,0,1,0,0,0,0,0,4.7379E+20,5.50007E+21,8.63689E+15,4.96526E+16
37150,6.1711E+18,6,4,32,4,2017,11,17,7,3,2,6,0,1,0,0,0,1,0,4.89533E+20,5.52884E+21,8.85421E+15,4.99118E+16
37151,6.1711E+18,6,4,32,3,2017,11,13,7,3,5,3,0,1,0,0,0,0,0,4.71941E+20,5.5111E+21,8.61048E+15,4.97518E+16
37152,6.1711E+18,6,4,31,20,2017,11,14,7,3,5,2,1,1,0,0,0,0,0,4.6802E+20,5.48603E+21,8.5581E+15,4.9526E+16
37153,6.17102E+18,6,4,33,8,2017,10,18,3,3,2,6,0,1,0,0,0,1,0,4.70501E+20,5.53871E+21,8.58839E+15,5E+16
37154,6.17102E+18,6,5,34,6,2017,10,18,3,3,5,3,0,1,0,1,0,2,1,4.84972E+20,5.633E+21,8.78652E+15,5.08485E+16
37155,6.17102E+18,6,5,34,20,2017,10,18,3,3,4,1,0,1,0,0,0,2,1,4.76828E+20,5.61991E+21,8.67166E+15,5.07305E+16
37156,6.17103E+18,6,6,36,3,2017,10,1,5,3,8,1,0,1,0,0,0,2,0,5.72948E+20,5.67167E+21,1.00439E+16,5.11918E+16
37157,6.17102E+18,6,5,34,9,2017,10,7,3,3,2,6,0,1,0,0,0,1,0,4.80688E+20,5.61676E+21,8.72653E+15,5.07023E+16
37158,6.17102E+18,6,6,31,2,2017,10,9,3,3,5,3,0,1,0,0,0,0,0,5.5074E+20,5.61818E+21,9.71868E+15,5.07132E+16
37159,6.17103E+18,6,6,32,19,2017,10,14,5,2,2,6,0,1,0,0,0,0,0,5.59442E+20,5.62998E+21,9.84384E+15,5.08185E+16
37160,6.17102E+18,6,6,31,9,2017,10,19,3,3,5,2,0,1,0,1,0,2,0,5.46216E+20,5.60029E+21,9.65238E+15,5.05528E+16
37161,6.17102E+18,6,5,32,23,2017,10,21,3,2,4,1,0,1,0,1,0,2,0,4.64447E+20,5.60086E+21,8.49807E+15,5.05586E+16
37162,6.17103E+18,6,5,33,9,2017,10,19,5,3,5,2,0,1,0,0,0,2,0,4.30421E+20,5.5828E+21,8.02112E+15,5.03931E+16
37163,6.17102E+18,6,4,38,2,2017,10,8,3,3,2,6,0,1,0,0,0,0,0,4.79387E+20,5.54238E+21,8.71218E+15,5.00334E+16
37164,6.17102E+18,6,4,35,17,2017,10,20,3,3,1,6,0,1,0,0,0,2,1,5.00814E+20,5.55575E+21,9.0114E+15,5.0154E+16
37165,6.17102E+18,6,4,35,23,2017,10,19,3,3,2,6,0,1,0,0,1,2,1,5.01055E+20,5.55606E+21,9.01477E+15,5.01567E+16
37166,6.17102E+18,6,6,33,3,2017,10,11,3,2,2,6,0,1,0,0,1,0,0,5.33567E+20,5.67888E+21,9.48107E+15,5.12603E+16
37167,6.17102E+18,6,4,13,0,2017,10,17,3,3,3,6,0,1,0,0,1,0,1,4.82267E+20,5.5459E+21,8.75223E+15,5.00651E+16
37168,6.17102E+18,6,4,13,0,2017,10,15,3,3,2,6,0,1,0,0,1,0,0,4.81162E+20,5.54782E+21,8.7367E+15,5.00824E+16
37169,6.17102E+18,6,4,33,2,2017,10,12,3,3,3,6,0,1,0,0,1,0,0,4.52969E+20,5.53684E+21,8.34399E+15,4.99821E+16
37170,6.17102E+18,6,4,31,2,2017,10,7,3,3,2,6,0,1,0,0,0,1,1,4.71156E+20,5.50247E+21,8.60022E+15,4.9674E+16
37171,6.17102E+18,6,4,33,2,2017,10,13,3,3,2,6,0,1,0,0,1,0,0,4.53618E+20,5.53632E+21,8.35311E+15,4.99774E+16
37172,6.17102E+18,6,5,31,5,2017,10,7,3,3,2,6,0,1,0,0,0,2,0,4.79672E+20,5.60515E+21,8.71278E+15,5.05979E+16
37173,6.1711E+18,6,5,35,1,2017,11,10,7,3,2,6,0,1,0,0,0,0,0,5.22291E+20,5.62172E+21,9.31595E+15,5.07468E+16
37174,6.17102E+18,6,5,31,12,2017,10,8,3,2,2,6,0,1,0,0,0,0,0,4.74502E+20,5.5974E+21,8.64027E+15,5.0528E+16
37175,6.1711E+18,6,4,12,0,2017,11,10,7,3,2,2,0,1,0,0,1,0,0,4.81825E+20,5.5564E+21,8.74556E+15,5.01595E+16
37176,6.17102E+18,6,5,31,5,2017,10,13,2,3,2,6,0,1,0,0,1,0,0,4.75519E+20,5.60594E+21,8.65405E+15,5.06049E+16
37177,6.1711E+18,6,4,12,0,2017,11,18,7,3,2,6,0,1,0,0,0,2,0,4.81656E+20,5.55633E+21,8.74319E+15,5.01589E+16
37178,6.1711E+18,6,4,35,12,2017,11,12,7,3,5,3,1,1,0,0,0,0,0,5.07656E+20,5.56021E+21,9.10725E+15,5.0194E+16
37179,6.17102E+18,6,6,32,2,2017,10,15,2,3,3,6,0,1,0,0,1,0,0,5.50821E+20,5.63495E+21,9.72215E+15,5.0864E+16
37180,6.1711E+18,6,6,31,9,2017,11,13,7,3,2,6,0,1,0,0,1,0,0,5.49093E+20,5.60444E+21,9.69354E+15,5.05898E+16
37181,6.17102E+18,6,5,33,13,2017,10,6,2,2,5,3,0,1,0,0,0,2,1,4.35708E+20,5.58654E+21,8.09485E+15,5.04273E+16
37182,6.1711E+18,6,6,33,20,2017,11,15,7,3,2,6,0,1,0,0,0,0,0,5.40023E+20,5.68634E+21,9.57443E+15,5.1327E+16
37183,6.17102E+18,6,4,14,0,2017,10,7,2,3,8,6,0,0,0,1,1,2,1,4.54046E+20,5.54393E+21,8.35816E+15,5.00459E+16
37184,6.1711E+18,6,4,31,20,2017,11,16,7,3,2,6,0,1,0,0,0,2,0,4.69478E+20,5.48641E+21,8.57821E+15,4.95295E+16
37185,6.17102E+18,6,4,14,0,2017,10,17,2,3,6,6,0,1,1,0,0,1,0,4.48732E+20,5.54801E+21,8.28341E+15,5.00821E+16
37186,6.17111E+18,6,4,33,12,2017,11,5,4,3,5,3,1,1,0,0,0,2,1,4.57939E+20,5.53612E+21,8.4134E+15,4.99759E+16
37187,6.17103E+18,6,5,33,9,2017,10,7,5,3,2,6,0,1,0,0,0,0,0,4.31895E+20,5.58323E+21,8.04177E+15,5.03972E+16
37188,6.17103E+18,6,4,14,0,2017,10,9,5,3,2,6,0,1,0,0,0,0,0,4.47132E+20,5.5466E+21,8.26124E+15,5.00694E+16
37189,6.1711E+18,6,5,33,6,2017,11,16,6,3,2,6,0,1,0,0,0,0,0,4.32117E+20,5.58379E+21,8.0448E+15,5.04023E+16
37190,6.17103E+18,6,4,14,0,2017,10,15,5,3,2,2,0,1,0,0,0,0,0,4.47936E+20,5.54725E+21,8.27238E+15,5.00753E+16
37191,6.1711E+18,6,6,11,0,2017,11,6,6,3,5,3,0,1,0,1,0,2,0,5.37551E+20,5.68233E+21,9.53853E+15,5.12911E+16
37192,6.1711E+18,6,6,33,9,2017,11,14,6,3,5,3,0,1,0,0,0,0,0,5.36378E+20,5.69008E+21,9.52249E+15,5.13609E+16
37193,6.1711E+18,6,4,14,0,2017,11,16,6,2,0,7,0,1,0,0,0,0,0,4.43299E+20,5.5474E+21,8.20757E+15,5.00761E+16
37194,6.1711E+18,6,4,14,0,2017,11,14,6,2,4,1,0,1,0,0,0,0,0,4.42861E+20,5.55079E+21,8.20094E+15,5.01066E+16
37195,6.1711E+18,6,4,14,0,2017,11,8,6,3,2,6,1,1,0,0,0,0,0,4.43304E+20,5.5474E+21,8.20764E+15,5.00762E+16
37196,6.1711E+18,6,4,12,0,2017,11,11,6,3,5,3,1,1,0,0,0,0,0,4.71901E+20,5.54908E+21,8.60717E+15,5.00933E+16
37197,6.1711E+18,6,4,12,0,2017,11,23,6,3,2,6,0,1,0,0,0,2,0,4.75184E+20,5.54692E+21,8.6532E+15,5.0074E+16
37198,6.1711E+18,6,4,12,0,2017,11,15,6,2,5,3,0,1,0,1,0,0,0,4.80736E+20,5.55185E+21,8.73054E+15,5.01186E+16
37199,6.1711E+18,6,4,12,0,2017,11,14,6,3,2,6,0,1,0,0,1,0,0,4.75253E+20,5.55216E+21,8.65383E+15,5.01212E+16
37200,6.1711E+18,6,6,35,9,2017,11,15,6,3,4,6,0,1,0,0,0,0,0,5.08593E+20,5.66723E+21,9.12288E+15,5.11564E+16
37201,6.17111E+18,6,6,31,9,2017,11,22,2,3,8,1,0,1,0,0,0,2,0,5.44295E+20,5.59844E+21,9.62504E+15,5.05362E+16
37202,6.17102E+18,6,4,12,0,2017,10,14,2,3,2,6,0,1,0,1,0,0,1,4.77196E+20,5.55055E+21,8.6811E+15,5.01067E+16
37203,6.17111E+18,6,4,38,11,2017,11,13,2,3,8,7,0,0,0,1,0,0,0,4.89484E+20,5.53774E+21,8.85329E+15,4.99919E+16
37204,6.1711E+18,6,6,33,4,2017,11,17,6,2,9,1,0,1,0,0,0,2,0,5.18104E+20,5.69937E+21,9.26051E+15,5.14453E+16
37205,6.1711E+18,6,4,38,3,2017,11,14,6,3,3,3,1,1,0,0,0,0,0,4.74724E+20,5.53564E+21,8.64751E+15,4.99726E+16
37206,6.1711E+18,6,5,33,17,2017,11,11,6,3,5,3,0,1,0,0,0,0,0,4.47349E+20,5.59339E+21,8.25776E+15,5.04902E+16
37207,6.1711E+18,6,4,40,1,2017,11,11,6,3,6,4,0,1,1,0,0,0,0,4.95946E+20,5.57036E+21,8.9431E+15,5.02853E+16
37208,6.1711E+18,6,4,32,2,2017,11,17,6,2,5,2,0,1,0,0,0,2,0,4.94274E+20,5.53147E+21,8.92022E+15,4.99356E+16
37209,6.1711E+18,6,4,32,8,2017,11,8,6,3,5,3,0,1,0,0,1,0,1,4.67149E+20,5.52384E+21,8.54288E+15,4.9866E+16
37210,6.1711E+18,6,4,31,14,2017,11,21,6,2,2,6,1,1,0,0,0,2,0,4.76902E+20,5.506E+21,8.67965E+15,4.97061E+16
37211,6.1711E+18,6,4,31,2,2017,11,7,6,2,5,3,1,1,0,0,0,0,0,4.70679E+20,5.50363E+21,8.59353E+15,4.96845E+16
37212,6.1711E+18,6,4,31,2,2017,11,7,6,3,7,7,1,0,0,0,1,0,0,4.7274E+20,5.50428E+21,8.62205E+15,4.96905E+16
37213,6.1711E+18,6,5,34,14,2017,11,12,6,3,4,3,0,1,0,0,0,0,0,4.82488E+20,5.62662E+21,8.75155E+15,5.07911E+16
37214,6.1711E+18,6,4,38,12,2017,11,19,6,3,3,6,0,1,0,0,0,2,0,4.90501E+20,5.53629E+21,8.86752E+15,4.99789E+16
37215,6.17103E+18,6,4,14,0,2017,10,2,5,3,9,7,0,1,0,0,0,2,0,4.49855E+20,5.55436E+21,8.29827E+15,5.01394E+16
37216,6.17102E+18,6,4,12,0,2017,10,13,2,3,2,6,0,0,0,0,1,0,0,4.79004E+20,5.55489E+21,8.70615E+15,5.01459E+16
37217,6.17102E+18,6,4,12,0,2017,10,17,2,3,5,3,1,1,0,0,0,0,0,4.81111E+20,5.55208E+21,8.73577E+15,5.01207E+16
37218,6.17103E+18,6,4,12,0,2017,10,19,5,3,2,6,0,1,0,0,1,2,0,4.75631E+20,5.55094E+21,8.65919E+15,5.01102E+16
37219,6.17102E+18,6,4,37,11,2017,10,15,2,3,9,1,0,0,0,1,0,0,1,4.95011E+20,5.50644E+21,8.9308E+15,4.97105E+16
37220,6.17102E+18,6,4,11,0,2017,10,18,2,3,2,6,0,1,0,1,0,0,0,4.74652E+20,5.52347E+21,8.64732E+15,4.98631E+16
37221,6.17103E+18,6,4,11,0,2017,10,7,5,2,5,3,0,1,0,1,0,0,0,4.76888E+20,5.52554E+21,8.6783E+15,4.98818E+16
37222,6.17102E+18,6,4,11,0,2017,10,15,2,3,2,6,0,1,0,0,0,0,0,4.74947E+20,5.52469E+21,8.65133E+15,4.98741E+16
37223,6.17102E+18,6,4,11,0,2017,10,13,2,3,6,4,0,0,1,0,1,0,0,4.75661E+20,5.52456E+21,8.66128E+15,4.9873E+16
37224,6.17102E+18,6,6,34,22,2017,10,12,2,3,1,6,0,1,0,0,0,0,0,5.12784E+20,5.64018E+21,9.18184E+15,5.09131E+16
37225,6.17102E+18,6,6,34,14,2017,10,22,2,2,6,4,0,1,1,0,0,2,1,5.38309E+20,5.66154E+21,9.54717E+15,5.11041E+16
37226,6.17102E+18,6,4,39,8,2017,10,17,2,2,9,1,0,1,0,0,0,0,1,4.51686E+20,5.56062E+21,8.3231E+15,5.01958E+16
37227,6.17102E+18,6,4,39,8,2017,10,6,2,3,7,7,0,1,0,0,0,2,1,4.57404E+20,5.56424E+21,8.40281E+15,5.02288E+16
37228,6.17102E+18,6,4,38,13,2017,10,8,2,3,5,3,0,1,0,0,1,0,0,4.97848E+20,5.54394E+21,8.96995E+15,5.00477E+16
37229,6.17102E+18,6,4,38,2,2017,10,14,2,2,2,6,0,1,0,0,0,0,1,4.82069E+20,5.54457E+21,8.74953E+15,5.00531E+16
37230,6.17102E+18,6,4,35,19,2017,10,15,2,3,2,1,0,1,0,0,0,0,0,4.89528E+20,5.55315E+21,8.85348E+15,5.01305E+16
37231,6.17102E+18,6,4,31,4,2017,10,21,2,3,2,6,0,1,0,0,1,2,0,4.78892E+20,5.49048E+21,8.70809E+15,4.95666E+16