OBJECTID,UIDENTSTLA,ULAND,UREGBEZ,UKREIS,UGEMEINDE,UJAHR,UMONAT,USTUNDE,UWOCHENTAG,UKATEGORIE,UART,UTYP1,IstRad,IstPKW,IstFuss,IstKrad,IstSonstig,LICHT,STRZUSTAND,LINREFX,LINREFY,XGCSWGS84,YGCSWGS84
37232,6.1711E+18,6,6,33,20,2017,11,1,6,3,2,6,0,1,0,0,1,2,0,5.41054E+20,5.68747E+21,9.58936E+15,5.1337E+16
37233,6.1711E+18,6,4,12,0,2017,11,18,6,3,2,6,0,1,0,0,0,2,0,4.78802E+20,5.55466E+21,8.70333E+15,5.01438E+16
37234,6.1711E+18,6,4,12,0,2017,11,18,6,2,2,6,0,1,0,0,1,2,0,4.80911E+20,5.55157E+21,8.733E+15,5.01161E+16
37235,6.17111E+18,6,6,11,0,2017,11,5,3,3,2,6,0,1,0,0,0,2,0,5.34966E+20,5.68567E+21,9.50178E+15,5.13212E+16
37236,6.17111E+18,6,5,32,23,2017,11,9,4,3,8,1,0,1,0,0,0,0,0,4.6299E+20,5.5968E+21,8.47791E+15,5.0522E+16
37237,6.17103E+18,6,6,34,21,2017,10,7,5,2,5,3,0,1,0,1,0,1,0,5.20581E+20,5.63344E+21,9.29237E+15,5.08523E+16
37238,6.1711E+18,6,4,12,0,2017,11,11,6,2,2,6,0,0,0,0,1,0,0,4.71014E+20,5.55224E+21,8.59452E+15,5.01217E+16
37239,6.17103E+18,6,6,33,5,2017,10,22,5,3,5,3,0,1,0,0,0,2,0,5.26254E+20,5.69609E+21,9.37753E+15,5.14154E+16
37240,6.1711E+18,6,4,12,0,2017,11,8,6,3,2,6,0,1,0,0,0,0,0,4.67503E+20,5.55204E+21,8.54543E+15,5.01197E+16
37241,6.17103E+18,6,6,33,3,2017,10,15,5,3,2,6,0,1,0,0,0,0,0,5.2797E+20,5.67868E+21,9.40084E+15,5.12588E+16
37242,6.1711E+18,6,4,14,0,2017,11,11,6,3,2,6,0,1,0,0,0,0,0,4.54316E+20,5.54802E+21,8.36146E+15,5.00827E+16
37243,6.1711E+18,6,5,31,9,2017,11,17,6,3,2,6,0,1,0,0,0,0,0,4.77524E+20,5.59408E+21,8.68309E+15,5.04983E+16
37244,6.1711E+18,6,4,35,14,2017,11,14,5,3,5,3,0,1,0,0,0,0,0,4.95604E+20,5.55451E+21,8.93848E+15,5.01428E+16
37245,6.1711E+18,6,6,11,0,2017,11,15,5,3,2,6,0,1,0,0,0,0,0,5.38235E+20,5.68427E+21,9.54854E+15,5.13084E+16
37246,6.1711E+18,6,6,11,0,2017,11,17,5,2,5,2,0,1,0,1,0,2,1,5.34193E+20,5.68737E+21,9.49086E+15,5.13366E+16
37247,6.1711E+18,6,6,11,0,2017,11,9,5,3,2,2,0,1,0,0,1,0,0,5.3301E+20,5.68619E+21,9.47376E+15,5.1326E+16
37248,6.1711E+18,6,6,33,26,2017,11,13,5,3,2,6,0,1,0,0,0,0,0,5.32661E+20,5.69035E+21,9.46913E+15,5.13635E+16
37249,6.1711E+18,6,4,14,0,2017,11,18,5,3,3,6,0,0,0,0,1,2,0,4.45831E+20,5.54686E+21,8.24304E+15,5.00715E+16
37250,6.1711E+18,6,4,14,0,2017,11,14,5,3,0,4,0,0,1,0,1,0,0,4.45346E+20,5.54791E+21,8.2361E+15,5.0081E+16
37251,6.1711E+18,6,4,12,0,2017,11,14,5,2,4,6,1,0,0,0,0,0,0,4.75148E+20,5.55258E+21,8.65233E+15,5.01249E+16
37252,6.1711E+18,6,6,36,16,2017,11,8,5,3,9,7,0,1,0,0,0,0,0,5.58915E+20,5.68177E+21,9.84479E+15,5.12842E+16
37253,6.1711E+18,6,6,36,9,2017,11,10,5,3,8,1,0,1,0,0,0,0,0,5.62767E+20,5.68985E+21,9.90143E+15,5.13564E+16
37254,6.17102E+18,6,4,35,2,2017,10,14,2,2,4,6,0,1,0,0,0,0,1,5.26337E+20,5.57048E+21,9.36968E+15,5.02859E+16
37255,6.17102E+18,6,4,35,10,2017,10,18,2,3,5,3,0,1,0,1,0,1,1,5.12673E+20,5.56096E+21,9.17758E+15,5.02007E+16
37256,6.1711E+18,6,6,35,20,2017,11,13,5,2,8,1,0,1,0,0,0,0,0,5.08507E+20,5.69765E+21,9.12237E+15,5.143E+16
37257,6.17102E+18,6,4,40,22,2017,10,16,2,3,4,6,0,1,0,0,0,0,1,4.80444E+20,5.58673E+21,8.72466E+15,5.04323E+16
37258,6.1711E+18,6,6,35,2,2017,11,11,5,2,5,3,0,1,0,0,0,0,0,5.04124E+20,5.68986E+21,9.05923E+15,5.136E+16
37259,6.17102E+18,6,4,32,22,2017,10,11,2,3,5,3,0,1,0,0,0,0,0,4.73892E+20,5.51138E+21,8.63754E+15,4.97544E+16
37260,6.17103E+18,6,6,11,0,2017,10,6,5,3,3,7,0,1,0,1,0,2,0,5.32931E+20,5.68213E+21,9.47226E+15,5.12895E+16
37261,6.1711E+18,6,6,33,4,2017,11,19,5,3,8,1,0,1,0,0,0,2,1,5.14094E+20,5.69649E+21,9.20269E+15,5.14194E+16
37262,6.17103E+18,6,4,39,2,2017,10,0,5,3,2,6,0,1,0,0,0,2,0,4.3348E+20,5.55445E+21,8.06913E+15,5.01385E+16
37263,6.17103E+18,6,4,38,13,2017,10,19,5,3,5,2,0,1,0,0,0,2,0,4.95843E+20,5.54194E+21,8.94195E+15,5.00297E+16
37264,6.17103E+18,6,4,38,8,2017,10,18,5,3,2,6,0,1,0,0,0,2,0,4.87383E+20,5.55199E+21,8.82351E+15,5.012E+16
37265,6.1711E+18,6,6,33,18,2017,11,18,5,3,8,1,0,0,0,1,0,2,1,5.14083E+20,5.68047E+21,9.20189E+15,5.12754E+16
37266,6.1711E+18,6,6,33,13,2017,11,11,5,3,2,3,0,1,0,0,0,0,0,5.27316E+20,5.70518E+21,9.3935E+15,5.14971E+16
37267,6.1711E+18,6,6,11,0,2017,11,18,5,3,6,7,1,0,1,0,0,2,1,5.3002E+20,5.68701E+21,9.43092E+15,5.13336E+16
37268,6.1711E+18,6,4,39,12,2017,11,13,5,3,2,6,0,1,0,0,0,0,0,4.30841E+20,5.53996E+21,8.03483E+15,5.00079E+16
37269,6.1711E+18,6,4,38,8,2017,11,7,5,3,5,3,1,1,0,0,0,0,0,4.87835E+20,5.55198E+21,8.82984E+15,5.01199E+16
37270,6.1711E+18,6,4,34,6,2017,11,7,5,3,2,6,0,1,0,0,0,0,0,4.66356E+20,5.56069E+21,8.52862E+15,5.01974E+16
37271,6.1711E+18,6,5,33,2,2017,11,13,5,2,9,1,0,1,0,0,0,0,0,4.41953E+20,5.58127E+21,8.18358E+15,5.03806E+16
37272,6.1711E+18,6,4,31,7,2017,11,16,5,2,6,4,0,0,1,0,1,0,0,4.83996E+20,5.49963E+21,8.7783E+15,4.9649E+16
37273,6.1711E+18,6,4,31,17,2017,11,13,5,3,5,3,0,1,0,0,0,0,0,4.80459E+20,5.49329E+21,8.72962E+15,4.95918E+16
37274,6.1711E+18,6,4,35,10,2017,11,8,5,3,2,6,0,1,0,0,0,0,0,5.12909E+20,5.55995E+21,9.18084E+15,5.01916E+16
37275,6.1711E+18,6,4,35,12,2017,11,16,5,3,0,1,0,1,0,0,0,0,0,5.1078E+20,5.56492E+21,9.15117E+15,5.02364E+16
37276,6.17102E+18,6,4,40,8,2017,10,16,2,3,5,2,0,1,0,0,0,0,0,4.84487E+20,5.57638E+21,8.782E+15,5.03393E+16
37277,6.17111E+18,6,4,31,11,2017,11,16,2,3,2,6,0,1,0,0,0,0,0,4.72152E+20,5.49933E+21,8.61425E+15,4.96459E+16
37278,6.17102E+18,6,4,40,17,2017,10,15,2,3,3,6,1,0,0,0,1,0,0,4.86772E+20,5.57195E+21,8.81427E+15,5.02995E+16
37279,6.17111E+18,6,4,12,0,2017,11,14,2,3,0,4,0,0,1,0,1,0,0,4.78456E+20,5.55419E+21,8.69852E+15,5.01395E+16
37280,6.17102E+18,6,5,34,3,2017,10,14,2,2,8,7,0,1,0,0,0,0,1,4.62118E+20,5.62069E+21,8.46317E+15,5.07368E+16
37281,6.17102E+18,6,4,33,8,2017,10,7,2,3,6,6,1,0,1,0,0,2,1,4.66337E+20,5.53586E+21,8.53054E+15,4.99741E+16
37282,6.17103E+18,6,4,38,10,2017,10,18,5,3,1,5,0,1,0,0,0,1,0,4.92502E+20,5.54639E+21,8.89523E+15,5.00698E+16
37283,6.17102E+18,6,4,33,6,2017,10,10,2,3,5,3,1,0,0,0,1,0,0,4.63086E+20,5.5289E+21,8.48587E+15,4.99113E+16
37284,6.17103E+18,6,5,33,17,2017,10,12,5,3,6,4,0,1,1,0,0,0,0,4.48344E+20,5.59408E+21,8.27169E+15,5.04964E+16
37285,6.17102E+18,6,5,34,6,2017,10,7,2,3,2,6,0,1,0,0,0,0,1,4.87161E+20,5.63457E+21,8.81757E+15,5.08627E+16
37286,6.17102E+18,6,6,31,6,2017,10,7,2,3,0,7,0,1,0,1,0,2,1,5.49536E+20,5.59366E+21,9.69836E+15,5.04928E+16
37287,6.17102E+18,6,5,32,23,2017,10,19,2,3,2,6,0,1,0,0,0,2,0,4.64666E+20,5.60123E+21,8.50113E+15,5.05619E+16
37288,6.17102E+18,6,5,32,23,2017,10,12,2,2,5,3,0,1,0,0,0,0,0,4.64727E+20,5.60188E+21,8.50193E+15,5.05678E+16
37289,6.17102E+18,6,5,31,10,2017,10,17,2,3,5,3,0,1,0,1,0,1,1,4.98566E+20,5.59924E+21,8.97976E+15,5.05451E+16
37290,6.17102E+18,6,5,31,16,2017,10,8,2,2,4,6,0,1,0,0,0,1,1,4.90213E+20,5.6058E+21,8.8617E+15,5.0604E+16
37291,6.17102E+18,6,5,31,11,2017,10,7,2,3,0,7,0,1,0,0,0,1,0,4.87885E+20,5.59704E+21,8.82909E+15,5.05252E+16
37292,6.17102E+18,6,5,31,5,2017,10,8,2,3,2,6,0,1,0,0,0,1,1,4.81159E+20,5.60174E+21,8.73396E+15,5.05672E+16
37293,6.17102E+18,6,4,35,7,2017,10,6,2,3,2,6,0,1,0,0,1,2,0,4.99982E+20,5.55498E+21,8.99975E+15,5.0147E+16
37294,6.17102E+18,6,4,13,0,2017,10,19,2,3,2,6,0,1,0,0,0,2,1,4.79973E+20,5.54584E+21,8.72018E+15,5.00645E+16
37295,6.17102E+18,6,4,36,7,2017,10,8,2,3,2,6,0,1,0,0,0,0,0,4.55317E+20,5.54502E+21,8.3758E+15,5.00558E+16
37296,6.1711E+18,6,4,40,9,2017,11,7,5,3,8,1,0,0,0,1,0,1,0,5.13971E+20,5.58319E+21,9.19657E+15,5.04006E+16
37297,6.17111E+18,6,4,12,0,2017,11,18,3,3,2,6,0,1,0,0,0,2,0,4.70001E+20,5.55337E+21,8.58027E+15,5.01318E+16
37298,6.17111E+18,6,4,12,0,2017,11,10,3,2,2,6,0,1,0,0,0,0,0,4.81457E+20,5.55231E+21,8.74061E+15,5.01228E+16
37299,6.17102E+18,6,5,32,12,2017,10,10,2,3,3,6,0,1,0,0,0,0,0,4.49511E+20,5.6135E+21,8.28551E+15,5.06712E+16
37300,6.17102E+18,6,6,36,14,2017,10,16,1,3,2,2,0,1,0,0,0,0,1,5.69725E+20,5.66713E+21,9.99692E+15,5.11513E+16
37301,6.17102E+18,6,6,11,0,2017,10,18,1,3,2,6,0,1,0,0,0,2,1,5.33999E+20,5.68599E+21,9.48794E+15,5.13241E+16
37302,6.17102E+18,6,6,11,0,2017,10,13,1,2,6,4,0,1,1,0,0,0,0,5.34829E+20,5.68343E+21,9.4996E+15,5.13011E+16
37303,6.17102E+18,6,4,40,16,2017,10,13,1,2,9,1,0,1,0,0,0,0,1,5.03565E+20,5.58931E+21,9.05022E+15,5.04558E+16
37304,6.17102E+18,6,5,32,9,2017,10,16,1,2,8,1,0,1,0,0,0,0,1,4.55545E+20,5.62726E+21,8.36923E+15,5.07954E+16
37305,6.17102E+18,6,4,32,21,2017,10,22,1,3,9,1,0,1,0,0,0,2,1,5.0081E+20,5.53026E+21,9.01129E+15,4.99247E+16
37306,6.17102E+18,6,4,32,20,2017,10,3,1,3,3,1,0,1,0,0,0,2,1,4.85305E+20,5.52477E+21,8.79549E+15,4.98751E+16
37307,6.1711E+18,6,5,32,6,2017,11,7,5,3,2,6,0,1,0,0,0,0,0,4.52024E+20,5.61989E+21,8.32024E+15,5.07288E+16
37308,6.17102E+18,6,4,33,7,2017,10,22,1,3,9,1,0,1,0,0,0,2,1,4.6789E+20,5.5444E+21,8.55148E+15,5.0051E+16
37309,6.1711E+18,6,5,34,5,2017,11,15,5,2,9,1,0,1,0,0,0,0,0,4.58769E+20,5.63282E+21,8.41435E+15,5.08456E+16
37310,6.17102E+18,6,5,34,11,2017,10,4,1,3,7,7,0,1,0,0,0,2,0,4.9806E+20,5.63041E+21,8.97246E+15,5.08254E+16
37311,6.1711E+18,6,4,38,5,2017,11,8,5,3,2,6,0,1,0,0,0,0,0,4.86571E+20,5.5462E+21,8.81236E+15,5.00679E+16
37312,6.1711E+18,6,4,35,14,2017,11,15,5,3,2,6,0,1,0,0,0,0,0,4.98551E+20,5.55393E+21,8.97973E+15,5.01376E+16
37313,6.17102E+18,6,5,34,11,2017,10,4,1,3,8,1,0,1,0,0,0,2,0,4.98064E+20,5.63041E+21,8.97251E+15,5.08254E+16
37314,6.1711E+18,6,4,38,11,2017,11,7,5,3,2,6,0,1,0,0,1,0,0,4.92218E+20,5.54588E+21,8.89127E+15,5.00652E+16
37315,6.17102E+18,6,5,34,11,2017,10,4,1,2,8,7,0,1,0,0,0,2,1,4.96256E+20,5.62901E+21,8.94686E+15,5.08128E+16
37316,6.17111E+18,6,4,12,0,2017,11,9,4,3,3,6,0,1,0,0,0,0,0,4.70871E+20,5.54516E+21,8.59305E+15,5.0058E+16
37317,6.17103E+18,6,5,33,12,2017,10,8,5,3,4,6,0,1,0,0,0,0,0,4.39989E+20,5.59666E+21,8.15349E+15,5.05188E+16
37318,6.17103E+18,6,4,31,11,2017,10,15,5,3,6,4,0,1,1,0,0,0,0,4.73995E+20,5.49934E+21,8.63978E+15,4.9646E+16
37319,6.17103E+18,6,4,32,10,2017,10,18,5,3,5,3,1,1,0,0,0,2,0,4.95883E+20,5.52033E+21,8.94275E+15,4.98354E+16
37320,6.1711E+18,6,6,34,7,2017,11,23,5,3,2,6,0,1,0,0,0,2,0,5.23245E+20,5.66897E+21,9.3325E+15,5.11717E+16
37321,6.17103E+18,6,4,32,2,2017,10,7,5,3,5,2,1,1,0,0,0,1,0,4.96857E+20,5.53469E+21,8.95617E+15,4.99645E+16
37322,6.1711E+18,6,4,12,0,2017,11,18,5,3,2,6,0,1,0,0,0,2,0,4.71837E+20,5.5515E+21,8.60608E+15,5.01151E+16
37323,6.1711E+18,6,4,12,0,2017,11,23,5,2,3,6,0,1,0,0,1,2,0,4.67761E+20,5.5522E+21,8.54902E+15,5.01211E+16
37324,6.1711E+18,6,4,34,8,2017,11,9,5,3,5,3,0,1,0,0,1,0,0,4.73513E+20,5.56143E+21,8.62884E+15,5.02044E+16
37325,6.1711E+18,6,4,32,18,2017,11,7,5,3,2,6,0,1,0,0,0,0,0,4.69579E+20,5.5177E+21,8.57717E+15,4.9811E+16
37326,6.1711E+18,6,4,32,18,2017,11,9,5,3,2,6,0,1,0,0,0,0,0,4.6845E+20,5.51518E+21,8.56169E+15,4.97883E+16
37327,6.1711E+18,6,4,32,8,2017,11,8,5,3,2,6,0,1,0,0,0,0,0,4.71172E+20,5.52434E+21,8.59883E+15,4.98708E+16
37328,6.1711E+18,6,4,32,18,2017,11,17,5,3,8,1,0,1,0,0,0,1,0,4.70112E+20,5.51888E+21,8.58449E+15,4.98216E+16
37329,6.1711E+18,6,4,32,18,2017,11,18,5,3,2,6,0,1,0,0,1,2,0,4.67715E+20,5.51388E+21,8.55159E+15,4.97765E+16
37330,6.1711E+18,6,4,33,12,2017,11,6,5,3,2,6,0,1,0,0,0,1,0,4.5798E+20,5.53599E+21,8.41399E+15,4.99748E+16
37331,6.1711E+18,6,5,31,6,2017,11,6,5,3,2,6,0,0,0,0,1,2,0,4.93394E+20,5.60833E+21,8.9066E+15,5.06268E+16
37332,6.1711E+18,6,6,36,3,2017,11,7,4,3,3,2,0,1,0,0,0,0,1,5.73296E+20,5.67154E+21,1.00489E+16,5.11906E+16
37333,6.17111E+18,6,5,34,19,2017,11,14,2,3,1,5,0,1,0,1,0,0,0,4.6319E+20,5.63163E+21,8.47727E+15,5.08352E+16
37334,6.17102E+18,6,5,34,15,2017,10,19,1,2,5,3,0,1,0,0,0,2,1,4.79025E+20,5.64672E+21,8.70127E+15,5.09717E+16
37335,6.17111E+18,6,6,11,0,2017,11,22,2,3,2,6,0,1,0,1,0,2,1,5.30774E+20,5.68674E+21,9.44172E+15,5.13311E+16
37336,6.17103E+18,6,4,32,16,2017,10,14,5,2,4,6,0,1,0,0,0,0,0,4.8324E+20,5.51536E+21,8.76715E+15,4.97904E+16
37337,6.17103E+18,6,4,32,16,2017,10,7,5,3,2,6,0,1,0,0,0,1,0,4.80782E+20,5.51915E+21,8.73282E+15,4.98245E+16
37338,6.17102E+18,6,5,34,6,2017,10,16,1,3,8,1,0,1,0,0,0,0,0,4.88162E+20,5.63401E+21,8.83181E+15,5.08577E+16
37339,6.17102E+18,6,6,31,13,2017,10,15,1,3,9,1,0,1,0,0,0,0,1,5.54892E+20,5.6041E+21,9.7754E+15,5.05863E+16
37340,6.17102E+18,6,5,32,23,2017,10,14,1,3,3,3,0,1,0,0,0,0,1,4.6795E+20,5.6022E+21,8.5474E+15,5.05708E+16
37341,6.17102E+18,6,5,31,8,2017,10,18,1,1,0,7,0,0,1,0,1,0,1,4.88766E+20,5.58896E+21,8.84176E+15,5.04525E+16
37342,6.17102E+18,6,4,38,11,2017,10,4,1,3,9,1,0,1,0,0,0,2,1,4.92623E+20,5.53897E+21,8.89706E+15,5.0003E+16
37343,6.17102E+18,6,6,32,15,2017,10,18,1,3,3,6,0,1,0,0,0,2,1,5.41227E+20,5.62528E+21,9.58475E+15,5.07778E+16
37344,6.17102E+18,6,6,11,0,2017,10,18,1,3,3,6,0,1,0,0,0,2,1,5.34744E+20,5.68187E+21,9.49822E+15,5.12871E+16
37345,6.17102E+18,6,4,13,0,2017,10,1,1,3,9,1,0,1,0,0,0,2,1,4.80593E+20,5.54587E+21,8.72884E+15,5.00648E+16
37346,6.17102E+18,6,4,32,23,2017,10,18,1,3,3,6,0,1,0,0,0,1,1,4.72247E+20,5.5309E+21,8.61331E+15,4.99298E+16
37347,6.17102E+18,6,6,36,1,2017,10,11,7,3,5,3,0,1,0,0,0,0,0,5.6463E+20,5.68458E+21,9.92723E+15,5.13089E+16
37348,6.17111E+18,6,4,37,11,2017,11,7,2,3,5,3,0,1,0,1,0,0,0,5.00062E+20,5.50348E+21,9.00086E+15,4.96838E+16
37349,6.17102E+18,6,5,33,9,2017,10,4,7,3,9,1,0,1,0,0,0,2,0,4.35451E+20,5.58244E+21,8.09194E+15,5.03905E+16
37350,6.17103E+18,6,5,35,17,2017,10,10,5,3,8,1,0,1,0,0,0,0,0,5.2085E+20,5.61223E+21,9.29499E+15,5.06616E+16
37351,6.17102E+18,6,6,11,0,2017,10,22,7,2,5,3,0,1,0,0,0,2,0,5.33396E+20,5.68331E+21,9.47903E+15,5.13001E+16
37352,6.17102E+18,6,4,14,0,2017,10,22,7,3,5,3,0,1,0,0,0,2,1,4.52908E+20,5.54541E+21,8.3421E+15,5.00591E+16
37353,6.17103E+18,6,4,33,12,2017,10,7,5,2,5,2,0,1,0,0,0,2,1,4.6173E+20,5.53763E+21,8.46611E+15,4.99898E+16
37354,6.17102E+18,6,4,32,23,2017,10,19,7,3,8,1,0,0,0,1,0,2,1,4.71873E+20,5.52738E+21,8.60836E+15,4.98982E+16
37355,6.17103E+18,6,4,12,0,2017,10,18,5,2,5,2,0,1,0,0,1,2,0,4.81783E+20,5.55406E+21,8.74508E+15,5.01385E+16
37356,6.17102E+18,6,4,37,11,2017,10,18,7,2,5,3,0,0,0,1,1,1,1,5.00451E+20,5.50429E+21,9.00625E+15,4.96911E+16
37357,6.17102E+18,6,6,33,25,2017,10,9,7,3,5,3,0,1,0,0,0,0,0,5.33985E+20,5.71406E+21,9.49042E+15,5.15766E+16
37358,6.17102E+18,6,6,33,2,2017,10,13,7,3,3,1,0,1,0,0,0,0,1,5.30769E+20,5.71891E+21,9.44445E+15,5.16203E+16
37359,6.17102E+18,6,6,32,18,2017,10,14,7,3,5,3,0,1,0,1,0,0,1,5.51699E+20,5.64971E+21,9.73672E+15,5.09966E+16
37360,6.17102E+18,6,6,35,11,2017,10,10,7,2,8,7,0,1,0,0,0,0,0,4.85119E+20,5.6622E+21,8.78742E+15,5.11111E+16
37361,6.17102E+18,6,4,38,4,2017,10,9,7,3,5,3,1,1,0,0,0,0,0,4.94964E+20,5.54674E+21,8.92962E+15,5.00729E+16
37362,6.17102E+18,6,4,38,10,2017,10,19,7,3,5,2,0,1,0,0,0,2,1,4.90255E+20,5.54739E+21,8.8638E+15,5.00787E+16
37363,6.17102E+18,6,4,34,8,2017,10,16,7,2,9,7,0,1,0,0,0,0,1,4.70707E+20,5.56324E+21,8.58938E+15,5.02206E+16
37364,6.17102E+18,6,5,33,11,2017,10,11,7,2,8,1,0,0,0,1,0,0,1,4.40037E+20,5.60086E+21,8.1535E+15,5.05566E+16
37365,6.17102E+18,6,4,36,8,2017,10,19,7,3,2,6,0,1,0,0,0,2,1,4.58737E+20,5.55556E+21,8.42243E+15,5.01508E+16
37366,6.17102E+18,6,4,32,14,2017,10,19,7,3,6,2,0,1,1,0,0,2,1,4.78691E+20,5.51989E+21,8.70371E+15,4.98311E+16
37367,6.17102E+18,6,5,34,18,2017,10,13,7,3,2,6,0,1,0,0,0,0,1,5.00718E+20,5.63067E+21,9.0102E+15,5.08277E+16
37368,6.1711E+18,6,6,35,21,2017,11,6,4,2,5,3,0,1,0,0,0,1,0,4.99875E+20,5.67795E+21,8.99821E+15,5.12529E+16
37369,6.17102E+18,6,5,34,20,2017,10,17,7,3,8,1,0,1,0,0,0,0,1,4.81809E+20,5.62261E+21,8.74211E+15,5.0755E+16
37370,6.1711E+18,6,6,32,2,2017,11,17,4,2,5,3,1,0,0,0,0,2,0,5.49253E+20,5.63518E+21,9.69991E+15,5.08662E+16
37371,6.1711E+18,6,5,35,11,2017,11,8,4,2,8,1,0,1,0,0,0,0,1,5.286E+20,5.60578E+21,9.40414E+15,5.06032E+16
37372,6.17102E+18,6,5,34,21,2017,10,23,7,3,9,1,0,1,0,0,0,2,1,4.79492E+20,5.64077E+21,8.70824E+15,5.09182E+16
37373,6.17111E+18,6,4,33,6,2017,11,6,3,3,5,3,1,1,0,0,0,0,0,4.62675E+20,5.5277E+21,8.48026E+15,4.99005E+16
37374,6.17111E+18,6,5,31,16,2017,11,7,4,3,2,6,0,1,0,0,0,0,0,4.91142E+20,5.60704E+21,8.8748E+15,5.06152E+16
37375,6.17111E+18,6,4,35,14,2017,11,9,4,3,2,6,0,1,0,0,0,0,0,4.9366E+20,5.55369E+21,8.91128E+15,5.01354E+16
37376,6.17103E+18,6,5,32,23,2017,10,10,5,3,3,6,0,1,0,0,1,0,0,4.6434E+20,5.60055E+21,8.49659E+15,5.05558E+16
37377,6.1711E+18,6,6,33,20,2017,11,19,4,3,9,7,0,1,0,0,0,2,1,5.41801E+20,5.68414E+21,9.59969E+15,5.13071E+16
37378,6.17103E+18,6,5,31,5,2017,10,16,5,3,2,6,0,1,0,0,0,0,0,4.74869E+20,5.60393E+21,8.64499E+15,5.05867E+16
37379,6.1711E+18,6,6,11,0,2017,11,13,4,3,6,4,0,1,1,0,0,0,0,5.3408E+20,5.68515E+21,9.48902E+15,5.13167E+16
37380,6.17103E+18,6,4,38,10,2017,10,7,5,2,3,6,0,1,0,0,1,0,0,4.89241E+20,5.54552E+21,8.84968E+15,5.00619E+16
37381,6.1711E+18,6,4,14,0,2017,11,7,4,3,3,6,0,1,0,0,1,0,0,4.48482E+20,5.54578E+21,8.28022E+15,5.00621E+16
37382,6.1711E+18,6,4,14,0,2017,11,16,4,3,6,4,0,0,1,0,1,1,0,4.43458E+20,5.54742E+21,8.20978E+15,5.00764E+16
37383,6.1711E+18,6,4,14,0,2017,11,17,4,3,2,6,0,1,0,0,0,1,0,4.44171E+20,5.54614E+21,8.21994E+15,5.00649E+16
37384,6.1711E+18,6,4,13,0,2017,11,18,4,3,2,2,0,1,1,0,1,2,0,4.85678E+20,5.55099E+21,8.7997E+15,5.0111E+16
37385,6.1711E+18,6,4,36,11,2017,11,12,4,3,5,3,0,1,0,0,0,0,0,4.66196E+20,5.55568E+21,8.52681E+15,5.01524E+16
37386,6.1711E+18,6,4,36,12,2017,11,16,4,3,2,6,0,1,0,0,0,0,0,4.66383E+20,5.55192E+21,8.52978E+15,5.01186E+16
37387,6.1711E+18,6,4,12,0,2017,11,13,4,3,3,6,0,1,0,0,0,0,0,4.74136E+20,5.55584E+21,8.63795E+15,5.01542E+16
37388,6.1711E+18,6,4,12,0,2017,11,12,4,3,0,2,0,1,0,0,1,0,0,4.82389E+20,5.55286E+21,8.75361E+15,5.01277E+16
37389,6.1711E+18,6,4,12,0,2017,11,18,4,3,4,6,1,0,0,0,0,2,0,4.79023E+20,5.55493E+21,8.7064E+15,5.01462E+16
37390,6.1711E+18,6,4,12,0,2017,11,18,4,3,1,6,0,1,0,0,0,2,0,4.74834E+20,5.55031E+21,8.64808E+15,5.01045E+16
37391,6.17111E+18,6,5,31,4,2017,11,18,2,3,8,7,0,1,0,0,0,2,0,4.86643E+20,5.60212E+21,8.81139E+15,5.05709E+16
37392,6.1711E+18,6,4,11,0,2017,11,18,4,3,5,2,0,1,0,0,0,2,0,4.74415E+20,5.52363E+21,8.644E+15,4.98645E+16
37393,6.17111E+18,6,4,34,6,2017,11,18,2,2,2,6,0,1,0,1,0,2,0,4.66526E+20,5.55744E+21,8.53128E+15,5.01682E+16
37394,6.17111E+18,6,4,36,11,2017,11,17,2,3,2,6,0,1,0,0,0,2,0,4.67141E+20,5.55633E+21,8.53999E+15,5.01583E+16
37395,6.1711E+18,6,4,11,0,2017,11,19,4,3,2,6,0,1,0,0,0,2,0,4.74611E+20,5.52272E+21,8.64679E+15,4.98563E+16
37396,6.1711E+18,6,4,11,0,2017,11,12,4,3,2,6,0,1,0,0,0,0,0,4.77505E+20,5.52403E+21,8.68697E+15,4.98683E+16
37397,6.1711E+18,6,6,33,18,2017,11,16,4,3,5,3,0,1,0,1,0,1,0,5.15564E+20,5.67076E+21,9.2227E+15,5.1188E+16
37398,6.1711E+18,6,6,33,5,2017,11,16,4,2,6,4,0,1,1,0,0,0,0,5.26502E+20,5.69489E+21,9.38102E+15,5.14046E+16
37399,6.1711E+18,6,6,11,0,2017,11,17,4,3,2,6,0,1,0,0,0,2,0,5.32118E+20,5.68628E+21,9.46096E+15,5.13269E+16
37400,6.1711E+18,6,6,11,0,2017,11,8,4,3,2,6,0,1,0,0,0,0,0,5.3151E+20,5.68291E+21,9.45194E+15,5.12966E+16
37401,6.1711E+18,6,6,34,5,2017,11,7,4,2,5,2,0,1,0,1,0,0,1,5.18908E+20,5.66184E+21,9.27009E+15,5.11078E+16
37402,6.1711E+18,6,4,39,5,2017,11,17,4,2,2,6,0,1,0,0,0,0,0,4.29385E+20,5.55805E+21,8.01117E+15,5.01704E+16
37403,6.17111E+18,6,5,31,14,2017,11,6,2,2,5,2,0,1,0,0,0,1,1,4.8272E+20,5.59764E+21,8.7562E+15,5.05305E+16
37404,6.17102E+18,6,6,31,10,2017,10,13,7,3,2,6,0,1,0,0,0,0,1,5.65889E+20,5.58713E+21,9.92773E+15,5.04325E+16