OBJECTID,UIDENTSTLA,ULAND,UREGBEZ,UKREIS,UGEMEINDE,UJAHR,UMONAT,USTUNDE,UWOCHENTAG,UKATEGORIE,UART,UTYP1,IstRad,IstPKW,IstFuss,IstKrad,IstSonstig,LICHT,STRZUSTAND,LINREFX,LINREFY,XGCSWGS84,YGCSWGS84
37405,6.17111E+18,6,4,34,12,2017,11,23,2,2,9,1,0,1,0,0,0,2,0,4.67946E+20,5.57471E+21,8.54971E+15,5.03237E+16
37406,6.17111E+18,6,4,13,0,2017,11,15,2,2,2,6,0,1,0,0,1,0,0,4.84272E+20,5.54895E+21,8.78012E+15,5.00926E+16
37407,6.17103E+18,6,4,35,1,2017,10,12,5,3,2,6,0,1,0,1,0,0,0,5.22551E+20,5.56566E+21,9.31625E+15,5.02427E+16
37408,6.17103E+18,6,4,12,0,2017,10,13,5,2,0,7,0,1,0,0,0,0,0,4.75072E+20,5.5614E+21,8.65068E+15,5.02043E+16
37409,6.17102E+18,6,6,31,9,2017,10,19,7,3,5,3,0,1,0,0,0,1,1,5.48739E+20,5.60005E+21,9.68797E+15,5.05503E+16
37410,6.17102E+18,6,6,31,9,2017,10,23,7,3,8,1,0,1,0,0,0,2,1,5.48459E+20,5.59639E+21,9.68354E+15,5.05175E+16
37411,6.17102E+18,6,5,31,6,2017,10,16,7,3,2,6,0,1,0,0,0,0,1,4.95064E+20,5.60254E+21,8.9303E+15,5.05748E+16
37412,6.17102E+18,6,5,31,11,2017,10,9,7,3,5,2,0,1,0,0,0,0,0,4.88003E+20,5.59716E+21,8.83075E+15,5.05263E+16
37413,6.17102E+18,6,6,31,8,2017,10,18,7,2,8,1,0,1,0,0,0,2,1,5.40313E+20,5.58383E+21,9.56729E+15,5.04052E+16
37414,6.17102E+18,6,6,31,8,2017,10,18,7,2,8,1,0,1,0,0,0,2,1,5.40404E+20,5.58396E+21,9.56858E+15,5.04063E+16
37415,6.17102E+18,6,4,12,0,2017,10,16,7,3,2,6,0,1,0,0,0,0,0,4.80839E+20,5.55182E+21,8.73199E+15,5.01183E+16
37416,6.17102E+18,6,4,32,18,2017,10,10,7,3,2,6,0,1,0,0,0,0,0,4.67947E+20,5.51429E+21,8.55478E+15,4.97802E+16
37417,6.17111E+18,6,4,12,0,2017,11,15,3,3,2,6,0,1,0,0,0,0,0,4.70289E+20,5.55203E+21,8.58439E+15,5.01197E+16
37418,6.17111E+18,6,4,12,0,2017,11,7,3,3,6,4,0,1,1,0,0,0,0,4.6606E+20,5.54983E+21,8.52543E+15,5.00997E+16
37419,6.17111E+18,6,4,35,14,2017,11,17,4,3,2,6,0,1,0,0,0,2,1,4.92728E+20,5.54874E+21,8.89833E+15,5.00909E+16
37420,6.1711E+18,6,4,39,15,2017,11,14,4,3,1,6,0,1,0,0,0,0,0,4.44314E+20,5.55833E+21,8.22016E+15,5.01745E+16
37421,6.17103E+18,6,4,14,0,2017,10,15,5,3,2,6,0,1,0,0,0,0,0,4.43577E+20,5.54284E+21,8.21213E+15,5.00352E+16
37422,6.1711E+18,6,4,39,5,2017,11,15,4,1,4,1,0,1,0,0,1,0,0,4.29448E+20,5.55942E+21,8.0118E+15,5.01828E+16
37423,6.17103E+18,6,4,40,1,2017,10,15,5,3,3,6,0,1,0,0,0,0,0,4.97626E+20,5.57094E+21,8.96667E+15,5.02906E+16
37424,6.1711E+18,6,4,39,13,2017,11,19,4,3,2,2,0,1,0,0,0,2,0,4.23872E+20,5.53711E+21,7.93815E+15,4.99815E+16
37425,6.1711E+18,6,4,34,11,2017,11,14,4,3,2,6,0,1,0,0,0,0,0,4.66607E+20,5.57527E+21,8.53085E+15,5.03286E+16
37426,6.1711E+18,6,4,34,11,2017,11,13,4,3,2,6,0,1,0,1,0,0,0,4.67239E+20,5.57574E+21,8.53968E+15,5.03329E+16
37427,6.1711E+18,6,4,34,8,2017,11,17,4,1,4,1,0,1,0,1,0,2,0,4.63271E+20,5.56527E+21,8.48495E+15,5.02385E+16
37428,6.1711E+18,6,4,35,10,2017,11,19,4,3,5,3,0,1,0,0,1,2,0,5.12583E+20,5.56142E+21,9.17633E+15,5.02048E+16
37429,6.1711E+18,6,4,37,3,2017,11,17,4,3,2,6,0,1,0,0,0,1,0,4.91203E+20,5.51109E+21,8.87788E+15,4.97523E+16
37430,6.1711E+18,6,4,37,9,2017,11,8,4,1,4,6,0,1,0,0,0,0,1,4.97876E+20,5.51783E+21,8.97048E+15,4.98129E+16
37431,6.1711E+18,6,4,32,16,2017,11,22,4,3,9,1,0,1,0,0,0,2,0,4.83812E+20,5.51492E+21,8.77511E+15,4.97865E+16
37432,6.1711E+18,6,4,40,2,2017,11,18,4,2,6,6,1,0,1,0,0,2,0,4.81962E+20,5.58164E+21,8.74627E+15,5.03866E+16
37433,6.1711E+18,6,5,34,7,2017,11,15,4,3,5,3,0,1,0,0,0,0,0,4.6777E+20,5.63182E+21,8.54228E+15,5.08372E+16
37434,6.1711E+18,6,4,31,13,2017,11,11,4,3,5,3,1,1,0,0,0,0,0,4.68442E+20,5.49421E+21,8.56328E+15,4.95996E+16
37435,6.17102E+18,6,4,32,8,2017,10,10,7,3,9,1,0,1,0,0,0,0,0,4.70912E+20,5.52334E+21,8.59529E+15,4.98617E+16
37436,6.17111E+18,6,5,31,11,2017,11,8,4,3,5,2,0,1,0,0,0,0,0,4.82893E+20,5.59127E+21,8.75892E+15,5.04731E+16
37437,6.17103E+18,6,6,32,2,2017,10,11,4,2,5,2,0,1,0,0,0,0,0,5.49679E+20,5.63507E+21,9.70595E+15,5.08652E+16
37438,6.17103E+18,6,6,11,0,2017,10,13,4,3,6,4,0,1,1,0,0,0,0,5.34467E+20,5.6871E+21,9.49476E+15,5.13342E+16
37439,6.1711E+18,6,4,33,12,2017,11,12,4,3,5,3,1,1,0,0,0,0,0,4.60014E+20,5.5352E+21,8.44243E+15,4.99678E+16
37440,6.17103E+18,6,4,14,0,2017,10,12,4,3,3,6,0,1,0,1,0,0,1,4.43774E+20,5.54746E+21,8.2142E+15,5.00768E+16
37441,6.1711E+18,6,4,38,3,2017,11,18,4,3,2,6,0,1,0,0,0,2,0,4.71764E+20,5.53697E+21,8.60613E+15,4.99844E+16
37442,6.17103E+18,6,4,12,0,2017,10,22,4,3,5,3,0,1,0,1,0,2,0,4.6464E+20,5.54955E+21,8.50561E+15,5.00972E+16
37443,6.1711E+18,6,4,33,11,2017,11,15,4,3,8,1,0,1,0,0,0,0,0,4.60435E+20,5.52328E+21,8.44952E+15,4.98606E+16
37444,6.1711E+18,6,6,31,7,2017,11,7,4,3,8,1,0,1,0,0,0,0,1,5.57843E+20,5.62602E+21,9.82051E+15,5.0783E+16
37445,6.1711E+18,6,6,31,13,2017,11,7,4,3,9,1,0,0,0,1,0,1,1,5.62368E+20,5.6061E+21,9.88133E+15,5.06035E+16
37446,6.1711E+18,6,4,35,14,2017,11,19,4,3,3,6,0,1,0,0,1,2,0,4.92526E+20,5.54849E+21,8.89552E+15,5.00886E+16
37447,6.1711E+18,6,4,35,14,2017,11,17,4,3,5,2,0,1,0,0,0,1,0,4.91835E+20,5.55428E+21,8.88573E+15,5.01407E+16
37448,6.1711E+18,6,5,32,3,2017,11,7,4,2,8,1,0,1,0,0,0,0,0,4.5795E+20,5.59044E+21,8.40753E+15,5.04644E+16
37449,6.1711E+18,6,5,31,11,2017,11,12,4,3,2,6,0,1,0,0,0,0,0,4.84351E+20,5.59767E+21,8.7792E+15,5.05307E+16
37450,6.1711E+18,6,5,31,8,2017,11,15,4,3,5,2,0,1,0,0,0,0,0,4.91235E+20,5.59181E+21,8.87646E+15,5.04782E+16
37451,6.1711E+18,6,5,31,5,2017,11,14,4,2,5,2,1,1,0,0,0,0,0,4.77374E+20,5.60299E+21,8.68043E+15,5.05784E+16
37452,6.17111E+18,6,4,38,12,2017,11,18,2,3,2,6,0,1,0,0,0,2,0,4.85457E+20,5.53541E+21,8.79719E+15,4.99709E+16
37453,6.1711E+18,6,5,31,4,2017,11,13,4,2,5,3,0,1,0,0,0,0,0,4.84423E+20,5.59928E+21,8.78015E+15,5.05453E+16
37454,6.17111E+18,6,4,37,5,2017,11,17,2,2,6,4,0,0,1,1,0,2,0,4.96546E+20,5.50922E+21,8.95207E+15,4.97354E+16
37455,6.17103E+18,6,4,12,0,2017,10,22,4,3,4,6,0,1,0,0,0,2,0,4.7357E+20,5.55739E+21,8.62992E+15,5.01681E+16
37456,6.17102E+18,6,4,32,3,2017,10,20,7,3,3,1,0,1,0,0,0,2,1,4.71874E+20,5.51334E+21,8.60938E+15,4.97718E+16
37457,6.17102E+18,6,5,32,12,2017,10,10,7,3,7,7,0,1,0,0,0,0,0,4.50818E+20,5.61262E+21,8.30411E+15,5.06633E+16
37458,6.17102E+18,6,5,31,3,2017,10,13,6,3,2,6,0,1,0,0,0,0,0,4.85715E+20,5.60447E+21,8.79818E+15,5.05919E+16
37459,6.17102E+18,6,6,36,3,2017,10,18,6,3,5,3,0,1,0,0,0,1,0,5.72611E+20,5.67176E+21,1.00391E+16,5.11926E+16
37460,6.17102E+18,6,6,36,7,2017,10,10,6,3,2,6,0,1,0,0,0,0,0,5.70986E+20,5.67579E+21,1.00167E+16,5.12291E+16
37461,6.17102E+18,6,5,35,16,2017,10,18,6,1,4,1,0,1,0,0,0,1,0,5.06228E+20,5.59191E+21,9.08778E+15,5.04792E+16
37462,6.17102E+18,6,4,12,0,2017,10,17,6,3,2,6,0,1,0,0,0,0,0,4.75548E+20,5.55492E+21,8.65778E+15,5.0146E+16
37463,6.17102E+18,6,4,12,0,2017,10,11,6,3,1,5,1,0,0,0,1,0,1,4.74779E+20,5.55424E+21,8.64706E+15,5.01399E+16
37464,6.17102E+18,6,4,12,0,2017,10,10,6,3,0,1,0,0,0,1,0,0,1,4.75255E+20,5.54737E+21,8.65417E+15,5.00781E+16
37465,6.17102E+18,6,4,12,0,2017,10,14,6,2,6,7,0,1,1,0,0,0,0,4.77989E+20,5.55044E+21,8.69219E+15,5.01058E+16
37466,6.17102E+18,6,4,11,0,2017,10,20,6,3,2,6,0,1,0,0,0,2,0,4.74144E+20,5.52766E+21,8.63995E+15,4.99008E+16
37467,6.17102E+18,6,4,11,0,2017,10,15,6,3,2,6,0,1,0,0,1,0,1,4.75277E+20,5.53021E+21,8.65557E+15,4.99238E+16
37468,6.17111E+18,6,4,33,12,2017,11,16,3,3,2,6,0,1,0,0,1,1,0,4.55762E+20,5.53583E+21,8.38308E+15,4.99732E+16
37469,6.17111E+18,6,4,33,12,2017,11,14,3,3,2,6,0,1,0,0,0,0,0,4.60449E+20,5.53397E+21,8.44862E+15,4.99567E+16
37470,6.1711E+18,6,4,38,11,2017,11,17,4,3,2,6,0,1,0,0,0,2,0,4.92191E+20,5.54512E+21,8.89091E+15,5.00583E+16
37471,6.17102E+18,6,6,34,22,2017,10,17,6,3,9,1,0,1,0,0,0,0,0,5.15246E+20,5.64286E+21,9.21698E+15,5.09372E+16
37472,6.17111E+18,6,4,33,5,2017,11,20,4,3,5,3,0,1,0,0,0,2,1,4.52436E+20,5.53653E+21,8.33661E+15,4.99792E+16
37473,6.1711E+18,6,6,11,0,2017,11,19,4,2,3,6,0,1,0,0,1,2,0,5.31804E+20,5.6798E+21,9.45588E+15,5.12687E+16
37474,6.17102E+18,6,6,34,26,2017,10,19,6,3,1,5,0,1,0,0,0,2,0,5.13389E+20,5.63593E+21,9.1903E+15,5.08749E+16
37475,6.1711E+18,6,6,34,2,2017,11,17,4,3,5,6,0,1,0,0,1,1,0,5.29015E+20,5.67395E+21,9.41544E+15,5.12162E+16
37476,6.17111E+18,6,4,35,14,2017,11,22,4,3,2,2,0,1,0,0,0,2,1,4.93481E+20,5.5552E+21,8.90876E+15,5.0149E+16
37477,6.1711E+18,6,4,12,0,2017,11,16,4,3,2,6,0,1,0,0,0,0,0,4.6554E+20,5.55094E+21,8.51807E+15,5.01097E+16
37478,6.17102E+18,6,6,11,0,2017,10,12,6,3,2,6,0,1,0,0,1,0,1,5.3352E+20,5.68307E+21,9.48078E+15,5.1298E+16
37479,6.1711E+18,6,4,33,7,2017,11,15,4,3,2,6,0,1,0,0,0,0,0,4.68317E+20,5.54429E+21,8.55745E+15,5.00501E+16
37480,6.1711E+18,6,4,12,0,2017,11,12,4,3,8,1,0,1,0,0,0,0,0,4.73601E+20,5.54486E+21,8.63121E+15,5.00554E+16
37481,6.17102E+18,6,6,32,1,2017,10,22,6,3,4,7,0,1,0,0,0,2,0,5.4729E+20,5.65461E+21,9.67454E+15,5.1041E+16
37482,6.17102E+18,6,4,39,4,2017,10,9,6,2,4,7,1,1,0,0,0,0,1,4.26798E+20,5.53924E+21,7.97855E+15,5.0001E+16
37483,6.17102E+18,6,4,34,13,2017,10,5,6,3,8,7,0,1,0,0,0,2,0,4.58458E+20,5.57357E+21,8.41654E+15,5.03128E+16
37484,6.17102E+18,6,4,36,2,2017,10,16,6,3,5,2,0,1,0,1,0,0,0,4.53021E+20,5.55431E+21,8.34258E+15,5.01392E+16
37485,6.17102E+18,6,4,36,1,2017,10,6,6,2,7,7,0,1,0,0,0,2,0,4.63116E+20,5.55416E+21,8.48386E+15,5.01385E+16
37486,6.17102E+18,6,4,35,12,2017,10,7,6,3,5,2,0,1,0,0,0,2,0,5.07665E+20,5.56021E+21,9.10739E+15,5.0194E+16
37487,6.17102E+18,6,4,40,3,2017,10,12,6,3,5,2,0,1,0,0,0,0,1,4.85148E+20,5.55952E+21,8.79195E+15,5.01877E+16
37488,6.17102E+18,6,4,38,1,2017,10,14,6,3,5,3,0,1,0,0,0,0,0,4.8448E+20,5.54118E+21,8.78333E+15,5.00227E+16
37489,6.17102E+18,6,4,40,8,2017,10,12,6,3,2,6,0,1,0,0,1,0,0,4.81148E+20,5.57456E+21,8.73517E+15,5.03229E+16
37490,6.17102E+18,6,4,40,23,2017,10,15,6,3,2,6,0,1,0,1,0,0,1,4.78794E+20,5.56851E+21,8.70244E+15,5.02683E+16
37491,6.1711E+18,6,4,12,0,2017,11,17,4,3,2,6,0,1,0,0,0,1,0,4.74425E+20,5.5608E+21,8.64166E+15,5.01988E+16
37492,6.17102E+18,6,5,35,1,2017,10,21,6,3,2,2,0,1,0,0,0,2,0,5.1826E+20,5.62062E+21,9.25876E+15,5.0737E+16
37493,6.1711E+18,6,4,12,0,2017,11,16,4,3,2,6,0,1,0,0,1,0,0,4.70917E+20,5.55248E+21,8.59314E+15,5.01238E+16
37494,6.17111E+18,6,5,32,11,2017,11,15,3,2,5,2,0,1,0,0,0,0,0,4.40616E+20,5.62392E+21,8.15797E+15,5.0764E+16
37495,6.17111E+18,6,4,33,4,2017,11,6,4,3,8,1,0,1,0,0,0,0,1,4.67082E+20,5.50973E+21,8.54315E+15,4.97392E+16
37496,6.17111E+18,6,4,33,6,2017,11,17,4,2,6,2,0,1,1,0,0,2,1,4.63078E+20,5.52866E+21,8.48578E+15,4.99092E+16
37497,6.1711E+18,6,5,33,9,2017,11,15,4,3,9,1,0,1,0,0,0,0,0,4.35396E+20,5.58106E+21,8.09141E+15,5.0378E+16
37498,6.17103E+18,6,4,12,0,2017,10,8,4,2,2,6,0,1,0,0,0,0,1,4.71121E+20,5.55331E+21,8.59594E+15,5.01313E+16
37499,6.1711E+18,6,4,31,2,2017,11,10,4,3,2,6,0,1,0,0,0,0,0,4.70798E+20,5.50748E+21,8.59488E+15,4.97191E+16
37500,6.17103E+18,6,4,12,0,2017,10,16,4,3,2,6,0,1,0,0,0,0,0,4.80701E+20,5.55181E+21,8.73005E+15,5.01182E+16
37501,6.1711E+18,6,4,33,12,2017,11,22,4,3,2,6,0,1,0,0,0,2,0,4.58115E+20,5.53599E+21,8.41586E+15,4.99748E+16
37502,6.1711E+18,6,5,31,12,2017,11,17,4,3,2,6,0,1,0,0,0,2,0,4.74898E+20,5.59841E+21,8.64578E+15,5.05371E+16
37503,6.1711E+18,6,5,31,12,2017,11,17,4,3,8,1,0,1,0,0,0,1,0,4.75644E+20,5.5998E+21,8.65622E+15,5.05496E+16
37504,6.17103E+18,6,4,14,0,2017,10,15,3,3,2,6,0,1,0,0,0,0,0,4.46028E+20,5.54471E+21,8.24608E+15,5.00522E+16
37505,6.17103E+18,6,4,14,0,2017,10,10,3,3,5,2,1,1,0,0,0,0,0,4.4059E+20,5.54976E+21,8.16935E+15,5.00971E+16
37506,6.17103E+18,6,4,13,0,2017,10,3,3,3,8,7,0,1,0,0,1,2,0,4.80787E+20,5.55055E+21,8.73132E+15,5.01069E+16
37507,6.17103E+18,6,4,11,0,2017,10,11,3,3,2,6,0,1,0,1,0,0,0,4.77586E+20,5.52712E+21,8.68792E+15,4.98961E+16
37508,6.17103E+18,6,6,36,4,2017,10,17,3,3,0,7,0,0,0,1,0,2,0,5.54344E+20,5.67719E+21,9.77856E+15,5.12435E+16
37509,6.17103E+18,6,6,11,0,2017,10,0,3,3,5,3,0,1,0,0,0,2,1,5.29728E+20,5.6837E+21,9.42645E+15,5.13038E+16
37510,6.17103E+18,6,4,34,1,2017,10,10,3,3,8,7,0,1,0,0,0,0,0,4.70574E+20,5.56737E+21,8.58719E+15,5.02578E+16
37511,6.17103E+18,6,4,35,2,2017,10,13,3,3,2,6,0,1,0,0,0,0,0,5.26492E+20,5.56937E+21,9.37178E+15,5.02759E+16
37512,6.17111E+18,6,6,31,9,2017,11,16,2,3,5,2,0,1,0,1,0,1,0,5.49621E+20,5.60281E+21,9.70079E+15,5.05751E+16
37513,6.17103E+18,6,4,40,16,2017,10,10,3,2,5,2,0,1,0,1,0,0,0,5.08539E+20,5.58477E+21,9.12019E+15,5.04149E+16
37514,6.17111E+18,6,4,38,11,2017,11,5,2,3,5,2,0,1,0,0,0,2,1,4.9233E+20,5.53834E+21,8.89298E+15,4.99973E+16
37515,6.17102E+18,6,5,34,14,2017,10,12,6,3,3,6,0,1,0,0,0,0,1,4.83061E+20,5.62658E+21,8.75968E+15,5.07907E+16
37516,6.17102E+18,6,6,31,13,2017,10,20,6,3,8,1,0,1,0,0,0,2,1,5.66932E+20,5.60771E+21,9.9461E+15,5.06175E+16
37517,6.17102E+18,6,6,31,16,2017,10,5,6,3,5,3,0,1,0,0,1,2,0,5.4523E+20,5.58602E+21,9.63673E+15,5.04244E+16
37518,6.17102E+18,6,5,31,6,2017,10,15,6,2,5,3,0,1,0,0,0,0,0,4.97091E+20,5.60898E+21,8.95887E+15,5.06327E+16
37519,6.17102E+18,6,5,31,4,2017,10,16,6,3,3,6,0,1,0,0,1,0,0,4.83974E+20,5.59962E+21,8.7738E+15,5.05483E+16
37520,6.17102E+18,6,5,35,13,2017,10,12,6,3,2,6,0,1,0,0,0,0,0,5.01596E+20,5.61288E+21,9.02258E+15,5.06678E+16
37521,6.17102E+18,6,5,35,5,2017,10,16,6,3,2,6,0,1,0,0,0,0,0,5.08838E+20,5.61818E+21,9.12518E+15,5.07154E+16
37522,6.17102E+18,6,4,12,0,2017,10,13,6,3,2,6,0,1,0,0,1,0,0,4.70719E+20,5.54467E+21,8.59098E+15,5.00536E+16
37523,6.17102E+18,6,4,14,0,2017,10,23,6,3,3,6,0,1,0,0,1,2,0,4.55239E+20,5.54661E+21,8.37452E+15,5.00701E+16
37524,6.17102E+18,6,4,39,8,2017,10,19,6,2,9,1,0,0,0,0,1,2,0,4.46459E+20,5.56456E+21,8.24932E+15,5.02308E+16
37525,6.17102E+18,6,4,32,23,2017,10,8,6,3,9,6,0,1,0,0,1,0,0,4.71551E+20,5.5262E+21,8.60396E+15,4.98875E+16
37526,6.17103E+18,6,4,12,0,2017,10,13,4,3,5,2,0,1,0,1,0,0,0,4.80042E+20,5.55139E+21,8.72086E+15,5.01144E+16
37527,6.17102E+18,6,5,32,12,2017,10,10,6,3,0,1,0,1,0,0,0,0,1,4.49974E+20,5.61524E+21,8.29182E+15,5.06868E+16
37528,6.17103E+18,6,4,37,13,2017,10,17,4,3,9,1,0,1,0,0,0,1,1,4.85083E+20,5.50457E+21,8.79317E+15,4.96934E+16
37529,6.17102E+18,6,4,35,14,2017,10,13,5,3,2,6,0,1,0,0,1,0,0,4.93508E+20,5.55583E+21,8.90912E+15,5.01547E+16
37530,6.17102E+18,6,6,35,21,2017,10,14,5,2,5,3,0,1,0,1,0,0,0,4.97808E+20,5.67749E+21,8.96859E+15,5.12488E+16
37531,6.17102E+18,6,5,35,11,2017,10,13,5,2,4,1,0,1,0,0,0,0,0,5.26166E+20,5.60848E+21,9.36995E+15,5.06276E+16
37532,6.17102E+18,6,6,33,26,2017,10,17,5,3,2,6,0,1,0,0,1,0,0,5.3228E+20,5.6904E+21,9.46367E+15,5.1364E+16
37533,6.17102E+18,6,6,11,0,2017,10,17,5,3,5,3,1,1,0,0,0,0,0,5.34651E+20,5.68688E+21,9.49738E+15,5.13321E+16
37534,6.17102E+18,6,4,14,0,2017,10,9,5,3,6,4,0,1,1,0,0,0,0,4.45493E+20,5.54334E+21,8.2388E+15,5.00398E+16
37535,6.17102E+18,6,4,12,0,2017,10,9,5,2,5,2,1,1,0,0,0,0,0,4.70769E+20,5.55239E+21,8.59109E+15,5.0123E+16
37536,6.17102E+18,6,4,12,0,2017,10,15,5,3,5,3,1,1,0,0,0,0,0,4.74679E+20,5.55137E+21,8.64584E+15,5.0114E+16
37537,6.17102E+18,6,4,12,0,2017,10,18,5,3,6,7,0,1,1,0,0,1,0,4.7632E+20,5.55468E+21,8.66859E+15,5.01439E+16
37538,6.17102E+18,6,4,12,0,2017,10,15,5,3,5,3,1,1,0,0,0,0,0,4.77441E+20,5.55387E+21,8.68433E+15,5.01367E+16
37539,6.17102E+18,6,4,12,0,2017,10,14,5,3,2,6,0,1,0,0,1,0,0,4.8124E+20,5.55215E+21,8.73757E+15,5.01213E+16
37540,6.17102E+18,6,6,34,22,2017,10,17,5,1,5,2,1,1,0,0,0,0,0,5.16352E+20,5.63845E+21,9.23252E+15,5.08974E+16
37541,6.17111E+18,6,5,31,17,2017,11,17,2,3,2,6,0,1,0,0,0,2,0,4.80702E+20,5.61122E+21,8.72701E+15,5.06525E+16
37542,6.17111E+18,6,5,31,6,2017,11,12,3,3,8,1,0,1,0,0,0,0,0,5.02103E+20,5.60567E+21,9.02972E+15,5.06029E+16
37543,6.17111E+18,6,4,14,0,2017,11,20,3,3,5,2,0,1,0,0,0,2,0,4.42817E+20,5.55085E+21,8.20032E+15,5.01072E+16
37544,6.17103E+18,6,4,38,12,2017,10,0,3,3,5,2,0,1,0,0,0,2,0,4.8673E+20,5.53706E+21,8.81489E+15,4.99857E+16
37545,6.17102E+18,6,6,34,24,2017,10,14,5,3,5,3,0,1,0,1,0,0,0,5.46162E+20,5.66287E+21,9.65951E+15,5.11154E+16
37546,6.17111E+18,6,5,31,11,2017,11,16,4,3,5,3,0,1,0,0,0,1,1,4.83367E+20,5.59257E+21,8.76554E+15,5.04849E+16
37547,6.17103E+18,6,4,32,19,2017,10,16,3,3,8,7,0,1,0,0,0,0,0,4.86838E+20,5.52136E+21,8.81693E+15,4.98445E+16
37548,6.17103E+18,6,4,32,19,2017,10,19,3,3,8,1,0,1,0,0,0,2,0,4.85242E+20,5.52247E+21,8.79469E+15,4.98545E+16
37549,6.17103E+18,6,5,34,21,2017,10,15,3,3,2,2,0,1,0,0,0,0,0,4.80233E+20,5.64022E+21,8.71882E+15,5.09133E+16
37550,6.17103E+18,6,6,31,9,2017,10,21,3,2,5,3,0,1,0,0,0,2,0,5.48418E+20,5.6013E+21,9.6836E+15,5.05616E+16
37551,6.17103E+18,6,4,38,9,2017,10,23,3,3,2,6,0,1,0,0,0,2,0,4.79974E+20,5.54423E+21,8.72028E+15,5.005E+16
37552,6.17103E+18,6,5,33,9,2017,10,7,3,3,2,6,0,1,0,0,0,0,0,4.31545E+20,5.58397E+21,8.03672E+15,5.04038E+16
37553,6.17103E+18,6,4,11,0,2017,10,0,3,3,3,6,0,1,0,0,1,2,0,4.70919E+20,5.52167E+21,8.59551E+15,4.98468E+16
37554,6.17103E+18,6,4,12,0,2017,10,13,2,3,3,2,0,1,0,0,1,0,0,4.6781E+20,5.54391E+21,8.5504E+15,5.00466E+16
37555,6.17103E+18,6,6,36,3,2017,10,11,2,3,3,6,0,1,0,0,0,0,0,5.73079E+20,5.67092E+21,1.00456E+16,5.1185E+16
37556,6.17103E+18,6,6,11,0,2017,10,19,2,3,5,2,0,1,0,0,1,2,0,5.36483E+20,5.68411E+21,9.52339E+15,5.13071E+16
37557,6.17103E+18,6,6,11,0,2017,10,12,2,3,5,3,1,1,0,0,0,0,0,5.35345E+20,5.68525E+21,9.50718E+15,5.13174E+16
37558,6.17103E+18,6,6,11,0,2017,10,8,2,3,5,3,1,0,0,0,0,0,0,5.35127E+20,5.685E+21,9.50402E+15,5.13152E+16
37559,6.17103E+18,6,4,14,0,2017,10,7,2,3,5,7,0,1,0,1,0,0,0,4.48911E+20,5.54552E+21,8.28624E+15,5.00598E+16
37560,6.17103E+18,6,4,14,0,2017,10,7,2,3,2,6,0,1,0,1,0,0,0,4.50099E+20,5.54919E+21,8.30237E+15,5.00929E+16
37561,6.17103E+18,6,4,14,0,2017,10,15,2,3,2,6,0,1,0,0,1,0,0,4.44663E+20,5.54758E+21,8.22661E+15,5.00779E+16
37562,6.17103E+18,6,4,32,12,2017,10,18,2,3,5,2,0,1,0,0,0,2,0,4.81537E+20,5.53229E+21,8.74268E+15,4.99427E+16
37563,6.17102E+18,6,6,33,29,2017,10,22,5,2,9,1,0,1,0,0,0,2,0,5.19107E+20,5.69176E+21,9.27452E+15,5.13768E+16
37564,6.17102E+18,6,6,33,10,2017,10,7,5,2,8,1,0,1,0,0,0,0,0,5.27875E+20,5.70231E+21,9.40133E+15,5.14713E+16
37565,6.17102E+18,6,4,34,8,2017,10,17,5,3,4,1,0,1,0,1,0,0,0,4.62805E+20,5.56389E+21,8.47855E+15,5.0226E+16
37566,6.17102E+18,6,4,34,2,2017,10,9,5,2,5,2,0,1,0,0,0,0,0,4.76007E+20,5.56741E+21,8.6634E+15,5.02583E+16
37567,6.17102E+18,6,4,36,2,2017,10,0,5,3,2,6,0,1,0,1,0,2,0,4.52724E+20,5.55417E+21,8.33844E+15,5.01379E+16
37568,6.17103E+18,6,4,37,2,2017,10,15,2,3,5,3,0,1,0,0,0,0,0,4.9889E+20,5.49221E+21,8.98465E+15,4.95824E+16
37569,6.17103E+18,6,6,36,6,2017,10,8,2,3,5,3,0,1,0,1,0,0,0,5.52512E+20,5.67224E+21,9.75158E+15,5.11992E+16
37570,6.17103E+18,6,6,35,20,2017,10,13,2,2,2,6,0,1,0,1,0,0,0,5.07993E+20,5.69515E+21,9.11492E+15,5.14075E+16
37571,6.17111E+18,6,4,40,14,2017,11,12,2,2,6,4,0,1,1,0,0,0,0,4.98248E+20,5.56756E+21,8.97542E+15,5.02602E+16
37572,6.17103E+18,6,6,11,0,2017,10,20,2,3,2,2,0,1,0,0,0,2,1,5.31314E+20,5.68338E+21,9.44917E+15,5.13009E+16
37573,6.17111E+18,6,4,12,0,2017,11,17,2,3,3,2,1,1,0,0,0,2,0,4.7743E+20,5.55331E+21,8.68421E+15,5.01316E+16
37574,6.17102E+18,6,4,40,5,2017,10,19,5,3,2,6,0,1,0,0,1,1,0,4.78657E+20,5.58788E+21,8.69942E+15,5.04425E+16
37575,6.17102E+18,6,5,32,5,2017,10,7,5,3,5,2,0,1,0,0,1,2,0,4.50713E+20,5.63191E+21,8.30005E+15,5.08368E+16
37576,6.17102E+18,6,5,32,9,2017,10,21,5,3,7,7,0,0,0,1,0,2,0,4.57901E+20,5.62537E+21,8.40287E+15,5.07786E+16
37577,6.17102E+18,6,4,38,1,2017,10,17,5,3,5,3,1,1,0,0,0,0,0,4.84993E+20,5.54283E+21,8.79044E+15,5.00376E+16
37578,6.17102E+18,6,4,32,2,2017,10,13,5,3,2,6,0,1,0,0,0,0,0,4.96694E+20,5.53367E+21,8.95392E+15,4.99554E+16