OBJECTID,UIDENTSTLA,ULAND,UREGBEZ,UKREIS,UGEMEINDE,UJAHR,UMONAT,USTUNDE,UWOCHENTAG,UKATEGORIE,UART,UTYP1,IstRad,IstPKW,IstFuss,IstKrad,IstSonstig,LICHT,STRZUSTAND,LINREFX,LINREFY,XGCSWGS84,YGCSWGS84
37579,6.17102E+18,6,4,40,23,2017,10,11,5,2,2,2,0,1,0,0,0,0,0,4.78414E+20,5.5725E+21,8.69688E+15,5.03042E+16
37580,6.17102E+18,6,5,34,10,2017,10,0,5,2,6,6,0,0,1,0,1,2,0,4.71161E+20,5.62548E+21,8.59094E+15,5.07804E+16
37581,6.17102E+18,6,4,31,21,2017,10,16,5,2,4,6,0,1,0,1,0,0,0,4.865E+20,5.49014E+21,8.81332E+15,4.95637E+16
37582,6.17102E+18,6,4,33,8,2017,10,12,5,3,1,7,0,1,0,0,0,0,0,4.69111E+20,5.53554E+21,8.56924E+15,4.99714E+16
37583,6.17102E+18,6,5,34,9,2017,10,17,5,3,0,6,0,1,0,1,1,0,0,4.83873E+20,5.61782E+21,8.77158E+15,5.0712E+16
37584,6.17102E+18,6,5,34,14,2017,10,17,5,3,5,3,0,1,0,0,0,0,0,4.83587E+20,5.62625E+21,8.76716E+15,5.07877E+16
37585,6.17102E+18,6,5,34,12,2017,10,9,5,3,4,6,0,1,0,0,1,0,1,4.76157E+20,5.63155E+21,8.66141E+15,5.08352E+16
37586,6.17111E+18,6,5,33,6,2017,11,22,3,3,2,6,0,1,0,0,0,2,0,4.2988E+20,5.58407E+21,8.01327E+15,5.04045E+16
37587,6.17103E+18,6,6,11,0,2017,10,15,2,2,6,2,0,1,1,0,0,0,0,5.32878E+20,5.68204E+21,9.47148E+15,5.12888E+16
37588,6.17102E+18,6,5,34,14,2017,10,8,5,3,5,3,0,1,0,0,0,0,0,4.78202E+20,5.62874E+21,8.69061E+15,5.081E+16
37589,6.17111E+18,6,4,40,9,2017,11,14,3,3,5,2,0,1,0,0,0,0,0,5.14045E+20,5.58547E+21,9.19771E+15,5.04211E+16
37590,6.17103E+18,6,6,35,11,2017,10,17,2,2,5,3,0,1,0,0,0,1,0,4.84231E+20,5.65646E+21,8.77499E+15,5.10594E+16
37591,6.17102E+18,6,6,31,9,2017,10,16,5,3,5,2,0,1,0,1,0,0,0,5.48647E+20,5.6015E+21,9.68686E+15,5.05634E+16
37592,6.17111E+18,6,4,31,16,2017,11,8,4,3,9,6,0,1,0,0,0,0,1,4.67734E+20,5.49875E+21,8.5531E+15,4.96404E+16
37593,6.17103E+18,6,4,39,8,2017,10,20,2,3,1,7,0,1,0,0,0,2,0,4.47113E+20,5.56513E+21,8.2584E+15,5.0236E+16
37594,6.17103E+18,6,4,34,7,2017,10,11,2,2,4,2,0,1,0,0,1,0,0,4.65606E+20,5.57422E+21,8.51688E+15,5.03191E+16
37595,6.17103E+18,6,4,34,1,2017,10,17,2,2,2,6,0,1,0,0,0,1,0,4.75933E+20,5.56322E+21,8.66263E+15,5.02207E+16
37596,6.17102E+18,6,5,32,23,2017,10,19,5,3,2,6,0,1,0,0,0,2,0,4.63733E+20,5.59641E+21,8.48843E+15,5.05185E+16
37597,6.17103E+18,6,5,33,1,2017,10,18,2,3,7,1,0,1,0,0,1,2,1,4.41059E+20,5.59343E+21,8.16909E+15,5.04899E+16
37598,6.17103E+18,6,4,31,11,2017,10,18,2,2,5,2,1,1,0,0,0,2,0,4.73894E+20,5.49966E+21,8.63836E+15,4.96489E+16
37599,6.17103E+18,6,4,31,17,2017,10,21,2,3,8,1,0,1,0,0,0,2,0,4.78787E+20,5.49635E+21,8.70631E+15,4.96193E+16
37600,6.17103E+18,6,4,31,19,2017,10,18,2,3,3,2,0,1,0,1,0,2,0,4.82489E+20,5.49678E+21,8.75755E+15,4.96233E+16
37601,6.17103E+18,6,6,33,25,2017,10,20,4,3,4,6,0,1,0,0,1,2,0,5.25896E+20,5.70991E+21,9.3734E+15,5.15397E+16
37602,6.17103E+18,6,4,40,16,2017,10,7,2,3,5,3,0,1,0,0,1,0,1,5.0379E+20,5.58941E+21,9.05339E+15,5.04567E+16
37603,6.17103E+18,6,4,37,3,2017,10,18,2,2,2,6,0,1,0,0,0,2,0,4.91256E+20,5.51131E+21,8.87862E+15,4.97542E+16
37604,6.17103E+18,6,4,32,4,2017,10,12,2,2,4,6,0,1,0,0,0,0,0,4.8438E+20,5.52825E+21,8.78247E+15,4.99065E+16
37605,6.17103E+18,6,4,40,8,2017,10,11,2,3,5,3,0,1,0,0,0,0,0,4.85449E+20,5.57058E+21,8.79574E+15,5.02871E+16
37606,6.17103E+18,6,5,34,10,2017,10,10,2,2,5,2,1,1,0,0,0,0,1,4.66195E+20,5.62309E+21,8.52071E+15,5.07586E+16
37607,6.17103E+18,6,5,34,18,2017,10,10,2,3,2,6,0,1,0,0,0,0,0,5.01203E+20,5.63064E+21,9.01708E+15,5.08275E+16
37608,6.17103E+18,6,5,34,12,2017,10,19,2,3,8,7,0,1,0,0,0,2,1,4.775E+20,5.63275E+21,8.6804E+15,5.0846E+16
37609,6.17111E+18,6,4,38,9,2017,11,18,4,3,2,6,0,1,0,0,0,2,0,4.71167E+20,5.54304E+21,8.59736E+15,5.0039E+16
37610,6.17103E+18,6,5,34,13,2017,10,17,2,3,4,1,0,1,0,0,0,2,1,4.74025E+20,5.62053E+21,8.63191E+15,5.0736E+16
37611,6.17103E+18,6,6,34,27,2017,10,7,4,1,5,3,0,0,0,0,1,2,1,5.11771E+20,5.6541E+21,9.16788E+15,5.10384E+16
37612,6.17103E+18,6,5,34,14,2017,10,9,2,3,0,6,0,0,0,1,0,0,1,4.83224E+20,5.62735E+21,8.76196E+15,5.07976E+16
37613,6.17103E+18,6,4,39,15,2017,10,15,4,2,9,7,0,1,0,0,0,0,0,4.41793E+20,5.55631E+21,8.18517E+15,5.01562E+16
37614,6.17103E+18,6,5,34,12,2017,10,13,2,3,0,2,0,0,0,1,0,0,0,4.74027E+20,5.63483E+21,8.63093E+15,5.08645E+16
37615,6.17103E+18,6,6,31,9,2017,10,17,2,3,5,2,0,1,0,1,0,2,0,5.47927E+20,5.5986E+21,9.67632E+15,5.05374E+16
37616,6.17103E+18,6,4,35,14,2017,10,16,2,3,8,3,0,1,0,0,1,0,0,4.94885E+20,5.55265E+21,8.92845E+15,5.01261E+16
37617,6.17103E+18,6,5,31,8,2017,10,13,2,3,8,1,0,1,0,0,0,0,1,4.93581E+20,5.59559E+21,8.90946E+15,5.05122E+16
37618,6.17103E+18,6,5,31,12,2017,10,19,2,3,2,6,0,1,0,0,0,2,0,4.7518E+20,5.59873E+21,8.64974E+15,5.054E+16
37619,6.17103E+18,6,5,31,5,2017,10,17,2,3,2,6,0,1,0,0,1,1,0,4.7749E+20,5.60281E+21,8.68209E+15,5.05768E+16
37620,6.17103E+18,6,4,35,14,2017,10,21,2,2,2,7,0,1,0,0,0,2,0,5.00234E+20,5.55424E+21,9.00328E+15,5.01404E+16
37621,6.17103E+18,6,4,35,7,2017,10,17,2,3,0,7,0,1,0,0,0,2,0,5.00937E+20,5.5559E+21,9.01312E+15,5.01553E+16
37622,6.17103E+18,6,4,35,14,2017,10,17,2,3,3,6,0,1,0,0,0,2,0,4.94658E+20,5.55081E+21,8.92529E+15,5.01095E+16
37623,6.17103E+18,6,6,31,17,2017,10,14,2,2,2,6,0,1,0,0,0,0,0,5.518E+20,5.60057E+21,9.73125E+15,5.05548E+16
37624,6.17103E+18,6,6,32,15,2017,10,5,2,3,9,1,0,0,0,0,1,2,0,5.41062E+20,5.62513E+21,9.58239E+15,5.07765E+16
37625,6.17103E+18,6,4,13,0,2017,10,21,2,3,3,6,0,1,0,0,1,2,0,4.80931E+20,5.54686E+21,8.73351E+15,5.00737E+16
37626,6.17103E+18,6,4,36,5,2017,10,18,2,3,2,6,0,1,0,0,0,2,0,4.61831E+20,5.54197E+21,8.46709E+15,5.00288E+16
37627,6.17111E+18,6,4,31,2,2017,11,21,2,3,5,3,0,1,0,0,0,2,1,4.71291E+20,5.50239E+21,8.6021E+15,4.96733E+16
37628,6.17103E+18,6,4,40,18,2017,10,9,2,2,2,6,0,1,0,0,0,0,0,4.7901E+20,5.57986E+21,8.70485E+15,5.03704E+16
37629,6.17111E+18,6,4,39,8,2017,11,12,2,3,2,2,0,1,0,0,1,0,0,4.4669E+20,5.56221E+21,8.25289E+15,5.02096E+16
37630,6.17102E+18,6,5,32,15,2017,10,15,5,2,2,2,0,1,0,1,0,0,0,4.6894E+20,5.60258E+21,8.56136E+15,5.05743E+16
37631,6.17102E+18,6,5,31,5,2017,10,17,5,2,5,3,1,1,0,0,0,0,0,4.74866E+20,5.60393E+21,8.64496E+15,5.05867E+16
37632,6.17103E+18,6,4,39,12,2017,10,11,4,2,9,1,0,1,0,0,0,0,0,4.31602E+20,5.54021E+21,8.0454E+15,5.00103E+16
37633,6.17102E+18,6,5,31,5,2017,10,10,5,3,2,6,0,1,0,0,0,0,0,4.75142E+20,5.60104E+21,8.64904E+15,5.05608E+16
37634,6.17102E+18,6,4,12,0,2017,10,17,5,3,2,6,0,1,0,0,0,0,0,4.82194E+20,5.55414E+21,8.75083E+15,5.01392E+16
37635,6.17102E+18,6,4,35,14,2017,10,8,5,3,0,7,0,0,0,0,1,0,0,4.92572E+20,5.55594E+21,8.89601E+15,5.01557E+16
37636,6.17102E+18,6,4,38,9,2017,10,16,5,2,2,6,0,1,0,0,0,0,0,4.80364E+20,5.5455E+21,8.72566E+15,5.00614E+16
37637,6.17102E+18,6,4,12,0,2017,10,19,5,3,2,6,0,1,0,0,0,2,0,4.67092E+20,5.55183E+21,8.53969E+15,5.01178E+16
37638,6.17102E+18,6,5,33,3,2017,10,9,5,2,2,6,0,1,0,0,1,0,0,4.4569E+20,5.57195E+21,8.23748E+15,5.02972E+16
37639,6.17102E+18,6,4,11,0,2017,10,11,5,3,2,6,0,1,0,0,0,0,0,4.71744E+20,5.52216E+21,8.60694E+15,4.98512E+16
37640,6.17102E+18,6,4,40,15,2017,10,16,5,3,3,6,0,1,0,0,1,0,0,4.80071E+20,5.58987E+21,8.71923E+15,5.04605E+16
37641,6.17102E+18,6,4,40,15,2017,10,15,5,3,3,6,0,1,0,0,1,0,0,4.80197E+20,5.59016E+21,8.721E+15,5.04631E+16
37642,6.17102E+18,6,5,32,23,2017,10,7,5,3,2,6,0,1,0,0,0,1,1,4.6922E+20,5.60056E+21,8.56548E+15,5.05562E+16
37643,6.17102E+18,6,6,35,22,2017,10,15,4,2,2,6,0,1,0,0,1,0,0,4.83491E+20,5.68143E+21,8.76329E+15,5.1284E+16
37644,6.17103E+18,6,4,35,23,2017,10,17,1,2,5,3,0,1,0,1,0,0,0,5.03566E+20,5.5542E+21,9.0499E+15,5.014E+16
37645,6.17102E+18,6,6,32,15,2017,10,8,4,3,5,3,0,1,0,0,0,0,1,5.4201E+20,5.62443E+21,9.59575E+15,5.07701E+16
37646,6.17111E+18,6,5,31,5,2017,11,18,2,3,2,6,0,1,0,0,0,2,0,4.80376E+20,5.60434E+21,8.72277E+15,5.05906E+16
37647,6.17103E+18,6,5,33,9,2017,10,0,1,3,1,7,0,1,0,0,1,2,1,4.32487E+20,5.58164E+21,8.05039E+15,5.0383E+16
37648,6.17102E+18,6,5,35,7,2017,10,7,4,3,9,1,0,1,0,0,1,0,1,5.23504E+20,5.59483E+21,9.33144E+15,5.0505E+16
37649,6.17111E+18,6,5,34,8,2017,11,13,3,3,5,3,0,1,0,0,0,0,0,4.86411E+20,5.62006E+21,8.80745E+15,5.07322E+16
37650,6.17103E+18,6,5,33,6,2017,10,13,1,3,5,2,0,1,0,1,0,0,1,4.31706E+20,5.5841E+21,8.03897E+15,5.04049E+16
37651,6.17102E+18,6,5,33,7,2017,10,23,4,2,5,2,0,1,0,0,0,2,0,4.3192E+20,5.59124E+21,8.04067E+15,5.04692E+16
37652,6.17103E+18,6,4,14,0,2017,10,2,1,3,5,3,0,1,0,1,0,2,1,4.45024E+20,5.54825E+21,8.23156E+15,5.0084E+16
37653,6.17103E+18,6,4,12,0,2017,10,19,1,3,5,2,1,1,0,0,0,1,0,4.73679E+20,5.55002E+21,8.63196E+15,5.01019E+16
37654,6.17102E+18,6,5,33,9,2017,10,0,4,3,4,1,0,1,0,0,0,2,0,4.30702E+20,5.58237E+21,8.02516E+15,5.03893E+16
37655,6.17102E+18,6,6,11,0,2017,10,17,4,3,2,6,0,1,0,0,0,0,0,5.37794E+20,5.68448E+21,9.54224E+15,5.13104E+16
37656,6.17103E+18,6,4,12,0,2017,10,19,1,3,3,2,0,1,0,0,1,1,0,4.73646E+20,5.55002E+21,8.63149E+15,5.01018E+16
37657,6.17103E+18,6,6,33,6,2017,10,19,1,3,7,7,0,1,0,0,0,2,0,5.16956E+20,5.67743E+21,9.24294E+15,5.1248E+16
37658,6.17102E+18,6,4,36,3,2017,10,19,4,3,2,6,0,1,0,0,0,2,0,4.70203E+20,5.55385E+21,8.58305E+15,5.01362E+16
37659,6.17103E+18,6,6,33,3,2017,10,4,1,3,9,1,0,0,0,1,0,2,1,5.27627E+20,5.67871E+21,9.39592E+15,5.12591E+16
37660,6.17102E+18,6,4,11,0,2017,10,23,4,3,5,3,0,0,0,1,1,2,0,4.74562E+20,5.52406E+21,8.64602E+15,4.98684E+16
37661,6.17103E+18,6,4,39,6,2017,10,14,1,2,8,1,0,0,0,1,0,0,0,4.38488E+20,5.5647E+21,8.13755E+15,5.02313E+16
37662,6.17103E+18,6,4,34,5,2017,10,11,4,3,2,6,0,1,0,0,1,0,0,4.62459E+20,5.55813E+21,8.47427E+15,5.01741E+16
37663,6.17103E+18,6,4,35,2,2017,10,19,1,3,5,1,0,1,0,0,0,2,1,5.26529E+20,5.57435E+21,9.37265E+15,5.03206E+16
37664,6.17103E+18,6,4,34,1,2017,10,15,4,3,2,6,0,1,0,0,0,0,0,4.70881E+20,5.56558E+21,8.59164E+15,5.02417E+16
37665,6.17102E+18,6,6,34,22,2017,10,7,4,3,9,1,0,1,0,0,0,0,1,5.14753E+20,5.64396E+21,9.21001E+15,5.09471E+16
37666,6.17102E+18,6,6,11,0,2017,10,6,4,2,2,6,0,1,0,0,0,2,0,5.30377E+20,5.67971E+21,9.43542E+15,5.12679E+16
37667,6.17111E+18,6,4,40,5,2017,11,12,3,3,2,6,0,1,0,0,1,0,0,4.78367E+20,5.5873E+21,8.69537E+15,5.04373E+16
37668,6.17111E+18,6,4,33,4,2017,11,10,3,3,5,3,0,1,0,0,0,0,0,4.64421E+20,5.51137E+21,8.50606E+15,4.97538E+16
37669,6.17103E+18,6,4,35,29,2017,10,19,1,3,2,6,0,1,0,0,0,2,1,5.20693E+20,5.56521E+21,9.29018E+15,5.02387E+16
37670,6.17102E+18,6,6,32,18,2017,10,14,4,3,2,6,0,1,0,0,0,0,0,5.54073E+20,5.64936E+21,9.77049E+15,5.09933E+16
37671,6.17111E+18,6,6,33,19,2017,11,8,3,2,5,3,0,1,0,0,1,0,0,5.45404E+20,5.68404E+21,9.65136E+15,5.13058E+16
37672,6.17103E+18,6,4,40,1,2017,10,16,1,2,5,2,0,1,0,0,0,0,0,4.98154E+20,5.57081E+21,8.97409E+15,5.02894E+16
37673,6.17102E+18,6,4,39,11,2017,10,19,4,3,1,3,0,1,0,0,0,2,0,4.52122E+20,5.5556E+21,8.32984E+15,5.01507E+16
37674,6.17111E+18,6,4,35,14,2017,11,17,4,3,2,6,0,1,0,0,0,2,0,4.92475E+20,5.55453E+21,8.89469E+15,5.0143E+16
37675,6.17103E+18,6,4,37,9,2017,10,3,1,3,8,7,0,1,0,0,0,2,1,4.98256E+20,5.5174E+21,8.97576E+15,4.98091E+16
37676,6.17103E+18,6,5,32,5,2017,10,5,1,3,7,7,0,1,0,0,0,2,1,4.47844E+20,5.63335E+21,8.25911E+15,5.08495E+16
37677,6.17103E+18,6,5,35,1,2017,10,16,1,2,9,1,0,1,0,0,0,0,1,5.26219E+20,5.62272E+21,9.37171E+15,5.07557E+16
37678,6.17102E+18,6,4,39,8,2017,10,16,4,2,5,2,0,1,0,0,0,0,0,4.46575E+20,5.56265E+21,8.25122E+15,5.02136E+16
37679,6.17103E+18,6,4,33,11,2017,10,0,1,2,2,6,0,1,0,0,0,2,1,4.62685E+20,5.52146E+21,8.481E+15,4.98444E+16
37680,6.17103E+18,6,5,31,5,2017,10,21,1,3,5,3,0,1,0,0,0,2,0,4.75484E+20,5.60169E+21,8.65383E+15,5.05666E+16
37681,6.17103E+18,6,4,38,2,2017,10,6,1,3,9,1,0,1,0,0,0,2,1,4.79613E+20,5.54312E+21,8.7153E+15,5.00401E+16
37682,6.17103E+18,6,6,33,29,2017,10,15,1,3,3,6,0,1,0,0,0,0,1,5.19628E+20,5.68602E+21,9.2817E+15,5.13251E+16
37683,6.17103E+18,6,6,34,5,2017,10,12,1,3,2,6,0,1,0,0,0,0,0,5.20706E+20,5.66633E+21,9.29603E+15,5.11481E+16
37684,6.17103E+18,6,4,32,18,2017,10,7,1,3,9,1,0,1,0,0,0,0,1,4.69547E+20,5.5176E+21,8.57674E+15,4.98101E+16
37685,6.17103E+18,6,4,31,20,2017,10,14,1,3,3,1,0,1,0,0,0,0,0,4.65323E+20,5.4893E+21,8.52054E+15,4.95553E+16
37686,6.17103E+18,6,4,11,0,2017,10,7,1,3,9,1,0,1,0,0,0,0,1,4.73452E+20,5.51905E+21,8.63091E+15,4.98233E+16
37687,6.17103E+18,6,6,32,2,2017,10,12,7,2,5,3,0,1,0,0,0,0,0,5.50897E+20,5.63613E+21,9.72339E+15,5.08746E+16
37688,6.17103E+18,6,4,14,0,2017,10,5,7,3,0,7,0,0,0,0,1,2,0,4.46951E+20,5.54806E+21,8.25851E+15,5.00825E+16
37689,6.17103E+18,6,4,12,0,2017,10,1,7,3,3,2,0,1,0,0,0,2,0,4.73992E+20,5.55007E+21,8.63632E+15,5.01023E+16
37690,6.17103E+18,6,4,11,0,2017,10,13,7,3,2,6,0,1,0,0,0,0,0,4.75063E+20,5.52472E+21,8.65295E+15,4.98743E+16
37691,6.17103E+18,6,6,34,26,2017,10,15,7,3,5,3,0,1,0,0,0,0,0,5.17273E+20,5.63336E+21,9.24537E+15,5.08517E+16
37692,6.17103E+18,6,6,34,3,2017,10,10,7,3,5,3,0,1,0,0,0,0,0,5.32434E+20,5.67135E+21,9.46414E+15,5.11927E+16
37693,6.17102E+18,6,4,39,11,2017,10,6,4,3,8,7,0,1,0,0,0,2,1,4.45608E+20,5.55831E+21,8.23828E+15,5.01745E+16
37694,6.17102E+18,6,4,39,5,2017,10,12,4,2,4,1,0,0,0,1,1,0,0,4.23666E+20,5.55118E+21,7.93247E+15,5.0108E+16
37695,6.17103E+18,6,4,36,7,2017,10,17,4,2,5,3,0,1,0,1,0,0,0,4.61333E+20,5.54932E+21,8.4594E+15,5.00949E+16
37696,6.17102E+18,6,4,39,5,2017,10,7,4,3,1,6,0,1,0,0,0,1,0,4.31325E+20,5.56154E+21,8.0377E+15,5.02021E+16
37697,6.17102E+18,6,4,35,27,2017,10,6,4,3,8,1,0,1,0,0,0,2,0,5.42689E+20,5.56502E+21,9.59859E+15,5.02358E+16
37698,6.17103E+18,6,4,36,9,2017,10,14,4,3,2,6,0,1,0,0,0,0,0,4.62351E+20,5.54708E+21,8.47385E+15,5.00748E+16
37699,6.17102E+18,6,4,38,4,2017,10,7,4,3,5,3,0,1,0,0,0,1,0,4.96436E+20,5.5473E+21,8.95019E+15,5.0078E+16
37700,6.17102E+18,6,4,35,2,2017,10,0,4,2,1,3,1,1,0,0,0,2,0,5.26396E+20,5.57024E+21,9.3705E+15,5.02837E+16
37701,6.17102E+18,6,4,40,14,2017,10,18,4,2,5,2,1,1,0,0,0,0,0,4.98074E+20,5.56764E+21,8.97298E+15,5.02609E+16
37702,6.17102E+18,6,4,32,2,2017,10,20,4,3,4,6,0,1,0,0,0,0,0,4.97623E+20,5.5324E+21,8.96687E+15,4.99439E+16
37703,6.17102E+18,6,5,34,7,2017,10,11,4,3,1,2,0,1,0,0,1,0,0,4.68174E+20,5.6336E+21,8.54787E+15,5.08532E+16
37704,6.17102E+18,6,4,31,13,2017,10,12,4,2,4,2,0,1,0,0,0,0,0,4.61364E+20,5.49519E+21,8.46523E+15,4.96081E+16
37705,6.17102E+18,6,4,33,11,2017,10,5,4,3,2,6,0,1,0,0,0,2,1,4.58162E+20,5.52409E+21,8.41781E+15,4.98677E+16
37706,6.17102E+18,6,6,31,2,2017,10,16,4,3,5,7,0,1,0,0,0,0,0,5.50199E+20,5.61894E+21,9.71113E+15,5.07201E+16
37707,6.17102E+18,6,6,31,12,2017,10,10,4,3,5,3,0,1,0,1,0,0,0,5.67783E+20,5.59828E+21,9.95643E+15,5.05326E+16
37708,6.17102E+18,6,6,31,10,2017,10,10,4,3,2,6,0,1,0,0,0,0,0,5.59991E+20,5.58929E+21,9.84505E+15,5.04526E+16
37709,6.17102E+18,6,6,31,9,2017,10,17,4,3,2,6,0,1,0,0,0,0,0,5.48733E+20,5.59966E+21,9.68783E+15,5.05468E+16
37710,6.17103E+18,6,6,33,3,2017,10,18,7,3,8,2,0,1,0,0,0,2,0,5.27148E+20,5.67952E+21,9.38912E+15,5.12664E+16
37711,6.17102E+18,6,5,32,23,2017,10,20,4,3,5,2,0,1,0,1,0,2,0,4.64308E+20,5.60232E+21,8.49597E+15,5.05717E+16
37712,6.17102E+18,6,5,32,3,2017,10,9,4,3,8,1,0,1,0,0,0,0,1,4.58622E+20,5.59499E+21,8.41649E+15,5.05054E+16
37713,6.17102E+18,6,5,32,21,2017,10,23,4,3,0,1,0,1,0,0,0,2,0,4.58209E+20,5.59976E+21,8.41013E+15,5.05483E+16
37714,6.17102E+18,6,5,31,8,2017,10,7,4,2,8,1,0,1,0,0,0,0,1,4.92028E+20,5.58839E+21,8.88772E+15,5.04475E+16
37715,6.17102E+18,6,6,32,14,2017,10,9,4,1,3,6,0,1,0,0,1,0,0,5.40223E+20,5.64026E+21,9.57215E+15,5.09126E+16
37716,6.17102E+18,6,4,12,0,2017,10,7,4,3,2,6,0,1,0,1,0,0,0,4.79746E+20,5.54581E+21,8.71701E+15,5.00642E+16
37717,6.17102E+18,6,4,33,12,2017,10,16,4,3,2,6,0,1,0,0,0,0,0,4.6266E+20,5.5389E+21,8.47897E+15,5.00012E+16
37718,6.17102E+18,6,5,32,1,2017,10,16,4,2,2,6,0,1,0,1,0,0,0,4.61133E+20,5.60617E+21,8.45074E+15,5.06061E+16
37719,6.17102E+18,6,5,31,5,2017,10,12,3,2,8,1,0,0,0,1,0,0,0,4.81089E+20,5.60447E+21,8.73283E+15,5.05919E+16
37720,6.17102E+18,6,6,35,21,2017,10,16,3,2,4,6,0,1,0,0,0,0,0,4.99546E+20,5.67643E+21,8.9935E+15,5.12392E+16
37721,6.17103E+18,6,6,11,0,2017,10,6,7,3,9,1,0,1,0,0,0,2,0,5.25237E+20,5.68463E+21,9.36209E+15,5.13125E+16
37722,6.17102E+18,6,6,11,0,2017,10,12,3,3,6,2,0,1,1,0,0,0,0,5.37053E+20,5.68364E+21,9.53152E+15,5.13029E+16
37723,6.17111E+18,6,4,12,0,2017,11,8,3,3,2,6,0,1,0,0,0,0,0,4.71289E+20,5.55356E+21,8.59826E+15,5.01336E+16
37724,6.17103E+18,6,4,35,4,2017,10,21,7,2,8,1,0,1,0,0,0,2,1,5.23144E+20,5.57777E+21,9.32532E+15,5.03515E+16
37725,6.17102E+18,6,4,36,1,2017,10,7,3,3,5,3,1,1,0,0,0,1,1,4.64841E+20,5.55408E+21,8.50801E+15,5.01379E+16
37726,6.17111E+18,6,4,12,0,2017,11,12,3,3,2,6,0,1,0,0,0,0,0,4.76171E+20,5.5499E+21,8.66681E+15,5.01009E+16
37727,6.17103E+18,6,4,34,1,2017,10,9,7,2,4,6,0,1,0,0,0,0,0,4.74384E+20,5.56209E+21,8.64101E+15,5.02104E+16
37728,6.17102E+18,6,4,12,0,2017,10,8,3,3,5,3,0,1,0,0,1,0,0,4.77309E+20,5.55479E+21,8.68242E+15,5.01449E+16
37729,6.17103E+18,6,4,36,7,2017,10,11,7,2,6,4,0,1,1,0,0,0,0,4.58554E+20,5.54568E+21,8.42094E+15,5.0062E+16
37730,6.17103E+18,6,4,35,12,2017,10,12,7,3,5,2,0,1,0,0,0,0,0,5.07665E+20,5.56021E+21,9.10738E+15,5.0194E+16
37731,6.17102E+18,6,4,12,0,2017,10,14,3,3,3,2,1,1,0,0,0,0,0,4.76889E+20,5.55337E+21,8.67663E+15,5.01322E+16
37732,6.17103E+18,6,4,40,4,2017,10,19,7,2,5,3,0,1,0,0,0,2,0,5.05189E+20,5.57146E+21,9.07285E+15,5.02952E+16
37733,6.17103E+18,6,4,40,19,2017,10,14,7,3,2,7,0,1,0,0,0,0,0,5.02904E+20,5.57686E+21,9.04082E+15,5.03439E+16
37734,6.17102E+18,6,6,35,3,2017,10,20,3,2,8,1,0,0,0,1,0,2,0,5.09852E+20,5.66562E+21,9.14083E+15,5.11419E+16
37735,6.17103E+18,6,5,32,7,2017,10,2,7,3,7,7,0,1,0,0,0,2,0,4.43387E+20,5.61168E+21,8.19913E+15,5.06542E+16
37736,6.17103E+18,6,4,32,15,2017,10,22,7,2,9,7,0,1,0,0,0,2,0,4.88899E+20,5.5304E+21,8.84534E+15,4.99259E+16
37737,6.17103E+18,6,5,35,13,2017,10,19,7,2,7,7,0,0,0,0,1,2,0,4.99884E+20,5.60869E+21,8.99836E+15,5.06301E+16
37738,6.17103E+18,6,5,34,14,2017,10,12,7,3,2,6,0,1,0,0,0,0,0,4.85193E+20,5.62683E+21,8.78992E+15,5.0793E+16
37739,6.17103E+18,6,4,35,2,2017,10,7,4,3,6,4,0,1,1,0,0,1,0,5.26288E+20,5.56983E+21,9.36895E+15,5.028E+16
37740,6.17103E+18,6,6,31,9,2017,10,19,7,3,2,2,0,1,0,0,0,2,0,5.48718E+20,5.60004E+21,9.68767E+15,5.05502E+16
37741,6.17103E+18,6,4,35,14,2017,10,1,7,3,8,1,0,0,0,1,0,2,0,4.93681E+20,5.55372E+21,8.91157E+15,5.01357E+16
37742,6.17103E+18,6,4,35,14,2017,10,10,7,3,5,2,0,1,0,0,0,0,0,4.9204E+20,5.55839E+21,8.88851E+15,5.01777E+16
37743,6.17103E+18,6,5,32,14,2017,10,23,7,3,9,1,0,1,0,0,0,2,1,4.70751E+20,5.59604E+21,8.58745E+15,5.05156E+16
37744,6.17103E+18,6,5,32,16,2017,10,19,7,2,5,2,0,1,0,0,0,2,1,4.50514E+20,5.59784E+21,8.30179E+15,5.05304E+16
37745,6.17103E+18,6,5,32,18,2017,10,4,7,3,8,1,0,1,0,0,0,2,1,4.63499E+20,5.59215E+21,8.48554E+15,5.04802E+16
37746,6.17103E+18,6,6,34,13,2017,10,11,7,2,7,7,0,1,0,0,1,0,0,5.34588E+20,5.65707E+21,9.49361E+15,5.10641E+16
37747,6.17103E+18,6,5,35,13,2017,10,10,7,2,2,6,0,1,0,0,0,0,0,5.01501E+20,5.61259E+21,9.02124E+15,5.06652E+16
37748,6.17103E+18,6,4,12,0,2017,10,20,7,3,2,6,0,1,0,0,0,2,0,4.71385E+20,5.54372E+21,8.60035E+15,5.0045E+16
37749,6.17103E+18,6,4,12,0,2017,10,14,6,3,2,6,0,1,0,0,0,0,0,4.66644E+20,5.54138E+21,8.53433E+15,5.00238E+16
37750,6.17102E+18,6,6,33,28,2017,10,6,3,1,4,6,0,1,0,1,0,2,1,5.13439E+20,5.68471E+21,9.19283E+15,5.13135E+16