OBJECTID,UIDENTSTLA,ULAND,UREGBEZ,UKREIS,UGEMEINDE,UJAHR,UMONAT,USTUNDE,UWOCHENTAG,UKATEGORIE,UART,UTYP1,IstRad,IstPKW,IstFuss,IstKrad,IstSonstig,LICHT,STRZUSTAND,LINREFX,LINREFY,XGCSWGS84,YGCSWGS84
37751,6.17102E+18,6,4,38,13,2017,10,17,3,3,0,7,1,1,0,0,0,0,0,4.95772E+20,5.5447E+21,8.94094E+15,5.00546E+16
37752,6.17102E+18,6,4,31,17,2017,10,19,3,3,5,3,0,1,0,0,0,1,0,4.80762E+20,5.4939E+21,8.73378E+15,4.95974E+16
37753,6.17102E+18,6,4,31,16,2017,10,16,3,3,5,2,0,1,0,0,0,0,0,4.69457E+20,5.50112E+21,8.57678E+15,4.96619E+16
37754,6.17102E+18,6,4,35,1,2017,10,13,3,3,5,2,0,1,0,1,0,0,0,5.24691E+20,5.56404E+21,9.34616E+15,5.0228E+16
37755,6.17102E+18,6,5,34,5,2017,10,23,3,2,8,1,0,1,0,0,0,2,1,4.61514E+20,5.63803E+21,8.45278E+15,5.08927E+16
37756,6.17102E+18,6,4,31,20,2017,10,7,3,3,2,6,0,1,0,0,0,1,1,4.70888E+20,5.48728E+21,8.59763E+15,4.95374E+16
37757,6.17102E+18,6,4,33,12,2017,10,11,3,3,5,2,1,1,0,0,0,0,0,4.59354E+20,5.53659E+21,8.43308E+15,4.99803E+16
37758,6.17102E+18,6,4,33,10,2017,10,7,3,2,0,1,0,0,0,1,0,2,1,4.62005E+20,5.54119E+21,8.4696E+15,5.00218E+16
37759,6.17102E+18,6,4,33,12,2017,10,0,3,3,8,1,0,0,0,1,0,2,1,4.58203E+20,5.53315E+21,8.4174E+15,4.99492E+16
37760,6.17102E+18,6,5,34,18,2017,10,14,3,3,0,7,0,0,0,1,1,0,0,5.00167E+20,5.62924E+21,9.00236E+15,5.08149E+16
37761,6.17103E+18,6,6,11,0,2017,10,9,6,3,4,6,0,1,0,0,0,0,1,5.3559E+20,5.68672E+21,9.51084E+15,5.13307E+16
37762,6.17103E+18,6,4,14,0,2017,10,13,6,3,5,2,1,1,0,0,0,0,0,4.4871E+20,5.54061E+21,8.28409E+15,5.00156E+16
37763,6.17103E+18,6,4,14,0,2017,10,22,6,3,5,2,0,1,0,0,0,2,0,4.4566E+20,5.54422E+21,8.24101E+15,5.00478E+16
37764,6.17103E+18,6,4,14,0,2017,10,14,6,2,5,3,0,1,0,0,0,0,0,4.47442E+20,5.54827E+21,8.26534E+15,5.00844E+16
37765,6.17103E+18,6,4,12,0,2017,10,8,6,3,3,2,1,1,0,0,0,1,0,4.75885E+20,5.55554E+21,8.66245E+15,5.01516E+16
37766,6.17111E+18,6,4,32,10,2017,11,18,2,3,5,3,0,1,0,0,0,2,0,4.93966E+20,5.52348E+21,8.91604E+15,4.98637E+16
37767,6.17103E+18,6,4,12,0,2017,10,11,6,3,6,2,0,1,1,0,0,0,0,4.72208E+20,5.55264E+21,8.61119E+15,5.01253E+16
37768,6.17102E+18,6,6,31,9,2017,10,14,3,2,5,2,1,1,0,0,0,0,0,5.49298E+20,5.59805E+21,9.69559E+15,5.05323E+16
37769,6.17102E+18,6,5,31,14,2017,10,7,3,2,5,3,1,1,0,0,0,2,0,4.82721E+20,5.59764E+21,8.7562E+15,5.05305E+16
37770,6.17102E+18,6,4,35,2,2017,10,11,3,3,8,1,0,1,0,0,0,0,0,5.28369E+20,5.57247E+21,9.39835E+15,5.03037E+16
37771,6.17102E+18,6,6,11,0,2017,10,12,3,3,2,6,0,1,0,0,1,0,0,5.32414E+20,5.68046E+21,9.46469E+15,5.12746E+16
37772,6.17102E+18,6,4,12,0,2017,10,18,3,3,2,6,0,1,0,0,0,1,0,4.67584E+20,5.5521E+21,8.54655E+15,5.01203E+16
37773,6.17102E+18,6,4,12,0,2017,10,11,3,3,3,6,0,1,0,0,0,0,0,4.70483E+20,5.55179E+21,8.58713E+15,5.01177E+16
37774,6.17102E+18,6,4,12,0,2017,10,19,3,3,3,6,0,1,0,0,0,0,0,4.71082E+20,5.5515E+21,8.59553E+15,5.0115E+16
37775,6.17102E+18,6,4,36,7,2017,10,7,3,3,2,6,0,1,0,0,0,0,0,4.55174E+20,5.545E+21,8.37379E+15,5.00556E+16
37776,6.17102E+18,6,4,36,7,2017,10,7,3,3,2,6,0,1,0,0,0,0,0,4.58715E+20,5.54495E+21,8.42326E+15,5.00554E+16
37777,6.17102E+18,6,4,40,7,2017,10,10,3,3,2,6,0,1,0,0,1,0,0,4.94577E+20,5.57538E+21,8.92381E+15,5.03305E+16
37778,6.17102E+18,6,5,35,13,2017,10,8,3,2,2,6,0,0,0,0,1,0,0,4.97208E+20,5.60977E+21,8.96052E+15,5.06398E+16
37779,6.17102E+18,6,5,35,8,2017,10,17,2,3,4,6,0,1,0,0,0,0,0,5.25412E+20,5.60253E+21,9.35888E+15,5.05741E+16
37780,6.17102E+18,6,5,35,15,2017,10,6,2,3,8,6,0,0,0,1,1,2,0,5.41625E+20,5.6166E+21,9.58941E+15,5.06997E+16
37781,6.17103E+18,6,4,12,0,2017,10,23,6,3,0,1,1,0,0,0,0,2,0,4.785E+20,5.55001E+21,8.69937E+15,5.01019E+16
37782,6.17102E+18,6,6,11,0,2017,10,16,2,3,5,3,0,1,0,0,0,0,0,5.33837E+20,5.6879E+21,9.4858E+15,5.13413E+16
37783,6.17111E+18,6,4,34,1,2017,11,9,3,3,2,6,0,1,0,0,0,0,0,4.75883E+20,5.56251E+21,8.66198E+15,5.02143E+16
37784,6.17103E+18,6,4,12,0,2017,10,8,6,3,5,2,0,1,0,1,0,0,0,4.80268E+20,5.55639E+21,8.72376E+15,5.01594E+16
37785,6.17102E+18,6,6,11,0,2017,10,21,2,3,2,5,0,1,0,0,0,2,0,5.33883E+20,5.68459E+21,9.48613E+15,5.13116E+16
37786,6.17103E+18,6,4,12,0,2017,10,13,6,3,5,7,0,1,0,0,0,0,0,4.80357E+20,5.55155E+21,8.72525E+15,5.01159E+16
37787,6.17103E+18,6,6,35,20,2017,10,13,6,3,2,6,0,1,0,0,0,0,0,5.0876E+20,5.69551E+21,9.12595E+15,5.14108E+16
37788,6.17102E+18,6,4,14,0,2017,10,17,2,3,5,2,0,1,0,0,0,0,0,4.48984E+20,5.54106E+21,8.28785E+15,5.00197E+16
37789,6.17103E+18,6,6,35,2,2017,10,12,6,3,9,7,0,1,0,0,0,0,1,4.99666E+20,5.69002E+21,8.99521E+15,5.13614E+16
37790,6.17103E+18,6,6,34,14,2017,10,7,6,3,5,3,0,1,0,0,0,2,1,5.37618E+20,5.66339E+21,9.5375E+15,5.11207E+16
37791,6.17102E+18,6,4,14,0,2017,10,7,2,3,4,1,0,1,0,0,1,1,1,4.40965E+20,5.55254E+21,8.17417E+15,5.01222E+16
37792,6.17102E+18,6,4,14,0,2017,10,6,2,3,6,4,0,1,1,0,0,2,1,4.46231E+20,5.54672E+21,8.24864E+15,5.00704E+16
37793,6.17103E+18,6,6,33,25,2017,10,15,6,2,4,1,0,1,0,1,0,0,0,5.29417E+20,5.71783E+21,9.42483E+15,5.16107E+16
37794,6.17103E+18,6,6,11,0,2017,10,12,6,3,2,6,0,1,0,0,0,0,0,5.30541E+20,5.684E+21,9.43814E+15,5.13065E+16
37795,6.17102E+18,6,4,12,0,2017,10,6,2,3,3,6,0,1,0,0,1,1,0,4.77104E+20,5.54919E+21,8.67989E+15,5.00945E+16
37796,6.17103E+18,6,4,39,8,2017,10,12,6,3,2,6,0,1,0,0,0,0,0,4.46907E+20,5.56615E+21,8.25538E+15,5.02451E+16
37797,6.17102E+18,6,6,34,22,2017,10,15,2,3,5,3,0,1,0,0,0,0,0,5.11037E+20,5.6401E+21,9.157E+15,5.09124E+16
37798,6.17103E+18,6,4,35,27,2017,10,15,6,2,5,2,0,1,0,0,0,0,0,5.43321E+20,5.56626E+21,9.60759E+15,5.02469E+16
37799,6.17103E+18,6,4,39,10,2017,10,12,6,3,5,3,0,1,0,0,0,0,0,4.15545E+20,5.54563E+21,7.82016E+15,5.0057E+16
37800,6.17103E+18,6,4,39,12,2017,10,9,6,3,5,3,0,1,0,0,0,0,1,4.30318E+20,5.53959E+21,8.0276E+15,5.00046E+16
37801,6.17103E+18,6,4,39,4,2017,10,9,6,3,3,6,0,1,0,0,0,0,1,4.27299E+20,5.53782E+21,7.98581E+15,4.99882E+16
37802,6.17103E+18,6,4,35,19,2017,10,22,6,3,2,6,0,1,0,0,0,2,0,4.86195E+20,5.55458E+21,8.8068E+15,5.01433E+16
37803,6.17103E+18,6,4,35,19,2017,10,15,6,3,2,6,0,1,0,0,0,0,0,4.87131E+20,5.55568E+21,8.81986E+15,5.01532E+16
37804,6.17103E+18,6,4,38,10,2017,10,6,6,2,0,1,0,0,0,1,0,2,1,4.90357E+20,5.54777E+21,8.86521E+15,5.00822E+16
37805,6.17103E+18,6,4,34,6,2017,10,13,6,3,8,1,0,0,0,1,0,0,0,4.63165E+20,5.55926E+21,8.48405E+15,5.01844E+16
37806,6.17103E+18,6,4,36,4,2017,10,20,6,3,6,4,0,1,1,0,0,2,0,4.59437E+20,5.54368E+21,8.43349E+15,5.0044E+16
37807,6.17103E+18,6,4,36,9,2017,10,11,6,3,5,3,0,1,0,0,0,0,0,4.6241E+20,5.54701E+21,8.47468E+15,5.00742E+16
37808,6.17103E+18,6,4,31,7,2017,10,11,6,3,2,6,0,1,0,0,0,0,0,4.85385E+20,5.50127E+21,8.79749E+15,4.96638E+16
37809,6.17103E+18,6,4,35,2,2017,10,7,6,3,6,4,0,1,1,0,0,2,1,5.26288E+20,5.56983E+21,9.36896E+15,5.028E+16
37810,6.17103E+18,6,4,40,16,2017,10,19,6,3,5,2,0,1,0,0,0,1,0,5.03399E+20,5.58926E+21,9.04789E+15,5.04553E+16
37811,6.17103E+18,6,4,32,8,2017,10,16,6,3,5,2,1,1,0,0,0,0,0,4.6886E+20,5.52328E+21,8.56673E+15,4.98612E+16
37812,6.17103E+18,6,4,40,7,2017,10,15,6,3,2,2,0,1,0,0,1,0,0,4.89846E+20,5.57442E+21,8.85736E+15,5.03218E+16
37813,6.17103E+18,6,5,34,5,2017,10,5,6,1,6,4,0,1,1,0,0,2,1,4.63055E+20,5.63539E+21,8.47497E+15,5.0869E+16
37814,6.17103E+18,6,4,31,8,2017,10,13,6,3,0,7,1,1,0,0,0,0,0,4.80439E+20,5.4866E+21,8.72968E+15,4.95317E+16
37815,6.17103E+18,6,4,31,22,2017,10,20,6,3,5,2,0,1,0,0,0,2,0,4.71268E+20,5.50781E+21,8.60138E+15,4.97221E+16
37816,6.17103E+18,6,4,31,14,2017,10,15,6,3,1,5,0,1,0,0,0,0,0,4.78305E+20,5.50661E+21,8.69908E+15,4.97116E+16
37817,6.17103E+18,6,5,35,1,2017,10,17,6,2,5,3,0,1,0,1,0,0,0,5.17917E+20,5.62113E+21,9.25393E+15,5.07417E+16
37818,6.17103E+18,6,5,34,16,2017,10,16,6,3,4,1,0,1,0,1,0,0,1,5.07902E+20,5.63409E+21,9.11227E+15,5.08584E+16
37819,6.17103E+18,6,5,34,17,2017,10,13,6,3,8,1,0,1,0,0,0,0,0,4.96072E+20,5.63656E+21,8.94416E+15,5.08807E+16
37820,6.17103E+18,6,5,34,14,2017,10,14,6,3,0,6,0,1,0,0,1,0,0,4.80966E+20,5.62935E+21,8.72981E+15,5.08156E+16
37821,6.17103E+18,6,5,34,14,2017,10,13,6,3,5,3,0,1,0,0,0,0,0,4.84038E+20,5.63193E+21,8.7733E+15,5.08389E+16
37822,6.17102E+18,6,6,33,16,2017,10,8,2,3,1,5,0,1,0,0,0,0,0,5.17127E+20,5.70192E+21,9.24657E+15,5.14682E+16
37823,6.17102E+18,6,6,33,23,2017,10,13,2,3,4,7,0,1,0,0,0,0,0,5.23131E+20,5.6811E+21,9.33165E+15,5.12808E+16
37824,6.17102E+18,6,4,39,6,2017,10,12,2,3,2,6,1,1,0,0,0,0,0,4.39055E+20,5.56088E+21,8.14612E+15,5.01969E+16
37825,6.17102E+18,6,4,35,27,2017,10,15,2,3,8,1,0,1,0,0,0,0,0,5.41643E+20,5.57544E+21,9.58507E+15,5.03296E+16
37826,6.17102E+18,6,4,35,22,2017,10,20,2,2,5,3,0,0,0,1,1,2,0,4.8627E+20,5.55985E+21,8.80766E+15,5.01907E+16
37827,6.17102E+18,6,4,36,8,2017,10,13,2,3,2,2,0,1,0,0,1,0,0,4.59293E+20,5.55495E+21,8.43028E+15,5.01454E+16
37828,6.17102E+18,6,4,31,7,2017,10,17,2,3,5,3,0,1,0,1,0,0,0,4.88515E+20,5.50083E+21,8.84087E+15,4.96599E+16
37829,6.17102E+18,6,4,40,1,2017,10,7,2,3,5,3,0,1,0,0,0,0,0,4.97753E+20,5.57093E+21,8.96845E+15,5.02905E+16
37830,6.17102E+18,6,5,32,12,2017,10,15,2,2,4,7,0,1,0,0,0,0,0,4.51426E+20,5.61648E+21,8.31221E+15,5.06981E+16
37831,6.17102E+18,6,6,31,9,2017,10,16,2,3,5,2,1,1,0,0,0,0,0,5.48283E+20,5.59998E+21,9.68152E+15,5.05498E+16
37832,6.17102E+18,6,6,31,9,2017,10,7,2,3,6,4,0,1,1,0,0,0,0,5.46219E+20,5.60029E+21,9.65243E+15,5.05528E+16
37833,6.17102E+18,6,5,32,16,2017,10,6,2,3,5,3,0,1,0,0,0,2,1,4.50509E+20,5.59784E+21,8.30171E+15,5.05304E+16
37834,6.17102E+18,6,4,35,14,2017,10,11,2,3,2,6,0,1,0,0,0,0,0,4.93823E+20,5.55057E+21,8.91361E+15,5.01074E+16
37835,6.17102E+18,6,4,12,0,2017,10,19,2,3,3,6,0,1,0,0,1,2,0,4.71967E+20,5.55011E+21,8.60801E+15,5.01026E+16
37836,6.17102E+18,6,4,34,1,2017,10,14,2,3,2,6,0,1,0,0,0,0,0,4.75983E+20,5.56409E+21,8.66328E+15,5.02285E+16
37837,6.17103E+18,6,6,31,15,2017,10,7,6,2,4,1,0,1,0,0,0,2,1,5.52474E+20,5.60994E+21,9.74208E+15,5.0639E+16
37838,6.17102E+18,6,6,36,3,2017,10,13,1,3,0,1,1,0,0,0,0,0,0,5.73872E+20,5.67061E+21,1.00569E+16,5.11821E+16
37839,6.17103E+18,6,6,31,9,2017,10,10,6,3,0,7,0,1,0,0,0,0,0,5.46522E+20,5.59794E+21,9.65641E+15,5.05316E+16
37840,6.17102E+18,6,6,35,21,2017,10,16,1,3,9,6,0,0,0,1,1,0,0,5.00568E+20,5.68281E+21,9.00814E+15,5.12966E+16
37841,6.17103E+18,6,6,31,9,2017,10,7,6,3,6,4,0,1,1,0,0,2,1,5.47803E+20,5.59961E+21,9.67469E+15,5.05465E+16
37842,6.17103E+18,6,6,31,20,2017,10,7,6,3,2,2,0,1,0,0,0,1,1,5.49708E+20,5.6003E+21,9.70168E+15,5.05525E+16
37843,6.17102E+18,6,6,35,21,2017,10,17,1,2,5,2,0,1,0,1,0,0,0,5.06105E+20,5.67535E+21,9.08743E+15,5.12295E+16
37844,6.17103E+18,6,6,31,20,2017,10,8,6,3,9,1,0,1,0,0,0,0,1,5.5099E+20,5.60285E+21,9.72012E+15,5.05753E+16
37845,6.17103E+18,6,4,35,14,2017,10,7,6,3,5,3,0,1,0,0,0,1,1,4.93126E+20,5.55418E+21,8.9038E+15,5.01398E+16
37846,6.17102E+18,6,6,35,22,2017,10,14,1,2,5,2,0,0,0,1,1,0,1,4.79638E+20,5.68122E+21,8.70804E+15,5.1282E+16
37847,6.17102E+18,6,6,34,9,2017,10,12,1,3,6,6,1,0,1,0,0,0,0,5.29196E+20,5.6524E+21,9.41628E+15,5.10224E+16
37848,6.17103E+18,6,5,32,16,2017,10,12,6,3,5,3,0,1,0,0,0,0,0,4.54727E+20,5.59958E+21,8.36102E+15,5.05464E+16
37849,6.17102E+18,6,5,35,18,2017,10,15,1,3,2,1,0,1,0,1,0,0,0,5.14193E+20,5.60298E+21,9.20046E+15,5.05785E+16
37850,6.17103E+18,6,5,32,3,2017,10,7,6,3,9,1,0,0,0,1,0,2,1,4.58613E+20,5.595E+21,8.41637E+15,5.05055E+16
37851,6.17102E+18,6,6,33,9,2017,10,14,1,3,8,1,0,0,0,1,0,0,0,5.40362E+20,5.6948E+21,9.58025E+15,5.1403E+16
37852,6.1712E+18,6,6,34,7,2017,12,19,6,3,2,1,0,1,0,0,1,2,2,5.28453E+20,5.66929E+21,9.40701E+15,5.11743E+16
37853,6.17112E+18,6,4,34,8,2017,11,10,2,3,2,6,0,1,0,0,1,0,1,4.71754E+20,5.56215E+21,8.60414E+15,5.02109E+16
37854,6.17112E+18,6,6,32,11,2017,11,2,7,3,8,7,0,0,0,0,1,2,1,5.40788E+20,5.63175E+21,9.57924E+15,5.0836E+16
37855,6.1712E+18,6,6,34,5,2017,12,15,6,3,2,1,0,1,0,0,0,0,1,5.1991E+20,5.66545E+21,9.2846E+15,5.11401E+16
37856,6.17112E+18,6,4,34,1,2017,11,15,2,3,9,1,0,1,0,0,0,0,0,4.70748E+20,5.56322E+21,8.58996E+15,5.02204E+16
37857,6.17112E+18,6,4,12,0,2017,11,17,7,3,2,6,0,1,0,0,0,2,0,4.67763E+20,5.5522E+21,8.54904E+15,5.01211E+16
37858,6.1712E+18,6,6,35,14,2017,12,18,6,3,9,1,0,1,0,0,0,2,2,4.71947E+20,5.64865E+21,8.60031E+15,5.09887E+16
37859,6.17112E+18,6,4,36,7,2017,11,18,7,2,2,6,0,1,0,0,0,2,0,4.57122E+20,5.54499E+21,8.40101E+15,5.00557E+16
37860,6.17112E+18,6,5,33,17,2017,11,22,2,3,8,1,0,1,0,0,0,2,1,4.46189E+20,5.59507E+21,8.24117E+15,5.05051E+16
37861,6.17112E+18,6,4,36,7,2017,11,13,7,3,2,6,0,1,0,0,0,0,0,4.57122E+20,5.54499E+21,8.40102E+15,5.00557E+16
37862,6.1712E+18,6,4,39,8,2017,12,18,6,3,2,6,0,1,0,0,0,1,1,4.46673E+20,5.56282E+21,8.25256E+15,5.02151E+16
37863,6.1712E+18,6,4,38,11,2017,12,14,6,3,0,6,0,1,0,0,1,0,0,4.89984E+20,5.53742E+21,8.86027E+15,4.9989E+16
37864,6.17112E+18,6,4,36,6,2017,11,14,7,3,2,6,0,1,0,0,0,0,0,4.56651E+20,5.545E+21,8.39444E+15,5.00557E+16
37865,6.17112E+18,6,4,35,21,2017,11,7,6,3,2,6,0,1,0,0,0,0,1,4.89702E+20,5.56563E+21,8.85558E+15,5.02427E+16
37866,6.1712E+18,6,5,33,17,2017,12,7,6,2,6,4,0,1,1,0,0,1,1,4.48395E+20,5.59241E+21,8.27265E+15,5.04814E+16
37867,6.17112E+18,6,4,35,12,2017,11,10,6,3,8,1,0,1,0,0,0,0,1,5.06591E+20,5.55981E+21,9.09234E+15,5.01905E+16
37868,6.17112E+18,6,5,31,18,2017,11,15,6,2,5,3,0,1,0,1,0,0,1,4.76003E+20,5.60741E+21,8.6608E+15,5.06181E+16
37869,6.1712E+18,6,4,35,10,2017,12,7,6,3,2,6,0,1,0,0,1,1,1,5.14598E+20,5.56103E+21,9.20455E+15,5.02013E+16
37870,6.17112E+18,6,6,36,3,2017,11,20,6,3,5,3,1,1,0,0,0,2,0,5.72958E+20,5.67166E+21,1.00441E+16,5.11917E+16
37871,6.17121E+18,6,4,12,0,2017,12,16,3,3,2,6,0,1,0,0,0,1,0,4.71948E+20,5.55292E+21,8.60753E+15,5.01278E+16
37872,6.17112E+18,6,5,33,2,2017,11,17,6,3,5,3,0,1,0,0,0,2,0,4.39378E+20,5.57933E+21,8.14768E+15,5.03629E+16
37873,6.1712E+18,6,6,31,9,2017,12,17,2,2,5,2,1,1,0,0,0,2,1,5.49588E+20,5.59909E+21,9.69982E+15,5.05416E+16
37874,6.17112E+18,6,5,33,8,2017,11,17,6,3,5,3,0,1,0,0,0,2,0,4.39982E+20,5.57389E+21,8.15703E+15,5.03141E+16
37875,6.17112E+18,6,5,31,7,2017,11,18,3,3,6,4,0,1,1,0,0,2,0,4.74064E+20,5.60351E+21,8.63365E+15,5.0583E+16
37876,6.17112E+18,6,4,31,20,2017,11,18,3,3,6,4,0,1,1,0,0,2,0,4.68557E+20,5.48629E+21,8.5655E+15,4.95284E+16
37877,6.17112E+18,6,6,34,14,2017,11,7,3,3,2,6,0,1,0,0,0,0,1,5.42046E+20,5.6626E+21,9.60067E+15,5.11133E+16
37878,6.17112E+18,6,6,11,0,2017,11,11,6,3,3,6,0,1,0,1,0,0,1,5.34578E+20,5.68189E+21,9.49585E+15,5.12873E+16
37879,6.17112E+18,6,6,36,12,2017,11,16,3,3,4,6,0,1,0,0,0,2,1,5.63973E+20,5.6668E+21,9.91464E+15,5.1149E+16
37880,6.17112E+18,6,6,11,0,2017,11,17,6,3,2,6,0,1,0,0,0,2,0,5.35792E+20,5.68454E+21,9.51352E+15,5.1311E+16
37881,6.17112E+18,6,4,40,8,2017,11,17,4,3,4,6,0,1,0,0,1,2,1,4.77691E+20,5.57173E+21,8.68678E+15,5.02973E+16
37882,6.17112E+18,6,6,11,0,2017,11,17,6,3,2,6,0,1,0,0,0,0,0,5.35721E+20,5.68458E+21,9.5125E+15,5.13114E+16
37883,6.17112E+18,6,6,11,0,2017,11,15,6,3,6,4,0,1,1,0,0,0,0,5.34022E+20,5.68411E+21,9.48809E+15,5.13073E+16
37884,6.17112E+18,6,4,14,0,2017,11,6,6,3,6,4,0,0,1,1,0,2,1,4.4853E+20,5.54014E+21,8.28165E+15,5.00114E+16
37885,6.17112E+18,6,4,14,0,2017,11,18,6,3,2,6,0,1,0,0,0,2,1,4.46968E+20,5.54286E+21,8.25947E+15,5.00357E+16
37886,6.17112E+18,6,4,12,0,2017,11,19,6,3,5,2,0,1,0,0,0,2,0,4.7388E+20,5.5565E+21,8.63432E+15,5.01601E+16
37887,6.17112E+18,6,4,12,0,2017,11,15,6,3,6,4,0,1,1,0,0,0,0,4.76021E+20,5.55064E+21,8.66467E+15,5.01075E+16
37888,6.17112E+18,6,4,32,12,2017,11,21,6,3,5,3,0,1,0,0,0,2,1,4.80741E+20,5.53125E+21,8.73164E+15,4.99333E+16
37889,6.17112E+18,6,4,11,0,2017,11,7,6,3,2,6,0,1,0,0,0,1,0,4.74424E+20,5.52457E+21,8.64407E+15,4.9873E+16
37890,6.17112E+18,6,4,11,0,2017,11,16,6,3,2,6,0,1,0,0,0,1,0,4.76994E+20,5.52429E+21,8.67984E+15,4.98706E+16
37891,6.1712E+18,6,4,40,5,2017,12,21,6,3,9,1,0,1,0,0,0,2,1,4.74653E+20,5.59047E+21,8.64286E+15,5.04657E+16
37892,6.1712E+18,6,4,38,7,2017,12,7,2,3,2,6,0,1,0,0,0,2,2,5.01242E+20,5.53859E+21,9.01732E+15,4.99996E+16
37893,6.1712E+18,6,5,32,8,2017,12,11,6,3,5,3,0,1,0,0,0,0,1,4.55663E+20,5.60611E+21,8.37344E+15,5.06052E+16
37894,6.17112E+18,6,4,36,4,2017,11,7,2,3,2,2,0,1,0,0,0,0,1,4.57224E+20,5.53934E+21,8.40306E+15,5.00049E+16
37895,6.1712E+18,6,6,36,5,2017,12,4,2,3,8,7,0,0,0,0,1,2,1,5.79955E+20,5.65223E+21,1.01399E+16,5.1016E+16
37896,6.1712E+18,6,5,32,7,2017,12,0,6,3,8,1,0,1,0,0,0,2,2,4.3828E+20,5.6121E+21,8.12682E+15,5.06574E+16
37897,6.1712E+18,6,4,31,2,2017,12,9,6,3,5,7,0,1,0,0,0,0,1,4.7185E+20,5.50326E+21,8.60979E+15,4.96812E+16
37898,6.1712E+18,6,5,32,6,2017,12,18,2,3,2,6,0,1,0,0,1,2,1,4.49426E+20,5.61923E+21,8.28351E+15,5.07227E+16
37899,6.1712E+18,6,4,31,2,2017,12,9,6,3,0,1,0,0,0,1,0,0,1,4.73055E+20,5.50192E+21,8.62658E+15,4.96692E+16
37900,6.1712E+18,6,4,12,0,2017,12,19,6,3,2,6,0,1,0,0,0,2,0,4.80624E+20,5.55304E+21,8.7289E+15,5.01293E+16
37901,6.1712E+18,6,4,40,23,2017,12,8,2,3,2,6,0,1,0,0,0,0,1,4.76066E+20,5.56863E+21,8.66416E+15,5.02693E+16
37902,6.1712E+18,6,5,32,3,2017,12,17,6,3,2,2,0,1,0,0,0,2,0,4.57701E+20,5.59085E+21,8.40397E+15,5.04682E+16
37903,6.1712E+18,6,5,31,16,2017,12,19,6,3,9,1,0,1,0,0,0,2,0,4.8897E+20,5.60323E+21,8.84421E+15,5.05809E+16
37904,6.1712E+18,6,4,38,11,2017,12,12,6,3,2,6,0,1,0,0,1,0,0,4.90532E+20,5.54533E+21,8.86773E+15,5.00602E+16
37905,6.17121E+18,6,4,40,23,2017,12,17,3,3,2,6,0,1,0,0,0,2,0,4.77523E+20,5.57142E+21,8.68444E+15,5.02945E+16
37906,6.1712E+18,6,4,38,12,2017,12,9,6,3,1,7,0,0,0,0,1,0,1,4.88352E+20,5.53385E+21,8.83761E+15,4.99569E+16
37907,6.1712E+18,6,4,35,13,2017,12,9,6,3,3,6,0,1,0,0,0,0,0,5.00169E+20,5.56542E+21,9.00238E+15,5.02409E+16
37908,6.1712E+18,6,6,33,3,2017,12,14,6,3,2,6,0,1,0,0,1,0,1,5.32595E+20,5.679E+21,9.46715E+15,5.12614E+16
37909,6.1712E+18,6,6,33,8,2017,12,1,6,2,8,1,0,0,0,0,1,2,2,5.34225E+20,5.67579E+21,9.49021E+15,5.12324E+16
37910,6.1712E+18,6,6,34,1,2017,12,5,6,3,9,1,0,1,0,0,0,2,1,5.16616E+20,5.65745E+21,9.23715E+15,5.10683E+16
37911,6.1712E+18,6,5,35,14,2017,12,15,6,3,2,6,0,1,0,0,0,0,0,5.15407E+20,5.61936E+21,9.21828E+15,5.07258E+16
37912,6.1712E+18,6,4,12,0,2017,12,0,6,3,2,6,0,1,0,0,0,2,1,4.71485E+20,5.5511E+21,8.60119E+15,5.01115E+16
37913,6.1712E+18,6,4,36,6,2017,12,13,6,3,2,6,0,1,0,0,0,0,0,4.59999E+20,5.54263E+21,8.44145E+15,5.00346E+16
37914,6.1712E+18,6,5,33,8,2017,12,17,6,3,2,6,0,1,0,0,1,2,0,4.42232E+20,5.57642E+21,8.18825E+15,5.0337E+16
37915,6.17112E+18,6,6,34,22,2017,11,14,6,3,8,1,0,1,0,0,0,0,1,5.16329E+20,5.63841E+21,9.23219E+15,5.08971E+16
37916,6.1712E+18,6,4,32,23,2017,12,15,6,3,8,6,0,1,0,0,1,0,0,4.71828E+20,5.52846E+21,8.60765E+15,4.99078E+16
37917,6.17112E+18,6,6,34,20,2017,11,13,6,3,8,1,0,1,0,0,0,0,1,5.31898E+20,5.63182E+21,9.45301E+15,5.08372E+16
37918,6.1712E+18,6,4,31,11,2017,12,23,6,3,2,6,0,1,0,0,0,2,1,4.71816E+20,5.49927E+21,8.6096E+15,4.96453E+16
37919,6.17112E+18,6,6,11,0,2017,11,8,6,3,5,3,0,1,0,0,0,0,1,5.32083E+20,5.68597E+21,9.46043E+15,5.13242E+16
37920,6.17113E+18,6,5,31,13,2017,11,17,5,2,1,7,0,1,0,0,0,2,1,4.80022E+20,5.61215E+21,8.71735E+15,5.06609E+16
37921,6.17113E+18,6,6,35,22,2017,11,11,5,3,9,1,0,1,0,0,0,0,2,4.79903E+20,5.68206E+21,8.71179E+15,5.12895E+16
37922,6.17113E+18,6,6,35,22,2017,11,11,5,3,4,6,0,1,0,0,0,0,1,4.79898E+20,5.68199E+21,8.71173E+15,5.12889E+16
37923,6.17113E+18,6,6,11,0,2017,11,18,5,3,5,2,0,1,0,0,0,2,1,5.3602E+20,5.68773E+21,9.51712E+15,5.13397E+16
37924,6.17113E+18,6,4,14,0,2017,11,9,5,3,5,3,0,1,0,0,0,0,1,4.47924E+20,5.54099E+21,8.27307E+15,5.0019E+16