OBJECTID,UIDENTSTLA,ULAND,UREGBEZ,UKREIS,UGEMEINDE,UJAHR,UMONAT,USTUNDE,UWOCHENTAG,UKATEGORIE,UART,UTYP1,IstRad,IstPKW,IstFuss,IstKrad,IstSonstig,LICHT,STRZUSTAND,LINREFX,LINREFY,XGCSWGS84,YGCSWGS84
38098,6.17112E+18,6,4,12,0,2017,11,9,5,3,2,6,0,1,0,0,0,0,0,4.78116E+20,5.54548E+21,8.69425E+15,5.00612E+16
38099,6.17112E+18,6,4,34,1,2017,11,18,5,3,3,6,0,1,0,0,1,2,0,4.75481E+20,5.56179E+21,8.6564E+15,5.02077E+16
38100,6.17112E+18,6,4,12,0,2017,11,13,5,3,9,1,0,1,0,0,0,0,0,4.70017E+20,5.54469E+21,8.58117E+15,5.00538E+16
38101,6.17112E+18,6,4,40,18,2017,11,16,5,3,2,7,0,1,0,0,0,0,0,4.78377E+20,5.57858E+21,8.69602E+15,5.03589E+16
38102,6.17112E+18,6,6,34,9,2017,11,17,4,3,2,6,0,1,0,0,0,2,0,5.27899E+20,5.65413E+21,9.39793E+15,5.10381E+16
38103,6.17112E+18,6,5,33,9,2017,11,17,4,3,2,6,0,1,0,0,0,2,0,4.34207E+20,5.58411E+21,8.07415E+15,5.04054E+16
38104,6.17112E+18,6,6,11,0,2017,11,19,4,2,7,7,1,0,0,0,0,2,0,5.38071E+20,5.68415E+21,9.54618E+15,5.13074E+16
38105,6.17112E+18,6,6,11,0,2017,11,16,4,3,5,2,0,1,0,0,0,0,0,5.34751E+20,5.68692E+21,9.49882E+15,5.13325E+16
38106,6.17113E+18,6,6,33,15,2017,11,14,4,3,2,6,0,1,0,0,0,0,1,5.42059E+20,5.68162E+21,9.60309E+15,5.12844E+16
38107,6.17113E+18,6,6,11,0,2017,11,7,4,3,2,6,0,1,0,0,0,0,1,5.332E+20,5.68616E+21,9.47648E+15,5.13257E+16
38108,6.17112E+18,6,4,14,0,2017,11,21,4,3,0,5,0,1,0,1,0,2,0,4.45125E+20,5.54753E+21,8.23307E+15,5.00775E+16
38109,6.17113E+18,6,4,14,0,2017,11,15,4,3,5,3,1,1,0,0,0,0,1,4.45808E+20,5.54542E+21,8.24292E+15,5.00586E+16
38110,6.17112E+18,6,4,12,0,2017,11,16,4,3,2,6,0,1,0,0,1,0,0,4.79566E+20,5.55566E+21,8.71397E+15,5.01528E+16
38111,6.17113E+18,6,4,14,0,2017,11,14,4,3,2,6,0,1,0,0,0,0,0,4.46951E+20,5.54708E+21,8.25865E+15,5.00736E+16
38112,6.1712E+18,6,4,32,17,2017,12,22,1,3,8,1,0,1,0,0,0,2,2,4.92855E+20,5.52038E+21,8.90065E+15,4.98358E+16
38113,6.17112E+18,6,4,11,0,2017,11,16,4,2,6,2,0,0,1,0,1,0,0,4.74561E+20,5.52556E+21,8.64591E+15,4.98819E+16
38114,6.17112E+18,6,4,38,9,2017,11,19,2,3,5,3,1,0,0,0,1,2,1,4.78182E+20,5.54442E+21,8.69523E+15,5.00517E+16
38115,6.1712E+18,6,6,35,17,2017,12,8,1,2,8,1,0,1,0,0,0,0,1,4.93889E+20,5.64397E+21,8.91301E+15,5.09473E+16
38116,6.17112E+18,6,4,14,0,2017,11,8,2,3,1,2,0,1,0,0,1,0,1,4.45329E+20,5.54819E+21,8.23583E+15,5.00835E+16
38117,6.1712E+18,6,6,31,15,2017,12,16,1,2,8,1,0,1,0,0,0,2,2,5.55283E+20,5.61429E+21,9.78245E+15,5.06778E+16
38118,6.17112E+18,6,5,35,14,2017,11,6,3,3,8,7,0,1,0,0,1,2,1,5.11172E+20,5.61774E+21,9.15824E+15,5.07113E+16
38119,6.1712E+18,6,6,31,17,2017,12,15,1,2,4,1,0,1,0,0,0,0,2,5.52062E+20,5.59667E+21,9.73439E+15,5.05197E+16
38120,6.17112E+18,6,6,31,17,2017,11,18,3,3,5,3,0,1,0,0,0,2,1,5.51985E+20,5.5976E+21,9.73343E+15,5.05281E+16
38121,6.17112E+18,6,4,11,0,2017,11,13,4,3,5,2,1,1,0,0,0,0,0,4.75694E+20,5.52493E+21,8.66171E+15,4.98763E+16
38122,6.17112E+18,6,4,40,3,2017,11,15,3,2,4,1,0,1,0,0,0,0,1,4.81016E+20,5.55694E+21,8.7342E+15,5.01644E+16
38123,6.17112E+18,6,6,34,24,2017,11,20,4,3,7,7,0,1,0,0,0,2,0,5.43093E+20,5.66251E+21,9.61562E+15,5.11124E+16
38124,6.17112E+18,6,6,33,13,2017,11,11,4,3,8,1,0,1,0,0,0,0,1,5.27359E+20,5.70274E+21,9.39394E+15,5.14751E+16
38125,6.17112E+18,6,6,11,0,2017,11,6,3,3,2,6,0,1,0,0,1,2,1,5.37052E+20,5.68368E+21,9.53151E+15,5.13032E+16
38126,6.17112E+18,6,6,32,18,2017,11,8,4,3,4,6,0,1,0,0,1,0,0,5.54084E+20,5.65132E+21,9.77094E+15,5.10109E+16
38127,6.17112E+18,6,4,39,3,2017,11,13,4,3,2,6,0,1,0,0,1,0,0,4.33487E+20,5.54089E+21,8.07159E+15,5.00166E+16
38128,6.17112E+18,6,4,38,7,2017,11,7,4,3,2,6,0,1,0,0,0,0,0,5.00956E+20,5.54089E+21,9.01334E+15,5.00203E+16
38129,6.17112E+18,6,4,35,10,2017,11,6,4,2,0,1,1,0,0,0,0,2,1,5.15709E+20,5.56069E+21,9.22011E+15,5.01981E+16
38130,6.17112E+18,6,4,38,1,2017,11,6,4,3,0,3,0,1,0,1,0,1,0,4.84338E+20,5.54084E+21,8.78138E+15,5.00197E+16
38131,6.17112E+18,6,5,35,9,2017,11,8,4,3,9,1,0,1,0,0,0,0,1,5.02569E+20,5.61878E+21,9.03639E+15,5.07208E+16
38132,6.17112E+18,6,4,33,12,2017,11,18,4,3,5,2,0,1,0,0,1,1,0,4.58629E+20,5.53756E+21,8.42287E+15,4.9989E+16
38133,6.17112E+18,6,4,33,8,2017,11,17,4,3,5,2,0,1,0,0,0,2,0,4.69971E+20,5.53636E+21,8.58118E+15,4.99788E+16
38134,6.17113E+18,6,4,14,0,2017,11,8,4,3,1,2,0,1,0,0,0,0,1,4.4454E+20,5.54768E+21,8.22488E+15,5.00788E+16
38135,6.17112E+18,6,5,35,1,2017,11,16,2,3,5,3,0,1,0,0,0,2,1,5.19377E+20,5.62232E+21,9.27469E+15,5.07523E+16
38136,6.17113E+18,6,4,14,0,2017,11,6,4,3,6,2,0,0,1,0,1,2,0,4.44469E+20,5.54773E+21,8.22388E+15,5.00793E+16
38137,6.17112E+18,6,4,33,12,2017,11,6,2,3,4,3,0,1,0,0,0,2,0,4.58622E+20,5.53756E+21,8.42276E+15,4.99889E+16
38138,6.17113E+18,6,4,12,0,2017,11,22,4,3,2,6,0,1,0,0,0,2,1,4.82353E+20,5.55205E+21,8.75315E+15,5.01205E+16
38139,6.17113E+18,6,4,11,0,2017,11,7,4,3,6,3,0,1,1,0,0,0,1,4.74462E+20,5.52239E+21,8.64474E+15,4.98534E+16
38140,6.1712E+18,6,6,31,9,2017,12,14,1,3,2,6,0,1,0,0,0,0,2,5.4375E+20,5.59903E+21,9.61742E+15,5.05416E+16
38141,6.17113E+18,6,6,36,16,2017,11,5,4,3,2,6,0,1,0,0,0,2,1,5.63054E+20,5.68617E+21,9.90491E+15,5.13233E+16
38142,6.1712E+18,6,6,31,17,2017,12,8,1,2,9,1,0,1,0,0,0,0,2,5.52529E+20,5.59913E+21,9.74133E+15,5.05417E+16
38143,6.17113E+18,6,6,34,8,2017,11,21,4,3,5,3,0,1,0,0,0,2,0,5.33115E+20,5.67231E+21,9.47398E+15,5.12012E+16
38144,6.1712E+18,6,4,14,0,2017,12,17,2,3,5,2,0,1,0,0,1,1,1,4.46634E+20,5.54347E+21,8.25472E+15,5.00411E+16
38145,6.17121E+18,6,4,36,9,2017,12,13,3,3,8,7,0,1,0,0,0,0,0,4.61324E+20,5.54586E+21,8.45962E+15,5.00638E+16
38146,6.17121E+18,6,4,31,22,2017,12,17,3,3,5,3,0,1,0,0,0,2,1,4.72129E+20,5.50733E+21,8.61337E+15,4.97178E+16
38147,6.17121E+18,6,4,35,19,2017,12,8,3,3,5,2,0,1,0,0,0,0,1,4.86195E+20,5.55459E+21,8.80679E+15,5.01434E+16
38148,6.17113E+18,6,6,11,0,2017,11,17,4,3,2,6,0,1,0,0,0,2,0,5.31619E+20,5.68121E+21,9.45335E+15,5.12814E+16
38149,6.17113E+18,6,4,39,15,2017,11,13,4,3,2,6,0,1,0,0,0,0,0,4.38367E+20,5.55445E+21,8.13752E+15,5.0139E+16
38150,6.17113E+18,6,4,35,25,2017,11,19,4,3,8,1,0,1,0,0,0,2,2,5.34959E+20,5.58165E+21,9.49174E+15,5.03858E+16
38151,6.17113E+18,6,4,38,9,2017,11,17,4,3,2,6,0,1,0,0,0,2,0,4.74682E+20,5.5446E+21,8.64633E+15,5.00531E+16
38152,6.17113E+18,6,4,38,6,2017,11,14,4,3,5,2,0,1,0,0,1,0,0,4.76991E+20,5.53814E+21,8.67898E+15,4.99951E+16
38153,6.17113E+18,6,4,35,19,2017,11,20,4,3,1,6,0,1,0,0,1,2,0,4.89128E+20,5.55331E+21,8.84788E+15,5.01319E+16
38154,6.17113E+18,6,5,33,16,2017,11,11,4,3,8,7,0,1,0,0,0,0,1,4.37776E+20,5.59835E+21,8.122E+15,5.05337E+16
38155,6.17113E+18,6,5,32,12,2017,11,14,4,3,2,6,0,1,0,0,0,0,1,4.48982E+20,5.61709E+21,8.27752E+15,5.07033E+16
38156,6.17113E+18,6,4,32,14,2017,11,7,4,3,2,6,0,1,0,0,0,2,1,4.79564E+20,5.51944E+21,8.71586E+15,4.98271E+16
38157,6.17113E+18,6,4,40,2,2017,11,16,4,2,4,6,0,1,0,0,0,1,1,4.82733E+20,5.57981E+21,8.75719E+15,5.03701E+16
38158,6.17112E+18,6,5,34,20,2017,11,21,4,2,8,1,0,1,0,0,1,2,0,4.81291E+20,5.61978E+21,8.73492E+15,5.07295E+16
38159,6.17112E+18,6,5,34,9,2017,11,15,2,2,8,1,0,1,0,0,0,1,1,4.77352E+20,5.61727E+21,8.67925E+15,5.07068E+16
38160,6.17112E+18,6,5,34,14,2017,11,17,2,3,2,6,0,1,0,0,0,2,1,4.82566E+20,5.62668E+21,8.75265E+15,5.07916E+16
38161,6.17121E+18,6,6,35,13,2017,12,11,3,2,4,1,0,1,0,0,1,0,1,4.96157E+20,5.65702E+21,8.94515E+15,5.10647E+16
38162,6.17113E+18,6,4,40,6,2017,11,17,4,3,5,3,0,1,0,0,0,2,1,4.9351E+20,5.58482E+21,8.90866E+15,5.04154E+16
38163,6.17113E+18,6,4,40,25,2017,11,17,4,3,2,6,0,1,0,0,0,2,1,4.82734E+20,5.5711E+21,8.7576E+15,5.02918E+16
38164,6.17113E+18,6,4,31,13,2017,11,15,4,3,6,2,0,1,1,0,0,0,0,4.61119E+20,5.49445E+21,8.46191E+15,4.96013E+16
38165,6.17113E+18,6,6,31,20,2017,11,23,4,3,8,1,0,1,0,0,0,2,1,5.53093E+20,5.60167E+21,9.74965E+15,5.05645E+16
38166,6.17113E+18,6,6,31,8,2017,11,19,4,3,3,6,0,1,0,1,0,2,1,5.39896E+20,5.58619E+21,9.56167E+15,5.04264E+16
38167,6.17113E+18,6,5,31,5,2017,11,22,4,2,5,3,0,1,0,0,0,2,1,4.76282E+20,5.60378E+21,8.66496E+15,5.05854E+16
38168,6.17113E+18,6,4,38,11,2017,11,6,4,3,2,6,0,1,0,0,0,1,1,4.92138E+20,5.54359E+21,8.89019E+15,5.00446E+16
38169,6.17113E+18,6,4,38,11,2017,11,15,4,3,9,1,0,1,0,0,0,0,1,4.92643E+20,5.53907E+21,8.89733E+15,5.00039E+16
38170,6.17112E+18,6,6,31,9,2017,11,21,4,3,5,3,0,1,0,0,0,2,0,5.5048E+20,5.60005E+21,9.71254E+15,5.05502E+16
38171,6.17113E+18,6,6,33,29,2017,11,12,4,1,2,6,0,0,0,0,1,0,0,5.20185E+20,5.68495E+21,9.28963E+15,5.13155E+16
38172,6.17112E+18,6,4,35,14,2017,11,14,4,3,5,3,1,1,0,0,0,0,0,4.94418E+20,5.55307E+21,8.9219E+15,5.01298E+16
38173,6.17113E+18,6,4,12,0,2017,11,18,4,3,2,6,0,1,0,0,0,2,1,4.69513E+20,5.54475E+21,8.57413E+15,5.00542E+16
38174,6.17112E+18,6,5,32,23,2017,11,6,4,3,2,6,0,1,0,0,0,1,0,4.62791E+20,5.59995E+21,8.47479E+15,5.05503E+16
38175,6.17112E+18,6,4,12,0,2017,11,17,4,2,2,6,0,1,0,0,0,2,0,4.71832E+20,5.5567E+21,8.60563E+15,5.01618E+16
38176,6.17113E+18,6,4,12,0,2017,11,18,4,3,2,6,0,1,0,0,0,2,1,4.68664E+20,5.55276E+21,8.5616E+15,5.01262E+16
38177,6.17112E+18,6,4,12,0,2017,11,4,4,2,3,6,0,1,0,0,1,2,1,4.79115E+20,5.54566E+21,8.7082E+15,5.00628E+16
38178,6.17113E+18,6,4,12,0,2017,11,16,4,3,2,6,0,1,0,0,0,1,1,4.66506E+20,5.55145E+21,8.53154E+15,5.01143E+16
38179,6.17112E+18,6,5,32,3,2017,11,6,2,3,5,3,0,1,0,0,0,2,1,4.56136E+20,5.59622E+21,8.3813E+15,5.05163E+16
38180,6.1712E+18,6,4,38,11,2017,12,13,1,3,8,1,0,1,0,0,0,0,2,4.92434E+20,5.5387E+21,8.89442E+15,5.00005E+16
38181,6.1712E+18,6,4,35,6,2017,12,16,1,3,9,1,0,1,0,0,0,1,2,4.93166E+20,5.55585E+21,8.90433E+15,5.01548E+16
38182,6.17112E+18,6,6,35,20,2017,11,18,2,2,8,1,0,1,0,0,0,2,1,5.08034E+20,5.69518E+21,9.11551E+15,5.14078E+16
38183,6.1712E+18,6,5,31,5,2017,12,0,7,3,2,6,0,1,0,0,0,2,1,4.79008E+20,5.60693E+21,8.70329E+15,5.06138E+16
38184,6.17112E+18,6,6,32,12,2017,11,7,2,3,2,7,0,1,0,0,0,0,1,5.5336E+20,5.64156E+21,9.7592E+15,5.09232E+16
38185,6.17112E+18,6,4,12,0,2017,11,7,4,3,2,6,0,1,0,0,0,0,0,4.81416E+20,5.54906E+21,8.74018E+15,5.00935E+16
38186,6.1712E+18,6,5,31,13,2017,12,17,7,3,6,4,0,0,1,1,0,2,1,4.79037E+20,5.61042E+21,8.70351E+15,5.06452E+16
38187,6.17112E+18,6,4,35,14,2017,11,8,3,3,0,7,0,0,0,1,1,0,1,4.9381E+20,5.55302E+21,8.9134E+15,5.01294E+16
38188,6.17112E+18,6,4,12,0,2017,11,8,4,3,2,6,0,1,0,0,0,0,0,4.78002E+20,5.55643E+21,8.69204E+15,5.01597E+16
38189,6.17112E+18,6,4,14,0,2017,11,17,4,3,2,6,0,1,0,0,0,2,0,4.52883E+20,5.55259E+21,8.34086E+15,5.01237E+16
38190,6.17112E+18,6,5,34,19,2017,11,15,3,2,5,3,0,1,0,0,0,0,1,4.57999E+20,5.63076E+21,8.40364E+15,5.0827E+16
38191,6.17112E+18,6,4,33,10,2017,11,17,4,3,2,6,0,1,0,0,0,2,0,4.63934E+20,5.54182E+21,8.49647E+15,5.00276E+16
38192,6.17112E+18,6,4,32,1,2017,11,17,4,3,2,6,0,1,0,0,0,2,0,4.70587E+20,5.50926E+21,8.59183E+15,4.97351E+16
38193,6.17112E+18,6,5,31,5,2017,11,16,4,3,2,6,0,1,0,0,1,1,0,4.79989E+20,5.60693E+21,8.71716E+15,5.06139E+16
38194,6.17112E+18,6,4,40,15,2017,11,11,4,2,2,6,0,1,0,0,0,0,0,4.82473E+20,5.59118E+21,8.75301E+15,5.04724E+16
38195,6.17112E+18,6,5,31,16,2017,11,7,4,3,2,6,0,0,0,0,1,1,0,4.90795E+20,5.60685E+21,8.86989E+15,5.06134E+16
38196,6.17111E+18,6,4,12,0,2017,11,9,3,3,3,6,0,1,0,0,0,0,0,4.68905E+20,5.54441E+21,8.56565E+15,5.00512E+16
38197,6.17111E+18,6,6,35,21,2017,11,15,3,1,5,3,0,1,0,0,0,0,0,5.04899E+20,5.67591E+21,9.07018E+15,5.12345E+16
38198,6.17111E+18,6,6,34,9,2017,11,11,3,3,8,1,0,0,0,0,1,0,0,5.29629E+20,5.65485E+21,9.42265E+15,5.10444E+16
38199,6.17112E+18,6,4,33,10,2017,11,14,5,3,9,1,0,1,0,0,0,0,0,4.61693E+20,5.54202E+21,8.46517E+15,5.00292E+16
38200,6.17112E+18,6,4,40,7,2017,11,18,5,3,2,6,0,1,0,0,0,2,0,4.94887E+20,5.57538E+21,8.92816E+15,5.03305E+16
38201,6.17111E+18,6,6,11,0,2017,11,6,3,3,3,6,0,1,0,0,0,2,0,5.35609E+20,5.68463E+21,9.5109E+15,5.13118E+16
38202,6.17112E+18,6,4,38,10,2017,11,17,2,3,2,6,0,1,0,0,0,2,1,4.92227E+20,5.54568E+21,8.8914E+15,5.00634E+16
38203,6.17113E+18,6,4,34,8,2017,11,17,4,3,8,1,0,1,0,0,0,2,1,4.7294E+20,5.56174E+21,8.62078E+15,5.02072E+16
38204,6.17112E+18,6,4,35,14,2017,11,11,2,2,3,6,0,1,0,0,0,0,1,4.92178E+20,5.55599E+21,8.8905E+15,5.0156E+16
38205,6.1712E+18,6,6,32,2,2017,12,13,7,3,5,3,1,1,0,0,0,0,0,5.50027E+20,5.63516E+21,9.7109E+15,5.0866E+16
38206,6.1712E+18,6,6,33,7,2017,12,14,7,3,0,2,0,1,0,1,0,0,0,5.31368E+20,5.69294E+21,9.4508E+15,5.13868E+16
38207,6.17113E+18,6,4,13,0,2017,11,14,4,3,3,6,0,1,0,0,1,0,1,4.8202E+20,5.54586E+21,8.74878E+15,5.00647E+16
38208,6.1712E+18,6,4,33,4,2017,12,11,2,2,5,3,0,1,0,1,0,0,1,4.62882E+20,5.51179E+21,8.48467E+15,4.97574E+16
38209,6.1712E+18,6,6,11,0,2017,12,9,2,2,2,6,0,1,0,0,1,0,1,5.31462E+20,5.68299E+21,9.45126E+15,5.12974E+16
38210,6.17121E+18,6,4,31,2,2017,12,19,3,3,2,6,0,1,0,0,0,2,1,4.70762E+20,5.50759E+21,8.59438E+15,4.97201E+16
38211,6.17121E+18,6,5,31,4,2017,12,15,3,3,5,2,0,1,0,0,0,0,1,4.84433E+20,5.59928E+21,8.7803E+15,5.05452E+16
38212,6.17113E+18,6,4,36,7,2017,11,7,4,3,2,6,0,1,0,0,1,1,0,4.5553E+20,5.54621E+21,8.37863E+15,5.00665E+16
38213,6.17121E+18,6,4,31,16,2017,12,7,3,2,3,6,1,0,0,0,1,2,1,4.69682E+20,5.49578E+21,8.58031E+15,4.96138E+16
38214,6.17113E+18,6,4,40,8,2017,11,16,4,3,8,1,0,1,0,0,0,1,1,4.78394E+20,5.57627E+21,8.69638E+15,5.03381E+16
38215,6.17113E+18,6,4,35,20,2017,11,12,3,3,0,1,0,0,0,1,1,0,1,4.9794E+20,5.56098E+21,8.97113E+15,5.0201E+16
38216,6.17113E+18,6,5,33,9,2017,11,18,3,3,5,3,0,1,0,0,1,2,0,4.33205E+20,5.58245E+21,8.06035E+15,5.03903E+16
38217,6.17113E+18,6,5,33,6,2017,11,8,3,3,2,6,0,1,0,0,1,0,1,4.31606E+20,5.58421E+21,8.03753E+15,5.04059E+16
38218,6.17113E+18,6,5,33,9,2017,11,6,3,3,2,6,0,1,0,0,0,2,1,4.34032E+20,5.58368E+21,8.07177E+15,5.04015E+16
38219,6.17113E+18,6,5,33,9,2017,11,7,3,3,2,2,0,1,0,0,0,2,1,4.33337E+20,5.58154E+21,8.06236E+15,5.03821E+16
38220,6.17113E+18,6,6,11,0,2017,11,7,3,3,6,4,0,1,1,0,0,2,1,5.33461E+20,5.68462E+21,9.48008E+15,5.13119E+16
38221,6.17113E+18,6,4,14,0,2017,11,10,3,3,2,6,0,1,0,0,1,0,1,4.46824E+20,5.54495E+21,8.25717E+15,5.00545E+16
38222,6.17112E+18,6,4,34,8,2017,11,16,2,3,8,1,0,1,0,0,0,2,1,4.71772E+20,5.56209E+21,8.60439E+15,5.02104E+16
38223,6.17113E+18,6,4,14,0,2017,11,6,3,3,2,6,0,1,0,0,0,2,1,4.44881E+20,5.54771E+21,8.22963E+15,5.00791E+16
38224,6.1712E+18,6,4,12,0,2017,12,9,7,3,5,3,0,1,0,0,1,0,1,4.67931E+20,5.55085E+21,8.55152E+15,5.01091E+16
38225,6.17113E+18,6,4,36,3,2017,11,15,3,3,3,6,0,1,0,0,1,0,0,4.69035E+20,5.55386E+21,8.56671E+15,5.01362E+16
38226,6.17113E+18,6,4,36,1,2017,11,12,3,2,8,1,0,1,0,0,0,0,1,4.63108E+20,5.55417E+21,8.48374E+15,5.01386E+16
38227,6.1712E+18,6,4,12,0,2017,12,22,7,3,6,4,0,1,1,0,0,2,1,4.73534E+20,5.55299E+21,8.62972E+15,5.01285E+16
38228,6.17113E+18,6,4,36,3,2017,11,14,3,3,2,6,0,1,0,0,0,0,1,4.6891E+20,5.55372E+21,8.56497E+15,5.01349E+16
38229,6.1712E+18,6,6,36,6,2017,12,16,7,3,2,6,0,1,0,0,0,0,0,5.48382E+20,5.67373E+21,9.69267E+15,5.12129E+16
38230,6.17113E+18,6,4,12,0,2017,11,15,3,3,6,7,0,1,1,0,0,0,0,4.71927E+20,5.55478E+21,8.6071E+15,5.01446E+16
38231,6.17113E+18,6,4,12,0,2017,11,12,3,3,2,6,0,1,0,0,1,0,1,4.78319E+20,5.55032E+21,8.69682E+15,5.01048E+16
38232,6.17121E+18,6,5,32,23,2017,12,17,3,3,2,6,0,1,0,0,0,2,1,4.62777E+20,5.59671E+21,8.47492E+15,5.05211E+16
38233,6.17121E+18,6,4,31,11,2017,12,8,3,3,5,3,0,1,0,0,0,0,1,4.75306E+20,5.49924E+21,8.65794E+15,4.96452E+16
38234,6.17113E+18,6,4,12,0,2017,11,12,3,3,3,6,0,0,0,1,1,0,1,4.78336E+20,5.55031E+21,8.69705E+15,5.01046E+16
38235,6.17113E+18,6,4,12,0,2017,11,6,3,2,6,2,0,1,1,0,0,1,1,4.77667E+20,5.55059E+21,8.68768E+15,5.01071E+16
38236,6.17113E+18,6,4,12,0,2017,11,21,3,3,5,2,1,1,0,0,0,2,0,4.78142E+20,5.5508E+21,8.69431E+15,5.01091E+16
38237,6.17113E+18,6,4,12,0,2017,11,13,3,3,2,6,0,1,0,0,0,0,0,4.76051E+20,5.5505E+21,8.66509E+15,5.01063E+16
38238,6.17113E+18,6,6,34,17,2017,11,21,3,3,8,1,0,1,0,0,0,2,1,5.28909E+20,5.63809E+21,9.41105E+15,5.08938E+16
38239,6.17113E+18,6,6,32,3,2017,11,17,3,3,5,3,0,1,0,0,0,2,0,5.54946E+20,5.64833E+21,9.78278E+15,5.09839E+16
38240,6.17113E+18,6,4,39,13,2017,11,19,3,3,2,6,0,1,0,0,0,2,0,4.25254E+20,5.53694E+21,7.95747E+15,4.99801E+16
38241,6.17113E+18,6,4,38,9,2017,11,18,3,3,2,6,0,1,0,0,0,2,1,4.78314E+20,5.54402E+21,8.69711E+15,5.00481E+16
38242,6.17113E+18,6,4,38,2,2017,11,15,3,3,2,6,0,1,0,0,0,0,1,4.80402E+20,5.53806E+21,8.72657E+15,4.99946E+16
38243,6.17113E+18,6,4,38,2,2017,11,7,3,3,5,2,0,1,0,0,0,1,1,4.77554E+20,5.53939E+21,8.68676E+15,5.00064E+16
38244,6.17111E+18,6,6,11,0,2017,11,20,3,3,6,4,0,1,1,0,0,2,0,5.34475E+20,5.68709E+21,9.49487E+15,5.13341E+16
38245,6.17113E+18,6,4,38,10,2017,11,8,3,3,3,6,0,1,0,0,1,0,1,4.89884E+20,5.54698E+21,8.85863E+15,5.0075E+16
38246,6.17111E+18,6,4,14,0,2017,11,10,3,3,2,6,0,1,0,0,0,0,0,4.48184E+20,5.54649E+21,8.27596E+15,5.00685E+16
38247,6.17111E+18,6,4,14,0,2017,11,7,3,3,5,2,0,1,0,0,0,1,0,4.44234E+20,5.5487E+21,8.22045E+15,5.00879E+16
38248,6.17113E+18,6,4,34,7,2017,11,5,3,3,5,3,0,1,0,0,1,0,1,4.65828E+20,5.57279E+21,8.52012E+15,5.03062E+16
38249,6.17112E+18,6,5,33,2,2017,11,2,2,2,9,1,0,1,0,0,0,2,1,4.40041E+20,5.57848E+21,8.15713E+15,5.03554E+16
38250,6.17112E+18,6,4,11,0,2017,11,19,2,3,2,6,0,1,0,0,1,1,0,4.73461E+20,5.51907E+21,8.63104E+15,4.98235E+16
38251,6.17112E+18,6,6,35,18,2017,11,4,1,3,8,1,0,1,0,0,0,2,1,4.92382E+20,5.69209E+21,8.89054E+15,5.138E+16
38252,6.1712E+18,6,4,39,2,2017,12,13,7,3,5,3,1,1,0,0,0,0,0,4.33607E+20,5.55474E+21,8.07087E+15,5.01411E+16
38253,6.17112E+18,6,4,35,25,2017,11,17,2,3,2,6,0,0,0,1,1,1,1,5.40081E+20,5.57732E+21,9.56333E+15,5.03466E+16
38254,6.17111E+18,6,4,12,0,2017,11,0,3,3,2,1,0,1,0,1,0,2,0,4.73934E+20,5.55248E+21,8.63534E+15,5.0124E+16
38255,6.1712E+18,6,4,39,6,2017,12,19,7,3,8,1,0,1,0,0,0,2,2,4.35638E+20,5.5611E+21,8.09821E+15,5.01986E+16
38256,6.17112E+18,6,4,14,0,2017,11,19,2,3,5,3,0,1,0,1,0,2,1,4.45654E+20,5.54683E+21,8.24056E+15,5.00713E+16
38257,6.17111E+18,6,4,12,0,2017,11,20,3,3,6,4,0,1,1,0,0,2,0,4.76019E+20,5.55033E+21,8.66465E+15,5.01048E+16
38258,6.1712E+18,6,4,39,3,2017,12,9,7,3,4,3,0,1,0,0,0,0,0,4.39304E+20,5.54256E+21,8.15251E+15,5.00323E+16
38259,6.17121E+18,6,6,32,12,2017,12,14,3,3,2,2,0,1,0,0,0,0,0,5.52258E+20,5.63867E+21,9.7431E+15,5.08973E+16
38260,6.17111E+18,6,4,12,0,2017,11,0,3,3,3,7,0,1,0,0,1,2,0,4.76144E+20,5.54996E+21,8.66642E+15,5.01014E+16
38261,6.17112E+18,6,6,32,14,2017,11,4,3,3,4,7,0,1,0,0,1,2,1,5.38043E+20,5.64321E+21,9.54146E+15,5.09393E+16
38262,6.17111E+18,6,4,32,23,2017,11,17,3,2,2,6,1,0,0,0,1,2,0,4.68972E+20,5.52961E+21,8.56779E+15,4.9918E+16
38263,6.17121E+18,6,5,35,9,2017,12,18,4,2,4,6,0,1,0,0,1,2,0,5.00136E+20,5.61737E+21,9.00193E+15,5.07082E+16
38264,6.17111E+18,6,6,33,16,2017,11,17,3,2,6,4,0,1,1,0,0,2,0,5.21429E+20,5.70113E+21,9.30846E+15,5.14609E+16
38265,6.17111E+18,6,6,32,3,2017,11,17,3,3,5,3,0,1,0,0,0,2,0,5.55416E+20,5.64561E+21,9.78906E+15,5.09594E+16
38266,6.17111E+18,6,6,35,4,2017,11,16,3,3,4,6,0,1,0,0,0,1,0,4.712E+20,5.64667E+21,8.58982E+15,5.09709E+16
38267,6.17111E+18,6,4,34,8,2017,11,15,3,3,6,4,0,1,1,0,0,0,0,4.6935E+20,5.56211E+21,8.57045E+15,5.02104E+16
38268,6.17111E+18,6,4,35,1,2017,11,15,3,3,0,7,1,1,0,0,0,0,0,5.2492E+20,5.56396E+21,9.34936E+15,5.02272E+16
38269,6.17111E+18,6,4,32,4,2017,11,11,3,3,2,6,0,1,0,1,0,0,0,4.89369E+20,5.52904E+21,8.85193E+15,4.99137E+16
38270,6.17112E+18,6,4,36,7,2017,11,13,4,3,1,6,0,1,0,0,1,0,0,4.58306E+20,5.55218E+21,8.41677E+15,5.01204E+16