OBJECTID,UIDENTSTLA,ULAND,UREGBEZ,UKREIS,UGEMEINDE,UJAHR,UMONAT,USTUNDE,UWOCHENTAG,UKATEGORIE,UART,UTYP1,IstRad,IstPKW,IstFuss,IstKrad,IstSonstig,LICHT,STRZUSTAND,LINREFX,LINREFY,XGCSWGS84,YGCSWGS84
38444,6.17113E+18,6,6,34,26,2017,11,7,2,3,4,1,0,1,0,0,0,1,1,5.1229E+20,5.63254E+21,9.17457E+15,5.08444E+16
38445,6.17113E+18,6,6,34,21,2017,11,11,2,3,8,7,0,1,0,0,0,0,1,5.19868E+20,5.63474E+21,9.28232E+15,5.0864E+16
38446,6.17113E+18,6,6,35,3,2017,11,15,2,3,8,1,0,1,0,0,0,0,1,5.04735E+20,5.66272E+21,9.06765E+15,5.11159E+16
38447,6.1712E+18,6,6,32,2,2017,12,10,6,3,5,3,0,1,0,0,1,0,0,5.51398E+20,5.63493E+21,9.73035E+15,5.08637E+16
38448,6.17113E+18,6,6,34,3,2017,11,13,2,3,5,3,0,1,0,1,1,0,1,5.28627E+20,5.6627E+21,9.40898E+15,5.11151E+16
38449,6.1712E+18,6,5,33,9,2017,12,15,6,2,3,6,0,1,0,0,1,0,1,4.33318E+20,5.58268E+21,8.06189E+15,5.03924E+16
38450,6.17113E+18,6,6,11,0,2017,11,16,2,3,2,6,0,1,0,0,0,1,1,5.30769E+20,5.68676E+21,9.44165E+15,5.13313E+16
38451,6.1712E+18,6,4,38,8,2017,12,18,2,3,1,6,0,1,0,0,0,2,1,4.88742E+20,5.55097E+21,8.84255E+15,5.01108E+16
38452,6.1712E+18,6,5,31,3,2017,12,12,2,2,0,6,0,1,0,0,0,0,1,4.81867E+20,5.60721E+21,8.74368E+15,5.06165E+16
38453,6.17121E+18,6,6,31,18,2017,12,20,3,3,3,6,0,1,0,0,1,2,1,5.43436E+20,5.58828E+21,9.61174E+15,5.04449E+16
38454,6.17121E+18,6,4,40,24,2017,12,17,3,3,5,3,0,1,0,0,1,2,1,4.89466E+20,5.58525E+21,8.85172E+15,5.04192E+16
38455,6.17113E+18,6,4,39,2,2017,11,14,2,3,2,6,0,1,0,0,0,0,1,4.34543E+20,5.55569E+21,8.08379E+15,5.01499E+16
38456,6.17113E+18,6,4,35,25,2017,11,17,2,3,5,2,0,1,0,0,0,2,1,5.35985E+20,5.57568E+21,9.5056E+15,5.03321E+16
38457,6.17113E+18,6,4,39,13,2017,11,17,2,3,5,3,0,1,0,0,0,2,1,4.23706E+20,5.53706E+21,7.93584E+15,4.9981E+16
38458,6.17113E+18,6,4,38,13,2017,11,17,2,3,6,2,0,1,1,0,0,2,1,4.97582E+20,5.54326E+21,8.96623E+15,5.00417E+16
38459,6.17113E+18,6,4,34,3,2017,11,14,2,3,4,6,0,1,0,0,0,0,2,4.59724E+20,5.56342E+21,8.43541E+15,5.02215E+16
38460,6.17113E+18,6,5,33,17,2017,11,7,2,3,5,3,0,1,0,0,0,0,0,4.48373E+20,5.59395E+21,8.27212E+15,5.04952E+16
38461,6.17113E+18,6,4,36,6,2017,11,9,2,3,5,3,0,1,0,0,0,0,1,4.53549E+20,5.54185E+21,8.35148E+15,5.00271E+16
38462,6.17113E+18,6,4,35,12,2017,11,18,2,3,5,2,0,1,0,0,0,2,1,5.09099E+20,5.56146E+21,9.1275E+15,5.02053E+16
38463,6.17113E+18,6,4,32,5,2017,11,12,2,3,5,3,0,1,0,0,0,0,1,4.89443E+20,5.53274E+21,8.85285E+15,4.99469E+16
38464,6.17113E+18,6,4,32,2,2017,11,14,2,2,7,7,0,1,0,0,0,0,1,5.01083E+20,5.53406E+21,9.0151E+15,4.99589E+16
38465,6.17113E+18,6,5,34,4,2017,11,12,2,3,5,3,0,1,0,0,1,0,1,4.62532E+20,5.64107E+21,8.46694E+15,5.092E+16
38466,6.17112E+18,6,4,12,0,2017,11,16,1,3,4,6,0,1,0,0,0,0,1,4.70193E+20,5.55233E+21,8.58303E+15,5.01225E+16
38467,6.17112E+18,6,5,33,3,2017,11,22,1,3,9,1,0,1,0,0,0,2,1,4.45472E+20,5.5724E+21,8.23435E+15,5.03012E+16
38468,6.17112E+18,6,5,35,8,2017,11,11,7,2,9,6,0,1,0,0,0,0,1,5.25503E+20,5.59847E+21,9.35988E+15,5.05376E+16
38469,6.17111E+18,6,5,31,11,2017,11,5,1,2,9,1,0,1,0,0,0,2,1,4.85475E+20,5.59671E+21,8.7951E+15,5.05221E+16
38470,6.17113E+18,6,5,34,11,2017,11,13,2,3,2,6,0,1,0,0,0,0,1,4.97694E+20,5.63039E+21,8.96726E+15,5.08252E+16
38471,6.17112E+18,6,4,14,0,2017,11,17,7,3,2,6,0,1,0,0,0,2,0,4.46718E+20,5.54415E+21,8.2558E+15,5.00472E+16
38472,6.17111E+18,6,4,35,17,2017,11,20,1,3,0,1,0,1,0,0,0,2,1,5.03881E+20,5.55827E+21,9.05435E+15,5.01766E+16
38473,6.17112E+18,6,4,38,3,2017,11,19,2,3,5,3,0,1,0,0,0,2,1,4.74962E+20,5.53481E+21,8.65088E+15,4.99651E+16
38474,6.17111E+18,6,6,31,15,2017,11,12,1,3,8,1,0,1,0,0,0,0,1,5.4792E+20,5.60932E+21,9.67759E+15,5.06337E+16
38475,6.17111E+18,6,6,31,8,2017,11,12,1,3,9,1,0,1,0,0,1,0,1,5.4003E+20,5.58363E+21,9.56328E+15,5.04034E+16
38476,6.17111E+18,6,6,36,5,2017,11,13,1,3,8,1,0,1,0,0,0,0,1,5.77215E+20,5.65125E+21,1.01006E+16,5.10077E+16
38477,6.17121E+18,6,4,14,0,2017,12,17,3,3,4,6,0,1,0,0,0,2,0,4.43724E+20,5.55342E+21,8.21262E+15,5.01303E+16
38478,6.17111E+18,6,5,35,14,2017,11,19,1,3,2,6,0,1,0,0,0,2,1,5.13009E+20,5.61778E+21,9.18426E+15,5.07117E+16
38479,6.17111E+18,6,4,12,0,2017,11,16,1,3,9,1,0,1,0,0,0,1,1,4.7445E+20,5.56086E+21,8.64201E+15,5.01993E+16
38480,6.17121E+18,6,5,32,23,2017,12,7,4,3,2,6,0,1,0,0,0,1,0,4.62076E+20,5.59998E+21,8.46469E+15,5.05505E+16
38481,6.17111E+18,6,4,14,0,2017,11,17,1,3,8,1,0,1,0,0,0,0,1,4.53095E+20,5.55121E+21,8.344E+15,5.01113E+16
38482,6.17111E+18,6,4,31,6,2017,11,16,1,3,2,6,0,1,0,0,0,1,1,4.67539E+20,5.50488E+21,8.54989E+15,4.96956E+16
38483,6.17112E+18,6,4,11,0,2017,11,20,3,3,6,4,1,0,1,0,0,2,0,4.75345E+20,5.5244E+21,8.65689E+15,4.98715E+16
38484,6.17112E+18,6,5,35,13,2017,11,5,4,2,2,6,0,1,0,0,1,2,0,4.97673E+20,5.60982E+21,8.96709E+15,5.06402E+16
38485,6.17112E+18,6,4,40,13,2017,11,16,4,3,9,1,0,1,0,0,1,0,0,5.15335E+20,5.57716E+21,9.21553E+15,5.03463E+16
38486,6.17112E+18,6,4,36,3,2017,11,0,4,3,2,6,0,1,0,0,0,2,0,4.68858E+20,5.55341E+21,8.56427E+15,5.01321E+16
38487,6.17111E+18,6,4,35,21,2017,11,0,7,3,2,6,0,1,0,0,0,2,1,4.897E+20,5.56563E+21,8.85556E+15,5.02427E+16
38488,6.17112E+18,6,5,32,23,2017,11,16,5,3,5,3,0,1,0,0,0,2,0,4.66311E+20,5.59893E+21,8.52456E+15,5.05413E+16
38489,6.17111E+18,6,6,36,1,2017,11,14,7,2,5,2,0,1,0,0,0,0,1,5.68479E+20,5.67933E+21,9.98144E+15,5.12612E+16
38490,6.17111E+18,6,4,14,0,2017,11,21,7,3,5,3,0,1,0,0,0,2,1,4.48957E+20,5.53978E+21,8.28765E+15,5.00081E+16
38491,6.17112E+18,6,4,32,4,2017,11,16,5,3,2,6,0,1,0,0,0,1,0,4.89047E+20,5.52925E+21,8.84744E+15,4.99156E+16
38492,6.17111E+18,6,4,14,0,2017,11,19,7,3,5,2,0,1,0,0,0,2,1,4.44241E+20,5.54753E+21,8.22071E+15,5.00774E+16
38493,6.17111E+18,6,4,14,0,2017,11,11,7,3,5,7,1,1,0,0,0,0,1,4.44706E+20,5.54842E+21,8.22709E+15,5.00855E+16
38494,6.17111E+18,6,4,14,0,2017,11,11,7,3,5,3,0,1,0,1,0,0,1,4.45385E+20,5.54816E+21,8.23662E+15,5.00832E+16
38495,6.17111E+18,6,4,13,0,2017,11,20,7,3,5,2,0,1,0,1,0,2,1,4.8265E+20,5.55069E+21,8.75737E+15,5.01082E+16
38496,6.17111E+18,6,4,12,0,2017,11,13,7,3,2,6,0,1,0,0,0,0,1,4.711E+20,5.5542E+21,8.59557E+15,5.01393E+16
38497,6.17113E+18,6,5,34,14,2017,11,18,2,3,6,4,0,1,1,0,0,2,1,4.839E+20,5.62844E+21,8.7715E+15,5.08074E+16
38498,6.1712E+18,6,4,32,10,2017,12,10,2,3,5,3,0,1,0,0,0,0,1,4.89931E+20,5.52663E+21,8.85982E+15,4.9892E+16
38499,6.17113E+18,6,6,31,9,2017,11,6,2,3,5,3,1,0,0,0,1,2,0,5.47749E+20,5.60178E+21,9.67421E+15,5.0566E+16
38500,6.1712E+18,6,4,12,0,2017,12,19,2,3,5,3,1,1,0,0,0,2,1,4.784E+20,5.55269E+21,8.69782E+15,5.0126E+16
38501,6.17113E+18,6,6,31,14,2017,11,18,2,3,1,5,0,1,0,0,0,2,1,5.33956E+20,5.59935E+21,9.47925E+15,5.05451E+16
38502,6.17113E+18,6,6,31,9,2017,11,13,2,3,2,2,0,1,0,0,0,0,1,5.48413E+20,5.60003E+21,9.68336E+15,5.05502E+16
38503,6.17113E+18,6,6,31,9,2017,11,7,2,3,2,6,0,1,0,0,0,0,0,5.47915E+20,5.59925E+21,9.67624E+15,5.05432E+16
38504,6.17111E+18,6,4,12,0,2017,11,18,7,3,5,3,1,1,0,0,0,2,1,4.81528E+20,5.55236E+21,8.74159E+15,5.01232E+16
38505,6.17112E+18,6,6,11,0,2017,11,14,4,2,4,6,0,1,0,0,0,0,0,5.36006E+20,5.68613E+21,9.51676E+15,5.13253E+16
38506,6.17112E+18,6,4,35,14,2017,11,6,5,3,9,1,0,1,0,0,0,2,0,4.96084E+20,5.5526E+21,8.94522E+15,5.01256E+16
38507,6.17112E+18,6,4,32,10,2017,11,17,5,3,2,6,0,1,0,0,1,2,0,4.9341E+20,5.5248E+21,8.90828E+15,4.98756E+16
38508,6.17111E+18,6,4,37,1,2017,11,19,7,3,5,3,0,1,0,0,0,2,1,5.00242E+20,5.51053E+21,9.00335E+15,4.97473E+16
38509,6.17111E+18,6,4,11,0,2017,11,17,7,2,6,2,0,1,1,0,0,1,1,4.73788E+20,5.52303E+21,8.63532E+15,4.98591E+16
38510,6.17112E+18,6,4,12,0,2017,11,18,7,3,2,6,1,1,0,0,0,2,0,4.64282E+20,5.54954E+21,8.5006E+15,5.0097E+16
38511,6.17111E+18,6,6,36,16,2017,11,18,7,2,6,4,0,1,1,0,0,2,1,5.59613E+20,5.68839E+21,9.85591E+15,5.13437E+16
38512,6.17112E+18,6,4,12,0,2017,11,15,7,3,5,3,1,1,0,0,0,0,0,4.78388E+20,5.55402E+21,8.69757E+15,5.0138E+16
38513,6.17113E+18,6,5,32,23,2017,11,18,2,3,2,6,0,1,0,0,0,2,1,4.64752E+20,5.6E+21,8.50246E+15,5.05509E+16
38514,6.1712E+18,6,4,40,9,2017,12,15,2,3,4,1,0,1,0,0,1,0,1,5.1416E+20,5.58473E+21,9.19929E+15,5.04144E+16
38515,6.1712E+18,6,4,12,0,2017,12,13,2,3,5,3,0,1,0,0,0,0,1,4.64076E+20,5.54953E+21,8.49773E+15,5.0097E+16
38516,6.17121E+18,6,4,36,9,2017,12,8,3,3,2,6,0,1,0,0,1,0,0,4.61639E+20,5.54612E+21,8.46399E+15,5.00661E+16
38517,6.17113E+18,6,5,31,4,2017,11,16,2,3,5,3,0,1,0,0,0,2,1,4.8168E+20,5.60366E+21,8.74123E+15,5.05846E+16
38518,6.17121E+18,6,5,34,18,2017,12,16,3,3,3,6,0,1,0,0,1,1,1,5.01924E+20,5.63144E+21,9.02733E+15,5.08347E+16
38519,6.17113E+18,6,5,31,4,2017,11,12,2,3,4,3,0,1,0,0,0,0,1,4.84427E+20,5.59928E+21,8.78021E+15,5.05453E+16
38520,6.17113E+18,6,5,31,5,2017,11,9,2,3,3,2,1,1,0,0,0,0,0,4.76294E+20,5.60296E+21,8.66519E+15,5.0578E+16
38521,6.17113E+18,6,6,33,8,2017,11,23,2,3,8,7,0,1,0,0,0,2,1,5.3425E+20,5.67579E+21,9.49056E+15,5.12324E+16
38522,6.17113E+18,6,6,33,3,2017,11,7,2,3,2,6,0,1,0,0,1,1,1,5.30197E+20,5.67964E+21,9.43283E+15,5.12673E+16
38523,6.17113E+18,6,4,12,0,2017,11,5,2,3,2,6,0,1,0,0,0,2,0,4.7294E+20,5.54452E+21,8.62201E+15,5.00523E+16
38524,6.17113E+18,6,4,12,0,2017,11,5,2,3,9,1,0,0,0,0,1,2,0,4.74642E+20,5.5452E+21,8.64574E+15,5.00585E+16
38525,6.17113E+18,6,4,12,0,2017,11,15,2,3,2,6,0,1,0,0,0,0,1,4.71616E+20,5.55342E+21,8.60285E+15,5.01323E+16
38526,6.17113E+18,6,4,36,9,2017,11,7,2,3,2,6,0,1,0,0,0,1,0,4.61981E+20,5.54652E+21,8.46874E+15,5.00697E+16
38527,6.17113E+18,6,4,36,6,2017,11,6,2,3,3,6,0,1,0,0,1,2,1,4.56479E+20,5.54444E+21,8.39209E+15,5.00507E+16
38528,6.17113E+18,6,4,33,12,2017,11,14,2,3,9,1,0,1,0,0,0,0,1,4.59317E+20,5.536E+21,8.43263E+15,4.99749E+16
38529,6.17112E+18,6,4,37,11,2017,11,12,7,3,2,6,0,1,0,0,0,0,0,5.00315E+20,5.50394E+21,9.00437E+15,4.96879E+16
38530,6.17111E+18,6,6,33,28,2017,11,18,7,2,9,6,0,1,0,0,1,2,1,5.14451E+20,5.68995E+21,9.20756E+15,5.13606E+16
38531,6.17113E+18,6,5,31,5,2017,11,13,2,3,2,6,0,1,0,0,0,0,1,4.79527E+20,5.60402E+21,8.71079E+15,5.05877E+16
38532,6.17112E+18,6,6,34,17,2017,11,1,7,3,8,1,0,1,0,0,0,2,1,5.24031E+20,5.63557E+21,9.34153E+15,5.08713E+16
38533,6.17111E+18,6,6,33,28,2017,11,14,7,3,1,5,0,1,0,0,0,0,0,5.12006E+20,5.68631E+21,9.17232E+15,5.13279E+16
38534,6.17113E+18,6,5,32,20,2017,11,15,2,3,9,1,0,1,0,0,0,0,1,4.52212E+20,5.6108E+21,8.32408E+15,5.06471E+16
38535,6.17112E+18,6,4,38,9,2017,11,12,7,3,5,2,1,1,0,0,0,0,0,4.78179E+20,5.54487E+21,8.69518E+15,5.00557E+16
38536,6.17111E+18,6,4,39,15,2017,11,15,7,3,5,3,0,1,0,0,0,0,1,4.44303E+20,5.55832E+21,8.22001E+15,5.01745E+16
38537,6.17111E+18,6,4,35,25,2017,11,17,7,3,5,2,0,1,0,0,0,2,1,5.37173E+20,5.57789E+21,9.52252E+15,5.03519E+16
38538,6.17111E+18,6,4,39,4,2017,11,3,7,3,1,7,0,1,0,0,0,2,1,4.25187E+20,5.53715E+21,7.95649E+15,4.9982E+16
38539,6.17113E+18,6,6,32,12,2017,11,3,1,3,8,1,0,1,0,0,0,2,2,5.44854E+20,5.64528E+21,9.63863E+15,5.09574E+16
38540,6.17111E+18,6,4,38,9,2017,11,20,7,3,5,3,0,1,0,0,0,2,1,4.79819E+20,5.54404E+21,8.71812E+15,5.00483E+16
38541,6.17111E+18,6,4,35,19,2017,11,12,7,3,2,6,0,1,0,0,0,0,1,4.87597E+20,5.55528E+21,8.82639E+15,5.01496E+16
38542,6.17111E+18,6,4,38,11,2017,11,14,7,3,3,6,0,1,0,0,0,0,1,4.92435E+20,5.54042E+21,8.89441E+15,5.0016E+16
38543,6.17121E+18,6,6,36,14,2017,12,16,3,2,4,6,0,0,0,0,1,2,1,5.68391E+20,5.66617E+21,9.97767E+15,5.11429E+16
38544,6.17111E+18,6,4,36,2,2017,11,12,7,3,5,2,0,1,0,0,0,0,1,4.52971E+20,5.55434E+21,8.34188E+15,5.01394E+16
38545,6.1712E+18,6,6,11,0,2017,12,14,6,3,2,6,0,1,0,0,0,0,1,5.37076E+20,5.68279E+21,9.53176E+15,5.12952E+16
38546,6.17111E+18,6,4,31,7,2017,11,13,7,2,8,1,0,1,0,0,0,0,1,4.8793E+20,5.50098E+21,8.83275E+15,4.96613E+16
38547,6.17112E+18,6,6,31,11,2017,11,14,3,3,4,1,0,1,0,0,0,0,1,5.35896E+20,5.60642E+21,9.5073E+15,5.06085E+16
38548,6.17112E+18,6,4,35,12,2017,11,18,3,3,5,3,0,1,0,0,0,2,1,4.9886E+20,5.58726E+21,8.98395E+15,5.04374E+16
38549,6.17112E+18,6,4,14,0,2017,11,16,3,3,2,6,0,1,0,0,0,1,0,4.46736E+20,5.54695E+21,8.25567E+15,5.00724E+16
38550,6.17112E+18,6,4,38,11,2017,11,18,4,3,2,6,0,1,0,0,0,2,0,4.92206E+20,5.54599E+21,8.8911E+15,5.00662E+16
38551,6.17111E+18,6,4,31,17,2017,11,13,7,3,6,2,0,1,1,0,0,0,1,4.80985E+20,5.49393E+21,8.73687E+15,4.95977E+16
38552,6.17112E+18,6,4,38,2,2017,11,17,4,3,2,6,0,1,0,0,0,2,1,4.82036E+20,5.54462E+21,8.74906E+15,5.00536E+16
38553,6.17111E+18,6,4,40,11,2017,11,12,7,3,8,1,0,1,0,0,0,0,1,5.09702E+20,5.58336E+21,9.13652E+15,5.04022E+16
38554,6.17111E+18,6,5,32,4,2017,11,2,7,3,8,1,0,1,0,0,0,2,1,4.42518E+20,5.61413E+21,8.18646E+15,5.06761E+16
38555,6.17112E+18,6,5,31,2,2017,11,1,4,2,9,1,0,1,0,0,0,2,1,4.72918E+20,5.60726E+21,8.61719E+15,5.06166E+16
38556,6.17111E+18,6,4,32,4,2017,11,9,7,3,8,1,0,1,0,0,0,0,1,4.89053E+20,5.52924E+21,8.84751E+15,4.99155E+16
38557,6.17111E+18,6,4,32,18,2017,11,16,7,3,2,6,0,1,0,0,0,2,1,4.71214E+20,5.51821E+21,8.59987E+15,4.98156E+16
38558,6.17111E+18,6,4,32,20,2017,11,17,7,3,2,6,0,1,0,0,0,2,1,4.85522E+20,5.52492E+21,8.7985E+15,4.98765E+16
38559,6.17112E+18,6,4,38,6,2017,11,17,7,3,0,7,0,0,0,1,0,1,0,4.77089E+20,5.53815E+21,8.68035E+15,4.99953E+16
38560,6.17111E+18,6,4,33,14,2017,11,19,7,3,9,1,0,1,0,0,0,2,1,4.56783E+20,5.52669E+21,8.39833E+15,4.9891E+16
38561,6.1712E+18,6,4,14,0,2017,12,8,6,3,5,2,1,1,0,0,0,0,1,4.46402E+20,5.54237E+21,8.25164E+15,5.00312E+16
38562,6.17111E+18,6,5,34,12,2017,11,13,7,3,9,1,0,1,0,0,0,0,1,4.77718E+20,5.6325E+21,8.68352E+15,5.08438E+16
38563,6.1712E+18,6,4,14,0,2017,12,13,6,3,2,6,0,1,0,0,1,0,0,4.46824E+20,5.54489E+21,8.25718E+15,5.00539E+16
38564,6.17112E+18,6,6,33,28,2017,11,17,2,2,4,7,0,1,0,0,0,2,1,5.13444E+20,5.68471E+21,9.1929E+15,5.13135E+16
38565,6.17111E+18,6,4,35,14,2017,11,20,7,3,3,6,0,1,0,0,0,2,1,4.937E+20,5.55312E+21,8.91186E+15,5.01303E+16
38566,6.17111E+18,6,5,32,16,2017,11,11,7,3,5,3,0,1,0,0,0,0,1,4.54724E+20,5.59959E+21,8.36097E+15,5.05465E+16
38567,6.17111E+18,6,5,31,1,2017,11,0,7,3,8,1,0,1,0,0,0,2,1,4.87546E+20,5.61811E+21,8.8236E+15,5.07147E+16
38568,6.17121E+18,6,5,32,11,2017,12,2,4,2,2,6,0,0,0,0,1,2,0,4.47062E+20,5.62181E+21,8.24966E+15,5.07456E+16
38569,6.17111E+18,6,5,31,9,2017,11,7,7,2,9,1,0,1,0,0,0,0,1,4.71448E+20,5.58549E+21,8.59809E+15,5.04207E+16
38570,6.17111E+18,6,6,34,7,2017,11,17,7,2,3,6,0,1,0,0,0,2,1,5.24642E+20,5.66971E+21,9.35253E+15,5.11782E+16
38571,6.17111E+18,6,6,11,0,2017,11,11,7,2,3,1,0,1,0,0,0,0,1,5.33408E+20,5.68135E+21,9.47902E+15,5.12825E+16
38572,6.17111E+18,6,4,12,0,2017,11,14,7,3,2,6,0,1,0,0,0,0,1,4.6681E+20,5.55167E+21,8.53576E+15,5.01164E+16
38573,6.17111E+18,6,4,32,23,2017,11,21,7,3,9,1,0,1,0,0,0,2,1,4.72184E+20,5.53174E+21,8.61238E+15,4.99373E+16
38574,6.17111E+18,6,4,31,6,2017,11,16,7,3,2,6,0,1,0,0,0,2,1,4.67218E+20,5.50691E+21,8.54527E+15,4.97138E+16
38575,6.17112E+18,6,4,33,11,2017,11,10,4,2,4,6,0,1,0,0,0,0,0,4.64057E+20,5.52174E+21,8.50006E+15,4.9847E+16
38576,6.17112E+18,6,4,35,25,2017,11,7,4,2,6,4,0,1,1,0,0,1,0,5.37161E+20,5.5779E+21,9.52235E+15,5.0352E+16
38577,6.17112E+18,6,4,31,6,2017,11,14,5,3,2,6,0,1,0,0,0,0,0,4.67653E+20,5.50419E+21,8.55153E+15,4.96893E+16
38578,6.17111E+18,6,4,40,5,2017,11,20,7,2,8,7,0,1,0,0,0,2,1,4.78384E+20,5.58815E+21,8.69556E+15,5.0445E+16
38579,6.17112E+18,6,4,40,23,2017,11,13,5,2,4,1,0,1,0,0,0,0,0,4.74921E+20,5.5702E+21,8.64799E+15,5.02834E+16
38580,6.17111E+18,6,4,35,7,2017,11,13,6,3,2,6,0,1,0,1,0,0,1,4.98311E+20,5.55672E+21,8.97635E+15,5.01627E+16
38581,6.17111E+18,6,5,31,5,2017,11,21,6,2,6,4,0,1,1,0,0,2,1,4.77268E+20,5.60441E+21,8.67885E+15,5.05911E+16
38582,6.17111E+18,6,6,36,3,2017,11,6,6,3,2,2,1,1,0,0,0,1,1,5.72962E+20,5.67138E+21,1.00441E+16,5.11892E+16
38583,6.17112E+18,6,4,34,6,2017,11,16,7,2,4,6,0,1,0,0,0,1,0,4.6618E+20,5.56058E+21,8.52617E+15,5.01965E+16
38584,6.17111E+18,6,6,11,0,2017,11,12,6,3,2,6,0,1,0,0,1,0,1,5.37416E+20,5.68467E+21,9.53683E+15,5.13121E+16
38585,6.17112E+18,6,4,36,7,2017,11,13,7,3,1,5,0,1,0,1,0,0,0,4.60281E+20,5.54826E+21,8.4448E+15,5.00852E+16
38586,6.1712E+18,6,4,33,13,2017,12,20,2,3,5,3,0,1,0,0,0,2,1,4.6255E+20,5.51801E+21,8.47946E+15,4.98133E+16
38587,6.1712E+18,6,4,38,9,2017,12,17,2,3,5,2,0,1,0,0,0,1,1,4.79275E+20,5.54407E+21,8.71053E+15,5.00486E+16
38588,6.17113E+18,6,5,35,16,2017,11,13,1,3,5,2,0,1,0,0,0,0,2,5.16224E+20,5.59595E+21,9.22884E+15,5.05153E+16
38589,6.17121E+18,6,5,32,8,2017,12,2,3,2,1,5,0,0,0,0,1,2,1,4.54731E+20,5.60801E+21,8.36004E+15,5.06223E+16
38590,6.17113E+18,6,5,35,16,2017,11,14,1,3,9,1,0,1,0,0,0,0,1,5.17721E+20,5.59667E+21,9.24998E+15,5.05217E+16
38591,6.1712E+18,6,4,12,0,2017,12,15,6,3,0,1,0,0,0,1,0,0,1,4.793E+20,5.55333E+21,8.71037E+15,5.01319E+16
38592,6.17113E+18,6,5,35,16,2017,11,2,1,3,8,1,0,1,0,0,0,2,2,5.16672E+20,5.59573E+21,9.23514E+15,5.05133E+16
38593,6.17113E+18,6,5,33,9,2017,11,1,1,3,0,1,0,1,0,0,0,2,1,4.37071E+20,5.582E+21,8.11479E+15,5.03867E+16
38594,6.17113E+18,6,6,11,0,2017,11,17,1,2,1,7,0,1,0,0,0,2,1,5.36339E+20,5.68158E+21,9.52107E+15,5.12844E+16
38595,6.17113E+18,6,4,13,0,2017,11,16,1,3,4,1,0,1,0,0,0,2,1,4.84048E+20,5.54778E+21,8.77703E+15,5.00821E+16
38596,6.17113E+18,6,4,12,0,2017,11,14,1,2,0,1,0,0,0,1,0,0,1,4.76486E+20,5.56076E+21,8.67055E+15,5.01986E+16
38597,6.17113E+18,6,6,33,6,2017,11,1,1,3,8,1,0,1,0,0,0,2,2,5.17115E+20,5.67672E+21,9.24518E+15,5.12416E+16
38598,6.17113E+18,6,6,35,1,2017,11,17,1,2,8,1,0,1,0,0,0,2,1,4.7435E+20,5.65833E+21,8.63386E+15,5.10759E+16
38599,6.17113E+18,6,4,39,2,2017,11,0,1,3,2,6,0,1,0,0,1,2,2,4.31245E+20,5.55561E+21,8.03766E+15,5.01487E+16
38600,6.17113E+18,6,4,35,28,2017,11,0,1,2,9,1,0,1,0,0,0,2,1,5.30931E+20,5.58161E+21,9.43509E+15,5.03858E+16
38601,6.17113E+18,6,5,33,1,2017,11,7,1,3,2,6,0,1,0,0,0,1,2,4.40672E+20,5.59304E+21,8.16371E+15,5.04863E+16
38602,6.17113E+18,6,4,36,9,2017,11,22,1,2,8,1,1,0,0,0,0,2,0,4.62174E+20,5.54823E+21,8.47126E+15,5.00851E+16
38603,6.17111E+18,6,4,14,0,2017,11,21,6,2,5,2,0,1,0,0,0,2,1,4.52899E+20,5.54494E+21,8.34202E+15,5.00549E+16
38604,6.17113E+18,6,4,11,0,2017,11,0,1,3,8,1,0,1,0,0,0,2,1,4.73735E+20,5.51963E+21,8.63481E+15,4.98285E+16
38605,6.17112E+18,6,4,31,4,2017,11,13,7,3,5,3,0,1,0,0,0,0,0,4.78497E+20,5.49045E+21,8.70262E+15,4.95663E+16
38606,6.17111E+18,6,4,14,0,2017,11,14,6,3,2,6,0,1,0,0,0,0,1,4.48981E+20,5.54106E+21,8.28782E+15,5.00197E+16
38607,6.17113E+18,6,4,32,9,2017,11,15,1,3,5,3,0,1,0,0,0,0,1,4.87084E+20,5.51625E+21,8.82053E+15,4.97985E+16
38608,6.17112E+18,6,5,34,11,2017,11,17,7,3,8,2,0,1,0,0,0,0,1,4.98498E+20,5.63537E+21,8.97865E+15,5.087E+16
38609,6.17111E+18,6,4,14,0,2017,11,17,6,3,2,6,0,1,0,0,0,2,1,4.44265E+20,5.54629E+21,8.22123E+15,5.00662E+16
38610,6.17113E+18,6,5,34,21,2017,11,21,1,2,8,1,0,1,0,0,0,2,1,4.79465E+20,5.64084E+21,8.70787E+15,5.09188E+16
38611,6.17111E+18,6,4,13,0,2017,11,13,6,3,5,2,1,1,0,0,0,0,1,4.82095E+20,5.54864E+21,8.7497E+15,5.00898E+16
38612,6.17111E+18,6,4,13,0,2017,11,9,6,3,6,4,0,1,1,0,0,0,1,4.84485E+20,5.55126E+21,8.783E+15,5.01134E+16
38613,6.17113E+18,6,6,31,7,2017,11,17,1,3,8,1,0,1,0,0,1,2,1,5.63551E+20,5.6248E+21,9.90126E+15,5.07715E+16
38614,6.17113E+18,6,5,32,21,2017,11,16,1,3,8,1,0,1,0,0,0,1,1,4.62351E+20,5.60088E+21,8.46848E+15,5.05586E+16
38615,6.17111E+18,6,4,36,3,2017,11,13,6,3,2,6,0,1,0,0,0,0,1,4.70332E+20,5.55369E+21,8.58487E+15,5.01347E+16
38616,6.17111E+18,6,4,12,0,2017,11,17,6,3,9,1,0,1,0,0,0,2,1,4.71913E+20,5.5548E+21,8.60691E+15,5.01448E+16
38617,6.17113E+18,6,6,32,14,2017,11,20,1,3,8,1,0,1,0,0,0,2,1,5.38948E+20,5.64139E+21,9.55414E+15,5.09228E+16