OBJECTID,UIDENTSTLA,ULAND,UREGBEZ,UKREIS,UGEMEINDE,UJAHR,UMONAT,USTUNDE,UWOCHENTAG,UKATEGORIE,UART,UTYP1,IstRad,IstPKW,IstFuss,IstKrad,IstSonstig,LICHT,STRZUSTAND,LINREFX,LINREFY,XGCSWGS84,YGCSWGS84
38618,6.17111E+18,6,4,12,0,2017,11,14,6,3,2,5,1,1,0,0,0,0,1,4.75164E+20,5.55124E+21,8.65265E+15,5.01129E+16
38619,6.17113E+18,6,6,36,8,2017,11,10,7,3,5,3,0,1,0,0,0,0,1,5.67765E+20,5.67357E+21,9.97012E+15,5.12095E+16
38620,6.17111E+18,6,4,37,6,2017,11,16,6,3,9,1,0,1,0,0,0,2,1,5.0418E+20,5.50233E+21,9.05793E+15,4.96735E+16
38621,6.17121E+18,6,6,33,17,2017,12,14,3,3,2,2,0,1,0,0,0,0,1,5.38765E+20,5.68118E+21,9.55581E+15,5.12807E+16
38622,6.1712E+18,6,4,11,0,2017,12,17,6,3,5,2,1,1,0,0,0,1,0,4.74398E+20,5.52514E+21,8.64366E+15,4.98781E+16
38623,6.17111E+18,6,4,37,1,2017,11,7,6,3,2,6,0,1,0,0,0,0,1,4.99426E+20,5.50828E+21,8.99204E+15,4.9727E+16
38624,6.17112E+18,6,5,35,16,2017,11,11,2,2,4,6,0,1,0,0,0,0,1,5.10625E+20,5.59739E+21,9.1499E+15,5.05283E+16
38625,6.1712E+18,6,6,34,21,2017,12,15,6,2,5,3,0,1,0,0,0,0,2,5.20446E+20,5.63405E+21,9.29049E+15,5.08578E+16
38626,6.17113E+18,6,6,33,9,2017,11,11,7,3,5,2,0,1,0,0,0,0,1,5.36535E+20,5.69059E+21,9.5248E+15,5.13654E+16
38627,6.17113E+18,6,4,14,0,2017,11,2,7,3,8,1,0,1,0,0,0,2,1,4.48486E+20,5.54014E+21,8.28103E+15,5.00113E+16
38628,6.17112E+18,6,6,31,11,2017,11,2,7,3,8,1,0,1,0,0,0,2,1,5.36332E+20,5.60011E+21,9.51285E+15,5.05518E+16
38629,6.17112E+18,6,4,35,14,2017,11,13,7,3,5,3,1,1,0,0,0,0,0,4.94923E+20,5.55292E+21,8.92897E+15,5.01285E+16
38630,6.17111E+18,6,4,11,0,2017,11,17,6,3,2,6,0,1,0,0,0,1,1,4.76565E+20,5.52467E+21,8.67385E+15,4.9874E+16
38631,6.17113E+18,6,4,14,0,2017,11,13,7,3,5,2,0,1,0,1,0,0,1,4.47188E+20,5.54234E+21,8.26262E+15,5.0031E+16
38632,6.17112E+18,6,5,32,23,2017,11,12,7,2,0,7,0,1,0,0,1,0,0,4.65174E+20,5.60142E+21,8.50829E+15,5.05636E+16
38633,6.17111E+18,6,6,34,24,2017,11,16,6,3,5,3,0,1,0,0,0,2,1,5.45779E+20,5.66284E+21,9.65404E+15,5.11152E+16
38634,6.17113E+18,6,4,14,0,2017,11,21,7,3,5,3,0,1,0,0,0,2,1,4.45653E+20,5.54423E+21,8.24092E+15,5.00478E+16
38635,6.17112E+18,6,5,31,5,2017,11,5,7,2,6,4,0,1,1,0,0,2,0,4.77332E+20,5.60342E+21,8.67982E+15,5.05823E+16
38636,6.17111E+18,6,6,32,3,2017,11,7,6,3,8,7,0,1,0,0,1,1,0,5.54515E+20,5.64414E+21,9.77601E+15,5.09463E+16
38637,6.17111E+18,6,6,34,2,2017,11,18,6,3,5,3,0,1,0,0,0,2,1,5.29491E+20,5.67515E+21,9.42235E+15,5.1227E+16
38638,6.17111E+18,6,6,35,11,2017,11,11,6,2,8,1,0,1,0,0,0,0,1,4.82619E+20,5.65678E+21,8.75196E+15,5.10623E+16
38639,6.17113E+18,6,4,13,0,2017,11,10,7,3,2,6,0,1,0,0,0,0,1,4.83976E+20,5.55032E+21,8.77593E+15,5.01049E+16
38640,6.17111E+18,6,4,39,14,2017,11,15,6,3,0,6,0,0,0,1,1,0,1,4.34544E+20,5.55221E+21,8.08441E+15,5.01185E+16
38641,6.17111E+18,6,4,39,6,2017,11,11,6,3,9,1,0,0,0,0,1,0,1,4.39158E+20,5.56192E+21,8.14739E+15,5.02063E+16
38642,6.17121E+18,6,6,33,17,2017,12,14,3,3,5,3,0,1,0,0,0,0,1,5.3818E+20,5.68146E+21,9.54746E+15,5.12832E+16
38643,6.17111E+18,6,4,35,19,2017,11,10,6,2,5,3,0,1,0,0,0,0,1,4.88802E+20,5.55543E+21,8.84325E+15,5.0151E+16
38644,6.17111E+18,6,4,35,19,2017,11,0,6,3,6,4,0,1,1,0,0,2,1,4.8622E+20,5.55485E+21,8.80713E+15,5.01457E+16
38645,6.17121E+18,6,5,32,23,2017,12,7,4,3,2,6,0,1,0,0,0,0,0,4.66697E+20,5.59937E+21,8.52997E+15,5.05454E+16
38646,6.17111E+18,6,5,32,7,2017,11,6,6,3,8,1,0,1,0,0,0,2,1,4.39114E+20,5.61117E+21,8.13877E+15,5.06492E+16
38647,6.17112E+18,6,4,32,6,2017,11,17,3,3,2,6,0,1,0,0,0,2,1,4.7648E+20,5.5333E+21,8.67214E+15,4.99516E+16
38648,6.17112E+18,6,4,12,0,2017,11,15,4,3,2,6,0,1,0,0,0,0,0,4.79302E+20,5.54569E+21,8.71081E+15,5.00632E+16
38649,6.17112E+18,6,4,35,10,2017,11,17,4,3,2,6,0,1,0,0,0,2,0,5.13299E+20,5.55964E+21,9.1863E+15,5.01888E+16
38650,6.17111E+18,6,4,32,10,2017,11,17,6,3,2,6,0,1,0,0,0,2,1,4.89938E+20,5.52667E+21,8.85991E+15,4.98924E+16
38651,6.17112E+18,6,6,11,0,2017,11,13,4,2,6,2,0,1,1,0,0,0,0,5.36334E+20,5.6842E+21,9.52126E+15,5.13079E+16
38652,6.17111E+18,6,4,32,10,2017,11,11,6,3,4,6,0,1,0,1,0,0,1,4.96402E+20,5.52436E+21,8.94994E+15,4.98716E+16
38653,6.17112E+18,6,5,34,12,2017,11,23,5,3,8,7,0,0,0,0,1,2,1,4.78575E+20,5.63417E+21,8.69559E+15,5.08588E+16
38654,6.17111E+18,6,5,34,7,2017,11,11,6,3,2,6,0,1,0,0,1,0,1,4.67938E+20,5.63287E+21,8.54458E+15,5.08467E+16
38655,6.17111E+18,6,4,31,13,2017,11,8,6,3,2,6,0,1,0,0,0,0,0,4.56861E+20,5.49833E+21,8.40257E+15,4.9636E+16
38656,6.17111E+18,6,5,35,10,2017,11,20,6,3,9,1,0,1,0,0,0,2,1,5.07851E+20,5.62371E+21,9.11132E+15,5.07651E+16
38657,6.17111E+18,6,4,33,12,2017,11,16,6,3,2,6,0,1,0,0,0,1,1,4.58509E+20,5.53748E+21,8.4212E+15,4.99882E+16
38658,6.17111E+18,6,5,34,1,2017,11,19,6,3,1,5,1,1,0,0,0,2,1,4.94955E+20,5.627E+21,8.92842E+15,5.07948E+16
38659,6.17111E+18,6,5,34,18,2017,11,14,6,2,9,6,0,1,0,0,1,0,1,4.99353E+20,5.63051E+21,8.99081E+15,5.08263E+16
38660,6.17111E+18,6,6,31,6,2017,11,20,6,3,4,1,0,1,0,0,0,2,1,5.48432E+20,5.59362E+21,9.68279E+15,5.04926E+16
38661,6.17113E+18,6,4,36,12,2017,11,20,7,3,2,6,0,1,0,0,0,2,1,4.66357E+20,5.55193E+21,8.52941E+15,5.01187E+16
38662,6.1712E+18,6,4,40,2,2017,12,12,2,3,2,2,0,1,0,0,0,0,1,4.79048E+20,5.58345E+21,8.70518E+15,5.04028E+16
38663,6.17113E+18,6,4,12,0,2017,11,15,7,3,2,6,0,1,0,0,0,0,0,4.64654E+20,5.54955E+21,8.5058E+15,5.00972E+16
38664,6.1712E+18,6,6,35,3,2017,12,11,6,3,1,6,0,1,0,0,1,0,1,5.13819E+20,5.66385E+21,9.19748E+15,5.11259E+16
38665,6.17113E+18,6,4,12,0,2017,11,18,7,3,2,6,0,1,0,0,0,2,0,4.82109E+20,5.55218E+21,8.74973E+15,5.01216E+16
38666,6.17113E+18,6,6,34,22,2017,11,13,7,3,8,1,0,1,0,0,0,0,1,5.15651E+20,5.6417E+21,9.22269E+15,5.09267E+16
38667,6.1712E+18,6,6,32,3,2017,12,17,6,3,8,1,0,1,0,0,0,0,2,5.57754E+20,5.65206E+21,9.82338E+15,5.10172E+16
38668,6.17113E+18,6,6,36,16,2017,11,13,7,3,5,3,0,1,0,0,0,0,1,5.59126E+20,5.68895E+21,9.849E+15,5.13487E+16
38669,6.17113E+18,6,6,35,2,2017,11,9,7,3,9,7,0,1,0,0,0,0,1,4.99612E+20,5.69208E+21,8.99443E+15,5.13799E+16
38670,6.17113E+18,6,6,11,0,2017,11,15,7,2,5,2,0,1,0,0,0,0,1,5.28888E+20,5.68721E+21,9.41469E+15,5.13355E+16
38671,6.17113E+18,6,6,11,0,2017,11,14,7,3,6,7,0,1,1,0,0,0,0,5.31938E+20,5.68429E+21,9.4582E+15,5.1309E+16
38672,6.17113E+18,6,6,32,18,2017,11,16,7,3,9,1,0,1,0,0,0,2,1,5.51993E+20,5.64956E+21,9.74088E+15,5.09952E+16
38673,6.17113E+18,6,4,39,2,2017,11,20,7,3,8,1,0,1,0,0,0,2,1,4.34723E+20,5.55539E+21,8.08636E+15,5.01472E+16
38674,6.17113E+18,6,4,38,8,2017,11,23,7,1,6,4,0,1,1,0,0,2,1,4.87223E+20,5.55204E+21,8.82127E+15,5.01204E+16
38675,6.17113E+18,6,4,34,11,2017,11,16,7,3,5,3,0,1,0,0,0,2,1,4.65544E+20,5.57612E+21,8.51584E+15,5.03362E+16
38676,6.17113E+18,6,4,34,5,2017,11,12,7,3,2,6,0,1,0,0,0,0,1,4.62533E+20,5.55874E+21,8.47524E+15,5.01797E+16
38677,6.17113E+18,6,5,33,17,2017,11,2,7,3,0,1,0,0,0,1,1,2,1,4.46275E+20,5.59191E+21,8.24283E+15,5.04767E+16
38678,6.17113E+18,6,4,40,18,2017,11,15,7,3,1,2,0,1,0,0,0,0,1,4.79579E+20,5.58241E+21,8.71271E+15,5.03933E+16
38679,6.17111E+18,6,6,31,6,2017,11,18,6,2,6,4,0,1,1,0,0,2,1,5.49275E+20,5.5939E+21,9.69471E+15,5.0495E+16
38680,6.1712E+18,6,6,11,0,2017,12,19,2,2,6,2,0,1,1,0,0,2,1,5.32859E+20,5.68465E+21,9.47145E+15,5.13122E+16
38681,6.17113E+18,6,4,32,10,2017,11,16,7,3,2,6,0,1,0,0,0,2,1,4.94183E+20,5.5229E+21,8.91907E+15,4.98585E+16
38682,6.17121E+18,6,4,12,0,2017,12,10,3,3,2,6,0,0,0,0,1,0,0,4.78456E+20,5.54551E+21,8.699E+15,5.00615E+16
38683,6.17113E+18,6,4,40,8,2017,11,13,7,3,9,1,0,1,0,0,0,0,1,4.87028E+20,5.57599E+21,8.81772E+15,5.03358E+16
38684,6.17121E+18,6,4,31,5,2017,12,15,3,2,5,3,1,1,0,0,0,0,1,4.60399E+20,5.49854E+21,8.45153E+15,4.96381E+16
38685,6.17113E+18,6,4,31,21,2017,11,8,7,2,8,1,0,1,0,0,0,0,1,4.89087E+20,5.49258E+21,8.84901E+15,4.95857E+16
38686,6.17113E+18,6,5,34,14,2017,11,12,7,3,8,1,0,1,0,0,0,0,1,4.86346E+20,5.63404E+21,8.80601E+15,5.08579E+16
38687,6.17113E+18,6,6,31,19,2017,11,18,7,3,4,1,0,1,0,0,0,2,2,5.59875E+20,5.60937E+21,9.84664E+15,5.06331E+16
38688,6.17113E+18,6,6,31,15,2017,11,3,7,3,9,1,0,1,0,0,0,2,1,5.47583E+20,5.60968E+21,9.67288E+15,5.0637E+16
38689,6.17113E+18,6,6,31,9,2017,11,16,7,2,4,6,0,1,0,0,1,1,2,5.49215E+20,5.60071E+21,9.69477E+15,5.05562E+16
38690,6.17113E+18,6,4,35,17,2017,11,20,7,3,9,1,0,1,0,0,0,2,1,5.03665E+20,5.55802E+21,9.05132E+15,5.01744E+16
38691,6.17113E+18,6,4,38,10,2017,11,13,7,2,8,1,0,1,0,0,0,0,1,4.87575E+20,5.54623E+21,8.82638E+15,5.00682E+16
38692,6.17113E+18,6,5,31,12,2017,11,19,7,3,2,6,0,1,0,0,0,2,0,4.75071E+20,5.59671E+21,8.64834E+15,5.05218E+16
38693,6.17111E+18,6,5,31,16,2017,11,13,6,3,9,1,0,1,0,0,0,0,1,4.89034E+20,5.60352E+21,8.8451E+15,5.05835E+16
38694,6.17113E+18,6,5,31,12,2017,11,18,7,3,2,6,0,1,0,0,0,2,1,4.75225E+20,5.59665E+21,8.65052E+15,5.05213E+16
38695,6.17112E+18,6,5,31,4,2017,11,14,7,3,2,6,0,1,0,0,1,0,0,4.81711E+20,5.60141E+21,8.74177E+15,5.05643E+16
38696,6.17111E+18,6,5,31,14,2017,11,13,6,3,5,3,0,1,0,0,0,0,0,4.79316E+20,5.59851E+21,8.70812E+15,5.05382E+16
38697,6.17113E+18,6,5,31,12,2017,11,18,7,3,2,6,0,1,0,0,0,2,1,4.7696E+20,5.59561E+21,8.67505E+15,5.0512E+16
38698,6.17112E+18,6,5,31,4,2017,11,13,7,3,4,6,0,1,0,0,1,0,0,4.82455E+20,5.60096E+21,8.7523E+15,5.05603E+16
38699,6.17111E+18,6,4,35,14,2017,11,12,6,3,2,6,0,1,0,0,0,0,1,4.95129E+20,5.55176E+21,8.93186E+15,5.0118E+16
38700,6.17113E+18,6,4,40,6,2017,11,9,7,2,8,1,0,1,0,0,0,0,1,4.95459E+20,5.58156E+21,8.93612E+15,5.03861E+16
38701,6.17111E+18,6,4,35,19,2017,11,17,6,3,2,6,0,1,0,0,0,2,1,4.87712E+20,5.55512E+21,8.828E+15,5.01482E+16
38702,6.17111E+18,6,6,33,20,2017,11,17,6,3,2,6,0,1,0,0,0,1,1,5.39491E+20,5.68572E+21,9.56673E+15,5.13214E+16
38703,6.17112E+18,6,6,35,19,2017,11,12,6,3,4,1,0,0,0,0,1,0,1,4.92473E+20,5.67504E+21,8.8922E+15,5.12267E+16
38704,6.17111E+18,6,6,11,0,2017,11,12,6,3,3,6,0,1,0,0,0,0,1,5.3341E+20,5.68136E+21,9.47905E+15,5.12826E+16
38705,6.17111E+18,6,6,32,4,2017,11,14,6,2,6,7,0,1,1,0,0,0,1,5.33376E+20,5.62691E+21,9.47354E+15,5.07929E+16
38706,6.17112E+18,6,6,32,15,2017,11,17,6,3,5,3,0,1,0,0,0,2,1,5.4201E+20,5.62443E+21,9.59575E+15,5.07701E+16
38707,6.17111E+18,6,5,35,1,2017,11,17,6,3,2,6,0,1,0,0,1,2,1,5.18255E+20,5.62072E+21,9.2587E+15,5.0738E+16
38708,6.17111E+18,6,4,12,0,2017,11,7,6,3,2,6,0,1,0,0,1,2,1,4.74641E+20,5.56103E+21,8.64467E+15,5.02009E+16
38709,6.17121E+18,6,4,37,13,2017,12,21,3,3,8,1,0,1,0,0,0,2,0,4.89926E+20,5.5037E+21,8.86034E+15,4.96857E+16
38710,6.17111E+18,6,5,33,6,2017,11,8,6,3,2,6,0,1,0,0,0,0,1,4.2646E+20,5.58503E+21,7.96497E+15,5.04127E+16
38711,6.17121E+18,6,4,13,0,2017,12,6,4,3,9,1,0,1,0,0,0,2,0,4.81131E+20,5.54747E+21,8.73627E+15,5.00792E+16
38712,6.17111E+18,6,4,14,0,2017,11,14,6,3,2,6,0,1,0,0,0,0,1,4.4359E+20,5.54301E+21,8.21229E+15,5.00367E+16
38713,6.1712E+18,6,6,32,18,2017,12,14,6,3,5,3,0,1,0,0,0,0,1,5.54498E+20,5.64895E+21,9.77649E+15,5.09896E+16
38714,6.17112E+18,6,5,34,14,2017,11,7,3,3,6,7,0,1,1,0,0,1,1,4.83013E+20,5.62807E+21,8.75892E+15,5.08041E+16
38715,6.17112E+18,6,4,35,9,2017,11,7,3,3,0,1,0,0,0,1,0,2,2,5.08177E+20,5.55453E+21,9.11444E+15,5.01429E+16
38716,6.17112E+18,6,5,33,9,2017,11,18,3,3,5,3,0,1,0,0,0,2,0,4.3678E+20,5.58069E+21,8.11093E+15,5.03749E+16
38717,6.17111E+18,6,4,35,21,2017,11,18,5,2,5,2,0,1,0,0,0,2,1,4.8977E+20,5.56406E+21,8.85658E+15,5.02286E+16
38718,6.17112E+18,6,4,33,8,2017,11,18,4,3,2,6,0,1,0,0,0,2,0,4.67862E+20,5.53574E+21,8.55181E+15,4.99732E+16
38719,6.17111E+18,6,5,33,9,2017,11,18,5,3,2,6,0,1,0,0,0,2,1,4.33607E+20,5.58318E+21,8.06587E+15,5.0397E+16
38720,6.17112E+18,6,4,39,8,2017,11,18,4,3,5,3,0,1,0,0,0,2,0,4.46589E+20,5.5617E+21,8.25154E+15,5.02051E+16
38721,6.17111E+18,6,6,33,15,2017,11,17,5,2,6,4,0,1,1,0,0,2,0,5.43148E+20,5.68137E+21,9.61868E+15,5.1282E+16
38722,6.17111E+18,6,6,11,0,2017,11,14,5,3,2,6,0,1,0,0,0,0,0,5.35739E+20,5.68459E+21,9.51276E+15,5.13115E+16
38723,6.17111E+18,6,4,14,0,2017,11,8,5,3,6,4,0,0,1,0,1,1,0,4.45661E+20,5.54409E+21,8.24105E+15,5.00466E+16
38724,6.17111E+18,6,4,14,0,2017,11,23,5,3,9,1,0,1,0,0,1,2,1,4.48521E+20,5.55272E+21,8.27983E+15,5.01245E+16
38725,6.17111E+18,6,4,14,0,2017,11,7,5,2,5,2,1,1,0,0,0,1,0,4.45745E+20,5.54685E+21,8.24183E+15,5.00714E+16
38726,6.17111E+18,6,4,36,1,2017,11,8,5,2,1,5,0,1,0,0,0,1,1,4.6407E+20,5.55529E+21,8.49711E+15,5.01488E+16
38727,6.17111E+18,6,4,12,0,2017,11,22,5,3,2,6,0,1,0,0,0,2,0,4.66688E+20,5.55148E+21,8.53408E+15,5.01146E+16
38728,6.17111E+18,6,4,12,0,2017,11,10,5,3,0,7,0,0,0,0,1,0,0,4.71905E+20,5.54986E+21,8.60717E+15,5.01003E+16
38729,6.17112E+18,6,6,32,15,2017,11,0,6,3,0,7,0,1,0,0,0,2,1,5.41633E+20,5.62875E+21,9.5909E+15,5.0809E+16
38730,6.17112E+18,6,6,32,2,2017,11,11,6,3,5,3,1,1,0,0,0,0,0,5.49957E+20,5.63565E+21,9.70998E+15,5.08704E+16
38731,6.17112E+18,6,6,32,12,2017,11,7,6,3,2,6,0,1,0,1,0,1,1,5.5235E+20,5.63876E+21,9.74443E+15,5.08981E+16
38732,6.17112E+18,6,5,33,9,2017,11,15,6,3,7,7,1,0,0,0,0,0,1,4.32419E+20,5.5826E+21,8.04926E+15,5.03916E+16
38733,6.17112E+18,6,6,33,3,2017,11,13,6,3,2,6,0,1,0,0,0,0,1,5.30526E+20,5.67899E+21,9.43749E+15,5.12614E+16
38734,6.17112E+18,6,4,14,0,2017,11,10,6,3,5,3,0,1,0,1,0,0,1,4.43854E+20,5.54747E+21,8.21531E+15,5.00769E+16
38735,6.17112E+18,6,4,13,0,2017,11,19,6,3,3,6,0,1,0,0,0,2,1,4.8503E+20,5.54948E+21,8.7907E+15,5.00974E+16
38736,6.17112E+18,6,4,13,0,2017,11,10,6,3,0,7,0,1,0,0,0,0,0,4.84676E+20,5.55042E+21,8.7857E+15,5.01058E+16
38737,6.17112E+18,6,4,12,0,2017,11,15,6,3,3,6,0,1,0,0,0,0,0,4.72686E+20,5.5485E+21,8.61817E+15,5.00881E+16
38738,6.17112E+18,6,4,12,0,2017,11,21,6,3,5,3,0,1,0,1,0,2,1,4.79053E+20,5.55121E+21,8.70704E+15,5.01127E+16
38739,6.17112E+18,6,4,32,23,2017,11,23,6,2,1,5,0,1,0,0,0,2,1,4.71898E+20,5.52738E+21,8.6087E+15,4.98981E+16
38740,6.17112E+18,6,4,12,0,2017,11,9,5,3,2,6,0,1,0,0,1,0,0,4.73936E+20,5.56036E+21,8.63483E+15,5.01948E+16
38741,6.17111E+18,6,4,12,0,2017,11,8,5,3,3,3,0,1,0,0,1,0,0,4.68713E+20,5.54977E+21,8.56254E+15,5.00994E+16
38742,6.17112E+18,6,4,32,8,2017,11,17,5,3,0,6,0,1,0,1,0,2,0,4.67068E+20,5.52405E+21,8.54174E+15,4.9868E+16
38743,6.17111E+18,6,4,12,0,2017,11,7,5,3,3,2,1,0,0,0,1,0,0,4.78221E+20,5.55348E+21,8.69527E+15,5.01331E+16
38744,6.17111E+18,6,4,12,0,2017,11,17,5,3,2,6,0,1,0,0,0,2,1,4.74316E+20,5.55011E+21,8.64085E+15,5.01027E+16
38745,6.17111E+18,6,6,34,22,2017,11,6,5,2,5,2,0,1,0,0,1,2,0,5.17579E+20,5.64091E+21,9.25009E+15,5.09196E+16
38746,6.17111E+18,6,6,34,6,2017,11,14,5,2,8,1,0,1,0,0,0,0,0,5.01123E+20,5.64054E+21,9.01597E+15,5.09165E+16
38747,6.17112E+18,6,6,33,23,2017,11,14,7,2,2,6,0,1,0,0,0,0,0,5.24873E+20,5.68226E+21,9.35671E+15,5.12911E+16
38748,6.17111E+18,6,6,33,13,2017,11,14,5,3,2,6,0,1,0,0,0,0,0,5.28305E+20,5.70479E+21,9.40772E+15,5.14936E+16
38749,6.1712E+18,6,5,34,10,2017,12,13,2,3,6,4,0,1,1,0,0,0,1,4.70571E+20,5.62416E+21,8.58267E+15,5.07685E+16
38750,6.17112E+18,6,4,37,13,2017,11,7,6,3,5,2,0,1,0,0,0,1,1,4.86095E+20,5.50333E+21,8.80724E+15,4.96823E+16
38751,6.1712E+18,6,6,33,29,2017,12,7,2,3,4,1,0,1,0,0,1,1,1,5.18064E+20,5.68484E+21,9.25919E+15,5.13146E+16
38752,6.17112E+18,6,4,11,0,2017,11,19,6,3,2,6,0,1,0,0,0,2,1,4.74396E+20,5.52513E+21,8.64364E+15,4.9878E+16
38753,6.17121E+18,6,4,38,9,2017,12,8,3,3,2,6,0,1,0,0,0,0,1,4.70832E+20,5.54177E+21,8.59277E+15,5.00275E+16
38754,6.17112E+18,6,4,39,6,2017,11,22,6,3,9,1,0,1,0,0,0,2,1,4.36749E+20,5.56445E+21,8.11321E+15,5.02288E+16
38755,6.17112E+18,6,4,35,19,2017,11,17,6,3,5,2,0,1,0,0,1,2,1,4.87884E+20,5.55471E+21,8.83043E+15,5.01445E+16
38756,6.17112E+18,6,4,35,12,2017,11,0,6,3,6,2,0,1,1,0,0,2,1,5.09764E+20,5.56159E+21,9.13683E+15,5.02064E+16
38757,6.17112E+18,6,4,32,11,2017,11,9,6,3,4,2,0,1,0,0,0,0,1,4.86496E+20,5.52567E+21,8.81203E+15,4.98832E+16
38758,6.17112E+18,6,4,32,16,2017,11,7,6,3,2,6,0,1,0,0,0,1,0,4.80632E+20,5.51933E+21,8.73073E+15,4.98261E+16
38759,6.17112E+18,6,5,34,3,2017,11,18,6,3,4,6,0,1,0,0,0,2,1,4.6395E+20,5.62262E+21,8.48894E+15,5.07542E+16
38760,6.17112E+18,6,4,31,20,2017,11,18,6,3,5,2,0,1,0,0,0,2,1,4.69706E+20,5.48642E+21,8.58136E+15,4.95297E+16
38761,6.17112E+18,6,4,31,14,2017,11,20,6,3,5,3,0,1,0,0,0,2,1,4.81074E+20,5.50738E+21,8.73745E+15,4.97186E+16
38762,6.17112E+18,6,4,33,2,2017,11,17,6,3,5,3,1,1,0,0,0,2,1,4.53864E+20,5.53743E+21,8.35641E+15,4.99874E+16
38763,6.17112E+18,6,4,33,3,2017,11,20,6,3,4,2,0,1,0,0,0,2,1,4.65363E+20,5.52824E+21,8.51763E+15,4.99056E+16
38764,6.17112E+18,6,5,34,22,2017,11,14,6,3,5,3,0,1,0,0,0,0,1,4.95809E+20,5.6396E+21,8.94039E+15,5.09081E+16
38765,6.17111E+18,6,6,34,7,2017,11,17,5,3,5,3,0,1,0,0,1,0,0,5.24038E+20,5.67068E+21,9.34395E+15,5.1187E+16
38766,6.17112E+18,6,6,31,17,2017,11,17,6,2,6,4,0,0,1,0,1,0,0,5.51873E+20,5.59766E+21,9.73186E+15,5.05286E+16
38767,6.17112E+18,6,6,36,5,2017,11,21,7,2,8,1,0,1,0,0,0,2,1,5.83856E+20,5.65115E+21,1.01952E+16,5.10058E+16
38768,6.17111E+18,6,4,39,16,2017,11,7,5,2,0,6,0,1,0,0,0,0,1,4.55269E+20,5.57048E+21,8.37213E+15,5.02847E+16
38769,6.17112E+18,6,6,31,14,2017,11,11,6,3,8,1,0,1,0,0,0,0,1,5.34943E+20,5.59924E+21,9.49317E+15,5.0544E+16
38770,6.17111E+18,6,4,39,15,2017,11,12,5,3,4,7,0,1,0,0,0,0,0,4.40444E+20,5.55501E+21,8.16649E+15,5.01443E+16
38771,6.17111E+18,6,4,34,11,2017,11,5,5,3,9,7,0,0,0,1,0,2,1,4.62686E+20,5.57493E+21,8.4758E+15,5.03253E+16
38772,6.17112E+18,6,4,35,14,2017,11,17,6,3,5,2,0,1,0,0,0,1,1,4.93958E+20,5.55297E+21,8.91547E+15,5.0129E+16
38773,6.17111E+18,6,5,33,1,2017,11,6,5,2,0,7,0,1,0,0,0,2,1,4.37077E+20,5.59048E+21,8.11346E+15,5.04629E+16
38774,6.17111E+18,6,4,36,7,2017,11,17,5,3,5,3,0,1,0,0,0,2,0,4.57702E+20,5.54866E+21,8.40871E+15,5.00887E+16
38775,6.17112E+18,6,5,32,23,2017,11,15,6,3,5,3,1,1,0,0,0,0,1,4.62835E+20,5.59995E+21,8.4754E+15,5.05503E+16
38776,6.17112E+18,6,5,31,11,2017,11,17,6,2,5,2,0,1,0,0,1,1,1,4.87969E+20,5.59697E+21,8.83028E+15,5.05246E+16
38777,6.17111E+18,6,4,31,11,2017,11,22,5,3,5,3,0,1,0,0,0,2,1,4.73768E+20,5.50011E+21,8.63658E+15,4.9653E+16
38778,6.17111E+18,6,4,40,8,2017,11,17,5,3,5,3,0,1,0,0,0,2,0,4.78125E+20,5.57212E+21,8.69285E+15,5.03008E+16
38779,6.17112E+18,6,5,31,14,2017,11,15,6,3,5,3,0,1,0,0,0,0,1,4.8272E+20,5.59764E+21,8.75619E+15,5.05304E+16
38780,6.17111E+18,6,4,33,12,2017,11,8,5,3,2,6,0,1,0,0,0,0,1,4.59752E+20,5.53604E+21,8.43869E+15,4.99754E+16
38781,6.17112E+18,6,4,35,14,2017,11,17,6,3,2,6,0,1,0,0,0,2,1,4.92738E+20,5.54864E+21,8.89849E+15,5.009E+16
38782,6.17111E+18,6,5,34,13,2017,11,16,5,2,3,2,0,0,0,1,1,0,0,4.72393E+20,5.61886E+21,8.6089E+15,5.07209E+16
38783,6.17112E+18,6,4,35,6,2017,11,18,2,3,5,3,1,1,0,0,0,2,1,4.93804E+20,5.55884E+21,8.91322E+15,5.01817E+16
38784,6.17112E+18,6,6,31,6,2017,11,16,3,3,0,1,0,0,0,1,0,0,1,5.49095E+20,5.59419E+21,9.69222E+15,5.04977E+16
38785,6.17112E+18,6,4,40,23,2017,11,0,3,3,8,1,0,1,0,0,0,2,1,4.79316E+20,5.57088E+21,8.70963E+15,5.02897E+16
38786,6.17111E+18,6,6,31,9,2017,11,20,5,3,4,3,0,1,0,0,0,2,1,5.48419E+20,5.6013E+21,9.68361E+15,5.05616E+16
38787,6.17112E+18,6,4,12,0,2017,11,11,3,3,5,3,0,1,0,1,0,0,1,4.74097E+20,5.55008E+21,8.6378E+15,5.01024E+16
38788,6.17111E+18,6,5,31,5,2017,11,16,5,3,5,3,1,1,0,0,0,0,1,4.77082E+20,5.60323E+21,8.6763E+15,5.05806E+16
38789,6.17112E+18,6,4,12,0,2017,11,17,4,3,2,6,0,1,0,0,0,2,0,4.66061E+20,5.55125E+21,8.52532E+15,5.01125E+16