OBJECTID,UIDENTSTLA,ULAND,UREGBEZ,UKREIS,UGEMEINDE,UJAHR,UMONAT,USTUNDE,UWOCHENTAG,UKATEGORIE,UART,UTYP1,IstRad,IstPKW,IstFuss,IstKrad,IstSonstig,LICHT,STRZUSTAND,LINREFX,LINREFY,XGCSWGS84,YGCSWGS84
38790,6.17111E+18,6,4,35,14,2017,11,11,5,3,5,3,0,1,0,0,0,0,0,4.92236E+20,5.55236E+21,8.89138E+15,5.01234E+16
38791,6.17111E+18,6,4,38,10,2017,11,7,5,3,2,6,0,1,0,0,1,0,0,4.92068E+20,5.54695E+21,8.88914E+15,5.00747E+16
38792,6.17111E+18,6,6,34,11,2017,11,23,5,3,7,7,0,1,0,0,1,2,0,5.33554E+20,5.65017E+21,9.47821E+15,5.10022E+16
38793,6.17111E+18,6,5,35,1,2017,11,20,5,3,2,6,0,0,0,0,1,2,0,5.21391E+20,5.62242E+21,9.30324E+15,5.07532E+16
38794,6.17111E+18,6,5,35,1,2017,11,20,5,2,2,6,0,1,0,0,1,2,0,5.18056E+20,5.62067E+21,9.25587E+15,5.07376E+16
38795,6.17111E+18,6,4,12,0,2017,11,17,5,3,2,6,0,1,0,0,0,2,0,4.72014E+20,5.54563E+21,8.60899E+15,5.00623E+16
38796,6.17111E+18,6,4,33,3,2017,11,21,5,3,2,6,0,1,0,0,0,2,1,4.65118E+20,5.52825E+21,8.51422E+15,4.99056E+16
38797,6.17111E+18,6,5,33,7,2017,11,14,4,1,4,6,0,1,0,0,1,0,1,4.35433E+20,5.58861E+21,8.09063E+15,5.0446E+16
38798,6.17111E+18,6,6,11,0,2017,11,7,4,3,5,3,0,1,0,0,0,0,0,5.35684E+20,5.6858E+21,9.5121E+15,5.13224E+16
38799,6.17111E+18,6,4,14,0,2017,11,18,4,3,9,1,0,1,0,0,0,2,1,4.38318E+20,5.55061E+21,8.13744E+15,5.01045E+16
38800,6.17121E+18,6,6,35,15,2017,12,11,3,2,2,6,0,1,0,0,0,0,1,4.91313E+20,5.68032E+21,8.87547E+15,5.12741E+16
38801,6.17111E+18,6,4,14,0,2017,11,16,4,3,2,6,0,1,0,0,0,1,1,4.4459E+20,5.54664E+21,8.22572E+15,5.00695E+16
38802,6.17121E+18,6,4,40,2,2017,12,20,4,3,3,6,0,1,0,0,0,2,0,4.81721E+20,5.58123E+21,8.7429E+15,5.03828E+16
38803,6.17111E+18,6,4,13,0,2017,11,18,4,3,2,6,0,1,0,0,1,2,1,4.84966E+20,5.55058E+21,8.78975E+15,5.01073E+16
38804,6.17112E+18,6,4,32,22,2017,11,10,3,3,5,3,0,0,0,0,1,0,1,4.77278E+20,5.51259E+21,8.68448E+15,4.97654E+16
38805,6.17112E+18,6,4,12,0,2017,11,19,3,3,5,3,0,1,0,0,0,2,0,4.75742E+20,5.55087E+21,8.66075E+15,5.01096E+16
38806,6.17112E+18,6,4,12,0,2017,11,7,4,3,2,6,0,1,0,0,1,0,0,4.81328E+20,5.54869E+21,8.73898E+15,5.00902E+16
38807,6.17111E+18,6,4,12,0,2017,11,17,4,3,5,3,0,1,0,0,0,2,1,4.68187E+20,5.55136E+21,8.55505E+15,5.01137E+16
38808,6.17112E+18,6,4,36,7,2017,11,15,4,3,5,1,0,0,0,1,1,0,0,4.60622E+20,5.54868E+21,8.44952E+15,5.00891E+16
38809,6.17111E+18,6,4,12,0,2017,11,14,4,3,5,3,0,1,0,0,0,0,1,4.71778E+20,5.54891E+21,8.60545E+15,5.00918E+16
38810,6.17112E+18,6,5,31,3,2017,11,8,4,2,9,1,0,1,0,0,0,0,1,4.90015E+20,5.60888E+21,8.85881E+15,5.06317E+16
38811,6.17111E+18,6,4,12,0,2017,11,18,4,3,6,4,0,1,1,0,0,2,1,4.75026E+20,5.55042E+21,8.65076E+15,5.01055E+16
38812,6.17111E+18,6,4,37,13,2017,11,21,4,3,9,1,0,1,0,0,0,2,1,4.89926E+20,5.50465E+21,8.86031E+15,4.96943E+16
38813,6.17111E+18,6,6,11,0,2017,11,21,4,3,3,6,1,1,0,0,0,2,0,5.31268E+20,5.68477E+21,9.44864E+15,5.13134E+16
38814,6.17111E+18,6,4,39,5,2017,11,14,4,2,4,6,0,1,0,0,0,0,1,4.23953E+20,5.55723E+21,7.93529E+15,5.01624E+16
38815,6.17111E+18,6,4,39,15,2017,11,9,4,2,4,7,0,1,0,0,0,0,1,4.39647E+20,5.55672E+21,8.15506E+15,5.01596E+16
38816,6.17111E+18,6,4,39,3,2017,11,16,4,3,2,6,0,1,0,0,1,1,1,4.35273E+20,5.54111E+21,8.09648E+15,5.00188E+16
38817,6.17111E+18,6,4,39,12,2017,11,20,4,3,5,3,0,1,0,0,0,2,1,4.29776E+20,5.53921E+21,8.0201E+15,5.00011E+16
38818,6.17112E+18,6,5,35,5,2017,11,13,6,3,2,6,0,1,0,0,0,0,0,5.08537E+20,5.6182E+21,9.12092E+15,5.07155E+16
38819,6.1712E+18,6,5,34,21,2017,12,4,2,3,3,6,0,1,0,0,1,2,1,4.81469E+20,5.63878E+21,8.73648E+15,5.09004E+16
38820,6.17112E+18,6,4,12,0,2017,11,6,6,3,2,6,0,1,0,0,0,2,1,4.79108E+20,5.54563E+21,8.70811E+15,5.00626E+16
38821,6.1712E+18,6,4,34,6,2017,12,16,2,3,4,6,0,1,0,0,0,2,1,4.62994E+20,5.55906E+21,8.48167E+15,5.01826E+16
38822,6.17112E+18,6,4,31,20,2017,11,15,6,3,3,6,0,1,0,0,0,0,0,4.68227E+20,5.49213E+21,8.56047E+15,4.9581E+16
38823,6.17112E+18,6,4,32,8,2017,11,14,6,3,2,6,0,1,0,0,0,0,0,4.7059E+20,5.52383E+21,8.59076E+15,4.98661E+16
38824,6.17112E+18,6,5,31,3,2017,11,6,6,2,9,1,0,1,0,0,1,2,0,4.86027E+20,5.60799E+21,8.80246E+15,5.06236E+16
38825,6.17112E+18,6,4,14,0,2017,11,18,5,3,5,2,0,1,0,0,0,2,0,4.45653E+20,5.54423E+21,8.24092E+15,5.00478E+16
38826,6.17112E+18,6,4,14,0,2017,11,19,5,2,6,4,0,1,1,0,1,2,0,4.45347E+20,5.54816E+21,8.23609E+15,5.00832E+16
38827,6.17112E+18,6,4,36,11,2017,11,18,5,3,2,6,0,1,0,0,0,2,0,4.66912E+20,5.55663E+21,8.53676E+15,5.0161E+16
38828,6.17112E+18,6,4,12,0,2017,11,13,5,3,2,6,0,1,0,0,0,0,0,4.69013E+20,5.55202E+21,8.56654E+15,5.01197E+16
38829,6.17112E+18,6,4,12,0,2017,11,18,5,3,5,3,0,1,0,0,0,2,0,4.76436E+20,5.55814E+21,8.67001E+15,5.0175E+16
38830,6.17112E+18,6,4,11,0,2017,11,16,5,2,5,3,1,1,0,0,0,1,0,4.73366E+20,5.52421E+21,8.62936E+15,4.98697E+16
38831,6.17112E+18,6,6,32,3,2017,11,22,5,3,4,7,0,1,0,0,0,2,1,5.57459E+20,5.6517E+21,9.81912E+15,5.1014E+16
38832,6.17112E+18,6,4,39,8,2017,11,16,5,3,2,6,0,1,0,0,0,1,0,4.46714E+20,5.56297E+21,8.25311E+15,5.02165E+16
38833,6.17112E+18,6,4,35,28,2017,11,6,5,3,8,1,0,1,1,0,0,2,0,5.30037E+20,5.579E+21,9.4223E+15,5.03623E+16
38834,6.17112E+18,6,4,38,7,2017,11,8,5,3,5,3,0,1,0,0,0,0,0,4.99468E+20,5.54071E+21,8.99258E+15,5.00187E+16
38835,6.17111E+18,6,4,35,19,2017,11,7,4,3,5,3,0,0,0,0,1,0,0,4.86195E+20,5.55458E+21,8.8068E+15,5.01433E+16
38836,6.17112E+18,6,4,38,13,2017,11,17,5,3,5,3,1,1,0,0,0,0,0,4.97239E+20,5.54301E+21,8.96144E+15,5.00394E+16
38837,6.17111E+18,6,4,35,19,2017,11,7,4,3,2,6,0,1,0,0,0,2,1,4.87136E+20,5.55567E+21,8.81994E+15,5.01531E+16
38838,6.17112E+18,6,4,38,9,2017,11,17,5,2,5,3,1,1,0,0,0,2,0,4.78183E+20,5.54423E+21,8.69526E+15,5.005E+16
38839,6.17111E+18,6,4,38,10,2017,11,14,4,3,2,6,0,1,0,0,0,0,1,4.92188E+20,5.54644E+21,8.89083E+15,5.00702E+16
38840,6.17111E+18,6,4,31,11,2017,11,11,4,3,2,3,0,1,0,0,0,0,1,4.77166E+20,5.49922E+21,8.68372E+15,4.96451E+16
38841,6.17112E+18,6,4,38,9,2017,11,1,5,3,0,7,0,1,0,0,0,2,0,4.82582E+20,5.54483E+21,8.75668E+15,5.00555E+16
38842,6.17111E+18,6,4,40,19,2017,11,4,4,3,9,1,0,1,0,0,0,2,0,5.00404E+20,5.57757E+21,9.00568E+15,5.03502E+16
38843,6.17111E+18,6,5,32,7,2017,11,6,4,3,4,1,0,1,0,1,0,2,1,4.39655E+20,5.60847E+21,8.14686E+15,5.06249E+16
38844,6.17112E+18,6,4,34,9,2017,11,16,5,2,8,1,0,0,0,1,0,0,0,4.60391E+20,5.57248E+21,8.44381E+15,5.03031E+16
38845,6.17112E+18,6,4,34,1,2017,11,16,5,3,2,6,0,1,0,0,0,2,0,4.75933E+20,5.56326E+21,8.66263E+15,5.0221E+16
38846,6.17111E+18,6,4,32,17,2017,11,13,4,3,5,3,1,1,0,0,0,0,1,4.92029E+20,5.51734E+21,8.88921E+15,4.98085E+16
38847,6.17112E+18,6,5,32,5,2017,11,5,5,3,8,1,0,1,0,0,0,2,2,4.46897E+20,5.63317E+21,8.24568E+15,5.08478E+16
38848,6.17111E+18,6,4,40,8,2017,11,9,4,3,2,6,0,1,0,0,0,0,0,4.84124E+20,5.57738E+21,8.77686E+15,5.03483E+16
38849,6.17112E+18,6,4,39,11,2017,11,6,2,2,2,6,0,1,0,0,0,1,1,4.50424E+20,5.55763E+21,8.30581E+15,5.01688E+16
38850,6.17112E+18,6,4,14,0,2017,11,17,2,3,6,2,0,0,1,0,1,2,1,4.49034E+20,5.53962E+21,8.28874E+15,5.00067E+16
38851,6.17112E+18,6,6,31,8,2017,11,18,3,3,8,1,0,1,0,0,0,2,1,5.40674E+20,5.58516E+21,9.57251E+15,5.0417E+16
38852,6.17112E+18,6,5,35,17,2017,11,7,3,2,2,6,0,1,0,0,0,0,1,5.1956E+20,5.6133E+21,9.2768E+15,5.06712E+16
38853,6.17121E+18,6,4,14,0,2017,12,13,1,3,5,3,0,1,0,0,0,0,2,4.42137E+20,5.54646E+21,8.19147E+15,5.00676E+16
38854,6.17123E+18,6,6,35,11,2017,12,21,3,3,9,1,0,1,0,0,0,2,1,4.8658E+20,5.66152E+21,8.80831E+15,5.1105E+16
38855,6.17121E+18,6,4,13,0,2017,12,2,1,3,5,3,0,1,0,0,0,2,0,4.81355E+20,5.55055E+21,8.73926E+15,5.01069E+16
38856,6.17123E+18,6,6,35,11,2017,12,16,3,2,9,1,0,1,0,0,0,0,1,4.78479E+20,5.65824E+21,8.69281E+15,5.10752E+16
38857,6.17123E+18,6,4,39,12,2017,12,23,3,3,7,7,0,1,0,0,0,2,1,4.2729E+20,5.53781E+21,7.98569E+15,4.99882E+16
38858,6.17121E+18,6,4,12,0,2017,12,13,1,3,9,1,0,1,0,0,0,0,2,4.72975E+20,5.55295E+21,8.62191E+15,5.01282E+16
38859,6.17123E+18,6,4,38,9,2017,12,13,3,3,3,7,0,1,0,0,0,0,1,4.78181E+20,5.54447E+21,8.69523E+15,5.00521E+16
38860,6.17123E+18,6,4,35,16,2017,12,6,3,3,8,1,0,1,0,0,0,2,2,5.34875E+20,5.56298E+21,9.48884E+15,5.0218E+16
38861,6.17123E+18,6,4,35,18,2017,12,15,3,3,3,6,1,1,0,0,0,0,1,5.12532E+20,5.55546E+21,9.17541E+15,5.01512E+16
38862,6.17123E+18,6,4,35,15,2017,12,23,3,3,9,1,0,1,0,0,0,2,1,5.07765E+20,5.55947E+21,9.10876E+15,5.01874E+16
38863,6.17123E+18,6,4,40,7,2017,12,18,3,3,5,2,0,1,0,0,0,2,1,4.94572E+20,5.57536E+21,8.92373E+15,5.03303E+16
38864,6.17123E+18,6,6,31,17,2017,12,17,3,3,5,3,0,1,0,0,0,2,1,5.51986E+20,5.5976E+21,9.73346E+15,5.05281E+16
38865,6.17121E+18,6,4,35,10,2017,12,11,3,3,5,3,0,1,0,0,0,0,0,5.12685E+20,5.5614E+21,9.17776E+15,5.02047E+16
38866,6.17123E+18,6,4,35,14,2017,12,18,3,3,2,6,0,1,0,0,0,2,0,5.00196E+20,5.55052E+21,9.00274E+15,5.0107E+16
38867,6.17123E+18,6,4,35,14,2017,12,18,3,3,3,6,0,1,0,0,0,2,0,5.00194E+20,5.55052E+21,9.00271E+15,5.0107E+16
38868,6.17121E+18,6,4,11,0,2017,12,7,1,3,0,7,1,0,0,0,0,2,2,4.72318E+20,5.52166E+21,8.61497E+15,4.98467E+16
38869,6.17121E+18,6,6,33,13,2017,12,14,1,3,8,1,0,1,0,0,0,0,2,5.27784E+20,5.70253E+21,9.40004E+15,5.14733E+16
38870,6.17121E+18,6,6,33,13,2017,12,14,1,3,9,1,0,1,0,0,0,0,2,5.28805E+20,5.70594E+21,9.41502E+15,5.15038E+16
38871,6.17123E+18,6,4,35,7,2017,12,14,3,3,3,6,0,1,0,0,0,0,1,5.00161E+20,5.55512E+21,9.00225E+15,5.01483E+16
38872,6.17121E+18,6,6,32,20,2017,12,14,1,3,8,1,0,1,0,0,0,0,2,5.73334E+20,5.64502E+21,1.0044E+16,5.09522E+16
38873,6.17123E+18,6,6,33,20,2017,12,18,3,2,3,6,0,1,0,0,1,2,1,5.39094E+20,5.68388E+21,9.56083E+15,5.13049E+16
38874,6.17121E+18,6,6,34,5,2017,12,13,1,3,4,1,0,1,0,0,0,0,2,5.15646E+20,5.66367E+21,9.22358E+15,5.11243E+16
38875,6.17123E+18,6,6,33,3,2017,12,12,3,3,2,6,0,1,0,0,0,0,1,5.30786E+20,5.67955E+21,9.44127E+15,5.12665E+16
38876,6.17121E+18,6,4,35,12,2017,12,18,4,2,5,3,0,1,0,0,0,2,1,5.09743E+20,5.56124E+21,9.13653E+15,5.02032E+16
38877,6.17123E+18,6,6,32,4,2017,12,8,3,3,9,1,0,1,0,0,0,0,2,5.33691E+20,5.62712E+21,9.47803E+15,5.07948E+16
38878,6.17123E+18,6,5,35,1,2017,12,16,3,3,2,6,0,1,0,0,0,2,1,5.2116E+20,5.62209E+21,9.29994E+15,5.07502E+16
38879,6.17121E+18,6,6,11,0,2017,12,8,4,3,6,4,0,1,1,0,0,2,0,5.32673E+20,5.68413E+21,9.46874E+15,5.13075E+16
38880,6.17123E+18,6,4,12,0,2017,12,7,3,3,8,1,0,1,0,0,0,2,0,4.72404E+20,5.54952E+21,8.61416E+15,5.00973E+16
38881,6.17123E+18,6,4,14,0,2017,12,15,3,3,9,1,0,1,0,0,0,0,1,4.49182E+20,5.54463E+21,8.29014E+15,5.00518E+16
38882,6.17121E+18,6,4,36,7,2017,12,7,5,3,2,6,0,1,0,0,0,1,0,4.55591E+20,5.5461E+21,8.37949E+15,5.00655E+16
38883,6.17123E+18,6,4,31,2,2017,12,15,3,3,2,6,0,1,0,0,0,0,1,4.71361E+20,5.50431E+21,8.60293E+15,4.96906E+16
38884,6.17123E+18,6,4,33,3,2017,12,16,3,3,3,1,0,1,0,0,0,1,1,4.63406E+20,5.53102E+21,8.49012E+15,4.99304E+16
38885,6.17121E+18,6,5,34,18,2017,12,1,5,2,9,1,0,1,0,0,0,2,1,5.00063E+20,5.6307E+21,9.00089E+15,5.0828E+16
38886,6.17123E+18,6,4,40,18,2017,12,17,3,3,2,6,0,1,0,0,0,2,0,4.78882E+20,5.58232E+21,8.70291E+15,5.03926E+16
38887,6.17121E+18,6,4,39,15,2017,12,16,5,3,2,6,0,1,0,0,0,1,1,4.39472E+20,5.55473E+21,8.15294E+15,5.01417E+16
38888,6.17123E+18,6,6,11,0,2017,12,21,2,3,5,3,1,1,0,0,0,2,0,5.35482E+20,5.68484E+21,9.5091E+15,5.13137E+16
38889,6.17121E+18,6,6,34,5,2017,12,13,1,3,2,7,0,1,0,0,0,0,2,5.20028E+20,5.66562E+21,9.2863E+15,5.11417E+16
38890,6.17121E+18,6,4,40,9,2017,12,5,3,3,8,1,0,1,0,0,0,2,2,5.14075E+20,5.58209E+21,9.19801E+15,5.03907E+16
38891,6.17123E+18,6,4,13,0,2017,12,19,2,3,5,3,0,1,0,0,0,2,0,4.81358E+20,5.55055E+21,8.7393E+15,5.01069E+16
38892,6.17123E+18,6,4,11,0,2017,12,9,2,3,9,1,0,1,0,0,0,0,1,4.77306E+20,5.52409E+21,8.6842E+15,4.98688E+16
38893,6.17123E+18,6,5,33,19,2017,12,13,2,2,9,6,0,1,0,0,1,0,0,4.48332E+20,5.58449E+21,8.27285E+15,5.04102E+16
38894,6.17123E+18,6,4,38,1,2017,12,9,2,3,5,3,0,1,0,0,0,0,0,4.84676E+20,5.5405E+21,8.7861E+15,5.00166E+16
38895,6.17121E+18,6,4,38,9,2017,12,14,1,3,0,3,0,1,0,0,1,0,2,4.77103E+20,5.54403E+21,8.68019E+15,5.00481E+16
38896,6.17123E+18,6,4,32,2,2017,12,6,2,3,0,1,0,1,0,0,0,2,0,4.96302E+20,5.53537E+21,8.94843E+15,4.99706E+16
38897,6.17123E+18,6,5,31,6,2017,12,23,2,2,8,1,0,1,0,0,0,2,0,4.93615E+20,5.60403E+21,8.90981E+15,5.05881E+16
38898,6.17122E+18,6,6,35,22,2017,12,12,1,3,8,1,0,1,0,0,0,0,0,4.7353E+20,5.68196E+21,8.62042E+15,5.12883E+16
38899,6.17122E+18,6,6,34,4,2017,12,6,1,3,4,6,0,1,0,0,0,2,0,5.21263E+20,5.64918E+21,9.30299E+15,5.09938E+16
38900,6.17122E+18,6,4,13,0,2017,12,22,1,3,2,6,0,1,0,0,0,2,0,4.8123E+20,5.5504E+21,8.73752E+15,5.01055E+16
38901,6.17122E+18,6,4,37,12,2017,12,8,1,3,8,1,0,1,0,0,1,0,0,4.9398E+20,5.49603E+21,8.91666E+15,4.96168E+16
38902,6.17122E+18,6,4,39,11,2017,12,8,1,3,0,7,0,0,0,0,1,1,1,4.51971E+20,5.56121E+21,8.32701E+15,5.02012E+16
38903,6.17122E+18,6,4,38,9,2017,12,17,1,3,6,2,0,1,1,0,0,2,0,4.78041E+20,5.54402E+21,8.69329E+15,5.00481E+16
38904,6.17121E+18,6,4,35,26,2017,12,13,1,3,2,1,0,1,0,0,0,0,2,4.87809E+20,5.5623E+21,8.82914E+15,5.02128E+16
38905,6.17121E+18,6,4,31,11,2017,12,19,1,3,6,7,0,1,1,0,0,2,1,4.73978E+20,5.4994E+21,8.63954E+15,4.96466E+16
38906,6.17121E+18,6,4,40,25,2017,12,13,1,3,5,2,0,1,0,0,0,0,2,4.82258E+20,5.57176E+21,8.75089E+15,5.02977E+16
38907,6.17122E+18,6,4,40,5,2017,12,21,1,3,1,5,0,1,0,0,0,2,0,4.76731E+20,5.58642E+21,8.67238E+15,5.04293E+16
38908,6.17121E+18,6,4,40,8,2017,12,12,1,3,9,1,0,1,0,0,0,0,2,4.83143E+20,5.57528E+21,8.76317E+15,5.03294E+16
38909,6.17122E+18,6,4,32,18,2017,12,15,1,3,8,6,0,1,0,0,1,0,0,4.71516E+20,5.51457E+21,8.60432E+15,4.97829E+16
38910,6.17121E+18,6,5,34,7,2017,12,14,1,3,8,6,0,1,0,0,0,0,2,4.6848E+20,5.62864E+21,8.55263E+15,5.08087E+16
38911,6.17122E+18,6,4,40,6,2017,12,13,1,3,1,5,0,1,0,0,0,0,0,4.91848E+20,5.581E+21,8.88535E+15,5.0381E+16
38912,6.17121E+18,6,4,12,0,2017,12,7,4,3,2,6,0,1,0,0,0,1,0,4.74777E+20,5.56108E+21,8.64657E+15,5.02014E+16
38913,6.17122E+18,6,5,34,19,2017,12,21,1,3,5,3,0,1,0,0,0,2,1,4.62587E+20,5.63221E+21,8.46865E+15,5.08404E+16
38914,6.17122E+18,6,6,31,10,2017,12,5,1,3,8,1,0,1,0,0,0,2,0,5.66296E+20,5.58958E+21,9.9339E+15,5.04545E+16
38915,6.17121E+18,6,4,40,23,2017,12,18,4,3,2,6,0,1,0,0,0,2,1,4.78471E+20,5.57272E+21,8.69767E+15,5.03062E+16
38916,6.17122E+18,6,6,31,9,2017,12,15,1,3,5,1,0,1,0,1,0,0,1,5.47417E+20,5.60077E+21,9.6694E+15,5.05569E+16
38917,6.17122E+18,6,4,14,0,2017,12,20,1,2,2,6,0,1,0,0,0,2,0,4.52289E+20,5.55418E+21,8.33236E+15,5.01379E+16
38918,6.17121E+18,6,6,33,3,2017,12,13,4,3,2,2,0,1,0,0,0,0,1,5.29141E+20,5.67541E+21,9.41736E+15,5.12293E+16
38919,6.17122E+18,6,5,33,2,2017,12,17,1,3,2,6,0,1,0,0,0,2,0,4.39326E+20,5.57877E+21,8.14704E+15,5.03579E+16
38920,6.17122E+18,6,5,33,2,2017,12,18,1,3,2,6,0,1,0,0,0,2,0,4.39347E+20,5.57876E+21,8.14733E+15,5.03578E+16
38921,6.17121E+18,6,6,35,15,2017,12,13,4,3,9,1,0,1,0,0,0,0,1,4.92104E+20,5.683E+21,8.88675E+15,5.12983E+16
38922,6.17122E+18,6,4,33,5,2017,12,8,1,2,8,1,0,1,0,0,0,0,0,4.51756E+20,5.53635E+21,8.32714E+15,4.99775E+16
38923,6.17121E+18,6,5,31,10,2017,12,9,5,3,5,3,0,1,0,0,0,0,1,4.95478E+20,5.6E+21,8.93616E+15,5.05519E+16
38924,6.17122E+18,6,6,32,15,2017,12,22,7,3,8,1,0,1,0,0,0,2,0,5.44621E+20,5.62776E+21,9.63319E+15,5.07998E+16
38925,6.17121E+18,6,4,31,13,2017,12,14,1,3,8,1,0,1,0,0,0,0,1,4.66009E+20,5.49389E+21,8.52963E+15,4.95966E+16
38926,6.17121E+18,6,4,31,20,2017,12,14,1,2,9,1,0,1,0,0,0,0,2,4.69641E+20,5.48652E+21,8.58046E+15,4.95305E+16
38927,6.17121E+18,6,4,37,9,2017,12,13,3,3,2,6,0,1,0,0,0,0,0,4.99974E+20,5.51687E+21,8.99964E+15,4.98043E+16
38928,6.17121E+18,6,5,32,6,2017,12,18,3,3,9,1,0,1,0,0,0,2,2,4.47609E+20,5.61981E+21,8.25769E+15,5.07277E+16
38929,6.17121E+18,6,4,32,19,2017,12,17,3,3,5,2,0,1,0,0,0,2,0,4.86383E+20,5.5218E+21,8.81059E+15,4.98484E+16
38930,6.17122E+18,6,5,33,2,2017,12,7,7,3,9,1,0,1,0,0,0,2,0,4.43863E+20,5.57711E+21,8.21105E+15,5.03434E+16
38931,6.17122E+18,6,4,14,0,2017,12,14,7,2,2,6,0,1,0,0,0,0,0,4.48956E+20,5.54101E+21,8.28747E+15,5.00192E+16
38932,6.17121E+18,6,4,35,29,2017,12,15,5,2,2,7,0,1,0,0,1,0,1,5.20704E+20,5.56534E+21,9.29035E+15,5.02398E+16
38933,6.17122E+18,6,4,14,0,2017,12,12,7,3,5,3,1,1,0,0,0,0,1,4.47992E+20,5.5514E+21,8.27261E+15,5.01125E+16
38934,6.17121E+18,6,6,11,0,2017,12,17,5,3,2,6,0,1,0,0,0,2,0,5.34234E+20,5.68526E+21,9.49124E+15,5.13176E+16
38935,6.17122E+18,6,4,14,0,2017,12,14,7,3,2,6,0,1,0,0,0,0,0,4.44992E+20,5.54721E+21,8.23126E+15,5.00746E+16
38936,6.17121E+18,6,4,32,20,2017,12,7,3,3,2,6,0,1,0,0,0,2,0,4.83648E+20,5.52315E+21,8.77249E+15,4.98605E+16
38937,6.17121E+18,6,4,40,21,2017,12,7,3,3,5,2,0,1,0,0,0,1,0,4.88412E+20,5.57583E+21,8.83717E+15,5.03344E+16
38938,6.17122E+18,6,4,14,0,2017,12,21,7,3,5,3,0,1,0,0,0,2,0,4.46327E+20,5.54631E+21,8.25004E+15,5.00666E+16
38939,6.17122E+18,6,4,12,0,2017,12,3,7,3,3,2,0,1,0,0,0,2,1,4.68046E+20,5.55001E+21,8.55319E+15,5.01015E+16
38940,6.17122E+18,6,4,12,0,2017,12,17,7,3,6,4,0,1,1,0,0,2,1,4.74697E+20,5.55198E+21,8.64606E+15,5.01195E+16
38941,6.17122E+18,6,4,12,0,2017,12,12,7,3,3,6,0,1,0,0,0,0,0,4.69492E+20,5.54872E+21,8.57351E+15,5.009E+16
38942,6.17122E+18,6,4,11,0,2017,12,12,7,3,5,3,0,1,0,0,0,0,0,4.7663E+20,5.52671E+21,8.67464E+15,4.98924E+16
38943,6.17122E+18,6,6,11,0,2017,12,14,7,2,2,6,0,1,0,0,0,0,1,5.29225E+20,5.6836E+21,9.41923E+15,5.1303E+16
38944,6.17122E+18,6,6,35,19,2017,12,15,7,2,8,1,0,1,0,0,0,0,0,4.92691E+20,5.67081E+21,8.89542E+15,5.11887E+16
38945,6.17121E+18,6,4,33,8,2017,12,13,1,3,2,6,0,1,0,0,0,0,2,4.69408E+20,5.53713E+21,8.57326E+15,4.99857E+16
38946,6.17121E+18,6,4,33,14,2017,12,18,1,3,8,1,0,1,0,0,0,2,2,4.5631E+20,5.5321E+21,8.39114E+15,4.99397E+16
38947,6.17121E+18,6,4,33,6,2017,12,12,1,3,9,1,0,1,0,0,0,0,2,4.63687E+20,5.52786E+21,8.49434E+15,4.9902E+16
38948,6.17122E+18,6,4,39,15,2017,12,16,7,3,8,1,0,1,0,0,0,1,0,4.44116E+20,5.55475E+21,8.21791E+15,5.01423E+16
38949,6.17121E+18,6,5,34,14,2017,12,21,1,3,8,1,0,1,0,0,0,2,1,4.84937E+20,5.63239E+21,8.78605E+15,5.0843E+16
38950,6.17122E+18,6,4,39,3,2017,12,18,7,2,8,1,0,1,0,0,0,2,1,4.36137E+20,5.54289E+21,8.10824E+15,5.00348E+16
38951,6.17121E+18,6,6,31,23,2017,12,15,1,3,4,1,0,1,0,0,0,0,2,5.72264E+20,5.61096E+21,1.00221E+16,5.0646E+16
38952,6.17122E+18,6,4,39,13,2017,12,11,7,3,5,3,0,0,0,1,1,0,1,4.23701E+20,5.53706E+21,7.93578E+15,4.9981E+16
38953,6.17121E+18,6,4,12,0,2017,12,17,3,3,2,6,0,1,0,0,0,2,0,4.72974E+20,5.55925E+21,8.62144E+15,5.01848E+16
38954,6.17122E+18,6,4,35,19,2017,12,20,7,3,2,6,0,1,0,0,0,2,0,4.85884E+20,5.5539E+21,8.80246E+15,5.01372E+16
38955,6.17122E+18,6,4,34,13,2017,12,12,7,3,5,3,0,1,0,0,0,0,0,4.56412E+20,5.57184E+21,8.38802E+15,5.02971E+16
38956,6.17121E+18,6,4,31,20,2017,12,6,4,3,8,6,0,1,0,0,1,2,0,4.68167E+20,5.48546E+21,8.56017E+15,4.95209E+16
38957,6.17122E+18,6,4,36,5,2017,12,17,7,3,6,4,0,1,1,0,0,1,1,4.63849E+20,5.5444E+21,8.49504E+15,5.00508E+16
38958,6.17122E+18,6,4,37,3,2017,12,11,7,2,5,3,0,0,0,1,1,0,1,4.9028E+20,5.51474E+21,8.86497E+15,4.97851E+16
38959,6.17121E+18,6,5,35,1,2017,12,19,4,2,6,4,0,1,1,0,0,2,1,5.18197E+20,5.62131E+21,9.25791E+15,5.07433E+16
38960,6.17122E+18,6,5,32,12,2017,12,23,7,3,2,1,0,1,0,0,0,2,1,4.51151E+20,5.61532E+21,8.30848E+15,5.06877E+16
38961,6.17122E+18,6,5,32,5,2017,12,21,7,3,5,2,0,1,0,0,0,2,0,4.53084E+20,5.63103E+21,8.33384E+15,5.08291E+16
38962,6.17121E+18,6,4,31,11,2017,12,13,4,3,3,6,0,1,0,1,0,0,1,4.74055E+20,5.49824E+21,8.64068E+15,4.96362E+16