OBJECTID,UIDENTSTLA,ULAND,UREGBEZ,UKREIS,UGEMEINDE,UJAHR,UMONAT,USTUNDE,UWOCHENTAG,UKATEGORIE,UART,UTYP1,IstRad,IstPKW,IstFuss,IstKrad,IstSonstig,LICHT,STRZUSTAND,LINREFX,LINREFY,XGCSWGS84,YGCSWGS84
39136,6.17121E+18,6,4,12,0,2017,12,18,7,3,2,6,0,1,0,0,0,2,0,4.72496E+20,5.54455E+21,8.6158E+15,5.00526E+16
39137,6.17121E+18,6,5,35,8,2017,12,17,2,2,2,6,0,1,0,0,0,2,1,5.2554E+20,5.59846E+21,9.3604E+15,5.05375E+16
39138,6.17121E+18,6,4,12,0,2017,12,19,7,3,2,6,0,1,0,0,0,2,0,4.67607E+20,5.54728E+21,8.54729E+15,5.00769E+16
39139,6.17122E+18,6,4,12,0,2017,12,17,5,3,2,6,0,1,0,0,0,2,1,4.75352E+20,5.56004E+21,8.6547E+15,5.01921E+16
39140,6.17121E+18,6,5,32,12,2017,12,12,4,3,9,1,0,1,0,0,0,0,2,4.49777E+20,5.61509E+21,8.28905E+15,5.06854E+16
39141,6.17122E+18,6,4,14,0,2017,12,17,5,3,2,6,0,1,0,0,0,2,1,4.53641E+20,5.5497E+21,8.35181E+15,5.00978E+16
39142,6.17122E+18,6,4,14,0,2017,12,17,5,3,2,6,0,1,0,0,0,2,1,4.53641E+20,5.5497E+21,8.35181E+15,5.00978E+16
39143,6.17121E+18,6,6,31,9,2017,12,17,4,2,5,2,0,1,0,0,0,1,2,5.49216E+20,5.60217E+21,9.69498E+15,5.05693E+16
39144,6.17122E+18,6,4,32,23,2017,12,19,5,2,3,1,0,1,0,0,0,2,1,4.72236E+20,5.53062E+21,8.61318E+15,4.99273E+16
39145,6.17122E+18,6,4,40,23,2017,12,15,5,3,2,6,0,1,0,0,0,0,0,4.76456E+20,5.57031E+21,8.66952E+15,5.02844E+16
39146,6.17121E+18,6,4,35,10,2017,12,8,4,3,0,3,0,1,0,0,1,0,0,5.15861E+20,5.56071E+21,9.22223E+15,5.01984E+16
39147,6.17122E+18,6,5,32,1,2017,12,14,5,3,2,6,0,1,0,0,1,0,1,4.62048E+20,5.60596E+21,8.46369E+15,5.06043E+16
39148,6.17121E+18,6,4,14,0,2017,12,9,4,3,2,6,0,1,1,0,1,0,0,4.48418E+20,5.5398E+21,8.28013E+15,5.00083E+16
39149,6.17122E+18,6,4,35,6,2017,12,12,4,3,2,6,0,1,0,1,0,0,1,4.93793E+20,5.55943E+21,8.91306E+15,5.01871E+16
39150,6.17121E+18,6,4,31,2,2017,12,19,5,2,9,1,0,1,0,0,1,2,0,4.71592E+20,5.50105E+21,8.60637E+15,4.96613E+16
39151,6.17122E+18,6,5,31,5,2017,12,18,4,3,3,6,1,1,0,0,0,2,1,4.77249E+20,5.6036E+21,8.67864E+15,5.05838E+16
39152,6.17121E+18,6,4,38,9,2017,12,23,7,3,2,6,0,1,0,0,0,2,0,4.73861E+20,5.54478E+21,8.63485E+15,5.00547E+16
39153,6.17121E+18,6,4,40,23,2017,12,8,7,2,9,1,0,1,0,0,0,0,1,4.76112E+20,5.56884E+21,8.66479E+15,5.02712E+16
39154,8.1701E+18,8,3,27,54,2017,1,11,2,3,4,2,0,1,0,0,1,0,1,4.83124E+20,5.31542E+21,8.7738E+15,4.79919E+16
39155,6.17121E+18,6,5,32,23,2017,12,1,7,3,9,1,0,1,0,0,0,2,2,4.63062E+20,5.60292E+21,8.47832E+15,5.0577E+16
39156,6.17121E+18,6,4,35,6,2017,12,17,6,1,6,4,0,1,1,0,0,1,0,4.95434E+20,5.55998E+21,8.93604E+15,5.0192E+16
39157,6.17121E+18,6,5,33,8,2017,12,7,2,3,8,6,0,1,0,0,0,1,1,4.39038E+20,5.57314E+21,8.14389E+15,5.03073E+16
39158,6.17121E+18,6,5,33,13,2017,12,8,2,3,8,6,0,1,0,0,1,0,1,4.38185E+20,5.58294E+21,8.13031E+15,5.03952E+16
39159,6.17121E+18,6,6,11,0,2017,12,16,2,3,5,6,0,1,0,0,1,1,1,5.36441E+20,5.68413E+21,9.52278E+15,5.13073E+16
39160,8.1701E+18,8,3,27,18,2017,1,17,2,3,4,1,0,1,0,0,0,2,2,4.75219E+20,5.30502E+21,8.66845E+15,4.7898E+16
39161,8.1701E+18,8,3,25,64,2017,1,18,2,3,4,1,0,1,0,0,0,2,2,4.76375E+20,5.33273E+21,8.68238E+15,4.81474E+16
39162,8.1701E+18,8,4,17,44,2017,1,15,2,2,4,1,0,1,0,0,0,0,2,4.97373E+20,5.33778E+21,8.96466E+15,4.81932E+16
39163,8.1701E+18,8,3,25,57,2017,1,17,2,2,9,1,0,1,0,0,0,2,2,4.76677E+20,5.35534E+21,8.6852E+15,4.83508E+16
39164,8.1701E+18,8,3,17,65,2017,1,21,2,3,5,3,1,1,0,0,0,2,1,4.14176E+20,5.35496E+21,7.84179E+15,4.8342E+16
39165,8.1701E+18,8,3,15,94,2017,1,14,2,3,8,6,0,1,0,0,0,0,2,4.33107E+20,5.314E+21,8.10367E+15,4.79758E+16
39166,8.1701E+18,8,2,26,31,2017,1,21,2,2,2,7,0,1,0,0,1,2,1,4.73426E+20,5.49324E+21,8.63232E+15,4.95911E+16
39167,8.1701E+18,8,2,35,55,2017,1,17,2,3,9,1,0,1,0,0,0,2,2,4.7484E+20,5.39719E+21,8.65788E+15,4.87272E+16
39168,6.17121E+18,6,5,31,3,2017,12,16,6,3,8,7,0,1,0,0,0,2,1,4.86125E+20,5.60469E+21,8.80398E+15,5.0594E+16
39169,6.17121E+18,6,6,35,22,2017,12,6,6,3,2,6,0,1,0,0,0,1,2,4.76489E+20,5.68148E+21,8.66288E+15,5.12842E+16
39170,6.17121E+18,6,6,35,18,2017,12,9,6,2,4,1,0,1,0,0,0,0,2,4.94214E+20,5.68687E+21,8.91695E+15,5.13331E+16
39171,6.17122E+18,6,6,32,2,2017,12,17,4,3,2,6,0,1,0,0,0,2,1,5.498E+20,5.63567E+21,9.70775E+15,5.08705E+16
39172,6.17122E+18,6,4,14,0,2017,12,15,4,3,5,3,0,1,0,1,0,0,1,4.43146E+20,5.54652E+21,8.20557E+15,5.00682E+16
39173,6.17122E+18,6,4,14,0,2017,12,7,4,2,6,4,0,1,1,0,0,2,1,4.44163E+20,5.54963E+21,8.21932E+15,5.00963E+16
39174,6.17121E+18,6,5,35,12,2017,12,12,6,3,8,1,0,0,0,0,1,0,0,5.22693E+20,5.60371E+21,9.32055E+15,5.05849E+16
39175,6.17122E+18,6,4,13,0,2017,12,9,4,3,2,6,0,1,0,0,0,0,1,4.85851E+20,5.55109E+21,8.80211E+15,5.01119E+16
39176,6.17121E+18,6,6,11,0,2017,12,11,2,3,2,6,0,1,0,0,0,0,1,5.34395E+20,5.68715E+21,9.49373E+15,5.13346E+16
39177,6.17122E+18,6,4,36,11,2017,12,18,4,2,8,1,0,1,0,0,0,2,1,4.66451E+20,5.5561E+21,8.53036E+15,5.01561E+16
39178,6.17122E+18,6,4,12,0,2017,12,12,4,2,5,3,0,0,0,1,1,0,1,4.73622E+20,5.55002E+21,8.63116E+15,5.01018E+16
39179,6.17121E+18,6,6,11,0,2017,12,12,2,2,9,1,0,1,1,0,0,0,2,5.27401E+20,5.68881E+21,9.39347E+15,5.13499E+16
39180,6.17122E+18,6,6,11,0,2017,12,18,4,3,3,6,0,1,0,0,0,2,1,5.31073E+20,5.68488E+21,9.44585E+15,5.13144E+16
39181,6.17122E+18,6,4,39,14,2017,12,12,4,3,9,7,0,1,0,0,0,0,1,4.36125E+20,5.54938E+21,8.10699E+15,5.00932E+16
39182,6.17121E+18,6,4,34,1,2017,12,14,3,2,5,3,0,1,0,0,0,0,0,4.75537E+20,5.56207E+21,8.65716E+15,5.02103E+16
39183,6.17122E+18,6,4,35,4,2017,12,18,4,2,4,1,0,1,0,0,0,2,1,5.2012E+20,5.57758E+21,9.2828E+15,5.035E+16
39184,6.17121E+18,6,4,14,0,2017,12,17,3,3,6,7,0,1,1,0,0,2,0,4.44771E+20,5.54685E+21,8.22822E+15,5.00713E+16
39185,6.17122E+18,6,4,38,10,2017,12,14,4,3,0,3,0,1,0,1,0,0,1,4.90314E+20,5.54683E+21,8.86465E+15,5.00737E+16
39186,6.17122E+18,6,4,34,10,2017,12,5,4,2,5,3,0,1,0,1,0,2,1,4.6959E+20,5.55747E+21,8.57419E+15,5.01686E+16
39187,6.17121E+18,6,5,35,7,2017,12,9,6,2,8,1,0,1,0,0,0,0,2,5.21978E+20,5.59882E+21,9.31017E+15,5.05409E+16
39188,6.17121E+18,6,6,11,0,2017,12,15,6,2,5,3,0,1,0,0,1,0,1,5.33521E+20,5.68312E+21,9.4808E+15,5.12984E+16
39189,6.17121E+18,6,4,14,0,2017,12,17,6,3,9,6,1,1,0,0,1,2,0,4.47239E+20,5.54222E+21,8.26334E+15,5.003E+16
39190,6.17122E+18,6,4,36,2,2017,12,14,4,2,4,6,0,1,0,0,1,0,1,4.55915E+20,5.55467E+21,8.38303E+15,5.01426E+16
39191,6.17122E+18,6,4,31,16,2017,12,15,4,3,2,6,0,1,0,0,1,0,1,4.66693E+20,5.49992E+21,8.53858E+15,4.96509E+16
39192,8.1701E+18,8,2,36,4,2017,1,17,2,2,5,2,1,1,0,0,0,2,1,4.73335E+20,5.41307E+21,8.63638E+15,4.88701E+16
39193,6.17121E+18,6,4,13,0,2017,12,13,6,3,2,6,0,1,0,0,0,0,0,4.83908E+20,5.54789E+21,8.77507E+15,5.00831E+16
39194,6.17121E+18,6,4,13,0,2017,12,18,6,2,6,2,0,1,1,0,0,2,1,4.84584E+20,5.55005E+21,8.78444E+15,5.01025E+16
39195,6.17121E+18,6,4,36,3,2017,12,16,6,3,1,6,0,1,0,0,1,2,1,4.70285E+20,5.55375E+21,8.58421E+15,5.01352E+16
39196,6.17122E+18,6,4,35,3,2017,12,13,4,3,5,3,0,1,0,0,0,0,1,5.19632E+20,5.55839E+21,9.27494E+15,5.01774E+16
39197,6.17121E+18,6,6,33,4,2017,12,7,6,3,5,2,0,1,0,0,0,1,1,5.16932E+20,5.69987E+21,9.24366E+15,5.14497E+16
39198,6.17122E+18,6,4,40,12,2017,12,16,4,3,2,6,0,1,0,0,1,1,1,4.82302E+20,5.5667E+21,8.75176E+15,5.02522E+16
39199,6.17121E+18,6,6,11,0,2017,12,11,2,3,6,4,0,1,1,0,0,0,1,5.34896E+20,5.68538E+21,9.50075E+15,5.13187E+16
39200,6.17121E+18,6,6,33,18,2017,12,6,6,2,4,1,0,1,0,0,0,2,2,5.12378E+20,5.68097E+21,9.17747E+15,5.12799E+16
39201,6.17122E+18,6,4,40,12,2017,12,12,4,3,2,6,0,1,0,0,0,0,1,4.84138E+20,5.56314E+21,8.77766E+15,5.02203E+16
39202,6.17121E+18,6,4,34,8,2017,12,22,3,3,3,6,0,1,0,0,0,2,1,4.67194E+20,5.56274E+21,8.54019E+15,5.02159E+16
39203,6.17122E+18,6,5,32,11,2017,12,17,4,3,5,3,0,1,0,0,0,2,1,4.42975E+20,5.62041E+21,8.19195E+15,5.07327E+16
39204,6.17122E+18,6,4,32,17,2017,12,11,4,3,2,6,0,1,0,0,0,0,1,4.92536E+20,5.52038E+21,8.89621E+15,4.98358E+16
39205,6.17121E+18,6,4,14,0,2017,12,19,3,3,5,2,0,1,0,0,0,2,0,4.42424E+20,5.54693E+21,8.19541E+15,5.00718E+16
39206,6.17122E+18,6,4,40,24,2017,12,8,4,3,5,2,0,1,0,0,0,2,1,4.924E+20,5.58496E+21,8.89303E+15,5.04166E+16
39207,6.17122E+18,6,4,40,7,2017,12,7,4,2,4,6,0,1,0,0,1,2,1,4.92167E+20,5.57511E+21,8.88995E+15,5.0328E+16
39208,6.17121E+18,6,4,12,0,2017,12,17,4,3,2,6,0,1,0,0,0,2,1,4.71883E+20,5.54506E+21,8.60721E+15,5.00572E+16
39209,6.17122E+18,6,5,35,1,2017,12,5,4,3,5,2,0,1,0,0,0,2,1,5.19019E+20,5.62235E+21,9.26961E+15,5.07526E+16
39210,6.17121E+18,6,4,40,17,2017,12,6,4,3,2,6,0,1,0,0,1,2,1,4.86408E+20,5.56895E+21,8.80926E+15,5.02726E+16
39211,6.17122E+18,6,4,33,12,2017,12,18,4,3,2,6,0,1,0,0,0,2,0,4.58927E+20,5.53753E+21,8.42703E+15,4.99887E+16
39212,6.17121E+18,6,4,39,1,2017,12,16,4,3,2,1,0,1,0,1,0,2,1,4.33293E+20,5.5661E+21,8.06448E+15,5.02433E+16
39213,6.17122E+18,6,6,31,2,2017,12,15,4,3,5,3,0,1,0,0,0,0,1,5.5074E+20,5.61818E+21,9.71868E+15,5.07132E+16
39214,6.17121E+18,6,6,33,28,2017,12,8,6,2,9,1,0,1,0,0,0,1,2,5.11158E+20,5.68353E+21,9.16005E+15,5.1303E+16
39215,6.17121E+18,6,6,11,0,2017,12,17,6,3,6,2,0,1,1,0,0,2,1,5.31661E+20,5.68234E+21,9.45405E+15,5.12915E+16
39216,6.17121E+18,6,6,36,11,2017,12,6,6,2,4,6,0,1,0,0,0,2,1,5.65991E+20,5.66016E+21,9.94227E+15,5.10891E+16
39217,6.17122E+18,6,6,31,15,2017,12,7,4,3,2,6,0,1,0,0,0,1,1,5.53219E+20,5.61251E+21,9.75299E+15,5.0662E+16
39218,6.17122E+18,6,4,12,0,2017,12,13,6,3,8,1,0,1,0,0,0,0,1,4.75506E+20,5.55922E+21,8.65691E+15,5.01847E+16
39219,6.17121E+18,6,4,39,7,2017,12,9,6,2,5,2,0,1,0,0,1,0,1,4.42925E+20,5.56416E+21,8.19983E+15,5.02269E+16
39220,6.17122E+18,6,6,31,12,2017,12,14,4,2,5,3,0,1,0,0,1,0,1,5.70513E+20,5.60335E+21,9.99589E+15,5.05778E+16
39221,6.17121E+18,6,4,39,2,2017,12,9,6,3,8,1,0,1,0,0,0,0,2,4.34523E+20,5.5529E+21,8.08399E+15,5.01247E+16
39222,8.1701E+18,8,2,36,40,2017,1,16,2,2,5,3,0,1,0,0,0,2,1,4.89027E+20,5.42157E+21,8.85013E+15,4.8947E+16
39223,6.17121E+18,6,6,11,0,2017,12,12,2,3,2,6,0,1,0,0,0,0,1,5.335E+20,5.68498E+21,9.48068E+15,5.13151E+16
39224,6.17121E+18,6,4,14,0,2017,12,8,2,2,5,3,0,1,0,0,1,0,1,4.46726E+20,5.54387E+21,8.25595E+15,5.00448E+16
39225,6.17121E+18,6,4,13,0,2017,12,16,2,3,2,6,0,1,0,0,1,2,1,4.81211E+20,5.55042E+21,8.73725E+15,5.01057E+16
39226,8.1701E+18,8,2,36,33,2017,1,7,2,2,8,5,0,1,0,0,0,2,1,4.82446E+20,5.43028E+21,8.75988E+15,4.90252E+16
39227,6.17121E+18,6,4,12,0,2017,12,22,2,3,4,6,0,1,0,0,1,2,1,4.65378E+20,5.54646E+21,8.51621E+15,5.00694E+16
39228,8.1701E+18,8,2,36,65,2017,1,11,2,3,0,1,0,0,0,1,0,0,1,4.89091E+20,5.41562E+21,8.85116E+15,4.88935E+16
39229,6.17121E+18,6,4,12,0,2017,12,9,2,3,2,6,0,1,0,0,0,0,1,4.75427E+20,5.55374E+21,8.65616E+15,5.01353E+16
39230,8.1701E+18,8,2,22,0,2017,1,2,2,1,4,6,0,1,0,0,1,2,1,4.60944E+20,5.48321E+21,8.4606E+15,4.95003E+16
39231,8.1701E+18,8,2,21,0,2017,1,6,2,3,9,1,0,1,0,0,0,2,1,4.74388E+20,5.46938E+21,8.64717E+15,4.93766E+16
39232,8.1701E+18,8,2,15,29,2017,1,12,2,3,8,1,0,1,0,0,0,0,1,4.66402E+20,5.45053E+21,8.53874E+15,4.92067E+16
39233,8.1701E+18,8,2,15,64,2017,1,16,2,3,5,3,0,1,0,0,1,1,1,4.77988E+20,5.45142E+21,8.69775E+15,4.92152E+16
39234,8.1701E+18,8,1,15,21,2017,1,13,2,3,2,6,0,1,0,0,0,0,1,4.92617E+20,5.38009E+21,8.89991E+15,4.85738E+16
39235,8.1701E+18,8,1,36,66,2017,1,14,2,3,4,1,0,1,0,0,0,0,2,5.56E+20,5.41321E+21,9.76364E+15,4.88693E+16
39236,8.1701E+18,8,1,35,19,2017,1,13,2,3,9,1,0,1,0,0,0,0,2,5.86098E+20,5.39865E+21,1.01709E+16,4.87349E+16
39237,8.1701E+18,8,4,25,72,2017,1,11,2,2,9,1,0,1,0,0,0,0,0,5.80249E+20,5.37193E+21,1.00862E+16,4.84954E+16
39238,8.1701E+18,8,1,28,39,2017,1,16,2,3,9,1,0,1,0,0,0,2,1,5.25928E+20,5.51324E+21,9.36008E+15,4.97711E+16
39239,6.17121E+18,6,4,39,15,2017,12,18,6,3,8,1,0,1,0,0,0,2,1,4.43745E+20,5.55593E+21,8.21255E+15,5.0153E+16
39240,6.17121E+18,6,4,39,6,2017,12,8,6,3,8,1,0,1,0,0,0,0,2,4.39407E+20,5.56203E+21,8.15086E+15,5.02073E+16
39241,6.17122E+18,6,6,31,17,2017,12,7,4,3,4,1,0,0,0,0,1,2,1,5.5261E+20,5.59682E+21,9.74214E+15,5.0521E+16
39242,8.1701E+18,8,1,27,103,2017,1,23,2,3,9,1,0,1,0,0,0,2,2,5.72312E+20,5.43573E+21,9.99004E+15,4.90702E+16
39243,6.17121E+18,6,4,39,2,2017,12,20,6,3,8,1,0,1,0,0,0,2,1,4.3463E+20,5.55563E+21,8.08502E+15,5.01493E+16
39244,6.17122E+18,6,6,31,17,2017,12,20,4,3,6,4,0,1,1,0,0,2,1,5.50967E+20,5.59937E+21,9.71932E+15,5.0544E+16
39245,8.1701E+18,8,1,27,14,2017,1,15,2,2,8,1,0,1,0,0,0,0,2,5.80982E+20,5.44357E+21,1.01103E+16,4.91396E+16
39246,6.17122E+18,6,6,31,9,2017,12,16,4,3,5,2,0,1,0,0,0,2,1,5.4988E+20,5.60303E+21,9.70447E+15,5.05771E+16
39247,6.17121E+18,6,4,35,25,2017,12,14,6,3,2,6,0,1,0,0,0,0,0,5.38129E+20,5.57757E+21,9.53592E+15,5.0349E+16
39248,6.17122E+18,6,6,31,6,2017,12,16,4,3,0,7,0,1,0,0,0,2,1,5.50581E+20,5.59266E+21,9.71296E+15,5.04838E+16
39249,8.1701E+18,8,1,27,23,2017,1,12,2,2,4,6,0,1,0,0,1,0,1,5.50532E+20,5.42681E+21,9.69076E+15,4.89921E+16
39250,6.17122E+18,6,6,31,3,2017,12,6,4,2,0,7,0,1,0,1,0,2,1,5.55906E+20,5.59882E+21,9.78893E+15,5.05386E+16
39251,6.17122E+18,6,5,32,23,2017,12,19,4,3,2,6,0,1,0,0,0,2,1,4.64632E+20,5.60141E+21,8.50064E+15,5.05636E+16
39252,8.1701E+18,8,1,26,66,2017,1,11,2,2,9,1,0,1,0,0,0,0,2,5.33639E+20,5.45565E+21,9.46225E+15,4.92527E+16
39253,8.1701E+18,8,1,25,63,2017,1,6,2,3,5,3,0,1,0,0,0,2,1,5.2417E+20,5.46074E+21,9.33244E+15,4.92989E+16
39254,8.1701E+18,8,1,21,0,2017,1,12,2,3,2,6,0,1,0,0,0,0,1,5.16447E+20,5.44504E+21,9.22558E+15,4.91579E+16
39255,8.1701E+18,8,1,19,67,2017,1,18,2,3,6,4,0,1,1,0,0,2,2,5.39219E+20,5.40587E+21,9.53412E+15,4.88046E+16
39256,8.1701E+18,8,1,19,8,2017,1,12,2,3,4,1,0,1,0,0,0,0,2,5.30827E+20,5.42109E+21,9.42097E+15,4.8942E+16
39257,8.1701E+18,8,1,18,48,2017,1,17,2,3,1,6,0,1,0,0,0,2,1,5.11431E+20,5.41874E+21,9.15604E+15,4.89215E+16
39258,8.1701E+18,8,1,18,18,2017,1,19,2,3,5,3,0,1,0,0,0,2,1,5.11347E+20,5.43027E+21,9.15522E+15,4.90252E+16
39259,8.1701E+18,8,1,18,51,2017,1,10,2,3,5,3,0,1,0,0,0,0,1,5.10388E+20,5.41484E+21,9.1417E+15,4.88864E+16
39260,8.1701E+18,8,1,17,24,2017,1,16,2,3,4,6,0,1,0,0,0,1,2,5.62274E+20,5.38317E+21,9.84465E+15,4.85985E+16
39261,8.1701E+18,8,1,16,49,2017,1,13,2,3,8,1,0,1,0,0,0,0,2,5.29174E+20,5.38653E+21,9.39595E+15,4.86311E+16
39262,6.17122E+18,6,5,31,11,2017,12,23,4,3,0,7,0,1,0,0,0,2,1,4.84909E+20,5.59722E+21,8.78709E+15,5.05267E+16
39263,8.1701E+18,8,1,15,28,2017,1,15,2,3,8,1,0,1,0,0,0,0,2,5.03822E+20,5.39967E+21,9.052E+15,4.875E+16
39264,6.17122E+18,6,5,31,5,2017,12,14,4,3,3,1,0,1,0,0,0,0,1,4.75706E+20,5.60132E+21,8.657E+15,5.05633E+16
39265,6.17121E+18,6,4,31,4,2017,12,14,6,3,9,1,0,1,0,0,0,0,2,4.83441E+20,5.48798E+21,8.7711E+15,4.95442E+16
39266,6.17121E+18,6,4,35,2,2017,12,12,6,3,2,6,0,1,0,0,0,0,0,5.26702E+20,5.56916E+21,9.37472E+15,5.0274E+16
39267,6.17121E+18,6,4,35,5,2017,12,9,6,3,9,1,0,1,0,0,0,0,1,5.19257E+20,5.57516E+21,9.27054E+15,5.03282E+16
39268,6.17122E+18,6,4,38,7,2017,12,17,4,3,2,6,0,1,0,0,0,2,1,5.02168E+20,5.53982E+21,9.03026E+15,5.00107E+16
39269,6.17121E+18,6,4,40,3,2017,12,7,6,3,5,3,1,1,0,0,0,1,0,4.81683E+20,5.56211E+21,8.74329E+15,5.02109E+16
39270,6.17122E+18,6,4,35,14,2017,12,17,4,3,2,6,0,1,0,0,1,2,1,4.99044E+20,5.55127E+21,8.98664E+15,5.01137E+16
39271,6.17121E+18,6,5,32,8,2017,12,15,6,3,5,2,1,1,0,0,0,0,1,4.56306E+20,5.60569E+21,8.38258E+15,5.06015E+16
39272,6.17122E+18,6,5,35,1,2017,12,12,4,3,8,6,0,1,0,0,0,0,0,5.26865E+20,5.62429E+21,9.38097E+15,5.07697E+16
39273,6.17121E+18,6,4,12,0,2017,12,16,2,3,6,4,0,0,1,1,0,2,1,4.7135E+20,5.55375E+21,8.59911E+15,5.01353E+16
39274,6.17122E+18,6,4,12,0,2017,12,20,4,3,9,6,0,1,0,0,1,2,1,4.70774E+20,5.55377E+21,8.59105E+15,5.01354E+16
39275,6.17122E+18,6,4,12,0,2017,12,12,4,3,2,6,0,1,0,0,0,0,1,4.74336E+20,5.56072E+21,8.64042E+15,5.01981E+16
39276,6.17121E+18,6,4,12,0,2017,12,13,2,3,3,6,0,1,0,0,0,0,1,4.76067E+20,5.55331E+21,8.66514E+15,5.01316E+16
39277,6.17122E+18,6,4,12,0,2017,12,8,4,3,2,6,0,1,0,0,0,0,1,4.81412E+20,5.5498E+21,8.74009E+15,5.01001E+16
39278,6.17122E+18,6,4,33,3,2017,12,17,4,3,2,6,0,1,0,0,0,2,1,4.65111E+20,5.52824E+21,8.51412E+15,4.99056E+16
39279,6.17121E+18,6,4,12,0,2017,12,10,3,2,5,2,0,1,0,1,0,0,1,4.73086E+20,5.55551E+21,8.62327E+15,5.01512E+16
39280,6.17122E+18,6,4,31,6,2017,12,16,4,3,2,6,0,1,0,0,1,2,1,4.67678E+20,5.50404E+21,8.55189E+15,4.9688E+16
39281,6.17121E+18,6,4,40,5,2017,12,9,4,3,2,6,0,0,0,0,1,0,1,4.78735E+20,5.58369E+21,8.70076E+15,5.04049E+16
39282,6.17122E+18,6,5,31,5,2017,12,7,4,3,2,6,0,1,0,0,1,1,1,4.78895E+20,5.60193E+21,8.70198E+15,5.05689E+16
39283,6.17121E+18,6,6,31,10,2017,12,17,4,3,4,1,0,1,0,0,0,2,2,5.66889E+20,5.5922E+21,9.94272E+15,5.0478E+16
39284,6.17122E+18,6,4,35,7,2017,12,6,3,2,5,3,1,1,0,0,0,2,1,4.97854E+20,5.55809E+21,8.96995E+15,5.0175E+16
39285,6.17121E+18,6,5,32,7,2017,12,17,6,3,4,1,0,1,0,0,0,2,2,4.4296E+20,5.61156E+21,8.19311E+15,5.06531E+16
39286,6.17121E+18,6,4,32,18,2017,12,15,6,3,5,2,0,1,0,0,0,0,0,4.72142E+20,5.51384E+21,8.61307E+15,4.97764E+16
39287,6.17121E+18,6,4,40,23,2017,12,5,6,3,2,6,0,1,0,0,0,2,1,4.77543E+20,5.57147E+21,8.68472E+15,5.02949E+16
39288,6.17121E+18,6,5,35,1,2017,12,9,6,2,8,1,0,1,0,0,0,0,2,5.14656E+20,5.62918E+21,9.20803E+15,5.08142E+16
39289,6.17122E+18,6,5,33,13,2017,12,17,3,2,6,1,0,1,1,0,0,2,1,4.37826E+20,5.58537E+21,8.12486E+15,5.04171E+16
39290,6.17122E+18,6,5,33,9,2017,12,9,3,3,0,7,0,1,0,0,0,0,0,4.32423E+20,5.58159E+21,8.0495E+15,5.03825E+16
39291,6.17121E+18,6,4,35,9,2017,12,11,5,3,2,6,0,1,0,0,0,0,0,5.08183E+20,5.55453E+21,9.11452E+15,5.0143E+16
39292,6.17122E+18,6,6,11,0,2017,12,18,3,3,1,2,0,1,0,0,0,2,1,5.37058E+20,5.68278E+21,9.53151E+15,5.12952E+16
39293,6.17121E+18,6,4,14,0,2017,12,16,5,3,5,3,0,1,0,0,1,0,1,4.43449E+20,5.5517E+21,8.20903E+15,5.01148E+16
39294,6.17121E+18,6,4,33,12,2017,12,8,6,3,8,1,0,1,0,0,0,0,1,4.58875E+20,5.53934E+21,8.4261E+15,5.0005E+16
39295,6.17122E+18,6,6,11,0,2017,12,17,3,2,6,2,0,1,1,0,0,2,1,5.32684E+20,5.6843E+21,9.46891E+15,5.13091E+16
39296,6.17121E+18,6,4,33,12,2017,12,7,6,3,5,3,1,1,0,0,0,0,0,4.5941E+20,5.53753E+21,8.43376E+15,4.99887E+16
39297,6.17121E+18,6,4,11,0,2017,12,12,2,3,5,3,0,1,0,0,1,0,1,4.7494E+20,5.52469E+21,8.65124E+15,4.98741E+16
39298,6.17121E+18,6,6,33,16,2017,12,17,2,2,8,1,0,1,0,0,0,2,1,5.20619E+20,5.70308E+21,9.2969E+15,5.14785E+16
39299,8.1701E+18,8,1,15,51,2017,1,17,2,3,9,1,0,1,0,0,0,2,2,5.03498E+20,5.38397E+21,9.04745E+15,4.86088E+16
39300,6.17121E+18,6,6,33,23,2017,12,20,2,2,4,1,0,1,0,0,0,2,1,5.27605E+20,5.68018E+21,9.39572E+15,5.12723E+16
39301,8.1701E+18,8,1,11,0,2017,1,21,2,3,2,6,0,1,0,0,0,2,1,5.06809E+20,5.39757E+21,9.0926E+15,4.87311E+16
39302,6.17121E+18,6,6,11,0,2017,12,19,2,3,5,3,0,1,0,0,0,2,1,5.33362E+20,5.6821E+21,9.47842E+15,5.12892E+16
39303,8.1701E+18,8,1,11,0,2017,1,17,2,2,6,7,0,1,1,0,0,2,2,5.18229E+20,5.40367E+21,9.24816E+15,4.87858E+16
39304,8.1701E+18,8,1,11,0,2017,1,13,2,3,2,6,0,1,0,0,0,0,1,5.09962E+20,5.40203E+21,9.13558E+15,4.87712E+16
39305,8.1701E+18,8,4,17,25,2017,1,4,1,3,8,1,0,1,0,0,0,2,0,4.84214E+20,5.35986E+21,8.78675E+15,4.83917E+16
39306,8.1701E+18,8,4,16,36,2017,1,16,1,3,4,6,0,1,0,0,0,0,0,4.95021E+20,5.36779E+21,8.93264E+15,4.84632E+16
39307,8.1701E+18,8,4,16,36,2017,1,2,1,2,8,1,0,1,0,0,0,2,1,4.86657E+20,5.37268E+21,8.81935E+15,4.85071E+16
39308,8.1701E+18,8,3,36,69,2017,1,1,1,3,4,6,0,1,0,0,0,2,1,4.06594E+20,5.26747E+21,7.75849E+15,4.75539E+16
39309,8.1701E+18,8,3,35,43,2017,1,1,1,3,9,1,1,0,0,0,0,2,0,5.1356E+20,5.27946E+21,9.18062E+15,4.76684E+16