OBJECTID,UIDENTSTLA,ULAND,UREGBEZ,UKREIS,UGEMEINDE,UJAHR,UMONAT,USTUNDE,UWOCHENTAG,UKATEGORIE,UART,UTYP1,IstRad,IstPKW,IstFuss,IstKrad,IstSonstig,LICHT,STRZUSTAND,LINREFX,LINREFY,XGCSWGS84,YGCSWGS84
39310,8.1701E+18,8,3,25,53,2017,1,10,1,3,6,2,0,1,1,0,0,0,0,4.54263E+20,5.34132E+21,8.3842E+15,4.82235E+16
39311,8.1701E+18,8,4,17,23,2017,1,6,1,2,8,1,0,1,0,0,0,2,0,4.92288E+20,5.3553E+21,8.89591E+15,4.83508E+16
39312,8.1701E+18,8,3,26,74,2017,1,0,1,2,6,7,0,1,1,0,0,2,1,4.65456E+20,5.32401E+21,8.53631E+15,4.80685E+16
39313,8.1701E+18,8,3,17,65,2017,1,6,1,3,2,6,0,1,0,0,1,2,1,4.10273E+20,5.35386E+21,7.78936E+15,4.83315E+16
39314,6.17121E+18,6,6,11,0,2017,12,7,2,3,2,6,0,1,0,0,1,0,1,5.28314E+20,5.68108E+21,9.40597E+15,5.12804E+16
39315,6.17121E+18,6,4,38,2,2017,12,20,2,2,5,3,0,1,0,0,0,2,1,4.81784E+20,5.54463E+21,8.74554E+15,5.00536E+16
39316,6.17121E+18,6,4,31,4,2017,12,20,2,3,8,1,0,1,0,0,0,2,1,4.79143E+20,5.48903E+21,8.71164E+15,4.95535E+16
39317,6.17121E+18,6,4,40,4,2017,12,7,2,2,2,6,0,1,0,0,0,1,1,5.04683E+20,5.57211E+21,9.06575E+15,5.03011E+16
39318,8.1701E+18,8,3,17,113,2017,1,9,1,3,9,1,0,1,0,0,0,0,1,4.08008E+20,5.34503E+21,7.76074E+15,4.82518E+16
39319,8.1701E+18,8,2,26,103,2017,1,16,1,3,2,6,0,1,0,0,0,2,0,4.7198E+20,5.45904E+21,8.61472E+15,4.92834E+16
39320,8.1701E+18,8,2,36,46,2017,1,12,1,3,2,6,0,1,0,0,0,0,0,4.83976E+20,5.41637E+21,8.78135E+15,4.89001E+16
39321,8.1701E+18,8,2,22,0,2017,1,8,1,3,3,6,0,1,0,0,1,0,0,4.63768E+20,5.48925E+21,8.49905E+15,4.95547E+16
39322,8.1701E+18,8,2,22,0,2017,1,12,1,1,9,1,0,1,0,0,0,0,1,4.68178E+20,5.48496E+21,8.56036E+15,4.95164E+16
39323,8.1701E+18,8,2,25,9,2017,1,19,1,3,9,1,0,1,0,0,0,2,2,5.19435E+20,5.46488E+21,9.26751E+15,4.93363E+16
39324,8.1701E+18,8,2,26,85,2017,1,19,1,2,9,1,0,1,0,0,0,2,1,4.85826E+20,5.45091E+21,8.8054E+15,4.92108E+16
39325,8.1701E+18,8,2,15,99,2017,1,4,1,3,0,1,0,1,0,0,0,2,1,4.61784E+20,5.44297E+21,8.47606E+15,4.91383E+16
39326,8.1701E+18,8,1,15,42,2017,1,9,1,3,2,7,0,1,0,0,1,0,1,4.91136E+20,5.40814E+21,8.87923E+15,4.88262E+16
39327,8.1701E+18,8,1,11,0,2017,1,15,1,3,2,6,0,1,0,0,1,0,0,5.08051E+20,5.39525E+21,9.10944E+15,4.87102E+16
39328,8.1701E+18,8,1,36,50,2017,1,19,1,1,8,1,0,1,0,0,0,2,2,5.80892E+20,5.40265E+21,1.01009E+16,4.87716E+16
39329,6.17121E+18,6,6,31,9,2017,12,18,6,3,5,3,0,1,0,0,0,2,1,5.47774E+20,5.60265E+21,9.67467E+15,5.05738E+16
39330,6.17121E+18,6,4,35,14,2017,12,10,6,3,2,6,0,1,0,0,0,0,0,4.93582E+20,5.55346E+21,8.9102E+15,5.01333E+16
39331,6.17121E+18,6,5,31,6,2017,12,15,6,3,2,7,0,1,0,0,0,0,0,4.96965E+20,5.60482E+21,8.95712E+15,5.05953E+16
39332,6.17122E+18,6,4,14,0,2017,12,12,3,2,2,6,0,1,0,0,0,0,1,4.48987E+20,5.54107E+21,8.2879E+15,5.00198E+16
39333,8.1701E+18,8,1,25,13,2017,1,0,1,3,6,2,0,1,1,0,0,2,0,5.06126E+20,5.43505E+21,9.08387E+15,4.90682E+16
39334,6.17121E+18,6,4,38,13,2017,12,11,6,3,3,6,0,1,0,0,1,0,0,4.94854E+20,5.54384E+21,8.92813E+15,5.00469E+16
39335,6.17122E+18,6,4,14,0,2017,12,19,3,3,6,5,0,1,1,0,0,2,0,4.45619E+20,5.54756E+21,8.23997E+15,5.00778E+16
39336,6.17121E+18,6,4,35,10,2017,12,12,6,3,3,6,0,1,0,0,1,0,0,5.15054E+20,5.56039E+21,9.21092E+15,5.01955E+16
39337,6.17122E+18,6,4,14,0,2017,12,8,3,3,5,2,1,1,0,0,0,0,1,4.46259E+20,5.5476E+21,8.2489E+15,5.00783E+16
39338,6.17122E+18,6,4,12,0,2017,12,18,3,3,2,6,0,1,0,0,0,2,1,4.70351E+20,5.55366E+21,8.58513E+15,5.01345E+16
39339,6.17122E+18,6,4,12,0,2017,12,8,3,3,5,2,0,0,0,0,1,0,0,4.73736E+20,5.54739E+21,8.63294E+15,5.00782E+16
39340,6.17121E+18,6,4,38,1,2017,12,17,2,3,2,6,0,1,0,0,0,2,1,4.86364E+20,5.53957E+21,8.8097E+15,5.00083E+16
39341,6.17122E+18,6,4,12,0,2017,12,18,3,3,6,4,0,1,1,0,0,2,1,4.77615E+20,5.54963E+21,8.68701E+15,5.00985E+16
39342,6.17122E+18,6,4,11,0,2017,12,16,3,3,3,1,0,1,0,0,0,1,1,4.80235E+20,5.52391E+21,8.72496E+15,4.98673E+16
39343,6.17121E+18,6,4,32,2,2017,12,7,2,3,2,6,0,1,0,0,0,2,1,4.96478E+20,5.53343E+21,8.95091E+15,4.99532E+16
39344,6.17122E+18,6,6,11,0,2017,12,15,3,3,2,6,0,1,0,0,0,0,1,5.32938E+20,5.68229E+21,9.47237E+15,5.1291E+16
39345,6.17121E+18,6,4,11,0,2017,12,9,3,2,2,6,1,0,0,1,0,0,0,4.76821E+20,5.52713E+21,8.67726E+15,4.98962E+16
39346,6.17121E+18,6,4,14,0,2017,12,7,3,3,5,2,0,1,0,0,0,1,1,4.43412E+20,5.54369E+21,8.2097E+15,5.00428E+16
39347,6.17122E+18,6,6,35,11,2017,12,15,3,3,9,1,0,1,0,0,0,0,1,4.85214E+20,5.66035E+21,8.78885E+15,5.10945E+16
39348,6.17121E+18,6,4,38,5,2017,12,18,6,3,3,6,0,1,0,0,1,2,1,4.87355E+20,5.54616E+21,8.82331E+15,5.00676E+16
39349,6.17121E+18,6,6,11,0,2017,12,15,6,3,3,6,0,1,0,0,1,0,1,5.34272E+20,5.6818E+21,9.49144E+15,5.12865E+16
39350,6.17121E+18,6,6,34,1,2017,12,13,6,3,3,6,0,1,0,0,1,0,2,5.18048E+20,5.65928E+21,9.25767E+15,5.10847E+16
39351,6.17121E+18,6,6,34,11,2017,12,16,6,3,9,1,0,1,0,0,0,1,1,5.34294E+20,5.65248E+21,9.48897E+15,5.10229E+16
39352,6.17122E+18,6,4,39,15,2017,12,13,3,2,5,3,0,1,0,1,0,0,1,4.443E+20,5.55832E+21,8.21996E+15,5.01744E+16
39353,6.17121E+18,6,6,32,4,2017,12,17,6,3,1,7,0,1,0,0,1,2,1,5.35147E+20,5.62783E+21,9.49875E+15,5.08011E+16
39354,6.17122E+18,6,4,34,6,2017,12,9,3,3,8,1,0,1,0,0,0,0,1,4.66178E+20,5.56058E+21,8.52614E+15,5.01965E+16
39355,6.17121E+18,6,6,33,29,2017,12,20,5,3,2,6,0,1,0,0,1,2,1,5.19952E+20,5.68528E+21,9.2863E+15,5.13184E+16
39356,6.17122E+18,6,4,36,10,2017,12,9,3,2,4,6,0,1,0,0,0,0,1,4.63341E+20,5.55201E+21,8.48721E+15,5.01192E+16
39357,6.17121E+18,6,4,12,0,2017,12,7,6,3,2,6,0,1,0,0,1,0,1,4.7141E+20,5.55553E+21,8.59981E+15,5.01513E+16
39358,6.17122E+18,6,4,31,4,2017,12,16,3,3,2,6,0,1,0,0,0,1,1,4.78284E+20,5.48996E+21,8.69971E+15,4.95618E+16
39359,6.17121E+18,6,5,34,11,2017,12,7,5,2,5,3,0,1,0,1,0,1,1,4.90885E+20,5.63239E+21,8.87053E+15,5.08432E+16
39360,6.17122E+18,6,4,40,14,2017,12,15,3,3,2,6,0,1,0,0,0,0,1,4.99617E+20,5.56736E+21,8.99463E+15,5.02584E+16
39361,6.17122E+18,6,4,40,14,2017,12,14,3,3,2,6,0,1,0,1,0,0,1,4.99008E+20,5.5674E+21,8.98609E+15,5.02587E+16
39362,6.17121E+18,6,6,34,5,2017,12,15,5,3,2,6,0,1,0,0,0,0,0,5.1991E+20,5.66545E+21,9.2846E+15,5.11401E+16
39363,6.17122E+18,6,4,37,9,2017,12,6,3,3,1,1,0,1,0,0,0,2,1,4.99608E+20,5.51637E+21,8.99456E+15,4.97998E+16
39364,6.17122E+18,6,4,12,0,2017,12,19,6,3,2,6,0,1,0,0,0,2,1,4.66817E+20,5.55168E+21,8.53586E+15,5.01164E+16
39365,6.17122E+18,6,4,32,16,2017,12,17,3,3,3,6,0,1,0,0,1,2,1,4.81282E+20,5.51882E+21,8.73979E+15,4.98215E+16
39366,8.1701E+18,8,1,21,0,2017,1,0,1,3,3,6,0,1,0,0,0,2,1,5.15254E+20,5.44286E+21,9.20914E+15,4.91383E+16
39367,6.17121E+18,6,4,40,8,2017,12,16,2,2,5,3,0,1,0,0,0,2,1,4.83863E+20,5.57734E+21,8.77319E+15,5.0348E+16
39368,8.1701E+18,8,1,16,15,2017,1,9,1,2,5,3,0,1,0,0,0,0,1,5.22506E+20,5.39478E+21,9.3059E+15,4.87056E+16
39369,6.17121E+18,6,4,31,13,2017,12,7,2,3,6,4,0,1,1,0,0,1,1,4.61117E+20,5.49446E+21,8.46189E+15,4.96015E+16
39370,8.1701E+18,8,1,11,0,2017,1,16,1,3,6,4,0,0,1,0,1,0,0,5.07708E+20,5.40601E+21,9.10498E+15,4.8807E+16
39371,8.16011E+18,8,4,36,87,2017,1,7,7,3,4,1,0,1,0,0,0,0,2,5.48689E+20,5.30614E+21,9.65153E+15,4.79068E+16
39372,6.17123E+18,6,6,32,8,2017,12,14,1,3,4,1,0,1,0,0,0,0,1,5.49769E+20,5.62426E+21,9.70575E+15,5.07679E+16
39373,6.17121E+18,6,4,32,10,2017,12,17,4,3,2,6,0,1,0,0,0,2,1,4.90073E+20,5.52668E+21,8.86179E+15,4.98925E+16
39374,6.17122E+18,6,4,32,20,2017,12,6,3,3,5,3,1,1,0,0,0,2,0,4.82375E+20,5.523E+21,8.75479E+15,4.98592E+16
39375,6.17121E+18,6,4,14,0,2017,12,20,6,3,2,6,0,1,0,0,1,2,0,4.53808E+20,5.54922E+21,8.35422E+15,5.00934E+16
39376,6.17121E+18,6,4,39,8,2017,12,19,6,3,2,6,0,1,0,0,0,2,1,4.46405E+20,5.56761E+21,8.24813E+15,5.02582E+16
39377,6.17121E+18,6,4,14,0,2017,12,14,6,3,2,6,0,1,0,0,0,0,0,4.5333E+20,5.55059E+21,8.34736E+15,5.01058E+16
39378,6.17122E+18,6,4,40,24,2017,12,12,3,3,2,6,0,1,0,0,0,0,0,4.87066E+20,5.58325E+21,8.818E+15,5.04011E+16
39379,6.17122E+18,6,4,40,24,2017,12,10,3,3,2,6,0,1,0,0,0,0,1,4.89481E+20,5.58526E+21,8.85193E+15,5.04193E+16
39380,6.17121E+18,6,6,11,0,2017,12,18,5,3,1,5,0,1,0,0,0,1,1,5.302E+20,5.687E+21,9.4335E+15,5.13335E+16
39381,6.17122E+18,6,4,12,0,2017,12,16,6,3,2,6,0,1,0,0,0,2,1,4.71294E+20,5.55515E+21,8.59822E+15,5.01479E+16
39382,6.17121E+18,6,4,35,14,2017,12,12,5,3,3,6,0,1,0,1,0,0,0,4.94799E+20,5.55433E+21,8.92722E+15,5.01412E+16
39383,6.17122E+18,6,5,34,4,2017,12,7,3,3,2,6,0,1,0,0,0,2,1,4.63997E+20,5.6416E+21,8.48774E+15,5.09249E+16
39384,6.17121E+18,6,5,31,18,2017,12,14,5,3,3,6,0,1,0,0,1,0,0,4.75029E+20,5.60601E+21,8.64711E+15,5.06054E+16
39385,6.17123E+18,6,4,12,0,2017,12,23,1,3,3,6,0,1,0,0,1,2,0,4.82852E+20,5.55311E+21,8.76008E+15,5.01299E+16
39386,6.17121E+18,6,4,31,2,2017,12,12,2,3,4,1,0,1,0,0,0,0,1,4.74038E+20,5.50377E+21,8.64008E+15,4.96859E+16
39387,6.17121E+18,6,5,34,12,2017,12,11,2,2,9,1,0,0,0,0,1,0,1,4.79302E+20,5.63508E+21,8.70587E+15,5.0867E+16
39388,6.17121E+18,6,6,31,15,2017,12,17,2,3,5,3,0,1,0,0,0,2,1,5.52456E+20,5.61193E+21,9.74211E+15,5.06568E+16
39389,6.17123E+18,6,4,12,0,2017,12,10,1,3,5,3,0,1,0,0,0,0,0,4.80813E+20,5.5519E+21,8.73161E+15,5.0119E+16
39390,6.17121E+18,6,5,32,23,2017,12,15,2,3,2,6,0,1,0,0,0,0,1,4.64624E+20,5.6013E+21,8.50053E+15,5.05626E+16
39391,6.17123E+18,6,6,35,9,2017,12,17,1,3,5,2,0,1,0,0,0,1,0,5.05903E+20,5.67013E+21,9.08446E+15,5.11825E+16
39392,6.17123E+18,6,4,38,8,2017,12,15,1,3,2,6,0,1,0,0,0,0,1,4.87965E+20,5.55199E+21,8.83165E+15,5.012E+16
39393,6.17123E+18,6,4,32,5,2017,12,5,1,2,9,6,0,1,0,0,1,2,1,4.86746E+20,5.53288E+21,8.81527E+15,4.99481E+16
39394,6.17123E+18,6,4,35,14,2017,12,15,1,3,2,6,0,1,0,0,0,0,1,4.96811E+20,5.55226E+21,8.95539E+15,5.01226E+16
39395,6.17123E+18,6,6,32,15,2017,12,10,1,3,9,1,0,1,0,0,0,0,1,5.41178E+20,5.62516E+21,9.58404E+15,5.07767E+16
39396,6.17123E+18,6,4,36,4,2017,12,13,1,3,3,6,0,1,0,0,0,0,0,4.59724E+20,5.54494E+21,8.43737E+15,5.00554E+16
39397,6.17123E+18,6,5,31,17,2017,12,5,7,3,9,1,0,1,0,0,0,2,0,4.80287E+20,5.6133E+21,8.72104E+15,5.06712E+16
39398,6.17123E+18,6,5,33,9,2017,12,4,7,3,9,1,0,1,0,0,0,2,1,4.34001E+20,5.58127E+21,8.07175E+15,5.03798E+16
39399,6.17123E+18,6,4,13,0,2017,12,18,7,3,6,4,0,1,1,0,0,2,1,4.84486E+20,5.54937E+21,8.7831E+15,5.00964E+16
39400,6.17123E+18,6,4,12,0,2017,12,18,7,3,2,6,0,1,0,0,0,1,1,4.78476E+20,5.55003E+21,8.69903E+15,5.01021E+16
39401,6.17121E+18,6,6,35,15,2017,12,17,5,1,6,4,0,1,1,0,0,2,1,4.90057E+20,5.68073E+21,8.85744E+15,5.12778E+16
39402,6.17122E+18,6,4,33,12,2017,12,16,3,3,6,2,0,1,1,0,0,0,1,4.58918E+20,5.53754E+21,8.42689E+15,4.99888E+16
39403,6.17123E+18,6,4,12,0,2017,12,2,7,3,8,7,0,1,0,0,0,2,1,4.77931E+20,5.54981E+21,8.69143E+15,5.01001E+16
39404,6.17121E+18,6,6,35,15,2017,12,6,5,2,4,6,0,1,0,0,1,2,0,4.92729E+20,5.68355E+21,8.8957E+15,5.13032E+16
39405,6.17122E+18,6,6,31,9,2017,12,15,3,3,2,6,0,1,0,0,0,0,1,5.47927E+20,5.59867E+21,9.67632E+15,5.0538E+16
39406,6.17123E+18,6,4,12,0,2017,12,5,7,3,2,6,0,1,0,0,1,2,0,4.73524E+20,5.55E+21,8.62978E+15,5.01017E+16
39407,6.17121E+18,6,6,11,0,2017,12,19,5,3,2,6,0,1,0,0,0,2,1,5.35161E+20,5.68502E+21,9.50451E+15,5.13154E+16
39408,6.17122E+18,6,6,31,9,2017,12,16,3,3,2,6,0,1,0,0,0,2,1,5.48394E+20,5.59801E+21,9.68283E+15,5.0532E+16
39409,6.17122E+18,6,4,35,14,2017,12,10,3,3,5,3,0,1,0,0,0,0,0,4.93838E+20,5.55302E+21,8.91379E+15,5.01293E+16
39410,6.17122E+18,6,5,32,23,2017,12,15,3,3,5,3,0,1,0,0,1,0,1,4.64717E+20,5.59992E+21,8.50197E+15,5.05501E+16
39411,6.17123E+18,6,4,37,6,2017,12,10,7,3,5,3,0,1,0,0,0,0,1,4.99373E+20,5.50029E+21,8.99131E+15,4.96551E+16
39412,6.17122E+18,6,4,31,11,2017,12,1,3,3,2,6,0,1,0,0,1,2,0,4.71838E+20,5.4997E+21,8.60988E+15,4.96492E+16
39413,6.17122E+18,6,6,32,2,2017,12,15,2,3,2,6,0,1,0,0,0,0,1,5.50876E+20,5.63645E+21,9.72315E+15,5.08774E+16
39414,6.17122E+18,6,6,32,2,2017,12,14,2,2,9,7,0,1,0,0,0,0,1,5.50904E+20,5.6366E+21,9.72357E+15,5.08789E+16
39415,6.17121E+18,6,5,32,23,2017,12,10,2,3,2,2,0,1,0,0,0,0,1,4.66207E+20,5.60333E+21,8.5227E+15,5.05809E+16
39416,6.17122E+18,6,6,32,9,2017,12,13,2,3,8,1,0,1,0,0,0,0,1,5.6324E+20,5.63783E+21,9.89911E+15,5.08886E+16
39417,6.17122E+18,6,5,35,12,2017,12,5,2,3,8,1,0,1,0,0,0,2,2,5.20726E+20,5.60259E+21,9.2927E+15,5.05749E+16
39418,6.17121E+18,6,4,13,0,2017,12,14,5,3,6,4,0,1,1,0,0,0,0,4.81957E+20,5.54836E+21,8.74779E+15,5.00873E+16
39419,6.17121E+18,6,4,13,0,2017,12,15,5,3,2,6,0,1,0,0,1,0,0,4.82706E+20,5.55115E+21,8.75813E+15,5.01123E+16
39420,6.17121E+18,6,4,13,0,2017,12,8,5,3,6,2,0,1,1,0,0,1,0,4.84585E+20,5.55005E+21,8.78444E+15,5.01025E+16
39421,6.17121E+18,6,4,12,0,2017,12,22,5,3,5,7,1,1,0,0,0,2,1,4.83514E+20,5.55358E+21,8.76932E+15,5.01342E+16
39422,6.17122E+18,6,5,35,11,2017,12,5,2,3,8,1,0,1,0,0,0,2,2,5.29811E+20,5.61396E+21,9.42192E+15,5.06767E+16
39423,6.17121E+18,6,4,12,0,2017,12,13,5,3,3,7,0,1,0,0,1,0,0,4.78478E+20,5.55434E+21,8.69881E+15,5.01409E+16
39424,6.17122E+18,6,6,11,0,2017,12,16,2,3,5,2,0,1,0,0,0,1,0,5.37022E+20,5.68348E+21,9.53105E+15,5.13015E+16
39425,6.17121E+18,6,4,12,0,2017,12,16,4,3,6,2,0,1,1,0,0,1,0,4.74597E+20,5.55015E+21,8.64478E+15,5.01031E+16
39426,6.17122E+18,6,6,11,0,2017,12,7,2,2,6,4,0,1,1,0,0,2,1,5.32956E+20,5.68528E+21,9.4729E+15,5.13178E+16
39427,6.17121E+18,6,4,11,0,2017,12,17,5,3,5,3,1,1,0,0,0,2,0,4.75535E+20,5.52458E+21,8.65953E+15,4.98731E+16
39428,6.17122E+18,6,6,11,0,2017,12,7,2,3,2,6,0,1,0,0,0,1,1,5.33417E+20,5.68522E+21,9.47951E+15,5.13173E+16
39429,6.17121E+18,6,5,31,5,2017,12,12,4,2,0,7,0,1,0,0,1,0,1,4.75516E+20,5.60595E+21,8.65401E+15,5.06049E+16
39430,6.17122E+18,6,4,14,0,2017,12,15,2,3,6,4,0,0,1,0,1,0,2,4.52013E+20,5.54795E+21,8.32928E+15,5.00819E+16
39431,6.17122E+18,6,4,12,0,2017,12,18,2,3,1,6,1,1,0,0,0,2,0,4.76228E+20,5.54983E+21,8.66761E+15,5.01002E+16
39432,6.17121E+18,6,5,32,1,2017,12,1,5,3,9,1,0,1,0,0,0,2,1,4.6053E+20,5.6047E+21,8.44237E+15,5.05929E+16
39433,6.17121E+18,6,6,34,3,2017,12,18,5,3,5,3,0,1,0,0,0,2,1,5.27067E+20,5.6671E+21,9.38703E+15,5.11547E+16
39434,6.17122E+18,6,4,12,0,2017,12,17,2,3,1,5,0,1,0,0,1,2,1,4.74655E+20,5.54949E+21,8.64563E+15,5.00971E+16
39435,6.17122E+18,6,4,11,0,2017,12,10,2,3,2,6,0,1,0,0,0,0,1,4.74126E+20,5.52567E+21,8.63984E+15,4.98829E+16
39436,6.17121E+18,6,6,34,7,2017,12,15,5,3,6,4,0,1,1,0,0,0,0,5.25438E+20,5.66924E+21,9.36388E+15,5.1174E+16
39437,6.17122E+18,6,6,36,4,2017,12,8,2,3,4,6,0,1,0,0,1,1,1,5.54875E+20,5.67593E+21,9.78596E+15,5.12321E+16
39438,6.17122E+18,6,6,34,3,2017,12,18,2,2,0,1,1,0,0,0,0,2,1,5.30698E+20,5.66422E+21,9.4387E+15,5.11287E+16
39439,6.17122E+18,6,6,11,0,2017,12,15,2,2,6,4,0,0,1,0,1,0,1,5.29886E+20,5.68431E+21,9.42877E+15,5.13093E+16
39440,6.17121E+18,6,5,31,12,2017,12,21,2,3,5,3,1,1,0,0,0,2,0,4.7647E+20,5.59727E+21,8.66804E+15,5.05269E+16
39441,6.17122E+18,6,6,11,0,2017,12,7,2,3,6,4,0,1,1,0,0,0,0,5.32485E+20,5.68168E+21,9.46582E+15,5.12855E+16
39442,6.17122E+18,6,6,35,9,2017,12,7,2,3,4,6,0,1,0,0,0,1,1,5.1424E+20,5.66501E+21,9.20353E+15,5.11364E+16
39443,6.17121E+18,6,4,35,8,2017,12,17,3,3,8,1,0,1,0,0,0,2,1,5.2852E+20,5.55629E+21,9.39927E+15,5.01582E+16
39444,6.17122E+18,6,6,35,6,2017,12,5,2,3,4,6,0,1,0,0,1,2,2,4.8437E+20,5.65053E+21,8.77723E+15,5.10061E+16
39445,6.17122E+18,6,4,35,28,2017,12,17,2,2,5,2,0,1,0,0,1,2,1,5.30946E+20,5.57395E+21,9.43467E+15,5.03168E+16
39446,6.17121E+18,6,4,12,0,2017,12,8,3,3,3,7,1,1,0,0,0,0,1,4.76115E+20,5.55927E+21,8.66544E+15,5.01851E+16
39447,6.17122E+18,6,4,35,19,2017,12,17,2,3,8,1,0,1,0,0,0,2,1,4.89954E+20,5.55351E+21,8.85943E+15,5.01337E+16
39448,6.17121E+18,6,4,32,18,2017,12,10,4,3,2,6,0,1,0,0,0,0,0,4.68006E+20,5.51439E+21,8.55558E+15,4.97811E+16
39449,6.17122E+18,6,4,34,11,2017,12,17,2,2,5,3,1,1,0,0,0,2,1,4.65546E+20,5.57612E+21,8.51586E+15,5.03362E+16
39450,6.17121E+18,6,4,38,2,2017,12,22,5,3,8,1,0,1,0,0,0,2,1,4.79917E+20,5.54187E+21,8.71961E+15,5.00288E+16
39451,6.17121E+18,6,4,34,11,2017,12,12,5,3,2,6,0,1,0,0,0,0,0,4.68858E+20,5.57667E+21,8.56235E+15,5.03413E+16
39452,6.17121E+18,6,5,33,18,2017,12,15,5,3,4,7,0,1,0,0,0,0,0,4.55476E+20,5.59051E+21,8.37267E+15,5.04649E+16
39453,6.17122E+18,6,4,34,7,2017,12,17,2,3,5,3,0,1,0,0,0,2,1,4.67711E+20,5.57035E+21,8.54678E+15,5.02844E+16
39454,6.17121E+18,6,4,35,12,2017,12,9,5,3,5,2,0,1,0,0,0,0,0,5.07664E+20,5.56021E+21,9.10738E+15,5.01941E+16
39455,6.17122E+18,6,4,35,9,2017,12,16,2,3,0,7,0,0,0,0,1,1,1,5.10108E+20,5.55475E+21,9.14146E+15,5.01449E+16
39456,6.17121E+18,6,5,34,20,2017,12,0,5,3,8,1,0,1,0,0,0,2,1,4.82892E+20,5.62465E+21,8.75737E+15,5.07734E+16
39457,6.17122E+18,6,4,35,12,2017,12,14,2,3,2,6,0,1,0,0,0,0,1,5.09264E+20,5.56144E+21,9.12981E+15,5.0205E+16
39458,6.17121E+18,6,4,34,6,2017,12,14,5,3,5,3,1,1,0,0,0,0,0,4.65576E+20,5.55733E+21,8.518E+15,5.01672E+16
39459,6.17122E+18,6,4,35,9,2017,12,22,2,3,0,7,0,1,0,0,0,2,1,5.09018E+20,5.55499E+21,9.12622E+15,5.01471E+16
39460,6.17122E+18,6,4,33,5,2017,12,12,6,3,3,6,0,1,0,0,1,0,1,4.51609E+20,5.53623E+21,8.3251E+15,4.99765E+16
39461,6.17121E+18,6,4,35,10,2017,12,7,5,3,5,3,0,1,0,0,0,1,0,5.13562E+20,5.56091E+21,9.19003E+15,5.02002E+16
39462,6.17122E+18,6,5,32,11,2017,12,6,2,3,4,1,0,1,0,0,0,2,2,4.41552E+20,5.61748E+21,8.17226E+15,5.07062E+16
39463,6.17121E+18,6,5,32,12,2017,12,10,5,3,2,6,0,1,0,0,0,0,0,4.50579E+20,5.61421E+21,8.30052E+15,5.06776E+16
39464,6.17121E+18,6,4,38,6,2017,12,16,2,3,9,1,0,1,0,0,0,1,1,4.77688E+20,5.5381E+21,8.68871E+15,4.99948E+16
39465,6.17121E+18,6,6,33,3,2017,12,17,2,3,3,6,0,1,0,0,1,2,1,5.29257E+20,5.67997E+21,9.41939E+15,5.12703E+16
39466,6.17123E+18,6,6,34,14,2017,12,16,7,3,0,3,0,1,0,1,0,0,1,5.40056E+20,5.66423E+21,9.57242E+15,5.11282E+16
39467,6.17121E+18,6,4,12,0,2017,12,8,2,3,2,6,0,1,0,0,0,0,1,4.74885E+20,5.56125E+21,8.64808E+15,5.02029E+16
39468,6.17123E+18,6,6,32,5,2017,12,1,7,3,8,1,0,0,0,0,1,2,2,5.60461E+20,5.65462E+21,9.86239E+15,5.104E+16
39469,6.17123E+18,6,4,35,28,2017,12,10,7,3,5,2,0,1,0,0,0,0,2,5.30956E+20,5.57393E+21,9.43481E+15,5.03167E+16
39470,6.17123E+18,6,4,38,8,2017,12,16,7,3,5,2,0,1,0,0,0,1,1,4.89809E+20,5.54928E+21,8.85751E+15,5.00957E+16
39471,6.17123E+18,6,5,32,9,2017,12,10,7,2,4,1,0,1,0,0,0,0,2,4.56476E+20,5.62661E+21,8.38251E+15,5.07896E+16
39472,6.17123E+18,6,4,32,16,2017,12,15,7,3,9,1,0,1,0,0,0,0,1,4.81678E+20,5.51397E+21,8.74551E+15,4.97779E+16
39473,6.17123E+18,6,4,31,2,2017,12,18,7,2,5,2,0,1,0,0,0,2,0,4.71444E+20,5.50754E+21,8.60384E+15,4.97197E+16
39474,6.17123E+18,6,5,31,6,2017,12,1,7,2,9,1,0,1,0,0,0,2,2,4.9626E+20,5.607E+21,8.94713E+15,5.06148E+16
39475,6.17123E+18,6,4,35,14,2017,12,10,7,2,6,4,0,1,1,0,0,0,1,4.93668E+20,5.55152E+21,8.91144E+15,5.01159E+16
39476,6.17123E+18,6,4,14,0,2017,12,5,7,2,9,1,0,0,0,0,1,2,1,4.41371E+20,5.54447E+21,8.18108E+15,5.00497E+16
39477,6.17123E+18,6,4,31,6,2017,12,15,7,3,2,6,0,1,0,0,0,0,1,4.67272E+20,5.5065E+21,8.54605E+15,4.97101E+16
39478,6.17123E+18,6,5,32,8,2017,12,22,7,3,3,6,0,1,0,0,0,2,1,4.55057E+20,5.6079E+21,8.36466E+15,5.06212E+16
39479,6.17123E+18,6,4,35,6,2017,12,18,6,3,2,6,0,1,0,0,0,2,2,4.93736E+20,5.56007E+21,8.91225E+15,5.01928E+16
39480,6.17122E+18,6,5,32,11,2017,12,5,2,3,5,3,0,0,0,0,1,2,2,4.40754E+20,5.62354E+21,8.15998E+15,5.07606E+16
39481,6.17123E+18,6,5,31,18,2017,12,18,6,3,9,1,0,1,0,0,0,2,2,4.77465E+20,5.60853E+21,8.68139E+15,5.06282E+16
39482,6.17121E+18,6,5,32,12,2017,12,22,5,2,4,6,0,1,0,0,0,2,1,4.51866E+20,5.6126E+21,8.31895E+15,5.06633E+16