OBJECTID,UIDENTSTLA,ULAND,UREGBEZ,UKREIS,UGEMEINDE,UJAHR,UMONAT,USTUNDE,UWOCHENTAG,UKATEGORIE,UART,UTYP1,IstRad,IstPKW,IstFuss,IstKrad,IstSonstig,LICHT,STRZUSTAND,LINREFX,LINREFY,XGCSWGS84,YGCSWGS84
39483,6.17122E+18,6,4,32,16,2017,12,13,2,3,4,6,0,1,0,0,0,0,1,4.83425E+20,5.52143E+21,8.76946E+15,4.98451E+16
39484,6.17123E+18,6,6,35,7,2017,12,14,6,3,4,1,0,1,0,0,0,0,0,4.89361E+20,5.69145E+21,8.84715E+15,5.13742E+16
39485,6.17121E+18,6,5,32,5,2017,12,15,5,1,4,6,0,1,0,0,0,0,0,4.53185E+20,5.63158E+21,8.3352E+15,5.0834E+16
39486,6.17122E+18,6,4,40,7,2017,12,7,2,3,6,4,0,0,1,0,1,2,2,4.90191E+20,5.5741E+21,8.86222E+15,5.03189E+16
39487,6.17123E+18,6,6,32,2,2017,12,15,6,3,5,3,1,1,0,0,0,0,0,5.49957E+20,5.63565E+21,9.70998E+15,5.08704E+16
39488,6.17122E+18,6,4,31,13,2017,12,8,2,3,5,3,0,1,0,0,1,0,2,4.63166E+20,5.49423E+21,8.49026E+15,4.95995E+16
39489,6.17122E+18,6,4,33,6,2017,12,18,2,1,6,6,0,1,1,0,0,2,1,4.64449E+20,5.53263E+21,8.50451E+15,4.9945E+16
39490,6.17123E+18,6,5,33,4,2017,12,18,6,3,4,1,0,1,0,0,0,2,2,4.30906E+20,5.59362E+21,8.02594E+15,5.04904E+16
39491,6.17123E+18,6,5,33,4,2017,12,10,6,3,5,2,0,1,0,0,1,0,0,4.30646E+20,5.59484E+21,8.02206E+15,5.05014E+16
39492,6.17122E+18,6,4,33,3,2017,12,18,2,3,5,2,0,1,0,0,0,2,0,4.66182E+20,5.52991E+21,8.52889E+15,4.99206E+16
39493,6.17122E+18,6,4,33,11,2017,12,15,2,3,6,4,0,1,1,0,0,0,1,4.63767E+20,5.5205E+21,8.49614E+15,4.98358E+16
39494,6.17123E+18,6,6,11,0,2017,12,14,6,3,2,1,0,1,0,0,0,0,0,5.35581E+20,5.68468E+21,9.51051E+15,5.13123E+16
39495,6.17122E+18,6,6,31,6,2017,12,5,2,2,9,1,0,1,0,0,0,2,2,5.4948E+20,5.58679E+21,9.69666E+15,5.04311E+16
39496,6.17123E+18,6,6,11,0,2017,12,22,6,3,6,4,0,0,1,0,1,2,1,5.36152E+20,5.6843E+21,9.51866E+15,5.13089E+16
39497,6.17122E+18,6,5,31,12,2017,12,8,2,3,5,3,0,1,0,0,0,0,2,4.75454E+20,5.59739E+21,8.65369E+15,5.05279E+16
39498,6.17121E+18,6,4,12,0,2017,12,0,2,3,2,6,0,1,0,0,0,2,1,4.64716E+20,5.54728E+21,8.50687E+15,5.00767E+16
39499,6.17122E+18,6,6,11,0,2017,12,21,2,2,3,6,0,1,0,0,1,2,1,5.34328E+20,5.68182E+21,9.49225E+15,5.12867E+16
39500,6.17121E+18,6,4,32,10,2017,12,15,5,3,5,3,1,0,0,0,1,0,0,4.94647E+20,5.52371E+21,8.92551E+15,4.98658E+16
39501,6.17123E+18,6,4,14,0,2017,12,19,6,3,8,6,0,1,0,0,1,2,2,4.53323E+20,5.54861E+21,8.3475E+15,5.00879E+16
39502,6.17123E+18,6,4,14,0,2017,12,17,6,3,5,2,0,1,0,0,0,2,2,4.48342E+20,5.54856E+21,8.27789E+15,5.0087E+16
39503,6.17121E+18,6,5,34,10,2017,12,19,5,3,6,4,0,1,1,0,0,2,1,4.70448E+20,5.62401E+21,8.58095E+15,5.07671E+16
39504,6.17121E+18,6,4,33,8,2017,12,18,5,3,2,6,0,1,0,0,0,2,0,4.71407E+20,5.53685E+21,8.60117E+15,4.99833E+16
39505,6.17122E+18,6,4,12,0,2017,12,17,2,3,2,6,0,1,0,0,0,2,1,4.75294E+20,5.55896E+21,8.65396E+15,5.01823E+16
39506,6.17123E+18,6,4,13,0,2017,12,20,6,3,5,2,0,1,0,0,0,2,1,4.82495E+20,5.54864E+21,8.75529E+15,5.00898E+16
39507,6.17121E+18,6,5,34,14,2017,12,18,5,3,0,7,1,0,0,0,0,2,1,4.83032E+20,5.62819E+21,8.75919E+15,5.08052E+16
39508,6.17122E+18,6,4,13,0,2017,12,8,2,3,2,6,0,1,0,0,0,0,1,4.81323E+20,5.55037E+21,8.73882E+15,5.01053E+16
39509,6.17123E+18,6,4,12,0,2017,12,18,6,3,1,6,0,1,0,0,0,2,1,4.79326E+20,5.55037E+21,8.7109E+15,5.01052E+16
39510,6.17121E+18,6,6,31,21,2017,12,18,5,2,2,7,0,1,0,0,0,2,1,5.63685E+20,5.59296E+21,9.89769E+15,5.04851E+16
39511,6.17122E+18,6,4,36,6,2017,12,8,2,3,2,6,0,1,0,0,1,0,2,4.57535E+20,5.54373E+21,8.40693E+15,5.00443E+16
39512,6.17122E+18,6,4,40,8,2017,12,21,2,2,2,6,0,0,0,0,1,2,1,4.78328E+20,5.57562E+21,8.6955E+15,5.03323E+16
39513,6.17122E+18,6,6,32,10,2017,12,18,1,3,8,3,0,0,0,0,1,2,2,5.64015E+20,5.63046E+21,9.90883E+15,5.08223E+16
39514,6.17123E+18,6,4,12,0,2017,12,8,6,3,5,3,1,0,0,0,1,0,0,4.82334E+20,5.55206E+21,8.75288E+15,5.01205E+16
39515,6.17122E+18,6,4,12,0,2017,12,5,1,2,5,3,0,1,0,0,1,2,1,4.75732E+20,5.55086E+21,8.66061E+15,5.01095E+16
39516,6.17122E+18,6,4,39,3,2017,12,4,1,2,9,7,0,1,0,0,0,2,1,4.36084E+20,5.5416E+21,8.10772E+15,5.00233E+16
39517,6.17121E+18,6,4,12,0,2017,12,7,2,3,3,6,0,1,0,0,1,2,1,4.71558E+20,5.55087E+21,8.60224E+15,5.01094E+16
39518,6.17122E+18,6,4,38,11,2017,12,15,1,3,4,6,0,1,0,0,0,0,1,4.94664E+20,5.54072E+21,8.92551E+15,5.00188E+16
39519,6.17122E+18,6,4,34,12,2017,12,22,1,2,2,7,0,1,0,0,0,2,1,4.6934E+20,5.57E+21,8.56967E+15,5.02814E+16
39520,6.17121E+18,6,4,12,0,2017,12,5,2,3,3,6,0,1,0,0,1,2,1,4.72016E+20,5.54564E+21,8.60903E+15,5.00624E+16
39521,6.17122E+18,6,4,31,17,2017,12,13,1,3,8,1,0,1,0,0,0,0,1,4.83256E+20,5.49257E+21,8.76835E+15,4.95855E+16
39522,6.17121E+18,6,4,12,0,2017,12,7,3,2,6,4,0,1,1,0,0,2,1,4.78609E+20,5.55122E+21,8.70082E+15,5.01129E+16
39523,6.17121E+18,6,5,31,6,2017,12,5,5,2,5,3,0,1,0,0,0,2,0,4.92339E+20,5.60394E+21,8.89179E+15,5.05873E+16
39524,6.17121E+18,6,5,31,6,2017,12,8,5,2,6,2,0,1,1,0,0,0,0,4.97094E+20,5.60454E+21,8.95894E+15,5.05928E+16
39525,6.17121E+18,6,5,31,15,2017,12,16,5,3,5,3,0,1,0,0,1,2,0,4.89661E+20,5.61187E+21,8.85372E+15,5.06586E+16
39526,6.17122E+18,6,4,35,9,2017,12,14,1,3,2,3,0,1,0,0,0,0,1,5.10141E+20,5.55465E+21,9.14192E+15,5.0144E+16
39527,6.17121E+18,6,5,31,12,2017,12,8,5,3,2,6,0,1,0,0,0,1,0,4.76922E+20,5.59721E+21,8.67441E+15,5.05264E+16
39528,6.17122E+18,6,5,35,10,2017,12,11,1,2,8,1,0,1,0,0,0,0,0,5.04718E+20,5.6245E+21,9.06691E+15,5.07722E+16
39529,6.17121E+18,6,5,33,9,2017,12,12,4,3,2,1,0,1,0,0,0,0,1,4.36716E+20,5.5807E+21,8.11003E+15,5.0375E+16
39530,6.17121E+18,6,5,31,5,2017,12,7,5,3,2,6,0,1,0,0,0,0,0,4.7576E+20,5.60133E+21,8.65775E+15,5.05634E+16
39531,6.17122E+18,6,5,34,14,2017,12,17,1,3,5,3,0,1,0,0,0,2,1,4.80318E+20,5.63008E+21,8.72058E+15,5.08221E+16
39532,6.17121E+18,6,4,38,11,2017,12,8,5,3,2,6,0,1,0,0,0,0,0,4.90127E+20,5.54539E+21,8.86207E+15,5.00607E+16
39533,6.17122E+18,6,5,34,12,2017,12,18,1,3,5,3,0,1,0,0,0,2,0,4.76916E+20,5.63362E+21,8.67206E+15,5.08538E+16
39534,6.17122E+18,6,6,31,9,2017,12,11,1,3,3,6,0,1,0,0,0,0,0,5.48623E+20,5.596E+21,9.68579E+15,5.05139E+16
39535,6.17121E+18,6,4,31,2,2017,12,13,5,2,5,3,1,1,0,0,0,0,0,4.7227E+20,5.50285E+21,8.61564E+15,4.96776E+16
39536,6.17122E+18,6,4,35,28,2017,12,14,1,2,9,1,0,1,0,0,0,0,1,5.32774E+20,5.57505E+21,9.46044E+15,5.03267E+16
39537,6.17122E+18,6,5,35,14,2017,12,9,1,2,8,1,0,1,0,0,0,0,1,5.15576E+20,5.61946E+21,9.22069E+15,5.07268E+16
39538,6.17121E+18,6,6,33,18,2017,12,6,5,3,8,1,0,1,0,0,0,2,2,5.15746E+20,5.67724E+21,9.2256E+15,5.12463E+16
39539,6.17122E+18,6,4,12,0,2017,12,20,1,3,9,1,0,1,0,0,0,2,0,4.72596E+20,5.54891E+21,8.6169E+15,5.00918E+16
39540,6.17122E+18,6,4,35,17,2017,12,22,6,3,8,1,0,1,0,0,0,2,1,5.05373E+20,5.55877E+21,9.07525E+15,5.01811E+16
39541,6.17122E+18,6,4,14,0,2017,12,17,1,3,2,6,0,1,0,0,1,2,0,4.47591E+20,5.54473E+21,8.26792E+15,5.00525E+16
39542,6.17123E+18,6,4,37,6,2017,12,13,6,3,5,2,0,1,0,0,0,0,0,5.00125E+20,5.5001E+21,9.00173E+15,4.96535E+16
39543,6.17121E+18,6,4,14,0,2017,12,20,2,2,8,6,0,0,0,0,1,2,1,4.54524E+20,5.54755E+21,8.36442E+15,5.00785E+16
39544,6.17123E+18,6,6,33,6,2017,12,18,6,3,9,1,0,1,0,0,0,2,2,5.16535E+20,5.67816E+21,9.23695E+15,5.12545E+16
39545,6.17123E+18,6,6,11,0,2017,12,16,6,3,2,6,1,1,0,0,0,2,1,5.3123E+20,5.68535E+21,9.44814E+15,5.13186E+16
39546,6.17123E+18,6,4,38,13,2017,12,12,6,3,2,6,0,1,0,0,1,0,0,4.96297E+20,5.54237E+21,8.9483E+15,5.00336E+16
39547,6.17123E+18,6,4,38,7,2017,12,14,6,3,5,3,1,1,0,0,0,0,0,5.01637E+20,5.54158E+21,9.02286E+15,5.00266E+16
39548,6.17123E+18,6,4,38,8,2017,12,15,6,3,5,3,0,1,0,0,0,0,1,4.89052E+20,5.54805E+21,8.84697E+15,5.00846E+16
39549,6.17123E+18,6,4,35,19,2017,12,0,6,3,5,2,0,1,0,0,0,2,0,4.89282E+20,5.55333E+21,8.85004E+15,5.01321E+16
39550,6.17123E+18,6,4,34,8,2017,12,19,6,3,4,1,0,1,1,0,0,2,2,4.69257E+20,5.56105E+21,8.56923E+15,5.02008E+16
39551,6.17123E+18,6,4,36,5,2017,12,17,6,3,6,4,0,1,1,0,0,2,1,4.62964E+20,5.54656E+21,8.48247E+15,5.00702E+16
39552,6.17123E+18,6,4,31,7,2017,12,18,6,3,4,6,0,1,0,0,0,2,2,4.85971E+20,5.50316E+21,8.80553E+15,4.96808E+16
39553,6.17123E+18,6,4,35,29,2017,12,18,6,2,8,6,0,1,0,0,1,2,2,5.18153E+20,5.57044E+21,9.25481E+15,5.02858E+16
39554,6.17123E+18,6,4,40,1,2017,12,20,6,3,4,3,0,1,0,0,0,2,2,4.99239E+20,5.57057E+21,8.98932E+15,5.02873E+16
39555,6.17123E+18,6,5,32,7,2017,12,17,6,3,4,1,0,1,0,0,0,2,2,4.42476E+20,5.60965E+21,8.18657E+15,5.06359E+16
39556,6.17123E+18,6,4,40,23,2017,12,15,6,3,8,6,0,1,0,0,0,0,0,4.79349E+20,5.57107E+21,8.71008E+15,5.02914E+16
39557,6.17123E+18,6,4,40,22,2017,12,18,6,3,9,1,0,1,0,0,0,2,2,4.83543E+20,5.58411E+21,8.7684E+15,5.04088E+16
39558,6.17122E+18,6,4,35,13,2017,12,23,7,3,8,1,0,1,0,0,0,2,1,4.98221E+20,5.56327E+21,8.97506E+15,5.02216E+16
39559,6.17121E+18,6,4,36,9,2017,12,8,2,3,2,6,0,1,0,0,0,0,1,4.60926E+20,5.54541E+21,8.4541E+15,5.00597E+16
39560,6.17123E+18,6,4,31,1,2017,12,13,6,3,2,6,0,1,0,0,0,0,0,4.84703E+20,5.48795E+21,8.78855E+15,4.9544E+16
39561,6.17121E+18,6,4,33,4,2017,12,16,2,3,2,6,0,1,0,0,0,2,1,4.67066E+20,5.50848E+21,8.54303E+15,4.97279E+16
39562,6.17123E+18,6,5,35,3,2017,12,20,6,2,9,1,0,1,0,0,0,2,2,5.14552E+20,5.60807E+21,9.20573E+15,5.06243E+16
39563,6.17121E+18,6,4,40,15,2017,12,13,2,3,3,6,0,1,0,0,1,0,1,4.80211E+20,5.59024E+21,8.72119E+15,5.04638E+16
39564,6.17123E+18,6,6,31,9,2017,12,13,6,3,2,6,0,1,0,0,1,0,0,5.49272E+20,5.59944E+21,9.6954E+15,5.05448E+16
39565,6.17123E+18,6,4,12,0,2017,12,17,6,3,5,2,0,1,0,0,0,2,1,4.81437E+20,5.5533E+21,8.74027E+15,5.01316E+16
39566,6.17123E+18,6,5,31,4,2017,12,23,6,3,8,1,0,1,0,0,0,2,2,4.80955E+20,5.60186E+21,8.73107E+15,5.05683E+16
39567,6.17123E+18,6,4,40,5,2017,12,16,6,3,2,6,0,1,0,0,0,1,1,4.78691E+20,5.58412E+21,8.70012E+15,5.04087E+16
39568,6.17123E+18,6,6,36,3,2017,12,21,5,2,6,6,1,0,1,0,0,2,0,5.73375E+20,5.67149E+21,1.005E+16,5.11901E+16
39569,6.17123E+18,6,6,36,7,2017,12,16,5,2,5,2,0,1,0,0,0,0,0,5.78371E+20,5.67164E+21,1.01215E+16,5.11908E+16
39570,6.17123E+18,6,5,33,14,2017,12,9,5,3,9,1,0,1,0,0,0,0,1,4.46143E+20,5.57543E+21,8.24334E+15,5.03285E+16
39571,6.17123E+18,6,6,11,0,2017,12,1,5,3,5,3,0,1,0,0,0,2,1,5.36402E+20,5.68645E+21,9.52247E+15,5.13282E+16
39572,6.17122E+18,6,4,35,13,2017,12,11,7,3,5,3,0,1,0,0,1,0,0,4.99911E+20,5.56564E+21,8.99876E+15,5.02429E+16
39573,6.17123E+18,6,4,14,0,2017,12,5,5,3,5,3,0,1,0,0,1,2,1,4.43452E+20,5.54378E+21,8.21025E+15,5.00437E+16
39574,6.17121E+18,6,4,38,10,2017,12,17,5,2,2,6,0,1,0,0,1,1,0,4.92206E+20,5.54599E+21,8.8911E+15,5.00662E+16
39575,6.17122E+18,6,4,14,0,2017,12,19,7,3,1,5,0,0,0,0,1,2,1,4.45798E+20,5.54685E+21,8.24257E+15,5.00715E+16
39576,6.17123E+18,6,4,12,0,2017,12,9,5,3,5,3,0,1,0,0,0,0,0,4.79004E+20,5.55486E+21,8.70615E+15,5.01456E+16
39577,6.17121E+18,6,5,35,14,2017,12,6,5,2,8,7,0,1,0,0,0,2,0,5.11464E+20,5.61776E+21,9.16237E+15,5.07115E+16
39578,6.17122E+18,6,4,13,0,2017,12,17,7,2,6,4,0,1,1,0,0,1,1,4.83685E+20,5.54812E+21,8.77194E+15,5.00851E+16
39579,6.17123E+18,6,4,12,0,2017,12,14,5,3,2,6,0,1,0,0,0,0,1,4.8082E+20,5.5519E+21,8.7317E+15,5.0119E+16
39580,6.17122E+18,6,4,12,0,2017,12,21,7,3,2,6,0,1,0,0,0,2,1,4.72766E+20,5.54989E+21,8.6192E+15,5.01007E+16
39581,6.17122E+18,6,4,12,0,2017,12,18,7,3,2,6,0,1,0,0,0,1,0,4.75121E+20,5.54661E+21,8.65234E+15,5.00713E+16
39582,6.17123E+18,6,4,39,8,2017,12,17,5,3,2,6,0,1,0,0,0,2,0,4.47328E+20,5.56448E+21,8.26151E+15,5.02301E+16
39583,6.17122E+18,6,4,37,6,2017,12,18,7,2,6,2,0,1,1,0,0,2,1,4.9992E+20,5.50179E+21,8.9989E+15,4.96687E+16
39584,6.17122E+18,6,4,37,13,2017,12,18,7,3,5,7,0,1,0,0,0,2,1,4.88487E+20,5.50668E+21,8.8403E+15,4.97125E+16
39585,6.17123E+18,6,4,35,27,2017,12,13,5,3,8,1,0,1,0,0,0,0,1,5.4132E+20,5.57565E+21,9.58056E+15,5.03315E+16
39586,6.17122E+18,6,6,36,11,2017,12,20,7,3,8,1,0,1,0,0,0,2,1,5.69031E+20,5.65966E+21,9.98557E+15,5.10843E+16
39587,6.17122E+18,6,4,39,16,2017,12,6,7,3,9,1,0,1,0,0,0,2,1,4.54537E+20,5.56586E+21,8.36241E+15,5.02432E+16
39588,6.17121E+18,6,5,31,5,2017,12,16,1,2,9,1,0,1,0,0,0,2,2,4.81368E+20,5.60495E+21,8.73674E+15,5.05962E+16
39589,6.17122E+18,6,4,39,6,2017,12,9,7,2,4,6,0,1,0,0,0,0,1,4.40231E+20,5.56211E+21,8.16239E+15,5.02082E+16
39590,6.17121E+18,6,6,36,3,2017,12,14,1,3,1,6,0,1,0,0,0,0,1,5.73563E+20,5.67128E+21,1.00526E+16,5.11882E+16
39591,6.17122E+18,6,4,38,8,2017,12,23,7,3,6,6,0,1,1,0,0,2,1,4.89644E+20,5.55235E+21,8.85512E+15,5.01233E+16
39592,6.17121E+18,6,4,33,7,2017,12,16,5,3,2,6,0,1,0,0,0,2,0,4.66254E+20,5.54729E+21,8.52837E+15,5.00769E+16
39593,6.17121E+18,6,4,36,9,2017,12,6,5,3,9,7,0,1,0,0,0,2,0,4.63154E+20,5.5477E+21,8.48501E+15,5.00804E+16
39594,6.17121E+18,6,4,14,0,2017,12,11,5,3,2,6,0,1,0,0,1,0,0,4.53728E+20,5.54945E+21,8.35307E+15,5.00955E+16
39595,6.17122E+18,6,4,34,11,2017,12,23,7,2,9,1,0,1,0,0,0,2,1,4.68795E+20,5.57651E+21,8.56148E+15,5.03398E+16
39596,6.17121E+18,6,4,33,12,2017,12,6,5,3,9,1,0,1,0,0,0,2,0,4.61673E+20,5.53598E+21,8.46549E+15,4.99749E+16
39597,6.17122E+18,6,4,31,6,2017,12,19,7,3,5,3,1,1,0,0,0,2,1,4.67733E+20,5.50207E+21,8.55282E+15,4.96703E+16
39598,6.17121E+18,6,4,40,13,2017,12,13,4,3,5,2,0,1,0,0,0,0,0,5.15521E+20,5.57727E+21,9.21815E+15,5.03473E+16
39599,6.17121E+18,6,4,33,8,2017,12,18,5,3,2,6,0,1,0,0,0,2,0,4.71405E+20,5.53684E+21,8.60115E+15,4.99832E+16
39600,6.17122E+18,6,4,35,18,2017,12,11,7,3,8,1,0,1,0,0,0,0,1,5.14566E+20,5.55706E+21,9.20394E+15,5.01656E+16
39601,6.17121E+18,6,4,14,0,2017,12,12,4,3,5,3,0,1,0,0,0,0,1,4.45817E+20,5.54485E+21,8.24312E+15,5.00535E+16
39602,6.17122E+18,6,4,40,11,2017,12,19,7,2,5,3,0,1,0,0,0,2,1,5.11345E+20,5.58355E+21,9.15964E+15,5.04039E+16
39603,6.17122E+18,6,4,37,3,2017,12,18,7,3,9,1,0,1,0,0,0,2,2,4.9231E+20,5.51253E+21,8.89322E+15,4.97652E+16
39604,6.17121E+18,6,5,31,5,2017,12,21,5,3,3,6,0,1,0,0,1,2,1,4.78034E+20,5.60803E+21,8.68947E+15,5.06237E+16
39605,6.17122E+18,6,5,32,20,2017,12,18,7,3,5,3,0,1,0,0,0,2,1,4.53407E+20,5.60798E+21,8.34134E+15,5.06219E+16
39606,6.17122E+18,6,4,32,10,2017,12,18,7,3,6,6,0,1,1,0,0,2,1,4.93158E+20,5.52551E+21,8.90476E+15,4.9882E+16
39607,6.17121E+18,6,5,34,14,2017,12,7,5,3,4,3,0,1,0,0,1,1,1,4.84016E+20,5.62988E+21,8.77308E+15,5.08204E+16
39608,6.17122E+18,6,5,34,7,2017,12,15,7,3,8,1,0,1,0,0,0,1,1,4.69995E+20,5.63434E+21,8.57367E+15,5.08599E+16
39609,6.17121E+18,6,4,38,10,2017,12,9,5,3,2,6,0,1,0,0,0,0,1,4.87362E+20,5.54555E+21,8.82342E+15,5.00621E+16
39610,6.17122E+18,6,4,31,2,2017,12,21,7,2,5,3,0,1,0,1,0,2,1,4.75894E+20,5.5034E+21,8.66584E+15,4.96826E+16
39611,6.17122E+18,6,5,33,3,2017,12,8,6,3,7,7,0,1,0,0,0,0,1,4.45849E+20,5.57141E+21,8.23979E+15,5.02923E+16
39612,6.17122E+18,6,4,31,14,2017,12,10,7,3,4,1,0,1,0,0,0,0,2,4.79961E+20,5.50501E+21,8.72212E+15,4.96972E+16
39613,6.17123E+18,6,4,38,2,2017,12,11,5,3,5,3,0,1,0,0,0,0,1,4.78974E+20,5.53909E+21,8.70659E+15,5.00037E+16
39614,6.17123E+18,6,4,34,8,2017,12,11,5,2,6,4,0,1,1,0,0,0,1,4.71593E+20,5.55939E+21,8.60209E+15,5.0186E+16
39615,6.17123E+18,6,4,31,11,2017,12,18,5,2,4,6,0,1,0,0,0,2,0,4.7477E+20,5.49894E+21,8.65054E+15,4.96425E+16
39616,6.17123E+18,6,4,31,11,2017,12,10,5,3,8,1,0,1,0,0,0,0,1,4.76242E+20,5.49927E+21,8.67091E+15,4.96455E+16
39617,6.17123E+18,6,4,35,2,2017,12,9,5,3,9,1,0,1,0,0,0,0,1,5.26414E+20,5.5731E+21,9.37096E+15,5.03094E+16
39618,6.17123E+18,6,4,32,14,2017,12,21,5,3,5,2,0,1,0,0,0,2,0,4.78112E+20,5.52033E+21,8.69563E+15,4.9835E+16
39619,6.17123E+18,6,4,32,20,2017,12,13,5,3,6,4,0,1,1,0,0,0,0,4.84892E+20,5.52304E+21,8.7898E+15,4.98596E+16
39620,6.17123E+18,6,4,32,8,2017,12,6,5,3,8,1,0,1,0,0,0,2,1,4.68636E+20,5.51982E+21,8.5639E+15,4.983E+16
39621,6.17123E+18,6,4,31,21,2017,12,12,5,3,8,1,0,1,0,0,0,0,1,4.89165E+20,5.49277E+21,8.85009E+15,4.95874E+16
39622,6.17123E+18,6,5,34,6,2017,12,11,5,3,4,6,1,0,0,0,0,0,0,4.84586E+20,5.6328E+21,8.78105E+15,5.08467E+16
39623,6.17123E+18,6,6,33,28,2017,12,15,5,3,2,6,0,1,0,0,0,0,0,5.13299E+20,5.69433E+21,9.19118E+15,5.14E+16
39624,6.17121E+18,6,5,32,23,2017,12,22,5,3,8,1,0,0,0,0,1,2,1,4.67777E+20,5.60258E+21,8.54493E+15,5.05742E+16
39625,6.17122E+18,6,6,31,11,2017,12,12,7,2,8,7,0,1,0,0,0,0,1,5.38149E+20,5.59917E+21,9.5384E+15,5.05432E+16
39626,6.17121E+18,6,5,31,4,2017,12,14,5,3,2,6,0,1,0,0,1,0,0,4.84972E+20,5.60017E+21,8.78786E+15,5.05533E+16
39627,6.17122E+18,6,4,35,14,2017,12,23,7,3,8,1,0,1,0,0,0,2,1,4.95015E+20,5.55186E+21,8.93027E+15,5.01189E+16
39628,6.17121E+18,6,5,34,9,2017,12,17,5,3,5,3,0,1,0,0,0,2,1,4.79091E+20,5.61738E+21,8.70388E+15,5.07078E+16
39629,6.17122E+18,6,5,32,21,2017,12,20,7,3,8,1,0,1,0,0,0,2,1,4.60458E+20,5.60053E+21,8.44179E+15,5.05554E+16
39630,6.17122E+18,6,5,31,5,2017,12,19,7,3,6,4,0,1,1,0,0,2,0,4.77339E+20,5.60343E+21,8.67991E+15,5.05823E+16
39631,6.17121E+18,6,4,38,8,2017,12,15,5,3,2,7,0,1,0,0,0,0,1,4.89425E+20,5.55171E+21,8.85209E+15,5.01175E+16
39632,6.17122E+18,6,4,12,0,2017,12,1,7,1,9,1,0,1,0,0,1,2,0,4.71787E+20,5.55658E+21,8.60502E+15,5.01607E+16
39633,6.17122E+18,6,5,33,3,2017,12,16,6,3,9,1,0,1,0,0,0,1,1,4.45472E+20,5.57246E+21,8.23435E+15,5.03017E+16
39634,6.17121E+18,6,6,32,12,2017,12,15,4,3,5,3,0,1,0,0,0,0,0,5.52664E+20,5.63957E+21,9.749E+15,5.09054E+16
39635,6.17122E+18,6,4,36,4,2017,12,16,7,3,9,1,0,1,0,0,0,0,1,4.60518E+20,5.545E+21,8.44844E+15,5.0056E+16
39636,6.17121E+18,6,6,32,19,2017,12,15,1,3,4,1,0,1,0,0,1,0,2,5.58143E+20,5.6328E+21,9.82584E+15,5.08439E+16
39637,6.17123E+18,6,6,32,14,2017,12,13,5,2,2,6,0,1,0,0,0,0,0,5.38841E+20,5.64141E+21,9.55262E+15,5.09231E+16
39638,6.17121E+18,6,5,35,18,2017,12,13,1,3,9,1,0,1,0,0,0,0,2,5.11376E+20,5.60436E+21,9.16071E+15,5.0591E+16
39639,6.17123E+18,6,6,32,20,2017,12,14,5,3,9,7,0,1,0,0,0,0,0,5.64099E+20,5.64164E+21,9.91199E+15,5.09228E+16
39640,6.17121E+18,6,6,33,20,2017,12,11,1,3,8,1,0,1,0,0,0,0,1,5.39764E+20,5.68631E+21,9.57071E+15,5.13267E+16
39641,6.17123E+18,6,5,33,6,2017,12,14,4,3,5,3,0,1,0,0,0,0,1,4.28851E+20,5.58835E+21,7.99799E+15,5.04428E+16
39642,6.17123E+18,6,6,11,0,2017,12,12,4,3,3,6,0,1,0,0,1,0,0,5.35714E+20,5.68439E+21,9.51239E+15,5.13097E+16
39643,6.17123E+18,6,4,14,0,2017,12,8,4,3,5,2,0,1,0,0,0,1,1,4.5291E+20,5.54541E+21,8.34213E+15,5.00591E+16
39644,6.17123E+18,6,4,36,1,2017,12,10,4,3,6,4,0,0,1,0,1,0,1,4.64597E+20,5.55443E+21,8.50455E+15,5.01411E+16
39645,6.17123E+18,6,4,12,0,2017,12,15,4,3,2,6,0,1,0,0,0,0,0,4.76815E+20,5.5554E+21,8.67548E+15,5.01503E+16
39646,6.17123E+18,6,4,12,0,2017,12,15,4,3,5,3,0,1,0,0,1,0,0,4.73486E+20,5.55309E+21,8.62904E+15,5.01294E+16
39647,6.17123E+18,6,4,12,0,2017,12,13,4,3,2,6,0,1,0,0,0,0,0,4.80197E+20,5.55148E+21,8.72301E+15,5.01152E+16
39648,6.17123E+18,6,4,12,0,2017,12,20,4,3,3,6,0,1,0,0,0,2,1,4.78091E+20,5.55302E+21,8.69348E+15,5.0129E+16
39649,6.17123E+18,6,4,37,1,2017,12,6,4,2,8,1,0,1,0,0,0,2,1,4.99325E+20,5.50695E+21,8.99063E+15,4.97151E+16
39650,6.17123E+18,6,4,11,0,2017,12,15,4,3,2,6,0,1,0,0,1,0,0,4.77701E+20,5.52386E+21,8.6897E+15,4.98667E+16
39651,6.17123E+18,6,6,33,22,2017,12,10,4,2,3,2,0,1,0,0,1,0,1,5.41316E+20,5.70634E+21,9.5953E+15,5.15067E+16
39652,6.17122E+18,6,4,31,6,2017,12,19,7,3,8,1,0,1,0,0,0,2,1,4.67476E+20,5.50535E+21,8.54899E+15,4.96998E+16
39653,6.17123E+18,6,6,33,3,2017,12,10,4,3,2,6,0,1,0,0,0,0,1,5.3095E+20,5.67871E+21,9.44354E+15,5.12589E+16
39654,6.17121E+18,6,5,35,15,2017,12,20,4,3,5,3,0,1,0,0,0,2,1,5.39784E+20,5.61365E+21,9.56303E+15,5.06733E+16
39655,6.17122E+18,6,4,34,2,2017,12,12,7,3,3,6,0,1,0,0,0,0,0,4.75951E+20,5.56785E+21,8.6626E+15,5.02623E+16