OBJECTID,UIDENTSTLA,ULAND,UREGBEZ,UKREIS,UGEMEINDE,UJAHR,UMONAT,USTUNDE,UWOCHENTAG,UKATEGORIE,UART,UTYP1,IstRad,IstPKW,IstFuss,IstKrad,IstSonstig,LICHT,STRZUSTAND,LINREFX,LINREFY,XGCSWGS84,YGCSWGS84
40178,8.17011E+18,8,2,26,85,2017,1,21,7,3,5,3,0,1,0,0,0,2,2,4.86859E+20,5.45444E+21,8.81946E+15,4.92426E+16
40179,8.17011E+18,8,2,26,3,2017,1,8,7,3,8,1,0,1,0,0,0,0,2,4.6308E+20,5.45982E+21,8.49228E+15,4.929E+16
40180,8.17011E+18,8,2,22,0,2017,1,21,7,1,6,4,0,1,1,0,0,2,1,4.65786E+20,5.477E+21,8.52801E+15,4.94447E+16
40181,8.17011E+18,8,2,22,0,2017,1,8,7,3,8,1,0,1,0,0,0,0,1,4.63153E+20,5.48207E+21,8.49122E+15,4.94902E+16
40182,8.17011E+18,8,2,16,23,2017,1,10,7,2,5,2,0,1,0,0,0,0,1,4.38102E+20,5.40744E+21,8.15682E+15,4.88169E+16
40183,8.17011E+18,8,3,25,45,2017,1,6,3,3,2,6,0,1,0,0,0,2,2,4.69793E+20,5.34735E+21,8.59285E+15,4.82786E+16
40184,8.17011E+18,8,4,17,31,2017,1,14,3,3,6,2,0,1,1,0,0,0,1,4.97679E+20,5.35598E+21,8.96867E+15,4.8357E+16
40185,8.17011E+18,8,3,17,145,2017,1,14,3,3,4,1,0,1,0,0,0,0,2,4.42564E+20,5.35439E+21,8.22492E+15,4.83401E+16
40186,8.17011E+18,8,1,25,98,2017,1,2,7,3,9,1,0,1,0,0,0,2,2,5.21796E+20,5.43888E+21,9.2986E+15,4.91024E+16
40187,8.17011E+18,8,1,18,48,2017,1,18,7,2,6,4,0,1,1,0,0,2,1,5.1267E+20,5.41722E+21,9.1729E+15,4.89078E+16
40188,8.17011E+18,8,3,17,57,2017,1,6,3,3,0,7,0,0,0,0,1,2,2,4.12988E+20,5.37479E+21,7.82165E+15,4.85202E+16
40189,8.17011E+18,8,1,18,53,2017,1,15,7,3,3,6,0,1,0,0,0,0,0,5.17281E+20,5.42788E+21,9.23628E+15,4.90036E+16
40190,8.17011E+18,8,1,11,0,2017,1,5,7,3,3,1,0,1,0,0,1,2,2,5.08159E+20,5.3952E+21,9.11091E+15,4.87098E+16
40191,8.17011E+18,8,1,36,65,2017,1,16,7,3,4,1,0,1,0,0,0,1,2,5.54262E+20,5.40447E+21,9.73878E+15,4.87909E+16
40192,8.17011E+18,8,1,36,65,2017,1,20,7,3,2,1,0,1,0,0,1,2,2,5.6262E+20,5.40463E+21,9.85259E+15,4.87915E+16
40193,8.17011E+18,8,1,36,33,2017,1,18,7,3,4,1,0,1,0,0,0,2,2,5.80038E+20,5.41481E+21,1.00917E+16,4.88811E+16
40194,8.17011E+18,8,1,36,21,2017,1,15,7,3,9,1,0,1,0,0,0,0,2,5.73819E+20,5.40521E+21,1.00051E+16,4.87955E+16
40195,8.17011E+18,8,1,27,101,2017,1,16,7,2,4,1,0,1,0,0,0,0,2,5.84788E+20,5.44599E+21,1.0163E+16,4.91609E+16
40196,8.17011E+18,8,1,27,101,2017,1,16,7,3,4,1,0,1,0,0,0,0,2,5.8472E+20,5.44603E+21,1.0162E+16,4.91613E+16
40197,8.17011E+18,8,1,27,9,2017,1,11,7,3,8,1,0,1,0,0,0,0,2,5.60268E+20,5.45299E+21,9.82775E+15,4.92267E+16
40198,8.17011E+18,8,1,25,21,2017,1,14,7,3,2,6,0,1,0,0,0,0,1,5.23697E+20,5.44867E+21,9.32523E+15,4.91904E+16
40199,8.17011E+18,8,1,25,58,2017,1,15,7,3,5,3,0,1,0,0,0,0,1,5.06762E+20,5.44357E+21,9.09272E+15,4.91449E+16
40200,8.17011E+18,8,1,19,8,2017,1,18,7,3,5,2,1,1,0,0,0,2,1,5.30888E+20,5.42126E+21,9.42182E+15,4.89435E+16
40201,8.17011E+18,8,1,18,79,2017,1,9,7,3,2,6,0,1,0,0,0,0,0,5.08532E+20,5.4225E+21,9.11654E+15,4.89554E+16
40202,8.17011E+18,8,1,15,45,2017,1,3,7,3,8,1,0,1,0,0,0,2,2,5.01023E+20,5.3947E+21,9.0139E+15,4.87054E+16
40203,8.17011E+18,8,1,15,45,2017,1,12,7,3,5,2,0,1,0,0,0,0,1,5.01721E+20,5.39489E+21,9.02339E+15,4.8707E+16
40204,8.17011E+18,8,1,15,13,2017,1,4,7,2,9,1,0,0,0,0,1,2,1,4.93938E+20,5.39014E+21,8.91768E+15,4.86643E+16
40205,8.17011E+18,8,1,15,48,2017,1,8,7,3,4,6,0,1,0,0,1,0,2,5.12007E+20,5.38693E+21,9.16298E+15,4.86353E+16
40206,8.17011E+18,8,1,11,0,2017,1,14,7,3,2,6,0,1,0,0,0,0,1,5.12883E+20,5.40648E+21,9.17547E+15,4.88112E+16
40207,8.17011E+18,8,3,17,96,2017,1,6,3,3,3,6,0,1,0,0,1,2,2,4.19103E+20,5.37255E+21,7.90488E+15,4.85008E+16
40208,8.17011E+18,8,3,15,59,2017,1,15,3,3,9,1,0,1,0,0,0,0,2,3.98022E+20,5.32211E+21,7.63174E+15,4.80441E+16
40209,8.17011E+18,8,4,37,31,2017,1,12,6,3,5,3,0,1,0,0,0,0,0,5.20829E+20,5.34465E+21,9.28061E+15,4.82547E+16
40210,8.17011E+18,8,4,36,10,2017,1,5,6,2,9,1,0,1,0,0,0,2,2,5.6597E+20,5.3103E+21,9.88339E+15,4.79426E+16
40211,8.17011E+18,8,4,26,21,2017,1,8,6,3,2,6,0,1,0,0,0,0,0,5.56567E+20,5.32825E+21,9.75986E+15,4.8105E+16
40212,8.17011E+18,8,4,25,17,2017,1,3,6,3,9,1,0,1,0,0,0,2,2,5.55585E+20,5.36789E+21,9.75188E+15,4.84617E+16
40213,8.17011E+18,8,4,17,8,2017,1,16,6,3,2,6,0,1,0,0,0,0,1,4.91463E+20,5.3511E+21,8.88486E+15,4.8313E+16
40214,8.17011E+18,8,4,16,25,2017,1,22,6,2,4,6,0,1,0,0,0,2,1,5.06827E+20,5.36055E+21,9.09223E+15,4.8398E+16
40215,8.17011E+18,8,3,36,50,2017,1,13,6,3,2,6,0,1,0,0,0,0,1,3.99947E+20,5.27644E+21,7.66812E+15,4.76337E+16
40216,8.17011E+18,8,3,36,14,2017,1,9,3,2,8,1,0,1,0,0,0,0,2,3.96415E+20,5.28231E+21,7.61972E+15,4.76858E+16
40217,8.17011E+18,8,3,35,75,2017,1,22,6,3,1,7,0,1,0,0,0,2,1,4.88227E+20,5.28838E+21,8.84294E+15,4.77486E+16
40218,8.17011E+18,8,3,35,63,2017,1,14,6,3,9,1,0,1,0,0,0,0,2,4.97231E+20,5.29118E+21,8.96304E+15,4.7774E+16
40219,8.17011E+18,8,2,15,101,2017,1,13,3,1,9,1,0,1,0,0,0,0,1,4.66867E+20,5.42974E+21,8.54683E+15,4.90197E+16
40220,8.17011E+18,8,4,35,42,2017,1,18,6,2,5,3,0,1,0,0,0,2,1,5.50582E+20,5.27838E+21,9.67363E+15,4.76568E+16
40221,8.17011E+18,8,3,27,49,2017,1,8,6,3,2,1,0,1,0,0,1,0,2,4.7049E+20,5.32567E+21,8.60375E+15,4.80837E+16
40222,8.17011E+18,8,3,27,49,2017,1,18,6,3,6,4,0,1,1,0,0,2,2,4.72689E+20,5.32464E+21,8.63335E+15,4.80744E+16
40223,8.17011E+18,8,3,26,74,2017,1,8,6,3,8,1,0,1,0,0,0,0,2,4.57845E+20,5.32003E+21,8.43454E+15,4.80322E+16
40224,8.17011E+18,8,3,26,27,2017,1,17,6,3,9,1,0,1,0,0,0,2,2,4.60948E+20,5.30399E+21,8.47761E+15,4.7888E+16
40225,8.17011E+18,8,3,26,5,2017,1,16,6,3,6,1,0,1,1,0,0,0,2,4.64967E+20,5.29859E+21,8.5318E+15,4.78397E+16
40226,8.17011E+18,8,3,25,71,2017,1,14,6,3,4,1,0,1,0,0,0,0,2,4.59649E+20,5.33685E+21,8.45714E+15,4.81836E+16
40227,8.17011E+18,8,3,27,29,2017,1,5,6,2,6,4,0,1,1,0,0,2,1,4.89746E+20,5.32751E+21,8.86226E+15,4.81007E+16
40228,8.17011E+18,8,3,11,0,2017,1,9,6,3,2,6,0,1,0,0,0,0,1,4.1482E+20,5.31926E+21,7.85764E+15,4.80209E+16
40229,8.17011E+18,8,3,11,0,2017,1,13,6,3,0,7,0,0,1,0,1,0,0,4.11245E+20,5.32013E+21,7.80952E+15,4.80283E+16
40230,8.17011E+18,8,3,36,50,2017,1,13,6,2,6,4,0,1,1,0,0,0,1,3.99241E+20,5.27519E+21,7.65901E+15,4.76223E+16
40231,8.17011E+18,8,3,16,9,2017,1,6,6,3,1,5,0,1,0,0,0,2,1,4.15419E+20,5.32291E+21,7.86494E+15,4.80539E+16
40232,8.17011E+18,8,2,31,0,2017,1,22,6,3,2,6,0,1,0,0,0,2,0,4.77514E+20,5.41589E+21,8.69321E+15,4.88956E+16
40233,8.17011E+18,8,2,31,0,2017,1,18,6,3,0,2,0,0,0,0,1,2,1,4.78512E+20,5.4159E+21,8.70682E+15,4.88957E+16
40234,8.17011E+18,8,2,22,0,2017,1,14,6,3,2,6,0,1,0,0,0,0,0,4.63426E+20,5.48052E+21,8.49513E+15,4.94762E+16
40235,8.17011E+18,8,2,16,43,2017,1,18,6,3,5,2,1,1,0,0,0,2,1,4.42432E+20,5.41244E+21,8.2151E+15,4.88623E+16
40236,8.17011E+18,8,2,15,108,2017,1,18,6,3,2,1,0,1,0,0,0,2,0,4.48069E+20,5.4224E+21,8.29068E+15,4.89523E+16
40237,8.17011E+18,8,2,11,0,2017,1,18,6,2,4,2,0,1,0,0,0,2,0,4.41972E+20,5.40703E+21,8.20959E+15,4.88136E+16
40238,8.17011E+18,8,1,36,19,2017,1,5,6,3,2,6,0,1,0,0,0,2,2,5.8516E+20,5.42395E+21,1.01634E+16,4.89626E+16
40239,8.17011E+18,8,1,35,26,2017,1,6,6,3,2,6,0,1,0,0,0,0,2,5.91718E+20,5.39463E+21,1.02465E+16,4.86979E+16
40240,8.17011E+18,8,1,35,26,2017,1,6,6,3,8,1,0,1,0,0,0,2,1,5.918E+20,5.39665E+21,1.0248E+16,4.87161E+16
40241,8.17011E+18,8,2,25,52,2017,1,16,6,2,4,6,0,1,0,0,0,1,2,5.10767E+20,5.48059E+21,9.14863E+15,4.94779E+16
40242,8.17011E+18,8,1,26,39,2017,1,11,6,2,9,1,0,1,0,0,0,0,2,5.54563E+20,5.46326E+21,9.7508E+15,4.93196E+16
40243,8.17011E+18,8,1,28,58,2017,1,4,6,2,7,7,0,1,0,0,0,2,1,5.63203E+20,5.48948E+21,9.87385E+15,4.95546E+16
40244,8.17011E+18,8,1,36,35,2017,1,13,6,3,2,6,0,1,0,0,1,0,1,5.86026E+20,5.43423E+21,1.01774E+16,4.9055E+16
40245,8.17011E+18,8,1,25,107,2017,1,16,6,3,4,1,0,1,0,0,1,1,2,5.35368E+20,5.43836E+21,9.48449E+15,4.90971E+16
40246,8.17011E+18,8,2,37,27,2017,1,9,3,3,4,1,0,1,0,0,1,0,2,4.84349E+20,5.36663E+21,8.78833E+15,4.84527E+16
40247,8.17011E+18,8,1,25,69,2017,1,20,6,3,9,1,0,1,0,0,0,2,2,5.25812E+20,5.45366E+21,9.35457E+15,4.92352E+16
40248,8.17011E+18,8,1,21,0,2017,1,20,6,3,2,6,0,1,0,0,0,2,1,5.14585E+20,5.44365E+21,9.19999E+15,4.91455E+16
40249,8.17011E+18,8,1,16,71,2017,1,13,6,3,9,6,0,1,0,0,0,0,0,5.28512E+20,5.38922E+21,9.38716E+15,4.86554E+16
40250,8.17011E+18,8,1,16,47,2017,1,12,6,3,2,6,0,1,0,0,0,0,1,5.20854E+20,5.39372E+21,9.28339E+15,4.86961E+16
40251,8.17011E+18,8,2,37,40,2017,1,11,3,3,5,3,0,1,0,0,0,0,2,4.77283E+20,5.36545E+21,8.69284E+15,4.84418E+16
40252,8.17011E+18,8,1,15,3,2017,1,7,6,2,2,6,0,1,0,0,0,2,0,4.9963E+20,5.39261E+21,8.99497E+15,4.86865E+16
40253,8.17011E+18,8,1,15,3,2017,1,21,6,3,2,6,0,1,0,0,0,2,1,5.00495E+20,5.39238E+21,9.00672E+15,4.86845E+16
40254,8.17011E+18,8,2,37,45,2017,1,8,3,3,1,2,0,1,0,0,1,0,2,4.59175E+20,5.3626E+21,8.44827E+15,4.84152E+16
40255,8.17011E+18,8,1,11,0,2017,1,5,6,3,5,3,0,1,0,0,0,2,1,5.1828E+20,5.40309E+21,9.24884E+15,4.87805E+16
40256,8.17011E+18,8,1,11,0,2017,1,18,6,3,2,6,0,1,0,0,0,1,0,5.15926E+20,5.40564E+21,9.21689E+15,4.88036E+16
40257,8.17011E+18,8,4,37,78,2017,1,7,5,3,8,1,0,1,0,0,0,1,2,5.04907E+20,5.31982E+21,9.06582E+15,4.80317E+16
40258,8.17011E+18,8,4,36,52,2017,1,18,5,2,5,3,0,1,0,0,0,2,1,5.66701E+20,5.2913E+21,9.89025E+15,4.77716E+16
40259,8.17011E+18,8,4,35,59,2017,1,22,5,3,5,3,0,1,0,0,0,2,1,5.14937E+20,5.29257E+21,9.19941E+15,4.77863E+16
40260,8.17011E+18,8,4,26,62,2017,1,4,5,2,8,1,0,1,0,0,0,2,2,5.52271E+20,5.32305E+21,9.70153E+15,4.80586E+16
40261,8.17011E+18,8,4,21,0,2017,1,5,5,3,8,1,0,1,0,0,0,2,2,5.68062E+20,5.36587E+21,9.92031E+15,4.84423E+16
40262,8.17011E+18,8,2,37,45,2017,1,13,3,3,9,1,0,1,0,0,0,0,2,4.58621E+20,5.36427E+21,8.44063E+15,4.84302E+16
40263,8.17011E+18,8,3,36,57,2017,1,12,5,3,8,1,0,1,0,0,0,0,1,4.08134E+20,5.27636E+21,7.77709E+15,4.76341E+16
40264,8.17011E+18,8,3,35,63,2017,1,17,5,3,2,6,0,1,0,0,0,2,0,4.93496E+20,5.29056E+21,8.9132E+15,4.77684E+16
40265,8.17011E+18,8,3,26,31,2017,1,7,5,3,8,1,0,1,0,0,0,1,2,4.55621E+20,5.33141E+21,8.40352E+15,4.81344E+16
40266,8.17011E+18,8,3,26,5,2017,1,6,5,3,9,1,0,1,0,0,0,2,2,4.70705E+20,5.30027E+21,8.60838E+15,4.78551E+16
40267,8.17011E+18,8,2,37,54,2017,1,16,5,1,6,4,0,1,1,0,0,1,1,4.68962E+20,5.37611E+21,8.57953E+15,4.85373E+16
40268,8.17011E+18,8,3,16,11,2017,1,17,5,3,0,3,1,1,0,0,0,2,1,4.14514E+20,5.32927E+21,7.85154E+15,4.8111E+16
40269,8.17011E+18,8,3,11,0,2017,1,3,5,3,5,3,0,1,0,0,1,2,1,4.04077E+20,5.31514E+21,7.71451E+15,4.79824E+16
40270,8.17011E+18,8,3,36,50,2017,1,12,5,3,2,6,0,1,0,0,1,0,1,3.99183E+20,5.27556E+21,7.65815E+15,4.76256E+16
40271,8.17011E+18,8,2,26,105,2017,1,16,5,2,2,6,0,1,0,0,0,0,0,4.70986E+20,5.47618E+21,8.5998E+15,4.94376E+16
40272,8.17011E+18,8,2,37,61,2017,1,19,5,3,4,2,0,1,0,0,1,0,1,4.66577E+20,5.36765E+21,8.54789E+15,4.84611E+16
40273,8.17011E+18,8,2,36,74,2017,1,7,5,3,2,6,0,1,0,0,0,2,1,4.73076E+20,5.41989E+21,8.6324E+15,4.89314E+16
40274,8.17011E+18,8,2,31,0,2017,1,11,5,3,0,7,0,0,0,0,1,0,0,4.78145E+20,5.41606E+21,8.70182E+15,4.88971E+16
40275,8.17011E+18,8,2,36,25,2017,1,17,5,3,5,2,0,1,0,0,0,2,0,4.90363E+20,5.40834E+21,8.8687E+15,4.8828E+16
40276,8.17011E+18,8,2,22,0,2017,1,7,5,2,5,3,0,1,0,0,0,1,0,4.66042E+20,5.48091E+21,8.5312E+15,4.94799E+16
40277,8.17011E+18,8,2,26,38,2017,1,13,5,3,5,2,0,1,0,0,0,0,1,4.71053E+20,5.48143E+21,8.60035E+15,4.94848E+16
40278,8.17011E+18,8,2,15,102,2017,1,18,5,3,2,6,0,1,0,0,0,2,1,4.56117E+20,5.43528E+21,8.39921E+15,4.90688E+16
40279,8.17011E+18,8,2,12,0,2017,1,20,5,2,5,3,1,1,0,0,0,2,1,4.57009E+20,5.42827E+21,8.41217E+15,4.90058E+16
40280,8.17011E+18,8,2,12,0,2017,1,14,5,2,7,7,1,0,0,0,1,0,0,4.55663E+20,5.42748E+21,8.39384E+15,4.89986E+16
40281,8.17011E+18,8,2,37,45,2017,1,13,3,3,9,1,0,1,0,0,0,0,2,4.60024E+20,5.36154E+21,8.45985E+15,4.84058E+16
40282,8.17011E+18,8,2,35,20,2017,1,9,3,3,8,1,0,1,0,0,0,0,2,4.74619E+20,5.38236E+21,8.65578E+15,4.85938E+16
40283,8.17011E+18,8,1,18,51,2017,1,17,5,3,2,6,0,1,0,0,0,2,1,5.10606E+20,5.41447E+21,9.14466E+15,4.88831E+16
40284,8.17011E+18,8,1,36,82,2017,1,18,5,2,5,2,0,1,0,0,0,2,1,5.84426E+20,5.41647E+21,1.01519E+16,4.88954E+16
40285,8.17011E+18,8,2,35,55,2017,1,14,3,3,8,1,0,1,0,0,0,0,2,4.76956E+20,5.39817E+21,8.6866E+15,4.87362E+16
40286,8.17011E+18,8,1,36,88,2017,1,8,5,3,4,6,0,1,0,0,1,0,1,5.78533E+20,5.41101E+21,1.00704E+16,4.88471E+16
40287,8.17011E+18,8,2,31,0,2017,1,18,3,3,6,4,0,1,1,0,0,2,1,4.77615E+20,5.41148E+21,8.69483E+15,4.88559E+16
40288,8.17011E+18,8,4,25,72,2017,1,6,5,2,5,2,1,1,0,0,0,2,1,5.8282E+20,5.37241E+21,1.01211E+16,4.84993E+16
40289,8.17011E+18,8,1,27,76,2017,1,17,5,3,6,4,0,1,1,0,0,2,1,5.53066E+20,5.43909E+21,9.72701E+15,4.91024E+16
40290,8.17011E+18,8,2,36,76,2017,1,9,3,3,9,1,0,1,0,0,0,0,2,4.73521E+20,5.42546E+21,8.63812E+15,4.89815E+16
40291,8.17011E+18,8,1,26,46,2017,1,19,5,3,2,6,0,1,0,0,1,2,1,5.49377E+20,5.45991E+21,9.67903E+15,4.92899E+16
40292,8.17011E+18,8,1,25,68,2017,1,7,5,2,4,1,0,1,0,0,0,1,2,5.17943E+20,5.45997E+21,9.24676E+15,4.92922E+16
40293,8.17011E+18,8,1,25,39,2017,1,7,5,2,4,6,0,1,0,0,0,2,1,5.10705E+20,5.45944E+21,9.1472E+15,4.92876E+16
40294,8.17011E+18,8,1,21,0,2017,1,0,5,3,2,6,0,1,0,0,0,2,1,5.14702E+20,5.44778E+21,9.20174E+15,4.91826E+16
40295,8.17011E+18,8,1,25,7,2017,1,5,5,3,9,1,0,1,0,0,0,2,2,5.11098E+20,5.45563E+21,9.1525E+15,4.92533E+16
40296,8.17011E+18,8,1,16,49,2017,1,11,5,3,2,6,0,1,0,0,0,0,1,5.24215E+20,5.38673E+21,9.32866E+15,4.86332E+16
40297,8.17011E+18,8,1,15,28,2017,1,18,5,3,4,6,0,1,0,0,0,2,1,5.02263E+20,5.40619E+21,9.03082E+15,4.88087E+16
40298,8.17011E+18,8,1,11,0,2017,1,15,5,3,6,4,0,1,1,0,0,0,1,5.10146E+20,5.40289E+21,9.13811E+15,4.87789E+16
40299,8.17011E+18,8,4,36,81,2017,1,7,4,3,9,1,0,1,0,0,0,1,2,5.57411E+20,5.28005E+21,9.76479E+15,4.76713E+16
40300,8.17011E+18,8,4,36,96,2017,1,10,4,3,1,6,0,1,0,0,0,0,1,5.45348E+20,5.29966E+21,9.60615E+15,4.78487E+16
40301,8.17011E+18,8,4,21,0,2017,1,8,4,3,3,6,0,1,0,0,0,0,0,5.71393E+20,5.35681E+21,9.9638E+15,4.83604E+16
40302,8.17011E+18,8,4,17,25,2017,1,6,4,3,7,7,0,1,0,0,0,0,1,4.88386E+20,5.3527E+21,8.84331E+15,4.83274E+16
40303,8.17011E+18,8,4,17,2,2017,1,8,4,3,9,1,0,1,0,0,0,0,2,4.8941E+20,5.35115E+21,8.85717E+15,4.83134E+16
40304,8.17011E+18,8,4,15,27,2017,1,9,4,3,8,1,0,1,0,0,0,0,2,5.31573E+20,5.35843E+21,9.42638E+15,4.83782E+16
40305,8.17011E+18,8,4,35,30,2017,1,7,4,2,5,3,1,0,0,0,1,2,1,5.40776E+20,5.27194E+21,9.54245E+15,4.75996E+16
40306,8.17011E+18,8,3,26,74,2017,1,18,4,3,4,6,0,1,0,0,0,2,1,4.60863E+20,5.32311E+21,8.47473E+15,4.80601E+16
40307,8.17011E+18,8,3,25,70,2017,1,16,4,3,4,2,0,1,0,0,0,1,1,4.62179E+20,5.34793E+21,8.49019E+15,4.82835E+16
40308,8.17011E+18,8,2,31,0,2017,1,10,3,2,4,1,0,1,0,0,0,0,1,4.73563E+20,5.41615E+21,8.63929E+15,4.88978E+16
40309,8.17011E+18,8,2,36,62,2017,1,8,3,3,8,1,0,1,0,0,0,0,2,4.8639E+20,5.40469E+21,8.81468E+15,4.8795E+16
40310,8.17012E+18,8,3,27,49,2017,1,5,3,3,9,1,0,1,0,0,0,2,2,4.75436E+20,5.3244E+21,8.67024E+15,4.80724E+16
40311,8.17012E+18,8,3,26,74,2017,1,14,3,3,9,1,0,1,0,0,0,0,2,4.63181E+20,5.31977E+21,8.50613E+15,4.80301E+16
40312,8.17012E+18,8,2,37,2,2017,1,11,3,2,6,4,0,1,1,0,0,0,1,4.55148E+20,5.35364E+21,8.39481E+15,4.83343E+16
40313,8.17012E+18,8,3,17,40,2017,1,5,3,3,5,3,0,1,0,0,1,2,1,4.31442E+20,5.34865E+21,8.07579E+15,4.82874E+16
40314,8.17012E+18,8,3,17,151,2017,1,19,3,2,2,7,0,1,0,0,1,2,0,4.15043E+20,5.36146E+21,7.85218E+15,4.84006E+16
40315,8.17012E+18,8,3,36,14,2017,1,6,3,2,6,4,0,1,1,0,0,2,1,3.93368E+20,5.27871E+21,7.58001E+15,4.7653E+16
40316,8.17012E+18,8,3,15,94,2017,1,7,3,3,8,1,0,1,0,0,0,0,2,4.2912E+20,5.31605E+21,8.04991E+15,4.79938E+16
40317,8.17012E+18,8,2,26,76,2017,1,14,3,3,1,6,0,1,0,0,1,0,0,4.73109E+20,5.46383E+21,8.62992E+15,4.93266E+16
40318,8.17012E+18,8,2,15,46,2017,1,16,3,2,2,6,0,1,0,0,0,0,0,4.75371E+20,5.45485E+21,8.6616E+15,4.9246E+16
40319,8.17012E+18,8,2,12,0,2017,1,19,3,3,5,3,0,1,0,0,0,2,0,4.61955E+20,5.42874E+21,8.47975E+15,4.90104E+16
40320,8.17012E+18,8,3,17,1,2017,1,17,3,3,3,1,0,1,0,0,1,2,0,4.27658E+20,5.38642E+21,8.01826E+15,4.86267E+16
40321,8.17012E+18,8,2,35,8,2017,1,13,3,3,2,2,0,1,0,0,0,0,0,4.82353E+20,5.40168E+21,8.75984E+15,4.87679E+16
40322,8.17012E+18,8,2,36,40,2017,1,19,3,3,1,6,0,1,0,0,0,2,1,4.91862E+20,5.42199E+21,8.88884E+15,4.89508E+16
40323,8.17012E+18,8,2,36,28,2017,1,18,3,3,1,6,0,1,0,0,1,2,0,4.93873E+20,5.42215E+21,8.91632E+15,4.89522E+16
40324,8.17012E+18,8,2,36,40,2017,1,8,3,3,1,6,0,1,0,0,0,1,0,4.88531E+20,5.42087E+21,8.84339E+15,4.89406E+16
40325,8.17012E+18,8,2,26,95,2017,1,18,3,3,5,3,0,1,0,0,0,2,0,4.74744E+20,5.46031E+21,8.65264E+15,4.9295E+16
40326,8.17012E+18,8,2,26,98,2017,1,6,3,2,5,3,0,1,0,0,0,2,0,4.76484E+20,5.45829E+21,8.67669E+15,4.92769E+16
40327,8.17012E+18,8,2,26,10,2017,1,17,3,3,6,4,0,1,1,0,0,1,0,4.81079E+20,5.45896E+21,8.73983E+15,4.92831E+16
40328,8.17012E+18,8,2,12,0,2017,1,19,3,3,5,3,0,1,0,0,0,2,0,4.55588E+20,5.4341E+21,8.39209E+15,4.90582E+16
40329,8.17012E+18,8,2,15,110,2017,1,8,3,3,5,3,0,1,0,0,0,0,1,4.62206E+20,5.41878E+21,8.4841E+15,4.89208E+16
40330,8.17012E+18,8,1,36,65,2017,1,13,3,3,2,6,0,1,0,0,1,0,0,5.64285E+20,5.40082E+21,9.87466E+15,4.8757E+16
40331,8.17012E+18,8,2,26,84,2017,1,12,7,3,4,2,0,1,0,0,0,0,0,4.68265E+20,5.47336E+21,8.56249E+15,4.94121E+16
40332,8.17012E+18,8,2,26,59,2017,1,1,7,3,5,1,0,1,0,0,0,2,0,4.65843E+20,5.4617E+21,8.53012E+15,4.93071E+16
40333,8.17012E+18,8,2,22,0,2017,1,14,7,3,1,6,0,1,0,0,1,0,0,4.61468E+20,5.48417E+21,8.46775E+15,4.95089E+16
40334,8.17012E+18,8,2,22,0,2017,1,12,7,3,2,6,0,1,0,0,0,0,0,4.63295E+20,5.47844E+21,8.49351E+15,4.94576E+16
40335,8.17012E+18,8,1,28,139,2017,1,17,3,3,2,6,0,1,0,0,0,2,0,5.51387E+20,5.49182E+21,9.7108E+15,4.95768E+16
40336,8.17012E+18,8,1,26,11,2017,1,18,3,3,5,3,0,1,0,0,0,2,1,5.3177E+20,5.44588E+21,9.4358E+15,4.91649E+16
40337,8.17012E+18,8,1,21,0,2017,1,17,3,2,6,4,0,1,1,0,0,2,0,5.15835E+20,5.44457E+21,9.21716E+15,4.91537E+16
40338,8.17012E+18,8,2,16,63,2017,1,8,7,3,8,1,0,1,0,0,0,0,2,4.28281E+20,5.40065E+21,8.02425E+15,4.87547E+16
40339,8.17012E+18,8,1,11,0,2017,1,15,7,3,2,6,0,1,0,0,0,0,0,5.08198E+20,5.39521E+21,9.11144E+15,4.87099E+16
40340,8.17012E+18,8,1,15,41,2017,1,12,7,2,5,2,0,1,0,0,0,0,0,4.961E+20,5.40085E+21,8.94693E+15,4.87606E+16
40341,8.17012E+18,8,3,26,52,2017,1,15,1,3,2,6,0,1,0,0,0,0,1,4.48546E+20,5.32818E+21,8.30883E+15,4.81048E+16
40342,8.17012E+18,8,1,19,67,2017,1,16,3,3,4,1,0,1,0,0,0,1,2,5.42519E+20,5.39977E+21,9.57843E+15,4.87494E+16
40343,8.17012E+18,8,1,18,73,2017,1,13,3,3,2,6,0,1,0,0,0,0,0,5.0165E+20,5.41631E+21,9.02251E+15,4.88997E+16
40344,8.17012E+18,8,1,18,79,2017,1,7,3,3,2,6,0,1,0,0,0,1,0,5.09998E+20,5.42186E+21,9.13656E+15,4.89496E+16
40345,8.17012E+18,8,1,17,25,2017,1,7,3,3,2,6,0,1,0,0,0,2,1,5.57098E+20,5.38997E+21,9.77538E+15,4.86602E+16
40346,8.17012E+18,8,3,17,96,2017,1,13,1,3,2,2,0,1,0,0,0,0,0,4.2192E+20,5.36978E+21,7.94352E+15,4.84763E+16
40347,8.17012E+18,8,3,11,0,2017,1,6,1,3,8,1,0,0,0,0,1,1,2,4.13165E+20,5.31608E+21,7.83609E+15,4.79921E+16
40348,8.17012E+18,8,2,15,9,2017,1,11,1,3,9,7,0,1,0,0,0,0,0,4.66974E+20,5.43723E+21,8.54768E+15,4.9087E+16
40349,8.17012E+18,8,2,31,0,2017,1,14,1,3,4,2,0,1,0,0,0,0,0,4.78507E+20,5.41581E+21,8.70677E+15,4.88949E+16
40350,8.17012E+18,8,1,16,33,2017,1,16,3,3,2,6,0,1,0,0,0,0,0,5.35282E+20,5.38495E+21,9.47871E+15,4.86166E+16
40351,8.17012E+18,8,2,16,23,2017,1,16,1,3,9,7,0,1,0,0,0,0,0,4.3594E+20,5.40831E+21,8.12723E+15,4.88244E+16