OBJECTID,UIDENTSTLA,ULAND,UREGBEZ,UKREIS,UGEMEINDE,UJAHR,UMONAT,USTUNDE,UWOCHENTAG,UKATEGORIE,UART,UTYP1,IstRad,IstPKW,IstFuss,IstKrad,IstSonstig,LICHT,STRZUSTAND,LINREFX,LINREFY,XGCSWGS84,YGCSWGS84
40526,8.17012E+18,8,3,25,12,2017,1,22,5,3,8,1,0,1,0,0,0,2,2,4.62693E+20,5.35567E+21,8.49643E+15,4.83531E+16
40527,8.17012E+18,8,3,17,26,2017,1,14,5,3,0,7,1,1,0,0,0,0,0,4.14898E+20,5.34524E+21,7.85349E+15,4.82546E+16
40528,8.17012E+18,8,3,17,5,2017,1,19,5,3,5,3,0,1,0,0,0,2,0,4.25319E+20,5.37587E+21,7.98842E+15,4.85315E+16
40529,8.17012E+18,8,3,17,110,2017,1,18,5,3,2,6,0,1,0,0,0,2,0,4.274E+20,5.38232E+21,8.01547E+15,4.85897E+16
40530,8.17012E+18,8,2,26,103,2017,1,13,5,3,2,6,0,1,0,0,0,0,0,4.71618E+20,5.45711E+21,8.60988E+15,4.92661E+16
40531,8.17012E+18,8,2,21,0,2017,1,17,5,3,3,3,0,1,0,0,1,2,0,4.7347E+20,5.47451E+21,8.63418E+15,4.94227E+16
40532,8.17012E+18,8,2,15,89,2017,1,10,5,3,6,4,0,1,1,0,0,0,0,4.69042E+20,5.43095E+21,8.57648E+15,4.90306E+16
40533,8.17012E+18,8,2,12,0,2017,1,14,5,2,1,7,0,1,0,0,0,0,0,4.58821E+20,5.42514E+21,8.43726E+15,4.89778E+16
40534,8.17012E+18,8,2,35,6,2017,1,7,5,2,4,1,0,1,0,0,1,1,2,4.68529E+20,5.38122E+21,8.57328E+15,4.85833E+16
40535,8.17012E+18,8,2,35,46,2017,1,23,5,3,5,3,0,1,0,0,0,2,2,4.78894E+20,5.37741E+21,8.714E+15,4.85495E+16
40536,8.17012E+18,8,2,36,73,2017,1,8,5,3,1,6,0,1,0,0,0,0,0,4.8014E+20,5.42403E+21,8.72864E+15,4.89688E+16
40537,8.17012E+18,8,2,31,0,2017,1,8,5,2,4,3,0,1,0,0,0,0,0,4.77612E+20,5.41552E+21,8.69457E+15,4.88923E+16
40538,8.17012E+18,8,2,31,0,2017,1,13,5,3,5,3,0,1,0,0,0,0,0,4.77892E+20,5.41381E+21,8.69848E+15,4.88769E+16
40539,8.17012E+18,8,1,25,65,2017,1,22,2,2,0,1,0,1,0,0,0,2,1,5.17064E+20,5.45001E+21,9.23424E+15,4.92027E+16
40540,8.17012E+18,8,1,25,86,2017,1,12,2,3,5,3,0,1,0,0,0,0,1,5.0452E+20,5.44288E+21,9.06197E+15,4.91387E+16
40541,8.17012E+18,8,2,36,40,2017,1,15,5,3,2,6,0,1,0,0,0,0,0,4.87904E+20,5.42187E+21,8.83479E+15,4.89497E+16
40542,8.17012E+18,8,2,26,96,2017,1,14,5,3,2,6,0,1,0,0,1,0,0,4.74594E+20,5.48966E+21,8.6487E+15,4.9559E+16
40543,8.17012E+18,8,2,21,0,2017,1,10,5,3,1,6,0,1,0,0,0,0,0,4.77026E+20,5.47511E+21,8.68318E+15,4.94282E+16
40544,8.17012E+18,8,2,21,0,2017,1,18,5,3,4,3,0,1,0,0,0,2,0,4.75417E+20,5.46871E+21,8.66138E+15,4.93706E+16
40545,8.17012E+18,8,2,15,9,2017,1,7,5,3,8,1,0,1,0,0,0,2,0,4.68841E+20,5.44123E+21,8.57295E+15,4.91231E+16
40546,8.17012E+18,8,1,11,0,2017,1,17,5,3,2,6,0,1,0,0,0,2,0,5.09963E+20,5.39517E+21,9.13543E+15,4.87094E+16
40547,8.17012E+18,8,1,11,0,2017,1,6,5,3,2,6,0,1,0,0,0,2,1,5.09461E+20,5.39511E+21,9.12861E+15,4.87089E+16
40548,8.17012E+18,8,1,19,91,2017,1,7,2,3,2,6,0,1,0,0,0,2,2,5.30271E+20,5.40324E+21,9.41207E+15,4.87814E+16
40549,8.17012E+18,8,1,15,28,2017,1,7,5,3,2,6,0,1,0,0,0,0,2,4.98429E+20,5.40399E+21,8.97861E+15,4.87889E+16
40550,8.17012E+18,8,1,15,28,2017,1,19,5,3,2,6,0,1,0,0,0,2,0,5.02273E+20,5.40149E+21,9.03093E+15,4.87665E+16
40551,8.17012E+18,8,1,19,44,2017,1,10,2,3,5,3,0,1,0,0,1,0,2,5.42599E+20,5.42524E+21,9.58216E+15,4.89786E+16
40552,8.17012E+18,8,1,15,3,2017,1,13,5,3,2,6,0,1,0,0,0,0,0,4.97954E+20,5.39228E+21,8.97221E+15,4.86835E+16
40553,8.17012E+18,8,1,15,28,2017,1,7,5,3,2,6,0,1,0,0,0,0,2,4.98391E+20,5.40401E+21,8.97809E+15,4.87891E+16
40554,8.17012E+18,8,1,36,88,2017,1,15,5,3,2,6,0,1,0,0,0,0,1,5.80576E+20,5.40933E+21,1.00979E+16,4.88317E+16
40555,8.17012E+18,8,1,28,131,2017,1,12,5,2,2,2,0,1,0,0,0,0,0,5.34193E+20,5.51011E+21,9.47458E+15,4.97425E+16
40556,8.17012E+18,8,1,27,52,2017,1,4,5,3,8,1,0,0,0,0,1,2,2,5.3885E+20,5.43475E+21,9.53185E+15,4.90644E+16
40557,8.17012E+18,8,1,25,27,2017,1,8,5,3,2,6,0,1,0,0,0,0,0,5.19526E+20,5.44589E+21,9.26785E+15,4.91655E+16
40558,8.17012E+18,8,1,25,65,2017,1,17,5,3,2,6,0,1,0,0,0,2,0,5.17004E+20,5.44979E+21,9.23342E+15,4.92007E+16
40559,8.17012E+18,8,1,21,0,2017,1,14,5,3,6,7,0,1,1,0,0,0,0,5.15483E+20,5.44334E+21,9.21229E+15,4.91427E+16
40560,8.17012E+18,8,1,19,89,2017,1,8,5,3,9,1,0,1,0,0,0,0,2,5.34566E+20,5.41369E+21,9.47141E+15,4.88752E+16
40561,8.17012E+18,8,1,19,67,2017,1,16,5,3,9,1,0,1,0,0,0,0,0,5.37723E+20,5.40678E+21,9.51382E+15,4.88129E+16
40562,8.17012E+18,8,1,19,20,2017,1,14,5,3,2,6,0,1,0,0,0,0,0,5.20189E+20,5.40525E+21,9.27493E+15,4.87999E+16
40563,8.17012E+18,8,1,19,75,2017,1,18,5,3,2,6,0,1,0,0,0,2,0,5.36803E+20,5.42812E+21,9.50322E+15,4.90049E+16
40564,8.17012E+18,8,1,19,8,2017,1,7,5,3,6,4,0,1,1,0,0,1,0,5.31999E+20,5.42143E+21,9.43701E+15,4.8945E+16
40565,8.17012E+18,8,1,18,79,2017,1,10,5,3,2,6,0,1,0,0,0,0,0,5.10217E+20,5.42172E+21,9.13954E+15,4.89483E+16
40566,8.17012E+18,8,1,18,78,2017,1,13,5,2,1,6,0,0,0,0,1,0,0,5.13921E+20,5.42041E+21,9.19008E+15,4.89364E+16
40567,8.17012E+18,8,1,18,3,2017,1,8,5,3,5,2,0,1,0,0,0,0,0,5.11429E+20,5.41688E+21,9.15596E+15,4.89047E+16
40568,8.17012E+18,8,1,17,44,2017,1,8,5,3,2,6,0,1,0,0,1,0,1,5.38944E+20,5.39054E+21,9.52893E+15,4.86667E+16
40569,8.17012E+18,8,1,17,24,2017,1,22,5,3,2,6,0,1,0,0,0,2,0,5.61576E+20,5.38591E+21,9.83558E+15,4.86232E+16
40570,8.17012E+18,8,1,17,15,2017,1,8,5,3,8,1,0,1,0,0,0,0,2,5.60837E+20,5.39285E+21,9.82658E+15,4.86858E+16
40571,8.17012E+18,8,4,25,84,2017,1,6,5,2,4,1,0,1,0,0,1,2,2,5.63802E+20,5.3789E+21,9.86471E+15,4.85599E+16
40572,8.17012E+18,8,1,16,33,2017,1,11,5,3,2,6,0,1,0,0,0,0,1,5.33584E+20,5.38673E+21,9.45582E+15,4.86328E+16
40573,8.17012E+18,8,1,16,80,2017,1,23,5,3,9,1,0,1,0,0,0,2,0,5.19601E+20,5.39699E+21,9.26652E+15,4.87256E+16
40574,8.17012E+18,8,1,16,47,2017,1,8,5,3,5,3,0,1,0,0,0,0,1,5.20709E+20,5.39304E+21,9.28139E+15,4.869E+16
40575,8.17012E+18,8,1,16,56,2017,1,16,5,2,9,1,0,1,0,0,0,0,0,5.30786E+20,5.39524E+21,9.41847E+15,4.87094E+16
40576,8.17012E+18,8,1,15,50,2017,1,19,5,3,4,6,0,1,0,0,0,2,2,4.88737E+20,5.40341E+21,8.84667E+15,4.87836E+16
40577,8.17012E+18,8,1,11,0,2017,1,23,5,3,2,6,0,1,0,0,0,2,0,5.13345E+20,5.41052E+21,9.1819E+15,4.88475E+16
40578,8.17012E+18,8,1,18,48,2017,1,3,2,3,0,6,0,0,0,1,1,2,2,5.14231E+20,5.41563E+21,9.19415E+15,4.88934E+16
40579,8.17012E+18,8,4,37,78,2017,1,6,4,3,9,1,0,1,0,0,0,2,2,5.08125E+20,5.31634E+21,9.10892E+15,4.80004E+16
40580,8.17012E+18,8,4,36,9,2017,1,7,4,3,4,1,0,1,0,0,0,2,2,5.51795E+20,5.30597E+21,9.69308E+15,4.7905E+16
40581,8.17012E+18,8,4,36,81,2017,1,15,4,3,8,1,0,1,0,0,0,0,2,5.61038E+20,5.28047E+21,9.81316E+15,4.76747E+16
40582,8.17012E+18,8,4,36,64,2017,1,10,4,3,9,1,0,1,0,0,0,0,2,5.41288E+20,5.29226E+21,9.55118E+15,4.77824E+16
40583,8.17012E+18,8,1,18,48,2017,1,18,2,3,6,2,0,1,1,0,0,2,0,5.14231E+20,5.4156E+21,9.19415E+15,4.88932E+16
40584,8.17012E+18,8,4,35,59,2017,1,8,4,3,8,1,0,1,0,0,0,0,2,5.10011E+20,5.29427E+21,9.13369E+15,4.78017E+16
40585,8.17012E+18,8,4,35,59,2017,1,6,4,2,4,6,0,1,0,0,1,2,0,5.13103E+20,5.29138E+21,9.1749E+15,4.77756E+16
40586,8.17012E+18,8,1,18,48,2017,1,19,2,3,5,3,0,1,0,0,0,2,1,5.14169E+20,5.41657E+21,9.19334E+15,4.89019E+16
40587,8.17012E+18,8,4,37,101,2017,1,13,4,3,8,1,0,1,0,0,0,0,2,5.23831E+20,5.3261E+21,9.32001E+15,4.80877E+16
40588,8.17012E+18,8,4,26,134,2017,1,7,4,3,8,1,0,1,0,0,0,0,2,5.55392E+20,5.33351E+21,9.74476E+15,4.81524E+16
40589,8.17012E+18,8,4,26,108,2017,1,17,4,3,8,1,0,1,0,0,0,2,2,5.70841E+20,5.33338E+21,9.95244E+15,4.81497E+16
40590,8.17012E+18,8,4,25,33,2017,1,13,4,2,4,6,0,1,0,0,1,0,2,5.51167E+20,5.34716E+21,9.68961E+15,4.82755E+16
40591,8.17012E+18,8,4,25,141,2017,1,6,4,3,9,1,0,1,0,0,0,2,2,5.62191E+20,5.35902E+21,9.83992E+15,4.83813E+16
40592,8.17012E+18,8,4,17,2,2017,1,22,4,3,5,3,0,1,0,0,0,2,0,4.89696E+20,5.34758E+21,8.86111E+15,4.82814E+16
40593,8.17012E+18,8,4,17,79,2017,1,6,4,3,4,1,0,1,0,0,0,2,2,4.99096E+20,5.338E+21,8.98784E+15,4.81952E+16
40594,8.17012E+18,8,1,18,19,2017,1,18,2,3,2,6,0,1,0,0,1,2,0,5.02395E+20,5.40517E+21,9.03262E+15,4.87995E+16
40595,8.17012E+18,8,4,17,75,2017,1,6,4,3,8,1,0,1,0,0,0,1,2,5.11526E+20,5.33179E+21,9.15494E+15,4.81392E+16
40596,8.17012E+18,8,4,16,36,2017,1,7,4,3,2,6,0,1,0,0,0,0,0,4.94334E+20,5.36528E+21,8.92338E+15,4.84407E+16
40597,8.17012E+18,8,4,15,61,2017,1,9,4,3,2,6,0,1,0,0,1,0,0,5.15588E+20,5.37071E+21,9.21097E+15,4.84893E+16
40598,8.17012E+18,8,3,36,105,2017,1,8,4,3,9,1,0,1,0,0,0,0,2,4.03942E+20,5.26656E+21,7.72345E+15,4.75454E+16
40599,8.17012E+18,8,3,35,99,2017,1,6,4,3,9,1,0,1,0,0,0,2,2,4.9543E+20,5.29748E+21,8.93893E+15,4.78307E+16
40600,8.17012E+18,8,3,27,48,2017,1,13,4,3,9,1,0,1,0,0,0,0,2,4.73772E+20,5.31899E+21,8.64823E+15,4.80237E+16
40601,8.17012E+18,8,4,17,13,2017,1,15,4,3,6,4,0,1,1,0,0,0,1,5.12099E+20,5.34719E+21,9.16307E+15,4.82778E+16
40602,8.17012E+18,8,3,17,39,2017,1,13,4,3,3,2,0,0,0,1,1,0,0,4.39917E+20,5.34846E+21,8.19005E+15,4.82865E+16
40603,8.17012E+18,8,3,15,31,2017,1,7,4,3,5,3,0,1,0,0,0,2,2,4.47243E+20,5.31095E+21,8.29344E+15,4.79497E+16
40604,8.17012E+18,8,2,37,54,2017,1,18,4,3,8,4,0,1,0,0,1,2,0,4.70383E+20,5.37702E+21,8.59871E+15,4.85456E+16
40605,8.17012E+18,8,2,31,0,2017,1,11,4,3,0,7,0,0,0,0,1,0,0,4.7943E+20,5.4192E+21,8.71919E+15,4.89254E+16
40606,8.17012E+18,8,2,36,71,2017,1,18,4,3,0,1,0,0,0,1,0,2,2,4.69333E+20,5.42217E+21,8.58113E+15,4.89517E+16
40607,8.17012E+18,8,2,21,0,2017,1,16,4,3,5,3,1,1,0,0,0,0,0,4.76922E+20,5.47589E+21,8.6817E+15,4.94352E+16
40608,8.17012E+18,8,2,21,0,2017,1,17,4,2,6,4,1,0,1,0,0,2,0,4.775E+20,5.47144E+21,8.68991E+15,4.93952E+16
40609,8.17012E+18,8,2,12,0,2017,1,14,4,3,0,2,0,1,0,0,1,0,0,4.59027E+20,5.43251E+21,8.43932E+15,4.90441E+16
40610,8.17012E+18,8,1,27,32,2017,1,2,4,3,8,1,0,1,0,0,0,2,2,5.67295E+20,5.4574E+21,9.92498E+15,4.92657E+16
40611,8.17012E+18,8,1,27,71,2017,1,12,4,3,8,1,0,1,0,0,0,0,2,5.7579E+20,5.45412E+21,1.00411E+16,4.92351E+16
40612,8.17012E+18,8,1,26,86,2017,1,7,4,3,5,3,0,1,0,0,0,1,0,5.43122E+20,5.4607E+21,9.5931E+15,4.92975E+16
40613,8.17012E+18,8,4,25,39,2017,1,15,2,2,6,4,0,0,1,0,1,0,1,5.66193E+20,5.35293E+21,9.893E+15,4.83261E+16
40614,8.17012E+18,8,1,16,49,2017,1,22,2,3,5,2,0,1,0,0,0,2,1,5.24147E+20,5.38563E+21,9.32767E+15,4.86233E+16
40615,8.17012E+18,8,1,19,8,2017,1,8,4,3,1,6,0,1,0,0,0,0,0,5.32103E+20,5.42454E+21,9.43868E+15,4.89729E+16
40616,8.17012E+18,8,1,16,35,2017,1,17,4,3,2,6,0,1,0,0,0,2,0,5.25932E+20,5.3911E+21,9.35224E+15,4.86724E+16
40617,8.17012E+18,8,1,16,81,2017,1,17,2,3,2,6,0,1,0,0,0,2,0,5.18303E+20,5.38586E+21,9.24839E+15,4.86255E+16
40618,8.17012E+18,8,1,17,24,2017,1,13,4,3,8,1,0,1,0,0,0,0,2,5.60257E+20,5.38373E+21,9.81737E+15,4.86038E+16
40619,8.17012E+18,8,1,16,72,2017,1,8,2,3,2,6,0,1,0,0,0,0,0,5.30584E+20,5.39438E+21,9.41567E+15,4.87017E+16
40620,8.17012E+18,8,4,25,75,2017,1,21,4,2,8,1,0,1,0,0,0,2,2,5.66503E+20,5.37624E+21,9.90089E+15,4.85357E+16
40621,8.17012E+18,8,1,16,33,2017,1,17,4,3,2,6,0,1,0,0,0,2,0,5.31613E+20,5.38759E+21,9.42913E+15,4.86406E+16
40622,8.17012E+18,8,1,16,14,2017,1,12,2,3,2,6,0,1,0,0,1,0,1,5.27729E+20,5.39592E+21,9.37697E+15,4.87157E+16
40623,8.17012E+18,8,1,11,0,2017,1,19,4,2,2,6,0,1,0,0,0,2,0,5.14319E+20,5.39374E+21,9.19459E+15,4.86966E+16
40624,8.17012E+18,8,1,16,14,2017,1,13,4,3,1,6,0,1,0,0,0,0,0,5.28367E+20,5.39561E+21,9.38562E+15,4.87129E+16
40625,8.17012E+18,8,1,16,73,2017,1,7,4,3,6,4,0,1,1,0,0,2,1,5.21549E+20,5.38883E+21,9.29258E+15,4.86522E+16
40626,8.17012E+18,8,1,15,45,2017,1,16,4,3,2,7,0,1,0,0,0,1,0,4.98257E+20,5.39446E+21,8.97632E+15,4.87031E+16
40627,8.17012E+18,8,1,11,0,2017,1,8,4,3,5,2,0,1,0,0,1,0,0,5.13363E+20,5.40643E+21,9.18201E+15,4.88107E+16
40628,8.17012E+18,8,1,11,0,2017,1,18,4,3,3,6,1,1,0,0,0,2,0,5.13608E+20,5.4024E+21,9.18521E+15,4.87744E+16
40629,8.17012E+18,8,1,11,0,2017,1,10,4,3,2,6,0,1,0,0,0,0,0,5.09771E+20,5.40263E+21,9.13299E+15,4.87766E+16
40630,8.17012E+18,8,4,36,81,2017,1,8,3,3,9,1,0,1,0,0,0,0,2,5.5772E+20,5.27907E+21,9.76877E+15,4.76624E+16
40631,8.17012E+18,8,4,36,93,2017,1,7,3,3,8,1,0,1,0,0,0,0,2,5.4405E+20,5.31296E+21,9.59016E+15,4.79684E+16
40632,8.17012E+18,8,4,36,10,2017,1,15,3,3,9,6,0,1,0,0,1,0,2,5.66438E+20,5.30965E+21,9.88956E+15,4.79367E+16
40633,8.17012E+18,8,4,36,4,2017,1,7,3,3,8,1,0,1,0,0,0,0,2,5.82629E+20,5.30799E+21,1.0106E+16,4.79199E+16
40634,8.17012E+18,8,4,35,16,2017,1,11,3,3,2,6,0,1,0,0,0,0,0,5.36193E+20,5.27809E+21,9.48199E+15,4.76552E+16
40635,8.17012E+18,8,4,25,81,2017,1,21,3,3,8,1,0,1,0,0,0,2,2,5.47155E+20,5.34418E+21,9.63521E+15,4.82491E+16
40636,8.17012E+18,8,4,17,31,2017,1,7,3,3,8,1,0,1,0,0,0,2,2,4.96445E+20,5.35371E+21,8.95203E+15,4.83365E+16
40637,8.17012E+18,8,3,37,90,2017,1,18,3,3,4,1,0,1,0,0,1,2,2,4.22699E+20,5.27272E+21,7.97158E+15,4.76032E+16
40638,8.17012E+18,8,3,37,126,2017,1,18,3,2,4,1,0,1,0,0,0,2,2,4.38082E+20,5.27777E+21,8.1755E+15,4.76504E+16
40639,8.17012E+18,8,3,35,75,2017,1,12,3,3,4,6,0,1,0,0,0,0,0,4.86915E+20,5.29077E+21,8.82536E+15,4.77701E+16
40640,8.17012E+18,8,1,16,70,2017,1,15,2,3,5,3,0,1,0,0,1,0,1,5.40158E+20,5.38571E+21,9.54494E+15,4.86232E+16
40641,8.17013E+18,8,3,36,14,2017,1,22,1,3,7,1,0,1,0,0,0,2,0,3.91104E+20,5.27791E+21,7.55007E+15,4.76454E+16
40642,8.17013E+18,8,3,36,91,2017,1,8,1,3,9,1,0,1,0,0,0,0,1,3.93544E+20,5.27504E+21,7.58325E+15,4.762E+16
40643,8.17013E+18,8,3,36,84,2017,1,9,1,3,2,6,0,1,0,0,1,0,0,4.05612E+20,5.27773E+21,7.74324E+15,4.76461E+16
40644,8.17013E+18,8,3,36,50,2017,1,11,1,3,5,2,0,0,0,1,1,0,0,3.99716E+20,5.27383E+21,7.66564E+15,4.76101E+16
40645,8.17013E+18,8,3,17,89,2017,1,21,1,3,9,1,0,1,0,0,0,2,0,4.30201E+20,5.37615E+21,8.05449E+15,4.85346E+16
40646,8.17013E+18,8,3,15,16,2017,1,17,1,3,2,6,0,1,0,0,0,1,1,4.27759E+20,5.30843E+21,8.03296E+15,4.79251E+16
40647,8.17013E+18,8,3,15,13,2017,1,12,1,3,6,4,0,1,1,0,0,0,0,4.04713E+20,5.32485E+21,7.72088E+15,4.80698E+16
40648,8.17013E+18,8,2,26,32,2017,1,20,1,3,2,6,0,1,0,0,0,2,0,4.64329E+20,5.46439E+21,8.50904E+15,4.93312E+16
40649,8.17013E+18,8,3,17,5,2017,1,23,1,3,2,6,0,1,0,0,0,2,0,4.24464E+20,5.38216E+21,7.97569E+15,4.8588E+16
40650,8.17013E+18,8,2,22,0,2017,1,15,1,3,0,1,0,0,0,1,0,0,0,4.63202E+20,5.48066E+21,8.49203E+15,4.94775E+16
40651,8.17013E+18,8,2,21,0,2017,1,12,1,2,6,7,1,0,1,0,0,0,0,4.77322E+20,5.47471E+21,8.68728E+15,4.94247E+16
40652,8.17013E+18,8,2,15,97,2017,1,2,1,3,6,6,0,1,1,0,0,2,0,4.79754E+20,5.44528E+21,8.7223E+15,4.916E+16
40653,8.17013E+18,8,1,15,4,2017,1,17,1,3,3,6,0,1,0,0,0,0,0,4.88535E+20,5.37239E+21,8.84478E+15,4.85045E+16
40654,8.17013E+18,8,1,27,62,2017,1,3,1,3,8,1,0,1,0,0,0,2,0,5.49876E+20,5.42792E+21,9.68193E+15,4.90022E+16
40655,8.17013E+18,8,1,19,67,2017,1,19,1,3,5,3,0,1,0,0,0,2,1,5.40785E+20,5.40345E+21,9.55521E+15,4.87827E+16
40656,8.17013E+18,8,1,18,21,2017,1,5,1,3,8,7,0,1,0,0,0,2,0,5.20676E+20,5.42788E+21,9.28271E+15,4.90035E+16
40657,8.17013E+18,8,1,18,79,2017,1,0,1,3,8,1,0,1,0,0,0,2,0,5.10223E+20,5.42174E+21,9.13962E+15,4.89485E+16
40658,8.17013E+18,8,1,16,8,2017,1,11,1,3,4,6,1,1,0,0,0,0,0,5.20908E+20,5.37969E+21,9.28343E+15,4.857E+16
40659,8.17013E+18,8,1,16,19,2017,1,16,1,3,2,6,0,1,0,0,0,0,1,5.223E+20,5.3964E+21,9.30318E+15,4.87202E+16
40660,8.17013E+18,8,4,37,104,2017,1,17,7,3,9,7,0,1,0,0,0,1,1,5.14322E+20,5.32637E+21,9.19233E+15,4.80905E+16
40661,8.17013E+18,8,4,37,100,2017,1,20,7,3,5,3,0,1,0,0,0,2,1,5.37538E+20,5.31816E+21,9.50337E+15,4.80157E+16
40662,8.17013E+18,8,4,36,82,2017,1,1,7,3,0,1,1,0,0,0,0,2,1,5.47316E+20,5.29434E+21,9.63188E+15,4.78006E+16
40663,8.17013E+18,8,4,35,24,2017,1,18,7,3,2,6,0,1,0,0,0,2,1,5.25949E+20,5.27927E+21,9.34564E+15,4.76663E+16
40664,8.17013E+18,8,4,25,33,2017,1,15,7,2,5,3,0,1,0,0,0,0,0,5.59323E+20,5.34894E+21,9.79977E+15,4.82909E+16
40665,8.17013E+18,8,4,15,78,2017,1,13,7,3,5,3,0,1,0,0,0,0,0,5.30316E+20,5.37133E+21,9.41034E+15,4.84944E+16
40666,8.17013E+18,8,4,15,85,2017,1,9,7,3,2,6,0,1,0,0,0,0,2,5.34286E+20,5.34251E+21,9.46173E+15,4.82349E+16
40667,8.17013E+18,8,4,15,62,2017,1,8,7,3,2,6,0,1,0,0,1,1,1,5.19189E+20,5.37848E+21,9.26007E+15,4.85591E+16
40668,8.17013E+18,8,3,36,69,2017,1,23,7,3,8,1,0,1,0,0,0,2,1,4.06584E+20,5.26748E+21,7.75836E+15,4.7554E+16
40669,8.17013E+18,8,3,37,60,2017,1,12,7,3,9,1,0,1,0,0,0,0,0,4.65117E+20,5.2768E+21,8.53556E+15,4.76437E+16
40670,8.17013E+18,8,3,27,46,2017,1,23,7,3,1,1,1,1,0,0,0,2,2,4.80302E+20,5.32436E+21,8.73557E+15,4.80722E+16
40671,8.17013E+18,8,3,25,49,2017,1,22,7,3,8,1,0,1,0,0,0,2,0,4.70629E+20,5.33623E+21,8.60489E+15,4.81786E+16
40672,8.17013E+18,8,3,17,65,2017,1,17,7,2,9,1,0,1,0,0,0,0,0,4.11737E+20,5.35264E+21,7.80937E+15,4.83208E+16
40673,8.17013E+18,8,2,31,0,2017,1,11,7,3,2,6,0,1,0,0,0,0,0,4.84484E+20,5.41418E+21,8.78838E+15,4.88804E+16
40674,8.17013E+18,8,2,15,17,2017,1,11,7,3,5,2,0,1,0,0,1,0,0,4.56512E+20,5.42316E+21,8.40591E+15,4.89598E+16
40675,8.17013E+18,8,2,12,0,2017,1,8,7,3,9,1,0,1,0,0,0,0,1,4.5411E+20,5.42602E+21,8.37277E+15,4.89854E+16
40676,8.17013E+18,8,2,35,85,2017,1,18,7,3,2,2,0,1,0,0,0,2,1,4.82492E+20,5.39506E+21,8.76202E+15,4.87083E+16
40677,8.17013E+18,8,2,36,43,2017,1,15,7,2,9,1,0,0,0,1,0,0,1,4.65683E+20,5.40602E+21,8.53263E+15,4.88062E+16
40678,8.17013E+18,8,2,36,70,2017,1,14,7,3,1,6,0,1,0,0,0,0,0,4.71289E+20,5.41557E+21,8.6083E+15,4.88924E+16
40679,8.17013E+18,8,2,36,50,2017,1,19,7,3,0,1,0,1,0,0,0,2,0,4.85406E+20,5.42388E+21,8.8006E+15,4.89676E+16
40680,8.17013E+18,8,2,25,68,2017,1,7,7,3,8,1,0,1,0,0,0,0,0,5.02488E+20,5.47018E+21,9.03428E+15,4.93843E+16
40681,8.17013E+18,8,2,12,0,2017,1,14,7,3,2,6,0,1,0,0,0,0,0,4.52527E+20,5.42994E+21,8.35068E+15,4.90205E+16
40682,8.17013E+18,8,1,25,102,2017,1,19,7,3,8,1,0,1,0,0,0,2,0,5.22301E+20,5.44491E+21,9.30586E+15,4.91566E+16
40683,8.17013E+18,8,1,18,11,2017,1,14,7,2,0,6,0,1,0,0,1,0,0,5.05642E+20,5.40758E+21,9.07686E+15,4.88212E+16
40684,8.17013E+18,8,1,18,80,2017,1,15,7,3,2,6,0,1,0,0,0,0,0,5.09192E+20,5.41171E+21,9.12531E+15,4.88582E+16
40685,8.17013E+18,8,1,28,139,2017,1,17,7,3,5,2,0,1,0,0,0,1,0,5.51336E+20,5.49196E+21,9.71011E+15,4.95781E+16
40686,8.17013E+18,8,1,19,84,2017,1,20,7,3,3,6,0,1,0,0,1,2,0,5.46205E+20,5.4154E+21,9.63033E+15,4.88898E+16
40687,8.17013E+18,8,1,26,11,2017,1,10,7,3,6,2,0,1,1,0,0,0,0,5.32091E+20,5.44726E+21,9.44031E+15,4.91773E+16
40688,8.17013E+18,8,1,21,0,2017,1,23,7,2,6,4,0,1,1,0,0,2,0,5.16124E+20,5.44375E+21,9.2211E+15,4.91464E+16
40689,8.17013E+18,8,1,25,86,2017,1,13,7,3,5,3,0,1,0,0,0,0,0,5.04035E+20,5.44287E+21,9.05532E+15,4.91386E+16
40690,8.17013E+18,8,1,25,6,2017,1,14,7,3,5,3,0,1,0,0,0,0,0,5.05364E+20,5.45348E+21,9.07368E+15,4.9234E+16
40691,8.17013E+18,8,1,19,79,2017,1,23,7,2,2,6,0,1,0,0,1,2,0,5.21508E+20,5.40738E+21,9.293E+15,4.8819E+16
40692,8.17013E+18,8,1,19,89,2017,1,12,7,2,8,1,0,1,0,0,0,0,0,5.35141E+20,5.41578E+21,9.47944E+15,4.8894E+16
40693,8.17013E+18,8,1,19,67,2017,1,8,7,2,8,1,0,1,0,0,0,0,1,5.41322E+20,5.4046E+21,9.56262E+15,4.8793E+16
40694,8.17013E+18,8,1,17,51,2017,1,10,7,2,0,1,0,0,0,1,0,0,0,5.42839E+20,5.39513E+21,9.5823E+15,4.87077E+16
40695,8.17013E+18,8,1,17,14,2017,1,10,7,3,4,2,0,1,0,0,0,0,0,5.53527E+20,5.38322E+21,9.72602E+15,4.85998E+16
40696,8.17013E+18,8,4,25,31,2017,1,8,7,2,8,1,0,1,0,0,1,0,0,5.69024E+20,5.36999E+21,9.934E+15,4.84793E+16
40697,8.17013E+18,8,1,16,78,2017,1,6,7,3,9,1,0,1,0,0,0,2,1,5.0936E+20,5.39184E+21,9.12715E+15,4.86796E+16
40698,8.17013E+18,8,1,15,44,2017,1,14,7,2,5,2,0,1,0,0,0,0,0,5.05206E+20,5.38988E+21,9.07071E+15,4.8662E+16
40699,8.17013E+18,8,1,11,0,2017,1,13,7,3,5,2,0,1,0,0,0,0,0,5.13246E+20,5.40369E+21,9.18033E+15,4.87861E+16