OBJECTID,UIDENTSTLA,ULAND,UREGBEZ,UKREIS,UGEMEINDE,UJAHR,UMONAT,USTUNDE,UWOCHENTAG,UKATEGORIE,UART,UTYP1,IstRad,IstPKW,IstFuss,IstKrad,IstSonstig,LICHT,STRZUSTAND,LINREFX,LINREFY,XGCSWGS84,YGCSWGS84
40700,8.17013E+18,8,1,11,0,2017,1,8,7,3,5,3,0,1,0,0,0,0,0,5.12462E+20,5.40122E+21,9.16958E+15,4.87639E+16
40701,8.17013E+18,8,4,36,81,2017,1,5,6,3,7,7,0,1,0,0,0,2,0,5.6097E+20,5.28034E+21,9.81224E+15,4.76736E+16
40702,8.17013E+18,8,4,36,81,2017,1,1,6,2,2,6,0,1,0,0,0,2,1,5.64937E+20,5.28581E+21,9.86589E+15,4.77224E+16
40703,8.17013E+18,8,4,36,9,2017,1,15,6,3,5,3,0,1,0,0,0,0,0,5.55512E+20,5.30678E+21,9.74291E+15,4.79119E+16
40704,8.17013E+18,8,4,36,8,2017,1,8,6,3,5,3,0,1,0,0,0,0,0,5.45999E+20,5.30884E+21,9.61583E+15,4.79312E+16
40705,8.17013E+18,8,4,36,10,2017,1,12,6,3,9,1,0,1,0,0,0,0,2,5.75277E+20,5.30206E+21,1.00066E+16,4.78675E+16
40706,8.17013E+18,8,4,35,36,2017,1,13,6,3,5,3,0,1,0,0,0,0,0,5.20395E+20,5.28249E+21,9.27182E+15,4.76955E+16
40707,8.17013E+18,8,4,26,73,2017,1,14,6,3,1,6,0,1,0,0,0,0,0,5.644E+20,5.33651E+21,9.86632E+15,4.81786E+16
40708,8.17013E+18,8,4,26,120,2017,1,8,6,3,8,7,0,1,0,0,0,0,1,5.62392E+20,5.32379E+21,9.83745E+15,4.80644E+16
40709,8.17013E+18,8,4,26,38,2017,1,12,6,3,5,3,0,1,0,0,0,0,0,5.61483E+20,5.31677E+21,9.82424E+15,4.80013E+16
40710,8.17013E+18,8,4,21,0,2017,1,18,6,3,4,6,0,1,0,0,0,2,0,5.69934E+20,5.35863E+21,9.94442E+15,4.8377E+16
40711,8.17013E+18,8,4,21,0,2017,1,13,6,3,5,3,0,1,0,0,0,0,0,5.71735E+20,5.3613E+21,9.96919E+15,4.84008E+16
40712,8.17013E+18,8,4,21,0,2017,1,23,6,3,5,3,0,1,0,0,0,2,1,5.72992E+20,5.36414E+21,9.98666E+15,4.84262E+16
40713,8.17013E+18,8,4,16,18,2017,1,14,6,1,6,3,0,0,1,0,1,0,0,4.91735E+20,5.36199E+21,8.88831E+15,4.8411E+16
40714,8.17013E+18,8,4,15,14,2017,1,22,6,2,2,6,0,1,0,0,0,2,0,5.24464E+20,5.37491E+21,9.33134E+15,4.85268E+16
40715,8.17013E+18,8,4,15,61,2017,1,15,6,3,2,6,0,1,0,0,0,0,0,5.15567E+20,5.37139E+21,9.21071E+15,4.84954E+16
40716,8.17013E+18,8,4,15,62,2017,1,15,6,3,5,3,0,1,0,0,0,0,0,5.19391E+20,5.37863E+21,9.26281E+15,4.85604E+16
40717,8.17013E+18,8,4,15,60,2017,1,15,6,3,5,3,0,1,0,1,0,0,1,5.13324E+20,5.37983E+21,9.18062E+15,4.85714E+16
40718,8.17013E+18,8,3,36,19,2017,1,13,6,3,5,3,0,1,0,0,0,0,0,3.94913E+20,5.27578E+21,7.60129E+15,4.76269E+16
40719,8.17013E+18,8,3,36,81,2017,1,19,6,3,5,3,1,1,0,0,0,2,0,4.11121E+20,5.27737E+21,7.81664E+15,4.76436E+16
40720,8.17013E+18,8,3,35,79,2017,1,14,6,3,2,6,0,1,0,0,1,0,0,4.9992E+20,5.29907E+21,8.99894E+15,4.7845E+16
40721,8.17013E+18,8,3,35,96,2017,1,12,6,3,4,6,0,1,0,0,0,0,1,5.08245E+20,5.30364E+21,9.11029E+15,4.7886E+16
40722,8.17013E+18,8,3,35,28,2017,1,19,6,2,2,6,0,1,0,0,0,2,0,4.80388E+20,5.28739E+21,8.7384E+15,4.77396E+16
40723,8.17013E+18,8,4,36,52,2017,1,8,6,2,4,2,1,1,0,0,0,0,1,5.6639E+20,5.293E+21,9.88636E+15,4.77869E+16
40724,8.17013E+18,8,3,35,79,2017,1,14,6,3,5,2,0,1,0,0,0,0,0,4.99197E+20,5.29836E+21,8.98927E+15,4.78386E+16
40725,8.17013E+18,8,3,26,74,2017,1,12,6,3,5,3,0,1,0,0,0,0,0,4.59896E+20,5.32005E+21,8.46205E+15,4.80325E+16
40726,8.17013E+18,8,3,25,69,2017,1,12,6,3,9,1,0,1,0,0,0,0,2,4.66682E+20,5.33327E+21,8.55204E+15,4.81518E+16
40727,8.17013E+18,8,3,17,88,2017,1,21,6,3,1,1,0,1,0,0,0,2,0,4.35249E+20,5.35816E+21,8.12564E+15,4.83733E+16
40728,8.17013E+18,8,3,17,96,2017,1,18,6,3,6,7,0,1,1,0,0,2,0,4.22587E+20,5.37022E+21,7.95246E+15,4.84804E+16
40729,8.17013E+18,8,3,17,127,2017,1,9,6,3,8,1,0,1,0,0,0,0,2,4.23478E+20,5.35301E+21,7.96766E+15,4.83256E+16
40730,8.17013E+18,8,3,17,127,2017,1,8,6,3,8,1,0,1,0,0,0,0,2,4.22834E+20,5.35284E+21,7.959E+15,4.8324E+16
40731,8.17013E+18,8,2,26,95,2017,1,13,6,3,2,6,0,1,0,0,0,0,0,4.71417E+20,5.45954E+21,8.60695E+15,4.92879E+16
40732,8.17013E+18,8,2,12,0,2017,1,15,6,2,6,4,0,1,1,0,0,0,0,4.5452E+20,5.42827E+21,8.37813E+15,4.90057E+16
40733,8.17013E+18,8,2,12,0,2017,1,8,6,3,5,3,1,1,0,0,0,0,0,4.59615E+20,5.42797E+21,8.44782E+15,4.90033E+16
40734,8.17013E+18,8,2,12,0,2017,1,12,6,3,5,3,1,1,0,0,0,0,0,4.52795E+20,5.4296E+21,8.35439E+15,4.90175E+16
40735,8.17013E+18,8,2,31,0,2017,1,17,6,3,3,6,0,1,0,0,1,2,0,4.78327E+20,5.41564E+21,8.70432E+15,4.88934E+16
40736,8.17013E+18,8,2,36,76,2017,1,7,6,3,5,2,1,1,0,0,0,0,0,4.7323E+20,5.42332E+21,8.63428E+15,4.89622E+16
40737,8.17013E+18,8,2,36,4,2017,1,19,6,3,5,3,0,1,0,0,0,2,0,4.72562E+20,5.41312E+21,8.62584E+15,4.88705E+16
40738,8.17013E+18,8,3,17,116,2017,1,13,6,3,2,6,0,1,0,0,0,0,0,4.33314E+20,5.38842E+21,8.09468E+15,4.86453E+16
40739,8.17013E+18,8,3,17,89,2017,1,3,6,3,8,7,0,1,0,0,0,2,0,4.29768E+20,5.37634E+21,8.04859E+15,4.85362E+16
40740,8.17013E+18,8,3,11,0,2017,1,13,6,3,3,2,0,1,0,0,1,0,0,4.14573E+20,5.31804E+21,7.85457E+15,4.80099E+16
40741,8.17013E+18,8,2,36,40,2017,1,7,6,3,6,4,0,1,1,0,0,1,1,4.85276E+20,5.42021E+21,8.79896E+15,4.89347E+16
40742,8.17013E+18,8,2,22,0,2017,1,20,6,2,3,6,0,1,0,0,1,2,0,4.61615E+20,5.48433E+21,8.46976E+15,4.95103E+16
40743,8.17013E+18,8,2,22,0,2017,1,18,6,3,2,6,0,1,0,0,0,2,0,4.61932E+20,5.48712E+21,8.47388E+15,4.95355E+16
40744,8.17013E+18,8,2,16,43,2017,1,12,6,3,5,3,1,0,0,0,1,0,0,4.42996E+20,5.41226E+21,8.22281E+15,4.88607E+16
40745,8.17013E+18,8,2,15,107,2017,1,10,6,3,5,3,0,1,0,0,0,0,0,4.62594E+20,5.4564E+21,8.48592E+15,4.92592E+16
40746,8.17013E+18,8,2,15,96,2017,1,10,6,3,2,6,0,1,0,0,0,0,0,4.63513E+20,5.41838E+21,8.50197E+15,4.89173E+16
40747,8.17013E+18,8,2,12,0,2017,1,14,6,3,5,3,1,1,0,0,0,0,0,4.52634E+20,5.42975E+21,8.35216E+15,4.90188E+16
40748,8.17013E+18,8,2,12,0,2017,1,20,6,3,0,7,0,0,0,1,1,2,1,4.56378E+20,5.42594E+21,8.40378E+15,4.89849E+16
40749,8.17013E+18,8,1,15,3,2017,1,9,6,3,2,6,0,1,0,0,0,0,0,4.97457E+20,5.39172E+21,8.96545E+15,4.86785E+16
40750,8.17013E+18,8,1,15,45,2017,1,7,6,2,3,6,0,1,0,0,1,1,1,5.03993E+20,5.39588E+21,9.05428E+15,4.87159E+16
40751,8.17013E+18,8,1,15,28,2017,1,18,6,3,2,6,0,1,0,0,0,2,0,5.0188E+20,5.40239E+21,9.02559E+15,4.87745E+16
40752,8.17013E+18,8,1,35,32,2017,1,15,6,3,8,1,0,1,0,0,0,0,1,5.74257E+20,5.39132E+21,1.00086E+16,4.86705E+16
40753,8.17013E+18,8,1,35,20,2017,1,16,6,3,2,6,0,1,0,0,0,0,0,5.86124E+20,5.38123E+21,1.01677E+16,4.85782E+16
40754,8.17013E+18,8,1,35,16,2017,1,13,6,3,2,6,0,1,0,0,0,0,0,5.87405E+20,5.38268E+21,1.01853E+16,4.85911E+16
40755,8.17013E+18,8,1,36,19,2017,1,22,6,2,4,1,0,1,0,0,1,2,0,5.81285E+20,5.4265E+21,1.0111E+16,4.89861E+16
40756,8.17013E+18,8,1,21,0,2017,1,18,6,3,3,6,0,1,0,0,0,2,0,5.15592E+20,5.44392E+21,9.21381E+15,4.91479E+16
40757,8.17013E+18,8,1,21,0,2017,1,9,6,3,1,6,0,1,0,0,0,0,0,5.16736E+20,5.4429E+21,9.22945E+15,4.91387E+16
40758,8.17013E+18,8,1,19,69,2017,1,16,6,2,3,6,0,1,0,0,0,1,1,5.28913E+20,5.43057E+21,9.39552E+15,4.90273E+16
40759,8.17013E+18,8,1,18,48,2017,1,6,6,3,2,6,0,1,0,0,0,2,0,5.13286E+20,5.41677E+21,9.18129E+15,4.89037E+16
40760,8.17013E+18,8,1,17,10,2017,1,14,6,3,2,6,0,1,0,0,0,0,1,5.69107E+20,5.39312E+21,9.93897E+15,4.86873E+16
40761,8.17013E+18,8,1,17,38,2017,1,17,6,3,6,7,0,1,1,0,0,1,0,5.47314E+20,5.39754E+21,9.64339E+15,4.87291E+16
40762,8.17013E+18,8,1,16,80,2017,1,20,6,3,2,6,0,1,0,0,0,2,1,5.22498E+20,5.39477E+21,9.30579E+15,4.87056E+16
40763,8.17013E+18,8,1,16,14,2017,1,5,6,3,2,6,0,1,0,0,0,2,0,5.27031E+20,5.39588E+21,9.36748E+15,4.87154E+16
40764,8.17013E+18,8,1,11,0,2017,1,11,6,2,2,6,0,1,0,0,1,0,1,5.14261E+20,5.39378E+21,9.1938E+15,4.86969E+16
40765,8.17013E+18,8,1,16,19,2017,1,15,6,3,2,6,0,1,0,0,0,0,0,5.23502E+20,5.39717E+21,9.31958E+15,4.87271E+16
40766,8.17013E+18,8,1,15,50,2017,1,12,6,3,8,1,0,1,0,0,0,0,1,4.88042E+20,5.40068E+21,8.83729E+15,4.8759E+16
40767,8.17013E+18,8,1,15,46,2017,1,17,6,2,6,4,0,1,1,0,0,2,0,5.08812E+20,5.38966E+21,9.11967E+15,4.866E+16
40768,8.17013E+18,8,1,11,0,2017,1,8,6,3,8,1,0,1,0,0,0,0,2,5.09339E+20,5.40063E+21,9.12707E+15,4.87587E+16
40769,8.17013E+18,8,1,11,0,2017,1,21,6,3,5,7,0,1,0,0,0,2,0,5.12238E+20,5.40838E+21,9.16675E+15,4.88283E+16
40770,8.17013E+18,8,1,11,0,2017,1,19,6,3,2,6,0,1,0,0,0,2,0,5.13305E+20,5.40417E+21,9.18114E+15,4.87904E+16
40771,8.17013E+18,8,1,11,0,2017,1,6,6,3,6,2,0,1,1,0,0,2,0,5.14938E+20,5.40295E+21,9.20333E+15,4.87794E+16
40772,8.17013E+18,8,1,11,0,2017,1,16,6,3,3,6,0,1,0,0,1,0,0,5.13887E+20,5.40352E+21,9.18905E+15,4.87845E+16
40773,8.17013E+18,8,4,37,104,2017,1,16,5,3,5,3,0,1,0,0,0,0,1,5.13306E+20,5.32657E+21,9.1787E+15,4.80922E+16
40774,8.17013E+18,8,4,36,94,2017,1,18,5,2,4,6,0,1,0,0,0,2,0,5.75779E+20,5.28167E+21,1.00097E+16,4.7684E+16
40775,8.17013E+18,8,4,36,81,2017,1,12,5,3,2,6,0,1,0,0,0,0,0,5.62722E+20,5.28197E+21,9.8358E+15,4.76881E+16
40776,8.17013E+18,8,4,35,34,2017,1,14,5,3,4,1,0,1,0,0,0,0,1,5.30483E+20,5.28634E+21,9.40653E+15,4.77297E+16
40777,8.17013E+18,8,4,26,31,2017,1,20,5,3,2,6,0,1,0,0,0,2,0,5.83792E+20,5.32874E+21,1.01256E+16,4.81064E+16
40778,8.17013E+18,8,4,17,79,2017,1,16,5,3,2,6,0,1,0,0,0,0,1,4.97549E+20,5.34016E+21,8.96701E+15,4.82147E+16
40779,8.17013E+18,8,3,35,43,2017,1,6,5,3,2,7,0,1,0,0,0,1,0,5.12671E+20,5.28379E+21,9.16891E+15,4.77073E+16
40780,8.17013E+18,8,3,27,19,2017,1,3,5,2,8,1,0,1,0,0,0,2,2,4.81753E+20,5.33053E+21,8.75477E+15,4.81278E+16
40781,8.17013E+18,8,3,25,49,2017,1,10,5,3,9,1,0,1,0,0,0,0,2,4.72519E+20,5.3354E+21,8.63037E+15,4.81712E+16
40782,8.17013E+18,8,3,25,15,2017,1,17,5,2,4,1,0,1,0,0,1,1,2,4.70218E+20,5.34075E+21,8.59905E+15,4.82193E+16
40783,8.17013E+18,8,3,17,1,2017,1,14,5,3,1,6,0,1,0,0,0,0,0,4.32655E+20,5.3872E+21,8.08593E+15,4.86343E+16
40784,8.17013E+18,8,3,17,65,2017,1,14,5,3,2,6,0,1,0,0,0,0,0,4.11565E+20,5.35807E+21,7.80591E+15,4.83696E+16
40785,8.17013E+18,8,3,16,3,2017,1,16,5,3,8,1,0,1,0,0,0,2,2,4.28985E+20,5.33934E+21,8.04424E+15,4.82034E+16
40786,8.17013E+18,8,2,26,10,2017,1,18,5,3,2,6,0,1,0,0,1,2,0,4.84527E+20,5.45718E+21,8.78731E+15,4.92672E+16
40787,8.17013E+18,8,2,36,46,2017,1,17,5,3,2,6,0,1,0,0,0,2,0,4.83721E+20,5.41674E+21,8.77786E+15,4.89034E+16
40788,8.17013E+18,8,2,15,9,2017,1,7,5,3,2,6,0,1,0,0,0,0,0,4.65517E+20,5.43723E+21,8.52773E+15,4.9087E+16
40789,8.17013E+18,8,2,15,64,2017,1,22,5,2,5,3,0,1,0,0,0,2,0,4.80154E+20,5.4526E+21,8.72743E+15,4.92259E+16
40790,8.17013E+18,8,2,12,0,2017,1,18,5,3,9,7,0,1,0,0,0,2,0,4.58419E+20,5.42788E+21,8.43148E+15,4.90024E+16
40791,8.17013E+18,8,2,35,80,2017,1,9,5,3,4,6,0,1,0,0,1,0,0,4.85453E+20,5.38992E+21,8.80245E+15,4.86621E+16
40792,8.17013E+18,8,2,35,7,2017,1,19,5,3,1,5,0,1,0,0,0,2,0,4.84095E+20,5.39654E+21,8.78375E+15,4.87217E+16
40793,8.17013E+18,8,2,35,85,2017,1,18,5,3,4,1,0,1,0,0,0,2,2,4.78657E+20,5.39853E+21,8.70971E+15,4.87394E+16
40794,8.17013E+18,8,2,36,44,2017,1,18,5,3,1,6,0,1,0,0,0,2,0,4.81099E+20,5.40718E+21,8.74253E+15,4.88174E+16
40795,8.17013E+18,8,2,36,68,2017,1,17,5,3,2,1,0,1,0,0,0,1,1,4.83538E+20,5.41405E+21,8.77547E+15,4.88792E+16
40796,8.17013E+18,8,2,31,0,2017,1,19,5,3,1,6,0,1,0,0,0,2,0,4.77682E+20,5.41549E+21,8.69552E+15,4.8892E+16
40797,8.17013E+18,8,2,36,4,2017,1,0,5,3,8,1,0,1,0,0,0,2,2,4.73153E+20,5.41456E+21,8.6338E+15,4.88834E+16
40798,8.17013E+18,8,2,26,84,2017,1,10,5,3,1,7,0,1,0,0,0,0,0,4.70913E+20,5.46966E+21,8.59928E+15,4.93789E+16
40799,8.17013E+18,8,2,22,0,2017,1,18,5,2,5,3,0,1,0,0,0,2,0,4.62114E+20,5.48504E+21,8.47659E+15,4.95168E+16
40800,8.17013E+18,8,2,16,7,2017,1,6,5,3,4,2,0,1,0,0,0,2,0,4.3686E+20,5.395E+21,8.14182E+15,4.87048E+16
40801,8.17013E+18,8,2,11,0,2017,1,13,5,3,2,6,0,1,0,0,0,0,0,4.36892E+20,5.3972E+21,8.14191E+15,4.87246E+16
40802,8.17013E+18,8,2,16,23,2017,1,5,5,3,4,1,0,1,0,0,0,2,2,4.3673E+20,5.40655E+21,8.13827E+15,4.88088E+16
40803,8.17013E+18,8,2,16,43,2017,1,7,5,3,5,3,1,1,0,0,0,1,0,4.38205E+20,5.41219E+21,8.15751E+15,4.88596E+16
40804,8.17013E+18,8,2,15,9,2017,1,2,5,3,7,1,0,1,0,0,0,2,0,4.70991E+20,5.44231E+21,8.60232E+15,4.9133E+16
40805,8.17013E+18,8,2,15,7,2017,1,8,5,3,6,4,0,1,1,0,0,0,0,4.77944E+20,5.4317E+21,8.69822E+15,4.90378E+16
40806,8.17013E+18,8,2,15,89,2017,1,15,5,3,8,6,0,1,0,0,0,0,0,4.73738E+20,5.43011E+21,8.64077E+15,4.90233E+16
40807,8.17013E+18,8,2,15,108,2017,1,19,5,3,5,3,1,1,0,0,0,2,0,4.51204E+20,5.42617E+21,8.33305E+15,4.89865E+16
40808,8.17013E+18,8,2,15,96,2017,1,5,5,3,9,1,0,1,0,0,0,2,2,4.62385E+20,5.4133E+21,8.48705E+15,4.88715E+16
40809,8.17013E+18,8,2,12,0,2017,1,6,5,3,6,2,0,1,1,0,0,2,0,4.61763E+20,5.42735E+21,8.47724E+15,4.89979E+16
40810,8.17013E+18,8,2,11,0,2017,1,5,5,2,1,7,0,1,0,0,0,2,2,4.38032E+20,5.40514E+21,8.15621E+15,4.87962E+16
40811,8.17013E+18,8,1,16,35,2017,1,17,5,3,2,6,0,1,0,0,0,2,0,5.2551E+20,5.39137E+21,9.34652E+15,4.86749E+16
40812,8.17013E+18,8,1,36,82,2017,1,17,5,3,5,3,0,1,0,0,0,1,0,5.86893E+20,5.41469E+21,1.01851E+16,4.88791E+16
40813,8.17013E+18,8,1,28,139,2017,1,7,5,3,6,4,0,1,1,0,0,2,0,5.51006E+20,5.49018E+21,9.70532E+15,4.95621E+16
40814,8.17013E+18,8,1,28,137,2017,1,14,5,3,5,2,0,1,0,0,0,0,0,5.61101E+20,5.4966E+21,9.84591E+15,4.96189E+16
40815,8.17013E+18,8,2,25,115,2017,1,17,5,3,8,1,0,1,0,0,0,2,0,5.23374E+20,5.47384E+21,9.32226E+15,4.94168E+16
40816,8.17013E+18,8,1,27,23,2017,1,22,5,3,2,2,0,1,0,0,0,2,0,5.53961E+20,5.42615E+21,9.73754E+15,4.89859E+16
40817,8.17013E+18,8,1,26,11,2017,1,16,5,3,4,2,0,1,0,0,0,0,0,5.30011E+20,5.44754E+21,9.41179E+15,4.918E+16
40818,8.17013E+18,8,1,21,0,2017,1,20,5,3,0,6,0,1,0,0,1,2,0,5.15476E+20,5.44334E+21,9.21219E+15,4.91427E+16
40819,8.17013E+18,8,1,21,0,2017,1,6,5,3,1,6,0,1,0,0,0,1,0,5.1588E+20,5.44245E+21,9.21769E+15,4.91347E+16
40820,8.17013E+18,8,1,18,70,2017,1,7,5,3,5,3,0,1,0,0,0,0,0,5.18071E+20,5.42554E+21,9.24697E+15,4.89825E+16
40821,8.17013E+18,8,1,18,80,2017,1,0,5,3,9,1,0,1,0,0,0,2,1,5.09105E+20,5.41066E+21,9.12411E+15,4.88488E+16
40822,8.17013E+18,8,1,17,26,2017,1,14,5,3,2,6,0,1,0,0,0,0,0,5.46801E+20,5.39523E+21,9.63615E+15,4.87083E+16
40823,8.17013E+18,8,4,25,71,2017,1,8,5,2,4,6,0,1,0,0,1,0,1,5.54794E+20,5.37323E+21,9.74189E+15,4.85098E+16
40824,8.17013E+18,8,1,16,58,2017,1,14,5,3,2,6,0,1,0,0,0,0,0,5.33291E+20,5.39505E+21,9.45251E+15,4.87076E+16
40825,8.17013E+18,8,1,11,0,2017,1,0,5,3,2,6,0,1,0,0,0,2,0,5.17884E+20,5.40275E+21,9.24342E+15,4.87775E+16
40826,8.17013E+18,8,4,37,65,2017,1,17,4,3,5,1,0,1,0,0,0,2,2,5.17091E+20,5.3155E+21,9.22908E+15,4.79925E+16
40827,8.17013E+18,8,3,35,15,2017,1,18,4,3,3,6,1,1,0,0,0,2,0,4.78462E+20,5.28253E+21,8.71295E+15,4.76958E+16
40828,8.17013E+18,8,4,37,104,2017,1,9,4,1,4,6,0,1,0,0,1,0,1,5.18018E+20,5.32081E+21,9.24173E+15,4.80403E+16
40829,8.17013E+18,8,4,35,15,2017,1,13,4,2,3,2,0,1,0,1,0,0,1,5.20579E+20,5.29552E+21,9.27489E+15,4.78127E+16
40830,8.17013E+18,8,4,26,128,2017,1,17,4,2,4,6,0,1,0,0,0,1,1,5.58763E+20,5.3344E+21,9.79021E+15,4.81601E+16
40831,8.17013E+18,8,4,16,31,2017,1,12,4,3,2,6,0,1,0,0,0,0,0,5.02624E+20,5.36257E+21,9.03547E+15,4.84162E+16
40832,8.17013E+18,8,3,25,69,2017,1,12,4,3,3,7,0,1,0,0,0,0,0,4.68411E+20,5.3362E+21,8.57506E+15,4.81783E+16
40833,8.17013E+18,8,3,37,22,2017,1,8,4,3,4,6,0,1,0,0,1,0,2,4.49313E+20,5.29906E+21,8.32256E+15,4.78429E+16
40834,8.17013E+18,8,3,36,45,2017,1,9,4,3,2,6,0,1,0,0,1,0,1,3.93632E+20,5.28506E+21,7.58198E+15,4.77102E+16
40835,8.17013E+18,8,3,35,75,2017,1,18,4,3,1,6,0,1,0,0,0,2,0,4.88592E+20,5.29003E+21,8.84776E+15,4.77635E+16
40836,8.17013E+18,8,3,35,43,2017,1,12,4,3,6,4,0,1,1,0,0,0,0,5.13794E+20,5.27999E+21,9.18375E+15,4.76731E+16
40837,8.17013E+18,8,4,36,9,2017,1,15,4,2,4,7,0,1,0,0,0,0,0,5.56887E+20,5.31147E+21,9.76193E+15,4.7954E+16
40838,8.17013E+18,8,3,26,60,2017,1,6,4,3,4,1,0,1,0,0,1,2,1,4.46075E+20,5.33186E+21,8.27516E+15,4.81377E+16
40839,8.17013E+18,8,3,26,74,2017,1,8,4,3,2,6,0,1,0,0,0,0,0,4.68112E+20,5.32301E+21,8.57203E+15,4.80596E+16
40840,8.17013E+18,8,3,26,12,2017,1,11,4,3,5,3,0,1,0,0,0,0,1,4.61748E+20,5.31072E+21,8.48771E+15,4.79487E+16
40841,8.17013E+18,8,3,17,65,2017,1,7,4,3,0,7,0,0,0,1,0,1,1,4.17772E+20,5.35475E+21,7.89036E+15,4.83406E+16
40842,8.17013E+18,8,3,11,0,2017,1,17,4,3,4,6,0,1,0,0,0,2,0,4.08911E+20,5.31648E+21,7.779E+15,4.79952E+16
40843,8.17013E+18,8,2,21,0,2017,1,22,4,3,3,6,0,1,0,0,0,2,0,4.73277E+20,5.46772E+21,8.63197E+15,4.93616E+16
40844,8.17013E+18,8,2,35,85,2017,1,16,4,3,8,1,0,1,0,0,0,0,0,4.82561E+20,5.39504E+21,8.76295E+15,4.87081E+16
40845,8.17013E+18,8,2,35,85,2017,1,7,4,3,8,1,0,1,0,0,0,0,2,4.8209E+20,5.39075E+21,8.75674E+15,4.86695E+16
40846,8.17013E+18,8,2,31,0,2017,1,21,4,3,5,3,0,1,0,0,0,2,0,4.77801E+20,5.41568E+21,8.69714E+15,4.88936E+16
40847,8.17013E+18,8,2,26,96,2017,1,18,4,3,5,3,0,1,0,0,0,1,0,4.75939E+20,5.48988E+21,8.66728E+15,4.95611E+16
40848,8.17013E+18,8,2,22,0,2017,1,10,4,3,5,3,0,1,0,0,0,0,0,4.68962E+20,5.47774E+21,8.57176E+15,4.94515E+16
40849,8.17013E+18,8,2,21,0,2017,1,19,4,3,6,4,0,1,1,0,0,2,0,4.77301E+20,5.46976E+21,8.68728E+15,4.93801E+16
40850,8.17013E+18,8,2,15,7,2017,1,18,4,3,1,6,0,1,0,0,0,2,0,4.76009E+20,5.43177E+21,8.67174E+15,4.90384E+16
40851,8.17013E+18,8,2,15,100,2017,1,7,4,3,2,6,0,1,0,0,0,1,0,4.74678E+20,5.45145E+21,8.6523E+15,4.92153E+16
40852,8.17013E+18,8,2,11,0,2017,1,21,4,2,2,6,0,1,0,0,1,2,0,4.38008E+20,5.40517E+21,8.15588E+15,4.87964E+16
40853,8.17013E+18,8,1,28,139,2017,1,18,4,3,5,3,0,1,0,0,0,2,0,5.51378E+20,5.49198E+21,9.7107E+15,4.95782E+16
40854,8.17013E+18,8,1,28,138,2017,1,19,4,3,2,6,0,1,0,0,1,2,0,5.40448E+20,5.47974E+21,9.55826E+15,4.9469E+16
40855,8.17013E+18,8,1,27,63,2017,1,15,4,1,9,1,0,1,0,0,0,0,0,5.6211E+20,5.4318E+21,9.84978E+15,4.90359E+16
40856,8.17013E+18,8,1,26,28,2017,1,11,4,3,5,3,0,1,0,0,0,0,0,5.408E+20,5.46003E+21,9.5611E+15,4.92917E+16
40857,8.17013E+18,8,1,25,5,2017,1,7,4,3,2,6,0,1,0,0,0,1,0,5.15613E+20,5.45329E+21,9.21445E+15,4.92322E+16
40858,8.17013E+18,8,1,25,65,2017,1,7,4,3,4,2,0,1,0,0,0,1,0,5.1673E+20,5.45033E+21,9.22968E+15,4.92055E+16
40859,8.17013E+18,8,1,21,0,2017,1,17,4,3,2,6,0,1,0,0,0,2,0,5.15962E+20,5.44243E+21,9.21882E+15,4.91345E+16
40860,8.17013E+18,8,1,21,0,2017,1,7,4,3,1,6,0,1,0,0,0,0,0,5.16623E+20,5.44237E+21,9.22788E+15,4.91339E+16
40861,8.17013E+18,8,1,19,67,2017,1,18,4,2,4,1,0,1,0,0,0,2,2,5.38615E+20,5.40422E+21,9.52573E+15,4.87898E+16
40862,8.17013E+18,8,1,17,49,2017,1,10,4,3,1,6,0,1,0,0,0,0,1,5.55599E+20,5.39173E+21,9.75526E+15,4.86761E+16
40863,8.17013E+18,8,1,28,45,2017,1,7,2,3,8,1,0,0,0,0,1,0,1,5.54865E+20,5.50141E+21,9.76025E+15,4.96627E+16
40864,8.17013E+18,8,4,25,79,2017,1,7,4,3,2,6,0,1,0,0,0,1,0,5.56004E+20,5.37418E+21,9.7584E+15,4.85183E+16
40865,8.17013E+18,8,4,25,71,2017,1,8,4,2,2,6,0,1,0,0,1,0,1,5.54697E+20,5.37231E+21,9.74046E+15,4.85015E+16
40866,8.17013E+18,8,1,27,76,2017,1,8,2,3,8,1,0,1,0,0,0,0,2,5.49497E+20,5.43611E+21,9.67775E+15,4.90759E+16
40867,8.17013E+18,8,1,26,28,2017,1,8,2,2,4,6,0,1,0,0,1,0,2,5.33678E+20,5.45879E+21,9.46306E+15,4.92809E+16
40868,8.17013E+18,8,1,16,16,2017,1,18,4,3,2,6,0,1,0,0,0,2,0,5.33786E+20,5.38517E+21,9.45843E+15,4.86187E+16
40869,8.17013E+18,8,1,16,77,2017,1,15,4,3,2,6,0,1,0,0,0,0,0,5.16344E+20,5.38971E+21,9.22195E+15,4.86602E+16
40870,8.17013E+18,8,1,16,14,2017,1,5,4,3,2,6,0,1,0,0,0,2,0,5.28293E+20,5.396E+21,9.38464E+15,4.87164E+16
40871,8.17013E+18,8,1,15,45,2017,1,15,4,3,2,6,0,1,0,0,0,0,1,4.99862E+20,5.39462E+21,8.99813E+15,4.87046E+16
40872,8.17013E+18,8,1,15,21,2017,1,16,4,3,5,2,0,1,0,0,0,0,1,4.90161E+20,5.38241E+21,8.86657E+15,4.85947E+16
40873,8.17012E+18,8,4,35,42,2017,1,21,3,2,4,6,0,1,0,0,0,2,1,5.5347E+20,5.27872E+21,9.71213E+15,4.76597E+16