OBJECTID,UIDENTSTLA,ULAND,UREGBEZ,UKREIS,UGEMEINDE,UJAHR,UMONAT,USTUNDE,UWOCHENTAG,UKATEGORIE,UART,UTYP1,IstRad,IstPKW,IstFuss,IstKrad,IstSonstig,LICHT,STRZUSTAND,LINREFX,LINREFY,XGCSWGS84,YGCSWGS84
41048,8.17021E+18,8,4,25,17,2017,2,19,1,2,5,3,1,1,0,0,0,2,0,5.55585E+20,5.36811E+21,9.75192E+15,4.84637E+16
41049,8.17021E+18,8,1,15,53,2017,2,5,1,3,8,1,0,1,0,0,0,2,0,4.82431E+20,5.38073E+21,8.7618E+15,4.85794E+16
41050,8.17021E+18,8,1,15,3,2017,2,17,1,3,2,6,0,1,0,0,0,2,0,5.00548E+20,5.3924E+21,9.00744E+15,4.86846E+16
41051,8.1702E+18,8,4,37,100,2017,2,7,7,2,5,3,1,1,0,0,0,0,1,5.37154E+20,5.31756E+21,9.49818E+15,4.80103E+16
41052,8.1702E+18,8,4,35,29,2017,2,19,7,1,6,4,0,0,1,0,1,2,1,5.45018E+20,5.27169E+21,9.59884E+15,4.75971E+16
41053,8.1702E+18,8,4,35,52,2017,2,10,7,3,4,2,0,1,0,0,0,0,1,5.17797E+20,5.29343E+21,9.23764E+15,4.7794E+16
41054,8.1702E+18,8,4,35,15,2017,2,6,7,3,9,1,0,1,0,0,0,2,2,5.20898E+20,5.29552E+21,9.27914E+15,4.78127E+16
41055,8.1702E+18,8,4,35,16,2017,2,12,7,3,9,7,0,1,0,0,0,0,0,5.37469E+20,5.27831E+21,9.499E+15,4.76571E+16
41056,8.1702E+18,8,4,37,104,2017,2,14,7,3,5,3,0,1,0,0,0,0,1,5.13309E+20,5.32657E+21,9.17873E+15,4.80923E+16
41057,8.1702E+18,8,4,35,10,2017,2,18,7,1,4,2,1,0,0,0,1,2,1,5.19931E+20,5.28419E+21,9.2657E+15,4.77108E+16
41058,8.1702E+18,8,3,37,126,2017,2,6,7,3,4,1,0,1,0,0,0,2,0,4.43432E+20,5.27703E+21,8.24683E+15,4.76442E+16
41059,8.1702E+18,8,3,37,126,2017,2,23,7,3,8,1,0,1,0,0,0,2,1,4.37971E+20,5.27839E+21,8.17394E+15,4.76559E+16
41060,8.1702E+18,8,3,36,69,2017,2,18,7,3,2,6,0,1,0,0,0,2,0,4.08142E+20,5.26856E+21,7.77883E+15,4.75639E+16
41061,8.1702E+18,8,3,35,77,2017,2,13,7,3,8,6,0,1,0,0,0,0,0,4.93832E+20,5.29069E+21,8.91768E+15,4.77696E+16
41062,8.1702E+18,8,3,26,74,2017,2,16,7,3,5,3,0,1,0,0,0,0,1,4.59569E+20,5.32385E+21,8.4573E+15,4.80666E+16
41063,8.17021E+18,8,2,21,0,2017,2,16,3,2,8,1,0,1,0,0,0,0,0,4.7347E+20,5.47395E+21,8.63421E+15,4.94177E+16
41064,8.1702E+18,8,3,17,11,2017,2,13,7,3,5,3,0,1,0,0,1,0,1,4.28194E+20,5.35652E+21,8.03067E+15,4.83578E+16
41065,8.1702E+18,8,3,36,78,2017,2,17,7,3,8,1,0,1,0,0,0,1,1,3.92438E+20,5.29059E+21,7.56471E+15,4.77597E+16
41066,8.17021E+18,8,2,15,97,2017,2,14,3,2,4,2,0,1,0,1,0,0,0,4.8141E+20,5.43962E+21,8.74528E+15,4.91092E+16
41067,8.1702E+18,8,3,16,37,2017,2,17,7,2,4,6,0,1,0,0,0,2,0,4.05208E+20,5.33623E+21,7.72499E+15,4.81722E+16
41068,8.1702E+18,8,2,26,103,2017,2,10,7,3,2,6,0,1,0,0,0,0,0,4.71987E+20,5.45903E+21,8.61482E+15,4.92834E+16
41069,8.17021E+18,8,2,35,33,2017,2,9,3,3,0,7,1,0,0,0,0,0,0,4.58963E+20,5.40545E+21,8.44116E+15,4.88007E+16
41070,8.1702E+18,8,2,31,0,2017,2,17,7,3,9,1,0,1,0,0,0,0,1,4.74573E+20,5.4172E+21,8.65301E+15,4.89072E+16
41071,8.1702E+18,8,2,37,40,2017,2,3,7,3,8,1,0,1,0,0,0,2,1,4.76024E+20,5.37082E+21,8.6755E+15,4.849E+16
41072,8.1702E+18,8,2,35,32,2017,2,17,7,3,4,2,0,1,0,0,0,2,1,4.75768E+20,5.37686E+21,8.67168E+15,4.85443E+16
41073,8.1702E+18,8,2,35,8,2017,2,18,7,3,0,3,0,1,0,1,0,2,1,4.80489E+20,5.4022E+21,8.73445E+15,4.87725E+16
41074,8.1702E+18,8,2,35,46,2017,2,15,7,1,8,1,0,1,0,0,0,0,1,4.79264E+20,5.38064E+21,8.71886E+15,4.85785E+16
41075,8.1702E+18,8,2,31,0,2017,2,19,7,3,2,6,0,1,0,0,0,2,1,4.81914E+20,5.41748E+21,8.75317E+15,4.891E+16
41076,8.1702E+18,8,2,36,71,2017,2,11,7,3,8,1,1,0,0,0,0,0,0,4.68968E+20,5.4218E+21,8.57616E+15,4.89484E+16
41077,8.1702E+18,8,2,26,40,2017,2,20,7,2,4,2,0,1,0,0,0,2,1,4.74399E+20,5.49474E+21,8.64567E+15,4.96047E+16
41078,8.1702E+18,8,2,26,102,2017,2,11,7,2,5,2,0,1,0,0,0,0,0,4.8168E+20,5.45269E+21,8.74839E+15,4.92268E+16
41079,8.1702E+18,8,2,26,97,2017,2,5,7,3,8,1,0,1,0,0,0,2,2,4.8906E+20,5.46708E+21,8.84935E+15,4.93563E+16
41080,8.1702E+18,8,2,25,24,2017,2,14,7,3,9,1,0,1,0,0,0,0,1,5.11467E+20,5.47922E+21,9.15826E+15,4.94656E+16
41081,8.1702E+18,8,2,16,63,2017,2,15,7,3,5,3,0,1,0,0,0,0,1,4.32912E+20,5.4051E+21,8.08652E+15,4.87953E+16
41082,8.1702E+18,8,2,15,97,2017,2,12,7,3,0,7,0,0,0,1,0,0,0,4.83098E+20,5.44292E+21,8.76827E+15,4.91389E+16
41083,8.1702E+18,8,2,15,9,2017,2,10,7,3,5,3,0,1,0,0,0,0,0,4.65626E+20,5.43939E+21,8.52903E+15,4.91064E+16
41084,8.1702E+18,8,1,18,60,2017,2,8,7,2,9,1,0,1,0,0,0,0,1,5.26479E+20,5.43078E+21,9.36224E+15,4.90294E+16
41085,8.1702E+18,8,1,36,9,2017,2,19,7,3,2,6,0,1,0,0,0,2,0,5.67594E+20,5.4079E+21,9.92084E+15,4.88204E+16
41086,8.17021E+18,8,2,31,0,2017,2,1,3,3,4,6,0,1,0,0,0,2,0,4.75061E+20,5.41472E+21,8.65982E+15,4.8885E+16
41087,8.17021E+18,8,2,25,39,2017,2,13,3,3,2,1,0,1,0,0,1,0,0,5.29663E+20,5.49355E+21,9.41045E+15,4.95938E+16
41088,8.17021E+18,8,2,25,14,2017,2,9,3,3,2,1,0,1,0,0,0,0,1,5.24445E+20,5.48652E+21,9.33781E+15,4.95308E+16
41089,8.1702E+18,8,1,36,9,2017,2,17,7,3,2,6,0,1,0,0,0,2,1,5.67499E+20,5.40788E+21,9.91954E+15,4.88202E+16
41090,8.17021E+18,8,2,22,0,2017,2,7,3,3,2,6,0,1,0,0,0,0,0,4.63638E+20,5.48351E+21,8.49778E+15,4.95031E+16
41091,8.1702E+18,8,4,25,141,2017,2,15,7,2,6,7,0,1,1,0,0,0,1,5.65992E+20,5.36312E+21,9.89189E+15,4.84178E+16
41092,8.1702E+18,8,1,28,139,2017,2,21,7,1,0,1,0,1,0,0,0,2,1,5.46308E+20,5.49116E+21,9.64048E+15,4.95712E+16
41093,8.17021E+18,8,2,26,12,2017,2,8,3,3,5,3,1,1,0,0,0,0,0,4.75934E+20,5.4776E+21,8.66797E+15,4.94505E+16
41094,8.1702E+18,8,1,27,59,2017,2,10,7,3,9,1,0,1,0,0,0,0,1,5.47389E+20,5.43811E+21,9.64912E+15,4.9094E+16
41095,8.1702E+18,8,1,26,94,2017,2,8,7,3,9,1,0,1,0,0,0,0,2,5.38227E+20,5.45534E+21,9.52527E+15,4.92497E+16
41096,8.17021E+18,8,2,16,17,2017,2,13,3,3,1,6,0,1,0,0,0,0,0,4.51721E+20,5.40279E+21,8.34287E+15,4.87762E+16
41097,8.1702E+18,8,1,26,11,2017,2,9,7,3,9,1,0,1,0,0,0,0,2,5.38647E+20,5.43984E+21,9.52956E+15,4.91102E+16
41098,8.1702E+18,8,1,26,47,2017,2,5,7,2,9,1,0,1,0,0,0,2,2,5.50492E+20,5.4513E+21,9.69328E+15,4.92124E+16
41099,8.1702E+18,8,1,21,0,2017,2,18,7,2,5,3,0,1,0,0,0,2,1,5.13392E+20,5.4458E+21,9.1837E+15,4.91649E+16
41100,8.1702E+18,8,1,25,69,2017,2,12,7,3,6,6,1,0,1,0,0,0,0,5.23524E+20,5.45378E+21,9.32315E+15,4.92363E+16
41101,8.1702E+18,8,1,19,93,2017,2,13,7,3,5,3,0,1,0,0,0,0,0,5.2336E+20,5.40621E+21,9.31815E+15,4.88084E+16
41102,8.1702E+18,8,1,19,18,2017,2,21,7,3,5,3,0,1,0,0,0,2,1,5.29365E+20,5.42007E+21,9.40094E+15,4.89328E+16
41103,8.1702E+18,8,1,18,79,2017,2,12,7,3,2,6,0,1,0,0,0,0,0,5.09279E+20,5.4228E+21,9.12676E+15,4.8958E+16
41104,8.1702E+18,8,1,16,37,2017,2,8,7,3,9,1,0,1,0,0,0,0,2,5.36683E+20,5.40036E+21,9.49909E+15,4.87551E+16
41105,8.1702E+18,8,1,16,20,2017,2,12,7,3,2,6,0,1,0,0,0,0,0,5.26351E+20,5.38251E+21,9.35738E+15,4.85951E+16
41106,8.1702E+18,8,4,36,81,2017,2,18,6,1,9,7,0,1,0,0,0,2,1,5.56921E+20,5.27914E+21,9.75814E+15,4.76631E+16
41107,8.1702E+18,8,4,35,16,2017,2,10,6,3,5,3,1,1,0,0,0,0,1,5.3503E+20,5.27809E+21,9.46651E+15,4.76552E+16
41108,8.1702E+18,8,4,35,16,2017,2,15,6,3,6,4,1,0,1,0,0,0,0,5.31607E+20,5.27955E+21,9.42102E+15,4.76685E+16
41109,8.1702E+18,8,4,26,45,2017,2,12,6,3,8,2,0,1,0,0,0,0,0,5.33972E+20,5.32655E+21,9.45622E+15,4.80913E+16
41110,8.1702E+18,8,4,21,0,2017,2,14,6,3,5,3,0,1,0,0,1,0,1,5.71523E+20,5.35666E+21,9.96554E+15,4.83591E+16
41111,8.17021E+18,8,2,16,43,2017,2,14,3,3,2,5,0,1,0,0,0,0,0,4.41124E+20,5.41252E+21,8.19724E+15,4.88628E+16
41112,8.17021E+18,8,2,15,66,2017,2,5,3,3,2,6,0,1,0,0,0,2,0,4.57312E+20,5.45224E+21,8.41376E+15,4.92214E+16
41113,8.17021E+18,8,2,12,0,2017,2,15,3,3,8,1,0,1,0,0,0,0,0,4.55753E+20,5.43473E+21,8.39428E+15,4.90639E+16
41114,8.1702E+18,8,4,25,88,2017,2,12,6,3,2,6,0,1,0,0,0,0,0,5.62445E+20,5.35011E+21,9.84203E+15,4.83011E+16
41115,8.1702E+18,8,4,16,23,2017,2,14,6,2,5,3,0,1,0,0,1,0,0,5.09428E+20,5.37148E+21,9.12762E+15,4.84963E+16
41116,8.1702E+18,8,4,15,61,2017,2,13,6,3,2,6,0,1,0,0,0,0,1,5.1621E+20,5.37203E+21,9.21944E+15,4.85012E+16
41117,8.1702E+18,8,3,37,90,2017,2,7,6,2,6,4,0,1,1,0,0,2,1,4.2402E+20,5.27495E+21,7.98877E+15,4.76235E+16
41118,8.1702E+18,8,3,36,69,2017,2,17,6,3,2,6,0,1,0,0,0,0,0,4.06884E+20,5.26909E+21,7.762E+15,4.75685E+16
41119,8.1702E+18,8,4,36,64,2017,2,15,6,3,2,6,0,1,0,0,1,0,1,5.46306E+20,5.29218E+21,9.61815E+15,4.77813E+16
41120,8.1702E+18,8,3,35,75,2017,2,15,6,3,3,6,0,1,0,0,0,0,0,4.92007E+20,5.29242E+21,8.89329E+15,4.77851E+16
41121,8.17021E+18,8,2,12,0,2017,2,12,3,3,3,2,1,1,0,0,0,0,0,4.56377E+20,5.42663E+21,8.4037E+15,4.8991E+16
41122,8.17021E+18,8,1,16,15,2017,2,7,3,3,2,6,0,1,0,0,0,0,0,5.22543E+20,5.39327E+21,9.30632E+15,4.86921E+16
41123,8.17021E+18,8,1,11,0,2017,2,19,3,3,3,6,0,1,0,0,1,0,0,5.12684E+20,5.39466E+21,9.17239E+15,4.87048E+16
41124,8.17021E+18,8,1,35,19,2017,2,21,3,3,5,2,0,1,0,0,0,2,1,5.85292E+20,5.3922E+21,1.01586E+16,4.8677E+16
41125,8.1702E+18,8,3,26,74,2017,2,15,6,2,5,3,0,1,0,1,0,0,1,4.61066E+20,5.32382E+21,8.47739E+15,4.80664E+16
41126,8.1702E+18,8,3,26,12,2017,2,11,6,3,2,6,0,1,0,0,1,0,0,4.62011E+20,5.31261E+21,8.49107E+15,4.79657E+16
41127,8.1702E+18,8,3,26,27,2017,2,15,6,3,2,6,0,1,0,0,0,0,0,4.64015E+20,5.30984E+21,8.51814E+15,4.79408E+16
41128,8.1702E+18,8,3,17,96,2017,2,16,6,3,2,6,0,1,0,0,0,0,0,4.23432E+20,5.37391E+21,7.96322E+15,4.85137E+16
41129,8.17021E+18,8,1,25,110,2017,2,6,3,2,4,2,0,1,0,1,0,2,0,5.24496E+20,5.44368E+21,9.33589E+15,4.91455E+16
41130,8.1702E+18,8,3,17,96,2017,2,8,6,3,8,7,0,1,0,0,0,0,1,4.23654E+20,5.37464E+21,7.96609E+15,4.85202E+16
41131,8.17021E+18,8,1,25,98,2017,2,18,3,3,1,6,0,1,0,0,0,2,0,5.19824E+20,5.43725E+21,9.2715E+15,4.90878E+16
41132,8.1702E+18,8,3,17,26,2017,2,14,6,3,4,1,0,1,0,0,0,0,0,4.09904E+20,5.34761E+21,7.78572E+15,4.82753E+16
41133,8.1702E+18,8,3,17,59,2017,2,13,6,3,2,2,0,1,0,0,0,0,0,4.12039E+20,5.3508E+21,7.81382E+15,4.83042E+16
41134,8.1702E+18,8,3,17,96,2017,2,15,6,3,2,6,0,1,0,0,1,0,0,4.20888E+20,5.37568E+21,7.92845E+15,4.85293E+16
41135,8.1702E+18,8,3,16,56,2017,2,19,6,3,5,3,0,1,0,0,0,2,0,4.1872E+20,5.32657E+21,7.90854E+15,4.80872E+16
41136,8.1702E+18,8,3,16,12,2017,2,9,6,3,5,3,0,1,0,0,0,0,1,3.98733E+20,5.3322E+21,7.63888E+15,4.8135E+16
41137,8.1702E+18,8,3,11,0,2017,2,19,6,3,2,1,0,1,0,0,0,2,1,4.11392E+20,5.3198E+21,7.81156E+15,4.80253E+16
41138,8.1702E+18,8,3,15,13,2017,2,7,6,3,5,3,0,1,0,0,0,2,1,4.04926E+20,5.32351E+21,7.72404E+15,4.80578E+16
41139,8.1702E+18,8,3,15,47,2017,2,18,6,3,2,6,0,1,0,0,0,2,0,4.15049E+20,5.32249E+21,7.86007E+15,4.80501E+16
41140,8.1702E+18,8,2,26,103,2017,2,19,6,3,2,6,0,1,0,0,0,2,0,4.72548E+20,5.4587E+21,8.62255E+15,4.92804E+16
41141,8.1702E+18,8,2,15,9,2017,2,5,6,2,4,6,0,1,0,0,0,2,1,4.67475E+20,5.43981E+21,8.55434E+15,4.91103E+16
41142,8.1702E+18,8,2,15,17,2017,2,15,6,3,4,2,0,1,0,0,0,0,0,4.56512E+20,5.42316E+21,8.40591E+15,4.89598E+16
41143,8.1702E+18,8,2,15,46,2017,2,16,6,3,2,6,0,1,0,0,0,0,0,4.48643E+20,5.41564E+21,8.29937E+15,4.88915E+16
41144,8.1702E+18,8,2,37,2,2017,2,13,6,3,2,6,0,1,0,0,0,0,1,4.56597E+20,5.35578E+21,8.41414E+15,4.83537E+16
41145,8.1702E+18,8,2,35,66,2017,2,23,6,2,4,6,0,1,0,0,0,2,1,4.64262E+20,5.38703E+21,8.51493E+15,4.86353E+16
41146,8.1702E+18,8,2,35,46,2017,2,23,6,3,9,1,0,1,0,0,0,2,0,4.79834E+20,5.37575E+21,8.72683E+15,4.85345E+16
41147,8.1702E+18,8,2,35,46,2017,2,16,6,2,4,2,1,1,0,0,0,0,0,4.80069E+20,5.37704E+21,8.72995E+15,4.85462E+16
41148,8.1702E+18,8,2,31,0,2017,2,7,6,3,6,2,0,1,1,0,0,1,1,4.75339E+20,5.41504E+21,8.66359E+15,4.88878E+16
41149,8.1702E+18,8,2,26,48,2017,2,7,6,3,5,3,0,1,0,0,0,2,0,4.8535E+20,5.46471E+21,8.79834E+15,4.93349E+16
41150,8.1702E+18,8,2,25,1,2017,2,19,6,3,4,6,0,1,0,0,0,2,0,5.28562E+20,5.47175E+21,9.39365E+15,4.93978E+16
41151,8.1702E+18,8,2,25,82,2017,2,7,6,2,6,4,0,1,1,0,0,2,0,5.32966E+20,5.48166E+21,9.45516E+15,4.94867E+16
41152,8.1702E+18,8,2,26,96,2017,2,10,6,1,4,6,0,1,0,0,1,0,1,4.7543E+20,5.4909E+21,8.66019E+15,4.95702E+16
41153,8.1702E+18,8,2,16,43,2017,2,15,6,3,2,6,0,1,0,0,0,0,0,4.44943E+20,5.41232E+21,8.24934E+15,4.88614E+16
41154,8.1702E+18,8,2,15,7,2017,2,7,6,3,2,6,0,1,0,0,0,0,1,4.7847E+20,5.431E+21,8.70545E+15,4.90315E+16
41155,8.17021E+18,8,1,19,79,2017,2,18,3,3,2,6,0,1,0,0,0,2,0,5.22736E+20,5.40762E+21,9.30973E+15,4.88212E+16
41156,8.17021E+18,8,1,19,93,2017,2,7,3,3,5,3,0,1,0,0,1,0,0,5.24828E+20,5.40388E+21,9.33801E+15,4.87874E+16
41157,8.17021E+18,8,1,19,44,2017,2,13,3,3,2,2,0,1,0,0,0,0,0,5.41321E+20,5.42598E+21,9.56478E+15,4.89853E+16
41158,8.17021E+18,8,1,15,24,2017,2,12,3,2,0,1,0,0,0,1,0,0,0,5.01077E+20,5.3867E+21,9.01462E+15,4.86334E+16
41159,8.1702E+18,8,2,12,0,2017,2,16,6,3,2,2,0,1,0,0,0,0,0,4.55777E+20,5.43133E+21,8.39498E+15,4.90333E+16
41160,8.17021E+18,8,1,17,51,2017,2,15,3,3,5,3,1,1,0,0,0,0,0,5.42104E+20,5.39555E+21,9.57235E+15,4.87115E+16
41161,8.17021E+18,8,1,16,77,2017,2,6,3,3,2,6,0,1,0,0,0,2,0,5.16096E+20,5.39237E+21,9.21869E+15,4.86842E+16
41162,8.1702E+18,8,3,17,1,2017,2,8,6,3,8,7,0,0,0,0,1,0,1,4.27517E+20,5.38615E+21,8.01639E+15,4.86242E+16
41163,8.1702E+18,8,1,18,63,2017,2,15,6,3,2,6,0,1,0,0,0,0,0,5.16401E+20,5.42371E+21,9.22408E+15,4.89661E+16
41164,8.1702E+18,8,1,18,51,2017,2,17,6,3,2,6,0,1,0,0,0,1,0,5.09915E+20,5.41314E+21,9.13521E+15,4.88711E+16
41165,8.1702E+18,8,1,36,7,2017,2,13,6,3,5,3,0,1,0,0,0,0,1,5.72574E+20,5.40037E+21,9.98735E+15,4.87521E+16
41166,8.1702E+18,8,1,36,65,2017,2,8,6,3,2,6,0,1,0,0,0,0,0,5.58784E+20,5.40608E+21,9.80057E+15,4.8805E+16
41167,8.1702E+18,8,1,36,19,2017,2,7,6,3,1,6,0,1,0,0,0,0,1,5.82392E+20,5.42334E+21,1.01255E+16,4.89575E+16
41168,8.1702E+18,8,1,36,50,2017,2,6,6,3,2,6,0,1,0,1,0,2,1,5.82843E+20,5.40505E+21,1.0128E+16,4.8793E+16
41169,8.1702E+18,8,1,27,100,2017,2,20,6,3,2,6,0,1,0,0,1,2,1,5.52365E+20,5.43762E+21,9.71722E+15,4.90892E+16
41170,8.1702E+18,8,1,21,0,2017,2,18,6,2,6,2,0,1,1,0,0,2,0,5.16726E+20,5.4429E+21,9.22931E+15,4.91387E+16
41171,8.1702E+18,8,1,25,94,2017,2,13,6,3,9,1,0,1,0,0,1,0,1,5.13765E+20,5.43764E+21,9.18854E+15,4.90915E+16
41172,8.1702E+18,8,1,21,0,2017,2,20,6,3,6,4,0,1,1,0,0,2,0,5.15626E+20,5.4426E+21,9.21422E+15,4.9136E+16
41173,8.17021E+18,8,1,16,78,2017,2,18,3,3,2,6,0,1,0,0,0,2,0,5.10642E+20,5.3933E+21,9.14461E+15,4.86926E+16
41174,8.1702E+18,8,1,19,20,2017,2,10,6,3,2,6,0,1,0,0,0,0,0,5.18191E+20,5.40784E+21,9.24783E+15,4.88233E+16
41175,8.1702E+18,8,1,19,38,2017,2,6,6,3,6,4,0,0,1,0,1,1,1,5.24833E+20,5.42109E+21,9.33912E+15,4.89422E+16
41176,8.17021E+18,8,1,16,14,2017,2,6,3,3,4,2,1,1,0,0,0,2,1,5.27016E+20,5.39588E+21,9.36727E+15,4.87154E+16
41177,8.1702E+18,8,1,19,69,2017,2,6,6,3,8,6,0,1,0,0,0,1,0,5.30354E+20,5.42989E+21,9.41517E+15,4.90212E+16
41178,8.17021E+18,8,1,15,24,2017,2,5,3,3,8,1,0,1,0,0,0,2,0,5.02026E+20,5.38738E+21,9.0275E+15,4.86395E+16
41179,8.1702E+18,8,1,18,67,2017,2,17,6,3,2,6,0,1,0,0,0,1,0,5.06744E+20,5.41508E+21,9.092E+15,4.88886E+16
41180,8.1702E+18,8,1,17,2,2017,2,13,6,3,2,6,0,1,0,0,0,0,0,5.47367E+20,5.38318E+21,9.64247E+15,4.85999E+16
41181,8.1702E+18,8,1,16,80,2017,2,17,6,3,2,6,0,1,0,0,0,1,0,5.18631E+20,5.39486E+21,9.25324E+15,4.87065E+16
41182,8.1702E+18,8,4,16,36,2017,2,14,6,2,5,3,1,1,0,0,0,0,0,4.95039E+20,5.36882E+21,8.93287E+15,4.84725E+16
41183,8.1702E+18,8,1,15,10,2017,2,12,6,3,5,3,0,1,0,0,0,0,0,4.86188E+20,5.38888E+21,8.81247E+15,4.86528E+16
41184,8.1702E+18,8,1,15,21,2017,2,21,6,2,5,3,0,1,0,0,0,2,0,4.89605E+20,5.38253E+21,8.85902E+15,4.85957E+16
41185,8.1702E+18,8,1,11,0,2017,2,23,6,3,2,6,0,1,0,0,0,2,0,5.14818E+20,5.40469E+21,9.20177E+15,4.8795E+16
41186,8.1702E+18,8,1,11,0,2017,2,17,6,3,2,6,0,1,0,0,0,2,0,5.16009E+20,5.40438E+21,9.21797E+15,4.87922E+16
41187,8.1702E+18,8,1,11,0,2017,2,4,6,3,1,1,0,1,0,1,0,2,0,5.11627E+20,5.4065E+21,9.15836E+15,4.88114E+16
41188,8.1702E+18,8,1,11,0,2017,2,10,6,3,2,6,0,1,0,0,1,0,1,5.15257E+20,5.40563E+21,9.20778E+15,4.88035E+16
41189,8.1702E+18,8,1,11,0,2017,2,18,6,3,2,6,0,1,0,0,0,2,0,5.15853E+20,5.40461E+21,9.21586E+15,4.87943E+16
41190,8.17021E+18,8,4,37,47,2017,2,10,2,3,8,6,0,1,0,0,0,0,0,5.20985E+20,5.33878E+21,9.28242E+15,4.82019E+16
41191,8.17021E+18,8,4,36,14,2017,2,11,2,3,0,7,0,0,0,0,1,0,1,5.56157E+20,5.29968E+21,9.75062E+15,4.7848E+16
41192,8.17021E+18,8,4,35,59,2017,2,13,2,3,2,6,0,1,0,1,0,0,0,5.13779E+20,5.29129E+21,9.18391E+15,4.77748E+16
41193,8.1702E+18,8,4,36,55,2017,2,7,5,3,5,3,0,1,0,0,0,0,1,5.76389E+20,5.2972E+21,1.00206E+16,4.78237E+16
41194,8.1702E+18,8,4,35,24,2017,2,17,5,3,2,6,0,1,0,0,1,1,1,5.29523E+20,5.2799E+21,9.39328E+15,4.76718E+16
41195,8.17021E+18,8,4,36,8,2017,2,16,2,3,2,2,0,1,0,0,0,0,0,5.50259E+20,5.30873E+21,9.67285E+15,4.79299E+16
41196,8.1702E+18,8,4,17,79,2017,2,13,5,3,2,6,0,1,0,0,0,0,1,4.96529E+20,5.34023E+21,8.95328E+15,4.82152E+16
41197,8.17021E+18,8,4,26,21,2017,2,6,2,3,4,2,1,1,0,0,0,2,1,5.57715E+20,5.32709E+21,9.77513E+15,4.80945E+16
41198,8.1702E+18,8,4,16,25,2017,2,17,5,3,1,6,0,1,0,0,0,1,0,5.00791E+20,5.36065E+21,9.01069E+15,4.8399E+16
41199,8.1702E+18,8,4,16,31,2017,2,15,5,3,2,6,0,1,0,0,0,0,0,5.03332E+20,5.36359E+21,9.04504E+15,4.84254E+16
41200,8.1702E+18,8,4,16,41,2017,2,10,5,3,2,6,0,1,0,0,0,0,1,5.05005E+20,5.3735E+21,9.06778E+15,4.85146E+16
41201,8.1702E+18,8,3,37,62,2017,2,15,5,3,5,3,0,1,0,0,1,0,0,4.56566E+20,5.27779E+21,8.42162E+15,4.76521E+16
41202,8.1702E+18,8,3,37,66,2017,2,7,5,3,1,6,0,1,0,0,0,0,1,4.30897E+20,5.2695E+21,8.08114E+15,4.75752E+16
41203,8.1702E+18,8,3,35,75,2017,2,19,5,3,3,6,0,1,0,0,0,2,0,4.87968E+20,5.28999E+21,8.83943E+15,4.77631E+16
41204,8.1702E+18,8,3,35,77,2017,2,7,5,2,5,2,0,1,0,0,1,2,1,4.93619E+20,5.2909E+21,8.91484E+15,4.77715E+16
41205,8.1702E+18,8,3,27,55,2017,2,6,5,3,8,1,0,1,0,0,0,2,1,4.78602E+20,5.32008E+21,8.71297E+15,4.80337E+16
41206,8.1702E+18,8,3,25,53,2017,2,12,5,3,2,2,0,1,0,0,0,0,0,4.58294E+20,5.34401E+21,8.4382E+15,4.82479E+16
41207,8.1702E+18,8,3,26,37,2017,2,8,5,3,4,1,0,1,0,0,0,0,1,4.56771E+20,5.32947E+21,8.41917E+15,4.8117E+16
41208,8.1702E+18,8,4,17,79,2017,2,16,5,2,5,3,0,1,0,0,0,0,1,5.05074E+20,5.3444E+21,9.06835E+15,4.82528E+16
41209,8.1702E+18,8,3,17,9,2017,2,13,5,3,3,6,0,1,0,0,0,0,0,4.24825E+20,5.36325E+21,7.984E+15,4.84179E+16
41210,8.17021E+18,8,4,21,0,2017,2,13,2,3,5,3,0,1,0,0,0,0,0,5.71997E+20,5.35394E+21,9.97147E+15,4.83345E+16
41211,8.17021E+18,8,4,25,31,2017,2,15,2,3,5,6,0,1,0,0,0,0,0,5.62868E+20,5.3735E+21,9.85124E+15,4.85115E+16
41212,8.17021E+18,8,4,16,36,2017,2,11,2,1,4,6,0,1,0,0,1,0,0,4.83775E+20,5.37295E+21,8.78033E+15,4.85094E+16
41213,8.17021E+18,8,4,15,61,2017,2,16,2,3,2,6,0,1,0,0,0,0,0,5.15208E+20,5.37212E+21,9.20587E+15,4.8502E+16
41214,8.17021E+18,8,3,37,38,2017,2,15,2,3,6,3,0,0,1,0,1,0,0,4.30768E+20,5.27689E+21,8.07826E+15,4.76417E+16
41215,8.17021E+18,8,3,35,43,2017,2,11,2,3,0,3,1,1,0,0,0,0,0,5.11458E+20,5.28744E+21,9.15283E+15,4.77402E+16
41216,8.1702E+18,8,3,17,153,2017,2,7,5,3,7,7,0,1,0,0,0,1,1,4.24577E+20,5.38912E+21,7.97596E+15,4.86505E+16
41217,8.1702E+18,8,3,15,22,2017,2,6,5,3,5,3,0,1,0,1,0,1,1,3.9816E+20,5.30141E+21,7.63849E+15,4.78579E+16
41218,8.1702E+18,8,3,15,84,2017,2,11,5,2,8,1,0,1,0,0,0,0,1,4.2015E+20,5.30605E+21,7.93156E+15,4.79028E+16
41219,8.1702E+18,8,3,15,70,2017,2,17,5,1,4,1,0,1,0,0,0,1,0,4.51939E+20,5.30378E+21,8.35713E+15,4.78856E+16
41220,8.1702E+18,8,2,12,0,2017,2,0,5,1,6,4,0,1,1,0,0,2,1,4.59896E+20,5.428E+21,8.45166E+15,4.90036E+16
41221,8.1702E+18,8,2,15,109,2017,2,18,5,3,4,2,0,1,0,0,0,2,1,4.61057E+20,5.43821E+21,8.46656E+15,4.90955E+16
41222,8.1702E+18,8,2,12,0,2017,2,8,5,3,0,1,1,0,0,0,0,0,0,4.55779E+20,5.43131E+21,8.39501E+15,4.90331E+16