OBJECTID,UIDENTSTLA,ULAND,UREGBEZ,UKREIS,UGEMEINDE,UJAHR,UMONAT,USTUNDE,UWOCHENTAG,UKATEGORIE,UART,UTYP1,IstRad,IstPKW,IstFuss,IstKrad,IstSonstig,LICHT,STRZUSTAND,LINREFX,LINREFY,XGCSWGS84,YGCSWGS84
41223,8.1702E+18,8,2,12,0,2017,2,16,5,3,2,6,0,1,0,0,0,0,0,4.60829E+20,5.42389E+21,8.46482E+15,4.89667E+16
41224,8.1702E+18,8,2,37,27,2017,2,12,5,3,6,4,0,1,1,0,0,0,0,4.84626E+20,5.36745E+21,8.79205E+15,4.846E+16
41225,8.1702E+18,8,2,31,0,2017,2,6,5,3,9,1,0,1,0,0,0,2,2,4.79404E+20,5.41157E+21,8.71922E+15,4.88568E+16
41226,8.1702E+18,8,2,22,0,2017,2,19,5,3,8,1,0,1,0,0,0,2,0,4.60222E+20,5.49268E+21,8.44968E+15,4.95854E+16
41227,8.1702E+18,8,2,22,0,2017,2,14,5,3,2,6,0,1,0,0,1,0,0,4.62599E+20,5.47981E+21,8.48378E+15,4.94698E+16
41228,8.1702E+18,8,2,22,0,2017,2,16,5,2,2,6,0,1,0,0,1,0,0,4.64796E+20,5.48513E+21,8.51363E+15,4.95178E+16
41229,8.1702E+18,8,2,16,63,2017,2,6,5,3,9,1,0,1,0,0,0,2,1,4.31497E+20,5.39944E+21,8.06819E+15,4.87442E+16
41230,8.1702E+18,8,2,16,41,2017,2,7,5,3,3,2,0,1,0,1,0,2,1,4.36231E+20,5.39135E+21,8.13382E+15,4.8672E+16
41231,8.1702E+18,8,2,16,28,2017,2,12,5,3,7,2,0,1,0,0,1,0,0,4.26201E+20,5.39718E+21,7.99656E+15,4.87233E+16
41232,8.1702E+18,8,2,12,0,2017,2,16,5,3,2,2,1,1,0,0,0,0,0,4.54043E+20,5.42826E+21,8.37161E+15,4.90055E+16
41233,8.1702E+18,8,2,12,0,2017,2,7,5,3,2,6,0,1,0,0,0,0,1,4.56407E+20,5.42551E+21,8.40423E+15,4.89809E+16
41234,8.1702E+18,8,2,11,0,2017,2,21,5,3,9,1,0,1,0,0,0,2,1,4.41151E+20,5.40897E+21,8.19812E+15,4.88309E+16
41235,8.1702E+18,8,2,11,0,2017,2,11,5,2,0,7,1,0,0,0,0,0,0,4.42318E+20,5.40321E+21,8.21483E+15,4.87793E+16
41236,8.1702E+18,8,1,25,49,2017,2,14,5,3,2,7,0,1,0,0,1,0,0,4.99456E+20,5.45181E+21,8.99252E+15,4.92191E+16
41237,8.1702E+18,8,1,15,45,2017,2,8,5,3,2,6,0,1,0,0,1,0,0,5.04195E+20,5.39728E+21,9.05704E+15,4.87285E+16
41238,8.1702E+18,8,1,15,13,2017,2,16,5,3,3,6,0,1,0,0,1,0,0,4.96052E+20,5.38839E+21,8.9464E+15,4.86486E+16
41239,8.1702E+18,8,1,15,28,2017,2,17,5,3,2,6,0,1,0,0,0,2,0,4.98564E+20,5.40385E+21,8.98045E+15,4.87876E+16
41240,8.1702E+18,8,1,36,70,2017,2,14,5,3,2,6,0,1,0,0,0,0,0,5.60785E+20,5.40956E+21,9.82834E+15,4.88361E+16
41241,8.1702E+18,8,1,36,88,2017,2,18,5,2,5,3,0,1,0,1,0,2,0,5.82178E+20,5.40872E+21,1.01196E+16,4.8826E+16
41242,8.1702E+18,8,1,28,131,2017,2,17,5,2,5,3,0,1,0,1,0,1,0,5.33324E+20,5.5095E+21,9.46246E+15,4.97371E+16
41243,8.1702E+18,8,1,27,32,2017,2,7,5,2,8,1,0,1,0,0,0,1,2,5.64429E+20,5.45048E+21,9.88449E+15,4.92037E+16
41244,8.1702E+18,8,1,19,20,2017,2,19,5,3,2,6,0,1,0,0,0,2,0,5.19341E+20,5.40882E+21,9.26354E+15,4.88321E+16
41245,8.1702E+18,8,1,19,53,2017,2,13,5,3,2,6,0,1,0,0,0,0,0,5.33872E+20,5.42647E+21,9.463E+15,4.89902E+16
41246,8.1702E+18,8,1,18,78,2017,2,11,5,3,2,6,0,1,0,0,0,0,1,5.12878E+20,5.41949E+21,9.17582E+15,4.89282E+16
41247,8.1702E+18,8,1,18,48,2017,2,17,5,3,6,4,0,1,1,0,0,1,0,5.14212E+20,5.41633E+21,9.19392E+15,4.88998E+16
41248,8.1702E+18,8,1,18,48,2017,2,17,5,3,2,6,0,1,0,0,0,0,0,5.12717E+20,5.41835E+21,9.17357E+15,4.8918E+16
41249,8.1702E+18,8,2,36,25,2017,2,11,5,2,8,7,0,1,0,0,0,0,0,4.90591E+20,5.40837E+21,8.87181E+15,4.88282E+16
41250,8.1702E+18,8,1,16,56,2017,2,20,5,3,6,4,0,1,1,0,0,2,0,5.3047E+20,5.39592E+21,9.41423E+15,4.87156E+16
41251,8.1702E+18,8,1,11,0,2017,2,12,5,3,2,6,0,1,0,0,0,0,0,5.12833E+20,5.40187E+21,9.17465E+15,4.87697E+16
41252,8.1702E+18,8,4,26,125,2017,2,7,4,3,8,1,0,1,0,0,0,0,1,5.76843E+20,5.33737E+21,1.00338E+16,4.81849E+16
41253,8.1702E+18,8,4,26,11,2017,2,7,4,3,2,6,0,1,0,0,0,1,1,5.51612E+20,5.32941E+21,9.69344E+15,4.81158E+16
41254,8.1702E+18,8,4,25,33,2017,2,16,4,2,0,3,0,1,0,0,0,1,1,5.55689E+20,5.34801E+21,9.75066E+15,4.82828E+16
41255,8.1702E+18,8,4,25,39,2017,2,12,4,3,3,6,0,1,0,0,0,0,1,5.63701E+20,5.34772E+21,9.8586E+15,4.82795E+16
41256,8.1702E+18,8,4,16,41,2017,2,5,4,3,5,3,0,1,0,0,0,2,0,5.04304E+20,5.37178E+21,9.05826E+15,4.84991E+16
41257,8.1702E+18,8,4,15,61,2017,2,21,4,3,5,3,0,1,0,0,0,2,1,5.16278E+20,5.37232E+21,9.22037E+15,4.85038E+16
41258,8.1702E+18,8,3,37,106,2017,2,12,4,2,9,1,0,1,0,0,0,0,1,4.5581E+20,5.28888E+21,8.41042E+15,4.77518E+16
41259,8.1702E+18,8,3,26,17,2017,2,19,4,3,0,7,0,1,0,0,0,2,2,4.40694E+20,5.32248E+21,8.20415E+15,4.80528E+16
41260,8.1702E+18,8,3,26,74,2017,2,15,4,3,5,3,0,1,0,0,0,0,1,4.65127E+20,5.3238E+21,8.5319E+15,4.80665E+16
41261,8.1702E+18,8,3,26,74,2017,2,21,4,3,5,3,0,1,0,0,0,2,1,4.65655E+20,5.3238E+21,8.53899E+15,4.80666E+16
41262,8.1702E+18,8,3,17,9,2017,2,9,4,2,4,6,0,1,0,0,1,0,1,4.25776E+20,5.36226E+21,7.99702E+15,4.84091E+16
41263,8.1702E+18,8,3,17,96,2017,2,12,4,2,1,7,0,1,0,0,1,0,1,4.19785E+20,5.36921E+21,7.91474E+15,4.84709E+16
41264,8.1702E+18,8,3,16,24,2017,2,7,4,3,3,7,0,1,0,1,0,1,1,4.09474E+20,5.33437E+21,7.78276E+15,4.81561E+16
41265,8.1702E+18,8,3,11,0,2017,2,17,4,3,0,7,0,1,0,0,0,1,1,4.13311E+20,5.31604E+21,7.83806E+15,4.79918E+16
41266,8.1702E+18,8,3,15,132,2017,2,12,4,3,2,6,0,1,0,0,0,0,1,4.09113E+20,5.32266E+21,7.7804E+15,4.80508E+16
41267,8.1702E+18,8,3,36,50,2017,2,6,4,2,6,4,0,1,1,0,0,2,1,3.99245E+20,5.27524E+21,7.65905E+15,4.76227E+16
41268,8.17021E+18,8,3,35,79,2017,2,6,2,2,6,4,0,1,1,0,0,2,1,5.00407E+20,5.29971E+21,9.00544E+15,4.78507E+16
41269,8.1702E+18,8,3,36,50,2017,2,11,4,3,6,2,0,1,1,0,0,0,0,3.99639E+20,5.27388E+21,7.6646E+15,4.76105E+16
41270,8.1702E+18,8,3,16,17,2017,2,18,4,1,9,6,0,1,0,0,0,2,1,4.1706E+20,5.34019E+21,7.8836E+15,4.82095E+16
41271,8.17021E+18,8,3,27,18,2017,2,19,2,3,2,6,0,1,0,0,0,2,0,4.75885E+20,5.30723E+21,8.67723E+15,4.7918E+16
41272,8.17021E+18,8,3,35,75,2017,2,19,2,3,9,6,0,1,0,0,0,2,0,4.91909E+20,5.29252E+21,8.89198E+15,4.7786E+16
41273,8.1702E+18,8,3,11,0,2017,2,17,4,3,1,1,0,1,0,0,0,2,0,4.10699E+20,5.32077E+21,7.80207E+15,4.8034E+16
41274,8.1702E+18,8,3,11,0,2017,2,12,4,3,6,2,0,1,1,0,0,0,0,4.14341E+20,5.31675E+21,7.85172E+15,4.79983E+16
41275,8.1702E+18,8,2,26,96,2017,2,18,4,3,2,6,0,1,0,0,0,2,0,4.73642E+20,5.49176E+21,8.63539E+15,4.95778E+16
41276,8.1702E+18,8,2,22,0,2017,2,17,4,3,2,6,0,1,0,0,0,1,0,4.68107E+20,5.47797E+21,8.55996E+15,4.94536E+16
41277,8.1702E+18,8,2,26,76,2017,2,16,4,3,2,6,0,1,0,0,0,0,0,4.73206E+20,5.46629E+21,8.63109E+15,4.93488E+16
41278,8.1702E+18,8,2,12,0,2017,2,6,4,3,4,2,1,1,0,0,0,2,0,4.53056E+20,5.42876E+21,8.35806E+15,4.901E+16
41279,8.1702E+18,8,2,15,9,2017,2,20,4,2,2,2,0,1,0,0,0,2,1,4.7164E+20,5.44045E+21,8.61135E+15,4.91162E+16
41280,8.1702E+18,8,2,36,28,2017,2,16,4,3,6,4,0,1,1,0,0,2,1,4.94125E+20,5.42269E+21,8.91975E+15,4.89571E+16
41281,8.1702E+18,8,2,26,84,2017,2,10,4,3,2,6,0,1,0,0,0,0,0,4.67558E+20,5.46817E+21,8.55317E+15,4.93654E+16
41282,8.1702E+18,8,2,21,0,2017,2,15,4,3,1,6,0,1,0,0,0,0,0,4.77009E+20,5.47494E+21,8.68295E+15,4.94267E+16
41283,8.1702E+18,8,2,26,98,2017,2,17,4,3,6,4,0,1,1,0,0,0,1,4.78162E+20,5.46083E+21,8.69963E+15,4.92998E+16
41284,8.1702E+18,8,2,21,0,2017,2,8,4,3,5,3,1,1,0,0,0,0,0,4.77711E+20,5.47265E+21,8.69276E+15,4.94062E+16
41285,8.1702E+18,8,2,26,49,2017,2,18,4,3,5,3,0,1,0,0,1,2,0,4.8652E+20,5.46311E+21,8.81452E+15,4.93206E+16
41286,8.1702E+18,8,2,16,7,2017,2,12,4,3,2,6,0,1,0,0,1,0,1,4.34559E+20,5.3973E+21,8.11017E+15,4.87253E+16
41287,8.1702E+18,8,2,15,29,2017,2,17,4,3,2,6,0,1,0,0,0,1,0,4.66897E+20,5.44859E+21,8.5457E+15,4.91892E+16
41288,8.17021E+18,8,3,35,63,2017,2,15,2,3,6,7,0,1,1,0,0,0,0,4.97621E+20,5.29068E+21,8.96825E+15,4.77695E+16
41289,8.17021E+18,8,3,17,34,2017,2,7,2,3,5,3,0,1,0,1,0,1,1,4.25883E+20,5.36342E+21,7.99826E+15,4.84195E+16
41290,8.17021E+18,8,3,17,89,2017,2,16,2,3,5,3,1,1,0,0,0,0,0,4.28702E+20,5.37642E+21,8.03413E+15,4.85368E+16
41291,8.1702E+18,8,2,15,17,2017,2,16,4,3,4,2,0,1,0,0,0,2,1,4.53774E+20,5.42148E+21,8.3687E+15,4.89445E+16
41292,8.1702E+18,8,2,15,109,2017,2,14,4,3,2,2,0,1,0,0,0,0,1,4.61717E+20,5.44041E+21,8.47538E+15,4.91153E+16
41293,8.17021E+18,8,3,17,116,2017,2,13,2,3,5,3,0,1,0,0,0,0,0,4.33139E+20,5.38786E+21,8.0924E+15,4.86403E+16
41294,8.1702E+18,8,3,17,110,2017,2,10,4,2,5,3,1,1,0,0,0,0,1,4.27574E+20,5.38255E+21,8.0178E+15,4.85918E+16
41295,8.1702E+18,8,1,15,28,2017,2,6,4,3,2,6,0,1,0,0,0,2,1,5.02219E+20,5.40168E+21,9.0302E+15,4.87681E+16
41296,8.1702E+18,8,1,26,46,2017,2,17,4,3,2,6,0,1,0,0,0,1,0,5.4982E+20,5.45823E+21,9.68492E+15,4.92748E+16
41297,8.1702E+18,8,1,21,0,2017,2,8,4,2,6,7,0,1,1,0,0,0,0,5.15089E+20,5.44288E+21,9.20687E+15,4.91385E+16
41298,8.1702E+18,8,1,25,58,2017,2,17,4,3,4,2,0,1,0,0,0,1,1,5.10324E+20,5.44334E+21,9.14156E+15,4.91428E+16
41299,8.1702E+18,8,1,25,110,2017,2,12,4,3,6,2,0,1,1,0,0,0,0,5.26051E+20,5.44256E+21,9.35714E+15,4.91354E+16
41300,8.1702E+18,8,1,19,41,2017,2,16,4,3,0,1,0,0,0,1,0,0,1,5.26289E+20,5.41026E+21,9.35831E+15,4.88447E+16
41301,8.1702E+18,8,1,19,93,2017,2,16,4,2,9,1,0,0,0,1,0,0,1,5.24258E+20,5.40318E+21,9.33022E+15,4.87811E+16
41302,8.1702E+18,8,1,18,80,2017,2,7,4,3,2,6,0,1,0,0,0,1,1,5.08833E+20,5.41093E+21,9.12041E+15,4.88513E+16
41303,8.1702E+18,8,4,25,8,2017,2,15,4,3,5,3,0,1,0,0,0,0,1,5.64069E+20,5.38173E+21,9.86876E+15,4.85854E+16
41304,8.1702E+18,8,4,25,108,2017,2,9,4,2,8,1,0,1,0,0,0,0,2,5.48773E+20,5.35999E+21,9.65883E+15,4.83912E+16
41305,8.1702E+18,8,1,16,7,2017,2,8,4,3,9,1,0,1,0,0,0,0,1,5.30928E+20,5.40119E+21,9.42086E+15,4.87629E+16
41306,8.1702E+18,8,1,16,56,2017,2,21,4,3,5,3,0,1,0,0,0,2,1,5.30012E+20,5.39555E+21,9.40798E+15,4.87122E+16
41307,8.1702E+18,8,1,11,0,2017,2,18,4,3,2,6,0,1,0,0,0,2,1,5.14282E+20,5.40602E+21,9.19451E+15,4.8807E+16
41308,8.17013E+18,8,4,36,9,2017,1,17,3,3,2,3,0,1,0,0,0,1,1,5.53808E+20,5.30488E+21,9.71987E+15,4.7895E+16
41309,8.17013E+18,8,4,36,55,2017,1,18,3,3,5,3,1,1,0,0,0,0,1,5.7683E+20,5.29727E+21,1.00265E+16,4.78242E+16
41310,8.17013E+18,8,4,35,59,2017,1,7,3,3,2,6,0,1,0,0,1,0,1,5.13489E+20,5.29193E+21,9.18007E+15,4.77806E+16
41311,8.17013E+18,8,4,35,13,2017,1,19,3,3,5,3,0,1,0,0,0,2,1,5.39555E+20,5.27562E+21,9.52654E+15,4.76328E+16
41312,8.17021E+18,8,3,36,91,2017,2,15,2,3,5,3,0,1,0,0,0,0,0,3.94232E+20,5.27361E+21,7.59275E+15,4.76073E+16
41313,8.17021E+18,8,2,36,46,2017,2,21,2,3,5,3,0,1,0,0,1,2,0,4.82707E+20,5.41805E+21,8.76397E+15,4.89151E+16
41314,8.17013E+18,8,4,35,57,2017,1,19,3,3,8,1,0,1,0,0,0,2,1,5.43217E+20,5.28053E+21,9.57577E+15,4.76767E+16
41315,8.17013E+18,8,4,25,8,2017,1,9,3,3,5,3,0,0,0,0,1,0,2,5.63221E+20,5.38065E+21,9.8571E+15,4.85758E+16
41316,8.17013E+18,8,4,17,31,2017,1,13,3,3,1,5,0,1,0,0,0,0,1,4.97736E+20,5.35591E+21,8.96943E+15,4.83563E+16
41317,8.17013E+18,8,4,17,22,2017,1,15,3,3,2,6,0,1,0,0,0,0,1,4.86846E+20,5.34824E+21,8.82268E+15,4.82873E+16
41318,8.17013E+18,8,4,15,61,2017,1,16,3,3,2,6,0,1,0,0,0,0,1,5.15508E+20,5.37133E+21,9.20991E+15,4.84949E+16
41319,8.17013E+18,8,4,15,61,2017,1,7,3,3,5,3,0,1,0,0,1,2,1,5.14306E+20,5.37118E+21,9.19363E+15,4.84935E+16
41320,8.17013E+18,8,3,35,77,2017,1,14,3,3,8,1,0,1,0,0,0,0,1,4.94134E+20,5.29403E+21,8.92166E+15,4.77996E+16
41321,8.17021E+18,8,2,22,0,2017,2,12,2,2,8,1,0,1,0,0,1,0,0,4.68197E+20,5.48413E+21,8.5607E+15,4.9509E+16
41322,8.17013E+18,8,4,36,78,2017,1,3,3,2,9,1,0,1,0,0,0,2,2,5.58494E+20,5.28823E+21,9.78032E+15,4.77448E+16
41323,8.17013E+18,8,3,35,22,2017,1,6,3,2,4,1,0,1,0,0,0,2,2,4.86636E+20,5.30461E+21,8.82121E+15,4.78947E+16
41324,8.17021E+18,8,2,12,0,2017,2,6,2,3,5,3,0,1,0,0,0,2,1,4.57894E+20,5.42795E+21,8.42429E+15,4.9003E+16
41325,8.17013E+18,8,3,35,63,2017,1,9,3,2,8,1,0,1,0,0,0,0,1,4.9893E+20,5.29036E+21,8.98572E+15,4.77666E+16
41326,8.17013E+18,8,4,36,9,2017,1,18,3,2,6,4,0,1,1,0,0,2,1,5.56575E+20,5.30837E+21,9.75735E+15,4.79262E+16
41327,8.17013E+18,8,4,36,82,2017,1,15,3,2,0,1,1,0,0,0,0,0,1,5.47894E+20,5.29598E+21,9.63978E+15,4.78154E+16
41328,8.17013E+18,8,3,27,38,2017,1,5,3,3,5,3,0,1,0,0,0,2,1,4.94517E+20,5.31334E+21,8.92654E+15,4.79733E+16
41329,8.17013E+18,8,3,26,61,2017,1,7,3,3,2,6,0,1,0,0,0,0,1,4.7097E+20,5.32029E+21,8.61057E+15,4.80352E+16
41330,8.17013E+18,8,3,25,24,2017,1,16,3,3,5,3,0,1,0,0,0,0,1,4.55693E+20,5.33728E+21,8.40387E+15,4.81872E+16
41331,8.17013E+18,8,3,17,96,2017,1,17,3,3,5,3,1,1,0,0,0,1,1,4.2373E+20,5.37066E+21,7.96784E+15,4.84845E+16
41332,8.17013E+18,8,3,17,96,2017,1,16,3,3,2,6,0,1,0,0,0,1,1,4.21585E+20,5.36968E+21,7.93901E+15,4.84754E+16
41333,8.17013E+18,8,3,17,65,2017,1,17,3,2,6,4,0,1,1,0,0,2,1,4.16198E+20,5.35447E+21,7.86917E+15,4.83379E+16
41334,8.17013E+18,8,3,17,85,2017,1,11,3,2,5,3,0,1,0,0,0,0,1,4.31857E+20,5.36092E+21,8.07939E+15,4.83978E+16
41335,8.17013E+18,8,3,16,11,2017,1,15,3,3,5,3,1,1,0,0,0,0,0,4.15132E+20,5.32955E+21,7.85978E+15,4.81136E+16
41336,8.17013E+18,8,3,16,43,2017,1,17,3,3,1,6,0,1,0,0,0,2,1,4.10145E+20,5.33015E+21,7.79266E+15,4.81183E+16
41337,8.17013E+18,8,3,16,43,2017,1,18,3,3,2,6,0,1,0,0,0,2,1,4.11877E+20,5.33168E+21,7.81562E+15,4.81322E+16
41338,8.17013E+18,8,3,36,50,2017,1,7,3,3,2,6,0,1,0,0,0,0,1,3.98821E+20,5.27458E+21,7.65356E+15,4.76167E+16
41339,8.17013E+18,8,2,12,0,2017,1,7,3,3,2,6,0,1,0,0,0,1,1,4.59434E+20,5.4245E+21,8.44569E+15,4.8972E+16
41340,8.17013E+18,8,2,15,97,2017,1,8,3,2,4,7,0,1,0,0,0,0,1,4.79979E+20,5.43867E+21,8.72572E+15,4.91005E+16
41341,8.17013E+18,8,2,15,17,2017,1,13,3,3,2,6,0,1,0,0,1,0,1,4.54376E+20,5.42418E+21,8.37662E+15,4.89689E+16
41342,8.17013E+18,8,2,35,65,2017,1,16,3,3,8,1,0,1,0,0,0,0,1,4.73461E+20,5.40584E+21,8.63857E+15,4.8805E+16
41343,8.17013E+18,8,2,36,73,2017,1,16,3,3,8,1,0,1,0,0,0,0,0,4.7865E+20,5.42192E+21,8.7084E+15,4.89499E+16
41344,8.17013E+18,8,2,25,109,2017,1,14,3,3,2,6,0,1,0,0,0,0,1,5.2381E+20,5.49626E+21,9.32963E+15,4.96184E+16
41345,8.17013E+18,8,2,22,0,2017,1,21,3,3,2,6,0,1,0,0,1,2,0,4.6073E+20,5.4882E+21,8.45716E+15,4.95451E+16
41346,8.17013E+18,8,2,22,0,2017,1,13,3,3,2,2,0,1,0,0,0,0,0,4.6701E+20,5.48124E+21,8.54454E+15,4.94829E+16
41347,8.17013E+18,8,2,26,84,2017,1,18,3,3,5,3,0,1,0,0,0,2,0,4.67945E+20,5.47193E+21,8.5582E+15,4.93992E+16
41348,8.17013E+18,8,2,15,9,2017,1,7,3,3,2,6,0,1,0,0,0,0,0,4.70099E+20,5.44339E+21,8.59002E+15,4.91427E+16
41349,8.17013E+18,8,2,15,7,2017,1,6,3,3,5,3,0,1,0,0,0,2,1,4.76633E+20,5.42894E+21,8.68044E+15,4.90129E+16
41350,8.17013E+18,8,2,16,15,2017,1,11,3,2,4,6,0,1,0,0,0,0,1,4.52963E+20,5.40866E+21,8.35909E+15,4.88292E+16
41351,8.17021E+18,8,2,12,0,2017,2,7,2,3,2,6,0,1,0,0,1,1,1,4.5941E+20,5.42755E+21,8.44507E+15,4.89995E+16
41352,8.17013E+18,8,2,16,41,2017,1,18,3,1,5,3,0,1,0,0,1,2,1,4.34454E+20,5.39291E+21,8.10945E+15,4.86858E+16
41353,8.17013E+18,8,1,18,80,2017,1,9,3,3,2,6,0,0,0,0,1,0,1,5.09035E+20,5.41133E+21,9.12317E+15,4.88549E+16
41354,8.17013E+18,8,1,18,19,2017,1,7,3,3,2,6,0,1,0,0,0,1,1,5.04996E+20,5.40696E+21,9.06805E+15,4.88156E+16
41355,8.17013E+18,8,1,15,28,2017,1,17,3,3,2,6,0,1,0,0,0,2,1,5.01185E+20,5.40371E+21,9.01613E+15,4.87863E+16
41356,8.17021E+18,8,2,31,0,2017,2,19,2,3,1,6,0,1,0,0,0,2,0,4.78832E+20,5.41458E+21,8.71127E+15,4.88838E+16
41357,8.17013E+18,8,1,26,46,2017,1,5,3,3,4,2,1,1,0,0,0,2,1,5.46142E+20,5.46146E+21,9.63472E+15,4.93041E+16
41358,8.17013E+18,8,1,18,77,2017,1,17,3,3,2,6,0,1,0,0,0,0,1,5.13488E+20,5.42313E+21,9.18426E+15,4.89609E+16
41359,8.17021E+18,8,2,31,0,2017,2,15,2,3,5,3,0,1,0,0,0,0,0,4.78372E+20,5.41562E+21,8.70494E+15,4.88932E+16
41360,8.17013E+18,8,1,17,7,2017,1,16,3,2,2,6,0,1,0,0,0,1,1,5.57378E+20,5.38351E+21,9.7783E+15,4.86021E+16
41361,8.17013E+18,8,1,16,56,2017,1,6,3,3,2,6,0,1,0,0,0,2,1,5.30156E+20,5.39539E+21,9.40993E+15,4.87108E+16
41362,8.17013E+18,8,1,16,77,2017,1,14,3,3,5,3,0,1,0,0,0,0,1,5.1662E+20,5.38978E+21,9.2257E+15,4.86608E+16
41363,8.17013E+18,8,1,16,49,2017,1,18,3,3,6,4,0,1,1,0,0,2,1,5.24409E+20,5.38776E+21,9.33135E+15,4.86424E+16
41364,8.17013E+18,8,1,11,0,2017,1,9,3,3,5,3,0,1,0,0,0,0,1,5.15562E+20,5.40596E+21,9.21194E+15,4.88065E+16
41365,8.17013E+18,8,1,11,0,2017,1,17,3,3,6,7,0,1,1,0,0,2,1,5.11496E+20,5.4105E+21,9.15669E+15,4.88474E+16
41366,8.17013E+18,8,1,11,0,2017,1,16,3,3,2,6,0,1,0,0,0,0,0,5.19814E+20,5.40046E+21,9.26959E+15,4.87568E+16
41367,8.17021E+18,8,2,36,33,2017,2,21,2,3,8,1,0,1,0,0,0,2,0,4.87024E+20,5.43088E+21,8.82248E+15,4.90307E+16
41368,8.17013E+18,8,4,37,123,2017,1,17,2,3,8,1,0,1,0,0,0,2,2,5.1103E+20,5.30933E+21,9.14769E+15,4.79372E+16
41369,8.17013E+18,8,4,35,57,2017,1,19,2,2,6,4,0,1,1,0,0,2,1,5.43032E+20,5.27922E+21,9.57317E+15,4.7665E+16
41370,8.17013E+18,8,4,35,16,2017,1,19,2,2,6,4,0,1,1,0,0,2,1,5.34392E+20,5.27802E+21,9.45799E+15,4.76547E+16
41371,8.17013E+18,8,4,37,65,2017,1,17,2,3,5,3,0,1,0,0,0,1,2,5.20502E+20,5.31714E+21,9.27487E+15,4.80072E+16
41372,8.17013E+18,8,4,17,75,2017,1,12,2,3,9,1,0,1,0,0,0,0,2,5.13281E+20,5.33719E+21,9.17869E+15,4.81878E+16
41373,8.17013E+18,8,4,16,41,2017,1,7,2,3,2,6,0,1,0,0,0,1,2,5.05075E+20,5.37069E+21,9.06869E+15,4.84893E+16
41374,8.17013E+18,8,4,15,14,2017,1,4,2,3,5,2,0,1,0,0,0,2,1,5.2701E+20,5.37295E+21,9.3657E+15,4.85091E+16
41375,8.17013E+18,8,4,16,41,2017,1,7,2,3,9,1,0,1,0,0,0,2,2,5.05062E+20,5.37023E+21,9.0685E+15,4.84852E+16
41376,8.17013E+18,8,4,15,61,2017,1,7,2,3,0,1,0,0,0,1,0,2,2,5.14256E+20,5.37141E+21,9.19296E+15,4.84956E+16
41377,8.17013E+18,8,4,15,50,2017,1,7,2,3,0,1,1,0,0,0,0,2,2,5.21414E+20,5.37671E+21,9.29013E+15,4.85431E+16
41378,8.17013E+18,8,4,15,78,2017,1,12,2,3,2,6,0,1,0,0,0,0,1,5.2946E+20,5.37087E+21,9.39872E+15,4.84903E+16
41379,8.17013E+18,8,3,36,14,2017,1,18,2,2,4,6,0,1,0,0,0,2,1,3.9337E+20,5.2787E+21,7.58004E+15,4.76529E+16
41380,8.17013E+18,8,3,36,19,2017,1,14,2,3,2,6,0,1,0,0,0,0,1,3.94908E+20,5.27578E+21,7.60121E+15,4.76269E+16
41381,8.17013E+18,8,3,35,43,2017,1,11,2,3,2,6,0,1,0,1,0,0,1,5.12613E+20,5.2807E+21,9.16805E+15,4.76795E+16
41382,8.17013E+18,8,4,36,81,2017,1,13,2,3,6,4,0,1,1,0,0,0,1,5.61359E+20,5.2838E+21,9.8179E+15,4.77047E+16
41383,8.17013E+18,8,3,35,80,2017,1,20,2,3,8,1,0,1,0,0,0,2,2,4.72451E+20,5.29505E+21,8.63204E+15,4.78082E+16
41384,8.17013E+18,8,3,35,2,2017,1,17,2,3,5,3,0,1,0,1,0,1,1,5.0541E+20,5.28514E+21,9.07213E+15,4.77196E+16
41385,8.17013E+18,8,3,17,129,2017,1,8,2,3,8,7,0,1,0,0,0,0,2,4.3009E+20,5.351E+21,8.05717E+15,4.83083E+16
41386,8.17021E+18,8,2,22,0,2017,2,18,2,3,2,6,0,1,0,0,1,2,0,4.61487E+20,5.48079E+21,8.46834E+15,4.94785E+16
41387,8.17021E+18,8,2,15,39,2017,2,3,2,3,9,1,0,1,0,0,0,2,0,4.74111E+20,5.45084E+21,8.64456E+15,4.92098E+16
41388,8.17013E+18,8,3,17,127,2017,1,6,2,3,2,6,0,1,0,0,1,2,1,4.23627E+20,5.35311E+21,7.96965E+15,4.83265E+16
41389,8.17013E+18,8,2,15,90,2017,1,20,2,3,5,3,0,1,0,0,0,2,1,4.6696E+20,5.43319E+21,8.54782E+15,4.90507E+16
41390,8.17021E+18,8,2,15,17,2017,2,17,2,3,2,3,1,1,0,0,0,0,0,4.57714E+20,5.42056E+21,8.4226E+15,4.89365E+16
41391,8.17013E+18,8,2,15,84,2017,1,6,2,3,4,1,0,1,0,0,0,2,2,4.79255E+20,5.44766E+21,8.71534E+15,4.91814E+16
41392,8.17021E+18,8,2,12,0,2017,2,16,2,3,3,6,0,1,0,0,1,0,0,4.53042E+20,5.42865E+21,8.35787E+15,4.9009E+16
41393,8.17013E+18,8,2,37,40,2017,1,5,2,3,2,2,0,1,0,0,1,2,0,4.7745E+20,5.36548E+21,8.69509E+15,4.84421E+16
41394,8.17013E+18,8,2,35,85,2017,1,8,2,3,9,7,0,1,0,0,0,0,2,4.80401E+20,5.39725E+21,8.73349E+15,4.8728E+16
41395,8.17021E+18,8,2,16,15,2017,2,16,2,2,6,4,0,1,0,0,1,0,0,4.51597E+20,5.40433E+21,8.34101E+15,4.87901E+16
41396,8.17013E+18,8,2,31,0,2017,1,16,2,2,6,4,0,1,1,0,0,0,1,4.77932E+20,5.41409E+21,8.69901E+15,4.88794E+16
41397,8.17013E+18,8,2,26,98,2017,1,7,2,3,2,6,0,1,0,0,0,1,1,4.7625E+20,5.45802E+21,8.6735E+15,4.92745E+16