OBJECTID,UIDENTSTLA,ULAND,UREGBEZ,UKREIS,UGEMEINDE,UJAHR,UMONAT,USTUNDE,UWOCHENTAG,UKATEGORIE,UART,UTYP1,IstRad,IstPKW,IstFuss,IstKrad,IstSonstig,LICHT,STRZUSTAND,LINREFX,LINREFY,XGCSWGS84,YGCSWGS84
41398,8.17013E+18,8,2,26,85,2017,1,6,2,3,2,6,0,1,0,0,0,2,2,4.86844E+20,5.45443E+21,8.81925E+15,4.92425E+16
41399,8.17013E+18,8,2,22,0,2017,1,18,2,3,6,4,0,1,1,0,0,2,1,4.6344E+20,5.47796E+21,8.49557E+15,4.94532E+16
41400,8.17013E+18,8,2,16,63,2017,1,6,2,3,4,1,0,1,0,0,0,2,2,4.31496E+20,5.39945E+21,8.06818E+15,4.87443E+16
41401,8.17013E+18,8,2,15,106,2017,1,17,2,2,8,1,0,1,0,0,0,1,1,4.6462E+20,5.45019E+21,8.51431E+15,4.92035E+16
41402,8.17013E+18,8,2,15,9,2017,1,12,2,3,5,3,0,1,0,0,0,0,1,4.70338E+20,5.44168E+21,8.59342E+15,4.91272E+16
41403,8.17013E+18,8,2,12,0,2017,1,7,2,3,3,6,1,0,0,1,0,1,1,4.60116E+20,5.42581E+21,8.45488E+15,4.89839E+16
41404,8.17013E+18,8,2,16,49,2017,1,17,2,3,2,6,0,1,0,0,0,1,1,4.38871E+20,5.40095E+21,8.16825E+15,4.87585E+16
41405,8.17013E+18,8,1,25,102,2017,1,0,2,3,2,6,0,1,0,0,0,2,1,5.22342E+20,5.44311E+21,9.30632E+15,4.91404E+16
41406,8.17013E+18,8,1,36,88,2017,1,19,2,3,2,6,0,1,0,0,0,2,1,5.82619E+20,5.40644E+21,1.01252E+16,4.88054E+16
41407,8.17013E+18,8,1,36,28,2017,1,7,2,3,6,4,0,1,1,0,0,1,1,5.67714E+20,5.40504E+21,9.922E+15,4.87947E+16
41408,8.17013E+18,8,1,28,61,2017,1,7,2,3,4,1,0,1,0,0,0,1,2,5.40669E+20,5.49569E+21,9.56296E+15,4.96124E+16
41409,8.17013E+18,8,1,28,139,2017,1,7,2,3,2,6,0,1,0,0,0,0,2,5.43417E+20,5.4883E+21,9.60019E+15,4.95457E+16
41410,8.17013E+18,8,1,28,61,2017,1,7,2,1,4,1,0,1,0,0,0,1,1,5.40528E+20,5.4956E+21,9.561E+15,4.96116E+16
41411,8.17013E+18,8,1,28,139,2017,1,7,2,3,2,1,0,1,0,0,1,1,2,5.43591E+20,5.48845E+21,9.6026E+15,4.95471E+16
41412,8.17022E+18,8,1,19,53,2017,2,12,6,3,2,6,0,1,0,0,0,0,0,5.33159E+20,5.42527E+21,9.45316E+15,4.89795E+16
41413,8.17022E+18,8,3,26,3,2017,2,11,4,3,2,1,0,1,0,0,1,0,0,4.64342E+20,5.31957E+21,8.52171E+15,4.80285E+16
41414,8.17022E+18,8,1,19,1,2017,2,0,6,2,8,6,0,1,0,0,0,2,0,5.51348E+20,5.4086E+21,9.69962E+15,4.88283E+16
41415,8.17022E+18,8,2,36,40,2017,2,23,6,3,5,3,0,1,0,0,0,2,1,4.89028E+20,5.42157E+21,8.85015E+15,4.8947E+16
41416,8.17022E+18,8,3,25,45,2017,2,8,4,3,6,4,0,1,1,0,0,0,0,4.65867E+20,5.3476E+21,8.53993E+15,4.82807E+16
41417,8.17022E+18,8,3,17,1,2017,2,11,4,3,5,3,1,1,0,0,0,0,0,4.3219E+20,5.38664E+21,8.07972E+15,4.86292E+16
41418,8.17022E+18,8,3,17,47,2017,2,11,4,3,3,6,0,1,0,0,0,0,0,4.17793E+20,5.36449E+21,7.88873E+15,4.84282E+16
41419,8.17022E+18,8,3,15,41,2017,2,18,4,3,2,2,0,1,0,0,0,2,0,4.24535E+20,5.32092E+21,7.98762E+15,4.80371E+16
41420,8.17022E+18,8,3,15,108,2017,2,15,4,2,4,1,0,1,0,0,0,0,0,4.04449E+20,5.30582E+21,7.72157E+15,4.78986E+16
41421,8.17022E+18,8,3,15,95,2017,2,15,4,2,4,6,0,0,0,1,1,0,0,4.31078E+20,5.31889E+21,8.0757E+15,4.80196E+16
41422,8.17022E+18,8,4,26,121,2017,2,19,5,2,4,6,0,0,0,0,1,2,0,5.39378E+20,5.3372E+21,9.5298E+15,4.81868E+16
41423,8.17022E+18,8,2,15,84,2017,2,12,4,3,2,6,0,1,0,0,0,0,0,4.70134E+20,5.44939E+21,8.59005E+15,4.91965E+16
41424,8.17022E+18,8,4,25,141,2017,2,7,5,3,2,6,0,1,0,0,0,0,1,5.66665E+20,5.36334E+21,9.90102E+15,4.84197E+16
41425,8.17022E+18,8,2,15,100,2017,2,12,4,2,2,6,0,0,0,0,1,0,0,4.71075E+20,5.45152E+21,8.60282E+15,4.92158E+16
41426,8.17022E+18,8,4,25,33,2017,2,22,5,3,5,3,0,1,0,0,0,2,0,5.53007E+20,5.34816E+21,9.71453E+15,4.82844E+16
41427,8.17022E+18,8,2,35,33,2017,2,9,4,2,4,1,0,1,0,0,0,0,2,4.59928E+20,5.40551E+21,8.45431E+15,4.88013E+16
41428,8.17022E+18,8,2,35,29,2017,2,11,4,3,0,1,0,1,0,0,0,0,2,4.85625E+20,5.39208E+21,8.80471E+15,4.86816E+16
41429,8.17022E+18,8,4,17,79,2017,2,16,5,3,2,2,0,1,0,0,0,0,0,5.05473E+20,5.33775E+21,9.07364E+15,4.8193E+16
41430,8.17022E+18,8,2,35,85,2017,2,21,4,3,9,7,0,1,0,0,0,2,0,4.80469E+20,5.39562E+21,8.7345E+15,4.87133E+16
41431,8.17022E+18,8,2,36,13,2017,2,8,4,2,9,1,0,1,0,0,0,0,2,4.73159E+20,5.40944E+21,8.63422E+15,4.88374E+16
41432,8.17022E+18,8,4,17,79,2017,2,11,5,3,0,7,0,1,0,0,0,0,0,5.02002E+20,5.34245E+21,9.02696E+15,4.82353E+16
41433,8.17022E+18,8,2,36,38,2017,2,6,4,3,9,1,0,1,0,0,0,1,0,4.90198E+20,5.42728E+21,8.86599E+15,4.89983E+16
41434,8.17022E+18,8,2,26,95,2017,2,12,4,3,5,2,0,1,0,0,0,0,0,4.74503E+20,5.46049E+21,8.64932E+15,4.92966E+16
41435,8.17022E+18,8,2,26,31,2017,2,9,4,3,3,6,0,1,0,0,1,0,0,4.73365E+20,5.49346E+21,8.63145E+15,4.95931E+16
41436,8.17022E+18,8,2,21,0,2017,2,18,4,3,8,1,0,0,1,1,0,2,0,4.7663E+20,5.47154E+21,8.67792E+15,4.93961E+16
41437,8.17022E+18,8,2,16,7,2017,2,15,4,2,5,3,0,1,0,1,0,0,0,4.3977E+20,5.39079E+21,8.18198E+15,4.86672E+16
41438,8.17022E+18,8,2,15,66,2017,2,7,4,3,9,1,0,1,0,0,0,0,1,4.55822E+20,5.4528E+21,8.39324E+15,4.92264E+16
41439,8.17022E+18,8,2,15,47,2017,2,15,4,3,5,5,0,1,0,0,0,0,0,4.59685E+20,5.41523E+21,8.45005E+15,4.88887E+16
41440,8.17022E+18,8,1,11,0,2017,2,11,4,3,8,7,0,1,0,0,0,0,0,5.13866E+20,5.39383E+21,9.18844E+15,4.86974E+16
41441,8.17022E+18,8,1,36,27,2017,2,13,4,3,5,3,0,1,0,0,0,0,0,5.54554E+20,5.42042E+21,9.74489E+15,4.89343E+16
41442,8.17022E+18,8,1,36,89,2017,2,20,4,3,5,3,0,1,0,0,0,2,0,5.83883E+20,5.42044E+21,1.01453E+16,4.89312E+16
41443,8.17022E+18,8,1,36,28,2017,2,15,4,2,5,3,1,1,0,0,0,0,0,5.69082E+20,5.40572E+21,9.94074E+15,4.88007E+16
41444,8.17022E+18,8,1,35,20,2017,2,7,4,3,4,2,0,1,0,0,1,0,1,5.85031E+20,5.38092E+21,1.01528E+16,4.85756E+16
41445,8.17022E+18,8,1,35,16,2017,2,22,4,3,9,1,0,1,0,0,0,2,1,5.90803E+20,5.38417E+21,1.02317E+16,4.8604E+16
41446,8.17022E+18,8,1,27,14,2017,2,6,4,3,5,3,0,0,0,1,1,2,0,5.77567E+20,5.43838E+21,1.00625E+16,4.90934E+16
41447,8.17022E+18,8,1,25,5,2017,2,13,4,3,0,6,0,1,0,1,0,0,0,5.15667E+20,5.45143E+21,9.21512E+15,4.92155E+16
41448,8.17022E+18,8,1,25,56,2017,2,16,4,3,9,1,0,1,0,0,0,0,0,5.13037E+20,5.4355E+21,9.1785E+15,4.90722E+16
41449,8.17022E+18,8,1,21,0,2017,2,18,4,3,1,6,0,1,0,0,0,1,0,5.16701E+20,5.44255E+21,9.22896E+15,4.91356E+16
41450,8.17022E+18,8,1,19,86,2017,2,6,4,2,2,6,0,1,0,0,0,0,0,5.35158E+20,5.40608E+21,9.47883E+15,4.88067E+16
41451,8.17022E+18,8,1,19,84,2017,2,5,4,2,5,2,1,1,0,0,0,2,1,5.42281E+20,5.41158E+21,9.5764E+15,4.88557E+16
41452,8.17022E+18,8,1,19,18,2017,2,11,4,2,6,7,0,1,1,0,0,0,0,5.28551E+20,5.41941E+21,9.38977E+15,4.8927E+16
41453,8.17022E+18,8,1,18,80,2017,2,18,4,3,4,2,1,0,0,0,1,2,0,5.06238E+20,5.4105E+21,9.08502E+15,4.88475E+16
41454,8.17022E+18,8,1,17,38,2017,2,18,6,3,1,6,0,1,0,0,0,2,1,5.47197E+20,5.39733E+21,9.64178E+15,4.87272E+16
41455,8.17022E+18,8,1,17,51,2017,2,14,4,3,5,3,0,1,0,0,0,0,0,5.42434E+20,5.39498E+21,9.57677E+15,4.87064E+16
41456,8.17022E+18,8,1,27,76,2017,2,18,6,3,5,3,0,1,0,0,0,2,1,5.53978E+20,5.44156E+21,9.73983E+15,4.91245E+16
41457,8.17022E+18,8,1,17,24,2017,2,5,4,2,6,4,0,1,1,0,0,2,1,5.60131E+20,5.38506E+21,9.81585E+15,4.86157E+16
41458,8.17022E+18,8,1,16,33,2017,2,11,4,3,5,3,1,1,0,0,0,0,0,5.31473E+20,5.38927E+21,9.42736E+15,4.86557E+16
41459,8.17022E+18,8,1,16,77,2017,2,7,4,3,2,6,0,1,0,0,0,0,0,5.14721E+20,5.3904E+21,9.19993E+15,4.86665E+16
41460,8.17022E+18,8,1,16,58,2017,2,13,4,3,5,3,0,1,0,0,0,0,0,5.34301E+20,5.39545E+21,9.46628E+15,4.87111E+16
41461,8.17022E+18,8,1,16,56,2017,2,6,4,3,1,6,0,1,0,0,0,0,1,5.29445E+20,5.39572E+21,9.40028E+15,4.87138E+16
41462,8.17022E+18,8,4,15,29,2017,2,10,4,2,5,2,0,1,0,0,0,0,1,5.2353E+20,5.38035E+21,9.319E+15,4.85758E+16
41463,8.17022E+18,8,1,15,50,2017,2,18,4,3,3,6,0,1,0,0,0,2,0,4.90382E+20,5.39989E+21,8.86916E+15,4.8752E+16
41464,8.17022E+18,8,1,15,24,2017,2,14,4,3,2,6,0,1,0,0,0,0,0,5.00971E+20,5.38642E+21,9.01318E+15,4.86309E+16
41465,8.17022E+18,8,1,11,0,2017,2,8,4,3,2,6,0,1,0,0,1,0,0,5.13012E+20,5.40607E+21,9.17721E+15,4.88075E+16
41466,8.17022E+18,8,4,16,36,2017,2,9,5,3,2,6,0,1,0,0,0,0,0,4.92881E+20,5.37128E+21,8.90364E+15,4.84946E+16
41467,8.17022E+18,8,4,15,61,2017,2,17,5,3,2,6,0,1,0,0,1,2,0,5.14286E+20,5.37105E+21,9.19336E+15,4.84924E+16
41468,8.17022E+18,8,4,15,53,2017,2,7,5,3,4,1,0,1,0,0,1,1,2,5.34081E+20,5.36492E+21,9.46078E+15,4.84365E+16
41469,8.17021E+18,8,4,36,13,2017,2,11,3,3,5,3,0,1,0,0,0,0,0,5.4517E+20,5.29546E+21,9.60333E+15,4.78109E+16
41470,8.17021E+18,8,4,36,94,2017,2,8,3,3,2,1,0,1,0,0,1,0,0,5.72368E+20,5.28067E+21,9.96411E+15,4.76754E+16
41471,8.17022E+18,8,3,37,123,2017,2,19,5,2,4,1,0,1,0,0,0,2,0,4.51177E+20,5.27746E+21,8.34989E+15,4.76487E+16
41472,8.17021E+18,8,4,36,49,2017,2,17,3,3,4,2,0,1,0,0,1,0,0,5.74755E+20,5.28123E+21,9.996E+15,4.76801E+16
41473,8.17021E+18,8,4,26,14,2017,2,13,3,3,4,2,0,1,0,0,0,0,1,5.49636E+20,5.3192E+21,9.66571E+15,4.80242E+16
41474,8.17022E+18,8,3,37,116,2017,2,10,5,3,4,1,0,1,0,0,1,0,0,4.17324E+20,5.27104E+21,7.9004E+15,4.75875E+16
41475,8.17021E+18,8,4,26,21,2017,2,16,3,3,1,6,0,1,0,0,0,0,0,5.59516E+20,5.32599E+21,9.79916E+15,4.80844E+16
41476,8.17022E+18,8,3,36,81,2017,2,14,5,3,2,6,0,1,0,0,0,0,0,4.13165E+20,5.27906E+21,7.84351E+15,4.76591E+16
41477,8.17021E+18,8,4,17,54,2017,2,8,3,3,2,6,0,1,0,0,1,0,0,4.8085E+20,5.34853E+21,8.74183E+15,4.82897E+16
41478,8.17022E+18,8,3,35,79,2017,2,11,5,3,2,2,0,1,0,0,0,0,0,5.0074E+20,5.29964E+21,9.00989E+15,4.78501E+16
41479,8.17021E+18,8,4,16,15,2017,2,7,3,3,1,6,0,1,0,0,1,0,1,5.07032E+20,5.36688E+21,9.0951E+15,4.8455E+16
41480,8.17021E+18,8,4,16,41,2017,2,19,3,3,8,1,0,1,0,0,0,2,1,5.06483E+20,5.37316E+21,9.08779E+15,4.85115E+16
41481,8.17021E+18,8,4,15,61,2017,2,16,3,3,5,3,0,1,0,0,1,0,0,5.14633E+20,5.371E+21,9.19805E+15,4.8492E+16
41482,8.17021E+18,8,3,37,22,2017,2,10,3,3,4,6,0,1,0,0,1,0,0,4.52573E+20,5.29655E+21,8.3664E+15,4.78206E+16
41483,8.17021E+18,8,3,35,63,2017,2,16,3,3,2,6,0,1,0,0,0,0,0,4.96589E+20,5.28815E+21,8.95449E+15,4.77467E+16
41484,8.17022E+18,8,3,35,26,2017,2,9,5,2,8,1,0,1,0,0,0,0,2,4.80327E+20,5.2839E+21,8.73774E+15,4.77082E+16
41485,8.17021E+18,8,3,27,18,2017,2,5,3,3,5,3,0,1,0,0,0,2,1,4.759E+20,5.30809E+21,8.67739E+15,4.79257E+16
41486,8.17021E+18,8,3,26,17,2017,2,16,3,3,5,3,0,1,0,0,1,0,0,4.38566E+20,5.32063E+21,8.17586E+15,4.8036E+16
41487,8.17022E+18,8,3,35,22,2017,2,5,5,2,8,1,0,1,0,0,1,2,2,4.85073E+20,5.30277E+21,8.80037E+15,4.7878E+16
41488,8.17021E+18,8,4,17,79,2017,2,15,3,3,6,4,0,1,1,0,0,0,0,5.0101E+20,5.34468E+21,9.0136E+15,4.82553E+16
41489,8.17021E+18,8,3,26,74,2017,2,16,3,2,4,6,0,1,0,0,1,0,0,4.65551E+20,5.32137E+21,8.5378E+15,4.80446E+16
41490,8.17022E+18,8,3,17,151,2017,2,15,5,3,5,2,0,1,0,0,0,0,0,4.10232E+20,5.37201E+21,7.78493E+15,4.84948E+16
41491,8.17021E+18,8,3,17,47,2017,2,6,3,3,2,6,0,1,0,0,0,1,0,4.20724E+20,5.36575E+21,7.92811E+15,4.84399E+16
41492,8.17021E+18,8,3,17,31,2017,2,16,3,3,2,6,0,1,0,0,0,0,0,4.18034E+20,5.36122E+21,7.89263E+15,4.83988E+16
41493,8.17021E+18,8,3,17,89,2017,2,11,3,3,5,3,1,1,0,0,0,0,0,4.31947E+20,5.3774E+21,8.07793E+15,4.8546E+16
41494,8.17021E+18,8,3,17,89,2017,2,11,3,2,6,7,0,0,1,0,1,0,0,4.31483E+20,5.37607E+21,8.07187E+15,4.8534E+16
41495,8.17021E+18,8,3,15,113,2017,2,17,3,2,5,2,0,1,0,0,0,1,0,4.36369E+20,5.30645E+21,8.14849E+15,4.79083E+16
41496,8.17021E+18,8,2,26,10,2017,2,10,3,2,2,6,0,0,0,0,1,0,0,4.84427E+20,5.45721E+21,8.78594E+15,4.92675E+16
41497,8.17022E+18,8,1,15,21,2017,2,17,6,3,2,6,0,1,0,0,0,1,1,4.90141E+20,5.38251E+21,8.86629E+15,4.85956E+16
41498,8.17021E+18,8,2,36,46,2017,2,11,3,3,2,6,0,1,0,0,0,0,0,4.82862E+20,5.41785E+21,8.7661E+15,4.89133E+16
41499,8.17021E+18,8,2,12,0,2017,2,17,3,3,0,7,1,1,0,0,0,1,0,4.55982E+20,5.42942E+21,8.39799E+15,4.90161E+16
41500,8.17021E+18,8,2,15,103,2017,2,6,3,3,3,7,0,1,0,0,1,2,0,4.67972E+20,5.44412E+21,8.56081E+15,4.91491E+16
41501,8.17021E+18,8,2,12,0,2017,2,18,3,2,4,2,1,1,0,0,0,2,0,4.55632E+20,5.43272E+21,8.39285E+15,4.90457E+16
41502,8.17021E+18,8,2,22,0,2017,2,13,3,3,2,6,0,1,0,0,1,0,0,4.61304E+20,5.48133E+21,8.46576E+15,4.94834E+16
41503,8.17021E+18,8,2,22,0,2017,2,7,3,3,2,6,0,1,0,0,1,1,0,4.65667E+20,5.47638E+21,8.52643E+15,4.94391E+16
41504,8.17021E+18,8,2,21,0,2017,2,13,3,3,2,6,0,1,0,0,1,0,0,4.75966E+20,5.46844E+21,8.66896E+15,4.93682E+16
41505,8.17021E+18,8,2,21,0,2017,2,16,3,3,3,6,0,1,0,1,0,0,0,4.77804E+20,5.4729E+21,8.69403E+15,4.94084E+16
41506,8.17021E+18,8,2,26,41,2017,2,13,3,3,4,2,0,1,0,1,0,0,0,4.77395E+20,5.46628E+21,8.68877E+15,4.93488E+16
41507,8.17021E+18,8,2,16,15,2017,2,13,3,2,1,6,0,1,0,0,0,0,0,4.51623E+20,5.40353E+21,8.34145E+15,4.87829E+16
41508,8.17022E+18,8,3,17,96,2017,2,18,5,3,6,4,0,1,1,0,0,2,0,4.21523E+20,5.36882E+21,7.93833E+15,4.84676E+16
41509,8.17022E+18,8,3,15,50,2017,2,17,5,3,4,6,0,1,0,0,0,0,0,3.98767E+20,5.30237E+21,7.64638E+15,4.78667E+16
41510,8.17022E+18,8,3,15,6,2017,2,12,5,3,3,2,0,1,0,0,1,0,0,4.01179E+20,5.31101E+21,7.67664E+15,4.79448E+16
41511,8.17021E+18,8,2,16,43,2017,2,7,3,3,6,2,0,1,1,0,0,0,0,4.4205E+20,5.41208E+21,8.20993E+15,4.8859E+16
41512,8.17022E+18,8,2,26,95,2017,2,15,5,3,2,6,0,1,0,0,1,0,0,4.72659E+20,5.45986E+21,8.624E+15,4.92909E+16
41513,8.17021E+18,8,2,16,43,2017,2,16,3,3,5,3,0,1,0,0,0,0,0,4.43985E+20,5.40714E+21,8.23699E+15,4.88147E+16
41514,8.17021E+18,8,2,16,43,2017,2,17,3,3,1,2,0,1,0,0,0,1,0,4.42193E+20,5.41105E+21,8.21203E+15,4.88497E+16
41515,8.17022E+18,8,2,26,84,2017,2,11,5,3,2,6,0,1,0,0,1,0,0,4.67511E+20,5.4663E+21,8.55268E+15,4.93485E+16
41516,8.17021E+18,8,2,15,9,2017,2,16,3,3,1,6,0,1,0,0,0,0,0,4.74221E+20,5.43734E+21,8.64692E+15,4.90884E+16
41517,8.17021E+18,8,2,15,46,2017,2,15,3,3,2,6,0,1,0,0,1,0,0,4.4938E+20,5.41673E+21,8.30928E+15,4.89014E+16
41518,8.17022E+18,8,2,26,68,2017,2,10,5,2,2,6,0,1,0,0,0,0,0,4.70221E+20,5.46116E+21,8.59037E+15,4.93025E+16
41519,8.17021E+18,8,2,12,0,2017,2,12,3,3,0,1,0,0,0,1,0,0,0,4.53659E+20,5.42813E+21,8.36638E+15,4.90043E+16
41520,8.17021E+18,8,2,12,0,2017,2,11,3,3,2,6,0,1,0,0,0,0,0,4.56802E+20,5.42827E+21,8.40934E+15,4.90058E+16
41521,8.17021E+18,8,2,12,0,2017,2,0,3,3,0,7,1,0,0,0,0,2,0,4.54198E+20,5.42827E+21,8.37373E+15,4.90057E+16
41522,8.17021E+18,8,2,16,43,2017,2,13,3,3,2,6,0,0,0,0,1,0,0,4.43939E+20,5.41109E+21,8.23582E+15,4.88503E+16
41523,8.17021E+18,8,2,16,6,2017,2,13,3,1,9,1,0,1,0,0,0,0,0,4.46836E+20,5.41049E+21,8.27539E+15,4.88451E+16
41524,8.17021E+18,8,1,15,21,2017,2,6,3,3,2,6,0,1,0,0,0,2,0,4.9241E+20,5.38226E+21,8.89706E+15,4.85934E+16
41525,8.17021E+18,8,2,36,25,2017,2,8,3,3,2,6,0,1,0,0,0,0,0,4.90989E+20,5.40819E+21,8.87722E+15,4.88266E+16
41526,8.17021E+18,8,1,36,65,2017,2,7,3,3,5,3,1,1,0,0,0,1,0,5.54704E+20,5.40542E+21,9.74492E+15,4.87994E+16
41527,8.17021E+18,8,1,35,19,2017,2,12,3,3,4,6,0,1,0,0,1,0,0,5.8763E+20,5.39118E+21,1.01902E+16,4.86676E+16
41528,8.17021E+18,8,1,35,16,2017,2,16,3,2,5,3,0,1,0,0,0,0,0,5.9117E+20,5.3869E+21,1.02373E+16,4.86285E+16
41529,8.17021E+18,8,4,25,72,2017,2,16,3,3,5,2,1,1,0,0,0,0,0,5.83199E+20,5.37277E+21,1.01263E+16,4.85026E+16
41530,8.17021E+18,8,1,28,138,2017,2,17,3,3,9,6,0,1,0,0,0,0,0,5.43066E+20,5.47906E+21,9.59433E+15,4.94627E+16
41531,8.17022E+18,8,2,31,0,2017,2,10,6,3,1,6,0,1,0,0,0,0,1,4.77772E+20,5.41494E+21,8.69678E+15,4.8887E+16
41532,8.17021E+18,8,1,28,7,2017,2,14,3,3,8,1,0,1,0,0,0,0,0,5.53208E+20,5.47806E+21,9.73414E+15,4.94528E+16
41533,8.17022E+18,8,3,11,0,2017,2,15,6,3,3,2,1,1,0,0,0,0,0,4.12687E+20,5.31825E+21,7.82925E+15,4.80116E+16
41534,8.17021E+18,8,2,25,118,2017,2,16,3,2,6,1,0,1,1,0,0,0,0,5.05549E+20,5.47899E+21,9.07658E+15,4.94635E+16
41535,8.17022E+18,8,2,31,0,2017,2,18,5,3,2,6,0,1,0,0,0,1,1,4.81411E+20,5.41908E+21,8.74623E+15,4.89244E+16
41536,8.17022E+18,8,2,36,46,2017,2,8,5,3,2,6,0,1,0,0,0,0,0,4.82683E+20,5.41809E+21,8.76364E+15,4.89155E+16
41537,8.17022E+18,8,2,36,46,2017,2,10,5,3,2,6,0,1,0,0,0,0,0,4.84023E+20,5.41628E+21,8.78201E+15,4.88993E+16
41538,8.17021E+18,8,1,27,71,2017,2,5,3,2,4,6,0,1,0,0,0,2,1,5.73325E+20,5.45851E+21,1.00081E+16,4.9275E+16
41539,8.17021E+18,8,1,25,102,2017,2,11,3,2,2,6,0,0,0,0,1,0,0,5.24816E+20,5.44545E+21,9.34038E+15,4.91614E+16
41540,8.17021E+18,8,1,21,0,2017,2,22,3,3,2,6,0,1,0,0,0,2,0,5.14891E+20,5.44627E+21,9.20428E+15,4.9169E+16
41541,8.17021E+18,8,1,19,41,2017,2,13,3,3,1,2,0,1,0,0,0,0,0,5.25445E+20,5.40974E+21,9.34677E+15,4.88401E+16
41542,8.17021E+18,8,1,19,3,2017,2,20,3,3,1,2,0,1,0,0,0,2,0,5.34328E+20,5.41719E+21,9.46846E+15,4.89067E+16
41543,8.17021E+18,8,1,19,87,2017,2,8,3,3,0,6,0,1,0,1,0,0,1,5.26674E+20,5.42618E+21,9.3646E+15,4.89879E+16
41544,8.17021E+18,8,1,18,48,2017,2,16,3,3,2,6,0,1,0,0,0,0,0,5.13455E+20,5.41528E+21,9.18355E+15,4.88904E+16
41545,8.17022E+18,8,2,15,21,2017,2,14,5,3,2,6,0,1,0,0,0,0,0,4.68981E+20,5.44662E+21,8.57445E+15,4.91716E+16
41546,8.17022E+18,8,2,15,46,2017,2,15,5,3,2,6,0,1,0,0,0,0,0,4.50936E+20,5.41652E+21,8.33054E+15,4.88997E+16
41547,8.17022E+18,8,2,12,0,2017,2,23,5,3,9,1,0,1,0,0,0,2,1,4.61795E+20,5.42302E+21,8.47809E+15,4.8959E+16
41548,8.17022E+18,8,2,16,5,2017,2,16,5,2,2,6,0,1,0,0,1,0,0,4.47968E+20,5.41535E+21,8.29019E+15,4.88889E+16
41549,8.17021E+18,8,1,18,48,2017,2,8,3,3,2,6,0,1,0,0,0,0,0,5.14264E+20,5.41471E+21,9.19457E+15,4.88852E+16
41550,8.17021E+18,8,1,18,51,2017,2,19,3,3,3,3,0,1,0,0,1,2,0,5.10557E+20,5.4148E+21,9.14401E+15,4.88861E+16
41551,8.17021E+18,8,1,18,79,2017,2,18,3,2,6,2,0,1,1,0,0,2,0,5.09284E+20,5.42281E+21,9.12682E+15,4.89581E+16
41552,8.17021E+18,8,1,18,79,2017,2,17,3,3,5,2,1,1,0,0,0,1,0,5.10189E+20,5.42293E+21,9.13919E+15,4.89592E+16
41553,8.17022E+18,8,2,16,43,2017,2,14,5,3,2,6,0,1,0,0,0,0,0,4.43533E+20,5.41038E+21,8.23038E+15,4.88438E+16
41554,8.17021E+18,8,1,18,53,2017,2,14,3,2,2,6,0,1,0,0,1,0,0,5.17152E+20,5.42758E+21,9.2345E+15,4.90009E+16
41555,8.17022E+18,8,2,36,76,2017,2,15,5,2,8,1,0,0,0,1,0,0,0,4.71155E+20,5.42587E+21,8.60576E+15,4.8985E+16
41556,8.17021E+18,8,1,16,77,2017,2,16,3,2,2,6,0,1,0,1,0,0,0,5.19192E+20,5.39026E+21,9.26066E+15,4.86651E+16
41557,8.17021E+18,8,1,15,45,2017,2,11,3,3,2,6,0,1,0,0,1,0,0,4.9949E+20,5.39481E+21,8.99307E+15,4.87063E+16
41558,8.17021E+18,8,1,15,3,2017,2,17,3,3,1,5,0,1,0,0,0,0,0,5.00892E+20,5.39236E+21,9.01212E+15,4.86843E+16
41559,8.17021E+18,8,1,15,3,2017,2,19,3,3,2,6,0,1,0,0,0,2,0,4.97801E+20,5.39208E+21,8.97012E+15,4.86818E+16
41560,8.17021E+18,8,1,11,0,2017,2,7,3,3,2,6,0,1,0,0,1,1,0,5.15964E+20,5.40897E+21,9.21754E+15,4.88335E+16
41561,8.17021E+18,8,4,37,100,2017,2,7,2,2,8,6,0,1,0,0,1,0,1,5.35649E+20,5.31952E+21,9.47816E+15,4.8028E+16
41562,8.17021E+18,8,4,35,59,2017,2,9,2,3,2,6,0,1,0,0,0,0,0,5.13868E+20,5.29087E+21,9.1851E+15,4.77711E+16
41563,8.17021E+18,8,4,35,57,2017,2,7,2,3,2,6,0,1,0,0,0,1,0,5.46688E+20,5.27925E+21,9.62187E+15,4.7665E+16
41564,8.17021E+18,8,4,35,24,2017,2,18,2,3,5,3,0,1,0,0,0,2,0,5.28535E+20,5.2794E+21,9.38009E+15,4.76673E+16
41565,8.17021E+18,8,4,26,128,2017,2,18,2,3,8,1,0,1,0,0,0,2,0,5.56143E+20,5.33164E+21,9.75461E+15,4.81355E+16
41566,8.17021E+18,8,4,25,5,2017,2,9,2,2,8,1,0,1,0,0,0,0,1,5.74733E+20,5.3797E+21,1.0013E+16,4.85659E+16
41567,8.17022E+18,8,1,28,131,2017,2,8,6,3,2,2,0,1,0,0,0,0,1,5.41113E+20,5.51082E+21,9.5707E+15,4.97484E+16
41568,8.17022E+18,8,2,16,17,2017,2,6,6,3,2,6,0,1,0,0,0,1,1,4.52027E+20,5.39934E+21,8.34744E+15,4.87452E+16
41569,8.17022E+18,8,2,12,0,2017,2,10,6,3,4,2,1,1,0,0,0,0,1,4.56378E+20,5.42594E+21,8.40378E+15,4.89848E+16
41570,8.17021E+18,8,4,15,61,2017,2,7,2,3,6,6,1,0,1,0,0,0,0,5.1473E+20,5.37115E+21,9.19937E+15,4.84933E+16
41571,8.17021E+18,8,4,15,59,2017,2,15,2,2,4,6,0,1,0,0,1,0,0,5.17261E+20,5.36733E+21,9.23348E+15,4.84589E+16