OBJECTID,UIDENTSTLA,ULAND,UREGBEZ,UKREIS,UGEMEINDE,UJAHR,UMONAT,USTUNDE,UWOCHENTAG,UKATEGORIE,UART,UTYP1,IstRad,IstPKW,IstFuss,IstKrad,IstSonstig,LICHT,STRZUSTAND,LINREFX,LINREFY,XGCSWGS84,YGCSWGS84
42093,8.17023E+18,8,2,25,115,2017,2,6,3,2,4,6,0,1,0,0,1,2,1,5.21114E+20,5.47575E+21,9.29121E+15,4.9434E+16
42094,8.17022E+18,8,1,15,21,2017,2,16,4,3,2,6,0,1,0,0,1,0,0,4.90987E+20,5.38206E+21,8.87778E+15,4.85915E+16
42095,8.17023E+18,8,2,12,0,2017,2,20,3,3,1,3,0,1,0,0,0,2,1,4.55206E+20,5.42881E+21,8.38744E+15,4.90105E+16
42096,8.17023E+18,8,3,27,13,2017,2,8,3,3,8,1,0,1,0,0,0,0,2,4.90197E+20,5.32873E+21,8.8683E+15,4.81118E+16
42097,8.17023E+18,8,4,26,38,2017,2,9,3,2,2,6,0,1,0,0,0,0,1,5.57895E+20,5.31587E+21,9.77603E+15,4.79935E+16
42098,8.17022E+18,8,1,11,0,2017,2,12,4,3,2,6,0,1,0,0,0,0,0,5.12304E+20,5.40653E+21,9.16758E+15,4.88116E+16
42099,8.1703E+18,8,4,25,31,2017,3,10,4,3,3,6,0,1,0,0,1,0,0,5.70296E+20,5.36749E+21,9.95078E+15,4.84566E+16
42100,8.17022E+18,8,1,11,0,2017,2,19,4,3,5,3,0,1,0,0,0,2,0,5.09473E+20,5.40292E+21,9.12895E+15,4.87792E+16
42101,8.17022E+18,8,4,37,100,2017,2,14,3,3,5,3,1,1,0,0,0,0,0,5.37288E+20,5.31805E+21,9.50001E+15,4.80147E+16
42102,8.17022E+18,8,4,35,57,2017,2,18,3,3,0,3,0,1,0,1,0,2,1,5.44587E+20,5.27916E+21,9.59388E+15,4.76643E+16
42103,8.17022E+18,8,4,37,107,2017,2,15,3,3,9,1,0,1,0,0,0,0,1,5.06439E+20,5.33045E+21,9.08653E+15,4.81273E+16
42104,8.17022E+18,8,4,26,28,2017,2,10,3,3,7,2,0,1,0,0,0,0,1,5.69373E+20,5.34321E+21,9.9343E+15,4.82383E+16
42105,8.17022E+18,8,4,25,88,2017,2,11,3,2,5,3,0,1,0,0,0,0,1,5.61142E+20,5.34968E+21,9.82439E+15,4.82974E+16
42106,8.17022E+18,8,4,21,0,2017,2,17,3,3,2,6,0,1,0,0,1,0,1,5.68388E+20,5.35636E+21,9.92317E+15,4.83567E+16
42107,8.17022E+18,8,4,17,31,2017,2,12,3,3,2,6,0,1,0,0,0,0,0,4.98328E+20,5.3556E+21,8.97744E+15,4.83536E+16
42108,8.17022E+18,8,1,16,49,2017,2,3,3,3,1,1,0,1,0,0,0,2,0,5.26188E+20,5.38562E+21,9.35536E+15,4.86231E+16
42109,8.17023E+18,8,1,25,47,2017,2,19,2,3,5,3,0,1,0,0,0,2,0,4.95348E+20,5.44972E+21,8.93614E+15,4.92003E+16
42110,8.17023E+18,8,1,19,20,2017,2,14,2,3,2,6,0,1,0,0,1,0,0,5.21423E+20,5.40587E+21,9.29175E+15,4.88054E+16
42111,8.17023E+18,8,1,19,67,2017,2,16,2,2,2,6,0,1,0,0,1,0,0,5.36534E+20,5.40986E+21,9.4979E+15,4.88407E+16
42112,8.17023E+18,8,1,18,48,2017,2,14,2,3,2,6,0,1,0,0,0,0,0,5.14057E+20,5.41515E+21,9.19176E+15,4.88891E+16
42113,8.17023E+18,8,2,12,0,2017,2,10,2,3,2,6,0,1,0,0,0,0,0,4.59437E+20,5.42994E+21,8.4452E+15,4.9021E+16
42114,8.17023E+18,8,4,15,92,2017,2,11,2,3,5,3,0,1,0,0,0,0,0,5.18774E+20,5.36402E+21,9.25378E+15,4.84291E+16
42115,8.17023E+18,8,1,15,44,2017,2,18,3,3,5,3,1,1,0,0,0,1,1,5.04394E+20,5.38926E+21,9.05966E+15,4.86564E+16
42116,8.17023E+18,8,2,22,0,2017,2,13,3,3,3,2,0,1,0,0,1,0,0,4.62918E+20,5.48258E+21,8.48793E+15,4.94947E+16
42117,8.17023E+18,8,3,26,5,2017,2,8,3,3,4,6,0,1,0,0,1,0,1,4.66308E+20,5.30066E+21,8.54956E+15,4.78584E+16
42118,8.17023E+18,8,4,16,41,2017,2,9,3,3,2,6,0,1,0,0,1,0,0,4.99499E+20,5.37203E+21,8.99322E+15,4.85014E+16
42119,8.17022E+18,8,4,15,85,2017,2,9,3,3,2,6,0,1,0,0,0,0,1,5.36751E+20,5.3405E+21,9.49475E+15,4.82166E+16
42120,8.17022E+18,8,3,25,61,2017,2,21,3,3,4,2,0,1,0,0,0,2,1,4.74875E+20,5.3547E+21,8.66092E+15,4.83449E+16
42121,8.17022E+18,8,3,37,45,2017,2,7,3,2,0,1,1,0,0,0,0,0,1,4.36903E+20,5.28906E+21,8.15818E+15,4.77519E+16
42122,8.17022E+18,8,3,37,128,2017,2,14,3,3,5,3,0,1,0,0,0,0,1,4.47223E+20,5.28979E+21,8.29575E+15,4.77593E+16
42123,8.17022E+18,8,3,36,81,2017,2,7,3,3,5,3,1,1,0,0,0,1,1,4.12222E+20,5.27801E+21,7.83117E+15,4.76495E+16
42124,8.17022E+18,8,3,26,12,2017,2,13,3,3,3,6,0,1,0,0,0,0,0,4.64631E+20,5.31535E+21,8.52594E+15,4.79905E+16
42125,8.17022E+18,8,3,25,69,2017,2,16,3,3,2,6,0,1,0,0,0,0,1,4.68611E+20,5.3361E+21,8.57776E+15,4.81774E+16
42126,8.17022E+18,8,3,17,47,2017,2,6,3,3,2,6,0,1,0,0,0,1,1,4.17641E+20,5.36246E+21,7.88707E+15,4.84099E+16
42127,8.17022E+18,8,3,17,26,2017,2,11,3,3,5,7,0,1,0,1,0,0,0,4.15408E+20,5.34425E+21,7.86056E+15,4.82458E+16
42128,8.17022E+18,8,3,17,65,2017,2,16,3,3,2,6,0,1,0,0,0,0,1,4.16903E+20,5.35477E+21,7.87862E+15,4.83406E+16
42129,8.17023E+18,8,1,17,26,2017,2,18,2,3,5,3,0,1,0,0,0,1,0,5.49252E+20,5.39951E+21,9.66998E+15,4.87466E+16
42130,8.17023E+18,8,1,17,24,2017,2,17,2,3,2,6,0,1,0,0,0,0,0,5.62244E+20,5.38604E+21,9.84467E+15,4.86243E+16
42131,8.17023E+18,8,1,17,26,2017,2,14,2,3,0,7,1,0,0,0,0,0,0,5.50579E+20,5.39264E+21,9.68719E+15,4.86847E+16
42132,8.17023E+18,8,1,16,54,2017,2,10,2,3,4,6,0,1,0,0,1,0,0,5.31054E+20,5.3819E+21,9.42111E+15,4.85894E+16
42133,8.17023E+18,8,1,16,72,2017,2,16,2,2,2,6,0,1,0,0,0,0,0,5.29237E+20,5.39337E+21,9.39729E+15,4.86927E+16
42134,8.17022E+18,8,3,17,1,2017,2,6,3,2,5,3,1,1,0,0,0,2,1,4.31513E+20,5.38665E+21,8.07052E+15,4.86291E+16
42135,8.17022E+18,8,3,11,0,2017,2,10,3,3,2,1,0,1,0,0,1,0,1,4.15036E+20,5.31568E+21,7.86124E+15,4.79887E+16
42136,8.17022E+18,8,3,15,15,2017,2,15,3,3,4,6,0,1,0,0,0,0,0,3.95288E+20,5.32451E+21,7.59448E+15,4.80652E+16
42137,8.17022E+18,8,3,11,0,2017,2,12,3,3,3,6,0,1,0,0,0,0,1,4.10175E+20,5.31865E+21,7.79549E+15,4.80148E+16
42138,8.17022E+18,8,2,22,0,2017,2,17,3,2,3,6,0,1,0,0,0,0,1,4.67806E+20,5.48553E+21,8.55519E+15,4.95216E+16
42139,8.17022E+18,8,2,26,105,2017,2,5,3,3,2,6,0,1,0,0,1,2,1,4.71213E+20,5.47596E+21,8.60295E+15,4.94357E+16
42140,8.17022E+18,8,2,35,6,2017,2,15,3,3,4,7,0,1,0,0,0,0,1,4.72804E+20,5.38368E+21,8.63108E+15,4.86056E+16
42141,8.17022E+18,8,2,37,54,2017,2,14,3,3,8,1,0,1,0,0,0,0,1,4.68566E+20,5.37704E+21,8.5741E+15,4.85457E+16
42142,8.17022E+18,8,2,26,31,2017,2,16,3,2,3,2,0,1,0,0,0,1,1,4.70721E+20,5.49374E+21,8.59485E+15,4.95955E+16
42143,8.17022E+18,8,2,22,0,2017,2,13,3,3,3,6,0,1,0,0,0,0,0,4.62127E+20,5.48027E+21,8.47722E+15,4.94739E+16
42144,8.17022E+18,8,2,16,39,2017,2,16,3,3,5,3,0,1,0,0,0,0,1,4.44442E+20,5.41426E+21,8.24225E+15,4.88788E+16
42145,8.17022E+18,8,2,16,43,2017,2,6,3,3,2,6,0,1,0,0,0,2,1,4.40559E+20,5.41404E+21,8.18932E+15,4.88764E+16
42146,8.17022E+18,8,2,16,43,2017,2,18,3,3,8,1,0,1,0,0,0,2,1,4.36825E+20,5.41011E+21,8.13901E+15,4.88407E+16
42147,8.17022E+18,8,2,15,17,2017,2,6,3,3,2,6,0,1,0,0,1,2,1,4.54433E+20,5.42294E+21,8.37754E+15,4.89577E+16
42148,8.17023E+18,8,1,16,41,2017,2,6,2,2,8,1,0,1,0,0,0,2,0,5.19598E+20,5.3836E+21,9.26585E+15,4.86051E+16
42149,8.17023E+18,8,4,35,35,2017,2,18,1,2,6,4,0,0,1,0,1,2,0,5.41141E+20,5.28352E+21,9.54839E+15,4.77038E+16
42150,8.17023E+18,8,4,37,78,2017,2,16,1,1,8,1,0,1,0,0,0,0,0,5.06741E+20,5.31604E+21,9.09037E+15,4.79976E+16
42151,8.17023E+18,8,2,31,0,2017,2,17,2,3,2,6,0,1,0,0,0,0,0,4.81078E+20,5.41483E+21,8.74189E+15,4.88862E+16
42152,8.17023E+18,8,3,26,27,2017,2,0,2,2,4,6,0,1,0,0,0,2,0,4.63527E+20,5.30497E+21,8.51203E+15,4.7897E+16
42153,8.17023E+18,8,4,35,57,2017,2,12,2,3,5,3,0,1,0,0,0,0,0,5.43022E+20,5.27922E+21,9.57304E+15,4.7665E+16
42154,8.17023E+18,8,1,35,19,2017,2,16,3,3,2,6,0,1,0,0,0,0,1,5.85693E+20,5.38967E+21,1.01636E+16,4.86542E+16
42155,8.17022E+18,8,2,16,43,2017,2,18,3,3,0,2,0,1,0,1,0,2,1,4.43771E+20,5.41331E+21,8.23323E+15,4.88702E+16
42156,8.17023E+18,8,2,15,102,2017,2,18,3,2,8,1,0,1,0,0,0,1,1,4.56948E+20,5.43762E+21,8.41033E+15,4.90899E+16
42157,8.17022E+18,8,2,16,15,2017,2,8,3,2,4,6,0,1,0,0,0,0,1,4.48563E+20,5.40727E+21,8.29933E+15,4.88163E+16
42158,8.17022E+18,8,1,11,0,2017,2,17,3,3,2,6,0,1,0,0,0,0,1,5.13226E+20,5.39427E+21,9.17975E+15,4.87013E+16
42159,8.17022E+18,8,1,11,0,2017,2,7,3,3,2,6,0,1,0,0,0,0,1,5.17519E+20,5.39372E+21,9.23807E+15,4.86962E+16
42160,8.17022E+18,8,1,36,65,2017,2,11,3,3,4,6,0,1,0,0,1,0,1,5.61587E+20,5.40399E+21,9.83844E+15,4.87859E+16
42161,8.17022E+18,8,1,36,27,2017,2,13,3,3,4,6,0,1,0,0,0,0,1,5.53984E+20,5.42286E+21,9.73743E+15,4.89563E+16
42162,8.17022E+18,8,1,35,16,2017,2,17,3,2,5,3,0,1,0,0,0,1,1,5.89935E+20,5.39026E+21,1.02213E+16,4.86589E+16
42163,8.17022E+18,8,1,35,16,2017,2,10,3,3,2,6,0,1,0,0,0,0,1,5.89197E+20,5.38542E+21,1.02102E+16,4.86155E+16
42164,8.17022E+18,8,1,27,101,2017,2,7,3,3,2,6,0,1,0,0,0,0,1,5.82229E+20,5.4415E+21,1.0127E+16,4.91208E+16
42165,8.17022E+18,8,1,25,96,2017,2,18,3,3,2,6,0,1,0,1,0,2,0,5.14926E+20,5.44898E+21,9.20486E+15,4.91934E+16
42166,8.17022E+18,8,1,25,1,2017,2,2,3,3,2,6,0,1,0,0,0,2,1,5.20544E+20,5.43543E+21,9.28128E+15,4.90714E+16
42167,8.17023E+18,8,4,26,14,2017,2,0,1,3,9,1,0,1,0,0,0,2,0,5.48438E+20,5.31819E+21,9.64953E+15,4.80152E+16
42168,8.17022E+18,8,1,25,56,2017,2,8,3,3,2,6,0,1,0,0,0,0,1,5.11563E+20,5.43496E+21,9.1583E+15,4.90674E+16
42169,8.17023E+18,8,4,36,94,2017,2,16,2,3,8,1,0,1,0,0,0,0,0,5.70658E+20,5.27909E+21,9.94107E+15,4.76613E+16
42170,8.17022E+18,8,1,21,0,2017,2,15,3,3,2,6,0,1,0,0,0,0,0,5.15904E+20,5.44481E+21,9.21812E+15,4.91559E+16
42171,8.17023E+18,8,1,36,21,2017,2,17,3,3,6,4,0,1,1,0,0,0,1,5.75505E+20,5.40754E+21,1.00285E+16,4.88163E+16
42172,8.17023E+18,8,2,15,99,2017,2,16,3,3,1,7,0,1,0,0,0,0,1,4.64249E+20,5.44478E+21,8.5097E+15,4.91548E+16
42173,8.17023E+18,8,3,37,118,2017,2,7,3,3,9,1,0,1,0,0,0,0,1,4.42708E+20,5.27837E+21,8.23702E+15,4.76562E+16
42174,8.17023E+18,8,4,36,55,2017,2,6,3,3,4,1,0,1,0,0,0,1,2,5.79057E+20,5.30013E+21,1.00567E+16,4.78496E+16
42175,8.17022E+18,8,1,19,24,2017,2,14,3,3,4,1,0,1,0,0,0,0,1,5.38394E+20,5.43437E+21,9.52556E+15,4.9061E+16
42176,8.17022E+18,8,1,18,48,2017,2,7,3,3,5,3,0,1,0,0,0,0,1,5.15352E+20,5.41673E+21,9.20949E+15,4.89033E+16
42177,8.17022E+18,8,1,18,81,2017,2,16,3,3,2,6,0,1,0,0,0,0,1,5.19729E+20,5.41526E+21,9.26914E+15,4.889E+16
42178,8.17022E+18,8,1,18,46,2017,2,7,3,3,2,6,0,1,0,0,0,0,1,5.1441E+20,5.41384E+21,9.19653E+15,4.88774E+16
42179,8.17022E+18,8,1,18,74,2017,2,21,3,3,4,6,0,1,0,0,0,2,1,5.11557E+20,5.42895E+21,9.15804E+15,4.90133E+16
42180,8.17022E+18,8,1,15,45,2017,2,15,3,3,2,6,0,1,0,0,0,0,1,5.00109E+20,5.39355E+21,9.00148E+15,4.8695E+16
42181,8.17022E+18,8,1,16,47,2017,2,5,3,3,5,3,0,1,0,0,0,2,1,5.20683E+20,5.39306E+21,9.28104E+15,4.86902E+16
42182,8.17022E+18,8,1,16,77,2017,2,9,3,3,6,4,0,1,1,0,0,0,1,5.18157E+20,5.38863E+21,9.24653E+15,4.86504E+16
42183,8.17022E+18,8,1,15,37,2017,2,7,3,3,2,6,0,1,0,0,0,1,1,4.92206E+20,5.38566E+21,8.89423E+15,4.8624E+16
42184,8.17022E+18,8,1,15,4,2017,2,16,3,3,5,3,0,1,0,0,0,0,1,4.88422E+20,5.374E+21,8.84321E+15,4.8519E+16
42185,8.17022E+18,8,4,36,55,2017,2,12,2,3,8,7,0,1,0,0,1,0,0,5.70986E+20,5.29202E+21,9.94755E+15,4.77777E+16
42186,8.17023E+18,8,4,17,75,2017,2,17,1,3,6,4,1,0,1,0,0,0,0,5.0874E+20,5.33612E+21,9.11757E+15,4.81782E+16
42187,8.17023E+18,8,3,37,116,2017,2,11,1,3,1,6,0,1,0,0,0,0,0,4.18105E+20,5.27026E+21,7.91094E+15,4.75806E+16
42188,8.17023E+18,8,3,35,2,2017,2,15,1,3,2,6,0,1,0,0,0,0,0,5.07603E+20,5.28371E+21,9.10135E+15,4.77067E+16
42189,8.17023E+18,8,3,25,57,2017,2,0,1,2,8,1,0,1,0,0,0,2,0,4.75497E+20,5.35531E+21,8.66927E+15,4.83505E+16
42190,8.17022E+18,8,4,37,53,2017,2,13,2,1,8,1,0,1,0,0,0,0,0,5.29839E+20,5.31922E+21,9.40021E+15,4.80256E+16
42191,8.17023E+18,8,3,36,69,2017,2,14,2,2,2,6,0,1,0,1,0,0,0,4.08514E+20,5.2682E+21,7.78385E+15,4.75608E+16
42192,8.17023E+18,8,4,15,61,2017,2,17,2,3,2,6,0,1,0,1,0,0,0,5.16809E+20,5.37547E+21,9.22769E+15,4.85321E+16
42193,8.17022E+18,8,4,16,48,2017,2,14,2,3,8,1,0,0,0,1,0,0,0,4.95822E+20,5.37782E+21,8.94339E+15,4.85535E+16
42194,8.17023E+18,8,1,15,1,2017,2,18,3,3,5,2,0,1,0,0,0,1,1,4.91634E+20,5.39167E+21,8.88635E+15,4.8678E+16
42195,8.17022E+18,8,4,15,61,2017,2,17,2,3,2,6,0,1,0,0,0,0,0,5.15334E+20,5.37071E+21,9.20753E+15,4.84893E+16
42196,8.17022E+18,8,4,15,50,2017,2,11,2,3,4,6,0,1,0,0,0,0,0,5.2136E+20,5.3769E+21,9.2894E+15,4.85448E+16
42197,8.17022E+18,8,3,36,84,2017,2,14,2,2,4,6,0,1,0,0,0,0,0,4.05494E+20,5.27753E+21,7.7417E+15,4.76443E+16
42198,8.17022E+18,8,3,35,28,2017,2,16,2,3,2,6,0,1,0,0,0,0,0,4.80468E+20,5.28736E+21,8.73948E+15,4.77393E+16
42199,8.17023E+18,8,3,15,108,2017,2,15,2,3,0,6,0,1,0,1,0,0,0,4.06573E+20,5.30193E+21,7.75083E+15,4.78639E+16
42200,8.17022E+18,8,3,26,75,2017,2,7,2,3,1,6,0,1,0,0,0,1,1,4.60557E+20,5.31867E+21,8.47104E+15,4.80201E+16
42201,8.17023E+18,8,4,16,36,2017,2,15,2,2,2,6,0,0,0,1,0,0,0,4.94458E+20,5.37322E+21,8.92497E+15,4.85121E+16
42202,8.17023E+18,8,1,16,78,2017,2,22,3,3,4,2,0,1,0,0,0,2,1,5.12325E+20,5.3931E+21,9.16748E+15,4.86908E+16
42203,8.17023E+18,8,2,25,1,2017,2,18,3,3,2,6,0,1,0,0,0,2,1,5.28484E+20,5.47211E+21,9.3926E+15,4.9401E+16
42204,8.17023E+18,8,3,26,5,2017,2,11,3,3,6,7,0,1,1,0,0,0,1,4.65337E+20,5.29859E+21,8.53675E+15,4.78397E+16
42205,8.17022E+18,8,2,37,40,2017,2,6,2,1,6,4,0,1,1,0,0,2,0,4.78427E+20,5.36762E+21,8.7082E+15,4.84614E+16
42206,8.17022E+18,8,3,17,39,2017,2,11,2,3,5,3,0,1,0,0,1,0,1,4.41901E+20,5.34218E+21,8.21765E+15,4.82302E+16
42207,8.17022E+18,8,3,17,151,2017,2,22,2,3,2,7,0,1,0,0,1,2,1,4.14552E+20,5.36108E+21,7.84562E+15,4.83971E+16
42208,8.17022E+18,8,3,17,150,2017,2,18,2,3,9,3,0,1,0,0,0,1,1,4.10072E+20,5.35771E+21,7.78583E+15,4.83661E+16
42209,8.17022E+18,8,3,16,43,2017,2,6,2,2,0,1,1,0,0,0,0,2,0,4.12872E+20,5.33557E+21,7.82819E+15,4.81674E+16
42210,8.17022E+18,8,3,16,11,2017,2,18,2,3,1,6,0,1,0,0,0,1,0,4.13424E+20,5.33063E+21,7.83661E+15,4.81231E+16
42211,8.17022E+18,8,3,36,69,2017,2,17,2,3,3,6,0,1,0,0,1,0,0,4.10411E+20,5.27023E+21,7.80865E+15,4.75793E+16
42212,8.17022E+18,8,2,15,25,2017,2,7,2,3,6,6,0,1,1,0,0,0,0,4.7492E+20,5.43411E+21,8.6567E+15,4.90593E+16
42213,8.17022E+18,8,2,36,72,2017,2,7,2,3,8,1,0,1,0,0,0,1,0,4.62146E+20,5.41E+21,8.4841E+15,4.88418E+16
42214,8.17022E+18,8,2,36,40,2017,2,11,2,3,2,6,0,1,0,0,0,0,0,4.87781E+20,5.42175E+21,8.83311E+15,4.89485E+16
42215,8.17022E+18,8,2,26,41,2017,2,21,2,3,4,1,0,1,0,0,0,2,1,4.76641E+20,5.46545E+21,8.67844E+15,4.93413E+16
42216,8.17023E+18,8,3,15,98,2017,2,20,1,2,6,7,0,1,1,0,0,2,0,4.03918E+20,5.31016E+21,7.7135E+15,4.79375E+16
42217,8.17023E+18,8,3,15,41,2017,2,19,1,1,4,6,0,1,0,0,1,1,0,4.23952E+20,5.3215E+21,7.97968E+15,4.80423E+16
42218,8.17023E+18,8,2,15,47,2017,2,13,1,2,4,2,0,1,0,1,0,0,0,4.61017E+20,5.41046E+21,8.46867E+15,4.88459E+16
42219,8.17023E+18,8,2,15,89,2017,2,14,1,3,2,6,0,1,0,0,0,0,0,4.69439E+20,5.43038E+21,8.58195E+15,4.90256E+16
42220,8.17023E+18,8,2,35,6,2017,2,16,1,3,0,2,0,1,0,1,0,0,0,4.71627E+20,5.38146E+21,8.61526E+15,4.85856E+16
42221,8.17022E+18,8,2,22,0,2017,2,15,2,3,2,6,0,1,0,0,0,0,0,4.60159E+20,5.48877E+21,8.44921E+15,4.95502E+16
42222,8.17022E+18,8,2,11,0,2017,2,20,2,3,5,3,0,1,0,0,0,2,1,4.4197E+20,5.40703E+21,8.20956E+15,4.88136E+16
42223,8.17022E+18,8,2,15,108,2017,2,16,2,3,1,1,0,1,0,0,0,0,0,4.45625E+20,5.42513E+21,8.25693E+15,4.89767E+16
42224,8.17023E+18,8,2,35,79,2017,2,12,2,3,6,4,0,1,1,0,0,0,0,4.69048E+20,5.40279E+21,8.5787E+15,4.87773E+16
42225,8.17023E+18,8,3,26,17,2017,2,6,2,3,9,1,0,1,0,0,0,2,2,4.48223E+20,5.31619E+21,8.30594E+15,4.7997E+16
42226,8.17023E+18,8,1,11,0,2017,2,17,3,3,2,6,0,1,0,0,0,1,1,5.17898E+20,5.40273E+21,9.24362E+15,4.87773E+16
42227,8.17023E+18,8,1,36,65,2017,2,21,3,3,5,3,0,1,0,0,0,2,1,5.59864E+20,5.40908E+21,9.81571E+15,4.88318E+16
42228,8.17022E+18,8,1,36,19,2017,2,10,2,3,1,3,0,1,0,0,0,0,0,5.82552E+20,5.42413E+21,1.01279E+16,4.89646E+16
42229,8.17022E+18,8,1,36,38,2017,2,11,2,2,5,3,0,1,0,0,0,0,0,5.89017E+20,5.41097E+21,1.02133E+16,4.88453E+16
42230,8.17022E+18,8,1,36,43,2017,2,13,2,3,4,7,0,1,0,0,0,0,0,5.7543E+20,5.40806E+21,1.00276E+16,4.88209E+16
42231,8.17022E+18,8,1,27,91,2017,2,21,2,2,8,1,0,1,0,0,0,2,1,5.76681E+20,5.45306E+21,1.00532E+16,4.92256E+16
42232,8.17022E+18,8,1,25,66,2017,2,16,2,3,8,1,0,1,0,0,0,0,0,5.18491E+20,5.43057E+21,9.25294E+15,4.90277E+16
42233,8.17022E+18,8,1,26,85,2017,2,16,2,2,2,6,0,0,0,0,1,0,0,5.47818E+20,5.45042E+21,9.65647E+15,4.92047E+16
42234,8.17022E+18,8,1,25,30,2017,2,11,2,2,6,7,0,1,1,0,0,0,0,5.14962E+20,5.43902E+21,9.20498E+15,4.91038E+16
42235,8.17022E+18,8,1,18,49,2017,2,10,2,3,2,6,0,1,0,0,1,0,1,5.18574E+20,5.42114E+21,9.25366E+15,4.89429E+16
42236,8.17022E+18,8,1,18,70,2017,2,10,2,3,2,6,0,1,0,0,0,0,0,5.20502E+20,5.42649E+21,9.28025E+15,4.8991E+16
42237,8.17022E+18,8,1,18,79,2017,2,11,2,3,2,2,0,1,0,0,0,0,1,5.09283E+20,5.4228E+21,9.12681E+15,4.89581E+16
42238,8.17022E+18,8,1,18,78,2017,2,18,2,3,2,6,0,1,0,0,0,2,1,5.11349E+20,5.41887E+21,9.15493E+15,4.89227E+16
42239,8.17023E+18,8,2,36,46,2017,2,5,1,3,8,5,0,1,0,0,0,2,0,4.84164E+20,5.41783E+21,8.78386E+15,4.89132E+16
42240,8.17022E+18,8,1,18,7,2017,2,10,2,3,8,1,0,0,0,0,1,0,0,5.14481E+20,5.42896E+21,9.19804E+15,4.90134E+16
42241,8.17023E+18,8,2,25,9,2017,2,0,1,3,9,1,0,1,0,0,0,2,0,5.15029E+20,5.46766E+21,9.20698E+15,4.93614E+16
42242,8.17022E+18,8,1,17,26,2017,2,18,2,3,6,4,0,1,1,0,0,1,0,5.47921E+20,5.39426E+21,9.65126E+15,4.86995E+16
42243,8.17023E+18,8,1,15,28,2017,2,17,1,3,3,6,0,1,0,0,0,0,0,4.97417E+20,5.40452E+21,8.96482E+15,4.87937E+16
42244,8.17022E+18,8,1,17,14,2017,2,15,2,3,2,6,0,1,0,0,0,0,1,5.53246E+20,5.383E+21,9.72218E+15,4.85978E+16
42245,8.17022E+18,8,1,16,49,2017,2,5,2,3,5,3,0,1,0,0,0,2,0,5.23447E+20,5.3831E+21,9.31802E+15,4.86006E+16
42246,8.17022E+18,8,1,15,1,2017,2,16,2,3,3,6,1,0,0,0,1,0,0,4.91232E+20,5.39161E+21,8.88089E+15,4.86775E+16
42247,8.17022E+18,8,1,15,45,2017,2,17,2,3,2,6,0,1,0,0,0,1,1,4.97407E+20,5.39424E+21,8.96476E+15,4.87012E+16
42248,8.17022E+18,8,1,15,51,2017,2,17,2,3,9,1,0,1,0,0,0,0,0,5.05455E+20,5.38221E+21,9.07398E+15,4.8593E+16
42249,8.17022E+18,8,1,11,0,2017,2,22,2,3,2,6,0,1,0,0,0,2,1,5.06606E+20,5.40411E+21,9.08993E+15,4.87899E+16
42250,8.17022E+18,8,1,11,0,2017,2,21,2,3,2,2,0,1,0,0,0,2,1,5.15414E+20,5.40583E+21,9.20992E+15,4.88053E+16
42251,8.17022E+18,8,1,11,0,2017,2,19,2,3,5,3,1,1,0,0,0,2,1,5.14855E+20,5.40611E+21,9.20232E+15,4.88078E+16
42252,8.17022E+18,8,1,11,0,2017,2,9,2,3,2,6,0,1,0,1,0,0,0,5.13295E+20,5.4042E+21,9.18102E+15,4.87906E+16
42253,8.17023E+18,8,2,25,114,2017,2,5,1,2,8,1,0,1,0,0,0,2,0,5.41516E+20,5.47192E+21,9.57219E+15,4.93985E+16
42254,8.17023E+18,8,1,25,8,2017,2,16,1,2,4,6,0,1,0,1,0,0,0,5.28246E+20,5.43629E+21,9.38678E+15,4.90788E+16
42255,8.17023E+18,8,1,25,102,2017,2,16,1,2,2,6,0,1,0,0,0,0,0,5.23429E+20,5.44704E+21,9.32145E+15,4.91757E+16
42256,8.17023E+18,8,1,19,91,2017,2,17,1,2,0,1,0,0,0,1,0,0,0,5.30338E+20,5.40431E+21,9.41306E+15,4.8791E+16
42257,8.17023E+18,8,1,19,42,2017,2,19,1,3,3,6,0,1,0,1,0,2,0,5.26691E+20,5.41557E+21,9.36413E+15,4.88925E+16
42258,8.17022E+18,8,4,37,100,2017,2,8,1,3,8,1,0,1,0,0,0,0,1,5.35114E+20,5.31469E+21,9.47058E+15,4.79845E+16
42259,8.17023E+18,8,2,21,0,2017,2,15,2,3,2,6,0,1,0,0,0,0,0,4.74843E+20,5.46998E+21,8.6534E+15,4.9382E+16
42260,8.17022E+18,8,4,26,128,2017,2,9,1,3,5,3,0,1,0,0,0,0,1,5.58768E+20,5.33339E+21,9.79013E+15,4.81511E+16
42261,8.17022E+18,8,4,25,20,2017,2,17,1,2,5,6,0,1,0,0,0,2,0,5.60171E+20,5.35803E+21,9.8125E+15,4.83726E+16
42262,8.17023E+18,8,3,16,2,2017,2,1,2,3,9,1,0,1,0,0,0,2,0,4.06456E+20,5.33046E+21,7.74304E+15,4.81205E+16
42263,8.17023E+18,8,4,15,50,2017,2,19,2,2,4,6,0,1,0,0,0,2,0,5.19471E+20,5.37567E+21,9.26375E+15,4.85338E+16
42264,8.17022E+18,8,4,25,93,2017,2,22,1,2,4,1,0,1,0,0,1,2,1,5.58921E+20,5.34876E+21,9.79433E+15,4.82893E+16
42265,8.17022E+18,8,4,16,36,2017,2,17,1,3,5,3,0,1,0,0,0,0,0,4.96672E+20,5.36922E+21,8.95497E+15,4.84761E+16
42266,8.17022E+18,8,4,15,61,2017,2,17,1,3,2,2,0,1,0,0,0,0,0,5.14305E+20,5.37117E+21,9.19362E+15,4.84935E+16