OBJECTID,UIDENTSTLA,ULAND,UREGBEZ,UKREIS,UGEMEINDE,UJAHR,UMONAT,USTUNDE,UWOCHENTAG,UKATEGORIE,UART,UTYP1,IstRad,IstPKW,IstFuss,IstKrad,IstSonstig,LICHT,STRZUSTAND,LINREFX,LINREFY,XGCSWGS84,YGCSWGS84
42441,8.17031E+18,8,4,36,64,2017,3,15,6,3,2,6,0,1,0,0,0,0,0,5.44828E+20,5.28829E+21,9.59802E+15,4.77465E+16
42442,8.17031E+18,8,4,35,66,2017,3,14,6,3,2,7,0,1,0,1,0,0,0,5.19578E+20,5.28718E+21,9.26114E+15,4.77377E+16
42443,8.17031E+18,8,4,35,59,2017,3,16,6,3,2,6,0,1,0,0,1,0,0,5.14328E+20,5.29154E+21,9.19125E+15,4.77771E+16
42444,8.17031E+18,8,4,35,52,2017,3,15,3,3,3,2,0,0,0,0,1,0,1,5.22968E+20,5.29076E+21,9.30654E+15,4.77698E+16
42445,8.17031E+18,8,4,35,34,2017,3,8,6,3,2,6,0,1,0,0,1,0,1,5.27944E+20,5.28567E+21,9.37262E+15,4.77238E+16
42446,8.17031E+18,8,4,26,71,2017,3,1,3,3,9,1,0,1,0,0,0,2,1,5.61943E+20,5.33304E+21,9.83277E+15,4.81476E+16
42447,8.17031E+18,8,4,35,29,2017,3,18,6,3,0,7,1,0,0,0,0,0,0,5.45223E+20,5.27165E+21,9.60157E+15,4.75967E+16
42448,8.17031E+18,8,4,25,33,2017,3,15,3,3,5,3,0,1,0,0,0,0,1,5.54814E+20,5.34822E+21,9.73889E+15,4.82848E+16
42449,8.17031E+18,8,4,25,139,2017,3,6,3,3,5,3,0,1,0,0,0,0,2,5.48132E+20,5.36392E+21,9.65062E+15,4.84266E+16
42450,8.17031E+18,8,3,36,45,2017,3,12,1,3,2,6,0,1,0,0,0,0,0,3.9988E+20,5.28837E+21,7.66449E+15,4.77409E+16
42451,8.17031E+18,8,4,15,73,2017,3,16,3,2,5,3,0,1,0,0,0,0,1,5.16204E+20,5.35193E+21,9.21858E+15,4.83203E+16
42452,8.17031E+18,8,3,26,3,2017,3,5,3,3,3,6,0,1,0,0,1,2,1,4.71701E+20,5.31291E+21,8.62087E+15,4.79689E+16
42453,8.17031E+18,8,3,36,10,2017,3,14,1,3,4,6,0,1,0,1,0,0,0,4.13665E+20,5.29398E+21,7.84721E+15,4.77934E+16
42454,8.17031E+18,8,3,37,118,2017,3,11,3,3,8,1,0,1,0,0,0,0,1,4.38022E+20,5.28072E+21,8.17429E+15,4.76769E+16
42455,8.17031E+18,8,3,35,55,2017,3,13,3,3,2,2,0,1,0,0,1,0,0,4.95066E+20,5.28596E+21,8.93421E+15,4.7727E+16
42456,8.17031E+18,8,3,35,98,2017,3,14,1,3,4,1,1,0,0,0,0,0,0,5.04164E+20,5.29656E+21,9.05563E+15,4.78224E+16
42457,8.17031E+18,8,3,35,97,2017,3,19,3,3,2,6,0,1,0,0,1,2,0,4.87226E+20,5.29713E+21,8.82933E+15,4.78274E+16
42458,8.17031E+18,8,3,26,27,2017,3,6,3,3,9,1,0,1,0,0,0,0,1,4.6346E+20,5.30741E+21,8.51092E+15,4.79189E+16
42459,8.17031E+18,8,3,26,12,2017,3,12,3,3,4,6,0,1,0,0,0,0,0,4.65642E+20,5.31094E+21,8.53984E+15,4.79508E+16
42460,8.17031E+18,8,4,35,16,2017,3,16,6,3,2,6,0,1,0,0,0,0,0,5.29997E+20,5.27978E+21,9.39959E+15,4.76707E+16
42461,8.17031E+18,8,3,17,40,2017,3,15,3,3,5,2,0,1,0,1,0,0,1,4.32178E+20,5.34722E+21,8.08594E+15,4.82745E+16
42462,8.17031E+18,8,4,35,16,2017,3,8,6,2,8,1,0,0,0,1,0,0,1,5.37158E+20,5.27901E+21,9.49492E+15,4.76634E+16
42463,8.17031E+18,8,1,17,26,2017,3,10,7,3,5,3,0,1,0,0,0,0,0,5.45301E+20,5.3955E+21,9.6158E+15,4.87108E+16
42464,8.17031E+18,8,1,15,28,2017,3,19,7,3,2,6,0,1,0,0,0,2,0,5.02412E+20,5.40101E+21,9.03282E+15,4.87621E+16
42465,8.17031E+18,8,2,35,65,2017,3,2,7,2,9,1,0,1,0,0,0,2,0,4.73143E+20,5.40533E+21,8.63427E+15,4.88003E+16
42466,8.17031E+18,8,3,15,113,2017,3,9,3,3,9,1,0,1,0,0,0,0,2,4.36883E+20,5.31561E+21,8.15403E+15,4.79907E+16
42467,8.17031E+18,8,2,22,0,2017,3,15,3,2,3,6,0,1,0,0,1,0,1,4.66633E+20,5.47925E+21,8.5395E+15,4.9465E+16
42468,8.17031E+18,8,4,26,121,2017,3,17,6,3,0,2,0,0,0,1,0,0,0,5.38823E+20,5.33505E+21,9.52214E+15,4.81675E+16
42469,8.17031E+18,8,2,15,17,2017,3,14,3,3,2,1,0,1,0,0,1,0,1,4.52956E+20,5.41968E+21,8.35773E+15,4.89282E+16
42470,8.17031E+18,8,2,12,0,2017,3,11,3,3,9,1,0,0,0,0,1,0,0,4.59844E+20,5.42798E+21,8.45095E+15,4.90034E+16
42471,8.17031E+18,8,2,37,4,2017,3,14,3,3,1,6,0,1,0,0,0,0,2,4.42373E+20,5.3767E+21,8.21928E+15,4.85408E+16
42472,8.17031E+18,8,2,31,0,2017,3,17,3,3,2,6,0,1,0,0,0,2,1,4.78789E+20,5.41564E+21,8.71062E+15,4.88934E+16
42473,8.17031E+18,8,2,35,7,2017,3,14,3,1,5,3,0,1,0,0,0,0,1,4.8407E+20,5.39919E+21,8.7833E+15,4.87456E+16
42474,8.17031E+18,8,2,36,39,2017,3,6,3,3,1,6,0,1,0,0,0,2,1,4.89967E+20,5.4123E+21,8.8632E+15,4.88635E+16
42475,8.17031E+18,8,2,25,33,2017,3,19,3,3,5,3,0,1,0,0,0,2,1,5.09672E+20,5.45895E+21,9.13299E+15,4.92832E+16
42476,8.17031E+18,8,2,16,7,2017,3,12,3,3,4,1,0,1,0,0,0,0,2,4.42746E+20,5.39037E+21,8.22245E+15,4.86638E+16
42477,8.17031E+18,8,2,15,9,2017,3,14,3,3,2,6,0,1,0,0,0,0,0,4.71185E+20,5.44275E+21,8.60495E+15,4.91369E+16
42478,8.17031E+18,8,2,15,7,2017,3,17,3,3,2,6,0,1,0,0,0,0,1,4.7548E+20,5.4312E+21,8.66454E+15,4.90332E+16
42479,8.17031E+18,8,3,35,22,2017,3,13,1,2,2,2,0,1,0,1,0,0,0,4.83019E+20,5.30096E+21,8.77296E+15,4.78617E+16
42480,8.17031E+18,8,3,16,42,2017,3,16,1,3,8,1,0,0,0,1,0,0,0,4.34329E+20,5.32103E+21,8.11896E+15,4.80392E+16
42481,8.17031E+18,8,3,15,130,2017,3,18,1,2,8,1,0,0,0,1,0,0,0,4.14132E+20,5.30471E+21,7.85132E+15,4.78899E+16
42482,8.17031E+18,8,2,15,109,2017,3,11,3,3,4,2,0,1,0,0,0,0,1,4.63685E+20,5.43927E+21,8.50246E+15,4.91052E+16
42483,8.17031E+18,8,3,11,0,2017,3,12,1,2,3,6,1,0,0,0,0,0,0,4.06251E+20,5.31682E+21,7.74329E+15,4.79978E+16
42484,8.17031E+18,8,2,15,17,2017,3,18,3,3,2,6,0,1,0,0,0,1,0,4.56499E+20,5.42317E+21,8.40573E+15,4.89599E+16
42485,8.17031E+18,8,2,12,0,2017,3,15,3,3,2,6,0,1,0,0,0,0,1,4.53345E+20,5.43172E+21,8.36167E+15,4.90366E+16
42486,8.17031E+18,8,2,12,0,2017,3,10,1,3,5,2,0,1,0,0,1,0,0,4.59408E+20,5.42622E+21,8.44517E+15,4.89876E+16
42487,8.17031E+18,8,1,18,19,2017,3,9,3,2,2,6,0,1,0,0,1,0,1,5.03868E+20,5.40634E+21,9.05269E+15,4.881E+16
42488,8.17031E+18,8,1,36,9,2017,3,19,3,1,4,1,0,1,0,0,0,2,1,5.67571E+20,5.40789E+21,9.92052E+15,4.88204E+16
42489,8.17031E+18,8,2,36,74,2017,3,20,1,3,1,6,0,1,0,0,0,2,0,4.73162E+20,5.41951E+21,8.63359E+15,4.8928E+16
42490,8.17031E+18,8,1,26,11,2017,3,15,3,3,5,3,0,1,0,0,0,0,1,5.31915E+20,5.44739E+21,9.43791E+15,4.91785E+16
42491,8.17031E+18,8,4,26,108,2017,3,5,6,2,9,1,0,1,0,0,0,2,1,5.71375E+20,5.33213E+21,9.9594E+15,4.81384E+16
42492,8.17031E+18,8,1,25,102,2017,3,9,3,3,2,1,0,1,0,1,0,0,0,5.21525E+20,5.44552E+21,9.29525E+15,4.91621E+16
42493,8.17031E+18,8,4,21,0,2017,3,14,6,3,2,6,0,1,0,0,1,0,0,5.69314E+20,5.36281E+21,9.93673E+15,4.84146E+16
42494,8.17031E+18,8,4,26,87,2017,3,19,6,2,8,1,0,1,0,0,0,2,0,5.66745E+20,5.32146E+21,9.89551E+15,4.80429E+16
42495,8.17031E+18,8,4,21,0,2017,3,15,6,3,2,6,0,1,0,0,0,0,0,5.70825E+20,5.35846E+21,9.95642E+15,4.83753E+16
42496,8.17031E+18,8,1,19,87,2017,3,2,7,2,8,1,0,1,0,0,0,2,0,5.29456E+20,5.42476E+21,9.40252E+15,4.89751E+16
42497,8.17031E+18,8,1,25,8,2017,3,7,3,3,5,3,0,1,0,0,1,1,1,5.2424E+20,5.43187E+21,9.33166E+15,4.90393E+16
42498,8.17031E+18,8,1,25,69,2017,3,9,3,3,4,1,0,1,0,0,0,0,0,5.23609E+20,5.45211E+21,9.32421E+15,4.92213E+16
42499,8.17031E+18,8,1,21,0,2017,3,20,3,3,2,6,0,1,0,0,0,2,0,5.14599E+20,5.44626E+21,9.20028E+15,4.9169E+16
42500,8.17031E+18,8,1,18,48,2017,3,6,3,3,2,6,0,1,0,0,0,1,1,5.16179E+20,5.41727E+21,9.22079E+15,4.89082E+16
42501,8.17031E+18,8,1,18,18,2017,3,6,3,2,5,3,0,1,0,0,0,0,1,5.11896E+20,5.4314E+21,9.16276E+15,4.90354E+16
42502,8.17031E+18,8,1,17,26,2017,3,16,3,3,0,1,0,0,0,1,0,0,0,5.46292E+20,5.39245E+21,9.62893E+15,4.86833E+16
42503,8.17031E+18,8,1,17,18,2017,3,12,3,2,4,1,0,1,0,0,0,0,1,5.37099E+20,5.39285E+21,9.50406E+15,4.86876E+16
42504,8.17031E+18,8,1,16,49,2017,3,14,3,3,2,6,0,1,0,0,0,0,1,5.25256E+20,5.38643E+21,9.34277E+15,4.86304E+16
42505,8.17031E+18,8,1,16,33,2017,3,10,3,3,5,3,1,1,0,0,0,0,1,5.30387E+20,5.38985E+21,9.41265E+15,4.86609E+16
42506,8.17031E+18,8,1,11,0,2017,3,12,3,3,2,6,0,1,0,0,0,0,1,5.07607E+20,5.39744E+21,9.10344E+15,4.873E+16
42507,8.17031E+18,8,4,25,75,2017,3,18,6,3,5,3,0,1,0,0,0,1,0,5.67981E+20,5.3769E+21,9.92102E+15,4.85415E+16
42508,8.17031E+18,8,4,36,64,2017,3,12,2,3,5,3,0,1,0,0,0,0,0,5.45104E+20,5.2923E+21,9.60212E+15,4.77825E+16
42509,8.17031E+18,8,4,15,29,2017,3,17,6,2,4,2,0,1,0,1,0,0,0,5.2353E+20,5.38035E+21,9.319E+15,4.85758E+16
42510,8.17031E+18,8,4,35,59,2017,3,16,2,2,4,1,0,1,0,0,1,0,1,5.11583E+20,5.29196E+21,9.15462E+15,4.77809E+16
42511,8.17031E+18,8,2,31,0,2017,3,15,1,3,1,6,0,1,0,0,0,0,0,4.75453E+20,5.41376E+21,8.66522E+15,4.88763E+16
42512,8.17031E+18,8,2,36,40,2017,3,10,1,3,8,1,0,0,0,1,0,0,0,4.89824E+20,5.4232E+21,8.86098E+15,4.89617E+16
42513,8.17031E+18,8,2,26,29,2017,3,12,1,2,8,1,0,0,0,1,0,0,0,4.84452E+20,5.482E+21,8.78532E+15,4.94904E+16
42514,8.17031E+18,8,4,25,141,2017,3,7,2,3,9,1,0,1,0,0,0,1,1,5.64907E+20,5.36373E+21,9.87732E+15,4.84234E+16
42515,8.17031E+18,8,4,21,0,2017,3,2,2,3,8,1,0,1,0,0,0,2,0,5.72057E+20,5.36405E+21,9.97402E+15,4.84255E+16
42516,8.17031E+18,8,4,17,51,2017,3,11,2,3,8,1,0,0,0,0,1,0,0,4.91646E+20,5.35953E+21,8.88715E+15,4.83889E+16
42517,8.17031E+18,8,4,15,61,2017,3,19,2,3,5,3,0,1,0,0,0,2,1,5.16808E+20,5.37548E+21,9.22768E+15,4.85322E+16
42518,8.17031E+18,8,3,37,22,2017,3,7,2,2,8,1,0,0,0,0,1,0,2,4.49096E+20,5.29459E+21,8.32019E+15,4.78026E+16
42519,8.17031E+18,8,3,35,79,2017,3,15,2,2,2,2,0,1,0,0,0,0,1,5.0073E+20,5.29963E+21,9.00976E+15,4.785E+16
42520,8.17031E+18,8,3,26,17,2017,3,7,2,3,8,1,0,1,0,0,0,0,2,4.4597E+20,5.32596E+21,8.2745E+15,4.80846E+16
42521,8.17031E+18,8,2,16,43,2017,3,18,1,3,1,7,1,1,0,0,0,2,0,4.41744E+20,5.41172E+21,8.20582E+15,4.88557E+16
42522,8.17031E+18,8,2,16,15,2017,3,15,1,2,4,2,0,1,0,0,0,0,0,4.50304E+20,5.40552E+21,8.32325E+15,4.88007E+16
42523,8.17031E+18,8,1,18,48,2017,3,16,1,2,4,6,0,1,0,1,0,0,0,5.17006E+20,5.41719E+21,9.23208E+15,4.89074E+16
42524,8.17031E+18,8,1,15,45,2017,3,16,1,3,2,6,0,1,0,0,0,0,0,5.04008E+20,5.39596E+21,9.05449E+15,4.87166E+16
42525,8.17031E+18,8,3,17,51,2017,3,12,2,3,4,1,0,1,0,0,1,0,1,4.4633E+20,5.34246E+21,8.27725E+15,4.82331E+16
42526,8.17031E+18,8,3,17,51,2017,3,14,2,3,8,7,0,1,0,0,0,0,1,4.43134E+20,5.33913E+21,8.23467E+15,4.82028E+16
42527,8.17031E+18,8,3,17,1,2017,3,7,2,3,5,3,0,1,0,0,1,1,1,4.29078E+20,5.38806E+21,8.03724E+15,4.86416E+16
42528,8.17031E+18,8,3,17,96,2017,3,7,2,3,8,1,0,0,0,0,1,1,1,4.20351E+20,5.37496E+21,7.92131E+15,4.85227E+16
42529,8.17031E+18,8,1,36,42,2017,3,13,1,3,1,5,0,1,0,0,0,0,0,5.50672E+20,5.40536E+21,9.69001E+15,4.87991E+16
42530,8.17031E+18,8,3,11,0,2017,3,18,2,3,1,2,0,1,0,0,0,2,1,4.13147E+20,5.31543E+21,7.83598E+15,4.79863E+16
42531,8.17031E+18,8,4,16,41,2017,3,15,6,2,2,6,0,1,0,1,0,0,0,5.06173E+20,5.37353E+21,9.08359E+15,4.85148E+16
42532,8.17031E+18,8,1,35,20,2017,3,15,1,2,2,6,0,1,0,0,0,0,0,5.85599E+20,5.38079E+21,1.01605E+16,4.85743E+16
42533,8.17031E+18,8,3,11,0,2017,3,16,2,3,2,6,0,1,0,0,0,0,1,4.12547E+20,5.32348E+21,7.8263E+15,4.80586E+16
42534,8.17031E+18,8,4,15,78,2017,3,12,6,3,2,6,0,1,0,0,0,0,0,5.272E+20,5.37276E+21,9.36825E+15,4.85074E+16
42535,8.17031E+18,8,3,37,2,2017,3,14,6,3,2,6,0,1,0,0,0,0,0,4.33846E+20,5.27063E+21,8.12018E+15,4.75857E+16
42536,8.17031E+18,8,3,36,84,2017,3,15,6,3,9,1,0,0,0,1,0,0,0,4.04037E+20,5.28356E+21,7.72098E+15,4.76983E+16
42537,8.17031E+18,8,3,35,75,2017,3,7,6,3,4,2,0,1,0,1,1,0,1,4.92304E+20,5.28796E+21,8.89734E+15,4.7745E+16
42538,8.17031E+18,8,2,36,46,2017,3,14,2,2,2,6,0,0,0,0,1,0,0,4.82423E+20,5.41841E+21,8.76008E+15,4.89184E+16
42539,8.17031E+18,8,2,31,0,2017,3,7,2,3,0,2,0,1,0,0,1,0,1,4.75196E+20,5.41218E+21,8.66181E+15,4.88621E+16
42540,8.17031E+18,8,2,36,71,2017,3,12,2,3,0,1,0,0,0,1,0,0,0,4.68515E+20,5.42234E+21,8.56994E+15,4.89531E+16
42541,8.17031E+18,8,2,25,32,2017,3,20,2,3,8,1,0,1,0,0,0,2,1,5.3079E+20,5.50114E+21,9.42665E+15,4.9662E+16
42542,8.17031E+18,8,2,15,9,2017,3,13,2,3,2,6,0,1,0,0,1,0,0,4.69438E+20,5.44114E+21,8.58113E+15,4.91224E+16
42543,8.17031E+18,8,2,15,108,2017,3,17,2,3,2,2,0,1,0,0,0,0,0,4.53606E+20,5.42218E+21,8.36632E+15,4.89508E+16
42544,8.17031E+18,8,1,18,63,2017,3,6,2,3,2,6,0,1,0,0,0,0,1,5.16614E+20,5.42412E+21,9.22701E+15,4.89698E+16
42545,8.17031E+18,8,1,35,16,2017,3,6,2,3,5,3,0,0,0,1,1,1,1,5.87573E+20,5.38667E+21,1.01885E+16,4.86269E+16
42546,8.17031E+18,8,4,21,0,2017,3,21,2,1,0,6,0,1,0,0,0,2,0,5.7392E+20,5.36767E+21,9.99983E+15,4.84578E+16
42547,8.17031E+18,8,1,21,0,2017,3,11,2,3,0,6,0,1,0,0,0,0,0,5.14729E+20,5.44282E+21,9.20193E+15,4.91381E+16
42548,8.17031E+18,8,3,35,75,2017,3,14,6,3,0,7,0,0,0,0,1,0,0,4.90655E+20,5.29341E+21,8.87522E+15,4.7794E+16
42549,8.17031E+18,8,3,35,63,2017,3,17,6,3,8,1,0,1,0,0,0,0,0,4.96029E+20,5.29093E+21,8.947E+15,4.77717E+16
42550,8.17031E+18,8,3,35,80,2017,3,20,6,3,0,1,1,0,0,0,0,2,0,4.76739E+20,5.29333E+21,8.68941E+15,4.77929E+16
42551,8.17031E+18,8,4,16,22,2017,3,2,7,3,0,7,0,1,0,0,0,2,0,5.10392E+20,5.37606E+21,9.14078E+15,4.85375E+16
42552,8.17031E+18,8,1,21,0,2017,3,12,7,3,2,6,0,1,0,0,0,0,0,5.13805E+20,5.44838E+21,9.18945E+15,4.91881E+16
42553,8.17031E+18,8,1,19,8,2017,3,7,2,3,8,1,0,1,0,0,0,0,1,5.29496E+20,5.42007E+21,9.40272E+15,4.89328E+16
42554,8.17031E+18,8,2,35,32,2017,3,12,7,3,1,5,1,1,0,0,0,0,0,4.73254E+20,5.37649E+21,8.63765E+15,4.85409E+16
42555,8.17031E+18,8,1,18,48,2017,3,20,2,3,0,7,1,0,0,0,1,2,1,5.1347E+20,5.41527E+21,9.18376E+15,4.88903E+16
42556,8.17031E+18,8,1,18,11,2017,3,9,2,2,2,6,0,1,0,0,1,0,0,5.0612E+20,5.40837E+21,9.08339E+15,4.88283E+16
42557,8.17031E+18,8,4,25,13,2017,3,0,2,2,2,6,0,1,0,0,1,2,1,5.80752E+20,5.37674E+21,1.0094E+16,4.85385E+16
42558,8.17031E+18,8,1,15,50,2017,3,11,2,3,2,6,0,1,0,0,1,0,0,4.92191E+20,5.39966E+21,8.89377E+15,4.87499E+16
42559,8.17031E+18,8,1,15,3,2017,3,15,2,3,2,6,0,1,0,0,0,0,0,4.99976E+20,5.39236E+21,8.99967E+15,4.86843E+16
42560,8.17031E+18,8,1,11,0,2017,3,6,2,3,1,5,0,1,0,0,0,0,0,5.1447E+20,5.40204E+21,9.19693E+15,4.87712E+16
42561,8.17031E+18,8,1,11,0,2017,3,6,2,3,4,1,0,1,0,0,0,1,1,5.15526E+20,5.40807E+21,9.21153E+15,4.88254E+16
42562,8.17031E+18,8,1,11,0,2017,3,15,2,2,4,1,0,1,0,0,0,0,0,5.07463E+20,5.40688E+21,9.10165E+15,4.88149E+16
42563,8.17031E+18,8,1,11,0,2017,3,8,2,3,2,6,0,1,0,0,0,0,1,5.08138E+20,5.39896E+21,9.11069E+15,4.87436E+16
42564,8.17031E+18,8,1,11,0,2017,3,11,2,3,5,3,0,1,0,0,0,0,0,5.12788E+20,5.40187E+21,9.17404E+15,4.87697E+16
42565,8.17031E+18,8,4,36,5,2017,3,16,1,3,5,3,0,1,0,0,0,0,0,5.39804E+20,5.30967E+21,9.53297E+15,4.79391E+16
42566,8.17031E+18,8,1,28,139,2017,3,16,1,3,9,7,0,1,0,0,0,0,0,5.59172E+20,5.4883E+21,9.81795E+15,4.95444E+16
42567,8.17031E+18,8,1,28,128,2017,3,15,1,3,5,3,0,1,0,1,0,0,0,5.50992E+20,5.50613E+21,9.70721E+15,4.97055E+16
42568,8.17031E+18,8,1,28,14,2017,3,17,1,3,4,2,0,1,0,0,0,0,0,5.44315E+20,5.48548E+21,9.61228E+15,4.95203E+16
42569,8.17031E+18,8,1,28,139,2017,3,15,1,3,5,3,0,1,0,0,0,0,0,5.52333E+20,5.48793E+21,9.72337E+15,4.95417E+16
42570,8.17031E+18,8,4,35,35,2017,3,1,1,3,4,6,0,1,0,0,0,2,0,5.41667E+20,5.28323E+21,9.55537E+15,4.77011E+16
42571,8.17031E+18,8,1,28,14,2017,3,15,1,1,4,1,0,1,0,1,0,0,0,5.47067E+20,5.48642E+21,9.65041E+15,4.95285E+16
42572,8.17031E+18,8,3,26,74,2017,3,14,6,3,2,6,0,1,0,0,0,0,0,4.65235E+20,5.32204E+21,8.5335E+15,4.80507E+16
42573,8.17031E+18,8,1,36,60,2017,3,6,1,2,9,1,0,1,0,0,0,0,0,5.76885E+20,5.42855E+21,1.00513E+16,4.9005E+16
42574,8.17031E+18,8,4,37,44,2017,3,13,1,3,8,1,0,1,0,0,0,0,0,5.34376E+20,5.32126E+21,9.46122E+15,4.80437E+16
42575,8.17031E+18,8,3,17,47,2017,3,17,6,3,5,3,0,1,0,0,0,0,0,4.1805E+20,5.36354E+21,7.89238E+15,4.84197E+16
42576,8.17031E+18,8,3,17,65,2017,3,10,6,3,5,2,1,1,0,0,0,0,0,4.14217E+20,5.3553E+21,7.84228E+15,4.83451E+16
42577,8.17031E+18,8,3,17,150,2017,3,19,6,3,2,7,0,1,0,1,0,2,0,4.09046E+20,5.36189E+21,7.77107E+15,4.84036E+16
42578,8.17031E+18,8,3,17,1,2017,3,7,6,3,5,3,1,1,0,0,0,0,1,4.32935E+20,5.38373E+21,8.0903E+15,4.8603E+16
42579,8.17031E+18,8,4,15,92,2017,3,21,1,2,0,1,0,0,0,1,0,2,1,5.19927E+20,5.3615E+21,9.26926E+15,4.84063E+16
42580,8.17031E+18,8,3,36,82,2017,3,15,1,3,2,6,0,1,0,0,0,0,0,4.15621E+20,5.27172E+21,7.87763E+15,4.75934E+16
42581,8.17031E+18,8,3,35,75,2017,3,14,1,2,5,2,0,1,0,0,0,0,0,4.91043E+20,5.29401E+21,8.88039E+15,4.77994E+16
42582,8.17031E+18,8,3,26,6,2017,3,17,1,3,2,1,0,1,0,0,0,2,1,4.58502E+20,5.30502E+21,8.44479E+15,4.78971E+16
42583,8.17031E+18,8,3,15,74,2017,3,11,1,2,6,2,0,1,1,0,0,0,0,3.96748E+20,5.29652E+21,7.62079E+15,4.78137E+16
42584,8.17031E+18,8,3,15,74,2017,3,5,1,2,0,1,0,1,0,0,0,2,0,3.9518E+20,5.29533E+21,7.60013E+15,4.78028E+16
42585,8.17031E+18,8,3,15,74,2017,3,5,1,2,0,1,0,1,0,0,0,2,0,3.95175E+20,5.29533E+21,7.60007E+15,4.78028E+16
42586,8.17031E+18,8,2,26,32,2017,3,20,1,3,2,6,0,1,0,0,0,2,1,4.67996E+20,5.46439E+21,8.55951E+15,4.93314E+16
42587,8.17031E+18,8,2,15,21,2017,3,14,1,2,2,6,0,1,0,0,0,0,0,4.68979E+20,5.44661E+21,8.57442E+15,4.91715E+16
42588,8.17031E+18,8,2,15,103,2017,3,12,1,3,2,6,0,1,0,0,0,0,0,4.68248E+20,5.44476E+21,8.56454E+15,4.91548E+16
42589,8.17031E+18,8,1,21,0,2017,3,2,1,2,7,7,0,1,0,0,0,2,0,5.15793E+20,5.44631E+21,9.21665E+15,4.91694E+16
42590,8.17031E+18,8,2,15,103,2017,3,14,1,3,2,6,0,1,0,0,0,0,0,4.67856E+20,5.44384E+21,8.55924E+15,4.91466E+16
42591,8.17031E+18,8,2,37,45,2017,3,23,1,3,8,1,0,1,0,0,0,2,2,4.5594E+20,5.36166E+21,8.40466E+15,4.84066E+16
42592,8.17031E+18,8,1,25,59,2017,3,16,1,3,3,1,0,0,0,1,0,0,0,5.29042E+20,5.43787E+21,9.3978E+15,4.9093E+16
42593,8.17031E+18,8,2,35,85,2017,3,15,1,2,8,1,0,0,0,1,0,0,0,4.78213E+20,5.39875E+21,8.70365E+15,4.87414E+16
42594,8.17031E+18,8,3,15,6,2017,3,8,6,3,2,6,0,1,0,0,1,0,0,4.01186E+20,5.311E+21,7.67673E+15,4.79447E+16
42595,8.17031E+18,8,1,25,65,2017,3,12,1,3,2,6,0,1,0,0,0,0,0,5.16961E+20,5.44962E+21,9.23282E+15,4.91991E+16
42596,8.17031E+18,8,2,36,4,2017,3,12,1,3,2,2,1,1,0,0,0,0,0,4.71805E+20,5.41136E+21,8.61563E+15,4.88546E+16
42597,8.17031E+18,8,3,15,111,2017,3,0,6,2,2,2,0,0,0,1,1,2,0,4.01462E+20,5.29905E+21,7.68315E+15,4.78373E+16
42598,8.17031E+18,8,2,26,85,2017,3,10,1,3,1,6,0,1,0,0,0,0,0,4.92436E+20,5.45765E+21,8.89601E+15,4.92715E+16
42599,8.17031E+18,8,3,36,104,2017,3,15,6,2,4,6,0,1,0,1,0,0,0,4.03507E+20,5.28858E+21,7.71281E+15,4.77434E+16
42600,8.17031E+18,8,3,15,15,2017,3,14,6,1,8,1,0,1,0,0,0,0,0,3.95386E+20,5.31968E+21,7.59697E+15,4.80218E+16
42601,8.17031E+18,8,2,26,10,2017,3,18,6,3,2,6,0,1,0,0,0,1,0,4.83732E+20,5.45746E+21,8.77638E+15,4.92697E+16
42602,8.17031E+18,8,2,16,23,2017,3,15,1,3,5,3,0,1,0,0,0,0,1,4.36105E+20,5.40884E+21,8.1294E+15,4.88293E+16
42603,8.17031E+18,8,2,25,9,2017,3,18,7,1,5,3,0,1,0,1,0,1,0,5.14545E+20,5.46597E+21,9.20026E+15,4.93462E+16
42604,8.17031E+18,8,2,15,40,2017,3,22,1,3,4,2,0,1,0,0,0,2,1,4.88552E+20,5.4364E+21,8.84323E+15,4.90804E+16
42605,8.17031E+18,8,2,15,110,2017,3,14,1,3,6,4,0,1,1,0,0,0,0,4.61718E+20,5.41926E+21,8.47739E+15,4.89251E+16
42606,8.17031E+18,8,2,16,43,2017,3,14,1,3,4,2,0,1,0,0,1,0,0,4.39031E+20,5.41171E+21,8.16883E+15,4.88554E+16
42607,8.17031E+18,8,1,15,28,2017,3,12,1,3,2,6,1,0,0,0,0,0,0,5.01501E+20,5.4001E+21,9.02042E+15,4.8754E+16
42608,8.17031E+18,8,1,18,73,2017,3,0,1,2,4,2,0,1,0,0,0,2,1,4.98025E+20,5.41881E+21,8.97304E+15,4.89222E+16
42609,8.17031E+18,8,1,25,68,2017,3,17,1,3,4,7,0,1,0,0,0,1,0,5.23894E+20,5.46079E+21,9.32865E+15,4.92994E+16
42610,8.17031E+18,8,1,25,68,2017,3,16,1,3,8,1,0,0,0,1,0,0,0,5.16671E+20,5.45881E+21,9.22922E+15,4.92818E+16
42611,8.17031E+18,8,2,36,46,2017,3,15,6,3,2,6,0,1,0,0,0,0,0,4.84408E+20,5.41505E+21,8.78731E+15,4.88882E+16
42612,8.17031E+18,8,1,19,67,2017,3,14,1,2,8,1,0,0,0,1,0,0,0,5.3858E+20,5.40417E+21,9.52526E+15,4.87894E+16
42613,8.17031E+18,8,2,15,9,2017,3,15,6,3,2,6,0,1,0,0,0,0,0,4.67212E+20,5.44045E+21,8.55068E+15,4.9116E+16
42614,8.17031E+18,8,2,16,43,2017,3,16,6,3,2,6,0,1,0,0,0,0,0,4.43767E+20,5.41083E+21,8.23351E+15,4.88479E+16