OBJECTID,UIDENTSTLA,ULAND,UREGBEZ,UKREIS,UGEMEINDE,UJAHR,UMONAT,USTUNDE,UWOCHENTAG,UKATEGORIE,UART,UTYP1,IstRad,IstPKW,IstFuss,IstKrad,IstSonstig,LICHT,STRZUSTAND,LINREFX,LINREFY,XGCSWGS84,YGCSWGS84
42615,8.17031E+18,8,1,25,5,2017,3,16,1,3,0,1,0,0,0,1,0,0,0,5.14242E+20,5.45351E+21,9.19563E+15,4.92342E+16
42616,8.17031E+18,8,1,19,20,2017,3,18,1,3,5,2,0,1,0,0,0,1,0,5.19046E+20,5.40704E+21,9.25945E+15,4.88161E+16
42617,8.17031E+18,8,1,19,69,2017,3,19,1,2,9,1,0,0,0,1,0,2,0,5.33607E+20,5.43425E+21,9.46003E+15,4.90602E+16
42618,8.17031E+18,8,2,37,4,2017,3,16,6,3,2,6,0,1,0,0,0,0,0,4.54179E+20,5.37354E+21,8.37957E+15,4.85133E+16
42619,8.17031E+18,8,2,35,66,2017,3,7,6,3,8,1,0,1,0,0,0,0,1,4.66844E+20,5.38758E+21,8.54992E+15,4.86404E+16
42620,8.17031E+18,8,2,31,0,2017,3,15,6,3,2,6,0,1,0,0,1,0,0,4.79325E+20,5.4182E+21,8.7178E+15,4.89164E+16
42621,8.17031E+18,8,2,26,95,2017,3,21,6,2,5,2,0,1,0,0,0,2,0,4.72471E+20,5.46109E+21,8.62133E+15,4.9302E+16
42622,8.17031E+18,8,1,19,91,2017,3,11,1,2,5,2,0,1,0,1,0,0,0,5.25677E+20,5.40611E+21,9.34971E+15,4.88075E+16
42623,8.17031E+18,8,1,18,79,2017,3,0,1,3,2,6,0,1,0,0,0,2,1,5.09079E+20,5.42001E+21,9.12396E+15,4.8933E+16
42624,8.17031E+18,8,1,19,61,2017,3,13,1,2,2,6,0,1,0,1,0,0,0,5.39173E+20,5.41516E+21,9.53438E+15,4.88881E+16
42625,8.17031E+18,8,1,16,73,2017,3,15,1,3,8,1,0,0,0,1,0,0,0,5.20457E+20,5.38806E+21,9.27772E+15,4.86453E+16
42626,8.17031E+18,8,2,26,82,2017,3,20,6,3,6,4,0,1,1,0,0,2,0,4.75345E+20,5.48006E+21,8.65968E+15,4.94727E+16
42627,8.17031E+18,8,1,17,26,2017,3,18,1,3,8,1,1,0,0,0,0,2,0,5.50659E+20,5.39209E+21,9.68821E+15,4.86798E+16
42628,8.17031E+18,8,1,16,12,2017,3,16,1,3,0,7,0,0,0,1,0,0,1,5.36814E+20,5.38427E+21,9.49944E+15,4.86104E+16
42629,8.17031E+18,8,2,26,82,2017,3,16,6,3,8,1,0,1,0,0,0,0,0,4.80304E+20,5.48196E+21,8.72804E+15,4.94899E+16
42630,8.17031E+18,8,1,16,79,2017,3,16,1,3,4,1,0,1,0,1,0,0,0,5.38228E+20,5.37536E+21,9.5178E+15,4.85301E+16
42631,8.17031E+18,8,2,26,85,2017,3,19,6,3,1,5,0,1,0,0,0,2,0,4.87376E+20,5.45451E+21,8.82656E+15,4.92433E+16
42632,8.17031E+18,8,2,21,0,2017,3,10,6,2,4,6,0,1,0,0,0,0,0,4.76641E+20,5.47657E+21,8.67778E+15,4.94414E+16
42633,8.17031E+18,8,2,21,0,2017,3,15,6,3,3,2,0,1,0,1,0,0,0,4.78084E+20,5.47333E+21,8.69786E+15,4.94123E+16
42634,8.17031E+18,8,1,16,19,2017,3,21,1,3,2,6,0,1,0,0,0,2,1,5.24065E+20,5.39875E+21,9.32732E+15,4.87413E+16
42635,8.17031E+18,8,2,16,43,2017,3,15,6,3,2,6,0,1,0,0,0,0,0,4.41559E+20,5.41098E+21,8.2034E+15,4.8849E+16
42636,8.17031E+18,8,1,16,19,2017,3,15,1,3,4,1,0,1,0,0,0,0,0,5.25377E+20,5.39798E+21,9.34512E+15,4.87344E+16
42637,8.17031E+18,8,1,11,0,2017,3,1,1,3,2,6,0,1,0,1,0,2,0,5.15291E+20,5.40569E+21,9.20824E+15,4.8804E+16
42638,8.1703E+18,8,4,36,64,2017,3,16,7,3,4,2,0,1,0,0,0,0,0,5.41727E+20,5.29213E+21,9.55703E+15,4.77812E+16
42639,8.1703E+18,8,4,26,13,2017,3,19,7,3,9,1,0,1,0,0,0,2,0,5.44364E+20,5.3256E+21,9.59567E+15,4.80822E+16
42640,8.1703E+18,8,4,26,97,2017,3,11,7,2,5,2,0,1,0,0,0,0,0,5.35841E+20,5.3321E+21,9.48178E+15,4.81412E+16
42641,8.1703E+18,8,4,26,97,2017,3,17,7,3,5,3,0,1,0,0,0,0,0,5.36811E+20,5.33358E+21,9.49495E+15,4.81544E+16
42642,8.1703E+18,8,4,26,21,2017,3,19,7,2,5,3,0,1,0,0,0,1,0,5.59856E+20,5.32924E+21,9.80417E+15,4.81136E+16
42643,8.1703E+18,8,4,21,0,2017,3,13,7,3,5,2,0,1,0,0,0,0,0,5.70115E+20,5.36153E+21,9.94734E+15,4.8403E+16
42644,8.1703E+18,8,4,21,0,2017,3,15,7,3,4,6,0,1,0,0,0,0,0,5.6955E+20,5.36174E+21,9.93974E+15,4.8405E+16
42645,8.17031E+18,8,2,12,0,2017,3,15,6,3,2,6,0,1,0,0,0,0,0,4.52682E+20,5.42932E+21,8.35288E+15,4.9015E+16
42646,8.17031E+18,8,2,12,0,2017,3,0,6,2,0,7,1,0,0,0,0,2,1,4.54566E+20,5.42827E+21,8.37876E+15,4.90056E+16
42647,8.17031E+18,8,2,11,0,2017,3,15,6,2,5,3,0,1,0,1,0,0,0,4.45502E+20,5.3992E+21,8.25871E+15,4.87434E+16
42648,8.17031E+18,8,1,16,33,2017,3,10,1,3,2,6,0,1,0,0,0,0,0,5.34484E+20,5.38784E+21,9.46813E+15,4.86426E+16
42649,8.17031E+18,8,1,16,79,2017,3,13,1,3,8,7,0,0,0,1,0,0,0,5.38894E+20,5.37528E+21,9.52681E+15,4.85294E+16
42650,8.17031E+18,8,1,21,0,2017,3,8,6,3,2,6,0,1,0,0,0,0,0,5.11811E+20,5.44843E+21,9.16209E+15,4.91885E+16
42651,8.17031E+18,8,1,16,19,2017,3,13,1,3,5,3,0,1,0,0,0,0,0,5.25088E+20,5.39793E+21,9.34119E+15,4.87339E+16
42652,8.17031E+18,8,1,15,45,2017,3,19,1,3,5,3,0,1,0,0,0,2,0,5.0135E+20,5.39486E+21,9.01835E+15,4.87067E+16
42653,8.17031E+18,8,1,15,42,2017,3,16,1,2,0,1,0,0,0,1,0,0,0,4.9321E+20,5.407E+21,8.90751E+15,4.8816E+16
42654,8.17031E+18,8,1,15,42,2017,3,11,1,3,5,3,0,1,0,1,0,0,0,4.93279E+20,5.40674E+21,8.90845E+15,4.88136E+16
42655,8.17031E+18,8,1,21,0,2017,3,15,6,3,2,6,0,1,0,0,0,0,0,5.10349E+20,5.44829E+21,9.14202E+15,4.91874E+16
42656,8.17031E+18,8,1,15,42,2017,3,17,6,2,0,7,0,0,0,1,0,0,0,4.96529E+20,5.405E+21,8.95274E+15,4.8798E+16
42657,8.17031E+18,8,1,15,24,2017,3,5,6,3,5,2,0,1,0,0,1,2,0,5.0143E+20,5.38606E+21,9.0194E+15,4.86276E+16
42658,8.17031E+18,8,1,18,51,2017,3,21,6,2,1,6,0,1,0,0,1,2,0,5.10832E+20,5.41517E+21,9.14777E+15,4.88893E+16
42659,8.17031E+18,8,1,15,28,2017,3,9,6,3,2,6,0,1,0,0,0,0,0,4.99703E+20,5.40356E+21,8.99596E+15,4.8785E+16
42660,8.17031E+18,8,1,18,11,2017,3,6,6,3,2,6,0,1,0,1,0,0,0,5.05804E+20,5.40784E+21,9.07907E+15,4.88235E+16
42661,8.1703E+18,8,4,15,62,2017,3,17,7,2,5,3,1,1,0,0,0,0,0,5.19832E+20,5.37874E+21,9.26879E+15,4.85614E+16
42662,8.1703E+18,8,3,37,76,2017,3,14,7,2,5,2,0,1,0,0,0,0,0,4.27108E+20,5.26722E+21,8.03115E+15,4.75543E+16
42663,8.1703E+18,8,3,36,8,2017,3,10,7,3,5,2,1,1,0,0,0,0,0,3.96553E+20,5.27622E+21,7.623E+15,4.76311E+16
42664,8.1703E+18,8,3,36,19,2017,3,13,7,2,5,3,1,1,0,0,0,0,0,3.94065E+20,5.27727E+21,7.58965E+15,4.76401E+16
42665,8.1703E+18,8,3,36,87,2017,3,19,7,3,5,3,0,1,0,0,0,2,1,4.20791E+20,5.29773E+21,7.94166E+15,4.7828E+16
42666,8.1703E+18,8,3,35,2,2017,3,10,7,2,4,6,0,1,0,0,0,0,0,5.03347E+20,5.28598E+21,9.04464E+15,4.77271E+16
42667,8.1703E+18,8,3,35,96,2017,3,9,7,2,9,7,0,1,0,0,0,0,0,5.04804E+20,5.30434E+21,9.06426E+15,4.78924E+16
42668,8.1703E+18,8,3,17,34,2017,3,14,7,3,9,7,0,1,0,0,0,0,0,4.26598E+20,5.36225E+21,8.00813E+15,4.84091E+16
42669,8.1703E+18,8,3,17,47,2017,3,14,7,3,5,2,1,1,0,0,0,0,0,4.20951E+20,5.36166E+21,7.93194E+15,4.84031E+16
42670,8.17031E+18,8,2,15,66,2017,3,12,7,2,4,2,0,1,0,0,0,0,0,4.6176E+20,5.45361E+21,8.47472E+15,4.92341E+16
42671,8.1703E+18,8,3,17,96,2017,3,20,7,2,8,1,0,1,0,0,0,2,1,4.20846E+20,5.37315E+21,7.92835E+15,4.85065E+16
42672,8.17031E+18,8,1,36,65,2017,3,14,6,3,4,1,0,1,0,0,1,0,0,5.62247E+20,5.40451E+21,9.84749E+15,4.87905E+16
42673,8.17031E+18,8,1,36,28,2017,3,17,6,3,2,2,0,1,0,0,0,0,0,5.67011E+20,5.40514E+21,9.91245E+15,4.87956E+16
42674,8.17031E+18,8,1,36,88,2017,3,16,6,3,2,6,0,1,0,0,0,0,0,5.83027E+20,5.40725E+21,1.01309E+16,4.88127E+16
42675,8.17031E+18,8,1,26,47,2017,3,14,6,3,1,6,0,1,0,0,0,0,0,5.49392E+20,5.4525E+21,9.67832E+15,4.92233E+16
42676,8.17031E+18,8,1,26,46,2017,3,5,6,3,5,3,0,1,0,0,1,2,0,5.50303E+20,5.45899E+21,9.69165E+15,4.92816E+16
42677,8.1703E+18,8,3,15,98,2017,3,3,7,3,9,1,0,1,0,0,0,2,0,4.08165E+20,5.31299E+21,7.76974E+15,4.79636E+16
42678,8.1703E+18,8,2,26,32,2017,3,1,7,3,2,6,0,1,0,0,1,2,0,4.69219E+20,5.4626E+21,8.57648E+15,4.93154E+16
42679,8.1703E+18,8,2,12,0,2017,3,19,7,3,2,6,0,1,0,0,0,2,1,4.58831E+20,5.42691E+21,8.43721E+15,4.89937E+16
42680,8.1703E+18,8,2,15,106,2017,3,20,7,2,4,2,0,1,0,0,0,2,1,4.63536E+20,5.45301E+21,8.49917E+15,4.92288E+16
42681,8.1703E+18,8,2,15,84,2017,3,13,7,2,2,6,0,1,0,0,0,0,0,4.69489E+20,5.44792E+21,8.58131E+15,4.91834E+16
42682,8.1703E+18,8,2,15,97,2017,3,12,7,2,8,1,0,0,0,1,0,0,0,4.83689E+20,5.4394E+21,8.77652E+15,4.91072E+16
42683,8.1703E+18,8,2,37,40,2017,3,8,7,3,2,6,0,1,0,0,0,0,0,4.77182E+20,5.36572E+21,8.69146E+15,4.84442E+16
42684,8.1703E+18,8,2,35,6,2017,3,14,7,3,9,1,0,0,0,1,0,0,0,4.68057E+20,5.38593E+21,8.56652E+15,4.86257E+16
42685,8.1703E+18,8,2,36,46,2017,3,8,7,3,5,3,0,1,0,0,1,0,0,4.86123E+20,5.41694E+21,8.81064E+15,4.89052E+16
42686,8.1703E+18,8,2,26,37,2017,3,8,7,3,2,6,0,1,0,0,0,0,0,4.66998E+20,5.47064E+21,8.54526E+15,4.93876E+16
42687,8.1703E+18,8,2,25,2,2017,3,16,7,3,0,3,0,1,0,0,0,0,0,5.00202E+20,5.46651E+21,9.00278E+15,4.93513E+16
42688,8.1703E+18,8,2,22,0,2017,3,19,7,3,2,6,0,1,0,0,0,2,0,4.65237E+20,5.47978E+21,8.52019E+15,4.94697E+16
42689,8.1703E+18,8,2,26,68,2017,3,13,7,2,5,3,1,1,0,0,0,0,0,4.68025E+20,5.45939E+21,8.56031E+15,4.92864E+16
42690,8.1703E+18,8,2,16,33,2017,3,13,7,3,5,3,0,1,0,0,0,0,0,4.48037E+20,5.41392E+21,8.29132E+15,4.88761E+16
42691,8.17031E+18,8,1,25,5,2017,3,16,6,3,1,6,0,1,0,1,0,0,0,5.15862E+20,5.45308E+21,9.21787E+15,4.92303E+16
42692,8.17031E+18,8,1,25,6,2017,3,18,6,3,8,7,0,1,0,0,0,2,0,5.04577E+20,5.45087E+21,9.06284E+15,4.92106E+16
42693,8.17031E+18,8,1,19,85,2017,3,14,6,3,2,6,0,1,0,0,0,0,0,5.2756E+20,5.41314E+21,9.37582E+15,4.88706E+16
42694,8.17031E+18,8,1,19,79,2017,3,14,6,2,8,1,0,1,0,0,0,0,0,5.26385E+20,5.41173E+21,9.35971E+15,4.8858E+16
42695,8.17031E+18,8,1,19,79,2017,3,15,6,3,2,6,0,1,0,0,1,0,0,5.24458E+20,5.40865E+21,9.33326E+15,4.88303E+16
42696,8.17031E+18,8,1,19,20,2017,3,13,6,3,2,6,0,1,0,0,0,0,0,5.19634E+20,5.40513E+21,9.26736E+15,4.87988E+16
42697,8.17031E+18,8,1,19,1,2017,3,15,6,2,9,1,0,1,0,1,1,0,0,5.52821E+20,5.41027E+21,9.71991E+15,4.88431E+16
42698,8.1703E+18,8,2,16,63,2017,3,8,7,3,8,1,0,0,0,1,0,0,0,4.30135E+20,5.40193E+21,8.04924E+15,4.87664E+16
42699,8.17031E+18,8,1,18,19,2017,3,7,6,3,5,3,0,1,0,1,0,0,0,5.03237E+20,5.40424E+21,9.04408E+15,4.87912E+16
42700,8.1703E+18,8,2,15,59,2017,3,16,7,3,4,6,0,1,0,0,1,0,0,4.86794E+20,5.4336E+21,8.81925E+15,4.90551E+16
42701,8.1703E+18,8,2,16,17,2017,3,12,7,2,4,1,0,1,0,1,0,0,0,4.48024E+20,5.40174E+21,8.29269E+15,4.87665E+16
42702,8.1703E+18,8,1,15,50,2017,3,15,7,3,4,2,0,1,0,0,0,0,0,4.88668E+20,5.3993E+21,8.84585E+15,4.87466E+16
42703,8.1703E+18,8,1,36,65,2017,3,11,7,3,5,3,0,1,0,0,0,0,0,5.65201E+20,5.40435E+21,9.88769E+15,4.87887E+16
42704,8.1703E+18,8,1,27,79,2017,3,13,7,1,4,1,0,1,0,1,0,0,0,5.63478E+20,5.42041E+21,9.86671E+15,4.89334E+16
42705,8.1703E+18,8,1,28,58,2017,3,14,7,3,2,6,0,1,0,0,0,0,0,5.59155E+20,5.48305E+21,9.81693E+15,4.94972E+16
42706,8.1703E+18,8,1,28,58,2017,3,15,7,3,8,1,0,1,0,0,0,0,0,5.61761E+20,5.48329E+21,9.85295E+15,4.94991E+16
42707,8.1703E+18,8,1,27,101,2017,3,9,7,3,8,1,0,0,0,1,0,0,0,5.82874E+20,5.44179E+21,1.01359E+16,4.91233E+16
42708,8.1703E+18,8,1,27,76,2017,3,11,7,3,2,6,0,1,0,0,0,0,0,5.56522E+20,5.43962E+21,9.77443E+15,4.91069E+16
42709,8.17031E+18,8,1,15,28,2017,3,11,7,3,2,6,0,1,0,0,0,0,0,5.02274E+20,5.40149E+21,9.03095E+15,4.87664E+16
42710,8.1703E+18,8,1,27,43,2017,3,13,7,2,5,2,0,1,0,1,0,0,0,5.68476E+20,5.44665E+21,9.93939E+15,4.91688E+16
42711,8.17031E+18,8,2,31,0,2017,3,12,7,2,4,6,0,1,0,0,0,0,0,4.74032E+20,5.41606E+21,8.64569E+15,4.8897E+16
42712,8.17031E+18,8,1,18,79,2017,3,7,6,3,2,6,0,1,0,0,0,0,0,5.07583E+20,5.42182E+21,9.10357E+15,4.89492E+16
42713,8.1703E+18,8,1,27,25,2017,3,14,7,1,9,1,0,0,0,1,1,0,0,5.54844E+20,5.42417E+21,9.74935E+15,4.8968E+16
42714,8.17031E+18,8,1,18,19,2017,3,10,6,3,2,6,0,1,0,0,1,0,0,5.02097E+20,5.40479E+21,9.02855E+15,4.87961E+16
42715,8.1703E+18,8,1,26,46,2017,3,14,7,3,2,6,0,0,0,1,0,0,0,5.49736E+20,5.4594E+21,9.68391E+15,4.92853E+16
42716,8.17031E+18,8,1,15,15,2017,3,6,6,2,4,6,1,1,0,0,0,2,0,4.9168E+20,5.38855E+21,8.88704E+15,4.865E+16
42717,8.17031E+18,8,1,18,50,2017,3,10,6,3,6,2,0,1,1,0,0,0,0,5.06075E+20,5.41669E+21,9.08289E+15,4.89031E+16
42718,8.17031E+18,8,1,17,49,2017,3,12,6,3,2,6,0,1,0,0,0,0,0,5.53089E+20,5.39015E+21,9.72096E+15,4.86622E+16
42719,8.17031E+18,8,4,25,31,2017,3,13,6,3,2,6,0,1,0,0,0,0,0,5.63472E+20,5.37074E+21,9.859E+15,4.84866E+16
42720,8.1703E+18,8,1,26,20,2017,3,13,7,2,8,1,0,0,0,1,0,0,0,5.52332E+20,5.46586E+21,9.72045E+15,4.93433E+16
42721,8.1703E+18,8,1,25,5,2017,3,10,7,3,5,3,0,1,0,1,0,0,0,5.15658E+20,5.45494E+21,9.21514E+15,4.9247E+16
42722,8.1703E+18,8,1,21,0,2017,3,16,7,3,2,6,0,1,0,0,0,0,0,5.14699E+20,5.448E+21,9.20172E+15,4.91847E+16
42723,8.1703E+18,8,1,18,48,2017,3,15,7,3,2,6,0,1,0,1,0,0,0,5.12144E+20,5.41786E+21,9.16574E+15,4.89135E+16
42724,8.1703E+18,8,1,18,3,2017,3,9,7,3,2,6,0,1,0,0,0,0,0,5.11426E+20,5.41688E+21,9.15592E+15,4.89047E+16
42725,8.1703E+18,8,1,18,79,2017,3,15,7,3,0,7,0,0,0,1,0,0,0,5.09654E+20,5.42316E+21,9.13189E+15,4.89613E+16
42726,8.1703E+18,8,1,17,10,2017,3,14,7,3,4,6,0,1,0,0,0,0,0,5.66107E+20,5.39068E+21,9.89781E+15,4.86656E+16
42727,8.1703E+18,8,1,16,77,2017,3,15,7,3,2,6,0,1,0,0,0,0,0,5.15472E+20,5.39155E+21,9.21018E+15,4.86768E+16
42728,8.1703E+18,8,1,16,56,2017,3,19,7,3,5,3,0,1,0,1,0,2,0,5.30761E+20,5.39511E+21,9.41812E+15,4.87083E+16
42729,8.1703E+18,8,1,11,0,2017,3,12,7,3,2,6,0,1,0,0,0,0,0,5.12696E+20,5.4026E+21,9.1728E+15,4.87763E+16
42730,8.1703E+18,8,4,36,95,2017,3,22,6,2,6,4,0,1,1,0,0,2,0,5.37265E+20,5.29295E+21,9.49753E+15,4.77888E+16
42731,8.17031E+18,8,1,17,15,2017,3,7,6,2,4,2,0,1,0,1,0,0,0,5.5956E+20,5.39293E+21,9.80923E+15,4.86865E+16
42732,8.17031E+18,8,1,16,72,2017,3,16,6,3,2,6,0,1,0,0,0,0,0,5.287E+20,5.39313E+21,9.38998E+15,4.86905E+16
42733,8.17031E+18,8,1,16,20,2017,3,7,6,3,5,3,0,1,0,0,0,0,0,5.26763E+20,5.38199E+21,9.36294E+15,4.85904E+16
42734,8.17031E+18,8,1,11,0,2017,3,15,6,2,5,3,1,1,0,0,0,0,0,5.15986E+20,5.40505E+21,9.21769E+15,4.87982E+16
42735,8.1703E+18,8,4,36,9,2017,3,17,6,3,4,7,0,1,0,0,0,0,0,5.53845E+20,5.30492E+21,9.72037E+15,4.78954E+16
42736,8.17031E+18,8,1,11,0,2017,3,17,6,3,2,7,0,1,0,0,0,2,0,5.1154E+20,5.41037E+21,9.15729E+15,4.88462E+16
42737,8.17031E+18,8,1,11,0,2017,3,9,6,2,6,4,0,1,1,0,0,0,0,5.15886E+20,5.39888E+21,9.21609E+15,4.87427E+16
42738,8.1703E+18,8,4,36,81,2017,3,17,6,3,2,6,0,1,0,0,0,0,0,5.62992E+20,5.28116E+21,9.83929E+15,4.76808E+16
42739,8.17031E+18,8,1,11,0,2017,3,7,6,3,2,6,0,1,0,0,1,0,1,5.08419E+20,5.40053E+21,9.11454E+15,4.87577E+16
42740,8.1703E+18,8,4,36,94,2017,3,12,6,3,5,3,0,1,0,0,0,0,0,5.72891E+20,5.28451E+21,9.97172E+15,4.77099E+16
42741,8.1703E+18,8,4,25,2,2017,3,6,6,3,8,1,0,1,0,0,0,0,0,5.60757E+20,5.35032E+21,9.81931E+15,4.83031E+16
42742,8.17031E+18,8,1,11,0,2017,3,12,1,3,2,6,0,1,0,0,0,0,0,5.1709E+20,5.4059E+21,9.23276E+15,4.88059E+16
42743,8.1703E+18,8,4,15,90,2017,3,19,6,2,5,3,0,1,0,0,1,2,0,5.24676E+20,5.35536E+21,9.33306E+15,4.8351E+16
42744,8.1703E+18,8,4,15,61,2017,3,18,6,3,2,6,0,1,0,0,0,2,0,5.14756E+20,5.37103E+21,9.19972E+15,4.84922E+16
42745,8.17031E+18,8,1,11,0,2017,3,15,1,3,2,6,0,1,0,0,0,0,0,5.12741E+20,5.40549E+21,9.17351E+15,4.88022E+16
42746,8.17031E+18,8,1,11,0,2017,3,8,6,3,2,6,0,1,0,0,0,0,0,5.07034E+20,5.40803E+21,9.09583E+15,4.88252E+16
42747,8.17031E+18,8,4,36,64,2017,3,18,7,3,9,1,0,1,0,0,0,1,0,5.47275E+20,5.28801E+21,9.63064E+15,4.77437E+16
42748,8.1703E+18,8,3,37,126,2017,3,6,6,3,3,6,0,1,0,0,1,0,0,4.423E+20,5.27313E+21,8.23227E+15,4.7609E+16
42749,8.17031E+18,8,4,36,83,2017,3,21,5,2,6,4,0,1,1,0,0,2,1,5.31762E+20,5.30153E+21,9.42469E+15,4.78663E+16
42750,8.17031E+18,8,4,36,64,2017,3,7,5,3,2,6,0,1,0,0,0,0,1,5.46218E+20,5.29228E+21,9.61699E+15,4.77822E+16
42751,8.17031E+18,8,4,36,55,2017,3,12,5,3,5,3,0,1,0,0,0,0,1,5.76832E+20,5.29722E+21,1.00265E+16,4.78238E+16
42752,8.17031E+18,8,4,35,57,2017,3,15,5,3,0,1,0,0,0,1,0,0,1,5.4476E+20,5.27997E+21,9.59626E+15,4.76716E+16
42753,8.1703E+18,8,3,37,66,2017,3,11,6,3,5,3,0,1,0,0,0,0,0,4.29439E+20,5.26837E+21,8.06194E+15,4.75649E+16
42754,8.1703E+18,8,3,35,75,2017,3,13,6,3,4,6,1,0,0,0,0,0,0,4.88165E+20,5.28874E+21,8.8421E+15,4.77519E+16
42755,8.1703E+18,8,4,36,64,2017,3,17,6,3,8,7,0,1,0,0,0,0,0,5.42356E+20,5.2916E+21,9.56537E+15,4.77764E+16
42756,8.1703E+18,8,3,26,27,2017,3,12,6,3,5,3,0,1,0,0,0,0,0,4.59817E+20,5.3027E+21,8.46261E+15,4.78764E+16
42757,8.1703E+18,8,4,17,25,2017,3,11,6,2,4,2,0,1,0,0,0,0,0,4.87846E+20,5.35335E+21,8.836E+15,4.83333E+16
42758,8.1703E+18,8,3,17,65,2017,3,17,6,3,5,3,0,1,0,0,0,0,0,4.16326E+20,5.35432E+21,7.87092E+15,4.83365E+16
42759,8.1703E+18,8,3,16,11,2017,3,20,6,2,6,4,0,1,1,0,0,2,0,4.14241E+20,5.32995E+21,7.84772E+15,4.8117E+16
42760,8.1703E+18,8,3,36,81,2017,3,12,6,3,5,3,0,1,0,0,1,0,0,4.09425E+20,5.27771E+21,7.79399E+15,4.76465E+16
42761,8.1703E+18,8,2,26,103,2017,3,18,6,3,2,6,0,1,0,0,0,1,0,4.7093E+20,5.4551E+21,8.60057E+15,4.9248E+16
42762,8.17031E+18,8,2,15,97,2017,3,15,7,3,5,3,0,1,0,1,0,0,0,4.83027E+20,5.44241E+21,8.76732E+15,4.91343E+16
42763,8.1703E+18,8,2,31,0,2017,3,17,6,3,2,6,0,1,0,0,0,0,0,4.80669E+20,5.41869E+21,8.73612E+15,4.89209E+16
42764,8.1703E+18,8,2,15,84,2017,3,22,6,2,2,6,0,1,0,0,1,2,0,4.70212E+20,5.44956E+21,8.59111E+15,4.91981E+16
42765,8.17031E+18,8,4,35,16,2017,3,15,5,3,2,6,0,1,0,0,0,0,1,5.37971E+20,5.27767E+21,9.50563E+15,4.76513E+16
42766,8.17031E+18,8,4,26,109,2017,3,12,5,3,5,3,0,1,0,0,0,0,1,5.47981E+20,5.32851E+21,9.64457E+15,4.81081E+16
42767,8.17031E+18,8,4,15,78,2017,3,18,5,3,4,6,0,1,0,0,0,1,1,5.3176E+20,5.37073E+21,9.42984E+15,4.84889E+16
42768,8.17031E+18,8,4,15,61,2017,3,17,5,3,2,6,0,1,0,0,0,0,1,5.14825E+20,5.37103E+21,9.20066E+15,4.84922E+16
42769,8.17031E+18,8,3,36,8,2017,3,9,5,3,3,6,1,1,0,0,0,0,1,3.96424E+20,5.27618E+21,7.6213E+15,4.76307E+16
42770,8.1703E+18,8,2,15,84,2017,3,17,6,3,2,6,0,1,0,0,0,0,0,4.69514E+20,5.44802E+21,8.58166E+15,4.91842E+16
42771,8.1703E+18,8,2,37,4,2017,3,12,6,3,5,3,0,1,0,0,0,0,0,4.5537E+20,5.37911E+21,8.39509E+15,4.85635E+16
42772,8.1703E+18,8,2,36,76,2017,3,16,6,3,2,6,0,1,0,0,0,0,0,4.71357E+20,5.42345E+21,8.60868E+15,4.89633E+16
42773,8.17031E+18,8,4,35,16,2017,3,13,7,3,2,6,0,1,0,0,0,0,0,5.36828E+20,5.27974E+21,9.49058E+15,4.767E+16
42774,8.17031E+18,8,4,21,0,2017,3,17,7,3,4,2,0,1,0,0,0,0,0,5.7227E+20,5.36549E+21,9.97713E+15,4.84384E+16
42775,8.17031E+18,8,4,17,13,2017,3,16,7,2,0,1,1,0,0,0,0,0,0,5.14702E+20,5.35145E+21,9.19831E+15,4.83161E+16
42776,8.17031E+18,8,3,35,43,2017,3,16,5,3,2,6,0,1,0,0,0,0,1,5.10715E+20,5.28326E+21,9.14282E+15,4.77026E+16
42777,8.17031E+18,8,4,35,16,2017,3,16,5,2,6,4,0,0,1,0,1,0,1,5.35953E+20,5.27775E+21,9.47877E+15,4.76521E+16
42778,8.17031E+18,8,3,27,49,2017,3,16,5,3,2,2,0,1,0,0,0,0,1,4.7461E+20,5.32319E+21,8.65923E+15,4.80615E+16
42779,8.17031E+18,8,3,27,49,2017,3,18,5,3,2,2,0,1,0,0,0,2,1,4.72817E+20,5.32433E+21,8.63509E+15,4.80716E+16
42780,8.1703E+18,8,2,31,0,2017,3,14,6,3,2,6,0,1,0,0,0,0,0,4.75112E+20,5.41662E+21,8.66039E+15,4.8902E+16
42781,8.1703E+18,8,2,22,0,2017,3,15,6,3,1,6,0,1,0,0,0,0,0,4.61832E+20,5.48129E+21,8.47305E+15,4.94831E+16
42782,8.17031E+18,8,4,17,57,2017,3,16,7,3,4,6,0,1,0,0,0,0,0,4.81393E+20,5.33856E+21,8.74959E+15,4.82E+16
42783,8.1703E+18,8,2,22,0,2017,3,16,6,3,0,7,0,0,0,0,1,0,0,4.63405E+20,5.47802E+21,8.49507E+15,4.94538E+16
42784,8.1703E+18,8,2,16,43,2017,3,5,6,3,0,2,1,1,0,0,0,2,0,4.40691E+20,5.41269E+21,8.19133E+15,4.88643E+16
42785,8.1703E+18,8,2,16,43,2017,3,14,6,3,5,3,0,1,0,0,0,0,0,4.43772E+20,5.41223E+21,8.23339E+15,4.88605E+16
42786,8.1703E+18,8,2,15,109,2017,3,11,6,2,6,7,0,0,1,0,1,0,0,4.64352E+20,5.43795E+21,8.51171E+15,4.90933E+16
42787,8.1703E+18,8,2,12,0,2017,3,15,6,3,2,6,0,1,0,0,0,0,0,4.56888E+20,5.4283E+21,8.41051E+15,4.90061E+16
42788,8.1703E+18,8,1,11,0,2017,3,10,6,3,2,6,0,1,0,0,1,0,0,5.07092E+20,5.39554E+21,9.09641E+15,4.87128E+16