OBJECTID,UIDENTSTLA,ULAND,UREGBEZ,UKREIS,UGEMEINDE,UJAHR,UMONAT,USTUNDE,UWOCHENTAG,UKATEGORIE,UART,UTYP1,IstRad,IstPKW,IstFuss,IstKrad,IstSonstig,LICHT,STRZUSTAND,LINREFX,LINREFY,XGCSWGS84,YGCSWGS84
42789,8.1703E+18,8,1,15,42,2017,3,12,6,3,2,6,0,1,0,0,1,0,0,4.96069E+20,5.40516E+21,8.94647E+15,4.87994E+16
42790,8.17031E+18,8,1,18,79,2017,3,11,7,3,0,7,0,1,0,1,0,0,0,5.10199E+20,5.42134E+21,9.13929E+15,4.89449E+16
42791,8.1703E+18,8,1,11,0,2017,3,15,6,3,2,6,0,1,0,0,0,0,0,5.17853E+20,5.39381E+21,9.24261E+15,4.86971E+16
42792,8.17031E+18,8,1,16,35,2017,3,22,7,3,1,7,0,1,0,0,0,2,0,5.25664E+20,5.39127E+21,9.3486E+15,4.8674E+16
42793,8.1703E+18,8,1,35,19,2017,3,10,6,3,2,6,0,1,0,0,0,0,0,5.85501E+20,5.39003E+21,1.0161E+16,4.86574E+16
42794,8.17031E+18,8,2,35,65,2017,3,4,7,3,1,5,0,1,0,0,0,2,0,4.74052E+20,5.40388E+21,8.64674E+15,4.87874E+16
42795,8.17031E+18,8,3,17,47,2017,3,8,5,3,2,6,0,1,0,0,0,0,1,4.20731E+20,5.36576E+21,7.9282E+15,4.844E+16
42796,8.1703E+18,8,1,35,20,2017,3,22,6,3,5,3,0,1,0,0,0,2,0,5.87575E+20,5.38667E+21,1.01885E+16,4.86269E+16
42797,8.17031E+18,8,3,17,96,2017,3,13,5,3,6,6,1,0,1,0,0,0,1,4.21662E+20,5.3688E+21,7.94022E+15,4.84675E+16
42798,8.1703E+18,8,1,27,73,2017,3,9,6,2,2,1,0,1,0,0,1,0,0,5.81054E+20,5.44935E+21,1.01124E+16,4.91916E+16
42799,8.17031E+18,8,3,36,50,2017,3,19,5,3,3,6,0,1,0,0,0,2,1,4.00514E+20,5.2763E+21,7.67569E+15,4.76325E+16
42800,8.1703E+18,8,1,25,65,2017,3,13,6,2,4,2,0,1,0,1,0,0,0,5.18681E+20,5.45073E+21,9.25648E+15,4.92091E+16
42801,8.1703E+18,8,1,25,96,2017,3,18,6,3,4,6,0,1,0,1,0,1,0,5.14821E+20,5.45037E+21,9.20348E+15,4.9206E+16
42802,8.1703E+18,8,1,16,78,2017,3,17,6,2,8,1,0,0,0,1,0,0,0,5.09281E+20,5.392E+21,9.12609E+15,4.86809E+16
42803,8.1703E+18,8,1,16,70,2017,3,19,6,3,4,2,1,0,0,0,1,2,0,5.39821E+20,5.3852E+21,9.54032E+15,4.86186E+16
42804,8.1703E+18,8,1,11,0,2017,3,15,6,3,8,1,0,1,0,0,0,0,0,5.17126E+20,5.40994E+21,9.23341E+15,4.88422E+16
42805,8.1703E+18,8,1,11,0,2017,3,11,6,3,5,3,0,1,0,1,0,0,0,5.18631E+20,5.40058E+21,9.2535E+15,4.8758E+16
42806,8.1703E+18,8,1,11,0,2017,3,7,6,3,5,3,1,1,0,0,0,0,0,5.15733E+20,5.39901E+21,9.214E+15,4.87439E+16
42807,8.17031E+18,8,4,35,57,2017,3,11,7,3,8,7,1,0,0,0,0,0,0,5.4207E+20,5.27965E+21,9.5604E+15,4.76689E+16
42808,8.17031E+18,8,3,26,27,2017,3,21,7,3,5,3,0,1,0,0,0,2,0,4.62992E+20,5.30748E+21,8.50466E+15,4.79196E+16
42809,8.1703E+18,8,1,11,0,2017,3,11,6,3,0,1,0,0,0,1,0,0,0,5.13004E+20,5.40646E+21,9.17712E+15,4.8811E+16
42810,8.1703E+18,8,1,11,0,2017,3,18,6,3,2,6,0,1,0,0,0,0,0,5.11956E+20,5.39845E+21,9.16262E+15,4.87389E+16
42811,8.17031E+18,8,2,26,68,2017,3,10,5,3,2,6,0,1,0,0,0,0,1,4.69757E+20,5.46188E+21,8.58394E+15,4.93089E+16
42812,8.17031E+18,8,2,22,0,2017,3,7,5,3,2,6,0,1,0,0,1,0,1,4.66816E+20,5.47793E+21,8.54215E+15,4.94531E+16
42813,8.17031E+18,8,2,12,0,2017,3,12,5,3,3,6,0,1,0,0,1,0,1,4.54109E+20,5.42602E+21,8.37276E+15,4.89854E+16
42814,8.17031E+18,8,2,15,9,2017,3,7,5,3,0,3,0,0,0,1,1,0,1,4.67501E+20,5.43737E+21,8.55489E+15,4.90884E+16
42815,8.17031E+18,8,2,31,0,2017,3,9,5,3,5,2,0,1,0,0,1,0,1,4.75784E+20,5.41501E+21,8.66966E+15,4.88875E+16
42816,8.1703E+18,8,4,35,35,2017,3,15,5,3,2,6,0,1,0,0,0,0,0,5.42021E+20,5.28243E+21,9.56001E+15,4.76939E+16
42817,8.17031E+18,8,2,31,0,2017,3,13,5,3,3,6,0,1,0,0,1,0,1,4.77584E+20,5.41568E+21,8.69418E+15,4.88936E+16
42818,8.1703E+18,8,4,35,13,2017,3,11,5,3,2,6,0,1,0,0,1,0,0,5.3926E+20,5.27593E+21,9.52263E+15,4.76356E+16
42819,8.1703E+18,8,4,35,16,2017,3,9,5,3,2,2,0,1,0,0,0,0,0,5.36517E+20,5.2778E+21,9.48628E+15,4.76526E+16
42820,8.17031E+18,8,2,26,10,2017,3,17,5,3,5,3,0,1,0,0,0,0,0,4.80976E+20,5.45891E+21,8.73842E+15,4.92826E+16
42821,8.17031E+18,8,2,26,82,2017,3,6,5,3,9,1,0,1,0,0,0,1,1,4.80405E+20,5.48115E+21,8.72948E+15,4.94827E+16
42822,8.1703E+18,8,4,26,1,2017,3,16,5,3,3,2,0,1,0,0,1,0,0,5.67099E+20,5.34586E+21,9.90411E+15,4.82624E+16
42823,8.1703E+18,8,4,26,128,2017,3,16,5,3,2,6,0,1,0,0,0,0,0,5.60045E+20,5.33213E+21,9.80712E+15,4.81396E+16
42824,8.17031E+18,8,3,25,51,2017,3,7,7,3,0,1,0,0,0,1,0,0,2,4.49387E+20,5.34893E+21,8.31764E+15,4.82916E+16
42825,8.1703E+18,8,4,26,97,2017,3,15,5,2,0,1,1,0,0,0,0,0,0,5.36287E+20,5.33765E+21,9.48825E+15,4.8191E+16
42826,8.1703E+18,8,4,25,2,2017,3,6,5,3,5,2,0,1,0,0,0,1,1,5.54103E+20,5.35263E+21,9.72987E+15,4.83246E+16
42827,8.17031E+18,8,2,37,61,2017,3,13,7,3,5,3,0,1,0,0,0,0,0,4.65833E+20,5.36683E+21,8.5379E+15,4.84537E+16
42828,8.1703E+18,8,4,17,79,2017,3,14,5,3,8,7,0,1,0,0,0,0,0,4.97958E+20,5.34733E+21,8.97247E+15,4.82792E+16
42829,8.1703E+18,8,4,15,50,2017,3,16,5,2,5,3,0,1,0,0,0,0,0,5.23647E+20,5.37527E+21,9.3203E+15,4.85301E+16
42830,8.1703E+18,8,3,36,19,2017,3,17,5,3,2,2,0,1,0,0,0,0,0,3.95221E+20,5.27569E+21,7.60541E+15,4.76261E+16
42831,8.1703E+18,8,3,36,8,2017,3,11,5,3,8,1,0,1,0,0,0,0,0,3.97652E+20,5.27689E+21,7.63747E+15,4.76373E+16
42832,8.1703E+18,8,3,36,50,2017,3,17,5,3,8,1,0,0,0,1,0,0,0,4.02471E+20,5.27267E+21,7.70255E+15,4.76001E+16
42833,8.17031E+18,8,2,26,96,2017,3,13,5,3,0,5,1,0,0,0,1,0,1,4.75362E+20,5.48887E+21,8.65937E+15,4.95519E+16
42834,8.1703E+18,8,3,27,50,2017,3,15,5,3,1,6,0,1,0,1,0,0,0,4.84981E+20,5.31399E+21,8.79874E+15,4.7979E+16
42835,8.17031E+18,8,2,26,96,2017,3,12,5,3,1,6,0,1,0,0,0,0,1,4.7555E+20,5.48894E+21,8.66197E+15,4.95526E+16
42836,8.1703E+18,8,3,27,55,2017,3,16,5,3,3,6,0,1,0,0,0,0,0,4.80709E+20,5.31546E+21,8.74143E+15,4.79922E+16
42837,8.17031E+18,8,1,25,65,2017,3,15,7,3,2,6,0,1,0,0,0,0,0,5.16183E+20,5.44901E+21,9.22211E+15,4.91937E+16
42838,8.17031E+18,8,2,26,32,2017,3,14,7,2,1,6,1,1,0,0,0,0,0,4.61636E+20,5.46515E+21,8.47191E+15,4.93378E+16
42839,8.1703E+18,8,3,25,69,2017,3,11,5,3,3,6,0,1,0,0,0,0,0,4.66978E+20,5.33718E+21,8.55571E+15,4.8187E+16
42840,8.17031E+18,8,2,26,96,2017,3,13,5,3,2,6,0,1,0,0,1,0,0,4.76017E+20,5.48978E+21,8.66838E+15,4.95602E+16
42841,8.1703E+18,8,2,37,74,2017,3,10,5,1,9,1,0,1,0,0,0,0,1,4.67268E+20,5.3688E+21,8.55715E+15,4.84715E+16
42842,8.17031E+18,8,2,15,59,2017,3,12,5,3,6,4,0,1,1,0,0,0,1,4.85465E+20,5.43416E+21,8.80103E+15,4.90601E+16
42843,8.1703E+18,8,3,17,145,2017,3,16,5,3,2,2,0,1,0,0,1,0,0,4.44557E+20,5.34986E+21,8.25242E+15,4.82995E+16
42844,8.1703E+18,8,3,17,96,2017,3,14,5,3,2,6,0,1,0,0,0,0,0,4.2225E+20,5.37068E+21,7.94782E+15,4.84845E+16
42845,8.17031E+18,8,2,15,17,2017,3,15,5,3,2,6,0,1,0,0,1,0,1,4.54697E+20,5.42304E+21,8.38113E+15,4.89586E+16
42846,8.1703E+18,8,3,17,96,2017,3,18,5,2,3,6,0,1,0,0,0,1,0,4.19375E+20,5.37332E+21,7.9084E+15,4.85078E+16
42847,8.1703E+18,8,3,16,56,2017,3,9,5,3,4,2,0,1,0,0,0,0,1,4.21119E+20,5.32593E+21,7.94087E+15,4.80817E+16
42848,8.1703E+18,8,3,15,22,2017,3,17,5,3,5,3,0,1,0,1,0,0,0,3.97169E+20,5.30027E+21,7.62552E+15,4.78476E+16
42849,8.1703E+18,8,2,26,95,2017,3,10,5,3,2,6,0,1,0,0,0,0,0,4.7298E+20,5.46174E+21,8.62829E+15,4.93078E+16
42850,8.1703E+18,8,2,26,84,2017,3,10,5,3,2,6,0,1,0,0,1,0,0,4.67314E+20,5.46691E+21,8.54992E+15,4.93541E+16
42851,8.1703E+18,8,2,26,84,2017,3,9,5,3,2,6,0,1,0,0,0,0,0,4.66963E+20,5.47195E+21,8.54467E+15,4.93993E+16
42852,8.1703E+18,8,2,26,84,2017,3,13,5,3,2,6,0,1,0,0,0,0,0,4.67025E+20,5.47237E+21,8.54549E+15,4.94032E+16
42853,8.1703E+18,8,2,15,97,2017,3,16,5,2,4,1,0,1,0,1,0,0,0,4.81585E+20,5.44185E+21,8.74757E+15,4.91292E+16
42854,8.1703E+18,8,2,16,39,2017,3,21,5,3,3,6,0,1,0,0,0,2,0,4.46418E+20,5.41457E+21,8.26915E+15,4.88818E+16
42855,8.17031E+18,8,2,36,40,2017,3,15,7,3,2,2,0,1,0,0,0,0,0,4.85089E+20,5.41974E+21,8.79642E+15,4.89304E+16
42856,8.1703E+18,8,2,12,0,2017,3,6,5,3,8,1,0,1,0,0,0,2,1,4.61226E+20,5.4293E+21,8.46972E+15,4.90154E+16
42857,8.17031E+18,8,1,21,0,2017,3,16,5,3,2,6,0,1,0,0,0,0,0,5.15049E+20,5.44808E+21,9.20652E+15,4.91854E+16
42858,8.17031E+18,8,1,26,11,2017,3,3,5,3,2,7,0,1,0,0,0,2,1,5.32997E+20,5.44952E+21,9.45293E+15,4.91976E+16
42859,8.17031E+18,8,1,18,3,2017,3,16,5,3,9,1,0,1,0,0,0,0,1,5.11308E+20,5.41667E+21,9.1543E+15,4.89029E+16
42860,8.17031E+18,8,1,18,11,2017,3,9,5,3,2,6,0,1,0,0,1,0,1,5.05358E+20,5.40724E+21,9.07298E+15,4.88181E+16
42861,8.1703E+18,8,2,15,17,2017,3,14,5,3,2,6,0,1,0,0,0,0,0,4.54907E+20,5.42284E+21,8.38403E+15,4.89568E+16
42862,8.17031E+18,8,1,15,28,2017,3,8,5,3,5,3,0,1,0,0,1,0,1,5.02117E+20,5.40196E+21,9.02881E+15,4.87706E+16
42863,8.1703E+18,8,2,36,74,2017,3,13,5,3,4,1,0,1,0,0,0,0,0,4.73753E+20,5.41976E+21,8.64165E+15,4.89302E+16
42864,8.1703E+18,8,2,36,72,2017,3,9,5,3,4,2,0,1,0,0,0,0,0,4.67503E+20,5.41259E+21,8.55689E+15,4.88654E+16
42865,8.1703E+18,8,2,26,95,2017,3,14,5,3,5,3,1,1,0,0,0,0,0,4.73151E+20,5.46053E+21,8.63072E+15,4.9297E+16
42866,8.1703E+18,8,2,22,0,2017,3,12,5,3,1,6,0,1,0,1,0,0,0,4.60776E+20,5.48223E+21,8.45838E+15,4.94914E+16
42867,8.17031E+18,8,3,17,96,2017,3,13,7,3,2,5,0,1,0,0,0,0,0,4.2237E+20,5.37E+21,7.94957E+15,4.84783E+16
42868,8.17031E+18,8,1,36,10,2017,3,12,5,2,6,4,0,0,1,0,1,0,1,6.02557E+20,5.41096E+21,1.03978E+16,4.88431E+16
42869,8.1703E+18,8,2,22,0,2017,3,8,5,2,3,6,0,1,0,0,1,0,0,4.64731E+20,5.47696E+21,8.51347E+15,4.94442E+16
42870,8.1703E+18,8,2,21,0,2017,3,14,5,3,5,2,1,1,0,0,0,0,0,4.77729E+20,5.47324E+21,8.69297E+15,4.94114E+16
42871,8.1703E+18,8,2,21,0,2017,3,5,5,2,5,3,0,1,0,0,0,2,1,4.75517E+20,5.47007E+21,8.66268E+15,4.93828E+16
42872,8.1703E+18,8,2,16,59,2017,3,17,5,2,5,3,0,1,0,0,1,0,0,4.53246E+20,5.39682E+21,8.3643E+15,4.87227E+16
42873,8.17031E+18,8,3,17,96,2017,3,13,7,2,5,3,1,1,0,0,0,0,0,4.21919E+20,5.36978E+21,7.94351E+15,4.84763E+16
42874,8.1703E+18,8,2,12,0,2017,3,11,5,3,2,6,0,1,0,0,1,0,0,4.53081E+20,5.42876E+21,8.35839E+15,4.901E+16
42875,8.1703E+18,8,2,16,24,2017,3,18,5,3,5,3,0,1,0,0,0,2,0,4.43977E+20,5.40714E+21,8.23688E+15,4.88147E+16
42876,8.17031E+18,8,3,17,26,2017,3,17,7,2,5,2,0,1,0,1,0,0,0,4.11827E+20,5.34562E+21,7.81205E+15,4.82577E+16
42877,8.1703E+18,8,1,15,21,2017,3,4,5,3,5,3,1,1,0,0,0,2,1,4.91795E+20,5.38133E+21,8.88874E+15,4.8585E+16
42878,8.1703E+18,8,1,15,45,2017,3,8,5,3,2,6,0,1,0,0,1,0,0,5.04371E+20,5.39653E+21,9.05943E+15,4.87218E+16
42879,8.1703E+18,8,1,28,131,2017,3,13,5,3,8,6,0,0,0,0,1,0,0,5.31779E+20,5.51381E+21,9.44138E+15,4.97759E+16
42880,8.17031E+18,8,1,36,28,2017,3,15,5,2,4,6,0,1,0,0,0,0,1,5.69414E+20,5.40634E+21,9.94537E+15,4.88062E+16
42881,8.1703E+18,8,1,28,39,2017,3,6,5,3,4,6,0,1,0,0,0,1,0,5.23183E+20,5.50988E+21,9.32175E+15,4.97409E+16
42882,8.17031E+18,8,1,28,7,2017,3,16,5,3,2,6,0,1,0,0,0,0,0,5.54599E+20,5.48374E+21,9.75411E+15,4.95038E+16
42883,8.1703E+18,8,1,28,7,2017,3,7,5,2,8,1,0,1,0,0,0,0,0,5.55536E+20,5.47876E+21,9.76635E+15,4.9459E+16
42884,8.17031E+18,8,1,27,52,2017,3,5,5,3,8,1,0,0,0,0,1,2,1,5.40667E+20,5.43859E+21,9.5571E+15,4.90988E+16
42885,8.17031E+18,8,1,26,46,2017,3,15,5,3,8,1,0,1,0,0,0,0,1,5.49865E+20,5.45801E+21,9.68551E+15,4.92728E+16
42886,8.17031E+18,8,1,18,54,2017,3,22,5,3,3,2,0,1,0,0,0,2,1,5.18343E+20,5.42245E+21,9.25056E+15,4.89547E+16
42887,8.17031E+18,8,1,18,71,2017,3,16,5,3,2,6,0,1,0,0,0,0,0,5.09468E+20,5.41841E+21,9.12924E+15,4.89185E+16
42888,8.1703E+18,8,1,27,101,2017,3,6,5,2,4,6,0,1,0,0,1,1,1,5.85616E+20,5.44078E+21,1.01732E+16,4.91139E+16
42889,8.1703E+18,8,1,21,0,2017,3,19,5,2,0,7,0,1,0,0,0,2,0,5.16491E+20,5.44503E+21,9.22617E+15,4.91579E+16
42890,8.17031E+18,8,3,15,50,2017,3,12,7,3,0,1,1,0,0,0,0,0,0,4.00426E+20,5.3047E+21,7.66802E+15,4.78879E+16
42891,8.1703E+18,8,1,19,91,2017,3,16,5,3,6,7,0,1,1,0,0,0,0,5.27137E+20,5.40304E+21,9.36938E+15,4.87797E+16
42892,8.1703E+18,8,4,25,31,2017,3,7,5,2,4,1,0,1,0,0,0,0,0,5.69031E+20,5.36998E+21,9.93409E+15,4.84791E+16
42893,8.1703E+18,8,1,16,19,2017,3,8,5,3,2,6,0,1,0,0,0,0,0,5.223E+20,5.39641E+21,9.3032E+15,4.87203E+16
42894,8.1703E+18,8,1,15,44,2017,3,7,5,3,9,1,0,1,0,0,0,0,1,5.0478E+20,5.38865E+21,9.0649E+15,4.86509E+16
42895,8.1703E+18,8,1,11,0,2017,3,0,5,3,6,4,0,1,1,0,0,2,1,5.12601E+20,5.40159E+21,9.17148E+15,4.87672E+16
42896,8.1703E+18,8,1,11,0,2017,3,15,5,3,3,6,0,1,0,0,0,0,0,5.1641E+20,5.40469E+21,9.22345E+15,4.8795E+16
42897,8.1703E+18,8,1,11,0,2017,3,15,5,3,5,3,0,1,0,0,0,0,0,5.06381E+20,5.40554E+21,9.08689E+15,4.88028E+16
42898,8.17031E+18,8,1,18,73,2017,3,16,7,2,4,2,0,1,0,1,0,0,0,4.97822E+20,5.41584E+21,8.97029E+15,4.88955E+16
42899,8.1703E+18,8,1,11,0,2017,3,7,5,3,2,6,0,1,0,0,0,0,0,5.1176E+20,5.40682E+21,9.16018E+15,4.88143E+16
42900,8.17031E+18,8,2,16,49,2017,3,17,7,3,8,7,0,1,0,0,0,0,0,4.38559E+20,5.40235E+21,8.16381E+15,4.87711E+16
42901,8.17031E+18,8,2,35,46,2017,3,13,7,3,2,2,0,1,0,1,0,0,0,4.79869E+20,5.37736E+21,8.72722E+15,4.8549E+16
42902,8.17031E+18,8,1,15,3,2017,3,11,5,3,5,3,0,1,0,0,1,0,1,5.00488E+20,5.39238E+21,9.00664E+15,4.86844E+16
42903,8.1703E+18,8,1,11,0,2017,3,8,5,3,2,6,0,1,0,0,0,0,0,5.16223E+20,5.40413E+21,9.22087E+15,4.879E+16
42904,8.17031E+18,8,1,16,47,2017,3,15,5,3,2,6,0,1,0,0,1,0,1,5.18868E+20,5.3923E+21,9.25635E+15,4.86835E+16
42905,8.1703E+18,8,4,35,52,2017,3,19,4,2,6,6,1,0,1,0,0,2,1,5.22822E+20,5.29003E+21,9.30455E+15,4.77633E+16
42906,8.1703E+18,8,4,26,125,2017,3,16,4,3,1,6,0,1,0,0,0,0,0,5.76186E+20,5.33766E+21,1.0025E+16,4.81876E+16
42907,8.17031E+18,8,1,16,71,2017,3,13,5,3,1,6,0,1,0,0,1,0,1,5.27073E+20,5.39121E+21,9.36775E+15,4.86733E+16
42908,8.1703E+18,8,4,26,70,2017,3,18,4,2,5,2,1,1,0,0,0,2,1,5.61493E+20,5.34095E+21,9.82786E+15,4.82188E+16
42909,8.1703E+18,8,4,17,13,2017,3,7,4,3,8,1,0,1,0,0,0,0,2,5.07122E+20,5.34778E+21,9.096E+15,4.82832E+16
42910,8.1703E+18,8,4,17,13,2017,3,5,4,3,8,1,0,1,0,0,0,2,2,5.10316E+20,5.35631E+21,9.13927E+15,4.83598E+16
42911,8.1703E+18,8,4,17,2,2017,3,14,4,3,5,3,0,1,0,0,1,0,1,4.88212E+20,5.34787E+21,8.8411E+15,4.82839E+16
42912,8.1703E+18,8,3,26,52,2017,3,18,4,3,6,7,0,0,1,0,1,2,1,4.54538E+20,5.33019E+21,8.38909E+15,4.81234E+16
42913,8.1703E+18,8,3,26,10,2017,3,7,4,2,6,4,0,1,1,0,0,0,1,4.66508E+20,5.32715E+21,8.55018E+15,4.80967E+16
42914,8.1703E+18,8,3,17,57,2017,3,2,4,2,8,1,0,1,0,0,0,2,1,4.13609E+20,5.38102E+21,7.82876E+15,4.85763E+16
42915,8.17031E+18,8,2,26,103,2017,3,12,7,3,2,6,0,1,0,0,0,0,0,4.71353E+20,5.45667E+21,8.60627E+15,4.92621E+16
42916,8.17031E+18,8,2,22,0,2017,3,12,7,2,0,7,0,1,0,0,0,0,0,4.68178E+20,5.48437E+21,8.56041E+15,4.95111E+16
42917,8.17031E+18,8,1,15,28,2017,3,15,5,3,2,6,0,1,0,0,1,0,1,5.01163E+20,5.40562E+21,9.01584E+15,4.88036E+16
42918,8.17031E+18,8,1,15,16,2017,3,9,5,3,5,3,0,1,0,0,0,0,1,4.91276E+20,5.37773E+21,8.88178E+15,4.85526E+16
42919,8.1703E+18,8,3,16,17,2017,3,8,4,3,5,3,0,1,0,1,0,0,0,4.08021E+20,5.34211E+21,7.76154E+15,4.82255E+16
42920,8.1703E+18,8,3,16,17,2017,3,14,4,3,9,1,0,1,0,0,0,0,0,4.12652E+20,5.3399E+21,7.82434E+15,4.82063E+16
42921,8.1703E+18,8,3,36,69,2017,3,18,4,3,5,3,0,1,0,0,0,2,1,4.05432E+20,5.26663E+21,7.74323E+15,4.75462E+16
42922,8.1703E+18,8,3,15,56,2017,3,14,4,3,8,6,0,1,0,1,0,0,0,4.14699E+20,5.31041E+21,7.85778E+15,4.79413E+16
42923,8.1703E+18,8,2,26,32,2017,3,17,4,3,2,6,0,1,0,0,0,0,1,4.63806E+20,5.46436E+21,8.50185E+15,4.93309E+16
42924,8.1703E+18,8,2,26,95,2017,3,18,4,2,2,6,0,0,0,0,1,1,1,4.71236E+20,5.45972E+21,8.60444E+15,4.92896E+16
42925,8.1703E+18,8,2,26,103,2017,3,14,4,3,2,6,0,1,0,0,1,0,1,4.72068E+20,5.45798E+21,8.616E+15,4.92739E+16
42926,8.1703E+18,8,2,15,96,2017,3,17,4,2,5,3,0,1,0,0,0,2,1,4.64238E+20,5.41359E+21,8.51229E+15,4.88743E+16
42927,8.1703E+18,8,2,12,0,2017,3,4,4,1,3,6,0,1,0,0,1,2,1,4.63009E+20,5.4331E+21,8.49376E+15,4.90496E+16
42928,8.17031E+18,8,1,11,0,2017,3,7,5,3,0,1,0,1,0,0,0,0,1,5.15444E+20,5.40516E+21,9.21031E+15,4.87992E+16
42929,8.1703E+18,8,2,31,0,2017,3,8,4,3,2,6,0,1,0,0,0,0,0,4.79402E+20,5.41881E+21,8.71883E+15,4.89219E+16
42930,8.17031E+18,8,1,11,0,2017,3,9,5,3,2,2,0,1,0,0,0,0,1,5.11257E+20,5.3969E+21,9.15306E+15,4.87251E+16
42931,8.17031E+18,8,1,15,28,2017,3,14,7,3,2,6,0,1,0,0,0,0,0,4.98756E+20,5.40391E+21,8.98306E+15,4.87882E+16
42932,8.17031E+18,8,2,36,40,2017,3,8,7,2,9,7,0,1,0,0,0,0,0,4.89431E+20,5.42458E+21,8.85558E+15,4.8974E+16
42933,8.1703E+18,8,2,36,43,2017,3,13,4,3,4,6,0,1,0,0,0,0,0,4.68191E+20,5.41065E+21,8.56643E+15,4.8848E+16
42934,8.17031E+18,8,1,11,0,2017,3,6,5,3,2,2,0,1,0,0,0,1,1,5.14872E+20,5.40308E+21,9.20244E+15,4.87806E+16
42935,8.1703E+18,8,2,36,72,2017,3,13,4,3,2,6,0,1,0,0,0,0,0,4.67064E+20,5.41061E+21,8.55107E+15,4.88476E+16
42936,8.1703E+18,8,2,36,46,2017,3,21,4,3,4,1,0,1,0,0,0,2,1,4.84807E+20,5.41664E+21,8.79269E+15,4.89025E+16
42937,8.17031E+18,8,1,11,0,2017,3,17,5,3,5,3,0,1,0,0,0,0,0,5.20117E+20,5.40049E+21,9.27371E+15,4.87571E+16
42938,8.1703E+18,8,2,22,0,2017,3,3,4,3,9,5,0,1,0,0,0,2,1,4.65578E+20,5.48051E+21,8.52484E+15,4.94763E+16
42939,8.1703E+18,8,2,26,37,2017,3,18,4,2,4,6,0,1,0,0,0,2,1,4.67195E+20,5.46878E+21,8.54812E+15,4.93708E+16
42940,8.1703E+18,8,2,21,0,2017,3,13,4,2,5,3,1,1,0,0,0,0,1,4.78668E+20,5.47345E+21,8.70591E+15,4.94133E+16
42941,8.1703E+18,8,2,16,7,2017,3,17,4,3,5,3,1,1,0,0,0,1,1,4.36301E+20,5.39369E+21,8.13442E+15,4.8693E+16
42942,8.1703E+18,8,2,16,43,2017,3,22,4,3,5,2,0,1,0,0,0,2,1,4.41139E+20,5.41173E+21,8.19756E+15,4.88558E+16
42943,8.1703E+18,8,1,18,80,2017,3,9,4,3,2,7,0,1,0,0,1,0,1,5.08906E+20,5.41106E+21,9.1214E+15,4.88524E+16
42944,8.17032E+18,8,1,36,18,2017,3,21,6,2,5,3,0,1,0,1,0,2,0,5.89286E+20,5.42979E+21,1.02211E+16,4.90145E+16
42945,8.17032E+18,8,4,36,11,2017,3,14,7,3,5,3,0,1,0,0,0,0,1,5.49063E+20,5.2979E+21,9.65561E+15,4.78326E+16
42946,8.17032E+18,8,1,25,69,2017,3,0,6,3,0,7,0,1,0,0,0,2,0,5.2459E+20,5.45418E+21,9.33781E+15,4.92399E+16
42947,8.17032E+18,8,1,25,74,2017,3,11,6,3,2,6,0,1,0,0,0,0,0,5.09223E+20,5.4396E+21,9.12637E+15,4.91092E+16
42948,8.17032E+18,8,4,26,97,2017,3,15,7,3,2,6,0,1,0,0,0,0,1,5.36129E+20,5.33299E+21,9.48574E+15,4.81491E+16
42949,8.17032E+18,8,4,26,21,2017,3,6,7,3,8,1,0,1,0,0,0,0,1,5.6399E+20,5.32548E+21,9.85916E+15,4.80794E+16
42950,8.17032E+18,8,4,17,2,2017,3,13,7,3,2,6,0,1,0,0,0,0,0,4.89112E+20,5.34374E+21,8.85334E+15,4.82468E+16
42951,8.17032E+18,8,4,16,48,2017,3,18,7,2,4,6,0,1,0,1,0,1,0,4.97691E+20,5.3752E+21,8.96873E+15,4.85299E+16
42952,8.17032E+18,8,3,37,60,2017,3,11,7,3,8,1,0,1,0,0,0,0,1,4.68479E+20,5.27807E+21,8.58023E+15,4.76553E+16
42953,8.17032E+18,8,3,17,96,2017,3,8,7,2,9,6,0,1,0,0,0,0,1,4.18849E+20,5.37138E+21,7.90167E+15,4.84903E+16
42954,8.17032E+18,8,3,17,96,2017,3,8,7,3,3,7,0,1,0,0,0,0,1,4.1882E+20,5.37121E+21,7.90131E+15,4.84888E+16
42955,8.17032E+18,8,2,36,70,2017,3,7,6,2,5,3,0,1,0,0,0,0,0,4.70174E+20,5.41616E+21,8.59305E+15,4.88977E+16
42956,8.17032E+18,8,3,11,0,2017,3,18,7,1,3,1,0,0,0,0,1,0,0,4.115E+20,5.32409E+21,7.81212E+15,4.8064E+16
42957,8.17032E+18,8,2,26,10,2017,3,17,7,3,2,6,0,1,0,0,0,0,0,4.84726E+20,5.45714E+21,8.79005E+15,4.92668E+16
42958,8.17032E+18,8,2,31,0,2017,3,11,7,3,2,6,0,1,0,0,0,0,1,4.84956E+20,5.41198E+21,8.79489E+15,4.88606E+16
42959,8.17032E+18,8,2,31,0,2017,3,11,7,3,2,6,0,1,0,0,0,0,1,4.84983E+20,5.41191E+21,8.79526E+15,4.886E+16
42960,8.17032E+18,8,2,31,0,2017,3,13,7,3,8,1,0,1,0,0,0,0,1,4.74195E+20,5.41778E+21,8.64782E+15,4.89125E+16
42961,8.17032E+18,8,2,36,46,2017,3,12,7,3,0,6,0,1,0,0,0,0,1,4.83186E+20,5.41806E+21,8.7705E+15,4.89152E+16
42962,8.17032E+18,8,2,15,7,2017,3,16,7,2,9,1,0,1,0,0,0,0,1,4.81555E+20,5.43408E+21,8.74752E+15,4.90593E+16
42963,8.17032E+18,8,1,25,34,2017,3,7,6,3,5,3,0,1,0,0,0,0,0,4.99827E+20,5.44413E+21,8.99763E+15,4.915E+16