OBJECTID,UIDENTSTLA,ULAND,UREGBEZ,UKREIS,UGEMEINDE,UJAHR,UMONAT,USTUNDE,UWOCHENTAG,UKATEGORIE,UART,UTYP1,IstRad,IstPKW,IstFuss,IstKrad,IstSonstig,LICHT,STRZUSTAND,LINREFX,LINREFY,XGCSWGS84,YGCSWGS84
43138,8.17032E+18,8,3,17,65,2017,3,18,5,3,5,2,0,1,0,0,0,0,0,4.11142E+20,5.3565E+21,7.80052E+15,4.83554E+16
43139,8.17032E+18,8,3,17,127,2017,3,17,5,3,2,2,0,1,0,1,0,0,0,4.22168E+20,5.34938E+21,7.95066E+15,4.82928E+16
43140,8.17032E+18,8,3,17,116,2017,3,18,5,3,5,2,0,1,0,1,0,0,0,4.34384E+20,5.3873E+21,8.10938E+15,4.86353E+16
43141,8.17032E+18,8,3,17,1,2017,3,14,5,3,0,3,0,1,0,1,0,0,0,4.30441E+20,5.38644E+21,8.05602E+15,4.86271E+16
43142,8.17032E+18,8,3,17,96,2017,3,11,5,3,5,2,1,1,0,0,0,0,0,4.20472E+20,5.36815E+21,7.92424E+15,4.84614E+16
43143,8.17032E+18,8,3,15,108,2017,3,8,5,3,5,3,0,1,0,0,1,0,0,4.03736E+20,5.30398E+21,7.71244E+15,4.78819E+16
43144,8.17032E+18,8,3,11,0,2017,3,12,5,3,1,1,0,1,0,0,0,0,0,4.05727E+20,5.31488E+21,7.73668E+15,4.79802E+16
43145,8.17032E+18,8,2,36,46,2017,3,16,5,3,2,6,0,1,0,0,0,0,0,4.83394E+20,5.41717E+21,8.77339E+15,4.89072E+16
43146,8.17032E+18,8,2,31,0,2017,3,10,5,3,2,6,0,1,0,0,1,0,0,4.82305E+20,5.41856E+21,8.75847E+15,4.89198E+16
43147,8.17032E+18,8,2,31,0,2017,3,17,5,3,2,6,0,1,0,0,0,0,0,4.75131E+20,5.41726E+21,8.66062E+15,4.89078E+16
43148,8.17032E+18,8,1,18,40,2017,3,7,2,2,5,3,0,1,0,0,0,0,0,5.10553E+20,5.43247E+21,9.14441E+15,4.9045E+16
43149,8.17032E+18,8,1,16,33,2017,3,7,2,3,2,6,0,1,0,0,1,0,0,5.33572E+20,5.38669E+21,9.45565E+15,4.86324E+16
43150,8.17032E+18,8,1,15,45,2017,3,7,2,3,2,6,0,1,0,0,0,0,0,4.99635E+20,5.39472E+21,8.99504E+15,4.87055E+16
43151,8.17032E+18,8,1,11,0,2017,3,9,2,3,3,7,0,0,0,1,1,0,0,5.13402E+20,5.40261E+21,9.18242E+15,4.87764E+16
43152,8.17032E+18,8,2,12,0,2017,3,22,5,2,5,2,0,1,0,0,1,2,0,4.56589E+20,5.42497E+21,8.40677E+15,4.89761E+16
43153,8.17032E+18,8,1,11,0,2017,3,14,2,3,5,2,0,1,0,0,0,0,0,5.06384E+20,5.40554E+21,9.08694E+15,4.88028E+16
43154,8.17032E+18,8,2,36,70,2017,3,19,5,3,5,3,0,1,0,0,0,1,0,4.7186E+20,5.41547E+21,8.6161E+15,4.88915E+16
43155,8.17032E+18,8,4,36,64,2017,3,2,1,2,9,1,0,1,0,0,0,2,1,5.44852E+20,5.28746E+21,9.59826E+15,4.7739E+16
43156,8.17032E+18,8,2,37,61,2017,3,17,5,3,5,3,0,1,0,1,0,0,0,4.66495E+20,5.36777E+21,8.54679E+15,4.84621E+16
43157,8.17032E+18,8,2,26,98,2017,3,8,5,3,5,3,0,1,0,0,0,0,0,4.8136E+20,5.46232E+21,8.74355E+15,4.93133E+16
43158,8.17032E+18,8,2,22,0,2017,3,5,5,2,6,4,0,0,1,0,1,2,0,4.62517E+20,5.48612E+21,8.48205E+15,4.95266E+16
43159,8.17032E+18,8,4,35,34,2017,3,16,6,3,6,6,1,0,1,0,0,0,0,5.29398E+20,5.28522E+21,9.39198E+15,4.77197E+16
43160,8.17032E+18,8,2,16,43,2017,3,13,5,3,2,5,0,1,0,0,0,0,0,4.44806E+20,5.41238E+21,8.24747E+15,4.88619E+16
43161,8.17033E+18,8,1,19,4,2017,3,11,7,3,8,1,0,1,0,0,0,0,0,5.41485E+20,5.42201E+21,9.5666E+15,4.89496E+16
43162,8.17032E+18,8,2,15,9,2017,3,17,5,3,2,6,0,1,0,0,0,0,0,4.70781E+20,5.44141E+21,8.59952E+15,4.91249E+16
43163,8.17033E+18,8,2,21,0,2017,3,19,7,2,2,6,0,1,0,1,0,2,0,4.75411E+20,5.46822E+21,8.66133E+15,4.93662E+16
43164,8.17032E+18,8,2,35,8,2017,3,17,5,2,2,6,1,1,0,0,0,0,0,4.86419E+20,5.40106E+21,8.81519E+15,4.87624E+16
43165,8.17032E+18,8,2,31,0,2017,3,12,5,3,1,6,0,1,0,0,0,0,0,4.79306E+20,5.41748E+21,8.71758E+15,4.89099E+16
43166,8.17032E+18,8,2,31,0,2017,3,17,5,3,1,6,0,1,0,1,0,0,0,4.77911E+20,5.41483E+21,8.69869E+15,4.88861E+16
43167,8.17032E+18,8,2,31,0,2017,3,14,5,3,1,6,0,1,0,1,0,0,0,4.74819E+20,5.41681E+21,8.65639E+15,4.89038E+16
43168,8.17032E+18,8,2,36,71,2017,3,18,5,3,1,6,0,1,0,0,0,1,0,4.68911E+20,5.42118E+21,8.57543E+15,4.89428E+16
43169,8.17032E+18,8,2,36,25,2017,3,5,5,3,5,3,0,1,0,0,0,2,0,4.90363E+20,5.40834E+21,8.86869E+15,4.88279E+16
43170,8.17032E+18,8,2,26,84,2017,3,6,5,3,5,3,0,1,0,0,0,1,0,4.66956E+20,5.47153E+21,8.54461E+15,4.93956E+16
43171,8.17032E+18,8,2,22,0,2017,3,14,5,3,2,6,0,1,0,1,0,0,0,4.67484E+20,5.48222E+21,8.551E+15,4.94917E+16
43172,8.17032E+18,8,2,15,17,2017,3,15,6,3,2,6,0,1,0,0,0,0,0,4.59756E+20,5.41977E+21,8.45057E+15,4.89295E+16
43173,8.17032E+18,8,2,26,41,2017,3,10,5,2,4,6,0,1,0,0,1,0,0,4.79788E+20,5.46677E+21,8.72169E+15,4.93533E+16
43174,8.17032E+18,8,2,21,0,2017,3,19,5,1,4,1,0,1,0,0,0,2,0,4.75468E+20,5.4686E+21,8.66209E+15,4.93696E+16
43175,8.17032E+18,8,4,36,1,2017,3,16,1,2,5,3,0,1,0,1,0,0,0,5.55342E+20,5.27548E+21,9.73665E+15,4.76303E+16
43176,8.17032E+18,8,2,16,9,2017,3,17,5,3,5,3,0,1,0,1,0,0,0,4.47434E+20,5.4206E+21,8.28224E+15,4.89361E+16
43177,8.17032E+18,8,2,15,103,2017,3,16,5,3,2,6,0,1,0,0,0,0,0,4.6771E+20,5.44409E+21,8.55721E+15,4.91488E+16
43178,8.17032E+18,8,4,36,11,2017,3,22,1,3,6,7,1,0,1,0,0,2,0,5.48546E+20,5.29702E+21,9.6486E+15,4.78247E+16
43179,8.17032E+18,8,2,15,64,2017,3,18,5,3,0,7,1,0,0,0,0,0,0,4.77509E+20,5.45132E+21,8.69118E+15,4.92143E+16
43180,8.17032E+18,8,2,15,110,2017,3,10,5,3,4,2,0,1,0,0,0,0,0,4.61926E+20,5.42049E+21,8.48011E+15,4.89362E+16
43181,8.17032E+18,8,4,36,94,2017,3,18,1,3,2,2,0,1,0,0,0,0,0,5.71768E+20,5.28053E+21,9.95609E+15,4.76741E+16
43182,8.17032E+18,8,2,11,0,2017,3,20,5,3,8,1,0,0,0,1,0,2,0,4.46532E+20,5.4025E+21,8.27228E+15,4.87732E+16
43183,8.17032E+18,8,2,12,0,2017,3,9,5,3,5,3,0,1,0,0,0,0,0,4.56493E+20,5.42337E+21,8.40563E+15,4.89617E+16
43184,8.17032E+18,8,1,18,80,2017,3,16,5,3,2,6,0,1,0,0,0,0,0,5.05789E+20,5.40778E+21,9.07887E+15,4.8823E+16
43185,8.17032E+18,8,2,16,17,2017,3,9,5,2,0,7,1,0,0,0,0,0,0,4.50832E+20,5.4019E+21,8.33087E+15,4.87682E+16
43186,8.17033E+18,8,2,22,0,2017,3,12,7,3,1,6,0,1,0,0,1,0,0,4.62886E+20,5.48281E+21,8.48746E+15,4.94968E+16
43187,8.17032E+18,8,1,18,48,2017,3,17,5,3,0,6,0,1,0,0,0,0,0,5.11313E+20,5.41734E+21,9.15439E+15,4.89089E+16
43188,8.17032E+18,8,1,15,54,2017,3,17,5,2,1,5,1,1,0,0,0,0,0,4.93635E+20,5.39531E+21,8.91348E+15,4.87108E+16
43189,8.17032E+18,8,1,11,0,2017,3,16,5,3,3,6,0,1,0,0,1,0,0,5.13164E+20,5.39428E+21,9.17892E+15,4.87014E+16
43190,8.17032E+18,8,1,28,115,2017,3,17,5,3,5,3,0,1,0,1,0,0,0,5.47861E+20,5.49719E+21,9.66269E+15,4.96253E+16
43191,8.17032E+18,8,1,36,9,2017,3,9,5,3,2,6,0,1,0,0,0,0,0,5.67495E+20,5.40788E+21,9.91949E+15,4.88202E+16
43192,8.17032E+18,8,1,28,39,2017,3,16,5,2,4,1,0,1,0,0,0,0,0,5.26073E+20,5.51329E+21,9.36209E+15,4.97715E+16
43193,8.17032E+18,8,1,27,71,2017,3,18,5,3,5,3,0,1,0,0,0,0,0,5.70809E+20,5.45474E+21,9.97282E+15,4.92413E+16
43194,8.17032E+18,8,1,27,14,2017,3,12,5,3,2,6,0,1,0,0,0,0,0,5.77775E+20,5.44295E+21,1.00662E+16,4.91345E+16
43195,8.17032E+18,8,1,27,14,2017,3,6,5,3,3,2,1,1,0,0,0,0,0,5.78327E+20,5.44284E+21,1.00738E+16,4.91334E+16
43196,8.17032E+18,8,1,27,14,2017,3,17,5,3,2,6,0,1,0,0,0,1,0,5.75094E+20,5.44355E+21,1.00296E+16,4.91402E+16
43197,8.17032E+18,8,1,27,25,2017,3,15,5,3,5,2,0,1,0,1,0,0,0,5.5652E+20,5.42757E+21,9.77272E+15,4.89984E+16
43198,8.17032E+18,8,1,28,139,2017,3,16,5,2,0,1,0,0,0,1,0,0,0,5.53666E+20,5.48705E+21,9.74168E+15,4.95337E+16
43199,8.17032E+18,8,1,26,56,2017,3,12,5,3,6,7,1,0,1,0,0,0,0,5.57436E+20,5.46652E+21,9.7908E+15,4.93487E+16
43200,8.17032E+18,8,1,25,46,2017,3,21,5,3,8,1,0,1,0,0,0,2,0,5.19749E+20,5.43663E+21,9.27045E+15,4.90822E+16
43201,8.17032E+18,8,1,25,27,2017,3,16,5,3,4,2,0,1,0,0,0,0,0,5.19362E+20,5.44543E+21,9.26557E+15,4.91614E+16
43202,8.17032E+18,8,4,37,107,2017,3,17,1,1,4,1,0,1,0,0,0,0,0,5.02573E+20,5.32962E+21,9.03458E+15,4.81198E+16
43203,8.17032E+18,8,4,26,100,2017,3,20,1,3,5,3,0,1,0,0,0,2,0,5.76426E+20,5.31846E+21,1.00248E+16,4.80148E+16
43204,8.17032E+18,8,4,15,93,2017,3,9,1,3,8,1,0,1,0,0,0,0,0,5.24614E+20,5.36915E+21,9.33304E+15,4.8475E+16
43205,8.17032E+18,8,1,25,65,2017,3,15,5,3,2,6,0,1,0,0,0,0,0,5.17023E+20,5.4499E+21,9.23368E+15,4.92017E+16
43206,8.17032E+18,8,1,25,5,2017,3,8,5,3,2,6,0,1,0,0,0,0,0,5.15667E+20,5.45143E+21,9.21512E+15,4.92154E+16
43207,8.17032E+18,8,1,25,65,2017,3,21,5,2,0,1,0,0,0,1,0,2,0,5.16343E+20,5.44923E+21,9.22433E+15,4.91956E+16
43208,8.17032E+18,8,2,16,43,2017,3,20,6,3,1,6,0,1,0,0,0,2,0,4.44622E+20,5.41258E+21,8.24493E+15,4.88637E+16
43209,8.17032E+18,8,1,21,0,2017,3,17,5,3,4,3,1,1,0,0,0,0,0,5.16231E+20,5.44448E+21,9.2226E+15,4.91529E+16
43210,8.17032E+18,8,2,37,40,2017,3,18,6,3,2,6,0,1,0,0,0,1,0,4.81991E+20,5.3654E+21,8.7565E+15,4.84415E+16
43211,8.17032E+18,8,1,21,0,2017,3,8,5,3,5,3,0,1,0,0,0,0,0,5.16726E+20,5.4429E+21,9.22931E+15,4.91387E+16
43212,8.17032E+18,8,1,19,85,2017,3,17,5,3,2,6,0,1,0,0,0,0,0,5.28273E+20,5.41328E+21,9.38557E+15,4.88719E+16
43213,8.17032E+18,8,3,36,69,2017,3,20,1,3,9,1,0,0,0,1,0,2,0,4.09546E+20,5.26999E+21,7.7972E+15,4.75771E+16
43214,8.17032E+18,8,1,19,84,2017,3,7,5,3,2,6,0,1,0,0,0,0,0,5.43051E+20,5.41185E+21,9.58693E+15,4.88581E+16
43215,8.17032E+18,8,1,19,76,2017,3,14,5,3,5,3,1,1,0,0,0,0,0,5.41638E+20,5.40643E+21,9.56711E+15,4.88095E+16
43216,8.17032E+18,8,3,35,43,2017,3,13,1,3,0,1,0,0,0,1,0,0,1,5.10249E+20,5.28274E+21,9.1366E+15,4.76979E+16
43217,8.17032E+18,8,1,19,44,2017,3,15,5,3,2,4,0,1,1,0,0,0,0,5.46802E+20,5.42483E+21,9.63954E+15,4.89746E+16
43218,8.17032E+18,8,1,19,55,2017,3,11,5,3,3,6,0,1,0,0,1,0,0,5.42583E+20,5.40534E+21,9.57987E+15,4.87996E+16
43219,8.17032E+18,8,1,19,44,2017,3,15,5,3,2,2,0,1,0,1,0,0,0,5.47172E+20,5.42488E+21,9.64461E+15,4.89751E+16
43220,8.17032E+18,8,1,19,6,2017,3,12,5,2,8,1,0,0,0,1,0,0,0,5.36596E+20,5.42205E+21,9.49985E+15,4.89502E+16
43221,8.17033E+18,8,1,18,11,2017,3,10,7,3,5,3,0,1,0,0,0,0,0,5.05261E+20,5.408E+21,9.07168E+15,4.8825E+16
43222,8.17032E+18,8,1,19,86,2017,3,16,5,3,2,6,0,1,0,0,0,0,0,5.36326E+20,5.40611E+21,9.49474E+15,4.88069E+16
43223,8.17033E+18,8,3,17,153,2017,3,10,7,2,8,1,0,0,0,1,0,0,0,4.24563E+20,5.39365E+21,7.97494E+15,4.86914E+16
43224,8.17032E+18,8,1,18,21,2017,3,10,5,3,1,6,0,1,0,0,1,0,0,5.18821E+20,5.42813E+21,9.25735E+15,4.90058E+16
43225,8.17033E+18,8,2,37,40,2017,3,16,7,3,5,3,0,1,0,1,0,0,0,4.73009E+20,5.36246E+21,8.63524E+15,4.84147E+16
43226,8.17032E+18,8,1,18,48,2017,3,16,5,3,2,6,0,1,0,0,0,0,0,5.12761E+20,5.41889E+21,9.17419E+15,4.89228E+16
43227,8.17032E+18,8,1,18,10,2017,3,19,5,3,1,5,0,1,0,1,0,1,0,5.08786E+20,5.43023E+21,9.12018E+15,4.90249E+16
43228,8.17032E+18,8,1,18,48,2017,3,5,5,3,8,1,0,1,0,0,0,2,0,5.1152E+20,5.4186E+21,9.15726E+15,4.89202E+16
43229,8.17032E+18,8,1,18,79,2017,3,16,5,3,1,6,0,1,0,0,0,0,0,5.08609E+20,5.42355E+21,9.11762E+15,4.89648E+16
43230,8.17032E+18,8,1,15,21,2017,3,12,5,3,8,1,0,0,0,0,1,0,0,4.93533E+20,5.38039E+21,8.91233E+15,4.85766E+16
43231,8.17032E+18,8,1,17,6,2017,3,13,5,3,2,6,0,1,0,0,0,0,0,5.49865E+20,5.37992E+21,9.67596E+15,4.85704E+16
43232,8.17032E+18,8,1,16,33,2017,3,9,5,3,2,6,0,1,0,0,0,0,0,5.35813E+20,5.38639E+21,9.48603E+15,4.86296E+16
43233,8.17032E+18,8,1,16,33,2017,3,17,5,3,2,6,0,1,0,0,0,0,0,5.31682E+20,5.38763E+21,9.43007E+15,4.8641E+16
43234,8.17032E+18,8,1,16,77,2017,3,7,5,3,2,1,0,1,0,0,0,0,0,5.16989E+20,5.3907E+21,9.23075E+15,4.86691E+16
43235,8.17032E+18,8,1,16,78,2017,3,13,5,3,6,4,0,1,1,0,0,0,0,5.12924E+20,5.39053E+21,9.17554E+15,4.86677E+16
43236,8.17032E+18,8,1,16,81,2017,3,16,5,3,4,6,0,0,0,0,1,0,0,5.18304E+20,5.38527E+21,9.24837E+15,4.86202E+16
43237,8.17032E+18,8,1,15,45,2017,3,18,5,3,2,7,0,1,0,0,1,1,0,5.04988E+20,5.39702E+21,9.06782E+15,4.87262E+16
43238,8.17032E+18,8,1,16,15,2017,3,13,5,3,3,6,0,1,0,0,1,0,0,5.23393E+20,5.39279E+21,9.31784E+15,4.86877E+16
43239,8.17032E+18,8,1,17,42,2017,3,18,5,2,5,3,0,1,0,0,0,1,0,5.54188E+20,5.39334E+21,9.73631E+15,4.86907E+16
43240,8.17032E+18,8,3,35,43,2017,3,17,1,3,3,6,0,1,0,1,0,0,0,5.13465E+20,5.27934E+21,9.17936E+15,4.76673E+16
43241,8.17032E+18,8,3,15,64,2017,3,18,1,3,5,2,0,1,0,0,0,0,0,4.24634E+20,5.31249E+21,7.99042E+15,4.79613E+16
43242,8.17032E+18,8,1,17,26,2017,3,7,5,2,9,1,1,0,0,0,0,0,0,5.49317E+20,5.39495E+21,9.67033E+15,4.87056E+16
43243,8.17032E+18,8,2,15,9,2017,3,20,1,3,3,6,0,1,0,0,0,2,0,4.67226E+20,5.44044E+21,8.55088E+15,4.91159E+16
43244,8.17032E+18,8,2,35,6,2017,3,3,1,3,8,1,0,1,0,0,0,2,1,4.67158E+20,5.38074E+21,8.55473E+15,4.85789E+16
43245,8.17032E+18,8,2,31,0,2017,3,20,1,3,4,2,0,1,0,0,0,2,1,4.78883E+20,5.41569E+21,8.7119E+15,4.88938E+16
43246,8.17032E+18,8,2,31,0,2017,3,18,1,3,2,6,0,1,0,0,0,1,0,4.78518E+20,5.41596E+21,8.7069E+15,4.88962E+16
43247,8.17032E+18,8,1,16,79,2017,3,16,5,3,5,3,0,1,0,1,0,0,0,5.33645E+20,5.3801E+21,9.45611E+15,4.85731E+16
43248,8.17032E+18,8,1,16,47,2017,3,16,5,3,2,6,0,1,0,0,0,0,0,5.18804E+20,5.39229E+21,9.25547E+15,4.86834E+16
43249,8.17032E+18,8,1,15,24,2017,3,11,5,3,5,2,0,1,0,0,0,0,0,5.02806E+20,5.38743E+21,9.03808E+15,4.86399E+16
43250,8.17032E+18,8,3,27,55,2017,3,15,6,2,8,1,0,1,0,0,0,0,0,4.7902E+20,5.31983E+21,8.71858E+15,4.80314E+16
43251,8.17032E+18,8,1,11,0,2017,3,17,5,3,5,3,0,0,0,0,1,0,0,5.17157E+20,5.40684E+21,9.2337E+15,4.88143E+16
43252,8.17032E+18,8,4,37,86,2017,3,17,6,3,0,7,0,1,0,0,0,0,0,5.2844E+20,5.31098E+21,9.38089E+15,4.79515E+16
43253,8.17032E+18,8,4,35,16,2017,3,12,4,3,5,3,0,1,0,0,1,0,1,5.36162E+20,5.27844E+21,9.48161E+15,4.76583E+16
43254,8.17033E+18,8,1,25,13,2017,3,15,7,3,1,5,0,1,0,0,0,0,0,5.06907E+20,5.43829E+21,9.09461E+15,4.90974E+16
43255,8.17032E+18,8,4,16,41,2017,3,15,4,3,2,6,0,1,0,0,0,0,0,4.99497E+20,5.37203E+21,8.99319E+15,4.85014E+16
43256,8.17033E+18,8,2,35,79,2017,3,19,7,3,4,2,0,1,0,0,0,1,0,4.69262E+20,5.40236E+21,8.58165E+15,4.87735E+16
43257,8.17032E+18,8,1,15,45,2017,3,18,5,3,2,6,0,1,0,0,0,2,0,5.02459E+20,5.39886E+21,9.03345E+15,4.87428E+16
43258,8.17032E+18,8,1,15,45,2017,3,18,5,3,0,6,1,0,0,0,0,0,0,4.99005E+20,5.39506E+21,8.98648E+15,4.87086E+16
43259,8.17032E+18,8,1,15,3,2017,3,8,5,3,2,6,0,1,0,0,0,0,0,4.99846E+20,5.39245E+21,8.99791E+15,4.86851E+16
43260,8.17032E+18,8,1,11,0,2017,3,8,5,3,2,6,0,1,0,0,1,0,0,5.09965E+20,5.40996E+21,9.13581E+15,4.88425E+16
43261,8.17032E+18,8,1,11,0,2017,3,6,5,3,2,6,0,1,0,0,0,2,0,5.10534E+20,5.40014E+21,9.14331E+15,4.87542E+16
43262,8.17032E+18,8,1,11,0,2017,3,15,5,3,5,3,0,1,0,0,1,0,0,5.12207E+20,5.39942E+21,9.16606E+15,4.87477E+16
43263,8.17032E+18,8,1,11,0,2017,3,23,5,3,1,1,0,1,0,1,0,2,0,5.10412E+20,5.40315E+21,9.14173E+15,4.87813E+16
43264,8.17032E+18,8,4,36,10,2017,3,19,4,3,4,6,0,1,0,0,1,2,0,5.7314E+20,5.30511E+21,9.97851E+15,4.78951E+16
43265,8.17032E+18,8,4,35,20,2017,3,9,4,3,5,3,0,1,0,0,0,0,0,5.19456E+20,5.30128E+21,9.26014E+15,4.78645E+16
43266,8.17032E+18,8,4,16,36,2017,3,9,4,3,8,1,0,1,0,0,0,0,1,4.98869E+20,5.36331E+21,8.98471E+15,4.84229E+16
43267,8.17032E+18,8,4,25,4,2017,3,18,4,3,4,2,0,1,0,1,0,1,0,5.76827E+20,5.38185E+21,1.00418E+16,4.8585E+16
43268,8.17032E+18,8,4,16,26,2017,3,17,4,3,5,3,0,1,0,0,0,0,0,5.04241E+20,5.36501E+21,9.05734E+15,4.84382E+16
43269,8.17032E+18,8,3,36,25,2017,3,12,4,2,4,1,0,1,0,0,0,0,0,4.16497E+20,5.28965E+21,7.88585E+15,4.77548E+16
43270,8.17032E+18,8,3,35,79,2017,3,16,4,3,5,3,0,1,0,0,0,0,0,4.99161E+20,5.29818E+21,8.98879E+15,4.7837E+16
43271,8.17032E+18,8,3,35,66,2017,3,7,4,3,2,6,0,1,0,0,0,0,1,5.08488E+20,5.2828E+21,9.11313E+15,4.76985E+16
43272,8.17032E+18,8,3,26,17,2017,3,14,4,3,2,2,0,1,0,0,1,0,0,4.40813E+20,5.32225E+21,8.20578E+15,4.80508E+16
43273,8.17032E+18,8,4,17,75,2017,3,9,4,3,8,1,0,1,0,0,0,0,0,5.12606E+20,5.33724E+21,9.16961E+15,4.81883E+16
43274,8.17032E+18,8,4,17,31,2017,3,18,4,3,6,7,0,1,1,0,0,1,0,4.97694E+20,5.35596E+21,8.96887E+15,4.83568E+16
43275,8.17032E+18,8,4,15,61,2017,3,16,4,2,6,4,0,1,1,0,0,0,0,5.15663E+20,5.37067E+21,9.21198E+15,4.8489E+16
43276,8.17032E+18,8,4,15,59,2017,3,9,4,3,5,3,0,1,0,0,0,0,0,5.16545E+20,5.37015E+21,9.2239E+15,4.84843E+16
43277,8.17032E+18,8,3,36,69,2017,3,13,4,3,2,6,0,1,0,0,1,0,0,4.06938E+20,5.26906E+21,7.76273E+15,4.75683E+16
43278,8.17032E+18,8,3,15,48,2017,3,16,4,3,2,6,0,1,0,0,0,0,0,3.97056E+20,5.31048E+21,7.62157E+15,4.79393E+16
43279,8.17032E+18,8,3,16,43,2017,3,16,4,3,2,6,0,1,0,0,0,0,0,4.10493E+20,5.32678E+21,7.79805E+15,4.8088E+16
43280,8.17032E+18,8,3,36,91,2017,3,16,4,3,5,3,0,1,0,0,0,0,0,3.9592E+20,5.2739E+21,7.61513E+15,4.76102E+16
43281,8.17032E+18,8,3,36,79,2017,3,14,4,3,5,3,1,1,0,0,0,0,0,4.17715E+20,5.29382E+21,7.9013E+15,4.77925E+16
43282,8.17032E+18,8,3,35,43,2017,3,13,4,3,5,3,1,1,0,0,0,0,0,5.12276E+20,5.27986E+21,9.16353E+15,4.7672E+16
43283,8.17032E+18,8,3,35,43,2017,3,13,4,2,5,2,1,1,0,0,0,0,0,5.12545E+20,5.28072E+21,9.16714E+15,4.76797E+16
43284,8.17032E+18,8,3,25,11,2017,3,17,4,3,2,6,0,1,0,0,0,0,0,4.76166E+20,5.34451E+21,8.67892E+15,4.82534E+16
43285,8.17032E+18,8,3,17,40,2017,3,17,4,3,2,6,0,1,0,0,0,0,0,4.32378E+20,5.34778E+21,8.08854E+15,4.82796E+16
43286,8.17032E+18,8,3,17,65,2017,3,17,4,3,2,6,0,1,0,0,0,0,0,4.1844E+20,5.35472E+21,7.89937E+15,4.83404E+16
43287,8.17032E+18,8,3,16,17,2017,3,20,4,3,2,6,0,0,0,0,1,2,0,4.07283E+20,5.34295E+21,7.75143E+15,4.8233E+16
43288,8.17032E+18,8,3,17,31,2017,3,16,4,3,2,6,0,1,0,0,1,0,0,4.13579E+20,5.36025E+21,7.83265E+15,4.83895E+16
43289,8.17032E+18,8,3,16,12,2017,3,20,4,3,0,7,0,1,0,0,0,0,0,4.03272E+20,5.33339E+21,7.6996E+15,4.81464E+16
43290,8.17032E+18,8,3,16,11,2017,3,12,4,3,5,3,0,1,0,0,0,0,0,4.12592E+20,5.33135E+21,7.82529E+15,4.81294E+16
43291,8.17032E+18,8,3,36,69,2017,3,6,4,2,4,6,0,1,0,0,0,1,1,4.07736E+20,5.27371E+21,7.77235E+15,4.76103E+16
43292,8.17032E+18,8,2,16,43,2017,3,20,6,3,2,6,0,1,0,0,0,2,0,4.4377E+20,5.4111E+21,8.23352E+15,4.88503E+16
43293,8.17032E+18,8,2,26,37,2017,3,6,4,3,2,6,0,1,0,0,0,0,1,4.66884E+20,5.47037E+21,8.54372E+15,4.93851E+16
43294,8.17032E+18,8,3,15,131,2017,3,17,6,3,8,1,0,1,0,0,0,0,0,4.0573E+20,5.30735E+21,7.73838E+15,4.79126E+16
43295,8.17032E+18,8,2,36,73,2017,3,20,4,2,2,6,0,1,0,0,0,2,0,4.79802E+20,5.42053E+21,8.7242E+15,4.89374E+16
43296,8.17032E+18,8,4,16,36,2017,3,18,6,2,0,6,1,1,0,0,0,1,0,4.86477E+20,5.37196E+21,8.81694E+15,4.85007E+16
43297,8.17032E+18,8,3,17,110,2017,3,12,4,3,9,1,0,1,0,0,0,0,0,4.27549E+20,5.38252E+21,8.01746E+15,4.85916E+16
43298,8.17032E+18,8,2,36,76,2017,3,16,4,3,2,6,0,1,0,0,0,0,0,4.72221E+20,5.42304E+21,8.62052E+15,4.89597E+16
43299,8.17033E+18,8,1,18,48,2017,3,11,7,3,5,3,0,1,0,0,0,0,0,5.15743E+20,5.41429E+21,9.21473E+15,4.88813E+16
43300,8.17032E+18,8,3,17,1,2017,3,11,4,3,3,2,1,1,0,0,0,0,0,4.31775E+20,5.38706E+21,8.07402E+15,4.86329E+16
43301,8.17033E+18,8,2,12,0,2017,3,10,7,3,3,6,0,1,0,1,0,0,0,4.57902E+20,5.42795E+21,8.4244E+15,4.9003E+16
43302,8.17032E+18,8,3,17,141,2017,3,21,4,1,9,7,0,1,0,0,0,2,0,4.19875E+20,5.37854E+21,7.91417E+15,4.85548E+16
43303,8.17032E+18,8,3,16,42,2017,3,16,4,3,5,3,0,1,0,0,0,0,0,4.32566E+20,5.32536E+21,8.09464E+15,4.80779E+16
43304,8.17032E+18,8,3,36,50,2017,3,11,4,3,5,3,1,1,0,0,0,0,0,3.99257E+20,5.27492E+21,7.65928E+15,4.76199E+16
43305,8.17032E+18,8,3,11,0,2017,3,17,4,3,1,1,0,1,0,0,1,0,0,4.13342E+20,5.31602E+21,7.83847E+15,4.79916E+16
43306,8.17032E+18,8,3,11,0,2017,3,17,4,3,2,6,0,1,0,0,0,0,0,4.05747E+20,5.31488E+21,7.73695E+15,4.79802E+16
43307,8.17032E+18,8,2,26,76,2017,3,17,4,3,3,7,0,1,0,0,0,0,0,4.73141E+20,5.46463E+21,8.63031E+15,4.93338E+16
43308,8.17032E+18,8,2,31,0,2017,3,17,4,2,9,1,0,1,0,0,0,0,0,4.84513E+20,5.41406E+21,8.78877E+15,4.88793E+16
43309,8.17032E+18,8,2,35,85,2017,3,10,4,3,5,3,1,1,0,0,0,0,0,4.8133E+20,5.39566E+21,8.74619E+15,4.87137E+16
43310,8.17032E+18,8,2,31,0,2017,3,17,4,3,5,2,0,1,0,0,0,0,0,4.75784E+20,5.41501E+21,8.66966E+15,4.88875E+16
43311,8.17032E+18,8,2,35,85,2017,3,6,4,3,0,1,0,0,0,1,0,1,0,4.80483E+20,5.39634E+21,8.73465E+15,4.87198E+16