OBJECTID,UIDENTSTLA,ULAND,UREGBEZ,UKREIS,UGEMEINDE,UJAHR,UMONAT,USTUNDE,UWOCHENTAG,UKATEGORIE,UART,UTYP1,IstRad,IstPKW,IstFuss,IstKrad,IstSonstig,LICHT,STRZUSTAND,LINREFX,LINREFY,XGCSWGS84,YGCSWGS84
43312,8.17032E+18,8,2,31,0,2017,3,10,4,3,1,6,0,1,0,0,0,0,1,4.78016E+20,5.41606E+21,8.70005E+15,4.88971E+16
43313,8.17032E+18,8,2,31,0,2017,3,10,4,3,4,2,0,1,0,0,1,0,1,4.78508E+20,5.41582E+21,8.70678E+15,4.8895E+16
43314,8.17032E+18,8,2,36,72,2017,3,19,4,1,6,4,0,1,1,0,0,2,0,4.63676E+20,5.41026E+21,8.50493E+15,4.88443E+16
43315,8.17032E+18,8,2,36,13,2017,3,17,4,3,6,4,0,1,1,0,0,0,0,4.76376E+20,5.40822E+21,8.67813E+15,4.88265E+16
43316,8.17032E+18,8,2,31,0,2017,3,17,4,3,3,6,0,1,0,0,1,0,0,4.78356E+20,5.41562E+21,8.70472E+15,4.88931E+16
43317,8.17032E+18,8,2,36,40,2017,3,9,4,3,2,2,0,1,0,0,0,0,1,4.88494E+20,5.42149E+21,8.84286E+15,4.89462E+16
43318,8.17032E+18,8,2,26,95,2017,3,17,4,3,2,6,0,1,0,0,0,0,0,4.74898E+20,5.46017E+21,8.65477E+15,4.92937E+16
43319,8.17033E+18,8,1,18,53,2017,3,11,7,3,0,7,0,0,0,1,0,0,0,5.1512E+20,5.427E+21,9.20671E+15,4.89957E+16
43320,8.17032E+18,8,2,26,104,2017,3,21,4,3,5,3,0,1,0,0,0,2,0,4.90632E+20,5.46703E+21,8.871E+15,4.9356E+16
43321,8.17033E+18,8,2,15,7,2017,3,13,7,3,5,3,1,1,0,0,0,0,0,4.78505E+20,5.43117E+21,8.70593E+15,4.90331E+16
43322,8.17032E+18,8,2,26,13,2017,3,16,4,3,2,2,0,1,0,0,1,0,0,4.99582E+20,5.47993E+21,8.99423E+15,4.9472E+16
43323,8.17032E+18,8,2,36,70,2017,3,15,4,3,2,6,0,1,0,0,0,0,0,4.70725E+20,5.41604E+21,8.60058E+15,4.88966E+16
43324,8.17032E+18,8,2,26,84,2017,3,11,4,2,0,1,0,0,0,1,0,0,0,4.69247E+20,5.47047E+21,8.57626E+15,4.93861E+16
43325,8.17032E+18,8,2,26,22,2017,3,15,4,3,2,1,0,1,0,0,0,0,0,4.81329E+20,5.46771E+21,8.74287E+15,4.93618E+16
43326,8.17032E+18,8,2,26,13,2017,3,13,4,3,0,1,0,0,0,1,0,0,0,4.98141E+20,5.47915E+21,8.97434E+15,4.9465E+16
43327,8.17032E+18,8,2,22,0,2017,3,20,4,3,3,6,0,1,0,1,0,2,0,4.64531E+20,5.47708E+21,8.51069E+15,4.94454E+16
43328,8.17032E+18,8,2,26,54,2017,3,19,4,2,2,6,0,1,0,0,1,1,0,4.82816E+20,5.45711E+21,8.7638E+15,4.92665E+16
43329,8.17032E+18,8,2,16,7,2017,3,7,4,3,1,6,0,1,0,0,0,0,0,4.38344E+20,5.39442E+21,8.16206E+15,4.86998E+16
43330,8.17032E+18,8,2,16,17,2017,3,14,4,2,8,1,1,0,0,0,0,0,0,4.51071E+20,5.40203E+21,8.33411E+15,4.87694E+16
43331,8.17032E+18,8,1,25,6,2017,3,1,4,3,3,6,0,1,0,0,1,2,0,5.01861E+20,5.45124E+21,9.02556E+15,4.9214E+16
43332,8.17032E+18,8,1,15,28,2017,3,21,4,3,2,6,0,1,0,0,0,2,0,5.02421E+20,5.40092E+21,9.03294E+15,4.87613E+16
43333,8.17032E+18,8,1,36,43,2017,3,15,4,3,2,2,0,1,0,0,0,0,0,5.70766E+20,5.40794E+21,9.96406E+15,4.88204E+16
43334,8.17032E+18,8,2,26,102,2017,3,19,4,2,4,7,0,1,0,0,0,2,0,4.85609E+20,5.45394E+21,8.80231E+15,4.92381E+16
43335,8.17032E+18,8,2,16,43,2017,3,12,4,3,2,6,0,1,0,0,0,0,0,4.44753E+20,5.41241E+21,8.24674E+15,4.88622E+16
43336,8.17032E+18,8,2,12,0,2017,3,7,4,3,5,3,1,1,0,0,0,0,1,4.55776E+20,5.43134E+21,8.39496E+15,4.90334E+16
43337,8.17032E+18,8,1,11,0,2017,3,7,4,3,2,6,0,1,0,0,0,0,1,5.07224E+20,5.39549E+21,9.0982E+15,4.87124E+16
43338,8.17032E+18,8,1,36,42,2017,3,7,4,2,3,6,0,1,0,0,0,0,0,5.5346E+20,5.4042E+21,9.72782E+15,4.87885E+16
43339,8.17032E+18,8,4,16,36,2017,3,11,4,3,2,6,0,1,0,0,1,0,0,4.91189E+20,5.37417E+21,8.88068E+15,4.85206E+16
43340,8.17032E+18,8,1,36,15,2017,3,16,6,3,3,6,0,1,0,0,0,0,0,5.56552E+20,5.41138E+21,9.77091E+15,4.88528E+16
43341,8.17032E+18,8,1,36,88,2017,3,19,4,3,4,1,0,1,0,0,1,2,0,5.88338E+20,5.4073E+21,1.02032E+16,4.88124E+16
43342,8.17032E+18,8,2,31,0,2017,3,9,6,3,3,6,0,1,0,0,0,0,0,4.77584E+20,5.41568E+21,8.69418E+15,4.88937E+16
43343,8.17032E+18,8,1,35,16,2017,3,13,4,3,4,6,0,1,0,0,0,0,0,5.90496E+20,5.38929E+21,1.02287E+16,4.86501E+16
43344,8.17032E+18,8,1,36,88,2017,3,12,4,3,0,6,0,0,0,1,1,0,1,5.80216E+20,5.41157E+21,1.00935E+16,4.88519E+16
43345,8.17032E+18,8,3,35,43,2017,3,23,6,2,5,3,0,1,0,0,0,2,0,5.11458E+20,5.28019E+21,9.15265E+15,4.7675E+16
43346,8.17032E+18,8,4,25,31,2017,3,9,4,2,2,6,0,0,0,0,1,0,0,5.64227E+20,5.37024E+21,9.86914E+15,4.8482E+16
43347,8.17033E+18,8,1,11,0,2017,3,16,7,3,0,1,0,1,0,1,0,1,0,5.1381E+20,5.40335E+21,9.188E+15,4.8783E+16
43348,8.17032E+18,8,1,25,94,2017,3,13,4,2,2,6,0,0,0,1,1,0,0,5.13369E+20,5.43822E+21,9.18314E+15,4.90967E+16
43349,8.17033E+18,8,1,25,63,2017,3,9,7,3,2,6,0,1,0,0,0,0,0,5.26346E+20,5.46337E+21,9.36255E+15,4.93225E+16
43350,8.17032E+18,8,2,26,13,2017,3,20,1,3,8,1,0,1,0,0,0,1,1,5.0193E+20,5.47852E+21,9.02664E+15,4.94593E+16
43351,8.17032E+18,8,1,25,30,2017,3,8,4,2,4,6,0,1,0,0,1,0,0,5.18566E+20,5.43708E+21,9.25428E+15,4.90863E+16
43352,8.17032E+18,8,1,25,13,2017,3,13,4,3,6,4,0,1,1,0,0,0,0,5.05705E+20,5.43702E+21,9.07814E+15,4.9086E+16
43353,8.17032E+18,8,2,25,109,2017,3,11,1,3,2,2,0,1,0,0,1,0,0,5.24623E+20,5.4947E+21,9.34079E+15,4.96043E+16
43354,8.17032E+18,8,1,25,98,2017,3,19,4,3,5,3,0,1,0,0,0,2,0,5.19004E+20,5.4387E+21,9.26035E+15,4.91009E+16
43355,8.17032E+18,8,2,22,0,2017,3,13,1,3,2,6,0,1,0,0,0,0,0,4.65136E+20,5.48066E+21,8.51873E+15,4.94776E+16
43356,8.17032E+18,8,1,25,38,2017,3,15,4,2,5,3,1,1,0,0,0,0,0,5.02178E+20,5.43496E+21,9.02982E+15,4.90675E+16
43357,8.17032E+18,8,1,25,27,2017,3,8,4,3,4,2,0,1,0,0,0,0,1,5.19362E+20,5.44543E+21,9.26558E+15,4.91613E+16
43358,8.17032E+18,8,1,25,86,2017,3,12,4,3,5,3,0,1,0,0,0,0,0,5.04485E+20,5.44303E+21,9.06149E+15,4.91401E+16
43359,8.17032E+18,8,3,35,99,2017,3,6,6,3,9,6,0,1,0,0,1,0,0,4.9435E+20,5.29922E+21,8.92448E+15,4.78463E+16
43360,8.17032E+18,8,1,19,67,2017,3,8,4,3,8,1,0,1,0,0,0,0,1,5.37531E+20,5.40294E+21,9.51086E+15,4.87783E+16
43361,8.17033E+18,8,1,11,0,2017,3,17,7,2,5,2,1,1,0,0,0,0,0,5.14861E+20,5.40611E+21,9.20241E+15,4.88078E+16
43362,8.17032E+18,8,1,18,81,2017,3,14,4,3,2,6,0,1,0,0,0,0,0,5.19651E+20,5.41399E+21,9.26802E+15,4.88786E+16
43363,8.17033E+18,8,1,25,98,2017,3,11,7,3,1,6,0,1,0,0,0,0,0,5.20001E+20,5.43715E+21,9.27393E+15,4.90869E+16
43364,8.17032E+18,8,1,19,90,2017,3,11,4,2,4,6,0,1,0,0,1,0,0,5.29809E+20,5.4072E+21,9.40607E+15,4.88171E+16
43365,8.17033E+18,8,2,37,73,2017,3,13,7,3,8,1,0,0,0,1,0,0,0,4.64688E+20,5.38066E+21,8.52125E+15,4.85781E+16
43366,8.17032E+18,8,1,16,49,2017,3,18,4,3,2,6,0,1,0,0,0,1,0,5.2409E+20,5.38493E+21,9.32686E+15,4.8617E+16
43367,8.17032E+18,8,1,16,78,2017,3,15,4,2,0,7,0,0,0,1,1,0,0,5.13589E+20,5.39194E+21,9.18461E+15,4.86804E+16
43368,8.17032E+18,8,1,16,42,2017,3,7,4,3,5,3,0,1,0,0,0,0,0,5.17404E+20,5.3823E+21,9.23603E+15,4.85935E+16
43369,8.17032E+18,8,1,11,0,2017,3,0,4,3,2,6,0,1,0,0,1,2,0,5.15401E+20,5.40515E+21,9.20971E+15,4.87992E+16
43370,8.17032E+18,8,1,11,0,2017,3,10,4,3,2,6,0,1,0,0,0,0,0,5.15064E+20,5.40615E+21,9.20517E+15,4.88081E+16
43371,8.17032E+18,8,1,11,0,2017,3,19,4,3,0,7,0,1,0,0,0,1,0,5.13386E+20,5.40461E+21,9.18227E+15,4.87943E+16
43372,8.17031E+18,8,4,36,85,2017,3,16,3,2,4,2,1,1,0,0,0,0,0,5.59513E+20,5.29679E+21,9.79507E+15,4.78217E+16
43373,8.17031E+18,8,4,35,57,2017,3,17,3,3,4,2,1,1,0,0,0,0,0,5.41588E+20,5.27971E+21,9.55398E+15,4.76694E+16
43374,8.17032E+18,8,1,18,51,2017,3,11,4,3,3,6,0,1,0,0,0,0,0,5.10506E+20,5.41482E+21,9.14332E+15,4.88862E+16
43375,8.17031E+18,8,4,15,61,2017,3,11,3,1,4,6,0,1,0,0,0,0,0,5.16872E+20,5.37905E+21,9.22868E+15,4.85643E+16
43376,8.17031E+18,8,4,15,61,2017,3,14,3,2,5,3,0,1,0,0,1,0,0,5.15208E+20,5.37212E+21,9.20588E+15,4.8502E+16
43377,8.17032E+18,8,1,18,79,2017,3,12,4,3,3,6,0,1,0,0,1,0,0,5.10221E+20,5.42175E+21,9.1396E+15,4.89486E+16
43378,8.17032E+18,8,1,16,19,2017,3,8,4,3,2,6,0,1,0,0,0,0,1,5.24661E+20,5.39719E+21,9.33534E+15,4.87273E+16
43379,8.17032E+18,8,1,16,19,2017,3,19,4,3,3,6,0,1,0,1,0,2,0,5.22656E+20,5.3985E+21,9.30815E+15,4.87391E+16
43380,8.17032E+18,8,1,15,21,2017,3,8,4,3,9,1,0,0,0,0,1,0,1,4.89191E+20,5.38406E+21,8.85337E+15,4.86096E+16
43381,8.17032E+18,8,1,11,0,2017,3,5,4,2,5,3,0,1,0,0,0,2,1,5.09603E+20,5.39728E+21,9.13059E+15,4.87285E+16
43382,8.17031E+18,8,4,15,19,2017,3,14,3,3,0,7,1,0,0,0,0,0,0,5.18472E+20,5.36952E+21,9.24995E+15,4.84786E+16
43383,8.17031E+18,8,4,15,28,2017,3,16,3,3,9,1,0,1,0,0,0,0,0,5.33147E+20,5.37366E+21,9.44884E+15,4.85152E+16
43384,8.17031E+18,8,3,37,76,2017,3,0,3,3,5,3,0,1,0,1,0,2,0,4.27631E+20,5.26973E+21,8.03768E+15,4.7577E+16
43385,8.17032E+18,8,2,22,0,2017,3,16,1,3,9,1,0,1,0,0,0,0,0,4.62695E+20,5.48248E+21,8.48485E+15,4.94938E+16
43386,8.17032E+18,8,2,16,43,2017,3,21,1,3,5,3,0,1,0,0,0,2,0,4.41875E+20,5.41111E+21,8.20769E+15,4.88503E+16
43387,8.17032E+18,8,2,16,39,2017,3,5,1,3,8,7,0,1,0,0,0,2,1,4.43739E+20,5.4159E+21,8.23244E+15,4.88935E+16
43388,8.17032E+18,8,1,11,0,2017,3,6,4,3,2,6,0,1,0,0,0,0,1,5.05938E+20,5.40035E+21,9.08079E+15,4.87562E+16
43389,8.17032E+18,8,4,37,78,2017,3,1,3,2,8,1,0,1,0,0,0,2,0,5.11163E+20,5.31648E+21,9.14965E+15,4.80015E+16
43390,8.17032E+18,8,2,22,0,2017,3,13,6,3,5,3,0,1,0,0,0,0,0,4.64238E+20,5.4773E+21,8.50663E+15,4.94473E+16
43391,8.17032E+18,8,4,26,14,2017,3,13,3,3,2,6,0,1,0,1,0,0,0,5.51733E+20,5.31933E+21,9.69385E+15,4.80251E+16
43392,8.17032E+18,8,3,15,130,2017,3,1,6,2,9,1,0,1,0,0,0,2,0,4.06863E+20,5.30169E+21,7.75475E+15,4.78618E+16
43393,8.17032E+18,8,4,15,61,2017,3,9,3,3,0,2,1,1,0,0,0,0,0,5.14164E+20,5.37086E+21,9.1917E+15,4.84907E+16
43394,8.17032E+18,8,4,17,31,2017,3,13,6,3,2,6,0,1,0,0,1,0,0,4.96247E+20,5.35386E+21,8.94936E+15,4.8338E+16
43395,8.17031E+18,8,3,37,126,2017,3,10,3,3,2,6,0,1,0,0,1,0,0,4.42061E+20,5.27348E+21,8.22904E+15,4.76121E+16
43396,8.17033E+18,8,1,19,69,2017,3,13,7,2,8,1,0,0,0,1,0,0,0,5.32805E+20,5.42955E+21,9.44868E+15,4.9018E+16
43397,8.17031E+18,8,3,35,43,2017,3,18,3,3,0,3,1,1,0,0,0,2,0,5.12217E+20,5.28082E+21,9.16277E+15,4.76807E+16
43398,8.17033E+18,8,2,21,0,2017,3,18,7,2,4,6,0,1,0,1,0,0,0,4.75599E+20,5.46855E+21,8.6639E+15,4.93692E+16
43399,8.17032E+18,8,1,16,15,2017,3,13,1,3,9,7,0,1,0,0,0,0,0,5.2235E+20,5.39333E+21,9.30371E+15,4.86926E+16
43400,8.17031E+18,8,4,35,16,2017,3,11,3,2,4,6,0,1,0,1,0,0,0,5.36007E+20,5.28163E+21,9.47981E+15,4.76871E+16
43401,8.17031E+18,8,3,27,49,2017,3,18,3,2,5,3,1,1,0,0,0,1,0,4.73224E+20,5.32518E+21,8.6405E+15,4.80793E+16
43402,8.17031E+18,8,3,25,72,2017,3,15,3,2,3,3,0,1,0,0,0,0,0,4.6799E+20,5.323E+21,8.57039E+15,4.80595E+16
43403,8.17031E+18,8,3,25,69,2017,3,17,3,3,9,1,0,1,0,0,0,0,0,4.68229E+20,5.33609E+21,8.57263E+15,4.81772E+16
43404,8.17031E+18,8,3,25,57,2017,3,6,3,1,8,1,0,1,0,0,0,0,0,4.69692E+20,5.35452E+21,8.59098E+15,4.83431E+16
43405,8.17031E+18,8,3,17,40,2017,3,11,3,3,1,7,0,1,0,0,0,0,0,4.32081E+20,5.34759E+21,8.08457E+15,4.82779E+16
43406,8.17031E+18,8,3,17,141,2017,3,21,3,3,2,6,0,1,0,0,0,2,0,4.19256E+20,5.37703E+21,7.90608E+15,4.85412E+16
43407,8.17032E+18,8,3,36,69,2017,3,10,3,3,2,6,0,1,0,0,0,0,0,4.06522E+20,5.26715E+21,7.7576E+15,4.7551E+16
43408,8.17031E+18,8,3,16,56,2017,3,16,3,3,2,6,0,1,0,0,1,0,0,4.2205E+20,5.32637E+21,7.95329E+15,4.80858E+16
43409,8.17032E+18,8,3,37,96,2017,3,10,3,3,0,7,1,0,0,0,0,0,0,4.21336E+20,5.26776E+21,7.95435E+15,4.75585E+16
43410,8.17031E+18,8,3,16,54,2017,3,8,3,3,5,3,0,1,0,0,0,0,0,4.17654E+20,5.33301E+21,7.89299E+15,4.8145E+16
43411,8.17032E+18,8,3,37,51,2017,3,18,3,3,9,1,0,1,0,0,0,0,0,4.35918E+20,5.28451E+21,8.14571E+15,4.77108E+16
43412,8.17032E+18,8,4,35,16,2017,3,17,3,2,5,3,0,1,0,0,0,0,0,5.31368E+20,5.28131E+21,9.41797E+15,4.76844E+16
43413,8.17031E+18,8,2,26,85,2017,3,10,3,2,2,6,0,0,0,0,1,0,0,4.88837E+20,5.45555E+21,8.84661E+15,4.92527E+16
43414,8.17032E+18,8,3,27,50,2017,3,10,3,3,2,6,0,1,0,0,1,0,0,4.85053E+20,5.31407E+21,8.79971E+15,4.79797E+16
43415,8.17031E+18,8,2,26,37,2017,3,10,3,3,2,6,0,1,0,0,0,0,0,4.66898E+20,5.47037E+21,8.54391E+15,4.93851E+16
43416,8.17032E+18,8,3,26,3,2017,3,19,3,3,2,6,0,1,0,0,0,2,0,4.64894E+20,5.32023E+21,8.52907E+15,4.80344E+16
43417,8.17031E+18,8,2,26,96,2017,3,5,3,2,9,1,0,1,0,0,0,2,0,4.7289E+20,5.48849E+21,8.62522E+15,4.95484E+16
43418,8.17031E+18,8,2,15,108,2017,3,10,3,3,3,6,1,0,0,0,1,0,0,4.48431E+20,5.4231E+21,8.29554E+15,4.89587E+16
43419,8.17031E+18,8,2,15,100,2017,3,4,3,1,4,6,0,1,0,0,0,2,0,4.72974E+20,5.44955E+21,8.62903E+15,4.91981E+16
43420,8.17031E+18,8,2,12,0,2017,3,8,3,3,2,6,0,1,0,0,0,0,0,4.60766E+20,5.42397E+21,8.46394E+15,4.89674E+16
43421,8.17031E+18,8,2,25,109,2017,3,16,3,3,2,6,0,1,0,0,1,0,0,5.27471E+20,5.49232E+21,9.38004E+15,4.95828E+16
43422,8.17031E+18,8,2,26,84,2017,3,11,3,3,5,2,0,1,0,0,0,0,0,4.68162E+20,5.46949E+21,8.56139E+15,4.93773E+16
43423,8.17031E+18,8,2,15,100,2017,3,17,3,3,2,6,1,1,0,0,0,0,0,4.74104E+20,5.45002E+21,8.64451E+15,4.92025E+16
43424,8.17032E+18,8,1,15,54,2017,3,19,1,2,8,7,0,1,0,0,0,2,0,4.94391E+20,5.394E+21,8.92377E+15,4.8699E+16
43425,8.17032E+18,8,1,36,45,2017,3,12,1,2,0,1,1,0,0,0,0,0,0,6.04278E+20,5.40689E+21,1.04202E+16,4.88063E+16
43426,8.17031E+18,8,2,12,0,2017,3,20,3,3,5,3,0,1,0,0,0,2,0,4.52671E+20,5.42919E+21,8.35274E+15,4.90138E+16
43427,8.17031E+18,8,1,25,24,2017,3,9,3,3,5,3,0,1,0,0,0,0,0,5.22414E+20,5.44489E+21,9.3074E+15,4.91564E+16
43428,8.17032E+18,8,3,16,14,2017,3,15,3,3,5,3,1,1,0,0,0,0,0,4.2495E+20,5.33074E+21,7.99145E+15,4.81255E+16
43429,8.17032E+18,8,3,15,70,2017,3,22,3,3,5,3,0,1,0,1,0,2,1,4.516E+20,5.30402E+21,8.35257E+15,4.78877E+16
43430,8.17032E+18,8,3,36,50,2017,3,19,3,3,5,3,1,1,0,0,0,2,0,3.99227E+20,5.27552E+21,7.65875E+15,4.76252E+16
43431,8.17032E+18,8,2,12,0,2017,3,15,3,3,0,4,0,0,1,0,1,0,1,4.61217E+20,5.42263E+21,8.47024E+15,4.89553E+16
43432,8.17032E+18,8,2,12,0,2017,3,16,3,3,1,5,1,1,0,0,0,1,1,4.56666E+20,5.42825E+21,8.40748E+15,4.90056E+16
43433,8.17031E+18,8,1,26,58,2017,3,9,3,3,2,6,0,1,0,0,0,0,0,5.42797E+20,5.45159E+21,9.58765E+15,4.92156E+16
43434,8.17032E+18,8,2,31,0,2017,3,13,3,3,1,6,0,1,0,0,0,0,0,4.79204E+20,5.41395E+21,8.71637E+15,4.88782E+16
43435,8.17031E+18,8,1,15,3,2017,3,13,3,2,0,7,0,0,0,1,0,0,0,5.00956E+20,5.39234E+21,9.01299E+15,4.86841E+16
43436,8.17031E+18,8,1,36,28,2017,3,16,3,3,8,1,0,0,0,0,1,0,0,5.69801E+20,5.40569E+21,9.95052E+15,4.88003E+16
43437,8.17032E+18,8,2,31,0,2017,3,8,3,3,2,6,0,1,0,0,0,0,0,4.78203E+20,5.41565E+21,8.70262E+15,4.88934E+16
43438,8.17032E+18,8,1,18,10,2017,3,18,6,2,4,6,0,1,0,0,0,2,0,5.0553E+20,5.43005E+21,9.07565E+15,4.90233E+16
43439,8.17032E+18,8,2,25,52,2017,3,20,3,3,2,6,0,1,0,0,1,2,1,5.17921E+20,5.47799E+21,9.24727E+15,4.94543E+16
43440,8.17032E+18,8,2,37,73,2017,3,16,6,3,0,1,0,0,0,1,0,0,0,4.56938E+20,5.3824E+21,8.416E+15,4.85932E+16
43441,8.17031E+18,8,1,28,131,2017,3,23,3,3,8,1,0,1,0,0,0,2,0,5.40055E+20,5.51041E+21,9.55596E+15,4.97448E+16
43442,8.17032E+18,8,3,36,69,2017,3,17,6,3,5,2,0,1,0,0,0,0,0,4.06688E+20,5.26709E+21,7.75982E+15,4.75506E+16
43443,8.17031E+18,8,1,19,79,2017,3,7,3,3,2,6,0,1,0,0,0,0,0,5.21313E+20,5.40727E+21,9.29033E+15,4.8818E+16
43444,8.17033E+18,8,1,15,51,2017,3,10,7,2,4,6,0,1,0,0,1,0,0,5.03159E+20,5.38519E+21,9.04286E+15,4.86198E+16
43445,8.17032E+18,8,1,25,65,2017,3,0,1,2,4,7,0,1,0,0,0,2,1,5.16409E+20,5.45066E+21,9.22528E+15,4.92085E+16
43446,8.17031E+18,8,1,19,20,2017,3,19,3,3,5,2,0,1,0,0,0,2,0,5.1915E+20,5.40668E+21,9.26085E+15,4.88128E+16
43447,8.17031E+18,8,1,18,51,2017,3,7,3,3,2,6,0,1,0,1,0,0,0,5.09561E+20,5.41462E+21,9.13041E+15,4.88844E+16
43448,8.17032E+18,8,1,25,63,2017,3,14,1,2,0,1,0,0,0,1,0,0,0,5.27387E+20,5.46058E+21,9.37668E+15,4.92974E+16
43449,8.17031E+18,8,1,15,15,2017,3,12,3,2,5,3,1,0,0,0,1,0,0,4.94662E+20,5.38589E+21,8.92756E+15,4.8626E+16
43450,8.17031E+18,8,1,17,38,2017,3,8,3,3,1,6,0,1,0,0,0,0,0,5.47091E+20,5.39824E+21,9.64044E+15,4.87354E+16
43451,8.17031E+18,8,1,17,10,2017,3,15,3,3,0,7,0,1,0,0,0,0,0,5.66847E+20,5.39458E+21,9.9085E+15,4.87007E+16
43452,8.17031E+18,8,1,16,42,2017,3,15,3,3,1,6,0,1,0,0,0,0,0,5.18638E+20,5.38243E+21,9.25277E+15,4.85947E+16
43453,8.17031E+18,8,1,16,14,2017,3,16,3,3,2,6,0,1,0,0,0,0,0,5.28142E+20,5.39581E+21,9.38257E+15,4.87147E+16
43454,8.17032E+18,8,2,22,0,2017,3,18,3,3,6,4,1,0,1,0,0,2,1,4.64833E+20,5.48067E+21,8.51455E+15,4.94776E+16
43455,8.17031E+18,8,1,16,46,2017,3,20,3,3,5,3,0,1,0,0,0,2,0,5.23791E+20,5.37752E+21,9.32238E+15,4.85503E+16
43456,8.17032E+18,8,2,15,103,2017,3,18,3,3,2,6,0,1,0,0,1,0,1,4.67469E+20,5.44419E+21,8.55391E+15,4.91496E+16
43457,8.17031E+18,8,1,16,19,2017,3,11,3,2,3,2,1,0,0,0,1,0,0,5.23521E+20,5.39722E+21,9.31983E+15,4.87275E+16
43458,8.17032E+18,8,2,12,0,2017,3,12,3,2,5,3,1,0,0,0,0,0,1,4.56658E+20,5.42825E+21,8.40737E+15,4.90056E+16
43459,8.17032E+18,8,1,18,27,2017,3,18,3,2,4,6,0,1,0,1,0,2,1,5.05165E+20,5.41155E+21,9.07041E+15,4.88569E+16
43460,8.17031E+18,8,1,16,37,2017,3,15,3,2,8,7,0,0,0,1,0,0,0,5.3529E+20,5.40164E+21,9.48025E+15,4.87667E+16
43461,8.17032E+18,8,1,15,29,2017,3,19,3,3,2,6,0,1,0,0,0,2,1,5.02524E+20,5.39932E+21,9.03434E+15,4.87469E+16
43462,8.17031E+18,8,1,15,48,2017,3,7,3,3,4,6,0,1,0,0,0,0,0,5.09675E+20,5.38735E+21,9.13133E+15,4.86391E+16
43463,8.17032E+18,8,1,15,29,2017,3,19,3,3,2,6,0,1,0,0,0,2,1,5.02525E+20,5.39932E+21,9.03434E+15,4.87469E+16
43464,8.17031E+18,8,1,15,3,2017,3,17,3,3,2,6,0,1,0,0,0,0,0,5.00473E+20,5.39237E+21,9.00643E+15,4.86844E+16
43465,8.17031E+18,8,1,11,0,2017,3,22,3,3,5,2,0,1,0,0,0,2,0,5.15398E+20,5.40515E+21,9.20968E+15,4.87991E+16
43466,8.17032E+18,8,1,36,15,2017,3,15,3,3,5,3,0,1,0,0,0,0,0,5.56725E+20,5.41121E+21,9.77324E+15,4.88513E+16
43467,8.17033E+18,8,1,16,80,2017,3,12,7,3,4,2,0,1,0,1,0,0,0,5.17004E+20,5.39607E+21,9.23118E+15,4.87174E+16
43468,8.17031E+18,8,1,11,0,2017,3,7,3,3,2,6,0,1,0,0,1,0,0,5.13041E+20,5.40645E+21,9.17763E+15,4.88109E+16
43469,8.17033E+18,8,1,15,44,2017,3,19,7,2,5,2,0,1,0,1,0,2,0,5.04727E+20,5.38921E+21,9.06418E+15,4.86559E+16
43470,8.17031E+18,8,1,11,0,2017,3,16,3,3,2,2,0,1,1,0,0,0,0,5.15672E+20,5.40534E+21,9.21341E+15,4.88008E+16
43471,8.17033E+18,8,2,37,28,2017,3,15,7,3,5,3,0,1,0,1,0,0,0,4.60809E+20,5.37204E+21,8.46947E+15,4.85002E+16
43472,8.17031E+18,8,1,11,0,2017,3,12,3,3,2,6,0,1,0,0,0,0,0,5.13254E+20,5.40375E+21,9.18044E+15,4.87866E+16
43473,8.17031E+18,8,1,11,0,2017,3,14,3,3,2,6,0,1,0,0,0,0,0,5.1477E+20,5.40304E+21,9.20104E+15,4.87802E+16
43474,8.17031E+18,8,4,37,100,2017,3,13,2,3,4,6,0,1,0,0,1,0,0,5.36628E+20,5.31742E+21,9.4911E+15,4.8009E+16
43475,8.17031E+18,8,4,35,57,2017,3,17,2,3,2,2,0,0,0,1,0,0,0,5.42384E+20,5.27839E+21,9.56445E+15,4.76576E+16
43476,8.17031E+18,8,4,35,16,2017,3,11,2,3,2,6,0,1,0,0,0,0,0,5.33622E+20,5.27843E+21,9.44777E+15,4.76584E+16
43477,8.17031E+18,8,4,37,47,2017,3,15,2,2,8,7,0,1,0,0,0,0,0,5.19765E+20,5.3357E+21,9.26586E+15,4.81742E+16
43478,8.17031E+18,8,4,26,8,2017,3,8,2,3,5,3,0,1,0,0,0,0,0,5.302E+20,5.33125E+21,9.4059E+15,4.81338E+16
43479,8.17032E+18,8,1,36,88,2017,3,13,3,3,0,3,0,0,0,1,1,0,0,5.80533E+20,5.4132E+21,1.00981E+16,4.88665E+16
43480,8.17031E+18,8,4,26,21,2017,3,19,2,3,3,1,0,1,0,0,0,2,0,5.63866E+20,5.33501E+21,9.85891E+15,4.81651E+16
43481,8.17032E+18,8,1,28,126,2017,3,15,3,3,4,1,0,1,0,0,0,0,1,5.64689E+20,5.48623E+21,9.89387E+15,4.95252E+16
43482,8.17032E+18,8,1,25,27,2017,3,15,3,3,2,6,0,1,0,0,0,0,0,5.18878E+20,5.44652E+21,9.25899E+15,4.91712E+16
43483,8.17032E+18,8,1,26,46,2017,3,17,3,1,5,3,0,1,0,1,0,0,1,5.4995E+20,5.4548E+21,9.68627E+15,4.92439E+16
43484,8.17032E+18,8,1,25,8,2017,3,18,3,3,2,2,0,1,0,0,0,1,1,5.23136E+20,5.43164E+21,9.31656E+15,4.90372E+16