OBJECTID,UIDENTSTLA,ULAND,UREGBEZ,UKREIS,UGEMEINDE,UJAHR,UMONAT,USTUNDE,UWOCHENTAG,UKATEGORIE,UART,UTYP1,IstRad,IstPKW,IstFuss,IstKrad,IstSonstig,LICHT,STRZUSTAND,LINREFX,LINREFY,XGCSWGS84,YGCSWGS84
43485,8.17031E+18,8,4,26,71,2017,3,19,2,3,5,3,0,1,0,0,0,2,0,5.6296E+20,5.33356E+21,9.84652E+15,4.81522E+16
43486,8.17032E+18,8,1,25,69,2017,3,7,3,3,5,3,0,1,0,1,0,0,0,5.25772E+20,5.45139E+21,9.35388E+15,4.92147E+16
43487,8.17031E+18,8,4,25,71,2017,3,6,2,3,8,6,0,1,0,0,0,0,0,5.54266E+20,5.36763E+21,9.73401E+15,4.84594E+16
43488,8.17031E+18,8,4,16,31,2017,3,17,2,3,2,6,0,1,0,0,0,0,0,5.02337E+20,5.36215E+21,9.03158E+15,4.84125E+16
43489,8.17031E+18,8,4,16,36,2017,3,8,2,3,2,6,0,1,0,0,1,0,0,4.96099E+20,5.37054E+21,8.94721E+15,4.8488E+16
43490,8.17031E+18,8,4,15,61,2017,3,11,2,3,1,6,0,1,0,1,0,0,0,5.13079E+20,5.3768E+21,9.17721E+15,4.85441E+16
43491,8.17032E+18,8,1,21,0,2017,3,0,1,3,5,3,0,1,0,0,0,2,1,5.16433E+20,5.44373E+21,9.22533E+15,4.91462E+16
43492,8.17032E+18,8,1,25,13,2017,3,14,3,3,5,3,0,1,0,0,0,0,0,5.05348E+20,5.43674E+21,9.07324E+15,4.90835E+16
43493,8.17031E+18,8,4,15,14,2017,3,13,2,3,2,6,0,1,0,0,0,0,0,5.2704E+20,5.37293E+21,9.36611E+15,4.85089E+16
43494,8.17032E+18,8,2,25,58,2017,3,10,6,3,2,6,0,1,0,0,0,0,0,5.10463E+20,5.46682E+21,9.14408E+15,4.9354E+16
43495,8.17031E+18,8,3,37,96,2017,3,15,2,3,2,6,0,1,0,0,0,0,0,4.19771E+20,5.26728E+21,7.93363E+15,4.7554E+16
43496,8.17032E+18,8,3,17,1,2017,3,6,6,3,5,2,0,1,0,0,0,1,0,4.31517E+20,5.38789E+21,8.07037E+15,4.86404E+16
43497,8.17031E+18,8,3,35,75,2017,3,16,2,3,2,6,0,1,0,0,0,0,0,4.92924E+20,5.2896E+21,8.90558E+15,4.77598E+16
43498,8.17031E+18,8,3,26,74,2017,3,10,2,3,2,2,0,1,0,0,0,0,0,4.67806E+20,5.32329E+21,8.5679E+15,4.8062E+16
43499,8.17032E+18,8,1,19,91,2017,3,20,1,3,5,2,1,1,0,0,0,2,0,5.27115E+20,5.40688E+21,9.36934E+15,4.88143E+16
43500,8.17031E+18,8,4,17,2,2017,3,16,2,2,5,3,0,1,0,1,0,0,0,4.89214E+20,5.34347E+21,8.85472E+15,4.82444E+16
43501,8.17031E+18,8,3,17,47,2017,3,8,2,3,2,7,0,1,0,0,1,0,0,4.19183E+20,5.36458E+21,7.90749E+15,4.84292E+16
43502,8.17032E+18,8,1,19,67,2017,3,18,1,3,0,7,0,0,0,1,0,2,0,5.37156E+20,5.40292E+21,9.50576E+15,4.87782E+16
43503,8.17031E+18,8,3,17,31,2017,3,8,2,3,2,6,0,1,0,0,0,0,0,4.13584E+20,5.36025E+21,7.83272E+15,4.83895E+16
43504,8.17031E+18,8,3,15,68,2017,3,16,2,3,2,6,0,1,0,0,0,0,0,4.36845E+20,5.30381E+21,8.15525E+15,4.78845E+16
43505,8.17031E+18,8,3,15,6,2017,3,15,2,3,2,6,0,1,0,0,0,0,0,4.03848E+20,5.30648E+21,7.71338E+15,4.79045E+16
43506,8.17032E+18,8,1,21,0,2017,3,17,3,2,6,4,0,1,1,0,0,0,1,5.11109E+20,5.44048E+21,9.15224E+15,4.91171E+16
43507,8.17031E+18,8,3,15,3,2017,3,12,2,2,0,1,1,0,0,0,0,0,0,4.12017E+20,5.3112E+21,7.8217E+15,4.79481E+16
43508,8.17032E+18,8,1,19,24,2017,3,16,3,2,4,6,0,1,0,0,0,0,1,5.38543E+20,5.43444E+21,9.52761E+15,4.90617E+16
43509,8.17031E+18,8,2,15,89,2017,3,17,2,3,5,3,0,1,0,0,0,0,0,4.69948E+20,5.43003E+21,8.58894E+15,4.90225E+16
43510,8.17032E+18,8,1,18,49,2017,3,7,3,3,1,2,0,1,0,0,1,0,0,5.18369E+20,5.41999E+21,9.25081E+15,4.89326E+16
43511,8.17032E+18,8,1,18,79,2017,3,16,3,3,2,6,0,1,0,0,0,0,1,5.09938E+20,5.42212E+21,9.13574E+15,4.89519E+16
43512,8.17032E+18,8,1,15,45,2017,3,8,3,3,1,6,0,1,0,0,1,0,0,4.99495E+20,5.3948E+21,8.99314E+15,4.87063E+16
43513,8.17032E+18,8,2,26,85,2017,3,18,6,3,1,6,0,1,0,0,0,0,0,4.88139E+20,5.45479E+21,8.83703E+15,4.92458E+16
43514,8.17032E+18,8,1,11,0,2017,3,7,3,3,2,6,0,1,0,0,1,0,0,5.09971E+20,5.4004E+21,9.13566E+15,4.87566E+16
43515,8.17032E+18,8,3,17,65,2017,3,13,6,3,2,6,0,1,0,0,0,0,0,4.14405E+20,5.3557E+21,7.84473E+15,4.83486E+16
43516,8.17031E+18,8,2,37,19,2017,3,20,2,3,5,3,0,1,0,0,0,2,0,4.60653E+20,5.36823E+21,8.46772E+15,4.8466E+16
43517,8.17032E+18,8,4,36,11,2017,3,12,6,3,2,2,0,1,0,0,0,0,0,5.48789E+20,5.29751E+21,9.6519E+15,4.78291E+16
43518,8.17031E+18,8,2,35,46,2017,3,20,2,3,3,6,0,1,0,1,0,2,0,4.79834E+20,5.37564E+21,8.72683E+15,4.85336E+16
43519,8.17033E+18,8,1,19,67,2017,3,19,7,3,0,6,0,0,0,1,1,2,0,5.37706E+20,5.40911E+21,9.5138E+15,4.88339E+16
43520,8.17032E+18,8,1,18,60,2017,3,15,1,3,1,6,0,1,0,0,0,0,0,5.25806E+20,5.43157E+21,9.35308E+15,4.90365E+16
43521,8.17031E+18,8,2,35,7,2017,3,15,2,2,0,1,1,0,0,0,0,0,0,4.84479E+20,5.39667E+21,8.78896E+15,4.87228E+16
43522,8.17031E+18,8,2,35,85,2017,3,17,2,3,2,2,0,1,0,0,0,0,0,4.7953E+20,5.3958E+21,8.72172E+15,4.87149E+16
43523,8.17031E+18,8,2,36,75,2017,3,9,2,3,2,6,0,1,0,0,0,0,0,4.79791E+20,5.42164E+21,8.724E+15,4.89473E+16
43524,8.17031E+18,8,2,31,0,2017,3,9,2,2,6,4,0,1,1,0,0,0,0,4.77682E+20,5.4155E+21,8.69553E+15,4.8892E+16
43525,8.17031E+18,8,2,26,10,2017,3,6,2,3,8,7,0,1,0,0,0,2,0,4.85137E+20,5.45873E+21,8.79564E+15,4.92811E+16
43526,8.17031E+18,8,2,26,84,2017,3,17,2,3,5,3,0,1,0,0,0,1,0,4.68169E+20,5.46948E+21,8.56148E+15,4.93772E+16
43527,8.17031E+18,8,2,26,84,2017,3,6,2,3,8,2,0,1,0,0,0,1,0,4.68162E+20,5.46949E+21,8.56139E+15,4.93773E+16
43528,8.17032E+18,8,1,11,0,2017,3,23,3,3,5,2,0,1,0,0,0,2,1,5.16292E+20,5.40404E+21,9.22181E+15,4.87891E+16
43529,8.17031E+18,8,2,25,58,2017,3,16,2,3,2,6,0,1,0,0,0,0,0,5.10934E+20,5.46763E+21,9.15058E+15,4.93613E+16
43530,8.17032E+18,8,4,37,8,2017,3,17,2,3,2,6,0,1,0,0,0,0,0,5.19052E+20,5.32755E+21,9.25591E+15,4.8101E+16
43531,8.17032E+18,8,4,36,95,2017,3,8,2,3,3,2,0,1,0,1,0,0,0,5.37957E+20,5.2938E+21,9.50685E+15,4.77964E+16
43532,8.17032E+18,8,4,35,24,2017,3,14,2,3,5,3,1,1,0,0,0,0,0,5.27674E+20,5.27979E+21,9.36865E+15,4.76709E+16
43533,8.17031E+18,8,2,25,58,2017,3,21,2,3,3,6,0,1,0,0,0,2,0,5.08332E+20,5.46497E+21,9.1147E+15,4.93374E+16
43534,8.17032E+18,8,4,35,16,2017,3,17,2,3,5,2,1,1,0,0,0,0,0,5.36945E+20,5.27832E+21,9.49201E+15,4.76572E+16
43535,8.17031E+18,8,2,26,41,2017,3,19,2,2,4,2,0,1,0,0,1,2,0,4.76678E+20,5.46555E+21,8.67894E+15,4.93422E+16
43536,8.17031E+18,8,2,15,66,2017,3,7,2,3,1,5,0,1,0,0,1,0,0,4.60177E+20,5.44955E+21,8.45338E+15,4.91975E+16
43537,8.17032E+18,8,4,37,104,2017,3,16,2,2,5,3,0,1,0,0,0,0,0,5.1878E+20,5.32714E+21,9.25223E+15,4.80973E+16
43538,8.17031E+18,8,2,15,109,2017,3,8,2,3,4,2,0,1,0,0,0,0,0,4.60688E+20,5.43617E+21,8.4617E+15,4.90771E+16
43539,8.17031E+18,8,2,11,0,2017,3,10,2,3,2,6,0,1,0,0,0,0,0,4.43271E+20,5.40226E+21,8.22794E+15,4.87707E+16
43540,8.17031E+18,8,2,11,0,2017,3,14,2,3,2,6,0,1,0,0,0,0,0,4.41913E+20,5.40352E+21,8.20928E+15,4.8782E+16
43541,8.17031E+18,8,1,15,45,2017,3,9,2,3,2,6,0,1,0,0,0,0,0,5.01613E+20,5.39396E+21,9.02192E+15,4.86987E+16
43542,8.17031E+18,8,1,15,3,2017,3,0,2,2,7,1,0,1,0,0,0,2,0,5.02502E+20,5.39351E+21,9.034E+15,4.86946E+16
43543,8.17031E+18,8,1,36,87,2017,3,7,2,2,9,1,0,1,0,0,0,0,0,6.055E+20,5.40969E+21,1.04376E+16,4.88312E+16
43544,8.17031E+18,8,1,35,19,2017,3,13,2,3,2,6,0,1,0,0,0,0,0,5.8698E+20,5.3942E+21,1.0182E+16,4.86948E+16
43545,8.17032E+18,8,4,37,104,2017,3,15,7,3,2,2,0,1,0,0,0,0,0,5.15381E+20,5.32493E+21,9.20651E+15,4.80774E+16
43546,8.17032E+18,8,4,36,82,2017,3,14,7,3,2,6,0,1,0,0,0,0,1,5.47325E+20,5.29435E+21,9.63199E+15,4.78008E+16
43547,8.17032E+18,8,4,15,61,2017,3,7,2,3,5,3,0,1,0,1,0,0,0,5.15538E+20,5.37136E+21,9.21032E+15,4.84952E+16
43548,8.17032E+18,8,3,36,69,2017,3,16,2,3,3,6,1,1,0,0,0,0,0,4.08698E+20,5.26789E+21,7.78636E+15,4.7558E+16
43549,8.17032E+18,8,2,15,103,2017,3,15,6,3,2,6,0,1,0,0,0,0,0,4.65113E+20,5.44202E+21,8.52178E+15,4.913E+16
43550,8.17031E+18,8,1,27,9,2017,3,7,2,3,9,1,0,1,0,0,0,0,2,5.57378E+20,5.44636E+21,9.78712E+15,4.91674E+16
43551,8.17032E+18,8,2,12,0,2017,3,10,6,3,5,3,0,1,0,0,0,0,0,4.55235E+20,5.42914E+21,8.38781E+15,4.90136E+16
43552,8.17031E+18,8,1,25,65,2017,3,17,2,3,4,1,0,1,0,0,0,0,0,5.16495E+20,5.45059E+21,9.22646E+15,4.92079E+16
43553,8.17032E+18,8,4,15,78,2017,3,8,6,3,2,6,0,1,0,0,0,0,0,5.27001E+20,5.37296E+21,9.36558E+15,4.85092E+16
43554,8.17031E+18,8,1,19,8,2017,3,16,2,3,2,6,0,1,0,0,0,0,0,5.31324E+20,5.41762E+21,9.42749E+15,4.89107E+16
43555,8.17031E+18,8,1,19,38,2017,3,11,2,3,2,6,0,1,0,0,0,0,0,5.24947E+20,5.42113E+21,9.34068E+15,4.89426E+16
43556,8.17031E+18,8,1,19,6,2017,3,18,2,3,0,1,0,0,0,1,0,1,0,5.36549E+20,5.4218E+21,9.49918E+15,4.89481E+16
43557,8.17031E+18,8,1,18,54,2017,3,9,2,3,2,6,0,1,0,0,0,0,0,5.1842E+20,5.42243E+21,9.25161E+15,4.89545E+16
43558,8.17031E+18,8,1,18,48,2017,3,7,2,3,2,2,0,1,0,0,1,0,0,5.17938E+20,5.41833E+21,9.24485E+15,4.89176E+16
43559,8.17031E+18,8,1,18,48,2017,3,14,2,3,1,2,0,1,0,0,1,0,0,5.15032E+20,5.4167E+21,9.20512E+15,4.89031E+16
43560,8.17031E+18,8,1,18,80,2017,3,11,2,3,5,3,0,1,0,0,0,0,0,5.09009E+20,5.4112E+21,9.12282E+15,4.88537E+16
43561,8.17032E+18,8,3,35,28,2017,3,16,2,3,5,3,1,1,0,0,0,0,0,4.81822E+20,5.28862E+21,8.75748E+15,4.77507E+16
43562,8.17031E+18,8,1,11,0,2017,3,8,2,3,2,6,0,1,0,0,1,0,0,5.12439E+20,5.39478E+21,9.16907E+15,4.87059E+16
43563,8.17032E+18,8,3,35,75,2017,3,7,2,2,4,7,0,1,0,0,0,0,0,4.89219E+20,5.29082E+21,8.85612E+15,4.77706E+16
43564,8.17032E+18,8,3,17,34,2017,3,13,2,2,6,4,0,1,1,0,0,0,0,4.27271E+20,5.36127E+21,8.01739E+15,4.84004E+16
43565,8.17032E+18,8,3,16,56,2017,3,18,2,3,0,3,1,1,0,0,0,0,0,4.19125E+20,5.32505E+21,7.91427E+15,4.80736E+16
43566,8.17031E+18,8,1,16,47,2017,3,17,2,3,2,6,0,1,0,0,0,0,0,5.209E+20,5.39383E+21,9.28403E+15,4.86972E+16
43567,8.17032E+18,8,3,16,17,2017,3,14,2,3,5,3,0,1,0,0,0,0,0,4.08129E+20,5.34263E+21,7.76289E+15,4.82302E+16
43568,8.17031E+18,8,1,16,33,2017,3,8,2,3,2,6,0,1,0,0,0,0,0,5.36271E+20,5.38727E+21,9.49234E+15,4.86374E+16
43569,8.17031E+18,8,1,15,50,2017,3,15,2,3,2,6,0,1,0,0,0,0,0,4.93251E+20,5.39958E+21,8.90819E+15,4.87492E+16
43570,8.17032E+18,8,3,36,50,2017,3,12,2,3,6,7,0,1,1,0,0,0,0,4.00011E+20,5.27379E+21,7.66958E+15,4.76098E+16
43571,8.17031E+18,8,1,11,0,2017,3,15,2,3,6,7,0,1,1,0,0,0,0,5.12291E+20,5.40683E+21,9.16742E+15,4.88144E+16
43572,8.17031E+18,8,1,11,0,2017,3,8,2,3,5,2,1,1,0,0,0,0,0,5.13044E+20,5.40699E+21,9.17768E+15,4.88158E+16
43573,8.17031E+18,8,1,11,0,2017,3,7,2,3,6,4,0,1,1,0,0,0,0,5.10892E+20,5.39728E+21,9.14811E+15,4.87284E+16
43574,8.17031E+18,8,4,36,95,2017,3,11,1,3,2,6,0,1,0,0,0,0,0,5.42687E+20,5.29135E+21,9.56977E+15,4.77741E+16
43575,8.17031E+18,8,4,26,13,2017,3,13,1,3,5,2,0,1,0,0,0,0,0,5.43891E+20,5.32322E+21,9.58908E+15,4.80607E+16
43576,8.17033E+18,8,3,35,75,2017,3,13,4,3,2,6,0,1,0,0,0,0,0,4.91008E+20,5.28975E+21,8.88001E+15,4.77611E+16
43577,8.17033E+18,8,3,35,63,2017,3,14,4,2,0,1,1,0,0,0,0,0,0,4.98513E+20,5.29182E+21,8.98015E+15,4.77798E+16
43578,8.17033E+18,8,3,26,74,2017,3,13,4,3,2,6,0,1,0,0,0,0,0,4.65372E+20,5.32427E+21,8.53515E+15,4.80708E+16
43579,8.17033E+18,8,3,25,69,2017,3,21,4,2,2,6,0,1,0,0,0,2,0,4.68419E+20,5.33623E+21,8.57517E+15,4.81785E+16
43580,8.17033E+18,8,3,17,11,2017,3,17,4,3,2,6,0,1,0,0,0,0,0,4.27358E+20,5.35402E+21,8.01981E+15,4.83352E+16
43581,8.17033E+18,8,3,17,1,2017,3,15,4,3,5,3,0,1,0,0,0,0,0,4.31205E+20,5.3895E+21,8.06587E+15,4.86548E+16
43582,8.17033E+18,8,3,17,1,2017,3,16,4,3,2,6,0,1,0,0,0,0,0,4.29942E+20,5.38581E+21,8.04935E+15,4.86215E+16
43583,8.17033E+18,8,3,16,11,2017,3,6,4,3,4,6,0,1,0,0,0,1,0,4.15988E+20,5.33188E+21,7.87082E+15,4.81347E+16
43584,8.17033E+18,8,3,16,54,2017,3,18,4,3,4,1,0,1,0,0,0,0,0,4.1826E+20,5.33263E+21,7.90121E+15,4.81416E+16
43585,8.17033E+18,8,3,36,50,2017,3,15,4,3,2,6,0,1,0,0,0,0,0,3.98817E+20,5.27455E+21,7.65352E+15,4.76165E+16
43586,8.17033E+18,8,2,26,38,2017,3,14,4,3,2,6,0,1,0,0,1,0,0,4.74247E+20,5.47927E+21,8.64458E+15,4.94656E+16
43587,8.17033E+18,8,2,22,0,2017,3,14,4,3,2,6,0,1,0,0,0,0,0,4.64413E+20,5.48928E+21,8.50797E+15,4.95551E+16
43588,8.17033E+18,8,2,15,17,2017,3,10,4,2,2,6,0,1,0,1,1,0,0,4.58786E+20,5.42046E+21,8.43725E+15,4.89357E+16
43589,8.17033E+18,8,2,12,0,2017,3,9,4,3,3,6,0,1,0,0,1,0,0,4.58322E+20,5.4269E+21,8.43025E+15,4.89936E+16
43590,8.17033E+18,8,2,12,0,2017,3,10,4,3,2,6,0,1,0,0,1,0,0,4.61703E+20,5.42313E+21,8.47683E+15,4.89599E+16
43591,8.17033E+18,8,2,16,43,2017,3,12,4,3,2,6,0,1,0,0,0,0,0,4.43294E+20,5.40996E+21,8.22719E+15,4.884E+16
43592,8.17033E+18,8,2,36,74,2017,3,12,4,3,2,6,0,1,0,0,1,0,0,4.72828E+20,5.41786E+21,8.62915E+15,4.8913E+16
43593,8.17033E+18,8,2,36,40,2017,3,21,4,1,4,6,0,1,0,0,0,2,0,4.88295E+20,5.41979E+21,8.84019E+15,4.89309E+16
43594,8.17033E+18,8,2,31,0,2017,3,18,4,3,2,6,0,1,0,0,1,0,0,4.7487E+20,5.41678E+21,8.65708E+15,4.89034E+16
43595,8.17033E+18,8,2,26,95,2017,3,7,4,3,5,3,1,0,0,0,1,0,0,4.72997E+20,5.46016E+21,8.62864E+15,4.92935E+16
43596,8.17033E+18,8,2,26,104,2017,3,18,4,3,0,1,0,0,0,1,0,0,0,4.9284E+20,5.46919E+21,8.90136E+15,4.93754E+16
43597,8.17033E+18,8,2,16,43,2017,3,16,4,3,5,3,1,0,0,0,1,0,0,4.41264E+20,5.40943E+21,8.1996E+15,4.88351E+16
43598,8.17033E+18,8,2,16,43,2017,3,12,4,3,1,6,0,1,0,0,0,0,0,4.41114E+20,5.41253E+21,8.19712E+15,4.8863E+16
43599,8.17033E+18,8,2,16,43,2017,3,17,4,3,5,2,1,1,0,0,0,0,0,4.42411E+20,5.41195E+21,8.21487E+15,4.88579E+16
43600,8.17033E+18,8,1,15,29,2017,3,17,4,3,2,6,0,1,0,0,1,0,0,5.02543E+20,5.39907E+21,9.0346E+15,4.87446E+16
43601,8.17033E+18,8,1,11,0,2017,3,8,4,3,2,6,0,1,0,0,1,0,0,5.11966E+20,5.39481E+21,9.16264E+15,4.87062E+16
43602,8.17033E+18,8,1,15,29,2017,3,16,4,3,2,6,0,1,0,0,0,0,0,5.02531E+20,5.39922E+21,9.03443E+15,4.8746E+16
43603,8.17033E+18,8,1,15,28,2017,3,13,4,3,2,6,0,1,0,0,1,0,0,5.0249E+20,5.40002E+21,9.03387E+15,4.87532E+16
43604,8.17033E+18,8,1,11,0,2017,3,9,4,2,2,6,0,1,0,1,0,0,0,5.07039E+20,5.39556E+21,9.09568E+15,4.8713E+16
43605,8.17033E+18,8,1,36,42,2017,3,17,4,3,5,3,1,1,0,0,0,0,0,5.48857E+20,5.40545E+21,9.66531E+15,4.88001E+16
43606,8.17033E+18,8,1,36,19,2017,3,20,4,3,2,6,0,1,0,0,0,1,0,5.81781E+20,5.42519E+21,1.01175E+16,4.89742E+16
43607,8.17033E+18,8,1,35,19,2017,3,16,4,3,5,3,1,1,0,0,0,0,0,5.85124E+20,5.39047E+21,1.0156E+16,4.86615E+16
43608,8.17033E+18,8,1,35,16,2017,3,16,4,3,6,4,0,1,1,0,0,0,0,5.91623E+20,5.3858E+21,1.02432E+16,4.86185E+16
43609,8.17033E+18,8,1,25,5,2017,3,20,4,2,4,1,0,1,0,1,0,2,0,5.16444E+20,5.4512E+21,9.22578E+15,4.92133E+16
43610,8.17033E+18,8,1,26,66,2017,3,10,4,2,6,7,0,1,0,0,1,0,0,5.37256E+20,5.44992E+21,9.51142E+15,4.92009E+16
43611,8.17033E+18,8,1,25,39,2017,3,18,4,3,5,3,0,1,0,0,0,0,0,5.11413E+20,5.45853E+21,9.15691E+15,4.92794E+16
43612,8.17033E+18,8,1,21,0,2017,3,17,4,3,5,3,0,1,0,0,0,0,0,5.15665E+20,5.44039E+21,9.21466E+15,4.91161E+16
43613,8.17033E+18,8,1,19,89,2017,3,20,4,3,2,6,0,1,0,0,0,2,0,5.34431E+20,5.41215E+21,9.46944E+15,4.88613E+16
43614,8.17033E+18,8,1,19,79,2017,3,20,4,3,2,6,0,1,0,0,0,0,0,5.21515E+20,5.40743E+21,9.2931E+15,4.88195E+16
43615,8.17033E+18,8,1,19,93,2017,3,13,4,3,5,3,1,1,0,0,0,0,0,5.2335E+20,5.4062E+21,9.31802E+15,4.88083E+16
43616,8.17033E+18,8,1,19,4,2017,3,11,4,3,8,1,0,0,0,1,0,0,0,5.39933E+20,5.41756E+21,9.54498E+15,4.89097E+16
43617,8.17033E+18,8,1,17,26,2017,3,18,4,3,1,6,0,1,0,0,0,0,0,5.49345E+20,5.39495E+21,9.6707E+15,4.87057E+16
43618,8.17033E+18,8,1,16,20,2017,3,15,4,2,5,3,1,1,0,0,0,0,0,5.263E+20,5.38258E+21,9.35669E+15,4.85957E+16
43619,8.17033E+18,8,1,16,80,2017,3,14,4,2,5,3,0,1,0,0,0,0,0,5.18938E+20,5.39538E+21,9.25744E+15,4.87111E+16
43620,8.17033E+18,8,1,16,19,2017,3,15,4,3,2,6,0,1,0,1,0,0,0,5.24312E+20,5.39753E+21,9.33061E+15,4.87303E+16
43621,8.17033E+18,8,1,16,19,2017,3,16,4,3,2,6,0,1,0,0,0,0,0,5.2332E+20,5.39882E+21,9.3172E+15,4.8742E+16
43622,8.17033E+18,8,1,16,49,2017,3,15,4,3,0,1,1,0,0,0,0,0,0,5.23857E+20,5.38733E+21,9.32384E+15,4.86385E+16
43623,8.17033E+18,8,1,15,3,2017,3,14,4,3,2,1,0,1,0,1,0,0,0,5.00713E+20,5.39247E+21,9.00969E+15,4.86853E+16
43624,8.17033E+18,8,1,11,0,2017,3,10,4,3,5,3,0,1,0,0,1,0,0,5.12476E+20,5.40135E+21,9.16978E+15,4.87651E+16
43625,8.17033E+18,8,1,11,0,2017,3,17,4,2,6,2,0,1,1,0,0,0,0,5.11461E+20,5.4107E+21,9.15623E+15,4.88492E+16
43626,8.17033E+18,8,1,11,0,2017,3,16,4,3,2,6,0,1,0,0,0,0,0,5.13174E+20,5.40675E+21,9.17944E+15,4.88136E+16
43627,8.17033E+18,8,1,11,0,2017,3,13,4,3,2,6,0,1,0,0,0,0,0,5.13474E+20,5.4025E+21,9.18339E+15,4.87754E+16
43628,8.17033E+18,8,1,11,0,2017,3,15,4,3,2,6,0,1,0,0,0,0,0,5.14905E+20,5.40474E+21,9.20296E+15,4.87955E+16
43629,8.17033E+18,8,1,11,0,2017,3,14,4,3,2,6,0,1,0,0,0,0,0,5.12796E+20,5.40273E+21,9.17417E+15,4.87774E+16
43630,8.17033E+18,8,1,11,0,2017,3,17,4,3,5,3,0,1,0,0,0,0,0,5.1244E+20,5.40803E+21,9.16949E+15,4.88251E+16
43631,8.17033E+18,8,1,11,0,2017,3,18,4,3,3,7,0,1,0,1,0,0,0,5.15608E+20,5.4053E+21,9.21255E+15,4.88005E+16
43632,8.17033E+18,8,1,11,0,2017,3,16,4,3,5,3,0,1,0,1,0,0,0,5.13314E+20,5.40439E+21,9.18127E+15,4.87924E+16
43633,8.17033E+18,8,1,11,0,2017,3,15,4,3,2,6,0,1,0,0,0,0,0,5.12609E+20,5.4079E+21,9.17179E+15,4.8824E+16
43634,8.17033E+18,8,4,36,55,2017,3,15,3,2,4,6,0,1,0,0,0,0,0,5.69448E+20,5.30044E+21,9.92838E+15,4.78535E+16
43635,8.17033E+18,8,4,36,1,2017,3,17,3,1,5,3,1,1,0,0,0,0,0,5.52963E+20,5.27515E+21,9.70495E+15,4.76276E+16
43636,8.17033E+18,8,4,35,67,2017,3,16,3,2,4,6,1,1,0,0,0,0,0,5.30421E+20,5.29009E+21,9.40597E+15,4.77635E+16
43637,8.17033E+18,8,4,35,35,2017,3,7,3,3,3,2,0,0,0,1,1,0,0,5.42829E+20,5.28235E+21,9.57077E+15,4.76931E+16
43638,8.17033E+18,8,4,35,57,2017,3,18,3,3,9,1,0,0,0,1,0,0,0,5.48154E+20,5.27658E+21,9.6411E+15,4.76408E+16
43639,8.17033E+18,8,4,17,13,2017,3,7,3,3,4,6,0,1,0,0,0,0,0,5.07849E+20,5.35193E+21,9.10587E+15,4.83205E+16
43640,8.17033E+18,8,4,17,51,2017,3,16,3,2,5,3,0,1,0,0,0,0,0,4.92878E+20,5.35833E+21,8.90382E+15,4.83781E+16
43641,8.17033E+18,8,4,17,79,2017,3,16,3,2,5,3,0,1,0,0,0,0,0,5.00381E+20,5.34609E+21,9.00513E+15,4.8268E+16
43642,8.17033E+18,8,4,16,50,2017,3,17,3,3,8,1,0,1,0,0,0,0,0,4.85528E+20,5.36522E+21,8.80432E+15,4.84399E+16
43643,8.17033E+18,8,4,16,41,2017,3,16,3,3,5,2,0,1,0,1,0,0,0,4.99126E+20,5.37203E+21,8.98817E+15,4.85014E+16
43644,8.17033E+18,8,4,15,61,2017,3,14,3,2,5,3,1,0,0,1,0,0,0,5.12514E+20,5.37167E+21,9.1694E+15,4.8498E+16
43645,8.17033E+18,8,4,15,61,2017,3,19,3,3,3,5,0,1,0,1,1,0,0,5.16291E+20,5.37037E+21,9.22047E+15,4.84863E+16
43646,8.17033E+18,8,3,37,60,2017,3,18,3,3,9,6,0,0,0,1,0,0,0,4.65838E+20,5.27606E+21,8.54522E+15,4.76371E+16
43647,8.17033E+18,8,3,37,106,2017,3,6,3,3,5,3,0,1,0,0,0,0,0,4.53522E+20,5.28997E+21,8.37979E+15,4.77614E+16
43648,8.17033E+18,8,3,36,69,2017,3,17,3,3,5,3,1,1,0,0,0,0,0,4.07062E+20,5.26717E+21,7.76477E+15,4.75513E+16
43649,8.17033E+18,8,3,35,43,2017,3,17,3,3,2,6,0,1,0,0,0,0,0,5.09272E+20,5.28154E+21,9.12355E+15,4.76872E+16
43650,8.17033E+18,8,3,35,75,2017,3,17,3,2,2,6,0,0,1,1,1,0,0,4.89339E+20,5.28783E+21,8.85778E+15,4.77437E+16
43651,8.17033E+18,8,4,35,16,2017,3,16,3,2,5,3,1,1,0,0,0,0,0,5.36044E+20,5.28047E+21,9.4802E+15,4.76766E+16
43652,8.17033E+18,8,3,25,60,2017,3,19,3,3,2,6,0,1,0,0,1,1,0,4.69744E+20,5.33848E+21,8.59283E+15,4.81989E+16
43653,8.17033E+18,8,3,25,49,2017,3,15,3,3,0,1,1,0,0,0,0,0,0,4.72719E+20,5.33607E+21,8.63302E+15,4.81773E+16
43654,8.17033E+18,8,3,27,17,2017,3,10,3,1,5,3,0,1,0,0,1,0,0,4.79348E+20,5.33E+21,8.72248E+15,4.81229E+16
43655,8.17033E+18,8,3,17,96,2017,3,22,3,2,8,1,0,1,0,0,0,2,0,4.20216E+20,5.36802E+21,7.9208E+15,4.84602E+16
43656,8.17033E+18,8,3,16,43,2017,3,17,3,3,5,6,0,1,0,0,0,0,0,4.09025E+20,5.32898E+21,7.77787E+15,4.81076E+16
43657,8.17033E+18,8,3,15,70,2017,3,14,3,2,9,1,0,1,0,0,0,0,0,4.5535E+20,5.3042E+21,8.40271E+15,4.78896E+16
43658,8.17033E+18,8,3,15,50,2017,3,11,3,3,5,3,0,1,0,0,0,0,0,3.98756E+20,5.30386E+21,7.64589E+15,4.78801E+16