OBJECTID,UIDENTSTLA,ULAND,UREGBEZ,UKREIS,UGEMEINDE,UJAHR,UMONAT,USTUNDE,UWOCHENTAG,UKATEGORIE,UART,UTYP1,IstRad,IstPKW,IstFuss,IstKrad,IstSonstig,LICHT,STRZUSTAND,LINREFX,LINREFY,XGCSWGS84,YGCSWGS84
43659,8.17033E+18,8,3,15,73,2017,3,22,3,3,0,1,1,0,0,0,0,2,0,4.12548E+20,5.31379E+21,7.82829E+15,4.79714E+16
43660,8.17033E+18,8,2,26,85,2017,3,14,3,3,2,6,0,1,0,0,0,0,0,4.88418E+20,5.45579E+21,8.84084E+15,4.92548E+16
43661,8.17033E+18,8,2,26,103,2017,3,11,7,3,2,6,0,1,0,0,0,0,0,4.72369E+20,5.45873E+21,8.6201E+15,4.92807E+16
43662,8.17033E+18,8,2,16,41,2017,3,20,7,3,7,7,0,1,0,0,1,2,0,4.31034E+20,5.39272E+21,8.06302E+15,4.86837E+16
43663,8.17033E+18,8,2,16,7,2017,3,8,7,3,2,6,0,1,0,0,0,0,0,4.32914E+20,5.39624E+21,8.08799E+15,4.87156E+16
43664,8.17033E+18,8,2,15,97,2017,3,1,3,2,8,1,0,1,0,0,0,2,0,4.75004E+20,5.44382E+21,8.65725E+15,4.91467E+16
43665,8.17033E+18,8,2,15,9,2017,3,15,3,3,3,6,0,1,0,0,0,0,0,4.65969E+20,5.43797E+21,8.53385E+15,4.90937E+16
43666,8.17033E+18,8,2,12,0,2017,3,21,3,3,5,2,0,1,0,0,0,2,0,4.55171E+20,5.42824E+21,8.38703E+15,4.90054E+16
43667,8.17033E+18,8,2,12,0,2017,3,7,3,3,2,6,0,1,0,0,1,0,0,4.57194E+20,5.42354E+21,8.41519E+15,4.89633E+16
43668,8.17033E+18,8,2,11,0,2017,3,13,3,3,3,6,0,1,0,0,1,0,0,4.40784E+20,5.40728E+21,8.19337E+15,4.88157E+16
43669,8.17033E+18,8,2,37,28,2017,3,7,3,3,0,1,0,0,0,1,0,0,0,4.55565E+20,5.36874E+21,8.39884E+15,4.84703E+16
43670,8.17033E+18,8,2,35,32,2017,3,23,3,3,9,1,0,1,0,0,0,2,0,4.74939E+20,5.37546E+21,8.66054E+15,4.85318E+16
43671,8.17033E+18,8,2,35,46,2017,3,14,3,3,9,7,0,0,1,1,0,0,0,4.79519E+20,5.37948E+21,8.72238E+15,4.85681E+16
43672,8.17033E+18,8,2,36,11,2017,3,7,3,2,0,1,1,0,0,0,0,0,0,4.75687E+20,5.42159E+21,8.66795E+15,4.89468E+16
43673,8.17033E+18,8,2,31,0,2017,3,17,3,3,5,3,0,1,0,0,0,0,0,4.78327E+20,5.41497E+21,8.70436E+15,4.88873E+16
43674,8.17033E+18,8,2,36,4,2017,3,15,3,3,2,6,0,1,0,0,0,0,0,4.73268E+20,5.41608E+21,8.63527E+15,4.88971E+16
43675,8.17033E+18,8,2,26,96,2017,3,6,3,3,3,6,0,1,0,0,0,0,0,4.74517E+20,5.48944E+21,8.64765E+15,4.9557E+16
43676,8.17033E+18,8,2,26,38,2017,3,15,3,3,2,6,0,1,0,0,0,0,0,4.7105E+20,5.48143E+21,8.6003E+15,4.94848E+16
43677,8.17033E+18,8,2,22,0,2017,3,9,3,3,3,2,1,0,0,0,1,0,0,4.61343E+20,5.4813E+21,8.46631E+15,4.94831E+16
43678,8.17033E+18,8,2,16,13,2017,3,15,3,3,8,1,0,0,0,1,0,0,0,4.51944E+20,5.39319E+21,8.34703E+15,4.86899E+16
43679,8.17033E+18,8,2,16,43,2017,3,14,3,3,2,6,0,1,0,0,0,0,0,4.40387E+20,5.4098E+21,8.1876E+15,4.88384E+16
43680,8.17033E+18,8,2,16,43,2017,3,15,3,3,4,2,0,1,0,0,0,0,0,4.39392E+20,5.41429E+21,8.17337E+15,4.88786E+16
43681,8.17033E+18,8,2,15,100,2017,3,10,3,3,5,3,0,1,0,1,0,0,0,4.75421E+20,5.45173E+21,8.66249E+15,4.92178E+16
43682,8.17033E+18,8,3,17,96,2017,3,8,7,3,2,6,0,1,0,0,0,0,0,4.19634E+20,5.37386E+21,7.91181E+15,4.85127E+16
43683,8.17033E+18,8,3,11,0,2017,3,18,7,3,5,2,1,1,0,0,0,0,0,4.11637E+20,5.31602E+21,7.81563E+15,4.79914E+16
43684,8.17033E+18,8,3,15,130,2017,3,14,7,2,8,1,0,0,0,1,0,0,0,4.16632E+20,5.30596E+21,7.88451E+15,4.79016E+16
43685,8.17033E+18,8,2,15,7,2017,3,10,7,2,3,2,0,1,0,1,0,0,0,4.7815E+20,5.43004E+21,8.70112E+15,4.90228E+16
43686,8.17033E+18,8,2,15,102,2017,3,13,3,3,5,3,0,1,0,1,0,0,0,4.59631E+20,5.4377E+21,8.44707E+15,4.90908E+16
43687,8.17033E+18,8,2,12,0,2017,3,8,3,3,2,6,0,1,0,0,0,0,0,4.52718E+20,5.42948E+21,8.35335E+15,4.90164E+16
43688,8.17033E+18,8,2,11,0,2017,3,16,3,2,5,3,0,1,0,1,0,0,0,4.46958E+20,5.39874E+21,8.27856E+15,4.87394E+16
43689,8.17033E+18,8,2,16,15,2017,3,16,3,2,9,1,0,0,0,1,0,0,0,4.54969E+20,5.40996E+21,8.38628E+15,4.8841E+16
43690,8.17033E+18,8,1,15,28,2017,3,5,3,3,2,6,0,1,0,0,1,2,0,4.99122E+20,5.40368E+21,8.98805E+15,4.87861E+16
43691,8.17033E+18,8,1,18,3,2017,3,9,3,3,5,2,0,1,0,0,1,0,0,5.11313E+20,5.41735E+21,9.15439E+15,4.8909E+16
43692,8.17033E+18,8,1,15,45,2017,3,17,3,3,2,6,0,1,0,0,0,0,0,5.01614E+20,5.39396E+21,9.02194E+15,4.86987E+16
43693,8.17033E+18,8,1,15,28,2017,3,13,3,2,2,6,0,1,0,0,1,0,0,5.00073E+20,5.40661E+21,9.001E+15,4.88125E+16
43694,8.17033E+18,8,1,15,45,2017,3,17,3,2,1,6,0,0,0,1,1,0,0,4.96198E+20,5.39571E+21,8.94831E+15,4.87144E+16
43695,8.17033E+18,8,1,18,70,2017,3,17,3,3,8,6,0,0,0,0,1,0,0,5.16815E+20,5.42497E+21,9.22979E+15,4.89774E+16
43696,8.17033E+18,8,1,36,65,2017,3,8,3,3,0,5,1,0,0,0,1,0,0,5.56888E+20,5.40732E+21,9.77493E+15,4.88162E+16
43697,8.17033E+18,8,1,36,65,2017,3,20,3,3,0,7,0,1,0,0,1,2,0,5.61826E+20,5.40594E+21,9.84198E+15,4.88034E+16
43698,8.17033E+18,8,1,36,21,2017,3,8,3,3,2,6,0,1,0,0,0,0,0,5.74067E+20,5.40805E+21,1.0009E+16,4.8821E+16
43699,8.17033E+18,8,1,36,88,2017,3,16,3,3,7,7,0,1,0,0,1,0,0,5.77021E+20,5.41639E+21,1.00508E+16,4.88956E+16
43700,8.17033E+18,8,4,25,31,2017,3,15,3,2,7,7,0,0,0,1,0,0,0,5.68005E+20,5.3661E+21,9.91957E+15,4.84444E+16
43701,8.17033E+18,8,1,26,11,2017,3,7,3,2,0,1,0,0,0,1,0,0,0,5.33272E+20,5.44551E+21,9.45637E+15,4.91615E+16
43702,8.17033E+18,8,1,25,38,2017,3,18,3,2,5,3,0,1,0,1,0,0,0,5.03046E+20,5.4354E+21,9.0417E+15,4.90715E+16
43703,8.17033E+18,8,1,21,0,2017,3,11,3,2,2,6,0,1,0,0,1,0,0,5.14216E+20,5.44825E+21,9.19509E+15,4.91869E+16
43704,8.17033E+18,8,1,25,113,2017,3,15,3,3,1,2,0,1,0,0,0,0,0,5.30737E+20,5.45133E+21,9.42204E+15,4.9214E+16
43705,8.17033E+18,8,1,25,86,2017,3,18,3,3,8,1,0,0,0,1,0,0,0,5.05957E+20,5.44399E+21,9.08169E+15,4.91487E+16
43706,8.17033E+18,8,1,25,5,2017,3,16,3,3,5,3,0,1,0,0,1,0,0,5.14395E+20,5.4555E+21,9.19781E+15,4.92521E+16
43707,8.17033E+18,8,1,25,38,2017,3,6,3,3,5,3,0,1,0,0,0,2,0,5.02178E+20,5.43496E+21,9.02982E+15,4.90675E+16
43708,8.17033E+18,8,1,25,56,2017,3,18,3,3,5,3,1,1,0,0,0,0,0,5.1218E+20,5.43596E+21,9.16679E+15,4.90764E+16
43709,8.17033E+18,8,1,19,85,2017,3,7,3,3,6,4,0,0,1,0,1,0,0,5.31029E+20,5.4151E+21,9.42328E+15,4.8888E+16
43710,8.17033E+18,8,1,19,67,2017,3,18,3,3,2,6,0,1,0,0,0,0,0,5.39395E+20,5.40732E+21,9.53666E+15,4.88176E+16
43711,8.17033E+18,8,1,19,67,2017,3,17,3,3,2,6,0,1,0,0,0,0,0,5.39918E+20,5.40756E+21,9.5438E+15,4.88197E+16
43712,8.17033E+18,8,1,19,20,2017,3,14,3,3,2,6,0,1,0,0,0,0,0,5.2066E+20,5.40699E+21,9.28143E+15,4.88155E+16
43713,8.17033E+18,8,1,19,8,2017,3,18,3,3,2,6,0,1,0,0,0,0,0,5.31582E+20,5.41911E+21,9.43114E+15,4.89241E+16
43714,8.17033E+18,8,1,18,73,2017,3,11,3,3,6,2,0,1,1,0,0,0,0,4.97092E+20,5.42003E+21,8.96029E+15,4.89332E+16
43715,8.17033E+18,8,1,18,49,2017,3,19,3,3,2,6,0,1,0,0,0,0,0,5.19404E+20,5.42106E+21,9.26498E+15,4.89422E+16
43716,8.17033E+18,8,1,18,49,2017,3,12,3,3,5,3,1,1,0,0,0,0,0,5.23845E+20,5.42304E+21,9.32574E+15,4.89598E+16
43717,8.17033E+18,8,1,17,24,2017,3,16,3,3,1,6,0,1,0,0,0,0,0,5.60501E+20,5.38554E+21,9.82095E+15,4.862E+16
43718,8.17033E+18,8,4,25,20,2017,3,11,3,2,8,6,0,1,0,0,1,0,0,5.6107E+20,5.3673E+21,9.82598E+15,4.84558E+16
43719,8.17033E+18,8,1,17,25,2017,3,18,3,2,9,1,0,0,0,1,0,0,0,5.55085E+20,5.38837E+21,9.74784E+15,4.86459E+16
43720,8.17033E+18,8,1,17,3,2017,3,16,3,2,0,1,1,0,0,0,0,0,0,5.42016E+20,5.39419E+21,9.57101E+15,4.86994E+16
43721,8.17033E+18,8,1,16,77,2017,3,17,3,3,2,6,0,1,0,0,0,2,0,5.1607E+20,5.39307E+21,9.21836E+15,4.86905E+16
43722,8.17033E+18,8,1,16,15,2017,3,18,3,3,2,2,0,1,0,0,0,0,0,5.2408E+20,5.39353E+21,9.32723E+15,4.86943E+16
43723,8.17033E+18,8,1,16,42,2017,3,18,3,3,2,6,0,1,0,0,1,0,0,5.18274E+20,5.3816E+21,9.2478E+15,4.85872E+16
43724,8.17033E+18,8,1,16,72,2017,3,15,3,3,2,6,0,1,0,0,0,0,0,5.303E+20,5.39434E+21,9.41181E+15,4.87013E+16
43725,8.17033E+18,8,1,11,0,2017,3,8,3,2,5,3,0,1,0,0,0,0,0,5.11855E+20,5.40666E+21,9.16148E+15,4.88128E+16
43726,8.17033E+18,8,1,11,0,2017,3,19,3,3,2,6,0,1,0,0,0,0,0,5.13209E+20,5.40643E+21,9.17991E+15,4.88107E+16
43727,8.17033E+18,8,4,37,104,2017,3,13,2,3,5,3,0,1,0,0,0,0,0,5.16478E+20,5.32634E+21,9.22128E+15,4.80901E+16
43728,8.17033E+18,8,4,36,81,2017,3,18,2,2,5,3,1,1,0,0,0,0,0,5.61917E+20,5.28136E+21,9.82499E+15,4.76826E+16
43729,8.17033E+18,8,4,36,95,2017,3,16,2,3,2,6,0,1,0,0,0,0,0,5.38323E+20,5.29362E+21,9.51171E+15,4.77948E+16
43730,8.17033E+18,8,4,35,16,2017,3,14,2,3,2,6,0,1,0,0,0,0,0,5.35953E+20,5.27775E+21,9.47876E+15,4.76521E+16
43731,8.17033E+18,8,4,35,45,2017,3,17,2,3,4,3,1,1,0,0,0,0,0,5.35174E+20,5.28706E+21,9.46915E+15,4.77359E+16
43732,8.17033E+18,8,4,37,76,2017,3,16,2,2,9,1,0,1,0,0,0,0,0,5.25696E+20,5.32413E+21,9.34494E+15,4.80699E+16
43733,8.17033E+18,8,4,26,70,2017,3,18,2,3,5,3,0,1,0,0,0,0,0,5.65707E+20,5.3409E+21,9.88459E+15,4.8218E+16
43734,8.17033E+18,8,4,26,87,2017,3,8,2,3,4,6,0,1,0,0,0,0,0,5.70657E+20,5.32876E+21,9.94919E+15,4.81082E+16
43735,8.17033E+18,8,4,15,87,2017,3,18,2,2,5,3,0,1,0,0,1,0,0,5.12357E+20,5.38198E+21,9.16757E+15,4.85907E+16
43736,8.17033E+18,8,4,15,61,2017,3,16,2,3,2,6,0,1,0,1,0,0,0,5.14296E+20,5.37118E+21,9.1935E+15,4.84936E+16
43737,8.17033E+18,8,3,36,69,2017,3,8,2,3,8,6,0,1,0,0,0,0,0,4.05955E+20,5.27382E+21,7.74863E+15,4.76109E+16
43738,8.17033E+18,8,3,35,75,2017,3,14,2,3,0,1,1,0,0,0,0,0,0,4.90647E+20,5.29336E+21,8.87511E+15,4.77936E+16
43739,8.17033E+18,8,3,35,75,2017,3,17,2,3,5,3,0,0,0,1,1,0,0,4.93685E+20,5.29134E+21,8.9157E+15,4.77754E+16
43740,8.17033E+18,8,3,25,53,2017,3,12,2,3,2,6,0,1,0,0,1,0,0,4.54308E+20,5.3413E+21,8.38481E+15,4.82233E+16
43741,8.17033E+18,8,3,25,12,2017,3,15,2,3,5,3,0,1,0,0,0,0,0,4.67569E+20,5.35247E+21,8.56249E+15,4.83246E+16
43742,8.17033E+18,8,4,17,2,2017,3,19,2,1,6,4,0,0,1,0,1,0,0,4.90771E+20,5.35024E+21,8.87554E+15,4.83053E+16
43743,8.17033E+18,8,3,17,96,2017,3,18,2,3,2,6,0,1,0,0,0,0,0,4.21558E+20,5.36882E+21,7.93881E+15,4.84676E+16
43744,8.17033E+18,8,3,17,59,2017,3,11,2,3,5,3,0,1,0,0,0,0,0,4.12647E+20,5.34929E+21,7.82233E+15,4.82908E+16
43745,8.17033E+18,8,3,17,26,2017,3,14,2,2,5,3,1,1,0,0,0,0,0,4.11687E+20,5.34674E+21,7.80992E+15,4.82677E+16
43746,8.17033E+18,8,3,17,57,2017,3,12,2,3,5,3,1,1,0,0,0,0,0,4.11898E+20,5.38142E+21,7.80548E+15,4.85797E+16
43747,8.17033E+18,8,3,17,1,2017,3,16,2,3,2,6,0,1,0,0,0,0,0,4.30361E+20,5.38635E+21,8.05494E+15,4.86263E+16
43748,8.17033E+18,8,3,17,96,2017,3,10,2,3,2,6,0,1,0,0,0,0,0,4.21077E+20,5.36693E+21,7.93265E+15,4.84505E+16
43749,8.17033E+18,8,3,17,151,2017,3,12,2,2,5,3,0,1,0,0,1,0,0,4.12464E+20,5.36818E+21,7.81593E+15,4.84607E+16
43750,8.17033E+18,8,3,17,141,2017,3,7,2,2,5,3,1,1,0,0,0,0,0,4.1721E+20,5.37621E+21,7.87853E+15,4.85335E+16
43751,8.17033E+18,8,3,17,129,2017,3,14,2,3,9,7,1,0,0,0,0,0,0,4.29807E+20,5.35137E+21,8.0533E+15,4.83117E+16
43752,8.17033E+18,8,3,16,11,2017,3,15,2,3,2,6,0,1,0,1,0,0,0,4.12314E+20,5.33153E+21,7.82153E+15,4.81309E+16
43753,8.17033E+18,8,3,16,11,2017,3,13,2,3,2,6,0,1,0,0,0,0,0,4.14241E+20,5.32995E+21,7.84773E+15,4.8117E+16
43754,8.17033E+18,8,3,16,11,2017,3,8,2,3,3,6,0,1,0,1,0,0,0,4.12598E+20,5.33135E+21,7.82537E+15,4.81294E+16
43755,8.17033E+18,8,3,15,113,2017,3,15,2,3,2,6,0,1,0,0,0,0,0,4.40858E+20,5.30732E+21,8.20844E+15,4.79165E+16
43756,8.17033E+18,8,3,11,0,2017,3,7,2,3,5,3,1,1,0,0,0,0,0,4.13615E+20,5.31662E+21,7.84201E+15,4.79971E+16
43757,8.17033E+18,8,2,26,85,2017,3,9,2,2,2,6,0,0,0,0,1,0,0,4.91776E+20,5.45432E+21,8.88702E+15,4.92416E+16
43758,8.17033E+18,8,2,36,46,2017,3,11,2,3,2,6,0,1,0,0,0,0,0,4.82824E+20,5.41789E+21,8.76557E+15,4.89137E+16
43759,8.17033E+18,8,2,26,82,2017,3,12,2,3,2,6,0,1,0,0,1,0,0,4.73851E+20,5.48207E+21,8.63893E+15,4.94907E+16
43760,8.17033E+18,8,2,12,0,2017,3,7,2,3,2,6,0,1,0,0,1,0,0,4.60052E+20,5.42445E+21,8.45415E+15,4.89717E+16
43761,8.17033E+18,8,2,12,0,2017,3,17,2,3,2,6,0,1,0,0,0,0,0,4.62813E+20,5.43264E+21,8.49111E+15,4.90455E+16
43762,8.17033E+18,8,3,17,141,2017,3,11,2,3,2,6,0,1,0,0,0,0,0,4.22758E+20,5.3786E+21,7.95323E+15,4.85557E+16
43763,8.17033E+18,8,2,37,40,2017,3,18,2,3,2,6,0,1,0,0,0,0,0,4.75231E+20,5.36977E+21,8.66484E+15,4.84806E+16
43764,8.17033E+18,8,2,31,0,2017,3,10,2,3,0,6,0,1,0,1,0,0,0,4.77624E+20,5.41551E+21,8.69473E+15,4.88921E+16
43765,8.17033E+18,8,2,36,76,2017,3,13,2,3,1,6,0,1,0,0,0,0,0,4.71606E+20,5.42327E+21,8.6121E+15,4.89617E+16
43766,8.17033E+18,8,2,36,40,2017,3,13,2,3,5,3,0,1,0,0,1,0,0,4.90595E+20,5.422E+21,8.87154E+15,4.89508E+16
43767,8.17033E+18,8,2,26,107,2017,3,17,2,3,2,6,0,1,0,0,0,0,0,4.75082E+20,5.48404E+21,8.65581E+15,4.95085E+16
43768,8.17033E+18,8,2,26,56,2017,3,17,2,3,2,6,0,1,0,0,0,0,0,4.84439E+20,5.47126E+21,8.78555E+15,4.93938E+16
43769,8.17033E+18,8,2,22,0,2017,3,16,2,3,2,7,0,1,0,0,0,0,0,4.61084E+20,5.48121E+21,8.46273E+15,4.94822E+16
43770,8.17033E+18,8,2,22,0,2017,3,13,2,3,6,4,0,0,1,0,1,0,0,4.62998E+20,5.48298E+21,8.48899E+15,4.94984E+16
43771,8.17033E+18,8,2,22,0,2017,3,17,2,2,1,6,0,1,0,0,0,0,0,4.63401E+20,5.48614E+21,8.49426E+15,4.95268E+16
43772,8.17033E+18,8,2,16,13,2017,3,16,2,3,2,2,0,1,0,1,0,0,0,4.52856E+20,5.39343E+21,8.35939E+15,4.86921E+16
43773,8.17033E+18,8,2,15,84,2017,3,22,2,3,5,3,0,1,0,0,0,2,0,4.73028E+20,5.44816E+21,8.62986E+15,4.91856E+16
43774,8.17033E+18,8,2,15,110,2017,3,7,2,3,5,3,0,1,0,0,0,0,0,4.60104E+20,5.41993E+21,8.45529E+15,4.8931E+16
43775,8.17033E+18,8,2,16,43,2017,3,17,2,2,4,2,0,1,0,0,0,0,0,4.41821E+20,5.41487E+21,8.20641E+15,4.88841E+16
43776,8.17033E+18,8,2,16,43,2017,3,10,2,2,8,7,0,1,0,0,0,0,0,4.43228E+20,5.40982E+21,8.22631E+15,4.88388E+16
43777,8.17033E+18,8,2,16,43,2017,3,11,2,2,2,6,0,1,0,0,1,0,0,4.43617E+20,5.41052E+21,8.23151E+15,4.88451E+16
43778,8.17033E+18,8,1,21,0,2017,3,7,2,3,2,6,0,1,0,0,0,0,0,5.09858E+20,5.44817E+21,9.13528E+15,4.91863E+16
43779,8.17033E+18,8,1,15,28,2017,3,14,2,3,2,6,0,1,0,0,1,0,0,4.97379E+20,5.40454E+21,8.96431E+15,4.87939E+16
43780,8.17033E+18,8,1,15,28,2017,3,21,2,3,2,6,0,1,0,0,1,2,0,5.02156E+20,5.40186E+21,9.02934E+15,4.87698E+16
43781,8.17033E+18,8,1,36,21,2017,3,20,2,3,4,1,0,1,0,1,0,1,0,5.75015E+20,5.40789E+21,1.00219E+16,4.88195E+16
43782,8.17033E+18,8,1,36,65,2017,3,14,2,2,5,3,0,0,0,1,1,0,0,5.5832E+20,5.40226E+21,9.79371E+15,4.87706E+16
43783,8.17033E+18,8,1,36,88,2017,3,5,2,1,5,2,0,1,0,1,0,2,0,5.81876E+20,5.40894E+21,1.01156E+16,4.88281E+16
43784,8.17033E+18,8,1,35,19,2017,3,17,2,3,2,6,0,1,0,0,1,0,0,5.85267E+20,5.39192E+21,1.01582E+16,4.86745E+16
43785,8.17033E+18,8,1,28,131,2017,3,16,2,3,5,7,0,1,0,1,0,0,0,5.40845E+20,5.51174E+21,9.56707E+15,4.97567E+16
43786,8.17033E+18,8,1,27,73,2017,3,18,2,3,5,3,1,1,0,0,0,0,0,5.78412E+20,5.44771E+21,1.00759E+16,4.91772E+16
43787,8.17033E+18,8,1,27,52,2017,3,16,2,3,2,6,0,1,0,0,0,0,0,5.41181E+20,5.43614E+21,9.56389E+15,4.90768E+16
43788,8.17033E+18,8,1,36,45,2017,3,21,2,3,3,1,0,1,0,0,1,2,0,5.89287E+20,5.40803E+21,1.02163E+16,4.88189E+16
43789,8.17033E+18,8,1,27,43,2017,3,16,2,2,2,6,0,1,0,1,0,0,0,5.68298E+20,5.44671E+21,9.93695E+15,4.91694E+16
43790,8.17033E+18,8,1,27,43,2017,3,16,2,2,5,3,0,1,0,0,0,0,0,5.68476E+20,5.44665E+21,9.93939E+15,4.91688E+16
43791,8.17033E+18,8,2,25,64,2017,3,0,2,2,0,1,0,1,0,0,0,2,0,5.0485E+20,5.47202E+21,9.06684E+15,4.94008E+16
43792,8.17033E+18,8,1,25,46,2017,3,9,2,3,8,1,0,1,0,0,0,0,0,5.17878E+20,5.43473E+21,9.24475E+15,4.90652E+16
43793,8.17033E+18,8,1,19,3,2017,3,6,2,3,5,3,1,1,0,0,0,0,0,5.35051E+20,5.41653E+21,9.47827E+15,4.89007E+16
43794,8.17033E+18,8,1,16,33,2017,3,16,2,3,2,6,0,1,0,0,0,0,0,5.33583E+20,5.38635E+21,9.45577E+15,4.86293E+16
43795,8.17033E+18,8,1,11,0,2017,3,16,2,3,1,5,0,1,0,1,0,0,0,5.12685E+20,5.40256E+21,9.17265E+15,4.8776E+16
43796,8.17033E+18,8,1,11,0,2017,3,16,2,3,2,6,0,1,0,1,0,0,0,5.17333E+20,5.41013E+21,9.23624E+15,4.88439E+16
43797,8.17033E+18,8,1,11,0,2017,3,15,2,3,2,6,0,1,0,0,0,0,0,5.15143E+20,5.39448E+21,9.20582E+15,4.87032E+16
43798,8.17033E+18,8,1,11,0,2017,3,9,2,3,2,6,0,1,0,0,0,0,0,5.13357E+20,5.40268E+21,9.18181E+15,4.87769E+16
43799,8.17033E+18,8,4,37,65,2017,3,17,1,3,2,6,0,1,0,0,0,0,0,5.18356E+20,5.32015E+21,9.24624E+15,4.80344E+16
43800,8.17033E+18,8,4,37,78,2017,3,14,1,2,8,1,0,1,0,0,0,0,0,5.07934E+20,5.32055E+21,9.10644E+15,4.80382E+16
43801,8.17033E+18,8,4,26,87,2017,3,17,1,3,8,1,0,0,0,1,0,0,0,5.71504E+20,5.32582E+21,9.96008E+15,4.80816E+16
43802,8.17033E+18,8,1,16,33,2017,3,20,1,2,3,3,0,1,0,0,0,2,0,5.33558E+20,5.38658E+21,9.45545E+15,4.86314E+16
43803,8.17033E+18,8,4,17,16,2017,3,13,1,3,5,3,0,1,0,0,0,0,0,4.84052E+20,5.34157E+21,8.78526E+15,4.82271E+16
43804,8.17033E+18,8,3,37,2,2017,3,14,1,2,8,1,0,0,0,1,0,0,0,4.32384E+20,5.27522E+21,8.10003E+15,4.76269E+16
43805,8.17033E+18,8,3,36,79,2017,3,8,1,3,8,1,0,1,0,0,0,0,0,4.17168E+20,5.29237E+21,7.89429E+15,4.77794E+16
43806,8.17033E+18,8,3,36,25,2017,3,18,1,3,0,1,0,0,0,1,0,0,0,4.16484E+20,5.29029E+21,7.88556E+15,4.77606E+16
43807,8.17033E+18,8,3,35,80,2017,3,13,1,3,8,1,0,0,0,1,0,0,0,4.74421E+20,5.29772E+21,8.6582E+15,4.78323E+16
43808,8.17033E+18,8,3,26,17,2017,3,17,1,2,8,1,0,0,0,1,0,0,0,4.39972E+20,5.31953E+21,8.19488E+15,4.80262E+16
43809,8.17033E+18,8,3,26,52,2017,3,17,1,3,2,2,0,1,0,0,0,0,0,4.50739E+20,5.33028E+21,8.33803E+15,4.81239E+16
43810,8.17033E+18,8,3,25,24,2017,3,11,1,3,5,3,1,1,0,0,0,0,0,4.56401E+20,5.33979E+21,8.41315E+15,4.82098E+16
43811,8.17033E+18,8,4,17,8,2017,3,14,1,3,2,2,0,1,0,0,0,0,0,4.92077E+20,5.35106E+21,8.89314E+15,4.83127E+16
43812,8.17033E+18,8,3,11,0,2017,3,13,1,3,4,7,1,0,1,0,0,0,0,4.09577E+20,5.31456E+21,7.78833E+15,4.7978E+16
43813,8.17033E+18,8,2,26,103,2017,3,17,1,3,2,6,0,1,0,0,0,0,0,4.71733E+20,5.45925E+21,8.61131E+15,4.92853E+16
43814,8.17033E+18,8,2,15,103,2017,3,14,1,3,2,6,0,1,0,0,0,0,0,4.68248E+20,5.44476E+21,8.56454E+15,4.91548E+16
43815,8.17033E+18,8,2,15,96,2017,3,16,1,2,2,2,1,1,0,0,0,0,0,4.66147E+20,5.42243E+21,8.53759E+15,4.89539E+16
43816,8.17033E+18,8,2,15,46,2017,3,17,1,3,2,6,0,1,0,0,0,0,0,4.50127E+20,5.4162E+21,8.31954E+15,4.88968E+16
43817,8.17033E+18,8,2,15,46,2017,3,17,1,3,2,6,0,1,0,0,0,0,0,4.49941E+20,5.41613E+21,8.31701E+15,4.88961E+16
43818,8.17033E+18,8,2,15,46,2017,3,17,1,3,2,6,0,1,0,0,1,0,0,4.50305E+20,5.41627E+21,8.32197E+15,4.88974E+16
43819,8.17033E+18,8,2,37,40,2017,3,14,1,3,2,6,0,1,0,1,0,0,0,4.7346E+20,5.3617E+21,8.64138E+15,4.84079E+16
43820,8.17033E+18,8,2,36,76,2017,3,18,1,2,9,1,0,0,0,1,0,0,0,4.71168E+20,5.42583E+21,8.60593E+15,4.89847E+16
43821,8.17033E+18,8,2,26,85,2017,3,14,1,3,5,3,0,1,0,0,1,0,0,4.89377E+20,5.45501E+21,8.85404E+15,4.92477E+16
43822,8.17033E+18,8,2,25,39,2017,3,4,1,3,8,1,0,1,0,0,0,2,0,5.31685E+20,5.49036E+21,9.43817E+15,4.9565E+16
43823,8.17033E+18,8,2,25,33,2017,3,13,1,3,2,6,0,1,0,0,0,0,0,5.07742E+20,5.46353E+21,9.10654E+15,4.93244E+16
43824,8.17033E+18,8,2,11,0,2017,3,15,1,3,4,1,0,1,0,0,0,0,0,4.43328E+20,5.3961E+21,8.22956E+15,4.87153E+16
43825,8.17033E+18,8,2,16,17,2017,3,17,1,2,4,1,0,1,0,1,0,0,0,4.48021E+20,5.40173E+21,8.29265E+15,4.87665E+16
43826,8.17033E+18,8,1,18,78,2017,3,5,1,3,2,7,0,1,0,0,1,2,0,5.13722E+20,5.42016E+21,9.18736E+15,4.89342E+16
43827,8.17033E+18,8,1,18,70,2017,3,13,1,3,9,7,0,1,0,0,0,0,0,5.16819E+20,5.42509E+21,9.22985E+15,4.89785E+16
43828,8.17033E+18,8,1,36,65,2017,3,19,1,3,5,3,1,1,0,0,0,1,0,5.57408E+20,5.40757E+21,9.78205E+15,4.88185E+16
43829,8.17033E+18,8,1,35,19,2017,3,14,1,3,2,6,0,1,0,0,0,0,0,5.85192E+20,5.39154E+21,1.01571E+16,4.86711E+16
43830,8.17033E+18,8,1,27,14,2017,3,18,1,2,8,1,0,1,0,0,0,0,0,5.77281E+20,5.44262E+21,1.00594E+16,4.91315E+16
43831,8.17033E+18,8,1,27,59,2017,3,17,1,2,4,6,0,1,0,0,1,0,0,5.48605E+20,5.43833E+21,9.6658E+15,4.90959E+16
43832,8.17033E+18,8,1,26,47,2017,3,13,1,2,5,3,0,1,0,0,0,0,0,5.49373E+20,5.4523E+21,9.67804E+15,4.92215E+16