OBJECTID,UIDENTSTLA,ULAND,UREGBEZ,UKREIS,UGEMEINDE,UJAHR,UMONAT,USTUNDE,UWOCHENTAG,UKATEGORIE,UART,UTYP1,IstRad,IstPKW,IstFuss,IstKrad,IstSonstig,LICHT,STRZUSTAND,LINREFX,LINREFY,XGCSWGS84,YGCSWGS84
43833,8.17033E+18,8,1,25,68,2017,3,19,1,2,8,1,0,0,0,1,0,0,0,5.1883E+20,5.45926E+21,9.25893E+15,4.92858E+16
43834,8.17033E+18,8,1,25,86,2017,3,11,1,3,9,6,0,0,0,1,1,0,0,5.06683E+20,5.44367E+21,9.09163E+15,4.91458E+16
43835,8.17033E+18,8,1,19,4,2017,3,15,1,3,2,6,0,1,0,1,0,0,0,5.43489E+20,5.41923E+21,9.59369E+15,4.89245E+16
43836,8.17033E+18,8,1,17,51,2017,3,13,1,3,2,6,0,1,0,0,0,0,0,5.41252E+20,5.39648E+21,9.56086E+15,4.872E+16
43837,8.17033E+18,8,1,11,0,2017,3,5,1,3,2,2,0,1,0,0,0,2,0,5.12732E+20,5.40545E+21,9.17339E+15,4.88019E+16
43838,8.17033E+18,8,1,11,0,2017,3,0,1,3,0,1,1,0,0,0,0,2,0,5.165E+20,5.40724E+21,9.22477E+15,4.88179E+16
43839,8.17033E+18,8,1,11,0,2017,3,7,1,3,0,1,0,1,0,0,0,0,0,5.12777E+20,5.40187E+21,9.17388E+15,4.87697E+16
43840,8.17033E+18,8,4,37,100,2017,3,15,7,3,2,6,0,1,0,0,0,0,0,5.35689E+20,5.31836E+21,9.4786E+15,4.80175E+16
43841,8.17033E+18,8,4,35,16,2017,3,17,7,3,5,3,0,1,0,1,0,0,0,5.35724E+20,5.27795E+21,9.47573E+15,4.76539E+16
43842,8.17033E+18,8,4,35,16,2017,3,12,7,3,5,3,0,1,0,0,0,0,0,5.37903E+20,5.2773E+21,9.5047E+15,4.7648E+16
43843,8.17033E+18,8,4,35,59,2017,3,16,7,2,8,1,0,0,0,1,0,0,0,5.06543E+20,5.29863E+21,9.08744E+15,4.7841E+16
43844,8.17033E+18,8,4,36,10,2017,3,14,7,3,8,1,0,0,0,1,0,0,0,5.76765E+20,5.31331E+21,1.00285E+16,4.79685E+16
43845,8.17033E+18,8,4,15,87,2017,3,8,7,3,8,1,0,1,0,0,0,0,0,5.10019E+20,5.38219E+21,9.13587E+15,4.85927E+16
43846,8.17033E+18,8,4,15,53,2017,3,15,7,2,8,1,0,0,0,1,0,0,0,5.37188E+20,5.35111E+21,9.50156E+15,4.83121E+16
43847,8.17033E+18,8,3,36,14,2017,3,22,7,2,8,1,0,1,0,0,0,2,0,3.89219E+20,5.2804E+21,7.52435E+15,4.76675E+16
43848,8.17033E+18,8,3,37,108,2017,3,7,7,2,8,1,0,0,0,1,0,0,0,4.25225E+20,5.28726E+21,8.0027E+15,4.77344E+16
43849,8.17033E+18,8,3,37,66,2017,3,16,7,2,8,1,0,0,0,1,0,0,0,4.30659E+20,5.26988E+21,8.07792E+15,4.75786E+16
43850,8.17033E+18,8,3,36,45,2017,3,18,7,2,4,6,0,1,0,0,0,0,0,3.98174E+20,5.28567E+21,7.64237E+15,4.77164E+16
43851,8.17033E+18,8,3,36,34,2017,3,18,7,3,2,6,0,1,0,0,0,0,0,4.15344E+20,5.27767E+21,7.87279E+15,4.76469E+16
43852,8.17033E+18,8,3,36,50,2017,3,13,7,3,3,6,0,1,0,1,0,0,0,4.0217E+20,5.27372E+21,7.69832E+15,4.76095E+16
43853,8.17033E+18,8,3,26,17,2017,3,0,7,3,8,7,0,1,0,0,0,2,0,4.38563E+20,5.3207E+21,8.17581E+15,4.80367E+16
43854,8.17033E+18,8,3,25,24,2017,3,5,7,2,8,1,0,1,0,0,0,2,0,4.56593E+20,5.34021E+21,8.41569E+15,4.82137E+16
43855,8.17033E+18,8,3,17,39,2017,3,11,7,3,6,5,0,1,1,0,0,0,0,4.41443E+20,5.34424E+21,8.21121E+15,4.82487E+16
43856,8.17033E+18,8,3,17,1,2017,3,12,7,2,5,2,1,1,0,0,0,0,0,4.3012E+20,5.38609E+21,8.05172E+15,4.8624E+16
43857,8.17033E+18,8,3,17,96,2017,3,12,7,2,8,1,0,1,0,0,0,0,0,4.18818E+20,5.37117E+21,7.90129E+15,4.84884E+16
43858,8.17033E+18,8,2,26,95,2017,3,21,7,3,3,6,0,1,0,0,0,2,0,4.72804E+20,5.46075E+21,8.62594E+15,4.92989E+16
43859,8.17033E+18,8,2,36,46,2017,3,9,7,3,2,6,0,1,0,0,0,0,0,4.83537E+20,5.41698E+21,8.77534E+15,4.89056E+16
43860,8.17033E+18,8,3,17,1,2017,3,9,7,3,2,6,0,1,0,0,0,0,0,4.27214E+20,5.38574E+21,8.01235E+15,4.86205E+16
43861,8.17033E+18,8,2,15,46,2017,3,12,7,2,8,1,0,0,0,0,1,0,0,4.53257E+20,5.41255E+21,8.36266E+15,4.88642E+16
43862,8.1704E+18,8,4,36,81,2017,4,14,1,3,9,1,0,0,0,1,0,0,0,5.62471E+20,5.28431E+21,9.8328E+15,4.77092E+16
43863,8.1704E+18,8,4,35,66,2017,4,13,1,3,5,3,1,1,0,0,0,0,0,5.20972E+20,5.28888E+21,9.2798E+15,4.7753E+16
43864,8.1704E+18,8,4,16,41,2017,4,14,1,2,4,1,0,1,0,0,0,0,0,5.04435E+20,5.37285E+21,9.06005E+15,4.85087E+16
43865,8.1704E+18,8,4,15,19,2017,4,12,1,3,4,1,0,1,0,0,0,0,0,5.21385E+20,5.37078E+21,9.28944E+15,4.84898E+16
43866,8.1704E+18,8,3,37,45,2017,4,18,1,3,0,1,1,0,0,0,0,0,0,4.36906E+20,5.28906E+21,8.15821E+15,4.77518E+16
43867,8.1704E+18,8,3,37,66,2017,4,13,1,3,5,2,0,1,0,0,0,0,0,4.29354E+20,5.26957E+21,8.06061E+15,4.75757E+16
43868,8.1704E+18,8,3,35,96,2017,4,15,1,3,0,7,1,0,0,0,0,0,0,5.08171E+20,5.30253E+21,9.10928E+15,4.78761E+16
43869,8.1704E+18,8,3,25,60,2017,4,14,1,2,8,1,0,0,0,1,0,0,0,4.70795E+20,5.3397E+21,8.60689E+15,4.82098E+16
43870,8.1704E+18,8,4,17,8,2017,4,1,1,2,0,1,1,0,0,0,0,2,0,4.93114E+20,5.35132E+21,8.90713E+15,4.83151E+16
43871,8.1704E+18,8,2,37,28,2017,4,16,1,2,3,2,0,1,0,1,0,0,0,4.5665E+20,5.3681E+21,8.41359E+15,4.84645E+16
43872,8.1704E+18,8,3,26,27,2017,4,10,1,3,2,2,0,1,0,1,0,0,0,4.61691E+20,5.30771E+21,8.48722E+15,4.79216E+16
43873,8.1704E+18,8,3,17,89,2017,4,16,1,2,5,3,1,0,0,1,0,0,0,4.30607E+20,5.37869E+21,8.05956E+15,4.85574E+16
43874,8.1704E+18,8,3,16,12,2017,4,12,1,2,2,6,1,0,0,0,0,0,0,3.98856E+20,5.3317E+21,7.64065E+15,4.81305E+16
43875,8.1704E+18,8,3,11,0,2017,4,13,1,2,4,6,0,1,0,0,0,0,0,4.0721E+20,5.3149E+21,7.75655E+15,4.79806E+16
43876,8.1704E+18,8,2,26,103,2017,4,15,1,3,2,6,0,1,0,0,1,0,0,4.7201E+20,5.45901E+21,8.61514E+15,4.92832E+16
43877,8.1704E+18,8,2,15,25,2017,4,14,1,3,5,3,0,1,0,0,0,0,0,4.74962E+20,5.43506E+21,8.65721E+15,4.90679E+16
43878,8.1704E+18,8,2,12,0,2017,4,11,1,2,2,6,0,1,0,0,0,0,0,4.61719E+20,5.43042E+21,8.47636E+15,4.90254E+16
43879,8.1704E+18,8,2,15,99,2017,4,13,1,2,5,3,1,1,0,0,0,0,0,4.60296E+20,5.44526E+21,8.45543E+15,4.91588E+16
43880,8.1704E+18,8,2,35,8,2017,4,14,1,3,8,7,0,0,0,1,0,0,0,4.80992E+20,5.40298E+21,8.74126E+15,4.87795E+16
43881,8.1704E+18,8,2,31,0,2017,4,19,1,3,5,2,0,1,0,0,0,1,0,4.75989E+20,5.4155E+21,8.67243E+15,4.88919E+16
43882,8.1704E+18,8,2,36,43,2017,4,16,1,3,9,2,0,1,0,1,0,0,0,4.70454E+20,5.40943E+21,8.59735E+15,4.88371E+16
43883,8.1704E+18,8,2,36,13,2017,4,5,1,3,9,1,0,1,0,0,0,2,0,4.75402E+20,5.40876E+21,8.66483E+15,4.88314E+16
43884,8.1704E+18,8,2,36,40,2017,4,15,1,3,5,3,0,1,0,0,0,0,0,4.86214E+20,5.42109E+21,8.81173E+15,4.89426E+16
43885,8.1704E+18,8,2,26,98,2017,4,9,1,3,4,2,0,1,0,0,0,0,0,4.76058E+20,5.45954E+21,8.67076E+15,4.92881E+16
43886,8.1704E+18,8,2,26,96,2017,4,13,1,3,2,7,0,1,0,0,0,0,0,4.74557E+20,5.48945E+21,8.6482E+15,4.95571E+16
43887,8.1704E+18,8,2,21,0,2017,4,15,1,3,6,7,1,0,1,0,0,0,0,4.77791E+20,5.47296E+21,8.69384E+15,4.94089E+16
43888,8.1704E+18,8,2,16,15,2017,4,7,1,3,2,6,0,1,0,1,0,0,0,4.51778E+20,5.4036E+21,8.34355E+15,4.87836E+16
43889,8.1704E+18,8,2,15,107,2017,4,19,1,3,8,1,0,1,0,0,0,0,0,4.62475E+20,5.45889E+21,8.48404E+15,4.92816E+16
43890,8.1704E+18,8,3,17,31,2017,4,9,1,3,2,1,0,1,0,0,0,0,0,4.17565E+20,5.36071E+21,7.88638E+15,4.83942E+16
43891,8.1704E+18,8,1,26,66,2017,4,11,1,3,2,6,0,1,0,0,0,0,0,5.39626E+20,5.45127E+21,9.54409E+15,4.9213E+16
43892,8.1704E+18,8,1,36,10,2017,4,18,1,3,4,6,0,1,0,0,0,0,0,6.02439E+20,5.41099E+21,1.03962E+16,4.88434E+16
43893,8.1704E+18,8,1,35,20,2017,4,20,1,3,0,7,1,0,0,0,0,2,0,5.87546E+20,5.37971E+21,1.01866E+16,4.85643E+16
43894,8.1704E+18,8,1,28,115,2017,4,17,1,3,2,6,0,1,0,0,0,0,0,5.49176E+20,5.49429E+21,9.68053E+15,4.95992E+16
43895,8.1704E+18,8,1,36,27,2017,4,20,1,2,4,1,0,1,0,0,0,2,0,5.56543E+20,5.42091E+21,9.77211E+15,4.89386E+16
43896,8.1704E+18,8,1,25,17,2017,4,13,1,3,5,3,0,1,0,0,0,0,0,5.03997E+20,5.43193E+21,9.05469E+15,4.90402E+16
43897,8.1704E+18,8,1,19,20,2017,4,12,1,3,2,6,0,1,0,0,0,0,0,5.21984E+20,5.40581E+21,9.2994E+15,4.88049E+16
43898,8.1704E+18,8,1,17,37,2017,4,14,1,2,0,7,0,0,0,1,0,0,0,5.54116E+20,5.39619E+21,9.73571E+15,4.87164E+16
43899,8.1704E+18,8,1,16,41,2017,4,20,1,3,2,6,0,1,0,0,0,2,0,5.18997E+20,5.38369E+21,9.25769E+15,4.8606E+16
43900,8.1704E+18,8,1,16,72,2017,4,19,1,3,3,6,0,1,0,1,0,0,0,5.31543E+20,5.39167E+21,9.4285E+15,4.86773E+16
43901,8.1704E+18,8,1,16,15,2017,4,19,1,3,2,6,0,1,0,0,0,1,0,5.22506E+20,5.39478E+21,9.3059E+15,4.87056E+16
43902,8.1704E+18,8,1,16,19,2017,4,16,1,2,3,6,0,1,0,0,0,0,0,5.21235E+20,5.39857E+21,9.28883E+15,4.87398E+16
43903,8.1704E+18,8,1,15,28,2017,4,18,1,2,2,6,0,1,0,0,0,0,0,5.00691E+20,5.40335E+21,9.00941E+15,4.87831E+16
43904,8.1704E+18,8,1,11,0,2017,4,16,1,3,0,7,0,1,0,1,0,0,0,5.16434E+20,5.40421E+21,9.22375E+15,4.87906E+16
43905,8.1704E+18,8,1,11,0,2017,4,21,1,3,2,6,0,1,0,0,0,2,0,5.1278E+20,5.40759E+21,9.17411E+15,4.88212E+16
43906,8.1704E+18,8,4,36,55,2017,4,20,7,3,2,6,0,1,0,0,1,2,0,5.7422E+20,5.29723E+21,9.99161E+15,4.78241E+16
43907,8.1704E+18,8,4,36,11,2017,4,14,7,3,4,2,0,1,0,0,0,0,0,5.507E+20,5.29497E+21,9.67713E+15,4.78061E+16
43908,8.1704E+18,8,4,37,124,2017,4,19,7,3,8,1,0,1,0,0,0,1,0,5.17875E+20,5.3044E+21,9.23914E+15,4.78927E+16
43909,8.1704E+18,8,4,26,21,2017,4,18,7,3,5,3,0,1,0,0,0,0,0,5.59592E+20,5.32998E+21,9.80073E+15,4.81203E+16
43910,8.1704E+18,8,4,25,33,2017,4,5,7,3,9,1,0,1,0,0,0,2,0,5.56178E+20,5.34804E+21,9.75726E+15,4.82831E+16
43911,8.1704E+18,8,4,17,13,2017,4,2,7,3,8,1,0,1,0,0,0,2,0,5.07666E+20,5.35549E+21,9.10347E+15,4.83526E+16
43912,8.1704E+18,8,4,15,90,2017,4,15,7,3,9,1,0,0,0,1,0,0,0,5.24978E+20,5.35033E+21,9.33685E+15,4.83057E+16
43913,8.1704E+18,8,2,37,40,2017,4,20,7,3,3,6,0,1,0,0,0,2,0,4.82392E+20,5.36586E+21,8.76189E+15,4.84456E+16
43914,8.1704E+18,8,3,15,48,2017,4,13,7,3,2,6,0,1,0,0,0,0,0,3.98797E+20,5.31127E+21,7.6447E+15,4.79468E+16
43915,8.1704E+18,8,3,36,91,2017,4,9,7,3,5,2,1,1,0,0,0,0,0,3.94564E+20,5.27175E+21,7.59761E+15,4.75906E+16
43916,8.1704E+18,8,3,35,96,2017,4,15,7,3,8,1,0,0,0,1,0,0,0,5.04389E+20,5.30351E+21,9.05871E+15,4.78849E+16
43917,8.1704E+18,8,3,35,66,2017,4,18,7,3,5,2,0,1,0,0,0,0,0,5.09084E+20,5.28166E+21,9.12105E+15,4.76883E+16
43918,8.1704E+18,8,3,27,46,2017,4,16,7,3,0,1,1,0,0,0,0,0,0,4.80026E+20,5.32558E+21,8.7318E+15,4.80832E+16
43919,8.1704E+18,8,3,27,46,2017,4,16,7,3,2,6,0,1,0,0,0,0,0,4.80028E+20,5.32558E+21,8.73183E+15,4.80832E+16
43920,8.1704E+18,8,3,26,55,2017,4,16,7,3,4,1,0,1,0,1,0,0,0,4.37449E+20,5.33134E+21,8.15932E+15,4.81322E+16
43921,8.1704E+18,8,3,26,52,2017,4,11,7,2,4,6,0,1,0,1,0,0,0,4.54768E+20,5.32972E+21,8.39224E+15,4.81191E+16
43922,8.1704E+18,8,4,17,22,2017,4,8,7,2,4,2,0,1,0,0,0,0,0,4.87003E+20,5.34807E+21,8.82479E+15,4.82857E+16
43923,8.1704E+18,8,3,27,38,2017,4,13,7,2,8,1,0,0,0,1,0,0,0,4.95697E+20,5.31044E+21,8.94237E+15,4.79473E+16
43924,8.1704E+18,8,3,17,146,2017,4,13,7,3,9,7,0,1,0,0,0,0,0,4.30047E+20,5.35422E+21,8.05605E+15,4.83373E+16
43925,8.1704E+18,8,3,17,75,2017,4,15,7,3,5,3,0,1,0,0,0,0,0,4.11898E+20,5.35992E+21,7.81001E+15,4.83863E+16
43926,8.1704E+18,8,3,17,153,2017,4,1,7,3,9,1,0,1,0,0,0,2,0,4.21733E+20,5.39033E+21,7.93713E+15,4.86611E+16
43927,8.1704E+18,8,3,17,116,2017,4,13,7,3,2,6,0,1,0,0,0,0,0,4.33131E+20,5.38783E+21,8.09229E+15,4.864E+16
43928,8.1704E+18,8,3,17,57,2017,4,19,7,1,8,7,0,1,0,0,0,0,0,4.13133E+20,5.38094E+21,7.82233E+15,4.85755E+16
43929,8.1704E+18,8,3,16,17,2017,4,0,7,3,0,1,0,1,0,0,0,2,0,4.09322E+20,5.33943E+21,7.77963E+15,4.82016E+16
43930,8.1704E+18,8,3,15,98,2017,4,22,7,3,0,6,0,1,0,0,0,2,0,4.08185E+20,5.31355E+21,7.7699E+15,4.79687E+16
43931,8.1704E+18,8,3,11,0,2017,4,13,7,3,5,3,0,1,0,0,0,0,0,4.14748E+20,5.31579E+21,7.85737E+15,4.79897E+16
43932,8.1704E+18,8,3,16,3,2017,4,15,7,2,8,1,0,0,0,0,1,0,0,4.26505E+20,5.34217E+21,8.01036E+15,4.82285E+16
43933,8.1704E+18,8,2,26,76,2017,4,17,7,3,2,6,0,1,0,0,0,0,0,4.73164E+20,5.46483E+21,8.63061E+15,4.93356E+16
43934,8.1704E+18,8,2,36,46,2017,4,12,7,3,2,6,0,1,0,0,0,0,0,4.84196E+20,5.41593E+21,8.78437E+15,4.88961E+16
43935,8.1704E+18,8,2,15,46,2017,4,15,7,2,5,3,0,1,0,1,0,0,0,4.50568E+20,5.41564E+21,8.32562E+15,4.88918E+16
43936,8.1704E+18,8,3,17,1,2017,4,17,7,2,8,1,0,1,0,0,0,0,0,4.26854E+20,5.38525E+21,8.00755E+15,4.8616E+16
43937,8.1704E+18,8,2,37,45,2017,4,14,7,3,2,6,0,1,0,0,0,0,0,4.5926E+20,5.36249E+21,8.44943E+15,4.84143E+16
43938,8.1704E+18,8,2,31,0,2017,4,13,7,3,2,6,0,1,0,0,0,0,0,4.7887E+20,5.41569E+21,8.71173E+15,4.88938E+16
43939,8.1704E+18,8,2,31,0,2017,4,17,7,3,2,6,0,1,0,0,0,0,0,4.80658E+20,5.41682E+21,8.73607E+15,4.8904E+16
43940,8.1704E+18,8,2,36,76,2017,4,21,7,2,8,1,0,0,0,1,0,2,0,4.71074E+20,5.42505E+21,8.6047E+15,4.89777E+16
43941,8.1704E+18,8,2,25,14,2017,4,20,7,3,5,3,1,1,0,0,0,2,0,5.23519E+20,5.48577E+21,9.32498E+15,4.95241E+16
43942,8.1704E+18,8,2,25,60,2017,4,12,7,2,8,1,0,0,0,1,0,0,0,5.07617E+20,5.4874E+21,9.10527E+15,4.95392E+16
43943,8.1704E+18,8,2,16,17,2017,4,17,7,2,9,1,0,0,0,1,0,0,0,4.5715E+20,5.39803E+21,8.41725E+15,4.87338E+16
43944,8.1704E+18,8,2,16,63,2017,4,13,7,3,3,2,1,1,0,0,0,0,0,4.31008E+20,5.3996E+21,8.06151E+15,4.87456E+16
43945,8.1704E+18,8,2,16,43,2017,4,13,7,3,2,6,0,1,0,0,0,0,0,4.41553E+20,5.41096E+21,8.20332E+15,4.88488E+16
43946,8.1704E+18,8,2,12,0,2017,4,18,7,3,2,6,0,1,0,0,0,0,0,4.5488E+20,5.4271E+21,8.38318E+15,4.89952E+16
43947,8.1704E+18,8,2,12,0,2017,4,14,7,3,3,6,0,1,0,0,0,0,0,4.54906E+20,5.42671E+21,8.38357E+15,4.89916E+16
43948,8.1704E+18,8,2,16,6,2017,4,13,7,3,0,6,0,1,0,1,0,0,0,4.4716E+20,5.40935E+21,8.27995E+15,4.88349E+16
43949,8.1704E+18,8,1,18,21,2017,4,5,7,3,9,1,0,1,0,0,1,2,0,5.18142E+20,5.42982E+21,9.24814E+15,4.9021E+16
43950,8.1704E+18,8,1,15,45,2017,4,11,7,3,5,3,0,1,0,0,0,0,0,5.03879E+20,5.39507E+21,9.05272E+15,4.87087E+16
43951,8.1704E+18,8,1,36,65,2017,4,11,7,3,1,6,0,1,0,0,0,0,0,5.59936E+20,5.40584E+21,9.81623E+15,4.88027E+16
43952,8.1704E+18,8,1,36,37,2017,4,14,7,3,5,3,0,1,0,1,0,0,0,6.0205E+20,5.41653E+21,1.03923E+16,4.88933E+16
43953,8.1704E+18,8,1,36,50,2017,4,8,7,3,0,3,0,1,0,0,0,0,0,5.82358E+20,5.40416E+21,1.01212E+16,4.8785E+16
43954,8.1704E+18,8,1,36,71,2017,4,14,7,2,8,1,0,0,0,1,0,0,0,5.9963E+20,5.42498E+21,1.03613E+16,4.89697E+16
43955,8.1704E+18,8,1,35,16,2017,4,21,7,3,0,1,0,0,0,0,1,2,0,5.91843E+20,5.38567E+21,1.02462E+16,4.86173E+16
43956,8.1704E+18,8,1,27,12,2017,4,16,7,2,0,7,0,0,0,1,0,0,0,5.69326E+20,5.43161E+21,9.94846E+15,4.90335E+16
43957,8.1704E+18,8,1,27,101,2017,4,9,7,2,4,6,0,1,0,0,0,0,0,5.86244E+20,5.44615E+21,1.0183E+16,4.91621E+16
43958,8.1704E+18,8,1,26,46,2017,4,13,7,2,8,1,1,0,0,0,0,0,0,5.50879E+20,5.45902E+21,9.69958E+15,4.92818E+16
43959,8.1704E+18,8,1,25,24,2017,4,9,7,2,6,4,0,1,1,0,0,0,0,5.23472E+20,5.44406E+21,9.32187E+15,4.91489E+16
43960,8.1704E+18,8,1,25,65,2017,4,15,7,3,0,3,0,1,0,1,0,0,0,5.17005E+20,5.45002E+21,9.23344E+15,4.92028E+16
43961,8.1704E+18,8,1,25,26,2017,4,14,7,2,8,1,0,1,0,0,0,0,0,4.94574E+20,5.44484E+21,8.92558E+15,4.91564E+16
43962,8.1704E+18,8,1,25,6,2017,4,19,7,3,4,1,0,1,0,1,0,0,0,5.04052E+20,5.45329E+21,9.05565E+15,4.92324E+16
43963,8.1704E+18,8,1,19,89,2017,4,19,7,2,9,1,0,1,0,0,0,0,0,5.34158E+20,5.40856E+21,9.46542E+15,4.88291E+16
43964,8.1704E+18,8,1,19,86,2017,4,14,7,3,8,1,0,0,0,1,0,0,0,5.33822E+20,5.40336E+21,9.46041E+15,4.87823E+16
43965,8.1704E+18,8,1,19,8,2017,4,11,7,3,2,6,0,1,0,0,0,0,0,5.31294E+20,5.42171E+21,9.4274E+15,4.89475E+16
43966,8.1704E+18,8,1,18,59,2017,4,10,7,3,5,2,0,1,0,0,1,0,0,5.01673E+20,5.42027E+21,9.02284E+15,4.89353E+16
43967,8.1704E+18,8,1,18,10,2017,4,16,7,3,5,3,0,1,0,0,0,0,0,5.06789E+20,5.43251E+21,9.0929E+15,4.90454E+16
43968,8.1704E+18,8,1,16,71,2017,4,10,7,3,5,2,1,1,0,0,0,0,0,5.2804E+20,5.39107E+21,9.38087E+15,4.8672E+16
43969,8.1704E+18,8,1,15,46,2017,4,12,7,3,0,7,1,0,0,0,0,0,0,5.10532E+20,5.38884E+21,9.143E+15,4.86525E+16
43970,8.1704E+18,8,1,11,0,2017,4,13,7,3,2,6,0,1,0,0,0,0,0,5.14E+20,5.40304E+21,9.19056E+15,4.87802E+16
43971,8.1704E+18,8,1,11,0,2017,4,15,7,2,5,3,1,0,0,0,1,0,0,5.08242E+20,5.39743E+21,9.11208E+15,4.87298E+16
43972,8.1704E+18,8,1,11,0,2017,4,13,7,3,2,6,0,1,0,0,0,0,0,5.07146E+20,5.40729E+21,9.09735E+15,4.88185E+16
43973,8.1704E+18,8,1,11,0,2017,4,15,7,3,5,3,1,1,0,0,0,0,0,5.15288E+20,5.406E+21,9.20821E+15,4.88068E+16
43974,8.1704E+18,8,1,11,0,2017,4,17,7,3,5,3,0,1,0,1,0,0,0,5.16192E+20,5.40868E+21,9.22063E+15,4.88309E+16
43975,8.17033E+18,8,4,36,81,2017,3,15,6,3,2,6,0,1,0,0,0,0,0,5.61148E+20,5.28446E+21,9.81518E+15,4.77106E+16
43976,8.17033E+18,8,4,36,14,2017,3,12,6,3,5,3,0,1,0,0,1,0,0,5.56175E+20,5.30048E+21,9.75096E+15,4.78552E+16
43977,8.17033E+18,8,4,35,52,2017,3,17,6,3,8,7,1,0,0,0,0,0,0,5.21022E+20,5.2874E+21,9.2804E+15,4.77396E+16
43978,8.17033E+18,8,4,35,16,2017,3,15,6,3,2,6,0,1,0,0,0,0,0,5.3562E+20,5.27952E+21,9.47447E+15,4.76681E+16
43979,8.17033E+18,8,4,35,35,2017,3,14,6,2,2,6,0,1,0,0,0,0,0,5.39765E+20,5.28E+21,9.52973E+15,4.76722E+16
43980,8.17033E+18,8,4,36,95,2017,3,14,6,3,5,3,0,1,0,1,0,0,0,5.37326E+20,5.29389E+21,9.49843E+15,4.77973E+16
43981,8.17033E+18,8,4,37,88,2017,3,15,6,2,4,7,0,1,0,0,0,0,0,5.21477E+20,5.30556E+21,9.28737E+15,4.7903E+16
43982,8.17033E+18,8,4,25,88,2017,3,7,6,2,5,3,0,1,0,0,1,0,0,5.59473E+20,5.35088E+21,9.80206E+15,4.83083E+16
43983,8.17033E+18,8,4,26,44,2017,3,16,6,2,1,6,0,1,0,1,0,0,0,5.79882E+20,5.32699E+21,1.00728E+16,4.80911E+16
43984,8.17033E+18,8,4,26,71,2017,3,20,6,2,5,3,0,1,0,0,0,2,0,5.62962E+20,5.33357E+21,9.84654E+15,4.81522E+16
43985,8.17033E+18,8,4,26,71,2017,3,16,6,2,8,1,0,0,0,1,0,0,0,5.65012E+20,5.32911E+21,9.87343E+15,4.8112E+16
43986,8.17033E+18,8,4,17,22,2017,3,13,6,3,2,2,0,1,0,0,0,0,0,4.87006E+20,5.34806E+21,8.82484E+15,4.82856E+16
43987,8.17033E+18,8,4,15,50,2017,3,9,6,3,5,3,0,1,0,0,1,0,0,5.19551E+20,5.37731E+21,9.26492E+15,4.85486E+16
43988,8.17033E+18,8,3,36,106,2017,3,15,6,2,9,1,0,0,0,1,0,0,0,4.22827E+20,5.28862E+21,7.97048E+15,4.77463E+16
43989,8.17033E+18,8,3,36,50,2017,3,19,6,2,5,3,0,1,0,0,0,1,0,3.98298E+20,5.27612E+21,7.64625E+15,4.76305E+16
43990,8.17033E+18,8,3,35,79,2017,3,12,6,3,2,6,0,1,0,0,0,0,0,5.00706E+20,5.29611E+21,9.00943E+15,4.78184E+16
43991,8.17033E+18,8,3,35,77,2017,3,14,6,3,5,2,0,1,0,0,0,0,0,4.93619E+20,5.2909E+21,8.91484E+15,4.77715E+16
43992,8.17033E+18,8,3,35,98,2017,3,7,6,3,2,6,0,1,0,0,0,0,0,4.98863E+20,5.29377E+21,8.98482E+15,4.77972E+16
43993,8.17033E+18,8,3,35,55,2017,3,17,6,2,4,6,1,0,0,0,0,0,0,4.95293E+20,5.28658E+21,8.93722E+15,4.77326E+16
43994,8.17033E+18,8,4,36,14,2017,3,5,6,3,0,7,0,1,0,0,0,2,0,5.55144E+20,5.30025E+21,9.73715E+15,4.78532E+16
43995,8.17033E+18,8,3,35,99,2017,3,14,6,3,8,1,0,1,0,0,0,0,0,4.93592E+20,5.29695E+21,8.91439E+15,4.78259E+16
43996,8.17033E+18,8,3,27,57,2017,3,19,6,3,5,3,0,1,0,0,0,0,0,4.89001E+20,5.30818E+21,8.85276E+15,4.79269E+16
43997,8.17033E+18,8,3,26,12,2017,3,5,6,3,2,6,0,1,0,0,1,2,0,4.6362E+20,5.31335E+21,8.51256E+15,4.79724E+16
43998,8.17033E+18,8,3,17,1,2017,3,15,6,3,2,6,0,1,0,0,0,0,0,4.3124E+20,5.38701E+21,8.06676E+15,4.86324E+16
43999,8.17033E+18,8,3,17,96,2017,3,10,6,2,5,2,0,1,0,0,0,0,0,4.21364E+20,5.36879E+21,7.93618E+15,4.84673E+16
44000,8.17033E+18,8,3,15,52,2017,3,14,6,3,5,3,0,1,0,0,0,0,0,4.35041E+20,5.30617E+21,8.13076E+15,4.79055E+16
44001,8.17033E+18,8,3,15,6,2017,3,10,6,3,2,6,0,1,0,0,0,0,0,4.0421E+20,5.30615E+21,7.7183E+15,4.79015E+16
44002,8.17033E+18,8,3,15,15,2017,3,10,6,3,4,2,0,1,0,0,0,0,0,3.99762E+20,5.31365E+21,7.65706E+15,4.79683E+16
44003,8.17033E+18,8,3,36,69,2017,3,21,6,2,5,3,0,1,0,1,0,2,0,4.09634E+20,5.26889E+21,7.79859E+15,4.75671E+16
44004,8.17033E+18,8,3,15,102,2017,3,14,6,2,4,1,0,1,0,1,0,0,0,4.41208E+20,5.29387E+21,8.21495E+15,4.77955E+16
44005,8.17033E+18,8,2,15,39,2017,3,12,6,2,2,6,0,1,0,0,0,0,0,4.70945E+20,5.45492E+21,8.60079E+15,4.92464E+16
44006,8.17033E+18,8,2,36,46,2017,3,19,6,3,2,6,0,1,0,0,0,0,0,4.83826E+20,5.4166E+21,8.7793E+15,4.89021E+16
44007,8.17033E+18,8,2,15,99,2017,3,15,6,3,8,1,0,0,0,0,1,0,0,4.59947E+20,5.44381E+21,8.45079E+15,4.91458E+16