OBJECTID,UIDENTSTLA,ULAND,UREGBEZ,UKREIS,UGEMEINDE,UJAHR,UMONAT,USTUNDE,UWOCHENTAG,UKATEGORIE,UART,UTYP1,IstRad,IstPKW,IstFuss,IstKrad,IstSonstig,LICHT,STRZUSTAND,LINREFX,LINREFY,XGCSWGS84,YGCSWGS84
44181,8.17041E+18,8,1,16,11,2017,4,14,7,3,6,4,0,1,1,0,0,0,0,5.29142E+20,5.38004E+21,9.39506E+15,4.85728E+16
44182,8.17041E+18,8,1,35,19,2017,4,21,7,2,5,3,0,1,0,1,0,2,0,5.84443E+20,5.39238E+21,1.01472E+16,4.86788E+16
44183,8.17041E+18,8,1,16,49,2017,4,15,7,3,2,6,0,1,0,0,0,0,0,5.25283E+20,5.3855E+21,9.34308E+15,4.86221E+16
44184,8.17041E+18,8,1,15,42,2017,4,15,7,3,3,2,0,0,0,1,1,0,0,4.97031E+20,5.40663E+21,8.95956E+15,4.88127E+16
44185,8.17041E+18,8,1,36,42,2017,4,14,7,2,0,6,0,0,0,1,1,0,0,5.49606E+20,5.40486E+21,9.67544E+15,4.87947E+16
44186,8.17041E+18,8,1,11,0,2017,4,18,7,3,1,1,0,1,0,1,0,0,0,5.10699E+20,5.40338E+21,9.14564E+15,4.87833E+16
44187,8.17041E+18,8,1,11,0,2017,4,16,7,3,2,6,0,1,0,0,0,2,0,5.15444E+20,5.40504E+21,9.2103E+15,4.87981E+16
44188,8.17041E+18,8,4,37,65,2017,4,5,6,3,5,3,0,1,0,0,0,2,0,5.18565E+20,5.31867E+21,9.24898E+15,4.8021E+16
44189,8.17041E+18,8,4,36,14,2017,4,14,6,3,8,1,0,0,0,1,0,0,0,5.58179E+20,5.29972E+21,9.77764E+15,4.78482E+16
44190,8.17041E+18,8,4,36,18,2017,4,19,6,3,5,3,0,1,0,1,0,0,0,5.52163E+20,5.28404E+21,9.69535E+15,4.77076E+16
44191,8.17041E+18,8,4,35,34,2017,4,17,6,3,8,1,0,0,0,1,0,0,0,5.2953E+20,5.28622E+21,9.39381E+15,4.77287E+16
44192,8.17041E+18,8,4,35,16,2017,4,22,6,3,0,1,0,0,0,1,0,2,0,5.36027E+20,5.28166E+21,9.48008E+15,4.76873E+16
44193,8.17041E+18,8,4,26,13,2017,4,16,6,3,5,3,0,1,0,1,0,0,0,5.46276E+20,5.3225E+21,9.62101E+15,4.80541E+16
44194,8.17041E+18,8,4,26,87,2017,4,18,6,3,4,6,1,1,0,0,0,0,0,5.68797E+20,5.32358E+21,9.92337E+15,4.80618E+16
44195,8.17041E+18,8,4,25,33,2017,4,15,6,2,0,6,1,0,0,0,0,0,0,5.4468E+20,5.3455E+21,9.60201E+15,4.82611E+16
44196,8.17041E+18,8,4,26,58,2017,4,16,6,2,3,2,0,0,0,1,1,0,0,5.56478E+20,5.31834E+21,9.75736E+15,4.80159E+16
44197,8.17041E+18,8,4,26,44,2017,4,13,6,2,5,3,1,1,0,0,0,0,0,5.8067E+20,5.33034E+21,1.0084E+16,4.81212E+16
44198,8.17041E+18,8,4,25,20,2017,4,13,6,3,1,1,0,1,0,0,0,0,0,5.58792E+20,5.36146E+21,9.79436E+15,4.84035E+16
44199,8.17041E+18,8,4,17,79,2017,4,12,6,3,0,7,1,1,0,0,0,0,0,5.02055E+20,5.34268E+21,9.02768E+15,4.82373E+16
44200,8.17041E+18,8,4,15,50,2017,4,6,6,3,8,1,0,1,0,0,0,1,0,5.2216E+20,5.37851E+21,9.30033E+15,4.85593E+16
44201,8.17041E+18,8,4,16,48,2017,4,18,6,3,0,1,0,0,0,1,0,0,0,4.97533E+20,5.37767E+21,8.96657E+15,4.85521E+16
44202,8.17041E+18,8,3,16,43,2017,4,15,6,3,2,6,0,1,0,0,0,0,0,4.10369E+20,5.32715E+21,7.79631E+15,4.80913E+16
44203,8.17041E+18,8,3,37,60,2017,4,11,6,3,2,6,0,1,0,0,0,0,0,4.69026E+20,5.27875E+21,8.58747E+15,4.76614E+16
44204,8.17041E+18,8,3,36,81,2017,4,18,6,2,8,1,0,0,0,1,0,0,0,4.17264E+20,5.28168E+21,7.8976E+15,4.76832E+16
44205,8.17041E+18,8,3,35,43,2017,4,18,6,3,9,1,0,0,0,1,0,0,0,5.12256E+20,5.27989E+21,9.16327E+15,4.76723E+16
44206,8.17041E+18,8,4,35,16,2017,4,18,6,3,4,2,0,1,0,1,0,0,0,5.34658E+20,5.27921E+21,9.46163E+15,4.76654E+16
44207,8.17041E+18,8,3,27,50,2017,4,17,6,3,2,6,0,1,0,0,0,0,0,4.87181E+20,5.31595E+21,8.82816E+15,4.79967E+16
44208,8.17041E+18,8,3,16,10,2017,4,14,6,3,3,2,1,1,0,0,0,0,0,4.30185E+20,5.33537E+21,8.06103E+15,4.81678E+16
44209,8.17041E+18,8,3,36,87,2017,4,16,6,2,8,1,0,0,0,1,0,0,1,4.22883E+20,5.29121E+21,7.97077E+15,4.77696E+16
44210,8.17041E+18,8,2,16,24,2017,4,11,7,3,2,2,0,1,0,1,0,0,0,4.45659E+20,5.41059E+21,8.25934E+15,4.88459E+16
44211,8.17041E+18,8,2,15,102,2017,4,4,6,2,8,1,0,1,0,0,0,2,0,4.57405E+20,5.43869E+21,8.41648E+15,4.90996E+16
44212,8.17041E+18,8,2,12,0,2017,4,3,6,2,8,7,0,0,0,0,1,2,0,4.60083E+20,5.4282E+21,8.4542E+15,4.90054E+16
44213,8.17041E+18,8,2,37,45,2017,4,18,6,3,3,6,0,1,0,1,0,0,0,4.57193E+20,5.36206E+21,8.42154E+15,4.84102E+16
44214,8.17041E+18,8,2,35,7,2017,4,16,6,3,2,6,0,1,0,1,0,0,0,4.82405E+20,5.39901E+21,8.76067E+15,4.87438E+16
44215,8.17041E+18,8,2,35,7,2017,4,15,6,3,5,3,0,1,0,0,1,0,0,4.84479E+20,5.39667E+21,8.78897E+15,4.87228E+16
44216,8.17041E+18,8,2,35,85,2017,4,10,6,3,8,1,0,0,0,1,0,0,0,4.80358E+20,5.39618E+21,8.73296E+15,4.87183E+16
44217,8.17041E+18,8,2,36,4,2017,4,15,6,2,4,6,0,1,0,0,0,0,0,4.7336E+20,5.41537E+21,8.63658E+15,4.88907E+16
44218,8.17041E+18,8,2,25,33,2017,4,16,6,3,0,3,0,1,0,1,0,0,0,5.10669E+20,5.46095E+21,9.14675E+15,4.93012E+16
44219,8.17041E+18,8,2,21,0,2017,4,14,6,3,4,7,0,1,0,1,0,0,0,4.77554E+20,5.4732E+21,8.69056E+15,4.94111E+16
44220,8.17041E+18,8,2,16,17,2017,4,19,6,2,3,6,0,0,0,1,0,0,0,4.49891E+20,5.39997E+21,8.3183E+15,4.87507E+16
44221,8.17041E+18,8,2,15,21,2017,4,16,6,3,2,6,0,1,0,0,0,0,0,4.69174E+20,5.44343E+21,8.57734E+15,4.9143E+16
44222,8.17041E+18,8,2,15,7,2017,4,5,6,3,4,2,1,1,0,0,0,2,0,4.76723E+20,5.43511E+21,8.68132E+15,4.90684E+16
44223,8.17041E+18,8,2,15,100,2017,4,9,6,3,6,4,0,0,1,0,1,0,0,4.75117E+20,5.45183E+21,8.6583E+15,4.92188E+16
44224,8.17041E+18,8,2,12,0,2017,4,7,6,3,0,7,0,0,0,1,0,0,0,4.5562E+20,5.43271E+21,8.39268E+15,4.90457E+16
44225,8.17041E+18,8,2,12,0,2017,4,18,6,3,2,6,0,1,0,0,0,0,0,4.53082E+20,5.42878E+21,8.35841E+15,4.90101E+16
44226,8.17041E+18,8,1,18,27,2017,4,19,6,2,4,6,0,1,0,0,0,0,0,5.02468E+20,5.41005E+21,9.03364E+15,4.88434E+16
44227,8.17041E+18,8,1,15,3,2017,4,15,6,3,2,6,0,1,0,0,0,0,0,4.97333E+20,5.39121E+21,8.96378E+15,4.8674E+16
44228,8.17041E+18,8,1,18,81,2017,4,15,6,2,4,6,0,1,0,0,0,0,0,5.20422E+20,5.41363E+21,9.27851E+15,4.88753E+16
44229,8.17041E+18,8,1,36,19,2017,4,14,6,3,5,3,0,1,0,0,0,0,0,5.87577E+20,5.42551E+21,1.01968E+16,4.89763E+16
44230,8.17041E+18,8,1,35,26,2017,4,15,6,3,2,6,0,1,0,0,0,0,0,5.91849E+20,5.39674E+21,1.02487E+16,4.87169E+16
44231,8.17041E+18,8,1,35,25,2017,4,15,6,3,2,6,0,1,0,0,0,0,0,5.81053E+20,5.40099E+21,1.01028E+16,4.87567E+16
44232,8.17041E+18,8,1,35,20,2017,4,14,6,3,2,6,0,1,0,0,0,0,0,5.88527E+20,5.38458E+21,1.0201E+16,4.8608E+16
44233,8.17041E+18,8,1,25,58,2017,4,17,6,2,2,6,0,1,0,1,0,0,0,5.09933E+20,5.44365E+21,9.1362E+15,4.91456E+16
44234,8.17041E+18,8,1,21,0,2017,4,21,6,2,0,3,0,1,0,0,0,2,0,5.09669E+20,5.44745E+21,9.13267E+15,4.91798E+16
44235,8.17041E+18,8,1,21,0,2017,4,9,6,3,2,6,0,1,0,0,0,0,0,5.17052E+20,5.444E+21,9.23382E+15,4.91486E+16
44236,8.17041E+18,8,1,19,20,2017,4,13,6,3,2,6,0,1,0,1,0,0,0,5.19641E+20,5.40668E+21,9.26753E+15,4.88128E+16
44237,8.17041E+18,8,1,18,81,2017,4,14,6,2,4,6,0,1,0,0,1,0,0,5.19412E+20,5.41182E+21,9.26465E+15,4.8859E+16
44238,8.17041E+18,8,1,17,37,2017,4,7,6,3,8,1,1,0,0,0,0,0,0,5.55008E+20,5.39831E+21,9.74812E+15,4.87354E+16
44239,8.17041E+18,8,4,25,79,2017,4,16,6,2,8,1,0,1,0,0,0,0,0,5.59348E+20,5.37358E+21,9.80359E+15,4.85126E+16
44240,8.17041E+18,8,1,16,49,2017,4,21,6,3,1,7,0,1,0,0,0,2,0,5.24142E+20,5.38559E+21,9.3276E+15,4.86229E+16
44241,8.17041E+18,8,1,16,73,2017,4,16,6,3,8,1,0,0,0,1,0,0,0,5.19192E+20,5.39026E+21,9.26065E+15,4.86651E+16
44242,8.17041E+18,8,1,16,77,2017,4,6,6,3,5,3,0,1,0,1,0,2,0,5.1477E+20,5.38975E+21,9.20057E+15,4.86606E+16
44243,8.17041E+18,8,1,16,19,2017,4,15,6,3,0,7,0,0,0,0,1,0,0,5.22261E+20,5.39775E+21,9.30273E+15,4.87324E+16
44244,8.17041E+18,8,1,16,58,2017,4,16,6,3,9,1,0,1,0,0,0,0,0,5.34569E+20,5.39501E+21,9.46988E+15,4.87071E+16
44245,8.17041E+18,8,1,15,28,2017,4,15,6,3,2,6,0,1,0,0,0,0,0,5.03345E+20,5.40145E+21,9.04551E+15,4.8766E+16
44246,8.17041E+18,8,1,15,28,2017,4,13,6,3,2,6,0,1,0,0,0,0,0,5.03154E+20,5.40172E+21,9.04293E+15,4.87685E+16
44247,8.17041E+18,8,1,15,46,2017,4,17,6,3,0,1,1,0,0,0,0,0,0,5.09062E+20,5.39126E+21,9.12309E+15,4.86743E+16
44248,8.17041E+18,8,1,15,3,2017,4,12,6,3,0,7,1,1,0,0,0,0,0,5.00518E+20,5.39289E+21,9.00704E+15,4.86891E+16
44249,8.17041E+18,8,1,11,0,2017,4,16,6,2,2,6,0,1,0,0,0,0,0,5.13998E+20,5.40304E+21,9.19054E+15,4.87802E+16
44250,8.17041E+18,8,1,11,0,2017,4,22,6,3,4,7,0,1,0,0,0,2,0,5.11856E+20,5.40666E+21,9.16149E+15,4.88128E+16
44251,8.17041E+18,8,1,11,0,2017,4,15,6,3,2,6,0,1,0,0,0,0,0,5.18535E+20,5.40052E+21,9.25219E+15,4.87575E+16
44252,8.17041E+18,8,1,11,0,2017,4,7,6,3,6,2,0,0,1,0,1,0,0,5.14531E+20,5.40217E+21,9.19776E+15,4.87724E+16
44253,8.17041E+18,8,4,37,107,2017,4,6,5,3,5,2,1,1,0,0,0,0,0,5.00565E+20,5.32838E+21,9.00759E+15,4.81087E+16
44254,8.17041E+18,8,4,35,57,2017,4,18,5,3,2,6,0,1,0,0,0,0,0,5.43666E+20,5.2795E+21,9.58164E+15,4.76674E+16
44255,8.17041E+18,8,4,26,67,2017,4,18,5,2,9,1,0,1,0,0,0,0,0,5.24257E+20,5.33007E+21,9.32595E+15,4.81234E+16
44256,8.17041E+18,8,4,26,21,2017,4,6,5,2,6,4,0,1,1,0,0,1,0,5.59854E+20,5.32923E+21,9.80416E+15,4.81135E+16
44257,8.17041E+18,8,4,17,22,2017,4,17,5,3,2,2,0,1,0,0,0,0,0,4.85859E+20,5.34861E+21,8.80935E+15,4.82905E+16
44258,8.17041E+18,8,4,16,41,2017,4,20,5,3,5,3,0,1,0,0,0,2,0,5.0526E+20,5.3734E+21,9.07123E+15,4.85137E+16
44259,8.17041E+18,8,4,15,50,2017,4,8,5,1,4,6,0,1,0,0,1,0,0,5.19541E+20,5.37717E+21,9.26477E+15,4.85473E+16
44260,8.17041E+18,8,4,15,61,2017,4,11,5,3,2,6,0,1,0,0,1,0,0,5.16068E+20,5.37053E+21,9.21745E+15,4.84877E+16
44261,8.17041E+18,8,4,15,19,2017,4,9,5,3,6,7,0,0,1,0,1,0,0,5.19274E+20,5.37074E+21,9.26086E+15,4.84894E+16
44262,8.17041E+18,8,4,15,50,2017,4,10,5,3,2,6,0,1,0,0,0,0,0,5.194E+20,5.37509E+21,9.26276E+15,4.85286E+16
44263,8.17041E+18,8,4,15,73,2017,4,14,5,2,9,1,0,1,0,0,0,0,0,5.22685E+20,5.34623E+21,9.30569E+15,4.82689E+16
44264,8.17041E+18,8,3,37,128,2017,4,14,5,2,5,2,0,1,0,1,0,0,0,4.48371E+20,5.28878E+21,8.31119E+15,4.77504E+16
44265,8.17041E+18,8,3,36,81,2017,4,6,5,3,5,3,0,1,0,1,0,1,0,4.11025E+20,5.27737E+21,7.81537E+15,4.76436E+16
44266,8.17041E+18,8,4,36,82,2017,4,15,5,3,2,6,0,1,0,0,1,0,0,5.45421E+20,5.29563E+21,9.6067E+15,4.78124E+16
44267,8.17041E+18,8,3,27,54,2017,4,18,5,3,5,3,1,1,0,0,0,0,0,4.83265E+20,5.31807E+21,8.77559E+15,4.80157E+16
44268,8.17041E+18,8,3,26,74,2017,4,6,5,3,2,6,0,1,0,0,0,0,0,4.60543E+20,5.31999E+21,8.47073E+15,4.8032E+16
44269,8.17041E+18,8,3,25,60,2017,4,19,5,2,8,1,0,0,0,1,0,0,0,4.70635E+20,5.33954E+21,8.60475E+15,4.82084E+16
44270,8.17041E+18,8,3,26,74,2017,4,5,5,2,5,3,0,1,0,0,0,2,0,4.62919E+20,5.31983E+21,8.50262E+15,4.80307E+16
44271,8.17041E+18,8,4,17,13,2017,4,16,5,1,4,1,0,1,0,1,0,0,0,5.16007E+20,5.35208E+21,9.21593E+15,4.83217E+16
44272,8.17041E+18,8,3,17,96,2017,4,18,5,3,3,6,0,1,0,1,0,0,0,4.21113E+20,5.36876E+21,7.9328E+15,4.8467E+16
44273,8.17041E+18,8,3,17,100,2017,4,1,5,2,1,5,0,1,0,0,0,2,0,4.23975E+20,5.36688E+21,7.97185E+15,4.84505E+16
44274,8.17041E+18,8,3,17,96,2017,4,10,5,2,6,4,0,1,1,0,0,0,0,4.22182E+20,5.36967E+21,7.94708E+15,4.84754E+16
44275,8.17041E+18,8,3,36,91,2017,4,16,5,2,5,3,0,1,0,1,0,0,0,3.95223E+20,5.27132E+21,7.60648E+15,4.75868E+16
44276,8.17041E+18,8,2,26,95,2017,4,14,5,3,2,6,0,1,0,0,0,0,0,4.731E+20,5.46324E+21,8.62984E+15,4.93213E+16
44277,8.17041E+18,8,2,21,0,2017,4,18,5,3,2,6,0,1,0,0,0,0,0,4.73283E+20,5.46823E+21,8.63202E+15,4.93662E+16
44278,8.17041E+18,8,2,22,0,2017,4,10,5,3,9,1,0,0,0,1,0,0,0,4.6782E+20,5.48249E+21,8.55562E+15,4.94942E+16
44279,8.17041E+18,8,2,12,0,2017,4,11,5,2,5,3,1,1,0,0,0,0,0,4.53206E+20,5.43114E+21,8.35983E+15,4.90314E+16
44280,8.17041E+18,8,2,15,102,2017,4,5,5,3,5,3,0,1,0,0,0,1,0,4.56969E+20,5.4381E+21,8.41057E+15,4.90942E+16
44281,8.17041E+18,8,2,15,21,2017,4,17,5,3,2,6,0,1,0,0,0,0,0,4.69229E+20,5.44729E+21,8.5778E+15,4.91776E+16
44282,8.17041E+18,8,2,35,35,2017,4,16,5,3,6,4,0,1,1,0,0,0,0,4.6943E+20,5.40556E+21,8.58369E+15,4.88023E+16
44283,8.17041E+18,8,2,35,67,2017,4,0,5,3,8,7,0,1,0,0,0,2,0,4.86374E+20,5.39928E+21,8.81465E+15,4.87464E+16
44284,8.17041E+18,8,2,31,0,2017,4,21,5,3,2,2,0,1,0,0,0,2,0,4.84628E+20,5.4139E+21,8.79035E+15,4.88779E+16
44285,8.17041E+18,8,2,31,0,2017,4,8,5,3,5,2,0,1,0,0,0,0,0,4.78883E+20,5.41569E+21,8.7119E+15,4.88938E+16
44286,8.17041E+18,8,2,36,25,2017,4,18,5,3,8,1,0,0,0,1,0,0,0,4.8924E+20,5.40479E+21,8.85349E+15,4.8796E+16
44287,8.17041E+18,8,2,26,85,2017,4,12,5,3,4,2,0,1,0,0,0,0,0,4.91199E+20,5.45562E+21,8.87906E+15,4.92533E+16
44288,8.17041E+18,8,2,22,0,2017,4,18,5,3,3,6,0,1,0,0,0,0,0,4.60949E+20,5.48308E+21,8.46069E+15,4.94991E+16
44289,8.17041E+18,8,2,22,0,2017,4,7,5,3,2,6,0,1,0,0,0,0,0,4.6059E+20,5.48157E+21,8.45588E+15,4.94855E+16
44290,8.17041E+18,8,2,21,0,2017,4,17,5,3,2,6,0,1,0,0,0,0,0,4.77059E+20,5.46846E+21,8.68401E+15,4.93684E+16
44291,8.17041E+18,8,2,21,0,2017,4,8,5,3,1,6,0,1,0,0,0,0,0,4.72693E+20,5.46859E+21,8.62387E+15,4.93694E+16
44292,8.17041E+18,8,2,16,43,2017,4,8,5,3,5,2,0,1,0,1,0,0,0,4.43226E+20,5.41226E+21,8.22594E+15,4.88607E+16
44293,8.17041E+18,8,2,15,7,2017,4,18,5,3,2,6,0,1,0,0,0,0,0,4.75839E+20,5.43169E+21,8.66943E+15,4.90376E+16
44294,8.17041E+18,8,2,15,7,2017,4,8,5,3,2,6,0,1,0,0,0,0,0,4.76421E+20,5.43169E+21,8.67739E+15,4.90376E+16
44295,8.17041E+18,8,2,15,17,2017,4,8,5,3,2,6,0,1,0,0,0,0,0,4.53899E+20,5.422E+21,8.37035E+15,4.89492E+16
44296,8.17041E+18,8,1,25,102,2017,4,16,5,3,2,6,0,1,0,0,0,0,0,5.21464E+20,5.44508E+21,9.29439E+15,4.91582E+16
44297,8.17041E+18,8,1,15,45,2017,4,17,5,3,2,6,0,1,0,0,0,0,0,5.00278E+20,5.39341E+21,9.00378E+15,4.86937E+16
44298,8.17041E+18,8,1,15,28,2017,4,8,5,3,2,6,0,1,0,0,1,0,0,4.99653E+20,5.40355E+21,8.99527E+15,4.87849E+16
44299,8.17041E+18,8,1,18,80,2017,4,8,5,3,2,6,0,1,0,0,1,0,0,5.08855E+20,5.41108E+21,9.12071E+15,4.88526E+16
44300,8.17041E+18,8,1,35,19,2017,4,20,5,2,9,1,1,0,0,0,0,0,0,5.85262E+20,5.3921E+21,1.01582E+16,4.86761E+16
44301,8.17041E+18,8,1,35,19,2017,4,17,5,2,5,3,0,1,0,1,0,0,0,5.89949E+20,5.40068E+21,1.02237E+16,4.87526E+16
44302,8.17041E+18,8,1,35,19,2017,4,12,5,3,3,6,1,0,0,0,1,0,0,5.85186E+20,5.39295E+21,1.01574E+16,4.86838E+16
44303,8.17041E+18,8,1,35,16,2017,4,13,5,3,5,3,0,1,0,0,0,0,0,5.89939E+20,5.39026E+21,1.02213E+16,4.86589E+16
44304,8.17041E+18,8,1,28,7,2017,4,23,5,3,5,3,0,1,0,0,0,2,0,5.54383E+20,5.48502E+21,9.7513E+15,4.95154E+16
44305,8.17041E+18,8,1,27,14,2017,4,7,5,3,0,1,0,0,0,1,0,0,0,5.7886E+20,5.44568E+21,1.00816E+16,4.91589E+16
44306,8.17041E+18,8,1,25,113,2017,4,17,5,3,1,6,0,1,0,1,0,0,0,5.30432E+20,5.4512E+21,9.41785E+15,4.92128E+16
44307,8.17041E+18,8,1,21,0,2017,4,18,5,3,2,6,0,1,0,0,0,0,0,5.15411E+20,5.44334E+21,9.21131E+15,4.91427E+16
44308,8.17041E+18,8,1,19,79,2017,4,20,5,3,2,6,0,1,0,0,0,2,0,5.2153E+20,5.40743E+21,9.2933E+15,4.88195E+16
44309,8.17041E+18,8,1,19,44,2017,4,12,5,2,0,6,0,1,0,0,1,0,0,5.49409E+20,5.42179E+21,9.67481E+15,4.8947E+16
44310,8.17041E+18,8,1,19,37,2017,4,15,5,2,9,1,0,1,0,0,0,0,0,5.50135E+20,5.41708E+21,9.68413E+15,4.89046E+16
44311,8.17041E+18,8,1,19,85,2017,4,8,5,2,9,1,0,0,0,1,0,0,0,5.30976E+20,5.41624E+21,9.42264E+15,4.88983E+16
44312,8.17041E+18,8,1,19,20,2017,4,5,5,2,5,3,1,1,0,0,0,2,0,5.20798E+20,5.40585E+21,9.28324E+15,4.88053E+16
44313,8.17041E+18,8,1,18,11,2017,4,14,5,3,5,3,0,1,0,0,1,0,0,5.05614E+20,5.4078E+21,9.07648E+15,4.88231E+16
44314,8.17041E+18,8,1,15,45,2017,4,14,5,3,2,6,0,1,0,0,0,0,0,5.02579E+20,5.39893E+21,9.03508E+15,4.87434E+16
44315,8.17041E+18,8,1,17,42,2017,4,17,5,3,1,6,0,1,0,0,0,0,0,5.54184E+20,5.39334E+21,9.73626E+15,4.86907E+16
44316,8.17041E+18,8,4,21,0,2017,4,6,5,2,0,7,1,0,0,0,0,2,0,5.70767E+20,5.35814E+21,9.95558E+15,4.83724E+16
44317,8.17041E+18,8,1,16,49,2017,4,13,5,3,2,6,0,1,0,0,0,0,0,5.25126E+20,5.38579E+21,9.34097E+15,4.86246E+16
44318,8.17041E+18,8,1,16,16,2017,4,17,5,3,2,6,0,1,0,0,0,0,0,5.33579E+20,5.38616E+21,9.4557E+15,4.86276E+16
44319,8.17041E+18,8,1,15,29,2017,4,8,5,3,2,6,0,1,0,0,1,0,0,4.96018E+20,5.39646E+21,8.94586E+15,4.87212E+16
44320,8.17041E+18,8,1,15,3,2017,4,16,5,3,2,6,0,1,0,0,0,0,0,4.97981E+20,5.3928E+21,8.97256E+15,4.86883E+16
44321,8.17041E+18,8,1,11,0,2017,4,19,5,2,9,1,0,0,0,1,0,2,0,5.13497E+20,5.40577E+21,9.18381E+15,4.88048E+16
44322,8.17041E+18,8,1,11,0,2017,4,7,5,3,2,6,0,1,0,0,0,0,0,5.15368E+20,5.40593E+21,9.2093E+15,4.88062E+16
44323,8.17041E+18,8,4,36,67,2017,4,5,4,3,4,6,0,1,0,0,1,1,1,5.32229E+20,5.3062E+21,9.43128E+15,4.79083E+16
44324,8.17041E+18,8,4,36,39,2017,4,13,4,3,2,2,0,1,0,1,0,0,0,5.51598E+20,5.28735E+21,9.68822E+15,4.77375E+16
44325,8.17041E+18,8,4,35,16,2017,4,14,4,3,3,6,1,1,0,0,0,0,0,5.35643E+20,5.27898E+21,9.47473E+15,4.76633E+16
44326,8.17041E+18,8,4,26,1,2017,4,0,4,3,8,1,0,1,0,0,0,2,0,5.67276E+20,5.34608E+21,9.90652E+15,4.82644E+16
44327,8.17041E+18,8,4,26,28,2017,4,6,4,3,5,3,0,1,0,0,0,0,0,5.67094E+20,5.34201E+21,9.90343E+15,4.82278E+16
44328,8.17041E+18,8,4,25,75,2017,4,21,4,2,7,1,0,0,0,1,0,2,0,5.68209E+20,5.37957E+21,9.92454E+15,4.85655E+16
44329,8.17041E+18,8,4,25,8,2017,4,9,4,3,5,3,0,1,0,0,0,0,0,5.63954E+20,5.38182E+21,9.86721E+15,4.85862E+16
44330,8.17041E+18,8,4,25,108,2017,4,15,4,3,5,3,0,1,0,0,0,0,0,5.5374E+20,5.35725E+21,9.72557E+15,4.83661E+16
44331,8.17041E+18,8,4,17,8,2017,4,8,4,3,2,2,0,1,0,0,0,0,0,4.94423E+20,5.35012E+21,8.92479E+15,4.83043E+16
44332,8.17041E+18,8,4,15,61,2017,4,7,4,3,6,4,0,1,1,0,0,0,0,5.15294E+20,5.37112E+21,9.20701E+15,4.8493E+16
44333,8.17041E+18,8,4,15,59,2017,4,18,4,2,2,2,0,1,0,0,0,0,0,5.15864E+20,5.36518E+21,9.21449E+15,4.84396E+16
44334,8.17041E+18,8,3,11,0,2017,4,16,4,3,3,6,0,1,0,0,1,0,0,4.0677E+20,5.31635E+21,7.75033E+15,4.79937E+16
44335,8.17041E+18,8,3,36,81,2017,4,15,4,3,0,1,0,0,0,1,0,0,0,4.15635E+20,5.28115E+21,7.876E+15,4.76782E+16
44336,8.17041E+18,8,3,36,105,2017,4,13,4,3,2,6,0,1,0,0,0,0,0,4.03535E+20,5.26658E+21,7.71803E+15,4.75455E+16
44337,8.17041E+18,8,3,35,75,2017,4,17,4,3,0,3,0,1,0,1,0,0,0,4.91118E+20,5.28975E+21,8.88148E+15,4.77611E+16
44338,8.17041E+18,8,4,17,22,2017,4,17,4,2,5,3,0,1,0,0,1,0,0,4.79758E+20,5.3519E+21,8.72695E+15,4.832E+16
44339,8.17041E+18,8,3,17,65,2017,4,12,4,3,2,6,0,1,0,0,0,0,0,4.1652E+20,5.35446E+21,7.87352E+15,4.83378E+16
44340,8.17041E+18,8,1,36,35,2017,4,4,7,2,8,1,0,1,0,0,0,2,0,5.86022E+20,5.43384E+21,1.01773E+16,4.90514E+16
44341,8.17041E+18,8,3,15,6,2017,4,12,4,3,0,7,0,0,0,1,1,0,1,4.03934E+20,5.30654E+21,7.71451E+15,4.7905E+16
44342,8.17041E+18,8,3,15,108,2017,4,13,4,3,5,3,1,1,0,0,0,0,0,4.03017E+20,5.3023E+21,7.7032E+15,4.78667E+16
44343,8.17041E+18,8,3,36,81,2017,4,16,4,2,5,3,0,1,0,1,0,0,0,4.09499E+20,5.27788E+21,7.79495E+15,4.7648E+16
44344,8.17041E+18,8,2,26,103,2017,4,16,4,3,2,6,0,1,0,0,0,0,0,4.71369E+20,5.45666E+21,8.60648E+15,4.9262E+16
44345,8.17041E+18,8,2,21,0,2017,4,16,4,3,2,6,0,1,0,0,1,0,0,4.73542E+20,5.47318E+21,8.63525E+15,4.94107E+16
44346,8.17041E+18,8,2,15,59,2017,4,7,4,3,4,2,0,1,0,0,0,0,0,4.84202E+20,5.43647E+21,8.78366E+15,4.90809E+16
44347,8.17041E+18,8,2,15,59,2017,4,10,4,2,0,7,0,0,0,1,0,0,0,4.85845E+20,5.43521E+21,8.80621E+15,4.90696E+16
44348,8.17041E+18,8,2,15,103,2017,4,11,4,3,8,1,0,1,0,0,0,0,0,4.68076E+20,5.44443E+21,8.5622E+15,4.91519E+16
44349,8.17041E+18,8,2,15,110,2017,4,8,4,3,4,2,0,1,0,0,0,0,0,4.61926E+20,5.42049E+21,8.48011E+15,4.89362E+16
44350,8.17041E+18,8,2,37,27,2017,4,15,4,3,2,6,0,1,0,0,1,0,0,4.80777E+20,5.36938E+21,8.7399E+15,4.84772E+16
44351,8.17041E+18,8,2,31,0,2017,4,13,4,3,0,7,0,0,0,1,0,0,0,4.77002E+20,5.41599E+21,8.68623E+15,4.88964E+16
44352,8.17041E+18,8,2,26,17,2017,4,16,4,3,9,1,0,1,0,0,0,0,0,4.93149E+20,5.46436E+21,8.9057E+15,4.93319E+16
44353,8.17041E+18,8,2,26,58,2017,4,13,4,3,5,3,0,1,0,0,0,0,0,4.9198E+20,5.46248E+21,8.88965E+15,4.9315E+16
44354,8.17041E+18,8,2,26,29,2017,4,6,4,2,4,6,0,1,0,0,0,0,0,4.83928E+20,5.48236E+21,8.77806E+15,4.94937E+16