OBJECTID,UIDENTSTLA,ULAND,UREGBEZ,UKREIS,UGEMEINDE,UJAHR,UMONAT,USTUNDE,UWOCHENTAG,UKATEGORIE,UART,UTYP1,IstRad,IstPKW,IstFuss,IstKrad,IstSonstig,LICHT,STRZUSTAND,LINREFX,LINREFY,XGCSWGS84,YGCSWGS84
44878,8.17041E+18,8,2,15,46,2017,4,14,1,2,7,7,0,0,0,1,0,0,0,4.5689E+20,5.4133E+21,8.41212E+15,4.88711E+16
44879,8.17041E+18,8,2,15,101,2017,4,13,1,3,1,5,0,1,0,0,0,0,0,4.65455E+20,5.42792E+21,8.52768E+15,4.90032E+16
44880,8.17041E+18,8,2,16,17,2017,4,14,1,2,4,7,0,1,0,1,0,0,0,4.59146E+20,5.39481E+21,8.44472E+15,4.8705E+16
44881,8.17041E+18,8,2,12,0,2017,4,23,7,3,7,7,0,1,0,0,0,2,0,4.64368E+20,5.43079E+21,8.51256E+15,4.9029E+16
44882,8.17041E+18,8,3,15,72,2017,4,20,7,2,4,1,0,1,0,0,0,0,0,3.99739E+20,5.32083E+21,7.65507E+15,4.80329E+16
44883,8.17042E+18,8,3,11,0,2017,4,15,1,3,5,1,1,1,0,0,0,0,0,4.12793E+20,5.31816E+21,7.83068E+15,4.80108E+16
44884,8.17042E+18,8,2,26,103,2017,4,14,1,3,2,6,0,1,0,0,0,0,0,4.72178E+20,5.45815E+21,8.61751E+15,4.92754E+16
44885,8.17042E+18,8,2,15,96,2017,4,16,1,3,2,6,0,1,0,0,0,0,0,4.6565E+20,5.4206E+21,8.53096E+15,4.89373E+16
44886,8.17041E+18,8,3,11,0,2017,4,18,6,3,2,6,0,1,0,0,1,0,0,4.14418E+20,5.32254E+21,7.85159E+15,4.80504E+16
44887,8.17042E+18,8,2,12,0,2017,4,5,1,3,5,2,0,1,0,0,0,2,0,4.55206E+20,5.42881E+21,8.38744E+15,4.90105E+16
44888,8.17041E+18,8,2,15,59,2017,4,15,6,2,8,1,0,0,0,0,1,0,0,4.83455E+20,5.43314E+21,8.77356E+15,4.90509E+16
44889,8.17042E+18,8,2,31,0,2017,4,19,1,3,2,6,0,1,0,0,0,0,0,4.76446E+20,5.41571E+21,8.67865E+15,4.88939E+16
44890,8.17041E+18,8,2,12,0,2017,4,17,6,2,3,6,0,1,0,0,0,0,0,4.61733E+20,5.43041E+21,8.47656E+15,4.90254E+16
44891,8.17042E+18,8,2,31,0,2017,4,2,1,3,8,1,0,1,0,0,0,2,1,4.74885E+20,5.41031E+21,8.65768E+15,4.88453E+16
44892,8.17042E+18,8,2,31,0,2017,4,13,1,3,5,3,0,1,0,1,0,0,0,4.76809E+20,5.41367E+21,8.68372E+15,4.88756E+16
44893,8.17041E+18,8,2,11,0,2017,4,19,6,3,8,1,0,1,0,0,0,1,0,4.41742E+20,5.39963E+21,8.2075E+15,4.8747E+16
44894,8.17042E+18,8,2,16,15,2017,4,12,1,3,8,1,0,0,0,1,0,0,0,4.52973E+20,5.4087E+21,8.35923E+15,4.88295E+16
44895,8.17042E+18,8,2,15,9,2017,4,9,1,3,9,1,0,0,0,1,0,0,0,4.7387E+20,5.43832E+21,8.64206E+15,4.90971E+16
44896,8.17041E+18,8,2,37,4,2017,4,21,6,3,5,3,0,1,0,1,0,2,0,4.52847E+20,5.37525E+21,8.36133E+15,4.85286E+16
44897,8.17042E+18,8,2,15,59,2017,4,22,1,3,1,6,0,1,0,0,0,2,0,4.86706E+20,5.43367E+21,8.81805E+15,4.90558E+16
44898,8.17042E+18,8,1,15,29,2017,4,10,1,2,4,6,0,1,0,0,0,0,0,4.96223E+20,5.39893E+21,8.94863E+15,4.87434E+16
44899,8.17042E+18,8,1,27,12,2017,4,12,1,2,4,7,0,1,0,1,0,0,0,5.6796E+20,5.43157E+21,9.92977E+15,4.90333E+16
44900,8.17042E+18,8,1,26,47,2017,4,9,1,3,4,2,0,1,0,0,0,0,0,5.49976E+20,5.45014E+21,9.68605E+15,4.9202E+16
44901,8.17042E+18,8,1,25,46,2017,4,22,1,3,8,1,0,1,0,0,0,2,0,5.17914E+20,5.43361E+21,9.2452E+15,4.90551E+16
44902,8.17042E+18,8,1,19,79,2017,4,12,1,3,5,3,0,1,0,0,0,0,0,5.23979E+20,5.41128E+21,9.32689E+15,4.8854E+16
44903,8.17042E+18,8,1,16,41,2017,4,19,1,3,2,6,0,1,0,0,0,1,0,5.1877E+20,5.38451E+21,9.25465E+15,4.86134E+16
44904,8.17042E+18,8,1,16,33,2017,4,17,1,3,2,6,0,1,0,0,0,0,0,5.33583E+20,5.38641E+21,9.45578E+15,4.86298E+16
44905,8.17042E+18,8,1,15,24,2017,4,4,1,3,8,7,0,1,0,0,0,2,0,5.01927E+20,5.38742E+21,9.02616E+15,4.86398E+16
44906,8.17042E+18,8,4,37,100,2017,4,14,7,3,2,6,0,1,0,0,0,0,0,5.38178E+20,5.3171E+21,9.51187E+15,4.80061E+16
44907,8.17042E+18,8,4,36,81,2017,4,0,7,2,2,6,0,1,0,0,0,2,0,5.64939E+20,5.28581E+21,9.86592E+15,4.77224E+16
44908,8.17042E+18,8,3,25,69,2017,4,22,7,3,8,1,0,1,0,0,0,2,1,4.68089E+20,5.33246E+21,8.57101E+15,4.81446E+16
44909,8.17042E+18,8,3,37,126,2017,4,10,7,3,5,3,0,1,0,0,0,0,0,4.47039E+20,5.27589E+21,8.29499E+15,4.76343E+16
44910,8.17042E+18,8,3,26,12,2017,4,18,7,3,8,1,0,0,0,1,0,0,0,4.57362E+20,5.31167E+21,8.42889E+15,4.79569E+16
44911,8.17042E+18,8,3,26,27,2017,4,21,7,3,9,1,0,1,0,0,0,2,0,4.62611E+20,5.30451E+21,8.49981E+15,4.78929E+16
44912,8.17042E+18,8,3,17,40,2017,4,18,7,3,2,2,0,1,0,0,0,0,0,4.32895E+20,5.34652E+21,8.09571E+15,4.82683E+16
44913,8.17042E+18,8,3,16,10,2017,4,10,7,3,8,1,0,0,0,1,0,0,0,4.301E+20,5.33555E+21,8.05987E+15,4.81694E+16
44914,8.17042E+18,8,3,15,131,2017,4,15,7,3,3,6,0,1,0,0,0,0,0,4.04814E+20,5.30924E+21,7.7257E+15,4.79294E+16
44915,8.17042E+18,8,2,26,76,2017,4,1,7,3,3,6,0,1,0,0,0,2,0,4.73213E+20,5.4661E+21,8.6312E+15,4.9347E+16
44916,8.17042E+18,8,2,15,17,2017,4,17,7,2,9,1,0,1,0,0,0,0,1,4.5662E+20,5.41437E+21,8.40833E+15,4.88807E+16
44917,8.17042E+18,8,2,35,35,2017,4,15,7,3,8,1,0,1,0,0,0,0,1,4.69335E+20,5.40487E+21,8.58246E+15,4.87961E+16
44918,8.17042E+18,8,2,35,85,2017,4,23,7,3,0,1,0,0,0,1,0,2,1,4.82571E+20,5.39503E+21,8.76309E+15,4.8708E+16
44919,8.17042E+18,8,2,31,0,2017,4,19,7,2,6,4,0,1,1,0,0,0,1,4.75556E+20,5.41522E+21,8.66654E+15,4.88894E+16
44920,8.17042E+18,8,2,31,0,2017,4,14,7,2,2,3,0,1,0,0,1,0,1,4.7958E+20,5.41829E+21,8.72129E+15,4.89172E+16
44921,8.17041E+18,8,2,15,9,2017,4,12,6,3,4,2,1,1,0,0,0,0,0,4.69685E+20,5.44045E+21,8.58457E+15,4.91161E+16
44922,8.17042E+18,8,2,12,0,2017,4,23,7,3,3,6,0,1,0,0,0,2,0,4.56388E+20,5.42673E+21,8.40384E+15,4.8992E+16
44923,8.17042E+18,8,1,18,80,2017,4,17,7,3,9,1,0,0,0,1,0,0,1,5.08792E+20,5.41085E+21,9.11984E+15,4.88506E+16
44924,8.17041E+18,8,2,16,9,2017,4,23,6,3,6,4,0,1,1,0,0,2,0,4.47119E+20,5.42128E+21,8.27784E+15,4.89421E+16
44925,8.17042E+18,8,1,36,88,2017,4,16,7,3,5,2,0,1,0,0,0,0,1,5.76547E+20,5.41374E+21,1.00439E+16,4.88719E+16
44926,8.17042E+18,8,1,28,131,2017,4,12,7,3,4,1,0,1,0,0,0,0,1,5.36633E+20,5.51131E+21,9.50856E+15,4.97532E+16
44927,8.17041E+18,8,1,15,3,2017,4,15,6,2,5,3,1,1,0,0,0,0,0,5.03616E+20,5.39192E+21,9.04913E+15,4.86803E+16
44928,8.17042E+18,8,1,28,131,2017,4,16,7,2,8,1,0,0,0,1,0,0,0,5.3976E+20,5.5061E+21,9.55143E+15,4.97061E+16
44929,8.17041E+18,8,1,35,16,2017,4,11,6,3,5,3,0,1,0,0,0,0,0,5.91169E+20,5.3869E+21,1.02373E+16,4.86285E+16
44930,8.17042E+18,8,1,25,6,2017,4,16,7,2,9,1,0,1,0,0,0,0,1,5.0368E+20,5.45074E+21,9.05052E+15,4.92094E+16
44931,8.17041E+18,8,1,35,20,2017,4,11,6,3,2,6,0,1,0,0,0,0,0,5.8501E+20,5.38032E+21,1.01524E+16,4.85702E+16
44932,8.17042E+18,8,1,25,21,2017,4,17,7,3,8,7,0,1,0,0,0,0,0,5.22973E+20,5.44689E+21,9.31519E+15,4.91744E+16
44933,8.17042E+18,8,1,19,4,2017,4,16,7,3,0,1,0,0,0,1,0,0,1,5.4279E+20,5.41917E+21,9.58414E+15,4.8924E+16
44934,8.17042E+18,8,1,18,68,2017,4,12,7,3,1,1,0,1,0,0,0,0,1,5.00871E+20,5.42314E+21,9.0119E+15,4.89612E+16
44935,8.17042E+18,8,1,18,79,2017,4,19,7,3,0,7,0,0,0,1,1,0,1,5.10192E+20,5.42084E+21,9.13917E+15,4.89404E+16
44936,8.17042E+18,8,4,25,8,2017,4,22,7,2,8,1,0,1,0,0,0,2,1,5.65074E+20,5.37959E+21,9.88206E+15,4.8566E+16
44937,8.17041E+18,8,1,25,94,2017,4,19,6,3,8,1,0,0,0,1,0,0,0,5.14391E+20,5.43667E+21,9.19708E+15,4.90827E+16
44938,8.17042E+18,8,1,15,45,2017,4,15,7,3,5,3,0,1,0,0,0,0,1,5.02189E+20,5.3949E+21,9.02975E+15,4.87071E+16
44939,8.17042E+18,8,4,36,64,2017,4,16,6,3,2,6,0,1,0,0,0,0,0,5.44112E+20,5.29203E+21,9.58886E+15,4.77801E+16
44940,8.17041E+18,8,1,25,98,2017,4,18,6,3,9,1,0,0,0,1,0,0,0,5.25195E+20,5.43708E+21,9.34506E+15,4.90861E+16
44941,8.17042E+18,8,4,36,64,2017,4,18,6,3,4,2,0,1,0,0,0,0,0,5.42803E+20,5.29257E+21,9.57144E+15,4.77851E+16
44942,8.17042E+18,8,4,25,14,2017,4,19,6,3,5,6,0,1,0,0,0,0,0,5.73782E+20,5.37123E+21,9.99859E+15,4.84898E+16
44943,8.17041E+18,8,1,25,69,2017,4,23,6,3,8,1,0,1,0,0,0,2,0,5.24954E+20,5.45391E+21,9.3428E+15,4.92375E+16
44944,8.17042E+18,8,4,21,0,2017,4,14,6,2,4,2,0,1,0,0,0,0,0,5.72384E+20,5.3653E+21,9.97864E+15,4.84366E+16
44945,8.17042E+18,8,4,25,33,2017,4,10,6,2,5,3,1,1,0,0,0,0,0,5.55683E+20,5.34801E+21,9.75058E+15,4.82828E+16
44946,8.17042E+18,8,4,17,29,2017,4,17,6,3,4,6,0,1,0,0,0,0,0,4.89273E+20,5.33882E+21,8.85564E+15,4.82025E+16
44947,8.17042E+18,8,4,16,36,2017,4,13,6,3,2,6,0,1,0,0,1,0,0,4.94587E+20,5.37053E+21,8.92674E+15,4.84879E+16
44948,8.17042E+18,8,4,15,29,2017,4,14,6,3,4,3,0,1,0,0,0,0,0,5.2353E+20,5.38035E+21,9.319E+15,4.85758E+16
44949,8.17042E+18,8,4,15,58,2017,4,17,6,3,8,1,0,0,0,1,0,0,0,5.28361E+20,5.34746E+21,9.38227E+15,4.82797E+16
44950,8.17042E+18,8,4,15,29,2017,4,17,6,3,1,6,0,1,0,0,0,0,0,5.23515E+20,5.38027E+21,9.31879E+15,4.8575E+16
44951,8.17042E+18,8,3,36,43,2017,4,16,6,3,2,6,0,1,0,0,0,0,0,4.02874E+20,5.27259E+21,7.70792E+15,4.75995E+16
44952,8.17042E+18,8,3,37,62,2017,4,19,6,3,8,1,0,1,0,0,0,0,0,4.57663E+20,5.27307E+21,8.43668E+15,4.76097E+16
44953,8.17042E+18,8,3,36,50,2017,4,20,6,3,5,2,1,1,0,0,0,0,0,3.99796E+20,5.27466E+21,7.66652E+15,4.76176E+16
44954,8.17042E+18,8,3,35,21,2017,4,20,6,3,9,1,0,1,0,0,0,0,0,4.90249E+20,5.30257E+21,8.86959E+15,4.78764E+16
44955,8.17042E+18,8,3,26,37,2017,4,15,6,3,2,6,0,1,0,0,0,0,0,4.57667E+20,5.32642E+21,8.43151E+15,4.80897E+16
44956,8.17041E+18,8,1,25,5,2017,4,22,6,3,2,6,0,1,0,0,0,2,0,5.15075E+20,5.45276E+21,9.20705E+15,4.92275E+16
44957,8.17041E+18,8,1,25,26,2017,4,20,6,3,0,7,0,0,0,1,1,0,1,4.98055E+20,5.43866E+21,8.97335E+15,4.91008E+16
44958,8.17041E+18,8,1,19,85,2017,4,21,6,2,5,3,0,1,0,1,0,2,0,5.28822E+20,5.41244E+21,9.39299E+15,4.88642E+16
44959,8.17042E+18,8,3,25,12,2017,4,17,6,3,4,1,0,1,0,1,0,0,0,4.62556E+20,5.35608E+21,8.49455E+15,4.83568E+16
44960,8.17041E+18,8,1,16,42,2017,4,21,6,3,8,1,0,1,0,0,0,2,0,5.16789E+20,5.38021E+21,9.2276E+15,4.85748E+16
44961,8.17042E+18,8,3,17,97,2017,4,7,6,3,5,1,0,1,0,0,1,0,0,4.24853E+20,5.36501E+21,7.98405E+15,4.84337E+16
44962,8.17042E+18,8,3,17,152,2017,4,5,6,3,7,7,0,0,0,1,0,1,0,4.07825E+20,5.35119E+21,7.75692E+15,4.83072E+16
44963,8.17041E+18,8,1,16,78,2017,4,17,6,2,8,1,0,0,0,1,0,0,0,5.09597E+20,5.39234E+21,9.13039E+15,4.8684E+16
44964,8.17042E+18,8,3,17,75,2017,4,14,6,3,1,6,0,1,0,0,0,0,0,4.12869E+20,5.35956E+21,7.82321E+15,4.83832E+16
44965,8.17042E+18,8,3,17,59,2017,4,5,6,2,5,3,0,1,0,1,0,2,0,4.13597E+20,5.35139E+21,7.83471E+15,4.83098E+16
44966,8.17041E+18,8,1,15,51,2017,4,0,6,3,9,7,0,1,0,0,0,2,0,5.05488E+20,5.38222E+21,9.07443E+15,4.8593E+16
44967,8.17042E+18,8,3,15,115,2017,4,8,6,3,8,1,0,1,0,0,0,0,0,4.08782E+20,5.32008E+21,7.7765E+15,4.80275E+16
44968,8.17042E+18,8,3,15,47,2017,4,23,6,2,3,6,0,1,0,0,0,2,0,4.15062E+20,5.32101E+21,7.86054E+15,4.80368E+16
44969,8.17042E+18,8,2,26,103,2017,4,15,6,2,3,6,0,1,0,0,1,0,0,4.71586E+20,5.45705E+21,8.60944E+15,4.92656E+16
44970,8.17042E+18,8,2,15,39,2017,4,17,6,3,2,6,0,1,0,0,0,0,0,4.70945E+20,5.45492E+21,8.60079E+15,4.92464E+16
44971,8.17042E+18,8,2,36,46,2017,4,13,6,3,2,6,0,1,0,0,1,0,0,4.82716E+20,5.41803E+21,8.76409E+15,4.8915E+16
44972,8.17042E+18,8,2,15,17,2017,4,11,6,2,3,2,0,1,0,1,0,0,0,4.54109E+20,5.42061E+21,8.37337E+15,4.89367E+16
44973,8.17042E+18,8,2,35,47,2017,4,8,6,3,5,3,0,1,0,0,1,0,0,4.76185E+20,5.38893E+21,8.67664E+15,4.86529E+16
44974,8.17042E+18,8,2,36,4,2017,4,16,6,3,2,6,0,1,0,0,1,0,0,4.70976E+20,5.41294E+21,8.60423E+15,4.88687E+16
44975,8.17042E+18,8,2,36,28,2017,4,16,6,3,2,6,0,1,0,0,0,0,0,4.93922E+20,5.42213E+21,8.91699E+15,4.89521E+16
44976,8.17042E+18,8,2,26,85,2017,4,9,6,3,2,6,0,1,0,0,1,0,0,4.89749E+20,5.45616E+21,8.85912E+15,4.92581E+16
44977,8.17042E+18,8,2,22,0,2017,4,9,6,3,5,2,0,1,0,0,0,0,0,4.63796E+20,5.4803E+21,8.50025E+15,4.94743E+16
44978,8.17042E+18,8,2,22,0,2017,4,19,6,3,8,7,0,0,0,1,0,0,0,4.62729E+20,5.47947E+21,8.48561E+15,4.94668E+16
44979,8.17042E+18,8,2,22,0,2017,4,15,6,3,5,3,0,1,0,0,0,0,0,4.62117E+20,5.48504E+21,8.47663E+15,4.95168E+16
44980,8.17042E+18,8,2,21,0,2017,4,11,6,2,5,2,0,1,0,0,1,0,0,4.76556E+20,5.47286E+21,8.67683E+15,4.9408E+16
44981,8.17041E+18,8,1,15,13,2017,4,18,6,3,0,7,1,0,0,0,0,0,0,4.94551E+20,5.38855E+21,8.92601E+15,4.865E+16
44982,8.17041E+18,8,1,11,0,2017,4,15,6,2,5,2,1,1,0,0,0,0,0,5.15969E+20,5.40561E+21,9.21747E+15,4.88033E+16
44983,8.17041E+18,8,1,11,0,2017,4,17,6,3,2,6,0,1,0,0,0,0,0,5.12786E+20,5.40562E+21,9.17412E+15,4.88035E+16
44984,8.17042E+18,8,2,16,15,2017,4,11,6,3,5,3,1,0,0,1,0,0,0,4.50738E+20,5.40454E+21,8.32928E+15,4.87919E+16
44985,8.17042E+18,8,2,16,23,2017,4,13,6,3,3,7,0,1,0,0,0,0,0,4.36794E+20,5.40819E+21,8.13889E+15,4.88234E+16
44986,8.17042E+18,8,2,15,84,2017,4,0,6,3,0,1,0,0,0,1,0,2,0,4.73028E+20,5.44816E+21,8.62986E+15,4.91856E+16
44987,8.17042E+18,8,2,11,0,2017,4,18,6,3,5,3,1,1,0,0,0,0,0,4.4276E+20,5.40594E+21,8.22047E+15,4.88038E+16
44988,8.17042E+18,8,1,36,21,2017,4,13,6,3,2,6,0,1,0,0,1,0,0,5.76301E+20,5.40817E+21,1.00395E+16,4.88218E+16
44989,8.17042E+18,8,1,28,115,2017,4,23,6,3,8,1,0,1,0,0,0,2,0,5.46005E+20,5.49772E+21,9.63705E+15,4.96303E+16
44990,8.17042E+18,8,1,27,14,2017,4,16,6,3,5,3,0,1,0,0,0,0,0,5.77623E+20,5.44365E+21,1.00643E+16,4.91407E+16
44991,8.17041E+18,8,4,37,123,2017,4,17,5,3,5,3,0,1,0,1,0,0,0,5.03331E+20,5.31121E+21,9.04462E+15,4.79542E+16
44992,8.17041E+18,8,4,36,83,2017,4,19,5,3,4,2,0,1,0,0,0,0,0,5.32052E+20,5.30015E+21,9.42847E+15,4.78539E+16
44993,8.17041E+18,8,4,36,81,2017,4,12,5,3,5,3,0,1,0,0,1,0,0,5.62551E+20,5.28197E+21,9.83352E+15,4.76881E+16
44994,8.17041E+18,8,4,36,64,2017,4,16,5,3,2,2,0,1,0,0,0,0,0,5.38242E+20,5.28852E+21,9.51019E+15,4.77489E+16
44995,8.17042E+18,8,1,21,0,2017,4,11,6,2,4,6,0,1,0,0,0,0,0,5.1458E+20,5.4441E+21,9.19994E+15,4.91495E+16
44996,8.17042E+18,8,2,25,9,2017,4,18,6,2,8,1,0,0,0,1,0,0,0,5.17974E+20,5.46431E+21,9.24738E+15,4.93313E+16
44997,8.17042E+18,8,1,25,86,2017,4,16,6,3,2,6,0,1,0,0,0,0,0,5.04325E+20,5.4438E+21,9.05931E+15,4.9147E+16
44998,8.17042E+18,8,1,21,0,2017,4,21,6,3,8,1,0,1,0,0,0,2,0,5.11884E+20,5.44861E+21,9.1631E+15,4.91901E+16
44999,8.17041E+18,8,4,35,13,2017,4,14,5,3,9,7,0,1,0,0,0,0,0,5.39561E+20,5.27567E+21,9.52662E+15,4.76333E+16
45000,8.17042E+18,8,1,19,93,2017,4,9,6,3,0,6,0,1,0,0,1,0,0,5.25152E+20,5.40522E+21,9.34251E+15,4.87995E+16
45001,8.17041E+18,8,4,37,56,2017,4,18,5,2,6,4,0,1,1,0,0,0,0,5.29429E+20,5.29886E+21,9.39332E+15,4.78424E+16
45002,8.17042E+18,8,1,15,28,2017,4,16,6,2,4,2,1,1,0,0,0,0,0,4.9848E+20,5.40661E+21,8.97929E+15,4.88124E+16
45003,8.17042E+18,8,1,17,26,2017,4,23,6,3,5,3,0,1,0,0,0,2,0,5.4758E+20,5.39687E+21,9.64693E+15,4.87231E+16
45004,8.17042E+18,8,1,17,26,2017,4,15,6,3,2,6,0,0,0,1,0,0,0,5.49135E+20,5.39486E+21,9.66784E+15,4.87048E+16
45005,8.17042E+18,8,4,21,0,2017,4,23,6,3,3,1,0,1,0,0,0,2,0,5.74575E+20,5.36767E+21,1.00087E+16,4.84577E+16
45006,8.17042E+18,8,4,25,84,2017,4,12,6,2,2,6,0,1,0,0,0,0,0,5.58137E+20,5.37429E+21,9.78729E+15,4.8519E+16
45007,8.17042E+18,8,1,16,18,2017,4,18,6,2,2,6,0,1,0,1,0,0,0,5.30716E+20,5.37615E+21,9.41611E+15,4.85377E+16
45008,8.17042E+18,8,1,16,78,2017,4,16,6,2,8,1,0,0,0,1,0,0,0,5.09599E+20,5.39235E+21,9.13041E+15,4.86841E+16
45009,8.17042E+18,8,1,15,41,2017,4,18,6,3,2,6,0,1,0,0,0,0,0,4.94959E+20,5.40071E+21,8.93141E+15,4.87594E+16
45010,8.17042E+18,8,1,15,3,2017,4,16,6,3,1,7,0,1,0,1,0,0,0,5.00708E+20,5.39248E+21,9.00961E+15,4.86854E+16
45011,8.17042E+18,8,1,11,0,2017,4,15,6,3,2,6,0,1,0,1,0,0,0,5.13298E+20,5.40239E+21,9.18099E+15,4.87743E+16
45012,8.17042E+18,8,1,11,0,2017,4,0,6,3,3,6,0,1,0,0,0,2,0,5.15822E+20,5.40466E+21,9.21543E+15,4.87947E+16
45013,8.17042E+18,8,4,37,100,2017,4,6,5,3,8,1,0,1,0,0,0,0,0,5.30228E+20,5.31738E+21,9.4053E+15,4.8009E+16
45014,8.17042E+18,8,4,36,55,2017,4,5,5,3,2,7,0,0,0,0,1,2,1,5.75178E+20,5.30102E+21,1.00051E+16,4.78581E+16
45015,8.17042E+18,8,4,35,16,2017,4,8,5,3,0,7,1,0,0,0,0,0,0,5.37349E+20,5.27883E+21,9.49745E+15,4.76618E+16
45016,8.17042E+18,8,3,37,65,2017,4,8,5,3,2,6,0,1,0,0,0,0,0,4.49965E+20,5.27401E+21,8.33416E+15,4.76176E+16
45017,8.17042E+18,8,3,36,91,2017,4,15,5,3,2,6,0,1,0,0,0,0,0,3.9424E+20,5.27163E+21,7.59333E+15,4.75894E+16
45018,8.17042E+18,8,4,35,36,2017,4,5,5,2,4,6,0,1,0,0,0,2,0,5.20327E+20,5.28327E+21,9.27095E+15,4.77025E+16
45019,8.17042E+18,8,3,26,17,2017,4,17,5,3,5,3,0,1,0,0,0,0,0,4.41508E+20,5.32186E+21,8.21516E+15,4.80473E+16
45020,8.17042E+18,8,3,27,48,2017,4,7,5,1,4,6,0,1,0,0,1,0,0,4.74665E+20,5.31716E+21,8.66032E+15,4.80072E+16
45021,8.17042E+18,8,3,17,40,2017,4,19,5,3,2,6,0,1,0,0,1,0,0,4.31755E+20,5.348E+21,8.08012E+15,4.82815E+16
45022,8.17042E+18,8,3,17,75,2017,4,14,5,3,5,3,0,1,0,0,0,0,0,4.12743E+20,5.36034E+21,7.82134E+15,4.83902E+16
45023,8.17042E+18,8,3,17,57,2017,4,8,5,3,2,2,0,1,0,0,0,0,0,4.16364E+20,5.37971E+21,7.86637E+15,4.85649E+16
45024,8.17042E+18,8,3,17,141,2017,4,11,5,3,8,1,0,0,0,1,0,0,0,4.21877E+20,5.37924E+21,7.94116E+15,4.85614E+16
45025,8.17041E+18,8,4,26,19,2017,4,17,5,3,5,3,0,1,0,0,0,0,0,5.79998E+20,5.32438E+21,1.00738E+16,4.80677E+16
45026,8.17041E+18,8,4,26,87,2017,4,18,5,3,1,6,0,1,0,0,1,0,0,5.70212E+20,5.32465E+21,9.94254E+15,4.80712E+16
45027,8.17041E+18,8,4,25,125,2017,4,21,5,3,0,7,0,0,0,1,0,2,0,5.46584E+20,5.33862E+21,9.6269E+15,4.81991E+16
45028,8.17041E+18,8,4,25,20,2017,4,16,5,3,2,6,0,1,0,0,1,0,0,5.6018E+20,5.35803E+21,9.81262E+15,4.83726E+16
45029,8.17042E+18,8,3,17,5,2017,4,11,5,3,2,6,0,1,0,0,1,0,0,4.23844E+20,5.37573E+21,7.96846E+15,4.853E+16
45030,8.17041E+18,8,4,17,2,2017,4,12,5,3,2,6,0,1,0,0,0,0,0,4.88354E+20,5.345E+21,8.8431E+15,4.82581E+16
45031,8.17041E+18,8,4,16,36,2017,4,7,5,3,5,3,0,1,0,0,0,0,0,4.95323E+20,5.36804E+21,8.93674E+15,4.84655E+16
45032,8.17042E+18,8,3,17,96,2017,4,19,5,2,9,7,0,1,0,0,0,0,0,4.18832E+20,5.3711E+21,7.90149E+15,4.84878E+16
45033,8.17042E+18,8,2,26,103,2017,4,17,5,2,2,6,0,0,0,0,1,0,0,4.74605E+20,5.4578E+21,8.65089E+15,4.92724E+16
45034,8.17042E+18,8,2,31,0,2017,4,16,5,3,2,6,0,1,0,0,0,0,0,4.80021E+20,5.41843E+21,8.72729E+15,4.89185E+16
45035,8.17042E+18,8,2,31,0,2017,4,9,5,3,2,6,0,1,0,0,0,0,0,4.81456E+20,5.41909E+21,8.74685E+15,4.89244E+16
45036,8.17042E+18,8,2,35,85,2017,4,15,5,2,8,1,1,0,0,0,0,0,0,4.80504E+20,5.39914E+21,8.7348E+15,4.8745E+16
45037,8.17042E+18,8,2,31,0,2017,4,17,5,3,2,6,0,1,0,1,0,0,0,4.76981E+20,5.41337E+21,8.68608E+15,4.88729E+16
45038,8.17042E+18,8,2,31,0,2017,4,14,5,3,2,6,0,1,0,0,0,0,0,4.78731E+20,5.41562E+21,8.70983E+15,4.88932E+16
45039,8.17042E+18,8,2,26,54,2017,4,19,5,3,8,1,0,0,0,1,0,0,0,4.81948E+20,5.45453E+21,8.75198E+15,4.92432E+16
45040,8.17042E+18,8,2,25,32,2017,4,15,5,2,2,1,0,1,0,0,0,0,0,5.34032E+20,5.495E+21,9.47103E+15,4.96066E+16
45041,8.17042E+18,8,2,16,63,2017,4,17,5,3,5,2,1,1,0,0,0,0,0,4.31381E+20,5.39852E+21,8.06677E+15,4.87359E+16
45042,8.17042E+18,8,2,11,0,2017,4,12,5,3,2,6,0,1,0,0,1,0,0,4.41548E+20,5.4036E+21,8.2043E+15,4.87826E+16
45043,8.17041E+18,8,4,16,41,2017,4,12,5,3,4,6,0,1,0,0,0,0,0,4.99471E+20,5.37456E+21,8.99283E+15,4.85241E+16
45044,8.17042E+18,8,2,11,0,2017,4,8,5,3,6,4,0,1,1,0,0,0,0,4.42929E+20,5.40265E+21,8.22323E+15,4.87743E+16
45045,8.17042E+18,8,1,18,27,2017,4,23,5,2,8,1,0,1,0,0,0,2,0,5.00023E+20,5.4138E+21,9.00031E+15,4.88771E+16
45046,8.17041E+18,8,4,15,61,2017,4,16,5,3,3,2,1,1,0,0,0,0,0,5.14812E+20,5.37E+21,9.20044E+15,4.84829E+16
45047,8.17042E+18,8,1,36,21,2017,4,17,5,3,4,6,0,1,0,0,0,0,0,5.75942E+20,5.40813E+21,1.00346E+16,4.88215E+16
45048,8.17041E+18,8,4,15,50,2017,4,7,5,2,8,1,0,1,0,0,0,0,0,5.21768E+20,5.37512E+21,9.29484E+15,4.85288E+16
45049,8.17042E+18,8,1,28,131,2017,4,15,5,3,0,3,0,1,0,0,0,0,0,5.44721E+20,5.5091E+21,9.62058E+15,4.97328E+16
45050,8.17042E+18,8,1,27,52,2017,4,17,5,3,5,2,0,1,0,0,0,0,0,5.42075E+20,5.43617E+21,9.57613E+15,4.90769E+16