OBJECTID,UIDENTSTLA,ULAND,UREGBEZ,UKREIS,UGEMEINDE,UJAHR,UMONAT,USTUNDE,UWOCHENTAG,UKATEGORIE,UART,UTYP1,IstRad,IstPKW,IstFuss,IstKrad,IstSonstig,LICHT,STRZUSTAND,LINREFX,LINREFY,XGCSWGS84,YGCSWGS84
45225,8.17042E+18,8,2,26,58,2017,4,21,1,3,9,1,0,1,0,0,0,2,1,4.92525E+20,5.46371E+21,8.89713E+15,4.9326E+16
45226,8.17042E+18,8,2,26,65,2017,4,10,1,2,4,1,0,1,0,0,0,0,0,4.78391E+20,5.45662E+21,8.70301E+15,4.9262E+16
45227,8.17042E+18,8,2,15,82,2017,4,0,1,2,8,1,0,1,0,0,0,2,0,4.89439E+20,5.44111E+21,8.85525E+15,4.91227E+16
45228,8.17042E+18,8,1,25,98,2017,4,0,1,3,2,1,0,1,0,0,0,2,1,5.22099E+20,5.43958E+21,9.3028E+15,4.91087E+16
45229,8.17042E+18,8,1,25,79,2017,4,5,1,3,8,7,0,0,0,0,1,1,0,5.11129E+20,5.45737E+21,9.15298E+15,4.9269E+16
45230,8.17042E+18,8,1,19,90,2017,4,11,1,3,0,7,0,1,1,0,0,0,0,5.32724E+20,5.40635E+21,9.44571E+15,4.88093E+16
45231,8.17042E+18,8,1,18,81,2017,4,21,1,3,0,7,0,1,0,0,0,2,0,5.1984E+20,5.41349E+21,9.27056E+15,4.8874E+16
45232,8.17042E+18,8,1,18,28,2017,4,6,1,3,9,1,0,1,0,0,0,0,0,5.13013E+20,5.42842E+21,9.17794E+15,4.90086E+16
45233,8.17042E+18,8,1,17,26,2017,4,18,1,3,8,1,0,1,0,0,0,0,1,5.45453E+20,5.39545E+21,9.61785E+15,4.87104E+16
45234,8.17041E+18,8,2,35,85,2017,4,13,5,2,4,6,0,1,0,0,0,0,0,4.8018E+20,5.39913E+21,8.73039E+15,4.87448E+16
45235,8.17042E+18,8,1,17,24,2017,4,1,1,3,0,1,0,1,0,0,0,2,1,5.61597E+20,5.38589E+21,9.83587E+15,4.86231E+16
45236,8.17042E+18,8,1,17,16,2017,4,12,1,3,3,6,0,1,0,0,0,0,0,5.4879E+20,5.37839E+21,9.6612E+15,4.85567E+16
45237,8.17042E+18,8,1,16,19,2017,4,3,1,3,8,1,0,1,0,0,0,2,1,5.24384E+20,5.39744E+21,9.33158E+15,4.87295E+16
45238,8.17042E+18,8,1,11,0,2017,4,17,1,3,6,2,0,1,1,0,0,0,1,5.14736E+20,5.40152E+21,9.20054E+15,4.87665E+16
45239,8.17041E+18,8,2,36,4,2017,4,17,5,3,2,2,0,1,0,0,1,0,0,4.73138E+20,5.41316E+21,8.63369E+15,4.88708E+16
45240,8.17042E+18,8,4,35,52,2017,4,14,7,3,5,3,0,1,0,0,0,0,1,5.24334E+20,5.29211E+21,9.32485E+15,4.77819E+16
45241,8.17042E+18,8,4,26,1,2017,4,17,7,2,5,3,0,1,0,0,0,0,0,5.6713E+20,5.34561E+21,9.90448E+15,4.82602E+16
45242,8.17041E+18,8,2,36,38,2017,4,17,5,2,5,2,0,1,0,0,0,0,0,4.8411E+20,5.4262E+21,8.78281E+15,4.89885E+16
45243,8.17042E+18,8,4,26,21,2017,4,18,7,2,5,3,0,1,0,0,0,0,0,5.59593E+20,5.32998E+21,9.80075E+15,4.81203E+16
45244,8.17042E+18,8,4,15,50,2017,4,10,7,2,5,3,0,0,0,1,1,0,0,5.20219E+20,5.37681E+21,9.27394E+15,4.8544E+16
45245,8.17042E+18,8,3,36,19,2017,4,14,7,2,5,3,0,1,0,0,0,0,1,3.94908E+20,5.27579E+21,7.60121E+15,4.76269E+16
45246,8.17042E+18,8,3,26,12,2017,4,11,7,3,5,3,0,1,0,1,0,0,0,4.66596E+20,5.31421E+21,8.55237E+15,4.79803E+16
45247,8.17042E+18,8,3,26,27,2017,4,11,7,3,3,2,0,0,0,1,1,0,0,4.61827E+20,5.30405E+21,8.48936E+15,4.78887E+16
45248,8.17042E+18,8,2,37,19,2017,4,13,7,1,5,3,0,1,0,0,0,0,0,4.63638E+20,5.37078E+21,8.50788E+15,4.84891E+16
45249,8.17042E+18,8,3,17,96,2017,4,13,7,3,2,6,0,1,0,0,0,0,0,4.18936E+20,5.36947E+21,7.90321E+15,4.84732E+16
45250,8.17041E+18,8,2,36,50,2017,4,15,5,3,2,6,0,1,0,0,0,0,0,4.85394E+20,5.42317E+21,8.80046E+15,4.89612E+16
45251,8.17042E+18,8,2,36,46,2017,4,11,7,3,2,6,0,1,0,0,0,0,0,4.84071E+20,5.41619E+21,8.78267E+15,4.88985E+16
45252,8.17042E+18,8,2,26,96,2017,4,13,7,3,8,7,0,1,0,0,0,0,1,4.73122E+20,5.48804E+21,8.62846E+15,4.95444E+16
45253,8.17042E+18,8,2,12,0,2017,4,9,7,3,3,7,0,1,0,0,0,0,0,4.63187E+20,5.42146E+21,8.49725E+15,4.89449E+16
45254,8.17042E+18,8,2,37,40,2017,4,12,7,3,2,2,0,1,0,0,0,0,0,4.76536E+20,5.36733E+21,8.68263E+15,4.84587E+16
45255,8.17042E+18,8,2,26,96,2017,4,13,7,2,4,2,1,0,0,0,1,0,0,4.75736E+20,5.48845E+21,8.66457E+15,4.95482E+16
45256,8.17042E+18,8,2,22,0,2017,4,19,7,3,2,6,0,1,0,0,0,0,1,4.66604E+20,5.4745E+21,8.5395E+15,4.94222E+16
45257,8.17042E+18,8,2,26,28,2017,4,9,7,3,5,3,1,1,0,0,0,0,0,4.72409E+20,5.48676E+21,8.6187E+15,4.95328E+16
45258,8.17042E+18,8,2,22,0,2017,4,16,7,3,2,6,0,1,0,0,0,0,0,4.61658E+20,5.48112E+21,8.47067E+15,4.94815E+16
45259,8.17042E+18,8,2,16,24,2017,4,22,7,3,2,6,1,0,0,0,1,2,1,4.46829E+20,5.41219E+21,8.27507E+15,4.88604E+16
45260,8.17042E+18,8,2,16,49,2017,4,13,7,3,2,2,0,1,0,0,0,0,0,4.39446E+20,5.40266E+21,8.17583E+15,4.8774E+16
45261,8.17042E+18,8,1,18,81,2017,4,22,7,2,5,2,0,1,0,0,0,2,0,5.18365E+20,5.41169E+21,9.25038E+15,4.88579E+16
45262,8.17042E+18,8,1,28,131,2017,4,20,7,3,0,1,0,0,0,1,0,2,1,5.3772E+20,5.50852E+21,9.52337E+15,4.9728E+16
45263,8.17042E+18,8,1,28,131,2017,4,18,7,3,0,1,0,0,0,1,0,0,1,5.36607E+20,5.51302E+21,9.50835E+15,4.97685E+16
45264,8.17042E+18,8,1,28,58,2017,4,8,7,3,9,1,0,1,0,0,0,0,0,5.58871E+20,5.48392E+21,9.81314E+15,4.9505E+16
45265,8.17042E+18,8,1,27,91,2017,4,20,7,3,0,6,0,1,0,0,0,1,1,5.77487E+20,5.45029E+21,1.00637E+16,4.92005E+16
45266,8.17042E+18,8,1,26,11,2017,4,17,7,3,9,1,0,1,0,0,0,0,1,5.3504E+20,5.44227E+21,9.48034E+15,4.91323E+16
45267,8.17042E+18,8,1,19,4,2017,4,20,7,2,8,1,0,1,0,0,0,2,0,5.41101E+20,5.4185E+21,9.56102E+15,4.8918E+16
45268,8.17042E+18,8,1,18,49,2017,4,16,7,3,2,6,0,1,0,0,0,0,0,5.18438E+20,5.42162E+21,9.25182E+15,4.89472E+16
45269,8.17041E+18,8,2,26,6,2017,4,10,5,3,2,6,0,1,0,0,0,0,0,4.83881E+20,5.46722E+21,8.77803E+15,4.93574E+16
45270,8.17041E+18,8,2,25,116,2017,4,15,5,3,0,3,1,1,0,0,0,0,0,4.98744E+20,5.46882E+21,8.98269E+15,4.93721E+16
45271,8.17042E+18,8,1,18,71,2017,4,0,7,3,2,7,0,1,0,0,0,2,0,5.10778E+20,5.41972E+21,9.14715E+15,4.89304E+16
45272,8.17042E+18,8,1,16,16,2017,4,13,7,3,8,1,0,1,0,0,0,0,0,5.34331E+20,5.38505E+21,9.46581E+15,4.86176E+16
45273,8.17041E+18,8,2,22,0,2017,4,16,5,3,5,3,1,1,0,0,0,0,0,4.62172E+20,5.48511E+21,8.47738E+15,4.95174E+16
45274,8.17042E+18,8,1,11,0,2017,4,22,7,3,6,2,0,1,1,0,0,2,0,5.16835E+20,5.40666E+21,9.22931E+15,4.88127E+16
45275,8.17041E+18,8,2,22,0,2017,4,12,5,3,1,6,0,1,0,0,0,0,0,4.60966E+20,5.48263E+21,8.46097E+15,4.9495E+16
45276,8.17042E+18,8,1,11,0,2017,4,12,7,3,2,6,0,1,0,0,0,0,0,5.11783E+20,5.40869E+21,9.16056E+15,4.88311E+16
45277,8.17042E+18,8,1,11,0,2017,4,22,7,3,2,6,0,1,0,0,0,2,1,5.11781E+20,5.40683E+21,9.16047E+15,4.88143E+16
45278,8.17041E+18,8,2,16,7,2017,4,11,5,3,5,3,0,1,0,1,0,0,0,4.34179E+20,5.3974E+21,8.10499E+15,4.87262E+16
45279,8.17041E+18,8,4,36,6,2017,4,10,6,2,8,1,0,0,0,1,0,0,0,5.56181E+20,5.28694E+21,9.74929E+15,4.77334E+16
45280,8.17041E+18,8,4,35,59,2017,4,14,6,3,2,6,0,1,0,0,0,0,0,5.12525E+20,5.29181E+21,9.16719E+15,4.77795E+16
45281,8.17041E+18,8,4,35,35,2017,4,19,6,2,5,2,0,1,0,0,0,0,0,5.41083E+20,5.28072E+21,9.54735E+15,4.76785E+16
45282,8.17041E+18,8,4,35,16,2017,4,11,6,3,5,2,1,1,0,0,0,0,0,5.30691E+20,5.27971E+21,9.40884E+15,4.76701E+16
45283,8.17041E+18,8,4,15,61,2017,4,0,6,2,5,2,1,1,0,0,0,2,0,5.15595E+20,5.37202E+21,9.21111E+15,4.85011E+16
45284,8.17041E+18,8,3,37,13,2017,4,11,6,2,8,1,0,0,0,1,0,0,0,4.25342E+20,5.29488E+21,8.00295E+15,4.7803E+16
45285,8.17041E+18,8,3,36,45,2017,4,9,6,2,8,1,0,0,0,1,0,0,0,4.00952E+20,5.28515E+21,7.67952E+15,4.77121E+16
45286,8.17041E+18,8,3,36,103,2017,4,16,6,3,0,1,0,0,0,1,0,0,0,4.16721E+20,5.28961E+21,7.88885E+15,4.77545E+16
45287,8.17041E+18,8,3,36,87,2017,4,15,6,3,8,1,0,0,0,1,0,0,0,4.24608E+20,5.29504E+21,7.99312E+15,4.78043E+16
45288,8.17041E+18,8,3,35,22,2017,4,12,6,3,8,1,0,0,0,1,0,0,0,4.80426E+20,5.30299E+21,8.73821E+15,4.78799E+16
45289,8.17041E+18,8,3,26,60,2017,4,14,6,3,9,1,0,0,0,1,0,0,0,4.42406E+20,5.33106E+21,8.22597E+15,4.81302E+16
45290,8.17041E+18,8,4,17,79,2017,4,21,6,2,8,1,0,1,0,0,0,1,0,4.97743E+20,5.3478E+21,8.96958E+15,4.82834E+16
45291,8.17041E+18,8,3,17,129,2017,4,11,6,2,4,1,0,1,0,1,0,0,0,4.28359E+20,5.34872E+21,8.03422E+15,4.82876E+16
45292,8.17041E+18,8,3,11,0,2017,4,14,6,2,2,1,1,0,0,0,0,0,0,4.16459E+20,5.30702E+21,7.88199E+15,4.7911E+16
45293,8.17041E+18,8,2,16,43,2017,4,3,5,3,8,7,1,0,0,0,0,2,0,4.42978E+20,5.41226E+21,8.22256E+15,4.88607E+16
45294,8.17043E+18,8,3,35,2,2017,4,11,1,3,0,1,1,0,0,0,0,0,0,5.05718E+20,5.28756E+21,9.07627E+15,4.77414E+16
45295,8.17043E+18,8,4,35,57,2017,4,12,1,3,8,7,0,1,0,0,0,0,0,5.46442E+20,5.2801E+21,9.61868E+15,4.76727E+16
45296,8.1705E+18,8,1,11,0,2017,5,10,2,3,4,1,0,1,0,0,0,0,1,5.16648E+20,5.39874E+21,9.22645E+15,4.87415E+16
45297,8.1705E+18,8,2,22,0,2017,5,16,2,3,8,1,0,1,0,0,0,0,1,4.60762E+20,5.48115E+21,8.4583E+15,4.94818E+16
45298,8.17043E+18,8,2,15,21,2017,4,11,7,2,3,6,0,1,0,0,0,0,0,4.69341E+20,5.44758E+21,8.57931E+15,4.91803E+16
45299,8.17043E+18,8,2,15,99,2017,4,10,7,3,8,1,0,0,0,1,0,0,0,4.61733E+20,5.44128E+21,8.47552E+15,4.91232E+16
45300,8.17043E+18,8,2,36,44,2017,4,16,7,3,5,3,0,1,0,0,0,0,0,4.83108E+20,5.40689E+21,8.76991E+15,4.88148E+16
45301,8.17043E+18,8,3,26,27,2017,4,13,7,3,0,7,0,0,0,1,0,0,0,4.63202E+20,5.30607E+21,8.50758E+15,4.79069E+16
45302,8.17043E+18,8,4,15,61,2017,4,17,7,2,4,1,0,1,0,0,0,0,0,5.11482E+20,5.37063E+21,9.1554E+15,4.84887E+16
45303,8.17043E+18,8,1,11,0,2017,4,15,1,3,3,6,0,1,0,1,0,0,0,5.16273E+20,5.40481E+21,9.22158E+15,4.8796E+16
45304,8.17043E+18,8,1,19,83,2017,4,11,1,2,8,1,0,0,0,1,0,0,0,5.39002E+20,5.41894E+21,9.5324E+15,4.89221E+16
45305,8.17043E+18,8,1,16,35,2017,4,15,1,3,3,6,0,1,0,0,0,0,0,5.24707E+20,5.39192E+21,9.33565E+15,4.86799E+16
45306,8.17043E+18,8,2,36,73,2017,4,1,7,3,5,3,0,1,0,0,0,2,0,4.80113E+20,5.42422E+21,8.72827E+15,4.89706E+16
45307,8.17043E+18,8,2,26,85,2017,4,10,7,3,5,3,0,1,0,0,0,0,0,4.8971E+20,5.45524E+21,8.85861E+15,4.92499E+16
45308,8.17043E+18,8,2,16,17,2017,4,16,7,3,0,1,0,0,0,1,0,0,0,4.51456E+20,5.40067E+21,8.33951E+15,4.87572E+16
45309,8.17043E+18,8,2,15,7,2017,4,18,7,3,8,6,0,1,0,0,1,0,0,4.74561E+20,5.43034E+21,8.65202E+15,4.90254E+16
45310,8.17043E+18,8,2,15,7,2017,4,20,7,3,5,3,0,1,0,1,0,0,0,4.77412E+20,5.43178E+21,8.69093E+15,4.90385E+16
45311,8.17043E+18,8,2,15,84,2017,4,18,7,3,2,6,0,1,0,0,0,0,0,4.72194E+20,5.44659E+21,8.61852E+15,4.91715E+16
45312,8.17043E+18,8,2,16,15,2017,4,1,7,2,5,3,0,1,0,0,1,2,0,4.49333E+20,5.40556E+21,8.31002E+15,4.8801E+16
45313,8.17043E+18,8,1,15,45,2017,4,15,7,3,2,6,0,1,0,0,0,0,0,5.04712E+20,5.39712E+21,9.06407E+15,4.87271E+16
45314,8.17043E+18,8,1,15,28,2017,4,14,7,3,2,6,0,1,0,0,0,0,0,5.02411E+20,5.40102E+21,9.0328E+15,4.87622E+16
45315,8.17043E+18,8,1,36,88,2017,4,9,7,3,5,3,0,1,0,0,1,0,0,5.80477E+20,5.41109E+21,1.00969E+16,4.88475E+16
45316,8.17043E+18,8,1,36,82,2017,4,10,7,3,2,6,0,1,0,0,0,0,1,5.85643E+20,5.41522E+21,1.01682E+16,4.8884E+16
45317,8.17043E+18,8,1,27,71,2017,4,15,7,3,9,2,0,1,0,0,0,0,0,5.73485E+20,5.458E+21,1.00102E+16,4.92704E+16
45318,8.17043E+18,8,1,21,0,2017,4,23,7,3,1,6,0,1,0,0,0,2,0,5.15611E+20,5.44395E+21,9.21407E+15,4.91482E+16
45319,8.17043E+18,8,2,26,96,2017,4,11,1,3,0,7,1,0,1,0,0,0,0,4.75162E+20,5.48606E+21,8.65679E+15,4.95266E+16
45320,8.17043E+18,8,1,19,67,2017,4,11,7,3,6,7,0,1,1,0,0,0,0,5.39737E+20,5.40598E+21,9.54119E+15,4.88055E+16
45321,8.17043E+18,8,1,16,77,2017,4,0,7,3,5,3,0,1,0,1,0,2,0,5.14155E+20,5.3917E+21,9.19229E+15,4.86782E+16
45322,8.17043E+18,8,3,17,98,2017,4,17,1,3,8,1,0,0,0,0,1,0,0,4.43744E+20,5.3712E+21,8.23859E+15,4.84914E+16
45323,8.17043E+18,8,1,16,42,2017,4,13,7,3,2,6,0,1,0,1,0,0,0,5.18017E+20,5.38158E+21,9.24431E+15,4.8587E+16
45324,8.17043E+18,8,1,15,54,2017,4,3,7,3,8,1,0,1,0,0,0,2,0,4.92486E+20,5.39602E+21,8.89785E+15,4.87172E+16
45325,8.17043E+18,8,1,11,0,2017,4,14,7,3,2,6,0,1,0,0,0,0,0,5.06758E+20,5.40553E+21,9.09204E+15,4.88027E+16
45326,8.17043E+18,8,1,11,0,2017,4,6,7,3,2,6,0,1,0,0,0,0,1,5.16295E+20,5.39354E+21,9.22144E+15,4.86947E+16
45327,8.17043E+18,8,4,37,100,2017,4,6,6,3,8,1,0,1,0,0,0,0,2,5.41878E+20,5.31779E+21,9.56154E+15,4.80121E+16
45328,8.17043E+18,8,4,36,82,2017,4,12,6,3,5,3,1,0,0,0,1,0,0,5.47102E+20,5.29403E+21,9.62898E+15,4.77979E+16
45329,8.17043E+18,8,4,36,64,2017,4,19,6,3,2,6,0,1,0,0,0,0,1,5.46351E+20,5.29178E+21,9.61871E+15,4.77777E+16
45330,8.17043E+18,8,4,26,128,2017,4,18,6,2,5,3,0,1,0,0,0,0,0,5.58767E+20,5.3334E+21,9.79013E+15,4.81511E+16
45331,8.17043E+18,8,4,17,8,2017,4,16,6,3,4,2,0,1,0,0,0,0,0,4.91507E+20,5.35106E+21,8.88545E+15,4.83127E+16
45332,8.17043E+18,8,4,17,2,2017,4,14,6,3,9,1,0,1,0,0,0,0,0,4.92404E+20,5.34212E+21,8.89771E+15,4.82322E+16
45333,8.17043E+18,8,4,17,79,2017,4,11,6,3,2,6,0,1,0,0,0,0,0,4.97539E+20,5.34017E+21,8.96687E+15,4.82147E+16
45334,8.17043E+18,8,4,15,92,2017,4,16,6,2,4,6,0,1,0,0,1,0,0,5.17836E+20,5.36599E+21,9.24119E+15,4.84468E+16
45335,8.17043E+18,8,2,36,43,2017,4,14,1,2,0,2,0,0,0,1,0,0,0,4.70705E+20,5.40971E+21,8.60076E+15,4.88397E+16
45336,8.17043E+18,8,4,15,61,2017,4,22,6,3,8,1,0,1,0,0,0,2,0,5.16666E+20,5.37765E+21,9.22584E+15,4.85517E+16
45337,8.17043E+18,8,3,17,65,2017,4,19,1,2,0,7,1,0,0,0,0,0,0,4.16349E+20,5.35444E+21,7.87121E+15,4.83376E+16
45338,8.17043E+18,8,4,15,27,2017,4,8,6,3,2,6,0,1,0,0,0,0,1,5.26904E+20,5.36107E+21,9.36351E+15,4.84023E+16
45339,8.17043E+18,8,4,15,85,2017,4,14,1,3,8,1,0,0,0,1,0,0,0,5.34117E+20,5.34227E+21,9.45943E+15,4.82327E+16
45340,8.17043E+18,8,4,15,50,2017,4,17,6,3,4,1,0,1,0,0,1,0,1,5.20818E+20,5.37207E+21,9.28182E+15,4.85014E+16
45341,8.17043E+18,8,4,37,88,2017,4,14,1,3,5,2,1,0,0,1,0,0,0,5.19538E+20,5.3077E+21,9.26153E+15,4.79223E+16
45342,8.17043E+18,8,3,15,6,2017,4,18,7,3,1,1,0,1,0,0,0,0,0,4.04765E+20,5.30513E+21,7.72595E+15,4.78924E+16
45343,8.17043E+18,8,3,37,13,2017,4,13,7,2,8,1,0,0,0,1,0,0,0,4.26529E+20,5.29533E+21,8.01873E+15,4.78071E+16
45344,8.17043E+18,8,4,36,9,2017,4,10,7,3,2,6,0,1,0,0,0,0,0,5.54451E+20,5.30561E+21,9.72857E+15,4.79015E+16
45345,8.17043E+18,8,1,17,10,2017,4,12,1,3,0,1,0,0,0,1,0,0,0,5.67779E+20,5.39355E+21,9.921E+15,4.86913E+16
45346,8.17043E+18,8,3,37,126,2017,4,7,6,3,2,6,0,1,0,0,0,0,0,4.42873E+20,5.27372E+21,8.23983E+15,4.76144E+16
45347,8.17043E+18,8,3,37,45,2017,4,16,6,2,3,6,0,0,0,1,1,0,0,4.38742E+20,5.29236E+21,8.18224E+15,4.77817E+16
45348,8.17043E+18,8,3,37,65,2017,4,16,6,3,5,3,0,0,0,1,1,0,0,4.48557E+20,5.2756E+21,8.31523E+15,4.76318E+16
45349,8.17043E+18,8,3,36,81,2017,4,17,6,3,3,6,0,1,0,0,0,0,0,4.11045E+20,5.27719E+21,7.81566E+15,4.7642E+16
45350,8.17043E+18,8,3,35,43,2017,4,20,6,3,5,2,1,1,0,0,0,1,1,5.126E+20,5.27982E+21,9.16785E+15,4.76716E+16
45351,8.17043E+18,8,3,35,100,2017,4,16,6,3,2,6,0,1,0,0,0,0,1,4.86086E+20,5.28772E+21,8.81439E+15,4.77427E+16
45352,8.17043E+18,8,4,36,64,2017,4,7,6,3,0,1,1,0,0,0,0,0,1,5.46348E+20,5.2917E+21,9.61867E+15,4.7777E+16
45353,8.17043E+18,8,3,17,96,2017,4,19,6,2,8,1,0,1,0,0,0,0,0,4.23875E+20,5.37405E+21,7.96918E+15,4.8515E+16
45354,8.17043E+18,8,3,15,37,2017,4,7,6,3,9,1,0,1,0,0,0,0,2,4.2956E+20,5.30157E+21,8.05818E+15,4.78636E+16
45355,8.17043E+18,8,3,15,131,2017,4,7,6,3,1,6,0,0,0,1,1,0,1,4.04137E+20,5.30795E+21,7.71692E+15,4.79177E+16
45356,8.17043E+18,8,2,26,95,2017,4,16,6,3,2,6,0,1,0,0,0,0,0,4.72933E+20,5.46155E+21,8.62765E+15,4.93061E+16
45357,8.17043E+18,8,2,26,95,2017,4,15,6,2,2,6,0,1,0,0,0,0,0,4.70895E+20,5.46012E+21,8.59972E+15,4.92932E+16
45358,8.17043E+18,8,2,12,0,2017,4,16,6,3,3,6,0,1,0,0,0,0,0,4.5288E+20,5.42908E+21,8.35561E+15,4.90128E+16
45359,8.17043E+18,8,2,15,107,2017,4,18,6,3,2,6,0,1,0,0,1,0,0,4.62166E+20,5.45567E+21,8.4801E+15,4.92526E+16
45360,8.17043E+18,8,2,15,17,2017,4,2,6,3,4,6,0,1,0,0,1,2,1,4.53354E+20,5.42102E+21,8.36301E+15,4.89403E+16
45361,8.17043E+18,8,2,35,32,2017,4,22,6,3,8,1,0,1,0,0,0,2,0,4.74031E+20,5.37441E+21,8.6483E+15,4.85223E+16
45362,8.17043E+18,8,2,35,46,2017,4,7,6,3,2,6,0,1,0,0,0,0,0,4.8183E+20,5.37848E+21,8.75374E+15,4.85592E+16
45363,8.17043E+18,8,2,35,7,2017,4,17,6,3,2,6,0,1,0,0,0,0,0,4.83389E+20,5.39593E+21,8.77418E+15,4.87162E+16
45364,8.17043E+18,8,2,36,25,2017,4,14,6,2,4,2,0,1,0,0,0,0,0,4.90365E+20,5.40835E+21,8.86873E+15,4.8828E+16
45365,8.17043E+18,8,2,31,0,2017,4,8,6,3,5,3,0,1,0,0,1,0,0,4.78371E+20,5.41563E+21,8.70492E+15,4.88932E+16
45366,8.17043E+18,8,2,36,71,2017,4,19,6,3,8,7,0,1,0,0,1,0,0,4.68745E+20,5.42179E+21,8.57313E+15,4.89483E+16
45367,8.17043E+18,8,3,36,6,2017,4,18,1,3,4,6,0,1,0,0,0,0,0,3.90125E+20,5.28522E+21,7.5352E+15,4.7711E+16
45368,8.17043E+18,8,2,36,68,2017,4,10,6,3,2,6,0,1,0,0,0,0,0,4.87864E+20,5.41335E+21,8.8345E+15,4.8873E+16
45369,8.17043E+18,8,3,35,97,2017,4,12,1,1,2,6,0,1,0,1,0,0,0,4.86866E+20,5.29984E+21,8.82444E+15,4.78517E+16
45370,8.17043E+18,8,2,26,98,2017,4,12,6,3,5,3,1,1,0,0,0,0,0,4.78314E+20,5.45996E+21,8.70176E+15,4.9292E+16
45371,8.17043E+18,8,2,26,3,2017,4,18,6,3,4,2,0,1,0,0,0,0,0,4.66026E+20,5.45987E+21,8.53278E+15,4.92906E+16
45372,8.17043E+18,8,2,25,109,2017,4,11,6,3,5,3,0,1,0,0,1,0,0,5.27369E+20,5.49243E+21,9.37864E+15,4.95838E+16
45373,8.17043E+18,8,2,22,0,2017,4,16,6,3,1,6,0,1,0,0,0,0,0,4.62758E+20,5.48264E+21,8.48572E+15,4.94952E+16
45374,8.17043E+18,8,2,16,43,2017,4,7,6,3,5,3,0,1,0,0,0,0,0,4.41349E+20,5.4107E+21,8.20057E+15,4.88465E+16
45375,8.17043E+18,8,2,15,46,2017,4,22,7,3,2,6,0,1,0,0,0,2,0,4.51167E+20,5.41661E+21,8.33368E+15,4.89005E+16
45376,8.17043E+18,8,3,26,3,2017,4,9,7,3,2,6,0,1,0,0,0,0,0,4.63449E+20,5.3198E+21,8.50972E+15,4.80305E+16
45377,8.17043E+18,8,4,16,22,2017,4,16,7,3,5,2,0,1,0,1,0,0,0,5.10236E+20,5.37539E+21,9.13865E+15,4.85315E+16
45378,8.17043E+18,8,2,15,9,2017,4,18,6,2,0,1,0,0,0,1,0,0,0,4.73359E+20,5.43979E+21,8.63496E+15,4.91104E+16
45379,8.17043E+18,8,2,15,102,2017,4,12,7,2,5,3,1,1,0,0,0,0,0,4.56871E+20,5.43467E+21,8.40959E+15,4.90634E+16
45380,8.17043E+18,8,3,26,74,2017,4,16,7,3,3,2,1,1,0,0,0,0,0,4.59569E+20,5.32384E+21,8.4573E+15,4.80666E+16
45381,8.17043E+18,8,4,25,81,2017,4,17,7,3,8,1,0,1,0,0,0,0,0,5.47614E+20,5.34182E+21,9.64112E+15,4.82278E+16
45382,8.17043E+18,8,1,16,27,2017,4,15,1,1,4,6,0,1,0,1,0,0,0,5.33507E+20,5.39298E+21,9.45527E+15,4.8689E+16
45383,8.17043E+18,8,1,27,23,2017,4,17,1,3,2,2,0,1,0,0,0,0,0,5.5229E+20,5.42599E+21,9.71468E+15,4.89846E+16
45384,8.17043E+18,8,2,15,25,2017,4,18,6,3,3,2,0,1,0,0,0,0,0,4.74961E+20,5.43559E+21,8.65717E+15,4.90726E+16
45385,8.17043E+18,8,4,16,48,2017,4,13,6,3,2,6,0,1,0,0,0,0,0,4.91879E+20,5.37666E+21,8.88998E+15,4.8543E+16
45386,8.17043E+18,8,1,16,15,2017,4,9,6,3,9,1,0,1,0,0,1,0,1,5.24241E+20,5.39223E+21,9.32934E+15,4.86826E+16
45387,8.17043E+18,8,1,18,78,2017,4,22,6,3,3,6,0,1,0,0,0,2,0,5.12396E+20,5.41943E+21,9.16923E+15,4.89277E+16
45388,8.17043E+18,8,1,36,10,2017,4,5,6,3,4,1,0,1,0,0,0,2,1,5.99193E+20,5.41566E+21,1.03531E+16,4.8886E+16
45389,8.17043E+18,8,1,36,87,2017,4,2,6,3,8,1,0,1,0,0,0,2,1,6.04301E+20,5.41321E+21,1.04221E+16,4.88631E+16
45390,8.17043E+18,8,1,36,19,2017,4,16,6,3,8,1,0,1,0,0,0,0,1,5.80248E+20,5.42184E+21,1.00959E+16,4.89443E+16
45391,8.17043E+18,8,1,28,131,2017,4,15,6,3,0,3,0,1,0,0,0,0,0,5.38357E+20,5.51243E+21,9.53261E+15,4.97631E+16
45392,8.17043E+18,8,1,28,139,2017,4,17,6,3,2,6,0,1,0,0,0,0,0,5.54083E+20,5.48638E+21,9.74735E+15,4.95276E+16
45393,8.17043E+18,8,1,28,7,2017,4,13,6,3,2,6,0,1,0,0,0,0,0,5.55243E+20,5.48256E+21,9.76284E+15,4.94931E+16
45394,8.17043E+18,8,1,25,59,2017,4,10,6,3,0,1,0,1,0,0,0,0,1,5.29947E+20,5.43658E+21,9.41011E+15,4.90814E+16
45395,8.17043E+18,8,2,35,7,2017,4,17,1,2,9,1,0,1,0,0,0,0,0,4.83602E+20,5.39623E+21,8.77706E+15,4.87189E+16
45396,8.17043E+18,8,1,25,7,2017,4,20,6,3,2,6,0,1,0,0,0,0,0,5.11857E+20,5.45281E+21,9.16286E+15,4.9228E+16
45397,8.17043E+18,8,1,25,56,2017,4,17,6,3,2,6,0,1,0,0,0,0,0,5.11131E+20,5.43606E+21,9.15242E+15,4.90773E+16
45398,8.17043E+18,8,1,21,0,2017,4,13,6,3,3,6,0,1,0,1,0,0,0,5.13791E+20,5.44316E+21,9.18908E+15,4.91412E+16