OBJECTID,UIDENTSTLA,ULAND,UREGBEZ,UKREIS,UGEMEINDE,UJAHR,UMONAT,USTUNDE,UWOCHENTAG,UKATEGORIE,UART,UTYP1,IstRad,IstPKW,IstFuss,IstKrad,IstSonstig,LICHT,STRZUSTAND,LINREFX,LINREFY,XGCSWGS84,YGCSWGS84
45747,8.17042E+18,8,4,15,61,2017,4,14,1,3,2,2,0,1,0,0,0,0,0,5.1426E+20,5.3733E+21,9.19309E+15,4.85127E+16
45748,8.17042E+18,8,3,37,126,2017,4,14,1,1,9,1,0,1,0,0,0,0,0,4.43514E+20,5.27764E+21,8.24785E+15,4.76497E+16
45749,8.17043E+18,8,3,27,36,2017,4,12,1,3,8,6,0,1,0,0,1,0,0,4.89661E+20,5.32243E+21,8.86126E+15,4.8055E+16
45750,8.17042E+18,8,3,36,45,2017,4,16,1,2,5,2,0,1,0,1,0,0,0,3.96602E+20,5.28366E+21,7.62189E+15,4.7698E+16
45751,8.17043E+18,8,4,37,100,2017,4,15,1,2,6,4,0,1,1,0,0,0,0,5.34256E+20,5.31486E+21,9.4591E+15,4.79861E+16
45752,8.17042E+18,8,4,17,75,2017,4,23,1,1,5,3,0,1,0,0,0,2,0,5.09287E+20,5.33692E+21,9.12495E+15,4.81855E+16
45753,8.17042E+18,8,3,26,55,2017,4,17,1,2,9,1,0,0,0,1,0,0,0,4.37725E+20,5.33178E+21,8.16296E+15,4.81362E+16
45754,8.17042E+18,8,3,16,3,2017,4,13,1,3,3,2,0,1,0,1,0,0,0,4.2885E+20,5.33954E+21,8.04238E+15,4.82051E+16
45755,8.17042E+18,8,3,15,8,2017,4,13,1,3,2,1,0,1,0,1,0,0,0,4.02608E+20,5.30088E+21,7.69805E+15,4.78539E+16
45756,8.17051E+18,8,1,21,0,2017,5,5,4,3,5,3,0,1,0,0,0,0,0,5.09667E+20,5.44745E+21,9.13265E+15,4.91798E+16
45757,8.17051E+18,8,1,21,0,2017,5,16,4,3,1,6,0,1,0,0,0,0,0,5.17524E+20,5.44402E+21,9.2403E+15,4.91488E+16
45758,8.17051E+18,8,1,21,0,2017,5,18,4,3,2,6,0,1,0,0,0,0,0,5.15973E+20,5.44513E+21,9.21908E+15,4.91588E+16
45759,8.17051E+18,8,1,19,93,2017,5,7,4,3,5,3,0,1,0,1,0,0,0,5.23914E+20,5.40624E+21,9.32571E+15,4.88087E+16
45760,8.17051E+18,8,1,16,5,2017,5,16,2,2,0,1,0,0,0,1,0,0,1,5.20786E+20,5.38132E+21,9.28185E+15,4.85846E+16
45761,8.17051E+18,8,1,15,41,2017,5,16,2,3,2,6,0,1,0,0,1,0,0,4.95727E+20,5.40056E+21,8.94186E+15,4.8758E+16
45762,8.17051E+18,8,1,15,21,2017,5,16,2,3,0,7,0,0,0,1,0,0,1,4.91796E+20,5.38314E+21,8.88873E+15,4.86012E+16
45763,8.17051E+18,8,1,19,79,2017,5,8,4,3,3,7,0,1,0,0,0,0,0,5.23364E+20,5.40851E+21,9.31834E+15,4.88292E+16
45764,8.17051E+18,8,1,19,68,2017,5,20,4,2,5,3,1,1,0,0,0,0,0,5.25769E+20,5.41359E+21,9.35143E+15,4.88747E+16
45765,8.17051E+18,8,1,18,76,2017,5,13,4,3,5,3,1,0,0,0,1,0,0,5.01356E+20,5.42747E+21,9.01854E+15,4.90001E+16
45766,8.17051E+18,8,1,18,70,2017,5,7,4,3,5,3,0,1,0,0,0,0,0,5.2143E+20,5.42294E+21,9.29276E+15,4.8959E+16
45767,8.17051E+18,8,1,18,11,2017,5,17,4,3,5,2,0,1,0,0,0,0,0,5.05139E+20,5.40796E+21,9.07001E+15,4.88246E+16
45768,8.17051E+18,8,1,11,0,2017,5,15,2,3,0,1,0,1,0,0,0,0,1,5.16904E+20,5.40362E+21,9.23013E+15,4.87854E+16
45769,8.17051E+18,8,1,11,0,2017,5,14,2,3,2,6,0,1,0,0,0,0,0,5.18423E+20,5.40189E+21,9.25073E+15,4.87697E+16
45770,8.17051E+18,8,1,11,0,2017,5,11,2,3,2,6,0,1,0,0,0,0,1,5.14786E+20,5.40467E+21,9.20133E+15,4.87949E+16
45771,8.17051E+18,8,4,37,104,2017,5,16,1,3,4,6,0,1,0,0,0,0,1,5.15567E+20,5.32636E+21,9.20905E+15,4.80903E+16
45772,8.17051E+18,8,4,17,54,2017,5,19,1,3,4,1,0,1,0,0,0,0,1,4.76528E+20,5.34892E+21,8.68354E+15,4.82931E+16
45773,8.17051E+18,8,4,17,2,2017,5,0,1,3,9,1,0,1,0,0,0,2,1,4.8918E+20,5.34364E+21,8.85425E+15,4.82459E+16
45774,8.17051E+18,8,4,15,89,2017,5,17,1,3,5,3,0,1,0,0,0,0,1,5.2139E+20,5.36096E+21,9.289E+15,4.84014E+16
45775,8.17051E+18,8,3,26,3,2017,5,10,1,3,2,6,0,1,0,0,0,0,0,4.65066E+20,5.32047E+21,8.53136E+15,4.80366E+16
45776,8.17051E+18,8,3,26,27,2017,5,16,1,3,0,7,0,0,0,1,0,0,0,4.62099E+20,5.30874E+21,8.49258E+15,4.79309E+16
45777,8.17051E+18,8,3,26,74,2017,5,5,1,2,1,6,0,1,0,0,1,2,1,4.66979E+20,5.32238E+21,8.55687E+15,4.80538E+16
45778,8.17051E+18,8,3,17,40,2017,5,19,1,3,0,7,0,1,0,0,0,0,1,4.32903E+20,5.34759E+21,8.09565E+15,4.82779E+16
45779,8.17051E+18,8,3,17,100,2017,5,12,1,3,5,3,1,1,0,0,0,0,1,4.23938E+20,5.36654E+21,7.97141E+15,4.84474E+16
45780,8.17051E+18,8,3,17,113,2017,5,21,1,1,4,6,0,1,0,0,0,2,1,4.08889E+20,5.34521E+21,7.77256E+15,4.82536E+16
45781,8.17051E+18,8,1,18,73,2017,5,9,4,3,5,3,0,1,0,1,0,0,0,4.9881E+20,5.41837E+21,8.98376E+15,4.89182E+16
45782,8.17051E+18,8,3,16,43,2017,5,15,1,3,1,1,1,1,0,0,0,0,0,4.09052E+20,5.3288E+21,7.77828E+15,4.8106E+16
45783,8.17051E+18,8,3,15,76,2017,5,17,1,3,4,6,0,1,0,0,1,0,0,3.91827E+20,5.29439E+21,7.55561E+15,4.77938E+16
45784,8.17051E+18,8,1,17,26,2017,5,14,4,3,5,3,0,1,0,0,0,0,0,5.50955E+20,5.3911E+21,9.69211E+15,4.86709E+16
45785,8.17051E+18,8,3,15,115,2017,5,11,1,3,5,3,1,1,0,0,0,0,1,4.0785E+20,5.32052E+21,7.76392E+15,4.80313E+16
45786,8.17051E+18,8,3,15,7,2017,5,16,1,2,3,2,0,1,0,0,0,0,1,4.00496E+20,5.29411E+21,7.6714E+15,4.77926E+16
45787,8.17051E+18,8,3,11,0,2017,5,7,1,3,8,1,0,1,0,0,0,0,1,4.15302E+20,5.3156E+21,7.86483E+15,4.79881E+16
45788,8.17051E+18,8,2,15,39,2017,5,11,1,3,2,6,0,1,0,0,0,0,1,4.71166E+20,5.45219E+21,8.60402E+15,4.92218E+16
45789,8.17051E+18,8,2,15,90,2017,5,0,1,3,7,7,0,1,0,0,1,2,0,4.65376E+20,5.43703E+21,8.52582E+15,4.90851E+16
45790,8.17051E+18,8,2,35,20,2017,5,20,1,3,4,1,0,1,0,0,0,1,1,4.7511E+20,5.38178E+21,8.66248E+15,4.85886E+16
45791,8.17051E+18,8,2,36,73,2017,5,17,1,3,8,1,0,1,0,0,0,0,0,4.78406E+20,5.42044E+21,8.70514E+15,4.89365E+16
45792,8.17051E+18,8,2,22,0,2017,5,18,1,2,5,3,0,1,0,0,0,0,1,4.665E+20,5.48282E+21,8.53737E+15,4.94971E+16
45793,8.17051E+18,8,1,28,115,2017,5,18,1,3,4,1,0,1,0,0,0,0,1,5.48079E+20,5.49697E+21,9.66568E+15,4.96234E+16
45794,8.17051E+18,8,1,27,43,2017,5,7,1,3,9,1,0,1,0,0,0,0,1,5.64413E+20,5.45054E+21,9.88428E+15,4.92043E+16
45795,8.17051E+18,8,1,19,85,2017,5,20,1,2,0,1,0,1,0,0,0,1,1,5.27886E+20,5.41341E+21,9.38029E+15,4.8873E+16
45796,8.17051E+18,8,1,17,9,2017,5,5,1,3,4,6,0,1,0,0,0,1,1,5.48839E+20,5.39944E+21,9.66435E+15,4.87461E+16
45797,8.17051E+18,8,1,17,30,2017,5,11,4,3,2,6,0,1,0,0,0,0,0,5.47299E+20,5.39118E+21,9.64246E+15,4.86719E+16
45798,8.17051E+18,8,1,16,77,2017,5,13,1,3,4,2,0,1,0,1,0,0,1,5.16095E+20,5.39121E+21,9.21862E+15,4.86737E+16
45799,8.17051E+18,8,1,17,24,2017,5,20,4,2,0,1,0,0,0,1,0,1,0,5.61592E+20,5.3859E+21,9.8358E+15,4.86232E+16
45800,8.17051E+18,8,1,11,0,2017,5,3,1,3,2,6,0,1,0,0,0,2,1,5.1632E+20,5.39354E+21,9.22178E+15,4.86947E+16
45801,8.17051E+18,8,4,25,71,2017,5,12,4,2,0,5,0,1,0,0,0,0,0,5.50661E+20,5.37111E+21,9.68567E+15,4.84911E+16
45802,8.17051E+18,8,1,11,0,2017,5,23,1,3,9,1,0,1,0,0,0,2,1,5.16584E+20,5.40736E+21,9.22592E+15,4.8819E+16
45803,8.17051E+18,8,1,15,29,2017,5,18,4,3,1,6,0,1,0,0,1,0,0,4.97331E+20,5.39775E+21,8.9637E+15,4.87328E+16
45804,8.17051E+18,8,3,27,19,2017,5,16,4,3,1,6,0,1,0,0,0,0,0,4.82078E+20,5.33166E+21,8.7591E+15,4.81379E+16
45805,8.17051E+18,8,1,15,28,2017,5,8,4,3,8,1,0,0,0,1,0,0,0,4.97952E+20,5.40663E+21,8.9721E+15,4.88127E+16
45806,8.17051E+18,8,1,15,37,2017,5,15,4,3,1,1,1,1,0,0,0,0,0,4.92133E+20,5.38612E+21,8.89323E+15,4.86281E+16
45807,8.17051E+18,8,1,15,21,2017,5,16,4,3,2,2,0,1,0,0,0,0,0,4.89783E+20,5.38297E+21,8.86142E+15,4.85997E+16
45808,8.17051E+18,8,1,15,15,2017,5,11,4,3,5,3,0,1,0,0,0,0,0,4.93881E+20,5.38741E+21,8.91694E+15,4.86397E+16
45809,8.17051E+18,8,1,11,0,2017,5,14,1,3,2,6,0,1,0,0,0,0,1,5.13969E+20,5.40047E+21,9.19007E+15,4.87571E+16
45810,8.17051E+18,8,4,36,55,2017,5,6,7,3,8,7,0,0,0,0,1,0,0,5.68985E+20,5.30079E+21,9.92225E+15,4.78568E+16
45811,8.17051E+18,8,4,26,21,2017,5,18,7,2,4,2,0,1,0,0,0,1,1,5.59857E+20,5.32924E+21,9.80418E+15,4.81136E+16
45812,8.17051E+18,8,3,37,32,2017,5,18,7,3,6,7,0,1,1,0,0,0,1,4.37579E+20,5.27326E+21,8.16945E+15,4.76098E+16
45813,8.17051E+18,8,3,35,63,2017,5,3,7,3,6,6,1,0,1,0,0,2,0,4.96861E+20,5.28788E+21,8.95813E+15,4.77443E+16
45814,8.17051E+18,8,3,35,43,2017,5,10,7,3,2,6,0,1,0,0,0,0,0,5.13684E+20,5.28016E+21,9.1823E+15,4.76747E+16
45815,8.17051E+18,8,3,35,77,2017,5,16,7,3,5,3,0,1,0,0,0,0,1,4.93854E+20,5.29069E+21,8.91797E+15,4.77695E+16
45816,8.17051E+18,8,3,35,99,2017,5,16,7,3,9,7,0,1,0,0,0,0,0,4.94014E+20,5.29708E+21,8.92003E+15,4.78271E+16
45817,8.17051E+18,8,3,26,60,2017,5,13,7,3,4,1,1,1,0,0,0,0,1,4.42666E+20,5.33095E+21,8.22948E+15,4.81292E+16
45818,8.17051E+18,8,3,25,69,2017,5,12,7,3,4,6,0,0,0,1,1,0,0,4.65677E+20,5.33488E+21,8.5384E+15,4.81662E+16
45819,8.17051E+18,8,3,17,34,2017,5,21,7,3,5,3,1,1,0,0,0,2,1,4.26367E+20,5.3627E+21,8.00493E+15,4.84131E+16
45820,8.17051E+18,8,2,26,103,2017,5,14,7,3,3,6,0,1,0,0,1,0,0,4.7227E+20,5.45842E+21,8.61875E+15,4.92779E+16
45821,8.17051E+18,8,2,26,103,2017,5,15,7,3,2,6,0,1,0,0,0,0,0,4.7181E+20,5.45918E+21,8.61238E+15,4.92847E+16
45822,8.17051E+18,8,2,12,0,2017,5,13,7,3,5,2,1,1,0,0,0,0,0,4.58069E+20,5.4277E+21,8.42671E+15,4.90007E+16
45823,8.17051E+18,8,2,35,66,2017,5,0,7,2,8,1,0,1,0,0,0,2,0,4.66407E+20,5.38434E+21,8.54426E+15,4.86113E+16
45824,8.17051E+18,8,2,31,0,2017,5,22,7,2,2,6,0,1,0,0,0,2,1,4.84874E+20,5.41221E+21,8.79377E+15,4.88626E+16
45825,8.17051E+18,8,2,36,70,2017,5,9,7,3,5,3,1,1,0,0,0,0,0,4.69319E+20,5.4164E+21,8.58137E+15,4.88998E+16
45826,8.17051E+18,8,2,22,0,2017,5,14,7,3,1,6,0,1,0,0,0,0,0,4.65431E+20,5.48019E+21,8.52284E+15,4.94734E+16
45827,8.17051E+18,8,2,26,56,2017,5,13,7,2,4,6,1,0,0,0,0,0,0,4.92008E+20,5.4725E+21,8.88983E+15,4.94051E+16
45828,8.17051E+18,8,2,22,0,2017,5,18,7,2,2,6,0,1,0,0,0,0,0,4.64643E+20,5.47702E+21,8.51224E+15,4.94448E+16
45829,8.17051E+18,8,2,16,39,2017,5,16,7,3,5,3,1,1,0,0,0,0,1,4.43741E+20,5.41549E+21,8.23252E+15,4.88898E+16
45830,8.17051E+18,8,1,11,0,2017,5,9,4,3,5,2,1,1,0,0,0,0,0,5.14942E+20,5.40295E+21,9.20339E+15,4.87793E+16
45831,8.17051E+18,8,2,15,66,2017,5,6,7,3,8,6,0,1,0,0,0,0,0,4.5723E+20,5.45231E+21,8.41263E+15,4.92221E+16
45832,8.17051E+18,8,1,11,0,2017,5,8,4,3,5,2,1,1,0,0,0,0,0,5.17793E+20,5.40618E+21,9.24234E+15,4.88083E+16
45833,8.17051E+18,8,2,15,102,2017,5,13,7,3,5,3,0,1,0,1,0,0,0,4.58224E+20,5.43765E+21,8.4278E+15,4.90902E+16
45834,8.17051E+18,8,1,16,47,2017,5,3,7,3,8,7,0,1,0,0,0,2,0,5.20274E+20,5.39359E+21,9.2755E+15,4.8695E+16
45835,8.17051E+18,8,1,36,50,2017,5,17,7,3,8,1,1,0,0,0,0,0,0,5.82083E+20,5.40424E+21,1.01175E+16,4.87857E+16
45836,8.17051E+18,8,1,35,20,2017,5,11,7,3,0,1,0,1,0,0,0,0,0,5.87537E+20,5.38373E+21,1.01873E+16,4.86005E+16
45837,8.17051E+18,8,1,26,20,2017,5,20,7,2,8,1,0,0,0,1,0,1,0,5.53569E+20,5.46762E+21,9.73771E+15,4.93589E+16
45838,8.17051E+18,8,2,22,0,2017,5,16,4,3,2,6,0,1,0,0,0,0,0,4.61224E+20,5.4839E+21,8.4644E+15,4.95065E+16
45839,8.17051E+18,8,3,15,47,2017,5,8,4,3,2,6,0,1,0,0,0,0,0,4.14822E+20,5.32211E+21,7.8571E+15,4.80466E+16
45840,8.17051E+18,8,1,11,0,2017,5,15,4,3,1,5,0,1,0,1,0,0,0,5.15448E+20,5.39428E+21,9.20995E+15,4.87013E+16
45841,8.17051E+18,8,1,11,0,2017,5,10,4,3,2,6,0,1,0,0,1,0,0,5.15385E+20,5.40592E+21,9.20953E+15,4.88061E+16
45842,8.17051E+18,8,4,36,39,2017,5,7,3,3,5,3,0,1,0,0,0,0,1,5.47829E+20,5.28923E+21,9.63816E+15,4.77547E+16
45843,8.17051E+18,8,1,25,98,2017,5,17,7,2,9,1,0,0,0,1,0,0,0,5.25235E+20,5.43706E+21,9.34561E+15,4.90858E+16
45844,8.17051E+18,8,4,35,34,2017,5,7,3,3,2,2,0,1,0,0,0,0,0,5.30291E+20,5.28399E+21,9.4038E+15,4.77086E+16
45845,8.17051E+18,8,4,35,59,2017,5,16,3,2,4,6,0,1,0,0,0,0,0,5.1606E+20,5.29259E+21,9.21441E+15,4.77865E+16
45846,8.17051E+18,8,4,26,71,2017,5,16,3,2,5,3,0,1,0,0,0,0,0,5.65768E+20,5.33163E+21,9.88397E+15,4.81345E+16
45847,8.17051E+18,8,4,25,141,2017,5,17,3,3,9,7,1,0,0,0,0,0,0,5.65507E+20,5.36284E+21,9.8853E+15,4.84153E+16
45848,8.17051E+18,8,4,15,60,2017,5,14,3,2,5,3,1,1,0,0,0,0,0,5.13343E+20,5.38057E+21,9.1809E+15,4.85781E+16
45849,8.17051E+18,8,1,19,86,2017,5,15,7,3,0,2,0,0,0,1,0,0,0,5.33737E+20,5.40302E+21,9.45923E+15,4.87792E+16
45850,8.17051E+18,8,1,19,87,2017,5,17,7,3,5,3,0,1,0,0,1,0,0,5.26956E+20,5.42562E+21,9.36841E+15,4.89829E+16
45851,8.17051E+18,8,1,19,79,2017,5,17,7,1,8,1,0,0,0,1,0,0,0,5.24476E+20,5.40828E+21,9.33348E+15,4.88271E+16
45852,8.17051E+18,8,1,18,11,2017,5,15,7,3,8,6,0,1,0,0,0,0,0,4.99736E+20,5.41133E+21,8.99641E+15,4.88549E+16
45853,8.17051E+18,8,1,16,41,2017,5,10,7,3,5,3,0,1,0,1,0,0,0,5.18789E+20,5.38355E+21,9.25488E+15,4.86047E+16
45854,8.17051E+18,8,1,16,77,2017,5,12,7,3,5,3,0,1,0,0,0,0,0,5.16718E+20,5.39168E+21,9.2271E+15,4.8678E+16
45855,8.17051E+18,8,1,16,78,2017,5,13,7,3,2,6,0,1,0,0,0,0,0,5.09339E+20,5.39167E+21,9.12687E+15,4.8678E+16
45856,8.17051E+18,8,1,16,19,2017,5,13,7,3,8,1,0,0,0,1,0,0,0,5.2536E+20,5.39777E+21,9.34488E+15,4.87324E+16
45857,8.17051E+18,8,1,11,0,2017,5,15,7,3,0,7,0,1,0,0,1,0,0,5.16642E+20,5.40582E+21,9.22665E+15,4.88051E+16
45858,8.17051E+18,8,4,37,56,2017,5,20,6,3,5,3,0,1,0,0,0,1,0,5.26548E+20,5.30066E+21,9.35493E+15,4.78587E+16
45859,8.17051E+18,8,4,36,81,2017,5,19,6,2,2,6,1,0,0,0,1,0,0,5.66712E+20,5.281E+21,9.88882E+15,4.76789E+16
45860,8.17051E+18,8,4,16,22,2017,5,21,3,3,8,1,0,1,0,0,0,2,0,5.10186E+20,5.3759E+21,9.13799E+15,4.85361E+16
45861,8.17051E+18,8,4,36,8,2017,5,12,6,3,2,2,1,1,0,0,0,0,0,5.45103E+20,5.30773E+21,9.60371E+15,4.79213E+16
45862,8.17051E+18,8,4,35,67,2017,5,11,6,3,2,6,0,1,0,0,0,0,0,5.27549E+20,5.29174E+21,9.36775E+15,4.77784E+16
45863,8.17051E+18,8,4,35,35,2017,5,13,6,3,5,2,0,1,0,1,0,0,0,5.40033E+20,5.2817E+21,9.53345E+15,4.76874E+16
45864,8.17051E+18,8,4,17,79,2017,5,7,6,3,2,6,0,1,0,1,0,0,0,4.94533E+20,5.34051E+21,8.92641E+15,4.82178E+16
45865,8.17051E+18,8,4,15,53,2017,5,16,6,3,5,3,0,1,0,0,0,0,0,5.36221E+20,5.36235E+21,9.48949E+15,4.84133E+16
45866,8.17051E+18,8,4,15,78,2017,5,7,6,2,8,1,0,1,0,0,0,0,0,5.32161E+20,5.36871E+21,9.43512E+15,4.84707E+16
45867,8.17051E+18,8,2,37,24,2017,5,13,6,3,2,6,0,1,0,0,0,0,0,4.79964E+20,5.36018E+21,8.72933E+15,4.83944E+16
45868,8.17051E+18,8,1,35,25,2017,5,16,4,2,1,5,1,1,0,0,0,0,0,5.81912E+20,5.39931E+21,1.01141E+16,4.87414E+16
45869,8.17051E+18,8,2,15,99,2017,5,14,4,3,5,2,1,1,0,0,0,0,0,4.62897E+20,5.44745E+21,8.49091E+15,4.91787E+16
45870,8.17051E+18,8,2,37,73,2017,5,21,4,3,8,1,0,0,0,1,0,1,0,4.65537E+20,5.38173E+21,8.53267E+15,4.85877E+16
45871,8.17051E+18,8,3,35,35,2017,5,6,4,3,5,3,0,1,0,0,0,0,0,4.7825E+20,5.29191E+21,8.70966E+15,4.77802E+16
45872,8.17051E+18,8,3,37,62,2017,5,12,3,2,9,7,0,1,0,0,0,0,0,4.56612E+20,5.27785E+21,8.42222E+15,4.76526E+16
45873,8.17051E+18,8,3,15,48,2017,5,16,6,2,2,6,0,1,0,0,0,0,0,3.98842E+20,5.3113E+21,7.64529E+15,4.7947E+16
45874,8.17051E+18,8,4,35,34,2017,5,13,3,2,4,6,0,1,0,0,1,0,0,5.28305E+20,5.28661E+21,9.3775E+15,4.77323E+16
45875,8.17051E+18,8,3,16,43,2017,5,17,6,3,2,6,0,1,0,0,0,0,0,4.09754E+20,5.32986E+21,7.78748E+15,4.81156E+16
45876,8.17051E+18,8,3,37,2,2017,5,17,6,3,5,3,0,1,0,1,0,0,0,4.33164E+20,5.27379E+21,8.11063E+15,4.7614E+16
45877,8.17051E+18,8,3,37,125,2017,5,17,6,2,4,6,0,1,0,0,0,0,0,4.4697E+20,5.27368E+21,8.29433E+15,4.76144E+16
45878,8.17051E+18,8,3,37,65,2017,5,12,6,2,5,3,0,1,0,1,0,0,0,4.48505E+20,5.27518E+21,8.31459E+15,4.7628E+16
45879,8.17051E+18,8,3,36,45,2017,5,13,6,3,2,6,0,1,0,0,0,0,0,3.98833E+20,5.28369E+21,7.65161E+15,4.76986E+16
45880,8.17051E+18,8,3,36,91,2017,5,21,6,3,5,2,0,1,0,1,0,2,0,3.96027E+20,5.27338E+21,7.61667E+15,4.76055E+16
45881,8.17051E+18,8,2,12,0,2017,5,15,4,3,2,6,0,1,0,0,0,0,0,4.60572E+20,5.42878E+21,8.46082E+15,4.90106E+16
45882,8.17051E+18,8,3,35,55,2017,5,15,4,3,9,3,1,0,0,0,1,0,0,4.94766E+20,5.28393E+21,8.93022E+15,4.77087E+16
45883,8.17051E+18,8,3,17,34,2017,5,11,3,3,2,2,0,1,0,0,0,0,0,4.25989E+20,5.36315E+21,7.99974E+15,4.84172E+16
45884,8.17051E+18,8,3,17,34,2017,5,7,3,3,2,6,0,1,0,0,0,0,1,4.26387E+20,5.36138E+21,8.00543E+15,4.84012E+16
45885,8.17051E+18,8,3,17,57,2017,5,15,3,3,8,7,0,1,0,0,0,0,0,4.11766E+20,5.38081E+21,7.80382E+15,4.85742E+16
45886,8.17051E+18,8,3,36,91,2017,5,17,6,3,5,2,0,1,0,1,0,0,0,3.95462E+20,5.27185E+21,7.60953E+15,4.75916E+16
45887,8.17051E+18,8,3,36,69,2017,5,11,6,3,2,6,0,1,0,0,1,0,0,4.06933E+20,5.26906E+21,7.76266E+15,4.75683E+16
45888,8.17051E+18,8,4,36,81,2017,5,8,6,2,4,6,0,1,0,0,1,0,0,5.58385E+20,5.28309E+21,9.77817E+15,4.76985E+16
45889,8.17051E+18,8,4,35,29,2017,5,15,6,1,4,7,0,1,0,1,0,0,0,5.44655E+20,5.27294E+21,9.59415E+15,4.76083E+16
45890,8.17051E+18,8,3,26,74,2017,5,18,6,3,8,2,0,0,0,1,0,0,0,4.65912E+20,5.32553E+21,8.5423E+15,4.80821E+16
45891,8.17051E+18,8,3,25,45,2017,5,16,6,3,5,3,0,1,0,0,0,0,0,4.68389E+20,5.34999E+21,8.57373E+15,4.83023E+16
45892,8.17051E+18,8,3,25,69,2017,5,20,6,2,4,1,0,1,0,0,0,0,0,4.67364E+20,5.33641E+21,8.56096E+15,4.81801E+16
45893,8.17051E+18,8,3,17,34,2017,5,13,6,3,2,6,0,1,0,0,0,0,0,4.26008E+20,5.3631E+21,8.00001E+15,4.84167E+16
45894,8.17051E+18,8,3,17,96,2017,5,14,6,3,4,6,0,1,0,0,0,0,0,4.20805E+20,5.37289E+21,7.92784E+15,4.85042E+16
45895,8.17051E+18,8,3,17,1,2017,5,13,6,3,5,3,0,1,0,1,0,0,0,4.32453E+20,5.38537E+21,8.08349E+15,4.86177E+16
45896,8.17051E+18,8,3,15,64,2017,5,13,6,3,5,3,0,1,0,0,0,0,0,4.21493E+20,5.31395E+21,7.94809E+15,4.79741E+16
45897,8.17051E+18,8,3,15,20,2017,5,16,6,3,8,1,0,1,0,0,0,0,0,4.26431E+20,5.31018E+21,8.01488E+15,4.79407E+16
45898,8.17051E+18,8,3,11,0,2017,5,15,6,3,3,6,0,1,0,0,1,0,0,4.14678E+20,5.31879E+21,7.85583E+15,4.80167E+16
45899,8.17051E+18,8,2,26,98,2017,5,15,6,2,2,6,0,0,0,0,1,0,0,4.76605E+20,5.45791E+21,8.67838E+15,4.92735E+16
45900,8.17051E+18,8,2,26,84,2017,5,9,6,3,2,7,0,1,0,0,1,0,0,4.67232E+20,5.46719E+21,8.54877E+15,4.93566E+16
45901,8.17051E+18,8,2,12,0,2017,5,9,6,3,2,6,0,1,0,0,0,0,0,4.55189E+20,5.42824E+21,8.38728E+15,4.90054E+16
45902,8.17051E+18,8,3,17,110,2017,5,17,3,2,5,3,1,1,0,0,0,0,0,4.26116E+20,5.38092E+21,7.99831E+15,4.8577E+16
45903,8.17051E+18,8,3,16,55,2017,5,15,3,3,1,6,0,1,0,0,0,0,0,4.27667E+20,5.33307E+21,8.02756E+15,4.81467E+16
45904,8.17051E+18,8,2,12,0,2017,5,17,6,3,2,6,0,1,0,0,0,0,0,4.56486E+20,5.42325E+21,8.40555E+15,4.89607E+16
45905,8.17051E+18,8,2,12,0,2017,5,17,6,3,5,3,1,1,0,0,0,0,0,4.61781E+20,5.42739E+21,8.47749E+15,4.89982E+16
45906,8.17051E+18,8,2,12,0,2017,5,14,6,3,2,6,0,1,0,0,1,0,0,4.5415E+20,5.42552E+21,8.37338E+15,4.89809E+16
45907,8.17051E+18,8,2,31,0,2017,5,19,3,3,3,6,0,1,0,0,0,0,0,4.84996E+20,5.41183E+21,8.79545E+15,4.88593E+16
45908,8.17051E+18,8,2,11,0,2017,5,14,6,3,2,6,0,1,0,0,0,0,0,4.41862E+20,5.40824E+21,8.20792E+15,4.88244E+16
45909,8.17051E+18,8,2,37,28,2017,5,11,6,3,5,3,0,1,0,0,0,0,0,4.58321E+20,5.36793E+21,8.4362E+15,4.84631E+16
45910,8.17051E+18,8,2,15,102,2017,5,16,3,3,3,6,0,1,0,1,0,0,0,4.5695E+20,5.43762E+21,8.41036E+15,4.909E+16
45911,8.17051E+18,8,2,31,0,2017,5,15,6,2,5,2,0,1,0,1,0,0,0,4.78464E+20,5.41644E+21,8.70615E+15,4.89006E+16
45912,8.17051E+18,8,2,36,72,2017,5,10,6,3,5,3,0,1,0,0,0,0,0,4.65245E+20,5.41112E+21,8.52624E+15,4.88521E+16
45913,8.17051E+18,8,2,15,103,2017,5,17,3,3,2,6,0,1,0,0,1,0,0,4.66814E+20,5.44427E+21,8.54491E+15,4.91503E+16
45914,8.17051E+18,8,2,26,85,2017,5,3,6,3,8,1,0,1,0,0,0,2,0,4.92412E+20,5.45761E+21,8.89569E+15,4.92712E+16
45915,8.17051E+18,8,2,25,2,2017,5,13,6,3,2,1,0,1,0,0,0,0,0,4.98457E+20,5.4674E+21,8.97874E+15,4.93593E+16
45916,8.17051E+18,8,2,26,84,2017,5,16,6,2,2,6,0,1,0,0,0,0,0,4.66838E+20,5.47353E+21,8.54281E+15,4.94135E+16
45917,8.17051E+18,8,2,21,0,2017,5,14,6,3,2,6,0,1,0,0,1,0,0,4.77469E+20,5.46989E+21,8.68958E+15,4.93813E+16
45918,8.17051E+18,8,2,16,63,2017,5,16,6,3,5,3,0,1,0,0,0,0,0,4.32914E+20,5.4051E+21,8.08653E+15,4.87953E+16
45919,8.17051E+18,8,1,26,58,2017,5,8,4,3,3,6,0,1,0,0,1,0,0,5.42818E+20,5.45159E+21,9.58795E+15,4.92156E+16
45920,8.17051E+18,8,2,26,56,2017,5,15,4,3,4,2,0,1,0,1,0,0,0,4.84988E+20,5.47133E+21,8.79312E+15,4.93945E+16