OBJECTID,UIDENTSTLA,ULAND,UREGBEZ,UKREIS,UGEMEINDE,UJAHR,UMONAT,USTUNDE,UWOCHENTAG,UKATEGORIE,UART,UTYP1,IstRad,IstPKW,IstFuss,IstKrad,IstSonstig,LICHT,STRZUSTAND,LINREFX,LINREFY,XGCSWGS84,YGCSWGS84
45921,8.17051E+18,8,3,16,9,2017,5,7,4,2,2,6,0,1,0,0,0,0,0,4.16478E+20,5.32349E+21,7.87904E+15,4.80592E+16
45922,8.17051E+18,8,2,12,0,2017,5,11,3,3,5,3,0,1,0,0,1,0,0,4.63177E+20,5.42146E+21,8.49711E+15,4.8945E+16
45923,8.17051E+18,8,2,35,85,2017,5,7,3,3,2,6,0,1,0,1,0,0,1,4.79635E+20,5.39586E+21,8.72315E+15,4.87154E+16
45924,8.17051E+18,8,2,31,0,2017,5,10,3,3,5,3,0,1,0,0,1,0,0,4.76995E+20,5.41706E+21,8.68607E+15,4.89061E+16
45925,8.17051E+18,8,2,15,9,2017,5,11,6,3,5,3,0,1,0,1,0,0,0,4.676E+20,5.43754E+21,8.55622E+15,4.90899E+16
45926,8.17051E+18,8,2,15,103,2017,5,18,6,3,5,3,0,1,0,0,0,0,0,4.65208E+20,5.4422E+21,8.52306E+15,4.91317E+16
45927,8.17051E+18,8,2,11,0,2017,5,20,6,3,1,7,0,1,0,1,0,1,0,4.40886E+20,5.40375E+21,8.19527E+15,4.8784E+16
45928,8.17051E+18,8,1,21,0,2017,5,13,6,3,2,6,0,1,0,0,0,0,0,5.11831E+20,5.44843E+21,9.16237E+15,4.91886E+16
45929,8.17051E+18,8,1,36,65,2017,5,17,6,3,0,1,0,0,0,1,0,0,0,5.60615E+20,5.40949E+21,9.826E+15,4.88354E+16
45930,8.17051E+18,8,1,36,88,2017,5,13,6,3,2,6,0,1,0,0,1,0,0,5.83668E+20,5.41542E+21,1.01413E+16,4.88861E+16
45931,8.17051E+18,8,1,36,88,2017,5,14,6,3,2,6,0,1,0,0,0,0,0,5.78186E+20,5.41006E+21,1.00655E+16,4.88386E+16
45932,8.17051E+18,8,1,27,12,2017,5,19,6,3,2,2,0,1,0,0,0,0,0,5.66412E+20,5.43243E+21,9.90874E+15,4.90411E+16
45933,8.17051E+18,8,1,27,59,2017,5,12,6,2,5,3,0,1,0,0,0,0,0,5.46248E+20,5.44224E+21,9.63396E+15,4.91312E+16
45934,8.17051E+18,8,1,26,46,2017,5,12,6,3,5,3,0,1,0,0,0,0,0,5.49789E+20,5.45533E+21,9.68412E+15,4.92487E+16
45935,8.17051E+18,8,1,25,7,2017,5,11,6,3,5,3,0,1,0,0,0,0,0,5.11804E+20,5.45274E+21,9.16212E+15,4.92274E+16
45936,8.17051E+18,8,1,18,81,2017,5,16,6,3,5,2,0,1,0,1,0,0,0,5.17655E+20,5.41247E+21,9.24073E+15,4.8865E+16
45937,8.17051E+18,8,1,17,26,2017,5,6,6,2,5,2,1,1,0,0,0,0,0,5.4892E+20,5.39447E+21,9.66487E+15,4.87013E+16
45938,8.17051E+18,8,1,16,19,2017,5,10,6,3,2,6,0,1,0,1,0,0,0,5.23217E+20,5.39822E+21,9.31576E+15,4.87366E+16
45939,8.17051E+18,8,1,15,53,2017,5,16,6,3,2,6,0,1,0,0,0,0,0,4.84011E+20,5.37862E+21,8.7833E+15,4.85605E+16
45940,8.17051E+18,8,1,11,0,2017,5,22,6,2,6,4,0,1,1,0,0,2,0,5.13474E+20,5.40267E+21,9.1834E+15,4.87769E+16
45941,8.17051E+18,8,1,11,0,2017,5,18,6,3,2,6,0,1,0,0,0,0,0,5.13571E+20,5.40628E+21,9.18484E+15,4.88094E+16
45942,8.17051E+18,8,1,11,0,2017,5,15,6,2,5,2,0,1,0,0,0,0,0,5.17803E+20,5.40406E+21,9.24238E+15,4.87893E+16
45943,8.17051E+18,8,1,11,0,2017,5,20,6,3,2,6,0,1,0,0,0,1,0,5.17308E+20,5.40696E+21,9.23577E+15,4.88154E+16
45944,8.17051E+18,8,1,11,0,2017,5,15,6,3,4,1,0,0,0,1,1,0,0,5.12203E+20,5.39943E+21,9.166E+15,4.87478E+16
45945,8.1705E+18,8,4,37,101,2017,5,17,5,3,2,6,0,1,0,0,0,0,0,5.22071E+20,5.32456E+21,9.2963E+15,4.80739E+16
45946,8.1705E+18,8,4,37,47,2017,5,16,5,3,9,7,0,1,0,0,0,0,1,5.19416E+20,5.33441E+21,9.26111E+15,4.81626E+16
45947,8.1705E+18,8,4,35,45,2017,5,16,5,3,5,3,0,1,0,0,0,0,0,5.367E+20,5.28488E+21,9.4893E+15,4.77163E+16
45948,8.1705E+18,8,4,37,65,2017,5,15,5,3,9,1,0,1,0,0,0,0,2,5.1968E+20,5.31794E+21,9.26389E+15,4.80144E+16
45949,8.17051E+18,8,2,35,80,2017,5,13,3,3,6,4,0,1,1,0,0,0,0,4.80164E+20,5.38548E+21,8.73083E+15,4.86221E+16
45950,8.1705E+18,8,4,26,21,2017,5,13,5,3,1,1,0,1,0,0,0,0,1,5.61353E+20,5.33191E+21,9.82467E+15,4.81374E+16
45951,8.1705E+18,8,4,26,21,2017,5,13,5,3,1,1,0,1,0,0,0,0,1,5.61375E+20,5.33196E+21,9.82497E+15,4.81379E+16
45952,8.1705E+18,8,4,26,21,2017,5,13,5,3,9,1,0,1,0,0,0,0,1,5.61324E+20,5.33183E+21,9.82427E+15,4.81368E+16
45953,8.1705E+18,8,4,26,21,2017,5,13,5,3,4,1,0,1,0,0,1,0,1,5.61213E+20,5.33109E+21,9.82268E+15,4.81301E+16
45954,8.1705E+18,8,4,21,0,2017,5,14,5,3,2,1,0,1,0,0,1,0,1,5.71899E+20,5.36299E+21,9.97169E+15,4.8416E+16
45955,8.17051E+18,8,2,36,50,2017,5,8,3,2,5,3,0,1,0,1,0,0,1,4.85406E+20,5.42317E+21,8.80063E+15,4.89613E+16
45956,8.17051E+18,8,1,36,19,2017,5,19,4,3,7,7,0,0,0,1,0,0,0,5.77813E+20,5.42739E+21,1.00637E+16,4.89945E+16
45957,8.17051E+18,8,2,16,33,2017,5,16,4,2,8,1,1,0,0,0,0,0,0,4.48863E+20,5.41218E+21,8.3028E+15,4.88605E+16
45958,8.17051E+18,8,2,15,46,2017,5,0,4,3,9,7,0,1,0,0,0,2,0,4.56864E+20,5.41365E+21,8.41172E+15,4.88743E+16
45959,8.17051E+18,8,2,36,4,2017,5,20,3,3,8,1,0,1,0,0,0,0,0,4.72934E+20,5.41158E+21,8.63102E+15,4.88566E+16
45960,8.17051E+18,8,2,36,33,2017,5,17,3,3,1,7,0,1,0,0,0,0,0,4.85976E+20,5.43074E+21,8.80815E+15,4.90293E+16
45961,8.17051E+18,8,2,25,58,2017,5,19,3,3,5,3,0,1,0,1,0,0,0,5.08828E+20,5.46519E+21,9.12152E+15,4.93393E+16
45962,8.17051E+18,8,2,22,0,2017,5,6,3,3,5,2,0,1,0,0,0,0,0,4.66576E+20,5.47791E+21,8.53884E+15,4.94529E+16
45963,8.1705E+18,8,4,17,8,2017,5,15,5,3,5,3,0,1,0,1,0,0,1,4.93491E+20,5.35184E+21,8.9122E+15,4.83198E+16
45964,8.1705E+18,8,4,17,79,2017,5,14,5,3,2,6,0,1,0,0,1,0,1,5.01901E+20,5.3403E+21,9.02559E+15,4.8216E+16
45965,8.1705E+18,8,4,15,61,2017,5,21,5,3,2,6,0,1,0,1,0,2,0,5.18141E+20,5.37363E+21,9.24565E+15,4.85155E+16
45966,8.1705E+18,8,3,15,6,2017,5,16,5,2,3,6,0,1,0,0,1,0,0,4.0058E+20,5.31174E+21,7.66845E+15,4.79513E+16
45967,8.1705E+18,8,3,36,82,2017,5,23,5,2,2,6,0,1,0,0,0,2,0,4.16472E+20,5.27153E+21,7.88898E+15,4.75918E+16
45968,8.1705E+18,8,3,36,14,2017,5,10,5,2,5,3,0,1,0,0,0,0,0,3.95807E+20,5.28051E+21,7.61205E+15,4.76696E+16
45969,8.1705E+18,8,3,35,63,2017,5,16,5,2,8,1,0,1,0,0,0,0,1,4.96291E+20,5.29093E+21,8.95049E+15,4.77717E+16
45970,8.1705E+18,8,3,35,99,2017,5,16,5,3,8,1,0,1,0,0,0,0,1,4.95793E+20,5.29717E+21,8.94379E+15,4.78279E+16
45971,8.1705E+18,8,3,26,65,2017,5,19,5,3,5,3,0,1,0,0,0,0,0,4.53156E+20,5.32509E+21,8.37109E+15,4.80774E+16
45972,8.1705E+18,8,3,26,12,2017,5,16,5,3,8,1,0,1,0,0,0,0,1,4.67275E+20,5.31597E+21,8.56133E+15,4.79962E+16
45973,8.1705E+18,8,3,25,57,2017,5,17,5,3,0,4,0,0,1,1,0,0,1,4.72633E+20,5.35659E+21,8.63054E+15,4.83619E+16
45974,8.1705E+18,8,3,25,14,2017,5,14,5,2,4,1,0,1,0,0,0,0,0,4.63889E+20,5.34067E+21,8.51385E+15,4.82182E+16
45975,8.1705E+18,8,3,17,31,2017,5,18,5,3,2,6,0,1,0,0,0,0,0,4.15537E+20,5.36185E+21,7.85877E+15,4.84041E+16
45976,8.1705E+18,8,3,17,96,2017,5,7,5,2,5,2,0,1,0,1,0,0,0,4.21308E+20,5.36667E+21,7.93582E+15,4.84483E+16
45977,8.1705E+18,8,3,16,55,2017,5,21,5,2,4,1,0,1,0,0,0,2,1,4.29341E+20,5.33432E+21,8.04986E+15,4.81582E+16
45978,8.1705E+18,8,3,15,70,2017,5,23,5,3,8,1,0,1,0,0,0,2,1,4.53899E+20,5.30415E+21,8.38331E+15,4.7889E+16
45979,8.17051E+18,8,2,26,95,2017,5,13,3,2,5,3,0,1,0,0,0,0,0,4.7431E+20,5.4605E+21,8.64667E+15,4.92967E+16
45980,8.17051E+18,8,2,26,80,2017,5,15,3,2,4,1,0,1,0,0,1,0,0,4.85734E+20,5.47951E+21,8.8031E+15,4.94681E+16
45981,8.17051E+18,8,1,21,0,2017,5,5,4,2,5,3,0,1,0,0,0,1,0,5.14154E+20,5.44128E+21,9.19399E+15,4.91242E+16
45982,8.17051E+18,8,2,11,0,2017,5,6,4,3,5,5,1,1,0,0,0,0,0,4.41761E+20,5.40358E+21,8.2072E+15,4.87825E+16
45983,8.17051E+18,8,2,31,0,2017,5,15,4,3,5,2,0,1,0,0,0,0,0,4.75986E+20,5.4155E+21,8.6724E+15,4.88919E+16
45984,8.17051E+18,8,2,16,15,2017,5,8,3,3,0,1,0,0,0,1,0,0,1,4.50485E+20,5.40559E+21,8.32571E+15,4.88013E+16
45985,8.1705E+18,8,2,22,0,2017,5,8,5,2,2,6,0,1,0,0,0,0,0,4.66944E+20,5.47482E+21,8.54417E+15,4.94251E+16
45986,8.17051E+18,8,1,26,66,2017,5,8,4,3,5,3,0,1,0,0,0,0,0,5.36605E+20,5.44952E+21,9.50245E+15,4.91974E+16
45987,8.17051E+18,8,2,11,0,2017,5,7,4,3,0,7,0,0,0,0,1,0,0,4.43529E+20,5.402E+21,8.23149E+15,4.87684E+16
45988,8.17051E+18,8,2,35,8,2017,5,17,4,3,2,6,0,1,0,1,0,0,0,4.82431E+20,5.40168E+21,8.76091E+15,4.87679E+16
45989,8.17051E+18,8,3,25,70,2017,5,17,4,2,8,7,0,1,0,0,0,0,0,4.61766E+20,5.35022E+21,8.48442E+15,4.8304E+16
45990,8.17051E+18,8,2,16,41,2017,5,13,3,3,4,6,0,1,0,0,0,0,0,4.3111E+20,5.39384E+21,8.06386E+15,4.86938E+16
45991,8.1705E+18,8,2,15,110,2017,5,8,5,3,1,2,0,1,0,0,1,0,0,4.60298E+20,5.41824E+21,8.45811E+15,4.89158E+16
45992,8.1705E+18,8,2,15,103,2017,5,17,5,3,2,6,0,1,0,0,0,0,0,4.68245E+20,5.44475E+21,8.5645E+15,4.91548E+16
45993,8.1705E+18,8,2,12,0,2017,5,0,5,2,5,2,0,1,0,1,0,2,1,4.52872E+20,5.42985E+21,8.35542E+15,4.90198E+16
45994,8.1705E+18,8,2,31,0,2017,5,17,5,3,3,1,0,1,0,0,0,0,0,4.79553E+20,5.41599E+21,8.72103E+15,4.88965E+16
45995,8.1705E+18,8,2,26,76,2017,5,15,5,3,2,6,0,1,0,1,0,0,1,4.74452E+20,5.46366E+21,8.64842E+15,4.93252E+16
45996,8.1705E+18,8,2,25,14,2017,5,14,5,3,5,3,0,1,0,0,1,0,0,5.26316E+20,5.48102E+21,9.36331E+15,4.94813E+16
45997,8.1705E+18,8,2,22,0,2017,5,12,5,3,3,6,0,1,0,0,1,0,0,4.63197E+20,5.48624E+21,8.49144E+15,4.95277E+16
45998,8.1705E+18,8,2,26,28,2017,5,8,5,3,1,6,0,1,0,0,0,0,0,4.7241E+20,5.48392E+21,8.6189E+15,4.95073E+16
45999,8.1705E+18,8,2,26,41,2017,5,17,5,3,3,7,0,1,0,0,1,0,0,4.77413E+20,5.46643E+21,8.68901E+15,4.93502E+16
46000,8.1705E+18,8,2,16,15,2017,5,13,5,3,0,1,0,0,0,1,0,0,1,4.50292E+20,5.40539E+21,8.32311E+15,4.87995E+16
46001,8.1705E+18,8,2,16,17,2017,5,19,5,3,5,3,0,1,0,0,0,0,1,4.52133E+20,5.39986E+21,8.34882E+15,4.87499E+16
46002,8.1705E+18,8,2,11,0,2017,5,16,5,3,2,2,0,1,0,0,0,0,0,4.38333E+20,5.3978E+21,8.16141E+15,4.87302E+16
46003,8.17051E+18,8,2,16,43,2017,5,7,3,3,2,6,0,1,0,0,0,0,1,4.43913E+20,5.41308E+21,8.2352E+15,4.88681E+16
46004,8.17051E+18,8,2,16,24,2017,5,13,3,3,5,3,0,1,0,0,0,0,0,4.45241E+20,5.40905E+21,8.25384E+15,4.8832E+16
46005,8.17051E+18,8,1,36,88,2017,5,7,3,2,5,3,0,1,0,0,0,0,0,5.75991E+20,5.41381E+21,1.00363E+16,4.88725E+16
46006,8.17051E+18,8,1,35,16,2017,5,10,3,3,0,6,0,1,0,0,0,0,0,5.90451E+20,5.38662E+21,1.02275E+16,4.86261E+16
46007,8.1705E+18,8,2,16,43,2017,5,7,5,3,2,6,0,1,0,1,0,0,0,4.40685E+20,5.41269E+21,8.19124E+15,4.88644E+16
46008,8.17051E+18,8,1,15,45,2017,5,15,4,3,3,6,0,1,0,0,1,0,0,5.03363E+20,5.39783E+21,9.04574E+15,4.87335E+16
46009,8.1705E+18,8,2,16,49,2017,5,13,5,2,9,1,0,1,0,0,0,0,1,4.37148E+20,5.40396E+21,8.14435E+15,4.87855E+16
46010,8.1705E+18,8,2,16,43,2017,5,16,5,2,1,1,0,0,0,0,1,0,0,4.43986E+20,5.41118E+21,8.23646E+15,4.8851E+16
46011,8.1705E+18,8,1,15,45,2017,5,18,5,3,3,6,0,1,0,0,1,0,0,5.04059E+20,5.39735E+21,9.05519E+15,4.87291E+16
46012,8.1705E+18,8,1,15,45,2017,5,17,5,3,3,6,0,1,0,0,1,0,0,5.04368E+20,5.39653E+21,9.05939E+15,4.87218E+16
46013,8.1705E+18,8,1,36,50,2017,5,15,5,3,5,3,0,1,0,0,0,0,0,5.80857E+20,5.40268E+21,1.01005E+16,4.87719E+16
46014,8.1705E+18,8,1,36,65,2017,5,14,5,2,4,6,0,1,0,0,1,0,0,5.59948E+20,5.40584E+21,9.81639E+15,4.88027E+16
46015,8.1705E+18,8,1,35,26,2017,5,15,5,3,5,3,0,1,0,0,1,0,0,5.89516E+20,5.39373E+21,1.02163E+16,4.86902E+16
46016,8.1705E+18,8,1,28,115,2017,5,7,5,3,8,7,0,1,0,0,0,0,1,5.45529E+20,5.50176E+21,9.63093E+15,4.96666E+16
46017,8.1705E+18,8,1,36,88,2017,5,19,5,3,3,6,0,1,0,0,1,0,0,5.88267E+20,5.41001E+21,1.02029E+16,4.88368E+16
46018,8.1705E+18,8,1,21,0,2017,5,11,5,3,5,3,0,1,0,0,0,0,0,5.15282E+20,5.44176E+21,9.20948E+15,4.91285E+16
46019,8.1705E+18,8,1,21,0,2017,5,17,5,3,3,6,0,1,0,0,0,0,0,5.16433E+20,5.44623E+21,9.22543E+15,4.91687E+16
46020,8.1705E+18,8,1,19,79,2017,5,9,5,3,2,6,0,1,0,0,1,0,0,5.22522E+20,5.40699E+21,9.30679E+15,4.88155E+16
46021,8.1705E+18,8,1,18,73,2017,5,7,5,3,2,6,0,1,0,0,0,0,0,4.99668E+20,5.41846E+21,8.99547E+15,4.89191E+16
46022,8.17051E+18,8,1,27,100,2017,5,12,3,3,1,6,0,1,0,0,0,0,0,5.53167E+20,5.43488E+21,9.72784E+15,4.90645E+16
46023,8.17051E+18,8,1,26,69,2017,5,16,3,3,5,3,0,1,0,0,0,2,0,5.38716E+20,5.44799E+21,9.53128E+15,4.91835E+16
46024,8.17051E+18,8,1,15,45,2017,5,17,4,3,2,6,0,1,0,0,0,0,0,5.03064E+20,5.39451E+21,9.04165E+15,4.87036E+16
46025,8.17051E+18,8,2,21,0,2017,5,16,4,3,5,3,0,1,0,1,0,0,0,4.73708E+20,5.47465E+21,8.63745E+15,4.94239E+16
46026,8.17051E+18,8,3,11,0,2017,5,13,4,3,5,3,1,1,0,0,0,0,0,4.04598E+20,5.31952E+21,7.72052E+15,4.80219E+16
46027,8.17051E+18,8,1,26,47,2017,5,7,3,3,2,6,0,1,0,0,0,0,0,5.4994E+20,5.45413E+21,9.68605E+15,4.92379E+16
46028,8.17051E+18,8,1,25,86,2017,5,7,3,2,9,1,0,1,0,0,0,0,1,5.02594E+20,5.4427E+21,9.03557E+15,4.91371E+16
46029,8.1705E+18,8,1,18,49,2017,5,13,5,3,2,6,0,1,0,0,0,0,0,5.19369E+20,5.42105E+21,9.26451E+15,4.89421E+16
46030,8.1705E+18,8,1,18,48,2017,5,13,5,3,1,6,0,1,0,0,0,0,0,5.14786E+20,5.41494E+21,9.2017E+15,4.88872E+16
46031,8.1705E+18,8,1,18,51,2017,5,15,5,3,5,3,1,0,0,0,1,0,0,5.09266E+20,5.41494E+21,9.1264E+15,4.88873E+16
46032,8.1705E+18,8,1,15,41,2017,5,7,5,2,0,1,0,0,0,1,0,1,0,4.94811E+20,5.40067E+21,8.9294E+15,4.8759E+16
46033,8.1705E+18,8,1,18,76,2017,5,15,5,2,8,7,0,1,0,0,0,0,0,5.06399E+20,5.42264E+21,9.08741E+15,4.89566E+16
46034,8.1705E+18,8,1,16,77,2017,5,12,5,2,5,3,0,1,0,0,0,0,0,5.15016E+20,5.39019E+21,9.20393E+15,4.86646E+16
46035,8.1705E+18,8,1,16,14,2017,5,18,5,3,2,6,0,1,0,0,0,0,1,5.27381E+20,5.3959E+21,9.37224E+15,4.87156E+16
46036,8.1705E+18,8,1,11,0,2017,5,22,5,3,2,1,0,1,0,0,0,2,0,5.13282E+20,5.40129E+21,9.18074E+15,4.87645E+16
46037,8.1705E+18,8,1,11,0,2017,5,9,5,3,2,6,0,1,0,0,0,0,0,5.17027E+20,5.40347E+21,9.23179E+15,4.8784E+16
46038,8.1705E+18,8,1,11,0,2017,5,16,5,3,2,6,0,1,0,0,0,0,1,5.13201E+20,5.40097E+21,9.17963E+15,4.87616E+16
46039,8.1705E+18,8,4,37,105,2017,5,14,4,3,2,6,0,1,0,0,0,0,0,5.18561E+20,5.31922E+21,9.24894E+15,4.8026E+16
46040,8.17051E+18,8,1,25,65,2017,5,15,3,3,2,6,0,1,0,0,1,0,0,5.16258E+20,5.44908E+21,9.22315E+15,4.91943E+16
46041,8.1705E+18,8,4,35,36,2017,5,17,4,2,2,2,0,1,0,0,0,0,0,5.20897E+20,5.28228E+21,9.27849E+15,4.76936E+16
46042,8.1705E+18,8,4,35,57,2017,5,10,4,3,8,7,0,1,0,0,0,0,0,5.47204E+20,5.27906E+21,9.62871E+15,4.76632E+16
46043,8.1705E+18,8,4,35,16,2017,5,16,4,3,5,2,1,1,0,0,0,0,0,5.35248E+20,5.27776E+21,9.46937E+15,4.76523E+16
46044,8.1705E+18,8,4,37,102,2017,5,6,4,3,5,3,0,1,0,0,0,1,1,5.00643E+20,5.32755E+21,9.00864E+15,4.81012E+16
46045,8.1705E+18,8,4,26,21,2017,5,8,4,3,0,5,0,0,0,1,1,0,1,5.58224E+20,5.32682E+21,9.78192E+15,4.8092E+16
46046,8.1705E+18,8,4,15,61,2017,5,13,4,3,0,2,0,1,0,0,1,0,0,5.15434E+20,5.37127E+21,9.2089E+15,4.84944E+16
46047,8.1705E+18,8,4,15,61,2017,5,17,4,2,9,1,0,0,0,1,0,0,0,5.16232E+20,5.37566E+21,9.21988E+15,4.85338E+16
46048,8.1705E+18,8,3,37,126,2017,5,17,4,2,4,6,0,1,0,0,0,0,0,4.39732E+20,5.27445E+21,8.19793E+15,4.76207E+16
46049,8.1705E+18,8,3,36,84,2017,5,18,4,3,2,6,0,1,0,0,0,0,0,4.06428E+20,5.27731E+21,7.75418E+15,4.76424E+16
46050,8.1705E+18,8,3,35,96,2017,5,16,4,3,8,1,0,0,0,1,0,0,0,5.08267E+20,5.30152E+21,9.11054E+15,4.78669E+16
46051,8.1705E+18,8,4,35,35,2017,5,17,4,2,5,2,1,1,0,0,0,0,0,5.41865E+20,5.28163E+21,9.55785E+15,4.76867E+16
46052,8.1705E+18,8,3,26,60,2017,5,8,4,2,9,1,0,1,0,0,0,0,1,4.44193E+20,5.32764E+21,8.25043E+15,4.80996E+16
46053,8.1705E+18,8,3,26,74,2017,5,15,4,3,2,6,0,1,0,0,0,0,0,4.6548E+20,5.32163E+21,8.53681E+15,4.8047E+16
46054,8.17051E+18,8,1,19,61,2017,5,14,3,3,5,6,0,1,0,0,0,0,0,5.41205E+20,5.41599E+21,9.56218E+15,4.88955E+16
46055,8.17051E+18,8,1,18,73,2017,5,8,3,3,2,6,0,1,0,0,0,0,0,4.99583E+20,5.41844E+21,8.9943E+15,4.89189E+16
46056,8.17051E+18,8,1,18,48,2017,5,5,3,3,2,6,0,1,0,0,1,0,0,5.11919E+20,5.41808E+21,9.16268E+15,4.89156E+16
46057,8.17051E+18,8,1,17,15,2017,5,20,4,3,8,1,0,0,0,0,1,1,0,5.63823E+20,5.39189E+21,9.86699E+15,4.86768E+16
46058,8.1705E+18,8,3,17,146,2017,5,16,4,3,2,6,0,1,0,0,0,0,0,4.3023E+20,5.35506E+21,8.0584E+15,4.83449E+16
46059,8.17051E+18,8,2,15,106,2017,5,8,4,3,1,6,0,1,0,0,0,0,0,4.68054E+20,5.45407E+21,8.56114E+15,4.92386E+16
46060,8.17051E+18,8,2,35,33,2017,5,10,4,2,6,4,0,1,1,0,0,0,0,4.58941E+20,5.40543E+21,8.44087E+15,4.88005E+16
46061,8.17051E+18,8,1,18,48,2017,5,22,3,3,2,6,0,1,0,0,0,2,0,5.11301E+20,5.41895E+21,9.15427E+15,4.89234E+16
46062,8.17051E+18,8,1,18,79,2017,5,12,3,3,5,3,1,1,0,0,0,0,0,5.10493E+20,5.42449E+21,9.14338E+15,4.89733E+16
46063,8.17051E+18,8,1,17,24,2017,5,23,3,3,8,1,0,1,0,0,0,2,0,5.58759E+20,5.38386E+21,9.79707E+15,4.8605E+16
46064,8.1705E+18,8,3,17,59,2017,5,15,4,3,9,7,0,1,0,0,0,0,0,4.13476E+20,5.35114E+21,7.83313E+15,4.83076E+16
46065,8.1705E+18,8,3,17,8,2017,5,21,4,2,9,1,0,1,0,0,0,2,0,4.4417E+20,5.36269E+21,8.24549E+15,4.84149E+16
46066,8.1705E+18,8,3,17,65,2017,5,12,4,2,2,6,0,1,0,0,0,0,1,4.16935E+20,5.35523E+21,7.87896E+15,4.83448E+16
46067,8.1705E+18,8,3,17,5,2017,5,12,4,1,4,6,0,1,0,0,0,0,0,4.25606E+20,5.38027E+21,7.99151E+15,4.85711E+16
46068,8.1705E+18,8,3,16,11,2017,5,6,4,3,2,6,0,1,0,0,0,0,0,4.14593E+20,5.32907E+21,7.85264E+15,4.81092E+16
46069,8.17051E+18,8,1,17,19,2017,5,18,3,3,3,6,0,1,0,1,0,0,0,5.50583E+20,5.39432E+21,9.68745E+15,4.86999E+16
46070,8.1705E+18,8,3,16,17,2017,5,18,4,2,3,2,0,1,0,0,1,0,0,4.08094E+20,5.34241E+21,7.76247E+15,4.82282E+16
46071,8.1705E+18,8,3,15,31,2017,5,10,4,3,8,1,0,1,0,0,0,0,0,4.43994E+20,5.31043E+21,8.25001E+15,4.79448E+16
46072,8.1705E+18,8,3,36,50,2017,5,11,4,2,2,6,0,1,0,0,1,0,0,4.05648E+20,5.27125E+21,7.74511E+15,4.75878E+16
46073,8.1705E+18,8,2,15,66,2017,5,14,4,2,4,2,0,1,0,0,0,0,0,4.60965E+20,5.4505E+21,8.4641E+15,4.9206E+16
46074,8.1705E+18,8,2,37,40,2017,5,6,4,3,1,6,0,1,0,0,0,1,1,4.75619E+20,5.36875E+21,8.67014E+15,4.84714E+16
46075,8.1705E+18,8,2,36,11,2017,5,7,4,3,0,1,0,0,0,1,0,0,0,4.74698E+20,5.42249E+21,8.65438E+15,4.89548E+16
46076,8.1705E+18,8,2,31,0,2017,5,16,4,3,6,2,0,1,1,0,0,0,0,4.77801E+20,5.41568E+21,8.69714E+15,4.88936E+16
46077,8.1705E+18,8,2,26,98,2017,5,17,4,3,5,3,1,1,0,0,0,0,0,4.76615E+20,5.45937E+21,8.67844E+15,4.92866E+16
46078,8.1705E+18,8,2,26,56,2017,5,6,4,3,2,6,0,1,0,0,0,0,0,4.85068E+20,5.47049E+21,8.79425E+15,4.93869E+16
46079,8.1705E+18,8,2,25,115,2017,5,8,4,3,4,2,0,1,0,0,0,0,1,5.20421E+20,5.47367E+21,9.28155E+15,4.94154E+16
46080,8.1705E+18,8,2,22,0,2017,5,19,4,3,2,6,0,1,0,0,1,0,0,4.61529E+20,5.48423E+21,8.46858E+15,4.95095E+16
46081,8.1705E+18,8,2,26,105,2017,5,14,4,3,5,3,0,1,0,0,0,0,0,4.71341E+20,5.47722E+21,8.60463E+15,4.9447E+16
46082,8.17051E+18,8,1,16,77,2017,5,16,3,3,5,3,0,1,0,0,0,0,0,5.16622E+20,5.38978E+21,9.22573E+15,4.86608E+16
46083,8.17051E+18,8,1,16,41,2017,5,5,3,2,4,6,0,1,0,0,1,0,1,5.18336E+20,5.38506E+21,9.2488E+15,4.86184E+16
46084,8.17051E+18,8,1,15,45,2017,5,6,3,3,2,2,0,1,0,0,0,0,0,4.99855E+20,5.39462E+21,8.99802E+15,4.87047E+16
46085,8.17051E+18,8,1,15,3,2017,5,15,3,3,2,6,0,1,0,0,0,0,0,4.97235E+20,5.39287E+21,8.96243E+15,4.86888E+16
46086,8.1705E+18,8,2,26,82,2017,5,12,4,3,5,3,1,0,0,0,1,0,0,4.75349E+20,5.48004E+21,8.65974E+15,4.94726E+16
46087,8.17051E+18,8,1,15,3,2017,5,14,3,3,2,6,0,1,0,0,0,0,0,5.00753E+20,5.39267E+21,9.01022E+15,4.86871E+16
46088,8.1705E+18,8,2,21,0,2017,5,11,4,3,5,2,1,1,0,0,0,0,0,4.76565E+20,5.47265E+21,8.67697E+15,4.94061E+16
46089,8.17051E+18,8,1,15,45,2017,5,10,4,3,2,7,0,1,0,0,0,0,0,4.99315E+20,5.39319E+21,8.99069E+15,4.86918E+16
46090,8.1705E+18,8,2,22,0,2017,5,12,4,3,2,6,0,1,0,0,0,0,0,4.67555E+20,5.48205E+21,8.552E+15,4.94902E+16
46091,8.17051E+18,8,1,11,0,2017,5,13,3,3,5,3,1,0,0,0,1,0,0,5.08554E+20,5.39743E+21,9.11632E+15,4.87298E+16
46092,8.17051E+18,8,1,11,0,2017,5,16,3,3,5,3,0,1,0,0,0,0,0,5.07177E+20,5.40749E+21,9.09777E+15,4.88204E+16
46093,8.17051E+18,8,1,11,0,2017,5,8,3,3,2,6,0,1,0,0,0,0,1,5.12846E+20,5.40581E+21,9.17495E+15,4.88051E+16
46094,8.17051E+18,8,4,37,100,2017,5,15,2,3,2,6,0,1,0,0,0,0,1,5.38068E+20,5.31686E+21,9.51036E+15,4.80039E+16