OBJECTID,UIDENTSTLA,ULAND,UREGBEZ,UKREIS,UGEMEINDE,UJAHR,UMONAT,USTUNDE,UWOCHENTAG,UKATEGORIE,UART,UTYP1,IstRad,IstPKW,IstFuss,IstKrad,IstSonstig,LICHT,STRZUSTAND,LINREFX,LINREFY,XGCSWGS84,YGCSWGS84
46095,8.17051E+18,8,4,36,64,2017,5,8,2,3,2,6,0,1,0,0,0,0,1,5.42695E+20,5.29134E+21,9.56986E+15,4.7774E+16
46096,8.17051E+18,8,1,15,1,2017,5,21,4,3,0,6,0,0,0,1,1,2,0,4.92455E+20,5.39344E+21,8.89748E+15,4.8694E+16
46097,8.17051E+18,8,2,26,31,2017,5,19,4,2,4,2,0,1,0,0,0,0,0,4.74633E+20,5.49295E+21,8.64903E+15,4.95886E+16
46098,8.17051E+18,8,3,36,107,2017,5,19,4,2,8,1,0,0,0,1,0,0,0,4.06618E+20,5.29056E+21,7.75387E+15,4.77617E+16
46099,8.17051E+18,8,4,35,16,2017,5,12,2,3,9,1,0,1,0,0,0,0,1,5.34094E+20,5.28139E+21,9.45429E+15,4.7685E+16
46100,8.17051E+18,8,4,25,71,2017,5,13,2,3,5,3,0,1,0,0,0,0,1,5.50662E+20,5.37102E+21,9.68567E+15,4.84902E+16
46101,8.17051E+18,8,4,17,2,2017,5,17,2,3,3,2,0,1,0,1,0,0,0,4.88956E+20,5.3471E+21,8.85115E+15,4.8277E+16
46102,8.1705E+18,8,2,21,0,2017,5,17,4,3,6,4,0,1,1,0,0,0,0,4.77703E+20,5.47262E+21,8.69265E+15,4.94058E+16
46103,8.1705E+18,8,2,15,7,2017,5,12,4,3,5,3,0,1,0,0,0,0,0,4.78049E+20,5.43163E+21,8.69966E+15,4.90372E+16
46104,8.1705E+18,8,2,15,100,2017,5,17,4,3,5,3,0,1,0,0,0,0,1,4.74502E+20,5.4507E+21,8.64993E+15,4.92086E+16
46105,8.1705E+18,8,2,12,0,2017,5,13,4,3,4,6,0,1,0,0,1,0,0,4.60719E+20,5.42384E+21,8.46331E+15,4.89662E+16
46106,8.1705E+18,8,2,11,0,2017,5,5,4,3,5,3,0,1,0,0,0,1,1,4.4543E+20,5.39962E+21,8.25767E+15,4.87472E+16
46107,8.1705E+18,8,1,25,27,2017,5,20,4,3,8,1,0,1,0,0,0,2,1,5.20516E+20,5.44544E+21,9.2814E+15,4.91614E+16
46108,8.1705E+18,8,1,25,6,2017,5,16,4,3,2,1,0,1,0,0,1,0,0,5.07182E+20,5.44932E+21,9.09857E+15,4.91967E+16
46109,8.1705E+18,8,1,36,82,2017,5,9,4,3,2,6,0,1,0,0,0,0,1,5.84454E+20,5.41565E+21,1.01521E+16,4.8888E+16
46110,8.1705E+18,8,1,35,15,2017,5,17,4,2,8,1,0,0,0,1,0,0,0,5.75344E+20,5.38409E+21,1.00221E+16,4.86054E+16
46111,8.1705E+18,8,1,28,7,2017,5,9,4,3,8,1,0,0,0,0,1,0,1,5.55573E+20,5.47885E+21,9.76687E+15,4.94597E+16
46112,8.1705E+18,8,2,25,32,2017,5,15,4,2,8,1,0,1,0,0,0,0,1,5.36112E+20,5.49601E+21,9.49991E+15,4.96156E+16
46113,8.1705E+18,8,1,27,14,2017,5,17,4,3,2,6,0,1,0,0,0,0,0,5.7848E+20,5.44534E+21,1.00763E+16,4.91559E+16
46114,8.17051E+18,8,3,36,8,2017,5,15,2,3,2,6,0,1,0,0,0,0,0,3.98248E+20,5.27655E+21,7.64548E+15,4.76343E+16
46115,8.1705E+18,8,1,27,73,2017,5,14,4,3,2,2,0,1,0,0,0,0,1,5.8323E+20,5.44602E+21,1.01416E+16,4.91614E+16
46116,8.17051E+18,8,3,35,43,2017,5,8,2,3,8,1,0,1,0,0,0,0,1,5.07452E+20,5.28702E+21,9.09939E+15,4.77365E+16
46117,8.17051E+18,8,3,35,2,2017,5,7,2,2,6,4,0,1,1,0,0,0,1,5.04586E+20,5.28569E+21,9.06116E+15,4.77246E+16
46118,8.1705E+18,8,1,27,75,2017,5,15,4,2,9,1,0,1,0,0,0,0,1,5.79186E+20,5.46587E+21,1.00901E+16,4.93404E+16
46119,8.17051E+18,8,3,25,45,2017,5,18,2,3,3,2,0,1,0,1,0,0,0,4.71872E+20,5.34971E+21,8.62072E+15,4.83E+16
46120,8.1705E+18,8,1,26,46,2017,5,7,4,3,8,1,0,1,0,0,0,0,1,5.49828E+20,5.45831E+21,9.68504E+15,4.92755E+16
46121,8.17051E+18,8,3,17,100,2017,5,16,2,3,2,6,0,1,0,0,0,0,0,4.23851E+20,5.36591E+21,7.97034E+15,4.84417E+16
46122,8.1705E+18,8,1,26,46,2017,5,17,4,3,1,6,0,1,0,0,1,0,0,5.49772E+20,5.4586E+21,9.68429E+15,4.92782E+16
46123,8.1705E+18,8,1,26,46,2017,5,13,4,3,0,7,0,1,0,1,0,0,1,5.53899E+20,5.45914E+21,9.74111E+15,4.92827E+16
46124,8.1705E+18,8,1,25,79,2017,5,12,4,3,2,1,0,1,0,0,0,0,0,5.13216E+20,5.4537E+21,9.18155E+15,4.9236E+16
46125,8.1705E+18,8,1,25,78,2017,5,18,4,3,4,2,0,1,0,0,0,0,1,5.20094E+20,5.45113E+21,9.27589E+15,4.92127E+16
46126,8.1705E+18,8,1,19,20,2017,5,7,4,3,2,6,0,1,0,0,1,0,1,5.21039E+20,5.40552E+21,9.28652E+15,4.88023E+16
46127,8.1705E+18,8,1,19,42,2017,5,7,4,3,0,1,0,0,0,1,0,0,1,5.29103E+20,5.41877E+21,9.39727E+15,4.89212E+16
46128,8.1705E+18,8,1,18,67,2017,5,5,4,3,2,6,0,1,0,0,0,2,1,5.06592E+20,5.41307E+21,9.0899E+15,4.88706E+16
46129,8.17051E+18,8,3,17,9,2017,5,6,2,3,8,6,0,1,0,0,1,0,1,4.24946E+20,5.36312E+21,7.98565E+15,4.84168E+16
46130,8.17051E+18,8,3,17,75,2017,5,18,2,3,5,3,0,1,0,1,0,0,0,4.1274E+20,5.36034E+21,7.8213E+15,4.83902E+16
46131,8.17051E+18,8,3,16,56,2017,5,13,2,3,5,3,0,1,0,0,0,0,1,4.18716E+20,5.32657E+21,7.90849E+15,4.80872E+16
46132,8.1705E+18,8,1,18,49,2017,5,17,4,3,6,2,0,1,1,0,0,0,0,5.19154E+20,5.42084E+21,9.26156E+15,4.89402E+16
46133,8.17051E+18,8,1,36,60,2017,5,17,4,2,8,1,0,0,0,1,0,0,0,5.75509E+20,5.43056E+21,1.00328E+16,4.90233E+16
46134,8.1705E+18,8,1,18,81,2017,5,7,4,3,2,6,0,1,0,0,1,0,1,5.21594E+20,5.41618E+21,9.29463E+15,4.88982E+16
46135,8.17051E+18,8,2,11,0,2017,5,11,4,2,8,1,0,1,0,0,0,0,0,4.41194E+20,5.39606E+21,8.20056E+15,4.87148E+16
46136,8.1705E+18,8,1,17,29,2017,5,8,4,3,5,3,0,1,0,0,0,0,1,5.43604E+20,5.39087E+21,9.59225E+15,4.86694E+16
46137,8.17051E+18,8,3,16,12,2017,5,11,2,3,8,4,0,1,1,0,0,0,0,3.97815E+20,5.33023E+21,7.62702E+15,4.81171E+16
46138,8.17051E+18,8,3,36,50,2017,5,7,2,3,8,1,0,1,0,0,0,0,1,3.98158E+20,5.27622E+21,7.64436E+15,4.76314E+16
46139,8.17051E+18,8,3,11,0,2017,5,14,2,3,5,3,1,1,0,0,0,0,1,4.14614E+20,5.31776E+21,7.85517E+15,4.80074E+16
46140,8.17051E+18,8,3,11,0,2017,5,15,2,3,0,4,1,0,1,0,0,0,1,4.13649E+20,5.31668E+21,7.84246E+15,4.79976E+16
46141,8.1705E+18,8,1,17,24,2017,5,17,4,3,5,2,0,1,0,0,0,0,1,5.61684E+20,5.38552E+21,9.83699E+15,4.86197E+16
46142,8.1705E+18,8,1,16,71,2017,5,9,4,3,2,6,0,1,0,0,0,0,0,5.27126E+20,5.3913E+21,9.36846E+15,4.86741E+16
46143,8.1705E+18,8,1,16,42,2017,5,8,4,3,2,7,0,1,0,0,0,0,1,5.18767E+20,5.38395E+21,9.2546E+15,4.86083E+16
46144,8.1705E+18,8,1,16,15,2017,5,15,4,2,4,6,0,1,0,0,1,0,0,5.24216E+20,5.39359E+21,9.32908E+15,4.86949E+16
46145,8.1705E+18,8,1,16,42,2017,5,17,4,3,2,6,0,1,0,0,0,0,0,5.17912E+20,5.38259E+21,9.24294E+15,4.85961E+16
46146,8.1705E+18,8,1,15,3,2017,5,5,4,3,5,3,1,1,0,0,0,2,1,5.0031E+20,5.39229E+21,9.00421E+15,4.86837E+16
46147,8.1705E+18,8,1,11,0,2017,5,18,4,3,0,3,0,1,0,0,1,0,0,5.12519E+20,5.40513E+21,9.17048E+15,4.87991E+16
46148,8.1705E+18,8,1,11,0,2017,5,17,4,3,0,1,0,0,0,1,0,0,0,5.10718E+20,5.4021E+21,9.14587E+15,4.87718E+16
46149,8.1705E+18,8,1,11,0,2017,5,3,4,3,9,1,0,0,0,0,1,2,1,5.18816E+20,5.40103E+21,9.25603E+15,4.8762E+16
46150,8.1705E+18,8,4,36,64,2017,5,13,3,3,2,6,0,1,0,0,0,0,0,5.44044E+20,5.2907E+21,9.58782E+15,4.77682E+16
46151,8.1705E+18,8,4,35,59,2017,5,6,3,3,5,3,1,1,0,0,0,0,1,5.15144E+20,5.29239E+21,9.20217E+15,4.77847E+16
46152,8.1705E+18,8,4,35,59,2017,5,13,3,3,8,1,1,0,0,0,0,0,0,5.10051E+20,5.29111E+21,9.13415E+15,4.77732E+16
46153,8.1705E+18,8,4,35,42,2017,5,15,3,2,0,1,0,1,0,0,0,0,0,5.5358E+20,5.27874E+21,9.7136E+15,4.76598E+16
46154,8.17051E+18,8,3,11,0,2017,5,8,2,2,5,3,1,0,0,0,1,0,1,4.14486E+20,5.31695E+21,7.85362E+15,4.80001E+16
46155,8.1705E+18,8,4,37,65,2017,5,10,3,3,8,6,0,1,0,0,1,0,0,5.16991E+20,5.31785E+21,9.22783E+15,4.80137E+16
46156,8.17051E+18,8,2,26,85,2017,5,9,2,3,2,6,0,1,0,0,1,0,1,4.86848E+20,5.45623E+21,8.81925E+15,4.92587E+16
46157,8.1705E+18,8,4,26,14,2017,5,16,3,3,1,6,0,1,0,0,0,0,0,5.49789E+20,5.31657E+21,9.66746E+15,4.80005E+16
46158,8.17051E+18,8,2,12,0,2017,5,11,2,2,0,6,0,1,0,1,0,0,1,4.5603E+20,5.42823E+21,8.39878E+15,4.90054E+16
46159,8.1705E+18,8,4,26,66,2017,5,16,3,2,5,3,0,1,0,1,0,0,0,5.83672E+20,5.32547E+21,1.01234E+16,4.8077E+16
46160,8.1705E+18,8,3,36,69,2017,5,11,3,3,4,6,0,0,0,0,1,0,0,4.08069E+20,5.27373E+21,7.77678E+15,4.76104E+16
46161,8.1705E+18,8,3,35,79,2017,5,17,3,3,5,2,0,1,0,1,0,0,0,4.96934E+20,5.29611E+21,8.95904E+15,4.78183E+16
46162,8.1705E+18,8,3,35,79,2017,5,11,3,3,2,6,0,1,0,0,0,0,0,5.00149E+20,5.29922E+21,9.00199E+15,4.78464E+16
46163,8.1705E+18,8,3,35,22,2017,5,15,3,2,8,7,0,1,0,0,0,0,0,4.83279E+20,5.30163E+21,8.77641E+15,4.78678E+16
46164,8.1705E+18,8,3,35,75,2017,5,17,3,3,1,5,1,1,0,0,0,0,0,4.8849E+20,5.29022E+21,8.8464E+15,4.77653E+16
46165,8.1705E+18,8,3,35,2,2017,5,14,3,2,8,1,1,0,0,0,0,0,0,5.05353E+20,5.28487E+21,9.07138E+15,4.77172E+16
46166,8.1705E+18,8,3,35,43,2017,5,9,3,3,2,6,0,1,0,0,0,0,0,5.13246E+20,5.27951E+21,9.17645E+15,4.76689E+16
46167,8.1705E+18,8,4,36,12,2017,5,18,3,3,2,2,0,1,0,0,0,0,0,5.48091E+20,5.30084E+21,9.64294E+15,4.78591E+16
46168,8.1705E+18,8,3,25,57,2017,5,18,3,3,9,1,0,1,0,0,0,0,0,4.6963E+20,5.35491E+21,8.59011E+15,4.83467E+16
46169,8.17051E+18,8,2,12,0,2017,5,16,2,3,5,2,0,1,0,0,0,0,1,4.61758E+20,5.42734E+21,8.47717E+15,4.89977E+16
46170,8.17051E+18,8,2,12,0,2017,5,8,2,2,5,3,1,1,0,0,0,0,1,4.56407E+20,5.42551E+21,8.40422E+15,4.89809E+16
46171,8.17051E+18,8,2,12,0,2017,5,7,2,3,8,1,0,1,0,0,0,0,1,4.60739E+20,5.42897E+21,8.4631E+15,4.90124E+16
46172,8.1705E+18,8,3,17,145,2017,5,8,3,3,0,7,1,0,0,0,0,0,0,4.42211E+20,5.35029E+21,8.22073E+15,4.83032E+16
46173,8.17051E+18,8,2,15,103,2017,5,7,2,2,2,6,0,1,0,0,1,0,1,4.68257E+20,5.44478E+21,8.56465E+15,4.9155E+16
46174,8.1705E+18,8,3,17,65,2017,5,13,3,3,5,2,0,1,0,1,0,0,0,4.14174E+20,5.35494E+21,7.84177E+15,4.83418E+16
46175,8.17051E+18,8,2,16,43,2017,5,16,2,3,4,7,0,1,0,0,0,0,1,4.44872E+20,5.41249E+21,8.24835E+15,4.88629E+16
46176,8.1705E+18,8,3,17,65,2017,5,19,3,3,2,6,0,1,0,0,0,0,0,4.16248E+20,5.35446E+21,7.86984E+15,4.83378E+16
46177,8.1705E+18,8,3,17,65,2017,5,19,3,2,8,7,0,1,0,0,1,0,0,4.1354E+20,5.35494E+21,7.83321E+15,4.83417E+16
46178,8.1705E+18,8,3,15,76,2017,5,15,3,3,2,2,0,1,0,0,0,0,0,3.96083E+20,5.29681E+21,7.61183E+15,4.78162E+16
46179,8.17051E+18,8,2,37,40,2017,5,6,2,3,5,3,0,1,0,1,0,1,1,4.77479E+20,5.36724E+21,8.69538E+15,4.84579E+16
46180,8.17051E+18,8,2,31,0,2017,5,12,2,3,1,5,0,1,0,0,1,0,1,4.80175E+20,5.4148E+21,8.72957E+15,4.88859E+16
46181,8.17051E+18,8,2,36,31,2017,5,6,2,3,8,1,0,1,0,0,0,0,1,4.82972E+20,5.42048E+21,8.76749E+15,4.8937E+16
46182,8.17051E+18,8,2,22,0,2017,5,10,2,3,1,6,0,1,0,0,0,0,0,4.65432E+20,5.4802E+21,8.52285E+15,4.94734E+16
46183,8.17051E+18,8,2,21,0,2017,5,13,2,3,4,6,1,0,0,0,0,0,0,4.76561E+20,5.47275E+21,8.6769E+15,4.9407E+16
46184,8.1705E+18,8,2,36,74,2017,5,7,3,3,2,6,0,1,0,0,0,0,1,4.71877E+20,5.41814E+21,8.61615E+15,4.89156E+16
46185,8.1705E+18,8,2,37,30,2017,5,16,3,3,5,3,0,1,0,0,0,0,0,4.6357E+20,5.36642E+21,8.50733E+15,4.84498E+16
46186,8.1705E+18,8,2,35,50,2017,5,7,3,2,8,1,0,0,0,1,0,0,1,4.69777E+20,5.38973E+21,8.58958E+15,4.86599E+16
46187,8.1705E+18,8,2,36,73,2017,5,17,3,2,1,6,0,1,0,0,0,0,0,4.798E+20,5.42053E+21,8.72417E+15,4.89373E+16
46188,8.1705E+18,8,2,31,0,2017,5,16,3,2,1,6,0,1,0,0,0,0,0,4.77538E+20,5.41622E+21,8.69352E+15,4.88985E+16
46189,8.1705E+18,8,2,31,0,2017,5,17,3,2,2,6,0,1,0,0,0,0,0,4.77937E+20,5.41392E+21,8.6991E+15,4.88779E+16
46190,8.1705E+18,8,2,36,40,2017,5,11,3,3,2,6,0,1,0,0,0,0,0,4.8973E+20,5.42419E+21,8.85967E+15,4.89706E+16
46191,8.1705E+18,8,2,26,98,2017,5,9,3,3,5,2,0,1,0,0,1,0,1,4.76044E+20,5.45954E+21,8.67057E+15,4.92881E+16
46192,8.1705E+18,8,2,25,14,2017,5,14,3,3,0,1,0,1,0,0,0,0,1,5.22946E+20,5.48233E+21,9.31686E+15,4.94932E+16
46193,8.1705E+18,8,2,22,0,2017,5,10,3,3,2,6,0,1,0,0,1,0,0,4.60536E+20,5.48225E+21,8.45506E+15,4.94916E+16
46194,8.1705E+18,8,2,26,82,2017,5,15,3,2,9,1,0,1,0,0,0,0,1,4.80009E+20,5.48059E+21,8.72404E+15,4.94776E+16
46195,8.17051E+18,8,2,22,0,2017,5,14,2,2,2,6,0,0,0,0,1,0,0,4.6053E+20,5.48915E+21,8.45429E+15,4.95537E+16
46196,8.17051E+18,8,2,26,85,2017,5,14,2,2,8,1,0,0,0,1,0,0,0,4.89204E+20,5.45626E+21,8.85162E+15,4.9259E+16
46197,8.1705E+18,8,2,22,0,2017,5,10,3,2,2,6,0,1,0,0,1,0,0,4.59712E+20,5.48912E+21,8.44299E+15,4.95534E+16
46198,8.1705E+18,8,2,21,0,2017,5,16,3,2,3,5,1,1,0,0,0,0,0,4.78115E+20,5.47333E+21,8.69829E+15,4.94123E+16
46199,8.1705E+18,8,2,21,0,2017,5,13,3,3,2,6,0,1,0,0,0,0,1,4.83054E+20,5.47373E+21,8.76636E+15,4.9416E+16
46200,8.1705E+18,8,2,16,6,2017,5,21,3,2,9,1,0,1,0,0,0,2,0,4.47979E+20,5.40889E+21,8.29117E+15,4.88308E+16
46201,8.1705E+18,8,2,15,106,2017,5,6,3,3,0,3,0,0,0,1,1,0,1,4.66033E+20,5.45349E+21,8.53342E+15,4.92333E+16
46202,8.1705E+18,8,2,15,9,2017,5,10,3,3,2,6,0,1,0,0,0,0,0,4.68924E+20,5.44261E+21,8.57397E+15,4.91355E+16
46203,8.1705E+18,8,1,25,98,2017,5,0,3,3,8,1,0,1,0,0,0,2,1,5.21325E+20,5.43772E+21,9.29209E+15,4.90919E+16
46204,8.1705E+18,8,1,25,103,2017,5,7,3,3,8,1,0,1,0,0,0,1,1,5.28967E+20,5.46189E+21,9.3985E+15,4.93091E+16
46205,8.1705E+18,8,1,15,21,2017,5,5,3,2,3,7,0,1,0,0,1,2,1,4.92438E+20,5.38188E+21,8.89745E+15,4.85899E+16
46206,8.1705E+18,8,1,15,45,2017,5,5,3,3,3,6,0,1,0,0,1,1,1,5.03767E+20,5.39754E+21,9.05123E+15,4.87308E+16
46207,8.17051E+18,8,2,15,108,2017,5,8,2,3,5,3,0,1,0,0,0,0,1,4.47667E+20,5.42375E+21,8.28501E+15,4.89644E+16
46208,8.1705E+18,8,1,15,3,2017,5,14,3,3,2,6,0,1,0,0,0,0,0,4.98955E+20,5.39286E+21,8.9858E+15,4.86888E+16
46209,8.17051E+18,8,1,35,20,2017,5,7,2,3,2,6,0,1,0,0,1,0,1,5.83329E+20,5.37906E+21,1.01293E+16,4.85591E+16
46210,8.1705E+18,8,1,36,65,2017,5,6,3,3,5,3,0,1,0,0,0,1,1,5.61498E+20,5.40386E+21,9.83719E+15,4.87847E+16
46211,8.17051E+18,8,1,27,102,2017,5,5,2,3,5,3,0,1,0,0,0,2,1,5.89525E+20,5.43614E+21,1.02258E+16,4.90716E+16
46212,8.1705E+18,8,1,36,19,2017,5,10,3,3,5,3,0,1,0,1,0,0,1,5.82492E+20,5.42423E+21,1.01271E+16,4.89654E+16
46213,8.17051E+18,8,1,27,25,2017,5,10,2,3,9,1,0,1,0,0,0,0,1,5.54384E+20,5.43202E+21,9.74411E+15,4.90387E+16
46214,8.1705E+18,8,1,36,45,2017,5,7,3,3,5,3,0,0,0,0,1,0,1,5.95393E+20,5.402E+21,1.02981E+16,4.87637E+16
46215,8.17051E+18,8,1,21,0,2017,5,6,2,3,0,7,0,1,0,1,0,0,1,5.15176E+20,5.44295E+21,9.20807E+15,4.91392E+16
46216,8.1705E+18,8,1,28,64,2017,5,16,3,2,4,1,0,1,0,0,0,0,1,5.347E+20,5.50022E+21,9.48074E+15,4.96535E+16
46217,8.1705E+18,8,1,28,45,2017,5,2,3,3,9,1,0,0,0,0,1,2,1,5.54836E+20,5.50137E+21,9.75985E+15,4.96623E+16
46218,8.1705E+18,8,1,27,63,2017,5,8,3,3,2,6,0,1,0,0,0,0,1,5.62917E+20,5.43246E+21,9.86092E+15,4.90418E+16
46219,8.1705E+18,8,1,25,39,2017,5,9,3,1,5,3,0,1,0,0,1,0,1,5.14257E+20,5.45957E+21,9.19605E+15,4.92887E+16
46220,8.1705E+18,8,1,25,59,2017,5,13,3,3,4,1,0,1,0,0,0,0,0,5.29924E+20,5.43659E+21,9.40979E+15,4.90815E+16
46221,8.1705E+18,8,1,25,7,2017,5,7,3,3,4,1,0,1,0,0,0,0,1,5.10053E+20,5.45449E+21,9.13812E+15,4.92431E+16
46222,8.17051E+18,8,2,37,2,2017,5,17,4,1,6,4,0,1,1,0,0,0,0,4.60419E+20,5.35216E+21,8.46607E+15,4.83214E+16
46223,8.17051E+18,8,1,18,50,2017,5,17,2,3,2,6,0,1,0,0,0,0,0,5.01799E+20,5.41617E+21,9.02455E+15,4.88984E+16
46224,8.17051E+18,8,1,18,67,2017,5,8,2,3,2,6,0,1,0,0,0,0,1,5.0615E+20,5.41387E+21,9.08388E+15,4.88778E+16
46225,8.17051E+18,8,1,18,73,2017,5,18,2,3,2,6,0,1,0,0,0,0,0,4.98922E+20,5.41837E+21,8.98528E+15,4.89182E+16
46226,8.17051E+18,8,1,18,63,2017,5,16,2,3,2,6,0,1,0,0,0,0,0,5.16337E+20,5.4229E+21,9.22317E+15,4.89588E+16
46227,8.17051E+18,8,1,18,54,2017,5,8,2,3,2,6,0,1,0,0,0,0,1,5.17882E+20,5.42269E+21,9.24426E+15,4.89569E+16
46228,8.17051E+18,8,1,18,48,2017,5,21,2,3,2,6,0,1,0,0,0,2,0,5.16181E+20,5.41736E+21,9.22083E+15,4.8909E+16
46229,8.17051E+18,8,1,18,79,2017,5,10,2,3,1,6,0,1,0,0,1,0,1,5.09658E+20,5.42272E+21,9.13193E+15,4.89573E+16
46230,8.17051E+18,8,1,18,79,2017,5,8,2,3,5,3,0,1,0,0,0,0,0,5.08277E+20,5.42024E+21,9.11302E+15,4.8935E+16
46231,8.17051E+18,8,1,15,3,2017,5,15,2,2,5,2,0,1,0,0,0,0,1,4.98439E+20,5.3928E+21,8.97879E+15,4.86882E+16
46232,8.1705E+18,8,1,25,39,2017,5,22,3,3,0,7,0,0,0,1,0,2,0,5.145E+20,5.46029E+21,9.19942E+15,4.92952E+16
46233,8.1705E+18,8,1,18,81,2017,5,7,3,3,2,2,0,1,0,0,1,0,1,5.19527E+20,5.4149E+21,9.26636E+15,4.88868E+16
46234,8.1705E+18,8,1,18,46,2017,5,15,3,3,2,6,0,1,0,0,1,0,0,5.14034E+20,5.41267E+21,9.19136E+15,4.88668E+16
46235,8.1705E+18,8,1,18,79,2017,5,18,3,3,5,2,1,1,0,0,0,0,0,5.09883E+20,5.42231E+21,9.13499E+15,4.89536E+16
46236,8.1705E+18,8,1,18,40,2017,5,17,3,3,6,2,0,1,1,0,0,0,0,5.10602E+20,5.43237E+21,9.14508E+15,4.90441E+16
46237,8.1705E+18,8,1,15,28,2017,5,7,3,3,8,1,0,0,0,0,1,0,1,4.96294E+20,5.40509E+21,8.94954E+15,4.87988E+16
46238,8.1705E+18,8,1,17,24,2017,5,10,3,2,6,4,0,1,1,0,0,0,1,5.60756E+20,5.38589E+21,9.82446E+15,4.86231E+16
46239,8.1705E+18,8,1,16,70,2017,5,17,3,3,2,6,0,1,0,0,0,0,0,5.36523E+20,5.38635E+21,9.49567E+15,4.86292E+16
46240,8.1705E+18,8,1,16,77,2017,5,18,3,3,8,1,0,1,0,0,0,0,0,5.16544E+20,5.39052E+21,9.2247E+15,4.86676E+16
46241,8.1705E+18,8,1,16,49,2017,5,8,3,3,5,2,1,1,0,0,0,0,1,5.25297E+20,5.38534E+21,9.34326E+15,4.86206E+16
46242,8.1705E+18,8,1,15,45,2017,5,16,3,3,2,6,0,1,0,0,0,0,0,4.9899E+20,5.39507E+21,8.98627E+15,4.87086E+16
46243,8.1705E+18,8,1,15,42,2017,5,14,3,2,4,1,0,1,0,0,0,0,0,4.95643E+20,5.40565E+21,8.94067E+15,4.88038E+16
46244,8.17051E+18,8,4,25,75,2017,5,11,2,3,8,1,0,1,0,0,0,0,1,5.65724E+20,5.37863E+21,9.89071E+15,4.85574E+16
46245,8.1705E+18,8,1,15,3,2017,5,12,3,3,1,6,0,1,0,0,0,0,0,4.99304E+20,5.39177E+21,8.99055E+15,4.86789E+16
46246,8.1705E+18,8,1,11,0,2017,5,9,3,3,2,6,0,1,0,0,0,0,1,5.15857E+20,5.40461E+21,9.2159E+15,4.87943E+16
46247,8.17051E+18,8,1,17,2,2017,5,7,2,3,0,6,0,1,0,0,0,0,1,5.42768E+20,5.38605E+21,9.58039E+15,4.86261E+16
46248,8.1705E+18,8,4,35,16,2017,5,22,2,3,4,6,1,0,0,0,0,2,1,5.32694E+20,5.27863E+21,9.43543E+15,4.76602E+16
46249,8.17051E+18,8,4,16,41,2017,5,11,2,3,3,6,0,1,0,0,0,0,1,5.05491E+20,5.37333E+21,9.07435E+15,4.85131E+16
46250,8.1705E+18,8,4,37,100,2017,5,17,2,2,4,1,0,1,0,0,0,0,1,5.35975E+20,5.31914E+21,9.4825E+15,4.80245E+16
46251,8.1705E+18,8,3,37,49,2017,5,0,2,2,6,4,0,1,1,0,0,2,0,4.25054E+20,5.27963E+21,8.00173E+15,4.76657E+16
46252,8.1705E+18,8,3,36,81,2017,5,9,2,3,5,3,0,1,0,0,0,0,1,4.12959E+20,5.28E+21,7.84058E+15,4.76676E+16
46253,8.17051E+18,8,2,26,105,2017,5,15,4,3,2,2,0,1,0,1,0,0,0,4.72541E+20,5.47675E+21,8.62121E+15,4.94428E+16
46254,8.17051E+18,8,2,15,103,2017,5,7,4,3,8,7,0,0,0,0,1,0,0,4.68009E+20,5.44421E+21,8.56131E+15,4.91498E+16
46255,8.17051E+18,8,2,21,0,2017,5,8,7,3,0,7,1,0,0,0,0,0,1,4.77689E+20,5.47293E+21,8.69244E+15,4.94086E+16
46256,8.17051E+18,8,2,16,41,2017,5,18,7,2,0,1,1,0,0,0,0,0,0,4.39112E+20,5.39042E+21,8.17309E+15,4.86639E+16
46257,8.17051E+18,8,2,16,23,2017,5,16,7,2,4,2,0,1,0,0,0,0,0,4.37051E+20,5.40683E+21,8.14259E+15,4.88113E+16
46258,8.17051E+18,8,1,11,0,2017,5,15,7,3,2,6,0,1,0,0,0,0,0,5.07192E+20,5.39552E+21,9.09776E+15,4.87127E+16
46259,8.17052E+18,8,1,36,88,2017,5,17,5,3,2,6,0,1,0,1,0,0,0,5.78184E+20,5.41006E+21,1.00655E+16,4.88386E+16
46260,8.17052E+18,8,1,36,45,2017,5,3,5,2,8,1,0,1,0,0,0,2,0,5.99426E+20,5.40567E+21,1.03538E+16,4.87961E+16
46261,8.17052E+18,8,1,27,71,2017,5,21,5,2,5,2,0,1,0,0,1,2,1,5.74929E+20,5.45532E+21,1.00295E+16,4.92461E+16
46262,8.17051E+18,8,1,36,42,2017,5,17,7,3,5,2,0,1,0,0,1,0,0,5.45677E+20,5.40381E+21,9.62183E+15,4.87856E+16
46263,8.17051E+18,8,1,35,19,2017,5,12,7,2,8,1,0,0,0,1,0,0,0,5.91386E+20,5.39222E+21,1.02414E+16,4.86764E+16
46264,8.17051E+18,8,2,25,1,2017,5,13,7,2,9,3,0,0,0,1,0,0,0,5.29764E+20,5.47405E+21,9.41038E+15,4.94184E+16
46265,8.17051E+18,8,1,27,76,2017,5,16,7,1,9,1,0,0,0,1,0,0,0,5.48583E+20,5.4361E+21,9.66524E+15,4.90758E+16
46266,8.17051E+18,8,1,19,55,2017,5,21,7,3,5,2,0,1,0,0,1,2,1,5.4351E+20,5.40552E+21,9.59251E+15,4.88011E+16
46267,8.17052E+18,8,1,27,14,2017,5,9,5,3,2,6,0,1,0,0,0,0,0,5.78391E+20,5.4447E+21,1.0075E+16,4.91501E+16
46268,8.17052E+18,8,1,27,76,2017,5,10,5,3,2,6,0,1,0,0,0,0,0,5.53801E+20,5.44062E+21,9.73728E+15,4.9116E+16
46269,8.17052E+18,8,1,25,102,2017,5,18,5,2,4,1,0,1,0,0,0,0,0,5.21564E+20,5.44699E+21,9.29586E+15,4.91753E+16