OBJECTID,UIDENTSTLA,ULAND,UREGBEZ,UKREIS,UGEMEINDE,UJAHR,UMONAT,USTUNDE,UWOCHENTAG,UKATEGORIE,UART,UTYP1,IstRad,IstPKW,IstFuss,IstKrad,IstSonstig,LICHT,STRZUSTAND,LINREFX,LINREFY,XGCSWGS84,YGCSWGS84
46444,8.17052E+18,8,3,26,3,2017,5,9,3,3,2,6,0,1,0,0,1,0,0,4.71549E+20,5.3109E+21,8.61896E+15,4.79508E+16
46445,8.17052E+18,8,3,37,22,2017,5,18,3,2,4,1,0,1,0,1,0,0,0,4.48824E+20,5.29457E+21,8.31656E+15,4.78025E+16
46446,8.17052E+18,8,3,37,22,2017,5,20,3,3,4,1,0,1,0,1,0,0,0,4.51112E+20,5.29631E+21,8.34692E+15,4.78183E+16
46447,8.17052E+18,8,3,37,66,2017,5,14,3,3,2,6,0,1,0,1,0,0,0,4.29469E+20,5.27173E+21,8.06181E+15,4.75951E+16
46448,8.17052E+18,8,3,37,49,2017,5,6,3,2,8,1,0,1,0,0,0,0,0,4.24966E+20,5.27986E+21,8.00052E+15,4.76678E+16
46449,8.17052E+18,8,3,36,69,2017,5,10,3,3,2,6,0,1,0,0,0,0,0,4.08323E+20,5.26841E+21,7.78127E+15,4.75627E+16
46450,8.17051E+18,8,2,15,103,2017,5,7,6,3,4,2,0,1,0,0,0,0,0,4.64909E+20,5.44421E+21,8.51879E+15,4.91497E+16
46451,8.17052E+18,8,3,35,63,2017,5,17,3,3,5,3,0,1,0,0,0,0,0,4.96228E+20,5.28916E+21,8.94967E+15,4.77558E+16
46452,8.17052E+18,8,3,35,35,2017,5,15,3,2,8,7,0,1,0,0,0,0,0,4.84109E+20,5.28925E+21,8.78797E+15,4.77565E+16
46453,8.17052E+18,8,4,35,52,2017,5,19,3,2,5,3,1,1,0,0,0,0,0,5.21333E+20,5.29151E+21,9.28475E+15,4.77766E+16
46454,8.17052E+18,8,3,35,79,2017,5,12,3,3,5,3,0,1,0,0,0,0,0,4.99161E+20,5.29818E+21,8.98879E+15,4.7837E+16
46455,8.17052E+18,8,3,27,2,2017,5,13,3,3,2,6,0,1,0,0,0,0,0,4.76735E+20,5.32933E+21,8.68741E+15,4.81168E+16
46456,8.17051E+18,8,2,15,96,2017,5,14,6,3,8,1,0,0,0,1,0,0,0,4.63962E+20,5.4129E+21,8.50859E+15,4.8868E+16
46457,8.17051E+18,8,2,26,85,2017,5,3,6,3,2,6,0,1,0,0,1,2,1,4.94635E+20,5.45265E+21,8.92632E+15,4.92267E+16
46458,8.17051E+18,8,4,16,48,2017,5,14,6,2,2,6,0,1,0,0,0,0,0,4.92224E+20,5.37884E+21,8.89461E+15,4.85626E+16
46459,8.17051E+18,8,4,16,48,2017,5,14,6,3,2,6,0,1,0,0,0,0,0,4.92225E+20,5.37884E+21,8.89462E+15,4.85626E+16
46460,8.17051E+18,8,1,36,28,2017,5,15,6,3,0,1,0,0,0,1,0,0,0,5.69139E+20,5.40593E+21,9.94156E+15,4.88025E+16
46461,8.17051E+18,8,1,35,19,2017,5,16,6,3,3,6,0,1,0,1,0,0,1,5.84161E+20,5.39242E+21,1.01433E+16,4.86791E+16
46462,8.17051E+18,8,1,35,16,2017,5,12,6,3,2,6,0,1,0,0,0,0,0,5.87714E+20,5.3832E+21,1.01896E+16,4.85957E+16
46463,8.17051E+18,8,1,28,131,2017,5,14,6,3,2,6,0,1,0,0,0,0,0,5.33153E+20,5.513E+21,9.4604E+15,4.97685E+16
46464,8.17052E+18,8,3,25,64,2017,5,12,3,3,5,3,0,1,0,0,0,0,0,4.77537E+20,5.3327E+21,8.69802E+15,4.81472E+16
46465,8.17052E+18,8,3,25,49,2017,5,18,3,3,5,3,0,1,0,0,0,0,0,4.75942E+20,5.33E+21,8.67672E+15,4.81228E+16
46466,8.17052E+18,8,2,37,28,2017,5,12,3,2,5,3,0,1,0,1,0,0,0,4.58324E+20,5.36842E+21,8.43619E+15,4.84675E+16
46467,8.17052E+18,8,4,17,2,2017,5,17,3,2,0,1,0,0,0,1,0,0,0,4.89128E+20,5.34121E+21,8.85363E+15,4.8224E+16
46468,8.17052E+18,8,3,17,59,2017,5,11,3,3,0,3,1,1,0,0,0,0,0,4.12718E+20,5.34942E+21,7.82327E+15,4.8292E+16
46469,8.17052E+18,8,3,16,39,2017,5,11,3,3,5,3,0,1,0,0,1,0,0,4.1872E+20,5.32657E+21,7.90854E+15,4.80872E+16
46470,8.17052E+18,8,3,16,56,2017,5,16,3,2,0,1,1,0,0,0,0,0,0,4.2415E+20,5.32832E+21,7.98113E+15,4.81036E+16
46471,8.17052E+18,8,3,16,20,2017,5,9,3,3,5,3,0,1,0,1,0,0,0,4.11964E+20,5.33698E+21,7.81568E+15,4.81799E+16
46472,8.17052E+18,8,3,15,76,2017,5,16,3,3,2,6,0,1,0,0,0,0,0,3.91493E+20,5.29666E+21,7.55058E+15,4.78141E+16
46473,8.17052E+18,8,3,36,50,2017,5,7,3,3,5,2,1,1,0,0,0,0,0,3.98777E+20,5.27431E+21,7.65304E+15,4.76143E+16
46474,8.17052E+18,8,3,16,54,2017,5,16,3,2,5,3,0,1,0,0,1,0,0,4.1769E+20,5.33727E+21,7.89265E+15,4.81833E+16
46475,8.17052E+18,8,2,26,85,2017,5,3,3,2,8,1,0,0,0,0,1,2,0,4.92277E+20,5.45403E+21,8.8939E+15,4.9239E+16
46476,8.17052E+18,8,2,37,45,2017,5,12,3,3,6,4,0,0,1,0,1,0,0,4.59066E+20,5.36269E+21,8.44679E+15,4.8416E+16
46477,8.17052E+18,8,2,35,29,2017,5,14,3,3,5,3,0,1,0,0,0,0,0,4.8773E+20,5.39364E+21,8.83326E+15,4.86957E+16
46478,8.17052E+18,8,2,31,0,2017,5,18,3,3,2,6,0,1,0,0,0,0,0,4.81146E+20,5.41728E+21,8.7427E+15,4.89082E+16
46479,8.17052E+18,8,2,35,79,2017,5,18,3,2,3,2,0,1,0,1,0,0,0,4.69111E+20,5.40243E+21,8.57958E+15,4.87741E+16
46480,8.17051E+18,8,1,28,126,2017,5,12,6,3,4,1,0,1,0,1,0,0,1,5.70456E+20,5.47979E+21,9.9724E+15,4.94667E+16
46481,8.17051E+18,8,1,28,14,2017,5,16,6,2,9,1,0,0,0,1,0,0,0,5.44381E+20,5.4789E+21,9.61244E+15,4.94612E+16
46482,8.17051E+18,8,1,27,14,2017,5,21,6,3,8,1,0,1,0,0,0,2,0,5.80156E+20,5.44349E+21,1.0099E+16,4.9139E+16
46483,8.17051E+18,8,1,18,73,2017,5,6,6,3,3,3,0,1,0,0,0,0,1,4.94034E+20,5.4205E+21,8.91854E+15,4.89374E+16
46484,8.17051E+18,8,1,18,14,2017,5,22,6,3,8,1,0,1,0,0,0,2,1,5.20695E+20,5.42108E+21,9.28261E+15,4.89423E+16
46485,8.17051E+18,8,1,18,10,2017,5,17,6,3,8,7,0,1,0,0,0,0,0,5.09121E+20,5.43358E+21,9.12484E+15,4.9055E+16
46486,8.17052E+18,8,2,36,30,2017,5,7,3,3,5,3,0,1,0,1,0,0,0,4.76824E+20,5.41863E+21,8.68365E+15,4.89202E+16
46487,8.17051E+18,8,1,15,28,2017,5,17,6,3,3,6,0,1,0,0,1,0,1,5.02058E+20,5.4021E+21,9.02801E+15,4.87719E+16
46488,8.17051E+18,8,1,17,43,2017,5,7,6,3,2,6,1,1,0,0,0,0,1,5.52205E+20,5.3895E+21,9.70888E+15,4.86563E+16
46489,8.17051E+18,8,1,17,49,2017,5,19,6,3,5,3,0,1,0,0,0,0,0,5.56635E+20,5.39251E+21,9.76944E+15,4.8683E+16
46490,8.17051E+18,8,4,21,0,2017,5,19,6,2,9,1,0,1,0,0,0,0,0,5.72066E+20,5.36755E+21,9.97474E+15,4.84569E+16
46491,8.17051E+18,8,2,26,3,2017,5,18,7,3,2,6,0,1,0,0,0,1,1,4.60686E+20,5.46309E+21,8.45903E+15,4.93193E+16
46492,8.17051E+18,8,1,17,19,2017,5,15,6,3,2,6,0,1,0,0,0,0,0,5.52732E+20,5.39398E+21,9.7166E+15,4.86966E+16
46493,8.17052E+18,8,2,31,0,2017,5,18,3,3,2,6,0,1,0,0,0,0,0,4.82601E+20,5.41818E+21,8.76252E+15,4.89163E+16
46494,8.17052E+18,8,2,31,0,2017,5,18,3,3,2,6,0,1,0,0,0,0,0,4.79323E+20,5.4182E+21,8.71777E+15,4.89164E+16
46495,8.17052E+18,8,2,26,31,2017,5,19,3,3,6,4,0,1,1,0,0,0,0,4.73966E+20,5.4934E+21,8.63977E+15,4.95926E+16
46496,8.17052E+18,8,2,26,68,2017,5,16,3,3,2,6,0,1,0,0,0,0,0,4.67903E+20,5.45939E+21,8.55864E+15,4.92864E+16
46497,8.17052E+18,8,2,26,28,2017,5,16,3,2,5,3,0,1,0,1,0,0,0,4.72143E+20,5.48575E+21,8.61509E+15,4.95237E+16
46498,8.17052E+18,8,2,21,0,2017,5,17,3,3,5,3,1,1,0,0,0,0,0,4.78657E+20,5.47344E+21,8.70575E+15,4.94133E+16
46499,8.17052E+18,8,2,26,55,2017,5,16,3,2,5,3,1,1,0,0,0,0,0,4.97658E+20,5.46031E+21,8.96779E+15,4.92956E+16
46500,8.17052E+18,8,2,12,0,2017,5,10,3,3,2,6,0,1,0,0,0,0,0,4.53201E+20,5.43112E+21,8.35976E+15,4.90312E+16
46501,8.17052E+18,8,2,12,0,2017,5,8,3,3,4,6,0,1,0,0,0,0,0,4.61807E+20,5.4241E+21,8.47815E+15,4.89686E+16
46502,8.17052E+18,8,1,18,80,2017,5,8,3,3,2,6,0,1,0,1,0,0,0,5.08604E+20,5.41044E+21,9.11727E+15,4.88469E+16
46503,8.17052E+18,8,1,36,43,2017,5,9,3,3,2,6,0,1,0,0,1,0,0,5.70581E+20,5.40824E+21,9.96159E+15,4.88231E+16
46504,8.17052E+18,8,1,36,65,2017,5,13,3,3,5,3,0,1,0,1,0,0,1,5.61863E+20,5.40625E+21,9.84253E+15,4.88062E+16
46505,8.17051E+18,8,1,16,77,2017,5,12,6,3,5,3,0,1,0,1,0,0,0,5.16178E+20,5.39179E+21,9.21978E+15,4.86789E+16
46506,8.17051E+18,8,1,16,81,2017,5,15,6,2,4,6,0,1,0,0,0,0,0,5.16357E+20,5.38544E+21,9.22196E+15,4.86218E+16
46507,8.17051E+18,8,1,16,27,2017,5,13,6,2,2,6,0,0,0,0,1,0,0,5.34205E+20,5.39338E+21,9.4648E+15,4.86925E+16
46508,8.17051E+18,8,1,16,49,2017,5,23,6,2,4,6,0,1,0,0,0,2,0,5.23827E+20,5.38408E+21,9.32324E+15,4.86094E+16
46509,8.17052E+18,8,1,36,65,2017,5,16,3,3,2,6,0,1,0,0,0,0,0,5.59007E+20,5.40475E+21,9.80342E+15,4.87929E+16
46510,8.17051E+18,8,1,11,0,2017,5,16,6,3,5,3,0,1,0,1,0,0,0,5.07794E+20,5.396E+21,9.10596E+15,4.8717E+16
46511,8.17052E+18,8,1,36,89,2017,5,9,3,3,2,6,0,1,0,0,1,0,0,5.83855E+20,5.42046E+21,1.01449E+16,4.89314E+16
46512,8.17052E+18,8,1,28,128,2017,5,4,3,3,7,7,0,0,0,1,0,2,0,5.4815E+20,5.5025E+21,9.66734E+15,4.96731E+16
46513,8.17052E+18,8,1,28,115,2017,5,20,3,2,9,1,0,0,0,1,0,1,0,5.43374E+20,5.50273E+21,9.60118E+15,4.96755E+16
46514,8.17052E+18,8,1,27,73,2017,5,23,3,2,8,1,0,0,0,1,0,2,0,5.83602E+20,5.44896E+21,1.01473E+16,4.91877E+16
46515,8.17052E+18,8,1,25,98,2017,5,16,3,3,9,1,0,0,0,1,1,0,0,5.25195E+20,5.43708E+21,9.34506E+15,4.90861E+16
46516,8.17052E+18,8,1,25,98,2017,5,16,3,2,9,1,0,0,0,1,0,0,0,5.25197E+20,5.43708E+21,9.34508E+15,4.90861E+16
46517,8.17052E+18,8,1,26,46,2017,5,16,3,2,4,6,0,1,0,0,0,0,0,5.55863E+20,5.45877E+21,9.76806E+15,4.92792E+16
46518,8.17052E+18,8,1,25,102,2017,5,19,3,3,7,1,0,0,0,1,0,1,0,5.20397E+20,5.44546E+21,9.27977E+15,4.91616E+16
46519,8.17052E+18,8,1,19,68,2017,5,8,3,3,2,6,0,1,0,0,0,0,0,5.27106E+20,5.41285E+21,9.36962E+15,4.8868E+16
46520,8.17052E+18,8,1,19,79,2017,5,16,3,3,2,6,0,1,0,1,0,0,0,5.25372E+20,5.40709E+21,9.34561E+15,4.88163E+16
46521,8.17052E+18,8,1,18,46,2017,5,8,3,3,5,3,0,1,0,0,0,0,0,5.11643E+20,5.41123E+21,9.15872E+15,4.8854E+16
46522,8.17052E+18,8,1,17,26,2017,5,8,3,3,3,2,1,1,0,0,0,0,0,5.47778E+20,5.39506E+21,9.64942E+15,4.87067E+16
46523,8.17052E+18,8,1,17,26,2017,5,13,3,3,5,3,0,1,0,0,0,0,0,5.45261E+20,5.39564E+21,9.61527E+15,4.87121E+16
46524,8.17051E+18,8,1,11,0,2017,5,21,6,3,0,2,0,1,0,1,0,1,1,5.10844E+20,5.40936E+21,9.14778E+15,4.88372E+16
46525,8.17051E+18,8,1,11,0,2017,5,6,6,3,2,6,0,1,0,0,0,0,1,5.14204E+20,5.40603E+21,9.19346E+15,4.88071E+16
46526,8.17051E+18,8,4,37,8,2017,5,5,5,3,2,6,0,1,0,0,0,0,0,5.19329E+20,5.33207E+21,9.25983E+15,4.81416E+16
46527,8.17051E+18,8,4,36,52,2017,5,22,5,2,4,1,1,1,0,0,0,2,0,5.65637E+20,5.29114E+21,9.87603E+15,4.77703E+16
46528,8.17051E+18,8,4,36,9,2017,5,15,5,3,8,7,1,0,0,0,0,0,0,5.53477E+20,5.30986E+21,9.71607E+15,4.79398E+16
46529,8.17051E+18,8,4,36,9,2017,5,23,5,3,8,1,0,1,0,0,0,2,0,5.56572E+20,5.30835E+21,9.7573E+15,4.7926E+16
46530,8.17051E+18,8,4,36,64,2017,5,12,5,3,3,2,0,0,0,1,1,0,0,5.38E+20,5.28837E+21,9.50695E+15,4.77475E+16
46531,8.17052E+18,8,1,17,14,2017,5,17,3,3,1,6,0,1,0,0,0,0,0,5.53238E+20,5.383E+21,9.72207E+15,4.85978E+16
46532,8.17052E+18,8,1,16,20,2017,5,17,3,3,5,2,0,1,0,1,0,0,0,5.24491E+20,5.38049E+21,9.33203E+15,4.8577E+16
46533,8.17052E+18,8,1,16,19,2017,5,16,3,2,2,6,0,1,0,1,0,0,0,5.31904E+20,5.39901E+21,9.43396E+15,4.87433E+16
46534,8.17052E+18,8,1,15,28,2017,5,7,3,2,7,7,0,0,0,1,0,0,0,5.02715E+20,5.39992E+21,9.03694E+15,4.87523E+16
46535,8.17052E+18,8,1,15,48,2017,5,18,3,3,9,7,0,1,0,0,0,0,0,5.06024E+20,5.38869E+21,9.08179E+15,4.86512E+16
46536,8.17052E+18,8,1,15,3,2017,5,18,3,2,5,2,0,1,0,0,0,0,0,5.03423E+20,5.39444E+21,9.04652E+15,4.8703E+16
46537,8.17052E+18,8,1,11,0,2017,5,15,3,3,5,3,0,1,0,1,0,0,0,5.07426E+20,5.40032E+21,9.10103E+15,4.87558E+16
46538,8.17052E+18,8,1,11,0,2017,5,15,3,3,2,6,0,1,0,0,0,0,0,5.18055E+20,5.40256E+21,9.24574E+15,4.87758E+16
46539,8.17052E+18,8,1,11,0,2017,5,20,3,3,0,7,0,1,1,0,1,0,0,5.14155E+20,5.40604E+21,9.19279E+15,4.88072E+16
46540,8.17052E+18,8,1,11,0,2017,5,21,3,3,5,3,0,1,0,0,0,2,0,5.1598E+20,5.40686E+21,9.21767E+15,4.88146E+16
46541,8.17052E+18,8,1,11,0,2017,5,13,3,3,8,1,0,1,0,0,0,0,0,5.12676E+20,5.39752E+21,9.17238E+15,4.87306E+16
46542,8.17051E+18,8,4,35,59,2017,5,17,5,3,2,6,0,1,0,0,0,0,0,5.15901E+20,5.28858E+21,9.21214E+15,4.77504E+16
46543,8.17052E+18,8,2,26,85,2017,5,12,5,3,2,6,0,1,0,0,0,0,0,4.94204E+20,5.45269E+21,8.9204E+15,4.9227E+16
46544,8.17052E+18,8,4,37,86,2017,5,16,2,3,5,2,1,1,0,0,0,0,0,5.2862E+20,5.31131E+21,9.38333E+15,4.79544E+16
46545,8.17052E+18,8,2,12,0,2017,5,4,5,3,7,7,0,1,0,0,1,2,0,4.59196E+20,5.42733E+21,8.44216E+15,4.89975E+16
46546,8.17052E+18,8,4,36,55,2017,5,19,2,3,2,6,0,1,0,0,1,0,0,5.74215E+20,5.29674E+21,9.99145E+15,4.78197E+16
46547,8.17052E+18,8,4,36,81,2017,5,7,2,3,0,3,0,0,0,1,1,0,0,5.63002E+20,5.28145E+21,9.83945E+15,4.76833E+16
46548,8.17052E+18,8,4,36,94,2017,5,18,2,1,4,6,0,1,0,1,0,0,0,5.74233E+20,5.28405E+21,9.98953E+15,4.77056E+16
46549,8.17052E+18,8,4,36,64,2017,5,15,2,3,2,6,0,1,0,0,0,0,0,5.46512E+20,5.29128E+21,9.62081E+15,4.77732E+16
46550,8.17052E+18,8,4,35,66,2017,5,10,2,2,5,3,1,1,0,0,0,0,0,5.18116E+20,5.28692E+21,9.24162E+15,4.77354E+16
46551,8.17052E+18,8,4,35,16,2017,5,12,2,3,4,2,0,1,0,1,0,0,0,5.37133E+20,5.27842E+21,9.49453E+15,4.76581E+16
46552,8.17052E+18,8,4,26,62,2017,5,9,2,3,4,6,0,1,0,0,0,0,0,5.54322E+20,5.32028E+21,9.72869E+15,4.80335E+16
46553,8.17052E+18,8,4,16,36,2017,5,16,2,3,0,7,1,1,0,0,0,0,0,4.95446E+20,5.36891E+21,8.93838E+15,4.84733E+16
46554,8.17052E+18,8,4,16,15,2017,5,16,2,2,5,3,0,1,0,1,0,0,0,5.06028E+20,5.36642E+21,9.08152E+15,4.84509E+16
46555,8.17052E+18,8,3,16,37,2017,5,8,2,3,1,6,0,1,0,0,0,0,0,4.07014E+20,5.33693E+21,7.74913E+15,4.81788E+16
46556,8.17052E+18,8,3,37,126,2017,5,13,2,3,9,1,0,1,0,0,0,0,0,4.38195E+20,5.27718E+21,8.1771E+15,4.7645E+16
46557,8.17052E+18,8,3,37,126,2017,5,17,2,3,3,2,0,1,0,1,0,0,0,4.37348E+20,5.27898E+21,8.16555E+15,4.76612E+16
46558,8.17051E+18,8,4,35,57,2017,5,9,5,3,3,6,1,1,0,0,0,0,0,5.49528E+20,5.27559E+21,9.65927E+15,4.76318E+16
46559,8.17051E+18,8,4,35,24,2017,5,7,5,3,4,2,0,1,0,0,0,0,0,5.26836E+20,5.27917E+21,9.35744E+15,4.76654E+16
46560,8.17051E+18,8,4,37,56,2017,5,10,5,3,5,2,0,1,0,0,0,0,0,5.28012E+20,5.30233E+21,9.37461E+15,4.78737E+16
46561,8.17051E+18,8,4,21,0,2017,5,7,5,3,5,3,0,1,0,0,0,0,0,5.71998E+20,5.35394E+21,9.97148E+15,4.83345E+16
46562,8.17052E+18,8,3,26,74,2017,5,17,2,2,2,6,0,1,0,1,0,0,0,4.62895E+20,5.32336E+21,8.50198E+15,4.80625E+16
46563,8.17051E+18,8,4,17,2,2017,5,16,5,3,8,1,0,1,0,0,0,0,0,4.89162E+20,5.34482E+21,8.85398E+15,4.82565E+16
46564,8.17052E+18,8,2,31,0,2017,5,7,5,3,6,4,0,1,1,0,0,0,0,4.78451E+20,5.41601E+21,8.70599E+15,4.88966E+16
46565,8.17051E+18,8,4,17,14,2017,5,20,5,3,8,1,0,0,0,1,0,0,0,4.80051E+20,5.3439E+21,8.73128E+15,4.8248E+16
46566,8.17051E+18,8,4,17,2,2017,5,11,5,2,5,3,0,1,0,0,0,0,0,4.89026E+20,5.34569E+21,8.85213E+15,4.82643E+16
46567,8.17051E+18,8,4,15,61,2017,5,17,5,3,6,4,0,1,1,0,0,0,0,5.14566E+20,5.3717E+21,9.19718E+15,4.84983E+16
46568,8.17051E+18,8,4,15,61,2017,5,7,5,3,3,2,1,1,0,0,0,0,0,5.13323E+20,5.37248E+21,9.18037E+15,4.85053E+16
46569,8.17052E+18,8,3,26,12,2017,5,11,2,3,2,1,0,1,0,0,0,0,0,4.64216E+20,5.31164E+21,8.5207E+15,4.7957E+16
46570,8.17052E+18,8,4,17,31,2017,5,12,2,2,5,3,0,1,0,1,0,0,0,4.96244E+20,5.35501E+21,8.94931E+15,4.83483E+16
46571,8.17052E+18,8,3,26,27,2017,5,14,2,2,2,1,0,1,0,0,0,0,0,4.64018E+20,5.30445E+21,8.51864E+15,4.78924E+16
46572,8.17052E+18,8,2,25,14,2017,5,16,5,2,4,3,0,1,0,0,0,0,0,5.23306E+20,5.48478E+21,9.32197E+15,4.95152E+16
46573,8.17052E+18,8,3,17,65,2017,5,6,2,3,6,4,0,1,1,0,0,0,0,4.14284E+20,5.35417E+21,7.84341E+15,4.83349E+16
46574,8.17052E+18,8,3,17,96,2017,5,5,2,2,4,7,0,1,0,0,0,1,0,4.2105E+20,5.36707E+21,7.93226E+15,4.84518E+16
46575,8.17051E+18,8,3,15,6,2017,5,16,5,3,2,6,0,1,0,0,1,0,0,4.00307E+20,5.31167E+21,7.66482E+15,4.79506E+16
46576,8.17052E+18,8,2,25,52,2017,5,7,5,3,2,6,0,1,0,0,0,0,0,5.17857E+20,5.47819E+21,9.2464E+15,4.94561E+16
46577,8.17052E+18,8,2,15,64,2017,5,9,5,3,5,3,0,1,0,1,0,0,0,4.786E+20,5.45173E+21,8.70614E+15,4.92179E+16
46578,8.17052E+18,8,3,37,22,2017,5,17,2,3,8,1,0,0,0,1,0,0,0,4.44792E+20,5.29995E+21,8.26203E+15,4.78505E+16
46579,8.17052E+18,8,3,15,130,2017,5,18,2,3,5,2,0,1,0,1,0,0,0,4.09156E+20,5.30089E+21,7.78558E+15,4.78549E+16
46580,8.17052E+18,8,2,15,46,2017,5,11,2,3,4,7,0,1,0,1,0,0,0,4.49815E+20,5.41699E+21,8.31519E+15,4.89038E+16
46581,8.17052E+18,8,2,37,28,2017,5,16,2,3,4,6,0,1,0,0,0,0,0,4.57854E+20,5.37316E+21,8.42936E+15,4.85102E+16
46582,8.17052E+18,8,2,37,4,2017,5,18,2,3,2,6,0,1,0,1,0,0,0,4.46344E+20,5.37059E+21,8.27385E+15,4.84861E+16
46583,8.17052E+18,8,2,35,46,2017,5,17,2,2,0,1,1,0,0,0,0,0,0,4.803E+20,5.38178E+21,8.73285E+15,4.85888E+16
46584,8.17052E+18,8,2,35,66,2017,5,6,2,3,0,7,0,1,0,0,0,0,0,4.64639E+20,5.38751E+21,8.52E+15,4.86397E+16
46585,8.17052E+18,8,2,35,85,2017,5,17,2,3,3,6,0,1,0,1,0,0,0,4.77715E+20,5.39857E+21,8.6969E+15,4.87397E+16
46586,8.17052E+18,8,2,36,46,2017,5,15,2,3,2,6,0,1,0,0,0,0,0,4.83051E+20,5.418E+21,8.76867E+15,4.89147E+16
46587,8.17052E+18,8,2,26,85,2017,5,9,2,3,2,2,0,1,0,0,0,0,0,4.91245E+20,5.45556E+21,8.87969E+15,4.92527E+16
46588,8.17052E+18,8,2,26,56,2017,5,7,2,3,5,3,1,1,0,0,0,0,0,4.85729E+20,5.47082E+21,8.80334E+15,4.93899E+16
46589,8.17052E+18,8,2,22,0,2017,5,16,2,2,2,6,0,0,0,0,1,0,0,4.6062E+20,5.48915E+21,8.45554E+15,4.95537E+16
46590,8.17051E+18,8,4,36,8,2017,5,16,5,3,3,6,1,1,0,0,0,0,0,5.49607E+20,5.30913E+21,9.66416E+15,4.79336E+16
46591,8.17051E+18,8,4,36,64,2017,5,12,5,3,2,6,0,1,0,0,0,0,0,5.46081E+20,5.29368E+21,9.61531E+15,4.77948E+16
46592,8.17051E+18,8,3,26,74,2017,5,18,5,2,4,1,0,1,0,0,1,0,1,4.55771E+20,5.31836E+21,8.40689E+15,4.8017E+16
46593,8.17051E+18,8,3,17,96,2017,5,14,5,3,6,6,1,0,1,0,0,0,0,4.21918E+20,5.36977E+21,7.94349E+15,4.84762E+16
46594,8.17052E+18,8,2,21,0,2017,5,14,2,3,5,3,1,1,0,0,0,0,0,4.76565E+20,5.47264E+21,8.67697E+15,4.9406E+16
46595,8.17051E+18,8,3,17,121,2017,5,11,5,3,5,3,0,1,0,0,0,0,0,4.21842E+20,5.34313E+21,7.94742E+15,4.82365E+16
46596,8.17052E+18,8,2,16,23,2017,5,22,2,3,2,6,0,1,0,0,1,2,0,4.39379E+20,5.40891E+21,8.174E+15,4.88302E+16
46597,8.17051E+18,8,3,17,47,2017,5,23,5,2,8,1,0,1,0,0,0,2,0,4.18611E+20,5.36623E+21,7.89944E+15,4.8444E+16
46598,8.17052E+18,8,2,15,17,2017,5,7,2,3,2,7,0,1,0,0,0,0,0,4.56519E+20,5.42307E+21,8.40601E+15,4.8959E+16
46599,8.17052E+18,8,1,25,49,2017,5,14,5,3,2,6,0,1,0,0,0,0,0,4.98975E+20,5.45192E+21,8.98593E+15,4.922E+16
46600,8.17051E+18,8,3,15,43,2017,5,15,5,2,5,3,0,1,0,0,0,0,0,4.06752E+20,5.32287E+21,7.74867E+15,4.80523E+16
46601,8.17051E+18,8,2,15,66,2017,5,9,5,2,6,4,0,1,1,0,0,0,0,4.60172E+20,5.45403E+21,8.45287E+15,4.92378E+16
46602,8.17051E+18,8,2,35,46,2017,5,11,5,2,0,1,1,0,0,0,0,0,0,4.80297E+20,5.3818E+21,8.73281E+15,4.85889E+16
46603,8.17051E+18,8,2,31,0,2017,5,12,5,1,8,7,0,1,0,1,0,0,0,4.81812E+20,5.41799E+21,8.75176E+15,4.89146E+16
46604,8.17051E+18,8,2,36,74,2017,5,16,5,3,5,2,0,1,0,1,0,0,0,4.72912E+20,5.41806E+21,8.63028E+15,4.89149E+16
46605,8.17051E+18,8,2,36,25,2017,5,10,5,2,5,3,0,1,0,0,0,0,0,4.92375E+20,5.40714E+21,8.89612E+15,4.88172E+16
46606,8.17052E+18,8,1,18,80,2017,5,18,5,3,2,6,0,1,0,0,0,0,1,5.09507E+20,5.41035E+21,9.12958E+15,4.8846E+16
46607,8.17051E+18,8,2,36,76,2017,5,7,5,3,2,6,0,1,0,0,0,0,0,4.71788E+20,5.42311E+21,8.61459E+15,4.89603E+16
46608,8.17052E+18,8,1,15,45,2017,5,14,5,2,2,6,0,1,0,0,0,0,0,4.97352E+20,5.39478E+21,8.96401E+15,4.8706E+16
46609,8.17051E+18,8,2,25,14,2017,5,13,5,3,2,6,0,1,0,0,0,0,0,5.22803E+20,5.48437E+21,9.315E+15,4.95115E+16
46610,8.17051E+18,8,2,16,15,2017,5,14,5,2,2,6,0,0,0,1,1,0,0,4.51641E+20,5.40332E+21,8.34171E+15,4.8781E+16
46611,8.17051E+18,8,2,12,0,2017,5,14,5,3,5,3,0,1,0,0,0,0,0,4.55226E+20,5.42903E+21,8.3877E+15,4.90125E+16
46612,8.17051E+18,8,2,12,0,2017,5,7,5,3,0,1,1,0,0,0,0,0,0,4.52547E+20,5.42991E+21,8.35095E+15,4.90203E+16
46613,8.17052E+18,8,3,17,118,2017,5,20,2,2,5,2,1,1,0,0,0,0,0,4.38273E+20,5.38497E+21,8.16251E+15,4.86148E+16
46614,8.17052E+18,8,1,36,40,2017,5,12,2,3,8,1,0,1,0,0,0,0,0,5.64491E+20,5.4113E+21,9.8791E+15,4.88513E+16
46615,8.17052E+18,8,1,15,45,2017,5,19,5,3,8,1,0,1,0,0,0,0,1,5.02712E+20,5.39454E+21,9.03686E+15,4.87039E+16
46616,8.17052E+18,8,1,36,21,2017,5,18,2,3,2,6,0,1,0,0,0,0,0,5.76532E+20,5.4082E+21,1.00426E+16,4.88221E+16
46617,8.17052E+18,8,1,36,20,2017,5,18,2,2,5,1,0,1,0,1,0,0,0,5.6375E+20,5.41534E+21,9.86964E+15,4.88878E+16