OBJECTID,UIDENTSTLA,ULAND,UREGBEZ,UKREIS,UGEMEINDE,UJAHR,UMONAT,USTUNDE,UWOCHENTAG,UKATEGORIE,UART,UTYP1,IstRad,IstPKW,IstFuss,IstKrad,IstSonstig,LICHT,STRZUSTAND,LINREFX,LINREFY,XGCSWGS84,YGCSWGS84
46618,8.17052E+18,8,4,25,72,2017,5,17,2,3,3,7,0,1,0,0,0,0,0,5.80022E+20,5.3737E+21,1.00835E+16,4.85113E+16
46619,8.17052E+18,8,1,28,7,2017,5,17,2,3,2,6,0,1,0,0,0,0,0,5.54445E+20,5.48468E+21,9.75212E+15,4.95123E+16
46620,8.17052E+18,8,1,28,58,2017,5,10,2,3,5,2,0,1,0,0,1,0,0,5.6588E+20,5.49251E+21,9.91137E+15,4.95816E+16
46621,8.17052E+18,8,1,27,91,2017,5,17,2,2,9,1,0,0,0,1,0,0,0,5.76992E+20,5.4534E+21,1.00575E+16,4.92285E+16
46622,8.17052E+18,8,1,26,66,2017,5,13,2,3,4,2,0,1,0,0,0,0,0,5.36636E+20,5.45008E+21,9.50292E+15,4.92024E+16
46623,8.17052E+18,8,1,25,107,2017,5,13,2,2,2,2,0,1,0,0,0,0,0,5.33829E+20,5.43826E+21,9.4634E+15,4.90962E+16
46624,8.17052E+18,8,1,26,69,2017,5,18,2,2,8,1,0,0,0,1,0,0,0,5.37951E+20,5.44337E+21,9.52034E+15,4.9142E+16
46625,8.17052E+18,8,1,25,46,2017,5,15,2,2,5,3,0,1,0,1,0,0,0,5.17867E+20,5.4336E+21,9.24454E+15,4.9055E+16
46626,8.17051E+18,8,1,18,21,2017,5,20,5,3,9,1,0,1,0,0,0,2,1,5.18266E+20,5.43011E+21,9.24985E+15,4.90236E+16
46627,8.17052E+18,8,1,25,96,2017,5,20,2,3,1,6,0,1,0,0,0,1,0,5.14928E+20,5.44899E+21,9.20489E+15,4.91935E+16
46628,8.17051E+18,8,1,15,45,2017,5,13,5,3,3,6,0,1,0,0,0,0,0,4.98955E+20,5.39286E+21,8.9858E+15,4.86888E+16
46629,8.17051E+18,8,1,18,51,2017,5,2,5,2,1,7,0,1,0,0,1,2,0,5.09913E+20,5.41313E+21,9.13519E+15,4.88711E+16
46630,8.17052E+18,8,1,21,0,2017,5,7,2,3,9,1,0,0,0,1,0,0,1,5.16419E+20,5.44621E+21,9.22524E+15,4.91685E+16
46631,8.17051E+18,8,1,15,10,2017,5,21,5,2,5,3,0,1,0,0,0,1,0,4.86287E+20,5.38901E+21,8.8138E+15,4.8654E+16
46632,8.17052E+18,8,1,19,68,2017,5,8,2,3,6,7,0,1,1,0,0,0,0,5.25997E+20,5.41355E+21,9.35454E+15,4.88744E+16
46633,8.17051E+18,8,1,36,88,2017,5,7,5,3,2,6,0,1,0,0,0,0,0,5.79919E+20,5.41002E+21,1.00891E+16,4.8838E+16
46634,8.17052E+18,8,1,18,7,2017,5,17,2,3,1,6,0,1,0,0,0,0,0,5.1052E+20,5.42683E+21,9.14381E+15,4.89943E+16
46635,8.17052E+18,8,1,17,24,2017,5,7,2,3,5,2,0,1,0,0,1,0,0,5.61594E+20,5.3859E+21,9.83583E+15,4.86231E+16
46636,8.17052E+18,8,1,16,71,2017,5,15,2,3,5,3,1,1,0,0,0,0,0,5.29779E+20,5.39025E+21,9.40443E+15,4.86646E+16
46637,8.17052E+18,8,1,16,49,2017,5,13,2,3,6,4,1,0,1,0,0,0,1,5.25098E+20,5.38579E+21,9.34058E+15,4.86247E+16
46638,8.17052E+18,8,1,16,33,2017,5,10,2,3,2,6,0,1,0,0,0,0,0,5.3162E+20,5.38921E+21,9.42936E+15,4.86551E+16
46639,8.17052E+18,8,1,36,66,2017,5,14,5,3,0,1,1,0,0,0,0,0,0,5.55431E+20,5.41615E+21,9.75628E+15,4.88958E+16
46640,8.17052E+18,8,1,36,84,2017,5,13,5,3,5,3,1,1,0,0,0,0,0,5.93051E+20,5.43167E+21,1.0273E+16,4.90309E+16
46641,8.17052E+18,8,1,16,78,2017,5,16,2,3,5,3,0,1,0,0,0,0,0,5.13005E+20,5.39305E+21,9.17671E+15,4.86904E+16
46642,8.17052E+18,8,1,16,77,2017,5,12,2,3,2,6,0,1,0,0,0,0,0,5.13974E+20,5.39171E+21,9.18984E+15,4.86783E+16
46643,8.17051E+18,8,1,36,27,2017,5,0,5,2,9,1,0,0,0,1,0,2,0,5.53434E+20,5.41815E+21,9.7293E+15,4.8914E+16
46644,8.17051E+18,8,1,36,82,2017,5,6,5,2,5,3,1,1,0,0,0,0,0,5.89581E+20,5.41401E+21,1.02216E+16,4.88726E+16
46645,8.17051E+18,8,1,35,26,2017,5,13,5,3,5,3,0,1,0,0,0,0,0,5.91383E+20,5.3948E+21,1.02419E+16,4.86995E+16
46646,8.17052E+18,8,1,16,78,2017,5,16,2,3,2,6,0,1,0,0,0,0,0,5.11047E+20,5.39491E+21,9.15016E+15,4.87071E+16
46647,8.17051E+18,8,1,35,16,2017,5,11,5,3,5,2,0,1,0,0,0,0,0,5.89102E+20,5.38508E+21,1.02089E+16,4.86124E+16
46648,8.17052E+18,8,1,11,0,2017,5,8,2,2,0,6,1,1,0,0,0,0,0,5.18294E+20,5.40048E+21,9.2489E+15,4.87571E+16
46649,8.17051E+18,8,1,35,26,2017,5,19,5,3,8,1,0,1,0,0,0,1,1,5.89419E+20,5.39463E+21,1.02152E+16,4.86983E+16
46650,8.17052E+18,8,1,11,0,2017,5,15,2,2,8,1,0,0,0,1,0,0,0,5.06496E+20,5.40001E+21,9.08838E+15,4.87531E+16
46651,8.17051E+18,8,1,28,61,2017,5,15,5,3,5,3,0,1,0,0,0,0,0,5.37635E+20,5.49196E+21,9.52061E+15,4.95791E+16
46652,8.17051E+18,8,1,28,20,2017,5,22,5,3,8,1,0,1,0,0,0,2,1,5.74295E+20,5.47729E+21,1.00249E+16,4.94437E+16
46653,8.17051E+18,8,1,27,43,2017,5,7,5,2,5,3,0,1,0,0,0,0,0,5.63503E+20,5.44922E+21,9.87158E+15,4.91925E+16
46654,8.17051E+18,8,1,27,52,2017,5,10,5,2,8,1,0,0,0,1,0,0,1,5.40663E+20,5.4371E+21,9.55689E+15,4.90854E+16
46655,8.17052E+18,8,1,11,0,2017,5,18,2,3,5,2,1,1,0,0,0,0,0,5.07857E+20,5.39683E+21,9.10683E+15,4.87244E+16
46656,8.17052E+18,8,1,11,0,2017,5,15,2,3,2,6,0,1,0,0,1,0,0,5.16657E+20,5.40582E+21,9.22685E+15,4.88052E+16
46657,8.17052E+18,8,1,36,19,2017,5,11,5,3,5,3,1,1,0,0,0,0,0,5.83169E+20,5.42519E+21,1.01365E+16,4.8974E+16
46658,8.17052E+18,8,1,11,0,2017,5,7,2,3,2,6,0,1,0,0,0,0,1,5.10017E+20,5.40134E+21,9.13631E+15,4.8765E+16
46659,8.17052E+18,8,1,11,0,2017,5,16,2,3,2,6,0,0,0,0,1,0,0,5.13377E+20,5.40249E+21,9.18207E+15,4.87753E+16
46660,8.17052E+18,8,1,36,19,2017,5,17,5,3,9,1,1,0,0,0,0,0,0,5.82593E+20,5.42609E+21,1.01288E+16,4.89822E+16
46661,8.17052E+18,8,1,11,0,2017,5,16,2,3,5,3,0,1,0,0,0,0,0,5.13227E+20,5.40366E+21,9.18006E+15,4.87858E+16
46662,8.17051E+18,8,4,36,82,2017,5,15,1,3,2,6,0,1,0,0,0,0,0,5.47717E+20,5.29567E+21,9.63737E+15,4.78126E+16
46663,8.17051E+18,8,4,26,14,2017,5,15,1,3,5,3,0,1,0,0,1,0,1,5.5015E+20,5.31531E+21,9.67216E+15,4.79891E+16
46664,8.17051E+18,8,4,26,70,2017,5,10,1,2,5,3,1,1,0,0,0,0,0,5.63171E+20,5.34203E+21,9.85062E+15,4.82283E+16
46665,8.17051E+18,8,4,21,0,2017,5,6,1,3,5,3,0,1,0,0,0,0,0,5.70826E+20,5.36134E+21,9.95691E+15,4.84012E+16
46666,8.17051E+18,8,4,15,62,2017,5,14,1,3,2,6,0,1,0,0,0,0,0,5.19191E+20,5.37848E+21,9.26009E+15,4.85591E+16
46667,8.17051E+18,8,3,37,96,2017,5,15,1,3,2,6,0,1,0,0,0,0,0,4.19935E+20,5.26726E+21,7.93582E+15,4.75538E+16
46668,8.17051E+18,8,3,36,91,2017,5,16,1,3,2,6,0,1,0,0,0,0,0,3.95479E+20,5.27195E+21,7.60972E+15,4.75925E+16
46669,8.17051E+18,8,3,35,96,2017,5,12,1,3,0,1,0,0,0,1,0,0,0,5.04382E+20,5.30351E+21,9.05861E+15,4.78849E+16
46670,8.17051E+18,8,1,25,65,2017,5,15,5,3,3,6,0,1,0,0,1,0,0,5.16998E+20,5.44976E+21,9.23334E+15,4.92004E+16
46671,8.17051E+18,8,3,35,77,2017,5,19,1,3,8,1,0,1,0,0,0,0,1,4.91649E+20,5.29642E+21,8.88844E+15,4.78211E+16
46672,8.17051E+18,8,1,25,39,2017,5,14,5,3,5,3,0,1,0,1,0,0,0,5.11429E+20,5.45865E+21,9.15714E+15,4.92805E+16
46673,8.17051E+18,8,3,26,5,2017,5,13,1,3,3,6,0,1,0,0,0,0,1,4.66481E+20,5.29989E+21,8.55194E+15,4.78515E+16
46674,8.17051E+18,8,1,21,0,2017,5,16,5,3,4,3,0,1,0,0,0,0,0,5.06575E+20,5.44933E+21,9.09025E+15,4.91967E+16
46675,8.17051E+18,8,4,17,2,2017,5,19,1,2,4,6,1,0,0,1,0,0,0,4.89099E+20,5.34544E+21,8.85311E+15,4.82621E+16
46676,8.17051E+18,8,3,17,31,2017,5,13,1,3,2,6,0,1,0,0,1,0,0,4.16339E+20,5.36259E+21,7.86946E+15,4.84109E+16
46677,8.17051E+18,8,3,16,39,2017,5,13,1,3,1,6,0,1,0,0,0,0,0,4.17842E+20,5.32731E+21,7.89661E+15,4.80938E+16
46678,8.17051E+18,8,3,11,0,2017,5,18,1,3,0,1,0,0,0,1,0,0,1,4.12804E+20,5.31534E+21,7.8314E+15,4.79854E+16
46679,8.17051E+18,8,2,22,0,2017,5,15,1,3,8,1,0,1,0,0,0,0,1,4.67032E+20,5.48099E+21,8.54487E+15,4.94807E+16
46680,8.17051E+18,8,2,37,75,2017,5,14,1,3,8,1,0,0,0,1,0,0,1,4.50406E+20,5.36397E+21,8.32961E+15,4.84269E+16
46681,8.17051E+18,8,2,37,4,2017,5,2,1,3,8,1,0,1,0,0,0,2,0,4.55664E+20,5.37838E+21,8.39916E+15,4.8557E+16
46682,8.17051E+18,8,2,31,0,2017,5,12,1,3,5,3,0,1,0,0,0,0,0,4.82459E+20,5.41774E+21,8.7606E+15,4.89123E+16
46683,8.17051E+18,8,2,26,56,2017,5,14,1,3,8,1,0,1,0,0,0,0,0,4.84005E+20,5.47111E+21,8.77958E+15,4.93925E+16
46684,8.17051E+18,8,2,25,67,2017,5,5,1,3,8,1,0,1,0,0,0,1,0,5.0969E+20,5.46285E+21,9.13333E+15,4.93183E+16
46685,8.17051E+18,8,1,21,0,2017,5,8,5,3,1,6,0,1,0,0,0,0,0,5.14536E+20,5.44283E+21,9.19928E+15,4.91381E+16
46686,8.17051E+18,8,1,21,0,2017,5,11,5,3,5,3,1,1,0,0,0,0,0,5.15652E+20,5.44335E+21,9.21461E+15,4.91428E+16
46687,8.17051E+18,8,1,19,90,2017,5,14,5,3,2,6,0,1,0,0,0,0,0,5.30042E+20,5.40691E+21,9.40922E+15,4.88144E+16
46688,8.17051E+18,8,2,26,9,2017,5,1,1,3,9,1,0,1,0,0,0,2,1,4.63999E+20,5.47088E+21,8.50391E+15,4.93895E+16
46689,8.17051E+18,8,1,19,44,2017,5,7,5,3,5,3,0,1,0,1,0,0,0,5.42656E+20,5.42263E+21,9.58266E+15,4.89551E+16
46690,8.17051E+18,8,2,26,28,2017,5,1,1,3,0,7,0,1,0,0,0,2,0,4.70134E+20,5.48291E+21,8.58755E+15,4.94981E+16
46691,8.17051E+18,8,1,19,90,2017,5,15,5,3,2,6,0,1,0,0,0,0,0,5.32134E+20,5.40623E+21,9.43765E+15,4.88082E+16
46692,8.17051E+18,8,2,22,0,2017,5,16,1,3,0,1,0,0,0,1,0,0,1,4.64917E+20,5.48191E+21,8.51559E+15,4.94888E+16
46693,8.17051E+18,8,2,16,15,2017,5,22,1,2,0,7,0,0,0,1,0,2,0,4.55244E+20,5.41005E+21,8.39002E+15,4.88418E+16
46694,8.17051E+18,8,1,25,102,2017,5,9,1,3,9,7,0,1,0,0,0,0,0,5.25913E+20,5.44535E+21,9.35543E+15,4.91604E+16
46695,8.17051E+18,8,1,19,91,2017,5,18,5,1,2,6,0,1,0,1,0,0,0,5.31818E+20,5.40388E+21,9.43317E+15,4.87871E+16
46696,8.17051E+18,8,1,18,48,2017,5,8,5,2,2,6,0,1,0,0,0,0,0,5.15491E+20,5.41444E+21,9.2113E+15,4.88827E+16
46697,8.17051E+18,8,1,18,48,2017,5,11,5,3,5,3,0,1,0,0,0,0,0,5.12514E+20,5.41696E+21,9.17076E+15,4.89055E+16
46698,8.17051E+18,8,1,18,48,2017,5,15,5,3,3,6,0,0,0,1,1,0,0,5.12246E+20,5.41773E+21,9.16714E+15,4.89124E+16
46699,8.17051E+18,8,1,18,48,2017,5,16,5,3,1,6,0,1,0,0,0,0,0,5.11618E+20,5.41846E+21,9.15859E+15,4.8919E+16
46700,8.17051E+18,8,1,25,103,2017,5,16,1,2,8,1,0,1,0,0,0,0,0,5.30077E+20,5.46347E+21,9.4139E+15,4.93232E+16
46701,8.17051E+18,8,1,15,28,2017,5,12,1,3,2,6,0,1,0,0,0,0,0,5.01412E+20,5.40279E+21,9.01922E+15,4.87781E+16
46702,8.17051E+18,8,4,16,36,2017,5,19,1,3,2,6,0,1,0,0,0,1,0,4.91975E+20,5.37608E+21,8.89129E+15,4.85378E+16
46703,8.17051E+18,8,1,15,4,2017,5,12,1,2,5,2,1,1,0,0,0,0,0,4.88423E+20,5.37401E+21,8.84323E+15,4.85191E+16
46704,8.17051E+18,8,1,11,0,2017,5,19,1,3,2,6,0,1,0,0,0,0,1,5.10334E+20,5.39529E+21,9.14048E+15,4.87105E+16
46705,8.17051E+18,8,1,15,42,2017,5,2,1,3,9,1,0,1,0,0,0,2,1,4.96269E+20,5.40511E+21,8.94919E+15,4.8799E+16
46706,8.17051E+18,8,1,36,82,2017,5,12,1,3,3,1,0,1,0,0,0,0,1,5.8656E+20,5.41708E+21,1.01811E+16,4.89006E+16
46707,8.17051E+18,8,1,35,19,2017,5,16,1,3,2,6,0,1,0,0,0,0,0,5.85501E+20,5.39003E+21,1.0161E+16,4.86574E+16
46708,8.17051E+18,8,1,28,138,2017,5,17,1,2,8,1,0,1,0,0,0,0,1,5.40087E+20,5.47938E+21,9.55325E+15,4.94658E+16
46709,8.17051E+18,8,1,27,43,2017,5,18,1,2,3,6,0,1,0,1,0,0,0,5.69424E+20,5.44616E+21,9.9523E+15,4.91643E+16
46710,8.17051E+18,8,1,25,13,2017,5,21,1,2,8,1,0,0,0,1,0,1,0,5.06286E+20,5.43347E+21,9.08604E+15,4.90541E+16
46711,8.17051E+18,8,1,18,47,2017,5,7,5,3,1,6,0,1,0,0,0,0,0,5.07358E+20,5.42587E+21,9.10056E+15,4.89857E+16
46712,8.17051E+18,8,1,16,19,2017,5,14,5,3,2,2,0,1,0,0,0,0,0,5.23394E+20,5.39624E+21,9.31806E+15,4.87188E+16
46713,8.17051E+18,8,1,25,5,2017,5,13,1,3,1,6,0,1,0,0,0,0,0,5.1576E+20,5.45284E+21,9.21646E+15,4.92282E+16
46714,8.17051E+18,8,1,21,0,2017,5,14,1,3,2,6,0,1,0,0,0,0,0,5.18245E+20,5.44424E+21,9.2502E+15,4.91507E+16
46715,8.17051E+18,8,1,19,84,2017,5,17,1,3,5,2,0,1,0,0,0,0,0,5.46132E+20,5.41247E+21,9.629E+15,4.88635E+16
46716,8.17051E+18,8,1,19,8,2017,5,18,1,3,2,6,0,1,0,0,0,0,0,5.31493E+20,5.41814E+21,9.42984E+15,4.89154E+16
46717,8.17051E+18,8,1,17,51,2017,5,21,1,3,4,2,0,1,0,0,0,0,0,5.42833E+20,5.39511E+21,9.58222E+15,4.87076E+16
46718,8.17051E+18,8,1,16,70,2017,5,12,1,3,9,1,1,0,0,0,0,0,0,5.39566E+20,5.3811E+21,9.53647E+15,4.85817E+16
46719,8.17051E+18,8,1,15,28,2017,5,19,1,3,2,6,0,1,0,0,0,0,0,4.99406E+20,5.40368E+21,8.99191E+15,4.87861E+16
46720,8.17051E+18,8,1,11,0,2017,5,4,1,3,3,1,0,1,0,0,0,2,0,5.15559E+20,5.40495E+21,9.21186E+15,4.87973E+16
46721,8.17051E+18,8,1,11,0,2017,5,19,1,3,9,1,0,1,0,0,0,0,0,5.17049E+20,5.40351E+21,9.23209E+15,4.87844E+16
46722,8.17051E+18,8,4,37,88,2017,5,10,7,3,8,1,0,1,0,0,0,0,0,5.16567E+20,5.30765E+21,9.22175E+15,4.79219E+16
46723,8.17051E+18,8,1,16,71,2017,5,7,5,3,0,7,1,1,0,0,0,0,0,5.28059E+20,5.39106E+21,9.38113E+15,4.8672E+16
46724,8.17051E+18,8,4,36,64,2017,5,13,7,2,2,6,0,1,0,0,1,0,0,5.39958E+20,5.28963E+21,9.53319E+15,4.77588E+16
46725,8.17051E+18,8,1,11,0,2017,5,16,5,3,0,6,1,1,0,0,0,0,0,5.12504E+20,5.40233E+21,9.17018E+15,4.87738E+16
46726,8.17051E+18,8,4,36,94,2017,5,20,7,3,2,6,0,1,0,1,0,0,0,5.71943E+20,5.28058E+21,9.95844E+15,4.76746E+16
46727,8.17051E+18,8,1,11,0,2017,5,15,5,3,5,3,1,1,0,0,0,0,0,5.13034E+20,5.39987E+21,9.17732E+15,4.87517E+16
46728,8.17051E+18,8,4,35,52,2017,5,18,7,3,8,1,1,0,0,0,0,0,0,5.21609E+20,5.29147E+21,9.28843E+15,4.77762E+16
46729,8.17051E+18,8,1,11,0,2017,5,9,5,3,2,7,0,1,0,0,0,0,0,5.12735E+20,5.40014E+21,9.17326E+15,4.87541E+16
46730,8.17051E+18,8,4,35,52,2017,5,10,7,3,0,6,0,0,0,1,0,0,0,5.20938E+20,5.29174E+21,9.27949E+15,4.77786E+16
46731,8.17051E+18,8,1,11,0,2017,5,17,5,3,2,6,0,1,0,0,0,0,0,5.11623E+20,5.40197E+21,9.15818E+15,4.87706E+16
46732,8.17051E+18,8,4,35,16,2017,5,9,7,3,0,7,1,0,0,0,0,0,0,5.37127E+20,5.28178E+21,9.49474E+15,4.76884E+16
46733,8.17051E+18,8,4,37,101,2017,5,16,7,3,8,1,0,1,0,0,1,0,1,5.24557E+20,5.32668E+21,9.3298E+15,4.80929E+16
46734,8.17051E+18,8,4,25,141,2017,5,19,7,3,2,6,0,1,0,0,0,0,0,5.64033E+20,5.36287E+21,9.86538E+15,4.84157E+16
46735,8.17051E+18,8,4,16,36,2017,5,18,7,3,2,6,0,1,0,0,0,0,0,4.93279E+20,5.37106E+21,8.90903E+15,4.84926E+16
46736,8.17051E+18,8,4,15,73,2017,5,15,7,2,8,1,0,0,0,1,0,0,1,5.22574E+20,5.34793E+21,9.30429E+15,4.82842E+16
46737,8.17051E+18,8,4,16,41,2017,5,0,7,2,9,1,0,0,0,1,0,2,0,5.06425E+20,5.37318E+21,9.087E+15,4.85117E+16
46738,8.17051E+18,8,4,37,88,2017,5,15,4,3,2,6,0,1,0,1,0,0,0,5.18954E+20,5.30782E+21,9.25372E+15,4.79234E+16
46739,8.17051E+18,8,2,22,0,2017,5,17,7,3,5,3,0,1,0,0,0,0,1,4.65051E+20,5.48188E+21,8.51744E+15,4.94885E+16
46740,8.17051E+18,8,4,36,55,2017,5,5,4,3,9,7,0,1,0,0,0,1,0,5.77599E+20,5.30261E+21,1.00377E+16,4.78722E+16
46741,8.17051E+18,8,4,35,36,2017,5,6,4,3,2,6,1,1,0,0,0,0,0,5.21234E+20,5.28298E+21,9.28301E+15,4.76998E+16
46742,8.17051E+18,8,4,26,21,2017,5,14,4,3,5,3,0,1,0,0,0,0,0,5.58863E+20,5.32698E+21,9.79052E+15,4.80934E+16
46743,8.17051E+18,8,4,25,141,2017,5,17,4,2,2,6,0,1,0,0,0,0,0,5.6489E+20,5.36283E+21,9.87695E+15,4.84153E+16
46744,8.17051E+18,8,4,25,33,2017,5,8,4,3,5,3,0,1,0,0,0,0,0,5.43896E+20,5.34501E+21,9.59139E+15,4.82567E+16
46745,8.17051E+18,8,4,25,71,2017,5,18,4,3,5,3,0,1,0,0,0,0,0,5.52602E+20,5.36746E+21,9.71149E+15,4.84581E+16
46746,8.17051E+18,8,4,16,36,2017,5,18,4,3,2,6,0,1,0,0,0,0,0,4.95031E+20,5.3678E+21,8.93278E+15,4.84633E+16
46747,8.17051E+18,8,4,16,36,2017,5,14,4,3,5,3,0,1,0,0,1,0,0,4.83429E+20,5.37422E+21,8.77559E+15,4.85209E+16
46748,8.17051E+18,8,4,15,85,2017,5,15,4,2,4,1,0,1,0,1,0,0,0,5.33557E+20,5.34557E+21,9.45215E+15,4.82625E+16
46749,8.17051E+18,8,4,15,61,2017,5,13,7,3,2,6,0,1,0,0,0,0,0,5.15125E+20,5.37094E+21,9.20471E+15,4.84914E+16
46750,8.17051E+18,8,4,15,89,2017,5,13,7,3,3,2,0,1,0,1,0,0,0,5.23292E+20,5.35822E+21,9.31454E+15,4.83767E+16
46751,8.17051E+18,8,3,36,91,2017,5,15,7,3,3,6,0,1,0,0,1,0,0,3.9257E+20,5.27645E+21,7.56994E+15,4.76326E+16
46752,8.17051E+18,8,3,37,106,2017,5,20,7,3,2,6,0,1,0,0,0,0,0,4.56348E+20,5.28441E+21,8.41805E+15,4.77116E+16
46753,8.17051E+18,8,3,37,118,2017,5,11,7,2,8,1,0,0,0,1,0,0,0,4.38018E+20,5.28072E+21,8.17424E+15,4.76769E+16
46754,8.17051E+18,8,3,36,43,2017,5,16,7,3,3,6,0,1,0,0,0,0,0,4.01151E+20,5.27136E+21,7.68528E+15,4.75881E+16
46755,8.17051E+18,8,4,37,53,2017,5,8,7,1,8,7,0,1,0,0,0,0,0,5.30036E+20,5.31924E+21,9.40285E+15,4.80258E+16
46756,8.17051E+18,8,3,25,72,2017,5,22,7,2,6,4,0,1,1,0,0,2,0,4.70475E+20,5.32913E+21,8.60332E+15,4.81148E+16
46757,8.17051E+18,8,3,27,7,2017,5,9,7,2,9,1,0,1,0,0,0,0,0,4.878E+20,5.32697E+21,8.83614E+15,4.80959E+16
46758,8.17051E+18,8,3,17,113,2017,5,2,7,3,2,6,0,1,0,0,0,2,0,4.07528E+20,5.3438E+21,7.75453E+15,4.82407E+16
46759,8.17051E+18,8,3,17,26,2017,5,14,7,2,9,1,0,0,0,1,0,0,0,4.19666E+20,5.34196E+21,7.91834E+15,4.82258E+16
46760,8.17051E+18,8,3,16,20,2017,5,13,7,2,5,3,1,1,0,0,0,0,0,4.04827E+20,5.33895E+21,7.71926E+15,4.81966E+16
46761,8.17051E+18,8,3,37,53,2017,5,12,4,2,0,1,1,0,0,0,0,0,0,4.52152E+20,5.26875E+21,8.36383E+15,4.75704E+16
46762,8.17051E+18,8,3,15,8,2017,5,16,7,3,4,2,0,1,0,1,0,0,0,4.02515E+20,5.3009E+21,7.69681E+15,4.78541E+16
46763,8.17051E+18,8,2,22,0,2017,5,19,7,3,9,1,0,1,0,0,0,0,1,4.68182E+20,5.48526E+21,8.56039E+15,4.95192E+16
46764,8.17051E+18,8,3,36,81,2017,5,20,4,3,4,1,1,0,0,1,0,1,0,4.13155E+20,5.27912E+21,7.84336E+15,4.76597E+16
46765,8.17051E+18,8,2,12,0,2017,5,13,7,3,6,4,0,1,1,0,0,0,0,4.55717E+20,5.42801E+21,8.39452E+15,4.90034E+16
46766,8.17051E+18,8,3,35,1,2017,5,18,4,3,2,6,0,1,0,0,0,0,0,4.88926E+20,5.29886E+21,8.85199E+15,4.7843E+16
46767,8.17051E+18,8,2,37,73,2017,5,13,7,3,9,1,0,0,0,1,0,0,0,4.60826E+20,5.37805E+21,8.46913E+15,4.85543E+16
46768,8.17051E+18,8,2,35,33,2017,5,18,7,3,8,1,0,0,0,1,0,0,0,4.59869E+20,5.4055E+21,8.4535E+15,4.88012E+16
46769,8.17051E+18,8,2,31,0,2017,5,18,7,2,1,1,0,1,0,0,0,0,1,4.85129E+20,5.41154E+21,8.79726E+15,4.88566E+16
46770,8.17051E+18,8,3,35,43,2017,5,18,4,3,5,2,1,1,0,0,0,0,0,5.1355E+20,5.27944E+21,9.18049E+15,4.76682E+16
46771,8.17053E+18,8,3,16,10,2017,5,18,6,2,3,6,0,1,0,1,0,0,0,4.31929E+20,5.33829E+21,8.08401E+15,4.81942E+16
46772,8.17053E+18,8,3,15,130,2017,5,12,6,3,4,6,0,1,0,1,0,0,0,4.13675E+20,5.30331E+21,7.84548E+15,4.78773E+16
46773,8.17053E+18,8,3,15,59,2017,5,17,6,2,5,3,0,1,0,1,0,0,0,3.97403E+20,5.32149E+21,7.62359E+15,4.80384E+16
46774,8.17053E+18,8,2,15,107,2017,5,10,6,2,5,3,1,1,0,0,0,0,0,4.63015E+20,5.4553E+21,8.4918E+15,4.92493E+16
46775,8.17052E+18,8,3,15,113,2017,5,16,3,3,2,6,0,1,0,0,1,0,0,4.38004E+20,5.30657E+21,8.17035E+15,4.79094E+16
46776,8.17052E+18,8,3,15,74,2017,5,17,3,3,1,6,0,1,0,1,0,0,0,3.95252E+20,5.29539E+21,7.60108E+15,4.78033E+16
46777,8.17052E+18,8,3,15,94,2017,5,17,3,1,4,6,0,1,0,0,0,0,0,4.31741E+20,5.3133E+21,8.08548E+15,4.79694E+16
46778,8.17052E+18,8,2,12,0,2017,5,11,4,3,3,2,0,1,0,0,1,0,0,4.54387E+20,5.42693E+21,8.37646E+15,4.89935E+16
46779,8.17053E+18,8,2,12,0,2017,5,16,6,2,5,2,0,1,0,0,0,0,0,4.52671E+20,5.42918E+21,8.35275E+15,4.90137E+16
46780,8.17053E+18,8,2,35,50,2017,5,17,6,3,8,7,0,0,0,0,1,0,0,4.6793E+20,5.39244E+21,8.56429E+15,4.86842E+16
46781,8.17053E+18,8,2,31,0,2017,5,5,6,3,9,1,0,1,0,0,0,1,0,4.76767E+20,5.41744E+21,8.68293E+15,4.89095E+16
46782,8.17053E+18,8,2,25,60,2017,5,17,6,2,4,6,0,1,0,1,0,0,0,5.07986E+20,5.48912E+21,9.11042E+15,4.95547E+16
46783,8.17053E+18,8,2,21,0,2017,5,13,6,3,3,6,1,1,0,0,0,0,0,4.77562E+20,5.47406E+21,8.69062E+15,4.94188E+16
46784,8.17052E+18,8,3,15,131,2017,5,10,3,3,2,2,0,1,0,0,1,0,0,4.0474E+20,5.30806E+21,7.72497E+15,4.79188E+16
46785,8.17052E+18,8,2,11,0,2017,5,13,4,1,2,6,0,0,0,1,0,0,0,4.41307E+20,5.40573E+21,8.20072E+15,4.88018E+16
46786,8.17053E+18,8,1,25,49,2017,5,18,7,3,5,3,0,1,0,1,0,0,0,5.01403E+20,5.45029E+21,9.01926E+15,4.92054E+16
46787,8.17052E+18,8,2,36,46,2017,5,15,3,2,2,6,0,1,0,0,0,0,0,4.83835E+20,5.41659E+21,8.77943E+15,4.8902E+16
46788,8.17052E+18,8,4,16,36,2017,5,14,4,3,2,6,0,1,0,0,1,0,0,4.89835E+20,5.37336E+21,8.86237E+15,4.85133E+16
46789,8.17052E+18,8,2,15,9,2017,5,18,3,2,8,7,0,0,0,1,0,0,0,4.71265E+20,5.44384E+21,8.60598E+15,4.91467E+16
46790,8.17053E+18,8,2,15,99,2017,5,17,7,3,8,1,0,0,0,1,0,0,0,4.60264E+20,5.44374E+21,8.45515E+15,4.91452E+16
46791,8.17052E+18,8,2,12,0,2017,5,15,3,3,3,6,0,1,0,0,1,0,0,4.60013E+20,5.42813E+21,8.45325E+15,4.90048E+16