OBJECTID,UIDENTSTLA,ULAND,UREGBEZ,UKREIS,UGEMEINDE,UJAHR,UMONAT,USTUNDE,UWOCHENTAG,UKATEGORIE,UART,UTYP1,IstRad,IstPKW,IstFuss,IstKrad,IstSonstig,LICHT,STRZUSTAND,LINREFX,LINREFY,XGCSWGS84,YGCSWGS84
46792,8.17052E+18,8,1,15,15,2017,5,15,4,2,5,3,1,0,0,1,0,0,0,4.90958E+20,5.39063E+21,8.87719E+15,4.86686E+16
46793,8.17052E+18,8,2,37,19,2017,5,7,3,3,2,6,0,1,0,0,0,0,0,4.61368E+20,5.36851E+21,8.47737E+15,4.84685E+16
46794,8.17052E+18,8,2,35,85,2017,5,6,3,2,8,1,0,1,0,0,0,0,0,4.76539E+20,5.39701E+21,8.68099E+15,4.87257E+16
46795,8.17052E+18,8,4,16,36,2017,5,13,4,3,2,6,0,1,0,0,0,0,0,4.90182E+20,5.37354E+21,8.86705E+15,4.85149E+16
46796,8.17052E+18,8,2,35,6,2017,5,19,3,2,8,1,0,0,0,1,0,0,0,4.68929E+20,5.381E+21,8.57872E+15,4.85813E+16
46797,8.17052E+18,8,2,36,76,2017,5,18,3,2,3,2,0,1,0,1,0,0,0,4.70759E+20,5.42427E+21,8.60046E+15,4.89706E+16
46798,8.17052E+18,8,2,36,43,2017,5,15,3,3,3,6,0,1,0,1,0,0,0,4.69189E+20,5.40714E+21,8.58029E+15,4.88165E+16
46799,8.17052E+18,8,2,26,41,2017,5,16,3,3,2,6,0,1,0,0,0,0,0,4.77255E+20,5.46624E+21,8.68685E+15,4.93484E+16
46800,8.17052E+18,8,2,22,0,2017,5,18,3,3,1,5,1,1,0,0,0,0,0,4.65422E+20,5.48061E+21,8.52267E+15,4.94772E+16
46801,8.17052E+18,8,2,22,0,2017,5,15,3,3,5,3,1,1,0,0,0,0,0,4.62939E+20,5.4829E+21,8.48819E+15,4.94976E+16
46802,8.17052E+18,8,2,22,0,2017,5,12,3,3,1,6,0,1,0,0,0,0,0,4.6368E+20,5.47768E+21,8.49889E+15,4.94507E+16
46803,8.17053E+18,8,2,21,0,2017,5,14,6,3,5,3,0,1,0,1,0,0,0,4.77589E+20,5.47322E+21,8.69105E+15,4.94112E+16
46804,8.17052E+18,8,2,21,0,2017,5,17,3,3,2,6,0,1,0,0,0,0,0,4.77362E+20,5.4687E+21,8.68818E+15,4.93705E+16
46805,8.17052E+18,8,2,21,0,2017,5,13,3,3,3,6,1,0,0,0,0,0,0,4.77727E+20,5.47324E+21,8.69295E+15,4.94114E+16
46806,8.17053E+18,8,2,26,12,2017,5,20,6,2,5,3,0,1,0,1,0,2,0,4.76417E+20,5.47702E+21,8.67466E+15,4.94454E+16
46807,8.17052E+18,8,2,15,109,2017,5,13,3,3,4,6,1,0,0,0,0,0,0,4.63277E+20,5.43404E+21,8.49734E+15,4.90582E+16
46808,8.17052E+18,8,2,12,0,2017,5,17,3,3,2,6,0,1,0,0,0,0,0,4.55788E+20,5.43121E+21,8.39515E+15,4.90322E+16
46809,8.17052E+18,8,2,15,110,2017,5,17,3,3,4,6,1,0,0,0,0,0,0,4.61481E+20,5.42029E+21,8.47406E+15,4.89343E+16
46810,8.17052E+18,8,1,25,102,2017,5,0,3,3,8,1,0,1,0,0,0,2,0,5.22116E+20,5.44402E+21,9.30328E+15,4.91486E+16
46811,8.17052E+18,8,1,11,0,2017,5,6,3,3,2,6,0,0,0,0,1,0,0,5.05594E+20,5.39657E+21,9.07606E+15,4.87222E+16
46812,8.17052E+18,8,1,27,100,2017,5,15,3,2,8,1,1,0,0,0,0,0,0,5.53578E+20,5.43753E+21,9.73382E+15,4.90883E+16
46813,8.17052E+18,8,1,25,13,2017,5,23,3,2,8,1,0,1,0,0,0,2,0,5.07574E+20,5.43725E+21,9.10373E+15,4.90881E+16
46814,8.17052E+18,8,1,21,0,2017,5,13,3,2,0,7,1,0,0,0,0,0,0,5.16452E+20,5.44194E+21,9.22552E+15,4.91301E+16
46815,8.17052E+18,8,1,25,98,2017,5,17,3,2,4,1,0,1,0,1,0,0,0,5.25197E+20,5.43708E+21,9.34509E+15,4.90861E+16
46816,8.17052E+18,8,1,25,110,2017,5,21,3,3,5,3,0,1,0,0,1,1,0,5.26233E+20,5.44229E+21,9.35962E+15,4.91328E+16
46817,8.17052E+18,8,1,19,85,2017,5,9,3,2,5,3,0,1,0,0,0,0,0,5.28822E+20,5.41244E+21,9.39299E+15,4.88642E+16
46818,8.17052E+18,8,1,19,76,2017,5,17,3,3,2,6,0,1,0,0,0,0,0,5.408E+20,5.40704E+21,9.55577E+15,4.8815E+16
46819,8.17053E+18,8,2,16,63,2017,5,23,6,3,4,6,1,0,0,0,0,2,0,4.2785E+20,5.40027E+21,8.01844E+15,4.87513E+16
46820,8.17052E+18,8,1,19,67,2017,5,11,3,3,2,6,0,1,0,0,0,0,0,5.39889E+20,5.40888E+21,9.54353E+15,4.88316E+16
46821,8.17053E+18,8,2,16,43,2017,5,17,6,3,2,6,0,1,0,1,0,0,0,4.41601E+20,5.41115E+21,8.20395E+15,4.88506E+16
46822,8.17052E+18,8,1,18,54,2017,5,11,3,3,2,6,0,1,0,0,0,0,0,5.17896E+20,5.4227E+21,9.24446E+15,4.89569E+16
46823,8.17053E+18,8,2,15,107,2017,5,20,6,2,1,5,1,1,0,0,0,0,0,4.62664E+20,5.45634E+21,8.48687E+15,4.92587E+16
46824,8.17052E+18,8,1,18,51,2017,5,18,3,3,4,6,0,1,0,0,1,0,0,5.09859E+20,5.41401E+21,9.13446E+15,4.8879E+16
46825,8.17053E+18,8,2,15,101,2017,5,22,6,3,9,7,0,1,0,0,0,2,0,4.6672E+20,5.42587E+21,8.54514E+15,4.89848E+16
46826,8.17053E+18,8,2,11,0,2017,5,17,6,3,5,2,0,1,0,0,1,0,0,4.41576E+20,5.40365E+21,8.20468E+15,4.87831E+16
46827,8.17053E+18,8,2,11,0,2017,5,15,6,3,0,4,0,0,1,0,1,0,0,4.425E+20,5.40309E+21,8.21733E+15,4.87781E+16
46828,8.17052E+18,8,1,15,3,2017,5,17,4,3,2,6,0,1,0,0,0,0,0,4.97417E+20,5.39162E+21,8.96491E+15,4.86776E+16
46829,8.17053E+18,8,2,16,49,2017,5,13,6,1,8,7,0,0,0,0,1,0,0,4.36719E+20,5.40184E+21,8.13884E+15,4.87663E+16
46830,8.17053E+18,8,2,16,13,2017,5,11,6,3,8,1,0,0,0,1,0,0,0,4.5296E+20,5.39057E+21,8.36112E+15,4.86664E+16
46831,8.17053E+18,8,1,36,19,2017,5,12,6,2,4,1,0,1,0,1,0,0,0,5.90468E+20,5.42307E+21,1.02357E+16,4.89539E+16
46832,8.17053E+18,8,1,35,19,2017,5,23,6,3,0,1,1,0,0,0,0,2,0,5.84904E+20,5.3923E+21,1.01534E+16,4.8678E+16
46833,8.17053E+18,8,4,17,75,2017,5,14,6,3,0,5,0,1,0,1,0,0,0,5.08324E+20,5.33627E+21,9.11197E+15,4.81797E+16
46834,8.17052E+18,8,1,17,20,2017,5,13,3,2,0,1,1,0,0,0,0,0,0,5.49756E+20,5.39013E+21,9.67571E+15,4.86622E+16
46835,8.17053E+18,8,1,16,77,2017,5,18,7,3,2,6,0,1,0,1,0,0,0,5.16104E+20,5.39229E+21,9.21879E+15,4.86835E+16
46836,8.17052E+18,8,1,16,80,2017,5,15,3,3,2,6,0,1,0,0,0,0,0,5.225E+20,5.39478E+21,9.30582E+15,4.87057E+16
46837,8.17052E+18,8,1,15,42,2017,5,20,4,3,2,6,0,1,0,0,0,1,0,4.95619E+20,5.40535E+21,8.94034E+15,4.88011E+16
46838,8.17052E+18,8,1,16,78,2017,5,16,3,3,0,1,1,0,0,0,0,0,0,5.09779E+20,5.39337E+21,9.13288E+15,4.86933E+16
46839,8.17053E+18,8,1,26,66,2017,5,17,7,2,5,3,0,1,0,1,0,0,0,5.36866E+20,5.45E+21,9.50608E+15,4.92017E+16
46840,8.17052E+18,8,1,15,3,2017,5,13,3,3,0,7,1,0,0,0,0,0,0,5.00701E+20,5.39246E+21,9.00953E+15,4.86852E+16
46841,8.17052E+18,8,1,36,21,2017,5,16,4,3,2,6,0,1,0,0,1,0,0,5.74988E+20,5.40789E+21,1.00216E+16,4.88194E+16
46842,8.17052E+18,8,1,11,0,2017,5,12,3,3,6,4,0,1,1,0,0,0,0,5.15378E+20,5.40592E+21,9.20944E+15,4.88061E+16
46843,8.17052E+18,8,1,35,19,2017,5,17,4,3,1,1,0,1,0,0,0,0,0,5.84898E+20,5.3923E+21,1.01533E+16,4.8678E+16
46844,8.17052E+18,8,1,11,0,2017,5,8,3,3,1,5,1,1,0,0,0,0,0,5.1599E+20,5.3988E+21,9.21749E+15,4.8742E+16
46845,8.17052E+18,8,1,28,82,2017,5,16,4,3,4,6,0,1,0,0,1,0,0,5.61977E+20,5.47042E+21,9.85393E+15,4.93834E+16
46846,8.17052E+18,8,4,36,9,2017,5,15,2,3,5,3,0,1,0,0,1,0,0,5.55608E+20,5.31267E+21,9.74496E+15,4.7965E+16
46847,8.17052E+18,8,4,36,9,2017,5,7,2,3,2,6,0,1,0,0,0,0,0,5.54219E+20,5.30533E+21,9.72543E+15,4.7899E+16
46848,8.17052E+18,8,4,36,52,2017,5,19,2,3,0,7,1,0,0,0,0,0,0,5.70427E+20,5.29188E+21,9.94007E+15,4.77764E+16
46849,8.17052E+18,8,4,36,79,2017,5,16,2,3,0,2,0,1,0,1,0,0,0,5.54396E+20,5.28844E+21,9.72568E+15,4.7747E+16
46850,8.17053E+18,8,1,27,47,2017,5,16,7,2,8,1,0,0,0,1,0,0,0,5.61785E+20,5.45344E+21,9.84865E+15,4.92307E+16
46851,8.17052E+18,8,4,35,34,2017,5,17,2,3,6,4,0,1,1,0,0,0,0,5.28858E+20,5.28537E+21,9.3848E+15,4.7721E+16
46852,8.17052E+18,8,1,28,126,2017,5,16,4,3,2,2,0,1,0,1,0,0,0,5.66514E+20,5.48084E+21,9.91817E+15,4.94766E+16
46853,8.17052E+18,8,4,35,16,2017,5,8,2,3,0,7,1,0,0,0,0,0,0,5.32128E+20,5.28039E+21,9.42803E+15,4.76761E+16
46854,8.17052E+18,8,4,35,16,2017,5,16,2,3,4,2,1,1,0,0,0,0,0,5.32616E+20,5.27873E+21,9.43441E+15,4.76611E+16
46855,8.17052E+18,8,1,28,14,2017,5,20,4,2,5,3,0,1,0,0,0,0,0,5.44363E+20,5.47892E+21,9.6122E+15,4.94613E+16
46856,8.17052E+18,8,4,26,87,2017,5,19,2,3,2,6,0,1,0,1,0,0,0,5.70588E+20,5.32479E+21,9.94761E+15,4.80725E+16
46857,8.17052E+18,8,4,17,13,2017,5,14,2,3,1,6,0,1,0,0,0,0,0,5.08017E+20,5.34848E+21,9.10808E+15,4.82895E+16
46858,8.17052E+18,8,1,27,76,2017,5,11,4,3,2,6,0,1,0,0,0,0,0,5.53418E+20,5.44048E+21,9.73202E+15,4.91148E+16
46859,8.17052E+18,8,4,17,8,2017,5,17,2,3,2,6,0,1,0,0,0,0,0,4.96729E+20,5.34824E+21,8.9559E+15,4.82873E+16
46860,8.17052E+18,8,4,17,16,2017,5,15,2,3,2,6,0,1,0,0,1,0,0,4.8405E+20,5.34157E+21,8.78524E+15,4.82271E+16
46861,8.17052E+18,8,4,17,54,2017,5,17,2,3,5,3,1,0,0,0,1,0,0,4.78125E+20,5.3458E+21,8.70524E+15,4.8265E+16
46862,8.17052E+18,8,4,17,79,2017,5,10,2,3,0,1,1,0,0,0,0,0,0,5.00728E+20,5.34437E+21,9.0098E+15,4.82525E+16
46863,8.17052E+18,8,4,16,41,2017,5,18,2,3,1,6,0,1,0,0,1,0,0,5.03142E+20,5.37424E+21,9.04255E+15,4.85213E+16
46864,8.17052E+18,8,4,16,41,2017,5,18,2,3,2,6,0,1,0,0,0,0,0,5.04612E+20,5.37366E+21,9.06246E+15,4.85161E+16
46865,8.17053E+18,8,4,26,21,2017,5,23,6,2,9,1,0,1,0,0,0,2,0,5.53978E+20,5.32533E+21,9.72472E+15,4.8079E+16
46866,8.17052E+18,8,4,15,61,2017,5,12,2,3,2,6,0,1,0,0,0,0,0,5.1519E+20,5.371E+21,9.20559E+15,4.8492E+16
46867,8.17053E+18,8,1,35,19,2017,5,21,6,2,5,3,0,1,0,1,0,1,0,5.84775E+20,5.39245E+21,1.01517E+16,4.86793E+16
46868,8.17052E+18,8,3,11,0,2017,5,22,2,3,2,6,0,1,0,0,0,2,0,4.05393E+20,5.31473E+21,7.73224E+15,4.79789E+16
46869,8.17052E+18,8,3,37,116,2017,5,16,2,3,4,6,0,1,0,1,0,0,0,4.19323E+20,5.27957E+21,7.92542E+15,4.76645E+16
46870,8.17052E+18,8,3,37,30,2017,5,15,2,3,4,1,0,0,0,1,1,0,0,4.64977E+20,5.27617E+21,8.53375E+15,4.7638E+16
46871,8.17052E+18,8,3,37,106,2017,5,17,2,3,2,3,0,1,0,1,0,0,0,4.54586E+20,5.29269E+21,8.3937E+15,4.7786E+16
46872,8.17052E+18,8,3,35,61,2017,5,15,2,2,8,1,1,0,0,0,0,0,0,4.96488E+20,5.27977E+21,8.95322E+15,4.76713E+16
46873,8.17053E+18,8,4,25,62,2017,5,17,6,2,5,3,0,1,0,0,1,0,0,5.72327E+20,5.37599E+21,9.97973E+15,4.85328E+16
46874,8.17052E+18,8,1,27,100,2017,5,7,4,3,2,2,0,1,0,0,0,0,0,5.52954E+20,5.43543E+21,9.725E+15,4.90694E+16
46875,8.17053E+18,8,1,28,137,2017,5,17,6,3,0,6,0,1,0,1,0,0,0,5.6148E+20,5.49697E+21,9.8512E+15,4.96222E+16
46876,8.17052E+18,8,1,21,0,2017,5,20,4,3,5,2,1,1,0,0,0,0,1,5.15919E+20,5.4422E+21,9.21823E+15,4.91324E+16
46877,8.17052E+18,8,1,21,0,2017,5,12,4,3,2,6,0,1,0,1,0,0,0,5.16145E+20,5.44412E+21,9.22139E+15,4.91497E+16
46878,8.17053E+18,8,1,27,91,2017,5,16,6,3,2,6,0,1,0,0,0,0,0,5.75031E+20,5.45498E+21,1.00309E+16,4.9243E+16
46879,8.17053E+18,8,1,27,14,2017,5,14,6,3,5,3,1,1,0,0,0,0,0,5.78617E+20,5.44254E+21,1.00777E+16,4.91306E+16
46880,8.17053E+18,8,1,27,9,2017,5,15,6,2,2,6,0,1,0,0,1,0,0,5.5553E+20,5.44789E+21,9.76197E+15,4.91813E+16
46881,8.17053E+18,8,3,35,79,2017,5,15,6,3,2,6,0,1,0,0,1,0,0,5.01042E+20,5.29611E+21,9.01391E+15,4.78184E+16
46882,8.17053E+18,8,3,15,48,2017,5,8,6,3,2,6,0,1,0,0,0,0,0,3.98366E+20,5.31111E+21,7.63896E+15,4.79453E+16
46883,8.17053E+18,8,1,11,0,2017,5,17,7,3,2,6,0,1,0,0,0,0,0,5.15362E+20,5.40594E+21,9.20921E+15,4.88062E+16
46884,8.17052E+18,8,3,35,63,2017,5,17,2,3,2,2,0,1,0,0,0,0,0,4.94506E+20,5.28769E+21,8.92672E+15,4.77426E+16
46885,8.17053E+18,8,1,25,69,2017,5,19,7,3,5,3,0,1,0,1,0,0,0,5.2495E+20,5.45389E+21,9.34274E+15,4.92373E+16
46886,8.17053E+18,8,1,26,66,2017,5,11,6,3,0,7,1,0,0,0,0,0,0,5.36122E+20,5.44895E+21,9.49578E+15,4.91923E+16
46887,8.17053E+18,8,1,25,46,2017,5,14,6,2,2,6,0,1,0,0,1,0,0,5.19832E+20,5.4339E+21,9.27145E+15,4.90576E+16
46888,8.17053E+18,8,1,21,0,2017,5,11,6,2,0,7,0,0,0,1,0,0,0,5.15339E+20,5.44334E+21,9.21031E+15,4.91427E+16
46889,8.17053E+18,8,1,25,26,2017,5,18,6,2,5,3,0,1,0,1,0,0,0,4.91597E+20,5.44497E+21,8.88475E+15,4.91575E+16
46890,8.17053E+18,8,1,36,42,2017,5,11,6,3,5,3,1,1,0,0,0,0,0,5.45919E+20,5.40389E+21,9.62514E+15,4.87863E+16
46891,8.17053E+18,8,1,11,0,2017,5,13,7,2,4,6,0,1,0,0,1,0,0,5.10317E+20,5.40015E+21,9.14036E+15,4.87543E+16
46892,8.17053E+18,8,1,25,59,2017,5,14,7,3,9,1,0,0,0,1,0,0,0,5.2755E+20,5.43857E+21,9.37742E+15,4.90994E+16
46893,8.17052E+18,8,1,19,84,2017,5,8,4,3,7,7,1,0,0,0,1,0,0,5.46348E+20,5.41483E+21,9.63221E+15,4.88847E+16
46894,8.17052E+18,8,3,35,43,2017,5,7,2,3,0,1,1,0,0,0,0,0,0,5.14287E+20,5.2798E+21,9.19032E+15,4.76715E+16
46895,8.17053E+18,8,2,21,0,2017,5,11,7,2,3,6,0,1,0,1,0,0,0,4.76992E+20,5.47523E+21,8.6827E+15,4.94293E+16
46896,8.17052E+18,8,3,35,75,2017,5,7,2,2,0,1,1,0,0,0,0,0,0,4.87633E+20,5.28958E+21,8.83498E+15,4.77595E+16
46897,8.17052E+18,8,1,19,44,2017,5,23,4,2,8,1,0,1,0,0,0,2,1,5.46145E+20,5.42184E+21,9.63023E+15,4.89477E+16
46898,8.17052E+18,8,4,36,11,2017,5,15,2,3,8,3,0,1,0,1,0,0,0,5.47767E+20,5.29762E+21,9.63826E+15,4.78302E+16
46899,8.17052E+18,8,3,27,19,2017,5,7,2,3,5,3,0,1,0,0,0,0,0,4.83246E+20,5.33076E+21,8.77484E+15,4.81299E+16
46900,8.17052E+18,8,1,19,87,2017,5,12,4,3,2,6,0,1,0,0,0,0,0,5.28617E+20,5.42361E+21,9.39098E+15,4.89648E+16
46901,8.17052E+18,8,3,27,54,2017,5,7,2,3,2,6,0,1,0,0,1,0,0,4.83157E+20,5.31813E+21,8.77414E+15,4.80163E+16
46902,8.17052E+18,8,3,27,50,2017,5,20,2,3,1,7,0,1,0,0,1,0,0,4.87083E+20,5.31452E+21,8.82689E+15,4.79838E+16
46903,8.17052E+18,8,3,27,10,2017,5,17,2,3,8,1,0,0,0,1,0,0,0,4.82003E+20,5.3308E+21,8.75813E+15,4.81302E+16
46904,8.17052E+18,8,3,27,50,2017,5,17,2,1,0,1,1,0,0,0,0,0,0,4.83909E+20,5.31234E+21,8.78444E+15,4.79641E+16
46905,8.17052E+18,8,4,17,15,2017,5,15,2,1,6,4,0,0,1,0,1,0,0,4.82677E+20,5.34316E+21,8.76669E+15,4.82414E+16
46906,8.17052E+18,8,3,17,57,2017,5,17,2,2,0,7,1,0,0,0,0,0,0,4.12853E+20,5.37353E+21,7.82008E+15,4.85088E+16
46907,8.17052E+18,8,3,17,57,2017,5,7,2,3,3,6,0,1,0,1,0,0,0,4.11917E+20,5.38096E+21,7.80584E+15,4.85756E+16
46908,8.17053E+18,8,1,19,6,2017,5,8,6,3,2,6,0,1,0,0,0,0,0,5.36547E+20,5.42235E+21,9.4992E+15,4.8953E+16
46909,8.17052E+18,8,3,17,1,2017,5,9,2,3,4,6,0,1,0,0,1,0,0,4.29419E+20,5.3851E+21,8.04238E+15,4.8615E+16
46910,8.17052E+18,8,3,17,65,2017,5,17,2,2,4,7,0,1,0,0,0,0,0,4.18479E+20,5.35472E+21,7.89989E+15,4.83404E+16
46911,8.17052E+18,8,3,16,20,2017,5,23,2,2,0,1,0,1,0,0,0,2,0,4.07811E+20,5.33796E+21,7.75963E+15,4.81882E+16
46912,8.17052E+18,8,3,11,0,2017,5,19,2,3,0,7,0,1,0,1,0,0,0,4.04755E+20,5.31945E+21,7.72265E+15,4.80213E+16
46913,8.17052E+18,8,3,11,0,2017,5,9,2,3,0,7,1,0,0,0,0,0,0,4.16093E+20,5.31557E+21,7.87543E+15,4.79879E+16
46914,8.17052E+18,8,2,26,85,2017,5,7,2,3,2,6,0,0,0,0,1,0,0,4.90345E+20,5.45475E+21,8.86735E+15,4.92454E+16
46915,8.17052E+18,8,2,15,96,2017,5,18,2,3,2,6,0,1,0,0,0,0,0,4.59784E+20,5.41526E+21,8.45138E+15,4.8889E+16
46916,8.17053E+18,8,1,18,60,2017,5,12,6,3,0,3,0,1,0,1,0,0,0,5.23811E+20,5.43059E+21,9.32572E+15,4.90277E+16
46917,8.17053E+18,8,1,18,49,2017,5,17,6,3,2,2,0,1,0,0,0,0,0,5.18585E+20,5.42104E+21,9.2538E+15,4.8942E+16
46918,8.17052E+18,8,1,19,8,2017,5,17,4,2,3,2,0,1,0,1,0,0,0,5.31857E+20,5.42129E+21,9.43506E+15,4.89437E+16
46919,8.17053E+18,8,1,18,48,2017,5,15,6,3,5,3,1,1,0,0,0,0,0,5.13824E+20,5.41661E+21,9.18863E+15,4.89023E+16
46920,8.17052E+18,8,1,18,78,2017,5,11,4,3,2,6,0,1,0,0,0,0,0,5.14877E+20,5.42185E+21,9.20319E+15,4.89494E+16
46921,8.17053E+18,8,1,18,71,2017,5,1,6,3,0,7,0,0,0,0,1,2,0,5.10116E+20,5.41876E+21,9.13808E+15,4.89217E+16
46922,8.17052E+18,8,1,18,48,2017,5,11,4,3,3,7,0,1,0,0,0,0,0,5.15173E+20,5.41518E+21,9.20698E+15,4.88894E+16
46923,8.17053E+18,8,1,18,40,2017,5,11,6,3,4,6,0,1,0,0,1,0,0,5.10317E+20,5.43317E+21,9.1412E+15,4.90513E+16
46924,8.17052E+18,8,3,17,1,2017,5,6,2,3,2,6,0,1,0,0,0,0,0,4.29238E+20,5.39018E+21,8.03905E+15,4.86607E+16
46925,8.17053E+18,8,1,17,26,2017,5,16,6,3,2,6,0,1,0,1,0,0,0,5.47872E+20,5.39428E+21,9.6506E+15,4.86997E+16
46926,8.17052E+18,8,2,37,30,2017,5,10,2,3,5,3,0,1,0,0,1,0,0,4.65484E+20,5.3647E+21,8.53336E+15,4.84345E+16
46927,8.17052E+18,8,2,31,0,2017,5,12,2,3,5,3,0,1,0,0,1,0,0,4.75893E+20,5.41478E+21,8.67117E+15,4.88855E+16
46928,8.17052E+18,8,2,31,0,2017,5,9,2,2,6,2,0,0,1,0,1,0,0,4.7777E+20,5.41494E+21,8.69676E+15,4.8887E+16
46929,8.17052E+18,8,2,36,25,2017,5,23,2,2,5,3,0,1,0,1,0,2,0,4.90927E+20,5.40594E+21,8.87644E+15,4.88064E+16
46930,8.17052E+18,8,2,36,43,2017,5,6,2,2,3,6,0,1,0,1,0,0,0,4.6818E+20,5.4069E+21,8.56657E+15,4.88143E+16
46931,8.17052E+18,8,2,36,4,2017,5,17,2,3,5,3,0,1,0,0,0,0,0,4.72951E+20,5.41427E+21,8.63107E+15,4.88808E+16
46932,8.17052E+18,8,1,18,51,2017,5,7,4,2,2,6,0,0,0,0,1,0,0,5.0999E+20,5.41327E+21,9.13624E+15,4.88723E+16
46933,8.17053E+18,8,1,17,26,2017,5,20,6,2,0,1,0,0,0,1,0,0,0,5.48566E+20,5.39402E+21,9.66E+15,4.86973E+16
46934,8.17052E+18,8,4,25,79,2017,5,20,4,3,2,6,0,1,0,0,0,0,0,5.54995E+20,5.37442E+21,9.74477E+15,4.85205E+16
46935,8.17053E+18,8,1,17,26,2017,5,13,6,2,0,7,1,0,0,0,0,0,0,5.53314E+20,5.4006E+21,9.72537E+15,4.87561E+16
46936,8.17052E+18,8,1,16,71,2017,5,14,4,3,5,2,0,1,0,1,0,0,0,5.27477E+20,5.39102E+21,9.37322E+15,4.86716E+16
46937,8.17052E+18,8,1,16,77,2017,5,20,4,3,5,2,0,1,0,0,0,0,0,5.16717E+20,5.39168E+21,9.2271E+15,4.8678E+16
46938,8.17053E+18,8,1,15,28,2017,5,17,6,3,2,6,0,1,0,1,0,0,0,4.98628E+20,5.40391E+21,8.98132E+15,4.87882E+16
46939,8.17053E+18,8,1,11,0,2017,5,16,6,2,3,6,0,1,0,1,0,0,0,5.12482E+20,5.40137E+21,9.16986E+15,4.87652E+16
46940,8.17053E+18,8,1,11,0,2017,5,18,6,3,2,6,0,1,0,1,0,0,0,5.14054E+20,5.40605E+21,9.19141E+15,4.88073E+16
46941,8.17053E+18,8,3,36,45,2017,5,9,6,3,5,3,0,1,0,0,0,0,0,3.98589E+20,5.2803E+21,7.64915E+15,4.76681E+16
46942,8.17053E+18,8,4,25,71,2017,5,8,6,3,5,3,0,1,0,0,0,0,0,5.52089E+20,5.37142E+21,9.70504E+15,4.84938E+16
46943,8.17052E+18,8,2,25,75,2017,5,14,2,3,8,1,0,1,0,0,0,0,0,5.26543E+20,5.47877E+21,9.36628E+15,4.9461E+16
46944,8.17053E+18,8,1,18,80,2017,5,17,7,3,2,6,0,1,0,0,0,0,0,5.09432E+20,5.40857E+21,9.12851E+15,4.883E+16
46945,8.17052E+18,8,2,25,10,2017,5,15,2,2,8,1,0,1,0,0,0,0,0,5.06574E+20,5.46832E+21,9.09055E+15,4.93675E+16
46946,8.17052E+18,8,2,22,0,2017,5,15,2,3,2,6,0,1,0,0,0,0,0,4.60188E+20,5.48913E+21,8.44956E+15,4.95535E+16
46947,8.17053E+18,8,1,36,19,2017,5,14,7,3,5,3,0,1,0,1,0,0,0,5.87971E+20,5.41973E+21,1.02009E+16,4.89243E+16
46948,8.17052E+18,8,2,26,85,2017,5,12,2,2,4,6,0,1,0,0,0,0,0,4.88666E+20,5.45697E+21,8.84422E+15,4.92654E+16
46949,8.17052E+18,8,1,16,79,2017,5,11,4,2,4,6,0,0,0,1,1,0,0,5.36268E+20,5.3749E+21,9.49121E+15,4.85262E+16
46950,8.17052E+18,8,2,21,0,2017,5,16,2,3,6,4,0,1,1,0,0,0,0,4.77023E+20,5.47509E+21,8.68313E+15,4.94281E+16
46951,8.17052E+18,8,1,15,42,2017,5,17,4,3,0,1,0,0,0,1,0,0,0,4.93599E+20,5.40405E+21,8.91285E+15,4.87894E+16
46952,8.17052E+18,8,2,11,0,2017,5,8,2,3,1,6,0,1,0,0,0,0,0,4.36798E+20,5.39731E+21,8.14061E+15,4.87256E+16
46953,8.17052E+18,8,2,15,7,2017,5,14,2,2,5,3,0,1,0,0,0,0,0,4.79692E+20,5.43595E+21,8.72192E+15,4.9076E+16
46954,8.17052E+18,8,2,15,97,2017,5,15,2,2,2,6,0,1,0,1,0,0,0,4.82974E+20,5.44067E+21,8.76666E+15,4.91187E+16
46955,8.17052E+18,8,2,15,90,2017,5,17,2,3,2,6,0,0,0,1,1,0,0,4.65436E+20,5.4327E+21,8.52701E+15,4.90462E+16
46956,8.17052E+18,8,2,15,46,2017,5,9,2,3,5,3,0,1,0,0,0,0,0,4.50862E+20,5.41526E+21,8.32968E+15,4.88884E+16
46957,8.17052E+18,8,1,18,63,2017,5,7,2,3,2,6,0,1,0,0,0,0,0,5.14392E+20,5.42123E+21,9.19654E+15,4.89439E+16
46958,8.17052E+18,8,1,15,28,2017,5,18,2,3,2,6,0,1,0,0,0,0,0,5.01529E+20,5.40431E+21,9.02082E+15,4.87918E+16
46959,8.17052E+18,8,1,18,53,2017,5,15,2,3,1,1,0,1,0,0,1,0,0,5.17072E+20,5.42728E+21,9.23339E+15,4.89982E+16
46960,8.17052E+18,8,1,18,3,2017,5,1,2,2,8,1,0,0,0,1,0,2,0,5.095E+20,5.41811E+21,9.12966E+15,4.89158E+16
46961,8.17052E+18,8,1,36,9,2017,5,16,2,3,2,2,0,1,0,0,0,0,0,5.69057E+20,5.40568E+21,9.9404E+15,4.88002E+16
46962,8.17052E+18,8,1,36,19,2017,5,18,2,3,5,3,1,0,0,0,1,0,0,5.82269E+20,5.42455E+21,1.01241E+16,4.89684E+16
46963,8.17053E+18,8,1,11,0,2017,5,9,6,3,0,2,0,1,0,1,0,0,0,5.15936E+20,5.40372E+21,9.21696E+15,4.87863E+16
46964,8.17053E+18,8,4,35,30,2017,5,14,5,2,8,1,0,0,0,1,0,0,0,5.40658E+20,5.27263E+21,9.54094E+15,4.76058E+16
46965,8.17052E+18,8,1,27,14,2017,5,19,2,3,5,3,1,1,0,0,0,0,0,5.7835E+20,5.4434E+21,1.00742E+16,4.91384E+16