OBJECTID,UIDENTSTLA,ULAND,UREGBEZ,UKREIS,UGEMEINDE,UJAHR,UMONAT,USTUNDE,UWOCHENTAG,UKATEGORIE,UART,UTYP1,IstRad,IstPKW,IstFuss,IstKrad,IstSonstig,LICHT,STRZUSTAND,LINREFX,LINREFY,XGCSWGS84,YGCSWGS84
47139,8.17052E+18,8,1,16,54,2017,5,14,1,3,2,6,0,1,0,0,0,0,0,5.33492E+20,5.38441E+21,9.45438E+15,4.86119E+16
47140,8.17052E+18,8,1,15,45,2017,5,20,1,3,5,3,0,1,0,0,0,0,0,5.02394E+20,5.39489E+21,9.03255E+15,4.87071E+16
47141,8.17052E+18,8,1,15,53,2017,5,10,1,2,0,1,0,0,0,1,0,0,0,4.82264E+20,5.37945E+21,8.75959E+15,4.85679E+16
47142,8.17052E+18,8,1,15,10,2017,5,14,1,2,2,2,0,1,0,0,0,0,0,4.85992E+20,5.38901E+21,8.80979E+15,4.8654E+16
47143,8.17052E+18,8,1,11,0,2017,5,16,1,3,0,3,0,1,0,0,1,0,0,5.08115E+20,5.39743E+21,9.11035E+15,4.87298E+16
47144,8.17052E+18,8,1,11,0,2017,5,10,1,3,5,2,0,1,0,0,1,0,0,5.16682E+20,5.39856E+21,9.2269E+15,4.87398E+16
47145,8.17053E+18,8,2,26,10,2017,5,20,5,3,9,1,0,0,0,1,0,0,0,4.83319E+20,5.45729E+21,8.77071E+15,4.92682E+16
47146,8.17052E+18,8,3,37,32,2017,5,14,3,2,5,3,0,1,0,0,1,0,0,4.38584E+20,5.27382E+21,8.18275E+15,4.76149E+16
47147,8.17052E+18,8,1,11,0,2017,5,4,1,3,0,7,0,0,0,1,0,2,1,5.08533E+20,5.40062E+21,9.1161E+15,4.87586E+16
47148,8.17053E+18,8,2,16,33,2017,5,10,7,3,6,7,0,1,1,0,0,0,0,4.46996E+20,5.41314E+21,8.27722E+15,4.8869E+16
47149,8.17052E+18,8,3,37,126,2017,5,12,3,2,0,1,1,0,0,0,0,0,0,4.44074E+20,5.27441E+21,8.25571E+15,4.76207E+16
47150,8.17052E+18,8,4,37,100,2017,5,13,7,3,8,1,1,0,0,0,0,0,0,5.37111E+20,5.31811E+21,9.49764E+15,4.80152E+16
47151,8.17052E+18,8,4,36,55,2017,5,12,7,3,8,1,0,1,0,0,0,0,0,5.81699E+20,5.29573E+21,1.00912E+16,4.78097E+16
47152,8.17052E+18,8,4,35,13,2017,5,5,7,3,4,6,0,1,0,0,1,1,0,5.42081E+20,5.27432E+21,9.56003E+15,4.76209E+16
47153,8.17052E+18,8,4,37,114,2017,5,11,7,1,9,1,0,1,0,0,0,0,0,5.14514E+20,5.3347E+21,9.19519E+15,4.81654E+16
47154,8.17052E+18,8,4,26,62,2017,5,17,7,3,9,1,0,1,0,0,0,0,0,5.55172E+20,5.32197E+21,9.74032E+15,4.80486E+16
47155,8.17052E+18,8,4,21,0,2017,5,14,7,2,5,3,1,1,0,0,0,0,0,5.71411E+20,5.36124E+21,9.96481E+15,4.84003E+16
47156,8.17052E+18,8,4,25,20,2017,5,15,7,3,8,1,0,1,0,0,0,0,0,5.60373E+20,5.36386E+21,9.81607E+15,4.8425E+16
47157,8.17052E+18,8,4,15,50,2017,5,23,7,1,6,6,0,1,1,0,0,2,0,5.17863E+20,5.37585E+21,9.24198E+15,4.85355E+16
47158,8.17052E+18,8,4,15,61,2017,5,23,7,3,0,1,1,0,0,0,0,2,0,5.16603E+20,5.37903E+21,9.22504E+15,4.85641E+16
47159,8.17052E+18,8,3,37,60,2017,5,0,7,3,8,6,0,1,0,0,1,2,0,4.69571E+20,5.27947E+21,8.59467E+15,4.76679E+16
47160,8.17052E+18,8,3,37,22,2017,5,9,7,3,1,6,0,1,0,0,0,0,0,4.50272E+20,5.29621E+21,8.33571E+15,4.78173E+16
47161,8.17052E+18,8,3,37,118,2017,5,9,7,1,5,3,0,1,0,0,0,0,0,4.36095E+20,5.28291E+21,8.1483E+15,4.76965E+16
47162,8.17053E+18,8,2,26,85,2017,5,15,5,3,9,1,0,0,0,1,0,0,0,4.91206E+20,5.45226E+21,8.87923E+15,4.92231E+16
47163,8.17053E+18,8,2,26,96,2017,5,16,5,3,0,1,0,1,0,1,0,0,0,4.81624E+20,5.48496E+21,8.74612E+15,4.95169E+16
47164,8.17053E+18,8,2,22,0,2017,5,11,5,2,5,3,0,1,0,1,0,0,0,4.62115E+20,5.48032E+21,8.47706E+15,4.94744E+16
47165,8.17053E+18,8,2,26,62,2017,5,17,5,1,5,3,0,1,0,1,0,0,0,4.7081E+20,5.46626E+21,8.59811E+15,4.93483E+16
47166,8.17052E+18,8,3,36,45,2017,5,9,7,3,2,6,0,1,0,1,0,0,0,3.93576E+20,5.2853E+21,7.58117E+15,4.77123E+16
47167,8.17053E+18,8,2,16,13,2017,5,15,5,2,8,1,0,0,0,1,0,0,0,4.53519E+20,5.39587E+21,8.36812E+15,4.87142E+16
47168,8.17052E+18,8,3,35,35,2017,5,16,3,3,5,3,0,1,0,0,0,0,0,4.83695E+20,5.2905E+21,8.78239E+15,4.77676E+16
47169,8.17053E+18,8,2,15,84,2017,5,12,5,3,2,2,0,1,0,1,0,0,0,4.77416E+20,5.44714E+21,8.69013E+15,4.91767E+16
47170,8.17053E+18,8,2,12,0,2017,5,13,5,3,5,2,0,1,0,0,0,0,0,4.51624E+20,5.43141E+21,8.33816E+15,4.90336E+16
47171,8.17053E+18,8,3,17,126,2017,5,11,5,2,8,1,1,0,0,0,0,0,0,4.38247E+20,5.38252E+21,8.16252E+15,4.85927E+16
47172,8.17053E+18,8,2,16,63,2017,5,11,5,1,0,7,1,0,0,0,0,0,0,4.24541E+20,5.40028E+21,7.97343E+15,4.8751E+16
47173,8.17053E+18,8,3,17,122,2017,5,8,6,3,2,6,0,1,0,0,1,0,0,4.1897E+20,5.3676E+21,7.90404E+15,4.84563E+16
47174,8.17053E+18,8,3,37,13,2017,5,11,6,3,8,1,0,0,0,1,0,0,0,4.24665E+20,5.29537E+21,7.99382E+15,4.78073E+16
47175,8.17052E+18,8,3,35,75,2017,5,12,7,3,1,6,0,1,0,0,0,0,0,4.88794E+20,5.29014E+21,8.85045E+15,4.77645E+16
47176,8.17052E+18,8,3,35,2,2017,5,14,7,3,2,6,0,1,0,0,0,0,0,5.07682E+20,5.28366E+21,9.1024E+15,4.77062E+16
47177,8.17052E+18,8,4,35,36,2017,5,10,7,2,2,2,0,1,0,1,0,0,0,5.22381E+20,5.28175E+21,9.29824E+15,4.76887E+16
47178,8.17052E+18,8,4,35,16,2017,5,10,3,3,3,6,1,0,0,0,0,0,0,5.37037E+20,5.27874E+21,9.49328E+15,4.7661E+16
47179,8.17052E+18,8,3,27,6,2017,5,8,7,3,9,1,0,1,0,0,0,0,0,4.85809E+20,5.32668E+21,8.80942E+15,4.80932E+16
47180,8.17052E+18,8,3,27,25,2017,5,14,7,2,4,6,0,0,0,1,0,0,0,4.827E+20,5.3062E+21,8.76849E+15,4.79089E+16
47181,8.17053E+18,8,2,16,63,2017,5,2,5,2,9,1,0,1,0,0,0,2,0,4.2598E+20,5.40005E+21,7.99305E+15,4.8749E+16
47182,8.17053E+18,8,3,26,74,2017,5,18,6,3,0,3,0,0,0,1,1,0,0,4.601E+20,5.32404E+21,8.4644E+15,4.80684E+16
47183,8.17053E+18,8,3,36,94,2017,5,8,6,2,4,6,0,1,0,1,0,0,0,4.14807E+20,5.29266E+21,7.86271E+15,4.77817E+16
47184,8.17053E+18,8,4,25,33,2017,5,10,6,3,2,6,0,1,0,0,0,0,0,5.42519E+20,5.35097E+21,9.57345E+15,4.83105E+16
47185,8.17052E+18,8,4,36,64,2017,5,18,3,2,2,6,0,1,0,1,0,0,0,5.41493E+20,5.29076E+21,9.55378E+15,4.77689E+16
47186,8.17053E+18,8,1,16,33,2017,5,20,7,3,3,6,0,1,0,0,0,0,0,5.31909E+20,5.38751E+21,9.43314E+15,4.86399E+16
47187,8.17052E+18,8,3,27,49,2017,5,8,3,3,8,6,0,1,0,1,0,0,0,4.74673E+20,5.32353E+21,8.66005E+15,4.80645E+16
47188,8.17052E+18,8,3,17,96,2017,5,13,7,3,2,6,0,1,0,0,0,0,0,4.20903E+20,5.36847E+21,7.93E+15,4.84644E+16
47189,8.17052E+18,8,3,17,57,2017,5,18,7,3,6,4,0,1,1,0,0,0,0,4.13378E+20,5.381E+21,7.82563E+15,4.85761E+16
47190,8.17052E+18,8,3,17,1,2017,5,6,7,3,8,7,0,1,0,0,0,0,0,4.32529E+20,5.38709E+21,8.08424E+15,4.86332E+16
47191,8.17052E+18,8,3,17,118,2017,5,12,7,3,5,2,0,1,0,1,0,0,0,4.37034E+20,5.38534E+21,8.14565E+15,4.8618E+16
47192,8.17052E+18,8,3,15,22,2017,5,22,7,3,4,6,0,1,0,0,0,2,0,3.97133E+20,5.30005E+21,7.62509E+15,4.78455E+16
47193,8.17052E+18,8,2,26,96,2017,5,7,7,3,2,6,0,1,0,0,0,0,0,4.7328E+20,5.49005E+21,8.6305E+15,4.95624E+16
47194,8.17052E+18,8,2,12,0,2017,5,18,7,3,2,6,0,1,0,0,0,0,0,4.5923E+20,5.42808E+21,8.44254E+15,4.90043E+16
47195,8.17052E+18,8,2,37,28,2017,5,16,7,3,5,3,0,1,0,0,0,0,0,4.57362E+20,5.36822E+21,8.42321E+15,4.84657E+16
47196,8.17052E+18,8,2,37,28,2017,5,13,7,3,2,1,0,1,0,1,0,0,0,4.55501E+20,5.3687E+21,8.39798E+15,4.84698E+16
47197,8.17052E+18,8,2,35,65,2017,5,23,7,2,9,1,0,1,0,0,0,2,0,4.76205E+20,5.40407E+21,8.67605E+15,4.87892E+16
47198,8.17052E+18,8,2,26,6,2017,5,17,7,3,4,3,0,1,0,0,0,0,0,4.83931E+20,5.46672E+21,8.77874E+15,4.93529E+16
47199,8.17052E+18,8,2,21,0,2017,5,9,7,3,2,7,0,1,0,0,0,0,0,4.77711E+20,5.47274E+21,8.69276E+15,4.94069E+16
47200,8.17053E+18,8,1,15,28,2017,5,11,5,3,2,6,0,1,0,0,0,0,0,5.02411E+20,5.40102E+21,9.0328E+15,4.87622E+16
47201,8.17053E+18,8,1,28,131,2017,5,15,5,2,8,1,0,0,0,1,0,0,0,5.32054E+20,5.50889E+21,9.4448E+15,4.97317E+16
47202,8.17053E+18,8,2,25,117,2017,5,22,5,2,5,3,0,1,0,1,0,2,0,5.1714E+20,5.47466E+21,9.23635E+15,4.94244E+16
47203,8.17053E+18,8,1,27,52,2017,5,20,5,2,9,7,0,1,0,0,0,1,0,5.46137E+20,5.43706E+21,9.63186E+15,4.90846E+16
47204,8.17052E+18,8,2,26,49,2017,5,17,7,2,7,7,0,0,0,1,0,0,0,4.88193E+20,5.46418E+21,8.8375E+15,4.93302E+16
47205,8.17053E+18,8,1,27,59,2017,5,10,5,3,0,6,0,0,0,1,0,0,0,5.49217E+20,5.43831E+21,9.67418E+15,4.90957E+16
47206,8.17052E+18,8,2,16,7,2017,5,6,7,3,2,6,0,1,0,0,0,0,0,4.34558E+20,5.3973E+21,8.11015E+15,4.87253E+16
47207,8.17053E+18,8,1,36,50,2017,5,14,5,1,0,1,0,0,0,1,0,0,0,5.82643E+20,5.40446E+21,1.01251E+16,4.87877E+16
47208,8.17052E+18,8,1,21,0,2017,5,14,7,3,3,1,0,1,0,0,0,0,0,5.09107E+20,5.44822E+21,9.12498E+15,4.91867E+16
47209,8.17052E+18,8,3,26,74,2017,5,9,3,3,2,2,0,1,0,0,1,0,0,4.65914E+20,5.32379E+21,8.54247E+15,4.80664E+16
47210,8.17053E+18,8,1,25,7,2017,5,1,5,3,8,1,0,1,0,0,0,2,1,5.11445E+20,5.45205E+21,9.15718E+15,4.92211E+16
47211,8.17053E+18,8,1,25,108,2017,5,12,5,3,5,3,1,1,0,0,0,0,0,4.96042E+20,5.43557E+21,8.94581E+15,4.9073E+16
47212,8.17053E+18,8,1,19,91,2017,5,17,5,3,8,1,0,0,0,1,0,0,0,5.28909E+20,5.40469E+21,9.39363E+15,4.87945E+16
47213,8.17053E+18,8,1,36,65,2017,5,11,5,2,8,1,0,0,0,1,0,0,0,5.57801E+20,5.40111E+21,9.78648E+15,4.87603E+16
47214,8.17053E+18,8,1,17,24,2017,5,18,5,2,4,1,0,0,0,1,1,0,0,5.6039E+20,5.38408E+21,9.81923E+15,4.86069E+16
47215,8.17053E+18,8,4,25,31,2017,5,12,5,2,8,1,0,0,0,1,0,0,0,5.66026E+20,5.36925E+21,9.89333E+15,4.84729E+16
47216,8.17052E+18,8,3,26,74,2017,5,17,3,3,5,3,1,0,0,0,1,0,0,4.64769E+20,5.32373E+21,8.52711E+15,4.80658E+16
47217,8.17053E+18,8,1,16,19,2017,5,11,5,3,6,7,0,1,1,0,0,0,0,5.23739E+20,5.39763E+21,9.32282E+15,4.87312E+16
47218,8.17052E+18,8,4,17,79,2017,5,4,3,1,7,7,0,0,0,1,0,2,0,5.0084E+20,5.33916E+21,9.0113E+15,4.82056E+16
47219,8.17053E+18,8,1,15,28,2017,5,9,5,3,8,7,0,0,0,1,0,0,0,5.03051E+20,5.40172E+21,9.04153E+15,4.87685E+16
47220,8.17053E+18,8,1,11,0,2017,5,11,5,2,5,2,0,1,0,1,0,0,0,5.14113E+20,5.40402E+21,9.19214E+15,4.87891E+16
47221,8.17053E+18,8,1,11,0,2017,5,10,5,3,5,3,1,1,0,0,0,0,0,5.16598E+20,5.40735E+21,9.22611E+15,4.88189E+16
47222,8.17052E+18,8,4,37,47,2017,5,14,4,3,2,2,0,1,0,0,0,0,0,5.17064E+20,5.34134E+21,9.22976E+15,4.8225E+16
47223,8.17053E+18,8,3,35,43,2017,5,10,6,3,2,2,0,1,0,0,0,0,0,5.11628E+20,5.28012E+21,9.15491E+15,4.76743E+16
47224,8.17053E+18,8,2,37,40,2017,5,13,6,3,2,6,0,1,0,0,0,0,0,4.79819E+20,5.3622E+21,8.72727E+15,4.84126E+16
47225,8.17052E+18,8,1,25,103,2017,5,8,7,3,3,6,0,1,0,1,0,0,0,5.30061E+20,5.46346E+21,9.41368E+15,4.93231E+16
47226,8.17052E+18,8,1,11,0,2017,5,11,7,3,2,6,0,1,0,0,1,0,0,5.08149E+20,5.39522E+21,9.11078E+15,4.871E+16
47227,8.17052E+18,8,3,17,65,2017,5,16,3,3,2,6,0,1,0,0,0,0,0,4.20137E+20,5.35384E+21,7.92243E+15,4.83327E+16
47228,8.17052E+18,8,1,15,51,2017,5,19,7,2,8,1,1,0,0,0,0,0,0,5.0486E+20,5.38431E+21,9.06594E+15,4.86118E+16
47229,8.17052E+18,8,1,36,19,2017,5,20,7,3,0,6,0,1,0,0,0,0,0,5.81324E+20,5.42531E+21,1.01113E+16,4.89753E+16
47230,8.17052E+18,8,1,28,82,2017,5,5,7,3,7,7,0,1,0,0,1,0,0,5.66284E+20,5.47237E+21,9.91358E+15,4.94004E+16
47231,8.17052E+18,8,1,28,131,2017,5,11,7,3,2,6,0,1,0,0,0,0,0,5.4463E+20,5.51251E+21,9.6197E+15,4.97634E+16
47232,8.17052E+18,8,1,28,139,2017,5,13,7,3,8,1,0,1,0,0,0,0,0,5.44885E+20,5.49002E+21,9.62067E+15,4.95611E+16
47233,8.17052E+18,8,1,27,14,2017,5,15,7,2,3,6,0,1,0,1,0,0,0,5.75513E+20,5.44289E+21,1.00352E+16,4.91342E+16
47234,8.17052E+18,8,1,26,47,2017,5,15,7,2,3,2,0,1,0,1,0,0,0,5.51999E+20,5.4535E+21,9.71425E+15,4.92321E+16
47235,8.17052E+18,8,1,25,49,2017,5,18,7,3,4,1,0,1,0,0,0,0,0,4.99398E+20,5.45244E+21,8.99173E+15,4.92248E+16
47236,8.17052E+18,8,1,21,0,2017,5,10,7,3,2,6,0,1,0,0,0,0,0,5.14743E+20,5.44709E+21,9.20228E+15,4.91764E+16
47237,8.17052E+18,8,1,19,87,2017,5,5,7,2,5,3,1,0,0,0,1,0,0,5.29066E+20,5.4238E+21,9.39712E+15,4.89664E+16
47238,8.17052E+18,8,4,35,57,2017,5,18,4,1,3,2,0,0,0,1,1,0,0,5.47272E+20,5.279E+21,9.62962E+15,4.76627E+16
47239,8.17052E+18,8,1,36,28,2017,5,9,7,2,6,4,0,1,1,0,0,0,0,5.68672E+20,5.40448E+21,9.93495E+15,4.87895E+16
47240,8.17052E+18,8,4,36,9,2017,5,6,4,3,3,6,0,1,0,0,0,0,0,5.60617E+20,5.307E+21,9.81125E+15,4.79134E+16
47241,8.17052E+18,8,4,36,81,2017,5,16,4,3,2,6,0,1,0,0,0,0,0,5.62557E+20,5.28224E+21,9.83365E+15,4.76905E+16
47242,8.17052E+18,8,1,16,37,2017,5,11,7,3,4,6,1,1,0,0,0,0,0,5.34501E+20,5.39744E+21,9.46916E+15,4.8729E+16
47243,8.17052E+18,8,4,36,3,2017,5,19,4,3,2,6,0,1,0,0,0,0,0,5.78193E+20,5.30414E+21,1.00459E+16,4.78858E+16
47244,8.17052E+18,8,1,15,28,2017,5,11,7,3,0,7,0,0,0,1,1,0,1,5.00107E+20,5.40452E+21,9.00146E+15,4.87937E+16
47245,8.17052E+18,8,4,36,4,2017,5,22,4,3,5,3,0,1,0,0,0,2,0,5.82237E+20,5.30963E+21,1.01011E+16,4.79347E+16
47246,8.17052E+18,8,1,11,0,2017,5,19,7,3,2,6,0,1,0,0,0,0,0,5.16087E+20,5.40564E+21,9.21908E+15,4.88036E+16
47247,8.17052E+18,8,1,11,0,2017,5,11,7,3,3,6,0,1,0,0,0,0,0,5.12477E+20,5.40136E+21,9.16978E+15,4.87651E+16
47248,8.17052E+18,8,4,35,29,2017,5,19,6,2,4,6,0,1,0,0,0,0,1,5.44706E+20,5.27467E+21,9.595E+15,4.76239E+16
47249,8.17052E+18,8,4,36,82,2017,5,19,6,3,5,3,1,1,0,0,0,0,0,5.47297E+20,5.2943E+21,9.63161E+15,4.78003E+16
47250,8.17052E+18,8,4,36,81,2017,5,14,6,3,2,2,0,1,0,0,0,0,1,5.61711E+20,5.28328E+21,9.82252E+15,4.77E+16
47251,8.17052E+18,8,3,17,65,2017,5,7,3,3,2,6,0,1,0,0,0,0,0,4.14116E+20,5.35414E+21,7.84115E+15,4.83346E+16
47252,8.17052E+18,8,3,17,65,2017,5,20,3,3,1,6,0,1,0,1,0,0,0,4.16082E+20,5.35449E+21,7.8676E+15,4.8338E+16
47253,8.17052E+18,8,4,35,34,2017,5,23,6,3,5,3,0,1,0,0,0,2,0,5.29183E+20,5.28528E+21,9.38912E+15,4.77202E+16
47254,8.17052E+18,8,4,35,57,2017,5,8,6,3,8,7,0,1,0,0,0,0,0,5.47238E+20,5.27555E+21,9.62879E+15,4.76317E+16
47255,8.17052E+18,8,4,35,16,2017,5,15,4,3,3,2,1,1,0,0,0,0,0,5.31145E+20,5.27967E+21,9.41487E+15,4.76697E+16
47256,8.17052E+18,8,4,35,16,2017,5,14,4,2,0,7,1,0,0,0,0,0,0,5.33467E+20,5.27999E+21,9.44583E+15,4.76724E+16
47257,8.17052E+18,8,4,26,21,2017,5,10,4,3,3,2,1,1,0,0,0,0,0,5.58428E+20,5.32713E+21,9.7847E+15,4.80948E+16
47258,8.17052E+18,8,4,21,0,2017,5,12,6,3,0,7,1,0,0,0,0,0,0,5.71956E+20,5.36139E+21,9.9722E+15,4.84016E+16
47259,8.17052E+18,8,4,26,38,2017,5,19,4,3,1,6,0,1,0,0,0,0,0,5.59086E+20,5.31536E+21,9.79192E+15,4.79888E+16
47260,8.17052E+18,8,4,17,2,2017,5,12,6,3,8,1,0,0,0,1,0,0,1,4.94449E+20,5.34496E+21,8.92521E+15,4.82579E+16
47261,8.17052E+18,8,4,21,0,2017,5,19,4,2,0,1,1,0,0,0,0,0,0,5.70138E+20,5.36154E+21,9.94765E+15,4.84031E+16
47262,8.17052E+18,8,4,16,36,2017,5,19,6,3,9,1,0,1,0,0,0,0,0,4.83961E+20,5.37068E+21,8.78293E+15,4.84891E+16
47263,8.17052E+18,8,4,17,79,2017,5,12,4,3,3,2,0,1,0,1,0,0,0,5.00566E+20,5.34444E+21,9.00762E+15,4.82531E+16
47264,8.17052E+18,8,4,15,50,2017,5,18,4,2,5,3,1,1,0,0,0,0,0,5.20113E+20,5.37659E+21,9.2725E+15,4.85421E+16
47265,8.17052E+18,8,3,36,14,2017,5,20,4,3,3,6,0,1,0,1,0,0,0,3.89187E+20,5.28124E+21,7.52371E+15,4.76751E+16
47266,8.17052E+18,8,3,11,0,2017,5,7,4,3,4,3,0,1,0,0,0,0,0,4.03978E+20,5.31683E+21,7.71282E+15,4.79975E+16
47267,8.17053E+18,8,3,26,74,2017,5,16,6,3,8,1,0,1,0,0,0,0,0,4.60895E+20,5.32328E+21,8.47515E+15,4.80616E+16
47268,8.17052E+18,8,4,15,62,2017,5,7,6,3,2,6,0,1,0,0,0,0,0,5.19231E+20,5.37859E+21,9.26063E+15,4.85601E+16
47269,8.17052E+18,8,3,37,65,2017,5,9,6,3,5,3,1,1,0,0,0,0,1,4.48535E+20,5.27517E+21,8.31499E+15,4.76279E+16
47270,8.17052E+18,8,3,17,31,2017,5,17,3,3,2,6,0,1,0,0,1,0,0,4.14336E+20,5.36091E+21,7.84274E+15,4.83955E+16
47271,8.17052E+18,8,3,36,69,2017,5,7,6,3,5,3,0,1,0,0,0,0,1,4.06433E+20,5.26925E+21,7.75597E+15,4.75699E+16
47272,8.17052E+18,8,3,17,113,2017,5,9,6,3,5,3,0,1,0,0,1,0,1,4.09547E+20,5.34436E+21,7.78161E+15,4.8246E+16
47273,8.17052E+18,8,3,17,78,2017,5,12,3,3,3,6,0,0,0,1,1,0,0,4.32619E+20,5.34107E+21,8.09285E+15,4.82192E+16
47274,8.17052E+18,8,3,17,5,2017,5,16,6,3,4,6,0,1,0,0,0,0,0,4.23783E+20,5.37574E+21,7.96764E+15,4.85301E+16
47275,8.17052E+18,8,3,17,96,2017,5,15,6,3,3,6,0,1,0,0,0,0,1,4.1893E+20,5.36984E+21,7.90306E+15,4.84765E+16
47276,8.17052E+18,8,3,17,31,2017,5,11,6,2,2,6,0,0,0,0,1,0,1,4.15836E+20,5.3621E+21,7.86276E+15,4.84065E+16
47277,8.17052E+18,8,3,16,56,2017,5,17,6,3,2,6,0,1,0,0,0,0,1,4.24251E+20,5.32845E+21,7.98247E+15,4.81048E+16
47278,8.17052E+18,8,3,15,43,2017,5,15,6,3,9,1,0,1,0,0,0,0,1,4.02723E+20,5.3231E+21,7.69458E+15,4.80537E+16
47279,8.17052E+18,8,3,36,14,2017,5,14,6,3,3,6,0,1,0,0,1,0,1,3.89178E+20,5.28172E+21,7.52347E+15,4.76794E+16
47280,8.17052E+18,8,3,11,0,2017,5,15,6,3,8,1,0,1,0,0,0,0,1,4.15389E+20,5.31555E+21,7.866E+15,4.79877E+16
47281,8.17052E+18,8,3,15,84,2017,5,13,6,3,4,1,0,1,0,0,1,0,1,4.20921E+20,5.30902E+21,7.94133E+15,4.79296E+16
47282,8.17052E+18,8,2,36,46,2017,5,16,6,3,2,6,0,1,0,0,0,0,1,4.8437E+20,5.41526E+21,8.78678E+15,4.88901E+16
47283,8.17052E+18,8,3,37,62,2017,5,23,4,2,8,1,0,1,0,0,0,2,0,4.58745E+20,5.27761E+21,8.45064E+15,4.76506E+16
47284,8.17052E+18,8,2,21,0,2017,5,16,6,3,2,6,0,1,0,0,0,0,1,4.73303E+20,5.46873E+21,8.63227E+15,4.93707E+16
47285,8.17052E+18,8,3,37,65,2017,5,12,4,2,5,3,0,1,0,0,0,0,0,4.48795E+20,5.27511E+21,8.31845E+15,4.76274E+16
47286,8.17052E+18,8,2,12,0,2017,5,10,6,3,0,7,1,0,0,0,0,0,1,4.54641E+20,5.42827E+21,8.37978E+15,4.90056E+16
47287,8.17052E+18,8,3,35,43,2017,5,17,4,3,2,6,0,1,0,1,1,0,0,5.13677E+20,5.27949E+21,9.18219E+15,4.76687E+16
47288,8.17052E+18,8,2,15,108,2017,5,23,6,2,5,2,0,1,0,0,0,2,0,4.48608E+20,5.42304E+21,8.29796E+15,4.89581E+16
47289,8.17052E+18,8,2,15,17,2017,5,14,6,3,2,6,0,1,0,0,1,0,1,4.54656E+20,5.42271E+21,8.3806E+15,4.89556E+16
47290,8.17052E+18,8,2,11,0,2017,5,2,6,3,9,1,0,1,0,0,0,2,1,4.42158E+20,5.40848E+21,8.21192E+15,4.88266E+16
47291,8.17052E+18,8,2,35,46,2017,5,14,6,3,2,6,0,1,0,0,0,0,1,4.80387E+20,5.37752E+21,8.73424E+15,4.85505E+16
47292,8.17052E+18,8,2,35,79,2017,5,15,6,3,2,6,0,1,0,0,0,0,0,4.67059E+20,5.40058E+21,8.55181E+15,4.87574E+16
47293,8.17052E+18,8,2,35,67,2017,5,17,6,3,5,3,0,1,0,0,0,0,1,4.8694E+20,5.39954E+21,8.82234E+15,4.87487E+16
47294,8.17052E+18,8,2,31,0,2017,5,20,6,2,5,3,0,1,0,1,0,0,0,4.75639E+20,5.41531E+21,8.66766E+15,4.88902E+16
47295,8.17052E+18,8,2,31,0,2017,5,15,6,3,5,3,0,1,0,0,0,0,1,4.77512E+20,5.41589E+21,8.69319E+15,4.88956E+16
47296,8.17052E+18,8,2,36,30,2017,5,14,6,2,4,1,0,1,0,0,0,0,1,4.76473E+20,5.41986E+21,8.67878E+15,4.89312E+16
47297,8.17052E+18,8,2,36,38,2017,5,8,6,2,8,1,0,1,0,0,0,0,0,4.86751E+20,5.42908E+21,8.8188E+15,4.90145E+16
47298,8.17052E+18,8,3,35,43,2017,5,6,4,3,0,3,0,1,0,1,0,0,0,5.1146E+20,5.2802E+21,9.15268E+15,4.76751E+16
47299,8.17052E+18,8,3,35,2,2017,5,13,4,3,8,7,0,0,0,1,0,0,0,5.03306E+20,5.2857E+21,9.04409E+15,4.77247E+16
47300,8.17052E+18,8,4,36,9,2017,5,17,4,2,6,4,0,1,1,0,0,0,0,5.56363E+20,5.30756E+21,9.7544E+15,4.79189E+16
47301,8.17052E+18,8,2,26,102,2017,5,20,6,3,9,1,0,1,0,0,0,1,1,4.82515E+20,5.45417E+21,8.75979E+15,4.92401E+16
47302,8.17052E+18,8,3,35,75,2017,5,16,4,1,9,1,0,0,0,1,0,0,0,4.90591E+20,5.28734E+21,8.8745E+15,4.77394E+16
47303,8.17052E+18,8,2,26,63,2017,5,16,6,2,0,1,0,0,0,1,0,0,1,4.71134E+20,5.47071E+21,8.60224E+15,4.93884E+16
47304,8.17052E+18,8,3,27,19,2017,5,12,4,3,2,6,0,1,0,0,0,0,0,4.81879E+20,5.3315E+21,8.75643E+15,4.81365E+16
47305,8.17052E+18,8,2,25,2,2017,5,16,6,3,4,6,0,1,0,0,1,0,1,4.98712E+20,5.4672E+21,8.98226E+15,4.93575E+16
47306,8.17052E+18,8,2,22,0,2017,5,8,6,3,2,7,0,1,0,0,0,0,0,4.6521E+20,5.47953E+21,8.51985E+15,4.94674E+16
47307,8.17052E+18,8,2,26,82,2017,5,7,6,2,8,1,0,1,0,0,0,0,1,4.80502E+20,5.48119E+21,8.73082E+15,4.9483E+16
47308,8.17052E+18,8,3,26,74,2017,5,11,4,3,3,6,0,1,0,1,0,0,0,4.59422E+20,5.32311E+21,8.45539E+15,4.806E+16
47309,8.17052E+18,8,3,25,49,2017,5,9,4,2,4,6,0,1,0,0,0,0,0,4.7247E+20,5.3355E+21,8.6297E+15,4.81721E+16
47310,8.17052E+18,8,3,25,57,2017,5,20,4,3,4,6,0,1,0,0,0,0,0,4.69616E+20,5.35751E+21,8.58974E+15,4.837E+16
47311,8.17052E+18,8,3,25,12,2017,5,18,4,3,4,2,0,1,0,0,0,0,0,4.60502E+20,5.3545E+21,8.46697E+15,4.83425E+16
47312,8.17052E+18,8,3,26,5,2017,5,8,4,2,4,2,0,0,0,1,1,0,0,4.6862E+20,5.29595E+21,8.58082E+15,4.78161E+16