OBJECTID,UIDENTSTLA,ULAND,UREGBEZ,UKREIS,UGEMEINDE,UJAHR,UMONAT,USTUNDE,UWOCHENTAG,UKATEGORIE,UART,UTYP1,IstRad,IstPKW,IstFuss,IstKrad,IstSonstig,LICHT,STRZUSTAND,LINREFX,LINREFY,XGCSWGS84,YGCSWGS84
47313,8.17052E+18,8,2,16,43,2017,5,9,6,3,6,2,0,0,1,0,1,0,1,4.41872E+20,5.41111E+21,8.20765E+15,4.88503E+16
47314,8.17052E+18,8,2,16,43,2017,5,13,6,3,5,2,0,1,0,0,0,0,1,4.39243E+20,5.4116E+21,8.17174E+15,4.88544E+16
47315,8.17052E+18,8,2,15,109,2017,5,10,6,3,5,3,0,1,0,0,0,0,1,4.60839E+20,5.43597E+21,8.46378E+15,4.90754E+16
47316,8.17053E+18,8,2,15,100,2017,5,21,7,2,5,3,1,1,0,0,0,1,0,4.72903E+20,5.45032E+21,8.628E+15,4.92051E+16
47317,8.17052E+18,8,2,16,43,2017,5,13,6,3,6,3,0,1,1,0,0,0,1,4.39391E+20,5.41429E+21,8.17336E+15,4.88786E+16
47318,8.17052E+18,8,1,25,98,2017,5,17,6,3,2,6,0,1,0,0,0,0,1,5.22122E+20,5.43996E+21,9.30314E+15,4.91121E+16
47319,8.17052E+18,8,1,11,0,2017,5,15,6,3,2,6,0,1,0,0,0,0,1,5.05881E+20,5.3963E+21,9.07995E+15,4.87197E+16
47320,8.17052E+18,8,1,36,65,2017,5,16,6,3,8,1,0,1,0,0,0,0,1,5.61493E+20,5.40386E+21,9.83713E+15,4.87847E+16
47321,8.17052E+18,8,1,36,43,2017,5,16,6,3,2,6,0,1,0,0,0,0,1,5.73254E+20,5.40822E+21,9.998E+15,4.88227E+16
47322,8.17052E+18,8,1,36,88,2017,5,23,6,3,8,1,0,1,0,0,0,2,1,5.78276E+20,5.41001E+21,1.00667E+16,4.88381E+16
47323,8.17052E+18,8,1,36,7,2017,5,16,6,2,4,6,0,1,0,0,0,0,1,5.72777E+20,5.4017E+21,9.99034E+15,4.87641E+16
47324,8.17052E+18,8,1,35,19,2017,5,14,6,3,4,6,0,1,0,1,0,0,0,5.91279E+20,5.39934E+21,1.02415E+16,4.87404E+16
47325,8.17052E+18,8,2,37,2,2017,5,10,4,2,3,6,0,1,0,0,1,0,0,4.60976E+20,5.35463E+21,8.47335E+15,4.83436E+16
47326,8.17052E+18,8,3,26,27,2017,5,18,4,2,2,2,0,1,0,1,0,0,0,4.61738E+20,5.30685E+21,8.48793E+15,4.79138E+16
47327,8.17053E+18,8,3,35,21,2017,5,5,6,3,8,1,0,1,0,0,0,1,0,4.9354E+20,5.29979E+21,8.91365E+15,4.78514E+16
47328,8.17053E+18,8,4,16,36,2017,5,19,6,3,0,6,0,1,0,1,0,0,0,4.96703E+20,5.36873E+21,8.9554E+15,4.84717E+16
47329,8.17052E+18,8,1,35,19,2017,5,8,6,3,5,3,0,1,0,0,0,0,0,5.8546E+20,5.39204E+21,1.01609E+16,4.86756E+16
47330,8.17052E+18,8,1,28,7,2017,5,1,6,3,8,1,0,1,0,0,0,2,1,5.56778E+20,5.48094E+21,9.78381E+15,4.94784E+16
47331,8.17052E+18,8,1,28,14,2017,5,5,6,2,8,1,0,1,0,0,0,0,1,5.40735E+20,5.4835E+21,9.56261E+15,4.95028E+16
47332,8.17052E+18,8,1,27,103,2017,5,6,6,3,2,2,0,1,0,0,1,0,1,5.78133E+20,5.43695E+21,1.007E+16,4.90805E+16
47333,8.17052E+18,8,1,27,9,2017,5,16,6,2,9,1,0,0,0,1,0,0,1,5.56328E+20,5.44858E+21,9.77302E+15,4.91875E+16
47334,8.17052E+18,8,1,27,76,2017,5,18,6,3,5,3,1,1,0,0,0,0,1,5.55161E+20,5.43865E+21,9.75565E+15,4.90982E+16
47335,8.17052E+18,8,1,26,47,2017,5,14,6,2,4,6,0,1,0,0,0,0,1,5.46951E+20,5.45366E+21,9.64494E+15,4.92339E+16
47336,8.17052E+18,8,1,26,46,2017,5,14,6,3,9,1,0,1,0,0,0,0,1,5.59308E+20,5.45694E+21,9.81515E+15,4.92624E+16
47337,8.17052E+18,8,1,25,98,2017,5,23,6,3,6,4,1,0,1,0,0,2,0,5.1999E+20,5.43745E+21,9.2738E+15,4.90896E+16
47338,8.17052E+18,8,1,21,0,2017,5,18,6,3,5,3,1,1,0,0,0,0,1,5.16627E+20,5.44228E+21,9.22794E+15,4.91331E+16
47339,8.17052E+18,8,3,17,31,2017,5,17,4,3,2,6,0,1,0,0,1,0,0,4.17734E+20,5.3609E+21,7.88864E+15,4.83959E+16
47340,8.17052E+18,8,1,18,48,2017,5,14,6,3,2,6,0,1,0,0,0,0,1,5.13323E+20,5.41675E+21,9.1818E+15,4.89035E+16
47341,8.17052E+18,8,3,17,127,2017,5,12,4,2,5,2,0,1,0,0,0,0,0,4.2241E+20,5.35282E+21,7.95328E+15,4.83238E+16
47342,8.17052E+18,8,1,18,48,2017,5,15,6,3,2,6,0,1,0,0,0,0,1,5.14237E+20,5.41592E+21,9.19425E+15,4.88961E+16
47343,8.17052E+18,8,3,17,65,2017,5,16,4,2,8,1,0,0,0,1,0,0,0,4.11933E+20,5.35111E+21,7.81233E+15,4.8307E+16
47344,8.17052E+18,8,1,18,15,2017,5,8,6,3,5,3,1,1,0,0,0,0,0,5.07196E+20,5.42956E+21,9.09842E+15,4.90189E+16
47345,8.17052E+18,8,3,16,55,2017,5,18,4,3,2,6,0,1,0,1,0,0,0,4.29898E+20,5.33505E+21,8.05722E+15,4.81649E+16
47346,8.17052E+18,8,1,18,79,2017,5,10,6,3,0,6,0,1,0,0,0,0,0,5.09858E+20,5.42238E+21,9.13466E+15,4.89543E+16
47347,8.17052E+18,8,3,16,17,2017,5,17,4,2,0,1,0,0,0,1,0,0,0,4.15152E+20,5.3404E+21,7.85788E+15,4.82111E+16
47348,8.17052E+18,8,1,16,80,2017,5,12,6,3,5,3,1,1,0,0,0,0,1,5.18144E+20,5.39759E+21,9.24673E+15,4.87311E+16
47349,8.17052E+18,8,1,16,19,2017,5,16,6,3,2,6,0,1,0,0,1,0,0,5.23499E+20,5.39718E+21,9.31953E+15,4.87272E+16
47350,8.17052E+18,8,1,15,45,2017,5,19,6,3,5,3,0,1,0,0,0,0,0,5.00205E+20,5.39588E+21,9.00279E+15,4.87159E+16
47351,8.17052E+18,8,1,15,21,2017,5,13,6,3,2,1,0,1,0,0,0,0,1,4.92438E+20,5.38092E+21,8.89747E+15,4.85813E+16
47352,8.17052E+18,8,1,15,37,2017,5,14,6,3,5,3,0,1,0,0,0,0,1,4.91435E+20,5.38456E+21,8.88379E+15,4.8614E+16
47353,8.17052E+18,8,1,11,0,2017,5,16,6,3,2,6,0,1,0,0,0,0,1,5.12975E+20,5.40295E+21,9.17661E+15,4.87794E+16
47354,8.17052E+18,8,3,15,133,2017,5,18,4,3,9,1,0,1,0,0,0,0,0,3.96214E+20,5.32532E+21,7.60671E+15,4.80727E+16
47355,8.17052E+18,8,3,36,6,2017,5,17,4,3,2,6,0,1,0,0,0,0,0,3.89764E+20,5.28517E+21,7.53041E+15,4.77105E+16
47356,8.17052E+18,8,3,36,84,2017,5,10,4,3,0,1,1,0,0,0,0,0,0,4.05611E+20,5.27681E+21,7.74342E+15,4.76378E+16
47357,8.17052E+18,8,2,26,95,2017,5,14,4,2,2,6,0,1,0,0,1,0,0,4.7166E+20,5.45931E+21,8.6103E+15,4.92859E+16
47358,8.17052E+18,8,2,15,25,2017,5,17,4,2,4,6,0,1,0,0,1,0,0,4.74936E+20,5.43565E+21,8.65682E+15,4.90732E+16
47359,8.17052E+18,8,2,12,0,2017,5,17,4,3,2,6,0,1,0,0,0,0,0,4.58819E+20,5.42519E+21,8.43722E+15,4.89783E+16
47360,8.17052E+18,8,2,15,84,2017,5,19,4,2,2,6,0,1,0,0,0,0,0,4.7015E+20,5.44938E+21,8.59028E+15,4.91965E+16
47361,8.17052E+18,8,2,12,0,2017,5,18,4,3,1,5,0,1,0,0,0,0,0,4.55923E+20,5.42995E+21,8.39713E+15,4.90209E+16
47362,8.17052E+18,8,2,35,80,2017,5,13,4,3,2,6,0,1,0,0,0,0,0,4.81162E+20,5.38583E+21,8.74436E+15,4.86253E+16
47363,8.17052E+18,8,2,36,71,2017,5,17,4,3,2,2,0,1,0,0,0,0,0,4.67901E+20,5.42268E+21,8.56153E+15,4.89562E+16
47364,8.17052E+18,8,2,36,46,2017,5,16,4,3,1,6,0,1,0,0,0,0,0,4.83184E+20,5.41805E+21,8.77048E+15,4.89152E+16
47365,8.17053E+18,8,4,35,42,2017,5,17,6,2,9,1,0,0,0,1,0,0,0,5.54247E+20,5.27835E+21,9.72243E+15,4.76562E+16
47366,8.17052E+18,8,4,36,5,2017,5,15,5,3,4,6,1,0,0,0,0,0,0,5.42249E+20,5.30874E+21,9.56562E+15,4.79306E+16
47367,8.17052E+18,8,4,36,64,2017,5,12,5,3,2,6,0,1,0,0,0,0,0,5.46118E+20,5.29236E+21,9.61566E+15,4.77829E+16
47368,8.17053E+18,8,2,26,95,2017,5,23,7,3,5,2,0,1,0,0,0,2,0,4.74755E+20,5.46032E+21,8.6528E+15,4.92951E+16
47369,8.17052E+18,8,4,35,59,2017,5,17,5,3,9,7,0,0,0,1,0,0,1,5.14325E+20,5.29154E+21,9.19121E+15,4.77771E+16
47370,8.17052E+18,8,4,37,107,2017,5,17,5,2,9,1,0,0,0,1,0,0,0,5.06526E+20,5.32833E+21,9.08768E+15,4.81082E+16
47371,8.17052E+18,8,4,17,79,2017,5,13,5,3,5,3,1,1,0,0,0,0,0,5.02055E+20,5.34268E+21,9.02768E+15,4.82373E+16
47372,8.17052E+18,8,4,17,79,2017,5,16,5,3,5,3,0,1,0,0,0,0,0,4.99998E+20,5.34689E+21,8.99998E+15,4.82752E+16
47373,8.17052E+18,8,4,15,78,2017,5,18,5,3,2,6,0,1,0,0,0,0,0,5.26413E+20,5.37329E+21,9.35763E+15,4.85122E+16
47374,8.17052E+18,8,3,37,22,2017,5,7,5,3,4,2,0,1,0,0,1,0,0,4.50167E+20,5.29612E+21,8.33431E+15,4.78165E+16
47375,8.17052E+18,8,3,36,105,2017,5,6,5,3,5,3,1,0,0,1,0,0,1,4.01461E+20,5.26717E+21,7.69035E+15,4.75505E+16
47376,8.17052E+18,8,3,35,63,2017,5,4,5,3,8,1,0,1,0,0,0,2,0,4.94482E+20,5.28768E+21,8.92639E+15,4.77425E+16
47377,8.17052E+18,8,4,36,9,2017,5,19,5,3,2,6,0,1,0,0,0,0,0,5.55395E+20,5.30657E+21,9.74133E+15,4.79101E+16
47378,8.17052E+18,8,4,35,16,2017,5,10,5,1,5,3,1,1,0,0,0,0,0,5.36197E+20,5.27792E+21,9.48203E+15,4.76537E+16
47379,8.17052E+18,8,2,26,91,2017,5,7,4,3,2,6,0,1,0,0,0,0,0,4.9465E+20,5.4608E+21,8.92641E+15,4.92999E+16
47380,8.17052E+18,8,3,35,22,2017,5,17,5,3,3,6,0,1,0,0,0,0,0,4.83236E+20,5.30285E+21,8.77579E+15,4.78788E+16
47381,8.17052E+18,8,3,26,74,2017,5,18,5,3,5,3,0,1,0,0,0,0,0,4.65841E+20,5.32351E+21,8.54151E+15,4.8064E+16
47382,8.17052E+18,8,2,22,0,2017,5,19,4,2,5,5,1,0,0,1,0,0,0,4.62938E+20,5.48257E+21,8.48821E+15,4.94946E+16
47383,8.17052E+18,8,2,37,2,2017,5,23,5,2,9,1,0,1,0,0,0,2,0,4.57787E+20,5.35893E+21,8.42989E+15,4.83822E+16
47384,8.17052E+18,8,2,22,0,2017,5,15,4,3,6,4,0,0,1,0,1,0,0,4.63911E+20,5.482E+21,8.50169E+15,4.94896E+16
47385,8.17052E+18,8,3,17,34,2017,5,9,5,3,5,7,0,1,0,1,0,0,1,4.26797E+20,5.36202E+21,8.01085E+15,4.8407E+16
47386,8.17052E+18,8,3,17,57,2017,5,8,5,3,5,3,1,1,0,0,0,0,0,4.11895E+20,5.38096E+21,7.80554E+15,4.85755E+16
47387,8.17052E+18,8,3,15,109,2017,5,16,5,3,2,6,0,1,0,0,0,0,0,4.23462E+20,5.31673E+21,7.97397E+15,4.79993E+16
47388,8.17053E+18,8,4,26,87,2017,5,19,1,3,4,2,0,1,0,1,0,0,0,5.7394E+20,5.32628E+21,9.99286E+15,4.80855E+16
47389,8.17053E+18,8,4,26,13,2017,5,13,1,2,5,3,0,1,0,0,0,0,0,5.46339E+20,5.32221E+21,9.62183E+15,4.80515E+16
47390,8.17053E+18,8,3,37,59,2017,5,11,1,3,8,1,0,1,0,0,0,0,0,4.33888E+20,5.28978E+21,8.11784E+15,4.7758E+16
47391,8.17053E+18,8,3,37,59,2017,5,12,1,2,5,3,0,0,0,1,0,0,1,4.31398E+20,5.28971E+21,8.08464E+15,4.77571E+16
47392,8.17053E+18,8,3,17,96,2017,5,13,1,3,9,6,0,1,0,0,0,0,0,4.1891E+20,5.3719E+21,7.90239E+15,4.84949E+16
47393,8.17053E+18,8,3,16,20,2017,5,20,1,2,4,2,0,1,0,0,0,0,0,4.08154E+20,5.33686E+21,7.76447E+15,4.81784E+16
47394,8.17053E+18,8,3,16,17,2017,5,11,1,3,4,6,0,0,0,1,0,0,0,4.16672E+20,5.3402E+21,7.87838E+15,4.82095E+16
47395,8.17053E+18,8,3,15,39,2017,5,0,1,3,2,1,1,1,0,0,0,2,0,4.4728E+20,5.30479E+21,8.29469E+15,4.78943E+16
47396,8.17053E+18,8,3,11,0,2017,5,18,1,2,6,4,0,1,1,0,0,0,0,4.11872E+20,5.31774E+21,7.81842E+15,4.80069E+16
47397,8.17053E+18,8,4,15,53,2017,5,12,1,2,3,6,0,1,0,1,0,0,0,5.38117E+20,5.35876E+21,9.51479E+15,4.83808E+16
47398,8.17053E+18,8,4,15,59,2017,5,20,1,3,5,3,0,1,0,1,0,1,0,5.16461E+20,5.36748E+21,9.22266E+15,4.84603E+16
47399,8.17053E+18,8,4,15,90,2017,5,11,1,3,5,3,0,1,0,0,0,0,0,5.22957E+20,5.35493E+21,9.30983E+15,4.83471E+16
47400,8.17053E+18,8,4,37,31,2017,5,18,1,2,5,3,0,1,0,1,1,0,0,5.15694E+20,5.34471E+21,9.21144E+15,4.82554E+16
47401,8.17053E+18,8,4,35,16,2017,5,18,1,3,3,7,1,1,0,0,0,0,0,5.33774E+20,5.27965E+21,9.44989E+15,4.76694E+16
47402,8.17053E+18,8,3,36,87,2017,5,12,1,2,8,1,0,0,0,1,0,0,0,4.24528E+20,5.29499E+21,7.99205E+15,4.78038E+16
47403,8.17053E+18,8,3,35,63,2017,5,14,1,3,0,1,0,0,0,1,0,0,0,5.01986E+20,5.29141E+21,9.02651E+15,4.77761E+16
47404,8.17053E+18,8,2,36,72,2017,5,7,7,3,5,3,0,1,0,0,0,0,0,4.66938E+20,5.4106E+21,8.54935E+15,4.88475E+16
47405,8.17053E+18,8,3,25,15,2017,5,19,7,3,0,3,0,1,0,1,0,0,0,4.72547E+20,5.34722E+21,8.62999E+15,4.82776E+16
47406,8.17053E+18,8,2,36,71,2017,5,1,1,3,3,6,0,1,0,0,0,2,0,4.69411E+20,5.41966E+21,8.58238E+15,4.89291E+16
47407,8.17053E+18,8,2,15,40,2017,5,17,1,2,8,1,0,0,0,1,0,0,0,4.89225E+20,5.43445E+21,8.8525E+15,4.90628E+16
47408,8.17053E+18,8,2,15,82,2017,5,15,1,3,8,1,0,1,0,0,0,0,0,4.89452E+20,5.4392E+21,8.85548E+15,4.91056E+16
47409,8.17053E+18,8,2,11,0,2017,5,11,1,3,2,6,0,1,0,0,0,0,0,4.41004E+20,5.40749E+21,8.19634E+15,4.88176E+16
47410,8.17053E+18,8,2,35,66,2017,5,11,1,3,9,7,0,1,0,0,0,0,0,4.66403E+20,5.38165E+21,8.54442E+15,4.8587E+16
47411,8.17053E+18,8,2,36,61,2017,5,8,1,2,0,7,0,0,0,1,0,0,0,4.89015E+20,5.43269E+21,8.84967E+15,4.90469E+16
47412,8.17053E+18,8,2,26,29,2017,5,13,1,3,5,3,0,1,0,1,0,0,0,4.84235E+20,5.48433E+21,8.78223E+15,4.95114E+16
47413,8.17053E+18,8,2,16,15,2017,5,11,1,3,8,1,0,0,0,1,0,0,0,4.53193E+20,5.40885E+21,8.36221E+15,4.88309E+16
47414,8.17053E+18,8,3,37,39,2017,5,13,1,3,5,2,0,1,0,1,0,0,0,4.445E+20,5.29165E+21,8.2592E+15,4.77758E+16
47415,8.17053E+18,8,3,26,52,2017,5,3,1,3,4,6,0,1,0,0,0,2,0,4.51735E+20,5.33092E+21,8.35135E+15,4.81297E+16
47416,8.17053E+18,8,3,37,106,2017,5,13,1,2,4,2,0,1,0,1,0,0,0,4.50783E+20,5.2889E+21,8.34337E+15,4.77516E+16
47417,8.17053E+18,8,4,15,78,2017,5,10,1,3,0,1,0,0,0,1,0,0,1,5.31293E+20,5.36887E+21,9.42339E+15,4.84722E+16
47418,8.17053E+18,8,2,16,15,2017,5,7,1,3,8,1,0,1,0,0,0,0,0,4.51212E+20,5.40388E+21,8.33581E+15,4.8786E+16
47419,8.17053E+18,8,2,16,43,2017,5,1,1,3,1,7,0,1,0,0,1,2,0,4.42934E+20,5.41226E+21,8.22196E+15,4.88607E+16
47420,8.17053E+18,8,2,15,9,2017,5,23,1,2,7,7,0,0,0,1,0,2,0,4.70321E+20,5.43555E+21,8.59364E+15,4.90721E+16
47421,8.17053E+18,8,2,15,47,2017,5,11,1,3,2,6,0,1,0,1,0,0,0,4.59529E+20,5.41207E+21,8.44822E+15,4.88603E+16
47422,8.17053E+18,8,3,17,116,2017,5,14,1,2,5,2,0,1,0,1,0,0,0,4.40434E+20,5.38323E+21,8.19208E+15,4.85993E+16
47423,8.17053E+18,8,3,17,126,2017,5,14,1,2,5,3,0,1,0,1,0,0,0,4.41372E+20,5.38301E+21,8.20483E+15,4.85974E+16
47424,8.17053E+18,8,1,35,15,2017,5,14,1,3,5,3,0,1,0,0,0,0,0,5.83446E+20,5.38269E+21,1.01317E+16,4.85918E+16
47425,8.17053E+18,8,1,28,115,2017,5,1,1,2,9,1,0,1,0,0,0,2,0,5.51051E+20,5.49561E+21,9.70666E+15,4.96109E+16
47426,8.17053E+18,8,1,25,38,2017,5,13,1,1,3,2,1,1,0,0,0,0,0,5.01405E+20,5.43322E+21,9.01923E+15,4.90518E+16
47427,8.17053E+18,8,1,25,108,2017,5,18,1,3,8,1,0,1,0,0,0,0,0,4.92293E+20,5.435E+21,8.89448E+15,4.90678E+16
47428,8.17053E+18,8,1,19,89,2017,5,14,1,2,0,1,1,0,0,0,0,0,0,5.32436E+20,5.41043E+21,9.44211E+15,4.8846E+16
47429,8.17053E+18,8,1,19,37,2017,5,17,1,3,2,2,0,1,0,1,0,0,0,5.43495E+20,5.41923E+21,9.59376E+15,4.89245E+16
47430,8.17053E+18,8,1,19,44,2017,5,15,1,3,4,3,0,1,0,0,0,0,0,5.46313E+20,5.42445E+21,9.63283E+15,4.89713E+16
47431,8.17053E+18,8,1,18,73,2017,5,13,1,3,5,3,0,1,0,1,0,0,0,4.98807E+20,5.41837E+21,8.98372E+15,4.89182E+16
47432,8.17053E+18,8,1,18,49,2017,5,17,1,3,0,6,0,0,0,1,0,0,0,5.19185E+20,5.42086E+21,9.26198E+15,4.89404E+16
47433,8.17053E+18,8,1,18,48,2017,5,16,1,3,2,6,0,1,0,1,0,0,0,5.14206E+20,5.41626E+21,9.19384E+15,4.88991E+16
47434,8.17053E+18,8,1,18,80,2017,5,11,1,3,0,7,0,0,0,1,1,0,1,5.07088E+20,5.4127E+21,9.09666E+15,4.88672E+16
47435,8.17053E+18,8,1,17,58,2017,5,17,1,3,2,2,0,1,0,0,0,0,0,5.46024E+20,5.37891E+21,9.62378E+15,4.85616E+16
47436,8.17053E+18,8,1,17,19,2017,5,15,1,3,3,6,0,1,0,0,0,0,0,5.51665E+20,5.39262E+21,9.70194E+15,4.86845E+16
47437,8.17053E+18,8,4,25,75,2017,5,12,1,3,9,1,0,1,0,0,0,0,0,5.69405E+20,5.37958E+21,9.94075E+15,4.85654E+16
47438,8.17053E+18,8,1,16,19,2017,5,14,1,3,2,6,0,1,0,0,0,0,0,5.23095E+20,5.39871E+21,9.31413E+15,4.8741E+16
47439,8.17053E+18,8,1,11,0,2017,5,22,1,2,3,2,0,1,0,0,1,2,0,5.16118E+20,5.40565E+21,9.21951E+15,4.88036E+16
47440,8.17053E+18,8,1,11,0,2017,5,10,1,3,0,2,1,1,0,0,0,0,0,5.07485E+20,5.4057E+21,9.10194E+15,4.88042E+16
47441,8.17053E+18,8,4,37,123,2017,5,16,7,3,5,3,0,1,0,0,1,0,0,5.09372E+20,5.30957E+21,9.12549E+15,4.79394E+16
47442,8.17053E+18,8,4,36,81,2017,5,23,7,3,2,6,0,1,0,0,0,2,0,5.56561E+20,5.2774E+21,9.75312E+15,4.76475E+16
47443,8.17053E+18,8,4,36,55,2017,5,6,7,3,8,7,0,1,0,0,0,0,0,5.77029E+20,5.29633E+21,1.0029E+16,4.78158E+16
47444,8.17053E+18,8,4,35,66,2017,5,9,7,3,5,3,0,1,0,0,0,0,0,5.16539E+20,5.28822E+21,9.22064E+15,4.77471E+16
47445,8.17053E+18,8,4,37,59,2017,5,21,7,2,4,6,0,1,0,0,0,2,0,5.10475E+20,5.32221E+21,9.14056E+15,4.80531E+16
47446,8.17053E+18,8,4,37,78,2017,5,15,7,1,9,1,0,0,0,1,0,0,0,5.08604E+20,5.31685E+21,9.11536E+15,4.80049E+16
47447,8.17053E+18,8,4,26,87,2017,5,20,7,3,9,1,0,1,0,0,0,0,0,5.6561E+20,5.32176E+21,9.88032E+15,4.80457E+16
47448,8.17053E+18,8,4,26,21,2017,5,21,7,2,7,1,1,0,0,0,0,2,0,5.63922E+20,5.32622E+21,9.85834E+15,4.8086E+16
47449,8.17053E+18,8,4,26,21,2017,5,8,7,3,4,6,0,1,0,0,1,0,0,5.60749E+20,5.32565E+21,9.81567E+15,4.80812E+16
47450,8.17053E+18,8,4,25,20,2017,5,7,7,3,5,3,0,1,0,1,0,0,0,5.59341E+20,5.36092E+21,9.8017E+15,4.83986E+16
47451,8.17053E+18,8,2,15,111,2017,5,21,7,1,7,1,0,0,0,1,0,1,0,4.5757E+20,5.4461E+21,8.41795E+15,4.91662E+16
47452,8.17053E+18,8,2,15,46,2017,5,7,7,1,2,6,1,1,0,0,0,0,0,4.5289E+20,5.41284E+21,8.35763E+15,4.88667E+16
47453,8.17053E+18,8,3,25,57,2017,5,11,7,3,8,1,1,0,0,0,0,0,0,4.73319E+20,5.35661E+21,8.6398E+15,4.83621E+16
47454,8.17053E+18,8,1,35,26,2017,5,15,4,2,8,1,0,1,0,0,0,0,0,5.90024E+20,5.39532E+21,1.02236E+16,4.87044E+16
47455,8.17053E+18,8,1,35,16,2017,5,16,4,2,5,3,0,1,0,1,0,0,0,5.89998E+20,5.38468E+21,1.02209E+16,4.86087E+16
47456,8.17053E+18,8,1,28,138,2017,5,15,4,3,8,1,0,0,0,0,1,0,0,5.41221E+20,5.48776E+21,9.56978E+15,4.95411E+16
47457,8.17053E+18,8,1,25,65,2017,5,15,4,3,2,6,0,1,0,1,0,0,0,5.16165E+20,5.44898E+21,9.22187E+15,4.91934E+16
47458,8.17053E+18,8,1,19,89,2017,5,16,4,3,5,3,0,1,0,1,0,0,0,5.33464E+20,5.41539E+21,9.45652E+15,4.88906E+16
47459,8.17053E+18,8,1,19,85,2017,5,19,4,3,2,6,0,1,0,0,0,0,0,5.28283E+20,5.41327E+21,9.38569E+15,4.88717E+16
47460,8.17053E+18,8,1,19,75,2017,5,11,4,3,8,1,0,1,0,0,0,0,0,5.37174E+20,5.42969E+21,9.50844E+15,4.9019E+16
47461,8.17053E+18,8,1,19,67,2017,5,5,4,3,4,6,0,1,0,0,1,0,0,5.36636E+20,5.40946E+21,9.49925E+15,4.88371E+16
47462,8.17053E+18,8,1,18,51,2017,5,12,4,3,5,2,0,1,0,1,0,0,0,5.09701E+20,5.41506E+21,9.13234E+15,4.88884E+16
47463,8.17053E+18,8,1,17,18,2017,5,19,4,3,4,2,1,1,0,0,0,0,0,5.38189E+20,5.39602E+21,9.51917E+15,4.87161E+16
47464,8.17053E+18,8,1,17,26,2017,5,19,4,3,2,1,0,1,0,0,0,0,0,5.4905E+20,5.39343E+21,9.66651E+15,4.8692E+16
47465,8.17053E+18,8,1,17,26,2017,5,18,4,3,0,3,0,1,0,0,1,0,0,5.49246E+20,5.39344E+21,9.66918E+15,4.8692E+16
47466,8.17053E+18,8,1,17,26,2017,5,16,4,2,5,3,0,1,0,1,0,0,0,5.51223E+20,5.39069E+21,9.6957E+15,4.86672E+16
47467,8.17053E+18,8,1,16,49,2017,5,9,4,3,2,6,0,1,0,0,1,0,0,5.24098E+20,5.38581E+21,9.32702E+15,4.86249E+16
47468,8.17053E+18,8,1,16,78,2017,5,17,4,3,8,1,0,0,0,1,0,0,0,5.09517E+20,5.39211E+21,9.1293E+15,4.8682E+16
47469,8.17053E+18,8,1,16,11,2017,5,16,4,3,4,6,0,1,0,0,0,0,0,5.31885E+20,5.37906E+21,9.43217E+15,4.85638E+16
47470,8.17053E+18,8,1,16,78,2017,5,11,4,3,2,6,0,1,0,1,0,0,0,5.10783E+20,5.39326E+21,9.14652E+15,4.86923E+16
47471,8.17053E+18,8,1,16,19,2017,5,8,4,2,4,3,1,1,0,0,0,0,0,5.23507E+20,5.39815E+21,9.31971E+15,4.8736E+16
47472,8.17053E+18,8,1,11,0,2017,5,11,4,2,6,7,0,0,1,0,1,0,0,5.11535E+20,5.40646E+21,9.15712E+15,4.8811E+16
47473,8.17053E+18,8,4,37,88,2017,5,7,3,3,9,7,0,1,0,0,0,0,0,5.20195E+20,5.31117E+21,9.27049E+15,4.79535E+16
47474,8.17053E+18,8,4,36,82,2017,5,7,3,3,2,6,0,1,0,0,0,0,0,5.47962E+20,5.2961E+21,9.64069E+15,4.78165E+16
47475,8.17053E+18,8,4,36,8,2017,5,17,3,3,2,6,0,1,0,0,0,0,0,5.47618E+20,5.31077E+21,9.63772E+15,4.79485E+16
47476,8.17053E+18,8,4,35,16,2017,5,11,3,3,5,2,1,1,0,0,0,0,0,5.3575E+20,5.28151E+21,9.47637E+15,4.7686E+16
47477,8.17053E+18,8,4,37,88,2017,5,18,3,3,8,1,0,1,0,0,0,0,0,5.21565E+20,5.30958E+21,9.28875E+15,4.79392E+16
47478,8.17053E+18,8,2,26,96,2017,5,19,7,3,8,7,0,1,0,0,0,0,0,4.7354E+20,5.49098E+21,8.63404E+15,4.95708E+16
47479,8.17053E+18,8,3,11,0,2017,5,10,7,2,0,1,1,0,0,0,0,0,0,4.15161E+20,5.31246E+21,7.86355E+15,4.79598E+16
47480,8.17053E+18,8,4,25,71,2017,5,15,3,3,4,6,0,0,0,0,1,0,0,5.54301E+20,5.37186E+21,9.73504E+15,4.84975E+16
47481,8.17053E+18,8,4,25,20,2017,5,12,3,3,2,6,0,1,0,0,0,0,0,5.62713E+20,5.36229E+21,9.84745E+15,4.84107E+16
47482,8.17053E+18,8,4,16,9,2017,5,13,3,3,4,2,0,1,0,0,0,0,0,5.07412E+20,5.38383E+21,9.10055E+15,4.86075E+16
47483,8.17053E+18,8,4,15,61,2017,5,18,3,3,5,3,1,1,0,0,0,0,0,5.14307E+20,5.37118E+21,9.19364E+15,4.84936E+16
47484,8.17053E+18,8,4,15,91,2017,5,16,3,3,8,1,0,0,0,1,0,0,0,5.13272E+20,5.36198E+21,9.17934E+15,4.84108E+16
47485,8.17053E+18,8,4,15,78,2017,5,14,3,3,5,3,0,1,0,0,0,0,0,5.28729E+20,5.37125E+21,9.38885E+15,4.84937E+16
47486,8.17053E+18,8,4,15,27,2017,5,21,3,3,5,3,0,1,0,1,0,1,0,5.31984E+20,5.35699E+21,9.43182E+15,4.83653E+16