OBJECTID,UIDENTSTLA,ULAND,UREGBEZ,UKREIS,UGEMEINDE,UJAHR,UMONAT,USTUNDE,UWOCHENTAG,UKATEGORIE,UART,UTYP1,IstRad,IstPKW,IstFuss,IstKrad,IstSonstig,LICHT,STRZUSTAND,LINREFX,LINREFY,XGCSWGS84,YGCSWGS84
47487,8.17053E+18,8,3,37,116,2017,5,14,3,2,4,2,0,1,0,1,0,0,0,4.17003E+20,5.2765E+21,7.8951E+15,4.76366E+16
47488,8.17053E+18,8,3,35,79,2017,5,17,3,3,2,6,0,1,0,0,0,0,0,4.99994E+20,5.29912E+21,8.99992E+15,4.78454E+16
47489,8.17053E+18,8,3,35,75,2017,5,12,3,3,5,2,1,1,0,0,0,0,0,4.87853E+20,5.28917E+21,8.83793E+15,4.77558E+16
47490,8.17053E+18,8,4,36,8,2017,5,17,3,2,5,3,0,0,0,1,1,0,0,5.50824E+20,5.31265E+21,9.68087E+15,4.79651E+16
47491,8.17053E+18,8,4,16,26,2017,5,9,7,3,5,3,0,0,0,1,1,0,0,5.04144E+20,5.36516E+21,9.05603E+15,4.84396E+16
47492,8.17053E+18,8,3,35,77,2017,5,12,3,3,3,6,0,1,0,1,0,0,0,4.94009E+20,5.29066E+21,8.92004E+15,4.77693E+16
47493,8.17053E+18,8,4,15,73,2017,5,10,7,2,3,6,0,0,0,1,1,0,0,5.19416E+20,5.34916E+21,9.26178E+15,4.82953E+16
47494,8.17053E+18,8,3,26,74,2017,5,17,3,3,0,7,1,0,0,0,1,0,0,4.65564E+20,5.3235E+21,8.53779E+15,4.80639E+16
47495,8.17053E+18,8,3,26,6,2017,5,15,3,3,3,2,0,1,0,0,1,0,0,4.56049E+20,5.30921E+21,8.41155E+15,4.79347E+16
47496,8.17053E+18,8,3,26,12,2017,5,17,3,3,2,6,0,1,0,0,0,0,0,4.62473E+20,5.31171E+21,8.49734E+15,4.79576E+16
47497,8.17053E+18,8,3,27,51,2017,5,6,3,2,4,6,0,0,0,1,1,0,0,4.85117E+20,5.33221E+21,8.79993E+15,4.8143E+16
47498,8.17053E+18,8,3,17,96,2017,5,9,3,3,2,6,0,1,0,0,1,0,0,4.20957E+20,5.3758E+21,7.92936E+15,4.85304E+16
47499,8.17053E+18,8,3,16,43,2017,5,20,3,3,2,6,0,1,0,0,0,0,1,4.10161E+20,5.33019E+21,7.79287E+15,4.81186E+16
47500,8.17053E+18,8,3,16,43,2017,5,8,3,2,3,2,0,0,0,1,1,0,0,4.10491E+20,5.33285E+21,7.79674E+15,4.81426E+16
47501,8.17053E+18,8,3,15,15,2017,5,16,3,3,4,2,0,1,0,0,0,0,0,3.94706E+20,5.32215E+21,7.58726E+15,4.80439E+16
47502,8.17053E+18,8,2,12,0,2017,5,15,3,3,2,6,0,1,0,0,0,0,0,4.60975E+20,5.42935E+21,8.46628E+15,4.90158E+16
47503,8.17053E+18,8,2,37,27,2017,5,7,3,3,4,6,0,1,0,0,1,0,0,4.82578E+20,5.37009E+21,8.76424E+15,4.84837E+16
47504,8.17053E+18,8,2,36,40,2017,5,21,3,2,4,7,0,0,0,0,1,2,0,4.87136E+20,5.42168E+21,8.82431E+15,4.89479E+16
47505,8.17053E+18,8,2,31,0,2017,5,13,3,3,3,7,0,1,0,0,0,0,0,4.79495E+20,5.41473E+21,8.7203E+15,4.88852E+16
47506,8.17053E+18,8,2,36,25,2017,5,16,3,3,0,7,0,1,0,0,1,0,0,4.88719E+20,5.4046E+21,8.84639E+15,4.87943E+16
47507,8.17053E+18,8,4,15,61,2017,5,21,7,2,6,4,0,1,1,0,0,2,0,5.13066E+20,5.3739E+21,9.17694E+15,4.85181E+16
47508,8.17053E+18,8,2,25,117,2017,5,12,3,3,4,6,0,1,0,0,1,0,0,5.17249E+20,5.47301E+21,9.23779E+15,4.94096E+16
47509,8.17053E+18,8,2,22,0,2017,5,17,3,3,2,6,0,1,0,0,0,0,0,4.60073E+20,5.48897E+21,8.44799E+15,4.95521E+16
47510,8.17053E+18,8,2,26,59,2017,5,17,3,3,0,3,1,0,0,0,1,0,0,4.65251E+20,5.46019E+21,8.5221E+15,4.92935E+16
47511,8.17053E+18,8,4,15,61,2017,5,20,7,3,3,2,1,1,0,0,0,0,0,5.14305E+20,5.37117E+21,9.19362E+15,4.84935E+16
47512,8.17053E+18,8,2,21,0,2017,5,14,3,3,2,2,0,1,0,1,0,0,1,4.77845E+20,5.47326E+21,8.69457E+15,4.94116E+16
47513,8.17053E+18,8,2,16,43,2017,5,16,3,3,5,3,1,1,0,0,0,0,0,4.42004E+20,5.41109E+21,8.20945E+15,4.88501E+16
47514,8.17053E+18,8,4,15,61,2017,5,16,7,3,2,6,0,1,0,0,0,0,0,5.14441E+20,5.37148E+21,9.19547E+15,4.84963E+16
47515,8.17053E+18,8,3,36,14,2017,5,13,7,2,2,6,0,0,0,1,1,0,0,3.89176E+20,5.28133E+21,7.52354E+15,4.76759E+16
47516,8.17053E+18,8,2,16,23,2017,5,12,3,3,2,2,0,1,0,0,0,0,0,4.37868E+20,5.40756E+21,8.15361E+15,4.8818E+16
47517,8.17053E+18,8,2,15,107,2017,5,12,3,3,2,6,0,1,0,0,0,0,0,4.62345E+20,5.45659E+21,8.48248E+15,4.92609E+16
47518,8.17053E+18,8,2,15,94,2017,5,16,3,2,2,2,0,1,0,1,0,0,0,4.8731E+20,5.43989E+21,8.82611E+15,4.91117E+16
47519,8.17053E+18,8,1,36,33,2017,5,21,3,3,1,6,0,1,0,0,0,2,0,5.80242E+20,5.41479E+21,1.00945E+16,4.88809E+16
47520,8.17053E+18,8,1,35,16,2017,5,19,3,3,1,6,0,1,0,0,0,0,0,5.94334E+20,5.38694E+21,1.02802E+16,4.86284E+16
47521,8.17053E+18,8,1,28,128,2017,5,14,3,3,5,3,1,1,0,0,0,0,0,5.46406E+20,5.50177E+21,9.64309E+15,4.96667E+16
47522,8.17053E+18,8,1,26,66,2017,5,16,3,3,1,3,1,1,0,0,0,0,0,5.35318E+20,5.45089E+21,9.4849E+15,4.92097E+16
47523,8.17053E+18,8,1,25,49,2017,5,3,3,1,1,5,0,0,0,0,1,2,1,4.98357E+20,5.45209E+21,8.97743E+15,4.92216E+16
47524,8.17053E+18,8,1,25,107,2017,5,19,3,3,3,2,0,1,0,1,0,0,0,5.34803E+20,5.43795E+21,9.47671E+15,4.90934E+16
47525,8.17053E+18,8,1,25,57,2017,5,16,3,3,4,6,0,1,0,0,0,0,0,5.25131E+20,5.44247E+21,9.34452E+15,4.91345E+16
47526,8.17053E+18,8,1,19,79,2017,5,17,3,3,1,6,0,1,0,0,0,0,0,5.24562E+20,5.40752E+21,9.33461E+15,4.88202E+16
47527,8.17053E+18,8,1,19,20,2017,5,13,3,3,1,6,0,1,0,0,0,0,0,5.19046E+20,5.40704E+21,9.25945E+15,4.88161E+16
47528,8.17053E+18,8,1,18,73,2017,5,11,3,2,9,7,0,1,0,0,0,0,0,4.96673E+20,5.41865E+21,8.95459E+15,4.89207E+16
47529,8.17053E+18,8,1,18,81,2017,5,22,3,3,2,6,0,1,0,0,0,2,0,5.19384E+20,5.41237E+21,9.2643E+15,4.8864E+16
47530,8.17053E+18,8,1,15,15,2017,5,18,3,3,5,3,0,1,0,0,0,0,0,4.92113E+20,5.38689E+21,8.89295E+15,4.8635E+16
47531,8.17053E+18,8,3,37,90,2017,5,19,7,2,9,1,0,0,0,1,0,0,0,4.22702E+20,5.27285E+21,7.97161E+15,4.76044E+16
47532,8.17053E+18,8,3,36,81,2017,5,15,7,3,4,6,0,1,0,1,0,0,0,4.20461E+20,5.28251E+21,7.94004E+15,4.76911E+16
47533,8.17053E+18,8,3,37,13,2017,5,13,7,2,8,1,0,0,0,1,0,0,0,4.24646E+20,5.29537E+21,7.99357E+15,4.78072E+16
47534,8.17053E+18,8,1,15,21,2017,5,14,3,2,4,6,0,1,0,0,1,0,0,4.91232E+20,5.38182E+21,8.8811E+15,4.85894E+16
47535,8.17053E+18,8,1,17,10,2017,5,17,3,3,4,2,0,1,0,0,0,0,0,5.68562E+20,5.39266E+21,9.93148E+15,4.86832E+16
47536,8.17053E+18,8,3,35,96,2017,5,18,7,3,0,7,0,0,0,1,1,0,1,5.08072E+20,5.30349E+21,9.10798E+15,4.78846E+16
47537,8.17053E+18,8,1,17,26,2017,5,8,3,3,2,6,0,1,0,0,1,0,0,5.4759E+20,5.39687E+21,9.64706E+15,4.8723E+16
47538,8.17053E+18,8,1,17,58,2017,5,12,3,3,8,1,0,1,0,0,0,0,0,5.45994E+20,5.37694E+21,9.62316E+15,4.85438E+16
47539,8.17053E+18,8,1,16,49,2017,5,8,3,3,3,6,0,1,0,0,0,0,0,5.24133E+20,5.38583E+21,9.3275E+15,4.86251E+16
47540,8.17053E+18,8,1,16,56,2017,5,21,3,2,9,1,0,1,0,0,0,2,0,5.35172E+20,5.39509E+21,9.47808E+15,4.87079E+16
47541,8.17053E+18,8,1,16,49,2017,5,15,3,3,2,6,0,1,0,0,1,0,0,5.24321E+20,5.38739E+21,9.33014E+15,4.86391E+16
47542,8.17053E+18,8,1,15,45,2017,5,16,3,2,6,6,1,0,1,0,0,0,0,4.99701E+20,5.39469E+21,8.99594E+15,4.87053E+16
47543,8.17053E+18,8,1,15,37,2017,5,17,3,3,5,2,0,1,0,1,0,0,0,4.91441E+20,5.38458E+21,8.88388E+15,4.86142E+16
47544,8.17053E+18,8,1,15,44,2017,5,19,3,3,5,3,1,1,0,0,0,0,0,5.04247E+20,5.38981E+21,9.05767E+15,4.86613E+16
47545,8.17053E+18,8,1,11,0,2017,5,7,3,3,2,6,0,1,0,0,0,0,1,5.15346E+20,5.4032E+21,9.2089E+15,4.87816E+16
47546,8.17053E+18,8,1,11,0,2017,5,9,3,3,5,3,1,1,0,0,0,0,0,5.0921E+20,5.3974E+21,9.12524E+15,4.87296E+16
47547,8.17053E+18,8,1,11,0,2017,5,14,3,2,2,6,0,1,0,0,0,0,0,5.18322E+20,5.40208E+21,9.24936E+15,4.87715E+16
47548,8.17053E+18,8,1,11,0,2017,5,16,3,3,2,6,0,1,0,0,0,0,0,5.15283E+20,5.40503E+21,9.20811E+15,4.8798E+16
47549,8.17053E+18,8,4,37,104,2017,5,17,2,3,5,3,0,1,0,1,0,0,0,5.17385E+20,5.32642E+21,9.23346E+15,4.80908E+16
47550,8.17053E+18,8,4,37,76,2017,5,13,2,3,2,7,0,1,0,0,1,0,0,5.24203E+20,5.32257E+21,9.3248E+15,4.80559E+16
47551,8.17053E+18,8,4,36,81,2017,5,10,2,3,3,6,0,1,0,0,0,0,0,5.56208E+20,5.27704E+21,9.74838E+15,4.76443E+16
47552,8.17053E+18,8,4,36,9,2017,5,7,2,3,2,6,0,1,0,0,0,0,0,5.52751E+20,5.30301E+21,9.7055E+15,4.78783E+16
47553,8.17053E+18,8,4,36,27,2017,5,9,2,3,2,2,0,1,0,0,0,0,0,5.37832E+20,5.30944E+21,9.50655E+15,4.79372E+16
47554,8.17053E+18,8,4,36,82,2017,5,15,2,3,3,6,0,1,0,1,0,0,0,5.46972E+20,5.2939E+21,9.62723E+15,4.77967E+16
47555,8.17053E+18,8,3,35,79,2017,5,23,7,3,3,6,0,1,0,1,0,2,0,5.00374E+20,5.30116E+21,9.00499E+15,4.78638E+16
47556,8.17053E+18,8,3,26,10,2017,5,14,7,3,9,1,0,1,0,0,0,0,0,4.66408E+20,5.32751E+21,8.5488E+15,4.81E+16
47557,8.17053E+18,8,4,35,57,2017,5,8,2,3,0,1,1,0,0,0,0,0,0,5.4455E+20,5.27986E+21,9.59345E+15,4.76706E+16
47558,8.17053E+18,8,4,35,30,2017,5,7,2,3,4,2,1,1,0,0,0,0,0,5.41741E+20,5.2717E+21,9.55526E+15,4.75973E+16
47559,8.17053E+18,8,4,35,16,2017,5,16,2,3,4,2,1,1,0,0,0,0,0,5.36436E+20,5.27907E+21,9.48531E+15,4.7664E+16
47560,8.17053E+18,8,4,37,8,2017,5,13,2,3,4,6,0,1,0,1,0,0,0,5.19919E+20,5.32935E+21,9.26763E+15,4.81171E+16
47561,8.17053E+18,8,4,25,39,2017,5,15,2,2,4,1,0,1,0,0,0,0,0,5.60599E+20,5.3531E+21,9.81757E+15,4.83282E+16
47562,8.17053E+18,8,4,25,31,2017,5,8,2,3,4,2,0,1,0,1,1,0,0,5.70096E+20,5.36872E+21,9.94829E+15,4.84677E+16
47563,8.17053E+18,8,4,17,31,2017,5,13,2,3,8,1,0,0,0,1,0,0,0,4.99915E+20,5.35553E+21,8.99885E+15,4.83529E+16
47564,8.17053E+18,8,3,25,51,2017,5,18,7,3,4,6,0,1,0,1,0,0,0,4.52697E+20,5.34632E+21,8.36256E+15,4.82683E+16
47565,8.17053E+18,8,4,17,2,2017,5,10,2,2,5,3,0,1,0,1,0,0,0,4.88823E+20,5.34552E+21,8.8494E+15,4.82628E+16
47566,8.17053E+18,8,4,17,79,2017,5,22,2,3,0,7,0,0,0,1,0,2,0,4.98989E+20,5.34427E+21,8.98638E+15,4.82517E+16
47567,8.17053E+18,8,3,25,49,2017,5,17,7,3,8,1,0,0,0,1,0,0,0,4.70887E+20,5.33649E+21,8.60835E+15,4.8181E+16
47568,8.17053E+18,8,4,16,41,2017,5,12,2,3,4,2,1,1,0,0,0,0,0,5.0592E+20,5.37548E+21,9.08019E+15,4.85324E+16
47569,8.17053E+18,8,4,16,6,2017,5,16,2,3,1,1,0,1,0,0,0,0,0,4.98185E+20,5.35977E+21,8.97548E+15,4.83911E+16
47570,8.17053E+18,8,4,16,41,2017,5,20,2,3,5,3,1,0,0,0,0,0,0,4.98563E+20,5.37467E+21,8.98054E+15,4.85252E+16
47571,8.17053E+18,8,4,15,87,2017,5,12,2,1,5,3,0,0,0,1,1,0,0,5.14258E+20,5.38208E+21,9.19336E+15,4.85916E+16
47572,8.17053E+18,8,4,16,11,2017,5,6,2,3,0,7,1,0,0,0,0,0,0,5.05436E+20,5.36756E+21,9.07353E+15,4.84612E+16
47573,8.17053E+18,8,4,15,61,2017,5,16,2,3,2,6,0,1,0,1,0,0,0,5.14901E+20,5.37352E+21,9.20177E+15,4.85146E+16
47574,8.17053E+18,8,3,35,79,2017,5,11,2,3,2,2,0,1,0,0,1,0,0,5.01043E+20,5.29969E+21,9.01394E+15,4.78506E+16
47575,8.17053E+18,8,3,35,57,2017,5,17,2,1,8,6,0,1,0,1,0,0,0,4.97889E+20,5.30704E+21,8.97174E+15,4.79166E+16
47576,8.17053E+18,8,4,35,16,2017,5,15,2,2,8,7,0,0,0,1,0,0,0,5.32282E+20,5.28044E+21,9.43008E+15,4.76765E+16
47577,8.17053E+18,8,4,35,35,2017,5,18,2,2,3,2,1,0,0,0,1,0,0,5.41155E+20,5.28339E+21,9.54857E+15,4.77026E+16
47578,8.17053E+18,8,4,36,69,2017,5,7,2,3,0,1,0,0,0,1,0,0,0,5.55172E+20,5.29458E+21,9.73681E+15,4.78022E+16
47579,8.17053E+18,8,3,25,49,2017,5,16,2,2,5,3,0,1,0,1,0,0,0,4.73061E+20,5.33214E+21,8.63787E+15,4.8142E+16
47580,8.17053E+18,8,3,25,64,2017,5,9,2,1,4,6,0,1,0,1,0,0,0,4.76424E+20,5.3328E+21,8.68304E+15,4.8148E+16
47581,8.17053E+18,8,3,26,61,2017,5,5,2,2,5,3,0,1,0,0,1,0,0,4.68834E+20,5.32109E+21,8.58185E+15,4.80423E+16
47582,8.17053E+18,8,3,17,122,2017,5,13,2,3,2,6,0,1,0,0,0,0,0,4.17843E+20,5.3676E+21,7.8888E+15,4.84561E+16
47583,8.17053E+18,8,3,16,17,2017,5,5,2,3,2,6,0,1,0,0,0,0,0,4.0701E+20,5.34251E+21,7.74785E+15,4.82289E+16
47584,8.17053E+18,8,3,16,37,2017,5,18,2,3,9,1,0,1,0,0,0,0,0,4.07952E+20,5.33273E+21,7.76265E+15,4.81411E+16
47585,8.17053E+18,8,3,15,102,2017,5,16,2,3,9,6,0,1,0,0,0,0,0,4.3908E+20,5.2952E+21,8.18636E+15,4.78073E+16
47586,8.17053E+18,8,3,36,91,2017,5,8,2,3,2,6,0,1,0,0,0,0,0,3.95804E+20,5.27461E+21,7.61342E+15,4.76165E+16
47587,8.17053E+18,8,3,11,0,2017,5,8,2,3,5,2,1,1,0,0,0,0,0,4.12935E+20,5.31489E+21,7.83325E+15,4.79814E+16
47588,8.17053E+18,8,3,11,0,2017,5,12,2,3,5,3,0,1,0,1,0,0,0,4.13978E+20,5.31414E+21,7.84738E+15,4.79748E+16
47589,8.17053E+18,8,2,31,0,2017,5,7,2,3,2,6,0,1,0,0,0,0,0,4.78883E+20,5.418E+21,8.71178E+15,4.89146E+16
47590,8.17053E+18,8,2,26,84,2017,5,16,2,3,8,7,0,0,0,0,1,0,0,4.67215E+20,5.47376E+21,8.548E+15,4.94156E+16
47591,8.17053E+18,8,2,12,0,2017,5,13,2,3,2,6,0,1,0,0,0,0,0,4.55896E+20,5.43022E+21,8.39673E+15,4.90233E+16
47592,8.17053E+18,8,2,15,97,2017,5,22,2,2,5,3,0,1,0,0,0,2,0,4.81051E+20,5.44081E+21,8.74031E+15,4.91198E+16
47593,8.17053E+18,8,2,12,0,2017,5,7,2,2,2,6,0,0,0,0,1,0,0,4.58312E+20,5.4242E+21,8.4304E+15,4.89693E+16
47594,8.17053E+18,8,2,15,46,2017,5,14,7,3,4,6,0,1,0,0,0,0,0,4.56454E+20,5.41369E+21,8.40612E+15,4.88747E+16
47595,8.17053E+18,8,2,15,7,2017,5,20,2,3,9,1,0,1,0,0,0,0,0,4.76631E+20,5.42893E+21,8.68042E+15,4.90129E+16
47596,8.17053E+18,8,3,17,1,2017,5,7,2,3,8,7,0,0,0,0,1,0,0,4.28008E+20,5.38705E+21,8.02289E+15,4.86324E+16
47597,8.17053E+18,8,2,37,4,2017,5,8,2,3,4,6,0,1,0,1,0,0,0,4.49102E+20,5.36887E+21,8.31138E+15,4.84709E+16
47598,8.17053E+18,8,2,35,6,2017,5,0,2,2,8,1,0,1,0,0,0,2,0,4.69618E+20,5.38298E+21,8.58792E+15,4.85992E+16
47599,8.17053E+18,8,2,12,0,2017,5,3,7,2,5,2,0,1,0,0,0,2,0,4.59881E+20,5.43147E+21,8.45111E+15,4.90348E+16
47600,8.17053E+18,8,2,35,47,2017,5,13,2,3,2,2,0,1,0,0,0,0,0,4.78835E+20,5.39158E+21,8.71249E+15,4.86769E+16
47601,8.17053E+18,8,2,35,8,2017,5,13,2,3,2,6,0,1,0,0,0,0,0,4.82193E+20,5.40167E+21,8.75767E+15,4.87678E+16
47602,8.17053E+18,8,2,36,33,2017,5,15,7,2,9,1,0,1,0,0,0,0,0,4.8819E+20,5.43096E+21,8.83843E+15,4.90314E+16
47603,8.17053E+18,8,2,35,8,2017,5,7,2,3,2,2,0,1,0,0,0,0,0,4.80261E+20,5.40315E+21,8.73131E+15,4.8781E+16
47604,8.17053E+18,8,2,36,4,2017,5,14,2,2,2,1,0,1,0,0,0,0,0,4.73303E+20,5.41512E+21,8.63582E+15,4.88885E+16
47605,8.17053E+18,8,2,36,13,2017,5,22,2,3,0,7,1,0,0,0,0,2,0,4.74123E+20,5.40861E+21,8.64741E+15,4.88299E+16
47606,8.17053E+18,8,2,22,0,2017,5,10,2,3,5,2,1,1,0,0,0,0,0,4.6461E+20,5.48521E+21,8.51106E+15,4.95185E+16
47607,8.17053E+18,8,2,22,0,2017,5,15,2,3,3,6,0,1,0,1,0,0,0,4.6058E+20,5.48172E+21,8.45572E+15,4.94868E+16
47608,8.17053E+18,8,2,22,0,2017,5,7,2,3,1,6,0,0,0,0,1,0,0,4.6062E+20,5.48915E+21,8.45554E+15,4.95537E+16
47609,8.17053E+18,8,2,16,13,2017,5,11,2,3,8,6,0,0,0,1,0,0,0,4.52189E+20,5.38798E+21,8.35096E+15,4.86431E+16
47610,8.17053E+18,8,3,17,89,2017,5,11,7,3,2,2,0,1,0,0,0,0,0,4.27533E+20,5.37774E+21,8.01808E+15,4.85485E+16
47611,8.17053E+18,8,2,12,0,2017,5,18,2,3,5,3,0,1,0,0,0,0,0,4.59881E+20,5.43232E+21,8.45102E+15,4.90424E+16
47612,8.17053E+18,8,2,15,102,2017,5,16,2,3,3,2,1,1,0,0,0,0,0,4.55301E+20,5.43631E+21,8.38792E+15,4.9078E+16
47613,8.17053E+18,8,2,16,49,2017,5,17,2,3,0,6,0,1,0,0,1,0,0,4.3876E+20,5.40058E+21,8.1668E+15,4.87552E+16
47614,8.17053E+18,8,1,21,0,2017,5,17,2,3,2,6,0,1,0,0,0,0,0,5.09769E+20,5.44817E+21,9.13406E+15,4.91863E+16
47615,8.17053E+18,8,1,11,0,2017,5,7,2,3,2,6,0,1,0,0,1,0,0,5.12031E+20,5.39485E+21,9.16352E+15,4.87066E+16
47616,8.17053E+18,8,1,18,60,2017,5,22,2,3,5,3,0,0,0,1,0,2,0,5.23518E+20,5.4302E+21,9.3217E+15,4.90242E+16
47617,8.17053E+18,8,1,36,19,2017,5,9,2,2,5,3,1,1,0,0,0,0,0,5.83326E+20,5.42513E+21,1.01386E+16,4.89734E+16
47618,8.17053E+18,8,1,36,50,2017,5,13,2,3,5,3,0,1,0,0,1,0,0,5.82157E+20,5.40408E+21,1.01184E+16,4.87843E+16
47619,8.17053E+18,8,1,35,19,2017,5,15,2,3,3,2,0,1,0,0,1,0,0,5.85212E+20,5.39162E+21,1.01574E+16,4.86719E+16
47620,8.17053E+18,8,1,28,131,2017,5,0,2,2,6,7,0,0,1,0,1,2,0,5.37286E+20,5.51218E+21,9.51771E+15,4.9761E+16
47621,8.17053E+18,8,1,25,6,2017,5,13,2,2,2,1,0,1,0,0,1,0,0,5.03391E+20,5.45129E+21,9.04656E+15,4.92144E+16
47622,8.17053E+18,8,1,26,39,2017,5,8,2,2,6,4,0,1,1,0,0,0,0,5.48375E+20,5.46048E+21,9.66532E+15,4.92952E+16
47623,8.17053E+18,8,1,25,5,2017,5,16,2,3,1,7,0,1,0,0,0,0,0,5.16734E+20,5.45033E+21,9.22973E+15,4.92055E+16
47624,8.17053E+18,8,1,18,50,2017,5,15,2,3,5,2,0,1,0,0,0,0,0,5.07254E+20,5.41686E+21,9.09899E+15,4.89047E+16
47625,8.17053E+18,8,1,18,79,2017,5,15,2,2,6,6,1,0,1,0,0,0,0,5.10529E+20,5.42215E+21,9.14382E+15,4.89522E+16
47626,8.17053E+18,8,1,17,26,2017,5,14,2,3,2,6,0,1,0,0,0,0,0,5.45166E+20,5.39457E+21,9.61386E+15,4.87025E+16
47627,8.17053E+18,8,1,17,24,2017,5,11,2,3,0,1,0,0,0,1,0,0,0,5.60678E+20,5.38582E+21,9.82339E+15,4.86225E+16
47628,8.17053E+18,8,1,16,33,2017,5,17,2,3,2,6,0,1,0,0,0,0,0,5.30097E+20,5.38267E+21,9.4082E+15,4.85964E+16
47629,8.17053E+18,8,4,17,45,2017,5,17,7,2,0,4,0,0,1,1,0,0,0,4.91909E+20,5.33132E+21,8.89125E+15,4.81351E+16
47630,8.17053E+18,8,3,16,56,2017,5,13,7,3,5,3,1,1,0,0,0,0,0,4.1913E+20,5.32505E+21,7.91433E+15,4.80736E+16
47631,8.17053E+18,8,1,15,28,2017,5,16,2,3,4,1,0,1,0,1,0,0,1,5.03355E+20,5.40141E+21,9.04566E+15,4.87657E+16
47632,8.17053E+18,8,1,15,21,2017,5,15,2,3,5,3,0,1,0,0,0,0,0,4.89689E+20,5.38297E+21,8.86014E+15,4.85998E+16
47633,8.17053E+18,8,3,26,52,2017,5,15,7,2,4,6,0,1,0,0,0,0,0,4.52194E+20,5.33098E+21,8.35751E+15,4.81303E+16
47634,8.17053E+18,8,1,15,21,2017,5,15,2,3,5,3,0,1,0,1,0,0,0,4.91534E+20,5.38149E+21,8.8852E+15,4.85864E+16
47635,8.17053E+18,8,3,26,75,2017,5,19,7,2,4,2,0,1,0,1,0,0,0,4.57171E+20,5.31671E+21,8.42583E+15,4.80022E+16
47636,8.17053E+18,8,1,11,0,2017,5,14,2,2,5,3,1,1,0,0,0,0,0,5.06388E+20,5.40554E+21,9.087E+15,4.88028E+16
47637,8.17053E+18,8,1,11,0,2017,5,16,2,3,5,3,0,1,0,0,0,0,0,5.1953E+20,5.4011E+21,9.26576E+15,4.87626E+16
47638,8.17053E+18,8,2,35,79,2017,5,17,7,2,8,1,0,0,0,1,0,0,0,4.69272E+20,5.4002E+21,8.58195E+15,4.87541E+16
47639,8.17053E+18,8,1,11,0,2017,5,15,2,3,2,6,0,1,0,0,0,0,0,5.16416E+20,5.40395E+21,9.22349E+15,4.87883E+16
47640,8.17053E+18,8,1,11,0,2017,5,9,2,3,5,3,0,1,0,0,1,0,0,5.16212E+20,5.39402E+21,9.22033E+15,4.8699E+16
47641,8.17053E+18,8,1,11,0,2017,5,10,2,3,1,5,0,1,0,1,0,0,0,5.15504E+20,5.39425E+21,9.21071E+15,4.87011E+16
47642,8.17053E+18,8,1,11,0,2017,5,5,2,3,5,3,0,1,0,1,0,0,0,5.13208E+20,5.41013E+21,9.18002E+15,4.8844E+16
47643,8.17053E+18,8,4,37,100,2017,5,14,1,3,9,1,0,1,0,0,0,0,0,5.38305E+20,5.31635E+21,9.5135E+15,4.79993E+16
47644,8.17053E+18,8,4,36,9,2017,5,11,1,2,5,3,0,1,0,1,0,0,0,5.56659E+20,5.30554E+21,9.7581E+15,4.79007E+16
47645,8.17053E+18,8,4,36,55,2017,5,13,1,3,5,3,0,1,0,0,0,0,0,5.74113E+20,5.29857E+21,9.99041E+15,4.78362E+16
47646,8.17053E+18,8,4,36,9,2017,5,13,1,3,4,2,1,1,0,0,0,0,0,5.56742E+20,5.30766E+21,9.75949E+15,4.79198E+16
47647,8.17053E+18,8,4,35,15,2017,5,19,1,3,9,7,0,1,0,0,0,0,0,5.19436E+20,5.29898E+21,9.25977E+15,4.78439E+16
47648,8.17053E+18,8,4,35,52,2017,5,9,1,3,8,1,0,1,0,0,0,0,0,5.18667E+20,5.29108E+21,9.24915E+15,4.77728E+16
47649,8.17053E+18,8,4,35,66,2017,5,17,1,3,0,1,1,0,0,0,0,0,0,5.17451E+20,5.28502E+21,9.23268E+15,4.77184E+16
47650,8.17053E+18,8,4,35,59,2017,5,17,1,3,2,6,0,1,0,1,0,0,0,5.13918E+20,5.29116E+21,9.18577E+15,4.77737E+16
47651,8.17053E+18,8,3,37,38,2017,5,10,1,3,0,1,0,0,0,1,0,0,0,4.30192E+20,5.27597E+21,8.07073E+15,4.76334E+16
47652,8.17053E+18,8,3,17,96,2017,5,20,1,3,3,7,0,1,0,0,0,0,0,4.21342E+20,5.36884E+21,7.93587E+15,4.84678E+16
47653,8.17053E+18,8,3,17,126,2017,5,16,1,3,8,1,0,0,0,1,0,0,0,4.42288E+20,5.38281E+21,8.21728E+15,4.85957E+16
47654,8.17053E+18,8,3,35,79,2017,5,13,1,3,0,3,0,0,0,1,0,0,0,4.99568E+20,5.29872E+21,8.99423E+15,4.78418E+16
47655,8.17053E+18,8,2,12,0,2017,5,19,7,3,5,3,1,1,0,0,0,0,0,4.52829E+20,5.42924E+21,8.3549E+15,4.90143E+16
47656,8.17053E+18,8,3,17,89,2017,5,14,7,2,2,6,1,0,0,0,0,0,0,4.31575E+20,5.37653E+21,8.07303E+15,4.85381E+16
47657,8.17053E+18,8,3,16,3,2017,5,7,7,2,8,1,0,0,0,1,0,0,0,4.26288E+20,5.34146E+21,8.00757E+15,4.82221E+16
47658,8.1706E+18,8,2,15,47,2017,6,15,1,2,0,6,0,1,0,1,0,0,0,4.57201E+20,5.41299E+21,8.41639E+15,4.88684E+16
47659,8.1706E+18,8,2,15,101,2017,6,13,1,2,0,1,0,0,0,1,0,0,0,4.65399E+20,5.42796E+21,8.5269E+15,4.90035E+16