OBJECTID,UIDENTSTLA,ULAND,UREGBEZ,UKREIS,UGEMEINDE,UJAHR,UMONAT,USTUNDE,UWOCHENTAG,UKATEGORIE,UART,UTYP1,IstRad,IstPKW,IstFuss,IstKrad,IstSonstig,LICHT,STRZUSTAND,LINREFX,LINREFY,XGCSWGS84,YGCSWGS84
47660,8.1706E+18,8,1,18,21,2017,6,18,1,3,8,1,0,1,0,0,0,0,0,5.18179E+20,5.42992E+21,9.24865E+15,4.90219E+16
47661,8.1706E+18,8,1,18,63,2017,6,5,1,1,8,1,0,1,0,0,0,1,1,5.16214E+20,5.42339E+21,9.22152E+15,4.89632E+16
47662,8.1706E+18,8,1,36,88,2017,6,18,5,3,2,6,0,1,0,0,0,0,0,5.80594E+20,5.40995E+21,1.00983E+16,4.88373E+16
47663,8.1706E+18,8,1,36,88,2017,6,10,5,2,5,3,1,0,0,0,1,0,0,5.80205E+20,5.40962E+21,1.0093E+16,4.88344E+16
47664,8.1706E+18,8,1,28,139,2017,6,14,5,3,5,2,0,1,0,0,0,0,0,5.5257E+20,5.48921E+21,9.72681E+15,4.95532E+16
47665,8.1706E+18,8,1,28,7,2017,6,15,5,3,8,1,0,1,0,0,0,0,0,5.58526E+20,5.47681E+21,9.80732E+15,4.94411E+16
47666,8.1706E+18,8,1,28,7,2017,6,16,5,1,5,2,0,1,0,0,0,0,0,5.5204E+20,5.47674E+21,9.71785E+15,4.94411E+16
47667,8.1706E+18,8,1,36,65,2017,6,21,1,3,4,1,0,1,0,1,0,0,0,5.53707E+20,5.40282E+21,9.73102E+15,4.8776E+16
47668,8.1706E+18,8,1,17,51,2017,6,7,1,3,9,1,0,1,0,0,0,0,1,5.43141E+20,5.39506E+21,9.58639E+15,4.87071E+16
47669,8.1706E+18,8,1,28,58,2017,6,23,1,3,5,3,0,1,0,1,0,2,0,5.59394E+20,5.48198E+21,9.82008E+15,4.94876E+16
47670,8.1706E+18,8,1,25,17,2017,6,11,1,3,5,3,1,1,0,0,0,0,1,4.99596E+20,5.43323E+21,8.99447E+15,4.9052E+16
47671,8.1706E+18,8,1,21,0,2017,6,6,1,3,5,3,0,1,0,0,0,0,1,5.15177E+20,5.44289E+21,9.20808E+15,4.91387E+16
47672,8.1706E+18,8,1,17,24,2017,6,12,1,3,5,3,1,1,0,0,0,0,1,5.60723E+20,5.38586E+21,9.824E+15,4.86229E+16
47673,8.1706E+18,8,1,17,2,2017,6,0,1,3,9,1,0,1,0,0,0,2,1,5.42874E+20,5.38592E+21,9.58181E+15,4.86249E+16
47674,8.1706E+18,8,1,27,100,2017,6,14,5,3,1,6,0,1,0,0,0,0,0,5.52266E+20,5.43838E+21,9.71596E+15,4.90961E+16
47675,8.1706E+18,8,1,26,66,2017,6,19,5,3,5,2,0,1,0,1,0,0,0,5.36344E+20,5.45001E+21,9.49891E+15,4.92018E+16
47676,8.1706E+18,8,1,21,0,2017,6,17,5,3,4,2,0,1,0,1,0,0,0,5.12882E+20,5.44563E+21,9.17671E+15,4.91634E+16
47677,8.1706E+18,8,1,19,79,2017,6,14,5,3,2,6,0,1,0,1,0,0,0,5.21508E+20,5.40738E+21,9.293E+15,4.88191E+16
47678,8.1706E+18,8,1,19,67,2017,6,16,5,2,3,3,0,1,0,0,1,0,0,5.39701E+20,5.40766E+21,9.54085E+15,4.88206E+16
47679,8.1706E+18,8,1,19,76,2017,6,17,5,3,2,6,0,1,0,0,0,0,0,5.41925E+20,5.40642E+21,9.57102E+15,4.88093E+16
47680,8.1706E+18,8,1,19,91,2017,6,7,5,3,2,6,0,1,0,0,0,0,0,5.27943E+20,5.40696E+21,9.38062E+15,4.8815E+16
47681,8.1706E+18,8,1,18,48,2017,6,14,5,3,3,6,0,1,0,1,0,0,0,5.16195E+20,5.41737E+21,9.22101E+15,4.89091E+16
47682,8.1706E+18,8,1,18,48,2017,6,17,5,3,2,6,0,1,0,0,0,0,0,5.13296E+20,5.41676E+21,9.18143E+15,4.89037E+16
47683,8.1706E+18,8,1,18,51,2017,6,18,5,3,2,6,0,1,0,0,0,0,0,5.10675E+20,5.41476E+21,9.14562E+15,4.88857E+16
47684,8.1706E+18,8,1,16,70,2017,6,17,1,3,5,3,0,1,0,0,0,0,0,5.36857E+20,5.38428E+21,9.50002E+15,4.86105E+16
47685,8.1706E+18,8,1,11,0,2017,6,22,1,3,3,6,0,1,0,1,0,2,0,5.13975E+20,5.40388E+21,9.19026E+15,4.87877E+16
47686,8.1706E+18,8,4,36,9,2017,6,0,7,2,0,1,1,0,0,0,0,2,0,5.55288E+20,5.30767E+21,9.74003E+15,4.792E+16
47687,8.1706E+18,8,4,36,13,2017,6,18,7,2,8,1,0,1,0,0,0,0,0,5.4584E+20,5.29822E+21,9.61257E+15,4.78357E+16
47688,8.1706E+18,8,1,18,80,2017,6,18,5,3,2,6,0,1,0,0,0,0,0,5.09624E+20,5.41027E+21,9.13118E+15,4.88454E+16
47689,8.1706E+18,8,1,17,12,2017,6,8,5,3,4,2,0,1,0,0,0,0,0,5.44418E+20,5.38757E+21,9.60294E+15,4.86396E+16
47690,8.1706E+18,8,1,17,26,2017,6,16,5,3,2,1,0,1,0,1,0,0,0,5.50661E+20,5.39206E+21,9.68824E+15,4.86796E+16
47691,8.1706E+18,8,1,16,49,2017,6,15,5,3,3,6,0,1,0,1,1,0,0,5.23982E+20,5.38721E+21,9.32552E+15,4.86375E+16
47692,8.1706E+18,8,1,16,27,2017,6,17,5,2,2,6,0,1,0,0,0,0,0,5.33785E+20,5.39402E+21,9.45914E+15,4.86983E+16
47693,8.1706E+18,8,1,15,28,2017,6,20,5,3,9,7,0,0,0,1,0,1,0,5.00734E+20,5.40471E+21,9.00999E+15,4.87954E+16
47694,8.1706E+18,8,1,15,21,2017,6,8,5,3,5,2,0,1,0,0,0,0,0,4.87831E+20,5.3856E+21,8.83487E+15,4.86233E+16
47695,8.1706E+18,8,1,15,24,2017,6,15,5,3,5,3,0,1,0,0,0,0,0,5.01433E+20,5.38605E+21,9.01945E+15,4.86275E+16
47696,8.1706E+18,8,1,11,0,2017,6,5,5,2,5,3,0,0,0,1,1,1,0,5.08204E+20,5.40785E+21,9.11176E+15,4.88236E+16
47697,8.1706E+18,8,1,11,0,2017,6,16,5,2,5,2,0,1,0,1,0,0,0,5.20116E+20,5.40051E+21,9.2737E+15,4.87573E+16
47698,8.1706E+18,8,1,11,0,2017,6,20,5,3,0,2,0,0,0,1,1,0,0,5.13218E+20,5.40643E+21,9.18003E+15,4.88107E+16
47699,8.1706E+18,8,1,11,0,2017,6,11,5,3,5,3,0,1,0,0,1,0,0,5.18292E+20,5.40309E+21,9.24899E+15,4.87805E+16
47700,8.17053E+18,8,4,37,78,2017,5,7,4,3,5,2,1,1,0,0,0,0,0,5.08249E+20,5.31573E+21,9.11057E+15,4.79948E+16
47701,8.17053E+18,8,4,36,81,2017,5,17,4,3,2,6,0,1,0,0,0,0,0,5.62363E+20,5.2824E+21,9.83108E+15,4.7692E+16
47702,8.17053E+18,8,4,36,96,2017,5,8,4,3,5,3,0,1,0,0,0,0,0,5.44111E+20,5.30126E+21,9.58978E+15,4.78632E+16
47703,8.17053E+18,8,4,36,64,2017,5,15,4,3,3,6,0,1,0,0,0,0,0,5.45927E+20,5.29377E+21,9.61326E+15,4.77957E+16
47704,8.17053E+18,8,4,35,36,2017,5,9,4,3,0,1,1,0,0,0,0,0,0,5.19946E+20,5.2825E+21,9.26582E+15,4.76955E+16
47705,8.17053E+18,8,4,35,13,2017,5,12,4,3,2,6,0,1,0,0,0,0,0,5.40576E+20,5.2752E+21,9.54009E+15,4.7629E+16
47706,8.17053E+18,8,4,35,35,2017,5,16,4,3,2,2,0,1,0,0,0,0,0,5.41372E+20,5.28097E+21,9.55123E+15,4.76808E+16
47707,8.17053E+18,8,4,35,16,2017,5,14,4,3,0,7,1,0,0,0,0,0,0,5.36296E+20,5.27892E+21,9.48342E+15,4.76626E+16
47708,8.17053E+18,8,4,37,78,2017,5,11,4,3,2,6,0,1,0,1,0,0,0,5.08534E+20,5.31682E+21,9.11441E+15,4.80047E+16
47709,8.17053E+18,8,4,26,128,2017,5,14,4,3,2,6,0,1,0,0,0,0,0,5.59254E+20,5.33035E+21,9.79624E+15,4.81236E+16
47710,8.17053E+18,8,4,26,14,2017,5,19,4,2,8,1,0,0,0,1,0,0,0,5.46172E+20,5.3223E+21,9.6196E+15,4.80523E+16
47711,8.17053E+18,8,4,25,39,2017,5,9,4,3,9,1,0,1,0,0,0,0,0,5.59889E+20,5.35399E+21,9.80811E+15,4.83362E+16
47712,8.17053E+18,8,4,17,15,2017,5,18,4,3,0,6,0,0,0,1,1,0,0,4.8228E+20,5.34527E+21,8.76125E+15,4.82604E+16
47713,8.17053E+18,8,4,16,41,2017,5,6,4,3,5,3,1,1,0,0,0,0,0,5.04892E+20,5.37112E+21,9.06621E+15,4.84932E+16
47714,8.17053E+18,8,4,15,50,2017,5,13,4,3,2,7,0,1,0,0,0,0,0,5.23486E+20,5.3748E+21,9.3181E+15,4.85259E+16
47715,8.17053E+18,8,3,37,66,2017,5,17,4,2,5,3,1,0,0,0,1,0,0,4.28341E+20,5.26775E+21,8.04745E+15,4.75592E+16
47716,8.17053E+18,8,3,37,51,2017,5,13,4,2,9,7,0,1,0,0,0,0,0,4.36246E+20,5.28536E+21,8.14995E+15,4.77185E+16
47717,8.1706E+18,8,2,12,0,2017,6,12,1,3,8,7,0,0,0,1,0,0,0,4.58763E+20,5.42588E+21,8.43638E+15,4.89845E+16
47718,8.1706E+18,8,2,11,0,2017,6,5,1,3,9,1,0,1,0,0,0,0,1,4.38337E+20,5.40473E+21,8.16042E+15,4.87925E+16
47719,8.1706E+18,8,2,36,4,2017,6,18,1,3,5,3,0,1,0,1,0,0,0,4.69826E+20,5.41313E+21,8.58853E+15,4.88704E+16
47720,8.1706E+18,8,2,22,0,2017,6,17,1,3,5,2,0,1,0,0,0,0,0,4.64576E+20,5.48399E+21,8.51069E+15,4.95075E+16
47721,8.1706E+18,8,2,26,13,2017,6,10,1,2,8,1,0,1,0,0,0,0,1,4.97505E+20,5.48107E+21,8.96555E+15,4.94822E+16
47722,8.1706E+18,8,2,16,6,2017,6,20,1,3,8,1,0,1,0,0,0,0,0,4.47489E+20,5.40971E+21,8.28439E+15,4.88381E+16
47723,8.1706E+18,8,2,16,15,2017,6,15,1,3,5,3,0,1,0,1,0,0,0,4.4891E+20,5.40635E+21,8.30417E+15,4.88081E+16
47724,8.17053E+18,8,3,36,69,2017,5,16,4,2,5,3,0,1,0,1,0,0,0,4.07845E+20,5.26865E+21,7.77487E+15,4.75647E+16
47725,8.17053E+18,8,3,35,1,2017,5,11,4,3,0,1,0,0,0,1,0,0,0,4.87257E+20,5.2999E+21,8.82966E+15,4.78523E+16
47726,8.17053E+18,8,4,36,82,2017,5,17,4,2,5,3,0,1,0,1,0,0,0,5.47524E+20,5.29461E+21,9.63467E+15,4.78031E+16
47727,8.17053E+18,8,3,26,12,2017,5,21,4,3,0,1,0,0,0,1,0,1,0,4.56028E+20,5.31263E+21,8.41091E+15,4.79655E+16
47728,8.17053E+18,8,3,26,52,2017,5,7,4,1,4,6,0,1,0,0,1,0,0,4.48682E+20,5.32927E+21,8.31052E+15,4.81146E+16
47729,8.17053E+18,8,3,17,39,2017,5,11,4,2,8,7,1,1,0,0,0,0,0,4.40175E+20,5.34812E+21,8.19358E+15,4.82835E+16
47730,8.17053E+18,8,3,17,65,2017,5,16,4,3,2,6,0,1,0,0,0,0,1,4.1408E+20,5.35414E+21,7.84066E+15,4.83346E+16
47731,8.1706E+18,8,4,35,34,2017,6,19,7,3,2,6,0,1,0,0,0,0,0,5.27198E+20,5.2838E+21,9.36256E+15,4.7707E+16
47732,8.1706E+18,8,4,35,13,2017,6,16,7,3,8,1,1,0,0,0,0,0,0,5.40561E+20,5.27562E+21,9.53993E+15,4.76327E+16
47733,8.1706E+18,8,4,26,19,2017,6,17,7,3,2,6,0,1,0,1,0,0,0,5.80979E+20,5.32072E+21,1.00863E+16,4.80347E+16
47734,8.1706E+18,8,4,26,134,2017,6,14,7,2,9,1,0,1,0,0,0,0,0,5.56882E+20,5.33228E+21,9.76463E+15,4.81413E+16
47735,8.1706E+18,8,4,17,8,2017,6,18,7,3,5,3,0,1,0,0,0,0,0,4.93981E+20,5.35051E+21,8.91883E+15,4.83077E+16
47736,8.1706E+18,8,4,15,50,2017,6,10,7,2,8,2,0,1,0,0,0,0,0,5.22094E+20,5.37838E+21,9.29943E+15,4.85581E+16
47737,8.1706E+18,8,4,15,53,2017,6,16,7,3,8,2,0,1,0,0,1,0,0,5.4255E+20,5.36152E+21,9.57493E+15,4.84054E+16
47738,8.1706E+18,8,3,37,76,2017,6,22,7,3,0,1,1,0,0,0,0,2,1,4.2708E+20,5.26822E+21,8.03062E+15,4.75633E+16
47739,8.1706E+18,8,3,35,63,2017,6,16,7,3,0,2,1,0,0,0,1,0,0,4.94152E+20,5.28879E+21,8.92198E+15,4.77525E+16
47740,8.1706E+18,8,4,36,39,2017,6,17,7,2,4,2,0,1,0,1,0,0,0,5.48834E+20,5.28806E+21,9.65143E+15,4.77441E+16
47741,8.1706E+18,8,3,35,63,2017,6,17,7,2,9,7,0,1,0,0,0,0,0,4.95595E+20,5.28735E+21,8.94124E+15,4.77395E+16
47742,8.1706E+18,8,3,35,75,2017,6,13,7,2,0,1,0,0,0,1,0,0,0,4.87906E+20,5.28985E+21,8.83861E+15,4.77619E+16
47743,8.1706E+18,8,3,35,98,2017,6,21,7,3,8,1,0,1,0,0,0,0,1,5.03101E+20,5.29856E+21,9.04144E+15,4.78404E+16
47744,8.1706E+18,8,3,26,74,2017,6,12,7,3,5,2,1,1,0,0,0,0,0,4.59909E+20,5.3232E+21,8.46192E+15,4.80608E+16
47745,8.1706E+18,8,3,26,31,2017,6,16,7,3,4,1,0,1,0,1,0,0,1,4.56648E+20,5.33394E+21,8.41706E+15,4.81572E+16
47746,8.1706E+18,8,3,25,9,2017,6,8,7,3,2,2,0,1,0,0,0,0,0,4.66698E+20,5.34324E+21,8.55147E+15,4.82415E+16
47747,8.1706E+18,8,1,15,4,2017,6,8,7,2,5,3,0,1,0,0,0,0,0,4.88084E+20,5.37187E+21,8.83869E+15,4.84998E+16
47748,8.1706E+18,8,3,17,141,2017,6,20,7,2,9,1,0,1,0,0,0,0,0,4.20269E+20,5.37982E+21,7.91926E+15,4.85664E+16
47749,8.1706E+18,8,3,17,96,2017,6,15,7,3,8,7,0,1,0,0,0,0,0,4.18967E+20,5.36966E+21,7.90359E+15,4.84748E+16
47750,8.1706E+18,8,3,17,75,2017,6,12,7,2,5,3,0,1,0,0,0,0,0,4.1175E+20,5.35985E+21,7.80803E+15,4.83857E+16
47751,8.1706E+18,8,3,16,42,2017,6,13,7,3,4,1,0,1,0,0,1,0,0,4.3449E+20,5.32117E+21,8.12111E+15,4.80405E+16
47752,8.1706E+18,8,3,15,7,2017,6,17,7,3,4,1,0,1,0,0,1,0,0,4.07144E+20,5.29484E+21,7.75998E+15,4.78002E+16
47753,8.1706E+18,8,2,26,85,2017,6,10,7,3,2,6,0,1,0,0,0,0,0,4.87625E+20,5.45608E+21,8.82993E+15,4.92574E+16
47754,8.1706E+18,8,2,31,0,2017,6,9,7,2,3,6,0,1,0,0,1,0,0,4.76478E+20,5.41731E+21,8.679E+15,4.89082E+16
47755,8.17053E+18,8,3,17,57,2017,5,14,4,2,0,7,1,0,0,0,0,0,0,4.16904E+20,5.38324E+21,7.87298E+15,4.85967E+16
47756,8.17053E+18,8,3,17,110,2017,5,17,4,2,5,3,1,0,0,1,0,0,0,4.29905E+20,5.38107E+21,8.04964E+15,4.85788E+16
47757,8.1706E+18,8,2,36,46,2017,6,13,7,3,2,6,0,1,0,0,0,0,1,4.84311E+20,5.41556E+21,8.78596E+15,4.88928E+16
47758,8.1706E+18,8,2,12,0,2017,6,11,7,3,2,6,0,1,0,0,0,0,0,4.62187E+20,5.43128E+21,8.48267E+15,4.90332E+16
47759,8.1706E+18,8,2,35,6,2017,6,11,7,3,0,7,1,0,0,0,1,0,0,4.70544E+20,5.38174E+21,8.60057E+15,4.8588E+16
47760,8.1706E+18,8,2,31,0,2017,6,11,7,2,6,7,0,1,1,0,0,0,1,4.81311E+20,5.41746E+21,8.74494E+15,4.89098E+16
47761,8.1706E+18,8,2,31,0,2017,6,10,7,3,0,7,0,1,0,0,1,0,0,4.84683E+20,5.41278E+21,8.79114E+15,4.88678E+16
47762,8.1706E+18,8,2,36,46,2017,6,10,7,3,2,6,0,1,0,0,0,0,0,4.8276E+20,5.41796E+21,8.7647E+15,4.89143E+16
47763,8.1706E+18,8,2,36,70,2017,6,11,7,3,2,2,0,1,0,0,0,0,0,4.68567E+20,5.41665E+21,8.57109E+15,4.8902E+16
47764,8.1706E+18,8,2,36,33,2017,6,11,7,2,5,3,0,1,0,1,0,0,0,4.8233E+20,5.43033E+21,8.7583E+15,4.90256E+16
47765,8.1706E+18,8,2,26,106,2017,6,4,7,3,8,1,0,1,0,0,0,2,0,4.97086E+20,5.46286E+21,8.9599E+15,4.93185E+16
47766,8.1706E+18,8,1,26,72,2017,6,15,7,2,9,7,0,1,0,0,0,0,0,5.34296E+20,5.47077E+21,9.47258E+15,4.93887E+16
47767,8.1706E+18,8,2,16,23,2017,6,12,7,3,2,6,0,1,0,1,0,0,0,4.35846E+20,5.40861E+21,8.12591E+15,4.88272E+16
47768,8.17053E+18,8,3,17,152,2017,5,11,4,3,2,6,0,1,0,0,0,0,0,4.09704E+20,5.34833E+21,7.78287E+15,4.82817E+16
47769,8.1706E+18,8,2,15,84,2017,6,13,7,3,2,6,0,1,0,1,0,0,0,4.72221E+20,5.44654E+21,8.6189E+15,4.9171E+16
47770,8.17053E+18,8,3,16,45,2017,5,18,4,2,5,3,0,1,0,1,0,0,0,4.14007E+20,5.32451E+21,7.84569E+15,4.80681E+16
47771,8.1706E+18,8,2,15,101,2017,6,11,7,2,1,6,0,1,0,0,0,0,0,4.65712E+20,5.4282E+21,8.53116E+15,4.90057E+16
47772,8.1706E+18,8,2,16,17,2017,6,11,7,3,4,6,0,1,0,1,0,0,0,4.51765E+20,5.40027E+21,8.34376E+15,4.87536E+16
47773,8.1706E+18,8,1,15,42,2017,6,13,7,3,0,6,0,1,0,0,0,0,0,4.95637E+20,5.40534E+21,8.94058E+15,4.88011E+16
47774,8.1706E+18,8,1,18,79,2017,6,23,7,3,9,7,0,1,0,0,0,2,0,5.10505E+20,5.42039E+21,9.14344E+15,4.89364E+16
47775,8.1706E+18,8,1,36,2,2017,6,10,7,3,4,2,1,1,0,0,0,0,0,5.65526E+20,5.41867E+21,9.8944E+15,4.89175E+16
47776,8.1706E+18,8,1,36,88,2017,6,12,7,3,4,6,0,1,0,0,0,0,0,5.78389E+20,5.41303E+21,1.00689E+16,4.88653E+16
47777,8.1706E+18,8,1,27,25,2017,6,10,7,3,6,4,0,1,1,0,0,0,0,5.56261E+20,5.42762E+21,9.76918E+15,4.89989E+16
47778,8.1706E+18,8,1,27,13,2017,6,17,7,3,0,1,1,0,0,0,0,0,0,5.67183E+20,5.42804E+21,9.91856E+15,4.90016E+16
47779,8.1706E+18,8,1,27,12,2017,6,7,7,3,9,1,0,1,0,0,0,0,0,5.66764E+20,5.43229E+21,9.91353E+15,4.90399E+16
47780,8.1706E+18,8,1,27,9,2017,6,0,7,1,5,3,0,1,0,0,1,2,0,5.5929E+20,5.45286E+21,9.8143E+15,4.92257E+16
47781,8.1706E+18,8,1,21,0,2017,6,10,7,3,3,6,0,1,0,0,0,0,0,5.14162E+20,5.44129E+21,9.19411E+15,4.91243E+16
47782,8.1706E+18,8,1,21,0,2017,6,1,7,2,8,1,0,1,0,0,0,2,0,5.15597E+20,5.44392E+21,9.21387E+15,4.91479E+16
47783,8.1706E+18,8,1,19,91,2017,6,14,7,3,0,7,1,0,0,0,0,0,0,5.2732E+20,5.40687E+21,9.37214E+15,4.88142E+16
47784,8.17053E+18,8,3,11,0,2017,5,7,4,3,3,1,0,1,0,1,0,0,0,4.23325E+20,5.31352E+21,7.9727E+15,4.79704E+16
47785,8.1706E+18,8,1,17,24,2017,6,13,7,3,1,6,0,1,0,0,0,0,0,5.62137E+20,5.38443E+21,9.84298E+15,4.86098E+16
47786,8.1706E+18,8,4,25,31,2017,6,12,7,2,2,6,0,1,0,0,0,0,0,5.64136E+20,5.3703E+21,9.86792E+15,4.84826E+16
47787,8.1706E+18,8,4,21,0,2017,6,7,7,3,2,6,0,1,0,0,1,0,0,5.74446E+20,5.36767E+21,1.00069E+16,4.84577E+16
47788,8.17053E+18,8,3,11,0,2017,5,9,4,2,2,6,0,1,0,0,0,0,0,4.15536E+20,5.31549E+21,7.86798E+15,4.79872E+16
47789,8.1706E+18,8,1,16,33,2017,6,12,7,3,0,7,0,0,0,1,0,0,0,5.35112E+20,5.38773E+21,9.47664E+15,4.86417E+16
47790,8.1706E+18,8,1,16,14,2017,6,14,7,3,2,6,0,1,0,0,0,0,0,5.28112E+20,5.39598E+21,9.38218E+15,4.87162E+16
47791,8.17053E+18,8,2,15,97,2017,5,17,4,3,9,1,0,1,0,1,0,0,0,4.82229E+20,5.4424E+21,8.75638E+15,4.91342E+16
47792,8.17053E+18,8,2,31,0,2017,5,15,4,3,5,3,0,1,0,0,0,0,0,4.77782E+20,5.41724E+21,8.6968E+15,4.89077E+16
47793,8.1706E+18,8,1,16,33,2017,6,9,7,3,5,3,1,1,0,0,0,0,0,5.33915E+20,5.38893E+21,9.46049E+15,4.86525E+16
47794,8.1706E+18,8,1,15,50,2017,6,18,7,3,2,6,0,1,0,0,0,0,1,4.90263E+20,5.39948E+21,8.86755E+15,4.87483E+16
47795,8.1706E+18,8,1,11,0,2017,6,19,7,2,0,7,0,0,0,1,0,0,0,5.16822E+20,5.40367E+21,9.22901E+15,4.87858E+16
47796,8.1706E+18,8,1,11,0,2017,6,22,7,3,2,6,0,1,0,0,0,2,0,5.13188E+20,5.40225E+21,9.1795E+15,4.87731E+16
47797,8.1706E+18,8,1,11,0,2017,6,12,7,3,0,3,1,0,0,0,1,0,0,5.146E+20,5.40604E+21,9.19885E+15,4.88072E+16
47798,8.1706E+18,8,4,35,15,2017,6,13,6,3,4,1,0,1,0,0,0,0,0,5.16445E+20,5.2984E+21,9.21977E+15,4.78388E+16
47799,8.1706E+18,8,4,26,38,2017,6,12,6,3,8,1,0,1,0,0,0,0,0,5.63076E+20,5.31797E+21,9.84577E+15,4.80119E+16
47800,8.1706E+18,8,4,26,21,2017,6,13,6,3,0,1,1,0,0,0,0,0,1,5.57715E+20,5.32709E+21,9.77512E+15,4.80945E+16
47801,8.1706E+18,8,4,26,87,2017,6,10,6,3,5,3,1,1,0,0,0,0,0,5.70841E+20,5.32365E+21,9.95082E+15,4.80622E+16
47802,8.1706E+18,8,4,21,0,2017,6,5,6,3,5,3,0,1,0,0,0,0,0,5.71866E+20,5.35643E+21,9.97012E+15,4.83569E+16
47803,8.1706E+18,8,4,25,39,2017,6,21,6,3,9,1,0,1,0,0,0,1,0,5.651E+20,5.35492E+21,9.87857E+15,4.83441E+16
47804,8.1706E+18,8,1,16,77,2017,6,21,6,3,5,3,0,1,0,0,0,2,0,5.16621E+20,5.38978E+21,9.22571E+15,4.86608E+16
47805,8.1706E+18,8,4,16,41,2017,6,7,6,3,2,6,0,1,0,0,0,0,0,5.04507E+20,5.37116E+21,9.06101E+15,4.84935E+16
47806,8.1706E+18,8,4,16,41,2017,6,23,6,3,8,1,0,1,0,0,0,2,0,5.01475E+20,5.37109E+21,9.01996E+15,4.84929E+16
47807,8.1706E+18,8,4,15,61,2017,6,14,6,2,0,1,0,0,0,1,0,0,0,5.14707E+20,5.37101E+21,9.19905E+15,4.8492E+16
47808,8.17053E+18,8,2,31,0,2017,5,16,4,3,2,6,0,1,0,0,0,0,0,4.75585E+20,5.41645E+21,8.66687E+15,4.89005E+16
47809,8.17053E+18,8,2,35,29,2017,5,16,4,3,0,7,0,0,0,0,1,0,0,4.87229E+20,5.3935E+21,8.82646E+15,4.86944E+16
47810,8.17053E+18,8,2,36,33,2017,5,11,4,2,8,1,0,0,0,1,0,0,0,4.81026E+20,5.42778E+21,8.74057E+15,4.90026E+16
47811,8.1706E+18,8,4,15,85,2017,6,18,6,3,8,1,0,0,0,1,0,0,1,5.33656E+20,5.34358E+21,9.45332E+15,4.82445E+16
47812,8.1706E+18,8,3,37,126,2017,6,18,6,3,2,6,0,1,0,0,0,0,1,4.4582E+20,5.27587E+21,8.27877E+15,4.76339E+16
47813,8.17053E+18,8,2,26,96,2017,5,11,4,3,0,3,1,0,0,0,1,0,0,4.75787E+20,5.48878E+21,8.66525E+15,4.95511E+16
47814,8.1706E+18,8,3,37,116,2017,6,15,6,3,0,7,0,1,0,0,0,0,0,4.2074E+20,5.2809E+21,7.94405E+15,4.76766E+16
47815,8.1706E+18,8,3,37,106,2017,6,9,6,3,3,6,0,0,0,1,1,0,0,4.56676E+20,5.28465E+21,8.4224E+15,4.77138E+16
47816,8.1706E+18,8,3,35,75,2017,6,14,6,3,3,1,0,1,0,0,1,0,1,4.87784E+20,5.29377E+21,8.83688E+15,4.77972E+16
47817,8.1706E+18,8,3,35,77,2017,6,18,6,3,2,6,0,1,0,0,0,0,0,4.91222E+20,5.29615E+21,8.88274E+15,4.78186E+16
47818,8.1706E+18,8,4,35,66,2017,6,17,6,3,5,3,0,1,0,1,0,0,0,5.16916E+20,5.28797E+21,9.22566E+15,4.77449E+16
47819,8.1706E+18,8,4,17,75,2017,6,9,6,1,0,1,1,0,0,0,0,0,0,5.08538E+20,5.33629E+21,9.11486E+15,4.81798E+16
47820,8.1706E+18,8,3,25,45,2017,6,17,6,2,5,3,0,1,0,1,0,0,0,4.68949E+20,5.34785E+21,8.58145E+15,4.82831E+16
47821,8.1706E+18,8,3,17,96,2017,6,17,6,3,5,3,1,1,0,0,0,0,0,4.21977E+20,5.36874E+21,7.94449E+15,4.84669E+16
47822,8.1706E+18,8,3,17,96,2017,6,14,6,3,2,6,0,1,0,0,1,0,0,4.21579E+20,5.36881E+21,7.93909E+15,4.84676E+16
47823,8.1706E+18,8,3,17,65,2017,6,14,6,3,5,3,1,1,0,0,0,0,0,4.14034E+20,5.35512E+21,7.83985E+15,4.83434E+16
47824,8.1706E+18,8,3,17,96,2017,6,5,6,2,0,6,1,1,0,0,0,1,0,4.24329E+20,5.37016E+21,7.97604E+15,4.84801E+16
47825,8.1706E+18,8,3,16,55,2017,6,14,6,3,5,3,1,1,0,0,0,0,0,4.28378E+20,5.33364E+21,8.03703E+15,4.8152E+16
47826,8.1706E+18,8,3,16,54,2017,6,8,6,3,0,7,0,1,0,0,0,0,0,4.14883E+20,5.33693E+21,7.85496E+15,4.81799E+16
47827,8.1706E+18,8,3,16,17,2017,6,13,6,3,2,6,0,1,0,0,0,0,0,4.0725E+20,5.34282E+21,7.751E+15,4.82318E+16
47828,8.1706E+18,8,3,16,10,2017,6,22,6,3,1,5,0,1,0,1,0,2,0,4.30744E+20,5.33575E+21,8.06849E+15,4.81712E+16
47829,8.1706E+18,8,2,26,32,2017,6,23,6,3,9,1,0,1,0,0,0,2,0,4.64079E+20,5.46439E+21,8.5056E+15,4.93312E+16
47830,8.1706E+18,8,2,26,84,2017,6,14,6,3,2,6,0,1,0,0,0,0,0,4.67474E+20,5.46644E+21,8.55216E+15,4.93498E+16
47831,8.1706E+18,8,2,36,67,2017,6,16,6,3,2,6,0,1,0,0,0,0,0,4.856E+20,5.41074E+21,8.80371E+15,4.88494E+16
47832,8.17053E+18,8,2,26,82,2017,5,10,4,3,5,2,0,1,0,0,0,0,0,4.80952E+20,5.48162E+21,8.73701E+15,4.94869E+16
47833,8.17053E+18,8,2,22,0,2017,5,18,4,3,5,3,0,1,0,1,0,0,0,4.65516E+20,5.47648E+21,8.52434E+15,4.944E+16
47834,8.1706E+18,8,2,36,46,2017,6,14,6,3,2,6,0,1,0,0,0,0,0,4.83541E+20,5.41698E+21,8.7754E+15,4.89055E+16