OBJECTID,UIDENTSTLA,ULAND,UREGBEZ,UKREIS,UGEMEINDE,UJAHR,UMONAT,USTUNDE,UWOCHENTAG,UKATEGORIE,UART,UTYP1,IstRad,IstPKW,IstFuss,IstKrad,IstSonstig,LICHT,STRZUSTAND,LINREFX,LINREFY,XGCSWGS84,YGCSWGS84
47835,8.1706E+18,8,2,26,82,2017,6,13,6,2,2,6,0,1,0,0,0,0,0,4.73959E+20,5.48075E+21,8.6405E+15,4.94788E+16
47836,8.1706E+18,8,2,12,0,2017,6,7,6,2,5,3,0,1,0,0,1,0,0,4.52095E+20,5.42783E+21,8.34503E+15,4.90015E+16
47837,8.1706E+18,8,2,37,19,2017,6,15,6,3,2,6,0,1,0,0,0,0,1,4.63018E+20,5.37006E+21,8.49955E+15,4.84826E+16
47838,8.1706E+18,8,2,37,45,2017,6,6,6,3,0,7,1,0,0,0,0,0,0,4.59081E+20,5.36268E+21,8.447E+15,4.84159E+16
47839,8.1706E+18,8,2,36,74,2017,6,19,6,3,2,6,0,1,0,0,0,0,0,4.73076E+20,5.41988E+21,8.63241E+15,4.89313E+16
47840,8.1706E+18,8,2,26,85,2017,6,20,6,3,5,3,0,1,0,0,0,0,0,4.88414E+20,5.45776E+21,8.84073E+15,4.92724E+16
47841,8.17053E+18,8,2,22,0,2017,5,16,4,3,3,6,1,0,0,0,1,0,0,4.61901E+20,5.48135E+21,8.474E+15,4.94836E+16
47842,8.1706E+18,8,2,26,3,2017,6,16,6,2,9,1,0,0,0,1,0,0,0,4.63242E+20,5.4602E+21,8.49447E+15,4.92935E+16
47843,8.1706E+18,8,2,15,103,2017,6,7,6,3,2,6,0,1,0,0,0,0,0,4.66807E+20,5.44426E+21,8.54481E+15,4.91503E+16
47844,8.17053E+18,8,2,22,0,2017,5,17,4,3,6,4,0,0,1,0,1,0,0,4.63005E+20,5.47896E+21,8.48947E+15,4.94622E+16
47845,8.1706E+18,8,2,15,17,2017,6,17,6,3,2,6,0,1,0,0,0,0,1,4.54846E+20,5.41907E+21,8.3836E+15,4.8923E+16
47846,8.1706E+18,8,2,16,7,2017,6,6,6,2,3,6,1,1,0,0,0,0,0,4.34449E+20,5.39462E+21,8.1091E+15,4.87012E+16
47847,8.1706E+18,8,2,16,52,2017,6,22,6,2,4,1,0,1,0,0,0,2,0,4.40703E+20,5.4156E+21,8.19106E+15,4.88905E+16
47848,8.1706E+18,8,1,25,65,2017,6,2,6,3,9,1,0,1,0,0,0,2,1,5.16263E+20,5.44777E+21,9.22316E+15,4.91825E+16
47849,8.1706E+18,8,1,15,28,2017,6,17,6,3,1,6,0,1,0,0,0,0,1,5.01092E+20,5.40304E+21,9.01487E+15,4.87804E+16
47850,8.1706E+18,8,1,28,6,2017,6,5,6,3,9,1,0,1,0,0,0,0,0,5.47958E+20,5.47518E+21,9.66136E+15,4.94274E+16
47851,8.1706E+18,8,1,27,14,2017,6,12,6,3,5,3,0,1,0,0,1,0,0,5.77935E+20,5.44112E+21,1.00681E+16,4.9118E+16
47852,8.1706E+18,8,1,26,66,2017,6,17,6,3,2,6,0,1,0,0,1,0,0,5.35186E+20,5.45052E+21,9.48306E+15,4.92065E+16
47853,8.1706E+18,8,1,25,63,2017,6,18,6,2,6,4,0,0,1,1,0,0,0,5.23322E+20,5.46525E+21,9.32105E+15,4.93396E+16
47854,8.1706E+18,8,1,25,79,2017,6,18,6,3,2,6,0,1,0,0,0,0,0,5.12338E+20,5.45385E+21,9.16949E+15,4.92373E+16
47855,8.1706E+18,8,1,25,65,2017,6,16,6,3,1,6,0,1,0,1,0,0,0,5.17341E+20,5.45042E+21,9.23808E+15,4.92064E+16
47856,8.1706E+18,8,1,19,86,2017,6,11,6,3,5,3,0,1,0,0,0,0,0,5.35177E+20,5.40505E+21,9.47899E+15,4.87975E+16
47857,8.1706E+18,8,1,18,3,2017,6,6,6,3,5,3,0,0,0,1,1,0,0,5.09471E+20,5.41649E+21,9.12923E+15,4.89013E+16
47858,8.1706E+18,8,1,18,48,2017,6,8,6,3,0,2,0,0,0,0,1,0,0,5.11497E+20,5.41838E+21,9.15693E+15,4.89183E+16
47859,8.1706E+18,8,1,18,40,2017,6,7,6,2,5,2,0,1,0,1,0,0,0,5.10546E+20,5.43188E+21,9.1443E+15,4.90397E+16
47860,8.1706E+18,8,1,17,24,2017,6,8,6,2,0,1,1,0,0,0,0,0,0,5.61966E+20,5.38501E+21,9.84074E+15,4.86151E+16
47861,8.1706E+18,8,4,16,36,2017,6,18,6,2,4,6,0,1,0,0,0,0,0,4.95052E+20,5.37059E+21,8.93304E+15,4.84884E+16
47862,8.1706E+18,8,1,16,14,2017,6,9,6,2,2,6,0,1,0,0,1,0,0,5.27152E+20,5.3959E+21,9.36913E+15,4.87156E+16
47863,8.1706E+18,8,1,15,28,2017,6,23,6,3,1,5,0,1,0,0,0,2,0,5.00828E+20,5.40483E+21,9.01127E+15,4.87965E+16
47864,8.1706E+18,8,1,15,3,2017,6,17,6,3,2,6,0,1,0,0,0,0,0,5.00846E+20,5.39274E+21,9.01149E+15,4.86877E+16
47865,8.1706E+18,8,1,15,51,2017,6,18,6,3,2,6,0,1,0,0,0,0,0,5.01813E+20,5.38473E+21,9.0246E+15,4.86157E+16
47866,8.1706E+18,8,1,11,0,2017,6,8,6,3,5,3,1,1,0,0,0,0,0,5.09205E+20,5.39741E+21,9.12517E+15,4.87296E+16
47867,8.1706E+18,8,1,11,0,2017,6,7,6,3,5,3,0,1,0,0,0,0,0,5.13326E+20,5.40439E+21,9.18144E+15,4.87924E+16
47868,8.1706E+18,8,1,11,0,2017,6,14,6,3,2,6,0,1,0,0,0,0,0,5.12841E+20,5.40579E+21,9.17488E+15,4.8805E+16
47869,8.1706E+18,8,1,11,0,2017,6,15,6,3,2,6,0,1,0,0,0,0,0,5.12496E+20,5.39964E+21,9.16999E+15,4.87497E+16
47870,8.1706E+18,8,4,37,44,2017,6,2,5,3,8,7,0,1,0,0,0,2,0,5.33313E+20,5.32485E+21,9.44724E+15,4.8076E+16
47871,8.17053E+18,8,2,21,0,2017,5,16,4,3,4,6,1,0,0,0,0,0,0,4.79726E+20,5.47368E+21,8.72048E+15,4.94154E+16
47872,8.1706E+18,8,4,36,95,2017,6,7,5,3,2,6,0,1,0,0,0,0,1,5.34229E+20,5.28939E+21,9.45673E+15,4.77569E+16
47873,8.1706E+18,8,4,35,16,2017,6,7,5,3,5,3,0,1,0,1,0,0,1,5.36033E+20,5.27974E+21,9.47999E+15,4.767E+16
47874,8.1706E+18,8,4,35,67,2017,6,18,5,2,8,1,0,0,0,1,0,0,0,5.30626E+20,5.29109E+21,9.40877E+15,4.77724E+16
47875,8.1706E+18,8,4,26,73,2017,6,17,5,3,4,2,0,1,0,1,0,0,0,5.66667E+20,5.33701E+21,9.89688E+15,4.81828E+16
47876,8.17053E+18,8,2,21,0,2017,5,20,4,2,4,2,1,1,0,0,0,0,0,4.75079E+20,5.47143E+21,8.65655E+15,4.9395E+16
47877,8.1706E+18,8,4,25,33,2017,6,7,5,3,5,3,0,1,0,1,0,0,0,5.47181E+20,5.35469E+21,9.63673E+15,4.83436E+16
47878,8.1706E+18,8,4,17,31,2017,6,18,5,3,5,3,1,1,0,0,0,0,0,4.97117E+20,5.35733E+21,8.96108E+15,4.83691E+16
47879,8.17053E+18,8,2,26,96,2017,5,16,4,3,2,6,0,1,0,0,0,0,0,4.7442E+20,5.4885E+21,8.64637E+15,4.95485E+16
47880,8.1706E+18,8,4,17,54,2017,6,12,5,3,5,3,0,1,0,0,0,0,0,4.79127E+20,5.34817E+21,8.71862E+15,4.82864E+16
47881,8.1706E+18,8,4,15,59,2017,6,14,5,3,4,6,0,1,0,0,0,0,0,5.12832E+20,5.36606E+21,9.17353E+15,4.84475E+16
47882,8.1706E+18,8,4,16,41,2017,6,7,5,3,2,6,0,1,0,0,1,0,0,5.0537E+20,5.37325E+21,9.07272E+15,4.85124E+16
47883,8.1706E+18,8,4,15,78,2017,6,18,5,3,9,1,0,0,0,1,0,0,0,5.30857E+20,5.36801E+21,9.41742E+15,4.84645E+16
47884,8.1706E+18,8,3,36,91,2017,6,16,5,3,3,6,0,1,0,0,0,0,0,3.93244E+20,5.27517E+21,7.57922E+15,4.76212E+16
47885,8.1706E+18,8,3,37,126,2017,6,13,5,3,2,6,0,1,0,1,0,0,0,4.44151E+20,5.27632E+21,8.25649E+15,4.76379E+16
47886,8.1706E+18,8,3,36,84,2017,6,17,5,3,2,6,0,1,0,0,0,0,0,4.06652E+20,5.27734E+21,7.75716E+15,4.76427E+16
47887,8.17053E+18,8,2,16,5,2017,5,17,4,3,2,6,0,1,0,0,1,0,0,4.464E+20,5.41492E+21,8.26887E+15,4.88849E+16
47888,8.1706E+18,8,3,35,79,2017,6,13,5,3,0,3,0,1,0,0,1,0,0,4.98771E+20,5.29803E+21,8.98358E+15,4.78356E+16
47889,8.1706E+18,8,3,35,79,2017,6,16,5,2,8,7,1,0,0,0,0,0,0,4.98913E+20,5.29887E+21,8.98547E+15,4.78432E+16
47890,8.1706E+18,8,3,35,75,2017,6,16,5,3,5,2,0,1,0,0,0,0,0,4.87993E+20,5.28999E+21,8.83977E+15,4.77632E+16
47891,8.1706E+18,8,3,35,43,2017,6,12,5,3,2,6,0,1,0,0,0,0,0,5.11772E+20,5.28118E+21,9.15686E+15,4.76839E+16
47892,8.1706E+18,8,3,35,2,2017,6,7,5,3,8,7,0,1,0,0,0,0,0,5.03362E+20,5.28568E+21,9.04484E+15,4.77245E+16
47893,8.1706E+18,8,4,35,16,2017,6,17,5,2,0,7,1,0,0,0,0,0,0,5.34972E+20,5.27946E+21,9.46584E+15,4.76676E+16
47894,8.1706E+18,8,4,35,45,2017,6,7,5,2,9,1,0,1,0,0,0,0,1,5.34539E+20,5.2895E+21,9.46087E+15,4.77579E+16
47895,8.1706E+18,8,4,35,18,2017,6,7,5,2,5,3,0,1,0,1,0,0,1,5.2364E+20,5.28049E+21,9.31496E+15,4.76773E+16
47896,8.1706E+18,8,3,27,50,2017,6,16,5,3,2,6,0,1,0,0,0,0,0,4.85745E+20,5.31493E+21,8.80895E+15,4.79875E+16
47897,8.1706E+18,8,3,27,50,2017,6,14,5,3,2,6,0,1,0,0,0,0,0,4.87215E+20,5.31447E+21,8.82866E+15,4.79834E+16
47898,8.1706E+18,8,3,27,33,2017,6,15,5,2,3,6,0,1,0,1,0,0,0,4.88455E+20,5.32497E+21,8.845E+15,4.80779E+16
47899,8.1706E+18,8,3,15,6,2017,6,10,5,2,5,3,0,1,0,0,1,0,0,3.99469E+20,5.30861E+21,7.6543E+15,4.7923E+16
47900,8.1706E+18,8,3,15,6,2017,6,13,5,3,5,3,0,1,0,0,0,0,0,4.01704E+20,5.30637E+21,7.68473E+15,4.79031E+16
47901,8.1706E+18,8,3,15,74,2017,6,15,5,3,2,1,0,1,0,0,0,0,0,3.95275E+20,5.29668E+21,7.60108E+15,4.78149E+16
47902,8.1706E+18,8,2,21,0,2017,6,11,5,3,8,1,0,1,0,0,0,0,0,4.73451E+20,5.46859E+21,8.63431E+15,4.93694E+16
47903,8.1706E+18,8,2,15,17,2017,6,16,5,1,8,1,0,0,0,1,0,0,0,4.54612E+20,5.42344E+21,8.37993E+15,4.89622E+16
47904,8.1706E+18,8,2,12,0,2017,6,12,5,3,2,6,0,1,0,0,0,0,0,4.52987E+20,5.42894E+21,8.35709E+15,4.90116E+16
47905,8.1706E+18,8,2,15,9,2017,6,16,5,3,2,6,0,1,0,0,0,0,0,4.67237E+20,5.44188E+21,8.5509E+15,4.91289E+16
47906,8.17053E+18,8,2,15,66,2017,5,13,4,3,4,6,0,1,0,0,0,0,0,4.61339E+20,5.45347E+21,8.46895E+15,4.92328E+16
47907,8.17053E+18,8,2,15,66,2017,5,18,4,3,5,3,0,1,0,1,0,0,0,4.61664E+20,5.45453E+21,8.47331E+15,4.92423E+16
47908,8.1706E+18,8,2,37,19,2017,6,17,5,3,0,6,0,1,0,0,0,0,0,4.61456E+20,5.36906E+21,8.47851E+15,4.84735E+16
47909,8.1706E+18,8,2,37,27,2017,6,15,5,3,5,3,0,1,0,0,1,0,0,4.79395E+20,5.36951E+21,8.72119E+15,4.84783E+16
47910,8.17053E+18,8,2,16,13,2017,5,20,4,2,4,1,0,1,0,0,0,0,0,4.49581E+20,5.38999E+21,8.31531E+15,4.86609E+16
47911,8.1706E+18,8,2,31,0,2017,6,7,5,3,6,4,0,1,1,0,0,0,0,4.78918E+20,5.4168E+21,8.71232E+15,4.89038E+16
47912,8.17053E+18,8,1,21,0,2017,5,8,4,3,2,6,0,1,0,0,0,0,0,5.12571E+20,5.44851E+21,9.17252E+15,4.91892E+16
47913,8.1706E+18,8,2,31,0,2017,6,9,5,3,5,3,0,1,0,0,0,0,0,4.77781E+20,5.41725E+21,8.69678E+15,4.89078E+16
47914,8.1706E+18,8,2,36,44,2017,6,13,5,2,8,1,0,1,0,0,0,0,0,4.82958E+20,5.40324E+21,8.76801E+15,4.8782E+16
47915,8.17053E+18,8,4,16,36,2017,5,14,4,3,2,6,0,1,0,0,0,0,0,4.91965E+20,5.37571E+21,8.89115E+15,4.85345E+16
47916,8.1706E+18,8,2,36,43,2017,6,13,5,3,0,6,0,0,0,0,1,0,0,4.69744E+20,5.41049E+21,8.5876E+15,4.88466E+16
47917,8.1706E+18,8,2,36,25,2017,6,18,5,3,6,4,0,1,1,0,0,0,0,4.89879E+20,5.40616E+21,8.86215E+15,4.88083E+16
47918,8.1706E+18,8,2,36,38,2017,6,18,5,3,1,6,1,1,0,0,0,0,0,4.85264E+20,5.42706E+21,8.79854E+15,4.89962E+16
47919,8.1706E+18,8,2,26,40,2017,6,18,5,3,0,6,0,0,0,1,1,0,0,4.75051E+20,5.49452E+21,8.65471E+15,4.96028E+16
47920,8.1706E+18,8,2,22,0,2017,6,16,5,3,5,2,1,1,0,0,0,0,0,4.6147E+20,5.48122E+21,8.46806E+15,4.94824E+16
47921,8.1706E+18,8,2,26,96,2017,6,18,5,3,4,2,0,1,0,1,0,0,0,4.74249E+20,5.48601E+21,8.64417E+15,4.95262E+16
47922,8.1706E+18,8,2,26,12,2017,6,16,5,3,5,3,0,1,0,0,1,0,0,4.74476E+20,5.47737E+21,8.64787E+15,4.94484E+16
47923,8.1706E+18,8,2,26,12,2017,6,16,5,2,4,6,0,1,0,0,0,0,0,4.76503E+20,5.47689E+21,8.67586E+15,4.94442E+16
47924,8.1706E+18,8,2,16,7,2017,6,13,5,3,5,3,1,1,0,0,0,0,0,4.3501E+20,5.39663E+21,8.11641E+15,4.87193E+16
47925,8.1706E+18,8,2,16,28,2017,6,18,5,2,0,7,1,0,0,0,0,0,0,4.27152E+20,5.39769E+21,8.0094E+15,4.87279E+16
47926,8.1706E+18,8,2,16,9,2017,6,9,5,3,2,1,0,1,0,0,1,0,0,4.47892E+20,5.42208E+21,8.28831E+15,4.89495E+16
47927,8.1706E+18,8,2,15,9,2017,6,18,5,3,9,1,0,1,0,0,0,0,0,4.69258E+20,5.43997E+21,8.57875E+15,4.91118E+16
47928,8.1706E+18,8,2,15,40,2017,6,13,5,2,2,2,0,1,0,0,1,0,0,4.88746E+20,5.43693E+21,8.84587E+15,4.90851E+16
47929,8.1706E+18,8,2,15,108,2017,6,8,5,3,5,3,0,1,0,0,1,0,0,4.53806E+20,5.42213E+21,8.36907E+15,4.89503E+16
47930,8.1706E+18,8,1,15,45,2017,6,17,5,3,2,6,0,1,0,0,0,0,0,4.98945E+20,5.39287E+21,8.98566E+15,4.86888E+16
47931,8.1706E+18,8,1,11,0,2017,6,0,5,3,0,2,0,1,0,0,1,2,0,5.12163E+20,5.39472E+21,9.16531E+15,4.87054E+16
47932,8.17053E+18,8,1,36,20,2017,5,17,4,3,5,2,0,1,0,1,0,0,0,5.63748E+20,5.41534E+21,9.86962E+15,4.88878E+16
47933,8.17053E+18,8,1,36,88,2017,5,15,4,2,5,2,0,1,0,0,0,0,0,5.84868E+20,5.40931E+21,1.01564E+16,4.8831E+16
47934,8.17061E+18,8,3,37,66,2017,6,18,6,2,5,3,0,1,0,0,0,0,0,4.30862E+20,5.27099E+21,8.08045E+15,4.75887E+16
47935,8.17061E+18,8,3,35,75,2017,6,13,6,3,5,3,1,1,0,0,0,0,0,4.90967E+20,5.28997E+21,8.87946E+15,4.7763E+16
47936,8.17061E+18,8,3,35,43,2017,6,22,6,3,5,3,0,1,0,0,0,2,0,5.11458E+20,5.28019E+21,9.15265E+15,4.7675E+16
47937,8.17061E+18,8,4,36,83,2017,6,22,6,2,5,3,1,1,0,0,0,2,1,5.32692E+20,5.29962E+21,9.43698E+15,4.78491E+16
47938,8.17061E+18,8,1,18,76,2017,6,12,3,3,5,2,0,1,0,0,0,0,0,5.04627E+20,5.42297E+21,9.06321E+15,4.89596E+16
47939,8.17061E+18,8,1,18,79,2017,6,6,3,3,3,6,0,1,0,0,1,0,0,5.09077E+20,5.42001E+21,9.12393E+15,4.8933E+16
47940,8.17061E+18,8,1,16,47,2017,6,13,3,3,2,6,0,1,0,0,0,0,0,5.20915E+20,5.39386E+21,9.28423E+15,4.86974E+16
47941,8.17061E+18,8,1,16,56,2017,6,16,3,3,0,1,1,0,0,0,0,0,1,5.31144E+20,5.3953E+21,9.42334E+15,4.871E+16
47942,8.17061E+18,8,1,15,45,2017,6,16,3,3,5,7,0,1,0,0,0,0,0,5.00869E+20,5.39728E+21,9.01181E+15,4.87286E+16
47943,8.17061E+18,8,4,36,64,2017,6,13,6,3,5,3,0,1,0,0,1,0,0,5.45125E+20,5.29571E+21,9.60276E+15,4.78131E+16
47944,8.17061E+18,8,3,25,45,2017,6,9,6,3,4,6,0,0,0,0,1,0,0,4.69926E+20,5.34946E+21,8.5945E+15,4.82976E+16
47945,8.17061E+18,8,3,17,89,2017,6,16,6,2,5,3,1,1,0,0,0,0,0,4.32985E+20,5.37501E+21,8.09238E+15,4.85246E+16
47946,8.17061E+18,8,3,16,54,2017,6,13,6,2,5,2,0,1,0,1,0,0,0,4.21527E+20,5.33803E+21,7.94412E+15,4.81906E+16
47947,8.17061E+18,8,3,36,103,2017,6,13,6,2,2,6,0,1,0,1,0,0,0,4.16683E+20,5.28325E+21,7.88955E+15,4.76972E+16
47948,8.17061E+18,8,2,12,0,2017,6,21,6,2,5,3,1,0,0,0,1,1,0,4.56378E+20,5.42594E+21,8.40378E+15,4.89848E+16
47949,8.17061E+18,8,2,16,41,2017,6,18,6,3,3,6,0,1,0,0,1,0,0,4.31451E+20,5.39352E+21,8.06855E+15,4.86909E+16
47950,8.17061E+18,8,1,15,28,2017,6,3,3,3,9,7,0,1,0,0,0,2,0,4.96169E+20,5.40124E+21,8.94787E+15,4.87642E+16
47951,8.17061E+18,8,1,15,13,2017,6,7,3,3,2,6,0,1,0,0,0,0,0,4.98206E+20,5.38863E+21,8.97564E+15,4.86507E+16
47952,8.17061E+18,8,1,11,0,2017,6,9,3,3,2,6,0,1,0,0,0,0,0,5.14384E+20,5.40186E+21,9.19576E+15,4.87696E+16
47953,8.17061E+18,8,1,11,0,2017,6,18,3,3,3,1,0,1,0,0,1,0,0,5.15826E+20,5.40465E+21,9.21548E+15,4.87947E+16
47954,8.17061E+18,8,1,11,0,2017,6,21,3,3,2,6,0,1,0,0,0,1,0,5.10556E+20,5.40909E+21,9.14384E+15,4.88347E+16
47955,8.17061E+18,8,1,11,0,2017,6,6,3,3,2,6,0,1,0,0,0,0,0,5.16018E+20,5.40378E+21,9.21807E+15,4.87868E+16
47956,8.17061E+18,8,4,35,29,2017,6,1,2,3,2,6,0,1,0,0,0,2,0,5.4396E+20,5.27255E+21,9.58486E+15,4.76049E+16
47957,8.17061E+18,8,4,36,52,2017,6,21,2,3,2,6,0,1,0,0,0,0,1,5.6559E+20,5.28644E+21,9.87469E+15,4.7728E+16
47958,8.17061E+18,8,4,35,36,2017,6,17,2,3,2,6,1,1,0,0,0,0,1,5.20393E+20,5.28253E+21,9.27178E+15,4.76958E+16
47959,8.17061E+18,8,4,35,59,2017,6,13,2,3,2,1,0,1,0,0,0,0,0,5.11003E+20,5.29314E+21,9.14691E+15,4.77915E+16
47960,8.17061E+18,8,2,35,6,2017,6,8,6,3,2,6,0,1,0,0,0,0,0,4.74329E+20,5.38591E+21,8.65163E+15,4.86257E+16
47961,8.17061E+18,8,1,28,138,2017,6,11,6,3,5,3,0,1,0,0,0,0,0,5.37255E+20,5.48144E+21,9.51435E+15,4.94844E+16
47962,8.17061E+18,8,2,22,0,2017,6,17,6,3,5,2,1,1,0,0,0,0,1,4.61776E+20,5.48466E+21,8.47196E+15,4.95133E+16
47963,8.17061E+18,8,2,26,84,2017,6,18,6,3,5,2,0,1,0,0,0,0,1,4.68072E+20,5.47214E+21,8.55994E+15,4.94012E+16
47964,8.17061E+18,8,4,37,104,2017,6,9,2,1,8,7,0,1,0,0,0,0,0,5.17659E+20,5.32144E+21,9.23694E+15,4.8046E+16
47965,8.17061E+18,8,4,17,22,2017,6,17,2,3,2,2,0,1,0,0,0,0,0,4.87006E+20,5.34806E+21,8.82483E+15,4.82856E+16
47966,8.17061E+18,8,4,17,31,2017,6,18,2,3,3,2,0,1,0,1,0,0,0,5.02091E+20,5.35437E+21,9.02821E+15,4.83425E+16
47967,8.17061E+18,8,3,35,75,2017,6,10,2,3,5,3,0,1,0,0,1,0,0,4.88176E+20,5.28869E+21,8.84225E+15,4.77515E+16
47968,8.17061E+18,8,3,35,28,2017,6,14,2,3,2,6,0,1,0,0,0,0,1,4.80788E+20,5.28718E+21,8.74375E+15,4.77378E+16
47969,8.17061E+18,8,3,35,22,2017,6,14,2,3,5,2,0,1,0,1,0,0,1,4.80669E+20,5.29905E+21,8.74163E+15,4.78445E+16
47970,8.17061E+18,8,2,37,4,2017,6,11,2,2,7,7,0,0,0,0,1,0,0,4.57592E+20,5.37487E+21,8.42563E+15,4.85255E+16
47971,8.17061E+18,8,3,17,65,2017,6,20,2,2,2,6,0,1,1,1,1,0,0,4.17531E+20,5.35604E+21,7.88685E+15,4.83522E+16
47972,8.17061E+18,8,3,36,106,2017,6,12,2,2,8,1,0,0,0,1,0,0,1,4.18508E+20,5.28697E+21,7.91318E+15,4.7731E+16
47973,8.17061E+18,8,4,26,128,2017,6,17,7,3,2,6,0,1,0,0,0,0,0,5.60006E+20,5.33057E+21,9.80638E+15,4.81255E+16
47974,8.17061E+18,8,4,26,70,2017,6,16,7,2,2,6,0,0,0,1,0,0,0,5.67088E+20,5.34201E+21,9.90334E+15,4.82278E+16
47975,8.17061E+18,8,4,17,25,2017,6,10,7,3,0,7,1,0,0,0,0,0,0,4.86493E+20,5.35735E+21,8.81763E+15,4.83691E+16
47976,8.17061E+18,8,4,17,16,2017,6,19,7,3,5,3,0,1,0,0,0,0,0,4.84828E+20,5.3423E+21,8.79568E+15,4.82337E+16
47977,8.17061E+18,8,4,16,11,2017,6,12,7,2,8,1,0,1,0,0,0,0,0,5.04803E+20,5.3686E+21,9.06499E+15,4.84705E+16
47978,8.17061E+18,8,2,36,71,2017,6,5,2,2,8,7,0,1,0,0,0,0,0,4.70287E+20,5.41921E+21,8.59437E+15,4.89251E+16
47979,8.17061E+18,8,2,12,0,2017,6,12,2,3,5,3,0,1,0,1,0,0,1,4.56982E+20,5.42831E+21,8.41179E+15,4.90062E+16
47980,8.17061E+18,8,2,35,7,2017,6,21,2,3,0,7,0,1,0,0,0,2,0,4.8341E+20,5.39596E+21,8.77446E+15,4.87165E+16
47981,8.17061E+18,8,2,31,0,2017,6,22,2,3,2,6,0,1,1,0,0,2,0,4.7659E+20,5.41756E+21,8.68051E+15,4.89105E+16
47982,8.17061E+18,8,4,15,61,2017,6,16,7,3,0,6,1,0,0,0,0,0,0,5.1637E+20,5.37031E+21,9.22154E+15,4.84857E+16
47983,8.17061E+18,8,4,15,53,2017,6,4,7,3,8,7,0,1,0,0,0,1,1,5.41427E+20,5.36187E+21,9.55979E+15,4.84086E+16
47984,8.17061E+18,8,4,15,78,2017,6,13,7,2,8,1,0,0,0,1,0,0,0,5.2989E+20,5.37325E+21,9.40472E+15,4.85117E+16
47985,8.17061E+18,8,3,37,2,2017,6,16,7,3,3,6,1,1,0,0,0,0,0,4.33624E+20,5.2719E+21,8.11703E+15,4.75971E+16
47986,8.17061E+18,8,2,36,4,2017,6,18,2,3,2,6,0,1,0,0,0,0,0,4.73482E+20,5.41187E+21,8.63847E+15,4.88592E+16
47987,8.17061E+18,8,3,36,81,2017,6,18,7,3,5,2,0,1,0,0,0,0,0,4.13176E+20,5.27906E+21,7.84366E+15,4.76591E+16
47988,8.17061E+18,8,2,25,117,2017,6,13,2,3,9,1,0,1,0,0,0,0,1,5.13376E+20,5.47179E+21,9.18435E+15,4.93986E+16
47989,8.17061E+18,8,3,36,69,2017,6,16,7,3,2,6,0,1,0,0,0,0,0,4.07722E+20,5.2687E+21,7.77322E+15,4.75652E+16
47990,8.17061E+18,8,3,35,26,2017,6,15,7,2,5,3,1,1,0,0,0,0,0,4.80732E+20,5.28214E+21,8.74322E+15,4.76923E+16
47991,8.17061E+18,8,3,35,55,2017,6,11,7,2,0,7,1,0,0,0,0,0,0,4.9529E+20,5.2854E+21,8.9372E+15,4.7722E+16
47992,8.17061E+18,8,3,35,2,2017,6,17,7,3,2,6,0,1,0,0,0,0,0,5.04466E+20,5.2857E+21,9.05956E+15,4.77246E+16
47993,8.17061E+18,8,3,35,43,2017,6,17,7,3,2,2,0,1,0,1,0,0,0,5.10921E+20,5.28054E+21,9.1455E+15,4.76782E+16
47994,8.17061E+18,8,3,35,75,2017,6,22,7,2,2,3,0,0,0,1,1,2,0,4.89081E+20,5.29541E+21,8.85415E+15,4.78119E+16
47995,8.17061E+18,8,3,17,145,2017,6,14,7,2,0,7,1,0,0,0,0,0,0,4.46606E+20,5.34491E+21,8.28067E+15,4.82551E+16
47996,8.17061E+18,8,3,17,65,2017,6,23,7,3,2,6,0,1,0,0,0,2,0,4.16222E+20,5.35447E+21,7.86949E+15,4.83378E+16
47997,8.17061E+18,8,3,17,65,2017,6,23,7,3,2,2,0,1,0,1,0,2,0,4.17575E+20,5.35477E+21,7.88769E+15,4.83408E+16
47998,8.17061E+18,8,3,17,1,2017,6,19,7,3,5,3,0,1,0,0,1,0,0,4.28339E+20,5.38838E+21,8.02715E+15,4.86444E+16
47999,8.17061E+18,8,3,11,0,2017,6,16,7,3,8,1,0,1,0,0,0,0,0,4.13149E+20,5.32318E+21,7.83444E+15,4.8056E+16
48000,8.17061E+18,8,2,26,95,2017,6,20,7,3,2,6,0,1,0,0,0,0,0,4.72634E+20,5.45961E+21,8.62367E+15,4.92886E+16
48001,8.17061E+18,8,2,31,0,2017,6,14,7,3,2,6,0,1,0,0,0,0,0,4.8449E+20,5.41409E+21,8.78846E+15,4.88796E+16
48002,8.17061E+18,8,2,12,0,2017,6,13,7,3,2,6,0,1,0,1,0,0,0,4.52687E+20,5.42915E+21,8.35296E+15,4.90134E+16
48003,8.17061E+18,8,2,12,0,2017,6,11,7,3,2,6,0,1,0,0,0,0,0,4.5645E+20,5.42324E+21,8.40506E+15,4.89606E+16
48004,8.17061E+18,8,2,35,29,2017,6,19,7,3,8,7,0,0,0,1,0,0,0,4.88213E+20,5.39437E+21,8.8398E+15,4.87023E+16
48005,8.17061E+18,8,2,22,0,2017,6,14,7,3,2,6,0,1,0,0,0,0,0,4.67412E+20,5.48186E+21,8.55004E+15,4.94885E+16
48006,8.17061E+18,8,2,21,0,2017,6,15,7,3,0,6,0,1,0,0,0,0,0,4.83884E+20,5.47314E+21,8.77784E+15,4.94107E+16
48007,8.17061E+18,8,2,16,15,2017,6,16,7,3,2,6,0,1,0,0,0,0,0,4.51719E+20,5.40281E+21,8.34284E+15,4.87764E+16
48008,8.17061E+18,8,2,15,9,2017,6,22,7,3,2,6,0,1,0,0,1,2,0,4.687E+20,5.44368E+21,8.57082E+15,4.91451E+16
48009,8.17061E+18,8,2,12,0,2017,6,14,7,3,5,3,0,1,0,0,1,0,0,4.52327E+20,5.42812E+21,8.34816E+15,4.90042E+16