OBJECTID,UIDENTSTLA,ULAND,UREGBEZ,UKREIS,UGEMEINDE,UJAHR,UMONAT,USTUNDE,UWOCHENTAG,UKATEGORIE,UART,UTYP1,IstRad,IstPKW,IstFuss,IstKrad,IstSonstig,LICHT,STRZUSTAND,LINREFX,LINREFY,XGCSWGS84,YGCSWGS84
48010,8.17061E+18,8,1,21,0,2017,6,12,7,3,2,6,0,1,0,0,0,0,0,5.08461E+20,5.44857E+21,9.11612E+15,4.91899E+16
48011,8.17061E+18,8,1,25,111,2017,6,8,7,3,3,6,0,1,0,0,0,0,0,5.25584E+20,5.45777E+21,9.3517E+15,4.92721E+16
48012,8.17061E+18,8,2,26,41,2017,6,17,2,2,5,2,0,0,0,1,1,0,0,4.77417E+20,5.46646E+21,8.68906E+15,4.93505E+16
48013,8.17061E+18,8,2,21,0,2017,6,13,2,2,5,3,0,1,0,1,0,0,0,4.75474E+20,5.46891E+21,8.66216E+15,4.93724E+16
48014,8.17061E+18,8,2,26,85,2017,6,7,2,1,8,1,0,0,0,1,0,0,0,4.85389E+20,5.45439E+21,8.79927E+15,4.92421E+16
48015,8.17061E+18,8,2,16,7,2017,6,14,2,3,5,3,0,1,0,1,0,0,0,4.3094E+20,5.3965E+21,8.06111E+15,4.87177E+16
48016,8.17061E+18,8,1,18,21,2017,6,1,7,3,2,6,0,1,0,0,1,2,1,5.18088E+20,5.42959E+21,9.24739E+15,4.9019E+16
48017,8.17061E+18,8,1,15,28,2017,6,16,2,3,7,7,0,1,0,0,0,0,0,5.02194E+20,5.40177E+21,9.02986E+15,4.87689E+16
48018,8.17061E+18,8,1,18,67,2017,6,4,2,3,6,6,0,1,1,0,0,2,0,5.07202E+20,5.41416E+21,9.09823E+15,4.88804E+16
48019,8.17061E+18,8,1,15,13,2017,6,5,7,3,8,7,0,1,0,0,0,0,0,4.97309E+20,5.39052E+21,8.96345E+15,4.86677E+16
48020,8.17061E+18,8,1,35,19,2017,6,19,7,2,5,2,0,1,0,0,0,0,0,5.85292E+20,5.3922E+21,1.01586E+16,4.8677E+16
48021,8.17061E+18,8,1,35,19,2017,6,16,7,3,5,3,0,1,0,0,0,0,0,5.85128E+20,5.39225E+21,1.01564E+16,4.86775E+16
48022,8.17061E+18,8,1,35,19,2017,6,20,7,3,0,1,0,0,0,1,0,0,0,5.85123E+20,5.39225E+21,1.01564E+16,4.86775E+16
48023,8.17061E+18,8,1,17,26,2017,6,19,7,3,2,6,0,1,0,0,0,0,0,5.46788E+20,5.39523E+21,9.63598E+15,4.87084E+16
48024,8.17061E+18,8,1,26,47,2017,6,13,7,3,4,2,0,1,0,0,0,0,0,5.48078E+20,5.45145E+21,9.66015E+15,4.9214E+16
48025,8.17061E+18,8,1,25,8,2017,6,15,7,2,4,1,0,1,0,1,0,0,0,5.28568E+20,5.4327E+21,9.39095E+15,4.90466E+16
48026,8.17061E+18,8,1,26,28,2017,6,14,7,2,8,1,0,1,0,0,0,0,0,5.38652E+20,5.46005E+21,9.53157E+15,4.9292E+16
48027,8.17061E+18,8,1,25,63,2017,6,16,7,3,5,3,0,1,0,0,0,0,0,5.27546E+20,5.46295E+21,9.37903E+15,4.93186E+16
48028,8.17061E+18,8,1,21,0,2017,6,19,7,3,0,1,1,0,0,0,0,0,0,5.16202E+20,5.44374E+21,9.22216E+15,4.91463E+16
48029,8.17061E+18,8,1,19,85,2017,6,18,7,3,4,1,0,1,0,0,0,0,0,5.31971E+20,5.41388E+21,9.43604E+15,4.8877E+16
48030,8.17061E+18,8,1,36,19,2017,6,12,2,3,2,6,0,1,0,0,0,0,0,5.82314E+20,5.42444E+21,1.01247E+16,4.89674E+16
48031,8.17061E+18,8,1,19,42,2017,6,19,7,3,8,1,0,1,0,0,0,0,0,5.30511E+20,5.41635E+21,9.41631E+15,4.88994E+16
48032,8.17061E+18,8,1,19,38,2017,6,15,7,2,4,1,0,1,0,1,0,0,0,5.24219E+20,5.42066E+21,9.33072E+15,4.89384E+16
48033,8.17061E+18,8,1,36,88,2017,6,13,2,3,5,2,0,1,0,0,0,0,1,5.8903E+20,5.40662E+21,1.02125E+16,4.88062E+16
48034,8.17061E+18,8,1,19,83,2017,6,13,7,2,5,3,1,1,0,0,0,0,0,5.35449E+20,5.41904E+21,9.48391E+15,4.89233E+16
48035,8.17061E+18,8,1,27,25,2017,6,13,2,3,4,1,0,1,0,0,0,0,1,5.55261E+20,5.42962E+21,9.75578E+15,4.9017E+16
48036,8.17061E+18,8,1,18,50,2017,6,8,7,3,5,2,0,1,0,0,0,0,0,5.06136E+20,5.41699E+21,9.08373E+15,4.89058E+16
48037,8.17061E+18,8,1,18,10,2017,6,11,7,3,0,3,0,1,0,0,0,0,0,5.09334E+20,5.43345E+21,9.12775E+15,4.90538E+16
48038,8.17061E+18,8,1,16,11,2017,6,10,7,2,0,1,0,0,0,1,0,0,0,5.31888E+20,5.37906E+21,9.43221E+15,4.85638E+16
48039,8.17061E+18,8,1,16,7,2017,6,17,7,3,4,6,0,0,0,0,1,0,0,5.33427E+20,5.40133E+21,9.45487E+15,4.87641E+16
48040,8.17061E+18,8,1,15,54,2017,6,13,7,3,4,6,0,1,0,1,0,0,0,4.95203E+20,5.39616E+21,8.93478E+15,4.87184E+16
48041,8.17061E+18,8,4,37,78,2017,6,13,6,3,2,6,0,1,0,0,0,0,0,5.08572E+20,5.31727E+21,9.11493E+15,4.80087E+16
48042,8.17061E+18,8,4,36,52,2017,6,15,6,2,8,6,0,1,0,1,0,0,0,5.65679E+20,5.28992E+21,9.8764E+15,4.77593E+16
48043,8.17061E+18,8,4,36,64,2017,6,8,6,3,0,1,1,0,0,0,0,0,0,5.46624E+20,5.29155E+21,9.62233E+15,4.77756E+16
48044,8.17061E+18,8,4,35,20,2017,6,6,6,3,5,3,0,1,0,0,0,0,0,5.19457E+20,5.30128E+21,9.26016E+15,4.78645E+16
48045,8.17061E+18,8,4,26,21,2017,6,10,6,3,2,6,0,1,0,0,0,0,0,5.5936E+20,5.32609E+21,9.79707E+15,4.80853E+16
48046,8.17061E+18,8,4,26,73,2017,6,12,6,2,0,1,0,1,0,0,0,0,0,5.6451E+20,5.33708E+21,9.86788E+15,4.81837E+16
48047,8.17061E+18,8,4,25,81,2017,6,12,6,2,5,3,0,0,0,1,1,0,0,5.47329E+20,5.34327E+21,9.63745E+15,4.82409E+16
48048,8.17061E+18,8,4,16,41,2017,6,16,6,3,2,6,0,1,0,0,0,0,0,5.05541E+20,5.37331E+21,9.07503E+15,4.85129E+16
48049,8.17061E+18,8,4,15,78,2017,6,15,6,3,8,1,0,1,0,0,0,0,0,5.34894E+20,5.36844E+21,9.47206E+15,4.84681E+16
48050,8.17061E+18,8,1,27,76,2017,6,18,2,1,4,1,0,1,0,1,0,0,0,5.5174E+20,5.44356E+21,9.70941E+15,4.91427E+16
48051,8.17061E+18,8,1,25,59,2017,6,19,2,2,8,1,0,0,0,1,0,0,0,5.30864E+20,5.43825E+21,9.42279E+15,4.90964E+16
48052,8.17061E+18,8,1,25,5,2017,6,10,2,2,2,1,0,1,0,0,1,0,1,5.1568E+20,5.4545E+21,9.21543E+15,4.92431E+16
48053,8.17061E+18,8,4,16,25,2017,6,5,6,2,9,1,0,1,0,0,0,0,0,5.10224E+20,5.36486E+21,9.13823E+15,4.84368E+16
48054,8.17061E+18,8,4,15,61,2017,6,9,6,3,3,2,1,1,0,0,0,0,0,5.15149E+20,5.37159E+21,9.20506E+15,4.84972E+16
48055,8.17061E+18,8,1,19,79,2017,6,18,2,3,2,6,0,1,0,0,0,0,0,5.2152E+20,5.40743E+21,9.29316E+15,4.88195E+16
48056,8.17061E+18,8,4,15,53,2017,6,13,6,3,9,1,0,0,0,1,0,0,0,5.33955E+20,5.36504E+21,9.45908E+15,4.84376E+16
48057,8.17061E+18,8,1,17,10,2017,6,15,2,3,5,3,0,1,0,1,0,0,1,5.68905E+20,5.3929E+21,9.93619E+15,4.86853E+16
48058,8.17061E+18,8,4,15,53,2017,6,11,6,3,2,6,0,1,0,0,0,0,0,5.34957E+20,5.36231E+21,9.4724E+15,4.8413E+16
48059,8.17061E+18,8,3,36,91,2017,6,16,6,3,2,6,0,1,0,0,0,0,0,3.94803E+20,5.27324E+21,7.60042E+15,4.76041E+16
48060,8.17061E+18,8,2,22,0,2017,6,19,6,2,1,6,0,1,0,0,0,0,0,4.62024E+20,5.48919E+21,8.47494E+15,4.95541E+16
48061,8.17061E+18,8,2,22,0,2017,6,17,6,1,2,6,0,1,0,0,1,0,0,4.63974E+20,5.48927E+21,8.5019E+15,4.95549E+16
48062,8.17061E+18,8,2,16,43,2017,6,8,6,3,2,6,0,1,0,0,0,0,0,4.39875E+20,5.41368E+21,8.18006E+15,4.88732E+16
48063,8.17061E+18,8,3,17,116,2017,6,1,6,3,8,1,0,1,0,0,0,2,0,4.41617E+20,5.38791E+21,8.20746E+15,4.86415E+16
48064,8.17061E+18,8,1,18,80,2017,6,12,6,3,3,6,0,1,0,0,1,0,0,5.08271E+20,5.41009E+21,9.11273E+15,4.88437E+16
48065,8.17061E+18,8,1,35,10,2017,6,12,6,3,2,6,0,1,0,0,1,0,0,6.01763E+20,5.39716E+21,1.03836E+16,4.87191E+16
48066,8.17061E+18,8,1,35,19,2017,6,14,6,3,1,6,0,1,0,0,0,0,0,5.85609E+20,5.38987E+21,1.01625E+16,4.8656E+16
48067,8.17061E+18,8,1,17,26,2017,6,12,2,3,9,2,0,1,0,0,0,0,1,5.48753E+20,5.39398E+21,9.66254E+15,4.8697E+16
48068,8.17061E+18,8,1,16,54,2017,6,14,2,2,9,7,0,1,0,0,0,0,1,5.31584E+20,5.38124E+21,9.42826E+15,4.85835E+16
48069,8.17061E+18,8,1,15,28,2017,6,17,2,3,1,5,0,1,0,0,0,0,0,5.00759E+20,5.40537E+21,9.01034E+15,4.88014E+16
48070,8.17061E+18,8,1,15,28,2017,6,8,2,3,4,6,0,1,0,0,0,0,0,5.03225E+20,5.40171E+21,9.04388E+15,4.87684E+16
48071,8.17061E+18,8,1,11,0,2017,6,4,2,3,5,3,1,1,0,0,0,2,0,5.0942E+20,5.39827E+21,9.12811E+15,4.87374E+16
48072,8.1706E+18,8,4,36,69,2017,6,6,1,2,8,1,0,1,0,0,0,0,1,5.53087E+20,5.29222E+21,9.70867E+15,4.77812E+16
48073,8.1706E+18,8,4,36,3,2017,6,8,1,3,8,1,0,1,0,0,0,0,1,5.76125E+20,5.30203E+21,1.00179E+16,4.78671E+16
48074,8.17061E+18,8,1,28,7,2017,6,13,6,2,2,2,0,1,0,1,0,0,0,5.53513E+20,5.47406E+21,9.73781E+15,4.94168E+16
48075,8.17061E+18,8,1,26,58,2017,6,7,6,3,4,1,0,1,0,0,0,0,0,5.43017E+20,5.45605E+21,9.59116E+15,4.92557E+16
48076,8.17061E+18,8,1,25,8,2017,6,19,6,3,9,1,0,0,0,1,0,0,1,5.2857E+20,5.43271E+21,9.39097E+15,4.90466E+16
48077,8.17061E+18,8,1,25,65,2017,6,7,6,3,5,3,0,1,0,1,0,0,0,5.1602E+20,5.44747E+21,9.21982E+15,4.91799E+16
48078,8.17061E+18,8,1,18,67,2017,6,10,6,3,1,6,0,1,0,0,0,0,0,5.06171E+20,5.41418E+21,9.08417E+15,4.88806E+16
48079,8.17061E+18,8,1,18,48,2017,6,15,6,3,2,6,0,1,0,0,1,0,0,5.13789E+20,5.41514E+21,9.18811E+15,4.88891E+16
48080,8.17061E+18,8,1,18,48,2017,6,17,6,3,1,6,0,1,0,0,0,0,0,5.13154E+20,5.4168E+21,9.17949E+15,4.8904E+16
48081,8.17061E+18,8,1,18,51,2017,6,19,6,3,0,1,1,0,0,0,0,0,0,5.10522E+20,5.41482E+21,9.14353E+15,4.88863E+16
48082,8.17061E+18,8,1,18,40,2017,6,14,6,3,5,3,0,1,0,0,0,0,0,5.10879E+20,5.43331E+21,9.14889E+15,4.90526E+16
48083,8.17061E+18,8,1,17,26,2017,6,22,6,3,5,2,0,1,0,0,0,2,1,5.49188E+20,5.3927E+21,9.6683E+15,4.86854E+16
48084,8.17061E+18,8,1,16,71,2017,6,6,6,3,2,6,0,1,0,0,0,0,0,5.29658E+20,5.39363E+21,9.40303E+15,4.8695E+16
48085,8.17061E+18,8,1,16,42,2017,6,20,6,2,8,1,0,1,0,0,0,0,1,5.16796E+20,5.38023E+21,9.2277E+15,4.85749E+16
48086,8.17061E+18,8,1,16,19,2017,6,13,6,3,2,6,0,1,0,0,0,0,0,5.22578E+20,5.398E+21,9.30705E+15,4.87346E+16
48087,8.17061E+18,8,1,11,0,2017,6,10,6,3,5,3,0,1,0,0,0,0,0,5.10643E+20,5.40019E+21,9.1448E+15,4.87546E+16
48088,8.17061E+18,8,4,36,9,2017,6,10,5,3,0,3,0,1,0,1,0,0,0,5.55659E+20,5.3081E+21,9.74505E+15,4.79238E+16
48089,8.17061E+18,8,4,36,81,2017,6,18,5,3,5,3,0,1,0,0,0,0,0,5.5982E+20,5.27961E+21,9.79682E+15,4.76671E+16
48090,8.17061E+18,8,4,36,64,2017,6,14,5,3,5,3,0,1,0,0,0,0,0,5.46627E+20,5.29155E+21,9.62238E+15,4.77756E+16
48091,8.17061E+18,8,4,35,16,2017,6,19,5,3,5,3,0,1,0,0,0,0,0,5.37786E+20,5.27878E+21,9.50326E+15,4.76613E+16
48092,8.17061E+18,8,4,35,16,2017,6,17,5,3,2,6,0,1,0,0,0,0,0,5.33938E+20,5.27953E+21,9.45207E+15,4.76682E+16
48093,8.17061E+18,8,4,37,104,2017,6,12,5,2,5,3,0,1,0,1,0,0,0,5.15489E+20,5.32461E+21,9.20794E+15,4.80746E+16
48094,8.17061E+18,8,4,26,1,2017,6,11,5,2,1,7,0,1,0,1,0,0,0,5.67321E+20,5.34417E+21,9.90682E+15,4.82471E+16
48095,8.17061E+18,8,4,25,28,2017,6,7,5,3,5,3,0,1,0,0,0,0,0,5.77591E+20,5.3393E+21,1.00442E+16,4.82022E+16
48096,8.17061E+18,8,4,16,41,2017,6,17,5,3,2,6,0,1,0,0,1,0,0,5.05713E+20,5.37325E+21,9.07735E+15,4.85124E+16
48097,8.17061E+18,8,4,16,36,2017,6,10,5,3,2,6,0,1,0,0,0,0,0,4.97392E+20,5.37195E+21,8.96469E+15,4.85006E+16
48098,8.1706E+18,8,4,36,94,2017,6,20,1,3,5,3,0,1,0,1,0,0,0,5.68628E+20,5.2889E+21,9.91559E+15,4.77499E+16
48099,8.1706E+18,8,4,35,20,2017,6,16,1,2,5,3,0,1,0,0,0,0,0,5.19679E+20,5.29961E+21,9.26304E+15,4.78495E+16
48100,8.17061E+18,8,4,16,11,2017,6,20,5,2,5,3,0,1,0,0,0,0,0,5.04618E+20,5.36715E+21,9.06246E+15,4.84574E+16
48101,8.17061E+18,8,4,16,41,2017,6,15,5,2,3,6,0,0,0,1,1,0,0,5.01365E+20,5.3723E+21,9.01848E+15,4.85038E+16
48102,8.17061E+18,8,4,15,78,2017,6,17,5,3,8,1,0,1,0,0,0,0,0,5.31516E+20,5.36726E+21,9.42628E+15,4.84577E+16
48103,8.17061E+18,8,4,15,62,2017,6,18,5,3,2,6,1,1,0,0,0,0,0,5.20028E+20,5.37763E+21,9.27139E+15,4.85514E+16
48104,8.17061E+18,8,3,36,45,2017,6,18,5,3,4,6,0,1,0,0,1,0,0,3.96743E+20,5.28671E+21,7.62305E+15,4.77255E+16
48105,8.17061E+18,8,3,36,107,2017,6,7,5,3,9,1,0,0,0,1,0,0,1,4.12494E+20,5.2945E+21,7.83148E+15,4.77979E+16
48106,8.17061E+18,8,3,36,82,2017,6,17,5,3,2,6,0,1,0,0,1,0,0,4.14911E+20,5.27148E+21,7.86823E+15,4.75911E+16
48107,8.17061E+18,8,3,35,75,2017,6,12,5,3,2,6,0,1,0,0,1,0,0,4.87776E+20,5.28991E+21,8.83687E+15,4.77624E+16
48108,8.17061E+18,8,4,36,94,2017,6,13,5,2,4,1,0,1,0,0,0,0,0,5.73052E+20,5.28321E+21,9.97364E+15,4.76981E+16
48109,8.17061E+18,8,3,25,49,2017,6,17,5,3,8,1,0,1,0,0,0,0,0,4.7913E+20,5.3389E+21,8.71912E+15,4.8203E+16
48110,8.17061E+18,8,3,26,5,2017,6,18,5,2,5,3,0,1,0,0,0,0,0,4.66712E+20,5.29922E+21,8.55508E+15,4.78455E+16
48111,8.1706E+18,8,4,25,31,2017,6,0,1,3,8,1,0,1,0,0,0,2,1,5.63132E+20,5.37021E+21,9.85431E+15,4.84819E+16
48112,8.17061E+18,8,3,25,1,2017,6,17,5,1,6,4,0,1,1,0,0,0,0,4.55796E+20,5.34849E+21,8.4041E+15,4.82881E+16
48113,8.1706E+18,8,4,17,22,2017,6,18,1,3,4,6,0,1,0,0,0,0,0,4.85046E+20,5.34903E+21,8.79838E+15,4.82943E+16
48114,8.17061E+18,8,3,17,31,2017,6,14,5,2,6,4,0,1,1,0,0,0,0,4.16957E+20,5.35837E+21,7.87863E+15,4.83731E+16
48115,8.17061E+18,8,3,16,17,2017,6,16,5,3,5,3,0,1,0,0,1,0,0,4.08094E+20,5.3424E+21,7.76246E+15,4.82282E+16
48116,8.17061E+18,8,3,15,52,2017,6,13,5,3,1,6,0,1,0,0,0,0,0,4.3354E+20,5.30686E+21,8.11058E+15,4.79116E+16
48117,8.17061E+18,8,3,15,6,2017,6,7,5,3,9,6,0,1,0,0,1,0,0,3.98908E+20,5.30727E+21,7.64712E+15,4.79108E+16
48118,8.17061E+18,8,3,36,57,2017,6,16,5,2,5,2,0,1,0,1,0,0,0,4.09501E+20,5.27788E+21,7.79497E+15,4.7648E+16
48119,8.17061E+18,8,2,15,7,2017,6,16,5,2,2,6,0,1,0,1,0,0,0,4.80685E+20,5.43155E+21,8.73573E+15,4.90365E+16
48120,8.17061E+18,8,2,15,90,2017,6,16,5,3,2,6,0,1,0,0,0,0,0,4.64213E+20,5.43558E+21,8.51001E+15,4.9072E+16
48121,8.17061E+18,8,2,15,108,2017,6,17,5,3,1,6,0,1,0,1,0,0,0,4.50035E+20,5.42272E+21,8.31748E+15,4.89554E+16
48122,8.17061E+18,8,2,35,67,2017,6,15,5,3,0,7,0,0,0,1,0,0,0,4.85769E+20,5.39903E+21,8.80643E+15,4.87441E+16
48123,8.17061E+18,8,2,35,79,2017,6,19,5,2,4,6,0,1,0,1,0,0,0,4.6568E+20,5.39362E+21,8.53363E+15,4.86947E+16
48124,8.17061E+18,8,2,36,76,2017,6,19,5,3,3,6,0,1,0,1,0,0,0,4.70759E+20,5.42345E+21,8.60052E+15,4.89632E+16
48125,8.17061E+18,8,2,36,40,2017,6,16,5,3,4,6,0,1,0,0,0,0,0,4.91589E+20,5.42197E+21,8.88512E+15,4.89506E+16
48126,8.17061E+18,8,2,26,95,2017,6,8,5,3,4,6,1,0,0,0,0,0,0,4.7296E+20,5.45862E+21,8.62823E+15,4.92797E+16
48127,8.1706E+18,8,4,16,41,2017,6,19,1,3,2,6,0,1,0,0,0,0,0,5.04395E+20,5.37277E+21,9.05951E+15,4.85081E+16
48128,8.17061E+18,8,2,22,0,2017,6,18,5,3,1,6,0,1,0,0,0,0,0,4.6362E+20,5.4835E+21,8.49754E+15,4.9503E+16
48129,8.17061E+18,8,2,26,38,2017,6,8,5,3,5,3,0,1,0,0,0,0,0,4.71051E+20,5.48143E+21,8.60032E+15,4.94848E+16
48130,8.17061E+18,8,2,22,0,2017,6,22,5,3,2,6,0,1,0,1,0,2,0,4.61058E+20,5.48121E+21,8.46237E+15,4.94823E+16
48131,8.1706E+18,8,4,15,85,2017,6,17,1,2,8,1,0,0,0,1,0,0,0,5.33122E+20,5.34205E+21,9.44601E+15,4.82308E+16
48132,8.17061E+18,8,2,22,0,2017,6,18,5,3,0,6,0,0,0,1,1,0,0,4.60584E+20,5.48176E+21,8.45578E+15,4.94872E+16
48133,8.17061E+18,8,2,26,96,2017,6,17,5,2,2,6,0,0,0,1,1,0,0,4.74189E+20,5.48922E+21,8.64313E+15,4.9555E+16
48134,8.1706E+18,8,3,36,50,2017,6,1,1,2,8,1,0,1,0,0,0,2,1,4.00299E+20,5.27646E+21,7.6728E+15,4.76339E+16
48135,8.1706E+18,8,3,11,0,2017,6,6,1,2,8,1,0,1,0,0,0,0,1,4.05786E+20,5.31514E+21,7.73741E+15,4.79826E+16
48136,8.17061E+18,8,2,15,7,2017,6,7,5,3,5,3,0,1,0,0,0,0,0,4.79691E+20,5.43594E+21,8.72191E+15,4.9076E+16
48137,8.17061E+18,8,2,16,15,2017,6,17,5,2,9,1,0,0,0,1,0,0,0,4.53922E+20,5.40922E+21,8.37211E+15,4.88342E+16
48138,8.17061E+18,8,2,16,43,2017,6,7,5,3,5,3,1,0,0,0,1,0,0,4.43771E+20,5.41223E+21,8.23337E+15,4.88605E+16
48139,8.17061E+18,8,1,18,51,2017,6,11,5,3,3,7,0,1,0,0,1,0,0,5.10499E+20,5.41419E+21,9.14319E+15,4.88806E+16
48140,8.17061E+18,8,1,11,0,2017,6,11,5,3,5,2,0,1,0,0,1,0,0,5.05881E+20,5.3963E+21,9.07996E+15,4.87197E+16
48141,8.17061E+18,8,1,36,20,2017,6,14,5,3,0,1,1,0,0,0,0,0,0,5.64523E+20,5.41521E+21,9.88015E+15,4.88865E+16
48142,8.17061E+18,8,1,35,16,2017,6,16,5,3,2,6,0,1,0,0,0,0,0,5.89051E+20,5.38522E+21,1.02082E+16,4.86137E+16
48143,8.17061E+18,8,1,28,131,2017,6,16,5,3,3,6,0,1,0,1,0,0,0,5.37134E+20,5.51202E+21,9.51558E+15,4.97595E+16
48144,8.17061E+18,8,1,28,139,2017,6,18,5,2,2,6,0,1,0,0,1,0,0,5.52859E+20,5.48863E+21,9.73073E+15,4.9548E+16
48145,8.17061E+18,8,1,28,139,2017,6,15,5,3,2,6,0,1,0,0,0,0,0,5.51313E+20,5.49205E+21,9.70981E+15,4.95789E+16
48146,8.17061E+18,8,1,28,82,2017,6,17,5,2,4,6,0,1,0,0,0,0,0,5.69794E+20,5.47694E+21,9.96276E+15,4.94411E+16
48147,8.17061E+18,8,1,26,45,2017,6,9,5,1,4,6,0,1,0,1,0,0,0,5.47609E+20,5.46903E+21,9.65581E+15,4.93721E+16
48148,8.17061E+18,8,1,27,91,2017,6,16,5,2,9,1,0,0,0,1,0,0,0,5.79305E+20,5.45038E+21,1.00886E+16,4.92011E+16
48149,8.17061E+18,8,1,27,14,2017,6,15,5,3,6,4,0,1,1,0,0,0,0,5.78397E+20,5.44279E+21,1.00747E+16,4.91329E+16
48150,8.17061E+18,8,1,26,60,2017,6,13,5,2,2,6,0,1,0,0,0,0,0,5.43567E+20,5.46014E+21,9.59916E+15,4.92925E+16
48151,8.1706E+18,8,3,37,126,2017,6,19,1,3,2,6,0,1,0,0,0,0,0,4.38631E+20,5.27386E+21,8.18336E+15,4.76152E+16
48152,8.1706E+18,8,3,37,126,2017,6,9,1,3,2,6,0,1,0,0,0,0,0,4.40031E+20,5.27458E+21,8.20189E+15,4.76219E+16
48153,8.1706E+18,8,3,35,63,2017,6,19,1,3,8,1,0,1,0,0,0,0,0,5.01767E+20,5.29104E+21,9.02358E+15,4.77727E+16
48154,8.17061E+18,8,2,25,33,2017,6,6,5,1,4,6,0,1,0,0,1,0,0,5.08448E+20,5.45827E+21,9.11615E+15,4.92771E+16
48155,8.17061E+18,8,1,25,65,2017,6,22,5,3,1,6,0,1,0,0,0,2,0,5.14728E+20,5.44824E+21,9.20212E+15,4.91868E+16
48156,8.1706E+18,8,3,35,43,2017,6,19,1,3,0,7,1,0,0,0,1,0,0,5.13248E+20,5.27951E+21,9.17648E+15,4.76688E+16
48157,8.17061E+18,8,1,19,68,2017,6,9,5,3,5,3,0,1,0,1,0,0,0,5.25582E+20,5.41388E+21,9.34891E+15,4.88773E+16
48158,8.17061E+18,8,1,18,48,2017,6,17,5,3,9,7,1,0,0,0,0,0,0,5.15853E+20,5.41427E+21,9.21623E+15,4.88812E+16
48159,8.17061E+18,8,1,17,26,2017,6,19,5,3,8,1,0,0,0,1,0,0,0,5.51812E+20,5.39736E+21,9.70453E+15,4.87271E+16
48160,8.17061E+18,8,1,17,25,2017,6,16,5,3,4,7,0,1,0,0,0,0,0,5.58206E+20,5.388E+21,9.79015E+15,4.86423E+16
48161,8.17061E+18,8,1,16,49,2017,6,17,5,2,5,3,1,1,0,0,0,0,0,5.25567E+20,5.38712E+21,9.34703E+15,4.86366E+16
48162,8.17061E+18,8,1,16,70,2017,6,22,5,3,5,3,0,1,0,1,0,2,0,5.39837E+20,5.38479E+21,9.5405E+15,4.86149E+16
48163,8.17061E+18,8,1,16,78,2017,6,17,5,2,0,1,1,0,0,0,0,0,0,5.09764E+20,5.39336E+21,9.13269E+15,4.86932E+16
48164,8.17061E+18,8,1,16,41,2017,6,19,5,2,5,3,1,1,0,0,0,0,0,5.19719E+20,5.38408E+21,9.26751E+15,4.86095E+16
48165,8.17061E+18,8,1,15,45,2017,6,16,5,3,8,1,0,1,0,0,1,0,0,5.00903E+20,5.39816E+21,9.01228E+15,4.87365E+16
48166,8.17061E+18,8,1,15,50,2017,6,15,5,3,5,2,1,1,0,0,0,0,0,4.91252E+20,5.40081E+21,8.88097E+15,4.87603E+16
48167,8.17061E+18,8,1,15,21,2017,6,16,5,3,4,6,0,1,0,0,0,0,0,4.92443E+20,5.38328E+21,8.89749E+15,4.86026E+16
48168,8.17061E+18,8,1,15,21,2017,6,17,5,3,5,2,0,1,0,1,0,0,0,4.8918E+20,5.38468E+21,8.8532E+15,4.86151E+16
48169,8.17061E+18,8,1,15,13,2017,6,20,5,3,2,6,0,1,0,1,0,0,0,4.96354E+20,5.38975E+21,8.95048E+15,4.86608E+16
48170,8.17061E+18,8,1,11,0,2017,6,17,5,3,5,3,0,1,0,0,0,0,0,5.09886E+20,5.39726E+21,9.13443E+15,4.87283E+16
48171,8.17061E+18,8,1,11,0,2017,6,10,5,3,5,3,0,1,0,0,1,0,0,5.12776E+20,5.4076E+21,9.17405E+15,4.88212E+16
48172,8.17061E+18,8,1,11,0,2017,6,19,5,3,2,6,0,1,0,0,0,0,0,5.07242E+20,5.40723E+21,9.09865E+15,4.8818E+16
48173,8.17061E+18,8,1,11,0,2017,6,22,5,3,9,7,0,1,0,0,0,2,0,5.16868E+20,5.40361E+21,9.22963E+15,4.87853E+16
48174,8.17061E+18,8,1,11,0,2017,6,9,5,3,0,2,0,1,0,1,0,0,0,5.15851E+20,5.40462E+21,9.21583E+15,4.87943E+16
48175,8.1706E+18,8,3,35,75,2017,6,13,1,3,2,6,0,1,0,0,0,0,0,4.90038E+20,5.29006E+21,8.86706E+15,4.77638E+16
48176,8.1706E+18,8,3,35,75,2017,6,20,1,3,8,7,0,1,0,0,0,0,0,4.88385E+20,5.29531E+21,8.84487E+15,4.7811E+16
48177,8.17061E+18,8,4,36,81,2017,6,19,4,2,8,2,0,1,0,0,0,0,0,5.5715E+20,5.27657E+21,9.76085E+15,4.764E+16
48178,8.17061E+18,8,4,37,104,2017,6,13,4,3,5,3,0,0,0,0,1,0,1,5.153E+20,5.32633E+21,9.20547E+15,4.80901E+16
48179,8.17061E+18,8,4,37,101,2017,6,14,4,2,4,6,0,1,0,1,0,0,0,5.2185E+20,5.32497E+21,9.29336E+15,4.80776E+16
48180,8.17061E+18,8,4,37,5,2017,6,18,4,2,8,1,0,0,0,1,0,0,0,4.96681E+20,5.32106E+21,8.95547E+15,4.80428E+16
48181,8.17061E+18,8,4,25,124,2017,6,17,4,2,8,1,0,1,0,0,0,0,0,5.512E+20,5.33958E+21,9.68913E+15,4.82074E+16
48182,8.17061E+18,8,4,16,36,2017,6,6,4,3,8,1,0,1,0,0,0,0,1,4.96746E+20,5.36875E+21,8.95597E+15,4.84719E+16
48183,8.17061E+18,8,4,16,41,2017,6,7,4,3,2,6,0,1,0,0,0,0,1,5.05578E+20,5.37329E+21,9.07553E+15,4.85127E+16