OBJECTID,UIDENTSTLA,ULAND,UREGBEZ,UKREIS,UGEMEINDE,UJAHR,UMONAT,USTUNDE,UWOCHENTAG,UKATEGORIE,UART,UTYP1,IstRad,IstPKW,IstFuss,IstKrad,IstSonstig,LICHT,STRZUSTAND,LINREFX,LINREFY,XGCSWGS84,YGCSWGS84
48531,8.17061E+18,8,3,25,72,2017,6,17,2,3,2,6,0,1,0,0,0,0,0,4.71076E+20,5.32862E+21,8.61143E+15,4.81102E+16
48532,8.17061E+18,8,3,16,10,2017,6,9,2,3,2,6,0,1,0,0,0,0,0,4.304E+20,5.33549E+21,8.0639E+15,4.81688E+16
48533,8.17061E+18,8,3,16,42,2017,6,15,2,3,5,3,0,1,0,0,0,0,0,4.28492E+20,5.32872E+21,8.03938E+15,4.81077E+16
48534,8.17061E+18,8,3,15,7,2017,6,13,2,2,8,6,0,1,0,1,0,0,0,4.07885E+20,5.29472E+21,7.76989E+15,4.77992E+16
48535,8.17062E+18,8,2,25,52,2017,6,20,6,3,8,1,0,1,0,0,0,0,0,5.14335E+20,5.4786E+21,9.19781E+15,4.94599E+16
48536,8.17062E+18,8,2,16,63,2017,6,9,6,3,8,1,0,0,0,1,0,0,1,4.3145E+20,5.399E+21,8.06763E+15,4.87403E+16
48537,8.17062E+18,8,2,16,63,2017,6,18,6,3,1,5,1,1,0,0,0,0,0,4.27292E+20,5.40053E+21,8.01081E+15,4.87535E+16
48538,8.17061E+18,8,3,15,41,2017,6,10,2,3,3,6,0,0,0,0,1,0,0,4.20013E+20,5.32232E+21,7.92669E+15,4.80492E+16
48539,8.17061E+18,8,3,15,113,2017,6,17,2,2,8,1,0,1,0,0,0,0,0,4.38449E+20,5.3093E+21,8.17592E+15,4.79341E+16
48540,8.17062E+18,8,2,15,21,2017,6,0,6,2,8,1,0,1,0,0,0,2,1,4.69706E+20,5.44731E+21,8.58434E+15,4.91779E+16
48541,8.17061E+18,8,2,12,0,2017,6,15,2,2,2,6,0,1,0,1,0,0,0,4.54513E+20,5.42667E+21,8.37821E+15,4.89913E+16
48542,8.17061E+18,8,2,15,108,2017,6,17,2,3,5,3,0,1,0,0,0,0,0,4.48603E+20,5.42305E+21,8.29789E+15,4.89582E+16
48543,8.17061E+18,8,2,12,0,2017,6,12,2,3,2,6,0,1,0,0,1,0,0,4.55188E+20,5.42824E+21,8.38727E+15,4.90054E+16
48544,8.17061E+18,8,2,37,28,2017,6,12,2,3,2,2,0,0,0,1,0,0,0,4.60645E+20,5.36823E+21,8.46761E+15,4.8466E+16
48545,8.17061E+18,8,2,31,0,2017,6,17,2,3,2,6,0,1,0,0,0,0,0,4.75583E+20,5.41426E+21,8.66697E+15,4.88808E+16
48546,8.17061E+18,8,2,31,0,2017,6,14,2,3,6,4,0,1,1,0,0,0,0,4.75096E+20,5.41493E+21,8.66029E+15,4.88868E+16
48547,8.17061E+18,8,2,26,91,2017,6,23,2,3,9,7,0,1,0,0,0,2,0,4.91958E+20,5.45906E+21,8.88942E+15,4.92842E+16
48548,8.17061E+18,8,2,26,56,2017,6,19,2,3,5,3,1,0,0,1,0,0,0,4.85945E+20,5.47147E+21,8.8063E+15,4.93957E+16
48549,8.17061E+18,8,2,21,0,2017,6,13,2,3,1,6,0,1,0,0,1,0,0,4.73018E+20,5.47639E+21,8.62781E+15,4.94396E+16
48550,8.17061E+18,8,2,16,43,2017,6,23,2,3,6,6,0,0,1,0,1,2,0,4.41749E+20,5.41113E+21,8.20597E+15,4.88504E+16
48551,8.17061E+18,8,2,15,108,2017,6,10,2,3,5,3,0,1,0,0,0,0,0,4.47446E+20,5.42374E+21,8.282E+15,4.89644E+16
48552,8.17061E+18,8,2,12,0,2017,6,8,2,3,2,6,0,1,0,0,0,0,0,4.59398E+20,5.42622E+21,8.44504E+15,4.89875E+16
48553,8.17061E+18,8,1,16,35,2017,6,17,2,3,3,6,0,1,0,0,0,0,0,5.25496E+20,5.3914E+21,9.34634E+15,4.86751E+16
48554,8.17061E+18,8,1,36,19,2017,6,15,2,1,2,1,0,0,0,0,1,0,0,5.86837E+20,5.4247E+21,1.01865E+16,4.89691E+16
48555,8.17061E+18,8,1,28,20,2017,6,16,2,3,0,6,0,1,0,0,0,0,0,5.78035E+20,5.4857E+21,1.00781E+16,4.95189E+16
48556,8.17061E+18,8,1,27,14,2017,6,9,2,3,5,2,0,1,0,0,1,0,0,5.78337E+20,5.44349E+21,1.0074E+16,4.91392E+16
48557,8.17061E+18,8,1,25,6,2017,6,22,2,2,9,1,0,1,0,0,0,2,0,5.0404E+20,5.45086E+21,9.05547E+15,4.92106E+16
48558,8.17061E+18,8,1,25,98,2017,6,16,2,3,2,6,0,1,0,0,0,0,0,5.19818E+20,5.43725E+21,9.27143E+15,4.90878E+16
48559,8.17062E+18,8,2,12,0,2017,6,11,6,3,2,6,0,1,0,1,0,0,0,4.52671E+20,5.42932E+21,8.35273E+15,4.90149E+16
48560,8.17062E+18,8,2,16,13,2017,6,14,6,2,8,1,0,0,0,1,0,0,0,4.51222E+20,5.38836E+21,8.33778E+15,4.86464E+16
48561,8.17061E+18,8,1,25,56,2017,6,22,2,2,5,3,0,0,0,1,0,2,0,5.14288E+20,5.43448E+21,9.19559E+15,4.90631E+16
48562,8.17061E+18,8,1,21,0,2017,6,6,2,3,8,6,0,1,0,0,0,0,0,5.10024E+20,5.44745E+21,9.13754E+15,4.91798E+16
48563,8.17061E+18,8,1,19,90,2017,6,16,2,3,1,2,0,1,0,0,0,0,0,5.29962E+20,5.40723E+21,9.40814E+15,4.88173E+16
48564,8.17061E+18,8,1,19,84,2017,6,22,2,3,8,1,0,1,0,0,0,2,0,5.48613E+20,5.41635E+21,9.66329E+15,4.88982E+16
48565,8.17061E+18,8,1,19,67,2017,6,23,2,3,0,7,0,0,0,1,0,2,0,5.37909E+20,5.40964E+21,9.51663E+15,4.88386E+16
48566,8.17061E+18,8,1,19,18,2017,6,13,2,3,5,3,0,1,0,0,0,0,0,5.29285E+20,5.4181E+21,9.3997E+15,4.89152E+16
48567,8.17061E+18,8,1,19,67,2017,6,17,2,2,4,1,0,1,0,1,0,0,0,5.4016E+20,5.40542E+21,9.54689E+15,4.88005E+16
48568,8.17062E+18,8,2,11,0,2017,6,16,6,1,2,6,0,1,0,0,0,0,0,4.3825E+20,5.40492E+21,8.15922E+15,4.87942E+16
48569,8.17061E+18,8,1,18,67,2017,6,5,2,3,5,3,0,1,0,0,1,0,0,5.07165E+20,5.41427E+21,9.09772E+15,4.88813E+16
48570,8.17061E+18,8,1,18,73,2017,6,19,2,3,5,3,0,1,0,1,0,0,0,4.95827E+20,5.41817E+21,8.94304E+15,4.89165E+16
48571,8.17062E+18,8,1,15,28,2017,6,11,6,3,3,6,0,1,0,0,1,0,0,5.02121E+20,5.40197E+21,9.02886E+15,4.87708E+16
48572,8.17061E+18,8,1,18,48,2017,6,14,2,3,2,6,0,1,0,0,0,0,0,5.11051E+20,5.41471E+21,9.15074E+15,4.88853E+16
48573,8.17061E+18,8,1,18,48,2017,6,19,2,3,2,6,0,1,0,0,0,0,0,5.12456E+20,5.41527E+21,9.16993E+15,4.88903E+16
48574,8.17061E+18,8,1,18,51,2017,6,6,2,2,3,6,0,1,0,0,0,0,0,5.10324E+20,5.41484E+21,9.14083E+15,4.88864E+16
48575,8.17061E+18,8,1,18,49,2017,6,12,2,2,5,3,0,1,0,0,0,0,0,5.20543E+20,5.42104E+21,9.28054E+15,4.89419E+16
48576,8.17061E+18,8,1,17,1,2017,6,19,2,3,3,6,0,1,0,1,0,0,0,5.45469E+20,5.39952E+21,9.61852E+15,4.87471E+16
48577,8.17061E+18,8,1,17,26,2017,6,16,2,3,4,2,0,1,0,0,0,0,0,5.4914E+20,5.39487E+21,9.6679E+15,4.87049E+16
48578,8.17061E+18,8,4,25,20,2017,6,15,2,2,5,2,0,0,0,1,1,0,0,5.56509E+20,5.36415E+21,9.76388E+15,4.8428E+16
48579,8.17061E+18,8,4,25,79,2017,6,7,2,3,2,6,0,1,0,0,0,0,0,5.59078E+20,5.37444E+21,9.80005E+15,4.85203E+16
48580,8.17061E+18,8,1,11,0,2017,6,8,2,2,6,4,0,1,1,0,0,0,0,5.12797E+20,5.39972E+21,9.17409E+15,4.87504E+16
48581,8.17061E+18,8,4,36,94,2017,6,15,1,3,2,6,0,1,0,1,0,0,0,5.73896E+20,5.28398E+21,9.98502E+15,4.77049E+16
48582,8.17061E+18,8,4,36,95,2017,6,14,1,2,0,7,1,0,0,0,0,0,0,5.40076E+20,5.29718E+21,9.53546E+15,4.78267E+16
48583,8.17061E+18,8,4,36,10,2017,6,22,1,3,8,1,0,0,0,1,0,2,0,5.72537E+20,5.31103E+21,9.97144E+15,4.79485E+16
48584,8.17061E+18,8,4,35,16,2017,6,3,1,2,8,7,1,0,0,0,0,2,0,5.33E+20,5.28038E+21,9.43964E+15,4.7676E+16
48585,8.17061E+18,8,4,35,57,2017,6,15,1,2,0,2,0,1,0,1,0,0,0,5.49035E+20,5.27837E+21,9.65303E+15,4.76569E+16
48586,8.17061E+18,8,4,26,134,2017,6,9,1,2,0,3,1,1,0,0,0,0,0,5.62711E+20,5.33648E+21,9.84359E+15,4.81785E+16
48587,8.17061E+18,8,4,16,23,2017,6,0,1,2,9,6,0,1,0,0,0,2,0,5.07236E+20,5.37284E+21,9.09797E+15,4.85087E+16
48588,8.17061E+18,8,4,15,59,2017,6,11,1,3,5,3,1,1,0,0,0,0,0,5.1585E+20,5.36702E+21,9.21438E+15,4.84562E+16
48589,8.17061E+18,8,3,16,17,2017,6,21,1,3,8,1,0,1,0,0,0,0,0,4.07053E+20,5.34194E+21,7.74854E+15,4.82239E+16
48590,8.17061E+18,8,3,36,81,2017,6,12,1,3,4,6,0,1,0,1,0,0,0,4.20859E+20,5.28231E+21,7.94537E+15,4.76894E+16
48591,8.17061E+18,8,3,36,107,2017,6,16,1,3,2,6,0,1,0,1,0,0,0,4.07102E+20,5.28991E+21,7.76047E+15,4.77558E+16
48592,8.17061E+18,8,3,35,98,2017,6,18,1,3,8,1,0,0,0,0,1,0,0,5.0477E+20,5.29676E+21,9.06373E+15,4.78242E+16
48593,8.17061E+18,8,3,35,75,2017,6,17,1,2,0,7,1,0,0,0,0,0,0,4.88606E+20,5.29035E+21,8.84795E+15,4.77665E+16
48594,8.17061E+18,8,3,35,75,2017,6,16,1,3,0,7,1,0,0,0,0,0,0,4.87281E+20,5.28988E+21,8.83027E+15,4.77622E+16
48595,8.17061E+18,8,3,35,43,2017,6,16,1,3,5,2,0,1,0,0,0,0,0,5.11816E+20,5.28003E+21,9.15742E+15,4.76736E+16
48596,8.17061E+18,8,3,35,25,2017,6,12,1,3,0,7,1,0,0,0,0,0,0,4.98616E+20,5.28089E+21,8.98156E+15,4.76814E+16
48597,8.17061E+18,8,3,27,49,2017,6,17,1,3,5,3,0,1,0,1,0,0,0,4.72812E+20,5.32472E+21,8.635E+15,4.80751E+16
48598,8.17062E+18,8,1,11,0,2017,6,14,6,3,3,6,0,1,0,0,1,0,0,5.11731E+20,5.39494E+21,9.15945E+15,4.87073E+16
48599,8.17061E+18,8,3,25,24,2017,6,16,1,3,0,6,1,1,0,0,0,0,0,4.56416E+20,5.33905E+21,8.41342E+15,4.82032E+16
48600,8.17061E+18,8,3,25,53,2017,6,13,1,3,3,6,1,1,0,0,0,0,0,4.56753E+20,5.34105E+21,8.41775E+15,4.82212E+16
48601,8.17061E+18,8,3,25,12,2017,6,16,1,3,2,6,0,1,0,1,0,0,0,4.66007E+20,5.36007E+21,8.54081E+15,4.83929E+16
48602,8.17061E+18,8,2,37,40,2017,6,10,1,2,8,1,0,0,0,1,0,0,0,4.76398E+20,5.37024E+21,8.6806E+15,4.84848E+16
48603,8.17062E+18,8,4,25,138,2017,6,3,6,2,0,1,1,0,0,0,0,2,0,5.74309E+20,5.35166E+21,1.00023E+16,4.83138E+16
48604,8.17061E+18,8,3,16,54,2017,6,9,1,2,8,1,0,0,0,1,0,0,0,4.19613E+20,5.33549E+21,7.91884E+15,4.81676E+16
48605,8.17061E+18,8,3,16,45,2017,6,12,1,3,2,6,0,1,0,0,0,0,0,4.10819E+20,5.32606E+21,7.80257E+15,4.80816E+16
48606,8.17062E+18,8,1,35,19,2017,6,19,6,3,2,6,0,1,0,0,1,0,0,5.88834E+20,5.39682E+21,1.02077E+16,4.87181E+16
48607,8.17061E+18,8,3,15,102,2017,6,13,1,3,0,1,0,0,0,1,0,0,0,4.35038E+20,5.29826E+21,8.13191E+15,4.78344E+16
48608,8.17061E+18,8,3,15,84,2017,6,16,1,2,8,1,0,0,0,1,0,0,0,4.17917E+20,5.30558E+21,7.90178E+15,4.78983E+16
48609,8.17061E+18,8,2,22,0,2017,6,22,1,3,2,6,0,1,0,0,0,2,0,4.66222E+20,5.47901E+21,8.53386E+15,4.94628E+16
48610,8.17061E+18,8,2,26,38,2017,6,17,1,3,2,6,0,1,0,0,0,0,0,4.73848E+20,5.48064E+21,8.63898E+15,4.94779E+16
48611,8.17061E+18,8,2,35,32,2017,6,10,1,2,4,6,0,1,0,0,0,0,0,4.75712E+20,5.3738E+21,8.67111E+15,4.85168E+16
48612,8.17061E+18,8,2,35,85,2017,6,14,1,3,9,7,0,1,0,0,0,0,0,4.80247E+20,5.39964E+21,8.73129E+15,4.87495E+16
48613,8.17061E+18,8,2,35,79,2017,6,18,1,3,0,7,1,0,0,0,0,0,0,4.6942E+20,5.40209E+21,8.58382E+15,4.87711E+16
48614,8.17062E+18,8,1,35,26,2017,6,6,6,2,2,7,0,1,0,0,0,0,0,5.98431E+20,5.39566E+21,1.03379E+16,4.87062E+16
48615,8.17061E+18,8,2,36,43,2017,6,16,1,1,4,6,0,1,0,1,0,0,0,4.65699E+20,5.40601E+21,8.53285E+15,4.88061E+16
48616,8.17061E+18,8,2,36,43,2017,6,15,1,2,4,6,0,1,0,1,0,0,0,4.66153E+20,5.40551E+21,8.53907E+15,4.88016E+16
48617,8.17061E+18,8,2,31,0,2017,6,16,1,3,8,7,0,1,0,0,1,0,0,4.76929E+20,5.41336E+21,8.68538E+15,4.88728E+16
48618,8.17061E+18,8,2,36,40,2017,6,14,1,3,3,6,0,1,0,0,0,0,0,4.88135E+20,5.42164E+21,8.83796E+15,4.89476E+16
48619,8.17061E+18,8,2,26,29,2017,6,13,1,2,0,1,0,0,0,1,0,0,0,4.82698E+20,5.48222E+21,8.76108E+15,4.94924E+16
48620,8.17061E+18,8,2,21,0,2017,6,10,1,3,4,2,0,1,0,0,0,0,0,4.77433E+20,5.4675E+21,8.68922E+15,4.93598E+16
48621,8.17061E+18,8,2,16,28,2017,6,16,1,3,1,5,1,1,0,0,0,0,0,4.26684E+20,5.39732E+21,8.0031E+15,4.87246E+16
48622,8.17061E+18,8,2,16,43,2017,6,17,1,3,5,7,0,1,0,1,0,0,0,4.43679E+20,5.41345E+21,8.23196E+15,4.88714E+16
48623,8.17061E+18,8,2,16,41,2017,6,16,1,2,9,6,0,1,0,0,0,0,0,4.3149E+20,5.39361E+21,8.06906E+15,4.86918E+16
48624,8.17061E+18,8,1,15,45,2017,6,11,1,2,2,6,1,1,0,0,0,0,0,5.00053E+20,5.39796E+21,9.00071E+15,4.87347E+16
48625,8.17061E+18,8,1,18,11,2017,6,17,1,2,0,7,1,0,0,0,0,0,0,5.05122E+20,5.40796E+21,9.06979E+15,4.88246E+16
48626,8.17061E+18,8,1,36,45,2017,6,12,1,2,9,1,0,0,0,1,0,0,0,5.97699E+20,5.40836E+21,1.0331E+16,4.88205E+16
48627,8.17061E+18,8,1,36,2,2017,6,16,1,3,0,1,0,0,0,1,0,0,0,5.7269E+20,5.41791E+21,9.99202E+15,4.89099E+16
48628,8.17061E+18,8,1,27,23,2017,6,17,1,2,4,6,0,1,0,1,0,0,0,5.49707E+20,5.42594E+21,9.67938E+15,4.89843E+16
48629,8.17061E+18,8,1,17,15,2017,6,21,1,2,8,1,0,0,0,1,0,2,0,5.60786E+20,5.39308E+21,9.82592E+15,4.86878E+16
48630,8.17061E+18,8,1,28,14,2017,6,12,1,3,0,1,1,0,0,0,0,0,0,5.48397E+20,5.4814E+21,9.66818E+15,4.94833E+16
48631,8.17061E+18,8,1,28,7,2017,6,0,1,2,8,1,0,1,0,0,0,2,0,5.61353E+20,5.47899E+21,9.84665E+15,4.94604E+16
48632,8.17061E+18,8,1,27,52,2017,6,14,1,3,3,6,0,1,0,1,0,0,0,5.43824E+20,5.43743E+21,9.60022E+15,4.90881E+16
48633,8.17062E+18,8,1,26,45,2017,6,10,6,3,9,1,0,1,0,0,0,0,0,5.4952E+20,5.46792E+21,9.68199E+15,4.93619E+16
48634,8.17062E+18,8,1,25,59,2017,6,13,6,3,4,1,0,0,0,1,1,0,0,5.2769E+20,5.43785E+21,9.37929E+15,4.90929E+16
48635,8.17061E+18,8,1,27,25,2017,6,15,1,3,0,1,0,0,0,1,0,0,0,5.56188E+20,5.42472E+21,9.76779E+15,4.89729E+16
48636,8.17061E+18,8,1,27,75,2017,6,16,1,2,5,3,0,1,0,1,0,0,0,5.70144E+20,5.46645E+21,9.96573E+15,4.93467E+16
48637,8.17062E+18,8,1,25,26,2017,6,9,6,3,2,6,0,1,0,0,0,0,0,4.90767E+20,5.44199E+21,8.87343E+15,4.91307E+16
48638,8.17061E+18,8,1,21,0,2017,6,3,1,3,8,1,0,1,0,0,0,2,0,5.15958E+20,5.4463E+21,9.21892E+15,4.91693E+16
48639,8.17062E+18,8,1,19,85,2017,6,21,6,3,0,1,0,0,0,1,0,1,0,5.30685E+20,5.41111E+21,9.41828E+15,4.88522E+16
48640,8.17061E+18,8,1,19,79,2017,6,19,1,3,0,1,0,0,0,1,0,0,0,5.23193E+20,5.40717E+21,9.31594E+15,4.88171E+16
48641,8.17061E+18,8,1,19,37,2017,6,16,1,3,5,2,0,1,0,1,0,0,0,5.44577E+20,5.41858E+21,9.60846E+15,4.89185E+16
48642,8.17062E+18,8,1,19,1,2017,6,15,6,3,5,2,0,1,0,0,0,0,0,5.52584E+20,5.41029E+21,9.71668E+15,4.88434E+16
48643,8.17061E+18,8,1,18,73,2017,6,11,1,3,5,3,0,0,0,1,1,0,0,4.99253E+20,5.42545E+21,8.98979E+15,4.89819E+16
48644,8.17061E+18,8,1,18,60,2017,6,18,1,2,0,7,0,0,0,1,0,0,0,5.29693E+20,5.43304E+21,9.40636E+15,4.90496E+16
48645,8.17061E+18,8,1,17,19,2017,6,0,1,3,0,7,0,0,0,1,1,2,1,5.53435E+20,5.39309E+21,9.72605E+15,4.86885E+16
48646,8.17061E+18,8,1,17,15,2017,6,18,1,3,5,3,0,1,0,0,0,0,0,5.60308E+20,5.39605E+21,9.81986E+15,4.87146E+16
48647,8.17061E+18,8,1,17,44,2017,6,12,1,3,1,6,0,1,0,1,0,0,0,5.38157E+20,5.39212E+21,9.51837E+15,4.86809E+16
48648,8.17061E+18,8,1,35,16,2017,6,13,1,2,8,1,0,1,0,0,0,0,0,5.88106E+20,5.38287E+21,1.01949E+16,4.85927E+16
48649,8.17061E+18,8,1,16,11,2017,6,12,1,3,3,6,1,1,0,0,0,0,0,5.2875E+20,5.38051E+21,9.38977E+15,4.8577E+16
48650,8.17061E+18,8,1,15,21,2017,6,14,1,3,5,3,1,1,0,0,0,0,0,4.9054E+20,5.3824E+21,8.8717E+15,4.85946E+16
48651,8.17061E+18,8,1,11,0,2017,6,14,1,3,4,7,0,1,0,1,0,0,0,5.15222E+20,5.40544E+21,9.20729E+15,4.88018E+16
48652,8.17061E+18,8,1,11,0,2017,6,16,1,3,6,7,0,1,1,0,0,0,0,5.12774E+20,5.4076E+21,9.17403E+15,4.88213E+16
48653,8.17061E+18,8,4,35,35,2017,6,1,7,2,5,2,0,1,0,1,0,2,1,5.41375E+20,5.28097E+21,9.55126E+15,4.76808E+16
48654,8.17061E+18,8,4,35,29,2017,6,20,7,2,8,1,0,1,0,0,0,0,0,5.44415E+20,5.2755E+21,9.59122E+15,4.76314E+16
48655,8.17061E+18,8,4,36,82,2017,6,17,7,3,0,7,1,0,0,0,0,0,0,5.47022E+20,5.29395E+21,9.6279E+15,4.77972E+16
48656,8.17061E+18,8,4,36,64,2017,6,3,7,3,8,1,0,0,0,1,0,2,1,5.44677E+20,5.29198E+21,9.59639E+15,4.77797E+16
48657,8.17061E+18,8,4,36,10,2017,6,8,7,2,9,1,0,1,0,0,0,0,0,5.62936E+20,5.31178E+21,9.84298E+15,4.79563E+16
48658,8.17061E+18,8,4,35,20,2017,6,19,7,3,4,1,0,1,0,1,0,0,0,5.23053E+20,5.29642E+21,9.30798E+15,4.78207E+16
48659,8.17062E+18,8,2,12,0,2017,6,21,4,2,0,1,1,0,0,0,0,1,0,4.55674E+20,5.4276E+21,8.39398E+15,4.89997E+16
48660,8.17062E+18,8,2,16,5,2017,6,9,4,2,2,6,0,0,0,0,1,0,0,4.46921E+20,5.41484E+21,8.27598E+15,4.88842E+16
48661,8.17062E+18,8,2,15,64,2017,6,13,4,2,5,3,1,1,0,0,0,0,0,4.78069E+20,5.45128E+21,8.69887E+15,4.92139E+16
48662,8.17062E+18,8,2,31,0,2017,6,18,4,3,2,6,0,1,0,0,0,0,0,4.7448E+20,5.4159E+21,8.65182E+15,4.88955E+16
48663,8.17062E+18,8,2,26,6,2017,6,11,4,3,1,6,0,1,0,0,1,0,0,4.83518E+20,5.46718E+21,8.77304E+15,4.93571E+16
48664,8.17062E+18,8,2,26,36,2017,6,15,4,3,1,6,0,1,0,0,0,0,0,4.68512E+20,5.47976E+21,8.5654E+15,4.94697E+16
48665,8.17062E+18,8,2,21,0,2017,6,17,4,3,3,6,1,0,0,0,0,0,0,4.76572E+20,5.47249E+21,8.67708E+15,4.94046E+16
48666,8.17062E+18,8,3,15,107,2017,6,13,5,3,5,3,0,1,0,0,0,0,0,4.10537E+20,5.30846E+21,7.80246E+15,4.79232E+16
48667,8.17062E+18,8,2,22,0,2017,6,7,4,3,2,6,0,1,0,0,0,0,0,4.62499E+20,5.4892E+21,8.4815E+15,4.95543E+16
48668,8.17062E+18,8,3,11,0,2017,6,15,5,3,2,6,0,1,0,0,0,0,0,4.1152E+20,5.3238E+21,7.81246E+15,4.80614E+16
48669,8.17062E+18,8,2,16,43,2017,6,12,4,3,2,6,0,1,0,0,0,0,0,4.41158E+20,5.40921E+21,8.19819E+15,4.8833E+16
48670,8.17062E+18,8,2,26,32,2017,6,7,5,2,2,6,0,1,0,0,0,0,0,4.61998E+20,5.46522E+21,8.47688E+15,4.93385E+16
48671,8.17062E+18,8,2,15,100,2017,6,6,4,3,5,3,1,1,0,0,0,0,0,4.74747E+20,5.45221E+21,8.65319E+15,4.92222E+16
48672,8.17062E+18,8,2,15,17,2017,6,11,4,3,2,6,0,1,0,0,0,0,0,4.54621E+20,5.41998E+21,8.38043E+15,4.89311E+16
48673,8.17062E+18,8,2,15,7,2017,6,14,5,2,2,2,0,1,0,0,0,0,0,4.79691E+20,5.43594E+21,8.72192E+15,4.9076E+16
48674,8.17062E+18,8,2,12,0,2017,6,19,4,3,5,2,1,1,0,0,0,0,0,4.5581E+20,5.43098E+21,8.39548E+15,4.90302E+16
48675,8.17062E+18,8,2,11,0,2017,6,15,4,2,3,6,0,1,0,0,1,0,0,4.43277E+20,5.40225E+21,8.22802E+15,4.87707E+16
48676,8.17062E+18,8,2,12,0,2017,6,20,5,2,0,1,1,0,0,0,0,0,0,4.63848E+20,5.4238E+21,8.50607E+15,4.8966E+16
48677,8.17062E+18,8,1,11,0,2017,6,7,4,3,3,6,0,1,0,0,1,0,0,5.11539E+20,5.39497E+21,9.15685E+15,4.87077E+16
48678,8.17062E+18,8,1,15,28,2017,6,13,4,3,2,6,0,1,0,0,0,0,0,5.00842E+20,5.40317E+21,9.01146E+15,4.87815E+16
48679,8.17062E+18,8,1,16,35,2017,6,16,4,3,2,6,0,0,0,0,1,0,0,5.25155E+20,5.39161E+21,9.34171E+15,4.8677E+16
48680,8.17062E+18,8,1,35,19,2017,6,16,4,3,4,2,0,1,0,0,0,0,0,5.8516E+20,5.39144E+21,1.01567E+16,4.86702E+16
48681,8.17062E+18,8,4,25,72,2017,6,9,4,2,2,6,0,0,0,0,1,0,0,5.80952E+20,5.37094E+21,1.00956E+16,4.84864E+16
48682,8.17062E+18,8,1,35,19,2017,6,8,4,2,4,3,1,1,0,0,0,0,0,5.84739E+20,5.39245E+21,1.01512E+16,4.86793E+16
48683,8.17062E+18,8,1,28,139,2017,6,7,4,2,5,3,0,1,0,1,0,0,0,5.52023E+20,5.49216E+21,9.71965E+15,4.95798E+16
48684,8.17062E+18,8,1,27,73,2017,6,9,4,3,3,6,0,1,0,0,1,0,0,5.78755E+20,5.44845E+21,1.00807E+16,4.91838E+16
48685,8.17062E+18,8,1,21,0,2017,6,14,4,3,4,6,0,1,0,0,0,0,0,5.0802E+20,5.44784E+21,9.11005E+15,4.91833E+16
48686,8.17062E+18,8,1,26,60,2017,6,6,4,2,5,3,0,1,0,1,0,0,0,5.44945E+20,5.45902E+21,9.61799E+15,4.92823E+16
48687,8.17062E+18,8,1,25,59,2017,6,14,4,2,8,1,0,0,0,1,0,0,0,5.27397E+20,5.43756E+21,9.37524E+15,4.90903E+16
48688,8.17062E+18,8,1,25,27,2017,6,13,4,3,5,3,0,1,0,0,0,0,0,5.19362E+20,5.44543E+21,9.26557E+15,4.91614E+16
48689,8.17062E+18,8,1,19,42,2017,6,19,4,2,4,2,0,1,0,1,0,0,0,5.30701E+20,5.41655E+21,9.41892E+15,4.89011E+16
48690,8.17062E+18,8,1,19,75,2017,6,13,4,2,4,6,0,1,0,0,0,0,0,5.37044E+20,5.42993E+21,9.50668E+15,4.90211E+16
48691,8.17062E+18,8,1,19,61,2017,6,12,4,3,1,6,0,1,0,0,0,0,0,5.38869E+20,5.41398E+21,9.53012E+15,4.88776E+16
48692,8.17062E+18,8,1,18,48,2017,6,19,4,3,2,6,0,1,0,0,0,0,0,5.12815E+20,5.41528E+21,9.17483E+15,4.88904E+16
48693,8.17062E+18,8,1,18,46,2017,6,5,4,3,3,6,0,1,0,1,0,0,0,5.14346E+20,5.41149E+21,9.19557E+15,4.88562E+16
48694,8.17062E+18,8,1,17,26,2017,6,10,4,3,1,6,0,1,0,0,0,0,0,5.47622E+20,5.3958E+21,9.64739E+15,4.87134E+16
48695,8.17062E+18,8,1,17,51,2017,6,15,4,3,8,1,0,1,0,0,0,0,0,5.42971E+20,5.39441E+21,9.58401E+15,4.87013E+16
48696,8.17062E+18,8,4,25,84,2017,6,17,4,3,3,3,0,1,0,0,1,0,0,5.59211E+20,5.37445E+21,9.80186E+15,4.85204E+16
48697,8.17062E+18,8,1,16,78,2017,6,19,4,3,8,1,0,0,0,1,0,0,0,5.09663E+20,5.39248E+21,9.13129E+15,4.86853E+16
48698,8.17062E+18,8,1,16,56,2017,6,16,4,3,5,3,1,1,0,0,0,0,0,5.31148E+20,5.39492E+21,9.42337E+15,4.87065E+16
48699,8.17062E+18,8,1,16,80,2017,6,9,4,3,5,3,1,1,0,0,0,0,0,5.22141E+20,5.39564E+21,9.30099E+15,4.87134E+16
48700,8.17062E+18,8,1,16,49,2017,6,18,4,3,5,3,0,1,0,1,0,0,0,5.24092E+20,5.38583E+21,9.32694E+15,4.86251E+16
48701,8.17062E+18,8,1,16,15,2017,6,7,4,3,2,6,0,1,0,0,0,0,0,5.22518E+20,5.39478E+21,9.30606E+15,4.87057E+16
48702,8.17062E+18,8,1,11,0,2017,6,12,4,3,5,3,0,1,0,0,0,0,0,5.15376E+20,5.40593E+21,9.2094E+15,4.88061E+16
48703,8.17062E+18,8,1,11,0,2017,6,8,4,3,5,2,1,0,0,0,1,0,0,5.09936E+20,5.39921E+21,9.13516E+15,4.87458E+16
48704,8.17062E+18,8,1,11,0,2017,6,8,4,3,5,2,0,1,0,1,0,0,0,5.17311E+20,5.40598E+21,9.23576E+15,4.88066E+16