OBJECTID,UIDENTSTLA,ULAND,UREGBEZ,UKREIS,UGEMEINDE,UJAHR,UMONAT,USTUNDE,UWOCHENTAG,UKATEGORIE,UART,UTYP1,IstRad,IstPKW,IstFuss,IstKrad,IstSonstig,LICHT,STRZUSTAND,LINREFX,LINREFY,XGCSWGS84,YGCSWGS84
48705,8.17062E+18,8,4,37,65,2017,6,15,3,3,5,3,0,1,0,0,0,0,1,5.17671E+20,5.31627E+21,9.23689E+15,4.79995E+16
48706,8.17062E+18,8,4,36,3,2017,6,16,3,2,8,7,1,0,0,0,0,0,0,5.78361E+20,5.30527E+21,1.00484E+16,4.7896E+16
48707,8.17062E+18,8,4,36,81,2017,6,7,3,3,5,3,0,1,0,1,0,0,0,5.61706E+20,5.28329E+21,9.82245E+15,4.77001E+16
48708,8.17062E+18,8,2,15,64,2017,6,19,5,2,5,3,0,1,0,0,0,0,0,4.83925E+20,5.44784E+21,8.77942E+15,4.91832E+16
48709,8.17062E+18,8,2,12,0,2017,6,19,5,3,2,6,0,1,0,0,1,0,0,4.51405E+20,5.43167E+21,8.33513E+15,4.9036E+16
48710,8.17062E+18,8,2,35,46,2017,6,18,5,3,5,3,0,1,0,1,0,0,0,4.79897E+20,5.37735E+21,8.7276E+15,4.85489E+16
48711,8.17062E+18,8,4,36,94,2017,6,11,3,2,3,6,0,1,0,1,0,0,0,5.69818E+20,5.27882E+21,9.92985E+15,4.7659E+16
48712,8.17062E+18,8,4,36,96,2017,6,13,3,3,0,7,0,1,0,1,0,0,0,5.43001E+20,5.30224E+21,9.57504E+15,4.7872E+16
48713,8.17062E+18,8,2,35,85,2017,6,20,5,3,5,3,0,0,0,1,1,1,0,4.80906E+20,5.39512E+21,8.74046E+15,4.87089E+16
48714,8.17062E+18,8,4,36,64,2017,6,22,3,3,2,6,0,1,0,1,0,2,1,5.44266E+20,5.29056E+21,9.59076E+15,4.77669E+16
48715,8.17062E+18,8,4,35,66,2017,6,6,3,3,3,6,0,1,0,0,1,0,0,5.19674E+20,5.28736E+21,9.26242E+15,4.77393E+16
48716,8.17062E+18,8,2,35,85,2017,6,18,5,3,8,1,0,0,0,1,0,0,0,4.80186E+20,5.39616E+21,8.73062E+15,4.87181E+16
48717,8.17062E+18,8,4,35,35,2017,6,11,3,3,2,6,0,1,0,0,0,0,0,5.42077E+20,5.28255E+21,9.56077E+15,4.76949E+16
48718,8.17062E+18,8,2,31,0,2017,6,17,5,3,0,7,0,0,0,1,0,0,0,4.7772E+20,5.41567E+21,8.69603E+15,4.88936E+16
48719,8.17062E+18,8,4,35,16,2017,6,10,3,3,4,7,0,1,0,0,0,0,0,5.39177E+20,5.27971E+21,9.52187E+15,4.76696E+16
48720,8.17062E+18,8,2,36,74,2017,6,15,5,2,0,1,1,0,0,0,0,0,0,4.71878E+20,5.41903E+21,8.61611E+15,4.89235E+16
48721,8.17062E+18,8,4,26,21,2017,6,16,3,2,4,6,0,1,0,0,0,0,0,5.58938E+20,5.32925E+21,9.79184E+15,4.81137E+16
48722,8.17062E+18,8,4,15,61,2017,6,10,3,3,5,3,0,1,0,1,0,0,0,5.12995E+20,5.37194E+21,9.17591E+15,4.85004E+16
48723,8.17062E+18,8,4,15,48,2017,6,18,3,2,2,3,0,1,0,1,0,0,0,5.39608E+20,5.35733E+21,9.53478E+15,4.83679E+16
48724,8.17062E+18,8,3,37,108,2017,6,15,3,2,8,1,0,0,0,1,0,0,0,4.24845E+20,5.28607E+21,7.99783E+15,4.77236E+16
48725,8.17062E+18,8,3,37,66,2017,6,16,3,3,2,6,0,1,0,0,0,0,0,4.31679E+20,5.26893E+21,8.09163E+15,4.75702E+16
48726,8.17062E+18,8,2,36,62,2017,6,8,5,3,8,1,0,0,0,1,0,0,0,4.87445E+20,5.40784E+21,8.82896E+15,4.88234E+16
48727,8.17062E+18,8,3,35,79,2017,6,16,3,3,5,3,0,1,0,1,0,0,1,5.0065E+20,5.2995E+21,9.00869E+15,4.78488E+16
48728,8.17062E+18,8,4,36,64,2017,6,18,3,3,2,6,0,1,0,0,0,0,0,5.44044E+20,5.2907E+21,9.58782E+15,4.77682E+16
48729,8.17062E+18,8,2,36,38,2017,6,18,5,3,8,1,0,0,0,1,0,0,0,4.87496E+20,5.4282E+21,8.82902E+15,4.90066E+16
48730,8.17062E+18,8,4,36,95,2017,6,17,3,2,5,3,1,1,0,0,0,0,0,5.37316E+20,5.2949E+21,9.49839E+15,4.78064E+16
48731,8.17062E+18,8,3,27,55,2017,6,14,3,3,5,3,1,0,0,0,1,0,0,4.79864E+20,5.31868E+21,8.72995E+15,4.80211E+16
48732,8.17062E+18,8,2,26,98,2017,6,14,5,2,5,3,0,1,0,0,1,0,0,4.77753E+20,5.45806E+21,8.69415E+15,4.92749E+16
48733,8.17062E+18,8,3,26,52,2017,6,18,3,3,2,2,0,1,0,1,0,0,0,4.54577E+20,5.33016E+21,8.38963E+15,4.81231E+16
48734,8.17062E+18,8,4,17,25,2017,6,16,3,1,4,6,0,1,0,0,1,0,0,4.89516E+20,5.35218E+21,8.85857E+15,4.83227E+16
48735,8.17062E+18,8,3,17,121,2017,6,9,3,2,0,7,1,0,0,0,0,0,0,4.22526E+20,5.34753E+21,7.95581E+15,4.82763E+16
48736,8.17062E+18,8,3,16,20,2017,6,16,3,3,2,6,0,1,0,0,0,0,0,4.08231E+20,5.33761E+21,7.76534E+15,4.81851E+16
48737,8.17062E+18,8,3,16,13,2017,6,17,3,3,2,6,0,1,0,0,0,0,0,4.02744E+20,5.33673E+21,7.69174E+15,4.81764E+16
48738,8.17062E+18,8,3,16,11,2017,6,16,3,3,5,3,0,1,0,1,0,0,0,4.12685E+20,5.33131E+21,7.82655E+15,4.81291E+16
48739,8.17062E+18,8,3,15,6,2017,6,5,3,3,9,1,0,1,0,0,0,1,0,4.03905E+20,5.30652E+21,7.71414E+15,4.79048E+16
48740,8.17062E+18,8,3,15,39,2017,6,17,3,1,4,6,0,1,0,1,0,0,0,4.44501E+20,5.30788E+21,8.25712E+15,4.79218E+16
48741,8.17062E+18,8,2,26,84,2017,6,22,3,3,3,6,0,1,0,0,0,2,0,4.67684E+20,5.46575E+21,8.55511E+15,4.93436E+16
48742,8.17062E+18,8,2,15,66,2017,6,6,3,2,4,1,0,0,0,0,1,0,0,4.58057E+20,5.45152E+21,8.42408E+15,4.92151E+16
48743,8.17062E+18,8,2,12,0,2017,6,6,3,3,2,6,0,1,0,0,1,0,0,4.59546E+20,5.42768E+21,8.44691E+15,4.90007E+16
48744,8.17062E+18,8,2,15,109,2017,6,8,3,2,4,7,0,0,0,1,1,0,0,4.59868E+20,5.43732E+21,8.45035E+15,4.90875E+16
48745,8.17062E+18,8,2,37,28,2017,6,15,3,3,2,6,0,1,0,0,0,0,0,4.56048E+20,5.36833E+21,8.40541E+15,4.84666E+16
48746,8.17062E+18,8,2,35,60,2017,6,13,3,3,5,3,1,0,0,0,1,0,0,4.77277E+20,5.37974E+21,8.69198E+15,4.85703E+16
48747,8.17062E+18,8,2,35,8,2017,6,16,3,3,2,2,1,1,0,0,0,0,0,4.86104E+20,5.40097E+21,8.81092E+15,4.87616E+16
48748,8.17062E+18,8,2,35,57,2017,6,14,3,3,4,6,0,1,0,1,0,0,0,4.88487E+20,5.39622E+21,8.84347E+15,4.87189E+16
48749,8.17062E+18,8,2,26,85,2017,6,16,5,2,5,3,0,1,0,0,0,0,0,4.93973E+20,5.45315E+21,8.91721E+15,4.92311E+16
48750,8.17062E+18,8,2,22,0,2017,6,18,5,2,2,6,0,1,0,0,1,0,0,4.61667E+20,5.48919E+21,8.47E+15,4.95541E+16
48751,8.17062E+18,8,2,26,106,2017,6,12,5,2,8,1,0,0,0,1,0,0,0,4.98896E+20,5.4625E+21,8.98481E+15,4.93153E+16
48752,8.17062E+18,8,2,31,0,2017,6,18,3,3,6,4,0,1,1,0,0,0,0,4.78041E+20,5.41156E+21,8.70064E+15,4.88566E+16
48753,8.17062E+18,8,2,16,43,2017,6,14,5,3,2,6,0,1,0,0,0,0,0,4.44372E+20,5.41259E+21,8.24152E+15,4.88638E+16
48754,8.17062E+18,8,2,31,0,2017,6,17,3,3,2,6,0,1,0,0,0,0,0,4.75053E+20,5.41472E+21,8.6597E+15,4.88849E+16
48755,8.17062E+18,8,2,31,0,2017,6,11,3,2,2,6,0,1,0,0,1,0,0,4.84496E+20,5.41401E+21,8.78854E+15,4.88788E+16
48756,8.17062E+18,8,2,16,43,2017,6,7,5,3,5,3,1,1,0,0,0,0,0,4.41129E+20,5.41176E+21,8.19742E+15,4.8856E+16
48757,8.17062E+18,8,2,36,44,2017,6,16,3,3,9,6,0,1,0,0,0,0,0,4.84604E+20,5.4067E+21,8.79029E+15,4.88131E+16
48758,8.17062E+18,8,2,36,72,2017,6,16,3,3,5,3,0,1,0,1,0,0,0,4.65623E+20,5.41008E+21,8.53148E+15,4.88428E+16
48759,8.17062E+18,8,2,15,103,2017,6,11,5,3,5,3,1,0,0,0,1,0,0,4.65111E+20,5.44202E+21,8.52176E+15,4.913E+16
48760,8.17062E+18,8,2,26,96,2017,6,14,3,3,2,6,0,1,0,0,0,0,0,4.74412E+20,5.4885E+21,8.64626E+15,4.95485E+16
48761,8.17062E+18,8,2,21,0,2017,6,8,3,2,5,2,1,1,0,0,0,0,0,4.7632E+20,5.47176E+21,8.67364E+15,4.93981E+16
48762,8.17062E+18,8,2,16,43,2017,6,15,3,3,5,3,1,1,0,0,0,0,0,4.43237E+20,5.41226E+21,8.22609E+15,4.88607E+16
48763,8.17062E+18,8,2,16,43,2017,6,14,3,3,3,2,1,1,0,0,0,0,0,4.42433E+20,5.41196E+21,8.21517E+15,4.88579E+16
48764,8.17062E+18,8,2,16,39,2017,6,18,3,3,5,2,0,1,0,0,0,0,0,4.4491E+20,5.41512E+21,8.24852E+15,4.88866E+16
48765,8.17062E+18,8,2,15,99,2017,6,8,3,3,0,7,1,0,0,0,0,0,0,4.63748E+20,5.44806E+21,8.50253E+15,4.91842E+16
48766,8.17062E+18,8,1,26,11,2017,6,9,3,3,2,6,0,1,0,0,0,0,0,5.30252E+20,5.44791E+21,9.41513E+15,4.91833E+16
48767,8.17062E+18,8,1,21,0,2017,6,12,3,3,2,6,0,1,0,0,0,0,0,5.13562E+20,5.44843E+21,9.18612E+15,4.91885E+16
48768,8.17062E+18,8,1,25,102,2017,6,12,3,3,1,1,0,1,0,0,0,0,0,5.20966E+20,5.44526E+21,9.28756E+15,4.91598E+16
48769,8.17062E+18,8,1,36,49,2017,6,17,3,3,8,1,0,0,0,1,0,0,0,5.66923E+20,5.41819E+21,9.91338E+15,4.89131E+16
48770,8.17062E+18,8,2,15,108,2017,6,6,5,3,5,3,0,1,0,1,0,0,0,4.50072E+20,5.42479E+21,8.31774E+15,4.8974E+16
48771,8.17062E+18,8,2,11,0,2017,6,10,5,3,1,5,1,1,0,0,0,0,0,4.43344E+20,5.40203E+21,8.22896E+15,4.87687E+16
48772,8.17062E+18,8,2,16,63,2017,6,9,5,1,5,3,0,0,0,1,1,0,0,4.30381E+20,5.39972E+21,8.05296E+15,4.87466E+16
48773,8.17062E+18,8,1,36,42,2017,6,20,3,2,8,1,0,0,0,1,0,0,0,5.5161E+20,5.40553E+21,9.7028E+15,4.88007E+16
48774,8.17062E+18,8,1,35,16,2017,6,15,3,2,4,6,0,1,0,1,0,0,0,5.90782E+20,5.38812E+21,1.02323E+16,4.86396E+16
48775,8.17062E+18,8,1,35,16,2017,6,17,3,3,4,2,0,1,0,1,0,0,0,5.92929E+20,5.38658E+21,1.02611E+16,4.86254E+16
48776,8.17062E+18,8,1,35,19,2017,6,20,3,3,5,3,0,1,0,0,0,0,0,5.84297E+20,5.39309E+21,1.01453E+16,4.86851E+16
48777,8.17062E+18,8,1,28,137,2017,6,17,3,3,5,3,0,1,0,1,0,0,0,5.60596E+20,5.49588E+21,9.8388E+15,4.96124E+16
48778,8.17062E+18,8,1,25,27,2017,6,15,5,3,3,1,0,1,0,0,0,0,0,5.16992E+20,5.44741E+21,9.23315E+15,4.91793E+16
48779,8.17062E+18,8,1,15,45,2017,6,20,5,3,8,1,0,0,0,0,1,1,0,5.04728E+20,5.39693E+21,9.06429E+15,4.87254E+16
48780,8.17062E+18,8,1,36,28,2017,6,7,5,3,2,6,0,1,0,0,0,0,0,5.67125E+20,5.40513E+21,9.91399E+15,4.87955E+16
48781,8.17062E+18,8,1,35,19,2017,6,16,5,3,2,6,0,1,0,0,0,0,0,5.854E+20,5.3903E+21,1.01597E+16,4.86599E+16
48782,8.17062E+18,8,3,36,50,2017,6,11,5,2,5,3,0,1,0,1,0,0,0,4.0221E+20,5.27343E+21,7.6989E+15,4.76069E+16
48783,8.17062E+18,8,1,27,73,2017,6,22,3,3,5,3,0,1,0,0,0,2,0,5.78091E+20,5.44826E+21,1.00716E+16,4.91822E+16
48784,8.17062E+18,8,1,27,14,2017,6,17,3,2,5,3,0,1,0,1,0,0,0,5.77567E+20,5.43838E+21,1.00625E+16,4.90934E+16
48785,8.17062E+18,8,1,27,73,2017,6,9,3,3,2,6,0,0,0,0,1,0,0,5.77947E+20,5.44841E+21,1.00696E+16,4.91835E+16
48786,8.17062E+18,8,1,25,94,2017,6,6,3,3,2,6,1,0,0,0,1,0,0,5.13303E+20,5.43794E+21,9.18223E+15,4.90942E+16
48787,8.17062E+18,8,1,25,69,2017,6,20,3,3,5,3,1,1,0,0,0,0,0,5.23808E+20,5.45352E+21,9.32703E+15,4.9234E+16
48788,8.17062E+18,8,1,21,0,2017,6,13,3,2,5,3,0,1,0,0,0,0,0,5.16923E+20,5.44391E+21,9.23206E+15,4.91478E+16
48789,8.17062E+18,8,1,19,90,2017,6,14,3,3,5,3,1,1,0,0,0,0,0,5.29964E+20,5.40723E+21,9.40818E+15,4.88174E+16
48790,8.17062E+18,8,1,19,67,2017,6,10,3,2,9,1,0,0,0,1,0,0,0,5.378E+20,5.40352E+21,9.51458E+15,4.87836E+16
48791,8.17062E+18,8,1,19,75,2017,6,16,3,2,2,6,0,1,0,0,1,0,0,5.37111E+20,5.42787E+21,9.5074E+15,4.90026E+16
48792,8.17062E+18,8,1,19,8,2017,6,7,3,2,3,7,0,1,0,1,0,0,0,5.32053E+20,5.42002E+21,9.43764E+15,4.89323E+16
48793,8.17062E+18,8,1,18,73,2017,6,18,3,2,5,3,0,1,0,1,0,0,0,4.98905E+20,5.42506E+21,8.98504E+15,4.89785E+16
48794,8.17062E+18,8,1,18,51,2017,6,7,3,3,5,3,0,1,0,0,0,0,0,5.10549E+20,5.4148E+21,9.1439E+15,4.88861E+16
48795,8.17062E+18,8,1,18,47,2017,6,7,3,3,2,6,0,1,0,0,0,0,0,5.0735E+20,5.42588E+21,9.10046E+15,4.89858E+16
48796,8.17062E+18,8,1,15,28,2017,6,11,3,2,5,3,1,1,0,0,0,0,0,5.00752E+20,5.40471E+21,9.01023E+15,4.87954E+16
48797,8.17062E+18,8,1,15,42,2017,6,15,3,2,2,6,0,1,0,0,0,0,0,4.94328E+20,5.40658E+21,8.92275E+15,4.88122E+16
48798,8.17062E+18,8,1,16,35,2017,6,0,3,2,9,1,0,1,0,0,0,2,0,5.26202E+20,5.39094E+21,9.3559E+15,4.8671E+16
48799,8.17062E+18,8,1,16,15,2017,6,10,3,3,2,6,1,1,0,0,0,0,0,5.23343E+20,5.3935E+21,9.31721E+15,4.86941E+16
48800,8.17062E+18,8,1,16,19,2017,6,18,3,2,5,3,0,1,0,0,0,0,0,5.22303E+20,5.39642E+21,9.30323E+15,4.87204E+16
48801,8.17062E+18,8,1,15,28,2017,6,18,3,3,2,6,0,1,0,0,0,0,0,5.01868E+20,5.4071E+21,9.02544E+15,4.88169E+16
48802,8.17062E+18,8,1,11,0,2017,6,16,3,3,5,2,1,1,0,0,0,0,0,5.09783E+20,5.40296E+21,9.13317E+15,4.87796E+16
48803,8.17062E+18,8,1,11,0,2017,6,17,3,3,5,2,1,1,0,0,0,0,0,5.14812E+20,5.40386E+21,9.20165E+15,4.87876E+16
48804,8.17062E+18,8,1,11,0,2017,6,9,3,3,5,2,0,1,0,0,0,0,0,5.12267E+20,5.39677E+21,9.16679E+15,4.87238E+16
48805,8.17062E+18,8,4,37,86,2017,6,20,2,3,0,3,0,0,0,1,1,0,0,5.242E+20,5.31551E+21,9.32436E+15,4.79924E+16
48806,8.17062E+18,8,4,36,52,2017,6,19,2,2,8,1,0,1,0,0,1,0,0,5.65893E+20,5.29195E+21,9.87957E+15,4.77775E+16
48807,8.17062E+18,8,4,36,55,2017,6,16,2,2,5,3,1,1,0,0,0,0,0,5.76506E+20,5.29742E+21,1.00222E+16,4.78256E+16
48808,8.17062E+18,8,4,36,64,2017,6,16,2,3,2,6,0,1,0,0,0,0,0,5.46521E+20,5.2909E+21,9.62089E+15,4.77697E+16
48809,8.17062E+18,8,4,36,64,2017,6,16,2,3,2,6,0,1,0,0,0,0,0,5.46523E+20,5.29091E+21,9.62091E+15,4.77699E+16
48810,8.17062E+18,8,4,36,95,2017,6,6,2,3,8,1,0,0,0,1,0,0,0,5.37563E+20,5.2911E+21,9.50136E+15,4.77722E+16
48811,8.17062E+18,8,1,27,76,2017,6,11,5,3,5,2,0,1,0,0,0,0,0,5.55121E+20,5.43993E+21,9.75527E+15,4.91097E+16
48812,8.17062E+18,8,4,35,66,2017,6,17,2,3,1,6,0,1,0,0,0,0,0,5.18046E+20,5.28695E+21,9.24069E+15,4.77357E+16
48813,8.17062E+18,8,1,25,110,2017,6,14,5,3,5,3,0,1,0,0,0,0,0,5.29367E+20,5.4428E+21,9.40261E+15,4.91373E+16
48814,8.17062E+18,8,1,25,96,2017,6,2,5,3,8,7,0,1,0,0,0,2,0,5.14331E+20,5.45166E+21,9.1968E+15,4.92176E+16
48815,8.17062E+18,8,4,35,34,2017,6,14,2,3,5,3,0,1,0,1,0,0,1,5.30408E+20,5.28396E+21,9.40536E+15,4.77083E+16
48816,8.17062E+18,8,4,35,59,2017,6,7,2,3,2,6,0,1,0,1,0,0,0,5.12454E+20,5.29074E+21,9.16622E+15,4.77699E+16
48817,8.17062E+18,8,4,35,35,2017,6,12,2,3,8,1,1,0,0,0,0,0,0,5.42233E+20,5.28279E+21,9.56287E+15,4.76971E+16
48818,8.17062E+18,8,4,35,45,2017,6,6,2,3,2,6,0,1,0,0,0,0,0,5.34925E+20,5.28905E+21,9.46598E+15,4.77538E+16
48819,8.17062E+18,8,4,26,1,2017,6,17,2,3,2,6,0,1,0,0,0,0,0,5.6713E+20,5.34561E+21,9.90448E+15,4.82602E+16
48820,8.17062E+18,8,4,26,71,2017,6,15,2,3,8,1,0,1,0,0,0,0,0,5.64349E+20,5.33652E+21,9.86564E+15,4.81786E+16
48821,8.17062E+18,8,4,26,19,2017,6,7,2,3,5,3,0,1,0,0,0,0,0,5.81119E+20,5.32015E+21,1.00881E+16,4.80295E+16
48822,8.17062E+18,8,4,26,19,2017,6,1,2,3,4,6,0,1,0,0,1,2,0,5.80411E+20,5.32242E+21,1.0079E+16,4.805E+16
48823,8.17062E+18,8,4,26,21,2017,6,14,2,3,4,6,0,1,0,0,0,0,0,5.62767E+20,5.32696E+21,9.84294E+15,4.80928E+16
48824,8.17062E+18,8,3,37,126,2017,6,23,2,2,7,7,0,0,0,1,0,2,0,4.38752E+20,5.27505E+21,8.1848E+15,4.7626E+16
48825,8.17062E+18,8,3,36,45,2017,6,18,2,2,8,7,0,0,0,1,0,0,0,3.9597E+20,5.28399E+21,7.6134E+15,4.77009E+16
48826,8.17062E+18,8,1,25,13,2017,6,7,5,3,3,2,0,1,0,0,0,0,0,5.01633E+20,5.43888E+21,9.02237E+15,4.91027E+16
48827,8.17062E+18,8,3,35,21,2017,6,16,2,3,2,6,0,1,0,1,0,0,0,4.93953E+20,5.30372E+21,8.91911E+15,4.78868E+16
48828,8.17062E+18,8,3,35,100,2017,6,15,2,3,8,7,0,0,0,1,0,0,0,4.88266E+20,5.2862E+21,8.84351E+15,4.77291E+16
48829,8.17062E+18,8,1,19,20,2017,6,17,5,3,4,6,1,0,0,0,0,0,0,5.19341E+20,5.40882E+21,9.26354E+15,4.8832E+16
48830,8.17062E+18,8,3,35,75,2017,6,16,2,3,2,6,0,1,0,0,0,0,0,4.86323E+20,5.28875E+21,8.81752E+15,4.7752E+16
48831,8.17062E+18,8,1,19,76,2017,6,7,5,2,6,4,1,0,1,0,0,0,0,5.4081E+20,5.40627E+21,9.55582E+15,4.88081E+16
48832,8.17062E+18,8,3,35,43,2017,6,14,2,3,0,1,1,0,0,0,0,0,0,5.13535E+20,5.27944E+21,9.1803E+15,4.76682E+16
48833,8.17062E+18,8,3,35,61,2017,6,7,2,2,5,2,1,1,0,0,0,0,0,4.91865E+20,5.2789E+21,8.89165E+15,4.76634E+16
48834,8.17062E+18,8,4,35,54,2017,6,9,2,2,5,2,0,1,0,1,0,0,0,5.22413E+20,5.28173E+21,9.29866E+15,4.76885E+16
48835,8.17062E+18,8,3,27,18,2017,6,19,2,3,5,3,0,1,0,0,0,0,0,4.74913E+20,5.3072E+21,8.66422E+15,4.79177E+16
48836,8.17062E+18,8,3,26,52,2017,6,17,2,3,6,4,0,1,1,0,0,0,0,4.50696E+20,5.33056E+21,8.33742E+15,4.81264E+16
48837,8.17062E+18,8,3,26,12,2017,6,17,2,3,4,2,0,1,0,0,0,0,0,4.56275E+20,5.31476E+21,8.41401E+15,4.79847E+16
48838,8.17062E+18,8,3,25,24,2017,6,6,2,3,4,2,0,1,0,0,0,0,0,4.56424E+20,5.33864E+21,8.41358E+15,4.81995E+16
48839,8.17062E+18,8,3,17,96,2017,6,18,2,3,5,3,0,1,0,0,0,0,0,4.21241E+20,5.36919E+21,7.93444E+15,4.84709E+16
48840,8.17062E+18,8,3,17,65,2017,6,17,2,3,2,6,0,1,0,0,0,0,0,4.17182E+20,5.35482E+21,7.88238E+15,4.83411E+16
48841,8.17062E+18,8,3,16,45,2017,6,23,2,3,0,7,0,0,0,0,1,2,0,4.12836E+20,5.32523E+21,7.82981E+15,4.80744E+16
48842,8.17062E+18,8,3,36,105,2017,6,22,2,3,5,3,0,1,0,0,0,2,0,4.01657E+20,5.267E+21,7.69299E+15,4.7549E+16
48843,8.17062E+18,8,3,36,50,2017,6,17,2,3,2,6,0,1,0,0,0,0,0,3.98798E+20,5.27489E+21,7.65319E+15,4.76195E+16
48844,8.17062E+18,8,2,12,0,2017,6,7,2,3,6,4,0,0,1,0,1,0,0,4.55733E+20,5.42822E+21,8.39471E+15,4.90053E+16
48845,8.17062E+18,8,2,12,0,2017,6,9,2,3,5,3,1,1,0,0,0,0,0,4.55742E+20,5.42825E+21,8.39485E+15,4.90055E+16
48846,8.17062E+18,8,1,18,70,2017,6,18,5,3,5,3,1,1,0,0,0,0,0,5.20194E+20,5.42386E+21,9.27591E+15,4.89673E+16
48847,8.17062E+18,8,1,18,81,2017,6,14,5,3,1,2,0,1,0,0,1,0,0,5.19915E+20,5.41351E+21,9.27159E+15,4.88742E+16
48848,8.17062E+18,8,1,18,28,2017,6,16,5,2,8,7,0,0,0,1,0,0,0,5.14016E+20,5.42745E+21,9.19162E+15,4.89998E+16
48849,8.17062E+18,8,2,12,0,2017,6,20,2,3,5,2,0,0,0,1,1,0,0,4.56443E+20,5.42386E+21,8.40489E+15,4.89661E+16
48850,8.17062E+18,8,3,17,1,2017,6,10,2,3,3,6,0,1,0,0,0,0,0,4.28462E+20,5.38825E+21,8.02885E+15,4.86433E+16
48851,8.17062E+18,8,1,18,71,2017,6,17,5,3,2,6,0,1,0,1,0,0,0,5.10918E+20,5.41941E+21,9.14905E+15,4.89276E+16
48852,8.17062E+18,8,2,37,2,2017,6,7,2,2,4,6,0,1,0,0,0,0,0,4.60421E+20,5.35205E+21,8.4661E+15,4.83204E+16
48853,8.17062E+18,8,1,17,26,2017,6,19,5,3,1,6,0,1,0,0,0,0,0,5.47663E+20,5.39483E+21,9.64782E+15,4.87047E+16
48854,8.17062E+18,8,2,35,46,2017,6,17,2,3,2,6,0,1,0,0,0,0,0,4.80879E+20,5.37749E+21,8.7409E+15,4.85502E+16
48855,8.17062E+18,8,2,35,35,2017,6,12,2,3,4,6,0,1,0,0,0,0,0,4.69164E+20,5.40465E+21,8.58014E+15,4.87941E+16
48856,8.17062E+18,8,2,36,40,2017,6,13,2,2,5,3,0,1,0,1,0,0,0,4.87911E+20,5.42187E+21,8.83489E+15,4.89496E+16
48857,8.17062E+18,8,2,22,0,2017,6,13,2,3,3,6,0,1,0,0,1,0,0,4.6101E+20,5.48261E+21,8.46158E+15,4.94948E+16
48858,8.17062E+18,8,2,21,0,2017,6,10,2,3,5,3,0,1,0,1,0,0,0,4.82608E+20,5.47385E+21,8.76021E+15,4.94171E+16
48859,8.17062E+18,8,2,15,66,2017,6,2,2,3,8,1,0,1,0,0,0,2,0,4.60984E+20,5.44904E+21,8.4645E+15,4.91929E+16
48860,8.17062E+18,8,2,15,17,2017,6,19,2,3,5,2,1,1,0,0,0,0,0,4.5755E+20,5.41591E+21,8.42084E+15,4.88947E+16
48861,8.17062E+18,8,2,12,0,2017,6,19,2,3,2,6,0,1,0,0,0,0,0,4.5977E+20,5.42792E+21,8.44995E+15,4.90028E+16
48862,8.17062E+18,8,1,25,68,2017,6,19,2,3,3,6,0,1,0,0,0,0,0,5.25611E+20,5.45795E+21,9.35209E+15,4.92737E+16
48863,8.17062E+18,8,1,17,26,2017,6,7,5,3,5,3,0,0,0,1,1,0,0,5.50544E+20,5.39278E+21,9.68673E+15,4.8686E+16
48864,8.17062E+18,8,1,17,49,2017,6,15,5,3,1,6,0,1,0,0,1,0,0,5.53885E+20,5.39096E+21,9.73189E+15,4.86693E+16
48865,8.17062E+18,8,1,16,77,2017,6,9,5,3,2,6,0,1,0,0,0,0,0,5.15105E+20,5.3903E+21,9.20514E+15,4.86656E+16
48866,8.17062E+18,8,1,11,0,2017,6,11,5,3,3,6,0,0,0,1,1,0,0,5.12487E+20,5.40138E+21,9.16993E+15,4.87653E+16
48867,8.17062E+18,8,1,11,0,2017,6,15,5,3,2,6,0,1,0,0,0,0,0,5.12841E+20,5.40277E+21,9.17478E+15,4.87778E+16
48868,8.17062E+18,8,4,36,55,2017,6,7,4,3,5,3,0,1,0,0,0,0,0,5.73031E+20,5.29585E+21,9.97549E+15,4.78119E+16
48869,8.17062E+18,8,4,35,15,2017,6,6,4,3,5,2,0,1,0,0,0,0,0,5.20402E+20,5.29548E+21,9.27251E+15,4.78123E+16
48870,8.17062E+18,8,1,15,45,2017,6,9,2,3,2,6,0,1,0,1,0,0,0,5.04017E+20,5.39737E+21,9.05462E+15,4.87294E+16
48871,8.17062E+18,8,1,11,0,2017,6,11,2,3,2,6,0,1,0,0,0,0,0,5.0825E+20,5.39519E+21,9.11214E+15,4.87097E+16
48872,8.17062E+18,8,1,36,43,2017,6,16,2,2,5,3,0,1,0,1,0,0,0,5.70558E+20,5.40823E+21,9.96127E+15,4.88231E+16
48873,8.17062E+18,8,1,36,40,2017,6,17,2,2,1,5,1,0,0,0,1,0,0,5.6753E+20,5.41092E+21,9.92047E+15,4.88476E+16
48874,8.17062E+18,8,1,36,88,2017,6,7,2,3,5,3,1,0,0,0,1,0,0,5.80697E+20,5.41163E+21,1.01E+16,4.88524E+16
48875,8.17062E+18,8,1,35,26,2017,6,22,2,2,5,3,0,1,0,0,0,2,0,5.89515E+20,5.39373E+21,1.02163E+16,4.86902E+16
48876,8.17062E+18,8,1,35,20,2017,6,13,2,3,5,3,0,1,0,0,0,0,0,5.83641E+20,5.37984E+21,1.01337E+16,4.85661E+16
48877,8.17062E+18,8,1,28,131,2017,6,19,2,3,5,2,0,1,0,1,0,0,0,5.35081E+20,5.51087E+21,9.48697E+15,4.97493E+16
48878,8.17062E+18,8,1,27,100,2017,6,21,2,2,0,6,0,1,0,0,1,1,0,5.52719E+20,5.43688E+21,9.72197E+15,4.90825E+16