OBJECTID,UIDENTSTLA,ULAND,UREGBEZ,UKREIS,UGEMEINDE,UJAHR,UMONAT,USTUNDE,UWOCHENTAG,UKATEGORIE,UART,UTYP1,IstRad,IstPKW,IstFuss,IstKrad,IstSonstig,LICHT,STRZUSTAND,LINREFX,LINREFY,XGCSWGS84,YGCSWGS84
49052,8.17062E+18,8,1,16,77,2017,6,10,7,3,2,6,0,1,0,1,0,0,0,5.16596E+20,5.39178E+21,9.22545E+15,4.86789E+16
49053,8.17062E+18,8,1,11,0,2017,6,22,7,2,0,1,0,0,0,1,0,2,0,5.13931E+20,5.40375E+21,9.18966E+15,4.87866E+16
49054,8.17062E+18,8,2,16,39,2017,6,23,4,2,3,6,0,1,0,0,0,2,0,4.45301E+20,5.41354E+21,8.25406E+15,4.88724E+16
49055,8.17062E+18,8,1,11,0,2017,6,13,7,3,2,6,0,1,0,0,0,0,0,5.13919E+20,5.40307E+21,9.18946E+15,4.87805E+16
49056,8.17062E+18,8,4,37,82,2017,6,12,6,3,2,6,0,0,0,1,0,0,0,5.09953E+20,5.34267E+21,9.13405E+15,4.82372E+16
49057,8.17062E+18,8,4,37,104,2017,6,11,6,3,4,6,0,1,0,0,0,0,0,5.18099E+20,5.32065E+21,9.2428E+15,4.80389E+16
49058,8.17062E+18,8,4,37,86,2017,6,13,6,3,8,7,0,1,0,0,0,0,0,5.32297E+20,5.31391E+21,9.43278E+15,4.79777E+16
49059,8.17062E+18,8,4,36,8,2017,6,19,6,3,0,1,0,0,0,1,0,0,0,5.47888E+20,5.30759E+21,9.64098E+15,4.79198E+16
49060,8.17062E+18,8,4,36,10,2017,6,18,6,3,9,1,0,0,0,1,0,0,0,5.65592E+20,5.29874E+21,9.87658E+15,4.78387E+16
49061,8.17062E+18,8,4,35,16,2017,6,19,6,3,6,4,0,0,1,0,1,0,0,5.36191E+20,5.27833E+21,9.48198E+15,4.76573E+16
49062,8.17062E+18,8,4,35,24,2017,6,13,6,3,2,6,0,1,0,0,0,0,0,5.26889E+20,5.27919E+21,9.35815E+15,4.76656E+16
49063,8.17062E+18,8,4,35,16,2017,6,8,6,3,5,3,1,1,0,0,0,0,0,5.35028E+20,5.27778E+21,9.46645E+15,4.76525E+16
49064,8.17062E+18,8,4,37,100,2017,6,15,6,2,5,2,0,1,0,1,0,0,0,5.43811E+20,5.31722E+21,9.58739E+15,4.80068E+16
49065,8.17062E+18,8,4,35,52,2017,6,19,6,2,8,1,0,0,0,1,0,0,0,5.22848E+20,5.28962E+21,9.30488E+15,4.77595E+16
49066,8.17062E+18,8,4,26,121,2017,6,19,6,3,0,1,0,0,0,1,0,0,0,5.37429E+20,5.33344E+21,9.50325E+15,4.81531E+16
49067,8.17062E+18,8,4,26,97,2017,6,12,6,3,9,1,0,1,0,0,0,0,0,5.35615E+20,5.33195E+21,9.47874E+15,4.81398E+16
49068,8.17062E+18,8,4,21,0,2017,6,19,6,3,5,2,0,1,0,0,0,0,0,5.69666E+20,5.36251E+21,9.94143E+15,4.84119E+16
49069,8.17062E+18,8,4,21,0,2017,6,17,6,2,0,1,1,0,0,0,0,0,0,5.76281E+20,5.36426E+21,1.00311E+16,4.84269E+16
49070,8.17063E+18,8,1,28,137,2017,6,8,3,1,4,1,0,1,0,1,0,0,1,5.58776E+20,5.49498E+21,9.81347E+15,4.96045E+16
49071,8.17063E+18,8,1,27,46,2017,6,10,3,2,5,2,0,1,0,0,1,0,0,5.68325E+20,5.45008E+21,9.9379E+15,4.91997E+16
49072,8.17063E+18,8,1,27,46,2017,6,7,3,3,8,1,0,1,0,0,0,0,1,5.72785E+20,5.45157E+21,9.99939E+15,4.92126E+16
49073,8.17063E+18,8,1,27,89,2017,6,22,3,3,5,2,0,1,0,1,0,2,0,5.63313E+20,5.43709E+21,9.86706E+15,4.90834E+16
49074,8.17063E+18,8,1,27,76,2017,6,7,3,3,5,3,0,1,0,1,0,0,1,5.55738E+20,5.43991E+21,9.76372E+15,4.91095E+16
49075,8.17063E+18,8,1,27,73,2017,6,2,3,2,8,1,0,1,0,0,0,2,1,5.751E+20,5.44775E+21,1.00305E+16,4.9178E+16
49076,8.17063E+18,8,2,25,58,2017,6,21,3,2,5,3,0,1,0,0,0,1,0,5.08213E+20,5.46893E+21,9.11313E+15,4.9373E+16
49077,8.17063E+18,8,2,16,43,2017,6,7,3,3,2,6,0,1,0,0,0,0,0,4.40389E+20,5.41152E+21,8.18738E+15,4.88538E+16
49078,8.17063E+18,8,2,22,0,2017,6,21,3,3,0,6,0,1,0,0,0,2,0,4.6662E+20,5.47898E+21,8.53935E+15,4.94626E+16
49079,8.17063E+18,8,1,25,26,2017,6,12,3,2,8,1,0,0,0,1,0,0,0,4.95589E+20,5.44772E+21,8.93947E+15,4.91822E+16
49080,8.17063E+18,8,1,21,0,2017,6,8,3,3,2,6,0,1,0,0,0,0,0,5.16429E+20,5.44619E+21,9.22538E+15,4.91683E+16
49081,8.17063E+18,8,2,25,115,2017,6,17,4,3,2,6,0,1,0,0,0,0,0,5.20273E+20,5.47344E+21,9.27949E+15,4.94133E+16
49082,8.17063E+18,8,1,21,0,2017,6,18,3,3,5,3,1,1,0,0,0,0,0,5.15183E+20,5.44327E+21,9.20817E+15,4.9142E+16
49083,8.17063E+18,8,1,19,8,2017,6,13,3,3,2,6,0,1,0,0,0,0,0,5.33319E+20,5.41922E+21,9.45485E+15,4.8925E+16
49084,8.17063E+18,8,3,36,45,2017,6,17,4,2,0,1,0,0,0,1,1,0,1,3.97228E+20,5.28543E+21,7.62982E+15,4.77141E+16
49085,8.17063E+18,8,1,19,8,2017,6,5,3,3,5,2,0,1,0,1,0,1,1,5.30792E+20,5.422E+21,9.42057E+15,4.89501E+16
49086,8.17063E+18,8,1,19,67,2017,6,15,3,2,9,6,0,1,0,0,0,0,0,5.39809E+20,5.40838E+21,9.54239E+15,4.88272E+16
49087,8.17063E+18,8,4,36,55,2017,6,11,4,1,5,3,0,1,0,0,0,0,0,5.78704E+20,5.29698E+21,1.00515E+16,4.78214E+16
49088,8.17063E+18,8,1,19,75,2017,6,8,3,2,4,1,0,1,0,0,0,0,1,5.3715E+20,5.43018E+21,9.50815E+15,4.90234E+16
49089,8.17063E+18,8,1,18,80,2017,6,17,3,3,3,6,0,1,0,0,0,0,0,5.09146E+20,5.41064E+21,9.12467E+15,4.88487E+16
49090,8.17063E+18,8,1,18,7,2017,6,16,3,3,2,6,0,1,0,0,0,0,1,5.10605E+20,5.42739E+21,9.14499E+15,4.89993E+16
49091,8.17063E+18,8,1,17,26,2017,6,5,3,2,5,3,0,0,0,0,1,0,1,5.50197E+20,5.39335E+21,9.68208E+15,4.86912E+16
49092,8.17063E+18,8,1,17,28,2017,6,12,3,2,2,6,0,1,0,0,1,0,0,5.4518E+20,5.38473E+21,9.61298E+15,4.8614E+16
49093,8.17063E+18,8,1,16,56,2017,6,5,3,2,9,1,0,0,0,1,0,0,1,5.31012E+20,5.39501E+21,9.42153E+15,4.87074E+16
49094,8.17063E+18,8,1,11,0,2017,6,0,3,2,4,7,0,1,0,0,0,2,0,5.10177E+20,5.40004E+21,9.13846E+15,4.87533E+16
49095,8.17063E+18,8,1,11,0,2017,6,18,3,3,2,7,0,1,0,1,0,0,0,5.12427E+20,5.39859E+21,9.16902E+15,4.87402E+16
49096,8.17063E+18,8,1,11,0,2017,6,17,3,3,2,2,0,1,0,0,0,0,0,5.12797E+20,5.4065E+21,9.1743E+15,4.88113E+16
49097,8.17063E+18,8,1,11,0,2017,6,7,3,3,2,6,0,1,0,0,0,0,0,5.17651E+20,5.40412E+21,9.24032E+15,4.87898E+16
49098,8.17063E+18,8,1,11,0,2017,6,17,3,3,5,2,1,0,0,0,1,0,0,5.12289E+20,5.40224E+21,9.16725E+15,4.8773E+16
49099,8.17063E+18,8,4,36,81,2017,6,8,2,3,2,6,0,1,0,1,0,0,0,5.61706E+20,5.28329E+21,9.82245E+15,4.77001E+16
49100,8.17063E+18,8,4,36,79,2017,6,17,2,3,5,3,0,1,0,0,0,0,0,5.54006E+20,5.28825E+21,9.72045E+15,4.77454E+16
49101,8.17063E+18,8,4,36,69,2017,6,5,2,3,0,7,0,0,0,1,0,0,1,5.50141E+20,5.29551E+21,9.66974E+15,4.7811E+16
49102,8.17063E+18,8,4,26,45,2017,6,15,2,3,9,6,0,1,0,0,1,0,0,5.34565E+20,5.32929E+21,9.46441E+15,4.81159E+16
49103,8.17063E+18,8,4,26,97,2017,6,6,2,3,3,6,0,0,0,1,1,0,0,5.37446E+20,5.34057E+21,9.50411E+15,4.82173E+16
49104,8.17063E+18,8,4,26,21,2017,6,16,2,3,1,6,0,1,0,0,0,0,0,5.59773E+20,5.32581E+21,9.80258E+15,4.80828E+16
49105,8.17063E+18,8,4,25,108,2017,6,18,2,2,8,1,0,0,0,1,0,0,0,5.48601E+20,5.35741E+21,9.65621E+15,4.8368E+16
49106,8.17063E+18,8,4,26,70,2017,6,13,2,3,0,6,0,1,0,0,0,0,0,5.65187E+20,5.34046E+21,9.87751E+15,4.8214E+16
49107,8.17063E+18,8,4,21,0,2017,6,12,2,3,2,6,1,0,0,0,0,0,0,5.73347E+20,5.35567E+21,9.98999E+15,4.835E+16
49108,8.17063E+18,8,4,17,2,2017,6,15,2,3,8,1,0,0,0,1,0,0,0,4.89824E+20,5.34822E+21,8.86282E+15,4.82871E+16
49109,8.17063E+18,8,4,16,48,2017,6,7,2,3,4,2,0,1,0,0,0,0,0,4.96309E+20,5.37572E+21,8.95E+15,4.85346E+16
49110,8.17063E+18,8,4,16,48,2017,6,12,2,3,8,7,0,1,0,0,0,0,0,4.97279E+20,5.37536E+21,8.96314E+15,4.85313E+16
49111,8.17063E+18,8,4,15,59,2017,6,13,2,3,5,3,0,1,0,0,0,0,0,5.17434E+20,5.36641E+21,9.23577E+15,4.84506E+16
49112,8.17063E+18,8,4,15,53,2017,6,20,2,2,8,1,0,0,0,1,0,0,0,5.3401E+20,5.36513E+21,9.45983E+15,4.84384E+16
49113,8.17063E+18,8,4,15,78,2017,6,20,2,3,0,1,0,0,0,1,0,0,0,5.31737E+20,5.37035E+21,9.4295E+15,4.84854E+16
49114,8.17063E+18,8,3,35,43,2017,6,15,2,3,5,3,1,1,0,0,0,0,0,5.12549E+20,5.27983E+21,9.16717E+15,4.76718E+16
49115,8.17063E+18,8,4,36,95,2017,6,16,2,2,5,3,0,1,0,1,0,0,0,5.36615E+20,5.29847E+21,9.48932E+15,4.78386E+16
49116,8.17063E+18,8,4,36,64,2017,6,13,2,2,8,7,0,0,0,1,1,0,0,5.4607E+20,5.29367E+21,9.61516E+15,4.77947E+16
49117,8.17063E+18,8,3,27,17,2017,6,7,2,3,2,6,0,1,0,0,0,0,0,4.77519E+20,5.33015E+21,8.6979E+15,4.81242E+16
49118,8.17063E+18,8,3,27,6,2017,6,12,2,3,4,6,0,1,0,0,1,0,0,4.85636E+20,5.32718E+21,8.80707E+15,4.80977E+16
49119,8.17063E+18,8,1,26,66,2017,6,8,3,3,1,6,0,0,0,0,1,0,1,5.352E+20,5.45049E+21,9.48325E+15,4.92062E+16
49120,8.17063E+18,8,3,26,74,2017,6,19,2,3,0,1,1,0,0,0,0,0,0,4.65646E+20,5.32511E+21,8.53876E+15,4.80783E+16
49121,8.17063E+18,8,1,19,93,2017,6,23,4,3,5,3,0,1,0,0,0,2,1,5.23338E+20,5.40621E+21,9.31785E+15,4.88084E+16
49122,8.17063E+18,8,3,25,51,2017,6,15,2,3,2,6,0,1,0,0,1,0,0,4.51981E+20,5.34774E+21,8.35274E+15,4.8281E+16
49123,8.17063E+18,8,2,15,96,2017,6,7,4,3,2,6,0,1,0,0,0,0,1,4.62749E+20,5.42071E+21,8.49133E+15,4.89382E+16
49124,8.17063E+18,8,2,37,4,2017,6,4,2,2,8,1,0,1,0,0,0,1,0,4.54298E+20,5.38259E+21,8.38018E+15,4.85947E+16
49125,8.17063E+18,8,3,27,18,2017,6,18,2,2,4,6,0,1,0,0,1,0,0,4.72588E+20,5.30713E+21,8.63311E+15,4.79169E+16
49126,8.17063E+18,8,2,37,24,2017,6,14,4,2,5,3,0,1,0,1,0,0,0,4.78488E+20,5.35992E+21,8.70941E+15,4.83921E+16
49127,8.17063E+18,8,3,26,12,2017,6,12,2,2,4,6,0,1,0,1,0,0,0,4.66472E+20,5.31416E+21,8.55071E+15,4.79799E+16
49128,8.17063E+18,8,3,17,39,2017,6,12,4,3,8,1,1,0,0,0,0,0,0,4.40112E+20,5.34296E+21,8.19346E+15,4.8237E+16
49129,8.17063E+18,8,3,17,26,2017,6,18,2,3,5,3,1,0,0,0,0,0,0,4.14083E+20,5.34482E+21,7.8426E+15,4.82507E+16
49130,8.17063E+18,8,3,17,121,2017,6,14,2,2,5,3,1,1,0,0,0,0,0,4.20623E+20,5.34103E+21,7.93139E+15,4.82176E+16
49131,8.17063E+18,8,3,17,100,2017,6,8,2,2,5,3,1,1,0,0,0,0,0,4.23188E+20,5.36628E+21,7.96132E+15,4.84449E+16
49132,8.17063E+18,8,3,17,89,2017,6,4,2,2,5,3,1,1,0,0,0,1,0,4.30606E+20,5.37868E+21,8.05955E+15,4.85574E+16
49133,8.17063E+18,8,3,16,24,2017,6,9,2,3,8,7,0,0,0,0,1,0,0,4.08146E+20,5.33672E+21,7.76439E+15,4.81771E+16
49134,8.17063E+18,8,3,15,113,2017,6,7,2,3,5,3,1,0,0,0,1,0,0,4.3943E+20,5.30819E+21,8.1892E+15,4.79242E+16
49135,8.17063E+18,8,2,15,47,2017,6,13,4,2,4,6,0,1,0,0,1,0,0,4.59874E+20,5.41366E+21,8.45277E+15,4.88746E+16
49136,8.17063E+18,8,3,11,0,2017,6,13,2,3,1,7,0,1,0,0,0,0,0,4.14322E+20,5.31582E+21,7.85164E+15,4.79899E+16
49137,8.17063E+18,8,3,11,0,2017,6,8,2,3,5,3,1,1,0,0,0,0,0,4.11256E+20,5.32011E+21,7.80967E+15,4.80281E+16
49138,8.17063E+18,8,4,17,79,2017,6,17,4,3,4,6,0,1,0,0,0,0,0,5.0004E+20,5.33964E+21,9.00053E+15,4.821E+16
49139,8.17063E+18,8,3,15,131,2017,6,11,2,3,3,2,0,1,0,0,1,0,0,4.04958E+20,5.30817E+21,7.72786E+15,4.79198E+16
49140,8.17063E+18,8,3,11,0,2017,6,13,2,2,6,3,0,0,1,0,1,0,0,4.1529E+20,5.31565E+21,7.86465E+15,4.79885E+16
49141,8.17063E+18,8,3,11,0,2017,6,12,2,3,5,3,0,1,0,0,0,0,0,4.04104E+20,5.31455E+21,7.71501E+15,4.79771E+16
49142,8.17063E+18,8,2,26,85,2017,6,7,2,3,2,6,0,1,0,0,0,0,0,4.857E+20,5.45669E+21,8.80346E+15,4.92628E+16
49143,8.17063E+18,8,2,22,0,2017,6,16,2,3,2,6,0,1,0,0,0,0,0,4.66754E+20,5.47825E+21,8.54126E+15,4.9456E+16
49144,8.17063E+18,8,2,15,108,2017,6,17,2,2,1,6,0,1,0,0,0,0,0,4.51099E+20,5.42603E+21,8.33163E+15,4.89852E+16
49145,8.17063E+18,8,2,36,30,2017,6,14,2,3,5,3,0,1,0,0,0,0,0,4.76823E+20,5.41863E+21,8.68363E+15,4.89202E+16
49146,8.17063E+18,8,2,36,43,2017,6,16,2,3,2,6,0,1,0,0,0,0,0,4.68878E+20,5.41091E+21,8.57577E+15,4.88504E+16
49147,8.17063E+18,8,2,26,85,2017,6,9,2,3,4,2,0,1,0,0,0,0,0,4.90636E+20,5.45549E+21,8.87133E+15,4.92521E+16
49148,8.17063E+18,8,2,25,60,2017,6,14,2,3,8,1,0,0,0,1,0,0,0,5.15194E+20,5.48797E+21,9.21003E+15,4.95442E+16
49149,8.17063E+18,8,2,25,74,2017,6,16,2,3,5,3,0,1,0,1,0,0,0,5.01882E+20,5.46539E+21,9.0259E+15,4.93413E+16
49150,8.17063E+18,8,2,22,0,2017,6,8,2,3,1,6,0,1,0,0,0,0,0,4.62578E+20,5.48243E+21,8.48325E+15,4.94934E+16
49151,8.17063E+18,8,2,22,0,2017,6,17,2,3,2,6,0,1,0,0,1,0,0,4.6019E+20,5.48913E+21,8.44959E+15,4.95535E+16
49152,8.17063E+18,8,2,26,36,2017,6,7,2,2,5,3,1,1,0,0,0,0,0,4.68132E+20,5.48036E+21,8.5601E+15,4.9475E+16
49153,8.17063E+18,8,2,16,9,2017,6,19,2,3,2,6,0,1,0,0,0,0,0,4.47883E+20,5.42209E+21,8.28817E+15,4.89495E+16
49154,8.17063E+18,8,2,16,43,2017,6,8,2,3,5,2,0,1,0,1,0,0,0,4.42065E+20,5.41209E+21,8.21013E+15,4.88591E+16
49155,8.17063E+18,8,2,16,43,2017,6,14,2,3,3,6,0,1,0,0,1,0,0,4.44715E+20,5.41243E+21,8.24622E+15,4.88624E+16
49156,8.17063E+18,8,2,15,107,2017,6,18,2,3,2,6,0,1,0,0,0,0,0,4.64554E+20,5.45754E+21,8.51275E+15,4.92696E+16
49157,8.17063E+18,8,4,25,108,2017,6,17,3,3,1,6,0,1,0,0,0,0,0,5.54421E+20,5.35797E+21,9.73485E+15,4.83726E+16
49158,8.17063E+18,8,1,11,0,2017,6,18,4,3,2,6,0,1,0,0,0,0,0,5.10383E+20,5.40896E+21,9.14148E+15,4.88336E+16
49159,8.17063E+18,8,2,15,46,2017,6,7,2,3,0,7,0,1,0,1,0,0,0,4.49095E+20,5.41615E+21,8.30547E+15,4.88962E+16
49160,8.17063E+18,8,1,35,15,2017,6,12,4,2,4,6,0,1,0,0,1,0,0,5.75737E+20,5.38446E+21,1.00275E+16,4.86086E+16
49161,8.17063E+18,8,2,26,102,2017,6,20,3,3,0,6,0,0,0,1,0,0,0,4.82329E+20,5.45424E+21,8.75723E+15,4.92406E+16
49162,8.17063E+18,8,2,36,46,2017,6,13,3,3,2,6,0,1,0,0,1,0,0,4.84117E+20,5.41611E+21,8.78329E+15,4.88977E+16
49163,8.17063E+18,8,1,36,42,2017,6,22,4,3,5,3,0,1,0,0,0,2,1,5.52824E+20,5.405E+21,9.71927E+15,4.87958E+16
49164,8.17063E+18,8,2,26,85,2017,6,15,4,3,2,6,0,1,0,1,0,0,0,4.90855E+20,5.45567E+21,8.87433E+15,4.92537E+16
49165,8.17063E+18,8,2,12,0,2017,6,18,2,3,1,6,0,1,0,0,0,0,0,4.6078E+20,5.42582E+21,8.46396E+15,4.8984E+16
49166,8.17063E+18,8,2,11,0,2017,6,8,2,2,4,6,0,0,0,0,1,0,0,4.38103E+20,5.39812E+21,8.15824E+15,4.8733E+16
49167,8.17063E+18,8,3,15,74,2017,6,16,4,3,5,3,1,1,0,0,0,0,0,3.95951E+20,5.29635E+21,7.61018E+15,4.78121E+16
49168,8.17063E+18,8,1,25,27,2017,6,16,2,3,3,6,0,1,0,0,1,0,0,5.1777E+20,5.44684E+21,9.2438E+15,4.91742E+16
49169,8.17063E+18,8,1,15,42,2017,6,22,2,2,9,1,0,0,0,1,0,2,0,4.94374E+20,5.40638E+21,8.92337E+15,4.88103E+16
49170,8.17063E+18,8,1,16,15,2017,6,8,2,3,2,1,0,1,0,0,0,0,0,5.22249E+20,5.39335E+21,9.30233E+15,4.86928E+16
49171,8.17063E+18,8,1,15,45,2017,6,6,2,3,2,6,0,1,0,0,0,0,0,5.02017E+20,5.39427E+21,9.02741E+15,4.87015E+16
49172,8.17063E+18,8,1,15,28,2017,6,6,2,3,2,6,0,1,0,0,0,0,0,4.997E+20,5.40354E+21,8.99592E+15,4.87848E+16
49173,8.17063E+18,8,1,16,35,2017,6,13,2,3,2,6,0,1,0,0,0,0,0,5.24648E+20,5.39194E+21,9.33485E+15,4.868E+16
49174,8.17063E+18,8,1,36,42,2017,6,19,2,2,9,1,0,0,0,1,0,0,0,5.52386E+20,5.40617E+21,9.71346E+15,4.88063E+16
49175,8.17063E+18,8,1,36,27,2017,6,15,2,3,5,3,0,1,0,0,0,0,0,5.54444E+20,5.4204E+21,9.74338E+15,4.89342E+16
49176,8.17063E+18,8,1,36,82,2017,6,16,2,3,2,6,0,1,0,0,0,0,0,5.84352E+20,5.41566E+21,1.01507E+16,4.88882E+16
49177,8.17063E+18,8,1,36,21,2017,6,17,2,3,1,6,0,1,0,1,0,0,0,5.76572E+20,5.40821E+21,1.00432E+16,4.88221E+16
49178,8.17063E+18,8,1,36,88,2017,6,17,2,3,2,6,0,1,0,0,0,0,0,5.80588E+20,5.41237E+21,1.00987E+16,4.8859E+16
49179,8.17063E+18,8,1,36,88,2017,6,15,2,3,0,1,0,0,0,1,0,0,0,5.80712E+20,5.41361E+21,1.01006E+16,4.88702E+16
49180,8.17063E+18,8,1,36,10,2017,6,6,2,2,5,3,0,1,0,0,0,0,0,5.97751E+20,5.40964E+21,1.0332E+16,4.8832E+16
49181,8.17063E+18,8,1,28,139,2017,6,6,2,3,2,6,0,1,0,0,0,0,0,5.51372E+20,5.49116E+21,9.71052E+15,4.95709E+16
49182,8.17063E+18,8,1,28,139,2017,6,6,2,3,2,2,0,1,0,0,0,0,0,5.52311E+20,5.48971E+21,9.72331E+15,4.95577E+16
49183,8.17063E+18,8,1,26,56,2017,6,12,2,2,3,2,0,1,0,0,0,0,0,5.5727E+20,5.46674E+21,9.78855E+15,4.93507E+16
49184,8.17063E+18,8,1,28,131,2017,6,9,2,2,5,7,0,1,0,0,0,0,0,5.37419E+20,5.5092E+21,9.51926E+15,4.97341E+16
49185,8.17063E+18,8,2,25,1,2017,6,20,3,3,0,6,0,1,0,0,1,0,0,5.30993E+20,5.4679E+21,9.42684E+15,4.9363E+16
49186,8.17063E+18,8,2,16,13,2017,6,17,3,2,8,1,0,0,0,1,0,0,0,4.51115E+20,5.39546E+21,8.33549E+15,4.87102E+16
49187,8.17063E+18,8,1,11,0,2017,6,12,4,2,5,3,0,1,0,0,0,0,0,5.12801E+20,5.40184E+21,9.17421E+15,4.87695E+16
49188,8.17063E+18,8,1,27,14,2017,6,13,2,3,2,2,0,1,0,0,0,0,0,5.72398E+20,5.44374E+21,9.99266E+15,4.91422E+16
49189,8.17063E+18,8,1,26,66,2017,6,7,4,3,4,2,0,1,0,1,0,0,1,5.3655E+20,5.45025E+21,9.50176E+15,4.9204E+16
49190,8.17063E+18,8,1,25,46,2017,6,15,2,2,4,2,0,1,0,0,1,0,0,5.19541E+20,5.43399E+21,9.26747E+15,4.90584E+16
49191,8.17063E+18,8,2,16,43,2017,6,16,4,3,2,6,0,1,0,0,0,0,0,4.45607E+20,5.41205E+21,8.25844E+15,4.8859E+16
49192,8.17063E+18,8,1,19,79,2017,6,17,2,3,5,2,0,1,0,0,1,0,0,5.24322E+20,5.40851E+21,9.33139E+15,4.88291E+16
49193,8.17063E+18,8,1,19,67,2017,6,7,2,3,4,2,1,1,0,0,0,0,0,5.39725E+20,5.40598E+21,9.54101E+15,4.88055E+16
49194,8.17063E+18,8,2,15,17,2017,6,15,4,3,2,6,0,1,0,0,0,0,0,4.5561E+20,5.42288E+21,8.39362E+15,4.89573E+16
49195,8.17063E+18,8,1,19,75,2017,6,17,2,3,7,7,0,1,0,0,1,0,0,5.3796E+20,5.43166E+21,9.51936E+15,4.90367E+16
49196,8.17063E+18,8,3,26,5,2017,6,18,4,3,8,1,0,1,0,0,0,0,0,4.63922E+20,5.29348E+21,8.51827E+15,4.77937E+16
49197,8.17063E+18,8,1,19,90,2017,6,15,2,3,6,4,0,1,1,0,0,0,0,5.30264E+20,5.40724E+21,9.41226E+15,4.88174E+16
49198,8.17063E+18,8,1,18,73,2017,6,6,2,3,4,2,0,1,0,1,0,0,0,4.98598E+20,5.42239E+21,8.98084E+15,4.89544E+16
49199,8.17063E+18,8,1,18,81,2017,6,13,2,3,5,3,0,1,0,0,0,0,0,5.18495E+20,5.41457E+21,9.25227E+15,4.88838E+16
49200,8.17063E+18,8,1,17,19,2017,6,8,2,3,2,6,0,1,0,0,0,0,0,5.5211E+20,5.39415E+21,9.70818E+15,4.86983E+16
49201,8.17063E+18,8,1,16,35,2017,6,7,2,3,2,6,0,1,0,0,0,0,0,5.27189E+20,5.3916E+21,9.36934E+15,4.86769E+16
49202,8.17063E+18,8,1,16,80,2017,6,9,2,2,6,4,0,1,1,0,0,0,0,5.20014E+20,5.39688E+21,9.27214E+15,4.87247E+16
49203,8.17063E+18,8,1,16,11,2017,6,6,2,3,2,6,0,1,0,1,0,0,0,5.30513E+20,5.38021E+21,9.41366E+15,4.85742E+16
49204,8.17063E+18,8,1,15,28,2017,6,14,2,3,2,6,0,1,0,0,1,0,0,5.00812E+20,5.40394E+21,9.01105E+15,4.87885E+16
49205,8.17063E+18,8,1,15,3,2017,6,16,2,3,5,3,0,1,0,1,0,0,0,5.0056E+20,5.39284E+21,9.00761E+15,4.86886E+16
49206,8.17063E+18,8,1,11,0,2017,6,15,2,3,2,6,0,1,0,1,0,0,0,5.16329E+20,5.40929E+21,9.22252E+15,4.88364E+16
49207,8.17063E+18,8,1,11,0,2017,6,8,2,2,6,4,0,1,1,0,0,0,0,5.11097E+20,5.40384E+21,9.15107E+15,4.87875E+16
49208,8.17063E+18,8,1,11,0,2017,6,8,2,3,5,2,1,1,0,0,0,0,0,5.12951E+20,5.40195E+21,9.17625E+15,4.87705E+16
49209,8.17063E+18,8,1,11,0,2017,6,16,2,3,2,6,0,1,0,0,0,0,0,5.16804E+20,5.4067E+21,9.22889E+15,4.8813E+16
49210,8.17063E+18,8,1,11,0,2017,6,14,2,3,2,6,0,1,0,0,0,0,0,5.13829E+20,5.40612E+21,9.18834E+15,4.8808E+16
49211,8.17063E+18,8,4,37,107,2017,6,13,1,3,8,1,0,0,0,1,0,0,0,5.07001E+20,5.32803E+21,9.09404E+15,4.81055E+16
49212,8.17063E+18,8,4,37,104,2017,6,18,1,3,2,2,0,1,0,0,0,0,0,5.15394E+20,5.32585E+21,9.20671E+15,4.80857E+16
49213,8.17063E+18,8,4,37,100,2017,6,15,1,3,1,5,1,1,0,0,0,0,0,5.37053E+20,5.31866E+21,9.49691E+15,4.80202E+16
49214,8.17063E+18,8,4,36,18,2017,6,21,1,2,9,1,0,1,0,0,0,1,0,5.55015E+20,5.28456E+21,9.73344E+15,4.77121E+16
49215,8.17063E+18,8,4,36,13,2017,6,15,1,3,8,1,0,0,0,1,0,0,0,5.43899E+20,5.29754E+21,9.58657E+15,4.78297E+16
49216,8.17063E+18,8,4,35,66,2017,6,12,1,3,5,3,1,1,0,0,0,0,0,5.18949E+20,5.28694E+21,9.25273E+15,4.77356E+16
49217,8.17063E+18,8,4,35,20,2017,6,15,1,3,8,1,0,0,0,1,0,0,0,5.22522E+20,5.29679E+21,9.3009E+15,4.78241E+16
49218,8.17063E+18,8,4,35,16,2017,6,17,1,3,2,6,0,1,0,0,0,0,0,5.3756E+20,5.27865E+21,9.50024E+15,4.76602E+16
49219,8.17063E+18,8,4,35,59,2017,6,17,1,3,4,1,0,1,0,1,0,0,0,5.11525E+20,5.29169E+21,9.15385E+15,4.77785E+16
49220,8.17063E+18,8,4,36,85,2017,6,18,3,2,0,7,1,0,0,0,0,0,0,5.58048E+20,5.29522E+21,9.77529E+15,4.78077E+16
49221,8.17063E+18,8,4,21,0,2017,6,17,3,3,2,6,0,1,0,0,0,0,0,5.71245E+20,5.3564E+21,9.96173E+15,4.83567E+16
49222,8.17063E+18,8,4,15,50,2017,6,9,4,3,4,6,0,1,0,0,1,0,0,5.21926E+20,5.37675E+21,9.29707E+15,4.85435E+16
49223,8.17063E+18,8,4,37,31,2017,6,14,1,3,5,2,0,1,0,1,0,0,0,5.15506E+20,5.3456E+21,9.20893E+15,4.82634E+16
49224,8.17063E+18,8,1,18,80,2017,6,8,4,3,2,6,0,1,0,0,0,0,0,5.09229E+20,5.41179E+21,9.12582E+15,4.8859E+16
49225,8.17063E+18,8,2,36,70,2017,6,13,4,2,4,6,0,1,0,1,0,0,0,4.67035E+20,5.41591E+21,8.55024E+15,4.88953E+16