OBJECTID,UIDENTSTLA,ULAND,UREGBEZ,UKREIS,UGEMEINDE,UJAHR,UMONAT,USTUNDE,UWOCHENTAG,UKATEGORIE,UART,UTYP1,IstRad,IstPKW,IstFuss,IstKrad,IstSonstig,LICHT,STRZUSTAND,LINREFX,LINREFY,XGCSWGS84,YGCSWGS84
49574,8.17071E+18,8,1,18,48,2017,7,16,4,3,0,7,0,0,0,1,0,0,0,5.14217E+20,5.41622E+21,9.19398E+15,4.88988E+16
49575,8.1707E+18,8,1,25,46,2017,7,5,2,3,8,1,0,1,0,0,0,0,0,5.17555E+20,5.43208E+21,9.24021E+15,4.90413E+16
49576,8.17071E+18,8,1,35,16,2017,7,7,4,3,2,6,0,1,0,0,0,0,0,5.87714E+20,5.3832E+21,1.01896E+16,4.85957E+16
49577,8.1707E+18,8,1,21,0,2017,7,23,2,2,8,1,0,1,0,0,0,2,0,5.11942E+20,5.4459E+21,9.16382E+15,4.91658E+16
49578,8.1707E+18,8,1,21,0,2017,7,8,2,3,2,6,0,1,0,0,0,0,0,5.14604E+20,5.44284E+21,9.20022E+15,4.91382E+16
49579,8.1707E+18,8,1,19,79,2017,7,20,2,3,1,5,0,1,0,0,0,1,0,5.23118E+20,5.40947E+21,9.31505E+15,4.88377E+16
49580,8.1707E+18,8,1,19,91,2017,7,9,2,3,5,3,0,1,0,0,1,0,0,5.27862E+20,5.40696E+21,9.37952E+15,4.8815E+16
49581,8.1707E+18,8,1,19,8,2017,7,18,2,3,2,6,0,1,0,0,0,0,0,5.31872E+20,5.42131E+21,9.43526E+15,4.89439E+16
49582,8.17071E+18,8,1,18,7,2017,7,18,4,2,0,7,0,0,0,1,0,0,0,5.11367E+20,5.42658E+21,9.15539E+15,4.8992E+16
49583,8.1707E+18,8,1,19,8,2017,7,18,2,3,3,6,0,1,0,0,0,0,0,5.30968E+20,5.42295E+21,9.42304E+15,4.89587E+16
49584,8.1707E+18,8,1,18,49,2017,7,17,2,3,6,4,0,1,1,0,0,0,0,5.18825E+20,5.42074E+21,9.25706E+15,4.89393E+16
49585,8.17071E+18,8,1,15,51,2017,7,16,4,1,5,3,1,0,0,0,1,0,0,5.02981E+20,5.38413E+21,9.04044E+15,4.86102E+16
49586,8.1707E+18,8,1,18,60,2017,7,13,2,3,2,1,0,1,0,0,1,0,0,5.26664E+20,5.43072E+21,9.36476E+15,4.90288E+16
49587,8.1707E+18,8,1,18,50,2017,7,19,2,2,9,1,1,0,0,0,0,0,0,5.06772E+20,5.41731E+21,9.09242E+15,4.89087E+16
49588,8.17071E+18,8,1,35,19,2017,7,4,4,3,5,2,0,0,0,1,1,1,0,5.85214E+20,5.39163E+21,1.01575E+16,4.86719E+16
49589,8.1707E+18,8,1,17,58,2017,7,6,2,3,1,6,0,1,0,0,0,0,0,5.46356E+20,5.37913E+21,9.6283E+15,4.85635E+16
49590,8.1707E+18,8,1,17,12,2017,7,18,2,2,3,6,0,1,0,1,0,0,0,5.45223E+20,5.3895E+21,9.61409E+15,4.8657E+16
49591,8.1707E+18,8,4,25,39,2017,7,22,2,2,3,6,0,1,0,0,0,2,0,5.68564E+20,5.35102E+21,9.92468E+15,4.83086E+16
49592,8.1707E+18,8,4,25,72,2017,7,10,2,2,2,6,0,1,0,0,1,0,0,5.79967E+20,5.37284E+21,1.00826E+16,4.85036E+16
49593,8.1707E+18,8,1,16,49,2017,7,16,2,3,5,3,1,1,0,0,0,0,0,5.24098E+20,5.38581E+21,9.32701E+15,4.86249E+16
49594,8.1707E+18,8,1,16,49,2017,7,17,2,3,2,6,0,1,0,0,0,0,0,5.25264E+20,5.38645E+21,9.34288E+15,4.86306E+16
49595,8.1707E+18,8,1,16,33,2017,7,16,2,3,5,2,1,1,0,0,0,0,0,5.34432E+20,5.38925E+21,9.46754E+15,4.86554E+16
49596,8.1707E+18,8,1,16,78,2017,7,17,2,3,5,3,0,1,0,0,0,0,0,5.13086E+20,5.3927E+21,9.1778E+15,4.86872E+16
49597,8.1707E+18,8,1,15,3,2017,7,16,2,3,5,3,0,1,0,0,0,0,0,5.02174E+20,5.39361E+21,9.02954E+15,4.86955E+16
49598,8.1707E+18,8,1,11,0,2017,7,7,2,3,2,6,0,1,0,0,0,0,0,5.17223E+20,5.40855E+21,9.23467E+15,4.88297E+16
49599,8.1707E+18,8,1,11,0,2017,7,0,2,3,5,3,1,1,0,0,0,2,0,5.13262E+20,5.40659E+21,9.18064E+15,4.88121E+16
49600,8.1707E+18,8,1,11,0,2017,7,16,2,3,0,6,0,1,0,1,0,0,0,5.16847E+20,5.40625E+21,9.22945E+15,4.8809E+16
49601,8.1707E+18,8,1,11,0,2017,7,18,2,3,5,2,1,1,0,0,0,0,0,5.16081E+20,5.40564E+21,9.21899E+15,4.88036E+16
49602,8.1707E+18,8,4,37,31,2017,7,9,1,3,8,1,0,1,0,0,0,0,1,5.1734E+20,5.34326E+21,9.23355E+15,4.82423E+16
49603,8.1707E+18,8,4,37,100,2017,7,19,1,3,0,1,0,1,0,0,0,0,1,5.35862E+20,5.31619E+21,9.48074E+15,4.7998E+16
49604,8.1707E+18,8,4,36,8,2017,7,22,1,3,8,1,1,0,0,0,0,2,0,5.48873E+20,5.31065E+21,9.65451E+15,4.79473E+16
49605,8.17071E+18,8,2,26,107,2017,7,8,4,2,7,7,1,0,0,0,1,0,0,4.74056E+20,5.48408E+21,8.64163E+15,4.95088E+16
49606,8.17071E+18,8,3,27,8,2017,7,12,4,3,8,1,0,0,0,1,0,0,0,4.99203E+20,5.31601E+21,8.98932E+15,4.79974E+16
49607,8.17071E+18,8,1,17,14,2017,7,13,4,3,1,3,0,1,0,0,1,0,0,5.52808E+20,5.38288E+21,9.71622E+15,4.85968E+16
49608,8.17071E+18,8,1,17,24,2017,7,16,4,3,2,6,0,1,0,0,0,0,0,5.62554E+20,5.38537E+21,9.84877E+15,4.86183E+16
49609,8.1707E+18,8,4,36,55,2017,7,15,1,2,2,6,0,1,0,1,0,0,0,5.74412E+20,5.29669E+21,9.99407E+15,4.78193E+16
49610,8.17071E+18,8,1,17,24,2017,7,16,4,3,5,3,1,1,0,0,0,0,0,5.5997E+20,5.38491E+21,9.81365E+15,4.86144E+16
49611,8.17071E+18,8,1,16,72,2017,7,16,4,3,2,6,0,1,0,0,0,0,0,5.31197E+20,5.39294E+21,9.42388E+15,4.86887E+16
49612,8.17071E+18,8,1,16,47,2017,7,6,4,3,2,6,0,1,0,0,1,0,0,5.20805E+20,5.39343E+21,9.28271E+15,4.86935E+16
49613,8.17071E+18,8,1,15,45,2017,7,5,4,2,4,2,0,1,0,1,0,0,0,5.03141E+20,5.39462E+21,9.04269E+15,4.87046E+16
49614,8.17071E+18,8,1,11,0,2017,7,7,4,3,2,6,0,1,0,0,1,0,0,5.16314E+20,5.40928E+21,9.22232E+15,4.88363E+16
49615,8.1707E+18,8,4,17,51,2017,7,15,1,3,2,6,0,1,0,0,0,0,0,4.94142E+20,5.35802E+21,8.9209E+15,4.83753E+16
49616,8.1707E+18,8,4,17,15,2017,7,8,1,3,9,7,0,1,0,0,0,0,1,4.82528E+20,5.34327E+21,8.76467E+15,4.82424E+16
49617,8.1707E+18,8,4,35,15,2017,7,18,3,3,0,2,0,1,0,1,0,0,0,5.22131E+20,5.29407E+21,9.29554E+15,4.77996E+16
49618,8.1707E+18,8,4,15,73,2017,7,15,1,2,5,3,0,1,0,0,0,0,0,5.18882E+20,5.35681E+21,9.25492E+15,4.83642E+16
49619,8.1707E+18,8,3,36,107,2017,7,6,1,3,9,1,0,1,0,0,0,0,1,4.0992E+20,5.28242E+21,7.79961E+15,4.76889E+16
49620,8.1707E+18,8,3,36,79,2017,7,18,1,2,2,6,0,1,1,0,0,0,0,4.17475E+20,5.29352E+21,7.89816E+15,4.77897E+16
49621,8.17071E+18,8,2,15,90,2017,7,18,4,2,5,2,0,1,0,1,0,0,0,4.65747E+20,5.4335E+21,8.5312E+15,4.90535E+16
49622,8.1707E+18,8,3,35,97,2017,7,20,1,3,9,1,0,1,0,0,0,0,1,4.85957E+20,5.29902E+21,8.81231E+15,4.78444E+16
49623,8.1707E+18,8,4,37,78,2017,7,5,1,1,4,6,0,1,0,0,1,0,1,5.07977E+20,5.31872E+21,9.10697E+15,4.80217E+16
49624,8.1707E+18,8,3,27,48,2017,7,5,1,3,2,6,0,1,0,0,0,1,1,4.76892E+20,5.31656E+21,8.6902E+15,4.80019E+16
49625,8.1707E+18,8,2,16,7,2017,7,17,1,2,2,6,0,1,0,0,0,0,1,4.34263E+20,5.39771E+21,8.10608E+15,4.87289E+16
49626,8.1707E+18,8,3,15,115,2017,7,8,1,3,9,1,0,1,0,0,0,0,1,4.07124E+20,5.32016E+21,7.75426E+15,4.8028E+16
49627,8.1707E+18,8,3,11,0,2017,7,16,1,3,5,2,0,1,0,1,0,0,0,4.13692E+20,5.31676E+21,7.84301E+15,4.79983E+16
49628,8.1707E+18,8,2,26,76,2017,7,13,1,3,2,6,0,1,0,0,0,0,0,4.73214E+20,5.46649E+21,8.63119E+15,4.93505E+16
49629,8.1707E+18,8,2,12,0,2017,7,19,1,2,5,3,1,1,0,0,0,0,0,4.56364E+20,5.42631E+21,8.40355E+15,4.89882E+16
49630,8.1707E+18,8,2,15,94,2017,7,16,1,2,8,1,0,1,0,0,0,0,0,4.87319E+20,5.43969E+21,8.82624E+15,4.91099E+16
49631,8.17071E+18,8,2,31,0,2017,7,14,4,3,2,6,0,1,0,0,0,0,0,4.84549E+20,5.41349E+21,8.78928E+15,4.88742E+16
49632,8.17071E+18,8,3,37,126,2017,7,19,4,3,2,6,0,1,0,1,0,0,0,4.45425E+20,5.27573E+21,8.27353E+15,4.76327E+16
49633,8.1707E+18,8,2,37,40,2017,7,17,1,3,5,3,0,1,0,0,0,0,0,4.77497E+20,5.3659E+21,8.6957E+15,4.84458E+16
49634,8.1707E+18,8,2,36,40,2017,7,17,1,2,8,1,0,0,0,1,0,0,0,4.92962E+20,5.42165E+21,8.90388E+15,4.89478E+16
49635,8.1707E+18,8,2,31,0,2017,7,0,1,3,3,2,0,1,0,0,1,2,0,4.79488E+20,5.41596E+21,8.72014E+15,4.88963E+16
49636,8.1707E+18,8,2,26,96,2017,7,20,1,3,2,6,0,1,0,0,0,0,0,4.76455E+20,5.48835E+21,8.67452E+15,4.95473E+16
49637,8.1707E+18,8,2,21,0,2017,7,0,1,3,3,2,1,1,0,0,0,2,1,4.76794E+20,5.47218E+21,8.68015E+15,4.94019E+16
49638,8.17071E+18,8,2,26,84,2017,7,17,4,3,5,3,0,1,0,0,1,0,0,4.67068E+20,5.47271E+21,8.54605E+15,4.94062E+16
49639,8.17071E+18,8,3,37,126,2017,7,19,4,3,5,3,0,1,0,1,0,0,0,4.45044E+20,5.27563E+21,8.26847E+15,4.76317E+16
49640,8.1707E+18,8,4,35,34,2017,7,6,3,3,4,6,1,0,0,0,0,0,0,5.29438E+20,5.28522E+21,9.39251E+15,4.77197E+16
49641,8.1707E+18,8,4,35,16,2017,7,15,3,3,7,1,1,0,0,0,0,0,0,5.36335E+20,5.27799E+21,9.48386E+15,4.76543E+16
49642,8.1707E+18,8,4,26,14,2017,7,18,3,3,5,3,0,1,0,0,0,0,0,5.45787E+20,5.31858E+21,9.61403E+15,4.80189E+16
49643,8.1707E+18,8,2,16,17,2017,7,11,1,3,4,1,0,0,0,1,0,0,0,4.55736E+20,5.40299E+21,8.39749E+15,4.87783E+16
49644,8.1707E+18,8,4,25,123,2017,7,20,3,2,0,6,0,1,0,1,0,1,0,5.44314E+20,5.34449E+21,9.59697E+15,4.82521E+16
49645,8.1707E+18,8,2,15,7,2017,7,0,1,3,2,6,0,1,0,0,0,2,1,4.79734E+20,5.43091E+21,8.72276E+15,4.90308E+16
49646,8.1707E+18,8,4,26,21,2017,7,7,3,2,0,1,0,0,0,1,0,0,0,5.57666E+20,5.32708E+21,9.77447E+15,4.80944E+16
49647,8.1707E+18,8,2,12,0,2017,7,1,1,2,5,3,0,1,0,0,0,2,1,4.61756E+20,5.42733E+21,8.47716E+15,4.89977E+16
49648,8.1707E+18,8,1,36,43,2017,7,16,1,3,2,6,0,1,0,0,0,0,1,5.72243E+20,5.40815E+21,9.98421E+15,4.88221E+16
49649,8.1707E+18,8,4,25,2,2017,7,17,3,2,9,1,0,1,0,0,0,0,0,5.51781E+20,5.35489E+21,9.69883E+15,4.83451E+16
49650,8.1707E+18,8,1,28,139,2017,7,13,1,3,2,2,0,1,0,0,1,0,0,5.52807E+20,5.48873E+21,9.73003E+15,4.95489E+16
49651,8.1707E+18,8,4,17,2,2017,7,17,3,3,2,6,0,1,0,0,0,0,0,4.87092E+20,5.34431E+21,8.82611E+15,4.82519E+16
49652,8.1707E+18,8,2,25,1,2017,7,13,1,2,4,1,0,1,0,0,0,0,0,5.26387E+20,5.46884E+21,9.36348E+15,4.93717E+16
49653,8.1707E+18,8,1,27,73,2017,7,17,1,2,2,2,0,1,0,0,0,0,0,5.82921E+20,5.44597E+21,1.01374E+16,4.91609E+16
49654,8.1707E+18,8,1,27,100,2017,7,12,1,3,5,3,1,1,0,0,0,0,0,5.53985E+20,5.43354E+21,9.73886E+15,4.90524E+16
49655,8.1707E+18,8,1,26,39,2017,7,18,1,3,2,6,0,1,0,0,0,0,0,5.53456E+20,5.46375E+21,9.73564E+15,4.93242E+16
49656,8.1707E+18,8,1,25,98,2017,7,1,1,2,8,1,0,1,0,0,0,2,1,5.25989E+20,5.43728E+21,9.35595E+15,4.90878E+16
49657,8.1707E+18,8,1,25,6,2017,7,22,1,3,8,1,0,1,0,0,0,2,0,5.0761E+20,5.45179E+21,9.10451E+15,4.92189E+16
49658,8.1707E+18,8,1,25,6,2017,7,6,1,3,9,1,0,1,0,0,0,0,1,5.03963E+20,5.45518E+21,9.05445E+15,4.92494E+16
49659,8.1707E+18,8,1,19,87,2017,7,4,1,3,8,1,0,1,0,0,0,2,1,5.25851E+20,5.42722E+21,9.35342E+15,4.89973E+16
49660,8.1707E+18,8,1,18,14,2017,7,1,1,3,2,6,0,1,0,0,0,2,1,5.21086E+20,5.42107E+21,9.28796E+15,4.89422E+16
49661,8.1707E+18,8,1,17,29,2017,7,17,1,3,5,3,1,1,0,0,0,0,0,5.41777E+20,5.38903E+21,9.56725E+15,4.86529E+16
49662,8.1707E+18,8,1,17,14,2017,7,20,1,3,1,6,0,1,0,0,0,0,1,5.5417E+20,5.38431E+21,9.73488E+15,4.86095E+16
49663,8.1707E+18,8,1,16,63,2017,7,6,1,2,9,1,0,1,0,0,0,0,1,5.16232E+20,5.38346E+21,9.22018E+15,4.8604E+16
49664,8.1707E+18,8,1,16,72,2017,7,15,1,3,2,6,0,1,0,0,0,0,0,5.29049E+20,5.39328E+21,9.39472E+15,4.86919E+16
49665,8.1707E+18,8,1,16,70,2017,7,15,1,3,9,1,0,0,0,1,0,0,0,5.42398E+20,5.38413E+21,9.57518E+15,4.86088E+16
49666,8.1707E+18,8,1,15,28,2017,7,19,1,3,9,1,0,0,0,1,0,0,0,5.02904E+20,5.40419E+21,9.03953E+15,4.87907E+16
49667,8.1707E+18,8,1,11,0,2017,7,12,1,3,2,6,0,1,0,1,0,0,0,5.1266E+20,5.40168E+21,9.17229E+15,4.8768E+16
49668,8.1707E+18,8,1,11,0,2017,7,17,1,3,6,2,0,1,1,0,0,0,0,5.15973E+20,5.40375E+21,9.21746E+15,4.87865E+16
49669,8.1707E+18,8,1,11,0,2017,7,15,1,2,2,6,0,1,0,0,0,0,0,5.10648E+20,5.40018E+21,9.14487E+15,4.87546E+16
49670,8.1707E+18,8,4,37,123,2017,7,5,7,3,4,7,0,1,0,0,0,1,0,5.07761E+20,5.31238E+21,9.10397E+15,4.79647E+16
49671,8.1707E+18,8,4,37,124,2017,7,0,7,3,8,1,0,1,0,0,0,2,0,5.17875E+20,5.3044E+21,9.23914E+15,4.78926E+16
49672,8.1707E+18,8,4,35,16,2017,7,17,7,3,3,6,1,1,0,0,0,0,0,5.30572E+20,5.27973E+21,9.40725E+15,4.76702E+16
49673,8.1707E+18,8,4,35,16,2017,7,14,7,3,4,7,0,1,0,0,1,0,0,5.33723E+20,5.2784E+21,9.44912E+15,4.76581E+16
49674,8.1707E+18,8,3,35,22,2017,7,13,7,3,8,1,0,0,0,1,0,0,0,4.88044E+20,5.30258E+21,8.84011E+15,4.78765E+16
49675,8.17071E+18,8,2,26,17,2017,7,22,4,3,4,6,0,1,0,0,1,2,0,4.93617E+20,5.46417E+21,8.91215E+15,4.93302E+16
49676,8.17071E+18,8,3,36,69,2017,7,23,4,2,9,1,0,0,0,1,0,2,0,4.06677E+20,5.269E+21,7.75926E+15,4.75677E+16
49677,8.1707E+18,8,4,17,79,2017,7,8,3,3,2,6,0,1,0,0,1,0,0,5.01145E+20,5.3396E+21,9.01541E+15,4.82096E+16
49678,8.1707E+18,8,4,16,36,2017,7,16,3,3,8,7,0,0,0,1,0,0,0,4.92758E+20,5.37607E+21,8.9019E+15,4.85377E+16
49679,8.1707E+18,8,4,15,61,2017,7,16,3,3,8,1,0,1,0,0,0,0,0,5.14534E+20,5.36973E+21,9.19667E+15,4.84805E+16
49680,8.1707E+18,8,3,35,22,2017,7,13,7,2,8,1,0,0,0,1,0,0,0,4.88045E+20,5.30258E+21,8.84012E+15,4.78765E+16
49681,8.1707E+18,8,4,15,89,2017,7,20,3,3,2,6,0,1,0,0,0,1,0,5.20913E+20,5.36024E+21,9.28251E+15,4.83949E+16
49682,8.1707E+18,8,4,25,108,2017,7,18,3,2,9,1,0,0,0,1,0,0,0,5.43585E+20,5.35981E+21,9.58873E+15,4.83899E+16
49683,8.1707E+18,8,3,35,22,2017,7,13,7,2,8,1,0,0,0,1,0,0,0,4.88043E+20,5.30258E+21,8.8401E+15,4.78765E+16
49684,8.1707E+18,8,4,26,14,2017,7,14,7,3,0,1,1,0,0,0,0,0,0,5.48463E+20,5.31798E+21,9.64984E+15,4.80133E+16
49685,8.1707E+18,8,4,15,93,2017,7,19,7,2,9,1,0,0,0,1,0,0,0,5.25451E+20,5.36747E+21,9.34425E+15,4.84599E+16
49686,8.1707E+18,8,3,16,43,2017,7,9,7,3,2,6,0,1,0,0,0,0,0,4.10211E+20,5.32768E+21,7.79407E+15,4.8096E+16
49687,8.1707E+18,8,3,37,62,2017,7,10,7,2,5,3,0,1,0,0,0,0,0,4.55676E+20,5.27626E+21,8.40992E+15,4.76382E+16
49688,8.1707E+18,8,3,35,15,2017,7,22,7,2,0,6,1,0,0,0,1,2,0,4.75018E+20,5.28149E+21,8.66712E+15,4.76863E+16
49689,8.1707E+18,8,3,35,63,2017,7,17,7,3,2,6,0,1,0,0,0,0,0,4.96956E+20,5.28794E+21,8.95939E+15,4.77449E+16
49690,8.1707E+18,8,3,35,43,2017,7,12,7,2,2,6,0,1,0,0,0,0,0,5.12193E+20,5.27925E+21,9.16241E+15,4.76665E+16
49691,8.1707E+18,8,4,35,29,2017,7,11,7,3,9,7,0,1,0,0,0,0,0,5.4396E+20,5.27292E+21,9.5849E+15,4.76082E+16
49692,8.1707E+18,8,3,36,6,2017,7,19,3,3,5,2,0,1,0,0,0,0,0,3.91007E+20,5.28646E+21,7.54665E+15,4.77223E+16
49693,8.1707E+18,8,3,26,74,2017,7,21,7,3,0,1,0,0,0,1,0,0,0,4.60863E+20,5.32312E+21,8.47474E+15,4.80602E+16
49694,8.1707E+18,8,3,36,50,2017,7,7,3,3,6,7,0,1,1,0,0,0,0,4.00015E+20,5.27379E+21,7.66963E+15,4.76098E+16
49695,8.1707E+18,8,3,17,11,2017,7,19,7,3,4,7,0,1,0,0,0,0,0,4.27388E+20,5.35666E+21,8.01976E+15,4.8359E+16
49696,8.1707E+18,8,3,35,22,2017,7,12,3,3,2,6,0,1,0,1,0,0,0,4.8322E+20,5.30077E+21,8.77566E+15,4.786E+16
49697,8.1707E+18,8,3,17,89,2017,7,11,7,3,1,5,0,1,0,1,0,0,0,4.27934E+20,5.37629E+21,8.02376E+15,4.85356E+16
49698,8.1707E+18,8,3,17,89,2017,7,18,7,2,5,2,0,1,0,0,0,0,1,4.27706E+20,5.37682E+21,8.02058E+15,4.85403E+16
49699,8.1707E+18,8,3,35,43,2017,7,10,3,3,0,2,1,1,0,0,0,0,0,5.14534E+20,5.28003E+21,9.19362E+15,4.76735E+16
49700,8.1707E+18,8,3,17,98,2017,7,19,7,3,4,1,0,1,0,0,0,0,1,4.41352E+20,5.3705E+21,8.20632E+15,4.84849E+16
49701,8.1707E+18,8,3,17,96,2017,7,2,7,1,6,4,0,0,1,0,1,2,0,4.20221E+20,5.36911E+21,7.92067E+15,4.847E+16
49702,8.17071E+18,8,2,15,64,2017,7,19,4,2,9,1,0,1,0,0,0,0,0,4.81256E+20,5.44899E+21,8.74274E+15,4.91934E+16
49703,8.1707E+18,8,3,36,91,2017,7,15,7,3,6,3,0,1,1,0,0,0,0,3.94321E+20,5.27179E+21,7.59437E+15,4.75909E+16
49704,8.1707E+18,8,2,26,95,2017,7,7,7,3,3,7,0,1,0,0,0,0,0,4.72833E+20,5.46084E+21,8.62633E+15,4.92997E+16
49705,8.1707E+18,8,2,31,0,2017,7,11,7,3,2,6,0,1,0,0,0,0,0,4.81484E+20,5.41909E+21,8.74723E+15,4.89244E+16
49706,8.1707E+18,8,2,26,82,2017,7,22,7,3,0,4,0,1,1,0,0,2,1,4.75235E+20,5.48039E+21,8.65815E+15,4.94757E+16
49707,8.1707E+18,8,2,26,96,2017,7,22,7,3,9,1,0,1,0,0,0,2,1,4.73231E+20,5.4875E+21,8.63E+15,4.95395E+16
49708,8.1707E+18,8,2,15,17,2017,7,13,7,3,2,6,0,1,0,0,0,0,0,4.53876E+20,5.42177E+21,8.37007E+15,4.89471E+16
49709,8.1707E+18,8,2,37,40,2017,7,21,7,3,9,1,0,1,0,0,0,2,1,4.73667E+20,5.36927E+21,8.64369E+15,4.8476E+16
49710,8.1707E+18,8,2,37,28,2017,7,12,7,3,2,6,0,1,0,0,0,0,0,4.58605E+20,5.36762E+21,8.44007E+15,4.84603E+16
49711,8.1707E+18,8,2,35,6,2017,7,15,7,3,4,6,0,1,0,0,1,0,0,4.72131E+20,5.38228E+21,8.62204E+15,4.8593E+16
49712,8.1707E+18,8,2,21,0,2017,7,20,7,3,1,6,0,1,0,0,0,1,1,4.78137E+20,5.47334E+21,8.69859E+15,4.94123E+16
49713,8.1707E+18,8,2,16,15,2017,7,14,7,3,8,1,0,1,0,0,0,0,1,4.51086E+20,5.40343E+21,8.33414E+15,4.87819E+16
49714,8.1707E+18,8,2,15,106,2017,7,10,7,2,5,3,0,1,0,0,0,0,0,4.65484E+20,5.45218E+21,8.526E+15,4.92214E+16
49715,8.1707E+18,8,2,16,7,2017,7,12,7,3,0,1,1,1,0,0,0,0,0,4.3667E+20,5.39458E+21,8.13929E+15,4.8701E+16
49716,8.17071E+18,8,3,15,113,2017,7,7,4,3,5,3,0,1,0,0,0,0,0,4.38457E+20,5.30777E+21,8.17624E+15,4.79203E+16
49717,8.17071E+18,8,3,15,76,2017,7,17,4,3,8,6,0,0,0,0,1,0,0,3.91655E+20,5.29664E+21,7.55275E+15,4.7814E+16
49718,8.1707E+18,8,3,35,75,2017,7,10,3,2,3,3,0,1,0,0,0,0,0,4.89329E+20,5.29485E+21,8.85748E+15,4.78069E+16
49719,8.1707E+18,8,3,35,79,2017,7,20,3,3,2,6,0,1,0,0,1,0,0,4.97554E+20,5.29773E+21,8.96732E+15,4.78329E+16
49720,8.1707E+18,8,4,36,95,2017,7,8,3,2,4,2,0,1,0,0,0,0,0,5.38934E+20,5.29297E+21,9.51982E+15,4.77889E+16
49721,8.1707E+18,8,3,26,74,2017,7,19,3,3,5,3,0,1,0,0,0,0,0,4.6081E+20,5.32465E+21,8.47387E+15,4.80739E+16
49722,8.1707E+18,8,3,26,52,2017,7,18,3,3,8,6,0,1,0,1,0,0,0,4.50767E+20,5.33385E+21,8.33801E+15,4.8156E+16
49723,8.1707E+18,8,3,26,74,2017,7,8,3,3,8,1,0,0,0,1,0,0,0,4.65347E+20,5.32107E+21,8.53507E+15,4.8042E+16
49724,8.1707E+18,8,3,25,14,2017,7,18,3,3,5,3,0,1,0,0,1,0,0,4.62436E+20,5.34245E+21,8.49413E+15,4.82342E+16
49725,8.1707E+18,8,1,28,126,2017,7,19,7,3,8,1,0,1,0,0,0,0,1,5.64393E+20,5.48023E+21,9.8888E+15,4.94713E+16
49726,8.1707E+18,8,3,25,69,2017,7,18,3,3,2,6,0,1,0,0,0,0,0,4.68384E+20,5.33614E+21,8.5747E+15,4.81777E+16
49727,8.1707E+18,8,1,27,59,2017,7,8,7,2,8,1,0,1,0,0,0,0,1,5.47413E+20,5.43772E+21,9.64941E+15,4.90905E+16
49728,8.1707E+18,8,4,17,13,2017,7,19,3,2,5,3,0,1,0,0,0,0,0,5.05058E+20,5.34969E+21,9.06821E+15,4.83004E+16
49729,8.1707E+18,8,1,36,65,2017,7,5,7,2,4,1,0,1,0,0,1,1,0,5.61118E+20,5.40595E+21,9.83233E+15,4.88035E+16
49730,8.1707E+18,8,4,17,8,2017,7,16,3,2,8,1,0,0,0,1,0,0,0,4.96174E+20,5.34867E+21,8.94842E+15,4.82912E+16
49731,8.1707E+18,8,1,26,47,2017,7,0,7,3,0,1,1,0,0,0,0,2,0,5.50013E+20,5.45247E+21,9.68685E+15,4.9223E+16
49732,8.1707E+18,8,3,17,145,2017,7,13,3,3,4,6,0,1,0,0,0,0,0,4.4169E+20,5.34866E+21,8.21393E+15,4.82885E+16
49733,8.1707E+18,8,1,26,39,2017,7,18,7,3,4,2,0,1,0,0,0,0,0,5.48176E+20,5.46062E+21,9.66261E+15,4.92964E+16
49734,8.1707E+18,8,1,25,111,2017,7,20,7,1,9,1,0,1,0,0,0,1,1,5.2528E+20,5.45838E+21,9.34757E+15,4.92776E+16
49735,8.1707E+18,8,1,25,30,2017,7,23,7,3,9,1,0,0,0,1,0,2,1,5.15398E+20,5.43919E+21,9.21096E+15,4.91054E+16
49736,8.1707E+18,8,1,25,107,2017,7,3,7,2,4,1,0,1,0,0,1,2,0,5.36323E+20,5.4417E+21,9.49787E+15,4.91271E+16
49737,8.1707E+18,8,1,25,86,2017,7,7,7,3,4,1,0,1,0,0,0,0,1,5.02601E+20,5.4427E+21,9.03565E+15,4.91371E+16
49738,8.1707E+18,8,1,19,89,2017,7,12,7,3,9,1,0,1,0,0,0,0,0,5.33845E+20,5.4086E+21,9.46115E+15,4.88295E+16
49739,8.1707E+18,8,1,27,9,2017,7,4,7,2,9,1,0,1,0,0,0,2,1,5.57766E+20,5.44838E+21,9.79272E+15,4.91855E+16
49740,8.1707E+18,8,1,19,85,2017,7,13,7,2,8,1,0,1,0,0,0,0,0,5.30765E+20,5.41657E+21,9.41979E+15,4.89013E+16
49741,8.17071E+18,8,2,31,0,2017,7,18,4,3,5,2,0,1,0,1,0,0,0,4.75784E+20,5.41501E+21,8.66966E+15,4.88875E+16
49742,8.1707E+18,8,3,17,96,2017,7,18,3,3,2,6,0,1,0,1,0,0,0,4.22124E+20,5.36952E+21,7.94632E+15,4.8474E+16
49743,8.17071E+18,8,2,36,76,2017,7,16,4,2,5,3,0,1,0,0,0,0,0,4.71606E+20,5.42327E+21,8.6121E+15,4.89617E+16
49744,8.17071E+18,8,3,37,123,2017,7,17,4,2,5,3,0,1,0,1,0,0,0,4.53039E+20,5.27927E+21,8.37449E+15,4.76651E+16
49745,8.1707E+18,8,3,17,89,2017,7,12,3,3,5,3,1,1,0,0,0,0,0,4.31682E+20,5.37583E+21,8.07459E+15,4.85318E+16
49746,8.1707E+18,8,3,16,42,2017,7,19,3,3,4,2,0,1,0,0,0,0,0,4.31682E+20,5.32637E+21,8.08261E+15,4.8087E+16
49747,8.1707E+18,8,3,15,113,2017,7,10,3,3,3,6,0,1,0,0,0,0,0,4.43717E+20,5.30573E+21,8.24691E+15,4.79024E+16
49748,8.1707E+18,8,3,11,0,2017,7,16,3,3,3,6,1,0,0,1,0,0,0,4.14073E+20,5.31589E+21,7.8483E+15,4.79905E+16