OBJECTID,UIDENTSTLA,ULAND,UREGBEZ,UKREIS,UGEMEINDE,UJAHR,UMONAT,USTUNDE,UWOCHENTAG,UKATEGORIE,UART,UTYP1,IstRad,IstPKW,IstFuss,IstKrad,IstSonstig,LICHT,STRZUSTAND,LINREFX,LINREFY,XGCSWGS84,YGCSWGS84
49749,8.1707E+18,8,3,15,102,2017,7,12,3,2,8,1,1,0,0,0,0,0,0,4.39189E+20,5.29581E+21,8.18772E+15,4.78128E+16
49750,8.1707E+18,8,2,26,105,2017,7,17,3,3,2,6,0,1,0,0,0,0,0,4.69849E+20,5.47698E+21,8.58406E+15,4.94447E+16
49751,8.1707E+18,8,1,18,76,2017,7,7,7,3,5,3,1,1,0,0,0,0,1,5.04555E+20,5.42302E+21,9.06223E+15,4.89601E+16
49752,8.1707E+18,8,1,18,77,2017,7,20,7,3,5,3,0,1,0,0,0,0,1,5.12857E+20,5.42295E+21,9.17564E+15,4.89593E+16
49753,8.1707E+18,8,1,18,77,2017,7,16,7,3,5,3,0,1,0,0,0,0,0,5.12855E+20,5.42295E+21,9.17561E+15,4.89593E+16
49754,8.1707E+18,8,1,17,26,2017,7,3,7,2,9,1,0,1,0,0,0,2,0,5.4674E+20,5.39431E+21,9.63522E+15,4.87001E+16
49755,8.1707E+18,8,1,35,32,2017,7,7,7,2,8,1,0,1,0,0,0,0,0,5.76198E+20,5.38802E+21,1.00344E+16,4.86406E+16
49756,8.1707E+18,8,1,16,42,2017,7,10,7,3,2,6,0,1,0,0,0,0,0,5.18202E+20,5.38283E+21,9.24687E+15,4.85983E+16
49757,8.17063E+18,8,4,37,78,2017,6,15,6,3,2,2,1,1,0,0,0,0,0,5.11663E+20,5.31744E+21,9.15638E+15,4.80102E+16
49758,8.17063E+18,8,4,37,5,2017,6,18,6,3,3,6,0,0,0,1,1,0,0,4.96586E+20,5.32109E+21,8.9542E+15,4.80431E+16
49759,8.17063E+18,8,4,36,6,2017,6,16,6,2,4,2,0,1,0,0,0,0,0,5.56896E+20,5.28278E+21,9.75829E+15,4.76959E+16
49760,8.17063E+18,8,4,36,64,2017,6,13,6,3,1,6,0,1,0,0,0,0,0,5.46431E+20,5.29384E+21,9.62E+15,4.77963E+16
49761,8.17063E+18,8,4,36,4,2017,6,19,6,3,2,6,1,1,0,0,0,0,0,5.82055E+20,5.30902E+21,1.00985E+16,4.79292E+16
49762,8.17063E+18,8,4,35,67,2017,6,17,6,2,4,6,0,1,0,0,0,0,0,5.30565E+20,5.29468E+21,9.40821E+15,4.78048E+16
49763,8.17063E+18,8,4,35,16,2017,6,20,6,2,5,3,0,1,0,1,0,1,0,5.32371E+20,5.27909E+21,9.43117E+15,4.76644E+16
49764,8.17063E+18,8,4,37,105,2017,6,14,6,3,5,3,0,1,0,0,0,0,0,5.17682E+20,5.32136E+21,9.23725E+15,4.80453E+16
49765,8.17063E+18,8,4,26,108,2017,6,1,6,3,2,6,0,1,0,0,0,2,0,5.72411E+20,5.3372E+21,9.97418E+15,4.81839E+16
49766,8.17063E+18,8,4,26,44,2017,6,20,6,3,8,1,0,0,0,1,0,1,0,5.78424E+20,5.32741E+21,1.00533E+16,4.80952E+16
49767,8.17063E+18,8,4,26,21,2017,6,20,6,3,5,3,0,1,0,0,0,0,0,5.5708E+20,5.32402E+21,9.76619E+15,4.80669E+16
49768,8.17063E+18,8,4,25,137,2017,6,22,6,3,9,1,0,0,0,1,0,2,0,5.73293E+20,5.35573E+21,9.98927E+15,4.83505E+16
49769,8.17063E+18,8,4,17,25,2017,6,15,6,3,2,6,0,1,0,1,0,0,0,4.86012E+20,5.35713E+21,8.81114E+15,4.83672E+16
49770,8.17063E+18,8,4,15,19,2017,6,14,6,3,2,2,0,1,0,1,0,0,0,5.19674E+20,5.37269E+21,9.26636E+15,4.8507E+16
49771,8.17063E+18,8,3,37,60,2017,6,14,6,3,5,3,1,1,0,0,0,0,0,4.67859E+20,5.27766E+21,8.572E+15,4.76515E+16
49772,8.17063E+18,8,3,36,6,2017,6,11,6,3,5,2,0,1,0,0,0,0,0,3.91903E+20,5.28882E+21,7.55801E+15,4.77437E+16
49773,8.17063E+18,8,3,36,84,2017,6,19,6,3,4,6,0,1,0,0,0,0,0,4.05462E+20,5.27611E+21,7.74159E+15,4.76315E+16
49774,8.17063E+18,8,3,36,50,2017,6,16,6,3,5,3,0,1,0,0,0,0,0,4.0221E+20,5.27343E+21,7.6989E+15,4.76069E+16
49775,8.17071E+18,8,2,21,0,2017,7,16,4,3,2,6,0,1,0,0,0,0,0,4.80985E+20,5.47383E+21,8.73783E+15,4.94169E+16
49776,8.17071E+18,8,3,17,26,2017,7,20,4,3,5,3,1,1,0,0,0,0,0,4.12535E+20,5.34485E+21,7.82175E+15,4.82508E+16
49777,8.1707E+18,8,2,12,0,2017,7,16,3,3,5,3,0,1,0,1,0,0,0,4.61759E+20,5.42734E+21,8.4772E+15,4.89978E+16
49778,8.1707E+18,8,2,15,101,2017,7,15,3,2,2,6,0,1,0,0,1,0,0,4.65901E+20,5.42909E+21,8.53367E+15,4.90137E+16
49779,8.1707E+18,8,2,35,79,2017,7,8,3,3,0,7,1,0,0,0,0,0,0,4.68724E+20,5.40259E+21,8.57431E+15,4.87755E+16
49780,8.1707E+18,8,2,36,70,2017,7,17,3,3,1,6,0,1,0,0,0,0,0,4.69067E+20,5.41652E+21,8.57792E+15,4.89008E+16
49781,8.1707E+18,8,2,26,40,2017,7,11,3,3,5,2,0,1,0,1,0,0,0,4.74372E+20,5.49474E+21,8.6453E+15,4.96047E+16
49782,8.1707E+18,8,2,25,14,2017,7,16,3,3,8,1,0,1,0,0,0,0,0,5.22991E+20,5.48127E+21,9.31742E+15,4.94836E+16
49783,8.17063E+18,8,3,35,57,2017,6,7,6,3,5,2,1,1,0,0,0,0,0,5.02891E+20,5.30468E+21,9.03868E+15,4.78955E+16
49784,8.17063E+18,8,3,35,43,2017,6,9,6,3,0,3,1,0,0,0,1,0,0,5.13787E+20,5.28005E+21,9.18367E+15,4.76737E+16
49785,8.17063E+18,8,3,35,43,2017,6,15,6,3,0,2,1,0,0,0,1,0,0,5.15157E+20,5.28085E+21,9.20194E+15,4.76809E+16
49786,8.17063E+18,8,3,27,38,2017,6,20,6,3,8,1,0,1,0,0,0,0,0,4.9707E+20,5.31122E+21,8.96076E+15,4.79543E+16
49787,8.17063E+18,8,3,26,41,2017,6,7,6,3,2,2,0,1,0,0,1,0,0,4.6486E+20,5.33106E+21,8.52773E+15,4.81319E+16
49788,8.17063E+18,8,3,26,74,2017,6,9,6,3,8,1,0,0,0,1,0,0,0,4.59277E+20,5.32584E+21,8.45319E+15,4.80845E+16
49789,8.17063E+18,8,3,26,3,2017,6,15,6,3,4,6,0,1,0,0,0,0,0,4.64815E+20,5.32014E+21,8.52801E+15,4.80336E+16
49790,8.17063E+18,8,3,17,39,2017,6,8,6,3,2,6,0,1,0,0,1,0,0,4.39907E+20,5.34845E+21,8.18992E+15,4.82864E+16
49791,8.17063E+18,8,3,15,6,2017,6,15,6,3,5,3,1,0,0,0,1,0,0,4.01937E+20,5.31051E+21,7.68691E+15,4.79404E+16
49792,8.17063E+18,8,3,36,91,2017,6,14,6,3,5,3,1,1,0,0,0,0,0,3.94417E+20,5.27313E+21,7.59532E+15,4.7603E+16
49793,8.17063E+18,8,2,31,0,2017,6,12,6,3,2,6,0,1,0,0,0,0,0,4.84548E+20,5.4135E+21,8.78927E+15,4.88743E+16
49794,8.1707E+18,8,2,25,14,2017,7,13,3,3,2,6,0,1,0,1,0,0,0,5.2403E+20,5.48558E+21,9.33203E+15,4.95224E+16
49795,8.17063E+18,8,2,12,0,2017,6,13,6,3,2,6,0,1,0,0,0,0,0,4.52757E+20,5.42889E+21,8.35394E+15,4.90111E+16
49796,8.1707E+18,8,2,21,0,2017,7,15,3,3,2,6,0,1,0,0,1,0,0,4.76236E+20,5.47296E+21,8.67241E+15,4.94089E+16
49797,8.17063E+18,8,2,35,22,2017,6,17,6,3,2,6,1,1,0,0,0,0,0,4.71087E+20,5.37798E+21,8.60819E+15,4.85542E+16
49798,8.17063E+18,8,2,35,60,2017,6,13,6,3,0,7,0,0,0,1,0,0,0,4.77704E+20,5.37874E+21,8.69782E+15,4.85613E+16
49799,8.17063E+18,8,2,35,80,2017,6,16,6,1,4,6,0,1,0,1,0,0,0,4.82635E+20,5.38756E+21,8.76427E+15,4.86409E+16
49800,8.17063E+18,8,2,36,4,2017,6,8,6,3,0,7,0,0,0,1,0,0,0,4.72562E+20,5.41311E+21,8.62584E+15,4.88703E+16
49801,8.17063E+18,8,2,22,0,2017,6,14,6,3,5,3,1,1,0,0,0,0,0,4.60599E+20,5.48154E+21,8.45601E+15,4.94852E+16
49802,8.17063E+18,8,2,21,0,2017,6,7,6,3,5,2,1,1,0,0,0,0,0,4.77498E+20,5.47147E+21,8.68989E+15,4.93955E+16
49803,8.17063E+18,8,2,21,0,2017,6,7,6,3,5,2,0,1,0,0,0,0,0,4.77426E+20,5.4675E+21,8.68912E+15,4.93598E+16
49804,8.17063E+18,8,2,21,0,2017,6,19,6,3,2,6,1,0,0,0,0,0,0,4.83894E+20,5.47312E+21,8.77797E+15,4.94105E+16
49805,8.17063E+18,8,2,16,15,2017,6,13,6,3,2,6,0,1,0,0,0,0,0,4.50036E+20,5.40542E+21,8.31962E+15,4.87997E+16
49806,8.17063E+18,8,2,15,103,2017,6,7,6,3,1,6,0,1,0,0,0,0,0,4.66537E+20,5.4442E+21,8.54111E+15,4.91497E+16
49807,8.17063E+18,8,2,15,9,2017,6,6,6,3,5,3,0,1,0,1,0,0,0,4.67313E+20,5.43692E+21,8.55236E+15,4.90842E+16
49808,8.17063E+18,8,2,15,9,2017,6,17,6,3,2,6,0,1,0,0,0,0,0,4.70014E+20,5.44165E+21,8.58898E+15,4.9127E+16
49809,8.17063E+18,8,2,15,7,2017,6,18,6,3,2,6,0,1,0,1,0,0,0,4.75841E+20,5.43169E+21,8.66945E+15,4.90376E+16
49810,8.1707E+18,8,2,21,0,2017,7,17,3,3,1,6,0,1,0,0,0,0,0,4.7659E+20,5.47244E+21,8.67732E+15,4.94042E+16
49811,8.1707E+18,8,2,26,95,2017,7,12,3,3,2,6,0,1,0,1,0,0,0,4.73098E+20,5.46095E+21,8.62996E+15,4.93007E+16
49812,8.1707E+18,8,2,21,0,2017,7,14,3,3,6,4,0,1,1,0,0,0,0,4.77311E+20,5.46959E+21,8.68742E+15,4.93785E+16
49813,8.1707E+18,8,2,15,103,2017,7,10,3,3,5,3,0,1,0,0,1,0,0,4.6468E+20,5.4414E+21,8.51589E+15,4.91245E+16
49814,8.1707E+18,8,2,15,64,2017,7,19,3,3,5,2,0,1,0,1,0,0,0,4.78985E+20,5.45183E+21,8.71142E+15,4.92189E+16
49815,8.17063E+18,8,2,15,97,2017,6,15,6,3,2,2,0,1,0,0,0,0,0,4.7834E+20,5.44166E+21,8.70311E+15,4.91274E+16
49816,8.17063E+18,8,2,15,109,2017,6,17,6,3,2,6,0,1,0,0,0,0,0,4.63416E+20,5.43914E+21,8.49878E+15,4.9104E+16
49817,8.17063E+18,8,2,15,90,2017,6,17,6,3,2,6,0,1,0,0,0,0,0,4.6578E+20,5.43327E+21,8.53167E+15,4.90513E+16
49818,8.17063E+18,8,2,15,103,2017,6,8,6,3,2,6,0,1,0,0,1,0,0,4.64764E+20,5.44435E+21,8.5168E+15,4.91509E+16
49819,8.17063E+18,8,2,11,0,2017,6,18,6,3,2,6,0,1,0,0,0,0,0,4.4681E+20,5.40263E+21,8.27606E+15,4.87744E+16
49820,8.1707E+18,8,2,12,0,2017,7,16,3,3,2,6,0,1,0,0,1,0,0,4.60021E+20,5.43239E+21,8.45293E+15,4.90431E+16
49821,8.1707E+18,8,2,16,13,2017,7,18,3,2,8,1,0,0,0,1,0,0,0,4.50943E+20,5.38887E+21,8.33393E+15,4.8651E+16
49822,8.1707E+18,8,1,36,65,2017,7,7,3,3,0,1,1,0,0,0,0,0,0,5.5922E+20,5.40461E+21,9.8063E+15,4.87917E+16
49823,8.1707E+18,8,1,36,10,2017,7,0,3,3,6,4,0,1,1,0,0,2,0,5.99303E+20,5.4127E+21,1.03539E+16,4.88593E+16
49824,8.1707E+18,8,1,36,88,2017,7,15,3,3,2,2,0,1,0,1,0,0,0,5.76811E+20,5.41637E+21,1.0048E+16,4.88955E+16
49825,8.17063E+18,8,1,26,66,2017,6,18,6,3,2,6,0,1,0,0,0,0,0,5.36492E+20,5.45102E+21,9.50103E+15,4.92109E+16
49826,8.17063E+18,8,1,25,65,2017,6,14,6,3,2,1,0,1,0,0,0,0,0,5.1597E+20,5.44789E+21,9.21915E+15,4.91836E+16
49827,8.17063E+18,8,1,25,102,2017,6,16,6,3,2,6,0,1,0,0,0,0,0,5.25296E+20,5.44534E+21,9.34696E+15,4.91604E+16
49828,8.17063E+18,8,1,15,29,2017,6,6,6,3,2,6,0,1,0,0,0,0,0,5.02542E+20,5.39932E+21,9.03458E+15,4.87469E+16
49829,8.17063E+18,8,1,18,70,2017,6,12,6,3,3,6,0,1,0,0,0,0,0,5.16812E+20,5.42549E+21,9.22978E+15,4.89821E+16
49830,8.17063E+18,8,4,16,36,2017,6,13,6,3,2,6,0,1,0,0,0,0,0,4.90444E+20,5.37365E+21,8.8706E+15,4.85159E+16
49831,8.17063E+18,8,1,36,65,2017,6,6,6,3,8,1,0,1,0,0,0,0,0,5.53519E+20,5.4025E+21,9.72841E+15,4.87732E+16
49832,8.17063E+18,8,1,36,19,2017,6,11,6,3,4,2,0,1,0,1,0,0,0,5.89068E+20,5.4218E+21,1.02163E+16,4.89427E+16
49833,8.17063E+18,8,4,25,85,2017,6,15,6,3,2,6,0,1,0,0,0,0,0,5.80981E+20,5.37707E+21,1.00971E+16,4.85415E+16
49834,8.17063E+18,8,1,27,14,2017,6,11,6,3,6,2,0,1,1,0,0,0,0,5.78251E+20,5.44328E+21,1.00728E+16,4.91373E+16
49835,8.17063E+18,8,1,27,100,2017,6,11,6,3,5,3,0,1,0,0,0,0,0,5.52756E+20,5.43683E+21,9.72247E+15,4.9082E+16
49836,8.17063E+18,8,1,27,86,2017,6,20,6,3,8,1,0,1,0,0,0,0,0,5.51647E+20,5.44935E+21,9.70889E+15,4.91948E+16
49837,8.17063E+18,8,1,19,20,2017,6,22,6,3,3,7,0,1,0,0,0,2,0,5.19412E+20,5.41182E+21,9.26466E+15,4.88591E+16
49838,8.17063E+18,8,1,18,49,2017,6,18,6,3,2,2,0,1,0,0,0,0,0,5.19223E+20,5.42107E+21,9.26251E+15,4.89423E+16
49839,8.17063E+18,8,1,18,70,2017,6,18,6,3,5,3,0,1,0,1,0,0,0,5.19749E+20,5.42379E+21,9.26983E+15,4.89667E+16
49840,8.1707E+18,8,1,36,88,2017,7,10,3,3,4,6,0,1,0,0,1,0,0,5.80128E+20,5.41484E+21,1.00929E+16,4.88814E+16
49841,8.1707E+18,8,1,36,42,2017,7,21,3,2,8,1,0,0,0,1,0,1,0,5.5246E+20,5.40596E+21,9.71444E+15,4.88044E+16
49842,8.1707E+18,8,1,36,19,2017,7,8,3,2,5,3,1,0,0,0,1,0,0,5.87225E+20,5.42288E+21,1.01914E+16,4.89527E+16
49843,8.1707E+18,8,1,27,14,2017,7,17,3,3,0,1,1,0,0,0,0,0,0,5.77957E+20,5.43931E+21,1.0068E+16,4.91017E+16
49844,8.17071E+18,8,2,26,59,2017,7,13,4,2,0,3,1,0,0,0,0,0,0,4.64565E+20,5.46168E+21,8.51253E+15,4.93068E+16
49845,8.17071E+18,8,4,36,82,2017,7,19,4,3,5,3,1,1,0,0,0,0,0,5.47532E+20,5.2953E+21,9.63486E+15,4.78093E+16
49846,8.1707E+18,8,1,27,76,2017,7,23,3,3,0,1,1,0,0,0,0,2,0,5.53761E+20,5.44093E+21,9.73677E+15,4.91188E+16
49847,8.1707E+18,8,1,26,69,2017,7,12,3,3,6,4,0,1,1,0,0,0,0,5.36727E+20,5.44727E+21,9.50392E+15,4.91771E+16
49848,8.1707E+18,8,1,25,8,2017,7,17,3,3,2,6,0,1,0,1,0,0,1,5.22596E+20,5.43264E+21,9.30922E+15,4.90462E+16
49849,8.1707E+18,8,1,19,42,2017,7,17,3,3,5,3,0,1,0,0,0,0,0,5.28217E+20,5.41474E+21,9.3849E+15,4.8885E+16
49850,8.1707E+18,8,1,19,53,2017,7,13,3,3,2,6,0,1,0,0,0,0,0,5.33456E+20,5.42546E+21,9.45723E+15,4.89811E+16
49851,8.17063E+18,8,1,18,48,2017,6,7,6,3,0,1,0,0,0,1,0,0,0,5.13701E+20,5.41665E+21,9.18696E+15,4.89026E+16
49852,8.17063E+18,8,1,18,46,2017,6,15,6,3,2,2,0,1,0,0,0,0,0,5.13635E+20,5.41363E+21,9.18595E+15,4.88755E+16
49853,8.17071E+18,8,1,18,63,2017,7,6,4,2,0,7,0,0,0,0,1,0,0,5.14779E+20,5.42181E+21,9.20185E+15,4.89491E+16
49854,8.17063E+18,8,1,18,10,2017,6,15,6,3,2,7,0,1,0,0,0,0,0,5.07041E+20,5.432E+21,9.09634E+15,4.90408E+16
49855,8.17063E+18,8,1,17,26,2017,6,7,6,3,2,6,0,1,0,0,1,0,0,5.46788E+20,5.39523E+21,9.63598E+15,4.87084E+16
49856,8.17063E+18,8,1,17,14,2017,6,18,6,3,0,3,0,1,0,0,0,0,1,5.54758E+20,5.38426E+21,9.74285E+15,4.8609E+16
49857,8.17063E+18,8,4,25,31,2017,6,20,6,2,5,3,0,1,0,0,0,0,0,5.62283E+20,5.37427E+21,9.84343E+15,4.85184E+16
49858,8.17063E+18,8,1,16,14,2017,6,15,6,3,5,3,1,1,0,0,0,0,0,5.26581E+20,5.39575E+21,9.36135E+15,4.87142E+16
49859,8.17063E+18,8,1,16,78,2017,6,15,6,2,3,6,1,1,0,0,0,0,0,5.12353E+20,5.39142E+21,9.1678E+15,4.86757E+16
49860,8.17063E+18,8,1,15,21,2017,6,18,6,3,4,2,0,1,0,0,0,0,0,4.90796E+20,5.37961E+21,8.87524E+15,4.85696E+16
49861,8.17063E+18,8,1,15,21,2017,6,16,6,3,2,6,0,1,0,0,0,0,0,4.89834E+20,5.38017E+21,8.86218E+15,4.85745E+16
49862,8.17063E+18,8,1,11,0,2017,6,17,6,3,3,6,0,1,0,0,0,0,0,5.11165E+20,5.40909E+21,9.15215E+15,4.88347E+16
49863,8.17063E+18,8,1,11,0,2017,6,16,6,3,2,6,0,1,0,0,0,0,0,5.16426E+20,5.40394E+21,9.22363E+15,4.87883E+16
49864,8.17063E+18,8,1,11,0,2017,6,15,6,3,4,6,0,1,0,0,0,0,0,5.13327E+20,5.40082E+21,9.18133E+15,4.87603E+16
49865,8.17063E+18,8,1,11,0,2017,6,20,6,2,8,1,0,0,0,1,0,0,0,5.17024E+20,5.4035E+21,9.23175E+15,4.87843E+16
49866,8.17063E+18,8,1,11,0,2017,6,7,6,3,2,6,0,1,0,0,1,0,0,5.1127E+20,5.40021E+21,9.15334E+15,4.87548E+16
49867,8.17063E+18,8,4,36,1,2017,6,16,5,2,2,6,0,1,0,0,0,0,1,5.55624E+20,5.2752E+21,9.74037E+15,4.76278E+16
49868,8.17063E+18,8,4,36,9,2017,6,15,5,3,4,2,0,1,0,1,0,0,0,5.5655E+20,5.30702E+21,9.75683E+15,4.7914E+16
49869,8.17063E+18,8,4,36,81,2017,6,22,5,2,0,7,1,0,0,0,0,2,1,5.6298E+20,5.28177E+21,9.83921E+15,4.76863E+16
49870,8.17063E+18,8,4,35,34,2017,6,9,5,3,2,6,0,1,0,0,1,0,0,5.29731E+20,5.28515E+21,9.39642E+15,4.7719E+16
49871,8.17063E+18,8,4,26,14,2017,6,7,5,3,5,3,0,1,0,0,0,0,1,5.49697E+20,5.31584E+21,9.66614E+15,4.7994E+16
49872,8.17063E+18,8,4,25,104,2017,6,13,5,2,8,1,0,0,0,1,0,0,0,5.51026E+20,5.3424E+21,9.68714E+15,4.82328E+16
49873,8.17063E+18,8,4,21,0,2017,6,8,5,2,9,6,0,1,0,0,0,0,1,5.72985E+20,5.3628E+21,9.98633E+15,4.84141E+16
49874,8.17063E+18,8,4,15,61,2017,6,18,5,3,3,2,0,1,0,1,0,0,0,5.14931E+20,5.37559E+21,9.20225E+15,4.85332E+16
49875,8.17063E+18,8,3,35,75,2017,6,14,5,3,5,3,0,1,0,0,0,0,1,4.91113E+20,5.28975E+21,8.88141E+15,4.77611E+16
49876,8.17063E+18,8,4,35,57,2017,6,16,5,2,4,7,0,1,0,0,1,0,1,5.48241E+20,5.28132E+21,9.64278E+15,4.76835E+16
49877,8.1707E+18,8,1,18,21,2017,7,18,3,2,2,6,0,1,0,1,0,0,0,5.20944E+20,5.42643E+21,9.2863E+15,4.89904E+16
49878,8.1707E+18,8,1,18,49,2017,7,17,3,3,2,6,0,1,0,1,0,0,0,5.21081E+20,5.42184E+21,9.28793E+15,4.89491E+16
49879,8.1707E+18,8,1,18,19,2017,7,17,3,3,2,6,0,1,0,0,0,0,0,5.04942E+20,5.40602E+21,9.06731E+15,4.88072E+16
49880,8.1707E+18,8,1,18,79,2017,7,18,3,3,2,6,0,1,0,0,0,0,0,5.09864E+20,5.42234E+21,9.13473E+15,4.89539E+16
49881,8.1707E+18,8,1,18,79,2017,7,13,3,3,2,6,0,1,0,0,0,0,0,5.09963E+20,5.42204E+21,9.13608E+15,4.89512E+16
49882,8.17063E+18,8,4,35,29,2017,6,15,5,2,0,1,1,0,0,0,0,0,0,5.45268E+20,5.27262E+21,9.60227E+15,4.76054E+16
49883,8.17063E+18,8,3,27,50,2017,6,4,5,3,0,1,0,0,0,0,1,2,1,4.89897E+20,5.31083E+21,8.86469E+15,4.79507E+16
49884,8.1707E+18,8,1,17,26,2017,7,14,3,3,3,2,1,1,0,0,0,0,0,5.47622E+20,5.39581E+21,9.64739E+15,4.87135E+16
49885,8.17063E+18,8,3,27,56,2017,6,18,5,3,2,6,0,1,0,0,0,0,1,4.83326E+20,5.32097E+21,8.7763E+15,4.80418E+16
49886,8.17063E+18,8,3,25,24,2017,6,16,5,3,8,6,0,1,0,0,0,0,0,4.56421E+20,5.33812E+21,8.41358E+15,4.81948E+16
49887,8.17063E+18,8,3,25,24,2017,6,7,5,3,8,1,0,1,0,0,0,0,1,4.54654E+20,5.3376E+21,8.38986E+15,4.81901E+16
49888,8.17063E+18,8,3,17,150,2017,6,13,5,3,8,1,0,1,0,0,0,0,0,4.07868E+20,5.35484E+21,7.75671E+15,4.834E+16
49889,8.17071E+18,8,2,15,39,2017,7,16,4,3,1,6,0,1,0,0,0,0,0,4.72494E+20,5.45197E+21,8.62228E+15,4.92199E+16
49890,8.17063E+18,8,3,17,57,2017,6,13,5,3,5,3,1,1,0,0,0,0,0,4.12149E+20,5.38104E+21,7.80896E+15,4.85763E+16
49891,8.17063E+18,8,3,17,1,2017,6,9,5,3,9,3,0,1,0,0,0,0,1,4.28571E+20,5.38821E+21,8.03034E+15,4.86429E+16
49892,8.17063E+18,8,3,17,116,2017,6,19,5,3,5,3,0,1,0,1,0,0,0,4.3393E+20,5.38756E+21,8.10318E+15,4.86376E+16
49893,8.17063E+18,8,3,36,91,2017,6,13,5,3,1,5,0,1,0,0,1,0,0,3.94595E+20,5.27174E+21,7.59802E+15,4.75905E+16
49894,8.17063E+18,8,2,31,0,2017,6,10,5,3,3,6,0,1,0,0,0,0,0,4.82619E+20,5.41816E+21,8.76277E+15,4.89161E+16
49895,8.17063E+18,8,2,36,71,2017,6,11,5,3,2,6,0,1,0,0,1,0,0,4.71396E+20,5.41862E+21,8.60956E+15,4.89199E+16
49896,8.17063E+18,8,2,22,0,2017,6,7,5,3,1,6,0,0,0,0,1,0,0,4.68477E+20,5.47776E+21,8.56507E+15,4.94517E+16
49897,8.17063E+18,8,2,15,7,2017,6,0,5,2,1,6,0,1,0,0,1,2,0,4.77283E+20,5.4318E+21,8.68917E+15,4.90387E+16
49898,8.17063E+18,8,2,15,7,2017,6,20,5,2,2,2,0,1,0,1,0,0,0,4.7401E+20,5.43022E+21,8.6445E+15,4.90243E+16
49899,8.17063E+18,8,2,12,0,2017,6,8,5,3,2,6,0,1,0,0,0,0,0,4.58779E+20,5.42603E+21,8.43659E+15,4.89858E+16
49900,8.17063E+18,8,2,12,0,2017,6,16,5,3,2,6,0,1,0,0,1,0,0,4.5684E+20,5.42335E+21,8.41037E+15,4.89616E+16
49901,8.17063E+18,8,2,36,67,2017,6,1,5,2,2,6,0,1,0,0,0,2,1,4.85454E+20,5.41092E+21,8.80172E+15,4.88511E+16
49902,8.17063E+18,8,2,36,75,2017,6,6,5,3,2,6,0,1,0,0,0,0,0,4.79782E+20,5.42166E+21,8.72387E+15,4.89475E+16
49903,8.17063E+18,8,2,26,13,2017,6,7,5,3,5,3,0,1,0,0,1,0,1,4.99548E+20,5.48009E+21,8.99376E+15,4.94734E+16
49904,8.17063E+18,8,2,21,0,2017,6,18,5,3,4,6,0,1,0,0,0,0,0,4.75599E+20,5.46855E+21,8.6639E+15,4.93692E+16
49905,8.17063E+18,8,2,16,5,2017,6,23,5,3,5,3,0,1,0,0,0,2,1,4.46377E+20,5.41491E+21,8.26855E+15,4.88848E+16
49906,8.17063E+18,8,2,16,43,2017,6,12,5,3,5,3,1,1,0,0,0,0,0,4.42043E+20,5.41108E+21,8.20998E+15,4.885E+16
49907,8.17063E+18,8,2,15,7,2017,6,10,5,3,1,2,0,1,0,0,0,0,0,4.78505E+20,5.43118E+21,8.70592E+15,4.90332E+16
49908,8.17063E+18,8,2,15,64,2017,6,18,5,3,0,3,0,1,0,1,0,0,1,4.78422E+20,5.45164E+21,8.7037E+15,4.92171E+16
49909,8.17063E+18,8,2,15,90,2017,6,19,5,3,1,7,0,1,0,0,0,0,0,4.65788E+20,5.43324E+21,8.53177E+15,4.9051E+16
49910,8.17063E+18,8,2,12,0,2017,6,17,5,3,6,4,0,0,1,1,0,0,0,4.63734E+20,5.42393E+21,8.5045E+15,4.89672E+16
49911,8.17063E+18,8,2,12,0,2017,6,18,5,3,2,6,0,1,0,0,0,0,1,4.55817E+20,5.42642E+21,8.39607E+15,4.89891E+16
49912,8.17063E+18,8,1,18,80,2017,6,9,5,3,2,6,0,1,0,0,0,0,1,5.08851E+20,5.41089E+21,9.12065E+15,4.8851E+16
49913,8.17063E+18,8,1,11,0,2017,6,17,5,3,2,6,0,1,0,0,1,0,0,5.14181E+20,5.39363E+21,9.1927E+15,4.86955E+16
49914,8.1707E+18,8,1,17,10,2017,7,17,3,3,2,2,0,1,0,0,0,0,0,5.67682E+20,5.39161E+21,9.91936E+15,4.86739E+16
49915,8.1707E+18,8,1,17,24,2017,7,7,3,3,0,7,0,0,0,1,1,0,1,5.61598E+20,5.38589E+21,9.83587E+15,4.86231E+16
49916,8.1707E+18,8,1,16,20,2017,7,17,3,3,6,4,0,1,1,0,0,0,0,5.27341E+20,5.3808E+21,9.3707E+15,4.85796E+16
49917,8.17063E+18,8,1,36,40,2017,6,21,5,3,2,2,0,1,0,1,0,0,0,5.64391E+20,5.41107E+21,9.87771E+15,4.88493E+16
49918,8.17063E+18,8,1,36,65,2017,6,18,5,3,5,2,0,1,0,0,0,0,0,5.5694E+20,5.40736E+21,9.77564E+15,4.88166E+16
49919,8.1707E+18,8,1,16,46,2017,7,16,3,3,5,3,1,1,0,0,0,0,0,5.27674E+20,5.37891E+21,9.37509E+15,4.85627E+16
49920,8.17063E+18,8,1,36,19,2017,6,10,5,3,9,1,0,1,0,0,0,0,1,5.93961E+20,5.4234E+21,1.02835E+16,4.89563E+16
49921,8.17063E+18,8,1,36,65,2017,6,17,5,1,4,1,0,1,0,1,0,0,0,5.64164E+20,5.40423E+21,9.87354E+15,4.87878E+16
49922,8.1707E+18,8,1,16,79,2017,7,19,3,3,5,3,0,1,0,1,0,0,0,5.348E+20,5.3775E+21,9.47155E+15,4.85496E+16