OBJECTID,UIDENTSTLA,ULAND,UREGBEZ,UKREIS,UGEMEINDE,UJAHR,UMONAT,USTUNDE,UWOCHENTAG,UKATEGORIE,UART,UTYP1,IstRad,IstPKW,IstFuss,IstKrad,IstSonstig,LICHT,STRZUSTAND,LINREFX,LINREFY,XGCSWGS84,YGCSWGS84
50097,8.17071E+18,8,3,35,2,2017,7,9,3,3,2,6,0,1,0,0,0,0,0,5.07618E+20,5.2837E+21,9.10155E+15,4.77067E+16
50098,8.17071E+18,8,3,35,2,2017,7,9,3,3,2,6,0,1,0,0,0,0,0,5.07697E+20,5.28365E+21,9.1026E+15,4.77061E+16
50099,8.17071E+18,8,1,21,0,2017,7,17,6,3,2,6,0,1,0,0,0,0,1,5.16402E+20,5.44373E+21,9.22491E+15,4.91462E+16
50100,8.17071E+18,8,1,18,51,2017,7,7,5,3,2,6,0,1,0,0,1,0,0,5.1077E+20,5.41498E+21,9.14692E+15,4.88877E+16
50101,8.17071E+18,8,1,19,20,2017,7,9,6,3,0,1,1,0,0,0,0,0,0,5.18117E+20,5.40775E+21,9.24682E+15,4.88225E+16
50102,8.17071E+18,8,1,15,3,2017,7,19,5,3,2,6,0,1,0,0,1,0,0,4.97416E+20,5.39162E+21,8.9649E+15,4.86776E+16
50103,8.17071E+18,8,1,15,28,2017,7,19,5,3,3,6,0,1,0,0,1,0,0,5.01562E+20,5.4043E+21,9.02127E+15,4.87917E+16
50104,8.17071E+18,8,2,35,79,2017,7,15,6,3,1,2,0,0,0,1,0,0,0,4.68717E+20,5.40259E+21,8.57421E+15,4.87755E+16
50105,8.17071E+18,8,1,19,83,2017,7,18,6,3,5,2,1,1,0,0,0,0,0,5.35093E+20,5.41988E+21,9.47913E+15,4.89308E+16
50106,8.17071E+18,8,1,18,54,2017,7,11,6,3,5,3,0,1,0,0,0,0,0,5.18353E+20,5.42245E+21,9.25069E+15,4.89547E+16
50107,8.17071E+18,8,4,35,16,2017,7,9,3,3,9,7,1,0,0,0,0,0,0,5.3197E+20,5.27923E+21,9.42584E+15,4.76657E+16
50108,8.17071E+18,8,1,18,49,2017,7,17,6,2,3,6,1,0,0,0,1,0,0,5.22717E+20,5.41933E+21,9.31014E+15,4.89265E+16
50109,8.17071E+18,8,2,12,0,2017,7,16,6,3,2,6,0,1,0,0,0,0,0,4.54184E+20,5.42721E+21,8.37366E+15,4.89961E+16
50110,8.17071E+18,8,2,37,27,2017,7,15,6,3,8,1,0,1,0,0,0,0,0,4.83121E+20,5.37E+21,8.77159E+15,4.84829E+16
50111,8.17071E+18,8,1,17,51,2017,7,15,6,3,5,2,1,1,0,0,0,0,0,5.42624E+20,5.39516E+21,9.57937E+15,4.87081E+16
50112,8.17071E+18,8,1,17,24,2017,7,20,6,3,3,6,1,0,0,0,1,0,0,5.60682E+20,5.38622E+21,9.8235E+15,4.86261E+16
50113,8.17071E+18,8,4,25,8,2017,7,12,6,3,0,1,1,0,0,0,0,0,0,5.66579E+20,5.3814E+21,9.90274E+15,4.85822E+16
50114,8.17071E+18,8,1,17,58,2017,7,15,6,2,0,4,0,1,1,0,0,0,0,5.4648E+20,5.37923E+21,9.63E+15,4.85644E+16
50115,8.17071E+18,8,1,15,3,2017,7,17,5,3,2,6,0,1,0,0,0,0,0,5.02226E+20,5.39435E+21,9.03025E+15,4.87022E+16
50116,8.17071E+18,8,4,35,34,2017,7,14,3,2,0,1,1,0,0,0,0,0,0,5.28708E+20,5.2855E+21,9.3828E+15,4.77223E+16
50117,8.17071E+18,8,3,35,79,2017,7,14,3,1,0,7,0,0,0,1,0,0,0,5.01666E+20,5.30119E+21,9.02227E+15,4.7864E+16
50118,8.17071E+18,8,1,16,80,2017,7,12,6,3,7,7,0,1,0,0,0,0,0,5.19115E+20,5.3951E+21,9.25982E+15,4.87086E+16
50119,8.17071E+18,8,1,36,65,2017,7,17,5,3,0,7,0,0,1,0,1,0,0,5.63507E+20,5.40999E+21,9.8655E+15,4.88396E+16
50120,8.17071E+18,8,3,26,60,2017,7,19,3,3,8,1,0,0,0,1,0,0,0,4.4663E+20,5.33145E+21,8.28268E+15,4.81341E+16
50121,8.17071E+18,8,3,25,49,2017,7,8,3,3,2,6,0,1,0,0,0,0,0,4.70788E+20,5.33636E+21,8.60702E+15,4.81798E+16
50122,8.17071E+18,8,1,35,15,2017,7,14,5,3,3,6,0,1,0,0,0,0,0,5.77251E+20,5.38909E+21,1.00489E+16,4.86501E+16
50123,8.17071E+18,8,3,17,26,2017,7,14,3,3,5,3,1,1,0,0,0,0,0,4.11045E+20,5.3463E+21,7.80137E+15,4.82637E+16
50124,8.17071E+18,8,1,15,46,2017,7,16,6,3,8,6,0,1,0,0,1,0,0,5.06946E+20,5.39014E+21,9.09434E+15,4.86643E+16
50125,8.17071E+18,8,3,17,65,2017,7,13,3,3,5,3,1,1,0,0,0,0,0,4.14165E+20,5.35513E+21,7.84161E+15,4.83435E+16
50126,8.17071E+18,8,3,17,96,2017,7,16,3,3,3,7,0,1,0,0,1,0,0,4.20858E+20,5.37564E+21,7.92804E+15,4.85289E+16
50127,8.17071E+18,8,3,17,88,2017,7,19,3,2,5,3,0,1,0,1,0,0,0,4.36256E+20,5.35897E+21,8.13912E+15,4.83807E+16
50128,8.17071E+18,8,3,26,55,2017,7,23,3,3,4,6,0,1,0,0,0,2,0,4.37502E+20,5.33569E+21,8.15938E+15,4.81714E+16
50129,8.17071E+18,8,3,11,0,2017,7,10,3,3,0,1,1,0,0,0,0,0,0,4.16747E+20,5.31566E+21,7.88417E+15,4.79888E+16
50130,8.17071E+18,8,3,11,0,2017,7,23,3,3,0,1,1,0,0,0,0,2,0,4.12806E+20,5.31467E+21,7.83156E+15,4.79794E+16
50131,8.17071E+18,8,3,15,113,2017,7,17,3,2,6,4,0,1,1,0,0,0,0,4.40119E+20,5.30972E+21,8.19821E+15,4.7938E+16
50132,8.17071E+18,8,3,36,8,2017,7,16,3,3,3,1,0,1,0,0,0,0,1,3.96135E+20,5.27582E+21,7.61754E+15,4.76274E+16
50133,8.17071E+18,8,2,26,103,2017,7,6,3,3,2,6,0,1,0,0,1,0,0,4.72203E+20,5.45822E+21,8.61785E+15,4.92761E+16
50134,8.17071E+18,8,1,35,16,2017,7,18,5,3,5,3,0,1,0,0,0,0,0,5.93921E+20,5.38682E+21,1.02746E+16,4.86274E+16
50135,8.17071E+18,8,1,11,0,2017,7,19,6,3,3,6,0,1,0,1,0,0,0,5.12744E+20,5.40765E+21,9.17361E+15,4.88217E+16
50136,8.17071E+18,8,2,25,14,2017,7,7,5,2,5,3,0,1,0,1,0,0,0,5.23529E+20,5.48577E+21,9.32511E+15,4.95241E+16
50137,8.17071E+18,8,1,11,0,2017,7,22,6,2,6,4,0,0,1,0,1,2,0,5.16094E+20,5.39868E+21,9.2189E+15,4.87409E+16
50138,8.17071E+18,8,1,27,12,2017,7,13,5,3,4,6,0,1,0,0,0,0,0,5.65316E+20,5.4331E+21,9.89386E+15,4.90473E+16
50139,8.17071E+18,8,2,36,25,2017,7,5,3,3,3,1,0,1,0,0,1,1,1,4.89559E+20,5.40899E+21,8.85773E+15,4.88338E+16
50140,8.17071E+18,8,2,37,61,2017,7,13,3,3,5,3,0,1,0,0,0,0,0,4.66308E+20,5.36431E+21,8.54453E+15,4.84311E+16
50141,8.17071E+18,8,2,35,6,2017,7,6,3,3,9,1,0,1,0,0,0,0,1,4.70465E+20,5.38415E+21,8.59932E+15,4.86098E+16
50142,8.17071E+18,8,2,35,46,2017,7,10,3,3,2,6,0,1,0,0,0,0,0,4.79628E+20,5.37793E+21,8.72393E+15,4.85541E+16
50143,8.17071E+18,8,2,35,60,2017,7,8,3,2,4,6,0,1,0,0,1,0,0,4.76936E+20,5.37917E+21,8.68739E+15,4.85652E+16
50144,8.17071E+18,8,1,25,46,2017,7,16,5,3,2,6,0,1,0,0,0,0,0,5.20182E+20,5.43409E+21,9.27625E+15,4.90593E+16
50145,8.17071E+18,8,4,37,104,2017,7,14,5,3,8,6,0,1,0,0,0,0,0,5.12755E+20,5.32659E+21,9.1713E+15,4.80925E+16
50146,8.17071E+18,8,1,25,98,2017,7,8,5,3,2,6,0,1,0,0,0,0,0,5.19234E+20,5.43826E+21,9.26348E+15,4.90969E+16
50147,8.17071E+18,8,4,37,53,2017,7,18,5,3,5,2,0,0,0,1,1,0,0,5.29028E+20,5.32027E+21,9.3894E+15,4.80351E+16
50148,8.17071E+18,8,1,21,0,2017,7,12,5,3,2,6,0,1,0,0,0,0,0,5.15806E+20,5.44249E+21,9.21668E+15,4.91351E+16
50149,8.17071E+18,8,1,19,68,2017,7,11,5,3,4,6,0,1,0,0,0,0,0,5.26467E+20,5.41307E+21,9.36092E+15,4.887E+16
50150,8.17071E+18,8,2,26,36,2017,7,11,6,3,2,6,0,1,0,0,0,0,0,4.6854E+20,5.48224E+21,8.56558E+15,4.9492E+16
50151,8.17071E+18,8,4,37,76,2017,7,18,5,3,0,2,1,1,0,0,0,0,0,5.25612E+20,5.32415E+21,9.34381E+15,4.80701E+16
50152,8.17071E+18,8,4,36,82,2017,7,11,5,3,3,2,1,1,0,0,0,0,0,5.47649E+20,5.29468E+21,9.63636E+15,4.78038E+16
50153,8.17071E+18,8,4,36,64,2017,7,16,5,3,6,3,0,1,1,0,0,0,0,5.46534E+20,5.29106E+21,9.62108E+15,4.77713E+16
50154,8.17071E+18,8,2,35,65,2017,7,8,3,3,2,6,0,1,0,0,0,0,1,4.73868E+20,5.40382E+21,8.64424E+15,4.87868E+16
50155,8.17071E+18,8,4,35,5,2017,7,15,5,2,9,6,0,0,0,1,1,0,0,5.25246E+20,5.28747E+21,9.33676E+15,4.77401E+16
50156,8.17071E+18,8,2,35,33,2017,7,16,3,3,8,1,0,0,0,1,0,0,0,4.62776E+20,5.40713E+21,8.49294E+15,4.8816E+16
50157,8.17071E+18,8,4,35,67,2017,7,12,5,2,5,3,1,0,0,0,1,0,0,5.30631E+20,5.29499E+21,9.4091E+15,4.78075E+16
50158,8.17071E+18,8,2,31,0,2017,7,11,3,3,2,6,0,1,0,0,1,0,0,4.77272E+20,5.41592E+21,8.68991E+15,4.88958E+16
50159,8.17071E+18,8,2,31,0,2017,7,13,3,2,8,1,0,0,0,1,0,0,0,4.81405E+20,5.41808E+21,8.74619E+15,4.89154E+16
50160,8.17071E+18,8,4,36,83,2017,7,6,5,2,4,6,0,1,0,0,0,0,0,5.33149E+20,5.30109E+21,9.4432E+15,4.78623E+16
50161,8.17071E+18,8,2,36,25,2017,7,6,3,3,0,3,0,0,0,1,1,0,1,4.89783E+20,5.40645E+21,8.86084E+15,4.88109E+16
50162,8.17071E+18,8,4,25,33,2017,7,15,5,2,9,1,0,0,0,1,0,0,0,5.47322E+20,5.35089E+21,9.63821E+15,4.83094E+16
50163,8.17071E+18,8,2,36,28,2017,7,8,3,3,2,6,0,1,0,0,0,0,0,4.92597E+20,5.42212E+21,8.89888E+15,4.8952E+16
50164,8.17071E+18,8,2,22,0,2017,7,16,3,3,3,6,0,1,0,0,1,0,0,4.65071E+20,5.47671E+21,8.51817E+15,4.9442E+16
50165,8.17071E+18,8,2,26,12,2017,7,16,3,3,2,2,0,1,0,0,0,0,0,4.75932E+20,5.47762E+21,8.66794E+15,4.94507E+16
50166,8.17071E+18,8,2,16,59,2017,7,11,3,3,9,1,0,1,0,0,0,0,1,4.5345E+20,5.39603E+21,8.36716E+15,4.87155E+16
50167,8.17071E+18,8,2,16,22,2017,7,5,3,3,5,3,0,1,0,0,0,0,1,4.33945E+20,5.40495E+21,8.10059E+15,4.8794E+16
50168,8.17071E+18,8,2,15,107,2017,7,19,3,3,0,1,0,0,0,1,1,0,1,4.64035E+20,5.45595E+21,8.50575E+15,4.92553E+16
50169,8.17071E+18,8,2,15,46,2017,7,19,3,2,5,3,1,1,0,0,0,0,0,4.54095E+20,5.41791E+21,8.37348E+15,4.89124E+16
50170,8.17071E+18,8,2,12,0,2017,7,15,3,3,5,3,1,1,0,0,0,0,0,4.56368E+20,5.42643E+21,8.4036E+15,4.89893E+16
50171,8.17071E+18,8,2,16,23,2017,7,16,3,2,5,3,0,1,0,1,0,0,0,4.38106E+20,5.40744E+21,8.15687E+15,4.88168E+16
50172,8.17071E+18,8,1,25,102,2017,7,9,3,3,1,1,0,1,0,0,0,0,0,5.25344E+20,5.44533E+21,9.34762E+15,4.91603E+16
50173,8.17071E+18,8,1,15,28,2017,7,15,3,3,3,6,0,1,0,0,1,0,0,5.02115E+20,5.40197E+21,9.02879E+15,4.87707E+16
50174,8.17071E+18,8,1,36,19,2017,7,11,3,3,0,6,0,1,0,0,1,0,0,5.85044E+20,5.42503E+21,1.01621E+16,4.89723E+16
50175,8.17071E+18,8,1,36,42,2017,7,6,3,3,4,6,0,1,0,0,0,0,1,5.5167E+20,5.40457E+21,9.7035E+15,4.8792E+16
50176,8.17071E+18,8,1,28,139,2017,7,13,3,3,5,3,0,1,0,0,0,0,0,5.53289E+20,5.48785E+21,9.73658E+15,4.95409E+16
50177,8.17071E+18,8,1,28,115,2017,7,17,3,2,8,1,0,0,0,1,0,0,0,5.50893E+20,5.49857E+21,9.70484E+15,4.96375E+16
50178,8.17071E+18,8,1,27,14,2017,7,20,3,3,8,1,0,0,0,1,0,0,0,5.77534E+20,5.44109E+21,1.00626E+16,4.91177E+16
50179,8.17071E+18,8,1,27,73,2017,7,13,3,2,5,2,1,1,0,0,0,0,0,5.78649E+20,5.44577E+21,1.00787E+16,4.91597E+16
50180,8.17071E+18,8,1,25,66,2017,7,8,3,2,5,3,0,1,0,0,0,0,1,5.17431E+20,5.43147E+21,9.23849E+15,4.90359E+16
50181,8.17071E+18,8,1,25,46,2017,7,19,3,3,8,1,0,1,0,1,0,0,0,5.16792E+20,5.43333E+21,9.22983E+15,4.90526E+16
50182,8.17071E+18,8,1,25,59,2017,7,11,3,3,4,6,0,1,0,0,0,0,0,5.27599E+20,5.43877E+21,9.3781E+15,4.91012E+16
50183,8.17071E+18,8,1,19,20,2017,7,16,3,3,2,6,0,1,0,0,0,0,0,5.19135E+20,5.40508E+21,9.26057E+15,4.87984E+16
50184,8.17071E+18,8,1,19,67,2017,7,11,3,3,7,7,0,1,0,0,1,0,1,5.38066E+20,5.40731E+21,9.51854E+15,4.88176E+16
50185,8.17071E+18,8,1,18,76,2017,7,6,3,3,1,6,0,1,0,0,0,0,1,5.05002E+20,5.42267E+21,9.06833E+15,4.89569E+16
50186,8.17071E+18,8,4,25,135,2017,7,16,5,3,2,6,0,1,0,0,0,0,1,5.70359E+20,5.37449E+21,9.95281E+15,4.85195E+16
50187,8.17071E+18,8,4,17,54,2017,7,11,5,3,5,3,0,1,0,0,0,0,0,4.78727E+20,5.34706E+21,8.71328E+15,4.82764E+16
50188,8.17071E+18,8,1,19,84,2017,7,18,5,3,8,1,0,0,0,1,0,0,0,5.45178E+20,5.41909E+21,9.61672E+15,4.89231E+16
50189,8.17071E+18,8,2,15,102,2017,7,0,6,3,4,1,0,1,0,0,0,2,0,4.56579E+20,5.43487E+21,8.40557E+15,4.90652E+16
50190,8.17071E+18,8,4,17,2,2017,7,17,5,3,2,6,0,1,0,1,0,0,0,4.89055E+20,5.34557E+21,8.85252E+15,4.82632E+16
50191,8.17071E+18,8,4,17,25,2017,7,5,5,2,7,1,1,0,0,0,0,0,0,4.88843E+20,5.3583E+21,8.84933E+15,4.83778E+16
50192,8.17071E+18,8,4,17,2,2017,7,13,5,3,2,6,0,1,0,0,0,0,0,4.89577E+20,5.34734E+21,8.85952E+15,4.82792E+16
50193,8.17071E+18,8,1,18,73,2017,7,15,3,3,6,7,0,1,1,0,0,0,0,4.96015E+20,5.42079E+21,8.94558E+15,4.89401E+16
50194,8.17071E+18,8,4,17,79,2017,7,20,5,3,0,1,0,0,0,1,0,0,0,5.04818E+20,5.34096E+21,9.06487E+15,4.82219E+16
50195,8.17071E+18,8,1,19,20,2017,7,13,5,3,2,6,0,1,0,0,1,0,0,5.18338E+20,5.40886E+21,9.24988E+15,4.88324E+16
50196,8.17071E+18,8,4,16,6,2017,7,16,5,3,2,6,0,1,0,0,0,0,0,5.00211E+20,5.36016E+21,9.00285E+15,4.83946E+16
50197,8.17071E+18,8,1,19,93,2017,7,8,5,3,5,3,0,1,0,0,0,0,0,5.23899E+20,5.40623E+21,9.3255E+15,4.88086E+16
50198,8.17071E+18,8,1,17,51,2017,7,11,3,3,5,3,1,1,0,0,0,0,0,5.43142E+20,5.39506E+21,9.58641E+15,4.87071E+16
50199,8.17071E+18,8,1,17,26,2017,7,16,3,3,1,6,0,1,0,0,0,0,0,5.50661E+20,5.39207E+21,9.68824E+15,4.86796E+16
50200,8.17071E+18,8,1,17,18,2017,7,13,3,2,5,3,0,1,0,0,1,0,0,5.37058E+20,5.39303E+21,9.50354E+15,4.86892E+16
50201,8.17071E+18,8,4,25,31,2017,7,18,3,3,2,6,0,1,0,0,1,0,0,5.71674E+20,5.36749E+21,9.96942E+15,4.84565E+16
50202,8.17071E+18,8,1,16,49,2017,7,17,3,3,2,6,0,1,0,0,0,0,0,5.24286E+20,5.38717E+21,9.32965E+15,4.86371E+16
50203,8.17071E+18,8,1,16,81,2017,7,14,3,2,6,4,0,1,1,0,0,0,0,5.17965E+20,5.38573E+21,9.24379E+15,4.86244E+16
50204,8.17071E+18,8,1,16,14,2017,7,23,3,3,5,3,0,1,0,0,0,2,0,5.28115E+20,5.39599E+21,9.38222E+15,4.87163E+16
50205,8.17071E+18,8,1,16,20,2017,7,8,3,3,2,6,0,1,0,0,0,0,0,5.26163E+20,5.38277E+21,9.35485E+15,4.85974E+16
50206,8.17071E+18,8,1,15,28,2017,7,15,3,3,2,2,0,1,0,0,0,0,0,4.97673E+20,5.40664E+21,8.9683E+15,4.88128E+16
50207,8.17071E+18,8,4,16,36,2017,7,9,5,3,4,6,0,0,0,0,1,0,0,4.90713E+20,5.36772E+21,8.87437E+15,4.84626E+16
50208,8.17071E+18,8,1,15,4,2017,7,17,3,3,5,7,0,1,0,0,0,0,0,4.87549E+20,5.37403E+21,8.83139E+15,4.85193E+16
50209,8.17071E+18,8,4,16,31,2017,7,15,5,3,5,3,0,1,0,1,0,0,0,5.02847E+20,5.36182E+21,9.03847E+15,4.84095E+16
50210,8.17071E+18,8,1,15,3,2017,7,7,3,3,5,2,0,1,0,1,0,0,1,4.98888E+20,5.39159E+21,8.98489E+15,4.86774E+16
50211,8.17071E+18,8,4,15,60,2017,7,13,5,3,4,6,0,1,0,0,0,0,0,5.15633E+20,5.37858E+21,9.21188E+15,4.85601E+16
50212,8.17071E+18,8,1,19,8,2017,7,12,5,3,1,6,0,1,0,0,0,0,0,5.31677E+20,5.41857E+21,9.43238E+15,4.89193E+16
50213,8.17071E+18,8,1,11,0,2017,7,16,3,2,5,2,1,1,0,0,0,0,0,5.12869E+20,5.40746E+21,9.17532E+15,4.882E+16
50214,8.17071E+18,8,4,36,10,2017,7,17,2,3,2,6,0,1,0,1,0,0,0,5.67557E+20,5.30441E+21,9.90372E+15,4.78895E+16
50215,8.17071E+18,8,4,15,61,2017,7,12,5,3,5,3,0,1,0,0,1,0,0,5.15201E+20,5.37213E+21,9.20578E+15,4.85021E+16
50216,8.17071E+18,8,1,18,48,2017,7,21,5,3,1,6,0,1,0,0,0,2,0,5.1424E+20,5.4153E+21,9.19426E+15,4.88905E+16
50217,8.17071E+18,8,4,36,82,2017,7,19,2,3,5,2,0,1,0,0,0,0,0,5.48241E+20,5.29658E+21,9.64447E+15,4.78208E+16
50218,8.17071E+18,8,1,18,80,2017,7,22,5,3,5,3,0,1,0,0,0,2,0,5.08467E+20,5.41115E+21,9.11543E+15,4.88532E+16
50219,8.17071E+18,8,4,35,10,2017,7,7,2,3,2,6,0,1,0,0,0,0,1,5.19936E+20,5.28423E+21,9.26577E+15,4.77112E+16
50220,8.17071E+18,8,4,15,78,2017,7,6,5,2,7,7,0,0,0,1,0,0,0,5.34465E+20,5.36623E+21,9.46608E+15,4.84483E+16
50221,8.17071E+18,8,4,35,16,2017,7,14,2,3,5,3,1,1,0,0,0,0,0,5.35557E+20,5.27848E+21,9.47355E+15,4.76587E+16
50222,8.17071E+18,8,4,37,78,2017,7,16,2,3,2,2,0,1,0,0,0,0,0,5.08562E+20,5.31421E+21,9.11473E+15,4.79811E+16
50223,8.17071E+18,8,4,35,59,2017,7,11,2,2,0,7,1,0,0,0,0,0,0,5.1397E+20,5.29095E+21,9.18646E+15,4.77717E+16
50224,8.17071E+18,8,4,25,137,2017,7,16,2,3,8,1,0,1,0,0,0,0,0,5.76444E+20,5.351E+21,1.00309E+16,4.83075E+16
50225,8.17071E+18,8,4,15,78,2017,7,17,2,3,2,6,0,1,0,0,0,0,0,5.26885E+20,5.373E+21,9.36401E+15,4.85095E+16
50226,8.17071E+18,8,3,25,61,2017,7,7,2,3,5,3,0,1,0,0,0,0,1,4.75053E+20,5.35458E+21,8.66333E+15,4.83439E+16
50227,8.17071E+18,8,3,37,2,2017,7,16,2,3,4,1,0,0,0,1,1,0,1,4.32921E+20,5.27042E+21,8.10792E+15,4.75837E+16
50228,8.17071E+18,8,3,37,116,2017,7,16,2,3,2,6,0,1,0,0,0,0,1,4.18155E+20,5.27374E+21,7.91096E+15,4.76119E+16
50229,8.17071E+18,8,3,35,75,2017,7,15,2,3,5,3,1,1,0,0,0,0,0,4.87348E+20,5.28991E+21,8.83116E+15,4.77625E+16
50230,8.17071E+18,8,3,35,63,2017,7,18,2,3,0,1,0,0,0,1,0,0,0,5.01199E+20,5.28667E+21,9.01598E+15,4.77334E+16
50231,8.17071E+18,8,3,35,43,2017,7,16,2,2,2,2,0,1,0,0,0,0,0,5.13033E+20,5.28446E+21,9.17375E+15,4.77134E+16
50232,8.17071E+18,8,3,27,57,2017,7,16,2,3,2,2,0,1,0,0,0,0,0,4.92989E+20,5.30951E+21,8.90613E+15,4.79389E+16
50233,8.17071E+18,8,3,25,57,2017,7,13,2,3,2,6,0,1,0,1,0,0,0,4.76452E+20,5.35895E+21,8.68197E+15,4.83833E+16
50234,8.17071E+18,8,1,18,10,2017,7,9,5,3,8,6,1,1,0,0,0,0,0,5.06861E+20,5.43151E+21,9.09387E+15,4.90364E+16
50235,8.17071E+18,8,4,15,61,2017,7,10,5,3,2,6,0,1,0,0,0,0,0,5.14912E+20,5.37353E+21,9.20192E+15,4.85147E+16
50236,8.17071E+18,8,1,18,15,2017,7,7,5,3,2,6,0,1,0,1,0,0,0,5.07196E+20,5.42956E+21,9.09842E+15,4.90189E+16
50237,8.17071E+18,8,4,15,61,2017,7,7,5,3,6,2,0,1,1,0,0,0,0,5.15321E+20,5.3714E+21,9.20738E+15,4.84956E+16
50238,8.17071E+18,8,1,17,44,2017,7,19,5,3,2,6,0,1,0,1,0,0,0,5.37451E+20,5.39369E+21,9.50893E+15,4.86951E+16
50239,8.17071E+18,8,3,26,3,2017,7,16,5,3,2,6,0,1,0,1,0,0,0,4.68604E+20,5.31572E+21,8.57917E+15,4.7994E+16
50240,8.17071E+18,8,3,25,72,2017,7,18,5,3,2,6,0,1,0,0,0,0,0,4.68576E+20,5.32989E+21,8.57775E+15,4.81215E+16
50241,8.17071E+18,8,3,37,123,2017,7,19,5,2,2,6,0,1,0,1,0,0,0,4.5334E+20,5.28017E+21,8.37841E+15,4.76732E+16
50242,8.17071E+18,8,3,37,62,2017,7,15,5,2,9,1,0,1,0,0,0,0,0,4.54036E+20,5.27482E+21,8.38824E+15,4.76251E+16
50243,8.17071E+18,8,3,36,105,2017,7,18,5,3,2,6,0,1,0,0,0,0,0,4.00706E+20,5.26725E+21,7.6803E+15,4.7551E+16
50244,8.17071E+18,8,3,36,69,2017,7,8,5,3,2,6,0,1,0,0,0,0,0,4.08971E+20,5.26817E+21,7.78993E+15,4.75606E+16
50245,8.17071E+18,8,3,35,80,2017,7,18,5,3,4,6,0,1,0,0,0,0,0,4.74558E+20,5.2955E+21,8.66016E+15,4.78123E+16
50246,8.17071E+18,8,3,25,64,2017,7,17,2,3,2,2,0,1,0,1,0,0,1,4.78064E+20,5.33293E+21,8.70509E+15,4.81492E+16
50247,8.17071E+18,8,3,25,61,2017,7,18,5,1,5,3,0,1,0,1,0,0,0,4.72629E+20,5.35325E+21,8.63069E+15,4.83318E+16
50248,8.17071E+18,8,3,17,31,2017,7,13,2,3,0,1,0,0,0,1,0,0,0,4.17245E+20,5.36023E+21,7.88217E+15,4.83898E+16
50249,8.17071E+18,8,4,17,22,2017,7,22,5,2,0,7,0,0,0,1,0,2,0,4.8512E+20,5.34714E+21,8.79945E+15,4.82773E+16
50250,8.17071E+18,8,1,17,49,2017,7,12,5,3,2,6,0,1,0,0,0,0,0,5.55726E+20,5.39216E+21,9.75704E+15,4.868E+16
50251,8.17071E+18,8,3,16,54,2017,7,16,2,3,9,1,0,0,0,1,0,0,1,4.16015E+20,5.33698E+21,7.87017E+15,4.81805E+16
50252,8.17071E+18,8,3,17,65,2017,7,15,5,3,5,2,1,1,0,0,0,0,0,4.16655E+20,5.35465E+21,7.8753E+15,4.83396E+16
50253,8.17071E+18,8,1,17,16,2017,7,13,5,3,2,6,0,1,0,0,0,0,0,5.48789E+20,5.37839E+21,9.6612E+15,4.85567E+16
50254,8.17071E+18,8,3,15,68,2017,7,15,2,2,8,1,0,0,0,1,0,0,0,4.37437E+20,5.3036E+21,8.1632E+15,4.78827E+16
50255,8.17071E+18,8,3,17,65,2017,7,16,5,3,2,6,0,1,0,0,0,0,0,4.11138E+20,5.35651E+21,7.80047E+15,4.83555E+16
50256,8.17071E+18,8,3,11,0,2017,7,7,2,3,0,1,0,0,0,1,0,0,1,4.12835E+20,5.31533E+21,7.83182E+15,4.79853E+16
50257,8.17071E+18,8,3,11,0,2017,7,18,2,3,5,3,1,0,0,0,1,0,0,4.10426E+20,5.31646E+21,7.79931E+15,4.79952E+16
50258,8.17071E+18,8,2,26,95,2017,7,11,2,2,8,7,0,1,0,0,0,0,0,4.71367E+20,5.45959E+21,8.60626E+15,4.92884E+16
50259,8.17071E+18,8,2,12,0,2017,7,11,2,3,2,6,0,1,0,0,0,0,0,4.55279E+20,5.42949E+21,8.38837E+15,4.90166E+16
50260,8.17071E+18,8,2,12,0,2017,7,8,2,2,2,6,0,1,0,0,1,0,1,4.60585E+20,5.42417E+21,8.46146E+15,4.89692E+16
50261,8.17071E+18,8,2,35,7,2017,7,15,2,3,5,3,0,1,0,0,0,0,0,4.8407E+20,5.39919E+21,8.78331E+15,4.87456E+16
50262,8.17071E+18,8,2,31,0,2017,7,16,2,3,1,5,0,1,0,0,1,0,0,4.78524E+20,5.41599E+21,8.70698E+15,4.88965E+16
50263,8.17071E+18,8,2,22,0,2017,7,8,2,3,2,6,0,1,0,0,1,0,1,4.6073E+20,5.4882E+21,8.45716E+15,4.95451E+16
50264,8.17071E+18,8,1,17,23,2017,7,16,5,3,2,6,0,1,0,0,0,0,0,5.477E+20,5.388E+21,9.64755E+15,4.86432E+16
50265,8.17071E+18,8,3,17,65,2017,7,10,5,3,6,7,0,1,1,0,0,0,0,4.18943E+20,5.35457E+21,7.90618E+15,4.83391E+16
50266,8.17071E+18,8,4,25,31,2017,7,20,5,3,2,6,0,1,0,0,0,0,0,5.63555E+20,5.37069E+21,9.86011E+15,4.84861E+16
50267,8.17071E+18,8,3,17,150,2017,7,23,5,3,2,7,0,1,0,0,0,2,0,4.08765E+20,5.35908E+21,7.76789E+15,4.83783E+16
50268,8.17071E+18,8,1,16,49,2017,7,15,5,3,5,7,1,1,0,0,0,0,0,5.25013E+20,5.38581E+21,9.33943E+15,4.86248E+16
50269,8.17071E+18,8,3,15,68,2017,7,18,5,3,4,2,0,1,0,1,0,0,0,4.40014E+20,5.30252E+21,8.1978E+15,4.78732E+16
50270,8.17071E+18,8,1,16,78,2017,7,21,5,2,5,3,1,1,0,0,0,1,0,5.0802E+20,5.39512E+21,9.10902E+15,4.87091E+16