OBJECTID,UIDENTSTLA,ULAND,UREGBEZ,UKREIS,UGEMEINDE,UJAHR,UMONAT,USTUNDE,UWOCHENTAG,UKATEGORIE,UART,UTYP1,IstRad,IstPKW,IstFuss,IstKrad,IstSonstig,LICHT,STRZUSTAND,LINREFX,LINREFY,XGCSWGS84,YGCSWGS84
50271,8.17071E+18,8,3,15,102,2017,7,16,5,3,4,2,0,1,0,0,0,0,0,4.40373E+20,5.29434E+21,8.20374E+15,4.77997E+16
50272,8.17071E+18,8,1,15,48,2017,7,8,5,3,1,6,0,1,0,0,0,0,0,5.09692E+20,5.38633E+21,9.13154E+15,4.86299E+16
50273,8.17071E+18,8,1,11,0,2017,7,19,5,3,2,6,0,1,0,0,0,0,0,5.14797E+20,5.40468E+21,9.20148E+15,4.87949E+16
50274,8.17071E+18,8,3,15,33,2017,7,8,5,3,0,2,0,1,0,0,1,0,0,3.96535E+20,5.30522E+21,7.61586E+15,4.78919E+16
50275,8.17071E+18,8,3,11,0,2017,7,11,5,3,5,3,1,1,0,0,0,0,0,4.12096E+20,5.31882E+21,7.8212E+15,4.80166E+16
50276,8.17071E+18,8,3,36,91,2017,7,14,5,3,3,6,0,1,0,0,0,0,0,3.94989E+20,5.27265E+21,7.60305E+15,4.75987E+16
50277,8.17071E+18,8,2,12,0,2017,7,12,5,3,8,1,0,1,0,0,0,0,0,4.58766E+20,5.42935E+21,8.43608E+15,4.90157E+16
50278,8.17071E+18,8,2,16,39,2017,7,15,5,3,2,6,0,1,0,0,0,0,0,4.44913E+20,5.41282E+21,8.24887E+15,4.88659E+16
50279,8.17071E+18,8,1,11,0,2017,7,10,5,2,5,2,0,1,0,0,1,0,0,5.06774E+20,5.40553E+21,9.09225E+15,4.88027E+16
50280,8.17071E+18,8,2,12,0,2017,7,16,5,3,2,6,0,1,0,0,0,0,0,4.54188E+20,5.42717E+21,8.37371E+15,4.89957E+16
50281,8.17071E+18,8,1,26,58,2017,7,11,2,3,8,1,0,0,0,1,0,0,0,5.43257E+20,5.45156E+21,9.59397E+15,4.92153E+16
50282,8.17071E+18,8,1,11,0,2017,7,13,2,3,2,6,0,1,0,0,0,0,0,5.08344E+20,5.39517E+21,9.11343E+15,4.87095E+16
50283,8.17071E+18,8,1,18,11,2017,7,3,2,1,2,6,0,1,0,0,1,2,1,5.05978E+20,5.4081E+21,9.08145E+15,4.88259E+16
50284,8.17071E+18,8,1,36,84,2017,7,14,2,3,4,6,0,1,0,1,0,0,0,5.90453E+20,5.43213E+21,1.02376E+16,4.90354E+16
50285,8.17071E+18,8,1,35,19,2017,7,7,2,3,2,6,0,1,0,0,0,0,1,5.85608E+20,5.38987E+21,1.01625E+16,4.8656E+16
50286,8.17071E+18,8,1,28,131,2017,7,18,2,3,5,3,0,1,0,0,0,0,0,5.42211E+20,5.51092E+21,9.58595E+15,4.97493E+16
50287,8.17071E+18,8,2,25,117,2017,7,19,2,2,9,1,0,1,0,0,0,0,1,5.14299E+20,5.46995E+21,9.19701E+15,4.93821E+16
50288,8.17071E+18,8,1,25,110,2017,7,14,2,3,0,7,0,0,1,0,1,0,0,5.27398E+20,5.44266E+21,9.37561E+15,4.91362E+16
50289,8.17071E+18,8,1,25,65,2017,7,18,2,3,2,6,0,1,0,0,0,0,0,5.16571E+20,5.44728E+21,9.22736E+15,4.91781E+16
50290,8.17071E+18,8,1,25,69,2017,7,17,2,3,1,6,0,1,0,0,1,0,0,5.2531E+20,5.4539E+21,9.34769E+15,4.92373E+16
50291,8.17071E+18,8,1,19,76,2017,7,14,2,3,0,1,0,0,0,1,0,0,0,5.42544E+20,5.40642E+21,9.57945E+15,4.88093E+16
50292,8.17071E+18,8,1,19,69,2017,7,16,2,3,9,1,0,0,0,0,1,0,0,5.29712E+20,5.4304E+21,9.40642E+15,4.90257E+16
50293,8.17071E+18,8,1,18,49,2017,7,12,2,3,2,6,0,1,0,0,0,0,1,5.18857E+20,5.42073E+21,9.2575E+15,4.89392E+16
50294,8.17071E+18,8,1,17,30,2017,7,17,2,3,2,6,0,1,0,0,0,0,0,5.47867E+20,5.38955E+21,9.64998E+15,4.86572E+16
50295,8.17071E+18,8,1,16,19,2017,7,8,2,3,3,6,0,1,0,0,1,0,0,5.22059E+20,5.39831E+21,9.30001E+15,4.87374E+16
50296,8.17071E+18,8,1,16,42,2017,7,19,2,2,5,3,1,1,0,0,0,0,0,5.17045E+20,5.38204E+21,9.23115E+15,4.85912E+16
50297,8.17071E+18,8,4,36,52,2017,7,13,1,2,4,6,1,0,0,0,1,0,0,5.65628E+20,5.2942E+21,9.87637E+15,4.77978E+16
50298,8.17071E+18,8,4,36,81,2017,7,13,1,3,2,6,0,0,0,1,0,0,0,5.55112E+20,5.28028E+21,9.7342E+15,4.76735E+16
50299,8.17071E+18,8,4,36,52,2017,7,11,1,3,1,6,0,0,0,1,0,0,0,5.65532E+20,5.29827E+21,9.87571E+15,4.78344E+16
50300,8.17071E+18,8,4,35,54,2017,7,13,1,3,2,6,0,1,0,0,0,0,0,5.22773E+20,5.28137E+21,9.30344E+15,4.76853E+16
50301,8.17071E+18,8,4,26,97,2017,7,14,1,2,5,6,0,1,0,1,0,0,0,5.36153E+20,5.33693E+21,9.48639E+15,4.81846E+16
50302,8.17071E+18,8,4,17,2,2017,7,15,1,3,0,1,1,0,0,0,0,0,0,4.904E+20,5.34397E+21,8.87068E+15,4.82489E+16
50303,8.17071E+18,8,4,15,61,2017,7,21,1,3,5,3,1,1,0,0,0,1,1,5.14985E+20,5.37333E+21,9.20291E+15,4.85129E+16
50304,8.17071E+18,8,4,16,36,2017,7,19,1,2,3,2,1,1,0,0,0,0,0,4.95656E+20,5.37239E+21,8.94119E+15,4.85046E+16
50305,8.17071E+18,8,2,12,0,2017,7,19,5,3,5,3,1,0,0,0,0,0,0,4.61762E+20,5.43008E+21,8.47698E+15,4.90225E+16
50306,8.17071E+18,8,4,36,81,2017,7,6,4,3,8,1,0,1,0,0,0,1,1,5.57092E+20,5.27784E+21,9.76025E+15,4.76514E+16
50307,8.17071E+18,8,2,35,80,2017,7,13,5,3,2,6,0,1,0,0,0,0,0,4.8067E+20,5.38554E+21,8.7377E+15,4.86227E+16
50308,8.17071E+18,8,4,35,42,2017,7,6,4,3,8,1,0,1,0,0,0,1,1,5.54217E+20,5.27936E+21,9.72216E+15,4.76653E+16
50309,8.17071E+18,8,2,26,96,2017,7,14,5,3,2,6,0,1,0,0,0,0,0,4.7491E+20,5.4886E+21,8.65314E+15,4.95495E+16
50310,8.17071E+18,8,2,26,3,2017,7,17,5,3,5,3,0,1,0,0,0,0,0,4.61504E+20,5.46246E+21,8.47035E+15,4.93137E+16
50311,8.17071E+18,8,2,25,117,2017,7,11,5,2,8,1,0,0,0,1,0,0,0,5.13375E+20,5.47179E+21,9.18434E+15,4.93987E+16
50312,8.17071E+18,8,2,26,28,2017,7,13,5,2,0,1,1,0,0,0,0,0,0,4.73144E+20,5.48409E+21,8.62903E+15,4.95089E+16
50313,8.17071E+18,8,2,22,0,2017,7,17,5,3,1,6,0,1,0,0,0,0,0,4.59891E+20,5.48208E+21,8.44618E+15,4.949E+16
50314,8.17071E+18,8,2,16,2,2017,7,9,5,3,5,3,1,1,0,0,0,0,0,4.44108E+20,5.42233E+21,8.23659E+15,4.89514E+16
50315,8.17071E+18,8,3,35,79,2017,7,21,1,3,0,7,0,1,0,0,0,0,1,5.01173E+20,5.30016E+21,9.01568E+15,4.78548E+16
50316,8.17071E+18,8,3,35,43,2017,7,17,1,2,0,7,1,0,0,0,0,0,1,5.1413E+20,5.27971E+21,9.18822E+15,4.76706E+16
50317,8.17071E+18,8,3,11,0,2017,7,7,5,3,5,3,1,1,0,0,0,0,0,4.13057E+20,5.31503E+21,7.83486E+15,4.79827E+16
50318,8.17071E+18,8,3,27,36,2017,7,14,1,3,3,2,0,1,0,0,0,0,0,4.91798E+20,5.31865E+21,8.89E+15,4.80211E+16
50319,8.17071E+18,8,3,26,60,2017,7,11,1,3,8,1,0,0,0,1,0,0,0,4.42284E+20,5.33098E+21,8.22434E+15,4.81295E+16
50320,8.17071E+18,8,4,17,54,2017,7,14,1,2,9,1,0,0,0,1,0,0,0,4.78384E+20,5.34648E+21,8.70869E+15,4.82711E+16
50321,8.17071E+18,8,3,25,11,2017,7,14,1,2,2,6,0,1,0,0,0,0,1,4.73608E+20,5.34427E+21,8.64447E+15,4.82511E+16
50322,8.17071E+18,8,2,37,4,2017,7,1,1,2,6,4,0,1,1,0,0,2,0,4.54994E+20,5.38152E+21,8.38973E+15,4.85851E+16
50323,8.17071E+18,8,2,37,28,2017,7,18,1,2,4,6,0,1,0,1,0,0,0,4.60644E+20,5.36823E+21,8.4676E+15,4.8466E+16
50324,8.17071E+18,8,3,17,1,2017,7,17,1,3,5,2,1,1,0,0,0,0,0,4.30061E+20,5.38598E+21,8.05094E+15,4.8623E+16
50325,8.17071E+18,8,3,15,48,2017,7,17,1,3,8,1,0,0,0,1,0,0,1,3.95225E+20,5.30623E+21,7.59809E+15,4.79009E+16
50326,8.17071E+18,8,2,15,99,2017,7,11,1,2,2,6,0,1,0,1,0,0,0,4.63063E+20,5.44728E+21,8.49321E+15,4.91772E+16
50327,8.17071E+18,8,2,16,9,2017,7,8,5,3,5,3,0,1,0,0,0,0,0,4.46897E+20,5.42101E+21,8.27485E+15,4.89397E+16
50328,8.17071E+18,8,4,36,82,2017,7,10,4,3,0,1,0,0,0,1,0,0,1,5.47891E+20,5.29598E+21,9.63973E+15,4.78153E+16
50329,8.17071E+18,8,2,37,4,2017,7,15,1,3,8,1,0,1,0,0,0,0,0,4.44797E+20,5.37785E+21,8.25197E+15,4.85513E+16
50330,8.17071E+18,8,2,15,110,2017,7,21,5,2,2,6,0,1,0,1,0,0,0,4.61922E+20,5.42049E+21,8.48007E+15,4.89362E+16
50331,8.17071E+18,8,4,36,10,2017,7,14,4,3,8,1,0,1,0,0,0,0,0,5.64844E+20,5.29906E+21,9.86663E+15,4.78416E+16
50332,8.17071E+18,8,2,37,2,2017,7,20,1,3,5,3,0,1,0,0,0,0,1,4.55762E+20,5.35485E+21,8.40297E+15,4.83453E+16
50333,8.17071E+18,8,2,35,20,2017,7,17,1,3,8,6,0,1,0,0,1,0,0,4.78813E+20,5.38339E+21,8.71261E+15,4.86032E+16
50334,8.17071E+18,8,2,35,7,2017,7,3,1,3,8,1,0,1,0,0,0,2,0,4.84601E+20,5.39807E+21,8.79057E+15,4.87355E+16
50335,8.17071E+18,8,2,35,85,2017,7,15,1,3,2,2,1,1,0,0,0,0,0,4.83303E+20,5.39579E+21,8.77301E+15,4.87149E+16
50336,8.17071E+18,8,2,36,46,2017,7,17,1,3,1,6,0,1,0,0,0,0,0,4.84205E+20,5.41591E+21,8.7845E+15,4.88959E+16
50337,8.17071E+18,8,2,36,40,2017,7,12,1,3,2,6,0,1,0,1,0,0,0,4.92004E+20,5.422E+21,8.89079E+15,4.89509E+16
50338,8.17071E+18,8,2,26,84,2017,7,13,1,3,9,7,0,1,0,0,1,0,0,4.67015E+20,5.4715E+21,8.54543E+15,4.93953E+16
50339,8.17071E+18,8,2,16,43,2017,7,16,1,3,2,6,0,1,0,0,0,0,0,4.42077E+20,5.4121E+21,8.21031E+15,4.88591E+16
50340,8.17071E+18,8,2,15,96,2017,7,14,1,3,4,1,0,1,0,0,0,0,0,4.6378E+20,5.41834E+21,8.50563E+15,4.89169E+16
50341,8.17071E+18,8,2,11,0,2017,7,23,1,3,5,3,1,1,0,0,0,2,0,4.42119E+20,5.40333E+21,8.21211E+15,4.87803E+16
50342,8.17071E+18,8,2,16,13,2017,7,13,1,3,5,3,0,1,0,0,0,0,0,4.46289E+20,5.38964E+21,8.27065E+15,4.86575E+16
50343,8.17071E+18,8,1,18,12,2017,7,18,1,2,8,1,0,1,0,0,0,0,0,4.96711E+20,5.41441E+21,8.95514E+15,4.88826E+16
50344,8.17071E+18,8,1,18,76,2017,7,13,1,2,5,3,0,1,0,0,0,0,0,5.04173E+20,5.42204E+21,9.05699E+15,4.89512E+16
50345,8.17071E+18,8,4,35,45,2017,7,19,4,2,9,7,0,1,0,0,0,0,0,5.3719E+20,5.28817E+21,9.49612E+15,4.77458E+16
50346,8.17071E+18,8,2,12,0,2017,7,3,5,2,0,1,1,0,0,0,0,2,0,4.60822E+20,5.42361E+21,8.46474E+15,4.89642E+16
50347,8.17071E+18,8,2,12,0,2017,7,12,5,3,3,6,0,1,0,0,1,0,0,4.54654E+20,5.42677E+21,8.38012E+15,4.89922E+16
50348,8.17071E+18,8,2,16,17,2017,7,13,5,2,8,1,0,0,0,1,0,0,0,4.57746E+20,5.39695E+21,8.42546E+15,4.87242E+16
50349,8.17071E+18,8,1,15,28,2017,7,16,5,3,2,6,0,1,0,0,0,0,0,4.9833E+20,5.40404E+21,8.97726E+15,4.87894E+16
50350,8.17071E+18,8,4,16,36,2017,7,13,5,3,2,6,0,1,0,0,1,0,0,4.9019E+20,5.37353E+21,8.86716E+15,4.85148E+16
50351,8.17071E+18,8,1,15,37,2017,7,23,1,3,8,1,0,1,0,0,0,2,1,4.93731E+20,5.38635E+21,8.91492E+15,4.86302E+16
50352,8.17071E+18,8,1,11,0,2017,7,7,1,3,9,1,0,1,0,0,0,0,1,5.12513E+20,5.39468E+21,9.17008E+15,4.87051E+16
50353,8.17071E+18,8,1,36,27,2017,7,17,1,3,5,3,0,1,0,0,0,0,0,5.54444E+20,5.4204E+21,9.74338E+15,4.89342E+16
50354,8.17071E+18,8,4,35,16,2017,7,17,4,3,5,3,0,1,0,1,0,0,0,5.36025E+20,5.27964E+21,9.47988E+15,4.76692E+16
50355,8.17071E+18,8,1,36,18,2017,7,13,1,1,8,1,0,1,0,0,0,0,0,5.87491E+20,5.43065E+21,1.01967E+16,4.90226E+16
50356,8.17071E+18,8,1,36,88,2017,7,7,1,3,2,6,0,1,0,0,0,0,1,5.88901E+20,5.4052E+21,1.02105E+16,4.87934E+16
50357,8.17071E+18,8,1,18,12,2017,7,23,5,3,8,1,0,0,0,1,0,2,0,5.00979E+20,5.41589E+21,9.01336E+15,4.88959E+16
50358,8.17071E+18,8,1,18,54,2017,7,19,5,3,5,3,0,1,0,0,0,0,0,5.17514E+20,5.42432E+21,9.23931E+15,4.89715E+16
50359,8.17071E+18,8,1,36,65,2017,7,15,5,3,0,7,1,0,0,0,0,0,0,5.59165E+20,5.40464E+21,9.80555E+15,4.87919E+16
50360,8.17071E+18,8,1,36,21,2017,7,9,5,3,3,6,0,1,0,0,1,0,0,5.76074E+20,5.40814E+21,1.00364E+16,4.88216E+16
50361,8.17071E+18,8,4,35,13,2017,7,10,4,3,8,1,0,1,0,0,0,0,0,5.39417E+20,5.2758E+21,9.52472E+15,4.76344E+16
50362,8.17071E+18,8,1,36,44,2017,7,10,5,2,9,1,0,0,0,1,0,0,0,5.57395E+20,5.40788E+21,9.78191E+15,4.88212E+16
50363,8.17071E+18,8,4,37,8,2017,7,21,4,2,3,6,1,1,0,0,0,1,1,5.19075E+20,5.3276E+21,9.25621E+15,4.81013E+16
50364,8.17071E+18,8,1,27,46,2017,7,1,1,3,8,1,0,1,0,0,0,2,0,5.72553E+20,5.44871E+21,9.99568E+15,4.91869E+16
50365,8.17071E+18,8,1,27,56,2017,7,13,1,3,0,1,1,0,0,0,0,0,0,5.55683E+20,5.43554E+21,9.76238E+15,4.90702E+16
50366,8.17071E+18,8,1,27,76,2017,7,7,1,2,9,1,0,1,0,0,0,0,0,5.51632E+20,5.44327E+21,9.7079E+15,4.91401E+16
50367,8.17071E+18,8,2,25,2,2017,7,13,1,2,0,1,0,0,0,1,0,0,0,5.00257E+20,5.46652E+21,9.00354E+15,4.93514E+16
50368,8.17071E+18,8,1,26,11,2017,7,18,1,1,4,2,0,0,0,1,1,0,0,5.33542E+20,5.44519E+21,9.46005E+15,4.91586E+16
50369,8.17071E+18,8,1,17,30,2017,7,17,1,2,9,1,0,0,0,1,0,0,1,5.4793E+20,5.39077E+21,9.65099E+15,4.86681E+16
50370,8.17071E+18,8,4,25,72,2017,7,6,1,2,8,1,0,1,0,0,0,0,1,5.79843E+20,5.37428E+21,1.00812E+16,4.85166E+16
50371,8.17071E+18,8,1,16,47,2017,7,14,1,3,2,6,0,1,0,0,0,0,0,5.20846E+20,5.39368E+21,9.28329E+15,4.86958E+16
50372,8.17071E+18,8,1,16,14,2017,7,22,1,3,2,6,0,1,0,0,0,2,1,5.27989E+20,5.39588E+21,9.38051E+15,4.87154E+16
50373,8.17071E+18,8,1,11,0,2017,7,17,1,3,2,6,0,1,0,1,0,0,0,5.14392E+20,5.40187E+21,9.19587E+15,4.87697E+16
50374,8.17071E+18,8,1,11,0,2017,7,6,1,3,0,7,0,1,0,0,0,0,1,5.13099E+20,5.40687E+21,9.17842E+15,4.88147E+16
50375,8.17071E+18,8,4,36,49,2017,7,15,7,3,3,1,1,0,0,1,0,0,0,5.80987E+20,5.28537E+21,1.00798E+16,4.77166E+16
50376,8.17071E+18,8,4,36,94,2017,7,11,7,3,0,6,0,1,0,1,0,0,0,5.7001E+20,5.27886E+21,9.93241E+15,4.76593E+16
50377,8.17071E+18,8,4,36,79,2017,7,9,7,3,9,1,0,0,0,1,0,0,0,5.55849E+20,5.28757E+21,9.74495E+15,4.77391E+16
50378,8.17071E+18,8,4,35,67,2017,7,18,7,2,4,1,0,1,0,1,0,0,1,5.28925E+20,5.29379E+21,9.38625E+15,4.77968E+16
50379,8.17071E+18,8,4,26,70,2017,7,11,4,3,8,1,0,0,0,0,1,0,0,5.65047E+20,5.3407E+21,9.87566E+15,4.82162E+16
50380,8.17071E+18,8,2,22,0,2017,7,20,6,3,3,1,0,1,0,0,0,0,0,4.6509E+20,5.47953E+21,8.51818E+15,4.94674E+16
50381,8.17071E+18,8,1,36,88,2017,7,5,5,3,5,3,1,1,0,0,0,0,0,5.77883E+20,5.41023E+21,1.00614E+16,4.88402E+16
50382,8.17071E+18,8,1,28,7,2017,7,9,5,3,8,1,0,1,0,0,0,0,0,5.5127E+20,5.4835E+21,9.7081E+15,4.9502E+16
50383,8.17071E+18,8,1,28,20,2017,7,7,5,3,8,1,0,1,0,0,0,0,0,5.77675E+20,5.47724E+21,1.00715E+16,4.94429E+16
50384,8.17071E+18,8,1,27,76,2017,7,15,5,3,2,2,0,1,0,0,0,0,0,5.54573E+20,5.43892E+21,9.74763E+15,4.91007E+16
50385,8.17071E+18,8,4,17,14,2017,7,19,4,3,8,1,0,1,0,0,0,0,1,4.80368E+20,5.34358E+21,8.73556E+15,4.82452E+16
50386,8.17071E+18,8,1,26,66,2017,7,13,5,3,5,3,0,1,0,1,0,0,0,5.33317E+20,5.45162E+21,9.45749E+15,4.92165E+16
50387,8.17071E+18,8,4,15,61,2017,7,17,4,2,5,2,1,1,0,0,0,0,0,5.15139E+20,5.37024E+21,9.20488E+15,4.84851E+16
50388,8.17071E+18,8,1,26,46,2017,7,17,5,3,2,6,0,1,0,0,0,0,0,5.50205E+20,5.45891E+21,9.69029E+15,4.92809E+16
50389,8.17071E+18,8,1,25,5,2017,7,5,5,2,9,2,0,0,0,1,1,0,0,5.13876E+20,5.4547E+21,9.19065E+15,4.92449E+16
50390,8.17071E+18,8,1,21,0,2017,7,17,5,3,5,3,1,1,0,0,0,0,0,5.15185E+20,5.44171E+21,9.20814E+15,4.9128E+16
50391,8.17071E+18,8,1,19,79,2017,7,16,5,3,2,6,0,1,0,0,0,0,0,5.23388E+20,5.40853E+21,9.31867E+15,4.88293E+16
50392,8.17071E+18,8,1,19,20,2017,7,17,5,2,5,2,0,1,0,1,0,0,0,5.19413E+20,5.41161E+21,9.26466E+15,4.88571E+16
50393,8.17071E+18,8,1,19,79,2017,7,20,5,2,4,1,0,1,0,1,0,0,0,5.23805E+20,5.41343E+21,9.32464E+15,4.88733E+16
50394,8.17071E+18,8,4,37,65,2017,7,14,7,3,0,1,0,0,0,1,1,0,1,5.18597E+20,5.3184E+21,9.24939E+15,4.80186E+16
50395,8.17071E+18,8,4,37,76,2017,7,15,7,2,5,2,0,1,0,1,0,0,0,5.23626E+20,5.31883E+21,9.31685E+15,4.80223E+16
50396,8.17071E+18,8,3,15,132,2017,7,20,5,3,3,6,1,0,0,0,0,0,0,4.09753E+20,5.32259E+21,7.789E+15,4.80502E+16
50397,8.17071E+18,8,1,18,79,2017,7,12,5,3,1,6,0,1,0,0,1,0,0,5.10584E+20,5.42512E+21,9.14464E+15,4.89789E+16
50398,8.17071E+18,8,4,15,60,2017,7,16,4,3,2,2,0,1,0,0,0,0,1,5.15147E+20,5.37808E+21,9.20527E+15,4.85556E+16
50399,8.17071E+18,8,4,25,138,2017,7,16,7,3,5,3,0,1,0,1,0,0,0,5.73515E+20,5.35001E+21,9.99127E+15,4.8299E+16
50400,8.17071E+18,8,4,15,61,2017,7,12,7,3,2,6,0,1,0,0,1,0,0,5.15635E+20,5.37144E+21,9.21163E+15,4.84959E+16
50401,8.17071E+18,8,4,15,61,2017,7,5,7,3,7,7,0,0,0,1,0,1,0,5.13293E+20,5.37204E+21,9.17996E+15,4.85014E+16
50402,8.17071E+18,8,4,15,50,2017,7,10,7,3,3,2,0,1,0,1,0,0,0,5.19953E+20,5.37654E+21,9.27032E+15,4.85417E+16
50403,8.17071E+18,8,3,37,22,2017,7,18,7,2,3,2,0,1,0,1,0,0,0,4.48825E+20,5.29473E+21,8.31655E+15,4.78039E+16
50404,8.17071E+18,8,3,37,60,2017,7,15,7,3,2,6,0,1,0,0,0,0,0,4.67443E+20,5.27734E+21,8.56649E+15,4.76487E+16
50405,8.17071E+18,8,3,36,14,2017,7,16,7,3,5,3,0,1,0,0,0,0,0,3.89751E+20,5.27954E+21,7.53165E+15,4.76598E+16
50406,8.17071E+18,8,3,35,22,2017,7,20,7,3,2,6,0,1,0,0,0,0,0,4.82914E+20,5.30031E+21,8.77159E+15,4.78559E+16
50407,8.17071E+18,8,3,35,81,2017,7,14,7,3,8,1,0,0,0,1,0,0,0,4.90145E+20,5.29541E+21,8.86837E+15,4.7812E+16
50408,8.17071E+18,8,3,27,46,2017,7,21,7,3,0,1,1,0,0,0,0,0,0,4.80481E+20,5.32459E+21,8.73796E+15,4.80743E+16
50409,8.17071E+18,8,3,26,74,2017,7,13,7,3,5,3,0,1,0,0,0,0,0,4.58132E+20,5.32338E+21,8.43805E+15,4.80623E+16
50410,8.17071E+18,8,3,26,55,2017,7,15,7,3,9,1,0,0,0,1,0,0,0,4.39157E+20,5.33333E+21,8.18197E+15,4.81503E+16
50411,8.17071E+18,8,3,26,17,2017,7,8,7,2,8,1,0,1,0,0,0,0,0,4.38556E+20,5.32073E+21,8.17571E+15,4.80369E+16
50412,8.17071E+18,8,3,26,61,2017,7,19,7,3,8,1,0,1,0,0,0,0,1,4.69644E+20,5.31775E+21,8.59296E+15,4.80123E+16
50413,8.17071E+18,8,3,26,5,2017,7,7,7,2,4,6,0,1,0,0,0,0,0,4.6619E+20,5.29738E+21,8.54825E+15,4.78289E+16
50414,8.17071E+18,8,3,17,65,2017,7,12,7,3,0,7,0,0,0,1,0,0,0,4.15045E+20,5.35685E+21,7.85313E+15,4.83591E+16
50415,8.17071E+18,8,3,17,26,2017,7,16,7,2,8,1,0,0,0,1,0,0,0,4.17987E+20,5.34283E+21,7.89556E+15,4.82333E+16
50416,8.17071E+18,8,3,15,30,2017,7,16,7,2,5,3,0,1,0,0,0,0,0,4.08193E+20,5.32887E+21,7.76672E+15,4.81065E+16
50417,8.17071E+18,8,3,37,22,2017,7,10,4,3,5,3,0,1,0,1,0,0,0,4.505E+20,5.29638E+21,8.33873E+15,4.78189E+16
50418,8.17071E+18,8,3,37,116,2017,7,11,4,3,5,3,0,1,0,0,0,0,0,4.17631E+20,5.27576E+21,7.9036E+15,4.763E+16
50419,8.17071E+18,8,3,15,31,2017,7,13,7,2,9,1,0,0,0,1,0,0,0,4.46281E+20,5.31333E+21,8.28026E+15,4.79711E+16
50420,8.17071E+18,8,3,11,0,2017,7,10,7,3,5,2,1,1,0,0,0,0,0,4.11854E+20,5.31521E+21,7.8187E+15,4.79841E+16
50421,8.17071E+18,8,2,26,103,2017,7,15,7,2,1,6,0,1,0,1,0,0,0,4.71323E+20,5.45657E+21,8.60587E+15,4.92613E+16
50422,8.17071E+18,8,2,36,46,2017,7,12,7,3,2,6,0,1,0,0,0,0,0,4.83996E+20,5.41629E+21,8.78163E+15,4.88994E+16
50423,8.17071E+18,8,2,12,0,2017,7,0,7,2,6,6,1,0,1,0,0,2,0,4.59154E+20,5.42809E+21,8.4415E+15,4.90044E+16
50424,8.17071E+18,8,2,12,0,2017,7,21,6,3,3,6,0,1,0,0,1,1,0,4.60574E+20,5.42878E+21,8.46085E+15,4.90106E+16
50425,8.17071E+18,8,1,18,79,2017,7,17,5,3,0,7,0,0,0,1,0,0,0,5.1076E+20,5.42167E+21,9.14696E+15,4.89478E+16
50426,8.17071E+18,8,1,17,51,2017,7,16,5,3,0,1,1,0,0,0,0,0,0,5.44879E+20,5.39515E+21,9.61003E+15,4.87078E+16
50427,8.17071E+18,8,1,16,77,2017,7,0,5,3,0,7,0,0,0,1,0,2,0,5.13967E+20,5.39171E+21,9.18974E+15,4.86783E+16
50428,8.17071E+18,8,1,16,37,2017,7,17,5,2,8,1,0,0,0,1,0,0,0,5.36747E+20,5.40031E+21,9.49996E+15,4.87547E+16
50429,8.17071E+18,8,1,16,20,2017,7,16,5,3,2,6,0,1,0,1,0,0,1,5.27214E+20,5.38105E+21,9.36899E+15,4.8582E+16
50430,8.17071E+18,8,2,15,9,2017,7,18,7,3,5,3,1,0,0,0,1,0,0,4.69747E+20,5.43605E+21,8.58574E+15,4.90766E+16
50431,8.17071E+18,8,2,37,40,2017,7,22,7,3,6,4,0,1,1,0,0,2,0,4.76997E+20,5.36556E+21,8.68896E+15,4.84428E+16
50432,8.17071E+18,8,1,15,41,2017,7,18,5,3,5,7,0,1,0,1,0,0,0,4.95802E+20,5.40064E+21,8.94288E+15,4.87588E+16
50433,8.17071E+18,8,3,37,90,2017,7,14,4,3,4,6,0,1,0,0,0,0,0,4.24175E+20,5.27603E+21,7.99065E+15,4.76332E+16
50434,8.17071E+18,8,2,35,80,2017,7,16,7,3,0,7,1,0,0,0,1,0,1,4.83721E+20,5.38467E+21,8.77913E+15,4.86148E+16
50435,8.17071E+18,8,2,36,4,2017,7,14,7,2,5,3,0,1,0,0,0,0,0,4.71772E+20,5.41135E+21,8.61519E+15,4.88545E+16
50436,8.17071E+18,8,3,36,84,2017,7,13,4,2,5,3,0,1,0,1,0,0,0,4.02702E+20,5.27714E+21,7.70463E+15,4.76403E+16
50437,8.17071E+18,8,2,36,40,2017,7,13,7,3,2,6,0,1,0,0,0,0,0,4.90212E+20,5.42189E+21,8.86631E+15,4.89499E+16
50438,8.17071E+18,8,2,26,85,2017,7,23,7,2,4,6,0,1,0,0,0,2,0,4.91448E+20,5.45669E+21,8.88246E+15,4.92629E+16
50439,8.17071E+18,8,1,15,37,2017,7,16,5,3,2,6,0,1,0,0,0,0,0,4.92403E+20,5.38561E+21,8.89691E+15,4.86235E+16
50440,8.17071E+18,8,2,26,106,2017,7,16,7,2,8,1,0,0,0,1,0,0,0,4.96683E+20,5.46278E+21,8.95436E+15,4.93177E+16
50441,8.17071E+18,8,2,26,85,2017,7,7,7,2,8,7,0,1,0,0,0,0,0,4.94132E+20,5.4527E+21,8.91941E+15,4.9227E+16
50442,8.17071E+18,8,2,26,102,2017,7,17,7,2,0,6,0,1,0,0,0,0,0,4.84639E+20,5.45202E+21,8.78905E+15,4.92208E+16
50443,8.17071E+18,8,2,15,110,2017,7,10,7,3,6,7,0,1,1,0,0,0,0,4.60133E+20,5.41993E+21,8.45569E+15,4.8931E+16