OBJECTID,UIDENTSTLA,ULAND,UREGBEZ,UKREIS,UGEMEINDE,UJAHR,UMONAT,USTUNDE,UWOCHENTAG,UKATEGORIE,UART,UTYP1,IstRad,IstPKW,IstFuss,IstKrad,IstSonstig,LICHT,STRZUSTAND,LINREFX,LINREFY,XGCSWGS84,YGCSWGS84
50444,8.17071E+18,8,2,15,46,2017,7,8,7,2,5,3,1,1,0,0,0,0,0,4.51146E+20,5.41474E+21,8.33362E+15,4.88836E+16
50445,8.17071E+18,8,1,25,98,2017,7,13,7,3,2,6,0,1,0,1,0,0,0,5.21416E+20,5.43823E+21,9.29337E+15,4.90965E+16
50446,8.17071E+18,8,1,18,70,2017,7,21,7,3,8,1,0,1,0,0,0,2,0,5.16818E+20,5.42507E+21,9.22983E+15,4.89783E+16
50447,8.17071E+18,8,1,18,63,2017,7,1,7,3,8,7,0,1,0,0,0,2,0,5.14777E+20,5.42181E+21,9.20183E+15,4.8949E+16
50448,8.17071E+18,8,1,15,45,2017,7,15,7,2,2,6,0,1,0,1,0,0,0,5.01599E+20,5.39396E+21,9.02173E+15,4.86987E+16
50449,8.17071E+18,8,1,15,1,2017,7,16,7,2,8,1,0,1,0,0,0,0,1,4.9093E+20,5.39051E+21,8.87681E+15,4.86676E+16
50450,8.17071E+18,8,1,36,3,2017,7,14,7,3,5,3,0,1,0,0,0,0,0,5.73458E+20,5.42266E+21,1.00034E+16,4.89525E+16
50451,8.17071E+18,8,1,35,25,2017,7,10,7,3,0,2,0,1,0,0,0,0,0,5.80402E+20,5.39735E+21,1.00932E+16,4.8724E+16
50452,8.17071E+18,8,1,35,21,2017,7,6,7,3,8,1,0,1,0,0,0,0,1,5.92246E+20,5.38383E+21,1.02512E+16,4.86007E+16
50453,8.17071E+18,8,1,35,16,2017,7,20,7,3,8,1,0,1,0,0,0,2,1,5.90594E+20,5.38964E+21,1.02301E+16,4.86533E+16
50454,8.17071E+18,8,1,28,58,2017,7,12,7,3,8,1,0,1,0,0,0,0,0,5.61545E+20,5.48256E+21,9.84985E+15,4.94925E+16
50455,8.17071E+18,8,1,27,63,2017,7,0,7,2,0,7,1,0,0,0,0,2,0,5.65905E+20,5.43414E+21,9.90207E+15,4.90566E+16
50456,8.17071E+18,8,1,27,100,2017,7,16,7,3,8,1,0,0,0,1,0,0,0,5.54859E+20,5.4339E+21,9.75086E+15,4.90555E+16
50457,8.17071E+18,8,1,27,86,2017,7,17,7,3,5,3,0,1,0,0,0,0,0,5.51313E+20,5.44494E+21,9.70373E+15,4.91551E+16
50458,8.17071E+18,8,1,26,20,2017,7,19,7,3,9,1,0,1,0,0,0,0,0,5.5216E+20,5.46853E+21,9.71842E+15,4.93672E+16
50459,8.17071E+18,8,1,25,69,2017,7,13,7,3,4,6,1,1,0,0,0,0,0,5.22117E+20,5.4528E+21,9.30377E+15,4.92275E+16
50460,8.17071E+18,8,1,21,0,2017,7,7,7,3,2,6,0,1,0,0,1,0,0,5.16419E+20,5.44619E+21,9.22524E+15,4.91683E+16
50461,8.17071E+18,8,1,21,0,2017,7,17,7,3,2,6,0,1,0,0,0,0,0,5.15176E+20,5.44293E+21,9.20806E+15,4.9139E+16
50462,8.17071E+18,8,1,19,37,2017,7,4,7,1,6,1,0,1,1,0,0,2,0,5.51143E+20,5.41645E+21,9.69782E+15,4.88989E+16
50463,8.17071E+18,8,1,19,90,2017,7,20,7,2,2,6,0,1,0,0,0,0,0,5.29691E+20,5.40708E+21,9.40445E+15,4.8816E+16
50464,8.17071E+18,8,3,35,55,2017,7,18,4,3,0,7,0,1,0,1,0,0,0,4.95108E+20,5.28562E+21,8.93476E+15,4.7724E+16
50465,8.17071E+18,8,2,22,0,2017,7,12,6,3,5,7,1,0,0,0,0,0,0,4.62532E+20,5.48232E+21,8.48262E+15,4.94923E+16
50466,8.17071E+18,8,1,15,24,2017,7,12,5,3,5,7,1,1,0,0,0,0,0,5.00501E+20,5.38817E+21,9.0068E+15,4.86466E+16
50467,8.17071E+18,8,1,11,0,2017,7,18,5,3,2,6,0,1,0,0,0,0,0,5.12103E+20,5.3981E+21,9.16461E+15,4.87358E+16
50468,8.17071E+18,8,1,11,0,2017,7,21,5,3,0,1,0,0,0,1,0,2,0,5.13909E+20,5.40606E+21,9.18944E+15,4.88074E+16
50469,8.17071E+18,8,1,18,80,2017,7,15,7,3,5,3,1,0,0,0,1,0,0,5.09995E+20,5.40868E+21,9.13619E+15,4.8831E+16
50470,8.17071E+18,8,1,17,26,2017,7,15,7,3,3,6,1,1,0,0,0,0,0,5.47677E+20,5.39484E+21,9.64802E+15,4.87048E+16
50471,8.17071E+18,8,1,11,0,2017,7,9,5,3,5,7,0,0,0,0,1,0,0,5.14957E+20,5.40459E+21,9.20365E+15,4.87941E+16
50472,8.17071E+18,8,1,16,33,2017,7,21,7,3,8,1,1,0,0,0,0,1,0,5.31593E+20,5.38758E+21,9.42885E+15,4.86405E+16
50473,8.17071E+18,8,1,16,47,2017,7,19,7,3,2,6,0,1,0,1,0,0,0,5.20921E+20,5.39388E+21,9.28431E+15,4.86976E+16
50474,8.17071E+18,8,1,11,0,2017,7,17,5,3,2,6,0,1,0,0,1,0,0,5.13643E+20,5.40239E+21,9.1857E+15,4.87744E+16
50475,8.17071E+18,8,3,35,43,2017,7,15,4,3,9,7,0,1,0,0,0,0,0,5.12694E+20,5.28068E+21,9.16912E+15,4.76794E+16
50476,8.17071E+18,8,1,16,33,2017,7,20,7,3,5,3,0,1,0,1,0,0,0,5.32018E+20,5.39054E+21,9.43485E+15,4.86671E+16
50477,8.17071E+18,8,1,11,0,2017,7,10,7,3,0,1,0,0,0,1,0,0,0,5.11038E+20,5.40995E+21,9.15044E+15,4.88424E+16
50478,8.17071E+18,8,4,36,55,2017,7,17,4,3,2,6,0,1,0,0,0,0,0,5.72563E+20,5.29954E+21,9.96986E+15,4.78451E+16
50479,8.17071E+18,8,3,35,43,2017,7,8,4,3,0,2,0,1,0,1,0,0,1,5.12097E+20,5.27999E+21,9.16115E+15,4.76731E+16
50480,8.17071E+18,8,1,11,0,2017,7,10,7,3,0,1,1,0,0,0,0,0,0,5.16798E+20,5.40674E+21,9.2288E+15,4.88134E+16
50481,8.17071E+18,8,1,11,0,2017,7,18,7,3,5,3,0,1,0,1,0,0,0,5.1232E+20,5.39952E+21,9.16759E+15,4.87486E+16
50482,8.17071E+18,8,3,15,74,2017,7,7,5,3,3,6,1,0,0,0,0,0,0,3.98604E+20,5.29577E+21,7.64575E+15,4.78073E+16
50483,8.17071E+18,8,4,36,79,2017,7,7,4,3,2,6,0,1,0,0,0,0,0,5.53211E+20,5.28955E+21,9.71E+15,4.77571E+16
50484,8.17071E+18,8,4,37,8,2017,7,16,6,3,1,7,1,1,0,0,0,0,0,5.20397E+20,5.32847E+21,9.27401E+15,4.81092E+16
50485,8.17071E+18,8,4,37,86,2017,7,12,6,3,8,1,0,0,0,1,0,0,0,5.27859E+20,5.30502E+21,9.37274E+15,4.78979E+16
50486,8.17071E+18,8,4,36,64,2017,7,14,6,3,1,6,0,1,0,0,0,0,0,5.46073E+20,5.29247E+21,9.61507E+15,4.77839E+16
50487,8.17071E+18,8,4,35,20,2017,7,18,4,3,0,1,0,0,0,1,0,0,0,5.22521E+20,5.29679E+21,9.30089E+15,4.78241E+16
50488,8.17071E+18,8,4,35,35,2017,7,16,4,3,0,1,1,0,0,0,0,0,0,5.42246E+20,5.28288E+21,9.56306E+15,4.76979E+16
50489,8.17071E+18,8,4,35,15,2017,7,19,4,2,5,2,1,1,0,0,0,0,0,5.18993E+20,5.29677E+21,9.25374E+15,4.7824E+16
50490,8.17071E+18,8,4,26,67,2017,7,5,4,3,8,7,0,1,0,0,0,0,0,5.29789E+20,5.33289E+21,9.40049E+15,4.81486E+16
50491,8.17071E+18,8,4,35,34,2017,7,0,6,3,9,1,0,1,0,0,0,2,0,5.30807E+20,5.28371E+21,9.41066E+15,4.7706E+16
50492,8.17071E+18,8,4,35,57,2017,7,15,6,3,5,2,1,1,0,0,0,0,0,5.49407E+20,5.27539E+21,9.65765E+15,4.763E+16
50493,8.17071E+18,8,3,35,63,2017,7,12,4,2,0,1,0,0,0,1,0,0,0,4.98546E+20,5.29157E+21,8.98059E+15,4.77775E+16
50494,8.17071E+18,8,4,35,45,2017,7,12,6,3,0,7,1,0,0,0,0,0,0,5.34401E+20,5.28443E+21,9.45862E+15,4.77123E+16
50495,8.17071E+18,8,4,26,117,2017,7,8,4,3,5,3,0,1,0,0,0,0,0,5.80985E+20,5.31657E+21,1.00856E+16,4.79973E+16
50496,8.17071E+18,8,4,26,121,2017,7,18,6,3,2,1,0,1,0,0,0,0,0,5.38277E+20,5.33343E+21,9.51465E+15,4.8153E+16
50497,8.17071E+18,8,4,25,33,2017,7,12,6,2,5,3,0,1,0,0,0,0,0,5.43898E+20,5.345E+21,9.59142E+15,4.82567E+16
50498,8.17071E+18,8,4,25,72,2017,7,18,6,3,2,6,0,1,0,0,0,0,0,5.80378E+20,5.37171E+21,1.00879E+16,4.84934E+16
50499,8.17071E+18,8,4,21,0,2017,7,12,6,3,3,6,0,1,0,0,1,0,0,5.7276E+20,5.36037E+21,9.98288E+15,4.83923E+16
50500,8.17071E+18,8,4,17,2,2017,7,13,6,3,1,5,0,1,0,0,0,0,0,4.943E+20,5.34473E+21,8.92321E+15,4.82558E+16
50501,8.17071E+18,8,4,17,2,2017,7,15,6,3,1,6,0,1,0,0,0,0,0,4.88332E+20,5.34498E+21,8.8428E+15,4.82579E+16
50502,8.17071E+18,8,4,15,61,2017,7,8,6,3,5,2,1,1,0,0,0,0,0,5.15873E+20,5.37061E+21,9.21483E+15,4.84884E+16
50503,8.17071E+18,8,4,15,61,2017,7,23,6,3,4,6,0,1,0,0,0,2,0,5.14489E+20,5.37383E+21,9.1962E+15,4.85174E+16
50504,8.17071E+18,8,4,15,61,2017,7,11,6,2,8,1,0,1,0,0,0,0,0,5.11922E+20,5.37164E+21,9.16138E+15,4.84977E+16
50505,8.17071E+18,8,4,15,92,2017,7,15,6,2,4,6,0,1,0,0,1,0,0,5.17919E+20,5.36591E+21,9.24231E+15,4.84461E+16
50506,8.17071E+18,8,4,15,92,2017,7,17,6,3,8,6,0,1,0,0,0,0,0,5.20951E+20,5.36117E+21,9.28307E+15,4.84033E+16
50507,8.17071E+18,8,3,27,18,2017,7,16,6,3,3,6,0,1,0,0,0,0,0,4.75531E+20,5.30763E+21,8.67247E+15,4.79215E+16
50508,8.17071E+18,8,4,16,36,2017,7,6,6,3,3,6,0,0,0,0,1,0,0,4.87512E+20,5.37106E+21,8.83098E+15,4.84925E+16
50509,8.17071E+18,8,3,16,37,2017,7,19,6,3,2,6,0,1,0,0,0,0,0,4.07816E+20,5.33411E+21,7.76052E+15,4.81536E+16
50510,8.17071E+18,8,3,37,126,2017,7,16,6,2,8,1,0,0,0,1,0,0,0,4.48942E+20,5.2814E+21,8.31968E+15,4.7684E+16
50511,8.17071E+18,8,3,37,108,2017,7,11,6,2,9,1,0,0,0,1,0,0,0,4.2389E+20,5.28348E+21,7.98555E+15,4.77002E+16
50512,8.17071E+18,8,3,36,81,2017,7,14,6,3,2,6,0,1,0,0,0,0,0,4.13285E+20,5.27776E+21,7.84536E+15,4.76475E+16
50513,8.17071E+18,8,4,26,43,2017,7,14,4,3,2,6,0,1,0,0,0,0,0,5.74394E+20,5.32403E+21,9.99857E+15,4.80652E+16
50514,8.17071E+18,8,3,35,79,2017,7,17,4,2,5,3,0,1,0,1,0,0,0,4.9991E+20,5.29906E+21,8.9988E+15,4.78449E+16
50515,8.17071E+18,8,4,36,82,2017,7,19,4,3,8,1,0,1,0,0,0,0,0,5.50763E+20,5.29496E+21,9.67797E+15,4.7806E+16
50516,8.17071E+18,8,2,16,43,2017,7,7,6,3,1,3,1,0,0,0,1,0,0,4.43003E+20,5.41226E+21,8.2229E+15,4.88607E+16
50517,8.17071E+18,8,2,12,0,2017,7,16,6,3,5,3,1,1,0,0,0,0,0,4.52231E+20,5.42802E+21,8.34686E+15,4.90032E+16
50518,8.17071E+18,8,4,26,44,2017,7,17,4,2,5,3,1,1,0,0,0,0,0,5.80253E+20,5.32689E+21,1.00777E+16,4.80902E+16
50519,8.17071E+18,8,4,21,0,2017,7,15,4,2,5,3,0,1,0,1,0,0,0,5.73073E+20,5.35609E+21,9.98635E+15,4.83537E+16
50520,8.17071E+18,8,2,16,63,2017,7,12,6,3,8,1,0,1,0,0,0,0,0,4.31156E+20,5.40297E+21,8.06296E+15,4.87759E+16
50521,8.17071E+18,8,2,15,17,2017,7,19,6,3,2,6,0,1,0,0,0,0,0,4.52433E+20,5.41797E+21,8.35079E+15,4.89128E+16
50522,8.17071E+18,8,4,26,21,2017,7,9,4,2,0,3,0,1,0,1,0,0,0,5.58468E+20,5.32726E+21,9.78526E+15,4.80959E+16
50523,8.17071E+18,8,4,25,141,2017,7,19,4,2,1,1,0,1,1,0,0,0,0,5.65822E+20,5.3632E+21,9.88961E+15,4.84185E+16
50524,8.17071E+18,8,4,26,71,2017,7,11,4,2,9,1,1,0,0,0,0,0,0,5.63183E+20,5.33002E+21,9.84898E+15,4.81203E+16
50525,8.17071E+18,8,4,25,110,2017,7,9,4,3,8,6,0,1,0,0,0,0,0,5.74354E+20,5.34635E+21,1.00019E+16,4.8266E+16
50526,8.17071E+18,8,3,36,69,2017,7,10,6,3,2,6,0,1,0,0,0,0,0,4.07133E+20,5.26897E+21,7.76534E+15,4.75675E+16
50527,8.17071E+18,8,3,35,75,2017,7,9,6,3,8,1,1,0,0,0,0,0,0,4.86141E+20,5.2892E+21,8.81508E+15,4.7756E+16
50528,8.17071E+18,8,4,35,52,2017,7,22,4,2,6,4,0,1,1,0,0,2,1,5.23293E+20,5.28968E+21,9.31082E+15,4.776E+16
50529,8.17071E+18,8,3,35,75,2017,7,7,6,3,2,6,0,1,0,0,0,0,0,4.86855E+20,5.29153E+21,8.82454E+15,4.7777E+16
50530,8.17071E+18,8,4,25,28,2017,7,16,4,3,4,1,1,0,0,0,0,0,0,5.79054E+20,5.34197E+21,1.00644E+16,4.82261E+16
50531,8.17071E+18,8,3,27,50,2017,7,11,4,3,6,4,0,1,1,0,0,0,0,4.8806E+20,5.31421E+21,8.84E+15,4.79811E+16
50532,8.17071E+18,8,3,35,43,2017,7,15,6,3,0,7,1,0,0,0,0,0,0,5.15248E+20,5.28107E+21,9.20317E+15,4.76828E+16
50533,8.17071E+18,8,3,35,66,2017,7,14,6,3,2,6,0,1,0,0,1,0,0,5.07946E+20,5.28345E+21,9.10591E+15,4.77044E+16
50534,8.17071E+18,8,3,25,45,2017,7,18,4,3,4,6,0,1,0,1,0,0,1,4.67708E+20,5.34879E+21,8.56465E+15,4.82915E+16
50535,8.17071E+18,8,4,36,64,2017,7,17,6,3,5,3,1,0,0,0,1,0,0,5.45125E+20,5.29571E+21,9.60275E+15,4.78132E+16
50536,8.17071E+18,8,4,35,16,2017,7,9,6,3,4,6,0,1,0,0,0,0,0,5.34251E+20,5.2814E+21,9.45638E+15,4.76851E+16
50537,8.17071E+18,8,4,17,79,2017,7,19,4,3,5,3,1,1,0,0,0,0,0,5.01988E+20,5.34045E+21,9.02676E+15,4.82173E+16
50538,8.17071E+18,8,3,26,52,2017,7,12,6,3,2,6,0,1,0,0,0,0,0,4.53609E+20,5.33096E+21,8.37653E+15,4.81302E+16
50539,8.17071E+18,8,3,25,69,2017,7,18,6,3,8,1,0,0,0,1,0,0,0,4.66308E+20,5.33409E+21,8.54695E+15,4.81591E+16
50540,8.17071E+18,8,3,26,74,2017,7,12,6,1,8,7,0,1,0,0,0,0,0,4.51754E+20,5.3197E+21,8.35287E+15,4.80287E+16
50541,8.17071E+18,8,3,17,151,2017,7,12,6,3,0,1,1,0,0,0,0,0,0,4.12198E+20,5.36614E+21,7.81276E+15,4.84423E+16
50542,8.17071E+18,8,3,17,21,2017,7,8,6,3,5,3,0,1,0,0,0,0,0,4.2574E+20,5.37158E+21,7.99488E+15,4.8493E+16
50543,8.17071E+18,8,3,17,114,2017,7,17,6,3,5,3,1,1,0,0,0,0,0,4.04913E+20,5.34543E+21,7.71896E+15,4.8255E+16
50544,8.17071E+18,8,3,17,65,2017,7,16,6,3,6,7,0,1,1,0,0,0,0,4.17276E+20,5.35481E+21,7.88365E+15,4.8341E+16
50545,8.17071E+18,8,3,17,110,2017,7,18,6,3,0,7,1,1,0,0,0,0,0,4.26831E+20,5.3818E+21,8.00785E+15,4.8585E+16
50546,8.17071E+18,8,3,17,151,2017,7,15,6,3,2,6,0,1,0,0,0,0,0,4.14707E+20,5.3612E+21,7.84768E+15,4.83982E+16
50547,8.17071E+18,8,3,15,70,2017,7,10,6,3,3,3,0,1,0,0,0,0,0,4.516E+20,5.30402E+21,8.35257E+15,4.78877E+16
50548,8.17071E+18,8,3,11,0,2017,7,0,6,3,4,6,1,0,1,0,0,2,0,4.11856E+20,5.31775E+21,7.81821E+15,4.8007E+16
50549,8.17071E+18,8,4,15,61,2017,7,17,4,3,5,3,1,1,0,0,0,0,0,5.16441E+20,5.37024E+21,9.22249E+15,4.8485E+16
50550,8.17071E+18,8,4,15,61,2017,7,9,4,3,3,2,1,1,0,0,0,0,0,5.14175E+20,5.37087E+21,9.19185E+15,4.84908E+16
50551,8.17071E+18,8,2,31,0,2017,7,18,6,3,3,6,0,1,0,0,0,0,1,4.77825E+20,5.4149E+21,8.69751E+15,4.88866E+16
50552,8.17072E+18,8,3,16,43,2017,7,5,7,3,9,1,0,0,0,0,1,1,0,4.11631E+20,5.3313E+21,7.81239E+15,4.81288E+16
50553,8.17072E+18,8,1,16,47,2017,7,14,2,3,5,3,0,1,0,0,0,0,0,5.20768E+20,5.39325E+21,9.2822E+15,4.8692E+16
50554,8.17072E+18,8,3,15,16,2017,7,8,7,2,0,1,0,0,0,1,0,0,0,4.31049E+20,5.30746E+21,8.07714E+15,4.79167E+16
50555,8.17072E+18,8,2,26,103,2017,7,12,7,3,1,1,0,1,0,0,1,0,0,4.71553E+20,5.45699E+21,8.60899E+15,4.92651E+16
50556,8.17072E+18,8,3,17,41,2017,7,11,2,2,2,6,0,1,0,1,0,0,0,4.37014E+20,5.34821E+21,8.15096E+15,4.82839E+16
50557,8.17072E+18,8,4,15,87,2017,7,9,2,2,2,2,0,1,0,0,0,0,0,5.10366E+20,5.38227E+21,9.14059E+15,4.85934E+16
50558,8.17072E+18,8,1,11,0,2017,7,17,3,3,2,6,0,1,0,0,0,0,0,5.08639E+20,5.40064E+21,9.11754E+15,4.87587E+16
50559,8.17072E+18,8,1,18,10,2017,7,20,3,3,5,2,0,1,0,0,1,0,0,5.08399E+20,5.43025E+21,9.11489E+15,4.90251E+16
50560,8.17072E+18,8,2,15,9,2017,7,4,7,3,2,6,0,1,0,0,1,2,0,4.66488E+20,5.43892E+21,8.54089E+15,4.91022E+16
50561,8.17072E+18,8,1,35,19,2017,7,18,3,2,5,3,1,1,0,0,0,0,0,5.85532E+20,5.39555E+21,1.01626E+16,4.87071E+16
50562,8.17072E+18,8,2,37,40,2017,7,22,7,3,6,7,0,1,1,0,0,2,0,4.73771E+20,5.36927E+21,8.64511E+15,4.84761E+16
50563,8.17072E+18,8,2,37,4,2017,7,15,7,3,9,1,0,0,0,1,0,0,0,4.44977E+20,5.3779E+21,8.25439E+15,4.85518E+16
50564,8.17072E+18,8,2,35,46,2017,7,16,7,3,0,1,0,0,0,1,0,0,0,4.81917E+20,5.37856E+21,8.75492E+15,4.85598E+16
50565,8.17072E+18,8,4,17,31,2017,7,16,1,3,2,6,0,1,0,0,0,0,0,4.98449E+20,5.35716E+21,8.97906E+15,4.83676E+16
50566,8.17072E+18,8,2,35,32,2017,7,15,7,3,8,1,0,1,0,0,0,0,0,4.75869E+20,5.37681E+21,8.67306E+15,4.85439E+16
50567,8.17072E+18,8,3,36,6,2017,7,9,7,3,2,6,0,1,0,1,0,0,0,3.93424E+20,5.2858E+21,7.57903E+15,4.77168E+16
50568,8.17072E+18,8,1,15,21,2017,7,5,1,3,9,1,0,1,0,0,0,1,0,4.86936E+20,5.38255E+21,8.82282E+15,4.85959E+16
50569,8.17072E+18,8,1,35,19,2017,7,14,1,3,9,3,0,1,0,0,0,0,0,5.87987E+20,5.399E+21,1.01967E+16,4.87378E+16
50570,8.17072E+18,8,2,35,7,2017,7,16,7,3,2,2,0,1,0,0,0,0,0,4.82164E+20,5.39905E+21,8.75739E+15,4.87442E+16
50571,8.17072E+18,8,2,31,0,2017,7,15,7,3,2,6,0,1,0,0,0,0,0,4.78462E+20,5.41601E+21,8.70615E+15,4.88966E+16
50572,8.17072E+18,8,2,26,13,2017,7,15,7,3,4,6,0,1,0,1,0,0,0,5.03088E+20,5.48297E+21,9.04265E+15,4.94993E+16
50573,8.17072E+18,8,2,16,15,2017,7,14,7,3,2,6,0,1,0,0,0,0,0,4.49419E+20,5.4034E+21,8.31146E+15,4.87815E+16
50574,8.17072E+18,8,2,16,15,2017,7,14,7,3,5,2,0,1,0,0,0,0,0,4.5164E+20,5.40331E+21,8.3417E+15,4.87809E+16
50575,8.17072E+18,8,2,36,72,2017,7,18,2,3,2,6,0,0,0,1,0,0,0,4.66821E+20,5.41008E+21,8.5478E+15,4.88428E+16
50576,8.17072E+18,8,3,16,9,2017,7,18,2,3,0,3,0,1,0,1,0,0,0,4.1638E+20,5.32505E+21,7.87742E+15,4.80732E+16
50577,8.17072E+18,8,3,35,35,2017,7,17,2,2,8,1,0,0,0,1,0,0,0,4.83794E+20,5.29329E+21,8.78361E+15,4.77928E+16
50578,8.17072E+18,8,4,35,59,2017,7,15,2,3,1,5,1,0,0,0,1,0,0,5.12575E+20,5.2907E+21,9.16783E+15,4.77695E+16
50579,8.17072E+18,8,2,11,0,2017,7,11,7,3,0,1,0,0,0,1,0,0,0,4.4393E+20,5.39433E+21,8.23798E+15,4.86995E+16
50580,8.17072E+18,8,1,16,78,2017,7,19,3,3,5,3,0,1,0,1,0,0,0,5.12325E+20,5.39332E+21,9.16748E+15,4.86928E+16
50581,8.17072E+18,8,2,16,24,2017,7,23,7,2,2,7,0,1,0,0,1,2,0,4.46174E+20,5.41138E+21,8.26625E+15,4.88531E+16
50582,8.17072E+18,8,1,26,47,2017,7,7,3,3,2,6,0,0,0,0,1,0,0,5.50577E+20,5.44982E+21,9.69425E+15,4.91991E+16
50583,8.17072E+18,8,2,15,7,2017,7,16,7,3,5,3,0,1,0,0,0,0,0,4.78378E+20,5.43005E+21,8.70425E+15,4.9023E+16
50584,8.17072E+18,8,2,12,0,2017,7,18,7,3,2,6,0,1,0,0,0,0,0,4.58933E+20,5.42891E+21,8.4384E+15,4.90117E+16
50585,8.17072E+18,8,1,18,79,2017,7,5,7,2,5,3,0,1,0,0,0,0,0,5.09466E+20,5.42032E+21,9.12926E+15,4.89357E+16
50586,8.17072E+18,8,4,36,83,2017,7,9,2,3,5,3,1,1,0,0,0,0,0,5.32531E+20,5.30147E+21,9.43497E+15,4.78657E+16
50587,8.17072E+18,8,1,16,33,2017,7,12,3,3,5,3,0,1,0,0,0,0,0,5.33967E+20,5.38873E+21,9.46117E+15,4.86507E+16
50588,8.17072E+18,8,1,27,99,2017,7,8,3,3,2,6,0,0,0,0,1,0,0,5.62359E+20,5.44719E+21,9.85556E+15,4.91744E+16
50589,8.17072E+18,8,1,18,73,2017,7,18,7,3,6,4,0,1,1,0,0,0,0,4.9882E+20,5.41834E+21,8.98389E+15,4.8918E+16
50590,8.17072E+18,8,1,18,51,2017,7,15,7,3,8,6,0,1,0,0,0,0,0,5.09467E+20,5.41231E+21,9.12908E+15,4.88637E+16
50591,8.17072E+18,8,3,26,74,2017,7,10,7,3,4,6,0,1,0,0,1,0,0,4.66663E+20,5.32232E+21,8.55264E+15,4.80533E+16
50592,8.17072E+18,8,1,27,104,2017,7,17,7,3,9,1,0,1,0,0,0,0,0,5.81045E+20,5.43413E+21,1.01093E+16,4.90547E+16
50593,8.17072E+18,8,4,37,86,2017,7,15,7,3,8,6,1,1,0,0,0,0,0,5.25962E+20,5.30815E+21,9.34754E+15,4.79261E+16
50594,8.17072E+18,8,1,27,63,2017,7,5,7,3,2,6,0,1,0,0,1,0,0,5.64691E+20,5.43356E+21,9.88537E+15,4.90515E+16
50595,8.17072E+18,8,1,25,8,2017,7,8,7,2,8,1,0,0,0,1,0,0,1,5.2803E+20,5.43235E+21,9.38356E+15,4.90434E+16
50596,8.17072E+18,8,1,25,63,2017,7,22,7,3,8,1,0,1,0,0,0,2,0,5.2589E+20,5.46612E+21,9.35645E+15,4.93472E+16
50597,8.17072E+18,8,1,36,88,2017,7,17,2,3,5,2,1,1,0,0,0,0,0,5.8109E+20,5.40935E+21,1.01049E+16,4.88318E+16
50598,8.17072E+18,8,2,22,0,2017,7,15,2,3,2,1,0,1,0,0,0,0,0,4.6071E+20,5.48822E+21,8.45687E+15,4.95453E+16
50599,8.17072E+18,8,2,36,46,2017,7,17,2,2,2,6,0,1,0,0,1,0,0,4.83953E+20,5.41641E+21,8.78105E+15,4.89004E+16
50600,8.17072E+18,8,3,17,93,2017,7,7,2,2,8,7,1,0,0,0,0,0,0,4.4257E+20,5.35472E+21,8.22495E+15,4.83431E+16
50601,8.17072E+18,8,1,25,13,2017,7,11,7,3,0,7,0,1,1,0,0,0,0,5.05317E+20,5.43435E+21,9.07278E+15,4.9062E+16
50602,8.17072E+18,8,4,15,61,2017,7,12,2,2,9,1,0,0,0,1,0,0,0,5.13996E+20,5.37095E+21,9.18943E+15,4.84915E+16
50603,8.17072E+18,8,1,19,42,2017,7,11,7,3,0,1,1,0,0,0,0,0,0,5.26655E+20,5.41559E+21,9.36365E+15,4.88927E+16
50604,8.17072E+18,8,1,11,0,2017,7,10,3,2,5,3,1,1,0,0,0,0,0,5.12789E+20,5.4065E+21,9.1742E+15,4.88113E+16
50605,8.17072E+18,8,1,19,24,2017,7,1,7,3,8,1,0,1,0,0,0,2,1,5.37711E+20,5.43379E+21,9.51616E+15,4.90558E+16
50606,8.17072E+18,8,1,19,44,2017,7,23,7,3,8,1,0,1,0,0,0,2,0,5.44539E+20,5.42113E+21,9.60822E+15,4.89415E+16
50607,8.17072E+18,8,1,19,76,2017,7,16,7,2,0,7,1,0,0,0,0,0,0,5.42321E+20,5.40731E+21,9.5765E+15,4.88174E+16
50608,8.17072E+18,8,1,19,85,2017,7,2,7,1,1,1,1,0,0,0,1,2,1,5.28467E+20,5.41352E+21,9.38821E+15,4.8874E+16
50609,8.17072E+18,8,1,18,49,2017,7,0,7,3,9,7,0,1,0,0,0,2,1,5.19817E+20,5.42107E+21,9.27062E+15,4.89422E+16
50610,8.17072E+18,8,3,25,50,2017,7,15,2,3,2,6,0,1,0,0,0,0,0,4.53446E+20,5.35102E+21,8.37213E+15,4.83106E+16
50611,8.17072E+18,8,4,15,89,2017,7,13,2,3,4,6,0,1,0,0,0,0,0,5.21441E+20,5.36048E+21,9.28967E+15,4.83971E+16
50612,8.17072E+18,8,1,15,53,2017,7,8,3,3,2,6,0,1,0,0,0,0,0,4.8482E+20,5.38133E+21,8.79416E+15,4.85848E+16
50613,8.17072E+18,8,1,18,78,2017,7,17,7,3,2,2,1,1,0,0,0,0,0,5.14854E+20,5.42012E+21,9.20282E+15,4.89338E+16
50614,8.17072E+18,8,1,19,20,2017,7,10,3,3,2,2,0,1,0,0,0,0,0,5.18599E+20,5.40825E+21,9.25341E+15,4.8827E+16
50615,8.17072E+18,8,1,18,11,2017,7,13,7,3,5,2,1,1,0,0,0,0,0,4.98451E+20,5.41107E+21,8.97889E+15,4.88526E+16
50616,8.17072E+18,8,1,36,65,2017,7,14,3,3,2,2,0,1,0,0,0,0,0,5.58228E+20,5.40488E+21,9.79283E+15,4.87942E+16
50617,8.17072E+18,8,1,17,28,2017,7,12,7,3,2,6,0,1,0,0,0,0,0,5.47261E+20,5.38335E+21,9.64106E+15,4.86015E+16