OBJECTID,UIDENTSTLA,ULAND,UREGBEZ,UKREIS,UGEMEINDE,UJAHR,UMONAT,USTUNDE,UWOCHENTAG,UKATEGORIE,UART,UTYP1,IstRad,IstPKW,IstFuss,IstKrad,IstSonstig,LICHT,STRZUSTAND,LINREFX,LINREFY,XGCSWGS84,YGCSWGS84
50618,8.17072E+18,8,1,16,77,2017,7,4,7,3,9,1,0,1,0,0,0,1,0,5.14615E+20,5.39164E+21,9.19854E+15,4.86777E+16
50619,8.17072E+18,8,3,16,43,2017,7,19,1,3,5,2,0,1,0,1,0,0,0,4.09662E+20,5.3296E+21,7.78629E+15,4.81133E+16
50620,8.17072E+18,8,4,26,134,2017,7,0,1,2,8,1,0,1,0,0,0,2,0,5.58067E+20,5.33674E+21,9.78117E+15,4.81812E+16
50621,8.17072E+18,8,1,16,33,2017,7,17,7,3,2,6,0,1,0,0,0,0,0,5.33907E+20,5.38891E+21,9.46038E+15,4.86523E+16
50622,8.17072E+18,8,1,16,81,2017,7,12,7,2,4,2,1,1,0,0,0,0,0,5.17703E+20,5.3856E+21,9.24022E+15,4.86232E+16
50623,8.17072E+18,8,1,15,15,2017,7,17,7,3,3,6,0,1,0,0,0,0,0,4.93735E+20,5.38702E+21,8.91496E+15,4.86362E+16
50624,8.17072E+18,8,1,15,13,2017,7,17,7,3,2,6,0,1,0,0,0,0,0,4.94836E+20,5.38871E+21,8.92989E+15,4.86514E+16
50625,8.17072E+18,8,1,11,0,2017,7,14,7,3,2,6,0,1,0,0,0,0,0,5.13051E+20,5.40698E+21,9.17778E+15,4.88156E+16
50626,8.17072E+18,8,1,11,0,2017,7,6,7,3,2,6,0,1,0,0,0,0,0,5.12602E+20,5.40159E+21,9.17149E+15,4.87672E+16
50627,8.17072E+18,8,1,11,0,2017,7,11,7,2,0,7,0,1,0,0,1,0,0,5.11477E+20,5.40621E+21,9.15631E+15,4.88087E+16
50628,8.17072E+18,8,2,12,0,2017,7,18,2,3,2,6,0,1,0,0,0,0,0,4.53712E+20,5.42689E+21,8.36723E+15,4.89932E+16
50629,8.17072E+18,8,3,17,47,2017,7,18,2,3,2,7,0,1,0,0,0,0,0,4.18236E+20,5.36535E+21,7.89455E+15,4.8436E+16
50630,8.17072E+18,8,3,35,75,2017,7,7,2,3,0,3,0,1,0,1,0,0,0,4.90514E+20,5.28743E+21,8.87347E+15,4.77401E+16
50631,8.17071E+18,8,4,37,65,2017,7,12,6,3,2,6,0,1,0,0,1,0,1,5.18552E+20,5.31903E+21,9.24882E+15,4.80243E+16
50632,8.17072E+18,8,4,36,9,2017,7,5,2,2,5,3,0,1,0,0,0,1,0,5.62268E+20,5.30483E+21,9.83304E+15,4.78938E+16
50633,8.17071E+18,8,4,36,8,2017,7,20,6,3,6,4,0,1,1,0,0,0,0,5.48033E+20,5.31128E+21,9.64333E+15,4.7953E+16
50634,8.17072E+18,8,1,17,33,2017,7,11,3,3,2,2,0,1,0,1,0,0,0,5.59237E+20,5.38699E+21,9.804E+15,4.86332E+16
50635,8.17071E+18,8,4,36,55,2017,7,12,6,3,8,1,0,1,0,0,0,0,0,5.81072E+20,5.29599E+21,1.00829E+16,4.78121E+16
50636,8.17071E+18,8,4,36,55,2017,7,5,6,3,5,3,1,1,0,0,0,1,1,5.7654E+20,5.29726E+21,1.00226E+16,4.78242E+16
50637,8.17071E+18,8,4,35,52,2017,7,16,6,3,5,3,1,0,0,1,0,0,0,5.21562E+20,5.29146E+21,9.28782E+15,4.77761E+16
50638,8.17072E+18,8,1,18,63,2017,7,23,1,3,0,7,0,1,0,0,0,2,0,5.15864E+20,5.42284E+21,9.21671E+15,4.89583E+16
50639,8.17072E+18,8,2,36,46,2017,7,18,1,3,2,6,0,1,0,0,0,0,0,4.82789E+20,5.41794E+21,8.7651E+15,4.89142E+16
50640,8.17072E+18,8,3,26,74,2017,7,13,1,2,6,4,0,1,1,0,0,0,0,4.65012E+20,5.3247E+21,8.53028E+15,4.80746E+16
50641,8.17072E+18,8,3,36,107,2017,7,16,1,2,5,3,0,1,0,1,0,0,0,4.09111E+20,5.28605E+21,7.78808E+15,4.77214E+16
50642,8.17072E+18,8,1,16,70,2017,7,12,6,3,5,2,0,0,0,1,1,0,0,5.40472E+20,5.38624E+21,9.54926E+15,4.86279E+16
50643,8.17072E+18,8,1,15,3,2017,7,8,6,2,5,3,0,1,0,0,0,0,0,5.00604E+20,5.3893E+21,9.0082E+15,4.86567E+16
50644,8.17072E+18,8,1,11,0,2017,7,10,6,3,3,6,0,1,0,0,0,0,0,5.1118E+20,5.40913E+21,9.15235E+15,4.8835E+16
50645,8.17072E+18,8,1,11,0,2017,7,17,6,2,0,2,0,0,0,0,1,0,0,5.14778E+20,5.40304E+21,9.20117E+15,4.87802E+16
50646,8.17072E+18,8,1,11,0,2017,7,8,6,3,5,3,1,1,0,0,0,0,0,5.13208E+20,5.40667E+21,9.17991E+15,4.88129E+16
50647,8.17072E+18,8,1,11,0,2017,7,15,6,3,3,6,0,1,0,1,0,0,0,5.13027E+20,5.40329E+21,9.17734E+15,4.87825E+16
50648,8.17072E+18,8,4,37,8,2017,7,18,5,3,0,1,0,0,0,1,0,0,0,5.20246E+20,5.32836E+21,9.27198E+15,4.81081E+16
50649,8.17072E+18,8,4,36,10,2017,7,7,5,2,4,6,0,0,0,1,0,0,0,5.69723E+20,5.30898E+21,9.93343E+15,4.79304E+16
50650,8.17072E+18,8,4,36,64,2017,7,16,5,3,2,6,0,1,0,1,0,0,0,5.4345E+20,5.28772E+21,9.57959E+15,4.77414E+16
50651,8.17072E+18,8,4,36,55,2017,7,10,5,3,6,4,0,1,1,0,0,0,0,5.76443E+20,5.29737E+21,1.00213E+16,4.78251E+16
50652,8.17071E+18,8,4,26,21,2017,7,15,6,3,6,4,0,1,1,0,0,0,0,5.58385E+20,5.32722E+21,9.78414E+15,4.80956E+16
50653,8.17071E+18,8,4,26,73,2017,7,20,6,1,3,2,1,1,0,0,0,0,0,5.7004E+20,5.33866E+21,9.94253E+15,4.81973E+16
50654,8.17071E+18,8,4,26,117,2017,7,16,6,2,9,1,0,1,0,0,0,0,0,5.81032E+20,5.31434E+21,1.00858E+16,4.79773E+16
50655,8.17072E+18,8,1,36,42,2017,7,10,2,3,9,7,0,1,0,0,0,0,0,5.4592E+20,5.40389E+21,9.62515E+15,4.87863E+16
50656,8.17072E+18,8,2,22,0,2017,7,10,2,3,0,4,1,0,1,1,0,0,0,4.64017E+20,5.47748E+21,8.50357E+15,4.94489E+16
50657,8.17072E+18,8,3,15,76,2017,7,13,2,3,5,3,1,1,0,0,0,0,0,3.92452E+20,5.29603E+21,7.56354E+15,4.78087E+16
50658,8.17071E+18,8,4,25,20,2017,7,8,6,3,9,1,0,1,0,0,0,0,1,5.59253E+20,5.3603E+21,9.80043E+15,4.83931E+16
50659,8.17072E+18,8,4,36,24,2017,7,18,2,2,0,1,1,0,0,0,0,0,0,5.37739E+20,5.30398E+21,9.50483E+15,4.7888E+16
50660,8.17071E+18,8,4,25,33,2017,7,20,6,3,9,6,0,1,0,0,0,0,0,5.50892E+20,5.34794E+21,9.686E+15,4.82826E+16
50661,8.17072E+18,8,4,26,87,2017,7,14,2,3,2,6,0,1,0,0,0,0,0,5.70463E+20,5.32475E+21,9.94592E+15,4.80721E+16
50662,8.17071E+18,8,4,15,53,2017,7,10,6,3,3,2,0,1,0,1,0,0,0,5.34039E+20,5.36274E+21,9.46003E+15,4.84169E+16
50663,8.17072E+18,8,4,35,35,2017,7,7,5,3,4,6,1,0,0,0,0,0,1,5.4338E+20,5.28201E+21,9.57808E+15,4.769E+16
50664,8.17071E+18,8,3,37,106,2017,7,16,6,2,9,1,0,0,0,1,0,0,1,4.62052E+20,5.29335E+21,8.49331E+15,4.77924E+16
50665,8.17071E+18,8,3,37,127,2017,7,7,6,2,8,1,0,0,0,1,0,0,1,4.585E+20,5.29897E+21,8.44535E+15,4.78428E+16
50666,8.17072E+18,8,4,37,100,2017,7,7,5,2,8,7,0,1,1,0,0,0,0,5.41974E+20,5.31728E+21,9.56277E+15,4.80074E+16
50667,8.17072E+18,8,4,26,21,2017,7,12,5,3,8,6,0,0,0,1,1,0,1,5.62808E+20,5.32479E+21,9.84318E+15,4.80733E+16
50668,8.17072E+18,8,4,21,0,2017,7,17,5,3,2,6,0,1,0,1,0,0,0,5.73005E+20,5.3601E+21,9.98614E+15,4.83898E+16
50669,8.17072E+18,8,1,11,0,2017,7,6,1,3,3,6,0,1,0,0,0,0,0,5.12542E+20,5.40147E+21,9.17067E+15,4.87661E+16
50670,8.17072E+18,8,4,25,39,2017,7,6,5,2,4,2,0,1,0,0,1,0,0,5.63845E+20,5.34735E+21,9.86049E+15,4.82761E+16
50671,8.17072E+18,8,1,25,46,2017,7,20,1,2,9,1,0,0,0,1,0,0,0,5.1962E+20,5.43591E+21,9.26865E+15,4.90757E+16
50672,8.17072E+18,8,4,21,0,2017,7,6,5,3,1,6,0,1,0,0,0,0,0,5.63622E+20,5.35604E+21,9.85879E+15,4.83543E+16
50673,8.17072E+18,8,4,25,83,2017,7,17,5,3,2,6,0,1,0,0,0,0,0,5.77029E+20,5.37754E+21,1.00437E+16,4.85462E+16
50674,8.17072E+18,8,2,21,0,2017,7,11,1,3,3,6,1,1,0,0,0,0,0,4.77509E+20,5.47188E+21,8.69002E+15,4.93992E+16
50675,8.17072E+18,8,4,25,93,2017,7,16,5,3,2,6,0,1,0,1,0,0,0,5.59726E+20,5.34849E+21,9.80515E+15,4.82868E+16
50676,8.17072E+18,8,4,16,41,2017,7,16,5,3,3,6,0,1,0,0,0,0,0,5.06686E+20,5.37385E+21,9.09055E+15,4.85178E+16
50677,8.17072E+18,8,3,16,14,2017,7,17,1,3,4,1,0,1,0,1,0,0,0,4.25013E+20,5.33051E+21,7.99235E+15,4.81234E+16
50678,8.17072E+18,8,4,15,61,2017,7,11,5,2,0,1,1,0,0,0,0,0,1,5.16451E+20,5.37023E+21,9.22262E+15,4.8485E+16
50679,8.17072E+18,8,4,26,90,2017,7,18,1,3,5,3,1,1,0,0,0,0,0,5.48611E+20,5.32461E+21,9.65258E+15,4.80729E+16
50680,8.17072E+18,8,3,35,79,2017,7,16,2,2,0,1,1,0,0,0,0,0,0,5.01048E+20,5.29969E+21,9.01401E+15,4.78506E+16
50681,8.17071E+18,8,3,36,69,2017,7,0,6,3,0,1,1,0,0,0,0,2,0,4.0764E+20,5.26739E+21,7.7724E+15,4.75533E+16
50682,8.17072E+18,8,1,15,41,2017,7,8,3,3,3,6,0,1,0,0,0,0,0,4.93214E+20,5.39959E+21,8.90768E+15,4.87493E+16
50683,8.17072E+18,8,4,15,50,2017,7,7,5,3,2,6,0,1,0,0,0,0,0,5.19715E+20,5.37654E+21,9.2671E+15,4.85416E+16
50684,8.17071E+18,8,3,35,75,2017,7,12,6,3,2,2,0,1,0,0,0,0,0,4.88681E+20,5.29011E+21,8.84894E+15,4.77643E+16
50685,8.17072E+18,8,1,25,46,2017,7,12,3,2,6,2,0,1,1,0,0,0,0,5.18243E+20,5.43371E+21,9.2497E+15,4.9056E+16
50686,8.17072E+18,8,3,37,118,2017,7,5,5,2,8,1,0,1,0,0,0,0,0,4.43027E+20,5.27817E+21,8.2413E+15,4.76544E+16
50687,8.17071E+18,8,3,35,25,2017,7,21,6,3,6,4,0,1,1,0,0,2,0,4.98804E+20,5.28121E+21,8.98406E+15,4.76843E+16
50688,8.17072E+18,8,3,37,106,2017,7,14,5,2,4,2,0,1,0,0,0,0,0,4.60765E+20,5.29067E+21,8.47637E+15,4.77682E+16
50689,8.17072E+18,8,3,35,81,2017,7,8,5,3,2,6,0,1,0,1,0,0,0,4.89943E+20,5.29637E+21,8.86564E+15,4.78206E+16
50690,8.17071E+18,8,4,36,79,2017,7,16,6,2,5,1,1,1,0,0,0,0,1,5.5326E+20,5.29167E+21,9.71092E+15,4.77762E+16
50691,8.17072E+18,8,3,35,63,2017,7,17,5,3,2,6,0,1,0,0,0,0,0,4.96582E+20,5.28858E+21,8.9544E+15,4.77506E+16
50692,8.17072E+18,8,3,35,63,2017,7,12,5,3,0,1,0,0,0,1,0,0,1,4.96918E+20,5.28796E+21,8.95889E+15,4.7745E+16
50693,8.17071E+18,8,4,36,64,2017,7,15,6,2,4,1,0,1,0,0,0,0,1,5.47646E+20,5.29139E+21,9.63595E+15,4.77742E+16
50694,8.17072E+18,8,3,35,2,2017,7,12,5,3,2,6,0,1,0,0,1,0,1,5.06575E+20,5.28413E+21,9.08766E+15,4.77105E+16
50695,8.17072E+18,8,3,35,100,2017,7,14,5,3,2,6,0,1,0,0,0,0,1,4.88042E+20,5.28714E+21,8.8405E+15,4.77375E+16
50696,8.17072E+18,8,4,37,100,2017,7,10,5,3,3,1,1,1,0,0,0,0,0,5.39724E+20,5.31489E+21,9.53238E+15,4.79861E+16
50697,8.17072E+18,8,2,26,6,2017,7,14,1,2,5,3,0,1,0,1,0,0,0,4.84378E+20,5.46718E+21,8.78488E+15,4.93571E+16
50698,8.17072E+18,8,3,27,46,2017,7,16,5,3,3,6,0,1,0,1,0,0,0,4.80571E+20,5.32446E+21,8.73917E+15,4.80731E+16
50699,8.17072E+18,8,3,17,98,2017,7,12,1,2,5,2,0,1,0,1,0,0,0,4.4267E+20,5.37132E+21,8.22404E+15,4.84924E+16
50700,8.17072E+18,8,3,26,41,2017,7,19,5,3,8,1,0,0,0,1,0,0,0,4.63381E+20,5.3321E+21,8.50775E+15,4.81411E+16
50701,8.17072E+18,8,3,25,49,2017,7,14,5,2,5,3,0,1,0,0,0,0,0,4.71426E+20,5.33301E+21,8.61584E+15,4.81497E+16
50702,8.17072E+18,8,4,36,67,2017,7,16,1,2,4,6,0,1,0,1,1,0,0,5.32306E+20,5.30466E+21,9.4322E+15,4.78945E+16
50703,8.17072E+18,8,3,16,24,2017,7,21,5,2,8,1,1,0,0,0,0,1,0,4.12357E+20,5.33638E+21,7.8211E+15,4.81746E+16
50704,8.17072E+18,8,3,16,20,2017,7,22,5,2,9,1,0,1,0,0,0,2,0,4.17006E+20,5.34018E+21,7.88287E+15,4.82094E+16
50705,8.17072E+18,8,3,11,0,2017,7,18,5,3,2,6,0,1,0,0,0,0,0,4.10003E+20,5.31889E+21,7.79312E+15,4.8017E+16
50706,8.17072E+18,8,3,11,0,2017,7,11,5,3,5,2,1,1,0,0,0,0,0,4.14535E+20,5.31602E+21,7.85446E+15,4.79917E+16
50707,8.17072E+18,8,2,26,32,2017,7,19,5,3,1,6,0,1,0,0,0,0,0,4.63984E+20,5.46445E+21,8.50429E+15,4.93317E+16
50708,8.17072E+18,8,2,26,85,2017,7,11,5,2,3,6,0,1,0,0,1,0,0,4.91926E+20,5.45423E+21,8.88907E+15,4.92408E+16
50709,8.17072E+18,8,2,36,71,2017,7,6,5,3,3,6,0,1,0,0,0,0,0,4.70178E+20,5.4192E+21,8.59289E+15,4.8925E+16
50710,8.17071E+18,8,3,35,22,2017,7,15,6,3,8,1,0,0,0,0,1,0,0,4.83202E+20,5.30355E+21,8.77532E+15,4.7885E+16
50711,8.17071E+18,8,3,17,96,2017,7,9,6,3,0,1,0,0,0,1,0,0,1,4.2104E+20,5.36844E+21,7.93187E+15,4.84641E+16
50712,8.17072E+18,8,1,15,28,2017,7,12,2,2,9,1,0,0,0,1,0,0,0,4.98756E+20,5.40385E+21,8.98307E+15,4.87877E+16
50713,8.17072E+18,8,1,28,14,2017,7,18,2,3,2,6,0,1,0,1,0,0,0,5.45602E+20,5.48157E+21,9.62961E+15,4.9485E+16
50714,8.17072E+18,8,2,16,43,2017,7,13,2,3,1,7,0,1,0,0,0,0,0,4.44181E+20,5.41272E+21,8.2389E+15,4.88649E+16
50715,8.17071E+18,8,3,17,65,2017,7,11,6,3,5,3,0,1,0,1,0,0,0,4.16532E+20,5.35448E+21,7.87368E+15,4.83379E+16
50716,8.17072E+18,8,2,15,17,2017,7,8,2,3,0,7,0,0,0,1,0,0,0,4.58352E+20,5.42306E+21,8.43105E+15,4.8959E+16
50717,8.17071E+18,8,3,17,57,2017,7,9,6,3,2,2,0,1,0,0,1,0,0,4.14478E+20,5.37816E+21,7.84112E+15,4.85507E+16
50718,8.17072E+18,8,3,17,1,2017,7,8,2,3,5,3,0,1,0,0,1,0,0,4.28335E+20,5.38839E+21,8.02709E+15,4.86444E+16
50719,8.17071E+18,8,3,16,2,2017,7,10,6,3,9,1,0,0,0,1,0,0,1,4.03257E+20,5.3291E+21,7.70038E+15,4.81078E+16
50720,8.17071E+18,8,3,16,17,2017,7,22,6,3,2,6,0,1,0,0,1,2,0,4.07128E+20,5.34232E+21,7.74948E+15,4.82273E+16
50721,8.17071E+18,8,2,22,0,2017,7,16,6,3,2,6,0,1,0,0,0,0,0,4.66846E+20,5.48021E+21,8.54237E+15,4.94736E+16
50722,8.17072E+18,8,2,11,0,2017,7,22,3,2,5,2,0,1,0,1,0,2,0,4.43494E+20,5.40204E+21,8.23101E+15,4.87688E+16
50723,8.17072E+18,8,2,21,0,2017,7,9,2,3,4,6,1,0,0,0,0,0,0,4.78567E+20,5.4736E+21,8.70451E+15,4.94147E+16
50724,8.17072E+18,8,2,15,17,2017,7,15,2,2,1,6,0,1,0,0,1,0,0,4.54257E+20,5.42273E+21,8.37515E+15,4.89558E+16
50725,8.17072E+18,8,3,17,26,2017,7,8,2,3,0,3,1,1,0,0,0,0,0,4.1198E+20,5.34573E+21,7.81409E+15,4.82587E+16
50726,8.17071E+18,8,2,21,0,2017,7,11,6,3,2,6,0,1,0,0,1,0,0,4.73235E+20,5.46705E+21,8.63144E+15,4.93556E+16
50727,8.17072E+18,8,4,15,50,2017,7,20,2,3,2,6,0,1,0,0,0,0,0,5.21402E+20,5.37751E+21,9.29001E+15,4.85504E+16
50728,8.17071E+18,8,2,26,28,2017,7,16,6,2,2,1,0,1,0,1,0,0,0,4.73651E+20,5.48588E+21,8.63591E+15,4.95249E+16
50729,8.17072E+18,8,4,37,88,2017,7,13,2,3,8,1,0,1,0,0,0,0,0,5.25824E+20,5.3026E+21,9.34537E+15,4.78762E+16
50730,8.17072E+18,8,2,26,105,2017,7,17,5,3,0,6,0,1,0,0,0,0,0,4.69896E+20,5.47695E+21,8.58471E+15,4.94445E+16
50731,8.17071E+18,8,2,12,0,2017,7,17,6,3,2,6,0,1,0,0,0,1,0,4.63946E+20,5.42815E+21,8.50702E+15,4.90052E+16
50732,8.17072E+18,8,2,12,0,2017,7,8,5,3,2,6,0,1,0,0,1,0,0,4.58781E+20,5.42599E+21,8.43663E+15,4.89854E+16
50733,8.17071E+18,8,2,15,99,2017,7,9,6,1,8,1,0,1,0,0,0,0,0,4.62997E+20,5.44835E+21,8.4922E+15,4.91868E+16
50734,8.17072E+18,8,2,36,75,2017,7,12,5,3,2,2,0,1,0,0,0,0,1,4.79778E+20,5.42165E+21,8.72381E+15,4.89474E+16
50735,8.17071E+18,8,2,12,0,2017,7,16,6,3,0,3,0,1,0,0,1,0,0,4.52634E+20,5.42974E+21,8.35217E+15,4.90188E+16
50736,8.17072E+18,8,2,15,66,2017,7,14,5,3,5,3,0,1,0,1,0,0,0,4.60169E+20,5.45404E+21,8.45282E+15,4.92379E+16
50737,8.17071E+18,8,2,15,46,2017,7,18,6,2,2,6,0,1,0,0,0,0,0,4.52754E+20,5.41902E+21,8.35506E+15,4.89223E+16
50738,8.17072E+18,8,2,12,0,2017,7,12,5,3,1,5,1,1,0,0,0,0,0,4.52404E+20,5.42821E+21,8.3492E+15,4.90049E+16
50739,8.17072E+18,8,1,21,0,2017,7,0,1,3,1,5,0,1,0,0,0,2,0,5.16554E+20,5.44214E+21,9.22692E+15,4.91318E+16
50740,8.17072E+18,8,2,15,9,2017,7,13,5,3,3,6,1,1,0,0,0,0,1,4.68284E+20,5.44067E+21,8.56535E+15,4.9118E+16
50741,8.17072E+18,8,1,11,0,2017,7,13,1,3,2,6,0,1,0,0,0,0,0,5.10009E+20,5.39519E+21,9.13605E+15,4.87097E+16
50742,8.17072E+18,8,2,35,32,2017,7,14,5,3,2,2,0,1,0,0,1,0,0,4.74958E+20,5.37773E+21,8.66066E+15,4.85522E+16
50743,8.17072E+18,8,2,31,0,2017,7,1,5,3,7,7,0,0,0,1,0,2,0,4.79023E+20,5.41298E+21,8.71394E+15,4.88695E+16
50744,8.17072E+18,8,3,15,113,2017,7,17,1,2,9,1,0,1,0,0,0,0,0,4.42583E+20,5.30914E+21,8.23128E+15,4.7933E+16
50745,8.17072E+18,8,2,26,82,2017,7,18,5,3,5,2,0,1,0,0,0,0,0,4.79188E+20,5.4803E+21,8.71272E+15,4.9475E+16
50746,8.17072E+18,8,2,26,3,2017,7,18,5,3,2,6,0,1,0,0,0,0,0,4.60242E+20,5.4628E+21,8.45295E+15,4.93166E+16
50747,8.17072E+18,8,4,16,36,2017,7,19,1,3,2,6,0,1,0,0,0,0,0,4.88035E+20,5.37178E+21,8.83803E+15,4.8499E+16
50748,8.17072E+18,8,2,25,58,2017,7,13,5,3,0,1,0,0,0,1,0,0,1,5.08714E+20,5.46529E+21,9.11996E+15,4.93403E+16
50749,8.17072E+18,8,2,22,0,2017,7,14,5,3,3,6,0,1,0,0,1,0,0,4.60603E+20,5.4819E+21,8.45602E+15,4.94885E+16
50750,8.17071E+18,8,2,35,79,2017,7,14,6,3,2,6,0,1,0,1,0,0,0,4.69104E+20,5.40274E+21,8.57946E+15,4.87769E+16
50751,8.17072E+18,8,1,15,21,2017,7,14,2,3,4,7,0,1,0,0,0,0,0,4.91551E+20,5.38273E+21,8.8854E+15,4.85976E+16
50752,8.17072E+18,8,1,25,24,2017,7,6,2,2,2,7,0,1,0,1,0,0,0,5.23254E+20,5.4443E+21,9.3189E+15,4.9151E+16
50753,8.17071E+18,8,2,35,85,2017,7,15,6,3,4,6,0,1,0,0,0,0,0,4.80359E+20,5.39074E+21,8.73323E+15,4.86694E+16
50754,8.17072E+18,8,1,36,65,2017,7,22,2,3,5,2,0,1,0,1,0,1,0,5.59978E+20,5.4091E+21,9.81727E+15,4.8832E+16
50755,8.17071E+18,8,2,35,80,2017,7,6,6,2,4,6,0,1,0,0,0,0,0,4.85437E+20,5.38998E+21,8.80223E+15,4.86627E+16
50756,8.17071E+18,8,2,31,0,2017,7,13,6,3,5,3,1,1,0,0,0,0,0,4.7791E+20,5.41484E+21,8.69867E+15,4.88861E+16
50757,8.17072E+18,8,1,26,47,2017,7,10,2,3,2,6,0,1,0,0,0,0,0,5.49373E+20,5.4523E+21,9.67805E+15,4.92215E+16
50758,8.17072E+18,8,1,18,53,2017,7,7,2,2,9,7,0,1,0,0,0,0,0,5.17528E+20,5.42826E+21,9.23968E+15,4.9007E+16
50759,8.17072E+18,8,2,36,40,2017,7,8,2,3,5,3,1,1,0,0,0,0,0,4.85572E+20,5.42016E+21,8.803E+15,4.89342E+16
50760,8.17071E+18,8,2,36,71,2017,7,11,6,2,5,3,0,1,0,0,1,0,0,4.67706E+20,5.42317E+21,8.55882E+15,4.89606E+16
50761,8.17072E+18,8,3,16,9,2017,7,16,2,3,4,1,0,1,0,0,0,0,0,4.15462E+20,5.32465E+21,7.86519E+15,4.80696E+16
50762,8.17071E+18,8,2,36,75,2017,7,12,6,3,3,6,0,0,0,1,1,0,0,4.82581E+20,5.42613E+21,8.76191E+15,4.89878E+16
50763,8.17072E+18,8,3,35,21,2017,7,16,2,2,4,6,0,1,0,0,0,0,0,4.97274E+20,5.30643E+21,8.96352E+15,4.79112E+16
50764,8.17071E+18,8,2,36,40,2017,7,16,6,2,4,1,0,1,0,0,1,0,1,4.88915E+20,5.41872E+21,8.84868E+15,4.89213E+16
50765,8.17071E+18,8,2,31,0,2017,7,19,6,1,4,1,0,1,0,1,0,0,0,4.79938E+20,5.40959E+21,8.72659E+15,4.8839E+16
50766,8.17071E+18,8,2,36,76,2017,7,18,6,3,2,6,0,1,0,0,0,0,0,4.70755E+20,5.42343E+21,8.60047E+15,4.89631E+16
50767,8.17071E+18,8,2,36,61,2017,7,23,6,3,9,1,0,0,0,1,0,2,0,4.89142E+20,5.43351E+21,8.85139E+15,4.90544E+16
50768,8.17072E+18,8,2,22,0,2017,7,19,5,3,0,6,0,1,0,0,0,0,0,4.60592E+20,5.48174E+21,8.45589E+15,4.9487E+16
50769,8.17072E+18,8,3,36,69,2017,7,18,7,3,5,2,0,1,0,0,0,0,0,4.06446E+20,5.26926E+21,7.75615E+15,4.757E+16
50770,8.17072E+18,8,2,22,0,2017,7,13,5,3,1,6,0,1,0,0,0,0,1,4.65366E+20,5.48002E+21,8.52196E+15,4.94718E+16
50771,8.17072E+18,8,1,15,13,2017,7,17,1,3,2,6,0,1,0,0,0,0,0,4.94033E+20,5.38801E+21,8.91899E+15,4.86451E+16
50772,8.17072E+18,8,2,21,0,2017,7,10,5,3,0,6,1,1,0,0,0,0,0,4.78925E+20,5.47366E+21,8.70944E+15,4.94153E+16
50773,8.17072E+18,8,2,21,0,2017,7,11,5,3,6,4,1,0,1,0,0,0,0,4.79001E+20,5.47347E+21,8.71049E+15,4.94136E+16
50774,8.17072E+18,8,1,26,66,2017,7,13,1,3,0,6,0,0,0,1,0,0,0,5.32812E+20,5.45236E+21,9.45063E+15,4.92232E+16
50775,8.17072E+18,8,2,26,97,2017,7,16,5,2,5,3,1,1,0,0,0,0,0,4.85544E+20,5.46814E+21,8.8009E+15,4.93658E+16
50776,8.17072E+18,8,2,21,0,2017,7,6,5,3,5,3,0,0,0,1,1,0,0,4.76568E+20,5.47251E+21,8.67701E+15,4.94048E+16
50777,8.17072E+18,8,2,26,56,2017,7,11,1,3,2,6,1,0,0,0,0,0,0,4.8471E+20,5.47162E+21,8.78927E+15,4.9397E+16
50778,8.17072E+18,8,2,15,108,2017,7,16,5,3,2,6,0,1,0,0,0,0,1,4.53597E+20,5.42218E+21,8.3662E+15,4.89508E+16
50779,8.17072E+18,8,2,11,0,2017,7,18,5,3,4,1,0,1,0,1,0,0,1,4.4339E+20,5.39611E+21,8.23041E+15,4.87155E+16
50780,8.17072E+18,8,3,17,57,2017,7,0,1,3,5,3,1,1,0,0,0,2,0,4.11981E+20,5.38099E+21,7.80669E+15,4.85759E+16
50781,8.17072E+18,8,2,11,0,2017,7,19,5,2,1,6,0,1,0,0,0,1,0,4.42016E+20,5.40556E+21,8.21039E+15,4.88003E+16
50782,8.17072E+18,8,4,35,24,2017,7,11,1,3,0,7,1,0,0,0,0,0,0,5.28221E+20,5.27932E+21,9.3759E+15,4.76667E+16
50783,8.17072E+18,8,1,26,66,2017,7,18,5,3,1,6,0,1,0,0,0,0,0,5.35782E+20,5.45072E+21,9.49126E+15,4.92082E+16
50784,8.17072E+18,8,1,15,45,2017,7,18,5,3,2,6,0,1,0,0,0,0,1,5.00774E+20,5.39347E+21,9.01052E+15,4.86943E+16
50785,8.17072E+18,8,1,18,51,2017,7,14,5,3,2,6,0,1,0,0,0,0,1,5.10727E+20,5.41489E+21,9.14632E+15,4.88868E+16
50786,8.17072E+18,8,1,36,19,2017,7,8,5,3,5,3,1,0,0,0,1,0,0,5.81938E+20,5.42502E+21,1.01197E+16,4.89726E+16
50787,8.17072E+18,8,1,36,82,2017,7,13,5,3,0,1,1,0,0,0,0,0,1,5.87314E+20,5.41615E+21,1.01912E+16,4.88922E+16
50788,8.17072E+18,8,1,36,88,2017,7,13,5,3,2,6,0,1,0,0,0,0,1,5.80749E+20,5.41192E+21,1.01008E+16,4.8855E+16
50789,8.17072E+18,8,2,36,28,2017,7,18,1,3,5,3,0,1,0,0,0,0,0,4.92874E+20,5.42284E+21,8.90266E+15,4.89584E+16
50790,8.17072E+18,8,1,35,25,2017,7,9,5,3,2,6,0,1,0,0,1,0,0,5.81912E+20,5.39931E+21,1.01141E+16,4.87414E+16
50791,8.17072E+18,8,1,35,19,2017,7,19,5,3,9,1,0,1,0,0,0,0,1,5.84561E+20,5.39853E+21,1.015E+16,4.87341E+16