OBJECTID,UIDENTSTLA,ULAND,UREGBEZ,UKREIS,UGEMEINDE,UJAHR,UMONAT,USTUNDE,UWOCHENTAG,UKATEGORIE,UART,UTYP1,IstRad,IstPKW,IstFuss,IstKrad,IstSonstig,LICHT,STRZUSTAND,LINREFX,LINREFY,XGCSWGS84,YGCSWGS84
50966,8.17072E+18,8,4,21,0,2017,7,16,4,2,2,6,0,1,0,0,0,0,0,5.70573E+20,5.36429E+21,9.95399E+15,4.84278E+16
50967,8.17072E+18,8,1,28,64,2017,7,15,4,3,5,3,0,1,0,0,0,0,0,5.33936E+20,5.50336E+21,9.47043E+15,4.96818E+16
50968,8.17072E+18,8,4,16,25,2017,7,16,7,3,3,6,0,1,0,1,0,0,0,5.08053E+20,5.35856E+21,9.10875E+15,4.83802E+16
50969,8.17072E+18,8,1,27,76,2017,7,12,4,3,3,6,0,1,0,0,1,0,0,5.54142E+20,5.44006E+21,9.74187E+15,4.9111E+16
50970,8.17072E+18,8,1,19,44,2017,7,13,1,2,8,1,0,0,0,1,0,0,0,5.44335E+20,5.42205E+21,9.60554E+15,4.89497E+16
50971,8.17072E+18,8,1,26,66,2017,7,7,4,3,2,6,0,1,0,0,0,0,0,5.36491E+20,5.45008E+21,9.50094E+15,4.92024E+16
50972,8.17072E+18,8,2,25,58,2017,7,23,4,2,6,4,0,1,1,0,0,2,0,5.1039E+20,5.4665E+21,9.14306E+15,4.93511E+16
50973,8.17072E+18,8,1,25,102,2017,7,18,4,3,0,2,0,0,0,1,1,0,1,5.21557E+20,5.44542E+21,9.29568E+15,4.91612E+16
50974,8.17072E+18,8,1,25,108,2017,7,16,4,3,9,1,0,0,0,1,0,0,0,4.93598E+20,5.432E+21,8.9124E+15,4.90408E+16
50975,8.17072E+18,8,1,25,17,2017,7,12,4,3,8,1,0,0,0,1,0,0,0,5.04003E+20,5.43192E+21,9.05477E+15,4.90402E+16
50976,8.17072E+18,8,1,21,0,2017,7,0,4,3,2,6,0,1,0,0,0,2,0,5.14743E+20,5.44708E+21,9.20229E+15,4.91764E+16
50977,8.17072E+18,8,1,21,0,2017,7,14,4,3,2,6,0,1,0,0,0,0,0,5.08662E+20,5.44751E+21,9.11885E+15,4.91803E+16
50978,8.17072E+18,8,1,21,0,2017,7,8,4,3,2,6,0,1,0,0,0,0,0,5.13895E+20,5.44082E+21,9.19042E+15,4.912E+16
50979,8.17072E+18,8,1,19,1,2017,7,11,4,3,6,7,0,1,1,0,0,0,0,5.52682E+20,5.41031E+21,9.71802E+15,4.88436E+16
50980,8.17072E+18,8,4,26,128,2017,7,15,7,3,9,1,0,0,0,1,0,0,0,5.58597E+20,5.33313E+21,9.7878E+15,4.81487E+16
50981,8.17072E+18,8,1,19,86,2017,7,15,4,2,4,1,0,1,0,1,0,0,0,5.34947E+20,5.4046E+21,9.47583E+15,4.87934E+16
50982,8.17072E+18,8,1,18,54,2017,7,9,4,3,2,6,0,1,0,0,0,0,0,5.17801E+20,5.42269E+21,9.24317E+15,4.89568E+16
50983,8.17072E+18,8,1,19,87,2017,7,17,1,3,0,3,0,1,0,1,0,0,0,5.28444E+20,5.42357E+21,9.38861E+15,4.89644E+16
50984,8.17072E+18,8,1,18,40,2017,7,18,4,3,4,6,0,1,0,0,0,0,0,5.10454E+20,5.43257E+21,9.14306E+15,4.90459E+16
50985,8.17072E+18,8,1,18,7,2017,7,7,4,3,3,6,1,1,0,0,0,0,0,5.10099E+20,5.42699E+21,9.13807E+15,4.89957E+16
50986,8.17072E+18,8,1,18,67,2017,7,13,1,2,2,6,0,0,0,1,0,0,0,5.04296E+20,5.41442E+21,9.0586E+15,4.88827E+16
50987,8.17072E+18,8,1,17,51,2017,7,13,4,3,0,1,0,0,0,1,1,0,1,5.44164E+20,5.395E+21,9.60029E+15,4.87065E+16
50988,8.17072E+18,8,3,36,50,2017,7,9,1,2,5,3,0,1,0,1,0,0,0,4.02722E+20,5.27734E+21,7.70485E+15,4.76421E+16
50989,8.17072E+18,8,1,16,63,2017,7,17,4,3,3,6,0,1,0,0,0,0,0,5.15938E+20,5.38459E+21,9.21624E+15,4.86142E+16
50990,8.17072E+18,8,1,16,80,2017,7,13,4,3,5,3,0,1,0,1,0,0,0,5.18149E+20,5.39759E+21,9.2468E+15,4.87311E+16
50991,8.17072E+18,8,1,16,19,2017,7,17,4,3,2,6,0,1,0,0,0,0,0,5.27533E+20,5.39591E+21,9.3743E+15,4.87156E+16
50992,8.17072E+18,8,1,15,2,2017,7,11,4,3,5,3,1,1,0,0,0,0,0,4.99931E+20,5.3867E+21,8.99907E+15,4.86334E+16
50993,8.17072E+18,8,1,11,0,2017,7,7,4,3,3,6,0,1,0,1,0,0,0,5.13275E+20,5.40642E+21,9.18081E+15,4.88106E+16
50994,8.17072E+18,8,1,11,0,2017,7,23,4,3,0,6,0,1,0,1,0,2,0,5.13815E+20,5.40339E+21,9.18806E+15,4.87833E+16
50995,8.17072E+18,8,4,37,8,2017,7,15,3,3,2,2,0,1,0,0,0,0,0,5.20745E+20,5.32857E+21,9.2787E+15,4.811E+16
50996,8.17071E+18,8,4,36,8,2017,7,14,5,3,5,3,0,1,0,0,0,0,0,5.47858E+20,5.30862E+21,9.64069E+15,4.79291E+16
50997,8.17072E+18,8,1,11,0,2017,7,11,2,3,2,6,0,1,0,0,0,0,0,5.13029E+20,5.40699E+21,9.17748E+15,4.88158E+16
50998,8.17072E+18,8,1,25,98,2017,7,17,2,3,3,6,0,1,0,0,0,0,0,5.19791E+20,5.43728E+21,9.27106E+15,4.90881E+16
50999,8.17071E+18,8,4,35,29,2017,7,16,5,3,8,1,1,0,0,0,0,0,0,5.44855E+20,5.2756E+21,9.59708E+15,4.76323E+16
51000,8.17071E+18,8,4,35,16,2017,7,17,5,3,0,1,1,0,0,0,0,0,0,5.34394E+20,5.27802E+21,9.45802E+15,4.76547E+16
51001,8.17071E+18,8,4,25,20,2017,7,18,5,3,1,6,0,1,0,0,0,0,0,5.60272E+20,5.35807E+21,9.81387E+15,4.83729E+16
51002,8.17072E+18,8,3,36,57,2017,7,7,2,3,5,3,1,1,0,0,0,0,0,4.08329E+20,5.27718E+21,7.77951E+15,4.76415E+16
51003,8.17072E+18,8,4,37,76,2017,7,14,2,3,4,6,0,1,0,0,0,0,0,5.2399E+20,5.31956E+21,9.32179E+15,4.80289E+16
51004,8.17072E+18,8,4,37,76,2017,7,16,3,3,5,3,0,1,0,0,1,0,0,5.21546E+20,5.32005E+21,9.28903E+15,4.80334E+16
51005,8.17072E+18,8,1,18,70,2017,7,7,3,2,4,6,0,1,0,1,0,0,0,5.19508E+20,5.42519E+21,9.26661E+15,4.89793E+16
51006,8.17072E+18,8,4,36,4,2017,7,7,3,2,5,2,1,0,0,1,0,0,0,5.80704E+20,5.31073E+21,1.00807E+16,4.79448E+16
51007,8.17071E+18,8,4,17,2,2017,7,13,5,3,9,1,0,1,0,0,0,0,0,4.82948E+20,5.34535E+21,8.77025E+15,4.82611E+16
51008,8.17072E+18,8,1,27,102,2017,7,12,3,2,0,3,0,1,0,1,0,0,0,5.88455E+20,5.43855E+21,1.02116E+16,4.90935E+16
51009,8.17072E+18,8,4,36,94,2017,7,19,3,2,9,6,0,1,0,0,1,0,0,5.66799E+20,5.28565E+21,9.89069E+15,4.77208E+16
51010,8.17072E+18,8,4,36,9,2017,7,18,3,3,5,3,0,1,0,0,0,0,0,5.5703E+20,5.31256E+21,9.76399E+15,4.79638E+16
51011,8.17071E+18,8,4,17,2,2017,7,17,5,3,0,1,0,0,0,1,0,0,0,4.89313E+20,5.34111E+21,8.85611E+15,4.82231E+16
51012,8.17072E+18,8,4,36,81,2017,7,16,3,3,2,6,0,1,0,0,0,0,0,5.63044E+20,5.28094E+21,9.83995E+15,4.76788E+16
51013,8.17072E+18,8,4,36,96,2017,7,7,3,3,2,2,0,1,0,1,0,0,0,5.45221E+20,5.29984E+21,9.60447E+15,4.78503E+16
51014,8.17071E+18,8,4,16,41,2017,7,14,5,3,5,3,0,1,0,0,0,0,0,5.03459E+20,5.37335E+21,9.04683E+15,4.85133E+16
51015,8.17072E+18,8,4,36,79,2017,7,17,3,3,2,6,0,1,0,0,0,0,0,5.5332E+20,5.28886E+21,9.71137E+15,4.77509E+16
51016,8.17072E+18,8,4,36,79,2017,7,7,3,3,8,1,0,0,0,1,0,0,0,5.5336E+20,5.29156E+21,9.71224E+15,4.77752E+16
51017,8.17072E+18,8,3,16,56,2017,7,16,7,2,5,2,0,1,0,1,0,0,0,4.238E+20,5.32776E+21,7.97653E+15,4.80986E+16
51018,8.17071E+18,8,4,15,61,2017,7,8,5,3,6,4,0,1,1,0,0,0,0,5.15207E+20,5.37146E+21,9.20584E+15,4.84961E+16
51019,8.17072E+18,8,4,35,45,2017,7,12,3,3,5,3,0,1,0,0,0,0,0,5.36006E+20,5.28755E+21,9.48028E+15,4.77404E+16
51020,8.17072E+18,8,4,37,5,2017,7,20,7,2,5,3,0,1,0,1,0,0,0,5.00357E+20,5.32411E+21,9.00479E+15,4.80703E+16
51021,8.17072E+18,8,4,26,13,2017,7,9,3,2,4,6,0,1,0,0,0,0,0,5.441E+20,5.32428E+21,9.59199E+15,4.80703E+16
51022,8.17072E+18,8,4,17,44,2017,7,6,3,3,2,2,0,1,0,0,0,0,0,4.97192E+20,5.33636E+21,8.96223E+15,4.81804E+16
51023,8.17071E+18,8,3,25,57,2017,7,13,5,2,8,1,0,1,0,0,0,0,0,4.76174E+20,5.35593E+21,8.67838E+15,4.83561E+16
51024,8.17072E+18,8,2,36,46,2017,7,17,2,3,2,6,0,1,0,0,0,0,0,4.84168E+20,5.41822E+21,8.7839E+15,4.89167E+16
51025,8.17071E+18,8,3,15,48,2017,7,17,5,3,2,6,0,1,0,0,0,0,0,3.95172E+20,5.30853E+21,7.59683E+15,4.79215E+16
51026,8.17071E+18,8,3,11,0,2017,7,19,5,3,3,6,0,1,0,0,0,0,0,4.1497E+20,5.32024E+21,7.85945E+15,4.80298E+16
51027,8.17071E+18,8,3,37,96,2017,7,14,5,3,5,3,0,1,0,1,0,0,0,4.20224E+20,5.26732E+21,7.93964E+15,4.75544E+16
51028,8.17072E+18,8,1,18,10,2017,7,7,3,3,3,6,1,0,0,0,0,0,0,5.06844E+20,5.43122E+21,9.09363E+15,4.90338E+16
51029,8.17072E+18,8,4,25,85,2017,7,16,3,3,2,6,0,1,0,0,1,0,0,5.80751E+20,5.37674E+21,1.0094E+16,4.85385E+16
51030,8.17072E+18,8,4,16,41,2017,7,10,3,3,2,6,0,1,0,0,0,0,0,5.05828E+20,5.37473E+21,9.07893E+15,4.85256E+16
51031,8.17072E+18,8,4,16,41,2017,7,16,3,2,4,6,0,1,0,0,1,0,0,5.00573E+20,5.37466E+21,9.00775E+15,4.85251E+16
51032,8.17072E+18,8,4,16,41,2017,7,15,3,3,1,6,0,1,0,1,0,0,0,5.04637E+20,5.37183E+21,9.06277E+15,4.84996E+16
51033,8.17071E+18,8,3,37,116,2017,7,17,5,2,5,2,0,1,0,1,0,0,0,4.19619E+20,5.28007E+21,7.92927E+15,4.7669E+16
51034,8.17072E+18,8,4,16,15,2017,7,2,3,2,1,5,0,1,0,1,0,2,0,5.06981E+20,5.3674E+21,9.09443E+15,4.84597E+16
51035,8.17072E+18,8,4,15,61,2017,7,12,3,3,0,1,1,0,0,0,0,0,0,5.1311E+20,5.37187E+21,9.17746E+15,4.84998E+16
51036,8.17072E+18,8,3,35,75,2017,7,20,7,3,2,7,0,1,0,0,0,1,0,4.86829E+20,5.29133E+21,8.82419E+15,4.77752E+16
51037,8.17072E+18,8,4,15,89,2017,7,13,3,3,8,1,0,1,0,0,0,0,0,5.19996E+20,5.35801E+21,9.27002E+15,4.83749E+16
51038,8.17072E+18,8,4,15,62,2017,7,8,3,2,6,4,0,1,1,0,0,0,0,5.19896E+20,5.37814E+21,9.26962E+15,4.85561E+16
51039,8.17072E+18,8,1,15,44,2017,7,8,1,3,5,3,1,1,0,0,0,0,0,5.04333E+20,5.38928E+21,9.05884E+15,4.86565E+16
51040,8.17072E+18,8,3,25,45,2017,7,19,3,3,8,1,0,1,0,0,0,0,1,4.72921E+20,5.34944E+21,8.63488E+15,4.82976E+16
51041,8.17072E+18,8,2,25,114,2017,7,15,1,2,3,2,0,1,0,1,0,0,0,5.35568E+20,5.47713E+21,9.49068E+15,4.94458E+16
51042,8.17072E+18,8,3,16,43,2017,7,9,3,3,2,6,0,1,0,0,0,0,0,4.1044E+20,5.32695E+21,7.7973E+15,4.80896E+16
51043,8.17072E+18,8,3,37,128,2017,7,10,3,2,3,2,0,0,0,1,1,0,0,4.48891E+20,5.28561E+21,8.31851E+15,4.77218E+16
51044,8.17072E+18,8,3,37,126,2017,7,9,3,2,0,7,1,0,0,0,0,0,0,4.47458E+20,5.2727E+21,8.30095E+15,4.76056E+16
51045,8.17072E+18,8,3,36,91,2017,7,8,3,3,5,2,0,1,0,0,0,0,0,3.96092E+20,5.27318E+21,7.61759E+15,4.76037E+16
51046,8.17072E+18,8,3,36,107,2017,7,19,3,3,8,1,0,0,0,1,0,0,0,4.08697E+20,5.28592E+21,7.78258E+15,4.77202E+16
51047,8.17072E+18,8,3,35,21,2017,7,19,3,3,5,3,0,1,0,0,0,0,0,4.94775E+20,5.30427E+21,8.9301E+15,4.78917E+16
51048,8.17072E+18,8,4,36,64,2017,7,18,3,2,1,3,1,1,0,0,0,0,0,5.45079E+20,5.28809E+21,9.60136E+15,4.77446E+16
51049,8.17072E+18,8,3,26,12,2017,7,15,3,2,2,6,0,1,0,1,0,0,0,4.62708E+20,5.30996E+21,8.50063E+15,4.79419E+16
51050,8.17072E+18,8,3,25,49,2017,7,19,3,3,0,1,1,0,0,0,0,0,1,4.71188E+20,5.3346E+21,8.61253E+15,4.8164E+16
51051,8.17072E+18,8,3,25,53,2017,7,13,3,2,4,6,0,1,0,0,0,0,0,4.58685E+20,5.34458E+21,8.44342E+15,4.82531E+16
51052,8.17072E+18,8,3,17,34,2017,7,13,3,3,4,6,1,0,0,0,0,0,0,4.26094E+20,5.36295E+21,8.0012E+15,4.84153E+16
51053,8.17072E+18,8,3,17,151,2017,7,21,3,3,9,7,0,1,0,0,0,2,0,4.12657E+20,5.37127E+21,7.8179E+15,4.84885E+16
51054,8.17071E+18,8,3,36,81,2017,7,11,5,2,4,6,0,1,0,0,0,0,0,4.10743E+20,5.277E+21,7.81168E+15,4.76402E+16
51055,8.17071E+18,8,3,35,79,2017,7,23,5,3,8,7,0,1,0,0,0,2,0,4.98079E+20,5.2943E+21,8.97435E+15,4.78021E+16
51056,8.17071E+18,8,3,35,96,2017,7,13,5,3,0,1,0,0,0,1,0,0,0,5.08087E+20,5.3016E+21,9.10814E+15,4.78676E+16
51057,8.17071E+18,8,3,35,75,2017,7,13,5,3,2,6,0,1,0,0,0,0,0,4.88227E+20,5.28838E+21,8.84293E+15,4.77487E+16
51058,8.17071E+18,8,4,36,13,2017,7,7,5,2,5,3,0,1,0,1,0,0,0,5.45254E+20,5.29507E+21,9.60441E+15,4.78074E+16
51059,8.17072E+18,8,3,15,6,2017,7,10,2,3,2,6,0,1,0,0,0,0,0,4.03042E+20,5.30891E+21,7.70206E+15,4.79261E+16
51060,8.17072E+18,8,4,35,34,2017,7,17,2,2,0,1,1,0,0,0,0,0,0,5.28459E+20,5.28503E+21,9.37945E+15,4.77181E+16
51061,8.17071E+18,8,4,36,82,2017,7,19,5,3,5,2,0,1,0,1,0,0,0,5.44513E+20,5.29725E+21,9.59474E+15,4.7827E+16
51062,8.17071E+18,8,3,25,14,2017,7,9,5,3,4,6,0,1,0,0,1,0,0,4.63198E+20,5.34112E+21,8.50451E+15,4.82222E+16
51063,8.17072E+18,8,4,35,59,2017,7,16,1,3,2,6,0,1,0,0,0,0,0,5.13784E+20,5.29095E+21,9.18398E+15,4.77718E+16
51064,8.17072E+18,8,1,18,48,2017,7,19,2,3,2,1,0,1,0,1,0,0,0,5.1268E+20,5.41722E+21,9.17304E+15,4.89078E+16
51065,8.17071E+18,8,3,25,70,2017,7,18,5,3,8,1,0,0,0,1,0,0,0,4.5892E+20,5.34894E+21,8.44616E+15,4.82923E+16
51066,8.17072E+18,8,1,35,16,2017,7,13,2,3,5,2,0,1,0,0,1,0,0,5.90833E+20,5.38802E+21,1.0233E+16,4.86386E+16
51067,8.17071E+18,8,3,17,40,2017,7,16,5,2,5,3,1,1,0,0,0,0,0,4.32231E+20,5.34708E+21,8.08667E+15,4.82733E+16
51068,8.17071E+18,8,3,17,96,2017,7,8,5,3,5,2,1,0,0,0,0,0,0,4.22581E+20,5.37022E+21,7.95238E+15,4.84803E+16
51069,8.17071E+18,8,3,17,1,2017,7,22,5,3,5,2,1,1,0,0,0,2,0,4.29073E+20,5.38802E+21,8.03719E+15,4.86413E+16
51070,8.17072E+18,8,4,35,16,2017,7,10,2,3,0,1,1,0,0,0,0,0,0,5.33111E+20,5.28037E+21,9.44112E+15,4.76759E+16
51071,8.17072E+18,8,1,15,1,2017,7,12,3,3,4,6,0,1,0,0,1,0,0,4.92208E+20,5.39178E+21,8.89414E+15,4.8679E+16
51072,8.17072E+18,8,3,17,65,2017,7,13,3,3,2,2,0,1,0,0,0,0,0,4.17227E+20,5.35481E+21,7.88299E+15,4.83411E+16
51073,8.17072E+18,8,1,26,39,2017,7,16,3,3,3,6,0,1,0,1,0,0,0,5.50037E+20,5.46246E+21,9.68843E+15,4.93128E+16
51074,8.17072E+18,8,3,15,48,2017,7,14,3,3,4,6,0,0,0,0,1,0,0,3.9764E+20,5.3108E+21,7.62932E+15,4.79423E+16
51075,8.17072E+18,8,3,11,0,2017,7,14,3,2,6,4,0,0,1,0,1,0,0,4.11472E+20,5.31957E+21,7.81269E+15,4.80233E+16
51076,8.17071E+18,8,3,17,1,2017,7,11,5,3,7,7,1,0,0,0,0,0,0,4.32408E+20,5.38697E+21,8.08261E+15,4.86322E+16
51077,8.17072E+18,8,3,11,0,2017,7,14,3,3,5,3,0,1,0,1,0,0,0,4.15021E+20,5.316E+21,7.86098E+15,4.79916E+16
51078,8.17072E+18,8,3,15,94,2017,7,18,3,2,8,1,0,0,0,1,0,0,0,4.3087E+20,5.31893E+21,8.07291E+15,4.80199E+16
51079,8.17072E+18,8,2,26,63,2017,7,23,3,3,9,1,0,1,0,0,0,2,0,4.69621E+20,5.47118E+21,8.58136E+15,4.93925E+16
51080,8.17072E+18,8,2,12,0,2017,7,1,3,3,4,7,0,1,0,0,0,2,0,4.58743E+20,5.42459E+21,8.43624E+15,4.89729E+16
51081,8.17071E+18,8,3,17,110,2017,7,13,5,2,3,6,1,0,0,0,0,0,0,4.27975E+20,5.3831E+21,8.02313E+15,4.85968E+16
51082,8.17072E+18,8,2,37,24,2017,7,15,3,3,0,7,1,0,0,0,0,0,0,4.78549E+20,5.35997E+21,8.71023E+15,4.83925E+16
51083,8.17072E+18,8,4,26,97,2017,7,16,7,2,5,6,0,1,0,1,0,0,0,5.37266E+20,5.33213E+21,9.50095E+15,4.81413E+16
51084,8.17072E+18,8,2,35,50,2017,7,13,3,3,4,2,0,1,0,0,0,0,0,4.7037E+20,5.39352E+21,8.59735E+15,4.8694E+16
51085,8.17072E+18,8,2,35,47,2017,7,20,3,3,4,6,0,1,0,0,0,1,0,4.7713E+20,5.39062E+21,8.68939E+15,4.86682E+16
51086,8.17072E+18,8,2,35,55,2017,7,19,3,3,9,1,0,1,0,0,0,0,0,4.71344E+20,5.39561E+21,8.61045E+15,4.87128E+16
51087,8.17072E+18,8,2,31,0,2017,7,9,3,3,5,2,0,1,0,0,0,0,0,4.75985E+20,5.41628E+21,8.67233E+15,4.8899E+16
51088,8.17072E+18,8,2,26,96,2017,7,13,3,2,9,1,0,0,0,1,0,0,0,4.75619E+20,5.49098E+21,8.66279E+15,4.95709E+16
51089,8.17072E+18,8,2,22,0,2017,7,20,3,3,2,6,0,1,0,0,0,1,0,4.67004E+20,5.48124E+21,8.54446E+15,4.94829E+16
51090,8.17072E+18,8,2,15,99,2017,7,13,3,3,2,6,0,1,0,0,1,0,0,4.64139E+20,5.44485E+21,8.50818E+15,4.91555E+16
51091,8.17072E+18,8,2,15,39,2017,7,18,3,3,2,6,0,1,0,0,0,0,0,4.72583E+20,5.45205E+21,8.62349E+15,4.92207E+16
51092,8.17072E+18,8,2,12,0,2017,7,17,3,3,4,6,1,0,0,1,0,0,0,4.49247E+20,5.43177E+21,8.30559E+15,4.90367E+16
51093,8.17072E+18,8,2,15,101,2017,7,16,3,3,6,4,0,1,1,0,0,0,0,4.67487E+20,5.42347E+21,8.55581E+15,4.89633E+16
51094,8.17071E+18,8,3,17,146,2017,7,9,5,2,3,6,1,0,0,0,1,0,0,4.30223E+20,5.35486E+21,8.05833E+15,4.8343E+16
51095,8.17071E+18,8,3,16,55,2017,7,7,5,2,0,3,0,1,0,1,0,0,0,4.2729E+20,5.33265E+21,8.02256E+15,4.8143E+16
51096,8.17072E+18,8,1,21,0,2017,7,15,6,3,2,6,0,1,0,0,0,0,0,5.15594E+20,5.44392E+21,9.21384E+15,4.91479E+16
51097,8.17072E+18,8,1,35,19,2017,7,17,6,3,5,3,0,1,0,1,0,0,0,5.83349E+20,5.39432E+21,1.01327E+16,4.86963E+16
51098,8.17072E+18,8,2,31,0,2017,7,0,1,3,5,3,0,1,0,1,0,2,0,4.75985E+20,5.41628E+21,8.67233E+15,4.8899E+16
51099,8.17072E+18,8,1,19,91,2017,7,15,6,2,9,1,0,0,0,1,0,0,0,5.28314E+20,5.40414E+21,9.38549E+15,4.87896E+16
51100,8.17072E+18,8,2,36,40,2017,7,13,1,2,2,6,0,1,0,1,0,0,0,4.90745E+20,5.42204E+21,8.87359E+15,4.89512E+16
51101,8.17072E+18,8,2,26,85,2017,7,17,1,3,9,7,0,1,0,0,0,0,0,4.89868E+20,5.4556E+21,8.86077E+15,4.92531E+16
51102,8.17072E+18,8,2,16,15,2017,7,17,1,3,2,6,0,1,0,1,0,0,0,4.51719E+20,5.4028E+21,8.34284E+15,4.87764E+16
51103,8.17072E+18,8,2,15,59,2017,7,19,1,3,9,1,0,1,0,0,0,0,0,4.81362E+20,5.43235E+21,8.74496E+15,4.90438E+16
51104,8.17072E+18,8,2,16,15,2017,7,11,1,2,8,1,0,0,0,1,0,0,0,4.52978E+20,5.40871E+21,8.35931E+15,4.88296E+16
51105,8.17072E+18,8,2,16,13,2017,7,16,1,2,4,6,0,1,0,0,1,0,0,4.53098E+20,5.38492E+21,8.36364E+15,4.86156E+16
51106,8.17072E+18,8,1,15,28,2017,7,12,1,2,2,6,0,1,0,1,0,0,0,5.01949E+20,5.40266E+21,9.02653E+15,4.87769E+16
51107,8.17072E+18,8,1,36,35,2017,7,16,1,3,4,1,0,1,0,0,0,0,0,5.8103E+20,5.42979E+21,1.01082E+16,4.90156E+16
51108,8.17072E+18,8,1,36,82,2017,7,0,1,3,5,2,0,1,0,0,0,2,1,5.84313E+20,5.41566E+21,1.01502E+16,4.88882E+16
51109,8.17072E+18,8,1,27,46,2017,7,17,6,3,5,2,0,1,0,0,0,0,0,5.70048E+20,5.44775E+21,9.96113E+15,4.91785E+16
51110,8.17072E+18,8,1,28,131,2017,7,14,1,3,2,6,0,1,0,1,0,0,0,5.34686E+20,5.51049E+21,9.48146E+15,4.97459E+16
51111,8.17072E+18,8,1,28,131,2017,7,18,1,3,3,6,0,1,0,0,0,0,0,5.42712E+20,5.51303E+21,9.59313E+15,4.97682E+16
51112,8.17072E+18,8,1,27,14,2017,7,3,1,3,8,1,0,1,0,0,0,2,1,5.73801E+20,5.43973E+21,1.00112E+16,4.9106E+16
51113,8.17072E+18,8,1,19,67,2017,7,11,1,3,8,1,0,0,0,1,0,0,0,5.42313E+20,5.39998E+21,9.57564E+15,4.87514E+16
51114,8.17072E+18,8,1,19,20,2017,7,14,1,3,5,3,0,1,0,0,0,0,0,5.18351E+20,5.40899E+21,9.25006E+15,4.88336E+16
51115,8.17072E+18,8,1,19,69,2017,7,17,1,3,8,1,0,0,0,1,0,0,0,5.3272E+20,5.43272E+21,9.44776E+15,4.90465E+16
51116,8.17072E+18,8,4,25,75,2017,7,15,1,2,0,1,0,0,0,1,0,0,0,5.69137E+20,5.37639E+21,9.93659E+15,4.85368E+16
51117,8.17072E+18,8,1,16,33,2017,7,6,1,3,3,1,0,1,0,0,1,0,1,5.31988E+20,5.38745E+21,9.43421E+15,4.86393E+16
51118,8.17072E+18,8,1,16,77,2017,7,14,1,3,4,6,0,1,0,0,0,0,0,5.18596E+20,5.39038E+21,9.25256E+15,4.86662E+16
51119,8.17072E+18,8,4,35,16,2017,7,21,7,2,3,2,0,1,0,1,0,2,0,5.35912E+20,5.28098E+21,9.47849E+15,4.76812E+16
51120,8.17072E+18,8,4,36,9,2017,7,9,7,2,8,1,0,1,0,0,0,0,0,5.56764E+20,5.31096E+21,9.76021E+15,4.79495E+16
51121,8.17072E+18,8,4,35,66,2017,7,23,7,2,4,6,1,0,0,0,0,2,1,5.19186E+20,5.28707E+21,9.25591E+15,4.77367E+16
51122,8.17072E+18,8,4,35,59,2017,7,19,7,3,0,1,1,0,0,0,0,0,0,5.10049E+20,5.29111E+21,9.13413E+15,4.77733E+16
51123,8.17072E+18,8,1,19,55,2017,7,16,6,3,5,2,1,1,0,0,0,0,0,5.44434E+20,5.40441E+21,9.60498E+15,4.87911E+16
51124,8.17072E+18,8,1,25,58,2017,7,17,6,3,2,6,0,1,0,0,0,0,0,5.08743E+20,5.44348E+21,9.11988E+15,4.91441E+16
51125,8.17072E+18,8,4,35,59,2017,7,15,7,3,2,6,0,1,0,0,0,0,0,5.13883E+20,5.29087E+21,9.1853E+15,4.7771E+16
51126,8.17072E+18,8,4,35,16,2017,7,10,7,3,3,6,1,1,0,0,0,0,0,5.36597E+20,5.2778E+21,9.48734E+15,4.76526E+16
51127,8.17072E+18,8,4,26,35,2017,7,23,7,2,0,7,0,0,0,1,0,2,0,5.36205E+20,5.32928E+21,9.48644E+15,4.81157E+16
51128,8.17072E+18,8,4,26,21,2017,7,19,7,2,4,6,0,1,0,0,0,0,0,5.52778E+20,5.32949E+21,9.70912E+15,4.81165E+16
51129,8.17072E+18,8,4,26,21,2017,7,17,7,2,2,6,0,0,0,1,1,0,0,5.76588E+20,5.31968E+21,1.00272E+16,4.80258E+16
51130,8.17072E+18,8,4,16,41,2017,7,0,7,2,8,1,0,1,0,0,0,2,1,5.04888E+20,5.38135E+21,9.06628E+15,4.85852E+16
51131,8.17072E+18,8,1,19,20,2017,7,19,6,3,2,6,0,1,0,0,0,0,0,5.21112E+20,5.40714E+21,9.28759E+15,4.88169E+16
51132,8.17072E+18,8,4,15,61,2017,7,0,7,3,5,3,0,1,0,0,0,2,1,5.15311E+20,5.37112E+21,9.20723E+15,4.8493E+16
51133,8.17072E+18,8,4,15,61,2017,7,22,7,3,5,3,0,1,0,0,0,2,0,5.14914E+20,5.37352E+21,9.20195E+15,4.85146E+16
51134,8.17072E+18,8,4,15,59,2017,7,1,7,3,0,1,1,0,0,0,0,2,1,5.16408E+20,5.3673E+21,9.22193E+15,4.84586E+16
51135,8.17072E+18,8,3,36,6,2017,7,15,7,3,3,1,0,1,0,0,0,0,1,3.91406E+20,5.28897E+21,7.55134E+15,4.77449E+16
51136,8.17072E+18,8,3,16,43,2017,7,9,7,3,2,6,0,1,0,0,0,0,0,4.09925E+20,5.32915E+21,7.78992E+15,4.81093E+16
51137,8.17072E+18,8,1,27,9,2017,7,11,6,2,2,6,0,1,0,1,0,0,0,5.56016E+20,5.45233E+21,9.76926E+15,4.92212E+16
51138,8.17072E+18,8,3,37,97,2017,7,19,7,3,8,1,0,1,0,0,0,0,1,4.36376E+20,5.28951E+21,8.15108E+15,4.77558E+16
51139,8.17072E+18,8,3,16,17,2017,7,10,1,3,3,1,0,1,0,0,0,0,0,4.07131E+20,5.33626E+21,7.75084E+15,4.81728E+16