OBJECTID,UIDENTSTLA,ULAND,UREGBEZ,UKREIS,UGEMEINDE,UJAHR,UMONAT,USTUNDE,UWOCHENTAG,UKATEGORIE,UART,UTYP1,IstRad,IstPKW,IstFuss,IstKrad,IstSonstig,LICHT,STRZUSTAND,LINREFX,LINREFY,XGCSWGS84,YGCSWGS84
51140,8.17072E+18,8,2,37,40,2017,7,5,1,3,9,1,0,1,0,0,0,1,1,4.82322E+20,5.36578E+21,8.76095E+15,4.84449E+16
51141,8.17072E+18,8,4,36,81,2017,7,15,1,3,8,1,0,1,0,0,0,0,0,5.61706E+20,5.28773E+21,9.82308E+15,4.774E+16
51142,8.17072E+18,8,4,36,9,2017,7,17,1,3,8,1,0,1,0,0,0,0,0,5.54603E+20,5.30902E+21,9.73103E+15,4.79322E+16
51143,8.17072E+18,8,3,36,87,2017,7,14,7,2,9,1,0,0,0,1,0,0,0,4.21525E+20,5.29417E+21,7.95211E+15,4.77961E+16
51144,8.17072E+18,8,3,35,43,2017,7,23,7,3,0,1,0,0,0,1,0,2,1,5.13465E+20,5.27934E+21,9.17936E+15,4.76673E+16
51145,8.17072E+18,8,1,27,25,2017,7,6,6,3,1,6,0,1,0,0,0,0,0,5.56774E+20,5.42613E+21,9.77599E+15,4.89855E+16
51146,8.17072E+18,8,4,17,79,2017,7,6,1,3,9,1,0,1,0,0,0,0,0,4.94711E+20,5.3404E+21,8.92881E+15,4.82168E+16
51147,8.17072E+18,8,2,15,97,2017,7,13,1,2,3,2,0,0,0,1,1,0,0,4.77637E+20,5.44201E+21,8.69345E+15,4.91305E+16
51148,8.17072E+18,8,3,35,28,2017,7,13,7,2,5,3,0,1,0,1,0,0,0,4.81132E+20,5.28856E+21,8.74828E+15,4.77501E+16
51149,8.17072E+18,8,3,35,43,2017,7,17,7,2,2,6,0,1,0,0,0,0,0,5.13047E+20,5.28341E+21,9.17391E+15,4.7704E+16
51150,8.17072E+18,8,1,36,82,2017,7,11,6,2,0,1,0,0,0,1,0,0,0,5.86604E+20,5.41712E+21,1.01817E+16,4.89009E+16
51151,8.17072E+18,8,3,35,35,2017,7,15,7,2,5,3,0,1,0,1,0,0,0,4.83695E+20,5.2905E+21,8.7824E+15,4.77677E+16
51152,8.17072E+18,8,3,35,77,2017,7,17,7,3,0,1,1,0,0,0,0,0,0,4.93085E+20,5.2958E+21,8.90762E+15,4.78155E+16
51153,8.17072E+18,8,3,27,25,2017,7,22,7,3,4,6,0,1,0,0,0,2,1,4.76724E+20,5.30829E+21,8.6884E+15,4.79275E+16
51154,8.17072E+18,8,3,25,49,2017,7,9,7,1,4,6,0,1,0,0,1,0,0,4.75786E+20,5.33722E+21,8.67421E+15,4.81878E+16
51155,8.17072E+18,8,2,37,73,2017,7,18,7,2,4,6,0,1,0,0,1,0,0,4.57131E+20,5.38267E+21,8.41859E+15,4.85956E+16
51156,8.17072E+18,8,4,17,63,2017,7,12,7,2,8,1,0,1,0,0,0,0,0,5.05588E+20,5.33776E+21,9.07519E+15,4.8193E+16
51157,8.17072E+18,8,3,17,39,2017,7,15,7,3,0,1,0,0,0,1,0,0,0,4.40858E+20,5.34267E+21,8.20354E+15,4.82345E+16
51158,8.17072E+18,8,3,17,57,2017,7,5,7,3,9,1,0,1,0,0,0,1,0,4.13257E+20,5.37525E+21,7.82519E+15,4.85244E+16
51159,8.17072E+18,8,3,35,43,2017,7,1,1,2,6,4,0,1,1,0,0,2,1,5.11164E+20,5.28045E+21,9.14874E+15,4.76773E+16
51160,8.17072E+18,8,3,35,28,2017,7,18,1,3,5,3,0,1,0,0,0,0,0,4.84144E+20,5.28708E+21,8.78851E+15,4.77369E+16
51161,8.17072E+18,8,4,25,141,2017,7,15,1,1,5,3,0,1,0,1,0,0,0,5.626E+20,5.36877E+21,9.8469E+15,4.84689E+16
51162,8.17072E+18,8,4,37,118,2017,7,14,1,2,4,6,0,1,0,1,0,0,0,5.15072E+20,5.3082E+21,9.20177E+15,4.7927E+16
51163,8.17072E+18,8,3,17,5,2017,7,14,1,3,5,2,0,1,0,1,0,0,0,4.24695E+20,5.37692E+21,7.97977E+15,4.85409E+16
51164,8.17072E+18,8,3,17,110,2017,7,20,7,3,2,6,0,1,0,0,0,0,0,4.27343E+20,5.38206E+21,8.01475E+15,4.85874E+16
51165,8.17072E+18,8,3,17,98,2017,7,14,7,3,2,7,0,1,0,1,1,0,0,4.42716E+20,5.37133E+21,8.22467E+15,4.84925E+16
51166,8.17072E+18,8,1,27,52,2017,7,16,6,3,2,2,0,1,0,1,0,0,0,5.44829E+20,5.43714E+21,9.61395E+15,4.90855E+16
51167,8.17072E+18,8,3,17,41,2017,7,6,7,2,4,7,0,1,0,0,0,0,0,4.35449E+20,5.34852E+21,8.12982E+15,4.82866E+16
51168,8.17072E+18,8,3,15,102,2017,7,15,7,3,0,1,0,0,0,1,0,0,0,4.39788E+20,5.29437E+21,8.19593E+15,4.77998E+16
51169,8.17072E+18,8,3,15,13,2017,7,15,7,3,0,1,0,0,0,1,0,0,0,4.06426E+20,5.32499E+21,7.74384E+15,4.80713E+16
51170,8.17072E+18,8,2,36,62,2017,7,10,7,3,4,2,1,0,0,0,1,0,0,4.85422E+20,5.40831E+21,8.80137E+15,4.88276E+16
51171,8.17072E+18,8,2,31,0,2017,7,12,7,3,2,6,0,1,0,0,1,0,0,4.80114E+20,5.41846E+21,8.72857E+15,4.89187E+16
51172,8.17072E+18,8,2,26,12,2017,7,8,7,3,0,7,0,1,0,0,1,0,0,4.74378E+20,5.47849E+21,8.64645E+15,4.94585E+16
51173,8.17072E+18,8,2,15,109,2017,7,16,7,2,4,6,0,1,0,0,0,0,0,4.65148E+20,5.43797E+21,8.52261E+15,4.90936E+16
51174,8.17072E+18,8,2,15,39,2017,7,15,7,3,2,6,0,1,0,0,0,0,0,4.71179E+20,5.45252E+21,8.60417E+15,4.92247E+16
51175,8.17072E+18,8,2,15,9,2017,7,12,7,2,8,7,1,0,0,0,0,0,0,4.69329E+20,5.44006E+21,8.57972E+15,4.91126E+16
51176,8.17072E+18,8,2,15,46,2017,7,1,7,2,9,1,0,0,0,1,0,2,0,4.50872E+20,5.41504E+21,8.32984E+15,4.88864E+16
51177,8.17072E+18,8,1,17,26,2017,7,10,6,3,2,6,1,1,0,0,0,0,0,5.49237E+20,5.39412E+21,9.66913E+15,4.86982E+16
51178,8.17072E+18,8,2,15,102,2017,7,16,7,2,8,1,0,0,0,1,0,0,0,4.55089E+20,5.43982E+21,8.38463E+15,4.91096E+16
51179,8.17072E+18,8,2,31,0,2017,7,21,7,3,2,1,0,1,0,0,0,2,0,4.77763E+20,5.41567E+21,8.69662E+15,4.88936E+16
51180,8.17072E+18,8,2,31,0,2017,7,15,7,2,8,1,0,0,0,1,0,0,1,4.78493E+20,5.41565E+21,8.70658E+15,4.88934E+16
51181,8.17072E+18,8,2,25,109,2017,7,12,7,2,8,1,0,0,0,1,0,0,0,5.24068E+20,5.49527E+21,9.33315E+15,4.96095E+16
51182,8.17072E+18,8,2,22,0,2017,7,19,7,3,0,2,1,1,0,0,0,0,0,4.61419E+20,5.48126E+21,8.46736E+15,4.94828E+16
51183,8.17072E+18,8,2,21,0,2017,7,19,7,3,2,6,0,1,0,0,0,0,0,4.77199E+20,5.47309E+21,8.68568E+15,4.94101E+16
51184,8.17072E+18,8,2,16,22,2017,7,14,7,3,5,3,0,0,0,1,0,0,0,4.34765E+20,5.40532E+21,8.11171E+15,4.87974E+16
51185,8.17072E+18,8,2,12,0,2017,7,8,7,3,1,7,1,0,0,0,0,0,0,4.53797E+20,5.4268E+21,8.36841E+15,4.89924E+16
51186,8.17072E+18,8,1,18,48,2017,7,15,6,3,2,6,0,1,0,0,0,0,0,5.14211E+20,5.41636E+21,9.19391E+15,4.89E+16
51187,8.17072E+18,8,2,12,0,2017,7,5,7,3,9,7,0,1,0,0,0,2,1,4.54553E+20,5.42683E+21,8.37874E+15,4.89927E+16
51188,8.17072E+18,8,2,12,0,2017,7,16,7,3,5,2,1,1,0,0,0,0,0,4.59091E+20,5.42875E+21,8.44057E+15,4.90103E+16
51189,8.17072E+18,8,1,15,45,2017,7,14,7,3,3,7,0,1,0,0,0,0,0,5.0274E+20,5.39478E+21,9.03724E+15,4.8706E+16
51190,8.17072E+18,8,1,11,0,2017,7,9,7,3,2,6,0,1,0,0,0,0,0,5.13769E+20,5.3939E+21,9.18713E+15,4.8698E+16
51191,8.17072E+18,8,1,36,10,2017,7,7,7,3,9,1,0,1,0,0,0,0,0,5.9698E+20,5.41601E+21,1.0323E+16,4.88894E+16
51192,8.17072E+18,8,1,36,19,2017,7,16,7,3,0,3,0,1,0,0,0,0,0,5.84354E+20,5.42492E+21,1.01526E+16,4.89714E+16
51193,8.17072E+18,8,4,15,93,2017,7,21,1,2,5,3,0,1,0,0,0,1,0,5.29322E+20,5.36632E+21,9.39653E+15,4.84494E+16
51194,8.17072E+18,8,3,26,31,2017,7,1,1,3,9,1,0,0,0,1,0,2,1,4.56984E+20,5.33258E+21,8.42172E+15,4.8145E+16
51195,8.17072E+18,8,4,37,78,2017,7,16,1,2,5,3,1,1,0,0,0,0,0,5.08248E+20,5.31825E+21,9.11061E+15,4.80175E+16
51196,8.17072E+18,8,4,35,59,2017,7,11,1,3,5,3,0,1,0,1,0,0,0,5.13928E+20,5.2908E+21,9.18589E+15,4.77704E+16
51197,8.17072E+18,8,1,36,38,2017,7,16,7,3,0,1,0,0,0,1,0,0,1,5.89537E+20,5.41392E+21,1.0221E+16,4.88718E+16
51198,8.17072E+18,8,1,28,7,2017,7,16,7,3,8,1,0,0,0,1,0,0,0,5.53662E+20,5.4823E+21,9.74098E+15,4.9491E+16
51199,8.17072E+18,8,4,15,61,2017,7,2,1,3,8,1,1,0,0,0,0,2,1,5.13256E+20,5.37268E+21,9.17947E+15,4.85071E+16
51200,8.17072E+18,8,1,28,20,2017,7,17,7,2,0,6,0,0,0,1,1,0,0,5.75619E+20,5.48204E+21,1.00441E+16,4.94863E+16
51201,8.17072E+18,8,1,25,7,2017,7,20,7,3,2,1,0,1,0,0,0,1,0,5.08842E+20,5.45306E+21,9.12145E+15,4.92303E+16
51202,8.17072E+18,8,4,25,84,2017,7,12,6,3,1,6,0,1,0,0,0,0,1,5.57598E+20,5.37418E+21,9.77998E+15,4.85181E+16
51203,8.17072E+18,8,1,25,61,2017,7,12,7,3,2,2,0,1,0,0,0,0,0,5.03394E+20,5.44708E+21,9.04656E+15,4.91765E+16
51204,8.17072E+18,8,1,19,79,2017,7,17,7,3,3,1,0,1,0,0,0,0,1,5.21473E+20,5.40658E+21,9.29248E+15,4.88118E+16
51205,8.17072E+18,8,1,19,61,2017,7,14,7,3,2,2,0,1,0,0,0,0,0,5.38782E+20,5.41362E+21,9.5289E+15,4.88743E+16
51206,8.17072E+18,8,1,18,7,2017,7,14,7,3,3,6,1,1,0,0,0,0,1,5.11552E+20,5.42597E+21,9.1579E+15,4.89865E+16
51207,8.17072E+18,8,1,16,15,2017,7,10,7,3,9,1,0,1,0,0,0,0,0,5.22516E+20,5.39478E+21,9.30604E+15,4.87057E+16
51208,8.17072E+18,8,1,16,58,2017,7,20,7,3,0,1,1,0,0,0,0,0,0,5.33848E+20,5.39495E+21,9.46008E+15,4.87066E+16
51209,8.17072E+18,8,2,15,39,2017,7,11,1,2,2,6,0,1,0,0,0,0,0,4.70986E+20,5.45421E+21,8.6014E+15,4.924E+16
51210,8.17072E+18,8,2,37,19,2017,7,2,1,3,8,7,0,0,0,1,0,2,0,4.62434E+20,5.36952E+21,8.4917E+15,4.84777E+16
51211,8.17072E+18,8,1,15,21,2017,7,10,7,3,0,2,0,1,0,0,0,0,0,4.8851E+20,5.38258E+21,8.84416E+15,4.85962E+16
51212,8.17072E+18,8,1,15,51,2017,7,20,7,3,2,6,0,1,0,0,0,1,0,5.01814E+20,5.38473E+21,9.02462E+15,4.86156E+16
51213,8.17072E+18,8,1,11,0,2017,7,13,7,3,5,7,0,1,0,1,0,0,0,5.0664E+20,5.40289E+21,9.09039E+15,4.8779E+16
51214,8.17072E+18,8,1,11,0,2017,7,11,7,3,3,6,0,1,0,0,1,0,0,5.13086E+20,5.4069E+21,9.17826E+15,4.88149E+16
51215,8.17072E+18,8,1,11,0,2017,7,16,7,3,2,6,0,1,0,0,0,0,0,5.14898E+20,5.39539E+21,9.20252E+15,4.87114E+16
51216,8.17072E+18,8,4,37,104,2017,7,6,6,3,5,3,0,1,0,0,0,0,0,5.16479E+20,5.32634E+21,9.2213E+15,4.80901E+16
51217,8.17072E+18,8,4,36,55,2017,7,18,6,1,8,1,0,0,0,1,0,0,0,5.81652E+20,5.29573E+21,1.00906E+16,4.78097E+16
51218,8.17072E+18,8,4,36,49,2017,7,15,6,3,5,3,0,1,0,1,0,0,0,5.77221E+20,5.28447E+21,1.00294E+16,4.7709E+16
51219,8.17072E+18,8,4,36,81,2017,7,17,6,3,4,2,1,1,0,0,0,0,0,5.6266E+20,5.28204E+21,9.83499E+15,4.76887E+16
51220,8.17072E+18,8,4,36,96,2017,7,8,6,3,2,6,0,1,0,0,1,0,0,5.43809E+20,5.3014E+21,9.58575E+15,4.78644E+16
51221,8.17072E+18,8,1,19,20,2017,7,7,6,3,2,6,0,1,0,0,0,0,0,5.18529E+20,5.40832E+21,9.25246E+15,4.88276E+16
51222,8.17072E+18,8,4,36,3,2017,7,8,6,3,4,2,0,1,0,0,0,0,0,5.77907E+20,5.30385E+21,1.0042E+16,4.78833E+16
51223,8.17072E+18,8,4,36,55,2017,7,22,6,3,4,6,0,1,0,0,0,2,0,5.78511E+20,5.29229E+21,1.0048E+16,4.77792E+16
51224,8.17072E+18,8,4,35,66,2017,7,8,6,3,2,6,0,1,0,0,0,0,0,5.18046E+20,5.28694E+21,9.24069E+15,4.77356E+16
51225,8.17072E+18,8,4,35,67,2017,7,13,6,3,2,6,0,1,0,0,0,0,0,5.28373E+20,5.29143E+21,9.37871E+15,4.77756E+16
51226,8.17072E+18,8,4,35,59,2017,7,13,6,3,5,3,0,1,0,0,1,0,0,5.15415E+20,5.28876E+21,9.20566E+15,4.77521E+16
51227,8.17072E+18,8,1,16,72,2017,7,17,6,3,0,1,1,0,0,0,0,0,0,5.31296E+20,5.39263E+21,9.42521E+15,4.86859E+16
51228,8.17072E+18,8,4,37,86,2017,7,17,6,2,5,3,0,0,0,1,0,0,0,5.30083E+20,5.30974E+21,9.40282E+15,4.79403E+16
51229,8.17072E+18,8,4,26,58,2017,7,16,6,3,5,3,0,1,0,0,0,0,0,5.57749E+20,5.31742E+21,9.77428E+15,4.80075E+16
51230,8.17072E+18,8,4,26,128,2017,7,12,6,3,5,3,0,1,0,1,0,0,0,5.5996E+20,5.33122E+21,9.80585E+15,4.81314E+16
51231,8.17072E+18,8,4,26,58,2017,7,16,6,2,4,1,0,1,0,1,0,0,0,5.5694E+20,5.31781E+21,9.76348E+15,4.8011E+16
51232,8.17072E+18,8,4,26,21,2017,7,1,6,3,1,7,1,1,0,0,0,2,0,5.58587E+20,5.32717E+21,9.78684E+15,4.80951E+16
51233,8.17072E+18,8,4,26,21,2017,7,11,6,2,4,7,0,1,0,0,0,0,0,5.646E+20,5.32585E+21,9.8674E+15,4.80827E+16
51234,8.17072E+18,8,4,25,19,2017,7,23,6,3,4,6,0,1,0,0,1,2,1,5.77578E+20,5.37204E+21,1.00501E+16,4.84967E+16
51235,8.17072E+18,8,4,16,41,2017,7,15,6,3,5,3,0,1,0,0,1,0,0,5.0001E+20,5.37205E+21,9.00014E+15,4.85016E+16
51236,8.17072E+18,8,4,15,92,2017,7,15,6,2,4,6,0,1,0,0,0,0,0,5.19619E+20,5.3652E+21,9.26526E+15,4.84396E+16
51237,8.17072E+18,8,3,37,126,2017,7,0,6,3,8,1,0,1,0,0,0,2,1,4.42155E+20,5.27335E+21,8.23032E+15,4.7611E+16
51238,8.17072E+18,8,3,37,126,2017,7,17,6,3,2,6,0,1,0,0,0,0,0,4.46346E+20,5.27596E+21,8.28576E+15,4.76348E+16
51239,8.17072E+18,8,3,36,105,2017,7,18,6,3,2,6,0,1,0,0,0,1,1,3.99304E+20,5.26746E+21,7.66163E+15,4.75527E+16
51240,8.17072E+18,8,3,35,80,2017,7,11,6,3,4,6,0,1,0,0,1,0,0,4.76188E+20,5.29958E+21,8.68171E+15,4.78491E+16
51241,8.17072E+18,8,3,35,75,2017,7,15,6,2,5,2,0,1,0,1,0,0,0,4.89634E+20,5.28782E+21,8.86172E+15,4.77437E+16
51242,8.17072E+18,8,4,36,13,2017,7,13,6,2,8,7,0,0,0,1,0,0,0,5.42632E+20,5.29955E+21,9.56984E+15,4.78479E+16
51243,8.17072E+18,8,4,36,13,2017,7,12,6,3,8,1,0,0,0,1,0,0,0,5.42634E+20,5.29955E+21,9.56986E+15,4.78479E+16
51244,8.17072E+18,8,4,36,9,2017,7,16,6,3,5,2,0,1,0,0,1,0,0,5.56172E+20,5.30792E+21,9.75189E+15,4.79222E+16
51245,8.17072E+18,8,3,27,50,2017,7,8,6,3,1,3,0,1,0,0,1,0,0,4.85294E+20,5.31415E+21,8.80293E+15,4.79805E+16
51246,8.17072E+18,8,1,27,76,2017,7,8,6,3,3,7,0,1,0,1,0,0,0,5.54015E+20,5.44011E+21,9.74014E+15,4.91114E+16
51247,8.17072E+18,8,3,26,61,2017,7,18,6,3,4,2,0,1,0,0,0,0,0,4.70997E+20,5.32027E+21,8.61093E+15,4.8035E+16
51248,8.17072E+18,8,4,17,57,2017,7,8,6,2,6,2,0,1,1,0,0,0,0,4.82084E+20,5.33955E+21,8.75885E+15,4.82089E+16
51249,8.17072E+18,8,4,17,31,2017,7,12,6,2,2,6,0,1,0,0,0,0,0,4.97093E+20,5.35743E+21,8.96075E+15,4.837E+16
51250,8.17072E+18,8,3,17,40,2017,7,17,6,3,8,1,0,0,0,1,0,0,0,4.33432E+20,5.34821E+21,8.10268E+15,4.82836E+16
51251,8.17072E+18,8,3,17,47,2017,7,13,6,3,2,6,0,1,0,0,0,0,0,4.20924E+20,5.36627E+21,7.93071E+15,4.84446E+16
51252,8.17072E+18,8,3,16,10,2017,7,16,6,2,4,2,0,1,0,1,0,0,0,4.37625E+20,5.34198E+21,8.16011E+15,4.8228E+16
51253,8.17072E+18,8,3,16,53,2017,7,16,6,3,4,2,0,1,0,0,0,0,0,4.04789E+20,5.34516E+21,7.71736E+15,4.82525E+16
51254,8.17072E+18,8,1,25,26,2017,7,12,6,2,4,6,0,1,0,1,0,0,0,4.95116E+20,5.44571E+21,8.933E+15,4.91642E+16
51255,8.17072E+18,8,3,15,15,2017,7,11,6,2,5,3,0,1,0,1,0,0,0,3.9513E+20,5.3211E+21,7.5932E+15,4.80346E+16
51256,8.17073E+18,8,1,36,88,2017,7,20,3,3,9,1,0,1,0,0,0,1,1,5.8418E+20,5.40643E+21,1.01465E+16,4.88051E+16
51257,8.17073E+18,8,1,28,115,2017,7,14,3,3,9,1,0,1,0,0,0,0,1,5.48823E+20,5.49392E+21,9.67561E+15,4.95958E+16
51258,8.17073E+18,8,1,27,14,2017,7,18,3,3,5,2,0,1,0,1,0,0,1,5.77085E+20,5.44248E+21,1.00567E+16,4.91303E+16
51259,8.17073E+18,8,1,21,0,2017,7,19,3,3,5,3,0,1,0,0,1,1,1,5.14154E+20,5.44128E+21,9.19399E+15,4.91242E+16
51260,8.17073E+18,8,1,25,66,2017,7,17,3,3,8,1,0,1,0,0,0,0,1,5.13305E+20,5.43224E+21,9.18206E+15,4.90429E+16
51261,8.17073E+18,8,1,19,42,2017,7,15,3,3,8,1,0,1,0,0,0,0,1,5.30405E+20,5.41632E+21,9.41486E+15,4.88991E+16
51262,8.17073E+18,8,1,19,67,2017,7,12,3,3,2,6,0,1,0,0,0,0,0,5.38751E+20,5.40686E+21,9.52783E+15,4.88135E+16
51263,8.17073E+18,8,1,19,38,2017,7,11,3,3,9,1,0,0,0,1,0,0,1,5.23904E+20,5.42001E+21,9.32637E+15,4.89326E+16
51264,8.17073E+18,8,1,18,48,2017,7,15,3,3,6,4,0,1,1,0,0,0,1,5.13466E+20,5.41529E+21,9.1837E+15,4.88904E+16
51265,8.17073E+18,8,1,15,45,2017,7,15,3,3,2,6,0,1,0,0,0,0,1,5.00182E+20,5.39341E+21,9.00248E+15,4.86937E+16
51266,8.17073E+18,8,1,18,67,2017,7,11,3,1,4,6,0,1,0,0,1,0,0,5.0318E+20,5.41496E+21,9.04338E+15,4.88876E+16
51267,8.17073E+18,8,1,17,24,2017,7,10,3,2,5,3,1,1,0,0,0,0,1,5.60806E+20,5.38612E+21,9.82517E+15,4.86252E+16
51268,8.17073E+18,8,4,26,87,2017,7,14,3,3,4,6,0,0,0,0,1,0,1,5.71946E+20,5.32682E+21,9.96618E+15,4.80906E+16
51269,8.17073E+18,8,1,17,24,2017,7,9,3,3,5,3,0,1,0,0,0,0,0,5.59741E+20,5.3847E+21,9.81051E+15,4.86126E+16
51270,8.17073E+18,8,4,25,20,2017,7,12,3,3,0,1,0,1,0,0,0,0,1,5.56888E+20,5.36401E+21,9.76899E+15,4.84267E+16
51271,8.17073E+18,8,1,16,33,2017,7,16,3,3,0,1,0,0,0,1,0,0,1,5.3389E+20,5.38895E+21,9.46015E+15,4.86527E+16
51272,8.17073E+18,8,1,15,37,2017,7,15,3,2,8,1,0,1,0,0,0,0,1,4.92991E+20,5.38684E+21,8.90486E+15,4.86345E+16
51273,8.17073E+18,8,1,15,3,2017,7,8,3,3,5,3,0,1,0,0,0,0,1,4.98451E+20,5.3928E+21,8.97896E+15,4.86882E+16
51274,8.17073E+18,8,1,15,3,2017,7,17,3,3,2,6,0,1,0,0,0,0,1,4.9758E+20,5.39355E+21,8.96711E+15,4.8695E+16
51275,8.17073E+18,8,1,11,0,2017,7,14,3,2,0,1,1,1,0,0,0,0,1,5.0776E+20,5.39744E+21,9.10553E+15,4.87299E+16
51276,8.17073E+18,8,1,11,0,2017,7,8,3,3,2,6,0,1,0,0,0,0,1,5.14988E+20,5.39528E+21,9.20374E+15,4.87103E+16
51277,8.17072E+18,8,4,35,34,2017,7,5,2,3,7,7,0,1,0,0,0,2,0,5.31834E+20,5.28484E+21,9.42443E+15,4.77162E+16
51278,8.17072E+18,8,1,35,19,2017,7,8,6,2,5,3,0,1,0,0,0,0,0,5.85479E+20,5.39576E+21,1.01619E+16,4.8709E+16
51279,8.17072E+18,8,3,11,0,2017,7,10,6,3,0,2,1,1,0,0,0,0,0,4.14334E+20,5.31672E+21,7.85163E+15,4.7998E+16
51280,8.17072E+18,8,1,19,20,2017,7,16,6,3,5,3,0,1,0,0,1,0,0,5.19799E+20,5.40623E+21,9.26966E+15,4.88088E+16
51281,8.17072E+18,8,3,36,50,2017,7,16,6,3,3,6,0,1,0,1,1,0,0,3.99308E+20,5.27563E+21,7.6598E+15,4.76262E+16
51282,8.17072E+18,8,2,26,103,2017,7,13,6,3,2,1,0,1,0,0,1,0,0,4.723E+20,5.45878E+21,8.61914E+15,4.92811E+16
51283,8.17072E+18,8,2,26,85,2017,7,15,6,3,2,6,0,1,0,0,0,0,0,4.89668E+20,5.45509E+21,8.85803E+15,4.92485E+16
51284,8.17072E+18,8,1,17,51,2017,7,21,2,2,2,6,0,1,0,0,0,2,1,5.42635E+20,5.39479E+21,9.57949E+15,4.87047E+16
51285,8.17072E+18,8,4,21,0,2017,7,7,2,3,2,6,0,1,0,0,0,0,1,5.72386E+20,5.3639E+21,9.97843E+15,4.84241E+16
51286,8.17072E+18,8,2,36,46,2017,7,14,6,3,3,6,0,1,0,0,1,0,0,4.84409E+20,5.41504E+21,8.78731E+15,4.88881E+16
51287,8.17072E+18,8,4,17,22,2017,7,8,2,3,1,6,0,1,0,0,1,0,0,4.86612E+20,5.34831E+21,8.81952E+15,4.82879E+16
51288,8.17072E+18,8,4,16,36,2017,7,18,2,3,1,6,0,1,0,0,0,0,1,4.97774E+20,5.37198E+21,8.96987E+15,4.85009E+16
51289,8.17072E+18,8,2,15,100,2017,7,7,6,1,5,1,0,1,0,1,0,0,0,4.74523E+20,5.45101E+21,8.6502E+15,4.92113E+16
51290,8.17072E+18,8,4,15,61,2017,7,13,2,2,0,1,1,0,0,0,0,0,1,5.15375E+20,5.37082E+21,9.2081E+15,4.84903E+16
51291,8.17072E+18,8,4,15,78,2017,7,6,2,3,8,1,0,1,0,0,0,0,0,5.3362E+20,5.36961E+21,9.45492E+15,4.84787E+16
51292,8.17072E+18,8,2,15,84,2017,7,12,6,3,2,6,0,1,0,0,1,0,0,4.69483E+20,5.44791E+21,8.58124E+15,4.91833E+16
51293,8.17072E+18,8,3,25,11,2017,7,6,2,3,8,6,0,1,0,0,0,0,0,4.73806E+20,5.34356E+21,8.64718E+15,4.82448E+16
51294,8.17072E+18,8,3,37,62,2017,7,18,2,2,9,1,0,1,0,0,0,0,1,4.5644E+20,5.27863E+21,8.41986E+15,4.76596E+16
51295,8.17072E+18,8,2,37,27,2017,7,12,6,3,5,3,1,1,0,0,0,0,0,4.80853E+20,5.36941E+21,8.74093E+15,4.84775E+16
51296,8.17072E+18,8,3,36,57,2017,7,17,2,3,8,1,0,1,0,0,0,0,1,4.0688E+20,5.27741E+21,7.76018E+15,4.76434E+16
51297,8.17072E+18,8,3,35,28,2017,7,14,2,3,5,3,0,1,0,0,0,0,0,4.84142E+20,5.28708E+21,8.78849E+15,4.77369E+16
51298,8.17072E+18,8,3,35,43,2017,7,9,2,3,5,3,1,1,0,0,0,0,1,5.1364E+20,5.2796E+21,9.1817E+15,4.76696E+16
51299,8.17072E+18,8,2,36,33,2017,7,12,6,2,4,6,0,1,0,0,1,0,0,4.84402E+20,5.43085E+21,8.78661E+15,4.90303E+16
51300,8.17072E+18,8,2,36,38,2017,7,18,6,3,0,7,0,0,1,0,1,0,0,4.85738E+20,5.42726E+21,8.80502E+15,4.89981E+16
51301,8.17072E+18,8,2,26,76,2017,7,15,6,3,4,2,0,1,0,0,0,0,0,4.75432E+20,5.46616E+21,8.66175E+15,4.93477E+16
51302,8.17072E+18,8,2,26,98,2017,7,17,6,2,0,7,0,1,0,1,0,0,0,4.76381E+20,5.46093E+21,8.67513E+15,4.93007E+16
51303,8.17072E+18,8,4,35,16,2017,7,8,2,2,4,1,0,1,0,0,0,0,1,5.34844E+20,5.2824E+21,9.46437E+15,4.7694E+16
51304,8.17072E+18,8,3,25,24,2017,7,20,2,3,8,1,0,1,0,0,0,1,1,4.57368E+20,5.33686E+21,8.42646E+15,4.81835E+16
51305,8.17072E+18,8,3,17,40,2017,7,17,2,3,2,6,0,1,0,0,0,0,1,4.31763E+20,5.34798E+21,8.08022E+15,4.82813E+16
51306,8.17072E+18,8,2,26,106,2017,7,17,6,3,1,6,0,1,0,0,0,0,0,4.97733E+20,5.46328E+21,8.96881E+15,4.93222E+16
51307,8.17072E+18,8,3,17,39,2017,7,10,2,3,2,6,0,1,0,0,0,0,1,4.40834E+20,5.34647E+21,8.20269E+15,4.82687E+16
51308,8.17072E+18,8,3,16,11,2017,7,13,2,3,9,1,0,1,0,0,0,0,1,4.16308E+20,5.33234E+21,7.87503E+15,4.81388E+16
51309,8.17072E+18,8,2,26,96,2017,7,7,2,3,2,7,0,1,0,0,0,0,1,4.72722E+20,5.48852E+21,8.62289E+15,4.95487E+16
51310,8.17072E+18,8,2,12,0,2017,7,7,2,3,2,6,0,1,0,0,0,0,1,4.60767E+20,5.42396E+21,8.46395E+15,4.89673E+16
51311,8.17072E+18,8,2,12,0,2017,7,15,2,3,2,6,0,1,0,0,0,0,0,4.54891E+20,5.42715E+21,8.38333E+15,4.89956E+16
51312,8.17072E+18,8,2,16,7,2017,7,17,2,3,2,6,0,1,0,0,1,0,0,4.35571E+20,5.39966E+21,8.12357E+15,4.87467E+16