OBJECTID,UIDENTSTLA,ULAND,UREGBEZ,UKREIS,UGEMEINDE,UJAHR,UMONAT,USTUNDE,UWOCHENTAG,UKATEGORIE,UART,UTYP1,IstRad,IstPKW,IstFuss,IstKrad,IstSonstig,LICHT,STRZUSTAND,LINREFX,LINREFY,XGCSWGS84,YGCSWGS84
51313,8.17072E+18,8,2,35,20,2017,7,19,2,3,8,1,0,0,0,0,1,0,1,4.74522E+20,5.38436E+21,8.65435E+15,4.86118E+16
51314,8.17072E+18,8,2,31,0,2017,7,15,2,3,2,6,0,1,0,0,0,0,0,4.78495E+20,5.416E+21,8.70659E+15,4.88966E+16
51315,8.17072E+18,8,2,26,85,2017,7,8,2,3,5,3,0,1,0,0,0,0,1,4.89717E+20,5.45523E+21,8.8587E+15,4.92498E+16
51316,8.17072E+18,8,2,16,52,2017,7,23,2,3,4,7,0,1,0,0,0,2,0,4.41816E+20,5.41888E+21,8.20578E+15,4.89201E+16
51317,8.17072E+18,8,2,15,59,2017,7,16,2,3,8,1,0,1,0,0,0,0,1,4.8823E+20,5.43353E+21,8.8389E+15,4.90545E+16
51318,8.17072E+18,8,2,15,7,2017,7,16,2,3,1,6,0,1,0,0,0,0,1,4.82015E+20,5.43466E+21,8.7538E+15,4.90645E+16
51319,8.17072E+18,8,2,15,17,2017,7,17,2,3,5,2,0,1,0,0,0,0,1,4.53814E+20,5.42213E+21,8.36917E+15,4.89503E+16
51320,8.17072E+18,8,2,12,0,2017,7,18,2,3,0,2,0,1,0,1,0,0,1,4.55073E+20,5.42749E+21,8.38577E+15,4.89987E+16
51321,8.17072E+18,8,2,12,0,2017,7,15,2,3,2,6,0,1,0,0,1,0,0,4.5303E+20,5.42866E+21,8.35771E+15,4.9009E+16
51322,8.17072E+18,8,2,12,0,2017,7,9,2,3,0,6,0,1,0,0,1,0,0,4.57667E+20,5.42807E+21,8.42117E+15,4.90041E+16
51323,8.17072E+18,8,1,36,43,2017,7,14,2,3,5,3,0,1,0,1,0,0,0,5.70158E+20,5.40733E+21,9.95567E+15,4.8815E+16
51324,8.17072E+18,8,2,25,32,2017,7,13,6,3,7,1,0,0,0,0,1,0,0,5.33983E+20,5.49502E+21,9.47035E+15,4.96068E+16
51325,8.17072E+18,8,4,21,0,2017,7,15,6,3,1,6,0,1,0,0,1,0,0,5.72283E+20,5.36757E+21,9.97768E+15,4.84571E+16
51326,8.17072E+18,8,2,26,84,2017,7,11,6,3,5,3,0,1,0,0,0,0,0,4.67015E+20,5.47152E+21,8.54541E+15,4.93955E+16
51327,8.17072E+18,8,2,26,36,2017,7,12,6,3,5,3,1,1,0,0,0,0,0,4.6747E+20,5.48109E+21,8.55091E+15,4.94816E+16
51328,8.17072E+18,8,2,21,0,2017,7,9,6,3,5,3,1,1,0,0,0,0,0,4.7808E+20,5.47333E+21,8.69781E+15,4.94123E+16
51329,8.17072E+18,8,2,15,106,2017,7,15,6,3,1,7,0,1,0,0,1,0,0,4.65456E+20,5.45208E+21,8.52562E+15,4.92205E+16
51330,8.17072E+18,8,2,15,9,2017,7,8,6,3,2,6,0,1,0,0,0,0,0,4.69439E+20,5.44229E+21,8.58106E+15,4.91327E+16
51331,8.17072E+18,8,2,15,17,2017,7,21,6,3,0,1,0,0,0,1,0,1,1,4.54269E+20,5.42037E+21,8.37559E+15,4.89346E+16
51332,8.17072E+18,8,2,11,0,2017,7,12,6,3,5,3,0,1,0,1,0,0,0,4.42251E+20,5.4041E+21,8.2138E+15,4.87872E+16
51333,8.17072E+18,8,2,11,0,2017,7,19,6,2,5,2,1,0,0,0,0,0,0,4.4251E+20,5.40588E+21,8.21708E+15,4.88032E+16
51334,8.17072E+18,8,1,25,63,2017,7,0,6,3,8,1,0,0,0,0,1,2,0,5.26666E+20,5.45958E+21,9.3667E+15,4.92884E+16
51335,8.17072E+18,8,1,15,45,2017,7,15,6,3,2,6,0,1,0,0,0,0,0,5.04601E+20,5.39675E+21,9.06256E+15,4.87238E+16
51336,8.17072E+18,8,1,35,19,2017,7,19,2,2,2,6,0,1,0,0,1,0,0,5.89408E+20,5.39318E+21,1.02148E+16,4.86853E+16
51337,8.17072E+18,8,1,35,25,2017,7,6,2,2,5,3,0,0,0,1,1,0,0,5.81554E+20,5.39966E+21,1.01094E+16,4.87446E+16
51338,8.17072E+18,8,1,27,101,2017,7,12,2,3,4,6,0,1,0,0,0,0,0,5.848E+20,5.44104E+21,1.01621E+16,4.91163E+16
51339,8.17072E+18,8,1,15,45,2017,7,13,6,3,2,6,0,1,0,0,0,0,0,5.03058E+20,5.39452E+21,9.04157E+15,4.87037E+16
51340,8.17072E+18,8,2,25,2,2017,7,6,2,1,8,1,0,1,0,0,0,0,0,5.00831E+20,5.46968E+21,9.01146E+15,4.93799E+16
51341,8.17072E+18,8,1,25,63,2017,7,8,2,2,9,1,0,1,0,0,0,0,1,5.23688E+20,5.46317E+21,9.32597E+15,4.93208E+16
51342,8.17072E+18,8,1,19,67,2017,7,11,6,3,0,6,0,0,0,1,1,0,0,5.40162E+20,5.40542E+21,9.54691E+15,4.88005E+16
51343,8.17072E+18,8,1,19,76,2017,7,13,2,3,6,4,0,0,1,0,1,0,0,5.42382E+20,5.40649E+21,9.57726E+15,4.88099E+16
51344,8.17072E+18,8,1,18,48,2017,7,7,2,3,2,2,0,1,0,0,0,0,0,5.14448E+20,5.41665E+21,9.19715E+15,4.89026E+16
51345,8.17072E+18,8,1,18,51,2017,7,19,6,3,2,6,0,1,0,0,0,0,0,5.10554E+20,5.4148E+21,9.14397E+15,4.8886E+16
51346,8.17072E+18,8,1,18,48,2017,7,20,2,3,0,7,0,1,0,0,0,1,1,5.13986E+20,5.41462E+21,9.19078E+15,4.88844E+16
51347,8.17072E+18,8,1,18,48,2017,7,17,2,3,2,6,0,1,0,0,0,0,0,5.15085E+20,5.41519E+21,9.20579E+15,4.88894E+16
51348,8.17072E+18,8,1,18,79,2017,7,16,2,2,5,3,0,1,0,0,0,0,0,5.08022E+20,5.42154E+21,9.10957E+15,4.89467E+16
51349,8.17072E+18,8,1,11,0,2017,7,16,2,3,3,6,0,1,0,0,1,0,0,5.06228E+20,5.39595E+21,9.08466E+15,4.87165E+16
51350,8.17072E+18,8,1,17,2,2017,7,6,2,2,2,6,0,0,0,0,1,0,0,5.42586E+20,5.38618E+21,9.57793E+15,4.86273E+16
51351,8.17072E+18,8,1,17,28,2017,7,12,2,3,2,6,0,1,0,0,1,0,0,5.46358E+20,5.38416E+21,9.62889E+15,4.86088E+16
51352,8.17072E+18,8,1,16,11,2017,7,11,2,3,4,6,0,1,0,0,0,0,1,5.31766E+20,5.37921E+21,9.43057E+15,4.85652E+16
51353,8.17072E+18,8,1,11,0,2017,7,8,2,3,5,3,1,1,0,0,0,0,0,5.13259E+20,5.40386E+21,9.1805E+15,4.87876E+16
51354,8.17072E+18,8,1,11,0,2017,7,17,2,3,2,6,0,1,0,0,0,0,1,5.14749E+20,5.40465E+21,9.20082E+15,4.87946E+16
51355,8.17072E+18,8,1,11,0,2017,7,15,2,3,5,3,0,1,0,0,0,0,0,5.15978E+20,5.40686E+21,9.21765E+15,4.88145E+16
51356,8.17072E+18,8,1,11,0,2017,7,13,2,3,2,6,0,1,0,0,1,0,0,5.18271E+20,5.40298E+21,9.2487E+15,4.87796E+16
51357,8.17072E+18,8,2,16,7,2017,7,6,1,3,8,1,0,0,0,1,0,0,0,4.34556E+20,5.39812E+21,8.11E+15,4.87327E+16
51358,8.17072E+18,8,3,16,38,2017,7,11,1,2,8,7,0,1,0,0,0,0,0,3.97919E+20,5.33034E+21,7.62839E+15,4.81181E+16
51359,8.17072E+18,8,2,35,80,2017,7,11,1,3,1,5,1,1,0,0,0,0,0,4.81151E+20,5.38558E+21,8.74423E+15,4.8623E+16
51360,8.17072E+18,8,2,31,0,2017,7,15,1,3,3,3,0,1,0,0,0,0,0,4.74151E+20,5.41742E+21,8.64723E+15,4.89092E+16
51361,8.17072E+18,8,1,36,79,2017,7,17,6,3,6,7,0,1,1,0,0,0,0,5.60305E+20,5.4018E+21,9.82066E+15,4.87662E+16
51362,8.17072E+18,8,1,27,91,2017,7,16,6,3,5,3,0,1,0,0,0,0,0,5.78175E+20,5.44916E+21,1.00729E+16,4.91903E+16
51363,8.17072E+18,8,1,25,26,2017,7,11,6,3,8,1,0,0,0,1,0,0,0,4.91993E+20,5.44457E+21,8.89019E+15,4.91539E+16
51364,8.17072E+18,8,1,19,20,2017,7,7,6,3,5,3,1,0,0,1,0,0,0,5.19326E+20,5.40895E+21,9.26334E+15,4.88332E+16
51365,8.17073E+18,8,1,19,79,2017,7,20,6,2,5,3,1,1,0,0,0,0,0,5.2379E+20,5.40823E+21,9.32413E+15,4.88266E+16
51366,8.17073E+18,8,1,18,48,2017,7,15,6,3,2,6,0,1,0,0,0,0,0,5.12822E+20,5.41698E+21,9.17498E+15,4.89056E+16
51367,8.17073E+18,8,1,18,81,2017,7,18,6,3,5,2,1,1,0,0,0,0,0,5.18133E+20,5.41145E+21,9.24719E+15,4.88558E+16
51368,8.17073E+18,8,1,17,26,2017,7,21,6,3,5,3,1,1,0,0,0,1,0,5.48652E+20,5.39463E+21,9.66125E+15,4.87028E+16
51369,8.17073E+18,8,1,16,49,2017,7,21,6,3,9,1,0,0,0,1,0,0,0,5.24311E+20,5.38646E+21,9.32994E+15,4.86307E+16
51370,8.17073E+18,8,1,15,48,2017,7,17,6,3,2,6,0,1,0,0,0,0,0,5.12536E+20,5.38692E+21,9.17015E+15,4.86352E+16
51371,8.17073E+18,8,1,15,21,2017,7,19,6,3,2,6,0,1,0,0,0,0,0,4.90013E+20,5.38147E+21,8.86457E+15,4.85862E+16
51372,8.17073E+18,8,1,11,0,2017,7,20,6,2,8,1,0,0,0,1,0,1,0,5.06507E+20,5.40002E+21,9.08853E+15,4.87532E+16
51373,8.17073E+18,8,1,11,0,2017,7,14,6,3,5,3,1,1,0,0,0,0,0,5.11151E+20,5.39702E+21,9.15162E+15,4.87261E+16
51374,8.17073E+18,8,1,11,0,2017,7,22,6,2,0,1,0,0,0,1,0,2,0,5.15345E+20,5.40505E+21,9.20896E+15,4.87982E+16
51375,8.17073E+18,8,4,37,31,2017,7,16,5,3,5,2,0,0,0,1,1,0,0,5.15979E+20,5.34407E+21,9.21525E+15,4.82496E+16
51376,8.17073E+18,8,4,26,70,2017,7,14,5,3,8,7,0,1,0,0,0,0,0,5.6527E+20,5.3396E+21,9.87849E+15,4.82063E+16
51377,8.17073E+18,8,4,26,21,2017,7,7,5,3,2,6,0,1,0,0,0,0,1,5.5592E+20,5.32332E+21,9.75052E+15,4.80607E+16
51378,8.17073E+18,8,4,26,120,2017,7,17,5,2,0,1,0,0,0,1,0,0,0,5.61866E+20,5.32366E+21,9.83038E+15,4.80632E+16
51379,8.17073E+18,8,4,25,93,2017,7,13,5,3,5,2,0,1,0,0,0,0,1,5.59511E+20,5.34903E+21,9.80232E+15,4.82917E+16
51380,8.17073E+18,8,4,15,61,2017,7,7,5,3,0,3,0,1,0,1,0,0,1,5.14834E+20,5.37558E+21,9.20094E+15,4.85331E+16
51381,8.17073E+18,8,4,15,73,2017,7,8,5,3,2,2,0,1,0,0,0,0,1,5.18E+20,5.35361E+21,9.24288E+15,4.83354E+16
51382,8.17073E+18,8,3,36,50,2017,7,22,5,2,8,1,0,1,0,0,0,2,1,4.00439E+20,5.27801E+21,7.67431E+15,4.76479E+16
51383,8.17073E+18,8,3,35,75,2017,7,17,5,3,2,5,0,1,0,0,0,0,0,4.872E+20,5.28984E+21,8.8292E+15,4.77618E+16
51384,8.17073E+18,8,3,35,75,2017,7,9,5,3,8,1,0,1,0,0,0,0,1,4.88331E+20,5.294E+21,8.84417E+15,4.77992E+16
51385,8.17073E+18,8,3,27,10,2017,7,20,5,2,9,1,0,0,0,1,0,0,1,4.79827E+20,5.32768E+21,8.72903E+15,4.8102E+16
51386,8.17073E+18,8,3,27,50,2017,7,13,5,3,2,6,0,1,0,0,1,0,0,4.86536E+20,5.31487E+21,8.81955E+15,4.7987E+16
51387,8.17073E+18,8,3,27,54,2017,7,14,5,3,0,7,0,0,0,0,1,0,0,4.83162E+20,5.31813E+21,8.77421E+15,4.80162E+16
51388,8.17073E+18,8,3,16,17,2017,7,13,5,3,8,7,0,0,0,1,0,0,0,4.07934E+20,5.34063E+21,7.7607E+15,4.82123E+16
51389,8.17073E+18,8,3,11,0,2017,7,16,5,3,1,5,0,1,0,0,0,0,0,4.1479E+20,5.31917E+21,7.85726E+15,4.80202E+16
51390,8.17073E+18,8,2,31,0,2017,7,7,5,3,2,6,0,1,0,0,0,0,1,4.79376E+20,5.41821E+21,8.7185E+15,4.89165E+16
51391,8.17073E+18,8,2,21,0,2017,7,15,5,3,2,6,0,1,0,0,0,0,0,4.73907E+20,5.47591E+21,8.64011E+15,4.94353E+16
51392,8.17073E+18,8,2,15,17,2017,7,18,5,3,2,6,0,1,0,0,1,0,0,4.57623E+20,5.42377E+21,8.42103E+15,4.89654E+16
51393,8.17073E+18,8,2,15,46,2017,7,18,5,2,3,7,0,1,0,1,0,0,0,4.52592E+20,5.41875E+21,8.35288E+15,4.89199E+16
51394,8.17073E+18,8,2,37,4,2017,7,18,5,3,0,6,1,1,0,0,0,0,0,4.53506E+20,5.37312E+21,8.37049E+15,4.85095E+16
51395,8.17073E+18,8,2,31,0,2017,7,9,5,3,4,2,0,1,0,0,0,0,0,4.77964E+20,5.41472E+21,8.69942E+15,4.8885E+16
51396,8.17073E+18,8,2,25,91,2017,7,15,5,3,3,6,1,1,0,0,0,0,0,5.24076E+20,5.47683E+21,9.33212E+15,4.94437E+16
51397,8.17073E+18,8,2,22,0,2017,7,7,5,3,5,3,0,1,0,0,0,0,1,4.65456E+20,5.47631E+21,8.52352E+15,4.94385E+16
51398,8.17073E+18,8,2,21,0,2017,7,14,5,3,3,6,0,1,0,0,1,0,0,4.74268E+20,5.47348E+21,8.64525E+15,4.94135E+16
51399,8.17073E+18,8,2,21,0,2017,7,12,5,3,4,6,0,1,0,0,0,0,1,4.79353E+20,5.47372E+21,8.71534E+15,4.94158E+16
51400,8.17073E+18,8,2,15,97,2017,7,13,5,3,8,1,0,1,0,0,0,0,0,4.77136E+20,5.44311E+21,8.68653E+15,4.91404E+16
51401,8.17073E+18,8,2,15,17,2017,7,15,5,3,2,6,0,1,0,0,0,0,0,4.57324E+20,5.42056E+21,8.41727E+15,4.89365E+16
51402,8.17073E+18,8,2,16,43,2017,7,4,5,1,4,1,0,1,0,0,1,2,1,4.42647E+20,5.41426E+21,8.21777E+15,4.88787E+16
51403,8.17073E+18,8,2,16,43,2017,7,5,5,3,1,6,0,1,0,0,0,1,1,4.39273E+20,5.41159E+21,8.17216E+15,4.88543E+16
51404,8.17073E+18,8,1,25,98,2017,7,21,5,3,3,1,0,1,0,0,1,2,1,5.22123E+20,5.4402E+21,9.30316E+15,4.91143E+16
51405,8.17073E+18,8,1,11,0,2017,7,17,5,3,2,6,0,1,0,0,1,0,0,5.06866E+20,5.39564E+21,9.09334E+15,4.87138E+16
51406,8.17073E+18,8,2,36,25,2017,7,14,5,3,2,6,0,1,0,0,0,0,0,4.90648E+20,5.40836E+21,8.87257E+15,4.88282E+16
51407,8.17073E+18,8,1,36,65,2017,7,7,5,3,2,6,0,1,0,0,0,0,1,5.5707E+20,5.40736E+21,9.77741E+15,4.88166E+16
51408,8.17073E+18,8,3,25,57,2017,7,14,7,2,5,3,0,1,0,1,0,0,0,4.68434E+20,5.3578E+21,8.57376E+15,4.83726E+16
51409,8.17073E+18,8,3,17,75,2017,7,12,7,3,0,1,1,0,0,0,0,0,0,4.09574E+20,5.36219E+21,7.77815E+15,4.84064E+16
51410,8.17073E+18,8,3,17,26,2017,7,17,7,3,8,1,0,0,0,1,0,0,0,4.19817E+20,5.34083E+21,7.92058E+15,4.82156E+16
51411,8.17073E+18,8,3,17,65,2017,7,14,7,3,2,6,0,1,0,0,0,0,0,4.14266E+20,5.35417E+21,7.84316E+15,4.83349E+16
51412,8.17073E+18,8,1,36,9,2017,7,10,5,3,2,6,0,1,0,0,0,0,1,5.66771E+20,5.408E+21,9.90965E+15,4.88214E+16
51413,8.17073E+18,8,1,36,60,2017,7,10,5,2,9,1,0,1,0,0,0,0,1,5.76572E+20,5.42878E+21,1.00471E+16,4.90072E+16
51414,8.17073E+18,8,1,36,82,2017,7,16,5,2,4,1,0,1,0,0,1,0,0,5.88641E+20,5.41416E+21,1.02089E+16,4.88741E+16
51415,8.17073E+18,8,3,17,152,2017,7,12,7,3,2,2,0,0,0,1,0,0,0,4.05752E+20,5.34996E+21,7.72926E+15,4.82958E+16
51416,8.17073E+18,8,3,17,57,2017,7,11,7,3,0,6,0,0,0,1,0,0,0,4.12944E+20,5.37457E+21,7.8211E+15,4.85182E+16
51417,8.17073E+18,8,1,35,19,2017,7,14,5,3,0,1,1,0,0,0,0,0,0,5.8548E+20,5.39207E+21,1.01612E+16,4.86758E+16
51418,8.17073E+18,8,1,28,7,2017,7,12,5,3,2,2,0,1,0,0,0,0,1,5.54933E+20,5.48351E+21,9.75869E+15,4.95017E+16
51419,8.17073E+18,8,1,28,126,2017,7,17,5,3,2,2,0,1,0,0,1,0,0,5.65162E+20,5.48159E+21,9.89963E+15,4.94835E+16
51420,8.17073E+18,8,1,25,46,2017,7,6,5,2,1,1,0,1,0,0,1,0,1,5.19564E+20,5.43329E+21,9.26776E+15,4.90522E+16
51421,8.17073E+18,8,1,25,21,2017,7,23,5,3,8,1,0,1,0,0,0,2,1,5.23941E+20,5.44847E+21,9.32857E+15,4.91886E+16
51422,8.17073E+18,8,1,25,86,2017,7,19,5,3,8,1,0,1,0,0,0,1,1,5.05802E+20,5.44328E+21,9.07955E+15,4.91423E+16
51423,8.17073E+18,8,1,21,0,2017,7,17,5,3,1,6,0,1,0,1,0,0,0,5.14915E+20,5.44626E+21,9.20461E+15,4.9169E+16
51424,8.17073E+18,8,1,21,0,2017,7,15,5,3,2,2,0,1,0,1,0,0,0,5.15398E+20,5.44182E+21,9.21107E+15,4.9129E+16
51425,8.17073E+18,8,1,21,0,2017,7,7,5,3,2,6,0,1,0,0,0,0,1,5.17683E+20,5.44403E+21,9.24248E+15,4.91488E+16
51426,8.17073E+18,8,1,25,34,2017,7,16,5,2,4,2,1,1,0,0,0,0,0,4.97312E+20,5.4438E+21,8.96315E+15,4.91471E+16
51427,8.17073E+18,8,1,19,68,2017,7,6,5,2,3,1,0,1,0,0,0,0,1,5.2651E+20,5.41187E+21,9.36143E+15,4.88593E+16
51428,8.17073E+18,8,3,17,150,2017,7,16,7,3,2,6,0,1,0,0,0,0,0,4.108E+20,5.35696E+21,7.79582E+15,4.83595E+16
51429,8.17073E+18,8,3,15,16,2017,7,21,7,3,8,1,0,0,0,1,0,2,0,4.31197E+20,5.30732E+21,8.07915E+15,4.79155E+16
51430,8.17073E+18,8,3,15,133,2017,7,19,7,3,2,2,0,1,0,0,1,0,0,3.97369E+20,5.32939E+21,7.62123E+15,4.81095E+16
51431,8.17073E+18,8,3,11,0,2017,7,18,7,3,0,7,1,0,0,0,1,0,0,4.18017E+20,5.31552E+21,7.90122E+15,4.79877E+16
51432,8.17073E+18,8,3,15,84,2017,7,13,7,3,8,1,0,0,0,1,0,0,0,4.16789E+20,5.30597E+21,7.88661E+15,4.79017E+16
51433,8.17073E+18,8,1,18,67,2017,7,8,5,3,2,6,0,0,0,0,1,0,1,5.06507E+20,5.41322E+21,9.08873E+15,4.88719E+16
51434,8.17073E+18,8,1,18,68,2017,7,10,5,3,9,1,0,1,0,0,0,0,1,5.04879E+20,5.42204E+21,9.06664E+15,4.89513E+16
51435,8.17073E+18,8,1,18,50,2017,7,10,5,3,0,7,0,0,0,1,0,0,1,5.05924E+20,5.41667E+21,9.08083E+15,4.89029E+16
51436,8.17073E+18,8,1,19,87,2017,7,21,5,3,4,7,0,1,0,0,0,2,0,5.25976E+20,5.42565E+21,9.35502E+15,4.89832E+16
51437,8.17073E+18,8,1,18,48,2017,7,10,5,3,2,6,0,1,0,0,1,0,0,5.13841E+20,5.41514E+21,9.18882E+15,4.88891E+16
51438,8.17073E+18,8,1,18,11,2017,7,16,5,2,2,2,0,1,0,0,0,0,0,5.00841E+20,5.40978E+21,9.01146E+15,4.8841E+16
51439,8.17073E+18,8,1,18,79,2017,7,16,5,3,2,6,0,1,0,0,1,0,0,5.09666E+20,5.42271E+21,9.13204E+15,4.89572E+16
51440,8.17073E+18,8,1,15,37,2017,7,16,5,2,3,6,0,1,0,0,0,0,0,4.93089E+20,5.38691E+21,8.9062E+15,4.86352E+16
51441,8.17073E+18,8,1,17,51,2017,7,19,5,3,2,6,0,1,0,0,0,0,0,5.4266E+20,5.39571E+21,9.57992E+15,4.8713E+16
51442,8.17073E+18,8,1,17,43,2017,7,17,5,3,0,3,0,1,0,0,1,0,0,5.52085E+20,5.38929E+21,9.70723E+15,4.86545E+16
51443,8.17073E+18,8,4,25,31,2017,7,18,5,2,1,6,0,0,0,0,1,0,1,5.64963E+20,5.36975E+21,9.87901E+15,4.84775E+16
51444,8.17073E+18,8,1,17,51,2017,7,16,5,3,0,6,0,1,0,0,0,0,0,5.43623E+20,5.39165E+21,9.59259E+15,4.86763E+16
51445,8.17073E+18,8,1,17,2,2017,7,8,5,3,3,6,0,1,0,0,1,0,1,5.42594E+20,5.38618E+21,9.57805E+15,4.86272E+16
51446,8.17073E+18,8,1,16,71,2017,7,6,5,3,2,6,0,1,0,0,0,0,1,5.27091E+20,5.39119E+21,9.36798E+15,4.86732E+16
51447,8.17073E+18,8,1,16,35,2017,7,16,5,3,2,6,0,1,0,0,0,0,0,5.27037E+20,5.39153E+21,9.36727E+15,4.86762E+16
51448,8.17073E+18,8,1,16,14,2017,7,15,5,3,2,6,0,1,0,0,0,0,0,5.29284E+20,5.39579E+21,9.3981E+15,4.87144E+16
51449,8.17073E+18,8,1,15,45,2017,7,16,5,3,5,3,0,1,0,0,0,0,0,4.95655E+20,5.39384E+21,8.94095E+15,4.86976E+16
51450,8.17073E+18,8,1,15,42,2017,7,11,5,3,5,3,1,1,0,0,0,0,0,4.93571E+20,5.40397E+21,8.91248E+15,4.87887E+16
51451,8.17073E+18,8,1,11,0,2017,7,14,5,3,2,2,0,1,0,0,0,0,0,5.14802E+20,5.40335E+21,9.2015E+15,4.8783E+16
51452,8.17073E+18,8,1,11,0,2017,7,7,5,3,4,6,0,1,0,0,1,0,0,5.07862E+20,5.40753E+21,9.10711E+15,4.88207E+16
51453,8.17073E+18,8,1,11,0,2017,7,7,5,3,0,3,0,1,0,1,0,0,1,5.12418E+20,5.39904E+21,9.16891E+15,4.87442E+16
51454,8.17073E+18,8,4,37,88,2017,7,16,4,3,9,1,0,0,0,1,0,0,0,5.17773E+20,5.30397E+21,9.23775E+15,4.78889E+16
51455,8.17073E+18,8,4,35,30,2017,7,2,4,2,8,1,0,1,0,0,0,2,0,5.40735E+20,5.27334E+21,9.54203E+15,4.76122E+16
51456,8.17073E+18,8,4,26,87,2017,7,18,4,3,8,1,0,0,0,1,0,0,1,5.72474E+20,5.32693E+21,9.97329E+15,4.80915E+16
51457,8.17073E+18,8,4,25,33,2017,7,5,4,3,4,6,0,1,0,0,0,0,1,5.46526E+20,5.3515E+21,9.62754E+15,4.8315E+16
51458,8.17073E+18,8,4,25,33,2017,7,15,4,3,2,6,0,1,0,0,0,0,1,5.53045E+20,5.34837E+21,9.71508E+15,4.82863E+16
51459,8.17073E+18,8,4,16,36,2017,7,9,4,3,1,6,0,1,0,0,0,0,0,4.96195E+20,5.37052E+21,8.9485E+15,4.84878E+16
51460,8.17073E+18,8,4,15,61,2017,7,12,4,3,5,3,0,1,0,0,1,0,0,5.15088E+20,5.3749E+21,9.20435E+15,4.85271E+16
51461,8.17073E+18,8,3,37,51,2017,7,15,4,3,2,6,0,1,0,0,0,0,0,4.36338E+20,5.28503E+21,8.15122E+15,4.77155E+16
51462,8.17073E+18,8,2,16,39,2017,7,6,7,3,2,6,0,1,0,0,1,0,0,4.45971E+20,5.41428E+21,8.2631E+15,4.88791E+16
51463,8.17073E+18,8,2,11,0,2017,7,12,7,3,2,6,0,1,0,0,0,0,0,4.40571E+20,5.40708E+21,8.19049E+15,4.88139E+16
51464,8.17073E+18,8,2,37,27,2017,7,16,7,3,9,1,0,0,0,1,0,0,0,4.79901E+20,5.37014E+21,8.72801E+15,4.84841E+16
51465,8.17073E+18,8,2,26,82,2017,7,14,7,2,4,1,0,1,0,1,0,0,0,4.79649E+20,5.47961E+21,8.71912E+15,4.94688E+16
51466,8.17073E+18,8,3,36,81,2017,7,13,4,3,1,6,0,1,0,0,0,0,0,4.12481E+20,5.27805E+21,7.8346E+15,4.76499E+16
51467,8.17073E+18,8,3,35,43,2017,7,12,4,3,2,6,0,1,0,0,0,0,1,5.15157E+20,5.28085E+21,9.20195E+15,4.76809E+16
51468,8.17073E+18,8,2,26,81,2017,7,19,7,3,4,3,0,0,0,1,1,0,0,4.9487E+20,5.4715E+21,8.92929E+15,4.93962E+16
51469,8.17073E+18,8,3,26,52,2017,7,19,4,3,2,6,1,1,0,0,0,0,0,4.46095E+20,5.32827E+21,8.27589E+15,4.81054E+16
51470,8.17073E+18,8,3,25,53,2017,7,15,4,3,8,1,0,1,0,0,0,0,0,4.54208E+20,5.34135E+21,8.38345E+15,4.82237E+16
51471,8.17073E+18,8,3,26,68,2017,7,11,4,2,4,1,0,1,0,0,1,0,1,4.50652E+20,5.32083E+21,8.33796E+15,4.80389E+16
51472,8.17073E+18,8,3,25,1,2017,7,14,4,3,4,6,0,1,0,0,0,0,0,4.55143E+20,5.34705E+21,8.39545E+15,4.82751E+16
51473,8.17073E+18,8,3,17,26,2017,7,17,4,3,8,1,0,0,0,1,0,0,0,4.13668E+20,5.34885E+21,7.83618E+15,4.82869E+16
51474,8.17073E+18,8,3,17,65,2017,7,10,4,3,2,6,0,1,0,0,1,0,1,4.20204E+20,5.35373E+21,7.92336E+15,4.83317E+16
51475,8.17073E+18,8,3,16,14,2017,7,18,4,3,5,3,0,1,0,0,0,0,0,4.2477E+20,5.33139E+21,7.98892E+15,4.81313E+16
51476,8.17073E+18,8,3,15,133,2017,7,8,4,3,5,3,1,1,0,0,0,0,1,3.96391E+20,5.32662E+21,7.60877E+15,4.80844E+16
51477,8.17073E+18,8,3,36,14,2017,7,18,4,2,9,1,0,0,0,1,0,0,0,3.96299E+20,5.28147E+21,7.61837E+15,4.76783E+16
51478,8.17073E+18,8,2,26,81,2017,7,16,7,3,8,7,0,0,0,1,0,0,0,4.93817E+20,5.47491E+21,8.91474E+15,4.94268E+16
51479,8.17073E+18,8,2,26,13,2017,7,13,7,3,2,6,0,1,0,0,0,0,0,4.99194E+20,5.47847E+21,8.98887E+15,4.94589E+16
51480,8.17073E+18,8,3,17,145,2017,7,10,4,3,0,7,0,0,0,1,0,0,0,4.44768E+20,5.34978E+21,8.25527E+15,4.82988E+16
51481,8.17073E+18,8,2,36,46,2017,7,12,4,3,2,6,0,1,0,0,0,0,0,4.82877E+20,5.41783E+21,8.7663E+15,4.89131E+16
51482,8.17073E+18,8,2,31,0,2017,7,22,4,3,7,7,0,0,0,1,0,2,1,4.79644E+20,5.41341E+21,8.72239E+15,4.88733E+16
51483,8.17073E+18,8,2,26,95,2017,7,17,4,3,0,7,0,0,0,1,0,0,0,4.73288E+20,5.46079E+21,8.63259E+15,4.92993E+16
51484,8.17073E+18,8,2,22,0,2017,7,13,4,3,2,6,0,1,0,0,1,0,0,4.62049E+20,5.48166E+21,8.47601E+15,4.94864E+16
51485,8.17073E+18,8,2,26,98,2017,7,10,4,2,2,6,0,1,0,0,0,0,1,4.77705E+20,5.45829E+21,8.69347E+15,4.9277E+16
51486,8.17073E+18,8,2,16,5,2017,7,11,4,3,5,3,0,1,0,0,0,0,0,4.45617E+20,5.41666E+21,8.25795E+15,4.89005E+16