OBJECTID,UIDENTSTLA,ULAND,UREGBEZ,UKREIS,UGEMEINDE,UJAHR,UMONAT,USTUNDE,UWOCHENTAG,UKATEGORIE,UART,UTYP1,IstRad,IstPKW,IstFuss,IstKrad,IstSonstig,LICHT,STRZUSTAND,LINREFX,LINREFY,XGCSWGS84,YGCSWGS84
51487,8.17073E+18,8,2,15,17,2017,7,9,4,3,2,6,0,1,0,0,1,0,1,4.57195E+20,5.42238E+21,8.41532E+15,4.89528E+16
51488,8.17073E+18,8,2,12,0,2017,7,13,4,3,9,1,0,1,0,0,0,0,1,4.54541E+20,5.42684E+21,8.37858E+15,4.89928E+16
51489,8.17073E+18,8,1,18,21,2017,7,6,4,2,8,1,0,1,0,0,0,0,1,5.17853E+20,5.42869E+21,9.24414E+15,4.90109E+16
51490,8.17073E+18,8,1,25,6,2017,7,11,4,3,2,1,0,0,0,0,1,0,0,5.04443E+20,5.45134E+21,9.06101E+15,4.92149E+16
51491,8.17073E+18,8,1,15,28,2017,7,2,4,3,3,6,0,1,0,0,0,2,1,5.01935E+20,5.40232E+21,9.02634E+15,4.87739E+16
51492,8.17073E+18,8,1,27,14,2017,7,11,4,2,8,1,0,1,0,0,0,0,1,5.8125E+20,5.44358E+21,1.0114E+16,4.91397E+16
51493,8.17073E+18,8,1,27,43,2017,7,16,4,3,4,6,0,1,0,0,1,0,1,5.66845E+20,5.45087E+21,9.91771E+15,4.9207E+16
51494,8.17073E+18,8,1,27,102,2017,7,3,4,3,2,6,0,0,0,0,1,2,1,5.88174E+20,5.43762E+21,1.02076E+16,4.90852E+16
51495,8.17073E+18,8,1,25,86,2017,7,0,4,1,8,1,0,1,0,0,0,2,1,5.02576E+20,5.44271E+21,9.03532E+15,4.91372E+16
51496,8.17073E+18,8,1,25,94,2017,7,6,4,3,4,1,0,1,0,0,0,0,1,5.16222E+20,5.43711E+21,9.22217E+15,4.90866E+16
51497,8.17073E+18,8,1,25,108,2017,7,18,4,3,8,1,0,1,0,0,0,0,0,4.92281E+20,5.43506E+21,8.89432E+15,4.90683E+16
51498,8.17073E+18,8,1,21,0,2017,7,11,4,3,1,6,0,1,1,0,0,0,0,5.17428E+20,5.44307E+21,9.23895E+15,4.91402E+16
51499,8.17073E+18,8,1,19,84,2017,7,17,4,3,0,1,1,0,0,0,0,0,0,5.47705E+20,5.41645E+21,9.6509E+15,4.88991E+16
51500,8.17073E+18,8,1,18,12,2017,7,18,4,3,8,1,0,0,0,0,1,0,0,4.9618E+20,5.41467E+21,8.9479E+15,4.8885E+16
51501,8.17073E+18,8,1,18,63,2017,7,16,4,3,5,7,0,1,0,0,0,0,0,5.15871E+20,5.42296E+21,9.21681E+15,4.89593E+16
51502,8.17073E+18,8,1,25,56,2017,7,12,1,2,8,1,0,0,0,1,0,0,0,5.1146E+20,5.43529E+21,9.15691E+15,4.90704E+16
51503,8.17073E+18,8,1,25,107,2017,7,13,1,3,8,1,0,0,0,1,0,0,0,5.33179E+20,5.43585E+21,9.4543E+15,4.90746E+16
51504,8.17073E+18,8,1,25,68,2017,7,8,1,3,5,3,1,1,0,0,0,0,0,5.19686E+20,5.45976E+21,9.27072E+15,4.92903E+16
51505,8.17073E+18,8,1,25,66,2017,7,6,1,3,8,1,0,1,0,0,0,1,0,5.17373E+20,5.43175E+21,9.23771E+15,4.90384E+16
51506,8.17073E+18,8,1,18,48,2017,7,22,4,3,5,3,0,1,0,1,0,2,0,5.12717E+20,5.41835E+21,9.17358E+15,4.8918E+16
51507,8.17073E+18,8,1,18,46,2017,7,18,4,3,2,6,0,1,0,0,0,0,0,5.15112E+20,5.41267E+21,9.20605E+15,4.88668E+16
51508,8.17073E+18,8,1,18,3,2017,7,7,4,3,0,1,0,0,0,1,0,0,1,5.09467E+20,5.4165E+21,9.12918E+15,4.89014E+16
51509,8.17073E+18,8,1,18,79,2017,7,7,4,3,5,3,0,1,0,0,0,1,1,5.09724E+20,5.4229E+21,9.13284E+15,4.89589E+16
51510,8.17073E+18,8,1,17,6,2017,7,16,4,3,2,6,0,1,0,0,0,0,1,5.52117E+20,5.3822E+21,9.70677E+15,4.85907E+16
51511,8.17073E+18,8,1,17,2,2017,7,5,4,3,9,1,0,1,0,0,0,1,1,5.45791E+20,5.38455E+21,9.62125E+15,4.86124E+16
51512,8.17073E+18,8,1,16,71,2017,7,11,4,2,8,1,0,1,0,0,0,0,1,5.2789E+20,5.38961E+21,9.37873E+15,4.86589E+16
51513,8.17073E+18,8,1,17,2,2017,7,17,4,2,0,3,0,1,0,1,0,0,1,5.41064E+20,5.3871E+21,9.55737E+15,4.86357E+16
51514,8.17073E+18,8,1,16,35,2017,7,12,4,3,2,6,0,1,0,0,0,0,1,5.2767E+20,5.39239E+21,9.37593E+15,4.86839E+16
51515,8.17073E+18,8,1,17,2,2017,7,18,4,3,5,3,0,1,0,0,0,0,0,5.41054E+20,5.38671E+21,9.55719E+15,4.86321E+16
51516,8.17073E+18,8,4,15,61,2017,7,17,4,3,5,3,0,1,0,0,0,0,0,5.14635E+20,5.371E+21,9.19808E+15,4.8492E+16
51517,8.17073E+18,8,1,15,41,2017,7,5,4,3,0,3,0,1,0,1,0,1,1,4.95791E+20,5.40049E+21,8.94273E+15,4.87574E+16
51518,8.17073E+18,8,1,19,91,2017,7,11,1,2,8,1,0,0,0,1,0,0,0,5.30467E+20,5.40217E+21,9.41465E+15,4.87718E+16
51519,8.17073E+18,8,1,19,69,2017,7,12,1,3,2,2,0,1,0,1,0,0,0,5.32629E+20,5.43249E+21,9.44649E+15,4.90444E+16
51520,8.17073E+18,8,1,15,24,2017,7,12,4,3,2,6,0,1,0,0,0,0,1,5.00621E+20,5.38829E+21,9.00843E+15,4.86477E+16
51521,8.17073E+18,8,1,18,19,2017,7,9,1,3,4,2,0,1,0,0,0,0,0,5.04225E+20,5.40534E+21,9.05754E+15,4.8801E+16
51522,8.17073E+18,8,1,17,26,2017,7,21,1,2,8,1,1,0,0,0,0,2,1,5.45195E+20,5.3954E+21,9.61435E+15,4.871E+16
51523,8.17073E+18,8,1,15,48,2017,7,11,1,3,0,6,0,1,0,1,0,0,0,5.09123E+20,5.38874E+21,9.12387E+15,4.86517E+16
51524,8.17073E+18,8,1,11,0,2017,7,20,1,2,0,1,0,0,0,1,0,1,1,5.13751E+20,5.402E+21,9.18714E+15,4.87708E+16
51525,8.17073E+18,8,4,37,104,2017,7,13,7,3,8,1,0,0,0,1,0,0,0,5.09489E+20,5.32518E+21,9.12741E+15,4.80798E+16
51526,8.17073E+18,8,4,36,79,2017,7,14,7,2,0,1,1,0,0,0,0,0,0,5.52152E+20,5.28939E+21,9.69585E+15,4.77557E+16
51527,8.17073E+18,8,4,36,78,2017,7,13,7,2,4,1,0,1,0,1,0,0,0,5.58129E+20,5.29221E+21,9.77598E+15,4.77807E+16
51528,8.17073E+18,8,4,36,14,2017,7,19,7,2,8,1,0,1,0,1,0,0,0,5.55431E+20,5.30055E+21,9.74102E+15,4.78559E+16
51529,8.17073E+18,8,4,36,55,2017,7,10,7,3,5,3,0,1,0,1,0,0,0,5.76294E+20,5.29677E+21,1.00192E+16,4.78198E+16
51530,8.17073E+18,8,4,35,52,2017,7,13,7,3,4,1,0,1,0,1,0,0,0,5.22018E+20,5.29124E+21,9.29389E+15,4.77742E+16
51531,8.17073E+18,8,4,37,118,2017,7,18,7,2,9,7,0,1,0,0,0,0,0,5.11732E+20,5.31254E+21,9.15717E+15,4.79661E+16
51532,8.17073E+18,8,4,16,36,2017,7,12,7,2,5,2,0,1,0,1,0,0,0,4.97097E+20,5.37157E+21,8.9607E+15,4.84972E+16
51533,8.17073E+18,8,4,15,61,2017,7,13,7,3,5,3,0,1,0,1,0,0,0,5.16808E+20,5.37548E+21,9.22768E+15,4.85322E+16
51534,8.17073E+18,8,4,15,59,2017,7,21,7,3,5,3,0,1,0,1,0,1,0,5.16319E+20,5.36866E+21,9.22079E+15,4.84709E+16
51535,8.17073E+18,8,4,16,36,2017,7,10,7,2,9,1,0,1,0,0,0,0,0,4.8796E+20,5.37167E+21,8.83702E+15,4.84981E+16
51536,8.17073E+18,8,3,25,11,2017,7,0,7,3,2,6,0,1,0,0,1,2,0,4.71947E+20,5.33919E+21,8.62243E+15,4.82054E+16
51537,8.17073E+18,8,3,37,108,2017,7,16,7,2,4,6,0,1,0,1,0,0,0,4.24574E+20,5.28485E+21,7.99443E+15,4.77127E+16
51538,8.17073E+18,8,3,36,91,2017,7,11,7,3,0,7,1,0,0,0,0,0,0,3.94619E+20,5.27276E+21,7.5981E+15,4.75997E+16
51539,8.17073E+18,8,1,11,0,2017,7,7,4,3,2,6,0,1,0,0,1,0,1,5.17732E+20,5.40416E+21,9.24142E+15,4.87902E+16
51540,8.17073E+18,8,3,35,43,2017,7,13,7,3,8,1,1,0,0,0,0,0,0,5.15622E+20,5.28101E+21,9.20814E+15,4.76823E+16
51541,8.17073E+18,8,3,35,43,2017,7,19,7,3,6,2,0,1,1,0,0,0,0,5.14864E+20,5.28025E+21,9.19802E+15,4.76755E+16
51542,8.17073E+18,8,3,35,2,2017,7,0,7,2,0,1,1,0,0,0,0,2,0,5.0403E+20,5.28523E+21,9.05373E+15,4.77204E+16
51543,8.17073E+18,8,4,36,10,2017,7,11,7,2,4,2,0,1,0,0,0,0,0,5.67094E+20,5.30557E+21,9.89771E+15,4.78999E+16
51544,8.17073E+18,8,3,27,25,2017,7,16,7,3,2,6,0,1,0,0,0,0,0,4.79924E+20,5.30403E+21,8.73145E+15,4.78893E+16
51545,8.17073E+18,8,1,11,0,2017,7,5,4,3,2,6,0,1,0,0,0,1,0,5.19302E+20,5.39992E+21,9.26259E+15,4.8752E+16
51546,8.17073E+18,8,1,11,0,2017,7,8,4,3,2,6,0,1,0,0,0,0,1,5.13218E+20,5.40666E+21,9.18004E+15,4.88127E+16
51547,8.17073E+18,8,1,11,0,2017,7,14,4,3,2,6,0,1,0,0,0,0,1,5.14882E+20,5.4061E+21,9.20269E+15,4.88078E+16
51548,8.17073E+18,8,1,11,0,2017,7,9,4,3,2,6,0,1,0,0,0,0,1,5.1788E+20,5.40742E+21,9.24358E+15,4.88195E+16
51549,8.17073E+18,8,1,11,0,2017,7,7,4,3,2,6,0,1,0,0,0,1,1,5.12732E+20,5.40519E+21,9.17337E+15,4.87995E+16
51550,8.17073E+18,8,4,35,52,2017,7,17,3,3,2,2,0,1,0,1,0,0,1,5.21416E+20,5.29015E+21,9.2858E+15,4.77644E+16
51551,8.17073E+18,8,4,17,51,2017,7,17,7,2,5,3,0,1,0,1,0,0,0,4.89138E+20,5.3607E+21,8.85326E+15,4.83994E+16
51552,8.17073E+18,8,4,25,141,2017,7,7,3,3,5,2,0,1,0,1,0,0,0,5.65897E+20,5.36272E+21,9.89054E+15,4.84142E+16
51553,8.17073E+18,8,4,21,0,2017,7,7,3,3,2,6,0,1,0,0,0,0,0,5.71492E+20,5.35664E+21,9.96512E+15,4.83589E+16
51554,8.17073E+18,8,4,25,71,2017,7,15,3,3,9,3,0,1,0,0,1,0,1,5.49401E+20,5.36824E+21,9.66829E+15,4.84653E+16
51555,8.17073E+18,8,2,25,2,2017,7,23,7,2,5,3,1,1,0,0,0,2,0,5.00204E+20,5.46651E+21,9.00281E+15,4.93513E+16
51556,8.17073E+18,8,2,22,0,2017,7,13,7,2,0,6,0,1,0,1,0,0,0,4.65717E+20,5.47577E+21,8.52716E+15,4.94336E+16
51557,8.17073E+18,8,2,26,105,2017,7,0,7,3,6,7,1,0,1,0,0,2,0,4.71217E+20,5.4791E+21,8.60278E+15,4.94639E+16
51558,8.17073E+18,8,2,15,96,2017,7,22,7,2,0,1,0,0,0,1,0,2,0,4.63643E+20,5.41753E+21,8.50382E+15,4.89097E+16
51559,8.17073E+18,8,1,15,21,2017,7,13,7,3,2,6,0,1,0,0,1,0,0,4.92584E+20,5.37979E+21,8.89947E+15,4.85711E+16
51560,8.17073E+18,8,1,18,3,2017,7,5,7,3,2,6,0,1,0,0,0,1,0,5.11333E+20,5.41791E+21,9.15468E+15,4.8914E+16
51561,8.17073E+18,8,1,36,10,2017,7,16,7,3,8,1,0,0,0,1,0,0,0,5.98016E+20,5.41091E+21,1.03359E+16,4.88434E+16
51562,8.17073E+18,8,1,36,28,2017,7,17,7,2,8,1,0,0,0,1,0,0,0,5.6979E+20,5.40272E+21,9.94987E+15,4.87735E+16
51563,8.17073E+18,8,1,35,16,2017,7,21,7,3,2,6,0,1,0,0,1,2,0,5.89657E+20,5.38479E+21,1.02163E+16,4.86097E+16
51564,8.17073E+18,8,1,35,19,2017,7,18,7,3,0,6,0,1,0,0,1,0,0,5.89414E+20,5.39315E+21,1.02148E+16,4.8685E+16
51565,8.17073E+18,8,1,27,79,2017,7,12,7,2,2,6,0,1,0,1,0,0,0,5.62223E+20,5.42343E+21,9.85004E+15,4.89606E+16
51566,8.17073E+18,8,1,36,18,2017,7,11,7,3,0,6,0,0,0,0,1,0,0,5.87412E+20,5.43097E+21,1.01957E+16,4.90254E+16
51567,8.17073E+18,8,1,25,69,2017,7,15,7,2,3,6,0,1,0,1,0,0,0,5.25234E+20,5.45397E+21,9.34665E+15,4.9238E+16
51568,8.17073E+18,8,1,19,67,2017,7,11,7,3,5,2,0,1,0,0,0,0,0,5.37981E+20,5.40654E+21,9.51731E+15,4.88107E+16
51569,8.17073E+18,8,1,19,61,2017,7,16,7,3,3,6,1,1,0,0,0,0,0,5.37859E+20,5.41681E+21,9.51661E+15,4.89031E+16
51570,8.17073E+18,8,1,18,49,2017,7,13,7,2,8,1,0,0,0,1,0,0,0,5.19569E+20,5.41886E+21,9.26713E+15,4.89223E+16
51571,8.17073E+18,8,1,18,48,2017,7,13,7,3,2,6,0,1,0,0,0,0,0,5.10857E+20,5.41471E+21,9.14809E+15,4.88853E+16
51572,8.17073E+18,8,1,18,48,2017,7,17,7,3,2,6,0,1,0,0,0,0,0,5.14793E+20,5.41666E+21,9.20186E+15,4.89027E+16
51573,8.17073E+18,8,1,18,51,2017,7,10,7,3,2,6,0,1,0,0,1,0,1,5.09946E+20,5.41475E+21,9.13566E+15,4.88856E+16
51574,8.17073E+18,8,1,17,26,2017,7,5,7,3,8,1,0,1,0,0,0,0,0,5.48291E+20,5.39701E+21,9.65662E+15,4.87243E+16
51575,8.17073E+18,8,1,16,72,2017,7,11,7,3,0,1,0,0,0,1,0,0,0,5.31753E+20,5.39088E+21,9.43128E+15,4.86702E+16
51576,8.17073E+18,8,1,16,70,2017,7,14,7,2,5,3,0,1,0,0,0,0,0,5.40577E+20,5.38242E+21,9.5503E+15,4.85936E+16
51577,8.17073E+18,8,4,17,54,2017,7,9,3,3,2,6,0,0,0,0,1,0,1,4.80136E+20,5.35133E+21,8.73207E+15,4.83148E+16
51578,8.17073E+18,8,4,15,61,2017,7,11,3,3,5,3,0,1,0,0,0,0,1,5.1515E+20,5.37096E+21,9.20505E+15,4.84915E+16
51579,8.17073E+18,8,4,15,61,2017,7,9,3,3,2,5,0,1,0,0,1,0,1,5.15198E+20,5.37088E+21,9.2057E+15,4.84908E+16
51580,8.17073E+18,8,4,15,50,2017,7,9,3,3,5,3,0,1,0,0,0,0,1,5.21399E+20,5.37584E+21,9.28988E+15,4.85353E+16
51581,8.17073E+18,8,3,37,66,2017,7,8,3,3,5,3,0,1,0,0,0,0,0,4.30022E+20,5.26854E+21,8.06966E+15,4.75665E+16
51582,8.17073E+18,8,3,37,106,2017,7,10,3,3,3,6,0,1,0,0,1,0,0,4.60897E+20,5.2908E+21,8.47812E+15,4.77694E+16
51583,8.17073E+18,8,1,15,45,2017,7,21,7,3,4,6,0,1,0,0,0,2,0,4.96197E+20,5.39885E+21,8.94828E+15,4.87427E+16
51584,8.17073E+18,8,1,11,0,2017,7,12,7,3,5,3,1,1,0,0,0,0,0,5.13386E+20,5.4046E+21,9.18227E+15,4.87942E+16
51585,8.17073E+18,8,3,27,19,2017,7,17,3,3,5,3,0,1,0,0,0,0,0,4.82427E+20,5.3318E+21,8.76378E+15,4.81392E+16
51586,8.17073E+18,8,4,37,65,2017,7,17,6,3,2,6,0,1,0,0,0,0,0,5.18548E+20,5.31892E+21,9.24876E+15,4.80233E+16
51587,8.17073E+18,8,4,36,94,2017,7,12,6,3,8,1,0,0,0,0,1,0,1,5.66799E+20,5.28565E+21,9.8907E+15,4.77208E+16
51588,8.17073E+18,8,3,25,12,2017,7,17,3,3,2,6,0,1,0,0,0,0,0,4.68316E+20,5.35344E+21,8.57249E+15,4.83333E+16
51589,8.17073E+18,8,4,36,94,2017,7,15,6,3,5,3,1,1,0,0,0,0,0,5.71245E+20,5.27966E+21,9.94898E+15,4.76664E+16
51590,8.17073E+18,8,4,36,64,2017,7,18,6,3,2,2,0,1,0,0,0,0,0,5.43597E+20,5.28944E+21,9.58172E+15,4.77569E+16
51591,8.17073E+18,8,3,27,50,2017,7,16,3,2,4,6,0,1,0,0,0,0,1,4.89483E+20,5.31408E+21,8.85907E+15,4.79799E+16
51592,8.17073E+18,8,4,35,16,2017,7,11,6,3,5,3,0,1,0,0,0,0,1,5.35693E+20,5.2793E+21,9.47542E+15,4.76661E+16
51593,8.17073E+18,8,4,37,104,2017,7,8,6,2,5,3,0,1,0,0,1,0,0,5.14134E+20,5.32424E+21,9.18974E+15,4.80713E+16
51594,8.17073E+18,8,3,17,31,2017,7,18,3,3,5,3,0,1,0,0,0,0,1,4.17679E+20,5.35847E+21,7.88837E+15,4.8374E+16
51595,8.17073E+18,8,4,17,13,2017,7,14,6,3,8,6,0,1,0,0,1,0,0,5.10318E+20,5.35055E+21,9.13915E+15,4.8308E+16
51596,8.17073E+18,8,4,17,16,2017,7,17,6,3,9,1,0,0,0,1,0,0,0,4.85317E+20,5.3424E+21,8.80226E+15,4.82346E+16
51597,8.17073E+18,8,3,35,75,2017,7,18,6,3,2,2,0,1,0,0,0,0,0,4.87239E+20,5.29028E+21,8.8297E+15,4.77657E+16
51598,8.17073E+18,8,3,17,1,2017,7,16,3,3,1,5,1,1,0,0,0,0,1,4.31626E+20,5.38676E+21,8.07204E+15,4.86301E+16
51599,8.17073E+18,8,3,15,133,2017,7,16,3,3,5,3,0,1,0,0,1,0,0,3.96206E+20,5.32838E+21,7.60586E+15,4.81003E+16
51600,8.17073E+18,8,2,26,95,2017,7,16,3,3,2,6,0,1,0,0,1,0,1,4.71079E+20,5.4599E+21,8.60227E+15,4.92912E+16
51601,8.17073E+18,8,2,15,109,2017,7,17,3,2,5,3,0,1,0,0,0,0,1,4.62921E+20,5.43837E+21,8.49207E+15,4.90971E+16
51602,8.17073E+18,8,3,35,22,2017,7,16,6,3,8,7,1,0,0,0,0,0,0,4.82897E+20,5.30078E+21,8.77134E+15,4.78601E+16
51603,8.17073E+18,8,3,35,43,2017,7,15,6,3,5,7,0,1,0,1,0,0,0,5.13677E+20,5.27966E+21,9.18219E+15,4.76702E+16
51604,8.17073E+18,8,3,35,43,2017,7,9,6,3,0,1,1,0,0,0,0,0,1,5.1522E+20,5.28105E+21,9.2028E+15,4.76826E+16
51605,8.17073E+18,8,2,12,0,2017,7,17,3,3,2,6,0,1,0,0,1,0,1,4.5517E+20,5.42832E+21,8.38701E+15,4.90062E+16
51606,8.17073E+18,8,4,35,59,2017,7,5,6,3,8,1,0,1,0,0,0,2,1,5.08903E+20,5.29506E+21,9.11891E+15,4.78088E+16
51607,8.17073E+18,8,4,36,9,2017,7,8,6,2,5,3,0,1,0,0,0,0,1,5.58839E+20,5.30548E+21,9.78725E+15,4.78999E+16
51608,8.17073E+18,8,4,35,18,2017,7,13,6,3,8,1,0,0,0,1,0,0,1,5.24668E+20,5.28203E+21,9.32873E+15,4.76912E+16
51609,8.17073E+18,8,3,27,19,2017,7,18,6,2,5,3,0,1,0,1,0,0,0,4.81369E+20,5.33162E+21,8.74958E+15,4.81375E+16
51610,8.17073E+18,8,3,17,39,2017,7,14,6,3,4,7,0,1,0,0,0,0,0,4.42274E+20,5.34121E+21,8.22281E+15,4.82215E+16
51611,8.17073E+18,8,3,17,39,2017,7,14,6,3,2,2,0,1,0,0,0,0,0,4.40419E+20,5.3479E+21,8.19689E+15,4.82815E+16
51612,8.17073E+18,8,3,17,56,2017,7,5,6,3,8,1,0,0,0,1,0,1,1,4.34244E+20,5.38291E+21,8.10817E+15,4.85958E+16
51613,8.17073E+18,8,3,16,17,2017,7,9,6,2,2,6,0,0,0,0,1,0,0,4.07421E+20,5.34343E+21,7.75318E+15,4.82373E+16
51614,8.17073E+18,8,3,17,114,2017,7,9,6,3,2,6,0,1,0,0,0,0,0,4.05624E+20,5.34584E+21,7.72845E+15,4.82587E+16
51615,8.17073E+18,8,3,16,42,2017,7,16,6,3,9,1,0,1,0,0,0,0,0,4.34646E+20,5.32118E+21,8.1232E+15,4.80406E+16
51616,8.17073E+18,8,3,15,43,2017,7,15,6,3,2,2,0,1,0,0,0,0,0,4.05855E+20,5.32318E+21,7.73657E+15,4.80549E+16
51617,8.17073E+18,8,3,15,20,2017,7,12,6,3,5,3,0,1,0,0,0,0,0,4.27931E+20,5.31373E+21,8.03437E+15,4.79728E+16
51618,8.17073E+18,8,2,26,32,2017,7,10,6,3,2,6,0,1,0,0,0,0,0,4.68303E+20,5.46383E+21,8.56378E+15,4.93264E+16
51619,8.17073E+18,8,2,26,95,2017,7,8,6,3,2,6,0,1,0,0,1,0,0,4.71184E+20,5.45978E+21,8.60372E+15,4.92901E+16
51620,8.17073E+18,8,2,12,0,2017,7,18,6,2,5,2,1,0,0,0,0,0,0,4.55709E+20,5.42812E+21,8.3944E+15,4.90044E+16
51621,8.17073E+18,8,2,15,46,2017,7,13,6,3,2,6,0,1,0,1,0,0,0,4.50566E+20,5.4164E+21,8.32551E+15,4.88986E+16
51622,8.17073E+18,8,2,37,28,2017,7,15,6,3,5,3,1,1,0,0,0,0,0,4.56406E+20,5.36818E+21,8.41027E+15,4.84653E+16
51623,8.17073E+18,8,2,37,19,2017,7,18,3,3,2,2,0,1,0,0,0,0,1,4.64153E+20,5.37231E+21,8.51471E+15,4.85029E+16
51624,8.17073E+18,8,2,37,28,2017,7,15,3,3,2,6,0,1,0,0,1,0,0,4.58414E+20,5.36763E+21,8.43749E+15,4.84604E+16
51625,8.17073E+18,8,2,36,33,2017,7,7,3,3,5,3,0,1,0,0,0,0,0,4.8233E+20,5.43034E+21,8.7583E+15,4.90257E+16
51626,8.17073E+18,8,2,26,98,2017,7,16,3,3,4,3,0,1,0,0,0,0,1,4.75754E+20,5.45958E+21,8.66658E+15,4.92885E+16
51627,8.17073E+18,8,2,25,117,2017,7,17,3,3,4,6,0,1,0,0,0,0,1,5.13365E+20,5.47182E+21,9.1842E+15,4.93989E+16
51628,8.17073E+18,8,2,22,0,2017,7,12,3,3,2,6,0,1,0,0,0,0,1,4.61282E+20,5.48133E+21,8.46546E+15,4.94834E+16
51629,8.17073E+18,8,2,21,0,2017,7,6,3,3,5,3,0,1,0,0,0,0,0,4.70785E+20,5.4745E+21,8.59715E+15,4.94224E+16
51630,8.17073E+18,8,2,26,12,2017,7,13,3,3,5,3,1,1,0,0,0,0,1,4.75775E+20,5.4764E+21,8.66585E+15,4.94398E+16
51631,8.17073E+18,8,2,21,0,2017,7,14,3,3,2,6,0,1,0,0,1,0,1,4.82552E+20,5.47373E+21,8.75944E+15,4.9416E+16
51632,8.17073E+18,8,2,16,7,2017,7,14,3,3,2,6,0,1,0,1,0,0,1,4.3659E+20,5.39437E+21,8.13823E+15,4.86992E+16
51633,8.17073E+18,8,2,16,7,2017,7,14,3,3,2,6,0,1,0,1,0,0,1,4.35825E+20,5.39463E+21,8.1278E+15,4.87014E+16
51634,8.17073E+18,8,2,15,9,2017,7,13,3,3,0,1,0,0,0,1,0,0,1,4.70765E+20,5.44163E+21,8.59928E+15,4.91268E+16
51635,8.17073E+18,8,2,36,13,2017,7,15,6,3,9,1,0,1,0,0,0,0,0,4.74849E+20,5.40876E+21,8.65729E+15,4.88313E+16
51636,8.17073E+18,8,2,26,98,2017,7,23,6,3,7,7,0,0,0,1,0,2,0,4.80318E+20,5.46086E+21,8.72927E+15,4.93001E+16
51637,8.17073E+18,8,2,26,85,2017,7,17,6,3,2,6,0,1,0,0,0,0,0,4.89982E+20,5.45521E+21,8.86235E+15,4.92496E+16
51638,8.17073E+18,8,2,15,96,2017,7,17,3,3,4,1,0,1,0,0,0,0,1,4.63445E+20,5.4197E+21,8.50093E+15,4.89291E+16
51639,8.17073E+18,8,2,26,81,2017,7,23,6,2,7,7,0,0,0,1,0,2,0,4.93347E+20,5.47542E+21,8.90825E+15,4.94315E+16
51640,8.17073E+18,8,2,22,0,2017,7,16,6,3,5,2,0,1,0,0,1,0,0,4.61703E+20,5.4811E+21,8.47129E+15,4.94813E+16
51641,8.17073E+18,8,2,16,5,2017,7,14,3,1,9,1,0,0,0,0,1,0,1,4.47649E+20,5.41568E+21,8.2858E+15,4.88918E+16
51642,8.17073E+18,8,2,21,0,2017,7,8,6,3,0,5,1,1,0,0,0,0,0,4.8014E+20,5.47395E+21,8.72618E+15,4.94179E+16
51643,8.17073E+18,8,2,15,9,2017,7,1,6,2,8,1,0,1,0,0,0,2,1,4.71242E+20,5.44382E+21,8.60566E+15,4.91465E+16
51644,8.17073E+18,8,2,16,7,2017,7,12,3,2,5,3,0,1,0,0,1,0,1,4.35557E+20,5.39493E+21,8.12411E+15,4.87041E+16
51645,8.17073E+18,8,2,15,89,2017,7,12,6,3,9,1,0,1,0,0,0,0,0,4.70176E+20,5.42991E+21,8.59207E+15,4.90214E+16
51646,8.17073E+18,8,2,15,21,2017,7,19,6,3,1,6,0,1,0,1,0,0,0,4.69253E+20,5.44356E+21,8.57841E+15,4.91441E+16
51647,8.17073E+18,8,2,11,0,2017,7,19,6,3,8,1,0,0,0,1,0,0,0,4.4388E+20,5.39634E+21,8.23704E+15,4.87176E+16
51648,8.17073E+18,8,2,11,0,2017,7,18,6,3,8,1,0,0,0,1,0,0,0,4.48328E+20,5.39944E+21,8.29712E+15,4.87459E+16
51649,8.17073E+18,8,1,15,37,2017,7,14,6,3,3,6,0,1,0,0,0,0,0,4.94625E+20,5.38734E+21,8.92703E+15,4.86391E+16
51650,8.17073E+18,8,1,15,45,2017,7,18,6,3,2,6,0,1,0,0,0,0,0,4.99122E+20,5.39302E+21,8.98807E+15,4.86903E+16
51651,8.17073E+18,8,1,36,65,2017,7,9,6,3,5,3,1,1,0,0,0,0,0,5.55898E+20,5.40437E+21,9.76104E+15,4.87898E+16
51652,8.17073E+18,8,1,36,79,2017,7,17,6,3,2,6,0,1,0,0,0,0,0,5.60396E+20,5.40184E+21,9.8219E+15,4.87666E+16
51653,8.17073E+18,8,1,36,88,2017,7,4,6,2,8,1,0,0,0,1,0,2,1,5.84191E+20,5.40638E+21,1.01466E+16,4.88047E+16
51654,8.17073E+18,8,1,28,64,2017,7,13,6,3,4,6,0,1,0,0,0,0,0,5.33774E+20,5.50403E+21,9.46824E+15,4.96879E+16
51655,8.17073E+18,8,1,27,76,2017,7,16,6,3,5,3,0,1,0,0,1,0,0,5.54403E+20,5.44033E+21,9.74549E+15,4.91134E+16
51656,8.17073E+18,8,1,27,59,2017,7,13,6,3,3,6,0,1,0,0,1,0,0,5.48551E+20,5.43833E+21,9.66507E+15,4.90959E+16
51657,8.17073E+18,8,1,27,76,2017,7,22,6,2,5,2,0,1,0,1,0,2,0,5.53778E+20,5.43961E+21,9.73684E+15,4.9107E+16
51658,8.17073E+18,8,1,26,47,2017,7,14,6,2,1,6,0,1,0,1,0,0,0,5.49374E+20,5.4523E+21,9.67805E+15,4.92215E+16
51659,8.17073E+18,8,1,25,96,2017,7,8,6,3,2,6,0,1,0,0,1,0,0,5.14711E+20,5.45079E+21,9.20198E+15,4.92097E+16
51660,8.17073E+18,8,1,25,6,2017,7,15,3,3,3,2,0,1,0,0,1,0,1,5.05396E+20,5.45088E+21,9.07409E+15,4.92106E+16