OBJECTID,UIDENTSTLA,ULAND,UREGBEZ,UKREIS,UGEMEINDE,UJAHR,UMONAT,USTUNDE,UWOCHENTAG,UKATEGORIE,UART,UTYP1,IstRad,IstPKW,IstFuss,IstKrad,IstSonstig,LICHT,STRZUSTAND,LINREFX,LINREFY,XGCSWGS84,YGCSWGS84
51661,8.17073E+18,8,1,15,21,2017,7,22,3,2,8,1,0,1,0,0,0,2,1,4.90295E+20,5.38491E+21,8.86832E+15,4.86171E+16
51662,8.17073E+18,8,1,36,65,2017,7,8,3,3,2,6,0,1,0,0,0,0,1,5.59816E+20,5.40401E+21,9.81433E+15,4.87862E+16
51663,8.1708E+18,8,4,36,49,2017,8,15,3,3,4,6,0,1,0,0,1,0,0,5.80924E+20,5.28189E+21,1.00783E+16,4.76853E+16
51664,8.1708E+18,8,4,35,66,2017,8,12,3,3,0,1,1,0,0,0,0,0,0,5.17592E+20,5.28565E+21,9.23458E+15,4.7724E+16
51665,8.1708E+18,8,4,35,57,2017,8,10,3,3,0,3,0,1,0,1,0,0,0,5.44521E+20,5.27986E+21,9.59306E+15,4.76706E+16
51666,8.1708E+18,8,4,25,72,2017,8,17,3,3,1,6,0,1,0,0,1,0,0,5.83362E+20,5.37246E+21,1.01285E+16,4.84997E+16
51667,8.1708E+18,8,4,17,2,2017,8,23,3,3,8,1,0,1,0,0,0,2,1,4.87087E+20,5.34431E+21,8.82604E+15,4.82519E+16
51668,8.1708E+18,8,4,15,27,2017,8,18,3,1,4,1,0,1,0,1,0,0,0,5.31598E+20,5.35649E+21,9.42657E+15,4.83608E+16
51669,8.1708E+18,8,4,15,61,2017,8,13,3,2,9,1,0,0,0,1,0,0,0,5.1574E+20,5.372E+21,9.21308E+15,4.85009E+16
51670,8.1708E+18,8,4,16,36,2017,8,10,3,3,2,6,0,1,0,0,0,0,0,4.9796E+20,5.37198E+21,8.97239E+15,4.85009E+16
51671,8.1708E+18,8,3,36,91,2017,8,15,3,3,2,1,0,1,0,1,0,0,0,3.93907E+20,5.27512E+21,7.58806E+15,4.76208E+16
51672,8.1708E+18,8,3,15,76,2017,8,0,3,3,2,6,0,0,0,0,1,2,0,3.92936E+20,5.30291E+21,7.56831E+15,4.78706E+16
51673,8.1708E+18,8,3,37,126,2017,8,13,3,2,2,6,0,1,0,1,0,0,0,4.42541E+20,5.27346E+21,8.23545E+15,4.7612E+16
51674,8.1708E+18,8,3,37,108,2017,8,12,3,2,8,1,0,0,0,1,0,0,0,4.2708E+20,5.28887E+21,8.02716E+15,4.77491E+16
51675,8.1708E+18,8,3,35,43,2017,8,10,3,3,5,3,1,1,0,0,0,0,0,5.14558E+20,5.28005E+21,9.19393E+15,4.76737E+16
51676,8.1708E+18,8,3,27,38,2017,8,11,3,3,0,6,1,0,0,0,1,0,0,4.9451E+20,5.31336E+21,8.92643E+15,4.79735E+16
51677,8.1708E+18,8,4,17,47,2017,8,17,3,2,0,7,0,1,1,0,0,0,0,4.8945E+20,5.33469E+21,8.85812E+15,4.81654E+16
51678,8.1708E+18,8,4,17,57,2017,8,9,3,2,5,3,0,1,0,1,0,0,0,4.82076E+20,5.33772E+21,8.75881E+15,4.81924E+16
51679,8.1708E+18,8,3,17,96,2017,8,17,3,3,2,6,0,1,0,0,0,0,1,4.21272E+20,5.36907E+21,7.93488E+15,4.84698E+16
51680,8.1708E+18,8,3,17,145,2017,8,19,3,2,4,7,0,1,0,0,1,0,0,4.42033E+20,5.34885E+21,8.21851E+15,4.82902E+16
51681,8.1708E+18,8,3,16,10,2017,8,16,3,3,3,6,1,1,0,0,0,0,0,4.30719E+20,5.33574E+21,8.06815E+15,4.81711E+16
51682,8.1708E+18,8,3,16,11,2017,8,11,3,3,2,6,0,1,0,0,0,0,0,4.1352E+20,5.33057E+21,7.83791E+15,4.81225E+16
51683,8.1708E+18,8,3,15,37,2017,8,13,3,3,5,3,0,1,0,1,0,0,0,4.3344E+20,5.30079E+21,8.11018E+15,4.7857E+16
51684,8.1708E+18,8,3,15,50,2017,8,17,3,2,0,1,1,0,0,0,0,0,1,3.99525E+20,5.30349E+21,7.65625E+15,4.78769E+16
51685,8.1708E+18,8,3,11,0,2017,8,12,3,3,2,6,0,1,0,0,0,0,0,4.12058E+20,5.31673E+21,7.82112E+15,4.79978E+16
51686,8.1708E+18,8,3,15,133,2017,8,16,3,3,0,1,0,0,0,1,1,0,0,4.0003E+20,5.32779E+21,7.65734E+15,4.80955E+16
51687,8.1708E+18,8,3,15,15,2017,8,15,3,3,4,6,0,1,0,0,1,0,1,3.97881E+20,5.31667E+21,7.63114E+15,4.79952E+16
51688,8.1708E+18,8,3,15,15,2017,8,13,3,3,5,3,0,1,0,0,0,0,0,3.97525E+20,5.31724E+21,7.62624E+15,4.80002E+16
51689,8.1708E+18,8,3,15,131,2017,8,16,3,3,2,1,0,1,0,0,0,0,1,4.04747E+20,5.30806E+21,7.72506E+15,4.79188E+16
51690,8.1708E+18,8,2,35,6,2017,8,18,3,3,5,3,0,1,0,0,0,0,0,4.75204E+20,5.38017E+21,8.66384E+15,4.85741E+16
51691,8.1708E+18,8,2,35,6,2017,8,17,3,3,0,3,1,1,0,0,0,0,0,4.72377E+20,5.38275E+21,8.62535E+15,4.85972E+16
51692,8.1708E+18,8,2,35,79,2017,8,10,3,3,4,2,0,1,0,0,0,0,0,4.68878E+20,5.40259E+21,8.5764E+15,4.87755E+16
51693,8.1708E+18,8,2,35,85,2017,8,5,3,3,4,2,0,1,0,0,0,0,0,4.80721E+20,5.39622E+21,8.73789E+15,4.87187E+16
51694,8.1708E+18,8,2,36,30,2017,8,11,3,3,2,2,0,1,0,0,0,0,0,4.7594E+20,5.41805E+21,8.67161E+15,4.89149E+16
51695,8.1708E+18,8,2,26,91,2017,8,18,3,3,2,6,0,1,0,0,0,0,1,4.95703E+20,5.46152E+21,8.94089E+15,4.93064E+16
51696,8.1708E+18,8,2,15,84,2017,8,16,3,3,5,3,1,1,0,0,0,0,0,4.73103E+20,5.44532E+21,8.63109E+15,4.91601E+16
51697,8.1708E+18,8,2,16,8,2017,8,12,3,2,4,2,1,1,0,0,0,0,0,4.40542E+20,5.39239E+21,8.19223E+15,4.86817E+16
51698,8.1708E+18,8,1,18,53,2017,8,16,3,3,2,6,0,1,0,0,0,0,0,5.17278E+20,5.42784E+21,9.23623E+15,4.90032E+16
51699,8.1708E+18,8,1,15,28,2017,8,20,3,3,8,1,0,1,0,0,0,1,1,4.97767E+20,5.40433E+21,8.9696E+15,4.87919E+16
51700,8.1708E+18,8,1,18,53,2017,8,15,3,2,9,1,0,0,0,1,0,0,0,5.17377E+20,5.42794E+21,9.23759E+15,4.90041E+16
51701,8.1708E+18,8,1,36,65,2017,8,12,3,3,4,6,0,1,0,0,1,0,0,5.64606E+20,5.40765E+21,9.8801E+15,4.88185E+16
51702,8.1708E+18,8,1,36,66,2017,8,14,3,2,8,1,0,0,0,1,0,0,0,5.55875E+20,5.41356E+21,9.76198E+15,4.88725E+16
51703,8.1708E+18,8,1,35,20,2017,8,16,3,3,2,6,0,1,0,0,0,0,0,5.83744E+20,5.37934E+21,1.0135E+16,4.85615E+16
51704,8.1708E+18,8,1,27,14,2017,8,21,3,3,5,3,1,1,0,0,0,2,1,5.77325E+20,5.44373E+21,1.00602E+16,4.91415E+16
51705,8.1708E+18,8,1,26,47,2017,8,15,3,3,1,6,0,1,0,0,0,0,0,5.49333E+20,5.45155E+21,9.67739E+15,4.92148E+16
51706,8.1708E+18,8,1,21,0,2017,8,18,6,3,6,4,0,1,1,0,0,0,0,5.14711E+20,5.44625E+21,9.20181E+15,4.91689E+16
51707,8.1708E+18,8,1,21,0,2017,8,15,6,3,2,6,0,1,0,0,0,0,0,5.15609E+20,5.44259E+21,9.21398E+15,4.9136E+16
51708,8.1708E+18,8,1,19,83,2017,8,21,6,3,0,1,0,0,0,1,0,1,0,5.36683E+20,5.41902E+21,9.50076E+15,4.8923E+16
51709,8.1708E+18,8,1,18,76,2017,8,19,6,3,9,7,0,1,0,0,0,0,0,5.02352E+20,5.42637E+21,9.03215E+15,4.89902E+16
51710,8.1708E+18,8,1,25,102,2017,8,0,3,2,2,1,0,0,0,0,1,2,0,5.24588E+20,5.44551E+21,9.33726E+15,4.91619E+16
51711,8.1708E+18,8,1,25,59,2017,8,17,3,3,8,1,0,1,0,0,0,0,1,5.32037E+20,5.43833E+21,9.43886E+15,4.9097E+16
51712,8.1708E+18,8,1,25,110,2017,8,19,3,3,9,1,0,1,0,0,0,0,1,5.30237E+20,5.44326E+21,9.41458E+15,4.91414E+16
51713,8.1708E+18,8,1,18,48,2017,8,11,6,3,2,6,0,1,0,0,1,0,0,5.12692E+20,5.41528E+21,9.17314E+15,4.88903E+16
51714,8.1708E+18,8,1,18,79,2017,8,7,6,3,2,2,0,1,0,0,0,0,0,5.09282E+20,5.4228E+21,9.12679E+15,4.89581E+16
51715,8.1708E+18,8,1,21,0,2017,8,18,3,3,3,6,0,1,0,0,0,0,1,5.14857E+20,5.44652E+21,9.20383E+15,4.91713E+16
51716,8.1708E+18,8,1,21,0,2017,8,16,3,3,3,6,0,1,0,1,0,0,1,5.16635E+20,5.44371E+21,9.2281E+15,4.9146E+16
51717,8.1708E+18,8,1,19,85,2017,8,17,3,3,0,1,1,0,0,0,0,0,0,5.28665E+20,5.4139E+21,9.39095E+15,4.88774E+16
51718,8.1708E+18,8,1,19,89,2017,8,18,3,3,5,2,0,1,0,0,0,0,0,5.32663E+20,5.41099E+21,9.44524E+15,4.8851E+16
51719,8.1708E+18,8,1,19,37,2017,8,22,3,2,5,3,0,1,0,0,0,2,1,5.46705E+20,5.41977E+21,9.63765E+15,4.89291E+16
51720,8.1708E+18,8,1,19,75,2017,8,14,3,3,2,6,0,1,0,0,0,0,0,5.36231E+20,5.42806E+21,9.49539E+15,4.90043E+16
51721,8.1708E+18,8,1,18,48,2017,8,23,3,3,5,3,0,1,0,0,0,2,1,5.16094E+20,5.41719E+21,9.21963E+15,4.89075E+16
51722,8.1708E+18,8,1,18,46,2017,8,19,3,3,2,6,0,1,0,0,0,0,0,5.13214E+20,5.41243E+21,9.18017E+15,4.88647E+16
51723,8.1708E+18,8,1,18,49,2017,8,14,3,2,5,3,1,0,0,0,1,0,0,5.20321E+20,5.41997E+21,9.27745E+15,4.89323E+16
51724,8.1708E+18,8,1,17,18,2017,8,23,3,3,9,1,0,1,0,0,0,2,1,5.37956E+20,5.39551E+21,9.51596E+15,4.87115E+16
51725,8.1708E+18,8,1,17,14,2017,8,15,3,3,1,6,0,1,0,0,1,0,0,5.53236E+20,5.383E+21,9.72204E+15,4.85978E+16
51726,8.1708E+18,8,1,17,26,2017,8,6,6,2,5,3,1,1,0,0,0,0,0,5.513E+20,5.39061E+21,9.69673E+15,4.86665E+16
51727,8.1708E+18,8,1,16,42,2017,8,14,6,3,8,1,0,1,0,0,0,0,0,5.18361E+20,5.38135E+21,9.24897E+15,4.8585E+16
51728,8.1708E+18,8,1,15,45,2017,8,15,6,3,1,6,0,1,0,0,0,0,0,5.00924E+20,5.39465E+21,9.01255E+15,4.87049E+16
51729,8.1708E+18,8,1,15,48,2017,8,7,6,2,5,3,1,1,0,0,0,0,0,5.10952E+20,5.38703E+21,9.14865E+15,4.86362E+16
51730,8.1708E+18,8,4,37,88,2017,8,16,5,3,8,1,0,0,0,1,0,0,0,5.19939E+20,5.31326E+21,9.26716E+15,4.79723E+16
51731,8.1708E+18,8,1,17,28,2017,8,15,3,2,5,3,0,0,0,1,1,0,0,5.46955E+20,5.38372E+21,9.63695E+15,4.86048E+16
51732,8.1708E+18,8,1,17,28,2017,8,14,3,3,2,6,0,1,0,0,0,0,0,5.47528E+20,5.38292E+21,9.64462E+15,4.85975E+16
51733,8.1708E+18,8,1,15,28,2017,8,17,3,3,2,6,0,1,0,0,0,0,0,5.0121E+20,5.40547E+21,9.01648E+15,4.88023E+16
51734,8.1708E+18,8,1,11,0,2017,8,19,3,1,6,4,0,1,1,0,0,0,0,5.16202E+20,5.40867E+21,9.22076E+15,4.88308E+16
51735,8.1708E+18,8,1,11,0,2017,8,17,3,3,5,3,0,1,0,1,0,0,0,5.13307E+20,5.4042E+21,9.18117E+15,4.87906E+16
51736,8.1708E+18,8,1,11,0,2017,8,13,3,3,5,3,1,1,0,0,0,0,0,5.18856E+20,5.40251E+21,9.25665E+15,4.87753E+16
51737,8.1708E+18,8,1,11,0,2017,8,9,3,3,5,3,0,1,0,0,0,0,0,5.0841E+20,5.3984E+21,9.11438E+15,4.87385E+16
51738,8.1708E+18,8,1,11,0,2017,8,10,3,3,0,1,1,1,0,0,0,0,0,5.14373E+20,5.40154E+21,9.1956E+15,4.87667E+16
51739,8.17073E+18,8,4,36,49,2017,7,22,2,2,3,6,0,1,0,1,0,2,0,5.78162E+20,5.28146E+21,1.00414E+16,4.76818E+16
51740,8.17073E+18,8,4,35,29,2017,7,10,2,3,0,7,1,0,0,0,0,0,0,5.45033E+20,5.27158E+21,9.59904E+15,4.75961E+16
51741,8.17073E+18,8,4,21,0,2017,7,13,2,2,8,6,0,1,0,1,0,0,0,5.6457E+20,5.35919E+21,9.87207E+15,4.83826E+16
51742,8.17073E+18,8,4,25,91,2017,7,14,2,3,7,1,1,0,0,0,0,0,0,5.53349E+20,5.33676E+21,9.7177E+15,4.81818E+16
51743,8.17073E+18,8,4,17,2,2017,7,18,2,3,2,6,0,1,0,1,0,0,0,4.88955E+20,5.34711E+21,8.85113E+15,4.82771E+16
51744,8.17073E+18,8,4,16,36,2017,7,15,2,3,4,6,1,1,0,0,0,0,0,4.95156E+20,5.3649E+21,8.93451E+15,4.84372E+16
51745,8.17073E+18,8,4,15,53,2017,7,16,2,2,8,1,0,0,0,1,0,0,0,5.34479E+20,5.35726E+21,9.46553E+15,4.83676E+16
51746,8.17073E+18,8,4,15,78,2017,7,16,2,3,4,1,0,1,0,1,0,0,0,5.31475E+20,5.36689E+21,9.42569E+15,4.84544E+16
51747,8.17073E+18,8,3,35,35,2017,7,8,2,3,5,3,0,1,0,0,0,0,0,4.7868E+20,5.29213E+21,8.71539E+15,4.77821E+16
51748,8.17073E+18,8,4,35,24,2017,7,15,2,2,6,4,1,0,1,0,0,0,0,5.28788E+20,5.28058E+21,9.38354E+15,4.7678E+16
51749,8.17073E+18,8,4,36,64,2017,7,13,2,2,7,1,1,0,0,0,0,0,0,5.43096E+20,5.28878E+21,9.57497E+15,4.7751E+16
51750,8.17073E+18,8,3,27,49,2017,7,19,2,3,5,3,0,1,0,0,0,0,0,4.72546E+20,5.32479E+21,8.63142E+15,4.80758E+16
51751,8.17073E+18,8,3,27,50,2017,7,12,2,2,8,1,0,0,0,1,0,0,0,4.84862E+20,5.31391E+21,8.79715E+15,4.79783E+16
51752,8.17073E+18,8,3,26,12,2017,7,17,2,3,2,6,1,0,0,1,0,0,0,4.55163E+20,5.31368E+21,8.39923E+15,4.79749E+16
51753,8.17073E+18,8,3,25,51,2017,7,12,2,3,5,3,0,1,0,0,1,0,0,4.51548E+20,5.34793E+21,8.3469E+15,4.82827E+16
51754,8.17073E+18,8,3,25,72,2017,7,16,2,3,3,6,0,1,0,0,0,0,0,4.69578E+20,5.32626E+21,8.59147E+15,4.80889E+16
51755,8.17073E+18,8,3,25,57,2017,7,11,2,2,9,6,0,1,0,0,1,0,0,4.77393E+20,5.35635E+21,8.69481E+15,4.83599E+16
51756,8.17073E+18,8,2,37,40,2017,7,20,2,2,7,6,0,0,0,1,1,0,0,4.8104E+20,5.36382E+21,8.74371E+15,4.84273E+16
51757,8.17073E+18,8,3,17,121,2017,7,10,2,2,5,3,0,1,0,0,0,0,0,4.20621E+20,5.34104E+21,7.93137E+15,4.82176E+16
51758,8.17073E+18,8,3,17,34,2017,7,15,2,3,5,3,1,1,0,0,0,0,0,4.26385E+20,5.36268E+21,8.00517E+15,4.8413E+16
51759,8.17073E+18,8,3,15,68,2017,7,16,2,3,4,1,0,1,0,0,0,0,0,4.43758E+20,5.30284E+21,8.24784E+15,4.78764E+16
51760,8.1708E+18,8,4,36,10,2017,8,19,5,2,4,1,0,0,0,1,1,0,0,5.74991E+20,5.30233E+21,1.00028E+16,4.78699E+16
51761,8.1708E+18,8,4,36,81,2017,8,17,5,3,9,7,0,1,0,0,1,0,0,5.57174E+20,5.27792E+21,9.76135E+15,4.76522E+16
51762,8.1708E+18,8,4,35,36,2017,8,16,5,3,0,4,1,0,1,0,0,0,0,5.19708E+20,5.28263E+21,9.26266E+15,4.76967E+16
51763,8.1708E+18,8,4,35,59,2017,8,7,5,3,2,6,0,1,0,0,0,0,0,5.13184E+20,5.29132E+21,9.17598E+15,4.77751E+16
51764,8.17073E+18,8,3,15,133,2017,7,16,2,3,0,1,1,0,0,0,0,0,0,3.96807E+20,5.32791E+21,7.61404E+15,4.80961E+16
51765,8.17073E+18,8,3,15,43,2017,7,7,2,3,5,3,0,1,0,0,0,0,0,4.04926E+20,5.32351E+21,7.72404E+15,4.80578E+16
51766,8.1708E+18,8,4,25,84,2017,8,14,5,3,2,6,0,1,0,0,1,0,1,5.5727E+20,5.37538E+21,9.77571E+15,4.85289E+16
51767,8.17073E+18,8,3,11,0,2017,7,7,2,2,5,3,1,1,0,0,0,0,0,4.13143E+20,5.31542E+21,7.83593E+15,4.79862E+16
51768,8.17073E+18,8,2,26,95,2017,7,18,2,3,2,6,0,0,0,1,0,0,1,4.72877E+20,5.46108E+21,8.62692E+15,4.93018E+16
51769,8.17073E+18,8,2,26,38,2017,7,12,2,3,0,1,0,1,0,0,0,0,0,4.74E+20,5.48035E+21,8.6411E+15,4.94752E+16
51770,8.17073E+18,8,2,12,0,2017,7,9,2,3,1,5,1,1,0,0,0,0,0,4.55722E+20,5.42808E+21,8.39459E+15,4.9004E+16
51771,8.17073E+18,8,2,12,0,2017,7,18,2,3,2,6,0,1,0,0,0,0,0,4.55857E+20,5.42641E+21,8.39662E+15,4.8989E+16
51772,8.17073E+18,8,2,37,28,2017,7,12,2,3,4,2,0,1,0,0,0,0,0,4.58383E+20,5.36803E+21,8.43703E+15,4.8464E+16
51773,8.17073E+18,8,2,35,85,2017,7,19,2,3,1,6,0,1,0,0,0,0,0,4.79494E+20,5.39579E+21,8.72123E+15,4.87148E+16
51774,8.17073E+18,8,2,36,4,2017,7,13,2,3,2,6,0,1,0,0,0,0,0,4.73297E+20,5.41511E+21,8.63573E+15,4.88884E+16
51775,8.17073E+18,8,2,36,33,2017,7,21,2,3,5,3,0,1,0,0,0,2,0,4.81799E+20,5.42921E+21,8.75107E+15,4.90155E+16
51776,8.1708E+18,8,4,16,36,2017,8,22,5,3,5,3,1,1,0,0,0,2,0,4.94614E+20,5.3689E+21,8.92712E+15,4.84732E+16
51777,8.1708E+18,8,4,15,88,2017,8,11,5,2,5,3,0,1,0,0,0,0,0,5.42458E+20,5.3709E+21,9.57464E+15,4.84898E+16
51778,8.1708E+18,8,3,25,49,2017,8,8,6,3,5,3,0,1,0,0,0,0,0,4.72758E+20,5.33618E+21,8.63354E+15,4.81783E+16
51779,8.1708E+18,8,3,26,37,2017,8,15,6,2,8,1,0,1,0,0,0,0,0,4.55961E+20,5.329E+21,8.40834E+15,4.81128E+16
51780,8.1708E+18,8,4,17,44,2017,8,11,6,2,4,6,0,1,0,1,0,0,0,4.97167E+20,5.33748E+21,8.96188E+15,4.81905E+16
51781,8.17073E+18,8,2,26,56,2017,7,14,2,3,2,6,0,1,0,0,1,0,1,4.85859E+20,5.47149E+21,8.80512E+15,4.93959E+16
51782,8.17073E+18,8,2,22,0,2017,7,11,2,3,2,6,0,1,0,0,1,0,0,4.61883E+20,5.48133E+21,8.47375E+15,4.94834E+16
51783,8.17073E+18,8,2,26,13,2017,7,15,2,2,8,1,0,1,0,0,0,0,1,5.01943E+20,5.47813E+21,9.02681E+15,4.94558E+16
51784,8.17073E+18,8,2,15,99,2017,7,16,2,3,2,6,0,1,0,0,1,0,1,4.63565E+20,5.44812E+21,8.50001E+15,4.91848E+16
51785,8.17073E+18,8,2,16,33,2017,7,11,2,2,5,3,0,1,0,1,0,0,0,4.47468E+20,5.41258E+21,8.28373E+15,4.8864E+16
51786,8.17073E+18,8,1,18,3,2017,7,10,2,2,8,7,0,1,0,0,1,0,0,5.11055E+20,5.41577E+21,9.15082E+15,4.88948E+16
51787,8.17073E+18,8,1,36,2,2017,7,16,2,3,4,6,0,1,0,1,0,0,0,5.71603E+20,5.4172E+21,9.97708E+15,4.89036E+16
51788,8.17073E+18,8,1,35,19,2017,7,16,2,2,5,3,0,1,0,1,0,0,0,5.85091E+20,5.39699E+21,1.01569E+16,4.87201E+16
51789,8.1708E+18,8,4,17,2,2017,8,14,6,2,0,1,0,0,0,1,0,0,0,4.88969E+20,5.34091E+21,8.85148E+15,4.82214E+16
51790,8.1708E+18,8,3,16,20,2017,8,19,6,3,5,3,0,1,0,0,0,0,0,4.09332E+20,5.33944E+21,7.77976E+15,4.82018E+16
51791,8.1708E+18,8,3,15,48,2017,8,11,6,2,5,3,0,1,0,1,0,0,0,3.97823E+20,5.3102E+21,7.63191E+15,4.79369E+16
51792,8.1708E+18,8,3,11,0,2017,8,18,6,3,2,6,0,1,0,0,0,0,0,4.1461E+20,5.31852E+21,7.85497E+15,4.80143E+16
51793,8.1708E+18,8,2,26,103,2017,8,13,6,3,2,1,0,1,0,0,0,0,0,4.71975E+20,5.45904E+21,8.61466E+15,4.92835E+16
51794,8.1708E+18,8,2,26,103,2017,8,17,6,3,2,6,0,1,0,0,1,0,0,4.71202E+20,5.45636E+21,8.60422E+15,4.92593E+16
51795,8.1708E+18,8,2,36,71,2017,8,16,6,3,2,6,0,1,0,0,0,0,0,4.71659E+20,5.41844E+21,8.61315E+15,4.89183E+16
51796,8.1708E+18,8,2,12,0,2017,8,12,6,2,2,6,0,1,0,0,0,0,0,4.57102E+20,5.42348E+21,8.41394E+15,4.89628E+16
51797,8.1708E+18,8,2,12,0,2017,8,16,6,3,2,6,0,1,0,0,0,0,0,4.5699E+20,5.42831E+21,8.4119E+15,4.90061E+16
51798,8.1708E+18,8,2,15,110,2017,8,16,6,2,0,7,0,0,0,1,0,0,0,4.60167E+20,5.41758E+21,8.45638E+15,4.89099E+16
51799,8.1708E+18,8,2,37,28,2017,8,10,6,3,0,1,1,0,0,0,0,0,0,4.56567E+20,5.36777E+21,8.41249E+15,4.84615E+16
51800,8.17073E+18,8,1,26,45,2017,7,15,2,3,9,1,0,1,0,0,0,0,1,5.48604E+20,5.47409E+21,9.67014E+15,4.94175E+16
51801,8.1708E+18,8,2,35,35,2017,8,16,6,3,2,6,0,1,0,0,0,0,0,4.69429E+20,5.40585E+21,8.58366E+15,4.88049E+16
51802,8.17073E+18,8,1,26,46,2017,7,14,2,3,5,2,0,1,0,0,0,0,0,5.4979E+20,5.45532E+21,9.68415E+15,4.92487E+16
51803,8.1708E+18,8,2,35,33,2017,8,16,6,2,4,1,0,1,0,1,0,0,0,4.60597E+20,5.4055E+21,8.46342E+15,4.88012E+16
51804,8.1708E+18,8,2,35,67,2017,8,14,6,3,0,1,1,0,0,0,0,0,0,4.86321E+20,5.40001E+21,8.81389E+15,4.87529E+16
51805,8.1708E+18,8,2,35,84,2017,8,12,6,3,5,3,0,1,0,0,0,0,0,4.79739E+20,5.3918E+21,8.72476E+15,4.86789E+16
51806,8.1708E+18,8,2,36,68,2017,8,6,6,3,5,3,0,1,0,1,0,1,0,4.85181E+20,5.41427E+21,8.79787E+15,4.88812E+16
51807,8.1708E+18,8,2,26,85,2017,8,12,6,3,5,3,0,1,0,1,0,0,0,4.88415E+20,5.45775E+21,8.84073E+15,4.92724E+16
51808,8.1708E+18,8,2,26,3,2017,8,16,6,2,2,6,0,1,0,0,0,0,0,4.60603E+20,5.46304E+21,8.4579E+15,4.93188E+16
51809,8.1708E+18,8,2,26,12,2017,8,10,6,3,5,3,0,1,0,0,0,0,0,4.75638E+20,5.47822E+21,8.66384E+15,4.94562E+16
51810,8.1708E+18,8,2,26,58,2017,8,12,6,2,4,3,0,1,0,0,0,0,0,4.92066E+20,5.46159E+21,8.89085E+15,4.9307E+16
51811,8.1708E+18,8,2,26,97,2017,8,9,6,2,4,6,0,1,0,0,1,0,0,4.87433E+20,5.46758E+21,8.82694E+15,4.93608E+16
51812,8.1708E+18,8,2,16,33,2017,8,12,6,3,2,6,0,1,0,0,0,0,0,4.47283E+20,5.41268E+21,8.28119E+15,4.88649E+16
51813,8.1708E+18,8,2,16,23,2017,8,14,6,3,2,6,0,1,0,0,0,0,0,4.37069E+20,5.40592E+21,8.14298E+15,4.88031E+16
51814,8.1708E+18,8,2,16,23,2017,8,11,6,3,0,7,1,0,0,0,0,0,0,4.37094E+20,5.40713E+21,8.14314E+15,4.88139E+16
51815,8.1708E+18,8,2,15,7,2017,8,18,6,3,2,6,0,1,0,1,0,0,0,4.78497E+20,5.43104E+21,8.70583E+15,4.90318E+16
51816,8.17073E+18,8,1,25,27,2017,7,16,2,3,3,6,0,1,0,0,0,0,0,5.1936E+20,5.44543E+21,9.26555E+15,4.91614E+16
51817,8.17073E+18,8,1,25,63,2017,7,12,2,3,2,6,0,1,0,1,0,0,0,5.2417E+20,5.46074E+21,9.33244E+15,4.92989E+16
51818,8.17073E+18,8,1,21,0,2017,7,21,2,3,0,7,1,0,0,0,0,1,0,5.16496E+20,5.44561E+21,9.22628E+15,4.91631E+16
51819,8.17073E+18,8,1,19,55,2017,7,6,2,3,5,3,0,1,0,1,0,0,0,5.44036E+20,5.40488E+21,9.59961E+15,4.87953E+16
51820,8.17073E+18,8,1,19,87,2017,7,0,2,3,7,1,0,0,0,1,0,2,0,5.25892E+20,5.42717E+21,9.35398E+15,4.89968E+16
51821,8.17073E+18,8,1,19,79,2017,7,19,2,3,2,6,0,1,0,1,0,0,0,5.25631E+20,5.40701E+21,9.34914E+15,4.88155E+16
51822,8.1708E+18,8,2,12,0,2017,8,19,6,3,2,6,0,1,0,0,0,0,0,4.56497E+20,5.42324E+21,8.40569E+15,4.89605E+16
51823,8.1708E+18,8,1,21,0,2017,8,19,6,3,2,6,0,1,0,0,0,0,0,5.14802E+20,5.44812E+21,9.20313E+15,4.91857E+16
51824,8.1708E+18,8,1,18,10,2017,8,19,6,2,5,3,0,1,0,1,0,0,0,5.08519E+20,5.43028E+21,9.11653E+15,4.90254E+16
51825,8.17073E+18,8,1,18,81,2017,7,17,2,3,2,6,0,1,0,1,0,0,0,5.20005E+20,5.41332E+21,9.27281E+15,4.88725E+16
51826,8.1708E+18,8,1,36,42,2017,8,10,6,3,5,3,0,1,0,0,0,0,0,5.51651E+20,5.40476E+21,9.70327E+15,4.87937E+16
51827,8.1708E+18,8,1,28,139,2017,8,17,6,3,2,6,0,1,0,0,0,0,0,5.51002E+20,5.49119E+21,9.70539E+15,4.95711E+16
51828,8.17073E+18,8,1,18,19,2017,7,8,2,3,5,7,1,1,0,0,0,0,0,5.05084E+20,5.40535E+21,9.06923E+15,4.88011E+16
51829,8.17073E+18,8,1,18,11,2017,7,16,2,3,5,3,0,1,0,0,0,0,0,5.03621E+20,5.40658E+21,9.04932E+15,4.88122E+16
51830,8.17073E+18,8,1,18,7,2017,7,20,2,3,5,3,0,1,0,1,0,1,0,5.12334E+20,5.42817E+21,9.16865E+15,4.90063E+16
51831,8.17073E+18,8,1,18,79,2017,7,11,2,3,5,3,0,1,0,0,0,0,0,5.10762E+20,5.42167E+21,9.14698E+15,4.89478E+16
51832,8.17073E+18,8,1,18,14,2017,7,6,2,3,4,6,0,1,0,0,0,0,0,5.21801E+20,5.42095E+21,9.29772E+15,4.89411E+16
51833,8.1708E+18,8,1,28,131,2017,8,21,6,3,2,6,0,1,0,0,0,2,1,5.42704E+20,5.51303E+21,9.59303E+15,4.97682E+16
51834,8.1708E+18,8,1,27,76,2017,8,19,6,3,5,3,0,1,0,0,1,0,0,5.61033E+20,5.44241E+21,9.83664E+15,4.91315E+16
51835,8.1708E+18,8,1,26,47,2017,8,22,6,3,9,1,0,1,0,0,0,2,0,5.53049E+20,5.45253E+21,9.72855E+15,4.92232E+16