OBJECTID,UIDENTSTLA,ULAND,UREGBEZ,UKREIS,UGEMEINDE,UJAHR,UMONAT,USTUNDE,UWOCHENTAG,UKATEGORIE,UART,UTYP1,IstRad,IstPKW,IstFuss,IstKrad,IstSonstig,LICHT,STRZUSTAND,LINREFX,LINREFY,XGCSWGS84,YGCSWGS84
52010,8.17081E+18,8,2,31,0,2017,8,8,2,2,2,6,0,1,0,0,0,0,0,4.82322E+20,5.41853E+21,8.75869E+15,4.89194E+16
52011,8.17081E+18,8,2,15,9,2017,8,16,2,3,3,6,0,1,0,0,1,0,0,4.67042E+20,5.44E+21,8.54839E+15,4.9112E+16
52012,8.17081E+18,8,2,12,0,2017,8,15,2,1,0,1,1,0,0,0,0,0,0,4.60898E+20,5.42524E+21,8.46562E+15,4.89788E+16
52013,8.17081E+18,8,2,15,96,2017,8,13,2,1,0,6,0,1,0,1,0,0,0,4.59768E+20,5.41544E+21,8.45116E+15,4.88906E+16
52014,8.17081E+18,8,2,16,43,2017,8,20,2,3,0,6,0,1,0,0,0,0,0,4.42515E+20,5.40881E+21,8.21673E+15,4.88296E+16
52015,8.17081E+18,8,3,17,5,2017,8,17,2,3,8,7,0,1,0,0,0,0,0,4.23976E+20,5.38134E+21,7.96922E+15,4.85805E+16
52016,8.17081E+18,8,2,37,40,2017,8,11,2,2,0,7,0,0,0,0,1,0,0,4.77866E+20,5.36619E+21,8.70067E+15,4.84485E+16
52017,8.17081E+18,8,2,35,57,2017,8,16,2,3,2,6,0,1,0,0,0,0,0,4.89135E+20,5.39714E+21,8.85226E+15,4.87272E+16
52018,8.17081E+18,8,2,36,43,2017,8,10,2,3,4,6,0,1,0,0,1,0,0,4.69579E+20,5.40886E+21,8.58547E+15,4.88319E+16
52019,8.17081E+18,8,2,31,0,2017,8,23,2,3,2,6,0,1,0,0,0,2,0,4.78239E+20,5.41625E+21,8.70308E+15,4.88988E+16
52020,8.17081E+18,8,2,36,73,2017,8,11,2,3,5,2,0,1,0,0,0,0,0,4.80152E+20,5.42468E+21,8.72878E+15,4.89747E+16
52021,8.17081E+18,8,2,31,0,2017,8,14,2,3,1,6,0,1,0,0,0,0,0,4.75098E+20,5.41174E+21,8.6605E+15,4.88581E+16
52022,8.17081E+18,8,2,36,39,2017,8,8,2,3,5,3,0,1,0,1,0,0,0,4.90505E+20,5.41121E+21,8.87057E+15,4.88538E+16
52023,8.17081E+18,8,2,26,13,2017,8,16,2,3,0,7,0,0,0,1,0,0,0,4.96869E+20,5.47842E+21,8.9568E+15,4.94584E+16
52024,8.17081E+18,8,2,16,43,2017,8,10,2,3,2,6,0,1,0,0,0,0,0,4.42076E+20,5.4121E+21,8.21029E+15,4.88591E+16
52025,8.17081E+18,8,2,15,9,2017,8,12,2,3,1,6,0,1,0,1,0,0,0,4.69537E+20,5.44182E+21,8.58244E+15,4.91285E+16
52026,8.17081E+18,8,2,15,96,2017,8,16,2,3,2,6,0,1,0,0,0,0,0,4.6333E+20,5.41711E+21,8.49959E+15,4.89058E+16
52027,8.17081E+18,8,2,11,0,2017,8,10,2,3,2,2,0,1,0,0,0,0,0,4.42605E+20,5.403E+21,8.21877E+15,4.87774E+16
52028,8.17081E+18,8,1,15,16,2017,8,16,2,2,6,7,0,1,1,0,0,0,0,4.88419E+20,5.37902E+21,8.84303E+15,4.85642E+16
52029,8.17081E+18,8,1,15,28,2017,8,0,2,3,8,7,0,1,0,0,0,2,0,5.02434E+20,5.40052E+21,9.03311E+15,4.87577E+16
52030,8.17081E+18,8,1,15,45,2017,8,8,2,3,2,6,0,1,0,0,0,0,0,5.00134E+20,5.39355E+21,9.00182E+15,4.8695E+16
52031,8.17081E+18,8,1,36,27,2017,8,19,2,3,0,1,1,0,0,0,0,0,0,5.53971E+20,5.42223E+21,9.73717E+15,4.89506E+16
52032,8.17081E+18,8,1,36,88,2017,8,18,2,3,4,6,0,1,0,0,1,0,0,5.83783E+20,5.41547E+21,1.01429E+16,4.88865E+16
52033,8.17081E+18,8,1,36,19,2017,8,14,2,2,5,2,0,1,0,1,0,0,0,5.94449E+20,5.42433E+21,1.02904E+16,4.89647E+16
52034,8.17081E+18,8,1,28,64,2017,8,16,2,3,2,6,0,1,0,0,0,0,0,5.34616E+20,5.50097E+21,9.47965E+15,4.96603E+16
52035,8.17081E+18,8,1,28,131,2017,8,14,2,3,5,2,0,1,0,0,1,0,0,5.40789E+20,5.51183E+21,9.5663E+15,4.97576E+16
52036,8.17081E+18,8,1,26,85,2017,8,17,2,3,4,2,0,1,0,0,0,0,0,5.47132E+20,5.44952E+21,9.64694E+15,4.91966E+16
52037,8.17081E+18,8,1,19,67,2017,8,9,2,3,8,1,0,0,0,1,0,0,1,5.37794E+20,5.40351E+21,9.51449E+15,4.87834E+16
52038,8.17081E+18,8,1,19,84,2017,8,15,2,2,0,1,0,1,0,0,0,0,0,5.46352E+20,5.41481E+21,9.63227E+15,4.88845E+16
52039,8.17081E+18,8,1,18,73,2017,8,16,2,2,5,3,0,1,0,1,0,0,0,4.98812E+20,5.41837E+21,8.98378E+15,4.89182E+16
52040,8.17081E+18,8,1,18,48,2017,8,15,2,3,5,2,1,1,0,0,0,0,0,5.1235E+20,5.41527E+21,9.16848E+15,4.88902E+16
52041,8.17081E+18,8,1,18,48,2017,8,9,2,3,2,6,0,1,0,0,0,0,0,5.13081E+20,5.4153E+21,9.17845E+15,4.88905E+16
52042,8.17081E+18,8,1,18,81,2017,8,21,2,3,7,7,0,0,0,1,0,2,0,5.21685E+20,5.41355E+21,9.29573E+15,4.88746E+16
52043,8.17081E+18,8,4,35,66,2017,8,14,5,3,3,6,0,1,0,1,0,0,1,5.17986E+20,5.28707E+21,9.23989E+15,4.77367E+16
52044,8.17081E+18,8,4,35,16,2017,8,19,5,3,0,1,1,0,0,0,0,0,1,5.31672E+20,5.27952E+21,9.42189E+15,4.76683E+16
52045,8.17081E+18,8,4,35,24,2017,8,16,5,3,5,3,0,1,0,0,0,0,1,5.28747E+20,5.27945E+21,9.38293E+15,4.76678E+16
52046,8.17081E+18,8,4,26,38,2017,8,5,5,2,8,1,0,0,0,0,1,2,1,5.60096E+20,5.31281E+21,9.8051E+15,4.79658E+16
52047,8.17081E+18,8,1,15,3,2017,8,16,2,2,5,3,1,1,0,0,0,0,0,5.02767E+20,5.39075E+21,9.03758E+15,4.86698E+16
52048,8.17081E+18,8,1,17,24,2017,8,20,2,3,8,1,0,1,0,0,0,0,0,5.60961E+20,5.38608E+21,9.82727E+15,4.86248E+16
52049,8.17081E+18,8,1,17,2,2017,8,5,2,2,2,6,0,0,0,0,1,2,0,5.41849E+20,5.38652E+21,9.56797E+15,4.86303E+16
52050,8.17081E+18,8,4,25,20,2017,8,15,5,3,2,6,0,1,0,0,0,0,0,5.5974E+20,5.36099E+21,9.80711E+15,4.83992E+16
52051,8.17081E+18,8,4,17,16,2017,8,6,5,3,8,1,0,1,0,0,0,1,1,4.85629E+20,5.3424E+21,8.80647E+15,4.82347E+16
52052,8.17081E+18,8,1,16,78,2017,8,17,2,3,2,6,0,1,0,0,0,0,0,5.10497E+20,5.39346E+21,9.14264E+15,4.86941E+16
52053,8.17081E+18,8,1,15,53,2017,8,16,2,3,0,7,1,0,0,0,0,0,1,4.83336E+20,5.38112E+21,8.77405E+15,4.85829E+16
52054,8.17081E+18,8,1,15,3,2017,8,6,2,3,0,3,0,1,0,1,0,0,0,5.00549E+20,5.39286E+21,9.00746E+15,4.86888E+16
52055,8.17081E+18,8,1,11,0,2017,8,18,2,3,6,4,0,1,1,0,0,0,0,5.09873E+20,5.40163E+21,9.13436E+15,4.87676E+16
52056,8.17081E+18,8,1,11,0,2017,8,7,2,3,2,6,0,1,0,0,0,0,0,5.18496E+20,5.40172E+21,9.25171E+15,4.87682E+16
52057,8.17081E+18,8,4,36,87,2017,8,12,1,2,0,1,1,0,0,0,0,0,0,5.47726E+20,5.30206E+21,9.63819E+15,4.78701E+16
52058,8.17081E+18,8,4,36,6,2017,8,16,1,3,9,1,0,0,0,1,0,0,0,5.53748E+20,5.28171E+21,9.7162E+15,4.76865E+16
52059,8.17081E+18,8,4,36,69,2017,8,14,1,3,1,5,0,1,1,0,1,0,0,5.51652E+20,5.29455E+21,9.68979E+15,4.78022E+16
52060,8.17081E+18,8,4,35,53,2017,8,9,1,3,3,6,1,0,0,0,0,0,0,5.08995E+20,5.29244E+21,9.12008E+15,4.77852E+16
52061,8.17081E+18,8,4,35,53,2017,8,11,1,3,0,7,0,0,0,1,0,0,0,5.06447E+20,5.29408E+21,9.08609E+15,4.78E+16
52062,8.17081E+18,8,4,26,70,2017,8,6,1,3,8,1,0,1,0,0,0,0,1,5.59388E+20,5.34367E+21,9.7999E+15,4.82434E+16
52063,8.17081E+18,8,4,16,48,2017,8,16,5,3,4,6,0,0,0,0,1,0,1,4.95696E+20,5.37773E+21,8.94167E+15,4.85527E+16
52064,8.17081E+18,8,4,15,78,2017,8,7,5,2,2,2,0,1,0,0,1,0,1,5.28711E+20,5.37126E+21,9.38861E+15,4.84938E+16
52065,8.17081E+18,8,4,15,61,2017,8,14,5,3,5,3,1,1,0,0,0,0,1,5.1675E+20,5.37006E+21,9.22667E+15,4.84834E+16
52066,8.17081E+18,8,4,15,50,2017,8,18,5,3,5,3,0,1,0,0,0,0,1,5.19428E+20,5.37516E+21,9.26314E+15,4.85292E+16
52067,8.17081E+18,8,4,15,61,2017,8,8,5,2,5,3,1,1,0,0,0,0,1,5.15386E+20,5.37085E+21,9.20824E+15,4.84906E+16
52068,8.17081E+18,8,4,17,10,2017,8,11,1,3,8,1,0,1,0,0,0,0,0,5.06971E+20,5.34218E+21,9.09388E+15,4.82328E+16
52069,8.17081E+18,8,3,36,78,2017,8,4,1,3,8,1,0,1,0,0,0,2,0,3.94981E+20,5.28853E+21,7.59912E+15,4.77416E+16
52070,8.17081E+18,8,3,36,34,2017,8,13,1,2,5,3,0,1,0,1,0,0,0,4.16526E+20,5.27772E+21,7.88852E+15,4.76475E+16
52071,8.17081E+18,8,3,37,13,2017,8,16,1,2,8,1,0,0,0,1,0,0,0,4.22897E+20,5.29266E+21,7.97069E+15,4.77827E+16
52072,8.17081E+18,8,3,35,43,2017,8,15,1,3,0,1,1,0,0,0,0,0,0,5.09693E+20,5.2882E+21,9.12931E+15,4.77471E+16
52073,8.17081E+18,8,3,26,3,2017,8,14,1,3,2,6,0,1,0,0,0,0,0,4.65076E+20,5.31735E+21,8.53174E+15,4.80085E+16
52074,8.17081E+18,8,3,25,69,2017,8,6,1,2,8,1,0,1,0,0,0,0,1,4.66318E+20,5.33492E+21,8.547E+15,4.81667E+16
52075,8.17081E+18,8,2,37,40,2017,8,0,1,1,8,1,0,1,0,0,0,2,0,4.80829E+20,5.36352E+21,8.74086E+15,4.84246E+16
52076,8.17081E+18,8,3,27,56,2017,8,15,1,2,5,3,1,1,0,0,0,0,0,4.83926E+20,5.32079E+21,8.78435E+15,4.80402E+16
52077,8.17081E+18,8,1,16,33,2017,8,23,7,3,0,7,1,0,0,0,0,2,1,5.34154E+20,5.38918E+21,9.46376E+15,4.86548E+16
52078,8.17081E+18,8,1,16,48,2017,8,18,7,3,0,1,1,0,0,0,0,0,0,5.33756E+20,5.39075E+21,9.45848E+15,4.86689E+16
52079,8.17081E+18,8,1,16,58,2017,8,8,7,3,2,6,0,1,0,0,0,0,1,5.34035E+20,5.39524E+21,9.46264E+15,4.87093E+16
52080,8.17081E+18,8,1,16,70,2017,8,12,7,3,4,6,0,1,0,0,1,0,0,5.40733E+20,5.38632E+21,9.55281E+15,4.86286E+16
52081,8.17081E+18,8,1,11,0,2017,8,14,7,3,8,1,0,1,0,0,0,0,0,5.14697E+20,5.40098E+21,9.19998E+15,4.87616E+16
52082,8.17081E+18,8,3,17,78,2017,8,14,1,2,8,1,0,0,0,1,0,0,0,4.38062E+20,5.34215E+21,8.16598E+15,4.82295E+16
52083,8.17081E+18,8,1,11,0,2017,8,16,7,3,5,3,0,1,0,0,0,0,0,5.07033E+20,5.40804E+21,9.09583E+15,4.88253E+16
52084,8.17081E+18,8,3,17,26,2017,8,2,1,3,1,5,0,1,0,0,0,2,0,4.15159E+20,5.34453E+21,7.85715E+15,4.82483E+16
52085,8.17081E+18,8,1,11,0,2017,8,10,7,3,5,2,0,1,0,0,0,0,0,5.19801E+20,5.40046E+21,9.26941E+15,4.87569E+16
52086,8.17081E+18,8,3,17,5,2017,8,21,1,3,5,3,0,1,0,0,0,2,0,4.24118E+20,5.37559E+21,7.97221E+15,4.85288E+16
52087,8.17081E+18,8,1,11,0,2017,8,10,7,3,8,7,0,1,0,0,0,0,1,5.169E+20,5.40362E+21,9.23006E+15,4.87854E+16
52088,8.17081E+18,8,4,36,79,2017,8,19,6,2,9,1,0,0,0,1,0,0,1,5.53262E+20,5.29103E+21,9.71087E+15,4.77705E+16
52089,8.17081E+18,8,3,15,68,2017,8,14,1,3,5,2,0,1,0,1,0,0,0,4.37928E+20,5.30423E+21,8.16968E+15,4.78884E+16
52090,8.17081E+18,8,4,36,3,2017,8,21,6,3,8,1,0,1,0,0,0,2,1,5.77523E+20,5.30331E+21,1.00368E+16,4.78784E+16
52091,8.17081E+18,8,2,26,103,2017,8,14,1,3,0,6,0,1,0,0,0,0,0,4.72274E+20,5.45839E+21,8.61881E+15,4.92776E+16
52092,8.17081E+18,8,4,35,52,2017,8,11,6,3,8,1,0,1,0,0,0,0,0,5.22149E+20,5.28756E+21,9.29544E+15,4.7741E+16
52093,8.17081E+18,8,2,15,39,2017,8,0,1,3,2,6,0,1,0,0,0,2,0,4.70972E+20,5.45459E+21,8.60119E+15,4.92434E+16
52094,8.17081E+18,8,4,15,91,2017,8,11,6,3,9,1,0,0,0,1,0,0,0,5.15433E+20,5.36265E+21,9.20858E+15,4.84168E+16
52095,8.17081E+18,8,4,15,60,2017,8,22,6,2,2,6,0,1,0,0,0,2,1,5.13063E+20,5.37968E+21,9.17708E+15,4.85701E+16
52096,8.17081E+18,8,3,25,45,2017,8,18,6,3,9,6,0,1,0,0,0,0,0,4.7304E+20,5.34883E+21,8.63653E+15,4.82921E+16
52097,8.17081E+18,8,3,36,50,2017,8,15,6,3,8,1,0,1,0,0,0,0,1,4.02722E+20,5.27732E+21,7.70485E+15,4.7642E+16
52098,8.17081E+18,8,3,35,43,2017,8,18,6,3,0,2,1,0,0,0,1,0,1,5.13545E+20,5.27944E+21,9.18043E+15,4.76682E+16
52099,8.17081E+18,8,3,35,98,2017,8,8,6,3,8,1,0,0,0,1,0,0,1,5.00696E+20,5.29371E+21,9.0093E+15,4.77968E+16
52100,8.17081E+18,8,3,17,57,2017,8,19,6,3,9,1,0,1,0,0,0,1,1,4.13495E+20,5.38216E+21,7.82698E+15,4.85865E+16
52101,8.17081E+18,8,3,17,113,2017,8,22,6,2,5,3,0,1,0,0,0,2,0,4.08369E+20,5.3449E+21,7.76562E+15,4.82507E+16
52102,8.17081E+18,8,3,36,50,2017,8,19,6,1,5,3,0,0,0,1,1,0,0,3.98298E+20,5.27612E+21,7.64625E+15,4.76305E+16
52103,8.17081E+18,8,2,12,0,2017,8,5,6,2,7,6,0,1,0,0,1,1,0,4.62974E+20,5.43302E+21,8.49328E+15,4.9049E+16
52104,8.17081E+18,8,2,15,66,2017,8,16,6,3,4,6,0,1,0,0,1,0,1,4.6343E+20,5.4482E+21,8.49815E+15,4.91855E+16
52105,8.17081E+18,8,2,12,0,2017,8,10,6,3,5,3,1,1,0,0,0,0,0,4.55227E+20,5.42904E+21,8.3877E+15,4.90126E+16
52106,8.17081E+18,8,2,35,46,2017,8,12,6,1,9,1,0,1,0,0,1,0,0,4.81893E+20,5.37665E+21,8.75467E+15,4.85427E+16
52107,8.17081E+18,8,2,26,84,2017,8,13,1,3,1,7,0,1,0,0,0,0,0,4.67286E+20,5.46692E+21,8.54953E+15,4.93541E+16
52108,8.17081E+18,8,2,26,103,2017,8,20,1,3,2,6,0,1,0,0,0,1,0,4.7208E+20,5.45797E+21,8.61618E+15,4.92738E+16
52109,8.17081E+18,8,2,31,0,2017,8,17,1,3,2,6,0,1,0,0,0,0,0,4.81319E+20,5.41908E+21,8.74499E+15,4.89243E+16
52110,8.17081E+18,8,2,12,0,2017,8,16,1,2,2,6,0,1,0,0,0,0,0,4.60586E+20,5.42877E+21,8.46102E+15,4.90105E+16
52111,8.17081E+18,8,2,12,0,2017,8,18,1,2,9,1,0,0,0,1,0,0,0,4.54774E+20,5.42677E+21,8.38176E+15,4.89922E+16
52112,8.17081E+18,8,2,35,8,2017,8,19,1,3,2,6,0,1,0,1,0,0,0,4.80274E+20,5.40228E+21,8.73152E+15,4.87732E+16
52113,8.17081E+18,8,2,31,0,2017,8,15,1,2,2,6,0,1,0,0,0,0,0,4.82468E+20,5.41774E+21,8.76073E+15,4.89124E+16
52114,8.17081E+18,8,2,31,0,2017,8,21,1,2,3,6,0,1,0,0,0,2,0,4.7598E+20,5.41549E+21,8.67231E+15,4.88919E+16
52115,8.17081E+18,8,2,26,46,2017,8,17,1,2,2,6,1,0,0,0,0,0,0,4.77221E+20,5.45502E+21,8.68701E+15,4.92475E+16
52116,8.17081E+18,8,2,26,3,2017,8,21,1,3,4,2,0,1,0,0,0,1,0,4.62693E+20,5.4619E+21,8.48676E+15,4.93087E+16
52117,8.17081E+18,8,2,31,0,2017,8,12,6,3,5,3,0,1,0,0,0,0,0,4.75555E+20,5.41522E+21,8.66653E+15,4.88894E+16
52118,8.17081E+18,8,2,21,0,2017,8,6,1,3,8,7,0,1,0,0,0,0,0,4.76207E+20,5.47166E+21,8.67209E+15,4.93971E+16
52119,8.17081E+18,8,2,31,0,2017,8,16,6,3,2,6,0,1,0,0,0,0,1,4.77506E+20,5.41623E+21,8.69308E+15,4.88986E+16
52120,8.17081E+18,8,2,16,63,2017,8,18,1,3,7,7,0,0,0,1,1,0,1,4.30136E+20,5.40192E+21,8.04926E+15,4.87664E+16
52121,8.17081E+18,8,2,36,74,2017,8,18,6,3,9,1,0,1,0,0,0,0,1,4.73453E+20,5.41887E+21,8.63762E+15,4.89222E+16
52122,8.17081E+18,8,2,16,13,2017,8,15,1,2,8,1,0,0,0,1,0,0,0,4.51212E+20,5.3884E+21,8.33764E+15,4.86468E+16
52123,8.17081E+18,8,2,26,96,2017,8,21,6,3,4,6,0,1,0,0,0,2,1,4.7473E+20,5.49008E+21,8.65056E+15,4.95628E+16
52124,8.17081E+18,8,3,17,67,2017,8,17,1,2,5,2,0,0,0,1,1,0,0,4.36229E+20,5.37301E+21,8.13662E+15,4.8507E+16
52125,8.17081E+18,8,2,25,1,2017,8,19,6,3,9,1,0,1,0,0,0,0,1,5.2856E+20,5.47091E+21,9.39355E+15,4.93903E+16
52126,8.17081E+18,8,3,37,2,2017,8,0,5,3,4,2,0,1,0,0,0,2,1,4.34937E+20,5.27122E+21,8.1346E+15,4.75912E+16
52127,8.17081E+18,8,3,35,99,2017,8,8,5,3,5,2,0,1,0,0,0,0,1,4.99275E+20,5.29845E+21,8.99032E+15,4.78394E+16
52128,8.17081E+18,8,2,26,28,2017,8,14,6,3,5,3,1,1,0,0,0,0,1,4.72021E+20,5.48379E+21,8.61354E+15,4.95061E+16
52129,8.17081E+18,8,2,21,0,2017,8,15,6,3,2,6,0,1,0,0,0,0,1,4.74594E+20,5.46964E+21,8.64999E+15,4.93789E+16
52130,8.17081E+18,8,2,21,0,2017,8,14,6,3,0,1,0,0,0,1,0,0,1,4.77664E+20,5.47375E+21,8.69205E+15,4.9416E+16
52131,8.17081E+18,8,2,21,0,2017,8,15,6,2,5,6,1,1,0,0,0,0,1,4.7708E+20,5.47487E+21,8.68394E+15,4.94261E+16
52132,8.17081E+18,8,2,11,0,2017,8,0,6,3,8,1,0,1,0,0,0,2,0,4.42294E+20,5.40304E+21,8.21453E+15,4.87777E+16
52133,8.17081E+18,8,2,11,0,2017,8,8,6,2,3,6,0,1,0,1,0,0,0,4.43468E+20,5.40206E+21,8.23065E+15,4.8769E+16
52134,8.17081E+18,8,1,15,13,2017,8,17,6,3,2,6,0,1,0,0,0,0,1,4.95793E+20,5.38824E+21,8.94289E+15,4.86472E+16
52135,8.17081E+18,8,3,26,27,2017,8,15,5,3,2,6,0,1,0,0,1,0,1,4.62455E+20,5.30926E+21,8.49731E+15,4.79356E+16
52136,8.17081E+18,8,3,15,22,2017,8,9,5,3,5,3,0,1,0,0,0,0,1,3.98157E+20,5.3014E+21,7.63846E+15,4.78579E+16
52137,8.17081E+18,8,1,21,0,2017,8,15,1,3,3,6,0,1,0,0,0,0,0,5.1425E+20,5.44823E+21,9.19556E+15,4.91867E+16
52138,8.17081E+18,8,1,15,54,2017,8,8,1,2,1,5,0,1,0,1,0,0,0,4.93858E+20,5.39433E+21,8.91652E+15,4.8702E+16
52139,8.17081E+18,8,3,11,0,2017,8,17,5,2,5,3,0,1,0,0,1,0,1,4.14009E+20,5.31511E+21,7.84759E+15,4.79835E+16
52140,8.17081E+18,8,1,36,65,2017,8,17,1,3,0,1,1,0,0,0,0,0,0,5.55796E+20,5.40444E+21,9.75966E+15,4.87904E+16
52141,8.17081E+18,8,1,36,46,2017,8,11,1,2,3,2,0,1,0,0,1,0,0,5.77215E+20,5.41869E+21,1.00539E+16,4.89163E+16
52142,8.17081E+18,8,2,25,14,2017,8,13,1,2,8,1,0,1,0,0,0,0,0,5.18666E+20,5.48214E+21,9.25774E+15,4.94916E+16
52143,8.17081E+18,8,1,27,102,2017,8,22,1,2,7,1,0,0,0,1,0,2,0,5.86648E+20,5.43801E+21,1.01868E+16,4.90889E+16
52144,8.17081E+18,8,1,27,104,2017,8,13,1,2,8,1,0,1,0,0,0,0,0,5.82537E+20,5.43694E+21,1.01303E+16,4.90798E+16
52145,8.17081E+18,8,1,27,100,2017,8,0,1,3,1,5,0,1,0,0,0,2,0,5.51893E+20,5.43769E+21,9.71075E+15,4.90899E+16
52146,8.17081E+18,8,1,27,62,2017,8,12,1,3,8,1,0,0,0,1,0,0,0,5.46166E+20,5.43225E+21,9.6317E+15,4.90414E+16
52147,8.17081E+18,8,1,25,59,2017,8,18,1,3,2,2,0,0,0,1,0,0,0,5.30997E+20,5.4354E+21,9.42439E+15,4.90707E+16
52148,8.17081E+18,8,1,21,0,2017,8,4,1,3,8,1,0,1,0,0,0,2,0,5.14432E+20,5.4428E+21,9.19786E+15,4.91379E+16
52149,8.17081E+18,8,2,26,85,2017,8,21,5,3,2,6,0,1,0,0,0,2,0,4.89964E+20,5.45492E+21,8.86211E+15,4.9247E+16
52150,8.17081E+18,8,2,22,0,2017,8,16,5,2,9,6,0,1,0,0,0,0,1,4.67564E+20,5.48204E+21,8.55213E+15,4.94902E+16
52151,8.17081E+18,8,1,18,19,2017,8,7,6,3,2,6,0,1,0,1,0,0,0,5.04646E+20,5.40677E+21,9.06329E+15,4.88139E+16
52152,8.17081E+18,8,1,35,16,2017,8,13,6,3,3,6,1,1,0,0,0,0,0,5.90493E+20,5.3893E+21,1.02286E+16,4.86502E+16
52153,8.17081E+18,8,1,27,86,2017,8,23,6,3,8,1,0,1,0,0,0,2,1,5.51437E+20,5.44592E+21,9.70556E+15,4.91639E+16
52154,8.17081E+18,8,1,26,11,2017,8,13,6,3,4,6,0,1,0,0,1,0,1,5.32218E+20,5.44613E+21,9.44196E+15,4.91671E+16
52155,8.17081E+18,8,1,26,60,2017,8,18,6,3,4,2,0,1,0,0,0,0,1,5.44666E+20,5.46051E+21,9.61432E+15,4.92957E+16
52156,8.17081E+18,8,1,19,91,2017,8,18,6,3,5,3,0,1,0,0,0,0,1,5.25773E+20,5.40694E+21,9.35107E+15,4.88149E+16
52157,8.17081E+18,8,1,19,79,2017,8,16,6,3,5,3,0,1,0,0,0,0,1,5.2337E+20,5.40782E+21,9.31838E+15,4.88229E+16
52158,8.17081E+18,8,1,19,8,2017,8,16,6,3,2,6,0,1,0,0,0,0,1,5.31009E+20,5.42058E+21,9.42342E+15,4.89374E+16
52159,8.17081E+18,8,1,18,53,2017,8,5,6,3,5,3,0,1,0,0,1,1,0,5.16468E+20,5.4279E+21,9.22516E+15,4.90038E+16
52160,8.17081E+18,8,1,18,81,2017,8,12,6,3,2,6,0,1,0,0,0,0,0,5.18152E+20,5.41148E+21,9.24746E+15,4.88561E+16
52161,8.17081E+18,8,1,15,3,2017,8,3,6,3,5,3,0,1,0,0,0,2,0,5.01457E+20,5.39177E+21,9.01979E+15,4.8679E+16
52162,8.17081E+18,8,1,11,0,2017,8,14,6,3,5,7,0,1,0,0,0,0,0,5.17814E+20,5.40404E+21,9.24253E+15,4.87891E+16
52163,8.17081E+18,8,4,37,105,2017,8,7,5,3,8,1,0,1,0,0,0,0,1,5.17858E+20,5.32489E+21,9.23975E+15,4.80771E+16
52164,8.17081E+18,8,2,12,0,2017,8,13,5,2,1,6,0,1,0,0,0,0,1,4.61943E+20,5.4276E+21,8.47969E+15,4.90001E+16
52165,8.17081E+18,8,3,17,110,2017,8,15,5,3,3,6,0,1,0,0,1,0,1,4.25617E+20,5.38383E+21,7.99103E+15,4.86031E+16
52166,8.17081E+18,8,2,37,40,2017,8,12,5,3,1,6,0,1,0,0,0,0,1,4.77518E+20,5.36593E+21,8.69599E+15,4.84461E+16
52167,8.17081E+18,8,1,19,1,2017,8,10,1,3,4,6,0,1,0,0,0,0,0,5.47076E+20,5.4109E+21,9.64169E+15,4.88492E+16
52168,8.17081E+18,8,1,19,44,2017,8,10,1,3,9,1,0,0,0,1,0,0,0,5.4856E+20,5.42306E+21,9.66336E+15,4.89586E+16
52169,8.17081E+18,8,1,18,78,2017,8,15,1,3,0,2,0,1,0,1,0,0,0,5.14818E+20,5.4192E+21,9.20229E+15,4.89256E+16
52170,8.17081E+18,8,1,18,11,2017,8,13,1,2,5,2,0,1,0,0,0,0,0,5.05867E+20,5.40775E+21,9.07994E+15,4.88227E+16
52171,8.17081E+18,8,1,17,24,2017,8,20,1,3,4,6,0,1,0,0,0,1,0,5.61281E+20,5.38247E+21,9.83107E+15,4.85923E+16
52172,8.17081E+18,8,1,17,49,2017,8,10,1,3,5,3,0,1,0,0,0,0,0,5.55095E+20,5.39212E+21,9.74847E+15,4.86797E+16
52173,8.17081E+18,8,1,35,19,2017,8,15,1,2,8,1,0,1,0,0,0,0,0,5.90602E+20,5.39092E+21,1.02305E+16,4.86647E+16
52174,8.17081E+18,8,1,16,33,2017,8,10,1,3,0,2,0,0,0,1,0,0,0,5.34338E+20,5.38789E+21,9.46615E+15,4.86431E+16
52175,8.17081E+18,8,2,31,0,2017,8,18,5,3,9,1,0,1,0,0,0,0,1,4.80061E+20,5.41164E+21,8.72817E+15,4.88574E+16
52176,8.17081E+18,8,2,31,0,2017,8,15,5,3,1,6,0,1,0,0,0,0,1,4.77158E+20,5.41677E+21,8.68831E+15,4.89035E+16
52177,8.17081E+18,8,2,22,0,2017,8,14,5,3,9,1,0,1,0,0,0,0,1,4.63162E+20,5.48215E+21,8.49134E+15,4.94909E+16
52178,8.17081E+18,8,2,21,0,2017,8,11,5,3,3,6,0,1,0,0,1,0,1,4.74304E+20,5.46926E+21,8.64602E+15,4.93755E+16
52179,8.17081E+18,8,2,21,0,2017,8,16,5,2,0,1,1,0,0,0,0,0,1,4.7703E+20,5.4749E+21,8.68324E+15,4.94264E+16
52180,8.17081E+18,8,2,16,15,2017,8,16,5,3,2,6,0,1,0,0,0,0,1,4.50025E+20,5.40541E+21,8.31947E+15,4.87997E+16
52181,8.17081E+18,8,2,15,9,2017,8,9,5,3,0,1,0,0,0,1,0,0,1,4.7014E+20,5.4417E+21,8.59071E+15,4.91274E+16
52182,8.17081E+18,8,2,12,0,2017,8,17,5,3,2,6,0,1,0,0,0,0,1,4.54329E+20,5.42483E+21,8.3759E+15,4.89747E+16
52183,8.17081E+18,8,2,26,85,2017,8,16,5,3,9,1,0,1,0,0,0,0,1,4.94866E+20,5.45258E+21,8.92949E+15,4.9226E+16