OBJECTID,UIDENTSTLA,ULAND,UREGBEZ,UKREIS,UGEMEINDE,UJAHR,UMONAT,USTUNDE,UWOCHENTAG,UKATEGORIE,UART,UTYP1,IstRad,IstPKW,IstFuss,IstKrad,IstSonstig,LICHT,STRZUSTAND,LINREFX,LINREFY,XGCSWGS84,YGCSWGS84
52184,8.17081E+18,8,4,16,48,2017,8,15,5,3,2,7,0,1,0,0,1,0,1,4.91809E+20,5.37741E+21,8.88901E+15,4.85497E+16
52185,8.17081E+18,8,1,18,48,2017,8,12,5,3,8,1,0,1,0,0,0,0,1,5.11587E+20,5.41855E+21,9.15817E+15,4.89198E+16
52186,8.17081E+18,8,1,16,47,2017,8,5,1,3,1,5,0,1,0,1,0,2,0,5.2063E+20,5.39187E+21,9.28026E+15,4.86795E+16
52187,8.17081E+18,8,1,36,19,2017,8,16,5,3,4,1,0,1,0,0,0,0,1,5.81995E+20,5.42278E+21,1.012E+16,4.89525E+16
52188,8.17081E+18,8,1,16,37,2017,8,12,1,3,2,6,0,1,0,1,0,0,0,5.34998E+20,5.39803E+21,9.47596E+15,4.87343E+16
52189,8.17081E+18,8,1,28,115,2017,8,14,5,3,6,2,0,1,1,0,0,0,1,5.479E+20,5.49707E+21,9.66322E+15,4.96243E+16
52190,8.17081E+18,8,1,28,115,2017,8,11,5,3,5,2,0,1,0,1,0,0,1,5.4742E+20,5.49621E+21,9.65646E+15,4.96166E+16
52191,8.17081E+18,8,1,27,14,2017,8,17,5,3,2,6,0,1,0,0,0,0,1,5.7497E+20,5.44349E+21,1.00279E+16,4.91397E+16
52192,8.17081E+18,8,1,27,8,2017,8,2,5,2,8,1,0,1,0,0,0,2,1,5.72215E+20,5.4603E+21,9.99313E+15,4.92912E+16
52193,8.17081E+18,8,1,27,86,2017,8,20,5,2,4,1,0,1,0,0,0,1,1,5.52696E+20,5.44574E+21,9.72281E+15,4.91623E+16
52194,8.17081E+18,8,1,27,12,2017,8,12,5,2,2,1,0,1,0,0,0,0,1,5.68814E+20,5.43165E+21,9.94146E+15,4.90339E+16
52195,8.17081E+18,8,1,27,76,2017,8,21,5,2,9,1,0,1,0,0,0,1,1,5.47681E+20,5.43563E+21,9.65283E+15,4.90717E+16
52196,8.17081E+18,8,1,19,75,2017,8,22,5,2,4,6,0,1,0,0,0,2,0,5.39248E+20,5.4271E+21,9.53655E+15,4.89956E+16
52197,8.17081E+18,8,1,19,4,2017,8,16,5,3,5,3,0,1,0,0,0,0,1,5.41902E+20,5.41798E+21,9.57189E+15,4.89134E+16
52198,8.17081E+18,8,1,18,12,2017,8,17,5,3,2,2,0,1,0,1,0,0,1,4.97417E+20,5.41388E+21,8.96478E+15,4.88779E+16
52199,8.17081E+18,8,1,18,49,2017,8,10,5,3,8,7,0,1,0,0,0,0,1,5.22098E+20,5.42192E+21,9.30182E+15,4.89498E+16
52200,8.17081E+18,8,1,18,80,2017,8,17,5,3,2,6,0,1,0,1,0,0,1,5.07857E+20,5.41183E+21,9.10712E+15,4.88593E+16
52201,8.17081E+18,8,1,18,79,2017,8,22,5,3,0,6,0,1,0,0,0,2,0,5.08184E+20,5.42251E+21,9.11179E+15,4.89555E+16
52202,8.17081E+18,8,1,15,21,2017,8,12,1,3,5,3,0,1,0,0,0,0,0,4.89689E+20,5.38297E+21,8.86014E+15,4.85997E+16
52203,8.17081E+18,8,1,15,3,2017,8,2,1,3,5,3,0,1,0,0,0,2,0,5.00852E+20,5.39274E+21,9.01158E+15,4.86877E+16
52204,8.17081E+18,8,1,11,0,2017,8,23,1,2,6,4,0,1,1,0,0,2,0,5.1366E+20,5.39705E+21,9.18575E+15,4.87263E+16
52205,8.17081E+18,8,1,11,0,2017,8,20,1,2,3,2,0,1,0,1,0,1,0,5.12742E+20,5.40771E+21,9.17359E+15,4.88222E+16
52206,8.17081E+18,8,1,11,0,2017,8,2,1,3,9,1,0,1,0,0,0,2,0,5.082E+20,5.40166E+21,9.1116E+15,4.87678E+16
52207,8.17081E+18,8,4,36,27,2017,8,14,7,3,5,3,1,1,0,0,0,0,0,5.39363E+20,5.31058E+21,9.52715E+15,4.79473E+16
52208,8.17081E+18,8,1,17,24,2017,8,10,5,3,2,6,0,1,0,0,1,0,1,5.61944E+20,5.38515E+21,9.84047E+15,4.86164E+16
52209,8.17081E+18,8,1,16,19,2017,8,8,5,3,8,1,0,1,0,0,0,0,1,5.22916E+20,5.39689E+21,9.31159E+15,4.87246E+16
52210,8.17081E+18,8,1,11,0,2017,8,10,5,3,4,7,0,1,0,0,1,0,1,5.15979E+20,5.40686E+21,9.21766E+15,4.88145E+16
52211,8.17081E+18,8,4,36,9,2017,8,15,7,2,5,3,0,1,0,1,0,0,0,5.56604E+20,5.30987E+21,9.75793E+15,4.79396E+16
52212,8.17081E+18,8,1,11,0,2017,8,18,5,3,5,3,0,1,0,0,0,0,1,5.18914E+20,5.40089E+21,9.25737E+15,4.87607E+16
52213,8.17081E+18,8,1,11,0,2017,8,16,5,2,2,6,0,1,0,0,0,0,1,5.15323E+20,5.40597E+21,9.20869E+15,4.88066E+16
52214,8.17081E+18,8,4,16,41,2017,8,16,7,3,2,6,0,1,0,0,0,0,0,5.03756E+20,5.37342E+21,9.05085E+15,4.85139E+16
52215,8.17081E+18,8,4,15,53,2017,8,19,7,2,8,1,0,1,0,0,0,0,0,5.38345E+20,5.35816E+21,9.51781E+15,4.83755E+16
52216,8.17081E+18,8,3,16,17,2017,8,10,7,3,2,6,0,1,0,0,0,0,0,4.07067E+20,5.33663E+21,7.7499E+15,4.81761E+16
52217,8.17081E+18,8,3,37,125,2017,8,14,7,3,5,3,0,1,0,1,0,0,0,4.49182E+20,5.27171E+21,8.324E+15,4.75968E+16
52218,8.17081E+18,8,3,36,69,2017,8,9,7,2,9,1,0,1,0,0,0,0,0,4.05833E+20,5.27118E+21,7.74758E+15,4.75872E+16
52219,8.17081E+18,8,1,11,0,2017,8,11,5,3,2,6,0,1,0,0,0,0,1,5.13492E+20,5.40151E+21,9.1836E+15,4.87664E+16
52220,8.17081E+18,8,4,26,21,2017,8,6,4,2,4,2,0,1,0,0,0,0,1,5.6004E+20,5.32966E+21,9.80671E+15,4.81174E+16
52221,8.17081E+18,8,4,25,72,2017,8,13,4,3,0,1,0,0,0,1,0,0,0,5.83642E+20,5.37292E+21,1.01323E+16,4.85038E+16
52222,8.17081E+18,8,3,36,8,2017,8,9,4,2,5,2,1,0,0,0,1,0,0,3.96923E+20,5.27625E+21,7.62791E+15,4.76315E+16
52223,8.17081E+18,8,3,35,43,2017,8,19,4,3,3,6,0,1,0,0,1,0,0,5.09324E+20,5.28151E+21,9.12425E+15,4.76869E+16
52224,8.17081E+18,8,3,35,79,2017,8,18,4,2,5,3,0,1,0,1,0,0,0,4.99275E+20,5.29845E+21,8.99032E+15,4.78394E+16
52225,8.17081E+18,8,3,35,75,2017,8,23,4,2,9,1,0,1,0,0,0,2,1,4.8697E+20,5.29148E+21,8.82608E+15,4.77766E+16
52226,8.17081E+18,8,4,36,64,2017,8,7,4,3,5,3,0,1,0,0,0,0,1,5.45326E+20,5.29365E+21,9.60523E+15,4.77946E+16
52227,8.17081E+18,8,4,17,2,2017,8,12,4,1,4,6,0,0,0,1,1,0,0,4.89239E+20,5.35113E+21,8.85486E+15,4.83132E+16
52228,8.17081E+18,8,3,16,37,2017,8,9,4,3,4,2,0,1,0,0,0,0,0,4.07648E+20,5.3342E+21,7.75824E+15,4.81544E+16
52229,8.17081E+18,8,3,36,69,2017,8,16,4,2,5,3,1,0,0,1,0,0,0,4.09683E+20,5.26894E+21,7.79924E+15,4.75676E+16
52230,8.17081E+18,8,3,35,75,2017,8,13,7,2,2,2,1,0,0,0,0,0,0,4.87767E+20,5.28929E+21,8.83677E+15,4.77568E+16
52231,8.17081E+18,8,3,35,63,2017,8,21,7,3,0,1,1,0,0,0,0,2,0,4.99887E+20,5.28797E+21,8.99849E+15,4.77451E+16
52232,8.17081E+18,8,3,35,25,2017,8,17,7,2,5,3,1,1,0,0,0,0,0,4.99118E+20,5.2817E+21,8.98824E+15,4.76887E+16
52233,8.17081E+18,8,3,35,66,2017,8,22,7,2,0,1,1,0,0,0,0,2,0,5.09216E+20,5.28172E+21,9.12281E+15,4.76888E+16
52234,8.17081E+18,8,3,35,97,2017,8,12,7,3,2,6,0,1,0,0,0,0,0,4.87587E+20,5.2968E+21,8.83416E+15,4.78244E+16
52235,8.17081E+18,8,3,26,55,2017,8,17,7,3,5,2,0,1,0,0,0,0,0,4.435E+20,5.33299E+21,8.24041E+15,4.81477E+16
52236,8.17081E+18,8,2,37,28,2017,8,20,7,2,4,2,0,1,0,1,0,0,0,4.58306E+20,5.36769E+21,8.43603E+15,4.84609E+16
52237,8.17081E+18,8,2,37,28,2017,8,21,7,2,8,1,0,1,0,0,0,1,0,4.59136E+20,5.36619E+21,8.44739E+15,4.84475E+16
52238,8.17081E+18,8,3,17,89,2017,8,11,7,3,5,3,0,1,0,0,0,0,0,4.31303E+20,5.37623E+21,8.0694E+15,4.85354E+16
52239,8.17081E+18,8,2,15,105,2017,8,8,7,2,3,6,0,0,0,1,1,0,0,4.58415E+20,5.441E+21,8.43007E+15,4.91204E+16
52240,8.17081E+18,8,2,37,4,2017,8,18,7,3,4,6,0,1,0,0,0,0,0,4.54987E+20,5.38166E+21,8.38962E+15,4.85864E+16
52241,8.17081E+18,8,2,35,66,2017,8,15,7,3,2,6,0,1,0,1,0,0,0,4.65739E+20,5.38185E+21,8.5354E+15,4.85888E+16
52242,8.17081E+18,8,2,22,0,2017,8,16,4,3,9,6,0,1,0,0,0,0,0,4.67418E+20,5.47838E+21,8.55041E+15,4.94572E+16
52243,8.17081E+18,8,2,16,5,2017,8,18,4,2,2,6,0,0,0,0,1,0,0,4.48027E+20,5.41538E+21,8.291E+15,4.88892E+16
52244,8.17081E+18,8,2,36,62,2017,8,3,7,3,8,1,0,1,0,0,0,2,0,4.853E+20,5.40744E+21,8.79975E+15,4.88198E+16
52245,8.17081E+18,8,2,16,43,2017,8,23,4,3,3,6,0,1,0,0,1,2,1,4.42825E+20,5.40919E+21,8.22091E+15,4.8833E+16
52246,8.17081E+18,8,2,12,0,2017,8,10,4,3,5,3,1,1,0,0,0,0,0,4.59197E+20,5.42809E+21,8.44209E+15,4.90044E+16
52247,8.17081E+18,8,3,17,1,2017,8,22,4,3,8,6,0,1,0,0,0,2,1,4.30179E+20,5.39144E+21,8.05161E+15,4.86721E+16
52248,8.17081E+18,8,2,35,32,2017,8,9,4,2,4,2,0,0,0,1,1,0,0,4.75768E+20,5.37686E+21,8.67169E+15,4.85443E+16
52249,8.17081E+18,8,2,26,56,2017,8,10,4,3,2,6,0,1,0,0,0,0,0,4.84219E+20,5.47117E+21,8.78252E+15,4.9393E+16
52250,8.17081E+18,8,2,16,41,2017,8,22,4,3,8,7,0,1,0,0,0,2,1,4.32845E+20,5.39237E+21,8.08768E+15,4.86808E+16
52251,8.17081E+18,8,2,16,43,2017,8,13,4,3,5,2,0,1,0,0,1,0,0,4.39244E+20,5.4116E+21,8.17176E+15,4.88544E+16
52252,8.17081E+18,8,2,16,9,2017,8,20,4,3,2,2,0,1,0,1,0,1,1,4.46177E+20,5.42039E+21,8.2651E+15,4.89341E+16
52253,8.17081E+18,8,2,16,9,2017,8,7,4,2,5,2,0,1,0,0,0,0,0,4.46654E+20,5.41931E+21,8.27176E+15,4.89244E+16
52254,8.17081E+18,8,2,15,90,2017,8,15,4,3,5,3,0,1,0,0,0,0,0,4.64865E+20,5.43416E+21,8.51907E+15,4.90593E+16
52255,8.17081E+18,8,2,15,17,2017,8,19,4,3,5,3,1,1,0,0,0,0,0,4.53718E+20,5.42097E+21,8.368E+15,4.89399E+16
52256,8.17081E+18,8,2,11,0,2017,8,17,4,2,0,7,0,0,0,1,0,0,0,4.39634E+20,5.40641E+21,8.17783E+15,4.88077E+16
52257,8.17081E+18,8,3,17,126,2017,8,17,4,2,4,2,1,1,0,0,0,0,0,4.38712E+20,5.38063E+21,8.1691E+15,4.85758E+16
52258,8.17081E+18,8,1,15,42,2017,8,22,4,3,9,1,0,1,0,0,0,2,1,4.91477E+20,5.40798E+21,8.88388E+15,4.88247E+16
52259,8.17081E+18,8,1,11,0,2017,8,9,4,3,8,1,0,0,0,1,0,0,0,5.12254E+20,5.39458E+21,9.16655E+15,4.87041E+16
52260,8.17081E+18,8,1,18,11,2017,8,17,4,3,3,6,0,0,0,0,1,0,0,5.05541E+20,5.40742E+21,9.07548E+15,4.88197E+16
52261,8.17081E+18,8,1,28,7,2017,8,13,4,3,5,3,0,1,0,0,1,0,0,5.54381E+20,5.48503E+21,9.75128E+15,4.95154E+16
52262,8.17081E+18,8,1,28,6,2017,8,10,4,2,3,6,0,1,0,0,0,0,0,5.50293E+20,5.47741E+21,9.69384E+15,4.94473E+16
52263,8.17081E+18,8,2,21,0,2017,8,11,7,3,1,6,1,1,0,0,0,0,0,4.7779E+20,5.47296E+21,8.69384E+15,4.94089E+16
52264,8.17081E+18,8,1,27,91,2017,8,10,4,3,3,6,1,1,0,0,0,0,0,5.77515E+20,5.45177E+21,1.00644E+16,4.92138E+16
52265,8.17081E+18,8,1,25,6,2017,8,13,4,2,5,3,1,1,0,0,0,0,0,5.07375E+20,5.45419E+21,9.10132E+15,4.92404E+16
52266,8.17081E+18,8,1,25,107,2017,8,15,4,3,2,6,1,1,0,0,0,0,0,5.3591E+20,5.44017E+21,9.49207E+15,4.91133E+16
52267,8.17081E+18,8,1,25,78,2017,8,22,4,3,5,3,0,1,0,0,0,2,0,5.19504E+20,5.45394E+21,9.26794E+15,4.92379E+16
52268,8.17081E+18,8,1,19,24,2017,8,10,4,3,5,2,0,1,0,0,0,0,0,5.37576E+20,5.43348E+21,9.51428E+15,4.90531E+16
52269,8.17081E+18,8,2,15,106,2017,8,13,7,3,2,6,0,1,0,0,1,0,1,4.65787E+20,5.45106E+21,8.53024E+15,4.92114E+16
52270,8.17081E+18,8,2,16,43,2017,8,10,7,3,4,6,1,0,0,0,0,0,0,4.39733E+20,5.41397E+21,8.17808E+15,4.88757E+16
52271,8.17081E+18,8,1,26,47,2017,8,23,7,3,3,6,0,1,0,0,0,2,0,5.49532E+20,5.45024E+21,9.67997E+15,4.9203E+16
52272,8.17081E+18,8,1,15,45,2017,8,12,7,3,3,6,0,1,0,0,0,0,0,5.0023E+20,5.3934E+21,9.00312E+15,4.86936E+16
52273,8.17081E+18,8,1,18,70,2017,8,15,7,3,9,7,0,1,0,0,0,0,0,5.16813E+20,5.42549E+21,9.22978E+15,4.89821E+16
52274,8.17081E+18,8,1,17,15,2017,8,12,7,2,3,6,0,1,0,1,0,0,0,5.61086E+20,5.39286E+21,9.82996E+15,4.86858E+16
52275,8.17081E+18,8,1,18,79,2017,8,14,4,3,2,6,0,1,0,0,0,0,0,5.10496E+20,5.42451E+21,9.14342E+15,4.89734E+16
52276,8.17081E+18,8,1,35,26,2017,8,21,7,2,9,1,0,1,0,0,0,2,0,5.9172E+20,5.39618E+21,1.02468E+16,4.87119E+16
52277,8.17081E+18,8,1,28,64,2017,8,13,7,3,2,1,1,1,0,0,0,0,0,5.3786E+20,5.50205E+21,9.5247E+15,4.96698E+16
52278,8.17081E+18,8,1,28,7,2017,8,15,7,3,9,1,0,1,0,0,0,0,1,5.56002E+20,5.47925E+21,9.77285E+15,4.94633E+16
52279,8.17081E+18,8,1,17,26,2017,8,16,4,3,3,2,1,0,0,0,1,0,0,5.47193E+20,5.39502E+21,9.64146E+15,4.87064E+16
52280,8.17081E+18,8,1,17,7,2017,8,13,4,3,3,6,0,1,0,1,0,0,0,5.58106E+20,5.38324E+21,9.78812E+15,4.85996E+16
52281,8.17081E+18,8,1,15,21,2017,8,13,4,3,2,6,0,1,0,0,0,0,0,4.89153E+20,5.38467E+21,8.85283E+15,4.8615E+16
52282,8.17081E+18,8,1,15,2,2017,8,15,4,3,1,6,0,1,0,0,1,0,0,4.99949E+20,5.38671E+21,8.99931E+15,4.86335E+16
52283,8.17081E+18,8,1,15,45,2017,8,6,4,3,2,6,0,1,0,0,0,0,0,5.02333E+20,5.39404E+21,9.0317E+15,4.86994E+16
52284,8.17081E+18,8,1,11,0,2017,8,16,4,3,2,7,0,1,0,1,0,0,0,5.11112E+20,5.40192E+21,9.15123E+15,4.87702E+16
52285,8.17081E+18,8,1,11,0,2017,8,13,4,3,2,6,0,1,0,0,0,0,0,5.15216E+20,5.40545E+21,9.20722E+15,4.88019E+16
52286,8.17081E+18,8,1,11,0,2017,8,12,4,3,7,7,1,0,0,0,0,0,0,5.13079E+20,5.40212E+21,9.17801E+15,4.8772E+16
52287,8.17081E+18,8,4,37,100,2017,8,12,3,2,8,1,0,1,0,0,0,0,0,5.35481E+20,5.31556E+21,9.47558E+15,4.79923E+16
52288,8.17081E+18,8,4,36,64,2017,8,14,3,3,5,3,1,1,0,0,0,0,0,5.45541E+20,5.29258E+21,9.60799E+15,4.7785E+16
52289,8.17081E+18,8,4,26,21,2017,8,14,3,2,5,3,0,0,0,1,1,0,0,5.60542E+20,5.32574E+21,9.81289E+15,4.8082E+16
52290,8.17081E+18,8,4,21,0,2017,8,16,3,2,0,6,0,1,0,0,0,0,1,5.73302E+20,5.35759E+21,9.9897E+15,4.83673E+16
52291,8.17081E+18,8,4,25,31,2017,8,17,3,3,2,6,0,1,0,0,1,0,1,5.64499E+20,5.37391E+21,9.87338E+15,4.8515E+16
52292,8.17081E+18,8,4,17,25,2017,8,12,3,3,0,1,1,0,0,0,0,0,0,4.83483E+20,5.35739E+21,8.77698E+15,4.83695E+16
52293,8.17081E+18,8,4,16,36,2017,8,13,3,3,9,6,0,0,0,1,1,0,0,4.83958E+20,5.37069E+21,8.78288E+15,4.84892E+16
52294,8.17081E+18,8,4,15,61,2017,8,14,3,3,1,5,0,1,0,0,0,0,1,5.14571E+20,5.37172E+21,9.19724E+15,4.84985E+16
52295,8.17081E+18,8,4,15,19,2017,8,5,3,3,5,3,0,1,0,1,0,0,0,5.19174E+20,5.37023E+21,9.25948E+15,4.84849E+16
52296,8.17081E+18,8,4,15,85,2017,8,11,3,3,8,1,0,0,0,1,0,0,0,5.33665E+20,5.34356E+21,9.45344E+15,4.82443E+16
52297,8.17081E+18,8,3,36,69,2017,8,12,3,3,2,6,1,1,0,0,0,0,1,4.04646E+20,5.26781E+21,7.73254E+15,4.75567E+16
52298,8.17081E+18,8,3,35,79,2017,8,13,3,3,5,3,0,0,0,1,1,0,0,5.00401E+20,5.30074E+21,9.00536E+15,4.786E+16
52299,8.17081E+18,8,3,35,43,2017,8,8,3,3,6,4,0,1,1,0,0,0,0,5.13795E+20,5.28002E+21,9.18377E+15,4.76734E+16
52300,8.17081E+18,8,3,35,43,2017,8,10,3,3,6,4,0,1,1,0,0,0,0,5.15193E+20,5.28098E+21,9.20243E+15,4.7682E+16
52301,8.17081E+18,8,1,27,14,2017,8,14,7,2,0,1,0,0,0,1,0,0,0,5.83432E+20,5.44333E+21,1.01438E+16,4.91371E+16
52302,8.17081E+18,8,1,27,8,2017,8,18,7,1,8,1,0,0,0,1,0,0,1,5.6355E+20,5.4647E+21,9.87468E+15,4.93317E+16
52303,8.17081E+18,8,1,25,26,2017,8,17,7,2,0,1,0,1,0,0,0,0,1,4.87631E+20,5.4486E+21,8.83024E+15,4.91901E+16
52304,8.17081E+18,8,1,19,79,2017,8,8,7,3,3,6,0,1,0,0,0,0,0,5.25315E+20,5.40971E+21,9.345E+15,4.88399E+16
52305,8.17081E+18,8,1,19,67,2017,8,7,7,3,5,3,0,1,0,0,0,0,0,5.42647E+20,5.40301E+21,9.5805E+15,4.87786E+16
52306,8.17081E+18,8,1,19,67,2017,8,12,7,3,8,1,0,0,0,1,0,0,0,5.37502E+20,5.40292E+21,9.51046E+15,4.87782E+16
52307,8.17081E+18,8,4,36,12,2017,8,18,3,3,3,1,0,1,0,0,0,0,1,5.49688E+20,5.30124E+21,9.66434E+15,4.78626E+16
52308,8.17081E+18,8,4,35,16,2017,8,13,3,2,3,6,0,1,0,1,0,0,1,5.33812E+20,5.27837E+21,9.4503E+15,4.76579E+16
52309,8.17081E+18,8,1,19,8,2017,8,16,7,3,3,2,1,1,0,0,0,0,0,5.31319E+20,5.42181E+21,9.42775E+15,4.89484E+16
52310,8.17081E+18,8,3,27,49,2017,8,12,3,3,8,1,0,1,0,0,0,0,0,4.75665E+20,5.32756E+21,8.67313E+15,4.81008E+16
52311,8.17081E+18,8,3,26,12,2017,8,11,3,3,2,6,0,1,0,0,0,0,0,4.64303E+20,5.31147E+21,8.52187E+15,4.79555E+16
52312,8.17081E+18,8,1,19,8,2017,8,9,7,2,5,2,1,1,0,0,0,0,0,5.32357E+20,5.41994E+21,9.44178E+15,4.89315E+16
52313,8.17081E+18,8,3,25,45,2017,8,21,3,3,4,6,0,1,0,0,0,2,0,4.68899E+20,5.34949E+21,8.58066E+15,4.82978E+16
52314,8.17081E+18,8,3,17,88,2017,8,23,3,2,8,1,0,0,0,1,0,2,0,4.34975E+20,5.35791E+21,8.12199E+15,4.8371E+16
52315,8.17081E+18,8,1,19,18,2017,8,17,7,1,5,3,1,1,0,0,0,0,0,5.28067E+20,5.41905E+21,9.38314E+15,4.89237E+16
52316,8.17081E+18,8,3,17,65,2017,8,13,3,3,0,7,1,0,0,0,0,0,0,4.15511E+20,5.35238E+21,7.86032E+15,4.83189E+16
52317,8.17081E+18,8,3,15,41,2017,8,11,3,3,2,6,0,1,0,0,0,0,0,4.19471E+20,5.32308E+21,7.91929E+15,4.80559E+16
52318,8.17081E+18,8,1,18,76,2017,8,13,7,3,8,7,0,0,0,1,0,0,0,4.9132E+20,5.43185E+21,8.88123E+15,4.90395E+16
52319,8.17081E+18,8,3,15,59,2017,8,12,3,3,1,7,0,0,0,1,1,0,0,3.99172E+20,5.32206E+21,7.64718E+15,4.80439E+16
52320,8.17081E+18,8,2,35,85,2017,8,10,3,3,3,6,0,1,0,0,0,0,0,4.75453E+20,5.39715E+21,8.66622E+15,4.87269E+16
52321,8.17081E+18,8,2,21,0,2017,8,21,3,3,5,2,0,1,0,0,0,1,1,4.75447E+20,5.47075E+21,8.66168E+15,4.9389E+16
52322,8.17081E+18,8,1,18,60,2017,8,18,7,3,5,7,0,1,0,0,0,0,0,5.24981E+20,5.43147E+21,9.34179E+15,4.90356E+16
52323,8.17081E+18,8,1,18,27,2017,8,8,7,3,0,7,1,0,0,0,0,0,0,5.03832E+20,5.41175E+21,9.05225E+15,4.88587E+16
52324,8.17081E+18,8,1,18,79,2017,8,21,7,3,9,7,0,0,0,1,0,2,0,5.11295E+20,5.42141E+21,9.15426E+15,4.89455E+16
52325,8.17081E+18,8,1,16,33,2017,8,13,7,3,5,3,1,1,0,0,0,0,0,5.31529E+20,5.38925E+21,9.42812E+15,4.86555E+16
52326,8.17081E+18,8,2,21,0,2017,8,6,3,3,3,6,0,1,0,0,1,1,0,4.76516E+20,5.47306E+21,8.67627E+15,4.94097E+16
52327,8.17081E+18,8,2,16,43,2017,8,11,3,3,5,3,1,1,0,0,0,0,0,4.43489E+20,5.4097E+21,8.22988E+15,4.88377E+16
52328,8.17081E+18,8,2,15,66,2017,8,6,3,3,8,1,0,1,0,0,0,0,0,4.58304E+20,5.45128E+21,8.42749E+15,4.92129E+16
52329,8.17081E+18,8,1,16,19,2017,8,14,7,3,5,3,0,1,0,0,0,0,0,5.23214E+20,5.39822E+21,9.31572E+15,4.87366E+16
52330,8.17081E+18,8,2,15,17,2017,8,8,3,3,1,6,0,1,0,0,0,0,0,4.5654E+20,5.42308E+21,8.40631E+15,4.89591E+16
52331,8.17081E+18,8,2,11,0,2017,8,20,3,3,5,3,0,1,0,1,0,1,0,4.42038E+20,5.39963E+21,8.21153E+15,4.8747E+16
52332,8.17081E+18,8,1,18,11,2017,8,8,3,3,2,6,0,1,0,0,0,0,0,5.05913E+20,5.40799E+21,9.08057E+15,4.88249E+16
52333,8.17081E+18,8,1,15,50,2017,8,19,3,1,8,1,0,0,0,1,0,0,0,4.88743E+20,5.40341E+21,8.84676E+15,4.87836E+16
52334,8.17081E+18,8,1,36,65,2017,8,18,3,3,9,1,0,1,0,0,0,0,1,5.55808E+20,5.40468E+21,9.75985E+15,4.87926E+16
52335,8.17081E+18,8,1,36,71,2017,8,16,3,3,5,2,0,1,0,0,1,0,0,5.98219E+20,5.42519E+21,1.03421E+16,4.89719E+16
52336,8.17081E+18,8,1,28,128,2017,8,9,3,3,0,6,0,1,0,0,1,0,0,5.46879E+20,5.50136E+21,9.64959E+15,4.9663E+16
52337,8.17081E+18,8,1,28,126,2017,8,11,3,3,3,6,1,0,0,0,0,0,0,5.63262E+20,5.48024E+21,9.8732E+15,4.94715E+16
52338,8.17081E+18,8,1,27,101,2017,8,18,3,2,5,3,0,1,0,0,0,0,0,5.88649E+20,5.44328E+21,1.02153E+16,4.91359E+16
52339,8.17081E+18,8,1,27,14,2017,8,15,3,2,5,3,0,0,0,1,1,0,0,5.77126E+20,5.44393E+21,1.00575E+16,4.91434E+16
52340,8.17081E+18,8,1,25,94,2017,8,21,3,2,8,1,0,1,0,0,0,2,0,5.15712E+20,5.43738E+21,9.21519E+15,4.90891E+16
52341,8.17081E+18,8,1,25,107,2017,8,15,3,3,8,1,0,0,0,1,0,0,0,5.31431E+20,5.43878E+21,9.43059E+15,4.91011E+16
52342,8.17081E+18,8,1,25,47,2017,8,17,3,3,4,2,0,1,0,0,1,0,0,4.95025E+20,5.4507E+21,8.9317E+15,4.92091E+16
52343,8.17081E+18,8,1,19,6,2017,8,11,3,3,4,6,0,1,0,1,0,0,0,5.36311E+20,5.42018E+21,9.49578E+15,4.89335E+16
52344,8.17081E+18,8,1,18,54,2017,8,16,3,3,2,6,0,1,0,0,0,0,0,5.18385E+20,5.42187E+21,9.2511E+15,4.89495E+16
52345,8.17081E+18,8,1,17,51,2017,8,7,3,3,5,3,1,1,0,0,0,0,0,5.42399E+20,5.39529E+21,9.57633E+15,4.87092E+16
52346,8.17081E+18,8,1,17,26,2017,8,17,3,2,9,1,0,1,0,0,0,0,1,5.48032E+20,5.39664E+21,9.65306E+15,4.87209E+16
52347,8.17081E+18,8,1,11,0,2017,8,14,7,3,0,6,0,1,0,0,0,0,0,5.13869E+20,5.4035E+21,9.1888E+15,4.87844E+16
52348,8.1708E+18,8,4,36,81,2017,8,20,6,2,8,7,0,1,0,0,0,0,0,5.56209E+20,5.27702E+21,9.74839E+15,4.76441E+16
52349,8.1708E+18,8,4,36,81,2017,8,15,6,3,2,6,0,1,0,0,0,0,0,5.61871E+20,5.28298E+21,9.82461E+15,4.76973E+16
52350,8.1708E+18,8,4,37,8,2017,8,14,6,3,5,3,1,0,0,0,1,0,0,5.20488E+20,5.32846E+21,9.27523E+15,4.81091E+16
52351,8.1708E+18,8,4,26,121,2017,8,22,6,3,8,7,0,1,0,0,0,2,0,5.38118E+20,5.33341E+21,9.51251E+15,4.81528E+16
52352,8.1708E+18,8,4,25,81,2017,8,17,6,3,2,6,0,1,0,0,0,0,0,5.47382E+20,5.34477E+21,9.63833E+15,4.82543E+16
52353,8.1708E+18,8,4,17,57,2017,8,16,6,3,2,6,0,1,0,0,1,0,1,4.81752E+20,5.33951E+21,8.75438E+15,4.82085E+16
52354,8.1708E+18,8,4,17,79,2017,8,13,6,3,0,7,1,0,0,0,1,0,0,5.01056E+20,5.34476E+21,9.01422E+15,4.8256E+16
52355,8.1708E+18,8,4,15,89,2017,8,14,6,3,4,6,0,1,0,1,0,0,0,5.22878E+20,5.35879E+21,9.30898E+15,4.83818E+16
52356,8.1708E+18,8,4,15,61,2017,8,18,6,3,3,6,0,1,0,1,0,0,0,5.16466E+20,5.3702E+21,9.22283E+15,4.84847E+16
52357,8.1708E+18,8,3,11,0,2017,8,14,6,3,2,6,0,1,0,0,1,0,0,4.11343E+20,5.32223E+21,7.8104E+15,4.80472E+16