OBJECTID,UIDENTSTLA,ULAND,UREGBEZ,UKREIS,UGEMEINDE,UJAHR,UMONAT,USTUNDE,UWOCHENTAG,UKATEGORIE,UART,UTYP1,IstRad,IstPKW,IstFuss,IstKrad,IstSonstig,LICHT,STRZUSTAND,LINREFX,LINREFY,XGCSWGS84,YGCSWGS84
52358,8.1708E+18,8,3,37,76,2017,8,15,6,3,4,6,0,1,0,0,1,0,0,4.25848E+20,5.26784E+21,8.0143E+15,4.75597E+16
52359,8.17081E+18,8,1,17,26,2017,8,15,3,3,4,6,1,0,0,0,0,0,1,5.4626E+20,5.39551E+21,9.62884E+15,4.87109E+16
52360,8.17081E+18,8,1,17,26,2017,8,14,3,3,2,6,0,1,0,0,0,0,0,5.49394E+20,5.39346E+21,9.67119E+15,4.86922E+16
52361,8.17081E+18,8,1,16,71,2017,8,18,3,3,5,2,1,1,0,0,0,0,0,5.27771E+20,5.3912E+21,9.37722E+15,4.86732E+16
52362,8.1708E+18,8,3,36,50,2017,8,15,6,3,0,7,1,0,0,0,0,0,0,3.98778E+20,5.27331E+21,7.65329E+15,4.76053E+16
52363,8.17081E+18,8,1,16,77,2017,8,19,3,3,2,6,0,1,0,1,0,0,0,5.1756E+20,5.39122E+21,9.23852E+15,4.86737E+16
52364,8.17081E+18,8,1,15,28,2017,8,10,3,3,2,6,0,1,0,0,0,0,0,4.9856E+20,5.40374E+21,8.9804E+15,4.87866E+16
52365,8.1708E+18,8,3,35,2,2017,8,9,6,3,5,3,1,1,0,0,0,0,0,5.05179E+20,5.28458E+21,9.06905E+15,4.77146E+16
52366,8.17081E+18,8,1,15,53,2017,8,17,3,3,5,3,0,1,0,0,0,0,0,4.83578E+20,5.38008E+21,8.77737E+15,4.85736E+16
52367,8.17081E+18,8,1,15,13,2017,8,7,3,3,0,7,1,1,0,0,0,0,0,4.95165E+20,5.3895E+21,8.93434E+15,4.86586E+16
52368,8.1708E+18,8,3,26,74,2017,8,20,6,3,5,3,1,1,0,0,0,0,0,4.59568E+20,5.32262E+21,8.4574E+15,4.80556E+16
52369,8.17081E+18,8,1,11,0,2017,8,8,3,3,0,5,0,1,0,1,0,0,0,5.15402E+20,5.40326E+21,9.20966E+15,4.87821E+16
52370,8.17081E+18,8,1,11,0,2017,8,12,3,3,3,6,0,1,0,0,1,0,0,5.13019E+20,5.40318E+21,9.17722E+15,4.87815E+16
52371,8.17081E+18,8,1,11,0,2017,8,14,3,3,5,3,1,1,0,0,0,0,0,5.1433E+20,5.40602E+21,9.19517E+15,4.8807E+16
52372,8.17081E+18,8,1,11,0,2017,8,12,3,3,2,6,0,1,0,0,0,0,1,5.12499E+20,5.39963E+21,9.17004E+15,4.87496E+16
52373,8.17081E+18,8,4,35,16,2017,8,21,2,2,0,1,1,0,0,0,0,2,0,5.36344E+20,5.27799E+21,9.48399E+15,4.76543E+16
52374,8.17081E+18,8,4,36,11,2017,8,7,2,3,2,2,0,0,0,0,1,0,0,5.53584E+20,5.29959E+21,9.71623E+15,4.78474E+16
52375,8.17081E+18,8,4,37,53,2017,8,13,2,2,3,2,1,1,0,0,0,0,0,5.30125E+20,5.31759E+21,9.40392E+15,4.80109E+16
52376,8.17081E+18,8,4,26,1,2017,8,16,2,2,4,2,0,1,0,1,0,0,0,5.67511E+20,5.34559E+21,9.90961E+15,4.82599E+16
52377,8.17081E+18,8,4,26,108,2017,8,6,2,3,5,3,1,1,0,0,0,0,0,5.7575E+20,5.34201E+21,1.002E+16,4.82268E+16
52378,8.17081E+18,8,4,25,66,2017,8,15,2,2,4,6,0,1,0,0,0,0,0,5.77553E+20,5.34813E+21,1.00454E+16,4.82816E+16
52379,8.17081E+18,8,4,16,48,2017,8,22,2,3,0,1,0,0,0,1,0,2,0,4.95004E+20,5.3751E+21,8.93233E+15,4.8529E+16
52380,8.17081E+18,8,4,15,61,2017,8,9,2,2,0,1,1,0,0,0,0,0,0,5.15083E+20,5.37686E+21,9.20436E+15,4.85446E+16
52381,8.17081E+18,8,3,37,106,2017,8,13,2,3,4,6,0,1,0,0,1,0,0,4.56725E+20,5.28469E+21,8.42306E+15,4.77141E+16
52382,8.17081E+18,8,3,36,81,2017,8,15,2,2,8,1,0,0,0,1,0,0,0,4.16888E+20,5.28216E+21,7.8925E+15,4.76875E+16
52383,8.17081E+18,8,3,36,81,2017,8,9,2,3,4,6,0,1,0,0,0,0,0,4.17386E+20,5.28325E+21,7.89892E+15,4.76974E+16
52384,8.1708E+18,8,3,26,31,2017,8,8,6,3,0,1,1,0,0,0,0,0,0,4.56398E+20,5.33153E+21,8.41395E+15,4.81355E+16
52385,8.17082E+18,8,1,28,7,2017,8,9,6,3,2,6,0,1,0,0,1,0,0,5.54513E+20,5.48394E+21,9.75296E+15,4.95057E+16
52386,8.17082E+18,8,1,28,7,2017,8,17,6,3,5,3,0,1,0,1,0,0,0,5.55905E+20,5.48075E+21,9.77172E+15,4.94768E+16
52387,8.17082E+18,8,2,25,114,2017,8,15,6,2,2,1,0,1,0,0,1,0,0,5.34705E+20,5.47401E+21,9.4785E+15,4.94178E+16
52388,8.17082E+18,8,1,27,14,2017,8,7,6,3,2,6,1,1,0,0,0,0,0,5.78255E+20,5.44286E+21,1.00728E+16,4.91336E+16
52389,8.17082E+18,8,1,25,34,2017,8,17,6,2,4,1,0,1,0,1,0,0,1,4.95846E+20,5.44492E+21,8.94302E+15,4.91571E+16
52390,8.17082E+18,8,1,25,78,2017,8,8,6,3,1,6,0,1,0,0,1,0,0,5.20557E+20,5.45392E+21,9.2824E+15,4.92377E+16
52391,8.17082E+18,8,1,21,0,2017,8,16,6,3,0,7,0,0,0,1,1,0,1,5.17291E+20,5.44578E+21,9.23719E+15,4.91646E+16
52392,8.17082E+18,8,1,19,20,2017,8,18,6,3,5,3,0,1,0,0,0,0,1,5.21429E+20,5.40587E+21,9.29184E+15,4.88055E+16
52393,8.17082E+18,8,1,19,4,2017,8,22,6,3,9,1,0,1,0,0,0,2,1,5.3914E+20,5.42146E+21,9.53453E+15,4.89448E+16
52394,8.17082E+18,8,1,18,60,2017,8,7,6,3,5,3,0,1,0,0,0,1,0,5.23518E+20,5.4302E+21,9.3217E+15,4.90242E+16
52395,8.17082E+18,8,1,18,63,2017,8,16,6,2,6,4,0,1,1,0,0,0,0,5.15132E+20,5.42303E+21,9.20672E+15,4.896E+16
52396,8.17082E+18,8,1,17,28,2017,8,14,6,2,1,6,0,1,0,0,0,0,0,5.47943E+20,5.38218E+21,9.65017E+15,4.85908E+16
52397,8.17082E+18,8,1,16,77,2017,8,21,6,3,5,3,0,1,0,1,0,1,1,5.17502E+20,5.39143E+21,9.23775E+15,4.86756E+16
52398,8.17082E+18,8,1,16,19,2017,8,10,6,3,2,6,0,1,0,0,0,0,0,5.22709E+20,5.39845E+21,9.30886E+15,4.87387E+16
52399,8.17082E+18,8,1,16,79,2017,8,20,6,3,9,1,0,1,0,0,0,1,1,5.37992E+20,5.37557E+21,9.51462E+15,4.85321E+16
52400,8.17082E+18,8,1,15,34,2017,8,11,6,2,0,7,1,0,0,0,0,0,0,4.85285E+20,5.37511E+21,8.80069E+15,4.85289E+16
52401,8.17082E+18,8,1,11,0,2017,8,13,6,3,5,2,0,1,0,0,0,0,0,5.11448E+20,5.4107E+21,9.15605E+15,4.88492E+16
52402,8.17082E+18,8,1,11,0,2017,8,16,6,3,2,6,0,1,0,0,0,0,0,5.16646E+20,5.40708E+21,9.22675E+15,4.88165E+16
52403,8.17082E+18,8,1,11,0,2017,8,20,6,3,4,6,0,1,0,0,1,1,1,5.14141E+20,5.40297E+21,9.19249E+15,4.87796E+16
52404,8.17082E+18,8,1,11,0,2017,8,6,6,3,5,2,0,1,0,1,0,0,0,5.10548E+20,5.40908E+21,9.14374E+15,4.88346E+16
52405,8.17082E+18,8,1,11,0,2017,8,23,6,3,2,6,0,1,0,0,0,2,1,5.12111E+20,5.40848E+21,9.16501E+15,4.88292E+16
52406,8.17082E+18,8,1,11,0,2017,8,6,6,3,2,6,0,1,0,0,0,0,0,5.19181E+20,5.40024E+21,9.26097E+15,4.87549E+16
52407,8.17082E+18,8,1,11,0,2017,8,7,6,3,2,6,0,1,0,0,0,0,0,5.14882E+20,5.40475E+21,9.20264E+15,4.87955E+16
52408,8.17082E+18,8,4,36,87,2017,8,8,5,3,2,6,0,1,0,0,0,0,0,5.42549E+20,5.30521E+21,9.56929E+15,4.78988E+16
52409,8.17082E+18,8,4,37,88,2017,8,16,5,2,5,3,0,1,0,0,0,0,0,5.21873E+20,5.30799E+21,9.2928E+15,4.79248E+16
52410,8.17082E+18,8,4,26,14,2017,8,6,5,3,5,3,1,1,0,0,0,0,0,5.48236E+20,5.3191E+21,9.64692E+15,4.80234E+16
52411,8.17082E+18,8,4,17,25,2017,8,10,5,3,9,7,0,1,0,0,0,0,0,4.86619E+20,5.35511E+21,8.8194E+15,4.8349E+16
52412,8.17082E+18,8,4,17,79,2017,8,14,5,3,2,6,0,1,0,0,0,0,0,4.96959E+20,5.34007E+21,8.95907E+15,4.82139E+16
52413,8.17082E+18,8,4,16,36,2017,8,17,5,2,3,6,0,1,0,0,0,0,0,4.91867E+20,5.37229E+21,8.8899E+15,4.85037E+16
52414,8.17082E+18,8,4,15,61,2017,8,11,5,2,2,6,0,1,0,0,0,0,0,5.1814E+20,5.37362E+21,9.24564E+15,4.85155E+16
52415,8.17082E+18,8,4,15,61,2017,8,15,5,3,2,6,0,1,0,0,0,0,0,5.14299E+20,5.37108E+21,9.19354E+15,4.84927E+16
52416,8.17082E+18,8,4,15,59,2017,8,14,5,3,0,1,1,0,0,0,0,0,0,5.16731E+20,5.37008E+21,9.22642E+15,4.84836E+16
52417,8.17082E+18,8,3,37,118,2017,8,18,5,2,2,6,0,1,0,0,0,0,0,4.41023E+20,5.28191E+21,8.2141E+15,4.76879E+16
52418,8.17082E+18,8,3,37,116,2017,8,18,5,3,6,4,0,0,1,0,1,0,0,4.17733E+20,5.27536E+21,7.90504E+15,4.76265E+16
52419,8.17082E+18,8,3,37,116,2017,8,11,5,3,5,3,0,1,0,0,1,0,0,4.17931E+20,5.27082E+21,7.90852E+15,4.75856E+16
52420,8.17082E+18,8,3,37,116,2017,8,12,5,3,8,1,0,1,0,0,0,0,0,4.20019E+20,5.2741E+21,7.93568E+15,4.76154E+16
52421,8.17082E+18,8,3,36,79,2017,8,14,5,3,2,6,0,1,0,0,0,0,0,4.1775E+20,5.29388E+21,7.90177E+15,4.77931E+16
52422,8.17082E+18,8,3,36,84,2017,8,17,5,3,2,6,0,1,0,0,0,0,0,4.06442E+20,5.27731E+21,7.75437E+15,4.76424E+16
52423,8.17082E+18,8,3,35,2,2017,8,14,5,3,7,7,1,0,1,0,0,0,0,5.03952E+20,5.28526E+21,9.05269E+15,4.77207E+16
52424,8.17082E+18,8,3,35,97,2017,8,12,5,3,2,6,0,1,0,0,0,0,0,4.88278E+20,5.29619E+21,8.84341E+15,4.7819E+16
52425,8.17082E+18,8,2,37,54,2017,8,15,5,2,4,6,0,0,0,1,0,0,0,4.63835E+20,5.37545E+21,8.51014E+15,4.85311E+16
52426,8.17082E+18,8,3,25,45,2017,8,11,5,3,0,3,0,1,0,1,0,0,0,4.68689E+20,5.34911E+21,8.57784E+15,4.82944E+16
52427,8.17082E+18,8,3,17,145,2017,8,2,5,3,8,1,0,1,0,0,0,2,0,4.45337E+20,5.34891E+21,8.26305E+15,4.8291E+16
52428,8.17082E+18,8,3,17,114,2017,8,9,5,3,2,6,0,1,0,0,0,0,0,4.05547E+20,5.34584E+21,7.72741E+15,4.82587E+16
52429,8.17082E+18,8,3,17,75,2017,8,6,5,2,4,7,0,1,0,0,0,0,0,4.11531E+20,5.36085E+21,7.80486E+15,4.83946E+16
52430,8.17082E+18,8,3,16,11,2017,8,21,5,3,6,4,0,1,1,0,0,1,0,4.13617E+20,5.33051E+21,7.83923E+15,4.8122E+16
52431,8.17082E+18,8,3,15,4,2017,8,5,5,2,2,6,0,1,0,1,0,2,0,3.94136E+20,5.29299E+21,7.58677E+15,4.77815E+16
52432,8.17082E+18,8,2,26,31,2017,8,13,5,2,1,6,0,1,0,0,0,0,0,4.73375E+20,5.49357E+21,8.63158E+15,4.95941E+16
52433,8.17082E+18,8,2,16,5,2017,8,14,5,2,2,6,0,0,0,0,1,0,0,4.46675E+20,5.4147E+21,8.27265E+15,4.8883E+16
52434,8.17082E+18,8,2,15,9,2017,8,18,5,2,9,6,0,1,0,0,0,0,0,4.73731E+20,5.4394E+21,8.64008E+15,4.91069E+16
52435,8.17082E+18,8,2,15,17,2017,8,20,5,3,2,6,0,1,0,0,0,0,0,4.53246E+20,5.42062E+21,8.36158E+15,4.89368E+16
52436,8.17082E+18,8,2,35,33,2017,8,17,5,2,8,6,0,0,0,1,0,0,0,4.60547E+20,5.40561E+21,8.46272E+15,4.88022E+16
52437,8.17082E+18,8,2,35,84,2017,8,13,5,3,5,3,1,1,0,0,0,0,0,4.79739E+20,5.3918E+21,8.72476E+15,4.86789E+16
52438,8.17082E+18,8,2,26,3,2017,8,17,5,3,2,6,0,1,0,0,1,0,0,4.60749E+20,5.46313E+21,8.4599E+15,4.93197E+16
52439,8.17082E+18,8,2,25,109,2017,8,22,5,3,4,1,0,1,0,0,1,2,0,5.27605E+20,5.49232E+21,9.38189E+15,4.95828E+16
52440,8.17082E+18,8,2,16,63,2017,8,19,5,3,0,1,1,0,0,0,0,0,0,4.29656E+20,5.39958E+21,8.04313E+15,4.87452E+16
52441,8.17082E+18,8,2,15,109,2017,8,19,5,2,4,2,0,1,0,0,0,0,0,4.63069E+20,5.43983E+21,8.49396E+15,4.91102E+16
52442,8.17082E+18,8,2,12,0,2017,8,11,5,3,0,7,0,0,0,1,1,0,1,4.54753E+20,5.42676E+21,8.38148E+15,4.89921E+16
52443,8.17082E+18,8,2,12,0,2017,8,18,5,3,2,6,0,1,0,0,0,0,0,4.54789E+20,5.42826E+21,8.38181E+15,4.90055E+16
52444,8.17082E+18,8,2,12,0,2017,8,12,5,3,1,6,0,1,0,0,0,0,0,4.52699E+20,5.42942E+21,8.35309E+15,4.90158E+16
52445,8.17082E+18,8,2,12,0,2017,8,14,5,3,5,2,1,1,0,0,0,0,0,4.59089E+20,5.42874E+21,8.44055E+15,4.90102E+16
52446,8.17082E+18,8,2,11,0,2017,8,10,5,3,3,6,1,0,0,0,0,0,0,4.43499E+20,5.40203E+21,8.23107E+15,4.87687E+16
52447,8.17082E+18,8,2,16,22,2017,8,16,5,2,5,2,0,0,0,1,1,0,0,4.3576E+20,5.40593E+21,8.12515E+15,4.8803E+16
52448,8.17082E+18,8,2,16,43,2017,8,14,5,3,2,6,0,1,0,0,0,0,0,4.44572E+20,5.41221E+21,8.24429E+15,4.88604E+16
52449,8.17082E+18,8,2,16,9,2017,8,7,5,1,4,6,0,0,0,0,1,0,0,4.47392E+20,5.42047E+21,8.28168E+15,4.89349E+16
52450,8.17082E+18,8,1,26,11,2017,8,17,5,3,2,6,0,1,0,0,1,0,0,5.31226E+20,5.44919E+21,9.42859E+15,4.91947E+16
52451,8.17082E+18,8,1,16,15,2017,8,22,5,2,3,6,0,1,0,0,0,2,0,5.23805E+20,5.39249E+21,9.32343E+15,4.8685E+16
52452,8.17082E+18,8,1,11,0,2017,8,14,5,3,2,6,0,1,0,0,1,0,0,5.169E+20,5.39354E+21,9.22966E+15,4.86947E+16
52453,8.17082E+18,8,1,28,139,2017,8,11,5,3,5,3,0,1,0,0,0,0,0,5.51091E+20,5.49002E+21,9.70648E+15,4.95606E+16
52454,8.17082E+18,8,1,28,126,2017,8,18,5,2,9,1,0,1,0,0,0,0,0,5.64794E+20,5.48163E+21,9.89456E+15,4.94839E+16
52455,8.17082E+18,8,1,27,9,2017,8,15,5,3,0,1,0,0,0,0,1,0,0,5.56468E+20,5.45312E+21,9.77558E+15,4.92282E+16
52456,8.17082E+18,8,1,26,86,2017,8,20,5,3,2,6,0,1,0,0,0,1,0,5.43631E+20,5.46009E+21,9.60004E+15,4.9292E+16
52457,8.17082E+18,8,2,25,58,2017,8,9,5,2,5,3,1,1,0,0,0,0,0,5.0741E+20,5.47144E+21,9.10212E+15,4.93956E+16
52458,8.17082E+18,8,1,25,65,2017,8,8,5,3,1,6,0,1,0,0,0,0,0,5.16986E+20,5.45021E+21,9.23319E+15,4.92045E+16
52459,8.17082E+18,8,1,21,0,2017,8,14,5,3,5,2,1,1,0,0,0,0,0,5.15395E+20,5.44633E+21,9.2112E+15,4.91696E+16
52460,8.17082E+18,8,1,19,79,2017,8,12,5,3,9,1,0,1,0,0,0,0,1,5.24261E+20,5.40741E+21,9.3305E+15,4.88192E+16
52461,8.17082E+18,8,1,18,63,2017,8,16,5,3,5,3,1,1,0,0,0,0,0,5.14625E+20,5.42297E+21,9.19979E+15,4.89595E+16
52462,8.17082E+18,8,1,18,63,2017,8,12,5,3,5,3,0,1,0,0,0,0,0,5.15708E+20,5.42296E+21,9.21458E+15,4.89594E+16
52463,8.17082E+18,8,1,17,19,2017,8,0,5,2,9,1,0,0,0,1,0,2,0,5.53432E+20,5.39308E+21,9.72601E+15,4.86884E+16
52464,8.17082E+18,8,1,17,42,2017,8,3,5,2,9,1,0,0,0,1,0,2,0,5.53437E+20,5.39308E+21,9.72607E+15,4.86884E+16
52465,8.17082E+18,8,1,15,45,2017,8,11,5,3,2,6,0,1,0,0,0,0,0,5.00142E+20,5.39447E+21,9.00193E+15,4.87033E+16
52466,8.17082E+18,8,1,15,34,2017,8,23,5,3,4,6,0,1,0,0,0,2,0,4.82492E+20,5.37645E+21,8.7628E+15,4.85409E+16
52467,8.17082E+18,8,1,11,0,2017,8,22,5,3,3,6,0,1,0,0,1,2,0,5.15704E+20,5.40485E+21,9.21383E+15,4.87965E+16
52468,8.17082E+18,8,1,11,0,2017,8,19,5,3,2,6,0,1,0,0,0,0,0,5.08479E+20,5.40024E+21,9.11536E+15,4.87551E+16
52469,8.17082E+18,8,4,36,12,2017,8,7,4,3,5,3,0,1,0,0,0,0,0,5.47775E+20,5.29995E+21,9.63861E+15,4.78512E+16
52470,8.17082E+18,8,4,35,36,2017,8,8,4,3,5,3,1,0,0,0,1,0,0,5.20206E+20,5.28321E+21,9.26932E+15,4.77019E+16
52471,8.17082E+18,8,4,35,35,2017,8,14,4,3,0,3,1,0,0,0,1,0,0,5.41354E+20,5.28101E+21,9.551E+15,4.76811E+16
52472,8.17082E+18,8,4,35,34,2017,8,14,4,2,8,1,0,0,0,1,0,0,0,5.30469E+20,5.28632E+21,9.40634E+15,4.77296E+16
52473,8.17082E+18,8,4,26,21,2017,8,16,4,2,0,1,0,0,0,1,0,0,0,5.58855E+20,5.32866E+21,9.79066E+15,4.81085E+16
52474,8.17082E+18,8,4,15,61,2017,8,14,4,3,5,2,0,1,0,1,0,0,0,5.14836E+20,5.37558E+21,9.20097E+15,4.85331E+16
52475,8.17082E+18,8,1,11,0,2017,8,15,4,3,5,3,1,1,0,0,0,0,0,5.15522E+20,5.40579E+21,9.2114E+15,4.88049E+16
52476,8.17082E+18,8,4,37,59,2017,8,16,3,3,0,1,1,0,0,0,0,0,0,5.10865E+20,5.323E+21,9.14583E+15,4.80602E+16
52477,8.17082E+18,8,4,36,85,2017,8,11,3,3,8,1,0,1,0,0,0,0,0,5.60302E+20,5.29675E+21,9.80561E+15,4.78213E+16
52478,8.17082E+18,8,4,35,36,2017,8,10,3,3,0,1,0,0,0,1,0,0,0,5.19946E+20,5.28249E+21,9.26583E+15,4.76955E+16
52479,8.17082E+18,8,4,35,30,2017,8,15,3,3,0,7,0,1,0,0,0,0,0,5.40506E+20,5.27203E+21,9.53886E+15,4.76004E+16
52480,8.17082E+18,8,4,35,13,2017,8,12,3,3,9,7,0,0,0,1,0,0,0,5.40925E+20,5.27511E+21,9.54473E+15,4.76281E+16
52481,8.17082E+18,8,4,16,41,2017,8,15,4,3,2,6,0,1,0,1,1,0,0,5.04577E+20,5.37367E+21,9.06198E+15,4.85161E+16
52482,8.17082E+18,8,4,15,61,2017,8,7,4,3,5,3,0,1,0,0,0,0,1,5.14845E+20,5.37377E+21,9.20103E+15,4.85169E+16
52483,8.17082E+18,8,4,15,61,2017,8,13,4,3,3,2,0,0,0,0,1,0,0,5.11708E+20,5.36407E+21,9.15828E+15,4.84297E+16
52484,8.17082E+18,8,3,36,105,2017,8,15,4,3,0,6,1,0,0,0,0,0,0,4.02798E+20,5.26671E+21,7.70822E+15,4.75466E+16
52485,8.17082E+18,8,3,35,43,2017,8,14,4,3,5,3,0,1,0,0,0,0,0,5.13795E+20,5.28001E+21,9.18377E+15,4.76733E+16
52486,8.17082E+18,8,4,35,57,2017,8,11,4,2,5,2,0,1,0,1,0,0,0,5.45195E+20,5.27512E+21,9.60156E+15,4.76279E+16
52487,8.17082E+18,8,3,26,52,2017,8,2,4,3,5,3,0,1,0,0,0,2,1,4.54789E+20,5.32999E+21,8.39249E+15,4.81216E+16
52488,8.17082E+18,8,4,17,2,2017,8,5,4,1,4,6,0,1,0,0,0,1,0,4.87222E+20,5.34434E+21,8.82786E+15,4.82521E+16
52489,8.17082E+18,8,3,17,145,2017,8,5,4,3,2,6,0,1,0,0,0,1,1,4.41851E+20,5.34876E+21,8.21608E+15,4.82894E+16
52490,8.17082E+18,8,3,17,57,2017,8,16,4,3,5,3,0,1,0,0,0,0,0,4.15817E+20,5.37995E+21,7.8589E+15,4.8567E+16
52491,8.17082E+18,8,3,15,15,2017,8,13,4,3,5,3,0,1,0,0,0,0,0,3.94773E+20,5.32015E+21,7.58864E+15,4.8026E+16
52492,8.17082E+18,8,3,15,47,2017,8,8,4,3,1,7,0,1,0,0,0,0,0,4.14934E+20,5.32136E+21,7.85875E+15,4.80399E+16
52493,8.17082E+18,8,3,11,0,2017,8,10,4,3,5,3,1,1,0,0,0,0,0,4.09795E+20,5.31646E+21,7.79085E+15,4.79951E+16
52494,8.17082E+18,8,2,15,102,2017,8,23,4,2,9,1,0,1,0,0,0,2,0,4.55093E+20,5.43982E+21,8.38469E+15,4.91096E+16
52495,8.17082E+18,8,2,37,28,2017,8,19,4,3,0,7,1,0,0,0,0,0,0,4.56393E+20,5.36807E+21,8.4101E+15,4.84643E+16
52496,8.17082E+18,8,2,16,7,2017,8,16,4,3,5,3,1,1,0,0,0,0,0,4.32477E+20,5.39701E+21,8.08191E+15,4.87225E+16
52497,8.17082E+18,8,1,36,65,2017,8,13,4,3,3,7,0,1,0,1,0,0,0,5.61223E+20,5.4056E+21,9.83372E+15,4.88004E+16
52498,8.17082E+18,8,1,36,65,2017,8,8,4,2,4,6,0,1,0,1,1,0,0,5.55746E+20,5.40441E+21,9.75897E+15,4.87902E+16
52499,8.17082E+18,8,4,35,13,2017,8,12,3,3,2,6,0,1,0,0,0,0,0,5.40931E+20,5.27514E+21,9.5448E+15,4.76283E+16
52500,8.17082E+18,8,4,35,16,2017,8,12,3,3,1,6,0,1,0,1,0,0,0,5.33587E+20,5.27844E+21,9.44731E+15,4.76585E+16
52501,8.17082E+18,8,4,26,134,2017,8,10,3,3,1,6,0,1,0,0,1,0,0,5.58688E+20,5.33605E+21,9.78943E+15,4.8175E+16
52502,8.17082E+18,8,4,25,33,2017,8,14,3,3,0,1,0,0,0,1,0,0,0,5.47369E+20,5.34476E+21,9.63816E+15,4.82543E+16
52503,8.17082E+18,8,4,17,44,2017,8,21,3,3,5,3,0,1,0,0,0,2,1,4.97384E+20,5.33657E+21,8.9648E+15,4.81824E+16
52504,8.17082E+18,8,1,27,14,2017,8,9,4,3,2,2,0,1,0,0,0,0,0,5.78217E+20,5.44427E+21,1.00725E+16,4.91463E+16
52505,8.17082E+18,8,1,25,13,2017,8,14,4,2,8,1,0,1,0,0,0,0,0,5.06344E+20,5.43552E+21,9.08686E+15,4.90725E+16
52506,8.17082E+18,8,1,18,50,2017,8,17,4,3,5,3,0,1,0,1,0,0,0,5.07303E+20,5.41593E+21,9.09964E+15,4.88963E+16
52507,8.17082E+18,8,1,17,1,2017,8,11,4,3,5,3,0,1,0,0,1,0,0,5.43996E+20,5.4008E+21,9.59862E+15,4.87586E+16
52508,8.17082E+18,8,1,17,24,2017,8,15,4,3,0,1,1,0,0,0,0,0,0,5.60208E+20,5.38515E+21,9.81691E+15,4.86165E+16
52509,8.17082E+18,8,1,15,3,2017,8,18,4,3,0,7,0,0,0,1,0,0,0,5.00547E+20,5.39286E+21,9.00744E+15,4.86888E+16
52510,8.17082E+18,8,1,15,3,2017,8,18,4,3,5,3,0,1,0,0,0,0,0,5.00488E+20,5.39238E+21,9.00663E+15,4.86844E+16
52511,8.17082E+18,8,1,11,0,2017,8,20,4,3,5,3,0,1,0,0,0,1,0,5.15979E+20,5.40686E+21,9.21766E+15,4.88145E+16
52512,8.17082E+18,8,4,15,93,2017,8,15,3,3,2,6,0,1,0,0,0,0,0,5.27244E+20,5.36472E+21,9.36833E+15,4.8435E+16
52513,8.17082E+18,8,3,15,70,2017,8,14,3,3,0,7,0,0,0,1,0,0,0,4.49292E+20,5.29933E+21,8.32225E+15,4.78453E+16
52514,8.17082E+18,8,3,37,51,2017,8,14,3,2,8,1,0,0,0,1,0,0,0,4.37208E+20,5.28742E+21,8.16247E+15,4.77371E+16
52515,8.17082E+18,8,3,35,43,2017,8,15,3,3,2,6,0,1,0,0,1,0,0,5.08858E+20,5.28653E+21,9.11813E+15,4.77321E+16
52516,8.17082E+18,8,3,35,43,2017,8,22,3,3,0,7,1,0,0,0,0,2,0,5.13327E+20,5.2794E+21,9.17752E+15,4.76679E+16
52517,8.17082E+18,8,3,35,43,2017,8,17,3,3,0,1,1,0,0,0,0,0,0,5.13704E+20,5.27974E+21,9.18256E+15,4.76709E+16
52518,8.17082E+18,8,3,35,63,2017,8,12,3,3,2,6,0,1,0,0,1,0,0,5.01378E+20,5.28731E+21,9.01839E+15,4.77391E+16
52519,8.17082E+18,8,3,35,1,2017,8,15,3,2,5,2,0,0,0,1,1,0,0,4.89943E+20,5.29967E+21,8.86557E+15,4.78503E+16
52520,8.17082E+18,8,3,27,2,2017,8,14,3,3,0,7,0,0,0,1,1,0,1,4.78314E+20,5.32735E+21,8.70873E+15,4.8099E+16
52521,8.17082E+18,8,3,26,74,2017,8,13,3,3,4,6,0,1,0,0,0,0,0,4.60589E+20,5.32273E+21,8.47109E+15,4.80566E+16
52522,8.17082E+18,8,3,27,38,2017,8,9,3,2,4,1,0,1,0,1,0,0,0,4.99205E+20,5.31596E+21,8.98934E+15,4.79969E+16
52523,8.17082E+18,8,3,17,141,2017,8,4,3,3,8,1,0,1,0,0,0,2,0,4.16251E+20,5.3751E+21,7.86577E+15,4.85234E+16
52524,8.17082E+18,8,3,17,31,2017,8,17,3,2,5,3,0,1,0,1,0,0,1,4.15066E+20,5.35688E+21,7.85341E+15,4.83594E+16
52525,8.17082E+18,8,3,15,102,2017,8,16,3,2,4,1,0,0,0,1,1,0,0,4.40298E+20,5.29186E+21,8.20308E+15,4.77773E+16
52526,8.17082E+18,8,3,15,37,2017,8,13,3,2,4,6,0,1,0,0,0,0,0,4.28834E+20,5.30092E+21,8.04859E+15,4.78577E+16
52527,8.17082E+18,8,3,15,39,2017,8,22,3,3,8,1,0,1,0,0,0,2,0,4.51092E+20,5.30426E+21,8.34574E+15,4.78898E+16
52528,8.17082E+18,8,3,15,84,2017,8,20,3,3,4,1,0,1,0,1,0,0,0,4.20115E+20,5.3066E+21,7.93098E+15,4.79077E+16
52529,8.17082E+18,8,2,15,39,2017,8,11,3,3,2,6,0,1,0,0,0,0,0,4.71081E+20,5.45327E+21,8.60278E+15,4.92316E+16
52530,8.17082E+18,8,2,37,2,2017,8,12,3,3,3,6,1,1,0,0,0,0,0,4.55098E+20,5.35374E+21,8.39413E+15,4.83353E+16