OBJECTID,UIDENTSTLA,ULAND,UREGBEZ,UKREIS,UGEMEINDE,UJAHR,UMONAT,USTUNDE,UWOCHENTAG,UKATEGORIE,UART,UTYP1,IstRad,IstPKW,IstFuss,IstKrad,IstSonstig,LICHT,STRZUSTAND,LINREFX,LINREFY,XGCSWGS84,YGCSWGS84
52531,8.17082E+18,8,2,35,46,2017,8,20,3,3,2,6,0,1,0,0,1,1,1,4.81457E+20,5.37819E+21,8.7487E+15,4.85566E+16
52532,8.17082E+18,8,2,21,0,2017,8,9,3,3,5,3,1,1,0,0,0,0,0,4.77591E+20,5.47319E+21,8.69108E+15,4.9411E+16
52533,8.17082E+18,8,2,26,85,2017,8,10,3,2,5,3,0,1,0,0,1,0,0,4.90635E+20,5.45549E+21,8.87131E+15,4.92521E+16
52534,8.17082E+18,8,2,15,9,2017,8,9,3,3,2,6,0,1,0,0,0,0,0,4.69978E+20,5.44332E+21,8.58836E+15,4.9142E+16
52535,8.17082E+18,8,2,15,7,2017,8,18,3,3,5,2,0,1,0,0,0,0,0,4.79732E+20,5.43092E+21,8.72272E+15,4.90308E+16
52536,8.17082E+18,8,1,35,16,2017,8,15,3,3,7,7,0,0,0,1,1,0,0,5.90715E+20,5.38145E+21,1.02299E+16,4.85795E+16
52537,8.17082E+18,8,4,25,72,2017,8,10,3,2,0,1,0,0,0,1,0,0,0,5.79773E+20,5.3716E+21,1.00797E+16,4.84925E+16
52538,8.17082E+18,8,4,35,16,2017,8,23,7,3,0,1,0,1,0,0,0,2,0,5.38255E+20,5.27711E+21,9.50936E+15,4.76463E+16
52539,8.17082E+18,8,1,28,131,2017,8,16,3,3,8,1,0,0,0,1,0,0,1,5.36607E+20,5.51302E+21,9.50835E+15,4.97685E+16
52540,8.17082E+18,8,4,35,67,2017,8,18,7,3,8,1,0,0,0,1,0,0,0,5.32248E+20,5.29313E+21,9.43057E+15,4.77907E+16
52541,8.17082E+18,8,1,28,14,2017,8,8,3,3,8,7,0,1,0,0,0,0,0,5.43817E+20,5.47878E+21,9.60465E+15,4.94601E+16
52542,8.17082E+18,8,4,26,65,2017,8,13,7,2,0,1,0,0,0,1,0,0,1,5.8059E+20,5.33143E+21,1.00831E+16,4.8131E+16
52543,8.17082E+18,8,1,27,63,2017,8,17,3,3,9,1,0,1,0,0,0,0,0,5.6066E+20,5.43481E+21,9.83039E+15,4.90632E+16
52544,8.17082E+18,8,1,25,103,2017,8,12,3,2,8,1,0,1,0,0,0,0,0,5.29742E+20,5.46294E+21,9.40924E+15,4.93185E+16
52545,8.17082E+18,8,1,25,8,2017,8,19,3,2,8,1,0,0,0,1,0,0,0,5.2876E+20,5.43603E+21,9.39381E+15,4.90765E+16
52546,8.17082E+18,8,1,21,0,2017,8,9,3,3,0,7,1,0,0,0,0,0,0,5.15922E+20,5.4449E+21,9.21837E+15,4.91567E+16
52547,8.17082E+18,8,1,19,84,2017,8,14,3,3,5,3,0,1,0,1,0,0,0,5.46352E+20,5.41481E+21,9.63227E+15,4.88845E+16
52548,8.17082E+18,8,1,18,79,2017,8,17,3,3,2,6,0,1,0,0,1,0,0,5.09311E+20,5.4232E+21,9.1272E+15,4.89616E+16
52549,8.17082E+18,8,1,17,7,2017,8,16,3,3,4,6,0,1,0,0,1,0,1,5.5877E+20,5.38387E+21,9.79722E+15,4.86051E+16
52550,8.17082E+18,8,1,16,77,2017,8,16,3,3,2,6,0,1,0,1,0,0,0,5.15807E+20,5.39118E+21,9.21471E+15,4.86735E+16
52551,8.17082E+18,8,1,16,79,2017,8,9,3,3,8,1,0,0,0,1,0,0,0,5.41289E+20,5.37767E+21,9.55949E+15,4.85508E+16
52552,8.17082E+18,8,1,16,33,2017,8,20,3,3,2,6,0,1,0,0,1,2,1,5.33901E+20,5.38893E+21,9.4603E+15,4.86525E+16
52553,8.17082E+18,8,1,11,0,2017,8,18,3,2,4,1,0,1,0,0,0,0,1,5.10532E+20,5.40159E+21,9.14333E+15,4.87673E+16
52554,8.17082E+18,8,1,11,0,2017,8,15,3,3,5,3,0,1,0,1,0,0,0,5.14058E+20,5.40398E+21,9.19139E+15,4.87886E+16
52555,8.17082E+18,8,4,15,53,2017,8,16,7,2,5,2,0,1,0,1,0,0,0,5.4255E+20,5.36152E+21,9.57492E+15,4.84054E+16
52556,8.17082E+18,8,3,36,14,2017,8,18,7,3,3,6,0,1,0,0,0,0,0,3.92465E+20,5.27662E+21,7.5685E+15,4.76341E+16
52557,8.17082E+18,8,1,11,0,2017,8,20,3,3,2,6,0,1,0,0,0,1,1,5.13097E+20,5.40688E+21,9.1784E+15,4.88147E+16
52558,8.17082E+18,8,3,36,91,2017,8,18,7,3,1,6,0,1,0,0,0,0,0,3.95246E+20,5.27152E+21,7.60673E+15,4.75886E+16
52559,8.17082E+18,8,3,36,91,2017,8,0,7,3,8,1,0,0,0,1,0,2,0,3.95227E+20,5.27141E+21,7.6065E+15,4.75876E+16
52560,8.17082E+18,8,3,36,87,2017,8,14,7,2,4,6,0,1,0,0,0,0,0,4.22545E+20,5.29111E+21,7.96627E+15,4.77687E+16
52561,8.17082E+18,8,3,36,81,2017,8,18,7,3,5,3,1,1,0,0,0,0,0,4.11121E+20,5.27737E+21,7.81664E+15,4.76437E+16
52562,8.17082E+18,8,3,35,97,2017,8,11,7,3,5,3,0,1,0,0,0,0,0,4.86759E+20,5.29427E+21,8.82318E+15,4.78017E+16
52563,8.17082E+18,8,3,26,60,2017,8,10,7,3,4,1,0,1,0,0,0,0,1,4.47116E+20,5.33089E+21,8.28928E+15,4.8129E+16
52564,8.17082E+18,8,3,17,65,2017,8,7,7,3,9,1,0,1,0,0,0,0,1,4.25133E+20,5.35308E+21,7.98996E+15,4.83265E+16
52565,8.17082E+18,8,3,17,113,2017,8,21,7,3,2,6,0,1,0,0,0,2,0,4.07781E+20,5.34524E+21,7.75763E+15,4.82536E+16
52566,8.17082E+18,8,3,17,8,2017,8,16,7,2,9,1,0,0,0,1,0,0,0,4.4343E+20,5.36301E+21,8.23545E+15,4.84177E+16
52567,8.17081E+18,8,4,37,5,2017,8,16,2,3,4,6,0,1,0,1,0,0,0,4.97789E+20,5.32085E+21,8.97034E+15,4.8041E+16
52568,8.17081E+18,8,4,37,123,2017,8,22,2,3,9,1,0,1,0,0,0,2,0,5.11892E+20,5.30882E+21,9.15921E+15,4.79326E+16
52569,8.17081E+18,8,4,36,9,2017,8,16,2,3,2,6,0,1,0,0,1,0,0,5.56761E+20,5.31096E+21,9.76017E+15,4.79494E+16
52570,8.17081E+18,8,4,36,8,2017,8,7,2,3,5,3,0,1,0,1,0,0,0,5.48307E+20,5.31015E+21,9.64687E+15,4.79428E+16
52571,8.17081E+18,8,4,36,78,2017,8,9,2,3,5,3,1,1,0,0,0,0,0,5.57747E+20,5.29173E+21,9.77081E+15,4.77764E+16
52572,8.17081E+18,8,4,26,87,2017,8,14,2,2,5,2,0,0,0,1,1,0,0,5.65135E+20,5.32198E+21,9.87399E+15,4.80477E+16
52573,8.17081E+18,8,4,25,71,2017,8,7,2,3,5,3,1,1,0,0,0,0,0,5.50705E+20,5.37131E+21,9.6863E+15,4.84928E+16
52574,8.17081E+18,8,4,17,2,2017,8,14,2,3,5,3,1,1,0,0,0,0,0,4.8961E+20,5.3444E+21,8.86003E+15,4.82527E+16
52575,8.17081E+18,8,4,15,78,2017,8,14,2,3,2,6,0,1,0,0,0,0,0,5.22843E+20,5.37464E+21,9.30937E+15,4.85244E+16
52576,8.17081E+18,8,3,15,6,2017,8,12,2,3,2,6,0,1,0,0,0,0,0,4.00792E+20,5.31179E+21,7.67128E+15,4.79517E+16
52577,8.17081E+18,8,3,16,37,2017,8,8,2,3,1,6,0,1,0,0,0,0,0,4.07919E+20,5.33394E+21,7.76195E+15,4.8152E+16
52578,8.17081E+18,8,3,15,76,2017,8,4,2,3,2,6,0,1,0,0,0,2,0,3.91618E+20,5.29652E+21,7.55228E+15,4.78129E+16
52579,8.17081E+18,8,3,37,127,2017,8,16,2,2,0,1,1,0,0,0,0,0,0,4.57457E+20,5.29604E+21,8.4317E+15,4.78163E+16
52580,8.17081E+18,8,3,37,66,2017,8,18,2,2,8,1,0,0,0,1,0,0,0,4.30631E+20,5.26985E+21,8.07755E+15,4.75784E+16
52581,8.17081E+18,8,3,36,79,2017,8,14,2,2,5,3,1,1,0,0,0,0,0,4.1753E+20,5.29358E+21,7.89889E+15,4.77903E+16
52582,8.17081E+18,8,3,35,43,2017,8,13,2,3,4,1,0,1,0,0,0,0,0,5.10602E+20,5.28352E+21,9.14133E+15,4.7705E+16
52583,8.17081E+18,8,4,35,66,2017,8,17,2,2,2,1,0,1,0,1,0,0,0,5.17634E+20,5.2848E+21,9.23511E+15,4.77164E+16
52584,8.17081E+18,8,4,35,57,2017,8,10,2,3,4,2,1,1,0,0,0,0,0,5.44161E+20,5.28014E+21,9.58831E+15,4.76731E+16
52585,8.17082E+18,8,3,16,51,2017,8,18,7,2,5,3,1,1,0,0,0,0,0,3.98554E+20,5.33439E+21,7.63595E+15,4.81546E+16
52586,8.17082E+18,8,3,11,0,2017,8,13,7,3,3,6,0,1,0,0,0,0,0,4.11431E+20,5.31516E+21,7.81305E+15,4.79836E+16
52587,8.17082E+18,8,3,11,0,2017,8,17,7,3,0,6,0,1,0,0,0,0,0,4.11609E+20,5.3193E+21,7.81458E+15,4.80209E+16
52588,8.17082E+18,8,2,31,0,2017,8,11,7,3,2,6,0,1,0,0,0,0,0,4.80859E+20,5.41882E+21,8.73871E+15,4.8922E+16
52589,8.17082E+18,8,2,26,96,2017,8,0,7,2,2,6,0,0,0,0,1,2,0,4.73343E+20,5.49029E+21,8.63137E+15,4.95646E+16
52590,8.17082E+18,8,2,16,49,2017,8,19,7,3,5,3,0,1,0,0,0,0,0,4.33516E+20,5.40013E+21,8.09554E+15,4.87506E+16
52591,8.17082E+18,8,2,31,0,2017,8,15,7,3,2,6,0,1,0,1,0,0,0,4.75246E+20,5.4156E+21,8.66228E+15,4.88929E+16
52592,8.17082E+18,8,2,26,22,2017,8,14,7,3,1,6,0,1,0,0,0,0,0,4.81334E+20,5.46755E+21,8.74294E+15,4.93604E+16
52593,8.17081E+18,8,3,26,54,2017,8,14,2,3,5,3,0,1,0,1,0,0,0,4.41066E+20,5.32803E+21,8.20838E+15,4.81028E+16
52594,8.17081E+18,8,3,26,27,2017,8,21,2,3,9,7,0,1,0,0,0,2,0,4.66052E+20,5.30432E+21,8.54586E+15,4.78913E+16
52595,8.17081E+18,8,3,17,39,2017,8,14,2,3,0,6,0,0,0,1,0,0,0,4.40852E+20,5.34644E+21,8.20294E+15,4.82684E+16
52596,8.17081E+18,8,3,17,57,2017,8,16,2,3,2,6,0,1,0,0,0,0,0,4.14128E+20,5.37976E+21,7.83606E+15,4.85651E+16
52597,8.17081E+18,8,3,17,57,2017,8,16,2,3,2,6,0,1,0,0,0,0,0,4.14139E+20,5.37973E+21,7.83621E+15,4.85648E+16
52598,8.17081E+18,8,3,17,89,2017,8,17,2,2,4,1,1,1,0,0,0,0,0,4.3278E+20,5.37869E+21,8.08901E+15,4.85577E+16
52599,8.17081E+18,8,3,17,127,2017,8,20,2,2,8,1,0,0,0,1,0,0,0,4.23337E+20,5.35301E+21,7.96576E+15,4.83256E+16
52600,8.17081E+18,8,3,16,43,2017,8,19,2,3,3,2,1,1,0,0,0,0,0,4.11139E+20,5.33246E+21,7.80553E+15,4.81391E+16
52601,8.17081E+18,8,3,15,74,2017,8,11,2,2,8,1,0,0,0,1,0,0,0,3.98959E+20,5.29505E+21,7.65066E+15,4.78009E+16
52602,8.17081E+18,8,3,11,0,2017,8,17,2,2,0,1,0,1,0,1,0,0,0,4.16004E+20,5.31026E+21,7.87528E+15,4.79401E+16
52603,8.17081E+18,8,2,26,32,2017,8,3,2,3,8,7,0,1,0,0,0,2,0,4.68007E+20,5.46454E+21,8.55965E+15,4.93328E+16
52604,8.17082E+18,8,2,25,24,2017,8,16,7,3,0,3,0,1,0,1,0,0,0,5.11128E+20,5.47598E+21,9.15349E+15,4.94364E+16
52605,8.17081E+18,8,2,15,39,2017,8,11,2,1,2,6,0,0,0,0,1,0,0,4.7094E+20,5.45499E+21,8.60071E+15,4.9247E+16
52606,8.17082E+18,8,2,22,0,2017,8,9,7,3,2,6,0,1,0,0,0,0,1,4.61142E+20,5.48381E+21,8.46327E+15,4.95057E+16
52607,8.17081E+18,8,2,26,37,2017,8,10,2,1,8,1,0,0,0,1,0,0,0,4.66898E+20,5.47036E+21,8.54391E+15,4.93851E+16
52608,8.17081E+18,8,2,26,95,2017,8,11,2,2,1,6,0,0,0,0,1,0,0,4.72457E+20,5.45889E+21,8.62129E+15,4.92822E+16
52609,8.17081E+18,8,2,31,0,2017,8,14,2,3,2,6,0,1,0,0,0,0,0,4.81957E+20,5.41895E+21,8.7537E+15,4.89232E+16
52610,8.17081E+18,8,2,15,96,2017,8,15,2,2,4,6,0,1,0,0,1,0,0,4.59697E+20,5.41589E+21,8.45013E+15,4.88946E+16
52611,8.17081E+18,8,2,35,80,2017,8,14,2,2,8,1,0,0,0,1,0,0,0,4.83532E+20,5.38531E+21,8.77654E+15,4.86207E+16
52612,8.17081E+18,8,2,26,38,2017,8,18,2,3,0,1,1,0,0,0,0,0,0,4.71464E+20,5.48058E+21,8.60609E+15,4.94772E+16
52613,8.17081E+18,8,2,26,85,2017,8,12,2,2,4,6,0,0,0,0,1,0,0,4.94328E+20,5.4515E+21,8.92212E+15,4.92163E+16
52614,8.17081E+18,8,2,16,17,2017,8,16,2,3,4,1,0,1,0,0,0,0,0,4.48068E+20,5.40147E+21,8.29332E+15,4.87641E+16
52615,8.17081E+18,8,2,16,7,2017,8,14,2,3,5,3,1,1,0,0,0,0,0,4.36154E+20,5.3934E+21,8.13246E+15,4.86904E+16
52616,8.17081E+18,8,2,16,41,2017,8,17,2,3,5,3,1,0,0,0,1,0,0,4.34482E+20,5.39096E+21,8.11014E+15,4.86682E+16
52617,8.17081E+18,8,2,15,102,2017,8,13,2,3,3,6,0,1,0,0,0,0,0,4.56959E+20,5.43761E+21,8.41048E+15,4.90898E+16
52618,8.17081E+18,8,2,12,0,2017,8,20,2,3,2,6,0,1,0,0,0,0,0,4.55542E+20,5.43355E+21,8.39152E+15,4.90532E+16
52619,8.17081E+18,8,2,15,101,2017,8,11,2,3,1,6,0,1,0,0,1,0,0,4.64456E+20,5.42816E+21,8.51399E+15,4.90053E+16
52620,8.17082E+18,8,2,16,13,2017,8,14,7,2,8,1,0,0,0,1,0,0,0,4.52235E+20,5.39288E+21,8.35101E+15,4.86871E+16
52621,8.17082E+18,8,2,15,101,2017,8,5,7,3,8,1,0,1,0,0,0,2,1,4.65972E+20,5.42656E+21,8.53486E+15,4.8991E+16
52622,8.17082E+18,8,2,16,33,2017,8,6,7,3,5,3,0,1,0,1,0,0,1,4.47615E+20,5.41268E+21,8.28573E+15,4.88648E+16
52623,8.17082E+18,8,1,15,45,2017,8,17,7,3,3,6,0,1,0,1,0,0,0,5.04956E+20,5.397E+21,9.06738E+15,4.8726E+16
52624,8.17082E+18,8,1,36,19,2017,8,14,7,3,4,6,0,1,0,0,0,0,0,5.81754E+20,5.42526E+21,1.01172E+16,4.89748E+16
52625,8.17082E+18,8,1,27,71,2017,8,10,7,3,8,1,0,1,0,0,0,0,0,5.774E+20,5.46016E+21,1.00644E+16,4.92893E+16
52626,8.17081E+18,8,1,18,11,2017,8,8,2,3,2,6,0,1,0,0,0,0,0,5.05603E+20,5.40776E+21,9.07634E+15,4.88228E+16
52627,8.17081E+18,8,1,15,28,2017,8,18,2,3,3,6,0,1,0,0,1,0,0,5.02169E+20,5.40183E+21,9.02952E+15,4.87695E+16
52628,8.17081E+18,8,1,18,19,2017,8,15,2,3,2,6,0,1,0,0,1,0,0,5.03072E+20,5.40585E+21,9.04184E+15,4.88056E+16
52629,8.17082E+18,8,1,19,1,2017,8,15,7,3,5,2,0,1,0,0,1,0,0,5.5357E+20,5.41011E+21,9.7301E+15,4.88417E+16
52630,8.17081E+18,8,1,36,66,2017,8,11,2,3,2,6,0,0,0,0,1,0,0,5.55891E+20,5.41445E+21,9.76232E+15,4.88804E+16
52631,8.17081E+18,8,1,36,10,2017,8,19,2,3,3,6,0,0,0,1,1,0,0,5.99655E+20,5.41284E+21,1.03587E+16,4.88605E+16
52632,8.17082E+18,8,1,18,73,2017,8,15,7,3,1,6,0,1,0,0,0,0,0,4.97237E+20,5.42055E+21,8.96228E+15,4.89379E+16
52633,8.17082E+18,8,1,17,28,2017,8,9,7,3,2,6,0,1,0,0,0,0,0,5.47855E+20,5.38236E+21,9.649E+15,4.85925E+16
52634,8.17082E+18,8,1,16,80,2017,8,23,7,2,5,2,0,1,0,1,0,2,0,5.22119E+20,5.39575E+21,9.30069E+15,4.87144E+16
52635,8.17082E+18,8,1,16,49,2017,8,14,7,3,2,6,0,1,0,0,0,0,0,5.25265E+20,5.38646E+21,9.3429E+15,4.86307E+16
52636,8.17082E+18,8,1,15,28,2017,8,11,7,3,0,2,0,1,0,1,0,0,0,5.00583E+20,5.40463E+21,9.00794E+15,4.87947E+16
52637,8.17081E+18,8,1,36,45,2017,8,20,2,3,8,1,0,1,0,0,0,0,0,5.95187E+20,5.40113E+21,1.02951E+16,4.87559E+16
52638,8.17081E+18,8,1,35,27,2017,8,19,2,2,4,2,0,1,0,0,0,0,0,5.9209E+20,5.37691E+21,1.02476E+16,4.85386E+16
52639,8.17081E+18,8,1,35,25,2017,8,19,2,1,4,1,0,1,0,0,0,0,0,5.84626E+20,5.39849E+21,1.01509E+16,4.87337E+16
52640,8.17081E+18,8,4,25,13,2017,8,12,2,3,2,6,0,1,0,0,0,0,0,5.81042E+20,5.37715E+21,1.0098E+16,4.85422E+16
52641,8.17081E+18,8,1,28,131,2017,8,16,2,3,8,7,0,1,0,0,0,0,0,5.37428E+20,5.5085E+21,9.51933E+15,4.97279E+16
52642,8.17081E+18,8,1,28,131,2017,8,16,2,2,4,1,0,1,0,0,0,0,0,5.3914E+20,5.51261E+21,9.54349E+15,4.97647E+16
52643,8.17081E+18,8,1,27,14,2017,8,16,2,3,6,1,1,0,1,0,0,0,0,5.78168E+20,5.44328E+21,1.00717E+16,4.91373E+16
52644,8.17081E+18,8,1,27,12,2017,8,10,2,3,5,3,1,1,0,0,0,0,0,5.66691E+20,5.43236E+21,9.91255E+15,4.90405E+16
52645,8.17081E+18,8,1,26,45,2017,8,7,2,3,8,7,0,0,0,1,0,0,0,5.50221E+20,5.46868E+21,9.69174E+15,4.93688E+16
52646,8.17081E+18,8,1,26,46,2017,8,21,2,3,4,6,0,1,0,0,1,2,0,5.54387E+20,5.46079E+21,9.74804E+15,4.92974E+16
52647,8.17081E+18,8,1,25,69,2017,8,8,2,3,8,1,0,1,0,0,0,0,0,5.23801E+20,5.45314E+21,9.32692E+15,4.92306E+16
52648,8.17082E+18,8,1,11,0,2017,8,19,7,3,2,6,0,1,0,1,0,0,0,5.13043E+20,5.40334E+21,9.17755E+15,4.87829E+16
52649,8.17082E+18,8,1,11,0,2017,8,12,7,3,6,4,0,1,1,0,0,0,0,5.16888E+20,5.40981E+21,9.23017E+15,4.88411E+16
52650,8.17082E+18,8,1,11,0,2017,8,14,7,3,3,2,0,1,0,1,0,0,0,5.10157E+20,5.4088E+21,9.13841E+15,4.88321E+16
52651,8.17082E+18,8,1,11,0,2017,8,12,7,3,1,5,1,1,0,0,0,0,0,5.12747E+20,5.40265E+21,9.1735E+15,4.87767E+16
52652,8.17082E+18,8,4,37,104,2017,8,13,6,3,2,6,0,1,0,0,0,0,0,5.15375E+20,5.3258E+21,9.20645E+15,4.80853E+16
52653,8.17082E+18,8,4,36,49,2017,8,16,6,3,8,7,0,1,0,0,0,0,0,5.78916E+20,5.28516E+21,1.00521E+16,4.7715E+16
52654,8.17082E+18,8,4,36,8,2017,8,20,6,2,7,7,0,1,0,0,0,2,1,5.52738E+20,5.31092E+21,9.7063E+15,4.79494E+16
52655,8.17082E+18,8,4,36,55,2017,8,20,6,2,0,7,0,1,0,0,0,2,1,5.82064E+20,5.2982E+21,1.00966E+16,4.78319E+16
52656,8.17082E+18,8,4,36,8,2017,8,20,6,3,5,2,0,1,0,0,0,2,1,5.4746E+20,5.31085E+21,9.63561E+15,4.79492E+16
52657,8.17082E+18,8,4,36,32,2017,8,21,6,3,7,1,0,0,0,0,1,2,1,5.3433E+20,5.30215E+21,9.45908E+15,4.78718E+16
52658,8.17082E+18,8,4,26,13,2017,8,16,6,2,5,7,0,1,0,0,0,0,0,5.45502E+20,5.32224E+21,9.6106E+15,4.80518E+16
52659,8.17082E+18,8,4,26,21,2017,8,17,6,3,5,3,1,1,0,0,0,0,0,5.58878E+20,5.32784E+21,9.79085E+15,4.81011E+16
52660,8.17081E+18,8,1,18,50,2017,8,16,2,3,2,6,0,1,0,0,0,0,0,5.06258E+20,5.41717E+21,9.0854E+15,4.89075E+16
52661,8.17081E+18,8,1,18,19,2017,8,9,2,3,5,3,1,1,0,0,0,0,0,5.03241E+20,5.40424E+21,9.04412E+15,4.87911E+16
52662,8.17082E+18,8,3,17,11,2017,8,16,6,2,5,3,0,0,0,1,1,0,0,5.60743E+20,5.32521E+21,9.81552E+15,4.80773E+16
52663,8.17081E+18,8,1,18,79,2017,8,16,2,3,2,6,0,1,0,1,0,0,0,5.09839E+20,5.42049E+21,9.13435E+15,4.89373E+16
52664,8.17081E+18,8,1,18,79,2017,8,11,2,3,5,3,0,1,0,0,0,0,0,5.09172E+20,5.4232E+21,9.1253E+15,4.89616E+16
52665,8.17081E+18,8,1,17,26,2017,8,15,2,3,5,3,1,1,0,0,0,0,0,5.46323E+20,5.3932E+21,9.62943E+15,4.86901E+16
52666,8.17081E+18,8,1,35,19,2017,8,22,2,3,7,7,0,1,0,0,0,2,0,5.82091E+20,5.39541E+21,1.01158E+16,4.87063E+16
52667,8.17081E+18,8,4,25,71,2017,8,14,2,1,5,2,0,0,0,1,1,0,0,5.47305E+20,5.36903E+21,9.64002E+15,4.84727E+16
52668,8.17081E+18,8,1,16,49,2017,8,21,2,3,0,7,1,0,0,0,0,2,0,5.2294E+20,5.38488E+21,9.31125E+15,4.86166E+16
52669,8.17081E+18,8,1,16,77,2017,8,6,2,3,1,6,0,1,0,0,0,0,0,5.22502E+20,5.39477E+21,9.30585E+15,4.87056E+16
52670,8.17081E+18,8,1,16,56,2017,8,17,2,3,3,6,0,1,0,1,0,0,0,5.32706E+20,5.3945E+21,9.44452E+15,4.87027E+16
52671,8.17081E+18,8,1,16,49,2017,8,15,2,2,3,6,1,1,0,0,0,0,0,5.2351E+20,5.38735E+21,9.31913E+15,4.86388E+16
52672,8.17081E+18,8,1,16,42,2017,8,17,2,2,2,6,0,1,0,0,0,0,0,5.18056E+20,5.38193E+21,9.24486E+15,4.85902E+16
52673,8.17081E+18,8,1,15,3,2017,8,18,2,3,2,2,0,1,0,1,0,0,0,4.96275E+20,5.39315E+21,8.94939E+15,4.86914E+16
52674,8.17081E+18,8,4,37,114,2017,8,12,1,3,8,1,0,0,0,1,0,0,0,5.14537E+20,5.33468E+21,9.1955E+15,4.81652E+16
52675,8.17081E+18,8,4,36,83,2017,8,23,1,2,9,1,0,1,0,0,0,2,0,5.32029E+20,5.30075E+21,9.42821E+15,4.78593E+16
52676,8.17081E+18,8,4,36,81,2017,8,13,1,3,0,1,1,0,0,0,0,0,0,5.56151E+20,5.27385E+21,9.7472E+15,4.76156E+16
52677,8.17081E+18,8,4,35,35,2017,8,10,1,3,2,6,0,1,0,1,0,0,0,5.40052E+20,5.28378E+21,9.5339E+15,4.77061E+16
52678,8.17081E+18,8,4,26,64,2017,8,21,1,3,8,7,0,1,0,0,0,2,0,5.39359E+20,5.32524E+21,9.52844E+15,4.80792E+16
52679,8.17081E+18,8,1,35,16,2017,8,14,1,3,5,3,1,0,0,0,1,0,0,5.87487E+20,5.38419E+21,1.01868E+16,4.86047E+16
52680,8.17081E+18,8,4,17,2,2017,8,2,1,3,6,7,0,1,1,0,0,2,0,4.89247E+20,5.34503E+21,8.85512E+15,4.82584E+16
52681,8.17082E+18,8,4,17,31,2017,8,7,6,3,5,3,0,1,0,0,0,0,0,4.98978E+20,5.35862E+21,8.9862E+15,4.83808E+16
52682,8.17081E+18,8,4,16,36,2017,8,11,1,2,8,1,0,1,0,0,0,0,0,4.97395E+20,5.37196E+21,8.96473E+15,4.85007E+16
52683,8.17081E+18,8,4,15,34,2017,8,17,1,2,8,1,0,0,0,1,0,0,0,5.36587E+20,5.3494E+21,9.4933E+15,4.82968E+16
52684,8.17081E+18,8,4,15,61,2017,8,11,1,2,8,1,0,1,0,1,0,0,0,5.1283E+20,5.36412E+21,9.17345E+15,4.84301E+16
52685,8.17081E+18,8,3,37,2,2017,8,10,1,2,9,1,0,1,0,0,0,0,0,4.37142E+20,5.27393E+21,8.16354E+15,4.76157E+16
52686,8.17081E+18,8,3,37,123,2017,8,15,1,2,8,1,0,1,0,0,0,0,0,4.52571E+20,5.2791E+21,8.36828E+15,4.76635E+16
52687,8.17082E+18,8,4,15,50,2017,8,11,6,3,0,2,0,1,1,0,0,0,0,5.21414E+20,5.3767E+21,9.29013E+15,4.8543E+16
52688,8.17082E+18,8,4,15,88,2017,8,19,6,3,5,3,0,1,0,0,1,1,0,5.36887E+20,5.37132E+21,9.49927E+15,4.84939E+16
52689,8.17082E+18,8,3,25,11,2017,8,23,6,3,8,1,0,0,0,0,1,2,1,4.73987E+20,5.3416E+21,8.64974E+15,4.82271E+16
52690,8.17082E+18,8,3,11,0,2017,8,14,6,3,9,7,0,1,0,0,0,0,0,4.06893E+20,5.31653E+21,7.75195E+15,4.79953E+16
52691,8.17082E+18,8,3,37,2,2017,8,17,6,3,9,1,0,1,0,0,0,0,1,4.33594E+20,5.27659E+21,8.11593E+15,4.76393E+16
52692,8.17082E+18,8,3,36,78,2017,8,12,6,3,8,1,0,0,0,1,0,0,0,3.96506E+20,5.28695E+21,7.61984E+15,4.77276E+16
52693,8.17081E+18,8,3,37,38,2017,8,3,1,3,8,1,0,1,0,0,0,2,0,4.2893E+20,5.27422E+21,8.05423E+15,4.76175E+16
52694,8.17082E+18,8,3,36,69,2017,8,5,6,3,2,6,0,1,0,0,0,1,0,4.06904E+20,5.26908E+21,7.76227E+15,4.75684E+16
52695,8.17082E+18,8,3,35,28,2017,8,16,6,3,1,1,1,1,0,0,0,0,0,4.83323E+20,5.28675E+21,8.77758E+15,4.77339E+16
52696,8.17082E+18,8,3,35,2,2017,8,16,6,3,0,7,1,0,0,0,0,0,0,5.05222E+20,5.28456E+21,9.06961E+15,4.77144E+16
52697,8.17081E+18,8,3,37,97,2017,8,7,1,3,9,1,0,1,0,0,0,2,0,4.36413E+20,5.28865E+21,8.15169E+15,4.77481E+16
52698,8.17081E+18,8,3,37,116,2017,8,21,1,1,8,1,0,0,0,1,0,2,0,4.17123E+20,5.27556E+21,7.89688E+15,4.76282E+16
52699,8.17081E+18,8,3,35,79,2017,8,15,1,2,4,7,1,1,0,0,0,0,0,5.00697E+20,5.29654E+21,9.00931E+15,4.78222E+16
52700,8.17081E+18,8,3,35,97,2017,8,11,1,3,2,6,0,1,0,0,0,0,0,4.87828E+20,5.29659E+21,8.83738E+15,4.78225E+16
52701,8.17081E+18,8,3,25,49,2017,8,12,1,3,2,6,0,1,0,0,0,0,0,4.70735E+20,5.33497E+21,8.60641E+15,4.81673E+16
52702,8.17081E+18,8,3,27,50,2017,8,15,1,2,8,1,0,0,0,1,0,0,0,4.83032E+20,5.31124E+21,8.77273E+15,4.79543E+16
52703,8.17081E+18,8,3,17,39,2017,8,13,1,3,8,1,0,0,0,1,0,0,0,4.39679E+20,5.34264E+21,8.18768E+15,4.82341E+16
52704,8.17081E+18,8,3,15,64,2017,8,13,1,2,3,7,0,1,0,0,0,0,0,4.22254E+20,5.31375E+21,7.95831E+15,4.79723E+16