OBJECTID,UIDENTSTLA,ULAND,UREGBEZ,UKREIS,UGEMEINDE,UJAHR,UMONAT,USTUNDE,UWOCHENTAG,UKATEGORIE,UART,UTYP1,IstRad,IstPKW,IstFuss,IstKrad,IstSonstig,LICHT,STRZUSTAND,LINREFX,LINREFY,XGCSWGS84,YGCSWGS84
52705,8.17081E+18,8,3,15,41,2017,8,18,1,2,4,1,0,1,0,1,0,0,0,4.27559E+20,5.31952E+21,8.02842E+15,4.80248E+16
52706,8.17081E+18,8,2,26,65,2017,8,21,1,3,1,6,0,1,0,0,0,2,0,4.7787E+20,5.45819E+21,8.69576E+15,4.9276E+16
52707,8.17081E+18,8,2,36,46,2017,8,11,1,3,2,6,0,1,0,0,0,0,0,4.83977E+20,5.41637E+21,8.78137E+15,4.89E+16
52708,8.17081E+18,8,2,12,0,2017,8,17,1,3,2,2,0,1,0,0,0,0,0,4.61709E+20,5.42725E+21,8.47652E+15,4.89969E+16
52709,8.17081E+18,8,2,37,27,2017,8,7,1,3,0,1,0,0,0,1,0,0,0,4.84621E+20,5.36704E+21,8.79199E+15,4.84563E+16
52710,8.17081E+18,8,2,35,29,2017,8,21,1,3,8,1,0,1,0,0,0,2,0,4.88972E+20,5.39393E+21,8.85013E+15,4.86983E+16
52711,8.17081E+18,8,2,26,32,2017,8,12,1,3,2,6,0,1,0,0,0,0,0,4.67079E+20,5.46492E+21,8.54685E+15,4.93361E+16
52712,8.17081E+18,8,2,26,41,2017,8,11,1,2,8,1,0,1,0,0,0,0,1,4.78384E+20,5.46703E+21,8.70235E+15,4.93556E+16
52713,8.17081E+18,8,2,16,43,2017,8,4,1,2,9,1,0,1,0,0,0,2,0,4.37861E+20,5.41262E+21,8.15275E+15,4.88635E+16
52714,8.17081E+18,8,2,15,46,2017,8,14,1,3,2,6,0,1,0,0,0,0,0,4.49277E+20,5.41666E+21,8.30789E+15,4.89008E+16
52715,8.17081E+18,8,2,15,46,2017,8,19,1,2,5,3,1,1,0,0,0,1,0,4.50819E+20,5.41519E+21,8.3291E+15,4.88877E+16
52716,8.17081E+18,8,2,16,49,2017,8,1,1,3,8,1,0,0,0,1,0,2,0,4.38673E+20,5.3997E+21,8.16574E+15,4.87473E+16
52717,8.17081E+18,8,1,18,68,2017,8,3,1,3,1,5,0,1,0,0,1,2,1,5.00348E+20,5.42358E+21,9.00475E+15,4.89651E+16
52718,8.17081E+18,8,1,18,67,2017,8,13,1,2,0,3,0,1,0,0,0,0,0,5.07162E+20,5.41427E+21,9.09769E+15,4.88814E+16
52719,8.17082E+18,8,2,37,45,2017,8,8,6,2,0,6,0,0,0,1,1,0,0,4.59612E+20,5.36067E+21,8.45436E+15,4.83979E+16
52720,8.17082E+18,8,3,17,96,2017,8,11,6,3,3,6,0,1,0,0,0,0,0,4.23394E+20,5.36778E+21,7.96382E+15,4.84585E+16
52721,8.17082E+18,8,3,17,65,2017,8,15,6,3,5,3,1,1,0,0,0,0,0,4.13495E+20,5.35483E+21,7.83262E+15,4.83408E+16
52722,8.17082E+18,8,3,16,37,2017,8,10,6,2,5,2,0,1,0,1,0,0,0,4.06591E+20,5.33342E+21,7.74421E+15,4.81472E+16
52723,8.17082E+18,8,3,16,11,2017,8,12,6,3,4,2,0,1,0,0,0,0,0,4.14594E+20,5.32906E+21,7.85265E+15,4.8109E+16
52724,8.17082E+18,8,3,16,39,2017,8,1,6,2,8,1,0,1,0,0,0,2,0,4.18656E+20,5.32822E+21,7.90737E+15,4.81021E+16
52725,8.17081E+18,8,1,18,67,2017,8,19,1,2,5,3,0,1,0,0,0,0,0,5.07165E+20,5.41427E+21,9.09772E+15,4.88813E+16
52726,8.17081E+18,8,1,35,19,2017,8,14,1,3,2,6,0,1,0,0,0,0,0,5.83819E+20,5.39245E+21,1.01387E+16,4.86794E+16
52727,8.17082E+18,8,3,15,50,2017,8,16,6,2,5,3,0,1,0,0,0,0,1,4.01299E+20,5.30601E+21,7.67939E+15,4.78999E+16
52728,8.17081E+18,8,1,17,26,2017,8,10,1,2,1,6,0,1,0,0,0,0,0,5.54375E+20,5.40048E+21,9.73979E+15,4.8755E+16
52729,8.17081E+18,8,1,28,20,2017,8,13,1,3,2,6,0,0,0,1,0,0,1,5.81313E+20,5.47232E+21,1.01207E+16,4.93981E+16
52730,8.17082E+18,8,3,15,109,2017,8,22,6,3,8,1,0,1,0,0,0,2,1,4.25132E+20,5.31721E+21,7.99627E+15,4.80038E+16
52731,8.17081E+18,8,1,27,52,2017,8,16,1,2,9,1,0,0,0,1,0,0,1,5.4017E+20,5.43739E+21,9.55018E+15,4.90881E+16
52732,8.17081E+18,8,1,26,47,2017,8,17,1,3,5,3,0,1,0,0,0,0,0,5.53748E+20,5.45035E+21,9.73786E+15,4.92036E+16
52733,8.17082E+18,8,3,15,98,2017,8,11,6,3,5,3,0,1,0,0,0,0,0,4.08798E+20,5.31485E+21,7.77783E+15,4.79805E+16
52734,8.17081E+18,8,2,25,74,2017,8,18,1,2,1,1,1,1,0,0,0,0,0,5.03414E+20,5.46733E+21,9.04702E+15,4.93586E+16
52735,8.17081E+18,8,1,26,58,2017,8,19,1,2,0,1,0,0,0,1,0,0,0,5.4203E+20,5.45034E+21,9.577E+15,4.92045E+16
52736,8.17082E+18,8,2,26,95,2017,8,15,6,3,2,6,0,1,0,0,1,0,0,4.71086E+20,5.45989E+21,8.60236E+15,4.92911E+16
52737,8.17081E+18,8,1,25,98,2017,8,14,1,3,5,3,0,1,0,0,0,0,0,5.19814E+20,5.43725E+21,9.27138E+15,4.90878E+16
52738,8.17081E+18,8,1,25,78,2017,8,18,1,3,2,2,0,1,0,1,0,0,0,5.21316E+20,5.45393E+21,9.29283E+15,4.92378E+16
52739,8.17081E+18,8,1,25,26,2017,8,19,1,3,8,7,0,0,0,1,0,0,0,4.91101E+20,5.44522E+21,8.87794E+15,4.91597E+16
52740,8.17082E+18,8,2,36,46,2017,8,12,6,3,2,6,0,1,0,0,0,0,0,4.83962E+20,5.41639E+21,8.78117E+15,4.89003E+16
52741,8.17082E+18,8,2,31,0,2017,8,17,6,2,8,1,0,1,0,0,0,0,1,4.78033E+20,5.41761E+21,8.70021E+15,4.89111E+16
52742,8.17082E+18,8,2,26,105,2017,8,12,6,3,9,1,0,1,0,0,0,0,0,4.71228E+20,5.47595E+21,8.60316E+15,4.94355E+16
52743,8.17082E+18,8,2,22,0,2017,8,13,6,3,1,6,0,1,0,0,0,0,0,4.66659E+20,5.47628E+21,8.54012E+15,4.94382E+16
52744,8.17081E+18,8,1,19,8,2017,8,12,1,3,2,6,0,1,0,0,0,0,0,5.31703E+20,5.42373E+21,9.43314E+15,4.89657E+16
52745,8.17081E+18,8,1,19,8,2017,8,9,1,3,2,2,0,1,0,0,0,0,0,5.3032E+20,5.42254E+21,9.41416E+15,4.8955E+16
52746,8.17081E+18,8,1,18,18,2017,8,6,1,3,8,7,0,1,0,0,0,1,1,5.12265E+20,5.42841E+21,9.16771E+15,4.90085E+16
52747,8.17082E+18,8,2,15,9,2017,8,15,6,3,1,6,0,1,0,0,0,0,0,4.66582E+20,5.43909E+21,8.54215E+15,4.91038E+16
52748,8.17081E+18,8,1,17,49,2017,8,16,1,3,0,1,1,0,0,0,0,0,0,5.53946E+20,5.391E+21,9.73272E+15,4.86697E+16
52749,8.17081E+18,8,1,15,3,2017,8,17,1,3,8,7,0,1,0,0,0,0,0,4.99883E+20,5.38979E+21,8.99841E+15,4.86612E+16
52750,8.17081E+18,8,1,11,0,2017,8,2,1,3,0,3,1,1,0,0,0,2,1,5.13355E+20,5.40266E+21,9.18177E+15,4.87768E+16
52751,8.17081E+18,8,4,36,9,2017,8,20,7,3,5,3,1,1,0,0,0,1,0,5.55994E+20,5.30824E+21,9.74955E+15,4.7925E+16
52752,8.17081E+18,8,4,36,64,2017,8,11,7,3,5,3,0,1,0,0,1,0,0,5.3877E+20,5.28758E+21,9.51715E+15,4.77405E+16
52753,8.17081E+18,8,4,35,16,2017,8,11,7,3,9,7,1,0,0,0,0,0,0,5.35674E+20,5.27944E+21,9.47519E+15,4.76674E+16
52754,8.17081E+18,8,4,35,16,2017,8,16,7,3,0,1,1,0,0,0,0,0,0,5.36746E+20,5.27941E+21,9.48947E+15,4.76671E+16
52755,8.17081E+18,8,4,15,93,2017,8,18,7,3,2,6,0,0,0,1,0,0,0,5.27262E+20,5.36469E+21,9.36857E+15,4.84347E+16
52756,8.17081E+18,8,3,35,22,2017,8,17,7,3,2,6,0,1,0,0,0,0,0,4.85789E+20,5.29926E+21,8.81006E+15,4.78465E+16
52757,8.17081E+18,8,3,35,97,2017,8,14,7,2,2,6,0,1,0,0,0,0,0,4.88182E+20,5.29628E+21,8.84212E+15,4.78197E+16
52758,8.17081E+18,8,4,17,54,2017,8,2,7,2,8,1,0,0,0,1,0,2,1,4.78395E+20,5.34649E+21,8.70884E+15,4.82713E+16
52759,8.17081E+18,8,3,26,17,2017,8,13,7,2,0,6,0,1,0,1,0,0,0,4.39249E+20,5.32093E+21,8.18498E+15,4.80387E+16
52760,8.17081E+18,8,3,26,74,2017,8,9,7,3,6,2,0,1,1,0,0,0,0,4.65453E+20,5.32381E+21,8.53627E+15,4.80666E+16
52761,8.17081E+18,8,3,25,69,2017,8,15,7,2,8,1,0,0,0,1,0,0,0,4.66335E+20,5.33407E+21,8.54731E+15,4.8159E+16
52762,8.17081E+18,8,3,17,1,2017,8,15,7,3,0,1,1,0,0,0,0,0,0,4.2456E+20,5.38521E+21,7.97643E+15,4.86154E+16
52763,8.17081E+18,8,3,16,56,2017,8,12,7,3,5,3,0,1,0,0,0,0,0,4.18722E+20,5.32656E+21,7.90858E+15,4.80872E+16
52764,8.17081E+18,8,3,15,130,2017,8,17,7,3,8,1,0,0,0,1,0,0,0,4.14466E+20,5.30206E+21,7.85631E+15,4.78662E+16
52765,8.17082E+18,8,2,35,46,2017,8,11,6,3,3,6,0,1,0,0,0,0,0,4.81008E+20,5.37747E+21,8.74265E+15,4.855E+16
52766,8.17082E+18,8,2,31,0,2017,8,9,6,3,2,6,0,1,0,0,1,0,0,4.79167E+20,5.41467E+21,8.71583E+15,4.88847E+16
52767,8.17082E+18,8,2,36,43,2017,8,17,6,3,9,1,0,1,0,0,0,0,1,4.6562E+20,5.40622E+21,8.53175E+15,4.8808E+16
52768,8.17082E+18,8,2,36,43,2017,8,0,6,3,4,1,0,1,0,0,1,2,0,4.69143E+20,5.40709E+21,8.57967E+15,4.8816E+16
52769,8.17082E+18,8,2,26,29,2017,8,14,6,2,9,1,0,0,0,1,0,0,0,4.84311E+20,5.48376E+21,8.78329E+15,4.95063E+16
52770,8.17082E+18,8,2,22,0,2017,8,17,6,3,3,2,1,1,0,0,0,0,1,4.63073E+20,5.47881E+21,8.49041E+15,4.94608E+16
52771,8.17082E+18,8,2,16,15,2017,8,4,6,2,9,1,0,1,0,0,0,2,0,4.52636E+20,5.40595E+21,8.35496E+15,4.88047E+16
52772,8.17082E+18,8,2,16,9,2017,8,22,6,3,5,2,0,1,0,0,0,2,1,4.47883E+20,5.42209E+21,8.28818E+15,4.89496E+16
52773,8.17082E+18,8,2,15,46,2017,8,11,6,3,4,1,0,1,0,0,1,0,0,4.53236E+20,5.42069E+21,8.36145E+15,4.89374E+16
52774,8.17082E+18,8,2,15,17,2017,8,16,6,2,2,6,0,1,0,1,0,0,1,4.57232E+20,5.42234E+21,8.41583E+15,4.89525E+16
52775,8.17082E+18,8,2,12,0,2017,8,16,6,2,5,3,0,1,0,0,1,0,1,4.50647E+20,5.43177E+21,8.32475E+15,4.90368E+16
52776,8.17082E+18,8,1,15,28,2017,8,13,6,3,2,6,0,1,0,0,0,0,0,5.02328E+20,5.40131E+21,9.03168E+15,4.87648E+16
52777,8.17081E+18,8,2,15,96,2017,8,22,7,2,8,1,0,1,0,0,0,2,1,4.60092E+20,5.41448E+21,8.45566E+15,4.8882E+16
52778,8.17081E+18,8,3,17,1,2017,8,7,7,3,9,1,0,1,0,0,0,0,1,4.27514E+20,5.38615E+21,8.01634E+15,4.86242E+16
52779,8.17081E+18,8,2,35,8,2017,8,22,7,3,5,3,0,1,0,0,0,2,1,4.80255E+20,5.4021E+21,8.73128E+15,4.87716E+16
52780,8.17082E+18,8,1,36,42,2017,8,12,6,3,8,1,0,1,0,0,0,0,0,5.53197E+20,5.40476E+21,9.72432E+15,4.87935E+16
52781,8.17081E+18,8,2,35,65,2017,8,15,7,2,6,4,0,1,1,0,0,0,0,4.73867E+20,5.40382E+21,8.64423E+15,4.87868E+16
52782,8.17081E+18,8,2,26,107,2017,8,8,7,3,8,1,0,1,0,0,0,0,1,4.77134E+20,5.4844E+21,8.68413E+15,4.95118E+16
52783,8.17082E+18,8,1,35,19,2017,8,20,6,2,5,3,0,1,0,0,0,2,1,5.8335E+20,5.39432E+21,1.01327E+16,4.86963E+16
52784,8.17081E+18,8,2,22,0,2017,8,13,7,3,2,6,0,1,0,0,0,0,1,4.61551E+20,5.48077E+21,8.46923E+15,4.94783E+16
52785,8.17081E+18,8,2,21,0,2017,8,15,7,3,1,6,0,1,0,0,0,0,0,4.77412E+20,5.46769E+21,8.68892E+15,4.93615E+16
52786,8.17082E+18,8,1,36,88,2017,8,14,6,2,0,7,0,0,0,0,1,0,0,5.88835E+20,5.40566E+21,1.02097E+16,4.87976E+16
52787,8.17081E+18,8,2,16,41,2017,8,21,7,2,5,3,0,1,0,0,0,2,1,4.34945E+20,5.39078E+21,8.11645E+15,4.86666E+16
52788,8.17081E+18,8,2,15,101,2017,8,14,7,3,1,5,0,1,0,0,0,0,0,4.67013E+20,5.42565E+21,8.54916E+15,4.89828E+16
52789,8.17081E+18,8,1,15,21,2017,8,7,7,2,9,1,0,1,0,0,0,0,1,4.906E+20,5.38494E+21,8.87246E+15,4.86175E+16
52790,8.17081E+18,8,1,18,48,2017,8,15,7,2,5,3,0,1,0,1,0,0,0,5.12716E+20,5.41835E+21,9.17357E+15,4.8918E+16
52791,8.17081E+18,8,1,36,88,2017,8,10,7,2,9,1,0,1,0,0,0,0,1,5.74458E+20,5.41413E+21,1.00155E+16,4.88756E+16
52792,8.17081E+18,8,1,27,102,2017,8,11,7,3,5,3,0,1,0,0,0,0,0,5.8629E+20,5.4358E+21,1.01814E+16,4.9069E+16
52793,8.17081E+18,8,1,27,102,2017,8,3,7,2,8,1,0,0,0,0,1,2,1,5.86686E+20,5.43837E+21,1.01874E+16,4.90921E+16
52794,8.17081E+18,8,1,26,47,2017,8,22,7,3,1,5,0,1,0,0,0,2,1,5.49402E+20,5.45229E+21,9.67844E+15,4.92214E+16
52795,8.17081E+18,8,1,25,48,2017,8,11,7,3,5,3,0,1,0,0,0,0,0,5.34241E+20,5.46028E+21,9.47092E+15,4.92943E+16
52796,8.17081E+18,8,1,25,63,2017,8,23,7,2,8,1,0,1,0,0,0,2,1,5.25755E+20,5.46426E+21,9.35447E+15,4.93305E+16
52797,8.17081E+18,8,1,25,38,2017,8,16,7,3,3,6,1,0,0,0,1,0,0,4.99005E+20,5.4349E+21,8.98637E+15,4.9067E+16
52798,8.17081E+18,8,1,19,84,2017,8,10,7,3,9,1,0,1,0,0,0,0,1,5.46198E+20,5.41222E+21,9.62986E+15,4.88612E+16
52799,8.17081E+18,8,1,19,67,2017,8,19,7,2,5,3,0,1,0,1,0,0,0,5.40785E+20,5.40345E+21,9.55521E+15,4.87827E+16
52800,8.17081E+18,8,1,17,26,2017,8,14,7,1,8,1,0,0,0,1,0,0,0,5.52662E+20,5.39852E+21,9.71624E+15,4.87374E+16
52801,8.17081E+18,8,1,16,20,2017,8,11,7,3,2,6,0,1,0,0,0,0,0,5.26504E+20,5.38238E+21,9.35945E+15,4.85939E+16
52802,8.17083E+18,8,1,25,59,2017,8,18,7,2,0,3,0,0,0,1,0,0,1,5.28731E+20,5.43769E+21,9.39352E+15,4.90914E+16
52803,8.17083E+18,8,1,19,24,2017,8,14,7,3,8,1,0,1,0,0,0,0,0,5.38179E+20,5.43409E+21,9.5226E+15,4.90585E+16
52804,8.17083E+18,8,1,18,48,2017,8,12,7,3,3,6,0,1,0,0,0,0,0,5.11622E+20,5.41875E+21,9.15865E+15,4.89216E+16
52805,8.17083E+18,8,1,35,32,2017,8,15,7,2,8,1,0,0,0,1,0,0,0,5.73365E+20,5.39133E+21,9.9965E+15,4.86707E+16
52806,8.17083E+18,8,1,15,4,2017,8,10,7,3,5,2,0,1,0,0,0,0,0,4.87092E+20,5.37413E+21,8.82519E+15,4.85202E+16
52807,8.17083E+18,8,1,11,0,2017,8,11,7,3,2,6,0,1,0,0,0,0,0,5.13549E+20,5.40247E+21,9.18442E+15,4.8775E+16
52808,8.17083E+18,8,4,36,94,2017,8,7,6,2,5,3,1,1,0,0,0,0,0,5.71717E+20,5.28305E+21,9.95583E+15,4.76969E+16
52809,8.17083E+18,8,4,36,82,2017,8,12,6,3,5,2,1,0,0,0,1,0,0,5.47892E+20,5.29598E+21,9.63974E+15,4.78154E+16
52810,8.17083E+18,8,4,35,18,2017,8,19,6,3,8,7,1,0,0,0,0,0,0,5.23986E+20,5.28038E+21,9.31955E+15,4.76764E+16
52811,8.17083E+18,8,4,21,0,2017,8,9,6,3,2,6,0,1,0,1,0,0,0,5.71303E+20,5.35701E+21,9.96263E+15,4.83623E+16
52812,8.17083E+18,8,4,25,22,2017,8,19,6,3,4,6,0,1,0,0,0,0,0,5.77926E+20,5.37733E+21,1.00558E+16,4.85442E+16
52813,8.17083E+18,8,4,17,79,2017,8,22,6,3,9,1,0,0,0,1,0,2,0,4.98246E+20,5.33996E+21,8.97639E+15,4.82129E+16
52814,8.17083E+18,8,4,15,61,2017,8,18,6,3,8,1,0,0,0,1,0,0,0,5.14907E+20,5.37105E+21,9.20177E+15,4.84924E+16
52815,8.17083E+18,8,4,16,41,2017,8,8,6,3,5,3,0,0,0,1,1,0,0,5.04306E+20,5.37178E+21,9.05829E+15,4.84991E+16
52816,8.17083E+18,8,4,15,50,2017,8,18,6,2,0,1,0,0,0,1,0,0,0,5.21181E+20,5.37537E+21,9.2869E+15,4.85311E+16
52817,8.17083E+18,8,4,15,87,2017,8,22,6,2,7,7,1,0,0,0,0,2,0,5.1061E+20,5.38225E+21,9.14389E+15,4.85933E+16
52818,8.17083E+18,8,4,15,50,2017,8,14,6,3,2,6,0,1,0,1,0,0,0,5.22871E+20,5.37518E+21,9.30978E+15,4.85293E+16
52819,8.17083E+18,8,4,15,27,2017,8,13,6,2,9,1,1,0,0,0,0,0,0,5.29048E+20,5.36087E+21,9.39246E+15,4.84003E+16
52820,8.17083E+18,8,3,15,48,2017,8,18,6,3,2,6,0,1,0,0,0,0,0,3.95838E+20,5.30948E+21,7.60551E+15,4.79302E+16
52821,8.17083E+18,8,3,16,17,2017,8,22,6,3,2,6,0,1,0,0,0,2,0,4.07038E+20,5.34186E+21,7.74837E+15,4.82231E+16
52822,8.17083E+18,8,3,37,108,2017,8,17,6,2,8,7,0,0,0,1,0,0,0,4.26321E+20,5.28536E+21,8.01764E+15,4.77174E+16
52823,8.17083E+18,8,3,36,81,2017,8,13,6,3,1,6,0,1,0,0,0,0,0,4.13375E+20,5.28133E+21,7.84586E+15,4.76795E+16
52824,8.17083E+18,8,3,36,105,2017,8,8,6,3,1,5,1,1,0,0,0,0,0,3.97773E+20,5.26822E+21,7.64111E+15,4.75593E+16
52825,8.17083E+18,8,3,35,63,2017,8,22,6,3,5,3,0,1,0,0,0,2,0,4.96574E+20,5.28816E+21,8.95429E+15,4.77468E+16
52826,8.17083E+18,8,3,35,79,2017,8,14,6,3,8,7,0,1,0,0,0,0,0,4.99435E+20,5.29835E+21,8.99245E+15,4.78385E+16
52827,8.17083E+18,8,3,26,55,2017,8,9,6,2,8,1,0,0,0,1,0,0,0,4.37491E+20,5.33668E+21,8.15909E+15,4.81803E+16
52828,8.17083E+18,8,2,37,28,2017,8,8,6,3,5,3,0,1,0,1,0,0,0,4.58721E+20,5.36851E+21,8.44156E+15,4.84684E+16
52829,8.17083E+18,8,3,17,41,2017,8,12,6,3,9,6,0,1,0,1,0,0,0,4.37151E+20,5.34865E+21,8.15275E+15,4.8288E+16
52830,8.17083E+18,8,3,15,48,2017,8,16,6,3,3,2,0,1,0,0,0,0,0,3.94815E+20,5.30701E+21,7.59242E+15,4.79078E+16
52831,8.17083E+18,8,3,11,0,2017,8,21,6,2,8,1,1,0,0,1,0,2,1,4.14615E+20,5.31757E+21,7.85523E+15,4.80058E+16
52832,8.17083E+18,8,3,16,9,2017,8,9,6,2,0,6,0,0,0,1,1,0,0,4.15617E+20,5.32435E+21,7.86732E+15,4.80668E+16
52833,8.17083E+18,8,3,36,91,2017,8,7,6,3,2,6,0,1,0,1,0,0,0,3.96491E+20,5.27148E+21,7.6233E+15,4.75885E+16
52834,8.17083E+18,8,2,12,0,2017,8,21,6,3,5,3,0,1,0,0,0,2,0,4.52105E+20,5.43109E+21,8.34478E+15,4.90308E+16
52835,8.17083E+18,8,2,12,0,2017,8,12,6,3,5,3,0,1,0,1,0,0,0,4.60628E+20,5.43093E+21,8.46138E+15,4.903E+16
52836,8.17083E+18,8,2,15,97,2017,8,11,6,2,8,1,0,0,0,1,0,0,0,4.81191E+20,5.44081E+21,8.74223E+15,4.91199E+16
52837,8.17083E+18,8,2,15,17,2017,8,18,6,3,2,6,0,1,0,0,0,0,0,4.5431E+20,5.42234E+21,8.37593E+15,4.89523E+16
52838,8.17083E+18,8,3,17,110,2017,8,5,6,3,9,7,0,1,0,0,1,1,0,4.25814E+20,5.38405E+21,7.99365E+15,4.86051E+16
52839,8.17083E+18,8,2,37,40,2017,8,11,6,3,5,3,0,1,0,1,0,0,0,4.7297E+20,5.36793E+21,8.63436E+15,4.84639E+16
52840,8.17083E+18,8,2,37,28,2017,8,10,6,3,4,2,0,1,0,0,0,0,0,4.58412E+20,5.36764E+21,8.43746E+15,4.84605E+16
52841,8.17083E+18,8,2,35,50,2017,8,13,6,3,9,1,1,0,0,0,0,0,0,4.709E+20,5.39512E+21,8.60445E+15,4.87085E+16
52842,8.17083E+18,8,2,31,0,2017,8,14,6,3,1,7,0,1,0,0,0,0,0,4.77647E+20,5.41524E+21,8.69506E+15,4.88897E+16
52843,8.17083E+18,8,2,26,84,2017,8,23,6,3,9,7,0,1,0,0,0,2,0,4.6685E+20,5.47351E+21,8.54298E+15,4.94134E+16
52844,8.17083E+18,8,2,22,0,2017,8,22,6,3,4,6,1,0,0,0,0,2,0,4.62035E+20,5.48493E+21,8.4755E+15,4.95158E+16
52845,8.17083E+18,8,2,22,0,2017,8,15,6,3,2,6,0,1,0,0,1,0,0,4.64118E+20,5.48385E+21,8.50438E+15,4.95063E+16
52846,8.17083E+18,8,2,22,0,2017,8,9,6,3,2,6,0,1,0,0,0,0,0,4.58328E+20,5.48885E+21,8.42388E+15,4.95508E+16
52847,8.17083E+18,8,2,16,63,2017,8,10,6,3,9,1,0,0,0,1,0,0,0,4.27783E+20,5.40127E+21,8.01735E+15,4.87603E+16
52848,8.17083E+18,8,2,16,23,2017,8,14,6,3,2,6,0,1,0,0,0,0,0,4.36708E+20,5.40652E+21,8.13797E+15,4.88084E+16
52849,8.17083E+18,8,2,12,0,2017,8,10,6,3,2,6,0,0,0,1,1,0,0,4.64046E+20,5.42816E+21,8.50838E+15,4.90053E+16
52850,8.17083E+18,8,3,17,1,2017,8,18,6,2,0,6,0,1,0,1,0,0,0,4.28357E+20,5.3884E+21,8.0274E+15,4.86445E+16
52851,8.17083E+18,8,2,16,13,2017,8,16,6,2,5,2,0,1,0,1,0,0,0,4.52336E+20,5.39054E+21,8.35266E+15,4.86661E+16
52852,8.17083E+18,8,2,26,85,2017,8,18,6,3,9,1,0,1,0,0,0,0,0,4.97054E+20,5.45222E+21,8.95954E+15,4.92228E+16
52853,8.17083E+18,8,1,18,19,2017,8,13,6,3,2,6,0,1,0,0,0,0,0,5.04207E+20,5.40654E+21,9.0573E+15,4.88118E+16
52854,8.17083E+18,8,1,36,65,2017,8,12,6,3,5,3,0,1,0,0,0,0,0,5.62484E+20,5.40651E+21,9.85103E+15,4.88084E+16
52855,8.17083E+18,8,1,36,88,2017,8,20,6,3,1,5,0,1,0,1,0,1,0,5.76398E+20,5.41499E+21,1.00421E+16,4.88832E+16
52856,8.17083E+18,8,4,25,72,2017,8,13,6,3,2,6,0,1,0,0,0,0,0,5.79895E+20,5.37458E+21,1.0082E+16,4.85192E+16
52857,8.17083E+18,8,1,28,131,2017,8,8,6,3,0,3,0,1,0,1,0,0,0,5.33525E+20,5.50973E+21,9.46527E+15,4.97391E+16
52858,8.17083E+18,8,1,27,73,2017,8,13,6,2,5,3,0,1,0,0,1,0,0,5.78091E+20,5.44826E+21,1.00716E+16,4.91822E+16
52859,8.17083E+18,8,1,27,14,2017,8,17,6,3,6,4,0,1,1,0,0,0,0,5.78242E+20,5.44328E+21,1.00727E+16,4.91373E+16
52860,8.17083E+18,8,1,36,18,2017,8,12,6,3,2,6,0,1,0,0,0,0,0,5.87551E+20,5.43011E+21,1.01974E+16,4.90176E+16
52861,8.17083E+18,8,1,19,79,2017,8,11,6,3,2,6,0,1,0,0,0,0,0,5.22809E+20,5.40919E+21,9.31082E+15,4.88353E+16
52862,8.17083E+18,8,1,18,80,2017,8,22,6,3,5,3,1,1,0,0,0,2,0,5.094E+20,5.40856E+21,9.12808E+15,4.88299E+16
52863,8.17083E+18,8,1,18,79,2017,8,15,6,3,0,7,1,0,0,0,0,0,0,5.10013E+20,5.42189E+21,9.13676E+15,4.89499E+16
52864,8.17083E+18,8,1,18,79,2017,8,12,6,3,2,6,0,1,0,0,0,0,0,5.09852E+20,5.42237E+21,9.13457E+15,4.89542E+16
52865,8.17083E+18,8,1,17,28,2017,8,12,6,3,2,6,0,1,0,0,0,0,0,5.47721E+20,5.3826E+21,9.6472E+15,4.85946E+16
52866,8.17083E+18,8,1,16,14,2017,8,14,6,3,8,1,0,0,0,1,0,0,0,5.26627E+20,5.39581E+21,9.36198E+15,4.87147E+16
52867,8.17083E+18,8,1,16,19,2017,8,11,6,2,9,1,0,0,0,1,0,0,0,5.26603E+20,5.39834E+21,9.36181E+15,4.87375E+16
52868,8.17083E+18,8,1,15,3,2017,8,23,6,3,5,3,1,1,0,0,0,2,0,5.01389E+20,5.393E+21,9.01887E+15,4.86901E+16
52869,8.17083E+18,8,1,11,0,2017,8,12,6,3,3,7,0,1,0,0,1,0,0,5.15046E+20,5.40615E+21,9.20493E+15,4.88082E+16
52870,8.17083E+18,8,1,11,0,2017,8,15,6,2,5,3,0,1,0,1,0,0,0,5.13886E+20,5.4061E+21,9.18912E+15,4.88078E+16
52871,8.17082E+18,8,4,37,31,2017,8,18,5,3,5,2,0,1,0,0,0,0,0,5.16321E+20,5.34396E+21,9.21986E+15,4.82486E+16
52872,8.17082E+18,8,4,37,100,2017,8,10,5,3,1,5,1,0,0,0,1,0,0,5.37233E+20,5.31763E+21,9.49924E+15,4.80109E+16
52873,8.17082E+18,8,4,36,55,2017,8,20,5,3,9,1,0,1,0,0,0,1,1,5.7444E+20,5.30031E+21,9.99507E+15,4.78518E+16
52874,8.17082E+18,8,4,36,85,2017,8,19,5,3,2,6,0,1,0,0,0,0,1,5.59276E+20,5.29851E+21,9.79215E+15,4.78372E+16
52875,8.17082E+18,8,4,35,66,2017,8,18,5,3,0,7,0,0,0,1,0,0,1,5.18885E+20,5.28697E+21,9.25189E+15,4.77359E+16
52876,8.17082E+18,8,4,35,36,2017,8,11,5,3,8,7,1,0,0,0,0,0,0,5.19229E+20,5.28297E+21,9.25629E+15,4.76999E+16
52877,8.17082E+18,8,4,35,42,2017,8,15,5,2,8,1,0,0,0,1,0,0,0,5.53105E+20,5.2814E+21,9.70759E+15,4.76838E+16
52878,8.17082E+18,8,4,35,35,2017,8,21,5,3,0,1,1,0,0,0,0,2,1,5.42265E+20,5.28277E+21,9.5633E+15,4.76969E+16