OBJECTID,UIDENTSTLA,ULAND,UREGBEZ,UKREIS,UGEMEINDE,UJAHR,UMONAT,USTUNDE,UWOCHENTAG,UKATEGORIE,UART,UTYP1,IstRad,IstPKW,IstFuss,IstKrad,IstSonstig,LICHT,STRZUSTAND,LINREFX,LINREFY,XGCSWGS84,YGCSWGS84
52879,8.17082E+18,8,4,26,100,2017,8,6,5,3,4,2,0,1,0,0,0,0,0,5.68743E+20,5.31591E+21,9.92142E+15,4.79928E+16
52880,8.17082E+18,8,4,26,21,2017,8,7,5,3,0,7,1,0,0,0,1,0,1,5.57185E+20,5.32763E+21,9.76808E+15,4.80993E+16
52881,8.17082E+18,8,4,26,21,2017,8,13,5,3,3,2,1,0,0,0,1,0,0,5.58657E+20,5.32782E+21,9.78787E+15,4.81009E+16
52882,8.17083E+18,8,1,27,99,2017,8,8,2,3,4,6,0,0,0,0,1,0,0,5.64159E+20,5.44756E+21,9.88032E+15,4.91775E+16
52883,8.17082E+18,8,4,26,1,2017,8,18,5,3,9,7,0,1,0,0,0,0,0,5.67228E+20,5.34553E+21,9.90578E+15,4.82594E+16
52884,8.17083E+18,8,1,27,86,2017,8,12,2,3,8,1,0,1,0,0,0,0,0,5.5303E+20,5.44867E+21,9.72777E+15,4.91886E+16
52885,8.17082E+18,8,3,35,79,2017,8,12,5,3,2,2,0,1,0,0,0,0,0,5.00767E+20,5.29943E+21,9.01026E+15,4.78482E+16
52886,8.17082E+18,8,3,35,77,2017,8,17,5,3,5,2,0,1,0,0,1,0,1,4.94098E+20,5.29365E+21,8.92119E+15,4.77962E+16
52887,8.17082E+18,8,3,35,79,2017,8,18,5,2,5,1,1,1,0,0,0,0,1,4.97471E+20,5.29551E+21,8.96622E+15,4.7813E+16
52888,8.17082E+18,8,4,35,35,2017,8,22,5,2,0,7,1,0,0,0,0,2,1,5.41609E+20,5.2812E+21,9.55441E+15,4.76829E+16
52889,8.17082E+18,8,3,35,75,2017,8,11,5,2,0,6,1,0,0,0,0,0,0,4.90874E+20,5.28978E+21,8.87822E+15,4.77613E+16
52890,8.17082E+18,8,3,35,22,2017,8,16,5,3,3,1,0,1,0,0,1,1,1,4.83384E+20,5.30201E+21,8.7778E+15,4.78712E+16
52891,8.17082E+18,8,3,35,79,2017,8,17,5,3,9,1,0,1,0,0,0,0,0,4.98165E+20,5.29793E+21,8.97548E+15,4.78347E+16
52892,8.17082E+18,8,3,27,33,2017,8,14,5,3,4,6,0,1,0,0,1,0,0,4.86012E+20,5.32499E+21,8.8122E+15,4.8078E+16
52893,8.17082E+18,8,3,26,74,2017,8,16,5,3,4,2,0,1,0,0,0,0,0,4.59266E+20,5.32519E+21,8.45311E+15,4.80786E+16
52894,8.17082E+18,8,3,25,14,2017,8,17,5,3,4,6,0,1,0,0,0,0,0,4.64372E+20,5.33861E+21,8.52054E+15,4.81997E+16
52895,8.17082E+18,8,3,25,64,2017,8,14,5,1,4,6,0,1,0,0,1,0,0,4.76231E+20,5.33258E+21,8.68046E+15,4.8146E+16
52896,8.17082E+18,8,3,17,75,2017,8,13,5,3,5,7,0,1,0,0,1,0,0,4.13142E+20,5.36075E+21,7.82664E+15,4.83939E+16
52897,8.17082E+18,8,3,17,57,2017,8,7,5,3,5,3,0,1,0,0,1,0,0,4.13023E+20,5.38155E+21,7.82071E+15,4.8581E+16
52898,8.17083E+18,8,1,25,86,2017,8,16,2,2,8,7,0,0,0,1,0,0,0,5.04726E+20,5.44506E+21,9.06482E+15,4.91583E+16
52899,8.17083E+18,8,1,26,11,2017,8,12,2,2,5,2,0,0,0,1,1,0,0,5.29634E+20,5.44808E+21,9.40666E+15,4.91848E+16
52900,8.17083E+18,8,1,21,0,2017,8,7,2,3,2,6,0,1,0,0,0,0,0,5.12693E+20,5.44493E+21,9.17408E+15,4.91571E+16
52901,8.17082E+18,8,3,17,126,2017,8,14,5,3,6,6,1,0,1,0,0,0,0,4.41053E+20,5.38323E+21,8.20047E+15,4.85994E+16
52902,8.17082E+18,8,2,26,98,2017,8,16,5,3,1,6,0,1,0,0,0,0,0,4.78899E+20,5.45854E+21,8.70989E+15,4.92792E+16
52903,8.17082E+18,8,2,22,0,2017,8,15,5,2,2,6,0,1,0,0,0,0,0,4.65219E+20,5.47948E+21,8.51998E+15,4.9467E+16
52904,8.17082E+18,8,2,15,17,2017,8,9,5,2,9,1,0,0,0,1,1,0,1,4.54568E+20,5.42342E+21,8.37933E+15,4.8962E+16
52905,8.17082E+18,8,2,15,17,2017,8,14,5,3,2,6,0,1,0,0,0,0,0,4.57455E+20,5.42368E+21,8.41873E+15,4.89646E+16
52906,8.17082E+18,8,2,37,54,2017,8,11,5,3,5,3,0,1,0,0,0,0,0,4.70321E+20,5.37597E+21,8.59794E+15,4.85361E+16
52907,8.17082E+18,8,2,35,20,2017,8,18,5,3,8,1,1,0,0,0,0,0,0,4.756E+20,5.38128E+21,8.66914E+15,4.85842E+16
52908,8.17083E+18,8,1,21,0,2017,8,14,2,3,5,3,1,1,0,0,0,0,0,5.15866E+20,5.44247E+21,9.2175E+15,4.91349E+16
52909,8.17083E+18,8,1,21,0,2017,8,15,2,3,3,2,0,1,0,0,1,0,0,5.16441E+20,5.44617E+21,9.22554E+15,4.91681E+16
52910,8.17083E+18,8,1,19,8,2017,8,16,2,3,5,3,0,1,0,1,0,0,0,5.33145E+20,5.42225E+21,9.45273E+15,4.89523E+16
52911,8.17083E+18,8,1,19,83,2017,8,13,2,3,3,6,0,1,0,1,0,0,0,5.34448E+20,5.41945E+21,9.47028E+15,4.8927E+16
52912,8.17083E+18,8,1,18,54,2017,8,15,2,3,5,3,0,1,0,0,0,0,0,5.18341E+20,5.42245E+21,9.25053E+15,4.89547E+16
52913,8.17083E+18,8,1,18,79,2017,8,16,2,3,2,6,0,1,0,0,0,0,0,5.09831E+20,5.42245E+21,9.13428E+15,4.89549E+16
52914,8.17083E+18,8,1,18,7,2017,8,16,2,3,1,6,0,1,0,1,0,0,0,5.14434E+20,5.42898E+21,9.19739E+15,4.90136E+16
52915,8.17082E+18,8,2,35,32,2017,8,10,5,2,8,1,0,1,0,0,0,0,0,4.75002E+20,5.37621E+21,8.66135E+15,4.85385E+16
52916,8.17083E+18,8,1,18,80,2017,8,8,2,3,2,6,0,1,0,0,1,0,0,5.07235E+20,5.4094E+21,9.09859E+15,4.88375E+16
52917,8.17082E+18,8,2,35,20,2017,8,10,5,3,4,6,0,1,0,0,0,0,0,4.7831E+20,5.38328E+21,8.70578E+15,4.86023E+16
52918,8.17083E+18,8,1,17,38,2017,8,21,2,2,4,2,0,1,0,0,0,2,0,5.46469E+20,5.39683E+21,9.63183E+15,4.87228E+16
52919,8.17082E+18,8,2,35,7,2017,8,8,5,3,8,1,0,1,0,0,0,0,0,4.86498E+20,5.39727E+21,8.8164E+15,4.87283E+16
52920,8.17082E+18,8,2,36,4,2017,8,13,5,3,5,3,0,1,0,0,0,0,0,4.73972E+20,5.41347E+21,8.64504E+15,4.88736E+16
52921,8.17083E+18,8,1,16,71,2017,8,6,2,3,2,6,0,1,0,0,0,0,0,5.27694E+20,5.39126E+21,9.37617E+15,4.86737E+16
52922,8.17082E+18,8,2,26,32,2017,8,7,5,3,2,6,0,1,0,0,0,0,0,4.638E+20,5.46437E+21,8.50176E+15,4.93309E+16
52923,8.17083E+18,8,1,16,78,2017,8,15,2,3,5,6,0,1,0,0,0,0,0,5.1311E+20,5.39326E+21,9.17814E+15,4.86923E+16
52924,8.17082E+18,8,2,22,0,2017,8,14,5,3,5,2,0,1,0,0,0,0,0,4.63793E+20,5.4803E+21,8.50022E+15,4.94743E+16
52925,8.17082E+18,8,2,21,0,2017,8,0,5,3,2,6,0,1,0,0,0,2,0,4.77381E+20,5.46812E+21,8.68846E+15,4.93654E+16
52926,8.17082E+18,8,2,16,17,2017,8,9,5,3,6,6,1,0,1,0,0,0,0,4.49171E+20,5.40176E+21,8.30829E+15,4.87667E+16
52927,8.17082E+18,8,2,15,7,2017,8,15,5,3,2,6,0,1,0,0,0,0,0,4.80373E+20,5.43042E+21,8.73152E+15,4.90264E+16
52928,8.17082E+18,8,1,36,87,2017,8,19,5,2,8,1,0,1,0,0,0,0,0,6.04135E+20,5.41351E+21,1.04199E+16,4.88658E+16
52929,8.17082E+18,8,1,28,131,2017,8,16,5,3,2,2,0,1,0,1,0,0,0,5.3683E+20,5.51245E+21,9.5114E+15,4.97634E+16
52930,8.17082E+18,8,1,27,14,2017,8,16,5,2,8,1,0,1,0,0,0,0,0,5.77069E+20,5.44204E+21,1.00564E+16,4.91264E+16
52931,8.17082E+18,8,1,25,86,2017,8,20,5,2,5,3,0,1,0,1,0,2,0,5.03421E+20,5.4437E+21,9.04691E+15,4.91461E+16
52932,8.17082E+18,8,1,25,59,2017,8,21,5,3,8,2,0,0,0,1,0,1,0,5.28737E+20,5.43769E+21,9.39361E+15,4.90914E+16
52933,8.17082E+18,8,1,25,69,2017,8,7,5,3,5,3,0,1,0,0,0,0,0,5.23565E+20,5.4538E+21,9.32371E+15,4.92366E+16
52934,8.17082E+18,8,1,19,85,2017,8,13,5,3,5,3,0,1,0,0,0,0,0,5.29229E+20,5.41406E+21,9.39865E+15,4.88788E+16
52935,8.17082E+18,8,1,19,79,2017,8,18,5,3,2,6,0,1,0,0,0,0,0,5.21531E+20,5.40742E+21,9.29332E+15,4.88194E+16
52936,8.17082E+18,8,1,19,67,2017,8,6,5,3,0,7,1,0,0,0,0,0,0,5.39647E+20,5.41043E+21,9.54039E+15,4.88456E+16
52937,8.17082E+18,8,1,19,8,2017,8,11,5,3,5,2,1,0,0,0,1,0,0,5.30074E+20,5.42272E+21,9.41081E+15,4.89567E+16
52938,8.17082E+18,8,1,18,49,2017,8,18,5,3,4,6,1,1,0,0,0,0,0,5.1874E+20,5.42106E+21,9.25592E+15,4.89422E+16
52939,8.17082E+18,8,1,16,35,2017,8,17,5,3,2,6,0,1,0,0,1,0,0,5.24823E+20,5.39182E+21,9.33721E+15,4.8679E+16
52940,8.17082E+18,8,1,17,26,2017,8,8,5,3,2,6,0,1,0,0,0,0,0,5.46744E+20,5.39526E+21,9.63538E+15,4.87086E+16
52941,8.17082E+18,8,1,17,42,2017,8,19,5,3,0,1,1,0,0,0,0,1,0,5.54184E+20,5.39316E+21,9.73624E+15,4.86891E+16
52942,8.17082E+18,8,1,16,14,2017,8,12,5,3,2,1,0,1,0,0,1,0,0,5.28079E+20,5.39615E+21,9.38174E+15,4.87178E+16
52943,8.17082E+18,8,1,15,41,2017,8,13,5,2,5,3,0,1,0,0,0,0,0,4.94891E+20,5.40315E+21,8.93045E+15,4.87813E+16
52944,8.17082E+18,8,1,11,0,2017,8,18,5,3,7,1,0,1,0,0,0,0,0,5.15066E+20,5.39857E+21,9.20492E+15,4.874E+16
52945,8.17083E+18,8,1,16,49,2017,8,20,2,3,0,3,0,1,0,0,0,1,0,5.25781E+20,5.38409E+21,9.34975E+15,4.86094E+16
52946,8.17083E+18,8,1,16,53,2017,8,16,2,2,8,7,1,0,0,0,1,0,0,5.38742E+20,5.388E+21,9.52594E+15,4.86438E+16
52947,8.17083E+18,8,1,11,0,2017,8,16,2,2,1,5,0,1,0,0,0,0,0,5.11502E+20,5.41049E+21,9.15678E+15,4.88473E+16
52948,8.17083E+18,8,1,11,0,2017,8,13,2,2,5,3,0,1,0,0,1,0,0,5.1598E+20,5.40686E+21,9.21767E+15,4.88145E+16
52949,8.17083E+18,8,1,11,0,2017,8,23,2,3,2,6,0,1,0,0,0,2,0,5.15938E+20,5.40893E+21,9.21718E+15,4.88332E+16
52950,8.17083E+18,8,4,36,81,2017,8,13,1,3,0,7,1,0,0,0,1,0,1,5.6275E+20,5.28195E+21,9.83617E+15,4.76879E+16
52951,8.17083E+18,8,4,36,10,2017,8,12,1,3,8,1,0,1,0,0,0,0,0,5.66495E+20,5.30751E+21,9.88999E+15,4.79174E+16
52952,8.17083E+18,8,4,35,16,2017,8,15,1,3,5,3,1,1,0,0,0,0,0,5.3169E+20,5.28049E+21,9.4222E+15,4.7677E+16
52953,8.17083E+18,8,4,26,19,2017,8,19,1,1,8,1,0,1,0,0,0,1,0,5.81772E+20,5.32189E+21,1.00972E+16,4.8045E+16
52954,8.17082E+18,8,1,11,0,2017,8,15,5,3,2,6,0,1,0,0,1,0,0,5.15509E+20,5.40595E+21,9.21122E+15,4.88063E+16
52955,8.17082E+18,8,1,11,0,2017,8,7,5,3,2,2,0,1,0,0,0,0,0,5.16842E+20,5.40665E+21,9.2294E+15,4.88126E+16
52956,8.17082E+18,8,4,36,10,2017,8,18,4,3,9,1,0,0,0,1,0,0,0,5.62846E+20,5.30077E+21,9.84017E+15,4.78572E+16
52957,8.17082E+18,8,4,36,4,2017,8,11,4,3,3,6,0,1,0,0,1,0,0,5.81912E+20,5.30958E+21,1.00967E+16,4.79343E+16
52958,8.17082E+18,8,4,36,11,2017,8,7,4,2,0,1,1,0,0,0,0,0,0,5.48713E+20,5.29715E+21,9.65085E+15,4.78259E+16
52959,8.17083E+18,8,4,26,97,2017,8,15,1,2,8,1,0,0,0,1,0,0,0,5.38091E+20,5.34069E+21,9.5128E+15,4.82183E+16
52960,8.17082E+18,8,4,36,55,2017,8,17,4,3,0,2,0,0,0,1,1,0,0,5.76833E+20,5.29698E+21,1.00265E+16,4.78216E+16
52961,8.17083E+18,8,4,25,8,2017,8,21,1,3,8,1,0,1,0,0,0,2,0,5.68933E+20,5.38363E+21,9.93503E+15,4.86019E+16
52962,8.17082E+18,8,4,35,57,2017,8,9,4,3,4,6,1,0,0,0,0,0,0,5.43668E+20,5.2795E+21,9.58168E+15,4.76674E+16
52963,8.17083E+18,8,4,17,2,2017,8,16,1,3,8,1,0,1,0,0,0,0,0,4.91887E+20,5.34276E+21,8.89074E+15,4.8238E+16
52964,8.17082E+18,8,4,35,16,2017,8,12,4,3,5,3,0,1,0,1,0,0,0,5.36758E+20,5.28182E+21,9.48982E+15,4.76887E+16
52965,8.17082E+18,8,4,35,57,2017,8,21,4,3,2,3,0,1,0,1,0,2,0,5.44742E+20,5.27998E+21,9.59603E+15,4.76717E+16
52966,8.17083E+18,8,4,17,79,2017,8,15,1,3,8,1,1,0,0,0,0,0,1,5.03541E+20,5.34021E+21,9.04767E+15,4.82151E+16
52967,8.17082E+18,8,4,25,8,2017,8,18,4,3,5,3,0,1,0,0,0,0,0,5.6407E+20,5.38173E+21,9.86877E+15,4.85854E+16
52968,8.17083E+18,8,3,37,2,2017,8,12,1,3,9,1,0,1,0,0,0,0,0,4.37095E+20,5.27402E+21,8.1629E+15,4.76165E+16
52969,8.17082E+18,8,4,25,93,2017,8,17,4,3,4,6,0,1,0,0,0,0,0,5.59507E+20,5.34903E+21,9.80226E+15,4.82917E+16
52970,8.17083E+18,8,3,36,87,2017,8,12,1,3,0,7,0,1,0,0,0,0,0,4.21452E+20,5.29426E+21,7.95111E+15,4.77969E+16
52971,8.17082E+18,8,4,16,41,2017,8,17,4,3,5,3,0,1,0,1,0,0,0,4.99125E+20,5.37203E+21,8.98815E+15,4.85014E+16
52972,8.17082E+18,8,4,16,36,2017,8,17,4,3,6,4,0,1,1,0,0,0,0,4.95235E+20,5.36894E+21,8.93553E+15,4.84735E+16
52973,8.17082E+18,8,4,15,92,2017,8,14,4,2,4,6,0,1,0,0,0,0,0,5.18894E+20,5.36453E+21,9.25543E+15,4.84336E+16
52974,8.17082E+18,8,4,15,80,2017,8,20,4,3,0,1,1,0,0,0,0,0,0,5.11039E+20,5.37372E+21,9.14948E+15,4.85165E+16
52975,8.17082E+18,8,4,15,61,2017,8,13,4,3,2,6,0,1,0,0,1,0,0,5.15221E+20,5.37228E+21,9.20605E+15,4.85035E+16
52976,8.17082E+18,8,3,37,22,2017,8,17,4,2,5,3,0,1,0,1,0,0,0,4.49932E+20,5.2957E+21,8.33123E+15,4.78127E+16
52977,8.17082E+18,8,3,35,79,2017,8,5,4,2,5,3,0,1,0,0,0,2,0,4.99161E+20,5.29818E+21,8.98878E+15,4.7837E+16
52978,8.17082E+18,8,3,35,63,2017,8,19,4,2,5,3,1,1,0,0,0,1,0,4.98488E+20,5.2919E+21,8.97981E+15,4.77805E+16
52979,8.17082E+18,8,4,35,59,2017,8,19,4,3,3,6,0,1,0,1,0,0,0,5.17123E+20,5.29134E+21,9.22855E+15,4.77752E+16
52980,8.17082E+18,8,3,17,1,2017,8,15,4,3,4,6,1,0,0,0,0,0,0,4.27929E+20,5.39164E+21,8.02103E+15,4.86737E+16
52981,8.17082E+18,8,3,15,74,2017,8,16,4,3,4,2,0,1,0,0,0,0,0,3.95874E+20,5.29618E+21,7.60919E+15,4.78105E+16
52982,8.17082E+18,8,3,15,6,2017,8,11,4,3,5,3,0,0,0,1,1,0,0,4.03903E+20,5.30652E+21,7.71411E+15,4.79048E+16
52983,8.17082E+18,8,3,15,15,2017,8,6,4,3,3,6,1,0,0,0,1,0,0,3.98952E+20,5.31618E+21,7.64562E+15,4.79909E+16
52984,8.17083E+18,8,3,35,79,2017,8,18,1,3,3,6,1,1,0,0,0,0,0,5.00334E+20,5.29938E+21,9.00447E+15,4.78478E+16
52985,8.17083E+18,8,3,35,77,2017,8,14,1,3,0,1,1,0,0,0,0,0,1,4.93687E+20,5.29225E+21,8.91572E+15,4.77836E+16
52986,8.17083E+18,8,4,36,79,2017,8,11,1,2,4,2,0,1,0,1,0,0,0,5.53269E+20,5.29096E+21,9.71095E+15,4.77698E+16
52987,8.17083E+18,8,3,27,51,2017,8,15,1,2,0,1,1,0,0,0,0,0,0,4.84743E+20,5.33156E+21,8.79493E+15,4.81371E+16
52988,8.17083E+18,8,3,27,57,2017,8,13,1,3,5,3,0,1,0,1,0,0,0,4.89533E+20,5.30897E+21,8.85987E+15,4.7934E+16
52989,8.17082E+18,8,2,36,46,2017,8,11,4,3,1,6,0,1,0,0,0,0,0,4.82913E+20,5.41778E+21,8.7668E+15,4.89127E+16
52990,8.17082E+18,8,2,36,71,2017,8,10,4,3,1,6,0,1,0,0,0,0,0,4.69063E+20,5.41983E+21,8.57761E+15,4.89306E+16
52991,8.17083E+18,8,3,26,74,2017,8,15,1,3,5,3,0,1,0,0,0,0,0,4.59675E+20,5.32447E+21,8.45866E+15,4.80722E+16
52992,8.17082E+18,8,2,26,38,2017,8,12,4,2,2,6,0,1,0,0,0,0,0,4.74008E+20,5.48031E+21,8.64121E+15,4.94749E+16
52993,8.17083E+18,8,3,26,55,2017,8,15,1,3,5,2,0,1,0,1,0,0,0,4.39217E+20,5.33328E+21,8.18279E+15,4.81499E+16
52994,8.17082E+18,8,2,15,100,2017,8,16,4,3,2,6,0,1,0,0,1,0,0,4.7097E+20,5.45125E+21,8.60139E+15,4.92133E+16
52995,8.17083E+18,8,3,25,64,2017,8,18,1,2,8,1,0,0,0,1,0,0,0,4.80657E+20,5.33258E+21,8.73996E+15,4.81461E+16
52996,8.17082E+18,8,2,37,28,2017,8,12,4,3,4,2,0,1,0,0,0,0,0,4.58384E+20,5.36803E+21,8.43704E+15,4.8464E+16
52997,8.17082E+18,8,2,35,8,2017,8,19,4,2,4,2,0,1,0,0,0,0,0,4.80117E+20,5.40105E+21,8.72944E+15,4.87621E+16
52998,8.17082E+18,8,2,35,85,2017,8,15,4,3,2,6,0,1,0,0,0,0,0,4.75576E+20,5.39693E+21,8.66791E+15,4.87249E+16
52999,8.17082E+18,8,2,36,68,2017,8,21,4,3,5,3,0,1,0,1,0,2,0,4.86914E+20,5.41329E+21,8.82155E+15,4.88725E+16
53000,8.17082E+18,8,2,26,96,2017,8,11,4,3,2,6,0,1,0,0,0,0,0,4.75447E+20,5.48764E+21,8.66062E+15,4.95409E+16
53001,8.17082E+18,8,2,26,85,2017,8,20,4,3,9,1,0,0,0,1,0,1,0,4.90478E+20,5.44811E+21,8.86933E+15,4.91857E+16
53002,8.17082E+18,8,2,25,115,2017,8,9,4,3,2,6,0,1,0,0,1,0,0,5.20276E+20,5.47343E+21,9.27953E+15,4.94132E+16
53003,8.17082E+18,8,2,22,0,2017,8,14,4,3,2,6,0,1,0,0,0,0,0,4.62901E+20,5.48283E+21,8.48767E+15,4.9497E+16
53004,8.17082E+18,8,2,15,7,2017,8,12,4,3,1,6,0,1,0,0,1,0,0,4.78494E+20,5.43103E+21,8.70578E+15,4.90317E+16
53005,8.17082E+18,8,2,15,17,2017,8,14,4,3,6,7,0,1,1,0,0,0,0,4.57647E+20,5.41626E+21,8.42213E+15,4.88978E+16
53006,8.17082E+18,8,2,12,0,2017,8,16,4,3,5,2,1,1,0,0,0,0,0,4.55999E+20,5.42922E+21,8.39824E+15,4.90143E+16
53007,8.17082E+18,8,2,15,17,2017,8,15,4,3,2,6,0,1,0,1,0,0,0,4.58261E+20,5.42046E+21,8.43007E+15,4.89356E+16
53008,8.17083E+18,8,3,25,49,2017,8,14,1,3,5,3,1,0,0,1,0,0,0,4.70845E+20,5.33697E+21,8.60775E+15,4.81853E+16
53009,8.17083E+18,8,3,17,96,2017,8,11,1,3,3,2,1,1,0,0,0,0,0,4.21032E+20,5.36845E+21,7.93176E+15,4.84642E+16
53010,8.17082E+18,8,2,16,52,2017,8,13,4,3,3,2,0,1,0,0,1,0,0,4.41355E+20,5.4179E+21,8.19963E+15,4.89113E+16
53011,8.17083E+18,8,3,17,121,2017,8,19,1,3,2,6,0,1,0,0,1,0,0,4.22476E+20,5.34708E+21,7.95523E+15,4.82722E+16
53012,8.17083E+18,8,2,15,39,2017,8,11,1,3,1,6,0,1,0,0,0,0,0,4.71026E+20,5.45372E+21,8.60199E+15,4.92356E+16
53013,8.17083E+18,8,2,31,0,2017,8,21,1,3,2,6,0,1,0,0,0,2,0,4.80211E+20,5.4185E+21,8.72989E+15,4.89191E+16
53014,8.17083E+18,8,2,12,0,2017,8,18,1,2,5,2,0,1,0,1,0,0,0,4.55243E+20,5.42927E+21,8.3879E+15,4.90147E+16
53015,8.17083E+18,8,2,15,46,2017,8,21,1,3,2,6,0,1,0,0,1,2,1,4.48972E+20,5.41575E+21,8.30384E+15,4.88926E+16
53016,8.17083E+18,8,2,36,72,2017,8,12,1,3,5,3,0,1,0,1,0,0,0,4.6679E+20,5.41061E+21,8.54733E+15,4.88476E+16
53017,8.17083E+18,8,2,31,0,2017,8,14,1,3,0,1,0,0,0,1,0,0,0,4.75864E+20,5.41491E+21,8.67076E+15,4.88867E+16
53018,8.17083E+18,8,2,26,63,2017,8,17,1,3,5,3,0,1,0,0,0,0,0,4.7106E+20,5.47162E+21,8.60116E+15,4.93966E+16
53019,8.17083E+18,8,2,26,49,2017,8,17,1,3,4,2,0,1,0,0,0,0,0,4.86656E+20,5.46295E+21,8.81638E+15,4.93192E+16
53020,8.17082E+18,8,3,17,56,2017,8,16,4,2,0,7,1,0,0,0,0,0,0,4.34205E+20,5.3838E+21,8.10751E+15,4.86038E+16
53021,8.17082E+18,8,1,36,88,2017,8,18,4,3,2,6,0,1,0,0,0,0,0,5.80589E+20,5.41237E+21,1.00987E+16,4.88591E+16
53022,8.17082E+18,8,1,35,15,2017,8,14,4,2,8,1,0,0,0,1,0,0,0,5.72842E+20,5.38425E+21,9.98815E+15,4.86071E+16
53023,8.17082E+18,8,1,28,139,2017,8,23,4,3,8,1,0,0,0,1,0,2,0,5.57499E+20,5.49113E+21,9.79524E+15,4.957E+16
53024,8.17082E+18,8,1,26,11,2017,8,12,4,3,5,3,1,1,0,0,0,0,0,5.32049E+20,5.44585E+21,9.43963E+15,4.91647E+16
53025,8.17082E+18,8,1,26,11,2017,8,16,4,2,5,3,0,1,0,1,0,0,0,5.29113E+20,5.44765E+21,9.39948E+15,4.9181E+16
53026,8.17082E+18,8,1,26,11,2017,8,9,4,2,1,6,0,0,0,0,1,0,0,5.31715E+20,5.44927E+21,9.43532E+15,4.91955E+16
53027,8.17082E+18,8,1,25,6,2017,8,9,4,2,2,6,0,1,0,0,1,0,0,5.02112E+20,5.4512E+21,9.029E+15,4.92136E+16
53028,8.17082E+18,8,1,19,90,2017,8,1,4,2,6,4,0,1,1,0,0,2,0,5.33722E+20,5.40603E+21,9.45927E+15,4.88064E+16
53029,8.17082E+18,8,1,18,78,2017,8,11,4,3,5,3,0,1,0,0,0,0,0,5.132E+20,5.41962E+21,9.18021E+15,4.89294E+16
53030,8.17082E+18,8,1,17,43,2017,8,15,4,3,2,2,0,1,0,0,0,0,0,5.51985E+20,5.38913E+21,9.70585E+15,4.8653E+16
53031,8.17082E+18,8,1,17,24,2017,8,22,4,3,9,1,0,1,0,0,0,2,0,5.60389E+20,5.38408E+21,9.81921E+15,4.86069E+16
53032,8.17082E+18,8,1,16,49,2017,8,12,4,3,5,2,1,0,0,0,1,0,0,5.23026E+20,5.38502E+21,9.31243E+15,4.86178E+16
53033,8.17082E+18,8,1,16,56,2017,8,9,4,2,9,1,0,1,0,0,0,0,0,5.31485E+20,5.3989E+21,9.42826E+15,4.87423E+16
53034,8.17082E+18,8,1,15,41,2017,8,6,4,3,8,7,0,1,0,0,0,1,0,4.9383E+20,5.40181E+21,8.91604E+15,4.87693E+16
53035,8.17082E+18,8,1,11,0,2017,8,6,4,3,0,6,0,1,0,0,1,0,0,5.15305E+20,5.40569E+21,9.20843E+15,4.8804E+16
53036,8.17082E+18,8,1,11,0,2017,8,14,4,3,2,2,0,1,0,0,1,0,0,5.07472E+20,5.40032E+21,9.10166E+15,4.87558E+16
53037,8.17082E+18,8,1,11,0,2017,8,6,4,3,5,3,0,1,0,1,0,1,0,5.10338E+20,5.40313E+21,9.14072E+15,4.87811E+16
53038,8.17083E+18,8,2,22,0,2017,8,18,1,3,2,6,0,1,0,0,0,0,0,4.59976E+20,5.48912E+21,8.44664E+15,4.95534E+16
53039,8.17083E+18,8,2,16,13,2017,8,11,1,3,4,1,0,0,0,1,1,0,0,4.50519E+20,5.39528E+21,8.32741E+15,4.87086E+16
53040,8.17083E+18,8,2,16,13,2017,8,5,1,2,9,1,0,0,0,1,0,2,0,4.47534E+20,5.38548E+21,8.28808E+15,4.86202E+16
53041,8.17083E+18,8,2,15,40,2017,8,16,1,3,5,3,0,1,0,0,0,0,0,4.88557E+20,5.43641E+21,8.84331E+15,4.90804E+16
53042,8.17083E+18,8,2,15,110,2017,8,14,1,3,0,1,1,0,0,0,0,0,0,4.59757E+20,5.41977E+21,8.45058E+15,4.89295E+16
53043,8.17083E+18,8,3,17,57,2017,8,4,1,1,6,4,0,1,1,0,0,2,0,4.13775E+20,5.37634E+21,7.83198E+15,4.85342E+16
53044,8.17083E+18,8,2,16,7,2017,8,12,1,2,6,6,1,0,1,0,0,0,0,4.36948E+20,5.39518E+21,8.14297E+15,4.87064E+16
53045,8.17083E+18,8,1,15,42,2017,8,23,1,3,2,6,0,1,0,0,0,2,0,4.94432E+20,5.40632E+21,8.92416E+15,4.88099E+16
53046,8.17082E+18,8,4,35,16,2017,8,16,3,3,4,6,0,1,0,1,0,0,0,5.35794E+20,5.2815E+21,9.47695E+15,4.76859E+16
53047,8.17082E+18,8,4,36,95,2017,8,18,3,2,4,2,0,1,0,1,0,0,0,5.35305E+20,5.29345E+21,9.47141E+15,4.77935E+16
53048,8.17082E+18,8,4,17,44,2017,8,12,3,3,3,2,0,1,0,1,0,0,0,4.92175E+20,5.33571E+21,8.89475E+15,4.81745E+16
53049,8.17082E+18,8,4,16,48,2017,8,15,3,3,5,2,0,1,0,1,0,0,0,4.9631E+20,5.37572E+21,8.95002E+15,4.85346E+16
53050,8.17082E+18,8,4,15,61,2017,8,9,3,3,5,2,0,1,0,0,0,0,0,5.16808E+20,5.37548E+21,9.22768E+15,4.85322E+16
53051,8.17082E+18,8,3,35,98,2017,8,15,3,3,4,6,0,1,0,0,0,0,0,5.02683E+20,5.29614E+21,9.03584E+15,4.78186E+16