OBJECTID,UIDENTSTLA,ULAND,UREGBEZ,UKREIS,UGEMEINDE,UJAHR,UMONAT,USTUNDE,UWOCHENTAG,UKATEGORIE,UART,UTYP1,IstRad,IstPKW,IstFuss,IstKrad,IstSonstig,LICHT,STRZUSTAND,LINREFX,LINREFY,XGCSWGS84,YGCSWGS84
53052,8.17082E+18,8,3,35,75,2017,8,16,3,3,5,2,1,1,0,0,0,0,0,4.88608E+20,5.28803E+21,8.84804E+15,4.77456E+16
53053,8.17082E+18,8,3,35,43,2017,8,18,3,3,2,6,0,1,0,0,0,0,0,5.09747E+20,5.28119E+21,9.12988E+15,4.76841E+16
53054,8.17082E+18,8,3,26,12,2017,8,11,3,3,5,2,0,1,0,1,0,0,0,4.65519E+20,5.30828E+21,8.53841E+15,4.79269E+16
53055,8.17082E+18,8,3,25,61,2017,8,15,3,3,1,6,0,1,0,0,0,0,0,4.75347E+20,5.35434E+21,8.6673E+15,4.83418E+16
53056,8.17082E+18,8,3,17,96,2017,8,19,3,3,5,7,0,1,0,0,0,0,0,4.21241E+20,5.36919E+21,7.93444E+15,4.84709E+16
53057,8.17083E+18,8,1,36,65,2017,8,13,1,3,4,1,0,1,0,0,0,0,1,5.55839E+20,5.40467E+21,9.76028E+15,4.87926E+16
53058,8.17082E+18,8,3,17,65,2017,8,16,3,3,4,6,0,1,0,0,1,0,0,4.13539E+20,5.35403E+21,7.83338E+15,4.83335E+16
53059,8.17083E+18,8,1,36,2,2017,8,18,1,3,8,1,0,0,0,1,0,0,0,5.65956E+20,5.41845E+21,9.90023E+15,4.89154E+16
53060,8.17082E+18,8,3,17,31,2017,8,17,3,3,5,3,1,1,0,0,0,0,0,4.15465E+20,5.35942E+21,7.85829E+15,4.83822E+16
53061,8.17082E+18,8,3,17,31,2017,8,13,3,3,2,6,0,1,0,0,0,0,0,4.14102E+20,5.36072E+21,7.83962E+15,4.83937E+16
53062,8.17082E+18,8,3,16,10,2017,8,12,3,2,4,1,0,1,0,1,1,0,0,4.29495E+20,5.33456E+21,8.05189E+15,4.81604E+16
53063,8.17082E+18,8,2,12,0,2017,8,2,3,2,8,1,0,0,0,0,1,2,0,4.63984E+20,5.42263E+21,8.50804E+15,4.89555E+16
53064,8.17082E+18,8,2,12,0,2017,8,19,3,3,1,5,1,1,0,0,0,0,0,4.61471E+20,5.42676E+21,8.47331E+15,4.89925E+16
53065,8.17082E+18,8,2,15,17,2017,8,10,3,3,2,6,0,1,0,0,1,0,0,4.53883E+20,5.42178E+21,8.37015E+15,4.89472E+16
53066,8.17082E+18,8,2,15,46,2017,8,17,3,2,2,6,0,1,0,1,0,0,0,4.49108E+20,5.4158E+21,8.30569E+15,4.88931E+16
53067,8.17082E+18,8,2,36,50,2017,8,17,3,2,3,6,0,0,0,1,1,0,0,4.85407E+20,5.42316E+21,8.80063E+15,4.89612E+16
53068,8.17082E+18,8,2,36,44,2017,8,20,3,2,0,1,0,0,0,1,0,0,0,4.79236E+20,5.40732E+21,8.71714E+15,4.88185E+16
53069,8.17082E+18,8,2,36,75,2017,8,13,3,2,4,6,0,1,0,0,0,0,0,4.80075E+20,5.42234E+21,8.72784E+15,4.89537E+16
53070,8.17082E+18,8,2,36,46,2017,8,13,3,3,2,6,0,1,0,0,0,0,0,4.82838E+20,5.4179E+21,8.76576E+15,4.89138E+16
53071,8.17082E+18,8,2,36,46,2017,8,14,3,3,2,6,0,1,0,0,0,0,0,4.82849E+20,5.4179E+21,8.76592E+15,4.89138E+16
53072,8.17082E+18,8,2,26,95,2017,8,5,3,3,4,2,0,1,0,1,0,2,0,4.75183E+20,5.45984E+21,8.65871E+15,4.92908E+16
53073,8.17083E+18,8,1,36,33,2017,8,18,1,3,4,1,0,1,0,0,0,0,1,5.79075E+20,5.41622E+21,1.00788E+16,4.88939E+16
53074,8.17083E+18,8,1,35,26,2017,8,10,1,3,8,1,0,1,0,0,0,0,1,5.89418E+20,5.39473E+21,1.02152E+16,4.86992E+16
53075,8.17083E+18,8,1,28,115,2017,8,15,1,2,4,6,0,1,0,0,0,0,0,5.49684E+20,5.49522E+21,9.68768E+15,4.96075E+16
53076,8.17083E+18,8,1,27,76,2017,8,11,1,3,2,6,0,1,0,0,0,0,0,5.53889E+20,5.44289E+21,9.73879E+15,4.91365E+16
53077,8.17083E+18,8,1,27,25,2017,8,17,1,3,0,1,0,0,0,1,0,0,1,5.5701E+20,5.42901E+21,9.77962E+15,4.90114E+16
53078,8.17083E+18,8,1,36,60,2017,8,18,1,2,8,7,0,0,0,1,0,0,0,5.71608E+20,5.43081E+21,9.97953E+15,4.9026E+16
53079,8.17082E+18,8,2,26,76,2017,8,21,3,3,2,6,0,1,0,0,0,2,0,4.74301E+20,5.46357E+21,8.64634E+15,4.93243E+16
53080,8.17082E+18,8,2,26,49,2017,8,1,3,2,8,1,0,1,0,0,0,2,0,4.86521E+20,5.4619E+21,8.81456E+15,4.93097E+16
53081,8.17082E+18,8,2,16,24,2017,8,0,3,3,9,7,0,0,0,1,0,2,0,4.45178E+20,5.40607E+21,8.25338E+15,4.88052E+16
53082,8.17083E+18,8,1,36,2,2017,8,15,1,2,9,1,0,0,0,1,0,0,0,5.71715E+20,5.41713E+21,9.97859E+15,4.89029E+16
53083,8.17082E+18,8,2,16,7,2017,8,15,3,3,0,3,0,1,0,1,0,0,0,4.37516E+20,5.39231E+21,8.15114E+15,4.86807E+16
53084,8.17082E+18,8,2,12,0,2017,8,6,3,2,8,7,0,1,0,0,0,2,0,4.52519E+20,5.42759E+21,8.35085E+15,4.89993E+16
53085,8.17083E+18,8,1,26,11,2017,8,17,1,2,4,2,0,1,0,1,0,0,0,5.33272E+20,5.44551E+21,9.45637E+15,4.91615E+16
53086,8.17083E+18,8,1,18,63,2017,8,12,1,3,4,6,0,1,0,1,0,0,0,5.15645E+20,5.42465E+21,9.21379E+15,4.89746E+16
53087,8.17083E+18,8,1,18,79,2017,8,14,1,3,0,6,0,1,0,1,0,0,0,5.10148E+20,5.42184E+21,9.1386E+15,4.89494E+16
53088,8.17083E+18,8,1,17,31,2017,8,13,1,3,2,6,0,1,0,0,0,0,0,5.46875E+20,5.3777E+21,9.63517E+15,4.85507E+16
53089,8.17083E+18,8,1,15,51,2017,8,17,1,3,2,6,0,1,0,0,0,0,0,5.05108E+20,5.38237E+21,9.06927E+15,4.85944E+16
53090,8.17082E+18,8,2,11,0,2017,8,17,3,3,2,2,0,1,0,0,0,0,0,4.43102E+20,5.40648E+21,8.22506E+15,4.88087E+16
53091,8.17082E+18,8,1,15,34,2017,8,19,3,2,8,1,0,0,0,1,0,0,0,4.82457E+20,5.37645E+21,8.76233E+15,4.85409E+16
53092,8.17082E+18,8,1,15,45,2017,8,7,3,3,5,3,0,1,0,0,1,0,0,5.04665E+20,5.39713E+21,9.06343E+15,4.87272E+16
53093,8.17082E+18,8,1,36,42,2017,8,10,3,3,8,1,0,1,0,0,0,0,0,5.5101E+20,5.40481E+21,9.69454E+15,4.87942E+16
53094,8.17082E+18,8,1,27,86,2017,8,19,3,2,5,3,0,1,0,0,0,0,0,5.51843E+20,5.44638E+21,9.71119E+15,4.91681E+16
53095,8.17082E+18,8,1,25,30,2017,8,16,3,3,5,3,0,0,0,1,1,0,0,5.16507E+20,5.43692E+21,9.22607E+15,4.90849E+16
53096,8.17082E+18,8,1,25,98,2017,8,19,3,3,4,6,0,1,0,1,0,0,0,5.25193E+20,5.4371E+21,9.34503E+15,4.90863E+16
53097,8.17082E+18,8,1,19,8,2017,8,20,3,3,8,1,0,1,0,0,0,0,0,5.32115E+20,5.42151E+21,9.4386E+15,4.89457E+16
53098,8.17082E+18,8,1,18,19,2017,8,6,3,3,4,6,0,1,0,0,0,0,0,5.04811E+20,5.40446E+21,9.06551E+15,4.87931E+16
53099,8.17082E+18,8,1,18,79,2017,8,9,3,2,4,6,0,1,0,0,0,0,0,5.08695E+20,5.42135E+21,9.11875E+15,4.8945E+16
53100,8.17082E+18,8,1,18,6,2017,8,13,3,1,8,7,0,1,0,0,0,0,0,5.16841E+20,5.42037E+21,9.22996E+15,4.8936E+16
53101,8.17083E+18,8,1,11,0,2017,8,13,1,2,3,6,0,1,0,1,0,0,0,5.16989E+20,5.40367E+21,9.23128E+15,4.87858E+16
53102,8.17083E+18,8,4,37,104,2017,8,22,7,3,7,7,0,1,0,0,0,2,0,5.12614E+20,5.32949E+21,9.16949E+15,4.81185E+16
53103,8.17083E+18,8,4,37,65,2017,8,8,7,2,4,2,0,1,0,1,0,0,0,5.19327E+20,5.31889E+21,9.2592E+15,4.8023E+16
53104,8.17083E+18,8,4,36,64,2017,8,21,7,3,5,3,0,1,0,1,0,2,0,5.46469E+20,5.29229E+21,9.62034E+15,4.77823E+16
53105,8.17083E+18,8,4,35,29,2017,8,11,7,3,5,3,0,1,0,0,0,0,0,5.4457E+20,5.27293E+21,9.59301E+15,4.76082E+16
53106,8.17083E+18,8,4,26,14,2017,8,9,7,3,5,3,0,1,0,0,0,0,0,5.48189E+20,5.31918E+21,9.64631E+15,4.80241E+16
53107,8.17083E+18,8,4,21,0,2017,8,16,7,3,0,3,0,1,0,0,1,0,0,5.69973E+20,5.35839E+21,9.9449E+15,4.83748E+16
53108,8.17083E+18,8,4,25,72,2017,8,10,7,3,0,6,0,0,0,1,1,0,0,5.82876E+20,5.37415E+21,1.01222E+16,4.8515E+16
53109,8.17083E+18,8,4,16,31,2017,8,10,7,3,2,6,0,1,0,0,0,0,0,5.02745E+20,5.36274E+21,9.0371E+15,4.84178E+16
53110,8.17083E+18,8,4,15,61,2017,8,10,7,2,6,4,0,1,1,0,0,0,0,5.15062E+20,5.37525E+21,9.20401E+15,4.85302E+16
53111,8.17083E+18,8,4,15,53,2017,8,15,7,2,8,1,0,0,0,1,0,0,0,5.37177E+20,5.35111E+21,9.50141E+15,4.83121E+16
53112,8.17083E+18,8,4,15,61,2017,8,20,7,3,2,6,1,1,0,0,0,1,0,5.15195E+20,5.37134E+21,9.20567E+15,4.8495E+16
53113,8.17082E+18,8,1,17,19,2017,8,7,3,3,4,6,0,1,0,0,0,0,0,5.48089E+20,5.39111E+21,9.65318E+15,4.86712E+16
53114,8.17082E+18,8,1,16,19,2017,8,11,3,3,2,6,0,1,0,0,0,0,0,5.2242E+20,5.3981E+21,9.30491E+15,4.87355E+16
53115,8.17083E+18,8,4,15,53,2017,8,13,7,3,5,2,1,1,0,0,0,0,0,5.36765E+20,5.36212E+21,9.49682E+15,4.84112E+16
53116,8.17082E+18,8,1,15,28,2017,8,14,3,3,1,5,1,1,0,0,0,0,0,4.99132E+20,5.40108E+21,8.98818E+15,4.87627E+16
53117,8.17082E+18,8,1,11,0,2017,8,10,3,3,3,7,0,1,0,0,1,0,0,5.15044E+20,5.40615E+21,9.2049E+15,4.88082E+16
53118,8.17082E+18,8,4,35,52,2017,8,22,2,3,5,3,1,1,0,0,0,2,0,5.21601E+20,5.28979E+21,9.28825E+15,4.77611E+16
53119,8.17082E+18,8,4,35,45,2017,8,17,2,2,4,6,0,1,0,0,0,0,0,5.37259E+20,5.28817E+21,9.49705E+15,4.77459E+16
53120,8.17082E+18,8,4,26,97,2017,8,5,2,3,4,6,0,1,0,0,1,2,0,5.30154E+20,5.33581E+21,9.40561E+15,4.81748E+16
53121,8.17082E+18,8,4,26,108,2017,8,15,2,3,3,6,0,1,0,1,0,0,0,5.75784E+20,5.34032E+21,1.00201E+16,4.82115E+16
53122,8.17082E+18,8,4,25,104,2017,8,7,2,3,8,1,0,1,0,0,0,0,0,5.50913E+20,5.34116E+21,9.68546E+15,4.82216E+16
53123,8.17082E+18,8,4,16,36,2017,8,14,2,2,2,6,0,1,0,0,0,0,0,4.97819E+20,5.37198E+21,8.97048E+15,4.85009E+16
53124,8.17082E+18,8,3,16,17,2017,8,14,2,3,2,6,0,1,0,0,0,0,0,4.07332E+20,5.33548E+21,7.75372E+15,4.81658E+16
53125,8.17082E+18,8,3,26,5,2017,8,21,2,3,5,3,0,1,0,1,0,1,0,4.66631E+20,5.2981E+21,8.55409E+15,4.78354E+16
53126,8.17082E+18,8,3,36,24,2017,8,17,2,3,3,2,0,1,0,1,0,0,0,3.94633E+20,5.27854E+21,7.59689E+15,4.76517E+16
53127,8.17082E+18,8,3,27,54,2017,8,9,2,3,4,2,1,0,0,0,1,0,0,4.83126E+20,5.31591E+21,8.77381E+15,4.79963E+16
53128,8.17082E+18,8,3,25,12,2017,8,7,2,2,4,6,0,1,0,0,0,0,0,4.65466E+20,5.35714E+21,8.53374E+15,4.83665E+16
53129,8.17082E+18,8,3,17,96,2017,8,0,2,3,9,1,0,1,0,0,0,2,0,4.2145E+20,5.36662E+21,7.93776E+15,4.84478E+16
53130,8.17082E+18,8,3,17,141,2017,8,17,2,2,5,2,0,1,0,0,1,0,0,4.16686E+20,5.37627E+21,7.87142E+15,4.8534E+16
53131,8.17082E+18,8,2,22,0,2017,8,11,2,2,0,1,0,0,0,1,0,0,0,4.66706E+20,5.47686E+21,8.54071E+15,4.94435E+16
53132,8.17082E+18,8,2,12,0,2017,8,8,2,2,9,1,0,0,0,1,0,0,0,4.58912E+20,5.42647E+21,8.43835E+15,4.89898E+16
53133,8.17082E+18,8,2,31,0,2017,8,14,2,3,1,6,0,1,0,0,1,0,0,4.78233E+20,5.41624E+21,8.703E+15,4.88987E+16
53134,8.17083E+18,8,3,11,0,2017,8,6,7,3,8,7,0,1,0,0,1,1,0,4.07752E+20,5.3179E+21,7.76316E+15,4.80078E+16
53135,8.17082E+18,8,2,36,70,2017,8,12,2,2,4,2,0,1,0,1,0,0,0,4.67757E+20,5.41827E+21,8.55991E+15,4.89165E+16
53136,8.17082E+18,8,2,36,43,2017,8,17,2,3,5,3,0,1,0,0,0,0,0,4.69184E+20,5.40713E+21,8.58022E+15,4.88164E+16
53137,8.17082E+18,8,2,36,71,2017,8,10,2,3,1,5,0,1,0,0,1,0,0,4.68608E+20,5.42221E+21,8.57122E+15,4.8952E+16
53138,8.17082E+18,8,2,36,40,2017,8,16,2,3,2,6,0,1,0,0,0,0,0,4.90321E+20,5.42192E+21,8.86781E+15,4.89501E+16
53139,8.17082E+18,8,2,26,96,2017,8,12,2,2,4,6,0,1,0,0,0,0,0,4.74803E+20,5.49023E+21,8.65156E+15,4.95641E+16
53140,8.17083E+18,8,3,37,53,2017,8,21,7,2,9,1,0,0,0,1,0,2,0,4.55873E+20,5.26908E+21,8.41327E+15,4.75736E+16
53141,8.17083E+18,8,3,36,45,2017,8,10,7,2,8,1,0,0,0,1,0,0,0,3.99818E+20,5.28903E+21,7.6635E+15,4.77469E+16
53142,8.17083E+18,8,3,36,107,2017,8,13,7,3,4,6,0,1,0,0,1,0,0,4.1124E+20,5.29449E+21,7.81473E+15,4.77977E+16
53143,8.17083E+18,8,3,36,82,2017,8,19,7,3,9,1,0,1,0,0,0,1,0,4.1376E+20,5.27582E+21,7.85207E+15,4.76301E+16
53144,8.17083E+18,8,3,35,43,2017,8,20,7,3,5,3,0,1,0,1,0,2,0,5.11393E+20,5.28748E+21,9.15197E+15,4.77406E+16
53145,8.17083E+18,8,3,26,52,2017,8,4,7,3,0,1,0,0,0,1,0,2,0,4.49868E+20,5.33395E+21,8.32589E+15,4.81568E+16
53146,8.17082E+18,8,2,26,96,2017,8,5,2,2,5,3,1,0,0,0,1,2,0,4.75787E+20,5.48878E+21,8.66526E+15,4.95511E+16
53147,8.17083E+18,8,3,25,53,2017,8,16,7,3,5,3,0,1,0,0,0,0,0,4.5554E+20,5.3426E+21,8.40125E+15,4.82351E+16
53148,8.17083E+18,8,3,25,45,2017,8,13,7,3,8,1,1,0,0,0,0,0,0,4.685E+20,5.34856E+21,8.57534E+15,4.82895E+16
53149,8.17083E+18,8,4,17,2,2017,8,1,7,1,4,6,0,1,0,1,0,2,0,4.89275E+20,5.34461E+21,8.85551E+15,4.82546E+16
53150,8.17082E+18,8,2,21,0,2017,8,23,2,3,5,3,1,1,0,0,0,2,0,4.76567E+20,5.47251E+21,8.677E+15,4.94048E+16
53151,8.17082E+18,8,2,26,56,2017,8,16,2,1,4,6,0,1,0,1,0,0,0,4.86261E+20,5.47142E+21,8.81066E+15,4.93954E+16
53152,8.17082E+18,8,2,16,24,2017,8,22,2,3,1,5,0,1,0,0,0,2,1,4.45743E+20,5.40859E+21,8.26074E+15,4.8828E+16
53153,8.17082E+18,8,2,15,103,2017,8,5,2,2,9,7,0,1,0,0,0,1,0,4.64772E+20,5.44309E+21,8.51702E+15,4.91396E+16
53154,8.17082E+18,8,1,25,102,2017,8,5,2,3,2,1,0,0,0,0,1,2,0,5.23884E+20,5.44554E+21,9.32761E+15,4.91622E+16
53155,8.17082E+18,8,1,15,45,2017,8,13,2,3,2,6,0,1,0,0,0,0,0,5.04353E+20,5.39721E+21,9.05919E+15,4.87279E+16
53156,8.17082E+18,8,1,36,89,2017,8,11,2,2,4,2,0,1,0,0,1,0,0,5.85393E+20,5.41705E+21,1.01652E+16,4.89005E+16
53157,8.17082E+18,8,1,26,45,2017,8,18,2,2,5,3,0,1,0,0,0,0,0,5.49283E+20,5.47071E+21,9.67908E+15,4.93871E+16
53158,8.17082E+18,8,1,27,25,2017,8,9,2,2,9,1,0,1,0,0,0,0,0,5.57122E+20,5.42657E+21,9.78081E+15,4.89894E+16
53159,8.17082E+18,8,2,25,67,2017,8,15,2,2,2,6,0,1,0,1,0,0,0,5.09746E+20,5.46282E+21,9.13411E+15,4.9318E+16
53160,8.17082E+18,8,1,25,68,2017,8,14,2,3,4,6,0,1,0,0,0,0,0,5.19905E+20,5.4599E+21,9.27374E+15,4.92916E+16
53161,8.17082E+18,8,1,19,85,2017,8,2,2,3,8,1,0,1,0,0,0,2,0,5.28304E+20,5.41455E+21,9.38606E+15,4.88832E+16
53162,8.17082E+18,8,1,19,79,2017,8,13,2,3,0,1,1,0,0,0,0,0,0,5.22929E+20,5.40926E+21,9.31246E+15,4.88359E+16
53163,8.17082E+18,8,1,18,48,2017,8,17,2,3,0,7,1,0,0,0,0,0,0,5.14604E+20,5.41694E+21,9.19928E+15,4.89053E+16
53164,8.17082E+18,8,1,18,80,2017,8,13,2,3,5,3,0,1,0,1,0,0,0,5.09613E+20,5.40859E+21,9.13099E+15,4.88302E+16
53165,8.17082E+18,8,1,17,26,2017,8,14,2,3,4,2,0,1,0,1,0,0,0,5.48885E+20,5.39476E+21,9.66442E+15,4.8704E+16
53166,8.17082E+18,8,1,17,26,2017,8,17,2,2,9,1,0,1,0,0,0,0,0,5.51757E+20,5.39734E+21,9.70378E+15,4.87269E+16
53167,8.17082E+18,8,1,17,24,2017,8,15,2,3,4,6,1,0,0,0,0,0,0,5.63274E+20,5.38245E+21,9.8581E+15,4.8592E+16
53168,8.17082E+18,8,1,16,77,2017,8,14,2,3,8,1,0,1,0,0,0,0,0,5.16442E+20,5.39065E+21,9.22332E+15,4.86687E+16
53169,8.17082E+18,8,1,16,19,2017,8,8,2,3,2,6,0,1,0,0,0,0,0,5.22414E+20,5.39811E+21,9.30483E+15,4.87356E+16
53170,8.17082E+18,8,1,15,41,2017,8,17,2,3,2,6,0,1,0,0,0,0,0,4.9583E+20,5.40061E+21,8.94327E+15,4.87585E+16
53171,8.17082E+18,8,1,15,3,2017,8,19,2,3,5,2,0,1,0,0,0,0,0,5.01389E+20,5.393E+21,9.01888E+15,4.86901E+16
53172,8.17083E+18,8,3,26,27,2017,8,13,7,2,6,4,0,1,1,0,0,0,0,4.63864E+20,5.30458E+21,8.51657E+15,4.78935E+16
53173,8.17083E+18,8,3,17,98,2017,8,16,7,3,0,7,0,0,0,1,0,0,0,4.37633E+20,5.36937E+21,8.15616E+15,4.84744E+16
53174,8.17083E+18,8,3,17,47,2017,8,8,7,3,2,6,0,1,0,0,0,0,0,4.17035E+20,5.3634E+21,7.8787E+15,4.84182E+16
53175,8.17083E+18,8,3,16,51,2017,8,18,7,3,4,7,0,1,0,0,1,0,0,3.99546E+20,5.33563E+21,7.64899E+15,4.8166E+16
53176,8.17083E+18,8,3,15,113,2017,8,16,7,3,0,7,0,0,1,1,0,0,0,4.4429E+20,5.31481E+21,8.2534E+15,4.79841E+16
53177,8.17083E+18,8,3,15,76,2017,8,10,7,2,4,2,0,1,0,0,0,0,0,3.91444E+20,5.29224E+21,7.55103E+15,4.77743E+16
53178,8.17082E+18,8,1,11,0,2017,8,9,2,3,5,3,1,0,0,0,1,0,0,5.14344E+20,5.40602E+21,9.19535E+15,4.8807E+16
53179,8.17082E+18,8,1,11,0,2017,8,6,2,3,2,6,0,1,0,0,0,0,0,5.18941E+20,5.40092E+21,9.25773E+15,4.8761E+16
53180,8.17083E+18,8,3,15,6,2017,8,9,7,2,8,1,0,0,0,1,0,0,0,4.02047E+20,5.31073E+21,7.68832E+15,4.79424E+16
53181,8.17082E+18,8,4,36,9,2017,8,10,1,3,5,3,0,1,0,0,0,0,0,5.5703E+20,5.31256E+21,9.76399E+15,4.79638E+16
53182,8.17082E+18,8,4,35,67,2017,8,15,1,3,3,6,0,1,0,0,1,0,0,5.28462E+20,5.29536E+21,9.38016E+15,4.78109E+16
53183,8.17083E+18,8,3,15,113,2017,8,17,7,2,8,1,0,0,0,1,0,0,0,4.38287E+20,5.31456E+21,8.17299E+15,4.79814E+16
53184,8.17082E+18,8,4,26,117,2017,8,13,1,2,3,7,0,1,0,1,0,0,0,5.83552E+20,5.32056E+21,1.01208E+16,4.80329E+16
53185,8.17082E+18,8,4,26,28,2017,8,11,1,3,5,3,1,1,0,0,0,0,0,5.69368E+20,5.34318E+21,9.93423E+15,4.8238E+16
53186,8.17083E+18,8,2,22,0,2017,8,12,7,3,2,6,0,1,0,0,0,0,0,4.60585E+20,5.48915E+21,8.45505E+15,4.95537E+16
53187,8.17082E+18,8,4,25,8,2017,8,13,1,3,8,1,0,0,0,1,0,0,0,5.66758E+20,5.38466E+21,9.90569E+15,4.86115E+16
53188,8.17082E+18,8,4,17,8,2017,8,14,1,3,8,1,0,0,0,1,0,0,0,4.95733E+20,5.34928E+21,8.94246E+15,4.82967E+16
53189,8.17083E+18,8,2,37,4,2017,8,16,7,2,9,1,0,0,0,1,0,0,0,4.53765E+20,5.38319E+21,8.37289E+15,4.86E+16
53190,8.17082E+18,8,4,15,61,2017,8,12,1,2,5,3,0,0,0,1,0,0,0,5.13985E+20,5.37096E+21,9.18929E+15,4.84916E+16
53191,8.17082E+18,8,4,15,61,2017,8,12,1,3,7,5,1,0,0,1,0,0,0,5.11402E+20,5.36598E+21,9.15418E+15,4.84469E+16
53192,8.17082E+18,8,3,36,87,2017,8,12,1,3,4,1,0,1,0,1,0,0,0,4.23277E+20,5.29046E+21,7.97616E+15,4.7763E+16
53193,8.17083E+18,8,2,37,75,2017,8,14,7,3,8,1,0,1,0,0,0,0,0,4.45353E+20,5.36081E+21,8.26172E+15,4.83981E+16
53194,8.17083E+18,8,2,35,7,2017,8,21,7,2,9,1,0,1,0,0,0,2,0,4.84645E+20,5.39762E+21,8.79119E+15,4.87314E+16
53195,8.17083E+18,8,2,36,28,2017,8,18,7,2,0,3,0,1,0,0,0,0,0,4.93055E+20,5.42411E+21,8.90511E+15,4.89698E+16
53196,8.17083E+18,8,2,22,0,2017,8,17,7,3,2,6,0,1,0,0,0,0,0,4.62457E+20,5.48751E+21,8.48109E+15,4.9539E+16
53197,8.17082E+18,8,3,37,125,2017,8,18,1,2,3,6,0,1,0,1,0,0,0,4.52327E+20,5.26867E+21,8.36616E+15,4.75697E+16
53198,8.17082E+18,8,3,36,78,2017,8,13,1,3,5,3,0,1,0,0,0,0,0,3.93264E+20,5.29016E+21,7.57583E+15,4.77559E+16
53199,8.17082E+18,8,3,26,12,2017,8,4,1,2,7,7,0,1,0,0,0,2,0,4.6418E+20,5.31152E+21,8.52021E+15,4.7956E+16
53200,8.17083E+18,8,2,16,13,2017,8,15,7,2,8,1,0,0,0,1,0,0,0,4.52836E+20,5.39065E+21,8.35944E+15,4.86672E+16
53201,8.17082E+18,8,4,17,31,2017,8,19,1,1,4,6,0,1,0,0,0,0,0,4.97116E+20,5.35884E+21,8.96105E+15,4.83827E+16
53202,8.17082E+18,8,4,16,36,2017,8,7,1,2,8,1,0,1,0,0,0,2,0,4.88047E+20,5.37179E+21,8.83819E+15,4.84992E+16
53203,8.17082E+18,8,3,17,39,2017,8,14,1,3,8,1,1,0,0,0,0,0,0,4.39161E+20,5.34249E+21,8.18072E+15,4.82327E+16
53204,8.17082E+18,8,3,17,88,2017,8,15,1,3,4,1,0,1,0,1,0,0,0,4.34472E+20,5.35746E+21,8.11526E+15,4.83669E+16
53205,8.17082E+18,8,3,17,5,2017,8,12,1,3,4,6,0,1,0,0,0,0,0,4.24414E+20,5.37568E+21,7.97619E+15,4.85297E+16
53206,8.17082E+18,8,3,15,48,2017,8,15,1,2,0,2,1,0,0,1,0,0,0,3.97819E+20,5.30793E+21,7.63239E+15,4.79166E+16
53207,8.17082E+18,8,3,11,0,2017,8,12,1,3,2,6,0,1,0,0,0,0,0,4.14222E+20,5.31582E+21,7.85031E+15,4.79899E+16
53208,8.17082E+18,8,3,15,84,2017,8,12,1,3,2,6,0,1,0,1,0,0,0,4.18296E+20,5.30384E+21,7.90718E+15,4.78827E+16
53209,8.17082E+18,8,2,26,103,2017,8,17,1,2,2,6,0,1,0,1,0,0,0,4.72001E+20,5.45781E+21,8.6151E+15,4.92724E+16
53210,8.17082E+18,8,2,26,98,2017,8,14,1,3,2,6,0,1,0,0,0,0,0,4.76842E+20,5.45798E+21,8.68164E+15,4.92741E+16
53211,8.17082E+18,8,2,26,82,2017,8,14,1,3,1,6,0,1,0,0,0,0,0,4.73886E+20,5.48083E+21,8.63949E+15,4.94795E+16
53212,8.17082E+18,8,2,26,107,2017,8,7,1,3,3,1,0,1,0,0,0,0,0,4.73864E+20,5.48454E+21,8.63895E+15,4.95129E+16
53213,8.17082E+18,8,2,15,9,2017,8,19,1,2,4,2,0,1,0,1,0,0,0,4.7453E+20,5.43644E+21,8.65122E+15,4.90803E+16
53214,8.17082E+18,8,2,37,24,2017,8,18,1,3,2,6,0,1,0,0,0,0,0,4.79421E+20,5.35923E+21,8.72204E+15,4.83859E+16
53215,8.17082E+18,8,2,35,20,2017,8,0,1,3,8,1,0,1,0,0,0,2,1,4.78838E+20,5.38343E+21,8.71294E+15,4.86036E+16
53216,8.17082E+18,8,2,35,80,2017,8,17,1,3,2,6,0,0,0,1,1,0,0,4.78964E+20,5.38572E+21,8.71454E+15,4.86242E+16
53217,8.17082E+18,8,2,35,46,2017,8,15,1,3,9,1,0,0,0,1,0,0,0,4.79874E+20,5.37735E+21,8.72729E+15,4.85489E+16
53218,8.17083E+18,8,2,16,9,2017,8,10,7,3,5,3,0,1,0,0,0,0,0,4.46585E+20,5.42008E+21,8.27072E+15,4.89314E+16
53219,8.17083E+18,8,2,15,97,2017,8,10,7,3,2,6,0,0,0,1,0,0,0,4.78148E+20,5.44182E+21,8.70047E+15,4.91288E+16
53220,8.17083E+18,8,2,11,0,2017,8,10,7,2,4,1,0,1,0,1,0,0,0,4.43393E+20,5.39611E+21,8.23045E+15,4.87155E+16
53221,8.17083E+18,8,4,16,48,2017,8,12,7,3,2,6,0,1,0,0,0,0,0,4.91831E+20,5.37773E+21,8.88931E+15,4.85526E+16
53222,8.17083E+18,8,1,15,4,2017,8,12,7,2,0,7,1,0,0,0,0,0,0,4.87715E+20,5.37409E+21,8.83363E+15,4.85198E+16
53223,8.17083E+18,8,1,15,41,2017,8,14,7,2,9,1,0,1,0,0,0,0,0,4.93751E+20,5.40185E+21,8.91495E+15,4.87696E+16
53224,8.17083E+18,8,1,36,18,2017,8,18,7,2,0,1,1,0,0,0,0,0,0,5.91908E+20,5.42547E+21,1.0256E+16,4.89753E+16
53225,8.17083E+18,8,1,35,20,2017,8,14,7,3,5,3,0,1,0,0,0,0,0,5.85307E+20,5.38107E+21,1.01566E+16,4.85769E+16