OBJECTID,UIDENTSTLA,ULAND,UREGBEZ,UKREIS,UGEMEINDE,UJAHR,UMONAT,USTUNDE,UWOCHENTAG,UKATEGORIE,UART,UTYP1,IstRad,IstPKW,IstFuss,IstKrad,IstSonstig,LICHT,STRZUSTAND,LINREFX,LINREFY,XGCSWGS84,YGCSWGS84
53400,8.17091E+18,8,3,36,107,2017,9,20,3,3,0,7,1,0,0,0,0,2,0,4.07541E+20,5.2882E+21,7.76669E+15,4.77406E+16
53401,8.17091E+18,8,3,35,99,2017,9,21,3,3,8,7,0,1,0,0,0,2,0,4.92391E+20,5.29796E+21,8.89832E+15,4.7835E+16
53402,8.17091E+18,8,3,35,28,2017,9,13,3,3,5,3,0,1,0,0,0,0,0,4.81134E+20,5.28856E+21,8.7483E+15,4.77501E+16
53403,8.1709E+18,8,1,28,45,2017,9,20,6,3,0,1,0,1,0,0,0,0,0,5.57156E+20,5.50523E+21,9.79255E+15,4.96969E+16
53404,8.17091E+18,8,3,35,35,2017,9,14,3,3,2,6,0,1,0,0,0,0,0,4.85661E+20,5.28947E+21,8.80867E+15,4.77585E+16
53405,8.1709E+18,8,1,27,52,2017,9,12,6,3,5,3,1,1,0,0,0,0,1,5.40561E+20,5.43599E+21,9.55539E+15,4.90754E+16
53406,8.17091E+18,8,4,36,9,2017,9,18,3,3,5,3,1,1,0,0,0,0,0,5.56574E+20,5.30836E+21,9.75733E+15,4.79261E+16
53407,8.1709E+18,8,1,27,76,2017,9,8,6,3,5,3,0,1,0,0,0,0,0,5.53304E+20,5.44021E+21,9.73042E+15,4.91124E+16
53408,8.1709E+18,8,1,27,43,2017,9,16,6,2,5,3,0,1,0,0,0,0,1,5.6944E+20,5.44615E+21,9.95252E+15,4.91642E+16
53409,8.17091E+18,8,3,27,18,2017,9,6,3,3,7,1,0,1,0,0,0,1,0,4.78301E+20,5.30468E+21,8.7097E+15,4.78951E+16
53410,8.17091E+18,8,3,15,50,2017,9,17,4,2,5,3,1,1,0,0,0,0,0,4.02041E+20,5.30316E+21,7.68996E+15,4.78743E+16
53411,8.1709E+18,8,1,25,8,2017,9,3,6,2,8,1,0,1,0,0,0,2,0,5.28567E+20,5.4327E+21,9.39093E+15,4.90465E+16
53412,8.17091E+18,8,3,26,12,2017,9,7,3,3,4,2,0,1,0,0,0,0,0,4.56356E+20,5.31384E+21,8.4152E+15,4.79764E+16
53413,8.17091E+18,8,2,37,2,2017,9,16,4,3,5,2,0,1,0,0,0,0,0,4.58162E+20,5.35941E+21,8.43491E+15,4.83864E+16
53414,8.1709E+18,8,1,21,0,2017,9,13,6,3,4,2,0,1,0,0,0,0,0,5.15642E+20,5.44634E+21,9.21458E+15,4.91697E+16
53415,8.1709E+18,8,1,21,0,2017,9,15,6,3,2,6,0,1,0,0,0,0,0,5.16496E+20,5.44203E+21,9.22613E+15,4.91309E+16
53416,8.1709E+18,8,1,19,8,2017,9,5,6,2,4,7,0,0,0,1,1,2,1,5.32325E+20,5.41996E+21,9.44135E+15,4.89317E+16
53417,8.1709E+18,8,1,18,79,2017,9,6,6,3,2,6,0,1,0,0,0,0,1,5.07226E+20,5.42261E+21,9.0987E+15,4.89564E+16
53418,8.1709E+18,8,1,17,19,2017,9,10,6,2,3,3,1,1,0,0,0,0,1,5.52012E+20,5.39419E+21,9.70686E+15,4.86986E+16
53419,8.1709E+18,8,4,25,79,2017,9,13,6,2,4,6,0,1,0,0,0,0,1,5.53612E+20,5.37512E+21,9.72613E+15,4.85269E+16
53420,8.1709E+18,8,1,17,24,2017,9,21,6,2,4,1,0,1,0,0,0,2,1,5.60853E+20,5.38505E+21,9.82565E+15,4.86156E+16
53421,8.1709E+18,8,4,25,31,2017,9,14,6,3,3,6,0,1,0,0,0,0,1,5.6817E+20,5.36824E+21,9.92216E+15,4.84636E+16
53422,8.1709E+18,8,1,16,19,2017,9,7,6,3,5,3,0,1,0,0,0,0,1,5.2242E+20,5.3981E+21,9.30491E+15,4.87355E+16
53423,8.1709E+18,8,1,15,46,2017,9,23,6,3,8,7,0,1,0,0,0,2,0,5.09059E+20,5.38946E+21,9.12302E+15,4.86581E+16
53424,8.1709E+18,8,1,11,0,2017,9,11,6,3,4,1,0,1,0,0,0,0,1,5.13178E+20,5.40051E+21,9.1793E+15,4.87575E+16
53425,8.1709E+18,8,1,11,0,2017,9,17,6,3,2,6,0,1,0,0,0,0,1,5.10065E+20,5.40031E+21,9.13694E+15,4.87558E+16
53426,8.17083E+18,8,4,37,104,2017,8,15,5,3,5,2,0,1,0,0,0,0,1,5.1835E+20,5.32016E+21,9.24616E+15,4.80345E+16
53427,8.17083E+18,8,4,37,100,2017,8,15,5,3,5,2,0,1,0,0,0,0,1,5.35465E+20,5.31523E+21,9.47533E+15,4.79894E+16
53428,8.17083E+18,8,4,37,100,2017,8,9,5,3,5,3,0,1,0,0,0,0,1,5.36775E+20,5.31866E+21,9.49318E+15,4.80201E+16
53429,8.17083E+18,8,4,36,6,2017,8,20,5,3,5,2,0,1,0,0,0,2,1,5.56895E+20,5.28278E+21,9.75827E+15,4.76959E+16
53430,8.17083E+18,8,4,36,55,2017,8,14,5,2,4,6,0,1,0,0,0,0,1,5.76204E+20,5.29845E+21,1.00183E+16,4.78349E+16
53431,8.17083E+18,8,4,35,59,2017,8,12,5,3,2,6,0,1,0,0,0,0,1,5.15016E+20,5.28919E+21,9.20036E+15,4.77559E+16
53432,8.17083E+18,8,4,21,0,2017,8,18,5,3,1,6,0,1,0,0,0,0,1,5.69687E+20,5.35465E+21,9.94042E+15,4.83412E+16
53433,8.17083E+18,8,4,17,22,2017,8,16,5,2,4,6,0,1,0,0,0,0,1,4.8564E+20,5.34465E+21,8.80654E+15,4.82549E+16
53434,8.17083E+18,8,4,16,36,2017,8,17,5,3,2,6,0,1,0,0,0,1,1,4.9271E+20,5.37138E+21,8.90133E+15,4.84955E+16
53435,8.17091E+18,8,2,37,4,2017,9,11,4,2,8,1,0,1,0,0,0,0,0,4.55828E+20,5.38009E+21,8.4012E+15,4.85723E+16
53436,8.17091E+18,8,3,25,72,2017,9,16,3,3,9,6,0,0,0,1,1,0,0,4.69952E+20,5.32739E+21,8.59641E+15,4.8099E+16
53437,8.17091E+18,8,3,17,5,2017,9,17,4,3,3,6,0,1,0,0,0,0,0,4.23193E+20,5.37972E+21,7.95892E+15,4.85659E+16
53438,8.17091E+18,8,3,25,15,2017,9,22,3,3,8,1,0,1,0,0,0,2,0,4.70927E+20,5.34521E+21,8.60829E+15,4.82595E+16
53439,8.17091E+18,8,2,26,10,2017,9,8,4,3,2,6,0,1,0,0,0,0,0,4.80434E+20,5.45835E+21,8.731E+15,4.92776E+16
53440,8.17091E+18,8,3,25,12,2017,9,15,3,2,2,6,0,1,0,0,0,0,0,4.65354E+20,5.35332E+21,8.53254E+15,4.83322E+16
53441,8.17091E+18,8,3,25,53,2017,9,16,3,2,2,6,0,0,0,1,1,0,0,4.55715E+20,5.33931E+21,8.40396E+15,4.82055E+16
53442,8.17091E+18,8,2,12,0,2017,9,17,3,3,2,3,0,1,0,0,1,0,0,4.52766E+20,5.43175E+21,8.35374E+15,4.90369E+16
53443,8.17091E+18,8,2,35,6,2017,9,16,3,2,2,6,0,1,0,0,0,0,0,4.71621E+20,5.38146E+21,8.61519E+15,4.85856E+16
53444,8.17091E+18,8,2,35,7,2017,9,9,3,3,2,6,0,1,0,0,0,0,0,4.8434E+20,5.39829E+21,8.78702E+15,4.87374E+16
53445,8.17091E+18,8,2,35,85,2017,9,7,3,3,9,1,0,0,0,1,0,0,1,4.7639E+20,5.39802E+21,8.6789E+15,4.87347E+16
53446,8.17091E+18,8,2,26,96,2017,9,9,3,3,2,7,0,1,0,0,0,0,0,4.74787E+20,5.49019E+21,8.65133E+15,4.95638E+16
53447,8.17083E+18,8,4,15,61,2017,8,8,5,2,9,1,0,1,0,0,0,0,1,5.11723E+20,5.37706E+21,9.15884E+15,4.85466E+16
53448,8.17083E+18,8,4,15,78,2017,8,10,5,3,5,3,0,1,0,0,0,0,1,5.28575E+20,5.37133E+21,9.38678E+15,4.84944E+16
53449,8.17083E+18,8,3,36,69,2017,8,11,5,3,2,1,0,1,0,0,0,0,0,4.06636E+20,5.26902E+21,7.75872E+15,4.75678E+16
53450,8.17083E+18,8,3,36,8,2017,8,22,5,3,2,6,0,1,0,0,0,2,1,3.96154E+20,5.27592E+21,7.61777E+15,4.76284E+16
53451,8.17083E+18,8,3,35,66,2017,8,0,5,2,0,1,1,0,0,0,0,2,1,5.09453E+20,5.28181E+21,9.12597E+15,4.76896E+16
53452,8.17091E+18,8,2,26,85,2017,9,21,3,3,0,7,0,0,0,1,0,2,0,4.87251E+20,5.45716E+21,8.82475E+15,4.92671E+16
53453,8.17083E+18,8,3,26,74,2017,8,15,5,3,2,6,0,1,0,0,1,0,1,4.60178E+20,5.32392E+21,8.46547E+15,4.80673E+16
53454,8.17091E+18,8,2,22,0,2017,9,12,3,3,2,6,0,1,0,0,0,0,0,4.66075E+20,5.48458E+21,8.53134E+15,4.95129E+16
53455,8.17083E+18,8,3,17,96,2017,8,17,5,3,2,6,0,1,0,1,0,0,0,4.21768E+20,5.36883E+21,7.94164E+15,4.84677E+16
53456,8.17091E+18,8,2,22,0,2017,9,15,3,2,3,6,0,1,0,1,0,0,0,4.60599E+20,5.48188E+21,8.45598E+15,4.94883E+16
53457,8.17083E+18,8,3,17,110,2017,8,8,5,3,2,6,0,1,0,0,0,0,1,4.25157E+20,5.38898E+21,7.98386E+15,4.86494E+16
53458,8.17083E+18,8,2,36,67,2017,8,7,5,3,9,1,0,1,0,0,0,0,1,4.8641E+20,5.41015E+21,8.81478E+15,4.88442E+16
53459,8.17091E+18,8,2,21,0,2017,9,12,3,3,5,3,1,1,0,0,0,0,0,4.77459E+20,5.47433E+21,8.68919E+15,4.94213E+16
53460,8.17083E+18,8,2,12,0,2017,8,11,5,3,5,2,0,1,0,0,0,0,1,4.56886E+20,5.4283E+21,8.41048E+15,4.90061E+16
53461,8.17091E+18,8,2,15,17,2017,9,7,3,3,2,6,0,1,0,0,1,0,0,4.55688E+20,5.42291E+21,8.39469E+15,4.89575E+16
53462,8.17083E+18,8,2,31,0,2017,8,18,5,3,9,1,0,1,0,0,0,0,1,4.77483E+20,5.41357E+21,8.69291E+15,4.88746E+16
53463,8.17091E+18,8,2,11,0,2017,9,17,3,3,2,2,0,1,0,0,0,0,0,4.44238E+20,5.40049E+21,8.24134E+15,4.87549E+16
53464,8.17083E+18,8,2,31,0,2017,8,13,5,3,4,2,0,1,0,0,0,0,0,4.76113E+20,5.41623E+21,8.67408E+15,4.88985E+16
53465,8.17083E+18,8,2,31,0,2017,8,12,5,3,2,6,0,1,0,0,0,0,0,4.79772E+20,5.41613E+21,8.724E+15,4.88978E+16
53466,8.17083E+18,8,2,26,96,2017,8,13,5,3,0,2,1,0,0,0,1,0,0,4.75746E+20,5.4885E+21,8.66471E+15,4.95486E+16
53467,8.17083E+18,8,2,25,52,2017,8,6,5,3,8,1,0,1,0,0,0,2,1,5.144E+20,5.47781E+21,9.19868E+15,4.94528E+16
53468,8.17083E+18,8,2,16,24,2017,8,14,5,3,5,3,0,1,0,0,0,0,0,4.45388E+20,5.40979E+21,8.25574E+15,4.88387E+16
53469,8.17083E+18,8,2,16,7,2017,8,10,5,3,5,3,1,1,0,0,0,0,1,4.35697E+20,5.39477E+21,8.12603E+15,4.87026E+16
53470,8.17083E+18,8,1,11,0,2017,8,14,5,3,2,2,0,1,0,1,0,0,1,5.12178E+20,5.39471E+21,9.16552E+15,4.87053E+16
53471,8.17083E+18,8,1,18,78,2017,8,16,5,3,2,6,0,1,0,0,0,0,1,5.14321E+20,5.4211E+21,9.19557E+15,4.89427E+16
53472,8.17083E+18,8,1,18,63,2017,8,9,5,3,3,6,0,1,0,0,1,0,1,5.15392E+20,5.42234E+21,9.21024E+15,4.89538E+16
53473,8.17083E+18,8,1,36,10,2017,8,17,5,3,5,3,0,1,0,0,0,0,1,5.99333E+20,5.41247E+21,1.03542E+16,4.88572E+16
53474,8.17083E+18,8,1,36,88,2017,8,7,5,3,5,3,0,1,0,0,0,0,0,5.7776E+20,5.40858E+21,1.00594E+16,4.88254E+16
53475,8.17083E+18,8,1,35,26,2017,8,11,5,2,8,1,0,1,0,0,0,0,1,5.89418E+20,5.3947E+21,1.02152E+16,4.86989E+16
53476,8.17083E+18,8,1,17,24,2017,8,14,5,2,4,6,0,1,0,0,0,0,1,5.63175E+20,5.38256E+21,9.85677E+15,4.8593E+16
53477,8.17091E+18,8,1,15,51,2017,9,10,3,2,5,3,0,1,0,0,1,0,0,5.05569E+20,5.38476E+21,9.07556E+15,4.86158E+16
53478,8.17091E+18,8,1,15,45,2017,9,13,3,2,5,2,0,1,0,1,0,0,0,4.98892E+20,5.39729E+21,8.98493E+15,4.87286E+16
53479,8.17091E+18,8,1,15,28,2017,9,7,3,3,2,6,0,1,0,0,0,0,0,5.01346E+20,5.40397E+21,9.01832E+15,4.87888E+16
53480,8.17091E+18,8,1,36,10,2017,9,22,3,3,1,5,0,1,0,0,0,2,0,5.96393E+20,5.40896E+21,1.03133E+16,4.88261E+16
53481,8.17091E+18,8,1,35,25,2017,9,12,3,2,6,4,0,1,1,0,0,0,0,5.81604E+20,5.39962E+21,1.011E+16,4.87442E+16
53482,8.17083E+18,8,1,28,14,2017,8,16,5,2,5,3,0,1,0,0,1,0,1,5.44177E+20,5.47876E+21,9.60962E+15,4.94599E+16
53483,8.17083E+18,8,1,26,47,2017,8,13,5,3,8,1,0,1,0,0,0,0,1,5.47597E+20,5.45412E+21,9.65387E+15,4.9238E+16
53484,8.17091E+18,8,1,27,25,2017,9,16,3,3,5,3,0,1,0,0,0,0,0,5.54003E+20,5.43323E+21,9.73906E+15,4.90496E+16
53485,8.17083E+18,8,1,19,85,2017,8,16,5,3,9,1,0,1,0,0,0,0,1,5.32507E+20,5.41586E+21,9.4435E+15,4.88948E+16
53486,8.17091E+18,8,1,27,59,2017,9,6,3,3,2,6,0,1,0,1,0,0,1,5.48324E+20,5.43896E+21,9.66203E+15,4.91016E+16
53487,8.17083E+18,8,1,19,79,2017,8,13,5,3,4,7,0,1,0,0,0,0,0,5.21408E+20,5.41176E+21,9.29187E+15,4.88584E+16
53488,8.17091E+18,8,1,21,0,2017,9,5,3,3,2,6,0,1,0,0,0,1,1,5.16443E+20,5.44616E+21,9.22556E+15,4.91681E+16
53489,8.17083E+18,8,1,19,4,2017,8,19,5,3,4,6,0,1,0,0,0,0,1,5.41476E+20,5.41885E+21,9.56616E+15,4.89212E+16
53490,8.17083E+18,8,1,18,73,2017,8,1,5,3,8,1,0,1,0,0,0,2,1,4.98362E+20,5.41682E+21,8.97765E+15,4.89044E+16
53491,8.17083E+18,8,1,17,24,2017,8,0,5,3,0,7,0,1,0,0,0,2,1,5.63323E+20,5.38237E+21,9.85875E+15,4.85912E+16
53492,8.17083E+18,8,4,25,31,2017,8,13,5,3,9,1,0,1,0,0,0,0,1,5.63724E+20,5.37058E+21,9.86237E+15,4.84851E+16
53493,8.17083E+18,8,1,16,77,2017,8,17,5,3,2,6,0,1,0,0,0,1,1,5.16571E+20,5.38997E+21,9.22504E+15,4.86626E+16
53494,8.17083E+18,8,1,16,58,2017,8,14,5,3,9,1,0,1,0,0,0,0,1,5.33682E+20,5.39633E+21,9.45792E+15,4.87191E+16
53495,8.17083E+18,8,1,16,77,2017,8,16,5,3,5,2,0,1,0,0,0,0,1,5.16067E+20,5.39334E+21,9.21832E+15,4.86928E+16
53496,8.17083E+18,8,1,15,50,2017,8,17,5,3,4,1,0,1,0,0,0,0,1,4.85475E+20,5.40231E+21,8.80231E+15,4.87736E+16
53497,8.17083E+18,8,1,11,0,2017,8,16,5,3,8,5,0,1,0,0,0,0,1,5.16769E+20,5.40677E+21,9.22841E+15,4.88137E+16
53498,8.17083E+18,8,4,36,55,2017,8,10,4,3,0,2,0,1,0,1,0,0,0,5.74112E+20,5.29857E+21,9.9904E+15,4.78362E+16
53499,8.17083E+18,8,4,36,78,2017,8,21,4,3,4,2,0,1,0,0,0,2,0,5.57642E+20,5.29095E+21,9.7693E+15,4.77693E+16
53500,8.17083E+18,8,4,36,81,2017,8,16,4,3,0,6,0,1,0,0,0,0,0,5.5641E+20,5.27805E+21,9.7512E+15,4.76534E+16
53501,8.17091E+18,8,1,18,70,2017,9,12,3,3,5,3,1,1,0,0,0,0,0,5.20195E+20,5.42386E+21,9.27593E+15,4.89673E+16
53502,8.17091E+18,8,1,18,79,2017,9,15,3,3,1,6,0,1,0,0,0,0,0,5.09656E+20,5.4227E+21,9.13191E+15,4.89571E+16
53503,8.17083E+18,8,4,36,81,2017,8,14,4,3,0,1,0,0,0,1,0,0,0,5.61795E+20,5.28851E+21,9.82438E+15,4.7747E+16
53504,8.17091E+18,8,1,18,79,2017,9,17,3,3,5,3,0,1,0,0,0,0,0,5.08022E+20,5.42154E+21,9.10956E+15,4.89467E+16
53505,8.17091E+18,8,4,25,79,2017,9,10,3,3,2,6,0,1,0,0,0,0,0,5.53529E+20,5.37504E+21,9.725E+15,4.85262E+16
53506,8.17091E+18,8,1,16,49,2017,9,5,3,3,0,7,0,1,0,1,0,1,0,5.25259E+20,5.38573E+21,9.34277E+15,4.86242E+16
53507,8.17091E+18,8,1,16,19,2017,9,21,3,3,2,6,0,1,0,1,0,2,0,5.22218E+20,5.39821E+21,9.30217E+15,4.87365E+16
53508,8.17091E+18,8,1,15,50,2017,9,17,3,3,2,6,0,1,0,0,0,0,0,4.8883E+20,5.40204E+21,8.84797E+15,4.87712E+16
53509,8.17091E+18,8,1,15,3,2017,9,7,3,3,2,6,0,1,0,0,0,0,0,4.97635E+20,5.39334E+21,8.96787E+15,4.86931E+16
53510,8.17091E+18,8,1,15,2,2017,9,13,3,3,5,3,0,1,0,1,0,0,0,4.99597E+20,5.38635E+21,8.99453E+15,4.86302E+16
53511,8.17091E+18,8,1,11,0,2017,9,19,3,3,2,6,0,1,0,0,0,0,0,5.09552E+20,5.40292E+21,9.13002E+15,4.87792E+16
53512,8.1709E+18,8,4,35,34,2017,9,9,2,3,5,3,1,1,0,0,0,0,0,5.29776E+20,5.28467E+21,9.39699E+15,4.77147E+16
53513,8.17083E+18,8,4,21,0,2017,8,5,4,3,5,3,1,1,0,0,0,2,0,5.68879E+20,5.35309E+21,9.92927E+15,4.83272E+16
53514,8.17083E+18,8,4,16,41,2017,8,14,4,3,2,6,0,1,0,0,0,0,0,5.06395E+20,5.37354E+21,9.08659E+15,4.85149E+16
53515,8.17083E+18,8,3,36,107,2017,8,16,4,2,5,3,0,1,0,1,0,0,0,4.11907E+20,5.29113E+21,7.82432E+15,4.77675E+16
53516,8.17083E+18,8,3,35,75,2017,8,7,4,3,2,6,1,0,0,0,0,0,0,4.93335E+20,5.28733E+21,8.91109E+15,4.77393E+16
53517,8.17083E+18,8,3,27,46,2017,8,16,4,3,8,3,0,1,0,1,0,0,0,4.81005E+20,5.32413E+21,8.74502E+15,4.80701E+16
53518,8.17083E+18,8,3,26,74,2017,8,13,4,3,1,6,0,1,0,0,0,0,0,4.65328E+20,5.32439E+21,8.53455E+15,4.80719E+16
53519,8.17083E+18,8,3,26,3,2017,8,16,4,2,9,1,0,0,0,1,0,0,0,4.71845E+20,5.31485E+21,8.62267E+15,4.79864E+16
53520,8.17083E+18,8,3,26,6,2017,8,17,4,2,9,7,0,1,0,0,0,0,0,4.56897E+20,5.30905E+21,8.42291E+15,4.79333E+16
53521,8.17083E+18,8,3,25,49,2017,8,15,4,3,5,3,0,1,0,0,0,0,0,4.7294E+20,5.33648E+21,8.63597E+15,4.8181E+16
53522,8.17083E+18,8,3,25,15,2017,8,16,4,3,3,6,1,1,0,0,0,0,0,4.70084E+20,5.3439E+21,8.59703E+15,4.82476E+16
53523,8.17083E+18,8,4,17,79,2017,8,18,4,2,2,6,1,1,0,1,0,0,0,4.97386E+20,5.34447E+21,8.96478E+15,4.82534E+16
53524,8.17083E+18,8,3,17,122,2017,8,13,4,3,2,6,0,1,0,0,0,0,0,4.17365E+20,5.37021E+21,7.88181E+15,4.84796E+16
53525,8.17083E+18,8,3,17,96,2017,8,16,4,3,4,6,1,0,0,0,0,0,0,4.21745E+20,5.36881E+21,7.94133E+15,4.84676E+16
53526,8.17083E+18,8,3,17,141,2017,8,16,4,2,9,1,0,1,0,0,0,0,0,4.19217E+20,5.38295E+21,7.9044E+15,4.85945E+16
53527,8.17083E+18,8,3,16,37,2017,8,11,4,3,1,6,0,1,0,0,0,0,0,4.07365E+20,5.33424E+21,7.75442E+15,4.81547E+16
53528,8.17083E+18,8,3,15,68,2017,8,14,4,3,8,1,0,1,0,0,0,0,0,4.43179E+20,5.30278E+21,8.24009E+15,4.78759E+16
53529,8.17083E+18,8,3,15,59,2017,8,19,4,3,0,1,1,0,0,0,0,0,0,3.97396E+20,5.32148E+21,7.62349E+15,4.80384E+16
53530,8.17083E+18,8,3,36,84,2017,8,12,4,3,3,6,0,1,0,1,0,0,0,4.03994E+20,5.27688E+21,7.72189E+15,4.76382E+16
53531,8.1709E+18,8,4,35,16,2017,9,14,2,3,5,3,1,1,0,0,0,0,0,5.36812E+20,5.27962E+21,9.49035E+15,4.76689E+16
53532,8.1709E+18,8,4,26,21,2017,9,9,2,2,1,6,0,1,0,0,0,0,0,5.55833E+20,5.32921E+21,9.75014E+15,4.81137E+16
53533,8.1709E+18,8,4,21,0,2017,9,18,2,3,5,3,0,1,0,0,0,0,0,5.72996E+20,5.36414E+21,9.98671E+15,4.84262E+16
53534,8.1709E+18,8,1,17,6,2017,9,22,2,2,8,1,0,0,0,1,0,2,0,5.48911E+20,5.38663E+21,9.66382E+15,4.86308E+16
53535,8.1709E+18,8,4,21,0,2017,9,12,2,2,4,2,0,1,0,1,0,0,0,5.69711E+20,5.35342E+21,9.94054E+15,4.83301E+16
53536,8.1709E+18,8,4,17,36,2017,9,14,2,3,4,7,0,1,0,0,0,0,0,5.02656E+20,5.35316E+21,9.03584E+15,4.83316E+16
53537,8.1709E+18,8,4,17,79,2017,9,16,2,3,5,3,1,1,0,0,0,0,0,5.00525E+20,5.33945E+21,9.00706E+15,4.82083E+16
53538,8.1709E+18,8,4,17,16,2017,9,12,2,3,2,6,0,1,0,0,0,0,0,4.84043E+20,5.34156E+21,8.78515E+15,4.82271E+16
53539,8.17083E+18,8,3,11,0,2017,8,16,4,3,2,2,0,0,0,1,1,0,0,4.15279E+20,5.31149E+21,7.86533E+15,4.79511E+16
53540,8.17083E+18,8,3,15,131,2017,8,6,4,2,4,1,0,1,0,0,0,0,0,4.06068E+20,5.30935E+21,7.74247E+15,4.79305E+16
53541,8.17083E+18,8,2,26,10,2017,8,13,4,3,1,6,0,0,0,0,1,0,0,4.80371E+20,5.45837E+21,8.73013E+15,4.92777E+16
53542,8.17083E+18,8,2,36,46,2017,8,11,4,3,2,6,0,1,0,0,0,0,0,4.83157E+20,5.41747E+21,8.77014E+15,4.89099E+16
53543,8.17083E+18,8,2,36,46,2017,8,11,4,3,1,6,0,1,0,0,1,0,0,4.83242E+20,5.41736E+21,8.7713E+15,4.8909E+16
53544,8.17083E+18,8,2,36,19,2017,8,22,4,3,1,6,0,1,0,0,0,2,1,4.88053E+20,5.4097E+21,8.83718E+15,4.88402E+16
53545,8.17083E+18,8,2,26,40,2017,8,12,4,3,0,1,0,0,0,1,0,0,0,4.72942E+20,5.49598E+21,8.62542E+15,4.96157E+16
53546,8.17083E+18,8,2,37,73,2017,8,0,4,3,0,1,0,0,0,1,0,2,0,4.61752E+20,5.3794E+21,8.48155E+15,4.85665E+16
53547,8.17083E+18,8,2,35,6,2017,8,13,4,3,8,1,0,1,0,0,0,0,0,4.73036E+20,5.38121E+21,8.63439E+15,4.85834E+16
53548,8.17083E+18,8,2,35,55,2017,8,19,4,3,0,7,0,0,0,1,1,1,1,4.76948E+20,5.39811E+21,8.68649E+15,4.87356E+16
53549,8.17083E+18,8,2,31,0,2017,8,23,4,2,1,6,0,1,0,0,0,2,1,4.7937E+20,5.41809E+21,8.71843E+15,4.89154E+16
53550,8.1709E+18,8,4,16,36,2017,9,17,2,2,5,3,0,1,0,1,1,0,0,4.9674E+20,5.36874E+21,8.95589E+15,4.84718E+16
53551,8.17083E+18,8,2,31,0,2017,8,22,4,3,0,1,0,0,0,1,0,2,0,4.7971E+20,5.41608E+21,8.72317E+15,4.88974E+16
53552,8.1709E+18,8,4,15,61,2017,9,13,2,3,2,6,0,1,0,0,0,0,0,5.15217E+20,5.37232E+21,9.20601E+15,4.85038E+16
53553,8.17083E+18,8,2,36,72,2017,8,14,4,3,5,3,0,1,0,0,1,0,0,4.65514E+20,5.41134E+21,8.52988E+15,4.88541E+16
53554,8.17083E+18,8,2,25,14,2017,8,12,4,3,0,1,0,0,0,1,0,0,0,5.24469E+20,5.48551E+21,9.33809E+15,4.95217E+16
53555,8.17083E+18,8,2,26,13,2017,8,9,4,2,8,7,1,0,0,0,0,0,0,4.99548E+20,5.48034E+21,8.99376E+15,4.94757E+16
53556,8.17083E+18,8,2,16,63,2017,8,5,4,3,5,2,0,1,0,0,0,0,0,4.33948E+20,5.40495E+21,8.10064E+15,4.8794E+16
53557,8.17083E+18,8,2,12,0,2017,8,16,4,3,0,7,1,0,0,0,0,0,0,4.57052E+20,5.42828E+21,8.41274E+15,4.9006E+16
53558,8.17083E+18,8,2,16,5,2017,8,16,4,2,1,6,0,1,0,0,1,0,0,4.47922E+20,5.41584E+21,8.28951E+15,4.88933E+16
53559,8.17083E+18,8,1,18,47,2017,8,19,4,1,4,6,0,1,0,0,0,1,0,5.07658E+20,5.4283E+21,9.10472E+15,4.90076E+16
53560,8.17083E+18,8,1,36,65,2017,8,15,4,3,5,3,0,1,0,0,0,0,0,5.59232E+20,5.40592E+21,9.80666E+15,4.88035E+16
53561,8.17083E+18,8,4,21,0,2017,8,19,4,2,8,1,0,0,0,1,0,0,0,5.7234E+20,5.36558E+21,9.9781E+15,4.84392E+16
53562,8.17083E+18,8,1,28,139,2017,8,9,4,3,8,1,0,1,0,0,0,0,0,5.5202E+20,5.49217E+21,9.71961E+15,4.95799E+16
53563,8.17083E+18,8,1,28,115,2017,8,21,4,3,3,6,0,1,0,0,1,2,0,5.46806E+20,5.49921E+21,9.64833E+15,4.96437E+16
53564,8.17083E+18,8,1,27,86,2017,8,14,4,3,5,2,0,1,0,0,1,0,0,5.51842E+20,5.44638E+21,9.71118E+15,4.91681E+16
53565,8.17083E+18,8,1,26,11,2017,8,17,4,3,3,6,0,1,0,1,0,0,0,5.29118E+20,5.44766E+21,9.39955E+15,4.9181E+16
53566,8.1709E+18,8,4,15,61,2017,9,12,2,3,2,6,0,1,0,0,0,0,0,5.15295E+20,5.37113E+21,9.20702E+15,4.84931E+16
53567,8.1709E+18,8,4,15,50,2017,9,21,2,3,2,7,0,1,0,0,0,2,0,5.19392E+20,5.37742E+21,9.26277E+15,4.85496E+16
53568,8.1709E+18,8,4,15,50,2017,9,15,2,3,3,2,1,0,0,0,0,0,0,5.20753E+20,5.37632E+21,9.28115E+15,4.85396E+16
53569,8.1709E+18,8,3,37,106,2017,9,5,2,3,7,7,0,1,0,0,0,2,0,4.56285E+20,5.28435E+21,8.41721E+15,4.7711E+16
53570,8.1709E+18,8,3,37,66,2017,9,12,2,2,0,1,1,0,0,0,0,0,0,4.3167E+20,5.27071E+21,8.09124E+15,4.75862E+16
53571,8.1709E+18,8,3,35,63,2017,9,14,2,3,5,2,1,1,0,0,0,0,0,4.98776E+20,5.29068E+21,8.98366E+15,4.77695E+16
53572,8.17083E+18,8,1,25,98,2017,8,15,4,2,0,3,1,0,1,0,0,0,0,5.19628E+20,5.43884E+21,9.26891E+15,4.91021E+16
53573,8.17083E+18,8,1,25,13,2017,8,13,4,2,5,7,1,1,0,0,0,0,0,5.04948E+20,5.43617E+21,9.06775E+15,4.90783E+16
53574,8.17083E+18,8,1,19,8,2017,8,17,4,3,2,6,0,1,0,0,0,0,0,5.31954E+20,5.42034E+21,9.4363E+15,4.89352E+16