OBJECTID,UIDENTSTLA,ULAND,UREGBEZ,UKREIS,UGEMEINDE,UJAHR,UMONAT,USTUNDE,UWOCHENTAG,UKATEGORIE,UART,UTYP1,IstRad,IstPKW,IstFuss,IstKrad,IstSonstig,LICHT,STRZUSTAND,LINREFX,LINREFY,XGCSWGS84,YGCSWGS84
53575,8.1709E+18,8,4,37,88,2017,9,22,2,3,8,7,0,1,0,0,0,2,1,5.17671E+20,5.30813E+21,9.23655E+15,4.79262E+16
53576,8.17083E+18,8,1,18,60,2017,8,17,4,3,5,3,0,1,0,1,0,0,0,5.24602E+20,5.43121E+21,9.33658E+15,4.90333E+16
53577,8.17083E+18,8,1,18,79,2017,8,18,4,3,2,6,0,1,0,0,0,0,0,5.07341E+20,5.42484E+21,9.10032E+15,4.89764E+16
53578,8.1709E+18,8,3,17,31,2017,9,15,2,3,2,6,0,1,0,0,1,0,0,4.16696E+20,5.35858E+21,7.87507E+15,4.83749E+16
53579,8.1709E+18,8,3,17,57,2017,9,11,2,3,5,3,0,1,0,0,0,0,0,4.15817E+20,5.37995E+21,7.8589E+15,4.8567E+16
53580,8.1709E+18,8,3,17,98,2017,9,18,2,2,8,1,0,0,0,1,0,0,0,4.39857E+20,5.37051E+21,8.18609E+15,4.84848E+16
53581,8.1709E+18,8,3,17,141,2017,9,12,2,2,8,6,0,1,0,1,0,0,0,4.19869E+20,5.37873E+21,7.91406E+15,4.85565E+16
53582,8.1709E+18,8,3,16,37,2017,9,18,2,3,0,7,0,0,0,1,0,0,0,4.0529E+20,5.33627E+21,7.72608E+15,4.81726E+16
53583,8.17083E+18,8,1,18,79,2017,8,8,4,3,5,3,0,1,0,0,0,0,0,5.10763E+20,5.42167E+21,9.147E+15,4.89478E+16
53584,8.17083E+18,8,1,15,28,2017,8,18,4,3,2,6,0,1,0,0,0,0,0,4.98934E+20,5.40375E+21,8.98549E+15,4.87868E+16
53585,8.17083E+18,8,1,17,26,2017,8,18,4,2,4,1,0,1,0,1,0,0,0,5.5429E+20,5.4007E+21,9.73866E+15,4.87569E+16
53586,8.17083E+18,8,1,16,58,2017,8,20,4,3,0,7,0,0,0,1,0,2,1,5.33373E+20,5.39511E+21,9.45363E+15,4.87081E+16
53587,8.17083E+18,8,1,15,45,2017,8,15,4,3,5,2,0,1,0,1,0,0,0,4.97015E+20,5.39412E+21,8.95943E+15,4.87001E+16
53588,8.17083E+18,8,1,15,28,2017,8,4,4,3,8,1,0,1,0,0,0,2,0,4.9841E+20,5.40339E+21,8.97836E+15,4.87835E+16
53589,8.17083E+18,8,1,15,3,2017,8,14,4,3,2,6,0,1,0,0,0,0,0,5.05398E+20,5.39023E+21,9.07331E+15,4.86651E+16
53590,8.17083E+18,8,1,15,24,2017,8,15,4,3,2,6,0,1,0,0,0,0,0,5.00978E+20,5.38641E+21,9.01327E+15,4.86308E+16
53591,8.17083E+18,8,4,17,31,2017,8,16,3,3,5,3,0,1,0,0,0,0,0,4.98174E+20,5.35551E+21,8.97535E+15,4.83528E+16
53592,8.17083E+18,8,4,15,60,2017,8,16,3,3,2,6,0,1,0,1,0,0,0,5.12914E+20,5.37903E+21,9.17504E+15,4.85643E+16
53593,8.17083E+18,8,4,16,36,2017,8,14,3,2,8,1,0,1,0,0,0,0,0,4.93613E+20,5.36318E+21,8.91367E+15,4.84217E+16
53594,8.1709E+18,8,3,16,11,2017,9,17,2,3,1,5,0,1,0,0,0,0,0,4.14469E+20,5.32889E+21,7.85101E+15,4.81075E+16
53595,8.1709E+18,8,3,17,5,2017,9,5,2,2,2,7,0,1,0,0,1,2,0,4.23641E+20,5.38067E+21,7.9648E+15,4.85744E+16
53596,8.1709E+18,8,2,37,4,2017,9,14,2,3,4,6,0,1,0,0,0,0,0,4.47902E+20,5.37579E+21,8.2943E+15,4.85331E+16
53597,8.1709E+18,8,2,35,32,2017,9,16,2,2,4,2,0,1,0,0,0,0,0,4.74396E+20,5.3748E+21,8.65322E+15,4.85258E+16
53598,8.1709E+18,8,2,35,85,2017,9,11,2,3,4,6,0,1,0,0,0,0,0,4.80836E+20,5.39596E+21,8.73947E+15,4.87163E+16
53599,8.1709E+18,8,2,35,85,2017,9,9,2,3,5,3,0,1,0,0,1,0,0,4.80573E+20,5.39806E+21,8.73579E+15,4.87353E+16
53600,8.1709E+18,8,2,31,0,2017,9,21,2,3,4,2,0,1,0,0,0,2,0,4.74804E+20,5.41682E+21,8.65618E+15,4.89038E+16
53601,8.1709E+18,8,2,35,50,2017,9,17,2,2,5,3,0,1,0,0,0,0,0,4.7037E+20,5.39352E+21,8.59735E+15,4.8694E+16
53602,8.1709E+18,8,2,31,0,2017,9,18,2,3,0,1,0,0,0,1,1,0,1,4.78172E+20,5.41103E+21,8.70245E+15,4.88519E+16
53603,8.1709E+18,8,2,22,0,2017,9,5,2,3,0,7,0,1,0,0,0,2,0,4.64674E+20,5.47724E+21,8.51264E+15,4.94468E+16
53604,8.1709E+18,8,2,26,46,2017,9,19,2,2,5,3,0,1,0,0,0,0,1,4.75163E+20,5.45452E+21,8.65876E+15,4.9243E+16
53605,8.1709E+18,8,2,16,43,2017,9,16,2,3,5,7,0,1,0,1,0,0,0,4.42286E+20,5.41219E+21,8.21314E+15,4.886E+16
53606,8.17083E+18,8,4,15,61,2017,8,16,3,3,2,6,0,1,0,0,1,0,0,5.15257E+20,5.37107E+21,9.2065E+15,4.84925E+16
53607,8.17083E+18,8,4,15,61,2017,8,13,3,3,0,1,1,0,0,0,0,0,0,5.15663E+20,5.37222E+21,9.21203E+15,4.85029E+16
53608,8.1709E+18,8,1,18,19,2017,9,12,2,3,2,6,0,1,0,0,0,0,0,5.0198E+20,5.40473E+21,9.02695E+15,4.87955E+16
53609,8.17083E+18,8,4,15,50,2017,8,12,3,3,2,6,0,1,0,0,1,0,0,5.20713E+20,5.37526E+21,9.28056E+15,4.85301E+16
53610,8.17083E+18,8,3,37,90,2017,8,6,3,3,8,1,1,0,0,0,0,0,0,4.22974E+20,5.27321E+21,7.97516E+15,4.76077E+16
53611,8.17083E+18,8,3,37,70,2017,8,14,3,3,5,3,0,1,0,0,0,0,0,4.68199E+20,5.27426E+21,8.57678E+15,4.76209E+16
53612,8.17083E+18,8,3,37,13,2017,8,20,3,3,4,1,0,1,0,1,0,0,0,4.25054E+20,5.29484E+21,7.99912E+15,4.78025E+16
53613,8.17083E+18,8,3,35,2,2017,8,12,3,3,2,6,0,1,0,0,0,0,0,5.0738E+20,5.28387E+21,9.09838E+15,4.77082E+16
53614,8.17083E+18,8,3,35,79,2017,8,5,3,2,5,2,0,1,0,1,0,1,0,4.98771E+20,5.29803E+21,8.98358E+15,4.78356E+16
53615,8.17083E+18,8,3,35,79,2017,8,18,3,1,4,6,0,1,0,1,1,0,0,5.02999E+20,5.30014E+21,9.04009E+15,4.78546E+16
53616,8.17083E+18,8,3,27,46,2017,8,16,3,3,5,7,1,1,0,0,0,0,0,4.80186E+20,5.32399E+21,8.73403E+15,4.80689E+16
53617,8.17083E+18,8,3,26,3,2017,8,17,3,3,2,1,0,1,0,0,0,0,0,4.66157E+20,5.3221E+21,8.54587E+15,4.80512E+16
53618,8.17083E+18,8,3,26,3,2017,8,6,3,3,8,1,0,1,0,0,0,0,0,4.66214E+20,5.3175E+21,8.54699E+15,4.80099E+16
53619,8.17083E+18,8,3,17,96,2017,8,15,3,2,0,7,1,0,0,0,0,0,0,4.21808E+20,5.36885E+21,7.94218E+15,4.84679E+16
53620,8.17083E+18,8,3,17,65,2017,8,18,3,3,5,3,1,1,0,0,0,0,0,4.14215E+20,5.35461E+21,7.84238E+15,4.83389E+16
53621,8.17083E+18,8,3,17,31,2017,8,12,3,2,8,1,0,0,0,1,0,0,0,4.13684E+20,5.36037E+21,7.83404E+15,4.83905E+16
53622,8.17083E+18,8,3,17,96,2017,8,17,3,2,4,6,0,1,0,0,0,0,0,4.22913E+20,5.36565E+21,7.95771E+15,4.84392E+16
53623,8.17083E+18,8,3,16,42,2017,8,10,3,2,8,7,0,0,0,1,0,0,0,4.34055E+20,5.32215E+21,8.11512E+15,4.80493E+16
53624,8.17083E+18,8,3,16,17,2017,8,10,3,3,8,1,0,0,0,1,0,0,0,4.09202E+20,5.34304E+21,7.77725E+15,4.82341E+16
53625,8.17083E+18,8,3,15,6,2017,8,22,3,3,4,2,0,1,0,0,0,2,0,4.00492E+20,5.3119E+21,7.66724E+15,4.79527E+16
53626,8.17083E+18,8,3,15,76,2017,8,15,3,2,5,3,1,1,0,0,0,0,0,3.91994E+20,5.29672E+21,7.55726E+15,4.78148E+16
53627,8.1709E+18,8,1,11,0,2017,9,17,2,3,3,6,0,1,0,1,0,0,0,5.05906E+20,5.39737E+21,9.08031E+15,4.87293E+16
53628,8.17083E+18,8,3,15,8,2017,8,17,3,3,5,4,0,1,1,0,0,0,0,4.02442E+20,5.30092E+21,7.69584E+15,4.78542E+16
53629,8.17083E+18,8,3,15,4,2017,8,9,3,2,5,3,0,1,0,1,0,0,0,3.94752E+20,5.29457E+21,7.59461E+15,4.77959E+16
53630,8.17083E+18,8,2,16,5,2017,8,16,3,1,2,6,0,1,0,0,1,0,0,4.46826E+20,5.41479E+21,8.27469E+15,4.88837E+16
53631,8.17083E+18,8,2,15,17,2017,8,22,3,2,2,6,0,1,0,0,1,2,0,4.5417E+20,5.42218E+21,8.37403E+15,4.89508E+16
53632,8.17083E+18,8,2,35,47,2017,8,14,3,2,4,6,0,1,0,0,0,0,0,4.77108E+20,5.3906E+21,8.68908E+15,4.8668E+16
53633,8.1709E+18,8,1,11,0,2017,9,17,2,3,3,6,0,1,0,0,1,0,0,5.05867E+20,5.39629E+21,9.07977E+15,4.87196E+16
53634,8.1709E+18,8,1,36,65,2017,9,16,2,3,2,6,0,1,0,0,1,0,0,5.59671E+20,5.40905E+21,9.81309E+15,4.88316E+16
53635,8.1709E+18,8,1,36,65,2017,9,15,2,3,6,7,0,1,1,0,0,0,0,5.58704E+20,5.40501E+21,9.79932E+15,4.87953E+16
53636,8.1709E+18,8,1,26,45,2017,9,7,2,2,2,6,0,1,0,1,0,0,0,5.44928E+20,5.47121E+21,9.61913E+15,4.9392E+16
53637,8.1709E+18,8,1,27,25,2017,9,20,2,3,2,7,0,1,0,1,0,2,0,5.56449E+20,5.42814E+21,9.77183E+15,4.90036E+16
53638,8.1709E+18,8,1,27,79,2017,9,8,2,1,4,6,0,1,0,0,1,0,0,5.59884E+20,5.42463E+21,9.81828E+15,4.89717E+16
53639,8.17083E+18,8,2,36,40,2017,8,19,3,3,5,2,0,1,0,0,0,0,0,4.89027E+20,5.42157E+21,8.85013E+15,4.8947E+16
53640,8.1709E+18,8,1,26,66,2017,9,18,2,3,5,3,1,1,0,0,0,0,0,5.36095E+20,5.45022E+21,9.49552E+15,4.92037E+16
53641,8.17091E+18,8,3,11,0,2017,9,13,4,3,1,6,1,1,0,0,0,0,0,4.12451E+20,5.31848E+21,7.82603E+15,4.80136E+16
53642,8.1709E+18,8,1,26,47,2017,9,17,2,3,9,1,0,1,0,0,0,0,0,5.47069E+20,5.45293E+21,9.64648E+15,4.92274E+16
53643,8.17091E+18,8,3,36,50,2017,9,8,4,3,5,3,0,1,0,0,0,0,0,3.98299E+20,5.27612E+21,7.64625E+15,4.76305E+16
53644,8.1709E+18,8,1,25,13,2017,9,15,2,2,5,3,1,1,0,0,0,0,0,5.0454E+20,5.43579E+21,9.06216E+15,4.90749E+16
53645,8.17083E+18,8,2,36,39,2017,8,8,3,3,4,6,0,1,0,0,0,0,0,4.89454E+20,5.41334E+21,8.85619E+15,4.88729E+16
53646,8.17083E+18,8,2,26,55,2017,8,6,3,3,7,7,0,0,0,1,0,1,0,4.97805E+20,5.45823E+21,8.96982E+15,4.92768E+16
53647,8.17083E+18,8,2,26,32,2017,8,16,3,3,2,6,0,1,0,0,0,0,0,4.66351E+20,5.46572E+21,8.53676E+15,4.93433E+16
53648,8.17083E+18,8,2,22,0,2017,8,14,3,3,0,7,0,0,0,1,0,0,0,4.60904E+20,5.48272E+21,8.4601E+15,4.94959E+16
53649,8.17083E+18,8,2,26,85,2017,8,17,3,2,4,6,0,1,0,0,0,0,0,4.90934E+20,5.45059E+21,8.87554E+15,4.9208E+16
53650,8.17083E+18,8,2,16,9,2017,8,16,3,3,5,3,0,1,0,0,1,0,0,4.47214E+20,5.42139E+21,8.27913E+15,4.89432E+16
53651,8.17083E+18,8,2,15,106,2017,8,12,3,3,0,3,0,0,0,1,1,0,0,4.66041E+20,5.45347E+21,8.53354E+15,4.9233E+16
53652,8.17083E+18,8,2,15,97,2017,8,16,3,3,2,6,0,1,0,0,0,0,0,4.76085E+20,5.44323E+21,8.6721E+15,4.91414E+16
53653,8.17083E+18,8,2,15,90,2017,8,13,3,3,5,3,0,1,0,0,0,0,0,4.6487E+20,5.43415E+21,8.51914E+15,4.90592E+16
53654,8.17083E+18,8,2,16,7,2017,8,9,3,2,3,6,0,1,0,0,1,0,0,4.33255E+20,5.39662E+21,8.09255E+15,4.8719E+16
53655,8.17083E+18,8,1,36,87,2017,8,17,3,3,5,3,0,1,0,0,1,0,0,6.05501E+20,5.40969E+21,1.04376E+16,4.88312E+16
53656,8.17083E+18,8,1,35,21,2017,8,16,3,3,3,6,0,0,0,1,1,0,0,5.94358E+20,5.38257E+21,1.02796E+16,4.85891E+16
53657,8.17083E+18,8,1,35,20,2017,8,12,3,3,9,6,0,1,0,1,0,0,0,5.86488E+20,5.38233E+21,1.01728E+16,4.85881E+16
53658,8.17083E+18,8,1,27,76,2017,8,11,3,3,2,6,0,1,0,0,0,0,0,5.54088E+20,5.44251E+21,9.74147E+15,4.91331E+16
53659,8.17083E+18,8,1,26,58,2017,8,13,3,2,3,6,0,1,0,1,0,0,0,5.45454E+20,5.45545E+21,9.62458E+15,4.92501E+16
53660,8.17083E+18,8,1,25,113,2017,8,19,3,2,3,6,1,1,0,0,0,0,0,5.29626E+20,5.45141E+21,9.40679E+15,4.92147E+16
53661,8.17083E+18,8,1,25,56,2017,8,19,3,3,5,3,1,1,0,0,0,0,0,5.09607E+20,5.43513E+21,9.13152E+15,4.9069E+16
53662,8.17083E+18,8,1,25,66,2017,8,7,3,3,0,1,0,0,0,1,0,0,0,5.14218E+20,5.4332E+21,9.19458E+15,4.90515E+16
53663,8.17083E+18,8,1,21,0,2017,8,12,3,3,2,6,0,1,0,0,0,0,0,5.11633E+20,5.44617E+21,9.15959E+15,4.91682E+16
53664,8.17083E+18,8,1,21,0,2017,8,16,3,3,2,6,0,1,0,0,0,0,0,5.14464E+20,5.44132E+21,9.19824E+15,4.91245E+16
53665,8.17083E+18,8,1,25,26,2017,8,9,3,3,2,6,0,1,0,0,0,0,0,4.95734E+20,5.44291E+21,8.94151E+15,4.9139E+16
53666,8.17083E+18,8,4,25,79,2017,8,17,3,3,2,6,0,1,0,0,0,0,0,5.57546E+20,5.37418E+21,9.77928E+15,4.85181E+16
53667,8.1709E+18,8,1,25,8,2017,9,17,2,3,8,1,0,0,0,1,0,0,0,5.26749E+20,5.43235E+21,9.36603E+15,4.90435E+16
53668,8.17091E+18,8,3,35,75,2017,9,13,4,3,2,6,0,1,0,0,1,0,0,4.87429E+20,5.29011E+21,8.83224E+15,4.77643E+16
53669,8.1709E+18,8,1,25,59,2017,9,20,2,2,8,1,1,0,0,0,0,2,0,5.26865E+20,5.44087E+21,9.36818E+15,4.91201E+16
53670,8.1709E+18,8,1,25,79,2017,9,8,2,3,2,6,0,1,0,0,1,0,0,5.12348E+20,5.45384E+21,9.16963E+15,4.92372E+16
53671,8.1709E+18,8,1,21,0,2017,9,16,2,3,5,3,1,1,0,0,0,0,0,5.16231E+20,5.44448E+21,9.22259E+15,4.91529E+16
53672,8.1709E+18,8,1,19,90,2017,9,13,2,3,5,3,0,1,0,0,1,0,0,5.31885E+20,5.40651E+21,9.43428E+15,4.88107E+16
53673,8.1709E+18,8,1,19,75,2017,9,17,2,3,8,1,0,0,0,1,0,0,0,5.37149E+20,5.43019E+21,9.50813E+15,4.90235E+16
53674,8.17083E+18,8,1,16,81,2017,8,0,3,3,2,6,0,1,0,0,0,2,0,5.18295E+20,5.38509E+21,9.24823E+15,4.86186E+16
53675,8.17083E+18,8,1,16,77,2017,8,9,3,3,3,6,1,1,0,0,0,0,0,5.17303E+20,5.39116E+21,9.23504E+15,4.86732E+16
53676,8.1709E+18,8,1,18,73,2017,9,15,2,3,2,6,0,1,0,0,0,0,0,5.01127E+20,5.41715E+21,9.01538E+15,4.89073E+16
53677,8.17083E+18,8,1,16,33,2017,8,15,3,3,5,2,0,1,0,0,1,0,0,5.31835E+20,5.38773E+21,9.43216E+15,4.86418E+16
53678,8.17083E+18,8,1,15,50,2017,8,6,3,3,5,3,1,1,0,0,0,1,0,4.9048E+20,5.39988E+21,8.87048E+15,4.87519E+16
53679,8.1709E+18,8,1,18,12,2017,9,8,2,3,2,6,0,1,0,0,0,0,0,4.97656E+20,5.41278E+21,8.96804E+15,4.8868E+16
53680,8.17091E+18,8,3,35,43,2017,9,18,4,2,5,3,0,0,0,1,0,0,0,5.13942E+20,5.2796E+21,9.18571E+15,4.76696E+16
53681,8.17083E+18,8,1,11,0,2017,8,14,3,3,4,6,0,1,0,0,0,0,0,5.15855E+20,5.39674E+21,9.21558E+15,4.87235E+16
53682,8.17083E+18,8,1,11,0,2017,8,9,3,3,5,3,1,1,0,0,0,0,0,5.14106E+20,5.40604E+21,9.19211E+15,4.88072E+16
53683,8.1709E+18,8,1,18,63,2017,9,16,2,3,2,6,0,1,0,0,1,0,0,5.25171E+20,5.42574E+21,9.34403E+15,4.89841E+16
53684,8.17091E+18,8,3,35,75,2017,9,12,4,2,0,1,0,0,0,1,0,0,0,4.87743E+20,5.28933E+21,8.83645E+15,4.77572E+16
53685,8.17083E+18,8,4,37,88,2017,8,15,2,3,5,2,0,0,0,0,1,0,0,5.17215E+20,5.3142E+21,9.2307E+15,4.79809E+16
53686,8.17083E+18,8,4,36,3,2017,8,13,2,3,5,3,1,1,0,0,0,0,0,5.77906E+20,5.30385E+21,1.0042E+16,4.78833E+16
53687,8.1709E+18,8,1,18,60,2017,9,7,2,2,8,7,0,0,0,1,0,0,0,5.25828E+20,5.43159E+21,9.35338E+15,4.90366E+16
53688,8.17083E+18,8,4,36,49,2017,8,14,2,3,4,6,0,1,0,1,0,0,0,5.8091E+20,5.28643E+21,1.0079E+16,4.77261E+16
53689,8.17083E+18,8,4,36,9,2017,8,14,2,3,2,6,0,1,0,0,0,0,0,5.54066E+20,5.30515E+21,9.72336E+15,4.78974E+16
53690,8.17083E+18,8,4,36,49,2017,8,16,2,3,0,6,0,1,0,1,0,0,0,5.78356E+20,5.28702E+21,1.0045E+16,4.77318E+16
53691,8.1709E+18,8,1,18,79,2017,9,16,2,3,2,6,0,1,0,0,0,0,0,5.08948E+20,5.41993E+21,9.12217E+15,4.89322E+16
53692,8.1709E+18,8,1,16,81,2017,9,16,2,3,2,6,0,1,0,0,0,0,0,5.16169E+20,5.38473E+21,9.21938E+15,4.86154E+16
53693,8.1709E+18,8,1,11,0,2017,9,19,2,3,2,7,0,1,0,0,0,2,0,5.13193E+20,5.40226E+21,9.17957E+15,4.87732E+16
53694,8.1709E+18,8,1,11,0,2017,9,15,2,3,2,6,0,1,0,0,0,0,0,5.14747E+20,5.40465E+21,9.20079E+15,4.87946E+16
53695,8.17083E+18,8,4,36,64,2017,8,15,2,3,3,6,0,1,0,1,0,0,0,5.45964E+20,5.29335E+21,9.61371E+15,4.77919E+16
53696,8.17083E+18,8,4,35,36,2017,8,12,2,3,0,7,0,0,0,0,1,0,0,5.20377E+20,5.28248E+21,9.27157E+15,4.76954E+16
53697,8.17091E+18,8,4,35,16,2017,9,15,4,1,5,3,1,1,0,0,0,0,0,5.35704E+20,5.27796E+21,9.47547E+15,4.7654E+16
53698,8.17083E+18,8,4,35,35,2017,8,10,2,3,2,6,0,1,0,0,0,0,0,5.41802E+20,5.28156E+21,9.55702E+15,4.76861E+16
53699,8.1709E+18,8,1,11,0,2017,9,23,2,3,1,5,1,1,0,0,0,2,0,5.1829E+20,5.40352E+21,9.24899E+15,4.87844E+16
53700,8.17083E+18,8,4,35,16,2017,8,15,2,3,5,2,1,1,0,0,0,0,1,5.39514E+20,5.28015E+21,9.5264E+15,4.76735E+16
53701,8.17083E+18,8,4,37,8,2017,8,13,2,3,4,6,0,1,0,0,1,0,0,5.20285E+20,5.32864E+21,9.27252E+15,4.81107E+16
53702,8.17083E+18,8,4,26,35,2017,8,14,2,2,3,3,1,1,0,0,0,0,0,5.3984E+20,5.33212E+21,9.53554E+15,4.81411E+16
53703,8.17083E+18,8,4,25,75,2017,8,16,2,3,2,6,0,1,0,1,0,0,0,5.66211E+20,5.37684E+21,9.89703E+15,4.85411E+16
53704,8.17083E+18,8,4,17,2,2017,8,10,2,3,4,1,0,1,0,1,0,0,0,4.83743E+20,5.34509E+21,8.78096E+15,4.82588E+16
53705,8.17083E+18,8,4,16,36,2017,8,15,2,3,8,1,0,0,0,0,1,0,0,4.92681E+20,5.36722E+21,8.901E+15,4.84581E+16
53706,8.17083E+18,8,3,37,123,2017,8,16,2,3,2,2,0,1,0,0,1,0,0,4.5026E+20,5.27614E+21,8.33784E+15,4.76368E+16
53707,8.17083E+18,8,3,36,50,2017,8,14,2,2,5,2,0,1,0,0,1,0,0,4.02703E+20,5.27714E+21,7.70465E+15,4.76403E+16
53708,8.17083E+18,8,3,35,79,2017,8,15,2,3,0,7,1,0,0,0,0,0,1,5.00094E+20,5.29918E+21,9.00126E+15,4.7846E+16
53709,8.17083E+18,8,3,35,63,2017,8,15,2,3,5,3,1,1,0,0,0,0,0,4.9695E+20,5.28795E+21,8.95931E+15,4.77449E+16
53710,8.17083E+18,8,3,35,43,2017,8,12,2,3,2,2,0,1,0,0,1,0,0,5.10625E+20,5.28234E+21,9.1416E+15,4.76944E+16
53711,8.17083E+18,8,3,35,22,2017,8,16,2,2,8,1,0,1,0,0,0,0,1,4.85464E+20,5.29967E+21,8.8057E+15,4.78502E+16
53712,8.17083E+18,8,3,26,61,2017,8,6,2,3,8,1,0,1,0,0,0,0,0,4.7125E+20,5.3215E+21,8.61424E+15,4.80461E+16
53713,8.17083E+18,8,3,17,96,2017,8,23,2,3,9,1,0,1,0,0,0,2,0,4.25343E+20,5.37142E+21,7.98953E+15,4.84915E+16
53714,8.17083E+18,8,2,12,0,2017,8,4,2,3,8,1,0,1,0,0,0,2,0,4.53644E+20,5.42814E+21,8.36617E+15,4.90044E+16
53715,8.17083E+18,8,2,12,0,2017,8,9,2,3,6,4,1,0,1,0,0,0,0,4.55733E+20,5.42822E+21,8.39471E+15,4.90053E+16
53716,8.17083E+18,8,2,15,108,2017,8,17,2,1,5,2,1,1,0,0,0,0,0,4.50079E+20,5.4248E+21,8.31784E+15,4.89741E+16
53717,8.1709E+18,8,4,36,9,2017,9,17,1,3,2,6,0,1,0,1,0,0,0,5.56322E+20,5.30761E+21,9.75386E+15,4.79194E+16
53718,8.17091E+18,8,3,27,18,2017,9,18,4,3,2,6,0,1,0,0,0,0,0,4.76311E+20,5.30663E+21,8.68297E+15,4.79125E+16
53719,8.1709E+18,8,4,36,49,2017,9,14,1,3,5,3,0,1,0,1,0,0,0,5.78116E+20,5.28135E+21,1.00408E+16,4.76808E+16
53720,8.17091E+18,8,4,36,6,2017,9,10,4,1,4,6,0,1,0,0,1,0,0,5.58489E+20,5.28308E+21,9.77955E+15,4.76985E+16
53721,8.1709E+18,8,4,35,16,2017,9,1,1,3,0,1,1,0,0,0,0,2,1,5.36828E+20,5.27974E+21,9.49058E+15,4.767E+16
53722,8.1709E+18,8,4,37,31,2017,9,13,1,2,5,3,0,1,0,0,0,0,0,5.20775E+20,5.34592E+21,9.27995E+15,4.82661E+16
53723,8.1709E+18,8,4,26,38,2017,9,21,1,2,0,7,0,1,0,0,0,2,0,5.62228E+20,5.31246E+21,9.8336E+15,4.79625E+16
53724,8.1709E+18,8,4,25,140,2017,9,6,1,3,8,1,0,0,0,1,0,1,0,5.80023E+20,5.33678E+21,1.00765E+16,4.81792E+16
53725,8.1709E+18,8,4,16,41,2017,9,18,1,3,8,1,0,0,0,1,0,0,0,5.04948E+20,5.38113E+21,9.0671E+15,4.85832E+16
53726,8.1709E+18,8,4,15,61,2017,9,19,1,2,3,6,0,1,0,1,0,0,0,5.13566E+20,5.37112E+21,9.18362E+15,4.8493E+16
53727,8.1709E+18,8,4,16,25,2017,9,18,1,3,2,6,0,1,0,0,0,0,1,5.00706E+20,5.36058E+21,9.00954E+15,4.83984E+16
53728,8.1709E+18,8,3,37,126,2017,9,22,1,3,6,6,0,1,1,0,0,2,0,4.38697E+20,5.27538E+21,8.18403E+15,4.76289E+16
53729,8.1709E+18,8,3,35,98,2017,9,11,1,3,5,3,0,1,0,0,0,0,0,5.01683E+20,5.29552E+21,9.02248E+15,4.78131E+16
53730,8.1709E+18,8,3,35,98,2017,9,17,1,3,8,7,0,1,0,0,0,0,0,5.04708E+20,5.29739E+21,9.06291E+15,4.78299E+16
53731,8.17083E+18,8,2,35,55,2017,8,11,2,2,0,6,0,1,0,1,0,0,0,4.76948E+20,5.39811E+21,8.68649E+15,4.87356E+16
53732,8.17083E+18,8,2,35,79,2017,8,16,2,2,4,6,0,1,0,0,0,0,0,4.69507E+20,5.40065E+21,8.58511E+15,4.87581E+16
53733,8.17091E+18,8,3,25,57,2017,9,13,4,3,3,6,0,1,0,1,0,0,0,4.72859E+20,5.35694E+21,8.63357E+15,4.8365E+16
53734,8.17083E+18,8,2,31,0,2017,8,19,2,3,1,5,1,1,0,0,0,0,0,4.77912E+20,5.41431E+21,8.69873E+15,4.88813E+16
53735,8.1709E+18,8,4,35,59,2017,9,13,1,2,5,2,0,1,0,0,0,0,0,5.13991E+20,5.29085E+21,9.18673E+15,4.77709E+16
53736,8.17091E+18,8,3,17,65,2017,9,17,4,3,2,6,0,1,0,0,0,0,0,4.1127E+20,5.35626E+21,7.80231E+15,4.83533E+16
53737,8.17083E+18,8,2,26,85,2017,8,7,2,3,4,6,0,1,0,0,0,0,0,4.86193E+20,5.45829E+21,8.81018E+15,4.92772E+16
53738,8.17083E+18,8,2,26,54,2017,8,1,2,3,3,6,1,0,0,0,0,2,0,4.81762E+20,5.45601E+21,8.74936E+15,4.92566E+16
53739,8.1709E+18,8,2,37,27,2017,9,17,1,2,8,1,0,0,0,1,0,0,0,4.79928E+20,5.3701E+21,8.72837E+15,4.84837E+16
53740,8.17091E+18,8,3,15,16,2017,9,21,4,3,4,1,0,1,0,0,1,2,0,4.31318E+20,5.30701E+21,8.08082E+15,4.79127E+16
53741,8.17083E+18,8,2,26,107,2017,8,23,2,3,9,1,0,0,0,1,0,2,0,4.77052E+20,5.48437E+21,8.683E+15,4.95115E+16
53742,8.17083E+18,8,2,26,104,2017,8,11,2,3,2,6,0,1,0,0,0,0,0,4.90101E+20,5.4657E+21,8.86372E+15,4.9344E+16
53743,8.1709E+18,8,3,17,114,2017,9,0,1,3,6,4,0,1,1,0,0,2,1,4.05663E+20,5.34718E+21,7.72867E+15,4.82708E+16
53744,8.17083E+18,8,2,26,84,2017,8,13,2,3,5,3,0,1,0,0,0,0,0,4.66904E+20,5.47292E+21,8.54378E+15,4.9408E+16
53745,8.17083E+18,8,2,21,0,2017,8,15,2,2,3,2,1,1,0,0,0,0,0,4.76551E+20,5.47295E+21,8.67675E+15,4.94088E+16
53746,8.17083E+18,8,2,15,99,2017,8,18,2,3,2,6,0,1,0,0,0,0,0,4.61967E+20,5.4431E+21,8.47856E+15,4.91396E+16
53747,8.17083E+18,8,2,15,109,2017,8,12,2,3,4,2,0,1,0,0,0,0,0,4.60688E+20,5.43617E+21,8.46169E+15,4.90772E+16
53748,8.17083E+18,8,2,11,0,2017,8,19,2,3,0,7,0,0,0,1,0,0,0,4.4651E+20,5.39895E+21,8.27245E+15,4.87413E+16