OBJECTID,UIDENTSTLA,ULAND,UREGBEZ,UKREIS,UGEMEINDE,UJAHR,UMONAT,USTUNDE,UWOCHENTAG,UKATEGORIE,UART,UTYP1,IstRad,IstPKW,IstFuss,IstKrad,IstSonstig,LICHT,STRZUSTAND,LINREFX,LINREFY,XGCSWGS84,YGCSWGS84
53923,8.17092E+18,8,3,17,1,2017,9,18,6,3,5,3,1,1,0,0,0,0,0,4.3192E+20,5.38661E+21,8.07606E+15,4.86289E+16
53924,8.17091E+18,8,2,22,0,2017,9,20,3,2,5,7,0,1,0,0,1,2,0,4.62224E+20,5.48515E+21,8.47809E+15,4.95178E+16
53925,8.17092E+18,8,3,17,1,2017,9,14,6,3,2,2,0,1,0,0,0,0,0,4.30052E+20,5.38597E+21,8.05081E+15,4.86229E+16
53926,8.17091E+18,8,2,21,0,2017,9,13,3,3,5,2,1,1,0,0,0,0,0,4.76799E+20,5.47219E+21,8.68022E+15,4.9402E+16
53927,8.17092E+18,8,3,17,21,2017,9,15,6,2,6,4,0,1,1,0,0,0,0,4.25419E+20,5.37267E+21,7.99034E+15,4.85027E+16
53928,8.17091E+18,8,2,16,41,2017,9,15,3,2,2,6,0,1,0,0,0,0,1,4.35757E+20,5.39258E+21,8.1272E+15,4.8683E+16
53929,8.17091E+18,8,2,16,7,2017,9,16,3,3,2,6,0,1,0,0,0,0,0,4.36573E+20,5.39434E+21,8.13802E+15,4.86988E+16
53930,8.17092E+18,8,3,16,56,2017,9,7,6,3,8,1,0,0,0,1,0,0,0,4.21193E+20,5.32611E+21,7.94182E+15,4.80834E+16
53931,8.17091E+18,8,1,19,1,2017,9,20,5,3,9,1,0,0,0,1,0,2,0,5.48094E+20,5.41025E+21,9.65549E+15,4.88433E+16
53932,8.17091E+18,8,2,16,43,2017,9,17,3,3,5,3,1,1,0,0,0,0,0,4.41341E+20,5.41319E+21,8.20012E+15,4.88689E+16
53933,8.17092E+18,8,3,16,37,2017,9,12,6,3,5,3,0,1,0,0,0,0,0,4.07458E+20,5.33362E+21,7.75582E+15,4.81491E+16
53934,8.17091E+18,8,1,18,67,2017,9,18,5,3,8,1,0,0,0,1,0,0,0,5.06536E+20,5.41321E+21,9.08913E+15,4.88718E+16
53935,8.17091E+18,8,2,11,0,2017,9,6,3,3,6,4,0,1,1,0,0,1,1,4.425E+20,5.40309E+21,8.21733E+15,4.87781E+16
53936,8.17091E+18,8,1,26,58,2017,9,18,3,3,3,6,0,1,0,0,0,0,0,5.4587E+20,5.45081E+21,9.62976E+15,4.92083E+16
53937,8.17091E+18,8,1,18,51,2017,9,8,3,3,2,6,0,1,0,0,0,0,1,5.10593E+20,5.41443E+21,9.14448E+15,4.88828E+16
53938,8.17091E+18,8,1,36,79,2017,9,13,3,2,5,3,0,1,0,0,0,0,0,5.60261E+20,5.40167E+21,9.82004E+15,4.87651E+16
53939,8.17091E+18,8,1,28,139,2017,9,13,3,2,8,1,0,0,0,0,1,0,0,5.42026E+20,5.48823E+21,9.58094E+15,4.95452E+16
53940,8.17091E+18,8,1,25,63,2017,9,4,3,3,2,1,0,0,0,0,1,2,0,5.29608E+20,5.46609E+21,9.40764E+15,4.93468E+16
53941,8.17091E+18,8,1,27,46,2017,9,12,3,3,2,2,0,1,0,0,1,0,0,5.70874E+20,5.44926E+21,9.97274E+15,4.9192E+16
53942,8.17091E+18,8,1,27,14,2017,9,18,3,3,2,6,0,1,0,0,0,0,1,5.75792E+20,5.44376E+21,1.00392E+16,4.9142E+16
53943,8.17091E+18,8,1,26,60,2017,9,17,3,3,1,6,0,1,0,0,0,0,0,5.46016E+20,5.46144E+21,9.63299E+15,4.93039E+16
53944,8.17091E+18,8,1,25,38,2017,9,21,3,2,4,2,0,1,0,1,0,2,0,4.99879E+20,5.43487E+21,8.99834E+15,4.90667E+16
53945,8.17091E+18,8,1,19,55,2017,9,12,3,3,3,6,0,1,0,1,0,0,1,5.4441E+20,5.40445E+21,9.60465E+15,4.87915E+16
53946,8.17091E+18,8,1,19,83,2017,9,16,3,3,2,6,0,1,0,0,0,0,0,5.35103E+20,5.41952E+21,9.47923E+15,4.89276E+16
53947,8.17091E+18,8,1,18,48,2017,9,14,3,3,2,6,0,1,0,0,0,0,1,5.14259E+20,5.41482E+21,9.19451E+15,4.88862E+16
53948,8.17091E+18,8,1,18,48,2017,9,14,3,3,2,6,0,1,0,0,0,0,0,5.11056E+20,5.41472E+21,9.15081E+15,4.88853E+16
53949,8.17091E+18,8,1,18,11,2017,9,18,3,3,0,1,0,0,0,1,0,0,1,5.04418E+20,5.40818E+21,9.0602E+15,4.88266E+16
53950,8.17091E+18,8,1,15,21,2017,9,8,3,3,2,1,0,0,0,0,1,0,0,4.92312E+20,5.38332E+21,8.89572E+15,4.86029E+16
53951,8.17091E+18,8,1,16,19,2017,9,7,3,3,2,6,0,1,0,0,0,0,0,5.23609E+20,5.39741E+21,9.32104E+15,4.87293E+16
53952,8.17091E+18,8,1,16,19,2017,9,9,3,3,5,3,0,1,0,1,0,0,1,5.20226E+20,5.39993E+21,9.27516E+15,4.87521E+16
53953,8.17091E+18,8,1,11,0,2017,9,14,3,3,5,3,0,1,0,0,0,0,0,5.13228E+20,5.40664E+21,9.18018E+15,4.88126E+16
53954,8.17091E+18,8,1,11,0,2017,9,8,3,3,2,6,0,1,0,1,0,1,1,5.10238E+20,5.4001E+21,9.13928E+15,4.87538E+16
53955,8.17091E+18,8,1,11,0,2017,9,17,3,3,2,6,0,1,0,0,0,0,0,5.17382E+20,5.40397E+21,9.23664E+15,4.87885E+16
53956,8.17091E+18,8,1,18,48,2017,9,16,5,3,2,6,0,1,0,0,0,0,0,5.11521E+20,5.41524E+21,9.15717E+15,4.889E+16
53957,8.17092E+18,8,3,15,68,2017,9,17,6,2,0,1,0,0,0,1,0,0,1,4.43742E+20,5.30282E+21,8.24762E+15,4.78763E+16
53958,8.17091E+18,8,1,18,18,2017,9,18,5,3,0,7,0,0,0,1,0,0,0,5.11288E+20,5.4307E+21,9.15441E+15,4.90291E+16
53959,8.17092E+18,8,3,15,48,2017,9,16,6,3,2,6,0,1,0,0,1,0,0,3.94589E+20,5.30709E+21,7.58938E+15,4.79085E+16
53960,8.17091E+18,8,1,17,7,2017,9,18,5,3,2,2,0,1,0,1,0,0,0,5.591E+20,5.38405E+21,9.80173E+15,4.86067E+16
53961,8.17092E+18,8,2,26,95,2017,9,16,6,3,2,6,0,1,0,0,0,0,0,4.71041E+20,5.45994E+21,8.60175E+15,4.92916E+16
53962,8.17091E+18,8,3,27,19,2017,9,13,5,3,5,3,0,1,0,0,0,0,0,4.8188E+20,5.3315E+21,8.75645E+15,4.81365E+16
53963,8.17092E+18,8,2,26,10,2017,9,12,6,3,2,6,0,1,0,0,0,0,0,4.83736E+20,5.45746E+21,8.77643E+15,4.92697E+16
53964,8.17092E+18,8,2,36,46,2017,9,21,6,3,1,6,0,1,0,0,0,2,0,4.82875E+20,5.41783E+21,8.76627E+15,4.89132E+16
53965,8.17092E+18,8,2,31,0,2017,9,17,6,3,2,6,0,1,0,0,0,0,0,4.85138E+20,5.41151E+21,8.79739E+15,4.88564E+16
53966,8.17092E+18,8,2,21,0,2017,9,8,6,3,2,6,0,1,0,0,0,0,0,4.73477E+20,5.47464E+21,8.63426E+15,4.94238E+16
53967,8.17092E+18,8,2,12,0,2017,9,6,6,3,3,6,0,1,0,0,1,0,0,4.58787E+20,5.4268E+21,8.43662E+15,4.89927E+16
53968,8.17091E+18,8,3,27,17,2017,9,19,5,3,4,6,0,1,0,1,0,1,0,4.78189E+20,5.3314E+21,8.70684E+15,4.81355E+16
53969,8.17092E+18,8,2,15,17,2017,9,13,6,3,2,6,0,1,0,0,0,0,0,4.53103E+20,5.42016E+21,8.35969E+15,4.89326E+16
53970,8.17091E+18,8,4,17,25,2017,9,18,5,2,8,1,0,0,0,1,0,0,0,4.86606E+20,5.36044E+21,8.81905E+15,4.83969E+16
53971,8.17091E+18,8,1,11,0,2017,9,9,3,3,2,6,0,1,0,0,0,0,1,5.108E+20,5.40348E+21,9.14702E+15,4.87842E+16
53972,8.17091E+18,8,4,37,44,2017,9,15,2,3,4,1,0,1,0,1,0,0,0,5.30343E+20,5.32379E+21,9.40729E+15,4.80666E+16
53973,8.17091E+18,8,4,37,76,2017,9,18,2,3,5,3,0,1,0,0,1,0,0,5.23543E+20,5.32269E+21,9.31596E+15,4.8057E+16
53974,8.17091E+18,8,4,36,81,2017,9,14,2,3,5,3,0,1,0,0,0,0,0,5.6298E+20,5.28177E+21,9.83921E+15,4.76863E+16
53975,8.17091E+18,8,4,36,64,2017,9,17,2,3,2,6,0,0,0,1,1,0,0,5.4813E+20,5.29144E+21,9.64242E+15,4.77746E+16
53976,8.17092E+18,8,2,12,0,2017,9,13,6,3,5,3,0,1,0,0,0,0,1,4.57266E+20,5.42821E+21,8.41568E+15,4.90053E+16
53977,8.17091E+18,8,4,36,64,2017,9,9,2,3,2,6,0,1,0,0,0,0,0,5.45492E+20,5.29247E+21,9.60732E+15,4.7784E+16
53978,8.17092E+18,8,2,12,0,2017,9,16,6,3,5,3,0,1,0,0,0,0,1,4.51048E+20,5.43167E+21,8.33024E+15,4.90359E+16
53979,8.17091E+18,8,4,35,16,2017,9,3,2,3,8,1,0,1,0,0,0,2,0,5.37339E+20,5.2799E+21,9.49741E+15,4.76714E+16
53980,8.17092E+18,8,2,12,0,2017,9,16,6,3,2,6,0,1,0,0,1,0,0,4.60586E+20,5.42877E+21,8.46102E+15,4.90105E+16
53981,8.17091E+18,8,3,17,75,2017,9,21,5,2,5,3,0,1,0,0,0,2,0,4.11161E+20,5.35958E+21,7.80014E+15,4.83832E+16
53982,8.17091E+18,8,4,21,0,2017,9,5,2,3,0,7,0,1,0,0,0,1,0,5.64503E+20,5.3593E+21,9.87119E+15,4.83836E+16
53983,8.17091E+18,8,4,17,31,2017,9,10,2,3,2,6,0,1,0,0,0,0,0,4.97179E+20,5.35639E+21,8.96191E+15,4.83607E+16
53984,8.17092E+18,8,2,12,0,2017,9,5,6,2,0,2,0,1,0,1,0,2,0,4.59765E+20,5.42438E+21,8.45023E+15,4.8971E+16
53985,8.17091E+18,8,3,16,10,2017,9,22,5,2,4,6,0,1,0,1,0,2,0,4.31993E+20,5.33721E+21,8.08505E+15,4.81845E+16
53986,8.17091E+18,8,4,17,71,2017,9,21,2,3,4,6,0,1,0,0,0,2,0,4.82037E+20,5.33675E+21,8.75834E+15,4.81837E+16
53987,8.17092E+18,8,2,35,8,2017,9,12,6,3,5,3,0,1,0,1,0,0,0,4.80391E+20,5.40242E+21,8.73311E+15,4.87745E+16
53988,8.17091E+18,8,3,16,12,2017,9,15,5,2,4,6,0,1,0,0,0,0,0,4.03958E+20,5.33404E+21,7.70868E+15,4.81523E+16
53989,8.17091E+18,8,4,17,2,2017,9,16,2,3,5,3,0,1,0,0,1,0,0,4.89214E+20,5.34348E+21,8.85472E+15,4.82445E+16
53990,8.17092E+18,8,2,35,7,2017,9,7,6,3,5,3,0,1,0,0,0,0,0,4.85612E+20,5.39733E+21,8.80435E+15,4.87288E+16
53991,8.17091E+18,8,4,16,31,2017,9,19,2,3,2,6,0,1,0,0,0,0,0,5.03318E+20,5.36357E+21,9.04486E+15,4.84252E+16
53992,8.17091E+18,8,4,16,41,2017,9,8,2,3,4,2,0,1,0,0,0,0,0,5.0461E+20,5.37187E+21,9.06241E+15,4.84999E+16
53993,8.17091E+18,8,3,37,66,2017,9,3,2,3,9,7,0,1,0,0,0,2,0,4.30766E+20,5.26967E+21,8.07938E+15,4.75767E+16
53994,8.17091E+18,8,3,36,91,2017,9,20,2,3,2,6,0,1,0,0,0,1,0,3.96034E+20,5.27337E+21,7.61677E+15,4.76054E+16
53995,8.17091E+18,8,3,36,87,2017,9,12,2,3,8,1,0,1,0,0,0,0,1,4.20364E+20,5.29573E+21,7.93632E+15,4.781E+16
53996,8.17091E+18,8,3,35,80,2017,9,12,2,3,2,6,0,1,0,0,1,0,0,4.78249E+20,5.29871E+21,8.7093E+15,4.78414E+16
53997,8.17091E+18,8,3,35,2,2017,9,15,2,3,5,2,1,1,0,0,0,0,0,5.05334E+20,5.28483E+21,9.07112E+15,4.77169E+16
53998,8.17091E+18,8,4,35,66,2017,9,5,2,2,5,3,0,1,0,0,1,2,0,5.1836E+20,5.28514E+21,9.2448E+15,4.77194E+16
53999,8.17091E+18,8,3,26,74,2017,9,6,2,3,5,3,0,1,0,0,1,0,0,4.60623E+20,5.32E+21,8.4718E+15,4.80321E+16
54000,8.17091E+18,8,3,26,74,2017,9,17,2,3,2,6,0,1,0,0,0,0,0,4.59573E+20,5.32382E+21,8.45735E+15,4.80663E+16
54001,8.17091E+18,8,3,17,65,2017,9,17,2,3,0,7,1,0,0,0,0,0,0,4.2021E+20,5.35372E+21,7.92344E+15,4.83316E+16
54002,8.17091E+18,8,3,16,43,2017,9,16,2,3,2,1,0,1,0,0,0,0,0,4.10391E+20,5.33039E+21,7.79591E+15,4.81205E+16
54003,8.17091E+18,8,3,15,47,2017,9,18,2,3,1,6,0,1,0,1,0,0,0,4.15498E+20,5.32295E+21,7.866E+15,4.80542E+16
54004,8.17091E+18,8,3,15,39,2017,9,16,5,3,4,6,0,1,0,0,0,0,0,4.48665E+20,5.30533E+21,8.31316E+15,4.78992E+16
54005,8.17092E+18,8,2,35,67,2017,9,20,6,2,4,6,0,1,0,1,0,2,0,4.87182E+20,5.3996E+21,8.82562E+15,4.87493E+16
54006,8.17091E+18,8,3,11,0,2017,9,17,5,3,2,6,0,1,0,0,0,0,0,4.14611E+20,5.31853E+21,7.85498E+15,4.80143E+16
54007,8.17092E+18,8,2,36,40,2017,9,15,6,3,2,6,0,1,0,0,0,0,0,4.88733E+20,5.42037E+21,8.84615E+15,4.89362E+16
54008,8.17091E+18,8,2,26,10,2017,9,14,5,3,2,6,0,1,0,0,0,0,0,4.8391E+20,5.45738E+21,8.77883E+15,4.9269E+16
54009,8.17092E+18,8,2,26,98,2017,9,17,6,3,2,6,0,1,0,0,0,0,0,4.77326E+20,5.459E+21,8.68822E+15,4.92833E+16
54010,8.17092E+18,8,2,26,63,2017,9,17,6,3,5,3,0,1,0,0,0,0,1,4.70737E+20,5.47034E+21,8.59681E+15,4.9385E+16
54011,8.17092E+18,8,2,22,0,2017,9,12,6,2,0,7,1,0,0,0,0,0,0,4.59886E+20,5.48208E+21,8.4461E+15,4.949E+16
54012,8.17091E+18,8,3,36,84,2017,9,17,2,2,6,1,0,1,1,0,0,0,0,4.0563E+20,5.27764E+21,7.74348E+15,4.76452E+16
54013,8.17091E+18,8,3,36,103,2017,9,8,2,2,4,6,0,1,0,0,0,0,0,4.13379E+20,5.28173E+21,7.84583E+15,4.76831E+16
54014,8.17092E+18,8,2,16,43,2017,9,6,6,3,5,2,0,1,0,1,0,2,0,4.39035E+20,5.41171E+21,8.16889E+15,4.88553E+16
54015,8.17091E+18,8,2,26,95,2017,9,8,5,3,2,6,0,0,0,0,1,0,0,4.73056E+20,5.46249E+21,8.62929E+15,4.93145E+16
54016,8.17091E+18,8,3,15,6,2017,9,7,2,3,2,6,0,1,0,0,0,0,0,4.04078E+20,5.30794E+21,7.71613E+15,4.79176E+16
54017,8.17092E+18,8,2,15,103,2017,9,17,6,3,2,6,0,1,0,0,0,0,0,4.67029E+20,5.44428E+21,8.54786E+15,4.91505E+16
54018,8.17091E+18,8,2,15,109,2017,9,7,5,2,9,1,0,0,0,1,0,0,0,4.61687E+20,5.44159E+21,8.47487E+15,4.91259E+16
54019,8.17091E+18,8,2,26,103,2017,9,15,2,3,2,6,0,0,0,0,1,0,1,4.71152E+20,5.45627E+21,8.60353E+15,4.92585E+16
54020,8.17092E+18,8,2,12,0,2017,9,17,6,3,2,6,0,1,0,0,0,0,1,4.5515E+20,5.42822E+21,8.38675E+15,4.90052E+16
54021,8.17091E+18,8,2,11,0,2017,9,16,2,3,2,7,0,1,0,0,1,0,0,4.38852E+20,5.40526E+21,8.16736E+15,4.87973E+16
54022,8.17091E+18,8,2,35,85,2017,9,16,2,3,5,3,0,1,0,0,0,0,0,4.80997E+20,5.39565E+21,8.74167E+15,4.87136E+16
54023,8.17091E+18,8,2,31,0,2017,9,13,2,3,4,6,0,1,0,0,1,0,1,4.7935E+20,5.41589E+21,8.71827E+15,4.88957E+16
54024,8.17091E+18,8,2,36,46,2017,9,16,2,3,2,6,0,1,0,0,0,0,0,4.83193E+20,5.41806E+21,8.77061E+15,4.89152E+16
54025,8.17091E+18,8,2,26,41,2017,9,4,2,3,2,3,0,1,0,0,0,2,0,4.76246E+20,5.46398E+21,8.67308E+15,4.93281E+16
54026,8.17091E+18,8,2,26,63,2017,9,17,2,3,5,3,1,1,0,0,0,0,0,4.71202E+20,5.47139E+21,8.60314E+15,4.93945E+16
54027,8.17091E+18,8,2,25,9,2017,9,9,2,3,8,1,0,1,0,0,0,0,0,5.15445E+20,5.4664E+21,9.21265E+15,4.93502E+16
54028,8.17091E+18,8,2,21,0,2017,9,12,2,3,0,1,0,0,0,1,0,0,1,4.77412E+20,5.46754E+21,8.68893E+15,4.93601E+16
54029,8.17091E+18,8,2,21,0,2017,9,11,2,3,1,6,0,1,0,0,0,0,0,4.82607E+20,5.47371E+21,8.7602E+15,4.94158E+16
54030,8.17091E+18,8,2,11,0,2017,9,14,2,2,0,3,0,1,0,1,0,0,1,4.39906E+20,5.3969E+21,8.18292E+15,4.87222E+16
54031,8.17091E+18,8,2,15,106,2017,9,18,2,2,6,4,0,0,1,1,0,0,0,4.65684E+20,5.45262E+21,8.52871E+15,4.92254E+16
54032,8.17091E+18,8,1,18,11,2017,9,17,2,3,5,3,0,1,0,0,1,0,0,5.05838E+20,5.40786E+21,9.07953E+15,4.88237E+16
54033,8.17091E+18,8,2,37,4,2017,9,13,5,3,8,1,0,0,0,0,1,0,0,4.449E+20,5.37786E+21,8.25336E+15,4.85514E+16
54034,8.17092E+18,8,2,12,0,2017,9,17,6,3,2,6,0,1,0,0,0,0,1,4.55159E+20,5.42824E+21,8.38687E+15,4.90054E+16
54035,8.17091E+18,8,2,35,85,2017,9,13,5,3,5,3,0,1,0,0,0,0,0,4.80521E+20,5.39879E+21,8.73505E+15,4.87418E+16
54036,8.17092E+18,8,2,15,17,2017,9,14,6,3,2,6,0,1,0,0,0,0,1,4.54585E+20,5.42324E+21,8.37957E+15,4.89604E+16
54037,8.17091E+18,8,1,15,42,2017,9,22,2,3,2,6,0,1,0,0,1,2,0,4.9518E+20,5.40564E+21,8.93437E+15,4.88038E+16
54038,8.17091E+18,8,2,36,70,2017,9,11,5,3,5,3,1,1,0,0,0,0,0,4.67846E+20,5.41679E+21,8.56124E+15,4.89032E+16
54039,8.17092E+18,8,1,15,37,2017,9,15,6,3,2,6,0,1,0,0,0,0,0,4.93669E+20,5.38636E+21,8.91408E+15,4.86303E+16
54040,8.17091E+18,8,2,22,0,2017,9,11,5,3,2,1,0,1,0,0,0,0,0,4.65823E+20,5.47633E+21,8.52858E+15,4.94387E+16
54041,8.17092E+18,8,1,15,15,2017,9,14,6,3,3,6,0,1,0,0,0,0,0,4.94381E+20,5.38718E+21,8.92373E+15,4.86377E+16
54042,8.17091E+18,8,2,21,0,2017,9,22,5,3,2,2,1,1,0,0,0,2,0,4.73275E+20,5.47473E+21,8.63147E+15,4.94246E+16
54043,8.17092E+18,8,1,15,28,2017,9,15,6,3,2,1,0,1,0,0,0,0,0,5.01154E+20,5.40366E+21,9.01571E+15,4.87859E+16
54044,8.17091E+18,8,2,16,24,2017,9,16,5,3,6,4,0,1,1,0,0,0,0,4.45318E+20,5.40859E+21,8.25496E+15,4.88279E+16
54045,8.17092E+18,8,1,18,78,2017,9,18,6,3,2,6,0,1,0,0,0,0,1,5.13307E+20,5.41984E+21,9.18169E+15,4.89314E+16
54046,8.17092E+18,8,1,18,51,2017,9,19,6,3,2,1,0,1,0,0,0,0,0,5.10454E+20,5.41409E+21,9.14258E+15,4.88797E+16
54047,8.17092E+18,8,1,35,20,2017,9,10,6,3,1,6,0,1,0,0,0,0,0,5.85035E+20,5.38092E+21,1.01528E+16,4.85756E+16
54048,8.17092E+18,8,1,35,20,2017,9,16,6,3,2,6,0,1,0,0,0,0,0,5.83743E+20,5.37934E+21,1.0135E+16,4.85615E+16
54049,8.17092E+18,8,1,27,14,2017,9,17,6,3,2,2,0,1,0,0,0,0,0,5.75444E+20,5.44356E+21,1.00344E+16,4.91402E+16
54050,8.17091E+18,8,2,16,17,2017,9,10,5,3,2,6,1,1,0,0,0,0,0,4.51281E+20,5.40136E+21,8.33705E+15,4.87634E+16
54051,8.17092E+18,8,1,26,85,2017,9,14,6,3,2,6,0,1,0,0,0,0,0,5.47927E+20,5.45125E+21,9.65806E+15,4.92122E+16
54052,8.17091E+18,8,1,36,42,2017,9,17,2,3,8,1,0,0,0,1,0,0,1,5.52383E+20,5.4062E+21,9.71342E+15,4.88065E+16
54053,8.17091E+18,8,1,36,88,2017,9,7,2,3,2,7,0,1,0,0,0,0,0,5.8262E+20,5.40715E+21,1.01254E+16,4.88119E+16
54054,8.17091E+18,8,4,25,72,2017,9,9,2,3,4,1,0,1,0,0,1,0,0,5.73779E+20,5.37123E+21,9.99855E+15,4.84898E+16
54055,8.17091E+18,8,1,28,131,2017,9,16,2,3,0,1,0,0,0,1,0,0,0,5.36595E+20,5.51338E+21,9.50823E+15,4.97718E+16
54056,8.17091E+18,8,1,27,73,2017,9,6,2,3,5,3,0,1,0,0,0,0,0,5.79803E+20,5.4496E+21,1.00953E+16,4.9194E+16
54057,8.17091E+18,8,1,27,76,2017,9,16,2,3,3,6,0,1,0,0,0,0,0,5.54257E+20,5.44013E+21,9.74346E+15,4.91117E+16
54058,8.17091E+18,8,1,26,11,2017,9,16,2,3,2,6,0,1,0,0,0,0,0,5.33037E+20,5.44891E+21,9.45343E+15,4.91921E+16
54059,8.17091E+18,8,1,26,56,2017,9,15,2,2,9,1,0,0,0,1,0,0,1,5.58543E+20,5.46037E+21,9.80514E+15,4.92932E+16
54060,8.17091E+18,8,1,26,46,2017,9,16,2,3,8,1,0,1,0,0,0,0,0,5.52231E+20,5.45669E+21,9.71785E+15,4.92607E+16
54061,8.17091E+18,8,1,21,0,2017,9,10,2,2,2,6,0,0,0,1,0,0,0,5.16727E+20,5.44292E+21,9.22933E+15,4.91389E+16
54062,8.17091E+18,8,1,26,11,2017,9,9,2,3,2,6,0,1,0,0,0,0,0,5.33227E+20,5.44899E+21,9.45604E+15,4.91928E+16
54063,8.17091E+18,8,1,25,5,2017,9,16,2,3,5,3,1,1,0,0,0,0,0,5.15616E+20,5.45337E+21,9.21451E+15,4.92329E+16
54064,8.17091E+18,8,1,21,0,2017,9,7,2,3,2,6,0,1,0,0,0,0,0,5.12933E+20,5.44454E+21,9.17737E+15,4.91535E+16
54065,8.17091E+18,8,1,19,20,2017,9,14,2,3,2,6,0,1,0,0,0,0,1,5.19618E+20,5.40669E+21,9.26722E+15,4.88129E+16
54066,8.17091E+18,8,1,18,81,2017,9,10,2,3,5,3,0,1,0,0,0,0,0,5.21683E+20,5.416E+21,9.29584E+15,4.88966E+16
54067,8.17091E+18,8,1,18,79,2017,9,16,2,3,2,6,0,1,0,0,0,0,0,5.10123E+20,5.42185E+21,9.13826E+15,4.89494E+16
54068,8.17091E+18,8,1,16,22,2017,9,14,2,3,2,6,0,1,0,0,0,0,0,5.21993E+20,5.38208E+21,9.29825E+15,4.85914E+16
54069,8.17091E+18,8,1,16,77,2017,9,8,2,3,5,3,1,0,0,0,0,0,0,5.15483E+20,5.39155E+21,9.21033E+15,4.86768E+16
54070,8.17092E+18,8,1,26,66,2017,9,17,6,2,8,1,0,0,0,1,0,0,0,5.31697E+20,5.45364E+21,9.43541E+15,4.92347E+16
54071,8.17091E+18,8,2,16,7,2017,9,23,5,3,8,1,0,0,0,1,0,2,0,4.34958E+20,5.39347E+21,8.1162E+15,4.86909E+16
54072,8.17092E+18,8,1,25,58,2017,9,13,6,3,2,6,0,1,0,0,0,0,0,5.10511E+20,5.44325E+21,9.14412E+15,4.91419E+16
54073,8.17091E+18,8,2,16,43,2017,9,14,5,3,3,6,0,1,0,0,1,0,0,4.43757E+20,5.41333E+21,8.23303E+15,4.88704E+16
54074,8.17092E+18,8,1,19,68,2017,9,4,6,2,8,1,0,1,0,0,0,2,0,5.27172E+20,5.41292E+21,9.37053E+15,4.88687E+16
54075,8.17092E+18,8,1,19,61,2017,9,14,6,3,2,6,0,1,0,0,0,0,0,5.38832E+20,5.41459E+21,9.52967E+15,4.88831E+16
54076,8.17092E+18,8,1,19,86,2017,9,15,6,3,8,1,0,0,0,1,0,0,0,5.35145E+20,5.40598E+21,9.47865E+15,4.88058E+16
54077,8.17092E+18,8,1,18,50,2017,9,7,6,3,5,3,1,1,0,0,0,0,0,5.05886E+20,5.41667E+21,9.08032E+15,4.89029E+16
54078,8.17092E+18,8,1,18,48,2017,9,6,6,3,3,6,0,1,0,0,1,1,0,5.14208E+20,5.41622E+21,9.19385E+15,4.88988E+16
54079,8.17092E+18,8,1,15,21,2017,9,12,6,3,2,6,0,1,0,0,0,0,0,4.92345E+20,5.38304E+21,8.89616E+15,4.86004E+16
54080,8.17091E+18,8,1,16,78,2017,9,22,2,3,5,3,0,1,0,0,1,2,0,5.11122E+20,5.3931E+21,9.15112E+15,4.86908E+16
54081,8.17091E+18,8,1,16,49,2017,9,14,2,3,2,6,0,1,0,0,0,0,0,5.23889E+20,5.38456E+21,9.3241E+15,4.86136E+16
54082,8.17091E+18,8,1,15,28,2017,9,23,2,3,0,6,0,1,0,0,1,2,0,5.03357E+20,5.40142E+21,9.04568E+15,4.87658E+16
54083,8.17091E+18,8,1,11,0,2017,9,15,2,3,2,6,0,1,0,0,0,0,0,5.1551E+20,5.40521E+21,9.2112E+15,4.87997E+16
54084,8.17091E+18,8,1,11,0,2017,9,12,2,3,0,1,0,1,0,0,0,0,0,5.13544E+20,5.40279E+21,9.18436E+15,4.8778E+16
54085,8.17091E+18,8,1,11,0,2017,9,13,2,3,2,6,0,1,0,0,0,0,0,5.11726E+20,5.4003E+21,9.15953E+15,4.87556E+16
54086,8.17091E+18,8,4,36,95,2017,9,16,1,2,5,3,1,0,0,0,0,0,0,5.37975E+20,5.29379E+21,9.50709E+15,4.77964E+16
54087,8.17091E+18,8,4,16,41,2017,9,3,1,1,6,6,0,1,1,0,0,2,0,4.98365E+20,5.37417E+21,8.97786E+15,4.85207E+16
54088,8.17091E+18,8,4,15,73,2017,9,17,1,3,2,6,0,1,0,0,0,1,0,5.19407E+20,5.35035E+21,9.26172E+15,4.83061E+16
54089,8.17091E+18,8,3,37,96,2017,9,13,1,1,6,4,0,1,1,0,0,0,0,4.20607E+20,5.26815E+21,7.94458E+15,4.75619E+16
54090,8.17091E+18,8,3,36,96,2017,9,15,1,3,8,1,0,0,0,1,0,0,0,4.16588E+20,5.29945E+21,7.88518E+15,4.7843E+16
54091,8.17092E+18,8,1,17,55,2017,9,18,6,3,5,3,0,1,0,0,0,0,0,5.44735E+20,5.39713E+21,9.60828E+15,4.87256E+16
54092,8.17091E+18,8,2,16,43,2017,9,5,5,3,5,3,0,1,0,0,0,2,0,4.40615E+20,5.41155E+21,8.19046E+15,4.88541E+16
54093,8.17091E+18,8,3,36,105,2017,9,14,1,2,3,6,1,0,0,0,0,0,0,4.02599E+20,5.26678E+21,7.70556E+15,4.75472E+16
54094,8.17092E+18,8,1,17,3,2017,9,16,6,3,2,6,0,1,0,0,0,0,0,5.41851E+20,5.39386E+21,9.56874E+15,4.86963E+16
54095,8.17091E+18,8,2,16,43,2017,9,5,5,2,0,1,0,0,0,1,0,2,1,4.39798E+20,5.4115E+21,8.17932E+15,4.88535E+16
54096,8.17091E+18,8,3,35,79,2017,9,16,1,3,6,4,0,1,1,0,0,0,0,5.01152E+20,5.29919E+21,9.01539E+15,4.78461E+16