OBJECTID,UIDENTSTLA,ULAND,UREGBEZ,UKREIS,UGEMEINDE,UJAHR,UMONAT,USTUNDE,UWOCHENTAG,UKATEGORIE,UART,UTYP1,IstRad,IstPKW,IstFuss,IstKrad,IstSonstig,LICHT,STRZUSTAND,LINREFX,LINREFY,XGCSWGS84,YGCSWGS84
54097,8.17091E+18,8,3,35,1,2017,9,20,1,3,2,2,0,1,0,0,0,2,0,4.8883E+20,5.29884E+21,8.85071E+15,4.78428E+16
54098,8.17091E+18,8,3,35,26,2017,9,12,1,2,8,1,0,0,0,1,0,0,0,4.80205E+20,5.28375E+21,8.73612E+15,4.77068E+16
54099,8.17091E+18,8,3,35,75,2017,9,16,1,3,8,1,0,0,0,1,0,0,0,4.9153E+20,5.28617E+21,8.88705E+15,4.77288E+16
54100,8.17091E+18,8,3,26,12,2017,9,17,1,3,4,6,0,1,0,0,0,0,0,4.612E+20,5.3116E+21,8.48029E+15,4.79565E+16
54101,8.17091E+18,8,3,27,4,2017,9,15,1,2,8,1,0,0,0,1,0,0,0,4.94339E+20,5.32654E+21,8.92398E+15,4.80921E+16
54102,8.17091E+18,8,3,17,100,2017,9,13,1,3,5,3,1,1,0,0,0,0,0,4.23918E+20,5.36642E+21,7.97116E+15,4.84463E+16
54103,8.17091E+18,8,3,15,102,2017,9,14,1,3,8,1,0,0,0,1,0,0,0,4.39978E+20,5.29729E+21,8.19806E+15,4.78261E+16
54104,8.17091E+18,8,3,15,94,2017,9,18,1,2,9,7,0,0,0,1,0,0,0,4.33701E+20,5.31624E+21,8.11129E+15,4.7996E+16
54105,8.17091E+18,8,2,26,85,2017,9,3,1,3,2,6,0,1,0,0,0,2,0,4.92549E+20,5.45379E+21,8.89764E+15,4.92368E+16
54106,8.17091E+18,8,2,26,98,2017,9,15,1,3,2,6,0,1,0,0,0,0,0,4.76865E+20,5.45799E+21,8.68196E+15,4.92742E+16
54107,8.17091E+18,8,2,26,98,2017,9,17,1,3,2,6,0,1,0,0,0,0,0,4.76868E+20,5.45799E+21,8.68199E+15,4.92742E+16
54108,8.17091E+18,8,2,36,46,2017,9,16,1,3,2,6,0,1,0,0,0,0,0,4.83998E+20,5.41633E+21,8.78166E+15,4.88997E+16
54109,8.17091E+18,8,2,16,7,2017,9,20,5,2,3,6,0,1,0,0,0,2,0,4.34621E+20,5.39818E+21,8.11088E+15,4.87332E+16
54110,8.17092E+18,8,1,17,2,2017,9,5,6,3,8,1,0,1,0,0,0,2,0,5.40101E+20,5.38677E+21,9.54427E+15,4.86327E+16
54111,8.17092E+18,8,4,25,75,2017,9,17,6,2,2,2,0,1,0,1,0,0,0,5.67134E+20,5.37501E+21,9.90923E+15,4.85246E+16
54112,8.17092E+18,8,1,16,35,2017,9,13,6,3,2,6,0,1,0,0,0,0,0,5.27246E+20,5.39222E+21,9.37015E+15,4.86824E+16
54113,8.17092E+18,8,1,16,78,2017,9,16,6,3,2,6,0,1,0,0,0,0,0,5.0918E+20,5.39149E+21,9.1247E+15,4.86764E+16
54114,8.17092E+18,8,1,16,79,2017,9,12,6,2,3,6,1,1,0,0,0,0,0,5.39119E+20,5.37523E+21,9.52985E+15,4.85289E+16
54115,8.17092E+18,8,1,16,79,2017,9,17,6,2,2,6,0,1,0,1,0,0,0,5.33527E+20,5.37862E+21,9.4544E+15,4.85597E+16
54116,8.17091E+18,8,2,15,84,2017,9,0,1,2,5,3,0,1,0,1,0,2,0,4.73065E+20,5.4478E+21,8.6304E+15,4.91825E+16
54117,8.17091E+18,8,2,37,40,2017,9,16,1,3,5,3,0,1,0,1,0,0,0,4.77478E+20,5.36724E+21,8.69538E+15,4.84579E+16
54118,8.17091E+18,8,2,31,0,2017,9,3,1,2,9,1,0,1,0,0,0,2,0,4.76165E+20,5.41556E+21,8.67483E+15,4.88925E+16
54119,8.17092E+18,8,1,15,28,2017,9,17,6,3,1,6,0,1,0,0,0,0,0,5.01211E+20,5.40547E+21,9.01649E+15,4.88022E+16
54120,8.17091E+18,8,1,15,28,2017,9,15,5,3,2,6,0,1,0,0,0,0,0,5.01607E+20,5.40269E+21,9.02187E+15,4.87772E+16
54121,8.17091E+18,8,2,26,66,2017,9,9,1,3,8,1,0,1,0,0,0,0,0,4.97404E+20,5.46604E+21,8.96426E+15,4.93471E+16
54122,8.17091E+18,8,2,26,66,2017,9,14,1,3,5,3,0,1,0,1,0,0,0,4.96179E+20,5.46682E+21,8.94738E+15,4.9354E+16
54123,8.17092E+18,8,1,15,16,2017,9,14,6,3,2,6,0,1,0,0,0,0,0,4.89402E+20,5.37964E+21,8.85633E+15,4.85698E+16
54124,8.17092E+18,8,1,15,46,2017,9,6,6,3,2,2,0,1,0,0,1,1,0,5.09776E+20,5.38943E+21,9.13274E+15,4.86578E+16
54125,8.17092E+18,8,1,11,0,2017,9,15,6,3,5,2,0,1,0,0,1,0,1,5.12027E+20,5.41093E+21,9.16394E+15,4.88512E+16
54126,8.17092E+18,8,1,11,0,2017,9,12,6,3,6,4,1,0,1,0,0,0,0,5.1224E+20,5.4065E+21,9.16671E+15,4.88113E+16
54127,8.17091E+18,8,1,15,28,2017,9,17,5,3,2,6,0,1,0,1,0,0,0,5.0227E+20,5.40157E+21,9.03089E+15,4.87671E+16
54128,8.17091E+18,8,4,37,104,2017,9,15,5,3,5,7,0,1,0,0,1,0,1,5.15442E+20,5.32838E+21,9.20745E+15,4.81085E+16
54129,8.17091E+18,8,1,15,28,2017,9,23,5,3,8,1,0,1,0,0,0,2,0,5.02158E+20,5.40615E+21,9.0294E+15,4.88083E+16
54130,8.17091E+18,8,2,16,7,2017,9,17,1,3,2,6,0,1,0,0,0,0,0,4.35536E+20,5.3968E+21,8.12353E+15,4.87209E+16
54131,8.17091E+18,8,3,17,68,2017,9,13,1,3,8,7,1,0,0,0,0,0,0,4.35544E+20,5.38847E+21,8.12495E+15,4.8646E+16
54132,8.17091E+18,8,2,16,52,2017,9,15,1,3,1,5,1,1,0,0,0,0,0,4.41266E+20,5.41659E+21,8.1986E+15,4.88995E+16
54133,8.17091E+18,8,2,16,43,2017,9,13,1,3,5,2,0,1,0,0,0,0,0,4.39033E+20,5.41171E+21,8.16886E+15,4.88554E+16
54134,8.17091E+18,8,2,15,39,2017,9,12,1,3,5,3,0,1,0,0,0,0,0,4.71671E+20,5.45252E+21,8.61093E+15,4.92248E+16
54135,8.17091E+18,8,4,16,48,2017,9,5,1,3,9,7,0,0,0,0,1,2,1,4.91879E+20,5.37666E+21,8.88997E+15,4.8543E+16
54136,8.17091E+18,8,1,36,19,2017,9,13,1,3,2,2,0,1,0,0,0,0,0,5.79489E+20,5.42617E+21,1.00864E+16,4.89833E+16
54137,8.17091E+18,8,1,36,88,2017,9,23,1,2,0,7,1,0,0,0,0,2,0,5.80215E+20,5.41157E+21,1.00935E+16,4.88519E+16
54138,8.17091E+18,8,1,35,15,2017,9,10,1,2,4,1,0,1,0,0,0,0,1,5.75608E+20,5.38477E+21,1.00258E+16,4.86114E+16
54139,8.17091E+18,8,1,28,115,2017,9,11,1,3,2,6,0,1,0,0,0,0,0,5.40993E+20,5.50096E+21,9.56799E+15,4.96598E+16
54140,8.17091E+18,8,1,28,14,2017,9,11,1,3,3,6,0,1,0,0,0,0,0,5.45118E+20,5.47886E+21,9.62262E+15,4.94607E+16
54141,8.17091E+18,8,1,27,63,2017,9,12,5,3,9,1,0,1,0,0,0,0,0,5.62422E+20,5.4329E+21,9.85422E+15,4.90458E+16
54142,8.17091E+18,8,4,35,16,2017,9,19,5,3,8,6,0,1,0,0,0,1,0,5.38586E+20,5.28546E+21,9.5145E+15,4.77213E+16
54143,8.17091E+18,8,4,35,30,2017,9,11,5,2,4,6,0,1,0,0,0,0,1,5.41384E+20,5.2717E+21,9.55051E+15,4.75974E+16
54144,8.17091E+18,8,4,35,30,2017,9,14,5,3,2,2,0,1,0,1,0,0,1,5.41227E+20,5.27172E+21,9.54842E+15,4.75976E+16
54145,8.17091E+18,8,4,25,33,2017,9,16,5,3,0,1,0,0,0,1,0,0,1,5.64856E+20,5.34346E+21,9.87351E+15,4.8241E+16
54146,8.17091E+18,8,4,26,31,2017,9,23,5,3,2,2,0,1,0,0,0,2,0,5.83044E+20,5.32752E+21,1.01153E+16,4.80956E+16
54147,8.17091E+18,8,1,25,39,2017,9,16,5,3,0,7,0,1,0,0,0,0,0,5.16327E+20,5.45838E+21,9.22448E+15,4.9278E+16
54148,8.17091E+18,8,4,17,10,2017,9,18,5,3,2,6,0,1,0,0,0,0,0,5.06244E+20,5.34264E+21,9.08409E+15,4.8237E+16
54149,8.17091E+18,8,1,19,90,2017,9,5,5,3,8,6,0,1,0,0,0,1,0,5.33537E+20,5.40605E+21,9.45675E+15,4.88065E+16
54150,8.17091E+18,8,4,15,90,2017,9,20,5,3,5,3,0,1,0,0,0,2,0,5.24291E+20,5.35251E+21,9.32771E+15,4.83253E+16
54151,8.17091E+18,8,3,25,69,2017,9,17,5,3,3,6,0,1,0,0,1,0,0,4.68098E+20,5.3314E+21,8.57121E+15,4.81351E+16
54152,8.17091E+18,8,3,15,76,2017,9,10,5,3,3,6,0,1,0,0,1,0,1,3.91681E+20,5.29668E+21,7.55308E+15,4.78143E+16
54153,8.17091E+18,8,3,27,49,2017,9,15,5,3,5,3,1,1,0,0,0,0,0,4.72932E+20,5.32417E+21,8.63664E+15,4.80702E+16
54154,8.17091E+18,8,3,27,33,2017,9,7,5,3,9,1,0,1,0,0,0,1,0,4.8527E+20,5.32516E+21,8.80223E+15,4.80795E+16
54155,8.17091E+18,8,3,27,50,2017,9,11,5,2,9,1,0,1,0,0,1,0,1,4.85142E+20,5.31417E+21,8.80089E+15,4.79806E+16
54156,8.17091E+18,8,1,25,8,2017,9,16,1,3,9,7,0,0,0,1,1,0,0,5.26823E+20,5.43235E+21,9.36704E+15,4.90435E+16
54157,8.17091E+18,8,1,19,61,2017,9,19,1,3,4,6,0,0,0,1,1,1,0,5.35994E+20,5.41625E+21,9.4911E+15,4.88981E+16
54158,8.17091E+18,8,3,17,96,2017,9,12,5,3,8,1,0,1,0,0,0,0,1,4.20812E+20,5.36884E+21,7.9287E+15,4.84677E+16
54159,8.17091E+18,8,1,19,44,2017,9,15,1,3,2,2,0,0,0,1,0,0,0,5.46913E+20,5.42408E+21,9.64098E+15,4.89679E+16
54160,8.17091E+18,8,1,17,20,2017,9,23,1,3,8,7,0,0,0,1,0,2,0,5.49045E+20,5.38932E+21,9.66596E+15,4.8655E+16
54161,8.17091E+18,8,1,16,49,2017,9,2,1,3,0,7,1,0,0,0,0,2,1,5.25841E+20,5.3882E+21,9.35082E+15,4.86463E+16
54162,8.17091E+18,8,1,16,19,2017,9,19,1,3,3,6,0,1,0,0,0,0,0,5.2298E+20,5.39889E+21,9.31257E+15,4.87426E+16
54163,8.17091E+18,8,1,15,28,2017,9,13,1,3,2,2,0,1,0,0,0,0,0,4.98623E+20,5.40184E+21,8.98125E+15,4.87696E+16
54164,8.17091E+18,8,1,15,21,2017,9,13,1,3,4,7,0,1,0,0,0,0,0,4.91566E+20,5.38274E+21,8.88561E+15,4.85977E+16
54165,8.17091E+18,8,1,11,0,2017,9,2,1,2,8,1,0,1,0,0,0,2,1,5.15142E+20,5.4061E+21,9.20622E+15,4.88077E+16
54166,8.17091E+18,8,4,36,82,2017,9,22,7,3,6,4,0,1,0,0,1,2,1,5.46739E+20,5.29575E+21,9.62432E+15,4.78134E+16
54167,8.17091E+18,8,4,35,36,2017,9,19,7,2,8,1,1,0,0,0,0,1,1,5.1995E+20,5.28251E+21,9.26589E+15,4.76956E+16
54168,8.17091E+18,8,4,35,16,2017,9,2,7,3,5,3,0,1,0,0,0,2,1,5.36192E+20,5.27808E+21,9.48197E+15,4.76551E+16
54169,8.17091E+18,8,4,17,31,2017,9,14,7,3,8,1,0,1,0,0,0,0,0,4.98568E+20,5.357E+21,8.98067E+15,4.83662E+16
54170,8.17091E+18,8,4,17,63,2017,9,23,7,3,6,6,0,0,1,0,1,2,1,5.06494E+20,5.33769E+21,9.08738E+15,4.81925E+16
54171,8.17091E+18,8,4,16,23,2017,9,21,7,3,9,1,0,1,0,0,0,2,1,5.06575E+20,5.3731E+21,9.08902E+15,4.8511E+16
54172,8.17091E+18,8,3,37,65,2017,9,13,7,2,4,6,0,1,0,0,0,0,1,4.49415E+20,5.27433E+21,8.3268E+15,4.76204E+16
54173,8.17091E+18,8,3,37,60,2017,9,16,7,2,5,3,0,1,0,0,0,0,1,4.69494E+20,5.27933E+21,8.59366E+15,4.76666E+16
54174,8.17091E+18,8,3,37,96,2017,9,19,7,3,2,6,0,1,0,0,0,1,1,4.20614E+20,5.26758E+21,7.94478E+15,4.75568E+16
54175,8.17091E+18,8,3,37,126,2017,9,12,7,1,1,6,0,1,0,1,0,0,1,4.45759E+20,5.27506E+21,8.27806E+15,4.76266E+16
54176,8.17091E+18,8,3,36,105,2017,9,14,7,3,5,3,0,1,0,0,0,0,0,3.99282E+20,5.26746E+21,7.66133E+15,4.75528E+16
54177,8.17091E+18,8,3,17,65,2017,9,17,5,3,5,3,0,1,0,0,0,0,0,4.17272E+20,5.35569E+21,7.88342E+15,4.8349E+16
54178,8.17091E+18,8,3,35,79,2017,9,17,7,3,4,6,0,1,0,0,0,0,1,5.00199E+20,5.30201E+21,9.00267E+15,4.78714E+16
54179,8.17091E+18,8,3,35,75,2017,9,12,7,3,5,3,1,1,0,0,0,0,1,4.87268E+20,5.29025E+21,8.83008E+15,4.77655E+16
54180,8.17091E+18,8,3,35,43,2017,9,1,7,3,9,1,0,1,0,0,0,2,0,5.12977E+20,5.28351E+21,9.17298E+15,4.77048E+16
54181,8.17091E+18,8,3,26,12,2017,9,17,7,3,0,1,0,0,0,1,0,0,1,4.6202E+20,5.31141E+21,8.4913E+15,4.79548E+16
54182,8.17091E+18,8,3,17,31,2017,9,13,7,3,2,6,0,1,0,0,0,0,0,4.16697E+20,5.35859E+21,7.87509E+15,4.8375E+16
54183,8.17091E+18,8,3,17,127,2017,9,17,5,3,2,6,0,1,0,0,0,0,1,4.21272E+20,5.35213E+21,7.93806E+15,4.83175E+16
54184,8.17091E+18,8,3,15,76,2017,9,14,5,3,5,3,0,1,0,0,0,0,0,3.94377E+20,5.29593E+21,7.58926E+15,4.78081E+16
54185,8.17091E+18,8,3,15,115,2017,9,14,5,3,4,2,0,1,0,0,0,0,0,4.0818E+20,5.32193E+21,7.76804E+15,4.8044E+16
54186,8.17091E+18,8,3,11,0,2017,9,16,5,2,8,1,0,1,0,0,0,0,1,4.10383E+20,5.32097E+21,7.79778E+15,4.80358E+16
54187,8.17091E+18,8,3,11,0,2017,9,7,5,3,5,3,0,1,0,0,0,0,1,4.097E+20,5.31472E+21,7.78994E+15,4.79794E+16
54188,8.17091E+18,8,3,36,91,2017,9,7,5,2,5,3,1,0,0,0,0,0,0,3.96056E+20,5.27364E+21,7.61701E+15,4.76079E+16
54189,8.17091E+18,8,3,17,96,2017,9,20,7,2,5,2,0,1,0,0,0,2,0,4.21067E+20,5.37203E+21,7.93156E+15,4.84964E+16
54190,8.17091E+18,8,3,36,50,2017,9,17,5,3,5,3,0,1,0,0,0,0,0,3.98777E+20,5.27431E+21,7.65304E+15,4.76143E+16
54191,8.17091E+18,8,1,17,33,2017,9,18,5,3,1,6,0,1,0,0,0,0,0,5.59173E+20,5.38705E+21,9.80314E+15,4.86337E+16
54192,8.17091E+18,8,3,15,6,2017,9,12,5,2,4,6,0,1,0,0,0,0,1,4.04746E+20,5.30806E+21,7.72505E+15,4.79188E+16
54193,8.17091E+18,8,1,17,2,2017,9,18,5,2,2,6,0,1,0,0,1,0,0,5.41848E+20,5.38652E+21,9.56796E+15,4.86303E+16
54194,8.17091E+18,8,2,36,19,2017,9,23,5,3,3,6,0,1,0,0,0,2,0,4.89368E+20,5.40915E+21,8.85512E+15,4.88352E+16
54195,8.17091E+18,8,3,16,54,2017,9,12,7,3,4,1,0,1,0,0,1,0,1,4.15874E+20,5.33714E+21,7.86825E+15,4.81819E+16
54196,8.17091E+18,8,3,15,50,2017,9,12,7,1,0,6,0,0,0,1,1,0,0,3.94304E+20,5.30604E+21,7.58583E+15,4.7899E+16
54197,8.17091E+18,8,2,26,84,2017,9,8,7,3,2,6,0,1,0,0,0,0,0,4.6783E+20,5.46521E+21,8.55716E+15,4.93387E+16
54198,8.17091E+18,8,2,12,0,2017,9,9,7,2,3,6,0,1,0,0,1,0,0,4.58776E+20,5.42505E+21,8.43665E+15,4.8977E+16
54199,8.17091E+18,8,2,15,90,2017,9,10,7,3,3,6,0,1,0,0,1,0,1,4.63235E+20,5.43357E+21,8.49681E+15,4.90539E+16
54200,8.17091E+18,8,2,37,40,2017,9,20,7,3,9,1,0,0,0,1,0,2,1,4.75756E+20,5.36994E+21,8.67192E+15,4.84821E+16
54201,8.17091E+18,8,2,31,0,2017,9,15,7,3,2,6,0,1,0,0,0,0,0,4.76189E+20,5.4162E+21,8.67511E+15,4.88983E+16
54202,8.17091E+18,8,2,36,13,2017,9,7,7,3,9,1,0,1,0,0,0,1,0,4.76639E+20,5.4089E+21,8.68167E+15,4.88326E+16
54203,8.17091E+18,8,2,36,46,2017,9,18,7,3,1,6,0,1,0,0,0,0,0,4.82978E+20,5.41796E+21,8.76767E+15,4.89144E+16
54204,8.17091E+18,8,2,36,38,2017,9,18,7,2,4,6,0,1,0,0,0,1,1,4.84409E+20,5.42614E+21,8.78689E+15,4.8988E+16
54205,8.17091E+18,8,2,26,41,2017,9,9,7,3,0,1,0,0,0,1,0,0,1,4.76232E+20,5.46399E+21,8.67289E+15,4.93282E+16
54206,8.17091E+18,8,2,25,60,2017,9,9,7,3,8,1,0,0,0,0,1,0,1,5.14746E+20,5.48478E+21,9.20372E+15,4.95155E+16
54207,8.17091E+18,8,2,25,115,2017,9,7,7,3,4,6,0,0,0,0,1,0,1,5.22259E+20,5.46978E+21,9.30667E+15,4.93803E+16
54208,8.17091E+18,8,2,22,0,2017,9,1,7,3,4,2,0,1,0,0,0,2,0,4.64157E+20,5.48562E+21,8.50476E+15,4.95221E+16
54209,8.17091E+18,8,2,15,106,2017,9,12,7,3,2,6,0,1,0,0,0,0,0,4.65448E+20,5.45205E+21,8.5255E+15,4.92203E+16
54210,8.17091E+18,8,2,15,111,2017,9,11,7,3,2,6,0,1,0,0,0,0,0,4.57931E+20,5.448E+21,8.42271E+15,4.91834E+16
54211,8.17091E+18,8,2,16,43,2017,9,20,7,2,5,3,0,1,0,0,0,1,0,4.41352E+20,5.41318E+21,8.20027E+15,4.88688E+16
54212,8.17091E+18,8,1,15,52,2017,9,18,7,3,8,1,0,1,0,0,0,0,1,4.92577E+20,5.40761E+21,8.89888E+15,4.88214E+16
54213,8.17091E+18,8,1,36,88,2017,9,10,7,2,5,3,0,1,0,0,0,0,1,5.81713E+20,5.41393E+21,1.01144E+16,4.88729E+16
54214,8.17091E+18,8,1,35,26,2017,9,22,7,3,8,1,0,1,0,0,0,2,1,5.89418E+20,5.39449E+21,1.02152E+16,4.86971E+16
54215,8.17091E+18,8,1,27,52,2017,9,17,7,3,8,1,0,1,0,0,0,0,1,5.38962E+20,5.4348E+21,9.53337E+15,4.90649E+16
54216,8.17091E+18,8,1,36,19,2017,9,17,7,2,8,1,0,1,0,0,0,0,1,5.87154E+20,5.42549E+21,1.0191E+16,4.89761E+16
54217,8.17091E+18,8,2,36,71,2017,9,8,5,3,9,1,0,1,0,0,0,0,1,4.69049E+20,5.41984E+21,8.57742E+15,4.89307E+16
54218,8.17091E+18,8,1,16,70,2017,9,14,5,3,2,2,0,1,0,0,0,0,0,5.4044E+20,5.38622E+21,9.54881E+15,4.86277E+16
54219,8.17091E+18,8,2,15,106,2017,9,18,5,3,4,6,0,1,0,0,0,1,0,4.64057E+20,5.45292E+21,8.50633E+15,4.9228E+16
54220,8.17091E+18,8,2,15,17,2017,9,14,5,3,2,7,0,1,0,0,0,0,1,4.5652E+20,5.42307E+21,8.40602E+15,4.89591E+16
54221,8.17091E+18,8,2,35,7,2017,9,15,5,3,1,2,0,1,0,0,0,0,1,4.8417E+20,5.39869E+21,8.78469E+15,4.87411E+16
54222,8.17091E+18,8,2,31,0,2017,9,9,5,3,0,1,0,0,0,1,0,0,1,4.79308E+20,5.41748E+21,8.7176E+15,4.89099E+16
54223,8.17091E+18,8,2,31,0,2017,9,22,5,3,5,2,0,1,0,0,0,2,0,4.75983E+20,5.41549E+21,8.67235E+15,4.88919E+16
54224,8.17091E+18,8,1,25,6,2017,9,14,7,2,5,3,0,1,0,0,0,0,0,5.01296E+20,5.45289E+21,9.01781E+15,4.92288E+16
54225,8.17091E+18,8,1,25,59,2017,9,14,7,3,0,1,0,1,0,0,0,0,1,5.29946E+20,5.43658E+21,9.41009E+15,4.90814E+16
54226,8.17091E+18,8,2,36,4,2017,9,7,5,3,4,2,0,1,0,1,0,1,1,4.73974E+20,5.41322E+21,8.64509E+15,4.88714E+16
54227,8.17091E+18,8,1,25,79,2017,9,7,7,3,9,7,0,1,0,0,0,0,1,5.11908E+20,5.45442E+21,9.1636E+15,4.92424E+16
54228,8.17091E+18,8,1,19,91,2017,9,11,7,3,2,6,0,1,0,0,0,0,1,5.28021E+20,5.40674E+21,9.38168E+15,4.8813E+16
54229,8.17091E+18,8,2,36,38,2017,9,17,5,3,2,6,0,1,0,0,0,0,0,4.8411E+20,5.4262E+21,8.7828E+15,4.89885E+16
54230,8.17091E+18,8,1,16,33,2017,9,17,5,3,4,2,0,1,0,1,0,0,0,5.32542E+20,5.38874E+21,9.44183E+15,4.86509E+16
54231,8.17091E+18,8,1,18,67,2017,9,16,7,3,0,1,0,0,0,1,0,0,0,5.06665E+20,5.41526E+21,9.09092E+15,4.88903E+16
54232,8.17091E+18,8,1,18,63,2017,9,12,7,3,2,6,0,1,0,0,0,0,1,5.16157E+20,5.42293E+21,9.22071E+15,4.8959E+16
54233,8.17091E+18,8,2,36,39,2017,9,14,5,3,5,3,0,1,0,0,0,0,0,4.90505E+20,5.41121E+21,8.87057E+15,4.88538E+16
54234,8.17091E+18,8,1,11,0,2017,9,12,5,3,2,6,0,1,0,0,0,0,0,5.1282E+20,5.40025E+21,9.17442E+15,4.87552E+16
54235,8.17091E+18,8,1,18,48,2017,9,20,7,3,2,6,0,1,0,0,0,2,1,5.16494E+20,5.41493E+21,9.22499E+15,4.88871E+16
54236,8.17091E+18,8,1,18,48,2017,9,18,7,3,6,2,0,1,1,0,0,1,1,5.13066E+20,5.41682E+21,9.17829E+15,4.89042E+16
54237,8.17091E+18,8,2,36,68,2017,9,13,5,3,5,3,0,1,0,0,0,0,1,4.87744E+20,5.41344E+21,8.83286E+15,4.88738E+16
54238,8.17091E+18,8,1,18,51,2017,9,23,7,3,5,3,0,1,0,0,0,2,1,5.10215E+20,5.41495E+21,9.13935E+15,4.88875E+16
54239,8.17091E+18,8,1,17,30,2017,9,17,7,3,8,1,0,1,0,0,0,0,1,5.47905E+20,5.39075E+21,9.65064E+15,4.8668E+16
54240,8.17091E+18,8,1,17,44,2017,9,17,7,3,5,3,0,1,0,0,0,0,1,5.38859E+20,5.39171E+21,9.52787E+15,4.86773E+16
54241,8.17091E+18,8,2,26,98,2017,9,18,5,3,2,6,0,1,0,0,0,1,1,4.76361E+20,5.46091E+21,8.67485E+15,4.93005E+16
54242,8.17091E+18,8,2,26,85,2017,9,15,5,3,1,2,0,1,0,0,0,0,0,4.88574E+20,5.45734E+21,8.84293E+15,4.92687E+16
54243,8.17091E+18,8,2,26,84,2017,9,8,5,2,4,2,0,1,0,0,0,0,1,4.67948E+20,5.47192E+21,8.55824E+15,4.93991E+16
54244,8.17091E+18,8,2,25,117,2017,9,17,5,3,2,6,0,1,0,0,0,0,1,5.11513E+20,5.46901E+21,9.1586E+15,4.93736E+16
54245,8.17091E+18,8,1,11,0,2017,9,20,7,3,5,2,0,1,0,0,0,2,1,5.14623E+20,5.39359E+21,9.19872E+15,4.86951E+16
54246,8.17091E+18,8,1,16,58,2017,9,14,7,3,8,1,0,1,0,0,0,0,0,5.34815E+20,5.39498E+21,9.47322E+15,4.87069E+16
54247,8.17091E+18,8,4,37,72,2017,9,14,4,3,0,1,0,0,0,1,0,0,0,5.0326E+20,5.31704E+21,9.04371E+15,4.80066E+16
54248,8.17091E+18,8,1,11,0,2017,9,16,7,3,2,6,0,1,0,0,0,0,0,5.14827E+20,5.4047E+21,9.20189E+15,4.87951E+16
54249,8.17091E+18,8,2,22,0,2017,9,16,5,3,3,6,1,1,0,0,0,0,0,4.63903E+20,5.48369E+21,8.50142E+15,4.95048E+16
54250,8.17091E+18,8,1,11,0,2017,9,6,7,3,2,6,0,1,0,0,0,2,0,5.18288E+20,5.40219E+21,9.2489E+15,4.87725E+16
54251,8.17091E+18,8,4,37,100,2017,9,14,6,3,2,6,0,1,0,0,0,0,0,5.38114E+20,5.31678E+21,9.51097E+15,4.80032E+16
54252,8.17091E+18,8,4,36,82,2017,9,17,6,3,5,3,1,1,0,0,0,0,0,5.47903E+20,5.29561E+21,9.63985E+15,4.78121E+16
54253,8.17091E+18,8,4,37,5,2017,9,11,6,3,8,1,0,0,0,1,0,0,0,4.9789E+20,5.32087E+21,8.97169E+15,4.80411E+16
54254,8.17091E+18,8,4,21,0,2017,9,16,6,3,2,6,0,1,0,0,0,0,0,5.69085E+20,5.36327E+21,9.93371E+15,4.84188E+16
54255,8.17091E+18,8,4,25,108,2017,9,14,6,3,9,1,0,1,0,0,0,0,0,5.56518E+20,5.35965E+21,9.76339E+15,4.83875E+16
54256,8.17091E+18,8,4,17,31,2017,9,17,6,3,5,3,0,1,0,0,0,0,0,4.97088E+20,5.35775E+21,8.96068E+15,4.83729E+16
54257,8.17091E+18,8,4,17,13,2017,9,20,6,3,4,6,0,1,0,0,0,2,0,5.07025E+20,5.34873E+21,9.09472E+15,4.82917E+16
54258,8.17091E+18,8,4,17,79,2017,9,12,6,3,4,1,0,1,0,0,0,0,0,4.99994E+20,5.34725E+21,8.99992E+15,4.82784E+16
54259,8.17091E+18,8,4,16,25,2017,9,13,6,3,5,3,0,1,0,0,0,0,0,5.07432E+20,5.35968E+21,9.10039E+15,4.83902E+16
54260,8.17091E+18,8,4,16,41,2017,9,6,6,3,5,3,0,1,0,0,0,1,0,5.02338E+20,5.37132E+21,9.03164E+15,4.8495E+16
54261,8.17091E+18,8,3,25,57,2017,9,22,6,3,2,6,0,1,0,0,0,2,0,4.76622E+20,5.35648E+21,8.68439E+15,4.8361E+16
54262,8.17091E+18,8,3,37,49,2017,9,13,6,2,4,2,0,1,0,1,0,0,0,4.26357E+20,5.28036E+21,8.01896E+15,4.76724E+16
54263,8.17091E+18,8,3,37,13,2017,9,8,6,2,8,1,0,0,0,1,0,0,0,4.23081E+20,5.29329E+21,7.97304E+15,4.77884E+16
54264,8.17091E+18,8,3,36,87,2017,9,17,6,3,9,1,0,0,0,1,0,0,0,4.24202E+20,5.29454E+21,7.98778E+15,4.77998E+16
54265,8.17091E+18,8,3,35,63,2017,9,13,6,3,5,2,1,1,0,0,0,0,0,4.96392E+20,5.28729E+21,8.95187E+15,4.7739E+16
54266,8.17091E+18,8,3,35,43,2017,9,16,6,3,0,7,1,0,0,0,0,0,0,5.13522E+20,5.28026E+21,9.18015E+15,4.76756E+16
54267,8.17091E+18,8,2,22,0,2017,9,16,5,2,1,6,0,1,0,1,0,0,0,4.61693E+20,5.48062E+21,8.4712E+15,4.9477E+16
54268,8.17091E+18,8,4,36,64,2017,9,13,4,3,1,5,0,1,0,0,0,0,0,5.45644E+20,5.29239E+21,9.60934E+15,4.77833E+16
54269,8.17091E+18,8,2,21,0,2017,9,7,5,3,1,6,0,1,0,0,0,0,1,4.7672E+20,5.47307E+21,8.67908E+15,4.94098E+16