OBJECTID,UIDENTSTLA,ULAND,UREGBEZ,UKREIS,UGEMEINDE,UJAHR,UMONAT,USTUNDE,UWOCHENTAG,UKATEGORIE,UART,UTYP1,IstRad,IstPKW,IstFuss,IstKrad,IstSonstig,LICHT,STRZUSTAND,LINREFX,LINREFY,XGCSWGS84,YGCSWGS84
54270,8.17091E+18,8,4,35,52,2017,9,14,4,3,0,1,0,0,0,1,0,0,0,5.27556E+20,5.29174E+21,9.36784E+15,4.77784E+16
54271,8.17091E+18,8,2,16,33,2017,9,11,5,3,9,1,0,1,0,0,0,0,1,4.48334E+20,5.4125E+21,8.29555E+15,4.88633E+16
54272,8.17091E+18,8,2,16,43,2017,9,6,5,3,5,2,0,1,0,0,0,2,1,4.39034E+20,5.41171E+21,8.16888E+15,4.88553E+16
54273,8.17091E+18,8,2,15,59,2017,9,7,5,3,2,6,0,1,0,0,0,0,1,4.82247E+20,5.43793E+21,8.75682E+15,4.9094E+16
54274,8.17091E+18,8,1,36,65,2017,9,7,5,3,5,3,0,1,0,1,0,1,0,5.63756E+20,5.4073E+21,9.86847E+15,4.88154E+16
54275,8.17091E+18,8,1,36,65,2017,9,7,5,2,6,4,0,1,1,0,0,0,0,5.62282E+20,5.40793E+21,9.84848E+15,4.88212E+16
54276,8.17091E+18,8,1,35,25,2017,9,12,5,3,8,1,0,1,0,0,0,0,1,5.81089E+20,5.39824E+21,1.01027E+16,4.87319E+16
54277,8.17091E+18,8,1,28,14,2017,9,3,5,2,8,1,0,1,0,0,0,2,1,5.49429E+20,5.48376E+21,9.68272E+15,4.95044E+16
54278,8.17091E+18,8,1,28,115,2017,9,17,5,3,2,6,0,1,0,0,1,0,1,5.48419E+20,5.49641E+21,9.67032E+15,4.96183E+16
54279,8.17091E+18,8,1,28,139,2017,9,13,5,2,2,6,0,1,0,0,1,0,1,5.52653E+20,5.48909E+21,9.72796E+15,4.95521E+16
54280,8.17091E+18,8,1,28,115,2017,9,10,5,3,8,1,0,1,0,0,0,0,1,5.50957E+20,5.49559E+21,9.70535E+15,4.96107E+16
54281,8.17091E+18,8,3,35,43,2017,9,17,6,3,2,6,0,1,0,0,1,0,0,5.09739E+20,5.2812E+21,9.12977E+15,4.76841E+16
54282,8.17091E+18,8,4,36,64,2017,9,11,6,2,5,3,0,1,0,0,0,0,0,5.45508E+20,5.29399E+21,9.6077E+15,4.77977E+16
54283,8.17091E+18,8,4,35,16,2017,9,14,4,3,5,3,0,1,0,1,0,0,0,5.38933E+20,5.27956E+21,9.5186E+15,4.76683E+16
54284,8.17091E+18,8,3,35,79,2017,9,10,6,2,3,6,0,0,0,1,1,0,0,4.98299E+20,5.29799E+21,8.97727E+15,4.78353E+16
54285,8.17091E+18,8,1,27,86,2017,9,7,5,3,0,1,0,1,0,1,0,0,1,5.53622E+20,5.44435E+21,9.73532E+15,4.91497E+16
54286,8.17091E+18,8,4,37,107,2017,9,14,4,2,9,1,0,0,0,0,1,0,0,5.02675E+20,5.3296E+21,9.03594E+15,4.81196E+16
54287,8.17091E+18,8,3,17,34,2017,9,16,6,2,8,7,0,1,0,0,0,0,0,4.26047E+20,5.36351E+21,8.00046E+15,4.84204E+16
54288,8.17091E+18,8,3,17,96,2017,9,17,6,3,2,6,0,1,0,1,0,0,0,4.22055E+20,5.37015E+21,7.94528E+15,4.84797E+16
54289,8.17091E+18,8,1,27,14,2017,9,13,5,2,5,3,1,0,0,0,0,0,1,5.78643E+20,5.44248E+21,1.0078E+16,4.91301E+16
54290,8.17091E+18,8,4,26,14,2017,9,12,4,3,5,3,0,1,0,0,0,0,0,5.51732E+20,5.31932E+21,9.69383E+15,4.80251E+16
54291,8.17091E+18,8,3,17,96,2017,9,0,6,3,2,7,0,1,0,0,1,2,0,4.20048E+20,5.37455E+21,7.91727E+15,4.8519E+16
54292,8.17091E+18,8,3,15,16,2017,9,16,6,2,2,6,0,1,0,1,0,0,0,4.32268E+20,5.31103E+21,8.0929E+15,4.7949E+16
54293,8.17091E+18,8,1,26,46,2017,9,13,5,2,4,6,0,1,0,0,1,0,1,5.49744E+20,5.45771E+21,9.68381E+15,4.92701E+16
54294,8.17091E+18,8,3,15,22,2017,9,11,6,3,0,1,1,1,0,0,0,0,0,3.98558E+20,5.29993E+21,7.64415E+15,4.78447E+16
54295,8.17091E+18,8,3,15,133,2017,9,14,6,2,0,2,1,1,0,0,0,0,0,3.99015E+20,5.32716E+21,7.64387E+15,4.80897E+16
54296,8.17091E+18,8,2,26,32,2017,9,21,6,3,8,7,0,1,0,0,0,2,0,4.68764E+20,5.46312E+21,8.57018E+15,4.932E+16
54297,8.17091E+18,8,2,26,103,2017,9,8,6,2,3,6,0,1,0,0,1,0,0,4.74183E+20,5.45792E+21,8.64509E+15,4.92735E+16
54298,8.17091E+18,8,2,12,0,2017,9,17,6,3,5,3,1,1,0,0,0,0,0,4.56747E+20,5.42827E+21,8.40858E+15,4.90058E+16
54299,8.17091E+18,8,2,15,9,2017,9,14,6,3,1,6,0,1,0,0,1,0,0,4.73674E+20,5.43693E+21,8.63946E+15,4.90846E+16
54300,8.17091E+18,8,2,31,0,2017,9,11,6,3,5,3,0,1,0,0,0,0,0,4.74496E+20,5.41704E+21,8.65197E+15,4.89058E+16
54301,8.17091E+18,8,2,36,30,2017,9,10,6,2,2,6,0,1,0,0,1,0,0,4.76995E+20,5.41962E+21,8.68592E+15,4.89291E+16
54302,8.17091E+18,8,2,36,43,2017,9,8,6,3,5,3,0,1,0,0,1,0,0,4.69184E+20,5.40713E+21,8.58023E+15,4.88164E+16
54303,8.17091E+18,8,2,26,85,2017,9,10,6,2,9,1,0,1,0,0,0,0,0,4.85288E+20,5.45437E+21,8.79788E+15,4.92419E+16
54304,8.17091E+18,8,2,26,37,2017,9,17,6,3,2,6,0,1,0,0,0,0,0,4.66619E+20,5.46899E+21,8.54018E+15,4.93727E+16
54305,8.17091E+18,8,2,25,75,2017,9,15,6,2,8,1,0,1,0,0,0,0,0,5.31016E+20,5.47525E+21,9.42774E+15,4.94291E+16
54306,8.17091E+18,8,2,21,0,2017,9,17,6,3,3,2,1,1,0,0,0,0,0,4.77583E+20,5.47208E+21,8.69103E+15,4.9401E+16
54307,8.17091E+18,8,4,16,36,2017,9,20,4,3,8,7,0,1,0,0,0,1,0,4.98421E+20,5.37428E+21,8.97861E+15,4.85216E+16
54308,8.17091E+18,8,4,15,53,2017,9,8,4,3,2,6,0,1,0,0,0,0,1,5.36709E+20,5.36212E+21,9.49606E+15,4.84112E+16
54309,8.17093E+18,8,2,25,60,2017,9,17,2,3,1,6,0,1,0,0,1,0,0,5.14728E+20,5.4865E+21,9.20353E+15,4.95309E+16
54310,8.17093E+18,8,2,25,58,2017,9,19,2,3,3,6,0,1,0,0,0,0,0,5.10462E+20,5.46681E+21,9.14406E+15,4.93539E+16
54311,8.17093E+18,8,2,16,23,2017,9,8,2,3,3,6,0,1,0,0,0,0,0,4.36811E+20,5.40632E+21,8.13941E+15,4.88067E+16
54312,8.17093E+18,8,2,12,0,2017,9,16,2,3,2,6,0,1,0,0,0,0,0,4.54477E+20,5.42827E+21,8.37754E+15,4.90056E+16
54313,8.17093E+18,8,2,11,0,2017,9,7,2,3,5,3,1,1,0,0,0,1,0,4.41453E+20,5.4037E+21,8.203E+15,4.87836E+16
54314,8.17093E+18,8,2,11,0,2017,9,8,2,3,5,3,1,1,0,0,0,0,0,4.43293E+20,5.40225E+21,8.22823E+15,4.87706E+16
54315,8.17093E+18,8,1,25,27,2017,9,5,2,3,2,6,0,1,0,0,1,2,0,5.19745E+20,5.4458E+21,9.27085E+15,4.91647E+16
54316,8.17092E+18,8,2,12,0,2017,9,22,4,3,5,3,0,1,0,0,1,2,0,4.50523E+20,5.43179E+21,8.32305E+15,4.9037E+16
54317,8.17092E+18,8,2,15,109,2017,9,7,1,2,8,7,0,1,0,0,0,1,0,4.60289E+20,5.43386E+21,8.45646E+15,4.90563E+16
54318,8.17093E+18,8,1,18,71,2017,9,13,3,3,5,2,0,1,0,0,0,0,0,5.08757E+20,5.41954E+21,9.11955E+15,4.89287E+16
54319,8.17092E+18,8,2,12,0,2017,9,9,4,2,5,3,1,0,0,0,1,0,0,4.55477E+20,5.42823E+21,8.39122E+15,4.90054E+16
54320,8.17092E+18,8,2,35,6,2017,9,12,4,2,8,7,0,0,0,1,1,0,0,4.74794E+20,5.37999E+21,8.6583E+15,4.85725E+16
54321,8.17092E+18,8,2,35,66,2017,9,17,4,2,4,2,0,1,0,0,1,0,0,4.63092E+20,5.38744E+21,8.499E+15,4.86389E+16
54322,8.17092E+18,8,2,36,73,2017,9,14,4,2,4,6,0,1,0,0,1,0,0,4.80145E+20,5.42394E+21,8.72872E+15,4.89681E+16
54323,8.17092E+18,8,2,36,71,2017,9,9,4,2,4,2,0,1,0,0,0,0,0,4.69191E+20,5.42199E+21,8.5792E+15,4.895E+16
54324,8.17093E+18,8,1,11,0,2017,9,15,2,3,5,3,0,1,0,0,1,0,0,5.06247E+20,5.39593E+21,9.08493E+15,4.87164E+16
54325,8.17092E+18,8,2,35,46,2017,9,12,1,3,0,1,1,0,0,0,0,0,0,4.80304E+20,5.38176E+21,8.73291E+15,4.85886E+16
54326,8.17093E+18,8,1,18,53,2017,9,20,2,2,3,7,0,1,0,0,0,2,0,5.17099E+20,5.42748E+21,9.23378E+15,4.9E+16
54327,8.17092E+18,8,2,36,74,2017,9,9,4,2,2,2,0,1,0,0,0,0,0,4.72458E+20,5.42139E+21,8.62387E+15,4.89448E+16
54328,8.17092E+18,8,2,35,8,2017,9,12,1,3,3,2,0,1,0,0,0,0,1,4.80039E+20,5.40137E+21,8.72837E+15,4.8765E+16
54329,8.17093E+18,8,1,36,88,2017,9,7,2,3,5,1,1,0,0,1,0,0,0,5.80588E+20,5.41236E+21,1.00987E+16,4.8859E+16
54330,8.17093E+18,8,1,36,88,2017,9,13,2,3,5,3,0,1,0,1,0,0,0,5.80097E+20,5.41124E+21,1.00918E+16,4.88489E+16
54331,8.17092E+18,8,2,36,46,2017,9,22,4,3,2,6,0,1,0,0,0,2,0,4.82727E+20,5.41785E+21,8.76425E+15,4.89133E+16
54332,8.17092E+18,8,2,31,0,2017,9,19,1,3,2,6,0,1,0,0,0,2,0,4.82477E+20,5.41775E+21,8.76084E+15,4.89124E+16
54333,8.17093E+18,8,1,36,18,2017,9,10,2,2,2,6,0,1,0,0,0,0,0,5.86482E+20,5.43261E+21,1.01833E+16,4.90403E+16
54334,8.17093E+18,8,1,35,19,2017,9,16,2,3,3,2,1,1,0,0,0,0,0,5.82686E+20,5.39246E+21,1.01233E+16,4.86797E+16
54335,8.17092E+18,8,2,26,85,2017,9,18,4,3,5,3,0,1,0,0,0,0,0,4.9412E+20,5.45263E+21,8.91924E+15,4.92265E+16
54336,8.17092E+18,8,2,26,95,2017,9,16,1,3,1,2,0,1,0,0,0,0,0,4.7325E+20,5.46291E+21,8.63192E+15,4.93183E+16
54337,8.17093E+18,8,4,25,75,2017,9,20,2,2,9,1,0,0,0,1,0,2,0,5.6667E+20,5.37677E+21,9.90323E+15,4.85405E+16
54338,8.17092E+18,8,2,26,6,2017,9,18,4,3,2,6,0,1,0,0,0,0,0,4.85224E+20,5.46734E+21,8.79651E+15,4.93586E+16
54339,8.17093E+18,8,1,28,139,2017,9,13,2,3,2,6,0,1,0,0,1,0,0,5.54057E+20,5.48641E+21,9.74699E+15,4.95279E+16
54340,8.17093E+18,8,1,36,35,2017,9,22,2,3,1,7,0,1,0,0,1,2,0,5.86132E+20,5.43327E+21,1.01787E+16,4.90463E+16
54341,8.17093E+18,8,1,25,65,2017,9,11,2,2,2,6,0,1,0,0,0,0,0,5.16279E+20,5.44746E+21,9.22338E+15,4.91798E+16
54342,8.17093E+18,8,1,19,91,2017,9,5,2,3,5,3,0,1,0,0,0,2,0,5.26538E+20,5.40436E+21,9.36132E+15,4.87917E+16
54343,8.17093E+18,8,1,18,6,2017,9,10,2,3,4,6,0,1,0,0,0,0,0,5.14811E+20,5.41879E+21,9.20218E+15,4.89219E+16
54344,8.17093E+18,8,1,18,27,2017,9,14,2,3,2,6,0,1,0,0,0,0,0,5.05646E+20,5.4115E+21,9.07698E+15,4.88565E+16
54345,8.17093E+18,8,1,17,26,2017,9,19,2,3,3,6,0,1,0,0,0,2,0,5.54075E+20,5.40006E+21,9.73566E+15,4.87512E+16
54346,8.17093E+18,8,1,16,41,2017,9,7,2,3,5,3,0,0,0,1,1,0,0,5.18622E+20,5.38077E+21,9.25248E+15,4.85797E+16
54347,8.17093E+18,8,1,16,49,2017,9,1,2,3,5,3,1,1,0,0,0,2,0,5.24874E+20,5.38583E+21,9.33756E+15,4.86251E+16
54348,8.17093E+18,8,1,15,21,2017,9,16,2,3,1,5,1,1,0,0,0,0,0,4.89646E+20,5.38372E+21,8.85955E+15,4.86064E+16
54349,8.17093E+18,8,1,15,37,2017,9,10,2,3,2,6,0,1,0,0,0,0,0,4.92311E+20,5.38527E+21,8.89566E+15,4.86205E+16
54350,8.17093E+18,8,1,15,2,2017,9,7,2,3,5,2,1,1,0,0,0,0,0,4.99563E+20,5.38629E+21,8.99407E+15,4.86297E+16
54351,8.17093E+18,8,1,15,2,2017,9,13,2,3,0,2,1,1,0,0,0,0,0,4.99681E+20,5.38643E+21,8.99567E+15,4.8631E+16
54352,8.17093E+18,8,1,15,46,2017,9,14,2,3,5,3,0,1,0,1,0,0,0,5.09117E+20,5.39011E+21,9.12382E+15,4.8664E+16
54353,8.17093E+18,8,1,15,3,2017,9,6,2,3,0,7,1,0,0,0,0,2,0,4.99792E+20,5.39249E+21,8.99718E+15,4.86855E+16
54354,8.17093E+18,8,1,15,3,2017,9,15,2,3,5,3,1,1,0,0,0,0,0,5.01115E+20,5.3921E+21,9.01515E+15,4.86819E+16
54355,8.17093E+18,8,1,11,0,2017,9,16,2,3,2,6,0,1,0,0,0,0,0,5.15573E+20,5.40531E+21,9.21207E+15,4.88006E+16
54356,8.17093E+18,8,1,11,0,2017,9,18,2,3,5,2,0,1,0,1,0,0,0,5.10267E+20,5.3972E+21,9.13961E+15,4.87277E+16
54357,8.17093E+18,8,1,11,0,2017,9,15,2,3,2,6,0,1,0,0,0,0,0,5.07034E+20,5.40803E+21,9.09583E+15,4.88252E+16
54358,8.17092E+18,8,4,35,16,2017,9,14,1,3,3,2,1,1,0,0,0,0,0,5.35074E+20,5.27777E+21,9.46706E+15,4.76524E+16
54359,8.17092E+18,8,4,37,78,2017,9,13,1,3,5,3,0,1,0,0,0,0,0,5.08581E+20,5.31681E+21,9.11504E+15,4.80045E+16
54360,8.17092E+18,8,4,17,25,2017,9,10,1,3,5,3,0,1,0,1,0,0,0,4.83387E+20,5.35484E+21,8.77578E+15,4.83465E+16
54361,8.17092E+18,8,4,17,31,2017,9,12,1,3,2,2,0,1,0,1,0,0,0,5.02143E+20,5.35433E+21,9.02892E+15,4.83422E+16
54362,8.17092E+18,8,4,16,41,2017,9,11,1,3,0,1,0,0,0,1,0,0,0,5.06341E+20,5.37319E+21,9.08586E+15,4.85118E+16
54363,8.17092E+18,8,4,15,78,2017,9,10,1,3,1,7,0,1,0,0,0,0,0,5.29843E+20,5.37128E+21,9.40394E+15,4.84939E+16
54364,8.17092E+18,8,3,36,107,2017,9,14,1,3,1,7,0,1,0,0,0,0,0,4.1198E+20,5.28927E+21,7.82567E+15,4.77508E+16
54365,8.17092E+18,8,3,36,94,2017,9,11,1,3,0,1,0,0,0,1,0,0,0,4.15406E+20,5.29223E+21,7.8708E+15,4.77779E+16
54366,8.17092E+18,8,3,35,55,2017,9,20,1,3,5,3,1,1,0,0,0,2,1,4.96485E+20,5.28406E+21,8.95314E+15,4.771E+16
54367,8.17092E+18,8,3,27,18,2017,9,0,1,3,2,7,0,1,0,0,0,2,0,4.78051E+20,5.30467E+21,8.70635E+15,4.7895E+16
54368,8.17092E+18,8,3,35,97,2017,9,12,1,3,2,6,0,1,0,0,0,0,0,4.88261E+20,5.2962E+21,8.84318E+15,4.78191E+16
54369,8.17092E+18,8,2,26,29,2017,9,15,1,2,8,1,0,0,0,1,0,0,0,4.84399E+20,5.48219E+21,8.78457E+15,4.94921E+16
54370,8.17093E+18,8,4,35,29,2017,9,21,2,3,8,1,0,1,0,0,0,2,0,5.44065E+20,5.27339E+21,9.58634E+15,4.76124E+16
54371,8.17092E+18,8,2,21,0,2017,9,3,1,3,2,6,0,1,0,0,0,2,1,4.75003E+20,5.47018E+21,8.65558E+15,4.93838E+16
54372,8.17093E+18,8,1,15,29,2017,9,12,3,3,5,3,0,0,0,1,1,0,0,4.9677E+20,5.39838E+21,8.95607E+15,4.87384E+16
54373,8.17092E+18,8,2,25,14,2017,9,12,4,3,9,6,0,1,0,0,1,0,0,5.18402E+20,5.48069E+21,9.25403E+15,4.94785E+16
54374,8.17092E+18,8,2,16,43,2017,9,13,1,3,5,3,0,1,0,0,0,0,0,4.42408E+20,5.41231E+21,8.21479E+15,4.88611E+16
54375,8.17093E+18,8,1,25,65,2017,9,20,3,3,5,3,0,1,0,0,1,2,1,5.14795E+20,5.4485E+21,9.20305E+15,4.91891E+16
54376,8.17092E+18,8,2,22,0,2017,9,16,4,3,5,3,1,1,0,0,0,0,0,4.61241E+20,5.48137E+21,8.46489E+15,4.94837E+16
54377,8.17092E+18,8,2,22,0,2017,9,21,4,3,2,6,0,1,0,0,0,2,0,4.64366E+20,5.48396E+21,8.50779E+15,4.95073E+16
54378,8.17092E+18,8,2,22,0,2017,9,11,4,3,6,4,0,1,1,0,0,0,0,4.6335E+20,5.47822E+21,8.49429E+15,4.94555E+16
54379,8.17092E+18,8,3,26,17,2017,9,13,1,3,2,6,0,1,0,1,0,0,0,4.42809E+20,5.32168E+21,8.23263E+15,4.80459E+16
54380,8.17092E+18,8,2,21,0,2017,9,18,4,3,5,7,0,1,0,0,0,0,0,4.83873E+20,5.47256E+21,8.77771E+15,4.94055E+16
54381,8.17092E+18,8,3,25,49,2017,9,15,1,3,0,1,1,0,0,0,0,0,0,4.7273E+20,5.33526E+21,8.63322E+15,4.817E+16
54382,8.17092E+18,8,2,21,0,2017,9,10,4,3,3,3,1,1,0,0,0,0,0,4.76319E+20,5.47176E+21,8.67363E+15,4.93981E+16
54383,8.17092E+18,8,2,15,106,2017,9,11,1,2,3,6,0,1,0,1,0,0,0,4.65967E+20,5.45329E+21,8.53253E+15,4.92315E+16
54384,8.17092E+18,8,3,25,45,2017,9,4,1,3,0,1,0,1,0,0,0,2,0,4.70185E+20,5.34728E+21,8.59815E+15,4.8278E+16
54385,8.17092E+18,8,3,25,45,2017,9,13,1,2,3,6,0,1,0,1,0,0,0,4.65755E+20,5.34667E+21,8.53849E+15,4.82723E+16
54386,8.17092E+18,8,2,16,22,2017,9,9,4,3,5,2,0,1,0,0,0,0,0,4.33951E+20,5.40495E+21,8.10068E+15,4.8794E+16
54387,8.17092E+18,8,2,15,82,2017,9,15,1,3,5,3,0,1,0,0,0,0,0,4.89451E+20,5.4392E+21,8.85547E+15,4.91056E+16
54388,8.17092E+18,8,3,25,60,2017,9,9,1,2,2,2,0,1,0,0,0,0,0,4.69075E+20,5.34055E+21,8.58368E+15,4.82174E+16
54389,8.17092E+18,8,1,36,44,2017,9,12,4,2,9,1,0,0,0,0,1,0,0,5.5749E+20,5.41025E+21,9.78354E+15,4.88426E+16
54390,8.17092E+18,8,3,17,118,2017,9,13,1,2,2,2,0,1,0,1,0,0,0,4.36506E+20,5.38422E+21,8.13865E+15,4.86079E+16
54391,8.17092E+18,8,3,25,50,2017,9,13,1,2,4,6,0,1,0,0,0,0,0,4.53076E+20,5.34995E+21,8.36726E+15,4.8301E+16
54392,8.17092E+18,8,1,36,88,2017,9,16,4,3,5,3,1,1,0,0,0,0,0,5.81812E+20,5.40898E+21,1.01147E+16,4.88284E+16
54393,8.17092E+18,8,1,11,0,2017,9,19,1,3,2,6,0,1,0,0,0,2,1,5.09571E+20,5.3951E+21,9.1301E+15,4.87089E+16
54394,8.17092E+18,8,3,27,18,2017,9,19,1,2,5,3,0,1,0,0,1,2,1,4.74921E+20,5.30721E+21,8.66433E+15,4.79177E+16
54395,8.17092E+18,8,3,26,52,2017,9,12,1,2,8,1,0,1,0,0,0,0,0,4.46305E+20,5.32827E+21,8.27871E+15,4.81054E+16
54396,8.17092E+18,8,3,17,96,2017,9,4,1,3,9,1,0,0,0,1,0,2,0,4.22959E+20,5.3652E+21,7.95842E+15,4.84353E+16
54397,8.17092E+18,8,3,17,5,2017,9,14,1,3,2,2,0,1,0,0,0,0,0,4.24545E+20,5.37646E+21,7.97783E+15,4.85367E+16
54398,8.17092E+18,8,3,17,1,2017,9,10,1,3,5,3,1,1,0,0,0,0,0,4.27665E+20,5.38946E+21,8.01782E+15,4.8654E+16
54399,8.17092E+18,8,2,25,33,2017,9,23,4,2,8,1,0,1,0,0,0,2,0,5.11087E+20,5.45854E+21,9.15244E+15,4.92795E+16
54400,8.17092E+18,8,1,15,42,2017,9,0,1,3,2,6,0,1,0,0,0,2,1,4.91952E+20,5.4078E+21,8.89035E+15,4.88232E+16
54401,8.17092E+18,8,3,17,8,2017,9,18,1,3,8,7,0,1,0,0,0,0,0,4.42573E+20,5.3657E+21,8.2235E+15,4.84418E+16
54402,8.17092E+18,8,3,15,94,2017,9,16,1,2,8,1,0,0,0,1,0,0,0,4.30907E+20,5.31327E+21,8.07432E+15,4.7969E+16
54403,8.17092E+18,8,1,21,0,2017,9,16,4,3,5,3,0,1,0,1,0,0,0,5.16296E+20,5.44459E+21,9.22349E+15,4.91539E+16
54404,8.17092E+18,8,1,36,42,2017,9,17,1,3,4,1,0,1,0,1,0,0,0,5.52383E+20,5.40619E+21,9.71342E+15,4.88065E+16
54405,8.17092E+18,8,3,15,84,2017,9,12,1,3,5,2,0,1,0,1,0,0,0,4.2169E+20,5.31199E+21,7.95108E+15,4.79564E+16
54406,8.17092E+18,8,2,26,103,2017,9,17,1,3,1,6,0,1,0,0,0,0,0,4.71896E+20,5.45762E+21,8.61367E+15,4.92707E+16
54407,8.17092E+18,8,1,19,67,2017,9,21,4,3,9,1,0,1,0,0,0,2,0,5.41406E+20,5.40133E+21,9.56344E+15,4.87636E+16
54408,8.17092E+18,8,1,36,88,2017,9,14,1,3,5,3,0,1,0,0,0,0,0,5.80288E+20,5.41468E+21,1.00951E+16,4.88799E+16
54409,8.17092E+18,8,2,26,103,2017,9,11,1,3,2,6,0,1,0,0,0,0,0,4.71991E+20,5.4578E+21,8.61497E+15,4.92723E+16
54410,8.17092E+18,8,2,26,95,2017,9,20,1,2,0,1,0,1,0,0,0,2,0,4.71398E+20,5.45956E+21,8.60668E+15,4.92881E+16
54411,8.17092E+18,8,2,31,0,2017,9,10,1,3,5,3,0,1,0,0,1,0,0,4.75987E+20,5.4155E+21,8.6724E+15,4.88919E+16
54412,8.17092E+18,8,2,31,0,2017,9,17,1,3,5,3,1,1,0,0,0,0,0,4.78112E+20,5.41565E+21,8.70138E+15,4.88934E+16
54413,8.17092E+18,8,2,36,43,2017,9,0,1,2,8,7,0,0,0,1,0,2,0,4.7071E+20,5.40986E+21,8.60081E+15,4.8841E+16
54414,8.17092E+18,8,2,25,74,2017,9,17,1,3,4,1,0,0,0,1,0,0,0,5.05496E+20,5.4668E+21,9.07567E+15,4.93539E+16
54415,8.17092E+18,8,2,21,0,2017,9,17,1,3,3,1,0,1,0,1,0,0,0,4.79638E+20,5.47363E+21,8.71927E+15,4.9415E+16
54416,8.17092E+18,8,2,16,52,2017,9,16,1,3,1,5,1,1,0,0,0,0,0,4.41281E+20,5.41667E+21,8.19879E+15,4.89002E+16
54417,8.17092E+18,8,2,12,0,2017,9,18,1,3,8,1,0,0,0,1,0,0,0,4.58822E+20,5.42816E+21,8.43696E+15,4.9005E+16
54418,8.17092E+18,8,2,15,101,2017,9,15,1,2,8,1,0,0,0,1,0,0,0,4.66032E+20,5.42932E+21,8.53544E+15,4.90158E+16
54419,8.17092E+18,8,2,11,0,2017,9,15,1,2,5,2,0,1,0,1,0,0,0,4.44232E+20,5.39675E+21,8.24176E+15,4.87213E+16
54420,8.17092E+18,8,2,16,17,2017,9,13,1,2,2,6,0,1,0,1,0,0,0,4.56154E+20,5.39843E+21,8.40367E+15,4.87374E+16
54421,8.17092E+18,8,1,36,75,2017,9,1,1,3,8,1,0,1,0,0,0,2,0,5.98846E+20,5.41873E+21,1.03491E+16,4.89136E+16
54422,8.17092E+18,8,1,25,111,2017,9,14,1,3,0,1,0,0,0,1,1,0,1,5.27901E+20,5.45325E+21,9.38324E+15,4.92314E+16
54423,8.17092E+18,8,1,28,7,2017,9,13,1,2,5,2,0,1,0,0,0,0,0,5.57715E+20,5.48043E+21,9.79666E+15,4.94737E+16
54424,8.17093E+18,8,3,17,153,2017,9,14,2,2,2,6,0,1,0,1,0,0,0,4.21049E+20,5.38958E+21,7.92798E+15,4.86543E+16
54425,8.17092E+18,8,1,27,76,2017,9,21,1,2,9,1,0,0,0,1,0,2,0,5.45872E+20,5.43347E+21,9.62781E+15,4.90524E+16
54426,8.17092E+18,8,1,19,79,2017,9,17,4,3,5,3,0,1,0,0,0,0,0,5.23948E+20,5.4111E+21,9.32645E+15,4.88524E+16
54427,8.17092E+18,8,1,28,139,2017,9,15,1,3,5,3,0,1,0,0,0,0,0,5.53155E+20,5.48804E+21,9.73475E+15,4.95426E+16
54428,8.17093E+18,8,4,15,61,2017,9,16,2,3,5,2,1,1,0,0,0,0,0,5.15112E+20,5.37022E+21,9.20451E+15,4.84849E+16
54429,8.17092E+18,8,1,19,67,2017,9,10,4,3,0,3,1,0,0,0,1,0,1,5.38718E+20,5.40544E+21,9.52725E+15,4.88007E+16
54430,8.17092E+18,8,1,28,82,2017,9,7,1,3,0,7,0,1,0,1,0,0,0,5.66541E+20,5.47253E+21,9.91715E+15,4.94018E+16
54431,8.17093E+18,8,1,11,0,2017,9,16,3,3,2,6,0,1,0,0,0,0,0,5.10844E+20,5.40936E+21,9.14777E+15,4.88372E+16
54432,8.17092E+18,8,1,19,8,2017,9,13,4,3,4,6,0,0,0,0,1,0,0,5.30128E+20,5.42161E+21,9.41147E+15,4.89466E+16
54433,8.17092E+18,8,1,27,99,2017,9,17,1,2,2,6,0,1,0,0,0,0,0,5.60704E+20,5.44709E+21,9.83284E+15,4.91736E+16
54434,8.17093E+18,8,1,18,48,2017,9,15,3,3,2,6,0,1,0,0,1,0,0,5.1469E+20,5.41709E+21,9.20047E+15,4.89066E+16
54435,8.17092E+18,8,1,19,24,2017,9,6,4,2,8,1,0,0,0,0,1,2,0,5.38045E+20,5.43254E+21,9.52062E+15,4.90445E+16
54436,8.17092E+18,8,1,16,11,2017,9,9,4,3,9,1,0,0,0,1,0,0,0,5.31288E+20,5.3794E+21,9.4241E+15,4.85669E+16
54437,8.17092E+18,8,1,16,77,2017,9,12,4,3,5,1,1,1,0,0,0,0,2,5.15726E+20,5.39092E+21,9.21361E+15,4.86711E+16
54438,8.17092E+18,8,1,15,13,2017,9,16,4,3,5,7,0,1,0,0,0,0,0,4.95976E+20,5.38731E+21,8.94538E+15,4.86389E+16
54439,8.17092E+18,8,1,27,100,2017,9,20,1,2,9,1,0,0,0,1,0,2,0,5.51949E+20,5.43804E+21,9.71158E+15,4.9093E+16
54440,8.17092E+18,8,1,11,0,2017,9,21,4,3,3,2,0,1,0,0,0,1,0,5.1629E+20,5.40403E+21,9.22178E+15,4.87891E+16
54441,8.17092E+18,8,1,11,0,2017,9,8,4,3,2,2,0,1,0,0,0,0,0,5.1203E+20,5.41093E+21,9.16399E+15,4.88512E+16
54442,8.17092E+18,8,4,37,78,2017,9,7,3,3,9,1,0,1,0,0,0,2,0,5.08311E+20,5.31807E+21,9.11145E+15,4.80159E+16
54443,8.17092E+18,8,4,35,35,2017,9,17,3,3,0,1,1,0,0,0,0,0,0,5.423E+20,5.28273E+21,9.56376E+15,4.76966E+16