OBJECTID,UIDENTSTLA,ULAND,UREGBEZ,UKREIS,UGEMEINDE,UJAHR,UMONAT,USTUNDE,UWOCHENTAG,UKATEGORIE,UART,UTYP1,IstRad,IstPKW,IstFuss,IstKrad,IstSonstig,LICHT,STRZUSTAND,LINREFX,LINREFY,XGCSWGS84,YGCSWGS84
54444,8.17092E+18,8,1,27,102,2017,9,13,1,3,2,6,0,1,0,0,0,0,0,5.86711E+20,5.43546E+21,1.01871E+16,4.90659E+16
54445,8.17092E+18,8,1,25,98,2017,9,16,1,3,2,6,0,1,0,0,0,0,0,5.21446E+20,5.43692E+21,9.2937E+15,4.90848E+16
54446,8.17092E+18,8,1,21,0,2017,9,23,1,2,8,1,0,1,0,0,0,2,0,5.10828E+20,5.45038E+21,9.14866E+15,4.92061E+16
54447,8.17092E+18,8,1,25,68,2017,9,14,1,2,2,6,0,1,0,1,0,0,0,5.16989E+20,5.45887E+21,9.2336E+15,4.92823E+16
54448,8.17092E+18,8,1,21,0,2017,9,14,1,3,1,6,0,1,0,0,0,0,0,5.14475E+20,5.44132E+21,9.1984E+15,4.91246E+16
54449,8.17092E+18,8,1,19,67,2017,9,19,1,3,2,6,0,1,0,0,0,1,0,5.39573E+20,5.40592E+21,9.53895E+15,4.8805E+16
54450,8.17092E+18,8,4,26,1,2017,9,15,3,3,5,3,0,1,0,0,0,0,0,5.6785E+20,5.34474E+21,9.91404E+15,4.82522E+16
54451,8.17092E+18,8,1,35,19,2017,9,15,1,1,8,1,0,0,0,1,0,0,0,5.85053E+20,5.39113E+21,1.01552E+16,4.86674E+16
54452,8.17092E+18,8,1,19,8,2017,9,0,1,3,2,1,0,1,0,0,0,2,0,5.32052E+20,5.42015E+21,9.43763E+15,4.89334E+16
54453,8.17092E+18,8,3,35,98,2017,9,20,3,3,8,1,0,1,0,0,0,2,1,5.02371E+20,5.29616E+21,9.03167E+15,4.78188E+16
54454,8.17092E+18,8,1,19,79,2017,9,21,1,2,5,2,0,1,0,0,0,2,0,5.24489E+20,5.40971E+21,9.33374E+15,4.88398E+16
54455,8.17092E+18,8,1,18,48,2017,9,10,1,3,2,6,0,1,0,0,0,0,0,5.14325E+20,5.41664E+21,9.19547E+15,4.89025E+16
54456,8.17092E+18,8,1,18,28,2017,9,16,1,2,8,1,0,0,0,1,0,0,0,5.13819E+20,5.42758E+21,9.18893E+15,4.9001E+16
54457,8.17092E+18,8,1,17,53,2017,9,17,1,3,1,5,0,1,0,1,0,0,0,5.50015E+20,5.40069E+21,9.6805E+15,4.87572E+16
54458,8.17092E+18,8,1,15,45,2017,9,0,1,2,5,3,0,1,0,0,0,2,0,5.01938E+20,5.39489E+21,9.02634E+15,4.87071E+16
54459,8.17092E+18,8,1,15,41,2017,9,15,1,2,5,3,0,1,0,1,0,0,0,4.97007E+20,5.40093E+21,8.95928E+15,4.87614E+16
54460,8.17092E+18,8,1,11,0,2017,9,15,1,2,2,6,0,1,0,0,0,0,0,5.14701E+20,5.40099E+21,9.20003E+15,4.87617E+16
54461,8.17092E+18,8,1,11,0,2017,9,14,1,2,8,7,0,0,0,1,0,0,0,5.13557E+20,5.41069E+21,9.1848E+15,4.8849E+16
54462,8.17092E+18,8,4,36,81,2017,9,16,7,2,8,1,0,0,0,1,0,0,0,5.62742E+20,5.28591E+21,9.83664E+15,4.77235E+16
54463,8.17092E+18,8,4,35,29,2017,9,17,7,2,8,1,0,0,0,1,0,0,0,5.44514E+20,5.27417E+21,9.5924E+15,4.76194E+16
54464,8.17092E+18,8,1,35,16,2017,9,11,7,2,0,6,0,0,0,1,1,0,0,5.96389E+20,5.38531E+21,1.03078E+16,4.86135E+16
54465,8.17092E+18,8,4,17,13,2017,9,15,7,2,4,2,0,1,0,1,0,0,0,5.09768E+20,5.34881E+21,9.13169E+15,4.82924E+16
54466,8.17092E+18,8,4,16,36,2017,9,13,7,3,2,1,0,1,0,1,0,0,0,4.96822E+20,5.37121E+21,8.95699E+15,4.8494E+16
54467,8.17093E+18,8,2,12,0,2017,9,20,2,2,5,3,0,1,0,1,0,2,0,4.54031E+20,5.42826E+21,8.37144E+15,4.90055E+16
54468,8.17092E+18,8,1,16,16,2017,9,14,1,3,3,6,1,0,0,0,0,0,0,5.30392E+20,5.38254E+21,9.41219E+15,4.85952E+16
54469,8.17093E+18,8,3,35,79,2017,9,7,2,3,5,2,1,1,0,0,0,0,0,5.00657E+20,5.29949E+21,9.00878E+15,4.78488E+16
54470,8.17092E+18,8,3,27,7,2017,9,16,3,3,2,6,1,0,0,1,0,0,0,4.86455E+20,5.32998E+21,8.81799E+15,4.8123E+16
54471,8.17092E+18,8,1,15,42,2017,9,5,1,3,8,7,0,0,0,1,0,2,0,4.93247E+20,5.407E+21,8.90802E+15,4.8816E+16
54472,8.17093E+18,8,4,35,52,2017,9,21,2,3,5,3,0,1,0,0,0,2,0,5.17792E+20,5.29343E+21,9.23757E+15,4.7794E+16
54473,8.17092E+18,8,3,26,74,2017,9,17,3,3,5,3,0,1,0,0,0,0,0,4.61748E+20,5.32739E+21,8.48623E+15,4.80986E+16
54474,8.17092E+18,8,1,11,0,2017,9,15,1,3,2,6,0,1,0,0,0,0,0,5.15753E+20,5.40543E+21,9.21452E+15,4.88017E+16
54475,8.17093E+18,8,1,16,77,2017,9,0,3,3,2,6,0,1,0,0,0,2,1,5.14348E+20,5.3893E+21,9.19483E+15,4.86566E+16
54476,8.17092E+18,8,3,26,17,2017,9,15,3,3,5,2,0,1,0,0,0,0,0,4.40308E+20,5.32194E+21,8.19905E+15,4.80479E+16
54477,8.17092E+18,8,4,16,50,2017,9,16,7,3,0,1,1,0,0,0,0,0,0,4.85756E+20,5.36488E+21,8.80741E+15,4.84369E+16
54478,8.17092E+18,8,4,16,36,2017,9,12,7,3,1,6,0,1,0,0,0,0,0,4.93359E+20,5.37102E+21,8.91012E+15,4.84922E+16
54479,8.17092E+18,8,4,15,61,2017,9,16,7,3,5,3,0,0,0,1,0,0,0,5.13016E+20,5.37396E+21,9.17626E+15,4.85186E+16
54480,8.17092E+18,8,4,15,19,2017,9,15,7,3,5,3,0,1,0,0,0,0,0,5.18848E+20,5.37E+21,9.25506E+15,4.84829E+16
54481,8.17092E+18,8,3,16,17,2017,9,9,7,3,2,6,0,1,0,0,0,0,0,4.07591E+20,5.33471E+21,7.75737E+15,4.81589E+16
54482,8.17092E+18,8,3,36,78,2017,9,14,7,3,5,3,0,1,0,0,0,0,0,3.92457E+20,5.29028E+21,7.56503E+15,4.77569E+16
54483,8.17092E+18,8,3,27,48,2017,9,15,7,3,8,7,0,1,0,0,0,0,0,4.76471E+20,5.3169E+21,8.68455E+15,4.8005E+16
54484,8.17092E+18,8,1,11,0,2017,9,17,1,3,2,6,0,1,0,0,0,0,0,5.16191E+20,5.40392E+21,9.22043E+15,4.87881E+16
54485,8.17093E+18,8,3,36,103,2017,9,7,2,3,8,7,0,0,0,1,1,0,1,4.18137E+20,5.28373E+21,7.90884E+15,4.77017E+16
54486,8.17092E+18,8,3,26,12,2017,9,6,3,3,4,2,0,1,0,1,0,1,0,4.65772E+20,5.30871E+21,8.54176E+15,4.79308E+16
54487,8.17092E+18,8,4,35,66,2017,9,4,7,2,9,1,0,1,0,0,0,2,0,5.17929E+20,5.28676E+21,9.23912E+15,4.7734E+16
54488,8.17093E+18,8,4,36,79,2017,9,16,2,3,2,6,0,1,0,0,1,0,0,5.53319E+20,5.28886E+21,9.71136E+15,4.77509E+16
54489,8.17092E+18,8,3,11,0,2017,9,16,3,2,3,6,0,1,0,1,0,0,0,4.14367E+20,5.31862E+21,7.85169E+15,4.80152E+16
54490,8.17092E+18,8,4,35,66,2017,9,16,7,3,2,6,0,1,0,1,0,0,0,5.19626E+20,5.2873E+21,9.26177E+15,4.77387E+16
54491,8.17093E+18,8,1,17,26,2017,9,7,3,3,5,3,0,1,0,0,0,0,0,5.45342E+20,5.39069E+21,9.61582E+15,4.86677E+16
54492,8.17092E+18,8,3,15,98,2017,9,23,3,3,5,3,0,1,0,0,0,2,1,4.0638E+20,5.31206E+21,7.74605E+15,4.7955E+16
54493,8.17092E+18,8,4,35,66,2017,9,10,7,2,3,6,0,1,0,0,0,0,0,5.17967E+20,5.28723E+21,9.23965E+15,4.77382E+16
54494,8.17092E+18,8,2,26,85,2017,9,8,3,2,2,6,0,0,0,0,1,0,1,4.94233E+20,5.45273E+21,8.92079E+15,4.92274E+16
54495,8.17092E+18,8,2,36,46,2017,9,8,3,3,5,3,0,1,0,0,1,0,0,4.8263E+20,5.41814E+21,8.76292E+15,4.8916E+16
54496,8.17092E+18,8,2,12,0,2017,9,8,3,3,5,3,1,0,0,0,1,0,1,4.56444E+20,5.42385E+21,8.40491E+15,4.8966E+16
54497,8.17092E+18,8,2,12,0,2017,9,15,3,2,5,7,1,0,0,0,1,0,0,4.55667E+20,5.42752E+21,8.39389E+15,4.8999E+16
54498,8.17092E+18,8,3,26,55,2017,9,14,7,3,8,1,0,0,0,1,0,0,0,4.37448E+20,5.33133E+21,8.1593E+15,4.81322E+16
54499,8.17092E+18,8,2,12,0,2017,9,12,3,3,2,6,0,1,0,0,1,0,0,4.51121E+20,5.43103E+21,8.33132E+15,4.90302E+16
54500,8.17092E+18,8,3,26,74,2017,9,23,7,3,4,2,1,0,0,0,1,2,0,4.65396E+20,5.32452E+21,8.53545E+15,4.8073E+16
54501,8.17092E+18,8,2,11,0,2017,9,4,3,2,8,1,0,1,0,0,1,2,1,4.42108E+20,5.40844E+21,8.21125E+15,4.88262E+16
54502,8.17092E+18,8,2,37,54,2017,9,19,7,2,8,1,0,1,0,0,0,2,0,4.64362E+20,5.37237E+21,8.51753E+15,4.85035E+16
54503,8.17092E+18,8,3,25,11,2017,9,13,7,2,6,7,0,0,1,0,1,0,0,4.73617E+20,5.3408E+21,8.6448E+15,4.82198E+16
54504,8.17092E+18,8,2,37,75,2017,9,11,3,3,9,2,0,0,0,1,1,0,0,4.53002E+20,5.36546E+21,8.36453E+15,4.84405E+16
54505,8.17092E+18,8,4,25,134,2017,9,20,7,2,9,1,0,1,0,0,0,2,1,5.4725E+20,5.37321E+21,9.63975E+15,4.85102E+16
54506,8.17092E+18,8,3,17,57,2017,9,16,7,3,5,3,0,1,0,0,1,0,0,4.11897E+20,5.38095E+21,7.80557E+15,4.85754E+16
54507,8.17092E+18,8,2,35,46,2017,9,11,3,3,2,6,0,1,0,0,1,0,1,4.82101E+20,5.37887E+21,8.7574E+15,4.85627E+16
54508,8.17092E+18,8,4,25,14,2017,9,12,7,3,9,6,0,1,0,1,0,0,0,5.72692E+20,5.36977E+21,9.98359E+15,4.84768E+16
54509,8.17092E+18,8,3,17,1,2017,9,16,7,2,5,2,0,1,0,1,0,0,0,4.27718E+20,5.39038E+21,8.01838E+15,4.86622E+16
54510,8.17092E+18,8,3,16,9,2017,9,15,7,2,4,2,0,1,0,0,0,0,0,4.1853E+20,5.32328E+21,7.90661E+15,4.80576E+16
54511,8.17092E+18,8,3,15,84,2017,9,15,7,2,8,1,0,0,0,1,0,0,0,4.20151E+20,5.30606E+21,7.93157E+15,4.79029E+16
54512,8.17092E+18,8,2,26,85,2017,9,9,7,3,2,6,0,1,0,0,0,0,0,4.85775E+20,5.45664E+21,8.80449E+15,4.92624E+16
54513,8.17092E+18,8,2,31,0,2017,9,12,7,3,2,6,0,1,0,0,0,0,0,4.84504E+20,5.41391E+21,8.78865E+15,4.88779E+16
54514,8.17092E+18,8,2,22,0,2017,9,16,7,3,2,6,0,1,0,0,0,0,0,4.60153E+20,5.48915E+21,8.44908E+15,4.95537E+16
54515,8.17092E+18,8,2,12,0,2017,9,0,7,3,2,6,0,1,0,1,0,2,0,4.53869E+20,5.42769E+21,8.36929E+15,4.90003E+16
54516,8.17092E+18,8,2,15,9,2017,9,15,7,2,5,3,0,1,0,0,0,0,0,4.68815E+20,5.44235E+21,8.5725E+15,4.91332E+16
54517,8.17092E+18,8,2,15,17,2017,9,12,7,3,2,6,0,1,0,0,0,0,0,4.57454E+20,5.42369E+21,8.41872E+15,4.89646E+16
54518,8.17092E+18,8,2,37,19,2017,9,13,7,3,5,3,0,1,0,0,0,0,0,4.6364E+20,5.37078E+21,8.5079E+15,4.84891E+16
54519,8.17092E+18,8,2,35,79,2017,9,14,7,3,9,1,0,0,0,1,0,0,0,4.64365E+20,5.39398E+21,8.51572E+15,4.86979E+16
54520,8.17092E+18,8,2,36,73,2017,9,18,7,3,2,6,0,1,0,0,0,0,0,4.79518E+20,5.41993E+21,8.72036E+15,4.89319E+16
54521,8.17092E+18,8,2,36,76,2017,9,17,7,2,8,6,0,0,0,1,1,0,0,4.75518E+20,5.42348E+21,8.66552E+15,4.89638E+16
54522,8.17092E+18,8,2,22,0,2017,9,13,7,3,0,7,1,0,0,0,0,0,0,4.62308E+20,5.48187E+21,8.47957E+15,4.94883E+16
54523,8.17092E+18,8,2,22,0,2017,9,23,7,2,6,3,0,1,1,0,0,2,0,4.60912E+20,5.48356E+21,8.46012E+15,4.95034E+16
54524,8.17092E+18,8,2,16,15,2017,9,12,7,3,5,2,0,1,0,1,0,0,0,4.5164E+20,5.40331E+21,8.34171E+15,4.87809E+16
54525,8.17092E+18,8,2,16,43,2017,9,18,7,3,9,1,0,0,0,1,0,0,0,4.3798E+20,5.41242E+21,8.15441E+15,4.88617E+16
54526,8.17092E+18,8,2,12,0,2017,9,12,7,3,5,3,1,1,0,0,0,0,0,4.55776E+20,5.43134E+21,8.39496E+15,4.90334E+16
54527,8.17092E+18,8,2,15,17,2017,9,9,7,3,1,6,0,1,0,0,0,0,0,4.56561E+20,5.42306E+21,8.40659E+15,4.89589E+16
54528,8.17092E+18,8,1,15,21,2017,9,11,7,3,2,6,0,1,0,0,0,0,0,4.92508E+20,5.38139E+21,8.89841E+15,4.85855E+16
54529,8.17092E+18,8,1,15,45,2017,9,9,7,3,2,6,0,1,0,0,1,0,0,5.04202E+20,5.39727E+21,9.05715E+15,4.87285E+16
54530,8.17093E+18,8,2,25,1,2017,9,16,2,3,8,1,0,0,0,1,0,0,0,5.30891E+20,5.46757E+21,9.42542E+15,4.93601E+16
54531,8.17092E+18,8,4,17,75,2017,9,14,7,3,3,6,0,1,0,0,0,0,1,5.0729E+20,5.3412E+21,9.09815E+15,4.8224E+16
54532,8.17093E+18,8,3,27,46,2017,9,14,2,2,0,1,1,0,0,0,0,0,0,4.81149E+20,5.32407E+21,8.74694E+15,4.80696E+16
54533,8.17092E+18,8,2,35,8,2017,9,12,3,3,8,1,0,1,0,0,0,0,1,4.80089E+20,5.40491E+21,8.72888E+15,4.87969E+16
54534,8.17092E+18,8,4,16,22,2017,9,12,7,3,1,6,0,1,0,0,0,0,0,5.10322E+20,5.37529E+21,9.13982E+15,4.85306E+16
54535,8.17093E+18,8,4,26,128,2017,9,14,2,2,4,6,0,1,0,0,0,0,0,5.5994E+20,5.33199E+21,9.80569E+15,4.81384E+16
54536,8.17092E+18,8,2,31,0,2017,9,8,3,3,2,6,0,1,0,0,1,0,0,4.79599E+20,5.41602E+21,8.72166E+15,4.88968E+16
54537,8.17092E+18,8,4,16,31,2017,9,14,7,3,2,6,0,1,0,0,0,0,0,5.02287E+20,5.36208E+21,9.03091E+15,4.84119E+16
54538,8.17093E+18,8,1,11,0,2017,9,7,3,3,2,2,0,1,0,0,1,0,0,5.1495E+20,5.39867E+21,9.20335E+15,4.87409E+16
54539,8.17092E+18,8,2,36,43,2017,9,15,3,3,4,2,0,1,0,1,0,0,0,4.70137E+20,5.41085E+21,8.59293E+15,4.88499E+16
54540,8.17092E+18,8,2,37,24,2017,9,11,7,3,3,6,0,1,0,0,0,0,0,4.79964E+20,5.36028E+21,8.72933E+15,4.83954E+16
54541,8.17093E+18,8,1,19,79,2017,9,21,3,3,5,3,0,0,0,0,1,2,1,5.23948E+20,5.4111E+21,9.32646E+15,4.88524E+16
54542,8.17092E+18,8,2,26,85,2017,9,12,3,3,0,6,0,1,0,1,0,0,1,4.91228E+20,5.45599E+21,8.87945E+15,4.92566E+16
54543,8.17092E+18,8,2,26,56,2017,9,14,3,3,4,6,0,1,0,0,1,0,0,4.84014E+20,5.47193E+21,8.77967E+15,4.93998E+16
54544,8.17092E+18,8,2,25,33,2017,9,15,3,3,3,2,0,1,0,1,0,0,0,5.11012E+20,5.46119E+21,9.15148E+15,4.93033E+16
54545,8.17092E+18,8,2,21,0,2017,9,10,3,3,2,6,0,1,0,0,0,0,0,4.75415E+20,5.4687E+21,8.66135E+15,4.93706E+16
54546,8.17092E+18,8,2,26,12,2017,9,17,3,3,4,6,1,0,0,0,0,0,0,4.75584E+20,5.4777E+21,8.66313E+15,4.94515E+16
54547,8.17092E+18,8,3,36,50,2017,9,10,7,2,5,3,0,1,0,0,0,0,0,4.00893E+20,5.27642E+21,7.68071E+15,4.76336E+16
54548,8.17092E+18,8,2,26,12,2017,9,19,3,3,2,7,0,1,0,0,0,1,0,4.74654E+20,5.47729E+21,8.65033E+15,4.94478E+16
54549,8.17092E+18,8,3,36,105,2017,9,19,7,3,5,2,1,1,0,0,0,1,0,4.01542E+20,5.26708E+21,7.69144E+15,4.75497E+16
54550,8.17092E+18,8,1,36,61,2017,9,20,7,3,5,3,0,1,0,0,1,2,0,5.55443E+20,5.41889E+21,9.75681E+15,4.89205E+16
54551,8.17092E+18,8,1,36,88,2017,9,17,7,3,4,1,0,1,0,1,0,0,0,5.82791E+20,5.40553E+21,1.01273E+16,4.87973E+16
54552,8.17092E+18,8,1,36,82,2017,9,13,7,3,2,6,0,1,0,0,0,0,0,5.84319E+20,5.41566E+21,1.01502E+16,4.88882E+16
54553,8.17092E+18,8,1,35,32,2017,9,15,7,2,4,2,0,1,0,1,0,0,0,5.77909E+20,5.39316E+21,1.00585E+16,4.86866E+16
54554,8.17092E+18,8,1,28,126,2017,9,16,7,2,8,1,0,0,0,1,0,0,0,5.65049E+20,5.47994E+21,9.89781E+15,4.94687E+16
54555,8.17092E+18,8,2,21,0,2017,9,22,3,3,2,2,0,1,0,0,0,2,0,4.7731E+20,5.46962E+21,8.6874E+15,4.93788E+16
54556,8.17092E+18,8,1,27,43,2017,9,20,7,3,5,3,0,1,0,0,0,2,0,5.70047E+20,5.44563E+21,9.96075E+15,4.91595E+16
54557,8.17092E+18,8,2,21,0,2017,9,6,3,3,4,6,0,1,0,0,1,1,1,4.8078E+20,5.4741E+21,8.735E+15,4.94193E+16
54558,8.17092E+18,8,1,25,102,2017,9,12,7,3,4,2,0,1,0,0,0,0,0,5.22367E+20,5.44273E+21,9.30665E+15,4.9137E+16
54559,8.17092E+18,8,2,16,15,2017,9,11,3,3,9,1,0,1,0,0,0,0,1,4.51486E+20,5.40646E+21,8.33924E+15,4.88092E+16
54560,8.17092E+18,8,3,35,75,2017,9,10,7,3,3,6,0,1,0,0,0,0,0,4.88425E+20,5.29001E+21,8.84554E+15,4.77634E+16
54561,8.17092E+18,8,1,19,38,2017,9,15,7,3,0,1,0,0,0,1,0,0,0,5.24233E+20,5.42102E+21,9.33092E+15,4.89416E+16
54562,8.17092E+18,8,1,18,76,2017,9,12,7,3,0,3,0,1,0,1,0,0,0,4.93845E+20,5.43044E+21,8.9158E+15,4.90268E+16
54563,8.17092E+18,8,2,16,7,2017,9,16,3,3,2,6,0,1,0,0,0,0,0,4.38074E+20,5.39435E+21,8.15841E+15,4.86991E+16
54564,8.17092E+18,8,4,37,31,2017,9,10,7,2,5,3,0,1,0,0,0,0,0,5.15826E+20,5.34667E+21,9.21328E+15,4.8273E+16
54565,8.17092E+18,8,1,18,60,2017,9,10,7,3,5,3,0,1,0,1,0,0,0,5.23178E+20,5.43112E+21,9.3171E+15,4.90325E+16
54566,8.17092E+18,8,2,16,43,2017,9,22,3,3,5,2,0,1,0,0,0,2,1,4.39036E+20,5.41171E+21,8.1689E+15,4.88553E+16
54567,8.17092E+18,8,3,26,5,2017,9,9,7,2,3,2,0,0,0,0,1,0,0,4.65727E+20,5.29845E+21,8.54197E+15,4.78385E+16
54568,8.17092E+18,8,1,18,63,2017,9,12,7,3,5,2,1,1,0,0,0,0,0,5.14964E+20,5.42316E+21,9.20443E+15,4.89612E+16
54569,8.17092E+18,8,2,15,29,2017,9,17,3,3,1,6,0,1,0,0,0,0,0,4.67055E+20,5.44771E+21,8.54793E+15,4.91813E+16
54570,8.17092E+18,8,1,18,18,2017,9,11,7,2,2,6,0,1,0,1,0,0,0,5.11538E+20,5.42984E+21,9.15781E+15,4.90214E+16
54571,8.17092E+18,8,1,18,79,2017,9,6,7,3,4,6,0,1,0,0,0,1,0,5.07368E+20,5.4226E+21,9.10065E+15,4.89563E+16
54572,8.17092E+18,8,1,17,17,2017,9,11,7,3,2,6,0,1,0,0,1,0,0,5.46734E+20,5.38769E+21,9.6344E+15,4.86405E+16
54573,8.17092E+18,8,4,25,11,2017,9,18,7,3,8,1,1,0,0,0,0,0,0,5.88908E+20,5.37632E+21,1.02043E+16,4.85337E+16
54574,8.17092E+18,8,1,17,43,2017,9,13,7,3,4,6,0,1,0,0,0,0,0,5.51871E+20,5.38991E+21,9.7044E+15,4.86601E+16
54575,8.17092E+18,8,1,16,49,2017,9,11,7,3,2,6,0,1,0,0,0,0,0,5.24465E+20,5.38619E+21,9.33202E+15,4.86283E+16
54576,8.17092E+18,8,1,16,71,2017,9,9,7,3,5,3,1,0,0,0,1,0,0,5.27339E+20,5.39126E+21,9.37135E+15,4.86738E+16
54577,8.17092E+18,8,1,16,19,2017,9,11,7,2,5,3,0,1,0,0,0,0,0,5.29982E+20,5.39837E+21,9.40778E+15,4.87376E+16
54578,8.17092E+18,8,1,11,0,2017,9,20,7,3,6,4,0,1,1,0,0,2,0,5.15799E+20,5.40521E+21,9.21514E+15,4.87997E+16
54579,8.17092E+18,8,1,11,0,2017,9,0,7,3,3,7,0,1,0,1,0,2,0,5.12719E+20,5.40537E+21,9.1732E+15,4.88012E+16
54580,8.17092E+18,8,1,11,0,2017,9,16,7,3,2,6,0,1,0,0,1,0,0,5.13077E+20,5.40339E+21,9.17802E+15,4.87834E+16
54581,8.17092E+18,8,4,36,10,2017,9,4,6,2,5,3,0,1,0,1,0,2,0,5.66913E+20,5.30054E+21,9.89451E+15,4.78547E+16
54582,8.17092E+18,8,4,36,64,2017,9,13,6,3,2,6,0,1,0,0,0,0,0,5.40056E+20,5.29241E+21,9.53475E+15,4.77838E+16
54583,8.17093E+18,8,2,26,10,2017,9,8,2,3,2,1,0,1,0,0,0,0,0,4.82831E+20,5.45796E+21,8.76396E+15,4.92741E+16
54584,8.17092E+18,8,3,26,27,2017,9,13,7,3,5,3,1,1,0,0,0,0,1,4.61904E+20,5.30834E+21,8.49001E+15,4.79272E+16
54585,8.17093E+18,8,3,37,62,2017,9,11,2,3,0,7,0,1,0,1,0,0,0,4.56992E+20,5.27839E+21,8.42724E+15,4.76575E+16
54586,8.17092E+18,8,2,16,43,2017,9,6,3,2,5,2,1,1,0,0,0,2,1,4.40146E+20,5.41347E+21,8.18378E+15,4.88713E+16
54587,8.17092E+18,8,3,27,51,2017,9,13,7,2,9,1,0,0,0,1,0,0,2,4.87034E+20,5.33349E+21,8.82567E+15,4.81546E+16
54588,8.17093E+18,8,4,36,6,2017,9,16,2,3,2,2,0,1,0,0,0,0,0,5.5812E+20,5.28305E+21,9.77464E+15,4.76982E+16
54589,8.17092E+18,8,2,16,63,2017,9,15,3,2,5,3,0,1,0,0,0,0,0,4.31815E+20,5.40104E+21,8.07224E+15,4.87586E+16
54590,8.17092E+18,8,3,17,65,2017,9,9,7,3,0,1,1,0,0,0,0,0,0,4.11594E+20,5.35246E+21,7.80747E+15,4.83192E+16
54591,8.17093E+18,8,1,18,12,2017,9,20,3,1,5,3,0,1,0,0,1,2,0,5.00537E+20,5.41547E+21,9.00733E+15,4.88922E+16
54592,8.17092E+18,8,1,11,0,2017,9,6,3,3,2,6,0,1,0,0,0,1,0,5.09399E+20,5.39507E+21,9.12776E+15,4.87086E+16
54593,8.17092E+18,8,1,36,65,2017,9,17,3,3,2,1,0,1,0,0,1,0,0,5.5918E+20,5.40585E+21,9.80594E+15,4.88028E+16
54594,8.17092E+18,8,1,36,42,2017,9,13,3,3,2,6,0,1,0,0,0,0,0,5.50898E+20,5.40454E+21,9.69299E+15,4.87917E+16
54595,8.17092E+18,8,4,36,10,2017,9,19,6,2,5,3,0,1,0,0,1,2,0,5.62268E+20,5.30483E+21,9.83304E+15,4.78938E+16
54596,8.17092E+18,8,4,35,34,2017,9,14,6,3,0,1,1,0,0,0,0,0,0,5.25503E+20,5.28295E+21,9.33991E+15,4.76995E+16
54597,8.17092E+18,8,1,36,10,2017,9,16,3,3,2,6,0,1,0,0,0,0,0,5.99651E+20,5.41249E+21,1.03586E+16,4.88573E+16
54598,8.17092E+18,8,3,17,121,2017,9,14,7,2,8,1,0,0,0,1,0,0,0,4.22592E+20,5.34662E+21,7.95688E+15,4.82681E+16
54599,8.17092E+18,8,4,35,59,2017,9,15,6,3,2,6,0,1,0,0,0,0,0,5.11993E+20,5.29194E+21,9.1601E+15,4.77807E+16
54600,8.17092E+18,8,1,36,88,2017,9,16,3,3,2,6,0,1,0,0,0,0,1,5.82627E+20,5.40712E+21,1.01254E+16,4.88116E+16
54601,8.17092E+18,8,3,16,17,2017,9,12,7,2,4,1,0,0,0,1,1,0,0,4.16666E+20,5.3402E+21,7.8783E+15,4.82095E+16
54602,8.17092E+18,8,4,35,16,2017,9,13,6,3,2,6,0,1,0,0,0,0,0,5.31161E+20,5.28179E+21,9.41524E+15,4.76887E+16
54603,8.17092E+18,8,1,35,26,2017,9,16,3,2,2,6,0,1,0,0,0,0,1,5.87921E+20,5.39417E+21,1.01948E+16,4.86944E+16
54604,8.17092E+18,8,4,25,20,2017,9,14,6,3,4,6,0,1,0,0,1,0,0,5.61956E+20,5.36312E+21,9.83736E+15,4.84182E+16
54605,8.17092E+18,8,4,16,22,2017,9,18,6,3,5,2,0,1,0,1,0,0,0,5.10299E+20,5.37531E+21,9.13951E+15,4.85308E+16
54606,8.17092E+18,8,4,15,60,2017,9,7,6,3,9,1,0,1,0,0,0,0,0,5.1265E+20,5.37777E+21,9.17141E+15,4.85529E+16
54607,8.17092E+18,8,4,15,92,2017,9,11,6,1,2,6,0,1,0,0,1,0,0,5.18713E+20,5.36519E+21,9.25302E+15,4.84396E+16
54608,8.17092E+18,8,3,26,3,2017,9,16,6,2,8,1,0,1,0,0,0,0,0,4.71725E+20,5.31268E+21,8.6212E+15,4.79668E+16
54609,8.17092E+18,8,3,16,43,2017,9,18,6,2,2,6,0,1,0,0,0,0,0,4.09126E+20,5.33168E+21,7.77865E+15,4.81319E+16
54610,8.17092E+18,8,3,15,64,2017,9,6,6,2,5,3,0,1,0,1,0,2,0,4.20934E+20,5.31518E+21,7.94036E+15,4.79851E+16
54611,8.17092E+18,8,3,37,13,2017,9,13,6,2,4,2,0,0,0,1,1,0,0,4.30859E+20,5.29367E+21,8.07681E+15,4.77927E+16
54612,8.17092E+18,8,3,36,8,2017,9,15,6,3,2,6,0,1,0,0,0,0,0,3.9826E+20,5.27656E+21,7.64563E+15,4.76344E+16
54613,8.17092E+18,8,3,36,103,2017,9,12,6,3,2,6,0,1,0,0,0,0,0,4.13184E+20,5.28276E+21,7.84303E+15,4.76924E+16
54614,8.17092E+18,8,3,36,79,2017,9,18,6,3,5,3,0,1,0,1,0,0,0,4.17236E+20,5.29307E+21,7.89505E+15,4.77857E+16
54615,8.17092E+18,8,3,36,81,2017,9,14,6,3,1,6,0,0,0,1,1,0,0,4.13329E+20,5.28116E+21,7.84528E+15,4.7678E+16
54616,8.17093E+18,8,2,36,43,2017,9,12,2,3,0,6,0,1,0,0,1,0,0,4.68378E+20,5.4119E+21,8.56888E+15,4.88592E+16
54617,8.17092E+18,8,2,26,10,2017,9,16,7,3,2,6,0,1,0,0,0,0,0,4.82553E+20,5.45809E+21,8.76013E+15,4.92753E+16