OBJECTID,UIDENTSTLA,ULAND,UREGBEZ,UKREIS,UGEMEINDE,UJAHR,UMONAT,USTUNDE,UWOCHENTAG,UKATEGORIE,UART,UTYP1,IstRad,IstPKW,IstFuss,IstKrad,IstSonstig,LICHT,STRZUSTAND,LINREFX,LINREFY,XGCSWGS84,YGCSWGS84
54618,8.17093E+18,8,3,35,63,2017,9,19,2,3,0,7,0,0,0,1,0,2,0,4.98756E+20,5.28825E+21,8.98341E+15,4.77476E+16
54619,8.17092E+18,8,1,35,19,2017,9,8,3,3,5,3,1,1,0,0,0,0,0,5.8554E+20,5.39113E+21,1.01618E+16,4.86674E+16
54620,8.17092E+18,8,2,26,95,2017,9,12,7,2,2,7,0,1,0,0,1,0,0,4.71639E+20,5.45933E+21,8.61001E+15,4.92861E+16
54621,8.17093E+18,8,4,26,120,2017,9,16,2,3,8,7,0,0,0,1,0,0,1,5.63855E+20,5.32116E+21,9.85669E+15,4.80405E+16
54622,8.17092E+18,8,1,27,8,2017,9,18,3,3,5,3,0,1,0,0,0,0,0,5.69852E+20,5.45823E+21,9.96027E+15,4.92728E+16
54623,8.17092E+18,8,3,35,79,2017,9,7,6,3,5,3,0,1,0,0,1,0,0,5.00775E+20,5.30021E+21,9.01036E+15,4.78552E+16
54624,8.17093E+18,8,2,35,7,2017,9,7,2,2,0,7,1,0,0,0,0,1,0,4.83626E+20,5.39624E+21,8.77738E+15,4.8719E+16
54625,8.17092E+18,8,2,26,85,2017,9,9,7,3,2,6,0,1,0,0,0,0,0,4.89333E+20,5.45528E+21,8.85343E+15,4.92502E+16
54626,8.17093E+18,8,3,35,75,2017,9,17,2,3,2,6,0,1,0,0,0,0,0,4.88595E+20,5.29009E+21,8.8478E+15,4.77641E+16
54627,8.17092E+18,8,1,27,9,2017,9,1,3,2,8,1,0,1,0,0,0,2,0,5.58655E+20,5.44523E+21,9.80446E+15,4.91571E+16
54628,8.17092E+18,8,2,26,85,2017,9,15,7,2,2,6,0,1,0,0,0,0,0,4.87236E+20,5.45615E+21,8.82458E+15,4.9258E+16
54629,8.17093E+18,8,4,37,53,2017,9,16,2,2,5,2,0,0,0,1,1,0,0,5.28644E+20,5.32054E+21,9.38427E+15,4.80375E+16
54630,8.17092E+18,8,1,27,100,2017,9,7,3,3,0,1,0,0,0,0,1,0,0,5.51738E+20,5.43523E+21,9.70833E+15,4.90678E+16
54631,8.17092E+18,8,2,15,103,2017,9,12,7,3,2,6,0,1,0,0,0,0,0,4.67659E+20,5.44337E+21,8.55658E+15,4.91423E+16
54632,8.17093E+18,8,1,15,21,2017,9,16,3,3,0,3,0,0,0,1,0,0,0,4.92064E+20,5.38057E+21,8.89241E+15,4.85781E+16
54633,8.17092E+18,8,1,26,11,2017,9,15,3,3,1,6,0,1,0,0,0,0,0,5.32101E+20,5.44725E+21,9.44044E+15,4.91772E+16
54634,8.17092E+18,8,2,35,65,2017,9,13,7,3,5,3,1,0,0,0,1,0,1,4.73292E+20,5.4051E+21,8.63632E+15,4.87983E+16
54635,8.17093E+18,8,1,21,0,2017,9,5,3,3,3,6,0,1,0,0,1,2,0,5.1624E+20,5.44138E+21,9.22259E+15,4.9125E+16
54636,8.17092E+18,8,1,25,110,2017,9,15,3,3,2,6,0,1,0,0,0,0,0,5.26096E+20,5.44273E+21,9.35776E+15,4.91368E+16
54637,8.17092E+18,8,1,25,110,2017,9,17,3,3,2,6,0,1,0,0,0,0,0,5.27831E+20,5.44267E+21,9.38154E+15,4.91363E+16
54638,8.17092E+18,8,1,19,68,2017,9,16,3,3,2,6,0,1,0,0,1,0,0,5.26528E+20,5.41215E+21,9.36168E+15,4.88618E+16
54639,8.17092E+18,8,1,19,91,2017,9,15,3,3,2,6,0,1,0,0,0,0,0,5.25528E+20,5.40627E+21,9.34769E+15,4.88089E+16
54640,8.17092E+18,8,1,18,73,2017,9,7,3,3,2,6,0,1,0,1,0,1,1,4.96085E+20,5.42107E+21,8.94653E+15,4.89426E+16
54641,8.17092E+18,8,2,31,0,2017,9,7,7,3,4,2,0,1,0,0,0,0,0,4.78326E+20,5.41497E+21,8.70434E+15,4.88873E+16
54642,8.17092E+18,8,1,18,48,2017,9,17,3,2,2,6,0,1,0,1,0,0,0,5.14231E+20,5.41562E+21,9.19415E+15,4.88933E+16
54643,8.17092E+18,8,3,35,79,2017,9,15,6,3,5,3,0,1,0,0,0,0,0,4.9916E+20,5.29818E+21,8.98878E+15,4.7837E+16
54644,8.17092E+18,8,3,35,66,2017,9,10,6,3,1,5,0,1,0,1,0,0,0,5.04898E+20,5.28249E+21,9.06528E+15,4.76958E+16
54645,8.17092E+18,8,3,27,50,2017,9,14,6,3,8,1,0,0,0,1,0,0,0,4.89489E+20,5.31408E+21,8.85914E+15,4.798E+16
54646,8.17092E+18,8,4,17,71,2017,9,9,6,2,8,1,0,1,0,0,0,0,0,4.82576E+20,5.3366E+21,8.7656E+15,4.81824E+16
54647,8.17092E+18,8,3,27,49,2017,9,9,6,2,2,6,0,1,0,0,0,0,0,4.7089E+20,5.32396E+21,8.60924E+15,4.80683E+16
54648,8.17092E+18,8,3,25,60,2017,9,16,6,2,4,2,0,1,0,1,0,0,0,4.68927E+20,5.33865E+21,8.58183E+15,4.82003E+16
54649,8.17092E+18,8,3,17,40,2017,9,12,6,3,5,3,0,0,0,1,1,0,0,4.31441E+20,5.34865E+21,8.07577E+15,4.82873E+16
54650,8.17092E+18,8,3,17,57,2017,9,14,6,3,2,7,0,1,0,0,0,0,0,4.14518E+20,5.38229E+21,7.84082E+15,4.85879E+16
54651,8.17092E+18,8,3,17,57,2017,9,14,6,3,2,2,0,1,0,0,0,0,0,4.1452E+20,5.38229E+21,7.84085E+15,4.85879E+16
54652,8.17092E+18,8,3,11,0,2017,9,17,6,2,4,6,0,1,0,1,0,0,0,4.1648E+20,5.30932E+21,7.88183E+15,4.79317E+16
54653,8.17092E+18,8,2,31,0,2017,9,15,6,3,2,6,0,1,0,0,0,0,0,4.77254E+20,5.41739E+21,8.68958E+15,4.89091E+16
54654,8.17092E+18,8,2,21,0,2017,9,13,6,3,2,6,0,1,0,0,0,0,0,4.73701E+20,5.4722E+21,8.63752E+15,4.94019E+16
54655,8.17092E+18,8,2,15,9,2017,9,7,6,2,6,4,0,1,1,0,0,0,0,4.69608E+20,5.44108E+21,8.58346E+15,4.91218E+16
54656,8.17093E+18,8,3,11,0,2017,9,14,2,3,1,1,0,1,0,0,1,0,0,4.1488E+20,5.31572E+21,7.85914E+15,4.79891E+16
54657,8.17092E+18,8,2,15,46,2017,9,13,6,3,2,6,0,1,0,0,1,0,0,4.48281E+20,5.41548E+21,8.29444E+15,4.88901E+16
54658,8.17092E+18,8,2,31,0,2017,9,10,6,3,1,6,0,1,0,0,1,0,0,4.81904E+20,5.41747E+21,8.75304E+15,4.89099E+16
54659,8.17092E+18,8,2,36,40,2017,9,18,6,3,2,6,0,1,0,1,0,0,0,4.90392E+20,5.42194E+21,8.86877E+15,4.89503E+16
54660,8.17092E+18,8,2,26,82,2017,9,11,6,3,5,2,1,1,0,0,0,0,0,4.75493E+20,5.48041E+21,8.6617E+15,4.94758E+16
54661,8.17092E+18,8,2,26,102,2017,9,17,6,3,2,6,0,1,0,0,0,0,0,4.84993E+20,5.45172E+21,8.79392E+15,4.92181E+16
54662,8.17093E+18,8,3,16,38,2017,9,17,2,2,4,2,1,1,0,0,0,0,0,3.96548E+20,5.33145E+21,7.60971E+15,4.81278E+16
54663,8.17092E+18,8,1,17,26,2017,9,14,3,3,2,6,0,1,0,0,0,0,1,5.47993E+20,5.39677E+21,9.65254E+15,4.87221E+16
54664,8.17092E+18,8,2,36,40,2017,9,8,7,2,1,6,0,1,0,0,0,0,0,4.89755E+20,5.42417E+21,8.86001E+15,4.89704E+16
54665,8.17093E+18,8,3,11,0,2017,9,9,2,3,5,3,0,1,0,0,1,0,0,4.1152E+20,5.32409E+21,7.81239E+15,4.80639E+16
54666,8.17092E+18,8,1,16,78,2017,9,13,3,3,2,6,0,1,0,0,0,0,0,5.12332E+20,5.3931E+21,9.16756E+15,4.86908E+16
54667,8.17092E+18,8,2,26,82,2017,9,13,7,3,2,6,0,1,0,0,0,0,0,4.75126E+20,5.48248E+21,8.65651E+15,4.94944E+16
54668,8.17093E+18,8,4,37,8,2017,9,9,2,3,8,1,0,1,0,0,0,0,0,5.19315E+20,5.328E+21,9.25945E+15,4.81049E+16
54669,8.17092E+18,8,1,16,33,2017,9,10,3,3,5,3,0,1,0,0,0,0,0,5.32333E+20,5.38887E+21,9.43901E+15,4.86521E+16
54670,8.17092E+18,8,1,16,56,2017,9,15,3,2,2,6,0,1,0,0,0,0,1,5.34649E+20,5.395E+21,9.47096E+15,4.8707E+16
54671,8.17092E+18,8,1,11,0,2017,9,8,3,3,5,3,1,1,0,0,0,0,1,5.19135E+20,5.40102E+21,9.26037E+15,4.87619E+16
54672,8.17092E+18,8,1,11,0,2017,9,6,3,3,5,3,1,1,0,0,0,2,0,5.0779E+20,5.40748E+21,9.10613E+15,4.88203E+16
54673,8.17092E+18,8,1,11,0,2017,9,10,3,3,3,6,0,1,0,0,1,0,1,5.12173E+20,5.40899E+21,9.16588E+15,4.88337E+16
54674,8.17092E+18,8,4,36,49,2017,9,20,2,3,4,2,0,1,0,1,0,2,0,5.79163E+20,5.28207E+21,1.00549E+16,4.76872E+16
54675,8.17092E+18,8,2,25,117,2017,9,7,6,3,8,1,0,0,0,1,0,0,0,5.17144E+20,5.4749E+21,9.23642E+15,4.94265E+16
54676,8.17092E+18,8,2,22,0,2017,9,21,6,3,2,6,0,1,0,0,0,2,0,4.61272E+20,5.48395E+21,8.46506E+15,4.9507E+16
54677,8.17092E+18,8,2,22,0,2017,9,14,6,2,2,6,0,0,0,1,0,0,0,4.64596E+20,5.47703E+21,8.51159E+15,4.94449E+16
54678,8.17092E+18,8,2,12,0,2017,9,7,6,3,2,6,0,1,0,0,1,0,0,4.60075E+20,5.43147E+21,8.45377E+15,4.90349E+16
54679,8.17092E+18,8,2,15,108,2017,9,16,6,3,4,6,1,0,0,0,0,0,0,4.51191E+20,5.42615E+21,8.33286E+15,4.89863E+16
54680,8.17092E+18,8,2,12,0,2017,9,14,6,3,2,6,0,1,0,0,0,0,0,4.51489E+20,5.4305E+21,8.33642E+15,4.90255E+16
54681,8.17092E+18,8,2,11,0,2017,9,12,6,3,1,6,0,1,0,1,0,0,0,4.40783E+20,5.40354E+21,8.1939E+15,4.8782E+16
54682,8.17092E+18,8,2,16,49,2017,9,16,6,3,5,3,0,1,0,1,0,0,0,4.39063E+20,5.40189E+21,8.17073E+15,4.8767E+16
54683,8.17092E+18,8,1,25,46,2017,9,15,6,3,3,6,0,1,0,0,0,0,0,5.19141E+20,5.43227E+21,9.26192E+15,4.9043E+16
54684,8.17092E+18,8,1,25,69,2017,9,17,6,3,2,6,0,1,0,0,1,0,0,5.25078E+20,5.45088E+21,9.34432E+15,4.92102E+16
54685,8.17092E+18,8,1,15,29,2017,9,10,6,3,2,6,0,1,0,0,1,0,0,5.02508E+20,5.39951E+21,9.03411E+15,4.87486E+16
54686,8.17092E+18,8,4,36,8,2017,9,15,2,3,5,3,0,1,0,0,0,0,0,5.4746E+20,5.31085E+21,9.63561E+15,4.79492E+16
54687,8.17092E+18,8,2,26,85,2017,9,10,7,3,1,6,0,1,0,0,0,0,0,4.89401E+20,5.45502E+21,8.85437E+15,4.92478E+16
54688,8.17092E+18,8,1,18,54,2017,9,23,6,1,6,4,0,1,1,0,0,2,0,5.18122E+20,5.4227E+21,9.24755E+15,4.89569E+16
54689,8.17092E+18,8,4,35,52,2017,9,15,2,3,1,6,0,0,0,0,1,0,0,5.18764E+20,5.29104E+21,9.25045E+15,4.77725E+16
54690,8.17092E+18,8,2,26,84,2017,9,14,7,3,2,6,0,1,0,0,0,0,0,4.6747E+20,5.46794E+21,8.55199E+15,4.93633E+16
54691,8.17092E+18,8,1,15,29,2017,9,15,6,3,2,6,0,1,0,0,0,0,0,5.02525E+20,5.39951E+21,9.03435E+15,4.87486E+16
54692,8.17092E+18,8,1,15,45,2017,9,20,6,2,2,6,0,1,0,0,1,2,0,5.04379E+20,5.39652E+21,9.05954E+15,4.87217E+16
54693,8.17092E+18,8,1,36,2,2017,9,16,6,2,8,1,0,0,0,1,0,0,0,5.69194E+20,5.41821E+21,9.94438E+15,4.89129E+16
54694,8.17092E+18,8,1,36,33,2017,9,17,6,3,5,2,1,1,0,0,0,0,0,5.80505E+20,5.41569E+21,1.00982E+16,4.88889E+16
54695,8.17092E+18,8,1,28,115,2017,9,19,6,2,5,3,0,1,0,1,0,1,0,5.47482E+20,5.49788E+21,9.65753E+15,4.96316E+16
54696,8.17092E+18,8,1,27,14,2017,9,23,6,3,8,1,0,1,0,0,0,2,0,5.77565E+20,5.44294E+21,1.00633E+16,4.91343E+16
54697,8.17092E+18,8,1,26,39,2017,9,8,6,3,8,1,0,1,0,0,0,0,0,5.4756E+20,5.46541E+21,9.6547E+15,4.93396E+16
54698,8.17092E+18,8,1,25,6,2017,9,2,6,2,3,1,0,1,0,0,1,2,0,5.02873E+20,5.45121E+21,9.03945E+15,4.92136E+16
54699,8.17092E+18,8,1,26,60,2017,9,13,6,2,0,7,0,1,1,0,0,0,0,5.45015E+20,5.46036E+21,9.6191E+15,4.92943E+16
54700,8.17092E+18,8,1,25,81,2017,9,13,6,2,9,1,0,0,0,1,0,0,0,4.97969E+20,5.43419E+21,8.97219E+15,4.90605E+16
54701,8.17092E+18,8,1,25,107,2017,9,13,6,3,9,1,0,0,0,1,0,0,0,5.33715E+20,5.43682E+21,9.46172E+15,4.90833E+16
54702,8.17092E+18,8,1,21,0,2017,9,1,6,2,8,7,0,1,0,0,0,2,0,5.10939E+20,5.44891E+21,9.15014E+15,4.91929E+16
54703,8.17093E+18,8,2,15,46,2017,9,16,2,3,4,6,0,1,0,0,1,0,0,4.52777E+20,5.41918E+21,8.35535E+15,4.89238E+16
54704,8.17092E+18,8,1,18,21,2017,9,15,6,3,4,6,0,1,0,0,0,0,0,5.22315E+20,5.4265E+21,9.30504E+15,4.8991E+16
54705,8.17092E+18,8,2,25,1,2017,9,13,7,3,5,2,0,1,0,1,0,0,0,5.29765E+20,5.47405E+21,9.41039E+15,4.94184E+16
54706,8.17093E+18,8,3,35,75,2017,9,15,2,3,5,2,0,1,0,1,0,0,0,4.88141E+20,5.28995E+21,8.84175E+15,4.77628E+16
54707,8.17092E+18,8,4,35,57,2017,9,11,2,3,8,1,0,0,0,1,0,0,1,5.47091E+20,5.27991E+21,9.62731E+15,4.76709E+16
54708,8.17092E+18,8,4,17,2,2017,9,16,2,3,2,6,0,1,0,0,0,0,0,4.88971E+20,5.3461E+21,8.85137E+15,4.8268E+16
54709,8.17092E+18,8,4,16,31,2017,9,6,2,3,2,6,0,1,0,0,1,1,1,5.02196E+20,5.36195E+21,9.02967E+15,4.84107E+16
54710,8.17092E+18,8,4,16,41,2017,9,7,2,2,0,7,0,0,0,0,1,0,0,5.01682E+20,5.37518E+21,9.02279E+15,4.85297E+16
54711,8.17092E+18,8,4,15,91,2017,9,16,2,3,4,2,0,1,0,0,0,0,0,5.1465E+20,5.36179E+21,9.19796E+15,4.84091E+16
54712,8.17092E+18,8,4,15,61,2017,9,7,2,2,5,3,1,1,0,0,0,0,1,5.16537E+20,5.37017E+21,9.22379E+15,4.84845E+16
54713,8.17092E+18,8,1,18,19,2017,9,17,6,2,6,4,0,0,1,1,0,0,0,5.0485E+20,5.40528E+21,9.06605E+15,4.88005E+16
54714,8.17092E+18,8,1,17,26,2017,9,11,6,3,3,6,0,1,0,0,1,0,0,5.47686E+20,5.39445E+21,9.64809E+15,4.87012E+16
54715,8.17092E+18,8,1,17,24,2017,9,19,6,3,5,3,1,1,0,0,0,1,0,5.6135E+20,5.38598E+21,9.83253E+15,4.86239E+16
54716,8.17092E+18,8,3,36,91,2017,9,7,2,3,2,6,0,1,0,0,1,0,1,3.92624E+20,5.27634E+21,7.57069E+15,4.76315E+16
54717,8.17092E+18,8,2,25,114,2017,9,13,7,2,8,1,0,0,0,1,0,0,0,5.39077E+20,5.47202E+21,9.53858E+15,4.93996E+16
54718,8.17092E+18,8,1,17,15,2017,9,16,6,3,5,3,1,1,0,0,0,0,0,5.59719E+20,5.39286E+21,9.81139E+15,4.86859E+16
54719,8.17092E+18,8,1,17,23,2017,9,18,6,2,3,2,0,1,0,1,0,0,0,5.47865E+20,5.38818E+21,9.6498E+15,4.86448E+16
54720,8.17092E+18,8,3,37,65,2017,9,11,2,3,2,6,0,1,0,0,0,0,0,4.4795E+20,5.2754E+21,8.30718E+15,4.76299E+16
54721,8.17092E+18,8,3,36,69,2017,9,18,2,3,6,7,1,0,1,0,0,1,0,4.07907E+20,5.26745E+21,7.77595E+15,4.7554E+16
54722,8.17092E+18,8,3,35,100,2017,9,16,2,3,8,1,0,0,0,1,0,0,0,4.86754E+20,5.28726E+21,8.82332E+15,4.77386E+16
54723,8.17092E+18,8,3,27,50,2017,9,12,2,2,5,3,1,1,0,0,0,0,0,4.87217E+20,5.31615E+21,8.82864E+15,4.79985E+16
54724,8.17092E+18,8,2,25,14,2017,9,13,7,2,2,6,0,1,0,0,0,0,0,5.23289E+20,5.48477E+21,9.32174E+15,4.95151E+16
54725,8.17092E+18,8,3,25,53,2017,9,15,2,3,6,4,0,1,1,0,0,0,0,4.54157E+20,5.34223E+21,8.38268E+15,4.82316E+16
54726,8.17092E+18,8,2,26,9,2017,9,15,7,2,3,6,0,1,0,1,0,0,0,4.66554E+20,5.47292E+21,8.53895E+15,4.94081E+16
54727,8.17092E+18,8,1,16,77,2017,9,13,6,3,2,6,0,1,0,0,0,0,0,5.14915E+20,5.38994E+21,9.20255E+15,4.86623E+16
54728,8.17092E+18,8,1,15,29,2017,9,21,6,3,5,3,0,1,0,0,0,2,0,4.96211E+20,5.3989E+21,8.94846E+15,4.87431E+16
54729,8.17092E+18,8,1,11,0,2017,9,18,6,3,5,3,1,1,0,0,0,0,0,5.13354E+20,5.40448E+21,9.18183E+15,4.87932E+16
54730,8.17092E+18,8,1,11,0,2017,9,19,6,3,5,3,0,1,0,1,0,2,0,5.17152E+20,5.40592E+21,9.2336E+15,4.88061E+16
54731,8.17092E+18,8,4,37,65,2017,9,14,5,3,2,2,0,1,0,0,0,0,0,5.19176E+20,5.3189E+21,9.25718E+15,4.80231E+16
54732,8.17092E+18,8,4,37,100,2017,9,14,5,3,5,3,1,1,0,0,0,0,0,5.37308E+20,5.31807E+21,9.50028E+15,4.80148E+16
54733,8.17092E+18,8,4,36,81,2017,9,11,5,2,5,3,0,1,0,0,1,0,0,5.62968E+20,5.28145E+21,9.83901E+15,4.76834E+16
54734,8.17092E+18,8,4,36,10,2017,9,17,5,3,2,6,0,1,0,0,0,0,0,5.67105E+20,5.30497E+21,9.89776E+15,4.78945E+16
54735,8.17092E+18,8,4,35,35,2017,9,12,5,3,5,3,1,1,0,0,0,0,0,5.4179E+20,5.28155E+21,9.55685E+15,4.7686E+16
54736,8.17092E+18,8,4,35,35,2017,9,16,5,3,2,6,0,1,0,0,0,0,0,5.42001E+20,5.28317E+21,9.55982E+15,4.77006E+16
54737,8.17092E+18,8,4,26,19,2017,9,6,5,3,0,7,0,1,0,1,0,0,0,5.80645E+20,5.32166E+21,1.0082E+16,4.80432E+16
54738,8.17092E+18,8,2,26,95,2017,9,21,7,2,4,6,0,1,0,0,0,2,0,4.73579E+20,5.46057E+21,8.6366E+15,4.92973E+16
54739,8.17093E+18,8,1,25,6,2017,9,8,3,1,5,3,0,1,0,0,1,0,0,5.05591E+20,5.454E+21,9.07681E+15,4.92388E+16
54740,8.17092E+18,8,3,25,69,2017,9,17,2,3,2,6,0,1,0,1,0,0,0,4.69539E+20,5.33502E+21,8.59032E+15,4.81677E+16
54741,8.17092E+18,8,3,15,6,2017,9,7,2,3,5,2,0,1,0,1,0,1,0,4.03973E+20,5.30644E+21,7.71506E+15,4.79041E+16
54742,8.17092E+18,8,3,36,91,2017,9,18,2,3,6,4,0,0,1,0,1,0,0,3.94232E+20,5.2716E+21,7.59324E+15,4.75892E+16
54743,8.17092E+18,8,2,12,0,2017,9,17,2,2,2,6,1,0,0,0,0,0,0,4.59505E+20,5.428E+21,8.44631E+15,4.90036E+16
54744,8.17092E+18,8,2,15,96,2017,9,7,2,2,5,3,0,1,0,1,0,0,0,4.63316E+20,5.41213E+21,8.49985E+15,4.8861E+16
54745,8.17092E+18,8,2,15,99,2017,9,17,7,3,2,6,0,1,0,0,0,0,0,4.62003E+20,5.44875E+21,8.47852E+15,4.91904E+16
54746,8.17093E+18,8,3,17,31,2017,9,16,2,3,2,2,0,1,0,0,0,0,0,4.15316E+20,5.35945E+21,7.85627E+15,4.83825E+16
54747,8.17092E+18,8,2,37,40,2017,9,10,2,3,2,2,0,1,0,0,0,0,1,4.76519E+20,5.36733E+21,8.6824E+15,4.84587E+16
54748,8.17092E+18,8,2,15,7,2017,9,16,7,3,1,6,0,1,0,0,0,0,1,4.78505E+20,5.43106E+21,8.70594E+15,4.90321E+16
54749,8.17093E+18,8,4,21,0,2017,9,13,2,3,5,3,0,1,0,0,1,0,0,5.7239E+20,5.36528E+21,9.97873E+15,4.84365E+16
54750,8.17092E+18,8,2,36,72,2017,9,6,2,2,6,4,0,0,1,1,0,1,0,4.66318E+20,5.41369E+21,8.54064E+15,4.88752E+16
54751,8.17092E+18,8,2,36,28,2017,9,18,2,3,6,4,1,0,1,0,0,0,0,4.93966E+20,5.42235E+21,8.91758E+15,4.8954E+16
54752,8.17092E+18,8,2,26,85,2017,9,7,2,3,2,6,0,1,0,0,0,0,0,4.90216E+20,5.45599E+21,8.86554E+15,4.92566E+16
54753,8.17092E+18,8,2,26,84,2017,9,15,2,3,8,1,0,0,0,1,0,0,0,4.67256E+20,5.46605E+21,8.5492E+15,4.93463E+16
54754,8.17092E+18,8,2,25,64,2017,9,15,2,3,8,1,0,1,0,0,0,0,0,5.05276E+20,5.47141E+21,9.07271E+15,4.93953E+16
54755,8.17092E+18,8,2,22,0,2017,9,12,2,3,1,6,0,1,0,1,0,0,0,4.62049E+20,5.48166E+21,8.47601E+15,4.94864E+16
54756,8.17092E+18,8,4,26,21,2017,9,16,5,3,2,6,0,1,0,0,0,0,0,5.60007E+20,5.33055E+21,9.80639E+15,4.81254E+16
54757,8.17092E+18,8,4,15,93,2017,9,20,5,1,5,3,0,1,0,1,0,2,0,5.23548E+20,5.3651E+21,9.31838E+15,4.84386E+16
54758,8.17092E+18,8,2,22,0,2017,9,6,2,3,5,3,0,1,0,0,0,1,0,4.61545E+20,5.48425E+21,8.46881E+15,4.95097E+16
54759,8.17092E+18,8,4,15,85,2017,9,19,5,2,9,1,0,1,0,1,0,1,0,5.33123E+20,5.34201E+21,9.44602E+15,4.82305E+16
54760,8.17092E+18,8,4,15,61,2017,9,10,5,3,3,6,0,1,0,0,1,0,0,5.16246E+20,5.3722E+21,9.21993E+15,4.85027E+16
54761,8.17092E+18,8,4,15,78,2017,9,18,5,2,0,1,0,0,0,1,0,0,0,5.34081E+20,5.36491E+21,9.46078E+15,4.84365E+16
54762,8.17092E+18,8,4,15,50,2017,9,16,5,3,5,3,0,1,0,1,0,0,0,5.22116E+20,5.37675E+21,9.29964E+15,4.85434E+16
54763,8.17092E+18,8,3,36,45,2017,9,7,5,3,6,4,0,1,1,0,0,0,0,3.99899E+20,5.28534E+21,7.66545E+15,4.77137E+16
54764,8.17092E+18,8,3,35,81,2017,9,16,5,3,6,4,0,1,1,0,0,0,0,4.89987E+20,5.2964E+21,8.86623E+15,4.78208E+16
54765,8.17092E+18,8,4,36,39,2017,9,7,5,3,5,3,1,0,0,0,1,0,0,5.49573E+20,5.28853E+21,9.66134E+15,4.77482E+16
54766,8.17092E+18,8,3,26,74,2017,9,16,5,3,2,6,0,1,0,0,0,0,0,4.62801E+20,5.32335E+21,8.50072E+15,4.80623E+16
54767,8.17092E+18,8,3,26,74,2017,9,23,5,3,0,7,0,1,0,0,0,2,0,4.59558E+20,5.32414E+21,8.45712E+15,4.80693E+16
54768,8.17092E+18,8,3,25,50,2017,9,17,5,3,8,1,0,0,0,1,0,0,0,4.54727E+20,5.35198E+21,8.3893E+15,4.83194E+16
54769,8.17092E+18,8,3,25,45,2017,9,14,5,3,5,3,0,1,0,0,0,0,0,4.65889E+20,5.34765E+21,8.54022E+15,4.82812E+16
54770,8.17092E+18,8,3,26,3,2017,9,8,5,2,1,6,0,0,0,0,1,0,1,4.71723E+20,5.31213E+21,8.6212E+15,4.79619E+16
54771,8.17092E+18,8,4,17,44,2017,9,10,5,2,5,3,0,1,0,0,0,0,0,4.90503E+20,5.33854E+21,8.87219E+15,4.82E+16
54772,8.17092E+18,8,3,17,96,2017,9,18,5,3,2,6,0,1,0,0,0,0,0,4.2101E+20,5.36735E+21,7.93167E+15,4.84543E+16
54773,8.17092E+18,8,3,17,26,2017,9,14,5,3,5,3,1,1,0,0,0,0,0,4.10884E+20,5.34634E+21,7.79919E+15,4.8264E+16
54774,8.17092E+18,8,3,17,57,2017,9,21,5,3,1,7,0,1,0,0,0,2,0,4.16734E+20,5.38383E+21,7.87056E+15,4.8602E+16
54775,8.17092E+18,8,3,17,73,2017,9,12,5,2,2,6,0,0,0,0,1,0,0,4.10306E+20,5.35338E+21,7.78991E+15,4.83272E+16
54776,8.17092E+18,8,3,17,73,2017,9,14,5,2,9,7,0,1,0,0,0,0,0,4.1175E+20,5.34917E+21,7.81027E+15,4.82896E+16
54777,8.17093E+18,8,1,11,0,2017,9,10,3,3,2,6,0,1,0,0,0,0,0,5.09215E+20,5.3974E+21,9.12531E+15,4.87295E+16
54778,8.17092E+18,8,2,21,0,2017,9,14,2,3,6,4,0,0,1,0,1,0,0,4.76733E+20,5.4721E+21,8.67931E+15,4.94012E+16
54779,8.17093E+18,8,1,18,53,2017,9,16,3,3,2,6,0,1,0,0,1,0,0,5.1661E+20,5.42792E+21,9.22711E+15,4.90039E+16
54780,8.17092E+18,8,3,15,76,2017,9,16,5,2,5,3,0,1,0,0,0,0,0,3.92988E+20,5.2973E+21,7.57039E+15,4.78202E+16
54781,8.17092E+18,8,3,15,109,2017,9,6,5,3,4,6,1,0,0,1,0,0,0,4.22676E+20,5.31337E+21,7.96404E+15,4.79689E+16
54782,8.17092E+18,8,2,26,103,2017,9,11,5,3,1,6,0,1,0,0,0,0,0,4.72414E+20,5.45876E+21,8.6207E+15,4.9281E+16
54783,8.17093E+18,8,2,26,28,2017,9,10,2,3,2,6,0,1,0,0,0,0,0,4.73695E+20,5.48568E+21,8.63654E+15,4.95232E+16
54784,8.17092E+18,8,2,26,85,2017,9,16,5,3,2,6,0,1,0,0,0,0,0,4.88562E+20,5.45571E+21,8.84281E+15,4.92541E+16
54785,8.17092E+18,8,2,26,103,2017,9,13,5,2,2,7,0,0,0,0,1,0,0,4.73207E+20,5.4583E+21,8.63165E+15,4.92768E+16
54786,8.17092E+18,8,2,16,7,2017,9,13,2,3,4,6,0,1,0,0,0,0,1,4.35985E+20,5.39305E+21,8.13022E+15,4.86872E+16
54787,8.17092E+18,8,2,11,0,2017,9,6,2,2,5,2,0,1,0,1,0,2,1,4.36511E+20,5.39729E+21,8.13671E+15,4.87254E+16
54788,8.17092E+18,8,1,26,66,2017,9,17,2,3,1,6,0,1,0,0,0,0,0,5.37678E+20,5.45115E+21,9.51733E+15,4.9212E+16
54789,8.17092E+18,8,1,25,102,2017,9,8,2,3,8,1,0,0,0,0,1,0,1,5.22173E+20,5.44246E+21,9.30397E+15,4.91345E+16
54790,8.17092E+18,8,4,16,36,2017,9,21,2,2,2,6,0,1,0,0,0,2,0,4.90274E+20,5.37357E+21,8.8683E+15,4.85152E+16
54791,8.17092E+18,8,1,15,28,2017,9,11,2,3,0,6,0,1,0,0,1,0,0,5.02115E+20,5.40197E+21,9.02878E+15,4.87707E+16