OBJECTID,UIDENTSTLA,ULAND,UREGBEZ,UKREIS,UGEMEINDE,UJAHR,UMONAT,USTUNDE,UWOCHENTAG,UKATEGORIE,UART,UTYP1,IstRad,IstPKW,IstFuss,IstKrad,IstSonstig,LICHT,STRZUSTAND,LINREFX,LINREFY,XGCSWGS84,YGCSWGS84
54792,8.17092E+18,8,2,15,39,2017,9,12,5,2,2,6,0,0,0,0,1,0,0,4.70946E+20,5.45491E+21,8.6008E+15,4.92463E+16
54793,8.17092E+18,8,1,11,0,2017,9,4,2,3,2,6,0,1,0,0,1,2,0,5.07607E+20,5.39536E+21,9.1034E+15,4.87113E+16
54794,8.17092E+18,8,1,15,45,2017,9,19,7,3,2,6,0,1,0,0,0,1,1,5.02566E+20,5.39903E+21,9.0349E+15,4.87443E+16
54795,8.17092E+18,8,1,35,20,2017,9,8,2,3,2,6,0,1,0,0,0,0,1,5.891E+20,5.38508E+21,1.02088E+16,4.86125E+16
54796,8.17092E+18,8,1,18,81,2017,9,19,7,2,9,1,0,1,0,0,0,2,1,5.21265E+20,5.41636E+21,9.29015E+15,4.88998E+16
54797,8.17092E+18,8,1,35,26,2017,9,8,2,3,2,6,0,1,0,0,1,0,1,5.89369E+20,5.39384E+21,1.02144E+16,4.86912E+16
54798,8.17092E+18,8,2,36,19,2017,9,10,5,3,0,6,0,1,0,0,0,0,0,4.88621E+20,5.40959E+21,8.84492E+15,4.88392E+16
54799,8.17092E+18,8,2,22,0,2017,9,18,5,3,1,7,0,1,0,0,0,0,0,4.66691E+20,5.47955E+21,8.54028E+15,4.94677E+16
54800,8.17092E+18,8,2,15,97,2017,9,16,5,2,4,6,0,1,0,0,0,0,0,4.79175E+20,5.44046E+21,8.71462E+15,4.91166E+16
54801,8.17092E+18,8,2,16,39,2017,9,15,5,3,2,6,0,1,0,0,1,0,0,4.45167E+20,5.41327E+21,8.25227E+15,4.88699E+16
54802,8.17092E+18,8,2,16,39,2017,9,13,5,2,2,6,0,0,0,0,1,0,0,4.45153E+20,5.41324E+21,8.25208E+15,4.88697E+16
54803,8.17092E+18,8,2,12,0,2017,9,7,5,3,3,6,0,1,0,0,0,0,0,4.60121E+20,5.42445E+21,8.45508E+15,4.89716E+16
54804,8.17092E+18,8,2,15,90,2017,9,17,5,2,4,6,0,1,0,0,0,0,0,4.67707E+20,5.43298E+21,8.55806E+15,4.90489E+16
54805,8.17092E+18,8,2,37,27,2017,9,6,5,3,9,1,0,1,0,0,0,2,0,4.8123E+20,5.36868E+21,8.74606E+15,4.84709E+16
54806,8.17092E+18,8,2,31,0,2017,9,18,5,3,5,3,0,1,0,1,0,0,0,4.78034E+20,5.41156E+21,8.70054E+15,4.88566E+16
54807,8.17092E+18,8,2,36,76,2017,9,20,5,3,8,1,0,1,0,0,0,2,0,4.73039E+20,5.42327E+21,8.63168E+15,4.89618E+16
54808,8.17092E+18,8,2,26,41,2017,9,18,5,2,4,2,0,1,0,0,0,0,0,4.76253E+20,5.46398E+21,8.67317E+15,4.93281E+16
54809,8.17092E+18,8,2,26,85,2017,9,8,5,3,2,6,0,1,0,0,0,0,0,4.86844E+20,5.45443E+21,8.81925E+15,4.92425E+16
54810,8.17092E+18,8,2,25,75,2017,9,6,5,3,1,6,0,1,0,0,0,2,0,5.30938E+20,5.47726E+21,9.42682E+15,4.94472E+16
54811,8.17092E+18,8,2,22,0,2017,9,10,5,1,6,4,0,0,1,0,1,0,0,4.63576E+20,5.48604E+21,8.49669E+15,4.95259E+16
54812,8.17092E+18,8,2,21,0,2017,9,17,5,3,2,6,0,1,0,0,0,0,0,4.77382E+20,5.46811E+21,8.68848E+15,4.93652E+16
54813,8.17092E+18,8,2,21,0,2017,9,12,5,3,0,7,0,0,0,1,0,0,0,4.76128E+20,5.4716E+21,8.67101E+15,4.93966E+16
54814,8.17092E+18,8,2,21,0,2017,9,15,5,3,2,6,0,1,0,0,1,0,0,4.7618E+20,5.47164E+21,8.67172E+15,4.9397E+16
54815,8.17092E+18,8,2,26,76,2017,9,18,5,2,6,4,0,1,1,0,0,1,0,4.75192E+20,5.46559E+21,8.65848E+15,4.93425E+16
54816,8.17092E+18,8,2,26,98,2017,9,16,5,2,5,7,0,0,0,1,0,0,0,4.76423E+20,5.45822E+21,8.67586E+15,4.92763E+16
54817,8.17092E+18,8,2,16,9,2017,9,8,5,3,2,6,0,1,0,0,1,0,0,4.45661E+20,5.4211E+21,8.25796E+15,4.89405E+16
54818,8.17092E+18,8,2,15,97,2017,9,17,5,2,5,3,0,1,0,1,0,0,0,4.81817E+20,5.4421E+21,8.75074E+15,4.91315E+16
54819,8.17092E+18,8,2,15,9,2017,9,6,5,3,5,3,1,0,0,0,0,2,0,4.69559E+20,5.44179E+21,8.58274E+15,4.91282E+16
54820,8.17092E+18,8,1,28,139,2017,9,13,2,3,2,2,0,1,0,0,0,0,0,5.52803E+20,5.48874E+21,9.72998E+15,4.9549E+16
54821,8.17092E+18,8,4,16,36,2017,9,15,7,3,2,6,0,1,0,0,0,0,0,4.91593E+20,5.37464E+21,8.88614E+15,4.85248E+16
54822,8.17092E+18,8,1,28,115,2017,9,12,2,3,2,1,0,1,0,0,1,0,0,5.46988E+20,5.49225E+21,9.65001E+15,4.9581E+16
54823,8.17092E+18,8,1,27,71,2017,9,16,2,3,8,1,0,1,0,0,0,0,0,5.74489E+20,5.4548E+21,1.00234E+16,4.92414E+16
54824,8.17092E+18,8,1,27,14,2017,9,5,2,3,5,3,0,1,0,0,0,2,1,5.76012E+20,5.44381E+21,1.00422E+16,4.91424E+16
54825,8.17092E+18,8,1,36,19,2017,9,0,2,3,2,6,0,1,0,0,0,2,1,5.86963E+20,5.42306E+21,1.01879E+16,4.89543E+16
54826,8.17092E+18,8,1,25,66,2017,9,5,2,2,9,1,0,1,0,0,0,2,1,5.16196E+20,5.43206E+21,9.22161E+15,4.90412E+16
54827,8.17092E+18,8,2,15,40,2017,9,15,5,3,5,3,0,1,0,0,0,0,0,4.88555E+20,5.43641E+21,8.84327E+15,4.90804E+16
54828,8.17092E+18,8,2,15,102,2017,9,0,5,3,2,6,0,1,0,0,0,2,0,4.56998E+20,5.43809E+21,8.41096E+15,4.90942E+16
54829,8.17092E+18,8,1,26,66,2017,9,7,2,2,6,4,0,1,1,0,0,1,1,5.3685E+20,5.4496E+21,9.50581E+15,4.91981E+16
54830,8.17092E+18,8,2,15,96,2017,9,20,5,3,2,6,0,1,0,1,0,2,0,4.62284E+20,5.41348E+21,8.48566E+15,4.88731E+16
54831,8.17092E+18,8,2,12,0,2017,9,14,5,3,2,3,0,1,0,1,0,0,0,4.57901E+20,5.42795E+21,8.42439E+15,4.9003E+16
54832,8.17092E+18,8,1,19,85,2017,9,14,2,3,8,1,0,0,0,0,1,0,0,5.30203E+20,5.41267E+21,9.41183E+15,4.88662E+16
54833,8.17092E+18,8,1,16,47,2017,9,3,7,3,8,7,0,1,0,0,0,2,1,5.22336E+20,5.39333E+21,9.30351E+15,4.86927E+16
54834,8.17092E+18,8,2,12,0,2017,9,18,5,3,5,2,0,1,0,1,0,0,0,4.64226E+20,5.43056E+21,8.51063E+15,4.90268E+16
54835,8.17092E+18,8,2,12,0,2017,9,17,5,2,9,7,0,0,0,1,0,0,0,4.5806E+20,5.42707E+21,8.42665E+15,4.89951E+16
54836,8.17092E+18,8,1,18,79,2017,9,13,2,3,1,1,0,1,0,0,0,0,0,5.09868E+20,5.42235E+21,9.13479E+15,4.8954E+16
54837,8.17092E+18,8,1,11,0,2017,9,18,7,3,2,6,0,1,0,0,0,1,1,5.07231E+20,5.39549E+21,9.0983E+15,4.87124E+16
54838,8.17092E+18,8,1,15,28,2017,9,6,5,3,2,6,0,1,0,0,0,0,0,5.02294E+20,5.40149E+21,9.03122E+15,4.87664E+16
54839,8.17092E+18,8,1,11,0,2017,9,21,5,3,2,6,0,1,0,0,0,2,0,5.05615E+20,5.39655E+21,9.07635E+15,4.8722E+16
54840,8.17092E+18,8,1,17,12,2017,9,8,2,3,5,3,0,1,0,0,0,0,1,5.44981E+20,5.38835E+21,9.61067E+15,4.86466E+16
54841,8.17092E+18,8,1,15,42,2017,9,8,5,3,2,6,0,1,0,0,0,0,0,4.97048E+20,5.40473E+21,8.95981E+15,4.87956E+16
54842,8.17092E+18,8,1,36,89,2017,9,6,5,3,5,3,0,1,0,0,0,1,0,5.86914E+20,5.41853E+21,1.01862E+16,4.89136E+16
54843,8.17092E+18,8,1,35,19,2017,9,17,5,3,8,1,1,0,0,0,0,0,0,5.85322E+20,5.38964E+21,1.01585E+16,4.8654E+16
54844,8.17092E+18,8,1,17,26,2017,9,19,2,3,5,3,0,1,0,0,0,0,0,5.4888E+20,5.39411E+21,9.66428E+15,4.86981E+16
54845,8.17092E+18,8,4,25,79,2017,9,11,2,3,2,6,0,1,0,0,0,0,0,5.54449E+20,5.37466E+21,9.7374E+15,4.85227E+16
54846,8.17092E+18,8,1,15,3,2017,9,17,2,3,3,6,0,1,0,0,1,0,0,5.00559E+20,5.39284E+21,9.00759E+15,4.86886E+16
54847,8.17092E+18,8,1,11,0,2017,9,18,2,2,6,2,0,1,1,0,0,0,0,5.09188E+20,5.3974E+21,9.12494E+15,4.87296E+16
54848,8.17092E+18,8,1,35,19,2017,9,11,5,3,3,6,0,1,0,0,1,0,0,5.89128E+20,5.39616E+21,1.02116E+16,4.87121E+16
54849,8.17092E+18,8,1,27,76,2017,9,15,5,3,2,6,0,1,0,0,0,0,0,5.56437E+20,5.43893E+21,9.77317E+15,4.91007E+16
54850,8.17092E+18,8,1,15,21,2017,9,13,7,3,2,6,0,1,0,0,0,0,0,4.92543E+20,5.38108E+21,8.89889E+15,4.85827E+16
54851,8.17092E+18,8,1,27,59,2017,9,12,5,3,4,6,0,1,0,0,0,0,0,5.46231E+20,5.44217E+21,9.63373E+15,4.91306E+16
54852,8.17092E+18,8,4,36,8,2017,9,2,1,2,8,1,0,1,0,0,0,2,0,5.47263E+20,5.3104E+21,9.63292E+15,4.79451E+16
54853,8.17092E+18,8,1,25,65,2017,9,15,5,2,2,2,0,1,0,0,1,0,0,5.21645E+20,5.4513E+21,9.29721E+15,4.92141E+16
54854,8.17092E+18,8,1,21,0,2017,9,7,5,3,3,6,0,1,0,0,1,0,0,5.14097E+20,5.44328E+21,9.19329E+15,4.91422E+16
54855,8.17092E+18,8,1,18,48,2017,9,9,5,3,2,6,0,1,0,0,0,0,0,5.13547E+20,5.41669E+21,9.18486E+15,4.8903E+16
54856,8.17092E+18,8,1,18,71,2017,9,12,5,3,3,6,0,1,0,0,0,0,0,5.10082E+20,5.42068E+21,9.13767E+15,4.89389E+16
54857,8.17092E+18,8,1,15,28,2017,9,10,5,3,5,2,0,1,0,0,0,0,0,4.99217E+20,5.40365E+21,8.98934E+15,4.87859E+16
54858,8.17092E+18,8,1,18,53,2017,9,8,5,3,2,6,0,1,0,0,0,0,0,5.16833E+20,5.42558E+21,9.23007E+15,4.89829E+16
54859,8.17092E+18,8,1,17,15,2017,9,15,5,3,5,3,0,1,0,0,0,0,0,5.59056E+20,5.39384E+21,9.80252E+15,4.86948E+16
54860,8.17092E+18,8,1,16,16,2017,9,17,5,3,2,7,0,1,0,0,0,0,0,5.33694E+20,5.3852E+21,9.45718E+15,4.8619E+16
54861,8.17092E+18,8,1,16,80,2017,9,7,5,3,2,6,0,1,0,0,0,0,1,5.18657E+20,5.39486E+21,9.25359E+15,4.87065E+16
54862,8.17092E+18,8,1,16,63,2017,9,15,5,3,2,6,0,1,0,0,0,0,0,5.15424E+20,5.38432E+21,9.20925E+15,4.86118E+16
54863,8.17092E+18,8,1,16,58,2017,9,7,5,3,0,3,0,1,0,1,0,0,0,5.33875E+20,5.39517E+21,9.46045E+15,4.87086E+16
54864,8.17092E+18,8,1,15,28,2017,9,8,5,3,2,6,0,1,0,0,0,0,0,4.9942E+20,5.40538E+21,8.99211E+15,4.88015E+16
54865,8.17092E+18,8,1,15,51,2017,9,17,5,3,2,2,0,1,0,0,0,0,0,5.03437E+20,5.384E+21,9.04662E+15,4.86091E+16
54866,8.17092E+18,8,1,11,0,2017,9,7,5,3,3,7,0,1,0,1,0,0,0,5.14181E+20,5.40046E+21,9.19294E+15,4.8757E+16
54867,8.17092E+18,8,1,11,0,2017,9,6,5,3,3,6,0,1,0,1,0,1,0,5.12487E+20,5.40814E+21,9.17013E+15,4.88261E+16
54868,8.17092E+18,8,1,11,0,2017,9,18,5,3,5,2,1,1,0,0,0,0,0,5.15968E+20,5.40561E+21,9.21746E+15,4.88033E+16
54869,8.17092E+18,8,4,36,49,2017,9,17,4,2,4,6,0,1,0,0,0,0,0,5.78728E+20,5.28495E+21,1.00496E+16,4.77131E+16
54870,8.17092E+18,8,4,25,52,2017,9,3,1,2,9,2,0,1,0,0,0,2,0,5.49459E+20,5.33642E+21,9.66533E+15,4.81791E+16
54871,8.17092E+18,8,1,11,0,2017,9,12,7,3,2,6,0,1,0,0,0,0,0,5.09761E+20,5.39514E+21,9.13268E+15,4.87092E+16
54872,8.17093E+18,8,1,11,0,2017,9,6,3,3,5,3,0,1,0,0,0,1,0,5.15979E+20,5.40686E+21,9.21765E+15,4.88145E+16
54873,8.17092E+18,8,4,16,41,2017,9,12,1,3,0,7,1,0,0,0,0,0,0,5.00402E+20,5.37046E+21,9.00544E+15,4.84872E+16
54874,8.17092E+18,8,1,35,19,2017,9,19,7,2,6,2,0,1,1,0,0,1,1,5.85241E+20,5.39245E+21,1.0158E+16,4.86793E+16
54875,8.17093E+18,8,1,25,26,2017,9,13,3,3,6,4,0,1,1,0,0,0,0,4.92675E+20,5.43857E+21,8.89966E+15,4.90999E+16
54876,8.17092E+18,8,4,15,73,2017,9,4,1,2,6,3,0,0,1,0,1,2,1,5.16578E+20,5.3484E+21,9.22349E+15,4.82886E+16
54877,8.17092E+18,8,3,15,48,2017,9,19,1,3,2,6,0,1,0,0,0,1,0,3.94411E+20,5.30647E+21,7.58715E+15,4.79029E+16
54878,8.17092E+18,8,3,35,63,2017,9,15,1,3,5,2,0,0,0,1,0,0,0,5.01633E+20,5.29099E+21,9.0218E+15,4.77723E+16
54879,8.17092E+18,8,3,26,52,2017,9,13,1,3,4,6,0,1,0,0,0,0,0,4.48333E+20,5.32908E+21,8.30585E+15,4.81129E+16
54880,8.17092E+18,8,3,25,70,2017,9,1,1,3,9,7,0,1,0,0,0,2,0,4.6211E+20,5.34757E+21,8.48929E+15,4.82802E+16
54881,8.17092E+18,8,3,25,12,2017,9,15,1,2,9,7,0,1,0,0,0,0,0,4.67497E+20,5.3524E+21,8.56152E+15,4.8324E+16
54882,8.17092E+18,8,3,17,65,2017,9,10,1,3,0,1,0,0,0,1,0,0,0,4.16793E+20,5.35488E+21,7.87712E+15,4.83417E+16
54883,8.17092E+18,8,3,15,70,2017,9,12,1,3,4,6,0,1,0,0,0,0,0,4.50976E+20,5.30361E+21,8.34427E+15,4.78839E+16
54884,8.17092E+18,8,3,36,91,2017,9,10,1,2,0,3,1,0,0,1,0,0,0,3.95834E+20,5.27438E+21,7.61387E+15,4.76144E+16
54885,8.17092E+18,8,2,26,10,2017,9,13,1,3,2,6,0,1,0,0,0,0,0,4.84669E+20,5.45715E+21,8.78926E+15,4.92669E+16
54886,8.17092E+18,8,4,36,94,2017,9,0,4,3,8,6,0,1,0,0,0,2,0,5.66465E+20,5.28553E+21,9.88622E+15,4.77197E+16
54887,8.17092E+18,8,4,35,24,2017,9,17,4,3,4,2,1,1,0,0,0,0,0,5.2853E+20,5.2794E+21,9.38003E+15,4.76673E+16
54888,8.17092E+18,8,1,28,138,2017,9,15,7,3,2,6,0,1,0,0,0,0,0,5.421E+20,5.47946E+21,9.58104E+15,4.94663E+16
54889,8.17092E+18,8,4,25,39,2017,9,8,4,1,3,6,0,0,0,0,1,0,0,5.68542E+20,5.35043E+21,9.92429E+15,4.83033E+16
54890,8.17092E+18,8,2,36,46,2017,9,15,1,3,2,6,0,1,0,0,0,0,0,4.83171E+20,5.41745E+21,8.77033E+15,4.89098E+16
54891,8.17092E+18,8,1,27,14,2017,9,15,7,2,3,6,1,1,0,0,0,0,0,5.78339E+20,5.44347E+21,1.00741E+16,4.91391E+16
54892,8.17092E+18,8,4,15,61,2017,9,10,4,3,4,6,0,1,0,0,0,0,0,5.17356E+20,5.37573E+21,9.2351E+15,4.85344E+16
54893,8.17092E+18,8,3,36,81,2017,9,15,4,3,2,7,1,1,0,0,0,0,0,4.09848E+20,5.27824E+21,7.79952E+15,4.76512E+16
54894,8.17092E+18,8,2,12,0,2017,9,4,1,3,9,7,0,1,0,0,0,2,0,4.55998E+20,5.42922E+21,8.39824E+15,4.90143E+16
54895,8.17092E+18,8,1,27,102,2017,9,14,7,3,8,1,0,0,0,1,0,0,0,5.88165E+20,5.43608E+21,1.02071E+16,4.90712E+16
54896,8.17092E+18,8,3,35,43,2017,9,6,4,2,7,7,0,0,0,1,0,2,1,5.07863E+20,5.2871E+21,9.10488E+15,4.77373E+16
54897,8.17092E+18,8,4,35,59,2017,9,19,4,2,5,2,0,1,0,1,0,2,0,5.14472E+20,5.2916E+21,9.19318E+15,4.77776E+16
54898,8.17092E+18,8,2,12,0,2017,9,12,1,3,5,3,1,0,0,0,1,0,0,4.54472E+20,5.42827E+21,8.37748E+15,4.90056E+16
54899,8.17092E+18,8,3,27,46,2017,9,17,4,3,5,3,0,1,0,0,0,0,0,4.80861E+20,5.32444E+21,8.74307E+15,4.8073E+16
54900,8.17092E+18,8,3,25,49,2017,9,12,4,3,2,2,0,1,0,0,0,0,0,4.76105E+20,5.33004E+21,8.67891E+15,4.81232E+16
54901,8.17092E+18,8,3,25,64,2017,9,17,4,3,0,1,0,0,0,1,0,0,0,4.80409E+20,5.33294E+21,8.73661E+15,4.81494E+16
54902,8.17092E+18,8,4,17,2,2017,9,14,4,2,2,6,0,1,0,1,1,0,0,4.88722E+20,5.34799E+21,8.84798E+15,4.8285E+16
54903,8.17092E+18,8,3,17,96,2017,9,7,4,3,2,6,0,1,0,0,0,0,1,4.23777E+20,5.37068E+21,7.96848E+15,4.84846E+16
54904,8.17092E+18,8,3,17,150,2017,9,8,4,2,8,1,0,1,0,0,0,0,0,4.08102E+20,5.35775E+21,7.75922E+15,4.83662E+16
54905,8.17092E+18,8,3,17,65,2017,9,18,4,3,2,6,0,1,0,0,0,0,0,4.21153E+20,5.35287E+21,7.93632E+15,4.83241E+16
54906,8.17092E+18,8,3,17,1,2017,9,12,4,3,2,6,0,1,0,0,0,0,0,4.30053E+20,5.38597E+21,8.05083E+15,4.86229E+16
54907,8.17092E+18,8,3,17,73,2017,9,12,4,3,2,6,0,0,0,0,1,0,0,4.10322E+20,5.35139E+21,7.79055E+15,4.83093E+16
54908,8.17092E+18,8,3,17,122,2017,9,10,4,2,9,7,1,0,0,0,0,0,0,4.17762E+20,5.36731E+21,7.88776E+15,4.84536E+16
54909,8.17092E+18,8,3,16,37,2017,9,17,4,2,0,2,0,1,0,1,0,0,0,4.07379E+20,5.33419E+21,7.75463E+15,4.81542E+16
54910,8.17092E+18,8,3,15,74,2017,9,18,4,2,0,1,0,0,0,1,0,0,0,3.96825E+20,5.29372E+21,7.62249E+15,4.77886E+16
54911,8.17092E+18,8,3,15,73,2017,9,17,4,3,5,2,1,1,0,0,0,0,0,4.12571E+20,5.31318E+21,7.82872E+15,4.7966E+16
54912,8.17092E+18,8,1,27,14,2017,9,10,7,3,3,6,0,1,0,0,0,0,0,5.7337E+20,5.44714E+21,1.00066E+16,4.91727E+16
54913,8.17093E+18,8,3,37,60,2017,9,20,2,3,5,3,0,1,0,0,0,2,0,4.68097E+20,5.27607E+21,8.57529E+15,4.76373E+16
54914,8.17093E+18,8,4,37,47,2017,9,15,2,3,3,6,0,1,0,0,0,0,0,5.19699E+20,5.33505E+21,9.26494E+15,4.81684E+16
54915,8.17093E+18,8,1,18,11,2017,9,12,3,3,5,3,0,1,0,0,0,0,0,5.05139E+20,5.40796E+21,9.07001E+15,4.88246E+16
54916,8.17093E+18,8,1,27,8,2017,9,14,7,3,2,2,0,1,0,0,0,0,0,5.71666E+20,5.46354E+21,9.98616E+15,4.93204E+16
54917,8.17093E+18,8,1,27,9,2017,9,10,7,3,8,6,0,1,0,0,1,0,0,5.582E+20,5.44554E+21,9.79827E+15,4.91599E+16
54918,8.17093E+18,8,1,27,9,2017,9,19,7,3,2,1,0,1,0,0,0,2,1,5.54138E+20,5.44811E+21,9.7429E+15,4.91834E+16
54919,8.17093E+18,8,1,21,0,2017,9,2,7,3,9,7,0,1,0,0,0,2,0,5.16263E+20,5.44146E+21,9.22291E+15,4.91258E+16
54920,8.17093E+18,8,1,19,20,2017,9,11,7,3,2,6,0,1,0,0,0,0,0,5.19684E+20,5.40515E+21,9.26804E+15,4.8799E+16
54921,8.17093E+18,8,1,18,7,2017,9,20,7,3,4,1,0,1,0,0,0,2,1,5.14252E+20,5.42864E+21,9.1949E+15,4.90105E+16
54922,8.17093E+18,8,1,17,35,2017,9,9,7,3,2,6,0,1,0,0,0,0,0,5.48655E+20,5.38151E+21,9.65974E+15,4.85848E+16
54923,8.17093E+18,8,4,25,84,2017,9,13,7,3,2,6,0,1,0,0,0,0,0,5.60283E+20,5.37418E+21,9.81634E+15,4.85178E+16
54924,8.17093E+18,8,1,16,81,2017,9,16,7,2,2,6,0,0,0,1,0,0,0,5.18882E+20,5.38609E+21,9.25626E+15,4.86276E+16
54925,8.17093E+18,8,1,11,0,2017,9,18,7,3,0,1,0,0,0,1,0,0,1,5.14326E+20,5.40425E+21,9.19504E+15,4.8791E+16
54926,8.17093E+18,8,4,36,55,2017,9,10,6,3,5,3,0,1,0,0,0,0,1,5.73523E+20,5.29638E+21,9.98215E+15,4.78165E+16
54927,8.17093E+18,8,4,36,9,2017,9,21,6,3,4,6,1,1,0,0,0,2,1,5.56362E+20,5.30752E+21,9.75438E+15,4.79185E+16
54928,8.17093E+18,8,4,36,85,2017,9,6,6,3,2,3,0,1,0,0,0,0,0,5.65005E+20,5.29386E+21,9.86799E+15,4.77948E+16
54929,8.17093E+18,8,4,36,64,2017,9,8,6,3,2,6,0,1,0,0,0,0,1,5.46058E+20,5.29365E+21,9.615E+15,4.77946E+16
54930,8.17093E+18,8,4,35,16,2017,9,23,6,3,0,1,1,0,0,0,0,2,0,5.36184E+20,5.27796E+21,9.48186E+15,4.7654E+16
54931,8.17093E+18,8,4,35,29,2017,9,21,6,3,2,6,0,1,0,0,0,2,0,5.44057E+20,5.27306E+21,9.58621E+15,4.76095E+16
54932,8.17093E+18,8,4,35,16,2017,9,16,6,3,2,2,0,1,0,1,0,0,0,5.3682E+20,5.28158E+21,9.49063E+15,4.76865E+16
54933,8.17093E+18,8,4,37,78,2017,9,19,6,2,2,6,1,1,0,0,0,1,0,5.07772E+20,5.31723E+21,9.10421E+15,4.80083E+16
54934,8.17093E+18,8,4,37,56,2017,9,12,6,3,5,2,1,1,0,0,0,0,0,5.27851E+20,5.30089E+21,9.37237E+15,4.78607E+16
54935,8.17093E+18,8,4,26,13,2017,9,13,6,3,9,1,0,0,0,1,0,0,0,5.44098E+20,5.32429E+21,9.59197E+15,4.80704E+16
54936,8.17093E+18,8,4,25,88,2017,9,14,6,3,8,1,0,1,0,0,0,0,0,5.6114E+20,5.34968E+21,9.82437E+15,4.82974E+16
54937,8.17093E+18,8,4,17,2,2017,9,15,6,3,2,6,0,1,0,0,0,0,0,4.9089E+20,5.34272E+21,8.87731E+15,4.82377E+16
54938,8.17093E+18,8,4,17,79,2017,9,11,6,3,5,3,0,1,0,1,0,0,0,5.01073E+20,5.34484E+21,9.01445E+15,4.82568E+16
54939,8.17093E+18,8,4,15,61,2017,9,11,6,3,2,6,0,1,0,0,0,0,0,5.14312E+20,5.36971E+21,9.19367E+15,4.84804E+16
54940,8.17093E+18,8,4,16,36,2017,9,6,6,3,5,3,0,1,0,1,0,2,1,4.85934E+20,5.37108E+21,8.80962E+15,4.84927E+16
54941,8.17093E+18,8,4,15,59,2017,9,22,6,2,5,3,0,1,0,0,0,2,0,5.11413E+20,5.36608E+21,9.15434E+15,4.84477E+16
54942,8.17093E+18,8,4,15,53,2017,9,10,6,3,8,7,0,1,0,0,0,0,0,5.37694E+20,5.36143E+21,9.50931E+15,4.84049E+16
54943,8.17093E+18,8,4,16,36,2017,9,13,6,3,2,6,0,1,0,0,0,0,0,4.87921E+20,5.37161E+21,8.8365E+15,4.84975E+16
54944,8.17093E+18,8,3,36,91,2017,9,16,6,3,1,6,0,1,0,0,0,0,0,3.94896E+20,5.27296E+21,7.60174E+15,4.76015E+16
54945,8.17093E+18,8,3,37,123,2017,9,22,6,2,5,3,0,1,0,0,0,2,0,4.51201E+20,5.27734E+21,8.35023E+15,4.76476E+16
54946,8.17093E+18,8,3,37,106,2017,9,14,6,3,8,1,0,1,0,0,0,0,0,4.63734E+20,5.29313E+21,8.51578E+15,4.77905E+16
54947,8.17093E+18,8,3,35,79,2017,9,16,6,3,2,6,0,1,0,0,0,0,0,4.99593E+20,5.2987E+21,8.99457E+15,4.78417E+16
54948,8.17093E+18,8,4,35,52,2017,9,14,6,2,5,3,0,1,0,1,0,0,0,5.20698E+20,5.29164E+21,9.27629E+15,4.77778E+16
54949,8.17093E+18,8,4,35,16,2017,9,14,6,3,5,3,0,1,0,1,0,0,0,5.37076E+20,5.27765E+21,9.49371E+15,4.76511E+16
54950,8.17093E+18,8,3,27,46,2017,9,7,6,3,9,1,0,1,0,0,0,0,1,4.7805E+20,5.32366E+21,8.70537E+15,4.80658E+16
54951,8.17093E+18,8,3,27,50,2017,9,15,6,3,4,6,0,1,0,1,0,0,0,4.82257E+20,5.31319E+21,8.76227E+15,4.79718E+16
54952,8.17093E+18,8,3,26,74,2017,9,14,6,3,5,3,0,1,0,0,0,0,0,4.61067E+20,5.32382E+21,8.47741E+15,4.80664E+16
54953,8.17093E+18,8,3,26,68,2017,9,11,6,3,0,3,0,1,0,0,0,0,0,4.48657E+20,5.32076E+21,8.3112E+15,4.80381E+16
54954,8.17093E+18,8,3,25,69,2017,9,15,6,3,2,6,0,1,0,0,0,0,0,4.6937E+20,5.33605E+21,8.58798E+15,4.81769E+16
54955,8.17093E+18,8,3,25,72,2017,9,13,6,3,0,7,0,0,0,0,1,0,0,4.68247E+20,5.33072E+21,8.57327E+15,4.8129E+16
54956,8.17093E+18,8,3,25,69,2017,9,15,6,3,2,6,0,1,0,0,0,0,0,4.65599E+20,5.33486E+21,8.53735E+15,4.81661E+16
54957,8.17093E+18,8,3,17,96,2017,9,22,6,2,6,6,1,0,1,0,0,2,0,4.22102E+20,5.36944E+21,7.94605E+15,4.84732E+16
54958,8.17093E+18,8,2,21,0,2017,9,11,3,2,0,7,1,0,0,0,0,0,0,4.78318E+20,5.47353E+21,8.70108E+15,4.9414E+16
54959,8.17093E+18,8,4,16,48,2017,9,10,3,3,2,6,0,1,0,0,0,0,0,4.91896E+20,5.37665E+21,8.89021E+15,4.85429E+16
54960,8.17093E+18,8,3,36,50,2017,9,11,3,3,5,3,0,1,0,0,0,0,0,3.99598E+20,5.27476E+21,7.66386E+15,4.76184E+16
54961,8.17093E+18,8,3,15,74,2017,9,0,3,3,5,2,0,1,0,0,0,2,0,3.95773E+20,5.29598E+21,7.6079E+15,4.78087E+16
54962,8.17093E+18,8,3,17,85,2017,9,5,3,2,5,3,0,1,0,1,0,2,0,4.30792E+20,5.35811E+21,8.06547E+15,4.83724E+16
54963,8.17093E+18,8,2,22,0,2017,9,15,3,3,2,6,0,1,0,0,1,0,0,4.60176E+20,5.48913E+21,8.4494E+15,4.95535E+16
54964,8.17093E+18,8,3,16,12,2017,9,8,3,3,2,6,0,1,0,0,0,0,0,3.99389E+20,5.33192E+21,7.64776E+15,4.81326E+16