OBJECTID,UIDENTSTLA,ULAND,UREGBEZ,UKREIS,UGEMEINDE,UJAHR,UMONAT,USTUNDE,UWOCHENTAG,UKATEGORIE,UART,UTYP1,IstRad,IstPKW,IstFuss,IstKrad,IstSonstig,LICHT,STRZUSTAND,LINREFX,LINREFY,XGCSWGS84,YGCSWGS84
54965,8.17093E+18,8,3,17,73,2017,9,17,6,3,1,6,0,1,0,0,0,0,0,4.09472E+20,5.34805E+21,7.7798E+15,4.82791E+16
54966,8.17093E+18,8,3,17,57,2017,9,17,6,3,5,3,1,1,0,0,0,0,0,4.14175E+20,5.3842E+21,7.83578E+15,4.8605E+16
54967,8.17093E+18,8,3,17,57,2017,9,8,6,3,2,6,0,1,0,0,0,0,0,4.13161E+20,5.38156E+21,7.82258E+15,4.85811E+16
54968,8.17093E+18,8,3,17,89,2017,9,12,6,3,4,2,0,0,0,0,1,0,0,4.3226E+20,5.37551E+21,8.08247E+15,4.85291E+16
54969,8.17093E+18,8,3,17,1,2017,9,0,6,3,5,7,1,1,0,0,0,2,0,4.32148E+20,5.38664E+21,8.07914E+15,4.86291E+16
54970,8.17093E+18,8,3,17,75,2017,9,18,6,2,2,6,0,1,0,0,0,1,0,4.13041E+20,5.35972E+21,7.8255E+15,4.83847E+16
54971,8.17093E+18,8,3,16,17,2017,9,22,6,2,5,3,0,1,0,0,1,2,0,4.09254E+20,5.3401E+21,7.77857E+15,4.82076E+16
54972,8.17093E+18,8,3,15,113,2017,9,18,6,3,2,6,0,1,0,0,0,0,0,4.43728E+20,5.30573E+21,8.24706E+15,4.79024E+16
54973,8.17093E+18,8,3,15,94,2017,9,17,6,2,4,6,0,1,0,1,0,0,0,4.292E+20,5.31361E+21,8.05139E+15,4.79719E+16
54974,8.17093E+18,8,3,36,34,2017,9,18,6,1,4,6,0,1,0,0,1,0,0,4.1625E+20,5.27789E+21,7.88481E+15,4.7649E+16
54975,8.17093E+18,8,3,11,0,2017,9,14,6,3,2,6,0,1,0,0,0,0,0,4.11744E+20,5.31519E+21,7.81723E+15,4.79839E+16
54976,8.17093E+18,8,3,15,98,2017,9,14,6,3,0,1,1,0,0,0,0,0,0,4.08396E+20,5.31315E+21,7.7728E+15,4.79651E+16
54977,8.17093E+18,8,2,26,10,2017,9,10,6,3,2,6,0,1,0,0,0,0,0,4.83082E+20,5.4578E+21,8.76742E+15,4.92727E+16
54978,8.17093E+18,8,2,26,105,2017,9,13,6,3,2,6,0,1,0,0,1,0,0,4.71221E+20,5.47597E+21,8.60306E+15,4.94358E+16
54979,8.17093E+18,8,2,12,0,2017,9,15,6,3,5,3,0,1,0,0,0,0,0,4.58872E+20,5.42819E+21,8.43765E+15,4.90052E+16
54980,8.17093E+18,8,2,12,0,2017,9,10,6,3,3,6,0,1,0,0,1,0,0,4.52269E+20,5.42804E+21,8.34738E+15,4.90034E+16
54981,8.17093E+18,8,2,12,0,2017,9,12,6,3,2,6,0,1,0,0,0,0,0,4.60839E+20,5.42388E+21,8.46495E+15,4.89666E+16
54982,8.17093E+18,8,2,15,103,2017,9,5,6,3,5,3,0,1,0,0,0,2,0,4.66821E+20,5.44427E+21,8.54501E+15,4.91503E+16
54983,8.17093E+18,8,2,15,108,2017,9,16,6,3,3,2,0,0,0,1,1,0,0,4.51093E+20,5.426E+21,8.33154E+15,4.8985E+16
54984,8.17093E+18,8,2,35,46,2017,9,12,6,3,3,2,0,1,0,1,0,0,0,4.79534E+20,5.37959E+21,8.72258E+15,4.85691E+16
54985,8.17093E+18,8,2,35,7,2017,9,12,6,2,9,1,0,1,0,0,0,0,0,4.85643E+20,5.39624E+21,8.80481E+15,4.8719E+16
54986,8.17093E+18,8,2,31,0,2017,9,9,6,3,0,7,0,1,0,1,0,0,0,4.75557E+20,5.41522E+21,8.66655E+15,4.88894E+16
54987,8.17093E+18,8,2,31,0,2017,9,22,6,3,5,2,0,1,0,0,0,2,0,4.77648E+20,5.41517E+21,8.69508E+15,4.88891E+16
54988,8.17093E+18,8,2,31,0,2017,9,14,6,3,5,2,0,1,0,0,0,0,0,4.79922E+20,5.41479E+21,8.72612E+15,4.88858E+16
54989,8.17093E+18,8,2,31,0,2017,9,16,6,3,1,6,0,1,0,0,0,0,0,4.78018E+20,5.41606E+21,8.70008E+15,4.88971E+16
54990,8.17093E+18,8,2,36,61,2017,9,14,6,3,5,3,1,1,0,0,0,0,0,4.89023E+20,5.43316E+21,8.84977E+15,4.90512E+16
54991,8.17093E+18,8,2,22,0,2017,9,15,6,3,3,6,0,1,0,1,0,0,0,4.60175E+20,5.48875E+21,8.44942E+15,4.955E+16
54992,8.17093E+18,8,2,16,15,2017,9,19,6,3,7,7,0,1,0,0,0,2,0,4.50432E+20,5.40309E+21,8.32528E+15,4.87789E+16
54993,8.17093E+18,8,2,16,43,2017,9,22,6,3,5,3,0,1,0,0,0,2,0,4.39888E+20,5.41369E+21,8.18022E+15,4.88733E+16
54994,8.17093E+18,8,1,25,66,2017,9,14,6,3,2,6,0,1,0,0,1,0,0,5.18523E+20,5.43072E+21,9.25339E+15,4.90291E+16
54995,8.17093E+18,8,1,15,45,2017,9,15,6,3,2,6,0,1,0,1,0,0,0,5.00775E+20,5.39347E+21,9.01054E+15,4.86943E+16
54996,8.17093E+18,8,1,36,45,2017,9,10,6,3,5,3,0,1,0,0,0,0,1,5.99287E+20,5.40668E+21,1.03522E+16,4.88051E+16
54997,8.17093E+18,8,1,35,19,2017,9,13,6,3,2,6,0,1,0,0,1,0,0,5.83297E+20,5.39249E+21,1.01316E+16,4.86799E+16
54998,8.17093E+18,8,1,28,131,2017,9,9,6,3,4,1,0,1,0,0,0,0,1,5.36484E+20,5.51205E+21,9.50656E+15,4.97598E+16
54999,8.17093E+18,8,1,27,102,2017,9,15,6,3,2,6,0,1,0,0,1,0,0,5.8743E+20,5.43637E+21,1.01971E+16,4.9074E+16
55000,8.17093E+18,8,1,26,66,2017,9,7,6,3,2,6,0,0,0,1,0,1,0,5.35783E+20,5.45009E+21,9.49122E+15,4.92026E+16
55001,8.17093E+18,8,1,26,28,2017,9,14,6,3,0,7,0,0,0,1,1,0,1,5.40312E+20,5.4585E+21,9.55423E+15,4.92779E+16
55002,8.17093E+18,8,1,25,7,2017,9,23,6,3,9,6,0,1,0,0,1,2,0,5.10529E+20,5.45286E+21,9.14461E+15,4.92285E+16
55003,8.17093E+18,8,1,25,58,2017,9,6,6,3,5,3,1,1,0,0,0,0,0,5.08633E+20,5.44387E+21,9.11839E+15,4.91476E+16
55004,8.17093E+18,8,1,19,85,2017,9,11,6,3,5,3,0,1,0,0,0,0,0,5.30726E+20,5.41271E+21,9.41897E+15,4.88666E+16
55005,8.17093E+18,8,1,19,76,2017,9,21,6,2,4,5,0,1,0,0,1,2,0,5.42262E+20,5.40755E+21,9.57573E+15,4.88195E+16
55006,8.17093E+18,8,1,19,44,2017,9,16,6,3,1,2,0,1,0,1,0,0,0,5.41537E+20,5.42553E+21,9.56768E+15,4.89813E+16
55007,8.17093E+18,8,1,18,50,2017,9,19,6,3,1,5,0,1,0,0,0,2,0,5.06861E+20,5.41688E+21,9.09363E+15,4.89048E+16
55008,8.17093E+18,8,1,18,48,2017,9,14,6,3,2,6,0,1,0,1,0,0,0,5.13954E+20,5.41445E+21,9.19033E+15,4.88829E+16
55009,8.17093E+18,8,1,18,11,2017,9,12,6,3,2,6,0,1,0,1,0,0,0,5.05835E+20,5.40786E+21,9.0795E+15,4.88237E+16
55010,8.17093E+18,8,4,16,36,2017,9,5,6,1,6,4,0,1,1,0,0,2,1,4.91512E+20,5.37452E+21,8.88505E+15,4.85237E+16
55011,8.17093E+18,8,1,17,18,2017,9,14,6,3,5,3,0,1,0,0,0,0,0,5.37527E+20,5.39503E+21,9.51008E+15,4.87072E+16
55012,8.17093E+18,8,1,17,26,2017,9,8,6,3,4,6,0,1,0,0,1,0,1,5.46205E+20,5.39608E+21,9.62815E+15,4.8716E+16
55013,8.17093E+18,8,1,17,24,2017,9,9,6,3,0,1,0,0,0,1,0,0,1,5.61684E+20,5.38552E+21,9.83699E+15,4.86197E+16
55014,8.17093E+18,8,1,17,42,2017,9,17,6,3,5,3,0,1,0,0,0,0,0,5.53689E+20,5.39354E+21,9.72955E+15,4.86926E+16
55015,8.17093E+18,8,1,17,26,2017,9,10,6,1,4,6,0,1,0,0,1,0,1,5.46557E+20,5.39345E+21,9.63265E+15,4.86924E+16
55016,8.17093E+18,8,1,16,70,2017,9,19,6,3,5,3,0,1,0,1,0,2,0,5.39841E+20,5.38497E+21,9.54057E+15,4.86165E+16
55017,8.17093E+18,8,1,15,48,2017,9,17,6,2,5,7,0,1,0,1,0,0,0,5.10143E+20,5.38704E+21,9.13767E+15,4.86363E+16
55018,8.17093E+18,8,1,11,0,2017,9,13,6,3,6,4,0,0,1,0,1,0,0,5.17222E+20,5.40523E+21,9.23452E+15,4.87998E+16
55019,8.17093E+18,8,4,37,31,2017,9,19,5,3,9,6,0,1,0,1,1,1,0,5.21618E+20,5.34144E+21,9.29108E+15,4.82258E+16
55020,8.17093E+18,8,4,36,52,2017,9,22,5,3,8,1,0,0,0,1,0,2,0,5.65378E+20,5.29497E+21,9.87315E+15,4.78048E+16
55021,8.17093E+18,8,2,15,100,2017,9,7,3,3,5,2,1,1,0,0,0,0,0,4.7458E+20,5.4519E+21,8.65092E+15,4.92193E+16
55022,8.17093E+18,8,2,35,6,2017,9,0,3,3,9,1,0,1,0,0,0,2,0,4.73055E+20,5.38248E+21,8.63456E+15,4.85948E+16
55023,8.17093E+18,8,2,12,0,2017,9,12,3,3,2,6,0,1,0,0,0,0,0,4.58787E+20,5.42587E+21,8.43671E+15,4.89844E+16
55024,8.17093E+18,8,1,26,11,2017,9,14,3,3,6,4,0,1,1,0,0,0,0,5.31698E+20,5.44725E+21,9.43491E+15,4.91773E+16
55025,8.17093E+18,8,1,27,63,2017,9,17,3,3,5,3,0,1,0,1,0,0,0,5.65526E+20,5.43425E+21,9.89691E+15,4.90576E+16
55026,8.17093E+18,8,4,21,0,2017,9,15,3,2,3,7,0,1,0,1,0,0,0,5.75942E+20,5.36744E+21,1.00271E+16,4.84555E+16
55027,8.17093E+18,8,2,26,85,2017,9,17,3,3,2,6,0,1,0,0,0,0,0,4.89711E+20,5.45524E+21,8.85862E+15,4.92499E+16
55028,8.17093E+18,8,2,31,0,2017,9,7,3,3,5,3,0,1,0,0,0,0,0,4.78833E+20,5.41459E+21,8.71128E+15,4.88839E+16
55029,8.17093E+18,8,4,36,64,2017,9,21,5,3,3,6,1,0,0,0,1,2,0,5.42609E+20,5.28891E+21,9.56849E+15,4.77522E+16
55030,8.17093E+18,8,4,35,16,2017,9,7,5,3,5,3,1,1,0,0,0,0,0,5.34811E+20,5.27842E+21,9.46361E+15,4.76582E+16
55031,8.17093E+18,8,1,17,25,2017,9,21,5,3,4,3,0,1,0,0,0,2,0,5.56322E+20,5.39105E+21,9.765E+15,4.86699E+16
55032,8.17093E+18,8,4,17,8,2017,9,19,5,3,4,2,0,1,0,0,0,1,0,4.9152E+20,5.35105E+21,8.88563E+15,4.83126E+16
55033,8.17093E+18,8,4,15,27,2017,9,2,5,3,9,1,0,1,0,0,0,2,0,5.26893E+20,5.36108E+21,9.36335E+15,4.84023E+16
55034,8.17093E+18,8,3,36,90,2017,9,11,5,3,9,1,0,1,0,0,0,0,0,4.19962E+20,5.29488E+21,7.93111E+15,4.78023E+16
55035,8.17093E+18,8,3,36,69,2017,9,14,5,3,8,1,0,0,0,1,0,0,0,4.09956E+20,5.2723E+21,7.80217E+15,4.75978E+16
55036,8.17093E+18,8,3,27,33,2017,9,8,5,3,8,1,0,0,0,1,0,0,0,4.85032E+20,5.32578E+21,8.79901E+15,4.80851E+16
55037,8.17093E+18,8,3,27,50,2017,9,14,5,3,3,6,0,1,0,0,1,0,0,4.86607E+20,5.31491E+21,8.8205E+15,4.79873E+16
55038,8.17093E+18,8,3,26,27,2017,9,14,5,2,5,3,1,1,0,0,0,0,0,4.62213E+20,5.30898E+21,8.4941E+15,4.7933E+16
55039,8.17093E+18,8,3,17,96,2017,9,14,5,3,2,6,0,1,0,0,0,0,0,4.23605E+20,5.37438E+21,7.96547E+15,4.85178E+16
55040,8.17093E+18,8,3,17,26,2017,9,20,5,3,3,2,0,1,0,1,0,2,0,4.11412E+20,5.34653E+21,7.80627E+15,4.82658E+16
55041,8.17093E+18,8,3,17,9,2017,9,17,5,2,5,3,1,1,0,0,0,0,0,4.26177E+20,5.36153E+21,8.00256E+15,4.84026E+16
55042,8.17093E+18,8,3,15,76,2017,9,17,5,3,0,1,0,0,0,1,0,0,0,3.91755E+20,5.29107E+21,7.55546E+15,4.77639E+16
55043,8.17093E+18,8,3,16,43,2017,9,7,5,3,3,2,0,1,0,0,1,0,0,4.09032E+20,5.329E+21,7.77795E+15,4.81078E+16
55044,8.17093E+18,8,3,15,131,2017,9,7,5,3,2,6,0,1,0,0,0,0,0,4.04898E+20,5.30814E+21,7.72706E+15,4.79195E+16
55045,8.17093E+18,8,2,31,0,2017,9,13,5,3,2,6,0,0,0,0,1,0,0,4.84781E+20,5.4125E+21,8.79249E+15,4.88653E+16
55046,8.17093E+18,8,2,31,0,2017,9,20,5,3,2,6,0,1,0,0,0,2,0,4.80779E+20,5.41878E+21,8.73763E+15,4.89217E+16
55047,8.17093E+18,8,2,12,0,2017,9,8,5,1,5,3,1,1,0,0,0,0,0,4.52089E+20,5.42782E+21,8.34495E+15,4.90014E+16
55048,8.17093E+18,8,2,37,28,2017,9,10,5,3,5,3,1,0,0,0,0,0,0,4.57664E+20,5.36819E+21,8.42729E+15,4.84655E+16
55049,8.17093E+18,8,2,35,85,2017,9,12,5,3,6,4,0,1,1,0,0,0,0,4.80361E+20,5.39814E+21,8.73291E+15,4.8736E+16
55050,8.17093E+18,8,2,26,82,2017,9,12,5,3,5,3,0,1,0,1,0,0,0,4.75425E+20,5.47977E+21,8.66081E+15,4.94701E+16
55051,8.17093E+18,8,2,26,107,2017,9,15,5,3,6,4,0,1,1,0,0,0,0,4.75098E+20,5.48438E+21,8.65601E+15,4.95115E+16
55052,8.17093E+18,8,2,22,0,2017,9,13,5,3,2,2,0,1,0,0,0,0,0,4.62041E+20,5.48174E+21,8.47589E+15,4.94871E+16
55053,8.17093E+18,8,2,26,3,2017,9,8,5,2,5,3,1,1,0,0,0,0,0,4.61651E+20,5.46366E+21,8.47226E+15,4.93245E+16
55054,8.17093E+18,8,2,21,0,2017,9,16,5,2,2,6,0,1,0,1,0,0,0,4.75452E+20,5.47076E+21,8.66173E+15,4.9389E+16
55055,8.17093E+18,8,2,21,0,2017,9,15,5,2,5,5,0,1,0,1,0,0,0,4.76853E+20,5.47166E+21,8.681E+15,4.93972E+16
55056,8.17093E+18,8,2,16,43,2017,9,17,5,3,2,6,0,1,0,0,0,0,0,4.43521E+20,5.41317E+21,8.22984E+15,4.88689E+16
55057,8.17093E+18,8,2,16,43,2017,9,14,5,3,5,3,1,1,0,0,0,0,0,4.42622E+20,5.41262E+21,8.21765E+15,4.88639E+16
55058,8.17093E+18,8,2,15,110,2017,9,19,5,3,5,3,0,1,0,0,1,0,0,4.61926E+20,5.42049E+21,8.48012E+15,4.89362E+16
55059,8.17093E+18,8,1,25,27,2017,9,15,5,3,2,6,0,1,0,0,0,0,0,5.17557E+20,5.44701E+21,9.24088E+15,4.91757E+16
55060,8.17093E+18,8,1,25,111,2017,9,17,5,3,1,6,0,1,0,0,0,0,0,5.25583E+20,5.45775E+21,9.35168E+15,4.92719E+16
55061,8.17093E+18,8,1,15,45,2017,9,18,5,3,2,6,0,1,0,0,0,0,0,4.99485E+20,5.39329E+21,8.993E+15,4.86926E+16
55062,8.17093E+18,8,1,36,19,2017,9,7,5,3,0,6,1,0,0,0,0,0,0,5.82469E+20,5.42426E+21,1.01267E+16,4.89657E+16
55063,8.17093E+18,8,1,36,19,2017,9,8,5,3,2,2,0,1,0,0,0,0,0,5.85174E+20,5.42474E+21,1.01638E+16,4.89697E+16
55064,8.17093E+18,8,1,36,88,2017,9,8,5,3,5,3,0,1,0,0,0,0,0,5.88342E+20,5.40856E+21,1.02036E+16,4.88238E+16
55065,8.17093E+18,8,1,36,2,2017,9,20,5,3,4,2,0,1,0,1,0,2,0,5.74251E+20,5.41629E+21,1.0013E+16,4.88951E+16
55066,8.17093E+18,8,1,27,89,2017,9,14,5,3,2,2,0,1,0,0,0,0,0,5.6363E+20,5.43641E+21,9.8713E+15,4.90773E+16
55067,8.17093E+18,8,1,26,66,2017,9,12,5,3,5,3,0,1,0,1,0,0,0,5.38627E+20,5.44961E+21,9.53021E+15,4.91981E+16
55068,8.17093E+18,8,1,21,0,2017,9,7,5,2,6,4,0,1,1,0,0,0,0,5.16129E+20,5.44374E+21,9.22117E+15,4.91463E+16
55069,8.17093E+18,8,2,26,95,2017,9,10,3,3,2,6,0,1,0,0,0,0,0,4.71635E+20,5.45933E+21,8.60996E+15,4.92861E+16
55070,8.17093E+18,8,1,36,19,2017,9,17,3,3,1,2,0,1,0,0,0,0,0,5.81746E+20,5.42527E+21,1.01171E+16,4.89749E+16
55071,8.17093E+18,8,2,26,28,2017,9,7,3,3,2,6,0,1,0,0,0,0,0,4.73558E+20,5.48624E+21,8.63461E+15,4.95282E+16
55072,8.17093E+18,8,2,12,0,2017,9,17,3,3,2,6,0,1,0,0,0,0,0,4.56836E+20,5.42676E+21,8.40995E+15,4.89922E+16
55073,8.17093E+18,8,1,26,39,2017,9,14,5,3,4,6,0,1,0,0,0,0,0,5.50883E+20,5.46387E+21,9.70025E+15,4.93255E+16
55074,8.17093E+18,8,1,21,0,2017,9,7,5,2,3,7,1,0,0,0,1,0,0,5.16053E+20,5.44242E+21,9.22006E+15,4.91344E+16
55075,8.17093E+18,8,1,19,79,2017,9,15,5,3,1,6,0,1,0,0,1,0,0,5.2201E+20,5.41078E+21,9.30002E+15,4.88496E+16
55076,8.17093E+18,8,1,19,67,2017,9,2,5,2,9,1,0,1,0,0,0,2,0,5.38852E+20,5.40783E+21,9.5293E+15,4.88222E+16
55077,8.17093E+18,8,1,19,93,2017,9,9,5,3,2,6,0,1,0,1,0,0,0,5.24152E+20,5.40259E+21,9.32873E+15,4.87759E+16
55078,8.17093E+18,8,1,19,8,2017,9,23,5,3,0,1,1,0,0,0,0,2,0,5.3212E+20,5.42106E+21,9.43864E+15,4.89417E+16
55079,8.17093E+18,8,1,19,93,2017,9,18,5,2,4,1,0,1,0,0,0,1,0,5.2372E+20,5.40209E+21,9.32283E+15,4.87713E+16
55080,8.17093E+18,8,1,19,79,2017,9,11,5,2,3,6,1,1,0,0,0,0,0,5.23439E+20,5.41031E+21,9.31947E+15,4.88453E+16
55081,8.17093E+18,8,4,25,71,2017,9,15,5,2,0,7,0,1,1,0,0,0,0,5.50883E+20,5.37094E+21,9.68866E+15,4.84895E+16
55082,8.17093E+18,8,1,15,54,2017,9,14,5,2,4,7,0,1,0,0,1,0,0,4.93918E+20,5.39429E+21,8.91734E+15,4.87016E+16
55083,8.17093E+18,8,1,15,24,2017,9,17,5,3,2,6,0,1,0,1,0,0,0,5.01136E+20,5.38631E+21,9.01541E+15,4.86299E+16
55084,8.17093E+18,8,1,11,0,2017,9,0,5,3,2,2,0,1,0,0,0,2,0,5.15666E+20,5.40533E+21,9.21334E+15,4.88007E+16
55085,8.17093E+18,8,1,11,0,2017,9,15,5,3,2,6,0,1,0,0,0,0,0,5.07826E+20,5.39652E+21,9.1064E+15,4.87216E+16
55086,8.17093E+18,8,4,37,123,2017,9,16,4,3,5,3,0,1,0,0,0,0,0,5.0274E+20,5.31048E+21,9.0367E+15,4.79476E+16
55087,8.17093E+18,8,4,36,55,2017,9,7,4,3,2,6,0,1,0,0,1,0,0,5.74813E+20,5.30063E+21,1.00001E+16,4.78546E+16
55088,8.17093E+18,8,4,36,85,2017,9,7,4,3,2,6,0,1,0,0,0,1,0,5.5986E+20,5.29773E+21,9.79985E+15,4.78301E+16
55089,8.17093E+18,8,4,36,55,2017,9,18,4,3,3,6,1,1,0,0,0,0,0,5.82828E+20,5.29901E+21,1.01069E+16,4.78391E+16
55090,8.17093E+18,8,4,35,35,2017,9,6,4,3,2,6,0,1,0,1,0,1,0,5.40566E+20,5.28026E+21,9.54043E+15,4.76744E+16
55091,8.17093E+18,8,4,26,35,2017,9,8,4,2,8,1,0,1,0,0,0,0,0,5.4119E+20,5.33184E+21,9.55367E+15,4.81384E+16
55092,8.17093E+18,8,4,25,72,2017,9,6,4,2,8,6,0,1,0,1,0,2,0,5.74425E+20,5.37139E+21,1.00073E+16,4.84913E+16
55093,8.17093E+18,8,4,21,0,2017,9,12,4,3,2,6,0,1,0,0,0,0,0,5.72228E+20,5.36537E+21,9.97655E+15,4.84373E+16
55094,8.17093E+18,8,4,15,60,2017,9,10,4,1,9,7,0,1,0,0,0,0,0,5.15657E+20,5.37873E+21,9.21221E+15,4.85615E+16
55095,8.17093E+18,8,3,37,22,2017,9,20,4,3,8,1,0,0,0,0,1,2,0,4.48287E+20,5.29777E+21,8.309E+15,4.78312E+16
55096,8.17093E+18,8,3,26,60,2017,9,18,4,3,4,2,0,1,0,1,0,0,0,4.43197E+20,5.33173E+21,8.23651E+15,4.81363E+16
55097,8.17093E+18,8,3,26,55,2017,9,17,4,3,9,1,0,0,0,1,0,0,0,4.3884E+20,5.33301E+21,8.17776E+15,4.81474E+16
55098,8.17093E+18,8,3,25,45,2017,9,14,4,2,3,2,0,1,0,1,0,0,0,4.64763E+20,5.34763E+21,8.52504E+15,4.82809E+16
55099,8.17093E+18,8,3,26,41,2017,9,7,4,2,6,7,0,1,1,0,0,1,0,4.62798E+20,5.33291E+21,8.49984E+15,4.81484E+16
55100,8.17093E+18,8,3,17,5,2017,9,10,4,3,8,7,0,0,0,1,0,0,0,4.24689E+20,5.37823E+21,7.97945E+15,4.85526E+16
55101,8.17093E+18,8,3,17,150,2017,9,6,4,2,6,4,0,1,1,0,0,1,0,4.0792E+20,5.35957E+21,7.75637E+15,4.83826E+16
55102,8.17093E+18,8,2,22,0,2017,9,18,4,2,8,1,0,0,0,1,0,0,0,4.68737E+20,5.47746E+21,8.56869E+15,4.9449E+16
55103,8.17093E+18,8,2,16,63,2017,9,7,3,2,5,2,0,1,0,1,0,0,0,4.30726E+20,5.40261E+21,8.05716E+15,4.87726E+16
55104,8.17093E+18,8,2,16,43,2017,9,12,3,3,0,4,0,0,1,0,1,0,0,4.41724E+20,5.41171E+21,8.20554E+15,4.88556E+16
55105,8.17093E+18,8,1,36,7,2017,9,6,3,3,5,3,0,1,0,0,0,1,0,5.71735E+20,5.40005E+21,9.97588E+15,4.87493E+16
55106,8.17093E+18,8,1,36,65,2017,9,17,3,3,5,3,1,1,0,0,0,0,0,5.61535E+20,5.40381E+21,9.83769E+15,4.87842E+16
55107,8.17093E+18,8,1,28,7,2017,9,17,3,2,0,7,0,1,0,1,0,0,1,5.55764E+20,5.48114E+21,9.76984E+15,4.94804E+16
55108,8.17093E+18,8,2,15,39,2017,9,1,3,3,2,6,0,1,0,0,1,2,0,4.71062E+20,5.45321E+21,8.60251E+15,4.9231E+16
55109,8.17093E+18,8,2,26,85,2017,9,15,3,3,3,7,0,1,0,0,1,0,0,4.89565E+20,5.45512E+21,8.85662E+15,4.92487E+16
55110,8.17093E+18,8,2,22,0,2017,9,6,4,3,2,6,0,1,0,0,0,1,0,4.68544E+20,5.47772E+21,8.566E+15,4.94513E+16
55111,8.17093E+18,8,2,12,0,2017,9,9,4,3,5,2,0,1,0,0,0,0,0,4.55243E+20,5.42927E+21,8.3879E+15,4.90147E+16
55112,8.17093E+18,8,2,15,17,2017,9,7,4,3,2,6,0,1,0,0,0,1,0,4.53865E+20,5.42175E+21,8.36991E+15,4.8947E+16
55113,8.17093E+18,8,2,12,0,2017,9,17,4,3,3,6,0,1,0,1,0,0,0,4.53107E+20,5.42861E+21,8.35877E+15,4.90086E+16
55114,8.17093E+18,8,2,12,0,2017,9,11,4,3,2,6,0,1,0,0,0,0,0,4.52671E+20,5.42921E+21,8.35273E+15,4.90139E+16
55115,8.17093E+18,8,2,35,46,2017,9,7,4,3,4,6,0,1,0,0,0,0,0,4.7837E+20,5.37606E+21,8.70698E+15,4.85373E+16
55116,8.17093E+18,8,2,31,0,2017,9,17,4,3,1,6,0,1,0,0,0,0,0,4.75411E+20,5.41363E+21,8.66466E+15,4.88751E+16
55117,8.17093E+18,8,2,31,0,2017,9,13,4,2,5,3,0,1,0,0,0,0,0,4.75985E+20,5.41628E+21,8.67233E+15,4.8899E+16
55118,8.17093E+18,8,2,26,96,2017,9,17,4,3,4,7,1,0,0,0,0,0,0,4.75702E+20,5.48892E+21,8.66406E+15,4.95524E+16
55119,8.17093E+18,8,2,26,6,2017,9,9,4,3,2,6,0,1,0,0,1,0,0,4.84643E+20,5.4675E+21,8.78851E+15,4.936E+16
55120,8.17093E+18,8,2,22,0,2017,9,18,4,3,0,1,0,1,0,0,0,0,0,4.65831E+20,5.48427E+21,8.52801E+15,4.95101E+16
55121,8.17093E+18,8,2,26,40,2017,9,16,4,2,0,3,0,1,0,0,0,0,0,4.74389E+20,5.49474E+21,8.64554E+15,4.96047E+16
55122,8.17093E+18,8,2,21,0,2017,9,8,4,3,0,5,1,1,0,0,0,0,0,4.77524E+20,5.47103E+21,8.69028E+15,4.93915E+16
55123,8.17093E+18,8,2,21,0,2017,9,14,4,2,2,6,0,1,0,0,0,0,0,4.76139E+20,5.47161E+21,8.67116E+15,4.93967E+16
55124,8.17093E+18,8,2,16,17,2017,9,18,4,3,0,7,0,0,0,1,0,0,0,4.5118E+20,5.40131E+21,8.33568E+15,4.87628E+16
55125,8.17093E+18,8,2,16,52,2017,9,3,4,2,8,7,0,1,0,0,0,2,0,4.41459E+20,5.41835E+21,8.20099E+15,4.89153E+16
55126,8.17093E+18,8,2,15,9,2017,9,0,4,3,0,3,0,0,1,1,0,2,0,4.70726E+20,5.44144E+21,8.59876E+15,4.91251E+16
55127,8.17093E+18,8,2,15,17,2017,9,8,4,3,0,6,0,1,0,1,0,0,0,4.58766E+20,5.42047E+21,8.43698E+15,4.89358E+16
55128,8.17093E+18,8,2,12,0,2017,9,8,4,3,5,3,1,0,0,0,1,0,0,4.5519E+20,5.42856E+21,8.38725E+15,4.90083E+16
55129,8.17093E+18,8,3,17,1,2017,9,14,4,2,2,6,0,0,0,1,1,0,0,4.28662E+20,5.38892E+21,8.03144E+15,4.86492E+16
55130,8.17093E+18,8,1,18,6,2017,9,5,4,2,5,2,0,1,0,1,0,2,0,5.1775E+20,5.42136E+21,9.24242E+15,4.89449E+16
55131,8.17093E+18,8,1,36,2,2017,9,16,4,3,4,6,0,1,0,0,0,0,0,5.75022E+20,5.41784E+21,1.00238E+16,4.8909E+16
55132,8.17093E+18,8,1,35,31,2017,9,17,4,2,0,1,1,0,0,0,0,0,0,5.95068E+20,5.37909E+21,1.02884E+16,4.85577E+16
55133,8.17093E+18,8,4,25,72,2017,9,11,4,3,8,1,0,1,0,0,0,0,0,5.80072E+20,5.37394E+21,1.00842E+16,4.85135E+16
55134,8.17093E+18,8,1,26,86,2017,9,9,4,3,1,6,0,1,1,0,0,0,0,5.42604E+20,5.46084E+21,9.58599E+15,4.92988E+16
55135,8.17093E+18,8,1,25,65,2017,9,17,4,3,2,6,0,1,0,0,0,0,0,5.15583E+20,5.4488E+21,9.21387E+15,4.91918E+16
55136,8.17093E+18,8,1,25,5,2017,9,10,4,3,2,6,0,1,0,0,0,0,0,5.16699E+20,5.45258E+21,9.22935E+15,4.92258E+16
55137,8.17093E+18,8,1,25,74,2017,9,7,4,3,5,3,0,1,0,1,0,0,0,5.10304E+20,5.43995E+21,9.14119E+15,4.91123E+16
55138,8.17093E+18,8,1,21,0,2017,9,16,4,3,2,6,0,1,0,0,0,0,0,5.16736E+20,5.4429E+21,9.22945E+15,4.91387E+16