OBJECTID,UIDENTSTLA,ULAND,UREGBEZ,UKREIS,UGEMEINDE,UJAHR,UMONAT,USTUNDE,UWOCHENTAG,UKATEGORIE,UART,UTYP1,IstRad,IstPKW,IstFuss,IstKrad,IstSonstig,LICHT,STRZUSTAND,LINREFX,LINREFY,XGCSWGS84,YGCSWGS84
55488,8.17101E+18,8,3,11,0,2017,10,7,4,3,5,2,0,1,0,0,0,0,0,4.05432E+20,5.31488E+21,7.73273E+15,4.79803E+16
55489,8.17101E+18,8,2,26,85,2017,10,17,4,3,2,6,0,1,0,0,0,0,0,4.89553E+20,5.45515E+21,8.85645E+15,4.9249E+16
55490,8.17101E+18,8,2,31,0,2017,10,12,4,3,6,4,0,1,1,0,0,0,0,4.77379E+20,5.41629E+21,8.69135E+15,4.88992E+16
55491,8.17101E+18,8,2,31,0,2017,10,12,4,3,2,7,0,1,0,0,1,0,0,4.84514E+20,5.41379E+21,8.78879E+15,4.88769E+16
55492,8.17101E+18,8,2,21,0,2017,10,17,4,2,2,6,0,1,0,0,1,0,0,4.73343E+20,5.46892E+21,8.6328E+15,4.93724E+16
55493,8.17101E+18,8,3,17,1,2017,10,18,4,3,2,6,0,1,0,0,1,0,0,4.28365E+20,5.38796E+21,8.02758E+15,4.86406E+16
55494,8.17101E+18,8,2,35,8,2017,10,8,4,3,5,3,0,1,0,0,0,0,1,4.80618E+20,5.40232E+21,8.73621E+15,4.87736E+16
55495,8.17101E+18,8,2,31,0,2017,10,16,4,2,5,3,0,1,0,0,1,0,0,4.76976E+20,5.41591E+21,8.68587E+15,4.88957E+16
55496,8.17101E+18,8,2,31,0,2017,10,17,4,3,2,6,0,1,0,1,1,0,0,4.78146E+20,5.41607E+21,8.70183E+15,4.88972E+16
55497,8.17101E+18,8,2,35,46,2017,10,18,4,2,2,2,0,1,0,1,0,0,0,4.80057E+20,5.37638E+21,8.72982E+15,4.85402E+16
55498,8.17101E+18,8,2,36,72,2017,10,6,4,3,1,5,0,1,0,0,0,2,0,4.66346E+20,5.41388E+21,8.54102E+15,4.88769E+16
55499,8.17101E+18,8,2,36,33,2017,10,18,4,3,8,1,0,0,0,1,0,1,0,4.80831E+20,5.42839E+21,8.73788E+15,4.90082E+16
55500,8.17101E+18,8,2,26,10,2017,10,6,4,3,2,6,0,1,0,0,0,0,1,4.83122E+20,5.45954E+21,8.76791E+15,4.92883E+16
55501,8.17101E+18,8,2,26,96,2017,10,19,4,3,1,5,0,1,0,0,0,2,0,4.75304E+20,5.49208E+21,8.65837E+15,4.95808E+16
55502,8.17101E+18,8,2,25,109,2017,10,6,4,3,2,6,0,1,0,0,0,2,0,5.27263E+20,5.49237E+21,9.37717E+15,4.95833E+16
55503,8.17101E+18,8,2,21,0,2017,10,18,4,3,6,7,1,0,1,0,1,0,0,4.77551E+20,5.47197E+21,8.69059E+15,4.94E+16
55504,8.17101E+18,8,2,16,43,2017,10,5,4,3,5,2,0,1,0,0,0,2,1,4.42106E+20,5.41194E+21,8.21071E+15,4.88577E+16
55505,8.17101E+18,8,2,16,2,2017,10,19,4,3,8,1,0,1,0,0,0,2,0,4.45319E+20,5.42383E+21,8.25292E+15,4.8965E+16
55506,8.17101E+18,8,1,21,0,2017,10,18,4,3,2,6,0,1,0,0,1,0,0,5.13705E+20,5.44841E+21,9.18809E+15,4.91883E+16
55507,8.17101E+18,8,1,15,45,2017,10,20,4,3,2,6,0,1,0,0,0,2,0,5.04947E+20,5.39703E+21,9.06727E+15,4.87263E+16
55508,8.17101E+18,8,1,36,3,2017,10,16,4,2,5,3,1,1,0,0,0,0,0,5.72742E+20,5.42422E+21,9.99387E+15,4.89666E+16
55509,8.17101E+18,8,1,35,26,2017,10,14,4,3,4,2,0,1,0,0,0,0,0,5.89275E+20,5.39369E+21,1.02131E+16,4.86899E+16
55510,8.17101E+18,8,1,27,14,2017,10,6,4,3,2,6,0,1,0,0,0,2,0,5.75402E+20,5.44366E+21,1.00338E+16,4.91412E+16
55511,8.17101E+18,8,1,26,66,2017,10,12,4,3,5,2,0,1,0,0,0,0,0,5.35187E+20,5.45052E+21,9.48308E+15,4.92065E+16
55512,8.17101E+18,8,1,26,46,2017,10,19,4,3,2,6,0,1,0,0,0,2,0,5.50013E+20,5.4587E+21,9.68762E+15,4.9279E+16
55513,8.17101E+18,8,1,19,67,2017,10,21,4,2,9,1,0,1,0,0,0,2,0,5.41749E+20,5.40326E+21,9.5683E+15,4.87809E+16
55514,8.17101E+18,8,1,19,84,2017,10,16,4,3,2,6,0,1,0,0,0,0,0,5.45437E+20,5.41172E+21,9.61943E+15,4.88568E+16
55515,8.17101E+18,8,1,19,75,2017,10,14,4,3,4,2,0,1,0,1,0,0,0,5.3667E+20,5.42812E+21,9.5014E+15,4.90049E+16
55516,8.17101E+18,8,1,19,84,2017,10,7,4,2,4,1,0,1,0,0,0,1,1,5.4609E+20,5.41145E+21,9.62831E+15,4.88543E+16
55517,8.17101E+18,8,1,18,67,2017,10,16,4,3,2,6,0,1,0,0,0,0,0,5.09229E+20,5.41447E+21,9.12589E+15,4.88831E+16
55518,8.17101E+18,8,1,17,51,2017,10,17,4,3,2,6,0,1,0,0,0,0,0,5.42294E+20,5.39466E+21,9.57484E+15,4.87035E+16
55519,8.17101E+18,8,1,15,13,2017,10,12,4,3,8,1,0,1,0,0,0,0,0,4.93544E+20,5.39104E+21,8.91231E+15,4.86724E+16
55520,8.17101E+18,8,1,15,52,2017,10,17,4,3,5,2,0,1,0,0,0,0,0,4.93776E+20,5.408E+21,8.9152E+15,4.88249E+16
55521,8.17101E+18,8,1,15,37,2017,10,14,4,3,5,3,0,1,0,0,0,0,0,4.91249E+20,5.38459E+21,8.88127E+15,4.86144E+16
55522,8.17101E+18,8,1,11,0,2017,10,15,4,3,5,2,1,1,0,0,0,0,0,5.13037E+20,5.40701E+21,9.17758E+15,4.88159E+16
55523,8.17101E+18,8,1,11,0,2017,10,6,4,3,3,6,1,1,0,0,0,1,0,5.10059E+20,5.40264E+21,9.13692E+15,4.87767E+16
55524,8.17101E+18,8,4,37,104,2017,10,7,3,3,5,3,0,1,0,0,0,0,0,5.1835E+20,5.32016E+21,9.24616E+15,4.80345E+16
55525,8.17101E+18,8,4,36,6,2017,10,14,3,3,2,6,0,1,0,0,1,0,0,5.60629E+20,5.28426E+21,9.80823E+15,4.77089E+16
55526,8.17101E+18,8,4,36,93,2017,10,14,3,3,5,3,0,1,0,0,0,0,0,5.44072E+20,5.31294E+21,9.59045E+15,4.79683E+16
55527,8.17101E+18,8,4,35,54,2017,10,14,3,3,5,3,0,1,0,0,1,0,0,5.22046E+20,5.28182E+21,9.29377E+15,4.76894E+16
55528,8.17101E+18,8,4,35,16,2017,10,17,3,3,0,7,1,0,0,0,0,0,0,5.36649E+20,5.2778E+21,9.48804E+15,4.76526E+16
55529,8.17101E+18,8,4,35,52,2017,10,19,3,2,6,6,1,0,1,0,0,2,0,5.21998E+20,5.29204E+21,9.29366E+15,4.77813E+16
55530,8.17101E+18,8,4,15,61,2017,10,19,3,3,3,6,0,1,0,0,0,2,1,5.15199E+20,5.37103E+21,9.20572E+15,4.84922E+16
55531,8.17101E+18,8,4,15,61,2017,10,17,3,3,5,3,0,1,0,0,0,0,1,5.16807E+20,5.37548E+21,9.22767E+15,4.85322E+16
55532,8.17101E+18,8,3,35,79,2017,10,14,3,2,0,7,1,0,0,0,0,0,0,4.99733E+20,5.29729E+21,8.99643E+15,4.7829E+16
55533,8.17101E+18,8,4,17,8,2017,10,12,3,3,6,4,0,1,1,0,0,0,0,4.93146E+20,5.35138E+21,8.90755E+15,4.83156E+16
55534,8.17101E+18,8,3,26,6,2017,10,20,3,2,8,1,0,1,0,0,0,2,0,4.6059E+20,5.30998E+21,8.47227E+15,4.7942E+16
55535,8.17101E+18,8,3,17,34,2017,10,10,3,2,5,3,0,1,0,1,0,0,1,4.25878E+20,5.36342E+21,7.99819E+15,4.84196E+16
55536,8.17101E+18,8,3,17,65,2017,10,19,3,3,2,6,0,1,0,0,0,2,1,4.17587E+20,5.35477E+21,7.88785E+15,4.83407E+16
55537,8.17101E+18,8,2,31,0,2017,10,9,3,2,1,6,0,1,0,0,1,0,0,4.78559E+20,5.41785E+21,8.70737E+15,4.89133E+16
55538,8.17101E+18,8,2,15,84,2017,10,13,3,2,5,3,0,1,0,1,0,0,1,4.72239E+20,5.4465E+21,8.61915E+15,4.91707E+16
55539,8.17101E+18,8,2,12,0,2017,10,16,3,3,2,6,0,1,0,0,0,0,0,4.53417E+20,5.42839E+21,8.36303E+15,4.90067E+16
55540,8.17101E+18,8,2,35,6,2017,10,6,3,3,2,6,0,1,0,0,0,2,0,4.71858E+20,5.38378E+21,8.61825E+15,4.86065E+16
55541,8.17101E+18,8,2,35,22,2017,10,5,3,2,4,6,0,1,0,0,0,2,0,4.72606E+20,5.37875E+21,8.62872E+15,4.85612E+16
55542,8.17101E+18,8,2,35,35,2017,10,9,3,3,8,7,0,1,0,0,0,0,1,4.69113E+20,5.40411E+21,8.57949E+15,4.87892E+16
55543,8.17101E+18,8,2,31,0,2017,10,16,3,3,5,3,0,1,0,0,0,0,0,4.78385E+20,5.41564E+21,8.70511E+15,4.88934E+16
55544,8.17101E+18,8,2,36,40,2017,10,15,3,2,4,6,0,1,0,0,0,0,0,4.89395E+20,5.42463E+21,8.85509E+15,4.89745E+16
55545,8.17101E+18,8,2,26,96,2017,10,16,3,3,2,1,0,1,0,0,0,0,0,4.76116E+20,5.48919E+21,8.66978E+15,4.95549E+16
55546,8.17101E+18,8,2,26,56,2017,10,10,3,3,6,5,0,0,1,0,1,0,1,4.84834E+20,5.47133E+21,8.79099E+15,4.93945E+16
55547,8.17101E+18,8,2,26,98,2017,10,14,3,2,6,4,0,1,1,0,0,0,1,4.8096E+20,5.46114E+21,8.73809E+15,4.93027E+16
55548,8.17101E+18,8,2,16,49,2017,10,17,3,3,8,1,0,1,0,0,0,0,1,4.32355E+20,5.39955E+21,8.07984E+15,4.87453E+16
55549,8.17101E+18,8,2,15,47,2017,10,14,3,3,8,1,0,1,0,0,0,0,1,4.59323E+20,5.40752E+21,8.44587E+15,4.88194E+16
55550,8.17101E+18,8,2,16,9,2017,10,18,3,2,8,1,0,1,0,0,0,1,0,4.48082E+20,5.41844E+21,8.29136E+15,4.89167E+16
55551,8.17101E+18,8,1,25,69,2017,10,4,3,3,2,6,0,1,0,0,1,2,0,5.2504E+20,5.45057E+21,9.34378E+15,4.92074E+16
55552,8.17101E+18,8,1,15,28,2017,10,12,3,3,3,6,0,1,0,0,1,0,0,5.01891E+20,5.40236E+21,9.02574E+15,4.87742E+16
55553,8.17101E+18,8,1,36,65,2017,10,20,3,3,5,3,0,1,0,0,0,2,1,5.62178E+20,5.40449E+21,9.84655E+15,4.87903E+16
55554,8.17101E+18,8,1,36,21,2017,10,14,3,3,4,6,0,1,0,0,1,0,0,5.75074E+20,5.4107E+21,1.00232E+16,4.88447E+16
55555,8.17101E+18,8,1,35,10,2017,10,7,3,2,6,4,0,1,1,0,0,0,0,5.99606E+20,5.39508E+21,1.03537E+16,4.87008E+16
55556,8.17101E+18,8,1,35,16,2017,10,18,3,3,5,3,1,1,0,0,0,0,0,5.92084E+20,5.38625E+21,1.02496E+16,4.86225E+16
55557,8.17101E+18,8,1,27,14,2017,10,19,3,3,6,7,0,1,1,0,0,1,0,5.7896E+20,5.44371E+21,1.00826E+16,4.91411E+16
55558,8.17101E+18,8,1,27,14,2017,10,14,3,2,5,3,0,1,0,0,0,0,1,5.80316E+20,5.43908E+21,1.01003E+16,4.90993E+16
55559,8.17101E+18,8,1,27,76,2017,10,17,3,3,8,1,0,1,0,0,0,0,1,5.62619E+20,5.43748E+21,9.85762E+15,4.90869E+16
55560,8.17101E+18,8,2,25,67,2017,10,13,3,2,4,1,0,1,0,0,0,0,1,5.09995E+20,5.46338E+21,9.13754E+15,4.9323E+16
55561,8.17101E+18,8,1,25,69,2017,10,16,3,3,0,7,0,1,0,0,1,0,0,5.24702E+20,5.45419E+21,9.33936E+15,4.92399E+16
55562,8.17101E+18,8,1,21,0,2017,10,18,3,3,1,6,0,1,0,0,0,2,0,5.12594E+20,5.44539E+21,9.17274E+15,4.91612E+16
55563,8.17101E+18,8,1,19,67,2017,10,18,3,3,9,1,0,0,0,1,0,1,1,5.42129E+20,5.40015E+21,9.57316E+15,4.87529E+16
55564,8.17101E+18,8,1,36,65,2017,10,16,3,3,5,2,0,1,0,0,0,0,1,5.5852E+20,5.40485E+21,9.79681E+15,4.87939E+16
55565,8.17101E+18,8,1,18,76,2017,10,7,3,3,2,2,0,1,0,0,0,0,0,5.04172E+20,5.42203E+21,9.05698E+15,4.89512E+16
55566,8.17101E+18,8,1,18,81,2017,10,17,3,3,1,6,0,1,0,0,0,0,0,5.185E+20,5.41458E+21,9.25235E+15,4.88839E+16
55567,8.17101E+18,8,1,15,28,2017,10,10,3,2,5,3,0,1,0,0,0,0,0,4.9941E+20,5.40361E+21,8.99197E+15,4.87855E+16
55568,8.17101E+18,8,1,17,51,2017,10,15,3,3,5,3,0,1,0,0,0,0,1,5.44917E+20,5.39518E+21,9.61055E+15,4.87081E+16
55569,8.17101E+18,8,4,25,84,2017,10,17,3,2,0,2,1,1,0,0,0,0,1,5.58415E+20,5.37682E+21,9.79141E+15,4.85418E+16
55570,8.17101E+18,8,1,16,72,2017,10,6,3,3,5,3,0,1,0,0,0,1,0,5.29979E+20,5.3939E+21,9.40741E+15,4.86974E+16
55571,8.17101E+18,8,1,16,78,2017,10,17,3,3,2,6,0,1,0,0,0,0,1,5.13845E+20,5.39113E+21,9.18805E+15,4.8673E+16
55572,8.17101E+18,8,4,16,15,2017,10,8,3,3,1,6,0,1,0,1,0,0,0,5.05443E+20,5.36758E+21,9.07362E+15,4.84613E+16
55573,8.17101E+18,8,1,16,19,2017,10,16,3,3,5,3,1,1,0,0,0,0,0,5.23579E+20,5.39776E+21,9.32066E+15,4.87324E+16
55574,8.17101E+18,8,1,11,0,2017,10,9,3,3,2,2,0,1,0,0,0,0,0,5.1375E+20,5.40229E+21,9.18715E+15,4.87735E+16
55575,8.17101E+18,8,1,11,0,2017,10,6,3,3,5,3,0,1,0,0,0,2,0,5.15979E+20,5.40686E+21,9.21765E+15,4.88145E+16
55576,8.17101E+18,8,1,11,0,2017,10,22,3,3,5,3,1,1,0,0,0,2,0,5.14853E+20,5.40611E+21,9.20229E+15,4.88078E+16
55577,8.17101E+18,8,4,37,47,2017,10,7,2,3,3,6,0,1,0,0,0,0,0,5.20962E+20,5.33901E+21,9.28213E+15,4.8204E+16
55578,8.17101E+18,8,4,36,64,2017,10,9,2,3,2,6,0,1,0,0,0,0,0,5.45197E+20,5.29066E+21,9.60319E+15,4.77677E+16
55579,8.17101E+18,8,4,26,71,2017,10,7,2,3,3,6,0,0,0,1,1,0,0,5.62611E+20,5.33344E+21,9.84181E+15,4.81511E+16
55580,8.17101E+18,8,4,16,48,2017,10,17,2,3,5,3,0,1,0,0,0,0,0,4.97198E+20,5.37536E+21,8.96204E+15,4.85314E+16
55581,8.17101E+18,8,4,16,41,2017,10,9,2,3,5,3,0,1,0,0,1,0,1,5.0571E+20,5.37326E+21,9.07732E+15,4.85124E+16
55582,8.17101E+18,8,3,36,103,2017,10,11,2,3,8,1,0,1,0,0,0,0,0,4.13053E+20,5.28524E+21,7.84079E+15,4.77147E+16
55583,8.17101E+18,8,3,35,79,2017,10,7,2,3,5,3,0,1,0,0,0,0,0,5.00876E+20,5.29971E+21,9.01171E+15,4.78508E+16
55584,8.17101E+18,8,3,35,75,2017,10,4,2,3,8,1,0,1,0,0,0,2,1,4.86679E+20,5.2925E+21,8.82216E+15,4.77857E+16
55585,8.17101E+18,8,4,35,16,2017,10,14,2,3,5,2,1,1,0,0,0,0,0,5.3564E+20,5.27956E+21,9.47475E+15,4.76684E+16
55586,8.17101E+18,8,4,36,96,2017,10,6,2,2,4,6,0,1,0,1,1,2,1,5.38658E+20,5.30441E+21,9.51716E+15,4.78919E+16
55587,8.17101E+18,8,3,26,3,2017,10,14,2,3,2,6,0,1,0,0,1,0,1,4.64354E+20,5.31936E+21,8.52189E+15,4.80265E+16
55588,8.17101E+18,8,3,25,53,2017,10,20,2,3,6,6,0,0,1,0,1,2,0,4.547E+20,5.34195E+21,8.39002E+15,4.82292E+16
55589,8.17101E+18,8,3,27,19,2017,10,9,2,2,4,6,0,0,0,0,1,0,0,4.8181E+20,5.33058E+21,8.75555E+15,4.81282E+16
55590,8.17101E+18,8,3,17,96,2017,10,13,2,3,6,4,0,0,1,0,1,0,0,4.22312E+20,5.36409E+21,7.94988E+15,4.84252E+16
55591,8.17101E+18,8,3,17,153,2017,10,13,2,3,0,7,1,0,0,0,0,0,0,4.20802E+20,5.38936E+21,7.92467E+15,4.86523E+16
55592,8.17101E+18,8,3,15,33,2017,10,6,2,3,7,7,0,1,0,0,0,2,0,3.99754E+20,5.30601E+21,7.65872E+15,4.78996E+16
55593,8.17101E+18,8,2,26,103,2017,10,12,2,3,3,6,0,1,0,0,1,0,0,4.72068E+20,5.45798E+21,8.616E+15,4.92739E+16
55594,8.17101E+18,8,2,26,10,2017,10,11,2,3,2,6,0,1,0,0,1,0,0,4.83553E+20,5.45753E+21,8.77391E+15,4.92703E+16
55595,8.17101E+18,8,2,36,19,2017,10,21,2,3,7,7,0,1,0,0,1,2,0,4.87893E+20,5.40971E+21,8.835E+15,4.88402E+16
55596,8.17101E+18,8,2,15,64,2017,10,9,2,1,8,7,0,1,0,0,0,0,0,4.81481E+20,5.4468E+21,8.74593E+15,4.91737E+16
55597,8.17101E+18,8,2,12,0,2017,10,13,2,3,5,3,0,1,0,0,1,0,0,4.49921E+20,5.43187E+21,8.3148E+15,4.90377E+16
55598,8.17101E+18,8,2,37,27,2017,10,7,2,3,3,6,0,1,0,0,1,0,0,4.85173E+20,5.36778E+21,8.79943E+15,4.8463E+16
55599,8.17101E+18,8,2,35,6,2017,10,8,2,3,6,4,0,1,1,0,0,0,1,4.74204E+20,5.38049E+21,8.65027E+15,4.85769E+16
55600,8.17101E+18,8,2,35,55,2017,10,6,2,3,5,3,0,1,0,0,0,2,1,4.75084E+20,5.39799E+21,8.66114E+15,4.87344E+16
55601,8.17101E+18,8,2,36,73,2017,10,19,2,3,8,1,0,1,0,0,0,2,0,4.80086E+20,5.42429E+21,8.7279E+15,4.89712E+16
55602,8.17101E+18,8,2,35,85,2017,10,18,2,2,3,2,0,1,0,0,0,1,0,4.81122E+20,5.39412E+21,8.74344E+15,4.86998E+16
55603,8.17101E+18,8,2,31,0,2017,10,12,2,3,5,3,0,1,0,0,0,0,0,4.77783E+20,5.41724E+21,8.69681E+15,4.89077E+16
55604,8.17101E+18,8,2,36,40,2017,10,19,2,3,2,6,0,1,0,0,0,2,0,4.90223E+20,5.42189E+21,8.86647E+15,4.89499E+16
55605,8.17101E+18,8,2,26,98,2017,10,10,2,3,6,2,0,0,1,0,1,0,0,4.78587E+20,5.46043E+21,8.70549E+15,4.92962E+16
55606,8.17101E+18,8,2,16,39,2017,10,6,2,2,2,6,0,1,0,0,0,2,1,4.4575E+20,5.41453E+21,8.26005E+15,4.88813E+16
55607,8.17101E+18,8,2,16,22,2017,10,11,2,3,5,2,0,1,0,0,1,0,0,4.33947E+20,5.40495E+21,8.10063E+15,4.8794E+16
55608,8.17101E+18,8,2,16,49,2017,10,16,2,2,5,3,0,1,0,1,0,0,0,4.3887E+20,5.40094E+21,8.16824E+15,4.87585E+16
55609,8.17101E+18,8,1,25,98,2017,10,0,2,3,9,1,0,1,0,0,0,2,1,5.21837E+20,5.43892E+21,9.29918E+15,4.91027E+16
55610,8.17101E+18,8,1,25,65,2017,10,7,2,3,2,6,0,1,0,0,0,1,0,5.16272E+20,5.44776E+21,9.22329E+15,4.91825E+16
55611,8.17101E+18,8,1,35,19,2017,10,7,2,3,2,6,0,1,0,0,0,0,1,5.82149E+20,5.39246E+21,1.0116E+16,4.86798E+16
55612,8.17101E+18,8,1,28,131,2017,10,14,2,3,5,2,0,1,0,0,0,0,0,5.34441E+20,5.51422E+21,9.47839E+15,4.97794E+16
55613,8.17101E+18,8,1,27,76,2017,10,16,2,3,5,2,0,1,0,1,0,0,0,5.57821E+20,5.43979E+21,9.79225E+15,4.91082E+16
55614,8.17101E+18,8,1,27,14,2017,10,3,2,2,0,1,0,1,0,0,0,2,1,5.77342E+20,5.44372E+21,1.00604E+16,4.91414E+16
55615,8.17101E+18,8,1,21,0,2017,10,0,2,2,6,2,0,1,1,0,0,2,1,5.14901E+20,5.44284E+21,9.20429E+15,4.91382E+16
55616,8.17101E+18,8,1,25,21,2017,10,8,2,2,2,6,0,1,0,1,0,0,0,5.22582E+20,5.44657E+21,9.3098E+15,4.91715E+16
55617,8.17101E+18,8,1,25,113,2017,10,14,2,3,5,3,0,1,0,1,0,0,0,5.27892E+20,5.45324E+21,9.38311E+15,4.92313E+16
55618,8.17101E+18,8,1,19,67,2017,10,15,2,2,5,2,1,1,0,0,0,0,0,5.38759E+20,5.4052E+21,9.52778E+15,4.87985E+16
55619,8.17101E+18,8,1,18,79,2017,10,16,2,2,8,7,0,1,0,0,0,0,0,5.10826E+20,5.4257E+21,9.14797E+15,4.89841E+16
55620,8.17101E+18,8,1,17,51,2017,10,13,2,3,1,6,0,1,0,1,0,0,0,5.42432E+20,5.39497E+21,9.57675E+15,4.87063E+16
55621,8.17101E+18,8,1,17,24,2017,10,7,2,3,0,7,1,1,0,0,0,1,1,5.59923E+20,5.38658E+21,9.81325E+15,4.86295E+16
55622,8.17101E+18,8,1,17,24,2017,10,18,2,3,4,7,0,1,0,0,0,2,0,5.62052E+20,5.38825E+21,9.84239E+15,4.86443E+16
55623,8.17101E+18,8,1,17,51,2017,10,10,2,3,8,7,0,0,0,0,1,0,1,5.44347E+20,5.39461E+21,9.60273E+15,4.8703E+16
55624,8.17101E+18,8,1,16,22,2017,10,8,2,3,2,6,0,1,0,0,0,0,1,5.23497E+20,5.38282E+21,9.31869E+15,4.8598E+16
55625,8.17101E+18,8,1,16,19,2017,10,18,2,2,4,6,0,1,0,1,0,1,0,5.25372E+20,5.39778E+21,9.34504E+15,4.87326E+16
55626,8.17101E+18,8,1,16,47,2017,10,13,2,3,5,3,0,1,0,0,0,0,0,5.19451E+20,5.39324E+21,9.2643E+15,4.86919E+16
55627,8.17101E+18,8,1,15,28,2017,10,14,2,2,4,7,0,1,0,0,0,0,0,5.01065E+20,5.40503E+21,9.0145E+15,4.87983E+16
55628,8.17101E+18,8,1,15,3,2017,10,13,2,3,0,1,0,0,0,1,0,0,1,4.9646E+20,5.3932E+21,8.9519E+15,4.86918E+16
55629,8.17101E+18,8,1,11,0,2017,10,6,2,3,2,6,0,1,0,0,0,2,1,5.15369E+20,5.40513E+21,9.20928E+15,4.87989E+16
55630,8.17101E+18,8,1,11,0,2017,10,15,2,3,2,6,0,1,0,0,0,0,0,5.15354E+20,5.40519E+21,9.20908E+15,4.87995E+16
55631,8.17101E+18,8,1,11,0,2017,10,17,2,3,2,2,0,1,0,0,0,0,0,5.1718E+20,5.40338E+21,9.23387E+15,4.87831E+16
55632,8.17101E+18,8,1,11,0,2017,10,15,2,3,2,6,0,1,0,0,0,0,0,5.17806E+20,5.40447E+21,9.24244E+15,4.8793E+16
55633,8.17101E+18,8,1,11,0,2017,10,0,2,2,2,6,0,1,0,1,0,2,0,5.17138E+20,5.39837E+21,9.23309E+15,4.87381E+16
55634,8.17101E+18,8,4,26,73,2017,10,9,1,3,8,1,0,1,0,0,0,0,1,5.64483E+20,5.33684E+21,9.86749E+15,4.81815E+16
55635,8.17101E+18,8,4,26,97,2017,10,10,1,2,8,1,0,1,0,0,0,0,1,5.34796E+20,5.32999E+21,9.46757E+15,4.81222E+16
55636,8.17101E+18,8,1,17,10,2017,10,21,1,2,6,7,0,1,1,0,0,2,1,5.68905E+20,5.3929E+21,9.93619E+15,4.86853E+16
55637,8.17101E+18,8,4,16,31,2017,10,14,1,3,2,6,0,1,0,0,0,0,0,5.02515E+20,5.36199E+21,9.03398E+15,4.8411E+16
55638,8.17101E+18,8,3,37,62,2017,10,7,1,3,8,1,0,1,0,0,0,2,1,4.54767E+20,5.27506E+21,8.39794E+15,4.76273E+16
55639,8.17101E+18,8,4,17,57,2017,10,0,1,2,5,3,0,1,0,0,0,2,1,4.81321E+20,5.33921E+21,8.74859E+15,4.82059E+16
55640,8.17101E+18,8,3,17,153,2017,10,0,1,2,4,6,0,1,0,0,0,2,1,4.21549E+20,5.39002E+21,7.93468E+15,4.86583E+16
55641,8.17101E+18,8,2,37,4,2017,10,12,1,3,9,1,0,0,0,1,0,0,1,4.57521E+20,5.3746E+21,8.4247E+15,4.8523E+16
55642,8.17101E+18,8,2,26,20,2017,10,22,1,3,9,1,0,1,0,0,0,2,1,4.90578E+20,5.46317E+21,8.87035E+15,4.93212E+16
55643,8.17101E+18,8,2,22,0,2017,10,7,1,3,5,2,0,1,0,0,0,2,1,4.63391E+20,5.47803E+21,8.49487E+15,4.94538E+16
55644,8.17101E+18,8,2,26,54,2017,10,16,1,2,4,6,0,1,0,0,0,0,1,4.81943E+20,5.45453E+21,8.75192E+15,4.92433E+16
55645,8.17101E+18,8,1,36,88,2017,10,9,1,3,4,2,0,1,0,0,0,0,0,5.74968E+20,5.4136E+21,1.00223E+16,4.88708E+16
55646,8.17101E+18,8,1,36,82,2017,10,0,1,3,5,3,0,1,0,0,0,2,1,5.89586E+20,5.41401E+21,1.02217E+16,4.88726E+16
55647,8.17101E+18,8,1,35,21,2017,10,13,1,2,5,3,0,1,0,0,0,0,0,5.93012E+20,5.38391E+21,1.02616E+16,4.86014E+16
55648,8.17101E+18,8,4,25,8,2017,10,16,1,1,8,1,0,1,0,0,0,0,0,5.64788E+20,5.38323E+21,9.87875E+15,4.85988E+16
55649,8.17101E+18,8,1,28,131,2017,10,15,1,3,2,6,0,0,0,1,0,0,1,5.41326E+20,5.51333E+21,9.57392E+15,4.9771E+16
55650,8.17101E+18,8,1,27,71,2017,10,2,1,2,8,1,0,1,0,0,0,2,1,5.74509E+20,5.45482E+21,1.00237E+16,4.92416E+16
55651,8.17101E+18,8,1,27,100,2017,10,18,1,3,8,1,0,1,0,0,0,0,1,5.53262E+20,5.4342E+21,9.72905E+15,4.90583E+16
55652,8.17101E+18,8,1,19,61,2017,10,21,1,3,8,1,0,1,0,0,0,2,1,5.40294E+20,5.41583E+21,9.54974E+15,4.88941E+16
55653,8.17101E+18,8,1,19,61,2017,10,16,1,3,8,1,0,1,0,0,0,0,0,5.36758E+20,5.41512E+21,9.50144E+15,4.8888E+16
55654,8.17101E+18,8,1,18,7,2017,10,21,1,3,5,3,0,1,0,0,0,2,1,5.10235E+20,5.42715E+21,9.13993E+15,4.89972E+16
55655,8.17101E+18,8,4,25,79,2017,10,12,1,3,2,6,0,1,0,0,0,0,1,5.58038E+20,5.37427E+21,9.78596E+15,4.85188E+16
55656,8.17101E+18,8,1,15,45,2017,10,19,1,3,2,6,0,1,0,0,0,2,0,5.00147E+20,5.39353E+21,9.002E+15,4.86948E+16
55657,8.17101E+18,8,1,11,0,2017,10,18,1,3,2,6,0,1,0,0,0,0,0,5.16277E+20,5.4048E+21,9.22164E+15,4.8796E+16
55658,8.17101E+18,8,1,11,0,2017,10,4,1,3,1,1,0,1,0,0,1,2,0,5.1532E+20,5.40505E+21,9.20862E+15,4.87982E+16
55659,8.17101E+18,8,1,11,0,2017,10,14,1,2,0,1,0,0,0,1,0,0,1,5.1428E+20,5.40047E+21,9.19429E+15,4.87571E+16
55660,8.17101E+18,8,1,11,0,2017,10,0,1,2,0,1,0,0,0,1,0,2,1,5.14235E+20,5.40047E+21,9.19368E+15,4.87571E+16