OBJECTID,UIDENTSTLA,ULAND,UREGBEZ,UKREIS,UGEMEINDE,UJAHR,UMONAT,USTUNDE,UWOCHENTAG,UKATEGORIE,UART,UTYP1,IstRad,IstPKW,IstFuss,IstKrad,IstSonstig,LICHT,STRZUSTAND,LINREFX,LINREFY,XGCSWGS84,YGCSWGS84
55661,8.17101E+18,8,4,35,16,2017,10,17,7,2,9,7,0,1,0,0,0,0,0,5.37993E+20,5.28209E+21,9.50631E+15,4.76911E+16
55662,8.17101E+18,8,4,36,83,2017,10,20,7,3,2,2,1,1,0,0,0,2,0,5.31249E+20,5.30106E+21,9.41779E+15,4.78621E+16
55663,8.17101E+18,8,4,36,64,2017,10,15,7,3,2,6,0,1,0,0,0,0,0,5.41751E+20,5.29212E+21,9.55735E+15,4.77811E+16
55664,8.17101E+18,8,4,35,59,2017,10,15,7,2,2,6,0,0,0,1,0,0,0,5.17255E+20,5.2944E+21,9.23044E+15,4.78027E+16
55665,8.17101E+18,8,4,35,57,2017,10,17,7,3,5,3,0,1,0,1,0,0,0,5.44355E+20,5.27968E+21,9.59084E+15,4.7669E+16
55666,8.17101E+18,8,4,25,33,2017,10,9,7,2,6,4,0,1,1,0,0,0,1,5.52857E+20,5.34798E+21,9.71249E+15,4.82828E+16
55667,8.17101E+18,8,4,26,125,2017,10,12,7,3,0,1,0,1,0,0,0,0,0,5.76695E+20,5.33739E+21,1.00318E+16,4.81852E+16
55668,8.17101E+18,8,4,15,61,2017,10,22,7,2,9,1,0,1,0,0,0,2,1,5.15294E+20,5.37112E+21,9.20701E+15,4.8493E+16
55669,8.17101E+18,8,4,15,87,2017,10,12,7,3,2,6,0,1,0,0,0,0,0,5.1288E+20,5.38058E+21,9.17462E+15,4.85782E+16
55670,8.17101E+18,8,3,16,43,2017,10,12,7,3,2,6,0,1,0,0,0,0,0,4.10532E+20,5.32672E+21,7.79858E+15,4.80875E+16
55671,8.17101E+18,8,3,15,48,2017,10,8,7,3,2,6,0,1,0,0,1,0,0,3.95576E+20,5.30916E+21,7.60208E+15,4.79273E+16
55672,8.17101E+18,8,3,11,0,2017,10,13,7,3,2,6,0,1,0,0,0,0,0,4.11537E+20,5.3239E+21,7.81266E+15,4.80622E+16
55673,8.17101E+18,8,3,16,17,2017,10,12,7,2,2,6,0,1,0,0,1,0,0,4.0746E+20,5.3351E+21,7.75553E+15,4.81624E+16
55674,8.17101E+18,8,3,37,125,2017,10,21,7,2,5,3,0,1,0,0,0,2,0,4.51118E+20,5.27347E+21,8.34956E+15,4.76128E+16
55675,8.17101E+18,8,3,37,118,2017,10,19,7,3,2,6,0,1,0,0,0,1,0,4.36806E+20,5.28141E+21,8.15799E+15,4.7683E+16
55676,8.17101E+18,8,3,35,22,2017,10,14,7,3,0,3,0,1,0,1,0,0,0,4.85468E+20,5.30006E+21,8.80574E+15,4.78538E+16
55677,8.17101E+18,8,3,35,22,2017,10,16,7,2,0,1,1,0,0,0,0,0,0,4.80777E+20,5.30248E+21,8.74292E+15,4.78753E+16
55678,8.17101E+18,8,3,27,11,2017,10,15,7,3,5,3,0,1,0,0,0,0,0,4.84345E+20,5.32282E+21,8.7899E+15,4.80584E+16
55679,8.17101E+18,8,3,25,53,2017,10,8,7,3,6,7,0,1,1,0,0,0,0,4.54546E+20,5.34091E+21,8.38806E+15,4.82198E+16
55680,8.17101E+18,8,3,25,45,2017,10,13,7,2,4,6,0,1,0,0,0,0,0,4.69739E+20,5.34944E+21,8.59198E+15,4.82975E+16
55681,8.17101E+18,8,3,17,34,2017,10,13,7,3,9,7,0,1,0,0,0,0,0,4.28293E+20,5.35803E+21,8.03175E+15,4.83714E+16
55682,8.17101E+18,8,3,17,122,2017,10,16,7,3,8,1,0,0,0,1,0,0,0,4.15052E+20,5.36679E+21,7.85122E+15,4.84485E+16
55683,8.17101E+18,8,3,17,153,2017,10,13,7,3,5,3,0,1,0,0,0,0,0,4.20479E+20,5.38718E+21,7.9207E+15,4.86326E+16
55684,8.17101E+18,8,3,17,152,2017,10,3,7,3,2,7,0,1,0,0,0,2,0,4.09364E+20,5.34754E+21,7.77846E+15,4.82746E+16
55685,8.17101E+18,8,3,36,91,2017,10,5,7,2,4,6,0,1,0,0,0,2,1,3.94683E+20,5.27293E+21,7.59891E+15,4.76012E+16
55686,8.17101E+18,8,2,26,98,2017,10,9,7,3,2,6,0,1,0,0,0,0,0,4.78736E+20,5.45846E+21,8.70765E+15,4.92785E+16
55687,8.17101E+18,8,2,31,0,2017,10,2,7,3,2,6,0,1,0,0,1,2,0,4.84565E+20,5.41338E+21,8.7895E+15,4.88732E+16
55688,8.17101E+18,8,2,12,0,2017,10,11,7,2,2,6,0,1,0,0,0,0,0,4.62279E+20,5.42794E+21,8.48424E+15,4.90032E+16
55689,8.17101E+18,8,2,15,100,2017,10,11,7,3,2,6,0,1,0,0,0,0,0,4.70966E+20,5.45124E+21,8.60135E+15,4.92133E+16
55690,8.17101E+18,8,2,37,40,2017,10,14,7,3,5,3,0,1,0,0,0,0,0,4.7945E+20,5.36404E+21,8.7222E+15,4.84292E+16
55691,8.17101E+18,8,2,35,8,2017,10,13,7,3,2,2,0,1,0,0,0,0,0,4.80308E+20,5.39991E+21,8.7321E+15,4.87519E+16
55692,8.17101E+18,8,2,31,0,2017,10,11,7,3,2,6,0,1,0,0,1,0,0,4.75537E+20,5.4141E+21,8.66635E+15,4.88794E+16
55693,8.17101E+18,8,2,15,89,2017,10,4,7,2,7,7,0,1,0,0,0,2,0,4.66472E+20,5.42962E+21,8.54144E+15,4.90185E+16
55694,8.17101E+18,8,1,11,0,2017,10,12,7,3,2,6,0,1,0,0,0,0,0,5.07613E+20,5.39538E+21,9.10349E+15,4.87114E+16
55695,8.17101E+18,8,1,15,21,2017,10,10,7,3,2,6,0,1,0,0,0,0,0,4.92485E+20,5.38158E+21,8.8981E+15,4.85873E+16
55696,8.17101E+18,8,1,36,40,2017,10,16,7,3,2,6,0,1,0,0,0,0,0,5.64394E+20,5.41108E+21,9.87775E+15,4.88494E+16
55697,8.17101E+18,8,1,28,131,2017,10,11,7,3,9,1,0,0,0,1,0,0,0,5.35037E+20,5.50604E+21,9.48593E+15,4.97058E+16
55698,8.17101E+18,8,1,27,76,2017,10,23,7,3,5,3,0,1,0,0,0,2,1,5.51984E+20,5.43905E+21,9.71218E+15,4.91021E+16
55699,8.17101E+18,8,1,19,85,2017,10,21,7,3,9,1,0,1,0,0,0,2,1,5.32375E+20,5.41128E+21,9.44134E+15,4.88536E+16
55700,8.17101E+18,8,1,19,1,2017,10,14,7,3,0,7,1,0,0,0,0,0,0,5.5083E+20,5.41153E+21,9.69293E+15,4.88547E+16
55701,8.17101E+18,8,1,19,8,2017,10,17,7,3,2,6,0,1,0,0,0,0,0,5.2932E+20,5.42331E+21,9.40056E+15,4.8962E+16
55702,8.17101E+18,8,1,19,91,2017,10,15,7,1,8,1,0,0,0,1,0,0,0,5.2614E+20,5.40516E+21,9.35595E+15,4.87989E+16
55703,8.17101E+18,8,1,18,71,2017,10,20,7,3,5,3,0,1,0,0,0,2,1,5.10866E+20,5.41888E+21,9.14833E+15,4.89227E+16
55704,8.17101E+18,8,1,18,48,2017,10,22,7,3,5,3,1,1,0,0,0,2,1,5.14893E+20,5.41493E+21,9.20316E+15,4.88871E+16
55705,8.17101E+18,8,1,18,81,2017,10,17,7,3,5,2,0,1,0,0,0,0,0,5.17657E+20,5.41247E+21,9.24075E+15,4.8865E+16
55706,8.17101E+18,8,1,18,3,2017,10,22,7,3,1,7,0,1,0,0,0,2,1,5.09906E+20,5.41717E+21,9.13519E+15,4.89074E+16
55707,8.17101E+18,8,1,17,26,2017,10,13,7,3,4,2,0,1,0,0,0,0,0,5.47583E+20,5.39687E+21,9.64698E+15,4.8723E+16
55708,8.17101E+18,8,4,25,20,2017,10,20,7,2,4,6,0,1,0,1,0,2,0,5.56641E+20,5.36343E+21,9.76557E+15,4.84215E+16
55709,8.17101E+18,8,4,25,141,2017,10,9,7,3,8,1,0,1,0,0,0,0,0,5.63018E+20,5.36996E+21,9.85273E+15,4.84796E+16
55710,8.17101E+18,8,1,11,0,2017,10,14,7,2,5,3,0,1,0,1,0,0,0,5.09605E+20,5.39728E+21,9.1306E+15,4.87285E+16
55711,8.17101E+18,8,1,11,0,2017,10,1,7,3,2,2,0,1,0,0,0,2,0,5.11945E+20,5.39666E+21,9.16241E+15,4.87229E+16
55712,8.17101E+18,8,4,36,9,2017,10,22,6,2,4,6,0,1,0,0,0,2,1,5.60422E+20,5.30882E+21,9.8089E+15,4.79299E+16
55713,8.17101E+18,8,4,36,18,2017,10,6,6,3,3,6,0,1,0,0,1,2,1,5.52375E+20,5.28679E+21,9.69852E+15,4.77324E+16
55714,8.17101E+18,8,4,36,64,2017,10,14,6,3,2,6,0,1,0,0,0,0,0,5.46085E+20,5.29368E+21,9.61537E+15,4.77948E+16
55715,8.17101E+18,8,4,26,21,2017,10,6,6,3,8,1,0,1,0,0,0,2,0,5.62661E+20,5.32982E+21,9.84195E+15,4.81185E+16
55716,8.17101E+18,8,4,25,19,2017,10,16,6,3,5,1,0,1,0,0,0,0,1,5.75354E+20,5.37247E+21,1.00201E+16,4.85009E+16
55717,8.17101E+18,8,4,16,31,2017,10,1,6,2,8,1,0,1,0,0,0,2,0,5.02115E+20,5.36183E+21,9.02858E+15,4.84097E+16
55718,8.17101E+18,8,1,16,8,2017,10,11,6,2,4,6,0,1,0,0,0,0,0,5.19389E+20,5.38012E+21,9.26285E+15,4.85739E+16
55719,8.17101E+18,8,4,15,73,2017,10,16,6,3,2,6,0,1,0,0,0,0,0,5.19428E+20,5.35011E+21,9.26198E+15,4.83039E+16
55720,8.17101E+18,8,3,25,45,2017,10,18,6,3,1,6,0,1,0,0,0,0,0,4.73195E+20,5.34847E+21,8.63864E+15,4.82889E+16
55721,8.17101E+18,8,3,37,126,2017,10,17,6,3,2,6,0,1,0,0,0,0,1,4.4132E+20,5.27448E+21,8.21906E+15,4.76211E+16
55722,8.17101E+18,8,3,17,1,2017,10,15,4,3,2,6,0,1,0,1,0,0,0,4.31826E+20,5.38455E+21,8.07512E+15,4.86103E+16
55723,8.17101E+18,8,3,37,53,2017,10,7,6,3,6,4,0,1,1,0,0,0,1,4.57381E+20,5.26856E+21,8.43337E+15,4.75691E+16
55724,8.17101E+18,8,3,35,63,2017,10,16,6,3,5,3,0,1,0,0,0,0,0,4.9623E+20,5.28916E+21,8.9497E+15,4.77558E+16
55725,8.17101E+18,8,3,27,11,2017,10,6,6,3,2,6,0,1,0,0,0,2,0,4.84539E+20,5.32385E+21,8.79246E+15,4.80678E+16
55726,8.17101E+18,8,3,25,69,2017,10,14,6,3,9,1,0,1,0,0,0,0,0,4.67757E+20,5.33404E+21,8.56643E+15,4.81587E+16
55727,8.17101E+18,8,3,25,57,2017,10,16,6,3,9,1,0,1,0,0,0,0,1,4.69243E+20,5.35753E+21,8.58471E+15,4.83702E+16
55728,8.17101E+18,8,4,17,25,2017,10,12,6,2,8,1,0,1,0,0,0,0,0,4.88951E+20,5.35244E+21,8.85095E+15,4.83251E+16
55729,8.17101E+18,8,3,17,11,2017,10,8,6,3,4,1,0,1,0,0,0,0,1,4.25516E+20,5.35328E+21,7.99509E+15,4.83283E+16
55730,8.17101E+18,8,3,17,26,2017,10,20,6,2,9,1,0,0,0,1,0,2,0,4.11353E+20,5.34594E+21,7.80559E+15,4.82604E+16
55731,8.17101E+18,8,3,17,151,2017,10,13,6,3,2,6,0,1,0,0,1,0,0,4.14704E+20,5.3612E+21,7.84765E+15,4.83982E+16
55732,8.17101E+18,8,3,17,96,2017,10,18,6,2,5,3,1,1,0,0,0,0,0,4.21412E+20,5.36965E+21,7.93667E+15,4.8475E+16
55733,8.17101E+18,8,3,17,51,2017,10,14,6,2,4,1,0,1,0,0,0,0,1,4.42808E+20,5.33652E+21,8.23064E+15,4.81793E+16
55734,8.17101E+18,8,2,26,32,2017,10,5,6,3,1,6,0,1,0,0,1,2,0,4.64001E+20,5.46448E+21,8.50453E+15,4.9332E+16
55735,8.17101E+18,8,2,31,0,2017,10,14,6,2,2,7,0,1,0,0,1,0,0,4.84506E+20,5.41394E+21,8.78869E+15,4.88782E+16
55736,8.17101E+18,8,2,15,84,2017,10,15,6,2,5,3,0,1,0,0,0,0,1,4.72241E+20,5.4465E+21,8.61917E+15,4.91707E+16
55737,8.17101E+18,8,2,37,40,2017,10,22,6,3,9,1,0,1,0,0,0,2,1,4.72074E+20,5.36626E+21,8.62235E+15,4.84488E+16
55738,8.17101E+18,8,2,35,55,2017,10,14,6,3,2,6,0,1,0,0,0,0,1,4.75246E+20,5.39897E+21,8.6633E+15,4.87433E+16
55739,8.17101E+18,8,2,35,65,2017,10,15,6,3,2,6,0,1,0,0,0,0,1,4.73752E+20,5.4042E+21,8.64264E+15,4.87902E+16
55740,8.17101E+18,8,2,36,74,2017,10,20,6,2,2,6,0,1,0,0,0,2,1,4.72834E+20,5.41787E+21,8.62923E+15,4.89132E+16
55741,8.17101E+18,8,3,17,67,2017,10,9,4,3,1,5,1,0,0,0,1,0,1,4.34529E+20,5.37463E+21,8.11334E+15,4.85214E+16
55742,8.17101E+18,8,3,17,65,2017,10,13,4,3,2,6,0,1,0,0,1,0,0,4.17498E+20,5.35479E+21,7.88665E+15,4.83409E+16
55743,8.17101E+18,8,2,26,107,2017,10,19,6,3,1,6,0,1,0,0,0,2,0,4.75082E+20,5.48404E+21,8.65581E+15,4.95085E+16
55744,8.17101E+18,8,2,25,32,2017,10,8,6,3,4,2,0,1,0,0,0,0,0,5.33807E+20,5.49506E+21,9.46792E+15,4.96072E+16
55745,8.17101E+18,8,2,25,58,2017,10,20,6,3,4,2,0,1,0,0,0,2,0,5.1081E+20,5.46739E+21,9.14886E+15,4.93591E+16
55746,8.17101E+18,8,2,22,0,2017,10,0,6,3,9,7,0,1,0,0,0,2,0,4.59905E+20,5.49016E+21,8.44556E+15,4.95627E+16
55747,8.17101E+18,8,2,26,12,2017,10,17,6,3,5,3,0,1,0,1,0,0,1,4.75771E+20,5.47816E+21,8.66568E+15,4.94556E+16
55748,8.17101E+18,8,2,21,0,2017,10,17,6,3,5,3,0,1,0,1,0,0,1,4.77433E+20,5.47444E+21,8.68882E+15,4.94222E+16
55749,8.17101E+18,8,2,15,9,2017,10,15,6,3,2,6,0,1,0,0,0,0,1,4.74184E+20,5.43743E+21,8.64642E+15,4.90892E+16
55750,8.17101E+18,8,2,15,84,2017,10,16,6,3,5,3,0,1,0,0,0,0,1,4.73102E+20,5.44815E+21,8.63088E+15,4.91855E+16
55751,8.17101E+18,8,2,15,17,2017,10,13,6,3,5,3,0,1,0,0,1,0,1,4.53774E+20,5.42148E+21,8.3687E+15,4.89445E+16
55752,8.17101E+18,8,1,18,3,2017,10,23,6,3,8,7,0,1,0,0,1,2,1,5.11088E+20,5.41587E+21,9.15128E+15,4.88957E+16
55753,8.17101E+18,8,1,15,45,2017,10,18,6,3,2,6,0,1,0,0,0,1,0,5.02702E+20,5.39855E+21,9.03674E+15,4.87399E+16
55754,8.17101E+18,8,1,18,49,2017,10,21,6,3,9,7,0,1,0,0,0,2,0,5.23057E+20,5.4176E+21,9.31467E+15,4.89109E+16
55755,8.17101E+18,8,1,15,45,2017,10,20,6,3,2,6,0,1,0,0,0,2,0,5.03362E+20,5.39783E+21,9.04572E+15,4.87335E+16
55756,8.17101E+18,8,1,11,0,2017,10,15,6,3,9,1,0,1,0,0,0,0,1,5.12459E+20,5.39471E+21,9.16934E+15,4.87053E+16
55757,8.17101E+18,8,1,36,33,2017,10,12,6,3,2,2,0,1,0,0,0,0,0,5.79214E+20,5.41621E+21,1.00807E+16,4.88938E+16
55758,8.17101E+18,8,1,36,88,2017,10,21,6,3,0,1,1,0,0,0,0,2,1,5.8087E+20,5.4095E+21,1.0102E+16,4.88332E+16
55759,8.17101E+18,8,1,28,139,2017,10,12,6,2,6,2,0,1,1,0,0,0,1,5.5298E+20,5.48833E+21,9.73237E+15,4.95453E+16
55760,8.17101E+18,8,1,27,59,2017,10,12,6,3,5,3,0,1,0,0,0,0,1,5.49417E+20,5.43842E+21,9.67694E+15,4.90966E+16
55761,8.17101E+18,8,1,21,0,2017,10,10,6,3,5,2,0,1,0,0,1,0,0,5.1588E+20,5.44695E+21,9.21787E+15,4.91751E+16
55762,8.17101E+18,8,1,25,102,2017,10,6,6,3,2,6,0,1,0,0,0,1,0,5.19898E+20,5.44545E+21,9.27293E+15,4.91616E+16
55763,8.17101E+18,8,1,25,5,2017,10,9,6,3,0,1,0,0,0,1,0,0,1,5.15765E+20,5.45285E+21,9.21653E+15,4.92282E+16
55764,8.17101E+18,8,1,25,86,2017,10,14,6,3,2,2,0,0,0,0,1,0,1,4.99779E+20,5.44283E+21,8.99696E+15,4.91383E+16
55765,8.17101E+18,8,1,25,66,2017,10,18,6,3,8,1,0,1,0,0,0,1,1,5.15682E+20,5.43203E+21,9.21458E+15,4.90409E+16
55766,8.17101E+18,8,1,21,0,2017,10,8,6,3,3,2,1,1,0,0,0,0,0,5.13916E+20,5.44332E+21,9.19081E+15,4.91426E+16
55767,8.17101E+18,8,1,19,79,2017,10,14,6,3,3,1,0,1,0,0,0,0,1,5.24455E+20,5.4083E+21,9.33319E+15,4.88272E+16
55768,8.17101E+18,8,1,19,79,2017,10,11,6,3,5,3,0,1,0,1,0,0,0,5.23373E+20,5.41319E+21,9.31873E+15,4.88713E+16
55769,8.17101E+18,8,1,19,67,2017,10,20,6,2,8,1,0,1,0,0,0,2,1,5.40825E+20,5.40479E+21,9.55588E+15,4.87948E+16
55770,8.17101E+18,8,1,19,61,2017,10,14,6,3,2,6,0,1,0,1,0,0,1,5.40707E+20,5.41674E+21,9.55546E+15,4.89023E+16
55771,8.17101E+18,8,1,19,20,2017,10,15,6,3,2,6,0,1,0,0,0,0,0,5.18842E+20,5.40779E+21,9.2567E+15,4.88229E+16
55772,8.17101E+18,8,1,18,48,2017,10,18,6,3,2,6,0,1,0,0,0,0,0,5.11442E+20,5.41872E+21,9.15619E+15,4.89213E+16
55773,8.17101E+18,8,1,18,3,2017,10,15,6,3,5,7,0,1,0,1,0,0,1,5.09744E+20,5.41735E+21,9.13298E+15,4.8909E+16
55774,8.17101E+18,8,1,18,79,2017,10,10,6,3,2,6,0,1,0,0,0,0,0,5.10771E+20,5.42556E+21,9.14721E+15,4.89829E+16
55775,8.17101E+18,8,1,16,35,2017,10,10,6,2,2,6,0,0,0,0,1,0,0,5.25939E+20,5.39111E+21,9.35233E+15,4.86725E+16
55776,8.17101E+18,8,1,17,26,2017,10,15,6,2,9,1,0,0,0,1,0,0,1,5.50314E+20,5.39344E+21,9.68368E+15,4.8692E+16
55777,8.17101E+18,8,1,17,24,2017,10,19,6,3,2,6,0,1,0,0,0,2,0,5.61682E+20,5.38553E+21,9.83697E+15,4.86198E+16
55778,8.17101E+18,8,1,17,49,2017,10,14,6,3,1,6,0,1,0,0,0,0,1,5.55097E+20,5.39069E+21,9.7483E+15,4.86668E+16
55779,8.17101E+18,8,1,17,7,2017,10,7,6,2,4,6,0,1,0,0,0,0,0,5.57557E+20,5.38328E+21,9.78069E+15,4.85999E+16
55780,8.17101E+18,8,1,17,24,2017,10,17,6,2,6,4,0,1,1,0,0,1,1,5.61657E+20,5.38609E+21,9.83671E+15,4.86249E+16
55781,8.17101E+18,8,1,16,49,2017,10,17,6,3,2,6,0,1,0,0,0,0,0,5.22715E+20,5.38793E+21,9.30836E+15,4.8644E+16
55782,8.17101E+18,8,1,16,49,2017,10,18,6,3,2,6,0,1,0,0,0,0,1,5.22711E+20,5.38794E+21,9.30831E+15,4.86441E+16
55783,8.17101E+18,8,1,16,19,2017,10,16,6,3,2,6,0,1,0,0,0,0,0,5.24906E+20,5.39608E+21,9.33861E+15,4.87172E+16
55784,8.17101E+18,8,1,16,19,2017,10,15,6,3,2,6,0,1,0,1,0,0,1,5.19482E+20,5.39953E+21,9.26502E+15,4.87485E+16
55785,8.17101E+18,8,1,16,49,2017,10,11,6,3,2,6,0,1,0,0,0,0,0,5.24421E+20,5.38775E+21,9.33152E+15,4.86424E+16
55786,8.17101E+18,8,1,15,45,2017,10,6,6,3,5,3,0,1,0,0,0,1,0,4.9799E+20,5.39706E+21,8.97267E+15,4.87265E+16
55787,8.17101E+18,8,1,15,50,2017,10,21,6,3,8,1,0,1,0,0,0,2,1,4.88142E+20,5.40231E+21,8.83861E+15,4.87736E+16
55788,8.17101E+18,8,1,15,41,2017,10,12,6,3,5,3,0,1,0,0,0,0,0,4.94975E+20,5.40071E+21,8.93163E+15,4.87594E+16
55789,8.17101E+18,8,1,15,21,2017,10,5,6,3,2,6,0,1,0,0,0,2,0,4.90208E+20,5.38248E+21,8.8672E+15,4.85953E+16
55790,8.17101E+18,8,1,15,3,2017,10,21,6,3,2,6,0,1,0,0,0,2,0,4.97684E+20,5.39289E+21,8.96853E+15,4.8689E+16
55791,8.17101E+18,8,1,11,0,2017,10,14,6,3,2,6,0,1,0,0,0,0,1,5.11105E+20,5.40387E+21,9.15118E+15,4.87877E+16
55792,8.17101E+18,8,1,11,0,2017,10,18,6,3,2,6,0,1,0,0,0,1,0,5.15266E+20,5.40501E+21,9.20787E+15,4.87979E+16
55793,8.17101E+18,8,1,11,0,2017,10,19,6,3,2,6,0,1,0,0,0,2,1,5.15285E+20,5.40537E+21,9.20815E+15,4.88011E+16
55794,8.17101E+18,8,1,11,0,2017,10,9,6,3,2,6,0,1,0,0,0,0,0,5.15998E+20,5.40377E+21,9.2178E+15,4.87867E+16
55795,8.17101E+18,8,1,11,0,2017,10,17,6,3,0,1,0,1,0,1,0,0,1,5.11728E+20,5.40201E+21,9.15962E+15,4.8771E+16
55796,8.17101E+18,8,1,11,0,2017,10,15,6,3,2,6,0,1,0,0,0,0,1,5.13612E+20,5.40291E+21,9.18528E+15,4.87791E+16
55797,8.17101E+18,8,4,35,24,2017,10,18,5,3,4,1,0,1,0,0,1,0,0,5.25959E+20,5.27926E+21,9.34577E+15,4.76662E+16
55798,8.17101E+18,8,4,37,86,2017,10,9,5,3,1,5,0,0,0,0,1,0,0,5.2844E+20,5.31097E+21,9.38091E+15,4.79514E+16
55799,8.17101E+18,8,4,21,0,2017,10,18,5,2,3,6,0,1,0,1,0,1,1,5.71637E+20,5.35907E+21,9.96748E+15,4.83808E+16
55800,8.17101E+18,8,4,17,79,2017,10,19,5,3,2,6,0,1,0,0,0,1,1,5.01923E+20,5.34183E+21,9.02589E+15,4.82297E+16
55801,8.17101E+18,8,4,17,79,2017,10,4,5,3,0,1,0,1,0,0,0,2,0,5.02056E+20,5.34267E+21,9.02769E+15,4.82372E+16
55802,8.17101E+18,8,4,16,25,2017,10,15,5,3,2,6,0,1,0,0,1,0,0,5.00769E+20,5.36063E+21,9.01039E+15,4.83988E+16
55803,8.17101E+18,8,4,15,50,2017,10,18,5,3,5,3,1,1,0,0,0,1,1,5.20591E+20,5.37637E+21,9.27896E+15,4.85401E+16
55804,8.17101E+18,8,4,15,61,2017,10,16,5,2,0,1,1,0,0,0,0,0,0,5.14228E+20,5.37564E+21,9.19274E+15,4.85337E+16
55805,8.17101E+18,8,3,25,57,2017,10,6,5,3,0,7,0,1,0,0,0,1,0,4.76951E+20,5.35704E+21,8.68881E+15,4.83661E+16
55806,8.17101E+18,8,3,37,126,2017,10,19,5,2,8,1,0,0,0,1,0,2,0,4.4385E+20,5.28025E+21,8.25199E+15,4.76732E+16
55807,8.17101E+18,8,3,37,13,2017,10,16,5,2,8,1,0,0,0,0,1,0,0,4.30648E+20,5.29384E+21,8.07397E+15,4.77942E+16
55808,8.17101E+18,8,3,36,103,2017,10,16,5,3,2,6,0,1,0,0,0,0,0,4.13554E+20,5.28392E+21,7.84773E+15,4.77029E+16
55809,8.17101E+18,8,3,26,37,2017,10,14,4,3,2,6,0,1,0,0,1,0,0,4.56491E+20,5.32823E+21,8.41554E+15,4.81058E+16
55810,8.17101E+18,8,3,35,63,2017,10,11,5,3,1,5,0,1,0,0,0,0,0,4.97916E+20,5.29227E+21,8.97218E+15,4.77838E+16
55811,8.17101E+18,8,3,35,25,2017,10,16,5,2,5,3,0,1,0,1,0,0,0,4.9876E+20,5.28111E+21,8.98348E+15,4.76834E+16
55812,8.17101E+18,8,3,26,74,2017,10,15,4,3,5,3,1,1,0,0,0,0,0,4.68109E+20,5.32301E+21,8.57199E+15,4.80595E+16
55813,8.17101E+18,8,3,35,77,2017,10,14,5,3,5,2,0,1,0,0,1,0,0,4.93619E+20,5.2909E+21,8.91484E+15,4.77715E+16
55814,8.17101E+18,8,3,26,74,2017,10,14,4,3,2,6,0,1,0,0,1,0,0,4.65481E+20,5.32163E+21,8.53682E+15,4.8047E+16
55815,8.17101E+18,8,3,26,68,2017,10,8,5,2,0,1,0,0,0,1,0,0,0,4.4827E+20,5.32151E+21,8.30592E+15,4.80448E+16
55816,8.17101E+18,8,3,26,12,2017,10,17,5,3,0,6,0,1,0,1,0,1,0,4.66392E+20,5.31349E+21,8.5497E+15,4.79738E+16
55817,8.17101E+18,8,3,25,51,2017,10,16,4,3,9,7,0,1,0,0,0,0,0,4.49558E+20,5.34893E+21,8.31995E+15,4.82915E+16
55818,8.17101E+18,8,3,27,50,2017,10,16,5,3,4,6,1,0,0,0,0,0,0,4.86539E+20,5.31487E+21,8.81959E+15,4.7987E+16
55819,8.17101E+18,8,3,17,96,2017,10,10,5,3,2,6,0,1,0,0,1,0,0,4.21015E+20,5.36731E+21,7.93174E+15,4.8454E+16
55820,8.17101E+18,8,3,17,65,2017,10,22,5,3,5,3,0,1,0,0,0,2,1,4.20424E+20,5.35346E+21,7.92638E+15,4.83293E+16
55821,8.17101E+18,8,3,17,8,2017,10,1,5,3,9,1,0,1,0,0,0,2,0,4.40425E+20,5.36397E+21,8.19471E+15,4.84261E+16
55822,8.17101E+18,8,3,17,113,2017,10,2,5,2,2,6,0,0,0,0,1,2,0,4.0761E+20,5.344E+21,7.7556E+15,4.82424E+16
55823,8.17101E+18,8,3,15,16,2017,10,10,5,3,2,6,0,1,0,0,0,0,0,4.31134E+20,5.30767E+21,8.07825E+15,4.79186E+16
55824,8.17101E+18,8,3,15,50,2017,10,13,5,3,2,6,0,1,0,0,0,0,0,4.00379E+20,5.30462E+21,7.66741E+15,4.78872E+16
55825,8.17101E+18,8,3,15,133,2017,10,17,5,3,5,3,0,1,0,0,0,0,0,4.01188E+20,5.32734E+21,7.673E+15,4.80917E+16
55826,8.17101E+18,8,3,15,15,2017,10,15,5,3,4,6,0,1,0,0,1,0,0,3.96663E+20,5.32093E+21,7.6138E+15,4.80333E+16
55827,8.17101E+18,8,3,36,69,2017,10,6,5,2,5,2,0,1,0,0,0,1,0,4.05095E+20,5.2666E+21,7.73875E+15,4.75459E+16
55828,8.17101E+18,8,2,36,71,2017,10,19,5,2,8,1,0,1,0,0,0,2,1,4.70822E+20,5.41907E+21,8.60168E+15,4.89239E+16
55829,8.17101E+18,8,2,37,4,2017,10,16,5,3,2,2,0,1,0,0,0,0,0,4.52553E+20,5.37336E+21,8.35756E+15,4.85115E+16
55830,8.17101E+18,8,2,37,2,2017,10,11,5,3,4,6,0,1,0,0,0,0,0,4.52914E+20,5.35382E+21,8.36465E+15,4.83358E+16
55831,8.17101E+18,8,2,35,55,2017,10,15,5,3,4,6,0,1,0,0,0,0,1,4.74586E+20,5.3991E+21,8.65431E+15,4.87444E+16
55832,8.17101E+18,8,2,35,29,2017,10,12,5,3,5,3,0,1,0,0,1,0,0,4.87425E+20,5.39359E+21,8.82912E+15,4.86952E+16