OBJECTID,UIDENTSTLA,ULAND,UREGBEZ,UKREIS,UGEMEINDE,UJAHR,UMONAT,USTUNDE,UWOCHENTAG,UKATEGORIE,UART,UTYP1,IstRad,IstPKW,IstFuss,IstKrad,IstSonstig,LICHT,STRZUSTAND,LINREFX,LINREFY,XGCSWGS84,YGCSWGS84
55833,8.17101E+18,8,3,25,72,2017,10,16,4,3,8,1,0,0,0,1,0,0,0,4.67561E+20,5.33025E+21,8.56408E+15,4.81247E+16
55834,8.17101E+18,8,3,27,18,2017,10,13,4,2,4,2,0,1,0,1,0,0,0,4.75417E+20,5.30705E+21,8.67098E+15,4.79163E+16
55835,8.17101E+18,8,3,17,11,2017,10,18,4,2,9,1,0,0,0,1,0,0,0,4.27828E+20,5.35395E+21,8.02618E+15,4.83346E+16
55836,8.17101E+18,8,3,37,13,2017,10,15,5,2,8,1,0,0,0,1,0,0,0,4.23223E+20,5.29351E+21,7.9749E+15,4.77903E+16
55837,8.17101E+18,8,3,36,69,2017,10,11,5,3,0,7,0,1,0,0,0,0,0,4.03988E+20,5.27141E+21,7.72299E+15,4.7589E+16
55838,8.17101E+18,8,3,35,75,2017,10,19,5,3,2,6,0,1,0,0,0,2,0,4.89826E+20,5.29406E+21,8.86413E+15,4.77998E+16
55839,8.17101E+18,8,3,27,25,2017,10,14,5,3,2,7,0,1,0,0,0,0,0,4.79919E+20,5.30938E+21,8.73112E+15,4.79374E+16
55840,8.17101E+18,8,3,26,74,2017,10,8,5,3,5,3,0,1,0,0,0,0,0,4.60764E+20,5.32295E+21,8.47342E+15,4.80586E+16
55841,8.17102E+18,8,4,15,90,2017,10,15,2,2,5,3,0,1,0,0,0,0,0,5.24289E+20,5.3525E+21,9.32768E+15,4.83252E+16
55842,8.17102E+18,8,3,36,14,2017,10,6,2,3,2,6,0,1,0,0,0,2,0,3.9299E+20,5.27901E+21,7.5749E+15,4.76557E+16
55843,8.17101E+18,8,3,26,74,2017,10,5,5,3,5,3,0,1,0,0,0,2,0,4.6068E+20,5.32194E+21,8.47238E+15,4.80495E+16
55844,8.17101E+18,8,4,17,2,2017,10,12,5,3,5,3,0,1,0,0,1,0,0,4.89017E+20,5.34574E+21,8.85201E+15,4.82648E+16
55845,8.17101E+18,8,3,17,96,2017,10,15,5,3,8,1,1,0,0,0,0,0,0,4.21812E+20,5.36885E+21,7.94223E+15,4.84679E+16
55846,8.17102E+18,8,3,36,87,2017,10,14,2,3,3,2,0,1,0,1,0,0,0,4.22231E+20,5.29065E+21,7.96217E+15,4.77645E+16
55847,8.17102E+18,8,3,35,63,2017,10,16,2,3,5,2,0,1,0,0,0,0,0,4.96229E+20,5.28916E+21,8.94969E+15,4.77558E+16
55848,8.17101E+18,8,3,17,56,2017,10,18,5,2,5,3,1,1,0,0,0,0,0,4.34901E+20,5.38243E+21,8.11717E+15,4.85916E+16
55849,8.17102E+18,8,3,25,60,2017,10,17,2,2,0,1,1,0,0,0,0,0,0,4.69408E+20,5.33921E+21,8.58825E+15,4.82054E+16
55850,8.17102E+18,8,2,37,27,2017,10,12,2,2,9,7,0,0,0,0,1,0,0,4.77072E+20,5.36993E+21,8.68973E+15,4.84821E+16
55851,8.17101E+18,8,3,15,113,2017,10,18,5,3,2,6,0,1,0,0,0,0,0,4.43683E+20,5.30566E+21,8.24646E+15,4.79018E+16
55852,8.17101E+18,8,3,15,50,2017,10,22,5,3,7,7,0,1,0,0,0,2,0,4.02447E+20,5.30408E+21,7.69519E+15,4.78826E+16
55853,8.17101E+18,8,2,26,10,2017,10,20,5,3,2,6,0,1,0,0,0,2,0,4.79732E+20,5.45869E+21,8.72133E+15,4.92806E+16
55854,8.17102E+18,8,3,27,4,2017,10,14,2,2,8,1,0,0,0,1,0,0,0,4.92405E+20,5.3282E+21,8.89797E+15,4.81071E+16
55855,8.17102E+18,8,3,17,96,2017,10,17,2,3,2,6,0,1,0,0,0,0,0,4.20747E+20,5.3658E+21,7.9284E+15,4.84404E+16
55856,8.17101E+18,8,2,26,10,2017,10,17,5,3,2,6,0,1,0,0,0,0,0,4.84386E+20,5.45722E+21,8.78538E+15,4.92676E+16
55857,8.17102E+18,8,3,17,96,2017,10,16,2,3,5,7,1,1,0,0,0,0,0,4.21132E+20,5.3688E+21,7.93304E+15,4.84674E+16
55858,8.17102E+18,8,3,17,96,2017,10,21,2,3,8,1,0,0,0,1,0,2,0,4.23947E+20,5.37403E+21,7.97017E+15,4.85147E+16
55859,8.17101E+18,8,2,36,46,2017,10,13,5,3,2,6,0,1,0,0,1,0,0,4.82659E+20,5.41811E+21,8.76331E+15,4.89157E+16
55860,8.17102E+18,8,3,17,31,2017,10,18,2,2,3,6,0,0,0,1,1,0,0,4.16601E+20,5.35848E+21,7.87381E+15,4.83739E+16
55861,8.17102E+18,8,3,17,31,2017,10,6,2,2,0,7,1,0,0,0,0,2,0,4.16712E+20,5.35871E+21,7.87527E+15,4.83761E+16
55862,8.17101E+18,8,2,12,0,2017,10,6,5,3,2,6,0,1,0,1,0,1,0,4.54159E+20,5.43421E+21,8.37252E+15,4.90591E+16
55863,8.17102E+18,8,3,17,96,2017,10,23,2,2,8,7,0,0,0,0,1,2,0,4.19298E+20,5.37314E+21,7.9074E+15,4.85062E+16
55864,8.17102E+18,8,2,16,41,2017,10,9,2,1,1,5,0,1,0,0,1,0,0,4.33408E+20,5.39031E+21,8.09565E+15,4.86623E+16
55865,8.17102E+18,8,3,15,43,2017,10,14,2,3,0,6,0,1,0,0,1,0,0,4.04903E+20,5.32329E+21,7.72377E+15,4.80558E+16
55866,8.17102E+18,8,3,15,13,2017,10,7,2,3,2,6,0,1,0,0,0,1,0,4.04478E+20,5.32515E+21,7.71766E+15,4.80724E+16
55867,8.17102E+18,8,3,36,91,2017,10,12,2,3,5,3,1,1,0,0,0,0,0,3.94307E+20,5.2718E+21,7.59418E+15,4.7591E+16
55868,8.17102E+18,8,2,26,95,2017,10,8,2,3,1,6,0,1,0,0,0,0,0,4.71009E+20,5.45998E+21,8.60131E+15,4.92919E+16
55869,8.17102E+18,8,2,16,5,2017,10,12,2,3,2,6,0,1,0,0,0,0,0,4.47521E+20,5.41518E+21,8.28413E+15,4.88873E+16
55870,8.17102E+18,8,2,15,46,2017,10,19,2,3,6,4,0,1,1,0,0,2,0,4.51146E+20,5.41474E+21,8.33362E+15,4.88836E+16
55871,8.17102E+18,8,2,12,0,2017,10,6,2,3,2,6,0,1,0,0,1,2,0,4.58771E+20,5.42618E+21,8.43646E+15,4.89872E+16
55872,8.17102E+18,8,3,17,5,2017,10,17,2,3,2,6,0,0,0,0,1,0,0,4.24524E+20,5.38223E+21,7.97649E+15,4.85886E+16
55873,8.17102E+18,8,3,17,110,2017,10,16,2,3,2,6,0,1,0,0,1,0,0,4.25634E+20,5.38382E+21,7.99126E+15,4.8603E+16
55874,8.17102E+18,8,2,36,74,2017,10,7,2,3,2,6,0,1,0,0,0,1,1,4.72833E+20,5.41784E+21,8.62922E+15,4.89129E+16
55875,8.17102E+18,8,2,36,28,2017,10,9,2,3,2,6,0,1,0,0,1,0,0,4.92879E+20,5.42283E+21,8.90273E+15,4.89584E+16
55876,8.17102E+18,8,2,26,65,2017,10,17,2,3,2,1,0,1,0,0,0,0,0,4.78322E+20,5.45803E+21,8.70197E+15,4.92747E+16
55877,8.17102E+18,8,2,26,68,2017,10,17,2,3,1,6,0,1,0,0,0,0,0,4.68415E+20,5.46135E+21,8.56552E+15,4.93041E+16
55878,8.17102E+18,8,2,25,33,2017,10,6,2,3,8,1,0,1,0,0,0,2,0,5.0889E+20,5.46275E+21,9.12233E+15,4.93174E+16
55879,8.17101E+18,8,2,37,40,2017,10,15,5,3,5,3,0,1,0,1,0,0,0,4.75785E+20,5.36813E+21,8.67242E+15,4.84658E+16
55880,8.17101E+18,8,2,35,46,2017,10,16,5,3,2,6,0,1,0,0,1,0,0,4.80389E+20,5.37752E+21,8.73426E+15,4.85505E+16
55881,8.17101E+18,8,2,16,15,2017,10,7,5,3,2,6,0,1,0,0,0,0,0,4.52144E+20,5.40722E+21,8.34812E+15,4.88161E+16
55882,8.17102E+18,8,2,22,0,2017,10,13,2,3,2,6,0,1,0,0,0,0,0,4.65429E+20,5.48023E+21,8.5228E+15,4.94738E+16
55883,8.17101E+18,8,2,15,96,2017,10,13,5,3,5,3,0,1,0,0,0,0,0,4.62595E+20,5.41533E+21,8.48972E+15,4.88898E+16
55884,8.17102E+18,8,2,16,41,2017,10,23,2,3,5,3,0,1,0,1,0,2,0,4.34495E+20,5.39096E+21,8.11032E+15,4.86682E+16
55885,8.17102E+18,8,2,16,7,2017,10,10,2,3,5,3,0,1,0,0,0,0,0,4.35233E+20,5.39381E+21,8.11988E+15,4.86939E+16
55886,8.17101E+18,8,2,15,47,2017,10,14,5,2,4,2,0,1,0,0,0,0,1,4.5983E+20,5.41285E+21,8.45224E+15,4.88673E+16
55887,8.17102E+18,8,2,16,43,2017,10,16,2,3,5,3,0,1,0,0,0,0,0,4.43778E+20,5.41223E+21,8.23347E+15,4.88605E+16
55888,8.17102E+18,8,2,16,5,2017,10,14,2,3,5,3,0,1,0,0,0,0,0,4.44812E+20,5.41789E+21,8.2468E+15,4.89115E+16
55889,8.17101E+18,8,2,12,0,2017,10,8,5,3,2,7,1,1,0,0,0,0,0,4.58985E+20,5.42883E+21,8.43912E+15,4.9011E+16
55890,8.17102E+18,8,2,16,43,2017,10,7,2,2,6,3,0,1,1,0,0,0,0,4.4272E+20,5.41268E+21,8.21899E+15,4.88644E+16
55891,8.17102E+18,8,2,15,110,2017,10,22,2,3,5,3,0,1,0,1,0,2,0,4.61919E+20,5.41883E+21,8.48017E+15,4.89212E+16
55892,8.17102E+18,8,2,15,90,2017,10,15,2,3,4,2,0,1,0,0,0,0,0,4.65805E+20,5.43368E+21,8.53197E+15,4.9055E+16
55893,8.17102E+18,8,2,12,0,2017,10,15,2,3,2,6,0,1,0,0,1,0,0,4.54913E+20,5.42715E+21,8.38362E+15,4.89956E+16
55894,8.17102E+18,8,2,12,0,2017,10,16,2,3,3,6,0,1,0,1,0,0,0,4.56319E+20,5.42824E+21,8.40273E+15,4.90055E+16
55895,8.17102E+18,8,2,16,7,2017,10,5,2,1,1,7,0,1,0,0,1,2,0,4.3509E+20,5.39898E+21,8.11713E+15,4.87404E+16
55896,8.17102E+18,8,1,18,80,2017,10,6,2,3,2,6,0,1,0,0,0,2,1,5.08634E+20,5.41043E+21,9.11768E+15,4.88468E+16
55897,8.17102E+18,8,1,18,51,2017,10,15,2,3,2,6,0,1,0,0,1,0,0,5.09439E+20,5.41225E+21,9.12869E+15,4.88631E+16
55898,8.17102E+18,8,1,11,0,2017,10,15,2,3,2,6,0,1,0,0,0,0,0,5.18282E+20,5.40298E+21,9.24885E+15,4.87795E+16
55899,8.17102E+18,8,1,36,88,2017,10,14,2,3,6,4,0,1,1,0,0,0,0,5.80132E+20,5.40975E+21,1.0092E+16,4.88355E+16
55900,8.17102E+18,8,1,35,19,2017,10,20,2,3,4,2,0,1,0,0,0,2,0,5.85612E+20,5.38986E+21,1.01625E+16,4.86559E+16
55901,8.17101E+18,8,2,15,108,2017,10,16,5,3,5,3,0,1,0,1,0,0,0,4.53597E+20,5.42218E+21,8.3662E+15,4.89508E+16
55902,8.17101E+18,8,2,11,0,2017,10,13,5,3,8,1,0,1,0,0,0,0,1,4.4253E+20,5.39985E+21,8.21819E+15,4.87491E+16
55903,8.17101E+18,8,3,17,1,2017,10,14,5,2,4,1,0,1,0,1,0,0,0,4.3424E+20,5.38595E+21,8.10765E+15,4.86231E+16
55904,8.17102E+18,8,1,35,19,2017,10,13,2,3,2,6,0,1,0,0,0,0,0,5.85085E+20,5.39728E+21,1.01569E+16,4.87228E+16
55905,8.17102E+18,8,1,35,19,2017,10,11,2,3,2,6,0,1,0,1,0,0,0,5.90602E+20,5.39092E+21,1.02305E+16,4.86647E+16
55906,8.17102E+18,8,1,28,139,2017,10,15,2,3,0,1,0,0,0,1,0,0,0,5.51123E+20,5.48623E+21,9.70642E+15,4.95265E+16
55907,8.17102E+18,8,1,28,58,2017,10,15,2,2,8,1,0,0,0,0,1,0,0,5.60708E+20,5.4869E+21,9.83897E+15,4.95316E+16
55908,8.17102E+18,8,1,26,47,2017,10,6,2,2,2,6,0,1,0,1,0,1,0,5.503E+20,5.45388E+21,9.69096E+15,4.92356E+16
55909,8.17102E+18,8,1,26,47,2017,10,15,2,3,4,2,0,0,0,0,1,0,0,5.48079E+20,5.45145E+21,9.66017E+15,4.9214E+16
55910,8.17102E+18,8,1,25,86,2017,10,17,2,3,8,1,0,0,0,1,0,0,0,5.04536E+20,5.44287E+21,9.06219E+15,4.91387E+16
55911,8.17101E+18,8,1,18,48,2017,10,20,5,3,2,6,0,1,0,0,0,2,0,5.11445E+20,5.41869E+21,9.15623E+15,4.8921E+16
55912,8.17101E+18,8,1,36,88,2017,10,12,5,2,0,6,0,1,0,1,0,0,1,5.81373E+20,5.41359E+21,1.01096E+16,4.887E+16
55913,8.17101E+18,8,1,36,33,2017,10,7,5,3,3,6,0,1,0,0,1,0,0,5.78925E+20,5.41354E+21,1.00763E+16,4.88698E+16
55914,8.17101E+18,8,1,36,88,2017,10,11,5,3,5,3,1,1,0,0,0,0,0,5.80123E+20,5.40976E+21,1.00919E+16,4.88356E+16
55915,8.17102E+18,8,1,21,0,2017,10,18,2,3,2,6,0,1,0,0,0,1,0,5.14754E+20,5.44149E+21,9.20222E+15,4.91261E+16
55916,8.17102E+18,8,1,25,6,2017,10,20,2,3,2,6,0,1,0,0,0,2,0,5.0627E+20,5.45353E+21,9.08613E+15,4.92346E+16
55917,8.17102E+18,8,1,18,79,2017,10,6,2,3,5,3,1,1,0,0,0,2,0,5.10648E+20,5.42243E+21,9.14545E+15,4.89547E+16
55918,8.17102E+18,8,1,15,54,2017,10,15,2,2,6,4,0,1,1,0,0,0,0,4.93114E+20,5.39566E+21,8.90639E+15,4.87139E+16
55919,8.17101E+18,8,1,26,72,2017,10,10,5,3,5,3,0,1,0,0,1,0,0,5.37476E+20,5.46264E+21,9.51563E+15,4.93153E+16
55920,8.17102E+18,8,1,17,26,2017,10,19,2,3,4,2,0,1,0,0,0,2,0,5.46322E+20,5.3932E+21,9.62942E+15,4.86901E+16
55921,8.17101E+18,8,1,27,103,2017,10,16,5,3,5,2,0,1,0,1,0,0,0,5.75346E+20,5.43581E+21,1.00316E+16,4.90706E+16
55922,8.17102E+18,8,1,17,19,2017,10,13,2,3,2,6,0,1,0,0,0,0,0,5.53065E+20,5.39387E+21,9.72112E+15,4.86956E+16
55923,8.17102E+18,8,1,16,73,2017,10,18,2,3,2,6,0,1,0,0,0,0,0,5.21224E+20,5.38896E+21,9.28817E+15,4.86533E+16
55924,8.17102E+18,8,1,16,80,2017,10,15,2,3,2,6,0,1,0,0,0,0,0,5.18426E+20,5.3974E+21,9.25056E+15,4.87294E+16
55925,8.17102E+18,8,1,16,47,2017,10,17,2,3,5,3,1,1,0,0,0,0,0,5.2058E+20,5.39197E+21,9.27959E+15,4.86805E+16
55926,8.17102E+18,8,1,16,47,2017,10,15,2,3,2,6,0,1,0,1,0,0,0,5.20518E+20,5.39231E+21,9.27876E+15,4.86835E+16
55927,8.17102E+18,8,1,16,19,2017,10,17,2,3,0,1,0,0,0,1,0,0,0,5.22731E+20,5.39848E+21,9.30917E+15,4.87389E+16
55928,8.17102E+18,8,1,16,19,2017,10,16,2,3,2,6,0,1,0,0,0,0,0,5.24192E+20,5.39687E+21,9.32894E+15,4.87244E+16
55929,8.17102E+18,8,1,16,42,2017,10,15,2,2,5,3,0,1,0,0,1,0,0,5.18528E+20,5.38073E+21,9.25121E+15,4.85794E+16
55930,8.17102E+18,8,1,16,80,2017,10,9,2,3,6,4,0,0,1,0,1,0,0,5.21992E+20,5.39572E+21,9.29897E+15,4.87141E+16
55931,8.17102E+18,8,1,11,0,2017,10,14,2,3,5,2,0,1,0,1,0,0,0,5.16837E+20,5.40664E+21,9.22934E+15,4.88126E+16
55932,8.17102E+18,8,1,11,0,2017,10,18,2,3,5,3,1,1,0,0,0,2,0,5.12295E+20,5.40224E+21,9.16734E+15,4.87731E+16
55933,8.17102E+18,8,1,11,0,2017,10,16,2,3,2,6,0,1,0,0,0,0,0,5.18035E+20,5.40405E+21,9.24554E+15,4.87892E+16
55934,8.17102E+18,8,4,37,78,2017,10,17,1,3,5,2,0,1,0,0,0,0,0,5.0586E+20,5.3156E+21,9.07855E+15,4.79937E+16
55935,8.17102E+18,8,4,36,52,2017,10,16,1,3,5,3,0,0,0,1,1,0,0,5.65848E+20,5.29369E+21,9.87923E+15,4.77932E+16
55936,8.17102E+18,8,4,36,64,2017,10,16,1,2,8,1,0,1,0,0,0,0,0,5.3782E+20,5.28831E+21,9.50454E+15,4.77471E+16
55937,8.17102E+18,8,4,35,52,2017,10,17,1,3,8,1,0,0,0,1,0,0,0,5.27646E+20,5.29174E+21,9.36903E+15,4.77785E+16
55938,8.17102E+18,8,4,37,31,2017,10,13,1,2,5,3,0,1,0,0,0,0,0,5.15826E+20,5.34667E+21,9.21329E+15,4.8273E+16
55939,8.17102E+18,8,4,37,31,2017,10,15,1,3,2,6,0,1,0,0,1,0,0,5.15841E+20,5.34672E+21,9.21349E+15,4.82735E+16
55940,8.17102E+18,8,4,26,70,2017,10,6,1,3,8,1,0,1,0,0,0,2,1,5.64811E+20,5.34329E+21,9.87289E+15,4.82395E+16
55941,8.17102E+18,8,4,17,2,2017,10,13,1,3,4,2,0,1,0,0,0,0,0,4.88989E+20,5.34593E+21,8.85163E+15,4.82665E+16
55942,8.17102E+18,8,4,17,79,2017,10,14,1,3,2,6,0,1,0,1,0,0,0,4.97833E+20,5.34336E+21,8.97081E+15,4.82435E+16
55943,8.17102E+18,8,4,15,50,2017,10,17,1,1,9,1,0,0,0,1,0,0,0,5.2114E+20,5.37537E+21,9.28634E+15,4.85311E+16
55944,8.17102E+18,8,4,15,61,2017,10,15,1,3,3,2,1,1,0,0,0,0,0,5.14809E+20,5.37E+21,9.2004E+15,4.84829E+16
55945,8.17101E+18,8,1,27,101,2017,10,13,5,3,9,1,0,1,0,0,0,0,1,5.85028E+20,5.44524E+21,1.01661E+16,4.91541E+16
55946,8.17101E+18,8,1,25,96,2017,10,23,5,2,4,6,0,1,0,0,0,2,0,5.15074E+20,5.44967E+21,9.20692E+15,4.91996E+16
55947,8.17101E+18,8,1,19,68,2017,10,21,5,2,8,1,0,0,0,1,0,2,0,5.24727E+20,5.41331E+21,9.33721E+15,4.88723E+16
55948,8.17101E+18,8,1,19,86,2017,10,9,5,3,2,6,0,1,0,0,1,0,0,5.35193E+20,5.40523E+21,9.47924E+15,4.87991E+16
55949,8.17102E+18,8,4,15,60,2017,10,7,1,3,0,7,0,1,0,0,0,1,0,5.13061E+20,5.37967E+21,9.17706E+15,4.857E+16
55950,8.17101E+18,8,1,19,8,2017,10,20,5,3,5,3,0,1,0,0,0,2,0,5.30891E+20,5.42186E+21,9.42191E+15,4.89489E+16
55951,8.17101E+18,8,1,19,20,2017,10,8,5,2,5,3,0,1,0,1,0,0,0,5.19761E+20,5.40566E+21,9.26911E+15,4.88036E+16
55952,8.17102E+18,8,3,37,127,2017,10,13,1,3,4,6,0,0,0,1,0,0,0,4.60459E+20,5.29898E+21,8.47153E+15,4.78429E+16
55953,8.17102E+18,8,3,37,13,2017,10,15,1,2,3,2,0,1,0,1,0,0,0,4.26591E+20,5.29531E+21,8.01956E+15,4.7807E+16
55954,8.17102E+18,8,3,36,103,2017,10,15,1,3,0,6,0,0,0,1,1,0,0,4.22394E+20,5.28301E+21,7.9657E+15,4.76958E+16
55955,8.17102E+18,8,3,36,4,2017,10,13,1,3,8,1,0,0,0,1,0,0,0,4.14273E+20,5.29727E+21,7.85468E+15,4.78231E+16
55956,8.17102E+18,8,3,35,79,2017,10,13,1,3,4,6,0,1,0,0,0,0,0,5.01994E+20,5.29992E+21,9.02666E+15,4.78527E+16
55957,8.17102E+18,8,3,35,79,2017,10,15,1,3,1,5,0,1,0,0,1,0,0,5.02472E+20,5.30215E+21,9.03305E+15,4.78727E+16
55958,8.17102E+18,8,4,35,20,2017,10,23,1,1,8,1,0,1,0,0,0,2,0,5.25691E+20,5.29612E+21,9.3432E+15,4.78179E+16
55959,8.17102E+18,8,3,26,52,2017,10,11,1,3,0,1,1,0,0,0,0,0,0,4.46016E+20,5.32822E+21,8.27483E+15,4.8105E+16
55960,8.17102E+18,8,3,25,53,2017,10,14,1,3,0,1,0,0,0,1,0,0,0,4.5561E+20,5.34282E+21,8.40218E+15,4.8237E+16
55961,8.17102E+18,8,3,25,51,2017,10,13,1,3,5,3,0,1,0,1,0,0,0,4.52007E+20,5.34889E+21,8.35297E+15,4.82914E+16
55962,8.17102E+18,8,3,25,11,2017,10,17,1,2,9,7,0,1,0,0,0,0,0,4.72553E+20,5.33961E+21,8.63056E+15,4.82091E+16
55963,8.17101E+18,8,1,19,55,2017,10,10,5,3,2,6,0,1,0,0,1,0,0,5.4356E+20,5.40427E+21,9.59306E+15,4.87899E+16
55964,8.17102E+18,8,3,27,25,2017,10,18,1,2,4,6,0,1,0,0,0,0,0,4.80873E+20,5.30878E+21,8.74392E+15,4.79321E+16
55965,8.17102E+18,8,3,25,9,2017,10,8,1,2,5,3,0,1,0,1,0,0,0,4.68095E+20,5.34136E+21,8.57043E+15,4.82247E+16
55966,8.17101E+18,8,1,18,54,2017,10,13,5,3,4,6,0,0,0,0,1,0,0,5.16409E+20,5.4229E+21,9.22415E+15,4.89588E+16
55967,8.17102E+18,8,3,17,65,2017,10,21,1,3,5,3,0,1,0,1,0,2,0,4.14189E+20,5.35479E+21,7.842E+15,4.83404E+16
55968,8.17101E+18,8,1,18,48,2017,10,14,5,3,3,7,0,1,0,0,0,0,0,5.14302E+20,5.41516E+21,9.1951E+15,4.88892E+16
55969,8.17102E+18,8,3,17,141,2017,10,22,1,3,2,6,0,1,0,0,0,2,0,4.16231E+20,5.37869E+21,7.86477E+15,4.85557E+16
55970,8.17102E+18,8,3,17,5,2017,10,17,1,3,5,3,0,1,0,1,0,0,0,4.25109E+20,5.37978E+21,7.98487E+15,4.85666E+16
55971,8.17102E+18,8,3,17,98,2017,10,15,1,2,4,1,0,0,0,1,0,0,0,4.40558E+20,5.3751E+21,8.19492E+15,4.85262E+16
55972,8.17102E+18,8,3,17,85,2017,10,14,1,2,2,6,0,0,0,1,0,0,0,4.30792E+20,5.3581E+21,8.06547E+15,4.83723E+16
55973,8.17102E+18,8,2,26,85,2017,10,17,1,3,2,6,0,1,0,0,0,0,0,4.89849E+20,5.45498E+21,8.86052E+15,4.92475E+16
55974,8.17102E+18,8,2,26,10,2017,10,12,1,3,2,6,0,1,0,0,0,0,0,4.82688E+20,5.45804E+21,8.762E+15,4.92748E+16
55975,8.17102E+18,8,2,26,85,2017,10,20,1,3,2,6,0,1,0,0,0,2,0,4.89665E+20,5.45508E+21,8.85799E+15,4.92484E+16
55976,8.17102E+18,8,2,31,0,2017,10,21,1,3,2,6,0,1,0,0,1,2,0,4.74629E+20,5.41732E+21,8.65376E+15,4.89083E+16
55977,8.17102E+18,8,2,15,46,2017,10,14,1,3,2,6,0,1,0,0,0,0,0,4.50936E+20,5.41652E+21,8.33054E+15,4.88997E+16
55978,8.17102E+18,8,2,37,4,2017,10,17,1,3,3,6,0,1,0,1,0,0,0,4.46628E+20,5.37677E+21,8.27691E+15,4.85418E+16
55979,8.17102E+18,8,2,35,85,2017,10,14,1,3,4,7,0,1,0,1,0,0,0,4.80463E+20,5.39634E+21,8.73438E+15,4.87198E+16
55980,8.17102E+18,8,2,35,55,2017,10,19,1,3,2,6,0,1,0,0,0,2,1,4.75447E+20,5.39901E+21,8.66603E+15,4.87437E+16
55981,8.17102E+18,8,2,36,73,2017,10,12,1,3,5,2,1,1,0,0,0,0,0,4.80112E+20,5.42422E+21,8.72825E+15,4.89706E+16
55982,8.17102E+18,8,2,26,102,2017,10,15,1,3,2,6,0,1,0,0,0,0,0,4.84322E+20,5.45254E+21,8.78468E+15,4.92254E+16
55983,8.17101E+18,8,1,18,48,2017,10,13,5,3,2,6,0,1,0,0,0,0,0,5.12668E+20,5.41724E+21,9.17288E+15,4.8908E+16
55984,8.17101E+18,8,1,18,81,2017,10,18,5,3,4,2,0,1,0,0,1,2,0,5.19528E+20,5.4149E+21,9.26638E+15,4.88868E+16
55985,8.17101E+18,8,1,18,81,2017,10,13,5,3,0,6,0,0,0,1,1,0,1,5.19267E+20,5.41426E+21,9.2628E+15,4.8881E+16
55986,8.17102E+18,8,2,26,56,2017,10,16,1,2,0,7,1,0,0,0,0,0,0,4.84949E+20,5.47168E+21,8.79257E+15,4.93976E+16
55987,8.17102E+18,8,2,25,58,2017,10,18,1,3,2,6,0,1,0,0,0,0,0,5.08825E+20,5.46519E+21,9.12148E+15,4.93393E+16
55988,8.17101E+18,8,1,18,81,2017,10,7,5,3,2,6,0,1,0,0,0,0,0,5.1974E+20,5.41374E+21,9.26921E+15,4.88763E+16
55989,8.17102E+18,8,2,22,0,2017,10,16,1,3,2,6,0,1,0,0,0,0,0,4.58586E+20,5.48895E+21,8.42744E+15,4.95518E+16
55990,8.17101E+18,8,1,17,51,2017,10,14,5,3,9,1,0,1,0,0,0,0,0,5.42235E+20,5.39455E+21,9.57403E+15,4.87025E+16
55991,8.17102E+18,8,2,16,15,2017,10,12,1,2,9,1,0,0,0,1,0,0,1,4.5392E+20,5.40922E+21,8.37207E+15,4.88342E+16
55992,8.17102E+18,8,2,16,13,2017,10,16,1,3,8,1,0,0,0,1,0,0,0,4.45009E+20,5.38734E+21,8.25358E+15,4.86367E+16
55993,8.17102E+18,8,1,18,80,2017,10,13,1,2,3,6,0,1,0,0,0,0,0,5.07031E+20,5.40924E+21,9.09581E+15,4.88361E+16
55994,8.17102E+18,8,1,15,41,2017,10,15,1,2,5,2,0,1,0,0,0,0,0,4.93521E+20,5.3996E+21,8.91187E+15,4.87493E+16
55995,8.17102E+18,8,1,15,44,2017,10,16,1,2,5,3,1,0,0,1,0,0,0,5.05398E+20,5.39023E+21,9.07331E+15,4.86651E+16
55996,8.17102E+18,8,1,15,52,2017,10,11,1,2,4,6,0,1,0,1,0,0,0,4.91814E+20,5.40813E+21,8.88847E+15,4.88261E+16
55997,8.17102E+18,8,1,36,65,2017,10,13,1,3,0,1,1,0,0,0,0,0,0,5.59133E+20,5.40212E+21,9.80475E+15,4.87693E+16
55998,8.17102E+18,8,1,36,2,2017,10,12,1,3,0,7,1,0,0,0,0,0,0,5.65152E+20,5.41868E+21,9.8893E+15,4.89176E+16
55999,8.17102E+18,8,1,35,19,2017,10,13,1,2,0,1,1,0,0,0,0,0,0,5.86534E+20,5.391E+21,1.01753E+16,4.86661E+16
56000,8.17102E+18,8,1,28,58,2017,10,16,1,3,5,3,0,0,0,1,1,0,0,5.5996E+20,5.48476E+21,9.8283E+15,4.95125E+16
56001,8.17102E+18,8,1,28,137,2017,10,10,1,2,8,1,0,0,0,1,0,0,0,5.61589E+20,5.4979E+21,9.85286E+15,4.96305E+16
56002,8.17102E+18,8,1,27,8,2017,10,14,1,3,5,3,0,1,0,1,1,0,0,5.70491E+20,5.46088E+21,9.96953E+15,4.92966E+16
56003,8.17102E+18,8,1,27,12,2017,10,14,1,2,5,2,0,0,0,1,1,0,0,5.6613E+20,5.43125E+21,9.90468E+15,4.90306E+16
56004,8.17101E+18,8,1,17,30,2017,10,5,5,3,5,3,0,1,0,1,0,2,0,5.4775E+20,5.39014E+21,9.64847E+15,4.86625E+16