OBJECTID,UIDENTSTLA,ULAND,UREGBEZ,UKREIS,UGEMEINDE,UJAHR,UMONAT,USTUNDE,UWOCHENTAG,UKATEGORIE,UART,UTYP1,IstRad,IstPKW,IstFuss,IstKrad,IstSonstig,LICHT,STRZUSTAND,LINREFX,LINREFY,XGCSWGS84,YGCSWGS84
56177,8.17101E+18,8,1,36,10,2017,10,13,6,3,5,3,0,1,0,0,0,0,0,5.97751E+20,5.40964E+21,1.0332E+16,4.8832E+16
56178,8.17101E+18,8,1,27,14,2017,10,14,6,3,5,3,0,1,0,0,0,0,0,5.75903E+20,5.44607E+21,1.00412E+16,4.91627E+16
56179,8.17101E+18,8,1,27,86,2017,10,16,6,3,2,6,0,1,0,1,0,0,0,5.5152E+20,5.44768E+21,9.70693E+15,4.91798E+16
56180,8.17101E+18,8,1,27,12,2017,10,13,6,2,2,1,0,1,0,0,1,0,0,5.67407E+20,5.43153E+21,9.9222E+15,4.9033E+16
56181,8.17101E+18,8,1,25,110,2017,10,22,6,2,4,1,0,1,0,0,0,2,0,5.25831E+20,5.44267E+21,9.35412E+15,4.91364E+16
56182,8.17101E+18,8,1,25,110,2017,10,10,6,3,5,3,1,1,0,0,0,0,0,5.2626E+20,5.44292E+21,9.36002E+15,4.91385E+16
56183,8.17101E+18,8,1,21,0,2017,10,20,6,3,3,2,1,1,0,0,0,2,0,5.13964E+20,5.4433E+21,9.19147E+15,4.91424E+16
56184,8.17101E+18,8,1,25,6,2017,10,12,6,3,4,1,0,1,0,0,0,0,0,5.03332E+20,5.45312E+21,9.04576E+15,4.92309E+16
56185,8.17101E+18,8,1,19,79,2017,10,15,6,3,2,6,0,1,0,1,0,0,0,5.216E+20,5.4072E+21,9.29424E+15,4.88174E+16
56186,8.17101E+18,8,3,35,98,2017,10,19,4,3,8,1,0,0,0,1,0,2,0,5.04895E+20,5.29557E+21,9.06538E+15,4.78135E+16
56187,8.17101E+18,8,1,18,11,2017,10,18,6,3,0,7,1,0,0,0,0,0,0,4.98997E+20,5.41095E+21,8.98633E+15,4.88516E+16
56188,8.17101E+18,8,1,18,79,2017,10,16,6,3,4,3,0,1,0,0,0,0,0,5.08609E+20,5.42135E+21,9.11757E+15,4.8945E+16
56189,8.17101E+18,8,3,35,75,2017,10,7,4,1,5,3,0,1,0,1,0,0,0,4.91043E+20,5.29401E+21,8.88039E+15,4.77994E+16
56190,8.17101E+18,8,1,17,26,2017,10,9,6,3,2,6,0,1,0,0,0,0,0,5.47622E+20,5.39581E+21,9.64739E+15,4.87135E+16
56191,8.17101E+18,8,4,36,39,2017,10,9,4,1,5,3,0,1,0,1,0,0,0,5.49219E+20,5.28884E+21,9.65667E+15,4.7751E+16
56192,8.17101E+18,8,1,17,30,2017,10,8,6,3,0,6,0,1,0,0,1,0,0,5.48026E+20,5.39095E+21,9.65231E+15,4.86698E+16
56193,8.17101E+18,8,1,17,7,2017,10,16,6,3,4,2,0,1,0,0,0,0,0,5.56043E+20,5.38381E+21,9.76022E+15,4.86048E+16
56194,8.17101E+18,8,3,35,55,2017,10,16,4,3,0,3,1,1,0,0,0,0,0,4.95074E+20,5.28585E+21,8.93431E+15,4.77261E+16
56195,8.17101E+18,8,1,17,6,2017,10,20,6,3,2,6,0,1,0,0,1,2,0,5.49753E+20,5.37942E+21,9.67438E+15,4.85659E+16
56196,8.17101E+18,8,4,25,79,2017,10,13,6,3,2,6,0,1,0,0,0,0,0,5.60206E+20,5.37421E+21,9.8153E+15,4.85181E+16
56197,8.17101E+18,8,1,16,49,2017,10,16,6,3,2,6,0,1,0,0,0,0,0,5.23879E+20,5.38451E+21,9.32398E+15,4.86132E+16
56198,8.17101E+18,8,1,15,45,2017,10,5,6,3,2,6,0,1,0,0,0,2,1,4.98312E+20,5.39447E+21,8.97705E+15,4.87033E+16
56199,8.17101E+18,8,1,15,50,2017,10,16,6,3,5,3,0,1,0,0,0,0,0,4.90735E+20,5.39989E+21,8.87395E+15,4.87519E+16
56200,8.17101E+18,8,1,11,0,2017,10,8,6,3,5,3,1,1,0,0,0,0,0,5.11448E+20,5.40642E+21,9.15593E+15,4.88107E+16
56201,8.17101E+18,8,4,35,16,2017,10,3,5,3,9,1,0,1,0,0,0,2,0,5.35375E+20,5.27944E+21,9.4712E+15,4.76674E+16
56202,8.17101E+18,8,4,35,16,2017,10,17,5,3,5,3,0,1,0,1,0,0,0,5.36784E+20,5.27944E+21,9.48997E+15,4.76673E+16
56203,8.17101E+18,8,4,26,62,2017,10,19,5,3,4,6,0,1,0,0,0,2,0,5.5383E+20,5.31919E+21,9.72196E+15,4.80237E+16
56204,8.17101E+18,8,4,26,14,2017,10,18,5,3,5,3,0,1,0,0,0,0,0,5.48005E+20,5.31428E+21,9.64329E+15,4.798E+16
56205,8.17101E+18,8,4,25,72,2017,10,17,5,3,0,2,0,1,0,0,1,0,0,5.84124E+20,5.37338E+21,1.0139E+16,4.85079E+16
56206,8.17101E+18,8,4,15,19,2017,10,5,5,3,1,5,0,1,0,0,0,2,0,5.19544E+20,5.3708E+21,9.26451E+15,4.84901E+16
56207,8.17101E+18,8,3,15,76,2017,10,11,5,3,2,6,0,1,0,0,0,0,0,3.93548E+20,5.30429E+21,7.57615E+15,4.78831E+16
56208,8.17101E+18,8,3,37,62,2017,10,12,5,2,5,3,0,1,0,1,0,0,0,4.53173E+20,5.27453E+21,8.37679E+15,4.76225E+16
56209,8.17101E+18,8,3,36,14,2017,10,7,5,3,5,3,0,1,0,0,0,1,1,3.92551E+20,5.27928E+21,7.56899E+15,4.7658E+16
56210,8.17101E+18,8,3,35,75,2017,10,7,4,3,3,6,0,1,0,0,0,1,1,4.89038E+20,5.29549E+21,8.85358E+15,4.78127E+16
56211,8.17101E+18,8,3,26,74,2017,10,17,4,3,2,2,0,1,0,0,0,0,0,4.57978E+20,5.32475E+21,8.43585E+15,4.80746E+16
56212,8.17102E+18,8,3,17,21,2017,10,13,3,3,4,1,0,1,0,0,0,0,0,4.26605E+20,5.3718E+21,8.00655E+15,4.84951E+16
56213,8.17102E+18,8,3,36,91,2017,10,17,1,3,9,1,0,1,0,0,0,1,1,3.93286E+20,5.27513E+21,7.57979E+15,4.76208E+16
56214,8.17102E+18,8,3,17,65,2017,10,15,3,2,3,6,0,0,0,1,1,0,0,4.11155E+20,5.35648E+21,7.80071E+15,4.83552E+16
56215,8.17102E+18,8,3,37,116,2017,10,17,1,2,3,1,0,1,0,0,0,1,1,4.1774E+20,5.2708E+21,7.90598E+15,4.75854E+16
56216,8.17102E+18,8,3,17,34,2017,10,17,3,2,0,7,1,0,0,0,0,0,0,4.27446E+20,5.36096E+21,8.0198E+15,4.83976E+16
56217,8.17102E+18,8,3,35,98,2017,10,14,1,2,4,1,0,1,0,0,0,0,1,5.0406E+20,5.29783E+21,9.05425E+15,4.78338E+16
56218,8.17102E+18,8,3,25,45,2017,10,20,1,2,9,1,0,1,0,0,0,2,1,4.68641E+20,5.3491E+21,8.5772E+15,4.82943E+16
56219,8.17102E+18,8,3,17,96,2017,10,18,3,2,5,3,1,1,0,0,0,1,0,4.21616E+20,5.36969E+21,7.93942E+15,4.84754E+16
56220,8.17102E+18,8,3,25,64,2017,10,11,1,2,9,1,0,0,0,1,0,0,0,4.80512E+20,5.33266E+21,8.73801E+15,4.81468E+16
56221,8.17102E+18,8,4,17,2,2017,10,22,1,1,8,1,0,1,0,0,0,2,1,4.94696E+20,5.34526E+21,8.92853E+15,4.82605E+16
56222,8.17102E+18,8,3,16,54,2017,10,18,3,2,4,1,0,1,0,1,0,1,0,4.2099E+20,5.33939E+21,7.93663E+15,4.82028E+16
56223,8.17102E+18,8,3,17,89,2017,10,16,1,3,5,3,1,1,0,0,0,0,1,4.30682E+20,5.37644E+21,8.06095E+15,4.85372E+16
56224,8.17102E+18,8,2,31,0,2017,10,23,1,3,8,1,0,1,0,0,1,2,1,4.77274E+20,5.41741E+21,8.68985E+15,4.89093E+16
56225,8.17102E+18,8,2,36,19,2017,10,5,1,2,9,1,0,1,0,0,1,2,1,4.88665E+20,5.40958E+21,8.84553E+15,4.8839E+16
56226,8.17102E+18,8,2,37,28,2017,10,18,1,3,4,2,0,1,0,0,0,2,1,4.56846E+20,5.36808E+21,8.41624E+15,4.84643E+16
56227,8.17102E+18,8,2,36,38,2017,10,18,1,3,8,1,0,1,0,0,0,1,1,4.87498E+20,5.4282E+21,8.82905E+15,4.90066E+16
56228,8.17102E+18,8,2,26,95,2017,10,18,1,3,1,6,0,1,0,0,0,2,1,4.73251E+20,5.46291E+21,8.63193E+15,4.93183E+16
56229,8.17102E+18,8,2,26,107,2017,10,11,1,3,5,2,0,1,0,0,0,0,0,4.75577E+20,5.4843E+21,8.66263E+15,4.95108E+16
56230,8.17102E+18,8,2,16,15,2017,10,16,1,3,2,3,0,1,0,0,0,0,1,4.50023E+20,5.40541E+21,8.31944E+15,4.87997E+16
56231,8.17102E+18,8,2,15,108,2017,10,11,1,3,5,3,0,1,0,1,0,0,0,4.46319E+20,5.42448E+21,8.2665E+15,4.89709E+16
56232,8.17102E+18,8,1,15,45,2017,10,21,1,3,8,1,0,1,0,0,0,2,1,4.98834E+20,5.39275E+21,8.98416E+15,4.86877E+16
56233,8.17102E+18,8,1,18,63,2017,10,5,1,3,9,7,0,1,0,0,0,2,1,5.1476E+20,5.42176E+21,9.20159E+15,4.89486E+16
56234,8.17102E+18,8,1,18,81,2017,10,16,1,2,5,3,1,0,0,0,1,0,0,5.20662E+20,5.4136E+21,9.28178E+15,4.8875E+16
56235,8.17102E+18,8,1,15,42,2017,10,23,1,3,0,7,0,1,0,0,0,2,1,4.96068E+20,5.40516E+21,8.94645E+15,4.87994E+16
56236,8.17102E+18,8,1,36,19,2017,10,16,1,3,5,3,0,1,0,0,0,0,1,5.93038E+20,5.42131E+21,1.02704E+16,4.89377E+16
56237,8.17102E+18,8,1,36,88,2017,10,15,1,3,2,6,0,1,0,0,0,0,0,5.78801E+20,5.40886E+21,1.00737E+16,4.88277E+16
56238,8.17102E+18,8,1,35,20,2017,10,17,1,3,2,6,0,1,0,0,0,0,1,5.88385E+20,5.38665E+21,1.01995E+16,4.86266E+16
56239,8.17102E+18,8,1,28,14,2017,10,18,1,3,3,6,0,1,0,1,0,2,0,5.4619E+20,5.48098E+21,9.63765E+15,4.94797E+16
56240,8.17102E+18,8,1,25,103,2017,10,18,1,2,3,1,0,1,0,0,0,1,1,5.29806E+20,5.46469E+21,9.41026E+15,4.93342E+16
56241,8.17102E+18,8,1,26,46,2017,10,9,1,3,4,6,0,1,0,0,0,0,1,5.4959E+20,5.45719E+21,9.68163E+15,4.92655E+16
56242,8.17102E+18,8,1,26,46,2017,10,7,1,3,8,1,0,1,0,0,0,1,1,5.49701E+20,5.4573E+21,9.68317E+15,4.92665E+16
56243,8.17102E+18,8,1,21,0,2017,10,14,1,3,8,1,0,1,0,0,0,0,0,5.08161E+20,5.4463E+21,9.11196E+15,4.91695E+16
56244,8.17102E+18,8,1,18,51,2017,10,20,1,3,2,6,0,1,0,0,0,2,1,5.10524E+20,5.41481E+21,9.14355E+15,4.88862E+16
56245,8.17102E+18,8,1,18,40,2017,10,2,1,3,0,7,0,1,0,0,0,2,1,5.10878E+20,5.43331E+21,9.14888E+15,4.90525E+16
56246,8.17102E+18,8,1,17,31,2017,10,16,1,3,2,7,0,1,0,0,0,0,1,5.4801E+20,5.37629E+21,9.65039E+15,4.85379E+16
56247,8.17102E+18,8,1,16,19,2017,10,20,1,3,2,6,0,1,0,0,0,2,0,5.23539E+20,5.39875E+21,9.32016E+15,4.87413E+16
56248,8.17102E+18,8,1,15,28,2017,10,8,1,3,9,6,0,1,0,0,0,0,1,4.98488E+20,5.40655E+21,8.9794E+15,4.8812E+16
56249,8.17102E+18,8,1,11,0,2017,10,0,1,3,8,1,0,1,0,0,0,2,1,5.18461E+20,5.40051E+21,9.25118E+15,4.87573E+16
56250,8.17102E+18,8,3,15,113,2017,10,15,3,3,4,6,0,1,0,0,1,0,0,4.35783E+20,5.30624E+21,8.14068E+15,4.79062E+16
56251,8.17102E+18,8,3,15,108,2017,10,17,3,3,2,6,0,1,0,0,0,0,0,4.05031E+20,5.30378E+21,7.7298E+15,4.78803E+16
56252,8.17102E+18,8,3,36,19,2017,10,18,3,3,4,6,1,0,0,0,0,0,0,3.94724E+20,5.27584E+21,7.59876E+15,4.76274E+16
56253,8.17102E+18,8,1,11,0,2017,10,14,1,3,2,6,0,1,0,0,0,0,0,5.1842E+20,5.40633E+21,9.25089E+15,4.88097E+16
56254,8.17102E+18,8,4,37,76,2017,10,11,7,3,2,2,0,1,0,0,0,0,0,5.24248E+20,5.32205E+21,9.32538E+15,4.80513E+16
56255,8.17102E+18,8,3,36,105,2017,10,13,3,3,5,3,1,1,0,0,1,0,0,3.98836E+20,5.26755E+21,7.65538E+15,4.75535E+16
56256,8.17102E+18,8,4,35,29,2017,10,15,7,2,4,6,0,1,0,0,1,0,0,5.4448E+20,5.27297E+21,9.59182E+15,4.76086E+16
56257,8.17102E+18,8,4,36,55,2017,10,10,7,2,2,2,0,1,0,1,0,0,0,5.74759E+20,5.29823E+21,9.99898E+15,4.78331E+16
56258,8.17102E+18,8,2,31,0,2017,10,9,3,3,2,6,0,1,0,0,0,0,0,4.78629E+20,5.4179E+21,8.70832E+15,4.89137E+16
56259,8.17102E+18,8,2,31,0,2017,10,14,3,3,3,6,0,0,0,1,1,0,0,4.84565E+20,5.41338E+21,8.7895E+15,4.88732E+16
56260,8.17102E+18,8,2,12,0,2017,10,6,3,3,7,7,0,0,0,1,0,2,0,4.56397E+20,5.42664E+21,8.40396E+15,4.89911E+16
56261,8.17102E+18,8,4,36,81,2017,10,18,7,3,2,6,1,1,0,0,0,2,0,5.63018E+20,5.28106E+21,9.83962E+15,4.76798E+16
56262,8.17102E+18,8,4,36,6,2017,10,12,7,3,8,1,0,0,0,1,0,0,0,5.57805E+20,5.28405E+21,9.77057E+15,4.77072E+16
56263,8.17102E+18,8,2,15,96,2017,10,17,3,3,6,7,0,1,1,0,0,0,0,4.63885E+20,5.41832E+21,8.50706E+15,4.89167E+16
56264,8.17102E+18,8,4,36,82,2017,10,6,7,3,3,6,1,1,0,0,0,2,0,5.46852E+20,5.29383E+21,9.62561E+15,4.77961E+16
56265,8.17102E+18,8,4,21,0,2017,10,14,7,2,8,1,0,1,0,0,0,0,0,5.70252E+20,5.35428E+21,9.94799E+15,4.83378E+16
56266,8.17102E+18,8,2,35,79,2017,10,22,3,2,8,1,0,1,0,0,0,2,0,4.7188E+20,5.40065E+21,8.61739E+15,4.87582E+16
56267,8.17102E+18,8,4,15,61,2017,10,11,7,3,2,7,0,1,0,0,0,0,0,5.15256E+20,5.37116E+21,9.2065E+15,4.84934E+16
56268,8.17102E+18,8,4,15,14,2017,10,0,7,3,5,3,0,1,0,0,0,2,0,5.27014E+20,5.37295E+21,9.36575E+15,4.85091E+16
56269,8.17102E+18,8,2,22,0,2017,10,18,3,3,1,6,0,1,0,0,0,1,0,4.60008E+20,5.48934E+21,8.44706E+15,4.95554E+16
56270,8.17102E+18,8,3,25,72,2017,10,17,7,3,3,6,0,1,0,0,0,0,0,4.69863E+20,5.32567E+21,8.59534E+15,4.80836E+16
56271,8.17102E+18,8,3,35,43,2017,10,16,7,3,6,6,1,0,1,0,0,0,0,5.14793E+20,5.28013E+21,9.19707E+15,4.76744E+16
56272,8.17102E+18,8,3,35,79,2017,10,10,7,3,9,7,0,1,0,0,0,0,0,4.99028E+20,5.29823E+21,8.98701E+15,4.78374E+16
56273,8.17102E+18,8,3,26,52,2017,10,17,7,3,2,6,0,1,0,0,1,0,0,4.50944E+20,5.33041E+21,8.34077E+15,4.81251E+16
56274,8.17102E+18,8,3,17,41,2017,10,13,7,3,0,1,0,1,0,0,0,0,0,4.37258E+20,5.34825E+21,8.15425E+15,4.82844E+16
56275,8.17102E+18,8,3,17,40,2017,10,15,7,3,0,7,1,0,0,0,0,0,0,4.31442E+20,5.34865E+21,8.07579E+15,4.82874E+16
56276,8.17102E+18,8,3,17,34,2017,10,16,7,3,5,3,0,1,0,0,0,0,0,4.27695E+20,5.36044E+21,8.02327E+15,4.8393E+16
56277,8.17102E+18,8,3,15,76,2017,10,15,7,2,5,3,0,1,0,0,0,0,0,3.94005E+20,5.30334E+21,7.58248E+15,4.78747E+16
56278,8.17102E+18,8,3,15,6,2017,10,0,7,2,8,1,0,1,0,0,0,2,1,4.00028E+20,5.30855E+21,7.6618E+15,4.79225E+16
56279,8.17102E+18,8,2,26,103,2017,10,16,7,3,2,6,0,1,0,0,0,0,0,4.72715E+20,5.45861E+21,8.62486E+15,4.92796E+16
56280,8.17102E+18,8,2,26,32,2017,10,15,7,3,1,6,0,1,0,0,0,0,0,4.69181E+20,5.46262E+21,8.57596E+15,4.93156E+16
56281,8.17102E+18,8,2,21,0,2017,10,23,7,3,2,6,0,1,0,0,0,2,1,4.73444E+20,5.47436E+21,8.63383E+15,4.94213E+16
56282,8.17102E+18,8,2,22,0,2017,10,14,7,3,2,1,0,1,0,0,0,0,0,4.66724E+20,5.47836E+21,8.54084E+15,4.9457E+16
56283,8.17102E+18,8,2,15,110,2017,10,16,7,3,0,1,0,0,0,1,0,0,1,4.62018E+20,5.41957E+21,8.48146E+15,4.89279E+16
56284,8.17102E+18,8,2,12,0,2017,10,21,7,3,9,1,0,1,0,0,0,2,1,4.58759E+20,5.42649E+21,8.43626E+15,4.899E+16
56285,8.17102E+18,8,2,37,40,2017,10,11,7,3,4,2,0,1,0,0,0,0,0,4.80022E+20,5.36473E+21,8.72991E+15,4.84354E+16
56286,8.17102E+18,8,2,22,0,2017,10,15,3,3,0,7,0,1,0,1,0,0,0,4.63612E+20,5.48349E+21,8.49743E+15,4.9503E+16
56287,8.17102E+18,8,2,22,0,2017,10,12,3,3,0,7,1,0,0,0,0,0,0,4.6848E+20,5.47929E+21,8.565E+15,4.94655E+16
56288,8.17102E+18,8,2,22,0,2017,10,9,3,3,2,6,0,1,0,0,0,0,0,4.61171E+20,5.48118E+21,8.46394E+15,4.9482E+16
56289,8.17102E+18,8,2,35,80,2017,10,18,7,3,6,4,0,0,1,1,0,0,0,4.78667E+20,5.38586E+21,8.71051E+15,4.86254E+16
56290,8.17102E+18,8,2,16,63,2017,10,22,3,3,5,3,1,1,0,0,0,2,0,4.29338E+20,5.39991E+21,8.03874E+15,4.87482E+16
56291,8.17102E+18,8,2,36,75,2017,10,7,7,3,4,6,0,0,0,0,1,1,0,4.80272E+20,5.42174E+21,8.73056E+15,4.89483E+16
56292,8.17102E+18,8,2,31,0,2017,10,19,7,3,5,3,0,1,0,0,0,2,1,4.75768E+20,5.41454E+21,8.66947E+15,4.88833E+16
56293,8.17102E+18,8,2,16,7,2017,10,14,3,3,2,6,0,1,0,0,0,0,0,4.33491E+20,5.39763E+21,8.0956E+15,4.87282E+16
56294,8.17102E+18,8,2,31,0,2017,10,11,7,3,3,6,0,1,0,1,0,0,0,4.75339E+20,5.41504E+21,8.66359E+15,4.88878E+16
56295,8.17102E+18,8,2,36,28,2017,10,11,7,3,2,1,0,1,0,0,0,0,0,4.94092E+20,5.42257E+21,8.9193E+15,4.89561E+16
56296,8.17102E+18,8,2,15,9,2017,10,6,3,3,2,6,0,1,0,0,0,0,0,4.6773E+20,5.43778E+21,8.55799E+15,4.9092E+16
56297,8.17102E+18,8,2,26,29,2017,10,13,7,3,6,7,0,1,1,0,0,0,0,4.86398E+20,5.48357E+21,8.81213E+15,4.95046E+16
56298,8.17102E+18,8,2,26,3,2017,10,11,7,3,4,2,0,1,0,0,0,0,0,4.63492E+20,5.46096E+21,8.49784E+15,4.93003E+16
56299,8.17102E+18,8,2,21,0,2017,10,0,7,3,6,3,0,1,1,0,0,2,1,4.76598E+20,5.47242E+21,8.67744E+15,4.9404E+16
56300,8.17102E+18,8,2,21,0,2017,10,17,7,3,4,6,0,1,0,0,0,0,1,4.79509E+20,5.47379E+21,8.71748E+15,4.94164E+16
56301,8.17102E+18,8,2,15,29,2017,10,12,7,3,6,7,0,1,1,0,0,0,0,4.66997E+20,5.44785E+21,8.54713E+15,4.91825E+16
56302,8.17102E+18,8,1,15,51,2017,10,4,7,2,8,1,0,1,0,0,0,2,0,5.05758E+20,5.38574E+21,9.07813E+15,4.86247E+16
56303,8.17102E+18,8,1,36,15,2017,10,18,7,3,4,1,0,1,0,1,1,1,1,5.56088E+20,5.41204E+21,9.76467E+15,4.88588E+16
56304,8.17102E+18,8,1,36,65,2017,10,2,7,3,0,1,1,0,0,0,0,2,0,5.57958E+20,5.40516E+21,9.78919E+15,4.87967E+16
56305,8.17102E+18,8,1,35,16,2017,10,21,7,2,8,1,0,1,0,0,0,2,1,5.89936E+20,5.38681E+21,1.02206E+16,4.86279E+16
56306,8.17102E+18,8,1,27,91,2017,10,14,7,3,8,1,0,1,0,0,0,0,0,5.76255E+20,5.45124E+21,1.0047E+16,4.92092E+16
56307,8.17102E+18,8,1,19,79,2017,10,10,7,3,2,6,0,1,0,0,0,0,0,5.22247E+20,5.40917E+21,9.30315E+15,4.88351E+16
56308,8.17102E+18,8,2,15,17,2017,10,7,3,3,5,2,1,1,0,0,0,0,0,4.58213E+20,5.42044E+21,8.42942E+15,4.89355E+16
56309,8.17102E+18,8,2,12,0,2017,10,22,3,3,2,6,0,1,0,0,0,2,0,4.59522E+20,5.42614E+21,8.44673E+15,4.89868E+16
56310,8.17102E+18,8,2,16,49,2017,10,20,3,3,5,3,1,1,0,0,0,2,0,4.38887E+20,5.4015E+21,8.1684E+15,4.87635E+16
56311,8.17102E+18,8,1,19,67,2017,10,6,7,3,2,1,0,1,0,0,0,2,1,5.3963E+20,5.40769E+21,9.53989E+15,4.88209E+16
56312,8.17102E+18,8,1,19,20,2017,10,19,7,3,2,6,0,1,0,0,0,2,1,5.19756E+20,5.41055E+21,9.26929E+15,4.88476E+16
56313,8.17102E+18,8,1,19,86,2017,10,15,7,2,7,7,0,0,0,1,1,0,0,5.3495E+20,5.40461E+21,9.47588E+15,4.87935E+16
56314,8.17102E+18,8,1,18,48,2017,10,12,7,3,2,1,0,1,0,0,0,0,0,5.1086E+20,5.4147E+21,9.14814E+15,4.88852E+16
56315,8.17102E+18,8,1,18,48,2017,10,19,7,3,2,6,0,1,0,0,0,2,1,5.15758E+20,5.41428E+21,9.21493E+15,4.88813E+16
56316,8.17102E+18,8,1,17,19,2017,10,18,7,3,5,3,1,1,0,0,0,2,1,5.53065E+20,5.39387E+21,9.72112E+15,4.86956E+16
56317,8.17102E+18,8,1,17,49,2017,10,23,7,3,4,6,0,1,0,1,0,2,0,5.56124E+20,5.39239E+21,9.76249E+15,4.8682E+16
56318,8.17102E+18,8,1,25,65,2017,10,16,3,3,2,6,0,1,0,0,0,0,0,5.17069E+20,5.44736E+21,9.2342E+15,4.91788E+16
56319,8.17102E+18,8,1,15,24,2017,10,19,3,2,5,2,1,1,0,0,0,2,0,5.00455E+20,5.387E+21,9.00618E+15,4.86361E+16
56320,8.17102E+18,8,1,36,33,2017,10,16,3,3,2,6,0,1,0,0,0,0,0,5.78224E+20,5.41637E+21,1.00672E+16,4.88953E+16
56321,8.17102E+18,8,1,36,88,2017,10,16,3,3,1,6,0,1,0,0,0,0,0,5.83314E+20,5.41521E+21,1.01364E+16,4.88843E+16
56322,8.17102E+18,8,1,16,33,2017,10,16,7,3,0,6,0,1,0,0,0,0,0,5.3051E+20,5.38855E+21,9.41424E+15,4.86493E+16
56323,8.17102E+18,8,1,35,20,2017,10,5,7,3,0,1,0,1,0,0,0,2,0,5.88874E+20,5.38532E+21,1.02058E+16,4.86146E+16
56324,8.17102E+18,8,1,16,19,2017,10,19,7,3,4,2,1,1,0,0,0,2,0,5.25035E+20,5.39819E+21,9.34049E+15,4.87363E+16
56325,8.17102E+18,8,1,16,19,2017,10,22,7,3,5,3,0,1,0,0,0,2,1,5.26378E+20,5.39817E+21,9.35875E+15,4.8736E+16
56326,8.17102E+18,8,1,35,19,2017,10,13,3,3,1,6,0,1,0,0,0,0,0,5.83677E+20,5.39246E+21,1.01368E+16,4.86795E+16
56327,8.17102E+18,8,1,15,24,2017,10,12,7,3,2,6,0,1,0,0,0,0,0,5.00962E+20,5.38643E+21,9.01305E+15,4.86309E+16
56328,8.17102E+18,8,1,16,33,2017,10,22,3,1,2,1,0,1,0,0,1,2,0,5.33064E+20,5.38672E+21,9.44876E+15,4.86327E+16
56329,8.17102E+18,8,1,11,0,2017,10,15,7,3,2,6,0,1,0,0,0,0,0,5.18314E+20,5.40341E+21,9.24931E+15,4.87835E+16
56330,8.17102E+18,8,1,11,0,2017,10,22,7,3,6,2,0,0,1,0,1,2,1,5.08066E+20,5.39716E+21,9.10968E+15,4.87274E+16
56331,8.17102E+18,8,1,11,0,2017,10,16,7,3,3,7,0,1,0,0,0,0,0,5.12324E+20,5.40226E+21,9.16774E+15,4.87732E+16
56332,8.17102E+18,8,1,11,0,2017,10,18,7,3,2,6,0,1,0,0,0,1,0,5.133E+20,5.40407E+21,9.18107E+15,4.87895E+16
56333,8.17102E+18,8,4,37,107,2017,10,6,6,3,8,7,0,1,0,0,0,1,0,5.07157E+20,5.33316E+21,9.09623E+15,4.81517E+16
56334,8.17102E+18,8,4,37,76,2017,10,16,6,3,2,6,0,1,0,0,0,0,0,5.23899E+20,5.32126E+21,9.32065E+15,4.80442E+16
56335,8.17102E+18,8,4,36,81,2017,10,15,6,2,5,2,0,1,0,1,0,0,0,5.63013E+20,5.28164E+21,9.83963E+15,4.76851E+16
56336,8.17102E+18,8,4,36,10,2017,10,13,6,2,5,3,0,1,0,1,0,0,0,5.68067E+20,5.30253E+21,9.91025E+15,4.78725E+16
56337,8.17102E+18,8,4,36,87,2017,10,7,6,3,1,5,0,1,0,0,1,0,0,5.45587E+20,5.30429E+21,9.60983E+15,4.78903E+16
56338,8.17102E+18,8,4,36,94,2017,10,18,6,3,4,2,0,1,0,0,0,2,0,5.74746E+20,5.28122E+21,9.99588E+15,4.76801E+16
56339,8.17102E+18,8,4,36,8,2017,10,13,6,3,2,6,0,1,0,1,0,0,0,5.45732E+20,5.31154E+21,9.61254E+15,4.79556E+16
56340,8.17102E+18,8,4,36,64,2017,10,6,6,3,5,3,0,1,0,0,0,2,0,5.46075E+20,5.29367E+21,9.61523E+15,4.77947E+16
56341,8.17102E+18,8,4,36,55,2017,10,13,6,3,2,6,0,1,0,1,0,0,0,5.7608E+20,5.29717E+21,1.00164E+16,4.78234E+16
56342,8.17102E+18,8,4,35,52,2017,10,12,6,3,5,2,0,1,0,1,0,0,0,5.22812E+20,5.29008E+21,9.30442E+15,4.77636E+16
56343,8.17102E+18,8,4,35,35,2017,10,18,6,3,2,6,0,1,0,1,0,2,0,5.42167E+20,5.28319E+21,9.56203E+15,4.77007E+16
56344,8.17102E+18,8,4,17,51,2017,10,16,6,3,5,3,0,1,0,0,1,0,0,4.90926E+20,5.35888E+21,8.87745E+15,4.8383E+16
56345,8.17102E+18,8,4,17,57,2017,10,7,6,3,4,2,0,1,0,0,0,1,0,4.81425E+20,5.33847E+21,8.75002E+15,4.81992E+16
56346,8.17102E+18,8,4,16,25,2017,10,15,6,3,4,1,0,1,0,0,1,0,0,5.08874E+20,5.35792E+21,9.11983E+15,4.83744E+16
56347,8.17102E+18,8,3,37,96,2017,10,18,6,3,9,1,0,1,0,0,0,1,0,4.19993E+20,5.26725E+21,7.93659E+15,4.75538E+16
56348,8.17102E+18,8,3,35,79,2017,10,12,6,3,2,6,0,1,0,0,0,0,0,5.00647E+20,5.29657E+21,9.00864E+15,4.78225E+16