OBJECTID,UIDENTSTLA,ULAND,UREGBEZ,UKREIS,UGEMEINDE,UJAHR,UMONAT,USTUNDE,UWOCHENTAG,UKATEGORIE,UART,UTYP1,IstRad,IstPKW,IstFuss,IstKrad,IstSonstig,LICHT,STRZUSTAND,LINREFX,LINREFY,XGCSWGS84,YGCSWGS84
56349,8.17102E+18,8,4,35,59,2017,10,8,6,3,9,7,0,0,0,0,1,0,0,5.11314E+20,5.29166E+21,9.15103E+15,4.77782E+16
56350,8.17102E+18,8,4,36,4,2017,10,13,6,3,2,6,0,1,0,0,0,0,0,5.82168E+20,5.31039E+21,1.01003E+16,4.79416E+16
56351,8.17102E+18,8,3,27,46,2017,10,16,6,2,8,1,0,1,0,0,0,0,0,4.78108E+20,5.32371E+21,8.70615E+15,4.80663E+16
56352,8.17102E+18,8,1,27,46,2017,10,20,3,2,9,1,0,0,0,1,0,1,0,5.71088E+20,5.44715E+21,9.97529E+15,4.9173E+16
56353,8.17102E+18,8,1,27,25,2017,10,23,3,3,8,1,0,0,0,1,0,2,0,5.5524E+20,5.4285E+21,9.75535E+15,4.9007E+16
56354,8.17102E+18,8,1,25,102,2017,10,18,3,3,4,2,0,1,0,0,0,1,0,5.19362E+20,5.44543E+21,9.26557E+15,4.91614E+16
56355,8.17102E+18,8,1,25,84,2017,10,16,3,2,8,1,0,0,0,1,0,0,0,5.24292E+20,5.46827E+21,9.33459E+15,4.93666E+16
56356,8.17102E+18,8,3,17,96,2017,10,17,6,3,3,6,0,1,0,0,0,0,0,4.18939E+20,5.36978E+21,7.90319E+15,4.84759E+16
56357,8.17102E+18,8,1,25,38,2017,10,11,3,3,5,3,0,1,0,0,0,0,0,5.00205E+20,5.43484E+21,9.0028E+15,4.90664E+16
56358,8.17102E+18,8,1,21,0,2017,10,19,3,3,4,2,0,1,0,0,0,2,0,5.14751E+20,5.44149E+21,9.20218E+15,4.9126E+16
56359,8.17102E+18,8,3,16,14,2017,10,7,6,3,2,6,0,1,0,0,0,1,1,4.25811E+20,5.33023E+21,8.00311E+15,4.8121E+16
56360,8.17102E+18,8,3,15,84,2017,10,14,6,3,2,6,0,1,0,0,0,0,0,4.18732E+20,5.30404E+21,7.91297E+15,4.78846E+16
56361,8.17102E+18,8,3,15,64,2017,10,13,6,3,8,1,0,1,0,0,0,0,1,4.19887E+20,5.3152E+21,7.92633E+15,4.79851E+16
56362,8.17102E+18,8,3,11,0,2017,10,7,6,3,5,2,0,1,0,0,0,2,0,4.13742E+20,5.31683E+21,7.84367E+15,4.79989E+16
56363,8.17102E+18,8,3,36,14,2017,10,9,6,2,4,6,0,1,0,0,0,0,0,3.96314E+20,5.281E+21,7.61868E+15,4.76741E+16
56364,8.17102E+18,8,2,15,90,2017,10,17,6,2,4,2,0,1,0,0,0,0,0,4.6503E+20,5.43184E+21,8.52152E+15,4.90384E+16
56365,8.17102E+18,8,3,17,5,2017,10,2,6,3,2,1,0,1,0,0,1,2,0,4.24094E+20,5.38151E+21,7.97079E+15,4.8582E+16
56366,8.17102E+18,8,2,35,35,2017,10,10,6,3,4,6,0,1,0,0,1,0,0,4.70788E+20,5.40539E+21,8.6022E+15,4.88008E+16
56367,8.17102E+18,8,2,31,0,2017,10,14,6,2,2,6,0,0,0,1,1,0,0,4.81603E+20,5.40996E+21,8.74927E+15,4.88423E+16
56368,8.17102E+18,8,2,36,72,2017,10,7,6,3,3,2,0,1,0,1,0,0,0,4.64972E+20,5.41081E+21,8.52254E+15,4.88493E+16
56369,8.17102E+18,8,2,36,71,2017,10,11,6,3,4,6,0,1,0,0,0,0,0,4.67968E+20,5.41894E+21,8.56274E+15,4.89226E+16
56370,8.17102E+18,8,1,25,6,2017,10,16,3,3,5,3,1,1,0,0,0,0,0,5.05983E+20,5.45372E+21,9.08219E+15,4.92362E+16
56371,8.17102E+18,8,2,36,28,2017,10,7,6,3,1,6,0,1,0,1,0,1,0,4.94472E+20,5.42215E+21,8.9245E+15,4.89523E+16
56372,8.17102E+18,8,2,36,25,2017,10,11,6,2,5,3,0,1,0,1,0,0,0,4.90539E+20,5.40908E+21,8.87107E+15,4.88346E+16
56373,8.17102E+18,8,1,19,68,2017,10,10,3,3,9,1,0,0,0,1,0,0,0,5.27965E+20,5.41354E+21,9.38138E+15,4.88742E+16
56374,8.17102E+18,8,2,26,98,2017,10,15,6,3,4,6,0,1,0,0,0,0,0,4.76254E+20,5.4606E+21,8.67339E+15,4.92977E+16
56375,8.17102E+18,8,1,19,67,2017,10,12,3,2,4,1,0,1,0,0,0,0,1,5.37531E+20,5.40294E+21,9.51086E+15,4.87783E+16
56376,8.17102E+18,8,2,26,82,2017,10,16,6,3,5,3,0,1,0,0,1,0,0,4.75271E+20,5.4803E+21,8.65866E+15,4.94748E+16
56377,8.17102E+18,8,2,21,0,2017,10,5,6,3,1,6,0,1,0,0,0,1,0,4.7601E+20,5.46844E+21,8.66956E+15,4.93682E+16
56378,8.17102E+18,8,2,15,106,2017,10,17,6,3,2,6,0,1,0,0,0,0,0,4.68141E+20,5.45403E+21,8.56233E+15,4.92383E+16
56379,8.17102E+18,8,2,15,107,2017,10,7,6,3,2,6,0,1,0,0,0,0,0,4.63966E+20,5.45621E+21,8.50478E+15,4.92576E+16
56380,8.17102E+18,8,2,11,0,2017,10,17,6,3,5,3,0,1,0,0,0,0,0,4.42496E+20,5.39984E+21,8.21773E+15,4.87489E+16
56381,8.17102E+18,8,3,17,1,2017,10,20,6,3,5,3,0,0,0,1,1,2,0,4.3204E+20,5.38663E+21,8.07768E+15,4.8629E+16
56382,8.17102E+18,8,1,18,80,2017,10,6,6,3,2,6,0,1,0,0,1,2,0,5.09113E+20,5.41152E+21,9.12424E+15,4.88566E+16
56383,8.17102E+18,8,1,36,88,2017,10,18,6,3,6,2,0,1,1,0,0,0,0,5.7513E+20,5.4136E+21,1.00245E+16,4.88708E+16
56384,8.17102E+18,8,1,36,88,2017,10,5,6,1,8,1,0,0,0,1,0,2,1,5.89096E+20,5.40905E+21,1.02139E+16,4.8828E+16
56385,8.17102E+18,8,1,35,32,2017,10,8,6,3,2,6,0,1,0,0,1,0,0,5.79757E+20,5.39524E+21,1.00841E+16,4.87051E+16
56386,8.17102E+18,8,1,28,126,2017,10,17,6,3,6,4,0,1,1,0,0,0,0,5.65021E+20,5.48165E+21,9.89771E+15,4.9484E+16
56387,8.17102E+18,8,1,28,131,2017,10,13,6,1,4,1,0,1,0,0,1,0,0,5.40601E+20,5.51225E+21,9.56374E+15,4.97614E+16
56388,8.17102E+18,8,1,28,139,2017,10,16,6,2,6,4,0,1,1,0,0,0,0,5.53008E+20,5.48826E+21,9.73274E+15,4.95446E+16
56389,8.17102E+18,8,1,27,25,2017,10,21,6,1,9,1,0,0,0,1,0,2,0,5.57116E+20,5.42659E+21,9.78072E+15,4.89896E+16
56390,8.17102E+18,8,1,19,90,2017,10,19,3,3,6,2,0,0,1,0,1,2,0,5.31934E+20,5.4067E+21,9.43497E+15,4.88125E+16
56391,8.17102E+18,8,1,18,48,2017,10,16,3,3,5,3,0,1,0,1,0,0,0,5.14612E+20,5.41517E+21,9.19933E+15,4.88893E+16
56392,8.17102E+18,8,1,18,48,2017,10,17,3,3,3,6,0,1,0,1,0,0,0,5.1422E+20,5.41597E+21,9.19401E+15,4.88965E+16
56393,8.17102E+18,8,1,21,0,2017,10,11,6,2,5,2,1,1,0,0,0,0,0,5.15673E+20,5.44416E+21,9.21492E+15,4.91501E+16
56394,8.17102E+18,8,1,21,0,2017,10,19,6,3,2,6,0,1,0,0,0,2,0,5.16221E+20,5.4409E+21,9.22231E+15,4.91207E+16
56395,8.17102E+18,8,1,18,51,2017,10,18,3,3,3,6,0,1,0,1,0,1,0,5.10311E+20,5.41216E+21,9.14058E+15,4.88623E+16
56396,8.17102E+18,8,1,19,76,2017,10,7,6,3,5,2,0,1,0,1,0,2,0,5.41793E+20,5.40644E+21,9.56923E+15,4.88096E+16
56397,8.17102E+18,8,1,18,79,2017,10,15,3,3,0,2,0,1,0,1,0,0,0,5.10188E+20,5.42293E+21,9.13918E+15,4.89592E+16
56398,8.17102E+18,8,1,19,4,2017,10,15,6,3,4,1,0,0,0,0,1,0,0,5.4146E+20,5.42023E+21,9.56609E+15,4.89336E+16
56399,8.17102E+18,8,1,18,49,2017,10,10,6,3,2,6,0,1,0,0,1,0,0,5.196E+20,5.42115E+21,9.26766E+15,4.8943E+16
56400,8.17102E+18,8,1,17,7,2017,10,19,6,3,8,1,0,0,0,1,0,2,0,5.55306E+20,5.38774E+21,9.75075E+15,4.86403E+16
56401,8.17102E+18,8,1,16,49,2017,10,14,6,3,5,3,0,1,0,0,0,0,0,5.25092E+20,5.38579E+21,9.3405E+15,4.86247E+16
56402,8.17102E+18,8,1,16,77,2017,10,20,6,3,5,3,0,1,0,0,0,2,0,5.18174E+20,5.38845E+21,9.24674E+15,4.86489E+16
56403,8.17102E+18,8,1,16,77,2017,10,12,6,3,0,3,1,1,0,0,0,0,0,5.16952E+20,5.39055E+21,9.23024E+15,4.86678E+16
56404,8.17102E+18,8,1,15,28,2017,10,14,6,3,5,3,0,1,0,0,1,0,0,5.00701E+20,5.40335E+21,9.00955E+15,4.87831E+16
56405,8.17102E+18,8,1,11,0,2017,10,16,6,3,3,6,0,1,0,0,1,0,0,5.15262E+20,5.40504E+21,9.20782E+15,4.87982E+16
56406,8.17102E+18,8,1,11,0,2017,10,19,6,3,5,7,1,1,0,0,0,2,0,5.15863E+20,5.3989E+21,9.21577E+15,4.87429E+16
56407,8.17102E+18,8,1,11,0,2017,10,12,6,3,3,7,0,1,0,0,1,0,0,5.16118E+20,5.40565E+21,9.21951E+15,4.88036E+16
56408,8.17102E+18,8,4,37,53,2017,10,13,5,3,5,2,0,1,0,1,0,0,0,5.29174E+20,5.32064E+21,9.39139E+15,4.80384E+16
56409,8.17102E+18,8,4,37,44,2017,10,22,5,3,6,2,0,1,1,0,0,2,0,5.32991E+20,5.32315E+21,9.44278E+15,4.80608E+16
56410,8.17102E+18,8,4,36,79,2017,10,18,5,3,2,6,0,1,0,0,0,0,0,5.5344E+20,5.28958E+21,9.71306E+15,4.77574E+16
56411,8.17102E+18,8,1,18,79,2017,10,11,3,3,1,6,0,1,0,0,0,0,0,5.10234E+20,5.42174E+21,9.13977E+15,4.89485E+16
56412,8.17102E+18,8,1,18,40,2017,10,13,3,3,2,6,0,1,0,0,1,0,0,5.10553E+20,5.43183E+21,9.1444E+15,4.90393E+16
56413,8.17102E+18,8,4,36,6,2017,10,8,5,3,5,3,0,1,0,0,0,0,0,5.56109E+20,5.28392E+21,9.74794E+15,4.77062E+16
56414,8.17102E+18,8,1,17,3,2017,10,15,3,3,2,6,0,1,0,0,0,0,0,5.41957E+20,5.39408E+21,9.5702E+15,4.86983E+16
56415,8.17102E+18,8,1,17,26,2017,10,16,3,3,5,3,0,1,0,0,0,0,0,5.47714E+20,5.39559E+21,9.64861E+15,4.87115E+16
56416,8.17102E+18,8,1,17,26,2017,10,8,3,2,8,1,0,1,0,0,0,0,0,5.48778E+20,5.39347E+21,9.66282E+15,4.86924E+16
56417,8.17102E+18,8,1,17,19,2017,10,10,3,3,0,6,1,1,0,0,0,0,0,5.52706E+20,5.39398E+21,9.71625E+15,4.86966E+16
56418,8.17102E+18,8,4,25,84,2017,10,14,3,3,2,6,0,1,0,0,1,0,0,5.58039E+20,5.37427E+21,9.78596E+15,4.85188E+16
56419,8.17102E+18,8,4,36,95,2017,10,8,5,3,2,2,0,1,0,0,0,0,0,5.35259E+20,5.29709E+21,9.47109E+15,4.78262E+16
56420,8.17102E+18,8,4,35,36,2017,10,16,5,2,6,4,0,0,1,1,0,0,0,5.19992E+20,5.28234E+21,9.26643E+15,4.76941E+16
56421,8.17102E+18,8,4,35,16,2017,10,9,5,3,2,6,0,1,0,0,0,0,0,5.36361E+20,5.279E+21,9.48429E+15,4.76633E+16
56422,8.17102E+18,8,4,26,36,2017,10,17,5,3,2,6,0,1,0,1,0,0,0,5.42771E+20,5.32391E+21,9.57412E+15,4.8067E+16
56423,8.17102E+18,8,4,25,31,2017,10,15,5,3,1,6,0,1,0,0,0,0,0,5.68901E+20,5.37056E+21,9.93243E+15,4.84844E+16
56424,8.17102E+18,8,4,21,0,2017,10,13,5,3,5,3,0,1,0,0,1,0,0,5.72425E+20,5.36191E+21,9.97862E+15,4.84062E+16
56425,8.17102E+18,8,4,16,25,2017,10,18,5,3,5,3,0,1,0,0,0,1,0,5.04926E+20,5.36272E+21,9.06658E+15,4.84176E+16
56426,8.17102E+18,8,4,16,36,2017,10,16,5,3,2,6,0,1,0,0,0,0,0,4.92821E+20,5.37131E+21,8.90282E+15,4.84949E+16
56427,8.17102E+18,8,4,16,36,2017,10,17,5,3,2,1,1,1,0,0,0,0,0,4.91428E+20,5.36692E+21,8.88406E+15,4.84554E+16
56428,8.17102E+18,8,4,16,18,2017,10,12,5,2,4,6,0,1,0,1,0,0,0,4.91942E+20,5.36698E+21,8.89101E+15,4.84559E+16
56429,8.17102E+18,8,4,15,61,2017,10,7,5,3,5,3,1,1,0,0,0,1,0,5.15209E+20,5.37252E+21,9.20591E+15,4.85056E+16
56430,8.17102E+18,8,4,15,61,2017,10,17,5,3,4,1,0,1,0,0,0,0,0,5.11513E+20,5.36606E+21,9.15568E+15,4.84476E+16
56431,8.17102E+18,8,3,15,6,2017,10,7,5,3,2,6,0,1,0,0,1,2,0,4.00516E+20,5.31183E+21,7.66758E+15,4.79521E+16
56432,8.17102E+18,8,3,11,0,2017,10,0,5,3,2,6,0,1,0,0,1,2,0,4.07117E+20,5.31681E+21,7.75489E+15,4.79978E+16
56433,8.17102E+18,8,3,36,91,2017,10,19,5,3,5,3,0,1,0,0,0,2,0,3.94417E+20,5.27313E+21,7.59533E+15,4.76029E+16
56434,8.17102E+18,8,3,36,69,2017,10,17,5,3,0,6,0,0,0,1,1,0,0,4.049E+20,5.27401E+21,7.73456E+15,4.76126E+16
56435,8.17102E+18,8,3,35,98,2017,10,16,5,3,4,6,0,1,0,0,1,0,0,5.00624E+20,5.29402E+21,9.00833E+15,4.77995E+16
56436,8.17102E+18,8,3,35,43,2017,10,20,5,1,4,1,0,1,0,1,0,2,0,5.09981E+20,5.28245E+21,9.13302E+15,4.76953E+16
56437,8.17102E+18,8,3,35,63,2017,10,11,5,2,3,6,1,0,0,0,0,0,0,4.96926E+20,5.28796E+21,8.95899E+15,4.7745E+16
56438,8.17102E+18,8,3,35,61,2017,10,12,5,2,8,1,0,0,0,1,0,0,0,4.94635E+20,5.27973E+21,8.92854E+15,4.76709E+16
56439,8.17102E+18,8,3,27,38,2017,10,6,5,3,2,1,0,1,0,0,0,1,0,4.94563E+20,5.31394E+21,8.92715E+15,4.79787E+16
56440,8.17102E+18,8,3,27,50,2017,10,18,5,3,3,6,0,1,0,1,0,0,0,4.85333E+20,5.31414E+21,8.80345E+15,4.79804E+16
56441,8.17102E+18,8,3,26,68,2017,10,15,5,3,2,6,0,1,0,1,0,0,0,4.49111E+20,5.3196E+21,8.31743E+15,4.80277E+16
56442,8.17102E+18,8,3,26,17,2017,10,13,5,3,5,3,0,1,0,0,0,0,0,4.40467E+20,5.32201E+21,8.20117E+15,4.80486E+16
56443,8.17102E+18,8,3,25,69,2017,10,6,5,2,8,1,0,1,0,0,0,2,0,4.68212E+20,5.33557E+21,8.57243E+15,4.81726E+16
56444,8.17102E+18,8,3,27,27,2017,10,6,5,2,8,7,0,0,0,1,0,1,0,4.96531E+20,5.32291E+21,8.95344E+15,4.80594E+16
56445,8.17102E+18,8,1,16,77,2017,10,17,3,3,5,3,0,1,0,0,0,0,0,5.15014E+20,5.39019E+21,9.20391E+15,4.86645E+16
56446,8.17102E+18,8,1,16,19,2017,10,18,3,3,2,6,0,1,0,0,0,0,0,5.23901E+20,5.39702E+21,9.32499E+15,4.87257E+16
56447,8.17102E+18,8,3,17,65,2017,10,16,5,3,3,2,0,1,0,0,1,0,0,4.16535E+20,5.35448E+21,7.87372E+15,4.8338E+16
56448,8.17102E+18,8,3,17,121,2017,10,7,5,3,0,7,0,0,0,1,0,1,0,4.22545E+20,5.34655E+21,7.95625E+15,4.82674E+16
56449,8.17102E+18,8,3,17,31,2017,10,15,5,2,2,6,0,1,0,0,1,0,0,4.154E+20,5.36174E+21,7.85695E+15,4.84031E+16
56450,8.17102E+18,8,3,17,96,2017,10,14,5,3,2,6,0,1,0,0,0,0,0,4.18851E+20,5.37041E+21,7.90188E+15,4.84816E+16
56451,8.17102E+18,8,3,17,8,2017,10,17,5,2,3,6,0,1,0,1,0,0,0,4.45836E+20,5.36934E+21,8.26714E+15,4.84749E+16
56452,8.17102E+18,8,3,15,13,2017,10,16,5,3,1,6,0,1,0,0,0,0,0,4.04935E+20,5.32349E+21,7.72416E+15,4.80576E+16
56453,8.17102E+18,8,3,15,6,2017,10,17,5,3,5,3,0,1,0,0,1,0,0,4.04745E+20,5.30806E+21,7.72504E+15,4.79188E+16
56454,8.17102E+18,8,2,26,103,2017,10,16,5,3,2,6,0,1,0,0,0,0,0,4.70936E+20,5.4556E+21,8.60061E+15,4.92524E+16
56455,8.17102E+18,8,2,15,39,2017,10,10,5,3,1,6,0,1,0,0,0,0,0,4.70984E+20,5.45423E+21,8.60138E+15,4.92401E+16
56456,8.17102E+18,8,2,22,0,2017,10,16,5,2,2,6,0,0,0,0,1,0,0,4.60789E+20,5.48916E+21,8.45788E+15,4.95537E+16
56457,8.17102E+18,8,2,12,0,2017,10,14,5,3,2,6,0,1,0,0,0,0,0,4.57019E+20,5.42344E+21,8.41281E+15,4.89624E+16
56458,8.17102E+18,8,1,16,11,2017,10,6,3,2,8,6,0,1,0,0,1,2,0,5.31828E+20,5.37925E+21,9.43141E+15,4.85655E+16
56459,8.17102E+18,8,2,15,47,2017,10,17,5,2,4,6,0,1,0,1,0,0,0,4.60077E+20,5.41152E+21,8.45575E+15,4.88554E+16
56460,8.17102E+18,8,1,15,54,2017,10,17,3,3,2,2,0,1,0,0,0,0,0,4.9248E+20,5.39601E+21,8.89776E+15,4.87171E+16
56461,8.17102E+18,8,2,35,6,2017,10,17,5,3,5,3,0,1,0,0,0,1,0,4.70576E+20,5.38164E+21,8.601E+15,4.85872E+16
56462,8.17102E+18,8,2,31,0,2017,10,17,5,2,1,6,0,0,0,0,1,0,0,4.79291E+20,5.41817E+21,8.71735E+15,4.89161E+16
56463,8.17102E+18,8,2,36,31,2017,10,17,5,3,2,6,1,1,0,0,0,0,0,4.81846E+20,5.42019E+21,8.75213E+15,4.89344E+16
56464,8.17102E+18,8,2,36,43,2017,10,13,5,3,4,2,0,1,0,0,0,0,0,4.70287E+20,5.41094E+21,8.59498E+15,4.88507E+16
56465,8.17102E+18,8,2,36,46,2017,10,17,5,3,0,7,1,0,0,0,0,0,0,4.84574E+20,5.41769E+21,8.78947E+15,4.8912E+16
56466,8.17102E+18,8,2,26,107,2017,10,13,5,3,1,6,0,1,0,0,1,0,0,4.75143E+20,5.48474E+21,8.65661E+15,4.95148E+16
56467,8.17102E+18,8,2,26,29,2017,10,16,5,3,8,1,0,0,0,1,0,0,0,4.84348E+20,5.48352E+21,8.78382E+15,4.95041E+16
56468,8.17102E+18,8,2,21,0,2017,10,8,5,3,2,6,0,1,0,0,0,0,0,4.82334E+20,5.47389E+21,8.75642E+15,4.94174E+16
56469,8.17102E+18,8,2,22,0,2017,10,16,5,3,2,6,0,1,0,0,1,0,0,4.6219E+20,5.48024E+21,8.47809E+15,4.94737E+16
56470,8.17102E+18,8,2,22,0,2017,10,19,5,3,2,6,0,1,0,0,0,2,0,4.63885E+20,5.47759E+21,8.50174E+15,4.94499E+16
56471,8.17102E+18,8,2,21,0,2017,10,7,5,3,8,7,0,0,0,0,1,0,0,4.78265E+20,5.47351E+21,8.70035E+15,4.94139E+16
56472,8.17102E+18,8,2,15,66,2017,10,6,5,3,1,6,0,1,0,0,0,2,1,4.5949E+20,5.45447E+21,8.44345E+15,4.92416E+16
56473,8.17102E+18,8,2,15,9,2017,10,15,5,3,5,3,0,1,0,0,0,0,0,4.70317E+20,5.44091E+21,8.59319E+15,4.91203E+16
56474,8.17102E+18,8,1,15,24,2017,10,11,3,3,3,6,0,1,0,0,1,0,0,5.00512E+20,5.38747E+21,9.00695E+15,4.86403E+16
56475,8.17102E+18,8,2,15,39,2017,10,7,5,3,0,6,0,1,0,0,0,0,0,4.70791E+20,5.4529E+21,8.59882E+15,4.92282E+16
56476,8.17102E+18,8,3,17,126,2017,10,18,5,2,4,1,0,1,0,1,0,1,0,4.42606E+20,5.38123E+21,8.22181E+15,4.85815E+16
56477,8.17102E+18,8,1,18,11,2017,10,18,5,2,2,6,0,1,0,1,0,0,0,5.06217E+20,5.4085E+21,9.0847E+15,4.88295E+16
56478,8.17102E+18,8,1,11,0,2017,10,17,3,2,0,2,1,1,0,0,0,0,0,5.13169E+20,5.4005E+21,9.17918E+15,4.87574E+16
56479,8.17102E+18,8,1,15,42,2017,10,13,5,3,3,6,0,1,0,0,0,0,0,4.95629E+20,5.40535E+21,8.94047E+15,4.88011E+16
56480,8.17102E+18,8,1,15,45,2017,10,18,5,3,2,6,0,1,0,0,0,2,0,5.04107E+20,5.39732E+21,9.05585E+15,4.87289E+16
56481,8.17102E+18,8,1,11,0,2017,10,13,3,3,2,6,0,1,0,0,0,0,0,5.15383E+20,5.40577E+21,9.20949E+15,4.88047E+16
56482,8.17102E+18,8,1,11,0,2017,10,11,3,3,3,6,0,1,0,0,0,0,0,5.16912E+20,5.40355E+21,9.23023E+15,4.87847E+16
56483,8.17102E+18,8,1,36,65,2017,10,7,5,3,5,3,1,1,0,0,0,0,0,5.58415E+20,5.40649E+21,9.7956E+15,4.88086E+16
56484,8.17102E+18,8,1,36,18,2017,10,17,5,3,9,1,0,0,0,1,0,0,0,5.91386E+20,5.42917E+21,1.02497E+16,4.90086E+16
56485,8.17102E+18,8,1,27,25,2017,10,16,5,2,2,6,0,1,0,1,0,0,0,5.59084E+20,5.4299E+21,9.80811E+15,4.90192E+16
56486,8.17102E+18,8,1,27,46,2017,10,15,5,3,5,3,0,1,0,0,1,0,0,5.69957E+20,5.44762E+21,9.95987E+15,4.91774E+16
56487,8.17102E+18,8,1,26,47,2017,10,17,5,3,2,6,0,1,0,0,0,0,0,5.50334E+20,5.44941E+21,9.69087E+15,4.91954E+16
56488,8.17102E+18,8,1,26,28,2017,10,9,5,3,5,3,0,1,0,0,0,0,0,5.34244E+20,5.46029E+21,9.47097E+15,4.92944E+16
56489,8.17102E+18,8,1,21,0,2017,10,14,5,2,0,7,0,1,0,0,0,0,0,5.16419E+20,5.4462E+21,9.22524E+15,4.91684E+16
56490,8.17102E+18,8,1,25,6,2017,10,12,5,2,3,1,0,1,0,0,1,0,0,5.05037E+20,5.45113E+21,9.06916E+15,4.9213E+16
56491,8.17102E+18,8,1,25,69,2017,10,23,5,3,5,3,0,1,0,0,1,2,0,5.25826E+20,5.45364E+21,9.35476E+15,4.9235E+16
56492,8.17102E+18,8,1,25,6,2017,10,19,5,3,5,3,1,1,0,0,0,2,0,5.07309E+20,5.45437E+21,9.10042E+15,4.9242E+16
56493,8.17102E+18,8,1,19,20,2017,10,14,5,2,0,7,1,0,0,0,0,0,0,5.19269E+20,5.40657E+21,9.26245E+15,4.88118E+16
56494,8.17102E+18,8,1,19,87,2017,10,17,5,2,6,4,0,1,1,0,0,0,0,5.29105E+20,5.42383E+21,9.39766E+15,4.89667E+16
56495,8.17102E+18,8,1,18,50,2017,10,8,5,3,4,7,0,1,0,0,0,0,0,5.07093E+20,5.41548E+21,9.09677E+15,4.88922E+16
56496,8.17102E+18,8,1,18,48,2017,10,11,5,2,8,1,0,0,0,1,0,0,0,5.11083E+20,5.41471E+21,9.15118E+15,4.88853E+16
56497,8.17102E+18,8,1,15,28,2017,10,14,5,3,5,3,0,1,0,1,0,0,0,5.02019E+20,5.40712E+21,9.02751E+15,4.8817E+16
56498,8.17102E+18,8,1,11,0,2017,10,17,3,3,2,6,0,1,0,0,0,0,0,5.07811E+20,5.39659E+21,9.1062E+15,4.87223E+16
56499,8.17102E+18,8,1,11,0,2017,10,17,3,3,5,2,1,1,0,0,0,0,0,5.07573E+20,5.39744E+21,9.10298E+15,4.873E+16
56500,8.17102E+18,8,1,11,0,2017,10,16,3,3,2,6,0,1,0,0,0,0,0,5.10324E+20,5.40013E+21,9.14046E+15,4.87541E+16
56501,8.17102E+18,8,1,15,3,2017,10,5,5,2,2,6,0,1,0,1,0,2,0,4.97792E+20,5.39221E+21,8.97E+15,4.86829E+16
56502,8.17102E+18,8,4,25,79,2017,10,14,5,3,2,6,0,1,0,0,0,0,0,5.5843E+20,5.37436E+21,9.79127E+15,4.85196E+16
56503,8.17102E+18,8,1,11,0,2017,10,17,3,3,2,6,0,1,0,0,0,0,0,5.12719E+20,5.40537E+21,9.1732E+15,4.88011E+16
56504,8.17102E+18,8,1,16,72,2017,10,13,5,3,5,3,0,1,0,1,0,0,0,5.31322E+20,5.39232E+21,9.42554E+15,4.86831E+16
56505,8.17102E+18,8,1,16,73,2017,10,15,5,2,8,1,0,0,0,1,0,0,0,5.20237E+20,5.38999E+21,9.27483E+15,4.86626E+16
56506,8.17102E+18,8,1,11,0,2017,10,17,5,3,3,6,0,1,0,1,0,0,0,5.12223E+20,5.39692E+21,9.1662E+15,4.87252E+16
56507,8.17102E+18,8,1,11,0,2017,10,20,5,3,5,3,1,0,0,0,1,2,0,5.14857E+20,5.40611E+21,9.20234E+15,4.88078E+16
56508,8.17102E+18,8,1,11,0,2017,10,16,5,3,2,6,0,0,0,1,1,0,0,5.12525E+20,5.40669E+21,9.1706E+15,4.88131E+16
56509,8.17102E+18,8,1,11,0,2017,10,18,5,3,2,6,0,1,0,0,0,1,0,5.11541E+20,5.40672E+21,9.1572E+15,4.88133E+16
56510,8.17102E+18,8,4,36,11,2017,10,11,4,3,2,6,0,1,0,0,0,0,0,5.46097E+20,5.29741E+21,9.61592E+15,4.78284E+16
56511,8.17102E+18,8,4,36,95,2017,10,13,4,3,5,3,0,1,0,0,0,0,0,5.36745E+20,5.29831E+21,9.49104E+15,4.78371E+16
56512,8.17102E+18,8,4,35,24,2017,10,17,4,3,4,1,0,1,0,0,1,0,0,5.27151E+20,5.27938E+21,9.36166E+15,4.76672E+16
56513,8.17102E+18,8,4,35,45,2017,10,17,4,3,5,3,0,1,0,0,0,0,0,5.3559E+20,5.28617E+21,9.47462E+15,4.77279E+16
56514,8.17102E+18,8,4,26,120,2017,10,12,4,3,2,2,0,1,0,0,0,0,0,5.63352E+20,5.32399E+21,9.85036E+15,4.80661E+16
56515,8.17102E+18,8,4,16,41,2017,10,16,4,3,1,6,0,1,0,0,0,0,0,4.99929E+20,5.37004E+21,8.99904E+15,4.84834E+16
56516,8.17102E+18,8,4,16,36,2017,10,19,4,3,5,3,0,1,0,1,0,2,0,4.83425E+20,5.37423E+21,8.77553E+15,4.85209E+16
56517,8.17102E+18,8,4,15,61,2017,10,11,4,3,2,6,0,1,0,0,0,0,0,5.15526E+20,5.37078E+21,9.21013E+15,4.849E+16
56518,8.17102E+18,8,4,15,50,2017,10,11,4,3,5,3,0,1,0,0,1,0,0,5.19806E+20,5.3767E+21,9.26834E+15,4.85431E+16
56519,8.17102E+18,8,3,37,49,2017,10,13,4,3,4,7,0,1,0,0,0,0,0,4.25406E+20,5.27682E+21,8.00689E+15,4.76405E+16
56520,8.17102E+18,8,3,35,79,2017,10,15,4,2,2,2,0,1,0,1,0,0,0,5.01601E+20,5.29868E+21,9.02139E+15,4.78414E+16