OBJECTID,UIDENTSTLA,ULAND,UREGBEZ,UKREIS,UGEMEINDE,UJAHR,UMONAT,USTUNDE,UWOCHENTAG,UKATEGORIE,UART,UTYP1,IstRad,IstPKW,IstFuss,IstKrad,IstSonstig,LICHT,STRZUSTAND,LINREFX,LINREFY,XGCSWGS84,YGCSWGS84
56693,8.17103E+18,8,1,16,81,2017,10,11,2,3,5,3,0,1,0,0,0,0,0,5.17343E+20,5.38627E+21,9.23537E+15,4.86293E+16
56694,8.17103E+18,8,2,16,43,2017,10,22,2,3,5,2,0,1,0,0,1,2,0,4.39028E+20,5.41172E+21,8.1688E+15,4.88554E+16
56695,8.17103E+18,8,3,35,96,2017,10,18,5,2,9,1,0,0,0,1,0,1,0,5.08138E+20,5.30144E+21,9.10881E+15,4.78663E+16
56696,8.17103E+18,8,2,15,101,2017,10,22,7,3,8,1,0,0,0,1,0,2,1,4.65882E+20,5.42718E+21,8.53358E+15,4.89966E+16
56697,8.17103E+18,8,3,27,25,2017,10,12,7,2,8,1,0,1,0,0,0,0,0,4.81279E+20,5.30408E+21,8.74956E+15,4.78898E+16
56698,8.17103E+18,8,4,25,71,2017,10,11,2,3,6,4,0,1,1,0,0,0,0,5.50974E+20,5.37096E+21,9.68989E+15,4.84897E+16
56699,8.17103E+18,8,2,26,85,2017,10,8,2,2,4,2,1,1,0,0,0,0,0,4.91083E+20,5.45501E+21,8.87748E+15,4.92478E+16
56700,8.17103E+18,8,4,35,59,2017,10,17,5,2,8,1,0,1,0,0,0,0,0,5.16569E+20,5.29159E+21,9.22117E+15,4.77774E+16
56701,8.17103E+18,8,4,36,69,2017,10,15,5,2,8,1,0,0,0,1,0,0,0,5.55532E+20,5.29467E+21,9.74162E+15,4.7803E+16
56702,8.17103E+18,8,3,26,74,2017,10,18,5,3,5,2,0,1,0,0,0,2,0,4.6082E+20,5.32321E+21,8.47415E+15,4.80609E+16
56703,8.17103E+18,8,3,26,52,2017,10,17,5,3,2,6,0,1,0,0,0,0,0,4.50445E+20,5.33014E+21,8.3341E+15,4.81226E+16
56704,8.17103E+18,8,3,26,5,2017,10,20,5,2,5,3,0,1,0,0,0,2,0,4.68619E+20,5.29595E+21,8.5808E+15,4.78161E+16
56705,8.17103E+18,8,3,17,151,2017,10,18,5,2,5,6,0,1,0,0,0,2,0,4.12609E+20,5.37071E+21,7.81737E+15,4.84835E+16
56706,8.17103E+18,8,1,35,16,2017,10,10,7,2,2,6,0,1,0,0,0,0,0,5.89206E+20,5.38541E+21,1.02103E+16,4.86154E+16
56707,8.17103E+18,8,3,17,57,2017,10,16,5,3,2,6,0,1,0,0,0,0,0,4.14527E+20,5.37704E+21,7.84203E+15,4.85407E+16
56708,8.17103E+18,8,3,17,146,2017,10,17,5,2,5,3,0,1,0,0,0,0,0,4.29626E+20,5.35302E+21,8.05058E+15,4.83264E+16
56709,8.17103E+18,8,2,15,46,2017,10,16,7,3,3,6,0,1,0,0,0,0,0,4.49109E+20,5.4158E+21,8.3057E+15,4.88931E+16
56710,8.17103E+18,8,3,17,75,2017,10,14,5,2,5,3,0,1,0,0,0,0,0,4.12742E+20,5.36034E+21,7.82133E+15,4.83902E+16
56711,8.17103E+18,8,3,16,17,2017,10,15,5,3,2,1,0,1,0,0,0,0,0,4.0932E+20,5.33945E+21,7.7796E+15,4.82018E+16
56712,8.17103E+18,8,3,15,6,2017,10,7,5,3,1,6,0,1,0,0,0,0,1,4.00678E+20,5.31163E+21,7.6698E+15,4.79503E+16
56713,8.17103E+18,8,3,36,50,2017,10,19,5,3,3,2,1,1,0,0,0,2,0,3.99298E+20,5.27488E+21,7.65985E+15,4.76195E+16
56714,8.17103E+18,8,3,15,131,2017,10,17,5,3,2,6,0,1,0,0,1,0,0,4.04741E+20,5.30806E+21,7.72499E+15,4.79188E+16
56715,8.17103E+18,8,2,12,0,2017,10,15,5,3,5,7,0,1,0,0,1,0,0,4.55191E+20,5.42858E+21,8.38727E+15,4.90084E+16
56716,8.17103E+18,8,2,15,17,2017,10,15,5,2,2,6,0,0,0,0,1,0,0,4.54319E+20,5.42235E+21,8.37605E+15,4.89524E+16
56717,8.17103E+18,8,2,37,19,2017,10,7,5,3,4,2,0,1,0,0,1,1,1,4.61702E+20,5.36978E+21,8.48176E+15,4.84799E+16
56718,8.17103E+18,8,2,31,0,2017,10,17,5,2,2,6,0,1,0,1,0,0,0,4.82567E+20,5.41778E+21,8.76208E+15,4.89127E+16
56719,8.17103E+18,8,2,36,40,2017,10,11,5,3,8,6,0,1,0,0,0,0,0,4.92718E+20,5.42177E+21,8.90054E+15,4.89488E+16
56720,8.17103E+18,8,2,26,41,2017,10,10,5,3,2,6,1,1,0,0,0,0,0,4.77423E+20,5.4667E+21,8.68913E+15,4.93526E+16
56721,8.17103E+18,8,2,22,0,2017,10,8,5,3,3,6,0,1,0,1,0,1,0,4.6377E+20,5.48201E+21,8.49975E+15,4.94896E+16
56722,8.17103E+18,8,2,22,0,2017,10,9,5,3,5,2,1,1,0,0,0,0,0,4.62321E+20,5.4819E+21,8.47975E+15,4.94885E+16
56723,8.17103E+18,8,2,21,0,2017,10,9,5,2,0,7,1,0,0,0,0,0,0,4.79498E+20,5.47378E+21,8.71734E+15,4.94164E+16
56724,8.17103E+18,8,3,35,43,2017,10,0,1,2,6,4,0,1,1,0,0,2,1,5.10153E+20,5.28187E+21,9.13531E+15,4.76901E+16
56725,8.17103E+18,8,1,15,3,2017,10,10,2,3,2,6,0,1,0,0,0,0,0,5.00841E+20,5.39274E+21,9.01142E+15,4.86877E+16
56726,8.17103E+18,8,1,35,19,2017,10,11,2,3,6,3,0,1,1,0,0,0,0,5.84173E+20,5.39242E+21,1.01435E+16,4.86791E+16
56727,8.17103E+18,8,2,21,0,2017,10,15,5,2,1,5,0,1,0,1,0,0,0,4.82287E+20,5.47433E+21,8.75576E+15,4.94214E+16
56728,8.17103E+18,8,2,36,43,2017,10,12,2,3,0,2,0,1,0,1,0,0,0,4.66807E+20,5.40732E+21,8.54783E+15,4.8818E+16
56729,8.17103E+18,8,2,16,7,2017,10,12,5,3,2,6,0,1,0,0,0,0,0,4.34548E+20,5.3973E+21,8.11003E+15,4.87253E+16
56730,8.17103E+18,8,2,16,43,2017,10,14,5,3,5,2,0,1,0,0,1,0,0,4.42483E+20,5.41253E+21,8.21577E+15,4.88631E+16
56731,8.17103E+18,8,2,16,43,2017,10,6,5,3,5,3,1,1,0,0,0,2,0,4.4015E+20,5.41347E+21,8.18384E+15,4.88713E+16
56732,8.17103E+18,8,2,15,100,2017,10,18,5,3,5,3,0,1,0,1,0,2,0,4.74713E+20,5.45184E+21,8.65276E+15,4.92188E+16
56733,8.17103E+18,8,1,35,16,2017,10,16,5,2,2,6,0,1,0,0,1,0,0,5.86754E+20,5.3818E+21,1.01763E+16,4.85833E+16
56734,8.17103E+18,8,2,25,75,2017,10,12,5,2,5,3,0,1,0,0,0,0,0,5.29254E+20,5.47424E+21,9.40337E+15,4.94202E+16
56735,8.17103E+18,8,1,27,46,2017,10,13,5,3,3,7,0,0,0,0,1,0,0,5.7095E+20,5.44748E+21,9.97347E+15,4.91761E+16
56736,8.17103E+18,8,1,27,43,2017,10,13,5,2,2,6,0,1,0,0,1,0,0,5.6692E+20,5.44758E+21,9.9182E+15,4.91774E+16
56737,8.17103E+18,8,3,36,78,2017,10,5,6,2,7,7,0,0,0,1,0,2,0,3.93255E+20,5.28832E+21,7.57616E+15,4.77394E+16
56738,8.17103E+18,8,1,27,62,2017,10,7,5,2,4,6,0,0,0,1,0,2,0,5.47823E+20,5.42986E+21,9.65409E+15,4.90198E+16
56739,8.17103E+18,8,1,25,69,2017,10,13,5,3,3,2,0,1,0,0,1,0,0,5.21705E+20,5.45691E+21,9.29833E+15,4.92645E+16
56740,8.17103E+18,8,1,11,0,2017,10,20,7,2,5,3,0,1,0,0,0,2,0,5.0715E+20,5.40729E+21,9.0974E+15,4.88185E+16
56741,8.17103E+18,8,1,25,56,2017,10,6,5,3,5,3,0,1,0,0,0,2,0,5.11502E+20,5.43515E+21,9.15747E+15,4.90691E+16
56742,8.17103E+18,8,1,21,0,2017,10,21,5,3,5,3,0,1,0,1,0,2,0,5.14753E+20,5.44149E+21,9.20221E+15,4.91261E+16
56743,8.17103E+18,8,2,12,0,2017,10,12,7,3,5,3,1,1,0,0,0,0,0,4.56439E+20,5.42456E+21,8.40476E+15,4.89724E+16
56744,8.17103E+18,8,1,19,84,2017,10,18,5,2,4,6,0,1,0,1,0,1,1,5.45064E+20,5.41406E+21,9.61461E+15,4.88778E+16
56745,8.17103E+18,8,1,19,20,2017,10,7,5,3,3,6,0,0,0,1,1,0,0,5.18338E+20,5.40889E+21,9.24988E+15,4.88327E+16
56746,8.17103E+18,8,1,19,67,2017,10,16,5,2,4,1,0,1,0,1,0,0,0,5.41215E+20,5.40896E+21,9.5616E+15,4.88322E+16
56747,8.17103E+18,8,1,18,63,2017,10,16,5,3,0,3,0,1,0,1,0,0,0,5.15712E+20,5.42296E+21,9.21464E+15,4.89594E+16
56748,8.17103E+18,8,1,18,48,2017,10,16,5,3,2,6,0,1,0,0,0,0,0,5.12729E+20,5.41713E+21,9.17371E+15,4.89069E+16
56749,8.17103E+18,8,1,18,79,2017,10,6,5,3,5,3,0,1,0,0,0,2,0,5.07338E+20,5.42485E+21,9.10027E+15,4.89765E+16
56750,8.17103E+18,8,1,18,80,2017,10,16,5,2,2,6,0,1,0,0,1,0,0,5.07713E+20,5.41195E+21,9.10516E+15,4.88604E+16
56751,8.17103E+18,8,1,18,27,2017,10,16,5,3,2,6,0,1,0,1,1,0,0,5.02456E+20,5.41054E+21,9.03347E+15,4.88478E+16
56752,8.17103E+18,8,1,15,21,2017,10,7,5,2,5,3,0,1,0,1,0,1,1,4.92683E+20,5.38088E+21,8.90079E+15,4.8581E+16
56753,8.17103E+18,8,1,17,18,2017,10,16,5,2,0,1,0,0,0,1,0,0,0,5.36922E+20,5.3957E+21,9.50192E+15,4.87132E+16
56754,8.17103E+18,8,1,16,36,2017,10,13,5,3,1,5,0,1,0,0,0,0,0,5.25235E+20,5.37856E+21,9.342E+15,4.85596E+16
56755,8.17103E+18,8,1,16,56,2017,10,8,5,3,2,6,0,1,0,0,0,0,0,5.30568E+20,5.39528E+21,9.41551E+15,4.87098E+16
56756,8.17103E+18,8,1,15,45,2017,10,7,5,3,2,6,0,1,0,0,0,1,0,4.962E+20,5.3957E+21,8.94834E+15,4.87143E+16
56757,8.17103E+18,8,1,15,45,2017,10,16,5,2,0,7,0,1,0,0,0,0,0,4.99761E+20,5.39467E+21,8.99676E+15,4.8705E+16
56758,8.17103E+18,8,1,15,3,2017,10,16,5,3,5,3,1,1,0,0,0,0,0,5.00209E+20,5.39223E+21,9.00285E+15,4.86832E+16
56759,8.17103E+18,8,1,36,50,2017,10,1,1,1,8,1,0,1,0,0,0,2,1,5.80892E+20,5.40265E+21,1.01009E+16,4.87716E+16
56760,8.17103E+18,8,2,36,71,2017,10,11,1,3,9,1,0,1,0,0,0,0,1,4.71673E+20,5.41846E+21,8.61335E+15,4.89184E+16
56761,8.17103E+18,8,4,15,60,2017,10,5,1,3,4,2,0,1,0,0,0,2,1,5.14495E+20,5.37908E+21,9.19647E+15,4.85647E+16
56762,8.17103E+18,8,1,17,26,2017,10,10,2,3,2,6,0,1,0,0,0,0,0,5.47623E+20,5.39582E+21,9.64739E+15,4.87136E+16
56763,8.17103E+18,8,2,26,76,2017,10,13,2,2,5,7,0,1,0,0,0,0,0,4.74321E+20,5.46358E+21,8.64661E+15,4.93244E+16
56764,8.17103E+18,8,1,11,0,2017,10,11,5,2,8,7,0,1,0,0,0,0,0,5.16341E+20,5.40792E+21,9.22264E+15,4.8824E+16
56765,8.17103E+18,8,1,11,0,2017,10,16,5,3,6,7,0,0,1,0,1,0,0,5.13248E+20,5.4023E+21,9.18031E+15,4.87736E+16
56766,8.17103E+18,8,4,36,64,2017,10,19,4,3,5,3,1,1,0,0,0,2,0,5.45542E+20,5.29258E+21,9.608E+15,4.7785E+16
56767,8.17103E+18,8,4,35,59,2017,10,15,4,3,5,7,0,1,0,0,0,0,0,5.11441E+20,5.29171E+21,9.15272E+15,4.77786E+16
56768,8.17103E+18,8,4,26,128,2017,10,7,4,3,1,3,0,1,0,0,0,2,0,5.59589E+20,5.32998E+21,9.8007E+15,4.81203E+16
56769,8.17103E+18,8,3,17,31,2017,10,14,6,2,6,7,0,1,1,0,0,0,0,4.17054E+20,5.35838E+21,7.87995E+15,4.83731E+16
56770,8.17103E+18,8,4,26,21,2017,10,16,4,2,5,3,1,1,0,0,0,0,0,5.59153E+20,5.32637E+21,9.79434E+15,4.80879E+16
56771,8.17103E+18,8,4,25,33,2017,10,11,4,2,4,2,0,1,0,0,0,0,0,5.56635E+20,5.34721E+21,9.76331E+15,4.82756E+16
56772,8.17103E+18,8,3,26,17,2017,10,20,6,2,2,1,0,1,0,0,0,2,0,4.43483E+20,5.32184E+21,8.24166E+15,4.80474E+16
56773,8.17103E+18,8,4,17,8,2017,10,11,4,3,2,6,0,1,0,0,1,0,0,4.93842E+20,5.35086E+21,8.91695E+15,4.83109E+16
56774,8.17103E+18,8,4,17,8,2017,10,22,4,3,8,1,1,0,0,0,0,2,0,4.92114E+20,5.35108E+21,8.89364E+15,4.83128E+16
56775,8.17103E+18,8,4,25,64,2017,10,7,6,2,3,6,1,1,0,0,0,2,0,5.71121E+20,5.34797E+21,9.95864E+15,4.82809E+16
56776,8.17103E+18,8,4,16,11,2017,10,13,4,3,5,3,0,1,0,0,0,0,0,5.04721E+20,5.36702E+21,9.06385E+15,4.84563E+16
56777,8.17103E+18,8,1,18,79,2017,10,7,2,3,4,6,0,1,0,0,1,1,0,5.08771E+20,5.4225E+21,9.11981E+15,4.89554E+16
56778,8.17103E+18,8,2,22,0,2017,10,11,2,2,6,4,0,1,1,0,0,0,0,4.65212E+20,5.48495E+21,8.5194E+15,4.95162E+16
56779,8.17103E+18,8,4,15,60,2017,10,21,4,3,0,7,0,1,0,0,0,2,0,5.14369E+20,5.37821E+21,9.19473E+15,4.85568E+16
56780,8.17103E+18,8,4,15,89,2017,10,16,4,2,0,7,1,1,0,0,0,0,0,5.21134E+20,5.35917E+21,9.28545E+15,4.83853E+16
56781,8.17103E+18,8,4,15,78,2017,10,16,4,3,2,6,0,1,0,0,0,0,0,5.27304E+20,5.37265E+21,9.36966E+15,4.85064E+16
56782,8.17103E+18,8,3,15,76,2017,10,16,4,3,2,6,0,1,0,0,0,0,0,3.93031E+20,5.30321E+21,7.56949E+15,4.78733E+16
56783,8.17103E+18,8,3,37,65,2017,10,12,4,3,4,7,0,1,0,0,0,0,0,4.47323E+20,5.27571E+21,8.2988E+15,4.76327E+16
56784,8.17103E+18,8,3,37,76,2017,10,16,4,3,4,2,1,0,0,1,0,0,0,4.26501E+20,5.26716E+21,8.0231E+15,4.75537E+16
56785,8.17103E+18,8,3,36,103,2017,10,10,4,3,4,1,0,1,0,1,1,0,0,4.165E+20,5.28964E+21,7.88589E+15,4.77547E+16
56786,8.17103E+18,8,3,36,90,2017,10,17,4,3,5,2,0,1,0,0,0,1,0,4.19545E+20,5.29484E+21,7.92555E+15,4.78019E+16
56787,8.17103E+18,8,3,35,57,2017,10,13,4,3,2,2,0,1,0,0,0,0,0,5.02627E+20,5.30428E+21,9.03514E+15,4.78919E+16
56788,8.17103E+18,8,3,35,75,2017,10,18,4,3,4,6,0,1,0,0,1,1,0,4.93696E+20,5.28576E+21,8.91594E+15,4.77252E+16
56789,8.17103E+18,8,3,35,2,2017,10,16,4,3,2,6,0,1,0,0,1,0,0,5.07653E+20,5.28368E+21,9.10201E+15,4.77064E+16
56790,8.17103E+18,8,3,35,2,2017,10,19,4,3,0,5,1,1,0,0,0,2,0,5.05564E+20,5.28566E+21,9.07419E+15,4.77243E+16
56791,8.17103E+18,8,1,36,88,2017,10,13,7,3,0,1,1,0,0,0,0,0,0,5.81082E+20,5.40936E+21,1.01048E+16,4.88319E+16
56792,8.17103E+18,8,4,36,5,2017,10,19,4,3,5,3,0,1,0,0,0,2,0,5.41601E+20,5.30845E+21,9.55691E+15,4.7928E+16
56793,8.17103E+18,8,3,35,43,2017,10,6,4,2,5,2,0,1,0,1,0,2,0,5.12279E+20,5.28079E+21,9.1636E+15,4.76804E+16
56794,8.17103E+18,8,3,25,14,2017,10,15,4,3,5,3,0,1,0,1,0,0,0,4.66979E+20,5.33718E+21,8.55572E+15,4.8187E+16
56795,8.17103E+18,8,3,25,53,2017,10,15,4,2,6,4,0,1,1,0,0,0,0,4.54268E+20,5.34121E+21,8.38428E+15,4.82225E+16
56796,8.17103E+18,8,2,37,74,2017,10,7,4,2,4,2,0,1,0,1,0,2,0,4.64767E+20,5.36865E+21,8.52334E+15,4.847E+16
56797,8.17103E+18,8,3,17,59,2017,10,14,4,3,2,6,0,1,0,0,0,0,0,4.12881E+20,5.34993E+21,7.82535E+15,4.82966E+16
56798,8.17103E+18,8,3,17,65,2017,10,17,4,3,5,2,1,1,0,0,0,0,0,4.14165E+20,5.35513E+21,7.8416E+15,4.83435E+16
56799,8.17103E+18,8,3,37,13,2017,10,0,7,3,0,7,0,1,0,0,0,2,0,4.25787E+20,5.29502E+21,8.00887E+15,4.78043E+16
56800,8.17103E+18,8,1,25,46,2017,10,10,1,3,8,1,0,1,0,0,0,0,1,5.18721E+20,5.43164E+21,9.25615E+15,4.90374E+16
56801,8.17103E+18,8,2,31,0,2017,10,22,1,2,9,1,0,1,0,0,0,2,0,4.75068E+20,5.41578E+21,8.65986E+15,4.88945E+16
56802,8.17103E+18,8,3,35,35,2017,10,21,1,3,0,6,0,1,0,0,1,2,0,4.79089E+20,5.29309E+21,8.7208E+15,4.77908E+16
56803,8.17103E+18,8,1,15,15,2017,10,8,2,2,9,7,1,0,0,0,0,0,0,4.93378E+20,5.38734E+21,8.91011E+15,4.86391E+16
56804,8.17103E+18,8,2,35,29,2017,10,15,1,3,4,1,0,1,0,0,0,0,1,4.86165E+20,5.39296E+21,8.81201E+15,4.86895E+16
56805,8.17103E+18,8,3,35,79,2017,10,7,1,3,8,1,0,1,0,0,0,1,1,5.02408E+20,5.30213E+21,9.0322E+15,4.78725E+16
56806,8.17103E+18,8,1,15,45,2017,10,8,2,3,0,7,1,0,0,0,0,0,0,5.00372E+20,5.39419E+21,9.00506E+15,4.87008E+16
56807,8.17103E+18,8,1,18,3,2017,10,12,2,2,2,6,0,1,0,0,1,0,0,5.11327E+20,5.41774E+21,9.15459E+15,4.89125E+16
56808,8.17103E+18,8,3,17,1,2017,10,7,4,2,5,2,1,0,0,0,1,1,0,4.3246E+20,5.38642E+21,8.08341E+15,4.86272E+16
56809,8.17103E+18,8,2,37,4,2017,10,9,2,3,9,1,0,1,0,0,0,0,0,4.55644E+20,5.37737E+21,8.39898E+15,4.85478E+16
56810,8.17103E+18,8,3,17,113,2017,10,16,4,3,2,6,0,1,0,0,0,0,0,4.08388E+20,5.34579E+21,7.76569E+15,4.82587E+16
56811,8.17103E+18,8,3,15,132,2017,10,16,4,3,1,6,0,1,0,0,1,0,0,4.11001E+20,5.32371E+21,7.80551E+15,4.80604E+16
56812,8.17103E+18,8,2,31,0,2017,10,12,4,2,3,6,0,1,0,0,1,0,0,4.84499E+20,5.41396E+21,8.78859E+15,4.88784E+16
56813,8.17103E+18,8,2,35,85,2017,10,11,4,3,0,7,0,1,0,0,0,0,0,4.81058E+20,5.39556E+21,8.7425E+15,4.87128E+16
56814,8.17103E+18,8,2,36,73,2017,10,23,4,2,5,3,0,1,0,0,0,2,0,4.80111E+20,5.42422E+21,8.72824E+15,4.89706E+16
56815,8.17103E+18,8,2,36,43,2017,10,17,4,3,4,6,0,1,0,0,0,0,0,4.68949E+20,5.41155E+21,8.57669E+15,4.88561E+16
56816,8.17103E+18,8,2,36,72,2017,10,14,4,3,0,3,0,1,0,1,0,0,0,4.65622E+20,5.41141E+21,8.53134E+15,4.88547E+16
56817,8.17103E+18,8,2,36,39,2017,10,13,4,3,0,7,0,0,0,0,1,0,0,4.88801E+20,5.41124E+21,8.84734E+15,4.8854E+16
56818,8.17103E+18,8,2,26,3,2017,10,20,4,3,5,3,0,1,0,0,0,2,0,4.62691E+20,5.46189E+21,8.48674E+15,4.93086E+16
56819,8.17103E+18,8,3,11,0,2017,10,17,6,3,2,6,0,1,0,0,0,0,0,4.10146E+20,5.32031E+21,7.79475E+15,4.80297E+16
56820,8.17103E+18,8,2,25,14,2017,10,13,4,3,5,3,0,1,0,0,0,0,0,5.22797E+20,5.48553E+21,9.31499E+15,4.9522E+16
56821,8.17103E+18,8,2,25,58,2017,10,7,4,3,4,1,0,1,0,0,0,0,1,5.10377E+20,5.47251E+21,9.14304E+15,4.94052E+16
56822,8.17103E+18,8,4,25,84,2017,10,11,7,3,2,6,0,1,0,0,0,0,0,5.5881E+20,5.37443E+21,9.79642E+15,4.85203E+16
56823,8.17103E+18,8,2,22,0,2017,10,15,4,3,8,7,0,1,0,0,0,0,0,4.68549E+20,5.47917E+21,8.56596E+15,4.94643E+16
56824,8.17103E+18,8,2,21,0,2017,10,21,4,3,0,7,1,0,0,0,0,2,0,4.76621E+20,5.47238E+21,8.67775E+15,4.94037E+16
56825,8.17103E+18,8,2,22,0,2017,10,17,7,3,2,6,0,1,0,0,0,1,0,4.60861E+20,5.48807E+21,8.45898E+15,4.9544E+16
56826,8.17103E+18,8,2,15,9,2017,10,7,4,3,4,2,1,0,0,1,0,1,0,4.67094E+20,5.43646E+21,8.54939E+15,4.90802E+16
56827,8.17103E+18,8,2,15,100,2017,10,16,4,3,4,2,0,1,0,0,0,0,0,4.73662E+20,5.45019E+21,8.63843E+15,4.9204E+16
56828,8.17103E+18,8,3,26,74,2017,10,14,7,3,8,1,1,0,0,0,0,0,0,4.68094E+20,5.32494E+21,8.57164E+15,4.8077E+16
56829,8.17103E+18,8,1,16,49,2017,10,12,1,3,2,6,0,1,0,0,0,0,1,5.23447E+20,5.38311E+21,9.31803E+15,4.86006E+16
56830,8.17103E+18,8,2,16,49,2017,10,6,4,3,5,2,0,0,0,1,1,1,0,4.38908E+20,5.40223E+21,8.16856E+15,4.877E+16
56831,8.17103E+18,8,1,18,73,2017,10,20,1,3,5,3,0,1,0,0,0,1,0,4.97973E+20,5.41888E+21,8.97233E+15,4.89228E+16
56832,8.17103E+18,8,1,36,65,2017,10,10,1,3,4,1,0,1,0,0,0,0,1,5.59817E+20,5.40602E+21,9.81463E+15,4.88043E+16
56833,8.17103E+18,8,3,16,11,2017,10,7,1,1,8,1,0,1,0,0,0,1,0,4.12539E+20,5.33138E+21,7.82457E+15,4.81297E+16
56834,8.17103E+18,8,4,15,87,2017,10,5,1,3,9,1,0,1,0,0,0,2,0,5.13025E+20,5.38259E+21,9.17665E+15,4.85962E+16
56835,8.17103E+18,8,1,25,74,2017,10,15,2,3,1,5,0,1,0,0,0,0,0,5.09073E+20,5.43941E+21,9.12431E+15,4.91075E+16
56836,8.17103E+18,8,2,25,58,2017,10,11,2,3,5,3,0,1,0,0,0,0,0,5.10806E+20,5.46738E+21,9.14882E+15,4.9359E+16
56837,8.17103E+18,8,2,16,13,2017,10,21,4,2,8,7,0,1,0,0,0,2,0,4.4872E+20,5.38639E+21,8.30406E+15,4.86285E+16
56838,8.17103E+18,8,2,16,7,2017,10,22,4,3,5,3,0,1,0,0,1,2,0,4.36215E+20,5.3944E+21,8.13314E+15,4.86994E+16
56839,8.17103E+18,8,3,17,1,2017,10,11,4,2,2,1,0,1,0,0,1,0,0,4.27514E+20,5.38618E+21,8.01634E+15,4.86245E+16
56840,8.17103E+18,8,1,25,21,2017,10,12,4,3,2,6,0,1,0,0,1,0,0,5.23436E+20,5.44649E+21,9.32152E+15,4.91708E+16
56841,8.17103E+18,8,1,15,37,2017,10,6,4,3,5,3,0,1,0,0,1,2,0,4.95031E+20,5.38763E+21,8.93255E+15,4.86417E+16
56842,8.17103E+18,8,1,18,11,2017,10,16,4,3,2,6,0,1,0,0,0,0,0,5.06003E+20,5.40817E+21,9.08179E+15,4.88265E+16
56843,8.17103E+18,8,3,17,56,2017,10,21,6,3,2,6,0,1,0,0,0,2,0,4.34474E+20,5.38279E+21,8.11131E+15,4.85947E+16
56844,8.17103E+18,8,1,36,65,2017,10,17,4,3,5,3,0,1,0,1,0,0,0,5.57328E+20,5.40513E+21,9.78061E+15,4.87965E+16
56845,8.17103E+18,8,1,36,45,2017,10,15,4,3,2,2,0,1,0,0,0,0,0,5.94735E+20,5.40098E+21,1.02889E+16,4.87546E+16
56846,8.17103E+18,8,3,27,50,2017,10,11,6,3,5,3,0,1,0,0,0,0,1,4.83355E+20,5.31164E+21,8.77704E+15,4.79579E+16
56847,8.17103E+18,8,1,36,88,2017,10,17,4,3,2,6,0,1,0,0,0,1,0,5.81085E+20,5.4103E+21,1.01051E+16,4.88404E+16
56848,8.17103E+18,8,1,36,7,2017,10,14,4,1,5,3,0,1,0,1,0,0,0,5.70315E+20,5.39853E+21,9.9563E+15,4.87359E+16
56849,8.17103E+18,8,4,26,87,2017,10,13,6,3,5,3,0,1,0,0,0,0,0,5.66647E+20,5.3225E+21,9.89435E+15,4.80523E+16
56850,8.17103E+18,8,1,36,18,2017,10,18,4,2,9,1,0,1,0,0,0,1,0,5.9303E+20,5.42876E+21,1.0272E+16,4.90047E+16
56851,8.17103E+18,8,1,15,21,2017,10,22,7,2,5,2,0,1,0,0,0,2,1,4.92152E+20,5.38105E+21,8.8936E+15,4.85824E+16
56852,8.17103E+18,8,1,35,16,2017,10,9,4,3,2,1,1,1,0,0,0,0,0,5.91513E+20,5.38635E+21,1.02418E+16,4.86235E+16
56853,8.17103E+18,8,1,35,16,2017,10,14,4,2,2,6,0,1,0,0,0,0,0,5.88966E+20,5.38512E+21,1.0207E+16,4.86128E+16
56854,8.17103E+18,8,1,27,14,2017,10,15,4,3,5,3,1,1,0,0,0,0,0,5.78396E+20,5.44279E+21,1.00747E+16,4.91329E+16
56855,8.17103E+18,8,1,25,69,2017,10,19,4,2,6,4,0,1,1,0,0,2,0,5.24415E+20,5.45414E+21,9.33541E+15,4.92395E+16
56856,8.17103E+18,8,1,25,13,2017,10,15,4,3,2,6,0,1,0,1,0,0,0,5.04851E+20,5.43486E+21,9.06641E+15,4.90666E+16
56857,8.17103E+18,8,1,25,26,2017,10,23,4,2,9,1,0,1,0,0,0,2,0,4.95539E+20,5.44743E+21,8.93879E+15,4.91797E+16
56858,8.17103E+18,8,1,18,67,2017,10,18,4,3,2,6,0,1,0,0,0,2,0,5.07186E+20,5.41308E+21,9.09799E+15,4.88706E+16
56859,8.17103E+18,8,1,18,73,2017,10,15,4,3,2,6,0,1,0,0,0,0,0,5.01651E+20,5.4163E+21,9.02252E+15,4.88997E+16
56860,8.17103E+18,8,4,35,54,2017,10,16,6,3,2,2,0,1,0,0,0,0,0,5.22065E+20,5.28177E+21,9.29403E+15,4.7689E+16
56861,8.17103E+18,8,1,18,60,2017,10,11,4,2,1,5,0,1,0,0,1,0,0,5.23514E+20,5.43036E+21,9.32164E+15,4.90257E+16
56862,8.17103E+18,8,1,18,70,2017,10,16,4,3,2,6,0,1,0,0,0,0,0,5.15746E+20,5.4249E+21,9.21517E+15,4.89768E+16
56863,8.17103E+18,8,1,18,80,2017,10,13,7,3,5,3,0,1,0,0,1,0,0,5.08635E+20,5.41049E+21,9.11769E+15,4.88473E+16
56864,8.17103E+18,8,1,18,51,2017,10,7,4,3,0,7,1,1,0,0,0,2,0,5.09257E+20,5.41492E+21,9.12627E+15,4.88872E+16