OBJECTID,UIDENTSTLA,ULAND,UREGBEZ,UKREIS,UGEMEINDE,UJAHR,UMONAT,USTUNDE,UWOCHENTAG,UKATEGORIE,UART,UTYP1,IstRad,IstPKW,IstFuss,IstKrad,IstSonstig,LICHT,STRZUSTAND,LINREFX,LINREFY,XGCSWGS84,YGCSWGS84
56865,8.17103E+18,8,1,18,79,2017,10,13,4,3,0,6,0,1,0,0,0,0,0,5.07835E+20,5.42077E+21,9.10699E+15,4.89398E+16
56866,8.17103E+18,8,1,18,80,2017,10,13,4,2,8,1,0,0,0,1,0,0,0,5.06088E+20,5.41104E+21,9.08299E+15,4.88523E+16
56867,8.17103E+18,8,1,15,45,2017,10,18,4,3,2,6,0,1,0,0,0,1,0,5.03964E+20,5.39555E+21,9.05389E+15,4.8713E+16
56868,8.17103E+18,8,1,18,19,2017,10,15,4,3,6,2,0,1,1,0,0,0,0,5.04605E+20,5.40507E+21,9.06271E+15,4.87986E+16
56869,8.17103E+18,8,3,17,116,2017,10,18,7,2,5,2,0,1,0,0,0,2,0,4.33323E+20,5.38841E+21,8.09481E+15,4.86452E+16
56870,8.17103E+18,8,4,37,8,2017,10,14,7,3,4,6,0,1,0,0,0,0,0,5.19305E+20,5.3326E+21,9.25953E+15,4.81464E+16
56871,8.17103E+18,8,1,27,101,2017,10,20,1,3,8,1,0,0,0,1,0,2,0,5.86829E+20,5.44031E+21,1.01897E+16,4.91095E+16
56872,8.17103E+18,8,2,37,28,2017,10,0,1,3,5,3,0,1,0,0,0,2,1,4.57746E+20,5.36817E+21,8.4284E+15,4.84653E+16
56873,8.17103E+18,8,3,36,50,2017,10,6,1,3,9,1,0,1,0,0,0,2,1,3.98777E+20,5.2743E+21,7.65304E+15,4.76142E+16
56874,8.17103E+18,8,1,16,56,2017,10,19,2,3,3,2,1,1,0,0,0,2,0,5.30498E+20,5.39561E+21,9.41459E+15,4.87127E+16
56875,8.17103E+18,8,1,15,21,2017,10,9,4,2,6,4,0,0,1,0,1,0,0,4.90216E+20,5.3825E+21,8.8673E+15,4.85955E+16
56876,8.17103E+18,8,4,25,20,2017,10,6,4,3,8,1,0,0,0,1,0,2,0,5.56901E+20,5.36401E+21,9.76917E+15,4.84267E+16
56877,8.17103E+18,8,1,16,11,2017,10,14,4,3,5,3,0,1,0,0,1,0,0,5.29623E+20,5.37982E+21,9.40157E+15,4.85708E+16
56878,8.17103E+18,8,1,16,48,2017,10,6,4,3,8,1,0,1,0,0,0,2,0,5.3595E+20,5.39182E+21,9.48838E+15,4.86784E+16
56879,8.17103E+18,8,1,16,77,2017,10,9,4,3,6,7,1,0,1,0,0,0,0,5.15939E+20,5.39171E+21,9.21652E+15,4.86782E+16
56880,8.17103E+18,8,2,26,85,2017,10,15,6,3,2,6,0,1,0,0,0,0,0,4.90795E+20,5.45035E+21,8.87363E+15,4.92059E+16
56881,8.17103E+18,8,1,16,19,2017,10,18,4,3,0,7,0,1,0,0,0,1,0,5.23664E+20,5.39971E+21,9.32193E+15,4.875E+16
56882,8.17103E+18,8,1,16,49,2017,10,15,4,3,5,6,1,1,0,0,0,0,0,5.25104E+20,5.38579E+21,9.34068E+15,4.86247E+16
56883,8.17103E+18,8,2,26,95,2017,10,13,6,2,2,6,0,1,0,0,1,0,0,4.71381E+20,5.45957E+21,8.60644E+15,4.92882E+16
56884,8.17103E+18,8,1,16,6,2017,10,12,4,3,5,3,1,1,0,0,0,0,0,5.15712E+20,5.382E+21,9.21308E+15,4.85909E+16
56885,8.17103E+18,8,1,11,0,2017,10,18,4,3,5,2,0,1,0,1,0,1,0,5.0807E+20,5.39734E+21,9.10974E+15,4.8729E+16
56886,8.17103E+18,8,3,25,71,2017,10,14,6,3,4,1,0,1,0,1,0,0,1,4.59598E+20,5.33668E+21,8.45647E+15,4.81821E+16
56887,8.17103E+18,8,1,11,0,2017,10,16,4,3,0,1,0,0,0,1,0,0,0,5.16321E+20,5.40929E+21,9.22241E+15,4.88363E+16
56888,8.17103E+18,8,4,15,91,2017,10,9,6,3,8,1,0,1,0,0,0,0,1,5.17028E+20,5.3606E+21,9.23004E+15,4.83983E+16
56889,8.17103E+18,8,1,11,0,2017,10,16,4,3,2,6,0,1,0,0,0,0,0,5.18731E+20,5.40643E+21,9.25512E+15,4.88105E+16
56890,8.17103E+18,8,1,17,19,2017,10,9,7,3,8,1,0,0,0,1,0,0,0,5.53048E+20,5.39389E+21,9.72089E+15,4.86957E+16
56891,8.17102E+18,8,4,36,12,2017,10,16,3,3,2,6,0,1,0,0,0,0,0,5.48058E+20,5.30109E+21,9.64253E+15,4.78614E+16
56892,8.17102E+18,8,4,36,3,2017,10,17,3,3,5,2,0,1,0,0,0,0,0,5.81543E+20,5.30657E+21,1.00912E+16,4.79073E+16
56893,8.17102E+18,8,4,35,57,2017,10,8,3,3,5,3,1,1,0,0,0,0,0,5.42132E+20,5.27962E+21,9.56122E+15,4.76686E+16
56894,8.17102E+18,8,4,35,16,2017,10,16,3,3,5,3,0,1,0,0,0,0,0,5.35213E+20,5.2814E+21,9.4692E+15,4.7685E+16
56895,8.17102E+18,8,4,35,13,2017,10,6,3,3,5,3,1,0,0,0,1,2,0,5.39631E+20,5.27554E+21,9.52754E+15,4.7632E+16
56896,8.17102E+18,8,1,35,21,2017,10,22,3,2,5,3,0,1,0,0,0,2,0,5.93008E+20,5.38391E+21,1.02616E+16,4.86014E+16
56897,8.17103E+18,8,3,26,68,2017,10,13,6,3,5,3,0,1,0,0,0,0,1,4.44126E+20,5.31714E+21,8.2509E+15,4.80051E+16
56898,8.17102E+18,8,4,25,20,2017,10,14,3,3,5,3,0,1,0,0,0,0,0,5.59264E+20,5.36089E+21,9.80066E+15,4.83983E+16
56899,8.17102E+18,8,4,16,25,2017,10,9,3,3,1,6,0,1,0,0,0,0,0,5.01015E+20,5.36082E+21,9.01371E+15,4.84005E+16
56900,8.17103E+18,8,4,25,72,2017,10,0,6,3,0,1,0,0,0,1,0,2,0,5.80546E+20,5.37169E+21,1.00902E+16,4.84932E+16
56901,8.17102E+18,8,4,16,15,2017,10,7,3,3,5,2,1,1,0,1,0,2,0,5.05897E+20,5.36696E+21,9.07975E+15,4.84557E+16
56902,8.17102E+18,8,4,16,36,2017,10,6,3,3,1,5,0,1,0,0,0,2,0,4.97399E+20,5.37249E+21,8.96479E+15,4.85055E+16
56903,8.17103E+18,8,1,19,87,2017,10,14,7,3,2,6,0,1,0,0,0,0,0,5.29328E+20,5.4235E+21,9.40068E+15,4.89637E+16
56904,8.17102E+18,8,4,15,61,2017,10,6,3,3,2,6,0,1,0,0,0,2,0,5.15219E+20,5.37226E+21,9.20603E+15,4.85033E+16
56905,8.17103E+18,8,2,16,7,2017,10,10,7,3,2,6,0,1,0,0,0,0,0,4.33985E+20,5.39742E+21,8.10235E+15,4.87263E+16
56906,8.17102E+18,8,4,15,14,2017,10,7,3,3,1,6,0,1,0,0,0,2,1,5.24165E+20,5.37532E+21,9.32731E+15,4.85305E+16
56907,8.17102E+18,8,4,15,78,2017,10,7,3,3,5,3,0,1,0,1,0,1,1,5.29621E+20,5.37097E+21,9.40091E+15,4.84912E+16
56908,8.17102E+18,8,4,15,50,2017,10,10,3,3,2,6,0,1,0,0,0,0,0,5.1941E+20,5.37743E+21,9.26301E+15,4.85496E+16
56909,8.17103E+18,8,3,26,52,2017,10,0,7,3,8,1,0,1,0,0,0,2,0,4.45584E+20,5.3273E+21,8.26915E+15,4.80966E+16
56910,8.17103E+18,8,1,19,84,2017,10,0,1,3,0,1,0,1,0,0,0,2,1,5.4558E+20,5.41339E+21,9.62158E+15,4.88718E+16
56911,8.17103E+18,8,1,15,45,2017,10,19,1,3,2,6,0,1,0,0,0,2,0,5.00954E+20,5.39354E+21,9.01296E+15,4.86949E+16
56912,8.17103E+18,8,3,17,93,2017,10,2,1,3,5,3,0,1,0,0,0,2,1,4.42569E+20,5.35471E+21,8.22495E+15,4.8343E+16
56913,8.17102E+18,8,3,37,116,2017,10,10,3,3,5,3,0,1,0,0,0,0,0,4.17884E+20,5.27607E+21,7.90691E+15,4.76329E+16
56914,8.17102E+18,8,3,37,62,2017,10,23,3,2,9,1,0,1,0,0,0,2,0,4.56474E+20,5.27888E+21,8.42028E+15,4.76618E+16
56915,8.17102E+18,8,3,35,43,2017,10,8,3,3,0,1,1,0,0,0,0,0,0,5.11078E+20,5.28186E+21,9.14762E+15,4.76901E+16
56916,8.17102E+18,8,4,36,11,2017,10,7,3,2,5,3,0,1,0,0,1,2,1,5.49254E+20,5.29894E+21,9.65827E+15,4.78419E+16
56917,8.17102E+18,8,3,26,3,2017,10,7,3,3,2,6,0,1,0,0,0,0,1,4.65696E+20,5.32151E+21,8.53972E+15,4.80459E+16
56918,8.17103E+18,8,1,21,0,2017,10,12,1,2,3,6,0,1,0,0,0,0,1,5.15961E+20,5.44627E+21,9.21897E+15,4.9169E+16
56919,8.17103E+18,8,2,15,9,2017,10,8,1,3,9,1,0,1,0,0,0,0,1,4.70924E+20,5.44362E+21,8.60132E+15,4.91447E+16
56920,8.17103E+18,8,3,26,3,2017,10,18,1,3,5,2,0,1,0,0,0,2,1,4.65777E+20,5.32147E+21,8.54081E+15,4.80456E+16
56921,8.17103E+18,8,1,11,0,2017,10,15,2,3,0,6,0,1,0,0,1,0,0,5.13175E+20,5.40347E+21,9.17936E+15,4.87841E+16
56922,8.17103E+18,8,1,35,19,2017,10,20,2,3,4,6,0,1,0,0,0,2,0,5.87994E+20,5.39121E+21,1.01951E+16,4.86678E+16
56923,8.17102E+18,8,3,26,74,2017,10,14,3,3,1,1,0,1,0,0,0,0,0,4.62809E+20,5.32335E+21,8.50083E+15,4.80623E+16
56924,8.17102E+18,8,4,17,22,2017,10,15,3,2,5,3,0,1,0,1,0,0,0,4.85555E+20,5.34806E+21,8.80528E+15,4.82855E+16
56925,8.17102E+18,8,3,27,25,2017,10,9,3,2,0,7,0,0,1,0,1,0,0,4.78997E+20,5.30908E+21,8.7188E+15,4.79347E+16
56926,8.17102E+18,8,3,17,65,2017,10,16,3,3,2,6,0,1,0,0,0,0,0,4.16702E+20,5.35467E+21,7.87593E+15,4.83397E+16
56927,8.17102E+18,8,3,17,89,2017,10,7,3,3,4,6,1,0,0,0,0,2,1,4.28993E+20,5.37643E+21,8.03808E+15,4.8537E+16
56928,8.17103E+18,8,2,12,0,2017,10,19,6,3,2,6,0,1,0,0,0,2,0,4.60468E+20,5.42425E+21,8.45984E+15,4.89699E+16
56929,8.17102E+18,8,3,15,6,2017,10,17,3,3,5,3,0,1,0,0,0,0,0,4.01603E+20,5.31046E+21,7.68244E+15,4.79399E+16
56930,8.17102E+18,8,3,15,109,2017,10,18,3,2,5,3,0,1,0,0,0,0,0,4.21498E+20,5.31506E+21,7.94795E+15,4.7984E+16
56931,8.17103E+18,8,3,17,96,2017,10,15,6,3,2,6,0,1,0,0,0,0,0,4.2102E+20,5.36646E+21,7.93197E+15,4.84463E+16
56932,8.17102E+18,8,3,36,19,2017,10,14,3,3,5,3,1,1,0,0,0,0,0,3.94238E+20,5.2769E+21,7.59204E+15,4.76368E+16
56933,8.17102E+18,8,3,36,81,2017,10,8,3,3,5,3,1,1,0,0,0,0,1,4.12222E+20,5.27801E+21,7.83116E+15,4.76495E+16
56934,8.17103E+18,8,3,35,100,2017,10,12,6,3,5,2,0,1,0,1,0,0,1,4.8987E+20,5.28737E+21,8.86488E+15,4.77396E+16
56935,8.17102E+18,8,2,22,0,2017,10,22,3,2,0,1,0,0,0,1,0,2,0,4.59666E+20,5.48914E+21,8.44235E+15,4.95536E+16
56936,8.17103E+18,8,4,37,76,2017,10,12,6,3,5,2,0,1,0,0,1,0,0,5.25724E+20,5.32277E+21,9.34523E+15,4.80577E+16
56937,8.17102E+18,8,2,26,28,2017,10,18,3,3,5,2,0,1,0,0,0,2,1,4.72472E+20,5.48392E+21,8.61976E+15,4.95073E+16
56938,8.17103E+18,8,2,16,49,2017,10,15,7,3,2,6,0,1,0,0,0,0,0,4.39084E+20,5.40195E+21,8.171E+15,4.87675E+16
56939,8.17102E+18,8,2,12,0,2017,10,17,3,3,2,6,0,1,0,0,0,0,0,4.59886E+20,5.43151E+21,8.45118E+15,4.90351E+16
56940,8.17102E+18,8,2,12,0,2017,10,16,3,3,1,6,0,1,0,0,1,1,0,4.59913E+20,5.42804E+21,8.45189E+15,4.90039E+16
56941,8.17102E+18,8,2,35,46,2017,10,12,3,3,2,6,0,1,0,0,0,0,0,4.80388E+20,5.37752E+21,8.73425E+15,4.85505E+16
56942,8.17102E+18,8,2,35,50,2017,10,19,3,2,8,1,0,1,0,0,0,2,0,4.69965E+20,5.38973E+21,8.59214E+15,4.86599E+16
56943,8.17103E+18,8,3,17,68,2017,10,10,7,3,5,2,0,1,0,0,1,0,0,4.351E+20,5.38805E+21,8.11898E+15,4.86422E+16
56944,8.17103E+18,8,4,35,16,2017,10,15,7,3,0,1,1,1,0,0,0,0,0,5.35063E+20,5.2812E+21,9.46719E+15,4.76832E+16
56945,8.17103E+18,8,1,28,39,2017,10,0,1,3,9,1,0,0,0,1,0,2,1,5.23328E+20,5.51003E+21,9.32377E+15,4.97423E+16
56946,8.17103E+18,8,3,17,153,2017,10,0,7,3,0,7,0,0,0,1,0,2,0,4.23398E+20,5.39191E+21,7.95944E+15,4.86755E+16
56947,8.17103E+18,8,1,11,0,2017,10,0,1,3,5,3,0,1,0,0,0,2,0,5.13432E+20,5.40259E+21,9.18282E+15,4.87761E+16
56948,8.17103E+18,8,1,35,19,2017,10,19,1,2,9,1,0,1,0,0,0,2,0,5.84552E+20,5.39854E+21,1.01499E+16,4.87341E+16
56949,8.17103E+18,8,2,31,0,2017,10,15,1,3,2,6,0,1,0,0,0,0,0,4.80835E+20,5.41881E+21,8.73838E+15,4.89219E+16
56950,8.17103E+18,8,3,36,103,2017,10,17,1,3,9,1,0,1,0,0,0,1,1,4.16758E+20,5.28954E+21,7.88936E+15,4.77539E+16
56951,8.17102E+18,8,2,31,0,2017,10,14,3,3,2,6,0,1,0,0,0,0,0,4.7644E+20,5.41322E+21,8.67872E+15,4.88714E+16
56952,8.17102E+18,8,2,36,31,2017,10,13,3,3,2,2,0,1,0,0,0,0,0,4.81259E+20,5.4195E+21,8.74415E+15,4.89281E+16
56953,8.17102E+18,8,2,36,73,2017,10,19,3,3,8,7,0,1,0,0,0,2,0,4.80579E+20,5.4244E+21,8.73462E+15,4.89722E+16
56954,8.17102E+18,8,2,36,71,2017,10,6,3,3,9,7,0,1,0,0,0,2,1,4.67423E+20,5.42038E+21,8.55518E+15,4.89355E+16
56955,8.17102E+18,8,2,21,0,2017,10,17,3,3,2,6,0,1,0,0,0,1,0,4.77409E+20,5.46752E+21,8.68889E+15,4.936E+16
56956,8.17102E+18,8,2,26,106,2017,10,10,3,3,5,3,0,1,0,0,1,0,1,4.97874E+20,5.46378E+21,8.97074E+15,4.93268E+16
56957,8.17103E+18,8,2,26,95,2017,10,23,6,3,5,2,0,1,0,0,0,2,0,4.733E+20,5.4608E+21,8.63276E+15,4.92994E+16
56958,8.17102E+18,8,2,25,58,2017,10,16,3,3,5,3,0,1,0,0,0,0,0,5.07509E+20,5.46681E+21,9.1034E+15,4.9354E+16
56959,8.17102E+18,8,2,26,12,2017,10,12,3,3,1,6,0,1,0,0,0,0,1,4.75869E+20,5.47788E+21,8.66704E+15,4.94531E+16
56960,8.17103E+18,8,3,15,6,2017,10,22,6,3,4,2,0,1,0,0,0,2,0,4.00662E+20,5.31165E+21,7.66958E+15,4.79505E+16
56961,8.17102E+18,8,2,21,0,2017,10,19,3,3,2,6,0,1,0,0,0,1,1,4.77018E+20,5.47516E+21,8.68307E+15,4.94287E+16
56962,8.17103E+18,8,3,26,3,2017,10,6,6,3,2,6,0,1,0,0,0,2,0,4.64829E+20,5.32014E+21,8.5282E+15,4.80336E+16
56963,8.17102E+18,8,2,21,0,2017,10,10,3,3,0,3,1,0,0,0,1,0,1,4.77469E+20,5.47183E+21,8.68947E+15,4.93987E+16
56964,8.17103E+18,8,4,25,11,2017,10,7,6,3,5,3,0,1,0,0,0,1,0,5.87643E+20,5.37582E+21,1.01871E+16,4.85293E+16
56965,8.17102E+18,8,2,16,43,2017,10,7,3,3,3,6,0,1,0,0,0,0,0,4.44412E+20,5.41258E+21,8.24207E+15,4.88636E+16
56966,8.17102E+18,8,2,15,66,2017,10,18,3,3,4,2,0,1,0,0,0,2,0,4.60556E+20,5.44972E+21,8.45857E+15,4.9199E+16
56967,8.17102E+18,8,3,17,1,2017,10,20,3,3,6,7,0,1,1,0,0,2,0,4.29135E+20,5.38792E+21,8.03805E+15,4.86403E+16
56968,8.17102E+18,8,1,25,102,2017,10,13,3,3,2,6,0,0,0,0,1,0,0,5.24816E+20,5.44545E+21,9.34039E+15,4.91614E+16
56969,8.17102E+18,8,1,18,3,2017,10,6,3,3,2,6,0,1,0,0,0,2,1,5.11313E+20,5.41735E+21,9.15439E+15,4.8909E+16
56970,8.17102E+18,8,1,15,13,2017,10,7,3,3,2,6,0,1,0,0,0,1,0,4.97315E+20,5.39082E+21,8.96353E+15,4.86704E+16
56971,8.17102E+18,8,1,36,65,2017,10,5,3,3,5,2,0,1,0,1,0,2,0,5.58341E+20,5.40474E+21,9.79436E+15,4.87929E+16
56972,8.17102E+18,8,1,36,27,2017,10,22,3,1,8,1,0,1,0,0,0,2,1,5.5203E+20,5.4201E+21,9.71039E+15,4.89316E+16
56973,8.17102E+18,8,1,28,61,2017,10,15,3,2,5,2,0,1,0,0,0,0,0,5.39896E+20,5.49567E+21,9.55226E+15,4.96123E+16
56974,8.17102E+18,8,1,26,47,2017,10,10,3,3,5,3,0,1,0,0,0,0,1,5.49741E+20,5.45062E+21,9.68288E+15,4.92063E+16
56975,8.17103E+18,8,1,35,19,2017,10,22,7,2,2,6,0,1,0,0,0,2,0,5.85117E+20,5.39225E+21,1.01563E+16,4.86775E+16
56976,8.17102E+18,8,1,26,46,2017,10,10,3,3,8,1,0,1,0,0,0,0,1,5.4982E+20,5.45822E+21,9.68491E+15,4.92747E+16
56977,8.17102E+18,8,1,25,98,2017,10,12,3,3,2,6,0,1,0,0,0,0,0,5.19818E+20,5.43725E+21,9.27143E+15,4.90878E+16
56978,8.17102E+18,8,1,21,0,2017,10,6,3,3,0,1,1,0,0,0,0,1,1,5.15752E+20,5.44068E+21,9.21587E+15,4.91187E+16
56979,8.17102E+18,8,1,21,0,2017,10,7,3,3,2,6,0,1,0,0,0,1,1,5.14659E+20,5.44144E+21,9.20093E+15,4.91256E+16
56980,8.17102E+18,8,1,19,42,2017,10,17,3,3,4,3,0,1,0,0,0,0,0,5.307E+20,5.41655E+21,9.4189E+15,4.89011E+16
56981,8.17103E+18,8,3,15,15,2017,10,14,7,3,5,3,0,1,0,0,0,0,0,3.99416E+20,5.31423E+21,7.65229E+15,4.79735E+16
56982,8.17103E+18,8,4,36,9,2017,10,2,7,2,4,1,0,1,0,0,0,2,0,5.56141E+20,5.30786E+21,9.75147E+15,4.79216E+16
56983,8.17103E+18,8,1,25,63,2017,10,12,1,3,8,1,0,1,0,0,0,0,0,5.25939E+20,5.4635E+21,9.35696E+15,4.93237E+16
56984,8.17103E+18,8,2,15,99,2017,10,13,1,3,2,6,0,1,0,0,0,0,1,4.64267E+20,5.44478E+21,8.50994E+15,4.91548E+16
56985,8.17102E+18,8,1,18,48,2017,10,6,3,3,5,2,1,1,0,0,0,2,1,5.11586E+20,5.41525E+21,9.15806E+15,4.88901E+16
56986,8.17102E+18,8,1,18,81,2017,10,15,3,3,6,4,0,1,1,0,0,0,0,5.20472E+20,5.41497E+21,9.27926E+15,4.88873E+16
56987,8.17102E+18,8,1,18,19,2017,10,8,3,3,5,3,1,1,0,0,0,0,0,5.04974E+20,5.40605E+21,9.06774E+15,4.88074E+16
56988,8.17102E+18,8,1,18,63,2017,10,7,3,3,1,2,0,1,0,0,0,0,1,5.14472E+20,5.42303E+21,9.19771E+15,4.896E+16
56989,8.17102E+18,8,1,18,76,2017,10,6,3,3,6,2,0,0,1,0,1,2,1,5.04624E+20,5.42297E+21,9.06317E+15,4.89596E+16
56990,8.17102E+18,8,1,15,45,2017,10,15,3,2,4,6,0,1,0,0,0,0,0,4.96775E+20,5.39509E+21,8.95616E+15,4.87089E+16
56991,8.17102E+18,8,4,25,8,2017,10,17,3,3,2,6,0,1,0,0,0,2,0,5.64917E+20,5.38024E+21,9.88003E+15,4.85719E+16
56992,8.17102E+18,8,1,17,43,2017,10,12,3,3,2,6,0,1,0,0,0,0,0,5.53067E+20,5.39013E+21,9.72066E+15,4.86619E+16
56993,8.17102E+18,8,1,16,20,2017,10,7,3,3,5,3,0,1,0,1,0,0,0,5.26438E+20,5.38242E+21,9.35856E+15,4.85943E+16
56994,8.17103E+18,8,2,26,82,2017,10,13,6,3,2,6,0,1,0,0,0,0,0,4.73846E+20,5.48142E+21,8.6389E+15,4.94849E+16
56995,8.17102E+18,8,1,16,80,2017,10,15,3,3,2,6,0,1,0,1,0,0,0,5.18324E+20,5.39489E+21,9.24907E+15,4.87068E+16
56996,8.17103E+18,8,4,16,36,2017,10,12,6,3,2,6,0,1,0,0,0,0,0,4.88037E+20,5.37177E+21,8.83807E+15,4.8499E+16
56997,8.17102E+18,8,1,16,49,2017,10,7,3,3,2,6,0,1,0,1,1,1,1,5.25757E+20,5.38424E+21,9.34943E+15,4.86107E+16
56998,8.17102E+18,8,1,11,0,2017,10,17,3,3,2,6,0,1,0,0,0,2,0,5.15697E+20,5.40526E+21,9.21375E+15,4.88002E+16
56999,8.17102E+18,8,1,11,0,2017,10,11,3,3,5,3,0,1,0,0,1,0,1,5.12763E+20,5.40181E+21,9.1737E+15,4.87692E+16
57000,8.17102E+18,8,4,36,55,2017,10,5,2,3,5,3,0,1,0,0,0,2,1,5.73972E+20,5.29622E+21,9.98812E+15,4.78151E+16
57001,8.17102E+18,8,4,36,12,2017,10,19,2,3,4,7,0,1,0,0,0,2,0,5.49086E+20,5.2985E+21,9.65597E+15,4.78379E+16
57002,8.17102E+18,8,4,36,94,2017,10,16,2,3,2,6,0,1,0,0,1,0,1,5.71887E+20,5.28057E+21,9.95769E+15,4.76745E+16
57003,8.17102E+18,8,4,36,64,2017,10,6,2,3,3,2,0,1,0,0,1,2,0,5.46074E+20,5.29246E+21,9.61509E+15,4.77839E+16
57004,8.17102E+18,8,4,35,66,2017,10,7,2,2,8,1,0,0,0,1,0,0,1,5.18603E+20,5.29022E+21,9.24827E+15,4.77651E+16
57005,8.17102E+18,8,4,35,16,2017,10,19,2,2,0,1,1,0,0,0,0,0,1,5.35721E+20,5.27779E+21,9.47568E+15,4.76525E+16
57006,8.17102E+18,8,4,35,35,2017,10,6,2,3,4,2,1,1,0,0,0,2,1,5.42067E+20,5.28253E+21,9.56064E+15,4.76948E+16
57007,8.17103E+18,8,2,22,0,2017,10,18,6,3,2,6,0,1,0,0,1,2,0,4.60803E+20,5.48916E+21,8.45807E+15,4.95537E+16
57008,8.17102E+18,8,4,35,16,2017,10,8,2,3,5,3,1,1,0,0,0,0,1,5.35029E+20,5.27778E+21,9.46646E+15,4.76524E+16
57009,8.17102E+18,8,4,17,8,2017,10,0,2,3,8,1,0,1,0,0,0,2,1,4.93336E+20,5.35191E+21,8.91011E+15,4.83204E+16
57010,8.17103E+18,8,3,25,1,2017,10,13,6,3,8,1,0,1,0,0,0,0,1,4.57585E+20,5.34859E+21,8.42819E+15,4.82891E+16
57011,8.17102E+18,8,4,17,54,2017,10,9,2,2,9,1,0,1,0,0,0,0,1,4.84416E+20,5.34484E+21,8.79004E+15,4.82566E+16
57012,8.17103E+18,8,3,37,96,2017,10,15,6,3,9,1,0,0,0,1,0,0,1,4.24013E+20,5.26804E+21,7.98988E+15,4.75614E+16
57013,8.17102E+18,8,4,16,36,2017,10,7,2,3,2,6,0,1,0,0,0,1,1,4.8472E+20,5.37208E+21,8.79315E+15,4.85016E+16
57014,8.17103E+18,8,1,16,14,2017,10,19,7,3,5,3,0,1,0,0,0,2,0,5.27938E+20,5.39579E+21,9.37981E+15,4.87145E+16
57015,8.17102E+18,8,4,15,61,2017,10,13,2,3,8,1,0,0,0,1,0,0,0,5.16848E+20,5.37471E+21,9.22819E+15,4.85253E+16
57016,8.17103E+18,8,2,12,0,2017,10,17,7,3,5,3,1,1,0,0,0,1,0,4.55635E+20,5.42709E+21,8.3935E+15,4.89951E+16
57017,8.17102E+18,8,4,16,41,2017,10,15,2,3,2,6,0,1,0,0,1,0,0,5.0447E+20,5.37289E+21,9.06052E+15,4.85091E+16
57018,8.17102E+18,8,4,15,60,2017,10,6,2,3,5,3,0,1,0,0,0,2,1,5.12772E+20,5.37848E+21,9.1731E+15,4.85593E+16
57019,8.17102E+18,8,4,15,53,2017,10,17,2,2,0,1,0,1,0,0,0,0,0,5.3408E+20,5.36492E+21,9.46077E+15,4.84365E+16
57020,8.17102E+18,8,3,36,78,2017,10,12,2,3,0,1,1,0,0,0,0,0,1,3.93364E+20,5.29014E+21,7.57717E+15,4.77558E+16
57021,8.17102E+18,8,3,35,75,2017,10,17,2,3,5,3,0,1,0,0,0,0,0,4.88782E+20,5.29013E+21,8.85029E+15,4.77645E+16
57022,8.17103E+18,8,3,17,65,2017,10,14,7,3,3,7,0,1,0,1,0,0,0,4.14185E+20,5.35481E+21,7.84194E+15,4.83407E+16
57023,8.17103E+18,8,1,11,0,2017,10,20,1,3,2,6,0,1,0,0,0,2,0,5.15954E+20,5.40447E+21,9.21722E+15,4.8793E+16
57024,8.17103E+18,8,1,18,68,2017,10,13,2,2,1,1,0,1,0,1,0,0,0,5.01126E+20,5.42337E+21,9.01539E+15,4.89633E+16
57025,8.17102E+18,8,3,35,43,2017,10,13,2,3,0,7,1,0,0,0,0,0,0,5.13467E+20,5.27936E+21,9.17939E+15,4.76675E+16
57026,8.17103E+18,8,2,35,33,2017,10,13,2,3,8,2,1,0,0,0,1,0,0,4.58536E+20,5.40506E+21,8.43539E+15,4.87972E+16
57027,8.17102E+18,8,3,35,43,2017,10,12,2,3,5,3,0,0,0,0,1,0,0,5.11463E+20,5.2802E+21,9.15271E+15,4.76751E+16
57028,8.17102E+18,8,4,36,12,2017,10,16,2,3,2,6,0,1,0,0,1,0,0,5.50002E+20,5.30124E+21,9.66854E+15,4.78626E+16
57029,8.17102E+18,8,3,35,100,2017,10,16,2,2,3,6,1,0,0,0,0,0,0,4.89511E+20,5.2872E+21,8.8601E+15,4.77381E+16
57030,8.17102E+18,8,3,25,14,2017,10,5,2,3,5,3,0,1,0,0,0,2,1,4.6103E+20,5.34056E+21,8.47538E+15,4.82171E+16
57031,8.17102E+18,8,3,25,69,2017,10,18,2,3,3,2,0,1,0,0,0,1,1,4.67692E+20,5.3363E+21,8.56539E+15,4.81791E+16
57032,8.17102E+18,8,3,27,19,2017,10,12,2,2,4,1,0,1,0,0,0,0,1,4.81255E+20,5.33019E+21,8.7481E+15,4.81247E+16
57033,8.17102E+18,8,3,17,151,2017,10,7,2,3,0,1,0,0,0,1,0,1,1,4.12669E+20,5.36784E+21,7.81878E+15,4.84577E+16
57034,8.17102E+18,8,3,17,31,2017,10,14,2,3,2,6,0,1,0,0,1,0,1,4.15497E+20,5.36183E+21,7.85823E+15,4.84039E+16
57035,8.17102E+18,8,3,16,11,2017,10,13,2,3,2,6,0,1,0,0,0,0,1,4.13608E+20,5.33052E+21,7.83911E+15,4.81221E+16
57036,8.17103E+18,8,2,31,0,2017,10,11,6,3,3,6,0,1,0,0,1,0,1,4.80898E+20,5.41685E+21,8.73934E+15,4.89043E+16
57037,8.17102E+18,8,3,11,0,2017,10,18,2,3,5,3,1,1,0,0,0,2,1,4.11679E+20,5.31921E+21,7.81554E+15,4.802E+16