OBJECTID,UIDENTSTLA,ULAND,UREGBEZ,UKREIS,UGEMEINDE,UJAHR,UMONAT,USTUNDE,UWOCHENTAG,UKATEGORIE,UART,UTYP1,IstRad,IstPKW,IstFuss,IstKrad,IstSonstig,LICHT,STRZUSTAND,LINREFX,LINREFY,XGCSWGS84,YGCSWGS84
57383,8.1711E+18,8,2,15,59,2017,11,14,6,3,0,7,1,0,0,0,1,0,0,4.84395E+20,5.43347E+21,8.78642E+15,4.90539E+16
57384,8.1711E+18,8,3,17,5,2017,11,18,6,3,3,6,0,1,0,0,1,2,0,4.22942E+20,5.37916E+21,7.95561E+15,4.85608E+16
57385,8.1711E+18,8,1,25,46,2017,11,15,6,3,8,1,0,1,0,0,0,0,0,5.19407E+20,5.43263E+21,9.26558E+15,4.90463E+16
57386,8.1711E+18,8,1,18,48,2017,11,21,6,2,5,7,0,1,0,1,0,2,0,5.14781E+20,5.41829E+21,9.20175E+15,4.89174E+16
57387,8.1711E+18,8,1,11,0,2017,11,17,6,3,2,6,0,1,0,0,0,2,0,5.06679E+20,5.39571E+21,9.0908E+15,4.87144E+16
57388,8.1711E+18,8,1,35,19,2017,11,15,6,3,6,4,0,1,1,0,0,0,0,5.82364E+20,5.39247E+21,1.01189E+16,4.86799E+16
57389,8.17111E+18,8,2,16,33,2017,11,16,4,3,4,1,0,1,0,0,0,0,1,4.48865E+20,5.41218E+21,8.30283E+15,4.88605E+16
57390,8.1711E+18,8,1,35,26,2017,11,13,6,3,2,2,0,1,0,0,0,0,0,5.94924E+20,5.40104E+21,1.02915E+16,4.87551E+16
57391,8.1711E+18,8,1,28,115,2017,11,15,6,3,5,3,0,1,0,0,1,0,0,5.47419E+20,5.49621E+21,9.65646E+15,4.96166E+16
57392,8.17111E+18,8,2,16,24,2017,11,21,4,3,5,3,0,1,0,0,0,2,1,4.43982E+20,5.40715E+21,8.23695E+15,4.88148E+16
57393,8.1711E+18,8,1,28,7,2017,11,20,6,3,9,1,0,1,0,0,0,2,1,5.57971E+20,5.47911E+21,9.8E+15,4.94618E+16
57394,8.1711E+18,8,1,27,75,2017,11,6,6,3,8,7,0,1,0,0,0,2,0,5.78622E+20,5.46779E+21,1.00827E+16,4.93578E+16
57395,8.17111E+18,8,2,15,9,2017,11,18,4,3,5,3,0,1,0,0,0,2,1,4.70863E+20,5.44122E+21,8.60065E+15,4.91231E+16
57396,8.1711E+18,8,1,27,14,2017,11,16,6,3,2,6,0,1,0,0,0,0,0,5.75489E+20,5.44274E+21,1.00348E+16,4.91329E+16
57397,8.17111E+18,8,2,15,21,2017,11,11,4,3,5,2,0,1,0,0,0,0,1,4.70062E+20,5.44347E+21,8.58951E+15,4.91433E+16
57398,8.1711E+18,8,1,27,89,2017,11,6,6,2,7,7,0,0,0,1,0,2,0,5.6726E+20,5.43769E+21,9.92122E+15,4.90884E+16
57399,8.1711E+18,8,1,26,28,2017,11,17,6,3,0,7,0,1,0,0,1,1,0,5.40726E+20,5.45825E+21,9.5599E+15,4.92756E+16
57400,8.1711E+18,8,1,25,46,2017,11,14,6,2,2,6,0,1,0,1,0,0,0,5.17465E+20,5.43166E+21,9.23896E+15,4.90375E+16
57401,8.17111E+18,8,2,15,59,2017,11,5,4,3,8,1,0,1,0,0,0,2,1,4.88233E+20,5.43344E+21,8.83895E+15,4.90537E+16
57402,8.17111E+18,8,2,15,96,2017,11,8,4,3,8,1,0,1,0,0,0,0,1,4.63261E+20,5.41216E+21,8.4991E+15,4.88613E+16
57403,8.17111E+18,8,2,15,17,2017,11,17,4,3,1,6,0,1,0,0,0,2,1,4.56505E+20,5.42312E+21,8.40582E+15,4.89595E+16
57404,8.17111E+18,8,2,15,17,2017,11,7,4,3,2,6,0,1,0,0,0,0,1,4.54762E+20,5.41896E+21,8.38247E+15,4.89219E+16
57405,8.1711E+18,8,1,25,107,2017,11,13,6,2,9,1,0,1,0,0,0,0,0,5.32528E+20,5.43524E+21,9.44534E+15,4.90691E+16
57406,8.17111E+18,8,1,11,0,2017,11,14,6,3,2,6,0,1,0,0,1,0,1,5.13196E+20,5.4101E+21,9.17985E+15,4.88437E+16
57407,8.1711E+18,8,1,18,78,2017,11,15,6,3,2,6,0,1,0,0,0,0,0,5.1288E+20,5.42072E+21,9.17588E+15,4.89393E+16
57408,8.17111E+18,8,1,16,71,2017,11,19,6,3,4,6,1,0,0,0,0,2,1,5.29778E+20,5.39025E+21,9.40442E+15,4.86646E+16
57409,8.1711E+18,8,1,17,35,2017,11,23,6,3,5,3,0,1,0,0,0,2,1,5.48688E+20,5.38077E+21,9.6601E+15,4.85781E+16
57410,8.1711E+18,8,1,16,33,2017,11,8,6,3,2,6,0,1,0,0,0,0,0,5.34224E+20,5.38825E+21,9.46463E+15,4.86463E+16
57411,8.17111E+18,8,1,28,14,2017,11,13,6,3,2,6,0,1,0,0,0,0,1,5.4565E+20,5.47868E+21,9.62994E+15,4.9459E+16
57412,8.1711E+18,8,1,16,81,2017,11,17,6,2,3,6,0,1,0,0,1,0,0,5.16705E+20,5.38623E+21,9.22671E+15,4.86289E+16
57413,8.17111E+18,8,2,11,0,2017,11,18,4,3,5,3,0,1,0,0,0,2,1,4.40853E+20,5.40356E+21,8.19484E+15,4.87822E+16
57414,8.17111E+18,8,2,11,0,2017,11,19,4,3,4,2,0,1,0,0,0,2,1,4.41902E+20,5.4035E+21,8.20914E+15,4.87818E+16
57415,8.17111E+18,8,1,15,42,2017,11,17,4,3,2,6,0,1,0,0,0,2,0,4.94803E+20,5.40597E+21,8.92922E+15,4.88067E+16
57416,8.17111E+18,8,1,36,88,2017,11,8,4,3,8,1,0,1,0,0,0,0,1,5.84564E+20,5.40938E+21,1.01523E+16,4.88316E+16
57417,8.17111E+18,8,1,36,65,2017,11,7,4,2,3,6,0,1,0,1,0,0,1,5.58078E+20,5.40695E+21,9.79108E+15,4.88128E+16
57418,8.1711E+18,8,1,16,77,2017,11,12,6,3,5,3,0,1,0,0,0,0,0,5.15015E+20,5.39019E+21,9.20392E+15,4.86646E+16
57419,8.1711E+18,8,1,15,24,2017,11,9,6,3,2,6,0,1,0,0,0,0,0,5.00964E+20,5.38642E+21,9.01308E+15,4.86309E+16
57420,8.1711E+18,8,1,11,0,2017,11,19,6,3,5,2,0,0,0,1,1,2,0,5.10544E+20,5.40908E+21,9.14369E+15,4.88346E+16
57421,8.1711E+18,8,1,11,0,2017,11,15,6,3,5,3,1,1,0,0,0,0,0,5.09472E+20,5.40292E+21,9.12893E+15,4.87792E+16
57422,8.1711E+18,8,4,36,53,2017,11,17,5,3,2,6,0,1,0,0,1,2,0,5.31667E+20,5.30688E+21,9.42382E+15,4.79145E+16
57423,8.17111E+18,8,1,27,100,2017,11,7,4,3,2,2,0,1,0,0,0,1,0,5.54003E+20,5.43323E+21,9.73906E+15,4.90496E+16
57424,8.1711E+18,8,4,35,35,2017,11,5,5,3,5,3,0,1,0,0,0,2,0,5.40666E+20,5.27978E+21,9.54172E+15,4.76701E+16
57425,8.1711E+18,8,4,36,64,2017,11,10,5,3,2,6,0,1,0,0,0,0,0,5.44371E+20,5.29068E+21,9.59217E+15,4.7768E+16
57426,8.17111E+18,8,1,25,49,2017,11,11,4,2,2,1,0,1,0,1,0,0,1,4.99069E+20,5.44937E+21,8.98722E+15,4.91971E+16
57427,8.1711E+18,8,4,25,71,2017,11,9,5,3,2,6,0,1,0,0,1,0,0,5.5351E+20,5.37143E+21,9.72427E+15,4.84937E+16
57428,8.1711E+18,8,4,16,22,2017,11,16,5,3,4,2,0,1,0,0,0,0,0,5.0985E+20,5.3759E+21,9.13343E+15,4.85362E+16
57429,8.17111E+18,8,1,25,111,2017,11,7,4,3,5,3,0,1,0,1,0,1,1,5.29308E+20,5.45611E+21,9.40278E+15,4.9257E+16
57430,8.1711E+18,8,4,15,87,2017,11,9,5,3,1,5,0,1,0,0,0,0,0,5.12716E+20,5.38103E+21,9.17242E+15,4.85823E+16
57431,8.17111E+18,8,1,19,89,2017,11,15,4,3,9,1,0,1,0,0,0,0,1,5.33201E+20,5.40902E+21,9.45242E+15,4.88332E+16
57432,8.1711E+18,8,4,15,19,2017,11,11,5,3,8,1,0,0,0,1,0,0,0,5.21379E+20,5.37076E+21,9.28935E+15,4.84896E+16
57433,8.17111E+18,8,1,18,73,2017,11,7,4,3,2,6,0,1,0,0,0,1,1,4.97388E+20,5.4208E+21,8.96433E+15,4.89401E+16
57434,8.1711E+18,8,3,37,96,2017,11,6,5,3,4,6,0,1,0,0,0,1,0,4.24356E+20,5.26773E+21,7.99449E+15,4.75586E+16
57435,8.1711E+18,8,3,35,79,2017,11,19,5,3,8,1,0,1,0,0,0,2,0,4.98043E+20,5.29737E+21,8.97385E+15,4.78297E+16
57436,8.1711E+18,8,3,35,75,2017,11,10,5,3,8,7,0,1,0,0,0,0,0,4.94003E+20,5.28368E+21,8.92006E+15,4.77064E+16
57437,8.1711E+18,8,4,36,95,2017,11,17,5,2,4,6,0,1,0,0,0,1,0,5.35424E+20,5.29707E+21,9.4733E+15,4.7826E+16
57438,8.17111E+18,8,1,17,18,2017,11,15,4,3,0,6,0,1,0,0,0,0,1,5.37555E+20,5.39552E+21,9.51051E+15,4.87116E+16
57439,8.17111E+18,8,1,16,41,2017,11,5,4,3,5,3,1,1,0,0,0,2,1,5.19719E+20,5.38408E+21,9.26751E+15,4.86095E+16
57440,8.17111E+18,8,1,16,77,2017,11,23,4,3,4,2,0,1,0,0,0,2,1,5.14475E+20,5.38952E+21,9.19656E+15,4.86586E+16
57441,8.17111E+18,8,1,16,19,2017,11,7,4,2,5,3,0,1,0,1,0,1,1,5.24236E+20,5.3976E+21,9.32959E+15,4.8731E+16
57442,8.17111E+18,8,1,15,54,2017,11,17,4,3,2,6,0,1,0,0,0,1,0,4.92971E+20,5.39564E+21,8.90445E+15,4.87138E+16
57443,8.17111E+18,8,1,15,28,2017,11,17,4,3,2,6,0,1,0,0,0,2,1,4.99067E+20,5.40377E+21,8.9873E+15,4.87869E+16
57444,8.17111E+18,8,1,11,0,2017,11,12,4,3,5,3,0,1,0,0,0,0,0,5.18245E+20,5.40363E+21,9.24838E+15,4.87854E+16
57445,8.17111E+18,8,1,11,0,2017,11,10,4,3,3,6,0,1,0,0,0,0,1,5.14858E+20,5.40472E+21,9.20231E+15,4.87953E+16
57446,8.17111E+18,8,1,16,12,2017,11,15,6,2,4,6,0,1,0,0,0,0,1,5.38194E+20,5.38009E+21,9.51777E+15,4.85727E+16
57447,8.1711E+18,8,3,35,79,2017,11,16,5,3,0,1,0,0,0,1,0,0,0,4.99901E+20,5.29906E+21,8.99868E+15,4.78449E+16
57448,8.17111E+18,8,1,25,98,2017,11,15,6,3,9,1,0,1,0,0,0,0,1,5.26794E+20,5.4371E+21,9.36696E+15,4.90861E+16
57449,8.1711E+18,8,4,35,13,2017,11,5,5,2,4,6,0,0,0,0,1,2,0,5.39914E+20,5.27558E+21,9.53131E+15,4.76324E+16
57450,8.1711E+18,8,3,25,69,2017,11,22,5,3,4,1,0,1,0,0,0,2,0,4.65862E+20,5.33486E+21,8.54089E+15,4.81661E+16
57451,8.1711E+18,8,3,26,17,2017,11,12,5,3,5,3,0,1,0,0,0,0,0,4.44692E+20,5.32409E+21,8.25759E+15,4.80677E+16
57452,8.1711E+18,8,4,17,75,2017,11,18,5,2,5,1,0,1,0,0,0,2,0,5.11475E+20,5.33184E+21,9.15424E+15,4.81397E+16
57453,8.1711E+18,8,3,17,41,2017,11,15,5,2,2,2,0,1,0,0,0,0,0,4.40383E+20,5.34838E+21,8.19635E+15,4.82858E+16
57454,8.17111E+18,8,1,11,0,2017,11,5,4,3,2,6,0,1,0,0,0,2,1,5.09486E+20,5.40055E+21,9.12906E+15,4.87579E+16
57455,8.1711E+18,8,3,17,40,2017,11,11,5,3,2,1,0,1,0,0,0,0,0,4.32181E+20,5.34782E+21,8.08588E+15,4.828E+16
57456,8.1711E+18,8,3,17,129,2017,11,6,5,3,5,3,1,1,0,0,0,2,0,4.30061E+20,5.3504E+21,8.05688E+15,4.83029E+16
57457,8.17111E+18,8,1,11,0,2017,11,7,4,3,5,3,1,1,0,0,0,0,1,5.12149E+20,5.39906E+21,9.16526E+15,4.87444E+16
57458,8.1711E+18,8,3,17,40,2017,11,9,5,3,2,6,0,1,0,0,0,0,0,4.32682E+20,5.34772E+21,8.09266E+15,4.82791E+16
57459,8.17111E+18,8,1,11,0,2017,11,7,4,3,2,6,0,1,0,0,0,0,1,5.07428E+20,5.40703E+21,9.10119E+15,4.88162E+16
57460,8.1711E+18,8,3,17,1,2017,11,9,5,3,5,2,0,1,0,0,0,0,0,4.30457E+20,5.38628E+21,8.05626E+15,4.86257E+16
57461,8.17111E+18,8,4,37,100,2017,11,16,3,3,5,3,1,1,0,0,0,1,1,5.37293E+20,5.31805E+21,9.50008E+15,4.80146E+16
57462,8.1711E+18,8,2,35,46,2017,11,15,5,3,0,1,0,0,0,1,0,0,0,4.78872E+20,5.37747E+21,8.71371E+15,4.855E+16
57463,8.1711E+18,8,2,36,40,2017,11,14,5,1,5,3,0,1,0,0,1,0,0,4.90342E+20,5.42193E+21,8.86809E+15,4.89502E+16
57464,8.1711E+18,8,2,36,74,2017,11,10,5,3,6,2,0,1,1,0,0,0,0,4.73221E+20,5.42007E+21,8.63437E+15,4.8933E+16
57465,8.1711E+18,8,2,22,0,2017,11,19,5,3,2,6,0,1,0,0,0,2,0,4.60722E+20,5.48821E+21,8.45704E+15,4.95452E+16
57466,8.1711E+18,8,2,26,28,2017,11,7,5,3,5,3,0,1,0,0,0,0,0,4.72408E+20,5.4839E+21,8.61888E+15,4.95071E+16
57467,8.1711E+18,8,2,26,58,2017,11,17,5,1,4,1,0,1,0,0,0,2,0,4.93662E+20,5.46345E+21,8.91279E+15,4.93237E+16
57468,8.1711E+18,8,2,12,0,2017,11,18,5,3,2,6,0,1,0,0,0,0,0,4.63461E+20,5.42811E+21,8.5004E+15,4.90048E+16
57469,8.1711E+18,8,2,15,101,2017,11,13,5,3,2,6,0,1,0,1,0,0,0,4.64809E+20,5.42809E+21,8.51882E+15,4.90047E+16
57470,8.1711E+18,8,1,25,6,2017,11,11,5,3,2,1,0,1,0,0,1,0,0,5.06352E+20,5.44989E+21,9.08719E+15,4.92018E+16
57471,8.1711E+18,8,1,27,76,2017,11,22,5,3,4,1,0,1,0,0,0,2,0,5.53712E+20,5.43946E+21,9.7359E+15,4.91057E+16
57472,8.17111E+18,8,4,36,6,2017,11,10,3,3,2,2,0,1,0,0,0,0,0,5.60331E+20,5.28409E+21,9.80424E+15,4.77073E+16
57473,8.1711E+18,8,1,27,76,2017,11,14,5,3,2,6,0,1,0,0,0,0,0,5.52553E+20,5.43982E+21,9.72007E+15,4.9109E+16
57474,8.1711E+18,8,1,27,46,2017,11,14,5,2,3,6,0,0,0,1,1,0,0,5.71582E+20,5.45053E+21,9.98268E+15,4.92034E+16
57475,8.1711E+18,8,1,26,72,2017,11,13,5,3,5,3,0,1,0,0,0,0,0,5.38813E+20,5.46552E+21,9.53431E+15,4.93412E+16
57476,8.1711E+18,8,1,26,11,2017,11,5,5,2,9,1,0,1,0,0,0,2,0,5.33648E+20,5.44387E+21,9.46139E+15,4.91468E+16
57477,8.1711E+18,8,1,25,65,2017,11,18,5,3,4,2,0,1,0,0,0,2,0,5.15906E+20,5.44852E+21,9.2183E+15,4.91893E+16
57478,8.17111E+18,8,4,36,12,2017,11,16,3,3,2,6,0,1,0,0,0,0,0,5.5076E+20,5.30146E+21,9.6787E+15,4.78645E+16
57479,8.17111E+18,8,4,36,1,2017,11,1,3,3,9,1,0,1,0,0,0,2,1,5.53783E+20,5.2734E+21,9.71564E+15,4.76118E+16
57480,8.17111E+18,8,4,35,16,2017,11,17,3,3,5,3,1,1,0,0,0,1,0,5.32353E+20,5.27905E+21,9.43092E+15,4.76641E+16
57481,8.17111E+18,8,4,35,35,2017,11,10,3,3,5,3,1,0,0,0,1,0,1,5.40024E+20,5.2817E+21,9.53333E+15,4.76875E+16
57482,8.17111E+18,8,4,26,71,2017,11,6,5,3,5,2,0,1,0,0,1,2,1,5.61954E+20,5.3332E+21,9.83294E+15,4.8149E+16
57483,8.1711E+18,8,1,25,13,2017,11,15,5,3,5,3,0,1,0,0,0,0,0,5.04977E+20,5.43578E+21,9.06814E+15,4.90748E+16
57484,8.17111E+18,8,1,11,0,2017,11,7,6,3,2,6,0,1,0,0,0,0,0,5.13559E+20,5.40623E+21,9.18467E+15,4.88089E+16
57485,8.1711E+18,8,1,25,108,2017,11,14,5,3,4,7,0,1,0,0,0,0,0,4.96044E+20,5.43557E+21,8.94583E+15,4.9073E+16
57486,8.1711E+18,8,1,25,13,2017,11,6,5,3,4,6,0,1,0,0,0,2,0,5.02185E+20,5.43837E+21,9.02993E+15,4.90982E+16
57487,8.17111E+18,8,1,18,53,2017,11,15,6,2,0,7,0,0,0,1,0,1,1,5.17695E+20,5.42818E+21,9.24195E+15,4.90063E+16
57488,8.1711E+18,8,1,19,90,2017,11,22,5,3,5,2,0,1,0,0,0,2,0,5.31934E+20,5.4067E+21,9.43497E+15,4.88125E+16
57489,8.1711E+18,8,1,18,48,2017,11,23,5,3,2,6,0,1,0,0,0,2,0,5.12412E+20,5.41527E+21,9.16932E+15,4.88902E+16
57490,8.1711E+18,8,1,18,79,2017,11,16,5,3,2,6,0,1,0,0,0,1,0,5.09242E+20,5.4232E+21,9.12626E+15,4.89616E+16
57491,8.1711E+18,8,1,18,79,2017,11,9,5,3,1,6,0,1,0,0,0,0,0,5.09774E+20,5.42164E+21,9.13349E+15,4.89476E+16
57492,8.1711E+18,8,4,25,71,2017,11,19,5,2,4,6,0,1,0,0,1,2,0,5.54047E+20,5.37146E+21,9.73154E+15,4.84939E+16
57493,8.1711E+18,8,1,16,46,2017,11,11,5,3,3,6,1,1,0,0,0,0,0,5.27696E+20,5.37907E+21,9.3754E+15,4.85641E+16
57494,8.17111E+18,8,4,37,78,2017,11,17,3,2,6,4,0,1,1,0,0,2,1,5.08757E+20,5.31554E+21,9.11737E+15,4.79931E+16
57495,8.1711E+18,8,1,16,77,2017,11,9,5,3,6,7,0,1,1,0,0,0,0,5.16357E+20,5.38973E+21,9.22213E+15,4.86604E+16
57496,8.17111E+18,8,4,26,97,2017,11,13,3,3,2,6,0,1,0,0,0,0,1,5.36181E+20,5.33304E+21,9.48644E+15,4.81495E+16
57497,8.1711E+18,8,1,15,45,2017,11,17,5,3,5,3,0,1,0,0,0,2,0,4.95008E+20,5.39403E+21,8.93215E+15,4.86993E+16
57498,8.1711E+18,8,1,15,28,2017,11,19,5,3,5,2,0,1,0,0,0,2,0,5.0144E+20,5.40358E+21,9.01961E+15,4.87852E+16
57499,8.1711E+18,8,1,15,37,2017,11,0,5,3,7,7,0,1,0,0,0,2,0,4.92881E+20,5.38663E+21,8.90338E+15,4.86327E+16
57500,8.1711E+18,8,1,15,3,2017,11,12,5,3,5,3,0,1,0,0,0,0,0,5.00538E+20,5.39285E+21,9.00731E+15,4.86887E+16
57501,8.1711E+18,8,1,11,0,2017,11,15,5,3,2,6,0,1,0,0,0,0,0,5.16314E+20,5.40406E+21,9.22211E+15,4.87893E+16
57502,8.1711E+18,8,1,11,0,2017,11,11,5,3,5,3,1,1,0,0,0,0,0,5.07989E+20,5.4077E+21,9.10884E+15,4.88222E+16
57503,8.1711E+18,8,4,36,8,2017,11,13,4,3,4,1,0,1,0,0,0,0,0,5.45601E+20,5.30748E+21,9.61035E+15,4.7919E+16
57504,8.1711E+18,8,3,25,72,2017,11,9,4,3,3,6,0,1,0,0,0,0,0,4.69164E+20,5.32783E+21,8.5858E+15,4.8103E+16
57505,8.1711E+18,8,3,35,100,2017,11,23,4,3,5,3,0,1,0,0,0,2,0,4.88464E+20,5.28612E+21,8.84616E+15,4.77284E+16
57506,8.1711E+18,8,3,35,43,2017,11,12,4,3,0,1,1,0,0,0,0,0,0,5.11477E+20,5.28743E+21,9.15309E+15,4.77401E+16
57507,8.17111E+18,8,1,17,26,2017,11,21,3,2,6,4,0,1,1,0,0,2,1,5.50661E+20,5.39205E+21,9.68823E+15,4.86795E+16
57508,8.1711E+18,8,3,35,75,2017,11,19,4,2,7,7,0,1,0,1,0,2,0,4.89273E+20,5.29398E+21,8.85675E+15,4.77991E+16
57509,8.1711E+18,8,2,26,103,2017,11,11,4,3,2,6,0,1,0,0,1,0,0,4.7161E+20,5.4571E+21,8.60977E+15,4.9266E+16
57510,8.17111E+18,8,4,17,22,2017,11,11,3,3,2,6,0,1,0,0,1,0,1,4.85579E+20,5.34873E+21,8.80557E+15,4.82916E+16
57511,8.1711E+18,8,2,26,103,2017,11,11,4,3,2,6,0,1,0,0,0,0,0,4.71392E+20,5.4567E+21,8.6068E+15,4.92624E+16
57512,8.17111E+18,8,4,16,36,2017,11,18,3,3,2,6,0,1,0,0,0,2,1,4.9694E+20,5.37136E+21,8.95858E+15,4.84954E+16
57513,8.1711E+18,8,2,15,47,2017,11,13,4,3,5,3,0,1,0,0,0,0,0,4.58373E+20,5.41474E+21,8.4322E+15,4.88843E+16
57514,8.17111E+18,8,4,15,61,2017,11,16,3,3,5,2,0,1,0,1,0,1,1,5.14724E+20,5.36993E+21,9.19925E+15,4.84823E+16
57515,8.1711E+18,8,2,15,90,2017,11,15,4,2,5,3,0,1,0,1,0,0,0,4.64692E+20,5.43428E+21,8.51668E+15,4.90604E+16
57516,8.17111E+18,8,4,15,62,2017,11,8,3,3,2,6,0,1,0,0,0,0,0,5.19187E+20,5.37849E+21,9.26003E+15,4.85592E+16
57517,8.1711E+18,8,2,12,0,2017,11,15,4,2,5,3,0,1,0,1,0,0,0,4.54864E+20,5.42825E+21,8.38284E+15,4.90055E+16
57518,8.1711E+18,8,2,36,71,2017,11,5,4,1,8,1,0,1,0,0,0,2,0,4.71692E+20,5.41841E+21,8.61361E+15,4.8918E+16
57519,8.1711E+18,8,2,26,32,2017,11,14,4,3,2,6,0,1,0,0,0,0,0,4.63801E+20,5.46435E+21,8.50179E+15,4.93308E+16
57520,8.1711E+18,8,2,15,96,2017,11,16,4,2,2,6,0,1,0,1,0,0,0,4.64848E+20,5.4192E+21,8.52013E+15,4.89248E+16
57521,8.1711E+18,8,2,12,0,2017,11,15,4,3,5,2,1,1,0,0,0,0,0,4.56408E+20,5.42547E+21,8.40424E+15,4.89806E+16
57522,8.17111E+18,8,4,15,88,2017,11,16,3,3,1,6,0,1,0,0,0,1,0,5.36868E+20,5.37134E+21,9.49902E+15,4.84941E+16
57523,8.17111E+18,8,3,37,70,2017,11,11,3,1,5,3,0,1,0,0,0,0,1,4.68527E+20,5.27524E+21,8.58107E+15,4.76298E+16
57524,8.17111E+18,8,3,35,22,2017,11,17,3,3,5,3,0,1,0,0,0,2,1,4.82824E+20,5.30021E+21,8.77038E+15,4.7855E+16
57525,8.1711E+18,8,1,11,0,2017,11,12,4,3,2,6,0,1,0,0,0,0,0,5.06959E+20,5.39561E+21,9.0946E+15,4.87135E+16
57526,8.17111E+18,8,3,26,74,2017,11,11,3,2,8,6,0,1,0,0,1,0,1,4.70573E+20,5.32435E+21,8.60497E+15,4.80717E+16
57527,8.1711E+18,8,1,19,67,2017,11,14,4,3,5,3,1,1,0,0,0,0,0,5.38751E+20,5.40686E+21,9.52783E+15,4.88135E+16
57528,8.1711E+18,8,1,18,79,2017,11,4,4,3,6,7,0,1,1,0,0,2,0,5.09899E+20,5.42227E+21,9.13521E+15,4.89533E+16
57529,8.17111E+18,8,4,37,86,2017,11,15,5,3,2,2,0,1,0,0,0,0,1,5.26309E+20,5.30833E+21,9.3522E+15,4.79278E+16
57530,8.1711E+18,8,1,16,78,2017,11,21,4,3,5,3,0,1,0,0,1,2,0,5.12319E+20,5.39311E+21,9.16739E+15,4.86909E+16
57531,8.17103E+18,8,4,36,64,2017,10,4,3,3,8,1,0,1,0,0,0,2,0,5.45473E+20,5.29504E+21,9.60734E+15,4.78071E+16
57532,8.17111E+18,8,1,16,41,2017,11,13,6,3,8,1,0,1,0,0,0,0,1,5.1902E+20,5.3838E+21,9.25801E+15,4.8607E+16
57533,8.17103E+18,8,4,26,73,2017,10,19,3,3,8,1,0,1,0,0,0,2,0,5.68066E+20,5.33882E+21,9.916E+15,4.81989E+16
57534,8.17103E+18,8,4,17,79,2017,10,22,3,3,9,1,0,1,0,0,1,2,0,5.00208E+20,5.3442E+21,9.0028E+15,4.8251E+16
57535,8.17111E+18,8,1,25,98,2017,11,15,6,3,2,6,0,1,0,0,0,0,1,5.2105E+20,5.43698E+21,9.28829E+15,4.90853E+16
57536,8.17103E+18,8,3,16,37,2017,10,10,3,3,2,6,0,1,0,0,0,0,0,4.07115E+20,5.3364E+21,7.7506E+15,4.8174E+16
57537,8.17103E+18,8,3,36,69,2017,10,11,3,3,3,2,0,1,0,0,0,0,0,4.05672E+20,5.26668E+21,7.7464E+15,4.75467E+16
57538,8.17103E+18,8,3,26,3,2017,10,16,3,2,0,1,1,0,0,0,0,0,0,4.70403E+20,5.31396E+21,8.6034E+15,4.79782E+16
57539,8.17111E+18,8,2,37,40,2017,11,17,3,2,5,3,0,1,0,1,0,2,1,4.76763E+20,5.36549E+21,8.6858E+15,4.84422E+16
57540,8.17103E+18,8,3,17,146,2017,10,12,3,2,6,4,1,0,1,0,0,0,0,4.30516E+20,5.35521E+21,8.06222E+15,4.83463E+16
57541,8.17111E+18,8,4,17,31,2017,11,15,3,2,5,3,0,1,0,0,0,0,1,4.95879E+20,5.35797E+21,8.94435E+15,4.83749E+16
57542,8.17111E+18,8,3,17,96,2017,11,0,3,3,6,6,0,0,1,0,1,2,0,4.20149E+20,5.36799E+21,7.9199E+15,4.84599E+16
57543,8.17103E+18,8,3,17,96,2017,10,12,3,3,5,3,1,1,0,0,0,0,0,4.2076E+20,5.36829E+21,7.92811E+15,4.84627E+16
57544,8.17111E+18,8,1,16,19,2017,11,18,6,3,2,6,0,1,0,0,0,2,1,5.23205E+20,5.39673E+21,9.31551E+15,4.87232E+16
57545,8.17103E+18,8,3,17,141,2017,10,10,3,3,2,6,0,1,0,0,0,0,0,4.20783E+20,5.37497E+21,7.92716E+15,4.85229E+16
57546,8.17111E+18,8,1,21,0,2017,11,6,6,2,4,2,0,1,0,0,0,1,1,5.10592E+20,5.4471E+21,9.14533E+15,4.91766E+16
57547,8.17103E+18,8,3,17,57,2017,10,1,3,3,1,1,0,1,0,0,0,2,0,4.16732E+20,5.38385E+21,7.87052E+15,4.86021E+16
57548,8.17103E+18,8,3,17,8,2017,10,14,3,2,0,1,0,0,0,1,0,0,0,4.43442E+20,5.363E+21,8.23561E+15,4.84176E+16
57549,8.17103E+18,8,3,17,152,2017,10,9,3,3,2,6,0,1,0,0,0,0,0,4.08984E+20,5.34686E+21,7.77349E+15,4.82684E+16
57550,8.17103E+18,8,3,15,15,2017,10,17,3,2,5,3,0,1,0,0,0,1,0,3.98998E+20,5.31507E+21,7.64649E+15,4.7981E+16
57551,8.17103E+18,8,3,17,141,2017,10,11,3,3,3,6,0,1,0,0,0,0,0,4.21821E+20,5.37686E+21,7.94085E+15,4.85399E+16
57552,8.17111E+18,8,3,17,116,2017,11,7,3,3,2,6,0,1,0,0,0,0,0,4.33322E+20,5.38841E+21,8.09478E+15,4.86452E+16
57553,8.17103E+18,8,2,37,28,2017,10,11,3,3,5,3,0,1,0,1,0,0,0,4.5672E+20,5.3681E+21,8.41453E+15,4.84645E+16
57554,8.17111E+18,8,3,17,116,2017,11,18,3,3,5,3,0,1,0,0,0,2,0,4.33117E+20,5.3878E+21,8.09211E+15,4.86396E+16
57555,8.17103E+18,8,2,36,61,2017,10,15,3,2,8,1,0,0,0,1,0,0,0,4.89317E+20,5.43236E+21,8.85382E+15,4.90441E+16