OBJECTID,UIDENTSTLA,ULAND,UREGBEZ,UKREIS,UGEMEINDE,UJAHR,UMONAT,USTUNDE,UWOCHENTAG,UKATEGORIE,UART,UTYP1,IstRad,IstPKW,IstFuss,IstKrad,IstSonstig,LICHT,STRZUSTAND,LINREFX,LINREFY,XGCSWGS84,YGCSWGS84
57556,8.17111E+18,8,3,16,43,2017,11,12,3,3,0,3,1,1,0,0,0,0,0,4.11447E+20,5.33274E+21,7.80962E+15,4.81417E+16
57557,8.17103E+18,8,2,22,0,2017,10,17,3,3,2,6,0,1,0,0,0,2,0,4.61125E+20,5.48119E+21,8.46331E+15,4.94821E+16
57558,8.17111E+18,8,3,15,108,2017,11,17,3,3,4,3,0,1,0,0,0,2,1,4.04804E+20,5.30502E+21,7.72649E+15,4.78914E+16
57559,8.17103E+18,8,2,21,0,2017,10,1,3,3,4,6,1,0,0,0,0,2,0,4.76563E+20,5.47271E+21,8.67693E+15,4.94066E+16
57560,8.17103E+18,8,2,15,108,2017,10,10,3,3,2,6,0,1,0,0,0,0,0,4.50762E+20,5.42562E+21,8.32707E+15,4.89815E+16
57561,8.17103E+18,8,1,18,76,2017,10,21,3,2,9,1,0,1,0,0,0,2,1,4.99967E+20,5.4287E+21,8.99955E+15,4.90112E+16
57562,8.17103E+18,8,1,36,19,2017,10,17,3,2,5,3,0,1,0,0,0,2,0,5.80518E+20,5.42514E+21,1.01003E+16,4.89739E+16
57563,8.17103E+18,8,2,25,117,2017,10,16,3,1,5,3,0,1,0,1,0,0,0,5.18105E+20,5.47492E+21,9.24967E+15,4.94267E+16
57564,8.17103E+18,8,1,25,111,2017,10,2,3,1,9,1,0,1,0,0,0,2,0,5.29309E+20,5.45595E+21,9.40278E+15,4.92556E+16
57565,8.17103E+18,8,1,25,21,2017,10,13,3,3,0,7,0,0,0,1,0,0,0,5.24345E+20,5.44819E+21,9.33409E+15,4.91861E+16
57566,8.17103E+18,8,1,25,38,2017,10,5,3,3,1,5,0,1,0,0,0,2,0,5.00238E+20,5.43482E+21,9.00326E+15,4.90662E+16
57567,8.17103E+18,8,1,21,0,2017,10,14,3,3,0,6,0,1,0,0,0,0,0,5.15933E+20,5.44228E+21,9.21842E+15,4.91332E+16
57568,8.17103E+18,8,1,21,0,2017,10,15,3,3,5,3,0,1,0,0,0,0,0,5.15984E+20,5.44518E+21,9.21923E+15,4.91593E+16
57569,8.17111E+18,8,3,11,0,2017,11,19,3,3,9,1,0,1,0,0,0,2,1,4.15448E+20,5.31552E+21,7.8668E+15,4.79874E+16
57570,8.17111E+18,8,3,36,91,2017,11,15,3,3,5,3,0,1,0,1,0,0,1,3.95377E+20,5.27187E+21,7.60839E+15,4.75918E+16
57571,8.17111E+18,8,2,26,68,2017,11,10,3,3,0,7,0,1,0,0,1,0,0,4.70197E+20,5.4612E+21,8.59005E+15,4.93028E+16
57572,8.17111E+18,8,2,36,46,2017,11,7,3,3,2,6,0,1,0,0,0,1,1,4.83926E+20,5.41646E+21,8.78067E+15,4.89009E+16
57573,8.17111E+18,8,2,15,7,2017,11,13,3,3,4,6,0,1,0,0,0,0,0,4.73966E+20,5.43006E+21,8.64389E+15,4.90229E+16
57574,8.17103E+18,8,1,19,42,2017,10,12,3,3,5,3,0,1,0,1,0,0,0,5.27548E+20,5.41614E+21,9.37587E+15,4.88976E+16
57575,8.17111E+18,8,4,21,0,2017,11,17,5,2,4,7,0,1,0,0,0,2,1,5.71785E+20,5.35918E+21,9.9695E+15,4.83817E+16
57576,8.17103E+18,8,4,37,86,2017,10,20,2,3,8,1,0,1,0,0,0,2,0,5.2615E+20,5.31288E+21,9.35034E+15,4.79687E+16
57577,8.17111E+18,8,1,11,0,2017,11,8,6,3,5,2,0,1,0,1,0,0,0,5.08876E+20,5.39745E+21,9.1207E+15,4.873E+16
57578,8.17103E+18,8,4,36,81,2017,10,14,2,3,5,2,1,0,0,0,1,0,0,5.62962E+20,5.28129E+21,9.83891E+15,4.76819E+16
57579,8.17103E+18,8,4,37,47,2017,10,9,2,2,4,6,0,1,0,0,1,0,0,5.21028E+20,5.3395E+21,9.28304E+15,4.82084E+16
57580,8.17111E+18,8,1,18,11,2017,11,18,6,3,0,7,0,0,0,1,0,2,1,5.05663E+20,5.40779E+21,9.07716E+15,4.88231E+16
57581,8.17103E+18,8,4,21,0,2017,10,8,2,3,1,6,0,0,0,0,1,0,0,5.69336E+20,5.36391E+21,9.93722E+15,4.84245E+16
57582,8.17103E+18,8,4,17,25,2017,10,14,2,3,8,7,0,0,0,1,0,0,0,4.86538E+20,5.35681E+21,8.81825E+15,4.83643E+16
57583,8.17103E+18,8,4,16,36,2017,10,9,2,3,0,3,0,1,0,0,0,0,0,4.86392E+20,5.36891E+21,8.81588E+15,4.84731E+16
57584,8.17103E+18,8,4,15,87,2017,10,3,2,3,9,1,0,1,0,0,0,2,0,5.13128E+20,5.38263E+21,9.17805E+15,4.85967E+16
57585,8.17111E+18,8,2,12,0,2017,11,18,3,3,5,3,1,1,0,0,0,2,1,4.52757E+20,5.42952E+21,8.35388E+15,4.90168E+16
57586,8.17103E+18,8,4,16,48,2017,10,19,2,3,2,6,0,1,0,0,0,2,0,4.97493E+20,5.37559E+21,8.96604E+15,4.85334E+16
57587,8.17111E+18,8,2,15,108,2017,11,17,3,2,6,4,0,1,1,0,0,1,0,4.47445E+20,5.42374E+21,8.28198E+15,4.89644E+16
57588,8.17103E+18,8,3,25,11,2017,10,2,2,3,2,6,0,1,0,0,0,2,1,4.73817E+20,5.34117E+21,8.64748E+15,4.82232E+16
57589,8.17111E+18,8,2,12,0,2017,11,16,3,3,2,6,0,1,0,0,1,0,0,4.55839E+20,5.43073E+21,8.39589E+15,4.90279E+16
57590,8.17103E+18,8,3,16,17,2017,10,8,2,3,2,6,0,1,0,0,0,0,0,4.06813E+20,5.33976E+21,7.7458E+15,4.82043E+16
57591,8.17103E+18,8,3,37,2,2017,10,6,2,3,2,6,0,1,0,0,0,1,0,4.33054E+20,5.27038E+21,8.10968E+15,4.75834E+16
57592,8.17103E+18,8,3,35,75,2017,10,21,2,3,0,7,1,0,0,0,0,2,0,4.88226E+20,5.28839E+21,8.84293E+15,4.77488E+16
57593,8.17103E+18,8,3,35,43,2017,10,5,2,3,5,3,1,1,0,0,0,2,1,5.13669E+20,5.28017E+21,9.1821E+15,4.76748E+16
57594,8.17103E+18,8,3,35,43,2017,10,5,2,2,5,2,0,1,0,0,0,2,1,5.12125E+20,5.27873E+21,9.1615E+15,4.76619E+16
57595,8.17103E+18,8,3,26,27,2017,10,20,2,3,8,1,0,1,0,0,0,2,0,4.60865E+20,5.30379E+21,8.47652E+15,4.78863E+16
57596,8.17103E+18,8,3,17,65,2017,10,9,2,3,2,6,0,1,0,0,0,0,0,4.11204E+20,5.35763E+21,7.80113E+15,4.83656E+16
57597,8.17103E+18,8,3,11,0,2017,10,21,2,3,0,2,1,1,0,0,0,2,0,4.14755E+20,5.31906E+21,7.8568E+15,4.80191E+16
57598,8.17103E+18,8,3,15,133,2017,10,16,2,3,5,3,0,1,0,0,1,0,0,3.9645E+20,5.32408E+21,7.61017E+15,4.80616E+16
57599,8.17112E+18,8,4,37,88,2017,11,13,6,3,8,1,0,0,0,0,1,0,1,5.2269E+20,5.30371E+21,9.30351E+15,4.78863E+16
57600,8.17112E+18,8,1,11,0,2017,11,23,6,3,3,6,0,1,0,0,0,2,0,5.17495E+20,5.40405E+21,9.23818E+15,4.87892E+16
57601,8.17112E+18,8,4,36,78,2017,11,6,6,3,2,2,0,1,0,0,1,2,0,5.57754E+20,5.29193E+21,9.77094E+15,4.77782E+16
57602,8.17112E+18,8,1,11,0,2017,11,7,6,3,2,6,0,1,0,0,1,0,1,5.13208E+20,5.40643E+21,9.1799E+15,4.88107E+16
57603,8.17112E+18,8,4,36,55,2017,11,15,6,3,5,3,0,1,0,0,0,0,1,5.73523E+20,5.29638E+21,9.98215E+15,4.78165E+16
57604,8.17112E+18,8,1,11,0,2017,11,8,6,3,3,6,0,1,0,0,1,0,1,5.12934E+20,5.40721E+21,9.17619E+15,4.88177E+16
57605,8.17112E+18,8,1,11,0,2017,11,14,6,3,2,6,0,1,0,0,1,0,1,5.12093E+20,5.40493E+21,9.16467E+15,4.87972E+16
57606,8.17112E+18,8,4,26,134,2017,11,10,6,2,5,3,0,1,0,0,0,0,1,5.58528E+20,5.33518E+21,9.78716E+15,4.81672E+16
57607,8.17112E+18,8,1,11,0,2017,11,12,6,3,3,6,0,1,0,0,0,0,0,5.11738E+20,5.40201E+21,9.15974E+15,4.8771E+16
57608,8.17112E+18,8,1,11,0,2017,11,6,6,3,3,6,0,1,0,0,0,2,1,5.17292E+20,5.40331E+21,9.2354E+15,4.87825E+16
57609,8.17112E+18,8,4,26,71,2017,11,19,6,2,5,3,0,1,0,0,0,2,1,5.6405E+20,5.32874E+21,9.86044E+15,4.81087E+16
57610,8.17112E+18,8,4,37,107,2017,11,12,5,3,5,3,1,1,0,0,0,0,1,5.05785E+20,5.33002E+21,9.07773E+15,4.81234E+16
57611,8.17112E+18,8,4,35,52,2017,11,8,5,2,4,6,0,1,0,0,0,0,0,5.22885E+20,5.29109E+21,9.30546E+15,4.77728E+16
57612,8.17112E+18,8,4,21,0,2017,11,18,5,3,5,3,0,1,0,0,0,2,0,5.69975E+20,5.35839E+21,9.94493E+15,4.83748E+16
57613,8.17112E+18,8,4,25,19,2017,11,7,5,3,5,3,0,1,0,0,1,1,1,5.75865E+20,5.37231E+21,1.0027E+16,4.84993E+16
57614,8.17112E+18,8,4,17,8,2017,11,12,5,3,0,7,0,1,1,0,0,0,0,4.9382E+20,5.35095E+21,8.91664E+15,4.83117E+16
57615,8.17112E+18,8,4,16,36,2017,11,16,5,3,3,2,1,1,0,0,0,2,0,4.93462E+20,5.36362E+21,8.91162E+15,4.84257E+16
57616,8.17112E+18,8,4,16,36,2017,11,11,5,3,5,3,0,1,0,0,0,0,0,4.96275E+20,5.36858E+21,8.94961E+15,4.84703E+16
57617,8.17112E+18,8,3,37,65,2017,11,17,5,3,1,6,0,1,0,0,1,2,0,4.48938E+20,5.27584E+21,8.32027E+15,4.7634E+16
57618,8.17112E+18,8,3,37,127,2017,11,0,5,2,8,1,0,0,0,0,1,2,0,4.57435E+20,5.29819E+21,8.43119E+15,4.78357E+16
57619,8.17112E+18,8,3,35,22,2017,11,18,5,3,2,6,0,1,0,0,0,2,0,4.82936E+20,5.30033E+21,8.77187E+15,4.7856E+16
57620,8.17112E+18,8,3,26,41,2017,11,23,5,3,4,6,0,1,0,0,0,2,0,4.65049E+20,5.33104E+21,8.53026E+15,4.81317E+16
57621,8.17112E+18,8,3,26,74,2017,11,17,5,3,2,6,0,1,0,0,0,2,0,4.5991E+20,5.32261E+21,8.462E+15,4.80555E+16
57622,8.17112E+18,8,3,26,74,2017,11,16,5,3,2,2,0,1,0,0,0,0,0,4.65637E+20,5.3251E+21,8.53864E+15,4.80783E+16
57623,8.17112E+18,8,3,25,53,2017,11,15,5,3,4,6,0,1,0,0,0,0,0,4.53757E+20,5.34362E+21,8.37714E+15,4.82441E+16
57624,8.17112E+18,8,3,17,57,2017,11,17,5,3,5,2,0,1,0,0,0,2,1,4.13385E+20,5.38059E+21,7.82581E+15,4.85724E+16
57625,8.17112E+18,8,3,17,110,2017,11,18,5,1,6,4,0,1,1,0,0,2,0,4.27223E+20,5.38207E+21,8.01311E+15,4.85875E+16
57626,8.17112E+18,8,3,15,22,2017,11,19,5,3,5,3,0,1,0,0,0,2,0,3.97169E+20,5.30027E+21,7.62551E+15,4.78476E+16
57627,8.17112E+18,8,3,15,6,2017,11,7,5,3,2,1,0,1,0,0,0,0,0,4.00599E+20,5.31174E+21,7.66871E+15,4.79513E+16
57628,8.17112E+18,8,2,26,32,2017,11,16,5,2,2,6,0,1,0,0,0,2,0,4.64048E+20,5.4644E+21,8.50518E+15,4.93313E+16
57629,8.17112E+18,8,2,35,46,2017,11,18,5,3,4,1,0,1,0,0,0,2,0,4.81559E+20,5.37825E+21,8.75009E+15,4.85571E+16
57630,8.17112E+18,8,2,35,85,2017,11,13,5,3,2,6,0,1,0,0,0,0,0,4.81052E+20,5.39552E+21,8.74242E+15,4.87124E+16
57631,8.17112E+18,8,2,35,85,2017,11,11,5,3,2,6,0,1,0,0,1,0,0,4.80912E+20,5.39585E+21,8.74051E+15,4.87154E+16
57632,8.17112E+18,8,2,36,75,2017,11,13,5,3,4,6,0,1,0,1,0,0,0,4.81674E+20,5.42515E+21,8.74956E+15,4.8979E+16
57633,8.17112E+18,8,2,26,85,2017,11,18,5,3,2,6,0,1,0,0,1,2,0,4.87392E+20,5.45452E+21,8.82678E+15,4.92433E+16
57634,8.17112E+18,8,2,16,8,2017,11,20,5,3,0,6,0,1,0,1,0,2,0,4.40601E+20,5.39228E+21,8.19304E+15,4.86807E+16
57635,8.17112E+18,8,2,11,0,2017,11,11,5,3,5,3,0,1,0,1,0,0,0,4.42509E+20,5.40308E+21,8.21746E+15,4.87781E+16
57636,8.17112E+18,8,3,17,1,2017,11,21,5,2,4,1,0,1,0,0,0,2,1,4.33938E+20,5.38306E+21,8.104E+15,4.85972E+16
57637,8.17112E+18,8,4,25,137,2017,11,17,6,2,1,6,0,1,0,1,0,2,0,5.74046E+20,5.3544E+21,9.99919E+15,4.83384E+16
57638,8.17112E+18,8,4,16,36,2017,11,17,6,3,4,6,0,1,0,0,0,2,1,4.92132E+20,5.36954E+21,8.89353E+15,4.84789E+16
57639,8.17112E+18,8,4,16,36,2017,11,9,6,3,5,3,0,1,0,0,0,0,1,4.96671E+20,5.36922E+21,8.95495E+15,4.84761E+16
57640,8.17112E+18,8,1,18,51,2017,11,13,5,3,2,6,0,1,0,0,0,0,0,5.10624E+20,5.41456E+21,9.14492E+15,4.88839E+16
57641,8.17112E+18,8,1,36,88,2017,11,17,5,3,5,3,0,1,0,0,0,2,0,5.80617E+20,5.41328E+21,1.00993E+16,4.88672E+16
57642,8.17112E+18,8,4,16,25,2017,11,18,6,1,1,6,0,1,0,1,0,2,1,5.02885E+20,5.36059E+21,9.03897E+15,4.83984E+16
57643,8.17112E+18,8,2,25,114,2017,11,19,5,2,2,1,0,1,0,0,0,2,0,5.34154E+20,5.47199E+21,9.47073E+15,4.93996E+16
57644,8.17112E+18,8,1,27,86,2017,11,16,5,2,2,6,0,1,0,0,0,1,0,5.51258E+20,5.44804E+21,9.70338E+15,4.9183E+16
57645,8.17112E+18,8,4,15,59,2017,11,14,6,3,9,1,0,1,0,0,0,0,0,5.17983E+20,5.36585E+21,9.24318E+15,4.84455E+16
57646,8.17112E+18,8,4,36,82,2017,11,14,6,2,5,3,1,1,0,0,0,0,0,5.47529E+20,5.29461E+21,9.63475E+15,4.78031E+16
57647,8.17112E+18,8,4,35,35,2017,11,16,6,2,0,2,1,1,0,0,0,0,0,5.42249E+20,5.28285E+21,9.56309E+15,4.76977E+16
57648,8.17112E+18,8,1,27,89,2017,11,7,5,2,6,4,0,1,1,0,0,1,0,5.64273E+20,5.43742E+21,9.88027E+15,4.90863E+16
57649,8.17112E+18,8,1,25,102,2017,11,7,5,3,6,4,0,1,1,0,0,0,0,5.21932E+20,5.44415E+21,9.30075E+15,4.91498E+16
57650,8.17112E+18,8,4,35,57,2017,11,12,6,3,5,3,1,1,0,0,0,0,0,5.44548E+20,5.27986E+21,9.59343E+15,4.76706E+16
57651,8.17112E+18,8,1,25,65,2017,11,8,5,3,2,6,0,1,0,0,0,0,0,5.17719E+20,5.44751E+21,9.24314E+15,4.91802E+16
57652,8.17112E+18,8,1,19,20,2017,11,13,5,3,5,3,0,1,0,1,0,0,0,5.19016E+20,5.41056E+21,9.25919E+15,4.88477E+16
57653,8.17112E+18,8,3,26,74,2017,11,23,6,3,2,3,0,1,0,0,1,2,1,4.6799E+20,5.323E+21,8.57039E+15,4.80595E+16
57654,8.17112E+18,8,1,18,73,2017,11,17,5,3,2,7,0,1,0,0,0,2,0,4.99663E+20,5.41846E+21,8.9954E+15,4.89191E+16
57655,8.17112E+18,8,1,18,67,2017,11,8,5,3,4,2,0,1,0,0,0,0,0,5.06005E+20,5.41414E+21,9.0819E+15,4.88802E+16
57656,8.17112E+18,8,3,26,3,2017,11,7,6,3,2,6,0,1,0,0,0,1,1,4.65778E+20,5.32147E+21,8.54083E+15,4.80456E+16
57657,8.17112E+18,8,1,18,49,2017,11,16,5,3,6,2,0,1,1,0,0,1,0,5.18984E+20,5.42071E+21,9.25923E+15,4.8939E+16
57658,8.17112E+18,8,1,18,49,2017,11,22,5,3,0,7,0,0,0,1,0,2,0,5.18492E+20,5.42154E+21,9.25256E+15,4.89465E+16
57659,8.17112E+18,8,1,18,27,2017,11,17,5,2,6,4,0,1,1,0,0,2,0,5.01953E+20,5.41303E+21,9.02664E+15,4.88702E+16
57660,8.17112E+18,8,1,18,48,2017,11,8,5,3,2,6,0,1,0,0,0,0,0,5.13193E+20,5.41529E+21,9.17998E+15,4.88905E+16
57661,8.17112E+18,8,1,15,45,2017,11,9,5,1,0,7,0,1,0,0,1,0,0,5.03467E+20,5.39443E+21,9.04712E+15,4.87029E+16
57662,8.17112E+18,8,1,16,68,2017,11,6,5,3,1,6,0,1,0,0,0,1,0,5.26699E+20,5.39062E+21,9.36263E+15,4.8668E+16
57663,8.17112E+18,8,1,16,77,2017,11,12,5,2,9,1,0,1,0,0,0,0,0,5.19324E+20,5.3902E+21,9.26244E+15,4.86646E+16
57664,8.17112E+18,8,1,15,50,2017,11,21,5,2,7,7,0,1,0,0,0,2,1,4.88228E+20,5.40281E+21,8.83976E+15,4.87781E+16
57665,8.17112E+18,8,1,15,3,2017,11,13,5,3,3,6,0,1,0,0,0,0,0,5.02343E+20,5.39404E+21,9.03185E+15,4.86994E+16
57666,8.17112E+18,8,4,36,81,2017,11,10,4,3,0,1,1,0,0,0,0,0,1,5.62731E+20,5.28196E+21,9.83592E+15,4.7688E+16
57667,8.17112E+18,8,4,36,64,2017,11,9,4,3,2,6,0,1,0,0,0,0,0,5.41453E+20,5.29073E+21,9.55324E+15,4.77686E+16
57668,8.17112E+18,8,4,17,54,2017,11,7,4,3,4,6,0,1,0,0,1,0,0,4.75645E+20,5.3495E+21,8.67161E+15,4.82982E+16
57669,8.17112E+18,8,4,17,16,2017,11,5,4,3,4,2,0,1,0,0,0,2,1,4.84054E+20,5.34157E+21,8.78529E+15,4.82272E+16
57670,8.17112E+18,8,4,15,50,2017,11,17,4,2,6,4,0,1,1,0,0,2,0,5.21397E+20,5.37569E+21,9.28984E+15,4.85339E+16
57671,8.17112E+18,8,4,15,90,2017,11,13,4,3,8,1,0,1,0,0,0,0,0,5.23796E+20,5.35239E+21,9.32102E+15,4.83243E+16
57672,8.17112E+18,8,4,15,50,2017,11,18,4,3,2,6,0,1,0,0,0,2,0,5.19968E+20,5.37433E+21,9.27043E+15,4.85218E+16
57673,8.17112E+18,8,3,25,53,2017,11,13,6,3,0,2,0,1,1,0,0,0,1,4.5444E+20,5.34187E+21,8.38653E+15,4.82285E+16
57674,8.17112E+18,8,3,25,45,2017,11,12,6,2,4,6,0,1,0,0,1,0,1,4.71701E+20,5.34787E+21,8.61854E+15,4.82834E+16
57675,8.17112E+18,8,3,17,34,2017,11,7,6,3,5,3,0,1,0,0,0,1,1,4.26085E+20,5.36296E+21,8.00106E+15,4.84155E+16
57676,8.17112E+18,8,2,26,91,2017,11,18,3,3,8,1,0,1,0,0,0,2,1,4.92277E+20,5.45886E+21,8.89381E+15,4.92825E+16
57677,8.17112E+18,8,2,25,109,2017,11,18,3,3,2,6,0,1,0,0,0,2,1,5.23164E+20,5.49578E+21,9.32066E+15,4.96141E+16
57678,8.17112E+18,8,2,22,0,2017,11,16,3,3,2,6,0,1,0,0,0,0,0,4.68591E+20,5.47911E+21,8.56653E+15,4.94638E+16
57679,8.17112E+18,8,2,22,0,2017,11,19,3,3,1,6,0,1,0,0,0,2,1,4.65428E+20,5.48023E+21,8.52278E+15,4.94737E+16
57680,8.17112E+18,8,3,27,50,2017,11,7,4,3,6,4,0,1,1,0,0,1,0,4.86847E+20,5.31469E+21,8.82373E+15,4.79854E+16
57681,8.17112E+18,8,2,26,82,2017,11,8,3,2,4,1,0,1,0,0,0,0,1,4.80086E+20,5.48153E+21,8.72506E+15,4.94861E+16
57682,8.17112E+18,8,2,21,0,2017,11,17,3,3,2,6,0,1,0,0,0,2,1,4.77178E+20,5.46847E+21,8.68565E+15,4.93685E+16
57683,8.17112E+18,8,2,21,0,2017,11,15,3,3,1,6,0,1,0,0,0,0,1,4.77432E+20,5.4675E+21,8.6892E+15,4.93598E+16
57684,8.17112E+18,8,2,16,7,2017,11,7,3,3,2,6,0,1,0,0,0,0,1,4.35428E+20,5.39511E+21,8.12233E+15,4.87057E+16
57685,8.17112E+18,8,2,12,0,2017,11,7,3,3,5,2,1,0,0,0,1,0,0,4.55373E+20,5.42973E+21,8.38963E+15,4.90188E+16
57686,8.17112E+18,8,2,11,0,2017,11,21,3,3,5,3,0,1,0,0,0,2,0,4.42057E+20,5.40824E+21,8.21057E+15,4.88244E+16
57687,8.17112E+18,8,3,17,150,2017,11,13,6,3,5,3,0,1,0,0,0,0,0,4.08198E+20,5.35571E+21,7.76097E+15,4.83479E+16
57688,8.17112E+18,8,3,26,10,2017,11,12,4,3,4,2,0,1,0,0,0,0,0,4.65817E+20,5.32567E+21,8.54102E+15,4.80834E+16
57689,8.17112E+18,8,1,18,53,2017,11,8,3,3,3,6,0,1,0,0,0,0,0,5.17285E+20,5.42789E+21,9.23634E+15,4.90036E+16
57690,8.17112E+18,8,3,26,17,2017,11,15,4,3,6,4,0,1,1,0,0,0,0,4.40699E+20,5.32247E+21,8.20422E+15,4.80528E+16
57691,8.17112E+18,8,3,36,50,2017,11,17,6,3,2,6,0,1,0,0,0,2,0,3.99242E+20,5.27554E+21,7.65894E+15,4.76254E+16
57692,8.17112E+18,8,3,25,14,2017,11,16,4,3,4,2,0,1,0,0,0,0,0,4.63076E+20,5.34118E+21,8.50287E+15,4.82228E+16
57693,8.17112E+18,8,4,21,0,2017,11,15,3,3,2,6,0,1,0,0,1,0,0,5.72395E+20,5.36389E+21,9.97855E+15,4.8424E+16
57694,8.17112E+18,8,3,17,41,2017,11,7,4,3,4,6,0,1,0,0,0,1,0,4.35238E+20,5.34781E+21,8.12709E+15,4.82801E+16
57695,8.17112E+18,8,2,26,10,2017,11,13,6,3,2,6,0,1,0,0,0,0,0,4.82166E+20,5.45815E+21,8.75482E+15,4.92759E+16
57696,8.17112E+18,8,3,17,65,2017,11,17,4,3,6,2,0,1,1,0,0,2,0,4.16291E+20,5.35445E+21,7.87043E+15,4.83377E+16
57697,8.17112E+18,8,2,36,71,2017,11,7,4,3,2,6,0,1,0,0,0,0,0,4.6657E+20,5.42044E+21,8.54352E+15,4.8936E+16
57698,8.17112E+18,8,1,27,8,2017,11,17,3,3,3,6,1,0,0,0,1,2,1,5.68299E+20,5.45976E+21,9.9392E+15,4.92868E+16
57699,8.17112E+18,8,2,16,43,2017,11,22,4,3,2,7,0,1,0,0,0,2,1,4.44434E+20,5.41197E+21,8.24245E+15,4.88582E+16
57700,8.17112E+18,8,2,37,54,2017,11,16,4,3,6,4,0,1,1,0,0,0,0,4.68036E+20,5.37482E+21,8.56709E+15,4.85257E+16
57701,8.17112E+18,8,1,27,14,2017,11,17,3,2,4,7,0,1,0,0,0,2,1,5.78151E+20,5.44287E+21,1.00714E+16,4.91336E+16
57702,8.17112E+18,8,2,35,47,2017,11,18,4,3,5,3,0,1,0,0,0,2,0,4.77364E+20,5.38957E+21,8.69262E+15,4.86588E+16
57703,8.17112E+18,8,2,35,85,2017,11,17,4,2,2,6,0,1,0,0,0,2,0,4.83145E+20,5.39557E+21,8.77087E+15,4.87129E+16
57704,8.17112E+18,8,2,31,0,2017,11,18,4,3,4,2,0,1,0,0,0,2,0,4.7481E+20,5.41682E+21,8.65626E+15,4.89038E+16
57705,8.17112E+18,8,2,36,46,2017,11,8,4,3,2,6,0,1,0,0,0,0,0,4.83596E+20,5.41691E+21,8.77616E+15,4.89049E+16
57706,8.17112E+18,8,2,36,4,2017,11,8,4,3,5,3,0,1,0,0,0,0,0,4.69828E+20,5.41313E+21,8.58855E+15,4.88704E+16
57707,8.17112E+18,8,2,26,82,2017,11,13,4,3,9,7,0,1,0,0,1,0,0,4.75307E+20,5.48019E+21,8.65915E+15,4.94739E+16
57708,8.17112E+18,8,2,25,58,2017,11,17,4,3,5,3,0,1,0,1,0,2,0,5.11185E+20,5.46724E+21,9.15402E+15,4.93578E+16
57709,8.17112E+18,8,2,26,98,2017,11,13,6,3,2,6,0,1,0,0,0,0,0,4.7877E+20,5.45849E+21,8.70811E+15,4.92788E+16
57710,8.17112E+18,8,2,22,0,2017,11,7,6,2,2,6,0,0,0,0,1,1,0,4.61262E+20,5.48917E+21,8.46442E+15,4.95539E+16
57711,8.17112E+18,8,2,26,96,2017,11,16,6,3,3,7,0,1,0,0,1,1,0,4.73083E+20,5.48822E+21,8.6279E+15,4.9546E+16
57712,8.17112E+18,8,2,21,0,2017,11,17,4,3,2,6,0,1,0,0,0,2,0,4.83036E+20,5.47371E+21,8.76611E+15,4.94158E+16
57713,8.17112E+18,8,2,26,38,2017,11,17,4,3,0,6,0,0,0,1,1,1,0,4.71199E+20,5.48213E+21,8.6023E+15,4.94912E+16
57714,8.17112E+18,8,2,15,7,2017,11,16,4,3,2,6,0,1,0,0,0,2,0,4.79581E+20,5.43115E+21,8.72064E+15,4.90329E+16
57715,8.17112E+18,8,2,12,0,2017,11,18,4,3,2,6,0,1,0,0,0,2,0,4.59381E+20,5.42802E+21,8.44461E+15,4.90038E+16
57716,8.17112E+18,8,2,11,0,2017,11,16,4,2,5,2,0,1,0,0,1,2,1,4.39912E+20,5.40608E+21,8.18167E+15,4.88048E+16
57717,8.17112E+18,8,1,15,13,2017,11,16,4,3,2,6,0,1,0,0,0,0,0,4.97294E+20,5.39067E+21,8.96325E+15,4.86691E+16
57718,8.17112E+18,8,1,36,42,2017,11,1,4,3,8,1,0,1,0,0,0,2,0,5.52541E+20,5.40471E+21,9.71539E+15,4.87932E+16
57719,8.17112E+18,8,2,16,7,2017,11,0,6,3,2,6,0,0,0,0,1,2,0,4.35154E+20,5.39908E+21,8.11798E+15,4.87414E+16
57720,8.17112E+18,8,2,11,0,2017,11,7,6,3,2,6,0,1,0,0,1,0,1,4.40356E+20,5.40687E+21,8.1876E+15,4.88119E+16
57721,8.17112E+18,8,2,35,32,2017,11,8,6,3,8,1,0,1,0,0,0,0,1,4.75536E+20,5.37656E+21,8.66856E+15,4.85417E+16
57722,8.17112E+18,8,2,36,74,2017,11,23,6,2,4,7,0,1,0,0,0,2,0,4.72939E+20,5.41812E+21,8.63064E+15,4.89154E+16
57723,8.17112E+18,8,1,21,0,2017,11,16,3,2,5,3,0,1,0,0,0,0,0,5.1592E+20,5.44662E+21,9.21841E+15,4.91721E+16
57724,8.17112E+18,8,1,25,5,2017,11,14,3,3,4,6,0,1,0,0,0,0,1,5.17788E+20,5.45308E+21,9.24432E+15,4.92302E+16
57725,8.17112E+18,8,1,25,74,2017,11,7,3,3,4,7,0,1,0,0,0,0,1,5.07337E+20,5.43846E+21,9.10051E+15,4.90989E+16
57726,8.17112E+18,8,1,36,21,2017,11,21,4,3,5,3,1,1,0,0,0,2,0,5.75502E+20,5.40747E+21,1.00285E+16,4.88156E+16
57727,8.17112E+18,8,1,21,0,2017,11,17,3,3,2,6,0,1,0,0,1,2,0,5.14575E+20,5.44428E+21,9.19988E+15,4.91512E+16