OBJECTID,UIDENTSTLA,ULAND,UREGBEZ,UKREIS,UGEMEINDE,UJAHR,UMONAT,USTUNDE,UWOCHENTAG,UKATEGORIE,UART,UTYP1,IstRad,IstPKW,IstFuss,IstKrad,IstSonstig,LICHT,STRZUSTAND,LINREFX,LINREFY,XGCSWGS84,YGCSWGS84
57728,8.17112E+18,8,1,36,88,2017,11,12,4,3,2,6,0,1,0,0,0,0,0,5.83736E+20,5.41545E+21,1.01422E+16,4.88864E+16
57729,8.17112E+18,8,1,28,128,2017,11,18,4,3,2,6,0,1,0,0,0,2,1,5.46008E+20,5.50238E+21,9.63765E+15,4.96722E+16
57730,8.17112E+18,8,1,18,48,2017,11,8,3,3,2,6,0,1,0,0,0,0,1,5.14187E+20,5.41656E+21,9.19358E+15,4.89018E+16
57731,8.17112E+18,8,1,27,52,2017,11,5,4,3,5,3,0,1,0,0,0,2,1,5.40666E+20,5.43603E+21,9.55683E+15,4.90758E+16
57732,8.17112E+18,8,2,31,0,2017,11,19,6,3,4,2,0,1,0,0,0,2,0,4.75784E+20,5.41501E+21,8.66966E+15,4.88875E+16
57733,8.17112E+18,8,1,26,28,2017,11,17,4,3,2,6,0,1,0,0,0,2,0,5.40672E+20,5.46011E+21,9.55935E+15,4.92924E+16
57734,8.17112E+18,8,2,26,85,2017,11,15,6,3,9,2,0,1,0,0,0,0,0,4.85882E+20,5.45463E+21,8.80602E+15,4.92443E+16
57735,8.17112E+18,8,1,25,56,2017,11,8,4,3,5,3,0,1,0,0,1,0,0,5.12947E+20,5.43632E+21,9.17729E+15,4.90796E+16
57736,8.17112E+18,8,1,25,13,2017,11,6,4,3,8,7,0,1,0,0,0,1,0,5.01116E+20,5.43959E+21,9.01529E+15,4.91092E+16
57737,8.17112E+18,8,1,21,0,2017,11,6,4,3,5,3,0,1,0,0,0,2,1,5.14154E+20,5.44128E+21,9.19399E+15,4.91242E+16
57738,8.17112E+18,8,1,25,6,2017,11,8,4,3,5,3,0,1,0,0,0,0,1,5.02907E+20,5.4559E+21,9.03995E+15,4.92559E+16
57739,8.17112E+18,8,1,18,19,2017,11,15,3,3,4,6,0,1,0,0,0,0,0,5.05082E+20,5.40668E+21,9.06922E+15,4.8813E+16
57740,8.17112E+18,8,1,19,41,2017,11,17,4,2,6,4,0,1,1,0,0,2,0,5.26555E+20,5.41E+21,9.36191E+15,4.88424E+16
57741,8.17112E+18,8,1,19,79,2017,11,15,4,3,2,6,0,1,0,0,0,0,0,5.23528E+20,5.40867E+21,9.32059E+15,4.88306E+16
57742,8.17112E+18,8,1,17,1,2017,11,13,3,3,2,2,0,1,0,0,0,0,1,5.42642E+20,5.40301E+21,9.58043E+15,4.87787E+16
57743,8.17112E+18,8,1,19,75,2017,11,16,4,3,4,6,0,1,0,0,1,1,0,5.3598E+20,5.42795E+21,9.49195E+15,4.90034E+16
57744,8.17112E+18,8,1,18,48,2017,11,9,4,3,2,6,0,1,0,0,0,0,0,5.16227E+20,5.41733E+21,9.22146E+15,4.89087E+16
57745,8.17112E+18,8,1,17,26,2017,11,10,3,3,1,6,0,1,0,0,0,0,1,5.48705E+20,5.39447E+21,9.66194E+15,4.87014E+16
57746,8.17112E+18,8,1,18,3,2017,11,10,4,3,1,7,0,1,0,0,1,0,0,5.09896E+20,5.41693E+21,9.13505E+15,4.89052E+16
57747,8.17112E+18,8,1,18,79,2017,11,14,4,3,2,6,0,1,0,0,0,0,0,5.0928E+20,5.4228E+21,9.12677E+15,4.8958E+16
57748,8.17112E+18,8,1,18,79,2017,11,16,4,3,2,6,0,1,0,0,0,1,0,5.10003E+20,5.42192E+21,9.13662E+15,4.89502E+16
57749,8.17112E+18,8,1,17,18,2017,11,12,4,3,3,3,0,1,0,1,0,0,0,5.37183E+20,5.39571E+21,9.50547E+15,4.87133E+16
57750,8.17112E+18,8,4,25,75,2017,11,18,4,3,9,1,0,1,0,0,0,2,0,5.66654E+20,5.37666E+21,9.903E+15,4.85395E+16
57751,8.17112E+18,8,1,16,22,2017,11,18,4,1,5,3,0,1,0,0,1,2,0,5.21993E+20,5.38208E+21,9.29825E+15,4.85914E+16
57752,8.17112E+18,8,1,16,56,2017,11,18,4,3,5,3,0,1,0,0,0,2,0,5.30569E+20,5.39528E+21,9.41553E+15,4.87098E+16
57753,8.17112E+18,8,1,15,41,2017,11,12,4,3,5,3,0,1,0,0,0,0,0,4.95846E+20,5.40061E+21,8.94348E+15,4.87585E+16
57754,8.17112E+18,8,1,15,52,2017,11,9,4,3,5,3,0,1,0,0,0,0,0,4.93116E+20,5.41087E+21,8.90617E+15,4.88508E+16
57755,8.17112E+18,8,1,15,50,2017,11,11,4,3,2,6,0,1,0,0,0,0,0,4.90999E+20,5.40079E+21,8.87752E+15,4.87601E+16
57756,8.17112E+18,8,1,15,3,2017,11,8,4,3,2,6,0,1,0,0,0,0,0,4.99683E+20,5.39258E+21,8.99569E+15,4.86863E+16
57757,8.17112E+18,8,1,11,0,2017,11,20,4,3,5,3,1,1,0,0,0,2,0,5.11083E+20,5.40381E+21,9.15089E+15,4.87872E+16
57758,8.17112E+18,8,1,11,0,2017,11,15,4,3,6,2,0,1,1,0,0,0,0,5.14701E+20,5.40099E+21,9.20004E+15,4.87617E+16
57759,8.17112E+18,8,1,11,0,2017,11,7,4,3,2,2,0,1,0,1,1,1,0,5.13103E+20,5.40687E+21,9.17848E+15,4.88146E+16
57760,8.17112E+18,8,1,11,0,2017,11,18,4,3,2,6,0,1,0,0,1,2,0,5.17269E+20,5.41005E+21,9.23536E+15,4.88432E+16
57761,8.17112E+18,8,2,25,9,2017,11,13,6,3,2,6,0,1,0,0,0,0,0,5.15655E+20,5.46711E+21,9.21557E+15,4.93565E+16
57762,8.17112E+18,8,2,22,0,2017,11,17,6,3,3,2,0,1,0,0,1,2,0,4.62494E+20,5.48027E+21,8.48229E+15,4.94739E+16
57763,8.17112E+18,8,2,21,0,2017,11,18,6,3,1,6,0,1,0,0,0,2,1,4.77605E+20,5.47216E+21,8.69133E+15,4.94017E+16
57764,8.17112E+18,8,2,15,82,2017,11,6,6,3,5,3,0,1,0,0,0,2,1,4.89554E+20,5.43902E+21,8.85689E+15,4.9104E+16
57765,8.17112E+18,8,1,17,26,2017,11,6,3,3,2,6,0,1,0,0,0,2,1,5.45381E+20,5.39533E+21,9.61687E+15,4.87094E+16
57766,8.17112E+18,8,1,17,24,2017,11,12,3,3,5,3,1,1,0,0,0,0,1,5.61624E+20,5.38599E+21,9.83625E+15,4.8624E+16
57767,8.17112E+18,8,1,16,72,2017,11,17,3,3,2,6,0,1,0,0,0,2,0,5.30391E+20,5.39452E+21,9.41306E+15,4.8703E+16
57768,8.17112E+18,8,1,16,77,2017,11,14,3,3,2,6,1,1,0,0,0,0,1,5.15656E+20,5.3908E+21,9.21264E+15,4.86701E+16
57769,8.17112E+18,8,1,16,19,2017,11,12,3,3,5,3,0,1,0,0,0,0,1,5.23715E+20,5.39803E+21,9.32252E+15,4.87349E+16
57770,8.17111E+18,8,4,36,81,2017,11,11,3,2,6,4,0,1,1,0,0,0,0,5.63123E+20,5.28143E+21,9.84107E+15,4.76832E+16
57771,8.17112E+18,8,2,15,7,2017,11,14,6,3,9,2,0,0,0,0,1,0,0,4.78369E+20,5.43005E+21,8.70413E+15,4.90229E+16
57772,8.17112E+18,8,2,12,0,2017,11,18,6,3,3,6,0,1,0,0,1,2,0,4.58368E+20,5.42684E+21,8.43089E+15,4.8993E+16
57773,8.17111E+18,8,4,36,9,2017,11,11,3,3,1,5,0,1,0,0,0,0,0,5.56183E+20,5.30808E+21,9.75206E+15,4.79236E+16
57774,8.17111E+18,8,4,25,33,2017,11,13,3,3,6,4,0,0,1,0,1,0,0,5.53069E+20,5.34873E+21,9.71544E+15,4.82895E+16
57775,8.17111E+18,8,3,35,75,2017,11,12,3,3,2,6,0,1,0,0,0,0,0,4.90503E+20,5.2922E+21,8.87322E+15,4.77831E+16
57776,8.17111E+18,8,3,35,35,2017,11,19,3,3,6,4,0,1,1,0,0,2,0,4.83313E+20,5.29009E+21,8.77731E+15,4.7764E+16
57777,8.17112E+18,8,1,16,15,2017,11,6,3,3,5,2,0,1,0,0,0,2,1,5.21429E+20,5.39297E+21,9.29116E+15,4.86894E+16
57778,8.17111E+18,8,3,35,35,2017,11,17,3,2,5,3,0,1,0,1,0,2,0,4.84686E+20,5.2899E+21,8.79564E+15,4.77623E+16
57779,8.17111E+18,8,3,26,74,2017,11,23,3,3,8,1,0,1,0,0,0,2,1,4.5168E+20,5.31971E+21,8.35187E+15,4.80289E+16
57780,8.17112E+18,8,1,15,28,2017,11,18,3,3,5,2,0,1,0,0,0,2,0,5.01211E+20,5.40547E+21,9.01649E+15,4.88022E+16
57781,8.17111E+18,8,3,27,49,2017,11,16,3,3,2,6,0,1,0,0,0,0,0,4.69251E+20,5.32532E+21,8.58714E+15,4.80804E+16
57782,8.17111E+18,8,3,17,1,2017,11,19,3,2,5,3,0,1,0,1,0,2,0,4.32229E+20,5.38659E+21,8.08024E+15,4.86287E+16
57783,8.17112E+18,8,1,15,15,2017,11,17,3,3,2,6,0,1,0,0,0,2,1,4.92358E+20,5.38681E+21,8.89628E+15,4.86343E+16
57784,8.17111E+18,8,3,17,59,2017,11,15,3,3,3,6,1,1,0,0,0,0,0,4.11942E+20,5.35109E+21,7.81245E+15,4.83069E+16
57785,8.17112E+18,8,1,15,21,2017,11,14,3,3,5,2,0,1,0,0,0,0,0,4.87521E+20,5.38625E+21,8.83064E+15,4.86292E+16
57786,8.17112E+18,8,1,15,44,2017,11,8,3,3,5,2,0,1,0,0,0,0,1,5.02798E+20,5.38742E+21,9.03798E+15,4.86399E+16
57787,8.17111E+18,8,3,15,15,2017,11,17,3,3,5,2,0,1,0,0,0,2,0,3.95935E+20,5.31937E+21,7.60441E+15,4.80191E+16
57788,8.17112E+18,8,1,11,0,2017,11,15,3,3,2,2,0,1,0,0,0,0,1,5.12292E+20,5.40224E+21,9.1673E+15,4.8773E+16
57789,8.17111E+18,8,2,26,10,2017,11,12,3,1,8,7,0,1,0,0,1,0,0,4.80054E+20,5.45858E+21,8.72576E+15,4.92797E+16
57790,8.17112E+18,8,3,17,1,2017,11,12,6,2,5,3,1,1,0,0,0,0,1,4.29258E+20,5.38869E+21,8.03958E+15,4.86473E+16
57791,8.17111E+18,8,2,15,103,2017,11,6,3,3,2,6,0,1,0,0,1,2,1,4.68129E+20,5.44448E+21,8.56292E+15,4.91523E+16
57792,8.17112E+18,8,1,11,0,2017,11,17,3,3,3,6,0,1,0,1,0,2,1,5.13212E+20,5.40667E+21,9.17996E+15,4.88128E+16
57793,8.17111E+18,8,2,15,46,2017,11,14,3,2,4,1,0,1,0,1,0,0,0,4.56447E+20,5.41366E+21,8.40603E+15,4.88744E+16
57794,8.17112E+18,8,2,11,0,2017,11,19,6,2,5,3,0,1,0,0,0,2,1,4.40827E+20,5.40491E+21,8.1943E+15,4.87944E+16
57795,8.17111E+18,8,2,37,40,2017,11,9,3,3,5,3,0,1,0,0,0,0,0,4.77618E+20,5.36277E+21,8.6975E+15,4.84177E+16
57796,8.17112E+18,8,1,11,0,2017,11,21,3,3,2,6,0,1,0,0,0,2,0,5.18649E+20,5.4014E+21,9.25377E+15,4.87654E+16
57797,8.17112E+18,8,1,15,13,2017,11,7,6,3,3,6,0,1,0,0,1,1,0,4.9728E+20,5.39035E+21,8.96306E+15,4.86662E+16
57798,8.17111E+18,8,2,35,20,2017,11,14,3,3,6,6,0,1,1,0,0,0,0,4.77741E+20,5.38335E+21,8.69807E+15,4.86028E+16
57799,8.17111E+18,8,2,35,80,2017,11,11,3,3,4,6,0,1,0,0,1,0,0,4.79866E+20,5.38934E+21,8.72661E+15,4.86568E+16
57800,8.17111E+18,8,2,35,65,2017,11,5,3,3,8,1,0,1,0,0,0,2,1,4.77522E+20,5.40407E+21,8.69397E+15,4.87892E+16
57801,8.17111E+18,8,2,35,84,2017,11,19,3,3,8,1,0,1,0,0,0,2,1,4.78582E+20,5.39258E+21,8.709E+15,4.86859E+16
57802,8.17111E+18,8,2,31,0,2017,11,7,3,3,2,1,0,1,0,0,0,0,1,4.79307E+20,5.41748E+21,8.7176E+15,4.89099E+16
57803,8.17111E+18,8,2,31,0,2017,11,8,3,3,2,6,0,1,0,0,0,0,0,4.78094E+20,5.41565E+21,8.70114E+15,4.88934E+16
57804,8.17111E+18,8,2,36,40,2017,11,23,3,3,8,7,0,1,0,0,0,2,1,4.88297E+20,5.41979E+21,8.84021E+15,4.89309E+16
57805,8.17112E+18,8,1,11,0,2017,11,18,3,2,2,6,0,1,0,0,0,2,0,5.16747E+20,5.4037E+21,9.22799E+15,4.8786E+16
57806,8.17111E+18,8,2,26,84,2017,11,18,3,3,2,6,0,1,0,0,0,2,0,4.69564E+20,5.47086E+21,8.5806E+15,4.93897E+16
57807,8.17111E+18,8,2,21,0,2017,11,12,3,3,6,7,0,1,1,0,0,0,0,4.76564E+20,5.47259E+21,8.67696E+15,4.94055E+16
57808,8.17111E+18,8,2,26,97,2017,11,13,3,2,8,1,0,1,0,0,0,0,0,4.87461E+20,5.46759E+21,8.82731E+15,4.93609E+16
57809,8.17111E+18,8,2,16,15,2017,11,12,3,2,2,6,0,1,0,0,0,0,0,4.48328E+20,5.40745E+21,8.29611E+15,4.88179E+16
57810,8.17111E+18,8,2,16,7,2017,11,10,3,3,5,3,1,1,0,0,0,0,0,4.3603E+20,5.39558E+21,8.13044E+15,4.871E+16
57811,8.17111E+18,8,2,15,100,2017,11,19,3,3,1,2,0,1,0,0,0,2,0,4.74426E+20,5.45064E+21,8.64889E+15,4.9208E+16
57812,8.17111E+18,8,1,18,78,2017,11,15,3,3,2,6,0,1,0,0,0,0,0,5.12798E+20,5.41962E+21,9.17473E+15,4.89294E+16
57813,8.17112E+18,8,1,15,3,2017,11,7,6,3,3,6,0,1,0,0,1,0,1,4.97781E+20,5.39218E+21,8.96986E+15,4.86826E+16
57814,8.17112E+18,8,1,15,15,2017,11,16,6,3,2,6,0,1,0,0,0,0,0,4.94686E+20,5.38738E+21,8.92787E+15,4.86394E+16
57815,8.17112E+18,8,1,15,45,2017,11,6,6,3,2,6,0,1,0,0,0,1,1,5.0261E+20,5.39879E+21,9.0355E+15,4.87421E+16
57816,8.17112E+18,8,4,36,9,2017,11,17,2,3,2,6,0,1,0,0,1,2,1,5.50923E+20,5.30719E+21,9.68155E+15,4.7916E+16
57817,8.17112E+18,8,4,36,9,2017,11,12,2,3,5,3,0,1,0,0,1,0,0,5.59441E+20,5.30316E+21,9.795E+15,4.7879E+16
57818,8.17112E+18,8,4,26,14,2017,11,6,2,3,8,7,0,1,0,0,0,1,2,5.49643E+20,5.31572E+21,9.66541E+15,4.79929E+16
57819,8.17112E+18,8,4,26,19,2017,11,6,2,3,2,6,1,0,0,0,1,2,1,5.81536E+20,5.32024E+21,1.00937E+16,4.80302E+16
57820,8.17112E+18,8,4,25,8,2017,11,18,2,3,4,2,0,1,0,0,0,2,1,5.64614E+20,5.38076E+21,9.87599E+15,4.85766E+16
57821,8.17112E+18,8,4,17,36,2017,11,14,2,3,5,3,0,1,0,0,0,0,1,5.02636E+20,5.35321E+21,9.03557E+15,4.83321E+16
57822,8.17112E+18,8,4,17,22,2017,11,8,2,3,6,7,0,1,1,0,0,0,0,4.86155E+20,5.34832E+21,8.81335E+15,4.8288E+16
57823,8.17112E+18,8,4,15,53,2017,11,9,2,1,4,6,0,1,0,0,0,0,1,5.38768E+20,5.35753E+21,9.52347E+15,4.83698E+16
57824,8.17112E+18,8,4,15,53,2017,11,14,2,3,2,6,0,1,0,0,0,0,0,5.32922E+20,5.36293E+21,9.44495E+15,4.84187E+16
57825,8.17111E+18,8,1,15,28,2017,11,16,3,3,3,6,0,1,0,0,1,2,1,5.02269E+20,5.40151E+21,9.03087E+15,4.87666E+16
57826,8.17112E+18,8,4,15,88,2017,11,10,2,3,5,3,0,1,0,0,1,0,0,5.41431E+20,5.37349E+21,9.56099E+15,4.85132E+16
57827,8.17111E+18,8,1,36,50,2017,11,17,3,3,2,6,0,1,0,0,0,2,0,5.82014E+20,5.40402E+21,1.01165E+16,4.87837E+16
57828,8.17112E+18,8,1,18,51,2017,11,19,6,3,2,6,0,1,0,0,0,2,0,5.09339E+20,5.41208E+21,9.12733E+15,4.88616E+16
57829,8.17111E+18,8,1,28,126,2017,11,7,3,3,5,3,0,1,0,0,0,0,0,5.64783E+20,5.47674E+21,9.89361E+15,4.94398E+16
57830,8.17112E+18,8,3,37,123,2017,11,17,2,3,2,6,0,1,0,0,0,2,0,4.54054E+20,5.2797E+21,8.38797E+15,4.76691E+16
57831,8.17112E+18,8,1,36,20,2017,11,6,6,3,4,2,0,1,0,0,0,1,0,5.6558E+20,5.41574E+21,9.89467E+15,4.88911E+16
57832,8.17111E+18,8,1,26,39,2017,11,6,3,3,5,3,0,1,0,0,0,2,2,5.53472E+20,5.46302E+21,9.73576E+15,4.93176E+16
57833,8.17111E+18,8,1,25,46,2017,11,8,3,3,5,3,1,1,0,0,0,0,0,5.18534E+20,5.43374E+21,9.25368E+15,4.90563E+16
57834,8.17111E+18,8,1,25,30,2017,11,14,3,3,4,2,0,1,0,0,1,0,1,5.16507E+20,5.43692E+21,9.22607E+15,4.90849E+16
57835,8.17111E+18,8,1,25,69,2017,11,18,3,3,5,3,0,1,0,0,0,2,0,5.23569E+20,5.4538E+21,9.32377E+15,4.92365E+16
57836,8.17111E+18,8,1,25,79,2017,11,17,3,3,2,6,0,1,0,0,0,1,0,5.12124E+20,5.45403E+21,9.16656E+15,4.92389E+16
57837,8.17111E+18,8,1,25,74,2017,11,7,3,3,5,3,0,1,0,0,0,1,1,5.09521E+20,5.44134E+21,9.1305E+15,4.91248E+16
57838,8.17111E+18,8,1,19,79,2017,11,6,3,3,5,2,0,1,0,1,0,2,1,5.26137E+20,5.41148E+21,9.35631E+15,4.88557E+16
57839,8.17112E+18,8,3,36,14,2017,11,11,2,3,6,4,0,1,1,0,0,0,0,3.93299E+20,5.27876E+21,7.57908E+15,4.76535E+16
57840,8.17111E+18,8,1,19,90,2017,11,17,3,3,0,1,1,0,0,0,0,2,0,5.30862E+20,5.40722E+21,9.42041E+15,4.88172E+16
57841,8.17111E+18,8,1,19,91,2017,11,7,3,3,2,6,0,1,0,0,0,0,0,5.28154E+20,5.40676E+21,9.38349E+15,4.88132E+16
57842,8.17112E+18,8,3,35,63,2017,11,7,2,3,8,1,0,1,0,0,0,1,2,5.01024E+20,5.28793E+21,9.01366E+15,4.77447E+16
57843,8.17111E+18,8,1,18,67,2017,11,18,3,3,1,6,0,1,0,0,0,2,0,5.06833E+20,5.41424E+21,9.0932E+15,4.8881E+16
57844,8.17111E+18,8,1,18,6,2017,11,18,3,3,5,3,0,1,0,1,0,2,0,5.17542E+20,5.42169E+21,9.23958E+15,4.89479E+16
57845,8.17112E+18,8,3,27,50,2017,11,11,2,3,2,2,0,1,0,0,0,0,0,4.85931E+20,5.31485E+21,8.81145E+15,4.79868E+16
57846,8.17111E+18,8,4,25,79,2017,11,5,3,3,8,1,0,1,0,0,0,2,1,5.61683E+20,5.37337E+21,9.83517E+15,4.85104E+16
57847,8.17111E+18,8,1,16,49,2017,11,7,3,3,1,6,0,1,0,0,0,0,0,5.29075E+20,5.3865E+21,9.3946E+15,4.86309E+16
57848,8.17112E+18,8,1,36,65,2017,11,14,6,3,9,1,0,1,0,0,0,0,0,5.62673E+20,5.40528E+21,9.85341E+15,4.87974E+16
57849,8.17112E+18,8,1,36,27,2017,11,16,6,2,0,7,0,0,0,0,1,2,1,5.57566E+20,5.42098E+21,9.78608E+15,4.8939E+16
57850,8.17112E+18,8,3,25,45,2017,11,17,2,2,5,3,0,1,0,0,0,2,1,4.73061E+20,5.34962E+21,8.63676E+15,4.82992E+16
57851,8.17112E+18,8,3,17,47,2017,11,7,2,3,2,6,0,1,0,0,0,1,0,4.18635E+20,5.36427E+21,7.90015E+15,4.84263E+16
57852,8.17111E+18,8,1,16,33,2017,11,17,3,3,0,7,1,0,1,0,0,2,0,5.31106E+20,5.38941E+21,9.42238E+15,4.8657E+16
57853,8.17112E+18,8,1,35,19,2017,11,14,6,3,2,6,0,1,0,0,1,0,0,5.86025E+20,5.39433E+21,1.0169E+16,4.8696E+16
57854,8.17112E+18,8,1,35,26,2017,11,5,6,3,8,1,0,1,0,0,0,2,0,5.96025E+20,5.39553E+21,1.03052E+16,4.87054E+16
57855,8.17112E+18,8,1,28,139,2017,11,12,6,3,2,6,0,1,0,0,0,0,1,5.51334E+20,5.49197E+21,9.7101E+15,4.95781E+16
57856,8.17112E+18,8,1,27,73,2017,11,17,6,3,2,2,0,1,0,0,0,2,1,5.79302E+20,5.4504E+21,1.00886E+16,4.92012E+16
57857,8.17112E+18,8,3,17,96,2017,11,21,2,3,5,3,0,1,0,0,0,2,1,4.21016E+20,5.36845E+21,7.93155E+15,4.84642E+16
57858,8.17112E+18,8,3,17,65,2017,11,16,2,3,5,2,0,0,0,0,1,2,1,4.14584E+20,5.35611E+21,7.84706E+15,4.83524E+16
57859,8.17112E+18,8,3,17,47,2017,11,18,2,3,2,6,0,1,0,0,1,2,1,4.17513E+20,5.36406E+21,7.88503E+15,4.84243E+16
57860,8.17112E+18,8,3,17,96,2017,11,7,2,3,2,6,0,1,0,0,0,1,0,4.18858E+20,5.3702E+21,7.90201E+15,4.84797E+16
57861,8.17112E+18,8,3,16,10,2017,11,12,2,2,4,2,0,1,0,1,0,0,0,4.30951E+20,5.33571E+21,8.07128E+15,4.81709E+16
57862,8.17112E+18,8,3,16,12,2017,11,17,2,2,4,1,0,1,0,0,0,1,0,4.04027E+20,5.33409E+21,7.7096E+15,4.81528E+16
57863,8.17112E+18,8,1,27,59,2017,11,12,6,3,2,2,0,1,0,0,0,0,1,5.49441E+20,5.43843E+21,9.67726E+15,4.90968E+16
57864,8.17111E+18,8,1,16,49,2017,11,15,3,3,8,7,0,1,0,0,0,0,0,5.23319E+20,5.38759E+21,9.31655E+15,4.8641E+16
57865,8.17111E+18,8,1,11,0,2017,11,18,3,3,2,6,0,1,0,0,0,2,0,5.1664E+20,5.40444E+21,9.22656E+15,4.87928E+16
57866,8.17111E+18,8,1,11,0,2017,11,22,3,3,2,6,0,1,0,0,0,2,0,5.18492E+20,5.40175E+21,9.25166E+15,4.87684E+16
57867,8.17111E+18,8,1,11,0,2017,11,18,3,3,2,6,0,1,0,0,1,2,0,5.1834E+20,5.40205E+21,9.2496E+15,4.87712E+16
57868,8.17111E+18,8,4,35,16,2017,11,7,2,3,6,4,0,1,1,0,0,2,1,5.32602E+20,5.27977E+21,9.4343E+15,4.76705E+16
57869,8.17111E+18,8,4,35,16,2017,11,7,2,3,2,3,0,1,0,0,1,0,1,5.36244E+20,5.27782E+21,9.48264E+15,4.76527E+16
57870,8.17112E+18,8,3,15,108,2017,11,18,2,3,4,2,0,1,0,0,0,2,1,4.04804E+20,5.30502E+21,7.72649E+15,4.78914E+16
57871,8.17111E+18,8,4,35,16,2017,11,13,2,2,5,3,0,1,0,0,0,0,1,5.34977E+20,5.27785E+21,9.46578E+15,4.76531E+16
57872,8.17111E+18,8,4,26,21,2017,11,7,2,3,2,6,0,1,0,0,1,1,1,5.60495E+20,5.32448E+21,9.81209E+15,4.80707E+16
57873,8.17112E+18,8,2,12,0,2017,11,20,2,3,5,2,0,1,0,0,1,2,1,4.59099E+20,5.42961E+21,8.4406E+15,4.9018E+16
57874,8.17111E+18,8,4,26,97,2017,11,13,2,1,5,3,0,1,0,1,0,0,0,5.35752E+20,5.33493E+21,9.48083E+15,4.81666E+16
57875,8.17111E+18,8,4,15,61,2017,11,7,2,3,2,6,0,1,0,0,1,1,1,5.16341E+20,5.37235E+21,9.22122E+15,4.8504E+16
57876,8.17112E+18,8,2,15,84,2017,11,6,2,2,5,3,1,1,0,0,0,2,0,4.73022E+20,5.44875E+21,8.62974E+15,4.9191E+16
57877,8.17111E+18,8,4,15,61,2017,11,11,2,3,5,3,1,1,0,0,0,0,1,5.14975E+20,5.3756E+21,9.20286E+15,4.85333E+16
57878,8.17112E+18,8,2,31,0,2017,11,19,2,3,4,6,0,1,0,0,0,2,0,4.73619E+20,5.41801E+21,8.63994E+15,4.89145E+16
57879,8.17111E+18,8,3,16,43,2017,11,9,2,3,3,6,0,1,0,0,0,0,1,4.09926E+20,5.32915E+21,7.78994E+15,4.81092E+16
57880,8.17111E+18,8,3,36,79,2017,11,15,2,3,5,3,0,1,0,0,0,0,0,4.18033E+20,5.29447E+21,7.90544E+15,4.77984E+16
57881,8.17111E+18,8,3,35,98,2017,11,11,2,1,4,6,0,1,0,0,1,0,1,5.04566E+20,5.29748E+21,9.06101E+15,4.78307E+16
57882,8.17111E+18,8,3,35,77,2017,11,16,2,3,4,6,0,1,0,0,0,0,0,4.90397E+20,5.29539E+21,8.87174E+15,4.78118E+16
57883,8.17111E+18,8,3,26,37,2017,11,16,2,3,9,7,0,1,0,0,0,0,1,4.57313E+20,5.32682E+21,8.42672E+15,4.80932E+16
57884,8.17111E+18,8,3,26,10,2017,11,7,2,3,6,4,0,1,1,0,0,1,1,4.66576E+20,5.32642E+21,8.55115E+15,4.80902E+16
57885,8.17111E+18,8,3,25,53,2017,11,6,2,3,4,6,0,1,0,0,0,2,2,4.50105E+20,5.33421E+21,8.32906E+15,4.81591E+16
57886,8.17111E+18,8,4,17,79,2017,11,16,2,2,6,4,0,1,1,0,0,1,1,5.01329E+20,5.34436E+21,9.0179E+15,4.82525E+16
57887,8.17112E+18,8,2,36,38,2017,11,7,2,2,4,2,0,1,0,0,0,1,0,4.84109E+20,5.4262E+21,8.78278E+15,4.89885E+16
57888,8.17111E+18,8,3,25,49,2017,11,18,2,1,0,1,0,0,0,0,1,2,0,4.70864E+20,5.3365E+21,8.60804E+15,4.81811E+16
57889,8.17111E+18,8,3,17,40,2017,11,12,2,3,2,6,0,1,0,0,0,0,1,4.30609E+20,5.34933E+21,8.06445E+15,4.82934E+16
57890,8.17112E+18,8,2,31,0,2017,11,17,2,3,0,1,0,0,0,1,0,2,1,4.78172E+20,5.41103E+21,8.70245E+15,4.88519E+16
57891,8.17111E+18,8,3,17,129,2017,11,12,2,3,5,3,0,1,0,0,0,0,1,4.30067E+20,5.35096E+21,8.05687E+15,4.83079E+16
57892,8.17111E+18,8,3,17,96,2017,11,12,2,3,2,6,0,1,0,0,0,0,1,4.22982E+20,5.37268E+21,7.95735E+15,4.85025E+16
57893,8.17111E+18,8,3,17,65,2017,11,9,2,2,9,1,0,1,0,0,0,0,1,4.14198E+20,5.35779E+21,7.84151E+15,4.83674E+16
57894,8.17111E+18,8,3,17,65,2017,11,7,2,3,3,6,0,1,0,0,1,0,1,4.1081E+20,5.35698E+21,7.79595E+15,4.83597E+16
57895,8.17111E+18,8,3,17,96,2017,11,18,2,2,6,6,1,0,1,0,0,2,1,4.22127E+20,5.36953E+21,7.94637E+15,4.84741E+16
57896,8.17112E+18,8,1,26,66,2017,11,9,6,3,4,2,0,1,0,0,0,0,1,5.35897E+20,5.45048E+21,9.49282E+15,4.9206E+16
57897,8.17112E+18,8,1,25,94,2017,11,20,6,2,0,1,0,0,0,1,0,2,0,5.14026E+20,5.43703E+21,9.1921E+15,4.90859E+16
57898,8.17112E+18,8,2,36,40,2017,11,20,2,3,2,6,0,1,0,0,0,2,0,4.88033E+20,5.42168E+21,8.83655E+15,4.89479E+16
57899,8.17112E+18,8,2,26,84,2017,11,17,2,3,5,3,0,1,0,0,1,2,1,4.68093E+20,5.46964E+21,8.56043E+15,4.93786E+16