OBJECTID,UIDENTSTLA,ULAND,UREGBEZ,UKREIS,UGEMEINDE,UJAHR,UMONAT,USTUNDE,UWOCHENTAG,UKATEGORIE,UART,UTYP1,IstRad,IstPKW,IstFuss,IstKrad,IstSonstig,LICHT,STRZUSTAND,LINREFX,LINREFY,XGCSWGS84,YGCSWGS84
58073,8.17111E+18,8,3,15,76,2017,11,14,7,3,2,6,0,1,0,0,0,0,1,3.92018E+20,5.29674E+21,7.55757E+15,4.78149E+16
58074,8.17111E+18,8,3,15,76,2017,11,14,7,3,5,3,0,1,0,0,0,0,0,3.91996E+20,5.29672E+21,7.55728E+15,4.78148E+16
58075,8.17112E+18,8,3,26,3,2017,11,12,7,3,2,6,0,1,0,0,0,0,0,4.64335E+20,5.31957E+21,8.52162E+15,4.80285E+16
58076,8.17111E+18,8,2,15,97,2017,11,6,7,2,9,1,0,1,0,0,0,2,1,4.79214E+20,5.43888E+21,8.71523E+15,4.91025E+16
58077,8.17111E+18,8,2,12,0,2017,11,17,7,3,2,1,0,1,0,0,1,2,1,4.53392E+20,5.432E+21,8.36227E+15,4.90391E+16
58078,8.17112E+18,8,3,26,27,2017,11,11,7,3,5,3,0,1,0,0,0,0,0,4.61393E+20,5.30708E+21,8.48329E+15,4.79159E+16
58079,8.17111E+18,8,2,35,7,2017,11,20,7,2,8,1,0,1,0,0,0,2,1,4.84596E+20,5.39807E+21,8.7905E+15,4.87355E+16
58080,8.17111E+18,8,2,36,75,2017,11,0,7,3,4,6,0,1,0,0,0,2,1,4.80251E+20,5.42296E+21,8.73021E+15,4.89592E+16
58081,8.17112E+18,8,3,25,53,2017,11,10,7,3,5,3,0,1,0,0,0,0,0,4.61401E+20,5.346E+21,8.47987E+15,4.82661E+16
58082,8.17111E+18,8,2,36,40,2017,11,8,7,3,8,7,0,1,0,0,0,0,1,4.9028E+20,5.42706E+21,8.86711E+15,4.89964E+16
58083,8.17111E+18,8,2,21,0,2017,11,21,7,3,1,6,0,1,0,0,0,2,1,4.74816E+20,5.46993E+21,8.65303E+15,4.93815E+16
58084,8.17111E+18,8,2,22,0,2017,11,9,7,2,5,3,0,1,0,0,0,0,1,4.63786E+20,5.48031E+21,8.50012E+15,4.94743E+16
58085,8.17112E+18,8,4,17,2,2017,11,17,7,2,4,2,0,1,0,0,0,1,0,4.89697E+20,5.34758E+21,8.86112E+15,4.82814E+16
58086,8.17111E+18,8,2,15,99,2017,11,12,7,3,4,2,0,1,0,0,0,0,1,4.61749E+20,5.4431E+21,8.47556E+15,4.91395E+16
58087,8.17112E+18,8,3,16,37,2017,11,9,7,3,5,3,0,1,0,0,1,0,0,4.07458E+20,5.33362E+21,7.75582E+15,4.81491E+16
58088,8.17112E+18,8,2,26,96,2017,11,2,7,3,2,6,0,1,0,0,1,2,0,4.73338E+20,5.48703E+21,8.63152E+15,4.95353E+16
58089,8.17111E+18,8,2,11,0,2017,11,8,7,2,4,1,0,1,0,0,0,0,1,4.43409E+20,5.39613E+21,8.23066E+15,4.87156E+16
58090,8.17112E+18,8,2,12,0,2017,11,13,7,3,3,6,0,1,0,0,1,0,0,4.58933E+20,5.42708E+21,8.43858E+15,4.89953E+16
58091,8.17111E+18,8,1,35,19,2017,11,17,7,3,6,4,0,1,1,0,0,2,1,5.82999E+20,5.39247E+21,1.01276E+16,4.86798E+16
58092,8.17112E+18,8,2,35,8,2017,11,9,7,1,4,1,0,1,0,0,0,0,0,4.83863E+20,5.40136E+21,8.78041E+15,4.8765E+16
58093,8.17111E+18,8,1,28,14,2017,11,18,7,2,4,6,0,1,0,0,0,2,1,5.44175E+20,5.47876E+21,9.6096E+15,4.94599E+16
58094,8.17111E+18,8,1,27,9,2017,11,15,7,2,8,1,0,1,0,0,0,0,1,5.58628E+20,5.44528E+21,9.80411E+15,4.91575E+16
58095,8.17111E+18,8,1,36,82,2017,11,16,7,3,2,1,0,1,0,0,0,1,1,5.86305E+20,5.41677E+21,1.01776E+16,4.88979E+16
58096,8.17111E+18,8,1,27,9,2017,11,20,7,2,9,1,0,1,0,0,0,2,1,5.55589E+20,5.44787E+21,9.76278E+15,4.91811E+16
58097,8.17111E+18,8,1,25,8,2017,11,17,7,1,6,4,0,1,1,0,0,1,1,5.24239E+20,5.43188E+21,9.33165E+15,4.90393E+16
58098,8.17112E+18,8,2,31,0,2017,11,17,7,3,2,6,0,1,0,0,0,2,1,4.78345E+20,5.41563E+21,8.70456E+15,4.88932E+16
58099,8.17111E+18,8,1,21,0,2017,11,19,7,3,2,6,0,1,0,0,0,2,1,5.16125E+20,5.44374E+21,9.22111E+15,4.91463E+16
58100,8.17112E+18,8,2,36,19,2017,11,15,7,3,0,1,0,0,0,1,0,0,0,4.87321E+20,5.40925E+21,8.82721E+15,4.88361E+16
58101,8.17111E+18,8,1,21,0,2017,11,20,7,3,1,6,0,1,0,0,0,2,1,5.16794E+20,5.44368E+21,9.23028E+15,4.91457E+16
58102,8.17112E+18,8,2,25,14,2017,11,18,7,2,7,7,0,1,0,0,0,2,0,5.26272E+20,5.48105E+21,9.36269E+15,4.94815E+16
58103,8.17111E+18,8,1,19,89,2017,11,9,7,3,4,1,0,1,0,0,0,0,1,5.34159E+20,5.40856E+21,9.46543E+15,4.88291E+16
58104,8.17112E+18,8,2,21,0,2017,11,23,7,2,0,1,0,0,0,1,0,2,1,4.77675E+20,5.4735E+21,8.69222E+15,4.94137E+16
58105,8.17111E+18,8,1,17,19,2017,11,17,7,3,2,6,0,1,0,0,0,2,1,5.51737E+20,5.39374E+21,9.70306E+15,4.86945E+16
58106,8.17111E+18,8,1,16,80,2017,11,22,7,3,9,1,0,1,0,0,0,2,1,5.20327E+20,5.39675E+21,9.27638E+15,4.87235E+16
58107,8.17111E+18,8,1,11,0,2017,11,2,7,3,2,6,0,1,0,0,0,2,1,5.13938E+20,5.40364E+21,9.18974E+15,4.87856E+16
58108,8.17111E+18,8,1,11,0,2017,11,18,7,3,2,6,0,1,0,0,0,2,1,5.14113E+20,5.40405E+21,9.19214E+15,4.87893E+16
58109,8.17111E+18,8,4,36,64,2017,11,18,6,3,5,3,1,1,0,0,0,2,1,5.45254E+20,5.29229E+21,9.60413E+15,4.77824E+16
58110,8.17111E+18,8,4,36,10,2017,11,16,6,3,2,6,0,1,0,0,0,2,1,5.63115E+20,5.30481E+21,9.84436E+15,4.78936E+16
58111,8.17111E+18,8,4,17,8,2017,11,21,6,3,8,1,0,1,0,0,0,2,1,4.94468E+20,5.35301E+21,8.92536E+15,4.83302E+16
58112,8.17111E+18,8,4,17,2,2017,11,11,6,2,9,7,0,1,0,0,0,0,0,4.88809E+20,5.34891E+21,8.84912E+15,4.82933E+16
58113,8.17111E+18,8,4,15,87,2017,11,1,6,3,9,1,0,1,0,0,0,2,0,5.13088E+20,5.38262E+21,9.17751E+15,4.85965E+16
58114,8.17111E+18,8,4,15,59,2017,11,22,6,2,9,1,0,1,0,0,0,2,1,5.14879E+20,5.36477E+21,9.20117E+15,4.84359E+16
58115,8.17112E+18,8,2,21,0,2017,11,16,7,2,9,6,0,1,0,0,0,2,0,4.79197E+20,5.47369E+21,8.71318E+15,4.94155E+16
58116,8.17112E+18,8,2,15,9,2017,11,18,7,3,2,2,0,1,0,0,1,2,0,4.68656E+20,5.43926E+21,8.57056E+15,4.91054E+16
58117,8.17112E+18,8,2,15,103,2017,11,14,7,3,5,3,1,1,0,0,0,0,0,4.65205E+20,5.4422E+21,8.52303E+15,4.91316E+16
58118,8.17112E+18,8,2,12,0,2017,11,12,7,3,5,3,1,1,0,0,0,0,0,4.55737E+20,5.42825E+21,8.39477E+15,4.90055E+16
58119,8.17112E+18,8,2,12,0,2017,11,9,7,2,5,3,0,1,0,0,0,0,1,4.62566E+20,5.42662E+21,8.4883E+15,4.89913E+16
58120,8.17111E+18,8,3,37,62,2017,11,7,6,3,4,1,0,1,0,0,0,0,0,4.53881E+20,5.2748E+21,8.38617E+15,4.7625E+16
58121,8.17112E+18,8,1,27,52,2017,11,15,7,3,5,3,0,1,0,0,0,0,0,5.44417E+20,5.43723E+21,9.60831E+15,4.90863E+16
58122,8.17111E+18,8,3,35,79,2017,11,18,6,3,5,3,0,1,0,0,0,2,1,5.00462E+20,5.29992E+21,9.00617E+15,4.78526E+16
58123,8.17112E+18,8,1,21,0,2017,11,13,7,3,5,2,0,1,0,0,0,0,0,5.15986E+20,5.44519E+21,9.21926E+15,4.91593E+16
58124,8.17111E+18,8,3,35,43,2017,11,11,6,3,5,3,0,1,0,1,0,0,0,5.13465E+20,5.27934E+21,9.17936E+15,4.76673E+16
58125,8.17111E+18,8,3,35,81,2017,11,14,6,3,5,2,0,1,0,0,0,0,1,4.90253E+20,5.29649E+21,8.86978E+15,4.78217E+16
58126,8.17112E+18,8,1,35,19,2017,11,18,7,2,3,3,0,1,0,0,0,2,0,5.8916E+20,5.38536E+21,1.02097E+16,4.86149E+16
58127,8.17111E+18,8,3,26,61,2017,11,15,6,3,4,2,0,1,0,0,0,0,1,4.71585E+20,5.31999E+21,8.61884E+15,4.80325E+16
58128,8.17111E+18,8,4,17,31,2017,11,11,6,3,5,3,0,1,0,0,1,0,1,4.9816E+20,5.3554E+21,8.97517E+15,4.83518E+16
58129,8.17111E+18,8,3,17,146,2017,11,18,6,3,2,2,1,1,0,0,0,2,1,4.3219E+20,5.35591E+21,8.0847E+15,4.83528E+16
58130,8.17111E+18,8,3,17,96,2017,11,15,6,3,2,6,0,1,0,0,1,0,1,4.21698E+20,5.36657E+21,7.94112E+15,4.84474E+16
58131,8.17112E+18,8,1,16,33,2017,11,12,7,2,8,1,0,1,0,0,0,0,1,5.37429E+20,5.38448E+21,9.50779E+15,4.86123E+16
58132,8.17111E+18,8,3,17,153,2017,11,6,6,2,5,3,0,1,0,0,1,2,0,4.20945E+20,5.38947E+21,7.92658E+15,4.86533E+16
58133,8.17112E+18,8,1,11,0,2017,11,22,7,2,5,3,0,1,0,0,0,2,0,5.14987E+20,5.40311E+21,9.20401E+15,4.87808E+16
58134,8.17111E+18,8,3,15,113,2017,11,14,6,3,4,1,0,1,0,0,1,0,1,4.43473E+20,5.30551E+21,8.24367E+15,4.79004E+16
58135,8.17112E+18,8,1,11,0,2017,11,17,7,1,5,3,0,1,0,0,1,2,1,5.15295E+20,5.4054E+21,9.20829E+15,4.88014E+16
58136,8.17111E+18,8,3,36,100,2017,11,7,6,3,5,3,0,1,0,1,0,0,0,3.9844E+20,5.27863E+21,7.64755E+15,4.76531E+16
58137,8.17111E+18,8,2,15,108,2017,11,9,6,3,5,3,1,1,0,0,0,0,0,4.47448E+20,5.42374E+21,8.28202E+15,4.89643E+16
58138,8.17111E+18,8,2,35,85,2017,11,18,6,3,2,6,0,1,0,0,0,2,1,4.80834E+20,5.39596E+21,8.73943E+15,4.87164E+16
58139,8.17111E+18,8,2,21,0,2017,11,7,6,3,2,6,0,1,0,0,0,0,0,4.75063E+20,5.46987E+21,8.65643E+15,4.93811E+16
58140,8.17111E+18,8,2,15,17,2017,11,11,6,3,2,6,0,1,0,0,0,0,1,4.57562E+20,5.42067E+21,8.42052E+15,4.89375E+16
58141,8.17111E+18,8,1,15,45,2017,11,7,6,3,2,6,0,1,0,0,0,0,0,5.02579E+20,5.39893E+21,9.03508E+15,4.87434E+16
58142,8.17111E+18,8,1,36,65,2017,11,16,6,3,5,2,0,1,0,0,0,1,1,5.56084E+20,5.40409E+21,9.76354E+15,4.87872E+16
58143,8.17111E+18,8,1,36,88,2017,11,17,6,3,5,3,0,1,0,0,0,2,1,5.80781E+20,5.40908E+21,1.01007E+16,4.88294E+16
58144,8.17113E+18,8,3,37,126,2017,11,7,4,2,5,3,0,1,0,0,0,1,1,4.45424E+20,5.27573E+21,8.27351E+15,4.76327E+16
58145,8.17113E+18,8,3,35,75,2017,11,6,4,3,2,6,0,1,0,0,0,2,0,4.91338E+20,5.28584E+21,8.88449E+15,4.77258E+16
58146,8.17113E+18,8,1,11,0,2017,11,7,2,3,2,6,0,1,0,0,0,1,0,5.16432E+20,5.40394E+21,9.22371E+15,4.87882E+16
58147,8.17113E+18,8,3,26,74,2017,11,16,4,3,2,6,0,1,0,1,0,1,0,4.61068E+20,5.3241E+21,8.47739E+15,4.8069E+16
58148,8.17113E+18,8,1,11,0,2017,11,11,2,3,1,7,0,1,0,0,0,0,1,5.10209E+20,5.39722E+21,9.13883E+15,4.87279E+16
58149,8.17113E+18,8,4,37,107,2017,11,20,1,3,9,1,0,1,0,0,0,2,2,5.06996E+20,5.33035E+21,9.09402E+15,4.81263E+16
58150,8.17113E+18,8,3,25,45,2017,11,6,4,3,6,4,0,1,1,0,0,2,1,4.71765E+20,5.34972E+21,8.61928E+15,4.83E+16
58151,8.17113E+18,8,4,35,29,2017,11,1,1,3,5,3,0,1,0,0,0,2,1,5.44969E+20,5.27167E+21,9.5982E+15,4.75969E+16
58152,8.17113E+18,8,4,36,87,2017,11,15,1,2,8,1,0,1,0,0,0,0,0,5.46162E+20,5.30418E+21,9.61752E+15,4.78893E+16
58153,8.17113E+18,8,3,17,41,2017,11,14,4,3,4,7,0,1,0,0,1,0,1,4.35524E+20,5.3479E+21,8.13092E+15,4.8281E+16
58154,8.17113E+18,8,4,26,14,2017,11,16,1,3,5,2,0,1,0,0,0,1,2,5.47189E+20,5.32084E+21,9.63308E+15,4.80391E+16
58155,8.17113E+18,8,4,25,137,2017,11,16,1,3,5,3,0,1,0,0,0,2,1,5.74044E+20,5.35402E+21,9.9991E+15,4.8335E+16
58156,8.17113E+18,8,3,17,47,2017,11,13,4,3,5,3,0,1,0,0,0,0,1,4.18046E+20,5.36354E+21,7.89234E+15,4.84197E+16
58157,8.17113E+18,8,3,25,72,2017,11,19,1,3,2,6,0,1,0,0,0,2,2,4.69647E+20,5.32654E+21,8.59237E+15,4.80914E+16
58158,8.17113E+18,8,3,35,80,2017,11,14,1,3,5,3,0,1,0,0,0,0,0,4.75415E+20,5.29571E+21,8.6716E+15,4.78143E+16
58159,8.17113E+18,8,3,17,57,2017,11,18,4,3,5,3,0,1,0,0,0,2,0,4.12986E+20,5.38156E+21,7.8202E+15,4.85811E+16
58160,8.17113E+18,8,3,27,11,2017,11,15,1,3,4,1,0,1,0,0,0,0,2,4.84399E+20,5.32437E+21,8.79056E+15,4.80724E+16
58161,8.17113E+18,8,3,26,31,2017,11,19,1,3,5,3,0,1,0,0,0,2,2,4.5683E+20,5.33139E+21,8.41977E+15,4.81343E+16
58162,8.17113E+18,8,3,26,20,2017,11,12,1,3,9,1,0,1,0,0,0,0,2,4.37093E+20,5.32111E+21,8.15603E+15,4.80401E+16
58163,8.17113E+18,8,3,25,72,2017,11,19,1,2,4,2,0,1,0,0,0,2,2,4.72799E+20,5.33062E+21,8.63445E+15,4.81283E+16
58164,8.17113E+18,8,3,16,39,2017,11,16,4,3,5,3,0,1,0,0,0,1,0,4.18462E+20,5.33217E+21,7.90401E+15,4.81375E+16
58165,8.17113E+18,8,3,17,51,2017,11,1,1,3,0,1,0,0,0,1,0,2,2,4.46673E+20,5.34253E+21,8.28187E+15,4.82337E+16
58166,8.17113E+18,8,3,17,118,2017,11,14,1,3,9,1,0,1,0,0,0,0,2,4.39103E+20,5.38504E+21,8.17376E+15,4.86155E+16
58167,8.17113E+18,8,3,16,54,2017,11,19,1,3,9,1,0,1,0,0,0,2,1,4.1427E+20,5.33713E+21,7.84667E+15,4.81816E+16
58168,8.17113E+18,8,3,15,74,2017,11,21,1,3,9,1,0,1,0,0,0,2,0,3.9516E+20,5.29556E+21,7.59981E+15,4.78048E+16
58169,8.17113E+18,8,2,36,46,2017,11,13,1,3,2,6,0,1,0,0,0,0,1,4.83097E+20,5.41755E+21,8.76931E+15,4.89106E+16
58170,8.17113E+18,8,2,15,9,2017,11,6,1,2,9,1,0,1,0,0,0,2,1,4.7405E+20,5.43781E+21,8.64455E+15,4.90926E+16
58171,8.17113E+18,8,2,16,41,2017,11,7,1,3,9,1,0,1,0,0,0,0,1,4.31661E+20,5.39408E+21,8.0713E+15,4.8696E+16
58172,8.17113E+18,8,2,35,55,2017,11,12,1,2,9,1,0,1,0,0,0,0,2,4.74626E+20,5.39727E+21,8.65497E+15,4.8728E+16
58173,8.17113E+18,8,2,35,85,2017,11,15,1,1,9,7,0,1,0,0,0,0,1,4.84478E+20,5.3939E+21,8.78906E+15,4.8698E+16
58174,8.17113E+18,8,2,36,40,2017,11,13,1,3,2,7,0,1,1,0,0,0,1,4.89628E+20,5.41907E+21,8.85841E+15,4.89245E+16
58175,8.17113E+18,8,2,11,0,2017,11,21,1,3,8,1,0,1,0,0,0,2,1,4.46426E+20,5.40248E+21,8.27084E+15,4.8773E+16
58176,8.17113E+18,8,3,15,50,2017,11,20,4,2,1,1,0,1,0,0,0,2,0,4.00755E+20,5.30531E+21,7.67228E+15,4.78934E+16
58177,8.17113E+18,8,2,11,0,2017,11,15,1,3,0,1,0,0,0,1,0,0,1,4.3985E+20,5.40294E+21,8.18129E+15,4.87766E+16
58178,8.17113E+18,8,1,15,28,2017,11,15,1,3,2,6,0,1,0,0,0,0,1,5.02258E+20,5.40161E+21,9.03072E+15,4.87675E+16
58179,8.17113E+18,8,1,15,45,2017,11,16,1,3,2,6,0,1,0,0,1,1,1,5.03364E+20,5.39783E+21,9.04575E+15,4.87335E+16
58180,8.17113E+18,8,1,15,45,2017,11,12,1,3,2,6,0,1,0,0,0,0,1,5.02981E+20,5.39814E+21,9.04054E+15,4.87363E+16
58181,8.17113E+18,8,1,27,63,2017,11,19,1,3,9,1,0,1,0,0,0,2,1,5.60456E+20,5.43059E+21,9.82697E+15,4.90252E+16
58182,8.17113E+18,8,1,25,7,2017,11,2,1,3,7,7,0,1,0,0,0,2,0,5.10809E+20,5.45083E+21,9.14841E+15,4.92101E+16
58183,8.17113E+18,8,1,19,89,2017,11,5,1,2,0,7,1,0,0,0,0,2,1,5.33277E+20,5.41111E+21,9.45362E+15,4.88521E+16
58184,8.17113E+18,8,1,18,21,2017,11,18,1,3,0,2,0,1,0,1,0,2,0,5.19212E+20,5.42997E+21,9.26279E+15,4.90223E+16
58185,8.17113E+18,8,1,18,48,2017,11,19,1,3,2,6,0,1,0,0,0,2,0,5.14209E+20,5.41644E+21,9.19387E+15,4.89008E+16
58186,8.17113E+18,8,1,17,19,2017,11,20,1,3,5,3,0,1,0,0,0,2,1,5.51934E+20,5.39371E+21,9.70573E+15,4.86943E+16
58187,8.17113E+18,8,1,11,0,2017,11,19,1,3,1,7,0,1,0,1,0,2,1,5.11413E+20,5.40576E+21,9.15543E+15,4.88047E+16
58188,8.17113E+18,8,1,11,0,2017,11,13,1,3,5,2,0,1,0,0,0,0,1,5.08066E+20,5.39716E+21,9.10968E+15,4.87274E+16
58189,8.17113E+18,8,1,11,0,2017,11,4,1,3,9,1,0,1,0,0,0,2,2,5.09113E+20,5.40127E+21,9.12401E+15,4.87644E+16
58190,8.17113E+18,8,4,36,18,2017,11,6,7,2,8,1,0,1,0,0,0,2,0,5.55015E+20,5.28456E+21,9.73344E+15,4.77121E+16
58191,8.17113E+18,8,4,35,16,2017,11,11,7,3,2,6,0,1,0,0,1,0,1,5.37554E+20,5.27819E+21,9.50012E+15,4.7656E+16
58192,8.17113E+18,8,4,36,94,2017,11,17,7,3,8,6,0,1,0,0,1,2,1,5.7255E+20,5.28492E+21,9.96724E+15,4.77136E+16
58193,8.17113E+18,8,4,35,66,2017,11,14,7,3,2,6,0,1,0,0,0,0,0,5.18904E+20,5.28697E+21,9.25214E+15,4.77358E+16
58194,8.17113E+18,8,4,36,93,2017,11,9,7,2,4,2,0,1,0,0,0,0,1,5.40848E+20,5.31036E+21,9.54701E+15,4.79453E+16
58195,8.17113E+18,8,4,26,21,2017,11,14,7,3,1,7,0,1,0,0,0,0,1,5.60788E+20,5.32485E+21,9.81607E+15,4.80741E+16
58196,8.17113E+18,8,4,21,0,2017,11,16,7,3,9,1,0,1,0,0,0,0,1,5.68283E+20,5.35206E+21,9.92106E+15,4.8318E+16
58197,8.17113E+18,8,4,25,20,2017,11,11,7,3,1,6,0,1,0,0,0,0,1,5.58793E+20,5.36144E+21,9.79437E+15,4.84034E+16
58198,8.17113E+18,8,4,17,25,2017,11,2,7,3,8,1,0,1,0,0,0,2,1,4.85885E+20,5.35563E+21,8.80948E+15,4.83537E+16
58199,8.17113E+18,8,4,17,2,2017,11,19,7,3,4,2,0,1,0,0,0,2,1,4.89023E+20,5.34571E+21,8.85209E+15,4.82645E+16
58200,8.17113E+18,8,4,17,79,2017,11,21,7,3,5,3,0,1,0,0,0,2,2,5.01019E+20,5.33968E+21,9.01372E+15,4.82103E+16
58201,8.17113E+18,8,4,16,25,2017,11,17,7,3,9,1,0,1,0,0,0,2,2,5.08882E+20,5.35795E+21,9.11994E+15,4.83747E+16
58202,8.17113E+18,8,3,15,76,2017,11,21,7,3,2,1,0,1,0,0,0,2,1,3.93634E+20,5.30448E+21,7.57725E+15,4.78849E+16
58203,8.17113E+18,8,3,36,81,2017,11,16,7,3,5,2,0,1,0,0,0,0,1,4.1107E+20,5.27721E+21,7.816E+15,4.76421E+16
58204,8.17113E+18,8,3,35,63,2017,11,12,7,3,2,6,0,1,0,0,0,0,0,4.98702E+20,5.28991E+21,8.98268E+15,4.77626E+16
58205,8.17113E+18,8,3,35,43,2017,11,1,7,3,2,6,0,1,0,0,0,2,0,5.10934E+20,5.28055E+21,9.14568E+15,4.76782E+16
58206,8.17113E+18,8,3,27,50,2017,11,23,7,3,0,1,0,1,0,0,0,2,1,4.87717E+20,5.31418E+21,8.8354E+15,4.79808E+16
58207,8.17113E+18,8,3,17,1,2017,11,20,7,3,0,1,0,0,0,1,0,2,1,4.28552E+20,5.38826E+21,8.03007E+15,4.86434E+16
58208,8.17113E+18,8,2,26,95,2017,11,0,7,3,2,6,0,1,0,0,1,2,1,4.72448E+20,5.45886E+21,8.62117E+15,4.92819E+16
58209,8.17113E+18,8,2,26,105,2017,11,14,7,3,2,6,0,1,0,0,0,0,1,4.70035E+20,5.47687E+21,8.58663E+15,4.94438E+16
58210,8.17113E+18,8,2,12,0,2017,11,12,7,3,2,6,0,1,0,0,0,0,1,4.60771E+20,5.42398E+21,8.46401E+15,4.89675E+16
58211,8.17113E+18,8,2,15,17,2017,11,9,7,3,8,1,0,1,0,0,0,0,1,4.53541E+20,5.42127E+21,8.36554E+15,4.89426E+16
58212,8.17113E+18,8,3,11,0,2017,11,18,4,3,2,6,1,1,0,0,0,2,1,4.14312E+20,5.31675E+21,7.85132E+15,4.79983E+16
58213,8.17113E+18,8,2,26,85,2017,11,17,4,3,1,6,0,1,0,0,0,2,0,4.86395E+20,5.45636E+21,8.81302E+15,4.92599E+16
58214,8.17113E+18,8,2,26,96,2017,11,9,4,3,8,1,0,1,0,0,0,0,1,4.72906E+20,5.48848E+21,8.62545E+15,4.95483E+16
58215,8.17113E+18,8,2,26,96,2017,11,10,4,3,2,6,0,1,0,0,0,0,1,4.73784E+20,5.48867E+21,8.63757E+15,4.95501E+16
58216,8.17113E+18,8,2,15,9,2017,11,18,7,2,9,1,0,1,0,0,0,2,1,4.70954E+20,5.4404E+21,8.60197E+15,4.91158E+16
58217,8.17113E+18,8,2,25,118,2017,11,20,4,3,8,1,0,1,0,0,0,2,2,5.04037E+20,5.47764E+21,9.0557E+15,4.94514E+16
58218,8.17113E+18,8,2,16,7,2017,11,14,4,3,2,6,0,1,0,0,0,0,1,4.36118E+20,5.39333E+21,8.13199E+15,4.86897E+16
58219,8.17113E+18,8,2,15,7,2017,11,20,4,3,2,6,0,1,0,0,1,2,0,4.79252E+20,5.42795E+21,8.71631E+15,4.90041E+16
58220,8.17113E+18,8,2,15,59,2017,11,6,4,3,7,7,0,1,0,0,1,2,1,4.82765E+20,5.43769E+21,8.76393E+15,4.90918E+16
58221,8.17113E+18,8,1,25,69,2017,11,13,4,3,2,6,0,1,0,0,0,0,0,5.25045E+20,5.4507E+21,9.34385E+15,4.92086E+16
58222,8.17113E+18,8,1,25,21,2017,11,13,4,3,2,1,0,1,0,0,0,0,0,5.25304E+20,5.44845E+21,9.34726E+15,4.91883E+16
58223,8.17113E+18,8,2,16,7,2017,11,16,7,3,2,6,0,1,0,0,1,1,1,4.33454E+20,5.39684E+21,8.09522E+15,4.8721E+16
58224,8.17113E+18,8,1,18,48,2017,11,17,4,3,2,6,0,1,0,0,0,2,0,5.11559E+20,5.41868E+21,9.15779E+15,4.8921E+16
58225,8.17113E+18,8,2,31,0,2017,11,18,7,2,6,4,0,1,1,0,0,2,1,4.78512E+20,5.4159E+21,8.70682E+15,4.88957E+16
58226,8.17113E+18,8,2,36,75,2017,11,15,7,3,5,3,0,1,0,0,0,0,1,4.79779E+20,5.42165E+21,8.72383E+15,4.89475E+16
58227,8.17113E+18,8,1,15,45,2017,11,0,4,3,8,1,0,1,0,0,0,2,2,5.0504E+20,5.397E+21,9.06853E+15,4.8726E+16
58228,8.17113E+18,8,2,31,0,2017,11,14,7,3,2,6,0,1,0,0,0,0,1,4.78773E+20,5.4166E+21,8.71035E+15,4.8902E+16
58229,8.17113E+18,8,2,26,85,2017,11,16,7,2,8,1,0,1,0,0,0,0,1,4.90932E+20,5.45325E+21,8.87545E+15,4.9232E+16
58230,8.17113E+18,8,2,15,29,2017,11,22,7,3,0,7,0,1,0,0,0,2,1,4.67242E+20,5.44656E+21,8.55059E+15,4.9171E+16
58231,8.17113E+18,8,1,15,3,2017,11,17,4,3,2,6,0,1,0,0,0,2,1,4.9786E+20,5.3928E+21,8.97092E+15,4.86883E+16
58232,8.17113E+18,8,2,12,0,2017,11,3,7,3,2,6,0,1,0,0,0,2,1,4.5639E+20,5.42824E+21,8.40371E+15,4.90055E+16
58233,8.17113E+18,8,2,26,85,2017,11,0,7,3,1,1,0,1,0,0,1,2,1,4.95308E+20,5.45266E+21,8.93556E+15,4.92267E+16
58234,8.17113E+18,8,1,15,45,2017,11,3,4,2,9,1,0,1,0,0,0,2,2,5.05042E+20,5.397E+21,9.06856E+15,4.8726E+16
58235,8.17113E+18,8,2,26,85,2017,11,0,7,3,0,1,0,1,0,0,0,2,1,4.95821E+20,5.45263E+21,8.9426E+15,4.92264E+16
58236,8.17113E+18,8,1,18,67,2017,11,23,7,2,5,3,0,1,0,0,0,2,1,5.06166E+20,5.41418E+21,9.0841E+15,4.88806E+16
58237,8.17113E+18,8,1,15,45,2017,11,9,7,3,2,6,0,1,0,0,0,0,1,5.02649E+20,5.39868E+21,9.03603E+15,4.87411E+16
58238,8.17113E+18,8,1,11,0,2017,11,9,7,3,2,6,0,1,0,0,1,0,1,5.12507E+20,5.39472E+21,9.16999E+15,4.87054E+16
58239,8.17113E+18,8,1,11,0,2017,11,12,7,3,8,1,0,1,0,0,0,0,1,5.12292E+20,5.39458E+21,9.16707E+15,4.87042E+16
58240,8.17113E+18,8,1,36,2,2017,11,4,7,3,8,1,0,1,0,0,0,2,1,5.74847E+20,5.4169E+21,1.00213E+16,4.89005E+16
58241,8.17113E+18,8,1,28,14,2017,11,12,7,3,5,3,0,1,0,0,0,0,1,5.45202E+20,5.48141E+21,9.62407E+15,4.94836E+16
58242,8.17113E+18,8,1,28,7,2017,11,14,7,2,4,1,0,1,0,0,1,0,1,5.5557E+20,5.47884E+21,9.76683E+15,4.94597E+16
58243,8.17113E+18,8,1,28,7,2017,11,12,7,3,8,1,0,1,0,0,0,0,1,5.53834E+20,5.47895E+21,9.7429E+15,4.94608E+16
58244,8.17113E+18,8,2,25,114,2017,11,14,7,1,5,3,0,1,0,0,0,0,1,5.3417E+20,5.47296E+21,9.47103E+15,4.94084E+16