OBJECTID,UIDENTSTLA,ULAND,UREGBEZ,UKREIS,UGEMEINDE,UJAHR,UMONAT,USTUNDE,UWOCHENTAG,UKATEGORIE,UART,UTYP1,IstRad,IstPKW,IstFuss,IstKrad,IstSonstig,LICHT,STRZUSTAND,LINREFX,LINREFY,XGCSWGS84,YGCSWGS84
58245,8.17113E+18,8,1,27,76,2017,11,15,7,3,9,1,0,0,0,1,0,0,1,5.59711E+20,5.44166E+21,9.81841E+15,4.91248E+16
58246,8.17113E+18,8,1,25,110,2017,11,11,7,3,2,6,0,1,0,0,0,0,0,5.25851E+20,5.44267E+21,9.3544E+15,4.91363E+16
58247,8.17113E+18,8,1,25,7,2017,11,15,7,3,5,3,0,1,0,0,1,0,1,5.08261E+20,5.45334E+21,9.11347E+15,4.92328E+16
58248,8.17113E+18,8,1,25,13,2017,11,23,7,2,8,1,0,0,0,1,0,2,1,5.07864E+20,5.43519E+21,9.10767E+15,4.90695E+16
58249,8.17113E+18,8,1,27,43,2017,11,6,5,2,5,3,0,1,0,0,1,1,2,5.6577E+20,5.44515E+21,9.90202E+15,4.91556E+16
58250,8.17113E+18,8,1,26,66,2017,11,15,5,3,4,2,1,1,0,0,0,0,1,5.37134E+20,5.44993E+21,9.50975E+15,4.92011E+16
58251,8.17113E+18,8,1,26,56,2017,11,7,5,3,4,2,0,1,0,0,0,0,2,5.59127E+20,5.46984E+21,9.81458E+15,4.93784E+16
58252,8.17113E+18,8,1,25,107,2017,11,9,5,2,9,1,0,1,0,0,0,0,2,5.33775E+20,5.43582E+21,9.46245E+15,4.90743E+16
58253,8.17113E+18,8,1,36,65,2017,11,17,4,2,0,1,0,0,0,0,1,0,0,5.57947E+20,5.40561E+21,9.78911E+15,4.88008E+16
58254,8.17113E+18,8,1,36,88,2017,11,11,4,3,5,3,0,1,0,0,1,0,1,5.88503E+20,5.40833E+21,1.02057E+16,4.88217E+16
58255,8.17113E+18,8,1,28,139,2017,11,17,4,3,0,3,0,1,0,0,0,2,0,5.51094E+20,5.49001E+21,9.70652E+15,4.95606E+16
58256,8.17113E+18,8,1,19,44,2017,11,13,7,3,5,3,0,1,0,0,0,0,1,5.46308E+20,5.42446E+21,9.63275E+15,4.89713E+16
58257,8.17113E+18,8,1,27,73,2017,11,7,4,2,0,1,0,0,0,0,1,2,1,5.79562E+20,5.44813E+21,1.00917E+16,4.91808E+16
58258,8.17113E+18,8,1,18,78,2017,11,9,7,3,5,2,0,1,0,0,0,0,1,5.13199E+20,5.41962E+21,9.1802E+15,4.89293E+16
58259,8.17113E+18,8,1,18,79,2017,11,19,7,3,2,6,0,1,0,0,0,2,1,5.08043E+20,5.42168E+21,9.10985E+15,4.8948E+16
58260,8.17113E+18,8,2,25,74,2017,11,20,4,2,4,1,0,1,0,0,0,2,2,5.02832E+20,5.46677E+21,9.03899E+15,4.93537E+16
58261,8.17113E+18,8,1,16,58,2017,11,8,7,3,9,1,0,1,0,0,0,0,1,5.35367E+20,5.39522E+21,9.48075E+15,4.8709E+16
58262,8.17113E+18,8,1,25,65,2017,11,23,5,2,8,1,0,1,0,0,0,2,1,5.21393E+20,5.45137E+21,9.29374E+15,4.92148E+16
58263,8.17113E+18,8,1,16,77,2017,11,21,7,2,4,6,0,1,0,0,0,2,1,5.17246E+20,5.39108E+21,9.23426E+15,4.86726E+16
58264,8.17113E+18,8,1,25,39,2017,11,6,5,3,4,1,0,1,0,0,0,2,1,5.14564E+20,5.45694E+21,9.20018E+15,4.9265E+16
58265,8.17113E+18,8,1,15,21,2017,11,19,7,2,5,7,1,1,0,0,0,2,1,4.90805E+20,5.38239E+21,8.8753E+15,4.85945E+16
58266,8.17113E+18,8,1,15,2,2017,11,8,7,3,2,6,0,1,0,0,0,0,1,4.99526E+20,5.38625E+21,8.99356E+15,4.86294E+16
58267,8.17113E+18,8,1,11,0,2017,11,12,7,3,2,2,0,1,0,0,0,0,1,5.11707E+20,5.40874E+21,9.15952E+15,4.88315E+16
58268,8.17113E+18,8,1,11,0,2017,11,18,7,3,6,4,0,1,1,0,0,2,1,5.14969E+20,5.39531E+21,9.20348E+15,4.87106E+16
58269,8.17113E+18,8,1,19,20,2017,11,7,4,3,5,3,0,1,0,0,0,1,1,5.19243E+20,5.4088E+21,9.26221E+15,4.88319E+16
58270,8.17112E+18,8,4,37,88,2017,11,7,6,3,2,6,1,1,0,0,0,2,0,5.17129E+20,5.30787E+21,9.22929E+15,4.79239E+16
58271,8.17112E+18,8,4,36,9,2017,11,7,6,3,5,3,0,1,0,0,0,0,0,5.55457E+20,5.30831E+21,9.74238E+15,4.79257E+16
58272,8.17113E+18,8,1,18,73,2017,11,12,4,3,2,2,0,1,0,0,1,0,0,5.01491E+20,5.41646E+21,9.02035E+15,4.89011E+16
58273,8.17112E+18,8,4,35,59,2017,11,16,6,3,9,1,0,0,0,1,0,1,1,5.06979E+20,5.2967E+21,9.09325E+15,4.78236E+16
58274,8.17112E+18,8,4,35,35,2017,11,11,6,2,5,3,1,1,0,0,0,0,0,5.42239E+20,5.2828E+21,9.56295E+15,4.76972E+16
58275,8.17113E+18,8,1,18,81,2017,11,17,4,3,2,2,0,1,0,0,0,2,0,5.17656E+20,5.41261E+21,9.24075E+15,4.88662E+16
58276,8.17112E+18,8,4,26,108,2017,11,12,6,3,4,2,0,1,0,0,0,0,0,5.77591E+20,5.3393E+21,1.00442E+16,4.82022E+16
58277,8.17112E+18,8,4,25,31,2017,11,11,6,3,9,1,0,1,0,0,0,0,1,5.63614E+20,5.37212E+21,9.86113E+15,4.84989E+16
58278,8.17112E+18,8,4,17,57,2017,11,6,6,3,8,1,0,1,0,0,0,1,0,4.83125E+20,5.33918E+21,8.77288E+15,4.82057E+16
58279,8.17112E+18,8,4,16,41,2017,11,19,6,3,4,2,0,1,0,1,0,2,1,5.05798E+20,5.37542E+21,9.07853E+15,4.85319E+16
58280,8.17112E+18,8,2,37,24,2017,11,15,6,3,2,6,0,1,0,0,0,0,1,4.7906E+20,5.35854E+21,8.7172E+15,4.83797E+16
58281,8.17112E+18,8,3,37,96,2017,11,19,6,3,5,3,0,1,0,0,0,2,1,4.20676E+20,5.26762E+21,7.9456E+15,4.75572E+16
58282,8.17112E+18,8,3,35,15,2017,11,16,6,3,5,3,1,1,0,0,0,1,0,4.76509E+20,5.28251E+21,8.68693E+15,4.76956E+16
58283,8.17112E+18,8,3,35,63,2017,11,7,6,3,8,1,0,0,0,1,0,0,0,4.95112E+20,5.28747E+21,8.93479E+15,4.77406E+16
58284,8.17112E+18,8,3,35,79,2017,11,17,6,3,2,6,0,1,0,0,0,2,0,5.02655E+20,5.30021E+21,9.03549E+15,4.78552E+16
58285,8.17112E+18,8,3,35,22,2017,11,20,6,3,8,1,0,1,0,0,0,2,1,4.79279E+20,5.30302E+21,8.72286E+15,4.78802E+16
58286,8.17112E+18,8,3,26,60,2017,11,17,6,3,8,1,0,1,0,0,0,2,1,4.46021E+20,5.33146E+21,8.2745E+15,4.81341E+16
58287,8.17112E+18,8,3,17,96,2017,11,7,6,3,5,3,0,1,0,0,0,2,0,4.22261E+20,5.37071E+21,7.94796E+15,4.84847E+16
58288,8.17112E+18,8,3,17,96,2017,11,17,6,3,2,6,0,1,0,0,0,2,1,4.21037E+20,5.36848E+21,7.93182E+15,4.84645E+16
58289,8.17112E+18,8,3,17,57,2017,11,10,6,3,2,6,0,1,0,0,1,0,0,4.11986E+20,5.381E+21,7.80677E+15,4.85759E+16
58290,8.17112E+18,8,3,16,55,2017,11,4,6,3,6,4,0,1,1,0,0,2,0,4.27027E+20,5.33246E+21,8.01906E+15,4.81412E+16
58291,8.17113E+18,8,1,25,13,2017,11,22,5,3,4,1,0,1,0,0,0,2,2,5.07704E+20,5.43549E+21,9.10548E+15,4.90722E+16
58292,8.17113E+18,8,1,21,0,2017,11,17,5,3,6,2,0,1,1,0,0,0,1,5.1676E+20,5.44333E+21,9.2298E+15,4.91426E+16
58293,8.17113E+18,8,1,25,34,2017,11,22,5,2,8,1,0,1,0,0,0,2,2,4.99635E+20,5.44413E+21,8.995E+15,4.915E+16
58294,8.17113E+18,8,1,19,67,2017,11,13,5,3,5,3,0,1,0,0,0,0,1,5.39578E+20,5.40593E+21,9.539E+15,4.88051E+16
58295,8.17113E+18,8,1,18,51,2017,11,17,4,3,2,6,0,1,0,0,0,2,0,5.09117E+20,5.41446E+21,9.12435E+15,4.8883E+16
58296,8.17113E+18,8,1,16,78,2017,11,0,4,3,0,7,1,0,0,0,0,2,2,5.09447E+20,5.39241E+21,9.12835E+15,4.86847E+16
58297,8.17113E+18,8,1,16,80,2017,11,15,4,3,1,6,0,1,0,0,0,0,1,5.21289E+20,5.39578E+21,9.28942E+15,4.87147E+16
58298,8.17113E+18,8,1,15,28,2017,11,8,4,3,2,6,0,1,0,0,0,0,1,5.01148E+20,5.40582E+21,9.01564E+15,4.88053E+16
58299,8.17113E+18,8,1,15,3,2017,11,17,4,3,5,3,0,1,0,0,0,2,0,5.01442E+20,5.39305E+21,9.01959E+15,4.86905E+16
58300,8.17112E+18,8,3,16,55,2017,11,22,6,3,8,1,0,1,0,0,0,2,1,4.29423E+20,5.33447E+21,8.05093E+15,4.81596E+16
58301,8.17113E+18,8,1,19,24,2017,11,14,5,3,4,1,0,1,0,0,0,0,2,5.37667E+20,5.43277E+21,9.51546E+15,4.90467E+16
58302,8.17113E+18,8,1,19,8,2017,11,7,5,2,4,1,0,1,0,0,0,1,2,5.2962E+20,5.41931E+21,9.40437E+15,4.8926E+16
58303,8.17112E+18,8,3,16,9,2017,11,7,6,3,2,6,0,1,0,0,0,0,0,4.15249E+20,5.32517E+21,7.86222E+15,4.80742E+16
58304,8.17112E+18,8,3,36,50,2017,11,18,6,3,3,2,1,1,0,0,0,2,1,3.99239E+20,5.27516E+21,7.65898E+15,4.7622E+16
58305,8.17112E+18,8,2,26,98,2017,11,18,6,3,2,6,0,1,0,0,0,2,1,4.77753E+20,5.45815E+21,8.69415E+15,4.92757E+16
58306,8.17112E+18,8,2,15,102,2017,11,18,6,2,5,3,0,1,0,0,0,2,1,4.56452E+20,5.43502E+21,8.40381E+15,4.90665E+16
58307,8.17113E+18,8,1,11,0,2017,11,17,4,3,6,2,0,1,1,0,0,2,1,5.09492E+20,5.40311E+21,9.12921E+15,4.87809E+16
58308,8.17112E+18,8,2,15,9,2017,11,13,6,3,2,6,0,1,0,0,1,0,1,4.73535E+20,5.43898E+21,8.63743E+15,4.91031E+16
58309,8.17112E+18,8,2,15,90,2017,11,8,6,3,4,1,0,1,0,0,0,0,0,4.6406E+20,5.43414E+21,8.50805E+15,4.90591E+16
58310,8.17113E+18,8,1,11,0,2017,11,20,4,3,6,4,0,1,1,0,0,2,0,5.07105E+20,5.40762E+21,9.09679E+15,4.88215E+16
58311,8.17112E+18,8,2,36,73,2017,11,18,6,2,5,3,0,1,0,1,0,2,1,4.78646E+20,5.42182E+21,8.70835E+15,4.8949E+16
58312,8.17112E+18,8,2,31,0,2017,11,6,6,3,5,3,0,1,0,1,0,2,0,4.81323E+20,5.41749E+21,8.74511E+15,4.891E+16
58313,8.17113E+18,8,4,37,82,2017,11,21,3,3,9,1,0,1,0,0,0,2,1,5.13728E+20,5.34314E+21,9.1849E+15,4.82413E+16
58314,8.17112E+18,8,2,26,98,2017,11,18,6,3,2,6,0,1,0,0,0,2,1,4.79264E+20,5.46079E+21,8.71478E+15,4.92995E+16
58315,8.17113E+18,8,4,37,123,2017,11,12,3,3,8,1,0,1,0,0,0,0,1,5.10939E+20,5.30931E+21,9.14646E+15,4.7937E+16
58316,8.17113E+18,8,4,26,45,2017,11,13,3,3,4,1,0,1,0,0,0,0,1,5.34031E+20,5.32766E+21,9.45711E+15,4.81013E+16
58317,8.17112E+18,8,2,25,60,2017,11,12,6,3,4,6,0,1,0,0,1,0,1,5.1243E+20,5.48565E+21,9.17175E+15,4.95233E+16
58318,8.17113E+18,8,4,26,87,2017,11,16,3,3,2,6,0,1,0,0,1,1,1,5.69862E+20,5.3245E+21,9.93781E+15,4.807E+16
58319,8.17112E+18,8,2,25,68,2017,11,12,6,3,5,3,0,1,0,0,0,0,1,5.00685E+20,5.47056E+21,9.00944E+15,4.93877E+16
58320,8.17113E+18,8,1,18,78,2017,11,13,5,3,2,6,0,1,0,0,1,0,1,5.12885E+20,5.41952E+21,9.17591E+15,4.89285E+16
58321,8.17112E+18,8,2,22,0,2017,11,6,6,1,2,6,0,1,0,1,0,2,0,4.64678E+20,5.47754E+21,8.51268E+15,4.94495E+16
58322,8.17113E+18,8,4,26,21,2017,11,20,3,3,5,3,0,1,0,0,0,2,1,5.59052E+20,5.32704E+21,9.79307E+15,4.80939E+16
58323,8.17112E+18,8,2,21,0,2017,11,20,6,3,3,6,1,1,0,0,0,2,1,4.76565E+20,5.47266E+21,8.67696E+15,4.94062E+16
58324,8.17113E+18,8,1,18,63,2017,11,18,5,3,5,3,0,1,0,1,0,2,1,5.14624E+20,5.42298E+21,9.19977E+15,4.89595E+16
58325,8.17112E+18,8,2,26,12,2017,11,12,6,3,5,3,1,1,0,0,0,0,0,4.75779E+20,5.47815E+21,8.6658E+15,4.94556E+16
58326,8.17113E+18,8,4,26,21,2017,11,13,3,3,5,3,0,1,0,0,0,0,1,5.58865E+20,5.32698E+21,9.79055E+15,4.80934E+16
58327,8.17113E+18,8,1,18,11,2017,11,19,5,3,6,4,0,1,1,0,0,2,1,5.0508E+20,5.40535E+21,9.06918E+15,4.88011E+16
58328,8.17112E+18,8,2,21,0,2017,11,15,6,2,8,7,0,1,0,0,0,0,0,4.75481E+20,5.47081E+21,8.66214E+15,4.93895E+16
58329,8.17112E+18,8,2,16,43,2017,11,12,6,3,5,3,1,1,0,0,0,0,0,4.4103E+20,5.41167E+21,8.19609E+15,4.88551E+16
58330,8.17112E+18,8,2,15,29,2017,11,16,6,3,4,2,0,1,0,0,0,2,1,4.6829E+20,5.44536E+21,8.56506E+15,4.91602E+16
58331,8.17112E+18,8,2,15,102,2017,11,14,6,3,1,6,0,1,0,0,0,0,1,4.57683E+20,5.43775E+21,8.42039E+15,4.90911E+16
58332,8.17112E+18,8,2,15,108,2017,11,7,6,3,5,3,1,1,0,0,0,1,0,4.51213E+20,5.42618E+21,8.33316E+15,4.89866E+16
58333,8.17112E+18,8,3,17,1,2017,11,6,6,2,5,2,0,1,0,0,0,2,0,4.31917E+20,5.38471E+21,8.07633E+15,4.86118E+16
58334,8.17112E+18,8,1,36,43,2017,11,10,6,3,0,1,0,1,0,0,0,0,1,5.70161E+20,5.41021E+21,9.9562E+15,4.88409E+16
58335,8.17113E+18,8,4,25,141,2017,11,17,3,3,2,7,0,1,0,0,1,1,1,5.67924E+20,5.36364E+21,9.91808E+15,4.84222E+16
58336,8.17112E+18,8,1,36,27,2017,11,16,6,3,9,6,0,1,0,0,0,2,1,5.53813E+20,5.41817E+21,9.73446E+15,4.89141E+16
58337,8.17112E+18,8,1,28,115,2017,11,19,6,3,5,2,0,1,0,1,0,2,1,5.48232E+20,5.49699E+21,9.6678E+15,4.96236E+16
58338,8.17112E+18,8,1,28,128,2017,11,18,6,3,0,1,0,0,0,1,0,2,1,5.46356E+20,5.50189E+21,9.64241E+15,4.96678E+16
58339,8.17112E+18,8,1,26,20,2017,11,23,6,1,8,1,0,1,0,0,0,2,1,5.50654E+20,5.47035E+21,9.69792E+15,4.93837E+16
58340,8.17112E+18,8,1,25,103,2017,11,12,6,3,3,1,0,1,0,0,1,0,0,5.30072E+20,5.46363E+21,9.41384E+15,4.93247E+16
58341,8.17112E+18,8,1,27,76,2017,11,14,6,3,2,6,0,1,0,0,0,0,0,5.51766E+20,5.43959E+21,9.70926E+15,4.9107E+16
58342,8.17112E+18,8,1,27,76,2017,11,21,6,3,5,3,0,1,0,0,0,2,1,5.52989E+20,5.43898E+21,9.72595E+15,4.91014E+16
58343,8.17113E+18,8,1,18,16,2017,11,0,5,3,8,7,0,1,0,0,0,2,0,5.05224E+20,5.42778E+21,9.07142E+15,4.90029E+16
58344,8.17113E+18,8,1,15,45,2017,11,17,5,3,2,6,0,1,0,0,0,2,1,5.02616E+20,5.39445E+21,9.03556E+15,4.87031E+16
58345,8.17113E+18,8,1,11,0,2017,11,19,5,3,5,2,0,1,0,0,0,2,1,5.14702E+20,5.39339E+21,9.19978E+15,4.86934E+16
58346,8.17113E+18,8,4,26,21,2017,11,9,3,2,5,3,0,1,0,0,0,0,1,5.58865E+20,5.32698E+21,9.79055E+15,4.80934E+16
58347,8.17113E+18,8,4,25,33,2017,11,6,3,3,5,3,0,1,0,0,0,2,1,5.52723E+20,5.34785E+21,9.71067E+15,4.82816E+16
58348,8.17113E+18,8,4,25,81,2017,11,8,3,3,5,3,0,1,0,0,0,1,1,5.46974E+20,5.34456E+21,9.63281E+15,4.82525E+16
58349,8.17113E+18,8,4,16,41,2017,11,9,3,3,1,1,0,1,0,0,0,0,0,5.05769E+20,5.37483E+21,9.07814E+15,4.85265E+16
58350,8.17113E+18,8,4,15,61,2017,11,5,3,2,5,3,1,1,0,0,0,2,0,5.13291E+20,5.37198E+21,9.17993E+15,4.85008E+16
58351,8.17113E+18,8,3,36,50,2017,11,7,3,3,1,6,0,1,0,0,0,0,1,4.01029E+20,5.27394E+21,7.68308E+15,4.76113E+16
58352,8.17113E+18,8,3,35,75,2017,11,18,3,2,6,4,0,1,1,0,0,2,1,4.87937E+20,5.28906E+21,8.83905E+15,4.77548E+16
58353,8.17113E+18,8,3,26,54,2017,11,13,3,3,0,7,0,1,0,0,1,0,2,4.40676E+20,5.32775E+21,8.20318E+15,4.81003E+16
58354,8.17113E+18,8,3,26,5,2017,11,18,3,3,6,4,0,1,1,0,0,2,1,4.65388E+20,5.29858E+21,8.53743E+15,4.78397E+16
58355,8.17112E+18,8,1,25,46,2017,11,9,6,2,8,1,0,1,0,0,0,0,1,5.18285E+20,5.43011E+21,9.2501E+15,4.90236E+16
58356,8.17113E+18,8,3,26,41,2017,11,17,3,1,6,4,0,1,1,0,0,2,1,4.64943E+20,5.33115E+21,8.52883E+15,4.81326E+16
58357,8.17112E+18,8,1,25,24,2017,11,17,6,2,4,2,0,1,0,0,1,2,0,5.22596E+20,5.4429E+21,9.30979E+15,4.91385E+16
58358,8.17113E+18,8,1,15,29,2017,11,6,5,2,4,1,0,1,0,0,0,2,2,4.96173E+20,5.39869E+21,8.94795E+15,4.87412E+16
58359,8.17112E+18,8,1,25,46,2017,11,18,6,3,2,6,0,1,0,0,0,2,1,5.18756E+20,5.4338E+21,9.25672E+15,4.90568E+16
58360,8.17113E+18,8,3,17,39,2017,11,13,3,3,2,6,0,1,0,0,0,0,1,4.39913E+20,5.34845E+21,8.19E+15,4.82864E+16
58361,8.17113E+18,8,1,15,42,2017,11,7,5,3,2,6,0,1,0,0,0,1,2,4.96813E+20,5.40658E+21,8.9566E+15,4.88122E+16
58362,8.17112E+18,8,1,25,7,2017,11,13,6,3,0,1,0,0,0,1,1,0,1,5.11403E+20,5.45196E+21,9.1566E+15,4.92203E+16
58363,8.17112E+18,8,1,25,17,2017,11,20,6,3,8,1,0,1,0,0,0,2,0,5.03915E+20,5.4304E+21,9.05355E+15,4.90265E+16
58364,8.17112E+18,8,1,25,26,2017,11,23,6,3,8,1,0,1,0,0,0,2,1,4.92619E+20,5.44081E+21,8.89885E+15,4.91201E+16
58365,8.17112E+18,8,1,19,86,2017,11,14,6,3,2,6,0,1,0,0,0,0,1,5.35177E+20,5.40582E+21,9.47907E+15,4.88044E+16
58366,8.17112E+18,8,1,19,20,2017,11,13,6,3,5,3,1,1,0,0,0,0,1,5.18938E+20,5.40746E+21,9.25799E+15,4.88198E+16
58367,8.17112E+18,8,1,19,8,2017,11,17,6,3,5,3,0,1,0,1,0,0,1,5.32127E+20,5.42105E+21,9.43872E+15,4.89416E+16
58368,8.17112E+18,8,1,19,79,2017,11,8,6,2,5,3,0,1,0,0,0,0,0,5.24139E+20,5.40852E+21,9.32891E+15,4.88292E+16
58369,8.17113E+18,8,3,17,96,2017,11,13,3,3,6,4,0,1,1,0,0,0,1,4.22179E+20,5.36967E+21,7.94705E+15,4.84753E+16
58370,8.17112E+18,8,1,18,78,2017,11,16,6,3,0,7,1,0,0,0,0,0,1,5.13903E+20,5.41989E+21,9.18982E+15,4.89318E+16
58371,8.17112E+18,8,1,17,19,2017,11,13,6,3,3,6,0,1,0,0,0,0,0,5.50294E+20,5.39407E+21,9.68348E+15,4.86976E+16
58372,8.17113E+18,8,3,17,153,2017,11,7,3,3,5,3,1,1,0,0,0,2,1,4.24811E+20,5.39285E+21,7.97846E+15,4.86842E+16
58373,8.17112E+18,8,1,17,26,2017,11,18,6,2,5,3,0,1,0,0,0,2,1,5.49837E+20,5.39412E+21,9.67729E+15,4.86981E+16
58374,8.17112E+18,8,1,16,77,2017,11,7,6,3,2,6,0,1,0,0,0,1,0,5.18594E+20,5.39038E+21,9.25254E+15,4.86662E+16
58375,8.17113E+18,8,3,17,5,2017,11,8,3,3,2,6,0,1,0,0,0,0,1,4.2532E+20,5.37587E+21,7.98843E+15,4.85315E+16
58376,8.17112E+18,8,1,16,49,2017,11,10,6,3,2,6,0,1,0,1,0,0,0,5.25026E+20,5.38581E+21,9.33962E+15,4.86248E+16
58377,8.17112E+18,8,1,16,4,2017,11,19,6,2,6,4,0,1,1,0,0,2,1,5.27746E+20,5.39682E+21,9.37725E+15,4.87237E+16
58378,8.17113E+18,8,1,11,0,2017,11,17,5,3,6,7,0,1,1,0,0,2,1,5.1393E+20,5.40362E+21,9.18963E+15,4.87854E+16
58379,8.17113E+18,8,1,11,0,2017,11,14,5,3,2,6,0,1,0,0,0,0,0,5.16332E+20,5.40405E+21,9.22235E+15,4.87892E+16
58380,8.17113E+18,8,3,16,42,2017,11,11,3,2,4,6,0,1,0,0,0,0,1,4.34076E+20,5.32213E+21,8.1154E+15,4.80491E+16
58381,8.17113E+18,8,3,16,45,2017,11,17,3,3,8,1,0,1,0,0,0,2,1,4.1368E+20,5.32484E+21,7.84122E+15,4.8071E+16
58382,8.17112E+18,8,1,16,49,2017,11,18,6,3,6,4,0,1,1,0,0,2,1,5.24961E+20,5.38582E+21,9.33873E+15,4.8625E+16
58383,8.17113E+18,8,1,11,0,2017,11,5,5,3,0,7,0,1,0,0,1,2,1,5.17698E+20,5.40296E+21,9.2409E+15,4.87794E+16
58384,8.17113E+18,8,1,11,0,2017,11,9,5,3,5,3,0,1,0,0,0,0,1,5.18117E+20,5.40405E+21,9.24666E+15,4.87891E+16
58385,8.17113E+18,8,1,11,0,2017,11,11,5,3,2,6,0,1,0,0,0,0,0,5.11726E+20,5.40201E+21,9.15958E+15,4.8771E+16
58386,8.17113E+18,8,4,36,9,2017,11,17,4,3,5,3,0,1,0,0,0,1,2,5.59441E+20,5.30316E+21,9.795E+15,4.7879E+16
58387,8.17113E+18,8,3,11,0,2017,11,8,3,3,2,6,0,1,0,0,0,0,0,4.10265E+20,5.31851E+21,7.79672E+15,4.80136E+16
58388,8.17113E+18,8,3,15,84,2017,11,9,3,3,4,1,0,1,0,0,1,0,1,4.17919E+20,5.30557E+21,7.9018E+15,4.78982E+16
58389,8.17113E+18,8,3,15,51,2017,11,9,3,3,3,6,1,1,0,0,0,0,1,4.19739E+20,5.32286E+21,7.92292E+15,4.8054E+16
58390,8.17113E+18,8,2,31,0,2017,11,16,3,3,2,6,0,1,0,0,0,1,1,4.84713E+20,5.41274E+21,8.79155E+15,4.88674E+16
58391,8.17113E+18,8,2,12,0,2017,11,19,3,2,6,4,0,1,1,0,0,2,1,4.56649E+20,5.42825E+21,8.40724E+15,4.90056E+16
58392,8.17113E+18,8,2,12,0,2017,11,19,3,3,2,6,0,1,0,0,0,2,0,4.5321E+20,5.4272E+21,8.36035E+15,4.89959E+16
58393,8.17113E+18,8,4,36,79,2017,11,11,4,3,4,1,0,1,0,0,0,0,1,5.53324E+20,5.29159E+21,9.71177E+15,4.77755E+16
58394,8.17112E+18,8,1,15,50,2017,11,17,6,3,4,6,0,1,0,0,0,2,1,4.87958E+20,5.40351E+21,8.83607E+15,4.87844E+16
58395,8.17112E+18,8,1,15,50,2017,11,17,6,3,2,6,0,1,0,0,0,2,1,4.94291E+20,5.40019E+21,8.92232E+15,4.87547E+16
58396,8.17112E+18,8,1,11,0,2017,11,15,6,3,2,6,0,1,0,0,0,0,0,5.11296E+20,5.4066E+21,9.15386E+15,4.88123E+16
58397,8.17112E+18,8,1,11,0,2017,11,11,6,3,5,3,1,1,0,0,0,0,0,5.12972E+20,5.39652E+21,9.17637E+15,4.87216E+16
58398,8.17112E+18,8,1,11,0,2017,11,17,6,3,2,6,0,1,0,0,0,2,1,5.19154E+20,5.40029E+21,9.2606E+15,4.87554E+16
58399,8.17112E+18,8,1,11,0,2017,11,20,6,3,2,6,0,1,0,0,0,2,1,5.15286E+20,5.40541E+21,9.20816E+15,4.88015E+16
58400,8.17113E+18,8,2,15,9,2017,11,9,3,3,4,2,0,0,0,0,1,0,1,4.6814E+20,5.4367E+21,8.56369E+15,4.90823E+16
58401,8.17112E+18,8,1,11,0,2017,11,18,6,3,2,6,0,1,0,0,0,2,0,5.12116E+20,5.39528E+21,9.16469E+15,4.87105E+16
58402,8.17112E+18,8,4,36,93,2017,11,7,5,3,8,1,0,1,0,0,0,2,2,5.44831E+20,5.31048E+21,9.60036E+15,4.79461E+16
58403,8.17113E+18,8,2,12,0,2017,11,8,3,3,5,3,1,0,0,0,1,1,1,4.52633E+20,5.42975E+21,8.35216E+15,4.90188E+16
58404,8.17112E+18,8,4,36,79,2017,11,6,5,3,4,1,0,1,0,0,1,2,2,5.54077E+20,5.28826E+21,9.72139E+15,4.77454E+16
58405,8.17112E+18,8,4,36,10,2017,11,7,5,3,2,1,0,1,0,0,0,0,2,5.69724E+20,5.30738E+21,9.93319E+15,4.7916E+16
58406,8.17113E+18,8,2,12,0,2017,11,17,3,3,2,6,0,1,0,0,0,2,1,4.58767E+20,5.42657E+21,8.43637E+15,4.89906E+16
58407,8.17112E+18,8,4,36,55,2017,11,17,5,3,8,1,0,1,0,0,0,2,0,5.81649E+20,5.29573E+21,1.00906E+16,4.78098E+16
58408,8.17113E+18,8,2,37,54,2017,11,6,3,3,5,3,0,1,0,1,0,2,1,4.68513E+20,5.37596E+21,8.57346E+15,4.8536E+16
58409,8.17112E+18,8,4,35,59,2017,11,7,5,3,4,1,0,1,0,0,0,0,2,5.0655E+20,5.29863E+21,9.08754E+15,4.7841E+16
58410,8.17112E+18,8,4,35,13,2017,11,11,5,3,6,4,0,1,1,0,0,0,0,5.4057E+20,5.27517E+21,9.54001E+15,4.76287E+16
58411,8.17112E+18,8,4,35,16,2017,11,14,5,2,0,7,1,0,0,0,0,0,0,5.36849E+20,5.27827E+21,9.49074E+15,4.76567E+16
58412,8.17112E+18,8,4,35,16,2017,11,15,5,3,4,6,1,0,0,0,0,0,0,5.36871E+20,5.28016E+21,9.49119E+15,4.76738E+16
58413,8.17112E+18,8,4,26,21,2017,11,16,5,3,2,6,0,1,0,0,0,0,0,5.59991E+20,5.33077E+21,9.80621E+15,4.81274E+16
58414,8.17112E+18,8,4,26,67,2017,11,7,5,1,8,1,0,1,0,0,0,1,1,5.26043E+20,5.33319E+21,9.35015E+15,4.81514E+16
58415,8.17112E+18,8,4,17,13,2017,11,11,5,3,8,1,0,1,0,0,0,0,0,5.11324E+20,5.34789E+21,9.15264E+15,4.82841E+16
58416,8.17112E+18,8,4,17,31,2017,11,11,5,3,0,6,0,1,0,0,0,0,0,4.97064E+20,5.35425E+21,8.96038E+15,4.83414E+16