OBJECTID,UIDENTSTLA,ULAND,UREGBEZ,UKREIS,UGEMEINDE,UJAHR,UMONAT,USTUNDE,UWOCHENTAG,UKATEGORIE,UART,UTYP1,IstRad,IstPKW,IstFuss,IstKrad,IstSonstig,LICHT,STRZUSTAND,LINREFX,LINREFY,XGCSWGS84,YGCSWGS84
58417,8.17113E+18,8,2,35,7,2017,11,6,3,3,4,2,1,1,0,0,0,2,1,4.83767E+20,5.3963E+21,8.7793E+15,4.87195E+16
58418,8.17112E+18,8,4,17,79,2017,11,6,5,3,6,4,0,1,1,0,0,2,0,5.01973E+20,5.34042E+21,9.02656E+15,4.8217E+16
58419,8.17112E+18,8,4,16,23,2017,11,9,5,3,4,2,0,1,0,0,0,0,0,5.07914E+20,5.3725E+21,9.10714E+15,4.85056E+16
58420,8.17113E+18,8,2,35,29,2017,11,6,3,3,6,7,0,1,1,0,0,1,1,4.88306E+20,5.39413E+21,8.84108E+15,4.87001E+16
58421,8.17112E+18,8,4,15,59,2017,11,17,5,3,5,3,0,1,0,0,0,2,0,5.16452E+20,5.36741E+21,9.22254E+15,4.84596E+16
58422,8.17112E+18,8,3,35,43,2017,11,14,5,3,2,2,0,1,0,0,0,0,0,5.1364E+20,5.2796E+21,9.1817E+15,4.76696E+16
58423,8.17112E+18,8,3,35,79,2017,11,18,5,3,5,3,0,1,0,0,0,2,0,4.9916E+20,5.29818E+21,8.98878E+15,4.7837E+16
58424,8.17112E+18,8,3,35,43,2017,11,11,5,2,4,6,0,1,0,0,1,0,0,5.09984E+20,5.28166E+21,9.13304E+15,4.76883E+16
58425,8.17112E+18,8,4,35,57,2017,11,17,5,2,4,2,1,0,0,0,1,2,0,5.43602E+20,5.27949E+21,9.5808E+15,4.76673E+16
58426,8.17113E+18,8,4,36,64,2017,11,17,4,3,5,3,0,1,0,0,1,1,0,5.40904E+20,5.29228E+21,9.54605E+15,4.77826E+16
58427,8.17113E+18,8,4,26,124,2017,11,12,4,2,5,3,1,1,0,0,0,0,1,5.45589E+20,5.33283E+21,9.6129E+15,4.81471E+16
58428,8.17113E+18,8,2,31,0,2017,11,18,3,3,2,6,0,1,0,0,0,2,0,4.79319E+20,5.41586E+21,8.71784E+15,4.88954E+16
58429,8.17113E+18,8,2,36,43,2017,11,6,3,3,0,6,0,1,0,0,0,2,1,4.71097E+20,5.41109E+21,8.60601E+15,4.88521E+16
58430,8.17113E+18,8,2,26,98,2017,11,7,3,3,2,3,0,1,0,0,0,1,1,4.77721E+20,5.45923E+21,8.69365E+15,4.92854E+16
58431,8.17113E+18,8,2,25,60,2017,11,9,3,3,4,6,0,1,0,0,1,0,1,5.14794E+20,5.4853E+21,9.2044E+15,4.95202E+16
58432,8.17113E+18,8,2,26,84,2017,11,7,3,3,8,1,0,1,0,0,0,2,1,4.66903E+20,5.47292E+21,8.54376E+15,4.94081E+16
58433,8.17113E+18,8,2,22,0,2017,11,6,3,3,2,6,0,1,0,0,0,2,1,4.6103E+20,5.48257E+21,8.46185E+15,4.94945E+16
58434,8.17112E+18,8,3,27,18,2017,11,7,5,3,8,1,0,1,0,0,0,1,2,4.72342E+20,5.30106E+21,8.6302E+15,4.78623E+16
58435,8.17113E+18,8,2,22,0,2017,11,14,3,2,5,3,0,1,0,0,0,0,0,4.63922E+20,5.482E+21,8.50184E+15,4.94895E+16
58436,8.17112E+18,8,3,26,74,2017,11,8,5,3,9,1,0,1,0,0,0,0,2,4.57503E+20,5.32008E+21,8.42994E+15,4.80326E+16
58437,8.17112E+18,8,3,17,151,2017,11,6,5,3,8,7,0,1,0,0,0,2,0,4.13516E+20,5.37191E+21,7.82939E+15,4.84943E+16
58438,8.17112E+18,8,2,16,7,2017,11,0,5,2,2,7,0,1,0,0,1,2,0,4.35534E+20,5.39965E+21,8.12306E+15,4.87465E+16
58439,8.17112E+18,8,3,17,57,2017,11,23,5,2,9,6,0,1,0,1,0,2,0,4.1629E+20,5.38546E+21,7.86421E+15,4.86167E+16
58440,8.17113E+18,8,2,16,63,2017,11,7,3,3,5,2,0,1,0,0,0,1,1,4.29564E+20,5.40133E+21,8.04158E+15,4.8761E+16
58441,8.17112E+18,8,3,15,108,2017,11,10,5,3,4,2,0,1,0,0,0,0,0,4.05369E+20,5.30288E+21,7.73453E+15,4.78723E+16
58442,8.17112E+18,8,3,11,0,2017,11,7,5,3,2,6,0,1,0,0,0,1,0,4.09347E+20,5.31962E+21,7.78418E+15,4.80235E+16
58443,8.17113E+18,8,2,15,66,2017,11,12,3,3,0,6,0,1,0,0,0,0,1,4.5954E+20,5.45012E+21,8.44457E+15,4.92026E+16
58444,8.17112E+18,8,3,15,98,2017,11,17,5,3,1,6,0,1,0,0,0,2,0,4.0778E+20,5.31214E+21,7.76478E+15,4.79559E+16
58445,8.17112E+18,8,2,26,103,2017,11,10,5,2,2,6,0,1,0,0,1,0,0,4.72774E+20,5.45852E+21,8.62568E+15,4.92789E+16
58446,8.17113E+18,8,2,15,102,2017,11,17,3,3,2,6,0,1,0,0,0,2,1,4.57644E+20,5.43909E+21,8.41971E+15,4.91032E+16
58447,8.17112E+18,8,2,15,9,2017,11,0,5,3,2,6,0,1,0,0,1,2,0,4.66099E+20,5.43822E+21,8.53561E+15,4.90959E+16
58448,8.17113E+18,8,2,12,0,2017,11,18,3,3,2,1,0,1,0,1,0,2,1,4.55883E+20,5.43033E+21,8.39654E+15,4.90243E+16
58449,8.17112E+18,8,2,12,0,2017,11,13,5,3,2,6,0,1,0,0,0,0,0,4.52712E+20,5.42947E+21,8.35326E+15,4.90163E+16
58450,8.17113E+18,8,2,16,28,2017,11,13,3,1,5,3,1,0,0,0,1,0,1,4.27117E+20,5.39775E+21,8.00892E+15,4.87285E+16
58451,8.17113E+18,8,4,26,70,2017,11,18,4,3,8,1,0,1,0,0,0,2,1,5.65204E+20,5.34038E+21,9.87773E+15,4.82133E+16
58452,8.17112E+18,8,2,15,107,2017,11,7,5,3,5,2,1,1,0,0,0,2,0,4.62821E+20,5.45621E+21,8.48905E+15,4.92575E+16
58453,8.17113E+18,8,4,25,39,2017,11,10,4,2,5,3,0,1,0,0,0,0,1,5.66023E+20,5.35217E+21,9.8906E+15,4.83193E+16
58454,8.17112E+18,8,2,37,40,2017,11,15,5,3,5,3,0,1,0,0,0,0,0,4.79451E+20,5.36404E+21,8.72222E+15,4.84292E+16
58455,8.17112E+18,8,2,37,30,2017,11,18,5,3,4,6,0,1,0,0,0,2,0,4.62595E+20,5.36549E+21,8.49423E+15,4.84414E+16
58456,8.17112E+18,8,2,31,0,2017,11,15,5,3,3,3,0,1,0,0,0,0,1,4.76973E+20,5.41591E+21,8.68583E+15,4.88957E+16
58457,8.17112E+18,8,2,31,0,2017,11,5,5,3,8,1,1,0,0,0,0,2,1,4.75918E+20,5.41471E+21,8.6715E+15,4.88849E+16
58458,8.17112E+18,8,2,26,10,2017,11,15,5,3,4,1,0,1,0,0,1,0,1,4.79996E+20,5.45808E+21,8.72499E+15,4.92751E+16
58459,8.17113E+18,8,1,21,0,2017,11,7,3,2,2,6,0,1,0,0,0,0,1,5.12312E+20,5.4485E+21,9.16896E+15,4.91892E+16
58460,8.17112E+18,8,2,26,102,2017,11,7,5,3,2,6,0,1,0,0,1,2,0,4.83683E+20,5.45321E+21,8.77587E+15,4.92315E+16
58461,8.17112E+18,8,2,26,104,2017,11,7,5,3,6,4,0,1,1,0,0,1,0,4.9061E+20,5.46692E+21,8.8707E+15,4.9355E+16
58462,8.17113E+18,8,1,36,28,2017,11,17,3,3,5,7,0,1,0,0,0,2,1,5.67718E+20,5.40504E+21,9.92206E+15,4.87947E+16
58463,8.17112E+18,8,2,22,0,2017,11,17,5,3,2,6,0,1,0,0,0,2,0,4.64048E+20,5.4838E+21,8.50342E+15,4.95057E+16
58464,8.17112E+18,8,2,22,0,2017,11,13,5,3,1,6,0,1,0,0,0,0,0,4.67816E+20,5.48259E+21,8.55556E+15,4.94951E+16
58465,8.17113E+18,8,1,28,131,2017,11,12,3,3,5,3,0,1,0,0,0,0,1,5.3444E+20,5.51421E+21,9.47837E+15,4.97794E+16
58466,8.17112E+18,8,2,21,0,2017,11,7,5,3,2,6,0,1,0,0,0,0,0,4.74305E+20,5.47347E+21,8.64575E+15,4.94134E+16
58467,8.17113E+18,8,1,27,76,2017,11,20,3,3,5,3,0,1,0,0,0,2,1,5.51726E+20,5.43976E+21,9.70873E+15,4.91085E+16
58468,8.17112E+18,8,2,21,0,2017,11,16,5,3,3,2,1,1,0,0,0,2,0,4.76591E+20,5.47244E+21,8.67734E+15,4.94042E+16
58469,8.17112E+18,8,2,11,0,2017,11,17,5,3,5,3,0,1,0,0,0,2,0,4.39576E+20,5.39866E+21,8.17818E+15,4.8738E+16
58470,8.17112E+18,8,2,15,9,2017,11,14,5,3,2,6,0,1,0,0,0,0,0,4.73458E+20,5.43966E+21,8.63632E+15,4.91092E+16
58471,8.17113E+18,8,4,17,51,2017,11,12,4,3,5,3,0,1,0,0,0,0,1,4.92395E+20,5.35859E+21,8.89729E+15,4.83805E+16
58472,8.17113E+18,8,1,27,14,2017,11,8,3,3,2,6,0,1,0,0,0,0,1,5.72282E+20,5.44728E+21,9.9917E+15,4.9174E+16
58473,8.17113E+18,8,1,25,98,2017,11,13,3,3,8,1,0,1,0,0,0,0,1,5.17113E+20,5.43704E+21,9.23437E+15,4.90859E+16
58474,8.17113E+18,8,1,21,0,2017,11,17,3,3,2,6,0,1,0,0,0,2,0,5.15927E+20,5.44374E+21,9.2184E+15,4.91463E+16
58475,8.17113E+18,8,1,19,41,2017,11,22,3,3,3,1,0,1,0,0,0,2,1,5.25349E+20,5.41012E+21,9.34549E+15,4.88436E+16
58476,8.17112E+18,8,2,15,9,2017,11,16,5,3,2,6,0,1,0,0,0,2,0,4.67836E+20,5.44404E+21,8.55895E+15,4.91483E+16
58477,8.17113E+18,8,1,19,91,2017,11,7,3,3,2,6,0,1,0,0,0,0,0,5.25557E+20,5.40623E+21,9.34808E+15,4.88085E+16
58478,8.17112E+18,8,1,15,45,2017,11,6,5,3,2,6,0,1,0,0,0,2,0,5.03135E+20,5.398E+21,9.04264E+15,4.8735E+16
58479,8.17113E+18,8,1,19,79,2017,11,18,3,3,5,3,0,1,0,0,0,2,1,5.21463E+20,5.40928E+21,9.29248E+15,4.88361E+16
58480,8.17112E+18,8,1,15,28,2017,11,16,5,3,2,6,0,1,0,0,1,1,0,4.99602E+20,5.40356E+21,8.99459E+15,4.8785E+16
58481,8.17113E+18,8,4,17,44,2017,11,14,4,3,2,6,0,1,0,0,0,0,1,4.97313E+20,5.33649E+21,8.96385E+15,4.81817E+16
58482,8.17112E+18,8,1,15,42,2017,11,17,5,3,2,6,0,1,0,0,0,2,0,4.93692E+20,5.40692E+21,8.91408E+15,4.88153E+16
58483,8.17113E+18,8,1,18,49,2017,11,16,3,2,6,2,0,1,1,0,0,2,1,5.19502E+20,5.4211E+21,9.26632E+15,4.89425E+16
58484,8.17112E+18,8,1,36,65,2017,11,5,5,3,1,6,0,1,0,0,0,2,1,5.61302E+20,5.40594E+21,9.83484E+15,4.88034E+16
58485,8.17113E+18,8,1,18,19,2017,11,18,3,3,6,4,0,1,1,0,0,2,1,5.04518E+20,5.40537E+21,9.06153E+15,4.88013E+16
58486,8.17113E+18,8,1,18,19,2017,11,12,3,3,8,7,0,1,0,0,0,0,1,5.06059E+20,5.40324E+21,9.08247E+15,4.87821E+16
58487,8.17113E+18,8,1,15,48,2017,11,17,3,2,6,4,0,1,1,0,0,2,1,5.09513E+20,5.38721E+21,9.12913E+15,4.86378E+16
58488,8.17113E+18,8,4,25,79,2017,11,12,3,2,1,7,0,0,0,0,1,0,1,5.62276E+20,5.37215E+21,9.84302E+15,4.84994E+16
58489,8.17113E+18,8,1,16,71,2017,11,15,3,2,8,1,0,1,0,0,0,0,1,5.28115E+20,5.38942E+21,9.38177E+15,4.86572E+16
58490,8.17113E+18,8,4,17,79,2017,11,22,4,3,5,3,1,1,0,0,0,2,1,5.01019E+20,5.33968E+21,9.01372E+15,4.82103E+16
58491,8.17113E+18,8,4,15,61,2017,11,7,4,2,8,1,0,1,0,0,0,1,1,5.1839E+20,5.37398E+21,9.24904E+15,4.85187E+16
58492,8.17112E+18,8,1,36,88,2017,11,18,5,3,2,6,0,1,0,0,0,2,0,5.8071E+20,5.4095E+21,1.00998E+16,4.88333E+16
58493,8.17112E+18,8,1,35,25,2017,11,9,5,3,2,6,0,1,0,0,1,0,0,5.82185E+20,5.39906E+21,1.01178E+16,4.87391E+16
58494,8.17112E+18,8,1,35,16,2017,11,14,5,3,2,1,0,1,0,0,1,0,0,5.88161E+20,5.38406E+21,1.01959E+16,4.86034E+16
58495,8.17112E+18,8,1,28,45,2017,11,16,5,3,4,6,0,1,0,0,0,2,0,5.52415E+20,5.50225E+21,9.72642E+15,4.96705E+16
58496,8.17112E+18,8,2,25,14,2017,11,7,5,3,0,7,0,0,0,0,1,0,0,5.20407E+20,5.48599E+21,9.28199E+15,4.95262E+16
58497,8.17113E+18,8,1,16,78,2017,11,17,3,3,1,6,0,1,0,0,0,2,1,5.1473E+20,5.39338E+21,9.20017E+15,4.86933E+16
58498,8.17112E+18,8,1,28,47,2017,11,22,5,2,9,1,0,1,0,0,0,2,0,5.53456E+20,5.49684E+21,9.7401E+15,4.96218E+16
58499,8.17112E+18,8,1,27,14,2017,11,12,5,2,5,3,0,1,0,1,0,0,0,5.78529E+20,5.44339E+21,1.00766E+16,4.91384E+16
58500,8.17113E+18,8,1,11,0,2017,11,9,3,3,5,3,1,1,0,0,0,0,0,5.12837E+20,5.40278E+21,9.17473E+15,4.87779E+16
58501,8.17112E+18,8,1,27,62,2017,11,6,5,3,3,1,0,1,0,1,0,1,2,5.50803E+20,5.4317E+21,9.69509E+15,4.90361E+16
58502,8.17112E+18,8,1,25,56,2017,11,7,5,2,4,1,0,1,0,1,0,1,0,5.12433E+20,5.43583E+21,9.17025E+15,4.90752E+16
58503,8.17113E+18,8,1,11,0,2017,11,20,3,3,2,6,0,1,0,0,0,2,1,5.12894E+20,5.40286E+21,9.1755E+15,4.87786E+16
58504,8.17112E+18,8,1,25,110,2017,11,17,5,3,5,3,1,1,0,0,0,2,0,5.25005E+20,5.44369E+21,9.34287E+15,4.91455E+16
58505,8.17113E+18,8,1,11,0,2017,11,18,3,3,5,3,0,1,0,0,0,2,1,5.16291E+20,5.40404E+21,9.2218E+15,4.87891E+16
58506,8.17112E+18,8,1,25,21,2017,11,23,5,2,9,1,0,1,0,0,0,2,0,5.22295E+20,5.44625E+21,9.30585E+15,4.91687E+16
58507,8.17113E+18,8,1,11,0,2017,11,17,3,3,2,6,0,1,0,0,0,2,1,5.17578E+20,5.40408E+21,9.23932E+15,4.87895E+16
58508,8.17112E+18,8,1,25,74,2017,11,17,5,3,4,2,0,1,0,0,0,2,0,5.09457E+20,5.44007E+21,9.12959E+15,4.91134E+16
58509,8.17112E+18,8,1,19,85,2017,11,6,5,3,2,6,0,1,0,0,0,2,0,5.28258E+20,5.41449E+21,9.38544E+15,4.88827E+16
58510,8.17112E+18,8,1,19,61,2017,11,14,5,3,1,2,0,1,0,0,1,0,0,5.41386E+20,5.41603E+21,9.56465E+15,4.88958E+16
58511,8.17112E+18,8,1,18,73,2017,11,11,5,3,2,6,0,1,0,0,1,0,0,4.99663E+20,5.41846E+21,8.9954E+15,4.89191E+16
58512,8.17113E+18,8,4,16,36,2017,11,21,4,1,4,6,0,1,0,0,0,2,0,4.87541E+20,5.37159E+21,8.83135E+15,4.84973E+16
58513,8.17113E+18,8,1,11,0,2017,11,21,3,3,5,2,0,1,0,0,0,2,0,5.10383E+20,5.40022E+21,9.14127E+15,4.87549E+16
58514,8.17113E+18,8,4,26,97,2017,11,17,2,2,2,1,0,1,0,0,0,2,0,5.3602E+20,5.33275E+21,9.48425E+15,4.8147E+16
58515,8.17113E+18,8,4,21,0,2017,11,17,2,3,1,6,0,1,0,0,0,2,0,5.69232E+20,5.36291E+21,9.93565E+15,4.84155E+16
58516,8.17113E+18,8,4,15,87,2017,11,5,4,3,9,1,0,1,0,0,0,2,2,5.12413E+20,5.3819E+21,9.16833E+15,4.859E+16
58517,8.17113E+18,8,4,21,0,2017,11,10,2,3,0,7,0,1,0,0,1,0,0,5.72023E+20,5.36582E+21,9.97386E+15,4.84414E+16
58518,8.17113E+18,8,4,21,0,2017,11,14,2,3,3,6,0,1,0,0,0,0,0,5.7212E+20,5.3641E+21,9.97487E+15,4.84259E+16
58519,8.17113E+18,8,4,16,22,2017,11,6,2,2,9,1,0,0,0,0,1,2,2,5.10193E+20,5.3756E+21,9.13807E+15,4.85334E+16
58520,8.17113E+18,8,4,16,22,2017,11,8,2,3,4,2,0,1,0,1,0,0,1,5.10235E+20,5.3754E+21,9.13864E+15,4.85316E+16
58521,8.17113E+18,8,4,15,50,2017,11,17,2,3,6,2,0,1,1,0,0,2,0,5.20591E+20,5.37637E+21,9.27896E+15,4.85401E+16
58522,8.17113E+18,8,4,15,50,2017,11,7,2,3,5,3,0,1,0,0,1,0,1,5.19555E+20,5.37506E+21,9.26486E+15,4.85283E+16
58523,8.17112E+18,8,1,18,1,2017,11,7,5,3,4,1,0,1,0,0,0,1,2,5.25593E+20,5.41994E+21,9.34943E+15,4.89319E+16
58524,8.17113E+18,8,3,36,69,2017,11,18,2,2,4,3,0,1,0,1,0,2,1,4.08843E+20,5.268E+21,7.78827E+15,4.7559E+16
58525,8.17112E+18,8,1,18,11,2017,11,7,5,3,4,1,0,1,0,0,0,1,0,5.00021E+20,5.41146E+21,9.00028E+15,4.88561E+16
58526,8.17112E+18,8,1,18,80,2017,11,10,5,3,2,6,0,0,0,0,1,0,0,5.09101E+20,5.41066E+21,9.12406E+15,4.88488E+16
58527,8.17112E+18,8,1,15,46,2017,11,17,5,2,6,4,0,1,1,0,0,2,0,5.08821E+20,5.38966E+21,9.11979E+15,4.86599E+16
58528,8.17112E+18,8,1,16,19,2017,11,18,5,3,3,6,0,1,0,0,0,1,0,5.2375E+20,5.39763E+21,9.32297E+15,4.87313E+16
58529,8.17112E+18,8,1,15,4,2017,11,7,5,3,2,6,0,1,0,0,0,2,0,4.8846E+20,5.37584E+21,8.84368E+15,4.85356E+16
58530,8.17113E+18,8,3,35,79,2017,11,12,2,3,5,3,0,1,0,0,0,0,0,5.01073E+20,5.30009E+21,9.01434E+15,4.78542E+16
58531,8.17112E+18,8,1,11,0,2017,11,14,5,2,6,4,0,0,1,0,1,0,0,5.15558E+20,5.40596E+21,9.21188E+15,4.88064E+16
58532,8.17112E+18,8,1,11,0,2017,11,19,5,3,5,3,0,1,0,1,0,2,0,5.07671E+20,5.40746E+21,9.1045E+15,4.88201E+16
58533,8.17113E+18,8,3,35,75,2017,11,14,2,3,0,5,0,1,0,1,0,0,0,4.88286E+20,5.2886E+21,8.84372E+15,4.77507E+16
58534,8.17112E+18,8,1,11,0,2017,11,7,5,2,5,2,0,1,0,0,0,1,0,5.12223E+20,5.39661E+21,9.16619E+15,4.87224E+16
58535,8.17113E+18,8,4,36,82,2017,11,7,2,2,4,2,0,1,0,0,0,0,1,5.47331E+20,5.29682E+21,9.63235E+15,4.7823E+16
58536,8.17112E+18,8,1,11,0,2017,11,8,5,3,2,6,0,1,0,0,0,0,0,5.14067E+20,5.40399E+21,9.19152E+15,4.87887E+16
58537,8.17113E+18,8,3,35,63,2017,11,10,2,2,5,3,1,1,0,0,0,0,0,4.98744E+20,5.2882E+21,8.98325E+15,4.77471E+16
58538,8.17112E+18,8,1,11,0,2017,11,17,5,3,2,6,0,1,0,0,0,2,1,5.17393E+20,5.40323E+21,9.23677E+15,4.87818E+16
58539,8.17112E+18,8,4,36,64,2017,11,9,4,3,2,6,0,1,0,0,0,0,0,5.45698E+20,5.29256E+21,9.61008E+15,4.77848E+16
58540,8.17112E+18,8,4,36,55,2017,11,13,4,3,2,6,0,1,0,0,0,0,0,5.75421E+20,5.29704E+21,1.00076E+16,4.78223E+16
58541,8.17112E+18,8,4,26,21,2017,11,14,4,3,5,3,0,1,0,0,0,0,0,5.59052E+20,5.32704E+21,9.79308E+15,4.80939E+16
58542,8.17112E+18,8,4,26,120,2017,11,6,4,3,1,5,1,0,0,0,1,2,0,5.61685E+20,5.32383E+21,9.82797E+15,4.80647E+16
58543,8.17112E+18,8,4,26,44,2017,11,12,4,3,8,1,0,0,0,1,0,0,0,5.79183E+20,5.32733E+21,1.00634E+16,4.80944E+16
58544,8.17112E+18,8,4,25,81,2017,11,11,4,3,2,1,0,1,0,0,0,0,0,5.48263E+20,5.34273E+21,9.64996E+15,4.8236E+16
58545,8.17112E+18,8,4,25,33,2017,11,7,4,3,8,1,0,1,0,0,0,0,2,5.43401E+20,5.35198E+21,9.58545E+15,4.83195E+16
58546,8.17112E+18,8,4,17,16,2017,11,14,4,3,2,6,0,1,0,0,1,0,0,4.84828E+20,5.3423E+21,8.79568E+15,4.82337E+16
58547,8.17112E+18,8,4,17,79,2017,11,11,4,3,2,2,0,1,0,0,0,0,0,5.02E+20,5.34244E+21,9.02693E+15,4.82352E+16
58548,8.17113E+18,8,3,26,74,2017,11,8,2,3,1,6,0,1,0,0,1,0,1,4.65206E+20,5.32381E+21,8.53297E+15,4.80666E+16
58549,8.17112E+18,8,4,16,11,2017,11,16,4,3,4,6,0,1,0,0,0,0,0,5.05322E+20,5.36752E+21,9.07199E+15,4.84608E+16
58550,8.17112E+18,8,4,15,50,2017,11,14,4,3,4,6,0,1,0,0,0,0,0,5.21547E+20,5.37769E+21,9.29198E+15,4.85519E+16
58551,8.17112E+18,8,4,15,61,2017,11,17,4,2,2,6,0,1,0,1,0,2,0,5.13809E+20,5.37104E+21,9.1869E+15,4.84923E+16
58552,8.17112E+18,8,3,35,80,2017,11,6,4,3,6,4,0,1,1,0,0,1,0,4.77376E+20,5.29387E+21,8.69789E+15,4.77978E+16
58553,8.17112E+18,8,3,27,56,2017,11,6,4,3,2,6,0,1,0,0,0,2,1,4.83112E+20,5.31894E+21,8.7735E+15,4.80235E+16
58554,8.17113E+18,8,4,17,79,2017,11,5,2,2,4,6,0,1,0,0,1,2,1,4.98767E+20,5.34428E+21,8.9834E+15,4.82517E+16
58555,8.17113E+18,8,3,17,34,2017,11,16,2,2,5,2,0,1,0,0,0,2,1,4.2686E+20,5.36185E+21,8.01173E+15,4.84055E+16
58556,8.17113E+18,8,3,17,5,2017,11,23,2,3,5,2,0,1,0,0,1,2,1,4.22912E+20,5.37602E+21,7.95579E+15,4.85326E+16
58557,8.17113E+18,8,3,17,1,2017,11,16,2,3,2,6,0,1,0,0,0,1,1,4.30464E+20,5.38628E+21,8.05636E+15,4.86257E+16
58558,8.17113E+18,8,3,17,141,2017,11,18,2,3,9,6,0,1,0,0,0,2,1,4.2104E+20,5.37591E+21,7.93046E+15,4.85313E+16
58559,8.17112E+18,8,3,25,53,2017,11,16,4,3,5,3,0,1,0,0,0,0,0,4.55542E+20,5.34019E+21,8.40154E+15,4.82133E+16
58560,8.17113E+18,8,3,17,47,2017,11,15,2,2,4,6,1,1,0,0,0,0,0,4.20342E+20,5.36522E+21,7.92304E+15,4.84351E+16
58561,8.17112E+18,8,3,17,34,2017,11,7,4,3,5,3,1,1,0,0,0,0,0,4.27285E+20,5.36124E+21,8.01758E+15,4.84001E+16
58562,8.17112E+18,8,3,17,73,2017,11,8,4,3,4,7,1,0,0,0,0,0,0,4.11406E+20,5.34857E+21,7.80575E+15,4.82841E+16
58563,8.17113E+18,8,3,17,34,2017,11,17,2,3,4,6,1,0,0,0,0,2,1,4.26568E+20,5.36242E+21,8.00769E+15,4.84107E+16
58564,8.17112E+18,8,3,17,31,2017,11,7,4,3,2,6,0,1,0,0,0,0,0,4.16504E+20,5.35809E+21,7.87258E+15,4.83705E+16
58565,8.17112E+18,8,3,17,1,2017,11,7,4,3,2,6,0,1,0,1,0,1,0,4.29382E+20,5.38505E+21,8.04188E+15,4.86145E+16
58566,8.17112E+18,8,3,17,65,2017,11,16,4,2,4,6,0,1,0,0,0,0,0,4.13443E+20,5.35403E+21,7.8321E+15,4.83335E+16
58567,8.17112E+18,8,3,15,74,2017,11,23,4,2,8,7,0,1,0,0,0,2,0,3.93699E+20,5.297E+21,7.57995E+15,4.78176E+16
58568,8.17112E+18,8,3,36,50,2017,11,11,4,3,2,6,0,1,0,0,0,0,0,3.998E+20,5.27465E+21,7.66658E+15,4.76175E+16
58569,8.17112E+18,8,2,31,0,2017,11,18,4,3,2,6,0,1,0,0,0,2,0,4.7897E+20,5.41804E+21,8.71296E+15,4.8915E+16
58570,8.17113E+18,8,3,16,56,2017,11,19,2,3,5,3,0,1,0,0,0,2,1,4.18722E+20,5.32657E+21,7.90857E+15,4.80872E+16
58571,8.17112E+18,8,2,15,103,2017,11,23,4,3,3,6,0,1,0,0,1,2,0,4.68245E+20,5.44475E+21,8.5645E+15,4.91548E+16
58572,8.17113E+18,8,3,15,6,2017,11,13,2,3,5,3,1,1,0,0,0,0,0,4.01487E+20,5.30907E+21,7.68122E+15,4.79273E+16
58573,8.17112E+18,8,2,16,7,2017,11,8,4,3,2,6,0,1,0,0,1,0,0,4.32284E+20,5.39535E+21,8.07956E+15,4.87075E+16
58574,8.17112E+18,8,2,35,79,2017,11,23,4,2,4,6,0,1,0,0,0,2,0,4.68491E+20,5.40259E+21,8.57113E+15,4.87755E+16
58575,8.17112E+18,8,2,35,79,2017,11,6,4,3,6,4,0,1,1,0,0,2,1,4.68494E+20,5.40259E+21,8.57118E+15,4.87755E+16
58576,8.17112E+18,8,2,31,0,2017,11,21,4,3,7,1,0,1,0,0,0,2,0,4.78512E+20,5.41591E+21,8.70683E+15,4.88958E+16
58577,8.17112E+18,8,2,36,75,2017,11,21,4,3,5,3,0,1,0,0,0,2,0,4.7978E+20,5.42165E+21,8.72384E+15,4.89475E+16
58578,8.17112E+18,8,2,36,38,2017,11,18,4,3,2,6,0,1,0,0,1,2,0,4.89002E+20,5.42825E+21,8.84961E+15,4.90071E+16
58579,8.17112E+18,8,2,22,0,2017,11,14,4,3,2,6,0,1,0,0,0,0,0,4.61113E+20,5.4812E+21,8.46313E+15,4.94822E+16
58580,8.17112E+18,8,2,22,0,2017,11,19,4,3,1,6,0,1,0,0,0,2,0,4.68036E+20,5.48304E+21,8.55857E+15,4.94992E+16
58581,8.17112E+18,8,2,26,82,2017,11,10,4,2,4,6,0,1,0,0,0,0,0,4.82043E+20,5.48125E+21,8.75209E+15,4.94836E+16
58582,8.17112E+18,8,2,22,0,2017,11,19,4,1,2,6,0,1,0,0,1,2,0,4.60636E+20,5.48915E+21,8.45576E+15,4.95537E+16
58583,8.17113E+18,8,2,35,20,2017,11,17,2,3,6,4,0,1,1,0,0,2,1,4.76112E+20,5.38113E+21,8.6761E+15,4.85828E+16
58584,8.17112E+18,8,2,26,56,2017,11,17,4,2,2,6,1,1,0,0,0,2,0,4.88067E+20,5.47142E+21,8.83554E+15,4.93953E+16
58585,8.17112E+18,8,2,15,84,2017,11,16,4,3,2,6,0,1,0,0,0,2,0,4.72496E+20,5.44667E+21,8.62267E+15,4.91722E+16
58586,8.17113E+18,8,2,35,85,2017,11,17,2,3,5,3,0,1,0,0,0,2,1,4.82393E+20,5.39422E+21,8.76072E+15,4.87007E+16
58587,8.17112E+18,8,2,15,102,2017,11,15,4,3,5,3,0,1,0,0,0,0,0,4.56452E+20,5.43502E+21,8.40381E+15,4.90665E+16
58588,8.17113E+18,8,2,31,0,2017,11,17,2,3,4,2,0,1,0,0,0,2,1,4.79933E+20,5.41479E+21,8.72627E+15,4.88858E+16
58589,8.17112E+18,8,2,12,0,2017,11,17,4,3,2,6,0,1,0,0,0,2,0,4.53024E+20,5.4305E+21,8.35742E+15,4.90256E+16