OBJECTID,UIDENTSTLA,ULAND,UREGBEZ,UKREIS,UGEMEINDE,UJAHR,UMONAT,USTUNDE,UWOCHENTAG,UKATEGORIE,UART,UTYP1,IstRad,IstPKW,IstFuss,IstKrad,IstSonstig,LICHT,STRZUSTAND,LINREFX,LINREFY,XGCSWGS84,YGCSWGS84
58590,8.17113E+18,8,2,26,63,2017,11,17,2,3,5,3,0,1,0,1,0,2,1,4.7106E+20,5.47162E+21,8.60115E+15,4.93966E+16
58591,8.17112E+18,8,1,21,0,2017,11,8,4,3,2,6,0,1,0,0,0,0,0,5.13316E+20,5.44847E+21,9.18275E+15,4.91889E+16
58592,8.17113E+18,8,2,25,32,2017,11,16,2,3,4,1,0,1,0,0,1,1,1,5.33538E+20,5.49525E+21,9.46422E+15,4.96089E+16
58593,8.17112E+18,8,1,16,35,2017,11,7,4,3,3,6,0,1,0,0,1,0,0,5.25499E+20,5.3914E+21,9.34637E+15,4.86751E+16
58594,8.17112E+18,8,1,15,28,2017,11,13,4,3,2,6,0,1,0,0,0,0,0,5.02482E+20,5.40012E+21,9.03377E+15,4.87541E+16
58595,8.17112E+18,8,1,15,45,2017,11,6,4,3,2,6,0,1,0,0,0,2,0,5.02628E+20,5.39873E+21,9.03575E+15,4.87416E+16
58596,8.17112E+18,8,1,36,88,2017,11,18,4,3,5,2,0,1,0,0,0,2,0,5.80679E+20,5.40946E+21,1.00994E+16,4.88329E+16
58597,8.17112E+18,8,1,36,65,2017,11,19,4,2,6,4,0,1,1,0,0,2,0,5.62608E+20,5.40657E+21,9.85272E+15,4.8809E+16
58598,8.17113E+18,8,2,25,109,2017,11,5,2,3,4,6,0,1,0,0,1,2,1,5.20562E+20,5.4973E+21,9.28471E+15,4.96279E+16
58599,8.17113E+18,8,2,16,7,2017,11,19,2,3,5,3,1,1,0,0,0,2,1,4.3641E+20,5.3943E+21,8.13581E+15,4.86985E+16
58600,8.17113E+18,8,2,16,7,2017,11,16,2,3,2,6,0,1,0,0,0,1,1,4.35908E+20,5.39289E+21,8.1292E+15,4.86858E+16
58601,8.17112E+18,8,1,36,88,2017,11,16,4,3,2,2,0,1,0,0,0,1,0,5.86041E+20,5.40613E+21,1.01717E+16,4.88022E+16
58602,8.17113E+18,8,2,15,59,2017,11,10,2,3,8,1,0,1,0,0,0,0,1,4.88239E+20,5.43348E+21,8.83903E+15,4.90541E+16
58603,8.17112E+18,8,1,35,19,2017,11,17,4,3,2,6,0,1,0,0,0,2,0,5.82557E+20,5.39246E+21,1.01216E+16,4.86797E+16
58604,8.17112E+18,8,1,35,10,2017,11,11,4,2,9,1,0,1,0,0,0,0,0,6.06498E+20,5.39786E+21,1.04481E+16,4.87247E+16
58605,8.17113E+18,8,2,12,0,2017,11,8,2,3,5,2,1,0,0,0,0,0,1,4.5566E+20,5.42744E+21,8.3938E+15,4.89983E+16
58606,8.17112E+18,8,1,28,115,2017,11,10,4,3,5,3,0,1,0,0,0,0,1,5.48227E+20,5.497E+21,9.66774E+15,4.96236E+16
58607,8.17112E+18,8,1,28,20,2017,11,0,4,3,9,7,0,1,0,0,0,2,0,5.79882E+20,5.47205E+21,1.01009E+16,4.93959E+16
58608,8.17113E+18,8,1,15,13,2017,11,13,2,2,0,7,0,1,0,0,1,0,0,4.97312E+20,5.39066E+21,8.9635E+15,4.8669E+16
58609,8.17112E+18,8,1,28,115,2017,11,11,4,3,5,3,0,1,0,0,1,0,0,5.47419E+20,5.49621E+21,9.65645E+15,4.96166E+16
58610,8.17112E+18,8,1,27,63,2017,11,11,4,3,4,6,0,1,0,0,0,0,0,5.67224E+20,5.43479E+21,9.92023E+15,4.90623E+16
58611,8.17113E+18,8,1,36,2,2017,11,16,2,3,5,3,0,1,0,0,0,2,1,5.73801E+20,5.41617E+21,1.00069E+16,4.88941E+16
58612,8.17112E+18,8,1,36,89,2017,11,10,4,3,2,6,0,1,0,0,0,0,0,5.87084E+20,5.41794E+21,1.01884E+16,4.89082E+16
58613,8.17112E+18,8,1,26,58,2017,11,6,4,3,5,3,0,1,0,0,0,2,1,5.46374E+20,5.45093E+21,9.6367E+15,4.92094E+16
58614,8.17112E+18,8,1,26,47,2017,11,10,4,3,1,6,0,1,0,0,0,0,0,5.5006E+20,5.44997E+21,9.68719E+15,4.92005E+16
58615,8.17113E+18,8,1,36,19,2017,11,15,2,1,2,1,0,0,0,0,1,0,0,5.87351E+20,5.42877E+21,1.01944E+16,4.90056E+16
58616,8.17112E+18,8,1,26,47,2017,11,6,4,3,2,1,0,1,0,0,0,1,1,5.49394E+20,5.45253E+21,9.67836E+15,4.92236E+16
58617,8.17113E+18,8,1,35,19,2017,11,17,2,3,2,6,0,1,0,0,0,2,1,5.85017E+20,5.39202E+21,1.01549E+16,4.86755E+16
58618,8.17113E+18,8,1,35,19,2017,11,18,2,2,1,1,0,1,0,0,1,2,1,5.83285E+20,5.39249E+21,1.01314E+16,4.86799E+16
58619,8.17112E+18,8,1,21,0,2017,11,21,4,2,4,2,0,1,0,1,0,2,0,5.14866E+20,5.44155E+21,9.20377E+15,4.91266E+16
58620,8.17113E+18,8,1,35,20,2017,11,17,2,3,1,6,0,1,0,0,0,2,1,5.88365E+20,5.38665E+21,1.01992E+16,4.86267E+16
58621,8.17112E+18,8,1,19,67,2017,11,17,4,3,5,2,0,1,0,0,0,2,1,5.39042E+20,5.40635E+21,9.53175E+15,4.88089E+16
58622,8.17113E+18,8,1,27,25,2017,11,4,2,3,5,2,0,1,0,0,1,2,1,5.56764E+20,5.42627E+21,9.77587E+15,4.89867E+16
58623,8.17112E+18,8,1,18,48,2017,11,7,4,3,5,3,0,1,0,0,0,0,1,5.12889E+20,5.41529E+21,9.17583E+15,4.88904E+16
58624,8.17112E+18,8,1,18,79,2017,11,13,4,3,0,7,1,0,0,0,0,0,0,5.09921E+20,5.42217E+21,9.13551E+15,4.89524E+16
58625,8.17112E+18,8,1,15,28,2017,11,13,4,2,6,4,0,1,1,0,0,0,0,5.01264E+20,5.40705E+21,9.01722E+15,4.88164E+16
58626,8.17112E+18,8,4,25,71,2017,11,6,4,3,9,1,0,1,0,0,0,1,1,5.48529E+20,5.3749E+21,9.65727E+15,4.85253E+16
58627,8.17112E+18,8,4,25,71,2017,11,7,4,3,9,1,0,1,0,0,0,0,2,5.49522E+20,5.37026E+21,9.67017E+15,4.84835E+16
58628,8.17113E+18,8,1,27,25,2017,11,13,2,3,5,3,0,1,0,0,0,0,1,5.55783E+20,5.42928E+21,9.76287E+15,4.90139E+16
58629,8.17112E+18,8,4,25,108,2017,11,6,4,2,8,1,0,1,1,0,0,1,2,5.51805E+20,5.35925E+21,9.6997E+15,4.83843E+16
58630,8.17113E+18,8,1,25,65,2017,11,6,2,2,6,4,0,1,1,0,0,2,1,5.16032E+20,5.44749E+21,9.21998E+15,4.918E+16
58631,8.17112E+18,8,1,16,71,2017,11,9,4,2,2,6,0,1,0,0,0,0,0,5.28603E+20,5.38916E+21,9.38838E+15,4.86549E+16
58632,8.17113E+18,8,1,25,30,2017,11,16,2,3,5,3,0,1,0,1,0,2,1,5.15537E+20,5.43874E+21,9.21286E+15,4.91013E+16
58633,8.17112E+18,8,1,16,78,2017,11,14,4,3,2,6,0,1,0,0,0,0,0,5.13108E+20,5.391E+21,9.17805E+15,4.86719E+16
58634,8.17113E+18,8,1,25,5,2017,11,16,2,3,3,2,1,1,0,0,0,2,1,5.15766E+20,5.45284E+21,9.21654E+15,4.92282E+16
58635,8.17112E+18,8,1,16,14,2017,11,5,4,3,5,2,0,1,0,1,0,2,1,5.2811E+20,5.39599E+21,9.38215E+15,4.87163E+16
58636,8.17112E+18,8,1,16,49,2017,11,9,4,3,2,6,0,1,0,0,0,0,0,5.23519E+20,5.38733E+21,9.31925E+15,4.86386E+16
58637,8.17112E+18,8,1,11,0,2017,11,13,4,3,2,6,0,1,0,0,0,0,0,5.12822E+20,5.40752E+21,9.17468E+15,4.88205E+16
58638,8.17112E+18,8,1,11,0,2017,11,18,4,3,6,4,0,1,1,0,0,2,0,5.1584E+20,5.40632E+21,9.21574E+15,4.88097E+16
58639,8.17112E+18,8,1,11,0,2017,11,14,4,3,2,6,0,1,0,0,1,0,0,5.12022E+20,5.40488E+21,9.16369E+15,4.87968E+16
58640,8.17112E+18,8,1,11,0,2017,11,14,4,3,0,3,0,0,0,1,1,0,0,5.07798E+20,5.4075E+21,9.10623E+15,4.88204E+16
58641,8.17112E+18,8,1,11,0,2017,11,17,4,3,2,6,0,1,0,0,0,2,0,5.13944E+20,5.40306E+21,9.18981E+15,4.87804E+16
58642,8.17112E+18,8,4,37,31,2017,11,17,3,3,5,3,0,1,0,0,1,2,1,5.21446E+20,5.34144E+21,9.28876E+15,4.82259E+16
58643,8.17112E+18,8,4,35,57,2017,11,14,3,3,4,6,0,1,0,0,0,0,0,5.46342E+20,5.28198E+21,9.61755E+15,4.76895E+16
58644,8.17112E+18,8,4,35,24,2017,11,6,3,3,8,6,0,1,0,1,0,2,1,5.28236E+20,5.27949E+21,9.37612E+15,4.76681E+16
58645,8.17113E+18,8,1,25,17,2017,11,6,2,3,4,1,0,1,0,1,0,2,1,5.03876E+20,5.43045E+21,9.05302E+15,4.90269E+16
58646,8.17113E+18,8,1,19,61,2017,11,18,2,3,2,6,0,1,0,0,0,2,1,5.38868E+20,5.41398E+21,9.53011E+15,4.88776E+16
58647,8.17113E+18,8,1,19,20,2017,11,18,2,3,6,7,0,1,1,0,0,1,0,5.1918E+20,5.40658E+21,9.26125E+15,4.88119E+16
58648,8.17113E+18,8,1,18,67,2017,11,16,2,3,5,3,0,1,0,1,0,2,0,5.06003E+20,5.41414E+21,9.08188E+15,4.88802E+16
58649,8.17113E+18,8,1,16,49,2017,11,7,2,3,2,6,0,1,0,0,0,0,0,5.24412E+20,5.38777E+21,9.33139E+15,4.86425E+16
58650,8.17112E+18,8,4,25,72,2017,11,18,3,3,2,1,0,1,0,0,1,2,1,5.79758E+20,5.37159E+21,1.00795E+16,4.84924E+16
58651,8.17113E+18,8,1,16,49,2017,11,8,2,3,5,3,0,1,0,1,0,0,0,5.25196E+20,5.38602E+21,9.34193E+15,4.86268E+16
58652,8.17112E+18,8,4,17,2,2017,11,6,3,3,5,3,0,1,0,0,1,2,1,4.89177E+20,5.3436E+21,8.85422E+15,4.82456E+16
58653,8.17113E+18,8,1,16,14,2017,11,6,2,3,2,6,0,1,0,0,0,2,1,5.27986E+20,5.39593E+21,9.38046E+15,4.87158E+16
58654,8.17112E+18,8,4,16,49,2017,11,18,3,3,5,3,1,1,0,0,0,2,0,4.91323E+20,5.3698E+21,8.88258E+15,4.84812E+16
58655,8.17112E+18,8,3,35,75,2017,11,18,3,2,6,2,0,0,1,0,1,2,0,4.88606E+20,5.28804E+21,8.848E+15,4.77456E+16
58656,8.17113E+18,8,1,11,0,2017,11,10,2,3,3,6,1,1,0,0,0,0,0,5.18745E+20,5.40262E+21,9.25514E+15,4.87763E+16
58657,8.17112E+18,8,3,27,50,2017,11,16,3,3,3,6,0,1,0,0,1,1,0,4.85007E+20,5.31511E+21,8.79905E+15,4.79892E+16
58658,8.17112E+18,8,3,25,53,2017,11,6,3,2,9,1,0,0,0,0,1,2,1,4.50167E+20,5.33605E+21,8.32967E+15,4.81757E+16
58659,8.17112E+18,8,3,17,40,2017,11,6,3,3,2,6,0,1,0,0,0,2,1,4.3259E+20,5.34774E+21,8.09141E+15,4.82793E+16
58660,8.17112E+18,8,3,17,96,2017,11,7,3,3,5,3,0,1,0,0,1,2,1,4.21143E+20,5.36872E+21,7.93321E+15,4.84666E+16
58661,8.17113E+18,8,1,11,0,2017,11,20,2,3,5,3,0,1,0,1,0,2,0,5.10792E+20,5.40347E+21,9.14692E+15,4.87841E+16
58662,8.17112E+18,8,3,15,76,2017,11,5,3,2,5,3,0,1,0,1,0,2,1,3.94304E+20,5.30232E+21,7.58674E+15,4.78655E+16
58663,8.17113E+18,8,1,11,0,2017,11,6,2,3,2,6,0,1,0,0,0,2,0,5.07185E+20,5.40728E+21,9.09788E+15,4.88185E+16
58664,8.17112E+18,8,2,26,96,2017,11,14,3,3,3,1,0,1,0,0,0,0,1,4.73291E+20,5.48721E+21,8.63085E+15,4.95369E+16
58665,8.17113E+18,8,1,11,0,2017,11,9,2,3,2,6,0,1,0,0,0,0,1,5.07041E+20,5.40503E+21,9.09587E+15,4.87982E+16
58666,8.17112E+18,8,2,12,0,2017,11,8,3,3,5,2,1,1,0,0,0,0,1,4.55721E+20,5.42807E+21,8.39457E+15,4.90039E+16
58667,8.17112E+18,8,2,31,0,2017,11,10,3,3,3,7,0,1,0,0,0,0,1,4.75769E+20,5.41636E+21,8.66938E+15,4.88997E+16
58668,8.17112E+18,8,2,36,43,2017,11,17,3,2,2,6,0,1,0,0,0,2,0,4.70171E+20,5.40939E+21,8.5935E+15,4.88368E+16
58669,8.17112E+18,8,2,36,38,2017,11,7,3,3,0,3,0,0,0,1,1,2,1,4.89674E+20,5.42836E+21,8.8588E+15,4.9008E+16
58670,8.17112E+18,8,2,36,28,2017,11,12,3,3,5,3,0,1,0,0,0,0,0,4.94827E+20,5.42178E+21,8.92935E+15,4.89489E+16
58671,8.17112E+18,8,2,36,39,2017,11,16,3,3,2,6,0,1,0,0,0,1,0,4.90295E+20,5.41059E+21,8.86771E+15,4.88482E+16
58672,8.17112E+18,8,2,26,95,2017,11,18,3,3,2,6,0,1,0,0,0,1,0,4.73545E+20,5.4606E+21,8.63613E+15,4.92975E+16
58673,8.1712E+18,8,1,21,0,2017,12,0,6,3,8,1,0,1,0,0,0,2,2,5.13376E+20,5.44087E+21,9.18332E+15,4.91205E+16
58674,8.1712E+18,8,1,25,65,2017,12,13,6,3,2,2,0,1,0,0,0,0,1,5.21694E+20,5.45129E+21,9.29788E+15,4.9214E+16
58675,8.1712E+18,8,1,16,78,2017,12,6,6,3,1,6,0,1,0,0,0,2,1,5.1371E+20,5.39132E+21,9.18623E+15,4.86748E+16
58676,8.1712E+18,8,2,12,0,2017,12,16,6,3,2,6,0,1,0,0,0,2,1,4.59403E+20,5.42623E+21,8.44509E+15,4.89877E+16
58677,8.1712E+18,8,1,28,138,2017,12,7,6,3,9,1,0,1,0,0,0,1,1,5.39854E+20,5.48648E+21,9.55075E+15,4.95296E+16
58678,8.1712E+18,8,1,35,19,2017,12,15,6,3,6,4,0,0,1,0,1,0,1,5.84647E+20,5.39245E+21,1.01499E+16,4.86793E+16
58679,8.1712E+18,8,1,27,99,2017,12,14,6,3,2,1,0,1,0,0,1,0,1,5.60882E+20,5.4471E+21,9.83529E+15,4.91737E+16
58680,8.1712E+18,8,1,16,56,2017,12,13,6,3,1,6,0,1,0,0,0,0,0,5.30631E+20,5.39521E+21,9.41636E+15,4.87092E+16
58681,8.1712E+18,8,1,16,56,2017,12,5,6,2,6,4,0,1,1,0,0,1,1,5.30498E+20,5.3956E+21,9.41459E+15,4.87127E+16
58682,8.1712E+18,8,1,15,41,2017,12,16,6,3,2,6,0,1,0,0,0,0,0,4.97292E+20,5.40262E+21,8.96314E+15,4.87765E+16
58683,8.1712E+18,8,1,15,28,2017,12,12,6,3,2,6,0,1,0,0,0,0,0,5.01973E+20,5.40266E+21,9.02685E+15,4.8777E+16
58684,8.1712E+18,8,1,11,0,2017,12,18,6,3,2,6,0,1,0,0,0,2,0,5.13363E+20,5.41055E+21,9.18215E+15,4.88478E+16
58685,8.1712E+18,8,1,17,38,2017,12,15,6,3,6,4,0,1,1,0,0,0,1,5.47045E+20,5.3978E+21,9.63977E+15,4.87315E+16
58686,8.1712E+18,8,2,12,0,2017,12,19,6,3,6,4,0,1,1,0,0,1,0,4.52787E+20,5.42914E+21,8.35433E+15,4.90133E+16
58687,8.1712E+18,8,2,15,84,2017,12,16,6,3,3,6,1,1,0,0,0,2,0,4.73139E+20,5.44527E+21,8.63157E+15,4.91596E+16
58688,8.1712E+18,8,1,15,45,2017,12,11,6,3,2,6,0,1,0,0,0,0,0,5.02702E+20,5.39855E+21,9.03675E+15,4.87399E+16
58689,8.1712E+18,8,1,11,0,2017,12,11,6,3,2,6,0,1,0,0,1,0,0,5.16019E+20,5.40378E+21,9.21808E+15,4.87869E+16
58690,8.1712E+18,8,1,11,0,2017,12,16,6,3,2,6,0,1,0,0,0,2,0,5.13485E+20,5.40634E+21,9.18366E+15,4.88099E+16
58691,8.1712E+18,8,1,11,0,2017,12,16,6,3,6,7,1,0,1,0,0,1,1,5.09896E+20,5.39913E+21,9.13461E+15,4.87451E+16
58692,8.17113E+18,8,4,37,82,2017,11,8,5,3,8,1,0,1,0,0,0,0,2,5.12716E+20,5.34048E+21,9.17119E+15,4.82174E+16
58693,8.17113E+18,8,4,37,107,2017,11,18,5,3,8,1,0,1,0,0,0,2,2,5.03169E+20,5.32946E+21,9.04258E+15,4.81184E+16
58694,8.1712E+18,8,1,27,12,2017,12,20,6,2,8,1,0,1,0,0,0,2,1,5.66105E+20,5.43296E+21,9.90463E+15,4.9046E+16
58695,8.17113E+18,8,4,36,55,2017,11,14,5,3,4,1,0,1,0,0,0,0,2,5.81759E+20,5.29574E+21,1.0092E+16,4.78098E+16
58696,8.1712E+18,8,1,25,5,2017,12,10,6,3,5,3,0,1,0,0,0,0,1,5.18127E+20,5.45335E+21,9.249E+15,4.92327E+16
58697,8.17113E+18,8,4,35,59,2017,11,16,5,3,6,4,0,1,1,0,0,1,0,5.13113E+20,5.29094E+21,9.17502E+15,4.77717E+16
58698,8.1712E+18,8,1,18,48,2017,12,12,6,3,5,3,1,0,0,0,1,0,0,5.12818E+20,5.41528E+21,9.17486E+15,4.88904E+16
58699,8.1712E+18,8,1,36,27,2017,12,18,6,3,5,3,0,1,0,0,0,2,0,5.54443E+20,5.4204E+21,9.74337E+15,4.89342E+16
58700,8.1712E+18,8,1,18,80,2017,12,7,6,3,3,7,0,1,0,0,0,1,1,5.10173E+20,5.41357E+21,9.13874E+15,4.8875E+16
58701,8.17113E+18,8,4,37,59,2017,11,21,5,3,9,1,0,1,0,0,0,2,2,5.08846E+20,5.32045E+21,9.11867E+15,4.80372E+16
58702,8.17113E+18,8,4,25,72,2017,11,20,5,3,5,3,0,1,0,0,1,2,1,5.76204E+20,5.36771E+21,1.00307E+16,4.84579E+16
58703,8.17113E+18,8,4,25,71,2017,11,7,5,3,5,3,0,1,0,0,0,1,2,5.50031E+20,5.3715E+21,9.67719E+15,4.84946E+16
58704,8.17113E+18,8,2,16,49,2017,11,5,5,3,5,2,0,1,0,1,0,2,1,4.38842E+20,5.40081E+21,8.16788E+15,4.87573E+16
58705,8.17113E+18,8,1,15,13,2017,11,0,5,2,2,6,0,1,0,0,1,2,1,4.97271E+20,5.39012E+21,8.96294E+15,4.86642E+16
58706,8.17113E+18,8,1,15,28,2017,11,19,5,3,3,6,0,1,0,0,1,2,1,5.02151E+20,5.40188E+21,9.02927E+15,4.87699E+16
58707,8.17113E+18,8,2,22,0,2017,11,16,5,3,6,4,0,1,1,0,0,2,1,4.61408E+20,5.4841E+21,8.46693E+15,4.95083E+16
58708,8.17113E+18,8,2,22,0,2017,11,14,5,3,2,6,0,1,0,0,1,0,1,4.61912E+20,5.48137E+21,8.47415E+15,4.94838E+16
58709,8.17113E+18,8,2,22,0,2017,11,11,5,3,1,1,0,1,0,0,0,0,1,4.62928E+20,5.48257E+21,8.48806E+15,4.94946E+16
58710,8.1712E+18,8,1,19,79,2017,12,21,6,3,2,6,0,1,0,0,0,2,0,5.21507E+20,5.40738E+21,9.29298E+15,4.8819E+16
58711,8.1712E+18,8,1,19,90,2017,12,14,6,3,2,2,0,1,0,0,0,0,0,5.29686E+20,5.40719E+21,9.40439E+15,4.88169E+16
58712,8.1712E+18,8,1,27,99,2017,12,13,6,3,3,1,0,1,0,0,1,0,0,5.61147E+20,5.44715E+21,9.83893E+15,4.91741E+16
58713,8.17113E+18,8,2,31,0,2017,11,13,5,3,2,6,0,1,0,0,1,0,1,4.78258E+20,5.41628E+21,8.70335E+15,4.88991E+16
58714,8.17113E+18,8,2,31,0,2017,11,7,5,3,2,6,0,1,0,0,0,1,1,4.81359E+20,5.41699E+21,8.74562E+15,4.89056E+16
58715,8.17113E+18,8,1,35,32,2017,11,23,5,3,8,1,0,1,0,0,0,2,2,5.78413E+20,5.39227E+21,1.00652E+16,4.86786E+16
58716,8.17113E+18,8,4,25,33,2017,11,8,5,3,8,1,0,1,0,0,0,0,1,5.49402E+20,5.35071E+21,9.66624E+15,4.83076E+16
58717,8.17113E+18,8,4,17,31,2017,11,12,5,3,8,1,0,1,0,0,0,0,1,4.96261E+20,5.35356E+21,8.94954E+15,4.83352E+16
58718,8.17113E+18,8,4,16,25,2017,11,7,5,3,4,1,0,1,0,0,1,1,2,5.08877E+20,5.35794E+21,9.11988E+15,4.83746E+16
58719,8.17113E+18,8,4,16,15,2017,11,9,5,3,4,6,0,1,0,0,1,0,1,5.09044E+20,5.3685E+21,9.12236E+15,4.84696E+16
58720,8.17113E+18,8,4,15,89,2017,11,21,5,3,4,1,0,1,0,0,0,2,2,5.2118E+20,5.36274E+21,9.28625E+15,4.84175E+16
58721,8.17113E+18,8,4,15,73,2017,11,7,5,3,8,1,0,1,0,0,0,0,2,5.1847E+20,5.35126E+21,9.24911E+15,4.83142E+16
58722,8.17113E+18,8,4,15,89,2017,11,8,5,3,2,6,0,1,0,0,0,0,2,5.19887E+20,5.35786E+21,9.26855E+15,4.83736E+16
58723,8.17113E+18,8,3,15,76,2017,11,22,5,3,8,1,0,1,0,0,0,2,2,3.9272E+20,5.29954E+21,7.56625E+15,4.78403E+16
58724,8.17113E+18,8,3,37,90,2017,11,9,5,3,4,1,0,1,0,0,1,0,2,4.23348E+20,5.27452E+21,7.9799E+15,4.76195E+16
58725,8.17113E+18,8,3,36,57,2017,11,13,5,3,2,6,0,1,0,0,1,0,1,4.08052E+20,5.27583E+21,7.77611E+15,4.76293E+16
58726,8.17113E+18,8,3,36,81,2017,11,10,5,3,4,3,0,1,0,0,1,0,1,4.09497E+20,5.27788E+21,7.79491E+15,4.7648E+16
58727,8.17113E+18,8,3,35,43,2017,11,17,5,3,2,6,0,1,0,0,0,2,1,5.10238E+20,5.28275E+21,9.13645E+15,4.7698E+16
58728,8.17113E+18,8,4,35,57,2017,11,6,5,2,5,3,0,1,0,1,0,2,1,5.44226E+20,5.28005E+21,9.58915E+15,4.76724E+16
58729,8.17113E+18,8,4,35,20,2017,11,18,5,2,4,1,0,1,0,0,0,2,2,5.2351E+20,5.29791E+21,9.31416E+15,4.78341E+16
58730,8.17113E+18,8,3,27,9,2017,11,13,5,3,2,2,0,1,0,0,0,0,1,4.83924E+20,5.33598E+21,8.78375E+15,4.81768E+16
58731,8.17113E+18,8,4,17,47,2017,11,12,5,3,4,1,0,1,0,0,0,0,2,4.88054E+20,5.33467E+21,8.83934E+15,4.81651E+16
58732,8.17113E+18,8,3,26,74,2017,11,7,5,3,5,3,0,1,0,0,0,1,1,4.61748E+20,5.32739E+21,8.48623E+15,4.80986E+16
58733,8.17113E+18,8,3,26,12,2017,11,18,5,3,9,1,0,1,0,0,0,2,2,4.52124E+20,5.31527E+21,8.35832E+15,4.79889E+16
58734,8.17113E+18,8,3,25,45,2017,11,17,5,3,2,6,0,1,0,0,0,1,1,4.70135E+20,5.34706E+21,8.59749E+15,4.8276E+16
58735,8.17113E+18,8,2,37,28,2017,11,13,5,2,6,7,0,1,1,0,0,0,2,4.51656E+20,5.36787E+21,8.34605E+15,4.84621E+16
58736,8.17113E+18,8,3,17,96,2017,11,16,5,3,2,6,0,1,0,0,0,1,1,4.23319E+20,5.37361E+21,7.96175E+15,4.85109E+16
58737,8.17113E+18,8,3,17,26,2017,11,17,5,3,2,6,0,1,0,0,0,2,1,4.10262E+20,5.34553E+21,7.79099E+15,4.82566E+16
58738,8.17113E+18,8,3,17,65,2017,11,7,5,3,5,3,0,1,0,0,0,1,1,4.14036E+20,5.35511E+21,7.83986E+15,4.83434E+16
58739,8.17113E+18,8,3,17,98,2017,11,8,5,3,4,1,0,1,0,0,0,0,2,4.4393E+20,5.37071E+21,8.24118E+15,4.8487E+16
58740,8.17113E+18,8,3,17,85,2017,11,19,5,2,4,6,0,1,0,0,0,2,1,4.3108E+20,5.35943E+21,8.06915E+15,4.83843E+16
58741,8.17113E+18,8,3,16,56,2017,11,8,5,3,3,1,0,1,0,0,1,0,1,4.24135E+20,5.32816E+21,7.98096E+15,4.81021E+16
58742,8.17113E+18,8,3,16,17,2017,11,15,5,3,5,2,0,1,0,1,0,0,1,4.08672E+20,5.34178E+21,7.77038E+15,4.82227E+16
58743,8.1712E+18,8,4,35,15,2017,12,7,2,3,4,6,0,1,0,0,0,1,2,5.1961E+20,5.29928E+21,9.2621E+15,4.78466E+16
58744,8.1712E+18,8,4,37,86,2017,12,6,2,2,8,1,0,1,0,0,0,2,2,5.26881E+20,5.31264E+21,9.36013E+15,4.79665E+16
58745,8.1712E+18,8,4,26,14,2017,12,7,2,2,4,6,0,1,0,0,0,2,2,5.4638E+20,5.31865E+21,9.62199E+15,4.80195E+16
58746,8.1712E+18,8,4,26,87,2017,12,0,2,3,9,1,0,1,0,0,0,2,1,5.72419E+20,5.32773E+21,9.97268E+15,4.80988E+16
58747,8.1712E+18,8,4,26,21,2017,12,17,2,3,5,2,1,1,0,0,0,2,1,5.58218E+20,5.32725E+21,9.7819E+15,4.80959E+16
58748,8.1712E+18,8,4,21,0,2017,12,9,2,3,6,2,0,0,1,0,1,0,1,5.70787E+20,5.36427E+21,9.95688E+15,4.84276E+16
58749,8.1712E+18,8,4,17,13,2017,12,18,2,3,9,1,0,1,0,0,0,2,2,5.07052E+20,5.3477E+21,9.09506E+15,4.82825E+16
58750,8.1712E+18,8,4,15,78,2017,12,17,2,3,4,6,0,1,0,0,0,2,1,5.27444E+20,5.37244E+21,9.37154E+15,4.85045E+16
58751,8.1712E+18,8,4,15,73,2017,12,7,2,3,8,1,0,1,0,0,0,1,2,5.16103E+20,5.34804E+21,9.21708E+15,4.82853E+16
58752,8.1712E+18,8,4,15,53,2017,12,16,2,3,4,6,0,1,0,0,0,0,2,5.36213E+20,5.36003E+21,9.48918E+15,4.83924E+16
58753,8.1712E+18,8,3,37,128,2017,12,9,2,3,8,1,0,1,0,0,1,0,2,4.42421E+20,5.28558E+21,8.23224E+15,4.7721E+16
58754,8.17113E+18,8,3,15,130,2017,11,17,5,3,4,6,0,1,0,0,1,2,1,4.09159E+20,5.30066E+21,7.78566E+15,4.78529E+16
58755,8.17113E+18,8,3,15,133,2017,11,13,5,2,5,3,0,1,0,0,0,0,1,4.02776E+20,5.32672E+21,7.69446E+15,4.80864E+16
58756,8.1712E+18,8,3,37,126,2017,12,7,2,2,6,4,0,1,1,0,0,1,1,4.44722E+20,5.27497E+21,8.26427E+15,4.76258E+16
58757,8.1712E+18,8,4,36,8,2017,12,6,2,3,4,1,0,1,0,0,1,2,2,5.50827E+20,5.31265E+21,9.68091E+15,4.79651E+16
58758,8.1712E+18,8,3,27,17,2017,12,0,2,3,4,1,0,1,0,0,1,2,2,4.79045E+20,5.33041E+21,8.7184E+15,4.81266E+16
58759,8.1712E+18,8,3,26,68,2017,12,20,2,3,0,1,0,1,0,0,0,2,1,4.49159E+20,5.31981E+21,8.31805E+15,4.80296E+16
58760,8.1712E+18,8,3,25,72,2017,12,17,2,2,5,3,0,0,0,0,1,2,1,4.70383E+20,5.32825E+21,8.60215E+15,4.81068E+16
58761,8.1712E+18,8,3,17,96,2017,12,15,2,3,5,3,0,1,0,0,0,0,1,4.22016E+20,5.37004E+21,7.94477E+15,4.84787E+16
58762,8.1712E+18,8,3,17,96,2017,12,16,2,3,2,6,0,1,0,0,0,2,1,4.23014E+20,5.37277E+21,7.95777E+15,4.85033E+16