OBJECTID,UIDENTSTLA,ULAND,UREGBEZ,UKREIS,UGEMEINDE,UJAHR,UMONAT,USTUNDE,UWOCHENTAG,UKATEGORIE,UART,UTYP1,IstRad,IstPKW,IstFuss,IstKrad,IstSonstig,LICHT,STRZUSTAND,LINREFX,LINREFY,XGCSWGS84,YGCSWGS84
58763,8.1712E+18,8,3,17,57,2017,12,10,2,3,1,5,0,1,0,0,0,0,1,4.16914E+20,5.38327E+21,7.87311E+15,4.8597E+16
58764,8.1712E+18,8,3,17,65,2017,12,16,2,3,2,6,0,1,0,0,0,0,0,4.11557E+20,5.35808E+21,7.8058E+15,4.83696E+16
58765,8.1712E+18,8,3,16,11,2017,12,5,2,3,8,1,0,0,0,0,1,2,2,4.17171E+20,5.3276E+21,7.88755E+15,4.80963E+16
58766,8.1712E+18,8,3,15,47,2017,12,21,2,2,8,1,0,1,0,0,0,2,1,4.15099E+20,5.32263E+21,7.86071E+15,4.80513E+16
58767,8.17113E+18,8,2,12,0,2017,11,13,5,2,5,3,0,1,0,0,1,0,0,4.55162E+20,5.42825E+21,8.38691E+15,4.90055E+16
58768,8.1712E+18,8,2,26,103,2017,12,8,2,3,3,6,0,1,0,0,1,0,1,4.71665E+20,5.4572E+21,8.61052E+15,4.92669E+16
58769,8.17113E+18,8,2,35,80,2017,11,18,5,3,5,3,0,1,0,0,0,2,2,4.75541E+20,5.38772E+21,8.66797E+15,4.8642E+16
58770,8.1712E+18,8,2,12,0,2017,12,8,2,2,9,6,0,1,0,0,1,1,1,4.56697E+20,5.42335E+21,8.40842E+15,4.89615E+16
58771,8.1712E+18,8,2,31,0,2017,12,17,2,3,2,6,0,1,0,0,0,2,1,4.80681E+20,5.41686E+21,8.73637E+15,4.89044E+16
58772,8.1712E+18,8,2,36,13,2017,12,11,2,3,9,1,0,0,0,0,1,0,1,4.7246E+20,5.4093E+21,8.62471E+15,4.88361E+16
58773,8.1712E+18,8,2,36,28,2017,12,16,2,3,5,2,0,1,0,0,0,0,1,4.95325E+20,5.42216E+21,8.93615E+15,4.89523E+16
58774,8.1712E+18,8,2,26,49,2017,12,14,2,3,5,2,0,1,0,0,0,0,1,4.86033E+20,5.46431E+21,8.80776E+15,4.93313E+16
58775,8.1712E+18,8,2,25,64,2017,12,19,2,3,8,1,0,1,0,0,0,2,1,5.06498E+20,5.47368E+21,9.08959E+15,4.94158E+16
58776,8.1712E+18,8,2,22,0,2017,12,19,2,3,2,6,0,1,0,0,0,2,1,4.64634E+20,5.48521E+21,8.51139E+15,4.95185E+16
58777,8.1712E+18,8,2,15,7,2017,12,10,2,3,2,6,0,1,0,0,0,0,1,4.77289E+20,5.4318E+21,8.68926E+15,4.90386E+16
58778,8.1712E+18,8,1,26,11,2017,12,16,2,3,3,6,0,1,0,0,1,1,0,5.30237E+20,5.44783E+21,9.41492E+15,4.91825E+16
58779,8.1712E+18,8,2,36,25,2017,12,15,2,3,2,6,0,1,0,0,1,0,1,4.92286E+20,5.40769E+21,8.89491E+15,4.88222E+16
58780,8.1712E+18,8,1,15,28,2017,12,13,2,2,2,6,0,1,0,0,0,0,0,4.98735E+20,5.40381E+21,8.98277E+15,4.87873E+16
58781,8.1712E+18,8,1,15,45,2017,12,9,2,3,2,6,0,1,0,0,1,0,1,5.01606E+20,5.39397E+21,9.02183E+15,4.86988E+16
58782,8.1712E+18,8,1,18,53,2017,12,5,2,3,2,6,0,1,0,0,1,2,1,5.17301E+20,5.42788E+21,9.23656E+15,4.90036E+16
58783,8.17113E+18,8,2,35,46,2017,11,6,5,3,5,3,0,1,0,0,0,2,1,4.79316E+20,5.37186E+21,8.72001E+15,4.84996E+16
58784,8.1712E+18,8,1,36,19,2017,12,7,2,3,2,1,0,1,0,0,0,1,2,5.81565E+20,5.42553E+21,1.01147E+16,4.89773E+16
58785,8.1712E+18,8,1,36,88,2017,12,5,2,3,5,3,0,1,0,0,1,2,1,5.80781E+20,5.40908E+21,1.01007E+16,4.88294E+16
58786,8.1712E+18,8,1,27,99,2017,12,1,2,3,3,1,0,1,0,0,0,2,2,5.64333E+20,5.4474E+21,9.88268E+15,4.9176E+16
58787,8.17113E+18,8,2,35,65,2017,11,0,5,3,8,1,0,1,0,0,0,2,2,4.7482E+20,5.40329E+21,8.65724E+15,4.87821E+16
58788,8.1712E+18,8,1,21,0,2017,12,7,2,2,6,4,0,1,1,0,0,2,1,5.14578E+20,5.44413E+21,9.19991E+15,4.91498E+16
58789,8.1712E+18,8,1,25,8,2017,12,18,2,3,1,6,0,1,0,0,0,2,1,5.22861E+20,5.43229E+21,9.31282E+15,4.9043E+16
58790,8.17113E+18,8,2,35,85,2017,11,6,5,3,9,1,0,1,0,0,0,2,2,4.75579E+20,5.39708E+21,8.66793E+15,4.87263E+16
58791,8.17113E+18,8,2,36,28,2017,11,6,5,3,9,1,0,0,0,0,1,1,2,4.93214E+20,5.42356E+21,8.90729E+15,4.89649E+16
58792,8.1712E+18,8,1,25,30,2017,12,16,2,3,8,7,0,1,0,0,0,2,1,5.19495E+20,5.43715E+21,9.26699E+15,4.90869E+16
58793,8.1712E+18,8,1,25,46,2017,12,19,2,3,5,3,0,1,0,0,0,2,1,5.15781E+20,5.43497E+21,9.21605E+15,4.90674E+16
58794,8.1712E+18,8,1,21,0,2017,12,10,2,2,6,7,0,1,1,0,0,0,0,5.14126E+20,5.44322E+21,9.19368E+15,4.91416E+16
58795,8.1712E+18,8,1,19,90,2017,12,7,2,3,5,2,0,1,0,0,0,2,1,5.31935E+20,5.4067E+21,9.43498E+15,4.88125E+16
58796,8.1712E+18,8,1,19,20,2017,12,17,2,1,6,4,0,1,1,0,0,2,1,5.18529E+20,5.40891E+21,9.25248E+15,4.88329E+16
58797,8.1712E+18,8,1,18,49,2017,12,15,2,3,6,4,0,0,1,0,1,0,1,5.19535E+20,5.42056E+21,9.26674E+15,4.89376E+16
58798,8.1712E+18,8,1,18,40,2017,12,17,2,3,2,6,0,1,0,0,0,0,1,5.10781E+20,5.43094E+21,9.14749E+15,4.90313E+16
58799,8.1712E+18,8,1,16,56,2017,12,7,2,3,5,3,0,1,0,0,0,2,1,5.32698E+20,5.3947E+21,9.44443E+15,4.87045E+16
58800,8.1712E+18,8,1,16,33,2017,12,11,2,3,2,6,0,1,0,0,0,0,1,5.33613E+20,5.38664E+21,9.45621E+15,4.86319E+16
58801,8.1712E+18,8,1,15,1,2017,12,7,2,3,2,6,0,1,0,0,0,0,1,4.92601E+20,5.39175E+21,8.89948E+15,4.86787E+16
58802,8.1712E+18,8,1,11,0,2017,12,22,2,3,2,6,0,1,0,0,0,2,0,5.15038E+20,5.40613E+21,9.20482E+15,4.8808E+16
58803,8.1712E+18,8,1,11,0,2017,12,7,2,3,2,6,0,1,0,0,0,1,1,5.08389E+20,5.39839E+21,9.1141E+15,4.87384E+16
58804,8.1712E+18,8,4,37,105,2017,12,22,1,3,9,1,0,1,0,0,0,2,2,5.20441E+20,5.32378E+21,9.27438E+15,4.8067E+16
58805,8.1712E+18,8,4,36,87,2017,12,21,1,2,8,1,0,1,0,0,0,2,2,5.4878E+20,5.30591E+21,9.65273E+15,4.79046E+16
58806,8.1712E+18,8,4,17,44,2017,12,18,1,3,9,1,0,1,0,0,0,2,2,4.91169E+20,5.33805E+21,8.88117E+15,4.81957E+16
58807,8.17113E+18,8,2,36,31,2017,11,22,5,3,8,1,0,1,0,0,0,2,1,4.80915E+20,5.42022E+21,8.73941E+15,4.89346E+16
58808,8.17113E+18,8,2,31,0,2017,11,9,5,3,3,6,0,1,0,0,1,0,1,4.79781E+20,5.41614E+21,8.72413E+15,4.88979E+16
58809,8.17113E+18,8,2,25,109,2017,11,7,5,3,9,1,0,1,0,0,0,0,2,5.29153E+20,5.49339E+21,9.40338E+15,4.95923E+16
58810,8.1712E+18,8,3,35,96,2017,12,21,1,3,8,1,0,1,0,0,0,2,2,5.10469E+20,5.30213E+21,9.14001E+15,4.78724E+16
58811,8.1712E+18,8,3,35,75,2017,12,17,1,3,5,3,0,1,0,0,0,2,0,4.88177E+20,5.28869E+21,8.84227E+15,4.77514E+16
58812,8.17113E+18,8,1,26,11,2017,11,17,5,3,2,1,0,1,0,0,1,2,1,5.30042E+20,5.44754E+21,9.41222E+15,4.91799E+16
58813,8.1712E+18,8,3,17,34,2017,12,17,1,3,0,7,1,0,0,0,0,2,1,4.2597E+20,5.3632E+21,7.99947E+15,4.84176E+16
58814,8.1712E+18,8,3,17,73,2017,12,10,1,3,3,6,0,1,0,0,0,0,0,4.09444E+20,5.34807E+21,7.77943E+15,4.82794E+16
58815,8.1712E+18,8,3,17,150,2017,12,17,1,3,9,1,0,1,0,0,0,2,2,4.08265E+20,5.357E+21,7.7616E+15,4.83595E+16
58816,8.1712E+18,8,2,26,98,2017,12,9,1,3,2,6,0,1,0,0,0,0,1,4.78772E+20,5.45849E+21,8.70814E+15,4.92788E+16
58817,8.1712E+18,8,2,37,28,2017,12,13,1,3,2,2,0,1,0,0,0,0,1,4.49676E+20,5.36869E+21,8.31917E+15,4.84693E+16
58818,8.1712E+18,8,2,35,66,2017,12,17,1,3,6,7,0,1,1,0,0,2,2,4.64144E+20,5.38581E+21,8.51343E+15,4.86243E+16
58819,8.1712E+18,8,2,31,0,2017,12,1,1,3,8,1,0,1,0,0,0,2,0,4.76444E+20,5.41571E+21,8.67863E+15,4.88939E+16
58820,8.1712E+18,8,2,36,43,2017,12,13,1,3,2,6,0,1,0,0,0,0,0,4.69169E+20,5.40714E+21,8.58002E+15,4.88165E+16
58821,8.1712E+18,8,2,36,28,2017,12,15,1,3,5,3,0,1,0,0,0,0,1,4.9383E+20,5.42217E+21,8.91572E+15,4.89524E+16
58822,8.1712E+18,8,2,26,46,2017,12,14,1,3,5,3,0,1,0,0,0,0,1,4.75147E+20,5.45453E+21,8.65854E+15,4.92431E+16
58823,8.1712E+18,8,2,26,96,2017,12,1,1,3,2,6,0,1,0,0,0,2,0,4.75743E+20,5.48848E+21,8.66466E+15,4.95484E+16
58824,8.1712E+18,8,2,26,84,2017,12,19,1,3,9,1,0,1,0,0,0,2,2,4.67245E+20,5.46563E+21,8.54908E+15,4.93425E+16
58825,8.1712E+18,8,2,25,109,2017,12,13,1,3,4,1,0,1,0,0,0,0,2,5.27098E+20,5.49179E+21,9.37484E+15,4.95781E+16
58826,8.1712E+18,8,2,22,0,2017,12,17,1,3,6,4,0,1,1,0,0,2,1,4.61544E+20,5.48117E+21,8.46909E+15,4.9482E+16
58827,8.1712E+18,8,2,26,29,2017,12,12,1,2,8,1,0,1,0,0,0,0,1,4.83918E+20,5.48237E+21,8.77792E+15,4.94938E+16
58828,8.1712E+18,8,2,16,63,2017,12,12,1,3,8,1,0,1,0,0,0,0,1,4.32236E+20,5.40398E+21,8.0775E+15,4.87852E+16
58829,8.1712E+18,8,2,12,0,2017,12,17,1,3,5,3,0,1,0,0,0,2,1,4.57866E+20,5.42798E+21,8.4239E+15,4.90032E+16
58830,8.1712E+18,8,1,15,28,2017,12,19,1,3,2,6,0,1,0,0,0,2,1,5.02208E+20,5.40179E+21,9.03005E+15,4.87691E+16
58831,8.17113E+18,8,1,28,139,2017,11,7,5,3,8,1,0,1,0,0,0,0,2,5.56266E+20,5.48729E+21,9.77765E+15,4.95357E+16
58832,8.17113E+18,8,2,26,82,2017,11,17,5,3,6,7,0,1,1,0,0,2,0,4.7554E+20,5.48042E+21,8.66236E+15,4.94759E+16
58833,8.1712E+18,8,1,35,32,2017,12,4,1,3,9,1,0,1,0,0,0,2,1,5.75099E+20,5.39111E+21,1.002E+16,4.86685E+16
58834,8.1712E+18,8,1,28,45,2017,12,15,1,2,8,1,0,1,0,0,0,0,2,5.54633E+20,5.50185E+21,9.75709E+15,4.96667E+16
58835,8.1712E+18,8,1,28,138,2017,12,15,1,3,8,1,0,1,0,0,0,0,1,5.37577E+20,5.47727E+21,9.51841E+15,4.9447E+16
58836,8.1712E+18,8,1,27,14,2017,12,22,1,3,4,1,0,1,0,0,0,2,2,5.77223E+20,5.44262E+21,1.00586E+16,4.91315E+16
58837,8.1712E+18,8,1,27,89,2017,12,17,1,3,4,1,0,1,0,0,1,2,2,5.63388E+20,5.43718E+21,9.8681E+15,4.90842E+16
58838,8.1712E+18,8,1,27,59,2017,12,17,1,3,4,1,0,1,0,0,0,2,1,5.5063E+20,5.43921E+21,9.69366E+15,4.91036E+16
58839,8.1712E+18,8,1,21,0,2017,12,19,1,2,9,1,0,1,0,0,0,2,2,5.08208E+20,5.44668E+21,9.11261E+15,4.91729E+16
58840,8.17113E+18,8,2,36,25,2017,11,7,5,3,4,1,0,1,0,0,1,1,2,4.91883E+20,5.40639E+21,8.88945E+15,4.88104E+16
58841,8.1712E+18,8,1,25,56,2017,12,16,1,3,2,2,0,1,0,0,0,1,2,5.13318E+20,5.43533E+21,9.18234E+15,4.90707E+16
58842,8.1712E+18,8,1,18,67,2017,12,19,1,3,8,1,0,1,0,0,0,2,2,5.07776E+20,5.41459E+21,9.10607E+15,4.88842E+16
58843,8.17113E+18,8,2,11,0,2017,11,15,5,3,9,1,0,1,0,0,0,0,1,4.37196E+20,5.40579E+21,8.14473E+15,4.88019E+16
58844,8.1712E+18,8,1,17,26,2017,12,16,1,3,0,6,0,1,0,0,1,2,2,5.48211E+20,5.39389E+21,9.65516E+15,4.86962E+16
58845,8.1712E+18,8,1,17,24,2017,12,22,1,3,1,1,0,1,0,0,0,2,2,5.62127E+20,5.38454E+21,9.84285E+15,4.86108E+16
58846,8.1712E+18,8,1,16,77,2017,12,18,1,3,4,2,0,1,0,0,0,2,1,5.15014E+20,5.39019E+21,9.20391E+15,4.86645E+16
58847,8.1712E+18,8,1,11,0,2017,12,18,1,3,6,2,0,1,1,0,0,2,1,5.12809E+20,5.40184E+21,9.17432E+15,4.87694E+16
58848,8.1712E+18,8,1,11,0,2017,12,20,1,3,8,1,0,1,0,0,0,2,2,5.08284E+20,5.40154E+21,9.11273E+15,4.87668E+16
58849,8.1712E+18,8,1,11,0,2017,12,3,1,3,2,6,0,1,0,0,0,2,0,5.15723E+20,5.40484E+21,9.21409E+15,4.87964E+16
58850,8.1712E+18,8,4,37,31,2017,12,15,7,3,5,3,1,1,0,0,0,0,0,5.1654E+20,5.34372E+21,9.22279E+15,4.82465E+16
58851,8.1712E+18,8,4,35,57,2017,12,21,7,3,2,2,0,1,0,0,0,2,0,5.44555E+20,5.27787E+21,9.59332E+15,4.76527E+16
58852,8.1712E+18,8,4,26,21,2017,12,15,7,3,8,1,0,1,0,0,0,0,0,5.6074E+20,5.32553E+21,9.81553E+15,4.80802E+16
58853,8.1712E+18,8,3,35,98,2017,12,18,7,3,3,2,0,1,0,0,0,1,0,5.01807E+20,5.29563E+21,9.02414E+15,4.7814E+16
58854,8.1712E+18,8,3,35,75,2017,12,14,7,3,2,6,0,1,0,0,0,0,0,4.8878E+20,5.29013E+21,8.85026E+15,4.77645E+16
58855,8.1712E+18,8,3,27,7,2017,12,18,7,3,4,1,0,1,0,0,0,2,2,4.85001E+20,5.33009E+21,8.79845E+15,4.81238E+16
58856,8.1712E+18,8,3,26,41,2017,12,18,7,3,2,6,0,1,0,0,0,2,1,4.62429E+20,5.32811E+21,8.49531E+15,4.81051E+16
58857,8.1712E+18,8,2,37,40,2017,12,0,7,3,6,2,0,1,1,0,0,2,0,4.72966E+20,5.36793E+21,8.6343E+15,4.84639E+16
58858,8.1712E+18,8,3,27,54,2017,12,7,7,1,4,6,0,1,0,0,1,1,1,4.81327E+20,5.31535E+21,8.74972E+15,4.79912E+16
58859,8.1712E+18,8,3,17,113,2017,12,1,7,3,9,1,0,1,0,0,0,2,1,4.0995E+20,5.34506E+21,7.78689E+15,4.82523E+16
58860,8.1712E+18,8,3,15,131,2017,12,12,7,3,2,6,0,1,0,0,0,0,0,4.05116E+20,5.3105E+21,7.72947E+15,4.79408E+16
58861,8.1712E+18,8,2,26,95,2017,12,1,7,3,8,7,0,1,0,0,0,2,0,4.7262E+20,5.45954E+21,8.62348E+15,4.9288E+16
58862,8.1712E+18,8,2,12,0,2017,12,15,7,2,8,7,0,1,0,0,0,0,0,4.62689E+20,5.4283E+21,8.48982E+15,4.90064E+16
58863,8.1712E+18,8,2,12,0,2017,12,10,7,3,2,6,0,1,0,0,1,0,0,4.52671E+20,5.4292E+21,8.35274E+15,4.90139E+16
58864,8.1712E+18,8,2,12,0,2017,12,9,7,3,2,6,0,1,0,0,0,0,0,4.6011E+20,5.42443E+21,8.45494E+15,4.89715E+16
58865,8.1712E+18,8,2,37,19,2017,12,19,7,3,5,3,0,1,0,0,0,2,0,4.63024E+20,5.36871E+21,8.49975E+15,4.84704E+16
58866,8.1712E+18,8,2,31,0,2017,12,17,7,3,6,2,0,1,1,0,0,2,0,4.76111E+20,5.41623E+21,8.67405E+15,4.88985E+16
58867,8.1712E+18,8,2,12,0,2017,12,0,7,2,0,7,1,0,0,0,0,2,0,4.54616E+20,5.42827E+21,8.37944E+15,4.90056E+16
58868,8.1712E+18,8,1,28,115,2017,12,19,7,3,2,6,0,1,0,0,0,2,0,5.48978E+20,5.49585E+21,9.67799E+15,4.96132E+16
58869,8.1712E+18,8,1,27,14,2017,12,23,7,2,9,1,0,1,0,0,0,2,0,5.83404E+20,5.44333E+21,1.01434E+16,4.91371E+16
58870,8.17113E+18,8,2,22,0,2017,11,11,5,2,0,1,0,0,0,1,0,0,1,4.63021E+20,5.48253E+21,8.48935E+15,4.94943E+16
58871,8.1712E+18,8,1,27,25,2017,12,13,7,3,1,6,0,1,0,0,0,0,0,5.54466E+20,5.43185E+21,9.74521E+15,4.90371E+16
58872,8.1712E+18,8,1,21,0,2017,12,20,7,2,5,2,0,1,0,0,0,2,0,5.16507E+20,5.44526E+21,9.22641E+15,4.916E+16
58873,8.1712E+18,8,1,25,46,2017,12,11,7,3,2,2,0,1,0,0,0,0,0,5.14289E+20,5.43448E+21,9.19561E+15,4.90631E+16
58874,8.1712E+18,8,1,15,46,2017,12,10,7,3,5,2,1,1,0,0,0,0,1,5.08646E+20,5.38973E+21,9.11742E+15,4.86606E+16
58875,8.17113E+18,8,1,36,27,2017,11,19,5,2,8,1,0,1,0,0,0,2,2,5.53342E+20,5.4205E+21,9.72834E+15,4.89351E+16
58876,8.1712E+18,8,1,11,0,2017,12,12,7,3,2,6,0,1,0,0,0,0,0,5.07415E+20,5.40742E+21,9.10102E+15,4.88197E+16
58877,8.1712E+18,8,1,11,0,2017,12,18,7,3,2,6,0,1,0,0,0,2,1,5.13664E+20,5.40235E+21,9.18598E+15,4.8774E+16
58878,8.17113E+18,8,1,36,42,2017,11,23,5,3,8,1,0,1,0,0,0,2,2,5.48801E+20,5.40515E+21,9.66452E+15,4.87974E+16
58879,8.1712E+18,8,1,11,0,2017,12,14,7,3,2,6,0,1,0,0,0,0,0,5.17191E+20,5.40594E+21,9.23413E+15,4.88062E+16
58880,8.1712E+18,8,4,36,81,2017,12,12,6,3,2,6,0,1,0,0,0,0,1,5.61724E+20,5.28325E+21,9.82268E+15,4.76997E+16
58881,8.1712E+18,8,4,36,81,2017,12,5,6,3,9,1,0,1,0,0,0,2,2,5.61729E+20,5.28796E+21,9.82343E+15,4.77421E+16
58882,8.1712E+18,8,4,36,79,2017,12,15,6,3,8,1,0,1,0,0,0,0,2,5.54252E+20,5.29068E+21,9.72403E+15,4.77672E+16
58883,8.1712E+18,8,4,26,100,2017,12,5,6,2,9,7,0,1,0,0,0,2,2,5.77853E+20,5.31671E+21,1.00437E+16,4.79989E+16
58884,8.1712E+18,8,4,26,38,2017,12,7,6,3,9,1,0,1,0,0,0,0,2,5.62772E+20,5.31968E+21,9.84195E+15,4.80273E+16
58885,8.1712E+18,8,4,25,39,2017,12,14,6,3,2,6,0,1,0,0,0,0,1,5.64624E+20,5.35178E+21,9.87167E+15,4.83159E+16
58886,8.17113E+18,8,1,15,28,2017,11,8,5,3,2,6,0,1,0,0,0,0,1,5.01136E+20,5.40294E+21,9.01546E+15,4.87795E+16
58887,8.1712E+18,8,4,16,41,2017,12,18,6,2,4,6,0,1,0,0,0,2,0,5.05026E+20,5.38006E+21,9.06814E+15,4.85736E+16
58888,8.1712E+18,8,4,16,50,2017,12,6,6,3,4,1,0,1,0,0,0,2,2,4.85754E+20,5.36487E+21,8.8074E+15,4.84368E+16
58889,8.1712E+18,8,4,15,61,2017,12,17,6,3,2,6,0,1,0,0,0,2,0,5.148E+20,5.37197E+21,9.20035E+15,4.85007E+16
58890,8.1712E+18,8,4,15,87,2017,12,14,6,3,2,6,0,1,0,0,0,0,0,5.13054E+20,5.37991E+21,9.17697E+15,4.85722E+16
58891,8.1712E+18,8,4,15,50,2017,12,7,6,3,5,3,1,1,0,0,0,2,0,5.21469E+20,5.37606E+21,9.29084E+15,4.85372E+16
58892,8.1712E+18,8,3,37,96,2017,12,13,6,2,6,4,0,1,1,0,0,0,0,4.19541E+20,5.26736E+21,7.93056E+15,4.75546E+16
58893,8.1712E+18,8,3,36,79,2017,12,15,6,3,2,6,0,1,0,0,0,0,1,4.17175E+20,5.29312E+21,7.89424E+15,4.77861E+16
58894,8.1712E+18,8,3,35,43,2017,12,8,6,3,0,1,1,0,0,0,0,0,2,5.1365E+20,5.27961E+21,9.18183E+15,4.76698E+16
58895,8.1712E+18,8,4,37,76,2017,12,22,6,3,9,6,0,1,0,0,0,2,1,5.23207E+20,5.32079E+21,9.31135E+15,4.80399E+16
58896,8.1712E+18,8,3,35,79,2017,12,13,6,3,5,3,0,1,0,0,0,0,0,4.97539E+20,5.29644E+21,8.96713E+15,4.78213E+16
58897,8.1712E+18,8,3,27,50,2017,12,22,6,3,8,1,0,1,0,0,0,2,1,4.79401E+20,5.31563E+21,8.72389E+15,4.79936E+16
58898,8.1712E+18,8,3,27,50,2017,12,15,6,3,2,6,0,1,0,0,0,0,1,4.83863E+20,5.31228E+21,8.78382E+15,4.79636E+16
58899,8.1712E+18,8,3,27,50,2017,12,7,6,3,2,6,0,1,0,0,0,1,2,4.87184E+20,5.316E+21,8.8282E+15,4.79972E+16
58900,8.1712E+18,8,3,25,57,2017,12,18,6,3,9,1,0,1,0,0,0,2,0,4.76358E+20,5.35768E+21,8.68076E+15,4.83718E+16
58901,8.1712E+18,8,3,17,34,2017,12,0,6,3,8,1,0,1,0,0,0,2,1,4.25725E+20,5.36401E+21,7.99602E+15,4.84249E+16
58902,8.1712E+18,8,3,17,141,2017,12,5,6,3,3,1,0,1,0,0,1,2,2,4.19571E+20,5.3768E+21,7.91039E+15,4.85391E+16
58903,8.1712E+18,8,3,17,89,2017,12,4,6,3,9,1,0,1,0,0,0,2,2,4.31178E+20,5.3771E+21,8.06757E+15,4.85432E+16
58904,8.1712E+18,8,3,17,96,2017,12,8,6,2,5,3,0,1,0,0,1,0,1,4.20858E+20,5.36835E+21,7.92942E+15,4.84633E+16
58905,8.17113E+18,8,1,27,14,2017,11,11,5,3,2,2,0,1,0,0,0,0,1,5.78222E+20,5.44386E+21,1.00725E+16,4.91426E+16
58906,8.17113E+18,8,1,36,88,2017,11,8,5,2,4,1,0,1,0,0,0,0,2,5.77804E+20,5.41351E+21,1.0061E+16,4.88696E+16
58907,8.1712E+18,8,3,36,50,2017,12,7,6,3,0,6,1,0,0,0,1,2,0,3.9924E+20,5.27518E+21,7.659E+15,4.76222E+16
58908,8.1712E+18,8,3,36,50,2017,12,10,6,3,5,3,1,1,0,0,0,0,0,3.99395E+20,5.27486E+21,7.66114E+15,4.76194E+16
58909,8.17113E+18,8,1,36,45,2017,11,7,5,3,2,2,0,1,0,0,1,1,1,5.97256E+20,5.40107E+21,1.03232E+16,4.87551E+16
58910,8.1712E+18,8,3,16,20,2017,12,8,6,3,9,1,0,1,0,0,0,0,2,4.06862E+20,5.33812E+21,7.74682E+15,4.81895E+16
58911,8.17113E+18,8,1,36,71,2017,11,5,5,3,5,3,0,1,0,0,0,2,2,5.95996E+20,5.42461E+21,1.03116E+16,4.89669E+16
58912,8.1712E+18,8,2,26,10,2017,12,17,6,3,2,6,0,1,0,0,0,2,1,4.84445E+20,5.45721E+21,8.78618E+15,4.92674E+16
58913,8.1712E+18,8,2,12,0,2017,12,17,6,3,1,5,0,1,0,0,0,2,1,4.55219E+20,5.42894E+21,8.38761E+15,4.90117E+16
58914,8.17113E+18,8,2,36,76,2017,11,5,5,3,8,1,0,1,0,0,0,2,2,4.73546E+20,5.42533E+21,8.63847E+15,4.89803E+16
58915,8.1712E+18,8,2,12,0,2017,12,17,6,3,2,6,0,1,0,0,0,2,1,4.59015E+20,5.42815E+21,8.4396E+15,4.90048E+16
58916,8.1712E+18,8,2,12,0,2017,12,6,6,3,5,2,1,1,0,0,0,2,1,4.60495E+20,5.42571E+21,8.46007E+15,4.8983E+16
58917,8.1712E+18,8,3,17,1,2017,12,6,6,3,8,1,0,1,0,0,0,2,2,4.28496E+20,5.38843E+21,8.02927E+15,4.86449E+16
58918,8.1712E+18,8,2,36,4,2017,12,13,6,3,6,2,0,1,1,0,0,0,1,4.73333E+20,5.41307E+21,8.63635E+15,4.887E+16
58919,8.1712E+18,8,2,31,0,2017,12,17,6,3,6,2,0,1,1,0,0,2,1,4.75188E+20,5.41146E+21,8.66174E+15,4.88556E+16
58920,8.1712E+18,8,2,36,71,2017,12,12,6,3,2,6,0,1,0,0,0,0,1,4.68715E+20,5.42237E+21,8.57268E+15,4.89534E+16
58921,8.1712E+18,8,2,36,40,2017,12,17,6,3,5,3,0,1,0,0,1,2,0,4.88436E+20,5.42065E+21,8.8421E+15,4.89386E+16
58922,8.1712E+18,8,2,26,98,2017,12,12,6,3,2,7,0,1,0,0,1,0,1,4.7598E+20,5.45971E+21,8.66967E+15,4.92897E+16
58923,8.1712E+18,8,2,26,98,2017,12,18,6,3,5,3,0,1,0,0,0,2,1,4.8095E+20,5.46124E+21,8.73795E+15,4.93036E+16
58924,8.1712E+18,8,2,22,0,2017,12,13,6,3,3,6,0,1,0,1,1,0,1,4.60819E+20,5.48231E+21,8.45897E+15,4.94922E+16
58925,8.1712E+18,8,2,16,7,2017,12,17,6,3,5,3,0,1,0,0,0,2,1,4.32984E+20,5.39577E+21,8.089E+15,4.87114E+16
58926,8.1712E+18,8,1,17,24,2017,12,17,6,3,2,6,0,1,0,0,1,2,1,5.66346E+20,5.38712E+21,9.9005E+15,4.86336E+16
58927,8.1712E+18,8,1,19,8,2017,12,7,6,3,2,1,0,1,0,0,0,2,1,5.31671E+20,5.4192E+21,9.43236E+15,4.8925E+16
58928,8.1712E+18,8,1,16,71,2017,12,15,6,3,2,6,0,1,0,0,0,0,0,5.27751E+20,5.38975E+21,9.37685E+15,4.86602E+16
58929,8.1712E+18,8,1,17,44,2017,12,21,6,3,9,1,0,1,0,0,0,2,1,5.38342E+20,5.3919E+21,9.52087E+15,4.8679E+16
58930,8.1712E+18,8,1,25,65,2017,12,17,6,3,2,1,0,1,0,0,0,2,1,5.17022E+20,5.4474E+21,9.23356E+15,4.91791E+16
58931,8.17113E+18,8,2,31,0,2017,11,16,5,3,2,6,0,1,0,0,0,1,1,4.79011E+20,5.41573E+21,8.71364E+15,4.88941E+16
58932,8.17113E+18,8,2,36,72,2017,11,8,5,3,2,1,0,1,0,0,0,0,1,4.6746E+20,5.40906E+21,8.55659E+15,4.88336E+16
58933,8.17113E+18,8,2,11,0,2017,11,6,5,3,0,1,0,0,0,1,0,2,2,4.46813E+20,5.40261E+21,8.27609E+15,4.87743E+16
58934,8.17121E+18,8,4,36,82,2017,12,6,6,3,2,6,0,0,0,1,1,2,1,5.49146E+20,5.2953E+21,9.65641E+15,4.78092E+16
58935,8.17121E+18,8,4,36,8,2017,12,16,6,3,8,1,0,1,0,0,0,1,2,5.48677E+20,5.30616E+21,9.65138E+15,4.79069E+16