OBJECTID,UIDENTSTLA,ULAND,UREGBEZ,UKREIS,UGEMEINDE,UJAHR,UMONAT,USTUNDE,UWOCHENTAG,UKATEGORIE,UART,UTYP1,IstRad,IstPKW,IstFuss,IstKrad,IstSonstig,LICHT,STRZUSTAND,LINREFX,LINREFY,XGCSWGS84,YGCSWGS84
59109,8.17121E+18,8,1,16,19,2017,12,14,6,3,3,6,0,1,0,0,1,0,1,5.23491E+20,5.39711E+21,9.31942E+15,4.87266E+16
59110,8.17121E+18,8,1,16,79,2017,12,9,6,3,4,1,0,1,0,0,1,0,2,5.39174E+20,5.3752E+21,9.53059E+15,4.85287E+16
59111,8.17121E+18,8,1,15,21,2017,12,19,6,3,4,6,0,1,0,0,0,2,2,4.92454E+20,5.38328E+21,8.89765E+15,4.86026E+16
59112,8.17121E+18,8,1,15,15,2017,12,18,6,3,9,1,0,1,0,0,0,2,2,4.95436E+20,5.38541E+21,8.93806E+15,4.86218E+16
59113,8.17121E+18,8,1,11,0,2017,12,14,6,3,2,6,0,1,0,0,0,0,1,5.13382E+20,5.40646E+21,9.18227E+15,4.8811E+16
59114,8.17121E+18,8,1,11,0,2017,12,19,6,3,2,6,0,1,0,0,0,2,1,5.16242E+20,5.40398E+21,9.22113E+15,4.87886E+16
59115,8.17121E+18,8,1,11,0,2017,12,17,6,3,2,6,0,1,0,0,0,1,1,5.08407E+20,5.3984E+21,9.11434E+15,4.87386E+16
59116,8.17121E+18,8,1,11,0,2017,12,13,6,3,0,6,0,0,0,0,1,0,1,5.1328E+20,5.40239E+21,9.18074E+15,4.87744E+16
59117,8.17121E+18,8,4,36,55,2017,12,21,5,2,8,1,0,1,0,0,0,2,0,5.77256E+20,5.29355E+21,1.00315E+16,4.77907E+16
59118,8.17121E+18,8,4,36,64,2017,12,11,5,3,2,6,0,1,0,0,0,0,0,5.40461E+20,5.28979E+21,9.53991E+15,4.77602E+16
59119,8.17121E+18,8,4,36,39,2017,12,7,5,3,9,1,0,1,0,0,0,1,1,5.47813E+20,5.28896E+21,9.63791E+15,4.77522E+16
59120,8.17121E+18,8,4,35,57,2017,12,6,5,3,0,4,0,0,1,1,0,2,0,5.44309E+20,5.27985E+21,9.59024E+15,4.76706E+16
59121,8.17121E+18,8,1,17,51,2017,12,11,3,2,9,6,0,1,0,0,0,0,1,5.4445E+20,5.39464E+21,9.60413E+15,4.87032E+16
59122,8.17121E+18,8,1,17,28,2017,12,17,3,3,0,6,0,1,0,0,1,2,1,5.44877E+20,5.38476E+21,9.60887E+15,4.86143E+16
59123,8.17121E+18,8,1,16,71,2017,12,3,3,3,0,7,1,0,0,0,0,2,1,5.27179E+20,5.39128E+21,9.36919E+15,4.8674E+16
59124,8.17121E+18,8,4,35,57,2017,12,13,5,3,2,6,0,1,0,0,0,0,0,5.42093E+20,5.27964E+21,9.5607E+15,4.76688E+16
59125,8.17121E+18,8,4,35,16,2017,12,12,5,3,5,3,1,1,0,0,0,0,0,5.34812E+20,5.27842E+21,9.46363E+15,4.76582E+16
59126,8.17121E+18,8,1,16,49,2017,12,17,3,2,6,4,0,0,1,0,1,2,0,5.25198E+20,5.38608E+21,9.34196E+15,4.86273E+16
59127,8.17121E+18,8,4,26,21,2017,12,17,5,3,2,6,0,1,0,0,0,2,0,5.59348E+20,5.3261E+21,9.79692E+15,4.80854E+16
59128,8.17121E+18,8,1,35,20,2017,12,23,5,2,8,1,0,1,0,0,1,2,0,5.88836E+20,5.38498E+21,1.02052E+16,4.86116E+16
59129,8.17121E+18,8,4,25,108,2017,12,18,5,2,9,1,0,1,0,0,0,2,0,5.55074E+20,5.35731E+21,9.74359E+15,4.83666E+16
59130,8.17121E+18,8,1,35,20,2017,12,23,5,2,9,1,0,1,0,0,1,2,0,5.88828E+20,5.38497E+21,1.02051E+16,4.86115E+16
59131,8.17121E+18,8,4,17,2,2017,12,17,5,3,4,2,0,1,0,0,0,1,0,4.89237E+20,5.34651E+21,8.85496E+15,4.82717E+16
59132,8.17121E+18,8,4,17,2,2017,12,22,5,3,2,6,0,1,0,0,0,2,0,4.89772E+20,5.3479E+21,8.86212E+15,4.82843E+16
59133,8.17121E+18,8,4,16,31,2017,12,11,5,3,1,6,0,1,0,0,0,0,0,5.02902E+20,5.36297E+21,9.03923E+15,4.84199E+16
59134,8.17121E+18,8,1,16,42,2017,12,13,5,2,2,6,0,1,0,1,0,0,0,5.17394E+20,5.3823E+21,9.23589E+15,4.85935E+16
59135,8.17121E+18,8,4,15,61,2017,12,9,5,3,6,2,0,1,1,0,0,0,0,5.17102E+20,5.37904E+21,9.2318E+15,4.85642E+16
59136,8.17121E+18,8,3,36,14,2017,12,18,5,3,5,3,0,1,0,0,0,2,0,3.93422E+20,5.27879E+21,7.58071E+15,4.76537E+16
59137,8.17121E+18,8,3,35,77,2017,12,7,5,3,5,3,1,1,0,0,0,0,0,4.93659E+20,5.29227E+21,8.91535E+15,4.77838E+16
59138,8.17121E+18,8,3,26,74,2017,12,16,5,3,2,6,0,1,0,0,0,1,1,4.58443E+20,5.32415E+21,8.44215E+15,4.80693E+16
59139,8.17121E+18,8,3,25,45,2017,12,7,5,3,2,2,0,1,0,0,0,0,1,4.67625E+20,5.34865E+21,8.56354E+15,4.82902E+16
59140,8.17121E+18,8,3,17,57,2017,12,19,5,2,2,6,0,1,0,0,0,2,0,4.13747E+20,5.37625E+21,7.83161E+15,4.85335E+16
59141,8.17121E+18,8,3,17,110,2017,12,17,5,3,4,6,0,1,0,0,0,2,0,4.28602E+20,5.38058E+21,8.03207E+15,4.85742E+16
59142,8.17121E+18,8,3,17,73,2017,12,10,5,3,2,6,0,1,0,0,0,0,0,4.10323E+20,5.35189E+21,7.79046E+15,4.83138E+16
59143,8.17121E+18,8,3,16,54,2017,12,19,5,3,5,3,0,1,0,1,0,2,0,4.16918E+20,5.33722E+21,7.88227E+15,4.81828E+16
59144,8.17121E+18,8,3,15,52,2017,12,9,5,3,2,6,0,1,0,0,0,0,1,4.32628E+20,5.30701E+21,8.09835E+15,4.79128E+16
59145,8.17121E+18,8,1,16,19,2017,12,11,3,3,2,6,0,1,0,0,0,0,1,5.22319E+20,5.3964E+21,9.30345E+15,4.87202E+16
59146,8.17121E+18,8,1,16,71,2017,12,17,3,3,0,7,0,1,0,0,0,2,0,5.27794E+20,5.39254E+21,9.37763E+15,4.86853E+16
59147,8.17121E+18,8,3,15,16,2017,12,17,5,3,4,6,0,1,0,0,0,2,1,4.3106E+20,5.3072E+21,8.07733E+15,4.79145E+16
59148,8.17121E+18,8,3,15,74,2017,12,15,5,3,5,2,0,1,0,0,0,0,0,3.95151E+20,5.29556E+21,7.59969E+15,4.78049E+16
59149,8.17121E+18,8,2,15,90,2017,12,9,5,3,2,6,0,1,0,0,1,0,0,4.64815E+20,5.43639E+21,8.51819E+15,4.90793E+16
59150,8.17121E+18,8,2,35,46,2017,12,8,5,3,2,6,0,1,0,0,0,0,0,4.81547E+20,5.37692E+21,8.74999E+15,4.85451E+16
59151,8.17121E+18,8,2,31,0,2017,12,15,5,3,1,7,0,1,0,0,0,0,0,4.79163E+20,5.41719E+21,8.71564E+15,4.89073E+16
59152,8.17121E+18,8,2,31,0,2017,12,17,5,3,2,6,0,1,0,0,0,2,0,4.81331E+20,5.4175E+21,8.74521E+15,4.89102E+16
59153,8.17121E+18,8,2,36,46,2017,12,15,5,3,1,5,0,1,0,0,1,0,0,4.83564E+20,5.41879E+21,8.77564E+15,4.89218E+16
59154,8.17121E+18,8,1,16,14,2017,12,8,3,3,2,6,0,1,0,0,1,0,1,5.28846E+20,5.39599E+21,9.39216E+15,4.87163E+16
59155,8.17121E+18,8,2,26,85,2017,12,10,5,3,0,6,0,1,0,0,1,0,0,4.92468E+20,5.45781E+21,8.89646E+15,4.9273E+16
59156,8.17121E+18,8,2,16,41,2017,12,17,5,3,6,4,0,0,1,1,0,2,0,4.30849E+20,5.393E+21,8.06045E+15,4.86862E+16
59157,8.17121E+18,8,1,15,44,2017,12,21,3,3,8,7,0,1,0,0,0,2,1,5.04808E+20,5.39056E+21,9.06531E+15,4.86681E+16
59158,8.17121E+18,8,2,12,0,2017,12,5,5,3,2,6,0,1,0,0,0,2,0,4.50981E+20,5.43165E+21,8.32934E+15,4.90358E+16
59159,8.17121E+18,8,3,17,151,2017,12,11,5,2,5,2,0,1,0,1,0,0,0,4.12423E+20,5.36825E+21,7.81537E+15,4.84613E+16
59160,8.17121E+18,8,1,25,65,2017,12,18,5,3,1,6,0,1,0,0,0,2,0,5.17127E+20,5.44733E+21,9.235E+15,4.91785E+16
59161,8.17121E+18,8,1,15,28,2017,12,16,5,3,2,6,0,0,0,0,1,1,0,5.01439E+20,5.40414E+21,9.01959E+15,4.87903E+16
59162,8.17121E+18,8,1,15,28,2017,12,16,5,3,2,6,0,1,0,0,0,2,0,5.02442E+20,5.40041E+21,9.03322E+15,4.87567E+16
59163,8.17121E+18,8,1,18,11,2017,12,14,5,3,2,6,0,1,0,0,0,0,0,5.06091E+20,5.4083E+21,9.08299E+15,4.88276E+16
59164,8.17121E+18,8,1,11,0,2017,12,17,5,3,2,6,0,1,0,0,0,1,0,5.05451E+20,5.39728E+21,9.07412E+15,4.87285E+16
59165,8.17121E+18,8,1,15,21,2017,12,11,5,2,2,6,0,0,0,0,1,0,0,4.92463E+20,5.38178E+21,8.89779E+15,4.85891E+16
59166,8.17121E+18,8,1,35,19,2017,12,17,5,3,2,6,0,1,0,0,0,2,0,5.8367E+20,5.39246E+21,1.01367E+16,4.86795E+16
59167,8.17121E+18,8,1,35,19,2017,12,14,5,3,2,1,0,1,0,0,0,0,0,5.83272E+20,5.39249E+21,1.01313E+16,4.86799E+16
59168,8.17121E+18,8,4,25,92,2017,12,6,5,2,0,6,0,1,0,0,0,2,1,5.8584E+20,5.3741E+21,1.01623E+16,4.85141E+16
59169,8.17121E+18,8,1,35,16,2017,12,19,5,2,8,1,0,1,0,0,0,2,1,5.90439E+20,5.38956E+21,1.0228E+16,4.86525E+16
59170,8.17121E+18,8,1,27,99,2017,12,15,5,3,2,6,0,1,0,0,1,0,0,5.63153E+20,5.44722E+21,9.86646E+15,4.91745E+16
59171,8.17121E+18,8,1,27,62,2017,12,7,5,2,4,1,0,1,0,0,0,2,1,5.4362E+20,5.4325E+21,9.5969E+15,4.90439E+16
59172,8.17121E+18,8,1,25,21,2017,12,17,5,2,5,3,0,1,0,0,0,2,0,5.23512E+20,5.44707E+21,9.32259E+15,4.91759E+16
59173,8.17121E+18,8,1,25,56,2017,12,16,5,3,9,7,0,1,0,0,0,1,0,5.12628E+20,5.43614E+21,9.17292E+15,4.9078E+16
59174,8.17121E+18,8,1,21,0,2017,12,13,5,3,2,6,0,1,0,0,0,0,0,5.16299E+20,5.44156E+21,9.22341E+15,4.91266E+16
59175,8.17121E+18,8,1,25,49,2017,12,11,5,2,9,1,0,1,0,0,0,0,0,5.00434E+20,5.45073E+21,9.00596E+15,4.92093E+16
59176,8.17121E+18,8,1,19,79,2017,12,19,5,3,1,6,0,1,0,0,0,2,0,5.22527E+20,5.40762E+21,9.30689E+15,4.88212E+16
59177,8.17121E+18,8,1,19,67,2017,12,11,5,3,6,4,0,1,1,0,0,0,0,5.38684E+20,5.40555E+21,9.5268E+15,4.88017E+16
59178,8.17121E+18,8,1,19,93,2017,12,17,5,3,2,6,0,1,0,0,0,2,1,5.24366E+20,5.40576E+21,9.33183E+15,4.88044E+16
59179,8.17121E+18,8,1,19,55,2017,12,10,5,2,6,4,0,1,1,0,0,0,0,5.44183E+20,5.40482E+21,9.6016E+15,4.87948E+16
59180,8.17121E+18,8,4,16,36,2017,12,18,5,3,2,6,0,1,0,0,0,2,0,4.88678E+20,5.37252E+21,8.84672E+15,4.85057E+16
59181,8.17121E+18,8,1,15,1,2017,12,11,5,2,5,2,1,1,0,0,0,0,1,4.91773E+20,5.39406E+21,8.88819E+15,4.86995E+16
59182,8.17121E+18,8,4,16,48,2017,12,12,5,3,2,6,0,1,0,0,0,0,0,4.91865E+20,5.37792E+21,8.88976E+15,4.85543E+16
59183,8.17121E+18,8,1,17,44,2017,12,18,5,3,5,2,0,1,0,1,0,2,1,5.38329E+20,5.39184E+21,9.52069E+15,4.86784E+16
59184,8.17121E+18,8,1,15,24,2017,12,19,3,3,5,2,0,1,0,0,0,2,0,5.01432E+20,5.38605E+21,9.01944E+15,4.86275E+16
59185,8.17121E+18,8,1,16,41,2017,12,17,5,3,2,6,0,1,0,0,0,2,0,5.19482E+20,5.3843E+21,9.26431E+15,4.86115E+16
59186,8.17121E+18,8,1,16,81,2017,12,15,5,3,2,6,0,1,0,0,0,0,1,5.183E+20,5.38508E+21,9.24831E+15,4.86185E+16
59187,8.17121E+18,8,1,16,71,2017,12,7,5,2,8,1,0,0,0,1,0,1,1,5.27155E+20,5.39043E+21,9.36881E+15,4.86664E+16
59188,8.17121E+18,8,1,16,7,2017,12,12,5,3,9,1,0,0,0,0,1,0,0,5.31325E+20,5.40098E+21,9.42624E+15,4.8761E+16
59189,8.17121E+18,8,1,11,0,2017,12,15,3,3,5,2,1,1,0,0,0,0,0,5.18375E+20,5.40312E+21,9.25013E+15,4.87808E+16
59190,8.17121E+18,8,1,15,21,2017,12,7,5,3,4,6,1,1,0,0,0,2,0,4.90936E+20,5.38244E+21,8.87707E+15,4.85949E+16
59191,8.17121E+18,8,1,11,0,2017,12,15,5,3,2,6,0,1,0,0,0,0,0,5.18694E+20,5.40641E+21,9.25462E+15,4.88104E+16
59192,8.17121E+18,8,1,11,0,2017,12,16,3,1,6,4,0,1,1,0,0,1,1,5.07476E+20,5.40032E+21,9.10171E+15,4.87558E+16
59193,8.17121E+18,8,4,36,64,2017,12,16,4,3,2,6,0,1,0,0,1,1,1,5.40026E+20,5.28965E+21,9.53409E+15,4.7759E+16
59194,8.17121E+18,8,4,26,43,2017,12,17,4,3,2,7,0,1,0,0,0,2,0,5.74422E+20,5.32403E+21,9.99894E+15,4.80652E+16
59195,8.17121E+18,8,4,15,59,2017,12,10,4,3,8,1,0,1,0,0,0,0,0,5.17201E+20,5.36904E+21,9.23273E+15,4.84742E+16
59196,8.17121E+18,8,4,15,89,2017,12,16,4,3,2,2,0,1,0,0,0,0,1,5.22036E+20,5.35918E+21,9.29763E+15,4.83854E+16
59197,8.17121E+18,8,4,15,19,2017,12,5,4,3,5,3,1,1,0,0,0,2,0,5.18964E+20,5.37017E+21,9.25664E+15,4.84844E+16
59198,8.17121E+18,8,3,11,0,2017,12,13,4,3,2,6,0,1,0,0,1,0,0,4.11538E+20,5.32329E+21,7.8128E+15,4.80567E+16
59199,8.17121E+18,8,3,36,91,2017,12,23,4,3,4,2,0,1,0,0,0,2,0,3.95036E+20,5.27302E+21,7.60358E+15,4.76021E+16
59200,8.17121E+18,8,1,11,0,2017,12,19,3,2,5,3,1,1,0,0,0,2,0,5.13488E+20,5.40561E+21,9.18368E+15,4.88033E+16
59201,8.17121E+18,8,3,36,84,2017,12,14,4,3,4,6,0,1,0,0,1,0,0,4.06272E+20,5.27733E+21,7.75211E+15,4.76426E+16
59202,8.17121E+18,8,4,36,11,2017,12,15,4,2,5,3,0,1,0,0,0,0,0,5.50922E+20,5.29824E+21,9.68048E+15,4.78355E+16
59203,8.17121E+18,8,3,35,79,2017,12,6,4,3,3,6,0,1,0,0,0,2,0,4.98694E+20,5.29813E+21,8.98255E+15,4.78366E+16
59204,8.17121E+18,8,3,25,14,2017,12,8,4,3,5,3,0,1,0,0,0,0,1,4.61031E+20,5.34056E+21,8.47539E+15,4.82171E+16
59205,8.17121E+18,8,3,17,153,2017,12,17,4,2,8,1,0,0,0,1,0,1,0,4.2189E+20,5.38802E+21,7.93969E+15,4.86403E+16
59206,8.17121E+18,8,3,17,5,2017,12,12,4,2,5,2,0,1,0,0,0,0,0,4.24237E+20,5.37582E+21,7.97377E+15,4.85309E+16
59207,8.17121E+18,8,3,17,96,2017,12,19,4,2,2,6,0,1,0,0,1,2,0,4.19081E+20,5.36942E+21,7.90518E+15,4.84727E+16
59208,8.17121E+18,8,3,15,33,2017,12,21,4,3,8,1,0,1,0,0,0,2,0,3.96202E+20,5.30495E+21,7.61147E+15,4.78895E+16
59209,8.17121E+18,8,3,15,108,2017,12,12,4,3,4,6,0,1,0,0,0,0,0,4.05252E+20,5.30317E+21,7.7329E+15,4.78748E+16
59210,8.17121E+18,8,3,15,72,2017,12,21,4,3,8,1,0,1,0,0,0,2,0,4.02711E+20,5.32013E+21,7.69509E+15,4.80271E+16
59211,8.17121E+18,8,3,36,91,2017,12,12,4,3,6,7,0,1,1,0,0,0,0,3.95061E+20,5.27076E+21,7.60446E+15,4.75818E+16
59212,8.17121E+18,8,3,16,20,2017,12,10,4,1,2,7,0,0,0,1,1,0,0,4.06891E+20,5.34097E+21,7.74658E+15,4.82151E+16
59213,8.17121E+18,8,2,12,0,2017,12,6,4,3,2,6,0,1,0,0,0,2,0,4.58071E+20,5.42768E+21,8.42674E+15,4.90006E+16
59214,8.17121E+18,8,2,15,46,2017,12,17,4,3,2,6,0,1,0,0,0,2,0,4.50028E+20,5.41618E+21,8.3182E+15,4.88966E+16
59215,8.17121E+18,8,2,35,80,2017,12,18,4,3,0,6,0,1,0,0,0,2,0,4.85086E+20,5.39046E+21,8.79745E+15,4.8667E+16
59216,8.17121E+18,8,2,35,85,2017,12,7,4,3,4,2,0,1,0,0,0,1,0,4.7877E+20,5.3963E+21,8.71136E+15,4.87194E+16
59217,8.17121E+18,8,2,36,76,2017,12,16,4,3,2,6,0,1,0,0,0,1,0,4.70937E+20,5.42348E+21,8.60294E+15,4.89635E+16
59218,8.17121E+18,8,2,26,76,2017,12,7,4,3,5,3,1,1,0,0,0,1,0,4.75031E+20,5.46581E+21,8.65625E+15,4.93445E+16
59219,8.17121E+18,8,1,11,0,2017,12,11,3,3,2,6,0,1,0,0,0,0,0,5.06645E+20,5.40553E+21,9.09049E+15,4.88027E+16
59220,8.17121E+18,8,1,11,0,2017,12,9,3,3,2,6,0,1,0,0,0,0,0,5.14899E+20,5.40269E+21,9.20279E+15,4.8777E+16
59221,8.17121E+18,8,2,26,85,2017,12,19,4,3,1,7,0,1,0,0,0,2,0,4.94144E+20,5.4528E+21,8.91957E+15,4.92279E+16
59222,8.17121E+18,8,2,22,0,2017,12,18,4,3,2,6,0,1,0,0,1,2,0,4.6116E+20,5.48106E+21,8.4638E+15,4.94809E+16
59223,8.17121E+18,8,1,11,0,2017,12,19,3,2,6,2,0,1,1,0,0,2,0,5.1531E+20,5.39943E+21,9.20826E+15,4.87477E+16
59224,8.17121E+18,8,2,22,0,2017,12,6,4,3,6,4,0,1,1,0,0,1,0,4.66582E+20,5.47791E+21,8.53892E+15,4.9453E+16
59225,8.1712E+18,8,4,36,81,2017,12,1,2,2,9,1,0,1,0,0,0,2,1,5.58599E+20,5.27975E+21,9.78057E+15,4.76685E+16
59226,8.17121E+18,8,2,15,103,2017,12,7,4,3,2,6,0,1,0,0,0,2,0,4.66799E+20,5.44426E+21,8.54471E+15,4.91503E+16
59227,8.17121E+18,8,2,15,59,2017,12,16,4,3,2,6,0,1,0,0,0,2,0,4.8444E+20,5.4367E+21,8.78691E+15,4.90829E+16
59228,8.1712E+18,8,4,36,81,2017,12,8,2,3,4,1,0,1,0,0,1,0,2,5.56503E+20,5.27795E+21,9.75243E+15,4.76525E+16
59229,8.17121E+18,8,2,15,110,2017,12,7,4,3,5,2,1,1,0,0,0,1,0,4.6055E+20,5.41998E+21,8.46138E+15,4.89315E+16
59230,8.17121E+18,8,2,11,0,2017,12,10,4,3,8,1,1,0,0,0,0,0,0,4.42631E+20,5.40297E+21,8.21913E+15,4.87771E+16
59231,8.17121E+18,8,2,16,49,2017,12,14,4,3,0,1,1,0,0,0,0,0,0,4.39032E+20,5.40182E+21,8.17032E+15,4.87664E+16
59232,8.17121E+18,8,1,18,51,2017,12,18,4,3,2,6,0,1,0,0,1,2,0,5.09665E+20,5.4127E+21,9.13179E+15,4.88672E+16
59233,8.17121E+18,8,1,11,0,2017,12,16,4,3,2,6,0,1,0,0,0,2,0,5.08152E+20,5.39522E+21,9.11082E+15,4.871E+16
59234,8.17121E+18,8,4,16,36,2017,12,6,4,3,2,6,0,1,0,0,1,2,0,4.88679E+20,5.37253E+21,8.84673E+15,4.85058E+16
59235,8.17121E+18,8,1,18,53,2017,12,17,4,3,2,6,0,1,0,0,1,2,0,5.172E+20,5.42769E+21,9.23517E+15,4.90018E+16
59236,8.17121E+18,8,1,36,88,2017,12,22,4,3,8,1,0,1,0,0,0,2,1,5.85399E+20,5.40593E+21,1.01629E+16,4.88005E+16
59237,8.17121E+18,8,1,28,58,2017,12,18,4,2,5,3,0,1,0,0,0,2,1,5.59066E+20,5.48295E+21,9.81568E+15,4.94963E+16
59238,8.17121E+18,8,1,28,7,2017,12,18,4,3,2,6,0,1,0,0,0,1,1,5.5862E+20,5.48262E+21,9.80947E+15,4.94934E+16
59239,8.17121E+18,8,1,28,58,2017,12,18,4,3,2,7,0,1,0,0,0,2,1,5.58633E+20,5.48264E+21,9.80966E+15,4.94935E+16
59240,8.17121E+18,8,1,28,131,2017,12,18,4,3,7,7,0,1,0,0,1,2,0,5.34437E+20,5.51421E+21,9.47832E+15,4.97794E+16
59241,8.17121E+18,8,1,26,85,2017,12,14,4,3,4,1,0,1,0,0,0,0,1,5.46868E+20,5.44894E+21,9.64325E+15,4.91914E+16
59242,8.17121E+18,8,1,21,0,2017,12,16,4,2,5,3,0,1,0,1,0,0,0,5.1577E+20,5.44441E+21,9.21627E+15,4.91523E+16
59243,8.17121E+18,8,1,25,30,2017,12,13,4,3,8,1,0,1,0,0,0,0,0,5.15454E+20,5.43928E+21,9.21173E+15,4.91061E+16
59244,8.17121E+18,8,1,25,56,2017,12,18,4,3,5,3,0,1,0,0,0,2,0,5.14396E+20,5.43445E+21,9.19707E+15,4.90628E+16
59245,8.1712E+18,8,4,36,6,2017,12,10,2,3,8,1,0,1,0,0,0,0,2,5.5603E+20,5.28321E+21,9.74679E+15,4.76998E+16
59246,8.1712E+18,8,4,36,64,2017,12,12,2,3,2,6,0,1,0,0,0,0,0,5.46247E+20,5.29226E+21,9.61737E+15,4.7782E+16
59247,8.17122E+18,8,1,11,0,2017,12,7,6,3,5,2,0,1,0,0,0,2,1,5.07177E+20,5.40749E+21,9.09777E+15,4.88204E+16
59248,8.17122E+18,8,1,11,0,2017,12,18,6,3,0,6,0,1,0,0,1,2,0,5.13689E+20,5.40319E+21,9.18634E+15,4.87816E+16
59249,8.17121E+18,8,4,37,44,2017,12,6,5,3,5,1,0,1,0,0,0,2,2,5.30514E+20,5.32372E+21,9.40958E+15,4.80661E+16
59250,8.17121E+18,8,4,35,16,2017,12,22,5,1,2,6,1,1,0,0,0,2,1,5.30465E+20,5.28182E+21,9.40597E+15,4.7689E+16
59251,8.17121E+18,8,4,36,10,2017,12,12,5,2,9,1,0,1,0,0,0,0,1,5.72219E+20,5.30688E+21,9.96648E+15,4.79112E+16
59252,8.17121E+18,8,4,36,94,2017,12,7,5,2,4,1,0,1,0,0,0,1,2,5.7061E+20,5.28656E+21,9.94164E+15,4.77285E+16
59253,8.17121E+18,8,4,36,81,2017,12,6,5,3,5,3,0,1,0,0,0,2,1,5.56151E+20,5.27385E+21,9.74721E+15,4.76156E+16
59254,8.17121E+18,8,2,16,43,2017,12,4,2,2,4,6,0,1,0,0,0,2,1,4.42604E+20,5.41075E+21,8.21768E+15,4.88471E+16
59255,8.17121E+18,8,2,15,99,2017,12,7,2,3,1,1,1,1,0,0,0,2,1,4.62575E+20,5.44565E+21,8.48665E+15,4.91625E+16
59256,8.17121E+18,8,2,15,17,2017,12,7,2,2,3,6,0,1,0,1,0,2,1,4.55102E+20,5.41884E+21,8.38713E+15,4.89209E+16
59257,8.17121E+18,8,2,11,0,2017,12,15,2,3,4,2,0,1,0,0,0,0,1,4.41575E+20,5.40365E+21,8.20466E+15,4.87831E+16
59258,8.17121E+18,8,1,11,0,2017,12,13,2,3,8,1,0,1,0,0,0,0,1,5.12255E+20,5.39469E+21,9.16657E+15,4.87051E+16
59259,8.17121E+18,8,4,36,96,2017,12,7,5,3,9,1,0,1,0,0,0,0,2,5.40893E+20,5.30373E+21,9.54699E+15,4.78856E+16
59260,8.17121E+18,8,4,35,47,2017,12,9,5,3,8,1,0,1,0,0,0,0,2,5.14839E+20,5.29572E+21,9.19821E+15,4.78147E+16
59261,8.17121E+18,8,4,37,104,2017,12,15,5,2,4,6,0,1,0,0,1,0,1,5.12376E+20,5.33055E+21,9.16632E+15,4.81281E+16
59262,8.17121E+18,8,4,26,87,2017,12,16,5,3,5,3,0,1,0,0,0,1,1,5.6988E+20,5.32452E+21,9.93806E+15,4.80701E+16
59263,8.17121E+18,8,4,21,0,2017,12,8,2,2,4,6,0,1,0,0,0,0,1,5.75414E+20,5.36627E+21,1.00198E+16,4.8445E+16
59264,8.17121E+18,8,1,28,61,2017,12,14,2,2,8,7,0,1,0,0,0,0,1,5.39125E+20,5.49296E+21,9.54132E+15,4.95879E+16
59265,8.17121E+18,8,1,27,76,2017,12,13,2,3,2,2,0,1,0,0,0,0,1,5.54671E+20,5.44087E+21,9.74924E+15,4.91183E+16
59266,8.17121E+18,8,1,25,13,2017,12,9,2,2,8,6,0,1,0,0,0,0,1,5.06814E+20,5.43822E+21,9.09335E+15,4.90968E+16
59267,8.17121E+18,8,1,21,0,2017,12,7,2,3,4,2,0,1,0,0,0,2,1,5.10592E+20,5.4471E+21,9.14533E+15,4.91766E+16
59268,8.17121E+18,8,4,26,125,2017,12,10,5,2,9,1,0,1,0,0,0,0,1,5.77373E+20,5.33738E+21,1.0041E+16,4.8185E+16
59269,8.17121E+18,8,1,21,0,2017,12,15,2,3,1,6,0,1,0,0,0,0,1,5.13282E+20,5.44428E+21,9.18214E+15,4.91512E+16
59270,8.17121E+18,8,4,25,72,2017,12,17,5,3,0,3,0,1,0,0,1,2,1,5.79733E+20,5.37181E+21,1.00792E+16,4.84943E+16
59271,8.17121E+18,8,1,21,0,2017,12,7,2,3,2,6,0,1,0,0,0,1,1,5.17786E+20,5.44403E+21,9.24389E+15,4.91488E+16
59272,8.17121E+18,8,4,17,31,2017,12,18,5,3,5,3,0,1,0,0,0,2,1,4.96245E+20,5.35501E+21,8.94931E+15,4.83483E+16
59273,8.17121E+18,8,4,17,2,2017,12,14,5,2,8,1,0,1,0,0,0,0,0,4.8927E+20,5.34497E+21,8.85543E+15,4.82579E+16
59274,8.17121E+18,8,4,17,54,2017,12,6,5,3,6,4,0,1,1,0,0,2,1,4.79525E+20,5.34819E+21,8.72399E+15,4.82865E+16
59275,8.17121E+18,8,1,19,42,2017,12,7,2,3,5,3,0,1,0,0,0,2,1,5.30701E+20,5.41655E+21,9.41892E+15,4.89011E+16
59276,8.17121E+18,8,1,19,79,2017,12,12,2,3,5,3,0,1,0,0,0,0,1,5.24113E+20,5.40958E+21,9.32861E+15,4.88387E+16
59277,8.17121E+18,8,1,19,90,2017,12,8,2,3,0,3,0,1,0,0,1,0,1,5.29955E+20,5.40689E+21,9.40803E+15,4.88143E+16
59278,8.17121E+18,8,1,19,67,2017,12,18,2,3,5,3,0,1,0,0,0,2,1,5.39042E+20,5.40635E+21,9.53175E+15,4.88089E+16
59279,8.17121E+18,8,1,19,76,2017,12,17,2,3,2,6,0,1,0,0,0,2,1,5.41318E+20,5.40673E+21,9.56278E+15,4.88122E+16
59280,8.17121E+18,8,1,15,45,2017,12,7,2,2,2,6,0,1,0,0,1,2,1,5.02666E+20,5.39863E+21,9.03626E+15,4.87407E+16