OBJECTID,UIDENTSTLA,ULAND,UREGBEZ,UKREIS,UGEMEINDE,UJAHR,UMONAT,USTUNDE,UWOCHENTAG,UKATEGORIE,UART,UTYP1,IstRad,IstPKW,IstFuss,IstKrad,IstSonstig,LICHT,STRZUSTAND,LINREFX,LINREFY,XGCSWGS84,YGCSWGS84
59281,8.17121E+18,8,1,17,51,2017,12,13,2,1,4,6,0,1,0,0,1,0,1,5.43608E+20,5.39169E+21,9.59238E+15,4.86767E+16
59282,8.17121E+18,8,1,17,58,2017,12,12,2,2,5,3,0,1,0,0,0,0,1,5.46832E+20,5.37952E+21,9.6348E+15,4.8567E+16
59283,8.17121E+18,8,1,16,49,2017,12,7,2,3,2,6,0,1,0,0,0,2,1,5.24381E+20,5.38598E+21,9.33086E+15,4.86264E+16
59284,8.17121E+18,8,4,16,36,2017,12,16,5,3,2,6,0,1,0,0,0,1,0,4.97855E+20,5.37198E+21,8.97096E+15,4.85009E+16
59285,8.17121E+18,8,4,16,9,2017,12,8,5,3,2,6,0,1,0,0,1,1,2,5.06128E+20,5.38234E+21,9.08311E+15,4.85941E+16
59286,8.17121E+18,8,4,16,9,2017,12,8,5,3,9,1,0,1,0,0,0,1,2,5.06292E+20,5.38246E+21,9.08533E+15,4.85952E+16
59287,8.17121E+18,8,1,16,33,2017,12,16,2,3,2,6,0,1,0,0,0,1,1,5.35635E+20,5.38751E+21,9.48372E+15,4.86396E+16
59288,8.17121E+18,8,1,16,33,2017,12,17,2,3,6,3,0,0,1,0,1,1,2,5.33903E+20,5.38893E+21,9.46032E+15,4.86525E+16
59289,8.17121E+18,8,1,16,78,2017,12,8,2,3,2,6,0,1,0,0,0,0,1,5.12317E+20,5.39309E+21,9.16736E+15,4.86907E+16
59290,8.17121E+18,8,1,16,77,2017,12,17,2,3,5,3,0,1,0,0,1,1,0,5.17641E+20,5.39171E+21,9.23965E+15,4.86782E+16
59291,8.17121E+18,8,1,15,28,2017,12,14,2,3,4,6,0,1,0,0,0,0,1,4.92344E+20,5.39969E+21,8.89585E+15,4.87501E+16
59292,8.17121E+18,8,1,15,28,2017,12,7,2,3,2,6,0,1,0,0,0,0,1,5.01627E+20,5.40373E+21,9.02215E+15,4.87866E+16
59293,8.17121E+18,8,1,15,48,2017,12,12,2,3,6,4,0,1,1,0,0,0,1,5.0966E+20,5.38728E+21,9.13112E+15,4.86385E+16
59294,8.17121E+18,8,1,15,44,2017,12,17,2,3,5,2,0,1,0,0,0,2,1,5.04907E+20,5.38963E+21,9.06663E+15,4.86597E+16
59295,8.17121E+18,8,1,11,0,2017,12,16,2,3,2,6,0,1,0,0,0,0,1,5.17959E+20,5.40267E+21,9.24444E+15,4.87767E+16
59296,8.17122E+18,8,1,15,24,2017,12,5,6,3,1,6,0,1,0,0,0,2,1,5.00974E+20,5.38642E+21,9.01322E+15,4.86308E+16
59297,8.17121E+18,8,1,11,0,2017,12,18,2,2,2,2,1,1,0,0,0,2,1,5.16218E+20,5.39846E+21,9.22058E+15,4.87389E+16
59298,8.17121E+18,8,1,11,0,2017,12,17,2,3,2,6,0,1,0,0,1,2,1,5.15654E+20,5.40352E+21,9.21311E+15,4.87844E+16
59299,8.17121E+18,8,4,35,16,2017,12,14,1,2,4,1,0,1,0,0,0,0,2,5.35917E+20,5.28156E+21,9.4786E+15,4.76864E+16
59300,8.17121E+18,8,4,36,3,2017,12,23,1,2,8,7,0,1,0,0,0,2,1,5.78775E+20,5.30541E+21,1.00539E+16,4.78972E+16
59301,8.17121E+18,8,4,36,82,2017,12,16,1,3,9,1,0,1,0,0,0,2,2,5.47023E+20,5.29395E+21,9.62792E+15,4.77972E+16
59302,8.17121E+18,8,4,35,66,2017,12,3,1,3,9,1,0,1,0,0,0,2,2,5.18301E+20,5.28985E+21,9.24422E+15,4.77618E+16
59303,8.17121E+18,8,4,16,9,2017,12,8,5,3,9,7,0,1,0,0,0,0,2,5.05825E+20,5.38227E+21,9.07899E+15,4.85935E+16
59304,8.17121E+18,8,4,15,89,2017,12,11,5,3,5,3,0,1,0,0,0,0,0,5.18883E+20,5.35682E+21,9.25493E+15,4.83642E+16
59305,8.17121E+18,8,3,16,37,2017,12,7,5,3,2,6,0,1,0,0,0,2,1,4.08766E+20,5.33244E+21,7.77365E+15,4.81386E+16
59306,8.17121E+18,8,3,37,126,2017,12,12,5,3,4,2,0,1,0,0,0,0,1,4.44444E+20,5.27602E+21,8.26043E+15,4.76352E+16
59307,8.17121E+18,8,3,37,2,2017,12,14,5,2,4,6,0,1,0,0,1,0,1,4.35275E+20,5.2716E+21,8.13904E+15,4.75946E+16
59308,8.17121E+18,8,4,35,16,2017,12,17,5,3,4,6,0,0,0,0,1,2,1,5.32661E+20,5.27991E+21,9.43508E+15,4.76717E+16
59309,8.17121E+18,8,3,35,96,2017,12,6,5,2,4,1,0,1,0,0,1,2,2,5.08378E+20,5.3052E+21,9.11209E+15,4.79001E+16
59310,8.17121E+18,8,4,35,16,2017,12,9,5,2,5,3,1,1,0,0,0,0,1,5.36535E+20,5.28232E+21,9.48689E+15,4.76932E+16
59311,8.17121E+18,8,3,27,50,2017,12,6,5,3,2,6,0,1,0,0,0,2,2,4.85261E+20,5.31419E+21,8.80249E+15,4.79808E+16
59312,8.17121E+18,8,3,27,25,2017,12,21,5,3,8,1,0,1,0,0,0,2,2,4.81067E+20,5.30809E+21,8.74655E+15,4.79259E+16
59313,8.17121E+18,8,3,26,74,2017,12,7,5,3,9,1,0,1,0,0,0,0,2,4.6084E+20,5.32428E+21,8.47432E+15,4.80706E+16
59314,8.17121E+18,8,4,35,29,2017,12,16,1,3,4,6,0,1,0,0,1,1,2,5.46258E+20,5.27256E+21,9.61543E+15,4.76048E+16
59315,8.17121E+18,8,3,26,3,2017,12,7,5,3,4,1,0,1,0,0,0,0,2,4.65036E+20,5.31736E+21,8.53121E+15,4.80085E+16
59316,8.17121E+18,8,3,26,6,2017,12,6,5,3,4,1,0,1,0,0,0,2,2,4.58039E+20,5.30586E+21,8.43852E+15,4.79047E+16
59317,8.17121E+18,8,4,35,13,2017,12,19,1,3,2,6,0,1,0,0,0,2,1,5.39352E+20,5.27584E+21,9.52385E+15,4.76348E+16
59318,8.17121E+18,8,3,26,6,2017,12,18,5,2,4,6,0,1,0,0,0,2,2,4.58413E+20,5.30756E+21,8.44336E+15,4.792E+16
59319,8.17121E+18,8,4,26,21,2017,12,19,1,3,7,1,0,1,0,0,0,2,2,5.60778E+20,5.32495E+21,9.81596E+15,4.80749E+16
59320,8.17121E+18,8,3,17,96,2017,12,18,5,3,5,3,1,1,0,0,0,2,1,4.21748E+20,5.36971E+21,7.9412E+15,4.84757E+16
59321,8.17121E+18,8,3,17,59,2017,12,5,5,3,7,7,0,0,0,1,0,2,1,4.12136E+20,5.35056E+21,7.81518E+15,4.83022E+16
59322,8.17121E+18,8,3,17,26,2017,12,12,5,2,4,1,0,1,0,0,0,0,0,4.13495E+20,5.34395E+21,7.83486E+15,4.82429E+16
59323,8.17121E+18,8,3,16,11,2017,12,10,5,3,2,6,0,1,0,0,0,0,0,4.14464E+20,5.32942E+21,7.85083E+15,4.81123E+16
59324,8.17121E+18,8,3,15,68,2017,12,20,5,3,1,1,0,1,0,0,0,2,2,4.37862E+20,5.30392E+21,8.16883E+15,4.78856E+16
59325,8.17121E+18,8,3,15,64,2017,12,6,5,2,6,4,0,1,1,0,0,2,1,4.22922E+20,5.31341E+21,7.96732E+15,4.79693E+16
59326,8.17121E+18,8,2,26,105,2017,12,13,5,3,1,6,0,1,0,0,0,0,0,4.70301E+20,5.47672E+21,8.59032E+15,4.94424E+16
59327,8.17121E+18,8,2,15,46,2017,12,6,5,2,4,2,0,1,0,0,1,2,1,4.50161E+20,5.41578E+21,8.32005E+15,4.88929E+16
59328,8.17121E+18,8,2,15,97,2017,12,16,5,2,4,6,0,1,0,0,1,1,1,4.78545E+20,5.44144E+21,8.70593E+15,4.91254E+16
59329,8.17121E+18,8,3,17,5,2017,12,22,5,2,2,6,0,1,0,0,0,2,0,4.23759E+20,5.38089E+21,7.96636E+15,4.85765E+16
59330,8.17121E+18,8,2,35,47,2017,12,17,5,3,6,3,0,1,1,0,0,2,1,4.77411E+20,5.38959E+21,8.69325E+15,4.86589E+16
59331,8.17121E+18,8,2,35,85,2017,12,7,5,3,8,1,0,1,0,0,0,1,2,4.82857E+20,5.39181E+21,8.76712E+15,4.86791E+16
59332,8.17121E+18,8,2,31,0,2017,12,20,5,2,9,1,0,1,0,0,0,2,1,4.76347E+20,5.41134E+21,8.67756E+15,4.88546E+16
59333,8.17121E+18,8,2,36,46,2017,12,16,5,3,6,4,0,1,1,0,0,0,1,4.83959E+20,5.41837E+21,8.78105E+15,4.89181E+16
59334,8.17121E+18,8,4,26,58,2017,12,5,1,2,1,5,0,1,0,0,0,2,0,5.57688E+20,5.31642E+21,9.77333E+15,4.79984E+16
59335,8.17121E+18,8,1,17,26,2017,12,4,1,2,9,1,0,1,0,0,0,2,0,5.49746E+20,5.39448E+21,9.67609E+15,4.87013E+16
59336,8.17121E+18,8,4,17,8,2017,12,12,1,3,4,1,0,1,0,1,0,0,2,4.92695E+20,5.35127E+21,8.90147E+15,4.83146E+16
59337,8.17121E+18,8,2,36,28,2017,12,18,5,2,1,6,0,1,0,0,0,2,1,4.9336E+20,5.42235E+21,8.90931E+15,4.89541E+16
59338,8.17121E+18,8,2,26,32,2017,12,6,5,3,7,7,0,1,0,0,0,2,1,4.62223E+20,5.46567E+21,8.47994E+15,4.93426E+16
59339,8.17121E+18,8,4,15,89,2017,12,7,1,3,9,1,0,1,0,0,0,1,1,5.21181E+20,5.36004E+21,9.28612E+15,4.83932E+16
59340,8.17121E+18,8,2,22,0,2017,12,21,5,3,2,6,0,1,0,0,1,2,1,4.64931E+20,5.47921E+21,8.51602E+15,4.94645E+16
59341,8.17121E+18,8,3,26,3,2017,12,17,1,3,8,1,0,1,0,0,0,2,2,4.70126E+20,5.31583E+21,8.59955E+15,4.79951E+16
59342,8.17121E+18,8,2,15,9,2017,12,17,5,3,4,2,0,1,0,0,0,2,1,4.70062E+20,5.44347E+21,8.58951E+15,4.91433E+16
59343,8.17121E+18,8,2,15,25,2017,12,15,5,3,2,6,0,1,0,0,0,0,0,4.75331E+20,5.43342E+21,8.66236E+15,4.90532E+16
59344,8.17121E+18,8,2,11,0,2017,12,17,5,3,5,2,0,1,0,0,0,2,1,4.40918E+20,5.40371E+21,8.19571E+15,4.87836E+16
59345,8.17121E+18,8,2,11,0,2017,12,19,5,3,6,4,0,1,1,0,0,2,1,4.42915E+20,5.40267E+21,8.22304E+15,4.87744E+16
59346,8.17121E+18,8,1,18,80,2017,12,5,5,3,8,1,0,0,0,0,1,2,1,5.09241E+20,5.41179E+21,9.12599E+15,4.8859E+16
59347,8.17121E+18,8,1,15,28,2017,12,16,5,3,2,6,0,0,0,0,1,1,0,4.96984E+20,5.40479E+21,8.95894E+15,4.87961E+16
59348,8.17121E+18,8,1,36,66,2017,12,18,5,3,5,3,0,1,0,0,0,2,0,5.55426E+20,5.41624E+21,9.75621E+15,4.88967E+16
59349,8.17121E+18,8,1,36,7,2017,12,6,5,2,6,4,0,1,1,0,0,2,1,5.72709E+20,5.40044E+21,9.98919E+15,4.87528E+16
59350,8.17121E+18,8,1,35,15,2017,12,23,5,3,8,1,0,0,0,0,1,2,1,5.75497E+20,5.3839E+21,1.00241E+16,4.86037E+16
59351,8.17121E+18,8,1,21,0,2017,12,16,5,2,2,6,0,1,0,0,0,1,0,5.14625E+20,5.44466E+21,9.20058E+15,4.91546E+16
59352,8.17121E+18,8,1,21,0,2017,12,19,5,3,0,7,0,1,0,1,0,2,1,5.10323E+20,5.44904E+21,9.14169E+15,4.91941E+16
59353,8.17121E+18,8,1,21,0,2017,12,15,5,3,1,6,0,1,0,0,0,0,1,5.16331E+20,5.44616E+21,9.22404E+15,4.91681E+16
59354,8.17121E+18,8,1,19,89,2017,12,16,5,3,4,6,0,1,0,0,0,1,1,5.33707E+20,5.41547E+21,9.45984E+15,4.88913E+16
59355,8.17121E+18,8,3,36,45,2017,12,11,1,3,4,1,0,1,0,0,0,0,1,4.00014E+20,5.28546E+21,7.66694E+15,4.77148E+16
59356,8.17121E+18,8,3,36,107,2017,12,12,1,3,4,6,0,1,0,0,0,0,1,4.08641E+20,5.28607E+21,7.78181E+15,4.77216E+16
59357,8.17121E+18,8,1,19,20,2017,12,7,5,3,4,1,0,1,0,0,0,2,1,5.19495E+20,5.40499E+21,9.26546E+15,4.87976E+16
59358,8.17121E+18,8,3,36,50,2017,12,15,1,3,4,2,0,1,0,0,0,0,1,4.02722E+20,5.27733E+21,7.70485E+15,4.76421E+16
59359,8.17121E+18,8,3,27,46,2017,12,16,1,3,9,1,0,1,0,0,0,0,2,4.77372E+20,5.32318E+21,8.69629E+15,4.80615E+16
59360,8.17121E+18,8,3,26,27,2017,12,18,1,3,8,1,0,1,0,0,0,2,2,4.6106E+20,5.30697E+21,8.47885E+15,4.79149E+16
59361,8.17121E+18,8,3,26,12,2017,12,16,1,3,8,1,0,1,0,0,0,2,2,4.6399E+20,5.31408E+21,8.51745E+15,4.7979E+16
59362,8.17121E+18,8,3,26,5,2017,12,10,1,3,8,1,0,1,0,0,0,0,2,4.65999E+20,5.2969E+21,8.54573E+15,4.78246E+16
59363,8.17121E+18,8,1,19,42,2017,12,13,5,2,3,6,1,0,0,0,1,0,0,5.29677E+20,5.41648E+21,9.40494E+15,4.89006E+16
59364,8.17121E+18,8,1,18,48,2017,12,15,5,3,2,6,0,1,0,0,0,0,0,5.1196E+20,5.41525E+21,9.16316E+15,4.88901E+16
59365,8.17121E+18,8,1,18,80,2017,12,8,5,3,2,6,0,1,0,0,0,0,1,5.0787E+20,5.41181E+21,9.1073E+15,4.88592E+16
59366,8.17121E+18,8,1,17,1,2017,12,21,5,3,0,7,1,0,0,0,0,2,1,5.4262E+20,5.39961E+21,9.57979E+15,4.87481E+16
59367,8.17121E+18,8,1,17,26,2017,12,17,5,2,2,6,0,1,0,0,0,2,0,5.49081E+20,5.39332E+21,9.66692E+15,4.8691E+16
59368,8.17121E+18,8,1,17,19,2017,12,6,5,3,5,3,0,1,0,1,0,2,1,5.52686E+20,5.39399E+21,9.71599E+15,4.86967E+16
59369,8.17121E+18,8,1,17,24,2017,12,18,5,2,3,2,0,1,0,1,0,2,0,5.60351E+20,5.38508E+21,9.81884E+15,4.86159E+16
59370,8.17121E+18,8,1,17,7,2017,12,12,5,2,2,6,0,1,0,0,0,0,0,5.59101E+20,5.38405E+21,9.80173E+15,4.86067E+16
59371,8.17121E+18,8,4,25,139,2017,12,7,5,3,8,1,0,1,0,0,0,2,2,5.48193E+20,5.36438E+21,9.65151E+15,4.84307E+16
59372,8.17121E+18,8,4,25,139,2017,12,6,5,3,4,1,0,1,0,0,0,2,2,5.481E+20,5.36218E+21,9.65E+15,4.8411E+16
59373,8.17121E+18,8,4,25,79,2017,12,8,5,2,2,1,0,1,0,0,0,1,2,5.61535E+20,5.37351E+21,9.83319E+15,4.85117E+16
59374,8.17121E+18,8,1,16,77,2017,12,17,5,3,5,2,1,1,0,0,0,2,0,5.19445E+20,5.39022E+21,9.26409E+15,4.86647E+16
59375,8.17121E+18,8,1,16,19,2017,12,23,5,2,4,2,0,1,0,0,0,2,0,5.23058E+20,5.39824E+21,9.3136E+15,4.87368E+16
59376,8.17121E+18,8,1,16,78,2017,12,16,5,3,2,6,0,1,0,0,0,2,0,5.13339E+20,5.39199E+21,9.18122E+15,4.86808E+16
59377,8.17121E+18,8,1,15,29,2017,12,21,5,3,2,6,0,1,0,0,0,2,1,4.96059E+20,5.39944E+21,8.94639E+15,4.8748E+16
59378,8.17121E+18,8,1,15,54,2017,12,16,5,3,2,6,0,1,0,0,0,2,1,4.93485E+20,5.39541E+21,8.91144E+15,4.87117E+16
59379,8.17121E+18,8,1,15,34,2017,12,11,5,3,0,6,0,1,0,0,1,0,0,4.83509E+20,5.37379E+21,8.77668E+15,4.8517E+16
59380,8.17121E+18,8,1,11,0,2017,12,17,5,3,2,6,0,1,0,0,0,2,0,5.12477E+20,5.40134E+21,9.16978E+15,4.8765E+16
59381,8.17121E+18,8,1,11,0,2017,12,6,5,3,2,6,0,1,0,0,0,2,1,5.12941E+20,5.40722E+21,9.17629E+15,4.88179E+16
59382,8.17121E+18,8,4,17,79,2017,12,19,1,2,4,6,0,1,0,0,1,2,1,5.03957E+20,5.3449E+21,9.05331E+15,4.82573E+16
59383,8.17121E+18,8,3,17,114,2017,12,11,1,3,2,6,0,1,0,0,0,0,2,4.05738E+20,5.34584E+21,7.72998E+15,4.82587E+16
59384,8.17121E+18,8,1,11,0,2017,12,7,5,3,2,2,0,1,0,0,1,1,0,5.12324E+20,5.39951E+21,9.16765E+15,4.87485E+16
59385,8.17121E+18,8,1,11,0,2017,12,17,5,3,2,6,0,1,0,0,0,1,0,5.12242E+20,5.39734E+21,9.16647E+15,4.8729E+16
59386,8.17121E+18,8,1,11,0,2017,12,20,5,3,6,4,0,1,1,0,0,2,1,5.09691E+20,5.40343E+21,9.13192E+15,4.87838E+16
59387,8.17121E+18,8,1,11,0,2017,12,22,5,3,2,6,0,1,0,0,0,2,1,5.12472E+20,5.40121E+21,9.16971E+15,4.87638E+16
59388,8.17121E+18,8,4,36,82,2017,12,12,4,3,2,7,0,1,0,0,0,0,1,5.46866E+20,5.29381E+21,9.6258E+15,4.77959E+16
59389,8.17121E+18,8,4,35,67,2017,12,9,4,2,4,2,0,1,0,0,0,0,0,5.30373E+20,5.29123E+21,9.40541E+15,4.77737E+16
59390,8.17121E+18,8,4,26,14,2017,12,7,4,3,4,2,0,1,0,0,0,0,0,5.51731E+20,5.31932E+21,9.69382E+15,4.8025E+16
59391,8.17121E+18,8,4,26,19,2017,12,17,4,3,4,6,0,1,0,0,1,2,0,5.80751E+20,5.32237E+21,1.00836E+16,4.80495E+16
59392,8.17121E+18,8,4,26,43,2017,12,8,4,3,9,1,0,1,0,0,0,0,2,5.73209E+20,5.3254E+21,9.98289E+15,4.80777E+16
59393,8.17121E+18,8,4,26,8,2017,12,17,4,1,2,6,0,1,0,0,1,2,1,5.30478E+20,5.33066E+21,9.40959E+15,4.81285E+16
59394,8.17121E+18,8,4,21,0,2017,12,10,4,3,1,5,0,0,0,0,1,0,1,5.69387E+20,5.36395E+21,9.9379E+15,4.84249E+16
59395,8.17121E+18,8,3,17,110,2017,12,9,1,2,9,1,0,1,0,0,0,0,1,4.29498E+20,5.3809E+21,8.04416E+15,4.85773E+16
59396,8.17121E+18,8,4,25,92,2017,12,9,4,2,9,1,0,1,0,0,0,0,0,5.85605E+20,5.37399E+21,1.01591E+16,4.85132E+16
59397,8.17121E+18,8,3,17,75,2017,12,13,1,3,2,6,0,1,0,0,0,0,1,4.12878E+20,5.35955E+21,7.82333E+15,4.83831E+16
59398,8.17121E+18,8,4,15,14,2017,12,15,4,2,4,6,0,1,0,0,1,0,0,5.26132E+20,5.37382E+21,9.35386E+15,4.85169E+16
59399,8.17121E+18,8,4,15,91,2017,12,9,4,3,8,1,0,1,0,0,0,0,2,5.15873E+20,5.36116E+21,9.21447E+15,4.84034E+16
59400,8.17121E+18,8,4,15,59,2017,12,17,4,3,2,6,0,1,0,0,0,2,1,5.17181E+20,5.36898E+21,9.23246E+15,4.84737E+16
59401,8.17121E+18,8,3,35,22,2017,12,18,4,2,5,3,0,1,0,0,0,2,1,4.82701E+20,5.30001E+21,8.76876E+15,4.78532E+16
59402,8.17121E+18,8,4,36,82,2017,12,7,4,2,6,4,0,1,1,0,0,2,1,5.47529E+20,5.2953E+21,9.63483E+15,4.78093E+16
59403,8.17121E+18,8,3,26,17,2017,12,18,4,3,6,2,0,1,1,0,0,2,2,4.40694E+20,5.32248E+21,8.20415E+15,4.80528E+16
59404,8.17121E+18,8,3,26,74,2017,12,23,4,3,4,2,0,1,0,0,0,2,2,4.66316E+20,5.32378E+21,8.54786E+15,4.80664E+16
59405,8.17121E+18,8,3,26,74,2017,12,19,4,3,8,1,0,1,0,0,0,2,2,4.67626E+20,5.3251E+21,8.56535E+15,4.80784E+16
59406,8.17121E+18,8,3,25,49,2017,12,7,4,3,4,2,0,1,0,0,0,1,1,4.7294E+20,5.33648E+21,8.63597E+15,4.8181E+16
59407,8.17121E+18,8,3,25,70,2017,12,8,4,3,4,6,0,1,0,0,0,1,0,4.60894E+20,5.35142E+21,8.47254E+15,4.83148E+16
59408,8.17121E+18,8,3,25,69,2017,12,18,4,2,4,1,0,1,0,0,0,2,2,4.66998E+20,5.33709E+21,8.55598E+15,4.81862E+16
59409,8.17121E+18,8,3,11,0,2017,12,20,4,3,3,6,0,1,0,0,1,2,1,4.12796E+20,5.31635E+21,7.8311E+15,4.79945E+16
59410,8.17121E+18,8,2,26,96,2017,12,11,4,3,2,6,0,1,0,0,0,0,0,4.73071E+20,5.48852E+21,8.62772E+15,4.95487E+16
59411,8.17121E+18,8,3,16,37,2017,12,10,1,3,8,1,0,1,0,0,0,0,2,4.0756E+20,5.33312E+21,7.75729E+15,4.81446E+16
59412,8.17121E+18,8,2,12,0,2017,12,17,4,3,3,6,0,1,0,0,0,2,1,4.58795E+20,5.42569E+21,8.43685E+15,4.89828E+16
59413,8.17121E+18,8,2,12,0,2017,12,17,4,2,6,4,0,1,1,0,0,2,1,4.54122E+20,5.4327E+21,8.37219E+15,4.90455E+16
59414,8.17121E+18,8,2,35,65,2017,12,17,4,3,2,6,0,1,0,0,0,2,1,4.73778E+20,5.40383E+21,8.64301E+15,4.87869E+16
59415,8.17121E+18,8,3,15,102,2017,12,21,1,2,8,1,0,1,0,0,0,2,2,4.38257E+20,5.29785E+21,8.17498E+15,4.7831E+16
59416,8.17121E+18,8,2,36,33,2017,12,17,4,3,9,1,0,1,0,0,0,2,1,4.87546E+20,5.43107E+21,8.82961E+15,4.90324E+16
59417,8.17121E+18,8,2,15,99,2017,12,5,4,3,8,1,0,0,0,0,1,2,2,4.63651E+20,5.44794E+21,8.5012E+15,4.91832E+16
59418,8.17121E+18,8,3,15,20,2017,12,5,1,2,8,7,0,1,0,0,0,2,2,4.27002E+20,5.31619E+21,8.02151E+15,4.79949E+16
59419,8.17121E+18,8,2,15,96,2017,12,2,1,3,2,6,0,1,0,0,0,2,0,4.64143E+20,5.42097E+21,8.51035E+15,4.89406E+16
59420,8.17121E+18,8,2,15,21,2017,12,7,4,3,2,6,0,1,0,0,0,1,1,4.70119E+20,5.44341E+21,8.59029E+15,4.91428E+16
59421,8.17121E+18,8,2,12,0,2017,12,17,4,3,3,6,0,1,0,0,0,2,1,4.56589E+20,5.42497E+21,8.40677E+15,4.89761E+16
59422,8.17121E+18,8,2,12,0,2017,12,9,4,3,2,6,0,1,0,0,0,0,1,4.6282E+20,5.42131E+21,8.49225E+15,4.89436E+16
59423,8.17121E+18,8,2,12,0,2017,12,7,4,3,5,2,1,1,0,0,0,1,2,4.60739E+20,5.42558E+21,8.46342E+15,4.89818E+16
59424,8.17121E+18,8,2,11,0,2017,12,17,4,3,1,6,0,1,0,0,0,2,1,4.39252E+20,5.40363E+21,8.17304E+15,4.87827E+16
59425,8.17121E+18,8,1,21,0,2017,12,21,4,3,2,6,0,1,0,0,0,2,1,5.15289E+20,5.44804E+21,9.2098E+15,4.91849E+16
59426,8.17121E+18,8,2,36,25,2017,12,14,4,3,2,6,0,1,0,0,1,0,0,4.90547E+20,5.40839E+21,8.8712E+15,4.88284E+16
59427,8.17121E+18,8,4,16,48,2017,12,7,4,2,2,6,0,1,0,0,0,1,0,4.91879E+20,5.37666E+21,8.88998E+15,4.8543E+16
59428,8.17121E+18,8,1,36,38,2017,12,15,4,3,8,1,1,0,0,0,0,0,2,5.90839E+20,5.41354E+21,1.02387E+16,4.88682E+16
59429,8.17121E+18,8,1,27,46,2017,12,12,4,3,5,3,0,1,0,0,0,0,1,5.73511E+20,5.45201E+21,1.00094E+16,4.92165E+16
59430,8.17121E+18,8,1,27,104,2017,12,11,4,3,5,3,0,1,0,0,0,0,1,5.79883E+20,5.43477E+21,1.00935E+16,4.90606E+16
59431,8.17121E+18,8,1,26,11,2017,12,8,4,3,5,3,0,1,0,0,0,0,0,5.31909E+20,5.44739E+21,9.43783E+15,4.91785E+16
59432,8.17121E+18,8,1,26,28,2017,12,6,4,3,8,1,0,1,0,0,0,2,1,5.38956E+20,5.46001E+21,9.53575E+15,4.92916E+16
59433,8.17121E+18,8,1,21,0,2017,12,9,4,3,2,3,0,1,0,0,1,0,0,5.15851E+20,5.4463E+21,9.21745E+15,4.91693E+16
59434,8.17121E+18,8,1,21,0,2017,12,12,4,3,2,6,0,0,0,1,1,0,0,5.16135E+20,5.44374E+21,9.22124E+15,4.91463E+16
59435,8.17121E+18,8,2,15,39,2017,12,21,1,3,2,1,0,1,0,0,0,2,1,4.71079E+20,5.45308E+21,8.60277E+15,4.92298E+16
59436,8.17121E+18,8,2,11,0,2017,12,3,1,3,8,6,0,1,0,0,0,2,0,4.39671E+20,5.40615E+21,8.17838E+15,4.88054E+16
59437,8.17121E+18,8,2,37,45,2017,12,14,1,3,4,1,0,1,0,0,0,0,2,4.5862E+20,5.36428E+21,8.4406E+15,4.84303E+16
59438,8.17121E+18,8,1,21,0,2017,12,7,4,3,5,2,0,1,0,0,0,2,0,5.16535E+20,5.44237E+21,9.22667E+15,4.91339E+16
59439,8.17121E+18,8,1,19,91,2017,12,18,4,3,5,2,0,1,0,0,0,2,0,5.28133E+20,5.40582E+21,9.38314E+15,4.88047E+16
59440,8.17121E+18,8,2,31,0,2017,12,12,1,3,2,6,0,1,0,0,0,0,2,4.81913E+20,5.41748E+21,8.75317E+15,4.891E+16
59441,8.17121E+18,8,1,19,37,2017,12,11,4,2,5,3,0,1,0,0,1,0,0,5.47053E+20,5.4191E+21,9.64232E+15,4.89231E+16
59442,8.17121E+18,8,1,18,78,2017,12,6,4,2,5,3,0,1,0,0,1,2,1,5.12915E+20,5.42027E+21,9.17634E+15,4.89352E+16
59443,8.17121E+18,8,1,18,50,2017,12,8,4,2,6,4,0,1,1,0,0,0,0,5.05699E+20,5.41717E+21,9.07777E+15,4.89075E+16
59444,8.17121E+18,8,4,25,75,2017,12,16,4,2,7,7,0,1,0,0,1,1,1,5.65221E+20,5.37779E+21,9.88377E+15,4.85498E+16
59445,8.17121E+18,8,1,16,49,2017,12,18,4,3,5,3,0,1,0,0,0,1,1,5.24137E+20,5.38499E+21,9.32749E+15,4.86175E+16
59446,8.17121E+18,8,1,16,7,2017,12,12,4,3,1,7,0,1,0,0,0,0,0,5.32689E+20,5.39924E+21,9.44466E+15,4.87453E+16
59447,8.17121E+18,8,1,16,78,2017,12,12,4,3,5,2,0,1,0,0,0,0,0,5.12207E+20,5.39235E+21,9.16585E+15,4.86841E+16
59448,8.17121E+18,8,1,15,50,2017,12,9,4,3,4,6,0,1,0,0,1,0,0,4.86058E+20,5.40268E+21,8.81023E+15,4.8777E+16
59449,8.17121E+18,8,1,11,0,2017,12,15,4,3,3,7,1,0,0,0,0,0,0,5.16331E+20,5.40476E+21,9.22237E+15,4.87956E+16
59450,8.17121E+18,8,1,11,0,2017,12,7,4,3,3,6,0,1,0,0,0,0,0,5.12431E+20,5.4051E+21,9.16928E+15,4.87987E+16
59451,8.17121E+18,8,1,11,0,2017,12,5,4,3,2,6,0,1,0,0,1,2,0,5.10429E+20,5.40639E+21,9.14205E+15,4.88104E+16
59452,8.17121E+18,8,1,11,0,2017,12,16,4,3,2,6,0,1,0,0,0,2,0,5.17672E+20,5.40297E+21,9.24055E+15,4.87795E+16