OBJECTID,UIDENTSTLA,ULAND,UREGBEZ,UKREIS,UGEMEINDE,UJAHR,UMONAT,USTUNDE,UWOCHENTAG,UKATEGORIE,UART,UTYP1,IstRad,IstPKW,IstFuss,IstKrad,IstSonstig,LICHT,STRZUSTAND,LINREFX,LINREFY,XGCSWGS84,YGCSWGS84
59453,8.17121E+18,8,1,11,0,2017,12,16,4,3,2,2,0,1,0,0,1,1,1,5.19336E+20,5.40113E+21,9.26311E+15,4.87629E+16
59454,8.17121E+18,8,4,36,81,2017,12,18,3,3,0,6,0,1,0,0,1,2,1,5.64657E+20,5.28538E+21,9.86209E+15,4.77185E+16
59455,8.17121E+18,8,4,36,81,2017,12,15,3,3,2,6,0,1,0,0,0,0,1,5.63411E+20,5.28136E+21,9.84489E+15,4.76826E+16
59456,8.17121E+18,8,4,35,16,2017,12,16,3,3,4,2,1,1,0,0,0,1,1,5.33141E+20,5.27848E+21,9.44138E+15,4.76589E+16
59457,8.17121E+18,8,4,37,76,2017,12,10,3,2,8,7,0,1,0,0,1,0,0,5.2398E+20,5.32129E+21,9.32174E+15,4.80445E+16
59458,8.17121E+18,8,4,26,28,2017,12,6,3,3,5,3,0,1,0,1,0,2,1,5.68929E+20,5.34356E+21,9.92838E+15,4.82415E+16
59459,8.17121E+18,8,2,26,98,2017,12,14,1,3,4,6,0,1,0,0,0,0,2,4.79833E+20,5.46013E+21,8.72265E+15,4.92936E+16
59460,8.17121E+18,8,2,26,54,2017,12,15,1,2,1,2,0,1,0,0,0,0,1,4.81103E+20,5.45506E+21,8.74035E+15,4.92481E+16
59461,8.17121E+18,8,4,26,21,2017,12,5,3,3,3,6,0,1,0,0,0,2,1,5.58934E+20,5.32919E+21,9.79178E+15,4.81132E+16
59462,8.17121E+18,8,4,26,71,2017,12,16,3,3,2,6,0,1,0,0,0,2,1,5.62335E+20,5.33332E+21,9.83808E+15,4.815E+16
59463,8.17121E+18,8,4,21,0,2017,12,20,3,3,3,6,0,1,0,0,1,1,1,5.72322E+20,5.36096E+21,9.97706E+15,4.83977E+16
59464,8.17121E+18,8,4,21,0,2017,12,3,3,3,4,6,0,1,0,0,0,2,1,5.6881E+20,5.35682E+21,9.92894E+15,4.83608E+16
59465,8.17121E+18,8,4,25,39,2017,12,17,3,3,5,2,0,1,0,0,0,2,1,5.66023E+20,5.35217E+21,9.8906E+15,4.83193E+16
59466,8.17121E+18,8,4,25,50,2017,12,6,3,3,8,1,0,1,0,0,0,2,2,5.60082E+20,5.34648E+21,9.80965E+15,4.82687E+16
59467,8.17121E+18,8,4,16,25,2017,12,7,3,3,3,3,0,1,0,1,0,2,1,5.04224E+20,5.36187E+21,9.05708E+15,4.84099E+16
59468,8.17121E+18,8,2,26,13,2017,12,14,1,3,4,2,0,1,0,0,0,0,2,4.98691E+20,5.47862E+21,8.98194E+15,4.94603E+16
59469,8.17121E+18,8,4,16,23,2017,12,16,3,3,2,6,0,1,0,0,0,1,0,5.09639E+20,5.3752E+21,9.13056E+15,4.85298E+16
59470,8.17121E+18,8,4,15,61,2017,12,16,3,3,2,6,0,1,0,0,1,2,0,5.16657E+20,5.37248E+21,9.22551E+15,4.85052E+16
59471,8.17121E+18,8,2,25,33,2017,12,16,1,3,9,1,0,1,0,0,0,2,2,5.085E+20,5.46296E+21,9.11697E+15,4.93193E+16
59472,8.17121E+18,8,4,15,29,2017,12,6,3,3,5,3,0,1,0,0,0,0,0,5.2353E+20,5.38035E+21,9.319E+15,4.85758E+16
59473,8.17121E+18,8,3,36,91,2017,12,17,3,3,2,6,0,1,0,0,0,2,0,3.95967E+20,5.27386E+21,7.61576E+15,4.76098E+16
59474,8.17121E+18,8,3,27,46,2017,12,7,3,3,5,3,0,1,0,0,0,0,0,4.80925E+20,5.32451E+21,8.74392E+15,4.80736E+16
59475,8.17121E+18,8,3,26,61,2017,12,15,3,3,2,1,0,1,0,0,1,0,1,4.68755E+20,5.32112E+21,8.5808E+15,4.80426E+16
59476,8.17121E+18,8,3,17,26,2017,12,6,3,3,8,6,0,1,0,0,0,2,0,4.14147E+20,5.34483E+21,7.84346E+15,4.82509E+16
59477,8.17121E+18,8,2,12,0,2017,12,17,3,3,2,6,0,1,0,0,0,2,1,4.63061E+20,5.4332E+21,8.49445E+15,4.90506E+16
59478,8.17121E+18,8,2,31,0,2017,12,9,3,3,2,6,0,1,0,0,0,0,0,4.79026E+20,5.41706E+21,8.71379E+15,4.89061E+16
59479,8.17121E+18,8,2,36,71,2017,12,13,3,3,5,3,0,1,0,0,1,0,1,4.68532E+20,5.42234E+21,8.57018E+15,4.89532E+16
59480,8.17121E+18,8,2,36,33,2017,12,15,3,3,5,3,1,1,0,0,0,0,0,4.8232E+20,5.43037E+21,8.75815E+15,4.9026E+16
59481,8.17121E+18,8,2,36,25,2017,12,15,3,3,5,3,0,1,0,0,1,0,0,4.90296E+20,5.40793E+21,8.86779E+15,4.88243E+16
59482,8.17121E+18,8,2,25,74,2017,12,20,3,3,5,2,0,1,0,0,1,2,1,5.06982E+20,5.46525E+21,9.09612E+15,4.93399E+16
59483,8.17121E+18,8,2,21,0,2017,12,7,3,3,2,6,0,1,0,0,0,1,0,4.77245E+20,5.46847E+21,8.68657E+15,4.93685E+16
59484,8.17121E+18,8,2,26,95,2017,12,5,3,3,5,3,0,0,0,0,1,2,1,4.73109E+20,5.46094E+21,8.63012E+15,4.93006E+16
59485,8.17121E+18,8,2,16,7,2017,12,3,3,3,8,1,0,1,0,0,0,2,1,4.30692E+20,5.39647E+21,8.05774E+15,4.87174E+16
59486,8.17121E+18,8,2,15,66,2017,12,10,3,3,2,6,0,1,0,0,0,0,0,4.61746E+20,5.45456E+21,8.47444E+15,4.92426E+16
59487,8.17121E+18,8,2,12,0,2017,12,18,3,3,1,6,0,1,0,0,0,2,1,4.60014E+20,5.43239E+21,8.45284E+15,4.90431E+16
59488,8.17121E+18,8,2,12,0,2017,12,0,3,3,2,6,0,1,0,0,1,2,1,4.53794E+20,5.42778E+21,8.36826E+15,4.90011E+16
59489,8.17121E+18,8,2,11,0,2017,12,17,3,3,1,6,0,1,0,0,0,2,0,4.41748E+20,5.40344E+21,8.20705E+15,4.87812E+16
59490,8.17121E+18,8,1,36,88,2017,12,7,3,3,2,6,0,1,0,0,0,0,0,5.82628E+20,5.40712E+21,1.01255E+16,4.88116E+16
59491,8.17121E+18,8,1,36,88,2017,12,18,3,1,6,4,0,1,1,0,0,2,1,5.73568E+20,5.41521E+21,1.00035E+16,4.88855E+16
59492,8.17121E+18,8,1,36,50,2017,12,17,3,2,6,4,0,1,1,0,0,2,0,5.81661E+20,5.40427E+21,1.01117E+16,4.8786E+16
59493,8.17121E+18,8,1,21,0,2017,12,16,3,2,3,2,0,1,0,0,1,1,1,5.15926E+20,5.44492E+21,9.21843E+15,4.91569E+16
59494,8.17121E+18,8,1,28,131,2017,12,18,3,2,6,4,0,1,1,0,0,2,0,5.36159E+20,5.5145E+21,9.50227E+15,4.97818E+16
59495,8.17121E+18,8,1,27,8,2017,12,10,3,2,0,1,0,0,0,1,0,0,1,5.70536E+20,5.46074E+21,9.97013E+15,4.92953E+16
59496,8.17121E+18,8,1,25,107,2017,12,16,3,2,4,6,0,1,0,0,1,2,2,5.36818E+20,5.43711E+21,9.50424E+15,4.90858E+16
59497,8.17121E+18,8,1,25,98,2017,12,15,3,2,9,1,0,1,0,0,0,0,1,5.23885E+20,5.4411E+21,9.32735E+15,4.91223E+16
59498,8.17121E+18,8,2,26,55,2017,12,15,1,2,4,6,0,1,0,0,0,0,1,4.99909E+20,5.45814E+21,8.99874E+15,4.9276E+16
59499,8.17121E+18,8,1,25,94,2017,12,0,3,3,4,2,0,1,0,0,0,2,1,5.16498E+20,5.43693E+21,9.22595E+15,4.9085E+16
59500,8.17121E+18,8,1,19,91,2017,12,18,3,3,2,6,0,1,0,0,0,2,0,5.26985E+20,5.40696E+21,9.36758E+15,4.88151E+16
59501,8.17121E+18,8,1,19,20,2017,12,10,3,3,5,3,0,1,0,0,0,0,0,5.19802E+20,5.40604E+21,9.26969E+15,4.8807E+16
59502,8.17121E+18,8,1,19,75,2017,12,18,3,3,0,1,0,0,0,1,0,2,2,5.39638E+20,5.42913E+21,9.54207E+15,4.90138E+16
59503,8.17121E+18,8,2,16,8,2017,12,10,1,3,4,1,0,1,0,0,0,0,2,4.41083E+20,5.3912E+21,8.19974E+15,4.86711E+16
59504,8.17121E+18,8,1,18,12,2017,12,17,3,3,3,2,0,1,0,0,1,1,0,4.9579E+20,5.4161E+21,8.94256E+15,4.88978E+16
59505,8.17121E+18,8,1,18,70,2017,12,16,3,2,5,3,0,1,0,0,0,2,1,5.19429E+20,5.42401E+21,9.26546E+15,4.89687E+16
59506,8.17121E+18,8,2,11,0,2017,12,10,1,2,0,1,0,0,0,1,0,0,2,4.37256E+20,5.39752E+21,8.14681E+15,4.87275E+16
59507,8.17121E+18,8,1,17,15,2017,12,22,3,3,9,1,0,1,0,0,0,2,1,5.61727E+20,5.39233E+21,9.83859E+15,4.86809E+16
59508,8.17121E+18,8,1,17,42,2017,12,9,3,3,4,6,0,1,0,0,0,0,0,5.54394E+20,5.39347E+21,9.73913E+15,4.86919E+16
59509,8.17121E+18,8,1,16,22,2017,12,22,3,3,0,6,0,1,0,0,1,2,1,5.2366E+20,5.38133E+21,9.32082E+15,4.85846E+16
59510,8.17121E+18,8,1,16,77,2017,12,9,3,3,2,6,0,1,0,0,0,0,0,5.14945E+20,5.39E+21,9.20296E+15,4.86629E+16
59511,8.17121E+18,8,4,15,61,2017,12,17,3,2,6,6,1,0,1,0,0,2,0,5.13062E+20,5.3734E+21,9.17687E+15,4.85136E+16
59512,8.17121E+18,8,1,16,73,2017,12,17,3,3,1,5,0,1,0,0,1,2,0,5.21078E+20,5.38916E+21,9.2862E+15,4.86551E+16
59513,8.17121E+18,8,1,15,16,2017,12,10,3,3,2,6,0,1,0,0,0,0,0,4.8853E+20,5.37781E+21,8.84457E+15,4.85533E+16
59514,8.17121E+18,8,2,15,59,2017,12,13,1,3,8,1,0,1,0,0,0,0,2,4.84519E+20,5.4359E+21,8.78802E+15,4.90758E+16
59515,8.17121E+18,8,1,11,0,2017,12,20,3,3,6,4,0,1,1,0,0,2,0,5.13139E+20,5.40346E+21,9.17887E+15,4.8784E+16
59516,8.17121E+18,8,1,11,0,2017,12,6,3,3,3,6,0,1,0,0,0,2,0,5.1133E+20,5.40972E+21,9.15441E+15,4.88403E+16
59517,8.17121E+18,8,1,11,0,2017,12,23,3,3,5,2,0,1,0,0,0,2,0,5.11238E+20,5.40631E+21,9.15306E+15,4.88096E+16
59518,8.17121E+18,8,1,11,0,2017,12,11,3,3,2,6,0,1,0,0,0,0,0,5.13949E+20,5.40368E+21,9.18989E+15,4.8786E+16
59519,8.17121E+18,8,1,11,0,2017,12,6,3,3,2,6,0,1,0,0,1,2,0,5.15277E+20,5.40542E+21,9.20805E+15,4.88016E+16
59520,8.17121E+18,8,4,36,82,2017,12,19,2,3,6,2,0,1,1,0,0,2,1,5.47713E+20,5.29566E+21,9.63733E+15,4.78125E+16
59521,8.17121E+18,8,4,36,95,2017,12,1,2,3,9,1,0,1,0,0,0,2,2,5.37685E+20,5.29414E+21,9.50324E+15,4.77995E+16
59522,8.17121E+18,8,4,35,57,2017,12,17,2,3,4,2,0,1,0,0,1,2,1,5.41907E+20,5.27967E+21,9.55823E+15,4.76691E+16
59523,8.17121E+18,8,3,37,22,2017,12,9,2,3,9,1,0,1,0,0,0,0,1,4.46043E+20,5.29755E+21,8.27906E+15,4.7829E+16
59524,8.17121E+18,8,3,37,106,2017,12,6,2,3,9,1,0,1,0,0,0,2,2,4.58348E+20,5.29268E+21,8.44393E+15,4.77861E+16
59525,8.17121E+18,8,3,37,51,2017,12,19,2,3,1,1,0,1,0,0,0,2,2,4.37478E+20,5.28745E+21,8.16607E+15,4.77374E+16
59526,8.17121E+18,8,3,37,126,2017,12,10,2,3,8,1,0,1,0,0,0,0,2,4.38085E+20,5.27775E+21,8.17554E+15,4.76501E+16
59527,8.17121E+18,8,3,35,43,2017,12,18,2,2,5,3,0,1,0,0,0,2,1,5.11465E+20,5.2802E+21,9.15273E+15,4.76751E+16
59528,8.17121E+18,8,3,27,46,2017,12,7,2,3,6,2,0,1,1,0,0,2,1,4.80478E+20,5.32478E+21,8.73791E+15,4.8076E+16
59529,8.17121E+18,8,3,27,25,2017,12,6,2,3,8,1,0,1,0,0,0,2,2,4.83133E+20,5.30821E+21,8.77421E+15,4.7927E+16
59530,8.17121E+18,8,3,26,74,2017,12,7,2,3,5,3,0,1,0,0,0,1,1,4.68008E+20,5.32319E+21,8.57062E+15,4.80612E+16
59531,8.17121E+18,8,3,26,74,2017,12,17,2,3,8,1,0,1,0,0,0,2,1,4.68447E+20,5.32121E+21,8.57666E+15,4.80434E+16
59532,8.17121E+18,8,3,26,12,2017,12,12,2,3,6,7,0,1,1,0,0,0,1,4.66028E+20,5.30911E+21,8.54515E+15,4.79344E+16
59533,8.17121E+18,8,2,12,0,2017,12,12,1,3,2,6,0,1,0,0,0,0,1,4.53777E+20,5.42681E+21,8.36814E+15,4.89925E+16
59534,8.17121E+18,8,1,11,0,2017,12,11,1,3,0,1,0,1,0,0,0,0,2,5.1233E+20,5.39486E+21,9.16759E+15,4.87066E+16
59535,8.17121E+18,8,3,25,69,2017,12,17,2,3,2,6,0,1,0,0,1,2,1,4.68434E+20,5.33613E+21,8.57538E+15,4.81776E+16
59536,8.17121E+18,8,4,17,2,2017,12,9,2,3,5,3,0,1,0,0,0,0,1,4.89322E+20,5.34676E+21,8.85609E+15,4.82739E+16
59537,8.17121E+18,8,1,15,51,2017,12,17,1,2,5,2,0,1,0,0,0,2,1,5.02798E+20,5.38742E+21,9.03798E+15,4.86399E+16
59538,8.17121E+18,8,4,17,2,2017,12,16,2,2,6,4,0,1,1,0,0,2,1,4.89162E+20,5.34322E+21,8.85402E+15,4.82421E+16
59539,8.17121E+18,8,1,11,0,2017,12,12,1,3,0,1,0,1,0,0,0,0,2,5.17282E+20,5.39365E+21,9.23486E+15,4.86956E+16
59540,8.17121E+18,8,3,17,65,2017,12,7,2,3,2,6,0,1,0,0,0,2,1,4.12757E+20,5.35368E+21,7.8229E+15,4.83302E+16
59541,8.17121E+18,8,3,17,57,2017,12,17,2,3,5,3,0,1,0,0,1,1,1,4.12684E+20,5.38101E+21,7.81622E+15,4.85761E+16
59542,8.17121E+18,8,1,36,88,2017,12,15,1,3,5,3,0,1,0,0,0,0,2,5.8744E+20,5.4058E+21,1.01907E+16,4.8799E+16
59543,8.17121E+18,8,3,17,57,2017,12,21,2,3,5,3,0,1,0,0,0,2,0,4.14283E+20,5.37822E+21,7.83847E+15,4.85513E+16
59544,8.17121E+18,8,3,16,11,2017,12,22,2,3,5,3,0,1,0,0,0,2,0,4.14512E+20,5.32984E+21,7.85139E+15,4.81161E+16
59545,8.17121E+18,8,3,15,68,2017,12,11,2,3,2,6,0,1,0,0,0,0,1,4.37932E+20,5.30638E+21,8.16941E+15,4.79077E+16
59546,8.17121E+18,8,3,15,74,2017,12,14,2,3,2,1,0,1,0,0,0,0,1,3.98192E+20,5.29589E+21,7.64022E+15,4.78083E+16
59547,8.17121E+18,8,3,15,132,2017,12,7,2,3,1,6,0,1,0,0,0,1,1,4.07188E+20,5.32259E+21,7.75458E+15,4.80498E+16
59548,8.17121E+18,8,2,22,0,2017,12,17,2,2,2,6,0,1,0,0,1,2,1,4.68202E+20,5.48393E+21,8.56078E+15,4.95072E+16
59549,8.17121E+18,8,2,12,0,2017,12,7,2,3,5,2,1,1,0,0,0,2,1,4.57099E+20,5.42827E+21,8.41339E+15,4.90058E+16
59550,8.17121E+18,8,2,12,0,2017,12,17,2,3,1,6,0,1,0,0,0,2,1,4.55809E+20,5.431E+21,8.39546E+15,4.90303E+16
59551,8.17121E+18,8,2,37,73,2017,12,14,2,3,5,3,0,1,0,0,1,0,1,4.63096E+20,5.3778E+21,8.49991E+15,4.85522E+16
59552,8.17121E+18,8,2,35,80,2017,12,12,2,1,4,1,0,1,0,0,1,0,1,4.75346E+20,5.38737E+21,8.66534E+15,4.86389E+16
59553,8.17121E+18,8,2,36,70,2017,12,18,2,2,4,1,0,1,0,0,0,2,0,4.68162E+20,5.41678E+21,8.56555E+15,4.89031E+16
59554,8.17121E+18,8,2,35,32,2017,12,13,2,1,8,6,0,1,0,0,1,0,1,4.73699E+20,5.3737E+21,8.64385E+15,4.85159E+16
59555,8.17121E+18,8,2,26,6,2017,12,7,2,3,1,6,0,1,0,0,1,0,1,4.83881E+20,5.46722E+21,8.77802E+15,4.93574E+16
59556,8.17121E+18,8,2,26,3,2017,12,7,2,3,2,6,0,1,0,0,0,0,1,4.60453E+20,5.46294E+21,8.45585E+15,4.93179E+16
59557,8.17121E+18,8,2,22,0,2017,12,11,2,3,6,4,0,1,1,0,0,0,1,4.68423E+20,5.47939E+21,8.56419E+15,4.94663E+16
59558,8.17121E+18,8,2,16,8,2017,12,10,2,3,6,7,0,1,1,0,0,0,1,4.40354E+20,5.39266E+21,8.18963E+15,4.86841E+16
59559,8.17121E+18,8,1,25,5,2017,12,17,1,2,4,6,0,1,0,0,0,2,2,5.15128E+20,5.45261E+21,9.20777E+15,4.92261E+16
59560,8.17122E+18,8,1,18,19,2017,12,9,3,3,3,5,0,1,0,0,0,0,1,5.04394E+20,5.40528E+21,9.05983E+15,4.88005E+16
59561,8.17122E+18,8,1,16,49,2017,12,5,3,3,5,3,0,1,0,0,1,2,1,5.23447E+20,5.38311E+21,9.31803E+15,4.86006E+16
59562,8.17122E+18,8,1,16,48,2017,12,7,3,2,6,4,0,1,1,0,0,2,1,5.33521E+20,5.39118E+21,9.45532E+15,4.86727E+16
59563,8.17122E+18,8,1,16,77,2017,12,18,3,3,2,6,0,1,0,0,0,2,1,5.1714E+20,5.38883E+21,9.23273E+15,4.86523E+16
59564,8.17122E+18,8,1,16,78,2017,12,11,3,3,2,6,0,1,0,0,0,0,1,5.12768E+20,5.39094E+21,9.17342E+15,4.86713E+16
59565,8.17122E+18,8,1,16,77,2017,12,7,3,2,5,3,1,0,0,0,1,2,1,5.17479E+20,5.39136E+21,9.23743E+15,4.8675E+16
59566,8.17122E+18,8,1,16,77,2017,12,15,3,3,5,7,1,1,0,0,0,0,1,5.16007E+20,5.38923E+21,9.21735E+15,4.8656E+16
59567,8.17122E+18,8,1,15,41,2017,12,20,5,3,5,2,0,1,0,0,0,2,1,4.93522E+20,5.3996E+21,8.91187E+15,4.87493E+16
59568,8.17122E+18,8,1,15,21,2017,12,18,5,3,6,2,0,1,1,0,0,2,0,4.90007E+20,5.38226E+21,8.86448E+15,4.85933E+16
59569,8.17122E+18,8,1,11,0,2017,12,17,5,3,6,4,0,1,1,0,0,2,1,5.12441E+20,5.39856E+21,9.16921E+15,4.874E+16
59570,8.17122E+18,8,1,11,0,2017,12,15,5,3,5,3,0,1,0,0,0,0,1,5.12753E+20,5.40764E+21,9.17373E+15,4.88216E+16
59571,8.17122E+18,8,1,11,0,2017,12,15,5,3,2,6,0,1,0,1,0,0,1,5.15897E+20,5.40454E+21,9.21645E+15,4.87936E+16
59572,8.17122E+18,8,1,11,0,2017,12,17,5,3,2,6,0,1,0,0,0,2,1,5.07787E+20,5.40748E+21,9.10608E+15,4.88202E+16
59573,8.17122E+18,8,1,11,0,2017,12,16,5,3,6,4,0,1,1,0,0,2,1,5.17238E+20,5.40599E+21,9.23477E+15,4.88067E+16
59574,8.17122E+18,8,4,35,47,2017,12,11,4,3,5,3,0,1,0,0,0,0,1,5.12114E+20,5.29549E+21,9.16181E+15,4.78127E+16
59575,8.17122E+18,8,4,21,0,2017,12,6,4,3,5,3,0,1,0,0,0,2,1,5.71305E+20,5.35373E+21,9.9621E+15,4.83327E+16
59576,8.17122E+18,8,4,15,61,2017,12,19,4,3,2,6,0,1,0,0,0,2,1,5.17246E+20,5.37288E+21,9.2335E+15,4.85088E+16
59577,8.17122E+18,8,4,15,87,2017,12,11,4,2,5,3,0,1,0,0,0,0,1,5.14634E+20,5.38265E+21,9.19847E+15,4.85967E+16
59578,8.17122E+18,8,4,15,87,2017,12,18,4,3,5,3,0,1,0,0,0,2,1,5.14258E+20,5.38208E+21,9.19336E+15,4.85916E+16
59579,8.17122E+18,8,3,37,126,2017,12,17,4,3,2,6,0,1,0,0,1,2,0,4.39415E+20,5.27433E+21,8.19373E+15,4.76195E+16
59580,8.17122E+18,8,3,36,19,2017,12,0,4,3,2,6,0,1,0,0,0,2,0,3.94174E+20,5.27703E+21,7.59115E+15,4.7638E+16
59581,8.17122E+18,8,3,35,63,2017,12,7,4,2,3,2,0,0,0,0,1,2,1,4.96542E+20,5.28874E+21,8.95387E+15,4.77521E+16
59582,8.17122E+18,8,4,36,64,2017,12,7,4,2,3,2,1,1,0,0,0,1,1,5.44114E+20,5.29204E+21,9.58889E+15,4.77802E+16
59583,8.17122E+18,8,3,25,57,2017,12,17,4,3,4,6,0,0,0,0,1,0,1,4.7066E+20,5.35591E+21,8.60395E+15,4.83556E+16
59584,8.17122E+18,8,3,25,45,2017,12,6,4,3,5,3,0,1,0,0,0,2,1,4.73064E+20,5.34962E+21,8.6368E+15,4.82992E+16
59585,8.17122E+18,8,3,17,34,2017,12,19,4,3,2,6,0,1,0,0,0,2,0,4.27239E+20,5.36133E+21,8.01695E+15,4.8401E+16
59586,8.17122E+18,8,3,17,146,2017,12,17,4,2,5,2,0,1,0,1,0,2,1,4.29258E+20,5.35252E+21,8.04571E+15,4.83219E+16
59587,8.17122E+18,8,3,17,141,2017,12,13,4,2,8,7,0,1,0,0,0,0,1,4.20527E+20,5.37628E+21,7.92344E+15,4.85346E+16
59588,8.17122E+18,8,3,17,57,2017,12,20,4,1,6,4,0,1,1,0,0,2,1,4.1213E+20,5.38106E+21,7.80871E+15,4.85765E+16
59589,8.17122E+18,8,3,15,74,2017,12,7,4,3,1,6,0,1,0,0,0,1,1,3.96794E+20,5.29839E+21,7.62096E+15,4.78305E+16
59590,8.17122E+18,8,3,11,0,2017,12,13,4,3,5,3,0,1,0,0,0,0,1,4.10303E+20,5.32143E+21,7.79662E+15,4.80399E+16
59591,8.17122E+18,8,2,26,76,2017,12,5,4,3,8,1,0,0,0,0,1,2,1,4.73104E+20,5.46373E+21,8.62987E+15,4.93257E+16
59592,8.17122E+18,8,2,21,0,2017,12,17,4,3,1,6,0,1,0,0,0,2,1,4.73262E+20,5.46773E+21,8.63177E+15,4.93617E+16
59593,8.17122E+18,8,2,26,103,2017,12,6,4,3,2,6,0,0,0,0,1,2,1,4.73637E+20,5.4581E+21,8.63757E+15,4.92751E+16
59594,8.17122E+18,8,2,22,0,2017,12,12,4,3,2,1,0,1,0,0,0,0,1,4.66894E+20,5.47496E+21,8.54346E+15,4.94264E+16
59595,8.17122E+18,8,2,12,0,2017,12,1,4,2,2,6,0,1,0,0,1,2,1,4.62389E+20,5.43173E+21,8.48541E+15,4.90373E+16
59596,8.17122E+18,8,2,12,0,2017,12,13,4,3,5,3,0,1,0,0,0,0,1,4.55226E+20,5.42903E+21,8.3877E+15,4.90125E+16
59597,8.17122E+18,8,2,15,106,2017,12,15,4,2,5,3,0,0,0,0,1,0,1,4.64259E+20,5.4501E+21,8.50935E+15,4.92026E+16
59598,8.17122E+18,8,1,15,45,2017,12,15,3,3,2,6,0,1,0,0,0,0,1,4.98456E+20,5.39533E+21,8.97901E+15,4.8711E+16
59599,8.17122E+18,8,1,15,50,2017,12,10,3,3,5,3,0,1,0,0,0,0,0,4.91E+20,5.40079E+21,8.87754E+15,4.87601E+16
59600,8.17122E+18,8,1,11,0,2017,12,12,3,3,4,6,0,1,0,1,0,0,0,5.15402E+20,5.40326E+21,9.20966E+15,4.87821E+16
59601,8.17122E+18,8,1,11,0,2017,12,7,3,3,2,6,0,1,0,0,0,2,0,5.10777E+20,5.40925E+21,9.14686E+15,4.88362E+16
59602,8.17122E+18,8,2,12,0,2017,12,7,4,3,5,2,1,1,0,0,0,2,1,4.53217E+20,5.4272E+21,8.36043E+15,4.89959E+16
59603,8.17122E+18,8,2,31,0,2017,12,18,4,3,2,6,0,1,0,0,0,2,0,4.77862E+20,5.41487E+21,8.69802E+15,4.88864E+16
59604,8.17122E+18,8,2,26,85,2017,12,8,4,3,5,3,1,1,0,0,0,1,1,4.94752E+20,5.45612E+21,8.92788E+15,4.92578E+16
59605,8.17122E+18,8,2,26,68,2017,12,11,4,3,1,6,0,1,0,0,0,0,1,4.68416E+20,5.46135E+21,8.56553E+15,4.93041E+16
59606,8.17122E+18,8,2,15,59,2017,12,7,4,3,5,2,0,1,0,0,1,1,1,4.84201E+20,5.43647E+21,8.78365E+15,4.90809E+16
59607,8.17122E+18,8,2,15,97,2017,12,9,4,3,4,1,0,1,0,0,0,0,1,4.83576E+20,5.44387E+21,8.77478E+15,4.91475E+16
59608,8.17122E+18,8,1,11,0,2017,12,13,3,3,2,6,0,1,0,0,1,0,0,5.15163E+20,5.40494E+21,9.20647E+15,4.87972E+16
59609,8.17122E+18,8,4,37,65,2017,12,11,2,3,4,6,0,1,0,0,1,0,2,5.19507E+20,5.3143E+21,9.26141E+15,4.79817E+16
59610,8.17122E+18,8,4,36,95,2017,12,10,2,3,8,1,0,1,0,0,0,0,2,5.37412E+20,5.29227E+21,9.49944E+15,4.77827E+16
59611,8.17122E+18,8,4,35,16,2017,12,8,2,3,4,1,0,1,0,0,0,1,2,5.37259E+20,5.28182E+21,9.4965E+15,4.76887E+16
59612,8.17122E+18,8,4,37,44,2017,12,9,2,3,4,1,0,1,0,0,0,0,2,5.33075E+20,5.32322E+21,9.44393E+15,4.80614E+16
59613,8.17122E+18,8,2,12,0,2017,12,19,4,3,2,6,0,1,0,0,0,2,1,4.52671E+20,5.4292E+21,8.35274E+15,4.90139E+16
59614,8.17122E+18,8,1,11,0,2017,12,18,4,3,2,6,0,1,0,0,0,2,0,5.11532E+20,5.39492E+21,9.15675E+15,4.87072E+16
59615,8.17122E+18,8,1,15,42,2017,12,6,4,3,3,6,0,1,0,0,1,2,1,4.9137E+20,5.40804E+21,8.88242E+15,4.88253E+16
59616,8.17122E+18,8,1,36,88,2017,12,20,4,3,5,3,0,1,0,0,0,2,1,5.78888E+20,5.41274E+21,1.00756E+16,4.88626E+16
59617,8.17122E+18,8,1,28,64,2017,12,7,4,3,5,3,0,1,0,0,0,2,1,5.34611E+20,5.50097E+21,9.47958E+15,4.96603E+16
59618,8.17122E+18,8,1,28,139,2017,12,7,4,3,2,6,0,1,0,0,0,2,1,5.51466E+20,5.49142E+21,9.71184E+15,4.95732E+16
59619,8.17122E+18,8,2,25,1,2017,12,10,4,2,4,1,0,1,0,0,0,0,1,5.2813E+20,5.4699E+21,9.38756E+15,4.93812E+16
59620,8.17122E+18,8,1,27,59,2017,12,7,4,3,2,6,0,1,0,0,0,1,1,5.49702E+20,5.4386E+21,9.68087E+15,4.90982E+16
59621,8.17122E+18,8,1,27,43,2017,12,16,4,3,5,3,0,1,0,0,0,0,1,5.66628E+20,5.44714E+21,9.91412E+15,4.91735E+16
59622,8.17122E+18,8,1,27,79,2017,12,18,4,3,4,1,0,1,0,0,0,2,1,5.58921E+20,5.42179E+21,9.80471E+15,4.89462E+16
59623,8.17122E+18,8,1,36,19,2017,12,2,4,3,2,6,0,0,0,0,1,2,1,5.87451E+20,5.42086E+21,1.01941E+16,4.89345E+16
59624,8.17122E+18,8,1,25,59,2017,12,0,4,3,8,1,0,1,0,0,0,2,1,5.27167E+20,5.43724E+21,9.37208E+15,4.90874E+16
59625,8.17122E+18,8,1,21,0,2017,12,17,4,3,2,6,0,1,0,0,0,2,1,5.14534E+20,5.44274E+21,9.19925E+15,4.91374E+16