OBJECTID,UIDENTSTLA,ULAND,UREGBEZ,UKREIS,UGEMEINDE,UJAHR,UMONAT,USTUNDE,UWOCHENTAG,UKATEGORIE,UART,UTYP1,IstRad,IstPKW,IstFuss,IstKrad,IstSonstig,LICHT,STRZUSTAND,LINREFX,LINREFY,XGCSWGS84,YGCSWGS84
59626,8.17122E+18,8,1,21,0,2017,12,14,4,3,2,6,0,1,0,0,0,0,1,5.15468E+20,5.4427E+21,9.21207E+15,4.9137E+16
59627,8.17122E+18,8,1,25,87,2017,12,5,4,3,5,3,1,1,0,0,0,2,1,5.06711E+20,5.45737E+21,9.09225E+15,4.92691E+16
59628,8.17122E+18,8,1,19,90,2017,12,18,4,3,3,3,0,1,0,0,0,2,0,5.31885E+20,5.40651E+21,9.43428E+15,4.88107E+16
59629,8.17122E+18,8,1,18,3,2017,12,17,4,3,2,6,0,1,0,0,0,2,0,5.09886E+20,5.41694E+21,9.1349E+15,4.89053E+16
59630,8.17122E+18,8,1,17,26,2017,12,16,4,3,1,6,0,1,0,0,0,1,1,5.50627E+20,5.39229E+21,9.6878E+15,4.86816E+16
59631,8.17122E+18,8,4,25,79,2017,12,18,4,3,2,6,0,1,0,0,0,2,1,5.52701E+20,5.37526E+21,9.71381E+15,4.85282E+16
59632,8.17122E+18,8,1,16,68,2017,12,10,4,3,5,3,1,1,0,0,0,0,1,5.26275E+20,5.38994E+21,9.35682E+15,4.86619E+16
59633,8.17122E+18,8,1,15,22,2017,12,7,4,2,6,4,0,1,1,0,0,2,1,4.97507E+20,5.38572E+21,8.96617E+15,4.86245E+16
59634,8.17122E+18,8,4,36,64,2017,12,8,3,3,4,6,0,1,0,0,0,0,1,5.44156E+20,5.28637E+21,9.58887E+15,4.77292E+16
59635,8.17122E+18,8,4,35,57,2017,12,16,3,3,2,6,0,1,0,0,0,2,1,5.43116E+20,5.27924E+21,9.57429E+15,4.76652E+16
59636,8.17122E+18,8,4,35,35,2017,12,17,3,3,5,3,0,1,0,0,1,2,1,5.44804E+20,5.2852E+21,9.59738E+15,4.77186E+16
59637,8.17122E+18,8,4,35,16,2017,12,8,3,3,2,2,0,1,0,0,0,0,1,5.3567E+20,5.27773E+21,9.47499E+15,4.7652E+16
59638,8.17122E+18,8,4,26,58,2017,12,7,3,3,2,6,0,1,0,0,0,1,1,5.59629E+20,5.32272E+21,9.80021E+15,4.8055E+16
59639,8.17122E+18,8,4,25,72,2017,12,7,3,3,8,1,0,1,0,0,0,2,1,5.84052E+20,5.37406E+21,1.01381E+16,4.8514E+16
59640,8.17122E+18,8,4,25,33,2017,12,11,3,3,9,2,0,1,0,0,0,0,1,5.48278E+20,5.34746E+21,9.65071E+15,4.82785E+16
59641,8.17122E+18,8,4,17,2,2017,12,15,3,3,4,2,0,1,0,0,0,0,0,4.9152E+20,5.35105E+21,8.88563E+15,4.83126E+16
59642,8.17122E+18,8,4,26,21,2017,12,7,2,3,9,1,0,1,0,0,1,1,2,5.57672E+20,5.32532E+21,9.7743E+15,4.80785E+16
59643,8.17122E+18,8,4,26,38,2017,12,7,2,3,9,1,0,1,0,0,0,1,2,5.59171E+20,5.3154E+21,9.79306E+15,4.79892E+16
59644,8.17122E+18,8,4,26,21,2017,12,17,2,3,4,6,0,1,0,0,0,2,1,5.56646E+20,5.3281E+21,9.7609E+15,4.81036E+16
59645,8.17122E+18,8,4,17,2,2017,12,7,3,3,2,6,0,1,0,0,0,2,1,4.88869E+20,5.34561E+21,8.85002E+15,4.82636E+16
59646,8.17122E+18,8,3,35,21,2017,12,6,3,3,3,7,0,1,0,0,0,2,1,4.9648E+20,5.30784E+21,8.95289E+15,4.79238E+16
59647,8.17122E+18,8,3,35,77,2017,12,15,3,3,2,2,0,1,0,0,0,0,1,4.93586E+20,5.29091E+21,8.91439E+15,4.77715E+16
59648,8.17122E+18,8,3,26,74,2017,12,14,3,3,0,6,0,1,0,0,0,0,1,4.59563E+20,5.32403E+21,8.4572E+15,4.80683E+16
59649,8.17122E+18,8,3,26,52,2017,12,22,3,3,9,1,0,1,0,0,0,2,2,4.49149E+20,5.33178E+21,8.31649E+15,4.81372E+16
59650,8.17122E+18,8,3,17,153,2017,12,22,3,3,4,6,0,1,0,0,0,2,1,4.2153E+20,5.39E+21,7.93443E+15,4.86581E+16
59651,8.17122E+18,8,3,17,5,2017,12,7,3,3,5,3,0,1,0,0,0,1,1,4.24253E+20,5.37585E+21,7.97398E+15,4.85312E+16
59652,8.17122E+18,8,3,15,6,2017,12,13,3,3,5,3,0,1,0,0,0,0,0,4.01701E+20,5.30635E+21,7.68469E+15,4.7903E+16
59653,8.17122E+18,8,3,16,56,2017,12,11,3,1,9,1,0,1,0,0,0,0,1,4.20968E+20,5.32582E+21,7.93886E+15,4.80808E+16
59654,8.17122E+18,8,3,15,47,2017,12,17,3,3,2,6,0,1,0,0,0,1,0,4.15691E+20,5.32307E+21,7.86857E+15,4.80553E+16
59655,8.17122E+18,8,3,15,64,2017,12,7,3,3,5,3,0,1,0,0,0,0,1,4.22684E+20,5.31336E+21,7.96415E+15,4.79689E+16
59656,8.17122E+18,8,2,26,105,2017,12,7,3,3,2,6,0,1,0,0,1,2,1,4.70846E+20,5.47631E+21,8.59787E+15,4.94387E+16
59657,8.17122E+18,8,2,12,0,2017,12,17,3,3,5,2,1,1,0,0,0,2,1,4.56386E+20,5.4264E+21,8.40384E+15,4.89889E+16
59658,8.17122E+18,8,2,12,0,2017,12,19,3,3,3,6,0,1,0,0,1,2,1,4.62179E+20,5.42253E+21,8.48338E+15,4.89545E+16
59659,8.17122E+18,8,2,35,35,2017,12,20,3,2,4,1,0,1,0,0,0,2,1,4.69164E+20,5.40465E+21,8.58014E+15,4.87941E+16
59660,8.17122E+18,8,2,31,0,2017,12,10,3,3,5,3,0,1,0,0,0,0,1,4.77779E+20,5.41725E+21,8.69675E+15,4.89078E+16
59661,8.17122E+18,8,2,25,14,2017,12,16,3,3,5,3,0,1,0,0,0,1,1,5.22928E+20,5.48093E+21,9.31653E+15,4.94806E+16
59662,8.17122E+18,8,2,25,14,2017,12,14,3,3,5,3,0,1,0,0,0,0,1,5.23783E+20,5.4845E+21,9.32854E+15,4.95126E+16
59663,8.17122E+18,8,2,22,0,2017,12,18,3,3,3,6,1,1,0,0,0,2,1,4.62829E+20,5.4793E+21,8.487E+15,4.94652E+16
59664,8.17122E+18,8,2,22,0,2017,12,17,3,2,5,3,0,1,0,0,0,2,1,4.62116E+20,5.48504E+21,8.47661E+15,4.95168E+16
59665,8.17122E+18,8,2,21,0,2017,12,20,3,3,6,7,1,0,1,0,0,2,1,4.76602E+20,5.47306E+21,8.67745E+15,4.94098E+16
59666,8.17122E+18,8,2,21,0,2017,12,20,3,2,5,3,0,1,0,0,0,2,1,4.75402E+20,5.46867E+21,8.66118E+15,4.93703E+16
59667,8.17122E+18,8,2,11,0,2017,12,10,3,3,2,2,0,1,0,0,0,0,0,4.44353E+20,5.40048E+21,8.2429E+15,4.87548E+16
59668,8.17122E+18,8,1,11,0,2017,12,18,3,2,4,6,0,1,0,0,0,2,1,5.0509E+20,5.39951E+21,9.06925E+15,4.87486E+16
59669,8.17122E+18,8,1,16,35,2017,12,6,3,3,2,6,0,1,0,0,0,2,0,5.26081E+20,5.39102E+21,9.35425E+15,4.86717E+16
59670,8.17122E+18,8,1,11,0,2017,12,17,3,3,2,6,0,1,0,0,1,2,0,5.0662E+20,5.40896E+21,9.09021E+15,4.88336E+16
59671,8.17122E+18,8,1,26,47,2017,12,18,3,2,2,6,0,1,0,0,0,2,1,5.50597E+20,5.44982E+21,9.69453E+15,4.9199E+16
59672,8.17122E+18,8,1,26,58,2017,12,15,3,3,6,4,0,1,1,0,0,0,0,5.41981E+20,5.45055E+21,9.57635E+15,4.92063E+16
59673,8.17122E+18,8,1,25,21,2017,12,11,3,2,6,4,0,1,1,0,0,0,1,5.23486E+20,5.44713E+21,9.32225E+15,4.91766E+16
59674,8.17122E+18,8,1,21,0,2017,12,7,3,3,1,6,0,1,0,0,0,0,2,5.14227E+20,5.44139E+21,9.195E+15,4.91252E+16
59675,8.17122E+18,8,1,19,67,2017,12,11,3,2,5,3,0,1,0,0,1,0,0,5.37981E+20,5.40654E+21,9.51732E+15,4.88107E+16
59676,8.17122E+18,8,1,19,20,2017,12,17,3,2,6,4,0,1,1,0,0,2,0,5.19801E+20,5.40596E+21,9.26967E+15,4.88063E+16
59677,8.17122E+18,8,1,19,93,2017,12,10,3,3,6,7,0,1,1,0,0,0,1,5.2371E+20,5.40618E+21,9.32292E+15,4.88082E+16
59678,8.17122E+18,8,4,17,23,2017,12,6,2,3,3,1,0,1,0,0,0,2,2,4.93518E+20,5.35205E+21,8.91257E+15,4.83216E+16
59679,8.17122E+18,8,4,16,6,2017,12,8,2,3,2,6,0,1,0,0,0,0,2,4.99345E+20,5.35918E+21,8.99115E+15,4.83858E+16
59680,8.17122E+18,8,4,16,36,2017,12,5,2,3,9,1,0,1,0,0,0,2,2,4.93391E+20,5.3763E+21,8.91046E+15,4.85397E+16
59681,8.17122E+18,8,4,16,41,2017,12,7,2,3,2,6,0,1,0,0,0,1,2,5.02487E+20,5.37202E+21,9.03366E+15,4.85013E+16
59682,8.17122E+18,8,4,16,22,2017,12,7,2,3,8,1,0,1,0,0,0,0,2,5.12626E+20,5.37566E+21,9.17103E+15,4.85339E+16
59683,8.17122E+18,8,4,15,53,2017,12,10,2,3,4,1,0,1,0,0,1,0,2,5.42885E+20,5.36156E+21,9.57946E+15,4.84058E+16
59684,8.17122E+18,8,4,15,61,2017,12,7,2,3,0,1,0,0,0,1,0,1,2,5.15208E+20,5.3725E+21,9.20589E+15,4.85054E+16
59685,8.17122E+18,8,4,15,87,2017,12,9,2,3,9,1,0,1,0,0,0,0,1,5.13491E+20,5.38279E+21,9.18298E+15,4.8598E+16
59686,8.17122E+18,8,3,37,22,2017,12,7,2,3,4,1,0,1,0,0,0,2,2,4.50503E+20,5.29181E+21,8.3393E+15,4.77777E+16
59687,8.17122E+18,8,3,37,116,2017,12,18,2,2,9,1,0,1,0,0,0,2,1,4.18237E+20,5.27177E+21,7.91241E+15,4.75942E+16
59688,8.17122E+18,8,3,36,14,2017,12,9,2,3,5,3,0,1,0,0,0,0,1,3.91643E+20,5.28201E+21,7.55623E+15,4.76824E+16
59689,8.17122E+18,8,3,35,96,2017,12,6,2,3,4,1,0,1,0,0,0,2,2,5.08111E+20,5.30357E+21,9.1085E+15,4.78854E+16
59690,8.17122E+18,8,4,35,16,2017,12,9,2,2,4,1,0,1,0,0,0,0,2,5.32839E+20,5.28349E+21,9.43772E+15,4.7704E+16
59691,8.17122E+18,8,4,35,35,2017,12,16,2,2,4,1,0,1,0,0,1,1,2,5.35909E+20,5.28671E+21,9.47892E+15,4.77327E+16
59692,8.17122E+18,8,3,25,1,2017,12,9,2,3,9,1,0,1,0,0,0,0,2,4.57921E+20,5.35112E+21,8.43248E+15,4.83119E+16
59693,8.17122E+18,8,3,25,57,2017,12,5,2,3,4,1,0,1,0,0,1,2,2,4.76045E+20,5.35893E+21,8.67646E+15,4.83831E+16
59694,8.17122E+18,8,2,37,61,2017,12,9,2,2,4,1,0,1,0,0,0,0,2,4.679E+20,5.36128E+21,8.56628E+15,4.84039E+16
59695,8.17122E+18,8,3,17,146,2017,12,7,2,3,4,1,0,1,0,0,0,0,2,4.30684E+20,5.35767E+21,8.06408E+15,4.83684E+16
59696,8.17122E+18,8,3,17,11,2017,12,23,2,3,8,1,0,1,0,0,0,2,2,4.25867E+20,5.35345E+21,7.9998E+15,4.83299E+16
59697,8.17122E+18,8,3,17,40,2017,12,7,2,3,2,6,0,1,0,0,0,1,2,4.32495E+20,5.34742E+21,8.09018E+15,4.82764E+16
59698,8.17122E+18,8,3,17,34,2017,12,8,2,3,5,3,0,1,0,0,0,0,2,4.27524E+20,5.36007E+21,8.02101E+15,4.83896E+16
59699,8.17122E+18,8,3,17,9,2017,12,23,2,3,8,1,0,0,0,1,0,2,1,4.24954E+20,5.36311E+21,7.98576E+15,4.84167E+16
59700,8.17122E+18,8,3,17,26,2017,12,7,2,3,3,6,1,0,0,0,1,2,2,4.1219E+20,5.34534E+21,7.817E+15,4.82552E+16
59701,8.17122E+18,8,3,17,57,2017,12,6,2,3,5,3,1,1,0,0,0,2,1,4.119E+20,5.38095E+21,7.80561E+15,4.85755E+16
59702,8.17122E+18,8,3,17,96,2017,12,7,2,3,8,1,0,1,0,0,0,2,1,4.19014E+20,5.36928E+21,7.9043E+15,4.84715E+16
59703,8.17122E+18,8,3,17,26,2017,12,17,2,3,5,3,0,1,0,0,0,2,1,4.10359E+20,5.34731E+21,7.79191E+15,4.82727E+16
59704,8.17122E+18,8,3,16,56,2017,12,17,2,3,5,3,0,1,0,0,0,2,1,4.21375E+20,5.32617E+21,7.94426E+15,4.80839E+16
59705,8.17122E+18,8,3,15,37,2017,12,17,2,3,4,1,0,1,0,0,0,2,1,4.36227E+20,5.30382E+21,8.14698E+15,4.78846E+16
59706,8.17122E+18,8,3,15,133,2017,12,22,2,2,8,1,0,1,0,0,0,2,1,3.98594E+20,5.32667E+21,7.63834E+15,4.80852E+16
59707,8.17122E+18,8,2,26,31,2017,12,8,2,2,9,1,0,0,0,0,1,0,1,4.73413E+20,5.49323E+21,8.63212E+15,4.95911E+16
59708,8.17122E+18,8,2,15,106,2017,12,17,2,1,4,6,0,1,0,0,0,2,1,4.6391E+20,5.45037E+21,8.50454E+15,4.9205E+16
59709,8.17122E+18,8,2,15,17,2017,12,12,2,2,6,4,0,1,1,0,0,0,1,4.53789E+20,5.42092E+21,8.36897E+15,4.89395E+16
59710,8.17122E+18,8,2,15,9,2017,12,19,2,3,5,3,0,1,0,1,0,2,1,4.68969E+20,5.4413E+21,8.57469E+15,4.91238E+16
59711,8.17122E+18,8,2,15,109,2017,12,18,2,3,4,2,0,1,0,0,0,2,1,4.63691E+20,5.43928E+21,8.50253E+15,4.91053E+16
59712,8.17122E+18,8,2,37,27,2017,12,14,2,3,2,6,0,1,0,0,0,0,1,4.81244E+20,5.36944E+21,8.74621E+15,4.84778E+16
59713,8.17122E+18,8,2,37,28,2017,12,19,2,3,2,6,0,1,0,0,0,2,1,4.58647E+20,5.36656E+21,8.44074E+15,4.84508E+16
59714,8.17122E+18,8,2,36,46,2017,12,17,2,1,2,6,0,0,0,0,1,2,1,4.84136E+20,5.41607E+21,8.78355E+15,4.88974E+16
59715,8.17122E+18,8,2,36,76,2017,12,6,2,2,4,6,0,1,0,0,0,2,1,4.73409E+20,5.42455E+21,8.63664E+15,4.89733E+16
59716,8.17122E+18,8,2,36,40,2017,12,16,2,2,4,6,0,1,0,0,1,1,1,4.91957E+20,5.42348E+21,8.89011E+15,4.89642E+16
59717,8.17122E+18,8,2,31,0,2017,12,13,2,3,5,3,0,1,0,0,1,0,1,4.77782E+20,5.41724E+21,8.6968E+15,4.89077E+16
59718,8.17122E+18,8,2,36,46,2017,12,9,2,3,2,6,0,1,0,0,0,0,1,4.83094E+20,5.41802E+21,8.76926E+15,4.89148E+16
59719,8.17122E+18,8,2,26,98,2017,12,5,2,3,0,1,1,0,0,0,0,2,2,4.80152E+20,5.46081E+21,8.727E+15,4.92998E+16
59720,8.17122E+18,8,2,16,7,2017,12,17,2,3,2,6,0,1,0,0,0,2,1,4.3693E+20,5.3948E+21,8.14279E+15,4.87031E+16
59721,8.17122E+18,8,2,15,29,2017,12,10,2,3,2,6,0,1,0,0,0,0,1,4.66826E+20,5.44825E+21,8.54475E+15,4.91862E+16
59722,8.17122E+18,8,2,15,89,2017,12,17,2,2,8,1,0,1,0,0,0,2,1,4.68135E+20,5.43019E+21,8.56413E+15,4.90238E+16
59723,8.17122E+18,8,2,15,97,2017,12,6,2,3,4,6,0,1,0,0,0,2,2,4.81303E+20,5.44029E+21,8.74378E+15,4.91151E+16
59724,8.17122E+18,8,2,15,46,2017,12,15,2,3,6,7,0,0,1,1,0,0,0,4.50833E+20,5.41508E+21,8.32931E+15,4.88867E+16
59725,8.17122E+18,8,2,12,0,2017,12,7,2,3,5,2,1,1,0,0,0,0,0,4.56409E+20,5.42549E+21,8.40426E+15,4.89808E+16
59726,8.17122E+18,8,3,17,116,2017,12,5,2,2,1,5,1,1,0,0,0,2,2,4.33158E+20,5.38793E+21,8.09264E+15,4.86409E+16
59727,8.17122E+18,8,1,15,41,2017,12,12,2,2,9,1,0,1,0,0,0,0,1,4.94348E+20,5.40174E+21,8.92308E+15,4.87686E+16
59728,8.17122E+18,8,1,36,19,2017,12,6,2,3,4,6,0,1,0,0,0,2,1,5.92361E+20,5.42138E+21,1.02612E+16,4.89385E+16
59729,8.17122E+18,8,1,28,138,2017,12,6,2,2,9,1,0,1,0,0,0,2,2,5.39291E+20,5.48747E+21,9.54307E+15,4.95385E+16
59730,8.17122E+18,8,1,27,76,2017,12,18,2,3,5,3,1,1,0,0,0,2,1,5.56231E+20,5.43875E+21,9.77032E+15,4.9099E+16
59731,8.17122E+18,8,1,27,14,2017,12,15,2,3,9,1,0,1,0,0,0,0,1,5.73071E+20,5.44717E+21,1.00025E+16,4.9173E+16
59732,8.17122E+18,8,1,25,39,2017,12,7,2,3,6,7,0,1,1,0,0,1,2,5.12013E+20,5.45874E+21,9.16518E+15,4.92813E+16
59733,8.17122E+18,8,1,25,65,2017,12,7,2,3,2,2,0,1,0,0,0,0,1,5.15916E+20,5.44852E+21,9.21843E+15,4.91893E+16
59734,8.17122E+18,8,1,19,42,2017,12,8,2,3,4,1,0,1,0,0,0,0,2,5.29433E+20,5.41734E+21,9.40167E+15,4.89083E+16
59735,8.17122E+18,8,1,19,42,2017,12,17,2,3,6,4,0,0,1,0,1,2,1,5.28265E+20,5.41452E+21,9.38553E+15,4.8883E+16
59736,8.17122E+18,8,1,19,84,2017,12,7,2,3,4,1,0,1,0,0,0,2,2,5.45882E+20,5.41168E+21,9.62551E+15,4.88564E+16
59737,8.17122E+18,8,1,19,91,2017,12,16,2,3,9,1,0,1,0,0,0,0,0,5.29202E+20,5.4049E+21,9.39763E+15,4.87964E+16
59738,8.17122E+18,8,1,18,67,2017,12,18,2,3,4,6,0,1,0,0,1,2,1,5.059E+20,5.41395E+21,9.08047E+15,4.88785E+16
59739,8.17122E+18,8,1,18,67,2017,12,6,2,3,2,6,0,1,0,0,0,2,2,5.06534E+20,5.41311E+21,9.0891E+15,4.88709E+16
59740,8.17122E+18,8,1,18,12,2017,12,7,2,3,2,6,0,1,0,0,0,2,2,5.01417E+20,5.41632E+21,9.01933E+15,4.88998E+16
59741,8.17122E+18,8,1,18,48,2017,12,20,2,3,2,6,0,1,0,0,0,2,1,5.19092E+20,5.41661E+21,9.26051E+15,4.89021E+16
59742,8.17122E+18,8,1,18,67,2017,12,12,2,2,4,6,0,1,0,0,1,0,1,5.06659E+20,5.41299E+21,9.0908E+15,4.88699E+16
59743,8.17122E+18,8,1,18,1,2017,12,17,2,2,5,3,0,1,0,0,1,2,0,5.23674E+20,5.4191E+21,9.32318E+15,4.89244E+16
59744,8.17122E+18,8,1,17,26,2017,12,11,2,3,3,6,0,1,0,0,0,0,0,5.4767E+20,5.39436E+21,9.64787E+15,4.87004E+16
59745,8.17122E+18,8,1,17,51,2017,12,15,2,2,4,2,1,0,0,0,1,0,1,5.43048E+20,5.39631E+21,9.58525E+15,4.87184E+16
59746,8.17122E+18,8,1,16,46,2017,12,15,2,3,2,6,0,1,0,0,0,0,1,5.242E+20,5.37741E+21,9.32792E+15,4.85494E+16
59747,8.17122E+18,8,1,15,45,2017,12,17,2,3,4,6,1,0,0,0,0,2,1,5.0159E+20,5.39489E+21,9.02161E+15,4.8707E+16
59748,8.17122E+18,8,1,15,50,2017,12,6,2,3,9,7,0,1,0,0,0,2,2,4.86155E+20,5.40252E+21,8.81156E+15,4.87755E+16
59749,8.17122E+18,8,1,11,0,2017,12,15,2,3,0,6,0,1,0,0,1,0,1,5.12908E+20,5.40192E+21,9.17567E+15,4.87702E+16
59750,8.17122E+18,8,4,37,123,2017,12,3,1,3,4,1,0,1,0,0,1,2,2,5.03474E+20,5.31214E+21,9.04654E+15,4.79626E+16
59751,8.17122E+18,8,4,36,95,2017,12,1,1,2,8,1,0,1,0,0,0,2,2,5.37697E+20,5.29089E+21,9.50312E+15,4.77703E+16
59752,8.17122E+18,8,4,36,5,2017,12,16,1,3,8,1,0,1,0,0,0,0,2,5.45052E+20,5.31035E+21,9.60331E+15,4.79449E+16
59753,8.17122E+18,8,4,26,71,2017,12,6,1,2,0,1,0,1,0,0,0,2,2,5.64443E+20,5.33687E+21,9.86695E+15,4.81818E+16
59754,8.17122E+18,8,4,16,36,2017,12,3,1,2,0,1,0,1,0,0,0,2,1,4.94149E+20,5.36653E+21,8.92087E+15,4.84519E+16
59755,8.17122E+18,8,3,37,51,2017,12,13,1,3,4,1,0,1,0,0,0,0,2,4.37762E+20,5.28826E+21,8.16975E+15,4.77447E+16
59756,8.17122E+18,8,3,35,75,2017,12,19,1,3,5,3,0,1,0,0,0,2,1,4.9301E+20,5.28942E+21,8.90673E+15,4.77581E+16
59757,8.17122E+18,8,3,25,57,2017,12,3,1,2,8,1,0,1,0,0,0,2,2,4.75555E+20,5.35535E+21,8.67006E+15,4.83509E+16
59758,8.17122E+18,8,3,17,73,2017,12,13,1,3,2,6,0,1,0,0,0,0,0,4.10325E+20,5.35238E+21,7.79039E+15,4.83183E+16
59759,8.17122E+18,8,3,36,104,2017,12,14,1,3,5,3,0,1,0,0,0,0,1,4.05078E+20,5.29187E+21,7.73305E+15,4.77732E+16
59760,8.17122E+18,8,2,36,33,2017,12,4,1,2,1,5,0,1,0,1,0,2,1,4.86512E+20,5.43094E+21,8.81548E+15,4.90312E+16
59761,8.17122E+18,8,2,31,0,2017,12,15,1,3,4,2,0,1,0,0,0,0,0,4.77652E+20,5.41537E+21,8.69512E+15,4.88909E+16
59762,8.17122E+18,8,2,21,0,2017,12,10,1,2,9,1,0,1,0,0,0,0,1,4.81831E+20,5.47365E+21,8.7495E+15,4.94153E+16
59763,8.17122E+18,8,1,35,27,2017,12,4,1,2,9,1,0,1,0,0,0,2,1,5.94019E+20,5.37787E+21,1.02739E+16,4.85468E+16
59764,8.17122E+18,8,1,27,99,2017,12,15,1,1,5,3,0,1,0,0,0,0,1,5.6429E+20,5.44765E+21,9.88213E+15,4.91783E+16
59765,8.17122E+18,8,1,36,88,2017,12,13,1,3,8,1,0,1,0,0,0,0,1,5.88935E+20,5.40674E+21,1.02113E+16,4.88072E+16
59766,8.17122E+18,8,1,36,19,2017,12,8,1,3,8,1,0,1,0,0,0,1,2,5.87333E+20,5.42155E+21,1.01926E+16,4.89407E+16
59767,8.17122E+18,8,1,21,0,2017,12,17,1,2,5,2,0,1,0,0,0,2,0,5.16439E+20,5.44503E+21,9.22546E+15,4.91579E+16
59768,8.17122E+18,8,1,25,7,2017,12,4,1,3,8,1,0,1,0,0,0,2,1,5.06014E+20,5.45147E+21,9.08258E+15,4.9216E+16
59769,8.17122E+18,8,1,19,76,2017,12,21,1,3,5,6,1,1,0,0,0,2,0,5.42079E+20,5.40717E+21,9.5732E+15,4.88161E+16
59770,8.17122E+18,8,1,16,33,2017,12,20,1,3,2,6,0,1,0,0,0,2,1,5.33583E+20,5.38641E+21,9.45578E+15,4.86298E+16
59771,8.17122E+18,8,1,16,78,2017,12,18,1,3,2,6,0,1,0,0,0,2,1,5.13004E+20,5.39305E+21,9.1767E+15,4.86903E+16
59772,8.17122E+18,8,1,16,70,2017,12,17,1,3,5,3,0,1,0,0,0,2,0,5.38074E+20,5.38463E+21,9.51657E+15,4.86136E+16
59773,8.17122E+18,8,1,11,0,2017,12,18,1,3,5,2,0,1,0,0,0,2,0,5.13032E+20,5.40699E+21,9.17752E+15,4.88157E+16
59774,8.17122E+18,8,1,11,0,2017,12,11,1,3,2,6,0,1,0,0,0,0,0,5.16315E+20,5.40406E+21,9.22212E+15,4.87894E+16
59775,8.17122E+18,8,4,37,59,2017,12,10,7,3,8,1,0,1,0,0,0,0,2,5.13847E+20,5.32332E+21,9.18585E+15,4.8063E+16
59776,8.17122E+18,8,4,35,29,2017,12,23,7,2,8,1,0,1,0,0,0,2,1,5.44606E+20,5.27288E+21,9.59349E+15,4.76078E+16
59777,8.17122E+18,8,4,36,55,2017,12,13,7,3,8,1,0,1,0,0,0,0,2,5.73048E+20,5.29489E+21,9.97555E+15,4.78033E+16
59778,8.17122E+18,8,4,36,55,2017,12,21,7,3,9,1,0,1,0,0,0,2,2,5.80466E+20,5.2959E+21,1.00748E+16,4.78114E+16
59779,8.17122E+18,8,4,35,5,2017,12,14,7,3,9,1,0,1,0,0,0,0,1,5.26598E+20,5.28633E+21,9.35472E+15,4.77298E+16
59780,8.17122E+18,8,4,35,16,2017,12,1,7,3,0,1,1,0,0,0,0,2,0,5.36024E+20,5.27963E+21,9.47987E+15,4.76691E+16
59781,8.17122E+18,8,4,35,16,2017,12,2,7,3,0,1,1,0,0,0,0,2,0,5.36182E+20,5.27799E+21,9.48183E+15,4.76543E+16
59782,8.17122E+18,8,4,16,41,2017,12,5,7,2,8,1,0,1,0,0,0,2,1,5.01093E+20,5.37465E+21,9.01481E+15,4.85249E+16
59783,8.17122E+18,8,4,15,78,2017,12,9,7,2,4,1,0,1,0,0,0,0,2,5.31503E+20,5.36729E+21,9.4261E+15,4.8458E+16
59784,8.17122E+18,8,4,15,88,2017,12,22,7,3,8,7,0,1,0,0,0,2,2,5.43546E+20,5.37009E+21,9.58928E+15,4.84824E+16
59785,8.17122E+18,8,4,15,50,2017,12,9,7,3,4,1,0,1,0,0,0,0,2,5.22767E+20,5.37443E+21,9.30833E+15,4.85226E+16
59786,8.17122E+18,8,3,35,43,2017,12,16,7,3,5,2,0,1,0,0,0,2,1,5.15157E+20,5.28085E+21,9.20194E+15,4.76809E+16
59787,8.17122E+18,8,3,35,2,2017,12,23,7,2,4,6,0,1,0,0,0,2,1,5.04106E+20,5.28575E+21,9.05475E+15,4.77251E+16
59788,8.17122E+18,8,1,36,87,2017,12,17,5,2,5,3,0,1,0,0,0,2,1,6.05615E+20,5.41195E+21,1.04397E+16,4.88515E+16
59789,8.17122E+18,8,1,35,16,2017,12,19,5,3,8,1,0,1,0,0,0,2,1,5.94819E+20,5.38704E+21,1.02868E+16,4.86293E+16
59790,8.17122E+18,8,1,28,115,2017,12,18,5,3,9,7,0,1,0,0,0,2,1,5.45703E+20,5.50175E+21,9.63334E+15,4.96665E+16
59791,8.17122E+18,8,3,27,49,2017,12,10,7,3,5,3,0,1,0,0,0,0,2,4.70937E+20,5.32557E+21,8.60977E+15,4.80828E+16
59792,8.17122E+18,8,3,26,74,2017,12,18,7,3,2,2,0,1,0,0,0,2,1,4.65444E+20,5.32381E+21,8.53615E+15,4.80666E+16
59793,8.17122E+18,8,1,27,76,2017,12,18,5,3,4,1,0,1,0,0,0,2,1,5.59565E+20,5.43942E+21,9.81609E+15,4.91047E+16
59794,8.17122E+18,8,3,25,53,2017,12,18,7,3,3,2,0,1,0,0,1,2,2,4.56981E+20,5.34102E+21,8.42083E+15,4.8221E+16
59795,8.17122E+18,8,2,37,27,2017,12,8,7,2,8,1,0,1,0,0,1,0,1,4.83229E+20,5.36682E+21,8.77317E+15,4.84543E+16
59796,8.17122E+18,8,3,16,11,2017,12,13,7,3,2,6,0,1,0,0,0,0,1,4.14292E+20,5.32987E+21,7.84843E+15,4.81163E+16
59797,8.17122E+18,8,3,15,37,2017,12,10,7,3,2,2,0,1,0,0,0,0,2,4.33342E+20,5.30051E+21,8.10891E+15,4.78545E+16