OBJECTID,UIDENTSTLA,ULAND,UREGBEZ,UKREIS,UGEMEINDE,UJAHR,UMONAT,USTUNDE,UWOCHENTAG,UKATEGORIE,UART,UTYP1,IstRad,IstPKW,IstFuss,IstKrad,IstSonstig,LICHT,STRZUSTAND,LINREFX,LINREFY,XGCSWGS84,YGCSWGS84
60144,8.17122E+18,8,1,16,49,2017,12,14,1,2,8,1,0,0,0,1,0,0,0,5.25116E+20,5.38583E+21,9.34083E+15,4.8625E+16
60145,8.17122E+18,8,1,16,19,2017,12,0,1,2,5,3,0,1,0,0,0,2,0,5.21754E+20,5.39893E+21,9.2959E+15,4.8743E+16
60146,8.17122E+18,8,4,37,59,2017,12,10,7,3,5,3,0,1,0,0,0,0,1,5.09685E+20,5.32075E+21,9.12994E+15,4.804E+16
60147,8.17122E+18,8,4,36,6,2017,12,8,7,3,5,3,0,1,0,0,1,0,1,5.56971E+20,5.28258E+21,9.75926E+15,4.76941E+16
60148,8.17122E+18,8,4,26,43,2017,12,18,7,2,8,1,0,1,0,0,0,2,0,5.75156E+20,5.32399E+21,1.00088E+16,4.80647E+16
60149,8.17122E+18,8,4,26,67,2017,12,21,7,2,8,1,0,1,0,0,0,2,1,5.26077E+20,5.33318E+21,9.35061E+15,4.81514E+16
60150,8.17122E+18,8,4,15,87,2017,12,15,7,3,0,1,1,0,0,0,0,0,0,5.13329E+20,5.38068E+21,9.18071E+15,4.85791E+16
60151,8.17122E+18,8,4,15,50,2017,12,19,7,3,2,6,0,1,0,0,1,2,0,5.19801E+20,5.37671E+21,9.26828E+15,4.85432E+16
60152,8.17122E+18,8,3,37,70,2017,12,0,7,3,6,4,0,1,1,0,0,2,1,4.68331E+20,5.27523E+21,8.57846E+15,4.76297E+16
60153,8.17122E+18,8,3,17,40,2017,12,17,7,3,2,6,0,1,0,0,0,2,1,4.32371E+20,5.34778E+21,8.08845E+15,4.82796E+16
60154,8.17122E+18,8,3,17,5,2017,12,15,7,3,5,3,0,1,0,0,0,0,0,4.24427E+20,5.37568E+21,7.97637E+15,4.85296E+16
60155,8.17122E+18,8,3,15,113,2017,12,10,7,1,4,6,0,1,0,0,0,0,1,4.39858E+20,5.30761E+21,8.19501E+15,4.7919E+16
60156,8.17122E+18,8,2,26,65,2017,12,15,7,3,1,6,0,1,0,0,0,0,0,4.78348E+20,5.45829E+21,8.70232E+15,4.9277E+16
60157,8.17122E+18,8,2,22,0,2017,12,21,7,3,2,6,0,1,0,0,0,2,0,4.61122E+20,5.48144E+21,8.46324E+15,4.94844E+16
60158,8.17122E+18,8,2,35,85,2017,12,6,7,3,9,1,0,1,0,0,0,2,1,4.79427E+20,5.39836E+21,8.7202E+15,4.87379E+16
60159,8.17122E+18,8,2,36,75,2017,12,22,7,3,8,1,0,1,0,0,0,2,0,4.81406E+20,5.42226E+21,8.74603E+15,4.8953E+16
60160,8.17122E+18,8,2,26,82,2017,12,15,7,3,0,7,1,0,0,0,0,0,1,4.82094E+20,5.48075E+21,8.75281E+15,4.94791E+16
60161,,14,5,11,0,2017,1,14,2,3,0,7,1,0,0,0,0,0,2,7.79269E+20,5.6412E+21,1.29682E+16,5.08549E+16
60162,,14,5,24,80,2017,1,12,2,3,8,1,0,1,0,0,0,0,2,7.47346E+20,5.63799E+21,1.25134E+16,5.08407E+16
60163,,14,5,11,0,2017,1,11,2,2,8,7,0,1,0,0,0,0,2,7.76888E+20,5.63149E+21,1.29271E+16,5.0769E+16
60164,8.17122E+18,8,2,26,40,2017,12,0,7,3,9,7,0,1,0,0,0,2,0,4.74296E+20,5.49554E+21,8.6442E+15,4.96119E+16
60165,8.17122E+18,8,2,26,102,2017,12,12,7,2,4,6,0,1,0,0,0,0,1,4.81794E+20,5.45273E+21,8.74995E+15,4.9227E+16
60166,,14,7,30,70,2017,1,18,1,3,9,1,0,1,0,0,0,2,1,7.2713E+20,5.71452E+21,1.22752E+16,5.1536E+16
60167,8.17122E+18,8,1,18,79,2017,12,0,7,2,8,7,0,1,0,0,0,2,1,5.04226E+20,5.42111E+21,9.05771E+15,4.89429E+16
60168,8.17122E+18,8,4,16,36,2017,12,17,7,3,2,6,0,1,0,0,0,2,0,4.88825E+20,5.37269E+21,8.84871E+15,4.85072E+16
60169,8.17122E+18,8,1,36,43,2017,12,14,7,3,2,6,0,1,0,0,0,0,1,5.71347E+20,5.40821E+21,9.97202E+15,4.88228E+16
60170,8.17122E+18,8,1,36,7,2017,12,19,7,3,5,3,0,1,0,0,0,2,1,5.71763E+20,5.40034E+21,9.97631E+15,4.87519E+16
60171,8.17122E+18,8,1,36,65,2017,12,4,7,3,0,1,0,1,0,0,0,2,1,5.63296E+20,5.40449E+21,9.86177E+15,4.87902E+16
60172,8.17122E+18,8,1,36,10,2017,12,11,7,3,2,6,0,1,0,0,0,0,0,5.98708E+20,5.41299E+21,1.03458E+16,4.8862E+16
60173,8.17122E+18,8,1,27,86,2017,12,16,7,3,4,2,0,1,0,0,0,2,1,5.52034E+20,5.44649E+21,9.71383E+15,4.91691E+16
60174,8.17122E+18,8,1,25,5,2017,12,21,7,3,2,6,0,1,0,0,0,2,0,5.1409E+20,5.45364E+21,9.19355E+15,4.92353E+16
60175,8.17122E+18,8,1,18,21,2017,12,15,7,2,8,1,0,1,0,0,0,0,1,5.19819E+20,5.42927E+21,9.27105E+15,4.9016E+16
60176,8.17122E+18,8,1,17,16,2017,12,15,7,3,2,6,0,1,0,0,0,0,0,5.48895E+20,5.37855E+21,9.66265E+15,4.85581E+16
60177,8.17122E+18,8,1,11,0,2017,12,15,7,3,2,6,0,1,0,0,0,0,0,5.1351E+20,5.40275E+21,9.18389E+15,4.87776E+16
60178,8.17122E+18,8,4,36,64,2017,12,13,6,3,8,1,0,1,0,0,0,0,1,5.44147E+20,5.28632E+21,9.58874E+15,4.77288E+16
60179,8.17122E+18,8,4,35,29,2017,12,16,6,3,5,3,1,1,0,0,0,1,1,5.44826E+20,5.27167E+21,9.59629E+15,4.75969E+16
60180,8.17122E+18,8,4,25,141,2017,12,12,6,3,2,6,0,1,0,0,0,0,1,5.68242E+20,5.3625E+21,9.92219E+15,4.84119E+16
60181,8.17122E+18,8,4,17,15,2017,12,18,6,2,9,1,0,1,0,0,0,2,1,4.81982E+20,5.34415E+21,8.75729E+15,4.82503E+16
60182,8.17122E+18,8,4,16,36,2017,12,17,6,3,8,1,0,1,0,0,0,2,1,4.95991E+20,5.3617E+21,8.94583E+15,4.84084E+16
60183,8.17122E+18,8,3,36,57,2017,12,20,6,3,9,1,0,1,0,0,0,2,1,4.08106E+20,5.27586E+21,7.77682E+15,4.76296E+16
60184,8.17122E+18,8,3,35,35,2017,12,13,6,3,5,3,0,1,0,0,0,0,1,4.79083E+20,5.29334E+21,8.7207E+15,4.77931E+16
60185,,14,6,25,600,2017,1,21,1,3,2,6,0,1,0,0,0,2,0,8.40537E+20,5.6802E+21,1.38723E+16,5.11716E+16
60186,,14,6,25,600,2017,1,21,1,1,2,6,0,1,0,0,0,2,0,8.40307E+20,5.6802E+21,1.3869E+16,5.11717E+16
60187,8.17122E+18,8,3,35,22,2017,12,17,6,2,5,3,0,1,0,0,0,2,1,4.79563E+20,5.30335E+21,8.72664E+15,4.78832E+16
60188,8.17122E+18,8,4,17,75,2017,12,6,6,2,4,2,0,1,0,0,1,2,1,5.09526E+20,5.33505E+21,9.12812E+15,4.81686E+16
60189,8.17122E+18,8,3,17,96,2017,12,10,6,3,6,2,0,1,1,0,0,0,1,4.22073E+20,5.3698E+21,7.94559E+15,4.84765E+16
60190,8.17122E+18,8,3,17,96,2017,12,17,6,3,2,6,0,1,0,0,0,2,1,4.20761E+20,5.36829E+21,7.92812E+15,4.84627E+16
60191,8.17122E+18,8,3,17,150,2017,12,11,6,2,8,1,0,0,0,1,0,0,1,4.08519E+20,5.35651E+21,7.76513E+15,4.83551E+16
60192,8.17122E+18,8,3,17,57,2017,12,10,6,3,5,3,0,1,0,0,0,0,1,4.13388E+20,5.38059E+21,7.82585E+15,4.85724E+16
60193,8.17122E+18,8,3,17,47,2017,12,18,6,3,8,3,0,1,0,0,1,2,1,4.1732E+20,5.36377E+21,7.88247E+15,4.84217E+16
60194,,14,6,12,0,2017,1,16,1,3,2,6,0,1,0,0,0,2,2,8.41796E+20,5.66782E+21,1.38785E+16,5.106E+16
60195,8.17122E+18,8,3,16,17,2017,12,20,6,3,5,1,0,1,0,0,1,2,1,4.09322E+20,5.33943E+21,7.77963E+15,4.82016E+16
60196,8.17122E+18,8,3,15,41,2017,12,17,6,3,2,1,0,1,0,0,1,1,1,4.19736E+20,5.32286E+21,7.92288E+15,4.8054E+16
60197,,14,5,22,230,2017,1,3,1,3,6,6,0,1,1,0,0,2,0,7.89063E+20,5.6531E+21,1.31164E+16,5.09569E+16
60198,8.17122E+18,8,3,15,98,2017,12,15,6,3,4,6,1,0,0,0,0,0,0,4.08793E+20,5.3135E+21,7.77806E+15,4.79683E+16
60199,8.17122E+18,8,2,31,0,2017,12,14,6,3,2,6,0,1,0,0,0,0,1,4.84977E+20,5.41193E+21,8.79518E+15,4.88601E+16
60200,8.17122E+18,8,2,31,0,2017,12,20,6,3,9,1,0,1,0,0,0,2,1,4.84519E+20,5.41407E+21,8.78886E+15,4.88794E+16
60201,8.17122E+18,8,2,12,0,2017,12,16,6,3,2,6,0,1,0,0,0,1,1,4.62813E+20,5.43264E+21,8.49111E+15,4.90455E+16
60202,8.17122E+18,8,2,15,103,2017,12,19,6,3,8,6,0,1,0,0,1,2,1,4.67842E+20,5.44385E+21,8.55904E+15,4.91466E+16
60203,8.17122E+18,8,2,35,6,2017,12,8,6,3,1,6,0,1,0,0,0,0,1,4.75768E+20,5.37997E+21,8.6715E+15,4.85724E+16
60204,8.17122E+18,8,2,36,38,2017,12,21,6,3,6,2,0,1,1,0,0,2,1,4.85781E+20,5.42728E+21,8.80561E+15,4.89983E+16
60205,8.17122E+18,8,2,36,38,2017,12,1,6,3,9,1,0,1,0,0,0,2,1,4.90141E+20,5.42829E+21,8.86518E+15,4.90075E+16
60206,8.17122E+18,8,2,26,85,2017,12,21,6,3,9,1,0,1,0,0,0,2,1,4.95725E+20,5.45288E+21,8.94129E+15,4.92287E+16
60207,8.17122E+18,8,2,26,84,2017,12,13,6,3,0,1,0,1,0,0,0,0,1,4.66829E+20,5.47354E+21,8.54268E+15,4.94137E+16
60208,8.17122E+18,8,2,26,84,2017,12,17,6,3,2,6,0,1,0,0,0,2,1,4.6702E+20,5.47175E+21,8.54548E+15,4.93975E+16
60209,8.17122E+18,8,2,21,0,2017,12,11,6,3,5,3,0,1,0,0,0,0,1,4.77491E+20,5.47187E+21,8.68978E+15,4.93991E+16
60210,8.17122E+18,8,2,21,0,2017,12,23,6,2,4,1,0,1,0,0,0,2,1,4.77382E+20,5.4681E+21,8.68849E+15,4.93652E+16
60211,8.17122E+18,8,2,16,5,2017,12,6,6,3,5,3,1,1,0,0,0,2,1,4.45142E+20,5.41697E+21,8.25143E+15,4.89032E+16
60212,8.17122E+18,8,2,15,84,2017,12,7,6,3,5,3,0,1,0,0,0,0,1,4.72282E+20,5.44625E+21,8.61976E+15,4.91684E+16
60213,8.17122E+18,8,2,15,109,2017,12,17,6,3,5,2,0,1,0,0,0,2,1,4.63069E+20,5.43983E+21,8.49397E+15,4.91102E+16
60214,8.17122E+18,8,2,12,0,2017,12,14,6,3,2,1,0,1,0,0,0,0,1,4.64255E+20,5.4306E+21,8.51103E+15,4.90272E+16
60215,8.17122E+18,8,2,11,0,2017,12,17,6,3,2,6,0,1,0,0,0,2,1,4.42067E+20,5.40319E+21,8.21142E+15,4.8779E+16
60216,8.17122E+18,8,1,36,42,2017,12,22,6,3,5,3,0,1,0,0,0,2,1,5.51612E+20,5.40497E+21,9.70277E+15,4.87955E+16
60217,8.17122E+18,8,1,28,14,2017,12,15,6,3,8,1,0,1,0,0,0,0,1,5.49178E+20,5.48317E+21,9.67918E+15,4.94992E+16
60218,8.17122E+18,8,1,27,43,2017,12,16,6,2,4,1,0,1,0,0,0,2,1,5.6568E+20,5.44443E+21,9.90067E+15,4.91492E+16
60219,8.17122E+18,8,2,25,42,2017,12,13,6,2,4,1,0,1,0,0,0,0,1,5.07092E+20,5.46016E+21,9.09754E+15,4.92942E+16
60220,8.17122E+18,8,1,26,11,2017,12,6,6,1,6,4,0,1,1,0,0,2,1,5.3389E+20,5.44315E+21,9.46464E+15,4.91403E+16
60221,8.17122E+18,8,1,25,8,2017,12,19,6,3,4,6,0,1,0,0,0,2,1,5.22862E+20,5.43228E+21,9.31284E+15,4.90429E+16
60222,8.17122E+18,8,1,21,0,2017,12,16,6,3,2,6,0,1,0,0,1,2,1,5.15936E+20,5.44496E+21,9.21857E+15,4.91573E+16
60223,8.17122E+18,8,1,21,0,2017,12,19,6,3,1,6,0,1,0,0,0,2,1,5.16761E+20,5.44312E+21,9.22981E+15,4.91407E+16
60224,,14,5,22,620,2017,1,13,1,2,4,2,0,1,0,0,0,0,0,7.89507E+20,5.67694E+21,1.31418E+16,5.11705E+16
60225,8.17122E+18,8,1,18,50,2017,12,20,6,3,2,6,0,1,0,0,0,2,1,5.01777E+20,5.41621E+21,9.02424E+15,4.88989E+16
60226,8.17122E+18,8,1,18,48,2017,12,14,6,3,2,6,0,1,0,0,0,0,1,5.15109E+20,5.41519E+21,9.20611E+15,4.88894E+16
60227,8.17122E+18,8,1,18,48,2017,12,17,6,3,6,2,0,1,1,0,0,2,1,5.13957E+20,5.41659E+21,9.19045E+15,4.89021E+16
60228,8.17122E+18,8,1,18,79,2017,12,7,6,3,4,6,0,1,0,0,1,1,1,5.10216E+20,5.42132E+21,9.13952E+15,4.89447E+16
60229,8.17123E+18,8,4,35,30,2017,12,12,1,1,4,6,0,1,0,0,0,0,0,5.42703E+20,5.27367E+21,9.56824E+15,4.7615E+16
60230,8.17122E+18,8,1,17,26,2017,12,19,6,3,8,7,1,1,0,0,0,2,1,5.49159E+20,5.39412E+21,9.66808E+15,4.86982E+16
60231,8.17122E+18,8,1,17,2,2017,12,20,6,3,2,6,0,1,0,0,0,2,1,5.44285E+20,5.38489E+21,9.60085E+15,4.86155E+16
60232,8.17123E+18,8,4,36,64,2017,12,23,1,3,3,6,0,1,0,0,0,2,0,5.44834E+20,5.28699E+21,9.59797E+15,4.77347E+16
60233,8.17122E+18,8,1,16,35,2017,12,13,6,3,5,3,0,1,0,0,0,0,1,5.27177E+20,5.39215E+21,9.36922E+15,4.86818E+16
60234,8.17122E+18,8,1,16,76,2017,12,19,6,3,1,5,1,0,0,0,1,2,1,5.2739E+20,5.40092E+21,9.37269E+15,4.87607E+16
60235,8.17122E+18,8,1,11,0,2017,12,23,6,3,2,6,0,1,0,0,0,2,1,5.13805E+20,5.40312E+21,9.18792E+15,4.87809E+16
60236,8.17122E+18,8,4,37,104,2017,12,10,5,3,8,6,0,1,0,0,0,0,1,5.10739E+20,5.32747E+21,9.14425E+15,4.81004E+16
60237,8.17122E+18,8,4,37,100,2017,12,16,5,3,1,5,0,1,0,0,1,1,1,5.40797E+20,5.31765E+21,9.54702E+15,4.80108E+16
60238,8.17122E+18,8,4,37,44,2017,12,11,5,3,5,3,0,1,0,0,1,0,0,5.30936E+20,5.32362E+21,9.41524E+15,4.80651E+16
60239,8.17122E+18,8,4,36,93,2017,12,11,5,3,8,3,0,1,0,0,1,0,1,5.44073E+20,5.31294E+21,9.59046E+15,4.79683E+16
60240,8.17123E+18,8,4,35,53,2017,12,16,1,3,5,7,0,1,0,0,0,1,0,5.0893E+20,5.29252E+21,9.11922E+15,4.7786E+16
60241,8.17122E+18,8,4,36,95,2017,12,18,5,3,5,3,0,1,0,0,0,2,1,5.34131E+20,5.2894E+21,9.45542E+15,4.77571E+16
60242,8.17122E+18,8,4,36,64,2017,12,12,5,3,2,6,0,1,0,0,0,0,0,5.39234E+20,5.28945E+21,9.5235E+15,4.77572E+16
60243,8.17122E+18,8,4,35,34,2017,12,20,5,3,2,6,0,1,0,0,0,2,1,5.29851E+20,5.28451E+21,9.39798E+15,4.77133E+16
60244,8.17122E+18,8,4,35,45,2017,12,16,5,3,2,6,0,1,0,0,0,2,1,5.34273E+20,5.28642E+21,9.45707E+15,4.77302E+16
60245,8.17122E+18,8,4,17,8,2017,12,12,5,3,5,3,0,1,0,0,0,0,0,4.93752E+20,5.3512E+21,8.91573E+15,4.8314E+16
60246,8.17122E+18,8,3,16,45,2017,12,13,5,3,2,6,0,1,0,0,1,0,0,4.1098E+20,5.32578E+21,7.80479E+15,4.80791E+16
60247,8.17122E+18,8,3,36,50,2017,12,18,5,3,2,6,0,1,0,0,0,2,0,4.00506E+20,5.27632E+21,7.67559E+15,4.76326E+16
60248,8.17122E+18,8,3,35,98,2017,12,9,5,3,8,1,0,0,0,0,1,0,0,5.01716E+20,5.29532E+21,9.02292E+15,4.78112E+16
60249,8.17122E+18,8,3,27,46,2017,12,17,5,3,6,2,0,1,1,0,0,2,1,4.80785E+20,5.32434E+21,8.74205E+15,4.8072E+16
60250,8.17122E+18,8,3,26,74,2017,12,13,5,3,2,2,0,1,0,0,1,0,1,4.59896E+20,5.32005E+21,8.46205E+15,4.80325E+16
60251,8.17122E+18,8,3,25,57,2017,12,12,5,3,2,2,0,1,0,0,0,0,0,4.72919E+20,5.35682E+21,8.63438E+15,4.8364E+16
60252,8.17122E+18,8,3,17,96,2017,12,11,5,3,9,1,0,1,0,0,0,0,0,4.20659E+20,5.37577E+21,7.92532E+15,4.853E+16
60253,8.17122E+18,8,3,17,59,2017,12,7,5,3,2,6,0,1,0,0,0,2,0,4.13388E+20,5.351E+21,7.83198E+15,4.83062E+16
60254,8.17122E+18,8,3,17,1,2017,12,19,5,3,0,1,0,0,0,1,0,2,1,4.32426E+20,5.38558E+21,8.08309E+15,4.86196E+16
60255,8.17122E+18,8,3,11,0,2017,12,11,5,3,8,7,0,1,0,0,0,0,0,4.07038E+20,5.31683E+21,7.75383E+15,4.7998E+16
60256,8.17122E+18,8,3,15,131,2017,12,13,5,3,9,1,0,1,0,0,0,0,0,4.06637E+20,5.31014E+21,7.7499E+15,4.79378E+16
60257,8.17122E+18,8,3,36,69,2017,12,12,5,3,4,6,0,1,0,0,0,0,0,4.10062E+20,5.27005E+21,7.80405E+15,4.75776E+16
60258,8.17122E+18,8,3,15,84,2017,12,19,5,3,8,1,0,1,0,0,0,2,1,4.20151E+20,5.30607E+21,7.93157E+15,4.7903E+16
60259,8.17123E+18,8,3,37,96,2017,12,12,1,3,2,7,0,1,0,1,0,0,0,4.22135E+20,5.26805E+21,7.96492E+15,4.75612E+16
60260,8.17123E+18,8,3,26,12,2017,12,2,1,3,5,3,0,1,0,0,0,2,1,4.61749E+20,5.31072E+21,8.48773E+15,4.79487E+16
60261,8.17122E+18,8,3,36,50,2017,12,9,5,3,2,6,0,1,0,0,1,0,0,3.9958E+20,5.27392E+21,7.66381E+15,4.76109E+16
60262,8.17122E+18,8,2,26,85,2017,12,9,5,3,2,6,0,1,0,0,0,0,0,4.85733E+20,5.45665E+21,8.80392E+15,4.92625E+16
60263,8.17123E+18,8,3,17,96,2017,12,15,1,2,4,7,0,1,0,0,0,0,0,4.23651E+20,5.37463E+21,7.96605E+15,4.85201E+16
60264,8.17122E+18,8,2,36,46,2017,12,20,5,3,2,1,0,1,0,0,0,2,1,4.82715E+20,5.41802E+21,8.76408E+15,4.89149E+16
60265,8.17123E+18,8,3,15,22,2017,12,15,1,3,8,1,0,0,0,1,0,0,0,3.98888E+20,5.29935E+21,7.64871E+15,4.78395E+16
60266,8.17122E+18,8,2,15,108,2017,12,17,5,3,4,2,0,1,0,0,0,2,1,4.47444E+20,5.42374E+21,8.28197E+15,4.89644E+16
60267,8.17122E+18,8,2,16,39,2017,12,15,5,2,2,6,0,1,0,0,0,0,1,4.44963E+20,5.4129E+21,8.24954E+15,4.88667E+16
60268,8.17123E+18,8,2,15,108,2017,12,14,1,3,1,6,0,1,0,1,0,0,0,4.50753E+20,5.42563E+21,8.32695E+15,4.89816E+16
60269,8.17122E+18,8,2,37,54,2017,12,19,5,3,5,3,0,1,0,1,0,2,0,4.68282E+20,5.37574E+21,8.57035E+15,4.85339E+16
60270,8.17122E+18,8,2,35,8,2017,12,18,5,3,6,2,0,1,1,0,0,2,1,4.80467E+20,5.40208E+21,8.73416E+15,4.87714E+16
60271,8.17122E+18,8,2,31,0,2017,12,14,5,3,1,6,0,1,0,0,0,0,1,4.74453E+20,5.41708E+21,8.65138E+15,4.89061E+16
60272,8.17122E+18,8,2,26,80,2017,12,12,5,3,5,3,0,1,0,0,0,0,0,4.86399E+20,5.47539E+21,8.81243E+15,4.94311E+16
60273,8.17122E+18,8,2,26,32,2017,12,17,5,3,5,3,0,1,0,0,0,2,1,4.63779E+20,5.46435E+21,8.50147E+15,4.93308E+16
60274,8.17122E+18,8,2,21,0,2017,12,14,5,3,5,2,0,1,0,0,0,0,1,4.73434E+20,5.47507E+21,8.63364E+15,4.94277E+16
60275,8.17122E+18,8,2,16,17,2017,12,22,5,3,5,2,0,1,0,0,0,2,1,4.5172E+20,5.4028E+21,8.34285E+15,4.87763E+16
60276,8.17122E+18,8,2,15,106,2017,12,12,5,3,8,1,0,1,0,0,0,0,0,4.68506E+20,5.45388E+21,8.56736E+15,4.92369E+16
60277,8.17122E+18,8,2,15,9,2017,12,5,5,3,0,1,0,0,0,1,0,2,1,4.7144E+20,5.44338E+21,8.6084E+15,4.91426E+16
60278,8.17122E+18,8,2,15,17,2017,12,16,5,3,5,2,0,1,0,0,0,1,1,4.5651E+20,5.42318E+21,8.40589E+15,4.896E+16
60279,8.17122E+18,8,2,15,108,2017,12,17,5,3,2,6,0,1,0,0,1,2,1,4.50991E+20,5.42411E+21,8.33037E+15,4.89679E+16
60280,8.17122E+18,8,2,12,0,2017,12,21,5,3,8,1,0,1,0,0,0,2,1,4.52941E+20,5.43013E+21,8.35632E+15,4.90222E+16
60281,8.17122E+18,8,2,16,43,2017,12,20,5,3,2,6,0,1,0,0,1,2,1,4.42929E+20,5.40937E+21,8.2223E+15,4.88347E+16
60282,8.17122E+18,8,2,11,0,2017,12,18,5,3,2,6,0,1,0,0,0,2,1,4.3961E+20,5.4032E+21,8.17798E+15,4.87788E+16
60283,8.17122E+18,8,1,16,35,2017,12,15,5,3,2,6,0,1,0,0,0,0,1,5.26183E+20,5.39093E+21,9.35563E+15,4.86709E+16
60284,,14,5,24,300,2017,1,5,6,3,5,3,0,1,0,0,0,2,1,7.379E+20,5.62646E+21,1.2372E+16,5.07411E+16
60285,,14,7,30,270,2017,1,22,6,3,9,1,0,1,0,0,0,2,2,7.2376E+20,5.69529E+21,1.22145E+16,5.13647E+16
60286,,14,7,29,260,2017,1,19,6,2,5,3,1,1,0,0,0,2,0,7.36579E+20,5.68609E+21,1.23922E+16,5.1277E+16
60287,,14,7,29,70,2017,1,19,6,2,9,1,0,1,0,0,0,2,1,7.53198E+20,5.69242E+21,1.26345E+16,5.13266E+16
60288,,14,6,25,560,2017,1,7,6,3,5,6,0,1,0,0,0,0,0,8.81164E+20,5.67013E+21,1.44403E+16,5.10558E+16
60289,,14,6,27,210,2017,1,11,6,3,2,6,0,1,0,0,0,0,0,8.28604E+20,5.67105E+21,1.36939E+16,5.10966E+16
60290,,14,6,27,140,2017,1,16,6,3,6,2,0,1,1,0,0,1,0,8.12605E+20,5.67807E+21,1.34722E+16,5.11684E+16
60291,,14,6,27,140,2017,1,15,6,3,2,6,0,1,0,0,0,0,0,8.12203E+20,5.67876E+21,1.3467E+16,5.11749E+16
60292,,14,6,12,0,2017,1,10,6,3,5,3,1,1,0,0,0,0,2,8.34167E+20,5.66803E+21,1.37702E+16,5.10663E+16
60293,,14,6,12,0,2017,1,11,6,3,5,2,0,1,0,0,0,0,0,8.41276E+20,5.66648E+21,1.38699E+16,5.10482E+16
60294,,14,6,27,10,2017,1,15,6,2,2,2,0,1,0,0,1,0,0,8.25003E+20,5.67667E+21,1.36477E+16,5.1149E+16
60295,,14,5,22,150,2017,1,13,6,3,5,3,0,1,0,0,0,0,0,7.83726E+20,5.64613E+21,1.30352E+16,5.0897E+16
60296,,14,5,21,630,2017,1,15,6,3,2,6,0,1,0,0,0,0,1,7.83202E+20,5.61744E+21,1.30057E+16,5.06399E+16
60297,,14,5,21,710,2017,1,21,6,2,8,1,0,1,0,0,0,2,1,7.69497E+20,5.61314E+21,1.28092E+16,5.06078E+16
60298,,14,5,24,330,2017,1,13,5,3,2,6,0,1,0,0,0,0,0,7.46035E+20,5.625E+21,1.24861E+16,5.07246E+16
60299,,14,5,24,280,2017,1,5,5,3,4,2,0,1,0,0,0,2,1,7.55391E+20,5.63058E+21,1.26223E+16,5.07707E+16
60300,,14,5,23,170,2017,1,22,5,3,2,7,0,1,0,0,1,2,1,7.36104E+20,5.61007E+21,1.23362E+16,5.05947E+16
60301,,14,5,23,170,2017,1,22,5,3,7,7,0,1,0,0,0,2,1,7.36104E+20,5.61007E+21,1.23362E+16,5.05947E+16
60302,,14,7,29,70,2017,1,21,5,3,2,6,0,1,0,0,1,2,0,7.49771E+20,5.69012E+21,1.25838E+16,5.13075E+16
60303,,14,7,30,45,2017,1,15,5,1,4,6,0,1,0,0,0,0,0,7.85911E+20,5.70846E+21,1.31157E+16,5.1455E+16
60304,,14,7,29,190,2017,1,19,5,3,4,6,0,1,0,0,1,2,1,7.43209E+20,5.681E+21,1.24836E+16,5.12285E+16
60305,,14,7,13,0,2017,1,17,5,3,4,6,0,1,0,0,1,1,1,7.28435E+20,5.69326E+21,1.22802E+16,5.13446E+16
60306,,14,6,26,400,2017,1,12,5,3,6,4,0,1,1,0,0,0,0,9.05419E+20,5.65121E+21,1.47636E+16,5.087E+16
60307,,14,6,25,480,2017,1,19,5,3,4,2,0,1,0,0,0,2,1,8.43997E+20,5.67587E+21,1.39175E+16,5.11308E+16
60308,,14,6,26,110,2017,1,18,5,3,4,6,0,1,0,0,0,2,1,9.17438E+20,5.68364E+21,1.49707E+16,5.11515E+16
60309,,14,6,25,610,2017,1,16,5,2,8,1,0,1,0,0,0,0,0,8.96743E+20,5.68813E+21,1.46813E+16,5.12064E+16
60310,,14,6,27,190,2017,1,16,5,3,8,7,0,0,0,0,1,0,1,8.09033E+20,5.68474E+21,1.3427E+16,5.12302E+16
60311,,14,6,28,270,2017,1,15,5,3,5,3,1,1,0,0,0,0,1,8.46406E+20,5.65741E+21,1.39341E+16,5.09639E+16
60312,,14,6,27,310,2017,1,15,5,3,6,4,0,1,1,0,0,0,0,8.19514E+20,5.67617E+21,1.3569E+16,5.11476E+16
60313,,14,6,12,0,2017,1,22,5,3,5,3,0,1,0,0,0,2,1,8.29473E+20,5.66522E+21,1.37009E+16,5.10438E+16
60314,,14,7,30,310,2017,1,8,4,3,2,6,0,1,0,0,0,0,1,7.76759E+20,5.7193E+21,1.29928E+16,5.15568E+16
60315,,14,7,13,0,2017,1,13,4,3,4,2,0,1,0,0,0,0,1,7.42268E+20,5.69472E+21,1.24795E+16,5.1352E+16
60316,,14,6,26,400,2017,1,18,4,3,4,1,0,1,0,0,0,2,1,9.04651E+20,5.65106E+21,1.47526E+16,5.08691E+16
60317,,14,6,26,600,2017,1,7,4,2,6,2,0,1,1,0,0,1,1,8.90754E+20,5.72109E+21,1.46322E+16,5.15055E+16
60318,,14,6,25,640,2017,1,17,4,2,6,6,0,1,1,0,0,2,1,8.6818E+20,5.70728E+21,1.4294E+16,5.13969E+16
60319,,14,6,25,200,2017,1,7,4,3,2,6,0,1,0,0,0,1,1,8.52288E+20,5.67976E+21,1.40393E+16,5.11606E+16
60320,,14,6,28,360,2017,1,20,4,3,9,1,0,1,0,0,0,2,1,8.72084E+20,5.65504E+21,1.42958E+16,5.09267E+16