OBJECTID,UIDENTSTLA,ULAND,UREGBEZ,UKREIS,UGEMEINDE,UJAHR,UMONAT,USTUNDE,UWOCHENTAG,UKATEGORIE,UART,UTYP1,IstRad,IstPKW,IstFuss,IstKrad,IstSonstig,LICHT,STRZUSTAND,LINREFX,LINREFY,XGCSWGS84,YGCSWGS84
60321,,14,6,12,0,2017,1,7,4,3,2,6,0,1,0,0,1,0,0,8.22695E+20,5.66646E+21,1.36056E+16,5.10588E+16
60322,,14,5,21,30,2017,1,11,4,3,2,6,0,1,0,0,0,0,1,7.62061E+20,5.61035E+21,1.27023E+16,5.05862E+16
60323,,14,7,29,160,2017,1,7,3,2,9,1,0,1,0,0,0,0,2,7.58114E+20,5.67728E+21,1.2694E+16,5.11885E+16
60324,,14,6,26,600,2017,1,7,3,3,3,2,1,1,0,0,0,0,2,8.91351E+20,5.72095E+21,1.46406E+16,5.15038E+16
60325,,14,6,28,270,2017,1,10,3,3,2,6,0,1,0,0,0,0,0,8.4751E+20,5.6566E+21,1.3949E+16,5.0956E+16
60326,,14,6,27,220,2017,1,15,3,2,8,6,0,1,0,0,1,0,1,8.3128E+20,5.67568E+21,1.37362E+16,5.11365E+16
60327,,14,6,12,0,2017,1,15,3,3,3,3,0,1,0,0,0,0,1,8.28059E+20,5.66714E+21,1.36825E+16,5.10618E+16
60328,,14,6,12,0,2017,1,21,3,3,2,6,0,1,0,0,0,2,2,8.32074E+20,5.66773E+21,1.37402E+16,5.10648E+16
60329,,14,6,12,0,2017,1,13,3,2,9,1,0,1,0,0,0,0,1,8.25915E+20,5.66807E+21,1.36529E+16,5.10714E+16
60330,,14,6,28,40,2017,1,0,3,3,2,1,0,1,0,0,1,2,0,8.43619E+20,5.64929E+21,1.38869E+16,5.08928E+16
60331,,14,5,22,150,2017,1,13,3,3,3,6,0,1,0,0,1,0,1,7.8391E+20,5.64891E+21,1.304E+16,5.09219E+16
60332,,14,5,23,20,2017,1,13,2,3,9,1,0,1,0,0,0,0,1,7.45893E+20,5.60107E+21,1.24683E+16,5.05099E+16
60333,,14,5,23,430,2017,1,21,2,3,4,2,0,1,0,0,0,2,1,7.30905E+20,5.60428E+21,1.22592E+16,5.05448E+16
60334,,14,5,23,160,2017,1,7,2,3,8,7,0,1,0,0,0,0,2,7.45975E+20,5.58398E+21,1.24582E+16,5.03564E+16
60335,,14,5,23,200,2017,1,9,2,2,4,7,0,1,0,0,0,0,1,7.37547E+20,5.5785E+21,1.23365E+16,5.03107E+16
60336,,14,7,30,310,2017,1,18,2,3,5,3,1,1,0,0,0,2,1,7.76948E+20,5.7194E+21,1.29956E+16,5.15576E+16
60337,,14,7,30,330,2017,1,9,2,2,9,1,0,1,0,0,0,0,1,7.80249E+20,5.6938E+21,1.30229E+16,5.13263E+16
60338,,14,7,13,0,2017,1,22,2,3,6,4,0,0,1,0,1,2,2,7.35417E+20,5.69352E+21,1.23805E+16,5.13441E+16
60339,,14,7,29,270,2017,1,6,2,2,6,4,0,1,1,0,0,2,1,7.2472E+20,5.68864E+21,1.22241E+16,5.13046E+16
60340,,14,6,26,310,2017,1,4,2,3,8,1,0,1,0,0,0,2,2,9.03842E+20,5.65581E+21,1.47464E+16,5.09122E+16
60341,,14,6,26,610,2017,1,18,2,3,5,3,0,1,0,0,0,1,1,9.07371E+20,5.65466E+21,1.4795E+16,5.08995E+16
60342,,14,6,27,260,2017,1,15,2,2,1,5,0,0,0,0,1,0,0,7.96603E+20,5.68961E+21,1.32535E+16,5.12805E+16
60343,,14,6,28,270,2017,1,17,2,2,6,4,0,1,1,0,0,2,0,8.45993E+20,5.65668E+21,1.39276E+16,5.09576E+16
60344,,14,6,28,270,2017,1,12,2,2,5,3,0,1,0,0,0,0,0,8.46801E+20,5.66167E+21,1.39438E+16,5.10018E+16
60345,,14,6,12,0,2017,1,16,2,3,2,6,0,1,0,0,0,2,0,8.33706E+20,5.66326E+21,1.37593E+16,5.10238E+16
60346,,14,5,21,230,2017,1,15,2,3,2,6,0,1,0,0,0,0,2,7.74411E+20,5.62551E+21,1.28876E+16,5.07165E+16
60347,,14,5,21,150,2017,1,16,2,2,4,6,0,1,0,0,0,0,1,7.85334E+20,5.62092E+21,1.30384E+16,5.067E+16
60348,,14,5,21,20,2017,1,10,2,3,2,6,0,1,0,0,0,0,1,7.84867E+20,5.60672E+21,1.3021E+16,5.05429E+16
60349,,14,5,11,0,2017,1,11,2,3,2,6,0,1,0,0,0,0,2,7.76746E+20,5.63397E+21,1.2927E+16,5.07913E+16
60350,,14,5,11,0,2017,1,10,2,3,4,2,0,1,0,0,1,0,0,7.64519E+20,5.63645E+21,1.27557E+16,5.08192E+16
60351,,14,5,11,0,2017,1,16,2,2,9,6,0,1,0,0,0,0,1,7.76921E+20,5.63179E+21,1.29278E+16,5.07716E+16
60352,,14,5,24,80,2017,1,12,1,3,5,3,0,1,0,0,0,0,0,7.50424E+20,5.63678E+21,1.25562E+16,5.08285E+16
60353,,14,6,26,610,2017,1,8,1,3,2,6,1,1,0,0,0,0,2,9.12213E+20,5.664E+21,1.48741E+16,5.09796E+16
60354,,14,6,26,290,2017,1,17,1,3,5,2,0,1,0,0,0,1,0,8.97021E+20,5.67489E+21,1.46707E+16,5.10878E+16
60355,,14,6,25,250,2017,1,16,1,3,1,6,0,1,0,0,0,1,0,8.56449E+20,5.69459E+21,1.41133E+16,5.12908E+16
60356,,14,6,27,100,2017,1,11,1,3,9,1,0,1,0,0,0,0,0,8.19446E+20,5.66656E+21,1.35595E+16,5.10615E+16
60357,,14,5,22,20,2017,1,14,1,3,2,6,0,1,0,0,0,0,1,7.85459E+20,5.63786E+21,1.30533E+16,5.0822E+16
60358,,14,5,24,330,2017,1,15,7,3,2,1,0,1,0,0,0,0,0,7.45001E+20,5.62625E+21,1.24723E+16,5.07363E+16
60359,,14,7,29,270,2017,1,21,7,2,5,3,0,1,0,0,0,2,1,7.26009E+20,5.69341E+21,1.22455E+16,5.1347E+16
60360,,14,6,25,600,2017,1,21,7,2,1,1,0,1,0,0,0,2,0,8.42369E+20,5.68241E+21,1.39005E+16,5.11903E+16
60361,,14,5,24,20,2017,1,13,7,3,5,3,0,1,0,0,0,0,0,7.57192E+20,5.63592E+21,1.26515E+16,5.08178E+16
60362,,14,5,24,90,2017,1,14,6,2,4,2,0,1,0,0,0,0,0,7.6124E+20,5.62194E+21,1.26989E+16,5.06905E+16
60363,,14,7,13,0,2017,1,4,6,3,9,7,0,0,0,0,1,2,0,7.36321E+20,5.69361E+21,1.23935E+16,5.13446E+16
60364,,14,7,13,0,2017,1,8,6,2,2,6,0,0,0,0,1,0,0,7.39504E+20,5.6987E+21,1.24425E+16,5.13889E+16
60365,,14,7,13,0,2017,1,14,6,3,2,6,0,1,0,0,0,0,1,7.36046E+20,5.69381E+21,1.23897E+16,5.13465E+16
60366,,14,7,13,0,2017,1,20,6,2,4,2,0,1,0,0,0,2,1,7.35097E+20,5.69704E+21,1.23782E+16,5.13758E+16
60367,,14,7,30,300,2017,1,7,6,3,2,6,0,1,0,0,0,2,0,7.44173E+20,5.69899E+21,1.25097E+16,5.13896E+16
60368,,14,6,25,560,2017,1,11,6,3,5,3,0,1,0,0,0,0,1,8.80281E+20,5.66935E+21,1.44269E+16,5.10494E+16
60369,,14,6,25,490,2017,1,22,6,3,9,1,0,1,0,0,0,2,0,8.75483E+20,5.68901E+21,1.43793E+16,5.12287E+16
60370,,14,6,27,360,2017,1,18,6,3,9,1,0,1,0,0,0,2,0,8.02898E+20,5.69513E+21,1.33482E+16,5.13266E+16
60371,,14,6,12,0,2017,1,8,6,3,2,6,0,1,0,0,0,0,1,8.41596E+20,5.66786E+21,1.38757E+16,5.10604E+16
60372,,14,5,21,450,2017,1,9,6,3,5,3,0,1,0,0,0,0,2,7.60651E+20,5.62537E+21,1.2693E+16,5.07216E+16
60373,,14,7,29,150,2017,1,18,6,3,6,6,0,1,1,0,0,2,1,7.58019E+20,5.66236E+21,1.26819E+16,5.10547E+16
60374,,14,5,22,80,2017,1,18,6,3,8,7,0,1,0,0,0,2,0,7.86733E+20,5.66977E+21,1.30965E+16,5.11075E+16
60375,,14,5,11,0,2017,1,15,6,3,2,2,0,1,0,0,1,0,0,7.64519E+20,5.63645E+21,1.27557E+16,5.08192E+16
60376,,14,5,22,170,2017,1,7,6,3,5,3,0,1,0,0,0,0,1,8.15972E+20,5.63864E+21,1.34859E+16,5.08131E+16
60377,,14,5,22,510,2017,1,3,5,1,6,4,0,1,1,0,1,2,0,7.95467E+20,5.66877E+21,1.32201E+16,5.10942E+16
60378,,14,6,26,110,2017,1,14,5,3,2,6,0,1,0,0,0,0,0,9.15885E+20,5.68398E+21,1.49491E+16,5.11557E+16
60379,,14,6,25,200,2017,1,13,5,3,3,6,0,1,0,0,1,0,0,8.49514E+20,5.6789E+21,1.3999E+16,5.11545E+16
60380,,14,6,12,0,2017,1,21,5,3,2,6,0,1,0,0,0,2,1,8.32112E+20,5.66545E+21,1.37386E+16,5.10443E+16
60381,,14,5,22,150,2017,1,9,5,3,5,3,0,1,0,0,0,0,0,7.83367E+20,5.64821E+21,1.30317E+16,5.09159E+16
60382,,14,5,22,360,2017,1,6,5,3,5,3,0,1,0,0,0,2,0,7.7962E+20,5.65541E+21,1.29841E+16,5.09823E+16
60383,,14,5,22,480,2017,1,16,5,3,2,6,0,1,0,0,0,1,2,8.07776E+20,5.6593E+21,1.33873E+16,5.10028E+16
60384,,14,5,22,620,2017,1,8,5,3,8,1,0,1,0,0,0,0,1,7.89103E+20,5.67665E+21,1.31358E+16,5.1168E+16
60385,,14,5,21,355,2017,1,10,5,3,1,5,0,1,0,0,1,0,1,7.66237E+20,5.61025E+21,1.27611E+16,5.05834E+16
60386,,14,5,21,30,2017,1,15,5,2,9,1,0,1,0,0,0,0,1,7.60938E+20,5.61106E+21,1.2687E+16,5.0593E+16
60387,,14,5,11,0,2017,1,17,5,3,5,3,0,1,0,0,0,1,1,7.80433E+20,5.64498E+21,1.29876E+16,5.08883E+16
60388,,14,5,21,390,2017,1,6,5,3,4,6,0,1,0,0,0,1,1,8.01444E+20,5.6193E+21,1.32645E+16,5.06474E+16
60389,,14,5,23,330,2017,1,17,4,3,1,6,0,1,0,0,1,2,2,7.25225E+20,5.60232E+21,1.2178E+16,5.05294E+16
60390,,14,7,13,0,2017,1,11,4,3,5,2,0,1,0,0,0,0,1,7.36534E+20,5.69612E+21,1.23982E+16,5.1367E+16
60391,,14,7,30,150,2017,1,18,4,3,5,3,0,1,0,0,0,2,1,7.39369E+20,5.70721E+21,1.24463E+16,5.14653E+16
60392,,14,6,25,480,2017,1,14,4,3,1,2,0,1,0,0,1,0,1,8.44067E+20,5.67444E+21,1.39171E+16,5.11179E+16
60393,,14,6,26,330,2017,1,15,4,3,5,3,0,1,0,0,0,0,0,9.19394E+20,5.69412E+21,1.50108E+16,5.12438E+16
60394,,14,6,26,450,2017,1,19,4,2,6,6,0,1,1,0,0,2,2,9.05251E+20,5.68181E+21,1.47954E+16,5.11439E+16
60395,,14,6,12,0,2017,1,8,4,3,2,6,0,1,0,0,0,0,1,8.31666E+20,5.66381E+21,1.37308E+16,5.10299E+16
60396,,14,5,11,0,2017,1,8,4,3,2,6,0,1,0,0,0,0,2,7.76739E+20,5.63374E+21,1.29267E+16,5.07892E+16
60397,,14,5,24,330,2017,1,17,3,3,6,4,0,1,1,0,0,2,2,7.43685E+20,5.62428E+21,1.24524E+16,5.07191E+16
60398,,14,7,30,110,2017,1,17,3,3,1,6,0,1,0,0,0,2,1,7.51114E+20,5.70543E+21,1.26138E+16,5.14443E+16
60399,,14,7,29,370,2017,1,8,3,3,4,6,0,1,0,0,0,0,2,7.3794E+20,5.67751E+21,1.2406E+16,5.11994E+16
60400,,14,7,30,70,2017,1,6,3,3,4,6,0,1,0,0,0,2,1,7.31949E+20,5.71385E+21,1.23441E+16,5.1528E+16
60401,,14,6,26,310,2017,1,5,3,3,4,2,0,1,0,0,0,2,2,9.07058E+20,5.65863E+21,1.4795E+16,5.09352E+16
60402,,14,6,26,85,2017,1,10,3,3,2,6,0,1,0,0,0,0,2,8.91475E+20,5.66454E+21,1.45807E+16,5.09989E+16
60403,,14,6,28,50,2017,1,5,3,3,5,3,0,1,0,0,0,2,2,8.30998E+20,5.65971E+21,1.37176E+16,5.09936E+16
60404,,14,6,12,0,2017,1,16,3,3,1,6,0,1,0,0,1,0,2,8.27958E+20,5.66714E+21,1.36811E+16,5.10619E+16
60405,,14,5,11,0,2017,1,11,3,3,5,3,0,1,0,0,1,0,1,7.67137E+20,5.63576E+21,1.27923E+16,5.08119E+16
60406,,14,5,24,120,2017,1,16,2,2,6,4,0,0,1,0,1,0,2,7.60907E+20,5.63389E+21,1.27027E+16,5.07979E+16
60407,,14,5,21,450,2017,1,5,2,3,9,1,0,1,0,0,0,2,2,7.6337E+20,5.62253E+21,1.27295E+16,5.06949E+16
60408,,14,7,29,40,2017,1,8,2,3,1,2,0,0,0,0,1,0,2,7.36286E+20,5.68154E+21,1.2385E+16,5.12362E+16
60409,,14,7,29,50,2017,1,8,2,3,8,1,0,1,0,0,0,0,2,7.44973E+20,5.66345E+21,1.24969E+16,5.10702E+16
60410,,14,7,29,140,2017,1,10,2,3,1,2,0,1,0,0,1,0,2,7.49764E+20,5.66121E+21,1.25636E+16,5.10481E+16
60411,,14,7,13,0,2017,1,11,2,3,3,2,0,1,0,0,1,0,0,7.36171E+20,5.69393E+21,1.23915E+16,5.13475E+16
60412,,14,7,13,0,2017,1,23,2,2,8,1,0,1,0,0,0,2,1,7.30266E+20,5.70119E+21,1.23116E+16,5.14151E+16
60413,,14,6,26,560,2017,1,9,2,3,9,1,0,1,0,0,0,0,2,8.86611E+20,5.72166E+21,1.45734E+16,5.15134E+16
60414,,14,6,25,450,2017,1,10,2,3,2,6,0,1,0,0,0,0,2,8.50442E+20,5.68284E+21,1.4016E+16,5.11893E+16
60415,,14,6,25,480,2017,1,22,2,3,6,6,0,1,1,0,0,2,2,8.44124E+20,5.67448E+21,1.3918E+16,5.11182E+16
60416,,14,6,25,20,2017,1,6,2,3,2,6,0,1,0,0,0,2,2,8.78456E+20,5.68371E+21,1.44161E+16,5.11793E+16
60417,,14,6,12,0,2017,1,2,2,3,9,1,0,1,0,0,0,2,2,8.32638E+20,5.66762E+21,1.37481E+16,5.10635E+16
60418,,14,6,12,0,2017,1,7,2,3,2,6,0,1,0,0,0,0,2,8.31138E+20,5.66414E+21,1.37236E+16,5.10332E+16
60419,,14,6,27,180,2017,1,4,2,3,2,1,0,0,0,0,1,2,2,8.06703E+20,5.66538E+21,1.33772E+16,5.10579E+16
60420,,14,5,21,590,2017,1,20,2,3,4,2,0,1,0,0,0,2,2,7.65435E+20,5.62338E+21,1.27592E+16,5.07016E+16
60421,,14,5,21,20,2017,1,3,2,3,5,3,0,1,0,0,0,2,2,7.84257E+20,5.61235E+21,1.30167E+16,5.05937E+16
60422,,14,5,22,150,2017,1,20,2,3,2,1,0,1,0,0,1,2,1,7.83884E+20,5.64887E+21,1.30396E+16,5.09215E+16
60423,,14,5,22,150,2017,1,20,2,3,9,1,0,1,0,0,0,2,1,7.83877E+20,5.64886E+21,1.30395E+16,5.09214E+16
60424,,14,5,11,0,2017,1,11,2,2,6,4,0,0,1,0,1,0,2,7.76073E+20,5.63451E+21,1.29179E+16,5.07965E+16
60425,,14,5,24,330,2017,1,20,1,2,8,1,0,1,0,0,0,2,2,7.45954E+20,5.62451E+21,1.24847E+16,5.07203E+16
60426,,14,5,24,180,2017,1,9,1,3,9,1,0,1,0,0,0,0,2,7.61707E+20,5.64189E+21,1.27197E+16,5.08693E+16
60427,,14,5,24,30,2017,1,19,1,2,8,1,0,1,0,0,0,2,2,7.38795E+20,5.63507E+21,1.23903E+16,5.0818E+16
60428,,14,5,22,220,2017,1,17,1,3,8,1,0,0,0,0,1,2,2,7.85143E+20,5.67641E+21,1.30791E+16,5.11679E+16
60429,,14,6,25,20,2017,1,15,1,2,2,6,0,1,0,0,1,0,2,8.79914E+20,5.68283E+21,1.44359E+16,5.11703E+16
60430,,14,6,27,60,2017,1,10,1,3,9,1,0,1,0,0,0,0,2,8.16937E+20,5.68889E+21,1.35435E+16,5.1263E+16
60431,,14,6,12,0,2017,1,18,1,2,8,1,0,1,0,0,0,2,2,8.2561E+20,5.66405E+21,1.36449E+16,5.10355E+16
60432,,14,5,22,540,2017,1,9,1,3,8,1,0,1,0,0,0,0,2,7.92102E+20,5.65819E+21,1.31637E+16,5.1001E+16
60433,,14,5,22,330,2017,1,18,1,3,4,1,0,1,0,0,0,2,2,7.79593E+20,5.64743E+21,1.29776E+16,5.09107E+16
60434,,14,7,29,160,2017,1,4,7,3,8,1,0,1,0,0,0,2,2,7.58413E+20,5.67808E+21,1.26988E+16,5.11956E+16
60435,,14,6,26,10,2017,1,10,7,3,9,1,0,1,0,0,0,0,2,8.94832E+20,5.72583E+21,1.46959E+16,5.15451E+16
60436,,14,6,25,10,2017,1,10,7,3,8,1,0,0,0,0,1,0,2,8.48484E+20,5.66874E+21,1.39745E+16,5.10641E+16
60437,,14,5,22,450,2017,1,23,7,3,8,1,0,1,0,0,0,2,2,7.91103E+20,5.67831E+21,1.31657E+16,5.11819E+16
60438,,14,5,22,80,2017,1,15,7,3,2,6,0,1,0,0,0,0,2,7.92144E+20,5.67053E+21,1.31742E+16,5.11116E+16
60439,,14,5,22,260,2017,1,12,7,2,2,1,0,1,0,0,0,0,2,7.65868E+20,5.64363E+21,1.278E+16,5.08831E+16
60440,,14,5,22,380,2017,1,8,7,3,8,1,0,1,0,0,0,0,2,7.64472E+20,5.64387E+21,1.27604E+16,5.08858E+16
60441,,14,5,22,460,2017,1,16,7,3,5,3,0,1,0,0,0,1,1,7.62441E+20,5.64694E+21,1.27338E+16,5.09143E+16
60442,,14,5,23,50,2017,1,22,6,3,9,1,0,1,0,0,0,2,2,7.32531E+20,5.59654E+21,1.22773E+16,5.04747E+16
60443,,14,5,24,330,2017,1,11,6,3,2,6,0,1,0,0,0,0,1,7.45939E+20,5.62399E+21,1.24841E+16,5.07156E+16
60444,,14,7,30,310,2017,1,7,6,3,5,3,0,1,0,0,0,2,1,7.77188E+20,5.71862E+21,1.29985E+16,5.15504E+16
60445,,14,7,30,340,2017,1,15,6,3,2,6,0,1,0,0,0,0,1,7.22868E+20,5.70403E+21,1.22072E+16,5.14435E+16
60446,,14,6,26,30,2017,1,17,6,3,9,1,0,1,0,0,0,2,2,9.06068E+20,5.67464E+21,1.47989E+16,5.10792E+16
60447,,14,6,25,525,2017,1,21,6,3,8,1,0,1,0,0,0,2,2,8.80444E+20,5.67392E+21,1.4434E+16,5.10902E+16
60448,,14,6,25,630,2017,1,16,6,3,5,3,0,1,0,0,0,1,1,8.78019E+20,5.67465E+21,1.44003E+16,5.10984E+16
60449,,14,6,28,230,2017,1,22,6,2,9,1,0,1,0,0,0,2,1,8.41228E+20,5.64706E+21,1.3851E+16,5.08743E+16
60450,,14,6,27,60,2017,1,18,6,3,1,5,0,1,0,0,0,2,1,8.14341E+20,5.69135E+21,1.35086E+16,5.12866E+16
60451,,14,6,12,0,2017,1,16,6,3,5,3,1,1,0,0,0,2,1,8.32203E+20,5.66772E+21,1.3742E+16,5.10647E+16
60452,,14,6,12,0,2017,1,18,6,3,2,6,0,1,0,0,0,2,1,8.3033E+20,5.6718E+21,1.37191E+16,5.11023E+16
60453,,14,5,22,180,2017,1,14,6,2,0,1,1,0,0,0,0,0,1,8.04985E+20,5.64985E+21,1.33397E+16,5.09195E+16
60454,,14,5,22,430,2017,1,15,6,3,4,6,0,1,0,0,0,0,2,7.98255E+20,5.65293E+21,1.32468E+16,5.09506E+16
60455,,14,5,11,0,2017,1,15,6,3,8,1,0,1,0,0,1,0,2,7.70612E+20,5.64039E+21,1.28449E+16,5.08518E+16
60456,,14,5,24,280,2017,1,10,5,3,5,3,0,1,0,0,0,0,1,7.56057E+20,5.6322E+21,1.26328E+16,5.07849E+16
60457,,14,7,30,70,2017,1,20,5,3,3,6,1,1,0,0,0,2,0,7.35307E+20,5.71586E+21,1.23937E+16,5.15447E+16
60458,,14,7,29,270,2017,1,15,5,2,5,3,0,1,0,0,0,0,0,7.21476E+20,5.68565E+21,1.21757E+16,5.1279E+16
60459,,14,7,13,0,2017,1,14,5,2,6,2,0,1,1,0,0,0,1,7.40915E+20,5.69637E+21,1.24612E+16,5.13674E+16
60460,,14,6,26,290,2017,1,16,5,3,2,6,0,1,0,0,0,1,1,8.97493E+20,5.67671E+21,1.46794E+16,5.11037E+16
60461,,14,6,25,200,2017,1,16,5,3,4,6,0,1,0,0,0,1,1,8.51246E+20,5.67809E+21,1.40228E+16,5.11463E+16
60462,,14,6,25,300,2017,1,9,5,3,2,6,0,0,0,0,1,0,1,8.40651E+20,5.68902E+21,1.38823E+16,5.12506E+16
60463,,14,6,26,300,2017,1,7,5,2,8,1,0,1,0,0,0,0,1,9.14223E+20,5.68311E+21,1.49244E+16,5.11491E+16
60464,,14,6,12,0,2017,1,17,5,3,2,6,0,1,0,0,0,2,1,8.29618E+20,5.66599E+21,1.37037E+16,5.10506E+16
60465,,14,6,12,0,2017,1,7,5,3,5,3,0,1,0,0,1,0,1,8.3089E+20,5.66645E+21,1.37222E+16,5.10541E+16
60466,,14,5,22,440,2017,1,16,5,3,5,3,0,1,0,0,0,1,1,7.93775E+20,5.64265E+21,1.31749E+16,5.08608E+16
60467,,14,5,21,30,2017,1,7,5,3,2,1,0,1,0,0,0,1,1,7.61653E+20,5.61067E+21,1.26968E+16,5.05892E+16
60468,,14,5,21,630,2017,1,6,5,3,4,1,0,1,0,0,1,2,2,7.86617E+20,5.61517E+21,1.30521E+16,5.06179E+16
60469,,14,5,21,420,2017,1,7,5,2,2,1,0,1,0,0,0,1,1,7.67166E+20,5.62807E+21,1.27871E+16,5.07429E+16
60470,,14,5,23,20,2017,1,13,4,2,9,1,0,1,0,0,0,0,2,7.43128E+20,5.59893E+21,1.24279E+16,5.04918E+16
60471,,14,7,29,190,2017,1,8,4,3,5,3,0,1,0,0,0,0,1,7.45194E+20,5.68821E+21,1.25169E+16,5.12924E+16
60472,,14,7,13,0,2017,1,16,4,3,5,3,0,1,0,0,1,1,1,7.35291E+20,5.69026E+21,1.23765E+16,5.13149E+16
60473,,14,7,13,0,2017,1,20,4,3,2,6,0,1,0,0,0,2,1,7.40148E+20,5.69791E+21,1.24512E+16,5.13816E+16
60474,,14,6,25,200,2017,1,6,4,3,9,1,0,1,0,0,0,2,1,8.52985E+20,5.67944E+21,1.40489E+16,5.11573E+16
60475,,14,6,25,310,2017,1,16,4,3,8,1,0,1,0,0,0,1,2,8.53798E+20,5.71339E+21,1.40941E+16,5.14608E+16
60476,,14,6,25,525,2017,1,14,4,3,5,3,0,1,0,0,1,0,0,8.82869E+20,5.67493E+21,1.44696E+16,5.10977E+16
60477,,14,6,25,60,2017,1,12,4,2,1,1,0,1,0,0,0,0,2,8.61956E+20,5.68357E+21,1.41808E+16,5.11886E+16
60478,,14,6,27,230,2017,1,14,4,3,5,3,0,1,0,0,0,0,2,7.99371E+20,5.69225E+21,1.32953E+16,5.13027E+16
60479,,14,6,27,340,2017,1,15,4,2,4,6,0,1,0,0,1,0,2,8.03777E+20,5.70054E+21,1.33654E+16,5.13746E+16
60480,,14,6,27,170,2017,1,20,4,2,4,1,0,1,0,0,0,2,2,8.21661E+20,5.68007E+21,1.36031E+16,5.11814E+16
60481,,14,6,27,10,2017,1,16,4,3,4,1,0,1,0,0,0,1,2,8.16029E+20,5.67478E+21,1.35181E+16,5.11371E+16
60482,,14,6,27,60,2017,1,17,4,3,5,2,0,1,0,0,0,2,2,8.15215E+20,5.69117E+21,1.35209E+16,5.12844E+16
60483,,14,6,12,0,2017,1,10,4,3,2,6,0,1,0,0,0,0,2,8.32682E+20,5.6663E+21,1.37475E+16,5.10516E+16
60484,,14,6,12,0,2017,1,5,4,3,2,6,0,0,0,0,1,2,0,8.25563E+20,5.66806E+21,1.36479E+16,5.10716E+16
60485,,14,6,27,180,2017,1,2,4,3,8,1,0,1,0,0,0,2,0,8.03185E+20,5.66301E+21,1.33252E+16,5.10384E+16
60486,,14,5,22,490,2017,1,14,4,3,2,6,0,1,0,0,0,0,2,7.65645E+20,5.66267E+21,1.27907E+16,5.1054E+16
60487,,14,5,22,540,2017,1,6,4,3,8,1,0,1,0,0,0,2,2,7.91314E+20,5.66115E+21,1.31548E+16,5.10279E+16
60488,,14,5,22,220,2017,1,11,4,3,5,3,0,1,0,0,0,0,2,7.83371E+20,5.67895E+21,1.30558E+16,5.11916E+16
60489,,14,5,21,530,2017,1,5,4,3,5,3,0,1,0,0,0,2,1,7.54176E+20,5.61265E+21,1.25927E+16,5.06102E+16
60490,,14,5,21,160,2017,1,16,4,3,2,1,0,1,0,0,0,1,2,7.80414E+20,5.61747E+21,1.29664E+16,5.06415E+16
60491,,14,5,23,280,2017,1,5,3,2,8,1,0,1,0,0,0,2,1,7.38446E+20,5.61597E+21,1.2373E+16,5.06467E+16
60492,,14,5,24,170,2017,1,15,3,2,4,7,0,1,0,0,1,0,1,7.42861E+20,5.62103E+21,1.24386E+16,5.06904E+16
60493,,14,7,30,310,2017,1,15,3,3,6,4,0,1,1,0,0,0,0,7.7543E+20,5.72043E+21,1.29746E+16,5.15675E+16
60494,,14,7,13,0,2017,1,8,3,3,5,3,1,1,0,0,0,0,2,7.33561E+20,5.69308E+21,1.23536E+16,5.13409E+16
60495,,14,7,30,70,2017,1,16,3,2,4,2,0,1,0,0,1,0,0,7.29361E+20,5.71673E+21,1.23087E+16,5.1555E+16
60496,,14,6,25,440,2017,1,11,3,2,8,1,0,1,0,0,0,0,0,8.63388E+20,5.6885E+21,1.42062E+16,5.12319E+16
60497,,14,6,25,250,2017,1,21,3,3,6,6,0,0,1,0,1,2,1,8.57339E+20,5.69175E+21,1.41232E+16,5.12649E+16
60498,,14,6,12,0,2017,1,15,3,3,2,6,0,1,0,0,0,0,1,8.37969E+20,5.66732E+21,1.38236E+16,5.10577E+16
60499,,14,5,22,440,2017,1,13,3,3,4,6,0,1,0,0,0,0,0,7.95201E+20,5.64736E+21,1.31989E+16,5.09023E+16
60500,,14,5,22,250,2017,1,14,3,3,3,5,1,1,0,0,0,0,2,7.78092E+20,5.66784E+21,1.29719E+16,5.10945E+16
60501,,14,5,22,250,2017,1,8,3,2,2,6,0,1,0,0,1,0,1,7.78194E+20,5.66771E+21,1.29732E+16,5.10933E+16
60502,,14,5,24,90,2017,1,17,2,3,8,1,0,1,0,0,0,2,1,7.6017E+20,5.61852E+21,1.26814E+16,5.06603E+16
60503,,14,5,23,20,2017,1,12,2,3,3,2,0,1,0,0,0,0,2,7.42411E+20,5.59965E+21,1.24183E+16,5.04986E+16
60504,,14,5,23,160,2017,1,19,2,3,9,1,0,1,0,0,0,2,2,7.45249E+20,5.58386E+21,1.24479E+16,5.03557E+16
60505,,14,5,24,250,2017,1,22,2,1,4,1,0,1,0,0,1,2,0,7.51225E+20,5.62399E+21,1.25588E+16,5.07133E+16
60506,,14,7,29,50,2017,1,14,2,2,1,6,0,1,0,0,0,0,1,7.44647E+20,5.66964E+21,1.24964E+16,5.11259E+16
60507,,14,7,29,50,2017,1,19,2,3,5,3,0,1,0,0,0,2,2,7.44927E+20,5.66972E+21,1.25005E+16,5.11265E+16
60508,,14,7,13,0,2017,1,6,2,3,4,2,0,1,0,0,0,2,1,7.34774E+20,5.69353E+21,1.23712E+16,5.13444E+16
60509,,14,7,29,270,2017,1,15,2,3,4,2,1,1,0,0,0,0,1,7.24776E+20,5.68873E+21,1.22249E+16,5.13054E+16
60510,,14,7,29,370,2017,1,15,2,3,2,6,0,1,0,0,1,0,0,7.4332E+20,5.67593E+21,1.24818E+16,5.11829E+16