OBJECTID,UIDENTSTLA,ULAND,UREGBEZ,UKREIS,UGEMEINDE,UJAHR,UMONAT,USTUNDE,UWOCHENTAG,UKATEGORIE,UART,UTYP1,IstRad,IstPKW,IstFuss,IstKrad,IstSonstig,LICHT,STRZUSTAND,LINREFX,LINREFY,XGCSWGS84,YGCSWGS84
60702,,14,7,30,340,2017,2,1,5,3,2,6,0,1,0,0,1,2,0,7.22854E+20,5.70868E+21,1.22099E+16,5.14853E+16
60703,,14,7,13,0,2017,2,22,5,3,2,6,0,0,0,0,1,2,1,7.31947E+20,5.70117E+21,1.23357E+16,5.14142E+16
60704,,14,7,30,140,2017,2,5,5,2,5,3,1,1,0,0,0,2,0,7.47661E+20,5.70287E+21,1.25625E+16,5.14229E+16
60705,,14,7,30,270,2017,2,16,5,3,5,3,0,1,0,0,0,0,0,7.24173E+20,5.69851E+21,1.22224E+16,5.13934E+16
60706,,14,7,29,270,2017,2,10,5,3,2,6,0,1,0,0,0,0,0,7.2381E+20,5.68986E+21,1.22118E+16,5.13159E+16
60707,,14,6,28,60,2017,3,7,5,3,8,6,0,1,0,0,0,0,1,8.24196E+20,5.64005E+21,1.36035E+16,5.08212E+16
60708,,14,7,13,0,2017,2,15,5,3,6,4,0,0,1,0,1,0,0,7.35379E+20,5.69354E+21,1.23799E+16,5.13443E+16
60709,,14,5,22,510,2017,3,8,6,3,8,1,0,1,0,0,0,0,1,7.90165E+20,5.66586E+21,1.31422E+16,5.10708E+16
60710,,14,6,26,610,2017,2,22,5,3,5,3,0,1,0,0,0,2,0,9.09193E+20,5.65491E+21,1.48211E+16,5.09004E+16
60711,,14,6,25,525,2017,2,10,5,3,2,6,0,1,0,0,0,0,0,8.79977E+20,5.67397E+21,1.44275E+16,5.1091E+16
60712,,14,6,28,270,2017,2,8,5,3,5,3,1,1,0,0,0,0,0,8.46141E+20,5.65509E+21,1.39282E+16,5.09432E+16
60713,,14,5,23,430,2017,2,13,4,3,5,3,0,1,0,0,0,0,0,7.33978E+20,5.60413E+21,1.23024E+16,5.05423E+16
60714,,14,7,30,300,2017,2,11,4,3,3,6,0,1,0,0,1,0,0,7.45245E+20,5.69998E+21,1.25258E+16,5.13979E+16
60715,,14,6,27,140,2017,2,15,2,3,3,2,1,1,0,0,0,0,0,8.13619E+20,5.67777E+21,1.34864E+16,5.11652E+16
60716,,14,6,12,0,2017,2,15,2,3,4,2,0,1,0,0,1,0,0,8.30104E+20,5.67144E+21,1.37156E+16,5.10992E+16
60717,,14,6,12,0,2017,2,7,2,3,2,6,0,1,0,0,0,0,0,8.2959E+20,5.6672E+21,1.37044E+16,5.10615E+16
60718,,14,7,30,110,2017,2,12,4,2,8,1,0,0,0,1,0,0,0,7.543E+20,5.70788E+21,1.26613E+16,5.14649E+16
60719,,14,7,13,0,2017,3,21,4,3,0,3,1,1,0,0,0,2,0,7.28897E+20,5.69865E+21,1.22903E+16,5.13929E+16
60720,,14,6,12,0,2017,2,16,2,3,5,2,1,0,0,0,1,0,0,8.28833E+20,5.6671E+21,1.36935E+16,5.10611E+16
60721,,14,7,13,0,2017,2,1,4,3,2,6,0,1,0,0,0,2,0,7.36997E+20,5.69138E+21,1.24017E+16,5.13242E+16
60722,,14,7,29,60,2017,2,8,4,3,5,3,1,1,0,0,0,0,1,7.46432E+20,5.69554E+21,1.25397E+16,5.13576E+16
60723,,14,6,12,0,2017,2,6,2,3,3,6,0,1,0,0,1,2,1,8.32212E+20,5.67497E+21,1.37488E+16,5.11296E+16
60724,,14,7,13,0,2017,2,10,4,2,2,6,0,1,0,0,1,0,0,7.40116E+20,5.69795E+21,1.24508E+16,5.1382E+16
60725,,14,7,29,430,2017,2,14,4,3,2,6,0,0,0,0,1,0,1,7.3336E+20,5.68259E+21,1.23438E+16,5.12469E+16
60726,,14,5,21,380,2017,2,17,2,3,8,7,1,0,0,0,0,0,0,7.64544E+20,5.62794E+21,1.27499E+16,5.07429E+16
60727,,14,7,30,140,2017,2,16,4,3,2,2,0,1,0,0,0,0,0,7.46705E+20,5.70206E+21,1.25482E+16,5.1416E+16
60728,,14,7,29,170,2017,2,15,4,2,3,6,1,1,0,0,0,0,0,7.33343E+20,5.66859E+21,1.23345E+16,5.11211E+16
60729,,14,7,29,220,2017,2,17,4,3,9,7,0,1,0,0,0,2,0,7.46436E+20,5.67466E+21,1.25254E+16,5.11702E+16
60730,,14,6,26,610,2017,2,14,4,3,5,3,0,1,0,0,1,0,0,9.06714E+20,5.65457E+21,1.47856E+16,5.08991E+16
60731,,14,6,26,245,2017,2,15,4,3,4,6,0,1,0,0,0,0,0,8.97401E+20,5.6626E+21,1.46626E+16,5.09775E+16
60732,,14,6,26,60,2017,2,12,4,2,8,1,0,0,0,1,0,0,0,8.9073E+20,5.70711E+21,1.46164E+16,5.13804E+16
60733,,14,6,26,600,2017,2,12,4,3,4,2,1,1,0,0,0,0,0,8.91447E+20,5.72113E+21,1.46421E+16,5.15053E+16
60734,,14,6,25,640,2017,2,10,4,3,5,3,0,1,0,0,0,0,0,8.64146E+20,5.70545E+21,1.42343E+16,5.13832E+16
60735,,14,6,25,240,2017,2,10,4,3,9,1,0,1,0,0,0,0,0,8.60447E+20,5.70924E+21,1.41853E+16,5.14195E+16
60736,,14,6,25,40,2017,2,11,4,3,4,6,0,1,1,0,1,0,0,8.60007E+20,5.67519E+21,1.41447E+16,5.11149E+16
60737,,14,5,11,0,2017,3,10,5,3,2,3,0,1,0,0,1,0,0,7.76572E+20,5.63413E+21,1.29246E+16,5.07928E+16
60738,,14,6,25,270,2017,2,10,4,3,5,3,0,1,0,0,0,0,0,8.4254E+20,5.69122E+21,1.39114E+16,5.12691E+16
60739,,14,6,28,190,2017,2,15,4,3,8,1,0,1,0,0,0,0,0,8.5635E+20,5.66296E+21,1.40806E+16,5.10076E+16
60740,,14,6,28,10,2017,2,16,4,2,9,1,0,1,0,0,0,0,0,8.3307E+20,5.64006E+21,1.37291E+16,5.08163E+16
60741,,14,5,21,495,2017,2,6,4,2,6,6,0,0,1,1,0,2,0,7.95262E+20,5.62649E+21,1.3183E+16,5.07151E+16
60742,,14,5,22,230,2017,2,6,2,3,3,6,0,1,0,0,0,0,0,7.87748E+20,5.65497E+21,1.30992E+16,5.09743E+16
60743,,14,5,22,80,2017,2,17,2,2,5,3,1,1,0,0,0,0,0,7.87532E+20,5.67134E+21,1.31091E+16,5.11213E+16
60744,,14,5,11,0,2017,2,19,2,2,5,3,1,1,0,0,0,1,0,7.76244E+20,5.63843E+21,1.29232E+16,5.08316E+16
60745,,14,5,22,180,2017,2,15,4,2,6,4,0,1,1,0,0,0,0,8.03492E+20,5.64854E+21,1.33175E+16,5.09086E+16
60746,,14,7,13,0,2017,3,17,5,3,5,3,0,1,0,0,0,0,0,7.2812E+20,5.69104E+21,1.22743E+16,5.13249E+16
60747,,14,5,22,530,2017,2,15,4,2,4,1,0,1,0,0,0,0,0,7.66266E+20,5.66044E+21,1.27979E+16,5.10337E+16
60748,,14,6,26,600,2017,3,11,6,3,2,6,0,1,0,1,0,0,0,8.91426E+20,5.72109E+21,1.46418E+16,5.1505E+16
60749,,14,5,23,320,2017,2,15,3,3,5,3,0,1,0,0,0,0,0,7.22381E+20,5.59971E+21,1.21364E+16,5.05071E+16
60750,,14,5,23,120,2017,2,8,3,3,2,6,0,1,0,0,1,0,0,7.39467E+20,5.59775E+21,1.23757E+16,5.04828E+16
60751,,14,5,23,20,2017,2,15,3,3,4,2,0,1,0,0,1,0,0,7.39719E+20,5.60224E+21,1.23821E+16,5.05229E+16
60752,,14,7,29,430,2017,2,21,3,2,6,6,0,0,1,0,1,2,0,7.3052E+20,5.67822E+21,1.23004E+16,5.12087E+16
60753,,14,7,13,0,2017,2,22,3,3,8,1,0,1,0,0,0,2,1,7.29413E+20,5.69805E+21,1.22973E+16,5.13873E+16
60754,,14,5,11,0,2017,2,18,2,2,3,5,1,1,0,0,0,2,0,7.78796E+20,5.63836E+21,1.29593E+16,5.08297E+16
60755,,14,5,21,340,2017,2,21,2,2,5,3,0,1,0,0,0,2,0,7.85563E+20,5.60489E+21,1.30293E+16,5.05262E+16
60756,,14,7,29,410,2017,2,14,3,3,5,3,0,1,0,0,0,0,0,7.59301E+20,5.6978E+21,1.27258E+16,5.13721E+16
60757,,14,7,29,430,2017,2,7,3,3,2,6,0,1,0,0,1,1,1,7.32015E+20,5.6774E+21,1.23212E+16,5.12008E+16
60758,,14,7,30,330,2017,2,12,3,3,2,6,0,0,0,0,1,0,1,7.78641E+20,5.68794E+21,1.29953E+16,5.12746E+16
60759,,14,6,25,330,2017,2,15,3,3,2,6,0,1,0,0,0,0,0,8.69452E+20,5.70411E+21,1.43089E+16,5.13678E+16
60760,,14,6,25,40,2017,2,16,3,3,5,3,0,1,0,0,0,0,0,8.61487E+20,5.67602E+21,1.41666E+16,5.11214E+16
60761,,14,6,25,490,2017,2,15,3,3,5,3,0,1,0,0,0,0,0,8.78786E+20,5.69417E+21,1.44318E+16,5.12727E+16
60762,,14,6,26,520,2017,2,16,3,3,2,6,0,1,0,0,1,0,0,9.13794E+20,5.6908E+21,1.49272E+16,5.12182E+16
60763,,14,6,28,60,2017,2,17,3,2,0,7,1,0,0,0,0,1,1,8.28974E+20,5.64688E+21,1.36773E+16,5.08798E+16
60764,,14,6,12,0,2017,2,19,3,3,5,3,0,1,0,0,0,2,0,8.28558E+20,5.66968E+21,1.3692E+16,5.10844E+16
60765,,14,6,12,0,2017,2,6,3,3,5,3,1,1,0,0,0,2,0,8.32203E+20,5.66772E+21,1.3742E+16,5.10647E+16
60766,,14,6,28,410,2017,2,9,3,3,2,6,0,1,0,0,1,0,0,8.12901E+20,5.66599E+21,1.34659E+16,5.106E+16
60767,,14,6,12,0,2017,2,9,3,3,3,6,0,1,0,0,1,0,0,8.32212E+20,5.67497E+21,1.37488E+16,5.11296E+16
60768,,14,6,27,140,2017,2,18,3,2,5,3,0,1,0,0,1,2,0,8.13738E+20,5.67792E+21,1.34882E+16,5.11665E+16
60769,,14,5,22,180,2017,2,16,3,3,0,3,1,1,0,0,0,0,1,8.04828E+20,5.6486E+21,1.33365E+16,5.09084E+16
60770,,14,5,22,180,2017,2,18,3,3,5,2,1,1,0,0,0,2,1,8.04953E+20,5.64813E+21,1.33379E+16,5.09042E+16
60771,,14,5,22,330,2017,2,14,3,3,2,6,0,1,0,0,1,0,0,7.80794E+20,5.64775E+21,1.29948E+16,5.0913E+16
60772,,14,5,22,200,2017,2,14,3,3,4,2,0,1,0,0,1,0,0,8.04614E+20,5.63394E+21,1.33213E+16,5.07771E+16
60773,,14,5,21,240,2017,2,5,3,2,4,1,0,1,0,0,0,2,1,7.89374E+20,5.62619E+21,1.30996E+16,5.07154E+16
60774,,14,6,25,200,2017,3,18,5,3,2,6,0,1,0,0,0,2,1,8.50111E+20,5.679E+21,1.40076E+16,5.11551E+16
60775,,14,5,23,450,2017,2,11,1,3,8,1,0,1,0,0,0,0,0,7.19681E+20,5.59229E+21,1.2094E+16,5.04415E+16
60776,,14,7,13,0,2017,2,20,1,3,5,3,0,1,0,0,0,1,0,7.35854E+20,5.69371E+21,1.23869E+16,5.13457E+16
60777,,14,6,26,60,2017,2,19,1,2,9,7,0,1,0,0,0,1,0,8.90861E+20,5.70756E+21,1.46188E+16,5.13843E+16
60778,,14,7,30,300,2017,3,11,4,3,5,3,0,1,0,0,1,0,1,7.43871E+20,5.69788E+21,1.25046E+16,5.13797E+16
60779,,14,6,25,610,2017,2,12,1,2,8,1,0,0,0,1,0,0,0,8.94543E+20,5.68632E+21,1.4648E+16,5.11917E+16
60780,,14,6,28,10,2017,2,13,1,3,5,3,0,1,0,0,0,0,0,8.35857E+20,5.63426E+21,1.37632E+16,5.07626E+16
60781,,14,7,30,45,2017,2,8,2,3,5,3,1,1,0,0,0,0,0,7.7283E+20,5.70815E+21,1.29277E+16,5.14587E+16
60782,,14,7,29,340,2017,2,7,2,2,1,5,0,1,0,0,0,0,0,7.52815E+20,5.68533E+21,1.2624E+16,5.12631E+16
60783,,14,7,13,0,2017,2,13,2,2,8,1,0,1,0,0,0,0,0,7.28806E+20,5.68412E+21,1.22797E+16,5.12624E+16
60784,,14,7,13,0,2017,2,16,2,3,5,3,1,1,0,0,0,0,0,7.36068E+20,5.70092E+21,1.23947E+16,5.14103E+16
60785,,14,7,29,300,2017,2,18,2,3,5,2,0,1,0,0,1,2,0,7.50884E+20,5.69003E+21,1.25997E+16,5.13062E+16
60786,,14,7,29,160,2017,2,15,2,3,5,3,0,1,0,0,0,0,0,7.6194E+20,5.67763E+21,1.27489E+16,5.119E+16
60787,,14,6,28,360,2017,2,13,2,3,0,7,0,0,0,1,0,0,1,8.68927E+20,5.65947E+21,1.42556E+16,5.09684E+16
60788,,14,6,28,270,2017,2,10,2,3,1,5,1,0,0,0,1,0,0,8.466E+20,5.65605E+21,1.39356E+16,5.09516E+16
60789,,14,6,28,300,2017,2,7,2,3,4,1,0,1,0,0,0,0,0,8.29196E+20,5.65445E+21,1.36872E+16,5.09474E+16
60790,,14,6,28,300,2017,2,8,2,3,2,6,0,1,0,0,0,0,0,8.30052E+20,5.6548E+21,1.36997E+16,5.09501E+16
60791,,14,6,12,0,2017,2,8,2,3,3,1,0,1,0,0,0,0,2,8.31249E+20,5.66716E+21,1.37279E+16,5.10602E+16
60792,,14,5,22,60,2017,2,10,1,3,5,3,1,1,0,0,0,0,0,7.69758E+20,5.64991E+21,1.28398E+16,5.09376E+16
60793,,14,6,12,0,2017,2,14,2,3,5,3,0,1,0,0,1,0,0,8.34267E+20,5.66294E+21,1.3767E+16,5.10206E+16
60794,,14,6,12,0,2017,2,22,2,2,0,1,0,0,0,1,0,2,1,8.37226E+20,5.66795E+21,1.38137E+16,5.10638E+16
60795,,14,5,22,230,2017,2,6,1,2,2,7,0,1,0,0,1,1,0,7.86039E+20,5.65339E+21,1.30737E+16,5.09609E+16
60796,,14,6,12,0,2017,2,7,2,3,5,3,0,1,0,0,0,0,0,8.32279E+20,5.66568E+21,1.37412E+16,5.10463E+16
60797,,14,5,22,260,2017,2,9,1,3,9,1,0,1,0,0,0,0,0,7.66112E+20,5.64341E+21,1.27833E+16,5.0881E+16
60798,,14,6,12,0,2017,2,18,2,3,3,6,0,1,0,0,1,2,0,8.32194E+20,5.67482E+21,1.37484E+16,5.11283E+16
60799,,14,6,28,380,2017,2,18,2,3,2,6,0,1,0,0,0,2,0,8.54033E+20,5.6692E+21,1.40538E+16,5.10649E+16
60800,,14,5,21,620,2017,2,7,2,3,4,2,0,1,0,0,0,0,0,7.71758E+20,5.62364E+21,1.28488E+16,5.07009E+16
60801,,14,5,21,550,2017,2,11,2,3,2,6,0,1,0,0,0,0,0,7.67532E+20,5.60223E+21,1.27736E+16,5.05108E+16
60802,,14,5,21,550,2017,2,10,2,3,2,6,0,1,0,0,0,0,0,7.68299E+20,5.60629E+21,1.27873E+16,5.05469E+16
60803,,14,5,11,0,2017,2,9,2,3,2,6,0,1,0,0,0,0,0,7.7437E+20,5.64018E+21,1.2898E+16,5.08481E+16
60804,,14,5,24,190,2017,2,15,1,2,9,7,0,1,0,0,0,0,0,7.44014E+20,5.63832E+21,1.24664E+16,5.0845E+16
60805,,14,5,23,20,2017,2,14,1,3,5,2,0,1,0,0,0,0,0,7.43137E+20,5.59892E+21,1.24281E+16,5.04917E+16
60806,,14,6,28,360,2017,2,12,1,3,4,1,0,1,0,0,0,0,0,8.73252E+20,5.65534E+21,1.43127E+16,5.09287E+16
60807,,14,6,28,40,2017,2,6,1,3,5,3,0,1,0,0,0,1,0,8.44158E+20,5.64995E+21,1.38952E+16,5.08984E+16
60808,,14,5,23,320,2017,2,4,7,3,9,1,0,1,0,0,0,2,2,7.26767E+20,5.59917E+21,1.21978E+16,5.05005E+16
60809,,14,5,23,320,2017,2,10,7,3,5,3,0,1,0,0,0,0,2,7.21876E+20,5.59795E+21,1.21282E+16,5.04914E+16
60810,,14,6,26,290,2017,2,17,7,3,5,2,0,1,0,0,0,2,0,8.95163E+20,5.6775E+21,1.46471E+16,5.11124E+16
60811,,14,6,26,460,2017,2,20,7,3,8,1,0,1,0,0,0,2,0,9.03896E+20,5.71011E+21,1.4808E+16,5.1398E+16
60812,,14,5,22,440,2017,2,1,1,2,9,1,0,1,0,0,0,2,0,7.93719E+20,5.6429E+21,1.31743E+16,5.08631E+16
60813,,14,5,21,670,2017,2,19,1,1,4,1,0,1,0,0,0,2,0,7.91698E+20,5.62137E+21,1.31286E+16,5.0671E+16
60814,,14,5,24,330,2017,2,12,7,3,2,6,0,1,0,0,0,0,0,7.46695E+20,5.62362E+21,1.24945E+16,5.07119E+16
60815,,14,5,11,0,2017,3,14,4,2,2,6,0,1,0,0,1,0,0,7.68577E+20,5.64148E+21,1.28168E+16,5.08625E+16
60816,,14,6,25,360,2017,3,11,4,3,2,1,0,1,0,0,1,0,0,8.73985E+20,5.6908E+21,1.43598E+16,5.12456E+16
60817,,14,6,25,640,2017,2,14,7,3,4,6,0,1,0,0,1,0,0,8.64285E+20,5.70296E+21,1.42338E+16,5.13608E+16
60818,,14,5,22,80,2017,2,14,7,3,8,3,0,0,0,0,1,0,0,7.86519E+20,5.67056E+21,1.30941E+16,5.11147E+16
60819,,14,5,23,320,2017,2,15,7,3,2,6,0,1,0,0,0,0,0,7.232E+20,5.59607E+21,1.21457E+16,5.04741E+16
60820,,14,5,22,380,2017,2,8,7,3,8,1,0,1,0,0,0,0,2,7.64084E+20,5.64393E+21,1.27549E+16,5.08866E+16
60821,,14,7,30,310,2017,2,7,7,3,9,1,0,1,0,0,0,0,2,7.72183E+20,5.71698E+21,1.29252E+16,5.15381E+16
60822,,14,5,11,0,2017,2,15,7,3,0,7,0,0,1,0,1,0,0,7.76255E+20,5.63844E+21,1.29234E+16,5.08317E+16
60823,,14,5,22,20,2017,2,13,7,3,8,1,0,1,0,0,0,0,0,7.88345E+20,5.63879E+21,1.30949E+16,5.08289E+16
60824,,14,5,24,330,2017,2,12,6,3,2,6,0,1,0,0,0,0,0,7.46585E+20,5.62268E+21,1.24923E+16,5.07035E+16
60825,,14,5,24,320,2017,2,8,6,3,5,3,0,1,0,0,0,0,0,7.49297E+20,5.61942E+21,1.25285E+16,5.06732E+16
60826,,14,5,23,300,2017,2,9,6,3,5,3,1,1,0,0,0,0,0,7.23739E+20,5.58931E+21,1.21493E+16,5.04131E+16
60827,,14,5,23,20,2017,2,11,6,2,5,3,0,1,0,0,0,0,1,7.43747E+20,5.59763E+21,1.24358E+16,5.04799E+16
60828,,14,7,29,300,2017,2,11,6,3,5,2,1,1,0,0,0,0,0,7.50259E+20,5.68699E+21,1.25886E+16,5.12792E+16
60829,,14,7,29,220,2017,2,14,6,2,5,3,0,1,0,0,0,0,0,7.47212E+20,5.67203E+21,1.25347E+16,5.11462E+16
60830,,14,7,29,40,2017,2,19,6,3,3,2,0,1,0,0,0,2,1,7.35719E+20,5.67993E+21,1.23758E+16,5.1222E+16
60831,,14,7,13,0,2017,2,7,6,3,2,6,0,1,0,0,1,0,0,7.36639E+20,5.69571E+21,1.23994E+16,5.13633E+16
60832,,14,7,29,70,2017,2,17,6,3,3,6,0,1,0,0,0,0,0,7.50273E+20,5.69005E+21,1.25909E+16,5.13066E+16
60833,,14,7,30,150,2017,2,10,6,3,5,3,0,1,0,0,0,0,0,7.43085E+20,5.70619E+21,1.2499E+16,5.14546E+16
60834,,14,6,26,140,2017,2,6,6,2,6,6,0,0,1,0,1,2,0,8.98112E+20,5.65044E+21,1.46594E+16,5.08682E+16
60835,,14,5,24,160,2017,3,15,6,2,8,1,0,0,0,1,0,0,0,7.57192E+20,5.62882E+21,1.26465E+16,5.07541E+16
60836,,14,7,30,160,2017,2,8,7,2,9,1,0,1,0,0,0,0,1,7.50773E+20,5.72113E+21,1.26201E+16,5.15853E+16
60837,,14,7,30,20,2017,2,7,7,3,9,1,0,1,0,0,0,0,2,7.4641E+20,5.71997E+21,1.25564E+16,5.15768E+16
60838,,14,6,27,230,2017,2,6,6,3,5,3,1,1,0,0,0,2,0,7.99288E+20,5.693E+21,1.32947E+16,5.13095E+16
60839,,14,5,21,50,2017,2,14,7,2,2,6,0,1,0,0,0,0,0,7.58887E+20,5.61155E+21,1.26584E+16,5.05983E+16
60840,,14,5,22,380,2017,2,10,7,3,8,1,0,1,0,0,0,0,0,7.63349E+20,5.64463E+21,1.2745E+16,5.08932E+16
60841,,14,5,22,300,2017,2,7,7,2,8,1,0,1,0,0,0,0,0,7.87127E+20,5.66164E+21,1.30957E+16,5.10344E+16
60842,,14,5,21,640,2017,2,14,7,2,8,1,0,1,0,0,0,0,0,7.78414E+20,5.62248E+21,1.29419E+16,5.06874E+16
60843,,14,6,27,230,2017,3,16,4,3,5,3,0,1,0,0,1,0,1,7.95762E+20,5.69391E+21,1.3245E+16,5.13194E+16
60844,,14,7,13,0,2017,3,6,4,3,5,3,1,1,0,0,0,2,1,7.36065E+20,5.69382E+21,1.239E+16,5.13466E+16
60845,,14,5,23,190,2017,2,4,6,3,0,7,0,1,0,0,0,2,1,7.32073E+20,5.60952E+21,1.22789E+16,5.05914E+16
60846,,14,6,28,160,2017,2,7,6,2,6,2,0,1,1,0,0,0,0,8.4195E+20,5.65786E+21,1.38713E+16,5.09706E+16
60847,,14,6,28,270,2017,2,8,6,3,9,1,0,1,0,0,0,0,1,8.49879E+20,5.65326E+21,1.39794E+16,5.09246E+16
60848,,14,6,27,140,2017,2,23,6,3,8,1,0,1,0,0,0,2,1,8.1238E+20,5.67685E+21,1.34679E+16,5.11577E+16
60849,,14,6,12,0,2017,2,6,6,3,3,6,0,1,0,0,1,1,0,8.24369E+20,5.66979E+21,1.36324E+16,5.10877E+16
60850,,14,5,22,110,2017,2,13,6,3,9,1,0,1,0,0,0,0,1,7.97043E+20,5.63775E+21,1.32173E+16,5.08151E+16
60851,,14,5,22,110,2017,2,21,6,3,8,1,0,1,0,0,0,2,2,8.02256E+20,5.63364E+21,1.32877E+16,5.07756E+16
60852,,14,5,22,190,2017,2,21,6,3,5,2,0,1,0,0,0,2,1,7.73381E+20,5.66561E+21,1.29031E+16,5.10768E+16
60853,,14,5,22,120,2017,2,13,6,2,5,3,0,1,0,0,1,0,0,7.76872E+20,5.66128E+21,1.29495E+16,5.10363E+16
60854,,14,7,30,300,2017,3,16,5,3,5,3,0,1,0,0,0,0,0,7.43026E+20,5.69783E+21,1.24925E+16,5.13796E+16
60855,,14,6,12,0,2017,3,12,6,3,6,4,0,1,1,0,0,0,0,8.30814E+20,5.66591E+21,1.37206E+16,5.10493E+16
60856,,14,5,23,320,2017,2,13,5,3,4,2,0,1,0,0,0,0,0,7.22419E+20,5.59968E+21,1.21369E+16,5.05068E+16
60857,,14,5,24,320,2017,2,17,5,3,5,3,0,1,0,1,0,0,0,7.48191E+20,5.61938E+21,1.25128E+16,5.06733E+16
60858,,14,5,24,90,2017,2,6,5,3,5,2,0,1,0,0,0,2,0,7.6124E+20,5.62194E+21,1.26989E+16,5.06905E+16
60859,,14,7,13,0,2017,2,22,5,2,5,3,0,1,0,0,0,2,0,7.37761E+20,5.69034E+21,1.24119E+16,5.13146E+16
60860,,14,6,25,250,2017,2,13,5,3,4,6,0,1,0,0,0,0,0,8.56003E+20,5.6935E+21,1.41059E+16,5.12813E+16
60861,,14,6,26,110,2017,2,19,5,3,6,4,0,1,1,0,0,2,0,9.18586E+20,5.68086E+21,1.49838E+16,5.11258E+16
60862,,14,6,25,200,2017,2,8,5,3,7,7,0,1,0,0,1,0,0,8.49616E+20,5.6789E+21,1.40004E+16,5.11545E+16
60863,,14,6,25,600,2017,2,10,5,3,9,1,0,1,0,0,0,0,0,8.4498E+20,5.6792E+21,1.39347E+16,5.116E+16
60864,,14,6,28,270,2017,2,22,5,3,7,7,0,1,0,0,0,2,0,8.46009E+20,5.66012E+21,1.39311E+16,5.09884E+16
60865,,14,6,28,10,2017,2,17,5,3,8,1,0,1,0,0,0,2,2,8.32995E+20,5.63506E+21,1.37235E+16,5.07715E+16
60866,,14,6,27,210,2017,2,11,5,2,6,4,0,1,1,0,0,0,0,8.28679E+20,5.67098E+21,1.36949E+16,5.10959E+16
60867,,14,5,23,430,2017,2,23,6,2,8,6,0,1,0,0,1,2,1,7.33671E+20,5.60515E+21,1.22987E+16,5.05515E+16
60868,,14,5,11,0,2017,2,8,3,3,2,6,0,1,0,0,0,0,0,7.76674E+20,5.63282E+21,1.29251E+16,5.0781E+16
60869,,14,6,27,180,2017,3,17,4,2,8,1,0,1,0,0,0,0,1,8.06324E+20,5.66487E+21,1.33714E+16,5.10535E+16
60870,,14,6,25,250,2017,3,16,4,3,2,6,0,1,0,0,0,0,1,8.55247E+20,5.69178E+21,1.40934E+16,5.12664E+16
60871,,14,5,11,0,2017,2,5,5,3,8,1,0,1,0,0,0,0,0,7.83704E+20,5.63773E+21,1.30284E+16,5.08217E+16
60872,,14,5,11,0,2017,2,6,5,3,3,6,0,1,0,0,0,2,0,7.77017E+20,5.63961E+21,1.29351E+16,5.08417E+16
60873,,14,5,24,90,2017,2,13,4,3,5,3,0,1,0,0,0,0,0,7.58698E+20,5.61907E+21,1.2661E+16,5.06659E+16
60874,,14,5,23,10,2017,2,17,4,3,5,3,0,1,0,0,0,1,0,7.32519E+20,5.57921E+21,1.22664E+16,5.03191E+16
60875,,14,7,29,190,2017,2,9,4,3,3,6,0,1,0,0,1,0,0,7.41657E+20,5.68469E+21,1.24639E+16,5.12622E+16
60876,,14,6,25,230,2017,2,15,4,2,3,6,0,1,0,0,0,0,0,8.8626E+20,5.67954E+21,1.45227E+16,5.11367E+16
60877,,14,6,28,260,2017,2,20,4,2,4,1,0,1,0,0,0,2,0,8.67836E+20,5.66154E+21,1.42422E+16,5.09876E+16
60878,,14,6,27,260,2017,2,15,4,1,4,1,0,1,0,0,0,0,0,7.9643E+20,5.68735E+21,1.32491E+16,5.12603E+16
60879,,14,5,22,490,2017,2,14,4,3,5,2,1,1,0,0,0,0,0,7.66922E+20,5.66161E+21,1.28081E+16,5.10439E+16
60880,,14,5,21,390,2017,2,20,4,3,0,7,0,1,0,0,0,2,2,7.93437E+20,5.62204E+21,1.31537E+16,5.06761E+16
60881,,14,5,21,20,2017,2,14,4,3,9,1,0,1,0,0,0,0,0,7.83122E+20,5.60938E+21,1.29984E+16,5.05676E+16
60882,,14,5,22,500,2017,2,23,4,3,9,1,0,1,0,0,0,2,1,7.84513E+20,5.65618E+21,1.30542E+16,5.09868E+16
60883,,14,5,21,30,2017,2,8,4,2,5,3,0,1,0,0,0,0,1,7.6311E+20,5.61087E+21,1.27175E+16,5.05903E+16
60884,,14,5,23,460,2017,2,9,3,3,5,3,0,1,0,0,1,0,1,7.32395E+20,5.59275E+21,1.2273E+16,5.04407E+16
60885,,14,7,29,370,2017,2,7,3,3,5,3,0,1,0,0,1,0,1,7.38679E+20,5.6775E+21,1.24165E+16,5.1199E+16
60886,,14,7,13,0,2017,2,16,3,3,2,6,0,1,0,0,0,0,0,7.35036E+20,5.69353E+21,1.2375E+16,5.13444E+16
60887,,14,7,13,0,2017,2,5,3,2,4,2,0,1,0,0,0,2,1,7.36145E+20,5.70151E+21,1.23962E+16,5.14155E+16
60888,,14,7,29,70,2017,2,16,3,3,5,3,0,1,0,0,0,0,0,7.50261E+20,5.69223E+21,1.25923E+16,5.13262E+16
60889,,14,6,26,110,2017,2,14,3,3,2,6,0,1,0,0,0,0,0,9.16151E+20,5.68759E+21,1.4957E+16,5.11877E+16
60890,,14,6,12,0,2017,2,7,3,3,2,6,0,1,0,0,0,0,0,8.36487E+20,5.66036E+21,1.37961E+16,5.09962E+16
60891,,14,6,12,0,2017,2,7,3,3,5,2,1,1,0,0,0,2,1,8.34588E+20,5.66818E+21,1.37764E+16,5.10674E+16