OBJECTID,UIDENTSTLA,ULAND,UREGBEZ,UKREIS,UGEMEINDE,UJAHR,UMONAT,USTUNDE,UWOCHENTAG,UKATEGORIE,UART,UTYP1,IstRad,IstPKW,IstFuss,IstKrad,IstSonstig,LICHT,STRZUSTAND,LINREFX,LINREFY,XGCSWGS84,YGCSWGS84
60892,,14,6,28,410,2017,2,21,3,3,5,3,0,1,0,0,1,2,0,8.2229E+20,5.66408E+21,1.35978E+16,5.10376E+16
60893,,14,6,12,0,2017,2,8,3,3,5,2,1,1,0,0,0,0,2,8.32005E+20,5.66766E+21,1.37391E+16,5.10643E+16
60894,,14,5,22,450,2017,2,11,3,3,5,3,0,1,0,0,0,0,1,7.84556E+20,5.67976E+21,1.30734E+16,5.11982E+16
60895,,14,5,21,390,2017,3,10,7,2,4,6,0,1,0,0,0,0,0,7.9218E+20,5.61928E+21,1.31338E+16,5.06519E+16
60896,,14,5,21,550,2017,2,14,3,3,5,3,0,1,0,0,0,0,1,7.66214E+20,5.60702E+21,1.27585E+16,5.05544E+16
60897,,14,5,23,450,2017,2,5,3,2,4,2,0,1,0,0,0,2,1,7.19546E+20,5.59175E+21,1.20918E+16,5.04367E+16
60898,,14,6,25,630,2017,3,4,4,2,8,7,0,1,0,0,0,2,0,8.7768E+20,5.67539E+21,1.43963E+16,5.11052E+16
60899,,14,5,23,320,2017,3,6,4,3,1,7,0,1,0,0,0,0,1,7.21541E+20,5.59796E+21,1.21235E+16,5.04917E+16
60900,,14,5,24,250,2017,2,8,2,3,5,3,0,1,0,0,1,0,1,7.50476E+20,5.62057E+21,1.25459E+16,5.0683E+16
60901,,14,7,30,320,2017,2,20,2,3,9,1,0,1,0,0,0,2,2,7.63876E+20,5.72353E+21,1.28106E+16,5.16008E+16
60902,,14,7,29,190,2017,2,8,2,3,1,6,0,1,0,0,0,1,1,7.43506E+20,5.68536E+21,1.24908E+16,5.12675E+16
60903,,14,7,30,270,2017,2,13,2,2,3,2,0,1,0,0,1,0,1,7.24756E+20,5.69851E+21,1.22308E+16,5.13932E+16
60904,,14,7,29,260,2017,2,7,2,3,2,6,0,1,0,0,0,0,1,7.35934E+20,5.68552E+21,1.23826E+16,5.12721E+16
60905,,14,5,24,80,2017,2,8,3,2,4,2,0,1,0,1,0,0,1,7.48256E+20,5.63644E+21,1.25252E+16,5.08264E+16
60906,,14,6,25,40,2017,3,19,4,3,4,1,0,1,0,0,1,2,1,8.60294E+20,5.67473E+21,1.41483E+16,5.11105E+16
60907,,14,5,24,330,2017,3,15,4,3,1,6,0,1,0,0,0,0,0,7.4279E+20,5.62453E+21,1.24399E+16,5.07218E+16
60908,,14,7,29,60,2017,2,7,2,3,2,6,0,1,0,0,0,0,1,7.46385E+20,5.69563E+21,1.25391E+16,5.13584E+16
60909,,14,7,13,0,2017,2,8,2,2,9,1,0,1,0,1,0,0,1,7.36503E+20,5.69462E+21,1.23968E+16,5.13536E+16
60910,,14,6,26,180,2017,2,5,2,3,5,3,0,1,0,0,0,2,1,9.05827E+20,5.66376E+21,1.47833E+16,5.0982E+16
60911,,14,6,25,240,2017,2,9,2,3,1,7,0,1,0,0,0,0,1,8.59303E+20,5.70878E+21,1.41684E+16,5.14161E+16
60912,,14,6,12,0,2017,2,5,2,3,3,6,0,1,0,0,1,1,1,8.322E+20,5.67487E+21,1.37485E+16,5.11287E+16
60913,,14,6,27,180,2017,2,6,2,3,5,2,0,1,0,0,0,2,1,8.01043E+20,5.66266E+21,1.32944E+16,5.10364E+16
60914,,14,5,21,50,2017,2,18,2,3,6,4,0,0,1,0,1,2,1,7.59249E+20,5.61141E+21,1.26634E+16,5.05969E+16
60915,,14,5,21,530,2017,2,17,2,3,2,2,0,1,0,0,0,1,1,7.58283E+20,5.61106E+21,1.26496E+16,5.05942E+16
60916,,14,5,11,0,2017,2,13,2,3,2,6,0,1,0,0,0,0,2,7.75773E+20,5.63709E+21,1.29156E+16,5.08197E+16
60917,,14,5,23,320,2017,2,7,1,3,8,7,0,1,0,0,0,2,1,7.2105E+20,5.60104E+21,1.21184E+16,5.05195E+16
60918,,14,7,13,0,2017,2,10,1,3,5,2,0,1,0,0,0,0,1,7.2728E+20,5.69004E+21,1.22616E+16,5.13162E+16
60919,,14,6,26,245,2017,2,12,1,3,2,6,0,1,0,0,0,0,1,8.96242E+20,5.66416E+21,1.46479E+16,5.09922E+16
60920,,14,7,30,300,2017,3,15,5,3,6,2,0,1,1,0,0,0,0,7.43102E+20,5.69787E+21,1.24936E+16,5.13799E+16
60921,,14,6,28,270,2017,3,14,6,3,2,6,0,1,0,0,0,0,0,8.47594E+20,5.65414E+21,1.39479E+16,5.09339E+16
60922,,14,6,27,180,2017,2,21,1,2,8,1,0,1,0,0,0,2,1,8.03759E+20,5.6635E+21,1.33338E+16,5.10426E+16
60923,,14,5,22,70,2017,2,15,1,2,8,1,0,1,0,0,0,0,1,7.71637E+20,5.64769E+21,1.28648E+16,5.09168E+16
60924,,14,5,24,190,2017,2,13,7,2,6,4,0,1,1,0,0,0,0,7.4358E+20,5.63904E+21,1.24607E+16,5.08517E+16
60925,,14,7,13,0,2017,2,16,6,3,2,6,0,1,0,0,0,0,1,7.3585E+20,5.69371E+21,1.23868E+16,5.13457E+16
60926,,14,6,26,610,2017,2,12,6,3,2,6,0,1,0,0,1,0,0,9.09187E+20,5.65491E+21,1.4821E+16,5.09004E+16
60927,,14,6,25,470,2017,2,12,6,3,5,3,0,1,0,0,0,0,1,8.63536E+20,5.69132E+21,1.42112E+16,5.12571E+16
60928,,14,6,12,0,2017,2,17,3,3,1,6,0,1,0,0,0,0,0,8.28584E+20,5.66721E+21,1.36901E+16,5.10622E+16
60929,,14,6,12,0,2017,3,16,4,3,2,6,0,1,0,0,1,0,1,8.35273E+20,5.66829E+21,1.37862E+16,5.1068E+16
60930,,14,7,13,0,2017,3,9,4,3,2,6,0,1,0,0,1,0,1,7.36454E+20,5.69641E+21,1.23972E+16,5.13696E+16
60931,,14,5,23,90,2017,2,9,7,3,5,3,0,1,0,0,0,0,1,7.39881E+20,5.59771E+21,1.23815E+16,5.04822E+16
60932,,14,5,24,50,2017,2,15,7,3,5,3,0,1,0,0,0,0,0,7.43115E+20,5.63509E+21,1.24515E+16,5.08164E+16
60933,,14,6,25,40,2017,2,15,6,3,9,1,0,0,0,0,1,0,1,8.59119E+20,5.67483E+21,1.41317E+16,5.11121E+16
60934,,14,7,29,190,2017,2,8,7,3,8,1,0,1,0,0,0,0,2,7.42675E+20,5.68073E+21,1.24758E+16,5.12263E+16
60935,,14,6,25,20,2017,2,7,7,2,9,1,0,1,0,0,0,1,1,8.7608E+20,5.68356E+21,1.43821E+16,5.11794E+16
60936,,14,6,28,270,2017,2,7,7,2,9,1,0,1,0,0,0,0,1,8.4428E+20,5.65753E+21,1.39041E+16,5.09663E+16
60937,,14,6,27,180,2017,2,9,7,3,2,2,0,1,0,0,0,0,1,8.01797E+20,5.66513E+21,1.33072E+16,5.10582E+16
60938,,14,6,12,0,2017,2,14,7,3,6,4,0,1,1,0,0,0,0,8.30118E+20,5.66934E+21,1.37138E+16,5.10804E+16
60939,,14,6,12,0,2017,2,8,7,2,0,1,1,0,0,0,0,0,2,8.38986E+20,5.67526E+21,1.38455E+16,5.11283E+16
60940,,14,5,22,150,2017,2,12,7,3,8,6,0,1,0,1,0,0,0,7.89347E+20,5.64695E+21,1.31156E+16,5.09016E+16
60941,,14,5,23,320,2017,2,7,6,3,1,6,0,1,0,0,0,0,1,7.21517E+20,5.5984E+21,1.21234E+16,5.04956E+16
60942,,14,5,23,20,2017,2,12,6,3,5,3,0,1,0,0,0,0,1,7.3939E+20,5.60267E+21,1.23777E+16,5.05269E+16
60943,,14,5,24,330,2017,2,14,6,3,1,6,0,1,0,0,0,0,1,7.47248E+20,5.62329E+21,1.25021E+16,5.07088E+16
60944,,14,7,30,110,2017,2,12,6,3,3,2,1,0,0,0,1,0,0,7.54455E+20,5.70816E+21,1.26638E+16,5.14673E+16
60945,,14,6,27,140,2017,3,13,5,3,2,6,0,1,0,0,0,0,0,8.14069E+20,5.67718E+21,1.34923E+16,5.11597E+16
60946,,14,6,25,600,2017,2,15,6,3,2,6,0,1,0,0,0,0,1,8.42443E+20,5.68022E+21,1.38995E+16,5.11707E+16
60947,,14,5,22,80,2017,3,19,6,3,5,3,0,1,0,1,0,2,0,7.88585E+20,5.67087E+21,1.31238E+16,5.11165E+16
60948,,14,6,25,600,2017,2,15,6,3,2,6,0,1,0,0,0,0,1,8.42594E+20,5.68023E+21,1.39016E+16,5.11706E+16
60949,,14,5,21,30,2017,3,18,7,3,2,6,0,1,0,0,0,2,0,7.61739E+20,5.61054E+21,1.26979E+16,5.0588E+16
60950,,14,6,27,180,2017,2,14,6,3,5,3,0,1,0,0,0,0,0,8.01042E+20,5.66266E+21,1.32944E+16,5.10364E+16
60951,,14,5,21,450,2017,2,13,6,3,5,3,0,1,0,0,0,0,1,7.61108E+20,5.62603E+21,1.27E+16,5.07273E+16
60952,,14,5,21,340,2017,2,12,6,3,4,1,0,1,0,0,0,0,1,7.88536E+20,5.60546E+21,1.30716E+16,5.05298E+16
60953,,14,5,11,0,2017,2,16,6,3,2,6,0,1,0,0,0,0,1,7.71268E+20,5.63532E+21,1.28504E+16,5.0806E+16
60954,,14,5,23,10,2017,2,6,5,3,9,1,0,0,0,0,1,2,2,7.32041E+20,5.58236E+21,1.22617E+16,5.03475E+16
60955,,14,6,27,220,2017,2,15,6,2,2,6,0,1,0,0,0,0,1,8.32937E+20,5.67643E+21,1.37605E+16,5.11423E+16
60956,,14,6,25,410,2017,2,5,6,3,2,6,0,1,0,0,1,2,0,8.54639E+20,5.68104E+21,1.40741E+16,5.11706E+16
60957,,14,5,23,320,2017,2,12,5,3,1,6,0,1,0,0,0,0,1,7.22301E+20,5.59918E+21,1.21349E+16,5.05023E+16
60958,,14,5,24,80,2017,2,22,5,3,5,3,0,1,0,0,0,2,1,7.48015E+20,5.63595E+21,1.25215E+16,5.0822E+16
60959,,14,6,12,0,2017,3,17,6,2,3,6,0,1,0,1,0,0,0,8.30936E+20,5.66561E+21,1.37221E+16,5.10465E+16
60960,,14,5,21,50,2017,3,7,7,3,8,1,0,1,0,0,0,0,0,7.60145E+20,5.61396E+21,1.26779E+16,5.06194E+16
60961,,14,7,30,270,2017,2,10,5,3,4,2,0,1,0,0,0,0,1,7.23509E+20,5.69862E+21,1.2213E+16,5.13948E+16
60962,,14,7,13,0,2017,2,16,5,3,6,2,0,1,1,0,0,1,0,7.38696E+20,5.68927E+21,1.24246E+16,5.13046E+16
60963,,14,6,25,20,2017,2,15,5,3,5,3,1,1,0,0,0,0,0,8.78629E+20,5.68375E+21,1.44186E+16,5.11795E+16
60964,,14,5,24,280,2017,2,14,3,2,5,3,0,1,0,1,0,0,0,7.56057E+20,5.6322E+21,1.26328E+16,5.07849E+16
60965,,14,6,25,20,2017,3,19,4,3,4,2,0,1,0,0,0,2,1,8.76946E+20,5.68365E+21,1.43945E+16,5.11796E+16
60966,,14,6,27,210,2017,2,2,5,3,2,6,0,1,0,0,0,2,2,8.27486E+20,5.67168E+21,1.36785E+16,5.11029E+16
60967,,14,6,27,100,2017,2,15,5,3,3,6,0,1,0,0,1,0,0,8.11267E+20,5.66574E+21,1.34425E+16,5.10587E+16
60968,,14,6,28,270,2017,2,10,6,3,5,3,1,1,0,0,0,0,0,8.46961E+20,5.65602E+21,1.39407E+16,5.09511E+16
60969,,14,5,21,400,2017,2,9,5,3,4,1,0,1,0,0,1,0,1,7.86499E+20,5.61163E+21,1.30477E+16,5.05862E+16
60970,,14,5,23,320,2017,2,10,4,3,6,2,0,1,1,0,0,0,1,7.23649E+20,5.59824E+21,1.21534E+16,5.04934E+16
60971,,14,6,28,270,2017,2,9,6,3,3,6,1,1,0,0,0,0,0,8.4663E+20,5.65675E+21,1.39367E+16,5.09579E+16
60972,,14,7,29,400,2017,2,14,4,3,5,3,0,1,0,0,0,0,0,7.61289E+20,5.68858E+21,1.27475E+16,5.12885E+16
60973,,14,7,30,45,2017,2,15,4,3,3,2,0,1,0,0,1,0,0,7.73034E+20,5.70784E+21,1.29304E+16,5.14558E+16
60974,,14,7,30,270,2017,2,5,4,3,4,2,0,1,0,0,0,2,1,7.28401E+20,5.70163E+21,1.22851E+16,5.14198E+16
60975,,14,6,26,600,2017,2,10,4,3,4,2,0,1,0,0,0,0,1,8.9293E+20,5.71967E+21,1.46618E+16,5.14913E+16
60976,,14,6,25,170,2017,2,5,4,3,3,6,0,1,0,0,1,2,1,8.54897E+20,5.67239E+21,1.40692E+16,5.10929E+16
60977,,14,6,25,380,2017,2,10,4,3,6,2,0,0,1,0,1,0,1,8.72482E+20,5.6736E+21,1.43205E+16,5.10926E+16
60978,,14,6,28,160,2017,2,6,4,3,5,3,0,1,0,0,0,2,2,8.42338E+20,5.65535E+21,1.38745E+16,5.09479E+16
60979,,14,6,27,30,2017,2,7,4,2,9,1,0,1,0,0,0,0,2,8.23466E+20,5.68515E+21,1.36334E+16,5.12259E+16
60980,,14,6,28,20,2017,2,6,4,2,8,1,0,1,0,0,0,2,1,8.43711E+20,5.64328E+21,1.38826E+16,5.08389E+16
60981,,14,6,12,0,2017,2,5,4,3,4,1,0,1,0,0,1,2,2,8.24497E+20,5.66976E+21,1.36342E+16,5.10874E+16
60982,,14,5,22,450,2017,2,7,4,3,2,2,0,1,0,0,1,0,1,7.90402E+20,5.68142E+21,1.31582E+16,5.12102E+16
60983,,14,5,21,670,2017,3,20,5,3,8,6,0,1,0,0,0,2,1,7.89587E+20,5.62028E+21,1.3098E+16,5.06622E+16
60984,,14,5,21,30,2017,2,5,4,3,2,2,0,1,0,0,0,2,1,7.63406E+20,5.61085E+21,1.27217E+16,5.059E+16
60985,,14,5,21,450,2017,2,8,4,2,8,1,0,1,0,0,0,0,2,7.64548E+20,5.62365E+21,1.27469E+16,5.07044E+16
60986,,14,5,22,460,2017,2,15,4,2,5,3,0,1,0,0,0,0,1,7.59241E+20,5.65029E+21,1.26907E+16,5.09459E+16
60987,,14,5,24,300,2017,1,15,3,3,2,2,0,1,0,0,0,0,1,7.38398E+20,5.62413E+21,1.23776E+16,5.072E+16
60988,,14,5,23,10,2017,1,6,3,3,4,1,0,1,0,0,0,2,1,7.31788E+20,5.58002E+21,1.22567E+16,5.03266E+16
60989,,14,7,30,310,2017,1,15,3,2,4,2,0,1,0,0,0,0,1,7.75541E+20,5.72012E+21,1.2976E+16,5.15647E+16
60990,,14,7,30,160,2017,1,5,3,3,8,1,0,1,0,0,0,2,2,7.53071E+20,5.72563E+21,1.26564E+16,5.16246E+16
60991,,14,7,29,60,2017,1,18,3,3,1,2,0,1,0,0,0,2,2,7.46574E+20,5.69527E+21,1.25416E+16,5.13551E+16
60992,,14,7,13,0,2017,1,6,3,3,5,3,0,1,0,0,1,2,1,7.40795E+20,5.68677E+21,1.2453E+16,5.12812E+16
60993,,14,7,13,0,2017,1,18,3,2,4,2,0,1,0,0,0,2,0,7.34726E+20,5.6902E+21,1.23684E+16,5.13146E+16
60994,,14,6,12,0,2017,3,7,5,3,2,6,0,1,0,0,0,0,0,8.24041E+20,5.66426E+21,1.36228E+16,5.10383E+16
60995,,14,7,30,160,2017,3,9,5,3,5,2,0,0,0,0,1,0,1,7.50102E+20,5.71879E+21,1.26088E+16,5.15646E+16
60996,,14,6,25,170,2017,1,7,3,3,8,1,0,1,0,0,0,0,2,8.5556E+20,5.67284E+21,1.40791E+16,5.10966E+16
60997,,14,7,29,50,2017,3,9,6,3,2,6,0,1,0,0,0,0,0,7.43698E+20,5.66957E+21,1.24829E+16,5.11257E+16
60998,,14,6,25,290,2017,1,3,3,2,4,6,0,0,0,0,1,2,2,8.84237E+20,5.68269E+21,1.44973E+16,5.11662E+16
60999,,14,6,25,600,2017,1,16,3,3,8,1,0,1,0,0,0,2,2,8.40113E+20,5.68019E+21,1.38663E+16,5.11718E+16
61000,,14,6,28,160,2017,1,18,3,3,5,3,0,1,0,0,0,2,2,8.41227E+20,5.65823E+21,1.38614E+16,5.09743E+16
61001,,14,6,28,390,2017,1,8,3,3,8,1,0,1,0,0,0,0,2,8.50433E+20,5.65543E+21,1.39893E+16,5.09437E+16
61002,,14,6,28,205,2017,2,5,6,3,7,7,0,1,0,0,0,2,1,8.16679E+20,5.65149E+21,1.3507E+16,5.09279E+16
61003,,14,6,25,430,2017,2,14,3,3,6,4,0,1,1,0,0,0,0,8.3737E+20,5.68157E+21,1.38284E+16,5.11858E+16
61004,,14,6,12,0,2017,3,18,4,3,6,4,0,0,1,0,1,2,1,8.37748E+20,5.66655E+21,1.38198E+16,5.10509E+16
61005,,14,6,28,110,2017,1,15,3,3,4,1,0,1,0,0,0,0,2,8.29343E+20,5.65884E+21,1.36933E+16,5.09867E+16
61006,,14,6,12,0,2017,1,5,3,3,5,3,0,1,0,0,0,2,1,8.31221E+20,5.66967E+21,1.37298E+16,5.10827E+16
61007,,14,6,12,0,2017,1,7,3,3,9,1,0,1,0,0,0,0,1,8.33983E+20,5.67239E+21,1.37717E+16,5.11055E+16
61008,,14,6,12,0,2017,1,14,3,3,2,6,0,1,0,0,0,0,2,8.33759E+20,5.67362E+21,1.37696E+16,5.11166E+16
61009,,14,6,28,110,2017,2,6,6,3,6,4,0,1,1,0,0,2,1,8.26398E+20,5.66323E+21,1.36554E+16,5.10278E+16
61010,,14,6,28,410,2017,1,15,3,3,9,6,0,1,0,0,1,0,1,8.1519E+20,5.66615E+21,1.34986E+16,5.10602E+16
61011,,14,5,21,390,2017,1,13,3,3,9,2,0,1,0,0,0,0,1,7.94799E+20,5.62003E+21,1.31713E+16,5.06574E+16
61012,,14,6,12,0,2017,2,8,6,3,6,7,0,1,1,0,0,0,0,8.24112E+20,5.66968E+21,1.36287E+16,5.10868E+16
61013,,14,5,21,500,2017,1,13,3,3,4,1,0,1,0,0,0,0,2,7.70856E+20,5.60573E+21,1.28229E+16,5.05406E+16
61014,,14,5,21,500,2017,1,13,3,3,4,1,0,1,0,0,0,0,2,7.70883E+20,5.60574E+21,1.28233E+16,5.05407E+16
61015,,14,5,21,30,2017,1,7,3,3,6,2,0,1,1,0,0,2,1,7.62226E+20,5.61141E+21,1.27054E+16,5.05956E+16
61016,,14,5,21,510,2017,1,23,3,3,8,1,0,1,0,0,0,2,2,7.77094E+20,5.60531E+21,1.29105E+16,5.0534E+16
61017,,14,5,21,110,2017,1,16,3,2,6,4,0,1,1,0,0,0,2,7.67572E+20,5.59957E+21,1.27723E+16,5.04869E+16
61018,,14,7,13,0,2017,2,15,3,3,6,4,0,0,1,0,1,0,0,7.35454E+20,5.6935E+21,1.2381E+16,5.13439E+16
61019,,14,6,12,0,2017,3,22,4,3,8,1,0,1,0,0,0,2,1,8.30213E+20,5.66739E+21,1.37134E+16,5.10629E+16
61020,,14,7,29,40,2017,3,18,4,3,9,7,0,1,0,0,0,2,1,7.36821E+20,5.68225E+21,1.23931E+16,5.12424E+16
61021,,14,5,23,320,2017,1,14,2,3,6,4,0,1,1,0,0,0,1,7.24761E+20,5.59878E+21,1.21693E+16,5.04978E+16
61022,,14,7,30,310,2017,1,22,2,3,9,1,0,1,0,0,0,2,2,7.81105E+20,5.71813E+21,1.30544E+16,5.15441E+16
61023,,14,6,12,0,2017,2,21,6,3,6,7,0,1,0,0,1,2,1,8.42958E+20,5.66843E+21,1.38956E+16,5.10647E+16
61024,,14,7,29,160,2017,1,11,2,3,5,3,0,0,0,0,1,0,1,7.6174E+20,5.67778E+21,1.27461E+16,5.11914E+16
61025,,14,7,13,0,2017,1,8,2,3,0,2,1,0,0,0,1,0,1,7.35095E+20,5.69704E+21,1.23782E+16,5.13758E+16
61026,,14,7,13,0,2017,1,8,2,3,3,6,0,1,0,0,0,0,1,7.36486E+20,5.69462E+21,1.23965E+16,5.13536E+16
61027,,14,7,30,70,2017,1,14,2,2,6,4,0,1,1,0,0,0,1,7.32082E+20,5.71328E+21,1.23456E+16,5.15229E+16
61028,,14,6,26,610,2017,1,9,2,3,5,3,0,1,0,0,1,0,0,9.08512E+20,5.65482E+21,1.48114E+16,5.09001E+16
61029,,14,6,26,60,2017,1,10,2,2,8,1,0,1,0,0,0,0,0,8.94207E+20,5.71723E+21,1.46774E+16,5.14686E+16
61030,,14,6,25,350,2017,1,9,2,3,4,6,0,1,0,0,1,0,0,8.60477E+20,5.68931E+21,1.41655E+16,5.12409E+16
61031,,14,6,26,520,2017,1,17,2,3,8,1,0,1,0,0,0,2,2,9.16175E+20,5.68894E+21,1.49589E+16,5.11998E+16
61032,,14,6,25,20,2017,1,7,2,3,2,6,0,1,0,0,0,0,0,8.80672E+20,5.68393E+21,1.44478E+16,5.11797E+16
61033,,14,6,27,140,2017,1,18,2,2,6,4,0,1,1,0,0,2,1,8.12747E+20,5.67723E+21,1.34735E+16,5.11608E+16
61034,,14,6,27,10,2017,1,20,2,3,8,1,0,1,0,0,0,2,2,8.16218E+20,5.67477E+21,1.35208E+16,5.11369E+16
61035,,14,6,25,20,2017,3,11,5,3,5,3,0,1,0,0,0,0,1,8.74774E+20,5.68549E+21,1.43655E+16,5.11976E+16
61036,,14,6,12,0,2017,1,8,2,3,2,6,0,1,0,0,0,0,2,8.29019E+20,5.66511E+21,1.36944E+16,5.10431E+16
61037,,14,6,12,0,2017,3,11,6,3,1,7,0,1,0,0,0,0,0,8.29436E+20,5.66693E+21,1.37019E+16,5.10592E+16
61038,,14,6,12,0,2017,1,11,2,3,1,6,0,1,0,0,1,0,0,8.36272E+20,5.66097E+21,1.37936E+16,5.10018E+16
61039,,14,6,12,0,2017,1,16,2,2,8,1,0,1,0,0,0,0,2,8.26811E+20,5.66412E+21,1.36621E+16,5.10355E+16
61040,,14,6,28,270,2017,1,14,2,3,5,3,0,1,0,0,0,0,0,8.44657E+20,5.6565E+21,1.39085E+16,5.09568E+16
61041,,14,5,22,260,2017,1,9,2,3,3,6,0,1,0,0,0,0,0,7.67474E+20,5.642E+21,1.28016E+16,5.08677E+16
61042,,14,5,22,310,2017,1,13,1,3,2,6,0,1,0,0,0,0,0,7.76362E+20,5.68036E+21,1.29569E+16,5.12077E+16
61043,,14,7,29,190,2017,1,10,1,2,5,3,0,1,0,0,0,0,0,7.41944E+20,5.68434E+21,1.24678E+16,5.1259E+16
61044,,14,6,12,0,2017,2,14,6,3,7,1,0,1,0,0,0,0,0,8.322E+20,5.67487E+21,1.37485E+16,5.11287E+16
61045,,14,6,12,0,2017,2,19,6,2,8,1,0,1,0,0,0,2,2,8.44817E+20,5.66814E+21,1.39218E+16,5.1061E+16
61046,,14,6,12,0,2017,3,17,4,3,2,6,0,1,0,0,0,1,1,8.28589E+20,5.66716E+21,1.36901E+16,5.10617E+16
61047,,14,6,25,240,2017,3,15,4,2,2,6,0,1,0,0,0,0,1,8.64236E+20,5.71062E+21,1.42409E+16,5.14294E+16
61048,,14,6,25,370,2017,1,18,1,2,4,1,0,1,0,0,0,2,1,8.42159E+20,5.69419E+21,1.39088E+16,5.1296E+16
61049,,14,5,21,450,2017,1,13,1,2,5,3,0,1,0,0,0,0,1,7.58749E+20,5.62394E+21,1.26651E+16,5.07096E+16
61050,,14,5,21,390,2017,2,17,6,3,2,6,0,1,0,0,0,1,2,7.95799E+20,5.6133E+21,1.31801E+16,5.05965E+16
61051,,14,5,21,130,2017,1,4,1,3,8,1,0,1,0,0,0,2,1,7.79672E+20,5.60148E+21,1.29439E+16,5.04984E+16
61052,,14,5,21,110,2017,2,15,6,3,1,1,0,1,0,0,0,0,2,7.65906E+20,5.60052E+21,1.27495E+16,5.04962E+16
61053,,14,5,11,0,2017,1,4,1,1,8,1,0,1,0,0,0,2,1,7.70831E+20,5.64194E+21,1.28491E+16,5.08656E+16
61054,,14,5,11,0,2017,1,1,1,3,9,1,0,1,0,0,0,2,2,7.7652E+20,5.64131E+21,1.29293E+16,5.08573E+16
61055,,14,5,21,110,2017,2,15,6,3,8,1,0,1,0,0,0,0,2,7.65889E+20,5.60051E+21,1.27493E+16,5.04961E+16
61056,,14,5,24,300,2017,1,12,7,3,2,6,0,1,0,0,0,0,0,7.37108E+20,5.62901E+21,1.23625E+16,5.07643E+16
61057,,14,5,24,330,2017,1,22,7,3,5,3,0,1,0,0,0,2,1,7.44771E+20,5.62326E+21,1.24671E+16,5.07095E+16
61058,,14,5,24,30,2017,1,5,7,2,6,4,0,1,1,0,0,2,1,7.38487E+20,5.63518E+21,1.2386E+16,5.08191E+16
61059,,14,5,24,320,2017,1,7,7,1,2,6,0,0,0,0,1,1,1,7.47607E+20,5.61746E+21,1.25033E+16,5.06563E+16
61060,,14,7,29,10,2017,1,14,7,3,8,1,0,1,0,0,0,0,1,7.6351E+20,5.67126E+21,1.27666E+16,5.1132E+16
61061,,14,7,30,170,2017,1,5,7,3,3,5,0,1,0,1,0,2,0,7.85169E+20,5.69526E+21,1.30945E+16,5.13369E+16
61062,,14,6,28,110,2017,1,19,7,3,2,2,0,1,0,0,0,2,1,8.25753E+20,5.65902E+21,1.36425E+16,5.09904E+16
61063,,14,6,12,0,2017,1,23,7,2,8,1,0,1,0,0,0,2,0,8.31997E+20,5.66782E+21,1.37392E+16,5.10657E+16
61064,,14,5,22,220,2017,1,18,7,3,4,6,0,1,0,0,0,2,0,7.8291E+20,5.67815E+21,1.30486E+16,5.11846E+16
61065,,14,5,24,200,2017,1,7,6,3,4,2,0,1,0,0,0,0,1,7.52208E+20,5.62689E+21,1.25747E+16,5.07389E+16
61066,,14,6,12,0,2017,3,7,5,3,2,6,0,1,0,0,0,0,0,8.24042E+20,5.66426E+21,1.36228E+16,5.10383E+16
61067,,14,5,24,320,2017,1,11,6,3,6,4,0,0,1,0,1,0,0,7.48601E+20,5.61967E+21,1.25188E+16,5.06757E+16
61068,,14,5,23,320,2017,3,8,5,3,0,2,0,1,0,0,1,0,1,7.21693E+20,5.59996E+21,1.21268E+16,5.05095E+16
61069,,14,5,23,320,2017,1,12,6,2,5,3,1,1,0,0,0,0,0,7.22427E+20,5.59765E+21,1.21358E+16,5.04886E+16
61070,,14,5,23,320,2017,1,8,6,2,6,4,0,1,1,0,0,0,1,7.21505E+20,5.60017E+21,1.21243E+16,5.05115E+16
61071,,14,5,24,330,2017,3,15,1,3,5,3,1,1,0,0,0,0,0,7.44563E+20,5.62316E+21,1.24641E+16,5.07087E+16
61072,,14,6,25,530,2017,3,14,4,2,8,7,0,1,0,0,0,0,0,8.68047E+20,5.67415E+21,1.4258E+16,5.11004E+16
61073,,14,6,27,140,2017,4,14,2,3,2,6,0,1,0,0,0,0,0,8.14719E+20,5.67811E+21,1.35024E+16,5.11677E+16
61074,,14,6,26,290,2017,3,14,4,2,9,1,0,0,0,0,1,0,0,8.95298E+20,5.6775E+21,1.4649E+16,5.11123E+16
61075,,14,5,23,320,2017,3,18,1,3,4,2,0,1,0,0,0,0,0,7.21735E+20,5.59784E+21,1.21262E+16,5.04905E+16
61076,,14,6,26,290,2017,4,8,2,3,9,1,1,0,0,0,0,0,0,8.9483E+20,5.6747E+21,1.46393E+16,5.10875E+16
61077,,14,6,28,160,2017,3,5,4,3,5,2,1,1,0,0,0,1,0,8.43293E+20,5.65693E+21,1.38895E+16,5.09615E+16
61078,,14,7,29,10,2017,3,19,1,3,5,3,0,1,0,0,0,0,0,7.51236E+20,5.67657E+21,1.25952E+16,5.11852E+16
61079,,14,5,23,320,2017,4,14,2,3,2,6,0,1,0,0,0,0,0,7.25187E+20,5.5986E+21,1.21752E+16,5.04961E+16
61080,,14,7,13,0,2017,3,17,1,3,3,6,0,1,0,1,0,0,0,7.35211E+20,5.69356E+21,1.23775E+16,5.13446E+16
61081,,14,5,22,180,2017,3,16,5,2,5,2,1,1,0,0,0,0,0,8.04899E+20,5.65012E+21,1.33387E+16,5.0922E+16
61082,,14,6,26,110,2017,3,11,1,3,2,6,0,1,0,0,0,0,0,9.16094E+20,5.68767E+21,1.49563E+16,5.11885E+16