OBJECTID,UIDENTSTLA,ULAND,UREGBEZ,UKREIS,UGEMEINDE,UJAHR,UMONAT,USTUNDE,UWOCHENTAG,UKATEGORIE,UART,UTYP1,IstRad,IstPKW,IstFuss,IstKrad,IstSonstig,LICHT,STRZUSTAND,LINREFX,LINREFY,XGCSWGS84,YGCSWGS84
61655,,14,6,27,60,2017,4,6,2,3,4,1,0,1,0,0,1,0,0,8.11774E+20,5.69368E+21,1.34739E+16,5.13088E+16
61656,,14,6,27,140,2017,3,16,2,3,2,6,0,1,0,0,0,0,0,8.13271E+20,5.67754E+21,1.34812E+16,5.11633E+16
61657,,14,6,28,400,2017,3,13,2,3,2,2,0,1,0,0,1,0,0,8.21002E+20,5.65917E+21,1.35751E+16,5.09944E+16
61658,,14,7,30,60,2017,4,19,3,3,2,2,0,1,0,0,1,1,0,7.78169E+20,5.69791E+21,1.29963E+16,5.13642E+16
61659,,14,7,30,70,2017,3,15,3,2,6,4,0,1,1,0,0,0,0,7.31468E+20,5.71408E+21,1.23373E+16,5.15303E+16
61660,,14,5,24,330,2017,4,8,4,2,4,6,0,0,0,1,1,0,1,7.43482E+20,5.62672E+21,1.24512E+16,5.07412E+16
61661,,14,6,28,410,2017,3,12,3,3,8,1,0,1,0,0,0,0,1,8.21497E+20,5.66387E+21,1.35863E+16,5.10362E+16
61662,,14,6,12,0,2017,3,7,3,3,2,6,0,1,0,0,0,0,1,8.30918E+20,5.66509E+21,1.37213E+16,5.10418E+16
61663,,14,5,11,0,2017,3,19,3,3,2,2,0,1,0,0,0,2,0,7.76582E+20,5.63806E+21,1.29278E+16,5.08281E+16
61664,,14,5,21,30,2017,4,15,3,2,2,6,0,1,0,0,0,0,1,7.62479E+20,5.61144E+21,1.2709E+16,5.05957E+16
61665,,14,5,22,70,2017,3,14,3,3,4,1,0,1,0,0,0,0,1,7.73259E+20,5.65041E+21,1.28899E+16,5.09405E+16
61666,,14,5,22,60,2017,3,10,3,2,4,7,0,1,0,0,1,0,1,7.6732E+20,5.64766E+21,1.28035E+16,5.09185E+16
61667,,14,5,11,0,2017,4,15,3,3,1,5,1,1,0,0,0,0,0,7.77767E+20,5.64088E+21,1.29467E+16,5.08528E+16
61668,,14,5,24,300,2017,3,14,2,3,0,1,1,1,0,0,0,0,1,7.3821E+20,5.62632E+21,1.23763E+16,5.07398E+16
61669,,14,5,23,80,2017,3,16,2,3,9,1,0,1,0,0,0,0,1,7.21784E+20,5.58055E+21,1.21167E+16,5.03352E+16
61670,,14,5,23,360,2017,3,9,2,2,2,6,0,1,0,0,0,0,1,7.41084E+20,5.6036E+21,1.24022E+16,5.05346E+16
61671,,14,5,23,30,2017,3,16,2,2,8,1,0,0,0,0,1,0,1,7.35467E+20,5.57219E+21,1.23034E+16,5.02549E+16
61672,,14,7,30,310,2017,3,11,2,3,5,3,0,1,0,0,0,0,1,7.77174E+20,5.71826E+21,1.2998E+16,5.15472E+16
61673,,14,6,27,70,2017,4,19,2,3,0,7,0,1,0,0,0,0,0,8.00838E+20,5.6874E+21,1.33122E+16,5.12585E+16
61674,,14,6,12,0,2017,3,5,2,3,4,6,1,0,0,0,0,2,0,8.33287E+20,5.67404E+21,1.37633E+16,5.11207E+16
61675,,14,6,12,0,2017,3,8,2,3,2,6,0,1,0,0,0,0,0,8.39412E+20,5.66788E+21,1.38447E+16,5.10619E+16
61676,,14,6,12,0,2017,3,21,2,2,5,3,0,1,0,0,1,2,0,8.33532E+20,5.66344E+21,1.3757E+16,5.10255E+16
61677,,14,7,30,20,2017,3,20,2,3,5,3,0,1,0,0,0,2,0,7.48281E+20,5.72206E+21,1.25848E+16,5.15948E+16
61678,,14,7,29,160,2017,3,17,2,2,8,1,0,1,0,0,0,1,1,7.65813E+20,5.68204E+21,1.28074E+16,5.12278E+16
61679,,14,5,23,320,2017,4,6,2,2,3,6,0,1,0,1,0,0,0,7.25789E+20,5.59896E+21,1.21839E+16,5.0499E+16
61680,,14,7,13,0,2017,3,17,2,3,5,3,0,1,0,0,1,0,0,7.28902E+20,5.69865E+21,1.22904E+16,5.13928E+16
61681,,14,6,26,30,2017,3,20,2,2,6,6,0,1,1,0,0,2,1,9.04918E+20,5.67339E+21,1.47812E+16,5.10688E+16
61682,,14,6,26,245,2017,3,15,2,3,2,6,0,1,0,0,1,0,1,8.97635E+20,5.67087E+21,1.4675E+16,5.10513E+16
61683,,14,6,26,600,2017,3,6,2,3,3,2,1,1,0,0,0,0,0,8.92035E+20,5.72198E+21,1.46515E+16,5.15126E+16
61684,,14,6,27,230,2017,3,11,2,3,2,6,0,1,0,0,1,0,0,7.99958E+20,5.69231E+21,1.33037E+16,5.13029E+16
61685,,14,6,28,270,2017,3,14,2,2,9,7,0,1,0,0,0,0,1,8.49696E+20,5.65379E+21,1.39773E+16,5.09295E+16
61686,,14,6,12,0,2017,3,16,2,3,6,4,0,1,1,0,0,0,1,8.3036E+20,5.67117E+21,1.3719E+16,5.10966E+16
61687,,14,6,12,0,2017,3,12,2,3,0,7,1,1,0,0,0,0,1,8.29436E+20,5.66693E+21,1.37019E+16,5.10592E+16
61688,,14,6,12,0,2017,3,12,2,3,3,2,0,1,0,0,0,0,1,8.34644E+20,5.6682E+21,1.37772E+16,5.10676E+16
61689,,14,6,28,50,2017,3,12,2,3,9,1,0,1,0,0,0,0,1,8.31565E+20,5.6614E+21,1.37272E+16,5.10084E+16
61690,,14,6,12,0,2017,3,8,2,3,5,3,1,0,0,0,1,0,0,8.31184E+20,5.66972E+21,1.37294E+16,5.10832E+16
61691,,14,6,12,0,2017,4,9,2,3,2,6,0,0,0,0,1,0,0,8.34667E+20,5.67825E+21,1.37868E+16,5.11576E+16
61692,,14,5,22,330,2017,3,11,2,3,5,3,0,1,0,0,1,0,0,7.79623E+20,5.64711E+21,1.29777E+16,5.09078E+16
61693,,14,5,21,260,2017,3,8,2,2,9,1,0,1,0,0,0,0,1,7.68395E+20,5.60823E+21,1.27901E+16,5.05642E+16
61694,,14,6,25,360,2017,4,13,2,2,0,1,0,0,0,1,0,0,0,8.70808E+20,5.69522E+21,1.4319E+16,5.12873E+16
61695,,14,5,21,355,2017,3,5,2,3,6,2,0,0,1,0,1,2,0,7.64386E+20,5.60785E+21,1.27333E+16,5.05627E+16
61696,,14,5,11,0,2017,3,17,2,3,5,3,1,1,0,0,0,0,1,7.7551E+20,5.63796E+21,1.29125E+16,5.08277E+16
61697,,14,7,30,250,2017,4,7,2,3,2,2,0,1,0,0,0,0,0,7.33972E+20,5.70414E+21,1.23667E+16,5.144E+16
61698,,14,5,11,0,2017,3,20,2,3,5,3,1,1,0,0,0,2,1,7.78174E+20,5.64168E+21,1.2953E+16,5.08598E+16
61699,,14,5,22,50,2017,3,4,2,3,4,6,0,1,0,0,0,2,1,8.04705E+20,5.63914E+21,1.33269E+16,5.08236E+16
61700,,14,5,21,30,2017,3,15,2,2,4,6,0,1,0,0,1,0,0,7.61605E+20,5.61235E+21,1.26973E+16,5.06043E+16
61701,,14,5,22,440,2017,3,15,2,3,2,2,0,1,0,0,1,0,1,7.93488E+20,5.64277E+21,1.31709E+16,5.0862E+16
61702,,14,5,24,320,2017,3,13,1,2,3,6,0,1,0,0,0,0,0,7.47178E+20,5.61698E+21,1.24969E+16,5.06521E+16
61703,,14,5,23,320,2017,4,16,2,3,8,1,0,1,0,0,0,0,0,7.23642E+20,5.59824E+21,1.21532E+16,5.04933E+16
61704,,14,5,23,270,2017,4,17,2,3,5,3,0,1,0,0,0,0,0,7.29942E+20,5.60186E+21,1.22442E+16,5.05235E+16
61705,,14,5,21,540,2017,4,13,7,2,5,2,0,1,0,1,0,0,0,7.5215E+20,5.60098E+21,1.25563E+16,5.05064E+16
61706,,14,6,28,190,2017,4,13,7,3,8,7,0,0,0,1,0,0,0,8.56714E+20,5.66052E+21,1.40834E+16,5.09854E+16
61707,,14,7,29,410,2017,4,8,7,3,8,1,0,1,0,0,0,0,0,7.60654E+20,5.69762E+21,1.27451E+16,5.13699E+16
61708,,14,6,25,130,2017,4,0,1,3,8,1,0,1,0,0,0,2,0,8.59719E+20,5.6852E+21,1.41506E+16,5.12047E+16
61709,,14,5,22,150,2017,4,20,2,3,0,1,1,0,0,0,0,2,0,7.83422E+20,5.64742E+21,1.30319E+16,5.09087E+16
61710,,14,6,27,60,2017,4,16,3,2,5,3,0,1,0,0,0,0,0,8.15129E+20,5.70021E+21,1.35277E+16,5.13655E+16
61711,,14,6,12,0,2017,3,10,6,3,2,6,0,1,0,0,0,0,0,8.37503E+20,5.66696E+21,1.38167E+16,5.10548E+16
61712,,14,7,29,410,2017,4,15,7,3,2,6,0,1,0,0,0,0,0,7.61394E+20,5.69691E+21,1.27552E+16,5.13632E+16
61713,,14,6,26,600,2017,4,15,1,3,8,1,1,0,0,0,0,0,0,8.92035E+20,5.72198E+21,1.46515E+16,5.15126E+16
61714,,14,5,22,10,2017,4,15,2,3,1,6,0,1,0,0,0,0,0,7.79096E+20,5.65236E+21,1.29743E+16,5.09551E+16
61715,,14,5,21,630,2017,3,3,2,3,7,1,0,1,0,0,0,2,0,7.82859E+20,5.6136E+21,1.29979E+16,5.06056E+16
61716,,14,5,11,0,2017,3,9,2,3,3,6,0,1,0,0,0,0,0,7.72909E+20,5.64091E+21,1.28778E+16,5.08554E+16
61717,,14,6,28,50,2017,4,14,4,3,5,2,0,1,0,0,0,0,0,8.34372E+20,5.65981E+21,1.37656E+16,5.09925E+16
61718,,14,7,29,10,2017,3,1,1,3,8,1,1,0,0,0,0,2,0,7.54621E+20,5.67199E+21,1.26403E+16,5.11427E+16
61719,,14,5,22,310,2017,4,13,5,3,2,6,0,1,0,0,0,0,0,7.76104E+20,5.67297E+21,1.29475E+16,5.11415E+16
61720,,14,6,25,120,2017,3,14,1,3,5,3,1,1,0,0,0,0,0,8.63762E+20,5.71337E+21,1.4237E+16,5.14543E+16
61721,,14,5,24,80,2017,4,18,2,2,4,6,0,1,0,0,0,0,0,7.47322E+20,5.63773E+21,1.25129E+16,5.08383E+16
61722,,14,6,25,280,2017,3,14,1,3,8,1,0,1,0,0,0,0,0,8.7122E+20,5.70194E+21,1.43319E+16,5.13472E+16
61723,,14,7,30,70,2017,4,6,2,2,5,3,1,1,0,0,0,0,0,7.32697E+20,5.71422E+21,1.23551E+16,5.15311E+16
61724,,14,5,22,250,2017,3,12,1,3,2,2,0,1,0,0,0,0,0,7.74471E+20,5.66964E+21,1.29217E+16,5.11124E+16
61725,,14,5,24,170,2017,3,9,7,3,2,6,0,1,0,0,0,0,0,7.43627E+20,5.61661E+21,1.24465E+16,5.06503E+16
61726,,14,7,13,0,2017,4,15,2,3,8,7,0,1,0,0,0,0,0,7.42087E+20,5.69611E+21,1.24778E+16,5.13646E+16
61727,,14,5,24,330,2017,3,12,7,2,2,6,0,0,0,0,1,0,0,7.47231E+20,5.62353E+21,1.25021E+16,5.07109E+16
61728,,14,7,13,0,2017,3,16,7,3,2,6,0,1,0,0,0,0,0,7.41776E+20,5.68655E+21,1.24669E+16,5.12789E+16
61729,,14,7,13,0,2017,3,10,7,2,6,1,0,1,1,0,0,0,0,7.33348E+20,5.69302E+21,1.23505E+16,5.13405E+16
61730,,14,7,29,270,2017,3,15,7,3,2,6,0,1,0,0,0,0,0,7.24899E+20,5.68891E+21,1.22268E+16,5.1307E+16
61731,,14,7,13,0,2017,3,19,7,3,5,3,1,1,0,0,0,1,0,7.39181E+20,5.69447E+21,1.24351E+16,5.13511E+16
61732,,14,6,26,290,2017,3,19,7,3,5,3,0,1,0,0,0,2,0,8.97738E+20,5.67666E+21,1.46828E+16,5.11031E+16
61733,,14,6,26,110,2017,3,10,7,3,6,4,0,1,1,0,0,0,0,9.15811E+20,5.68314E+21,1.4947E+16,5.11482E+16
61734,,14,6,27,30,2017,3,14,7,2,5,3,0,1,0,0,0,0,0,8.25458E+20,5.68972E+21,1.3666E+16,5.12657E+16
61735,,14,6,26,390,2017,4,13,1,3,5,3,0,1,0,1,0,0,0,9.00609E+20,5.66187E+21,1.47073E+16,5.09687E+16
61736,,14,6,28,220,2017,3,12,7,3,8,1,1,0,0,0,0,0,0,8.36984E+20,5.65404E+21,1.37973E+16,5.09393E+16
61737,,14,6,28,220,2017,3,14,7,3,3,6,1,0,0,0,1,0,0,8.31854E+20,5.65551E+21,1.37259E+16,5.09555E+16
61738,,14,5,11,0,2017,4,9,2,2,5,2,1,1,0,0,0,0,0,7.75137E+20,5.63175E+21,1.29026E+16,5.07721E+16
61739,,14,5,22,150,2017,3,16,2,3,5,3,1,1,0,0,0,0,0,7.84283E+20,5.64635E+21,1.30433E+16,5.08987E+16
61740,,14,6,28,410,2017,3,12,7,2,8,7,0,1,0,0,0,0,0,8.13447E+20,5.66596E+21,1.34737E+16,5.10594E+16
61741,,14,6,27,210,2017,4,9,2,3,2,6,0,1,0,0,1,0,0,8.24708E+20,5.67194E+21,1.36392E+16,5.11068E+16
61742,,14,5,11,0,2017,3,16,2,3,0,7,0,0,0,0,1,0,0,7.78522E+20,5.64233E+21,1.29585E+16,5.08655E+16
61743,,14,6,25,10,2017,4,14,2,3,8,1,0,0,0,0,1,0,0,8.48865E+20,5.66875E+21,1.39799E+16,5.1064E+16
61744,,14,5,22,510,2017,3,10,7,2,2,1,0,1,0,0,1,0,0,7.92755E+20,5.66722E+21,1.31802E+16,5.10817E+16
61745,,14,7,30,70,2017,4,17,2,3,1,6,0,1,0,0,0,0,0,7.31486E+20,5.71296E+21,1.23368E+16,5.15202E+16
61746,,14,6,26,600,2017,3,21,6,2,0,7,1,0,0,0,0,2,0,8.91711E+20,5.72156E+21,1.46464E+16,5.1509E+16
61747,,14,5,24,330,2017,3,15,6,3,5,3,1,1,0,0,0,0,0,7.45185E+20,5.63114E+21,1.24782E+16,5.07801E+16
61748,,14,6,28,10,2017,4,15,7,3,8,1,0,0,0,1,0,0,0,8.36961E+20,5.63391E+21,1.37785E+16,5.07589E+16
61749,,14,6,27,140,2017,5,14,4,2,5,2,1,0,0,0,1,0,0,8.14042E+20,5.67799E+21,1.34926E+16,5.1167E+16
61750,,14,6,25,20,2017,5,18,7,3,2,6,0,1,0,0,0,0,0,8.79275E+20,5.68394E+21,1.4428E+16,5.11808E+16
61751,,14,7,13,0,2017,5,15,4,2,5,3,0,1,0,0,0,0,0,7.27199E+20,5.69338E+21,1.22626E+16,5.13462E+16
61752,,14,5,21,670,2017,5,16,3,2,0,6,0,1,0,1,0,0,0,7.88534E+20,5.61902E+21,1.30821E+16,5.06514E+16
61753,,14,6,12,0,2017,4,14,4,2,9,1,1,0,0,0,0,0,1,8.37501E+20,5.66695E+21,1.38166E+16,5.10547E+16
61754,,14,5,22,350,2017,6,20,5,3,5,3,1,1,0,0,0,0,0,7.65353E+20,5.65294E+21,1.27795E+16,5.09668E+16
61755,,14,5,11,0,2017,5,10,4,2,2,6,0,1,0,0,0,0,0,7.78581E+20,5.64243E+21,1.29594E+16,5.08663E+16
61756,,14,6,25,450,2017,5,15,3,3,4,2,0,1,0,1,0,0,0,8.50276E+20,5.68253E+21,1.40134E+16,5.11866E+16
61757,,14,6,12,0,2017,4,17,4,3,4,6,0,1,0,0,1,0,0,8.35334E+20,5.67746E+21,1.37956E+16,5.11501E+16
61758,,14,6,25,20,2017,5,10,7,3,5,3,0,1,0,0,0,0,0,8.74775E+20,5.68549E+21,1.43655E+16,5.11976E+16
61759,,14,5,21,30,2017,5,7,4,2,5,3,0,1,0,0,1,0,0,7.61722E+20,5.61056E+21,1.26977E+16,5.05882E+16
61760,,14,5,22,10,2017,5,19,4,3,2,2,0,1,0,0,1,1,0,7.78928E+20,5.65204E+21,1.29716E+16,5.09523E+16
61761,,14,5,22,220,2017,4,14,4,3,6,4,0,1,1,0,0,0,0,7.88573E+20,5.67547E+21,1.31273E+16,5.11578E+16
61762,,14,6,25,340,2017,5,14,7,3,2,6,0,1,0,0,0,0,0,8.82325E+20,5.68889E+21,1.44767E+16,5.1223E+16
61763,,14,5,24,330,2017,5,16,3,3,2,6,0,1,0,0,0,0,0,7.46933E+20,5.62567E+21,1.24993E+16,5.07303E+16
61764,,14,6,28,260,2017,5,15,7,2,9,7,0,0,0,1,0,0,0,8.6743E+20,5.66318E+21,1.42381E+16,5.10026E+16
61765,,14,7,29,10,2017,5,11,4,2,3,7,0,1,0,0,0,0,0,7.57654E+20,5.66883E+21,1.26814E+16,5.1113E+16
61766,,14,7,30,360,2017,4,17,3,3,9,1,0,0,0,1,0,0,0,7.49777E+20,5.71299E+21,1.26E+16,5.15127E+16
61767,,14,6,27,210,2017,5,12,7,2,0,5,0,0,0,1,1,0,0,8.25631E+20,5.67187E+21,1.36523E+16,5.11056E+16
61768,,14,6,28,10,2017,5,6,7,3,9,7,0,1,0,0,0,1,0,8.32602E+20,5.63714E+21,1.37198E+16,5.07904E+16
61769,,14,7,13,0,2017,4,14,3,3,4,2,1,1,0,0,0,0,0,7.32514E+20,5.69241E+21,1.23381E+16,5.13354E+16
61770,,14,6,28,50,2017,5,11,7,2,4,2,0,1,0,0,0,0,0,8.34373E+20,5.65981E+21,1.37656E+16,5.09925E+16
61771,,14,5,24,160,2017,6,17,6,3,8,1,0,1,0,0,0,0,0,7.56439E+20,5.62674E+21,1.26344E+16,5.07357E+16
61772,,14,6,12,0,2017,6,19,7,3,2,6,0,1,0,0,0,0,1,8.32663E+20,5.66625E+21,1.37472E+16,5.10512E+16
61773,,14,5,21,210,2017,5,13,3,2,4,2,0,1,0,1,0,0,0,7.78421E+20,5.61562E+21,1.29369E+16,5.06258E+16
61774,,14,6,26,400,2017,5,20,6,2,5,3,1,1,0,0,0,0,0,9.05801E+20,5.65143E+21,1.47692E+16,5.08717E+16
61775,,14,5,22,540,2017,5,13,7,3,0,7,0,1,0,0,0,0,0,7.93968E+20,5.65835E+21,1.31903E+16,5.10014E+16
61776,,14,7,13,0,2017,4,15,3,3,3,6,0,1,0,1,0,0,0,7.33376E+20,5.69303E+21,1.23509E+16,5.13406E+16
61777,,14,5,24,80,2017,5,12,7,3,5,3,0,1,0,1,0,0,0,7.52311E+20,5.6344E+21,1.25813E+16,5.08063E+16
61778,,14,6,25,525,2017,4,16,3,3,5,3,0,1,0,1,0,0,0,8.80301E+20,5.67407E+21,1.44322E+16,5.10917E+16
61779,,14,5,23,340,2017,5,15,1,3,1,5,0,1,1,0,0,0,0,7.30132E+20,5.6127E+21,1.22535E+16,5.06207E+16
61780,,14,6,25,20,2017,4,15,3,3,5,3,0,1,0,0,0,0,0,8.79647E+20,5.68402E+21,1.44333E+16,5.11812E+16
61781,,14,5,21,540,2017,5,7,2,3,5,3,0,1,0,0,0,0,0,7.52241E+20,5.60078E+21,1.25574E+16,5.05046E+16
61782,,14,6,25,290,2017,4,6,3,3,5,3,0,1,0,0,0,0,0,8.88771E+20,5.68597E+21,1.45654E+16,5.11925E+16
61783,,14,6,25,560,2017,4,7,3,3,2,6,0,1,0,0,0,0,0,8.81447E+20,5.67004E+21,1.44442E+16,5.10548E+16
61784,,14,6,25,20,2017,4,11,3,3,0,7,0,1,0,1,0,0,0,8.78988E+20,5.6838E+21,1.44237E+16,5.11796E+16
61785,,14,5,24,300,2017,5,7,3,3,2,6,0,1,0,0,0,0,1,7.37814E+20,5.62676E+21,1.2371E+16,5.07438E+16
61786,,14,5,21,620,2017,5,15,7,2,9,1,0,1,0,0,0,0,0,7.71501E+20,5.62261E+21,1.28444E+16,5.06919E+16
61787,,14,5,23,320,2017,5,17,3,3,1,6,0,1,0,0,0,1,1,7.2147E+20,5.60021E+21,1.21238E+16,5.05119E+16
61788,,14,5,11,0,2017,5,13,3,3,3,6,0,1,0,0,1,0,0,7.74653E+20,5.63759E+21,1.29001E+16,5.08248E+16
61789,,14,5,21,700,2017,5,19,7,2,9,1,0,1,0,0,0,0,0,7.56673E+20,5.60385E+21,1.26219E+16,5.05302E+16
61790,,14,5,11,0,2017,5,12,4,3,5,2,1,1,0,0,0,0,0,7.75778E+20,5.6371E+21,1.29156E+16,5.08198E+16
61791,,14,5,11,0,2017,5,16,3,3,4,2,0,1,0,0,0,0,0,7.69333E+20,5.6429E+21,1.28286E+16,5.08749E+16
61792,,14,5,24,310,2017,5,7,6,3,2,6,0,1,1,1,0,0,0,7.51829E+20,5.61685E+21,1.25625E+16,5.0649E+16
61793,,14,5,23,320,2017,5,7,6,2,8,7,0,1,0,0,0,0,0,7.18592E+20,5.59592E+21,1.20808E+16,5.04745E+16
61794,,14,7,30,230,2017,5,19,4,2,2,6,0,1,0,0,0,0,0,7.86339E+20,5.69161E+21,1.31083E+16,5.13037E+16
61795,,14,5,11,0,2017,5,8,3,3,2,6,0,1,0,0,1,0,0,7.72207E+20,5.64146E+21,1.28683E+16,5.08606E+16
61796,,14,5,23,320,2017,5,12,6,3,0,7,0,0,0,0,1,0,0,7.22286E+20,5.59917E+21,1.21347E+16,5.05022E+16
61797,,14,5,24,120,2017,5,12,6,3,5,3,0,1,0,0,0,0,0,7.63129E+20,5.63478E+21,1.27348E+16,5.08049E+16
61798,,14,7,13,0,2017,5,7,5,2,5,2,1,1,0,0,0,0,0,7.3362E+20,5.69685E+21,1.23569E+16,5.13748E+16
61799,,14,5,22,80,2017,5,16,3,2,5,3,0,1,0,0,0,0,0,7.91188E+20,5.67156E+21,1.31614E+16,5.11213E+16
61800,,14,5,24,200,2017,5,14,6,2,0,1,0,0,0,1,0,0,0,7.53511E+20,5.62741E+21,1.25935E+16,5.07431E+16
61801,,14,5,24,80,2017,5,12,6,3,5,3,0,1,0,0,0,0,0,7.48618E+20,5.635E+21,1.25294E+16,5.08133E+16
61802,,14,5,24,80,2017,5,13,6,3,3,2,0,1,0,1,0,0,0,7.48733E+20,5.63587E+21,1.25316E+16,5.08211E+16
61803,,14,5,23,120,2017,5,14,6,3,2,6,0,1,0,0,1,0,0,7.39103E+20,5.59697E+21,1.237E+16,5.04759E+16
61804,,14,5,23,340,2017,5,15,6,3,4,2,0,1,0,1,0,0,0,7.32479E+20,5.61262E+21,1.22866E+16,5.0619E+16
61805,,14,5,24,330,2017,5,12,6,3,2,6,0,1,0,0,0,0,0,7.45156E+20,5.63289E+21,1.2479E+16,5.07958E+16
61806,,14,5,24,330,2017,5,7,3,3,5,3,0,1,0,0,0,0,1,7.44698E+20,5.62646E+21,1.24682E+16,5.07383E+16
61807,,14,7,30,230,2017,5,23,6,3,5,3,0,1,0,0,0,2,0,7.86531E+20,5.69126E+21,1.31108E+16,5.13004E+16
61808,,14,7,30,150,2017,5,15,6,3,3,6,0,1,0,0,0,0,0,7.37309E+20,5.70792E+21,1.24172E+16,5.14726E+16
61809,,14,7,13,0,2017,5,10,3,3,8,1,0,1,0,0,0,0,1,7.35641E+20,5.69349E+21,1.23837E+16,5.13437E+16
61810,,14,7,29,160,2017,5,8,6,3,5,2,0,1,0,1,0,0,0,7.64515E+20,5.67679E+21,1.2785E+16,5.11812E+16
61811,,14,7,29,160,2017,5,14,6,3,4,6,0,1,0,0,0,0,0,7.72716E+20,5.68207E+21,1.29061E+16,5.12248E+16
61812,,14,7,29,140,2017,5,18,3,2,5,3,0,1,0,0,0,0,0,7.49104E+20,5.65941E+21,1.2553E+16,5.10322E+16
61813,,14,7,30,340,2017,5,20,6,3,8,1,0,1,0,0,0,2,1,7.222E+20,5.70233E+21,1.21965E+16,5.14285E+16
61814,,14,7,13,0,2017,5,16,6,2,2,6,0,1,0,0,0,0,0,7.42721E+20,5.69559E+21,1.24866E+16,5.13596E+16
61815,,14,7,30,150,2017,5,6,3,2,4,6,0,1,0,0,0,0,1,7.39534E+20,5.70744E+21,1.24489E+16,5.14673E+16
61816,,14,7,30,20,2017,5,17,6,2,9,1,0,1,0,0,1,0,0,7.50242E+20,5.72144E+21,1.26127E+16,5.15883E+16
61817,,14,7,29,340,2017,5,11,3,2,4,2,0,1,0,0,0,0,1,7.52938E+20,5.68521E+21,1.26256E+16,5.1262E+16
61818,,14,7,30,30,2017,5,17,6,2,4,2,1,1,0,0,0,0,0,7.7969E+20,5.72079E+21,1.30362E+16,5.15686E+16
61819,,14,7,13,0,2017,5,17,6,3,3,6,0,1,0,0,0,0,0,7.38062E+20,5.69956E+21,1.24224E+16,5.13972E+16
61820,,14,7,13,0,2017,5,8,6,3,2,6,0,1,0,0,0,0,0,7.40354E+20,5.69601E+21,1.24529E+16,5.13644E+16
61821,,14,5,23,450,2017,5,19,6,3,8,1,0,1,0,0,0,0,0,7.11981E+20,5.59624E+21,1.19879E+16,5.04798E+16
61822,,14,6,26,100,2017,5,21,6,2,7,7,0,0,0,1,0,1,0,8.93026E+20,5.72306E+21,1.46669E+16,5.15215E+16
61823,,14,6,26,560,2017,5,12,6,3,4,6,0,1,0,0,0,0,0,8.86318E+20,5.7222E+21,1.45698E+16,5.15185E+16
61824,,14,6,26,110,2017,5,10,6,3,0,7,1,1,0,0,0,0,0,9.18346E+20,5.67986E+21,1.49793E+16,5.11171E+16
61825,,14,6,25,380,2017,5,16,6,3,4,6,0,1,0,1,0,0,0,8.70919E+20,5.67417E+21,1.42989E+16,5.10988E+16
61826,,14,6,25,630,2017,5,16,6,3,2,6,0,1,0,1,0,0,0,8.77199E+20,5.67428E+21,1.43883E+16,5.10956E+16
61827,,14,6,26,230,2017,5,4,6,3,9,1,0,1,0,0,1,1,0,9.1257E+20,5.69124E+21,1.49102E+16,5.1223E+16
61828,,14,6,27,250,2017,5,9,4,3,4,6,0,1,0,0,0,0,0,8.30251E+20,5.69976E+21,1.37437E+16,5.1353E+16
61829,,14,6,26,290,2017,5,16,3,3,2,2,0,1,0,0,0,0,0,8.96011E+20,5.67363E+21,1.46549E+16,5.10771E+16
61830,,14,6,25,525,2017,5,6,6,2,5,3,0,1,0,1,0,0,0,8.79278E+20,5.67459E+21,1.44182E+16,5.1097E+16
61831,,14,6,27,230,2017,5,11,6,3,5,2,1,1,0,0,0,0,0,7.98495E+20,5.69381E+21,1.3284E+16,5.13171E+16
61832,,14,6,26,610,2017,5,12,3,3,5,3,0,1,0,0,0,0,0,9.08017E+20,5.65573E+21,1.48054E+16,5.09086E+16
61833,,14,6,27,220,2017,5,17,3,3,4,6,0,1,0,0,1,0,0,8.30894E+20,5.67767E+21,1.37325E+16,5.11546E+16
61834,,14,6,27,20,2017,4,14,3,3,5,2,0,1,0,0,0,0,1,8.05441E+20,5.68266E+21,1.33739E+16,5.12135E+16
61835,,14,6,28,270,2017,5,7,6,3,6,4,0,1,1,0,0,0,0,8.46603E+20,5.65675E+21,1.39363E+16,5.09579E+16
61836,,14,6,25,480,2017,5,13,3,3,2,6,0,1,0,0,1,0,0,8.43973E+20,5.67597E+21,1.39172E+16,5.11317E+16
61837,,14,5,24,160,2017,5,10,3,2,5,3,0,1,0,0,0,0,0,7.56794E+20,5.62893E+21,1.2641E+16,5.07552E+16
61838,,14,5,22,360,2017,4,7,3,3,9,1,0,0,0,1,0,0,0,7.79768E+20,5.65559E+21,1.29863E+16,5.09838E+16
61839,,14,6,28,130,2017,5,15,6,3,2,2,0,1,0,1,0,0,0,8.38286E+20,5.64872E+21,1.38109E+16,5.08909E+16
61840,,14,6,25,20,2017,5,16,3,2,5,2,1,0,0,0,1,0,0,8.79038E+20,5.68257E+21,1.44231E+16,5.11686E+16
61841,,14,6,12,0,2017,5,15,6,2,5,3,1,1,0,0,0,0,0,8.32203E+20,5.66772E+21,1.3742E+16,5.10647E+16
61842,,14,6,12,0,2017,5,15,6,3,5,3,0,1,0,0,0,0,0,8.32083E+20,5.66772E+21,1.37403E+16,5.10647E+16
61843,,14,6,27,100,2017,5,17,6,3,2,6,0,1,0,0,0,0,0,8.1251E+20,5.66599E+21,1.34604E+16,5.10602E+16
61844,,14,6,12,0,2017,5,7,6,3,3,6,0,1,0,0,1,0,0,8.23714E+20,5.66738E+21,1.3621E+16,5.10665E+16