OBJECTID,UIDENTSTLA,ULAND,UREGBEZ,UKREIS,UGEMEINDE,UJAHR,UMONAT,USTUNDE,UWOCHENTAG,UKATEGORIE,UART,UTYP1,IstRad,IstPKW,IstFuss,IstKrad,IstSonstig,LICHT,STRZUSTAND,LINREFX,LINREFY,XGCSWGS84,YGCSWGS84
61845,,14,6,28,170,2017,6,20,6,2,8,1,0,1,0,0,0,0,0,8.27589E+20,5.63128E+21,1.36437E+16,5.07407E+16
61846,,14,6,12,0,2017,5,10,6,2,1,1,1,0,0,0,1,0,0,8.40934E+20,5.66276E+21,1.38615E+16,5.10151E+16
61847,,14,7,13,0,2017,6,16,6,3,5,2,1,1,0,0,0,0,0,7.32514E+20,5.69241E+21,1.23381E+16,5.13354E+16
61848,,14,5,21,670,2017,5,15,3,2,2,6,0,1,0,0,1,0,0,7.91002E+20,5.62236E+21,1.31196E+16,5.06801E+16
61849,,14,5,22,540,2017,6,17,7,2,8,1,0,1,0,0,0,1,1,7.92014E+20,5.65815E+21,1.31624E+16,5.10007E+16
61850,,14,5,24,90,2017,5,8,2,3,4,2,0,1,0,0,0,0,0,7.6124E+20,5.62194E+21,1.26989E+16,5.06905E+16
61851,,14,7,30,190,2017,5,20,5,3,6,4,0,1,1,0,0,0,0,7.64977E+20,5.71281E+21,1.28184E+16,5.15042E+16
61852,,14,5,24,130,2017,5,16,2,2,8,1,0,1,0,0,0,0,0,7.4406E+20,5.60717E+21,1.24464E+16,5.05654E+16
61853,,14,6,28,110,2017,5,12,6,3,6,7,1,0,1,0,0,0,0,8.24282E+20,5.65799E+21,1.36206E+16,5.09819E+16
61854,,14,5,11,0,2017,4,7,3,3,3,6,0,1,0,0,0,0,0,7.75649E+20,5.63481E+21,1.29121E+16,5.07994E+16
61855,,14,7,29,60,2017,5,21,6,2,4,6,0,0,0,1,0,1,0,7.45782E+20,5.69521E+21,1.25302E+16,5.13549E+16
61856,,14,5,23,320,2017,4,16,2,3,5,3,0,1,0,0,0,0,0,7.20518E+20,5.59735E+21,1.21088E+16,5.04866E+16
61857,,14,6,28,190,2017,5,16,7,2,9,1,0,0,0,1,0,0,0,8.5823E+20,5.66007E+21,1.41045E+16,5.09805E+16
61858,,14,5,24,230,2017,4,17,2,3,5,3,0,1,0,1,0,0,0,7.63301E+20,5.63305E+21,1.2736E+16,5.07893E+16
61859,,14,6,27,100,2017,5,12,1,2,0,1,0,0,0,1,0,0,0,8.17201E+20,5.6676E+21,1.35285E+16,5.10721E+16
61860,,14,5,24,200,2017,4,13,2,3,9,1,0,1,0,0,0,0,0,7.46245E+20,5.63118E+21,1.24932E+16,5.078E+16
61861,,14,7,29,50,2017,4,15,2,2,5,3,0,1,0,0,0,0,0,7.44356E+20,5.66947E+21,1.24922E+16,5.11245E+16
61862,,14,6,25,510,2017,5,17,3,3,8,1,0,0,0,0,1,0,0,8.57286E+20,5.68159E+21,1.41123E+16,5.11739E+16
61863,,14,5,11,0,2017,5,7,4,2,4,2,0,1,0,0,1,0,0,7.64518E+20,5.63645E+21,1.27557E+16,5.08193E+16
61864,,14,5,21,180,2017,5,16,6,3,9,1,0,0,0,1,0,0,0,7.74527E+20,5.61079E+21,1.28784E+16,5.05844E+16
61865,,14,6,25,430,2017,5,7,3,3,2,6,0,1,0,0,0,0,1,8.38207E+20,5.68002E+21,1.38389E+16,5.11714E+16
61866,,14,5,21,20,2017,5,7,6,3,2,6,0,1,0,0,0,0,0,7.83012E+20,5.60969E+21,1.29971E+16,5.05705E+16
61867,,14,6,25,190,2017,5,11,3,3,1,6,0,1,0,0,0,0,1,8.80628E+20,5.67748E+21,1.44404E+16,5.1122E+16
61868,,14,5,23,320,2017,5,12,2,3,2,6,0,1,0,0,1,0,0,7.21518E+20,5.59841E+21,1.21235E+16,5.04957E+16
61869,,14,5,21,410,2017,5,15,6,2,2,6,0,1,0,0,0,0,0,7.69686E+20,5.63257E+21,1.2826E+16,5.0782E+16
61870,,14,5,21,390,2017,5,11,6,3,9,6,0,0,0,1,1,0,0,7.94613E+20,5.62055E+21,1.31691E+16,5.06621E+16
61871,,14,6,25,20,2017,5,7,4,3,2,6,0,1,0,1,0,0,1,8.82282E+20,5.68758E+21,1.44747E+16,5.12114E+16
61872,,14,5,23,90,2017,5,17,2,3,2,6,0,1,0,0,0,0,0,7.3995E+20,5.59877E+21,1.23831E+16,5.04917E+16
61873,,14,7,13,0,2017,5,8,5,3,7,5,1,1,0,0,0,0,0,7.34123E+20,5.69327E+21,1.23618E+16,5.13425E+16
61874,,14,5,24,330,2017,5,15,2,2,5,2,1,1,0,0,0,0,0,7.45001E+20,5.62624E+21,1.24723E+16,5.07362E+16
61875,,14,5,24,330,2017,5,17,5,3,5,3,0,1,0,0,0,0,0,7.45652E+20,5.62449E+21,1.24804E+16,5.07202E+16
61876,,14,7,30,70,2017,5,13,2,3,4,7,0,1,0,0,0,0,0,7.29997E+20,5.71381E+21,1.23159E+16,5.15285E+16
61877,,14,5,24,80,2017,5,11,5,2,5,3,0,0,0,1,0,0,0,7.50298E+20,5.63715E+21,1.25547E+16,5.08319E+16
61878,,14,6,28,410,2017,5,8,7,2,8,1,0,1,0,0,0,0,1,8.15439E+20,5.66509E+21,1.35012E+16,5.10505E+16
61879,,14,5,23,170,2017,5,14,5,3,0,6,0,1,0,1,0,0,0,7.42513E+20,5.6125E+21,1.24281E+16,5.06139E+16
61880,,14,7,13,0,2017,4,16,2,3,2,6,0,1,0,0,0,0,0,7.35182E+20,5.70056E+21,1.23817E+16,5.14074E+16
61881,,14,6,26,290,2017,4,8,2,3,9,1,0,1,0,0,0,0,0,8.94801E+20,5.6756E+21,1.46399E+16,5.10956E+16
61882,,14,5,23,450,2017,5,19,5,2,2,1,1,1,0,0,0,0,0,7.17388E+20,5.5926E+21,1.20619E+16,5.04451E+16
61883,,14,6,27,230,2017,5,16,3,3,2,6,0,1,0,0,0,0,0,7.98793E+20,5.69349E+21,1.3288E+16,5.13141E+16
61884,,14,5,24,130,2017,5,10,5,3,8,1,0,1,0,0,0,0,0,7.4441E+20,5.61058E+21,1.24536E+16,5.05959E+16
61885,,14,7,30,340,2017,5,11,5,3,4,6,0,1,0,1,0,0,0,7.27283E+20,5.71609E+21,1.22784E+16,5.15501E+16
61886,,14,6,26,460,2017,5,16,4,3,5,3,1,1,0,0,0,0,0,9.02444E+20,5.70994E+21,1.47871E+16,5.13975E+16
61887,,14,7,13,0,2017,5,15,2,3,4,6,1,0,1,0,0,0,0,7.34891E+20,5.69353E+21,1.23729E+16,5.13444E+16
61888,,14,7,13,0,2017,5,9,5,3,5,3,1,1,0,0,0,0,0,7.35085E+20,5.69353E+21,1.23757E+16,5.13444E+16
61889,,14,7,13,0,2017,5,17,5,2,0,7,0,0,0,1,0,0,0,7.32799E+20,5.69686E+21,1.23451E+16,5.13752E+16
61890,,14,6,28,60,2017,5,16,5,3,2,2,0,1,0,0,0,0,0,8.28637E+20,5.64292E+21,1.36689E+16,5.08444E+16
61891,,14,6,26,610,2017,5,17,2,3,5,3,0,1,0,0,0,0,0,9.08557E+20,5.65536E+21,1.48126E+16,5.09049E+16
61892,,14,7,30,270,2017,5,17,5,2,2,6,0,0,0,0,1,0,0,7.21457E+20,5.6995E+21,1.21841E+16,5.14034E+16
61893,,14,7,13,0,2017,5,6,5,2,6,4,0,1,1,0,0,0,0,7.35436E+20,5.69346E+21,1.23807E+16,5.13436E+16
61894,,14,5,21,240,2017,5,16,6,3,9,7,0,1,0,0,0,0,0,7.86527E+20,5.62176E+21,1.30559E+16,5.0677E+16
61895,,14,6,26,140,2017,5,7,2,3,5,3,0,1,0,0,0,0,0,8.98667E+20,5.65366E+21,1.46708E+16,5.08966E+16
61896,,14,7,30,45,2017,5,18,5,3,0,3,0,1,0,1,0,0,0,7.75866E+20,5.70713E+21,1.29705E+16,5.1448E+16
61897,,14,7,29,70,2017,5,6,5,2,5,3,0,1,0,0,0,0,0,7.53357E+20,5.69412E+21,1.2638E+16,5.13418E+16
61898,,14,6,26,410,2017,5,19,5,3,4,2,0,1,0,1,0,0,0,8.86046E+20,5.67141E+21,1.4511E+16,5.1064E+16
61899,,14,6,25,450,2017,5,15,5,3,6,2,0,1,1,0,0,0,0,8.50511E+20,5.68232E+21,1.40165E+16,5.11846E+16
61900,,14,6,25,20,2017,5,15,5,3,2,6,0,1,0,0,0,0,0,8.79741E+20,5.68404E+21,1.44347E+16,5.11813E+16
61901,,14,6,27,230,2017,5,20,5,2,3,6,0,1,0,1,0,1,0,7.97822E+20,5.68925E+21,1.32706E+16,5.12766E+16
61902,,14,6,28,270,2017,5,18,3,3,4,7,0,1,0,0,0,0,0,8.46011E+20,5.6541E+21,1.39254E+16,5.09345E+16
61903,,14,6,27,210,2017,5,20,5,2,1,5,1,0,0,0,1,0,0,8.22911E+20,5.67263E+21,1.36142E+16,5.11139E+16
61904,,14,6,28,400,2017,5,16,5,2,3,6,1,1,0,0,0,0,0,8.21565E+20,5.65801E+21,1.35821E+16,5.09837E+16
61905,,14,6,28,110,2017,5,11,3,3,2,6,0,1,0,0,0,0,0,8.26626E+20,5.6608E+21,1.36565E+16,5.10058E+16
61906,,14,6,28,60,2017,5,16,5,3,2,6,0,1,0,0,1,0,0,8.28644E+20,5.64291E+21,1.3669E+16,5.08444E+16
61907,,14,6,28,130,2017,5,18,5,2,9,1,0,0,0,1,0,0,0,8.38145E+20,5.64507E+21,1.38055E+16,5.08582E+16
61908,,14,6,27,140,2017,5,13,3,3,5,3,0,1,0,0,0,0,0,8.13352E+20,5.67737E+21,1.34822E+16,5.11618E+16
61909,,14,5,22,330,2017,5,12,3,3,9,1,0,1,0,0,0,0,0,7.77148E+20,5.64777E+21,1.29431E+16,5.09149E+16
61910,,14,6,25,640,2017,4,17,2,3,5,3,0,1,0,0,0,0,0,8.68472E+20,5.70654E+21,1.42974E+16,5.13901E+16
61911,,14,6,12,0,2017,5,8,5,3,0,2,0,0,0,0,1,0,0,8.30986E+20,5.66998E+21,1.37268E+16,5.10857E+16
61912,,14,5,22,360,2017,5,7,3,3,2,2,0,1,0,0,0,0,1,7.78997E+20,5.65513E+21,1.2975E+16,5.098E+16
61913,,14,6,25,240,2017,4,11,2,3,5,3,0,1,0,0,0,0,0,8.64809E+20,5.7121E+21,1.42507E+16,5.14423E+16
61914,,14,6,12,0,2017,5,17,5,3,2,2,0,1,0,0,0,0,0,8.3208E+20,5.66772E+21,1.37403E+16,5.10648E+16
61915,,14,5,21,150,2017,5,15,3,3,2,2,0,1,0,1,0,0,0,7.84277E+20,5.62235E+21,1.30246E+16,5.06834E+16
61916,,14,6,12,0,2017,5,11,5,3,0,1,1,0,0,0,0,0,0,8.3089E+20,5.66645E+21,1.37222E+16,5.10541E+16
61917,,14,6,12,0,2017,5,14,5,2,5,2,0,1,0,0,1,0,0,8.30654E+20,5.67053E+21,1.37226E+16,5.10908E+16
61918,,14,6,26,610,2017,6,13,5,3,0,1,1,0,0,0,0,0,0,9.06472E+20,5.65471E+21,1.47824E+16,5.09005E+16
61919,,14,5,22,360,2017,5,13,5,3,5,2,0,1,0,1,0,0,0,7.78313E+20,5.65643E+21,1.29663E+16,5.09921E+16
61920,,14,5,11,0,2017,6,23,6,3,5,3,1,1,0,0,0,2,0,7.75015E+20,5.63916E+21,1.29064E+16,5.08387E+16
61921,,14,5,22,360,2017,5,15,5,3,2,6,1,1,0,0,0,0,0,7.77234E+20,5.65996E+21,1.29536E+16,5.10243E+16
61922,,14,6,25,20,2017,6,12,6,3,0,7,1,0,0,0,0,0,0,8.79747E+20,5.68129E+21,1.44319E+16,5.11567E+16
61923,,14,6,25,220,2017,5,6,2,2,9,1,0,0,0,1,0,0,0,8.52277E+20,5.68741E+21,1.40467E+16,5.12291E+16
61924,,14,5,22,230,2017,5,10,5,2,2,6,0,1,0,1,0,0,0,7.87592E+20,5.65452E+21,1.30966E+16,5.09704E+16
61925,,14,5,24,130,2017,6,9,6,3,5,3,0,1,0,1,0,0,0,7.48501E+20,5.61644E+21,1.25152E+16,5.06467E+16
61926,,14,6,25,250,2017,5,11,2,3,2,6,0,1,0,1,0,0,0,8.55244E+20,5.69177E+21,1.40933E+16,5.12663E+16
61927,,14,5,22,220,2017,5,6,5,3,1,1,0,0,0,0,1,0,0,7.79935E+20,5.6785E+21,1.30064E+16,5.11892E+16
61928,,14,6,27,140,2017,4,19,2,3,5,3,1,1,0,0,0,0,0,8.13623E+20,5.67778E+21,1.34864E+16,5.11653E+16
61929,,14,6,27,310,2017,6,16,7,2,5,2,1,1,0,0,0,0,0,8.1905E+20,5.67737E+21,1.35634E+16,5.11586E+16
61930,,14,6,25,240,2017,5,16,2,2,5,3,1,1,0,0,0,0,0,8.64859E+20,5.71216E+21,1.42514E+16,5.14428E+16
61931,,14,5,21,20,2017,5,15,6,3,2,6,0,1,0,0,0,0,0,7.84375E+20,5.60828E+21,1.30152E+16,5.05571E+16
61932,,14,6,12,0,2017,4,18,2,3,5,3,0,1,0,1,0,0,0,8.30103E+20,5.67144E+21,1.37155E+16,5.10992E+16
61933,,14,6,25,170,2017,5,13,6,2,5,3,0,1,0,0,0,0,0,8.56392E+20,5.67349E+21,1.40916E+16,5.11019E+16
61934,,14,6,12,0,2017,4,16,2,3,3,6,0,1,0,1,0,0,0,8.31022E+20,5.66551E+21,1.37232E+16,5.10455E+16
61935,,14,5,22,330,2017,5,15,7,3,0,1,1,0,0,0,0,0,0,7.77122E+20,5.64674E+21,1.2942E+16,5.09056E+16
61936,,14,6,12,0,2017,4,10,2,2,5,3,0,1,0,0,1,0,0,8.24705E+20,5.66446E+21,1.36324E+16,5.10397E+16
61937,,14,6,12,0,2017,4,13,2,3,5,2,1,1,0,0,0,0,0,8.31568E+20,5.66883E+21,1.3734E+16,5.1075E+16
61938,,14,5,11,0,2017,5,15,3,3,5,3,0,1,0,0,1,0,0,7.69263E+20,5.6432E+21,1.28278E+16,5.08776E+16
61939,,14,7,29,340,2017,5,13,3,3,4,2,0,1,0,0,0,0,0,7.53904E+20,5.68807E+21,1.26415E+16,5.12872E+16
61940,,14,5,11,0,2017,5,18,3,3,5,2,0,1,0,0,0,0,0,7.77226E+20,5.63743E+21,1.29364E+16,5.08221E+16
61941,,14,5,11,0,2017,5,21,5,2,2,6,0,1,0,0,0,2,0,7.70464E+20,5.64035E+21,1.28428E+16,5.08515E+16
61942,,14,5,11,0,2017,5,7,3,2,2,6,0,1,0,0,1,0,1,7.73301E+20,5.63534E+21,1.28792E+16,5.08052E+16
61943,,14,5,21,710,2017,4,7,2,3,6,4,0,1,1,0,0,0,0,7.74558E+20,5.62046E+21,1.2886E+16,5.06712E+16
61944,,14,5,21,160,2017,5,10,6,3,5,3,1,1,0,0,0,0,0,7.77136E+20,5.61841E+21,1.29208E+16,5.06515E+16
61945,,14,6,26,370,2017,5,17,6,3,3,6,1,1,0,0,0,0,0,9.07234E+20,5.69829E+21,1.48422E+16,5.12899E+16
61946,,14,5,22,350,2017,4,16,2,3,0,1,1,0,0,0,0,0,0,7.63596E+20,5.65228E+21,1.2754E+16,5.09617E+16
61947,,14,5,21,410,2017,5,12,7,3,1,7,0,1,0,0,0,0,0,7.73259E+20,5.63063E+21,1.28751E+16,5.0763E+16
61948,,14,5,22,140,2017,4,15,2,3,4,6,0,1,0,0,0,0,0,7.86993E+20,5.64238E+21,1.30786E+16,5.08617E+16
61949,,14,5,23,320,2017,5,12,7,3,1,6,0,1,0,0,0,0,0,7.20328E+20,5.60214E+21,1.21089E+16,5.05297E+16
61950,,14,5,24,90,2017,4,13,1,3,5,2,0,1,0,0,1,0,0,7.6127E+20,5.6185E+21,1.26969E+16,5.06596E+16
61951,,14,5,23,320,2017,5,9,1,2,5,3,0,1,0,0,0,0,0,7.21912E+20,5.59975E+21,1.21298E+16,5.05076E+16
61952,,14,6,27,180,2017,4,9,1,3,2,1,0,1,0,0,0,0,1,8.05073E+20,5.66501E+21,1.33537E+16,5.10554E+16
61953,,14,5,21,150,2017,5,17,2,2,4,1,0,1,0,0,1,0,0,7.86321E+20,5.6257E+21,1.30561E+16,5.07124E+16
61954,,14,7,30,330,2017,4,21,1,2,9,1,0,1,0,0,0,2,0,7.74385E+20,5.694E+21,1.29391E+16,5.1331E+16
61955,,14,7,13,0,2017,4,16,1,3,6,4,0,0,1,0,1,0,0,7.34356E+20,5.69338E+21,1.23652E+16,5.13433E+16
61956,,14,5,11,0,2017,5,17,3,3,2,6,0,1,0,0,0,0,0,7.75259E+20,5.63788E+21,1.29089E+16,5.08271E+16
61957,,14,5,11,0,2017,5,20,3,2,2,6,0,1,0,0,0,0,0,7.70627E+20,5.63995E+21,1.28448E+16,5.08478E+16
61958,,14,5,11,0,2017,5,22,3,2,5,3,1,1,0,0,0,2,0,7.7565E+20,5.63652E+21,1.29134E+16,5.08147E+16
61959,,14,5,21,330,2017,5,13,4,3,0,3,1,1,0,0,0,0,0,7.90872E+20,5.60721E+21,1.31059E+16,5.05443E+16
61960,,14,6,26,230,2017,5,12,2,3,4,6,0,1,0,0,1,0,0,9.10339E+20,5.69409E+21,1.48817E+16,5.12501E+16
61961,,14,5,24,30,2017,5,6,5,3,0,7,0,0,0,0,1,0,0,7.4201E+20,5.63601E+21,1.24364E+16,5.08252E+16
61962,,14,5,11,0,2017,5,14,5,3,8,1,0,1,0,0,0,0,0,7.67245E+20,5.63327E+21,1.2792E+16,5.07894E+16
61963,,14,5,21,690,2017,5,13,5,2,2,2,0,1,0,0,1,0,0,7.90747E+20,5.62765E+21,1.31201E+16,5.07277E+16
61964,,14,6,26,480,2017,5,12,2,3,5,3,0,1,0,0,0,0,0,9.13632E+20,5.71111E+21,1.49484E+16,5.13999E+16
61965,,14,5,24,300,2017,5,16,4,2,4,6,1,1,0,0,0,0,0,7.384E+20,5.62412E+21,1.23776E+16,5.07199E+16
61966,,14,5,23,320,2017,5,16,4,2,0,1,1,0,0,0,0,0,0,7.22315E+20,5.59773E+21,1.21343E+16,5.04893E+16
61967,,14,6,25,20,2017,5,14,2,3,1,6,0,1,0,0,0,0,0,8.77461E+20,5.6837E+21,1.44019E+16,5.11798E+16
61968,,14,5,23,450,2017,5,9,4,3,1,6,0,1,0,0,0,0,0,7.1385E+20,5.5946E+21,1.20133E+16,5.04643E+16
61969,,14,5,24,80,2017,5,15,4,3,4,1,0,1,0,1,0,0,0,7.50825E+20,5.638E+21,1.25627E+16,5.08393E+16
61970,,14,7,30,360,2017,5,22,7,3,8,1,0,1,0,0,0,2,0,7.49938E+20,5.71051E+21,1.26005E+16,5.14904E+16
61971,,14,5,24,80,2017,5,7,4,2,9,1,0,1,0,0,0,0,0,7.53495E+20,5.63815E+21,1.26007E+16,5.08394E+16
61972,,14,7,30,310,2017,5,22,4,3,5,3,1,1,0,0,0,2,0,7.77157E+20,5.71922E+21,1.29985E+16,5.15559E+16
61973,,14,5,24,90,2017,5,16,2,3,4,1,0,1,0,0,0,0,0,7.5756E+20,5.61907E+21,1.26449E+16,5.06664E+16
61974,,14,7,29,190,2017,5,18,4,3,2,6,0,1,0,0,0,0,0,7.43584E+20,5.68531E+21,1.24919E+16,5.1267E+16
61975,,14,7,13,0,2017,5,6,4,2,0,7,0,1,0,0,1,0,0,7.40072E+20,5.69798E+21,1.24502E+16,5.13822E+16
61976,,14,7,29,140,2017,5,9,2,2,2,6,0,0,0,1,0,0,0,7.52617E+20,5.66851E+21,1.26093E+16,5.11123E+16
61977,,14,7,13,0,2017,5,10,4,3,2,6,0,1,0,0,0,0,0,7.36234E+20,5.69373E+21,1.23923E+16,5.13456E+16
61978,,14,7,13,0,2017,5,16,4,3,2,6,0,1,0,0,0,0,0,7.35392E+20,5.69349E+21,1.23801E+16,5.13438E+16
61979,,14,7,13,0,2017,5,10,2,2,3,7,1,0,0,0,1,0,0,7.3424E+20,5.69332E+21,1.23635E+16,5.13428E+16
61980,,14,7,13,0,2017,5,16,4,3,5,3,0,1,0,0,0,0,0,7.2775E+20,5.69017E+21,1.22684E+16,5.13172E+16
61981,,14,7,30,360,2017,5,21,4,3,4,6,0,1,0,0,0,1,0,7.45281E+20,5.71605E+21,1.25374E+16,5.15421E+16
61982,,14,6,26,250,2017,5,13,2,3,2,6,1,0,0,0,0,0,0,8.93919E+20,5.72349E+21,1.46802E+16,5.15248E+16
61983,,14,6,26,60,2017,4,17,1,3,4,2,0,1,0,0,0,0,1,8.81808E+20,5.70506E+21,1.44866E+16,5.13681E+16
61984,,14,7,29,250,2017,5,8,4,3,3,6,0,1,0,0,1,0,0,7.53986E+20,5.69952E+21,1.26508E+16,5.139E+16
61985,,14,6,25,480,2017,5,15,2,3,2,2,0,1,0,0,0,0,0,8.45023E+20,5.67528E+21,1.39315E+16,5.11249E+16
61986,,14,7,13,0,2017,5,9,4,3,6,2,0,1,1,0,0,0,0,7.35425E+20,5.69026E+21,1.23784E+16,5.13148E+16
61987,,14,6,12,0,2017,6,19,5,2,5,3,1,1,0,0,0,0,0,8.41279E+20,5.66648E+21,1.38699E+16,5.10482E+16
61988,,14,6,26,50,2017,5,11,4,3,5,3,0,1,0,0,0,0,0,9.04113E+20,5.65452E+21,1.47488E+16,5.09005E+16
61989,,14,6,25,430,2017,6,18,5,3,1,5,0,1,0,0,0,0,0,8.3831E+20,5.67935E+21,1.38398E+16,5.11654E+16
61990,,14,6,25,240,2017,5,20,4,3,0,2,1,1,0,0,0,1,0,8.65825E+20,5.71344E+21,1.42666E+16,5.14537E+16
61991,,14,7,13,0,2017,6,16,5,3,5,3,1,1,0,0,0,0,0,7.28894E+20,5.69175E+21,1.22858E+16,5.13309E+16
61992,,14,5,22,80,2017,5,18,4,2,2,6,0,0,0,1,0,0,0,7.91494E+20,5.6724E+21,1.31665E+16,5.11287E+16
61993,,14,6,27,140,2017,6,6,6,3,5,3,0,1,0,0,1,0,0,8.1347E+20,5.67765E+21,1.34841E+16,5.11642E+16
61994,,14,6,25,600,2017,5,8,2,3,2,6,0,1,0,0,0,0,0,8.42391E+20,5.68024E+21,1.38988E+16,5.11708E+16
61995,,14,5,24,320,2017,5,17,4,3,5,3,0,1,0,0,0,0,0,7.47517E+20,5.62033E+21,1.2504E+16,5.06821E+16
61996,,14,6,25,480,2017,4,12,1,3,5,3,0,1,0,0,0,0,1,8.44847E+20,5.6753E+21,1.3929E+16,5.11251E+16
61997,,14,5,21,450,2017,6,22,6,3,3,6,0,1,0,0,1,2,0,7.63651E+20,5.62267E+21,1.27335E+16,5.06959E+16
61998,,14,6,28,240,2017,5,17,2,3,2,6,0,1,0,0,0,0,0,8.50621E+20,5.6605E+21,1.39969E+16,5.09891E+16
61999,,14,6,28,190,2017,5,13,5,2,4,1,0,1,0,1,0,0,0,8.5754E+20,5.65925E+21,1.40939E+16,5.09736E+16
62000,,14,6,25,250,2017,4,17,1,3,4,6,0,1,0,0,0,0,0,8.56263E+20,5.69229E+21,1.41084E+16,5.12703E+16
62001,,14,5,21,80,2017,6,10,7,3,8,1,0,0,0,1,0,0,0,7.60102E+20,5.60669E+21,1.26722E+16,5.05542E+16
62002,,14,6,27,210,2017,5,5,2,3,5,2,1,0,0,0,1,0,0,8.23256E+20,5.67252E+21,1.3619E+16,5.11128E+16
62003,,14,5,23,450,2017,5,14,5,2,8,1,0,1,0,0,0,0,0,7.16722E+20,5.58895E+21,1.20505E+16,5.04126E+16
62004,,14,6,25,200,2017,4,22,1,2,2,1,0,1,0,0,0,2,0,8.52335E+20,5.67978E+21,1.404E+16,5.11607E+16
62005,,14,6,28,10,2017,5,12,6,2,9,1,0,0,0,1,0,0,0,8.36889E+20,5.6346E+21,1.37781E+16,5.07651E+16
62006,,14,6,27,180,2017,4,8,1,3,1,1,0,1,0,0,0,0,2,8.05648E+20,5.6646E+21,1.33616E+16,5.10515E+16
62007,,14,6,27,100,2017,4,9,1,3,2,6,0,1,0,0,0,0,1,8.07429E+20,5.66553E+21,1.33877E+16,5.10588E+16
62008,,14,6,27,180,2017,5,18,4,3,8,1,0,0,0,1,0,0,0,8.05935E+20,5.66576E+21,1.33666E+16,5.10617E+16
62009,,14,6,28,210,2017,5,10,2,3,0,7,0,0,0,1,0,0,0,8.57234E+20,5.65323E+21,1.40836E+16,5.09198E+16
62010,,14,6,28,250,2017,5,20,3,2,8,1,0,0,0,1,0,0,0,8.39143E+20,5.65352E+21,1.38275E+16,5.09334E+16
62011,,14,5,21,550,2017,4,6,1,3,5,3,0,1,0,0,0,0,1,7.6785E+20,5.6063E+21,1.2781E+16,5.05472E+16
62012,,14,6,27,200,2017,5,21,4,2,9,1,0,1,0,0,0,2,0,8.17331E+20,5.68707E+21,1.35475E+16,5.12465E+16
62013,,14,6,27,250,2017,5,5,2,3,9,1,0,1,0,0,0,1,0,8.27257E+20,5.69394E+21,1.36955E+16,5.13025E+16
62014,,14,7,30,110,2017,4,10,7,3,2,6,0,1,0,0,0,0,0,7.50878E+20,5.70686E+21,1.26114E+16,5.14572E+16
62015,,14,6,28,60,2017,5,14,4,2,2,2,0,1,0,0,1,0,0,8.25526E+20,5.64205E+21,1.36241E+16,5.08384E+16
62016,,14,6,12,0,2017,5,15,2,2,5,3,1,1,0,0,0,0,0,8.34814E+20,5.66814E+21,1.37795E+16,5.10669E+16
62017,,14,6,28,50,2017,5,6,4,2,2,6,0,1,0,0,1,0,0,8.30868E+20,5.65924E+21,1.37153E+16,5.09894E+16
62018,,14,6,12,0,2017,5,19,4,2,0,1,1,0,0,0,0,0,0,8.27206E+20,5.6681E+21,1.36713E+16,5.10709E+16
62019,,14,6,12,0,2017,5,8,4,3,0,1,0,0,0,1,0,0,0,8.32571E+20,5.66604E+21,1.37457E+16,5.10494E+16
62020,,14,5,22,70,2017,5,12,4,2,5,2,1,1,0,0,0,0,0,7.71265E+20,5.65118E+21,1.28622E+16,5.09483E+16
62021,,14,6,28,270,2017,6,18,6,3,5,3,0,1,0,0,0,0,0,8.45269E+20,5.66014E+21,1.39206E+16,5.09891E+16
62022,,14,6,27,20,2017,5,14,2,2,4,6,0,1,0,0,1,0,0,8.0983E+20,5.68006E+21,1.34343E+16,5.11878E+16
62023,,14,5,23,20,2017,6,7,6,2,4,2,0,1,0,1,0,0,0,7.42063E+20,5.6002E+21,1.24138E+16,5.05037E+16
62024,,14,6,27,140,2017,5,15,2,3,5,2,0,1,0,0,0,0,0,8.12913E+20,5.67836E+21,1.34768E+16,5.11709E+16
62025,,14,6,26,390,2017,5,10,5,2,8,1,0,1,0,0,0,0,0,9.00718E+20,5.65896E+21,1.47056E+16,5.09426E+16
62026,,14,5,21,390,2017,6,8,7,2,3,7,0,1,0,0,0,0,0,7.94156E+20,5.61738E+21,1.31601E+16,5.06339E+16
62027,,14,5,24,330,2017,5,23,5,3,3,3,1,0,0,1,0,2,0,7.46596E+20,5.62269E+21,1.24925E+16,5.07036E+16
62028,,14,7,29,50,2017,4,13,7,3,2,6,0,1,0,0,0,0,0,7.44062E+20,5.66905E+21,1.24877E+16,5.11209E+16
62029,,14,6,28,260,2017,5,13,6,2,2,2,0,1,0,0,0,0,0,8.65888E+20,5.66617E+21,1.42193E+16,5.10303E+16
62030,,14,6,25,500,2017,4,13,7,3,0,1,1,0,0,0,0,0,0,8.64414E+20,5.6947E+21,1.42272E+16,5.12868E+16
62031,,14,5,24,70,2017,5,16,6,2,3,2,0,1,0,0,1,0,0,7.62825E+20,5.62873E+21,1.27262E+16,5.07507E+16
62032,,14,6,25,20,2017,4,8,7,3,2,6,0,1,0,0,0,0,0,8.81763E+20,5.68593E+21,1.44655E+16,5.11969E+16
62033,,14,7,30,340,2017,5,14,7,3,3,6,0,1,0,0,0,0,0,7.226E+20,5.70921E+21,1.22066E+16,5.14902E+16
62034,,14,6,28,260,2017,4,15,7,3,2,6,0,1,0,0,1,0,0,8.65488E+20,5.66409E+21,1.42115E+16,5.10119E+16
62035,,14,6,25,430,2017,5,12,1,3,2,6,0,1,0,0,0,0,0,8.37221E+20,5.68E+21,1.38248E+16,5.11717E+16