OBJECTID,UIDENTSTLA,ULAND,UREGBEZ,UKREIS,UGEMEINDE,UJAHR,UMONAT,USTUNDE,UWOCHENTAG,UKATEGORIE,UART,UTYP1,IstRad,IstPKW,IstFuss,IstKrad,IstSonstig,LICHT,STRZUSTAND,LINREFX,LINREFY,XGCSWGS84,YGCSWGS84
62036,,14,6,27,260,2017,4,6,7,3,1,5,1,1,0,0,0,0,1,7.95106E+20,5.68763E+21,1.32304E+16,5.12634E+16
62037,,14,7,13,0,2017,4,14,6,3,5,2,1,1,0,0,0,0,0,7.37158E+20,5.69025E+21,1.24032E+16,5.13141E+16
62038,,14,6,25,110,2017,5,7,3,3,5,3,0,1,0,0,0,0,0,8.7447E+20,5.68046E+21,1.43559E+16,5.11528E+16
62039,,14,6,12,0,2017,5,19,2,3,2,6,0,1,0,0,0,0,0,8.30061E+20,5.66945E+21,1.37131E+16,5.10814E+16
62040,,14,5,21,240,2017,5,15,4,2,2,6,0,1,0,0,1,0,0,7.89809E+20,5.62501E+21,1.31048E+16,5.07046E+16
62041,,14,5,22,470,2017,5,15,2,2,8,1,0,0,0,1,0,0,0,8.16461E+20,5.63133E+21,1.34865E+16,5.07473E+16
62042,,14,5,22,510,2017,5,15,4,3,1,6,0,1,0,0,1,0,0,7.93325E+20,5.66471E+21,1.31863E+16,5.10589E+16
62043,,14,5,21,550,2017,5,8,4,3,2,6,0,1,0,0,0,0,0,7.68416E+20,5.60516E+21,1.27882E+16,5.05367E+16
62044,,14,5,11,0,2017,5,14,4,2,2,6,0,1,0,0,1,0,0,7.72098E+20,5.64132E+21,1.28666E+16,5.08594E+16
62045,,14,5,24,80,2017,5,15,3,3,5,2,0,1,0,0,0,0,0,7.45797E+20,5.6371E+21,1.24908E+16,5.08334E+16
62046,,14,5,24,330,2017,5,12,3,3,5,3,0,1,0,0,0,0,0,7.43779E+20,5.62427E+21,1.24537E+16,5.07191E+16
62047,,14,5,24,330,2017,5,15,6,3,2,7,1,1,0,0,0,0,0,7.45487E+20,5.62447E+21,1.2478E+16,5.07201E+16
62048,,14,5,24,90,2017,5,18,3,2,4,2,0,1,0,1,0,0,0,7.58709E+20,5.61732E+21,1.266E+16,5.06502E+16
62049,,14,6,28,390,2017,5,23,7,2,0,7,0,0,0,1,0,2,0,8.50045E+20,5.65577E+21,1.39842E+16,5.0947E+16
62050,,14,5,23,200,2017,5,15,3,2,4,1,0,1,0,0,1,0,0,7.37947E+20,5.5792E+21,1.23425E+16,5.03168E+16
62051,,14,7,30,330,2017,5,8,3,2,8,1,0,1,0,0,0,0,0,7.78199E+20,5.6877E+21,1.29888E+16,5.12726E+16
62052,,14,7,13,0,2017,5,6,3,2,5,3,0,1,0,1,0,0,0,7.33006E+20,5.69687E+21,1.23481E+16,5.13752E+16
62053,,14,5,11,0,2017,5,0,2,2,9,1,0,1,0,0,0,2,0,7.71822E+20,5.63581E+21,1.28587E+16,5.08101E+16
62054,,14,7,13,0,2017,5,14,3,3,2,6,0,1,0,0,0,0,0,7.38845E+20,5.69475E+21,1.24304E+16,5.13537E+16
62055,,14,6,26,610,2017,5,17,3,3,8,1,0,1,0,0,0,0,0,9.09632E+20,5.66351E+21,1.4837E+16,5.0977E+16
62056,,14,5,22,230,2017,5,18,2,3,2,6,0,1,0,0,1,0,0,7.90365E+20,5.65727E+21,1.31382E+16,5.09936E+16
62057,,14,6,26,610,2017,5,16,3,2,0,7,1,0,0,0,0,0,0,9.13467E+20,5.66081E+21,1.48882E+16,5.09502E+16
62058,,14,6,26,180,2017,5,10,3,3,0,1,0,0,0,1,0,0,0,9.0176E+20,5.66639E+21,1.47286E+16,5.10084E+16
62059,,14,5,11,0,2017,5,16,2,3,9,1,0,1,0,0,0,0,0,7.71402E+20,5.63721E+21,1.28537E+16,5.08229E+16
62060,,14,6,25,450,2017,5,0,3,3,8,1,1,0,0,0,0,2,0,8.5035E+20,5.68142E+21,1.40133E+16,5.11766E+16
62061,,14,5,21,380,2017,5,18,2,2,3,6,1,0,0,0,1,0,0,7.63918E+20,5.63006E+21,1.27426E+16,5.07622E+16
62062,,14,6,26,245,2017,5,14,3,3,2,2,0,1,0,0,0,0,0,8.98575E+20,5.6724E+21,1.469E+16,5.10644E+16
62063,,14,6,28,390,2017,5,12,4,2,9,7,0,1,0,0,0,0,0,8.48905E+20,5.65466E+21,1.39669E+16,5.09378E+16
62064,,14,5,21,370,2017,6,19,5,2,5,3,0,1,0,1,0,0,0,7.64228E+20,5.61495E+21,1.27362E+16,5.06265E+16
62065,,14,6,28,270,2017,6,21,5,3,0,1,1,0,0,0,0,1,0,8.46409E+20,5.6577E+21,1.39345E+16,5.09665E+16
62066,,14,5,22,180,2017,5,15,4,3,2,6,0,1,0,0,0,0,0,8.04491E+20,5.64617E+21,1.33297E+16,5.08868E+16
62067,,14,6,26,140,2017,6,23,5,2,8,1,1,0,0,0,0,2,0,8.97587E+20,5.65375E+21,1.46556E+16,5.08982E+16
62068,,14,6,28,20,2017,5,6,4,2,2,7,0,0,0,1,1,0,0,8.48005E+20,5.64439E+21,1.39444E+16,5.08463E+16
62069,,14,7,30,270,2017,4,13,6,3,1,6,0,1,0,0,0,0,0,7.21461E+20,5.69952E+21,1.21841E+16,5.14036E+16
62070,,14,5,22,320,2017,6,14,6,3,9,1,0,1,0,0,0,0,0,7.89589E+20,5.63464E+21,1.31093E+16,5.0791E+16
62071,,14,6,27,230,2017,5,17,3,3,4,6,1,1,0,0,0,0,0,7.99159E+20,5.68885E+21,1.32894E+16,5.12723E+16
62072,,14,5,24,330,2017,4,4,1,3,9,6,0,1,0,0,0,2,0,7.46949E+20,5.62604E+21,1.24997E+16,5.07336E+16
62073,,14,5,23,190,2017,4,16,1,2,4,6,0,1,0,1,0,0,0,7.32471E+20,5.61034E+21,1.22851E+16,5.05985E+16
62074,,14,5,23,190,2017,4,16,1,2,8,1,0,0,0,1,0,0,0,7.32472E+20,5.61034E+21,1.22851E+16,5.05986E+16
62075,,14,6,28,205,2017,5,7,3,3,4,7,0,1,0,0,0,0,0,8.22478E+20,5.65051E+21,1.35884E+16,5.09159E+16
62076,,14,7,13,0,2017,4,14,1,3,1,6,0,1,0,0,0,0,0,7.36144E+20,5.7015E+21,1.23962E+16,5.14154E+16
62077,,14,7,30,150,2017,4,9,6,3,2,6,0,0,0,0,1,0,0,7.42177E+20,5.70642E+21,1.24861E+16,5.1457E+16
62078,,14,7,13,0,2017,4,13,1,3,3,6,0,1,0,0,1,0,0,7.33185E+20,5.69293E+21,1.23481E+16,5.13398E+16
62079,,14,6,27,180,2017,4,14,1,3,2,6,0,1,0,0,0,0,0,8.03064E+20,5.66629E+21,1.33262E+16,5.10679E+16
62080,,14,7,30,310,2017,6,12,5,2,5,3,0,1,0,1,0,0,0,7.76147E+20,5.71903E+21,1.29838E+16,5.15546E+16
62081,,14,6,28,50,2017,6,12,6,2,5,3,0,1,0,1,0,0,0,8.32589E+20,5.65755E+21,1.37382E+16,5.09733E+16
62082,,14,5,24,330,2017,5,18,4,3,5,3,0,0,0,0,1,0,1,7.48056E+20,5.62439E+21,1.25143E+16,5.07183E+16
62083,,14,6,25,480,2017,6,15,6,3,6,4,0,0,1,0,1,0,0,8.44787E+20,5.67507E+21,1.3928E+16,5.11231E+16
62084,,14,6,27,10,2017,5,15,2,3,5,3,0,1,0,1,0,0,0,8.19751E+20,5.67387E+21,1.35703E+16,5.11269E+16
62085,,14,6,27,10,2017,5,10,5,3,5,3,1,1,0,0,0,0,0,8.20252E+20,5.67453E+21,1.35781E+16,5.11325E+16
62086,,14,7,13,0,2017,4,13,6,3,3,2,1,0,0,0,1,0,0,7.33908E+20,5.69695E+21,1.23611E+16,5.13756E+16
62087,,14,5,24,90,2017,6,10,7,2,4,2,0,1,0,0,0,0,0,7.6127E+20,5.6185E+21,1.26969E+16,5.06596E+16
62088,,14,6,12,0,2017,5,13,2,3,4,6,1,0,0,0,0,0,0,8.35018E+20,5.66215E+21,1.37769E+16,5.10131E+16
62089,,14,7,29,160,2017,5,22,5,3,8,1,0,1,0,0,0,2,0,7.7287E+20,5.68338E+21,1.29093E+16,5.12364E+16
62090,,14,6,26,610,2017,4,17,6,3,5,3,1,1,0,0,0,0,0,9.08568E+20,5.65392E+21,1.48111E+16,5.0892E+16
62091,,14,6,12,0,2017,5,15,2,3,2,2,0,1,0,0,0,0,0,8.31816E+20,5.6676E+21,1.37364E+16,5.10638E+16
62092,,14,6,12,0,2017,5,16,6,3,0,1,1,0,0,0,0,0,0,8.33418E+20,5.66989E+21,1.37613E+16,5.10834E+16
62093,,14,6,25,120,2017,4,21,6,2,9,1,0,1,0,0,0,2,0,8.71296E+20,5.71648E+21,1.43482E+16,5.14773E+16
62094,,14,6,25,240,2017,5,14,6,3,5,2,1,1,0,0,0,0,0,8.63271E+20,5.71002E+21,1.42265E+16,5.14247E+16
62095,,14,6,28,20,2017,4,15,6,3,2,6,0,1,0,0,0,0,0,8.48094E+20,5.64775E+21,1.39489E+16,5.08764E+16
62096,,14,6,28,300,2017,5,17,7,2,5,3,1,1,0,0,0,0,0,8.25514E+20,5.65604E+21,1.36364E+16,5.09638E+16
62097,,14,6,27,140,2017,4,8,6,3,5,3,1,1,0,0,0,0,0,8.14175E+20,5.67715E+21,1.34938E+16,5.11594E+16
62098,,14,6,27,140,2017,4,16,6,3,6,2,0,0,1,0,1,0,0,8.12527E+20,5.67679E+21,1.34699E+16,5.1157E+16
62099,,14,7,29,30,2017,5,16,2,3,4,2,0,1,0,0,0,0,0,7.56047E+20,5.69637E+21,1.26781E+16,5.13608E+16
62100,,14,6,12,0,2017,5,8,3,3,1,6,0,1,0,0,0,0,0,8.31708E+20,5.66451E+21,1.3732E+16,5.10361E+16
62101,,14,7,30,170,2017,4,12,1,1,4,6,0,1,0,0,0,0,0,7.90509E+20,5.68946E+21,1.31662E+16,5.12822E+16
62102,,14,5,23,100,2017,5,11,3,2,8,1,0,1,0,0,1,0,0,7.26316E+20,5.61278E+21,1.21997E+16,5.06229E+16
62103,,14,7,29,160,2017,4,10,1,2,4,2,0,1,0,1,0,0,0,7.60451E+20,5.68129E+21,1.27303E+16,5.12235E+16
62104,,14,6,28,50,2017,4,14,6,3,4,2,0,1,0,0,0,0,0,8.34371E+20,5.65981E+21,1.37656E+16,5.09925E+16
62105,,14,6,27,180,2017,5,17,2,2,2,6,0,1,0,0,0,0,0,7.98101E+20,5.66038E+21,1.32507E+16,5.10176E+16
62106,,14,6,27,150,2017,5,7,2,2,5,3,1,1,0,0,0,0,0,8.25499E+20,5.67548E+21,1.36537E+16,5.11381E+16
62107,,14,6,12,0,2017,5,7,3,3,5,2,1,1,0,0,0,0,0,8.34363E+20,5.66286E+21,1.37683E+16,5.10199E+16
62108,,14,6,12,0,2017,5,6,6,2,5,3,1,0,0,0,0,0,0,8.31917E+20,5.66927E+21,1.37394E+16,5.10787E+16
62109,,14,6,12,0,2017,5,8,3,3,3,6,0,1,0,0,1,0,0,8.32212E+20,5.67497E+21,1.37488E+16,5.11296E+16
62110,,14,5,24,180,2017,5,17,6,3,1,5,0,1,0,0,0,0,0,7.64251E+20,5.6405E+21,1.27548E+16,5.08557E+16
62111,,14,6,12,0,2017,5,12,3,3,5,3,0,1,0,0,0,0,0,8.32626E+20,5.66627E+21,1.37467E+16,5.10514E+16
62112,,14,5,21,550,2017,5,18,7,2,5,3,0,1,0,0,0,0,0,7.67765E+20,5.60526E+21,1.27791E+16,5.05379E+16
62113,,14,5,22,170,2017,5,16,3,3,3,6,0,0,0,1,1,0,0,8.16058E+20,5.6353E+21,1.34842E+16,5.07831E+16
62114,,14,5,21,630,2017,5,10,3,2,8,1,0,1,0,0,0,0,0,7.85773E+20,5.61379E+21,1.30391E+16,5.06059E+16
62115,,14,5,21,20,2017,5,23,3,2,0,1,1,0,0,0,0,2,0,7.84196E+20,5.61095E+21,1.30147E+16,5.05812E+16
62116,,14,5,11,0,2017,5,22,3,3,5,3,0,1,0,0,0,1,0,7.75168E+20,5.63854E+21,1.29081E+16,5.0833E+16
62117,,14,5,21,390,2017,5,10,3,3,1,6,0,1,0,0,0,0,0,7.94394E+20,5.61933E+21,1.3165E+16,5.06513E+16
62118,,14,5,24,330,2017,5,15,2,2,5,2,0,1,0,0,0,0,0,7.45249E+20,5.63127E+21,1.24792E+16,5.07813E+16
62119,,14,7,29,410,2017,4,1,1,2,9,1,0,1,0,0,0,2,0,7.606E+20,5.69643E+21,1.27434E+16,5.13592E+16
62120,,14,6,26,245,2017,4,15,1,3,8,1,0,1,0,0,0,0,0,8.95974E+20,5.66842E+21,1.46487E+16,5.10305E+16
62121,,14,5,23,20,2017,5,17,2,1,2,6,0,1,0,0,0,0,0,7.43089E+20,5.59895E+21,1.24274E+16,5.0492E+16
62122,,14,6,25,30,2017,4,6,1,2,8,1,0,1,0,0,0,0,0,8.5195E+20,5.70419E+21,1.40585E+16,5.13796E+16
62123,,14,7,29,360,2017,5,15,2,3,8,1,0,1,0,0,0,0,0,7.40216E+20,5.6667E+21,1.24313E+16,5.11013E+16
62124,,14,6,27,180,2017,5,6,4,3,2,2,0,1,0,0,1,0,0,8.00674E+20,5.66406E+21,1.32903E+16,5.10492E+16
62125,,14,5,22,70,2017,5,15,2,3,2,6,0,1,0,1,0,0,0,7.73297E+20,5.6505E+21,1.28905E+16,5.09412E+16
62126,,14,7,13,0,2017,5,9,2,3,3,2,1,1,0,0,0,0,0,7.34779E+20,5.69353E+21,1.23713E+16,5.13445E+16
62127,,14,7,29,260,2017,5,14,2,2,2,6,0,1,0,0,1,0,0,7.3608E+20,5.68399E+21,1.23837E+16,5.12583E+16
62128,,14,5,22,210,2017,5,13,2,2,1,5,0,1,0,0,0,0,0,8.02334E+20,5.6549E+21,1.33063E+16,5.09662E+16
62129,,14,7,29,50,2017,5,7,2,3,1,6,0,0,0,0,1,0,0,7.44356E+20,5.66794E+21,1.24911E+16,5.11108E+16
62130,,14,5,22,510,2017,5,15,2,3,0,2,1,1,0,0,0,0,0,7.93096E+20,5.66551E+21,1.31837E+16,5.10661E+16
62131,,14,7,30,270,2017,5,14,2,3,4,6,1,0,0,0,0,0,0,7.24766E+20,5.6985E+21,1.22309E+16,5.13932E+16
62132,,14,6,26,290,2017,5,19,2,2,5,3,1,1,0,0,0,0,0,8.96808E+20,5.67655E+21,1.46695E+16,5.11027E+16
62133,,14,6,26,60,2017,5,11,2,3,4,6,0,1,0,0,0,0,0,8.8254E+20,5.70757E+21,1.44997E+16,5.139E+16
62134,,14,6,25,130,2017,5,14,2,2,4,6,0,1,0,1,0,0,0,8.59822E+20,5.6866E+21,1.41535E+16,5.12172E+16
62135,,14,6,12,0,2017,4,13,1,3,2,6,0,1,0,0,0,0,0,8.29619E+20,5.6638E+21,1.37017E+16,5.10311E+16
62136,,14,6,26,110,2017,5,16,2,3,2,6,0,1,0,0,0,0,0,9.15913E+20,5.68316E+21,1.49485E+16,5.11483E+16
62137,,14,6,25,340,2017,5,9,2,2,5,3,0,1,0,0,0,0,0,8.84899E+20,5.69015E+21,1.45147E+16,5.12325E+16
62138,,14,6,12,0,2017,4,17,1,2,0,7,0,1,0,1,0,0,0,8.33427E+20,5.66768E+21,1.37594E+16,5.10636E+16
62139,,14,6,28,270,2017,5,17,2,3,5,2,0,1,0,1,0,0,0,8.46824E+20,5.65867E+21,1.39413E+16,5.09749E+16
62140,,14,6,28,80,2017,5,13,2,3,4,2,1,1,0,0,0,0,0,8.41687E+20,5.65708E+21,1.38669E+16,5.09637E+16
62141,,14,6,27,180,2017,4,18,1,2,4,6,0,1,0,1,0,0,0,7.99088E+20,5.67572E+21,1.32774E+16,5.11546E+16
62142,,14,6,28,80,2017,5,18,2,3,8,1,0,0,0,1,0,0,0,8.41271E+20,5.65525E+21,1.38592E+16,5.09476E+16
62143,,14,6,27,170,2017,5,10,2,3,0,1,1,0,0,0,0,0,0,8.17669E+20,5.67935E+21,1.35455E+16,5.11771E+16
62144,,14,5,22,20,2017,4,18,1,3,8,1,0,0,0,1,0,0,1,7.88606E+20,5.63429E+21,1.30951E+16,5.07884E+16
62145,,14,6,28,50,2017,5,8,2,3,2,6,0,1,0,0,0,0,0,8.30823E+20,5.65682E+21,1.37125E+16,5.09678E+16
62146,,14,6,28,410,2017,5,10,2,3,2,6,0,0,0,0,1,0,0,8.19626E+20,5.662E+21,1.35581E+16,5.10205E+16
62147,,14,5,22,500,2017,4,15,1,2,8,1,0,0,0,1,0,0,0,7.85219E+20,5.65654E+21,1.30645E+16,5.09896E+16
62148,,14,6,12,0,2017,5,16,2,3,0,7,1,0,0,0,0,0,0,8.28913E+20,5.66508E+21,1.36928E+16,5.10429E+16
62149,,14,5,22,440,2017,4,17,1,2,0,2,0,1,0,1,0,0,0,7.97397E+20,5.64531E+21,1.32284E+16,5.08828E+16
62150,,14,6,12,0,2017,6,9,5,3,3,6,1,1,0,0,0,0,0,8.31561E+20,5.6679E+21,1.3733E+16,5.10666E+16
62151,,14,6,12,0,2017,5,9,2,3,0,1,1,0,0,0,0,0,0,8.33369E+20,5.66975E+21,1.37605E+16,5.10822E+16
62152,,14,6,26,30,2017,6,11,5,2,4,6,0,1,0,0,0,0,0,9.07199E+20,5.67222E+21,1.48123E+16,5.10567E+16
62153,,14,6,12,0,2017,5,8,4,3,3,6,1,0,0,0,0,0,0,8.32553E+20,5.666E+21,1.37454E+16,5.10491E+16
62154,,14,5,24,180,2017,6,11,5,2,6,2,0,1,1,0,0,0,0,7.64216E+20,5.64049E+21,1.27543E+16,5.08556E+16
62155,,14,7,13,0,2017,5,15,4,3,3,2,1,1,0,0,0,0,0,7.36205E+20,5.69382E+21,1.2392E+16,5.13464E+16
62156,,14,6,12,0,2017,4,13,6,3,3,5,0,1,0,0,0,0,0,8.41595E+20,5.66786E+21,1.38757E+16,5.10604E+16
62157,,14,6,28,140,2017,6,11,6,2,9,1,0,0,0,1,0,0,0,8.58935E+20,5.65032E+21,1.41049E+16,5.08928E+16
62158,,14,5,11,0,2017,5,7,2,3,2,6,0,1,0,0,0,0,0,7.7308E+20,5.64228E+21,1.28813E+16,5.08675E+16
62159,,14,5,21,640,2017,5,15,5,2,5,2,0,1,0,1,0,0,0,7.77254E+20,5.6186E+21,1.29226E+16,5.06531E+16
62160,,14,6,12,0,2017,4,9,6,2,9,1,0,0,0,0,1,0,0,8.25564E+20,5.66806E+21,1.36479E+16,5.10716E+16
62161,,14,5,23,20,2017,6,19,6,3,9,7,0,1,0,0,0,0,0,7.43734E+20,5.59878E+21,1.24364E+16,5.04902E+16
62162,,14,5,21,250,2017,5,15,2,2,8,1,0,1,0,0,0,0,0,7.90596E+20,5.61864E+21,1.31109E+16,5.0647E+16
62163,,14,6,25,250,2017,5,16,5,2,0,1,1,0,0,0,0,0,0,8.5521E+20,5.69171E+21,1.40928E+16,5.12658E+16
62164,,14,7,30,270,2017,4,23,5,3,9,6,0,1,0,0,1,2,0,7.28385E+20,5.70122E+21,1.22846E+16,5.14162E+16
62165,,14,5,22,590,2017,5,6,2,3,5,3,0,1,0,0,1,0,0,8.1305E+20,5.64209E+21,1.34475E+16,5.08456E+16
62166,,14,5,24,200,2017,5,18,5,3,8,1,0,0,0,1,0,0,0,7.47036E+20,5.62965E+21,1.25034E+16,5.07659E+16
62167,,14,7,13,0,2017,4,15,5,3,2,6,0,1,0,0,0,0,0,7.38571E+20,5.69453E+21,1.24263E+16,5.13519E+16
62168,,14,6,25,160,2017,5,15,6,3,8,1,0,0,0,1,0,0,0,8.85725E+20,5.69576E+21,1.45325E+16,5.12823E+16
62169,,14,6,26,600,2017,4,14,5,2,4,2,1,1,0,0,0,0,0,8.91613E+20,5.72144E+21,1.46448E+16,5.1508E+16
62170,,14,6,25,450,2017,4,7,5,3,2,6,0,1,0,1,0,0,0,8.50527E+20,5.68314E+21,1.40175E+16,5.1192E+16
62171,,14,5,22,260,2017,5,22,2,3,3,6,1,1,0,0,0,2,0,7.65722E+20,5.64223E+21,1.27769E+16,5.08706E+16
62172,,14,6,27,230,2017,5,14,2,3,2,7,0,1,0,1,0,0,0,8.02028E+20,5.68954E+21,1.3331E+16,5.1277E+16
62173,,14,6,25,610,2017,4,20,5,2,7,7,0,0,0,1,0,2,0,8.94048E+20,5.6894E+21,1.46443E+16,5.12196E+16
62174,,14,5,23,300,2017,5,7,2,3,8,1,0,1,0,0,0,0,0,7.23895E+20,5.58525E+21,1.21491E+16,5.03767E+16
62175,,14,6,25,10,2017,5,19,3,2,4,1,0,1,0,1,0,1,1,8.491E+20,5.67176E+21,1.39862E+16,5.10908E+16
62176,,14,6,26,420,2017,4,17,5,2,4,6,0,1,0,0,1,0,0,9.1563E+20,5.6675E+21,1.49265E+16,5.10084E+16
62177,,14,6,12,0,2017,4,14,5,3,6,4,0,1,1,0,0,0,0,8.31853E+20,5.66752E+21,1.37369E+16,5.10631E+16
62178,,14,7,30,230,2017,5,10,7,3,2,6,0,1,0,0,0,0,0,7.86463E+20,5.69123E+21,1.31098E+16,5.13002E+16
62179,,14,5,22,60,2017,4,13,5,3,6,7,0,1,1,0,0,0,0,7.67774E+20,5.64763E+21,1.281E+16,5.09181E+16
62180,,14,5,22,330,2017,4,14,5,3,8,1,0,1,0,0,0,0,0,7.79136E+20,5.65056E+21,1.29735E+16,5.0939E+16
62181,,14,5,11,0,2017,5,13,3,2,2,6,0,1,0,0,1,0,0,7.72402E+20,5.64169E+21,1.28712E+16,5.08626E+16
62182,,14,6,26,530,2017,5,12,3,3,5,3,1,1,0,0,0,0,0,8.93595E+20,5.6577E+21,1.46034E+16,5.09362E+16
62183,,14,5,23,30,2017,4,11,7,2,5,3,0,1,0,0,0,0,0,7.35835E+20,5.56975E+21,1.2307E+16,5.02328E+16
62184,,14,6,12,0,2017,5,16,2,3,2,6,0,1,0,0,0,0,0,8.31972E+20,5.66796E+21,1.3739E+16,5.1067E+16
62185,,14,5,23,340,2017,4,2,7,2,8,1,0,1,0,0,0,2,0,7.3497E+20,5.61464E+21,1.2323E+16,5.06362E+16
62186,,14,6,12,0,2017,5,9,2,3,5,3,0,1,0,0,0,0,0,8.32626E+20,5.66627E+21,1.37467E+16,5.10514E+16
62187,,14,5,24,330,2017,5,12,1,2,9,1,0,0,0,1,0,0,0,7.43482E+20,5.62672E+21,1.24512E+16,5.07412E+16
62188,,14,6,12,0,2017,5,6,2,3,2,6,0,1,0,0,1,0,0,8.30515E+20,5.67188E+21,1.37218E+16,5.11029E+16
62189,,14,5,23,245,2017,5,11,1,3,2,6,0,1,0,0,0,0,0,7.46182E+20,5.59432E+21,1.24679E+16,5.04492E+16
62190,,14,6,12,0,2017,5,11,2,3,5,2,1,1,0,0,0,0,0,8.33771E+20,5.66321E+21,1.37602E+16,5.10233E+16
62191,,14,6,12,0,2017,5,14,2,3,5,2,1,1,0,0,0,0,0,8.29226E+20,5.66696E+21,1.3699E+16,5.10596E+16
62192,,14,5,22,80,2017,5,15,2,3,0,3,0,1,0,0,0,0,0,7.90112E+20,5.6734E+21,1.31476E+16,5.11384E+16
62193,,14,5,22,460,2017,5,17,7,3,3,2,0,1,0,0,1,0,0,7.61983E+20,5.64707E+21,1.27274E+16,5.09157E+16
62194,,14,5,11,0,2017,5,11,2,3,0,6,0,0,0,0,1,0,0,7.74928E+20,5.63974E+21,1.29056E+16,5.0844E+16
62195,,14,7,13,0,2017,5,22,7,2,8,1,0,1,0,0,0,2,0,7.32602E+20,5.69668E+21,1.23422E+16,5.13737E+16
62196,,14,5,24,300,2017,5,10,1,2,0,1,0,0,0,1,0,0,1,7.37913E+20,5.62628E+21,1.23721E+16,5.07395E+16
62197,,14,5,23,170,2017,5,16,1,3,8,6,0,1,0,0,1,0,1,7.4056E+20,5.60955E+21,1.23987E+16,5.05882E+16
62198,,14,7,30,330,2017,5,3,1,3,0,1,0,1,0,0,0,1,0,7.8075E+20,5.68849E+21,1.30259E+16,5.12784E+16
62199,,14,7,29,170,2017,5,12,1,3,4,1,0,1,0,0,0,0,1,7.29882E+20,5.67277E+21,1.22878E+16,5.11601E+16
62200,,14,7,30,110,2017,4,4,7,2,8,1,0,0,0,1,0,1,0,7.48757E+20,5.70688E+21,1.2581E+16,5.14583E+16
62201,,14,7,29,300,2017,5,10,1,2,4,2,1,1,0,0,0,0,0,7.54029E+20,5.68889E+21,1.26439E+16,5.12945E+16
62202,,14,6,26,610,2017,5,10,1,3,5,3,1,1,0,0,0,0,0,9.09917E+20,5.66336E+21,1.48408E+16,5.09755E+16
62203,,14,7,29,380,2017,4,16,7,2,9,6,0,1,0,0,0,0,0,7.55259E+20,5.7059E+21,1.26737E+16,5.14466E+16
62204,,14,6,26,520,2017,5,13,1,3,2,6,0,1,0,0,1,0,0,9.1496E+20,5.68989E+21,1.49427E+16,5.12092E+16
62205,,14,6,28,100,2017,5,11,1,3,0,1,1,0,0,0,0,0,0,8.47456E+20,5.66367E+21,1.3955E+16,5.10194E+16
62206,,14,7,29,270,2017,4,14,7,3,4,2,0,1,0,0,0,0,0,7.24463E+20,5.68827E+21,1.22201E+16,5.13014E+16
62207,,14,6,28,40,2017,5,18,1,2,9,1,0,1,0,0,0,0,1,8.42994E+20,5.65164E+21,1.38803E+16,5.09142E+16
62208,,14,6,26,100,2017,4,13,7,3,5,3,0,1,0,0,0,0,0,8.90115E+20,5.7246E+21,1.46269E+16,5.15373E+16
62209,,14,6,26,10,2017,5,18,4,3,5,3,1,1,0,0,0,0,0,8.96479E+20,5.72616E+21,1.47199E+16,5.15468E+16
62210,,14,5,21,690,2017,6,7,5,2,1,6,0,1,0,1,0,0,0,7.86879E+20,5.6315E+21,1.30685E+16,5.07643E+16
62211,,14,6,25,280,2017,5,7,3,3,6,4,0,1,1,0,0,0,0,8.71366E+20,5.69795E+21,1.43298E+16,5.13114E+16
62212,,14,6,28,270,2017,6,10,5,3,8,1,0,0,0,0,1,0,0,8.47907E+20,5.65965E+21,1.39576E+16,5.0983E+16
62213,,14,5,21,140,2017,5,6,4,2,8,1,0,1,0,0,0,0,1,8.12955E+20,5.6166E+21,1.34245E+16,5.06172E+16
62214,,14,5,22,180,2017,4,14,5,3,2,6,0,1,0,0,0,0,0,8.04648E+20,5.64704E+21,1.33326E+16,5.08945E+16
62215,,14,7,30,70,2017,6,8,5,2,5,3,1,1,0,0,0,0,0,7.32609E+20,5.71315E+21,1.23531E+16,5.15215E+16
62216,,14,7,29,50,2017,5,16,4,3,5,3,0,1,0,0,0,0,0,7.46724E+20,5.66663E+21,1.2524E+16,5.1098E+16
62217,,14,5,24,80,2017,4,18,5,2,8,7,0,1,0,0,0,0,0,7.51398E+20,5.63857E+21,1.25712E+16,5.08441E+16
62218,,14,6,12,0,2017,6,7,6,2,0,7,1,1,0,0,0,0,0,8.34776E+20,5.67342E+21,1.37839E+16,5.11142E+16
62219,,14,6,26,245,2017,5,13,1,2,8,1,1,0,0,0,0,0,0,8.97381E+20,5.66414E+21,1.4664E+16,5.09912E+16
62220,,14,5,23,340,2017,5,9,4,3,2,6,0,1,0,0,0,0,0,7.34002E+20,5.61243E+21,1.2308E+16,5.06167E+16
62221,,14,7,30,270,2017,4,15,4,3,1,6,0,1,0,0,0,0,0,7.24421E+20,5.69853E+21,1.2226E+16,5.13936E+16
62222,,14,6,25,370,2017,5,12,1,2,6,4,0,1,1,0,0,0,0,8.42617E+20,5.69443E+21,1.39155E+16,5.12978E+16
62223,,14,6,28,80,2017,5,18,5,3,8,1,0,1,0,0,0,0,0,8.42826E+20,5.65433E+21,1.38804E+16,5.09384E+16
62224,,14,7,13,0,2017,4,23,4,2,2,6,0,0,0,0,1,2,0,7.37902E+20,5.6996E+21,1.24202E+16,5.13977E+16
62225,,14,7,30,20,2017,5,16,5,3,8,7,0,0,0,1,0,0,0,7.47035E+20,5.72147E+21,1.25665E+16,5.15901E+16