OBJECTID,UIDENTSTLA,ULAND,UREGBEZ,UKREIS,UGEMEINDE,UJAHR,UMONAT,USTUNDE,UWOCHENTAG,UKATEGORIE,UART,UTYP1,IstRad,IstPKW,IstFuss,IstKrad,IstSonstig,LICHT,STRZUSTAND,LINREFX,LINREFY,XGCSWGS84,YGCSWGS84
62417,,14,5,24,170,2017,5,14,5,3,5,3,0,1,0,1,0,0,0,7.42598E+20,5.62003E+21,1.24343E+16,5.06814E+16
62418,,14,6,27,140,2017,5,11,7,3,2,7,0,1,0,0,0,0,0,8.12814E+20,5.67834E+21,1.34754E+16,5.11707E+16
62419,,14,5,23,320,2017,5,9,5,2,9,1,0,0,0,0,1,0,0,7.21285E+20,5.60568E+21,1.21245E+16,5.05611E+16
62420,,14,5,23,320,2017,5,16,5,1,4,2,1,1,0,0,0,0,0,7.21801E+20,5.59894E+21,1.21278E+16,5.05003E+16
62421,,14,7,30,140,2017,5,19,5,2,8,1,0,1,0,0,0,0,0,7.51094E+20,5.70358E+21,1.26122E+16,5.14277E+16
62422,,14,7,30,110,2017,5,13,5,3,5,3,0,1,0,1,0,0,0,7.54811E+20,5.70828E+21,1.2669E+16,5.14683E+16
62423,,14,7,30,250,2017,5,22,5,3,0,7,0,0,0,1,0,2,0,7.33168E+20,5.70372E+21,1.23549E+16,5.14366E+16
62424,,14,6,12,0,2017,4,16,6,3,2,6,0,1,0,0,0,0,0,8.3328E+20,5.6695E+21,1.3759E+16,5.108E+16
62425,,14,7,13,0,2017,5,13,5,3,2,6,0,0,0,1,1,0,0,7.36331E+20,5.69437E+21,1.23941E+16,5.13514E+16
62426,,14,6,12,0,2017,4,10,6,3,5,2,1,1,0,0,0,0,0,8.35421E+20,5.66855E+21,1.37886E+16,5.10702E+16
62427,,14,7,29,70,2017,5,13,5,3,0,7,0,0,0,0,1,0,0,7.46614E+20,5.69057E+21,1.25389E+16,5.13129E+16
62428,,14,5,11,0,2017,5,16,4,3,3,3,1,1,0,0,0,0,0,7.78157E+20,5.63689E+21,1.29492E+16,5.08168E+16
62429,,14,6,27,140,2017,5,14,4,3,2,6,0,1,0,0,0,0,0,8.12855E+20,5.67835E+21,1.3476E+16,5.11708E+16
62430,,14,5,21,630,2017,5,18,3,3,8,1,0,1,0,0,0,0,0,7.84939E+20,5.61526E+21,1.30285E+16,5.06195E+16
62431,,14,5,24,330,2017,5,9,4,3,2,6,0,1,0,0,0,0,0,7.4594E+20,5.62528E+21,1.2485E+16,5.07272E+16
62432,,14,6,27,210,2017,5,13,3,3,2,6,0,1,0,0,1,0,0,8.25627E+20,5.67187E+21,1.36522E+16,5.11056E+16
62433,,14,6,27,290,2017,4,12,2,3,8,1,0,1,0,0,0,0,1,8.34613E+20,5.69221E+21,1.37991E+16,5.12827E+16
62434,,14,6,28,130,2017,6,14,5,3,4,1,0,1,0,0,1,0,0,8.38139E+20,5.64508E+21,1.38054E+16,5.08584E+16
62435,,14,6,12,0,2017,4,7,6,2,0,7,1,1,0,0,0,0,0,8.3369E+20,5.66329E+21,1.37591E+16,5.10241E+16
62436,,14,5,21,170,2017,5,14,4,2,4,6,0,1,0,1,0,0,0,7.52933E+20,5.6006E+21,1.2567E+16,5.05026E+16
62437,,14,6,28,300,2017,4,12,2,3,4,1,1,1,0,0,0,0,1,8.27989E+20,5.65408E+21,1.36698E+16,5.09448E+16
62438,,14,7,29,320,2017,5,7,5,2,5,3,0,1,0,1,0,0,0,7.3921E+20,5.67109E+21,1.24199E+16,5.11412E+16
62439,,14,6,12,0,2017,4,16,6,3,5,2,1,1,0,0,0,0,0,8.32762E+20,5.66851E+21,1.37507E+16,5.10714E+16
62440,,14,6,28,210,2017,5,14,4,3,5,3,0,1,0,0,0,0,0,8.53246E+20,5.6518E+21,1.40257E+16,5.09095E+16
62441,,14,5,21,370,2017,4,19,2,3,8,1,0,1,0,0,0,0,1,7.63133E+20,5.61261E+21,1.27191E+16,5.0606E+16
62442,,14,6,25,300,2017,5,0,5,2,7,7,0,0,0,1,0,2,0,8.38194E+20,5.68651E+21,1.38448E+16,5.12296E+16
62443,,14,5,23,450,2017,5,15,4,3,3,6,0,1,0,0,1,0,0,7.14754E+20,5.58802E+21,1.20223E+16,5.0405E+16
62444,,14,5,22,330,2017,4,17,2,3,0,6,0,1,0,0,0,0,0,7.82724E+20,5.64819E+21,1.30226E+16,5.0916E+16
62445,,14,6,25,280,2017,5,14,5,2,5,3,1,1,0,0,0,0,0,8.70151E+20,5.69762E+21,1.43121E+16,5.13092E+16
62446,,14,5,24,120,2017,4,15,2,2,8,1,0,1,0,0,0,0,2,7.61577E+20,5.63524E+21,1.27131E+16,5.08097E+16
62447,,14,6,12,0,2017,5,10,1,3,2,6,0,1,0,0,0,0,0,8.31202E+20,5.66203E+21,1.37226E+16,5.10143E+16
62448,,14,7,29,50,2017,5,11,6,2,4,2,0,1,0,0,0,0,0,7.44439E+20,5.66953E+21,1.24934E+16,5.1125E+16
62449,,14,6,25,490,2017,5,9,7,3,3,2,1,1,0,0,0,0,0,8.78604E+20,5.69236E+21,1.44273E+16,5.12566E+16
62450,,14,5,24,30,2017,4,8,2,3,9,1,0,1,0,0,0,0,1,7.38582E+20,5.63692E+21,1.23885E+16,5.08348E+16
62451,,14,6,25,590,2017,5,19,1,2,0,6,1,0,0,0,1,0,0,8.75835E+20,5.66995E+21,1.43644E+16,5.10577E+16
62452,,14,5,21,390,2017,4,12,2,3,4,6,0,1,0,0,0,0,1,7.95961E+20,5.6186E+21,1.31866E+16,5.06439E+16
62453,,14,5,22,210,2017,5,19,2,2,5,3,0,1,0,1,0,0,0,8.00992E+20,5.66242E+21,1.32935E+16,5.10343E+16
62454,,14,5,22,390,2017,4,13,2,3,8,1,0,1,0,0,0,0,1,8.1121E+20,5.63521E+21,1.34156E+16,5.07849E+16
62455,,14,6,12,0,2017,5,12,2,3,2,6,0,1,0,0,0,0,0,8.30909E+20,5.6721E+21,1.37276E+16,5.11047E+16
62456,,14,7,13,0,2017,4,21,1,3,8,1,0,1,0,0,0,2,1,7.27022E+20,5.69002E+21,1.22579E+16,5.13161E+16
62457,,14,6,26,50,2017,5,14,2,3,4,6,0,1,0,0,0,0,0,9.01566E+20,5.6542E+21,1.47124E+16,5.08994E+16
62458,,14,6,28,80,2017,5,10,1,2,5,2,0,1,0,1,0,0,0,8.4123E+20,5.65544E+21,1.38588E+16,5.09494E+16
62459,,14,5,23,170,2017,5,12,4,2,8,1,0,0,0,1,0,0,0,7.37135E+20,5.60895E+21,1.235E+16,5.05842E+16
62460,,14,7,13,0,2017,4,9,1,3,3,2,1,1,0,0,0,0,0,7.35421E+20,5.69027E+21,1.23784E+16,5.13149E+16
62461,,14,6,25,480,2017,6,10,6,3,5,3,0,1,0,0,0,0,0,8.44428E+20,5.67472E+21,1.39225E+16,5.11202E+16
62462,,14,5,21,390,2017,5,13,1,2,8,1,0,1,0,0,0,0,0,7.95979E+20,5.61267E+21,1.31821E+16,5.05907E+16
62463,,14,6,28,20,2017,5,11,5,2,4,6,1,0,0,1,0,0,0,8.47198E+20,5.64759E+21,1.3936E+16,5.08755E+16
62464,,14,6,25,20,2017,4,11,1,2,5,2,0,1,0,0,0,0,0,8.78149E+20,5.68505E+21,1.44131E+16,5.11914E+16
62465,,14,7,13,0,2017,5,19,5,3,4,2,0,1,0,0,0,0,0,7.27201E+20,5.69338E+21,1.22626E+16,5.13462E+16
62466,,14,5,22,50,2017,4,11,1,3,0,4,0,1,1,0,0,0,0,8.02596E+20,5.63995E+21,1.32977E+16,5.0832E+16
62467,,14,5,21,550,2017,4,0,1,3,0,1,0,0,0,1,0,2,1,7.67227E+20,5.60645E+21,1.27724E+16,5.05488E+16
62468,,14,5,22,330,2017,5,9,2,2,4,6,0,1,0,0,0,0,0,7.79592E+20,5.64743E+21,1.29775E+16,5.09107E+16
62469,,14,6,12,0,2017,5,13,2,2,3,6,0,0,0,1,1,0,0,8.32282E+20,5.67534E+21,1.37501E+16,5.11329E+16
62470,,14,5,23,450,2017,4,16,7,2,6,6,0,1,1,0,0,0,0,7.15191E+20,5.59385E+21,1.20318E+16,5.04571E+16
62471,,14,6,26,610,2017,5,16,2,3,3,2,1,1,0,0,0,0,0,9.08116E+20,5.65469E+21,1.48056E+16,5.08992E+16
62472,,14,5,21,330,2017,5,15,3,3,5,3,0,1,0,0,0,0,0,7.94062E+20,5.60888E+21,1.31521E+16,5.05577E+16
62473,,14,7,30,70,2017,4,17,7,3,8,1,0,1,0,0,0,0,1,7.34052E+20,5.71203E+21,1.23731E+16,5.15109E+16
62474,,14,5,23,450,2017,5,0,3,2,8,1,0,1,0,0,0,2,0,7.19211E+20,5.59161E+21,1.2087E+16,5.04355E+16
62475,,14,7,29,160,2017,4,3,7,2,2,6,0,1,0,0,1,2,0,7.55876E+20,5.68694E+21,1.26689E+16,5.12762E+16
62476,,14,7,30,360,2017,4,18,7,3,9,1,0,1,0,0,0,0,1,7.49778E+20,5.713E+21,1.26E+16,5.15128E+16
62477,,14,6,26,610,2017,5,9,4,3,6,3,0,1,1,0,0,0,0,9.08481E+20,5.65497E+21,1.48111E+16,5.09015E+16
62478,,14,6,25,120,2017,5,17,5,3,2,6,0,1,0,0,0,0,0,8.55492E+20,5.71714E+21,1.41222E+16,5.14934E+16
62479,,14,6,28,50,2017,5,7,5,3,2,2,0,1,0,0,0,0,0,8.34383E+20,5.65982E+21,1.37657E+16,5.09926E+16
62480,,14,6,26,370,2017,5,12,5,2,3,2,0,1,0,0,1,0,0,9.05035E+20,5.69777E+21,1.48103E+16,5.12868E+16
62481,,14,5,22,490,2017,5,11,6,3,4,3,0,1,0,0,0,0,0,7.66922E+20,5.66161E+21,1.28081E+16,5.10439E+16
62482,,14,5,21,690,2017,5,18,1,3,2,2,0,1,0,1,0,0,0,7.8658E+20,5.63026E+21,1.30633E+16,5.07532E+16
62483,,14,6,26,110,2017,5,15,5,3,9,1,0,1,0,0,0,0,0,9.18191E+20,5.68231E+21,1.49799E+16,5.11391E+16
62484,,14,6,26,580,2017,5,18,5,2,5,3,1,1,0,0,0,0,0,9.05094E+20,5.69545E+21,1.48085E+16,5.1266E+16
62485,,14,7,30,110,2017,5,7,6,3,5,3,1,1,0,0,0,0,1,7.53899E+20,5.70798E+21,1.26557E+16,5.1466E+16
62486,,14,6,25,630,2017,5,13,5,3,5,2,0,1,0,0,0,0,0,8.7711E+20,5.67576E+21,1.43886E+16,5.11089E+16
62487,,14,6,25,20,2017,5,16,5,2,5,3,0,1,0,1,0,0,0,8.74437E+20,5.68455E+21,1.43597E+16,5.11894E+16
62488,,14,5,21,530,2017,5,21,7,3,5,3,0,1,0,0,0,2,0,7.56415E+20,5.61157E+21,1.26236E+16,5.05996E+16
62489,,14,6,27,10,2017,5,16,5,3,3,2,1,1,0,0,0,0,0,8.20455E+20,5.67368E+21,1.35802E+16,5.11247E+16
62490,,14,6,27,140,2017,5,15,5,3,2,6,0,1,0,0,1,0,0,8.12905E+20,5.67765E+21,1.34761E+16,5.11645E+16
62491,,14,6,27,60,2017,5,14,5,2,5,3,0,1,0,0,0,0,0,8.15934E+20,5.69157E+21,1.35315E+16,5.12876E+16
62492,,14,6,28,205,2017,5,15,5,3,8,6,0,1,0,0,1,0,0,8.17403E+20,5.64946E+21,1.35155E+16,5.09094E+16
62493,,14,6,28,110,2017,5,11,5,3,2,6,0,1,0,0,0,0,0,8.26148E+20,5.65988E+21,1.36488E+16,5.09979E+16
62494,,14,6,12,0,2017,5,16,5,3,2,6,0,1,0,0,0,0,0,8.23449E+20,5.66423E+21,1.36144E+16,5.10383E+16
62495,,14,6,12,0,2017,5,1,4,3,0,1,1,0,0,0,0,2,0,8.31727E+20,5.6702E+21,1.37375E+16,5.10872E+16
62496,,14,6,12,0,2017,5,13,5,3,3,6,0,0,0,1,1,0,0,8.34264E+20,5.66294E+21,1.37669E+16,5.10206E+16
62497,,14,7,13,0,2017,5,12,4,3,4,6,1,0,0,0,0,0,0,7.35731E+20,5.69356E+21,1.2385E+16,5.13444E+16
62498,,14,5,21,530,2017,4,7,6,2,6,2,0,1,1,0,0,0,0,7.57295E+20,5.60971E+21,1.26347E+16,5.05825E+16
62499,,14,6,12,0,2017,5,14,3,3,2,6,0,1,0,0,1,0,0,8.31426E+20,5.67215E+21,1.3735E+16,5.11048E+16
62500,,14,6,25,200,2017,4,14,7,3,5,3,0,1,0,0,0,0,1,8.51358E+20,5.67813E+21,1.40245E+16,5.11465E+16
62501,,14,6,12,0,2017,5,19,5,2,5,3,0,0,0,1,1,0,0,8.29332E+20,5.6702E+21,1.37034E+16,5.10886E+16
62502,,14,5,24,90,2017,4,14,6,3,5,3,0,1,0,0,0,0,0,7.59921E+20,5.61582E+21,1.2676E+16,5.06362E+16
62503,,14,7,13,0,2017,5,15,3,3,5,3,0,1,0,0,0,0,0,7.28176E+20,5.69032E+21,1.22746E+16,5.13183E+16
62504,,14,6,25,40,2017,4,18,7,2,9,1,0,1,0,0,0,0,1,8.6386E+20,5.67725E+21,1.42016E+16,5.11309E+16
62505,,14,6,28,270,2017,5,16,5,2,4,6,1,0,0,0,0,0,0,8.45416E+20,5.6565E+21,1.39192E+16,5.09563E+16
62506,,14,5,11,0,2017,4,6,6,3,5,3,1,1,0,0,0,0,0,7.75819E+20,5.642E+21,1.29199E+16,5.08638E+16
62507,,14,6,27,220,2017,5,21,4,3,2,6,0,1,0,0,0,2,1,8.32674E+20,5.67608E+21,1.37564E+16,5.11393E+16
62508,,14,6,27,100,2017,4,15,7,2,3,6,0,1,0,0,1,0,1,8.19935E+20,5.66661E+21,1.35665E+16,5.10617E+16
62509,,14,5,21,670,2017,5,18,5,2,8,1,0,1,0,0,0,0,0,7.8854E+20,5.61978E+21,1.30828E+16,5.06583E+16
62510,,14,5,11,0,2017,4,16,5,2,2,2,0,1,0,0,0,0,0,7.64448E+20,5.63671E+21,1.27549E+16,5.08216E+16
62511,,14,5,21,670,2017,5,6,5,2,8,1,0,1,0,0,0,0,0,7.8432E+20,5.61773E+21,1.30217E+16,5.06419E+16
62512,,14,6,12,0,2017,4,15,7,2,5,3,0,1,0,0,1,0,1,8.28044E+20,5.66567E+21,1.3681E+16,5.10486E+16
62513,,14,5,22,450,2017,5,16,5,2,9,1,0,0,0,1,0,0,0,7.87518E+20,5.67905E+21,1.31151E+16,5.11904E+16
62514,,14,5,24,80,2017,5,7,4,3,8,1,0,1,0,0,0,0,0,7.53199E+20,5.63479E+21,1.25942E+16,5.08094E+16
62515,,14,5,24,330,2017,5,16,4,3,2,6,0,1,0,0,1,0,0,7.48063E+20,5.62439E+21,1.25144E+16,5.07183E+16
62516,,14,5,21,710,2017,6,16,7,1,5,3,0,1,0,1,0,0,0,7.69082E+20,5.61991E+21,1.28082E+16,5.06687E+16
62517,,14,5,21,160,2017,5,15,1,3,3,6,0,1,0,1,0,0,0,7.79797E+20,5.61811E+21,1.29581E+16,5.06476E+16
62518,,14,6,28,270,2017,6,19,7,3,2,6,0,1,0,0,0,0,0,8.46368E+20,5.65663E+21,1.39329E+16,5.0957E+16
62519,,14,5,21,200,2017,5,17,1,2,2,6,0,1,0,1,0,0,0,7.78481E+20,5.62291E+21,1.29432E+16,5.06913E+16
62520,,14,5,23,440,2017,5,1,4,3,8,1,0,0,0,0,1,2,0,7.22819E+20,5.58504E+21,1.21338E+16,5.03752E+16
62521,,14,5,24,80,2017,4,11,5,2,8,1,0,1,0,0,0,0,0,7.47111E+20,5.63774E+21,1.25099E+16,5.08385E+16
62522,,14,5,23,360,2017,5,15,4,3,2,6,0,1,0,0,0,0,0,7.40736E+20,5.60416E+21,1.23977E+16,5.05398E+16
62523,,14,6,28,60,2017,5,19,4,2,8,1,1,0,0,0,0,0,0,8.29956E+20,5.64309E+21,1.36877E+16,5.08452E+16
62524,,14,5,23,320,2017,5,14,4,3,2,6,0,1,0,0,1,0,0,7.26429E+20,5.59903E+21,1.2193E+16,5.04994E+16
62525,,14,6,28,300,2017,5,8,3,2,4,6,0,1,0,0,0,0,0,8.25646E+20,5.65709E+21,1.36392E+16,5.09731E+16
62526,,14,6,12,0,2017,6,19,5,2,5,2,1,1,0,0,0,0,0,8.29725E+20,5.66421E+21,1.37036E+16,5.10346E+16
62527,,14,7,29,230,2017,5,18,3,3,4,6,0,1,0,1,0,0,0,7.50036E+20,5.65558E+21,1.25636E+16,5.09974E+16
62528,,14,5,21,450,2017,4,10,7,3,4,1,0,1,0,0,1,0,0,7.60918E+20,5.6261E+21,1.26973E+16,5.0728E+16
62529,,14,6,25,410,2017,6,7,5,3,5,3,1,1,0,0,0,0,0,8.52213E+20,5.68155E+21,1.404E+16,5.11766E+16
62530,,14,6,12,0,2017,5,15,4,3,5,3,0,1,0,0,0,0,0,8.32566E+20,5.66603E+21,1.37456E+16,5.10493E+16
62531,,14,5,21,330,2017,4,16,7,3,9,1,0,1,0,0,0,0,0,7.93593E+20,5.60842E+21,1.31451E+16,5.05538E+16
62532,,14,7,30,210,2017,5,17,4,3,5,3,0,1,0,0,1,0,0,7.90957E+20,5.68474E+21,1.31688E+16,5.12397E+16
62533,,14,5,24,260,2017,6,11,5,2,8,1,0,1,0,0,0,0,0,7.51814E+20,5.63994E+21,1.25781E+16,5.08563E+16
62534,,14,7,29,20,2017,5,11,4,1,4,1,0,0,0,1,1,0,0,7.45733E+20,5.68468E+21,1.25222E+16,5.12604E+16
62535,,14,5,24,270,2017,4,18,6,2,5,3,0,1,0,1,0,0,0,7.45535E+20,5.64255E+21,1.24908E+16,5.08824E+16
62536,,14,7,30,280,2017,5,7,4,2,5,3,0,1,0,0,0,0,0,7.41421E+20,5.71311E+21,1.24799E+16,5.15174E+16
62537,,14,5,24,90,2017,5,11,4,3,4,6,0,1,0,0,0,0,0,7.59039E+20,5.61781E+21,1.2665E+16,5.06544E+16
62538,,14,7,29,170,2017,4,14,6,3,2,7,1,1,0,0,0,0,0,7.29879E+20,5.67381E+21,1.22884E+16,5.11694E+16
62539,,14,7,13,0,2017,5,6,4,3,3,2,1,1,0,0,0,0,0,7.33561E+20,5.69308E+21,1.23536E+16,5.13409E+16
62540,,14,7,29,190,2017,4,11,6,3,5,3,1,1,0,0,0,0,0,7.41291E+20,5.67957E+21,1.24552E+16,5.12165E+16
62541,,14,5,21,40,2017,5,17,1,3,5,3,0,1,0,1,0,0,0,7.76539E+20,5.62143E+21,1.29147E+16,5.06789E+16
62542,,14,5,24,30,2017,5,11,1,2,5,3,1,1,0,0,0,0,0,7.31468E+20,5.63342E+21,1.22854E+16,5.08062E+16
62543,,14,7,13,0,2017,4,11,6,3,2,6,0,1,0,0,0,0,0,7.31297E+20,5.69726E+21,1.23239E+16,5.13794E+16
62544,,14,5,22,230,2017,5,14,2,3,2,2,0,1,0,0,1,0,0,7.8902E+20,5.65451E+21,1.31169E+16,5.09695E+16
62545,,14,7,29,140,2017,4,15,6,2,5,3,0,1,0,1,0,0,0,7.50096E+20,5.6669E+21,1.25723E+16,5.1099E+16
62546,,14,6,28,20,2017,5,15,2,2,8,7,0,1,0,0,0,0,0,8.48439E+20,5.64277E+21,1.3949E+16,5.08316E+16
62547,,14,7,30,330,2017,4,12,6,1,8,1,0,0,0,1,0,0,0,7.74603E+20,5.69398E+21,1.29422E+16,5.13307E+16
62548,,14,5,23,160,2017,5,16,2,3,2,2,0,1,0,1,0,0,0,7.46656E+20,5.58511E+21,1.24685E+16,5.03663E+16
62549,,14,6,25,570,2017,4,19,6,3,8,1,0,0,0,1,0,0,0,8.7082E+20,5.71455E+21,1.43394E+16,5.14603E+16
62550,,14,6,25,90,2017,4,15,6,2,8,1,0,0,0,1,0,0,0,8.84462E+20,5.67294E+21,1.44901E+16,5.10788E+16
62551,,14,5,24,280,2017,4,6,5,3,8,1,0,1,0,0,0,1,0,7.54199E+20,5.63545E+21,1.26088E+16,5.08149E+16
62552,,14,7,13,0,2017,5,9,4,2,5,3,1,1,0,0,0,0,0,7.34326E+20,5.69336E+21,1.23647E+16,5.13431E+16
62553,,14,6,28,400,2017,5,18,4,3,3,6,1,1,0,0,0,0,0,8.22477E+20,5.65813E+21,1.35951E+16,5.09842E+16
62554,,14,7,30,270,2017,5,13,4,3,2,6,0,1,0,0,0,0,0,7.26774E+20,5.70148E+21,1.22617E+16,5.14191E+16
62555,,14,5,11,0,2017,5,9,5,3,5,3,0,1,0,0,0,0,0,7.78962E+20,5.64285E+21,1.29651E+16,5.08699E+16
62556,,14,5,24,10,2017,5,17,7,3,8,1,0,0,0,1,0,0,0,7.58942E+20,5.63226E+21,1.26737E+16,5.07842E+16
62557,,14,7,13,0,2017,5,19,4,2,5,2,0,1,0,0,0,0,0,7.35177E+20,5.69355E+21,1.2377E+16,5.13445E+16
62558,,14,7,29,140,2017,5,12,4,2,5,3,0,1,0,0,1,0,0,7.48947E+20,5.66226E+21,1.25527E+16,5.10578E+16
62559,,14,5,23,320,2017,5,11,5,3,2,2,0,1,0,0,1,0,1,7.28344E+20,5.59871E+21,1.22197E+16,5.04958E+16
62560,,14,5,23,340,2017,5,9,7,2,2,6,0,1,0,0,0,0,0,7.34017E+20,5.61242E+21,1.23082E+16,5.06166E+16
62561,,14,7,13,0,2017,5,6,4,3,5,3,1,1,0,0,0,0,0,7.32966E+20,5.69286E+21,1.23449E+16,5.13392E+16
62562,,14,7,29,340,2017,5,16,4,3,1,7,0,0,0,1,1,0,0,7.52282E+20,5.68281E+21,1.26146E+16,5.12407E+16
62563,,14,6,27,260,2017,5,18,6,3,1,2,0,1,0,0,0,0,0,7.96825E+20,5.68829E+21,1.32556E+16,5.12685E+16
62564,,14,6,26,530,2017,5,6,4,3,5,3,0,1,0,0,0,0,0,8.93596E+20,5.6577E+21,1.46034E+16,5.09362E+16
62565,,14,6,25,150,2017,5,16,4,2,2,6,0,1,0,0,0,0,0,8.70813E+20,5.686E+21,1.43095E+16,5.12047E+16
62566,,14,6,28,270,2017,5,7,4,3,0,7,1,1,0,0,0,0,0,8.46408E+20,5.65818E+21,1.39349E+16,5.09708E+16
62567,,14,6,28,410,2017,5,16,4,2,4,6,0,1,1,1,0,0,0,8.20826E+20,5.65975E+21,1.35731E+16,5.09997E+16
62568,,14,6,12,0,2017,5,16,4,3,5,3,0,1,0,0,0,0,0,8.30521E+20,5.66893E+21,1.37192E+16,5.10765E+16
62569,,14,6,12,0,2017,5,17,4,3,5,2,1,1,0,0,0,0,0,8.32059E+20,5.6677E+21,1.37399E+16,5.10646E+16
62570,,14,6,12,0,2017,5,17,4,3,0,1,0,0,0,1,0,0,0,8.32666E+20,5.66641E+21,1.37474E+16,5.10526E+16
62571,,14,5,21,80,2017,5,9,4,2,4,1,0,1,0,0,1,0,0,7.60587E+20,5.60682E+21,1.26791E+16,5.05551E+16
62572,,14,5,24,90,2017,4,16,5,2,4,2,0,1,0,0,0,0,0,7.59727E+20,5.62292E+21,1.26782E+16,5.07E+16
62573,,14,5,22,230,2017,5,14,4,2,2,7,0,1,0,0,0,0,0,7.89397E+20,5.65788E+21,1.3125E+16,5.09996E+16
62574,,14,5,22,430,2017,5,13,4,3,5,3,0,1,0,1,0,0,0,7.98654E+20,5.64758E+21,1.32481E+16,5.09025E+16
62575,,14,5,24,80,2017,4,13,5,2,5,3,0,1,0,0,1,0,0,7.47771E+20,5.63723E+21,1.25189E+16,5.08337E+16
62576,,14,5,22,440,2017,5,7,3,3,5,3,0,1,0,1,0,0,0,7.93348E+20,5.64284E+21,1.3169E+16,5.08626E+16
62577,,14,6,25,170,2017,4,23,6,3,9,6,1,1,0,0,0,2,0,8.57332E+20,5.67435E+21,1.41058E+16,5.1109E+16
62578,,14,5,21,20,2017,5,6,5,3,2,6,0,1,0,0,0,0,0,7.85653E+20,5.61174E+21,1.30359E+16,5.05876E+16
62579,,14,5,22,80,2017,5,12,4,3,5,3,0,0,0,1,1,0,0,7.86847E+20,5.67284E+21,1.31006E+16,5.1135E+16
62580,,14,5,23,380,2017,5,8,5,2,5,2,0,1,0,1,0,0,0,7.4819E+20,5.60411E+21,1.25026E+16,5.05362E+16
62581,,14,5,21,20,2017,5,9,4,3,6,4,0,1,1,0,0,0,0,7.83647E+20,5.61154E+21,1.30075E+16,5.05867E+16
62582,,14,6,25,525,2017,5,15,6,3,2,6,0,1,0,0,0,0,0,8.79976E+20,5.67397E+21,1.44274E+16,5.1091E+16
62583,,14,5,21,30,2017,5,9,4,2,5,3,0,1,0,0,1,0,0,7.61367E+20,5.60986E+21,1.26922E+16,5.0582E+16
62584,,14,5,22,230,2017,5,15,7,2,3,2,0,1,0,1,0,0,0,7.87083E+20,5.65342E+21,1.30885E+16,5.09608E+16
62585,,14,5,24,330,2017,5,13,3,2,8,1,0,1,0,0,0,0,0,7.51082E+20,5.6251E+21,1.25576E+16,5.07234E+16
62586,,14,5,23,365,2017,5,13,3,3,2,6,0,1,0,0,0,0,0,7.1504E+20,5.60362E+21,1.20353E+16,5.0545E+16
62587,,14,6,28,270,2017,5,22,7,3,5,3,1,1,0,0,0,2,0,8.46402E+20,5.65807E+21,1.39347E+16,5.09698E+16
62588,,14,7,13,0,2017,5,16,3,3,2,2,0,1,0,0,0,0,0,7.35095E+20,5.69704E+21,1.23782E+16,5.13758E+16
62589,,14,7,29,60,2017,5,7,3,3,2,6,0,1,0,0,1,0,0,7.46674E+20,5.6953E+21,1.2543E+16,5.13553E+16
62590,,14,6,25,430,2017,5,15,3,3,2,6,0,1,0,0,0,0,0,8.37289E+20,5.68103E+21,1.38268E+16,5.11809E+16
62591,,14,6,25,310,2017,5,5,3,3,5,3,0,1,0,0,0,0,0,8.52026E+20,5.71371E+21,1.40691E+16,5.14648E+16
62592,,14,7,30,20,2017,4,6,5,3,9,1,0,1,0,0,0,0,0,7.47033E+20,5.72091E+21,1.25661E+16,5.1585E+16
62593,,14,6,25,330,2017,5,13,3,2,5,2,1,1,0,0,0,0,0,8.77213E+20,5.70459E+21,1.44204E+16,5.1367E+16
62594,,14,5,22,20,2017,5,14,4,3,2,2,0,1,0,0,0,0,0,7.89113E+20,5.63591E+21,1.31035E+16,5.08026E+16
62595,,14,6,26,300,2017,5,8,4,2,5,3,1,1,0,0,0,0,0,9.11893E+20,5.68274E+21,1.48909E+16,5.11475E+16
62596,,14,5,22,180,2017,5,13,3,2,2,6,0,1,0,0,0,0,0,8.04485E+20,5.64641E+21,1.33298E+16,5.08889E+16
62597,,14,6,25,440,2017,4,4,6,3,2,6,0,1,0,0,0,2,0,8.6082E+20,5.68283E+21,1.41639E+16,5.11827E+16
62598,,14,5,21,600,2017,6,17,5,3,0,7,1,0,0,0,0,0,0,7.54699E+20,5.60645E+21,1.25959E+16,5.05544E+16
62599,,14,6,26,110,2017,5,17,3,3,5,3,1,1,0,0,0,0,0,9.18552E+20,5.68062E+21,1.49831E+16,5.11237E+16
62600,,14,6,27,360,2017,4,5,6,3,9,6,0,1,0,0,0,1,0,8.01756E+20,5.69426E+21,1.33311E+16,5.13194E+16
62601,,14,6,26,450,2017,5,7,3,2,5,6,0,1,0,0,1,0,0,9.03493E+20,5.68219E+21,1.47708E+16,5.11485E+16
62602,,14,6,28,20,2017,6,7,5,3,5,3,0,1,0,0,1,0,0,8.4777E+20,5.64718E+21,1.39437E+16,5.08714E+16
62603,,14,7,29,150,2017,4,20,5,2,8,1,0,1,0,0,1,2,0,7.60628E+20,5.66117E+21,1.27182E+16,5.10428E+16
62604,,14,5,22,180,2017,5,22,4,3,5,3,0,1,0,0,0,2,0,8.04957E+20,5.64927E+21,1.33389E+16,5.09143E+16
62605,,14,6,27,230,2017,4,20,6,3,0,7,1,0,0,0,0,2,0,7.98221E+20,5.69404E+21,1.32803E+16,5.13193E+16
62606,,14,6,25,150,2017,5,14,3,3,1,6,0,1,0,0,0,0,0,8.69504E+20,5.68191E+21,1.42867E+16,5.11689E+16
62607,,14,7,13,0,2017,4,11,5,3,2,6,0,1,0,0,0,0,0,7.36997E+20,5.69138E+21,1.24017E+16,5.13242E+16