OBJECTID,UIDENTSTLA,ULAND,UREGBEZ,UKREIS,UGEMEINDE,UJAHR,UMONAT,USTUNDE,UWOCHENTAG,UKATEGORIE,UART,UTYP1,IstRad,IstPKW,IstFuss,IstKrad,IstSonstig,LICHT,STRZUSTAND,LINREFX,LINREFY,XGCSWGS84,YGCSWGS84
62608,,14,7,30,340,2017,5,7,4,2,5,3,0,1,0,0,1,0,0,7.24024E+20,5.71212E+21,1.22289E+16,5.15157E+16
62609,,14,6,27,290,2017,4,20,6,3,8,1,1,0,0,0,0,2,1,8.29913E+20,5.69322E+21,1.37328E+16,5.12945E+16
62610,,14,6,26,270,2017,5,16,3,2,9,6,0,1,0,0,1,0,1,8.91813E+20,5.67284E+21,1.45944E+16,5.10729E+16
62611,,14,6,26,60,2017,5,10,3,2,9,6,0,1,0,0,1,0,0,8.88684E+20,5.71092E+21,1.45913E+16,5.14159E+16
62612,,14,6,12,0,2017,4,18,6,3,0,1,1,0,0,0,0,0,0,8.32635E+20,5.66661E+21,1.37471E+16,5.10545E+16
62613,,14,6,28,40,2017,5,5,3,3,5,3,0,1,0,0,0,0,0,8.4416E+20,5.64995E+21,1.38952E+16,5.08984E+16
62614,,14,5,22,460,2017,6,16,7,3,5,3,0,1,0,1,0,0,1,7.58927E+20,5.65127E+21,1.2687E+16,5.09547E+16
62615,,14,5,24,330,2017,5,8,7,2,5,3,0,1,0,0,0,0,0,7.46207E+20,5.62653E+21,1.24896E+16,5.07383E+16
62616,,14,5,22,180,2017,5,15,7,2,8,7,0,0,0,1,0,0,0,8.08652E+20,5.65065E+21,1.33924E+16,5.09247E+16
62617,,14,7,30,190,2017,5,14,7,3,9,3,0,1,0,0,0,0,0,7.63067E+20,5.71007E+21,1.27889E+16,5.14805E+16
62618,,14,6,12,0,2017,4,14,6,3,5,3,1,1,0,0,0,0,0,8.33555E+20,5.66773E+21,1.37612E+16,5.10639E+16
62619,,14,6,25,530,2017,5,12,1,3,8,6,0,1,0,0,0,0,0,8.64961E+20,5.67255E+21,1.42125E+16,5.10881E+16
62620,,14,5,11,0,2017,4,2,6,3,9,1,0,1,0,0,0,2,0,7.76541E+20,5.64103E+21,1.29294E+16,5.08547E+16
62621,,14,5,21,630,2017,5,12,2,3,4,2,0,1,0,0,0,0,0,7.8266E+20,5.61337E+21,1.29949E+16,5.06037E+16
62622,,14,5,24,180,2017,4,1,6,2,2,6,0,1,0,0,0,2,0,7.65087E+20,5.63678E+21,1.2764E+16,5.08219E+16
62623,,14,6,12,0,2017,5,10,2,3,1,5,0,1,0,0,1,0,0,8.30741E+20,5.6648E+21,1.37185E+16,5.10393E+16
62624,,14,5,23,200,2017,4,18,5,2,5,3,0,1,0,0,0,1,0,7.36847E+20,5.57884E+21,1.23269E+16,5.0314E+16
62625,,14,5,24,80,2017,4,16,5,3,5,3,0,1,0,0,0,0,0,7.48397E+20,5.63625E+21,1.25271E+16,5.08246E+16
62626,,14,5,23,320,2017,4,21,5,3,2,6,0,1,0,0,0,2,0,7.26088E+20,5.59561E+21,1.21861E+16,5.04689E+16
62627,,14,6,28,30,2017,4,14,5,2,4,1,0,1,0,0,0,0,0,8.57565E+20,5.65919E+21,1.40942E+16,5.0973E+16
62628,,14,6,27,220,2017,5,6,3,3,5,3,0,1,0,0,0,0,0,8.26298E+20,5.68323E+21,1.36721E+16,5.12071E+16
62629,,14,6,27,140,2017,4,16,5,3,6,4,0,1,1,0,0,0,0,8.14076E+20,5.67799E+21,1.34931E+16,5.11669E+16
62630,,14,6,12,0,2017,5,6,3,3,0,4,0,0,1,0,1,0,0,8.29566E+20,5.66522E+21,1.37022E+16,5.10438E+16
62631,,14,6,12,0,2017,5,17,3,2,3,6,0,1,0,0,0,0,0,8.29068E+20,5.66283E+21,1.3693E+16,5.10227E+16
62632,,14,6,12,0,2017,5,16,3,3,1,5,1,1,0,0,0,0,0,8.31094E+20,5.66415E+21,1.3723E+16,5.10333E+16
62633,,14,6,26,390,2017,5,9,4,3,2,6,0,1,0,0,1,0,0,8.99205E+20,5.66238E+21,1.46879E+16,5.09742E+16
62634,,14,5,23,150,2017,5,17,7,3,2,6,0,1,0,0,0,0,0,7.35455E+20,5.61053E+21,1.23273E+16,5.05991E+16
62635,,14,6,12,0,2017,5,22,3,2,6,6,0,0,1,0,1,2,1,8.38646E+20,5.6708E+21,1.38365E+16,5.10885E+16
62636,,14,6,28,270,2017,5,19,3,2,5,2,1,1,0,0,0,0,0,8.45383E+20,5.65659E+21,1.39188E+16,5.09572E+16
62637,,14,6,26,570,2017,5,5,5,3,3,6,1,1,0,0,0,0,0,9.0255E+20,5.6881E+21,1.4764E+16,5.12021E+16
62638,,14,7,29,160,2017,5,14,7,3,3,2,0,1,0,0,1,0,0,7.65161E+20,5.68194E+21,1.2798E+16,5.12272E+16
62639,,14,6,12,0,2017,5,13,3,2,3,7,1,1,0,0,0,0,0,8.3169E+20,5.66735E+21,1.37344E+16,5.10616E+16
62640,,14,6,12,0,2017,5,15,3,3,0,7,0,1,0,0,1,0,0,8.32326E+20,5.66567E+21,1.37419E+16,5.10462E+16
62641,,14,5,11,0,2017,5,14,3,3,1,6,0,1,0,0,0,0,0,7.7125E+20,5.63531E+21,1.28502E+16,5.08059E+16
62642,,14,5,24,30,2017,5,6,2,3,0,3,0,1,0,1,0,1,1,7.33308E+20,5.63363E+21,1.23116E+16,5.08074E+16
62643,,14,5,23,260,2017,5,23,2,3,8,1,0,1,0,0,0,2,1,7.27078E+20,5.61124E+21,1.22096E+16,5.06088E+16
62644,,14,6,12,0,2017,5,17,2,3,5,3,1,1,0,0,0,0,0,8.30928E+20,5.6651E+21,1.37215E+16,5.10419E+16
62645,,14,7,30,190,2017,4,13,5,3,5,3,0,1,0,0,0,0,1,7.64444E+20,5.71303E+21,1.28109E+16,5.15064E+16
62646,,14,7,30,70,2017,5,10,2,1,4,6,0,1,0,0,0,0,0,7.32528E+20,5.71172E+21,1.2351E+16,5.15087E+16
62647,,14,6,12,0,2017,5,12,3,3,3,6,0,1,0,0,1,0,0,8.3219E+20,5.67477E+21,1.37483E+16,5.11278E+16
62648,,14,7,30,30,2017,4,17,5,2,0,1,0,0,0,1,0,0,0,7.80859E+20,5.72218E+21,1.30541E+16,5.15806E+16
62649,,14,7,30,110,2017,4,15,5,3,1,6,0,1,0,0,0,0,0,7.48556E+20,5.70689E+21,1.25781E+16,5.14585E+16
62650,,14,7,29,160,2017,4,12,5,3,9,1,0,1,0,0,0,0,0,7.6331E+20,5.68214E+21,1.27717E+16,5.12298E+16
62651,,14,5,23,320,2017,5,4,2,2,5,3,0,1,0,0,1,2,0,7.2707E+20,5.59931E+21,1.22022E+16,5.05017E+16
62652,,14,7,13,0,2017,5,8,4,3,2,6,0,1,0,0,1,0,0,7.27483E+20,5.69335E+21,1.22666E+16,5.13459E+16
62653,,14,7,29,30,2017,5,7,2,3,3,2,0,1,0,0,0,0,0,7.58696E+20,5.69671E+21,1.27163E+16,5.13627E+16
62654,,14,6,25,580,2017,5,5,5,3,3,6,0,1,0,0,0,0,1,8.51097E+20,5.685E+21,1.40275E+16,5.12083E+16
62655,,14,7,29,380,2017,5,15,7,2,8,1,0,0,0,1,0,0,0,7.61952E+20,5.70509E+21,1.27692E+16,5.14364E+16
62656,,14,7,13,0,2017,5,18,2,2,4,2,1,1,0,0,0,0,0,7.3469E+20,5.69351E+21,1.237E+16,5.13443E+16
62657,,14,6,12,0,2017,5,14,6,2,6,4,0,0,1,1,0,0,0,8.28308E+20,5.6672E+21,1.36862E+16,5.10622E+16
62658,,14,7,13,0,2017,5,6,2,3,6,4,0,0,1,0,1,0,0,7.32336E+20,5.69243E+21,1.23356E+16,5.13356E+16
62659,,14,7,13,0,2017,5,18,2,3,2,6,0,1,0,0,0,0,1,7.36145E+20,5.70151E+21,1.23962E+16,5.14155E+16
62660,,14,5,24,180,2017,5,7,6,2,0,1,0,0,0,1,1,0,0,7.64657E+20,5.64102E+21,1.27609E+16,5.08602E+16
62661,,14,7,30,270,2017,5,22,2,1,6,6,0,1,1,0,0,2,1,7.23437E+20,5.69351E+21,1.22087E+16,5.13489E+16
62662,,14,6,25,450,2017,5,19,2,3,3,6,1,1,0,0,0,0,0,8.5035E+20,5.68142E+21,1.40133E+16,5.11766E+16
62663,,14,5,21,250,2017,5,16,7,3,2,6,0,1,0,1,0,0,0,7.91557E+20,5.61926E+21,1.3125E+16,5.06521E+16
62664,,14,6,25,10,2017,5,7,2,3,9,1,0,1,0,0,0,0,0,8.45634E+20,5.673E+21,1.3938E+16,5.11041E+16
62665,,14,6,26,580,2017,5,7,2,3,7,7,0,1,0,0,0,0,0,9.0095E+20,5.69394E+21,1.47477E+16,5.12554E+16
62666,,14,6,25,20,2017,5,10,2,3,3,6,0,1,0,0,1,0,0,8.7211E+20,5.68552E+21,1.43275E+16,5.11996E+16
62667,,14,6,28,190,2017,5,14,2,3,9,1,0,1,0,0,0,0,1,8.66641E+20,5.6586E+21,1.42223E+16,5.0962E+16
62668,,14,6,28,170,2017,5,15,4,2,5,2,0,1,0,1,0,0,0,8.29854E+20,5.63273E+21,1.3677E+16,5.07524E+16
62669,,14,6,27,210,2017,5,21,2,3,4,1,0,1,0,0,0,2,1,8.25616E+20,5.67187E+21,1.36521E+16,5.11056E+16
62670,,14,6,12,0,2017,5,11,2,3,5,3,0,1,0,0,0,0,1,8.3204E+20,5.67436E+21,1.37458E+16,5.11242E+16
62671,,14,5,23,20,2017,5,14,4,2,9,1,0,1,0,0,0,0,0,7.43612E+20,5.59747E+21,1.24338E+16,5.04785E+16
62672,,14,6,27,140,2017,4,15,5,3,5,3,1,1,0,0,0,0,0,8.12442E+20,5.67681E+21,1.34688E+16,5.11572E+16
62673,,14,6,27,180,2017,5,16,3,2,6,2,0,1,1,0,0,0,0,8.01232E+20,5.66505E+21,1.32991E+16,5.10578E+16
62674,,14,7,13,0,2017,4,15,5,3,3,6,1,0,0,0,0,0,0,7.40149E+20,5.69584E+21,1.24498E+16,5.1363E+16
62675,,14,6,12,0,2017,5,7,2,3,2,2,1,1,0,0,0,0,0,8.31664E+20,5.6643E+21,1.37312E+16,5.10343E+16
62676,,14,6,28,410,2017,4,11,5,2,8,1,0,0,0,0,1,0,0,8.20152E+20,5.66055E+21,1.35643E+16,5.10072E+16
62677,,14,5,24,330,2017,5,15,3,3,4,2,0,1,0,1,0,0,0,7.45681E+20,5.61979E+21,1.24777E+16,5.0678E+16
62678,,14,7,29,160,2017,4,16,5,3,9,1,0,1,0,0,0,0,0,7.60471E+20,5.68507E+21,1.27333E+16,5.12574E+16
62679,,14,5,22,180,2017,5,16,2,2,5,3,1,1,0,0,0,0,1,8.04658E+20,5.64707E+21,1.33328E+16,5.08947E+16
62680,,14,6,28,410,2017,4,21,5,3,8,7,0,1,0,0,0,2,0,8.11183E+20,5.66452E+21,1.34402E+16,5.10477E+16
62681,,14,5,21,520,2017,5,14,2,3,3,2,0,1,0,1,0,0,0,7.79591E+20,5.60772E+21,1.29474E+16,5.05544E+16
62682,,14,5,11,0,2017,5,16,2,3,2,7,0,1,0,0,1,0,0,7.76701E+20,5.63784E+21,1.29293E+16,5.08261E+16
62683,,14,5,23,330,2017,5,11,1,2,0,1,0,0,0,1,0,0,0,7.27826E+20,5.60704E+21,1.22175E+16,5.05708E+16
62684,,14,5,23,160,2017,5,16,1,2,8,1,0,0,0,1,0,0,0,7.47816E+20,5.58931E+21,1.24875E+16,5.04035E+16
62685,,14,5,23,10,2017,5,1,1,2,9,1,0,1,0,0,0,2,0,7.31853E+20,5.57979E+21,1.22574E+16,5.03245E+16
62686,,14,6,26,260,2017,6,16,6,3,6,6,0,0,1,0,1,0,0,8.95596E+20,5.70407E+21,1.46826E+16,5.13498E+16
62687,,14,5,24,20,2017,6,17,7,3,9,1,0,1,0,0,0,0,1,7.57757E+20,5.63579E+21,1.26594E+16,5.08164E+16
62688,,14,7,30,200,2017,5,17,7,2,5,3,0,1,0,0,0,0,0,7.85512E+20,5.6857E+21,1.30917E+16,5.1251E+16
62689,,14,7,29,250,2017,5,22,7,2,5,3,0,1,0,0,0,2,0,7.50391E+20,5.69606E+21,1.25968E+16,5.13605E+16
62690,,14,6,12,0,2017,5,15,6,3,9,1,1,0,0,0,0,0,0,8.30588E+20,5.66457E+21,1.37162E+16,5.10374E+16
62691,,14,6,26,180,2017,5,17,6,3,2,6,0,1,0,0,0,0,0,9.06103E+20,5.663E+21,1.47864E+16,5.0975E+16
62692,,14,7,30,110,2017,4,16,5,2,4,2,0,1,0,1,0,0,0,7.48312E+20,5.70684E+21,1.25746E+16,5.14582E+16
62693,,14,6,27,110,2017,5,15,7,3,5,3,0,1,0,0,0,0,0,8.26331E+20,5.69938E+21,1.36873E+16,5.13518E+16
62694,,14,7,13,0,2017,4,18,5,3,4,2,0,1,0,0,0,0,1,7.37351E+20,5.69024E+21,1.2406E+16,5.13139E+16
62695,,14,6,12,0,2017,5,0,1,3,1,7,0,1,0,0,1,2,0,8.31724E+20,5.66323E+21,1.37311E+16,5.10247E+16
62696,,14,6,26,610,2017,4,14,5,2,1,6,0,1,0,0,0,0,0,9.06765E+20,5.6546E+21,1.47864E+16,5.08993E+16
62697,,14,5,24,300,2017,5,18,1,2,3,6,1,1,0,0,0,0,0,7.36628E+20,5.62929E+21,1.23558E+16,5.07671E+16
62698,,14,6,25,330,2017,4,14,5,2,4,6,0,1,0,0,0,0,1,8.74879E+20,5.70944E+21,1.43921E+16,5.14119E+16
62699,,14,6,28,30,2017,4,14,5,3,0,1,1,0,0,0,0,0,0,8.61121E+20,5.65377E+21,1.41392E+16,5.09223E+16
62700,,14,6,28,220,2017,4,7,5,3,9,1,0,1,0,0,0,0,0,8.35582E+20,5.6534E+21,1.37768E+16,5.09343E+16
62701,,14,5,23,20,2017,5,16,3,2,6,4,0,1,1,0,0,0,0,7.40143E+20,5.60071E+21,1.23871E+16,5.05091E+16
62702,,14,6,27,310,2017,4,13,5,3,5,2,1,1,0,0,0,0,0,8.19506E+20,5.6762E+21,1.35689E+16,5.11479E+16
62703,,14,6,28,270,2017,5,10,7,3,2,6,0,1,0,0,0,0,0,8.47202E+20,5.65667E+21,1.39447E+16,5.09568E+16
62704,,14,6,28,220,2017,5,15,1,3,4,2,1,1,0,0,0,0,0,8.35787E+20,5.65791E+21,1.37839E+16,5.09747E+16
62705,,14,6,27,210,2017,4,18,5,3,2,6,0,1,0,0,1,0,0,8.24526E+20,5.67198E+21,1.36366E+16,5.11072E+16
62706,,14,5,24,330,2017,5,14,1,3,0,7,0,0,0,1,0,0,1,7.50807E+20,5.62561E+21,1.2554E+16,5.07281E+16
62707,,14,6,27,210,2017,4,9,5,3,2,6,0,1,0,0,1,0,0,8.26903E+20,5.67174E+21,1.36703E+16,5.11038E+16
62708,,14,5,21,430,2017,5,17,2,3,0,7,1,0,0,0,0,0,0,7.64761E+20,5.6255E+21,1.27512E+16,5.07209E+16
62709,,14,6,27,10,2017,4,9,5,2,2,6,1,0,0,1,0,0,0,8.20574E+20,5.67477E+21,1.35829E+16,5.11345E+16
62710,,14,6,27,130,2017,5,8,2,3,5,3,0,1,0,0,0,0,0,7.99858E+20,5.68374E+21,1.32951E+16,5.12262E+16
62711,,14,6,12,0,2017,4,15,5,3,2,6,0,1,0,0,0,0,0,8.35288E+20,5.66833E+21,1.37865E+16,5.10683E+16
62712,,14,6,12,0,2017,4,13,5,3,2,6,0,1,0,0,0,0,1,8.40124E+20,5.66793E+21,1.38549E+16,5.10619E+16
62713,,14,5,21,30,2017,4,15,5,3,2,6,0,1,0,0,0,0,0,7.61867E+20,5.61043E+21,1.26997E+16,5.05869E+16
62714,,14,7,29,80,2017,5,18,1,2,4,6,0,1,0,1,0,0,0,7.64907E+20,5.66948E+21,1.27852E+16,5.11155E+16
62715,,14,5,21,20,2017,4,15,5,3,4,2,0,1,0,0,0,0,0,7.83397E+20,5.61111E+21,1.30036E+16,5.0583E+16
62716,,14,7,13,0,2017,5,17,1,3,3,6,0,1,0,1,0,0,0,7.35422E+20,5.69352E+21,1.23805E+16,5.13441E+16
62717,,14,6,28,220,2017,5,11,4,2,2,6,1,1,0,0,0,0,0,8.35492E+20,5.6563E+21,1.37782E+16,5.09605E+16
62718,,14,6,26,85,2017,5,19,7,2,0,1,1,0,0,0,0,0,0,8.92257E+20,5.66363E+21,1.45908E+16,5.09903E+16
62719,,14,7,13,0,2017,5,16,1,2,2,6,0,1,0,1,0,0,0,7.35637E+20,5.69347E+21,1.23836E+16,5.13436E+16
62720,,14,6,12,0,2017,5,6,5,3,2,6,0,1,0,0,1,0,0,8.34865E+20,5.6622E+21,1.37748E+16,5.10137E+16
62721,,14,6,25,540,2017,5,6,7,3,7,1,0,1,0,0,0,0,0,8.53384E+20,5.69888E+21,1.40738E+16,5.13311E+16
62722,,14,7,30,340,2017,5,12,1,3,5,3,0,1,0,0,0,0,0,7.24025E+20,5.71212E+21,1.22289E+16,5.15157E+16
62723,,14,6,25,200,2017,5,17,1,3,5,3,0,1,0,0,0,0,0,8.47475E+20,5.67636E+21,1.39675E+16,5.1133E+16
62724,,14,5,23,360,2017,5,14,5,3,2,6,0,1,0,0,0,0,0,7.41178E+20,5.60341E+21,1.24034E+16,5.05329E+16
62725,,14,6,25,120,2017,5,14,7,3,5,3,0,1,0,0,0,0,0,8.62292E+20,5.71431E+21,1.42169E+16,5.14637E+16
62726,,14,6,25,320,2017,5,5,1,2,8,1,0,1,0,0,0,0,0,8.48605E+20,5.6804E+21,1.39875E+16,5.11685E+16
62727,,14,6,25,280,2017,5,14,1,2,3,2,0,0,0,1,0,0,0,8.68089E+20,5.69651E+21,1.42815E+16,5.13006E+16
62728,,14,7,30,80,2017,5,21,6,2,4,2,0,1,0,0,0,2,0,7.54128E+20,5.71164E+21,1.26616E+16,5.14986E+16
62729,,14,6,25,610,2017,5,6,1,3,8,1,0,1,0,0,0,1,0,8.95437E+20,5.6831E+21,1.46572E+16,5.11623E+16
62730,,14,6,25,560,2017,5,18,1,2,5,3,0,1,0,0,1,0,0,8.80593E+20,5.67005E+21,1.44321E+16,5.10556E+16
62731,,14,6,27,230,2017,5,16,1,3,5,3,1,1,0,0,0,0,0,7.98148E+20,5.69428E+21,1.32795E+16,5.13215E+16
62732,,14,6,12,0,2017,5,19,1,3,5,2,0,1,0,0,0,0,0,8.30103E+20,5.66937E+21,1.37137E+16,5.10807E+16
62733,,14,6,27,100,2017,5,9,1,2,2,6,0,1,0,0,0,0,0,8.16859E+20,5.66628E+21,1.35225E+16,5.10604E+16
62734,,14,6,12,0,2017,5,12,1,3,5,3,1,1,0,0,0,0,0,8.32426E+20,5.66583E+21,1.37435E+16,5.10476E+16
62735,,14,6,28,110,2017,5,13,4,3,6,4,0,1,1,0,0,0,0,8.25916E+20,5.66165E+21,1.36471E+16,5.10139E+16
62736,,14,5,22,50,2017,4,15,5,3,2,2,0,1,0,0,0,0,0,8.04714E+20,5.63909E+21,1.33269E+16,5.08232E+16
62737,,14,5,22,150,2017,5,19,1,2,0,7,0,1,0,0,0,0,0,7.85169E+20,5.6503E+21,1.30589E+16,5.09337E+16
62738,,14,5,23,450,2017,5,18,7,3,9,1,0,1,0,0,0,0,0,7.17088E+20,5.59345E+21,1.20582E+16,5.04528E+16
62739,,14,5,24,130,2017,4,18,4,3,8,1,0,1,0,0,0,0,0,7.4891E+20,5.615E+21,1.25201E+16,5.06336E+16
62740,,14,5,22,180,2017,5,16,3,3,1,6,0,1,0,1,0,0,0,8.04949E+20,5.64819E+21,1.33378E+16,5.09047E+16
62741,,14,6,12,0,2017,4,9,5,3,8,1,0,1,0,0,0,0,1,8.38649E+20,5.67081E+21,1.38366E+16,5.10886E+16
62742,,14,5,23,260,2017,5,14,7,3,0,7,0,0,0,1,0,0,0,7.30178E+20,5.61247E+21,1.2254E+16,5.06186E+16
62743,,14,7,29,430,2017,4,20,4,3,0,7,0,1,0,0,0,2,0,7.31409E+20,5.67641E+21,1.23119E+16,5.11922E+16
62744,,14,6,27,180,2017,4,12,5,3,2,6,0,1,0,0,0,0,0,8.02396E+20,5.6628E+21,1.33138E+16,5.1037E+16
62745,,14,6,25,20,2017,4,10,4,3,5,3,0,1,0,0,1,0,0,8.80671E+20,5.68393E+21,1.44478E+16,5.11797E+16
62746,,14,5,23,320,2017,5,15,7,1,5,3,0,1,0,0,0,0,0,7.25695E+20,5.59881E+21,1.21825E+16,5.04977E+16
62747,,14,6,28,270,2017,4,14,4,3,2,6,0,1,0,1,0,0,1,8.4621E+20,5.65709E+21,1.3931E+16,5.09611E+16
62748,,14,5,24,90,2017,6,5,5,3,0,5,0,1,0,1,0,0,0,7.59161E+20,5.62085E+21,1.26688E+16,5.06817E+16
62749,,14,6,26,530,2017,6,17,6,2,4,6,0,1,0,1,0,0,0,8.95611E+20,5.65775E+21,1.4632E+16,5.09353E+16
62750,,14,5,24,280,2017,6,6,6,3,4,1,0,1,0,0,0,0,0,7.54331E+20,5.63285E+21,1.26089E+16,5.07915E+16
62751,,14,6,26,600,2017,5,14,5,2,0,7,0,0,0,1,0,0,0,8.92087E+20,5.71876E+21,1.46487E+16,5.14837E+16
62752,,14,6,27,180,2017,6,17,7,2,8,1,0,1,0,0,0,0,1,8.01155E+20,5.66254E+21,1.32959E+16,5.10354E+16
62753,,14,5,23,320,2017,5,14,5,3,1,6,0,1,0,0,0,0,0,7.22622E+20,5.59747E+21,1.21384E+16,5.04869E+16
62754,,14,6,27,100,2017,4,9,5,3,2,6,0,1,0,0,0,0,0,8.19554E+20,5.66657E+21,1.35611E+16,5.10616E+16
62755,,14,6,25,525,2017,5,13,6,2,3,6,1,0,0,0,0,0,0,8.80926E+20,5.67497E+21,1.4442E+16,5.10993E+16
62756,,14,6,12,0,2017,4,13,5,3,2,6,0,1,0,0,0,0,0,8.31922E+20,5.67957E+21,1.37489E+16,5.1171E+16
62757,,14,5,21,320,2017,5,10,7,3,5,3,0,1,0,1,0,0,0,7.59534E+20,5.59371E+21,1.26552E+16,5.0438E+16
62758,,14,6,12,0,2017,6,12,5,3,5,3,0,1,0,0,0,0,0,8.28086E+20,5.66714E+21,1.36829E+16,5.10618E+16
62759,,14,6,12,0,2017,6,22,5,2,0,1,1,0,0,0,0,1,0,8.29737E+20,5.66976E+21,1.37088E+16,5.10844E+16
62760,,14,6,12,0,2017,6,11,5,2,5,3,1,1,0,0,0,0,0,8.32682E+20,5.6663E+21,1.37475E+16,5.10516E+16
62761,,14,6,12,0,2017,6,15,5,3,5,3,1,0,0,0,1,0,0,8.31816E+20,5.6676E+21,1.37364E+16,5.10638E+16
62762,,14,6,12,0,2017,6,6,5,2,5,2,0,1,0,1,0,2,0,8.39283E+20,5.66788E+21,1.38429E+16,5.1062E+16
62763,,14,5,22,580,2017,6,18,5,3,9,1,1,0,0,0,0,0,0,7.63558E+20,5.65694E+21,1.27569E+16,5.10036E+16
62764,,14,5,21,690,2017,6,16,5,3,1,1,1,1,0,0,0,0,0,7.86975E+20,5.6299E+21,1.30686E+16,5.07498E+16
62765,,14,5,21,520,2017,6,13,5,2,6,4,0,1,1,0,0,0,0,7.81995E+20,5.60778E+21,1.29813E+16,5.05538E+16
62766,,14,5,24,330,2017,6,6,4,3,5,3,0,1,0,1,0,0,0,7.45763E+20,5.62038E+21,1.24792E+16,5.06833E+16
62767,,14,6,27,140,2017,6,15,5,3,2,6,0,1,0,0,0,0,0,8.1228E+20,5.6768E+21,1.34664E+16,5.11573E+16
62768,,14,5,24,300,2017,6,14,4,3,4,6,0,1,0,0,0,0,0,7.39676E+20,5.62342E+21,1.23952E+16,5.07131E+16
62769,,14,6,26,180,2017,6,11,5,3,2,2,0,1,0,0,0,0,0,9.01934E+20,5.66804E+21,1.47329E+16,5.10231E+16
62770,,14,5,23,365,2017,6,20,4,3,1,5,1,1,0,0,0,0,0,7.19095E+20,5.60565E+21,1.20936E+16,5.05616E+16
62771,,14,5,23,300,2017,6,13,5,3,1,5,1,1,0,0,0,0,0,7.22664E+20,5.59097E+21,1.21352E+16,5.04285E+16
62772,,14,5,23,300,2017,6,22,4,3,2,6,0,0,0,0,1,2,0,7.23255E+20,5.59181E+21,1.2144E+16,5.04358E+16
62773,,14,5,23,245,2017,6,14,4,1,8,7,0,1,0,0,0,0,0,7.46047E+20,5.59405E+21,1.24658E+16,5.04467E+16
62774,,14,5,24,330,2017,6,16,4,3,2,6,0,1,0,1,0,0,0,7.47261E+20,5.62333E+21,1.25023E+16,5.07091E+16
62775,,14,7,30,110,2017,6,8,4,3,4,2,0,1,0,0,0,0,0,7.5481E+20,5.70828E+21,1.26689E+16,5.14682E+16
62776,,14,7,30,250,2017,6,18,4,3,2,6,0,1,0,0,0,0,0,7.33972E+20,5.70413E+21,1.23667E+16,5.144E+16
62777,,14,7,30,300,2017,6,10,4,3,2,2,0,1,0,0,0,0,0,7.43122E+20,5.69815E+21,1.24941E+16,5.13824E+16
62778,,14,7,30,270,2017,6,16,4,3,8,1,0,1,0,0,0,0,0,7.21964E+20,5.70113E+21,1.21924E+16,5.14178E+16
62779,,14,7,29,340,2017,6,17,4,2,3,6,0,1,0,1,1,0,0,7.53964E+20,5.68786E+21,1.26422E+16,5.12853E+16
62780,,14,7,29,160,2017,6,16,4,2,5,3,1,1,0,0,0,0,0,7.67539E+20,5.67951E+21,1.28302E+16,5.12043E+16
62781,,14,7,13,0,2017,6,13,4,3,4,2,0,0,0,0,1,0,0,7.36426E+20,5.69275E+21,1.23944E+16,5.13368E+16
62782,,14,5,24,330,2017,6,14,7,3,0,1,1,1,0,0,0,0,0,7.44843E+20,5.62059E+21,1.24663E+16,5.06856E+16
62783,,14,7,13,0,2017,6,15,4,3,4,6,1,1,0,0,0,0,0,7.33433E+20,5.69306E+21,1.23517E+16,5.13408E+16
62784,,14,6,25,40,2017,6,17,5,3,6,2,0,1,1,0,0,0,0,8.62115E+20,5.67653E+21,1.4176E+16,5.11255E+16
62785,,14,6,26,110,2017,6,23,4,3,4,6,0,1,0,0,0,2,0,9.19491E+20,5.68366E+21,1.5E+16,5.11502E+16
62786,,14,7,30,330,2017,6,7,5,2,4,7,0,1,0,0,1,0,0,7.7954E+20,5.68828E+21,1.30084E+16,5.12771E+16
62787,,14,6,26,110,2017,6,13,4,3,2,6,0,1,0,0,1,0,0,9.17575E+20,5.68428E+21,1.49734E+16,5.11571E+16
62788,,14,6,28,220,2017,6,7,4,2,4,6,0,1,0,0,0,0,0,8.37118E+20,5.65356E+21,1.37988E+16,5.0935E+16
62789,,14,6,27,150,2017,6,12,4,3,5,3,0,1,0,0,0,0,0,8.28736E+20,5.67388E+21,1.36983E+16,5.11219E+16
62790,,14,6,27,180,2017,6,7,4,3,6,4,0,1,1,0,0,0,0,7.9965E+20,5.66749E+21,1.32786E+16,5.10805E+16
62791,,14,6,27,100,2017,6,20,4,2,0,1,1,0,0,0,0,0,0,8.19308E+20,5.67137E+21,1.35618E+16,5.11047E+16
62792,,14,6,28,50,2017,6,6,4,2,4,7,0,1,0,0,1,0,0,8.30934E+20,5.65766E+21,1.37148E+16,5.09753E+16
62793,,14,6,28,410,2017,6,23,4,2,0,7,0,0,0,1,0,2,0,8.19415E+20,5.6632E+21,1.35561E+16,5.10314E+16
62794,,14,6,12,0,2017,6,15,4,3,2,6,0,1,0,0,0,0,0,8.40627E+20,5.67265E+21,1.38664E+16,5.11039E+16
62795,,14,6,12,0,2017,6,12,4,3,2,6,0,1,0,0,0,0,0,8.32646E+20,5.66631E+21,1.3747E+16,5.10518E+16
62796,,14,6,28,380,2017,6,10,4,3,3,2,0,1,0,0,1,0,0,8.55204E+20,5.66809E+21,1.40694E+16,5.10542E+16
62797,,14,5,21,310,2017,6,9,4,3,5,3,1,1,0,0,0,0,0,7.69347E+20,5.62922E+21,1.28188E+16,5.07522E+16