OBJECTID,UIDENTSTLA,ULAND,UREGBEZ,UKREIS,UGEMEINDE,UJAHR,UMONAT,USTUNDE,UWOCHENTAG,UKATEGORIE,UART,UTYP1,IstRad,IstPKW,IstFuss,IstKrad,IstSonstig,LICHT,STRZUSTAND,LINREFX,LINREFY,XGCSWGS84,YGCSWGS84
62989,,14,6,27,360,2017,6,17,3,2,2,6,0,1,0,0,1,0,0,8.02136E+20,5.69442E+21,1.33367E+16,5.13207E+16
62990,,14,6,28,40,2017,6,12,3,3,9,1,0,0,0,0,1,0,0,8.43062E+20,5.64835E+21,1.38782E+16,5.08847E+16
62991,,14,6,28,270,2017,6,8,3,3,5,3,1,0,0,0,1,0,0,8.46243E+20,5.65668E+21,1.39311E+16,5.09574E+16
62992,,14,6,28,270,2017,6,16,3,3,5,3,1,1,0,0,0,0,0,8.47199E+20,5.65527E+21,1.39433E+16,5.09442E+16
62993,,14,6,27,210,2017,6,17,3,3,6,2,0,1,1,0,0,0,1,8.25994E+20,5.67188E+21,1.36575E+16,5.11055E+16
62994,,14,6,27,10,2017,6,8,3,3,0,1,1,0,0,0,0,0,0,8.20559E+20,5.6747E+21,1.35826E+16,5.11339E+16
62995,,14,6,12,0,2017,6,21,3,3,5,3,0,1,0,0,0,2,0,8.33332E+20,5.66965E+21,1.37599E+16,5.10813E+16
62996,,14,6,28,260,2017,6,15,3,2,4,1,0,1,0,0,1,0,0,8.66928E+20,5.66428E+21,1.42321E+16,5.10127E+16
62997,,14,5,22,180,2017,6,1,3,3,9,1,0,1,0,0,0,2,0,8.08744E+20,5.65073E+21,1.33938E+16,5.09254E+16
62998,,14,6,27,360,2017,6,19,5,3,8,1,0,1,0,0,0,0,0,8.0333E+20,5.69795E+21,1.33567E+16,5.13517E+16
62999,,14,7,30,270,2017,6,13,5,2,3,2,0,1,0,0,1,0,0,7.26466E+20,5.70148E+21,1.22572E+16,5.14192E+16
63000,,14,5,21,690,2017,6,9,6,3,8,7,0,1,0,0,0,0,0,7.87049E+20,5.62913E+21,1.3069E+16,5.07429E+16
63001,,14,5,22,80,2017,6,17,3,3,6,4,0,1,1,0,0,0,0,7.89173E+20,5.66944E+21,1.3131E+16,5.11034E+16
63002,,14,5,11,0,2017,6,17,3,3,6,4,0,1,1,0,0,0,0,7.75203E+20,5.63842E+21,1.29085E+16,5.08319E+16
63003,,14,5,24,120,2017,6,12,3,3,3,7,0,0,0,0,1,0,0,7.6062E+20,5.6352E+21,1.26996E+16,5.08098E+16
63004,,14,5,21,330,2017,6,10,3,1,5,7,0,1,0,1,1,0,0,7.89454E+20,5.60423E+21,1.30836E+16,5.05184E+16
63005,,14,5,22,320,2017,6,6,3,3,5,3,0,1,0,0,0,0,0,7.94303E+20,5.63631E+21,1.31773E+16,5.08037E+16
63006,,14,5,24,170,2017,6,15,2,3,2,6,1,0,0,0,0,0,0,7.41541E+20,5.62193E+21,1.24206E+16,5.0699E+16
63007,,14,5,23,310,2017,6,11,2,3,0,7,0,0,0,1,0,0,0,7.12009E+20,5.61125E+21,1.19969E+16,5.06146E+16
63008,,14,5,24,80,2017,6,17,2,3,5,3,0,1,0,1,0,0,0,7.46664E+20,5.63544E+21,1.2502E+16,5.08181E+16
63009,,14,5,24,180,2017,6,14,2,2,5,3,0,1,0,1,0,0,0,7.65708E+20,5.64057E+21,1.27755E+16,5.08557E+16
63010,,14,5,24,180,2017,6,10,2,3,4,2,0,1,0,0,0,0,0,7.67656E+20,5.64188E+21,1.28041E+16,5.08666E+16
63011,,14,7,29,380,2017,6,19,2,2,9,1,0,0,0,0,1,0,1,7.58743E+20,5.70576E+21,1.27236E+16,5.14438E+16
63012,,14,6,26,110,2017,6,17,2,2,5,2,0,1,0,1,0,0,0,9.19093E+20,5.68361E+21,1.49943E+16,5.115E+16
63013,,14,6,25,110,2017,6,13,2,1,5,3,0,1,0,1,0,0,0,8.74474E+20,5.68047E+21,1.4356E+16,5.11528E+16
63014,,14,6,28,190,2017,6,14,2,3,0,1,0,0,0,1,0,0,0,8.58239E+20,5.65817E+21,1.41027E+16,5.09635E+16
63015,,14,6,28,30,2017,6,11,2,3,2,6,1,1,0,0,0,0,0,8.63472E+20,5.65296E+21,1.41717E+16,5.09135E+16
63016,,14,6,28,190,2017,6,18,2,2,4,1,0,1,0,1,0,0,0,8.57856E+20,5.66018E+21,1.40993E+16,5.09818E+16
63017,,14,6,28,130,2017,6,16,5,3,9,1,0,1,0,0,0,0,0,8.34203E+20,5.64872E+21,1.3753E+16,5.08932E+16
63018,,14,6,25,250,2017,6,14,5,3,6,7,0,1,1,0,0,0,0,8.55502E+20,5.69285E+21,1.40981E+16,5.12758E+16
63019,,14,6,28,80,2017,6,14,2,3,5,3,1,1,0,0,0,0,0,8.41024E+20,5.65802E+21,1.38583E+16,5.09726E+16
63020,,14,5,23,340,2017,6,10,5,2,5,3,0,1,0,1,0,0,0,7.34919E+20,5.6146E+21,1.23223E+16,5.06359E+16
63021,,14,6,28,70,2017,6,23,2,2,9,7,0,1,0,0,0,2,0,8.47518E+20,5.65393E+21,1.39466E+16,5.09321E+16
63022,,14,6,27,210,2017,6,18,2,3,5,3,0,1,0,0,0,0,1,8.26797E+20,5.67177E+21,1.36688E+16,5.11041E+16
63023,,14,6,27,140,2017,6,14,2,3,8,1,0,1,0,0,0,0,0,8.14428E+20,5.6803E+21,1.35001E+16,5.11874E+16
63024,,14,6,28,400,2017,6,10,2,3,2,6,0,1,0,1,0,0,0,8.20782E+20,5.65736E+21,1.35704E+16,5.09783E+16
63025,,14,6,12,0,2017,6,22,2,3,0,1,1,0,0,0,0,2,0,8.29195E+20,5.67046E+21,1.37017E+16,5.1091E+16
63026,,14,6,12,0,2017,6,15,2,3,5,3,1,1,0,0,0,0,0,8.33731E+20,5.67114E+21,1.37669E+16,5.10944E+16
63027,,14,6,27,100,2017,6,12,2,2,2,6,0,1,0,0,1,0,0,8.1761E+20,5.66638E+21,1.35332E+16,5.10609E+16
63028,,14,5,22,580,2017,6,15,2,2,0,1,1,0,0,0,0,0,0,7.66659E+20,5.65556E+21,1.27999E+16,5.09897E+16
63029,,14,5,21,550,2017,6,16,2,3,1,6,0,1,0,0,0,0,0,7.68049E+20,5.60631E+21,1.27838E+16,5.05471E+16
63030,,14,5,21,600,2017,6,11,2,3,5,3,0,1,0,1,0,0,0,7.55101E+20,5.60411E+21,1.26E+16,5.05332E+16
63031,,14,5,11,0,2017,6,10,2,3,5,3,0,1,0,0,0,0,0,7.64448E+20,5.63671E+21,1.27549E+16,5.08216E+16
63032,,14,5,11,0,2017,6,12,2,2,9,1,0,1,0,0,0,0,0,7.64261E+20,5.63648E+21,1.27521E+16,5.08196E+16
63033,,14,5,22,430,2017,6,20,2,1,4,1,0,1,0,0,0,1,1,7.99685E+20,5.64774E+21,1.32628E+16,5.09034E+16
63034,,14,6,25,20,2017,6,15,7,3,2,6,0,1,0,0,0,0,0,8.77852E+20,5.68559E+21,1.44094E+16,5.11964E+16
63035,,14,5,24,300,2017,6,11,1,3,8,1,0,1,0,0,0,0,1,7.41056E+20,5.62341E+21,1.24147E+16,5.07125E+16
63036,,14,6,27,60,2017,6,2,5,3,9,1,0,1,0,0,0,2,0,8.13138E+20,5.69738E+21,1.34967E+16,5.13413E+16
63037,,14,5,23,100,2017,6,18,1,3,4,6,0,1,0,1,0,0,0,7.27469E+20,5.61393E+21,1.22167E+16,5.06328E+16
63038,,14,7,13,0,2017,6,10,5,3,2,6,0,1,0,0,1,0,0,7.36644E+20,5.69566E+21,1.23995E+16,5.13628E+16
63039,,14,5,24,160,2017,6,14,1,2,9,1,0,0,0,1,0,0,1,7.54125E+20,5.62903E+21,1.26033E+16,5.07573E+16
63040,,14,7,29,140,2017,6,12,1,2,9,1,0,1,0,0,0,0,1,7.52098E+20,5.6614E+21,1.2597E+16,5.10487E+16
63041,,14,6,26,610,2017,6,14,1,3,2,6,0,1,0,0,0,0,1,9.05989E+20,5.65499E+21,1.47759E+16,5.09034E+16
63042,,14,6,26,460,2017,6,10,1,3,0,1,1,0,0,0,0,0,0,9.02452E+20,5.70996E+21,1.47872E+16,5.13977E+16
63043,,14,6,27,230,2017,6,21,7,3,2,2,0,1,0,0,0,1,1,7.99161E+20,5.693E+21,1.32929E+16,5.13095E+16
63044,,14,6,25,110,2017,6,7,5,2,9,1,0,1,0,0,0,0,0,8.77195E+20,5.68062E+21,1.43949E+16,5.11524E+16
63045,,14,7,30,160,2017,6,9,5,3,3,2,1,0,0,0,1,0,0,7.52533E+20,5.71532E+21,1.26413E+16,5.15324E+16
63046,,14,6,26,60,2017,6,18,1,2,8,7,0,1,0,0,0,0,1,8.90577E+20,5.70609E+21,1.46131E+16,5.13713E+16
63047,,14,6,28,110,2017,6,11,6,2,5,2,0,1,0,0,0,0,0,8.26386E+20,5.66038E+21,1.36527E+16,5.10022E+16
63048,,14,6,25,40,2017,6,12,1,3,9,1,0,1,0,0,0,0,1,8.61414E+20,5.67626E+21,1.41658E+16,5.11235E+16
63049,,14,6,26,245,2017,6,12,1,2,4,2,0,1,0,0,0,0,0,8.95164E+20,5.66261E+21,1.46309E+16,5.09791E+16
63050,,14,6,27,180,2017,6,14,1,3,2,2,0,1,0,0,0,0,0,8.03993E+20,5.66628E+21,1.33394E+16,5.10674E+16
63051,,14,6,27,100,2017,6,12,1,2,3,1,0,1,0,0,0,0,1,8.10013E+20,5.66575E+21,1.34246E+16,5.10594E+16
63052,,14,6,27,180,2017,6,11,1,3,3,1,0,1,0,0,0,0,1,8.06353E+20,5.66517E+21,1.33721E+16,5.10562E+16
63053,,14,6,12,0,2017,6,14,1,2,2,6,0,1,0,1,0,0,1,8.3216E+20,5.66551E+21,1.37394E+16,5.10449E+16
63054,,14,6,12,0,2017,6,21,1,3,0,1,1,0,0,0,0,0,0,8.30205E+20,5.66919E+21,1.37149E+16,5.1079E+16
63055,,14,5,22,590,2017,6,13,1,3,5,3,0,1,0,0,0,0,1,8.13049E+20,5.64209E+21,1.34475E+16,5.08456E+16
63056,,14,5,22,80,2017,6,12,1,3,9,1,0,1,0,0,0,0,1,7.90642E+20,5.67144E+21,1.31535E+16,5.11206E+16
63057,,14,5,11,0,2017,6,12,1,3,9,1,0,1,0,0,0,0,1,7.7186E+20,5.63584E+21,1.28592E+16,5.08104E+16
63058,,14,5,22,420,2017,6,12,1,2,5,3,0,1,0,0,0,0,1,7.80676E+20,5.64427E+21,1.29905E+16,5.08818E+16
63059,,14,5,23,160,2017,6,2,7,3,9,1,1,0,0,0,0,2,0,7.46692E+20,5.58387E+21,1.24682E+16,5.03551E+16
63060,,14,6,27,140,2017,6,13,5,2,5,3,0,1,0,0,0,0,0,8.14268E+20,5.67601E+21,1.34941E+16,5.11491E+16
63061,,14,5,24,130,2017,6,9,7,2,5,3,0,1,0,1,0,0,0,7.49877E+20,5.61348E+21,1.25327E+16,5.06195E+16
63062,,14,5,11,0,2017,6,20,5,2,0,3,1,1,0,0,0,0,0,7.73605E+20,5.64056E+21,1.28874E+16,5.08519E+16
63063,,14,5,24,170,2017,6,10,4,3,4,1,0,1,0,0,0,0,0,7.42329E+20,5.62198E+21,1.24317E+16,5.06991E+16
63064,,14,5,23,40,2017,6,17,4,3,5,3,0,1,0,1,0,0,0,7.32724E+20,5.57435E+21,1.22663E+16,5.02753E+16
63065,,14,5,24,190,2017,6,14,4,3,2,6,0,1,0,0,0,0,0,7.42396E+20,5.63785E+21,1.24431E+16,5.08415E+16
63066,,14,5,23,20,2017,6,19,4,3,4,2,0,1,0,0,0,0,0,7.40813E+20,5.59911E+21,1.23955E+16,5.04944E+16
63067,,14,5,23,430,2017,6,16,4,3,5,3,0,1,0,0,0,0,0,7.32543E+20,5.60521E+21,1.22829E+16,5.05525E+16
63068,,14,5,23,260,2017,6,23,4,3,0,7,0,0,0,1,0,2,0,7.27971E+20,5.61369E+21,1.22237E+16,5.06304E+16
63069,,14,5,23,80,2017,6,22,4,2,9,1,0,1,0,0,0,2,0,7.2792E+20,5.58534E+21,1.22056E+16,5.03759E+16
63070,,14,7,13,0,2017,6,18,4,3,5,3,0,1,0,1,0,0,0,7.36435E+20,5.69343E+21,1.2395E+16,5.13429E+16
63071,,14,7,13,0,2017,6,14,4,3,5,3,1,1,0,0,0,0,0,7.34945E+20,5.69353E+21,1.23737E+16,5.13444E+16
63072,,14,7,13,0,2017,6,7,4,3,2,6,0,1,0,0,0,0,0,7.2762E+20,5.68556E+21,1.22636E+16,5.12758E+16
63073,,14,7,13,0,2017,6,16,4,3,2,6,0,1,0,0,0,0,0,7.36335E+20,5.69434E+21,1.23942E+16,5.13511E+16
63074,,14,7,30,30,2017,6,8,4,2,5,3,1,1,0,0,0,0,0,7.81828E+20,5.72088E+21,1.3067E+16,5.15684E+16
63075,,14,6,25,100,2017,6,12,4,2,9,1,1,0,0,0,0,0,0,8.68655E+20,5.68054E+21,1.42732E+16,5.11572E+16
63076,,14,6,28,100,2017,6,17,4,2,4,7,0,1,0,0,0,0,0,8.50881E+20,5.66871E+21,1.40085E+16,5.10624E+16
63077,,14,6,27,140,2017,6,14,4,2,0,1,1,0,0,0,0,0,1,8.13869E+20,5.67801E+21,1.34901E+16,5.11672E+16
63078,,14,6,28,60,2017,6,11,4,3,8,1,0,0,0,0,1,0,0,8.28291E+20,5.64099E+21,1.36623E+16,5.08273E+16
63079,,14,6,28,110,2017,6,18,4,2,5,3,1,1,0,0,0,0,0,8.26162E+20,5.65987E+21,1.3649E+16,5.09977E+16
63080,,14,6,12,0,2017,6,15,4,3,5,3,0,1,0,1,0,0,0,8.34382E+20,5.6624E+21,1.37681E+16,5.10158E+16
63081,,14,6,12,0,2017,6,17,4,3,5,3,1,1,0,0,0,0,0,8.38596E+20,5.67499E+21,1.38397E+16,5.1126E+16
63082,,14,6,12,0,2017,6,14,4,3,3,2,1,1,0,0,0,0,0,8.35528E+20,5.6618E+21,1.37838E+16,5.10097E+16
63083,,14,5,22,580,2017,6,13,4,3,5,3,0,1,0,0,0,0,0,7.68742E+20,5.65621E+21,1.283E+16,5.09946E+16
63084,,14,5,21,630,2017,6,15,4,3,4,1,0,1,0,0,0,0,0,7.82687E+20,5.61338E+21,1.29953E+16,5.06037E+16
63085,,14,5,11,0,2017,6,7,4,3,2,6,0,1,0,0,0,0,0,7.73172E+20,5.64078E+21,1.28815E+16,5.08541E+16
63086,,14,6,27,230,2017,6,17,3,3,2,3,0,1,0,0,0,0,0,7.99038E+20,5.69325E+21,1.32913E+16,5.13118E+16
63087,,14,5,23,270,2017,6,15,3,3,8,1,0,0,0,1,0,0,0,7.3034E+20,5.60227E+21,1.225E+16,5.0527E+16
63088,,14,5,23,320,2017,6,12,3,2,6,4,0,1,1,0,0,0,0,7.21926E+20,5.59973E+21,1.213E+16,5.05074E+16
63089,,14,5,24,170,2017,6,9,3,2,5,3,0,0,0,1,1,0,0,7.41598E+20,5.62196E+21,1.24214E+16,5.06992E+16
63090,,14,7,30,310,2017,6,16,3,2,5,3,0,1,0,1,0,0,0,7.8326E+20,5.71887E+21,1.3086E+16,5.15497E+16
63091,,14,7,30,310,2017,6,16,3,3,1,6,0,0,0,1,0,0,0,7.83099E+20,5.71881E+21,1.30837E+16,5.15492E+16
63092,,14,7,30,20,2017,6,9,3,3,5,3,1,1,0,0,0,0,0,7.48105E+20,5.72204E+21,1.25823E+16,5.15947E+16
63093,,14,5,21,390,2017,6,8,6,3,1,2,0,1,0,0,0,0,1,7.97125E+20,5.61957E+21,1.32038E+16,5.06521E+16
63094,,14,7,29,245,2017,6,16,6,2,5,3,0,1,0,0,0,0,0,7.64441E+20,5.69951E+21,1.28008E+16,5.13851E+16
63095,,14,7,13,0,2017,6,8,3,3,5,3,1,0,0,0,1,0,0,7.34148E+20,5.69329E+21,1.23621E+16,5.13425E+16
63096,,14,6,25,550,2017,6,5,3,3,4,6,0,1,0,0,1,0,0,8.45351E+20,5.69924E+21,1.39593E+16,5.13393E+16
63097,,14,6,25,240,2017,6,13,3,3,3,2,1,0,0,1,0,0,0,8.64744E+20,5.71128E+21,1.42489E+16,5.1435E+16
63098,,14,6,25,20,2017,6,17,3,3,5,3,1,1,0,0,0,0,0,8.78723E+20,5.68377E+21,1.44199E+16,5.11796E+16
63099,,14,6,25,525,2017,6,21,3,2,9,1,0,1,0,0,0,2,0,8.81844E+20,5.67433E+21,1.44544E+16,5.1093E+16
63100,,14,6,27,220,2017,6,9,3,3,5,2,0,1,0,0,0,0,0,8.30623E+20,5.6842E+21,1.37347E+16,5.12133E+16
63101,,14,6,28,60,2017,6,13,3,3,5,3,0,1,0,0,0,0,0,8.3027E+20,5.65037E+21,1.36988E+16,5.09103E+16
63102,,14,6,12,0,2017,6,22,3,2,5,3,1,0,0,0,0,2,0,8.31215E+20,5.66691E+21,1.37272E+16,5.1058E+16
63103,,14,6,12,0,2017,6,16,3,2,5,3,0,1,0,1,0,0,0,8.32509E+20,5.66601E+21,1.37448E+16,5.10492E+16
63104,,14,5,21,530,2017,6,13,3,3,0,6,0,1,0,1,0,0,1,7.57375E+20,5.61004E+21,1.26361E+16,5.05855E+16
63105,,14,5,21,355,2017,6,17,3,3,4,2,0,1,0,0,0,0,0,7.65053E+20,5.60765E+21,1.27426E+16,5.05606E+16
63106,,14,5,21,520,2017,6,13,3,3,9,1,0,1,0,0,1,0,1,7.81482E+20,5.60795E+21,1.29742E+16,5.05555E+16
63107,,14,7,29,150,2017,6,12,3,2,3,6,0,1,0,0,1,0,0,7.57438E+20,5.66114E+21,1.26728E+16,5.1044E+16
63108,,14,6,26,110,2017,6,14,5,3,5,3,0,1,0,0,0,0,1,9.18347E+20,5.68443E+21,1.49846E+16,5.11579E+16
63109,,14,7,30,190,2017,6,0,5,2,0,7,0,1,0,0,0,2,1,7.61784E+20,5.71247E+21,1.27722E+16,5.15026E+16
63110,,14,6,26,600,2017,6,9,6,3,5,3,1,1,0,0,0,0,0,8.91489E+20,5.72121E+21,1.46428E+16,5.1506E+16
63111,,14,5,23,320,2017,6,13,2,3,0,1,0,0,0,1,0,0,0,7.21427E+20,5.60025E+21,1.21233E+16,5.05123E+16
63112,,14,5,23,300,2017,6,14,2,3,5,2,0,0,0,1,1,0,0,7.25945E+20,5.59141E+21,1.21815E+16,5.04312E+16
63113,,14,7,30,160,2017,6,7,2,3,2,2,0,1,0,0,0,0,0,7.52262E+20,5.71621E+21,1.2638E+16,5.15406E+16
63114,,14,7,30,360,2017,6,6,2,3,9,1,0,1,0,0,0,0,0,7.44582E+20,5.71483E+21,1.25265E+16,5.15315E+16
63115,,14,7,29,50,2017,6,15,2,3,2,6,0,1,0,0,0,0,0,7.44966E+20,5.66974E+21,1.25011E+16,5.11267E+16
63116,,14,7,13,0,2017,6,13,2,3,5,3,1,1,0,0,0,0,0,7.34893E+20,5.69704E+21,1.23753E+16,5.13759E+16
63117,,14,6,27,180,2017,6,14,2,3,2,6,0,1,0,0,0,0,0,8.04158E+20,5.66525E+21,1.33409E+16,5.1058E+16
63118,,14,6,26,180,2017,6,6,2,3,9,1,0,1,0,0,0,0,0,9.06118E+20,5.6646E+21,1.47884E+16,5.09893E+16
63119,,14,6,26,60,2017,6,5,2,3,9,1,0,1,0,0,0,0,0,8.94543E+20,5.70675E+21,1.46705E+16,5.13745E+16
63120,,14,6,25,250,2017,6,14,2,2,5,3,1,1,0,0,0,0,0,8.56507E+20,5.692E+21,1.41116E+16,5.12676E+16
63121,,14,6,25,200,2017,6,15,2,3,7,7,0,1,0,0,1,0,0,8.52046E+20,5.67969E+21,1.40358E+16,5.11601E+16
63122,,14,6,26,180,2017,6,17,6,3,0,1,0,0,0,1,0,0,0,9.02516E+20,5.66763E+21,1.47407E+16,5.10189E+16
63123,,14,6,25,20,2017,6,12,2,2,4,6,0,1,0,0,0,0,0,8.78098E+20,5.68458E+21,1.44119E+16,5.11873E+16
63124,,14,6,28,270,2017,6,18,2,3,5,7,0,1,0,0,0,0,0,8.46893E+20,5.65621E+21,1.39399E+16,5.09529E+16
63125,,14,6,27,200,2017,6,16,2,3,5,3,0,1,0,0,0,0,0,8.14577E+20,5.68777E+21,1.35088E+16,5.12543E+16
63126,,14,6,12,0,2017,6,7,2,3,2,6,0,1,0,0,0,0,0,8.31019E+20,5.66851E+21,1.37259E+16,5.10724E+16
63127,,14,6,12,0,2017,6,1,2,2,0,1,1,0,0,0,0,2,1,8.36384E+20,5.66812E+21,1.38019E+16,5.10658E+16
63128,,14,6,28,20,2017,6,3,2,3,2,6,0,0,0,0,1,2,0,8.44198E+20,5.64161E+21,1.38879E+16,5.08236E+16
63129,,14,6,12,0,2017,6,16,2,3,5,3,1,1,0,0,0,0,0,8.31442E+20,5.66915E+21,1.37325E+16,5.10779E+16
63130,,14,5,21,260,2017,6,16,2,3,4,6,0,0,0,0,1,0,0,7.67642E+20,5.60871E+21,1.27798E+16,5.05689E+16
63131,,14,5,21,560,2017,6,14,2,3,8,1,0,0,0,1,0,0,0,7.83089E+20,5.60533E+21,1.29949E+16,5.05313E+16
63132,,14,5,11,0,2017,6,16,2,2,3,6,0,1,0,1,0,0,0,7.71806E+20,5.63557E+21,1.28582E+16,5.0808E+16
63133,,14,5,24,80,2017,6,20,2,2,0,6,0,1,0,0,1,1,0,7.5041E+20,5.63849E+21,1.25572E+16,5.08438E+16
63134,,14,5,22,500,2017,6,4,5,1,1,5,0,1,0,0,1,1,0,7.86254E+20,5.65377E+21,1.3077E+16,5.09642E+16
63135,,14,5,22,460,2017,6,15,2,2,0,6,0,1,0,0,0,0,0,7.59034E+20,5.64932E+21,1.26871E+16,5.09373E+16
63136,,14,5,21,530,2017,6,14,2,2,1,6,0,1,0,0,1,0,0,7.5542E+20,5.61188E+21,1.26098E+16,5.06028E+16
63137,,14,5,24,300,2017,6,10,1,2,8,7,0,1,0,0,0,0,0,7.40687E+20,5.62552E+21,1.24108E+16,5.07315E+16
63138,,14,5,24,160,2017,6,15,1,3,0,1,0,0,0,1,0,0,0,7.56555E+20,5.62787E+21,1.26369E+16,5.07459E+16
63139,,14,5,23,130,2017,6,12,1,1,9,1,0,0,0,1,0,0,0,7.42536E+20,5.5898E+21,1.24137E+16,5.04101E+16
63140,,14,7,30,230,2017,6,23,1,3,7,7,0,0,0,1,0,2,0,7.84767E+20,5.69056E+21,1.3085E+16,5.1295E+16
63141,,14,7,30,230,2017,6,10,1,1,8,1,0,1,0,0,0,0,0,7.89569E+20,5.69067E+21,1.31538E+16,5.12936E+16
63142,,14,7,13,0,2017,6,19,1,3,2,6,0,1,0,0,0,0,0,7.40909E+20,5.69638E+21,1.24611E+16,5.13675E+16
63143,,14,6,26,240,2017,6,17,1,3,9,1,0,0,0,1,0,0,0,9.09276E+20,5.68525E+21,1.48565E+16,5.11718E+16
63144,,14,6,25,60,2017,6,19,1,3,9,1,0,1,0,0,0,0,0,8.67106E+20,5.68565E+21,1.42563E+16,5.12039E+16
63145,,14,6,26,20,2017,6,23,1,2,8,1,0,0,0,1,0,2,0,8.87171E+20,5.67227E+21,1.45279E+16,5.1071E+16
63146,,14,6,25,130,2017,6,17,1,2,9,1,0,1,0,0,0,0,0,8.60093E+20,5.6888E+21,1.41595E+16,5.12367E+16
63147,,14,5,22,220,2017,6,15,5,2,3,1,0,1,0,0,1,0,1,7.88094E+20,5.67529E+21,1.31203E+16,5.11564E+16
63148,,14,6,28,400,2017,6,10,6,2,3,2,0,1,0,0,0,0,0,8.16446E+20,5.65263E+21,1.35047E+16,5.09383E+16
63149,,14,6,28,30,2017,6,7,1,2,8,7,0,1,0,0,0,0,0,8.59409E+20,5.654E+21,1.41152E+16,5.09254E+16
63150,,14,6,12,0,2017,6,4,1,3,0,1,1,0,0,0,0,2,0,8.32581E+20,5.66763E+21,1.37473E+16,5.10636E+16
63151,,14,6,28,10,2017,6,15,1,1,8,1,0,0,0,1,0,0,0,8.37296E+20,5.63403E+21,1.37833E+16,5.07598E+16
63152,,14,5,11,0,2017,6,23,1,3,5,3,1,1,0,0,0,2,0,7.75635E+20,5.63652E+21,1.29132E+16,5.08147E+16
63153,,14,5,11,0,2017,6,12,1,3,5,3,1,1,0,0,0,0,0,7.76755E+20,5.6325E+21,1.2926E+16,5.07781E+16
63154,,14,5,21,630,2017,6,17,1,1,8,1,0,0,0,1,0,0,0,7.83349E+20,5.61729E+21,1.30076E+16,5.06385E+16
63155,,14,5,22,120,2017,6,7,1,3,8,1,1,0,0,0,0,0,0,7.768E+20,5.66239E+21,1.29493E+16,5.10462E+16
63156,,14,5,24,320,2017,6,10,7,3,5,2,0,1,0,0,0,0,0,7.48722E+20,5.61963E+21,1.25205E+16,5.06753E+16
63157,,14,6,25,370,2017,7,3,7,1,8,1,0,1,0,0,0,1,0,8.43181E+20,5.69595E+21,1.39251E+16,5.13111E+16
63158,,14,6,26,85,2017,7,20,1,2,9,1,0,1,0,0,0,0,0,8.9278E+20,5.66552E+21,1.46003E+16,5.10068E+16
63159,,14,6,25,560,2017,7,20,1,2,9,1,0,1,0,0,0,0,1,8.76404E+20,5.66974E+21,1.43723E+16,5.10555E+16
63160,,14,5,24,230,2017,7,10,7,2,0,1,0,0,0,1,0,0,0,7.65392E+20,5.63334E+21,1.27658E+16,5.07909E+16
63161,,14,5,22,460,2017,7,12,1,3,5,3,0,1,0,0,0,0,0,7.61798E+20,5.64578E+21,1.27238E+16,5.09042E+16
63162,,14,7,30,200,2017,7,11,7,2,8,1,0,1,0,0,0,0,0,7.85221E+20,5.68433E+21,1.30865E+16,5.12389E+16
63163,,14,6,12,0,2017,7,11,7,2,6,4,0,0,1,0,1,0,0,8.23458E+20,5.66423E+21,1.36145E+16,5.10384E+16
63164,,14,5,24,70,2017,7,23,7,3,0,1,0,1,0,0,0,2,1,7.60658E+20,5.63205E+21,1.26979E+16,5.07815E+16
63165,,14,5,23,450,2017,7,14,7,3,3,6,0,1,0,0,0,0,0,7.12763E+20,5.58689E+21,1.19937E+16,5.03955E+16
63166,,14,5,23,360,2017,6,16,7,2,0,1,0,0,0,1,0,0,0,7.40937E+20,5.6024E+21,1.23994E+16,5.05239E+16
63167,,14,5,22,490,2017,7,12,1,3,0,1,1,0,0,0,0,0,0,7.65596E+20,5.66292E+21,1.27902E+16,5.10562E+16
63168,,14,7,29,340,2017,6,21,7,3,3,6,0,1,0,0,0,1,0,7.54117E+20,5.6878E+21,1.26443E+16,5.12848E+16
63169,,14,7,30,270,2017,6,18,7,1,8,1,0,0,0,1,0,0,0,7.30137E+20,5.70127E+21,1.23098E+16,5.14159E+16
63170,,14,6,25,330,2017,6,17,7,3,4,2,0,1,0,0,0,0,0,8.70739E+20,5.70538E+21,1.43286E+16,5.13783E+16
63171,,14,6,25,20,2017,6,17,7,3,5,2,0,1,0,0,0,0,0,8.78164E+20,5.68462E+21,1.44129E+16,5.11876E+16
63172,,14,6,25,240,2017,6,14,7,2,5,2,1,1,0,0,0,0,0,8.64996E+20,5.71177E+21,1.4253E+16,5.14392E+16
63173,,14,6,28,380,2017,6,14,7,3,4,2,0,1,0,0,0,0,0,8.60026E+20,5.66658E+21,1.41364E+16,5.10377E+16
63174,,14,6,28,360,2017,6,20,7,2,8,1,1,0,0,0,0,0,0,8.73169E+20,5.65753E+21,1.43138E+16,5.09483E+16
63175,,14,6,28,190,2017,6,21,7,3,8,1,0,1,0,0,0,1,0,8.57849E+20,5.65909E+21,1.40981E+16,5.0972E+16
63176,,14,6,28,80,2017,6,17,7,3,5,3,0,1,0,1,0,0,0,8.41175E+20,5.65557E+21,1.38582E+16,5.09505E+16
63177,,14,6,12,0,2017,6,21,7,3,5,2,1,1,0,0,0,1,0,8.31769E+20,5.6633E+21,1.37318E+16,5.10253E+16
63178,,14,5,21,390,2017,6,18,5,3,8,1,0,1,0,0,0,0,1,7.97989E+20,5.62055E+21,1.32167E+16,5.06604E+16