OBJECTID,UIDENTSTLA,ULAND,UREGBEZ,UKREIS,UGEMEINDE,UJAHR,UMONAT,USTUNDE,UWOCHENTAG,UKATEGORIE,UART,UTYP1,IstRad,IstPKW,IstFuss,IstKrad,IstSonstig,LICHT,STRZUSTAND,LINREFX,LINREFY,XGCSWGS84,YGCSWGS84
63179,,14,6,26,410,2017,6,14,5,3,4,2,0,1,0,0,0,0,1,8.85515E+20,5.67075E+21,1.45027E+16,5.10585E+16
63180,,14,5,23,340,2017,6,8,5,3,1,1,0,1,0,0,1,0,1,7.33818E+20,5.61364E+21,1.23062E+16,5.06277E+16
63181,,14,6,28,160,2017,6,15,7,3,0,7,0,1,0,0,0,0,0,8.41028E+20,5.65843E+21,1.38588E+16,5.09763E+16
63182,,14,6,26,390,2017,6,14,6,3,9,7,0,1,0,0,0,0,0,9.00229E+20,5.66149E+21,1.47015E+16,5.09656E+16
63183,,14,6,28,410,2017,6,6,7,2,5,3,0,1,0,0,1,0,0,8.18445E+20,5.66553E+21,1.35444E+16,5.10528E+16
63184,,14,6,12,0,2017,6,13,7,3,5,3,1,0,0,0,1,0,0,8.41282E+20,5.66647E+21,1.38699E+16,5.10482E+16
63185,,14,6,12,0,2017,7,10,1,3,3,6,1,0,0,0,0,0,0,8.31574E+20,5.67124E+21,1.37363E+16,5.10965E+16
63186,,14,5,21,290,2017,6,14,7,3,5,3,0,1,0,1,0,0,0,7.59473E+20,5.62771E+21,1.2678E+16,5.07431E+16
63187,,14,5,21,440,2017,6,14,7,2,5,7,0,1,0,1,0,0,0,7.79801E+20,5.59197E+21,1.29386E+16,5.0413E+16
63188,,14,5,11,0,2017,6,10,7,3,2,6,0,1,0,0,0,0,0,7.794E+20,5.63611E+21,1.29662E+16,5.08092E+16
63189,,14,5,22,500,2017,6,14,7,2,2,6,0,1,0,0,1,0,0,7.87834E+20,5.65643E+21,1.31016E+16,5.09874E+16
63190,,14,5,11,0,2017,6,14,7,2,2,6,0,1,0,0,0,0,0,7.7207E+20,5.64128E+21,1.28662E+16,5.08591E+16
63191,,14,5,24,300,2017,6,14,6,3,5,3,0,1,0,0,0,0,0,7.37904E+20,5.62643E+21,1.2372E+16,5.07409E+16
63192,,14,5,24,190,2017,6,13,6,2,8,6,0,0,0,1,0,0,0,7.41117E+20,5.63683E+21,1.24243E+16,5.08329E+16
63193,,14,5,24,280,2017,6,13,6,3,3,6,1,1,0,0,0,0,0,7.55378E+20,5.63064E+21,1.26221E+16,5.07712E+16
63194,,14,5,24,330,2017,6,11,6,3,1,6,0,1,0,0,1,0,0,7.43606E+20,5.62428E+21,1.24513E+16,5.07192E+16
63195,,14,7,29,10,2017,6,13,6,3,8,1,0,1,0,0,0,0,0,7.49753E+20,5.67293E+21,1.25715E+16,5.11532E+16
63196,,14,7,29,300,2017,6,15,6,3,5,3,0,1,0,0,0,0,0,7.49233E+20,5.68657E+21,1.25736E+16,5.12758E+16
63197,,14,7,30,70,2017,6,15,6,2,5,3,1,1,0,0,0,0,0,7.31433E+20,5.71284E+21,1.2336E+16,5.15192E+16
63198,,14,5,22,150,2017,6,12,5,3,2,6,0,1,0,0,0,0,1,7.83701E+20,5.64872E+21,1.30368E+16,5.09203E+16
63199,,14,6,27,210,2017,6,16,5,3,5,3,1,1,0,0,0,0,1,8.26556E+20,5.67185E+21,1.36654E+16,5.11049E+16
63200,,14,5,22,510,2017,6,0,6,2,1,1,0,0,0,0,1,2,1,7.9626E+20,5.66847E+21,1.32311E+16,5.1091E+16
63201,,14,7,13,0,2017,6,20,5,2,9,1,0,0,0,0,1,1,1,7.43329E+20,5.6951E+21,1.24949E+16,5.1355E+16
63202,,14,6,26,610,2017,6,9,6,3,5,3,0,1,0,0,0,0,0,9.08567E+20,5.65459E+21,1.48119E+16,5.0898E+16
63203,,14,6,27,140,2017,6,17,6,3,5,3,1,0,0,0,1,0,0,8.14585E+20,5.67807E+21,1.35004E+16,5.11674E+16
63204,,14,6,26,180,2017,6,5,6,2,7,7,0,0,0,1,0,0,1,9.05126E+20,5.6679E+21,1.4778E+16,5.10195E+16
63205,,14,6,26,85,2017,6,17,6,3,5,3,0,1,0,0,0,0,0,8.94022E+20,5.66456E+21,1.46168E+16,5.09973E+16
63206,,14,6,28,160,2017,6,15,6,3,2,6,0,1,0,1,0,0,0,8.41937E+20,5.65786E+21,1.38711E+16,5.09706E+16
63207,,14,7,29,370,2017,6,15,5,3,8,1,0,1,0,0,0,0,1,7.41585E+20,5.6777E+21,1.24582E+16,5.11995E+16
63208,,14,6,27,360,2017,6,15,6,3,2,6,0,1,0,0,1,0,0,8.02109E+20,5.6944E+21,1.33363E+16,5.13205E+16
63209,,14,6,27,140,2017,6,12,6,3,5,2,1,0,0,0,1,0,0,8.12774E+20,5.67725E+21,1.34739E+16,5.1161E+16
63210,,14,6,28,60,2017,6,20,6,3,9,7,0,1,0,0,0,1,0,8.30285E+20,5.6505E+21,1.36991E+16,5.09114E+16
63211,,14,6,28,50,2017,6,10,6,3,5,3,0,1,0,1,0,0,0,8.31096E+20,5.66021E+21,1.37194E+16,5.0998E+16
63212,,14,6,12,0,2017,6,14,6,3,5,3,1,1,0,0,0,0,0,8.33731E+20,5.67114E+21,1.37669E+16,5.10944E+16
63213,,14,6,12,0,2017,6,16,6,3,8,6,0,1,0,1,0,0,0,8.37173E+20,5.66794E+21,1.38129E+16,5.10637E+16
63214,,14,6,12,0,2017,6,19,6,3,5,2,0,1,0,0,0,0,0,8.31847E+20,5.67441E+21,1.37431E+16,5.11248E+16
63215,,14,5,21,20,2017,6,6,6,3,2,6,0,1,0,0,0,0,0,7.84243E+20,5.60745E+21,1.30127E+16,5.05498E+16
63216,,14,5,11,0,2017,6,5,6,3,5,3,0,1,0,0,1,0,0,7.75168E+20,5.63854E+21,1.29081E+16,5.0833E+16
63217,,14,5,21,310,2017,6,15,6,3,2,6,0,1,0,0,0,0,0,7.69601E+20,5.63241E+21,1.28247E+16,5.07807E+16
63218,,14,5,21,550,2017,6,7,6,1,4,1,0,1,0,1,1,0,0,7.69861E+20,5.6048E+21,1.28083E+16,5.05328E+16
63219,,14,5,24,330,2017,6,17,5,3,0,7,0,1,0,0,0,0,0,7.50791E+20,5.62607E+21,1.25541E+16,5.07322E+16
63220,,14,5,23,320,2017,6,9,5,3,3,6,0,1,0,0,1,0,0,7.22045E+20,5.5979E+21,1.21306E+16,5.04909E+16
63221,,14,5,23,340,2017,6,14,5,3,8,1,0,1,0,1,0,0,0,7.33362E+20,5.61535E+21,1.23008E+16,5.06432E+16
63222,,14,5,23,340,2017,6,17,5,2,5,3,0,0,0,1,1,0,0,7.35309E+20,5.61512E+21,1.23281E+16,5.06403E+16
63223,,14,7,30,310,2017,6,12,5,3,5,3,1,1,0,0,0,0,0,7.76656E+20,5.71984E+21,1.29918E+16,5.15616E+16
63224,,14,7,30,110,2017,6,18,5,2,5,3,1,1,0,0,0,1,0,7.53463E+20,5.70777E+21,1.26492E+16,5.14642E+16
63225,,14,6,12,0,2017,6,8,5,2,5,3,0,1,0,0,0,0,1,8.3255E+20,5.66599E+21,1.37454E+16,5.1049E+16
63226,,14,7,13,0,2017,6,9,5,3,2,2,0,1,0,0,0,0,0,7.32155E+20,5.69247E+21,1.2333E+16,5.13361E+16
63227,,14,6,26,50,2017,6,18,5,3,8,1,0,1,0,0,0,0,1,9.01579E+20,5.65421E+21,1.47126E+16,5.08995E+16
63228,,14,7,30,310,2017,6,14,5,2,5,2,0,1,0,1,0,0,0,7.76145E+20,5.71902E+21,1.29838E+16,5.15546E+16
63229,,14,7,30,110,2017,6,7,5,2,5,3,0,1,0,0,0,0,0,7.50211E+20,5.70966E+21,1.26039E+16,5.14826E+16
63230,,14,6,26,420,2017,6,9,5,2,8,1,0,1,0,0,0,0,0,9.13967E+20,5.66904E+21,1.49047E+16,5.10234E+16
63231,,14,6,26,610,2017,6,10,5,3,5,3,0,1,0,0,0,0,0,9.08544E+20,5.65517E+21,1.48122E+16,5.09032E+16
63232,,14,6,26,250,2017,6,23,5,3,7,7,0,1,0,0,0,2,1,8.96522E+20,5.72178E+21,1.47156E+16,5.15076E+16
63233,,14,6,25,240,2017,6,9,5,3,4,6,0,0,0,0,1,0,0,8.68669E+20,5.71464E+21,1.43086E+16,5.14625E+16
63234,,14,6,26,300,2017,6,17,5,3,1,2,0,1,0,0,0,1,0,9.11543E+20,5.68264E+21,1.48858E+16,5.11469E+16
63235,,14,6,26,580,2017,6,12,5,3,4,6,1,0,0,0,0,0,0,9.05146E+20,5.69421E+21,1.48078E+16,5.12549E+16
63236,,14,6,26,480,2017,6,17,5,2,6,4,0,1,1,0,0,0,0,9.15505E+20,5.70406E+21,1.49669E+16,5.13356E+16
63237,,14,6,26,110,2017,6,17,5,3,5,3,1,1,0,0,0,1,1,9.18149E+20,5.67941E+21,1.4976E+16,5.11131E+16
63238,,14,6,28,270,2017,6,19,5,2,3,6,1,1,0,0,0,0,0,8.4705E+20,5.65676E+21,1.39427E+16,5.09577E+16
63239,,14,7,29,270,2017,6,20,5,1,4,1,0,1,0,0,0,1,1,7.25489E+20,5.68745E+21,1.22343E+16,5.12936E+16
63240,,14,6,25,20,2017,6,10,5,3,3,6,1,1,0,0,0,0,0,8.79371E+20,5.68397E+21,1.44294E+16,5.1181E+16
63241,,14,5,21,550,2017,6,13,6,3,0,3,0,0,0,1,1,0,1,7.67851E+20,5.60631E+21,1.27811E+16,5.05472E+16
63242,,14,6,25,610,2017,6,19,5,2,8,1,0,1,0,0,0,1,1,8.90184E+20,5.68582E+21,1.45854E+16,5.11903E+16
63243,,14,7,13,0,2017,6,8,6,3,3,6,0,1,0,0,1,0,0,7.32807E+20,5.69274E+21,1.23425E+16,5.13382E+16
63244,,14,6,25,525,2017,6,9,5,2,5,3,0,1,0,0,0,0,0,8.8405E+20,5.67322E+21,1.44846E+16,5.10816E+16
63245,,14,6,28,20,2017,6,14,5,2,8,7,0,1,0,0,0,0,0,8.52353E+20,5.64962E+21,1.4011E+16,5.08905E+16
63246,,14,5,21,320,2017,7,12,7,3,2,6,0,1,0,0,0,0,0,7.64626E+20,5.59425E+21,1.27271E+16,5.04405E+16
63247,,14,5,24,80,2017,7,6,1,2,8,7,0,1,0,0,0,0,0,7.53106E+20,5.63772E+21,1.25949E+16,5.08358E+16
63248,,14,5,24,110,2017,6,9,6,3,8,7,0,1,0,0,0,0,0,7.427E+20,5.61301E+21,1.24311E+16,5.06183E+16
63249,,14,5,22,460,2017,7,17,7,2,8,7,0,1,0,0,0,0,0,7.61073E+20,5.64623E+21,1.27138E+16,5.09086E+16
63250,,14,6,28,205,2017,6,15,5,2,9,7,0,1,0,0,0,0,0,8.23282E+20,5.6528E+21,1.36018E+16,5.0936E+16
63251,,14,6,28,110,2017,6,15,5,3,2,2,0,1,0,0,0,0,0,8.25082E+20,5.6622E+21,1.36358E+16,5.10193E+16
63252,,14,6,12,0,2017,6,15,5,3,0,1,1,0,0,0,0,0,0,8.30046E+20,5.66255E+21,1.37066E+16,5.10196E+16
63253,,14,6,12,0,2017,6,13,5,3,2,6,0,1,0,0,0,0,0,8.30686E+20,5.67457E+21,1.37267E+16,5.11269E+16
63254,,14,6,12,0,2017,6,22,5,3,5,3,1,1,0,0,0,2,1,8.32541E+20,5.66795E+21,1.3747E+16,5.10666E+16
63255,,14,5,22,150,2017,6,11,5,3,3,2,0,0,0,1,1,0,0,7.85602E+20,5.64635E+21,1.3062E+16,5.0898E+16
63256,,14,5,21,150,2017,6,16,5,3,8,1,0,1,0,0,0,0,0,7.86695E+20,5.62583E+21,1.30615E+16,5.07135E+16
63257,,14,5,24,120,2017,7,16,7,2,4,1,0,1,0,0,0,0,1,7.60776E+20,5.63395E+21,1.27009E+16,5.07985E+16
63258,,14,5,22,220,2017,6,7,5,3,5,3,0,1,0,1,0,0,0,7.87449E+20,5.67405E+21,1.31101E+16,5.11456E+16
63259,,14,5,22,150,2017,7,10,1,2,0,1,0,0,1,0,1,0,0,7.83629E+20,5.65097E+21,1.30376E+16,5.09404E+16
63260,,14,7,13,0,2017,7,14,7,3,5,3,1,1,0,0,0,0,0,7.35719E+20,5.69028E+21,1.23827E+16,5.13149E+16
63261,,14,7,29,140,2017,6,18,5,3,8,1,0,1,0,0,0,0,1,7.49775E+20,5.66449E+21,1.2566E+16,5.10774E+16
63262,,14,5,23,50,2017,6,15,4,3,0,7,0,0,0,1,0,0,0,7.33794E+20,5.59531E+21,1.22943E+16,5.04631E+16
63263,,14,5,24,330,2017,6,16,4,3,1,6,0,1,0,0,1,0,0,7.46815E+20,5.62545E+21,1.24975E+16,5.07283E+16
63264,,14,7,13,0,2017,6,19,4,2,5,2,1,1,0,0,0,0,0,7.32078E+20,5.69245E+21,1.23319E+16,5.13359E+16
63265,,14,6,25,250,2017,6,16,4,3,2,6,0,1,0,0,0,0,0,8.55829E+20,5.6929E+21,1.41028E+16,5.1276E+16
63266,,14,6,26,200,2017,6,5,4,3,9,1,0,1,0,0,0,0,0,9.12765E+20,5.70044E+21,1.49236E+16,5.13051E+16
63267,,14,6,25,40,2017,6,11,4,2,3,2,0,1,0,1,0,0,0,8.62692E+20,5.67736E+21,1.41851E+16,5.11326E+16
63268,,14,6,25,510,2017,6,16,4,3,8,1,0,0,0,0,1,0,0,8.57477E+20,5.68159E+21,1.4115E+16,5.11737E+16
63269,,14,6,28,360,2017,6,14,4,3,4,6,0,1,0,0,0,0,0,8.70297E+20,5.66075E+21,1.42763E+16,5.0979E+16
63270,,14,6,28,270,2017,6,14,4,3,2,2,0,1,0,0,0,0,0,8.4669E+20,5.65851E+21,1.39392E+16,5.09736E+16
63271,,14,6,28,340,2017,6,17,4,2,8,7,0,1,0,0,0,0,0,8.54705E+20,5.6477E+21,1.40424E+16,5.08719E+16
63272,,14,6,27,100,2017,6,10,4,3,0,1,1,0,0,0,0,0,0,8.20651E+20,5.66821E+21,1.35781E+16,5.10756E+16
63273,,14,5,21,640,2017,6,18,5,3,4,1,0,1,0,0,0,0,1,7.78393E+20,5.62189E+21,1.29412E+16,5.06821E+16
63274,,14,6,28,300,2017,6,11,4,2,8,7,0,1,0,0,0,0,0,8.25197E+20,5.65628E+21,1.36321E+16,5.09662E+16
63275,,14,6,25,290,2017,6,9,5,3,8,1,0,1,0,0,0,0,1,8.86349E+20,5.68573E+21,1.45306E+16,5.1192E+16
63276,,14,6,28,50,2017,6,16,4,2,8,1,0,1,0,0,0,0,0,8.30016E+20,5.65826E+21,1.37023E+16,5.09812E+16
63277,,14,7,29,50,2017,6,14,5,3,2,6,0,1,0,0,0,0,1,7.43856E+20,5.67507E+21,1.24888E+16,5.1175E+16
63278,,14,6,12,0,2017,6,18,4,2,4,6,0,1,0,1,0,1,0,8.47226E+20,5.6648E+21,1.39528E+16,5.10296E+16
63279,,14,6,26,300,2017,6,14,6,3,4,6,0,1,0,0,0,0,0,9.08459E+20,5.67888E+21,1.48377E+16,5.11154E+16
63280,,14,6,12,0,2017,6,10,4,3,5,3,1,1,0,0,0,0,0,8.34814E+20,5.66814E+21,1.37795E+16,5.10669E+16
63281,,14,6,12,0,2017,6,15,4,3,3,6,0,1,0,1,0,0,0,8.30811E+20,5.66593E+21,1.37206E+16,5.10494E+16
63282,,14,6,26,290,2017,7,19,7,1,4,2,1,1,0,0,0,0,0,8.96144E+20,5.67663E+21,1.46601E+16,5.11039E+16
63283,,14,6,28,50,2017,6,16,4,3,2,6,0,1,0,0,0,0,0,8.34053E+20,5.65972E+21,1.3761E+16,5.09919E+16
63284,,14,5,22,530,2017,6,17,4,2,0,7,0,0,0,1,0,0,0,7.68099E+20,5.66082E+21,1.28243E+16,5.10363E+16
63285,,14,5,22,340,2017,6,13,4,3,4,6,0,1,0,1,0,0,0,8.07831E+20,5.64081E+21,1.33725E+16,5.0837E+16
63286,,14,5,21,400,2017,6,16,4,3,2,2,0,0,0,1,0,0,0,7.88623E+20,5.61325E+21,1.30789E+16,5.05997E+16
63287,,14,5,11,0,2017,6,18,4,2,6,6,1,0,1,0,0,0,0,7.78077E+20,5.64189E+21,1.29518E+16,5.08617E+16
63288,,14,5,11,0,2017,6,18,4,3,2,6,0,1,0,0,0,0,0,7.7688E+20,5.64005E+21,1.29335E+16,5.08458E+16
63289,,14,5,22,450,2017,6,14,4,2,8,1,0,1,0,0,0,0,0,7.90972E+20,5.67989E+21,1.31651E+16,5.11962E+16
63290,,14,5,22,80,2017,6,14,4,1,4,6,0,1,0,0,0,0,0,7.86093E+20,5.67239E+21,1.30895E+16,5.11314E+16
63291,,14,6,27,310,2017,7,17,7,3,6,6,0,1,1,0,0,0,0,8.18958E+20,5.67794E+21,1.35626E+16,5.11638E+16
63292,,14,5,24,330,2017,6,18,3,3,3,6,0,1,0,1,0,0,0,7.46125E+20,5.62233E+21,1.24856E+16,5.07006E+16
63293,,14,5,24,180,2017,6,15,3,3,2,2,0,1,0,0,0,0,0,7.63456E+20,5.64043E+21,1.27435E+16,5.08555E+16
63294,,14,5,23,150,2017,6,15,3,3,5,3,0,1,0,0,0,0,0,7.39946E+20,5.61386E+21,1.23928E+16,5.06271E+16
63295,,14,5,23,450,2017,6,17,3,2,0,6,0,1,0,0,1,0,0,7.14791E+20,5.58807E+21,1.20228E+16,5.04053E+16
63296,,14,5,24,120,2017,6,10,3,2,4,2,0,1,0,0,0,0,0,7.58773E+20,5.63549E+21,1.26736E+16,5.08132E+16
63297,,14,7,29,40,2017,6,12,3,3,2,6,1,0,0,0,0,0,0,7.36419E+20,5.67935E+21,1.23855E+16,5.12165E+16
63298,,14,6,12,0,2017,6,19,5,3,5,2,1,1,0,0,0,0,1,8.31328E+20,5.66707E+21,1.3729E+16,5.10593E+16
63299,,14,7,29,40,2017,6,12,3,3,4,6,0,1,0,0,0,0,0,7.36419E+20,5.67935E+21,1.23855E+16,5.12165E+16
63300,,14,7,29,370,2017,6,15,5,2,8,1,0,0,0,0,1,0,1,7.39233E+20,5.67761E+21,1.24245E+16,5.11998E+16
63301,,14,7,29,170,2017,6,8,3,2,4,6,0,1,0,0,0,0,0,7.33204E+20,5.66682E+21,1.23314E+16,5.11053E+16
63302,,14,7,29,270,2017,6,10,3,3,5,3,1,1,0,0,0,0,0,7.24792E+20,5.68875E+21,1.22252E+16,5.13056E+16
63303,,14,7,30,270,2017,6,9,3,2,4,2,0,1,0,0,1,0,0,7.21208E+20,5.69915E+21,1.21803E+16,5.14004E+16
63304,,14,6,12,0,2017,7,18,7,3,5,2,0,1,0,0,0,0,0,8.31052E+20,5.67453E+21,1.37319E+16,5.11264E+16
63305,,14,6,28,300,2017,7,10,7,2,5,2,0,0,0,1,1,0,0,8.25342E+20,5.65626E+21,1.36342E+16,5.09659E+16
63306,,14,5,22,260,2017,7,13,7,3,2,6,0,1,0,1,0,0,0,7.66466E+20,5.64466E+21,1.27892E+16,5.0892E+16
63307,,14,5,21,560,2017,7,15,7,2,0,7,1,0,0,0,0,0,0,7.84573E+20,5.60503E+21,1.30155E+16,5.05279E+16
63308,,14,5,21,110,2017,7,9,7,2,9,1,0,0,0,1,0,0,0,7.68564E+20,5.60113E+21,1.27874E+16,5.05005E+16
63309,,14,6,12,0,2017,6,16,5,3,0,7,1,0,0,0,0,0,1,8.33369E+20,5.66975E+21,1.37605E+16,5.10822E+16
63310,,14,7,29,260,2017,6,18,5,3,0,1,0,0,0,1,0,0,1,7.36578E+20,5.68293E+21,1.23901E+16,5.12486E+16
63311,,14,7,30,270,2017,6,13,3,3,3,6,0,1,0,0,1,0,0,7.2533E+20,5.70171E+21,1.22411E+16,5.14217E+16
63312,,14,6,12,0,2017,6,16,6,3,2,2,0,1,0,0,1,0,0,8.35414E+20,5.67556E+21,1.3795E+16,5.1133E+16
63313,,14,7,13,0,2017,6,16,3,2,2,6,0,1,0,0,0,0,0,7.39733E+20,5.69548E+21,1.24436E+16,5.13599E+16
63314,,14,5,23,10,2017,6,15,6,2,6,4,0,1,1,0,0,0,0,7.3179E+20,5.58002E+21,1.22567E+16,5.03266E+16
63315,,14,7,30,60,2017,6,17,3,2,5,3,0,1,0,0,0,0,0,7.79563E+20,5.70092E+21,1.30187E+16,5.13906E+16
63316,,14,7,30,70,2017,6,0,3,2,1,6,0,1,0,0,0,2,0,7.31349E+20,5.70983E+21,1.23328E+16,5.14922E+16
63317,,14,5,22,530,2017,7,4,7,1,9,1,0,0,0,0,1,1,0,7.6817E+20,5.66307E+21,1.2827E+16,5.10565E+16
63318,,14,5,24,200,2017,7,18,6,3,9,1,0,1,0,0,0,0,1,7.52755E+20,5.62716E+21,1.25826E+16,5.07412E+16
63319,,14,5,24,300,2017,7,23,6,3,2,6,0,1,0,0,0,2,1,7.37109E+20,5.62901E+21,1.23625E+16,5.07643E+16
63320,,14,5,24,90,2017,7,12,6,2,8,7,0,1,0,0,0,0,0,7.59695E+20,5.61592E+21,1.26729E+16,5.06371E+16
63321,,14,5,24,80,2017,7,16,6,2,0,1,1,0,0,0,0,0,1,7.48798E+20,5.63492E+21,1.25319E+16,5.08125E+16
63322,,14,5,23,80,2017,7,16,6,2,4,2,0,1,0,1,0,0,0,7.24666E+20,5.57961E+21,1.21565E+16,5.03257E+16
63323,,14,5,23,320,2017,7,10,6,2,6,4,0,1,1,0,0,0,0,7.22744E+20,5.59723E+21,1.214E+16,5.04846E+16
63324,,14,7,30,30,2017,7,14,6,3,5,3,0,1,0,0,0,0,0,7.80859E+20,5.72218E+21,1.30541E+16,5.15806E+16
63325,,14,7,30,310,2017,7,18,6,3,2,6,0,1,0,0,0,0,0,7.76962E+20,5.71907E+21,1.29956E+16,5.15546E+16
63326,,14,7,30,110,2017,7,20,6,3,3,6,1,0,0,0,1,0,0,7.45581E+20,5.70806E+21,1.25362E+16,5.14703E+16
63327,,14,7,30,110,2017,7,18,6,3,1,6,0,1,0,0,0,0,0,7.5354E+20,5.7078E+21,1.26504E+16,5.14645E+16
63328,,14,7,29,320,2017,7,13,6,3,9,1,0,1,0,0,0,0,0,7.41252E+20,5.67069E+21,1.24487E+16,5.11368E+16
63329,,14,7,29,140,2017,6,8,3,3,5,3,0,1,0,0,0,0,0,7.50097E+20,5.66691E+21,1.25723E+16,5.1099E+16
63330,,14,6,26,85,2017,6,20,3,2,8,1,0,1,0,0,0,0,0,8.94214E+20,5.66514E+21,1.46202E+16,5.10024E+16
63331,,14,6,26,210,2017,6,10,3,3,6,7,0,1,1,0,0,0,0,9.01452E+20,5.64911E+21,1.47052E+16,5.08539E+16
63332,,14,6,26,140,2017,6,19,3,2,2,2,0,1,0,1,0,0,0,8.98538E+20,5.65351E+21,1.46688E+16,5.08953E+16
63333,,14,6,26,600,2017,6,14,3,3,6,4,0,1,1,0,0,0,0,8.91166E+20,5.7209E+21,1.46378E+16,5.15035E+16
63334,,14,6,26,490,2017,6,6,3,3,5,3,0,1,0,1,0,0,0,8.83462E+20,5.72425E+21,1.4531E+16,5.15388E+16
63335,,14,6,26,60,2017,6,13,3,3,5,3,0,1,0,0,0,0,0,8.84316E+20,5.70892E+21,1.45266E+16,5.1401E+16
63336,,14,7,13,0,2017,7,23,6,3,5,3,0,1,0,0,0,2,0,7.3503E+20,5.70212E+21,1.23806E+16,5.14214E+16
63337,,14,6,25,330,2017,6,12,3,2,2,6,0,1,0,0,0,0,0,8.69537E+20,5.7039E+21,1.43099E+16,5.13658E+16
63338,,14,7,13,0,2017,7,16,6,2,5,3,1,0,0,1,0,0,0,7.36333E+20,5.70167E+21,1.2399E+16,5.14169E+16
63339,,14,6,25,30,2017,6,16,3,3,4,2,1,0,0,0,0,0,0,8.52549E+20,5.70322E+21,1.40661E+16,5.13705E+16
63340,,14,6,26,610,2017,7,15,6,3,5,3,1,0,0,0,1,0,0,9.11128E+20,5.65708E+21,1.48509E+16,5.09185E+16
63341,,14,6,25,290,2017,6,17,3,3,2,6,0,1,0,0,0,0,0,8.86153E+20,5.68201E+21,1.45238E+16,5.11589E+16
63342,,14,6,25,20,2017,6,17,3,3,2,6,0,1,0,1,0,0,0,8.77222E+20,5.68367E+21,1.43984E+16,5.11797E+16
63343,,14,6,25,240,2017,6,13,3,3,4,6,0,1,0,0,1,0,0,8.67909E+20,5.71455E+21,1.42976E+16,5.14623E+16
63344,,14,6,28,130,2017,6,13,3,2,4,2,0,1,0,1,0,0,0,8.35334E+20,5.64458E+21,1.37652E+16,5.08555E+16
63345,,14,6,12,0,2017,6,7,3,3,0,1,1,0,0,0,0,0,0,8.29418E+20,5.66284E+21,1.3698E+16,5.10226E+16
63346,,14,6,12,0,2017,6,15,3,2,6,2,0,1,1,0,0,0,0,8.35592E+20,5.67633E+21,1.37982E+16,5.11398E+16
63347,,14,5,22,310,2017,6,13,5,3,5,3,0,1,0,0,0,0,1,7.73556E+20,5.67665E+21,1.29139E+16,5.11757E+16
63348,,14,6,12,0,2017,6,11,3,3,2,6,0,1,0,0,0,0,0,8.32081E+20,5.6654E+21,1.37382E+16,5.10439E+16
63349,,14,5,21,380,2017,6,20,3,2,8,7,1,0,0,0,0,0,0,7.64041E+20,5.62732E+21,1.27424E+16,5.07375E+16
63350,,14,5,21,250,2017,6,18,3,2,5,3,0,1,0,0,0,0,0,7.92062E+20,5.61762E+21,1.31308E+16,5.06372E+16
63351,,14,5,22,170,2017,6,13,3,2,9,1,0,1,0,0,0,0,0,8.20731E+20,5.63411E+21,1.35493E+16,5.07699E+16
63352,,14,5,22,200,2017,6,1,3,3,0,7,0,1,0,0,0,2,0,8.04552E+20,5.63733E+21,1.33232E+16,5.08075E+16
63353,,14,5,22,510,2017,6,15,3,3,8,1,0,1,0,0,0,0,0,7.93367E+20,5.66471E+21,1.31869E+16,5.10588E+16
63354,,14,5,21,30,2017,6,12,3,3,3,6,1,0,0,0,1,0,0,7.61874E+20,5.61001E+21,1.26995E+16,5.05831E+16
63355,,14,5,21,550,2017,6,18,3,3,8,1,0,0,0,1,0,0,0,7.70499E+20,5.60218E+21,1.28153E+16,5.0509E+16
63356,,14,5,22,180,2017,6,20,5,3,5,3,0,1,0,0,0,1,0,8.04911E+20,5.64787E+21,1.33371E+16,5.09019E+16
63357,,14,5,21,170,2017,6,10,3,3,2,2,0,1,0,0,0,0,0,7.55273E+20,5.59977E+21,1.25994E+16,5.04941E+16
63358,,14,6,25,310,2017,6,13,5,3,5,3,0,1,0,1,0,0,1,8.5184E+20,5.71356E+21,1.40663E+16,5.14636E+16
63359,,14,5,22,590,2017,6,18,3,2,4,2,0,1,0,0,0,0,0,8.1305E+20,5.64209E+21,1.34475E+16,5.08456E+16
63360,,14,7,30,310,2017,6,17,5,2,0,1,0,1,0,0,1,0,1,7.77649E+20,5.71687E+21,1.30037E+16,5.15345E+16
63361,,14,5,23,365,2017,6,14,2,3,2,2,0,1,0,0,0,0,0,7.18689E+20,5.60318E+21,1.20864E+16,5.05396E+16
63362,,14,5,23,320,2017,6,15,2,3,5,3,0,1,0,0,0,0,0,7.2158E+20,5.59832E+21,1.21243E+16,5.04949E+16
63363,,14,5,24,280,2017,6,6,2,2,2,6,0,1,0,0,0,0,0,7.55485E+20,5.63296E+21,1.26253E+16,5.07919E+16
63364,,14,6,26,610,2017,7,5,6,3,8,1,0,1,0,0,0,0,1,9.09494E+20,5.65531E+21,1.48258E+16,5.09038E+16
63365,,14,6,25,540,2017,7,22,6,3,7,7,0,1,0,0,0,2,0,8.51945E+20,5.69311E+21,1.40475E+16,5.12804E+16
63366,,14,6,25,310,2017,7,15,6,3,9,1,0,0,0,0,1,0,0,8.54751E+20,5.71357E+21,1.4108E+16,5.14618E+16
63367,,14,6,25,160,2017,7,16,6,2,2,6,0,1,0,1,0,0,0,8.84532E+20,5.69355E+21,1.45131E+16,5.12632E+16
63368,,14,6,27,180,2017,7,14,6,3,2,2,0,1,0,0,1,0,0,8.04313E+20,5.66537E+21,1.33432E+16,5.10591E+16