OBJECTID,UIDENTSTLA,ULAND,UREGBEZ,UKREIS,UGEMEINDE,UJAHR,UMONAT,USTUNDE,UWOCHENTAG,UKATEGORIE,UART,UTYP1,IstRad,IstPKW,IstFuss,IstKrad,IstSonstig,LICHT,STRZUSTAND,LINREFX,LINREFY,XGCSWGS84,YGCSWGS84
63560,,14,6,12,0,2017,7,6,3,3,2,6,0,1,0,0,1,0,1,8.28543E+20,5.66904E+21,1.36912E+16,5.10786E+16
63561,,14,6,12,0,2017,7,18,3,3,1,7,1,1,0,0,0,0,0,8.23766E+20,5.66489E+21,1.36195E+16,5.10441E+16
63562,,14,6,27,200,2017,7,19,3,2,8,1,0,0,0,1,0,0,0,8.11559E+20,5.68931E+21,1.3467E+16,5.12697E+16
63563,,14,5,21,390,2017,7,11,3,3,6,4,0,1,1,0,0,0,0,7.94314E+20,5.61923E+21,1.31638E+16,5.06504E+16
63564,,14,5,22,80,2017,7,7,3,3,5,2,0,1,0,0,1,0,0,7.92379E+20,5.67044E+21,1.31775E+16,5.11107E+16
63565,,14,5,21,400,2017,7,14,3,2,2,6,0,1,0,0,0,0,0,7.87688E+20,5.61318E+21,1.30657E+16,5.05994E+16
63566,,14,5,22,260,2017,7,8,3,2,4,2,0,1,0,0,0,0,0,7.66021E+20,5.64338E+21,1.2782E+16,5.08807E+16
63567,,14,5,11,0,2017,7,12,3,3,4,1,0,1,0,0,1,0,0,7.75355E+20,5.63818E+21,1.29105E+16,5.08297E+16
63568,,14,5,24,20,2017,7,16,2,2,5,2,1,1,0,0,0,0,1,7.57428E+20,5.6379E+21,1.26562E+16,5.08355E+16
63569,,14,5,23,340,2017,7,14,2,3,5,7,1,1,0,0,0,0,1,7.32609E+20,5.61298E+21,1.22887E+16,5.06222E+16
63570,,14,5,23,270,2017,7,7,2,3,2,6,0,1,0,0,0,0,0,7.28846E+20,5.60111E+21,1.22283E+16,5.05171E+16
63571,,14,5,23,320,2017,7,14,2,2,5,3,0,1,0,0,0,0,1,7.2037E+20,5.60199E+21,1.21094E+16,5.05283E+16
63572,,14,7,30,310,2017,7,20,2,2,9,1,0,1,0,0,0,0,1,7.74383E+20,5.72022E+21,1.29594E+16,5.15662E+16
63573,,14,7,30,150,2017,7,16,2,3,2,6,0,1,0,0,1,0,1,7.37497E+20,5.70466E+21,1.24177E+16,5.14432E+16
63574,,14,7,29,170,2017,7,5,2,3,5,3,0,1,0,0,0,0,0,7.26633E+20,5.66691E+21,1.22377E+16,5.11088E+16
63575,,14,7,13,0,2017,7,20,2,3,0,1,1,0,0,0,0,0,1,7.35182E+20,5.69355E+21,1.23771E+16,5.13445E+16
63576,,14,7,13,0,2017,7,15,2,3,3,2,1,0,0,0,1,0,1,7.29948E+20,5.69311E+21,1.23018E+16,5.13427E+16
63577,,14,7,13,0,2017,7,15,2,3,5,3,1,1,0,0,0,0,1,7.37354E+20,5.69024E+21,1.2406E+16,5.13139E+16
63578,,14,6,25,350,2017,8,16,3,3,5,3,0,1,0,0,0,0,0,8.61824E+20,5.69421E+21,1.41897E+16,5.1284E+16
63579,,14,6,25,640,2017,8,13,3,3,5,2,0,1,0,0,0,0,0,8.66393E+20,5.70602E+21,1.42671E+16,5.13869E+16
63580,,14,6,28,140,2017,8,6,3,2,0,7,1,0,0,0,0,0,0,8.60024E+20,5.65292E+21,1.41229E+16,5.09153E+16
63581,,14,6,12,0,2017,8,18,3,3,2,6,0,1,0,0,0,0,0,8.33629E+20,5.66335E+21,1.37583E+16,5.10246E+16
63582,,14,7,29,260,2017,7,14,2,3,0,1,0,0,0,1,0,0,0,7.35829E+20,5.6856E+21,1.23811E+16,5.12729E+16
63583,,14,6,12,0,2017,8,16,3,3,2,6,0,1,0,0,1,0,0,8.31811E+20,5.66488E+21,1.37338E+16,5.10395E+16
63584,,14,7,13,0,2017,7,9,2,2,5,2,0,1,0,0,0,0,0,7.289E+20,5.69864E+21,1.22903E+16,5.13927E+16
63585,,14,6,26,370,2017,7,17,2,3,6,2,0,1,1,0,0,0,0,9.0582E+20,5.69844E+21,1.48222E+16,5.12922E+16
63586,,14,6,26,110,2017,7,22,2,3,9,1,0,1,0,0,0,2,1,9.1615E+20,5.68759E+21,1.4957E+16,5.11878E+16
63587,,14,6,25,160,2017,7,18,2,3,4,6,0,1,0,0,0,0,1,8.7991E+20,5.68931E+21,1.44427E+16,5.12284E+16
63588,,14,6,12,0,2017,7,3,2,2,7,7,0,1,0,0,1,2,0,8.4733E+20,5.66555E+21,1.3955E+16,5.10363E+16
63589,,14,6,28,70,2017,7,17,2,3,2,2,0,1,0,0,0,0,0,8.47704E+20,5.65128E+21,1.39467E+16,5.09082E+16
63590,,14,6,27,180,2017,7,7,2,3,0,6,0,1,0,1,0,0,0,8.00296E+20,5.67645E+21,1.32953E+16,5.11606E+16
63591,,14,6,27,210,2017,7,20,2,3,2,6,0,1,0,0,0,1,1,8.27229E+20,5.67175E+21,1.36749E+16,5.11036E+16
63592,,14,6,12,0,2017,7,16,2,3,2,6,0,1,0,0,1,0,0,8.38217E+20,5.6674E+21,1.38272E+16,5.10583E+16
63593,,14,6,27,30,2017,7,8,2,2,2,6,0,0,0,1,1,0,0,8.29793E+20,5.68803E+21,1.37263E+16,5.12481E+16
63594,,14,6,12,0,2017,7,6,2,2,0,2,1,1,0,0,0,0,0,8.27419E+20,5.66581E+21,1.36722E+16,5.10503E+16
63595,,14,6,12,0,2017,7,10,2,3,9,7,0,1,0,0,0,0,0,8.29366E+20,5.66383E+21,1.36981E+16,5.10315E+16
63596,,14,5,22,150,2017,7,8,2,2,5,2,1,1,0,0,0,0,0,7.83367E+20,5.64821E+21,1.30317E+16,5.09159E+16
63597,,14,6,12,0,2017,8,19,3,3,5,3,1,1,0,0,0,0,0,8.31696E+20,5.66295E+21,1.37304E+16,5.10222E+16
63598,,14,6,12,0,2017,8,7,3,3,5,7,1,1,0,0,0,0,0,8.32567E+20,5.66603E+21,1.37456E+16,5.10493E+16
63599,,14,6,27,140,2017,8,16,3,3,1,5,0,0,0,0,1,0,0,8.13081E+20,5.6776E+21,1.34785E+16,5.1164E+16
63600,,14,5,21,120,2017,8,13,3,2,5,3,1,0,0,0,1,0,0,7.73628E+20,5.62502E+21,1.28762E+16,5.07125E+16
63601,,14,5,22,550,2017,8,17,3,3,5,3,0,1,0,1,0,0,0,7.6995E+20,5.64799E+21,1.28411E+16,5.09203E+16
63602,,14,5,22,190,2017,8,12,3,3,1,2,0,1,0,0,0,0,0,7.72572E+20,5.66489E+21,1.2891E+16,5.10707E+16
63603,,14,5,21,550,2017,8,9,3,3,5,3,1,1,0,0,0,0,0,7.68336E+20,5.60509E+21,1.2787E+16,5.05361E+16
63604,,14,5,21,710,2017,8,19,3,2,3,6,0,0,0,1,0,0,0,7.70774E+20,5.61518E+21,1.28287E+16,5.06255E+16
63605,,14,5,24,330,2017,8,14,2,3,5,3,0,1,0,1,0,0,0,7.46546E+20,5.62666E+21,1.24945E+16,5.07393E+16
63606,,14,5,24,90,2017,8,10,2,3,4,6,0,1,0,1,0,0,0,7.60219E+20,5.61852E+21,1.26821E+16,5.06603E+16
63607,,14,5,23,310,2017,8,10,2,3,8,7,0,1,0,0,0,0,0,7.06729E+20,5.60228E+21,1.19174E+16,5.05359E+16
63608,,14,5,24,180,2017,8,15,2,3,2,6,0,1,0,0,0,0,0,7.66232E+20,5.641E+21,1.27833E+16,5.08593E+16
63609,,14,5,23,120,2017,8,20,2,3,5,3,0,1,0,0,0,1,0,7.39023E+20,5.59677E+21,1.23688E+16,5.04741E+16
63610,,14,5,23,290,2017,8,8,2,3,3,2,0,1,0,0,0,0,0,7.36912E+20,5.59566E+21,1.23384E+16,5.0465E+16
63611,,14,5,23,380,2017,8,16,2,3,4,6,0,1,0,1,0,0,0,7.48292E+20,5.60456E+21,1.25044E+16,5.05402E+16
63612,,14,7,30,45,2017,8,16,2,3,2,2,0,1,0,0,0,0,0,7.88478E+20,5.70969E+21,1.31536E+16,5.14647E+16
63613,,14,7,13,0,2017,8,7,2,3,4,6,1,1,0,0,0,0,0,7.3823E+20,5.6924E+21,1.242E+16,5.13329E+16
63614,,14,7,29,160,2017,8,11,2,3,5,3,0,1,0,0,1,0,0,7.60566E+20,5.68526E+21,1.27348E+16,5.12591E+16
63615,,14,6,26,110,2017,8,7,2,3,5,3,1,0,0,0,0,0,0,9.14301E+20,5.6821E+21,1.49244E+16,5.114E+16
63616,,14,6,25,190,2017,8,8,2,2,2,2,0,1,0,0,0,0,0,8.82042E+20,5.67585E+21,1.44588E+16,5.11065E+16
63617,,14,6,25,230,2017,8,16,2,3,2,2,0,1,0,0,1,0,0,8.89581E+20,5.68107E+21,1.45716E+16,5.11481E+16
63618,,14,6,25,600,2017,8,18,2,3,9,1,0,1,0,0,0,0,0,8.44558E+20,5.67928E+21,1.39287E+16,5.11609E+16
63619,,14,6,25,20,2017,8,15,2,3,5,2,0,1,0,0,0,0,0,8.80672E+20,5.68393E+21,1.44478E+16,5.11797E+16
63620,,14,6,27,100,2017,8,19,2,2,0,1,1,0,0,0,0,0,0,8.14643E+20,5.67026E+21,1.34944E+16,5.10973E+16
63621,,14,6,27,140,2017,8,11,2,3,5,2,1,0,0,0,1,0,0,8.13382E+20,5.6776E+21,1.34828E+16,5.11638E+16
63622,,14,5,22,80,2017,7,7,2,3,0,3,0,1,1,0,0,0,0,7.89822E+20,5.67146E+21,1.31419E+16,5.11212E+16
63623,,14,6,27,100,2017,8,15,2,3,2,6,0,1,0,0,0,0,0,8.15139E+20,5.66876E+21,1.35002E+16,5.10836E+16
63624,,14,6,28,410,2017,8,15,2,2,2,6,0,1,0,0,0,0,0,8.15223E+20,5.66084E+21,1.34945E+16,5.10125E+16
63625,,14,6,28,410,2017,8,7,2,3,5,2,1,1,0,0,0,0,0,8.19261E+20,5.66252E+21,1.35533E+16,5.10254E+16
63626,,14,6,28,300,2017,8,13,2,2,5,3,0,1,0,0,0,0,0,8.29621E+20,5.65865E+21,1.36971E+16,5.09849E+16
63627,,14,5,21,630,2017,7,14,2,3,2,6,0,1,0,0,0,0,1,7.85897E+20,5.61474E+21,1.30416E+16,5.06144E+16
63628,,14,5,21,630,2017,8,15,2,3,1,2,0,1,0,0,0,0,0,7.82864E+20,5.6136E+21,1.2998E+16,5.06056E+16
63629,,14,5,24,80,2017,7,16,2,2,3,1,0,1,0,0,1,0,1,7.53488E+20,5.63734E+21,1.26E+16,5.08322E+16
63630,,14,5,22,150,2017,8,8,2,2,0,7,0,1,0,0,0,0,0,7.90748E+20,5.6467E+21,1.31352E+16,5.08986E+16
63631,,14,5,11,0,2017,7,16,2,3,5,3,0,1,0,0,0,0,0,7.75506E+20,5.63797E+21,1.29124E+16,5.08278E+16
63632,,14,5,23,260,2017,7,17,1,2,4,2,1,0,0,1,0,0,0,7.27589E+20,5.611E+21,1.22166E+16,5.06064E+16
63633,,14,7,29,80,2017,7,1,1,2,0,1,1,0,0,0,0,2,0,7.65511E+20,5.67026E+21,1.27944E+16,5.11222E+16
63634,,14,7,29,170,2017,7,1,1,3,0,1,0,1,0,0,0,2,1,7.29884E+20,5.67164E+21,1.22871E+16,5.115E+16
63635,,14,6,26,420,2017,7,9,1,3,5,3,0,1,0,1,0,0,0,9.15878E+20,5.66862E+21,1.49313E+16,5.10183E+16
63636,,14,6,25,150,2017,7,8,1,2,9,1,0,0,0,1,0,0,0,8.67976E+20,5.68253E+21,1.42656E+16,5.11755E+16
63637,,14,6,27,100,2017,7,11,1,3,0,1,0,0,0,1,0,0,1,8.13316E+20,5.67301E+21,1.34779E+16,5.11227E+16
63638,,14,6,27,140,2017,7,13,1,3,2,6,0,1,0,1,0,0,0,8.12465E+20,5.6782E+21,1.34703E+16,5.11697E+16
63639,,14,6,12,0,2017,7,17,1,3,2,6,0,1,0,0,0,0,0,8.36296E+20,5.66813E+21,1.38006E+16,5.10659E+16
63640,,14,6,12,0,2017,7,21,1,2,0,1,1,0,0,0,0,2,0,8.31818E+20,5.6676E+21,1.37364E+16,5.10638E+16
63641,,14,6,12,0,2017,7,13,1,2,5,2,0,1,0,0,0,0,0,8.23476E+20,5.66424E+21,1.36148E+16,5.10385E+16
63642,,14,5,22,470,2017,7,12,1,2,8,1,0,1,0,0,0,0,0,8.17178E+20,5.63141E+21,1.34967E+16,5.07476E+16
63643,,14,5,22,340,2017,7,13,1,2,8,1,0,1,0,0,0,0,0,8.09959E+20,5.64209E+21,1.34037E+16,5.08473E+16
63644,,14,5,21,355,2017,7,13,1,2,9,1,0,0,0,1,0,0,1,7.64622E+20,5.61051E+21,1.27386E+16,5.05864E+16
63645,,14,5,21,430,2017,8,18,1,2,8,7,0,0,0,1,0,0,0,7.65647E+20,5.62512E+21,1.27635E+16,5.07171E+16
63646,,14,5,24,330,2017,7,17,7,3,5,7,0,1,0,1,0,0,0,7.45392E+20,5.61954E+21,1.24734E+16,5.06759E+16
63647,,14,5,23,450,2017,7,17,7,3,4,1,0,1,0,1,0,0,0,7.10672E+20,5.58882E+21,1.19654E+16,5.04136E+16
63648,,14,5,24,180,2017,7,19,7,3,8,1,0,1,0,0,0,0,0,7.58292E+20,5.64371E+21,1.26726E+16,5.08872E+16
63649,,14,5,23,430,2017,7,14,7,2,4,6,0,1,0,0,0,0,0,7.32975E+20,5.60507E+21,1.22889E+16,5.05511E+16
63650,,14,5,23,20,2017,7,16,7,2,8,1,0,0,0,1,0,0,0,7.43772E+20,5.59872E+21,1.24369E+16,5.04897E+16
63651,,14,7,13,0,2017,7,17,7,3,2,6,0,1,0,0,0,0,0,7.35912E+20,5.69375E+21,1.23877E+16,5.1346E+16
63652,,14,7,13,0,2017,7,11,7,3,2,6,0,1,0,0,0,0,0,7.32805E+20,5.69686E+21,1.23452E+16,5.13752E+16
63653,,14,7,30,150,2017,7,23,7,3,5,3,0,1,0,0,0,2,0,7.39656E+20,5.70762E+21,1.24507E+16,5.14689E+16
63654,,14,6,25,600,2017,7,13,7,2,2,2,0,1,0,1,0,0,0,8.39867E+20,5.6797E+21,1.38623E+16,5.11675E+16
63655,,14,6,25,480,2017,7,11,7,2,6,4,1,0,1,0,0,0,0,8.44155E+20,5.6745E+21,1.39184E+16,5.11184E+16
63656,,14,5,24,30,2017,8,10,1,2,9,1,0,0,0,1,0,0,0,7.36683E+20,5.63222E+21,1.23585E+16,5.07934E+16
63657,,14,5,24,190,2017,8,0,1,3,5,3,0,1,0,1,0,2,0,7.4251E+20,5.63792E+21,1.24448E+16,5.08421E+16
63658,,14,7,30,160,2017,8,10,1,3,5,3,1,0,0,1,0,0,0,7.53548E+20,5.71407E+21,1.2655E+16,5.15207E+16
63659,,14,7,29,80,2017,8,14,1,3,4,6,0,1,0,1,0,0,0,7.64753E+20,5.67216E+21,1.2785E+16,5.11396E+16
63660,,14,7,29,70,2017,8,15,1,2,9,1,0,1,0,0,0,0,0,7.46864E+20,5.69149E+21,1.25431E+16,5.1321E+16
63661,,14,6,26,30,2017,8,23,1,3,8,1,0,1,0,0,0,2,0,9.07231E+20,5.6721E+21,1.48126E+16,5.10556E+16
63662,,14,6,26,250,2017,8,20,1,2,8,1,0,1,0,0,0,1,0,8.96622E+20,5.72274E+21,1.47181E+16,5.15162E+16
63663,,14,6,26,460,2017,8,15,1,3,2,6,0,1,0,0,0,0,0,9.02388E+20,5.71164E+21,1.47882E+16,5.14128E+16
63664,,14,6,27,70,2017,8,10,1,3,4,2,0,1,0,1,0,0,0,8.00179E+20,5.68594E+21,1.33015E+16,5.12457E+16
63665,,14,6,28,250,2017,8,10,1,3,9,1,0,0,0,1,0,0,0,8.41533E+20,5.65426E+21,1.3862E+16,5.09386E+16
63666,,14,6,12,0,2017,8,1,1,2,1,1,1,1,0,0,0,2,1,8.30018E+20,5.66724E+21,1.37105E+16,5.10616E+16
63667,,14,6,27,360,2017,8,10,1,1,5,2,0,1,0,1,0,0,0,7.97208E+20,5.6978E+21,1.3269E+16,5.13536E+16
63668,,14,5,22,420,2017,8,13,1,2,5,3,0,1,0,1,0,0,0,7.82111E+20,5.64234E+21,1.30094E+16,5.08638E+16
63669,,14,5,21,600,2017,8,11,1,3,2,2,0,1,0,1,0,0,0,7.49785E+20,5.60401E+21,1.2525E+16,5.05346E+16
63670,,14,5,21,20,2017,8,14,1,3,9,1,0,0,0,1,0,0,0,7.86218E+20,5.61215E+21,1.30442E+16,5.05909E+16
63671,,14,5,21,220,2017,8,19,1,3,2,6,0,1,0,0,0,0,0,7.8325E+20,5.6314E+21,1.30171E+16,5.07651E+16
63672,,14,6,25,20,2017,7,19,7,3,0,1,0,0,0,1,0,0,1,8.78027E+20,5.6843E+21,1.44106E+16,5.11847E+16
63673,,14,5,24,330,2017,8,13,7,3,5,3,0,1,0,0,0,0,0,7.50644E+20,5.62514E+21,1.25514E+16,5.07239E+16
63674,,14,6,28,400,2017,7,17,7,3,9,6,0,1,0,0,0,0,1,8.20823E+20,5.65976E+21,1.35731E+16,5.09997E+16
63675,,14,5,23,460,2017,8,9,7,2,2,2,1,1,0,0,0,0,0,7.32853E+20,5.59295E+21,1.22796E+16,5.04423E+16
63676,,14,6,12,0,2017,7,19,7,3,2,2,0,1,0,0,0,0,0,8.32037E+20,5.6675E+21,1.37395E+16,5.10628E+16
63677,,14,5,22,210,2017,7,14,7,3,8,1,0,1,0,0,0,0,1,7.96482E+20,5.65878E+21,1.32264E+16,5.1004E+16
63678,,14,6,12,0,2017,7,16,7,2,8,1,0,1,0,0,0,0,1,8.22705E+20,5.667E+21,1.36063E+16,5.10636E+16
63679,,14,6,12,0,2017,7,16,7,2,4,1,0,1,0,0,0,0,1,8.29764E+20,5.66976E+21,1.37092E+16,5.10843E+16
63680,,14,5,11,0,2017,7,22,7,2,0,1,0,1,0,0,0,2,0,7.69908E+20,5.64257E+21,1.28365E+16,5.08717E+16
63681,,14,5,11,0,2017,7,13,7,3,2,6,0,1,0,0,0,0,0,7.71895E+20,5.64107E+21,1.28636E+16,5.08573E+16
63682,,14,5,22,230,2017,7,6,7,2,9,1,0,1,0,0,0,0,0,7.87885E+20,5.65547E+21,1.31016E+16,5.09787E+16
63683,,14,5,21,50,2017,7,13,7,2,4,1,1,1,0,0,0,0,0,7.57809E+20,5.61486E+21,1.26455E+16,5.06285E+16
63684,,14,5,24,330,2017,7,19,6,3,0,1,1,0,0,0,0,0,0,7.47089E+20,5.62694E+21,1.25023E+16,5.07416E+16
63685,,14,5,23,320,2017,7,19,6,2,8,1,0,1,0,0,0,0,0,7.17876E+20,5.5951E+21,1.20703E+16,5.04674E+16
63686,,14,5,24,280,2017,8,12,7,3,4,2,0,1,0,0,1,0,0,7.56996E+20,5.63576E+21,1.26486E+16,5.08165E+16
63687,,14,5,23,310,2017,7,17,6,3,5,3,1,1,0,0,0,0,0,7.1295E+20,5.60818E+21,1.20084E+16,5.05866E+16
63688,,14,5,24,290,2017,8,13,7,2,4,6,0,1,0,0,0,0,0,7.5513E+20,5.64423E+21,1.26281E+16,5.08933E+16
63689,,14,7,30,270,2017,8,11,7,3,3,7,0,1,0,1,0,0,0,7.24114E+20,5.69809E+21,1.22213E+16,5.13898E+16
63690,,14,6,26,180,2017,8,17,7,3,1,6,0,1,0,0,0,0,0,9.05614E+20,5.66797E+21,1.4785E+16,5.10198E+16
63691,,14,6,25,240,2017,8,15,7,3,2,6,0,1,0,0,0,0,0,8.64276E+20,5.71238E+21,1.42433E+16,5.14451E+16
63692,,14,6,26,110,2017,8,14,7,3,3,2,1,1,0,0,0,0,0,9.17644E+20,5.68275E+21,1.49726E+16,5.11434E+16
63693,,14,6,28,360,2017,8,12,7,2,4,1,0,0,0,1,1,0,0,8.66785E+20,5.65794E+21,1.42237E+16,5.09561E+16
63694,,14,5,23,200,2017,7,16,6,3,2,6,0,1,0,0,0,0,0,7.35048E+20,5.5783E+21,1.23013E+16,5.03099E+16
63695,,14,5,24,200,2017,7,9,6,3,5,3,0,1,0,0,0,0,0,7.52179E+20,5.62686E+21,1.25743E+16,5.07387E+16
63696,,14,5,23,330,2017,7,15,6,2,8,1,1,0,0,0,0,0,0,7.24114E+20,5.60554E+21,1.21643E+16,5.05587E+16
63697,,14,7,30,80,2017,7,19,6,2,9,1,0,1,0,0,0,0,0,7.57782E+20,5.70821E+21,1.27116E+16,5.14663E+16
63698,,14,7,29,410,2017,7,15,6,3,5,3,1,1,0,0,0,0,0,7.60057E+20,5.69824E+21,1.2737E+16,5.13758E+16
63699,,14,7,29,50,2017,7,14,6,3,8,1,0,1,0,0,0,0,0,7.45299E+20,5.67294E+21,1.2508E+16,5.11552E+16
63700,,14,7,29,70,2017,7,12,6,3,2,6,0,1,0,0,0,0,0,7.50471E+20,5.69E+21,1.25937E+16,5.13061E+16
63701,,14,7,13,0,2017,7,17,6,2,5,3,1,1,0,0,0,0,0,7.39301E+20,5.69513E+21,1.24372E+16,5.1357E+16
63702,,14,6,25,420,2017,7,11,6,2,9,1,0,1,0,0,0,0,0,8.58913E+20,5.69886E+21,1.41528E+16,5.13275E+16
63703,,14,6,25,560,2017,7,17,6,2,0,1,1,0,0,0,0,0,0,8.80214E+20,5.66985E+21,1.44265E+16,5.1054E+16
63704,,14,6,28,100,2017,7,17,6,2,5,2,0,1,0,1,0,0,0,8.50876E+20,5.66471E+21,1.40046E+16,5.10266E+16
63705,,14,6,28,270,2017,7,12,6,2,0,2,1,1,0,0,0,0,0,8.46403E+20,5.6578E+21,1.39345E+16,5.09674E+16
63706,,14,6,27,140,2017,7,12,6,3,2,6,0,1,0,1,0,0,0,8.13417E+20,5.67724E+21,1.3483E+16,5.11606E+16
63707,,14,6,27,310,2017,7,9,6,3,5,3,0,1,0,1,0,0,0,8.21356E+20,5.678E+21,1.35969E+16,5.1163E+16
63708,,14,6,28,150,2017,8,14,7,3,4,6,0,1,0,1,0,0,0,8.21955E+20,5.63872E+21,1.35706E+16,5.08105E+16
63709,,14,6,12,0,2017,8,12,7,3,5,3,0,1,0,1,0,0,0,8.3702E+20,5.66029E+21,1.38036E+16,5.09953E+16
63710,,14,6,12,0,2017,8,18,7,3,5,3,1,1,0,0,0,0,0,8.34023E+20,5.66796E+21,1.37681E+16,5.10658E+16
63711,,14,6,12,0,2017,8,18,7,3,8,1,0,1,0,0,0,0,0,8.32305E+20,5.67543E+21,1.37506E+16,5.11337E+16
63712,,14,6,12,0,2017,8,18,7,3,4,1,0,1,0,1,0,0,0,8.42386E+20,5.66825E+21,1.38873E+16,5.10635E+16
63713,,14,5,21,120,2017,8,17,7,3,5,3,0,1,0,0,0,0,1,7.77548E+20,5.62773E+21,1.29336E+16,5.07349E+16
63714,,14,5,22,190,2017,8,4,7,2,9,1,0,1,0,0,0,2,0,7.75565E+20,5.6649E+21,1.29336E+16,5.10693E+16
63715,,14,5,21,10,2017,8,14,7,3,5,3,0,1,0,1,0,0,0,7.82231E+20,5.62836E+21,1.30003E+16,5.07383E+16
63716,,14,5,22,330,2017,8,14,7,2,2,6,0,1,0,1,0,0,0,7.77082E+20,5.64523E+21,1.29403E+16,5.08922E+16
63717,,14,5,21,670,2017,8,7,7,2,0,7,0,0,0,1,0,0,0,7.84352E+20,5.61775E+21,1.30221E+16,5.06421E+16
63718,,14,5,21,600,2017,8,14,7,2,4,1,0,1,0,1,0,0,0,7.5471E+20,5.60422E+21,1.25945E+16,5.05344E+16
63719,,14,5,21,710,2017,8,16,7,2,8,1,0,0,0,1,0,0,0,7.72721E+20,5.61485E+21,1.28559E+16,5.06216E+16
63720,,14,5,21,330,2017,8,4,7,2,8,1,0,0,0,1,0,1,0,7.90014E+20,5.60685E+21,1.30935E+16,5.05415E+16
63721,,14,5,23,430,2017,8,15,6,3,5,3,0,0,0,1,1,0,0,7.33678E+20,5.60515E+21,1.22988E+16,5.05515E+16
63722,,14,5,23,150,2017,8,12,6,3,2,6,0,1,0,0,1,0,0,7.36839E+20,5.61247E+21,1.2348E+16,5.06159E+16
63723,,14,5,23,320,2017,8,15,6,3,2,6,0,1,0,0,1,0,0,7.26136E+20,5.59772E+21,1.2188E+16,5.04877E+16
63724,,14,6,27,290,2017,7,18,6,2,8,1,0,0,0,1,1,0,1,8.32846E+20,5.68798E+21,1.37699E+16,5.12458E+16
63725,,14,6,28,130,2017,7,17,6,2,4,6,0,1,0,1,1,0,0,8.35348E+20,5.65089E+21,1.37712E+16,5.0912E+16
63726,,14,5,22,530,2017,7,7,6,3,4,6,1,1,0,0,0,0,0,7.68331E+20,5.66066E+21,1.28275E+16,5.10347E+16
63727,,14,5,22,150,2017,7,16,6,3,5,2,0,1,0,1,0,0,0,7.83955E+20,5.64845E+21,1.30402E+16,5.09177E+16
63728,,14,5,22,620,2017,7,18,6,3,2,6,0,1,0,0,1,0,0,7.89512E+20,5.67695E+21,1.31419E+16,5.11706E+16
63729,,14,5,21,355,2017,7,14,6,3,2,2,0,1,0,1,0,0,0,7.654E+20,5.61068E+21,1.27496E+16,5.05876E+16
63730,,14,5,21,550,2017,7,17,6,3,2,6,0,1,0,0,0,0,0,7.68422E+20,5.60533E+21,1.27884E+16,5.05382E+16
63731,,14,7,30,150,2017,8,23,6,3,8,7,0,1,0,0,0,2,0,7.40121E+20,5.7085E+21,1.2458E+16,5.14766E+16
63732,,14,6,26,110,2017,8,14,3,2,3,6,0,1,0,1,0,0,0,9.16441E+20,5.68566E+21,1.49589E+16,5.11703E+16
63733,,14,6,26,110,2017,8,9,3,3,5,3,1,1,0,0,0,0,0,9.16613E+20,5.68495E+21,1.49605E+16,5.11638E+16
63734,,14,6,28,360,2017,8,15,3,3,4,2,0,1,0,0,0,0,0,8.70547E+20,5.6591E+21,1.42782E+16,5.09641E+16
63735,,14,6,27,170,2017,8,15,3,3,8,1,0,0,0,0,1,0,0,8.19577E+20,5.68297E+21,1.35759E+16,5.12085E+16
63736,,14,6,28,410,2017,8,16,3,3,2,6,0,1,0,0,0,0,0,8.1273E+20,5.65932E+21,1.34577E+16,5.10003E+16
63737,,14,6,28,110,2017,8,16,3,3,5,3,1,1,0,0,0,0,0,8.2571E+20,5.65896E+21,1.36418E+16,5.09898E+16
63738,,14,7,13,0,2017,8,15,6,3,5,3,0,1,0,0,0,0,0,7.34018E+20,5.70045E+21,1.2365E+16,5.14069E+16
63739,,14,6,28,110,2017,8,16,3,3,8,2,0,1,0,0,1,0,0,8.26214E+20,5.66088E+21,1.36507E+16,5.10068E+16
63740,,14,5,21,40,2017,8,18,3,3,8,1,0,1,0,0,0,0,0,7.77282E+20,5.62184E+21,1.29254E+16,5.06822E+16
63741,,14,5,21,710,2017,8,9,3,3,0,1,0,0,0,1,0,0,0,7.74649E+20,5.6205E+21,1.28873E+16,5.06714E+16
63742,,14,7,29,140,2017,7,21,6,2,0,7,0,1,0,0,0,1,0,7.50748E+20,5.66455E+21,1.25799E+16,5.10776E+16
63743,,14,5,22,460,2017,8,7,3,3,0,3,0,0,0,0,1,0,1,7.59374E+20,5.64842E+21,1.26913E+16,5.0929E+16
63744,,14,5,21,420,2017,7,15,6,3,2,1,0,1,0,0,0,0,0,7.67052E+20,5.62791E+21,1.27854E+16,5.07415E+16
63745,,14,5,11,0,2017,7,14,6,2,0,1,1,0,0,0,0,0,0,7.72194E+20,5.63434E+21,1.28628E+16,5.07967E+16
63746,,14,5,24,70,2017,7,17,5,2,5,3,1,0,0,0,1,0,1,7.61176E+20,5.62937E+21,1.27033E+16,5.07573E+16
63747,,14,5,23,245,2017,7,13,5,2,3,6,0,1,0,1,0,0,0,7.46566E+20,5.59158E+21,1.24715E+16,5.04244E+16
63748,,14,5,24,200,2017,7,13,5,3,5,3,1,1,0,0,0,0,0,7.52179E+20,5.62686E+21,1.25743E+16,5.07387E+16
63749,,14,7,30,110,2017,7,16,5,3,5,3,0,1,0,0,0,0,0,7.51155E+20,5.70516E+21,1.26142E+16,5.14418E+16