OBJECTID,UIDENTSTLA,ULAND,UREGBEZ,UKREIS,UGEMEINDE,UJAHR,UMONAT,USTUNDE,UWOCHENTAG,UKATEGORIE,UART,UTYP1,IstRad,IstPKW,IstFuss,IstKrad,IstSonstig,LICHT,STRZUSTAND,LINREFX,LINREFY,XGCSWGS84,YGCSWGS84
63941,,14,5,22,440,2017,7,12,1,2,5,3,0,1,0,0,0,0,0,7.93487E+20,5.64277E+21,1.31709E+16,5.0862E+16
63942,,14,5,21,180,2017,7,14,1,3,0,7,0,0,0,1,0,0,0,7.74159E+20,5.61083E+21,1.28732E+16,5.05849E+16
63943,,14,5,22,120,2017,7,11,1,2,4,6,0,1,0,0,0,0,0,7.7694E+20,5.65903E+21,1.29487E+16,5.1016E+16
63944,,14,5,24,10,2017,7,13,7,2,9,1,0,1,0,0,0,0,1,7.58788E+20,5.63356E+21,1.26725E+16,5.07959E+16
63945,,14,7,30,180,2017,7,11,7,3,8,7,0,1,0,0,0,0,0,7.39946E+20,5.72052E+21,1.24637E+16,5.15846E+16
63946,,14,7,13,0,2017,7,15,7,2,9,6,0,0,0,1,1,0,0,7.35796E+20,5.70042E+21,1.23905E+16,5.14059E+16
63947,,14,7,29,320,2017,7,19,7,2,8,1,0,1,0,0,0,0,0,7.41596E+20,5.67068E+21,1.24536E+16,5.11365E+16
63948,,14,6,26,310,2017,7,9,7,3,9,1,0,1,0,0,0,0,1,9.06602E+20,5.65589E+21,1.47855E+16,5.0911E+16
63949,,14,7,13,0,2017,7,9,2,3,5,3,1,1,0,0,0,0,0,7.32728E+20,5.69245E+21,1.23412E+16,5.13356E+16
63950,,14,6,28,160,2017,7,17,7,3,0,1,1,0,0,0,0,0,1,8.41169E+20,5.65815E+21,1.38605E+16,5.09737E+16
63951,,14,6,12,0,2017,7,14,7,3,6,7,1,0,1,0,0,0,0,8.34881E+20,5.66219E+21,1.3775E+16,5.10135E+16
63952,,14,6,12,0,2017,7,9,7,3,5,3,1,1,0,0,0,0,0,8.36479E+20,5.66034E+21,1.3796E+16,5.09961E+16
63953,,14,5,21,270,2017,7,16,7,2,0,1,0,0,0,1,0,0,0,7.89001E+20,5.63181E+21,1.30987E+16,5.07659E+16
63954,,14,5,11,0,2017,7,8,7,3,2,6,0,1,0,0,0,0,1,7.73909E+20,5.64044E+21,1.28917E+16,5.08507E+16
63955,,14,5,22,150,2017,7,9,7,2,8,1,0,1,0,0,0,0,0,7.85833E+20,5.64766E+21,1.30663E+16,5.09097E+16
63956,,14,5,23,20,2017,7,23,6,3,6,4,0,1,1,0,0,2,1,7.40215E+20,5.60072E+21,1.23881E+16,5.05091E+16
63957,,14,7,30,70,2017,7,14,6,3,2,6,0,1,0,0,0,0,0,7.30061E+20,5.71438E+21,1.23172E+16,5.15336E+16
63958,,14,7,29,320,2017,7,17,6,3,1,2,1,1,0,0,0,0,0,7.40018E+20,5.66794E+21,1.24293E+16,5.11126E+16
63959,,14,7,29,40,2017,7,15,6,3,2,6,0,1,0,0,0,0,0,7.36462E+20,5.68041E+21,1.23868E+16,5.1226E+16
63960,,14,7,30,270,2017,7,0,6,2,8,1,0,1,0,0,0,2,0,7.23137E+20,5.70489E+21,1.22116E+16,5.14511E+16
63961,,14,7,30,80,2017,7,16,6,2,8,1,0,0,0,1,0,0,0,7.58535E+20,5.71844E+21,1.27299E+16,5.15577E+16
63962,,14,7,30,270,2017,7,15,2,3,5,3,0,1,0,0,0,0,0,7.22393E+20,5.70189E+21,1.2199E+16,5.14245E+16
63963,,14,6,25,430,2017,7,10,2,3,0,7,0,0,0,1,0,0,1,8.36785E+20,5.6812E+21,1.38198E+16,5.11828E+16
63964,,14,6,25,350,2017,7,7,2,2,5,3,0,1,0,0,0,0,0,8.60691E+20,5.68957E+21,1.41689E+16,5.12432E+16
63965,,14,6,25,240,2017,7,9,2,2,4,2,0,1,0,0,1,0,0,8.64744E+20,5.71128E+21,1.42489E+16,5.1435E+16
63966,,14,6,28,260,2017,7,13,2,3,2,6,0,1,0,0,0,0,0,8.66489E+20,5.66549E+21,1.42271E+16,5.10239E+16
63967,,14,6,26,610,2017,7,16,6,3,5,3,1,1,0,0,0,0,1,9.08562E+20,5.65288E+21,1.48099E+16,5.08827E+16
63968,,14,6,25,30,2017,7,6,6,2,4,2,0,1,0,0,0,0,0,8.53527E+20,5.70138E+21,1.40783E+16,5.13535E+16
63969,,14,6,27,100,2017,7,6,6,3,8,1,0,0,0,1,0,0,0,8.08673E+20,5.67036E+21,1.34095E+16,5.11015E+16
63970,,14,6,12,0,2017,7,21,6,3,0,1,1,0,0,0,0,2,1,8.2963E+20,5.66376E+21,1.37018E+16,5.10307E+16
63971,,14,6,12,0,2017,7,7,6,3,1,1,1,1,0,0,0,0,0,8.3119E+20,5.66837E+21,1.37282E+16,5.10711E+16
63972,,14,6,12,0,2017,7,20,6,3,2,2,0,1,0,0,0,1,1,8.32642E+20,5.6663E+21,1.3747E+16,5.10517E+16
63973,,14,6,27,220,2017,7,13,6,3,3,6,0,1,0,0,1,0,0,8.31958E+20,5.67715E+21,1.37472E+16,5.11493E+16
63974,,14,6,12,0,2017,7,14,6,2,5,2,0,1,0,1,0,0,0,8.31604E+20,5.66785E+21,1.37336E+16,5.10661E+16
63975,,14,6,27,270,2017,7,12,2,2,0,7,1,0,0,0,0,0,0,7.95513E+20,5.69712E+21,1.32441E+16,5.13484E+16
63976,,14,6,28,210,2017,7,16,2,3,3,6,0,1,0,1,0,0,0,8.51779E+20,5.65112E+21,1.40043E+16,5.09043E+16
63977,,14,6,27,210,2017,7,11,2,3,5,3,0,1,0,0,0,0,0,8.24117E+20,5.67283E+21,1.36316E+16,5.11151E+16
63978,,14,6,27,20,2017,7,15,2,2,9,1,0,1,0,0,0,0,0,8.11628E+20,5.68131E+21,1.3461E+16,5.1198E+16
63979,,14,6,27,60,2017,7,21,2,3,2,6,0,1,0,0,0,2,0,8.15284E+20,5.69031E+21,1.35211E+16,5.12767E+16
63980,,14,6,12,0,2017,7,22,2,3,2,3,1,1,0,0,0,2,0,8.29756E+20,5.66976E+21,1.37091E+16,5.10843E+16
63981,,14,6,12,0,2017,7,0,2,2,0,1,1,0,0,0,0,2,0,8.30351E+20,5.66903E+21,1.37169E+16,5.10774E+16
63982,,14,6,12,0,2017,7,13,2,3,5,3,1,1,0,0,0,0,0,8.31973E+20,5.66521E+21,1.37364E+16,5.10423E+16
63983,,14,6,12,0,2017,7,22,2,3,6,4,0,0,1,0,1,2,0,8.32564E+20,5.66808E+21,1.37475E+16,5.10677E+16
63984,,14,6,12,0,2017,7,8,2,2,5,3,1,0,0,0,1,0,0,8.27847E+20,5.66721E+21,1.36796E+16,5.10626E+16
63985,,14,5,21,390,2017,7,18,2,2,2,6,0,1,0,0,0,0,1,7.94276E+20,5.61918E+21,1.31633E+16,5.065E+16
63986,,14,5,21,390,2017,7,5,2,3,9,1,0,1,0,0,0,0,1,7.95482E+20,5.62421E+21,1.31843E+16,5.06945E+16
63987,,14,6,12,0,2017,7,6,6,2,3,7,0,1,0,1,0,0,0,8.3166E+20,5.66779E+21,1.37344E+16,5.10656E+16
63988,,14,6,12,0,2017,7,22,6,3,5,2,0,1,0,1,0,2,1,8.33529E+20,5.67383E+21,1.37665E+16,5.11187E+16
63989,,14,5,21,30,2017,7,13,6,3,4,2,1,1,0,0,0,0,0,7.61024E+20,5.61101E+21,1.26882E+16,5.05925E+16
63990,,14,5,21,550,2017,7,17,6,2,9,1,0,1,0,0,0,0,1,7.64889E+20,5.60212E+21,1.27364E+16,5.05111E+16
63991,,14,5,21,440,2017,7,12,6,3,4,6,0,1,0,0,0,0,0,7.83773E+20,5.5946E+21,1.29964E+16,5.04347E+16
63992,,14,5,11,0,2017,7,9,6,3,0,3,0,1,0,0,0,0,0,7.6875E+20,5.63892E+21,1.28174E+16,5.08394E+16
63993,,14,5,24,280,2017,7,18,6,2,8,1,0,1,0,0,0,0,1,7.57083E+20,5.63594E+21,1.265E+16,5.0818E+16
63994,,14,5,22,180,2017,7,19,2,3,5,3,0,1,0,0,0,0,0,8.04911E+20,5.64787E+21,1.33371E+16,5.09019E+16
63995,,14,5,11,0,2017,7,16,6,2,5,3,0,1,0,1,0,0,0,7.78563E+20,5.64103E+21,1.29581E+16,5.08538E+16
63996,,14,5,24,330,2017,7,17,1,3,5,2,0,1,0,0,0,0,0,7.45014E+20,5.62061E+21,1.24688E+16,5.06856E+16
63997,,14,5,21,30,2017,7,11,6,3,5,3,0,1,0,1,0,0,0,7.62431E+20,5.6115E+21,1.27084E+16,5.05963E+16
63998,,14,5,23,160,2017,7,14,1,3,2,6,0,1,0,0,0,0,0,7.44398E+20,5.58381E+21,1.2436E+16,5.03555E+16
63999,,14,5,24,330,2017,7,11,5,3,2,6,0,1,0,0,0,0,0,7.47129E+20,5.62292E+21,1.25002E+16,5.07055E+16
64000,,14,5,24,300,2017,7,18,5,3,9,6,0,1,0,0,0,0,0,7.40186E+20,5.62701E+21,1.24047E+16,5.07451E+16
64001,,14,7,30,20,2017,7,11,5,3,8,7,0,1,0,0,0,0,0,7.4524E+20,5.71872E+21,1.25387E+16,5.15661E+16
64002,,14,7,30,270,2017,7,15,5,3,1,6,0,1,0,0,0,0,0,7.212E+20,5.69915E+21,1.21802E+16,5.14004E+16
64003,,14,7,13,0,2017,7,15,5,3,1,6,0,1,0,0,1,0,0,7.35108E+20,5.69704E+21,1.23784E+16,5.13758E+16
64004,,14,6,25,200,2017,7,16,5,3,4,6,1,0,0,0,0,0,0,8.52862E+20,5.67784E+21,1.40456E+16,5.1143E+16
64005,,14,6,26,190,2017,7,20,5,3,8,1,0,0,0,1,0,0,0,8.92951E+20,5.69578E+21,1.46357E+16,5.12775E+16
64006,,14,6,26,580,2017,7,15,5,2,3,2,1,1,0,0,0,0,0,9.03314E+20,5.69021E+21,1.47772E+16,5.12204E+16
64007,,14,6,27,260,2017,7,16,5,3,5,3,0,1,0,0,1,0,0,7.96868E+20,5.68828E+21,1.32562E+16,5.12684E+16
64008,,14,6,12,0,2017,7,16,5,3,5,3,1,1,0,0,0,0,0,8.31061E+20,5.6655E+21,1.37237E+16,5.10454E+16
64009,,14,6,28,20,2017,7,4,5,2,8,1,0,0,0,0,1,1,0,8.44199E+20,5.64141E+21,1.38877E+16,5.08218E+16
64010,,14,6,12,0,2017,7,16,5,3,5,2,1,1,0,0,1,0,0,8.28034E+20,5.66567E+21,1.36809E+16,5.10487E+16
64011,,14,5,11,0,2017,7,6,5,3,5,3,0,1,0,1,0,0,0,7.78563E+20,5.64103E+21,1.29581E+16,5.08538E+16
64012,,14,5,21,590,2017,7,14,5,3,4,1,0,1,0,0,0,0,0,7.68777E+20,5.62377E+21,1.28067E+16,5.07035E+16
64013,,14,5,24,200,2017,7,14,4,2,0,7,0,1,0,0,0,0,1,7.52176E+20,5.62686E+21,1.25742E+16,5.07386E+16
64014,,14,5,24,330,2017,7,10,4,3,5,3,0,1,0,0,0,0,0,7.44082E+20,5.62427E+21,1.2458E+16,5.07189E+16
64015,,14,5,24,180,2017,7,15,4,3,2,6,0,1,0,0,0,0,1,7.61404E+20,5.64323E+21,1.27164E+16,5.08815E+16
64016,,14,7,13,0,2017,7,12,4,3,7,7,1,0,0,0,0,0,1,7.37324E+20,5.69088E+21,1.2406E+16,5.13196E+16
64017,,14,7,30,280,2017,7,15,4,3,5,3,0,1,0,0,0,0,0,7.38893E+20,5.71291E+21,1.24434E+16,5.15167E+16
64018,,14,7,13,0,2017,7,20,4,3,5,3,0,1,0,0,0,1,1,7.34945E+20,5.69023E+21,1.23715E+16,5.13148E+16
64019,,14,6,26,180,2017,7,18,4,3,5,3,0,1,0,0,0,0,1,9.02518E+20,5.66762E+21,1.47407E+16,5.10189E+16
64020,,14,6,25,20,2017,7,5,4,3,2,6,0,0,0,0,1,0,0,8.7443E+20,5.68489E+21,1.436E+16,5.11925E+16
64021,,14,6,25,120,2017,7,5,4,2,5,2,0,1,0,0,0,0,0,8.61675E+20,5.71343E+21,1.42071E+16,5.14562E+16
64022,,14,5,24,170,2017,7,17,1,2,8,1,0,0,0,1,0,0,0,7.38974E+20,5.61823E+21,1.23819E+16,5.06668E+16
64023,,14,7,30,230,2017,7,11,1,2,5,3,0,1,0,1,0,0,0,7.8811E+20,5.68928E+21,1.31318E+16,5.12819E+16
64024,,14,7,29,160,2017,7,6,1,3,9,1,0,1,0,0,0,0,0,7.60966E+20,5.6861E+21,1.27411E+16,5.12664E+16
64025,,14,7,29,80,2017,7,18,1,3,8,1,0,1,0,0,0,0,0,7.64368E+20,5.67239E+21,1.27797E+16,5.11418E+16
64026,,14,7,29,400,2017,7,1,1,3,8,1,0,1,0,0,0,2,0,7.63316E+20,5.68847E+21,1.27765E+16,5.12866E+16
64027,,14,7,13,0,2017,7,11,1,3,5,2,1,0,0,0,1,0,0,7.36471E+20,5.69226E+21,1.23947E+16,5.13323E+16
64028,,14,7,13,0,2017,7,12,1,3,2,2,0,1,0,0,0,0,0,7.39892E+20,5.69447E+21,1.24452E+16,5.13507E+16
64029,,14,7,29,270,2017,7,11,1,3,2,6,0,1,0,0,0,0,0,7.25622E+20,5.68731E+21,1.22361E+16,5.12923E+16
64030,,14,7,30,340,2017,7,17,1,2,3,6,0,1,0,1,0,0,0,7.2231E+20,5.70218E+21,1.2198E+16,5.14271E+16
64031,,14,6,26,420,2017,7,18,1,2,8,1,0,0,0,1,0,0,0,9.14736E+20,5.66636E+21,1.49125E+16,5.09989E+16
64032,,14,6,26,500,2017,7,9,1,3,5,3,1,1,0,0,0,0,0,9.13751E+20,5.67199E+21,1.4905E+16,5.105E+16
64033,,14,6,26,100,2017,7,15,1,3,3,6,1,0,0,0,1,0,0,8.88947E+20,5.72447E+21,1.461E+16,5.1537E+16
64034,,14,6,27,230,2017,7,22,4,3,9,1,0,1,0,0,0,2,1,8.01606E+20,5.69066E+21,1.33259E+16,5.12872E+16
64035,,14,6,25,380,2017,7,0,1,3,6,4,0,1,1,0,0,2,0,8.72086E+20,5.67373E+21,1.4315E+16,5.10941E+16
64036,,14,6,28,50,2017,7,12,4,3,5,3,1,1,0,0,0,0,0,8.31712E+20,5.65617E+21,1.37245E+16,5.09614E+16
64037,,14,6,12,0,2017,7,20,4,3,5,2,1,1,0,0,0,1,1,8.33858E+20,5.66314E+21,1.37613E+16,5.10227E+16
64038,,14,6,28,30,2017,7,10,1,2,0,1,0,0,0,1,0,0,0,8.60988E+20,5.6538E+21,1.41374E+16,5.09227E+16
64039,,14,6,12,0,2017,7,14,4,3,3,6,0,1,0,0,1,0,0,8.34382E+20,5.66283E+21,1.37685E+16,5.10196E+16
64040,,14,6,28,30,2017,7,11,1,3,0,1,1,0,0,0,0,0,0,8.62745E+20,5.65423E+21,1.41627E+16,5.09254E+16
64041,,14,6,12,0,2017,7,16,4,3,2,6,0,1,0,0,0,0,1,8.3211E+20,5.667E+21,1.374E+16,5.10582E+16
64042,,14,5,21,90,2017,7,1,1,2,8,1,0,1,0,0,0,2,0,7.92227E+20,5.62983E+21,1.31428E+16,5.07465E+16
64043,,14,5,22,430,2017,7,10,1,3,0,6,1,1,0,0,0,0,0,7.98536E+20,5.64748E+21,1.32463E+16,5.09017E+16
64044,,14,5,21,530,2017,7,15,1,2,8,1,0,1,0,0,0,0,0,7.55302E+20,5.61197E+21,1.26082E+16,5.06037E+16
64045,,14,5,21,110,2017,7,13,1,3,5,3,0,1,0,1,0,0,0,7.66429E+20,5.60116E+21,1.27573E+16,5.05017E+16
64046,,14,5,21,30,2017,7,1,1,3,9,1,0,1,0,0,0,2,0,7.63241E+20,5.61085E+21,1.27193E+16,5.05901E+16
64047,,14,6,27,220,2017,7,8,4,3,9,6,0,1,0,0,1,0,0,8.31928E+20,5.67694E+21,1.37466E+16,5.11474E+16
64048,,14,5,21,460,2017,7,9,4,3,1,6,0,1,0,0,0,0,0,8.06645E+20,5.62092E+21,1.33392E+16,5.06592E+16
64049,,14,5,11,0,2017,7,17,1,3,0,1,0,0,0,1,0,0,0,7.78571E+20,5.63664E+21,1.29548E+16,5.08144E+16
64050,,14,5,21,270,2017,7,11,1,2,4,6,0,0,0,1,0,0,0,7.88404E+20,5.63249E+21,1.30908E+16,5.07723E+16
64051,,14,5,22,400,2017,7,10,4,2,8,1,0,0,0,1,0,0,0,8.14435E+20,5.6254E+21,1.34528E+16,5.06952E+16
64052,,14,5,22,110,2017,7,16,4,2,9,1,0,1,0,0,0,0,1,8.01888E+20,5.63575E+21,1.32842E+16,5.07947E+16
64053,,14,5,22,430,2017,7,17,4,3,8,1,0,1,0,0,0,0,1,7.99615E+20,5.64771E+21,1.32618E+16,5.09032E+16
64054,,14,5,21,80,2017,7,18,4,3,8,1,0,1,0,0,0,0,1,7.60185E+20,5.60675E+21,1.26734E+16,5.05547E+16
64055,,14,5,11,0,2017,7,15,4,3,2,6,0,1,0,0,1,0,1,7.75001E+20,5.63928E+21,1.29063E+16,5.08397E+16
64056,,14,5,11,0,2017,7,17,4,2,4,2,1,1,0,0,0,0,1,7.78563E+20,5.64103E+21,1.29581E+16,5.08538E+16
64057,,14,5,21,120,2017,7,21,4,2,0,7,0,1,0,0,0,1,1,7.76812E+20,5.6279E+21,1.29234E+16,5.07368E+16
64058,,14,7,30,210,2017,7,23,7,2,6,6,0,1,1,0,0,2,0,7.90566E+20,5.68562E+21,1.31639E+16,5.12478E+16
64059,,14,5,24,60,2017,7,11,3,2,9,7,0,1,0,0,0,0,0,7.38017E+20,5.62305E+21,1.23715E+16,5.07105E+16
64060,,14,5,23,320,2017,7,10,3,3,5,7,0,1,0,0,1,0,0,7.24281E+20,5.59427E+21,1.21599E+16,5.04575E+16
64061,,14,7,30,150,2017,7,15,7,2,8,1,0,1,0,0,0,0,0,7.40126E+20,5.70852E+21,1.24581E+16,5.14768E+16
64062,,14,5,23,270,2017,7,9,3,2,9,1,0,0,0,1,0,0,1,7.30327E+20,5.60224E+21,1.22498E+16,5.05267E+16
64063,,14,7,29,160,2017,7,22,7,3,0,1,1,0,0,0,0,2,0,7.73435E+20,5.68566E+21,1.29191E+16,5.12566E+16
64064,,14,5,23,310,2017,7,12,3,3,3,2,0,1,0,1,0,0,1,7.12095E+20,5.60736E+21,1.19959E+16,5.05796E+16
64065,,14,7,30,10,2017,7,16,3,2,8,1,0,1,0,0,0,0,1,7.90611E+20,5.71298E+21,1.31869E+16,5.14931E+16
64066,,14,7,29,10,2017,7,19,3,2,5,3,0,1,0,0,0,0,0,7.58264E+20,5.66841E+21,1.26897E+16,5.11088E+16
64067,,14,7,29,160,2017,7,13,3,3,2,2,0,1,0,0,0,0,0,7.59931E+20,5.68262E+21,1.27238E+16,5.12356E+16
64068,,14,7,13,0,2017,7,8,3,3,2,6,0,1,0,0,0,0,0,7.3207E+20,5.69245E+21,1.23318E+16,5.13359E+16
64069,,14,7,13,0,2017,7,20,3,3,4,6,1,0,0,0,0,0,0,7.36398E+20,5.69451E+21,1.23952E+16,5.13526E+16
64070,,14,7,13,0,2017,7,23,3,3,6,4,0,0,1,0,1,2,0,7.3539E+20,5.69353E+21,1.23801E+16,5.13443E+16
64071,,14,7,29,220,2017,7,8,3,3,5,3,0,1,0,0,0,0,0,7.48599E+20,5.67344E+21,1.25554E+16,5.11583E+16
64072,,14,6,26,400,2017,7,19,3,3,8,7,0,0,0,1,0,1,1,9.05538E+20,5.6512E+21,1.47653E+16,5.08698E+16
64073,,14,6,25,310,2017,7,10,3,3,3,7,0,1,0,0,0,0,0,8.5293E+20,5.71351E+21,1.40818E+16,5.14624E+16
64074,,14,6,26,30,2017,7,17,7,2,5,3,0,1,0,1,0,0,0,9.11482E+20,5.66976E+21,1.48703E+16,5.10317E+16
64075,,14,6,26,60,2017,7,19,7,2,8,1,0,0,0,1,0,0,0,8.92605E+20,5.70029E+21,1.46357E+16,5.1318E+16
64076,,14,6,25,200,2017,7,3,7,3,8,1,1,0,0,0,0,2,0,8.52476E+20,5.67772E+21,1.404E+16,5.11421E+16
64077,,14,6,25,480,2017,7,22,7,3,7,7,0,0,0,1,0,2,0,8.45512E+20,5.6757E+21,1.39389E+16,5.11283E+16
64078,,14,6,26,580,2017,7,10,7,3,5,3,0,1,0,0,0,0,0,9.05664E+20,5.69698E+21,1.48184E+16,5.12793E+16
64079,,14,6,26,520,2017,7,3,7,3,6,4,0,1,1,0,0,2,0,9.14801E+20,5.68555E+21,1.49355E+16,5.11705E+16
64080,,14,6,25,360,2017,7,9,7,3,5,3,0,1,0,0,0,0,0,8.7152E+20,5.6935E+21,1.43274E+16,5.12714E+16
64081,,14,6,27,170,2017,7,9,7,3,8,1,0,1,0,0,0,0,0,8.21174E+20,5.68251E+21,1.35983E+16,5.12035E+16
64082,,14,6,12,0,2017,7,15,7,3,0,1,0,0,0,1,0,0,0,8.32073E+20,5.66703E+21,1.37395E+16,5.10586E+16
64083,,14,6,12,0,2017,7,1,7,3,0,1,1,0,0,0,0,2,0,8.31961E+20,5.66849E+21,1.37393E+16,5.10717E+16
64084,,14,5,22,360,2017,7,17,7,3,5,3,0,1,0,0,0,0,0,7.79001E+20,5.65589E+21,1.29756E+16,5.09869E+16
64085,,14,5,21,390,2017,7,15,7,2,5,3,0,1,0,0,0,0,0,7.91564E+20,5.61926E+21,1.31251E+16,5.06521E+16
64086,,14,5,22,180,2017,7,20,7,2,0,1,0,0,0,1,0,0,0,8.05715E+20,5.64965E+21,1.33499E+16,5.09173E+16
64087,,14,6,25,290,2017,7,13,3,3,8,1,0,1,0,0,0,0,1,8.84154E+20,5.67889E+21,1.44921E+16,5.11323E+16
64088,,14,5,11,0,2017,7,10,7,3,2,2,0,1,0,0,0,0,0,7.77965E+20,5.63858E+21,1.29477E+16,5.08321E+16
64089,,14,5,22,460,2017,7,12,7,3,5,3,0,1,0,0,0,0,0,7.5863E+20,5.6499E+21,1.26818E+16,5.09426E+16
64090,,14,6,28,50,2017,7,10,3,3,2,6,0,1,0,0,0,0,1,8.31728E+20,5.66159E+21,1.37297E+16,5.101E+16
64091,,14,5,24,30,2017,7,1,6,3,9,1,0,1,0,0,0,2,1,7.30508E+20,5.63129E+21,1.22705E+16,5.07875E+16
64092,,14,5,23,160,2017,7,11,6,3,1,2,0,1,0,0,0,0,0,7.4676E+20,5.58405E+21,1.24693E+16,5.03567E+16
64093,,14,7,30,70,2017,7,7,6,3,5,3,0,1,0,0,0,0,0,7.32533E+20,5.71319E+21,1.2352E+16,5.15219E+16
64094,,14,7,13,0,2017,7,18,6,3,3,2,0,1,0,1,0,0,0,7.36985E+20,5.69137E+21,1.24015E+16,5.13242E+16
64095,,14,7,29,300,2017,7,15,6,2,3,7,1,1,0,0,0,0,0,7.48247E+20,5.68618E+21,1.25592E+16,5.12728E+16
64096,,14,7,13,0,2017,7,18,6,3,3,2,1,0,0,0,1,0,0,7.36417E+20,5.69274E+21,1.23943E+16,5.13367E+16
64097,,14,6,25,430,2017,7,13,6,3,5,3,1,1,0,0,0,0,0,8.37195E+20,5.68041E+21,1.38249E+16,5.11754E+16
64098,,14,6,25,20,2017,7,16,6,3,5,3,0,1,0,0,0,0,0,8.80293E+20,5.68343E+21,1.44419E+16,5.11755E+16
64099,,14,6,28,380,2017,7,18,6,3,5,3,0,1,0,0,1,0,0,8.57008E+20,5.66303E+21,1.409E+16,5.10078E+16
64100,,14,6,27,210,2017,7,21,6,2,9,1,0,0,0,1,0,2,0,8.26071E+20,5.67192E+21,1.36586E+16,5.11058E+16
64101,,14,6,12,0,2017,7,16,3,3,2,6,0,1,0,0,0,0,1,8.38467E+20,5.66782E+21,1.38312E+16,5.10619E+16
64102,,14,6,12,0,2017,7,12,3,3,9,1,0,0,0,1,0,0,1,8.43501E+20,5.66651E+21,1.39015E+16,5.10472E+16
64103,,14,6,12,0,2017,7,6,3,2,0,2,1,1,0,0,0,0,0,8.28499E+20,5.6683E+21,1.36899E+16,5.1072E+16
64104,,14,6,12,0,2017,7,10,3,3,5,2,1,1,0,0,1,0,1,8.3117E+20,5.66706E+21,1.37267E+16,5.10593E+16
64105,,14,6,27,100,2017,7,16,3,3,2,2,0,1,0,0,1,0,0,8.13317E+20,5.673E+21,1.34779E+16,5.11226E+16
64106,,14,6,12,0,2017,7,4,6,3,0,4,1,0,1,0,0,2,1,8.30179E+20,5.66924E+21,1.37146E+16,5.10795E+16
64107,,14,5,22,480,2017,7,11,3,2,9,1,0,1,0,0,0,0,1,8.03435E+20,5.6612E+21,1.33272E+16,5.10221E+16
64108,,14,5,21,30,2017,7,9,3,3,5,3,0,1,0,0,0,0,1,7.62479E+20,5.61144E+21,1.2709E+16,5.05957E+16
64109,,14,6,12,0,2017,7,20,6,3,0,1,1,0,0,0,0,0,0,8.2521E+20,5.669E+21,1.36437E+16,5.10801E+16
64110,,14,5,24,330,2017,7,15,2,3,5,3,0,1,0,0,0,0,0,7.45932E+20,5.62399E+21,1.2484E+16,5.07156E+16
64111,,14,6,12,0,2017,7,14,6,3,2,6,0,1,0,0,0,0,0,8.39626E+20,5.66779E+21,1.38476E+16,5.10609E+16
64112,,14,6,12,0,2017,7,10,6,3,3,6,0,1,0,0,0,0,0,8.32005E+20,5.67348E+21,1.37445E+16,5.11164E+16
64113,,14,5,21,700,2017,7,14,6,3,2,2,0,1,0,0,0,0,0,7.58477E+20,5.60817E+21,1.26503E+16,5.05682E+16
64114,,14,5,23,200,2017,7,18,2,3,2,2,0,1,0,0,0,0,0,7.35458E+20,5.5783E+21,1.23071E+16,5.03097E+16
64115,,14,7,29,160,2017,7,19,2,3,9,1,0,0,0,0,1,0,1,7.65818E+20,5.68205E+21,1.28075E+16,5.12278E+16
64116,,14,7,29,50,2017,7,13,2,3,8,1,0,1,0,0,0,0,0,7.42834E+20,5.66576E+21,1.2468E+16,5.10919E+16
64117,,14,7,29,320,2017,7,4,2,3,8,6,1,1,0,0,0,2,0,7.39259E+20,5.67104E+21,1.24205E+16,5.11407E+16
64118,,14,7,13,0,2017,7,9,2,3,5,3,1,1,0,0,0,0,1,7.37353E+20,5.69024E+21,1.2406E+16,5.13139E+16
64119,,14,7,29,160,2017,7,18,2,3,3,3,0,1,0,0,0,0,0,7.60329E+20,5.68505E+21,1.27312E+16,5.12572E+16
64120,,14,6,26,60,2017,7,14,2,3,2,6,0,1,0,0,1,0,0,8.82402E+20,5.7072E+21,1.44974E+16,5.13868E+16
64121,,14,6,26,230,2017,7,13,2,3,5,3,0,1,0,0,0,0,0,9.11274E+20,5.69197E+21,1.48926E+16,5.12304E+16
64122,,14,6,25,240,2017,7,6,2,1,4,6,0,0,0,0,1,0,0,8.57805E+20,5.70781E+21,1.4146E+16,5.14083E+16
64123,,14,5,23,365,2017,7,22,5,3,6,4,0,1,1,0,0,2,1,7.12903E+20,5.60547E+21,1.20062E+16,5.05623E+16
64124,,14,5,24,330,2017,7,15,5,3,5,3,0,1,0,0,0,0,0,7.45565E+20,5.6237E+21,1.24786E+16,5.07131E+16
64125,,14,7,30,110,2017,7,13,5,3,2,6,0,0,0,1,0,0,0,7.46322E+20,5.70658E+21,1.25458E+16,5.14567E+16
64126,,14,7,29,400,2017,7,15,5,3,0,3,1,1,0,0,0,0,0,7.61768E+20,5.68834E+21,1.27542E+16,5.12861E+16
64127,,14,7,29,245,2017,7,9,5,2,5,3,1,1,0,0,0,0,0,7.70092E+20,5.7023E+21,1.28839E+16,5.14075E+16
64128,,14,7,13,0,2017,7,17,5,3,2,6,0,1,0,1,0,0,0,7.33914E+20,5.69322E+21,1.23587E+16,5.13421E+16
64129,,14,6,26,530,2017,7,13,5,2,5,3,0,1,0,0,0,0,0,8.93595E+20,5.6577E+21,1.46034E+16,5.09362E+16
64130,,14,6,25,480,2017,7,17,5,3,2,6,0,1,0,0,0,0,0,8.4528E+20,5.67531E+21,1.39352E+16,5.11249E+16
64131,,14,6,26,320,2017,7,5,5,3,7,7,0,1,0,0,0,1,1,8.94522E+20,5.69729E+21,1.46597E+16,5.12899E+16