OBJECTID,UIDENTSTLA,ULAND,UREGBEZ,UKREIS,UGEMEINDE,UJAHR,UMONAT,USTUNDE,UWOCHENTAG,UKATEGORIE,UART,UTYP1,IstRad,IstPKW,IstFuss,IstKrad,IstSonstig,LICHT,STRZUSTAND,LINREFX,LINREFY,XGCSWGS84,YGCSWGS84
64322,,14,5,11,0,2017,9,20,1,2,3,6,1,1,0,0,0,1,0,7.76741E+20,5.63895E+21,1.29307E+16,5.0836E+16
64323,,14,5,24,110,2017,9,16,6,3,2,6,0,1,0,0,1,0,0,7.41453E+20,5.61312E+21,1.24136E+16,5.06199E+16
64324,,14,5,22,440,2017,9,19,1,1,5,2,0,1,0,1,0,0,0,7.94734E+20,5.64355E+21,1.31892E+16,5.08684E+16
64325,,14,5,21,560,2017,9,12,1,3,8,1,0,1,0,0,0,0,0,7.85374E+20,5.60483E+21,1.30266E+16,5.05257E+16
64326,,14,5,21,30,2017,9,17,1,2,4,2,0,1,0,1,0,0,0,7.62911E+20,5.61102E+21,1.27148E+16,5.05918E+16
64327,,14,5,24,170,2017,9,17,7,3,5,3,0,1,0,1,0,0,0,7.42554E+20,5.61869E+21,1.24327E+16,5.06694E+16
64328,,14,6,25,20,2017,9,14,6,3,2,6,0,1,0,0,0,0,0,8.79265E+20,5.68247E+21,1.44263E+16,5.11675E+16
64329,,14,5,23,320,2017,9,12,7,3,2,6,0,1,0,1,0,0,0,7.21932E+20,5.59975E+21,1.21301E+16,5.05076E+16
64330,,14,5,23,320,2017,9,14,7,2,5,3,0,1,0,0,0,0,0,7.19349E+20,5.60293E+21,1.20956E+16,5.05372E+16
64331,,14,6,25,380,2017,9,20,6,3,2,6,0,1,0,0,0,2,0,8.72113E+20,5.67372E+21,1.43154E+16,5.1094E+16
64332,,14,5,24,200,2017,9,6,7,2,4,2,0,1,0,0,0,2,0,7.47013E+20,5.62958E+21,1.2503E+16,5.07653E+16
64333,,14,7,29,245,2017,9,14,7,3,5,3,0,1,0,1,0,0,0,7.62611E+20,5.7005E+21,1.27753E+16,5.13948E+16
64334,,14,6,25,420,2017,9,19,6,2,2,6,0,1,0,0,1,1,0,8.56952E+20,5.7014E+21,1.41273E+16,5.13515E+16
64335,,14,7,30,340,2017,9,6,7,3,8,7,0,1,0,0,0,0,0,7.23426E+20,5.70598E+21,1.22164E+16,5.14609E+16
64336,,14,7,29,430,2017,9,14,7,2,4,6,0,1,0,1,0,0,0,7.28796E+20,5.67921E+21,1.22764E+16,5.12183E+16
64337,,14,5,23,300,2017,9,7,6,3,4,7,0,1,0,0,0,0,1,7.23776E+20,5.58661E+21,1.21482E+16,5.03889E+16
64338,,14,6,25,230,2017,9,21,7,3,2,7,0,1,0,0,0,2,0,8.92787E+20,5.67929E+21,1.46153E+16,5.113E+16
64339,,14,6,26,600,2017,9,22,7,3,0,1,1,0,0,0,0,2,0,8.9078E+20,5.72002E+21,1.46313E+16,5.14959E+16
64340,,14,6,25,560,2017,9,8,7,3,4,2,0,1,0,0,1,0,1,8.78442E+20,5.66934E+21,1.44008E+16,5.10506E+16
64341,,14,5,24,180,2017,9,5,7,3,2,2,0,1,0,0,0,2,0,7.66915E+20,5.64005E+21,1.27922E+16,5.08505E+16
64342,,14,6,27,10,2017,9,16,7,3,1,7,0,1,0,0,1,0,0,8.17845E+20,5.67422E+21,1.35435E+16,5.1131E+16
64343,,14,7,30,140,2017,9,14,1,3,1,6,0,1,0,0,0,0,0,7.46309E+20,5.7014E+21,1.2542E+16,5.14102E+16
64344,,14,6,28,150,2017,9,12,7,3,9,1,0,1,0,0,0,0,1,8.25357E+20,5.63623E+21,1.36166E+16,5.07863E+16
64345,,14,6,12,0,2017,9,6,7,3,9,1,0,1,0,0,0,0,1,8.31443E+20,5.66701E+21,1.37306E+16,5.10588E+16
64346,,14,6,12,0,2017,9,20,7,1,6,4,0,1,1,0,0,2,0,8.3845E+20,5.66782E+21,1.38309E+16,5.10619E+16
64347,,14,5,24,200,2017,9,21,6,2,5,3,0,1,0,1,0,2,0,7.52208E+20,5.62689E+21,1.25747E+16,5.07389E+16
64348,,14,6,26,300,2017,8,16,2,3,5,3,1,1,0,0,0,0,0,9.12123E+20,5.68274E+21,1.48941E+16,5.11473E+16
64349,,14,5,24,30,2017,9,9,6,3,8,1,0,1,0,0,0,0,0,7.39463E+20,5.63306E+21,1.23984E+16,5.07997E+16
64350,,14,5,23,80,2017,9,15,6,3,8,7,0,1,0,0,0,0,0,7.24646E+20,5.57972E+21,1.21563E+16,5.03267E+16
64351,,14,5,23,320,2017,9,13,6,2,8,7,0,1,0,0,0,0,0,7.23186E+20,5.59614E+21,1.21456E+16,5.04747E+16
64352,,14,5,21,590,2017,9,8,3,2,2,6,0,1,0,0,0,0,0,7.63993E+20,5.62287E+21,1.27385E+16,5.06977E+16
64353,,14,5,23,230,2017,9,12,6,2,4,1,0,1,0,0,1,0,1,7.29256E+20,5.5886E+21,1.22264E+16,5.04046E+16
64354,,14,6,26,110,2017,8,11,2,3,0,1,1,0,0,0,0,0,0,9.18458E+20,5.68178E+21,1.49831E+16,5.11341E+16
64355,,14,6,25,190,2017,9,13,4,3,5,3,1,1,0,0,0,0,0,8.80528E+20,5.67963E+21,1.44413E+16,5.11413E+16
64356,,14,5,24,130,2017,9,10,6,3,2,6,0,1,0,0,0,0,1,7.46097E+20,5.61293E+21,1.2479E+16,5.06162E+16
64357,,14,6,26,110,2017,8,16,2,3,5,3,1,1,0,0,0,0,0,9.17457E+20,5.68358E+21,1.49709E+16,5.11509E+16
64358,,14,5,22,540,2017,9,12,5,3,8,1,0,1,0,0,0,0,1,7.92185E+20,5.65823E+21,1.31649E+16,5.10013E+16
64359,,14,7,30,300,2017,9,16,6,3,3,6,0,1,0,0,1,0,0,7.41733E+20,5.6969E+21,1.24733E+16,5.13718E+16
64360,,14,6,25,340,2017,8,11,2,3,9,1,0,1,0,0,0,0,0,8.9052E+20,5.68907E+21,1.45937E+16,5.12191E+16
64361,,14,6,25,450,2017,9,14,6,2,5,3,0,0,0,0,1,0,0,8.50442E+20,5.68284E+21,1.4016E+16,5.11893E+16
64362,,14,6,25,250,2017,8,10,2,2,4,2,0,0,0,1,1,0,0,8.56575E+20,5.69523E+21,1.41158E+16,5.12964E+16
64363,,14,6,28,60,2017,8,8,2,2,8,1,0,1,0,0,0,0,0,8.25332E+20,5.63621E+21,1.36162E+16,5.07862E+16
64364,,14,6,28,270,2017,9,18,6,3,5,2,1,1,0,0,0,0,0,8.47378E+20,5.65699E+21,1.39475E+16,5.09596E+16
64365,,14,6,28,130,2017,8,8,2,3,2,2,0,1,0,0,1,0,0,8.38314E+20,5.6486E+21,1.38111E+16,5.08898E+16
64366,,14,6,28,220,2017,8,7,2,2,8,7,0,0,0,1,0,0,0,8.35425E+20,5.65759E+21,1.37785E+16,5.0972E+16
64367,,14,6,28,20,2017,9,16,6,2,0,7,0,0,0,1,0,0,0,8.50715E+20,5.64167E+21,1.39802E+16,5.08203E+16
64368,,14,6,12,0,2017,8,7,2,3,2,1,0,1,0,1,0,0,0,8.31379E+20,5.66814E+21,1.37307E+16,5.10689E+16
64369,,14,6,12,0,2017,8,13,2,3,5,3,0,1,0,0,0,0,0,8.32038E+20,5.6675E+21,1.37395E+16,5.10628E+16
64370,,14,6,12,0,2017,8,13,2,2,5,3,0,1,0,1,0,0,0,8.33531E+20,5.66344E+21,1.3757E+16,5.10255E+16
64371,,14,6,27,100,2017,8,12,2,3,2,6,0,1,0,0,0,0,0,8.08754E+20,5.66574E+21,1.34067E+16,5.106E+16
64372,,14,6,27,100,2017,8,16,2,3,2,6,0,1,0,0,0,0,0,8.12851E+20,5.666E+21,1.34652E+16,5.10601E+16
64373,,14,6,12,0,2017,8,17,2,2,3,7,0,1,0,0,1,0,0,8.28408E+20,5.66953E+21,1.36897E+16,5.10831E+16
64374,,14,6,12,0,2017,8,10,2,2,5,2,0,1,0,0,0,0,0,8.31728E+20,5.67021E+21,1.37376E+16,5.10873E+16
64375,,14,5,22,230,2017,8,15,2,3,3,6,0,1,0,0,1,0,0,7.8929E+20,5.65698E+21,1.31227E+16,5.09916E+16
64376,,14,5,22,180,2017,8,14,2,2,4,2,0,1,0,1,0,0,0,8.03498E+20,5.64854E+21,1.33176E+16,5.09086E+16
64377,,14,7,29,400,2017,9,16,6,2,5,3,0,1,0,1,0,0,0,7.62661E+20,5.68904E+21,1.27675E+16,5.1292E+16
64378,,14,5,24,330,2017,8,16,1,2,4,6,0,1,0,1,0,0,0,7.42144E+20,5.62986E+21,1.24343E+16,5.07699E+16
64379,,14,5,23,80,2017,8,13,1,3,2,6,0,1,0,1,0,0,0,7.25059E+20,5.58065E+21,1.21627E+16,5.03349E+16
64380,,14,5,24,180,2017,8,3,1,2,0,1,1,0,0,0,0,2,0,7.64494E+20,5.63745E+21,1.2756E+16,5.08283E+16
64381,,14,5,24,80,2017,8,21,1,3,3,6,1,1,0,0,0,1,0,7.48513E+20,5.63611E+21,1.25287E+16,5.08233E+16
64382,,14,5,24,130,2017,8,17,1,2,4,6,1,1,0,0,0,0,0,7.43108E+20,5.60895E+21,1.24342E+16,5.05818E+16
64383,,14,5,23,450,2017,8,15,1,2,0,7,0,0,0,1,0,0,0,7.13322E+20,5.59364E+21,1.20053E+16,5.04559E+16
64384,,14,7,29,430,2017,8,16,1,2,5,3,0,1,0,1,0,0,0,7.31942E+20,5.67726E+21,1.23201E+16,5.11996E+16
64385,,14,7,13,0,2017,8,22,1,3,5,3,0,0,0,1,1,2,0,7.35855E+20,5.69371E+21,1.23869E+16,5.13457E+16
64386,,14,7,13,0,2017,8,14,1,3,5,3,0,1,0,0,0,0,0,7.36162E+20,5.6944E+21,1.23917E+16,5.13518E+16
64387,,14,7,29,260,2017,8,0,1,3,8,1,0,1,0,0,0,2,0,7.38733E+20,5.68302E+21,1.2421E+16,5.12485E+16
64388,,14,6,28,80,2017,9,13,6,3,5,2,0,1,0,0,1,0,0,8.36757E+20,5.65504E+21,1.3795E+16,5.09484E+16
64389,,14,7,29,60,2017,9,19,6,3,5,3,1,1,0,0,0,1,0,7.46618E+20,5.69515E+21,1.25421E+16,5.1354E+16
64390,,14,7,30,70,2017,9,13,6,3,5,3,0,1,0,0,1,0,0,7.28804E+20,5.71384E+21,1.22988E+16,5.15293E+16
64391,,14,6,27,10,2017,9,10,6,3,1,5,0,1,0,0,0,0,0,8.17596E+20,5.67439E+21,1.35401E+16,5.11327E+16
64392,,14,6,26,490,2017,9,16,6,3,5,3,0,1,0,0,0,0,1,8.84462E+20,5.72522E+21,1.45464E+16,5.15467E+16
64393,,14,6,25,430,2017,9,6,6,2,2,6,1,1,0,0,0,0,1,8.36999E+20,5.67979E+21,1.38215E+16,5.117E+16
64394,,14,6,12,0,2017,9,15,6,3,0,2,1,1,0,0,0,0,0,8.26847E+20,5.66857E+21,1.36666E+16,5.10754E+16
64395,,14,6,27,60,2017,9,11,6,3,5,3,0,1,0,1,0,0,0,8.16118E+20,5.69207E+21,1.35346E+16,5.1292E+16
64396,,14,6,25,310,2017,9,17,6,3,6,4,0,1,1,0,0,0,1,8.52233E+20,5.71361E+21,1.40719E+16,5.14638E+16
64397,,14,7,29,40,2017,9,13,6,3,2,6,0,1,0,1,0,0,0,7.36637E+20,5.67778E+21,1.23875E+16,5.12023E+16
64398,,14,6,26,230,2017,9,12,6,3,4,1,0,1,0,0,0,0,1,9.07963E+20,5.69085E+21,1.48442E+16,5.12228E+16
64399,,14,6,25,110,2017,9,7,6,3,0,1,0,0,0,1,0,0,1,8.73792E+20,5.68057E+21,1.43464E+16,5.11542E+16
64400,,14,6,25,20,2017,9,14,6,3,5,3,1,1,0,0,0,0,1,8.79465E+20,5.68398E+21,1.44307E+16,5.1181E+16
64401,,14,6,28,260,2017,9,14,6,3,8,1,0,1,0,0,0,0,1,8.66041E+20,5.66546E+21,1.42207E+16,5.10239E+16
64402,,14,6,27,260,2017,9,17,6,2,5,2,0,1,0,1,0,0,1,7.93946E+20,5.68429E+21,1.32111E+16,5.12341E+16
64403,,14,6,27,140,2017,9,18,6,3,2,6,0,1,0,0,0,0,1,8.13357E+20,5.67813E+21,1.34829E+16,5.11685E+16
64404,,14,6,27,140,2017,9,16,6,3,2,6,0,1,0,0,0,0,1,8.12788E+20,5.67692E+21,1.34738E+16,5.1158E+16
64405,,14,6,27,80,2017,9,11,6,2,5,3,0,1,0,0,1,0,1,8.07824E+20,5.67166E+21,1.33985E+16,5.11135E+16
64406,,14,6,27,110,2017,9,17,6,3,9,1,0,1,0,0,0,0,1,8.25292E+20,5.69339E+21,1.36669E+16,5.12987E+16
64407,,14,6,28,410,2017,9,17,6,3,0,6,0,0,0,1,0,0,1,8.15129E+20,5.66084E+21,1.34931E+16,5.10126E+16
64408,,14,6,12,0,2017,9,16,6,3,4,1,0,1,0,0,0,0,1,8.34271E+20,5.66294E+21,1.3767E+16,5.10206E+16
64409,,14,5,21,550,2017,9,16,3,3,2,2,0,1,0,0,0,0,1,7.67631E+20,5.60272E+21,1.27754E+16,5.05152E+16
64410,,14,7,13,0,2017,8,13,1,3,5,3,1,1,0,0,0,0,0,7.32964E+20,5.69286E+21,1.23449E+16,5.13392E+16
64411,,14,6,25,480,2017,9,12,3,3,2,6,0,1,0,0,0,0,0,8.44081E+20,5.67445E+21,1.39173E+16,5.1118E+16
64412,,14,6,27,180,2017,9,17,6,3,0,1,0,0,0,1,0,0,1,8.04722E+20,5.66503E+21,1.33487E+16,5.10558E+16
64413,,14,7,30,270,2017,8,14,1,2,4,2,0,1,0,1,0,0,0,7.25499E+20,5.69821E+21,1.22413E+16,5.13902E+16
64414,,14,5,21,460,2017,9,15,4,2,8,1,0,0,0,1,0,0,0,8.08273E+20,5.61622E+21,1.33582E+16,5.06163E+16
64415,,14,6,28,50,2017,9,12,6,2,4,1,0,1,0,0,0,0,1,8.30754E+20,5.65712E+21,1.37118E+16,5.09705E+16
64416,,14,6,26,410,2017,8,19,1,3,9,1,0,1,0,0,0,0,0,8.85915E+20,5.67112E+21,1.45088E+16,5.10616E+16
64417,,14,6,26,110,2017,8,0,1,3,2,7,0,1,0,0,0,2,0,9.18737E+20,5.68754E+21,1.49938E+16,5.11854E+16
64418,,14,7,29,350,2017,9,13,4,2,2,2,0,1,0,1,0,0,0,7.24678E+20,5.67981E+21,1.22179E+16,5.12254E+16
64419,,14,6,28,190,2017,8,15,1,2,8,1,0,1,0,0,0,0,0,8.56651E+20,5.66053E+21,1.40825E+16,5.09856E+16
64420,,14,6,28,410,2017,9,16,6,3,0,1,1,0,0,0,0,0,0,8.21524E+20,5.66389E+21,1.35867E+16,5.10364E+16
64421,,14,6,28,30,2017,8,13,1,3,2,6,0,1,0,0,1,0,0,8.62221E+20,5.65331E+21,1.41544E+16,5.09175E+16
64422,,14,6,12,0,2017,9,7,5,3,9,1,0,1,0,0,0,0,1,8.36695E+20,5.6681E+21,1.38063E+16,5.10655E+16
64423,,14,6,27,210,2017,8,14,1,2,0,1,1,0,0,0,0,0,0,8.24122E+20,5.67216E+21,1.3631E+16,5.1109E+16
64424,,14,6,12,0,2017,9,5,6,3,5,3,1,0,0,0,1,2,0,8.33333E+20,5.66965E+21,1.37599E+16,5.10813E+16
64425,,14,6,27,100,2017,8,19,1,3,2,6,0,1,0,0,0,1,0,8.20076E+20,5.67174E+21,1.35731E+16,5.11076E+16
64426,,14,6,28,300,2017,8,9,1,2,3,6,0,1,0,1,0,0,0,8.2756E+20,5.65715E+21,1.36664E+16,5.09726E+16
64427,,14,6,27,100,2017,9,0,6,2,7,1,0,0,0,0,1,2,0,8.17355E+20,5.66633E+21,1.35296E+16,5.10606E+16
64428,,14,6,28,10,2017,8,11,1,3,9,1,0,0,0,1,0,0,0,8.36876E+20,5.63458E+21,1.37779E+16,5.0765E+16
64429,,14,6,12,0,2017,8,18,1,3,0,5,1,1,0,0,0,0,0,8.35356E+20,5.66818E+21,1.37873E+16,5.1067E+16
64430,,14,6,12,0,2017,8,9,1,2,2,6,0,1,0,0,0,0,0,8.23326E+20,5.66721E+21,1.36153E+16,5.10652E+16
64431,,14,5,22,540,2017,9,15,6,3,5,3,0,1,0,0,0,0,1,7.9512E+20,5.66117E+21,1.3209E+16,5.10262E+16
64432,,14,6,27,150,2017,8,15,1,2,5,3,1,1,0,0,0,0,0,8.29117E+20,5.67488E+21,1.37046E+16,5.11306E+16
64433,,14,5,22,20,2017,9,15,6,3,8,1,0,1,0,0,0,0,1,7.88185E+20,5.63874E+21,1.30926E+16,5.08285E+16
64434,,14,5,21,390,2017,9,13,6,3,6,2,0,1,1,0,0,0,0,7.94153E+20,5.61902E+21,1.31614E+16,5.06486E+16
64435,,14,5,22,210,2017,9,13,6,2,9,1,0,0,0,0,1,0,1,8.00994E+20,5.65888E+21,1.32906E+16,5.10026E+16
64436,,14,5,22,450,2017,9,16,6,3,3,6,1,1,0,0,0,0,1,7.85336E+20,5.6802E+21,1.30849E+16,5.12018E+16
64437,,14,6,12,0,2017,9,8,4,3,5,3,1,1,0,0,0,0,0,8.30729E+20,5.66442E+21,1.3718E+16,5.10359E+16
64438,,14,5,21,400,2017,9,11,6,3,8,1,0,1,0,0,0,0,1,7.86422E+20,5.61283E+21,1.30475E+16,5.05969E+16
64439,,14,7,13,0,2017,9,20,4,2,6,4,1,0,1,0,0,0,0,7.31575E+20,5.6927E+21,1.23249E+16,5.13383E+16
64440,,14,5,11,0,2017,9,8,6,3,4,2,0,1,0,0,1,0,1,7.76359E+20,5.64144E+21,1.29271E+16,5.08585E+16
64441,,14,6,27,260,2017,8,3,1,3,9,1,0,1,0,0,0,2,0,7.95637E+20,5.68857E+21,1.32388E+16,5.12716E+16
64442,,14,6,12,0,2017,9,20,6,2,4,6,0,1,0,0,0,2,0,8.34785E+20,5.66013E+21,1.37717E+16,5.09951E+16
64443,,14,6,12,0,2017,9,15,5,3,5,3,0,1,0,0,1,0,0,8.35525E+20,5.67589E+21,1.37969E+16,5.1136E+16
64444,,14,5,21,170,2017,8,18,1,3,9,1,0,1,0,0,1,0,1,7.48469E+20,5.59673E+21,1.25016E+16,5.04698E+16
64445,,14,5,11,0,2017,9,14,6,3,5,2,1,1,0,0,0,0,0,7.77193E+20,5.63993E+21,1.29378E+16,5.08446E+16
64446,,14,5,11,0,2017,8,17,1,2,6,4,0,1,1,0,0,0,0,7.76458E+20,5.6383E+21,1.29262E+16,5.08303E+16
64447,,14,5,24,310,2017,8,16,7,3,2,2,0,1,0,1,0,0,0,7.5187E+20,5.61691E+21,1.25631E+16,5.06495E+16
64448,,14,7,13,0,2017,9,4,3,3,5,3,0,1,0,1,0,2,0,7.27957E+20,5.6996E+21,1.22774E+16,5.14018E+16
64449,,14,5,24,260,2017,8,20,7,2,9,1,0,0,0,1,0,0,0,7.49147E+20,5.63884E+21,1.25395E+16,5.08475E+16
64450,,14,5,23,30,2017,8,15,7,2,8,1,0,0,0,1,0,0,0,7.36405E+20,5.56499E+21,1.2312E+16,5.01898E+16
64451,,14,6,25,250,2017,9,16,3,3,5,3,1,1,0,0,0,0,0,8.56066E+20,5.69359E+21,1.41069E+16,5.12821E+16
64452,,14,7,30,280,2017,8,11,7,3,8,1,0,1,0,0,0,0,0,7.42169E+20,5.71275E+21,1.24904E+16,5.15139E+16
64453,,14,6,26,430,2017,8,12,7,2,2,6,1,1,0,0,0,0,0,9.04149E+20,5.64703E+21,1.4741E+16,5.08335E+16
64454,,14,6,25,170,2017,8,23,7,3,7,7,0,1,0,0,0,2,0,8.5552E+20,5.67282E+21,1.40785E+16,5.10964E+16
64455,,14,6,28,190,2017,8,12,7,2,8,1,0,0,0,1,0,0,0,8.57862E+20,5.66018E+21,1.40994E+16,5.09817E+16
64456,,14,6,28,270,2017,8,16,7,3,6,4,0,1,1,0,0,0,0,8.46898E+20,5.6562E+21,1.394E+16,5.09528E+16
64457,,14,6,28,20,2017,8,11,7,3,8,1,0,0,0,1,0,0,0,8.45639E+20,5.64299E+21,1.39096E+16,5.08352E+16
64458,,14,6,27,140,2017,8,9,7,3,5,3,0,1,0,0,0,0,0,8.15557E+20,5.67703E+21,1.35134E+16,5.11575E+16
64459,,14,6,28,410,2017,8,16,7,3,0,6,0,1,0,1,0,0,0,8.17761E+20,5.66244E+21,1.35319E+16,5.10255E+16
64460,,14,5,11,0,2017,9,16,6,3,2,6,0,1,0,0,0,0,0,7.78983E+20,5.64288E+21,1.29654E+16,5.08702E+16
64461,,14,5,22,210,2017,9,13,6,2,5,3,0,1,0,0,1,0,1,8.01689E+20,5.66123E+21,1.33024E+16,5.10233E+16
64462,,14,5,11,0,2017,9,13,6,3,2,6,0,1,0,0,0,0,1,7.74366E+20,5.64018E+21,1.28979E+16,5.08481E+16
64463,,14,5,22,120,2017,9,10,6,3,5,3,0,1,0,0,0,0,1,7.76769E+20,5.65829E+21,1.29457E+16,5.10095E+16
64464,,14,6,28,390,2017,9,13,5,3,8,1,0,0,0,1,0,0,0,8.51961E+20,5.65306E+21,1.40087E+16,5.09215E+16
64465,,14,6,25,350,2017,9,15,3,2,5,3,0,1,0,0,1,0,0,8.61813E+20,5.69421E+21,1.41896E+16,5.1284E+16
64466,,14,5,22,260,2017,9,12,6,3,2,6,0,1,0,1,0,0,1,7.68472E+20,5.64354E+21,1.28169E+16,5.0881E+16
64467,,14,5,24,330,2017,9,14,5,1,4,1,0,1,0,0,0,0,1,7.42833E+20,5.62555E+21,1.24412E+16,5.07309E+16
64468,,14,7,29,160,2017,9,17,3,3,2,2,0,1,0,0,0,0,0,7.6089E+20,5.68091E+21,1.27362E+16,5.12199E+16
64469,,14,5,21,500,2017,9,17,6,2,4,6,0,1,0,0,0,0,1,7.70709E+20,5.60306E+21,1.28189E+16,5.05168E+16
64470,,14,6,25,430,2017,9,12,6,3,8,1,0,1,0,0,0,0,0,8.37116E+20,5.68006E+21,1.38234E+16,5.11724E+16
64471,,14,5,23,320,2017,9,16,6,3,5,3,0,1,0,0,0,0,0,7.22918E+20,5.59848E+21,1.21432E+16,5.04958E+16
64472,,14,5,24,200,2017,8,9,5,3,2,2,0,1,0,0,1,0,0,7.50211E+20,5.62853E+21,1.25476E+16,5.07546E+16
64473,,14,5,24,330,2017,8,14,5,3,0,1,0,0,0,1,0,0,1,7.43483E+20,5.62672E+21,1.24512E+16,5.07411E+16
64474,,14,5,24,300,2017,8,6,5,3,8,1,0,1,0,0,0,1,1,7.37655E+20,5.62522E+21,1.23678E+16,5.07301E+16
64475,,14,5,23,320,2017,8,16,5,3,5,3,0,1,0,0,0,0,1,7.2288E+20,5.59938E+21,1.21432E+16,5.05039E+16
64476,,14,5,23,370,2017,8,15,5,3,4,6,0,1,0,0,0,0,1,7.4011E+20,5.58698E+21,1.23778E+16,5.03858E+16
64477,,14,7,29,170,2017,8,16,5,3,5,3,0,1,0,0,0,0,1,7.29881E+20,5.67295E+21,1.22879E+16,5.11617E+16
64478,,14,6,26,610,2017,8,21,5,3,5,3,0,1,0,1,0,2,1,9.07785E+20,5.65451E+21,1.48007E+16,5.08978E+16
64479,,14,6,26,85,2017,8,21,5,3,4,1,0,1,0,0,0,2,1,8.93959E+20,5.66356E+21,1.46149E+16,5.09884E+16
64480,,14,6,25,200,2017,8,0,5,3,3,2,1,1,0,0,0,2,0,8.51365E+20,5.67813E+21,1.40246E+16,5.11465E+16
64481,,14,6,25,450,2017,8,14,5,2,5,3,1,1,0,0,0,0,0,8.48457E+20,5.68619E+21,1.3991E+16,5.12205E+16
64482,,14,6,25,290,2017,9,16,2,3,5,3,0,1,0,0,1,0,0,8.8415E+20,5.68449E+21,1.4498E+16,5.11824E+16
64483,,14,6,28,130,2017,8,16,7,3,5,3,1,0,0,0,0,0,0,8.38635E+20,5.6472E+21,1.38144E+16,5.0877E+16
64484,,14,5,24,180,2017,9,10,2,3,4,6,1,1,0,0,0,0,0,7.64672E+20,5.6412E+21,1.27613E+16,5.08618E+16
64485,,14,6,12,0,2017,8,11,7,3,2,6,0,1,0,0,0,0,0,8.28499E+20,5.66851E+21,1.369E+16,5.10738E+16
64486,,14,6,12,0,2017,9,20,3,3,0,7,1,0,0,0,0,2,0,8.31182E+20,5.66533E+21,1.37253E+16,5.10438E+16
64487,,14,6,12,0,2017,8,1,7,2,6,4,0,1,1,0,0,2,0,8.31225E+20,5.66691E+21,1.37274E+16,5.1058E+16
64488,,14,6,12,0,2017,8,11,7,2,5,3,0,1,0,0,0,0,0,8.28511E+20,5.66838E+21,1.36901E+16,5.10727E+16
64489,,14,5,23,450,2017,9,15,3,2,2,6,0,1,0,0,1,0,1,7.12506E+20,5.58668E+21,1.19899E+16,5.03937E+16
64490,,14,6,12,0,2017,8,13,7,3,3,6,0,0,0,1,1,0,0,8.31972E+20,5.6683E+21,1.37393E+16,5.107E+16
64491,,14,5,21,450,2017,8,15,7,2,8,1,0,0,0,1,0,0,0,7.5848E+20,5.62405E+21,1.26614E+16,5.07107E+16
64492,,14,6,25,20,2017,9,7,4,3,5,3,1,1,0,0,0,0,0,8.80198E+20,5.68398E+21,1.44412E+16,5.11805E+16
64493,,14,5,21,460,2017,8,16,7,3,8,1,0,1,0,0,0,0,0,8.05064E+20,5.62321E+21,1.33187E+16,5.06806E+16
64494,,14,6,28,30,2017,8,17,5,3,0,1,1,0,0,0,0,0,1,8.62813E+20,5.65427E+21,1.41637E+16,5.09257E+16
64495,,14,6,28,160,2017,8,15,5,3,2,6,0,1,0,0,0,0,1,8.42661E+20,5.65735E+21,1.38809E+16,5.09656E+16
64496,,14,5,24,90,2017,9,15,7,3,8,1,0,1,0,0,0,0,0,7.58543E+20,5.61683E+21,1.26573E+16,5.06459E+16
64497,,14,6,28,160,2017,8,5,5,3,5,3,0,1,0,0,0,2,1,8.41239E+20,5.65822E+21,1.38616E+16,5.09742E+16
64498,,14,6,28,220,2017,8,14,5,3,8,1,0,1,0,0,0,0,1,8.34862E+20,5.65404E+21,1.37672E+16,5.09405E+16
64499,,14,6,28,410,2017,8,18,5,3,8,1,0,1,0,0,0,0,1,8.1332E+20,5.66004E+21,1.34667E+16,5.10064E+16
64500,,14,6,12,0,2017,8,21,5,2,6,4,0,1,1,0,0,2,1,8.2966E+20,5.66506E+21,1.37034E+16,5.10423E+16
64501,,14,6,12,0,2017,8,10,5,3,0,2,0,1,0,0,1,0,0,8.37037E+20,5.65932E+21,1.3803E+16,5.09866E+16
64502,,14,6,12,0,2017,8,4,5,3,5,3,0,1,0,0,0,2,1,8.31769E+20,5.66483E+21,1.37332E+16,5.1039E+16
64503,,14,6,12,0,2017,8,22,5,3,6,4,0,1,1,0,0,2,1,8.3311E+20,5.66758E+21,1.37548E+16,5.10629E+16
64504,,14,6,12,0,2017,8,9,5,3,6,4,1,0,1,0,0,0,0,8.38303E+20,5.66783E+21,1.38289E+16,5.10621E+16
64505,,14,6,12,0,2017,9,5,3,3,5,3,1,1,0,0,0,1,0,8.35225E+20,5.67426E+21,1.37911E+16,5.11215E+16
64506,,14,5,23,260,2017,9,20,3,2,9,1,0,1,0,0,0,2,0,7.28018E+20,5.61364E+21,1.22243E+16,5.063E+16
64507,,14,6,12,0,2017,8,18,5,3,0,7,1,0,0,0,0,0,1,8.30981E+20,5.66658E+21,1.37236E+16,5.10552E+16
64508,,14,5,24,320,2017,8,6,6,3,1,6,0,1,0,1,0,0,0,7.48137E+20,5.6192E+21,1.2512E+16,5.06717E+16
64509,,14,6,25,430,2017,9,10,4,3,1,6,0,1,0,1,1,0,1,8.36904E+20,5.68083E+21,1.38211E+16,5.11794E+16
64510,,14,6,27,180,2017,8,17,5,2,8,1,0,1,0,0,0,0,1,8.00738E+20,5.66236E+21,1.32898E+16,5.10339E+16
64511,,14,5,23,320,2017,8,21,6,3,0,1,0,0,0,1,0,2,1,7.20745E+20,5.59832E+21,1.21125E+16,5.04952E+16