OBJECTID,UIDENTSTLA,ULAND,UREGBEZ,UKREIS,UGEMEINDE,UJAHR,UMONAT,USTUNDE,UWOCHENTAG,UKATEGORIE,UART,UTYP1,IstRad,IstPKW,IstFuss,IstKrad,IstSonstig,LICHT,STRZUSTAND,LINREFX,LINREFY,XGCSWGS84,YGCSWGS84
64512,,14,5,21,340,2017,9,16,3,2,0,7,1,0,0,0,0,0,0,7.86221E+20,5.60719E+21,1.30404E+16,5.05464E+16
64513,,14,5,23,320,2017,8,11,6,3,5,3,0,1,0,0,0,0,0,7.22461E+20,5.59934E+21,1.21373E+16,5.05037E+16
64514,,14,5,21,160,2017,9,14,5,3,2,6,0,1,0,0,0,0,1,7.80278E+20,5.61624E+21,1.29635E+16,5.06305E+16
64515,,14,5,23,380,2017,8,16,6,3,8,1,0,1,0,0,0,0,0,7.45524E+20,5.60248E+21,1.2464E+16,5.05227E+16
64516,,14,7,29,60,2017,9,11,5,2,5,2,0,1,0,0,0,0,0,7.4628E+20,5.69581E+21,1.25377E+16,5.136E+16
64517,,14,7,30,110,2017,8,9,6,2,5,3,1,1,0,0,0,0,0,7.54456E+20,5.70816E+21,1.26638E+16,5.14673E+16
64518,,14,6,26,610,2017,8,12,6,2,5,3,0,1,0,0,0,0,0,9.07564E+20,5.65466E+21,1.47978E+16,5.08993E+16
64519,,14,6,26,140,2017,9,16,5,2,6,4,0,0,1,0,1,0,0,8.98871E+20,5.65022E+21,1.46699E+16,5.08657E+16
64520,,14,6,26,140,2017,8,13,6,3,7,7,0,1,0,0,0,0,0,9.00247E+20,5.65288E+21,1.46923E+16,5.08885E+16
64521,,14,6,26,600,2017,8,12,6,3,4,7,0,1,0,0,0,0,0,8.9126E+20,5.7209E+21,1.46392E+16,5.15034E+16
64522,,14,6,26,610,2017,9,10,5,3,3,5,0,1,0,0,0,0,0,9.08574E+20,5.65498E+21,1.48124E+16,5.09015E+16
64523,,14,6,27,60,2017,8,14,6,3,5,3,1,1,0,0,0,0,0,8.1543E+20,5.69161E+21,1.35244E+16,5.12883E+16
64524,,14,6,28,60,2017,8,23,6,3,9,1,0,1,0,0,0,2,1,8.28162E+20,5.64823E+21,1.3667E+16,5.08923E+16
64525,,14,6,12,0,2017,8,11,6,3,5,3,1,0,0,0,1,0,0,8.32668E+20,5.66642E+21,1.37474E+16,5.10527E+16
64526,,14,6,28,380,2017,8,15,6,3,8,1,0,0,0,1,0,0,0,8.57247E+20,5.66394E+21,1.40943E+16,5.10158E+16
64527,,14,5,21,430,2017,8,21,6,2,5,3,1,1,0,0,0,2,1,7.65027E+20,5.62555E+21,1.2755E+16,5.07212E+16
64528,,14,5,21,390,2017,8,5,6,3,2,1,0,1,0,0,1,1,0,8.03857E+20,5.61374E+21,1.32939E+16,5.05963E+16
64529,,14,5,22,35,2017,8,16,6,2,8,1,0,0,0,1,0,0,0,8.13869E+20,5.64266E+21,1.34596E+16,5.08503E+16
64530,,14,5,22,220,2017,8,6,6,3,5,3,0,0,0,1,1,0,1,7.81596E+20,5.67919E+21,1.30307E+16,5.11946E+16
64531,,14,7,29,140,2017,8,15,6,2,0,7,0,1,0,0,0,0,0,7.48677E+20,5.66448E+21,1.25504E+16,5.10779E+16
64532,,14,5,21,550,2017,8,23,6,2,9,1,0,1,0,0,0,2,1,7.67851E+20,5.6063E+21,1.2781E+16,5.05472E+16
64533,,14,6,28,110,2017,8,16,5,2,0,7,1,0,0,0,0,0,1,8.27219E+20,5.66064E+21,1.36647E+16,5.10041E+16
64534,,14,6,26,50,2017,9,16,5,2,2,7,1,1,0,0,0,0,0,9.04488E+20,5.65417E+21,1.47537E+16,5.08971E+16
64535,,14,6,27,140,2017,9,7,5,3,5,3,1,1,0,0,0,0,1,8.13368E+20,5.67812E+21,1.34831E+16,5.11685E+16
64536,,14,6,25,250,2017,9,15,5,3,3,2,1,1,0,0,0,0,0,8.56292E+20,5.6939E+21,1.41104E+16,5.12848E+16
64537,,14,5,22,490,2017,8,18,5,3,9,1,0,1,0,0,0,0,1,7.65221E+20,5.66117E+21,1.27836E+16,5.10408E+16
64538,,14,6,25,250,2017,9,16,5,2,2,6,0,1,0,1,0,0,0,8.53941E+20,5.6943E+21,1.40772E+16,5.12898E+16
64539,,14,6,27,220,2017,9,11,6,3,3,6,0,1,0,0,0,0,0,8.31946E+20,5.67715E+21,1.3747E+16,5.11493E+16
64540,,14,7,29,380,2017,9,6,6,3,4,2,0,1,0,0,1,0,0,7.58509E+20,5.7E+21,1.27161E+16,5.13923E+16
64541,,14,5,22,490,2017,8,7,5,3,0,1,0,0,0,1,0,0,0,7.66844E+20,5.66177E+21,1.28071E+16,5.10454E+16
64542,,14,5,22,180,2017,8,21,5,3,4,2,0,1,0,0,0,2,1,8.04853E+20,5.64878E+21,1.3337E+16,5.091E+16
64543,,14,5,22,210,2017,8,7,5,3,5,3,0,1,0,0,0,0,0,8.00269E+20,5.65478E+21,1.32769E+16,5.09663E+16
64544,,14,5,22,430,2017,8,16,5,3,8,1,0,1,0,0,0,0,1,7.95287E+20,5.65188E+21,1.32038E+16,5.09428E+16
64545,,14,5,21,160,2017,8,9,5,2,8,1,0,1,0,0,0,0,0,7.78969E+20,5.61884E+21,1.2947E+16,5.06545E+16
64546,,14,5,21,210,2017,8,9,5,3,5,3,0,1,0,0,0,0,0,7.773E+20,5.61549E+21,1.29209E+16,5.06252E+16
64547,,14,5,22,330,2017,8,16,5,3,2,1,0,1,0,0,0,0,1,7.81506E+20,5.64786E+21,1.3005E+16,5.09136E+16
64548,,14,7,29,150,2017,8,7,5,2,9,1,0,1,0,0,0,0,0,7.5909E+20,5.65568E+21,1.26924E+16,5.09943E+16
64549,,14,5,22,330,2017,8,22,5,3,9,1,0,0,0,0,1,2,1,7.79718E+20,5.64729E+21,1.29792E+16,5.09094E+16
64550,,14,5,21,150,2017,8,15,5,3,4,6,0,1,0,0,0,0,1,7.86827E+20,5.62363E+21,1.30616E+16,5.06937E+16
64551,,14,6,28,210,2017,9,16,5,2,6,4,0,1,1,0,0,0,0,8.56393E+20,5.65261E+21,1.40711E+16,5.09148E+16
64552,,14,5,24,120,2017,8,16,4,3,4,2,0,1,0,0,0,0,0,7.60216E+20,5.63481E+21,1.26936E+16,5.08065E+16
64553,,14,5,24,90,2017,8,15,4,2,2,1,0,1,0,0,1,0,0,7.57644E+20,5.62092E+21,1.26474E+16,5.06829E+16
64554,,14,7,13,0,2017,9,11,5,1,3,2,1,0,0,0,1,0,1,7.31839E+20,5.69253E+21,1.23285E+16,5.13367E+16
64555,,14,6,27,100,2017,9,7,5,2,8,7,0,1,0,0,0,0,0,8.15791E+20,5.67425E+21,1.35143E+16,5.11325E+16
64556,,14,7,30,90,2017,8,14,4,2,2,6,0,1,0,0,0,0,0,7.68715E+20,5.7281E+21,1.28838E+16,5.16396E+16
64557,,14,6,12,0,2017,9,14,6,3,2,6,0,1,0,0,1,0,0,8.37221E+20,5.66004E+21,1.38062E+16,5.09929E+16
64558,,14,6,12,0,2017,9,8,5,3,0,3,1,1,0,0,0,0,0,8.29114E+20,5.66513E+21,1.36957E+16,5.10433E+16
64559,,14,7,29,370,2017,8,14,4,2,9,1,0,1,0,0,1,0,0,7.38972E+20,5.67493E+21,1.2419E+16,5.11758E+16
64560,,14,5,23,380,2017,9,16,6,2,4,1,0,1,0,0,0,0,0,7.44848E+20,5.60234E+21,1.24544E+16,5.05217E+16
64561,,14,7,13,0,2017,8,12,4,3,5,3,1,1,0,0,0,0,0,7.28186E+20,5.69086E+21,1.22751E+16,5.13232E+16
64562,,14,7,13,0,2017,8,23,4,3,5,2,0,1,0,1,0,2,0,7.36638E+20,5.69573E+21,1.23994E+16,5.13635E+16
64563,,14,7,13,0,2017,8,15,4,3,6,4,0,0,1,0,1,0,0,7.28224E+20,5.69034E+21,1.22753E+16,5.13185E+16
64564,,14,7,29,270,2017,8,21,4,2,9,1,0,1,0,0,0,2,0,7.25266E+20,5.68581E+21,1.22301E+16,5.1279E+16
64565,,14,7,29,270,2017,8,8,4,1,5,3,1,1,0,0,0,0,0,7.24246E+20,5.68855E+21,1.22172E+16,5.1304E+16
64566,,14,7,13,0,2017,8,13,4,2,5,3,0,1,0,0,1,0,0,7.3223E+20,5.6992E+21,1.23385E+16,5.13964E+16
64567,,14,7,13,0,2017,8,11,4,3,4,2,0,1,0,0,0,0,0,7.38864E+20,5.69449E+21,1.24305E+16,5.13514E+16
64568,,14,7,30,70,2017,8,17,4,3,2,2,0,1,0,0,0,0,0,7.31438E+20,5.71007E+21,1.23342E+16,5.14943E+16
64569,,14,6,25,410,2017,8,9,4,3,4,2,0,1,0,0,0,0,0,8.53156E+20,5.68017E+21,1.40521E+16,5.11637E+16
64570,,14,6,26,520,2017,8,8,4,3,2,6,0,1,0,0,0,0,0,9.14708E+20,5.6901E+21,1.49394E+16,5.12113E+16
64571,,14,6,26,110,2017,8,19,4,3,0,7,1,0,0,0,0,1,0,9.18267E+20,5.6822E+21,1.49809E+16,5.1138E+16
64572,,14,6,26,110,2017,8,7,4,2,2,6,0,1,0,0,1,0,0,9.17138E+20,5.68837E+21,1.4972E+16,5.1194E+16
64573,,14,7,29,80,2017,9,19,2,1,2,6,1,1,0,0,0,0,0,7.71563E+20,5.67035E+21,1.28808E+16,5.11202E+16
64574,,14,5,22,250,2017,9,20,3,3,5,3,0,1,0,0,0,2,0,7.7793E+20,5.66673E+21,1.29687E+16,5.10846E+16
64575,,14,5,24,280,2017,8,16,5,2,5,3,0,1,0,0,1,0,0,7.56057E+20,5.63219E+21,1.26328E+16,5.07849E+16
64576,,14,7,13,0,2017,9,12,3,3,2,2,0,1,0,0,0,0,0,7.32512E+20,5.69241E+21,1.23381E+16,5.13354E+16
64577,,14,6,26,60,2017,8,22,4,2,8,1,0,1,0,0,0,2,0,8.91964E+20,5.70346E+21,1.463E+16,5.13469E+16
64578,,14,5,23,300,2017,8,21,5,3,2,6,0,1,0,1,0,2,0,7.25612E+20,5.58989E+21,1.2176E+16,5.04177E+16
64579,,14,5,23,430,2017,8,14,5,3,5,3,0,1,0,0,1,0,0,7.32543E+20,5.60521E+21,1.22829E+16,5.05525E+16
64580,,14,6,12,0,2017,9,11,4,3,3,1,0,1,0,0,0,0,1,8.37442E+20,5.66806E+21,1.38168E+16,5.10646E+16
64581,,14,7,30,310,2017,8,23,5,3,5,3,1,1,0,0,0,2,0,7.75219E+20,5.72063E+21,1.29717E+16,5.15694E+16
64582,,14,7,29,70,2017,8,18,5,2,8,1,0,0,0,1,0,0,0,7.53623E+20,5.69412E+21,1.26418E+16,5.13417E+16
64583,,14,7,29,160,2017,9,14,4,3,4,2,1,1,0,0,0,0,0,7.59456E+20,5.68212E+21,1.27166E+16,5.12313E+16
64584,,14,7,29,400,2017,8,15,5,2,8,1,0,0,0,1,1,0,0,7.63168E+20,5.68953E+21,1.27751E+16,5.12961E+16
64585,,14,6,12,0,2017,9,7,5,3,5,3,1,1,0,0,0,0,0,8.31067E+20,5.66417E+21,1.37226E+16,5.10335E+16
64586,,14,7,29,370,2017,8,20,5,3,2,6,0,1,0,1,0,1,0,7.4153E+20,5.67781E+21,1.24575E+16,5.12005E+16
64587,,14,7,29,430,2017,8,12,5,2,4,6,0,1,0,0,1,0,0,7.33377E+20,5.67707E+21,1.23405E+16,5.11973E+16
64588,,14,6,12,0,2017,9,8,5,2,6,4,0,1,1,0,0,0,0,8.33204E+20,5.66761E+21,1.37561E+16,5.10631E+16
64589,,14,6,26,180,2017,8,13,5,3,4,2,0,0,0,1,1,0,0,8.99841E+20,5.67034E+21,1.47057E+16,5.10451E+16
64590,,14,5,22,540,2017,9,8,5,3,8,1,0,1,0,0,0,0,0,7.94623E+20,5.65774E+21,1.31991E+16,5.09957E+16
64591,,14,6,26,600,2017,8,18,5,3,0,7,1,0,0,0,0,0,0,8.91363E+20,5.72097E+21,1.46407E+16,5.1504E+16
64592,,14,6,26,600,2017,8,16,5,3,2,6,0,1,0,1,0,0,0,8.91091E+20,5.72041E+21,1.46362E+16,5.14991E+16
64593,,14,6,26,110,2017,8,15,5,3,1,5,1,1,0,0,0,0,0,9.18792E+20,5.68464E+21,1.49912E+16,5.11595E+16
64594,,14,6,25,140,2017,8,19,5,3,8,1,1,0,0,0,0,0,0,8.58686E+20,5.67602E+21,1.41267E+16,5.11231E+16
64595,,14,6,25,290,2017,8,14,5,3,4,2,0,1,0,1,0,0,0,8.81908E+20,5.68125E+21,1.44626E+16,5.11549E+16
64596,,14,6,25,610,2017,8,5,5,3,8,7,0,1,0,0,0,1,0,8.91319E+20,5.68714E+21,1.46029E+16,5.12012E+16
64597,,14,6,25,600,2017,8,8,5,3,2,6,0,1,0,0,0,0,0,8.39212E+20,5.68016E+21,1.38534E+16,5.1172E+16
64598,,14,6,25,20,2017,8,17,5,3,5,2,0,1,0,1,0,0,0,8.80672E+20,5.68393E+21,1.44478E+16,5.11797E+16
64599,,14,6,28,80,2017,8,5,5,3,5,3,1,0,0,0,1,2,0,8.40973E+20,5.65794E+21,1.38575E+16,5.09719E+16
64600,,14,6,28,160,2017,8,10,5,3,3,2,0,1,0,1,0,0,0,8.43057E+20,5.65557E+21,1.38849E+16,5.09495E+16
64601,,14,6,27,60,2017,8,9,5,3,5,3,0,1,0,1,0,0,0,8.16434E+20,5.69139E+21,1.35385E+16,5.12858E+16
64602,,14,6,12,0,2017,9,9,5,3,2,6,0,1,0,0,1,0,0,8.32069E+20,5.66774E+21,1.37401E+16,5.10649E+16
64603,,14,6,28,270,2017,9,5,5,3,5,3,1,1,0,0,0,2,1,8.46822E+20,5.65867E+21,1.39412E+16,5.09749E+16
64604,,14,6,28,60,2017,8,12,5,3,5,3,0,1,0,0,0,0,0,8.26759E+20,5.6513E+21,1.36498E+16,5.09206E+16
64605,,14,6,12,0,2017,8,18,5,3,0,1,1,0,0,0,0,0,0,8.31239E+20,5.66964E+21,1.37301E+16,5.10825E+16
64606,,14,6,12,0,2017,8,18,5,3,4,2,1,1,0,0,0,0,0,8.30428E+20,5.67092E+21,1.37197E+16,5.10943E+16
64607,,14,6,12,0,2017,8,19,5,3,5,3,1,1,0,0,0,0,0,8.3337E+20,5.66975E+21,1.37605E+16,5.10822E+16
64608,,14,6,27,100,2017,8,9,5,3,2,6,0,1,0,0,0,0,0,8.19329E+20,5.66657E+21,1.35579E+16,5.10616E+16
64609,,14,6,27,260,2017,8,17,4,3,2,2,0,1,0,0,0,0,0,7.94181E+20,5.68541E+21,1.32154E+16,5.12441E+16
64610,,14,6,27,210,2017,8,8,4,3,5,3,0,1,0,1,0,0,0,8.28665E+20,5.67099E+21,1.36947E+16,5.1096E+16
64611,,14,6,27,150,2017,9,18,5,3,0,3,1,1,0,0,0,0,0,8.29029E+20,5.67274E+21,1.37014E+16,5.11114E+16
64612,,14,5,22,80,2017,9,15,5,3,5,3,0,1,0,0,0,0,0,7.87948E+20,5.6722E+21,1.31158E+16,5.11288E+16
64613,,14,6,27,140,2017,8,6,4,3,5,3,1,1,0,0,0,0,0,8.14337E+20,5.6771E+21,1.3496E+16,5.11588E+16
64614,,14,6,28,20,2017,9,7,5,3,5,3,0,1,0,0,0,0,1,8.48038E+20,5.64583E+21,1.39462E+16,5.08591E+16
64615,,14,5,21,550,2017,9,18,5,3,6,6,0,1,1,0,0,0,0,7.6865E+20,5.60148E+21,1.27888E+16,5.05036E+16
64616,,14,6,27,200,2017,8,16,4,3,0,6,0,1,0,1,0,0,0,8.14991E+20,5.68923E+21,1.3516E+16,5.12672E+16
64617,,14,5,23,100,2017,9,4,5,3,5,3,0,1,0,1,0,2,1,7.25832E+20,5.61281E+21,1.21929E+16,5.06233E+16
64618,,14,6,12,0,2017,8,16,4,3,5,2,1,1,0,0,0,0,0,8.30943E+20,5.66859E+21,1.37249E+16,5.10732E+16
64619,,14,7,30,20,2017,9,5,6,2,9,1,0,1,0,0,0,2,1,7.45285E+20,5.71608E+21,1.25375E+16,5.15424E+16
64620,,14,5,24,330,2017,9,12,6,2,4,2,0,1,0,0,0,0,0,7.45801E+20,5.62451E+21,1.24825E+16,5.07204E+16
64621,,14,6,12,0,2017,8,11,4,3,7,1,1,0,0,0,0,0,0,8.30277E+20,5.6648E+21,1.3712E+16,5.10396E+16
64622,,14,6,12,0,2017,8,16,4,2,5,3,0,1,0,1,0,0,0,8.31728E+20,5.67021E+21,1.37375E+16,5.10872E+16
64623,,14,6,12,0,2017,8,8,4,3,0,6,0,1,0,0,1,0,0,8.39662E+20,5.66789E+21,1.38482E+16,5.10618E+16
64624,,14,5,21,530,2017,8,12,4,3,5,3,0,1,0,1,0,0,0,7.5742E+20,5.61099E+21,1.26374E+16,5.05939E+16
64625,,14,5,21,410,2017,8,14,4,3,2,6,0,1,0,0,0,0,0,7.71003E+20,5.63391E+21,1.28456E+16,5.07935E+16
64626,,14,5,21,170,2017,8,15,4,2,4,1,0,1,0,0,0,0,0,7.57357E+20,5.59774E+21,1.26273E+16,5.04751E+16
64627,,14,5,11,0,2017,8,10,4,3,0,7,0,0,0,0,1,0,0,7.78083E+20,5.64059E+21,1.29509E+16,5.08501E+16
64628,,14,7,30,230,2017,8,18,3,3,8,1,0,0,0,0,1,0,0,7.86806E+20,5.69079E+21,1.31143E+16,5.12961E+16
64629,,14,7,30,270,2017,8,13,3,3,3,6,0,1,0,0,0,0,0,7.21275E+20,5.69871E+21,1.2181E+16,5.13964E+16
64630,,14,7,29,160,2017,8,11,3,3,5,3,0,1,0,0,1,0,0,7.68392E+20,5.68352E+21,1.28454E+16,5.12398E+16
64631,,14,6,26,290,2017,8,13,3,3,3,2,0,1,0,1,0,0,0,8.96617E+20,5.67603E+21,1.46662E+16,5.10982E+16
64632,,14,5,22,80,2017,9,6,2,3,5,3,1,0,0,0,1,0,0,7.88995E+20,5.67163E+21,1.31302E+16,5.11231E+16
64633,,14,6,25,280,2017,9,12,2,2,8,6,0,0,0,0,1,0,0,8.71719E+20,5.702E+21,1.43391E+16,5.13474E+16
64634,,14,6,12,0,2017,8,16,5,3,5,3,0,1,0,1,0,0,0,8.28618E+20,5.66713E+21,1.36905E+16,5.10614E+16
64635,,14,5,21,30,2017,9,18,3,2,6,4,0,1,1,0,0,0,0,7.61983E+20,5.61038E+21,1.27013E+16,5.05865E+16
64636,,14,5,22,110,2017,8,12,5,3,5,3,0,1,0,0,1,0,0,8.00853E+20,5.63452E+21,1.32685E+16,5.07843E+16
64637,,14,5,21,130,2017,8,11,5,3,4,6,0,1,0,0,1,0,0,7.78287E+20,5.60243E+21,1.29251E+16,5.05076E+16
64638,,14,6,12,0,2017,9,17,3,3,2,6,0,0,0,1,1,0,1,8.29061E+20,5.66512E+21,1.3695E+16,5.10432E+16
64639,,14,5,21,20,2017,8,7,5,3,0,1,0,0,0,1,0,0,0,7.84267E+20,5.60857E+21,1.30139E+16,5.05598E+16
64640,,14,5,22,460,2017,8,14,5,3,8,1,0,1,0,0,0,0,0,7.59243E+20,5.65301E+21,1.26927E+16,5.09703E+16
64641,,14,5,11,0,2017,9,10,4,3,3,6,0,1,0,0,1,0,0,7.79702E+20,5.63582E+21,1.29702E+16,5.08065E+16
64642,,14,5,22,50,2017,8,12,5,2,6,4,0,1,1,0,0,0,0,8.01185E+20,5.64558E+21,1.32823E+16,5.08832E+16
64643,,14,5,21,30,2017,8,12,5,3,4,1,0,1,0,0,1,0,0,7.62962E+20,5.611E+21,1.27155E+16,5.05915E+16
64644,,14,6,26,610,2017,9,14,4,3,8,7,0,1,0,0,0,0,1,9.13487E+20,5.66479E+21,1.4893E+16,5.09858E+16
64645,,14,5,11,0,2017,8,10,5,3,0,7,0,0,0,0,1,0,0,7.76186E+20,5.63838E+21,1.29224E+16,5.08311E+16
64646,,14,5,24,320,2017,9,9,4,2,2,6,0,0,0,0,1,0,0,7.47702E+20,5.61758E+21,1.25047E+16,5.06573E+16
64647,,14,5,23,80,2017,8,8,4,3,8,1,0,1,0,0,0,0,1,7.21791E+20,5.58055E+21,1.21167E+16,5.03352E+16
64648,,14,5,24,330,2017,9,12,4,3,5,3,1,1,0,0,0,0,0,7.45873E+20,5.62641E+21,1.24848E+16,5.07373E+16
64649,,14,5,24,330,2017,8,17,4,3,5,3,1,1,0,0,0,0,0,7.45109E+20,5.62342E+21,1.2472E+16,5.07108E+16
64650,,14,5,24,330,2017,8,9,4,3,4,1,0,1,0,0,0,0,1,7.43541E+20,5.62432E+21,1.24504E+16,5.07196E+16
64651,,14,7,29,50,2017,8,8,4,3,9,1,0,1,0,0,0,0,1,7.48877E+20,5.67015E+21,1.25571E+16,5.11286E+16
64652,,14,7,13,0,2017,8,17,4,3,3,6,0,1,0,0,0,0,0,7.34694E+20,5.69704E+21,1.23724E+16,5.1376E+16
64653,,14,7,30,270,2017,8,18,4,2,2,6,0,1,0,0,1,0,0,7.25712E+20,5.70164E+21,1.22465E+16,5.1421E+16
64654,,14,7,29,300,2017,8,9,4,2,9,1,0,1,0,0,0,0,1,7.50574E+20,5.68558E+21,1.25921E+16,5.12664E+16
64655,,14,6,25,480,2017,8,16,4,3,2,6,0,1,0,0,0,0,0,8.45011E+20,5.67523E+21,1.39313E+16,5.11244E+16
64656,,14,6,25,350,2017,8,21,4,3,7,7,0,1,0,0,0,2,0,8.60577E+20,5.69001E+21,1.41677E+16,5.12472E+16
64657,,14,6,28,410,2017,9,16,3,3,5,3,0,1,0,1,0,0,0,8.19363E+20,5.6632E+21,1.35554E+16,5.10314E+16
64658,,14,6,25,240,2017,8,15,4,3,8,7,0,1,0,0,0,0,0,8.62313E+20,5.70984E+21,1.42126E+16,5.14236E+16
64659,,14,5,22,210,2017,9,21,4,3,0,7,0,1,0,0,0,2,1,8.01707E+20,5.66119E+21,1.33027E+16,5.1023E+16
64660,,14,6,26,490,2017,8,15,3,2,5,3,1,1,0,0,0,0,0,8.83913E+20,5.72507E+21,1.45384E+16,5.15458E+16
64661,,14,6,25,90,2017,8,18,4,2,5,3,0,1,0,0,0,0,0,8.85979E+20,5.67544E+21,1.45143E+16,5.11002E+16
64662,,14,7,29,410,2017,9,17,4,1,5,3,0,1,0,0,0,0,0,7.65049E+20,5.69534E+21,1.28064E+16,5.13475E+16
64663,,14,6,25,290,2017,8,12,4,3,8,1,0,1,0,0,0,0,1,8.84699E+20,5.68732E+21,1.45088E+16,5.12074E+16
64664,,14,7,30,100,2017,9,7,4,2,5,3,0,1,0,1,0,1,0,7.71147E+20,5.72007E+21,1.29127E+16,5.15664E+16
64665,,14,6,26,240,2017,8,8,4,2,4,6,0,1,0,0,0,0,1,9.09485E+20,5.68529E+21,1.48595E+16,5.1172E+16
64666,,14,5,21,50,2017,9,8,5,3,0,2,1,0,0,0,1,0,1,7.58698E+20,5.61164E+21,1.26558E+16,5.05992E+16
64667,,14,6,28,30,2017,8,13,4,3,0,1,1,0,0,0,0,0,1,8.61015E+20,5.65381E+21,1.41378E+16,5.09227E+16
64668,,14,7,29,270,2017,9,16,4,3,2,2,0,1,0,0,0,0,1,7.24227E+20,5.68864E+21,1.2217E+16,5.13048E+16
64669,,14,6,28,270,2017,8,13,4,3,2,6,0,1,0,0,0,0,1,8.46953E+20,5.65675E+21,1.39413E+16,5.09577E+16
64670,,14,6,28,230,2017,8,16,4,3,8,1,0,1,0,0,0,0,1,8.38063E+20,5.64923E+21,1.38082E+16,5.08956E+16
64671,,14,7,13,0,2017,9,15,4,3,2,6,0,1,0,1,0,0,1,7.35577E+20,5.69342E+21,1.23827E+16,5.13431E+16
64672,,14,6,12,0,2017,8,15,4,3,5,3,0,1,0,0,0,0,0,8.27238E+20,5.66278E+21,1.36669E+16,5.10233E+16
64673,,14,6,26,610,2017,9,20,4,3,0,7,1,0,0,0,0,2,0,9.06035E+20,5.65493E+21,1.47764E+16,5.09028E+16
64674,,14,6,12,0,2017,8,19,4,3,0,7,1,0,0,0,0,0,0,8.35853E+20,5.66137E+21,1.3788E+16,5.10056E+16
64675,,14,6,12,0,2017,8,17,4,3,2,6,0,1,0,0,0,0,0,8.35037E+20,5.66817E+21,1.37827E+16,5.1067E+16
64676,,14,6,12,0,2017,8,14,4,3,0,1,1,0,0,0,0,0,1,8.33571E+20,5.66773E+21,1.37615E+16,5.1064E+16
64677,,14,6,12,0,2017,8,8,4,2,2,6,0,1,0,0,0,0,0,8.29116E+20,5.67118E+21,1.37013E+16,5.10974E+16
64678,,14,6,27,210,2017,8,15,4,2,5,3,0,0,0,1,1,0,0,8.28901E+20,5.67076E+21,1.36978E+16,5.10938E+16
64679,,14,5,21,710,2017,8,14,4,3,2,6,0,1,0,0,0,0,0,7.70763E+20,5.61521E+21,1.28285E+16,5.06257E+16
64680,,14,5,22,380,2017,8,12,4,3,0,1,0,0,0,1,0,0,1,7.64914E+20,5.64539E+21,1.27677E+16,5.08993E+16
64681,,14,5,22,80,2017,8,15,4,3,1,5,1,1,0,0,0,0,0,7.86577E+20,5.67232E+21,1.30963E+16,5.11305E+16
64682,,14,5,23,150,2017,8,10,3,2,0,7,0,0,0,1,0,0,0,7.34889E+20,5.6108E+21,1.23195E+16,5.06018E+16
64683,,14,7,30,30,2017,8,9,3,3,0,1,0,1,0,1,0,0,0,7.79925E+20,5.72714E+21,1.30447E+16,5.16255E+16
64684,,14,6,26,250,2017,9,14,4,3,8,1,0,1,0,0,0,0,1,9.04987E+20,5.72051E+21,1.48355E+16,5.14903E+16
64685,,14,6,27,10,2017,9,18,5,2,0,7,1,0,0,0,0,0,0,8.18219E+20,5.67568E+21,1.35501E+16,5.11439E+16
64686,,14,6,25,500,2017,8,17,3,3,2,6,0,1,0,1,0,0,0,8.64411E+20,5.69491E+21,1.42274E+16,5.12886E+16
64687,,14,7,29,160,2017,9,7,5,3,0,1,1,0,0,0,0,0,1,7.59899E+20,5.68234E+21,1.27231E+16,5.12332E+16
64688,,14,6,28,110,2017,9,18,6,3,2,2,0,1,0,0,1,0,0,8.25788E+20,5.65912E+21,1.3643E+16,5.09912E+16
64689,,14,6,25,480,2017,8,15,3,3,1,6,0,1,0,1,0,0,0,8.445E+20,5.67478E+21,1.39236E+16,5.11207E+16
64690,,14,6,26,110,2017,8,17,3,3,2,6,0,1,0,0,0,0,0,9.1742E+20,5.68391E+21,1.49708E+16,5.11539E+16
64691,,14,6,26,370,2017,8,7,3,3,5,3,0,1,0,0,0,0,0,9.05714E+20,5.69765E+21,1.48198E+16,5.12852E+16
64692,,14,6,25,190,2017,8,18,3,2,8,1,0,0,0,0,1,0,0,8.82077E+20,5.67718E+21,1.44607E+16,5.11184E+16
64693,,14,6,28,80,2017,8,20,3,3,8,1,0,1,0,0,1,2,0,8.42801E+20,5.6536E+21,1.38794E+16,5.0932E+16
64694,,14,6,28,270,2017,8,8,3,3,5,3,0,1,0,0,0,0,0,8.47087E+20,5.65922E+21,1.39455E+16,5.09798E+16
64695,,14,6,27,310,2017,8,13,3,3,5,3,0,1,0,0,0,0,0,8.21355E+20,5.678E+21,1.35969E+16,5.1163E+16
64696,,14,6,27,170,2017,8,19,3,3,8,1,0,1,0,0,0,0,0,8.18341E+20,5.67897E+21,1.35547E+16,5.11734E+16
64697,,14,6,12,0,2017,8,8,3,3,6,4,1,0,1,0,0,0,0,8.29335E+20,5.67019E+21,1.37035E+16,5.10885E+16
64698,,14,6,12,0,2017,8,16,3,3,2,6,0,1,0,0,0,0,0,8.31112E+20,5.66676E+21,1.37256E+16,5.10567E+16
64699,,14,6,28,190,2017,8,20,3,1,4,6,0,1,0,0,0,1,0,8.55322E+20,5.66071E+21,1.40638E+16,5.0988E+16
64700,,14,5,21,670,2017,9,14,1,3,9,6,0,1,0,1,0,0,0,7.89923E+20,5.62088E+21,1.31032E+16,5.06674E+16
64701,,14,5,23,310,2017,9,11,1,3,5,3,0,1,0,0,0,0,0,7.11741E+20,5.60698E+21,1.19907E+16,5.05763E+16
64702,,14,6,25,630,2017,9,14,2,3,0,1,1,0,0,0,0,0,0,8.78672E+20,5.67465E+21,1.44096E+16,5.1098E+16