OBJECTID,UIDENTSTLA,ULAND,UREGBEZ,UKREIS,UGEMEINDE,UJAHR,UMONAT,USTUNDE,UWOCHENTAG,UKATEGORIE,UART,UTYP1,IstRad,IstPKW,IstFuss,IstKrad,IstSonstig,LICHT,STRZUSTAND,LINREFX,LINREFY,XGCSWGS84,YGCSWGS84
64703,,14,7,29,50,2017,8,10,3,3,5,3,1,1,0,0,0,0,0,7.44389E+20,5.66949E+21,1.24927E+16,5.11247E+16
64704,,14,7,13,0,2017,9,17,2,3,4,2,0,1,0,1,0,0,0,7.27201E+20,5.69338E+21,1.22626E+16,5.13462E+16
64705,,14,7,29,50,2017,8,14,3,3,8,1,0,0,0,0,1,0,0,7.47162E+20,5.66616E+21,1.25299E+16,5.10936E+16
64706,,14,7,13,0,2017,8,19,3,3,5,3,1,1,0,0,0,0,0,7.32619E+20,5.69241E+21,1.23396E+16,5.13353E+16
64707,,14,6,27,140,2017,9,19,3,2,6,4,0,0,1,0,1,0,0,8.13442E+20,5.67808E+21,1.34841E+16,5.11681E+16
64708,,14,7,29,70,2017,8,11,3,2,5,3,0,1,0,0,0,0,0,7.53362E+20,5.69412E+21,1.2638E+16,5.13418E+16
64709,,14,6,26,310,2017,8,20,3,2,4,1,0,0,0,0,1,2,0,9.06346E+20,5.66092E+21,1.47875E+16,5.09562E+16
64710,,14,7,30,340,2017,9,14,3,3,2,6,0,1,0,0,0,0,0,7.23285E+20,5.7073E+21,1.22152E+16,5.14727E+16
64711,,14,6,26,10,2017,8,9,3,3,4,2,0,1,0,1,0,0,0,8.96997E+20,5.72515E+21,1.47262E+16,5.15375E+16
64712,,14,6,25,250,2017,8,18,3,3,0,1,0,0,0,1,0,0,0,8.5367E+20,5.68986E+21,1.40689E+16,5.12502E+16
64713,,14,5,22,540,2017,8,14,3,3,8,1,0,1,0,0,0,0,0,7.95253E+20,5.66335E+21,1.32126E+16,5.10457E+16
64714,,14,6,25,240,2017,8,14,3,3,2,6,0,1,0,1,0,0,0,8.65083E+20,5.71239E+21,1.42549E+16,5.14447E+16
64715,,14,5,22,400,2017,8,14,3,3,2,7,0,1,0,0,0,0,0,8.16353E+20,5.62105E+21,1.34762E+16,5.06552E+16
64716,,14,5,22,180,2017,8,19,3,3,9,1,0,1,0,0,0,0,0,8.07735E+20,5.64935E+21,1.33783E+16,5.09136E+16
64717,,14,6,25,280,2017,8,14,3,3,0,7,1,0,0,0,0,0,0,8.77482E+20,5.69862E+21,1.44179E+16,5.13133E+16
64718,,14,5,21,550,2017,8,11,3,3,5,3,1,1,0,0,0,0,0,7.65955E+20,5.60721E+21,1.2755E+16,5.05562E+16
64719,,14,5,11,0,2017,8,15,3,3,2,6,0,1,0,0,0,0,0,7.78368E+20,5.63676E+21,1.29521E+16,5.08156E+16
64720,,14,5,22,150,2017,8,14,3,3,3,6,0,1,0,0,1,0,0,7.83108E+20,5.6484E+21,1.30282E+16,5.09176E+16
64721,,14,5,22,70,2017,8,7,3,3,2,6,1,1,0,0,0,0,0,7.72458E+20,5.6495E+21,1.28778E+16,5.09326E+16
64722,,14,5,22,470,2017,8,15,3,2,3,2,0,1,0,1,0,0,0,8.16444E+20,5.63132E+21,1.34863E+16,5.07472E+16
64723,,14,5,11,0,2017,8,7,3,2,5,2,1,1,0,0,0,0,0,7.74861E+20,5.63767E+21,1.29031E+16,5.08254E+16
64724,,14,5,24,320,2017,8,14,2,3,3,6,0,0,0,0,1,0,0,7.47647E+20,5.61751E+21,1.25039E+16,5.06567E+16
64725,,14,7,30,300,2017,8,7,2,3,1,6,0,1,0,0,1,0,0,7.4485E+20,5.69953E+21,1.25198E+16,5.13941E+16
64726,,14,7,29,10,2017,8,16,2,3,9,7,0,1,0,0,0,0,0,7.59023E+20,5.67123E+21,1.27026E+16,5.11339E+16
64727,,14,7,29,190,2017,8,8,2,3,5,3,0,1,0,0,0,0,0,7.44388E+20,5.68716E+21,1.25047E+16,5.12833E+16
64728,,14,7,13,0,2017,8,12,2,3,5,3,1,1,0,0,0,0,0,7.41228E+20,5.69451E+21,1.24644E+16,5.13505E+16
64729,,14,5,24,330,2017,9,13,2,3,5,3,0,1,0,0,0,0,0,7.47322E+20,5.62248E+21,1.25026E+16,5.07015E+16
64730,,14,6,25,490,2017,8,16,3,3,4,1,0,1,0,0,0,0,0,8.78663E+20,5.69193E+21,1.44277E+16,5.12527E+16
64731,,14,6,12,0,2017,9,9,3,3,5,3,0,1,0,1,0,0,0,8.32426E+20,5.66583E+21,1.37434E+16,5.10476E+16
64732,,14,6,25,20,2017,8,11,3,3,2,6,0,1,0,0,1,0,0,8.82333E+20,5.68336E+21,1.44709E+16,5.11735E+16
64733,,14,7,29,140,2017,9,22,3,3,0,7,0,0,0,1,0,2,0,7.4912E+20,5.6605E+21,1.25539E+16,5.10419E+16
64734,,14,6,28,340,2017,8,15,3,3,0,7,1,0,0,0,0,0,0,8.55393E+20,5.64578E+21,1.40503E+16,5.08543E+16
64735,,14,6,28,270,2017,8,16,3,2,5,3,1,0,0,1,0,0,0,8.44582E+20,5.65969E+21,1.39104E+16,5.09854E+16
64736,,14,6,28,60,2017,9,16,4,3,5,3,0,1,0,0,0,0,0,8.28186E+20,5.64831E+21,1.36674E+16,5.0893E+16
64737,,14,6,12,0,2017,8,14,3,3,0,3,1,1,0,0,0,0,0,8.31356E+20,5.66818E+21,1.37304E+16,5.10693E+16
64738,,14,6,12,0,2017,8,15,3,3,5,3,1,1,0,0,0,0,0,8.33722E+20,5.6711E+21,1.37667E+16,5.10941E+16
64739,,14,5,24,160,2017,9,16,4,2,8,1,1,0,0,0,0,0,1,7.5594E+20,5.62937E+21,1.26292E+16,5.07596E+16
64740,,14,6,12,0,2017,8,12,3,3,1,6,0,1,0,0,0,0,0,8.31282E+20,5.66829E+21,1.37294E+16,5.10703E+16
64741,,14,6,26,110,2017,9,12,4,3,2,6,0,1,0,0,0,0,0,9.16238E+20,5.68431E+21,1.49545E+16,5.11584E+16
64742,,14,6,12,0,2017,8,8,3,2,2,6,0,1,0,0,1,0,0,8.27316E+20,5.66376E+21,1.36689E+16,5.1032E+16
64743,,14,6,26,200,2017,9,8,3,3,8,1,0,1,0,0,0,0,0,9.0892E+20,5.69822E+21,1.48662E+16,5.12881E+16
64744,,14,6,12,0,2017,8,7,3,3,3,6,0,1,0,0,1,0,0,8.32035E+20,5.67368E+21,1.37451E+16,5.11182E+16
64745,,14,6,28,410,2017,8,9,3,2,2,6,0,1,0,0,0,0,0,8.15235E+20,5.66618E+21,1.34993E+16,5.10604E+16
64746,,14,5,21,495,2017,8,17,3,2,8,1,0,0,0,1,0,0,0,7.95181E+20,5.62853E+21,1.31835E+16,5.07334E+16
64747,,14,5,21,355,2017,8,18,3,3,9,1,0,0,0,1,0,0,0,7.65902E+20,5.6082E+21,1.27549E+16,5.05651E+16
64748,,14,5,21,200,2017,8,18,3,3,3,2,0,1,0,1,0,0,0,7.78481E+20,5.62292E+21,1.29432E+16,5.06913E+16
64749,,14,5,22,120,2017,8,14,3,2,9,1,0,1,0,0,0,0,0,7.72155E+20,5.65863E+21,1.28804E+16,5.10147E+16
64750,,14,5,11,0,2017,8,9,3,3,1,6,0,1,0,0,0,0,0,7.70735E+20,5.63515E+21,1.28428E+16,5.08047E+16
64751,,14,5,24,290,2017,8,13,2,3,3,6,0,1,0,1,0,0,0,7.54139E+20,5.64116E+21,1.26119E+16,5.08661E+16
64752,,14,5,23,90,2017,8,15,2,3,2,6,0,1,0,0,0,0,0,7.40257E+20,5.59777E+21,1.23868E+16,5.04826E+16
64753,,14,5,24,330,2017,8,6,2,2,4,6,0,1,0,0,0,0,0,7.4184E+20,5.62534E+21,1.2427E+16,5.07294E+16
64754,,14,7,29,160,2017,8,6,2,3,5,3,0,1,0,0,0,0,0,7.64113E+20,5.682E+21,1.27831E+16,5.12281E+16
64755,,14,7,29,190,2017,8,11,2,2,0,1,1,0,0,0,0,0,0,7.417E+20,5.68027E+21,1.24615E+16,5.12225E+16
64756,,14,6,12,0,2017,9,17,5,2,2,6,0,1,0,1,0,0,0,8.33715E+20,5.66325E+21,1.37594E+16,5.10237E+16
64757,,14,6,25,20,2017,9,15,5,2,4,2,0,1,0,0,1,0,1,8.74475E+20,5.68471E+21,1.43604E+16,5.11908E+16
64758,,14,7,13,0,2017,8,18,2,3,5,3,0,1,0,0,1,0,0,7.40757E+20,5.69446E+21,1.24576E+16,5.13504E+16
64759,,14,7,13,0,2017,8,16,2,2,4,2,1,1,0,0,0,0,0,7.36453E+20,5.693E+21,1.2395E+16,5.1339E+16
64760,,14,7,29,410,2017,8,5,2,2,5,3,0,1,0,0,0,1,0,7.65048E+20,5.69534E+21,1.28064E+16,5.13475E+16
64761,,14,6,26,600,2017,8,10,2,3,5,3,1,1,0,0,0,0,0,8.9152E+20,5.72127E+21,1.46433E+16,5.15066E+16
64762,,14,6,26,120,2017,8,11,2,2,2,6,0,1,0,1,0,0,0,8.86433E+20,5.72532E+21,1.45748E+16,5.15463E+16
64763,,14,6,25,270,2017,8,7,2,2,4,6,0,1,0,1,0,0,0,8.41836E+20,5.68952E+21,1.38997E+16,5.12543E+16
64764,,14,6,25,360,2017,8,15,2,2,3,6,1,0,0,0,1,0,0,8.70669E+20,5.6962E+21,1.43181E+16,5.12961E+16
64765,,14,6,25,600,2017,8,14,2,3,2,6,0,1,0,0,1,0,0,8.41383E+20,5.68022E+21,1.38844E+16,5.11713E+16
64766,,14,6,25,150,2017,8,7,2,3,4,2,0,1,0,0,1,0,0,8.74476E+20,5.68471E+21,1.43604E+16,5.11908E+16
64767,,14,6,28,30,2017,8,17,2,3,3,6,1,1,0,0,0,0,0,8.63076E+20,5.65481E+21,1.4168E+16,5.09304E+16
64768,,14,6,28,190,2017,8,10,2,3,5,3,0,1,0,0,0,0,0,8.56165E+20,5.66298E+21,1.4078E+16,5.10078E+16
64769,,14,5,24,300,2017,9,23,7,3,5,1,0,1,0,0,0,2,0,7.41558E+20,5.62357E+21,1.24219E+16,5.07137E+16
64770,,14,6,25,590,2017,9,11,1,3,2,2,0,1,0,1,0,0,1,8.74619E+20,5.67046E+21,1.43476E+16,5.10631E+16
64771,,14,6,28,205,2017,9,15,5,3,0,1,0,1,0,1,0,0,1,8.21718E+20,5.6461E+21,1.35738E+16,5.08768E+16
64772,,14,6,26,30,2017,9,15,3,3,5,3,0,1,0,0,0,0,0,9.05967E+20,5.67531E+21,1.47982E+16,5.10853E+16
64773,,14,6,28,100,2017,8,6,2,2,6,4,0,1,1,0,0,0,0,8.52606E+20,5.66288E+21,1.40274E+16,5.10091E+16
64774,,14,6,25,20,2017,9,13,5,3,2,6,0,1,0,0,0,0,1,8.78461E+20,5.68372E+21,1.44161E+16,5.11793E+16
64775,,14,7,29,270,2017,9,12,3,2,5,3,0,1,0,1,0,0,0,7.21477E+20,5.68565E+21,1.21757E+16,5.1279E+16
64776,,14,6,28,80,2017,8,19,2,2,2,6,0,1,0,1,0,0,0,8.40674E+20,5.65577E+21,1.38513E+16,5.09526E+16
64777,,14,5,22,460,2017,9,9,6,2,5,3,0,0,0,1,1,0,0,7.62441E+20,5.64694E+21,1.27338E+16,5.09143E+16
64778,,14,7,13,0,2017,9,13,6,3,1,5,1,1,0,0,0,0,0,7.34156E+20,5.69329E+21,1.23622E+16,5.13426E+16
64779,,14,6,27,100,2017,8,16,2,3,2,6,0,1,0,0,1,0,0,8.16863E+20,5.66651E+21,1.35227E+16,5.10624E+16
64780,,14,6,27,210,2017,8,13,2,3,0,1,1,0,0,0,0,0,0,8.23709E+20,5.67224E+21,1.36253E+16,5.11101E+16
64781,,14,6,12,0,2017,8,17,2,3,2,2,0,1,0,1,0,0,0,8.31745E+20,5.66466E+21,1.37327E+16,5.10375E+16
64782,,14,6,27,100,2017,8,9,2,3,2,6,0,1,0,0,0,0,0,8.10175E+20,5.6657E+21,1.34269E+16,5.10589E+16
64783,,14,6,28,50,2017,8,16,2,2,4,1,0,1,0,0,0,0,0,8.32862E+20,5.65926E+21,1.37436E+16,5.09885E+16
64784,,14,5,22,170,2017,8,19,2,3,2,6,1,1,0,0,0,0,0,8.20931E+20,5.63761E+21,1.35552E+16,5.08011E+16
64785,,14,6,12,0,2017,9,18,2,3,5,2,1,1,0,0,0,0,0,8.29786E+20,5.66474E+21,1.37049E+16,5.10394E+16
64786,,14,7,29,50,2017,8,13,2,3,5,2,1,1,0,0,0,0,0,7.44012E+20,5.66848E+21,1.24866E+16,5.11157E+16
64787,,14,6,25,430,2017,9,15,2,3,2,2,0,1,0,0,1,0,0,8.36992E+20,5.67956E+21,1.38212E+16,5.11679E+16
64788,,14,7,13,0,2017,8,16,2,3,5,3,0,1,0,0,1,0,0,7.30055E+20,5.68751E+21,1.22997E+16,5.12924E+16
64789,,14,5,11,0,2017,9,15,3,3,4,2,0,1,0,1,0,0,0,7.76397E+20,5.63841E+21,1.29254E+16,5.08313E+16
64790,,14,7,30,270,2017,8,17,2,3,8,1,0,1,0,0,0,0,0,7.30069E+20,5.70317E+21,1.23101E+16,5.14329E+16
64791,,14,7,30,150,2017,8,6,2,2,4,6,0,1,0,0,1,0,0,7.37982E+20,5.70522E+21,1.24251E+16,5.14481E+16
64792,,14,6,27,210,2017,9,20,3,3,2,6,0,1,0,0,0,2,0,8.28094E+20,5.6714E+21,1.36869E+16,5.11E+16
64793,,14,7,29,60,2017,8,19,2,2,5,3,0,1,0,0,0,0,0,7.46571E+20,5.69527E+21,1.25415E+16,5.13551E+16
64794,,14,7,13,0,2017,8,10,2,3,2,6,0,0,0,0,1,0,0,7.392E+20,5.69505E+21,1.24357E+16,5.13563E+16
64795,,14,5,22,340,2017,9,15,4,3,6,6,0,0,1,0,1,0,0,8.10221E+20,5.64011E+21,1.34058E+16,5.08294E+16
64796,,14,7,29,160,2017,8,8,2,3,5,3,0,1,0,0,0,0,0,7.58543E+20,5.67903E+21,1.27013E+16,5.12041E+16
64797,,14,6,25,110,2017,8,7,2,2,5,3,0,1,0,0,0,0,0,8.7447E+20,5.68046E+21,1.43559E+16,5.11528E+16
64798,,14,5,22,50,2017,8,7,2,3,2,6,0,1,0,0,0,0,0,8.04099E+20,5.64464E+21,1.33228E+16,5.08732E+16
64799,,14,5,24,150,2017,9,2,3,3,0,7,0,1,0,0,0,2,0,7.53879E+20,5.61289E+21,1.25887E+16,5.06125E+16
64800,,14,6,28,210,2017,8,12,2,3,0,1,1,0,0,0,0,0,0,8.55349E+20,5.6535E+21,1.40572E+16,5.09235E+16
64801,,14,6,27,140,2017,8,14,2,3,3,6,0,0,0,1,1,0,0,8.10805E+20,5.6768E+21,1.34454E+16,5.11581E+16
64802,,14,6,27,220,2017,8,9,2,3,4,7,0,1,0,0,0,0,0,8.29928E+20,5.68489E+21,1.37254E+16,5.12198E+16
64803,,14,6,27,30,2017,8,6,2,2,3,6,1,0,0,0,1,0,0,8.24183E+20,5.68537E+21,1.36438E+16,5.12274E+16
64804,,14,6,28,205,2017,8,6,2,3,8,1,0,1,0,0,0,0,0,8.144E+20,5.64972E+21,1.34732E+16,5.09133E+16
64805,,14,6,12,0,2017,8,15,2,3,2,6,0,1,0,0,0,0,0,8.3093E+20,5.66429E+21,1.37208E+16,5.10347E+16
64806,,14,6,12,0,2017,8,8,2,2,8,1,1,0,0,0,0,0,0,8.34646E+20,5.6619E+21,1.37714E+16,5.1011E+16
64807,,14,6,12,0,2017,8,12,2,3,2,6,1,1,0,0,0,0,0,8.32326E+20,5.66567E+21,1.37419E+16,5.10462E+16
64808,,14,6,12,0,2017,8,13,2,3,5,3,0,1,0,0,1,0,0,8.31136E+20,5.6668E+21,1.3726E+16,5.1057E+16
64809,,14,5,22,20,2017,8,8,2,2,5,3,0,1,0,0,0,0,0,7.88796E+20,5.63845E+21,1.3101E+16,5.08256E+16
64810,,14,5,21,460,2017,8,13,2,3,8,1,0,1,0,0,0,0,0,8.06291E+20,5.62415E+21,1.33369E+16,5.06884E+16
64811,,14,5,21,140,2017,8,10,2,3,9,1,0,1,0,0,0,0,0,8.12092E+20,5.61674E+21,1.34125E+16,5.06189E+16
64812,,14,5,21,510,2017,8,12,2,3,8,1,0,0,0,0,1,0,0,7.76355E+20,5.60562E+21,1.29003E+16,5.05372E+16
64813,,14,5,11,0,2017,8,10,2,3,3,2,1,1,0,0,0,0,0,7.7779E+20,5.6371E+21,1.29441E+16,5.08189E+16
64814,,14,5,23,120,2017,8,11,1,2,3,5,0,0,0,1,0,0,0,7.41593E+20,5.59449E+21,1.24035E+16,5.04526E+16
64815,,14,5,22,210,2017,9,17,3,3,0,3,0,1,0,0,1,0,0,7.99217E+20,5.65397E+21,1.32613E+16,5.09595E+16
64816,,14,5,24,260,2017,8,19,1,3,4,6,0,1,0,1,0,0,0,7.50249E+20,5.63926E+21,1.25554E+16,5.08508E+16
64817,,14,5,23,80,2017,8,14,1,2,9,1,0,1,0,0,0,0,0,7.23354E+20,5.58036E+21,1.21386E+16,5.03329E+16
64818,,14,5,22,180,2017,8,7,2,3,2,2,0,1,0,0,1,0,0,8.08274E+20,5.65037E+21,1.33868E+16,5.09224E+16
64819,,14,5,22,220,2017,8,11,2,3,4,6,0,1,0,0,1,0,0,7.81014E+20,5.67894E+21,1.30222E+16,5.11926E+16
64820,,14,5,21,30,2017,8,7,2,2,9,1,0,0,0,1,0,0,0,7.63413E+20,5.61058E+21,1.27216E+16,5.05876E+16
64821,,14,5,22,180,2017,8,22,2,3,9,7,0,1,0,0,0,2,0,8.02967E+20,5.65157E+21,1.33126E+16,5.0936E+16
64822,,14,5,24,20,2017,8,17,1,2,8,1,0,1,0,0,0,0,0,7.56624E+20,5.63729E+21,1.26444E+16,5.08303E+16
64823,,14,7,29,140,2017,8,14,1,3,8,1,0,1,0,0,0,0,1,7.53315E+20,5.66753E+21,1.26186E+16,5.11032E+16
64824,,14,7,13,0,2017,8,19,1,2,5,3,1,1,0,0,0,0,0,7.36065E+20,5.69382E+21,1.239E+16,5.13466E+16
64825,,14,7,13,0,2017,8,10,1,3,3,1,0,1,0,0,0,0,1,7.43055E+20,5.69534E+21,1.24912E+16,5.13572E+16
64826,,14,6,12,0,2017,9,7,3,3,2,6,0,1,0,0,0,0,0,8.2105E+20,5.66673E+21,1.35825E+16,5.10622E+16
64827,,14,7,30,300,2017,9,8,3,3,2,2,0,1,0,0,0,0,0,7.43122E+20,5.69815E+21,1.24941E+16,5.13824E+16
64828,,14,7,29,140,2017,8,4,1,2,8,1,0,1,0,0,0,2,0,7.49095E+20,5.66189E+21,1.25545E+16,5.10544E+16
64829,,14,6,28,240,2017,9,20,5,2,3,6,1,1,0,0,0,2,0,8.48415E+20,5.65956E+21,1.39647E+16,5.0982E+16
64830,,14,7,30,30,2017,9,15,5,3,9,1,0,1,0,0,0,0,1,7.76507E+20,5.7282E+21,1.29962E+16,5.16367E+16
64831,,14,6,26,230,2017,9,16,6,2,4,6,0,1,0,0,0,0,0,9.12226E+20,5.69147E+21,1.49056E+16,5.12253E+16
64832,,14,6,25,570,2017,8,18,1,3,4,6,1,0,0,0,0,0,0,8.74506E+20,5.72067E+21,1.43986E+16,5.15127E+16
64833,,14,6,26,230,2017,8,11,1,3,4,2,0,1,0,0,0,0,0,9.11275E+20,5.69197E+21,1.48926E+16,5.12304E+16
64834,,14,6,26,110,2017,8,18,1,2,9,1,1,0,0,0,0,0,0,9.19121E+20,5.6853E+21,1.49966E+16,5.11651E+16
64835,,14,6,26,110,2017,8,11,1,3,5,3,0,1,0,0,0,0,0,9.17995E+20,5.68283E+21,1.49777E+16,5.11439E+16
64836,,14,6,25,290,2017,8,12,1,2,5,3,0,1,0,1,0,0,0,8.84675E+20,5.68246E+21,1.45033E+16,5.11639E+16
64837,,14,6,25,530,2017,8,10,1,2,2,7,0,0,0,1,0,0,0,8.63589E+20,5.67425E+21,1.41947E+16,5.11041E+16
64838,,14,6,28,380,2017,8,14,1,3,4,6,0,1,0,0,0,0,0,8.54938E+20,5.66824E+21,1.40657E+16,5.10558E+16
64839,,14,6,27,310,2017,8,15,1,2,0,1,1,0,0,0,0,0,0,8.21078E+20,5.67716E+21,1.35922E+16,5.11556E+16
64840,,14,6,12,0,2017,8,15,1,3,8,1,1,0,0,0,0,0,0,8.47016E+20,5.66553E+21,1.39505E+16,5.10363E+16
64841,,14,6,12,0,2017,8,1,1,3,9,1,0,1,0,0,0,2,1,8.37119E+20,5.66798E+21,1.38122E+16,5.10641E+16
64842,,14,5,22,140,2017,8,16,1,3,9,1,0,1,0,1,0,0,0,7.90987E+20,5.64223E+21,1.31351E+16,5.08584E+16
64843,,14,6,28,80,2017,9,7,1,3,8,1,0,1,0,0,0,1,1,8.43555E+20,5.65328E+21,1.38898E+16,5.09286E+16
64844,,14,7,29,150,2017,9,4,2,2,2,6,0,1,0,0,1,2,0,7.57946E+20,5.6608E+21,1.26798E+16,5.10407E+16
64845,,14,7,29,245,2017,8,16,1,1,5,3,0,1,0,0,0,0,0,7.60375E+20,5.70264E+21,1.27447E+16,5.14151E+16
64846,,14,6,25,525,2017,9,14,2,3,2,6,0,1,0,0,0,0,0,8.81136E+20,5.67545E+21,1.44455E+16,5.11035E+16
64847,,14,6,25,240,2017,8,21,1,3,4,2,0,1,0,0,0,2,0,8.64746E+20,5.71128E+21,1.42489E+16,5.1435E+16
64848,,14,6,26,230,2017,8,11,1,2,3,6,1,1,0,0,0,0,0,9.08559E+20,5.69555E+21,1.4858E+16,5.12645E+16
64849,,14,5,24,330,2017,9,14,2,3,5,2,0,1,0,0,1,0,0,7.46546E+20,5.62666E+21,1.24945E+16,5.07393E+16
64850,,14,6,26,190,2017,8,5,1,2,9,1,0,1,0,0,0,1,0,8.93099E+20,5.69595E+21,1.4638E+16,5.12789E+16
64851,,14,6,28,270,2017,8,14,1,3,0,1,0,0,0,1,0,0,1,8.45367E+20,5.65647E+21,1.39185E+16,5.09561E+16
64852,,14,6,27,290,2017,9,11,3,2,2,7,0,1,0,0,0,0,0,8.29428E+20,5.68937E+21,1.37224E+16,5.12603E+16
64853,,14,6,27,50,2017,8,2,1,2,5,3,1,1,0,0,0,2,0,8.09596E+20,5.70552E+21,1.34531E+16,5.14162E+16
64854,,14,6,27,100,2017,8,16,1,3,8,1,0,1,0,0,0,0,1,8.16208E+20,5.66734E+21,1.35142E+16,5.10703E+16
64855,,14,5,21,260,2017,8,12,1,3,0,1,0,0,0,1,0,0,0,7.69626E+20,5.60987E+21,1.28086E+16,5.05784E+16
64856,,14,6,28,410,2017,8,17,1,3,5,3,0,1,0,0,0,0,0,8.17778E+20,5.66553E+21,1.35349E+16,5.10532E+16
64857,,14,7,29,50,2017,8,13,1,1,2,6,0,1,0,1,0,0,0,7.47121E+20,5.66621E+21,1.25294E+16,5.10941E+16
64858,,14,6,28,110,2017,8,10,1,3,9,1,0,0,0,1,0,0,0,8.27648E+20,5.65884E+21,1.36692E+16,5.09877E+16
64859,,14,5,11,0,2017,8,18,1,3,5,2,0,1,0,0,0,0,0,7.76551E+20,5.64079E+21,1.29294E+16,5.08526E+16
64860,,14,6,28,410,2017,8,15,1,3,2,6,0,1,0,0,0,0,1,8.14325E+20,5.66602E+21,1.34862E+16,5.10595E+16
64861,,14,6,26,110,2017,9,11,4,3,2,6,0,1,0,0,1,0,1,9.17428E+20,5.68505E+21,1.49722E+16,5.11642E+16
64862,,14,6,12,0,2017,8,17,1,2,2,6,0,1,0,0,0,0,0,8.2704E+20,5.66829E+21,1.36691E+16,5.10727E+16
64863,,14,6,28,410,2017,8,15,1,2,2,6,0,1,0,0,1,0,0,8.13397E+20,5.66598E+21,1.3473E+16,5.10596E+16
64864,,14,5,21,390,2017,8,10,1,2,8,1,0,1,0,0,0,0,0,7.94898E+20,5.61423E+21,1.31681E+16,5.06053E+16
64865,,14,5,21,600,2017,8,20,1,2,9,1,0,1,0,0,0,2,0,7.53854E+20,5.60611E+21,1.25837E+16,5.05517E+16
64866,,14,5,24,30,2017,8,5,7,3,8,7,0,1,0,0,0,0,1,7.41296E+20,5.63144E+21,1.24233E+16,5.07844E+16
64867,,14,7,30,190,2017,8,16,7,3,9,1,0,1,0,0,0,0,0,7.66252E+20,5.71288E+21,1.28368E+16,5.15042E+16
64868,,14,7,29,270,2017,8,11,7,3,5,3,0,1,0,0,1,0,0,7.25102E+20,5.68913E+21,1.22298E+16,5.13089E+16
64869,,14,6,28,40,2017,8,1,7,3,8,1,0,1,0,0,0,2,1,8.45348E+20,5.6499E+21,1.3912E+16,5.08973E+16
64870,,14,6,27,310,2017,8,10,7,2,2,1,1,0,0,0,0,0,0,8.21928E+20,5.67794E+21,1.3605E+16,5.11621E+16
64871,,14,6,25,380,2017,9,16,4,3,3,2,1,1,0,0,0,0,0,8.72259E+20,5.67367E+21,1.43174E+16,5.10934E+16
64872,,14,6,27,100,2017,8,16,7,3,5,3,0,0,0,1,1,0,0,8.1561E+20,5.66809E+21,1.35063E+16,5.10773E+16
64873,,14,6,28,205,2017,8,7,7,2,8,1,0,0,0,1,0,0,1,8.18743E+20,5.64234E+21,1.35283E+16,5.08447E+16
64874,,14,6,28,370,2017,9,22,4,3,6,6,0,1,1,0,0,2,0,8.51269E+20,5.65757E+21,1.40033E+16,5.09624E+16
64875,,14,6,12,0,2017,8,16,7,3,3,2,1,1,0,0,0,0,0,8.31664E+20,5.6643E+21,1.37312E+16,5.10344E+16
64876,,14,5,21,210,2017,8,4,7,2,4,1,0,1,0,0,0,2,1,7.76996E+20,5.61588E+21,1.2917E+16,5.06288E+16
64877,,14,5,23,365,2017,8,6,6,2,8,1,0,1,0,0,0,0,1,7.11788E+20,5.60365E+21,1.19894E+16,5.05464E+16
64878,,14,5,23,340,2017,8,17,6,2,6,2,0,1,1,0,0,0,1,7.3447E+20,5.61427E+21,1.23157E+16,5.0633E+16
64879,,14,7,30,230,2017,8,14,6,3,8,1,0,0,0,0,1,0,0,7.84917E+20,5.69199E+21,1.30883E+16,5.13078E+16
64880,,14,7,30,70,2017,8,6,6,2,8,1,0,1,0,0,0,0,1,7.3405E+20,5.71203E+21,1.23731E+16,5.15109E+16
64881,,14,7,13,0,2017,8,12,6,3,3,2,1,1,0,0,0,0,0,7.3664E+20,5.69211E+21,1.23971E+16,5.13309E+16
64882,,14,7,13,0,2017,8,8,6,3,5,2,1,1,0,0,0,0,1,7.35956E+20,5.69379E+21,1.23884E+16,5.13463E+16
64883,,14,7,30,270,2017,8,6,6,3,0,7,0,1,0,1,0,0,1,7.25496E+20,5.69972E+21,1.22422E+16,5.14038E+16
64884,,14,7,29,160,2017,8,0,6,2,8,1,0,1,0,0,0,2,1,7.59658E+20,5.68504E+21,1.27216E+16,5.12575E+16
64885,,14,7,30,250,2017,8,17,6,2,8,1,0,0,0,0,1,0,1,7.32362E+20,5.70785E+21,1.23461E+16,5.14741E+16
64886,,14,6,27,30,2017,9,7,5,3,9,1,0,1,0,0,0,0,1,8.23535E+20,5.68821E+21,1.36371E+16,5.12533E+16
64887,,14,6,25,330,2017,9,16,5,3,8,1,0,0,0,0,1,0,1,8.7609E+20,5.70599E+21,1.44058E+16,5.13802E+16
64888,,14,5,21,130,2017,8,14,1,2,4,6,0,1,0,1,0,0,0,7.78146E+20,5.60255E+21,1.29232E+16,5.05088E+16
64889,,14,5,23,430,2017,8,9,7,3,9,1,0,1,0,0,0,0,1,7.32599E+20,5.60674E+21,1.22846E+16,5.05662E+16
64890,,14,6,27,140,2017,9,14,4,3,1,6,0,1,0,0,0,0,0,8.14095E+20,5.67821E+21,1.34935E+16,5.11689E+16
64891,,14,5,23,320,2017,8,15,7,2,4,2,0,1,0,0,0,0,0,7.27105E+20,5.59931E+21,1.22026E+16,5.05016E+16
64892,,14,5,24,190,2017,8,18,7,2,3,6,0,1,0,1,0,0,0,7.42266E+20,5.63782E+21,1.24413E+16,5.08413E+16