OBJECTID,UIDENTSTLA,ULAND,UREGBEZ,UKREIS,UGEMEINDE,UJAHR,UMONAT,USTUNDE,UWOCHENTAG,UKATEGORIE,UART,UTYP1,IstRad,IstPKW,IstFuss,IstKrad,IstSonstig,LICHT,STRZUSTAND,LINREFX,LINREFY,XGCSWGS84,YGCSWGS84
64893,,14,7,30,230,2017,8,7,7,3,9,1,0,1,0,0,0,0,1,7.84519E+20,5.69053E+21,1.30814E+16,5.12948E+16
64894,,14,7,30,70,2017,8,5,7,3,5,3,0,1,0,0,0,1,0,7.31503E+20,5.71315E+21,1.23372E+16,5.15219E+16
64895,,14,7,29,70,2017,8,18,7,3,8,1,0,1,0,0,0,0,1,7.50132E+20,5.69483E+21,1.25923E+16,5.13496E+16
64896,,14,5,22,220,2017,8,19,7,3,8,1,0,0,0,0,1,0,1,7.82117E+20,5.67698E+21,1.30364E+16,5.11745E+16
64897,,14,7,29,50,2017,8,0,7,1,9,1,0,1,0,0,0,2,1,7.43984E+20,5.66719E+21,1.24853E+16,5.11042E+16
64898,,14,6,26,610,2017,8,16,7,3,9,6,0,1,0,0,0,0,0,9.10001E+20,5.66136E+21,1.48398E+16,5.09576E+16
64899,,14,6,25,430,2017,8,14,7,2,4,2,1,0,0,0,0,0,0,8.37194E+20,5.68052E+21,1.3825E+16,5.11765E+16
64900,,14,5,24,30,2017,9,11,7,3,5,3,0,1,0,0,0,0,0,7.39067E+20,5.63409E+21,1.23935E+16,5.08092E+16
64901,,14,7,30,310,2017,9,17,1,3,5,3,1,1,0,0,0,0,0,7.77248E+20,5.71906E+21,1.29997E+16,5.15544E+16
64902,,14,6,25,240,2017,8,17,7,3,5,3,1,1,0,0,0,0,0,8.65953E+20,5.71082E+21,1.42657E+16,5.14301E+16
64903,,14,6,27,140,2017,9,6,2,3,2,6,0,1,0,0,1,1,0,8.14043E+20,5.67886E+21,1.34934E+16,5.11747E+16
64904,,14,7,30,310,2017,8,7,6,2,5,3,1,0,0,0,1,0,0,7.74946E+20,5.72093E+21,1.2968E+16,5.15723E+16
64905,,14,6,26,110,2017,8,17,7,3,6,4,0,1,1,0,0,0,0,9.17206E+20,5.68254E+21,1.49662E+16,5.11419E+16
64906,,14,7,29,300,2017,9,8,2,2,9,7,0,1,0,0,0,0,0,7.48174E+20,5.68622E+21,1.25582E+16,5.12732E+16
64907,,14,7,29,370,2017,8,16,6,2,0,7,0,1,0,0,0,0,1,7.38712E+20,5.67743E+21,1.24169E+16,5.11983E+16
64908,,14,7,13,0,2017,8,13,6,2,5,2,1,1,0,0,0,0,0,7.33561E+20,5.69308E+21,1.23536E+16,5.13409E+16
64909,,14,6,28,380,2017,8,11,7,3,5,2,0,1,0,0,0,0,1,8.6177E+20,5.6676E+21,1.41622E+16,5.10458E+16
64910,,14,6,26,140,2017,8,11,6,3,2,6,0,1,0,0,0,0,1,8.98524E+20,5.65351E+21,1.46686E+16,5.08953E+16
64911,,14,6,27,30,2017,8,17,7,3,8,1,0,0,0,1,0,0,0,8.26025E+20,5.6918E+21,1.3676E+16,5.1284E+16
64912,,14,6,26,610,2017,8,11,6,3,2,6,0,1,0,0,0,0,1,9.06715E+20,5.65456E+21,1.47856E+16,5.08991E+16
64913,,14,6,12,0,2017,8,1,7,3,3,7,0,1,0,0,0,2,0,8.29589E+20,5.6621E+21,1.36997E+16,5.10158E+16
64914,,14,6,12,0,2017,8,9,7,2,0,7,0,1,0,0,0,0,0,8.28018E+20,5.66334E+21,1.36785E+16,5.10278E+16
64915,,14,6,28,60,2017,8,9,7,2,5,3,0,1,0,1,0,0,1,8.28256E+20,5.6481E+21,1.36682E+16,5.08911E+16
64916,,14,6,12,0,2017,8,2,7,3,0,1,1,0,0,0,0,2,1,8.31944E+20,5.66815E+21,1.37387E+16,5.10687E+16
64917,,14,5,11,0,2017,9,16,5,3,2,6,0,1,0,0,0,0,1,7.76708E+20,5.63402E+21,1.29265E+16,5.07918E+16
64918,,14,6,28,10,2017,8,13,7,2,9,1,0,0,0,1,0,0,1,8.31805E+20,5.63668E+21,1.37081E+16,5.07867E+16
64919,,14,6,26,60,2017,8,18,6,2,8,1,0,1,0,0,0,0,1,8.87842E+20,5.71041E+21,1.45787E+16,5.14119E+16
64920,,14,6,28,205,2017,9,15,4,2,4,1,0,1,0,0,1,0,0,8.176E+20,5.64721E+21,1.35164E+16,5.0889E+16
64921,,14,6,25,150,2017,8,11,6,3,2,6,0,1,0,0,1,0,1,8.71289E+20,5.68309E+21,1.43133E+16,5.11784E+16
64922,,14,6,12,0,2017,9,11,4,3,5,2,0,1,0,0,0,0,0,8.22507E+20,5.67017E+21,1.36063E+16,5.10921E+16
64923,,14,5,22,120,2017,8,17,7,3,5,3,1,1,0,0,0,0,0,7.76771E+20,5.65829E+21,1.29458E+16,5.10095E+16
64924,,14,5,21,630,2017,8,2,7,3,8,1,0,1,0,0,0,2,1,7.81571E+20,5.61509E+21,1.29809E+16,5.06196E+16
64925,,14,5,23,170,2017,9,9,1,3,9,7,0,1,0,0,1,0,1,7.34836E+20,5.60893E+21,1.23175E+16,5.0585E+16
64926,,14,6,27,10,2017,9,21,2,3,5,3,1,1,0,0,0,2,0,8.20453E+20,5.67368E+21,1.35802E+16,5.11247E+16
64927,,14,6,25,20,2017,8,7,6,3,5,3,1,1,0,0,0,0,0,8.77052E+20,5.68366E+21,1.4396E+16,5.11797E+16
64928,,14,7,13,0,2017,9,4,2,1,2,6,0,0,0,0,1,2,0,7.35653E+20,5.70035E+21,1.23884E+16,5.14054E+16
64929,,14,6,28,210,2017,8,14,6,3,5,2,0,1,0,0,0,0,1,8.52716E+20,5.65135E+21,1.40178E+16,5.09058E+16
64930,,14,6,28,390,2017,8,23,6,3,8,1,0,1,0,0,0,2,1,8.54427E+20,5.65381E+21,1.40444E+16,5.09268E+16
64931,,14,5,22,80,2017,9,15,3,2,5,3,0,1,0,0,0,0,1,7.87931E+20,5.67125E+21,1.31147E+16,5.11203E+16
64932,,14,6,27,100,2017,8,18,6,3,0,1,0,0,0,1,0,0,1,8.07744E+20,5.66497E+21,1.33917E+16,5.10536E+16
64933,,14,6,28,60,2017,8,18,6,3,4,1,0,1,0,0,0,0,1,8.30262E+20,5.65036E+21,1.36986E+16,5.09102E+16
64934,,14,6,26,600,2017,9,7,3,2,5,3,1,1,0,0,0,0,0,8.91713E+20,5.72156E+21,1.46464E+16,5.1509E+16
64935,,14,6,28,110,2017,8,18,6,3,9,1,0,1,0,1,0,0,1,8.26446E+20,5.66138E+21,1.36544E+16,5.10111E+16
64936,,14,6,12,0,2017,8,15,6,3,0,1,0,0,0,1,0,0,1,8.3316E+20,5.66925E+21,1.3757E+16,5.10779E+16
64937,,14,5,22,550,2017,8,13,7,2,4,1,0,1,0,0,0,0,1,7.70558E+20,5.64893E+21,1.28504E+16,5.09284E+16
64938,,14,6,12,0,2017,8,14,6,3,2,6,0,1,0,0,1,0,1,8.32553E+20,5.66764E+21,1.37469E+16,5.10637E+16
64939,,14,6,12,0,2017,8,13,6,3,2,6,0,1,0,0,0,0,1,8.34427E+20,5.67796E+21,1.37831E+16,5.11551E+16
64940,,14,5,24,60,2017,8,14,6,3,8,1,0,1,0,0,0,0,0,7.35172E+20,5.62053E+21,1.23296E+16,5.0689E+16
64941,,14,6,12,0,2017,8,17,6,3,9,1,0,1,0,0,0,0,1,8.2349E+20,5.66425E+21,1.3615E+16,5.10385E+16
64942,,14,5,23,430,2017,8,6,6,3,5,3,0,1,0,0,1,0,0,7.32543E+20,5.60521E+21,1.22829E+16,5.05525E+16
64943,,14,6,27,210,2017,8,11,6,3,4,6,0,1,0,0,0,0,1,8.28474E+20,5.67115E+21,1.36921E+16,5.10975E+16
64944,,14,5,22,50,2017,8,12,6,3,6,7,0,1,1,0,0,0,0,8.04195E+20,5.64424E+21,1.33239E+16,5.08697E+16
64945,,14,5,22,310,2017,8,16,6,2,5,3,0,1,0,0,0,0,1,7.7844E+20,5.67809E+21,1.29848E+16,5.11863E+16
64946,,14,5,22,450,2017,8,17,6,3,8,1,0,1,0,0,0,0,1,7.88481E+20,5.68118E+21,1.31306E+16,5.12091E+16
64947,,14,5,21,20,2017,8,14,6,3,8,1,0,1,0,0,0,0,1,7.86207E+20,5.61216E+21,1.3044E+16,5.0591E+16
64948,,14,5,11,0,2017,8,8,6,2,9,1,0,1,0,0,1,0,0,7.73611E+20,5.64252E+21,1.2889E+16,5.08695E+16
64949,,14,5,23,230,2017,8,14,5,3,2,6,0,1,0,0,0,0,0,7.29125E+20,5.58412E+21,1.22218E+16,5.03645E+16
64950,,14,5,24,120,2017,8,5,5,3,0,1,0,0,0,1,0,1,1,7.60861E+20,5.63429E+21,1.27023E+16,5.08016E+16
64951,,14,5,23,130,2017,8,16,5,2,9,1,0,1,0,0,0,0,1,7.4083E+20,5.58997E+21,1.23898E+16,5.04123E+16
64952,,14,5,21,540,2017,8,18,5,2,9,1,0,1,0,0,0,0,1,7.48451E+20,5.59673E+21,1.25014E+16,5.04699E+16
64953,,14,6,12,0,2017,9,7,5,3,2,6,0,1,0,0,0,0,1,8.31498E+20,5.67167E+21,1.37356E+16,5.11005E+16
64954,,14,5,23,320,2017,8,14,6,3,5,3,0,1,0,1,0,0,0,7.24366E+20,5.59257E+21,1.216E+16,5.04422E+16
64955,,14,7,30,310,2017,8,20,6,3,0,7,1,0,0,0,0,2,0,7.75328E+20,5.71976E+21,1.29726E+16,5.15616E+16
64956,,14,6,12,0,2017,9,8,4,3,5,2,1,1,0,0,0,0,0,8.35684E+20,5.66162E+21,1.37859E+16,5.1008E+16
64957,,14,7,29,270,2017,8,20,6,3,5,3,1,1,0,0,0,1,0,7.25102E+20,5.68913E+21,1.22298E+16,5.13089E+16
64958,,14,7,29,430,2017,8,13,6,2,5,3,0,0,0,1,1,0,0,7.28644E+20,5.67961E+21,1.22745E+16,5.1222E+16
64959,,14,5,24,110,2017,9,13,4,3,9,1,0,1,0,0,0,0,0,7.41466E+20,5.61315E+21,1.24138E+16,5.06201E+16
64960,,14,7,13,0,2017,8,5,6,2,5,3,0,1,0,0,1,0,0,7.32593E+20,5.69895E+21,1.23435E+16,5.1394E+16
64961,,14,6,25,480,2017,8,14,6,3,5,3,0,1,0,1,0,0,0,8.41154E+20,5.67644E+21,1.38775E+16,5.11375E+16
64962,,14,6,26,480,2017,8,17,6,2,8,1,0,1,0,0,0,0,0,9.13703E+20,5.7113E+21,1.49496E+16,5.14016E+16
64963,,14,6,25,90,2017,8,20,6,2,7,7,0,0,0,1,0,2,0,8.88738E+20,5.67445E+21,1.45525E+16,5.10894E+16
64964,,14,6,25,170,2017,8,14,6,1,5,3,0,1,0,0,1,0,0,8.56183E+20,5.67329E+21,1.40884E+16,5.11002E+16
64965,,14,6,28,100,2017,8,22,6,3,8,7,0,1,0,0,0,2,0,8.51123E+20,5.66225E+21,1.40057E+16,5.10044E+16
64966,,14,6,27,140,2017,8,21,6,2,8,7,0,1,0,0,0,2,0,8.14019E+20,5.67799E+21,1.34923E+16,5.1167E+16
64967,,14,6,27,220,2017,8,14,6,3,8,7,0,1,0,0,0,0,0,8.29841E+20,5.6848E+21,1.37241E+16,5.12191E+16
64968,,14,6,28,300,2017,9,9,1,2,8,1,0,1,0,0,0,0,1,8.30024E+20,5.6549E+21,1.36994E+16,5.0951E+16
64969,,14,6,12,0,2017,8,14,6,3,2,6,0,1,0,0,0,0,0,8.34493E+20,5.65991E+21,1.37674E+16,5.09933E+16
64970,,14,5,11,0,2017,9,17,2,3,2,6,0,1,0,0,0,0,0,7.74927E+20,5.63975E+21,1.29056E+16,5.0844E+16
64971,,14,5,23,170,2017,8,15,5,3,8,1,0,0,0,0,1,0,1,7.37322E+20,5.6089E+21,1.23526E+16,5.05837E+16
64972,,14,6,28,410,2017,8,17,6,3,4,1,1,1,0,0,0,0,0,8.18001E+20,5.66513E+21,1.35377E+16,5.10495E+16
64973,,14,6,27,180,2017,8,17,6,2,5,3,1,1,0,0,0,0,0,8.00172E+20,5.6664E+21,1.32851E+16,5.10705E+16
64974,,14,5,24,240,2017,8,16,5,3,9,1,0,0,0,0,1,0,0,7.47835E+20,5.64415E+21,1.25245E+16,5.08958E+16
64975,,14,5,24,330,2017,9,21,5,3,3,6,0,1,0,0,0,2,0,7.46464E+20,5.62558E+21,1.24926E+16,5.07296E+16
64976,,14,6,12,0,2017,8,7,6,3,5,3,0,1,0,0,0,0,0,8.3089E+20,5.66645E+21,1.37222E+16,5.10541E+16
64977,,14,5,21,620,2017,8,16,6,3,1,5,1,0,0,0,1,0,0,7.71501E+20,5.62255E+21,1.28443E+16,5.06913E+16
64978,,14,5,22,330,2017,8,18,6,3,9,7,0,1,0,0,0,0,0,7.79516E+20,5.65008E+21,1.29785E+16,5.09345E+16
64979,,14,5,21,270,2017,8,14,6,2,5,3,0,1,0,1,0,0,0,7.90722E+20,5.63171E+21,1.3123E+16,5.07642E+16
64980,,14,5,22,590,2017,8,21,6,3,9,1,0,0,0,1,0,2,0,8.09275E+20,5.64328E+21,1.3395E+16,5.08583E+16
64981,,14,5,22,180,2017,8,18,6,2,6,4,0,0,1,1,0,0,0,8.04908E+20,5.65021E+21,1.3339E+16,5.09228E+16
64982,,14,5,22,50,2017,8,9,6,3,5,2,1,0,0,0,1,0,0,8.04007E+20,5.64334E+21,1.33205E+16,5.08617E+16
64983,,14,5,22,590,2017,8,14,6,3,0,1,1,0,0,0,0,0,0,8.09551E+20,5.64485E+21,1.34003E+16,5.08723E+16
64984,,14,5,21,30,2017,8,17,6,2,5,3,0,1,0,1,0,0,0,7.63269E+20,5.61022E+21,1.27193E+16,5.05845E+16
64985,,14,5,21,30,2017,8,17,6,3,2,6,0,1,0,0,0,0,0,7.61945E+20,5.61018E+21,1.27006E+16,5.05847E+16
64986,,14,6,26,20,2017,9,14,7,3,5,3,0,1,0,0,0,0,0,8.86318E+20,5.67191E+21,1.45154E+16,5.10684E+16
64987,,14,6,27,360,2017,9,14,1,2,8,6,0,1,0,0,0,0,0,8.01289E+20,5.69413E+21,1.33243E+16,5.13185E+16
64988,,14,5,11,0,2017,9,14,2,3,5,3,0,1,0,0,0,0,0,7.76767E+20,5.63908E+21,1.29311E+16,5.08371E+16
64989,,14,5,24,120,2017,8,11,5,2,6,4,0,1,1,0,0,0,0,7.61005E+20,5.63395E+21,1.27041E+16,5.07984E+16
64990,,14,6,25,40,2017,9,14,2,3,0,7,0,0,0,1,0,0,0,8.59121E+20,5.67483E+21,1.41317E+16,5.11121E+16
64991,,14,7,30,310,2017,8,9,5,3,0,7,0,0,0,0,1,0,1,7.74511E+20,5.7202E+21,1.29612E+16,5.15659E+16
64992,,14,7,30,270,2017,8,5,5,2,8,6,0,1,0,0,1,2,1,7.21681E+20,5.70016E+21,1.21877E+16,5.14093E+16
64993,,14,5,21,710,2017,9,20,3,2,8,1,0,1,0,0,0,2,0,7.69639E+20,5.61381E+21,1.28117E+16,5.06138E+16
64994,,14,7,29,270,2017,8,16,5,3,5,3,0,1,0,1,0,0,0,7.23517E+20,5.6875E+21,1.22061E+16,5.12949E+16
64995,,14,7,30,190,2017,8,11,5,2,9,1,0,1,0,0,0,0,0,7.69229E+20,5.71429E+21,1.28806E+16,5.15155E+16
64996,,14,5,23,380,2017,8,5,5,3,5,3,1,1,0,0,0,0,0,7.48537E+20,5.60409E+21,1.25075E+16,5.05358E+16
64997,,14,6,25,280,2017,8,18,5,3,8,1,0,1,0,0,0,0,0,8.71668E+20,5.70161E+21,1.4338E+16,5.13439E+16
64998,,14,6,25,20,2017,8,7,5,3,3,6,1,0,0,0,1,0,0,8.78467E+20,5.68372E+21,1.44162E+16,5.11793E+16
64999,,14,5,24,190,2017,8,14,5,2,8,6,0,1,0,1,0,0,0,7.41311E+20,5.63699E+21,1.24272E+16,5.08342E+16
65000,,14,6,26,580,2017,8,15,5,2,3,6,0,1,0,0,1,0,0,9.07194E+20,5.68992E+21,1.48322E+16,5.12151E+16
65001,,14,7,29,400,2017,8,18,5,3,3,2,0,1,0,0,0,0,0,7.61371E+20,5.68697E+21,1.27475E+16,5.1274E+16
65002,,14,7,13,0,2017,8,14,5,3,4,6,1,0,0,0,0,0,0,7.35094E+20,5.69354E+21,1.23758E+16,5.13444E+16
65003,,14,7,29,160,2017,8,9,5,3,5,3,0,1,0,0,0,0,0,7.60282E+20,5.68486E+21,1.27304E+16,5.12556E+16
65004,,14,6,28,270,2017,8,12,5,3,5,3,0,1,0,0,0,0,0,8.45394E+20,5.6566E+21,1.3919E+16,5.09572E+16
65005,,14,6,27,10,2017,8,7,5,3,5,3,1,0,0,0,1,0,0,8.20526E+20,5.67366E+21,1.35812E+16,5.11245E+16
65006,,14,6,12,0,2017,9,10,4,3,2,6,0,1,0,0,0,0,0,8.28564E+20,5.66968E+21,1.3692E+16,5.10843E+16
65007,,14,6,28,110,2017,8,7,5,2,0,1,0,0,0,1,0,0,1,8.23984E+20,5.66264E+21,1.36206E+16,5.10238E+16
65008,,14,6,12,0,2017,8,9,5,2,6,4,0,1,1,0,0,0,0,8.32739E+20,5.66846E+21,1.37503E+16,5.1071E+16
65009,,14,6,12,0,2017,8,7,5,3,5,3,1,1,0,0,0,0,0,8.32203E+20,5.66772E+21,1.3742E+16,5.10647E+16
65010,,14,6,12,0,2017,8,7,5,3,2,2,0,1,0,1,0,0,1,8.39857E+20,5.66788E+21,1.3851E+16,5.10616E+16
65011,,14,5,11,0,2017,8,7,5,3,2,6,0,1,0,1,0,0,1,7.7827E+20,5.64211E+21,1.29547E+16,5.08636E+16
65012,,14,7,29,50,2017,8,5,5,3,9,1,0,1,0,0,0,1,1,7.47602E+20,5.66545E+21,1.25357E+16,5.1087E+16
65013,,14,5,23,320,2017,8,5,4,3,7,7,0,0,0,1,0,0,0,7.22729E+20,5.59773E+21,1.21401E+16,5.04892E+16
65014,,14,7,29,160,2017,8,6,5,3,5,2,1,1,0,0,0,0,0,7.6456E+20,5.68577E+21,1.27923E+16,5.12617E+16
65015,,14,7,29,270,2017,8,21,5,1,8,1,0,1,0,0,0,2,0,7.22105E+20,5.68621E+21,1.21851E+16,5.12838E+16
65016,,14,7,29,300,2017,8,20,5,3,4,1,0,1,0,0,0,2,0,7.54407E+20,5.6901E+21,1.26501E+16,5.13053E+16
65017,,14,7,29,160,2017,8,11,5,3,4,2,0,1,0,1,0,0,0,7.59105E+20,5.68205E+21,1.27116E+16,5.12309E+16
65018,,14,6,12,0,2017,9,18,4,3,5,3,1,1,0,0,0,0,1,8.28561E+20,5.66716E+21,1.36897E+16,5.10618E+16
65019,,14,7,30,150,2017,8,12,5,3,5,3,0,1,0,0,0,0,0,7.43087E+20,5.70619E+21,1.24991E+16,5.14546E+16
65020,,14,6,26,610,2017,8,17,5,3,0,2,0,1,0,1,0,0,0,9.06404E+20,5.65456E+21,1.47813E+16,5.08993E+16
65021,,14,5,22,120,2017,9,13,4,2,5,3,0,1,0,0,0,0,0,7.78696E+20,5.66147E+21,1.29756E+16,5.10371E+16
65022,,14,6,25,320,2017,8,6,5,3,5,3,1,1,0,0,0,0,0,8.48581E+20,5.68038E+21,1.39871E+16,5.11684E+16
65023,,14,6,26,110,2017,8,13,5,3,5,3,1,1,0,0,0,0,0,9.17805E+20,5.6828E+21,1.4975E+16,5.11438E+16
65024,,14,7,13,0,2017,9,8,6,2,3,6,1,1,0,0,0,0,0,7.35117E+20,5.69024E+21,1.2374E+16,5.13148E+16
65025,,14,6,25,20,2017,8,9,5,3,6,4,0,1,1,0,0,0,0,8.79292E+20,5.68396E+21,1.44282E+16,5.11809E+16
65026,,14,5,24,60,2017,9,18,6,3,4,2,0,1,0,1,0,0,0,7.36945E+20,5.62222E+21,1.23558E+16,5.07034E+16
65027,,14,6,25,540,2017,8,13,5,3,8,1,0,1,0,0,1,0,0,8.54357E+20,5.69686E+21,1.40857E+16,5.13124E+16
65028,,14,6,25,220,2017,8,12,5,3,1,5,1,1,0,0,0,0,0,8.51206E+20,5.68864E+21,1.40326E+16,5.12407E+16
65029,,14,5,23,365,2017,8,15,4,2,2,6,0,1,0,0,0,0,0,7.18948E+20,5.60308E+21,1.209E+16,5.05386E+16
65030,,14,5,23,230,2017,8,15,4,2,8,1,0,1,0,0,0,0,0,7.29429E+20,5.59102E+21,1.22303E+16,5.04263E+16
65031,,14,5,23,20,2017,8,19,4,2,5,3,0,1,0,1,0,0,0,7.41005E+20,5.60015E+21,1.23989E+16,5.05036E+16
65032,,14,7,30,140,2017,8,14,4,2,2,1,0,1,0,0,0,0,0,7.46285E+20,5.70138E+21,1.25417E+16,5.141E+16
65033,,14,6,27,150,2017,9,6,5,3,8,1,0,1,0,0,0,1,1,8.22326E+20,5.68046E+21,1.36129E+16,5.11845E+16
65034,,14,6,26,30,2017,8,15,5,2,8,1,0,0,0,1,0,0,0,9.0798E+20,5.67097E+21,1.48219E+16,5.10449E+16
65035,,14,6,28,210,2017,8,16,5,3,2,6,0,1,0,0,0,0,0,8.57448E+20,5.65336E+21,1.40868E+16,5.09209E+16
65036,,14,5,22,330,2017,9,17,4,3,5,2,0,1,0,0,0,0,1,7.79136E+20,5.65056E+21,1.29735E+16,5.0939E+16
65037,,14,6,28,110,2017,8,8,5,3,5,3,0,1,0,0,0,0,0,8.24004E+20,5.66263E+21,1.36208E+16,5.10237E+16
65038,,14,6,12,0,2017,8,17,5,3,2,6,0,1,0,0,0,0,0,8.35068E+20,5.66212E+21,1.37776E+16,5.10129E+16
65039,,14,6,27,200,2017,8,6,5,2,9,1,0,1,0,0,1,0,0,8.14794E+20,5.68873E+21,1.35127E+16,5.12629E+16
65040,,14,5,21,460,2017,8,11,5,3,8,1,0,1,0,0,0,0,0,8.05476E+20,5.62047E+21,1.33223E+16,5.06558E+16
65041,,14,5,21,30,2017,8,15,5,3,2,6,0,1,0,0,0,0,0,7.61916E+20,5.61453E+21,1.27032E+16,5.06238E+16
65042,,14,5,21,530,2017,8,6,5,2,2,2,0,1,0,0,0,0,0,7.57112E+20,5.60943E+21,1.26319E+16,5.05801E+16
65043,,14,5,21,30,2017,8,21,5,2,4,2,0,1,0,1,0,2,0,7.62479E+20,5.61144E+21,1.2709E+16,5.05957E+16
65044,,14,5,24,160,2017,8,14,4,3,5,3,0,1,0,0,0,0,0,7.55858E+20,5.62936E+21,1.2628E+16,5.07595E+16
65045,,14,5,21,50,2017,9,18,1,3,4,6,0,1,0,1,0,0,0,7.59311E+20,5.6114E+21,1.26643E+16,5.05968E+16
65046,,14,5,23,340,2017,9,9,1,3,2,7,0,1,0,0,1,0,1,7.3502E+20,5.609E+21,1.23202E+16,5.05856E+16
65047,,14,7,30,270,2017,8,4,4,3,2,2,0,1,0,0,0,2,0,7.22896E+20,5.69949E+21,1.22047E+16,5.14028E+16
65048,,14,6,27,70,2017,9,9,2,3,5,3,0,1,0,1,0,0,0,8.00752E+20,5.68756E+21,1.33111E+16,5.12599E+16
65049,,14,7,29,170,2017,8,12,4,2,8,1,0,1,0,0,1,0,0,7.30215E+20,5.67107E+21,1.22915E+16,5.11447E+16
65050,,14,7,13,0,2017,8,5,4,3,2,6,0,1,0,1,0,0,0,7.2773E+20,5.69906E+21,1.22738E+16,5.1397E+16
65051,,14,7,13,0,2017,8,12,4,3,5,3,1,0,0,0,1,0,0,7.35444E+20,5.69346E+21,1.23808E+16,5.13435E+16
65052,,14,7,13,0,2017,8,11,4,2,5,3,0,1,0,1,0,0,0,7.40793E+20,5.68677E+21,1.2453E+16,5.12812E+16
65053,,14,6,26,30,2017,8,6,4,3,2,2,0,1,0,0,0,0,0,9.04799E+20,5.67347E+21,1.47796E+16,5.10696E+16
65054,,14,7,13,0,2017,8,18,4,3,3,2,1,1,0,0,0,0,0,7.28185E+20,5.69086E+21,1.22751E+16,5.13232E+16
65055,,14,6,26,400,2017,8,12,4,2,0,1,1,0,0,0,0,0,0,9.04209E+20,5.651E+21,1.47463E+16,5.0869E+16
65056,,14,6,26,85,2017,8,16,4,3,5,3,1,1,0,0,0,0,0,8.92653E+20,5.66561E+21,1.45986E+16,5.10076E+16
65057,,14,6,25,240,2017,8,14,4,2,8,2,0,1,0,0,0,0,0,8.64252E+20,5.70806E+21,1.42385E+16,5.14065E+16
65058,,14,6,25,530,2017,8,15,4,3,5,2,0,1,0,0,0,0,0,8.635E+20,5.67432E+21,1.41935E+16,5.11048E+16
65059,,14,6,25,525,2017,8,7,4,3,2,6,0,1,0,0,0,0,0,8.81082E+20,5.67519E+21,1.44445E+16,5.11012E+16
65060,,14,6,28,160,2017,8,8,4,3,5,3,1,0,0,0,1,0,0,8.4381E+20,5.65663E+21,1.38966E+16,5.09585E+16
65061,,14,5,21,20,2017,9,12,5,3,2,7,0,1,0,0,1,0,1,7.84057E+20,5.61187E+21,1.30135E+16,5.05895E+16
65062,,14,6,28,30,2017,8,16,4,3,5,3,1,1,0,0,0,0,0,8.61306E+20,5.6537E+21,1.41418E+16,5.09216E+16
65063,,14,6,26,490,2017,8,15,4,2,5,2,0,1,0,0,0,0,0,8.79879E+20,5.72E+21,1.4475E+16,5.15031E+16
65064,,14,6,25,380,2017,8,8,4,2,4,6,0,1,0,0,0,0,0,8.74259E+20,5.67437E+21,1.43466E+16,5.10983E+16
65065,,14,5,24,60,2017,9,7,3,2,5,3,0,1,0,1,0,0,0,7.36414E+20,5.61971E+21,1.23467E+16,5.06811E+16
65066,,14,6,26,450,2017,8,12,4,1,5,3,0,1,0,0,0,0,0,9.06029E+20,5.68238E+21,1.48071E+16,5.11485E+16
65067,,14,5,23,340,2017,9,18,3,3,1,5,0,1,0,1,0,0,0,7.34086E+20,5.6121E+21,1.2309E+16,5.06137E+16
65068,,14,6,28,360,2017,8,7,4,3,0,1,0,0,0,1,0,0,1,8.68941E+20,5.65958E+21,1.42559E+16,5.09693E+16
65069,,14,6,27,10,2017,8,13,4,3,1,5,0,1,0,0,1,0,0,8.2031E+20,5.67444E+21,1.35788E+16,5.11317E+16
65070,,14,6,27,140,2017,8,14,4,3,5,2,1,0,0,0,1,0,0,8.13906E+20,5.67758E+21,1.34903E+16,5.11633E+16
65071,,14,6,27,60,2017,8,9,4,3,6,7,0,1,1,0,0,0,0,8.16271E+20,5.69141E+21,1.35362E+16,5.1286E+16
65072,,14,6,28,400,2017,8,12,4,2,9,1,0,0,0,1,0,0,0,8.18896E+20,5.65576E+21,1.35422E+16,5.0965E+16
65073,,14,6,28,60,2017,8,15,4,2,3,6,0,0,0,1,1,0,0,8.26853E+20,5.64811E+21,1.36483E+16,5.0892E+16
65074,,14,6,28,110,2017,8,12,4,2,5,3,1,1,0,0,0,0,0,8.26901E+20,5.66084E+21,1.36604E+16,5.1006E+16
65075,,14,6,12,0,2017,8,12,4,3,5,3,1,1,0,0,0,0,0,8.31497E+20,5.66898E+21,1.37331E+16,5.10763E+16
65076,,14,6,12,0,2017,8,17,4,3,5,3,1,0,0,1,0,0,0,8.2948E+20,5.66983E+21,1.37052E+16,5.10851E+16
65077,,14,6,12,0,2017,8,5,4,3,8,7,0,1,0,0,0,1,1,8.40118E+20,5.66393E+21,1.3851E+16,5.10261E+16
65078,,14,6,12,0,2017,8,9,4,3,2,6,0,1,0,0,1,0,0,8.37847E+20,5.66796E+21,1.38225E+16,5.10635E+16
65079,,14,6,12,0,2017,8,16,4,3,3,2,1,1,0,0,0,0,0,8.31723E+20,5.67001E+21,1.37373E+16,5.10854E+16
65080,,14,6,12,0,2017,8,18,4,3,6,4,1,0,1,0,0,0,0,8.31848E+20,5.66752E+21,1.37368E+16,5.10631E+16
65081,,14,6,12,0,2017,8,17,4,2,5,3,1,0,0,0,1,0,0,8.32903E+20,5.66879E+21,1.3753E+16,5.10739E+16
65082,,14,6,12,0,2017,8,6,4,3,4,2,0,1,0,0,1,0,0,8.31652E+20,5.66431E+21,1.37311E+16,5.10344E+16
65083,,14,5,22,220,2017,8,16,4,3,5,3,0,1,0,0,0,0,0,7.8334E+20,5.67539E+21,1.30526E+16,5.11596E+16