OBJECTID,UIDENTSTLA,ULAND,UREGBEZ,UKREIS,UGEMEINDE,UJAHR,UMONAT,USTUNDE,UWOCHENTAG,UKATEGORIE,UART,UTYP1,IstRad,IstPKW,IstFuss,IstKrad,IstSonstig,LICHT,STRZUSTAND,LINREFX,LINREFY,XGCSWGS84,YGCSWGS84
65462,,14,5,22,10,2017,10,7,6,3,3,7,0,1,0,0,0,0,0,7.79408E+20,5.6537E+21,1.29797E+16,5.0967E+16
65463,,14,6,12,0,2017,10,10,7,3,5,2,0,1,0,0,0,0,0,8.37514E+20,5.65834E+21,1.38088E+16,5.09775E+16
65464,,14,5,24,330,2017,10,8,6,3,2,2,0,1,0,0,0,0,0,7.45934E+20,5.62399E+21,1.2484E+16,5.07156E+16
65465,,14,6,27,10,2017,10,17,7,2,8,1,1,0,0,0,0,0,0,8.22536E+20,5.67674E+21,1.36126E+16,5.1151E+16
65466,,14,6,28,270,2017,10,13,7,3,0,6,0,1,0,1,0,0,0,8.45461E+20,5.65988E+21,1.39231E+16,5.09866E+16
65467,,14,6,27,80,2017,10,13,7,3,5,3,0,1,0,0,0,0,0,8.10637E+20,5.67731E+21,1.34435E+16,5.11627E+16
65468,,14,7,30,300,2017,11,13,4,3,2,6,0,1,0,0,0,0,0,7.41908E+20,5.69702E+21,1.24759E+16,5.13728E+16
65469,,14,7,13,0,2017,10,13,1,2,8,1,0,1,0,0,0,0,1,7.3261E+20,5.69669E+21,1.23423E+16,5.13737E+16
65470,,14,6,26,110,2017,9,6,6,3,9,1,0,1,0,0,0,1,0,9.15854E+20,5.68803E+21,1.49533E+16,5.1192E+16
65471,,14,5,22,310,2017,10,12,7,2,9,1,0,1,0,0,0,0,0,7.76992E+20,5.67967E+21,1.29653E+16,5.12011E+16
65472,,14,6,25,20,2017,11,6,5,3,5,3,1,1,0,0,0,2,0,8.76948E+20,5.68365E+21,1.43945E+16,5.11796E+16
65473,,14,6,26,610,2017,10,22,1,2,5,3,0,1,0,0,0,2,0,9.07563E+20,5.65466E+21,1.47978E+16,5.08993E+16
65474,,14,6,12,0,2017,10,23,7,3,7,7,1,0,0,0,0,2,1,8.26056E+20,5.66917E+21,1.36559E+16,5.10811E+16
65475,,14,6,25,510,2017,9,17,6,2,0,1,0,0,0,0,1,0,0,8.57789E+20,5.68159E+21,1.41195E+16,5.11735E+16
65476,,14,5,22,470,2017,10,14,1,2,1,6,0,1,0,1,0,0,0,8.15805E+20,5.63114E+21,1.34771E+16,5.0746E+16
65477,,14,5,23,340,2017,11,11,5,3,2,2,0,1,0,0,0,0,0,7.32348E+20,5.61367E+21,1.22854E+16,5.06285E+16
65478,,14,6,26,110,2017,10,13,1,3,4,2,1,1,0,0,0,0,1,9.16474E+20,5.68335E+21,1.49567E+16,5.11496E+16
65479,,14,6,12,0,2017,10,21,7,3,6,4,0,1,1,0,0,2,1,8.29337E+20,5.67019E+21,1.37035E+16,5.10884E+16
65480,,14,6,25,410,2017,9,19,6,2,3,6,0,1,0,1,0,2,0,8.52987E+20,5.68019E+21,1.40497E+16,5.1164E+16
65481,,14,6,28,270,2017,10,17,1,3,5,3,0,1,0,0,0,0,0,8.45397E+20,5.6566E+21,1.3919E+16,5.09572E+16
65482,,14,6,27,270,2017,11,17,6,3,4,6,0,1,0,0,1,2,1,7.95498E+20,5.69719E+21,1.3244E+16,5.1349E+16
65483,,14,6,26,580,2017,9,14,6,1,4,2,0,1,0,0,0,0,0,9.06042E+20,5.69681E+21,1.48236E+16,5.12775E+16
65484,,14,6,26,520,2017,10,0,1,3,9,1,0,1,0,0,0,2,1,9.1588E+20,5.68914E+21,1.4955E+16,5.12018E+16
65485,,14,6,28,360,2017,9,13,6,2,9,1,0,0,0,1,0,0,0,8.73262E+20,5.65535E+21,1.43129E+16,5.09287E+16
65486,,14,5,22,460,2017,11,9,3,3,4,2,0,1,0,0,0,0,0,7.59863E+20,5.65592E+21,1.27036E+16,5.09961E+16
65487,,14,6,28,380,2017,9,16,6,2,9,1,0,0,0,1,0,0,0,8.53677E+20,5.66868E+21,1.40482E+16,5.10605E+16
65488,,14,6,26,440,2017,10,17,1,2,3,1,1,1,0,0,0,0,0,8.97507E+20,5.69675E+21,1.47017E+16,5.1283E+16
65489,,14,6,28,270,2017,9,11,6,3,5,2,0,1,0,1,0,0,0,8.47455E+20,5.65681E+21,1.39484E+16,5.09579E+16
65490,,14,5,24,330,2017,11,7,2,2,5,3,0,1,0,0,0,0,1,7.45377E+20,5.62855E+21,1.24792E+16,5.07568E+16
65491,,14,6,28,160,2017,9,18,6,3,0,7,1,0,0,0,0,0,0,8.40327E+20,5.65892E+21,1.38493E+16,5.09811E+16
65492,,14,6,27,210,2017,9,14,6,2,0,1,1,0,0,0,0,0,0,8.24323E+20,5.67201E+21,1.36338E+16,5.11076E+16
65493,,14,5,23,170,2017,11,10,2,2,2,1,0,1,0,0,0,0,0,7.40665E+20,5.6099E+21,1.24004E+16,5.05913E+16
65494,,14,6,12,0,2017,9,16,6,3,5,3,0,1,0,1,0,0,0,8.32839E+20,5.66866E+21,1.37519E+16,5.10727E+16
65495,,14,6,12,0,2017,9,16,6,3,2,6,0,1,0,0,0,0,0,8.31125E+20,5.66678E+21,1.37258E+16,5.10569E+16
65496,,14,6,12,0,2017,11,7,3,2,5,3,1,1,0,0,0,1,1,8.32951E+20,5.66366E+21,1.37489E+16,5.10278E+16
65497,,14,5,11,0,2017,11,5,4,3,3,2,1,1,0,0,0,2,1,7.77716E+20,5.64077E+21,1.29459E+16,5.08518E+16
65498,,14,5,11,0,2017,11,20,4,3,4,2,0,1,0,0,0,2,0,7.7605E+20,5.63817E+21,1.29203E+16,5.08293E+16
65499,,14,7,29,350,2017,11,12,4,3,8,7,0,0,0,0,1,0,0,7.24228E+20,5.67987E+21,1.22115E+16,5.12261E+16
65500,,14,6,27,180,2017,9,19,6,3,2,6,0,1,0,0,1,1,0,8.02395E+20,5.6628E+21,1.33138E+16,5.1037E+16
65501,,14,6,12,0,2017,10,16,7,3,2,6,0,1,0,0,0,0,0,8.34537E+20,5.66256E+21,1.37705E+16,5.10171E+16
65502,,14,6,27,100,2017,9,12,6,3,2,6,0,1,0,0,0,0,0,8.08755E+20,5.66574E+21,1.34067E+16,5.106E+16
65503,,14,6,27,360,2017,10,20,7,1,5,3,1,0,0,0,1,2,1,8.01177E+20,5.6951E+21,1.33235E+16,5.13273E+16
65504,,14,7,13,0,2017,10,15,7,3,1,6,0,1,0,0,0,0,0,7.39441E+20,5.69525E+21,1.24393E+16,5.1358E+16
65505,,14,6,12,0,2017,10,8,7,3,5,3,0,1,0,0,0,0,0,8.28681E+20,5.66491E+21,1.36894E+16,5.10415E+16
65506,,14,5,22,180,2017,10,19,7,3,2,6,0,1,0,0,0,2,1,8.02434E+20,5.64781E+21,1.33019E+16,5.09026E+16
65507,,14,5,22,10,2017,10,20,1,3,5,3,0,1,0,0,0,2,0,7.79409E+20,5.65373E+21,1.29798E+16,5.09673E+16
65508,,14,5,21,180,2017,10,10,7,3,5,3,0,1,0,0,0,0,1,7.74479E+20,5.61061E+21,1.28776E+16,5.05828E+16
65509,,14,5,23,245,2017,11,16,5,3,3,2,0,1,0,0,0,2,0,7.4608E+20,5.59451E+21,1.24666E+16,5.04509E+16
65510,,14,5,22,460,2017,10,20,1,3,8,1,0,1,0,0,0,2,0,7.57227E+20,5.64803E+21,1.26605E+16,5.09265E+16
65511,,14,5,24,330,2017,10,14,6,3,6,4,0,1,1,0,0,0,1,7.46351E+20,5.62599E+21,1.24912E+16,5.07334E+16
65512,,14,6,28,20,2017,10,17,1,3,5,3,0,1,0,0,0,0,0,8.4926E+20,5.64413E+21,1.39619E+16,5.08432E+16
65513,,14,6,25,40,2017,11,7,6,2,5,3,1,1,0,0,0,0,0,8.62701E+20,5.6772E+21,1.41851E+16,5.11311E+16
65514,,14,5,21,460,2017,10,13,1,3,8,1,0,1,0,0,0,0,1,8.0295E+20,5.61944E+21,1.32858E+16,5.06479E+16
65515,,14,5,24,330,2017,10,14,6,2,2,6,0,1,0,0,0,0,1,7.45183E+20,5.62452E+21,1.24737E+16,5.07206E+16
65516,,14,6,12,0,2017,9,12,6,2,2,6,0,1,0,0,0,0,0,8.33368E+20,5.67684E+21,1.3767E+16,5.11457E+16
65517,,14,7,30,60,2017,11,13,2,3,5,2,0,1,0,0,1,0,0,7.80629E+20,5.69581E+21,1.30299E+16,5.13442E+16
65518,,14,6,12,0,2017,11,17,2,3,5,2,1,1,0,0,0,2,1,8.31625E+20,5.66873E+21,1.37347E+16,5.1074E+16
65519,,14,5,22,180,2017,10,16,1,3,5,2,0,1,0,0,0,0,0,8.04956E+20,5.64927E+21,1.33388E+16,5.09143E+16
65520,,14,6,27,100,2017,9,23,6,3,2,6,0,0,0,0,1,2,0,8.1959E+20,5.66658E+21,1.35616E+16,5.10616E+16
65521,,14,7,30,20,2017,11,15,2,3,5,3,0,1,0,0,0,0,0,7.48105E+20,5.72205E+21,1.25823E+16,5.15947E+16
65522,,14,7,29,100,2017,11,16,2,2,5,3,0,1,0,0,0,2,1,7.26813E+20,5.67107E+21,1.22429E+16,5.11461E+16
65523,,14,5,21,390,2017,9,14,6,3,2,6,0,1,0,0,0,0,0,7.98614E+20,5.62035E+21,1.32254E+16,5.06583E+16
65524,,14,5,22,180,2017,9,12,6,3,6,4,0,1,1,0,0,0,0,8.05727E+20,5.64973E+21,1.33502E+16,5.0918E+16
65525,,14,7,13,0,2017,11,18,2,3,4,2,0,1,0,0,0,1,0,7.36524E+20,5.69028E+21,1.23942E+16,5.13146E+16
65526,,14,5,22,80,2017,9,15,6,3,5,3,1,1,0,0,0,0,0,7.86266E+20,5.67168E+21,1.30914E+16,5.11249E+16
65527,,14,5,21,550,2017,9,14,6,3,2,6,0,1,0,0,0,0,0,7.68321E+20,5.60629E+21,1.27877E+16,5.05469E+16
65528,,14,7,13,0,2017,11,15,2,3,2,6,0,1,0,0,0,0,0,7.35923E+20,5.69729E+21,1.23902E+16,5.13778E+16
65529,,14,5,22,150,2017,9,13,6,2,8,1,0,1,0,0,0,0,0,7.85339E+20,5.65089E+21,1.30618E+16,5.09389E+16
65530,,14,5,22,200,2017,9,13,6,2,4,1,0,1,0,1,0,0,0,8.05102E+20,5.63157E+21,1.33262E+16,5.07556E+16
65531,,14,6,12,0,2017,11,17,3,3,2,6,0,1,0,0,0,2,0,8.32541E+20,5.66793E+21,1.3747E+16,5.10663E+16
65532,,14,5,22,50,2017,9,18,6,2,5,3,0,1,0,0,0,0,0,8.0427E+20,5.64531E+21,1.33258E+16,5.08792E+16
65533,,14,5,22,80,2017,11,22,4,3,9,1,0,1,0,0,0,2,1,7.83581E+20,5.67512E+21,1.30558E+16,5.11571E+16
65534,,14,5,24,30,2017,9,15,5,3,8,1,0,0,0,1,0,0,0,7.40222E+20,5.63246E+21,1.24088E+16,5.0794E+16
65535,,14,7,30,110,2017,11,7,4,3,3,6,1,1,0,0,0,1,1,7.51796E+20,5.70698E+21,1.26247E+16,5.14579E+16
65536,,14,5,24,230,2017,9,7,5,3,5,3,0,1,0,1,0,0,0,7.62433E+20,5.63274E+21,1.27235E+16,5.07869E+16
65537,,14,6,26,580,2017,11,7,5,2,2,1,0,1,0,0,0,0,0,9.05726E+20,5.68976E+21,1.48111E+16,5.12147E+16
65538,,14,5,24,200,2017,11,16,5,3,2,6,0,1,0,0,0,2,0,7.51038E+20,5.62576E+21,1.25574E+16,5.07293E+16
65539,,14,5,24,330,2017,9,7,5,3,0,1,1,0,0,0,0,0,0,7.46205E+20,5.62653E+21,1.24896E+16,5.07383E+16
65540,,14,7,29,30,2017,9,14,5,3,3,6,1,1,0,0,0,0,0,7.59004E+20,5.69552E+21,1.27199E+16,5.13519E+16
65541,,14,7,13,0,2017,9,15,5,3,2,1,0,1,0,0,1,0,0,7.41922E+20,5.6847E+21,1.24677E+16,5.12622E+16
65542,,14,5,23,320,2017,10,6,6,3,4,2,0,1,0,0,0,1,1,7.21599E+20,5.59856E+21,1.21247E+16,5.0497E+16
65543,,14,7,13,0,2017,10,9,1,3,5,3,0,1,0,0,0,0,0,7.35178E+20,5.69355E+21,1.23771E+16,5.13445E+16
65544,,14,5,24,80,2017,10,6,6,3,2,6,0,1,0,0,0,2,1,7.49144E+20,5.63463E+21,1.25366E+16,5.08097E+16
65545,,14,6,25,130,2017,11,10,7,3,2,6,0,1,0,0,0,0,1,8.5963E+20,5.68701E+21,1.41512E+16,5.1221E+16
65546,,14,5,24,180,2017,10,10,6,3,9,1,0,1,0,0,0,0,1,7.66756E+20,5.64106E+21,1.27907E+16,5.08596E+16
65547,,14,5,11,0,2017,10,7,2,2,4,6,0,1,0,0,1,0,0,7.83593E+20,5.63767E+21,1.30268E+16,5.08212E+16
65548,,14,5,23,340,2017,10,17,6,3,2,6,0,1,0,0,0,1,1,7.32536E+20,5.61352E+21,1.2288E+16,5.06271E+16
65549,,14,6,12,0,2017,11,5,1,3,8,1,0,0,0,0,1,2,1,8.30367E+20,5.67467E+21,1.37223E+16,5.1128E+16
65550,,14,6,28,170,2017,11,7,6,2,4,1,0,1,0,0,0,0,1,8.28803E+20,5.6341E+21,1.36634E+16,5.07653E+16
65551,,14,5,22,330,2017,10,18,1,2,2,7,0,1,0,0,1,1,0,7.79057E+20,5.64693E+21,1.29696E+16,5.09064E+16
65552,,14,7,29,220,2017,11,9,2,2,5,3,0,1,0,0,1,0,0,7.4686E+20,5.67449E+21,1.25313E+16,5.11684E+16
65553,,14,5,23,160,2017,10,16,6,3,4,6,0,1,0,0,0,0,1,7.43067E+20,5.58302E+21,1.24168E+16,5.0349E+16
65554,,14,5,21,710,2017,10,15,2,3,2,6,0,1,0,0,0,0,0,7.68947E+20,5.61581E+21,1.28034E+16,5.0632E+16
65555,,14,7,13,0,2017,11,15,6,3,3,2,1,1,0,0,0,0,1,7.26273E+20,5.69021E+21,1.22473E+16,5.13181E+16
65556,,14,7,30,70,2017,10,23,7,3,5,3,0,1,0,0,0,2,1,7.31503E+20,5.71315E+21,1.23372E+16,5.15219E+16
65557,,14,6,26,400,2017,11,19,2,2,5,3,1,1,0,0,0,2,1,9.05542E+20,5.6512E+21,1.47653E+16,5.08699E+16
65558,,14,7,29,190,2017,10,11,6,3,5,3,0,1,0,0,1,0,0,7.41944E+20,5.68434E+21,1.24678E+16,5.1259E+16
65559,,14,6,26,110,2017,10,12,2,3,6,4,0,1,1,0,0,0,0,9.17457E+20,5.68358E+21,1.49709E+16,5.11509E+16
65560,,14,5,11,0,2017,11,11,7,3,2,2,0,1,0,0,0,0,0,7.74918E+20,5.64302E+21,1.29079E+16,5.08734E+16
65561,,14,7,30,150,2017,10,23,7,3,8,1,0,1,0,0,0,2,1,7.42808E+20,5.70623E+21,1.24951E+16,5.14551E+16
65562,,14,7,30,150,2017,11,6,6,3,8,1,0,1,0,0,0,0,1,7.42036E+20,5.7091E+21,1.2486E+16,5.14812E+16
65563,,14,5,23,320,2017,11,19,7,3,5,3,0,1,0,0,0,2,1,7.22767E+20,5.59791E+21,1.21407E+16,5.04907E+16
65564,,14,7,29,270,2017,10,11,7,3,1,6,0,1,0,0,0,0,0,7.25499E+20,5.68943E+21,1.22357E+16,5.13114E+16
65565,,14,5,22,220,2017,11,21,7,2,0,1,0,1,0,0,0,2,1,7.81302E+20,5.67892E+21,1.30263E+16,5.11924E+16
65566,,14,6,26,245,2017,11,19,1,3,4,2,0,1,0,0,0,2,1,8.95164E+20,5.6626E+21,1.46309E+16,5.09791E+16
65567,,14,6,12,0,2017,10,17,3,3,2,6,0,1,0,0,0,1,1,8.31664E+20,5.66866E+21,1.37352E+16,5.10734E+16
65568,,14,6,25,30,2017,11,9,7,3,3,2,0,1,0,1,0,0,1,8.53111E+20,5.70421E+21,1.40752E+16,5.1379E+16
65569,,14,6,12,0,2017,11,10,2,3,2,6,0,1,0,0,0,0,1,8.31771E+20,5.66483E+21,1.37332E+16,5.1039E+16
65570,,14,7,29,370,2017,10,16,6,2,9,1,0,1,0,0,0,0,1,7.4163E+20,5.67761E+21,1.24588E+16,5.11987E+16
65571,,14,5,21,20,2017,11,18,1,3,8,1,0,1,0,0,0,2,2,7.85086E+20,5.60726E+21,1.30244E+16,5.05476E+16
65572,,14,7,13,0,2017,10,15,6,2,5,3,1,1,0,0,0,0,1,7.36575E+20,5.69597E+21,1.23987E+16,5.13656E+16
65573,,14,7,30,270,2017,10,9,6,3,8,7,0,1,0,0,0,0,0,7.2219E+20,5.70179E+21,1.2196E+16,5.14237E+16
65574,,14,7,13,0,2017,10,10,6,3,2,6,0,1,0,0,0,0,0,7.31299E+20,5.69726E+21,1.23239E+16,5.13794E+16
65575,,14,7,29,270,2017,10,12,6,2,5,3,0,1,0,0,0,0,1,7.24909E+20,5.68893E+21,1.22269E+16,5.13072E+16
65576,,14,6,25,480,2017,10,6,6,3,3,2,1,0,0,0,1,2,1,8.44146E+20,5.6759E+21,1.39196E+16,5.11309E+16
65577,,14,6,26,110,2017,10,6,6,3,5,3,1,1,0,0,0,2,1,9.16031E+20,5.68318E+21,1.49502E+16,5.11484E+16
65578,,14,6,26,85,2017,10,14,5,3,2,2,0,1,0,0,0,0,0,8.93157E+20,5.66051E+21,1.46002E+16,5.09617E+16
65579,,14,6,25,190,2017,10,14,6,3,2,2,0,1,0,0,0,0,0,8.80632E+20,5.67744E+21,1.44404E+16,5.11216E+16
65580,,14,5,23,365,2017,10,6,5,3,5,2,0,1,0,0,1,1,0,7.14427E+20,5.60378E+21,1.20267E+16,5.05465E+16
65581,,14,6,27,60,2017,10,16,6,2,5,3,0,1,0,1,0,0,0,8.13199E+20,5.69881E+21,1.34988E+16,5.13541E+16
65582,,14,7,29,70,2017,10,11,6,2,5,3,1,1,0,0,0,0,0,7.50506E+20,5.69426E+21,1.25972E+16,5.13443E+16
65583,,14,6,28,60,2017,10,13,6,3,5,3,0,1,0,0,1,0,1,8.29869E+20,5.65009E+21,1.36928E+16,5.0908E+16
65584,,14,6,26,610,2017,11,23,3,3,8,1,1,0,0,0,0,2,1,9.07968E+20,5.65464E+21,1.48035E+16,5.08989E+16
65585,,14,7,29,30,2017,10,6,7,2,2,5,0,1,0,0,1,1,0,7.57094E+20,5.69728E+21,1.26938E+16,5.13685E+16
65586,,14,7,29,160,2017,9,12,5,2,2,6,0,0,0,0,1,0,0,7.55475E+20,5.68718E+21,1.26633E+16,5.12786E+16
65587,,14,5,22,360,2017,10,13,7,3,2,6,0,1,0,0,0,0,0,7.78589E+20,5.65572E+21,1.29696E+16,5.09855E+16
65588,,14,5,22,460,2017,11,15,4,2,5,3,0,1,0,0,0,0,0,7.61798E+20,5.64578E+21,1.27238E+16,5.09042E+16
65589,,14,7,13,0,2017,10,19,7,2,4,2,0,1,0,0,1,2,1,7.40361E+20,5.696E+21,1.2453E+16,5.13643E+16
65590,,14,7,29,340,2017,9,16,5,3,4,2,0,1,0,0,1,0,0,7.52937E+20,5.68521E+21,1.26256E+16,5.1262E+16
65591,,14,6,27,130,2017,10,17,7,3,5,3,0,1,0,0,0,0,0,8.00751E+20,5.68009E+21,1.33048E+16,5.11929E+16
65592,,14,5,22,60,2017,11,15,5,3,4,2,0,1,0,0,0,0,0,7.68142E+20,5.64849E+21,1.28158E+16,5.09257E+16
65593,,14,6,26,310,2017,10,23,7,3,7,7,0,1,0,0,0,2,1,9.0639E+20,5.6621E+21,1.47895E+16,5.09668E+16
65594,,14,6,26,350,2017,9,14,5,3,5,2,0,0,0,1,1,0,0,8.86817E+20,5.66889E+21,1.45192E+16,5.1041E+16
65595,,14,5,22,420,2017,10,18,1,2,5,2,0,1,0,1,0,1,0,7.82005E+20,5.64216E+21,1.30077E+16,5.08623E+16
65596,,14,7,30,30,2017,11,18,5,3,2,6,0,1,0,0,0,2,0,7.79928E+20,5.72217E+21,1.30407E+16,5.15809E+16
65597,,14,6,26,450,2017,9,16,5,3,9,1,0,1,0,0,0,0,0,9.08137E+20,5.68384E+21,1.48387E+16,5.116E+16
65598,,14,6,26,50,2017,10,12,7,1,4,1,0,1,0,0,0,0,1,9.01547E+20,5.65419E+21,1.47121E+16,5.08994E+16
65599,,14,6,25,60,2017,9,19,5,3,8,1,0,1,0,0,0,2,0,8.59535E+20,5.68145E+21,1.41442E+16,5.11712E+16
65600,,14,5,22,220,2017,11,12,6,3,5,3,0,1,0,0,0,0,0,7.83339E+20,5.67539E+21,1.30526E+16,5.11596E+16
65601,,14,6,28,30,2017,9,19,5,2,9,7,0,1,0,0,0,2,0,8.6265E+20,5.6545E+21,1.41616E+16,5.09278E+16
65602,,14,6,28,260,2017,10,12,7,2,9,1,0,1,0,0,0,0,1,8.66923E+20,5.66464E+21,1.42324E+16,5.10159E+16
65603,,14,6,28,190,2017,9,5,5,3,7,7,0,1,0,0,0,2,0,8.60626E+20,5.65957E+21,1.4138E+16,5.09745E+16
65604,,14,6,25,450,2017,11,7,7,3,8,1,0,0,0,0,1,0,2,8.49282E+20,5.68148E+21,1.39982E+16,5.11778E+16
65605,,14,6,25,340,2017,11,11,2,3,8,1,0,0,0,0,1,0,0,8.8328E+20,5.68813E+21,1.44895E+16,5.12156E+16
65606,,14,6,26,290,2017,10,13,3,3,5,3,0,0,0,0,1,0,1,8.95157E+20,5.67751E+21,1.46471E+16,5.11125E+16
65607,,14,6,12,0,2017,11,16,1,3,0,1,0,0,0,1,0,1,1,8.29303E+20,5.67028E+21,1.37031E+16,5.10893E+16
65608,,14,5,11,0,2017,11,5,3,2,2,7,0,0,0,0,1,2,1,7.64435E+20,5.63656E+21,1.27546E+16,5.08203E+16
65609,,14,5,22,140,2017,10,15,4,2,4,6,0,1,0,0,0,0,0,7.88237E+20,5.64209E+21,1.3096E+16,5.08585E+16
65610,,14,5,22,200,2017,11,6,2,3,4,6,0,1,0,0,0,2,1,8.05034E+20,5.63361E+21,1.33269E+16,5.07738E+16
65611,,14,6,12,0,2017,10,11,6,3,2,6,0,1,0,0,0,0,0,8.27129E+20,5.6682E+21,1.36703E+16,5.10719E+16
65612,,14,6,28,160,2017,11,13,2,3,2,6,0,1,0,1,0,0,1,8.43282E+20,5.65694E+21,1.38894E+16,5.09615E+16
65613,,14,6,12,0,2017,10,5,6,3,5,3,0,1,0,1,0,2,1,8.29436E+20,5.66693E+21,1.37019E+16,5.10592E+16
65614,,14,5,24,330,2017,11,11,2,3,5,3,1,1,0,0,0,0,1,7.46108E+20,5.62473E+21,1.2487E+16,5.07222E+16
65615,,14,6,28,60,2017,10,20,7,2,5,3,0,1,0,0,0,2,1,8.26755E+20,5.6513E+21,1.36498E+16,5.09206E+16
65616,,14,6,12,0,2017,10,13,6,3,2,6,0,1,0,0,0,0,0,8.25906E+20,5.66925E+21,1.36538E+16,5.1082E+16
65617,,14,6,12,0,2017,10,13,6,3,5,3,0,1,0,1,0,0,1,8.3254E+20,5.6669E+21,1.37461E+16,5.10572E+16
65618,,14,6,12,0,2017,10,11,6,3,5,3,0,1,0,0,0,0,0,8.32626E+20,5.66626E+21,1.37467E+16,5.10514E+16
65619,,14,6,12,0,2017,10,10,6,3,0,1,0,0,0,1,0,0,1,8.32561E+20,5.66602E+21,1.37455E+16,5.10492E+16
65620,,14,6,27,100,2017,10,14,6,3,3,6,0,1,0,0,0,0,0,8.09923E+20,5.66578E+21,1.34234E+16,5.10598E+16
65621,,14,6,28,270,2017,10,7,6,2,6,4,0,0,1,0,1,2,1,8.46514E+20,5.65643E+21,1.39347E+16,5.09551E+16
65622,,14,6,12,0,2017,10,10,7,3,6,4,0,1,1,0,0,0,0,8.31664E+20,5.66866E+21,1.37352E+16,5.10734E+16
65623,,14,6,28,270,2017,10,13,6,2,6,2,0,1,1,0,0,0,1,8.46401E+20,5.65807E+21,1.39347E+16,5.09698E+16
65624,,14,6,25,110,2017,10,16,7,1,5,3,0,1,0,1,0,0,0,8.74473E+20,5.68047E+21,1.4356E+16,5.11528E+16
65625,,14,5,21,430,2017,10,15,6,3,2,2,0,1,0,0,0,0,1,7.64502E+20,5.62551E+21,1.27476E+16,5.07211E+16
65626,,14,6,12,0,2017,11,5,5,2,3,6,0,1,0,0,1,2,0,8.32206E+20,5.67491E+21,1.37487E+16,5.11291E+16
65627,,14,6,12,0,2017,10,17,7,3,4,6,1,0,0,0,0,0,1,8.3566E+20,5.67681E+21,1.37996E+16,5.11441E+16
65628,,14,5,24,80,2017,10,14,1,2,9,1,0,1,0,0,0,0,0,7.46938E+20,5.63793E+21,1.25076E+16,5.08403E+16
65629,,14,5,24,330,2017,11,10,5,3,3,6,0,1,0,0,1,0,0,7.46447E+20,5.62256E+21,1.24903E+16,5.07025E+16
65630,,14,6,12,0,2017,10,14,7,3,2,6,0,1,0,0,0,0,0,8.39199E+20,5.66789E+21,1.38417E+16,5.10621E+16
65631,,14,5,21,410,2017,10,13,6,3,2,2,0,1,0,0,0,0,1,7.73202E+20,5.63081E+21,1.28745E+16,5.07646E+16
65632,,14,6,27,190,2017,9,10,5,3,5,3,0,1,0,0,0,0,0,8.08405E+20,5.69461E+21,1.34265E+16,5.1319E+16
65633,,14,6,27,60,2017,10,15,1,2,0,1,0,0,0,1,0,0,0,8.16125E+20,5.69235E+21,1.35349E+16,5.12945E+16
65634,,14,6,28,410,2017,11,16,6,2,5,3,0,1,0,1,0,2,0,8.21387E+20,5.66366E+21,1.35846E+16,5.10344E+16
65635,,14,6,12,0,2017,10,16,7,3,2,6,0,1,0,0,0,0,1,8.32629E+20,5.66627E+21,1.37467E+16,5.10514E+16
65636,,14,5,22,70,2017,10,10,6,3,5,3,0,1,0,0,1,0,1,7.7123E+20,5.65118E+21,1.28617E+16,5.09483E+16
65637,,14,6,27,10,2017,9,15,5,3,0,2,0,1,0,1,0,0,0,8.16228E+20,5.67477E+21,1.35209E+16,5.11369E+16
65638,,14,6,25,480,2017,11,7,2,3,2,6,0,1,0,0,0,0,0,8.44213E+20,5.67591E+21,1.39206E+16,5.1131E+16
65639,,14,6,27,250,2017,11,15,2,2,8,1,0,1,0,0,0,0,0,8.28812E+20,5.69627E+21,1.37199E+16,5.13225E+16
65640,,14,6,28,220,2017,9,5,5,2,0,2,1,1,0,0,0,2,0,8.35716E+20,5.65846E+21,1.37834E+16,5.09797E+16
65641,,14,6,27,100,2017,10,16,7,2,8,7,0,1,0,0,0,0,0,8.11437E+20,5.66585E+21,1.3445E+16,5.10596E+16
65642,,14,6,12,0,2017,9,11,5,3,2,2,0,1,0,0,1,0,0,8.28617E+20,5.66713E+21,1.36905E+16,5.10614E+16
65643,,14,6,25,350,2017,11,8,2,2,5,3,0,1,0,0,0,0,1,8.60833E+20,5.68952E+21,1.41708E+16,5.12426E+16
65644,,14,6,12,0,2017,9,8,5,3,2,6,0,1,0,0,1,0,0,8.30918E+20,5.66509E+21,1.37213E+16,5.10418E+16
65645,,14,6,12,0,2017,9,9,5,3,0,3,1,0,0,0,1,0,0,8.31768E+20,5.66377E+21,1.37322E+16,5.10295E+16
65646,,14,6,25,270,2017,11,6,2,3,2,6,0,1,0,0,0,2,1,8.4273E+20,5.69058E+21,1.39135E+16,5.12633E+16
65647,,14,6,12,0,2017,9,10,5,3,8,7,1,0,0,0,0,0,0,8.42454E+20,5.66833E+21,1.38884E+16,5.10641E+16
65648,,14,6,12,0,2017,9,12,5,3,5,2,0,1,0,0,1,0,0,8.31727E+20,5.67021E+21,1.37375E+16,5.10872E+16
65649,,14,6,26,110,2017,11,15,2,3,2,6,0,1,0,0,0,0,0,9.16442E+20,5.68566E+21,1.49589E+16,5.11703E+16
65650,,14,6,12,0,2017,9,19,5,3,5,3,1,0,0,0,1,2,0,8.3268E+20,5.66761E+21,1.37487E+16,5.10634E+16