OBJECTID,UIDENTSTLA,ULAND,UREGBEZ,UKREIS,UGEMEINDE,UJAHR,UMONAT,USTUNDE,UWOCHENTAG,UKATEGORIE,UART,UTYP1,IstRad,IstPKW,IstFuss,IstKrad,IstSonstig,LICHT,STRZUSTAND,LINREFX,LINREFY,XGCSWGS84,YGCSWGS84
65651,,14,5,21,495,2017,9,8,5,2,9,1,0,0,0,0,1,0,0,8.00974E+20,5.62774E+21,1.32647E+16,5.07234E+16
65652,,14,7,30,110,2017,11,20,3,2,5,3,1,1,0,0,0,2,1,7.53463E+20,5.70777E+21,1.26492E+16,5.14642E+16
65653,,14,5,21,355,2017,9,20,5,3,5,3,0,1,0,0,0,2,0,7.65859E+20,5.61055E+21,1.2756E+16,5.05862E+16
65654,,14,7,30,250,2017,11,6,4,3,2,2,1,1,0,0,0,2,0,7.34095E+20,5.70359E+21,1.23682E+16,5.14351E+16
65655,,14,6,27,310,2017,11,13,4,2,5,3,0,1,0,0,1,0,0,8.21356E+20,5.678E+21,1.35969E+16,5.1163E+16
65656,,14,5,22,380,2017,11,15,5,3,5,3,0,1,0,0,0,0,0,7.6367E+20,5.64621E+21,1.27507E+16,5.09072E+16
65657,,14,7,29,260,2017,9,8,5,3,0,6,0,1,0,0,0,0,0,7.35865E+20,5.68522E+21,1.23814E+16,5.12694E+16
65658,,14,5,21,420,2017,9,1,5,2,2,6,0,0,0,0,1,2,0,7.67582E+20,5.6285E+21,1.27933E+16,5.07465E+16
65659,,14,5,24,20,2017,9,11,5,3,0,6,0,1,0,0,1,0,0,7.57184E+20,5.63594E+21,1.26514E+16,5.0818E+16
65660,,14,5,22,330,2017,9,8,5,3,2,6,0,1,0,0,1,0,0,7.79376E+20,5.64716E+21,1.29743E+16,5.09084E+16
65661,,14,5,21,420,2017,9,9,5,2,2,1,0,1,0,0,0,0,0,7.67422E+20,5.62838E+21,1.27909E+16,5.07455E+16
65662,,14,5,24,120,2017,9,9,5,3,2,6,0,0,0,0,1,0,0,7.63277E+20,5.63626E+21,1.2738E+16,5.08182E+16
65663,,14,5,24,330,2017,9,15,4,3,5,3,1,1,0,0,0,0,0,7.46099E+20,5.62475E+21,1.24869E+16,5.07224E+16
65664,,14,6,25,20,2017,10,15,1,2,8,1,0,0,0,1,0,0,0,8.7879E+20,5.6812E+21,1.44182E+16,5.11565E+16
65665,,14,5,22,140,2017,10,13,6,3,8,1,0,1,0,0,0,0,1,7.87564E+20,5.6393E+21,1.30843E+16,5.08339E+16
65666,,14,7,13,0,2017,11,8,6,3,4,2,0,1,0,0,0,0,0,7.40886E+20,5.69636E+21,1.24608E+16,5.13673E+16
65667,,14,5,22,290,2017,11,15,5,3,8,1,0,1,0,0,0,0,0,7.69264E+20,5.65503E+21,1.28366E+16,5.09838E+16
65668,,14,6,25,20,2017,11,13,2,2,5,3,1,1,0,0,0,0,0,8.80193E+20,5.68398E+21,1.44411E+16,5.11805E+16
65669,,14,5,23,360,2017,10,15,1,2,5,3,0,1,0,0,0,0,0,7.4127E+20,5.603E+21,1.24044E+16,5.05291E+16
65670,,14,7,13,0,2017,11,17,7,3,8,1,0,0,0,0,1,2,1,7.33659E+20,5.70122E+21,1.23603E+16,5.14139E+16
65671,,14,5,21,20,2017,11,16,6,3,5,3,0,1,0,0,0,0,1,7.8396E+20,5.61015E+21,1.30108E+16,5.05741E+16
65672,,14,6,27,220,2017,10,23,7,2,2,6,0,1,0,0,1,2,1,8.31614E+20,5.68083E+21,1.37457E+16,5.11825E+16
65673,,14,6,25,120,2017,11,10,2,3,9,1,0,0,0,0,1,0,1,8.59622E+20,5.71237E+21,1.41766E+16,5.14481E+16
65674,,14,5,21,30,2017,10,12,6,3,2,6,0,1,0,0,0,0,1,7.62059E+20,5.61139E+21,1.2703E+16,5.05954E+16
65675,,14,5,21,355,2017,10,15,2,3,5,2,0,1,0,0,0,0,0,7.64246E+20,5.60767E+21,1.27312E+16,5.05611E+16
65676,,14,5,22,180,2017,11,19,2,3,6,2,0,1,1,0,0,1,1,8.04949E+20,5.64926E+21,1.33387E+16,5.09143E+16
65677,,14,6,26,110,2017,11,16,6,2,4,7,0,1,0,1,0,1,0,9.16078E+20,5.6832E+21,1.49509E+16,5.11485E+16
65678,,14,6,12,0,2017,10,18,7,3,5,3,1,1,0,0,0,2,1,8.30101E+20,5.66937E+21,1.37136E+16,5.10807E+16
65679,,14,5,24,320,2017,11,16,6,3,5,3,0,1,0,0,0,1,1,7.47796E+20,5.62E+21,1.25077E+16,5.0679E+16
65680,,14,5,21,220,2017,10,1,7,2,8,1,0,1,0,0,0,2,1,7.84661E+20,5.63219E+21,1.30376E+16,5.07715E+16
65681,,14,6,25,250,2017,11,13,7,3,5,3,1,1,0,0,0,0,1,8.55848E+20,5.69326E+21,1.41034E+16,5.12792E+16
65682,,14,5,24,280,2017,10,1,7,3,8,1,0,1,0,0,0,2,1,7.57046E+20,5.63593E+21,1.26494E+16,5.08179E+16
65683,,14,5,23,370,2017,11,12,6,3,9,1,0,1,0,0,0,0,1,7.29261E+20,5.5886E+21,1.22264E+16,5.04046E+16
65684,,14,5,21,530,2017,11,22,1,3,8,1,0,1,0,0,0,2,1,7.56696E+20,5.60868E+21,1.26256E+16,5.05735E+16
65685,,14,5,21,30,2017,10,20,6,3,5,3,0,1,0,0,0,2,1,7.6243E+20,5.6115E+21,1.27084E+16,5.05963E+16
65686,,14,6,28,270,2017,11,16,7,3,2,6,0,1,0,0,0,2,1,8.45441E+20,5.65661E+21,1.39197E+16,5.09573E+16
65687,,14,5,22,210,2017,10,19,6,2,5,3,0,1,0,0,0,2,1,8.00991E+20,5.66242E+21,1.32935E+16,5.10344E+16
65688,,14,5,11,0,2017,10,6,6,3,5,2,0,1,1,0,0,2,1,7.73516E+20,5.63666E+21,1.28833E+16,5.08169E+16
65689,,14,5,24,320,2017,10,5,5,3,2,6,0,1,0,0,0,2,0,7.50128E+20,5.61862E+21,1.25397E+16,5.06656E+16
65690,,14,5,24,300,2017,10,16,5,3,8,1,0,1,0,0,0,0,0,7.39086E+20,5.62589E+21,1.23884E+16,5.07355E+16
65691,,14,5,23,320,2017,10,11,5,2,0,7,1,0,0,0,0,0,0,7.21449E+20,5.60021E+21,1.21236E+16,5.05119E+16
65692,,14,5,24,180,2017,10,22,5,3,5,3,0,1,0,1,0,2,0,7.64287E+20,5.64137E+21,1.27559E+16,5.08635E+16
65693,,14,6,25,10,2017,10,21,4,3,1,6,0,1,0,0,0,2,0,8.4821E+20,5.67346E+21,1.39751E+16,5.11066E+16
65694,,14,5,23,450,2017,10,6,5,3,2,1,0,1,0,0,1,2,0,7.15608E+20,5.58855E+21,1.20346E+16,5.04094E+16
65695,,14,6,25,330,2017,10,14,1,2,2,6,0,1,0,1,0,0,0,8.69437E+20,5.70423E+21,1.43088E+16,5.13688E+16
65696,,14,5,21,590,2017,10,7,5,2,2,1,0,1,0,0,0,2,0,7.65291E+20,5.62441E+21,1.27579E+16,5.07108E+16
65697,,14,5,23,90,2017,10,16,1,3,2,2,0,1,0,1,0,0,0,7.40474E+20,5.59797E+21,1.239E+16,5.04843E+16
65698,,14,5,24,330,2017,10,19,5,3,5,3,0,1,0,0,0,2,0,7.45159E+20,5.62345E+21,1.24727E+16,5.0711E+16
65699,,14,6,28,270,2017,11,16,2,3,6,4,0,0,1,0,1,0,0,8.45994E+20,5.65668E+21,1.39276E+16,5.09576E+16
65700,,14,5,24,330,2017,10,15,5,2,5,3,1,1,0,0,0,0,0,7.45584E+20,5.62634E+21,1.24806E+16,5.07368E+16
65701,,14,5,22,450,2017,10,12,2,3,8,7,0,1,0,0,0,0,0,7.86814E+20,5.67949E+21,1.31054E+16,5.11947E+16
65702,,14,5,21,430,2017,10,6,5,2,8,1,0,1,0,0,0,1,0,7.65834E+20,5.62534E+21,1.27663E+16,5.0719E+16
65703,,14,5,22,500,2017,11,6,2,3,6,6,0,1,1,0,0,1,0,7.83311E+20,5.65418E+21,1.30356E+16,5.09694E+16
65704,,14,5,22,140,2017,10,21,7,3,8,1,0,1,0,0,0,2,1,7.8824E+20,5.64209E+21,1.3096E+16,5.08585E+16
65705,,14,6,28,110,2017,11,7,2,3,2,7,1,1,0,0,0,1,1,8.25616E+20,5.66178E+21,1.3643E+16,5.10152E+16
65706,,14,7,29,430,2017,10,17,5,3,1,2,0,1,0,0,0,0,0,7.31225E+20,5.67606E+21,1.23091E+16,5.11891E+16
65707,,14,6,27,270,2017,10,13,2,3,5,3,1,1,0,0,0,0,0,7.94976E+20,5.69742E+21,1.32367E+16,5.13514E+16
65708,,14,5,24,80,2017,11,18,6,3,4,2,0,1,0,0,0,2,1,7.45798E+20,5.6371E+21,1.24909E+16,5.08334E+16
65709,,14,5,22,480,2017,10,11,7,1,8,1,0,1,0,0,0,0,0,8.04286E+20,5.66038E+21,1.33386E+16,5.10143E+16
65710,,14,6,12,0,2017,11,8,2,3,0,1,1,0,0,0,0,0,1,8.3124E+20,5.66693E+21,1.37276E+16,5.10582E+16
65711,,14,7,29,350,2017,10,16,5,3,3,6,1,1,0,0,0,0,0,7.2773E+20,5.67332E+21,1.22574E+16,5.11659E+16
65712,,14,7,30,70,2017,10,22,2,3,5,3,0,1,0,0,1,2,0,7.31503E+20,5.71315E+21,1.23372E+16,5.15219E+16
65713,,14,6,26,400,2017,11,17,7,3,5,3,1,1,0,0,0,2,1,9.0435E+20,5.65104E+21,1.47483E+16,5.08692E+16
65714,,14,5,22,430,2017,10,14,7,1,8,7,0,1,0,0,0,0,1,8.01424E+20,5.64768E+21,1.32874E+16,5.09019E+16
65715,,14,7,13,0,2017,10,12,5,3,4,6,1,0,0,0,0,0,0,7.35641E+20,5.6935E+21,1.23837E+16,5.13438E+16
65716,,14,5,22,180,2017,10,13,3,3,4,6,1,1,0,0,0,0,0,8.0114E+20,5.64763E+21,1.32834E+16,5.09016E+16
65717,,14,5,22,490,2017,11,16,7,2,4,1,0,1,0,0,0,1,0,7.66745E+20,5.66205E+21,1.28059E+16,5.10479E+16
65718,,14,5,22,440,2017,11,9,1,3,5,2,0,0,0,1,1,0,1,7.94706E+20,5.64111E+21,1.31869E+16,5.08465E+16
65719,,14,6,28,190,2017,11,14,7,2,9,1,0,1,0,0,0,0,0,8.63563E+20,5.65966E+21,1.41797E+16,5.09735E+16
65720,,14,5,21,130,2017,11,5,2,3,9,1,0,1,0,0,0,2,2,7.79609E+20,5.60163E+21,1.29431E+16,5.04998E+16
65721,,14,6,25,60,2017,10,6,3,3,4,2,0,1,0,0,0,2,1,8.59128E+20,5.68239E+21,1.41394E+16,5.11799E+16
65722,,14,5,23,300,2017,11,15,7,2,9,1,0,1,0,0,0,0,0,7.22757E+20,5.59166E+21,1.21369E+16,5.04347E+16
65723,,14,7,30,110,2017,11,9,2,3,9,1,0,1,0,0,0,0,1,7.54285E+20,5.7106E+21,1.26631E+16,5.14893E+16
65724,,14,7,13,0,2017,10,16,5,3,1,6,0,1,0,0,0,1,0,7.35406E+20,5.69026E+21,1.23781E+16,5.13148E+16
65725,,14,7,30,150,2017,11,15,1,3,8,1,0,1,0,0,0,0,1,7.36861E+20,5.70307E+21,1.24075E+16,5.14292E+16
65726,,14,7,13,0,2017,10,20,5,2,8,1,0,1,0,0,0,2,0,7.30951E+20,5.70119E+21,1.23214E+16,5.14148E+16
65727,,14,6,12,0,2017,11,11,2,3,5,3,0,1,0,0,0,0,1,8.32523E+20,5.66604E+21,1.3745E+16,5.10494E+16
65728,,14,7,29,380,2017,10,6,5,1,4,1,0,1,0,0,1,2,0,7.55818E+20,5.70471E+21,1.26808E+16,5.14357E+16
65729,,14,7,13,0,2017,10,10,5,3,2,6,0,1,0,0,0,0,0,7.35059E+20,5.69024E+21,1.23732E+16,5.13148E+16
65730,,14,6,26,610,2017,10,19,5,3,2,6,0,1,0,1,0,2,0,9.05909E+20,5.65457E+21,1.47743E+16,5.08997E+16
65731,,14,6,26,590,2017,10,6,5,3,7,7,0,1,0,0,0,2,1,8.94578E+20,5.71579E+21,1.46811E+16,5.14554E+16
65732,,14,6,25,640,2017,10,6,5,3,4,6,0,1,0,0,1,2,1,8.67854E+20,5.70701E+21,1.4289E+16,5.13947E+16
65733,,14,6,25,40,2017,10,6,5,3,2,6,0,1,0,0,0,0,0,8.61409E+20,5.67625E+21,1.41657E+16,5.11235E+16
65734,,14,6,25,20,2017,10,14,5,3,2,6,0,1,0,0,0,0,0,8.77914E+20,5.68466E+21,1.44093E+16,5.11881E+16
65735,,14,6,12,0,2017,10,12,6,2,5,3,1,1,0,0,0,0,0,8.31298E+20,5.66406E+21,1.37258E+16,5.10324E+16
65736,,14,6,25,20,2017,10,17,5,3,9,1,0,0,0,0,1,1,0,8.73715E+20,5.68515E+21,1.435E+16,5.11952E+16
65737,,14,5,23,80,2017,10,6,6,3,0,7,0,0,0,1,0,1,0,7.24207E+20,5.58431E+21,1.21529E+16,5.03681E+16
65738,,14,6,27,60,2017,10,11,5,3,9,7,0,1,0,0,0,0,0,8.12519E+20,5.69367E+21,1.34846E+16,5.13084E+16
65739,,14,5,24,300,2017,11,6,3,2,6,4,0,1,1,0,0,2,1,7.39053E+20,5.62591E+21,1.2388E+16,5.07357E+16
65740,,14,5,24,30,2017,10,10,6,3,3,2,1,1,0,0,0,0,0,7.38723E+20,5.63504E+21,1.23892E+16,5.08178E+16
65741,,14,6,27,140,2017,10,12,7,3,6,2,0,1,1,0,0,0,0,8.13642E+20,5.67797E+21,1.34869E+16,5.1167E+16
65742,,14,7,13,0,2017,11,18,4,3,2,6,0,1,0,0,0,2,0,7.41585E+20,5.6968E+21,1.24711E+16,5.13709E+16
65743,,14,5,24,150,2017,10,19,6,2,9,1,0,0,0,1,0,2,1,7.54961E+20,5.61519E+21,1.26056E+16,5.06327E+16
65744,,14,5,23,200,2017,9,15,4,2,5,3,0,1,0,0,0,0,0,7.37788E+20,5.57903E+21,1.23402E+16,5.03153E+16
65745,,14,7,30,110,2017,10,14,7,2,3,2,1,1,0,0,0,0,0,7.5399E+20,5.70804E+21,1.2657E+16,5.14664E+16
65746,,14,7,30,270,2017,11,17,5,2,2,6,0,0,0,0,1,2,0,7.26475E+20,5.70151E+21,1.22574E+16,5.14195E+16
65747,,14,5,24,60,2017,10,11,6,2,5,3,0,1,0,0,0,0,0,7.37338E+20,5.61887E+21,1.23592E+16,5.06732E+16
65748,,14,6,28,400,2017,10,5,5,3,7,7,0,1,0,0,0,2,1,8.16899E+20,5.6547E+21,1.35129E+16,5.09566E+16
65749,,14,5,23,50,2017,9,6,4,2,2,6,1,1,0,0,0,2,0,7.32518E+20,5.59652E+21,1.22771E+16,5.04745E+16
65750,,14,5,22,460,2017,10,15,1,3,8,7,0,1,0,0,0,0,0,7.56217E+20,5.65253E+21,1.26493E+16,5.09673E+16
65751,,14,5,23,320,2017,11,17,5,3,2,6,0,1,0,0,0,1,0,7.22572E+20,5.59729E+21,1.21376E+16,5.04853E+16
65752,,14,7,30,230,2017,9,10,4,3,2,7,0,1,0,0,0,0,0,7.84939E+20,5.69197E+21,1.30886E+16,5.13075E+16
65753,,14,5,24,330,2017,10,17,6,3,2,6,0,1,0,0,0,0,1,7.46879E+20,5.62689E+21,1.24993E+16,5.07412E+16
65754,,14,7,13,0,2017,9,19,4,3,2,6,0,1,0,0,0,2,0,7.36161E+20,5.69441E+21,1.23917E+16,5.13518E+16
65755,,14,6,25,600,2017,11,13,6,3,1,6,0,1,0,0,0,0,0,8.4579E+20,5.67927E+21,1.39463E+16,5.11601E+16
65756,,14,7,13,0,2017,9,16,4,3,5,3,1,1,0,0,0,0,0,7.32965E+20,5.69286E+21,1.23449E+16,5.13392E+16
65757,,14,7,30,60,2017,10,9,6,3,4,1,0,1,0,0,1,0,1,7.76248E+20,5.70286E+21,1.29726E+16,5.14095E+16
65758,,14,7,13,0,2017,9,12,4,2,3,6,1,0,0,0,1,0,0,7.36209E+20,5.69399E+21,1.23921E+16,5.1348E+16
65759,,14,6,12,0,2017,11,14,2,2,3,6,0,1,0,0,1,0,0,8.31685E+20,5.67274E+21,1.37393E+16,5.111E+16
65760,,14,6,26,600,2017,9,7,4,2,0,1,1,0,0,0,0,0,1,8.89868E+20,5.72125E+21,1.46196E+16,5.15075E+16
65761,,14,6,25,30,2017,9,5,4,2,5,2,0,1,0,0,0,2,1,8.53527E+20,5.70138E+21,1.40783E+16,5.13535E+16
65762,,14,5,22,180,2017,11,15,2,3,2,2,0,1,0,0,0,0,0,8.07461E+20,5.64708E+21,1.33725E+16,5.08934E+16
65763,,14,6,26,520,2017,9,14,4,3,5,3,1,1,0,0,0,0,0,9.16252E+20,5.68483E+21,1.49553E+16,5.1163E+16
65764,,14,7,29,140,2017,11,6,1,3,6,6,0,1,1,0,0,2,0,7.47409E+20,5.66101E+21,1.25299E+16,5.10472E+16
65765,,14,6,25,640,2017,9,9,4,2,5,3,0,1,0,0,0,0,0,8.61399E+20,5.70393E+21,1.41935E+16,5.13714E+16
65766,,14,6,27,230,2017,9,14,4,2,5,2,1,1,0,0,0,0,0,7.98244E+20,5.69395E+21,1.32806E+16,5.13185E+16
65767,,14,6,12,0,2017,11,9,3,3,1,2,0,1,0,0,0,0,0,8.32079E+20,5.66773E+21,1.37403E+16,5.10648E+16
65768,,14,6,26,140,2017,11,14,3,3,2,6,0,1,0,0,0,0,1,8.98236E+20,5.65356E+21,1.46646E+16,5.0896E+16
65769,,14,6,27,150,2017,11,17,4,1,6,4,0,1,1,0,0,2,0,8.27169E+20,5.67824E+21,1.368E+16,5.11618E+16
65770,,14,5,22,180,2017,11,17,4,2,6,2,0,1,1,0,0,2,0,8.04912E+20,5.64788E+21,1.33371E+16,5.09019E+16
65771,,14,6,27,140,2017,9,14,4,3,2,6,0,1,0,0,0,0,0,8.12864E+20,5.67643E+21,1.34744E+16,5.11536E+16
65772,,14,6,12,0,2017,9,16,4,3,5,3,0,1,0,0,0,0,0,8.283E+20,5.66721E+21,1.3686E+16,5.10623E+16
65773,,14,6,12,0,2017,9,15,4,3,5,2,1,1,0,0,0,0,0,8.30732E+20,5.66441E+21,1.37181E+16,5.10359E+16
65774,,14,6,12,0,2017,9,14,4,3,5,3,1,1,0,0,0,0,0,8.31959E+20,5.66852E+21,1.37393E+16,5.1072E+16
65775,,14,6,12,0,2017,9,16,4,3,2,6,0,1,0,0,0,0,0,8.32566E+20,5.66603E+21,1.37456E+16,5.10493E+16
65776,,14,5,21,710,2017,9,12,4,3,4,6,0,1,0,0,0,0,0,7.7054E+20,5.61734E+21,1.28269E+16,5.0645E+16
65777,,14,5,21,355,2017,9,8,4,2,5,3,0,1,0,0,1,0,0,7.65146E+20,5.60771E+21,1.2744E+16,5.0561E+16
65778,,14,7,30,310,2017,9,16,3,3,5,3,1,0,0,0,0,0,0,7.76893E+20,5.71938E+21,1.29948E+16,5.15574E+16
65779,,14,7,30,110,2017,9,14,3,2,6,2,0,1,1,0,0,0,0,7.52336E+20,5.70723E+21,1.26327E+16,5.14599E+16
65780,,14,7,13,0,2017,11,19,4,3,2,6,0,1,0,0,0,2,0,7.35506E+20,5.68775E+21,1.23779E+16,5.12923E+16
65781,,14,6,28,100,2017,10,11,1,3,2,2,0,0,0,1,0,0,0,8.5121E+20,5.66867E+21,1.40132E+16,5.10618E+16
65782,,14,5,24,80,2017,11,8,5,2,2,6,0,1,0,0,1,0,0,7.48621E+20,5.63823E+21,1.25316E+16,5.08423E+16
65783,,14,7,29,80,2017,10,14,1,3,8,1,0,0,0,1,0,0,0,7.66484E+20,5.66866E+21,1.28071E+16,5.11074E+16
65784,,14,6,26,60,2017,11,19,7,3,8,1,0,1,0,0,0,2,1,8.81807E+20,5.70506E+21,1.44866E+16,5.13681E+16
65785,,14,5,23,360,2017,11,16,5,2,8,1,0,1,0,0,0,2,1,7.40224E+20,5.60475E+21,1.23908E+16,5.05453E+16
65786,,14,7,29,270,2017,10,9,6,3,5,3,0,1,0,0,0,0,1,7.25952E+20,5.68691E+21,1.22406E+16,5.12886E+16
65787,,14,6,12,0,2017,11,17,1,2,6,4,0,1,1,0,0,2,1,8.45875E+20,5.66591E+21,1.39347E+16,5.10404E+16
65788,,14,6,27,290,2017,11,20,6,3,7,7,0,1,0,0,0,2,1,8.34503E+20,5.68914E+21,1.37946E+16,5.12552E+16
65789,,14,6,25,600,2017,10,18,6,3,4,1,0,1,0,0,0,2,1,8.47097E+20,5.67847E+21,1.39641E+16,5.11522E+16
65790,,14,7,29,300,2017,11,16,6,3,2,6,0,1,0,0,0,2,1,7.47377E+20,5.69039E+21,1.25497E+16,5.1311E+16
65791,,14,6,27,260,2017,11,18,4,3,1,5,0,1,0,0,0,2,1,7.94053E+20,5.68489E+21,1.32131E+16,5.12394E+16
65792,,14,7,13,0,2017,9,18,3,3,1,6,0,1,0,0,0,1,0,7.35389E+20,5.69354E+21,1.23801E+16,5.13443E+16
65793,,14,5,23,20,2017,11,17,4,3,2,6,0,1,0,0,1,2,0,7.41012E+20,5.60027E+21,1.2399E+16,5.05047E+16
65794,,14,7,13,0,2017,11,20,5,3,8,1,0,1,0,0,0,2,0,7.33926E+20,5.69322E+21,1.23589E+16,5.13421E+16
65795,,14,5,11,0,2017,11,7,6,2,3,3,1,1,0,0,0,0,1,7.75781E+20,5.6371E+21,1.29157E+16,5.08199E+16
65796,,14,7,13,0,2017,9,18,3,3,5,3,1,1,0,0,0,0,0,7.35088E+20,5.69025E+21,1.23736E+16,5.13149E+16
65797,,14,7,13,0,2017,9,14,3,3,1,2,0,1,0,0,1,0,0,7.40712E+20,5.68653E+21,1.24516E+16,5.12791E+16
65798,,14,7,30,230,2017,9,10,3,2,6,2,0,1,1,0,0,0,0,7.86337E+20,5.69119E+21,1.31079E+16,5.12999E+16
65799,,14,7,29,160,2017,9,6,3,3,0,3,0,1,0,1,0,2,1,7.59931E+20,5.68205E+21,1.27234E+16,5.12306E+16
65800,,14,6,25,60,2017,10,15,1,2,4,2,0,1,0,0,0,0,0,8.59225E+20,5.68183E+21,1.41402E+16,5.11747E+16
65801,,14,6,12,0,2017,10,18,5,3,3,2,1,1,0,0,0,2,1,8.29731E+20,5.67198E+21,1.37107E+16,5.11043E+16
65802,,14,7,30,80,2017,10,18,1,3,8,1,0,0,0,1,0,0,0,7.5719E+20,5.70883E+21,1.27035E+16,5.1472E+16
65803,,14,6,12,0,2017,10,8,5,3,3,2,1,0,0,0,1,0,0,8.33769E+20,5.66321E+21,1.37601E+16,5.10233E+16
65804,,14,6,26,610,2017,11,13,7,2,5,3,0,1,0,0,0,0,1,9.07236E+20,5.65466E+21,1.47931E+16,5.08996E+16
65805,,14,6,25,130,2017,10,15,6,2,9,1,0,1,0,0,0,0,1,8.59714E+20,5.6848E+21,1.41501E+16,5.12011E+16
65806,,14,6,26,410,2017,11,20,1,3,8,1,0,1,0,0,0,2,1,8.8558E+20,5.67068E+21,1.45036E+16,5.10579E+16
65807,,14,5,21,560,2017,10,6,5,3,8,3,0,1,0,1,0,2,0,7.8192E+20,5.60001E+21,1.29744E+16,5.04841E+16
65808,,14,5,11,0,2017,10,16,2,3,2,6,0,1,0,0,0,0,0,7.74561E+20,5.63737E+21,1.28986E+16,5.08228E+16
65809,,14,7,29,340,2017,11,17,1,3,2,6,0,1,0,0,0,2,0,7.54299E+20,5.68772E+21,1.26469E+16,5.1284E+16
65810,,14,6,27,100,2017,11,7,6,3,8,1,0,0,0,0,1,0,0,8.06803E+20,5.66624E+21,1.33794E+16,5.10655E+16
65811,,14,6,26,110,2017,10,19,6,3,2,6,0,1,0,0,0,2,1,9.17763E+20,5.68279E+21,1.49744E+16,5.11436E+16
65812,,14,6,25,330,2017,11,16,1,2,4,1,0,1,0,0,0,2,0,8.67925E+20,5.70462E+21,1.42876E+16,5.13733E+16
65813,,14,5,11,0,2017,10,7,5,3,5,3,1,1,0,0,0,0,0,7.76358E+20,5.64144E+21,1.29271E+16,5.08585E+16
65814,,14,6,12,0,2017,10,19,2,2,6,4,0,1,1,0,0,2,0,8.29626E+20,5.66392E+21,1.37019E+16,5.10321E+16
65815,,14,7,13,0,2017,11,7,6,3,5,3,1,1,0,0,0,0,1,7.34942E+20,5.69023E+21,1.23715E+16,5.13148E+16
65816,,14,6,25,490,2017,10,23,6,3,7,7,0,1,0,0,0,2,1,8.75535E+20,5.68906E+21,1.43801E+16,5.1229E+16
65817,,14,5,11,0,2017,10,17,5,3,5,2,1,1,0,0,0,1,0,7.76921E+20,5.63758E+21,1.29322E+16,5.08236E+16
65818,,14,6,25,550,2017,10,12,2,3,4,6,0,1,0,0,1,0,0,8.47539E+20,5.70009E+21,1.39914E+16,5.13456E+16
65819,,14,5,21,30,2017,11,5,7,3,5,3,0,1,0,0,1,2,1,7.62479E+20,5.61144E+21,1.2709E+16,5.05957E+16
65820,,14,6,27,110,2017,10,9,6,3,8,6,0,1,0,1,0,0,1,8.24571E+20,5.69396E+21,1.36571E+16,5.13042E+16
65821,,14,5,23,170,2017,11,19,6,3,2,6,0,1,0,0,0,2,1,7.38555E+20,5.61139E+21,1.23716E+16,5.06055E+16
65822,,14,5,24,90,2017,11,17,7,2,3,6,0,1,0,1,0,2,1,7.568E+20,5.61899E+21,1.26342E+16,5.0666E+16
65823,,14,6,28,10,2017,10,17,6,2,0,1,0,0,0,1,0,1,1,8.31875E+20,5.63665E+21,1.37091E+16,5.07864E+16
65824,,14,6,12,0,2017,11,21,7,3,4,1,0,1,0,0,0,2,0,8.27075E+20,5.66824E+21,1.36696E+16,5.10723E+16
65825,,14,7,30,250,2017,11,5,1,3,8,1,0,1,0,0,0,2,1,7.32077E+20,5.70846E+21,1.23424E+16,5.14796E+16
65826,,14,5,11,0,2017,10,15,5,3,2,6,0,1,0,0,0,0,0,7.67571E+20,5.63585E+21,1.27985E+16,5.08125E+16
65827,,14,6,26,610,2017,11,23,7,3,9,1,0,1,0,0,0,2,2,9.07819E+20,5.6546E+21,1.48013E+16,5.08986E+16
65828,,14,5,22,330,2017,10,6,5,3,2,6,0,1,0,0,0,2,0,7.8037E+20,5.64527E+21,1.29869E+16,5.0891E+16
65829,,14,6,28,270,2017,11,18,1,3,4,1,0,1,0,0,0,2,1,8.47218E+20,5.65676E+21,1.3945E+16,5.09576E+16
65830,,14,5,24,330,2017,10,6,4,3,4,2,0,0,0,1,1,2,1,7.46206E+20,5.62652E+21,1.24896E+16,5.07382E+16
65831,,14,5,24,300,2017,10,12,4,3,2,6,0,1,0,0,1,0,0,7.38869E+20,5.62366E+21,1.23839E+16,5.07156E+16
65832,,14,5,24,180,2017,10,7,4,3,5,3,0,1,0,1,0,1,1,7.65702E+20,5.64097E+21,1.27757E+16,5.08593E+16
65833,,14,5,23,320,2017,10,7,4,2,8,1,0,1,0,0,0,0,1,7.25911E+20,5.5961E+21,1.21839E+16,5.04733E+16
65834,,14,5,23,340,2017,10,7,4,2,5,3,0,1,0,0,0,2,1,7.31964E+20,5.61391E+21,1.22802E+16,5.06309E+16
65835,,14,7,13,0,2017,10,16,4,3,2,6,0,1,0,0,0,0,0,7.32876E+20,5.69686E+21,1.23462E+16,5.13752E+16
65836,,14,6,25,430,2017,10,15,4,3,2,6,0,1,0,0,0,0,1,8.37751E+20,5.68229E+21,1.38346E+16,5.11919E+16
65837,,14,7,13,0,2017,10,11,5,3,5,3,1,1,0,0,0,0,0,7.33777E+20,5.69691E+21,1.23592E+16,5.13752E+16
65838,,14,6,27,230,2017,10,16,4,3,5,2,1,1,0,0,0,0,0,7.99483E+20,5.69245E+21,1.3297E+16,5.13044E+16
65839,,14,5,21,20,2017,10,14,6,2,2,6,0,1,0,1,0,0,0,7.83864E+20,5.6116E+21,1.30106E+16,5.05872E+16