OBJECTID,UIDENTSTLA,ULAND,UREGBEZ,UKREIS,UGEMEINDE,UJAHR,UMONAT,USTUNDE,UWOCHENTAG,UKATEGORIE,UART,UTYP1,IstRad,IstPKW,IstFuss,IstKrad,IstSonstig,LICHT,STRZUSTAND,LINREFX,LINREFY,XGCSWGS84,YGCSWGS84
65840,,14,6,28,270,2017,10,12,4,3,5,2,1,0,0,0,1,0,0,8.46345E+20,5.65666E+21,1.39325E+16,5.09572E+16
65841,,14,6,28,390,2017,11,5,3,3,9,1,0,1,0,0,1,2,1,8.54375E+20,5.6538E+21,1.40437E+16,5.09268E+16
65842,,14,6,12,0,2017,10,23,6,3,5,3,0,1,0,0,0,2,1,8.31048E+20,5.67452E+21,1.37318E+16,5.11263E+16
65843,,14,7,13,0,2017,10,15,6,3,2,6,0,1,0,0,0,0,0,7.41083E+20,5.69647E+21,1.24637E+16,5.13683E+16
65844,,14,7,30,300,2017,11,19,3,3,5,3,1,0,0,0,1,2,1,7.42884E+20,5.69769E+21,1.24903E+16,5.13784E+16
65845,,14,6,12,0,2017,10,9,6,3,5,3,1,1,0,0,0,0,0,8.32203E+20,5.66772E+21,1.3742E+16,5.10647E+16
65846,,14,6,25,480,2017,9,8,3,3,4,6,0,1,0,0,0,0,0,8.46018E+20,5.67649E+21,1.39469E+16,5.11351E+16
65847,,14,6,12,0,2017,10,14,7,3,5,2,1,1,0,0,0,0,0,8.31862E+20,5.66753E+21,1.3737E+16,5.10632E+16
65848,,14,6,12,0,2017,11,5,4,3,0,1,1,0,0,0,0,2,0,8.29611E+20,5.66522E+21,1.37029E+16,5.10437E+16
65849,,14,5,21,410,2017,10,11,6,3,5,3,0,1,0,0,0,0,0,7.73294E+20,5.63215E+21,1.28768E+16,5.07766E+16
65850,,14,6,25,570,2017,9,5,3,3,8,7,0,1,0,0,0,2,1,8.70532E+20,5.71507E+21,1.43358E+16,5.14652E+16
65851,,14,6,25,240,2017,10,15,7,3,3,2,0,1,0,0,0,0,0,8.67909E+20,5.71455E+21,1.42976E+16,5.14623E+16
65852,,14,6,12,0,2017,11,7,5,2,5,3,1,1,0,0,1,0,0,8.35347E+20,5.67512E+21,1.37936E+16,5.11292E+16
65853,,14,6,25,525,2017,9,23,3,3,9,1,0,1,0,0,0,2,1,8.78651E+20,5.67204E+21,1.44066E+16,5.10746E+16
65854,,14,5,21,10,2017,10,8,6,3,8,1,0,0,0,0,1,0,1,7.83226E+20,5.63084E+21,1.30163E+16,5.07601E+16
65855,,14,6,27,50,2017,9,10,3,3,5,3,0,1,0,0,0,0,0,8.09596E+20,5.70552E+21,1.34531E+16,5.14162E+16
65856,,14,5,23,320,2017,11,21,5,1,6,4,0,1,1,0,0,2,0,7.26412E+20,5.59903E+21,1.21927E+16,5.04994E+16
65857,,14,6,28,20,2017,9,22,3,3,8,1,1,0,0,0,0,2,1,8.47892E+20,5.64614E+21,1.39445E+16,5.0862E+16
65858,,14,5,22,210,2017,10,7,6,3,2,2,0,1,0,0,0,1,1,8.00284E+20,5.65795E+21,1.32797E+16,5.09946E+16
65859,,14,6,27,180,2017,9,14,3,3,1,5,0,1,0,1,0,0,0,8.00312E+20,5.67651E+21,1.32956E+16,5.11611E+16
65860,,14,6,28,50,2017,9,9,3,3,5,2,0,0,0,0,1,0,0,8.30841E+20,5.65923E+21,1.37149E+16,5.09894E+16
65861,,14,5,22,180,2017,10,14,6,3,2,6,0,1,0,0,1,0,1,8.04829E+20,5.64867E+21,1.33366E+16,5.0909E+16
65862,,14,6,12,0,2017,9,8,3,3,3,6,1,1,0,0,0,0,0,8.31715E+20,5.66323E+21,1.3731E+16,5.10247E+16
65863,,14,6,28,50,2017,11,21,1,2,8,1,1,0,0,0,0,2,1,8.3024E+20,5.65604E+21,1.37035E+16,5.09612E+16
65864,,14,6,12,0,2017,9,18,3,2,4,2,0,1,0,1,0,2,0,8.31382E+20,5.66814E+21,1.37307E+16,5.10689E+16
65865,,14,6,27,200,2017,11,8,1,2,0,1,1,0,0,0,0,0,0,8.14423E+20,5.68518E+21,1.35043E+16,5.12312E+16
65866,,14,6,12,0,2017,9,16,3,3,2,6,0,0,0,0,1,0,0,8.23825E+20,5.66743E+21,1.36226E+16,5.10669E+16
65867,,14,6,12,0,2017,9,6,3,3,4,1,0,1,0,0,0,2,1,8.31597E+20,5.6641E+21,1.37301E+16,5.10326E+16
65868,,14,7,30,190,2017,11,7,2,3,5,3,0,1,0,0,0,1,1,7.68438E+20,5.71121E+21,1.28669E+16,5.14882E+16
65869,,14,6,12,0,2017,11,10,3,2,2,6,0,1,0,0,0,0,1,8.30161E+20,5.66927E+21,1.37144E+16,5.10798E+16
65870,,14,5,21,355,2017,11,22,4,1,6,6,0,1,1,0,0,2,0,7.63503E+20,5.60869E+21,1.27215E+16,5.05706E+16
65871,,14,6,12,0,2017,9,19,3,1,5,3,0,1,0,1,0,2,0,8.42256E+20,5.66537E+21,1.38827E+16,5.10377E+16
65872,,14,6,28,260,2017,11,16,4,3,5,3,1,1,0,0,0,2,0,8.65857E+20,5.66584E+21,1.42185E+16,5.10274E+16
65873,,14,5,22,430,2017,9,9,3,3,5,3,0,1,0,0,0,0,0,7.98653E+20,5.64758E+21,1.32481E+16,5.09025E+16
65874,,14,5,11,0,2017,9,5,3,3,5,3,0,1,0,0,0,2,0,7.75016E+20,5.63916E+21,1.29064E+16,5.08387E+16
65875,,14,5,24,290,2017,9,17,2,3,4,1,0,1,0,0,0,0,1,7.53561E+20,5.64214E+21,1.26044E+16,5.08753E+16
65876,,14,7,29,170,2017,9,7,2,3,0,7,0,1,0,1,0,0,1,7.30582E+20,5.67104E+21,1.22967E+16,5.11443E+16
65877,,14,7,13,0,2017,9,13,2,3,5,7,1,1,0,0,0,0,0,7.33721E+20,5.69314E+21,1.23559E+16,5.13414E+16
65878,,14,5,11,0,2017,10,22,6,2,5,3,1,1,0,0,0,2,1,7.73254E+20,5.64073E+21,1.28826E+16,5.08536E+16
65879,,14,7,13,0,2017,9,17,2,3,0,2,1,1,0,0,0,0,0,7.31368E+20,5.69276E+21,1.23219E+16,5.1339E+16
65880,,14,5,11,0,2017,10,18,1,3,3,7,0,1,0,0,0,0,0,7.7353E+20,5.63667E+21,1.28835E+16,5.0817E+16
65881,,14,5,24,160,2017,11,15,5,3,4,6,0,1,0,0,0,0,0,7.55881E+20,5.62936E+21,1.26284E+16,5.07595E+16
65882,,14,5,23,320,2017,10,6,5,2,2,2,0,1,0,0,0,2,1,7.2177E+20,5.59988E+21,1.21279E+16,5.05088E+16
65883,,14,6,28,240,2017,10,10,4,2,2,7,0,1,0,0,0,0,1,8.49129E+20,5.65959E+21,1.39749E+16,5.09818E+16
65884,,14,7,13,0,2017,9,7,2,3,5,2,0,1,0,0,0,0,1,7.28395E+20,5.6904E+21,1.22778E+16,5.1319E+16
65885,,14,6,28,20,2017,10,12,1,2,2,2,0,1,0,1,0,0,0,8.51567E+20,5.64452E+21,1.39949E+16,5.08453E+16
65886,,14,6,28,50,2017,11,15,6,3,5,2,0,1,0,0,0,0,0,8.34371E+20,5.65981E+21,1.37656E+16,5.09925E+16
65887,,14,7,30,310,2017,10,14,5,3,0,1,0,0,0,1,0,0,1,7.7764E+20,5.71693E+21,1.30036E+16,5.15351E+16
65888,,14,6,25,450,2017,9,15,2,3,5,3,0,1,0,1,0,0,0,8.50717E+20,5.68215E+21,1.40193E+16,5.11829E+16
65889,,14,5,21,230,2017,11,12,1,3,5,3,1,1,0,0,0,0,0,7.74241E+20,5.6246E+21,1.28846E+16,5.07084E+16
65890,,14,6,26,370,2017,9,16,2,3,8,1,0,1,0,0,0,0,1,9.04861E+20,5.69904E+21,1.48092E+16,5.12983E+16
65891,,14,7,30,70,2017,10,10,5,3,9,1,0,1,0,0,0,0,1,7.31737E+20,5.71077E+21,1.2339E+16,5.15005E+16
65892,,14,6,25,200,2017,9,11,2,2,2,6,0,1,0,0,0,0,1,8.49512E+20,5.67889E+21,1.39989E+16,5.11545E+16
65893,,14,5,21,170,2017,11,19,1,2,9,1,0,1,0,0,0,2,1,7.50354E+20,5.59576E+21,1.25275E+16,5.04603E+16
65894,,14,6,27,100,2017,9,13,2,3,0,1,1,0,0,0,0,0,0,8.19637E+20,5.66692E+21,1.35626E+16,5.10646E+16
65895,,14,6,28,220,2017,9,7,2,3,8,1,0,1,0,0,0,0,1,8.35477E+20,5.65727E+21,1.37789E+16,5.09691E+16
65896,,14,5,21,110,2017,11,10,1,3,9,1,0,1,0,0,0,0,0,7.7017E+20,5.59749E+21,1.28073E+16,5.04671E+16
65897,,14,6,12,0,2017,9,17,2,2,0,1,1,0,0,0,0,0,1,8.3392E+20,5.67206E+21,1.37704E+16,5.11026E+16
65898,,14,5,11,0,2017,11,19,1,2,5,2,0,1,0,0,0,2,1,7.73754E+20,5.63504E+21,1.28854E+16,5.08023E+16
65899,,14,6,12,0,2017,9,18,2,3,2,6,0,1,0,0,0,0,1,8.35695E+20,5.67707E+21,1.38004E+16,5.11464E+16
65900,,14,6,28,50,2017,9,16,2,3,2,2,0,1,0,0,1,2,1,8.3084E+20,5.65924E+21,1.37149E+16,5.09894E+16
65901,,14,5,23,320,2017,11,9,3,2,5,3,0,0,0,0,1,0,0,7.24365E+20,5.59257E+21,1.216E+16,5.04422E+16
65902,,14,7,13,0,2017,11,11,4,3,5,2,1,1,0,0,0,0,0,7.35076E+20,5.69024E+21,1.23734E+16,5.13148E+16
65903,,14,6,26,110,2017,11,6,4,2,6,4,0,1,1,0,0,2,1,9.18635E+20,5.68134E+21,1.49851E+16,5.11301E+16
65904,,14,6,27,140,2017,11,11,5,3,2,2,0,1,0,0,0,0,0,8.14244E+20,5.67798E+21,1.34955E+16,5.11667E+16
65905,,14,5,22,80,2017,9,17,2,3,8,1,0,1,0,0,0,0,1,7.90642E+20,5.67144E+21,1.31535E+16,5.11206E+16
65906,,14,5,21,510,2017,9,15,2,3,2,6,0,1,0,0,0,0,1,7.76669E+20,5.60579E+21,1.29048E+16,5.05385E+16
65907,,14,5,21,690,2017,9,6,2,3,4,6,0,1,0,0,1,2,1,7.90746E+20,5.62765E+21,1.31201E+16,5.07277E+16
65908,,14,5,23,330,2017,9,19,1,2,2,1,0,0,0,1,0,1,0,7.25151E+20,5.60191E+21,1.21767E+16,5.05258E+16
65909,,14,7,30,45,2017,9,10,1,3,8,1,0,1,0,0,0,0,1,7.90785E+20,5.70473E+21,1.31826E+16,5.1419E+16
65910,,14,7,13,0,2017,9,13,1,3,0,7,0,0,0,1,1,0,1,7.36517E+20,5.69462E+21,1.2397E+16,5.13535E+16
65911,,14,6,25,240,2017,9,13,1,3,5,3,0,1,0,0,0,0,1,8.66235E+20,5.71078E+21,1.42697E+16,5.14295E+16
65912,,14,6,26,480,2017,9,14,1,3,9,1,0,1,0,0,0,0,1,9.13442E+20,5.70156E+21,1.49346E+16,5.13146E+16
65913,,14,6,25,480,2017,10,10,1,3,5,3,1,1,0,0,0,0,0,8.41294E+20,5.67631E+21,1.38794E+16,5.11363E+16
65914,,14,5,24,330,2017,11,13,6,3,6,4,0,1,1,0,0,0,0,7.42388E+20,5.62403E+21,1.24339E+16,5.07174E+16
65915,,14,6,26,110,2017,11,14,5,3,6,4,0,1,1,0,0,0,0,9.17207E+20,5.6849E+21,1.49689E+16,5.1163E+16
65916,,14,5,21,310,2017,11,10,1,2,0,1,1,0,0,0,0,0,0,7.71879E+20,5.6286E+21,1.28541E+16,5.07454E+16
65917,,14,5,23,200,2017,10,14,1,3,8,1,0,0,0,1,0,0,0,7.35383E+20,5.57821E+21,1.2306E+16,5.0309E+16
65918,,14,5,24,330,2017,11,14,7,3,2,6,0,1,0,0,1,0,1,7.46709E+20,5.62355E+21,1.24947E+16,5.07113E+16
65919,,14,6,12,0,2017,11,6,6,2,5,3,1,0,0,0,1,1,0,8.32642E+20,5.6663E+21,1.3747E+16,5.10517E+16
65920,,14,7,29,160,2017,10,11,5,3,3,6,0,1,0,0,0,0,1,7.59762E+20,5.68503E+21,1.27231E+16,5.12573E+16
65921,,14,6,27,310,2017,10,15,4,3,5,3,0,1,0,0,0,0,0,8.19055E+20,5.67766E+21,1.35638E+16,5.11612E+16
65922,,14,5,22,450,2017,10,15,2,3,1,2,0,1,0,0,0,0,0,7.90237E+20,5.68236E+21,1.31566E+16,5.12187E+16
65923,,14,6,12,0,2017,11,11,2,3,5,3,1,1,0,0,0,0,0,8.4235E+20,5.66819E+21,1.38868E+16,5.10629E+16
65924,,14,6,26,610,2017,11,17,6,2,6,4,0,1,1,0,0,2,1,9.08547E+20,5.65414E+21,1.48111E+16,5.0894E+16
65925,,14,7,29,350,2017,10,12,5,3,8,1,0,1,0,0,0,0,1,7.29267E+20,5.67423E+21,1.228E+16,5.11735E+16
65926,,14,5,23,100,2017,11,9,6,2,8,7,0,1,0,0,0,0,0,7.24195E+20,5.61168E+21,1.21691E+16,5.06138E+16
65927,,14,7,13,0,2017,10,20,5,3,5,3,1,1,0,0,0,2,0,7.36065E+20,5.69382E+21,1.239E+16,5.13466E+16
65928,,14,7,30,270,2017,11,0,7,3,9,1,0,1,0,0,0,2,1,7.25061E+20,5.6937E+21,1.22321E+16,5.135E+16
65929,,14,6,27,200,2017,10,17,4,2,5,3,0,1,0,0,0,1,0,8.14579E+20,5.68776E+21,1.35088E+16,5.12543E+16
65930,,14,5,11,0,2017,11,6,7,2,9,7,0,0,0,0,1,2,1,7.68224E+20,5.64182E+21,1.28121E+16,5.08657E+16
65931,,14,6,27,140,2017,10,7,4,3,6,4,0,0,1,0,1,2,1,8.12012E+20,5.67652E+21,1.34624E+16,5.11549E+16
65932,,14,6,25,640,2017,11,8,7,2,9,1,0,1,0,0,0,0,1,8.60474E+20,5.70332E+21,1.41796E+16,5.13665E+16
65933,,14,6,28,110,2017,10,14,4,3,5,3,0,1,0,0,1,0,0,8.24939E+20,5.65784E+21,1.36299E+16,5.09802E+16
65934,,14,7,29,150,2017,10,7,4,2,3,6,0,1,0,0,1,1,0,7.54887E+20,5.66156E+21,1.26368E+16,5.10489E+16
65935,,14,7,13,0,2017,10,10,3,3,4,1,1,0,0,0,0,0,0,7.34426E+20,5.69339E+21,1.23662E+16,5.13434E+16
65936,,14,5,22,460,2017,10,11,4,2,0,6,0,1,0,0,1,0,0,7.59151E+20,5.6502E+21,1.26894E+16,5.09451E+16
65937,,14,5,24,300,2017,10,15,3,3,2,6,0,1,0,1,0,0,0,7.3711E+20,5.62901E+21,1.23625E+16,5.07643E+16
65938,,14,5,23,300,2017,10,5,3,3,2,6,0,1,0,0,0,2,1,7.19559E+20,5.59175E+21,1.2092E+16,5.04367E+16
65939,,14,5,24,330,2017,10,15,3,3,0,7,1,0,0,0,0,0,0,7.45751E+20,5.62384E+21,1.24813E+16,5.07144E+16
65940,,14,7,29,410,2017,10,16,3,3,5,3,0,1,0,0,0,0,0,7.62424E+20,5.6988E+21,1.27713E+16,5.13796E+16
65941,,14,7,29,140,2017,10,16,4,2,9,1,0,1,0,0,0,0,0,7.52113E+20,5.66139E+21,1.25972E+16,5.10486E+16
65942,,14,7,29,160,2017,10,15,3,3,2,6,0,1,0,0,0,0,0,7.60168E+20,5.6847E+21,1.27287E+16,5.12542E+16
65943,,14,6,26,110,2017,10,11,5,3,2,2,0,1,0,0,0,0,0,9.17334E+20,5.67383E+21,1.49579E+16,5.10638E+16
65944,,14,7,29,40,2017,10,10,3,3,3,2,1,1,0,0,0,0,0,7.36437E+20,5.68022E+21,1.23863E+16,5.12243E+16
65945,,14,5,11,0,2017,11,5,3,3,1,7,0,1,0,0,1,2,1,7.69726E+20,5.64019E+21,1.28322E+16,5.08504E+16
65946,,14,5,22,220,2017,10,20,5,3,2,6,0,1,0,0,1,2,1,7.80325E+20,5.67837E+21,1.30119E+16,5.11879E+16
65947,,14,7,30,170,2017,10,16,5,3,5,3,0,1,0,0,0,0,0,7.87607E+20,5.69504E+21,1.31292E+16,5.13337E+16
65948,,14,6,12,0,2017,11,17,3,3,3,6,0,1,0,0,1,2,1,8.28611E+20,5.66954E+21,1.36926E+16,5.10831E+16
65949,,14,7,29,70,2017,10,9,5,3,9,1,0,1,0,0,0,0,1,7.45392E+20,5.69115E+21,1.25218E+16,5.13186E+16
65950,,14,6,27,140,2017,10,14,6,2,4,6,0,1,0,0,1,0,0,8.15268E+20,5.67715E+21,1.35093E+16,5.11587E+16
65951,,14,6,25,240,2017,11,20,3,3,5,3,0,1,0,0,0,2,1,8.65077E+20,5.71107E+21,1.42534E+16,5.14329E+16
65952,,14,7,29,50,2017,10,11,5,3,9,1,0,1,0,0,0,0,1,7.45552E+20,5.67098E+21,1.25103E+16,5.11375E+16
65953,,14,6,26,520,2017,9,14,1,2,2,6,0,1,0,0,1,0,1,9.15347E+20,5.68956E+21,1.49479E+16,5.12059E+16
65954,,14,5,24,330,2017,10,13,6,3,5,3,0,1,0,1,0,0,0,7.46459E+20,5.62559E+21,1.24925E+16,5.07298E+16
65955,,14,5,24,330,2017,11,14,3,3,5,3,0,1,0,0,1,0,1,7.44082E+20,5.62417E+21,1.2458E+16,5.0718E+16
65956,,14,7,29,300,2017,10,11,5,2,9,1,0,1,0,0,1,0,1,7.48066E+20,5.69035E+21,1.25595E+16,5.13103E+16
65957,,14,6,27,340,2017,9,13,1,3,4,1,0,1,0,0,0,0,1,8.03666E+20,5.70041E+21,1.33637E+16,5.13736E+16
65958,,14,5,21,30,2017,11,11,5,3,2,2,0,1,0,0,0,0,1,7.61826E+20,5.60992E+21,1.26987E+16,5.05824E+16
65959,,14,6,12,0,2017,9,18,1,3,5,3,1,1,0,0,0,0,0,8.29418E+20,5.66284E+21,1.3698E+16,5.10226E+16
65960,,14,6,26,310,2017,10,12,5,2,3,7,0,1,0,0,0,0,1,9.09436E+20,5.65666E+21,1.48265E+16,5.09159E+16
65961,,14,6,12,0,2017,9,12,1,3,8,1,0,1,0,0,0,0,1,8.32022E+20,5.67426E+21,1.37455E+16,5.11234E+16
65962,,14,6,12,0,2017,9,9,1,3,5,3,0,1,0,0,0,0,1,8.32523E+20,5.66604E+21,1.3745E+16,5.10494E+16
65963,,14,6,26,230,2017,10,11,5,2,5,3,0,1,0,0,1,0,1,9.10889E+20,5.69347E+21,1.48889E+16,5.12442E+16
65964,,14,5,22,500,2017,9,13,1,3,8,7,0,1,0,0,0,0,0,7.88494E+20,5.66071E+21,1.31144E+16,5.10254E+16
65965,,14,5,22,430,2017,9,20,1,3,9,1,0,1,0,0,0,2,1,8.0132E+20,5.64766E+21,1.32859E+16,5.09018E+16
65966,,14,7,13,0,2017,10,16,3,3,3,6,0,1,0,0,0,0,0,7.35393E+20,5.69353E+21,1.23801E+16,5.13442E+16
65967,,14,5,22,500,2017,9,11,1,3,0,7,0,0,0,1,0,0,1,7.87647E+20,5.65633E+21,1.30989E+16,5.09866E+16
65968,,14,7,13,0,2017,10,19,3,2,0,1,1,0,0,0,0,2,0,7.31214E+20,5.69281E+21,1.23198E+16,5.13395E+16
65969,,14,7,29,260,2017,10,8,3,3,2,6,0,1,0,0,0,0,0,7.34513E+20,5.68662E+21,1.2363E+16,5.12826E+16
65970,,14,5,22,180,2017,9,21,1,3,5,3,0,1,0,0,0,2,1,8.04949E+20,5.64908E+21,1.33386E+16,5.09127E+16
65971,,14,6,12,0,2017,11,18,2,3,8,1,0,1,0,0,0,2,1,8.31701E+20,5.66735E+21,1.37345E+16,5.10617E+16
65972,,14,7,13,0,2017,10,8,3,3,2,6,0,1,0,0,0,0,0,7.36438E+20,5.69457E+21,1.23958E+16,5.13531E+16
65973,,14,7,29,70,2017,10,15,3,3,5,2,0,1,0,0,1,0,0,7.50845E+20,5.68976E+21,1.25989E+16,5.13038E+16
65974,,14,6,27,240,2017,10,19,3,3,9,1,0,1,0,0,0,2,0,8.07894E+20,5.70168E+21,1.34253E+16,5.13826E+16
65975,,14,6,28,60,2017,10,16,3,2,5,2,0,1,0,1,0,0,0,8.28722E+20,5.65028E+21,1.36767E+16,5.09104E+16
65976,,14,6,12,0,2017,10,12,3,3,3,2,1,0,0,0,1,0,0,8.34361E+20,5.66286E+21,1.37682E+16,5.10199E+16
65977,,14,6,12,0,2017,10,19,3,2,5,3,0,1,0,0,0,2,1,8.33531E+20,5.67383E+21,1.37665E+16,5.11187E+16
65978,,14,6,12,0,2017,10,12,3,3,0,7,0,1,0,0,1,0,0,8.32691E+20,5.66761E+21,1.37488E+16,5.10634E+16
65979,,14,6,12,0,2017,10,13,3,3,5,2,1,1,0,0,0,0,0,8.32085E+20,5.66772E+21,1.37403E+16,5.10647E+16
65980,,14,5,23,320,2017,10,8,5,3,0,7,1,0,0,0,0,0,0,7.26722E+20,5.59914E+21,1.21972E+16,5.05003E+16
65981,,14,6,28,410,2017,10,9,3,3,2,6,0,0,0,0,1,0,0,8.20362E+20,5.66664E+21,1.35726E+16,5.10618E+16
65982,,14,6,26,50,2017,10,10,6,2,5,3,0,1,0,0,1,0,0,8.99862E+20,5.65106E+21,1.46849E+16,5.08725E+16
65983,,14,6,27,210,2017,10,15,3,3,4,6,0,1,0,0,0,0,0,8.21826E+20,5.67322E+21,1.35993E+16,5.11198E+16
65984,,14,6,25,640,2017,11,15,3,2,2,6,0,1,0,0,0,0,1,8.64477E+20,5.70736E+21,1.4241E+16,5.14001E+16
65985,,14,5,22,360,2017,10,11,7,3,0,7,0,0,0,0,1,0,0,7.78039E+20,5.65687E+21,1.29627E+16,5.09961E+16
65986,,14,6,12,0,2017,10,6,3,2,5,3,0,1,0,0,1,2,1,8.25838E+20,5.66929E+21,1.36529E+16,5.10824E+16
65987,,14,5,23,320,2017,11,19,3,2,5,2,0,1,0,0,0,2,1,7.2221E+20,5.59908E+21,1.21336E+16,5.05014E+16
65988,,14,6,28,30,2017,10,7,5,2,8,7,0,0,0,0,1,2,1,8.64456E+20,5.65449E+21,1.41872E+16,5.09267E+16
65989,,14,5,24,330,2017,9,9,7,3,5,3,0,1,0,0,0,0,0,7.46077E+20,5.627E+21,1.24881E+16,5.07426E+16
65990,,14,6,28,270,2017,10,18,7,2,5,3,0,1,0,0,0,2,0,8.48327E+20,5.65528E+21,1.39594E+16,5.09437E+16
65991,,14,5,22,170,2017,11,13,5,2,4,6,0,1,0,0,0,0,0,8.20608E+20,5.63642E+21,1.35496E+16,5.07907E+16
65992,,14,6,28,160,2017,10,8,5,3,0,7,1,0,0,0,0,0,1,8.41948E+20,5.65786E+21,1.38713E+16,5.09706E+16
65993,,14,5,24,90,2017,9,8,7,3,5,3,0,1,0,0,0,0,0,7.587E+20,5.61907E+21,1.2661E+16,5.06659E+16
65994,,14,7,30,310,2017,10,12,7,3,1,6,0,1,0,0,0,0,0,7.77592E+20,5.7173E+21,1.30032E+16,5.15384E+16
65995,,14,7,13,0,2017,11,9,5,3,2,6,0,1,0,0,0,0,0,7.33838E+20,5.69319E+21,1.23576E+16,5.13418E+16
65996,,14,6,28,270,2017,10,11,5,3,2,6,0,1,0,0,1,0,1,8.48191E+20,5.65543E+21,1.39576E+16,5.09451E+16
65997,,14,5,24,330,2017,9,14,7,3,8,1,0,0,0,0,1,0,0,7.46264E+20,5.62424E+21,1.24889E+16,5.07177E+16
65998,,14,5,22,230,2017,11,17,6,2,3,6,1,1,0,0,0,2,1,7.90202E+20,5.65406E+21,1.31333E+16,5.09649E+16
65999,,14,5,24,330,2017,9,2,7,3,5,3,0,1,0,0,0,2,0,7.44901E+20,5.62446E+21,1.24697E+16,5.07202E+16
66000,,14,6,27,140,2017,10,17,5,3,5,3,1,1,0,0,0,0,0,8.13875E+20,5.67777E+21,1.349E+16,5.11651E+16
66001,,14,7,29,410,2017,9,10,7,3,6,4,0,1,1,0,0,0,0,7.59945E+20,5.69717E+21,1.27346E+16,5.13662E+16
66002,,14,7,29,370,2017,9,10,7,3,2,6,0,1,0,0,0,0,0,7.4156E+20,5.67722E+21,1.24575E+16,5.11952E+16
66003,,14,6,12,0,2017,10,15,5,3,5,3,1,1,0,0,0,0,1,8.29756E+20,5.66976E+21,1.37091E+16,5.10843E+16
66004,,14,7,13,0,2017,9,12,7,3,3,6,0,1,0,0,0,0,0,7.52004E+20,5.68922E+21,1.26151E+16,5.12984E+16
66005,,14,5,22,420,2017,11,18,1,2,5,2,0,1,0,1,0,2,1,7.82005E+20,5.64216E+21,1.30077E+16,5.08623E+16
66006,,14,7,29,60,2017,9,11,7,2,4,6,0,1,0,0,0,0,0,7.45419E+20,5.69668E+21,1.2526E+16,5.13682E+16
66007,,14,5,24,90,2017,11,13,7,3,2,6,0,1,0,0,0,0,0,7.57215E+20,5.6208E+21,1.26413E+16,5.06821E+16
66008,,14,7,13,0,2017,9,23,7,3,0,1,0,1,0,0,0,2,1,7.27747E+20,5.69905E+21,1.22741E+16,5.13969E+16
66009,,14,7,30,230,2017,9,17,7,3,4,6,0,1,0,0,0,1,0,7.894E+20,5.68987E+21,1.31507E+16,5.12865E+16
66010,,14,6,27,210,2017,11,11,3,3,3,6,1,0,0,0,0,0,0,8.26213E+20,5.67196E+21,1.36606E+16,5.11061E+16
66011,,14,7,29,150,2017,11,16,3,2,5,2,0,1,0,0,0,1,0,7.55044E+20,5.66171E+21,1.26391E+16,5.10502E+16
66012,,14,6,25,20,2017,11,13,4,3,5,3,0,1,0,0,0,0,0,8.73359E+20,5.68601E+21,1.43459E+16,5.12032E+16
66013,,14,6,27,180,2017,11,6,4,2,8,1,0,1,0,0,1,2,2,7.99448E+20,5.66195E+21,1.32712E+16,5.1031E+16
66014,,14,6,26,390,2017,9,23,7,3,0,1,0,0,0,1,0,2,1,9.02341E+20,5.65999E+21,1.47297E+16,5.09507E+16
66015,,14,6,26,30,2017,9,13,7,3,5,3,1,1,0,0,0,0,0,9.07909E+20,5.67113E+21,1.48211E+16,5.10465E+16
66016,,14,6,25,570,2017,9,19,7,3,8,1,0,1,0,0,0,2,1,8.69146E+20,5.71469E+21,1.43155E+16,5.14627E+16
66017,,14,6,28,260,2017,9,15,7,2,8,1,0,1,0,0,0,0,0,8.70032E+20,5.66898E+21,1.4281E+16,5.10528E+16
66018,,14,6,28,390,2017,9,23,7,3,9,1,0,1,0,0,0,2,1,8.54416E+20,5.65381E+21,1.40442E+16,5.09268E+16
66019,,14,6,28,110,2017,9,7,7,3,8,7,0,1,0,1,0,0,0,8.26486E+20,5.6605E+21,1.36542E+16,5.10032E+16
66020,,14,6,12,0,2017,9,13,7,3,3,6,0,1,0,0,0,0,0,8.24368E+20,5.66413E+21,1.36274E+16,5.1037E+16
66021,,14,6,28,160,2017,9,23,7,2,6,4,0,1,1,0,0,2,1,8.41226E+20,5.65823E+21,1.38614E+16,5.09744E+16
66022,,14,5,21,150,2017,9,16,7,3,4,1,0,1,0,1,0,0,0,7.86122E+20,5.62489E+21,1.30526E+16,5.07053E+16
66023,,14,5,21,690,2017,9,9,7,2,4,6,0,1,0,0,0,0,0,7.86327E+20,5.63104E+21,1.30603E+16,5.07604E+16
66024,,14,7,13,0,2017,11,14,4,3,6,4,1,0,1,0,0,0,0,7.35453E+20,5.6935E+21,1.2381E+16,5.13439E+16
66025,,14,6,25,240,2017,10,9,1,2,5,3,0,1,0,1,0,0,0,8.65217E+20,5.71252E+21,1.42569E+16,5.14458E+16
66026,,14,6,26,250,2017,11,17,6,3,2,6,0,1,0,0,0,2,0,8.96613E+20,5.72272E+21,1.4718E+16,5.1516E+16
66027,,14,5,11,0,2017,11,16,5,3,2,6,0,1,0,0,0,1,1,7.72272E+20,5.64125E+21,1.28691E+16,5.08587E+16
66028,,14,5,21,450,2017,10,18,1,3,2,1,0,1,0,0,0,0,0,7.62644E+20,5.62221E+21,1.2719E+16,5.06923E+16
66029,,14,7,13,0,2017,11,5,7,3,5,3,0,1,0,1,0,2,0,7.3617E+20,5.69439E+21,1.23918E+16,5.13516E+16