OBJECTID,UIDENTSTLA,ULAND,UREGBEZ,UKREIS,UGEMEINDE,UJAHR,UMONAT,USTUNDE,UWOCHENTAG,UKATEGORIE,UART,UTYP1,IstRad,IstPKW,IstFuss,IstKrad,IstSonstig,LICHT,STRZUSTAND,LINREFX,LINREFY,XGCSWGS84,YGCSWGS84
66030,,14,5,22,620,2017,11,16,6,2,5,3,0,1,0,0,0,1,1,7.89508E+20,5.67694E+21,1.31418E+16,5.11705E+16
66031,,14,6,12,0,2017,10,6,5,3,5,3,1,1,0,0,0,1,1,8.32444E+20,5.66375E+21,1.37418E+16,5.10289E+16
66032,,14,5,24,180,2017,11,11,1,2,5,3,0,1,0,0,0,0,0,7.64807E+20,5.6407E+21,1.27628E+16,5.08573E+16
66033,,14,6,27,140,2017,11,18,6,3,2,6,0,1,0,0,0,2,1,8.12604E+20,5.67808E+21,1.34722E+16,5.11686E+16
66034,,14,6,12,0,2017,10,14,5,3,8,1,0,1,0,0,0,0,1,8.3481E+20,5.66814E+21,1.37795E+16,5.10669E+16
66035,,14,7,13,0,2017,11,7,6,3,1,5,1,1,0,0,0,1,1,7.34998E+20,5.69024E+21,1.23723E+16,5.13149E+16
66036,,14,5,11,0,2017,10,9,3,3,5,3,1,1,0,0,0,0,1,7.75523E+20,5.63797E+21,1.29127E+16,5.08278E+16
66037,,14,5,11,0,2017,10,11,3,3,0,7,0,0,0,0,1,0,0,7.76168E+20,5.63836E+21,1.29221E+16,5.0831E+16
66038,,14,5,23,320,2017,11,16,6,2,1,3,0,1,0,0,0,0,1,7.20276E+20,5.59816E+21,1.21058E+16,5.0494E+16
66039,,14,5,24,330,2017,10,6,2,3,0,1,0,0,0,1,0,2,1,7.46457E+20,5.6256E+21,1.24925E+16,5.07298E+16
66040,,14,5,24,300,2017,10,15,2,3,6,4,0,1,1,0,0,0,0,7.41227E+20,5.62344E+21,1.24171E+16,5.07126E+16
66041,,14,5,22,260,2017,10,7,3,3,2,6,0,1,0,0,0,0,0,7.66407E+20,5.6446E+21,1.27883E+16,5.08915E+16
66042,,14,5,23,340,2017,10,6,2,3,2,6,0,0,0,0,1,2,0,7.3593E+20,5.60997E+21,1.23336E+16,5.05938E+16
66043,,14,7,30,110,2017,10,5,2,3,4,6,0,1,0,0,1,2,1,7.55178E+20,5.70613E+21,1.26727E+16,5.14487E+16
66044,,14,7,13,0,2017,10,7,3,2,5,3,0,0,0,1,1,1,0,7.35097E+20,5.69704E+21,1.23782E+16,5.13758E+16
66045,,14,7,29,380,2017,10,6,2,3,9,1,0,1,0,0,0,2,1,7.55369E+20,5.70545E+21,1.26749E+16,5.14426E+16
66046,,14,7,29,430,2017,10,11,2,2,5,3,0,1,0,0,1,0,1,7.28644E+20,5.67961E+21,1.22745E+16,5.1222E+16
66047,,14,7,29,430,2017,10,8,2,2,4,6,0,1,0,0,0,0,0,7.29727E+20,5.67848E+21,1.22892E+16,5.12115E+16
66048,,14,5,24,240,2017,11,17,2,3,8,1,0,1,0,0,0,2,1,7.50557E+20,5.64299E+21,1.25623E+16,5.08842E+16
66049,,14,5,23,430,2017,10,18,3,3,9,1,0,1,0,0,0,1,1,7.31842E+20,5.60546E+21,1.22732E+16,5.0555E+16
66050,,14,7,29,10,2017,10,8,2,2,9,1,0,1,0,0,0,0,1,7.57866E+20,5.67229E+21,1.26869E+16,5.11439E+16
66051,,14,6,27,230,2017,10,8,4,3,5,2,0,1,0,0,0,0,0,8.01145E+20,5.69162E+21,1.33201E+16,5.12961E+16
66052,,14,6,26,140,2017,10,15,2,2,3,2,1,1,0,0,0,0,0,8.98807E+20,5.65344E+21,1.46725E+16,5.08946E+16
66053,,14,6,12,0,2017,11,13,2,3,5,3,0,1,0,0,1,0,1,8.31725E+20,5.67E+21,1.37373E+16,5.10854E+16
66054,,14,6,27,100,2017,10,9,5,3,2,6,0,1,0,0,0,0,0,8.09922E+20,5.66579E+21,1.34234E+16,5.10598E+16
66055,,14,7,29,160,2017,11,8,2,3,4,6,0,1,0,0,0,0,1,7.60392E+20,5.68362E+21,1.27311E+16,5.12444E+16
66056,,14,6,28,410,2017,10,23,5,3,8,1,0,1,0,0,0,2,1,8.13506E+20,5.66596E+21,1.34745E+16,5.10594E+16
66057,,14,7,13,0,2017,10,15,5,3,4,2,1,1,0,0,0,0,0,7.3208E+20,5.69245E+21,1.23319E+16,5.13359E+16
66058,,14,6,12,0,2017,11,9,3,2,5,2,0,1,0,0,0,0,1,8.30182E+20,5.66725E+21,1.37128E+16,5.10616E+16
66059,,14,6,27,60,2017,10,14,5,2,4,6,0,1,0,0,1,0,1,8.10258E+20,5.69426E+21,1.34527E+16,5.13149E+16
66060,,14,5,21,150,2017,10,23,6,2,9,1,0,1,0,0,0,2,0,7.84819E+20,5.62281E+21,1.30326E+16,5.06873E+16
66061,,14,7,13,0,2017,11,12,7,3,5,3,0,1,0,0,0,0,1,7.36162E+20,5.69441E+21,1.23917E+16,5.13518E+16
66062,,14,5,11,0,2017,11,10,6,3,8,1,0,1,0,0,0,0,1,7.69849E+20,5.64371E+21,1.28365E+16,5.0882E+16
66063,,14,5,21,640,2017,10,11,5,3,8,1,0,0,0,1,0,0,1,7.78378E+20,5.62229E+21,1.29413E+16,5.06857E+16
66064,,14,5,24,90,2017,11,13,7,3,9,1,0,1,0,0,0,0,0,7.5663E+20,5.62082E+21,1.2633E+16,5.06825E+16
66065,,14,6,26,400,2017,10,22,2,3,5,3,1,1,0,0,0,2,1,9.07076E+20,5.65377E+21,1.47899E+16,5.08918E+16
66066,,14,5,21,30,2017,10,20,2,2,2,6,0,1,0,0,0,2,0,7.61878E+20,5.61468E+21,1.27028E+16,5.06251E+16
66067,,14,5,21,510,2017,11,6,2,2,8,7,0,1,0,0,0,2,1,7.76262E+20,5.60559E+21,1.2899E+16,5.05369E+16
66068,,14,6,27,210,2017,11,10,6,2,5,3,0,1,0,0,0,0,0,8.27511E+20,5.67168E+21,1.36789E+16,5.11028E+16
66069,,14,5,22,230,2017,10,19,5,2,2,2,0,1,0,0,0,2,0,7.86545E+20,5.65284E+21,1.30804E+16,5.09558E+16
66070,,14,7,30,140,2017,11,15,7,2,5,3,0,1,0,1,0,0,0,7.4727E+20,5.70269E+21,1.25567E+16,5.14214E+16
66071,,14,6,26,60,2017,10,5,2,3,2,6,0,1,0,0,1,2,1,8.92289E+20,5.71255E+21,1.46447E+16,5.1428E+16
66072,,14,6,28,10,2017,10,6,2,2,9,1,0,1,0,0,0,2,0,8.33477E+20,5.63893E+21,1.37338E+16,5.08059E+16
66073,,14,5,24,320,2017,11,17,6,3,2,6,0,1,0,0,0,2,1,7.47621E+20,5.61746E+21,1.25035E+16,5.06562E+16
66074,,14,5,21,240,2017,10,7,5,3,0,1,0,0,0,1,0,0,1,7.8927E+20,5.6267E+21,1.30985E+16,5.07199E+16
66075,,14,6,12,0,2017,11,10,7,3,2,7,0,1,0,0,0,0,1,8.23469E+20,5.66424E+21,1.36147E+16,5.10385E+16
66076,,14,5,24,300,2017,10,14,4,3,2,6,0,1,0,0,0,0,0,7.3711E+20,5.62901E+21,1.23625E+16,5.07643E+16
66077,,14,5,24,160,2017,11,14,6,2,5,3,0,1,0,1,0,0,0,7.55865E+20,5.62887E+21,1.26278E+16,5.07551E+16
66078,,14,7,29,150,2017,11,7,1,3,9,1,0,1,0,0,0,0,2,7.58343E+20,5.65848E+21,1.26838E+16,5.10197E+16
66079,,14,6,12,0,2017,11,13,7,3,6,7,0,1,1,0,0,0,0,8.35803E+20,5.66143E+21,1.37874E+16,5.10062E+16
66080,,14,6,26,460,2017,10,15,2,2,8,7,0,1,0,0,0,0,0,9.02737E+20,5.70798E+21,1.4789E+16,5.13798E+16
66081,,14,7,29,410,2017,11,20,7,2,8,1,0,1,0,0,0,2,1,7.6466E+20,5.69541E+21,1.28008E+16,5.13482E+16
66082,,14,6,25,10,2017,10,4,2,3,8,1,0,1,0,0,0,2,1,8.52592E+20,5.67056E+21,1.40347E+16,5.1078E+16
66083,,14,6,25,60,2017,10,6,2,3,4,2,0,1,0,0,0,2,1,8.64675E+20,5.68499E+21,1.4221E+16,5.11996E+16
66084,,14,6,25,170,2017,10,14,2,3,4,1,0,1,0,0,0,0,1,8.52316E+20,5.67426E+21,1.40343E+16,5.11113E+16
66085,,14,6,25,110,2017,10,16,2,2,5,3,0,1,0,0,1,0,1,8.74473E+20,5.68047E+21,1.4356E+16,5.11528E+16
66086,,14,6,28,80,2017,10,20,5,3,2,6,0,1,0,0,1,2,0,8.43418E+20,5.65362E+21,1.38882E+16,5.09317E+16
66087,,14,7,13,0,2017,10,11,5,3,2,6,0,1,0,0,0,0,0,7.36244E+20,5.6937E+21,1.23924E+16,5.13454E+16
66088,,14,6,12,0,2017,11,7,3,3,5,3,0,1,0,0,0,2,1,8.37615E+20,5.66671E+21,1.3818E+16,5.10524E+16
66089,,14,5,21,10,2017,10,19,6,3,2,6,0,1,0,0,0,2,0,7.82936E+20,5.62967E+21,1.30113E+16,5.07497E+16
66090,,14,6,28,360,2017,10,7,2,3,8,1,0,1,0,0,0,1,1,8.65011E+20,5.6556E+21,1.41962E+16,5.09362E+16
66091,,14,6,26,260,2017,11,6,3,2,4,6,0,1,0,0,0,2,1,8.95468E+20,5.70452E+21,1.46813E+16,5.13539E+16
66092,,14,5,24,100,2017,10,16,4,3,6,4,0,1,1,0,0,0,0,7.50811E+20,5.60969E+21,1.25433E+16,5.05852E+16
66093,,14,5,22,590,2017,9,15,7,3,8,1,1,0,0,0,0,0,0,8.07179E+20,5.6442E+21,1.33661E+16,5.08677E+16
66094,,14,5,24,180,2017,10,23,6,2,2,6,1,1,0,0,0,2,0,7.66742E+20,5.64106E+21,1.27905E+16,5.08596E+16
66095,,14,7,29,350,2017,11,18,3,3,5,3,0,1,0,1,0,2,1,7.27061E+20,5.6735E+21,1.2248E+16,5.11678E+16
66096,,14,5,24,20,2017,10,6,4,2,8,6,0,1,0,1,0,2,0,7.59379E+20,5.63866E+21,1.26844E+16,5.08414E+16
66097,,14,5,21,630,2017,9,22,7,2,8,1,0,1,0,0,0,2,0,7.8611E+20,5.61492E+21,1.30448E+16,5.06159E+16
66098,,14,6,12,0,2017,10,5,7,3,0,1,1,0,0,0,0,2,0,8.29166E+20,5.66514E+21,1.36965E+16,5.10433E+16
66099,,14,6,25,230,2017,11,14,4,2,4,6,0,1,0,0,0,0,0,8.88673E+20,5.68128E+21,1.45589E+16,5.11506E+16
66100,,14,5,24,290,2017,10,11,4,2,8,1,0,1,0,0,0,0,0,7.56249E+20,5.64508E+21,1.26446E+16,5.09004E+16
66101,,14,5,21,180,2017,9,15,7,3,5,3,0,1,0,0,0,0,0,7.74479E+20,5.61061E+21,1.28776E+16,5.05828E+16
66102,,14,6,12,0,2017,11,12,5,3,6,6,1,0,1,0,0,0,0,8.35332E+20,5.67408E+21,1.37924E+16,5.11198E+16
66103,,14,5,11,0,2017,9,11,7,2,5,3,0,1,0,1,0,0,0,7.67778E+20,5.6396E+21,1.28041E+16,5.0846E+16
66104,,14,7,30,330,2017,10,15,4,3,8,1,0,1,0,0,0,0,0,7.74295E+20,5.68861E+21,1.29336E+16,5.12826E+16
66105,,14,5,23,320,2017,9,10,6,2,6,4,0,1,1,0,0,0,0,7.21531E+20,5.59823E+21,1.21235E+16,5.04941E+16
66106,,14,5,23,430,2017,11,13,5,3,5,3,0,1,0,0,1,0,0,7.32549E+20,5.60521E+21,1.2283E+16,5.05525E+16
66107,,14,5,23,170,2017,9,8,6,2,5,3,0,1,0,0,1,0,0,7.41499E+20,5.61288E+21,1.24141E+16,5.06177E+16
66108,,14,7,29,160,2017,10,20,4,3,0,7,0,0,0,1,0,2,0,7.57664E+20,5.68587E+21,1.26937E+16,5.12658E+16
66109,,14,5,23,340,2017,9,17,6,2,8,1,0,1,0,0,0,0,0,7.32612E+20,5.61299E+21,1.22887E+16,5.06223E+16
66110,,14,7,29,50,2017,9,18,6,3,8,6,0,1,0,0,1,1,0,7.45517E+20,5.67149E+21,1.25101E+16,5.11421E+16
66111,,14,6,28,360,2017,10,7,2,3,8,1,0,1,0,0,1,1,1,8.65E+20,5.6556E+21,1.4196E+16,5.09362E+16
66112,,14,7,30,70,2017,11,23,7,3,2,2,0,1,0,0,0,2,1,7.32288E+20,5.71168E+21,1.23475E+16,5.15084E+16
66113,,14,7,13,0,2017,9,7,6,3,3,2,0,1,0,0,1,0,0,7.36497E+20,5.69223E+21,1.23951E+16,5.13321E+16
66114,,14,7,13,0,2017,9,7,6,3,5,3,1,0,0,0,1,0,0,7.37288E+20,5.69092E+21,1.24055E+16,5.132E+16
66115,,14,5,24,330,2017,11,18,2,3,3,6,0,1,0,0,0,2,1,7.46264E+20,5.62631E+21,1.24902E+16,5.07363E+16
66116,,14,6,27,140,2017,11,17,3,2,6,4,0,1,1,0,0,2,0,8.1411E+20,5.67861E+21,1.34941E+16,5.11725E+16
66117,,14,5,24,30,2017,11,6,4,3,3,1,0,1,0,0,0,2,1,7.38641E+20,5.63692E+21,1.23893E+16,5.08347E+16
66118,,14,7,13,0,2017,9,13,6,3,5,3,1,1,0,0,0,0,0,7.36452E+20,5.69649E+21,1.23973E+16,5.13703E+16
66119,,14,7,13,0,2017,9,12,6,3,2,6,0,1,0,0,0,0,0,7.35729E+20,5.69356E+21,1.2385E+16,5.13444E+16
66120,,14,7,13,0,2017,9,11,6,1,9,1,0,1,0,0,0,0,0,7.41571E+20,5.69458E+21,1.24694E+16,5.13511E+16
66121,,14,6,26,290,2017,9,13,6,2,5,3,0,1,0,1,0,0,0,8.97937E+20,5.67328E+21,1.46819E+16,5.10727E+16
66122,,14,6,26,610,2017,9,12,6,2,5,3,1,1,0,0,0,0,0,9.08508E+20,5.65352E+21,1.48098E+16,5.08885E+16
66123,,14,6,25,480,2017,9,12,6,3,1,3,0,1,0,1,0,0,0,8.40676E+20,5.67614E+21,1.38704E+16,5.11352E+16
66124,,14,6,25,320,2017,9,7,6,3,8,1,0,0,0,0,1,1,0,8.48591E+20,5.68037E+21,1.39872E+16,5.11682E+16
66125,,14,5,22,360,2017,11,11,6,3,5,3,0,1,0,0,0,0,1,7.78996E+20,5.65513E+21,1.2975E+16,5.098E+16
66126,,14,6,25,450,2017,9,14,6,3,3,2,0,1,0,1,0,0,0,8.5083E+20,5.68422E+21,1.40229E+16,5.12014E+16
66127,,14,7,30,110,2017,11,16,6,2,4,2,0,1,0,0,0,0,1,7.50826E+20,5.70709E+21,1.26109E+16,5.14593E+16
66128,,14,6,26,450,2017,9,5,6,2,5,3,0,1,0,1,0,2,1,9.03443E+20,5.68081E+21,1.47685E+16,5.11362E+16
66129,,14,6,27,140,2017,9,17,6,2,9,1,0,0,0,0,1,0,0,8.12972E+20,5.67552E+21,1.34752E+16,5.11454E+16
66130,,14,7,30,270,2017,11,8,4,2,2,6,0,0,0,0,1,0,0,7.21516E+20,5.69969E+21,1.2185E+16,5.14051E+16
66131,,14,5,24,200,2017,11,16,4,2,5,3,0,1,0,1,0,1,1,7.52179E+20,5.62686E+21,1.25743E+16,5.07387E+16
66132,,14,5,24,330,2017,11,17,6,3,2,6,0,1,0,0,0,2,1,7.46077E+20,5.62483E+21,1.24866E+16,5.07231E+16
66133,,14,6,26,110,2017,11,20,5,3,2,6,1,1,0,0,0,2,0,9.17442E+20,5.68356E+21,1.49707E+16,5.11508E+16
66134,,14,6,28,410,2017,11,3,6,2,8,7,0,1,0,0,0,2,0,8.13397E+20,5.66596E+21,1.34729E+16,5.10594E+16
66135,,14,6,27,210,2017,10,5,2,3,5,3,1,1,0,0,0,2,1,8.28665E+20,5.67099E+21,1.36947E+16,5.1096E+16
66136,,14,6,28,50,2017,10,7,2,3,2,6,0,1,0,0,0,1,1,8.30869E+20,5.65898E+21,1.37151E+16,5.09871E+16
66137,,14,6,28,400,2017,10,19,2,2,1,5,0,1,0,1,0,2,1,8.21781E+20,5.65798E+21,1.35851E+16,5.09833E+16
66138,,14,7,13,0,2017,11,11,7,3,5,2,1,1,0,0,0,0,0,7.41377E+20,5.68688E+21,1.24614E+16,5.1282E+16
66139,,14,6,12,0,2017,10,15,2,2,5,3,1,0,0,1,0,0,1,8.33305E+20,5.66764E+21,1.37576E+16,5.10633E+16
66140,,14,6,26,610,2017,10,7,2,3,9,1,0,1,0,0,0,0,0,9.07219E+20,5.65456E+21,1.47928E+16,5.08987E+16
66141,,14,6,12,0,2017,10,17,2,3,1,6,0,1,0,0,0,1,0,8.27807E+20,5.66725E+21,1.36791E+16,5.1063E+16
66142,,14,6,28,60,2017,9,10,6,3,5,3,1,0,0,1,0,0,0,8.28106E+20,5.64902E+21,1.36669E+16,5.08994E+16
66143,,14,6,28,40,2017,9,20,6,3,2,7,0,1,0,0,1,2,0,8.43952E+20,5.65111E+21,1.38934E+16,5.09089E+16
66144,,14,6,12,0,2017,9,20,6,3,8,1,0,1,0,0,0,2,0,8.28595E+20,5.67032E+21,1.36931E+16,5.10901E+16
66145,,14,6,12,0,2017,9,14,6,2,4,1,0,1,0,0,0,0,0,8.40141E+20,5.6639E+21,1.38513E+16,5.10258E+16
66146,,14,5,21,430,2017,9,6,6,3,3,6,1,1,0,0,0,2,0,7.64585E+20,5.62548E+21,1.27487E+16,5.07208E+16
66147,,14,5,22,150,2017,9,18,6,3,2,6,0,1,0,0,0,2,0,7.83028E+20,5.64733E+21,1.30262E+16,5.09081E+16
66148,,14,5,21,30,2017,9,11,6,2,0,7,0,0,0,1,0,0,1,7.61528E+20,5.60987E+21,1.26945E+16,5.05821E+16
66149,,14,5,21,340,2017,9,5,6,2,0,7,0,0,0,1,0,2,0,7.85409E+20,5.60522E+21,1.30274E+16,5.05291E+16
66150,,14,5,24,330,2017,11,11,4,3,6,4,0,0,1,0,1,0,0,7.45878E+20,5.62451E+21,1.24836E+16,5.07203E+16
66151,,14,7,29,350,2017,11,14,7,3,0,7,1,1,0,0,0,0,0,7.27399E+20,5.67346E+21,1.22528E+16,5.11673E+16
66152,,14,7,30,270,2017,10,5,1,2,6,6,0,1,1,0,0,2,0,7.32803E+20,5.7058E+21,1.23511E+16,5.14555E+16
66153,,14,5,22,170,2017,11,11,7,3,5,3,0,1,0,0,0,0,1,8.19802E+20,5.63913E+21,1.35405E+16,5.08154E+16
66154,,14,6,25,450,2017,11,17,5,2,6,4,0,0,1,0,1,2,0,8.50159E+20,5.6826E+21,1.40118E+16,5.11873E+16
66155,,14,7,13,0,2017,11,18,7,2,4,2,0,1,0,0,1,2,0,7.41582E+20,5.69679E+21,1.2471E+16,5.13709E+16
66156,,14,5,11,0,2017,10,15,2,3,2,6,0,1,0,0,0,0,1,7.76801E+20,5.64007E+21,1.29324E+16,5.0846E+16
66157,,14,5,24,320,2017,10,21,1,3,0,1,0,0,0,1,0,2,0,7.48344E+20,5.61972E+21,1.25152E+16,5.06762E+16
66158,,14,6,12,0,2017,11,15,1,3,4,1,0,1,0,0,0,0,0,8.38072E+20,5.65941E+21,1.38177E+16,5.09868E+16
66159,,14,6,12,0,2017,11,14,6,3,5,3,0,1,0,1,0,0,0,8.30376E+20,5.66324E+21,1.3712E+16,5.10256E+16
66160,,14,7,13,0,2017,10,7,4,3,3,6,0,1,0,0,1,0,1,7.38657E+20,5.6945E+21,1.24276E+16,5.13516E+16
66161,,14,7,13,0,2017,11,23,6,2,6,4,0,1,1,0,0,2,1,7.32145E+20,5.69247E+21,1.23329E+16,5.1336E+16
66162,,14,7,13,0,2017,10,17,4,3,4,6,0,1,0,0,1,0,0,7.40124E+20,5.68786E+21,1.24441E+16,5.12914E+16
66163,,14,5,22,230,2017,11,16,7,3,9,1,0,1,0,0,0,1,1,7.85795E+20,5.6528E+21,1.30698E+16,5.09558E+16
66164,,14,6,25,250,2017,10,15,4,3,2,6,0,1,0,0,0,0,0,8.57598E+20,5.69398E+21,1.41291E+16,5.12846E+16
66165,,14,5,11,0,2017,10,15,2,3,5,2,0,1,0,0,0,0,1,7.7132E+20,5.64168E+21,1.28559E+16,5.0863E+16
66166,,14,5,21,440,2017,11,21,7,3,9,1,0,1,0,0,0,2,2,7.83883E+20,5.59475E+21,1.2998E+16,5.0436E+16
66167,,14,5,23,430,2017,10,21,1,2,6,6,0,1,1,0,0,2,1,7.30627E+20,5.60363E+21,1.22549E+16,5.05391E+16
66168,,14,7,13,0,2017,10,18,1,3,1,2,0,1,0,0,0,2,0,7.36349E+20,5.69474E+21,1.23946E+16,5.13547E+16
66169,,14,6,25,560,2017,10,18,3,3,4,6,1,0,0,0,0,2,0,8.77551E+20,5.66966E+21,1.43885E+16,5.1054E+16
66170,,14,7,29,160,2017,10,16,1,3,1,5,1,1,0,0,0,0,1,7.63975E+20,5.68423E+21,1.27828E+16,5.12482E+16
66171,,14,7,13,0,2017,10,17,1,3,2,6,0,1,0,0,1,0,1,7.40754E+20,5.69446E+21,1.24576E+16,5.13504E+16
66172,,14,7,30,270,2017,10,16,3,3,2,2,0,1,0,0,0,0,0,7.24021E+20,5.69954E+21,1.22209E+16,5.14028E+16
66173,,14,7,29,400,2017,10,0,1,2,9,1,0,1,0,0,0,2,1,7.63587E+20,5.68781E+21,1.27799E+16,5.12805E+16
66174,,14,6,25,600,2017,10,18,1,3,9,1,0,1,0,0,0,1,0,8.40248E+20,5.67952E+21,1.38675E+16,5.11656E+16
66175,,14,6,28,110,2017,10,16,1,2,3,6,1,1,0,0,0,0,0,8.24679E+20,5.65802E+21,1.36263E+16,5.0982E+16
66176,,14,5,22,460,2017,10,13,4,3,5,2,0,1,0,1,0,0,0,7.60984E+20,5.64809E+21,1.27139E+16,5.09253E+16
66177,,14,6,12,0,2017,10,14,1,3,0,2,1,0,0,0,0,0,0,8.37751E+20,5.66654E+21,1.38198E+16,5.10509E+16
66178,,14,5,21,530,2017,10,6,5,3,6,1,0,1,1,0,0,1,0,7.57296E+20,5.60971E+21,1.26347E+16,5.05825E+16
66179,,14,6,12,0,2017,10,18,1,3,8,1,1,0,0,0,0,2,0,8.31907E+20,5.66509E+21,1.37354E+16,5.10413E+16
66180,,14,6,25,40,2017,11,20,2,3,6,2,0,1,1,0,0,2,1,8.62127E+20,5.67676E+21,1.41764E+16,5.11275E+16
66181,,14,6,26,310,2017,10,14,5,3,2,6,0,1,0,0,0,0,0,9.06362E+20,5.66233E+21,1.47893E+16,5.09688E+16
66182,,14,6,12,0,2017,10,8,1,3,0,1,1,0,0,0,0,0,1,8.31933E+20,5.66514E+21,1.37358E+16,5.10417E+16
66183,,14,5,11,0,2017,11,13,3,3,3,2,1,1,0,0,0,0,1,7.7614E+20,5.64156E+21,1.29241E+16,5.08597E+16
66184,,14,6,26,110,2017,10,19,4,2,3,6,1,1,0,0,0,2,0,9.16329E+20,5.68329E+21,1.49546E+16,5.11492E+16
66185,,14,5,23,40,2017,10,15,5,2,0,7,1,1,0,0,0,0,0,7.32287E+20,5.57437E+21,1.22602E+16,5.02757E+16
66186,,14,6,27,210,2017,11,16,3,3,2,2,0,1,0,0,0,2,1,8.24142E+20,5.67221E+21,1.36314E+16,5.11095E+16
66187,,14,6,26,520,2017,10,5,4,3,8,1,0,0,0,1,0,2,1,9.14366E+20,5.68971E+21,1.49341E+16,5.1208E+16
66188,,14,5,22,300,2017,9,7,6,3,9,1,0,1,0,0,0,0,0,7.87183E+20,5.66323E+21,1.30977E+16,5.10487E+16
66189,,14,6,26,180,2017,10,15,6,2,6,4,0,1,1,0,0,0,0,9.02513E+20,5.66759E+21,1.47406E+16,5.10186E+16
66190,,14,6,26,180,2017,11,16,3,3,6,2,0,1,1,0,0,1,1,9.0276E+20,5.6673E+21,1.47438E+16,5.10158E+16
66191,,14,6,28,270,2017,10,17,4,3,5,3,1,1,0,0,0,0,0,8.46403E+20,5.6578E+21,1.39345E+16,5.09674E+16
66192,,14,5,24,300,2017,9,10,5,2,5,3,0,0,0,1,1,0,0,7.37404E+20,5.62943E+21,1.23669E+16,5.07679E+16
66193,,14,5,24,330,2017,11,18,3,3,6,7,0,1,1,0,0,2,1,7.44597E+20,5.62434E+21,1.24653E+16,5.07193E+16
66194,,14,7,13,0,2017,9,20,5,3,2,6,0,1,0,0,0,2,0,7.31923E+20,5.69246E+21,1.23297E+16,5.1336E+16
66195,,14,5,22,150,2017,10,12,4,3,0,1,0,0,0,1,0,0,0,7.83383E+20,5.64853E+21,1.30322E+16,5.09187E+16
66196,,14,6,26,290,2017,9,8,5,3,2,6,0,1,0,0,0,0,0,8.97063E+20,5.6749E+21,1.46713E+16,5.10878E+16
66197,,14,5,21,10,2017,11,8,5,3,5,3,0,1,0,0,1,0,0,7.82187E+20,5.62855E+21,1.29998E+16,5.07401E+16
66198,,14,6,25,430,2017,9,15,5,3,1,6,0,1,0,0,0,0,0,8.3492E+20,5.67951E+21,1.37916E+16,5.11688E+16
66199,,14,5,21,670,2017,10,19,4,2,5,3,0,1,0,0,0,2,0,7.90689E+20,5.62211E+21,1.3115E+16,5.06781E+16
66200,,14,6,25,250,2017,9,16,5,3,5,3,0,1,0,1,0,0,0,8.55823E+20,5.6929E+21,1.41027E+16,5.12761E+16
66201,,14,6,25,200,2017,9,22,5,3,7,7,0,1,0,0,0,2,0,8.51373E+20,5.67953E+21,1.40261E+16,5.11591E+16
66202,,14,6,27,60,2017,10,19,1,3,5,3,0,1,0,0,0,2,0,8.1478E+20,5.69311E+21,1.35164E+16,5.13021E+16
66203,,14,6,27,110,2017,9,8,5,2,8,1,0,0,0,0,1,0,0,8.24951E+20,5.70194E+21,1.36699E+16,5.13755E+16
66204,,14,6,12,0,2017,10,0,1,3,5,2,1,1,0,0,0,2,0,8.31728E+20,5.67021E+21,1.37376E+16,5.10873E+16
66205,,14,6,28,10,2017,9,8,5,2,8,1,0,1,0,0,0,0,1,8.32049E+20,5.63663E+21,1.37115E+16,5.07862E+16
66206,,14,5,22,180,2017,10,8,1,3,2,6,0,1,0,1,0,0,1,8.04514E+20,5.64908E+21,1.33324E+16,5.09129E+16
66207,,14,6,12,0,2017,11,11,2,3,5,3,0,1,0,0,0,0,0,8.33524E+20,5.66343E+21,1.37569E+16,5.10254E+16
66208,,14,7,30,70,2017,11,18,2,3,4,2,0,1,0,0,0,2,0,7.30147E+20,5.71461E+21,1.23186E+16,5.15356E+16
66209,,14,6,12,0,2017,11,16,3,3,5,2,1,1,0,0,0,2,1,8.34661E+20,5.67332E+21,1.37822E+16,5.11134E+16
66210,,14,6,12,0,2017,9,17,5,3,3,6,0,1,0,0,1,0,0,8.21826E+20,5.66682E+21,1.35936E+16,5.10625E+16
66211,,14,7,13,0,2017,11,6,7,1,2,6,0,1,0,1,0,1,0,7.43289E+20,5.69516E+21,1.24944E+16,5.13555E+16
66212,,14,5,24,130,2017,11,7,3,3,8,1,0,1,0,0,0,2,1,7.49962E+20,5.61549E+21,1.25352E+16,5.06376E+16
66213,,14,6,12,0,2017,9,10,5,3,0,3,1,0,0,0,1,0,0,8.3043E+20,5.67091E+21,1.37197E+16,5.10943E+16
66214,,14,6,12,0,2017,11,16,4,3,0,4,0,0,1,0,1,2,1,8.31819E+20,5.66495E+21,1.3734E+16,5.104E+16
66215,,14,5,22,190,2017,9,11,5,3,0,4,0,1,1,0,0,0,0,7.73607E+20,5.66575E+21,1.29064E+16,5.10779E+16
66216,,14,5,21,250,2017,9,11,5,3,8,1,0,1,0,0,0,0,0,7.89787E+20,5.61507E+21,1.30967E+16,5.06154E+16
66217,,14,5,22,240,2017,9,5,5,2,8,1,0,0,0,1,0,1,0,8.11144E+20,5.65586E+21,1.34322E+16,5.09701E+16
66218,,14,5,24,240,2017,9,17,4,2,9,7,0,1,0,0,0,1,0,7.47248E+20,5.64332E+21,1.25156E+16,5.08886E+16