OBJECTID,UIDENTSTLA,ULAND,UREGBEZ,UKREIS,UGEMEINDE,UJAHR,UMONAT,USTUNDE,UWOCHENTAG,UKATEGORIE,UART,UTYP1,IstRad,IstPKW,IstFuss,IstKrad,IstSonstig,LICHT,STRZUSTAND,LINREFX,LINREFY,XGCSWGS84,YGCSWGS84
66219,,14,7,30,110,2017,9,15,4,2,5,3,0,0,0,1,0,0,1,7.5481E+20,5.70828E+21,1.2669E+16,5.14682E+16
66220,,14,6,27,230,2017,11,14,5,3,5,3,0,1,0,0,1,0,0,8.00762E+20,5.69218E+21,1.33151E+16,5.13013E+16
66221,,14,7,30,110,2017,9,6,4,3,3,5,0,1,0,0,0,0,0,7.51316E+20,5.70689E+21,1.26178E+16,5.14573E+16
66222,,14,5,23,450,2017,11,14,5,3,3,7,0,1,0,0,0,0,0,7.19648E+20,5.59222E+21,1.20935E+16,5.04408E+16
66223,,14,7,29,150,2017,9,20,4,3,0,7,0,1,0,0,0,2,1,7.6046E+20,5.66557E+21,1.2719E+16,5.10824E+16
66224,,14,6,27,80,2017,11,13,6,3,5,3,0,1,0,0,0,0,1,8.06074E+20,5.67189E+21,1.33738E+16,5.11166E+16
66225,,14,7,13,0,2017,9,17,4,3,5,3,0,1,0,0,0,1,0,7.29997E+20,5.6931E+21,1.23025E+16,5.13426E+16
66226,,14,6,26,150,2017,11,11,7,3,2,6,0,1,0,0,0,0,0,8.95757E+20,5.67281E+21,1.46504E+16,5.107E+16
66227,,14,7,13,0,2017,9,15,4,3,2,2,0,1,0,0,1,0,0,7.2775E+20,5.69906E+21,1.22741E+16,5.1397E+16
66228,,14,7,13,0,2017,9,8,4,3,2,2,0,1,0,0,0,0,1,7.34776E+20,5.69353E+21,1.23713E+16,5.13444E+16
66229,,14,6,25,350,2017,11,14,7,3,2,6,0,1,0,1,0,0,0,8.60687E+20,5.68957E+21,1.41688E+16,5.12432E+16
66230,,14,7,13,0,2017,9,6,4,3,6,2,0,1,1,0,0,1,0,7.36636E+20,5.69574E+21,1.23994E+16,5.13635E+16
66231,,14,7,30,300,2017,9,6,4,3,5,3,1,1,0,0,0,1,0,7.4286E+20,5.69766E+21,1.249E+16,5.13782E+16
66232,,14,6,12,0,2017,11,10,3,3,5,3,1,1,0,0,0,0,1,8.31277E+20,5.6683E+21,1.37294E+16,5.10704E+16
66233,,14,6,26,610,2017,11,14,3,3,2,6,0,1,0,0,0,0,0,9.08843E+20,5.65457E+21,1.48158E+16,5.08976E+16
66234,,14,5,24,300,2017,11,7,3,3,6,4,0,1,1,0,0,2,1,7.38474E+20,5.62593E+21,1.23798E+16,5.07361E+16
66235,,14,6,12,0,2017,11,17,4,3,5,2,1,1,0,0,0,2,0,8.32464E+20,5.6658E+21,1.3744E+16,5.10473E+16
66236,,14,7,30,270,2017,9,4,4,3,2,6,0,1,0,0,0,2,0,7.23256E+20,5.69351E+21,1.22061E+16,5.13489E+16
66237,,14,6,25,430,2017,9,17,4,2,5,3,1,0,0,0,1,0,0,8.37194E+20,5.68052E+21,1.3825E+16,5.11764E+16
66238,,14,6,25,250,2017,9,13,4,3,4,7,1,1,0,0,0,0,0,8.57657E+20,5.69099E+21,1.4127E+16,5.12578E+16
66239,,14,6,26,480,2017,9,17,4,2,0,1,1,0,0,0,0,0,0,9.12836E+20,5.70451E+21,1.49293E+16,5.13415E+16
66240,,14,6,25,100,2017,9,18,4,3,2,6,1,0,0,1,0,0,0,8.65251E+20,5.68206E+21,1.42263E+16,5.1173E+16
66241,,14,6,25,525,2017,9,14,4,3,2,6,0,1,0,0,0,0,0,8.80625E+20,5.67482E+21,1.44376E+16,5.10982E+16
66242,,14,6,28,80,2017,11,16,6,2,4,6,0,1,0,0,0,1,1,8.38461E+20,5.65718E+21,1.38212E+16,5.09666E+16
66243,,14,6,25,320,2017,9,21,4,3,2,6,0,1,0,0,0,2,0,8.47835E+20,5.67912E+21,1.39753E+16,5.11575E+16
66244,,14,6,28,210,2017,9,16,4,3,2,6,0,1,0,0,0,0,1,8.55425E+20,5.65345E+21,1.40582E+16,5.0923E+16
66245,,14,6,27,100,2017,9,21,4,3,8,1,0,1,0,0,0,2,1,8.16241E+20,5.66731E+21,1.35146E+16,5.107E+16
66246,,14,6,25,330,2017,11,7,4,3,0,7,0,0,0,0,1,0,0,8.76024E+20,5.70662E+21,1.44055E+16,5.13859E+16
66247,,14,7,29,340,2017,11,17,4,3,5,2,0,1,0,0,1,2,1,7.52498E+20,5.68558E+21,1.26196E+16,5.12655E+16
66248,,14,6,25,490,2017,10,10,1,3,5,3,1,1,0,0,0,0,0,8.78786E+20,5.69417E+21,1.44318E+16,5.12727E+16
66249,,14,6,25,350,2017,11,7,6,3,8,1,0,1,0,0,0,0,0,8.6251E+20,5.6962E+21,1.42015E+16,5.13014E+16
66250,,14,5,21,670,2017,11,11,5,3,9,2,0,1,0,0,1,0,1,7.87455E+20,5.62073E+21,1.30682E+16,5.06673E+16
66251,,14,7,29,370,2017,11,18,7,3,5,3,0,1,0,0,0,2,1,7.38693E+20,5.67751E+21,1.24167E+16,5.1199E+16
66252,,14,5,11,0,2017,11,16,6,3,2,6,0,1,0,0,0,2,1,7.75001E+20,5.63927E+21,1.29063E+16,5.08397E+16
66253,,14,5,21,560,2017,10,13,4,3,2,2,0,1,0,0,0,0,0,7.81917E+20,5.59951E+21,1.2974E+16,5.04796E+16
66254,,14,6,28,270,2017,11,21,6,2,0,1,1,0,0,0,0,2,1,8.46674E+20,5.65849E+21,1.3939E+16,5.09734E+16
66255,,14,5,11,0,2017,10,14,4,3,0,6,0,0,0,1,1,0,0,7.73803E+20,5.63683E+21,1.28875E+16,5.08184E+16
66256,,14,5,11,0,2017,10,17,1,3,1,2,0,1,0,0,0,2,0,7.67137E+20,5.63576E+21,1.27923E+16,5.08119E+16
66257,,14,5,22,580,2017,10,12,1,2,2,2,0,1,0,0,0,0,1,7.61708E+20,5.65844E+21,1.27316E+16,5.10179E+16
66258,,14,6,25,20,2017,11,14,7,3,5,3,0,1,0,0,0,0,0,8.74777E+20,5.6855E+21,1.43655E+16,5.11976E+16
66259,,14,5,24,330,2017,10,14,7,3,5,3,0,1,0,0,0,0,0,7.43681E+20,5.62427E+21,1.24524E+16,5.07191E+16
66260,,14,5,24,70,2017,10,9,2,3,2,6,0,1,0,0,1,0,0,7.59715E+20,5.63137E+21,1.2684E+16,5.07758E+16
66261,,14,5,24,30,2017,10,20,7,3,8,1,1,0,0,0,0,2,1,7.39026E+20,5.63518E+21,1.23936E+16,5.08189E+16
66262,,14,5,23,320,2017,10,17,7,3,8,1,0,1,0,0,0,0,1,7.23666E+20,5.59967E+21,1.21544E+16,5.05062E+16
66263,,14,6,12,0,2017,10,12,3,2,6,4,0,1,1,0,0,0,0,8.30728E+20,5.66879E+21,1.3722E+16,5.10751E+16
66264,,14,5,23,160,2017,10,13,7,3,1,5,0,1,0,0,0,0,0,7.46646E+20,5.58386E+21,1.24675E+16,5.03551E+16
66265,,14,5,24,180,2017,10,14,7,3,2,6,0,1,0,0,0,0,0,7.66394E+20,5.64099E+21,1.27855E+16,5.08591E+16
66266,,14,7,29,170,2017,10,14,3,3,2,6,0,1,0,0,0,0,0,7.30583E+20,5.67104E+21,1.22967E+16,5.11443E+16
66267,,14,5,24,110,2017,10,7,7,2,2,1,0,1,0,0,1,1,0,7.41596E+20,5.61339E+21,1.24158E+16,5.06223E+16
66268,,14,6,26,240,2017,10,6,3,3,5,3,0,1,0,0,0,2,1,9.08051E+20,5.6868E+21,1.48408E+16,5.11866E+16
66269,,14,7,13,0,2017,10,18,7,3,2,6,0,1,0,0,0,2,1,7.35818E+20,5.68677E+21,1.23817E+16,5.12834E+16
66270,,14,5,23,320,2017,11,8,2,3,6,2,0,1,1,0,0,0,1,7.2366E+20,5.59824E+21,1.21535E+16,5.04934E+16
66271,,14,5,24,330,2017,10,4,3,3,0,1,1,0,0,0,0,2,1,7.45304E+20,5.62626E+21,1.24766E+16,5.07362E+16
66272,,14,6,26,350,2017,10,17,7,3,2,6,0,1,0,0,0,1,0,8.88099E+20,5.66872E+21,1.45373E+16,5.10386E+16
66273,,14,5,22,220,2017,11,12,2,2,8,1,0,1,0,0,0,0,1,7.84931E+20,5.67459E+21,1.30746E+16,5.11516E+16
66274,,14,6,26,230,2017,10,15,4,3,5,3,1,1,0,0,0,0,0,9.10889E+20,5.69347E+21,1.48889E+16,5.12442E+16
66275,,14,6,26,610,2017,10,20,7,3,7,7,0,1,0,0,0,2,1,9.07702E+20,5.64954E+21,1.4794E+16,5.08534E+16
66276,,14,6,27,150,2017,11,17,2,3,5,2,1,1,0,0,0,2,1,8.2726E+20,5.67747E+21,1.36806E+16,5.11549E+16
66277,,14,6,27,270,2017,10,19,5,3,1,5,0,1,0,0,1,2,0,7.93994E+20,5.69721E+21,1.32224E+16,5.135E+16
66278,,14,5,23,230,2017,11,16,2,3,9,1,0,1,0,0,0,2,1,7.30983E+20,5.58859E+21,1.22506E+16,5.04039E+16
66279,,14,5,11,0,2017,10,8,4,3,3,2,1,1,0,0,0,0,0,7.78091E+20,5.64193E+21,1.29521E+16,5.08621E+16
66280,,14,7,29,160,2017,10,18,5,3,8,1,0,1,0,0,0,0,0,7.6675E+20,5.68272E+21,1.28213E+16,5.12334E+16
66281,,14,6,12,0,2017,11,11,3,3,5,3,0,1,0,0,0,0,1,8.37711E+20,5.668E+21,1.38206E+16,5.1064E+16
66282,,14,5,22,35,2017,10,7,4,2,9,7,0,1,0,0,0,0,0,8.106E+20,5.65206E+21,1.34213E+16,5.09363E+16
66283,,14,6,25,525,2017,10,17,7,2,5,3,1,1,0,0,0,0,0,8.81136E+20,5.67546E+21,1.44455E+16,5.11036E+16
66284,,14,6,25,20,2017,11,15,3,3,2,6,0,1,0,0,0,0,1,8.78584E+20,5.68375E+21,1.44179E+16,5.11795E+16
66285,,14,5,21,140,2017,10,17,4,3,8,1,0,1,0,0,0,0,0,8.17073E+20,5.61872E+21,1.34844E+16,5.06339E+16
66286,,14,6,12,0,2017,9,8,4,3,3,2,0,1,0,0,0,0,0,8.3255E+20,5.666E+21,1.37454E+16,5.1049E+16
66287,,14,6,25,330,2017,10,6,7,3,8,6,0,1,0,0,0,1,0,8.77635E+20,5.70409E+21,1.44259E+16,5.13622E+16
66288,,14,7,29,10,2017,11,13,3,3,4,7,0,1,0,0,0,0,1,7.54611E+20,5.672E+21,1.26402E+16,5.11427E+16
66289,,14,5,24,30,2017,10,18,3,2,4,2,1,1,0,0,0,0,0,7.38597E+20,5.63501E+21,1.23874E+16,5.08176E+16
66290,,14,6,12,0,2017,9,14,4,3,3,6,0,1,0,0,1,0,0,8.32242E+20,5.67506E+21,1.37493E+16,5.11304E+16
66291,,14,6,12,0,2017,9,20,4,3,6,4,0,1,1,0,0,2,0,8.32771E+20,5.66852E+21,1.37508E+16,5.10715E+16
66292,,14,6,28,80,2017,10,15,7,3,2,6,1,1,0,0,0,0,0,8.35507E+20,5.65626E+21,1.37784E+16,5.096E+16
66293,,14,5,22,50,2017,9,15,4,3,2,6,0,1,0,0,0,0,0,8.02752E+20,5.64404E+21,1.33033E+16,5.08686E+16
66294,,14,6,28,110,2017,10,15,7,3,5,2,1,1,0,0,0,0,0,8.23115E+20,5.65807E+21,1.36042E+16,5.09834E+16
66295,,14,5,21,320,2017,9,10,4,3,5,3,0,1,0,0,0,0,0,7.63251E+20,5.59367E+21,1.27074E+16,5.04359E+16
66296,,14,6,28,80,2017,10,15,7,3,1,6,0,1,0,0,0,0,0,8.35516E+20,5.65622E+21,1.37785E+16,5.09597E+16
66297,,14,6,12,0,2017,10,21,7,3,8,1,0,1,0,0,0,2,1,8.43265E+20,5.66151E+21,1.38934E+16,5.10025E+16
66298,,14,6,12,0,2017,10,20,1,3,5,3,1,1,0,0,0,2,0,8.28508E+20,5.66819E+21,1.36899E+16,5.1071E+16
66299,,14,6,12,0,2017,10,13,7,3,2,6,0,1,0,0,0,0,0,8.31386E+20,5.67234E+21,1.37346E+16,5.11066E+16
66300,,14,5,21,355,2017,10,17,7,3,0,1,0,0,0,1,0,0,1,7.64392E+20,5.60744E+21,1.27331E+16,5.0559E+16
66301,,14,6,27,140,2017,11,19,2,2,6,4,0,1,1,0,0,2,1,8.14674E+20,5.6781E+21,1.35017E+16,5.11676E+16
66302,,14,5,23,30,2017,10,10,3,2,9,1,0,1,0,0,0,0,1,7.36386E+20,5.56438E+21,1.23114E+16,5.01844E+16
66303,,14,5,24,290,2017,10,1,6,2,9,1,0,1,0,0,0,2,0,7.5469E+20,5.64169E+21,1.26201E+16,5.08706E+16
66304,,14,6,25,430,2017,11,8,2,3,5,3,0,0,0,0,1,0,0,8.39387E+20,5.68031E+21,1.3856E+16,5.11733E+16
66305,,14,5,11,0,2017,9,16,4,3,2,6,0,1,0,0,0,0,0,7.78611E+20,5.63857E+21,1.29569E+16,5.08317E+16
66306,,14,6,25,160,2017,11,14,7,2,4,6,0,1,0,0,0,0,0,8.83263E+20,5.69396E+21,1.44955E+16,5.12677E+16
66307,,14,5,21,410,2017,11,7,3,2,6,2,0,1,1,0,0,1,1,7.72589E+20,5.63243E+21,1.2867E+16,5.07794E+16
66308,,14,5,22,460,2017,9,16,4,1,5,3,0,1,0,1,0,0,0,7.60349E+20,5.64898E+21,1.27055E+16,5.09336E+16
66309,,14,6,25,250,2017,11,8,7,2,9,1,0,0,0,0,1,0,0,8.53542E+20,5.68961E+21,1.40669E+16,5.1248E+16
66310,,14,6,27,50,2017,11,17,3,3,2,2,0,1,0,0,0,2,1,8.09284E+20,5.70473E+21,1.34479E+16,5.14093E+16
66311,,14,6,27,340,2017,10,13,5,3,2,6,0,1,0,0,0,0,0,8.0437E+20,5.70254E+21,1.33756E+16,5.13923E+16
66312,,14,7,29,300,2017,10,13,6,3,0,7,0,0,0,0,1,0,1,7.53489E+20,5.6888E+21,1.26361E+16,5.1294E+16
66313,,14,7,30,280,2017,10,11,5,3,5,3,0,1,0,0,0,0,0,7.37885E+20,5.71061E+21,1.24273E+16,5.14965E+16
66314,,14,7,29,30,2017,10,14,6,2,5,3,0,1,0,1,0,0,0,7.58689E+20,5.69634E+21,1.2716E+16,5.13593E+16
66315,,14,6,12,0,2017,11,8,3,2,6,4,0,1,1,0,0,0,1,8.38694E+20,5.66785E+21,1.38344E+16,5.1062E+16
66316,,14,7,29,330,2017,10,15,3,3,9,1,0,1,0,1,0,0,1,7.52137E+20,5.6786E+21,1.26095E+16,5.12031E+16
66317,,14,5,21,620,2017,10,13,6,3,2,6,0,1,0,0,0,0,0,7.72972E+20,5.62473E+21,1.28667E+16,5.07102E+16
66318,,14,6,25,160,2017,11,18,3,3,6,6,0,1,1,0,0,2,1,8.8593E+20,5.69481E+21,1.45344E+16,5.12736E+16
66319,,14,7,29,320,2017,10,11,3,3,8,1,0,1,0,0,0,0,1,7.41003E+20,5.67234E+21,1.24463E+16,5.11517E+16
66320,,14,5,24,90,2017,9,17,3,3,3,2,0,1,0,1,0,0,0,7.5912E+20,5.61798E+21,1.26662E+16,5.06559E+16
66321,,14,5,23,150,2017,10,9,6,3,2,6,0,1,0,0,0,0,0,7.35443E+20,5.61053E+21,1.23271E+16,5.05991E+16
66322,,14,7,29,30,2017,11,18,3,3,2,6,0,1,0,0,1,2,1,7.5488E+20,5.69619E+21,1.26613E+16,5.13597E+16
66323,,14,7,13,0,2017,10,11,3,3,4,1,0,1,0,0,0,0,1,7.38444E+20,5.69456E+21,1.24245E+16,5.13522E+16
66324,,14,5,23,360,2017,9,13,3,2,8,1,0,0,0,1,0,0,0,7.41358E+20,5.60243E+21,1.24053E+16,5.0524E+16
66325,,14,6,27,260,2017,10,11,7,3,5,2,0,1,0,1,0,0,0,7.95702E+20,5.68832E+21,1.32395E+16,5.12694E+16
66326,,14,7,29,160,2017,11,10,4,3,2,6,0,1,0,0,0,0,1,7.64188E+20,5.68517E+21,1.27865E+16,5.12565E+16
66327,,14,5,24,210,2017,9,5,3,2,9,1,0,0,0,1,0,2,0,7.40175E+20,5.63184E+21,1.24077E+16,5.07885E+16
66328,,14,7,13,0,2017,10,0,3,1,0,7,0,1,0,0,0,2,1,7.39915E+20,5.69818E+21,1.24481E+16,5.13841E+16
66329,,14,5,23,310,2017,9,6,3,2,5,3,0,1,0,1,0,0,0,7.07519E+20,5.60284E+21,1.19288E+16,5.05406E+16
66330,,14,7,13,0,2017,11,18,5,3,5,3,0,1,0,0,1,2,0,7.3667E+20,5.69557E+21,1.23998E+16,5.1362E+16
66331,,14,7,30,160,2017,9,9,3,2,4,6,0,1,0,0,1,0,0,7.52532E+20,5.71532E+21,1.26413E+16,5.15324E+16
66332,,14,7,13,0,2017,10,0,3,2,3,1,0,1,0,0,0,2,1,7.39915E+20,5.69818E+21,1.24481E+16,5.1384E+16
66333,,14,7,29,300,2017,9,15,3,3,1,7,0,1,0,0,0,0,0,7.50673E+20,5.68724E+21,1.25947E+16,5.12812E+16
66334,,14,7,29,400,2017,9,13,3,3,8,1,0,1,0,0,0,0,0,7.59025E+20,5.68875E+21,1.27153E+16,5.12911E+16
66335,,14,7,13,0,2017,10,14,6,3,2,2,0,1,0,0,0,0,0,7.2728E+20,5.69004E+21,1.22616E+16,5.13162E+16
66336,,14,7,13,0,2017,9,15,3,3,6,4,1,0,1,0,0,0,0,7.33916E+20,5.69322E+21,1.23587E+16,5.1342E+16
66337,,14,7,13,0,2017,9,14,3,3,4,2,0,1,0,0,0,0,0,7.37353E+20,5.69024E+21,1.2406E+16,5.13139E+16
66338,,14,7,13,0,2017,10,7,6,3,6,4,0,0,1,0,1,2,0,7.36465E+20,5.69302E+21,1.23952E+16,5.13392E+16
66339,,14,7,30,300,2017,9,20,3,3,5,3,1,1,0,0,0,2,0,7.42885E+20,5.69769E+21,1.24903E+16,5.13784E+16
66340,,14,7,30,280,2017,10,12,6,2,5,3,0,1,0,0,0,0,0,7.41421E+20,5.71311E+21,1.24799E+16,5.15174E+16
66341,,14,6,26,70,2017,11,16,2,3,4,6,0,1,0,0,0,2,1,8.91498E+20,5.67106E+21,1.4588E+16,5.10572E+16
66342,,14,5,22,360,2017,11,15,3,2,6,4,0,1,1,0,0,0,1,7.79623E+20,5.65542E+21,1.29841E+16,5.09823E+16
66343,,14,6,25,240,2017,11,14,3,3,5,3,0,1,0,0,1,0,1,8.63362E+20,5.71001E+21,1.42278E+16,5.14245E+16
66344,,14,6,26,610,2017,9,17,3,3,5,3,0,1,0,0,0,0,0,9.07563E+20,5.65466E+21,1.47978E+16,5.08993E+16
66345,,14,5,22,180,2017,11,21,4,3,0,2,1,1,0,0,0,2,1,8.04897E+20,5.65012E+21,1.33387E+16,5.0922E+16
66346,,14,6,26,610,2017,9,13,3,3,0,1,1,0,0,0,0,0,0,9.13467E+20,5.66081E+21,1.48882E+16,5.09502E+16
66347,,14,6,26,240,2017,9,13,3,3,8,1,0,1,0,0,0,0,0,9.1006E+20,5.68534E+21,1.48678E+16,5.1172E+16
66348,,14,6,25,20,2017,9,16,3,3,2,6,0,1,0,0,0,0,0,8.81036E+20,5.68382E+21,1.44529E+16,5.11785E+16
66349,,14,6,12,0,2017,9,18,3,3,2,6,1,1,0,0,0,1,0,8.32083E+20,5.66772E+21,1.37403E+16,5.10647E+16
66350,,14,6,12,0,2017,9,9,3,3,2,6,0,1,0,0,0,0,0,8.38605E+20,5.66754E+21,1.38329E+16,5.10594E+16
66351,,14,6,28,160,2017,9,14,3,2,5,2,0,0,0,1,1,0,0,8.40987E+20,5.65847E+21,1.38582E+16,5.09766E+16
66352,,14,5,23,20,2017,11,7,5,3,6,4,0,1,1,0,0,1,1,7.4097E+20,5.60043E+21,1.23985E+16,5.05062E+16
66353,,14,5,21,250,2017,9,21,3,3,5,3,0,1,0,0,0,2,0,7.92064E+20,5.61762E+21,1.31308E+16,5.06372E+16
66354,,14,6,28,400,2017,11,15,6,1,8,1,0,1,0,0,0,0,1,8.21475E+20,5.65803E+21,1.35808E+16,5.09839E+16
66355,,14,5,21,30,2017,9,5,3,2,8,1,0,1,0,0,0,2,0,7.61587E+20,5.61339E+21,1.26978E+16,5.06137E+16
66356,,14,7,13,0,2017,11,11,6,3,6,4,0,1,1,0,0,0,0,7.33743E+20,5.69315E+21,1.23562E+16,5.13415E+16
66357,,14,5,21,370,2017,9,15,3,2,5,3,0,1,0,1,0,0,0,7.63276E+20,5.61303E+21,1.27214E+16,5.06097E+16
66358,,14,7,13,0,2017,11,14,4,1,6,4,0,0,1,0,1,0,0,7.34288E+20,5.69334E+21,1.23642E+16,5.1343E+16
66359,,14,5,11,0,2017,11,14,5,2,6,4,0,1,1,0,0,0,0,7.77826E+20,5.64101E+21,1.29476E+16,5.08539E+16
66360,,14,6,25,430,2017,11,9,5,3,5,2,1,1,0,0,0,0,0,8.37364E+20,5.68121E+21,1.3828E+16,5.11825E+16
66361,,14,6,26,590,2017,10,11,3,3,2,6,0,1,0,0,0,0,1,8.94123E+20,5.72023E+21,1.46795E+16,5.14955E+16
66362,,14,6,26,140,2017,10,13,6,3,5,3,1,1,0,0,0,0,0,8.977E+20,5.65388E+21,1.46573E+16,5.08993E+16
66363,,14,6,26,85,2017,10,12,6,2,8,1,0,0,0,1,0,0,0,8.93902E+20,5.66334E+21,1.46138E+16,5.09865E+16
66364,,14,6,12,0,2017,11,1,7,3,0,1,1,0,0,0,0,2,0,8.31111E+20,5.6653E+21,1.37243E+16,5.10436E+16
66365,,14,6,25,480,2017,10,16,6,3,5,3,1,1,0,0,0,0,0,8.43594E+20,5.67403E+21,1.391E+16,5.11145E+16
66366,,14,6,27,230,2017,10,12,2,2,2,6,0,0,0,1,1,0,0,7.97674E+20,5.69366E+21,1.32722E+16,5.13162E+16
66367,,14,6,25,250,2017,10,14,6,3,5,3,0,1,0,1,0,0,0,8.56107E+20,5.69263E+21,1.41065E+16,5.12735E+16
66368,,14,5,21,260,2017,11,19,7,3,5,3,0,1,0,0,0,2,0,7.69774E+20,5.60974E+21,1.28106E+16,5.05772E+16
66369,,14,6,25,600,2017,10,16,6,3,2,6,0,1,0,0,0,0,0,8.45588E+20,5.67924E+21,1.39434E+16,5.116E+16
66370,,14,7,13,0,2017,10,12,2,3,5,2,0,1,0,0,0,0,0,7.38577E+20,5.69452E+21,1.24264E+16,5.13518E+16
66371,,14,6,26,450,2017,10,15,6,3,2,6,0,1,0,0,0,0,0,9.07269E+20,5.68204E+21,1.48243E+16,5.11445E+16
66372,,14,6,28,70,2017,10,13,6,3,9,1,0,0,0,1,0,0,0,8.46475E+20,5.65328E+21,1.39312E+16,5.09269E+16
66373,,14,5,21,630,2017,10,15,3,3,2,6,1,1,0,0,0,0,0,7.86699E+20,5.61509E+21,1.30532E+16,5.06171E+16
66374,,14,6,27,180,2017,10,12,6,3,5,3,1,1,0,0,0,0,0,8.00177E+20,5.6666E+21,1.32854E+16,5.10722E+16
66375,,14,6,12,0,2017,10,12,6,3,2,6,0,1,0,0,1,0,0,8.28555E+20,5.66556E+21,1.36882E+16,5.10474E+16
66376,,14,6,25,340,2017,10,16,3,2,9,1,0,1,0,0,0,0,0,8.82549E+20,5.69013E+21,1.44812E+16,5.1234E+16
66377,,14,5,11,0,2017,11,22,2,2,9,1,0,1,0,0,0,2,2,7.68615E+20,5.64138E+21,1.28173E+16,5.08616E+16
66378,,14,6,25,525,2017,10,9,3,3,5,3,0,1,0,0,0,0,1,8.79279E+20,5.67459E+21,1.44182E+16,5.1097E+16
66379,,14,6,12,0,2017,10,9,6,3,5,3,0,1,0,0,0,0,0,8.31716E+20,5.66323E+21,1.3731E+16,5.10247E+16
66380,,14,7,29,370,2017,10,7,3,3,4,6,1,0,0,0,0,0,0,7.38024E+20,5.67747E+21,1.24072E+16,5.1199E+16
66381,,14,5,24,330,2017,11,17,7,3,2,1,0,1,0,0,0,1,0,7.46457E+20,5.6256E+21,1.24925E+16,5.07298E+16
66382,,14,7,29,220,2017,11,10,2,3,4,2,0,1,0,0,0,0,1,7.48441E+20,5.6741E+21,1.25536E+16,5.11643E+16
66383,,14,7,30,280,2017,10,12,3,3,9,1,0,1,0,0,0,0,1,7.41118E+20,5.71128E+21,1.24742E+16,5.15011E+16
66384,,14,6,12,0,2017,10,20,6,3,0,1,1,0,0,0,0,2,0,8.35141E+20,5.66817E+21,1.37842E+16,5.1067E+16
66385,,14,7,29,10,2017,11,14,1,3,1,6,0,1,0,0,0,0,1,7.55277E+20,5.67183E+21,1.26496E+16,5.11409E+16
66386,,14,6,12,0,2017,10,7,4,2,5,3,0,1,0,0,0,0,0,8.29868E+20,5.66612E+21,1.37074E+16,5.10517E+16
66387,,14,6,12,0,2017,11,8,2,3,2,6,0,1,0,0,1,1,1,8.32132E+20,5.67428E+21,1.3747E+16,5.11235E+16
66388,,14,5,22,50,2017,10,9,5,3,2,2,0,1,0,0,0,0,0,8.04088E+20,5.64455E+21,1.33226E+16,5.08724E+16
66389,,14,7,30,200,2017,11,6,2,2,5,3,0,1,0,1,0,2,1,7.83217E+20,5.68358E+21,1.30573E+16,5.12332E+16
66390,,14,6,12,0,2017,10,10,6,3,2,6,0,1,0,0,0,0,0,8.3964E+20,5.66789E+21,1.38479E+16,5.10618E+16
66391,,14,5,22,140,2017,11,13,3,3,0,7,1,0,0,0,0,0,1,7.87095E+20,5.64087E+21,1.30788E+16,5.08482E+16
66392,,14,6,25,450,2017,10,18,3,2,8,1,1,0,0,0,0,1,0,8.5053E+20,5.68316E+21,1.40176E+16,5.11921E+16
66393,,14,6,12,0,2017,10,18,6,2,6,4,0,1,1,0,0,2,0,8.30813E+20,5.66872E+21,1.37232E+16,5.10744E+16
66394,,14,6,28,80,2017,11,12,3,3,8,1,0,1,0,0,0,0,1,8.42222E+20,5.65512E+21,1.38726E+16,5.09459E+16
66395,,14,6,25,525,2017,10,18,3,3,4,1,0,1,0,1,0,2,1,8.81882E+20,5.67312E+21,1.44536E+16,5.10821E+16
66396,,14,5,11,0,2017,9,16,3,3,3,2,1,0,0,0,0,0,0,7.75002E+20,5.63926E+21,1.29063E+16,5.08396E+16
66397,,14,6,28,270,2017,10,7,6,2,5,3,1,1,0,0,0,1,0,8.46966E+20,5.65675E+21,1.39414E+16,5.09577E+16
66398,,14,5,22,180,2017,10,18,6,3,8,1,0,1,0,0,0,2,1,8.03605E+20,5.65106E+21,1.33212E+16,5.09311E+16
66399,,14,5,24,300,2017,9,15,2,3,2,6,0,1,0,0,0,0,0,7.3817E+20,5.62394E+21,1.23742E+16,5.07184E+16
66400,,14,6,25,150,2017,10,20,3,3,8,1,0,1,0,0,0,2,1,8.71906E+20,5.68276E+21,1.43218E+16,5.1175E+16
66401,,14,5,21,20,2017,11,21,7,3,6,2,0,1,1,0,0,2,1,7.84185E+20,5.61139E+21,1.30149E+16,5.05851E+16
66402,,14,5,22,180,2017,10,14,6,3,1,6,0,1,0,0,1,0,0,8.06281E+20,5.64954E+21,1.33579E+16,5.09161E+16
66403,,14,7,30,310,2017,11,12,6,3,1,6,0,1,0,0,0,0,0,7.74276E+20,5.71807E+21,1.29562E+16,5.1547E+16
66404,,14,5,22,440,2017,10,7,6,2,6,4,0,0,1,1,0,0,0,7.93169E+20,5.64272E+21,1.31664E+16,5.08617E+16
66405,,14,5,11,0,2017,10,16,6,3,0,7,1,0,0,0,0,0,0,7.75628E+20,5.63641E+21,1.2913E+16,5.08137E+16
66406,,14,5,11,0,2017,10,14,6,3,5,3,1,1,0,0,0,0,0,7.75599E+20,5.6353E+21,1.29117E+16,5.08038E+16
66407,,14,6,25,240,2017,10,14,3,3,5,3,0,1,0,0,0,0,0,8.68318E+20,5.71231E+21,1.43012E+16,5.1442E+16