OBJECTID,UIDENTSTLA,ULAND,UREGBEZ,UKREIS,UGEMEINDE,UJAHR,UMONAT,USTUNDE,UWOCHENTAG,UKATEGORIE,UART,UTYP1,IstRad,IstPKW,IstFuss,IstKrad,IstSonstig,LICHT,STRZUSTAND,LINREFX,LINREFY,XGCSWGS84,YGCSWGS84
66408,,14,5,21,630,2017,10,13,6,3,3,2,0,1,0,1,0,0,0,7.81734E+20,5.61487E+21,1.2983E+16,5.06175E+16
66409,,14,5,21,390,2017,10,22,6,2,5,3,0,1,0,0,0,2,1,7.92233E+20,5.62111E+21,1.3136E+16,5.06683E+16
66410,,14,5,21,230,2017,10,6,6,3,5,3,1,1,0,0,0,1,0,7.74216E+20,5.62351E+21,1.28834E+16,5.06986E+16
66411,,14,7,30,230,2017,10,12,3,3,1,6,0,1,0,0,1,0,1,7.86686E+20,5.69115E+21,1.31129E+16,5.12993E+16
66412,,14,5,24,30,2017,10,16,5,3,3,2,0,1,0,0,0,0,0,7.29962E+20,5.63269E+21,1.22636E+16,5.08003E+16
66413,,14,6,27,100,2017,10,21,4,2,3,6,0,1,0,0,1,2,0,8.20244E+20,5.67159E+21,1.35753E+16,5.11062E+16
66414,,14,5,23,320,2017,10,10,5,3,2,6,0,1,0,0,0,0,0,7.21729E+20,5.59623E+21,1.21251E+16,5.04761E+16
66415,,14,5,22,180,2017,10,12,5,3,5,2,1,1,0,0,0,0,0,8.04853E+20,5.64878E+21,1.3337E+16,5.091E+16
66416,,14,5,24,120,2017,10,6,5,3,0,1,0,0,0,1,0,1,0,7.60888E+20,5.63428E+21,1.27027E+16,5.08014E+16
66417,,14,7,29,160,2017,11,2,2,2,8,1,0,0,0,0,1,2,1,7.61447E+20,5.6852E+21,1.27473E+16,5.12581E+16
66418,,14,6,28,360,2017,10,13,3,2,5,2,0,1,0,1,0,0,1,8.7298E+20,5.65523E+21,1.43087E+16,5.09278E+16
66419,,14,7,29,340,2017,10,15,5,3,2,6,0,1,0,0,1,0,0,7.55689E+20,5.68235E+21,1.2663E+16,5.12351E+16
66420,,14,5,22,280,2017,11,15,3,3,8,1,0,1,0,0,0,0,1,7.63786E+20,5.66313E+21,1.27646E+16,5.1059E+16
66421,,14,6,28,50,2017,10,11,3,2,4,1,0,1,0,0,0,0,1,8.30666E+20,5.65748E+21,1.37108E+16,5.09737E+16
66422,,14,5,21,180,2017,10,13,6,2,4,2,0,1,0,1,0,0,0,7.74914E+20,5.6093E+21,1.28827E+16,5.05708E+16
66423,,14,6,28,270,2017,11,12,3,3,2,2,0,1,0,0,0,0,1,8.47598E+20,5.6568E+21,1.39505E+16,5.09577E+16
66424,,14,6,12,0,2017,10,16,3,3,5,3,0,1,0,0,0,0,1,8.32543E+20,5.6669E+21,1.37461E+16,5.10571E+16
66425,,14,5,24,330,2017,9,13,2,2,4,1,0,1,0,0,0,0,0,7.46848E+20,5.6267E+21,1.24988E+16,5.07395E+16
66426,,14,7,13,0,2017,10,13,6,3,2,6,0,1,0,0,1,0,0,7.27577E+20,5.69012E+21,1.22659E+16,5.13168E+16
66427,,14,7,30,110,2017,11,7,3,2,4,2,0,0,0,1,1,2,1,7.54542E+20,5.70756E+21,1.26646E+16,5.14619E+16
66428,,14,5,22,530,2017,10,11,3,3,9,1,0,0,0,1,0,0,1,7.67278E+20,5.66224E+21,1.28137E+16,5.10494E+16
66429,,14,5,23,340,2017,9,16,2,3,2,6,0,1,0,1,0,0,0,7.34541E+20,5.61432E+21,1.23168E+16,5.06335E+16
66430,,14,5,11,0,2017,11,16,4,3,5,3,0,1,0,0,0,2,0,7.71088E+20,5.6418E+21,1.28527E+16,5.08643E+16
66431,,14,7,30,190,2017,9,19,2,3,4,6,0,1,0,1,0,2,1,7.62339E+20,5.71271E+21,1.27804E+16,5.15045E+16
66432,,14,5,22,80,2017,10,20,3,3,0,7,0,0,1,1,0,2,1,7.8704E+20,5.67138E+21,1.31021E+16,5.11218E+16
66433,,14,7,30,230,2017,9,16,2,2,2,6,0,1,0,1,0,0,0,7.83423E+20,5.69307E+21,1.30677E+16,5.13182E+16
66434,,14,7,29,160,2017,9,21,2,3,0,1,1,0,0,0,0,2,0,7.60039E+20,5.68161E+21,1.27246E+16,5.12266E+16
66435,,14,5,23,340,2017,10,7,5,3,3,2,0,1,0,0,0,1,0,7.33789E+20,5.61256E+21,1.23051E+16,5.0618E+16
66436,,14,7,13,0,2017,9,14,2,3,1,6,0,1,0,0,0,0,0,7.36335E+20,5.69434E+21,1.23942E+16,5.13511E+16
66437,,14,7,13,0,2017,9,20,2,3,5,3,0,1,0,1,0,2,0,7.32148E+20,5.69247E+21,1.23329E+16,5.1336E+16
66438,,14,5,23,320,2017,10,20,5,3,1,5,0,1,0,0,0,2,0,7.20958E+20,5.59737E+21,1.2115E+16,5.04865E+16
66439,,14,7,29,70,2017,9,16,2,2,4,6,0,1,0,0,0,0,0,7.48076E+20,5.69294E+21,1.25615E+16,5.13336E+16
66440,,14,5,24,330,2017,10,6,5,2,6,4,0,1,1,0,0,2,0,7.46135E+20,5.6242E+21,1.2487E+16,5.07174E+16
66441,,14,5,24,330,2017,10,15,5,3,2,6,0,1,0,0,0,0,0,7.44574E+20,5.62316E+21,1.24642E+16,5.07087E+16
66442,,14,6,27,20,2017,10,15,1,2,5,2,0,1,0,1,0,0,0,8.08735E+20,5.68393E+21,1.3422E+16,5.12231E+16
66443,,14,7,30,310,2017,10,14,5,3,3,2,0,1,0,1,0,0,0,7.77114E+20,5.71295E+21,1.2993E+16,5.14996E+16
66444,,14,6,28,110,2017,11,19,2,3,5,3,0,1,0,0,0,2,1,8.25244E+20,5.66215E+21,1.3638E+16,5.10188E+16
66445,,14,7,29,40,2017,11,6,2,2,7,7,1,0,0,0,0,2,0,7.36433E+20,5.68015E+21,1.23862E+16,5.12237E+16
66446,,14,7,13,0,2017,9,14,2,3,5,3,0,1,0,0,0,0,0,7.29829E+20,5.69312E+21,1.23001E+16,5.13428E+16
66447,,14,6,12,0,2017,11,16,3,3,5,3,1,1,0,0,0,2,1,8.31781E+20,5.66482E+21,1.37334E+16,5.10389E+16
66448,,14,6,26,20,2017,9,11,2,2,5,2,0,1,0,1,0,0,0,8.87995E+20,5.67268E+21,1.454E+16,5.10741E+16
66449,,14,5,21,320,2017,11,14,7,3,2,6,0,1,0,0,0,0,0,7.5952E+20,5.59371E+21,1.2655E+16,5.04379E+16
66450,,14,5,11,0,2017,11,15,4,3,4,2,0,1,0,0,1,0,0,7.67956E+20,5.63942E+21,1.28065E+16,5.08443E+16
66451,,14,6,25,240,2017,9,14,2,2,5,1,0,1,0,0,1,0,0,8.66083E+20,5.71393E+21,1.42708E+16,5.14578E+16
66452,,14,6,25,20,2017,9,16,2,2,5,3,1,1,0,0,0,0,0,8.79306E+20,5.68236E+21,1.44268E+16,5.11666E+16
66453,,14,6,25,20,2017,9,9,2,3,4,2,0,1,0,0,0,0,0,8.78164E+20,5.68462E+21,1.44129E+16,5.11876E+16
66454,,14,6,26,450,2017,9,9,2,2,8,7,0,1,0,0,0,0,0,9.00745E+20,5.68374E+21,1.47334E+16,5.11643E+16
66455,,14,7,30,200,2017,11,17,4,3,6,2,0,1,1,0,0,2,0,7.82146E+20,5.68384E+21,1.30422E+16,5.12361E+16
66456,,14,6,27,340,2017,9,19,2,2,8,1,0,1,0,0,0,2,0,8.06046E+20,5.69987E+21,1.33973E+16,5.13674E+16
66457,,14,7,13,0,2017,11,18,5,2,4,2,0,1,0,1,0,2,0,7.34147E+20,5.69328E+21,1.23621E+16,5.13425E+16
66458,,14,6,27,170,2017,9,18,2,2,5,3,0,1,0,0,0,1,0,8.14737E+20,5.68107E+21,1.35052E+16,5.11942E+16
66459,,14,5,21,590,2017,11,17,6,2,5,3,0,1,0,0,0,2,1,7.61115E+20,5.61814E+21,1.26945E+16,5.06565E+16
66460,,14,6,28,50,2017,9,9,2,3,2,6,0,1,0,0,1,0,0,8.30761E+20,5.65712E+21,1.37119E+16,5.09705E+16
66461,,14,6,27,230,2017,11,12,6,3,2,6,0,1,0,1,0,0,1,7.97322E+20,5.69355E+21,1.3267E+16,5.13154E+16
66462,,14,6,25,270,2017,11,6,4,3,8,1,0,1,0,0,0,1,0,8.41843E+20,5.68964E+21,1.38999E+16,5.12554E+16
66463,,14,7,30,200,2017,11,22,4,3,8,1,0,1,0,0,0,2,0,7.79619E+20,5.68226E+21,1.30048E+16,5.12231E+16
66464,,14,7,30,230,2017,10,18,5,3,0,6,1,1,0,0,0,1,0,7.85706E+20,5.68594E+21,1.30947E+16,5.12531E+16
66465,,14,7,29,70,2017,10,19,5,3,5,3,0,1,0,0,1,2,0,7.53362E+20,5.69412E+21,1.2638E+16,5.13418E+16
66466,,14,7,29,80,2017,10,7,5,3,8,1,0,1,0,0,0,0,0,7.68956E+20,5.67309E+21,1.28456E+16,5.1146E+16
66467,,14,5,11,0,2017,10,16,2,2,4,1,0,1,0,0,1,0,0,7.81749E+20,5.6378E+21,1.30007E+16,5.08233E+16
66468,,14,7,29,140,2017,10,16,5,3,5,3,0,1,0,1,0,0,0,7.49103E+20,5.65942E+21,1.2553E+16,5.10322E+16
66469,,14,5,21,550,2017,11,11,7,3,0,7,0,1,0,0,0,0,0,7.6725E+20,5.6064E+21,1.27726E+16,5.05484E+16
66470,,14,7,30,340,2017,10,14,5,2,3,6,0,1,0,0,1,0,0,7.22719E+20,5.70349E+21,1.22047E+16,5.14388E+16
66471,,14,6,12,0,2017,10,14,2,3,5,2,1,1,0,0,0,0,0,8.32326E+20,5.66567E+21,1.37419E+16,5.10462E+16
66472,,14,7,13,0,2017,10,20,5,2,5,2,1,1,0,0,0,2,0,7.35177E+20,5.69355E+21,1.23771E+16,5.13445E+16
66473,,14,5,22,80,2017,11,14,7,2,2,6,1,1,0,0,0,0,0,7.83866E+20,5.66872E+21,1.30548E+16,5.10995E+16
66474,,14,6,25,250,2017,10,12,5,3,6,4,0,1,1,0,0,0,0,8.55195E+20,5.69218E+21,1.4093E+16,5.127E+16
66475,,14,6,25,570,2017,10,6,2,2,2,6,0,1,0,0,1,1,0,8.71104E+20,5.72062E+21,1.43498E+16,5.15145E+16
66476,,14,6,25,130,2017,10,7,5,2,0,6,0,1,0,0,0,1,0,8.59766E+20,5.68678E+21,1.41528E+16,5.12188E+16
66477,,14,5,21,520,2017,10,9,3,3,9,1,0,1,0,0,0,0,1,7.80923E+20,5.60814E+21,1.29665E+16,5.05576E+16
66478,,14,6,26,370,2017,10,14,5,3,5,3,1,1,0,0,0,0,0,9.0662E+20,5.69847E+21,1.48337E+16,5.12919E+16
66479,,14,5,23,150,2017,10,15,2,3,2,2,0,1,0,0,0,0,0,7.35785E+20,5.61032E+21,1.23318E+16,5.05971E+16
66480,,14,5,23,130,2017,11,16,7,3,5,3,0,1,0,0,0,2,1,7.41631E+20,5.59048E+21,1.24014E+16,5.04166E+16
66481,,14,5,11,0,2017,10,16,3,3,2,6,0,1,0,0,1,0,1,7.76152E+20,5.63835E+21,1.29219E+16,5.08309E+16
66482,,14,6,26,110,2017,10,15,5,3,5,3,1,1,0,0,0,0,0,9.18388E+20,5.68431E+21,1.4985E+16,5.11568E+16
66483,,14,6,25,430,2017,10,18,3,3,0,1,0,1,0,0,1,2,0,8.36677E+20,5.68001E+21,1.38171E+16,5.11722E+16
66484,,14,5,21,340,2017,11,14,7,3,5,3,0,1,0,0,1,0,0,7.87095E+20,5.60684E+21,1.30524E+16,5.05429E+16
66485,,14,6,26,50,2017,11,11,1,2,9,1,0,1,0,0,0,0,0,9.02049E+20,5.65181E+21,1.47166E+16,5.08777E+16
66486,,14,6,12,0,2017,10,6,3,3,2,6,0,1,0,0,0,2,1,8.32689E+20,5.66372E+21,1.37453E+16,5.10285E+16
66487,,14,6,25,610,2017,10,15,5,3,3,2,0,1,0,0,0,0,0,8.93345E+20,5.6858E+21,1.46303E+16,5.11879E+16
66488,,14,7,30,70,2017,10,22,3,2,1,1,0,1,0,0,0,2,0,7.27141E+20,5.7145E+21,1.22753E+16,5.15359E+16
66489,,14,6,12,0,2017,9,7,2,3,0,1,1,0,0,0,0,0,0,8.30202E+20,5.6692E+21,1.37149E+16,5.10791E+16
66490,,14,6,12,0,2017,9,15,2,3,3,2,1,1,0,0,0,0,0,8.33769E+20,5.66321E+21,1.37601E+16,5.10233E+16
66491,,14,6,26,610,2017,11,13,6,2,5,3,0,1,0,0,0,0,0,9.08468E+20,5.65403E+21,1.48099E+16,5.08931E+16
66492,,14,6,12,0,2017,9,14,2,3,5,2,1,1,0,0,0,0,0,8.32578E+20,5.66812E+21,1.37477E+16,5.1068E+16
66493,,14,6,12,0,2017,9,8,2,3,5,2,1,0,0,0,1,0,0,8.31967E+20,5.6682E+21,1.37391E+16,5.10691E+16
66494,,14,6,26,20,2017,11,9,4,2,9,7,0,1,0,0,0,0,0,8.88437E+20,5.67309E+21,1.45468E+16,5.10774E+16
66495,,14,5,23,100,2017,11,19,4,3,4,6,1,0,0,0,0,2,1,7.2452E+20,5.61137E+21,1.21735E+16,5.06109E+16
66496,,14,7,30,300,2017,11,16,6,3,6,4,0,1,1,0,0,2,1,7.42615E+20,5.69747E+21,1.24863E+16,5.13766E+16
66497,,14,6,27,150,2017,11,10,5,2,2,6,0,1,0,0,1,0,1,8.25083E+20,5.67651E+21,1.36487E+16,5.11475E+16
66498,,14,5,24,90,2017,11,16,7,3,4,2,0,1,0,0,0,2,1,7.6124E+20,5.62194E+21,1.26989E+16,5.06905E+16
66499,,14,6,12,0,2017,11,18,6,3,5,2,1,1,0,0,0,2,1,8.30215E+20,5.66917E+21,1.37151E+16,5.10788E+16
66500,,14,7,30,310,2017,10,15,2,3,5,3,0,1,0,0,0,0,1,7.75025E+20,5.7193E+21,1.29679E+16,5.15576E+16
66501,,14,6,26,140,2017,11,14,6,3,1,5,0,1,0,1,0,0,1,8.97684E+20,5.65367E+21,1.46569E+16,5.08974E+16
66502,,14,6,28,240,2017,10,16,5,3,8,7,0,1,0,0,0,0,0,8.49207E+20,5.65961E+21,1.3976E+16,5.09819E+16
66503,,14,6,27,180,2017,10,18,5,3,5,3,0,1,0,1,0,2,0,8.00172E+20,5.66641E+21,1.32851E+16,5.10705E+16
66504,,14,5,24,200,2017,11,13,6,2,4,2,0,1,0,0,0,0,0,7.50782E+20,5.62643E+21,1.25542E+16,5.07355E+16
66505,,14,6,27,60,2017,10,12,5,3,8,1,0,1,0,0,0,0,0,8.11753E+20,5.69118E+21,1.34714E+16,5.12865E+16
66506,,14,6,28,130,2017,10,10,5,3,8,1,0,1,0,0,0,0,0,8.37113E+20,5.64435E+21,1.37902E+16,5.08524E+16
66507,,14,5,23,440,2017,10,7,2,3,8,1,0,1,0,0,0,0,1,7.15974E+20,5.57989E+21,1.20348E+16,5.03315E+16
66508,,14,6,28,60,2017,10,16,5,2,8,7,1,0,0,0,0,0,0,8.27132E+20,5.63741E+21,1.36427E+16,5.07959E+16
66509,,14,6,28,110,2017,10,6,5,3,5,3,0,1,0,1,0,1,0,8.26878E+20,5.66122E+21,1.36604E+16,5.10095E+16
66510,,14,6,12,0,2017,10,7,3,3,5,3,1,1,0,0,0,0,0,8.37067E+20,5.66024E+21,1.38042E+16,5.09948E+16
66511,,14,5,22,180,2017,10,15,5,3,5,3,1,1,0,0,0,0,0,8.04894E+20,5.64832E+21,1.33372E+16,5.09059E+16
66512,,14,6,12,0,2017,10,7,3,3,3,6,0,1,0,0,0,1,1,8.24703E+20,5.66782E+21,1.36354E+16,5.10699E+16
66513,,14,5,22,310,2017,10,7,5,3,8,7,0,0,0,1,0,2,0,7.73631E+20,5.67228E+21,1.29117E+16,5.11365E+16
66514,,14,7,13,0,2017,10,20,3,2,2,6,0,1,0,1,0,2,0,7.38928E+20,5.69448E+21,1.24314E+16,5.13513E+16
66515,,14,6,26,480,2017,11,15,2,3,5,3,1,1,0,0,0,0,1,9.15284E+20,5.7044E+21,1.49642E+16,5.13388E+16
66516,,14,7,13,0,2017,10,15,3,2,5,2,0,1,0,0,0,0,1,7.2761E+20,5.68556E+21,1.22635E+16,5.12758E+16
66517,,14,5,11,0,2017,10,11,5,3,5,3,0,1,0,0,0,0,0,7.78379E+20,5.63676E+21,1.29522E+16,5.08155E+16
66518,,14,5,11,0,2017,11,14,3,3,0,3,1,1,0,0,0,0,0,7.70446E+20,5.63668E+21,1.28398E+16,5.08186E+16
66519,,14,5,21,200,2017,10,7,4,3,8,1,0,1,0,0,0,0,1,7.81937E+20,5.62426E+21,1.2993E+16,5.07017E+16
66520,,14,5,24,200,2017,10,12,4,3,8,1,0,1,0,0,0,0,0,7.47361E+20,5.63169E+21,1.25094E+16,5.07841E+16
66521,,14,5,22,580,2017,11,10,2,2,8,1,0,1,0,0,0,0,1,7.62004E+20,5.65874E+21,1.27361E+16,5.10204E+16
66522,,14,6,26,290,2017,10,7,4,3,2,6,0,1,0,0,0,1,0,8.95157E+20,5.67751E+21,1.46471E+16,5.11125E+16
66523,,14,6,27,230,2017,11,13,2,3,5,3,0,1,0,0,0,0,1,7.99906E+20,5.69245E+21,1.33031E+16,5.13042E+16
66524,,14,6,25,240,2017,10,19,5,2,5,3,1,1,0,0,0,2,0,8.65945E+20,5.71082E+21,1.42656E+16,5.14301E+16
66525,,14,5,11,0,2017,11,4,3,3,0,6,0,0,0,0,1,2,1,7.69727E+20,5.64019E+21,1.28322E+16,5.08504E+16
66526,,14,7,13,0,2017,10,11,2,3,5,2,1,1,0,0,0,0,0,7.34644E+20,5.69349E+21,1.23694E+16,5.13442E+16
66527,,14,7,30,110,2017,10,16,5,3,0,3,0,1,0,1,0,0,0,7.52016E+20,5.70703E+21,1.26279E+16,5.14582E+16
66528,,14,6,12,0,2017,11,6,3,3,5,2,0,1,0,0,0,1,1,8.31045E+20,5.67361E+21,1.37309E+16,5.11181E+16
66529,,14,7,13,0,2017,10,19,2,3,2,6,0,1,0,0,0,2,1,7.27915E+20,5.69022E+21,1.22708E+16,5.13176E+16
66530,,14,5,23,120,2017,10,7,4,3,5,3,0,1,0,1,0,1,1,7.38096E+20,5.59673E+21,1.23557E+16,5.04741E+16
66531,,14,6,25,240,2017,11,17,3,2,3,2,1,1,0,0,0,2,1,8.65952E+20,5.71082E+21,1.42657E+16,5.14301E+16
66532,,14,7,29,190,2017,10,9,2,3,4,2,0,1,0,0,1,0,0,7.42052E+20,5.68392E+21,1.2469E+16,5.12552E+16
66533,,14,5,21,110,2017,9,22,2,3,0,7,1,0,0,0,0,2,0,7.65995E+20,5.60068E+21,1.27509E+16,5.04976E+16
66534,,14,5,23,120,2017,10,17,4,2,4,6,1,1,0,0,0,0,0,7.33038E+20,5.59876E+21,1.22858E+16,5.04944E+16
66535,,14,7,30,20,2017,10,4,4,3,5,3,1,1,0,0,0,2,0,7.4809E+20,5.72168E+21,1.25818E+16,5.15914E+16
66536,,14,5,11,0,2017,9,18,2,3,3,7,0,1,0,0,0,0,0,7.76488E+20,5.64039E+21,1.29282E+16,5.0849E+16
66537,,14,5,24,190,2017,9,12,1,3,5,3,0,1,0,1,0,0,0,7.43009E+20,5.63821E+21,1.24521E+16,5.08444E+16
66538,,14,7,29,250,2017,10,15,4,3,2,2,0,1,0,0,1,0,0,7.54303E+20,5.69611E+21,1.26529E+16,5.13592E+16
66539,,14,7,30,70,2017,9,18,1,3,5,3,0,1,0,0,0,0,0,7.28804E+20,5.71384E+21,1.22988E+16,5.15293E+16
66540,,14,6,25,250,2017,10,11,4,3,2,2,0,1,0,0,0,0,0,8.5575E+20,5.69294E+21,1.41017E+16,5.12765E+16
66541,,14,5,21,600,2017,10,12,1,2,8,1,0,0,0,1,0,0,0,7.53854E+20,5.60611E+21,1.25837E+16,5.05517E+16
66542,,14,6,25,330,2017,10,13,4,2,2,6,0,1,0,1,0,0,0,8.75909E+20,5.70648E+21,1.44037E+16,5.13847E+16
66543,,14,6,26,580,2017,10,18,4,3,2,1,0,1,0,0,0,1,0,9.05092E+20,5.69544E+21,1.48085E+16,5.12659E+16
66544,,14,6,27,140,2017,10,12,1,3,5,3,0,1,0,1,0,0,0,8.12491E+20,5.67799E+21,1.34705E+16,5.11678E+16
66545,,14,6,26,110,2017,10,5,4,2,3,6,0,1,0,0,1,2,0,9.1695E+20,5.68846E+21,1.49694E+16,5.1195E+16
66546,,14,6,12,0,2017,11,21,6,2,4,6,0,1,0,0,1,2,1,8.31322E+20,5.66707E+21,1.37289E+16,5.10594E+16
66547,,14,6,28,270,2017,10,12,4,3,2,6,0,1,0,0,0,0,0,8.47414E+20,5.6569E+21,1.3948E+16,5.09588E+16
66548,,14,6,12,0,2017,11,13,2,2,8,1,0,0,0,1,0,0,0,8.38712E+20,5.67483E+21,1.38412E+16,5.11245E+16
66549,,14,6,26,370,2017,10,6,2,3,7,7,0,1,0,0,0,1,0,9.04409E+20,5.7038E+21,1.48082E+16,5.13412E+16
66550,,14,6,28,240,2017,10,15,4,3,8,1,0,1,0,0,0,0,0,8.51107E+20,5.66125E+21,1.40045E+16,5.09955E+16
66551,,14,7,13,0,2017,9,18,1,3,0,7,1,0,0,0,0,0,1,7.36409E+20,5.69234E+21,1.23939E+16,5.13331E+16
66552,,14,6,26,245,2017,11,13,2,3,1,5,0,1,0,0,1,0,0,8.97538E+20,5.66298E+21,1.4665E+16,5.09808E+16
66553,,14,6,25,240,2017,9,19,1,3,8,1,0,1,0,0,0,1,0,8.68257E+20,5.71231E+21,1.43003E+16,5.14419E+16
66554,,14,5,24,250,2017,11,18,6,3,1,1,0,1,0,0,0,2,0,7.50124E+20,5.62018E+21,1.25407E+16,5.06796E+16
66555,,14,5,11,0,2017,11,14,3,3,2,6,0,1,0,0,1,0,1,7.76463E+20,5.63869E+21,1.29265E+16,5.08338E+16
66556,,14,6,26,290,2017,9,11,1,3,2,6,0,1,0,0,0,0,0,9.16442E+20,5.68566E+21,1.49589E+16,5.11703E+16
66557,,14,5,23,450,2017,11,13,6,3,2,6,0,1,0,0,0,0,0,7.1955E+20,5.59177E+21,1.20918E+16,5.04368E+16
66558,,14,6,28,20,2017,9,14,1,3,2,6,0,1,0,0,0,0,0,8.49469E+20,5.64383E+21,1.39646E+16,5.08404E+16
66559,,14,6,28,270,2017,9,18,1,3,2,6,0,1,0,1,0,0,0,8.48337E+20,5.65527E+21,1.39595E+16,5.09436E+16
66560,,14,6,27,220,2017,9,15,1,3,4,6,0,1,0,1,0,0,0,8.29859E+20,5.6797E+21,1.37196E+16,5.11734E+16
66561,,14,6,27,140,2017,9,14,1,3,6,4,0,1,1,0,0,0,0,8.12939E+20,5.67741E+21,1.34764E+16,5.11624E+16
66562,,14,7,29,160,2017,11,10,3,3,4,2,0,1,0,0,0,0,0,7.59459E+20,5.68212E+21,1.27167E+16,5.12313E+16
66563,,14,6,28,50,2017,9,14,1,3,2,6,0,1,0,0,0,0,0,8.31077E+20,5.65799E+21,1.37171E+16,5.09781E+16
66564,,14,7,29,260,2017,11,17,4,2,2,6,0,1,0,0,0,2,0,7.39426E+20,5.68509E+21,1.24323E+16,5.12668E+16
66565,,14,5,22,230,2017,9,14,1,3,2,2,0,1,0,1,0,0,0,7.88266E+20,5.656E+21,1.31074E+16,5.09832E+16
66566,,14,6,28,110,2017,11,12,5,3,2,6,0,1,0,0,0,0,0,8.26156E+20,5.6599E+21,1.3649E+16,5.0998E+16
66567,,14,5,22,490,2017,9,17,1,3,3,6,0,1,0,0,1,0,0,7.63816E+20,5.66029E+21,1.2763E+16,5.10335E+16
66568,,14,5,23,170,2017,11,16,5,3,9,1,0,1,0,0,0,0,1,7.39997E+20,5.60799E+21,1.23897E+16,5.05744E+16
66569,,14,6,12,0,2017,11,17,6,3,6,4,0,1,1,0,0,2,0,8.30881E+20,5.66865E+21,1.37241E+16,5.10738E+16
66570,,14,7,13,0,2017,11,16,6,3,2,6,0,1,0,0,1,0,1,7.42811E+20,5.69496E+21,1.24874E+16,5.13539E+16
66571,,14,5,24,230,2017,9,6,7,2,8,1,0,1,0,0,0,1,0,7.64625E+20,5.63346E+21,1.2755E+16,5.07924E+16
66572,,14,5,24,260,2017,9,14,7,3,4,1,0,0,0,1,1,0,0,7.48596E+20,5.63925E+21,1.2532E+16,5.08515E+16
66573,,14,7,13,0,2017,11,15,2,3,5,2,0,1,0,0,0,0,1,7.28853E+20,5.68249E+21,1.22793E+16,5.12478E+16
66574,,14,5,21,20,2017,11,10,3,3,4,1,0,1,0,0,1,0,1,7.82909E+20,5.61008E+21,1.29959E+16,5.0574E+16
66575,,14,7,30,310,2017,9,8,7,3,5,3,0,1,0,0,1,0,0,7.76657E+20,5.71984E+21,1.29918E+16,5.15616E+16
66576,,14,7,13,0,2017,11,22,3,3,9,1,0,1,0,0,0,2,0,7.29145E+20,5.6985E+21,1.22938E+16,5.13914E+16
66577,,14,7,30,190,2017,9,11,7,2,0,1,0,0,0,1,0,0,0,7.70865E+20,5.71487E+21,1.29046E+16,5.15199E+16
66578,,14,5,22,190,2017,11,14,4,3,5,3,0,1,0,0,0,0,0,7.72819E+20,5.66507E+21,1.28947E+16,5.10722E+16
66579,,14,7,30,70,2017,9,11,7,3,1,6,0,1,0,0,0,0,0,7.31492E+20,5.71298E+21,1.23369E+16,5.15204E+16
66580,,14,7,29,160,2017,9,15,7,2,2,6,0,1,0,1,0,0,0,7.58651E+20,5.684E+21,1.27065E+16,5.12486E+16
66581,,14,5,22,220,2017,9,13,7,3,9,7,0,1,0,0,0,0,0,7.8804E+20,5.67519E+21,1.31194E+16,5.11555E+16
66582,,14,7,13,0,2017,9,0,7,3,9,1,0,1,0,0,0,2,0,7.43641E+20,5.68666E+21,1.24936E+16,5.12791E+16
66583,,14,7,29,340,2017,9,15,7,2,4,6,0,1,0,1,0,0,0,7.50456E+20,5.68296E+21,1.25886E+16,5.12429E+16
66584,,14,7,30,300,2017,9,13,7,3,5,3,0,1,0,0,0,0,0,7.43089E+20,5.69792E+21,1.24934E+16,5.13804E+16
66585,,14,7,29,160,2017,9,6,7,2,9,1,0,1,0,0,1,0,0,7.67493E+20,5.68491E+21,1.28336E+16,5.12527E+16
66586,,14,5,21,590,2017,11,17,5,3,2,6,0,1,0,0,0,2,0,7.65274E+20,5.62432E+21,1.27576E+16,5.07101E+16
66587,,14,6,25,310,2017,9,9,7,3,8,6,0,1,0,0,1,0,0,8.56611E+20,5.71246E+21,1.41336E+16,5.14508E+16
66588,,14,6,12,0,2017,11,5,6,3,3,6,1,1,0,0,0,2,1,8.33379E+20,5.66978E+21,1.37606E+16,5.10824E+16
66589,,14,6,25,240,2017,9,6,7,3,5,2,1,1,0,0,0,0,0,8.64746E+20,5.71128E+21,1.42489E+16,5.1435E+16
66590,,14,7,13,0,2017,11,10,6,3,5,3,1,1,0,0,0,0,1,7.41608E+20,5.68667E+21,1.24646E+16,5.12801E+16
66591,,14,7,29,170,2017,11,15,4,3,5,3,1,0,0,0,1,0,0,7.29912E+20,5.67259E+21,1.22881E+16,5.11584E+16
66592,,14,6,25,20,2017,11,16,6,3,2,2,0,1,0,0,0,1,0,8.81431E+20,5.68368E+21,1.44584E+16,5.1177E+16
66593,,14,5,11,0,2017,11,6,5,3,2,6,0,1,0,0,0,1,1,7.83146E+20,5.63764E+21,1.30204E+16,5.08212E+16
66594,,14,5,23,450,2017,11,20,5,3,1,5,0,1,0,0,1,2,1,7.12692E+20,5.59682E+21,1.19983E+16,5.04847E+16
66595,,14,6,12,0,2017,10,17,4,3,0,6,0,0,0,0,1,0,0,8.32737E+20,5.6676E+21,1.37495E+16,5.10633E+16
66596,,14,6,12,0,2017,10,7,4,3,5,3,1,1,0,0,0,0,0,8.32203E+20,5.66772E+21,1.3742E+16,5.10647E+16
66597,,14,5,23,320,2017,11,7,6,3,0,1,0,0,0,1,0,0,1,7.22322E+20,5.59918E+21,1.21352E+16,5.05024E+16