OBJECTID,UIDENTSTLA,ULAND,UREGBEZ,UKREIS,UGEMEINDE,UJAHR,UMONAT,USTUNDE,UWOCHENTAG,UKATEGORIE,UART,UTYP1,IstRad,IstPKW,IstFuss,IstKrad,IstSonstig,LICHT,STRZUSTAND,LINREFX,LINREFY,XGCSWGS84,YGCSWGS84
66787,,15,0,81,280,2017,1,6,5,2,4,6,0,1,0,0,0,2,2,6.45771E+20,5.83217E+21,1.11534E+16,5.26199E+16
66788,,15,0,84,375,2017,1,14,4,3,8,1,0,1,0,0,1,0,0,7.06903E+20,5.66121E+21,1.1953E+16,5.1065E+16
66789,,15,0,87,15,2017,1,16,4,2,4,1,0,1,0,0,0,1,2,6.6544E+20,5.7053E+21,1.13823E+16,5.14746E+16
66790,,15,0,84,550,2017,1,13,4,2,5,2,0,1,0,0,0,0,1,7.07786E+20,5.68354E+21,1.19785E+16,5.12653E+16
66791,,15,0,91,60,2017,1,15,4,3,8,1,0,1,0,0,0,0,1,7.34235E+20,5.75471E+21,1.24044E+16,5.18939E+16
66792,,15,0,91,60,2017,1,16,4,3,8,1,0,0,0,0,1,1,2,7.373E+20,5.76056E+21,1.24529E+16,5.1945E+16
66793,,15,0,82,430,2017,1,7,4,2,3,6,1,1,0,0,0,1,0,7.1153E+20,5.76057E+21,1.20786E+16,5.19555E+16
66794,,15,0,90,70,2017,1,13,4,2,9,1,0,1,0,0,0,0,2,6.7048E+20,5.83523E+21,1.15196E+16,5.26402E+16
66795,,15,0,89,26,2017,1,7,4,3,7,7,0,1,0,0,0,1,1,6.94551E+20,5.75773E+21,1.18302E+16,5.19362E+16
66796,,15,0,89,310,2017,1,18,4,2,9,7,0,1,0,0,0,2,1,6.81232E+20,5.74483E+21,1.16299E+16,5.18249E+16
66797,,15,0,3,0,2017,1,12,4,3,5,2,0,1,0,0,0,0,1,6.78581E+20,5.77873E+21,1.16091E+16,5.21302E+16
66798,,14,6,25,20,2017,12,10,5,3,2,6,0,1,0,0,0,0,0,8.80198E+20,5.68398E+21,1.44412E+16,5.11805E+16
66799,,15,0,83,415,2017,1,16,4,3,1,6,0,1,0,0,0,0,1,6.52622E+20,5.76661E+21,1.12247E+16,5.20291E+16
66800,,15,0,83,415,2017,1,12,4,3,1,2,0,1,0,0,0,0,1,6.5466E+20,5.76644E+21,1.12544E+16,5.2027E+16
66801,,14,6,28,260,2017,12,5,5,3,2,6,0,1,0,0,0,2,2,8.69323E+20,5.66877E+21,1.42707E+16,5.10514E+16
66802,,15,0,83,490,2017,1,13,4,3,4,2,0,1,0,0,0,0,1,6.76609E+20,5.76992E+21,1.15758E+16,5.20517E+16
66803,,15,0,88,195,2017,1,7,3,3,0,7,0,0,0,0,1,2,0,7.14344E+20,5.71621E+21,1.20921E+16,5.15562E+16
66804,,14,6,12,0,2017,12,10,5,2,6,2,0,1,1,0,0,0,1,8.33783E+20,5.6736E+21,1.37699E+16,5.11164E+16
66805,,15,0,87,130,2017,1,14,3,3,2,2,0,1,0,0,1,0,0,6.74138E+20,5.70854E+21,1.1509E+16,5.15011E+16
66806,,14,6,12,0,2017,12,15,5,3,5,3,0,1,0,0,0,0,1,8.31724E+20,5.67001E+21,1.37373E+16,5.10854E+16
66807,,15,0,1,0,2017,1,16,3,3,5,3,0,1,0,0,0,0,0,7.21673E+20,5.74484E+21,1.22158E+16,5.18103E+16
66808,,14,6,27,80,2017,12,13,5,2,5,3,0,1,0,0,1,0,1,8.06472E+20,5.67257E+21,1.338E+16,5.11225E+16
66809,,14,5,21,710,2017,12,13,5,3,0,1,1,0,0,0,0,0,1,7.71387E+20,5.621E+21,1.28416E+16,5.06774E+16
66810,,15,0,82,377,2017,1,9,3,3,1,5,0,1,0,1,0,0,1,6.98931E+20,5.72963E+21,1.18777E+16,5.16823E+16
66811,,14,7,29,150,2017,12,9,5,3,8,1,0,0,0,0,1,0,0,7.58454E+20,5.65986E+21,1.26863E+16,5.10321E+16
66812,,14,5,21,355,2017,12,15,5,2,6,6,0,1,1,0,0,0,0,7.66985E+20,5.60957E+21,1.27712E+16,5.05769E+16
66813,,14,5,23,320,2017,12,13,4,2,9,1,0,1,0,0,1,0,0,7.26307E+20,5.59949E+21,1.21915E+16,5.05036E+16
66814,,14,5,24,330,2017,12,6,4,2,9,1,0,1,0,0,0,2,0,7.45336E+20,5.61948E+21,1.24726E+16,5.06754E+16
66815,,14,7,30,60,2017,12,14,4,3,6,6,1,0,1,0,0,0,0,7.77978E+20,5.69874E+21,1.29942E+16,5.13717E+16
66816,,14,7,30,150,2017,12,7,4,3,5,3,0,1,0,0,0,0,0,7.40288E+20,5.70971E+21,1.24612E+16,5.14874E+16
66817,,14,7,29,40,2017,12,17,4,2,5,3,1,1,0,0,0,2,1,7.36419E+20,5.67929E+21,1.23854E+16,5.1216E+16
66818,,15,0,86,15,2017,1,9,3,3,5,2,0,1,0,0,1,0,0,6.9401E+20,5.79431E+21,1.18432E+16,5.22649E+16
66819,,15,0,83,190,2017,1,7,3,3,6,4,0,1,1,0,0,2,2,6.58001E+20,5.7809E+21,1.13097E+16,5.21559E+16
66820,,15,0,83,270,2017,1,12,3,3,1,5,0,1,0,0,1,0,0,6.62088E+20,5.80079E+21,1.1379E+16,5.23334E+16
66821,,15,0,88,216,2017,1,16,2,3,8,1,0,1,0,0,0,0,0,6.99676E+20,5.72041E+21,1.18832E+16,5.15993E+16
66822,,15,0,87,275,2017,1,7,2,3,8,7,0,1,0,0,0,1,1,6.69908E+20,5.71822E+21,1.14528E+16,5.15894E+16
66823,,14,7,13,0,2017,12,14,4,3,2,6,0,1,0,0,0,0,0,7.40046E+20,5.69443E+21,1.24474E+16,5.13503E+16
66824,,15,0,2,0,2017,1,11,2,3,5,2,0,1,0,0,1,0,1,7.09189E+20,5.70733E+21,1.20126E+16,5.14784E+16
66825,,14,6,25,20,2017,12,16,4,3,2,6,0,1,0,0,1,1,0,8.80657E+20,5.68378E+21,1.44475E+16,5.11783E+16
66826,,14,6,25,40,2017,12,17,4,2,8,1,0,1,0,0,0,2,0,8.64353E+20,5.67715E+21,1.42085E+16,5.11296E+16
66827,,14,6,25,20,2017,12,15,4,3,5,3,1,1,0,0,0,0,0,8.78535E+20,5.68374E+21,1.44172E+16,5.11794E+16
66828,,14,6,25,10,2017,12,19,4,2,0,1,0,1,0,0,0,2,0,8.52592E+20,5.67056E+21,1.40347E+16,5.1078E+16
66829,,14,6,27,230,2017,12,5,4,3,5,3,1,1,0,0,0,2,0,7.95762E+20,5.69391E+21,1.3245E+16,5.13194E+16
66830,,14,6,28,270,2017,12,16,4,2,4,2,1,1,0,0,0,1,0,8.46243E+20,5.65668E+21,1.39311E+16,5.09574E+16
66831,,14,6,28,410,2017,12,2,4,3,5,3,0,0,0,0,1,2,0,8.20846E+20,5.66669E+21,1.35796E+16,5.10619E+16
66832,,14,5,21,630,2017,12,8,4,3,4,6,0,1,0,0,0,0,0,7.85971E+20,5.6154E+21,1.30432E+16,5.06202E+16
66833,,14,7,30,20,2017,12,8,3,3,6,6,0,1,1,0,1,1,1,7.46186E+20,5.72159E+21,1.25543E+16,5.15915E+16
66834,,14,7,29,160,2017,12,13,3,2,4,6,0,1,0,0,1,0,0,7.71764E+20,5.68064E+21,1.28914E+16,5.12123E+16
66835,,14,7,30,270,2017,12,16,3,2,4,2,0,1,0,0,0,2,0,7.28402E+20,5.70163E+21,1.22851E+16,5.14198E+16
66836,,14,6,25,200,2017,12,6,3,3,5,3,0,1,0,0,0,2,1,8.52985E+20,5.67944E+21,1.40489E+16,5.11573E+16
66837,,14,6,26,370,2017,12,15,3,3,6,4,0,1,1,0,0,0,0,9.05724E+20,5.69846E+21,1.48209E+16,5.12925E+16
66838,,15,0,91,241,2017,1,13,2,3,9,6,0,1,0,0,0,0,1,7.29377E+20,5.74577E+21,1.2328E+16,5.18156E+16
66839,,15,0,82,180,2017,1,15,2,2,5,3,0,1,0,0,0,0,0,7.08526E+20,5.73784E+21,1.20212E+16,5.17525E+16
66840,,15,0,85,55,2017,1,18,2,3,2,6,0,1,0,0,0,2,1,6.31629E+20,5.74429E+21,1.09104E+16,5.18339E+16
66841,,15,0,90,535,2017,1,13,2,2,8,1,0,0,0,0,1,0,1,6.97925E+20,5.82505E+21,1.19186E+16,5.25395E+16
66842,,15,0,89,15,2017,1,9,2,2,8,1,0,1,0,0,0,0,1,6.75775E+20,5.73403E+21,1.15453E+16,5.17296E+16
66843,,15,0,86,40,2017,1,13,2,2,2,6,0,1,0,0,1,0,0,7.1383E+20,5.81233E+21,1.21446E+16,5.24193E+16
66844,,15,0,88,205,2017,1,0,1,3,8,1,0,1,0,0,0,2,2,7.22039E+20,5.69318E+21,1.21885E+16,5.13464E+16
66845,,15,0,91,241,2017,1,11,1,3,8,1,0,1,0,0,0,0,2,7.34308E+20,5.7411E+21,1.23963E+16,5.17716E+16
66846,,15,0,82,377,2017,1,12,1,2,8,1,0,1,0,0,0,0,1,7.07877E+20,5.72742E+21,1.20056E+16,5.16593E+16
66847,,15,0,3,0,2017,1,15,1,3,9,1,0,1,0,0,0,0,1,6.79667E+20,5.78214E+21,1.16268E+16,5.21605E+16
66848,,15,0,85,140,2017,1,6,1,3,9,1,0,1,0,0,0,2,1,6.44269E+20,5.74879E+21,1.10956E+16,5.18712E+16
66849,,15,0,83,415,2017,1,18,1,3,9,1,0,1,0,0,0,2,1,6.61606E+20,5.76451E+21,1.13546E+16,5.20076E+16
66850,,15,0,83,411,2017,1,6,1,2,0,1,1,0,0,0,0,2,1,6.34479E+20,5.81257E+21,1.09788E+16,5.24468E+16
66851,,14,6,28,160,2017,12,7,3,3,2,2,0,1,0,0,0,2,0,8.41937E+20,5.65786E+21,1.38711E+16,5.09706E+16
66852,,15,0,88,295,2017,1,19,7,3,9,1,0,1,0,0,0,2,2,7.04338E+20,5.71822E+21,1.19491E+16,5.15779E+16
66853,,15,0,91,60,2017,1,19,7,3,8,1,0,1,0,0,0,2,2,7.34235E+20,5.75472E+21,1.24044E+16,5.18939E+16
66854,,14,6,12,0,2017,12,11,3,3,2,6,0,1,0,0,0,0,0,8.32506E+20,5.666E+21,1.37448E+16,5.10491E+16
66855,,15,0,3,0,2017,1,19,7,2,0,3,0,1,0,0,0,2,2,6.7913E+20,5.77022E+21,1.16126E+16,5.20536E+16
66856,,15,0,86,140,2017,1,18,7,3,8,6,0,1,0,0,1,2,2,6.96792E+20,5.77925E+21,1.18751E+16,5.21287E+16
66857,,14,6,12,0,2017,12,15,3,2,0,4,0,0,1,0,1,0,0,8.32485E+20,5.66596E+21,1.37444E+16,5.10487E+16
66858,,15,0,83,40,2017,1,16,7,3,8,1,0,1,0,0,0,1,2,6.76002E+20,5.78805E+21,1.15763E+16,5.22148E+16
66859,,14,5,21,50,2017,12,11,3,3,0,6,0,1,0,0,0,0,0,7.57609E+20,5.61388E+21,1.2642E+16,5.06198E+16
66860,,15,0,88,365,2017,1,0,6,3,9,1,0,1,0,0,0,2,2,6.93325E+20,5.70544E+21,1.17834E+16,5.14671E+16
66861,,14,5,24,20,2017,12,8,3,3,5,3,0,1,0,0,1,0,0,7.57192E+20,5.63592E+21,1.26515E+16,5.08178E+16
66862,,14,5,11,0,2017,12,15,3,3,4,2,0,1,0,0,1,0,0,7.64519E+20,5.63645E+21,1.27557E+16,5.08192E+16
66863,,15,0,87,370,2017,1,11,6,3,9,1,0,1,0,0,0,0,2,6.5353E+20,5.71067E+21,1.12132E+16,5.15263E+16
66864,,14,7,29,50,2017,12,7,3,3,4,1,0,1,0,0,1,0,0,7.46339E+20,5.66833E+21,1.25197E+16,5.11134E+16
66865,,15,0,90,535,2017,1,12,6,3,9,1,0,1,0,0,0,0,2,6.96874E+20,5.83199E+21,1.19073E+16,5.26022E+16
66866,,15,0,90,535,2017,1,9,6,3,9,1,0,1,0,0,0,0,2,6.88759E+20,5.82814E+21,1.17854E+16,5.25705E+16
66867,,15,0,86,140,2017,1,15,6,3,3,6,1,1,0,0,0,0,0,7.17683E+20,5.79091E+21,1.21873E+16,5.22255E+16
66868,,15,0,84,355,2017,1,8,5,2,6,4,0,1,1,0,0,0,2,6.90409E+20,5.66863E+21,1.17218E+16,5.11375E+16
66869,,15,0,1,0,2017,1,15,5,3,0,6,0,1,0,0,0,0,1,7.22905E+20,5.75244E+21,1.22386E+16,5.18782E+16
66870,,15,0,82,15,2017,1,9,5,3,6,4,0,1,1,0,0,0,2,7.30042E+20,5.72498E+21,1.23239E+16,5.16287E+16
66871,,15,0,82,241,2017,1,14,5,2,4,2,0,1,0,0,1,0,1,7.37469E+20,5.72463E+21,1.24308E+16,5.16225E+16
66872,,15,0,82,256,2017,1,14,5,2,6,4,0,1,1,0,0,0,0,6.98242E+20,5.74745E+21,1.18779E+16,5.18426E+16
66873,,14,5,24,210,2017,12,7,2,3,5,2,1,1,0,0,0,2,1,7.38415E+20,5.6333E+21,1.23837E+16,5.08023E+16
66874,,15,0,83,298,2017,1,14,5,1,2,1,0,0,0,0,1,0,0,6.63543E+20,5.78456E+21,1.13924E+16,5.21872E+16
66875,,15,0,86,40,2017,1,11,5,3,1,6,0,1,0,0,0,0,2,7.1449E+20,5.8112E+21,1.21536E+16,5.24089E+16
66876,,14,5,24,330,2017,12,15,2,3,5,3,0,1,0,0,0,0,1,7.4565E+20,5.62449E+21,1.24803E+16,5.07202E+16
66877,,14,7,29,300,2017,12,18,2,3,3,7,0,1,0,0,0,2,1,7.49909E+20,5.68675E+21,1.25834E+16,5.12772E+16
66878,,15,0,85,330,2017,1,17,5,2,4,2,0,1,0,0,0,1,0,6.44342E+20,5.73593E+21,1.10913E+16,5.17557E+16
66879,,14,7,29,160,2017,12,7,2,3,6,4,0,1,1,0,0,2,1,7.59927E+20,5.68206E+21,1.27233E+16,5.12306E+16
66880,,14,7,29,160,2017,12,10,2,3,8,1,0,1,0,0,0,0,1,7.65811E+20,5.68204E+21,1.28074E+16,5.12278E+16
66881,,14,7,13,0,2017,12,9,2,3,2,6,0,1,0,0,1,0,1,7.38256E+20,5.69448E+21,1.24218E+16,5.13516E+16
66882,,14,6,26,610,2017,12,16,2,3,2,6,0,1,0,0,0,1,1,9.08709E+20,5.65363E+21,1.48128E+16,5.08894E+16
66883,,14,6,25,430,2017,12,22,2,2,8,1,1,0,0,0,0,2,1,8.37626E+20,5.68178E+21,1.38323E+16,5.11875E+16
66884,,14,6,25,40,2017,12,7,2,3,5,3,0,1,0,0,0,2,1,8.61029E+20,5.67343E+21,1.41575E+16,5.10984E+16
66885,,14,6,26,110,2017,12,10,2,3,2,6,0,1,0,0,1,0,0,9.16224E+20,5.68327E+21,1.49531E+16,5.11491E+16
66886,,14,6,27,60,2017,12,5,2,3,5,2,1,1,0,0,0,2,1,8.15923E+20,5.69146E+21,1.35313E+16,5.12867E+16
66887,,14,6,12,0,2017,12,21,2,2,5,3,0,1,0,0,0,2,1,8.31102E+20,5.66422E+21,1.37232E+16,5.1034E+16
66888,,14,6,12,0,2017,12,9,2,3,0,1,0,0,0,1,0,0,1,8.36752E+20,5.66809E+21,1.38071E+16,5.10653E+16
66889,,14,6,27,240,2017,12,17,2,3,8,6,0,1,0,0,1,2,1,8.13273E+20,5.70363E+21,1.35041E+16,5.13973E+16
66890,,14,5,21,30,2017,12,11,2,2,6,4,0,0,1,0,1,0,1,7.62237E+20,5.6103E+21,1.27048E+16,5.05856E+16
66891,,14,7,30,45,2017,12,19,1,3,9,1,0,1,0,0,0,2,2,7.7012E+20,5.70752E+21,1.28883E+16,5.14543E+16
66892,,14,7,29,250,2017,12,17,1,3,8,1,0,1,0,0,0,2,2,7.51692E+20,5.69603E+21,1.26155E+16,5.13596E+16
66893,,14,7,13,0,2017,12,18,1,3,1,6,0,1,0,0,0,2,2,7.33835E+20,5.69319E+21,1.23576E+16,5.13418E+16
66894,,15,0,83,531,2017,1,7,5,3,2,6,0,1,0,0,0,2,2,6.56221E+20,5.77588E+21,1.12814E+16,5.21114E+16
66895,,15,0,83,411,2017,1,8,5,3,8,1,0,0,0,0,1,0,2,6.40927E+20,5.80031E+21,1.10684E+16,5.2335E+16
66896,,15,0,88,295,2017,1,6,4,2,1,5,0,1,0,0,1,2,1,7.07481E+20,5.7224E+21,1.19969E+16,5.16144E+16
66897,,15,0,87,440,2017,1,17,4,3,4,6,0,1,0,0,1,2,1,6.54146E+20,5.70335E+21,1.12189E+16,5.14603E+16
66898,,15,0,87,130,2017,1,6,4,2,5,2,1,1,0,0,0,2,1,6.79324E+20,5.70956E+21,1.15841E+16,5.15087E+16
66899,,15,0,84,130,2017,1,6,4,3,5,3,0,1,0,0,1,2,1,7.2294E+20,5.66622E+21,1.21846E+16,5.11041E+16
66900,,15,0,84,565,2017,1,9,4,3,8,1,0,1,0,0,0,0,2,7.16143E+20,5.65688E+21,1.20821E+16,5.10228E+16
66901,,15,0,91,375,2017,1,0,4,2,9,1,0,1,0,0,0,2,1,7.56943E+20,5.75488E+21,1.27339E+16,5.18854E+16
66902,,15,0,85,330,2017,1,11,4,3,9,6,0,1,0,0,1,0,2,6.40043E+20,5.7419E+21,1.10315E+16,5.18104E+16
66903,,15,0,83,298,2017,1,16,4,2,3,1,0,1,0,0,1,1,2,6.64738E+20,5.78467E+21,1.14099E+16,5.21879E+16
66904,,15,0,86,140,2017,1,15,4,3,8,1,0,1,0,0,1,0,2,7.16957E+20,5.79339E+21,1.21783E+16,5.22481E+16
66905,,15,0,83,298,2017,1,4,4,2,9,1,0,1,0,0,0,2,1,6.63179E+20,5.78454E+21,1.13871E+16,5.21871E+16
66906,,15,0,90,535,2017,1,15,4,2,4,6,0,1,0,0,1,0,1,6.83367E+20,5.82817E+21,1.17059E+16,5.25726E+16
66907,,15,0,90,245,2017,1,9,4,3,8,1,0,1,0,0,0,0,1,6.98331E+20,5.84474E+21,1.19364E+16,5.27162E+16
66908,,15,0,85,55,2017,1,12,4,2,8,6,0,1,0,0,0,0,1,6.36843E+20,5.73711E+21,1.09832E+16,5.17682E+16
66909,,15,0,81,135,2017,1,18,4,2,4,6,0,1,0,0,0,2,2,6.59867E+20,5.82191E+21,1.13565E+16,5.25238E+16
66910,,15,0,87,412,2017,1,15,3,3,9,1,0,1,0,0,0,0,2,6.3705E+20,5.71935E+21,1.09792E+16,5.16085E+16
66911,,15,0,91,60,2017,1,20,3,2,9,6,0,1,0,0,1,2,2,7.37127E+20,5.75973E+21,1.24498E+16,5.19377E+16
66912,,15,0,91,60,2017,1,20,3,2,9,1,0,1,0,0,0,2,2,7.41119E+20,5.76437E+21,1.2511E+16,5.19776E+16
66913,,15,0,82,15,2017,1,10,3,3,1,5,0,1,0,0,0,0,1,7.2677E+20,5.72567E+21,1.22772E+16,5.16363E+16
66914,,15,0,3,0,2017,1,6,3,3,5,3,1,1,0,0,0,2,1,6.79241E+20,5.77792E+21,1.16183E+16,5.21227E+16
66915,,15,0,91,60,2017,1,10,2,3,8,1,0,1,0,0,0,0,2,7.40858E+20,5.76422E+21,1.25071E+16,5.19763E+16
66916,,15,0,91,60,2017,1,7,2,3,3,1,0,1,0,0,1,1,1,7.41007E+20,5.76433E+21,1.25094E+16,5.19773E+16
66917,,14,7,29,140,2017,12,10,1,3,5,3,0,1,0,0,0,0,1,7.49816E+20,5.66518E+21,1.25671E+16,5.10837E+16
66918,,15,0,91,145,2017,1,6,2,3,5,2,0,1,0,0,0,2,2,7.8675E+20,5.74551E+21,1.31581E+16,5.17868E+16
66919,,15,0,82,440,2017,1,10,2,2,5,3,0,1,0,0,0,0,1,7.21365E+20,5.72535E+21,1.2199E+16,5.16355E+16
66920,,14,7,13,0,2017,12,18,1,3,4,1,0,1,0,0,0,2,2,7.39639E+20,5.69446E+21,1.24416E+16,5.13508E+16
66921,,15,0,83,298,2017,1,18,2,2,9,6,0,1,0,0,1,2,1,6.73149E+20,5.78258E+21,1.15318E+16,5.21665E+16
66922,,14,6,26,450,2017,12,15,1,3,9,1,0,1,0,0,0,0,1,9.04796E+20,5.67634E+21,1.47827E+16,5.10953E+16
66923,,15,0,83,531,2017,1,22,2,3,9,7,0,1,0,0,0,2,0,6.73176E+20,5.7755E+21,1.15286E+16,5.21029E+16
66924,,14,6,26,600,2017,12,17,1,3,5,4,0,1,1,0,0,2,2,8.90826E+20,5.7201E+21,1.46321E+16,5.14965E+16
66925,,14,6,25,300,2017,12,18,1,3,8,1,0,1,0,0,0,2,2,8.38274E+20,5.68712E+21,1.38466E+16,5.1235E+16
66926,,15,0,89,305,2017,1,15,2,2,5,3,0,1,0,0,0,0,1,6.89231E+20,5.76968E+21,1.17595E+16,5.20454E+16
66927,,14,6,25,530,2017,12,21,1,3,8,1,0,1,0,0,0,2,2,8.65124E+20,5.67253E+21,1.42148E+16,5.10878E+16
66928,,14,6,25,20,2017,12,20,1,2,9,1,1,0,0,0,0,2,2,8.77448E+20,5.6837E+21,1.44017E+16,5.11798E+16
66929,,14,6,27,150,2017,12,17,1,3,4,1,0,1,0,0,0,2,2,8.22141E+20,5.68145E+21,1.36111E+16,5.11934E+16
66930,,14,5,21,460,2017,12,3,1,3,8,1,0,1,0,0,0,2,2,8.07462E+20,5.62495E+21,1.3354E+16,5.0695E+16
66931,,14,5,22,590,2017,12,3,1,3,8,1,0,1,0,0,0,2,2,8.08439E+20,5.64594E+21,1.33854E+16,5.08826E+16
66932,,14,5,21,440,2017,12,15,1,3,4,6,0,1,0,0,0,0,2,7.84346E+20,5.59508E+21,1.30048E+16,5.04387E+16
66933,,14,5,24,50,2017,12,14,7,3,8,1,0,1,0,0,0,0,2,7.43034E+20,5.63489E+21,1.24502E+16,5.08146E+16
66934,,14,5,23,310,2017,12,14,7,3,9,1,0,1,0,0,0,0,2,7.07305E+20,5.60272E+21,1.19257E+16,5.05397E+16
66935,,14,5,24,180,2017,12,8,7,3,4,6,0,1,0,0,1,0,1,7.64004E+20,5.6416E+21,1.27521E+16,5.08657E+16
66936,,14,7,30,320,2017,12,12,7,3,8,1,0,1,0,0,0,0,2,7.56887E+20,5.72496E+21,1.2711E+16,5.16169E+16
66937,,14,7,29,250,2017,12,17,7,3,6,6,0,1,1,0,0,2,1,7.53271E+20,5.69679E+21,1.26386E+16,5.13658E+16
66938,,14,7,29,430,2017,12,6,7,3,9,1,0,1,0,0,0,2,2,7.28067E+20,5.68053E+21,1.22668E+16,5.12305E+16
66939,,14,7,30,270,2017,12,0,7,3,0,6,0,1,0,0,0,2,0,7.25334E+20,5.70171E+21,1.22411E+16,5.14217E+16
66940,,14,6,26,280,2017,12,12,7,3,9,1,0,1,0,0,0,0,2,8.94601E+20,5.66095E+21,1.46211E+16,5.09647E+16
66941,,14,6,26,610,2017,12,20,7,3,5,3,0,1,0,0,0,2,1,9.07376E+20,5.65466E+21,1.47951E+16,5.08995E+16
66942,,15,0,85,135,2017,1,15,2,3,5,3,0,1,0,0,1,0,1,6.39967E+20,5.75217E+21,1.10345E+16,5.19027E+16
66943,,15,0,81,30,2017,1,7,2,3,4,6,0,1,0,0,1,2,1,6.61448E+20,5.8579E+21,1.13974E+16,5.28466E+16
66944,,15,0,88,25,2017,1,9,1,2,9,7,0,1,0,0,0,0,0,6.99097E+20,5.69861E+21,1.18625E+16,5.14037E+16
66945,,15,0,88,319,2017,1,5,1,2,6,4,0,1,1,0,0,2,0,6.89349E+20,5.71506E+21,1.17314E+16,5.15548E+16
66946,,14,6,25,380,2017,12,15,7,2,4,1,0,1,0,0,0,0,2,8.73345E+20,5.67414E+21,1.43334E+16,5.10969E+16
66947,,14,6,25,20,2017,12,9,7,2,4,2,0,1,0,0,1,0,2,8.74475E+20,5.68471E+21,1.43604E+16,5.11908E+16
66948,,14,6,27,260,2017,12,8,7,3,0,7,0,1,0,0,1,0,2,7.94147E+20,5.68433E+21,1.3214E+16,5.12344E+16
66949,,14,6,27,260,2017,12,8,7,3,9,1,0,1,0,0,0,0,2,7.94146E+20,5.68433E+21,1.3214E+16,5.12344E+16
66950,,14,6,27,170,2017,12,16,7,2,9,6,0,1,0,0,0,0,1,8.16496E+20,5.67867E+21,1.35282E+16,5.11717E+16
66951,,15,0,88,365,2017,1,18,1,2,6,4,0,0,1,0,1,2,0,7.01671E+20,5.70239E+21,1.19017E+16,5.14367E+16
66952,,15,0,85,287,2017,1,20,1,3,9,1,0,1,0,0,0,2,0,6.55903E+20,5.74917E+21,1.12646E+16,5.18715E+16
66953,,15,0,83,270,2017,1,5,1,1,4,6,0,1,0,0,1,2,0,6.72567E+20,5.80372E+21,1.15341E+16,5.23565E+16
66954,,14,5,24,70,2017,12,18,1,2,6,6,0,0,1,0,1,2,0,7.6152E+20,5.63097E+21,1.27093E+16,5.07715E+16
66955,,14,6,26,500,2017,12,20,1,3,8,1,0,1,0,0,0,2,1,9.10888E+20,5.67224E+21,1.48646E+16,5.10543E+16
66956,,14,6,12,0,2017,12,15,1,2,5,2,1,1,0,0,0,0,0,8.31749E+20,5.66343E+21,1.37316E+16,5.10265E+16
66957,,14,5,23,30,2017,12,12,7,3,4,6,0,1,0,0,1,0,1,7.36414E+20,5.565E+21,1.23122E+16,5.01899E+16
66958,,14,6,26,300,2017,12,7,7,3,8,1,0,1,0,0,0,2,2,9.11168E+20,5.67711E+21,1.48741E+16,5.10976E+16
66959,,14,6,27,230,2017,12,1,7,2,8,1,1,0,0,0,0,2,0,7.99397E+20,5.6923E+21,1.32957E+16,5.13031E+16
66960,,14,5,11,0,2017,12,17,7,3,2,1,0,1,0,0,1,2,1,7.72175E+20,5.64139E+21,1.28678E+16,5.086E+16
66961,,14,5,23,340,2017,12,16,6,1,6,4,0,1,1,0,0,1,0,7.32645E+20,5.61341E+21,1.22894E+16,5.06261E+16
66962,,14,7,13,0,2017,12,19,6,3,5,3,1,1,0,0,0,2,0,7.32964E+20,5.69286E+21,1.23449E+16,5.13392E+16
66963,,14,6,12,0,2017,12,17,6,3,0,7,0,1,0,0,0,2,0,8.28998E+20,5.66511E+21,1.36941E+16,5.10431E+16
66964,,14,6,12,0,2017,12,16,6,3,8,1,0,1,0,0,0,1,0,8.3758E+20,5.67038E+21,1.3821E+16,5.10854E+16
66965,,14,5,23,10,2017,12,18,5,3,4,1,0,1,0,0,0,2,2,7.32196E+20,5.57893E+21,1.22617E+16,5.03167E+16
66966,,14,6,27,140,2017,12,0,7,3,2,6,0,1,0,0,0,2,1,8.15322E+20,5.6783E+21,1.35111E+16,5.1169E+16
66967,,14,5,23,300,2017,12,7,5,3,4,1,0,1,0,0,0,0,2,7.2385E+20,5.58534E+21,1.21485E+16,5.03774E+16
66968,,14,7,30,320,2017,12,6,5,3,0,7,0,1,0,0,0,2,1,7.6234E+20,5.71953E+21,1.27855E+16,5.15657E+16
66969,,14,6,28,10,2017,12,9,7,3,8,1,0,1,0,0,0,0,2,8.32744E+20,5.63579E+21,1.37206E+16,5.07782E+16
66970,,14,7,29,410,2017,12,22,5,3,8,1,0,1,0,0,0,2,1,7.68976E+20,5.6949E+21,1.28623E+16,5.13416E+16
66971,,14,6,12,0,2017,12,7,7,2,0,1,1,0,0,0,0,0,2,8.26762E+20,5.66568E+21,1.36628E+16,5.10495E+16
66972,,14,6,25,240,2017,12,11,5,3,4,6,0,1,0,0,1,0,1,8.56415E+20,5.7069E+21,1.41252E+16,5.14011E+16
66973,,14,5,22,550,2017,12,12,7,3,4,6,0,1,0,0,0,0,2,7.69345E+20,5.64581E+21,1.28309E+16,5.0901E+16
66974,,14,5,22,150,2017,12,13,7,3,9,1,0,1,0,0,0,0,2,7.89288E+20,5.647E+21,1.31148E+16,5.0902E+16
66975,,14,6,25,230,2017,12,13,5,3,2,6,0,1,0,0,0,0,1,8.87604E+20,5.68153E+21,1.4544E+16,5.11536E+16
66976,,14,5,21,390,2017,12,12,7,3,4,1,0,1,0,0,0,0,2,8.02404E+20,5.6197E+21,1.32783E+16,5.06505E+16