OBJECTID,UIDENTSTLA,ULAND,UREGBEZ,UKREIS,UGEMEINDE,UJAHR,UMONAT,USTUNDE,UWOCHENTAG,UKATEGORIE,UART,UTYP1,IstRad,IstPKW,IstFuss,IstKrad,IstSonstig,LICHT,STRZUSTAND,LINREFX,LINREFY,XGCSWGS84,YGCSWGS84
66977,,14,5,22,430,2017,12,12,7,3,9,1,0,1,0,0,0,0,2,7.99759E+20,5.64773E+21,1.32639E+16,5.09032E+16
66978,,14,6,28,270,2017,12,11,5,3,5,3,0,1,0,0,0,0,1,8.47729E+20,5.65593E+21,1.39515E+16,5.09498E+16
66979,,14,5,22,240,2017,12,13,7,3,4,6,0,1,0,0,0,0,2,8.04094E+20,5.65541E+21,1.33317E+16,5.09698E+16
66980,,14,5,22,570,2017,12,15,7,3,4,6,0,1,0,0,0,1,2,7.77771E+20,5.66426E+21,1.29646E+16,5.10626E+16
66981,,14,5,21,110,2017,12,10,7,3,4,1,0,1,0,0,0,0,2,7.65258E+20,5.59932E+21,1.27396E+16,5.04857E+16
66982,,14,5,21,170,2017,12,23,7,3,8,1,0,1,0,0,0,2,2,7.53491E+20,5.60076E+21,1.2575E+16,5.05038E+16
66983,,14,5,21,110,2017,12,21,7,3,4,1,0,1,0,0,0,2,2,7.66361E+20,5.60104E+21,1.27563E+16,5.05006E+16
66984,,14,5,21,20,2017,12,4,7,3,9,1,0,1,0,0,0,2,2,7.83212E+20,5.60856E+21,1.29991E+16,5.05602E+16
66985,,14,5,11,0,2017,12,13,7,2,5,3,0,1,0,0,1,0,2,7.70177E+20,5.63715E+21,1.28363E+16,5.08229E+16
66986,,14,5,22,180,2017,12,14,7,2,4,6,0,1,0,0,0,0,1,8.03792E+20,5.65099E+21,1.33238E+16,5.09304E+16
66987,,14,5,22,120,2017,12,16,7,3,4,1,0,1,0,0,0,0,2,7.76508E+20,5.65824E+21,1.2942E+16,5.10092E+16
66988,,14,5,24,180,2017,12,7,6,3,2,6,0,1,0,0,0,0,1,7.64386E+20,5.63771E+21,1.27547E+16,5.08306E+16
66989,,14,6,27,310,2017,12,5,5,3,5,3,1,1,0,0,0,2,1,8.19743E+20,5.67798E+21,1.35739E+16,5.11637E+16
66990,,14,5,24,230,2017,12,18,6,3,2,2,0,1,0,0,0,2,1,7.63255E+20,5.63305E+21,1.27353E+16,5.07893E+16
66991,,14,6,28,60,2017,12,14,5,3,5,3,0,1,0,0,0,0,1,8.26755E+20,5.6513E+21,1.36498E+16,5.09206E+16
66992,,14,6,12,0,2017,12,13,5,2,6,4,0,0,1,0,1,0,1,8.3075E+20,5.67035E+21,1.37238E+16,5.10891E+16
66993,,14,7,30,210,2017,12,8,6,3,5,3,0,1,0,0,1,0,1,7.92752E+20,5.68443E+21,1.31942E+16,5.1236E+16
66994,,14,6,12,0,2017,12,11,5,3,2,6,0,1,0,0,0,0,1,8.34592E+20,5.66818E+21,1.37764E+16,5.10674E+16
66995,,14,5,22,580,2017,12,14,5,3,8,1,0,1,0,0,0,0,1,7.62067E+20,5.65877E+21,1.2737E+16,5.10207E+16
66996,,14,7,29,160,2017,12,9,6,3,2,6,0,1,0,0,1,0,1,7.58118E+20,5.68212E+21,1.26975E+16,5.1232E+16
66997,,14,7,29,140,2017,12,13,6,3,5,3,0,1,0,0,0,0,0,7.49103E+20,5.65942E+21,1.2553E+16,5.10322E+16
66998,,14,5,22,320,2017,12,15,5,2,8,1,0,1,0,0,0,0,2,7.96625E+20,5.63605E+21,1.321E+16,5.08001E+16
66999,,14,7,29,270,2017,12,19,6,3,1,5,0,1,0,0,1,2,1,7.24725E+20,5.68865E+21,1.22241E+16,5.13047E+16
67000,,14,7,29,430,2017,12,15,6,3,5,3,1,0,0,0,1,0,1,7.29935E+20,5.67843E+21,1.22922E+16,5.12109E+16
67001,,14,7,13,0,2017,12,6,6,2,2,6,0,1,0,0,0,1,1,7.32221E+20,5.6992E+21,1.23384E+16,5.13964E+16
67002,,14,7,30,110,2017,12,18,6,1,4,2,0,1,0,1,0,2,0,7.50584E+20,5.70702E+21,1.26073E+16,5.14588E+16
67003,,14,6,26,270,2017,12,12,6,3,4,1,0,1,0,0,1,0,0,8.91259E+20,5.67376E+21,1.45876E+16,5.10815E+16
67004,,14,6,26,110,2017,12,10,6,3,5,3,0,1,0,0,0,0,1,9.18234E+20,5.6797E+21,1.49775E+16,5.11157E+16
67005,,14,6,26,150,2017,12,16,6,2,2,6,0,1,0,0,0,1,1,8.95476E+20,5.67191E+21,1.46455E+16,5.10621E+16
67006,,14,6,28,100,2017,12,11,6,3,6,4,0,1,1,0,0,0,0,8.50789E+20,5.66484E+21,1.40035E+16,5.10278E+16
67007,,14,6,12,0,2017,12,12,6,3,5,3,0,1,0,0,0,0,0,8.26259E+20,5.66552E+21,1.36555E+16,5.10484E+16
67008,,14,6,12,0,2017,12,10,6,3,5,3,1,1,0,0,0,0,0,8.41528E+20,5.66787E+21,1.38748E+16,5.10605E+16
67009,,14,6,28,40,2017,12,7,6,2,2,6,0,1,0,0,1,2,0,8.43471E+20,5.64446E+21,1.38803E+16,5.08497E+16
67010,,14,6,28,80,2017,12,9,6,2,5,2,0,1,0,0,0,0,0,8.37608E+20,5.65794E+21,1.38098E+16,5.09738E+16
67011,,14,5,22,450,2017,12,18,6,3,1,5,0,1,0,0,0,0,1,7.86216E+20,5.67923E+21,1.30967E+16,5.11926E+16
67012,,14,5,21,110,2017,12,17,6,3,2,6,0,1,0,0,0,2,1,7.66071E+20,5.60081E+21,1.27521E+16,5.04987E+16
67013,,14,5,22,180,2017,12,6,5,3,5,3,0,1,0,0,0,2,1,8.04911E+20,5.64787E+21,1.33371E+16,5.09019E+16
67014,,14,5,21,600,2017,12,10,5,3,8,1,0,1,0,0,0,0,2,7.50085E+20,5.60253E+21,1.25282E+16,5.05212E+16
67015,,14,5,21,600,2017,12,19,5,3,9,1,0,1,0,0,0,2,2,7.53854E+20,5.60611E+21,1.25838E+16,5.05517E+16
67016,,14,5,21,180,2017,12,15,5,3,8,1,0,1,0,0,0,0,2,7.72098E+20,5.61067E+21,1.2844E+16,5.05844E+16
67017,,14,5,24,330,2017,12,17,4,3,5,3,0,1,0,0,0,2,0,7.44524E+20,5.62432E+21,1.24643E+16,5.07192E+16
67018,,14,5,24,180,2017,12,14,4,3,8,1,0,1,0,0,0,0,0,7.63777E+20,5.6405E+21,1.27481E+16,5.08559E+16
67019,,14,5,23,20,2017,12,14,4,2,5,3,0,1,0,0,0,0,1,7.43747E+20,5.59763E+21,1.24358E+16,5.04799E+16
67020,,14,7,13,0,2017,12,15,4,3,5,3,0,0,0,0,1,0,0,7.39746E+20,5.6955E+21,1.24438E+16,5.13601E+16
67021,,14,7,29,260,2017,12,14,4,2,3,6,0,1,0,0,0,0,0,7.36286E+20,5.68342E+21,1.23862E+16,5.12531E+16
67022,,14,6,28,100,2017,12,8,4,3,9,1,0,1,0,0,0,0,2,8.49563E+20,5.66913E+21,1.39902E+16,5.1067E+16
67023,,14,6,25,330,2017,12,19,4,2,7,7,0,1,0,0,0,2,0,8.73337E+20,5.70181E+21,1.4362E+16,5.13446E+16
67024,,14,6,26,110,2017,12,15,4,2,6,4,0,0,1,0,1,0,0,9.17994E+20,5.68283E+21,1.49777E+16,5.11439E+16
67025,,14,6,27,360,2017,12,13,4,2,4,6,0,1,0,0,1,0,0,8.0346E+20,5.69544E+21,1.33565E+16,5.13291E+16
67026,,14,6,28,410,2017,12,17,4,2,4,7,0,1,0,0,0,2,0,8.14396E+20,5.66084E+21,1.34827E+16,5.1013E+16
67027,,14,5,11,0,2017,12,11,6,3,2,6,0,1,0,0,0,0,0,7.7646E+20,5.63869E+21,1.29265E+16,5.08338E+16
67028,,14,6,12,0,2017,12,15,4,3,0,7,1,1,0,0,0,0,0,8.32093E+20,5.66772E+21,1.37405E+16,5.10647E+16
67029,,14,5,21,240,2017,12,16,4,3,8,1,0,1,0,0,0,1,1,7.90175E+20,5.62276E+21,1.31082E+16,5.06842E+16
67030,,14,5,21,240,2017,12,20,6,3,4,6,0,1,0,0,0,2,2,7.89731E+20,5.6253E+21,1.31039E+16,5.07072E+16
67031,,14,5,21,630,2017,12,11,6,2,2,6,0,1,0,0,0,0,1,7.81062E+20,5.61562E+21,1.29741E+16,5.06246E+16
67032,,14,5,11,0,2017,12,17,4,3,2,6,0,1,0,0,1,2,0,7.76458E+20,5.63871E+21,1.29265E+16,5.08339E+16
67033,,14,5,22,180,2017,12,20,6,2,8,1,0,1,0,0,0,2,1,8.04483E+20,5.64581E+21,1.33293E+16,5.08836E+16
67034,,14,5,24,30,2017,12,18,5,3,1,5,1,1,0,0,0,2,0,7.38581E+20,5.63578E+21,1.23877E+16,5.08245E+16
67035,,14,5,21,590,2017,12,3,4,2,5,3,0,1,0,0,0,2,1,7.67045E+20,5.62506E+21,1.27832E+16,5.07159E+16
67036,,14,5,23,370,2017,12,7,5,3,5,3,0,1,0,0,0,0,1,7.3767E+20,5.5883E+21,1.23444E+16,5.03986E+16
67037,,14,5,23,150,2017,12,6,5,3,5,3,0,1,0,0,0,2,0,7.3484E+20,5.61084E+21,1.23188E+16,5.06021E+16
67038,,14,5,23,450,2017,12,15,5,3,9,1,0,1,0,0,0,0,0,7.11386E+20,5.59604E+21,1.19795E+16,5.04782E+16
67039,,14,5,23,340,2017,12,7,5,2,4,2,0,1,0,1,0,1,0,7.30445E+20,5.61286E+21,1.22581E+16,5.0622E+16
67040,,14,5,24,180,2017,12,11,3,3,5,3,1,1,0,0,0,0,0,7.6468E+20,5.64097E+21,1.27612E+16,5.08598E+16
67041,,14,5,24,50,2017,12,18,3,3,0,7,1,0,0,0,1,2,0,7.43016E+20,5.63497E+21,1.245E+16,5.08154E+16
67042,,14,5,21,450,2017,12,9,3,2,2,6,0,1,0,0,0,0,0,7.62663E+20,5.62222E+21,1.27192E+16,5.06924E+16
67043,,14,7,13,0,2017,12,18,3,3,2,6,0,1,0,0,0,2,0,7.4228E+20,5.69473E+21,1.24796E+16,5.13521E+16
67044,,14,7,30,110,2017,12,12,5,3,3,2,1,1,0,0,0,0,0,7.53303E+20,5.70769E+21,1.26469E+16,5.14636E+16
67045,,14,5,22,220,2017,12,15,3,3,8,1,0,1,0,0,0,0,0,7.8549E+20,5.67637E+21,1.3084E+16,5.11673E+16
67046,,14,6,26,410,2017,12,22,3,3,9,1,0,1,0,0,0,2,1,8.85591E+20,5.67066E+21,1.45037E+16,5.10577E+16
67047,,14,7,29,380,2017,12,19,5,2,9,1,0,0,0,1,0,2,0,7.6158E+20,5.70638E+21,1.27648E+16,5.1448E+16
67048,,14,6,26,530,2017,12,5,3,3,9,7,0,1,0,0,0,2,2,8.93154E+20,5.65975E+21,1.45993E+16,5.09549E+16
67049,,14,6,26,245,2017,12,6,3,3,8,1,0,1,0,0,0,1,2,8.95517E+20,5.66448E+21,1.4638E+16,5.09956E+16
67050,,14,7,29,430,2017,12,10,5,3,8,1,0,1,0,0,0,0,0,7.32685E+20,5.67783E+21,1.23311E+16,5.12044E+16
67051,,14,7,13,0,2017,12,7,5,3,5,3,0,1,0,0,0,1,0,7.29994E+20,5.6931E+21,1.23025E+16,5.13426E+16
67052,,14,6,26,10,2017,12,11,3,2,0,7,0,1,0,0,0,0,0,8.96992E+20,5.72573E+21,1.47268E+16,5.15427E+16
67053,,14,7,13,0,2017,12,13,5,3,3,2,1,1,0,0,0,0,0,7.36162E+20,5.69393E+21,1.23914E+16,5.13475E+16
67054,,14,7,30,150,2017,12,23,5,2,5,3,0,1,0,0,1,2,1,7.39652E+20,5.70762E+21,1.24507E+16,5.14689E+16
67055,,14,6,12,0,2017,12,17,3,3,5,3,1,1,0,0,0,2,1,8.31155E+20,5.66534E+21,1.37249E+16,5.1044E+16
67056,,14,7,29,350,2017,12,18,5,2,5,3,0,1,0,0,0,0,0,7.27489E+20,5.67263E+21,1.22536E+16,5.11598E+16
67057,,14,7,13,0,2017,12,6,5,2,5,3,1,1,0,0,0,2,0,7.35174E+20,5.69355E+21,1.2377E+16,5.13445E+16
67058,,14,6,26,410,2017,12,14,5,3,5,3,0,1,0,0,0,0,0,8.8474E+20,5.67193E+21,1.4493E+16,5.10696E+16
67059,,14,6,26,610,2017,12,19,5,3,6,4,0,1,1,0,0,2,0,9.06474E+20,5.65456E+21,1.47822E+16,5.08992E+16
67060,,14,6,25,600,2017,12,15,5,2,5,3,0,1,0,0,0,0,0,8.46503E+20,5.67744E+21,1.39547E+16,5.11433E+16
67061,,14,6,25,500,2017,12,9,5,3,3,6,1,1,0,0,0,0,0,8.65718E+20,5.69649E+21,1.42476E+16,5.1302E+16
67062,,14,6,26,110,2017,12,15,5,3,0,7,1,0,0,0,0,0,0,9.18748E+20,5.68463E+21,1.49905E+16,5.11594E+16
67063,,14,6,28,60,2017,12,16,5,3,7,7,0,1,0,0,0,2,0,8.31428E+20,5.64969E+21,1.37146E+16,5.09035E+16
67064,,14,6,12,0,2017,12,17,5,3,2,6,0,1,0,0,0,2,0,8.39913E+20,5.6679E+21,1.38518E+16,5.10618E+16
67065,,14,6,12,0,2017,12,11,5,3,2,6,0,1,0,0,0,0,0,8.3402E+20,5.67256E+21,1.37723E+16,5.1107E+16
67066,,14,6,12,0,2017,12,17,5,3,5,3,0,1,0,0,0,2,0,8.3378E+20,5.6736E+21,1.37699E+16,5.11164E+16
67067,,14,5,21,220,2017,12,12,5,2,5,3,0,1,0,1,0,0,0,7.85718E+20,5.63443E+21,1.30543E+16,5.0791E+16
67068,,14,5,22,430,2017,12,14,5,3,5,3,0,1,0,0,0,0,0,8.0074E+20,5.64755E+21,1.32776E+16,5.09012E+16
67069,,14,5,21,370,2017,12,12,5,2,5,3,1,1,0,0,0,0,0,7.63971E+20,5.61407E+21,1.27319E+16,5.06187E+16
67070,,14,6,27,180,2017,12,21,3,2,2,6,0,1,0,0,0,1,1,7.98999E+20,5.66132E+21,1.32642E+16,5.10255E+16
67071,,14,7,29,190,2017,12,21,2,2,1,5,0,1,0,0,0,2,0,7.44415E+20,5.68656E+21,1.25047E+16,5.12778E+16
67072,,14,7,29,270,2017,12,20,2,3,5,3,0,1,0,0,0,2,0,7.24462E+20,5.68827E+21,1.22201E+16,5.13014E+16
67073,,14,6,26,245,2017,12,11,2,2,8,1,0,1,0,0,0,0,0,8.94404E+20,5.66797E+21,1.46259E+16,5.10276E+16
67074,,14,6,25,525,2017,12,14,2,2,8,1,0,0,0,1,0,0,0,8.80462E+20,5.67393E+21,1.44343E+16,5.10903E+16
67075,,14,6,27,180,2017,12,10,2,3,3,6,0,1,0,0,0,0,0,8.02998E+20,5.66293E+21,1.33225E+16,5.10379E+16
67076,,14,5,22,460,2017,12,15,2,2,5,3,0,1,0,0,0,0,0,7.59073E+20,5.65547E+21,1.2692E+16,5.09924E+16
67077,,14,7,29,150,2017,12,17,2,2,2,6,0,1,0,0,0,2,0,7.59045E+20,5.65562E+21,1.26917E+16,5.09938E+16
67078,,14,5,11,0,2017,12,15,2,3,6,7,0,0,1,0,1,0,0,7.74948E+20,5.63968E+21,1.29058E+16,5.08434E+16
67079,,14,5,24,180,2017,12,11,1,3,9,7,0,1,0,0,0,0,0,7.57451E+20,5.64399E+21,1.26608E+16,5.08901E+16
67080,,14,7,30,30,2017,12,10,1,3,8,7,0,1,0,0,0,0,0,7.79962E+20,5.72308E+21,1.30419E+16,5.15891E+16
67081,,14,7,30,70,2017,12,23,1,3,8,1,0,1,0,0,0,2,0,7.33514E+20,5.71314E+21,1.23661E+16,5.1521E+16
67082,,14,6,27,150,2017,12,13,1,2,8,7,0,1,0,0,0,0,0,8.25341E+20,5.67589E+21,1.36518E+16,5.11418E+16
67083,,14,6,28,80,2017,12,20,1,3,3,6,0,1,0,0,0,2,0,8.41505E+20,5.65655E+21,1.38638E+16,5.09591E+16
67084,,14,6,12,0,2017,12,16,1,3,5,2,1,1,0,0,0,0,0,8.30117E+20,5.66934E+21,1.37138E+16,5.10804E+16
67085,,14,5,22,310,2017,12,19,1,3,9,1,0,0,0,1,0,2,0,7.7377E+20,5.67683E+21,1.29171E+16,5.11773E+16
67086,,14,5,22,300,2017,12,15,1,2,5,3,0,1,0,0,0,0,0,7.83424E+20,5.66239E+21,1.30436E+16,5.1043E+16
67087,,14,5,24,230,2017,12,13,7,2,3,6,0,1,0,0,0,0,0,7.60538E+20,5.63304E+21,1.26969E+16,5.07904E+16
67088,,14,7,30,70,2017,12,19,7,3,8,1,0,1,0,0,0,2,0,7.31824E+20,5.71399E+21,1.23424E+16,5.15293E+16
67089,,14,7,29,370,2017,12,11,7,3,5,3,0,1,0,0,0,0,0,7.41987E+20,5.67718E+21,1.24636E+16,5.11947E+16
67090,,14,7,30,340,2017,12,17,7,3,2,6,0,1,0,0,0,2,0,7.225E+20,5.70274E+21,1.22011E+16,5.14321E+16
67091,,14,6,28,140,2017,12,12,7,3,9,1,0,1,0,0,0,0,1,8.59573E+20,5.65157E+21,1.41151E+16,5.09036E+16
67092,,14,6,12,0,2017,12,0,7,3,2,6,0,1,0,0,0,2,0,8.27748E+20,5.66857E+21,1.36794E+16,5.10749E+16
67093,,14,5,24,30,2017,12,16,5,3,9,1,0,1,0,0,1,1,0,7.38193E+20,5.63695E+21,1.2383E+16,5.08351E+16
67094,,14,5,22,510,2017,12,20,7,3,1,5,0,1,0,0,0,2,0,7.93006E+20,5.66528E+21,1.31822E+16,5.10641E+16
67095,,14,5,21,690,2017,12,18,7,3,5,3,0,1,0,0,0,2,0,7.86173E+20,5.63095E+21,1.3058E+16,5.07596E+16
67096,,14,5,22,180,2017,12,17,5,2,4,6,0,1,0,0,0,2,0,8.07447E+20,5.64931E+21,1.33742E+16,5.09133E+16
67097,,14,5,11,0,2017,12,14,7,3,6,6,1,0,1,0,0,0,0,7.76329E+20,5.63854E+21,1.29245E+16,5.08325E+16
67098,,14,5,21,370,2017,12,20,7,2,8,1,0,1,0,0,0,2,1,7.66728E+20,5.61808E+21,1.27737E+16,5.06534E+16
67099,,14,5,11,0,2017,12,12,5,2,5,3,0,1,0,0,0,0,0,7.83146E+20,5.63764E+21,1.30204E+16,5.08212E+16
67100,,14,5,24,330,2017,12,17,4,2,2,2,0,1,0,0,1,0,0,7.4594E+20,5.62399E+21,1.24841E+16,5.07156E+16
67101,,14,5,24,260,2017,12,12,6,3,4,1,0,1,0,0,0,0,1,7.48593E+20,5.63925E+21,1.25319E+16,5.08514E+16
67102,,14,5,24,160,2017,12,9,4,2,4,7,0,1,0,0,0,0,0,7.55932E+20,5.63042E+21,1.26298E+16,5.0769E+16
67103,,14,7,29,320,2017,12,7,4,2,3,6,1,1,0,0,0,1,0,7.40882E+20,5.66877E+21,1.24422E+16,5.11197E+16
67104,,14,5,24,330,2017,12,14,6,2,2,1,0,1,0,0,0,0,0,7.47E+20,5.62725E+21,1.25013E+16,5.07444E+16
67105,,14,7,13,0,2017,12,17,4,3,3,5,1,0,0,0,1,2,0,7.34275E+20,5.69334E+21,1.2364E+16,5.1343E+16
67106,,14,6,26,480,2017,12,7,4,3,0,1,0,0,0,0,1,2,1,9.15199E+20,5.70452E+21,1.49631E+16,5.13399E+16
67107,,14,6,25,170,2017,12,14,4,3,5,3,0,1,0,0,0,0,0,8.54337E+20,5.67194E+21,1.40608E+16,5.10892E+16
67108,,14,6,25,630,2017,12,13,4,2,5,3,1,1,0,0,0,0,0,8.7788E+20,5.67486E+21,1.43986E+16,5.11004E+16
67109,,14,6,27,130,2017,12,18,4,3,5,3,0,1,0,0,0,2,0,8.00881E+20,5.68125E+21,1.33076E+16,5.12032E+16
67110,,14,6,28,270,2017,12,11,4,3,4,2,0,1,0,0,0,0,0,8.50461E+20,5.65325E+21,1.39877E+16,5.09242E+16
67111,,14,6,28,270,2017,12,14,4,3,5,3,1,1,0,0,0,0,0,8.46401E+20,5.65739E+21,1.3934E+16,5.09638E+16
67112,,14,6,28,410,2017,12,16,4,2,8,1,0,1,0,0,0,2,0,8.10854E+20,5.66438E+21,1.34354E+16,5.10467E+16
67113,,14,6,12,0,2017,12,9,4,3,9,1,0,1,0,0,0,0,0,8.23601E+20,5.66731E+21,1.36193E+16,5.10659E+16
67114,,14,6,12,0,2017,12,9,4,3,5,3,0,1,0,0,0,0,0,8.35321E+20,5.66817E+21,1.37868E+16,5.10669E+16
67115,,14,5,21,550,2017,12,18,4,3,5,3,0,1,0,0,0,2,0,7.68736E+20,5.60576E+21,1.27931E+16,5.05419E+16
67116,,14,5,21,440,2017,12,14,4,2,4,7,0,1,0,0,0,0,1,7.84462E+20,5.59516E+21,1.30065E+16,5.04394E+16
67117,,14,5,11,0,2017,12,16,4,3,1,5,0,1,0,0,0,1,0,7.77911E+20,5.63703E+21,1.29458E+16,5.08182E+16
67118,,14,5,22,140,2017,12,5,4,3,5,3,0,1,0,0,0,2,0,7.85758E+20,5.64248E+21,1.30612E+16,5.08633E+16
67119,,14,7,29,410,2017,12,10,6,3,5,3,1,1,0,0,0,0,0,7.60552E+20,5.69714E+21,1.27433E+16,5.13657E+16
67120,,14,5,23,300,2017,12,9,3,3,2,6,0,1,0,0,0,0,1,7.2539E+20,5.58987E+21,1.21728E+16,5.04176E+16
67121,,14,5,23,320,2017,12,7,3,3,3,6,0,1,0,0,1,2,1,7.21689E+20,5.59872E+21,1.21261E+16,5.04984E+16
67122,,14,7,13,0,2017,12,8,3,3,3,6,0,1,0,0,0,0,1,7.36237E+20,5.69372E+21,1.23923E+16,5.13456E+16
67123,,14,7,13,0,2017,12,23,3,3,5,3,0,1,0,0,0,2,0,7.30261E+20,5.70114E+21,1.23115E+16,5.14146E+16
67124,,14,7,29,160,2017,12,8,3,3,8,1,0,1,0,0,0,0,1,7.69334E+20,5.6839E+21,1.28591E+16,5.12427E+16
67125,,14,6,26,610,2017,12,15,3,3,4,2,0,1,0,0,0,0,1,9.07263E+20,5.65388E+21,1.47926E+16,5.08926E+16
67126,,14,6,26,460,2017,12,1,3,2,8,1,0,1,0,0,0,2,2,9.02055E+20,5.71357E+21,1.47856E+16,5.14303E+16
67127,,14,6,25,500,2017,12,14,3,3,5,3,0,1,0,0,0,0,1,8.63193E+20,5.69657E+21,1.42116E+16,5.13042E+16
67128,,14,7,30,300,2017,12,7,6,3,5,3,1,1,0,0,0,2,1,7.43122E+20,5.69815E+21,1.24941E+16,5.13824E+16
67129,,14,7,29,70,2017,12,16,6,3,5,2,0,1,0,1,0,2,0,7.50302E+20,5.69262E+21,1.25931E+16,5.13297E+16
67130,,14,6,27,180,2017,12,20,6,3,8,1,0,1,0,0,1,2,0,7.99981E+20,5.66771E+21,1.32835E+16,5.10823E+16
67131,,14,7,30,300,2017,12,6,6,3,2,6,0,1,0,0,0,2,0,7.41702E+20,5.69643E+21,1.24725E+16,5.13676E+16
67132,,14,7,13,0,2017,12,11,6,3,2,6,0,1,0,0,0,0,0,7.42195E+20,5.69472E+21,1.24784E+16,5.1352E+16
67133,,14,7,30,300,2017,12,9,6,2,5,2,0,1,0,0,1,0,0,7.42503E+20,5.6974E+21,1.24847E+16,5.1376E+16
67134,,14,6,28,270,2017,12,11,6,3,5,3,1,1,0,0,0,0,1,8.46507E+20,5.65644E+21,1.39346E+16,5.09552E+16
67135,,14,6,27,210,2017,12,10,6,3,5,2,0,1,0,0,0,0,0,8.25205E+20,5.67191E+21,1.36462E+16,5.11063E+16
67136,,14,6,28,410,2017,12,15,6,3,4,6,0,1,0,0,0,0,1,8.1778E+20,5.66552E+21,1.35349E+16,5.10531E+16
67137,,14,6,12,0,2017,12,18,6,3,0,4,0,0,1,0,1,2,0,8.32058E+20,5.66537E+21,1.37378E+16,5.10437E+16
67138,,14,6,12,0,2017,12,11,6,2,2,6,0,1,0,0,0,0,0,8.33501E+20,5.67696E+21,1.3769E+16,5.11467E+16
67139,,14,5,21,550,2017,12,11,6,2,6,4,0,1,1,0,0,0,1,7.67846E+20,5.60644E+21,1.27811E+16,5.05484E+16
67140,,14,5,21,420,2017,12,13,6,3,2,6,0,1,0,0,0,0,0,7.67584E+20,5.6285E+21,1.27933E+16,5.07465E+16
67141,,14,6,25,110,2017,12,18,3,2,6,4,0,1,1,0,0,2,1,8.77663E+20,5.68108E+21,1.4402E+16,5.11562E+16
67142,,14,5,22,330,2017,12,22,6,3,2,6,0,1,0,0,0,2,0,7.80518E+20,5.64764E+21,1.29908E+16,5.09121E+16
67143,,14,5,22,540,2017,12,17,6,3,2,1,0,1,0,0,1,2,1,7.92108E+20,5.65818E+21,1.31637E+16,5.10009E+16
67144,,14,6,27,170,2017,12,9,3,2,2,6,0,1,0,0,0,0,1,8.19929E+20,5.68262E+21,1.35806E+16,5.12051E+16
67145,,14,6,28,400,2017,12,14,3,2,9,7,0,1,0,0,0,0,1,8.21758E+20,5.65649E+21,1.35835E+16,5.097E+16
67146,,14,5,11,0,2017,12,8,6,3,5,2,1,0,0,0,1,0,1,7.70382E+20,5.63676E+21,1.2839E+16,5.08193E+16
67147,,14,6,12,0,2017,12,18,3,3,1,2,0,1,0,0,0,2,0,8.28512E+20,5.66901E+21,1.36907E+16,5.10783E+16
67148,,14,6,12,0,2017,12,6,3,3,2,6,0,1,0,0,0,2,1,8.35247E+20,5.67471E+21,1.37918E+16,5.11256E+16
67149,,14,5,21,710,2017,12,14,6,2,8,1,0,1,0,0,0,0,1,7.69561E+20,5.61417E+21,1.28108E+16,5.0617E+16
67150,,14,5,21,710,2017,12,17,3,2,6,4,0,1,1,0,0,2,1,7.74083E+20,5.62189E+21,1.28803E+16,5.06842E+16
67151,,14,5,22,50,2017,12,18,3,3,6,4,0,1,1,0,0,2,1,8.04004E+20,5.64333E+21,1.33204E+16,5.08616E+16
67152,,14,5,11,0,2017,12,16,3,2,2,6,0,1,0,0,0,1,1,7.71709E+20,5.63647E+21,1.28575E+16,5.08161E+16
67153,,14,5,22,60,2017,12,15,3,2,5,3,1,1,0,0,0,0,1,7.67297E+20,5.64746E+21,1.28031E+16,5.09168E+16
67154,,14,5,11,0,2017,12,12,3,3,6,7,0,1,1,0,0,0,1,7.76167E+20,5.63838E+21,1.29221E+16,5.08312E+16
67155,,14,5,21,710,2017,12,6,3,2,5,3,0,1,0,0,0,2,1,7.69622E+20,5.61808E+21,1.28145E+16,5.0652E+16
67156,,14,5,24,160,2017,12,10,2,2,5,3,1,1,0,0,0,0,1,7.55953E+20,5.62938E+21,1.26294E+16,5.07597E+16
67157,,14,5,24,190,2017,12,12,2,3,4,2,0,1,0,0,0,0,1,7.43395E+20,5.63805E+21,1.24574E+16,5.08429E+16
67158,,14,5,24,330,2017,12,21,2,2,4,1,0,1,0,0,0,2,2,7.51128E+20,5.62497E+21,1.25581E+16,5.07222E+16
67159,,14,7,30,310,2017,12,10,2,3,5,3,0,1,0,0,0,0,1,7.76736E+20,5.71952E+21,1.29927E+16,5.15588E+16
67160,,14,7,13,0,2017,12,6,2,2,6,2,0,1,1,0,0,2,1,7.36315E+20,5.69436E+21,1.23939E+16,5.13513E+16
67161,,14,7,30,270,2017,12,18,2,2,6,2,0,1,1,0,0,2,1,7.22674E+20,5.69866E+21,1.2201E+16,5.13954E+16
67162,,14,7,13,0,2017,12,5,2,3,2,6,0,1,0,0,0,1,1,7.33904E+20,5.69695E+21,1.2361E+16,5.13756E+16
67163,,14,7,13,0,2017,12,14,2,3,6,2,0,1,1,0,0,0,0,7.31966E+20,5.69243E+21,1.23303E+16,5.13357E+16
67164,,14,7,13,0,2017,12,18,2,2,6,4,0,1,1,0,0,2,1,7.27569E+20,5.69334E+21,1.22679E+16,5.13457E+16