OBJECTID,UIDENTSTLA,ULAND,UREGBEZ,UKREIS,UGEMEINDE,UJAHR,UMONAT,USTUNDE,UWOCHENTAG,UKATEGORIE,UART,UTYP1,IstRad,IstPKW,IstFuss,IstKrad,IstSonstig,LICHT,STRZUSTAND,LINREFX,LINREFY,XGCSWGS84,YGCSWGS84
67544,,15,0,86,145,2017,4,12,1,3,5,3,1,1,0,0,0,0,0,6.91618E+20,5.78949E+21,1.18054E+16,5.22225E+16
67545,,15,0,2,0,2017,2,6,7,2,5,3,1,0,0,0,1,1,0,7.05784E+20,5.71038E+21,1.19654E+16,5.1507E+16
67546,,15,0,85,55,2017,4,14,1,3,0,1,0,0,0,1,0,0,0,6.31433E+20,5.73755E+21,1.0905E+16,5.17734E+16
67547,,15,0,85,285,2017,4,19,1,3,0,1,1,0,0,0,0,0,0,6.47303E+20,5.75863E+21,1.11438E+16,5.19588E+16
67548,,15,0,84,550,2017,2,13,7,3,2,6,0,1,0,0,0,0,0,7.07331E+20,5.6755E+21,1.19673E+16,5.11933E+16
67549,,15,0,84,550,2017,2,4,7,3,8,1,0,1,0,0,0,2,0,7.01658E+20,5.67981E+21,1.18887E+16,5.1234E+16
67550,,15,0,83,298,2017,4,13,1,3,5,3,0,1,0,0,0,0,0,6.61426E+20,5.78463E+21,1.13615E+16,5.21885E+16
67551,,15,0,91,391,2017,2,6,7,3,8,7,0,1,0,0,0,1,0,7.57496E+20,5.75172E+21,1.27395E+16,5.18567E+16
67552,,15,0,82,5,2017,2,18,7,2,8,7,0,1,0,0,0,2,0,7.14913E+20,5.7488E+21,1.21204E+16,5.18486E+16
67553,,15,0,82,256,2017,2,13,7,3,5,2,0,1,0,0,0,0,0,7.0232E+20,5.73844E+21,1.19318E+16,5.17603E+16
67554,,15,0,90,535,2017,2,6,7,3,8,6,0,1,0,0,0,1,2,6.83173E+20,5.82804E+21,1.1703E+16,5.25715E+16
67555,,15,0,89,305,2017,2,6,7,3,8,1,0,1,0,0,0,2,2,6.87697E+20,5.76308E+21,1.17335E+16,5.19867E+16
67556,,15,0,89,15,2017,2,7,7,2,9,1,0,1,0,0,0,0,2,6.69082E+20,5.74659E+21,1.14546E+16,5.18444E+16
67557,,15,0,3,0,2017,2,10,7,2,5,3,1,1,0,0,0,0,0,6.83708E+20,5.77903E+21,1.16841E+16,5.21312E+16
67558,,15,0,85,370,2017,2,2,7,3,0,7,0,1,0,0,0,2,0,6.28203E+20,5.74431E+21,1.08607E+16,5.18349E+16
67559,,15,0,83,35,2017,2,5,7,3,8,1,0,1,0,0,0,2,2,6.4722E+20,5.77077E+21,1.11479E+16,5.20679E+16
67560,,15,0,83,270,2017,2,5,7,3,9,1,0,1,0,0,0,2,2,6.56907E+20,5.79544E+21,1.13005E+16,5.22869E+16
67561,,15,0,83,411,2017,2,15,7,3,3,6,1,1,0,0,0,0,0,6.40081E+20,5.79824E+21,1.10551E+16,5.23166E+16
67562,,15,0,84,315,2017,2,17,6,2,8,1,0,1,0,0,0,0,0,7.1076E+20,5.67896E+21,1.20184E+16,5.12231E+16
67563,,15,0,91,110,2017,2,9,6,3,8,1,0,1,0,0,0,0,0,7.48698E+20,5.72937E+21,1.2596E+16,5.16602E+16
67564,,15,0,82,15,2017,2,15,6,3,2,6,0,1,0,0,0,0,0,7.27125E+20,5.72086E+21,1.22792E+16,5.1593E+16
67565,,15,0,82,241,2017,2,18,6,2,6,4,0,0,1,0,1,1,1,7.35535E+20,5.72462E+21,1.24029E+16,5.16232E+16
67566,,15,0,87,370,2017,4,21,7,2,9,1,0,1,0,0,0,2,1,6.62202E+20,5.70148E+21,1.13339E+16,5.14412E+16
67567,,15,0,88,205,2017,4,14,7,2,2,7,0,1,0,0,1,0,0,7.21132E+20,5.69111E+21,1.21742E+16,5.13282E+16
67568,,15,0,88,220,2017,4,15,7,3,5,3,0,1,0,0,0,0,0,7.07568E+20,5.69387E+21,1.19814E+16,5.13582E+16
67569,,15,0,87,412,2017,4,14,7,3,5,2,0,1,0,1,0,0,0,6.47099E+20,5.70329E+21,1.11175E+16,5.14617E+16
67570,,15,0,87,220,2017,4,7,7,1,5,3,0,1,0,0,1,0,0,6.71249E+20,5.72381E+21,1.14748E+16,5.16392E+16
67571,,15,0,84,246,2017,4,17,7,3,8,1,0,1,0,0,0,0,0,6.73169E+20,5.68267E+21,1.14824E+16,5.1269E+16
67572,,15,0,91,391,2017,4,8,7,3,5,2,0,1,0,0,0,2,0,7.59974E+20,5.7581E+21,1.27802E+16,5.19128E+16
67573,,15,0,82,430,2017,4,16,7,2,8,1,0,0,0,1,0,0,0,7.10452E+20,5.75004E+21,1.20565E+16,5.18614E+16
67574,,15,0,82,241,2017,4,14,7,2,5,6,0,1,0,0,0,0,0,7.37714E+20,5.72856E+21,1.2437E+16,5.16576E+16
67575,,15,0,82,377,2017,4,17,7,3,6,7,0,1,1,0,0,0,0,7.0932E+20,5.72882E+21,1.20273E+16,5.16713E+16
67576,,15,0,3,0,2017,4,17,7,3,5,3,0,1,0,1,0,0,0,6.79215E+20,5.77315E+21,1.16154E+16,5.20799E+16
67577,,15,0,85,330,2017,4,11,7,2,8,6,0,0,0,1,0,0,0,6.43584E+20,5.74113E+21,1.10825E+16,5.18025E+16
67578,,15,0,83,275,2017,4,12,7,2,4,6,0,1,0,0,0,0,0,6.38624E+20,5.78614E+21,1.10288E+16,5.22083E+16
67579,,15,0,83,245,2017,4,19,7,3,5,2,0,1,0,0,0,0,0,6.52876E+20,5.76145E+21,1.12261E+16,5.19826E+16
67580,,15,0,81,135,2017,4,16,7,3,5,3,0,1,0,1,0,0,0,6.68988E+20,5.81363E+21,1.14866E+16,5.24467E+16
67581,,15,0,88,265,2017,3,18,6,3,4,6,0,1,0,1,0,0,0,6.84555E+20,5.69706E+21,1.16529E+16,5.13947E+16
67582,,15,0,2,0,2017,3,10,6,3,2,6,0,1,0,0,1,0,0,7.00293E+20,5.7071E+21,1.18845E+16,5.14795E+16
67583,,15,0,87,130,2017,3,13,6,3,3,6,0,1,0,1,0,0,0,6.78204E+20,5.71E+21,1.15682E+16,5.1513E+16
67584,,15,0,2,0,2017,3,7,6,3,2,6,0,1,0,0,0,0,0,7.07421E+20,5.70235E+21,1.19842E+16,5.14343E+16
67585,,15,0,84,445,2017,3,12,6,3,8,6,0,1,0,0,0,0,0,6.99581E+20,5.67079E+21,1.1854E+16,5.11537E+16
67586,,15,0,84,130,2017,3,10,6,3,2,2,0,1,0,0,1,0,0,7.22938E+20,5.66622E+21,1.21846E+16,5.11041E+16
67587,,15,0,84,550,2017,3,14,6,3,3,6,0,1,0,0,0,0,0,7.07508E+20,5.6792E+21,1.1972E+16,5.12264E+16
67588,,15,0,88,20,2017,3,16,6,2,5,2,0,1,0,0,0,0,0,7.17782E+20,5.68644E+21,1.21233E+16,5.12876E+16
67589,,15,0,89,75,2017,2,7,6,3,5,3,0,1,0,0,0,0,1,6.6804E+20,5.75889E+21,1.14455E+16,5.19552E+16
67590,,15,0,91,375,2017,3,14,6,3,0,6,1,0,0,0,0,0,0,7.49968E+20,5.75235E+21,1.26309E+16,5.18658E+16
67591,,15,0,1,0,2017,3,17,6,3,0,1,0,0,0,1,0,0,0,7.2435E+20,5.75367E+21,1.22603E+16,5.18885E+16
67592,,15,0,86,5,2017,2,6,6,3,1,6,0,1,0,0,0,2,1,6.88031E+20,5.78423E+21,1.175E+16,5.21764E+16
67593,,15,0,82,430,2017,3,16,6,3,8,1,0,1,0,0,0,0,0,7.11474E+20,5.76394E+21,1.20798E+16,5.19858E+16
67594,,15,0,85,370,2017,2,17,6,3,5,3,1,1,0,0,0,0,0,6.22209E+20,5.74353E+21,1.07735E+16,5.18292E+16
67595,,15,0,82,15,2017,3,16,6,3,2,6,0,1,0,0,1,0,0,7.28899E+20,5.72306E+21,1.23062E+16,5.1612E+16
67596,,15,0,84,490,2017,2,9,5,3,0,7,0,0,0,0,1,0,0,7.07313E+20,5.66845E+21,1.1963E+16,5.11299E+16
67597,,15,0,84,13,2017,2,15,5,2,2,6,0,0,0,0,1,0,0,7.07041E+20,5.6622E+21,1.19556E+16,5.10739E+16
67598,,15,0,90,520,2017,3,16,6,3,5,3,1,1,0,0,0,0,0,6.85229E+20,5.86405E+21,1.17536E+16,5.28942E+16
67599,,15,0,88,365,2017,2,23,5,2,9,1,0,1,0,0,0,2,1,7.01538E+20,5.70384E+21,1.19006E+16,5.14499E+16
67600,,15,0,87,470,2017,2,8,5,3,5,3,0,1,0,0,0,0,1,6.7383E+20,5.71034E+21,1.15054E+16,5.15174E+16
67601,,15,0,87,31,2017,2,9,5,2,8,1,0,1,0,0,0,0,0,6.69644E+20,5.73182E+21,1.14556E+16,5.17116E+16
67602,,15,0,2,0,2017,2,14,5,3,2,6,0,1,0,0,0,0,0,7.06733E+20,5.70717E+21,1.19772E+16,5.14778E+16
67603,,15,0,84,375,2017,2,18,5,3,0,7,0,1,0,0,0,2,0,7.06457E+20,5.65864E+21,1.19452E+16,5.10421E+16
67604,,15,0,84,207,2017,2,11,5,1,5,3,0,1,0,1,0,0,0,7.19065E+20,5.65649E+21,1.21235E+16,5.10182E+16
67605,,15,0,82,180,2017,2,6,5,2,9,1,0,1,0,0,0,1,1,7.07893E+20,5.73988E+21,1.20133E+16,5.17711E+16
67606,,15,0,89,15,2017,2,20,5,3,8,7,0,1,0,0,0,2,1,6.69316E+20,5.744E+21,1.14567E+16,5.18211E+16
67607,,15,0,3,0,2017,2,17,5,3,5,3,0,1,0,0,0,2,1,6.82693E+20,5.77905E+21,1.16693E+16,5.21317E+16
67608,,15,0,85,55,2017,2,13,5,2,8,1,0,0,0,1,0,0,0,6.28807E+20,5.74745E+21,1.08706E+16,5.18629E+16
67609,,15,0,85,135,2017,2,8,5,2,6,4,0,0,1,0,1,0,1,6.39439E+20,5.75278E+21,1.10271E+16,5.19083E+16
67610,,15,0,88,150,2017,2,6,4,2,2,6,0,1,0,0,0,2,0,7.1782E+20,5.70392E+21,1.21346E+16,5.14445E+16
67611,,15,0,88,220,2017,2,6,4,2,5,2,0,1,0,0,0,1,0,7.05685E+20,5.68855E+21,1.19513E+16,5.1311E+16
67612,,15,0,87,130,2017,2,6,4,3,5,2,0,1,0,0,0,2,1,6.76801E+20,5.71079E+21,1.15484E+16,5.15206E+16
67613,,15,0,2,0,2017,2,21,4,3,5,2,1,1,0,0,0,2,1,7.07399E+20,5.70283E+21,1.19842E+16,5.14387E+16
67614,,15,0,83,120,2017,3,7,6,3,5,3,0,1,0,0,0,0,0,6.78503E+20,5.80995E+21,1.16245E+16,5.24106E+16
67615,,15,0,81,455,2017,3,6,6,3,1,6,0,1,0,0,1,1,0,6.45741E+20,5.8579E+21,1.11644E+16,5.28511E+16
67616,,15,0,2,0,2017,3,15,5,2,2,6,0,1,0,0,1,0,0,7.12697E+20,5.70875E+21,1.20639E+16,5.14898E+16
67617,,15,0,88,205,2017,3,13,5,3,1,6,0,1,0,0,0,0,0,7.131E+20,5.69425E+21,1.2061E+16,5.13595E+16
67618,,15,0,2,0,2017,2,7,4,3,6,4,0,1,1,0,0,1,0,7.0738E+20,5.7073E+21,1.19866E+16,5.14788E+16
67619,,15,0,82,15,2017,2,17,4,3,5,2,0,1,0,0,0,1,1,7.30312E+20,5.72472E+21,1.23276E+16,5.16263E+16
67620,,15,0,82,340,2017,2,15,4,1,5,3,1,1,0,0,0,0,1,7.27646E+20,5.71824E+21,1.2285E+16,5.15692E+16
67621,,15,0,3,0,2017,2,7,4,3,6,4,0,1,1,0,0,1,1,6.77541E+20,5.77989E+21,1.15945E+16,5.2141E+16
67622,,15,0,86,15,2017,2,12,4,3,9,1,0,1,0,0,0,0,0,6.95992E+20,5.79821E+21,1.18744E+16,5.22992E+16
67623,,15,0,88,195,2017,3,21,5,2,5,3,0,1,0,0,0,2,0,7.17555E+20,5.71397E+21,1.2137E+16,5.15348E+16
67624,,15,0,88,195,2017,3,13,5,1,8,1,0,1,0,0,0,0,0,7.13359E+20,5.71168E+21,1.20752E+16,5.15159E+16
67625,,15,0,87,440,2017,3,7,5,3,1,3,0,1,0,0,0,0,0,6.53068E+20,5.70334E+21,1.12034E+16,5.14605E+16
67626,,15,0,84,355,2017,3,17,5,2,5,3,0,1,0,0,0,0,0,6.98978E+20,5.66952E+21,1.18446E+16,5.11425E+16
67627,,15,0,84,550,2017,3,10,5,3,5,3,0,1,0,0,0,0,0,7.08447E+20,5.67515E+21,1.19831E+16,5.11897E+16
67628,,15,0,90,415,2017,3,12,5,3,2,6,0,1,0,0,1,0,0,6.84685E+20,5.852E+21,1.17387E+16,5.27861E+16
67629,,15,0,90,70,2017,3,15,5,2,3,6,1,1,0,0,0,0,0,6.73017E+20,5.83765E+21,1.15583E+16,5.26612E+16
67630,,15,0,89,365,2017,3,11,5,3,3,6,0,1,0,0,1,0,0,6.68729E+20,5.75866E+21,1.14554E+16,5.1953E+16
67631,,15,0,89,45,2017,3,22,5,2,8,1,0,1,0,0,0,2,0,6.77836E+20,5.75889E+21,1.15879E+16,5.19523E+16
67632,,15,0,3,0,2017,3,13,5,3,0,5,0,1,0,0,1,0,0,6.82361E+20,5.77747E+21,1.16636E+16,5.21176E+16
67633,,15,0,84,250,2017,3,11,4,2,5,2,1,1,0,0,0,0,0,6.84483E+20,5.684E+21,1.16451E+16,5.12774E+16
67634,,15,0,91,60,2017,3,13,4,3,8,1,0,0,0,0,1,0,0,7.38185E+20,5.76255E+21,1.24671E+16,5.19625E+16
67635,,15,0,1,0,2017,3,6,4,3,5,3,1,1,0,0,0,0,0,7.21438E+20,5.74729E+21,1.2214E+16,5.18325E+16
67636,,15,0,83,298,2017,3,1,4,3,9,1,0,0,0,0,1,2,0,6.73461E+20,5.78263E+21,1.15364E+16,5.21669E+16
67637,,15,0,90,135,2017,3,20,4,2,9,1,0,1,0,0,0,2,1,6.97323E+20,5.84024E+21,1.19188E+16,5.26761E+16
67638,,15,0,85,235,2017,2,7,4,3,6,4,0,1,1,0,0,1,0,6.4744E+20,5.73302E+21,1.11349E+16,5.17287E+16
67639,,15,0,86,15,2017,3,10,4,2,4,2,0,1,0,0,0,0,0,6.96473E+20,5.79459E+21,1.18794E+16,5.22665E+16
67640,,15,0,85,135,2017,3,9,4,3,9,7,0,0,0,0,1,0,0,6.38962E+20,5.74974E+21,1.10189E+16,5.18811E+16
67641,,15,0,83,298,2017,2,11,4,3,9,7,0,1,0,0,0,0,1,6.60974E+20,5.78337E+21,1.13543E+16,5.21772E+16
67642,,15,0,81,240,2017,3,16,4,3,1,6,0,1,0,0,1,0,1,6.5605E+20,5.83416E+21,1.1306E+16,5.2635E+16
67643,,15,0,83,270,2017,2,17,4,3,8,1,0,1,0,0,0,1,1,6.68271E+20,5.79466E+21,1.14665E+16,5.22765E+16
67644,,15,0,91,145,2017,3,15,3,3,5,3,1,1,0,0,0,0,0,7.73333E+20,5.74548E+21,1.2964E+16,5.17933E+16
67645,,15,0,88,220,2017,2,10,3,3,8,1,0,1,0,0,1,0,0,7.04714E+20,5.69035E+21,1.19384E+16,5.13276E+16
67646,,15,0,88,365,2017,2,5,3,2,2,6,0,1,0,0,0,2,0,6.88586E+20,5.69803E+21,1.17113E+16,5.14021E+16
67647,,15,0,91,391,2017,3,8,3,3,5,3,1,1,0,0,0,0,0,7.56719E+20,5.75463E+21,1.27304E+16,5.18833E+16
67648,,15,0,88,220,2017,2,6,3,3,1,6,0,1,0,0,0,2,1,7.0625E+20,5.68956E+21,1.196E+16,5.13199E+16
67649,,15,0,87,31,2017,2,6,3,2,4,6,0,1,0,0,0,1,1,6.80605E+20,5.7294E+21,1.16128E+16,5.16864E+16
67650,,15,0,82,377,2017,3,16,3,2,4,6,0,1,0,0,1,0,0,7.11763E+20,5.73126E+21,1.2064E+16,5.16923E+16
67651,,15,0,91,241,2017,2,16,3,3,5,3,0,1,0,0,0,0,1,7.3554E+20,5.74375E+21,1.24159E+16,5.17949E+16
67652,,15,0,1,0,2017,2,18,3,3,2,6,0,1,0,0,0,2,1,7.21576E+20,5.74666E+21,1.22156E+16,5.18267E+16
67653,,15,0,82,430,2017,2,19,3,2,8,1,0,1,0,0,0,2,0,7.11678E+20,5.75399E+21,1.20767E+16,5.18964E+16
67654,,15,0,82,15,2017,2,13,3,2,4,2,1,1,0,0,0,0,1,7.25617E+20,5.73177E+21,1.22645E+16,5.16915E+16
67655,,15,0,3,0,2017,2,7,3,3,2,6,0,1,0,0,0,0,0,6.78399E+20,5.7749E+21,1.16044E+16,5.20959E+16
67656,,15,0,89,185,2017,2,7,3,2,3,6,0,1,0,0,0,1,1,6.8483E+20,5.74426E+21,1.16817E+16,5.18185E+16
67657,,15,0,89,310,2017,2,13,3,3,5,3,0,1,0,0,0,0,0,6.81049E+20,5.75237E+21,1.16312E+16,5.18927E+16
67658,,15,0,3,0,2017,2,15,3,3,2,6,0,1,0,0,0,0,1,6.79548E+20,5.779E+21,1.16234E+16,5.21323E+16
67659,,15,0,3,0,2017,2,9,3,3,5,3,1,1,0,0,0,0,0,6.7822E+20,5.77865E+21,1.16038E+16,5.21296E+16
67660,,15,0,3,0,2017,2,6,3,3,2,6,0,1,0,0,1,1,0,6.82434E+20,5.77912E+21,1.16655E+16,5.21324E+16
67661,,15,0,83,298,2017,3,8,3,3,2,6,0,0,0,0,1,0,0,6.74261E+20,5.78289E+21,1.15482E+16,5.21689E+16
67662,,15,0,81,135,2017,2,15,3,2,8,1,0,0,0,0,1,0,0,6.50711E+20,5.81763E+21,1.12197E+16,5.24879E+16
67663,,15,0,86,140,2017,3,15,3,3,2,6,0,1,0,0,0,0,0,7.15682E+20,5.79308E+21,1.21595E+16,5.22458E+16
67664,,15,0,3,0,2017,3,10,3,2,5,2,1,1,0,0,0,0,0,6.79898E+20,5.77306E+21,1.16253E+16,5.20789E+16
67665,,15,0,88,195,2017,2,8,2,3,3,6,0,1,0,0,1,0,0,7.18012E+20,5.71422E+21,1.21437E+16,5.15369E+16
67666,,15,0,3,0,2017,3,9,3,3,5,3,1,1,0,0,0,0,0,6.78602E+20,5.77977E+21,1.161E+16,5.21395E+16
67667,,15,0,83,323,2017,3,14,3,3,5,2,0,1,0,0,0,0,0,6.5032E+20,5.78804E+21,1.12007E+16,5.22223E+16
67668,,15,0,88,295,2017,2,13,2,3,5,3,0,1,0,0,0,0,1,7.03703E+20,5.71997E+21,1.1941E+16,5.15939E+16
67669,,15,0,87,275,2017,2,12,2,1,9,1,0,1,0,0,0,0,1,6.65097E+20,5.7109E+21,1.13799E+16,5.1525E+16
67670,,15,0,83,270,2017,3,9,3,2,4,6,0,1,0,0,1,0,0,6.68933E+20,5.79355E+21,1.14757E+16,5.22663E+16
67671,,15,0,2,0,2017,2,11,2,3,5,3,1,1,0,0,0,0,0,7.07247E+20,5.70989E+21,1.19862E+16,5.15021E+16
67672,,15,0,82,440,2017,2,17,2,2,5,3,1,1,0,0,0,2,1,7.14856E+20,5.72569E+21,1.21053E+16,5.16411E+16
67673,,15,0,86,140,2017,2,10,2,1,8,6,0,0,0,0,1,0,0,7.00567E+20,5.79122E+21,1.19373E+16,5.22348E+16
67674,,15,0,90,546,2017,2,13,2,3,9,1,0,1,0,0,0,0,1,6.96219E+20,5.80828E+21,1.18836E+16,5.23896E+16
67675,,15,0,85,55,2017,2,14,2,3,6,4,0,1,1,0,0,0,1,6.34084E+20,5.74022E+21,1.09444E+16,5.17967E+16
67676,,15,0,85,190,2017,2,7,2,3,2,6,0,1,0,0,1,1,0,6.17017E+20,5.74892E+21,1.07E+16,5.18788E+16
67677,,15,0,88,195,2017,2,8,1,2,8,1,0,1,0,0,0,0,1,7.08348E+20,5.71591E+21,1.20056E+16,5.15558E+16
67678,,15,0,86,140,2017,2,11,1,3,8,1,0,1,0,0,0,0,0,7.03562E+20,5.79147E+21,1.19812E+16,5.22359E+16
67679,,15,0,89,185,2017,2,17,1,3,2,6,0,1,0,0,0,1,1,6.84219E+20,5.74618E+21,1.16739E+16,5.1836E+16
67680,,15,0,89,185,2017,2,17,1,2,8,1,0,1,0,0,0,2,1,6.84234E+20,5.74636E+21,1.16742E+16,5.18376E+16
67681,,15,0,90,3,2017,2,22,1,3,6,6,0,1,1,0,0,2,0,6.78814E+20,5.86967E+21,1.16615E+16,5.29469E+16
67682,,15,0,86,80,2017,2,11,1,3,9,7,0,1,0,0,0,0,0,7.18066E+20,5.81329E+21,1.22074E+16,5.24262E+16
67683,,15,0,85,55,2017,2,15,1,3,4,6,0,1,0,0,0,0,1,6.32367E+20,5.74199E+21,1.09202E+16,5.1813E+16
67684,,15,0,88,365,2017,2,17,7,3,2,6,0,1,0,0,0,0,0,7.01567E+20,5.70322E+21,1.19006E+16,5.14442E+16
67685,,15,0,81,455,2017,3,7,3,3,2,6,0,1,0,0,0,0,0,6.42952E+20,5.85435E+21,1.11214E+16,5.28199E+16
67686,,15,0,88,295,2017,3,18,2,3,2,6,0,1,0,0,1,0,0,7.02661E+20,5.71497E+21,1.19231E+16,5.15494E+16
67687,,15,0,88,220,2017,3,14,2,3,3,2,0,1,0,0,0,0,0,7.08528E+20,5.69314E+21,1.19947E+16,5.13512E+16
67688,,15,0,87,370,2017,3,6,2,3,4,2,0,1,0,1,0,1,0,6.57586E+20,5.70438E+21,1.12689E+16,5.14686E+16
67689,,15,0,2,0,2017,3,14,2,3,2,6,0,1,0,0,0,0,0,7.0494E+20,5.7074E+21,1.19515E+16,5.14806E+16
67690,,15,0,2,0,2017,3,16,2,3,2,6,0,1,0,0,0,0,0,7.10166E+20,5.70394E+21,1.20246E+16,5.14476E+16
67691,,15,0,2,0,2017,3,17,2,3,0,3,1,1,0,0,0,0,0,7.07923E+20,5.70627E+21,1.19938E+16,5.14694E+16
67692,,15,0,82,301,2017,3,6,2,3,9,1,0,0,0,0,1,2,0,7.23338E+20,5.73965E+21,1.22366E+16,5.17631E+16
67693,,15,0,82,340,2017,3,6,2,2,9,1,0,1,0,0,0,1,0,7.27106E+20,5.7206E+21,1.22787E+16,5.15906E+16
67694,,15,0,82,15,2017,3,16,2,3,1,6,0,1,0,0,0,0,0,7.27784E+20,5.72201E+21,1.22894E+16,5.1603E+16
67695,,15,0,89,307,2017,3,13,2,3,5,3,0,1,0,0,1,0,0,6.60957E+20,5.74154E+21,1.13344E+16,5.18015E+16
67696,,15,0,85,235,2017,3,13,2,3,9,1,0,1,0,0,0,0,0,6.50564E+20,5.74E+21,1.11831E+16,5.17905E+16
67697,,15,0,88,365,2017,3,20,1,2,2,6,0,1,0,0,1,2,0,6.88772E+20,5.69799E+21,1.17139E+16,5.14016E+16
67698,,15,0,88,205,2017,3,13,1,3,9,1,0,0,0,1,0,0,0,7.16528E+20,5.69405E+21,1.211E+16,5.13564E+16
67699,,15,0,84,355,2017,2,1,7,2,8,1,0,1,0,0,0,2,1,6.96784E+20,5.67024E+21,1.18137E+16,5.11497E+16
67700,,15,0,87,275,2017,3,11,1,3,3,6,1,1,0,0,0,0,0,6.68067E+20,5.71514E+21,1.14247E+16,5.15622E+16
67701,,15,0,84,282,2017,3,13,1,2,9,1,0,1,0,0,0,0,0,6.86497E+20,5.66876E+21,1.1666E+16,5.11399E+16
67702,,15,0,84,130,2017,2,8,7,3,9,1,0,1,0,0,0,0,1,7.24538E+20,5.66832E+21,1.22087E+16,5.11223E+16
67703,,15,0,82,180,2017,2,11,7,2,5,3,0,1,0,0,0,0,0,7.08712E+20,5.7399E+21,1.20251E+16,5.17711E+16
67704,,15,0,82,15,2017,3,18,1,3,2,6,0,1,0,0,0,0,0,7.27174E+20,5.72143E+21,1.22803E+16,5.1598E+16
67705,,15,0,90,285,2017,2,11,7,3,8,1,0,1,0,0,0,0,0,7.15208E+20,5.84461E+21,1.21858E+16,5.27086E+16
67706,,15,0,88,205,2017,2,13,6,2,8,7,0,1,0,0,0,0,0,7.16545E+20,5.68902E+21,1.21072E+16,5.13112E+16
67707,,15,0,82,377,2017,3,17,1,2,8,1,0,1,0,0,0,0,0,7.03057E+20,5.72602E+21,1.19352E+16,5.16485E+16
67708,,15,0,82,15,2017,2,16,6,3,3,6,0,1,0,0,0,0,1,7.21687E+20,5.73023E+21,1.22067E+16,5.16792E+16
67709,,15,0,91,375,2017,2,18,6,3,6,2,0,1,1,0,0,2,1,7.50173E+20,5.75248E+21,1.2634E+16,5.18669E+16
67710,,15,0,90,220,2017,2,14,6,3,2,6,0,1,0,0,1,0,0,6.95282E+20,5.83542E+21,1.18858E+16,5.26336E+16
67711,,15,0,89,310,2017,2,15,6,3,6,4,0,1,1,0,0,0,1,6.77498E+20,5.74765E+21,1.15772E+16,5.18514E+16
67712,,15,0,90,520,2017,3,22,1,3,9,1,0,1,0,0,0,2,0,6.85959E+20,5.86386E+21,1.17643E+16,5.28922E+16
67713,,15,0,86,55,2017,3,17,1,3,9,1,0,1,0,0,0,0,0,6.89968E+20,5.7773E+21,1.17745E+16,5.21135E+16
67714,,15,0,83,531,2017,3,13,1,2,5,3,0,1,0,0,0,0,0,6.70931E+20,5.77225E+21,1.14942E+16,5.20744E+16
67715,,15,0,81,135,2017,3,18,1,2,4,6,0,1,0,1,0,0,0,6.6206E+20,5.81901E+21,1.13874E+16,5.24971E+16
67716,,15,0,85,110,2017,2,8,6,3,8,1,0,0,0,0,1,0,1,6.63923E+20,5.73309E+21,1.13734E+16,5.17247E+16
67717,,15,0,88,205,2017,3,9,7,3,2,6,0,1,0,0,0,0,0,7.21802E+20,5.69282E+21,1.21849E+16,5.13433E+16
67718,,15,0,87,370,2017,3,16,7,2,5,3,0,1,0,0,0,0,0,6.60041E+20,5.70244E+21,1.13033E+16,5.14505E+16
67719,,15,0,81,30,2017,2,6,6,3,8,1,0,1,0,0,1,1,1,6.6269E+20,5.85993E+21,1.14169E+16,5.28645E+16
67720,,15,0,91,241,2017,3,16,7,2,2,6,0,1,0,0,1,0,0,7.28322E+20,5.74694E+21,1.23135E+16,5.18265E+16
67721,,15,0,91,375,2017,3,14,7,3,2,6,0,1,0,0,0,0,0,7.49872E+20,5.75234E+21,1.26295E+16,5.18658E+16
67722,,15,0,84,13,2017,2,11,5,2,8,6,0,1,0,0,1,0,0,7.0702E+20,5.6621E+21,1.19552E+16,5.10731E+16
67723,,15,0,88,220,2017,2,9,5,3,2,6,0,1,0,0,0,0,0,7.07939E+20,5.69255E+21,1.19859E+16,5.13461E+16
67724,,15,0,91,241,2017,3,12,7,3,2,2,0,1,0,0,0,0,0,7.30975E+20,5.74909E+21,1.23534E+16,5.18448E+16
67725,,15,0,2,0,2017,2,8,5,3,2,6,0,1,0,0,1,0,0,7.05787E+20,5.71038E+21,1.19654E+16,5.1507E+16
67726,,15,0,89,26,2017,2,17,5,2,2,2,1,0,0,0,1,2,0,6.9656E+20,5.76287E+21,1.18623E+16,5.19817E+16
67727,,15,0,86,145,2017,3,8,7,3,5,2,0,1,0,0,1,0,0,6.85679E+20,5.78913E+21,1.17184E+16,5.22212E+16
67728,,15,0,89,310,2017,2,16,5,2,5,2,0,1,0,0,0,0,0,6.78854E+20,5.76439E+21,1.16056E+16,5.20013E+16
67729,,15,0,3,0,2017,2,16,5,2,2,6,0,1,0,0,0,0,0,6.81195E+20,5.77974E+21,1.16478E+16,5.21384E+16
67730,,15,0,3,0,2017,2,16,5,3,5,2,1,1,0,0,0,0,0,6.80291E+20,5.77983E+21,1.16346E+16,5.21395E+16
67731,,15,0,85,370,2017,2,10,5,3,2,2,0,1,0,0,0,0,0,6.22677E+20,5.74389E+21,1.07804E+16,5.18324E+16
67732,,15,0,85,330,2017,2,13,5,2,4,6,0,1,0,0,1,0,0,6.41537E+20,5.73868E+21,1.10518E+16,5.17811E+16
67733,,15,0,88,220,2017,2,5,4,3,1,6,0,1,0,0,0,2,0,7.07567E+20,5.69387E+21,1.19814E+16,5.13581E+16
67734,,15,0,2,0,2017,2,16,4,3,0,1,1,0,0,0,0,0,0,7.05253E+20,5.71112E+21,1.19582E+16,5.15139E+16