OBJECTID,UIDENTSTLA,ULAND,UREGBEZ,UKREIS,UGEMEINDE,UJAHR,UMONAT,USTUNDE,UWOCHENTAG,UKATEGORIE,UART,UTYP1,IstRad,IstPKW,IstFuss,IstKrad,IstSonstig,LICHT,STRZUSTAND,LINREFX,LINREFY,XGCSWGS84,YGCSWGS84
67735,,15,0,2,0,2017,2,11,4,3,5,3,0,1,0,0,0,0,0,7.00004E+20,5.71028E+21,1.18822E+16,5.15082E+16
67736,,15,0,2,0,2017,2,11,4,3,5,3,1,1,0,0,0,0,0,7.07032E+20,5.70957E+21,1.19829E+16,5.14993E+16
67737,,15,0,2,0,2017,2,6,4,3,2,7,0,1,0,0,0,2,0,7.08083E+20,5.70972E+21,1.19981E+16,5.15003E+16
67738,,15,0,2,0,2017,2,7,4,3,3,7,0,0,0,0,1,0,0,7.09191E+20,5.70733E+21,1.20126E+16,5.14784E+16
67739,,15,0,84,135,2017,2,13,4,3,5,3,0,1,0,0,0,0,0,6.9508E+20,5.67607E+21,1.17925E+16,5.12027E+16
67740,,15,0,84,550,2017,2,21,4,2,9,6,0,1,0,0,0,2,0,7.07025E+20,5.67608E+21,1.19633E+16,5.11985E+16
67741,,15,0,82,15,2017,2,10,4,2,9,1,0,0,0,0,1,0,0,7.27931E+20,5.72215E+21,1.22916E+16,5.16042E+16
67742,,15,0,3,0,2017,3,16,7,3,8,1,0,0,0,0,1,0,0,6.80729E+20,5.78652E+21,1.16446E+16,5.21995E+16
67743,,15,0,85,370,2017,3,16,7,2,5,3,0,1,0,1,0,0,0,6.2328E+20,5.74669E+21,1.07902E+16,5.18574E+16
67744,,15,0,83,411,2017,3,2,7,3,9,7,0,1,0,0,0,2,0,6.43824E+20,5.79528E+21,1.11087E+16,5.2289E+16
67745,,15,0,83,270,2017,3,11,7,3,5,3,0,1,0,0,0,0,0,6.65685E+20,5.79907E+21,1.14308E+16,5.2317E+16
67746,,15,0,84,13,2017,3,14,6,3,1,6,0,1,0,0,1,0,0,7.07041E+20,5.6623E+21,1.19556E+16,5.10748E+16
67747,,15,0,88,20,2017,3,6,6,3,3,6,0,1,0,0,1,0,0,7.17337E+20,5.6852E+21,1.21162E+16,5.12766E+16
67748,,15,0,2,0,2017,3,11,6,3,6,4,0,1,1,0,0,0,0,7.07306E+20,5.7047E+21,1.1984E+16,5.14555E+16
67749,,15,0,91,375,2017,3,13,6,3,2,6,1,1,0,0,0,0,0,7.50734E+20,5.76409E+21,1.26506E+16,5.19709E+16
67750,,15,0,82,256,2017,3,12,6,2,8,1,0,1,0,0,0,0,0,7.13556E+20,5.74201E+21,1.20965E+16,5.17882E+16
67751,,15,0,82,241,2017,3,17,6,2,8,1,0,0,0,1,0,0,0,7.3973E+20,5.72455E+21,1.24633E+16,5.16209E+16
67752,,15,0,90,415,2017,3,8,6,2,1,6,0,1,0,0,1,0,0,6.84683E+20,5.852E+21,1.17387E+16,5.27862E+16
67753,,15,0,83,190,2017,3,17,6,3,5,3,1,1,0,0,0,0,0,6.49701E+20,5.77875E+21,1.11875E+16,5.2139E+16
67754,,15,0,88,330,2017,3,14,5,3,8,7,0,1,0,0,0,0,0,7.11252E+20,5.69755E+21,1.20364E+16,5.13898E+16
67755,,15,0,88,295,2017,3,21,5,2,9,1,0,0,0,0,1,2,0,7.03275E+20,5.71421E+21,1.19315E+16,5.15423E+16
67756,,15,0,84,590,2017,3,20,5,3,2,6,0,1,0,0,0,2,0,7.20886E+20,5.65914E+21,1.2151E+16,5.10412E+16
67757,,15,0,82,15,2017,3,11,5,3,5,3,0,1,0,0,0,0,0,7.31941E+20,5.72543E+21,1.23516E+16,5.1632E+16
67758,,15,0,89,235,2017,3,18,5,3,2,6,0,1,0,0,0,2,0,6.86443E+20,5.74762E+21,1.17069E+16,5.18482E+16
67759,,15,0,3,0,2017,3,9,5,3,9,1,0,1,0,0,0,0,1,6.77619E+20,5.77362E+21,1.15924E+16,5.20846E+16
67760,,15,0,86,140,2017,3,9,5,3,5,3,0,1,0,0,0,0,1,7.0227E+20,5.78156E+21,1.19564E+16,5.21474E+16
67761,,15,0,86,15,2017,3,7,5,3,0,7,0,1,0,0,1,0,1,6.93145E+20,5.79532E+21,1.18311E+16,5.22742E+16
67762,,15,0,2,0,2017,3,20,4,3,5,3,0,1,0,0,0,2,0,7.11971E+20,5.70746E+21,1.20527E+16,5.14785E+16
67763,,15,0,84,12,2017,3,13,4,3,5,3,0,1,0,1,0,0,0,6.82639E+20,5.67126E+21,1.16122E+16,5.11636E+16
67764,,15,0,82,430,2017,3,10,4,3,5,3,1,1,0,0,0,0,0,7.12287E+20,5.76242E+21,1.20907E+16,5.19718E+16
67765,,15,0,82,377,2017,2,8,4,2,9,1,0,1,0,0,0,0,0,7.00885E+20,5.72682E+21,1.19043E+16,5.16564E+16
67766,,15,0,89,42,2017,3,10,4,1,2,6,0,0,0,0,1,0,0,6.85632E+20,5.75588E+21,1.16996E+16,5.19226E+16
67767,,15,0,3,0,2017,3,16,4,3,2,6,0,1,0,0,1,0,0,6.82159E+20,5.78796E+21,1.16663E+16,5.22119E+16
67768,,15,0,83,130,2017,2,20,4,3,9,1,0,1,0,0,0,2,0,6.78227E+20,5.80126E+21,1.16158E+16,5.23327E+16
67769,,15,0,89,195,2017,3,6,4,2,4,6,0,1,0,0,0,0,0,6.95879E+20,5.73492E+21,1.18366E+16,5.1731E+16
67770,,15,0,89,365,2017,3,6,4,3,2,2,0,1,0,0,0,0,0,6.69442E+20,5.75844E+21,1.14657E+16,5.19509E+16
67771,,15,0,83,298,2017,2,8,4,3,2,6,0,1,0,0,0,0,0,6.68254E+20,5.78522E+21,1.14616E+16,5.21917E+16
67772,,15,0,3,0,2017,2,10,4,3,1,2,0,1,0,0,0,0,0,6.77635E+20,5.77331E+21,1.15925E+16,5.20818E+16
67773,,15,0,3,0,2017,3,19,4,2,0,1,0,1,0,0,0,0,1,6.78311E+20,5.77333E+21,1.16023E+16,5.20818E+16
67774,,15,0,3,0,2017,2,16,4,3,5,3,1,1,0,0,0,0,0,6.78276E+20,5.7749E+21,1.16026E+16,5.20959E+16
67775,,15,0,85,190,2017,2,11,4,3,1,2,0,1,0,0,0,0,0,6.1617E+20,5.74757E+21,1.06873E+16,5.18668E+16
67776,,15,0,3,0,2017,3,11,4,3,1,6,0,1,0,0,0,0,0,6.81261E+20,5.78271E+21,1.16503E+16,5.21651E+16
67777,,15,0,83,531,2017,2,18,4,3,7,7,0,1,0,0,0,1,0,6.68537E+20,5.77158E+21,1.1459E+16,5.20691E+16
67778,,15,0,81,135,2017,2,10,4,3,8,6,0,1,0,0,1,0,0,6.50912E+20,5.81768E+21,1.12227E+16,5.24884E+16
67779,,15,0,2,0,2017,2,10,3,3,5,3,0,1,0,0,0,0,0,7.04935E+20,5.71187E+21,1.19541E+16,5.15207E+16
67780,,15,0,84,135,2017,2,11,3,3,8,1,0,1,0,0,0,0,1,6.9528E+20,5.6791E+21,1.1797E+16,5.12298E+16
67781,,15,0,91,110,2017,2,15,3,2,3,6,1,1,0,0,0,0,0,7.44976E+20,5.73084E+21,1.25434E+16,5.16751E+16
67782,,15,0,91,375,2017,2,14,3,3,0,6,1,0,1,0,0,0,0,7.49553E+20,5.7546E+21,1.26265E+16,5.18863E+16
67783,,15,0,91,60,2017,2,7,3,3,5,3,0,1,0,0,0,0,0,7.38015E+20,5.76229E+21,1.24645E+16,5.19602E+16
67784,,15,0,86,40,2017,2,23,3,3,0,7,0,0,0,0,1,2,0,7.18432E+20,5.79378E+21,1.22001E+16,5.2251E+16
67785,,15,0,90,435,2017,2,20,3,3,1,6,0,1,0,0,0,2,0,6.9166E+20,5.84364E+21,1.18371E+16,5.27087E+16
67786,,15,0,85,235,2017,2,11,3,2,7,1,0,1,0,0,0,0,0,6.48577E+20,5.73641E+21,1.11528E+16,5.17588E+16
67787,,15,0,85,125,2017,2,17,3,2,9,1,0,1,0,0,0,1,0,6.44547E+20,5.75404E+21,1.11018E+16,5.19183E+16
67788,,15,0,83,125,2017,2,16,3,2,5,2,0,1,0,0,0,0,0,6.56537E+20,5.80714E+21,1.13005E+16,5.23921E+16
67789,,15,0,83,120,2017,2,8,3,2,2,6,0,1,0,0,0,0,1,6.78261E+20,5.80627E+21,1.1619E+16,5.23777E+16
67790,,15,0,81,280,2017,2,17,3,3,9,1,0,1,0,0,0,0,0,6.51725E+20,5.83021E+21,1.12404E+16,5.26007E+16
67791,,15,0,3,0,2017,3,19,4,3,5,3,1,1,0,0,0,2,0,6.81864E+20,5.77943E+21,1.16574E+16,5.21354E+16
67792,,15,0,88,195,2017,2,6,2,3,9,1,0,1,0,0,0,1,1,7.12181E+20,5.70934E+21,1.20568E+16,5.14953E+16
67793,,15,0,88,330,2017,2,4,2,2,2,6,0,1,0,0,0,2,1,7.02641E+20,5.69603E+21,1.1912E+16,5.13793E+16
67794,,15,0,87,31,2017,2,17,2,3,8,1,0,1,0,0,0,1,0,6.69555E+20,5.7324E+21,1.14546E+16,5.17168E+16
67795,,15,0,2,0,2017,2,21,2,2,9,1,0,1,0,0,0,2,0,7.06514E+20,5.70726E+21,1.19741E+16,5.14788E+16
67796,,15,0,2,0,2017,2,15,2,3,5,3,1,1,0,0,0,0,0,7.06827E+20,5.70717E+21,1.19785E+16,5.14778E+16
67797,,15,0,84,13,2017,2,11,2,3,5,2,0,1,0,0,0,0,0,7.07314E+20,5.66387E+21,1.19604E+16,5.10888E+16
67798,,15,0,91,20,2017,2,12,2,2,8,1,0,1,0,0,0,0,0,7.57675E+20,5.73508E+21,1.27298E+16,5.17074E+16
67799,,15,0,91,375,2017,2,12,2,2,5,3,1,1,0,0,0,0,0,7.51399E+20,5.75394E+21,1.26528E+16,5.18795E+16
67800,,15,0,85,228,2017,3,19,4,2,4,6,0,1,0,0,1,1,0,6.30504E+20,5.72603E+21,1.08872E+16,5.167E+16
67801,,15,0,85,285,2017,3,14,4,2,8,1,0,1,0,0,0,0,0,6.48092E+20,5.75801E+21,1.11551E+16,5.1953E+16
67802,,15,0,85,135,2017,3,9,4,3,5,2,1,1,0,0,0,0,0,6.41006E+20,5.75068E+21,1.1049E+16,5.18891E+16
67803,,15,0,88,65,2017,3,14,3,3,1,6,0,1,0,0,0,0,0,7.03263E+20,5.68656E+21,1.19155E+16,5.1294E+16
67804,,15,0,84,125,2017,3,9,3,3,8,1,0,1,0,0,0,0,1,6.79383E+20,5.66748E+21,1.15638E+16,5.11306E+16
67805,,15,0,82,180,2017,3,16,3,3,2,6,0,1,0,0,0,0,1,7.06053E+20,5.739E+21,1.19861E+16,5.17639E+16
67806,,15,0,83,40,2017,3,16,3,3,2,6,0,1,0,0,1,0,0,6.75027E+20,5.78315E+21,1.15595E+16,5.2171E+16
67807,,15,0,90,550,2017,3,12,3,3,4,6,0,1,0,0,0,0,0,7.03033E+20,5.83326E+21,1.19989E+16,5.26113E+16
67808,,15,0,89,195,2017,3,5,3,2,5,2,0,1,0,1,0,1,0,6.90687E+20,5.7284E+21,1.17579E+16,5.16741E+16
67809,,15,0,85,330,2017,3,9,3,3,0,1,0,0,0,1,0,0,1,6.40374E+20,5.74122E+21,1.1036E+16,5.18041E+16
67810,,15,0,85,230,2017,3,3,3,3,8,1,0,1,0,0,0,2,0,6.21861E+20,5.76527E+21,1.07761E+16,5.20247E+16
67811,,15,0,83,415,2017,3,7,3,3,3,6,0,1,1,0,0,0,1,6.52681E+20,5.76476E+21,1.12248E+16,5.20125E+16
67812,,15,0,88,195,2017,3,15,2,3,2,6,0,1,0,0,1,0,0,7.09825E+20,5.71223E+21,1.20246E+16,5.15221E+16
67813,,15,0,91,391,2017,2,17,2,3,4,6,0,1,0,0,0,1,1,7.5611E+20,5.75199E+21,1.27197E+16,5.18598E+16
67814,,15,0,87,275,2017,3,6,2,3,8,1,0,1,0,0,0,0,0,6.69907E+20,5.72196E+21,1.14546E+16,5.1623E+16
67815,,15,0,87,470,2017,3,11,2,3,5,2,0,1,0,0,0,0,0,6.74246E+20,5.71063E+21,1.15116E+16,5.15198E+16
67816,,15,0,89,42,2017,2,7,2,3,8,1,0,1,0,0,0,0,0,6.84502E+20,5.7591E+21,1.16849E+16,5.19519E+16
67817,,15,0,90,285,2017,2,17,2,3,7,7,0,1,0,0,0,1,0,7.07851E+20,5.85007E+21,1.20805E+16,5.27604E+16
67818,,15,0,82,180,2017,3,10,2,2,5,3,0,1,0,0,0,0,0,7.08526E+20,5.73784E+21,1.20212E+16,5.17525E+16
67819,,15,0,3,0,2017,2,6,2,3,5,3,1,1,0,0,0,1,0,6.79171E+20,5.77986E+21,1.16183E+16,5.21401E+16
67820,,15,0,85,370,2017,2,8,2,3,1,6,0,1,0,0,1,0,1,6.2231E+20,5.74361E+21,1.0775E+16,5.18299E+16
67821,,15,0,83,205,2017,3,22,2,3,0,6,0,1,0,0,1,2,0,6.52733E+20,5.78567E+21,1.12349E+16,5.22003E+16
67822,,15,0,81,135,2017,2,11,2,3,5,2,0,1,0,0,0,0,0,6.6091E+20,5.82346E+21,1.13726E+16,5.25374E+16
67823,,15,0,87,220,2017,2,12,1,2,4,6,0,1,0,0,0,0,0,6.69776E+20,5.72579E+21,1.14545E+16,5.16574E+16
67824,,15,0,82,440,2017,2,16,1,3,2,6,0,1,0,0,0,0,0,7.21768E+20,5.73133E+21,1.22086E+16,5.16891E+16
67825,,15,0,89,310,2017,2,13,1,2,3,6,0,1,0,0,0,0,0,6.85629E+20,5.75536E+21,1.16993E+16,5.1918E+16
67826,,15,0,87,130,2017,2,16,7,2,5,3,0,1,0,0,0,0,0,6.78788E+20,5.7141E+21,1.15787E+16,5.15496E+16
67827,,15,0,84,282,2017,2,5,7,3,8,1,0,1,0,0,0,2,2,6.88083E+20,5.67094E+21,1.16898E+16,5.11589E+16
67828,,15,0,83,230,2017,2,11,7,3,5,3,0,1,0,0,1,0,2,6.53238E+20,5.7988E+21,1.12483E+16,5.23181E+16
67829,,15,0,88,295,2017,2,9,6,3,5,3,0,1,0,0,0,0,0,7.03703E+20,5.71997E+21,1.1941E+16,5.15939E+16
67830,,15,0,86,5,2017,2,9,5,2,3,6,0,1,0,0,1,0,0,6.87409E+20,5.78229E+21,1.17399E+16,5.21593E+16
67831,,15,0,85,55,2017,2,17,5,2,9,1,0,1,0,0,0,2,0,6.30183E+20,5.73661E+21,1.08865E+16,5.17652E+16
67832,,15,0,85,135,2017,2,17,5,3,5,2,1,0,0,0,1,1,0,6.42196E+20,5.75054E+21,1.10662E+16,5.18875E+16
67833,,15,0,82,15,2017,2,7,4,3,4,2,0,1,0,0,0,1,0,7.22734E+20,5.73847E+21,1.22271E+16,5.17528E+16
67834,,15,0,82,180,2017,2,20,4,2,9,1,0,1,0,0,0,2,0,7.07172E+20,5.74088E+21,1.20034E+16,5.17804E+16
67835,,15,0,82,377,2017,2,21,4,2,8,1,0,1,0,0,0,2,0,7.09794E+20,5.73335E+21,1.20368E+16,5.17118E+16
67836,,15,0,89,130,2017,2,18,4,3,6,6,0,1,1,0,0,2,0,6.75923E+20,5.74002E+21,1.15505E+16,5.17834E+16
67837,,15,0,83,40,2017,2,12,4,2,5,3,0,1,0,0,0,0,0,6.77419E+20,5.78568E+21,1.15958E+16,5.2193E+16
67838,,15,0,91,375,2017,2,18,3,3,2,2,0,1,0,0,1,2,0,7.48624E+20,5.7523E+21,1.26114E+16,5.1866E+16
67839,,15,0,3,0,2017,2,6,3,2,4,2,0,1,0,0,0,2,0,6.76125E+20,5.77227E+21,1.15699E+16,5.2073E+16
67840,,15,0,87,55,2017,2,12,2,3,2,7,0,1,0,0,0,0,0,6.39401E+20,5.70389E+21,1.1007E+16,5.14689E+16
67841,,15,0,2,0,2017,2,7,2,2,5,2,1,1,0,0,0,1,1,7.06816E+20,5.70717E+21,1.19784E+16,5.14778E+16
67842,,15,0,82,15,2017,2,7,2,3,8,1,0,1,0,0,0,0,0,7.21305E+20,5.72572E+21,1.21984E+16,5.16389E+16
67843,,15,0,1,0,2017,2,13,2,3,5,3,0,1,0,0,0,0,1,7.20612E+20,5.74705E+21,1.22019E+16,5.18306E+16
67844,,15,0,82,15,2017,2,7,2,3,4,2,0,0,0,0,1,1,0,7.26475E+20,5.72789E+21,1.22743E+16,5.16563E+16
67845,,15,0,83,298,2017,2,9,2,3,9,1,0,1,0,0,0,0,1,6.73352E+20,5.77834E+21,1.15326E+16,5.21283E+16
67846,,15,0,3,0,2017,2,18,2,1,3,6,1,0,0,0,1,2,0,6.7895E+20,5.77875E+21,1.16145E+16,5.21303E+16
67847,,15,0,88,319,2017,2,8,1,3,9,1,0,1,0,0,0,0,2,6.92205E+20,5.71765E+21,1.17739E+16,5.15771E+16
67848,,15,0,88,319,2017,2,13,1,3,9,1,0,1,0,0,0,0,1,6.88853E+20,5.71625E+21,1.17249E+16,5.15657E+16
67849,,15,0,83,298,2017,3,12,2,3,2,6,0,1,0,0,0,0,0,6.68734E+20,5.7839E+21,1.1468E+16,5.21797E+16
67850,,15,0,90,546,2017,3,14,2,3,4,6,0,1,0,0,0,0,0,6.84138E+20,5.81911E+21,1.17123E+16,5.2491E+16
67851,,15,0,90,535,2017,3,10,2,3,9,1,0,0,0,0,1,0,0,6.95564E+20,5.82792E+21,1.18855E+16,5.25661E+16
67852,,15,0,91,241,2017,3,1,1,2,2,6,0,1,0,0,1,2,0,7.29143E+20,5.74896E+21,1.23267E+16,5.18444E+16
67853,,15,0,85,370,2017,3,15,1,2,3,6,0,1,0,0,1,0,0,6.21168E+20,5.74827E+21,1.07601E+16,5.18721E+16
67854,,15,0,2,0,2017,3,21,7,2,5,3,1,1,0,0,0,2,0,7.07228E+20,5.70632E+21,1.19838E+16,5.14701E+16
67855,,15,0,91,375,2017,3,22,7,2,5,7,0,1,0,1,0,2,0,7.51016E+20,5.75319E+21,1.26467E+16,5.18729E+16
67856,,15,0,82,440,2017,3,14,7,3,5,3,0,1,0,0,0,0,0,7.15486E+20,5.72511E+21,1.2114E+16,5.16356E+16
67857,,15,0,82,440,2017,3,19,7,3,4,1,0,1,0,0,0,2,0,7.09945E+20,5.72646E+21,1.20349E+16,5.16499E+16
67858,,15,0,86,140,2017,3,15,7,2,8,1,0,0,0,0,1,0,0,7.18984E+20,5.77759E+21,1.21978E+16,5.21055E+16
67859,,15,0,84,550,2017,3,18,6,3,8,1,0,1,0,0,0,2,0,7.1089E+20,5.68152E+21,1.20217E+16,5.1246E+16
67860,,15,0,1,0,2017,3,21,6,3,1,6,0,1,0,0,1,2,0,7.23998E+20,5.74539E+21,1.22499E+16,5.18144E+16
67861,,15,0,3,0,2017,3,6,6,3,2,3,0,1,0,0,1,1,0,6.7861E+20,5.77659E+21,1.16084E+16,5.2111E+16
67862,,15,0,83,270,2017,3,8,6,3,2,6,0,1,0,0,0,0,0,6.65265E+20,5.79376E+21,1.14221E+16,5.22694E+16
67863,,15,0,87,101,2017,2,4,1,2,8,1,0,1,0,0,0,2,1,6.51666E+20,5.69886E+21,1.11813E+16,5.14206E+16
67864,,15,0,81,135,2017,3,17,6,3,5,3,0,1,0,0,1,0,0,6.63405E+20,5.82371E+21,1.14095E+16,5.25389E+16
67865,,15,0,84,130,2017,2,12,1,2,5,3,0,1,0,0,0,0,0,7.22364E+20,5.65987E+21,1.21725E+16,5.10473E+16
67866,,15,0,1,0,2017,2,5,1,1,8,1,0,1,0,0,0,2,1,7.19588E+20,5.75601E+21,1.21927E+16,5.19114E+16
67867,,15,0,83,485,2017,2,12,1,3,9,1,0,1,0,0,0,0,1,6.45477E+20,5.78372E+21,1.1128E+16,5.21847E+16
67868,,15,0,83,130,2017,2,22,1,2,0,1,0,1,0,0,0,2,0,6.77735E+20,5.8012E+21,1.16086E+16,5.23323E+16
67869,,15,0,88,195,2017,3,16,5,2,2,6,0,1,0,0,0,0,0,7.1194E+20,5.70965E+21,1.20535E+16,5.14982E+16
67870,,15,0,88,150,2017,3,12,5,2,2,6,0,1,0,1,0,0,0,7.20131E+20,5.69981E+21,1.21652E+16,5.14068E+16
67871,,15,0,88,205,2017,2,15,7,2,2,6,0,1,0,0,0,0,0,7.1964E+20,5.68818E+21,1.2151E+16,5.13025E+16
67872,,15,0,88,319,2017,2,15,7,3,1,6,0,1,0,0,0,0,0,6.97653E+20,5.70716E+21,1.18466E+16,5.1481E+16
67873,,15,0,91,60,2017,3,10,5,2,6,4,0,1,1,0,0,0,0,7.38207E+20,5.75375E+21,1.24614E+16,5.18835E+16
67874,,15,0,91,160,2017,3,9,5,3,5,3,0,1,0,0,0,0,0,7.48374E+20,5.74395E+21,1.26018E+16,5.17912E+16
67875,,15,0,89,235,2017,3,14,5,2,2,6,0,1,0,0,0,0,0,6.84509E+20,5.74711E+21,1.16786E+16,5.18443E+16
67876,,15,0,90,3,2017,3,20,5,3,0,7,1,1,0,0,0,2,0,6.75048E+20,5.87414E+21,1.16079E+16,5.29882E+16
67877,,15,0,89,305,2017,3,16,5,3,5,3,0,1,0,1,0,0,0,6.86019E+20,5.76663E+21,1.1711E+16,5.20191E+16
67878,,15,0,88,220,2017,2,22,7,2,0,1,0,1,0,0,0,2,1,7.07392E+20,5.69674E+21,1.19805E+16,5.1384E+16
67879,,15,0,3,0,2017,3,8,5,3,5,3,0,1,0,0,0,0,0,6.82539E+20,5.77906E+21,1.1667E+16,5.21319E+16
67880,,15,0,85,370,2017,3,17,5,3,0,1,1,0,0,0,0,0,0,6.23503E+20,5.74463E+21,1.07926E+16,5.18388E+16
67881,,15,0,88,20,2017,2,9,7,2,8,1,0,1,0,0,0,0,2,7.12563E+20,5.687E+21,1.20489E+16,5.12946E+16
67882,,15,0,85,370,2017,3,15,5,3,5,3,0,1,0,0,0,0,0,6.23543E+20,5.74469E+21,1.07932E+16,5.18393E+16
67883,,15,0,84,235,2017,2,10,7,3,4,1,0,1,0,0,0,0,2,7.16511E+20,5.67122E+21,1.2096E+16,5.11514E+16
67884,,15,0,85,330,2017,3,7,5,2,6,4,0,1,1,0,0,0,0,6.41252E+20,5.73565E+21,1.10464E+16,5.17539E+16
67885,,15,0,84,550,2017,2,8,7,3,9,1,0,1,0,0,0,0,2,7.10085E+20,5.67873E+21,1.20086E+16,5.12213E+16
67886,,15,0,91,375,2017,2,15,7,2,9,1,0,1,0,0,0,0,0,7.47948E+20,5.75825E+21,1.26059E+16,5.19196E+16
67887,,15,0,83,320,2017,3,16,5,3,5,3,0,1,0,1,0,0,0,6.38353E+20,5.77618E+21,1.10208E+16,5.21188E+16
67888,,15,0,82,430,2017,2,8,7,3,9,1,0,1,0,0,0,0,2,7.08059E+20,5.76051E+21,1.20281E+16,5.19563E+16
67889,,15,0,89,310,2017,2,16,7,2,9,1,0,1,0,0,0,0,1,6.85196E+20,5.7532E+21,1.16918E+16,5.18988E+16
67890,,15,0,86,140,2017,2,15,7,2,5,2,0,1,0,0,0,0,0,7.11036E+20,5.77841E+21,1.20824E+16,5.21159E+16
67891,,15,0,85,230,2017,2,12,7,3,7,7,1,0,0,0,1,0,0,6.09547E+20,5.76203E+21,1.05957E+16,5.19981E+16
67892,,15,0,83,130,2017,2,21,7,2,9,1,0,1,0,0,0,2,0,6.78227E+20,5.80126E+21,1.16158E+16,5.23327E+16
67893,,15,0,83,120,2017,2,9,7,3,1,6,0,1,0,0,0,0,1,6.84794E+20,5.80805E+21,1.17158E+16,5.23915E+16
67894,,15,0,83,580,2017,2,19,7,3,8,1,0,1,0,0,0,2,0,6.81762E+20,5.79708E+21,1.16654E+16,5.2294E+16
67895,,15,0,87,412,2017,2,6,6,3,5,2,0,1,0,0,0,1,0,6.373E+20,5.70627E+21,1.09777E+16,5.14909E+16
67896,,15,0,84,25,2017,2,11,6,3,4,6,0,1,0,0,0,0,1,6.89245E+20,5.677E+21,1.17096E+16,5.1213E+16
67897,,15,0,84,590,2017,2,15,6,3,1,2,0,1,0,0,0,0,0,7.18431E+20,5.66327E+21,1.21185E+16,5.10793E+16
67898,,15,0,82,377,2017,2,15,6,3,5,3,0,1,0,0,0,0,1,7.11473E+20,5.72886E+21,1.20584E+16,5.16709E+16
67899,,15,0,90,415,2017,2,18,6,3,4,6,0,1,0,0,0,2,0,6.84207E+20,5.85614E+21,1.1734E+16,5.28235E+16
67900,,15,0,85,145,2017,2,13,6,3,1,6,0,1,0,0,0,0,1,6.47517E+20,5.7204E+21,1.11307E+16,5.16153E+16
67901,,15,0,85,145,2017,2,15,6,3,8,7,0,1,0,0,0,0,1,6.3947E+20,5.72412E+21,1.1016E+16,5.16508E+16
67902,,15,0,83,298,2017,2,10,6,3,4,6,0,1,0,0,0,0,1,6.69297E+20,5.783E+21,1.14757E+16,5.21715E+16
67903,,15,0,83,415,2017,3,16,5,2,1,6,0,1,0,0,1,0,0,6.54125E+20,5.76762E+21,1.12471E+16,5.20378E+16
67904,,15,0,83,270,2017,3,14,5,3,5,3,1,1,0,0,0,0,0,6.65432E+20,5.79302E+21,1.14242E+16,5.22627E+16
67905,,15,0,88,355,2017,3,6,4,3,4,2,0,1,0,0,0,1,0,6.86575E+20,5.68572E+21,1.1676E+16,5.12922E+16
67906,,15,0,84,275,2017,3,9,4,3,5,3,0,1,0,0,0,0,0,7.15213E+20,5.6595E+21,1.20704E+16,5.10466E+16
67907,,15,0,84,355,2017,3,16,4,3,9,1,0,1,0,0,0,0,0,6.97416E+20,5.67196E+21,1.18237E+16,5.11649E+16
67908,,15,0,82,430,2017,3,17,4,1,0,6,1,1,0,0,0,0,0,7.12189E+20,5.76191E+21,1.2089E+16,5.19673E+16
67909,,15,0,82,430,2017,3,19,4,3,5,6,0,1,0,0,1,2,0,7.08196E+20,5.76532E+21,1.2033E+16,5.19995E+16
67910,,15,0,89,310,2017,3,12,4,3,5,3,1,1,0,0,0,0,0,6.79239E+20,5.74752E+21,1.16024E+16,5.18497E+16
67911,,15,0,89,55,2017,3,17,4,3,5,3,0,1,0,0,0,0,0,6.90722E+20,5.7532E+21,1.17721E+16,5.18969E+16
67912,,15,0,3,0,2017,3,19,4,2,5,2,1,0,0,0,0,1,0,6.79505E+20,5.77995E+21,1.16232E+16,5.21408E+16
67913,,15,0,85,235,2017,3,15,4,2,3,6,0,0,0,1,1,0,0,6.51029E+20,5.74133E+21,1.11905E+16,5.18024E+16
67914,,15,0,85,185,2017,3,6,4,3,4,6,0,0,0,0,1,0,0,6.32142E+20,5.7598E+21,1.09238E+16,5.19731E+16
67915,,15,0,88,20,2017,2,6,5,3,5,3,0,1,0,0,1,1,2,7.16122E+20,5.68658E+21,1.20996E+16,5.12895E+16
67916,,15,0,84,355,2017,2,8,5,3,9,1,0,1,0,0,0,0,1,6.9751E+20,5.67232E+21,1.18252E+16,5.11681E+16
67917,,15,0,87,370,2017,3,16,3,2,5,2,0,1,0,0,0,0,0,6.56737E+20,5.71864E+21,1.1263E+16,5.15969E+16
67918,,15,0,87,386,2017,3,21,3,2,9,1,0,1,0,0,0,2,0,6.86173E+20,5.70207E+21,1.16788E+16,5.14391E+16
67919,,15,0,2,0,2017,3,16,3,3,2,6,0,1,0,0,0,0,0,7.07417E+20,5.70214E+21,1.19841E+16,5.14324E+16
67920,,15,0,84,590,2017,3,15,3,3,1,6,0,1,0,0,0,0,0,7.17838E+20,5.66371E+21,1.21104E+16,5.10835E+16
67921,,15,0,91,145,2017,3,18,3,3,0,1,1,0,0,0,0,1,0,7.72698E+20,5.74434E+21,1.29539E+16,5.17834E+16
67922,,15,0,91,375,2017,3,7,3,3,9,1,0,1,0,0,0,0,1,7.51472E+20,5.75194E+21,1.26524E+16,5.18615E+16
67923,,15,0,1,0,2017,3,9,3,3,5,3,0,1,0,0,0,0,0,7.21302E+20,5.74472E+21,1.22104E+16,5.18094E+16
67924,,15,0,82,15,2017,3,8,3,1,5,3,0,1,0,0,1,0,0,7.2677E+20,5.72567E+21,1.22772E+16,5.16363E+16
67925,,15,0,82,430,2017,3,11,3,1,8,1,0,0,0,1,0,0,0,7.21475E+20,5.76443E+21,1.22255E+16,5.19863E+16