OBJECTID,UIDENTSTLA,ULAND,UREGBEZ,UKREIS,UGEMEINDE,UJAHR,UMONAT,USTUNDE,UWOCHENTAG,UKATEGORIE,UART,UTYP1,IstRad,IstPKW,IstFuss,IstKrad,IstSonstig,LICHT,STRZUSTAND,LINREFX,LINREFY,XGCSWGS84,YGCSWGS84
68307,,15,0,91,145,2017,5,16,4,3,9,1,0,1,0,0,0,0,0,7.69705E+20,5.74845E+21,1.29138E+16,5.18217E+16
68308,,15,0,91,375,2017,5,5,4,3,5,2,1,1,0,0,0,1,0,7.50105E+20,5.75333E+21,1.26336E+16,5.18746E+16
68309,,15,0,83,565,2017,5,17,3,3,5,2,0,1,0,0,0,0,1,6.79662E+20,5.79357E+21,1.16327E+16,5.22631E+16
68310,,15,0,91,60,2017,5,12,4,3,4,2,0,1,0,0,0,0,0,7.34517E+20,5.75399E+21,1.2408E+16,5.18873E+16
68311,,15,0,1,0,2017,5,11,4,3,5,3,1,1,0,0,0,0,0,7.22455E+20,5.74767E+21,1.2229E+16,5.18354E+16
68312,,15,0,83,411,2017,5,9,3,3,2,1,0,1,0,0,1,0,0,6.37035E+20,5.81156E+21,1.10159E+16,5.2437E+16
68313,,15,0,82,15,2017,5,13,4,3,2,6,0,1,0,0,1,0,0,7.29137E+20,5.72464E+21,1.23106E+16,5.16261E+16
68314,,15,0,2,0,2017,5,14,2,3,2,6,0,1,0,1,0,0,0,7.05505E+20,5.71076E+21,1.19616E+16,5.15105E+16
68315,,15,0,89,245,2017,5,16,4,2,4,2,0,1,0,1,0,0,0,6.83179E+20,5.73607E+21,1.16535E+16,5.17456E+16
68316,,15,0,91,60,2017,5,14,2,3,2,6,0,1,0,0,0,0,0,7.30966E+20,5.75089E+21,1.23544E+16,5.18609E+16
68317,,15,0,82,15,2017,5,17,2,2,5,2,0,1,0,1,0,0,0,7.29685E+20,5.72381E+21,1.2318E+16,5.16184E+16
68318,,15,0,3,0,2017,5,16,4,2,5,2,0,1,0,0,0,0,0,6.76125E+20,5.77227E+21,1.15699E+16,5.2073E+16
68319,,15,0,86,145,2017,5,15,2,3,0,6,0,1,0,0,0,0,0,6.91487E+20,5.79E+21,1.18038E+16,5.22271E+16
68320,,15,0,2,0,2017,5,17,3,3,8,1,0,1,0,0,0,0,1,7.00552E+20,5.7069E+21,1.18881E+16,5.14777E+16
68321,,15,0,91,60,2017,5,15,3,1,8,1,0,1,0,0,0,0,0,7.42106E+20,5.765E+21,1.25258E+16,5.19829E+16
68322,,15,0,1,0,2017,6,8,6,2,4,6,0,1,0,0,0,0,0,7.24182E+20,5.75424E+21,1.22583E+16,5.18938E+16
68323,,15,0,85,227,2017,6,15,6,3,3,6,0,1,0,0,1,0,0,6.1682E+20,5.75115E+21,1.06979E+16,5.18989E+16
68324,,15,0,91,20,2017,5,17,3,3,5,3,1,1,0,0,0,0,0,7.52384E+20,5.72703E+21,1.26475E+16,5.16376E+16
68325,,15,0,86,15,2017,6,5,6,2,2,6,0,1,0,0,1,0,0,6.92189E+20,5.78995E+21,1.1814E+16,5.22264E+16
68326,,15,0,86,140,2017,6,1,6,3,2,6,0,0,0,0,1,2,1,7.10275E+20,5.7917E+21,1.20795E+16,5.22355E+16
68327,,15,0,89,75,2017,6,15,6,3,5,3,0,1,0,0,0,0,0,6.68018E+20,5.75968E+21,1.14456E+16,5.19624E+16
68328,,15,0,89,195,2017,6,13,6,2,1,6,0,1,0,0,0,0,0,6.93275E+20,5.7257E+21,1.17938E+16,5.1649E+16
68329,,15,0,89,195,2017,6,14,6,2,8,1,0,0,0,1,0,0,0,6.89816E+20,5.72667E+21,1.17444E+16,5.16589E+16
68330,,15,0,3,0,2017,6,11,6,3,5,3,0,1,0,0,0,0,0,6.83024E+20,5.77245E+21,1.16706E+16,5.20723E+16
68331,,15,0,82,15,2017,5,11,3,2,1,6,1,0,0,1,0,0,0,7.26925E+20,5.7212E+21,1.22765E+16,5.1596E+16
68332,,15,0,86,40,2017,6,7,6,3,5,3,0,1,0,0,1,0,1,7.08542E+20,5.79996E+21,1.20593E+16,5.23103E+16
68333,,15,0,86,15,2017,5,13,3,2,5,2,1,1,0,0,0,0,0,6.88044E+20,5.79319E+21,1.17552E+16,5.22569E+16
68334,,15,0,83,270,2017,6,11,6,3,5,3,0,1,0,0,0,0,0,6.61666E+20,5.7929E+21,1.1369E+16,5.22627E+16
68335,,15,0,85,110,2017,5,16,3,3,5,2,0,1,0,1,0,0,1,6.61852E+20,5.73384E+21,1.13438E+16,5.1732E+16
68336,,15,0,85,55,2017,5,16,3,3,9,1,0,1,0,0,0,0,0,6.34854E+20,5.74498E+21,1.09574E+16,5.18393E+16
68337,,15,0,83,25,2017,5,19,3,3,8,1,0,1,0,0,0,0,1,6.435E+20,5.77027E+21,1.10934E+16,5.20644E+16
68338,,15,0,81,95,2017,6,15,6,2,8,7,0,1,0,0,0,0,0,6.27452E+20,5.84868E+21,1.08893E+16,5.27729E+16
68339,,15,0,3,0,2017,5,18,2,3,9,7,0,1,0,0,0,0,0,6.74518E+20,5.77352E+21,1.15471E+16,5.20847E+16
68340,,15,0,81,280,2017,5,9,3,3,9,7,0,1,0,0,0,0,0,6.46026E+20,5.83304E+21,1.11575E+16,5.26277E+16
68341,,15,0,88,150,2017,5,2,2,2,9,1,0,1,0,0,0,2,0,7.1707E+20,5.70442E+21,1.21241E+16,5.14493E+16
68342,,15,0,87,15,2017,6,15,5,3,2,6,0,1,0,0,0,0,0,6.63796E+20,5.70092E+21,1.13566E+16,5.14358E+16
68343,,15,0,85,230,2017,5,18,2,2,9,1,0,1,0,0,0,0,0,6.25395E+20,5.75535E+21,1.0824E+16,5.19347E+16
68344,,15,0,83,415,2017,5,13,2,2,8,1,0,1,0,0,0,0,0,6.49079E+20,5.77171E+21,1.11754E+16,5.20759E+16
68345,,15,0,88,195,2017,5,18,2,3,2,6,0,1,0,0,1,0,0,7.10344E+20,5.71158E+21,1.20317E+16,5.15162E+16
68346,,15,0,88,330,2017,4,21,1,3,2,6,0,1,0,1,0,2,0,7.07207E+20,5.69763E+21,1.19784E+16,5.1392E+16
68347,,15,0,88,340,2017,4,13,1,3,5,3,0,1,0,1,0,0,0,6.84601E+20,5.70168E+21,1.1656E+16,5.14362E+16
68348,,15,0,82,15,2017,4,13,1,3,2,6,0,1,0,1,0,0,0,7.30912E+20,5.72488E+21,1.23364E+16,5.16275E+16
68349,,15,0,90,435,2017,4,6,1,2,9,1,0,1,0,0,0,0,0,6.89702E+20,5.84367E+21,1.18082E+16,5.27096E+16
68350,,15,0,85,230,2017,4,15,1,3,8,1,0,0,0,1,0,0,0,6.24751E+20,5.75594E+21,1.08148E+16,5.19402E+16
68351,,15,0,83,415,2017,4,20,1,2,0,1,1,0,0,0,0,0,0,6.53207E+20,5.76697E+21,1.12334E+16,5.20321E+16
68352,,15,0,83,361,2017,4,13,1,2,5,3,0,1,0,0,0,0,0,6.84347E+20,5.79805E+21,1.17038E+16,5.23018E+16
68353,,15,0,81,30,2017,4,18,1,2,0,1,0,0,0,1,0,0,0,6.67114E+20,5.85968E+21,1.14824E+16,5.28609E+16
68354,,15,0,88,305,2017,4,16,7,3,2,2,0,1,0,1,0,0,0,6.79467E+20,5.6894E+21,1.1576E+16,5.13275E+16
68355,,15,0,87,220,2017,4,11,7,3,4,6,0,1,0,0,0,0,0,6.70331E+20,5.72766E+21,1.14635E+16,5.1674E+16
68356,,15,0,91,60,2017,4,12,7,2,0,7,0,1,0,0,0,0,0,7.37995E+20,5.7624E+21,1.24643E+16,5.19613E+16
68357,,15,0,91,375,2017,4,3,7,2,9,1,0,1,0,0,0,2,1,7.42793E+20,5.75343E+21,1.25277E+16,5.18787E+16
68358,,15,0,82,15,2017,4,6,7,2,5,3,1,1,0,0,0,1,0,7.30754E+20,5.72506E+21,1.23342E+16,5.16291E+16
68359,,15,0,86,140,2017,4,7,7,3,8,1,0,1,0,0,0,0,0,6.98869E+20,5.79108E+21,1.19124E+16,5.22342E+16
68360,,15,0,3,0,2017,4,10,7,3,6,7,0,1,1,0,0,0,0,6.82393E+20,5.77743E+21,1.1664E+16,5.21173E+16
68361,,15,0,88,220,2017,5,12,2,3,4,2,0,1,0,1,0,0,0,7.07571E+20,5.69388E+21,1.19814E+16,5.13582E+16
68362,,15,0,84,550,2017,6,19,5,2,2,6,0,1,0,0,0,1,1,7.11042E+20,5.67658E+21,1.2021E+16,5.12016E+16
68363,,15,0,84,135,2017,5,16,2,2,0,2,0,1,0,1,0,0,0,6.93489E+20,5.67602E+21,1.17698E+16,5.12028E+16
68364,,15,0,91,145,2017,5,18,2,1,8,1,0,1,0,0,0,0,0,7.8281E+20,5.74457E+21,1.31004E+16,5.17804E+16
68365,,15,0,88,305,2017,6,14,5,2,9,1,0,0,0,1,0,0,0,6.79463E+20,5.69847E+21,1.15805E+16,5.1409E+16
68366,,15,0,91,375,2017,5,13,2,3,1,2,0,1,0,1,0,0,0,7.48116E+20,5.7572E+21,1.26075E+16,5.19102E+16
68367,,15,0,91,20,2017,5,6,2,2,5,3,0,1,0,0,0,0,0,7.55555E+20,5.74012E+21,1.27028E+16,5.17536E+16
68368,,15,0,83,411,2017,5,8,2,3,5,3,0,1,0,0,0,0,0,6.44693E+20,5.7984E+21,1.11228E+16,5.23168E+16
68369,,15,0,81,135,2017,5,9,2,3,5,3,0,1,0,0,1,0,0,6.61108E+20,5.82203E+21,1.13748E+16,5.25245E+16
68370,,15,0,88,205,2017,6,18,5,3,8,1,0,1,0,0,0,0,1,7.1767E+20,5.69421E+21,1.21265E+16,5.13574E+16
68371,,15,0,88,365,2017,6,13,5,2,5,3,0,1,0,0,1,0,0,6.99959E+20,5.70449E+21,1.18782E+16,5.14562E+16
68372,,15,0,2,0,2017,6,15,5,3,9,1,1,1,0,0,0,0,0,7.08094E+20,5.70618E+21,1.19962E+16,5.14685E+16
68373,,15,0,2,0,2017,6,10,5,2,4,6,0,1,0,0,1,0,0,7.03111E+20,5.70558E+21,1.19242E+16,5.14649E+16
68374,,15,0,91,60,2017,6,16,5,2,5,3,0,1,0,0,0,0,1,7.32574E+20,5.75451E+21,1.23802E+16,5.18928E+16
68375,,15,0,1,0,2017,6,7,5,3,2,6,0,1,0,0,0,0,0,7.27715E+20,5.74649E+21,1.23044E+16,5.18227E+16
68376,,15,0,1,0,2017,6,17,5,3,2,6,0,1,0,0,0,0,1,7.22928E+20,5.7526E+21,1.2239E+16,5.18795E+16
68377,,15,0,87,130,2017,5,13,1,2,5,2,1,1,0,0,0,0,0,6.78804E+20,5.70974E+21,1.15767E+16,5.15104E+16
68378,,15,0,82,301,2017,6,22,5,2,5,3,0,1,0,0,0,2,1,7.24384E+20,5.73394E+21,1.22481E+16,5.17115E+16
68379,,15,0,91,60,2017,5,6,1,3,8,1,0,1,0,0,0,0,0,7.34561E+20,5.75536E+21,1.24096E+16,5.18995E+16
68380,,15,0,86,15,2017,6,22,5,3,8,1,0,1,0,0,0,2,1,6.93498E+20,5.78991E+21,1.18331E+16,5.22256E+16
68381,,15,0,1,0,2017,5,15,1,3,5,2,0,1,0,0,0,0,0,7.22286E+20,5.74464E+21,1.22246E+16,5.18083E+16
68382,,15,0,90,225,2017,6,15,5,3,8,1,0,0,0,0,1,0,1,7.07101E+20,5.85772E+21,1.20743E+16,5.28294E+16
68383,,15,0,90,70,2017,6,14,5,3,8,1,0,0,0,1,0,0,1,6.71845E+20,5.84236E+21,1.15435E+16,5.27038E+16
68384,,15,0,82,440,2017,5,19,1,2,5,3,0,1,0,0,0,0,0,7.16759E+20,5.7252E+21,1.21324E+16,5.1636E+16
68385,,15,0,89,15,2017,6,18,5,2,8,1,0,1,0,0,0,0,1,6.69034E+20,5.73709E+21,1.14493E+16,5.17591E+16
68386,,15,0,86,145,2017,5,9,1,3,2,6,0,1,0,0,0,0,0,6.89597E+20,5.79012E+21,1.17762E+16,5.22288E+16
68387,,15,0,86,140,2017,6,15,5,3,0,7,0,1,0,0,0,0,1,7.13005E+20,5.78998E+21,1.21184E+16,5.2219E+16
68388,,15,0,83,205,2017,5,22,1,3,2,6,0,1,0,0,0,2,0,6.54992E+20,5.7853E+21,1.12678E+16,5.21963E+16
68389,,15,0,3,0,2017,5,10,1,3,2,6,0,1,0,0,0,0,0,6.82357E+20,5.78818E+21,1.16693E+16,5.22139E+16
68390,,15,0,83,270,2017,6,6,5,3,5,3,1,1,0,0,0,0,0,6.63956E+20,5.79559E+21,1.14038E+16,5.22862E+16
68391,,15,0,3,0,2017,5,16,1,3,5,3,0,1,0,0,0,0,0,6.83311E+20,5.77896E+21,1.16782E+16,5.21307E+16
68392,,15,0,85,190,2017,5,15,1,2,8,5,0,1,0,1,0,0,0,6.19376E+20,5.74583E+21,1.07332E+16,5.18505E+16
68393,,15,0,81,135,2017,6,6,5,3,5,3,1,1,0,0,0,0,0,6.69547E+20,5.82223E+21,1.14992E+16,5.25238E+16
68394,,15,0,85,55,2017,5,14,1,3,0,1,0,0,0,1,0,0,0,6.33874E+20,5.7393E+21,1.0941E+16,5.17885E+16
68395,,15,0,85,55,2017,5,11,1,2,9,1,0,0,0,1,0,0,0,6.33872E+20,5.7393E+21,1.0941E+16,5.17885E+16
68396,,15,0,81,455,2017,6,2,5,2,9,1,0,1,0,0,0,2,0,6.50635E+20,5.85033E+21,1.12335E+16,5.27818E+16
68397,,15,0,81,280,2017,6,8,5,3,5,7,0,1,0,0,1,0,0,6.44591E+20,5.82648E+21,1.11335E+16,5.25691E+16
68398,,15,0,3,0,2017,6,7,4,3,2,6,0,1,0,0,1,0,0,6.7973E+20,5.78171E+21,1.16274E+16,5.21566E+16
68399,,15,0,88,235,2017,6,17,4,3,5,3,0,1,0,0,0,0,0,6.95129E+20,5.68988E+21,1.18008E+16,5.13267E+16
68400,,15,0,88,250,2017,6,20,4,1,9,1,0,1,0,0,0,0,0,6.86437E+20,5.69077E+21,1.16766E+16,5.13376E+16
68401,,15,0,87,440,2017,6,16,4,3,3,2,0,1,0,0,0,0,0,6.55933E+20,5.70326E+21,1.12446E+16,5.1459E+16
68402,,15,0,84,315,2017,6,8,4,3,5,3,1,1,0,0,0,0,0,7.19246E+20,5.68341E+21,1.21424E+16,5.12598E+16
68403,,15,0,84,490,2017,6,17,4,3,4,6,0,1,0,0,0,0,0,7.13072E+20,5.66977E+21,1.2046E+16,5.11397E+16
68404,,15,0,84,550,2017,6,10,4,2,9,1,0,0,0,1,0,0,0,7.07515E+20,5.67932E+21,1.19722E+16,5.12275E+16
68405,,15,0,83,415,2017,5,12,1,3,3,6,0,1,0,0,0,0,0,6.5486E+20,5.76818E+21,1.12581E+16,5.20426E+16
68406,,15,0,82,241,2017,6,7,4,2,1,5,1,1,0,0,0,0,0,7.32533E+20,5.72765E+21,1.23616E+16,5.16516E+16
68407,,15,0,88,25,2017,5,2,7,3,2,6,0,1,0,0,1,2,0,6.92596E+20,5.69806E+21,1.17689E+16,5.1401E+16
68408,,15,0,90,415,2017,6,15,4,3,5,3,1,1,0,0,0,0,0,6.85534E+20,5.85222E+21,1.17514E+16,5.27879E+16
68409,,15,0,88,220,2017,5,15,7,3,2,6,0,1,0,0,0,0,0,7.09869E+20,5.69403E+21,1.20145E+16,5.13587E+16
68410,,15,0,87,31,2017,5,18,7,3,4,6,0,1,0,0,0,0,0,6.67515E+20,5.73106E+21,1.14244E+16,5.17054E+16
68411,,15,0,87,130,2017,5,11,7,1,6,4,0,1,1,0,0,0,0,6.76406E+20,5.71092E+21,1.15428E+16,5.15218E+16
68412,,15,0,86,55,2017,4,9,7,3,2,6,0,1,0,0,0,0,0,6.93468E+20,5.77321E+21,1.18232E+16,5.20756E+16
68413,,15,0,84,590,2017,5,17,7,3,6,4,0,1,1,0,0,0,0,7.20318E+20,5.65953E+21,1.21432E+16,5.1045E+16
68414,,15,0,91,375,2017,5,19,7,3,0,1,1,0,0,0,0,0,0,7.48613E+20,5.7523E+21,1.26112E+16,5.1866E+16
68415,,15,0,3,0,2017,6,12,4,3,5,2,0,1,0,0,0,0,0,6.75917E+20,5.78148E+21,1.15716E+16,5.21558E+16
68416,,15,0,86,5,2017,4,18,7,2,9,1,0,1,0,0,0,0,0,6.87433E+20,5.78249E+21,1.17403E+16,5.2161E+16
68417,,15,0,91,110,2017,5,16,7,3,8,7,0,1,0,0,0,0,0,7.36608E+20,5.73613E+21,1.24262E+16,5.17261E+16
68418,,15,0,88,220,2017,4,15,6,3,2,6,0,1,0,0,1,0,0,7.10797E+20,5.69401E+21,1.20278E+16,5.13582E+16
68419,,15,0,1,0,2017,5,18,7,3,5,3,0,1,0,0,0,0,0,7.21306E+20,5.74472E+21,1.22104E+16,5.18095E+16
68420,,15,0,87,275,2017,4,15,6,3,8,1,0,1,0,0,0,0,0,6.59291E+20,5.71952E+21,1.13002E+16,5.16041E+16
68421,,15,0,87,130,2017,4,12,6,2,9,7,0,1,0,0,0,0,0,6.75807E+20,5.71114E+21,1.15343E+16,5.1524E+16
68422,,15,0,90,550,2017,5,15,7,3,5,3,0,1,0,0,0,0,0,7.00462E+20,5.82653E+21,1.19569E+16,5.25519E+16
68423,,15,0,1,0,2017,4,23,6,2,9,1,0,1,0,0,1,2,0,7.19393E+20,5.75612E+21,1.219E+16,5.19125E+16
68424,,15,0,82,377,2017,4,14,6,3,5,3,0,1,0,0,0,0,0,6.99144E+20,5.7293E+21,1.18806E+16,5.16793E+16
68425,,15,0,83,205,2017,4,20,6,3,2,6,0,1,0,0,0,0,0,6.53213E+20,5.78561E+21,1.12419E+16,5.21996E+16
68426,,15,0,90,520,2017,4,9,6,3,2,6,0,1,0,0,0,0,0,6.83965E+20,5.85895E+21,1.1732E+16,5.28489E+16
68427,,15,0,83,40,2017,4,8,6,2,4,2,0,1,0,0,1,0,0,6.76748E+20,5.78411E+21,1.15852E+16,5.21791E+16
68428,,15,0,85,330,2017,4,17,6,2,5,3,1,1,0,0,0,0,0,6.43397E+20,5.73539E+21,1.10774E+16,5.1751E+16
68429,,15,0,85,135,2017,4,14,6,3,0,1,1,0,0,0,0,0,0,6.41926E+20,5.75166E+21,1.10628E+16,5.18976E+16
68430,,15,0,83,531,2017,4,13,6,3,5,3,0,1,0,1,0,0,0,6.67609E+20,5.77066E+21,1.1445E+16,5.20611E+16
68431,,15,0,81,45,2017,4,22,6,3,8,1,0,1,0,0,0,2,1,6.39909E+20,5.84015E+21,1.10702E+16,5.26932E+16
68432,,15,0,84,490,2017,4,13,5,3,3,6,0,1,0,0,1,0,0,7.07694E+20,5.66921E+21,1.19689E+16,5.11366E+16
68433,,15,0,88,216,2017,4,16,5,2,5,2,0,1,0,0,0,0,0,6.97529E+20,5.72409E+21,1.18543E+16,5.16331E+16
68434,,15,0,88,365,2017,4,15,5,2,5,3,0,1,0,0,0,0,0,6.93608E+20,5.70457E+21,1.1787E+16,5.14592E+16
68435,,15,0,2,0,2017,4,6,5,3,2,6,0,1,0,0,0,0,0,7.07142E+20,5.70718E+21,1.19831E+16,5.14778E+16
68436,,15,0,91,145,2017,4,12,5,3,5,3,0,1,0,0,0,0,0,7.73553E+20,5.74561E+21,1.29673E+16,5.17943E+16
68437,,15,0,82,15,2017,4,15,5,2,5,3,0,1,0,0,0,0,0,7.27692E+20,5.72667E+21,1.22911E+16,5.16449E+16
68438,,15,0,90,225,2017,5,21,7,2,5,3,1,1,0,0,0,1,0,7.07027E+20,5.8576E+21,1.20731E+16,5.28284E+16
68439,,15,0,89,310,2017,5,4,7,3,8,7,0,1,0,0,0,1,0,6.82135E+20,5.74755E+21,1.16444E+16,5.1849E+16
68440,,15,0,3,0,2017,5,19,7,3,4,2,0,1,0,0,0,0,0,6.82285E+20,5.78778E+21,1.1668E+16,5.22103E+16
68441,,15,0,3,0,2017,5,17,7,3,3,6,0,1,0,0,0,0,0,6.78501E+20,5.77329E+21,1.16051E+16,5.20814E+16
68442,,15,0,90,535,2017,4,17,5,3,9,1,0,0,0,0,1,0,0,6.87173E+20,5.82257E+21,1.17589E+16,5.25211E+16
68443,,15,0,89,305,2017,4,14,5,3,2,6,0,1,0,0,0,0,0,6.87595E+20,5.76356E+21,1.17323E+16,5.19909E+16
68444,,15,0,3,0,2017,4,16,5,3,5,2,1,1,0,0,0,0,0,6.80291E+20,5.77983E+21,1.16346E+16,5.21395E+16
68445,,15,0,83,270,2017,4,15,5,3,5,3,0,1,0,1,0,0,0,6.65302E+20,5.7932E+21,1.14223E+16,5.22643E+16
68446,,15,0,83,40,2017,4,12,5,2,5,2,0,0,0,1,1,0,0,6.78831E+20,5.78866E+21,1.1618E+16,5.22193E+16
68447,,15,0,3,0,2017,5,13,7,3,5,3,1,1,0,0,0,0,0,6.77945E+20,5.77975E+21,1.16004E+16,5.21396E+16
68448,,15,0,3,0,2017,6,15,4,3,5,3,1,1,0,0,0,0,0,6.79065E+20,5.77984E+21,1.16168E+16,5.214E+16
68449,,15,0,85,228,2017,5,10,7,2,8,1,0,0,0,1,0,0,0,6.27273E+20,5.72776E+21,1.08412E+16,5.16864E+16
68450,,15,0,85,370,2017,6,7,4,3,5,3,1,0,0,0,0,0,0,6.22127E+20,5.74438E+21,1.07726E+16,5.18369E+16
68451,,15,0,85,228,2017,5,16,7,3,0,1,0,0,0,1,0,0,0,6.26833E+20,5.72512E+21,1.08338E+16,5.16628E+16
68452,,15,0,85,227,2017,6,7,4,3,8,7,0,1,0,0,0,0,0,6.26622E+20,5.75188E+21,1.08406E+16,5.19032E+16
68453,,15,0,85,370,2017,5,14,7,2,6,4,1,0,1,0,0,0,0,6.1367E+20,5.73846E+21,1.0648E+16,5.17855E+16
68454,,15,0,85,330,2017,5,23,7,3,5,3,0,1,0,0,0,2,0,6.40733E+20,5.73474E+21,1.10386E+16,5.17458E+16
68455,,15,0,83,275,2017,6,11,4,3,8,1,0,0,0,1,0,0,0,6.39287E+20,5.78505E+21,1.10381E+16,5.21983E+16
68456,,15,0,85,185,2017,5,19,7,3,8,1,0,1,0,0,0,0,0,6.37511E+20,5.76328E+21,1.10033E+16,5.20031E+16
68457,,15,0,85,190,2017,5,11,7,2,5,3,0,1,0,1,0,0,0,6.15195E+20,5.74851E+21,1.06734E+16,5.18755E+16
68458,,15,0,81,26,2017,6,13,4,3,0,1,0,0,0,1,0,0,0,6.48819E+20,5.84205E+21,1.12028E+16,5.27079E+16
68459,,15,0,85,185,2017,5,17,7,3,8,1,0,1,0,0,0,0,0,6.29309E+20,5.76104E+21,1.0883E+16,5.1985E+16
68460,,15,0,83,270,2017,5,12,7,3,5,2,0,1,0,0,0,0,0,6.65213E+20,5.79502E+21,1.14219E+16,5.22807E+16
68461,,15,0,83,125,2017,5,21,7,2,8,1,0,1,0,0,0,1,0,6.5402E+20,5.80908E+21,1.12644E+16,5.24102E+16
68462,,15,0,88,65,2017,6,21,3,3,8,1,0,0,0,0,1,0,0,7.0293E+20,5.69405E+21,1.1915E+16,5.13614E+16
68463,,15,0,88,295,2017,6,16,3,3,7,4,0,1,1,0,0,0,0,7.08195E+20,5.72267E+21,1.20074E+16,5.16165E+16
68464,,15,0,2,0,2017,6,17,3,3,2,6,0,1,0,0,0,0,0,7.05644E+20,5.70735E+21,1.19616E+16,5.14799E+16
68465,,15,0,84,250,2017,6,9,3,3,5,3,0,1,0,0,0,0,0,6.8459E+20,5.68533E+21,1.16473E+16,5.12893E+16
68466,,15,0,91,375,2017,6,8,3,2,5,3,1,1,0,0,0,0,0,7.54177E+20,5.75242E+21,1.2692E+16,5.18646E+16
68467,,15,0,82,340,2017,6,17,3,2,9,1,0,0,0,1,0,0,0,7.2132E+20,5.71702E+21,1.21931E+16,5.15608E+16
68468,,15,0,90,220,2017,6,18,3,3,1,6,0,1,0,0,0,0,0,6.95775E+20,5.8359E+21,1.18934E+16,5.26377E+16
68469,,15,0,89,42,2017,6,7,3,2,8,1,0,0,0,0,1,0,0,6.81524E+20,5.76453E+21,1.16445E+16,5.20017E+16
68470,,15,0,89,15,2017,6,2,3,2,8,1,0,1,0,0,0,2,0,6.73338E+20,5.73891E+21,1.15125E+16,5.17742E+16
68471,,15,0,88,330,2017,5,21,6,2,8,1,0,0,0,1,0,1,1,7.10903E+20,5.69602E+21,1.20305E+16,5.13762E+16
68472,,15,0,86,15,2017,6,6,3,3,5,3,1,1,0,0,0,0,0,6.96158E+20,5.79457E+21,1.18748E+16,5.22665E+16
68473,,15,0,88,65,2017,5,9,6,3,5,2,0,1,0,0,0,0,0,7.05686E+20,5.68855E+21,1.19513E+16,5.1311E+16
68474,,15,0,85,135,2017,6,14,3,2,8,1,0,1,0,0,0,0,0,6.34845E+20,5.74496E+21,1.09573E+16,5.18391E+16
68475,,15,0,2,0,2017,5,10,6,3,0,1,1,0,0,0,0,0,0,7.07605E+20,5.71042E+21,1.19916E+16,5.15067E+16
68476,,15,0,2,0,2017,5,11,6,3,2,2,0,1,0,0,0,0,0,7.07327E+20,5.70427E+21,1.1984E+16,5.14516E+16
68477,,15,0,89,165,2017,5,11,6,2,2,7,0,1,0,0,1,0,0,6.78893E+20,5.73759E+21,1.15923E+16,5.17606E+16
68478,,15,0,81,135,2017,4,11,5,2,5,2,0,1,0,0,0,0,0,6.66838E+20,5.81938E+21,1.14579E+16,5.2499E+16
68479,,15,0,3,0,2017,5,15,6,3,9,6,0,1,0,0,0,0,0,6.79216E+20,5.77164E+21,1.16146E+16,5.20663E+16
68480,,15,0,85,370,2017,5,14,6,3,5,3,0,1,0,0,0,0,0,6.2328E+20,5.74669E+21,1.07901E+16,5.18574E+16
68481,,15,0,2,0,2017,4,14,4,3,5,3,1,1,0,0,0,0,0,7.07551E+20,5.70131E+21,1.19855E+16,5.14249E+16
68482,,15,0,85,145,2017,5,9,6,2,5,2,0,1,0,1,0,0,0,6.48893E+20,5.72127E+21,1.11509E+16,5.16227E+16
68483,,15,0,2,0,2017,4,8,4,3,2,6,0,1,0,0,0,0,0,7.03784E+20,5.70738E+21,1.19349E+16,5.14808E+16
68484,,15,0,81,240,2017,5,16,6,3,9,1,0,0,0,1,0,0,0,6.65014E+20,5.84655E+21,1.14446E+16,5.27436E+16
68485,,15,0,84,590,2017,4,6,4,3,2,6,0,1,0,0,0,0,0,7.175E+20,5.66449E+21,1.2106E+16,5.10906E+16
68486,,15,0,1,0,2017,4,10,4,3,5,3,0,1,0,0,1,0,0,7.27942E+20,5.74625E+21,1.23075E+16,5.18205E+16
68487,,15,0,88,365,2017,5,10,5,3,4,6,0,1,0,1,0,0,0,7.00154E+20,5.7052E+21,1.18814E+16,5.14626E+16
68488,,15,0,91,60,2017,4,16,4,3,2,2,0,1,0,0,0,0,0,7.37039E+20,5.75365E+21,1.24444E+16,5.18831E+16
68489,,15,0,82,241,2017,4,20,4,3,2,6,0,1,0,0,0,1,0,7.37768E+20,5.72468E+21,1.24351E+16,5.16228E+16
68490,,15,0,87,275,2017,5,12,5,2,0,1,1,0,0,0,0,0,0,6.66413E+20,5.72128E+21,1.14038E+16,5.16179E+16
68491,,15,0,86,40,2017,4,8,4,3,2,6,0,1,0,0,1,0,0,7.21455E+20,5.79382E+21,1.22444E+16,5.22501E+16
68492,,15,0,86,140,2017,4,17,4,3,2,6,0,1,0,0,1,0,0,7.17625E+20,5.79356E+21,1.21882E+16,5.22493E+16
68493,,15,0,89,185,2017,4,11,4,3,1,6,0,1,0,0,1,0,0,6.84639E+20,5.74103E+21,1.16772E+16,5.17897E+16
68494,,15,0,86,140,2017,4,17,4,2,2,6,0,1,0,0,1,0,0,7.17546E+20,5.79354E+21,1.2187E+16,5.22492E+16
68495,,15,0,90,225,2017,4,9,4,3,5,2,0,1,0,0,0,0,0,7.10626E+20,5.85548E+21,1.21251E+16,5.28079E+16
68496,,15,0,90,520,2017,4,13,4,2,5,3,0,1,0,0,0,0,0,6.83107E+20,5.87075E+21,1.17259E+16,5.29551E+16
68497,,15,0,87,370,2017,4,13,3,2,4,1,0,1,0,0,0,0,1,6.50611E+20,5.71142E+21,1.11715E+16,5.15338E+16