OBJECTID,UIDENTSTLA,ULAND,UREGBEZ,UKREIS,UGEMEINDE,UJAHR,UMONAT,USTUNDE,UWOCHENTAG,UKATEGORIE,UART,UTYP1,IstRad,IstPKW,IstFuss,IstKrad,IstSonstig,LICHT,STRZUSTAND,LINREFX,LINREFY,XGCSWGS84,YGCSWGS84
68689,,15,0,1,0,2017,4,16,2,2,8,7,0,1,0,0,0,0,0,7.27057E+20,5.74504E+21,1.22939E+16,5.181E+16
68690,,15,0,83,323,2017,4,12,2,3,2,6,0,1,0,0,0,0,0,6.50902E+20,5.78578E+21,1.12082E+16,5.22018E+16
68691,,15,0,89,55,2017,4,14,2,3,4,6,0,1,0,0,0,0,0,6.92844E+20,5.75224E+21,1.18023E+16,5.18875E+16
68692,,15,0,90,415,2017,5,10,7,3,2,6,0,1,0,0,0,0,0,6.84683E+20,5.852E+21,1.17387E+16,5.27862E+16
68693,,15,0,84,135,2017,6,14,7,3,8,6,0,1,0,0,0,0,0,6.95697E+20,5.67928E+21,1.18031E+16,5.12313E+16
68694,,15,0,87,15,2017,5,13,6,3,2,6,0,1,0,0,1,0,0,6.70525E+20,5.70152E+21,1.14536E+16,5.14392E+16
68695,,15,0,2,0,2017,5,7,6,2,2,6,0,0,0,0,1,0,0,7.09064E+20,5.71383E+21,1.20146E+16,5.15368E+16
68696,,15,0,88,25,2017,5,19,6,2,0,6,0,1,0,0,0,0,1,7.01561E+20,5.69791E+21,1.18975E+16,5.13966E+16
68697,,15,0,88,20,2017,5,18,6,2,0,6,0,1,0,1,0,0,0,7.21131E+20,5.68591E+21,1.2171E+16,5.12815E+16
68698,,15,0,82,180,2017,6,10,7,3,0,5,0,1,0,0,0,0,0,7.09437E+20,5.73795E+21,1.20344E+16,5.17533E+16
68699,,15,0,3,0,2017,6,11,7,2,5,3,0,1,0,0,0,0,0,6.72775E+20,5.77289E+21,1.15214E+16,5.20796E+16
68700,,15,0,85,55,2017,6,14,7,3,5,6,0,1,0,0,0,0,0,6.31245E+20,5.74884E+21,1.09066E+16,5.18749E+16
68701,,15,0,87,370,2017,5,19,6,3,5,2,0,1,0,0,0,0,1,6.62077E+20,5.70592E+21,1.13342E+16,5.14812E+16
68702,,15,0,85,145,2017,6,10,7,2,8,7,0,0,0,1,0,0,0,6.43323E+20,5.72414E+21,1.10717E+16,5.165E+16
68703,,15,0,88,25,2017,6,15,6,3,5,3,0,1,0,0,1,0,0,7.01901E+20,5.69784E+21,1.19024E+16,5.13958E+16
68704,,15,0,2,0,2017,5,9,6,3,9,1,0,0,0,0,1,0,0,7.06946E+20,5.70919E+21,1.19814E+16,5.14959E+16
68705,,15,0,2,0,2017,6,12,6,3,2,2,0,1,0,0,1,0,0,7.10101E+20,5.70401E+21,1.20237E+16,5.14483E+16
68706,,15,0,91,375,2017,6,15,6,3,5,3,1,1,0,0,0,0,0,7.48045E+20,5.75243E+21,1.26031E+16,5.18674E+16
68707,,15,0,91,160,2017,6,14,6,2,5,3,0,1,0,0,0,0,0,7.48374E+20,5.74395E+21,1.26018E+16,5.17912E+16
68708,,15,0,2,0,2017,5,9,6,3,2,6,0,1,0,0,1,0,0,7.06969E+20,5.7072E+21,1.19806E+16,5.1478E+16
68709,,15,0,91,375,2017,6,14,6,2,4,6,0,1,0,0,0,0,0,7.52569E+20,5.75589E+21,1.26712E+16,5.18964E+16
68710,,15,0,84,590,2017,5,8,6,3,4,6,0,1,0,0,1,0,0,7.17906E+20,5.65894E+21,1.21085E+16,5.10406E+16
68711,,15,0,82,430,2017,6,0,6,3,9,1,0,1,0,0,0,2,1,7.09649E+20,5.76367E+21,1.20531E+16,5.19841E+16
68712,,15,0,84,355,2017,5,11,6,3,5,3,1,0,0,0,1,0,0,6.95953E+20,5.67011E+21,1.18018E+16,5.11489E+16
68713,,15,0,82,15,2017,6,8,6,2,5,3,1,1,0,0,0,0,0,7.27922E+20,5.72424E+21,1.22929E+16,5.1623E+16
68714,,15,0,84,355,2017,5,8,6,3,2,6,0,1,0,0,0,0,0,6.97241E+20,5.67018E+21,1.18202E+16,5.11491E+16
68715,,15,0,82,15,2017,5,13,6,3,2,6,0,1,0,0,0,0,0,7.29223E+20,5.72579E+21,1.23126E+16,5.16364E+16
68716,,15,0,83,323,2017,5,1,6,3,9,1,0,1,0,0,1,2,1,6.50118E+20,5.7858E+21,1.11967E+16,5.22022E+16
68717,,15,0,85,135,2017,4,16,2,3,2,6,0,1,0,0,0,0,1,6.47436E+20,5.75422E+21,1.11439E+16,5.19192E+16
68718,,15,0,86,140,2017,5,16,6,1,9,1,0,1,0,0,0,0,0,7.04027E+20,5.79145E+21,1.1988E+16,5.22356E+16
68719,,15,0,83,245,2017,5,15,6,3,5,3,0,1,0,0,0,0,0,6.51988E+20,5.75737E+21,1.12114E+16,5.19463E+16
68720,,15,0,81,135,2017,4,7,2,3,9,1,0,1,0,0,0,0,0,6.60131E+20,5.82516E+21,1.13619E+16,5.25529E+16
68721,,15,0,88,319,2017,4,20,1,3,2,7,0,1,0,0,0,1,0,6.98163E+20,5.71139E+21,1.18563E+16,5.15188E+16
68722,,15,0,85,230,2017,5,7,6,3,9,7,0,1,0,0,0,0,0,6.22187E+20,5.76457E+21,1.07806E+16,5.20183E+16
68723,,15,0,88,330,2017,4,14,1,2,2,2,0,1,0,0,0,0,0,7.03495E+20,5.70094E+21,1.1927E+16,5.14231E+16
68724,,15,0,89,15,2017,4,19,1,2,9,1,0,1,0,0,0,0,1,6.67734E+20,5.73887E+21,1.14313E+16,5.17756E+16
68725,,15,0,83,390,2017,5,15,6,3,4,2,0,1,0,0,0,0,0,6.75552E+20,5.79304E+21,1.15723E+16,5.22597E+16
68726,,15,0,83,298,2017,4,16,1,2,1,6,0,1,0,0,0,0,0,6.7393E+20,5.78017E+21,1.1542E+16,5.21446E+16
68727,,15,0,89,43,2017,4,0,1,2,9,1,0,1,0,0,0,2,0,6.64779E+20,5.75823E+21,1.13978E+16,5.19503E+16
68728,,15,0,89,30,2017,6,8,6,3,2,6,0,0,0,0,1,0,0,6.8448E+20,5.74056E+21,1.16747E+16,5.17854E+16
68729,,15,0,89,175,2017,4,12,1,2,8,1,0,1,0,0,0,0,1,6.68621E+20,5.7482E+21,1.14487E+16,5.18591E+16
68730,,15,0,90,70,2017,6,6,6,3,4,1,0,1,0,0,1,0,1,6.72014E+20,5.84378E+21,1.15467E+16,5.27166E+16
68731,,15,0,85,370,2017,4,16,1,3,9,7,0,1,0,0,0,0,0,6.25729E+20,5.74616E+21,1.08255E+16,5.1852E+16
68732,,15,0,89,305,2017,6,16,6,2,3,6,0,0,0,1,1,0,1,6.89702E+20,5.76792E+21,1.17654E+16,5.20294E+16
68733,,15,0,87,412,2017,4,11,7,3,8,1,0,0,0,1,0,0,1,6.4372E+20,5.71365E+21,1.10731E+16,5.15556E+16
68734,,15,0,87,250,2017,4,9,7,2,5,3,0,1,0,0,0,0,0,6.42422E+20,5.70036E+21,1.10491E+16,5.14365E+16
68735,,15,0,84,355,2017,4,0,7,2,8,1,0,1,0,0,0,2,0,6.92334E+20,5.66921E+21,1.17496E+16,5.1142E+16
68736,,15,0,91,160,2017,4,10,7,2,8,1,0,1,0,0,0,0,1,7.4193E+20,5.74418E+21,1.25087E+16,5.1796E+16
68737,,15,0,91,375,2017,4,16,7,3,0,1,1,0,0,0,0,0,0,7.50761E+20,5.74837E+21,1.26395E+16,5.18298E+16
68738,,15,0,1,0,2017,4,13,7,2,9,1,0,1,0,0,0,0,1,7.27458E+20,5.74465E+21,1.22995E+16,5.18064E+16
68739,,15,0,82,15,2017,4,10,7,3,5,3,1,1,0,0,0,0,0,7.29694E+20,5.72382E+21,1.23181E+16,5.16184E+16
68740,,15,0,82,180,2017,4,14,7,2,9,1,0,1,0,0,0,0,1,7.08911E+20,5.73437E+21,1.20247E+16,5.17213E+16
68741,,15,0,89,42,2017,4,12,7,2,3,6,0,1,0,0,0,0,0,6.82419E+20,5.76513E+21,1.16579E+16,5.20068E+16
68742,,15,0,90,546,2017,4,17,7,3,8,1,0,1,0,0,0,0,1,6.92314E+20,5.81212E+21,1.18285E+16,5.24254E+16
68743,,15,0,83,323,2017,4,15,7,3,9,6,0,1,0,0,0,0,1,6.48392E+20,5.78965E+21,1.11732E+16,5.22372E+16
68744,,15,0,81,545,2017,4,13,7,3,8,6,0,0,0,0,1,0,0,6.30967E+20,5.85292E+21,1.09431E+16,5.28101E+16
68745,,15,0,87,130,2017,4,4,6,3,0,1,1,0,0,0,0,2,0,6.78433E+20,5.70986E+21,1.15715E+16,5.15116E+16
68746,,15,0,84,590,2017,4,17,6,2,8,1,0,0,0,1,0,0,0,7.2303E+20,5.65803E+21,1.21809E+16,5.10304E+16
68747,,15,0,84,550,2017,4,18,6,2,4,7,0,1,0,1,0,0,0,7.09672E+20,5.67441E+21,1.20002E+16,5.11826E+16
68748,,15,0,91,60,2017,4,10,6,3,2,6,0,1,0,0,0,0,0,7.30972E+20,5.7509E+21,1.23545E+16,5.1861E+16
68749,,15,0,83,298,2017,4,12,6,3,2,6,0,1,0,0,0,0,0,6.59642E+20,5.78459E+21,1.13354E+16,5.21887E+16
68750,,15,0,86,80,2017,4,22,6,2,0,7,0,1,0,0,0,2,0,7.18047E+20,5.81219E+21,1.22065E+16,5.24164E+16
68751,,15,0,85,55,2017,4,11,6,3,9,7,0,1,0,0,0,0,0,6.3475E+20,5.74479E+21,1.09559E+16,5.18377E+16
68752,,15,0,85,285,2017,4,15,6,3,1,6,0,1,0,1,0,0,0,6.46133E+20,5.75958E+21,1.11272E+16,5.19677E+16
68753,,15,0,83,205,2017,4,12,6,2,4,2,0,1,0,0,0,0,0,6.55003E+20,5.78511E+21,1.12678E+16,5.21946E+16
68754,,15,0,81,135,2017,4,19,6,3,9,1,0,1,0,0,0,0,0,6.49049E+20,5.81738E+21,1.11951E+16,5.24862E+16
68755,,15,0,81,455,2017,4,17,6,3,2,6,0,1,0,0,0,0,0,6.49835E+20,5.85319E+21,1.12229E+16,5.28076E+16
68756,,15,0,81,280,2017,5,8,6,3,0,7,1,0,0,0,0,0,1,6.45064E+20,5.833E+21,1.11433E+16,5.26276E+16
68757,,15,0,3,0,2017,5,9,5,3,5,3,0,1,1,0,0,0,0,6.77077E+20,5.77849E+21,1.1587E+16,5.21285E+16
68758,,15,0,88,220,2017,5,16,5,2,3,7,0,1,0,1,0,0,0,7.05678E+20,5.6952E+21,1.19551E+16,5.13708E+16
68759,,15,0,86,40,2017,6,14,6,3,0,1,0,0,0,1,0,0,1,7.14381E+20,5.81151E+21,1.21522E+16,5.24117E+16
68760,,15,0,85,228,2017,6,13,6,2,4,6,0,1,0,0,0,0,0,6.25367E+20,5.73968E+21,1.08179E+16,5.1794E+16
68761,,15,0,85,230,2017,6,11,6,3,8,1,0,1,0,0,0,0,0,6.19835E+20,5.75806E+21,1.07441E+16,5.19603E+16
68762,,15,0,87,370,2017,5,14,5,3,1,6,0,1,0,0,0,0,0,6.60178E+20,5.70272E+21,1.13054E+16,5.1453E+16
68763,,15,0,83,415,2017,6,9,6,3,5,3,0,1,0,0,0,0,1,6.53913E+20,5.76746E+21,1.12439E+16,5.20363E+16
68764,,15,0,83,35,2017,6,6,6,3,9,1,0,1,0,0,0,0,1,6.44238E+20,5.7709E+21,1.11044E+16,5.20698E+16
68765,,15,0,2,0,2017,5,15,5,3,5,3,0,1,0,0,0,0,0,7.06925E+20,5.7093E+21,1.19812E+16,5.14969E+16
68766,,15,0,83,40,2017,6,16,6,3,9,1,0,0,0,1,0,0,0,6.78187E+20,5.78623E+21,1.16073E+16,5.21977E+16
68767,,15,0,81,135,2017,6,14,6,3,5,3,0,1,0,0,0,0,0,6.51991E+20,5.81778E+21,1.12386E+16,5.24889E+16
68768,,15,0,84,235,2017,5,14,5,2,2,3,0,1,0,1,0,0,0,7.1416E+20,5.6685E+21,1.20608E+16,5.11278E+16
68769,,15,0,88,295,2017,6,10,5,2,2,6,0,1,0,0,1,0,0,7.01257E+20,5.71754E+21,1.19043E+16,5.1573E+16
68770,,15,0,84,355,2017,5,14,5,3,5,3,1,1,0,0,0,0,0,6.95739E+20,5.67029E+21,1.17988E+16,5.11505E+16
68771,,15,0,88,220,2017,6,15,5,2,1,6,0,1,0,0,1,0,0,7.0469E+20,5.6904E+21,1.19381E+16,5.1328E+16
68772,,15,0,84,355,2017,5,10,5,3,1,2,0,1,0,0,0,0,0,6.95939E+20,5.6701E+21,1.18016E+16,5.11488E+16
68773,,15,0,88,305,2017,6,12,5,3,3,2,0,1,0,0,1,0,0,6.79572E+20,5.68842E+21,1.1577E+16,5.13187E+16
68774,,15,0,91,375,2017,5,14,5,2,5,3,1,0,0,0,1,0,0,7.50285E+20,5.75285E+21,1.26359E+16,5.18702E+16
68775,,15,0,88,195,2017,6,18,5,3,4,6,0,1,0,0,0,0,0,7.15121E+20,5.70725E+21,1.20978E+16,5.14755E+16
68776,,15,0,86,15,2017,5,8,5,3,1,6,0,1,0,0,0,0,0,6.97482E+20,5.79097E+21,1.1892E+16,5.22337E+16
68777,,15,0,85,228,2017,5,13,5,2,2,6,0,1,0,0,0,0,0,6.30894E+20,5.73171E+21,1.0895E+16,5.1721E+16
68778,,15,0,85,228,2017,5,18,5,2,8,1,0,0,0,0,1,0,0,6.32774E+20,5.72473E+21,1.09195E+16,5.16579E+16
68779,,15,0,83,390,2017,5,12,5,2,2,6,0,1,0,0,0,0,0,6.71094E+20,5.79135E+21,1.15062E+16,5.2246E+16
68780,,15,0,88,195,2017,6,15,5,3,2,6,0,1,0,0,0,0,0,7.19938E+20,5.7072E+21,1.2167E+16,5.14731E+16
68781,,15,0,88,340,2017,5,18,4,2,3,7,0,1,0,1,0,0,0,6.8517E+20,5.69953E+21,1.1663E+16,5.14167E+16
68782,,15,0,84,355,2017,4,13,5,3,5,3,0,1,0,1,0,0,0,6.9594E+20,5.6701E+21,1.18016E+16,5.11488E+16
68783,,15,0,87,220,2017,6,7,5,3,5,3,0,1,0,0,0,0,0,6.73646E+20,5.72447E+21,1.15098E+16,5.16444E+16
68784,,15,0,88,195,2017,5,13,4,1,2,6,0,1,0,0,1,0,0,7.09481E+20,5.71275E+21,1.202E+16,5.15269E+16
68785,,15,0,84,355,2017,4,13,5,3,2,6,0,1,0,0,0,0,0,6.96773E+20,5.6709E+21,1.18139E+16,5.11557E+16
68786,,15,0,82,377,2017,4,14,5,3,6,4,0,1,1,0,0,0,0,7.02706E+20,5.72838E+21,1.19315E+16,5.16698E+16
68787,,15,0,87,386,2017,6,6,5,2,8,1,0,1,0,0,0,0,0,6.8622E+20,5.7073E+21,1.16822E+16,5.14861E+16
68788,,15,0,90,610,2017,4,16,5,2,9,1,0,1,0,0,0,0,0,7.04642E+20,5.85853E+21,1.20383E+16,5.28376E+16
68789,,15,0,91,60,2017,6,13,5,3,2,6,0,1,0,0,0,0,0,7.39602E+20,5.76359E+21,1.24885E+16,5.19713E+16
68790,,15,0,89,75,2017,4,12,5,3,3,6,0,1,0,0,1,0,0,6.68049E+20,5.75888E+21,1.14456E+16,5.19552E+16
68791,,15,0,82,15,2017,6,11,5,3,5,3,0,1,0,0,0,0,0,7.2677E+20,5.72567E+21,1.22772E+16,5.16363E+16
68792,,15,0,83,40,2017,6,14,5,3,1,6,0,1,0,0,0,0,0,6.79912E+20,5.7857E+21,1.16322E+16,5.21923E+16
68793,,15,0,88,150,2017,5,18,4,3,5,3,0,1,0,0,0,0,0,7.11688E+20,5.70504E+21,1.20472E+16,5.14569E+16
68794,,15,0,86,140,2017,6,16,5,1,3,6,0,1,0,0,0,0,0,7.14744E+20,5.79283E+21,1.21456E+16,5.22439E+16
68795,,15,0,3,0,2017,6,21,5,2,8,1,0,1,0,0,0,2,1,6.79012E+20,5.77019E+21,1.16109E+16,5.20534E+16
68796,,15,0,87,370,2017,5,18,4,2,4,1,0,0,0,1,1,0,0,6.58972E+20,5.71581E+21,1.12939E+16,5.15709E+16
68797,,15,0,85,330,2017,6,16,5,3,9,1,0,1,0,0,0,0,0,6.43064E+20,5.73845E+21,1.10738E+16,5.17786E+16
68798,,15,0,89,75,2017,4,12,5,3,3,6,0,1,0,0,0,0,0,6.68034E+20,5.75887E+21,1.14454E+16,5.19551E+16
68799,,15,0,3,0,2017,4,12,5,3,1,5,0,1,0,0,0,0,0,6.82676E+20,5.77905E+21,1.1669E+16,5.21317E+16
68800,,15,0,87,260,2017,5,11,4,2,3,3,0,1,0,1,0,0,0,6.73413E+20,5.71776E+21,1.15031E+16,5.15842E+16
68801,,15,0,83,230,2017,6,12,5,3,2,3,1,1,0,0,0,0,0,6.53171E+20,5.80001E+21,1.12478E+16,5.2329E+16
68802,,15,0,84,355,2017,5,0,4,3,7,7,0,0,0,1,0,2,0,6.96271E+20,5.67022E+21,1.18064E+16,5.11497E+16
68803,,15,0,88,100,2017,6,16,4,2,2,6,0,0,0,0,1,0,0,6.80144E+20,5.70267E+21,1.15924E+16,5.14465E+16
68804,,15,0,84,355,2017,5,15,4,3,2,6,0,1,0,1,0,0,0,6.95217E+20,5.67049E+21,1.17915E+16,5.11525E+16
68805,,15,0,84,235,2017,5,9,4,2,5,2,0,1,0,1,0,0,0,7.18539E+20,5.67228E+21,1.21255E+16,5.11601E+16
68806,,15,0,91,60,2017,5,2,4,2,8,1,0,0,0,0,1,2,0,7.39256E+20,5.76341E+21,1.24833E+16,5.19698E+16
68807,,15,0,3,0,2017,4,7,5,3,3,6,0,1,0,0,0,0,0,6.7978E+20,5.77996E+21,1.16273E+16,5.21409E+16
68808,,15,0,89,307,2017,5,9,4,2,1,1,0,1,0,0,1,0,0,6.61094E+20,5.7404E+21,1.13359E+16,5.17912E+16
68809,,15,0,86,140,2017,5,11,4,3,6,4,0,1,1,0,0,0,0,7.0201E+20,5.78067E+21,1.19521E+16,5.21395E+16
68810,,15,0,3,0,2017,4,9,5,3,2,6,0,1,0,0,0,0,0,6.82343E+20,5.77748E+21,1.16633E+16,5.21178E+16
68811,,15,0,83,40,2017,5,14,4,2,5,3,1,1,0,0,0,0,0,6.76387E+20,5.7883E+21,1.15821E+16,5.22169E+16
68812,,15,0,3,0,2017,4,12,5,2,0,7,1,0,0,0,0,0,0,6.8151E+20,5.77967E+21,1.16523E+16,5.21376E+16
68813,,15,0,88,330,2017,5,7,3,3,4,6,0,1,0,1,0,0,0,7.18462E+20,5.69977E+21,1.21412E+16,5.1407E+16
68814,,15,0,86,35,2017,4,16,5,3,2,2,0,1,0,0,0,0,0,7.05505E+20,5.80059E+21,1.20152E+16,5.23171E+16
68815,,15,0,83,411,2017,4,14,5,3,5,3,0,1,0,0,0,0,0,6.4118E+20,5.80114E+21,1.10725E+16,5.23424E+16
68816,,15,0,87,412,2017,5,6,3,3,5,3,0,1,0,0,0,0,0,6.43838E+20,5.71523E+21,1.10755E+16,5.15698E+16
68817,,15,0,84,315,2017,4,4,4,3,7,7,0,1,0,0,0,2,0,7.10822E+20,5.67618E+21,1.20176E+16,5.11981E+16
68818,,15,0,87,412,2017,4,19,4,2,9,1,0,1,0,0,0,0,1,6.36658E+20,5.71965E+21,1.09737E+16,5.16113E+16
68819,,15,0,88,20,2017,6,8,4,3,2,6,0,1,0,1,1,0,0,7.15917E+20,5.68368E+21,1.2095E+16,5.12635E+16
68820,,15,0,2,0,2017,4,15,4,3,2,6,0,1,0,0,0,0,0,7.07214E+20,5.70657E+21,1.19837E+16,5.14723E+16
68821,,15,0,2,0,2017,4,10,4,3,2,6,0,1,0,0,0,0,0,7.07142E+20,5.70718E+21,1.19831E+16,5.14778E+16
68822,,15,0,84,375,2017,6,11,4,3,2,6,0,1,0,0,0,0,0,7.06096E+20,5.65777E+21,1.19396E+16,5.10345E+16
68823,,15,0,2,0,2017,4,15,4,3,5,3,0,1,0,0,0,0,0,7.05526E+20,5.71073E+21,1.19619E+16,5.15102E+16
68824,,15,0,87,15,2017,6,18,4,3,0,6,0,1,0,0,1,0,0,6.67673E+20,5.70058E+21,1.14121E+16,5.14315E+16
68825,,15,0,84,490,2017,4,13,4,3,9,1,0,1,0,0,0,0,0,7.04884E+20,5.67026E+21,1.19294E+16,5.11471E+16
68826,,15,0,84,550,2017,4,12,4,3,1,6,0,1,0,0,0,0,0,7.07024E+20,5.67608E+21,1.19633E+16,5.11985E+16
68827,,15,0,84,235,2017,4,9,4,3,1,2,0,1,0,0,1,0,1,7.14166E+20,5.66849E+21,1.20608E+16,5.11278E+16
68828,,15,0,1,0,2017,4,20,4,3,1,6,0,1,0,0,0,1,1,7.18261E+20,5.7449E+21,1.21665E+16,5.18123E+16
68829,,15,0,82,15,2017,4,18,4,3,5,3,0,1,0,0,0,0,1,7.28892E+20,5.72306E+21,1.23061E+16,5.16119E+16
68830,,15,0,90,535,2017,4,22,4,3,3,6,1,1,0,0,0,2,1,6.87913E+20,5.82764E+21,1.17726E+16,5.25664E+16
68831,,15,0,89,15,2017,4,9,4,3,8,1,0,1,0,0,0,0,0,6.69626E+20,5.74212E+21,1.14603E+16,5.18042E+16
68832,,15,0,85,228,2017,4,22,4,2,6,6,0,0,1,0,1,2,1,6.18857E+20,5.72672E+21,1.07191E+16,5.16789E+16
68833,,15,0,85,135,2017,4,9,4,2,5,3,1,1,0,0,0,0,0,6.4086E+20,5.75068E+21,1.10469E+16,5.18891E+16
68834,,15,0,2,0,2017,4,14,3,3,5,3,1,1,0,0,0,0,0,7.07305E+20,5.70472E+21,1.1984E+16,5.14556E+16
68835,,15,0,2,0,2017,5,16,3,3,2,6,0,1,0,0,0,0,0,7.07249E+20,5.7056E+21,1.19837E+16,5.14635E+16
68836,,15,0,88,25,2017,6,13,4,3,3,2,0,1,0,0,0,0,0,6.96149E+20,5.69246E+21,1.18168E+16,5.13495E+16
68837,,15,0,91,391,2017,6,14,4,2,1,2,0,1,0,0,0,0,0,7.57832E+20,5.75565E+21,1.27473E+16,5.18919E+16
68838,,15,0,91,375,2017,6,16,4,2,5,3,0,1,0,1,0,0,0,7.50417E+20,5.75266E+21,1.26376E+16,5.18685E+16
68839,,15,0,91,375,2017,5,15,3,2,9,1,0,1,0,0,0,0,0,7.5507E+20,5.75256E+21,1.2705E+16,5.18655E+16
68840,,15,0,1,0,2017,6,15,4,2,5,3,0,1,0,1,0,0,0,7.20617E+20,5.74704E+21,1.22019E+16,5.18306E+16
68841,,15,0,82,15,2017,6,16,4,3,4,2,1,1,0,0,0,0,0,7.20195E+20,5.72582E+21,1.21824E+16,5.16402E+16
68842,,15,0,91,145,2017,5,10,3,2,5,3,0,1,0,0,1,0,0,7.79707E+20,5.74524E+21,1.3056E+16,5.1788E+16
68843,,15,0,90,631,2017,6,13,4,2,4,6,0,1,0,1,0,0,0,7.04767E+20,5.82592E+21,1.20199E+16,5.25447E+16
68844,,15,0,83,120,2017,6,11,4,3,9,7,0,0,0,0,1,0,0,6.78829E+20,5.81141E+21,1.163E+16,5.24236E+16
68845,,15,0,1,0,2017,5,22,3,1,5,2,0,1,0,1,0,2,0,7.229E+20,5.75325E+21,1.2239E+16,5.18854E+16
68846,,15,0,89,15,2017,6,16,4,2,2,6,0,1,0,0,0,0,0,6.66993E+20,5.73757E+21,1.142E+16,5.17641E+16
68847,,15,0,89,307,2017,5,8,3,2,5,3,1,1,0,0,0,0,0,6.57623E+20,5.74412E+21,1.12873E+16,5.18257E+16
68848,,15,0,89,195,2017,5,17,3,3,4,6,0,1,0,0,1,0,0,6.83307E+20,5.73009E+21,1.16522E+16,5.16918E+16
68849,,15,0,86,15,2017,5,14,3,3,4,2,0,1,0,0,1,0,0,6.88625E+20,5.79453E+21,1.17645E+16,5.22688E+16
68850,,15,0,86,80,2017,5,17,3,2,5,2,0,1,0,1,0,0,0,7.09951E+20,5.81682E+21,1.20905E+16,5.24611E+16
68851,,15,0,85,40,2017,5,10,3,3,8,1,0,1,0,0,0,0,0,6.54279E+20,5.73244E+21,1.12336E+16,5.17216E+16
68852,,15,0,83,490,2017,5,15,3,2,5,3,0,1,0,1,0,0,0,6.79248E+20,5.76952E+21,1.1614E+16,5.20472E+16
68853,,15,0,87,370,2017,5,14,2,2,5,3,0,1,0,0,1,0,0,6.58983E+20,5.7086E+21,1.12909E+16,5.15062E+16
68854,,15,0,91,241,2017,5,18,2,3,2,6,0,1,0,0,0,0,0,7.30496E+20,5.75053E+21,1.23474E+16,5.18579E+16
68855,,15,0,84,130,2017,4,10,3,2,5,3,0,1,0,0,1,0,0,7.2555E+20,5.65952E+21,1.22177E+16,5.10429E+16
68856,,15,0,91,160,2017,4,6,3,3,8,7,0,1,0,0,0,1,0,7.47922E+20,5.74286E+21,1.25945E+16,5.17816E+16
68857,,15,0,91,375,2017,5,12,2,2,5,2,1,1,0,0,0,0,0,7.51153E+20,5.75345E+21,1.26489E+16,5.18751E+16
68858,,15,0,3,0,2017,6,14,4,3,6,4,0,1,1,0,0,0,0,6.75509E+20,5.78144E+21,1.15657E+16,5.21556E+16
68859,,15,0,83,270,2017,6,9,4,2,5,3,0,1,0,0,0,0,0,6.66686E+20,5.79476E+21,1.14434E+16,5.22779E+16
68860,,15,0,91,20,2017,5,18,2,3,0,3,1,1,0,0,0,0,0,7.52402E+20,5.72673E+21,1.26476E+16,5.16349E+16
68861,,15,0,81,135,2017,6,22,4,3,7,7,0,0,0,1,0,1,0,6.61691E+20,5.82383E+21,1.13843E+16,5.25405E+16
68862,,15,0,81,455,2017,6,10,4,3,8,1,0,1,0,0,0,0,0,6.43784E+20,5.85485E+21,1.1134E+16,5.28243E+16
68863,,15,0,87,220,2017,6,11,3,3,5,3,0,1,0,0,0,0,0,6.7125E+20,5.72381E+21,1.14748E+16,5.16392E+16
68864,,15,0,82,430,2017,5,5,2,1,9,1,0,1,0,0,0,0,1,7.05318E+20,5.76888E+21,1.19933E+16,5.20325E+16
68865,,15,0,91,145,2017,6,8,3,3,1,2,0,1,0,0,0,0,0,7.72694E+20,5.74436E+21,1.29539E+16,5.17835E+16
68866,,15,0,82,340,2017,5,12,2,2,5,3,1,1,0,0,0,0,0,7.25142E+20,5.72524E+21,1.22534E+16,5.16331E+16
68867,,15,0,85,370,2017,6,9,3,3,8,1,0,0,0,0,1,0,0,6.22148E+20,5.74827E+21,1.07743E+16,5.18719E+16
68868,,15,0,83,298,2017,5,12,2,2,8,1,0,1,0,0,0,0,0,6.6814E+20,5.78415E+21,1.14594E+16,5.21822E+16
68869,,15,0,83,298,2017,6,20,3,3,3,6,0,1,0,0,0,0,0,6.71208E+20,5.78258E+21,1.15034E+16,5.21671E+16
68870,,15,0,3,0,2017,5,13,2,3,1,6,0,1,0,0,0,0,0,6.77357E+20,5.77339E+21,1.15885E+16,5.20826E+16
68871,,15,0,85,370,2017,5,15,2,2,5,3,1,1,0,0,0,0,0,6.2082E+20,5.74496E+21,1.07538E+16,5.18423E+16
68872,,15,0,85,40,2017,5,18,2,2,2,6,1,1,0,0,0,0,0,6.55049E+20,5.73265E+21,1.12448E+16,5.17233E+16
68873,,15,0,83,565,2017,5,14,2,2,5,2,1,1,0,0,0,0,0,6.78945E+20,5.79211E+21,1.16215E+16,5.22503E+16
68874,,15,0,81,455,2017,5,8,2,3,8,1,0,0,0,0,1,0,0,6.45802E+20,5.86078E+21,1.11666E+16,5.2877E+16
68875,,15,0,91,160,2017,4,13,3,2,4,6,0,1,0,0,1,0,0,7.50689E+20,5.74745E+21,1.26378E+16,5.18216E+16
68876,,15,0,88,100,2017,5,18,1,3,0,6,0,1,0,0,0,0,0,6.78846E+20,5.70262E+21,1.15737E+16,5.14465E+16
68877,,15,0,2,0,2017,5,13,1,3,3,6,0,1,0,0,0,0,1,7.05685E+20,5.7105E+21,1.1964E+16,5.15081E+16
68878,,15,0,91,375,2017,4,15,3,2,5,3,0,1,0,0,1,0,0,7.44303E+20,5.75328E+21,1.25494E+16,5.18767E+16
68879,,15,0,83,298,2017,4,16,3,2,2,7,0,1,0,0,1,0,0,6.65449E+20,5.78472E+21,1.14204E+16,5.21881E+16