OBJECTID,UIDENTSTLA,ULAND,UREGBEZ,UKREIS,UGEMEINDE,UJAHR,UMONAT,USTUNDE,UWOCHENTAG,UKATEGORIE,UART,UTYP1,IstRad,IstPKW,IstFuss,IstKrad,IstSonstig,LICHT,STRZUSTAND,LINREFX,LINREFY,XGCSWGS84,YGCSWGS84
68880,,15,0,84,470,2017,5,10,1,3,5,3,0,1,0,0,0,0,1,7.03587E+20,5.6664E+21,1.19087E+16,5.11128E+16
68881,,15,0,83,270,2017,4,13,3,3,0,1,1,0,0,0,0,0,0,6.65229E+20,5.79501E+21,1.14222E+16,5.22806E+16
68882,,15,0,87,412,2017,4,12,2,2,4,3,0,1,0,0,0,0,0,6.38223E+20,5.71827E+21,1.09957E+16,5.15985E+16
68883,,15,0,3,0,2017,6,7,3,2,5,2,0,1,0,0,1,0,0,6.76125E+20,5.77227E+21,1.15699E+16,5.2073E+16
68884,,15,0,2,0,2017,4,16,2,3,3,2,1,1,0,0,0,0,0,7.08265E+20,5.70107E+21,1.19956E+16,5.14225E+16
68885,,15,0,82,377,2017,4,13,2,2,5,3,0,1,0,0,0,0,0,6.99595E+20,5.7348E+21,1.18902E+16,5.17286E+16
68886,,15,0,85,330,2017,6,12,3,3,5,3,1,0,0,1,0,0,0,6.41718E+20,5.7356E+21,1.10532E+16,5.17533E+16
68887,,15,0,89,305,2017,4,5,2,2,1,6,0,1,0,0,1,2,0,6.86152E+20,5.76619E+21,1.17127E+16,5.2015E+16
68888,,15,0,85,135,2017,6,7,3,3,5,3,1,1,0,0,0,0,0,6.42494E+20,5.75203E+21,1.10712E+16,5.19007E+16
68889,,15,0,83,531,2017,6,1,3,3,8,1,0,1,0,0,0,2,0,6.64095E+20,5.76773E+21,1.13924E+16,5.20359E+16
68890,,15,0,91,391,2017,5,11,1,3,5,3,0,1,0,0,0,0,0,7.58051E+20,5.75149E+21,1.27474E+16,5.18545E+16
68891,,15,0,84,375,2017,6,16,2,2,4,6,0,1,0,0,1,0,0,7.06628E+20,5.6604E+21,1.19486E+16,5.10579E+16
68892,,15,0,3,0,2017,4,9,2,3,0,7,1,0,0,0,0,0,0,6.80666E+20,5.77977E+21,1.16401E+16,5.21389E+16
68893,,15,0,3,0,2017,4,12,2,3,2,6,0,1,0,0,1,0,0,6.85543E+20,5.77949E+21,1.17111E+16,5.21347E+16
68894,,15,0,85,228,2017,4,13,2,2,8,1,0,0,0,1,0,0,0,6.31521E+20,5.72525E+21,1.09016E+16,5.16628E+16
68895,,15,0,3,0,2017,4,22,2,2,5,3,0,1,0,0,0,2,0,6.77409E+20,5.78336E+21,1.15944E+16,5.21721E+16
68896,,15,0,83,270,2017,4,17,2,3,8,6,0,0,0,1,0,0,0,6.61483E+20,5.79536E+21,1.13675E+16,5.22848E+16
68897,,15,0,81,225,2017,4,17,2,3,8,1,0,0,0,0,1,0,0,6.27607E+20,5.83503E+21,1.08863E+16,5.26502E+16
68898,,15,0,82,340,2017,4,14,1,2,0,7,0,0,0,1,0,0,0,7.2135E+20,5.7151E+21,1.21923E+16,5.15436E+16
68899,,15,0,2,0,2017,4,14,1,3,9,1,0,1,0,0,0,0,0,7.00127E+20,5.71198E+21,1.18849E+16,5.15234E+16
68900,,15,0,88,305,2017,4,15,1,3,9,2,0,1,0,1,0,0,0,6.71045E+20,5.68974E+21,1.14554E+16,5.13332E+16
68901,,15,0,87,412,2017,6,15,2,3,8,7,0,1,0,0,0,0,0,6.35307E+20,5.71031E+21,1.09506E+16,5.15277E+16
68902,,15,0,2,0,2017,6,7,2,3,5,3,0,1,0,0,0,0,0,7.07006E+20,5.70628E+21,1.19806E+16,5.14697E+16
68903,,15,0,83,40,2017,6,17,2,2,5,2,1,1,0,0,0,0,0,6.74973E+20,5.78725E+21,1.15608E+16,5.22079E+16
68904,,15,0,3,0,2017,5,15,1,3,1,6,0,1,0,0,0,0,0,6.78607E+20,5.77977E+21,1.161E+16,5.21395E+16
68905,,15,0,3,0,2017,6,13,2,3,2,6,0,1,0,0,0,0,0,6.7858E+20,5.77649E+21,1.16079E+16,5.21101E+16
68906,,15,0,85,140,2017,6,15,2,3,5,2,0,1,0,0,0,0,0,6.44293E+20,5.74828E+21,1.10957E+16,5.18666E+16
68907,,15,0,85,330,2017,5,4,1,3,8,1,0,1,0,0,0,1,1,6.39595E+20,5.7411E+21,1.10247E+16,5.18033E+16
68908,,15,0,85,135,2017,6,9,2,3,1,6,0,1,0,0,0,0,0,6.42732E+20,5.74984E+21,1.10737E+16,5.1881E+16
68909,,15,0,83,531,2017,6,16,2,3,5,3,1,1,0,0,0,0,0,6.71591E+20,5.77549E+21,1.15054E+16,5.21033E+16
68910,,15,0,83,411,2017,5,6,1,2,8,1,0,0,0,1,0,0,1,6.41214E+20,5.81402E+21,1.10784E+16,5.24581E+16
68911,,15,0,83,190,2017,6,19,2,3,5,2,1,1,0,0,0,0,0,6.52287E+20,5.77978E+21,1.12257E+16,5.21475E+16
68912,,15,0,83,270,2017,5,0,1,3,4,6,1,0,0,0,0,2,1,6.6522E+20,5.79487E+21,1.1422E+16,5.22793E+16
68913,,15,0,83,120,2017,6,18,2,3,4,1,0,1,0,0,0,0,0,6.83552E+20,5.80998E+21,1.16986E+16,5.24092E+16
68914,,15,0,88,319,2017,5,13,7,3,5,3,0,1,0,0,0,0,0,6.95947E+20,5.7057E+21,1.18212E+16,5.14685E+16
68915,,15,0,88,295,2017,5,18,7,3,5,3,1,1,0,0,0,0,0,7.05105E+20,5.7141E+21,1.19578E+16,5.15407E+16
68916,,15,0,81,280,2017,6,14,2,3,5,2,1,1,0,0,0,0,0,6.46015E+20,5.83304E+21,1.11574E+16,5.26277E+16
68917,,15,0,87,386,2017,5,8,7,2,2,5,1,1,0,0,0,0,0,6.81735E+20,5.70421E+21,1.16161E+16,5.14598E+16
68918,,15,0,3,0,2017,5,10,7,2,2,2,0,1,0,0,0,0,0,6.73588E+20,5.7732E+21,1.15334E+16,5.20821E+16
68919,,15,0,84,315,2017,6,17,1,2,3,6,0,1,0,1,0,0,0,7.17824E+20,5.68064E+21,1.21204E+16,5.12355E+16
68920,,15,0,85,235,2017,5,17,7,2,8,7,0,1,0,0,0,0,0,6.49818E+20,5.73859E+21,1.11717E+16,5.17781E+16
68921,,15,0,87,370,2017,4,13,1,3,8,1,0,0,0,1,0,0,0,6.59153E+20,5.71467E+21,1.1296E+16,5.15606E+16
68922,,15,0,84,590,2017,4,8,1,2,2,6,0,1,0,0,0,0,0,7.1727E+20,5.65957E+21,1.20998E+16,5.10465E+16
68923,,15,0,82,15,2017,4,12,1,3,5,3,1,1,0,0,0,0,0,7.29372E+20,5.72351E+21,1.23133E+16,5.16158E+16
68924,,15,0,86,15,2017,4,16,1,3,4,6,1,0,0,0,0,0,0,6.96989E+20,5.79444E+21,1.18868E+16,5.2265E+16
68925,,15,0,85,135,2017,5,10,7,3,3,6,0,1,0,1,0,0,0,6.37966E+20,5.74908E+21,1.10042E+16,5.18754E+16
68926,,15,0,88,30,2017,6,14,1,3,8,1,0,1,0,0,0,0,0,6.84106E+20,5.68997E+21,1.16428E+16,5.13312E+16
68927,,15,0,88,150,2017,6,17,1,3,8,7,0,0,0,1,0,0,0,7.12429E+20,5.70332E+21,1.20568E+16,5.14412E+16
68928,,15,0,87,31,2017,6,3,1,2,9,1,0,1,0,0,0,2,0,6.69581E+20,5.72948E+21,1.14535E+16,5.16906E+16
68929,,15,0,1,0,2017,6,9,1,3,8,1,0,0,0,1,0,0,0,7.17923E+20,5.74464E+21,1.21614E+16,5.18101E+16
68930,,15,0,85,135,2017,5,17,7,3,5,3,0,1,0,0,0,0,0,6.42629E+20,5.74997E+21,1.10723E+16,5.18823E+16
68931,,15,0,82,430,2017,6,8,1,2,4,1,0,1,0,1,0,0,0,7.21508E+20,5.7644E+21,1.2226E+16,5.19861E+16
68932,,15,0,85,370,2017,6,16,1,3,8,1,0,0,0,1,0,0,0,6.17304E+20,5.73551E+21,1.06996E+16,5.17582E+16
68933,,15,0,83,490,2017,5,14,7,3,2,6,0,1,0,0,0,0,0,6.72736E+20,5.76822E+21,1.15185E+16,5.20376E+16
68934,,15,0,83,565,2017,6,18,1,3,9,1,0,1,0,0,0,0,0,6.78803E+20,5.79653E+21,1.16217E+16,5.229E+16
68935,,15,0,81,135,2017,5,18,7,2,8,1,0,1,0,0,0,0,1,6.58733E+20,5.82928E+21,1.13433E+16,5.25903E+16
68936,,15,0,88,195,2017,6,12,7,2,2,6,0,1,0,0,0,0,0,7.08912E+20,5.71432E+21,1.20127E+16,5.15413E+16
68937,,15,0,81,135,2017,5,19,7,2,0,1,1,0,0,0,0,0,1,6.56515E+20,5.82046E+21,1.13064E+16,5.25117E+16
68938,,15,0,2,0,2017,5,17,6,3,1,6,0,1,0,0,0,0,1,7.07468E+20,5.7015E+21,1.19844E+16,5.14267E+16
68939,,15,0,87,55,2017,6,9,7,2,8,7,0,1,0,0,0,0,0,6.36941E+20,5.7038E+21,1.09716E+16,5.14687E+16
68940,,15,0,2,0,2017,5,22,6,3,5,3,0,1,0,0,0,1,1,7.07202E+20,5.70658E+21,1.19836E+16,5.14724E+16
68941,,15,0,88,220,2017,6,6,7,3,3,6,0,1,0,0,0,0,0,7.07566E+20,5.69315E+21,1.19809E+16,5.13517E+16
68942,,15,0,84,550,2017,5,16,6,3,5,2,0,1,0,0,0,0,1,7.11137E+20,5.68321E+21,1.20263E+16,5.12611E+16
68943,,15,0,84,275,2017,5,14,6,3,2,6,0,1,0,0,1,0,0,7.13605E+20,5.66177E+21,1.20489E+16,5.10677E+16
68944,,15,0,84,550,2017,5,14,6,3,2,6,0,1,0,0,0,0,0,7.09084E+20,5.67486E+21,1.1992E+16,5.11869E+16
68945,,15,0,91,145,2017,5,9,6,3,8,1,0,1,0,0,0,0,0,7.68707E+20,5.74986E+21,1.29005E+16,5.18348E+16
68946,,15,0,1,0,2017,5,13,6,2,3,6,0,1,0,1,0,0,0,7.22798E+20,5.75212E+21,1.22368E+16,5.18753E+16
68947,,15,0,87,412,2017,6,13,7,3,8,1,0,0,0,1,0,0,0,6.38927E+20,5.71743E+21,1.10055E+16,5.15907E+16
68948,,15,0,89,30,2017,5,20,6,3,9,6,0,1,0,0,1,0,0,6.8448E+20,5.74056E+21,1.16747E+16,5.17854E+16
68949,,15,0,85,228,2017,4,16,1,3,0,2,0,0,0,1,0,0,0,6.295E+20,5.73015E+21,1.08742E+16,5.17073E+16
68950,,15,0,87,31,2017,6,13,7,3,3,6,0,1,0,0,0,0,0,6.69814E+20,5.731E+21,1.14576E+16,5.17042E+16
68951,,15,0,91,375,2017,6,16,7,3,3,2,0,1,0,0,0,0,0,7.57993E+20,5.76431E+21,1.27562E+16,5.19695E+16
68952,,15,0,85,330,2017,4,11,1,3,2,6,0,1,0,0,0,0,0,6.42677E+20,5.73549E+21,1.1067E+16,5.17521E+16
68953,,15,0,83,565,2017,4,12,1,3,9,1,0,1,0,0,0,0,0,6.8015E+20,5.79368E+21,1.16399E+16,5.22639E+16
68954,,15,0,86,145,2017,6,13,7,3,9,7,0,1,0,0,0,0,0,6.84641E+20,5.78907E+21,1.17032E+16,5.22211E+16
68955,,15,0,86,140,2017,4,2,7,3,2,6,0,1,0,0,0,2,0,7.14783E+20,5.79284E+21,1.21462E+16,5.2244E+16
68956,,15,0,90,535,2017,6,23,7,3,8,1,0,1,0,0,0,2,0,6.94835E+20,5.829E+21,1.18754E+16,5.25761E+16
68957,,15,0,3,0,2017,5,15,6,3,2,6,0,1,0,0,0,0,0,6.82002E+20,5.78782E+21,1.16639E+16,5.22108E+16
68958,,15,0,89,310,2017,6,15,7,3,8,1,0,0,0,1,0,0,0,6.80181E+20,5.74463E+21,1.16145E+16,5.18234E+16
68959,,15,0,85,370,2017,6,11,7,3,5,3,0,1,0,0,0,0,0,6.21423E+20,5.74327E+21,1.0762E+16,5.1827E+16
68960,,15,0,90,546,2017,5,11,6,3,5,3,0,1,0,0,0,0,0,6.87519E+20,5.81199E+21,1.1758E+16,5.24259E+16
68961,,15,0,83,298,2017,6,13,7,3,2,2,0,1,0,0,0,0,0,6.67034E+20,5.78032E+21,1.14414E+16,5.21481E+16
68962,,15,0,83,535,2017,6,8,7,3,1,2,0,1,0,0,0,0,0,6.4776E+20,5.78363E+21,1.11613E+16,5.21833E+16
68963,,15,0,89,30,2017,5,12,6,1,5,3,0,1,0,0,0,0,0,6.93119E+20,5.74007E+21,1.17995E+16,5.17782E+16
68964,,15,0,88,195,2017,6,22,6,3,7,7,0,1,0,0,0,2,0,7.14387E+20,5.71595E+21,1.20926E+16,5.15538E+16
68965,,15,0,3,0,2017,4,11,7,2,4,1,0,1,0,0,0,0,1,6.80924E+20,5.78242E+21,1.16453E+16,5.21626E+16
68966,,15,0,85,135,2017,4,1,7,3,9,1,0,1,0,0,0,2,0,6.36023E+20,5.75093E+21,1.09767E+16,5.18925E+16
68967,,15,0,85,285,2017,4,14,7,3,8,1,0,1,0,0,0,0,0,6.48073E+20,5.75802E+21,1.11548E+16,5.19531E+16
68968,,15,0,91,60,2017,4,15,6,3,1,6,0,1,0,0,0,0,0,7.30958E+20,5.75089E+21,1.23543E+16,5.18609E+16
68969,,15,0,91,375,2017,4,12,6,3,5,3,0,1,0,0,0,0,0,7.5158E+20,5.75427E+21,1.26557E+16,5.18824E+16
68970,,15,0,1,0,2017,4,14,6,3,5,3,1,1,0,0,0,0,0,7.24807E+20,5.74747E+21,1.22629E+16,5.18328E+16
68971,,15,0,1,0,2017,4,18,6,3,8,1,0,0,0,1,0,0,0,7.23228E+20,5.74245E+21,1.22368E+16,5.17883E+16
68972,,15,0,83,323,2017,4,12,6,2,4,2,0,1,0,0,0,0,0,6.45728E+20,5.78641E+21,1.11328E+16,5.22088E+16
68973,,15,0,83,323,2017,4,1,6,2,3,6,0,1,0,0,1,2,0,6.42878E+20,5.787E+21,1.10914E+16,5.22149E+16
68974,,15,0,90,535,2017,4,13,6,3,1,6,0,1,0,0,0,0,0,6.94501E+20,5.83054E+21,1.18714E+16,5.25901E+16
68975,,15,0,89,307,2017,4,23,6,3,9,7,0,1,0,0,0,2,0,6.61035E+20,5.74176E+21,1.13357E+16,5.18035E+16
68976,,15,0,3,0,2017,4,10,6,2,9,7,0,1,0,0,0,0,0,6.77866E+20,5.77334E+21,1.15959E+16,5.2082E+16
68977,,15,0,83,415,2017,4,14,6,2,8,1,0,0,0,1,0,0,0,6.5655E+20,5.77258E+21,1.12847E+16,5.20816E+16
68978,,15,0,83,565,2017,4,17,6,2,4,6,0,1,0,1,0,0,0,6.7712E+20,5.79128E+21,1.15943E+16,5.22434E+16
68979,,15,0,81,135,2017,4,5,6,3,4,6,0,1,0,0,1,2,1,6.71232E+20,5.82286E+21,1.15243E+16,5.25289E+16
68980,,15,0,88,25,2017,4,20,5,3,2,6,0,1,0,0,0,2,0,6.93441E+20,5.6982E+21,1.17811E+16,5.1402E+16
68981,,15,0,88,295,2017,4,20,5,3,9,1,0,1,0,0,0,2,0,7.0107E+20,5.7178E+21,1.19018E+16,5.15753E+16
68982,,15,0,2,0,2017,4,13,5,3,2,6,0,1,0,0,0,0,0,7.09043E+20,5.70732E+21,1.20105E+16,5.14784E+16
68983,,15,0,82,440,2017,4,14,5,3,4,6,0,1,0,0,0,0,0,7.09937E+20,5.72646E+21,1.20348E+16,5.16499E+16
68984,,15,0,89,41,2017,4,15,5,3,5,3,1,1,0,0,0,0,0,6.74383E+20,5.75676E+21,1.15366E+16,5.19342E+16
68985,,15,0,3,0,2017,4,13,5,3,2,6,0,1,0,0,0,0,0,6.79031E+20,5.77983E+21,1.16163E+16,5.214E+16
68986,,15,0,3,0,2017,4,16,5,3,0,2,1,1,0,0,0,0,0,6.82499E+20,5.77908E+21,1.16665E+16,5.2132E+16
68987,,15,0,83,531,2017,4,9,5,3,0,6,0,0,0,1,1,0,0,6.64737E+20,5.77703E+21,1.14062E+16,5.21192E+16
68988,,15,0,87,412,2017,6,14,6,3,4,1,0,0,0,1,1,0,0,6.42557E+20,5.71159E+21,1.10555E+16,5.15374E+16
68989,,15,0,2,0,2017,6,22,6,3,5,2,0,1,0,0,0,2,0,7.09294E+20,5.70491E+21,1.20127E+16,5.14566E+16
68990,,15,0,84,590,2017,6,21,6,3,7,7,0,1,0,0,0,1,1,7.21841E+20,5.65705E+21,1.21633E+16,5.10222E+16
68991,,15,0,84,130,2017,6,13,6,2,5,3,0,1,0,0,1,0,0,7.2555E+20,5.65952E+21,1.22177E+16,5.10429E+16
68992,,15,0,3,0,2017,5,16,6,3,0,1,0,0,0,1,0,0,0,6.85845E+20,5.77955E+21,1.17156E+16,5.21352E+16
68993,,15,0,91,375,2017,6,13,6,3,5,2,1,1,0,0,0,0,0,7.46671E+20,5.75251E+21,1.25832E+16,5.18688E+16
68994,,15,0,91,375,2017,6,17,6,3,6,4,1,0,1,0,0,0,0,7.48476E+20,5.75232E+21,1.26093E+16,5.18662E+16
68995,,15,0,85,227,2017,5,12,6,2,0,2,1,1,0,0,0,0,0,6.21968E+20,5.74895E+21,1.07719E+16,5.18779E+16
68996,,15,0,91,391,2017,6,8,6,2,1,7,0,1,0,0,1,0,0,7.62783E+20,5.75575E+21,1.28192E+16,5.18904E+16
68997,,15,0,85,227,2017,5,16,6,2,0,7,0,0,0,0,1,0,0,6.26761E+20,5.75199E+21,1.08426E+16,5.19043E+16
68998,,15,0,82,301,2017,6,17,6,3,5,6,0,1,0,0,0,0,0,7.26845E+20,5.73552E+21,1.22847E+16,5.17247E+16
68999,,15,0,83,415,2017,5,16,6,2,8,1,0,0,0,1,0,0,0,6.59846E+20,5.76502E+21,1.13292E+16,5.20128E+16
69000,,15,0,82,340,2017,6,12,6,2,8,1,0,1,0,0,0,0,0,7.21293E+20,5.71926E+21,1.21941E+16,5.15809E+16
69001,,15,0,83,411,2017,5,16,6,3,9,1,0,0,0,1,0,0,0,6.41595E+20,5.80269E+21,1.10792E+16,5.23562E+16
69002,,15,0,83,270,2017,5,20,6,3,8,1,0,0,0,0,1,2,1,6.65555E+20,5.79731E+21,1.14281E+16,5.23012E+16
69003,,15,0,82,15,2017,6,21,6,3,0,7,1,0,0,0,0,0,0,7.2997E+20,5.72468E+21,1.23227E+16,5.16261E+16
69004,,15,0,88,195,2017,5,8,5,2,4,2,0,1,0,0,0,0,0,7.14881E+20,5.70727E+21,1.20944E+16,5.14757E+16
69005,,15,0,2,0,2017,5,17,5,3,3,6,0,1,0,0,1,0,0,7.06916E+20,5.70719E+21,1.19798E+16,5.1478E+16
69006,,15,0,84,130,2017,5,12,5,3,8,1,0,1,0,0,0,0,0,7.22399E+20,5.665E+21,1.21762E+16,5.10933E+16
69007,,15,0,84,315,2017,5,8,5,3,5,3,0,1,0,0,0,0,0,7.18988E+20,5.68121E+21,1.21374E+16,5.12401E+16
69008,,15,0,3,0,2017,6,3,6,2,8,6,0,1,0,0,1,2,0,6.76677E+20,5.78393E+21,1.1584E+16,5.21775E+16
69009,,15,0,91,375,2017,5,12,5,3,5,3,1,1,0,0,0,0,0,7.4883E+20,5.75229E+21,1.26144E+16,5.18658E+16
69010,,15,0,90,535,2017,6,12,6,3,2,6,0,1,0,0,1,0,0,6.95232E+20,5.82353E+21,1.18781E+16,5.25268E+16
69011,,15,0,3,0,2017,6,15,6,3,3,2,1,0,0,0,1,0,0,6.82365E+20,5.77915E+21,1.16645E+16,5.21327E+16
69012,,15,0,88,30,2017,4,14,4,2,3,6,0,1,0,0,1,0,0,6.84519E+20,5.68909E+21,1.16483E+16,5.13232E+16
69013,,15,0,83,298,2017,6,9,6,3,8,3,0,1,0,0,1,0,0,6.6675E+20,5.78218E+21,1.14381E+16,5.21649E+16
69014,,15,0,83,298,2017,6,13,6,3,5,3,1,0,0,0,1,0,0,6.65335E+20,5.78561E+21,1.14191E+16,5.21961E+16
69015,,15,0,87,386,2017,4,15,4,3,1,6,0,0,0,1,1,0,0,6.82289E+20,5.70892E+21,1.16265E+16,5.1502E+16
69016,,15,0,83,130,2017,6,12,6,3,5,3,1,1,0,0,0,0,0,6.78836E+20,5.79654E+21,1.16222E+16,5.229E+16
69017,,15,0,91,391,2017,5,15,5,3,4,6,0,1,0,0,1,0,0,7.61044E+20,5.74964E+21,1.27894E+16,5.18365E+16
69018,,15,0,81,240,2017,6,14,6,3,8,1,0,1,0,0,0,0,0,6.60428E+20,5.84402E+21,1.13755E+16,5.27222E+16
69019,,15,0,82,430,2017,5,15,5,3,5,2,0,1,0,0,1,0,0,7.16876E+20,5.76965E+21,1.2162E+16,5.2035E+16
69020,,15,0,81,280,2017,6,10,6,3,3,5,0,1,0,0,0,0,0,6.34059E+20,5.82535E+21,1.09777E+16,5.25617E+16
69021,,15,0,88,220,2017,6,10,5,3,5,3,0,1,0,0,1,0,0,7.07464E+20,5.69543E+21,1.19808E+16,5.13722E+16
69022,,15,0,82,241,2017,5,15,5,2,4,2,0,1,0,1,0,0,0,7.34065E+20,5.73176E+21,1.23865E+16,5.16879E+16
69023,,15,0,84,275,2017,6,15,5,3,4,6,0,1,0,0,0,0,0,7.17459E+20,5.6605E+21,1.2103E+16,5.10548E+16
69024,,15,0,82,15,2017,5,7,5,3,5,5,1,1,0,0,0,0,0,7.30697E+20,5.72503E+21,1.23334E+16,5.16289E+16
69025,,15,0,82,241,2017,6,12,5,2,9,7,0,1,0,0,0,0,0,7.40995E+20,5.72429E+21,1.24814E+16,5.1618E+16
69026,,15,0,2,0,2017,4,16,4,3,0,6,0,1,0,1,0,0,0,7.05487E+20,5.7074E+21,1.19594E+16,5.14803E+16
69027,,15,0,82,377,2017,5,7,5,2,5,3,0,1,0,1,0,0,0,7.12997E+20,5.72964E+21,1.20809E+16,5.16773E+16
69028,,15,0,82,5,2017,6,13,5,3,2,6,0,1,0,0,0,0,0,7.04989E+20,5.75049E+21,1.19775E+16,5.18675E+16
69029,,15,0,91,241,2017,4,18,4,2,8,1,0,0,0,1,0,0,0,7.35212E+20,5.74796E+21,1.2414E+16,5.18328E+16
69030,,15,0,1,0,2017,4,16,4,3,4,2,0,1,0,0,1,0,0,7.23233E+20,5.74916E+21,1.22412E+16,5.18486E+16
69031,,15,0,3,0,2017,9,15,6,3,2,2,0,1,0,0,0,0,0,6.81581E+20,5.77302E+21,1.16498E+16,5.20779E+16
69032,,15,0,81,135,2017,10,15,5,3,1,6,0,1,0,0,1,0,0,6.6896E+20,5.81355E+21,1.14861E+16,5.2446E+16
69033,,15,0,86,145,2017,7,15,1,3,0,6,0,1,0,0,0,0,0,6.91191E+20,5.79002E+21,1.17995E+16,5.22273E+16
69034,,15,0,1,0,2017,8,23,7,3,5,2,1,1,0,0,0,2,0,7.22464E+20,5.74767E+21,1.22291E+16,5.18355E+16
69035,,15,0,85,135,2017,9,21,6,3,5,2,0,1,0,0,0,2,1,6.41666E+20,5.75119E+21,1.10588E+16,5.18934E+16
69036,,15,0,90,635,2017,7,18,1,2,8,1,0,1,0,0,0,0,0,6.75998E+20,5.8676E+21,1.16185E+16,5.29291E+16
69037,,15,0,90,631,2017,7,15,1,2,5,2,0,1,0,1,0,0,0,7.11034E+20,5.82731E+21,1.21131E+16,5.25549E+16
69038,,15,0,87,45,2017,9,8,5,3,5,3,0,1,0,1,0,0,0,6.72768E+20,5.71642E+21,1.14931E+16,5.15724E+16
69039,,15,0,89,30,2017,7,19,1,3,5,3,0,1,0,1,0,0,0,6.89331E+20,5.74133E+21,1.17454E+16,5.17908E+16
69040,,15,0,89,30,2017,7,2,1,1,8,1,0,1,0,0,0,2,0,6.88086E+20,5.73667E+21,1.17248E+16,5.17493E+16
69041,,15,0,82,340,2017,8,14,7,2,5,3,0,1,0,0,0,0,0,7.27646E+20,5.71824E+21,1.2285E+16,5.15692E+16
69042,,15,0,88,295,2017,10,7,4,3,1,6,0,0,0,0,1,0,0,7.07257E+20,5.71701E+21,1.19905E+16,5.15661E+16
69043,,15,0,85,40,2017,7,12,1,2,1,5,0,1,0,1,0,0,0,6.56819E+20,5.73473E+21,1.12714E+16,5.17415E+16
69044,,15,0,83,390,2017,8,0,7,3,0,1,0,1,0,0,0,2,0,6.74171E+20,5.78422E+21,1.15476E+16,5.21809E+16
69045,,15,0,89,15,2017,8,8,7,3,4,2,0,1,0,0,0,0,0,6.67866E+20,5.73658E+21,1.14321E+16,5.1755E+16
69046,,15,0,85,330,2017,7,20,1,2,3,2,1,1,0,0,0,0,0,6.41217E+20,5.73566E+21,1.1046E+16,5.1754E+16
69047,,15,0,84,335,2017,9,17,5,2,5,3,0,1,0,1,0,0,0,7.01932E+20,5.66817E+21,1.18861E+16,5.11294E+16
69048,,15,0,86,40,2017,8,9,7,3,2,2,0,1,0,0,0,0,0,7.14256E+20,5.81174E+21,1.21505E+16,5.24138E+16
69049,,15,0,85,330,2017,8,5,7,3,2,6,0,1,0,0,0,1,0,6.4389E+20,5.73556E+21,1.10846E+16,5.17524E+16
69050,,15,0,85,287,2017,8,9,7,2,9,1,0,0,0,1,0,0,0,6.55614E+20,5.74834E+21,1.12601E+16,5.18642E+16
69051,,15,0,87,130,2017,9,17,3,2,4,6,0,1,0,0,0,0,0,6.76658E+20,5.71017E+21,1.15461E+16,5.1515E+16
69052,,15,0,83,411,2017,7,5,1,3,8,1,0,1,0,0,0,0,0,6.41601E+20,5.8027E+21,1.10793E+16,5.23563E+16
69053,,15,0,84,355,2017,9,11,3,2,5,3,0,1,0,0,0,0,0,6.9594E+20,5.6701E+21,1.18016E+16,5.11488E+16
69054,,15,0,83,270,2017,7,14,1,2,4,6,0,1,0,0,1,0,0,6.66934E+20,5.80306E+21,1.14511E+16,5.23524E+16
69055,,15,0,3,0,2017,10,13,6,3,5,3,1,1,0,0,0,0,0,6.79056E+20,5.77984E+21,1.16166E+16,5.214E+16
69056,,15,0,82,180,2017,9,16,3,2,8,1,0,0,0,1,0,0,0,7.03929E+20,5.74E+21,1.1956E+16,5.17737E+16
69057,,15,0,87,386,2017,7,20,7,2,4,7,0,1,0,0,0,0,0,6.81243E+20,5.70893E+21,1.16114E+16,5.15024E+16
69058,,15,0,83,40,2017,9,11,3,2,2,6,0,1,0,0,0,0,0,6.78427E+20,5.78473E+21,1.161E+16,5.21842E+16
69059,,15,0,3,0,2017,7,11,7,3,2,6,0,1,0,0,0,0,0,6.8163E+20,5.77846E+21,1.16534E+16,5.21268E+16
69060,,15,0,86,15,2017,7,9,7,3,2,6,0,1,0,0,0,0,0,6.91984E+20,5.78995E+21,1.1811E+16,5.22264E+16
69061,,15,0,86,140,2017,7,9,7,2,8,1,0,1,0,0,0,0,0,7.07319E+20,5.79135E+21,1.20361E+16,5.22335E+16
69062,,15,0,86,140,2017,7,7,7,2,8,6,0,1,0,0,0,0,0,7.16159E+20,5.7932E+21,1.21665E+16,5.22467E+16
69063,,15,0,89,130,2017,7,14,7,3,3,6,1,1,0,0,0,0,0,6.7653E+20,5.73835E+21,1.15584E+16,5.17682E+16
69064,,15,0,85,228,2017,7,14,7,3,2,6,0,1,0,0,0,0,0,6.23454E+20,5.73731E+21,1.07893E+16,5.1773E+16
69065,,15,0,85,190,2017,7,19,7,3,4,1,0,1,0,1,0,0,0,6.15473E+20,5.74764E+21,1.06771E+16,5.18676E+16
69066,,15,0,82,180,2017,9,17,6,3,2,6,0,1,0,0,0,0,0,7.09486E+20,5.73361E+21,1.20325E+16,5.17142E+16
69067,,15,0,88,195,2017,9,8,6,1,2,6,0,0,0,0,1,0,0,7.09411E+20,5.71288E+21,1.20191E+16,5.15282E+16
69068,,15,0,87,370,2017,9,8,7,2,2,6,0,1,0,0,0,0,0,6.62344E+20,5.7064E+21,1.13382E+16,5.14854E+16
69069,,15,0,83,40,2017,10,23,1,2,2,6,0,1,0,0,0,2,0,6.76411E+20,5.78378E+21,1.15801E+16,5.21763E+16