OBJECTID,UIDENTSTLA,ULAND,UREGBEZ,UKREIS,UGEMEINDE,UJAHR,UMONAT,USTUNDE,UWOCHENTAG,UKATEGORIE,UART,UTYP1,IstRad,IstPKW,IstFuss,IstKrad,IstSonstig,LICHT,STRZUSTAND,LINREFX,LINREFY,XGCSWGS84,YGCSWGS84
69070,,15,0,85,228,2017,10,22,2,3,8,1,0,1,0,0,0,2,1,6.23799E+20,5.72753E+21,1.07908E+16,5.16851E+16
69071,,15,0,84,315,2017,8,13,6,3,1,6,0,1,0,0,1,0,0,7.14744E+20,5.68253E+21,1.20775E+16,5.12536E+16
69072,,15,0,81,240,2017,11,14,7,3,8,1,0,1,0,0,0,0,1,6.63537E+20,5.83603E+21,1.14175E+16,5.26495E+16
69073,,15,0,3,0,2017,10,8,6,3,5,3,1,1,0,0,0,0,0,6.78057E+20,5.77861E+21,1.16014E+16,5.21293E+16
69074,,15,0,84,315,2017,8,10,6,2,2,6,0,1,0,0,0,0,0,7.11675E+20,5.67748E+21,1.20306E+16,5.12094E+16
69075,,15,0,83,531,2017,10,17,6,2,5,3,1,1,0,0,0,0,0,6.71309E+20,5.77552E+21,1.15013E+16,5.21037E+16
69076,,15,0,88,20,2017,8,14,6,3,2,6,0,1,0,0,0,0,0,7.14612E+20,5.68238E+21,1.20755E+16,5.12523E+16
69077,,15,0,84,550,2017,9,5,5,2,5,3,0,0,0,1,1,2,0,7.09407E+20,5.67626E+21,1.19974E+16,5.11993E+16
69078,,15,0,88,195,2017,8,6,6,2,2,6,0,1,0,0,1,0,0,7.1323E+20,5.71161E+21,1.20733E+16,5.15153E+16
69079,,15,0,84,13,2017,10,22,5,3,2,7,0,1,0,0,1,2,0,7.0692E+20,5.6654E+21,1.19557E+16,5.11027E+16
69080,,15,0,84,250,2017,8,15,6,3,5,2,1,0,0,0,1,0,0,6.84279E+20,5.68394E+21,1.16422E+16,5.1277E+16
69081,,15,0,84,130,2017,10,6,5,3,5,2,0,1,0,0,1,1,0,7.2472E+20,5.66868E+21,1.22116E+16,5.11254E+16
69082,,15,0,91,60,2017,9,11,5,3,6,4,0,1,1,0,0,0,0,7.38134E+20,5.75426E+21,1.24607E+16,5.18881E+16
69083,,15,0,84,207,2017,8,14,6,3,1,6,0,1,0,0,0,0,0,7.19082E+20,5.65577E+21,1.21233E+16,5.10117E+16
69084,,15,0,89,15,2017,9,13,5,3,9,1,0,1,0,0,0,0,0,6.67845E+20,5.73889E+21,1.14329E+16,5.17757E+16
69085,,15,0,83,40,2017,10,4,5,3,8,1,0,0,0,0,1,2,0,6.79516E+20,5.78534E+21,1.16262E+16,5.21893E+16
69086,,15,0,1,0,2017,8,10,6,3,8,1,0,1,0,0,0,0,0,7.22838E+20,5.75228E+21,1.22375E+16,5.18767E+16
69087,,15,0,85,370,2017,10,19,6,2,5,2,0,1,0,0,0,2,0,6.23279E+20,5.74669E+21,1.07901E+16,5.18574E+16
69088,,15,0,90,70,2017,9,15,5,2,5,2,0,1,0,0,1,0,0,6.73804E+20,5.83728E+21,1.15698E+16,5.26576E+16
69089,,15,0,90,535,2017,9,14,5,3,3,2,0,1,0,0,1,0,0,6.94727E+20,5.829E+21,1.18738E+16,5.25761E+16
69090,,15,0,82,301,2017,8,16,6,2,2,6,1,0,0,1,0,0,0,7.2985E+20,5.73078E+21,1.2325E+16,5.16809E+16
69091,,15,0,87,15,2017,10,16,6,3,2,6,0,1,0,0,0,0,0,6.63463E+20,5.70102E+21,1.13518E+16,5.14367E+16
69092,,15,0,3,0,2017,9,16,5,3,1,6,0,1,0,0,0,0,0,6.79792E+20,5.77995E+21,1.16274E+16,5.21408E+16
69093,,15,0,85,235,2017,9,7,5,2,4,2,0,1,0,0,0,0,0,6.46643E+20,5.74241E+21,1.11274E+16,5.18133E+16
69094,,15,0,82,377,2017,8,16,6,2,5,3,0,1,0,1,0,0,0,6.98977E+20,5.7299E+21,1.18785E+16,5.16848E+16
69095,,15,0,86,15,2017,10,9,1,3,8,1,0,1,0,0,0,0,1,6.8931E+20,5.79488E+21,1.17747E+16,5.22717E+16
69096,,15,0,85,330,2017,9,11,5,3,2,6,1,1,0,0,0,0,0,6.42169E+20,5.74148E+21,1.10621E+16,5.18061E+16
69097,,15,0,82,430,2017,10,10,7,2,0,3,1,1,0,0,0,0,0,7.1227E+20,5.76233E+21,1.20904E+16,5.1971E+16
69098,,15,0,83,230,2017,9,14,5,3,5,3,0,1,0,0,0,0,0,6.53236E+20,5.79881E+21,1.12482E+16,5.23182E+16
69099,,15,0,82,340,2017,10,8,2,2,8,1,0,1,0,0,0,0,0,7.25712E+20,5.72283E+21,1.22601E+16,5.16112E+16
69100,,15,0,85,228,2017,10,14,1,2,9,1,0,0,0,1,0,0,1,6.33895E+20,5.72716E+21,1.09367E+16,5.16795E+16
69101,,15,0,83,361,2017,9,4,5,3,0,1,1,0,0,0,0,2,0,6.83578E+20,5.79733E+21,1.16921E+16,5.22956E+16
69102,,15,0,88,216,2017,10,15,1,3,5,3,0,1,0,0,0,0,0,7.06811E+20,5.72513E+21,1.19889E+16,5.16391E+16
69103,,15,0,2,0,2017,9,9,4,3,1,6,0,1,0,0,1,0,0,7.08973E+20,5.71412E+21,1.20135E+16,5.15395E+16
69104,,15,0,90,415,2017,10,10,2,3,8,1,0,1,0,0,0,0,0,6.87959E+20,5.85349E+21,1.17881E+16,5.27984E+16
69105,,15,0,85,370,2017,8,13,6,3,2,6,0,1,0,1,0,0,0,6.24635E+20,5.74291E+21,1.08085E+16,5.18231E+16
69106,,15,0,83,411,2017,8,19,6,3,3,2,0,0,0,1,1,0,0,6.39774E+20,5.79881E+21,1.10509E+16,5.23218E+16
69107,,15,0,86,140,2017,11,4,7,2,3,7,0,1,0,0,1,2,0,7.13199E+20,5.79244E+21,1.21227E+16,5.2241E+16
69108,,15,0,83,115,2017,8,23,6,3,3,2,0,1,0,0,0,2,0,6.57524E+20,5.80321E+21,1.13132E+16,5.23565E+16
69109,,15,0,2,0,2017,9,13,4,3,1,6,0,1,0,0,0,0,1,7.07101E+20,5.70967E+21,1.19839E+16,5.15002E+16
69110,,15,0,88,295,2017,8,6,5,3,9,1,0,1,0,0,0,0,0,7.06072E+20,5.71734E+21,1.19736E+16,5.15694E+16
69111,,15,0,3,0,2017,11,12,2,3,3,6,0,1,0,0,1,0,0,6.80231E+20,5.77983E+21,1.16338E+16,5.21396E+16
69112,,15,0,2,0,2017,10,5,5,3,8,1,0,0,0,1,0,2,1,7.00767E+20,5.70878E+21,1.18923E+16,5.14945E+16
69113,,15,0,84,315,2017,9,16,4,3,8,1,0,1,0,0,0,0,0,7.1627E+20,5.68064E+21,1.20982E+16,5.12361E+16
69114,,15,0,84,12,2017,8,17,5,3,8,1,0,0,0,1,0,0,0,6.73352E+20,5.66868E+21,1.14783E+16,5.11433E+16
69115,,15,0,85,370,2017,11,21,3,3,5,2,0,1,0,0,0,2,1,6.22443E+20,5.74427E+21,1.07771E+16,5.18359E+16
69116,,15,0,91,375,2017,10,19,4,3,1,2,0,1,0,0,0,2,0,7.50439E+20,5.74991E+21,1.2636E+16,5.18438E+16
69117,,15,0,83,298,2017,10,13,6,2,9,1,0,1,0,0,1,0,1,6.74116E+20,5.78233E+21,1.15458E+16,5.21639E+16
69118,,15,0,91,145,2017,9,11,4,2,9,1,0,1,0,0,0,0,1,7.81318E+20,5.7498E+21,1.3083E+16,5.18281E+16
69119,,15,0,84,135,2017,8,17,5,2,0,1,0,0,0,1,0,0,0,6.90307E+20,5.67781E+21,1.17252E+16,5.12199E+16
69120,,15,0,82,256,2017,8,16,5,3,1,6,0,1,0,0,0,0,0,7.10892E+20,5.74217E+21,1.20581E+16,5.17906E+16
69121,,15,0,85,235,2017,10,16,7,3,9,6,0,1,0,0,0,0,1,6.48467E+20,5.73439E+21,1.11504E+16,5.17407E+16
69122,,15,0,91,375,2017,9,14,4,3,2,2,0,1,0,0,0,0,0,7.5221E+20,5.7553E+21,1.26655E+16,5.18913E+16
69123,,15,0,86,15,2017,8,14,5,2,9,1,0,1,0,0,0,0,0,6.97302E+20,5.79079E+21,1.18893E+16,5.22321E+16
69124,,15,0,90,70,2017,8,6,5,3,5,3,0,1,0,0,0,0,0,6.80048E+20,5.83478E+21,1.16606E+16,5.26331E+16
69125,,15,0,90,535,2017,10,10,1,2,9,1,0,1,0,0,0,0,1,6.94915E+20,5.83507E+21,1.18802E+16,5.26306E+16
69126,,15,0,83,323,2017,9,10,4,2,5,3,0,1,0,0,1,0,0,6.41767E+20,5.78754E+21,1.10754E+16,5.222E+16
69127,,15,0,89,195,2017,8,12,5,3,0,7,0,1,0,0,0,0,0,6.90617E+20,5.72844E+21,1.17569E+16,5.16745E+16
69128,,15,0,89,41,2017,9,6,4,2,0,6,0,1,0,0,1,1,0,6.75124E+20,5.7532E+21,1.15456E+16,5.19019E+16
69129,,15,0,85,330,2017,8,15,5,3,2,6,0,1,0,1,0,0,0,6.41248E+20,5.73565E+21,1.10464E+16,5.17539E+16
69130,,15,0,82,440,2017,10,10,2,2,5,3,0,1,0,0,0,0,0,7.20394E+20,5.73195E+21,1.21891E+16,5.16952E+16
69131,,15,0,89,30,2017,9,15,4,3,2,6,0,1,0,0,0,0,0,6.86136E+20,5.74113E+21,1.1699E+16,5.179E+16
69132,,15,0,85,228,2017,10,12,1,3,3,6,0,1,0,1,0,0,0,6.31728E+20,5.73311E+21,1.09076E+16,5.17334E+16
69133,,15,0,86,15,2017,9,21,4,3,4,6,1,0,0,0,0,2,0,6.95927E+20,5.79304E+21,1.18705E+16,5.22528E+16
69134,,15,0,85,135,2017,8,18,5,3,3,6,0,1,0,1,0,0,0,6.38302E+20,5.74931E+21,1.10092E+16,5.18774E+16
69135,,15,0,84,490,2017,10,6,3,3,9,1,0,1,0,0,0,1,1,7.10429E+20,5.66585E+21,1.2006E+16,5.11055E+16
69136,,15,0,88,150,2017,10,15,1,2,8,1,0,1,0,0,0,0,0,7.15254E+20,5.70568E+21,1.20988E+16,5.14613E+16
69137,,15,0,85,370,2017,9,5,4,3,4,2,0,1,0,0,0,1,0,6.21544E+20,5.7484E+21,1.07656E+16,5.18731E+16
69138,,15,0,83,355,2017,11,11,4,3,3,6,0,1,0,0,0,0,0,6.6169E+20,5.75703E+21,1.13523E+16,5.19404E+16
69139,,15,0,1,0,2017,10,7,2,3,2,6,0,1,0,1,0,1,0,7.23124E+20,5.74951E+21,1.22399E+16,5.18518E+16
69140,,15,0,90,546,2017,9,12,4,2,5,2,0,1,0,0,0,0,0,6.81617E+20,5.81755E+21,1.16743E+16,5.24779E+16
69141,,15,0,83,565,2017,11,14,5,3,8,1,0,1,0,0,0,0,0,6.85237E+20,5.79437E+21,1.17148E+16,5.22685E+16
69142,,15,0,85,370,2017,10,10,3,3,2,2,0,1,0,0,0,0,0,6.22455E+20,5.74427E+21,1.07773E+16,5.18358E+16
69143,,15,0,81,45,2017,9,13,4,3,2,6,0,1,0,0,0,0,0,6.41435E+20,5.84149E+21,1.10934E+16,5.27048E+16
69144,,15,0,88,150,2017,9,15,3,3,5,3,0,1,0,0,0,0,0,7.11699E+20,5.70393E+21,1.20466E+16,5.14469E+16
69145,,15,0,85,370,2017,10,15,4,2,2,6,0,1,0,1,1,0,0,6.16376E+20,5.73528E+21,1.06861E+16,5.17563E+16
69146,,15,0,83,411,2017,8,15,5,2,4,6,0,1,0,0,1,0,0,6.40584E+20,5.8058E+21,1.10657E+16,5.23844E+16
69147,,15,0,84,550,2017,9,16,3,3,1,6,0,1,0,0,0,0,2,7.08082E+20,5.67517E+21,1.19779E+16,5.119E+16
69148,,15,0,83,411,2017,8,10,5,3,5,3,1,1,0,0,0,0,1,6.34352E+20,5.81336E+21,1.09772E+16,5.24539E+16
69149,,15,0,91,375,2017,9,14,3,3,6,7,0,1,1,0,0,0,0,7.47011E+20,5.75244E+21,1.25881E+16,5.1868E+16
69150,,15,0,83,275,2017,7,19,7,3,8,6,1,1,0,0,0,0,0,6.40141E+20,5.78468E+21,1.10504E+16,5.21948E+16
69151,,15,0,83,411,2017,8,8,5,3,9,6,0,1,0,0,0,0,1,6.36652E+20,5.81471E+21,1.10116E+16,5.24655E+16
69152,,15,0,84,315,2017,7,8,6,3,5,3,0,1,0,0,1,0,0,7.19089E+20,5.6809E+21,1.21386E+16,5.12373E+16
69153,,15,0,85,55,2017,11,6,3,3,9,1,0,0,0,0,1,2,1,6.30339E+20,5.7442E+21,1.08917E+16,5.18334E+16
69154,,15,0,84,130,2017,10,18,4,3,9,1,0,1,0,0,0,0,1,7.22108E+20,5.66184E+21,1.21701E+16,5.1065E+16
69155,,15,0,88,25,2017,7,9,6,2,5,3,1,0,0,0,1,0,0,7.00353E+20,5.69813E+21,1.18803E+16,5.1399E+16
69156,,15,0,1,0,2017,9,17,3,3,3,6,0,1,0,0,1,0,0,7.23849E+20,5.74737E+21,1.2249E+16,5.18322E+16
69157,,15,0,3,0,2017,10,10,5,3,5,2,0,1,0,0,1,0,1,6.85547E+20,5.77949E+21,1.17112E+16,5.21347E+16
69158,,15,0,82,440,2017,9,8,3,2,5,3,1,0,0,1,0,0,0,7.1214E+20,5.72668E+21,1.20667E+16,5.1651E+16
69159,,15,0,89,75,2017,8,12,4,3,1,6,0,1,0,0,0,0,0,6.68042E+20,5.75886E+21,1.14455E+16,5.1955E+16
69160,,15,0,88,195,2017,8,13,4,2,9,1,0,0,0,0,1,0,0,7.11068E+20,5.71035E+21,1.20414E+16,5.15048E+16
69161,,15,0,90,535,2017,9,8,3,3,2,6,0,1,0,0,0,0,0,6.88812E+20,5.82433E+21,1.1784E+16,5.25363E+16
69162,,15,0,84,550,2017,8,5,4,3,9,6,0,1,0,0,1,1,0,7.11107E+20,5.67665E+21,1.2022E+16,5.12022E+16
69163,,15,0,90,546,2017,9,13,3,3,5,3,0,0,0,0,1,0,0,6.94947E+20,5.81845E+21,1.18709E+16,5.24813E+16
69164,,15,0,88,216,2017,8,11,4,3,5,2,0,1,0,0,1,0,0,7.00924E+20,5.72559E+21,1.19042E+16,5.16453E+16
69165,,15,0,88,295,2017,7,17,6,3,2,6,0,1,0,0,0,0,0,7.03125E+20,5.71433E+21,1.19294E+16,5.15434E+16
69166,,15,0,90,310,2017,9,11,3,3,7,7,0,1,0,0,0,0,0,7.08589E+20,5.84046E+21,1.20853E+16,5.26739E+16
69167,,15,0,3,0,2017,9,16,3,3,2,2,0,1,0,0,0,0,0,6.80666E+20,5.77977E+21,1.16401E+16,5.21389E+16
69168,,15,0,88,365,2017,8,16,4,2,0,7,1,0,0,0,0,0,0,7.01558E+20,5.70379E+21,1.19008E+16,5.14493E+16
69169,,15,0,87,412,2017,7,17,6,3,6,7,0,1,1,0,0,0,0,6.44646E+20,5.7035E+21,1.10823E+16,5.14642E+16
69170,,15,0,89,195,2017,10,10,5,2,8,1,0,1,0,0,0,0,0,6.82911E+20,5.72987E+21,1.16464E+16,5.169E+16
69171,,15,0,86,55,2017,9,7,3,3,2,6,0,1,0,1,1,0,1,6.96719E+20,5.77641E+21,1.18724E+16,5.21032E+16
69172,,15,0,87,130,2017,7,18,6,3,2,6,0,0,0,1,0,0,0,6.7801E+20,5.71025E+21,1.15656E+16,5.15153E+16
69173,,15,0,89,195,2017,10,5,5,3,5,2,0,1,0,0,1,2,0,6.91238E+20,5.73014E+21,1.17668E+16,5.16896E+16
69174,,15,0,85,190,2017,9,13,3,3,5,3,0,1,0,0,0,0,0,6.18006E+20,5.7501E+21,1.07148E+16,5.18891E+16
69175,,15,0,91,145,2017,7,6,6,3,5,3,0,1,0,0,0,0,0,7.74062E+20,5.7459E+21,1.29749E+16,5.17967E+16
69176,,15,0,91,375,2017,7,12,6,3,0,7,1,1,0,0,0,0,0,7.53194E+20,5.7523E+21,1.26776E+16,5.18639E+16
69177,,15,0,89,15,2017,10,15,5,3,5,3,1,1,0,0,0,0,0,6.70151E+20,5.73664E+21,1.14652E+16,5.17547E+16
69178,,15,0,90,550,2017,7,13,6,3,1,6,0,1,0,0,1,0,0,6.99044E+20,5.82783E+21,1.19368E+16,5.25641E+16
69179,,15,0,3,0,2017,7,14,6,3,1,6,0,1,0,0,0,0,0,6.79497E+20,5.77995E+21,1.16231E+16,5.21408E+16
69180,,15,0,85,55,2017,7,11,6,3,0,7,1,0,0,0,0,0,0,6.33624E+20,5.73956E+21,1.09375E+16,5.17909E+16
69181,,15,0,85,285,2017,7,17,6,3,2,2,1,1,0,0,0,0,0,6.49549E+20,5.75775E+21,1.11761E+16,5.19503E+16
69182,,15,0,87,440,2017,7,11,5,3,4,6,0,1,0,0,1,0,0,6.55467E+20,5.69893E+21,1.1236E+16,5.14203E+16
69183,,15,0,2,0,2017,7,16,5,3,2,6,0,1,0,0,0,0,0,7.04231E+20,5.70747E+21,1.19414E+16,5.14815E+16
69184,,15,0,84,590,2017,9,8,5,3,5,3,0,1,0,0,0,0,0,7.25798E+20,5.65857E+21,1.22206E+16,5.10343E+16
69185,,15,0,85,227,2017,9,23,6,3,8,1,0,1,0,0,0,2,0,6.11308E+20,5.75533E+21,1.06192E+16,5.19375E+16
69186,,15,0,2,0,2017,9,14,6,3,2,6,0,1,0,1,0,0,0,7.07508E+20,5.71027E+21,1.19901E+16,5.15054E+16
69187,,15,0,84,135,2017,7,17,5,2,2,2,0,1,0,1,0,0,0,6.93528E+20,5.67558E+21,1.17701E+16,5.11988E+16
69188,,15,0,84,490,2017,9,12,7,3,4,6,0,1,0,0,0,0,0,7.10924E+20,5.66622E+21,1.20133E+16,5.11086E+16
69189,,15,0,83,390,2017,7,16,5,2,2,6,0,1,0,0,1,0,0,6.74305E+20,5.78472E+21,1.15498E+16,5.21854E+16
69190,,15,0,83,245,2017,10,11,1,2,9,1,0,1,0,0,0,0,0,6.53223E+20,5.76304E+21,1.12319E+16,5.19969E+16
69191,,15,0,83,40,2017,11,15,6,3,5,3,0,1,0,0,0,0,1,6.77412E+20,5.78568E+21,1.15957E+16,5.2193E+16
69192,,15,0,86,140,2017,7,19,5,3,8,1,0,1,0,0,0,0,1,7.08121E+20,5.79133E+21,1.20478E+16,5.2233E+16
69193,,15,0,2,0,2017,8,12,4,3,2,6,0,1,0,0,0,0,0,7.07205E+20,5.7069E+21,1.19838E+16,5.14753E+16
69194,,15,0,2,0,2017,11,14,6,3,5,2,1,1,0,0,0,0,1,7.07233E+20,5.70621E+21,1.19838E+16,5.14691E+16
69195,,15,0,86,55,2017,9,9,3,3,5,3,0,1,0,0,0,0,0,7.02189E+20,5.7707E+21,1.19488E+16,5.205E+16
69196,,15,0,2,0,2017,8,18,4,2,5,3,1,0,0,0,1,0,0,7.0671E+20,5.70716E+21,1.19768E+16,5.14778E+16
69197,,15,0,82,15,2017,11,15,7,2,5,2,1,1,0,0,0,0,0,7.3093E+20,5.72487E+21,1.23367E+16,5.16274E+16
69198,,15,0,3,0,2017,10,17,5,2,5,2,0,1,0,1,0,0,0,6.79215E+20,5.77315E+21,1.16154E+16,5.20799E+16
69199,,15,0,84,150,2017,8,15,4,3,1,6,0,1,0,0,0,0,0,6.92094E+20,5.6826E+21,1.17534E+16,5.12624E+16
69200,,15,0,86,40,2017,10,15,4,3,2,6,0,1,0,1,0,0,0,7.1425E+20,5.81175E+21,1.21504E+16,5.24139E+16
69201,,15,0,85,330,2017,9,5,3,3,9,1,0,0,0,1,0,2,1,6.40405E+20,5.7326E+21,1.1033E+16,5.17268E+16
69202,,15,0,91,60,2017,8,5,4,3,8,1,0,0,0,0,1,2,0,7.36728E+20,5.75804E+21,1.24429E+16,5.19227E+16
69203,,15,0,83,298,2017,9,12,3,3,1,6,0,1,0,0,0,0,0,6.69968E+20,5.78302E+21,1.14855E+16,5.21714E+16
69204,,15,0,3,0,2017,10,10,5,3,5,3,0,1,0,0,0,0,0,6.82539E+20,5.77906E+21,1.1667E+16,5.21319E+16
69205,,15,0,89,42,2017,8,7,4,3,5,3,0,1,0,0,0,0,0,6.894E+20,5.75897E+21,1.1756E+16,5.19492E+16
69206,,15,0,83,270,2017,10,13,5,3,5,3,0,1,0,0,0,0,0,6.64024E+20,5.7957E+21,1.14049E+16,5.22872E+16
69207,,15,0,83,125,2017,9,18,3,3,8,1,0,0,0,1,0,1,0,6.49444E+20,5.8067E+21,1.11962E+16,5.23902E+16
69208,,15,0,83,270,2017,9,13,3,3,1,2,0,1,0,0,0,0,0,6.63882E+20,5.79552E+21,1.14027E+16,5.22856E+16
69209,,15,0,3,0,2017,10,7,5,3,2,6,0,1,0,0,0,1,1,6.79807E+20,5.78028E+21,1.16278E+16,5.21438E+16
69210,,15,0,2,0,2017,8,7,3,2,2,6,0,0,0,0,1,0,0,7.13184E+20,5.70815E+21,1.20705E+16,5.14842E+16
69211,,15,0,88,20,2017,10,14,5,3,1,6,0,1,0,0,0,0,0,7.1599E+20,5.68375E+21,1.2096E+16,5.12641E+16
69212,,15,0,83,411,2017,9,14,3,3,5,3,0,1,0,1,0,0,0,6.42161E+20,5.79588E+21,1.10846E+16,5.22949E+16
69213,,15,0,2,0,2017,9,13,2,1,2,6,0,1,0,0,1,0,0,7.0955E+20,5.71262E+21,1.20209E+16,5.15258E+16
69214,,15,0,86,15,2017,10,0,5,3,0,7,0,1,0,0,0,2,1,7.01413E+20,5.80183E+21,1.1956E+16,5.23298E+16
69215,,15,0,84,315,2017,8,7,3,1,2,6,0,0,0,0,1,0,0,7.11226E+20,5.68124E+21,1.20264E+16,5.12434E+16
69216,,15,0,90,520,2017,10,14,6,3,2,6,0,1,0,0,0,0,1,6.83307E+20,5.86917E+21,1.1728E+16,5.29408E+16
69217,,15,0,88,25,2017,9,22,2,3,8,7,0,1,0,0,0,2,0,7.02777E+20,5.6947E+21,1.19131E+16,5.13673E+16
69218,,15,0,88,195,2017,9,19,2,3,5,3,0,0,0,0,1,1,0,7.14881E+20,5.70727E+21,1.20944E+16,5.14757E+16
69219,,15,0,1,0,2017,10,8,7,3,9,1,0,1,0,0,0,0,0,7.22223E+20,5.76234E+21,1.22351E+16,5.19672E+16
69220,,15,0,87,412,2017,10,9,6,2,2,6,0,1,0,0,0,0,0,6.49261E+20,5.70341E+21,1.11487E+16,5.14621E+16
69221,,15,0,87,31,2017,9,9,2,3,9,2,0,1,0,0,0,0,0,6.78057E+20,5.7291E+21,1.15758E+16,5.16846E+16
69222,,15,0,81,455,2017,10,18,1,2,9,6,0,1,0,0,0,1,0,6.39847E+20,5.85267E+21,1.10747E+16,5.28057E+16
69223,,15,0,2,0,2017,9,19,2,3,5,2,1,1,0,0,0,0,0,7.05524E+20,5.71073E+21,1.19619E+16,5.15103E+16
69224,,15,0,82,301,2017,10,15,1,3,2,6,0,1,0,0,0,0,0,7.2363E+20,5.74009E+21,1.22411E+16,5.1767E+16
69225,,15,0,88,20,2017,8,13,3,3,0,1,0,0,0,0,1,0,0,7.16117E+20,5.68658E+21,1.20996E+16,5.12895E+16
69226,,15,0,84,590,2017,9,16,7,2,5,3,0,1,0,0,0,0,0,7.258E+20,5.65857E+21,1.22206E+16,5.10343E+16
69227,,15,0,85,228,2017,10,10,1,2,8,1,0,0,0,1,0,0,0,6.29394E+20,5.73011E+21,1.08727E+16,5.1707E+16
69228,,15,0,85,227,2017,10,21,1,3,4,6,0,1,0,0,0,2,0,6.20103E+20,5.75268E+21,1.07461E+16,5.19119E+16
69229,,15,0,88,305,2017,10,13,1,3,2,6,0,1,0,0,0,0,0,6.77002E+20,5.69242E+21,1.15421E+16,5.13554E+16
69230,,15,0,87,370,2017,8,15,3,2,5,3,0,1,0,0,0,0,0,6.57583E+20,5.70438E+21,1.12688E+16,5.14686E+16
69231,,15,0,89,235,2017,10,9,3,3,9,1,0,0,0,0,1,0,1,6.92129E+20,5.74706E+21,1.17891E+16,5.18413E+16
69232,,15,0,2,0,2017,8,10,3,3,2,6,0,1,0,1,0,0,0,7.06819E+20,5.70956E+21,1.19798E+16,5.14993E+16
69233,,15,0,1,0,2017,8,5,3,2,5,3,0,1,0,0,1,1,0,7.21673E+20,5.74484E+21,1.22158E+16,5.18103E+16
69234,,15,0,83,415,2017,10,15,5,3,5,3,0,1,0,0,0,0,0,6.52768E+20,5.7659E+21,1.12266E+16,5.20226E+16
69235,,15,0,82,340,2017,8,16,3,2,2,6,0,1,0,0,1,0,0,7.24361E+20,5.71878E+21,1.2238E+16,5.15753E+16
69236,,15,0,84,550,2017,9,12,2,3,1,6,0,1,0,0,1,0,0,7.07481E+20,5.67522E+21,1.19693E+16,5.11907E+16
69237,,15,0,86,15,2017,8,13,3,3,3,6,0,1,0,0,0,0,0,6.94658E+20,5.79018E+21,1.18503E+16,5.22276E+16
69238,,15,0,83,531,2017,10,17,5,3,2,6,0,1,0,0,0,0,0,6.67478E+20,5.77096E+21,1.14432E+16,5.20639E+16
69239,,15,0,90,435,2017,8,12,3,2,9,1,0,1,0,0,0,0,0,6.87548E+20,5.84523E+21,1.17773E+16,5.27244E+16
69240,,15,0,81,225,2017,10,5,6,3,9,1,0,1,0,0,0,2,1,6.27913E+20,5.83558E+21,1.08911E+16,5.26551E+16
69241,,15,0,91,375,2017,9,14,2,2,0,1,0,0,0,1,0,0,0,7.51864E+20,5.75474E+21,1.26601E+16,5.18864E+16
69242,,15,0,90,415,2017,8,9,3,2,4,3,0,1,0,0,1,0,0,6.86907E+20,5.85062E+21,1.17709E+16,5.2773E+16
69243,,15,0,83,120,2017,10,14,5,2,5,3,0,1,0,1,0,0,0,6.78504E+20,5.80993E+21,1.16245E+16,5.24104E+16
69244,,15,0,89,15,2017,8,11,3,3,2,2,0,1,0,0,0,0,0,6.68184E+20,5.73676E+21,1.14368E+16,5.17565E+16
69245,,15,0,83,298,2017,10,19,6,2,3,6,0,1,0,0,1,2,0,6.72787E+20,5.78248E+21,1.15264E+16,5.21657E+16
69246,,15,0,82,15,2017,9,16,2,2,2,6,0,1,0,0,0,0,0,7.26502E+20,5.72963E+21,1.22759E+16,5.16719E+16
69247,,15,0,3,0,2017,8,13,3,3,5,2,1,1,0,0,0,0,0,6.82014E+20,5.77779E+21,1.16587E+16,5.21206E+16
69248,,15,0,85,370,2017,9,11,2,2,5,3,1,0,0,0,1,0,1,6.2206E+20,5.74439E+21,1.07716E+16,5.1837E+16
69249,,15,0,83,270,2017,8,16,3,3,1,6,0,1,0,1,0,0,0,6.65217E+20,5.79492E+21,1.14219E+16,5.22798E+16
69250,,15,0,82,340,2017,10,4,7,3,8,7,0,1,0,0,0,2,0,7.2059E+20,5.72063E+21,1.21848E+16,5.15935E+16
69251,,15,0,83,298,2017,9,7,2,3,8,1,0,1,0,0,0,0,0,6.73251E+20,5.78259E+21,1.15333E+16,5.21665E+16
69252,,15,0,81,240,2017,10,16,7,1,2,6,1,1,0,0,0,0,0,6.62302E+20,5.8376E+21,1.14E+16,5.2664E+16
69253,,15,0,86,140,2017,9,17,2,3,1,6,0,1,0,1,0,0,0,7.02221E+20,5.78197E+21,1.1956E+16,5.21511E+16
69254,,15,0,81,280,2017,8,6,3,1,9,1,0,1,0,0,0,0,0,6.45237E+20,5.83091E+21,1.11449E+16,5.26087E+16
69255,,15,0,86,35,2017,10,9,2,3,5,3,0,1,0,0,0,0,0,7.03256E+20,5.80765E+21,1.19865E+16,5.23814E+16
69256,,15,0,83,531,2017,9,20,2,3,9,1,0,1,0,0,0,2,1,6.53431E+20,5.77467E+21,1.12402E+16,5.21013E+16
69257,,15,0,83,245,2017,10,19,1,2,5,3,0,1,0,1,0,1,0,6.50523E+20,5.75686E+21,1.11899E+16,5.19421E+16
69258,,15,0,83,490,2017,9,15,2,3,5,2,0,1,0,0,0,0,0,6.76638E+20,5.76977E+21,1.15761E+16,5.20503E+16
69259,,15,0,88,220,2017,10,22,2,3,8,1,0,1,0,0,0,2,0,7.06384E+20,5.68782E+21,1.19609E+16,5.13043E+16