OBJECTID,UIDENTSTLA,ULAND,UREGBEZ,UKREIS,UGEMEINDE,UJAHR,UMONAT,USTUNDE,UWOCHENTAG,UKATEGORIE,UART,UTYP1,IstRad,IstPKW,IstFuss,IstKrad,IstSonstig,LICHT,STRZUSTAND,LINREFX,LINREFY,XGCSWGS84,YGCSWGS84
69260,,15,0,84,275,2017,10,17,1,2,5,2,0,1,0,1,0,0,0,7.15558E+20,5.66084E+21,1.20761E+16,5.10585E+16
69261,,15,0,81,26,2017,9,12,2,2,2,6,1,1,0,0,0,0,0,6.5101E+20,5.84208E+21,1.12352E+16,5.27075E+16
69262,,15,0,86,5,2017,11,18,4,3,2,6,0,1,0,0,0,2,1,6.87345E+20,5.78173E+21,1.17386E+16,5.21542E+16
69263,,15,0,3,0,2017,10,15,2,3,5,2,1,1,0,0,0,0,0,6.80291E+20,5.77983E+21,1.16346E+16,5.21395E+16
69264,,15,0,87,370,2017,9,13,1,2,2,6,0,1,0,0,1,0,0,6.603E+20,5.70254E+21,1.13071E+16,5.14513E+16
69265,,15,0,81,280,2017,10,10,3,3,5,3,0,1,0,0,0,0,0,6.47245E+20,5.83322E+21,1.11756E+16,5.2629E+16
69266,,15,0,81,240,2017,8,9,3,3,5,3,0,1,0,0,1,0,0,6.57081E+20,5.83192E+21,1.13202E+16,5.26145E+16
69267,,15,0,87,15,2017,9,13,1,3,2,6,0,1,0,0,0,0,0,6.6284E+20,5.70123E+21,1.1343E+16,5.14389E+16
69268,,15,0,88,220,2017,8,15,2,3,1,6,0,1,0,0,0,0,0,7.08534E+20,5.69314E+21,1.19948E+16,5.13512E+16
69269,,15,0,88,25,2017,9,15,1,3,4,2,0,1,0,0,0,0,0,7.02216E+20,5.69557E+21,1.19056E+16,5.13753E+16
69270,,15,0,2,0,2017,8,16,2,3,2,6,0,1,0,0,1,0,0,7.07274E+20,5.7073E+21,1.1985E+16,5.14788E+16
69271,,15,0,2,0,2017,8,14,2,3,0,5,1,1,0,0,0,0,0,7.05618E+20,5.71059E+21,1.19631E+16,5.1509E+16
69272,,15,0,2,0,2017,8,18,2,3,2,6,0,1,0,0,0,0,0,7.09545E+20,5.70736E+21,1.20177E+16,5.14785E+16
69273,,15,0,91,375,2017,8,7,2,3,2,6,0,1,0,0,0,0,0,7.47223E+20,5.75242E+21,1.25912E+16,5.18677E+16
69274,,15,0,3,0,2017,11,17,1,3,3,1,0,1,0,0,0,1,1,6.79726E+20,5.7794E+21,1.16262E+16,5.21358E+16
69275,,15,0,83,298,2017,7,13,5,2,1,6,0,0,0,0,1,0,0,6.73945E+20,5.78035E+21,1.15423E+16,5.21462E+16
69276,,15,0,88,220,2017,9,11,1,2,1,6,0,1,0,0,0,0,0,7.07582E+20,5.69315E+21,1.19812E+16,5.13516E+16
69277,,15,0,82,430,2017,8,7,2,3,5,3,1,1,0,0,0,0,0,7.11719E+20,5.76076E+21,1.20814E+16,5.19572E+16
69278,,15,0,84,315,2017,11,11,2,3,4,2,0,1,0,0,0,0,0,7.18368E+20,5.68187E+21,1.21289E+16,5.12464E+16
69279,,15,0,89,165,2017,10,20,4,2,9,1,0,1,0,0,0,2,0,6.79688E+20,5.7414E+21,1.16057E+16,5.17945E+16
69280,,15,0,87,130,2017,9,17,1,3,2,6,0,1,0,0,0,0,1,6.80922E+20,5.70903E+21,1.16069E+16,5.15034E+16
69281,,15,0,89,42,2017,8,12,2,3,1,6,0,1,0,0,0,0,0,6.8306E+20,5.76466E+21,1.16669E+16,5.20024E+16
69282,,15,0,84,13,2017,11,14,3,3,2,6,0,0,0,0,1,0,1,7.07025E+20,5.6619E+21,1.19552E+16,5.10712E+16
69283,,15,0,83,531,2017,10,15,5,3,1,6,0,1,0,0,0,0,0,6.71482E+20,5.77665E+21,1.15045E+16,5.21138E+16
69284,,15,0,87,130,2017,10,11,6,3,2,6,0,1,0,0,0,0,0,6.76307E+20,5.71779E+21,1.15448E+16,5.15835E+16
69285,,15,0,2,0,2017,9,15,1,3,2,7,0,1,0,0,0,0,1,7.05691E+20,5.71049E+21,1.19641E+16,5.1508E+16
69286,,15,0,89,15,2017,8,17,2,3,9,1,0,1,0,0,0,0,0,6.69528E+20,5.73325E+21,1.14546E+16,5.17246E+16
69287,,15,0,83,40,2017,9,14,1,3,0,6,0,1,0,0,0,0,0,6.79914E+20,5.7857E+21,1.16323E+16,5.21924E+16
69288,,15,0,3,0,2017,8,17,2,3,2,6,0,1,0,1,0,0,0,6.78858E+20,5.77323E+21,1.16103E+16,5.20807E+16
69289,,15,0,3,0,2017,10,9,1,3,9,1,0,0,0,1,0,0,1,6.77543E+20,5.77345E+21,1.15912E+16,5.20831E+16
69290,,15,0,3,0,2017,7,17,5,3,5,2,1,0,0,0,1,0,0,6.79368E+20,5.78277E+21,1.16227E+16,5.21663E+16
69291,,15,0,86,140,2017,9,20,1,2,8,6,0,1,0,0,1,1,0,7.0752E+20,5.79135E+21,1.2039E+16,5.22334E+16
69292,,15,0,83,323,2017,9,20,1,2,0,7,0,1,0,0,0,1,0,6.51013E+20,5.78576E+21,1.12098E+16,5.22015E+16
69293,,15,0,83,531,2017,8,4,2,2,8,1,0,1,0,0,0,2,0,6.71288E+20,5.77713E+21,1.15019E+16,5.21181E+16
69294,,15,0,85,135,2017,7,15,5,3,0,1,1,0,0,0,0,0,0,6.40981E+20,5.75097E+21,1.10488E+16,5.18916E+16
69295,,15,0,88,330,2017,9,16,2,3,8,6,0,1,0,0,0,0,1,7.07434E+20,5.69716E+21,1.19814E+16,5.13877E+16
69296,,15,0,86,145,2017,9,22,1,1,0,6,0,1,1,0,0,2,0,6.88798E+20,5.79012E+21,1.17645E+16,5.2229E+16
69297,,15,0,84,550,2017,8,17,1,3,2,6,0,1,0,0,0,0,0,7.14164E+20,5.68172E+21,1.20687E+16,5.12466E+16
69298,,15,0,3,0,2017,7,14,5,3,5,3,1,0,0,0,1,0,0,6.806E+20,5.77978E+21,1.16391E+16,5.2139E+16
69299,,15,0,81,135,2017,10,22,5,2,0,2,0,0,0,1,0,2,0,6.6012E+20,5.82528E+21,1.13618E+16,5.2554E+16
69300,,15,0,91,60,2017,9,17,2,3,5,3,1,1,0,0,0,0,0,7.37701E+20,5.75359E+21,1.24539E+16,5.18824E+16
69301,,15,0,88,20,2017,7,20,4,2,3,6,0,1,0,0,1,1,0,7.14428E+20,5.68214E+21,1.20727E+16,5.12503E+16
69302,,15,0,88,365,2017,7,11,4,3,5,3,0,1,0,0,0,0,1,6.9996E+20,5.70449E+21,1.18783E+16,5.14562E+16
69303,,15,0,2,0,2017,10,9,4,3,5,3,1,1,0,0,0,0,0,7.05141E+20,5.71185E+21,1.1957E+16,5.15204E+16
69304,,15,0,88,355,2017,7,10,4,3,8,1,0,1,0,0,0,0,1,6.85015E+20,5.68738E+21,1.16545E+16,5.13077E+16
69305,,15,0,87,130,2017,7,19,4,2,8,1,0,1,0,0,0,0,0,6.79351E+20,5.71619E+21,1.15879E+16,5.15682E+16
69306,,15,0,84,355,2017,10,9,4,3,1,2,0,1,0,0,0,0,0,6.97132E+20,5.6715E+21,1.18194E+16,5.1161E+16
69307,,15,0,87,210,2017,7,15,4,2,4,6,0,1,0,0,0,0,1,6.73074E+20,5.71194E+21,1.14953E+16,5.1532E+16
69308,,15,0,84,135,2017,7,13,4,2,4,6,0,1,0,0,0,0,1,6.89906E+20,5.67834E+21,1.17198E+16,5.12248E+16
69309,,15,0,84,135,2017,7,17,4,2,8,1,0,1,0,0,0,0,1,6.91927E+20,5.67823E+21,1.17486E+16,5.12231E+16
69310,,15,0,91,241,2017,7,17,4,2,8,1,0,1,0,0,1,0,1,7.40063E+20,5.74642E+21,1.24832E+16,5.18169E+16
69311,,15,0,85,145,2017,9,14,4,2,8,1,0,1,0,0,0,0,0,6.43459E+20,5.72398E+21,1.10736E+16,5.16485E+16
69312,,15,0,89,30,2017,9,14,5,2,5,3,0,1,0,1,0,0,1,6.88622E+20,5.73872E+21,1.17337E+16,5.17675E+16
69313,,15,0,81,135,2017,9,14,6,3,2,6,0,1,0,0,1,0,0,6.53493E+20,5.81887E+21,1.12612E+16,5.24983E+16
69314,,15,0,91,391,2017,7,21,4,3,8,1,0,1,0,0,0,2,1,7.61043E+20,5.74964E+21,1.27894E+16,5.18365E+16
69315,,15,0,1,0,2017,9,10,6,3,2,6,0,1,0,0,1,0,0,7.21563E+20,5.74666E+21,1.22154E+16,5.18268E+16
69316,,15,0,82,340,2017,7,15,4,2,5,3,0,1,0,0,0,0,1,7.21211E+20,5.72113E+21,1.21941E+16,5.15977E+16
69317,,15,0,84,315,2017,9,15,6,3,2,6,0,1,0,0,0,0,0,7.09913E+20,5.67378E+21,1.20032E+16,5.11768E+16
69318,,15,0,82,241,2017,7,12,4,2,9,1,0,0,0,0,1,0,1,7.31096E+20,5.72978E+21,1.23423E+16,5.16714E+16
69319,,15,0,89,15,2017,7,9,4,3,2,6,0,1,0,0,0,0,1,6.63138E+20,5.73886E+21,1.13648E+16,5.17768E+16
69320,,15,0,84,490,2017,11,17,5,3,0,6,1,1,0,0,0,2,0,7.12007E+20,5.66809E+21,1.20298E+16,5.1125E+16
69321,,15,0,89,75,2017,7,10,4,3,5,3,0,1,0,0,1,0,1,6.6545E+20,5.75724E+21,1.1407E+16,5.19412E+16
69322,,15,0,89,235,2017,11,20,6,3,8,7,0,1,0,0,0,2,1,6.85043E+20,5.74796E+21,1.16868E+16,5.18517E+16
69323,,15,0,87,412,2017,10,21,2,2,8,1,0,1,0,0,0,2,1,6.48131E+20,5.70308E+21,1.11323E+16,5.14595E+16
69324,,15,0,89,195,2017,9,19,1,2,4,6,0,1,0,1,0,0,1,6.85649E+20,5.7315E+21,1.16868E+16,5.17037E+16
69325,,15,0,87,15,2017,8,11,1,3,2,6,0,1,0,0,0,0,0,6.63318E+20,5.70108E+21,1.13498E+16,5.14373E+16
69326,,15,0,83,411,2017,11,22,7,3,7,7,0,1,0,0,0,2,1,6.36745E+20,5.80877E+21,1.10105E+16,5.2412E+16
69327,,15,0,87,165,2017,10,18,3,3,2,2,0,1,0,0,0,1,0,6.76555E+20,5.72067E+21,1.15499E+16,5.16093E+16
69328,,15,0,83,130,2017,9,16,1,3,2,6,0,1,0,0,0,0,0,6.77735E+20,5.8012E+21,1.16086E+16,5.23323E+16
69329,,15,0,83,270,2017,7,3,4,2,9,1,0,1,0,0,0,2,1,6.65461E+20,5.793E+21,1.14246E+16,5.22624E+16
69330,,15,0,88,195,2017,7,5,3,3,2,6,0,1,0,0,1,1,0,7.10481E+20,5.71144E+21,1.20336E+16,5.15148E+16
69331,,15,0,88,195,2017,7,13,3,3,8,1,0,1,0,0,0,0,1,7.18581E+20,5.7152E+21,1.21525E+16,5.15455E+16
69332,,15,0,87,55,2017,7,22,3,3,8,7,0,1,0,0,0,1,1,6.36866E+20,5.70254E+21,1.097E+16,5.14575E+16
69333,,15,0,2,0,2017,7,15,3,3,0,1,0,0,0,1,0,0,1,7.05293E+20,5.71104E+21,1.19587E+16,5.15131E+16
69334,,15,0,2,0,2017,7,9,3,3,6,4,0,1,1,0,0,0,1,7.07665E+20,5.71051E+21,1.19925E+16,5.15075E+16
69335,,15,0,91,10,2017,7,5,3,3,8,1,0,0,0,0,1,0,1,7.77756E+20,5.7404E+21,1.30239E+16,5.17455E+16
69336,,15,0,91,160,2017,7,17,3,3,5,3,0,1,0,0,0,0,0,7.48374E+20,5.74395E+21,1.26018E+16,5.17912E+16
69337,,15,0,91,60,2017,7,6,3,3,5,3,1,1,0,0,0,0,1,7.37976E+20,5.75402E+21,1.24582E+16,5.18861E+16
69338,,15,0,83,270,2017,9,14,6,3,4,2,0,1,0,0,0,0,0,6.65718E+20,5.79672E+21,1.14302E+16,5.22958E+16
69339,,15,0,84,315,2017,9,21,6,3,0,1,1,0,0,0,0,2,0,7.18506E+20,5.68437E+21,1.21324E+16,5.12687E+16
69340,,15,0,83,390,2017,9,11,7,3,5,3,0,1,0,0,1,0,0,6.73584E+20,5.78558E+21,1.15397E+16,5.21933E+16
69341,,15,0,83,40,2017,7,11,3,2,0,6,0,1,0,0,1,0,1,6.74791E+20,5.78302E+21,1.1556E+16,5.217E+16
69342,,15,0,88,20,2017,9,19,7,3,3,6,0,1,0,0,0,2,0,7.14653E+20,5.68246E+21,1.20761E+16,5.1253E+16
69343,,15,0,82,15,2017,10,9,1,3,5,3,0,1,0,0,0,0,1,7.30748E+20,5.72506E+21,1.23341E+16,5.16291E+16
69344,,15,0,89,42,2017,10,5,2,2,2,6,0,1,0,0,1,2,0,6.83143E+20,5.76287E+21,1.16672E+16,5.19863E+16
69345,,15,0,85,370,2017,11,18,7,3,9,1,0,1,0,0,0,2,1,6.29725E+20,5.74783E+21,1.08841E+16,5.18661E+16
69346,,15,0,83,125,2017,9,3,1,3,5,3,1,1,0,0,0,2,0,6.56199E+20,5.80684E+21,1.12954E+16,5.23895E+16
69347,,15,0,82,301,2017,10,16,4,3,3,3,0,0,0,0,1,0,0,7.22094E+20,5.73552E+21,1.2216E+16,5.17265E+16
69348,,15,0,88,20,2017,8,16,1,2,2,6,0,1,0,0,0,0,0,7.18342E+20,5.68634E+21,1.21313E+16,5.12864E+16
69349,,15,0,88,220,2017,10,13,4,2,1,6,0,1,0,0,0,0,0,7.07937E+20,5.69255E+21,1.19859E+16,5.13461E+16
69350,,15,0,84,550,2017,9,16,7,2,3,6,0,1,0,0,0,0,1,7.11155E+20,5.67675E+21,1.20227E+16,5.12031E+16
69351,,15,0,91,391,2017,8,10,1,3,5,3,0,1,0,0,0,0,0,7.59967E+20,5.75956E+21,1.27812E+16,5.19259E+16
69352,,15,0,82,377,2017,10,6,4,3,8,7,0,0,0,1,0,2,0,7.109E+20,5.72881E+21,1.20501E+16,5.16707E+16
69353,,15,0,82,430,2017,8,10,1,2,8,1,0,0,0,1,0,0,0,7.12117E+20,5.75649E+21,1.20846E+16,5.19186E+16
69354,,15,0,2,0,2017,10,7,5,3,3,6,0,1,0,0,1,1,0,7.05E+20,5.7074E+21,1.19524E+16,5.14805E+16
69355,,15,0,88,20,2017,9,19,7,3,2,6,0,1,0,0,0,0,0,7.15895E+20,5.68366E+21,1.20946E+16,5.12633E+16
69356,,15,0,82,180,2017,8,3,1,3,5,2,0,1,0,0,0,2,0,7.05067E+20,5.73693E+21,1.19706E+16,5.17457E+16
69357,,15,0,87,250,2017,9,16,7,2,9,1,0,0,0,1,0,0,0,6.4248E+20,5.69944E+21,1.10495E+16,5.14282E+16
69358,,15,0,83,130,2017,10,21,4,3,9,7,0,1,0,0,0,2,0,6.78227E+20,5.80126E+21,1.16158E+16,5.23327E+16
69359,,15,0,85,235,2017,8,9,1,1,2,6,0,1,0,0,0,0,0,6.5186E+20,5.74151E+21,1.12026E+16,5.18038E+16
69360,,15,0,86,140,2017,10,17,6,3,5,2,1,1,0,0,0,0,0,7.02267E+20,5.78155E+21,1.19564E+16,5.21474E+16
69361,,15,0,87,130,2017,9,4,7,2,9,1,0,1,0,0,0,2,0,6.78944E+20,5.70761E+21,1.15777E+16,5.14913E+16
69362,,15,0,2,0,2017,9,10,7,3,2,6,0,1,0,0,0,0,0,7.07205E+20,5.7069E+21,1.19838E+16,5.14753E+16
69363,,15,0,3,0,2017,8,11,1,3,1,6,0,1,0,0,0,0,0,6.82004E+20,5.78783E+21,1.16639E+16,5.22108E+16
69364,,15,0,3,0,2017,10,12,7,3,5,3,0,1,0,0,0,0,0,6.83712E+20,5.77903E+21,1.16841E+16,5.21312E+16
69365,,15,0,2,0,2017,9,14,7,3,0,7,0,0,0,0,1,0,0,7.05688E+20,5.71049E+21,1.19641E+16,5.15081E+16
69366,,15,0,89,55,2017,10,14,6,3,2,6,0,1,0,0,0,0,0,6.92371E+20,5.75655E+21,1.17979E+16,5.19264E+16
69367,,15,0,83,298,2017,10,14,1,3,9,1,0,1,0,0,0,0,0,6.60725E+20,5.78447E+21,1.13512E+16,5.21873E+16
69368,,15,0,84,250,2017,10,15,7,2,8,1,0,0,0,1,0,0,0,6.83366E+20,5.6823E+21,1.16282E+16,5.12625E+16
69369,,15,0,84,490,2017,9,15,7,3,0,6,1,1,0,0,0,0,0,7.10174E+20,5.66573E+21,1.20023E+16,5.11045E+16
69370,,15,0,82,430,2017,10,16,2,1,5,3,0,0,0,1,1,0,0,7.2207E+20,5.76448E+21,1.22342E+16,5.19865E+16
69371,,15,0,89,42,2017,10,16,1,2,9,7,0,1,0,0,0,0,0,6.81842E+20,5.76633E+21,1.16501E+16,5.20178E+16
69372,,15,0,84,490,2017,9,16,7,2,8,1,0,1,0,0,0,0,1,7.12591E+20,5.66788E+21,1.2038E+16,5.11229E+16
69373,,15,0,87,15,2017,10,18,1,3,2,6,0,1,0,0,0,0,0,6.68143E+20,5.70075E+21,1.1419E+16,5.14329E+16
69374,,15,0,85,330,2017,8,12,1,2,3,6,0,0,0,1,0,0,0,6.39708E+20,5.72781E+21,1.1021E+16,5.16838E+16
69375,,15,0,85,140,2017,8,12,1,2,4,6,0,1,0,1,0,0,0,6.44345E+20,5.74678E+21,1.10959E+16,5.18531E+16
69376,,15,0,85,40,2017,8,12,1,2,8,1,0,1,0,0,0,0,0,6.51923E+20,5.73291E+21,1.11997E+16,5.17265E+16
69377,,15,0,83,230,2017,8,14,1,2,9,1,0,1,0,0,0,0,1,6.53803E+20,5.80208E+21,1.12581E+16,5.23474E+16
69378,,15,0,84,550,2017,8,11,7,3,5,3,0,1,0,0,1,0,0,7.07786E+20,5.68354E+21,1.19785E+16,5.12653E+16
69379,,15,0,87,130,2017,8,9,7,3,2,6,0,1,0,0,1,0,0,6.78077E+20,5.71262E+21,1.15677E+16,5.15366E+16
69380,,15,0,90,225,2017,11,14,6,2,2,2,0,1,0,0,1,0,1,7.07594E+20,5.85985E+21,1.20829E+16,5.28483E+16
69381,,15,0,2,0,2017,8,14,7,3,2,6,0,1,0,0,0,0,0,7.05774E+20,5.71038E+21,1.19653E+16,5.1507E+16
69382,,15,0,91,375,2017,9,17,7,3,1,6,0,1,0,0,0,0,0,7.47344E+20,5.75242E+21,1.25929E+16,5.18676E+16
69383,,15,0,91,60,2017,8,15,7,2,3,6,0,1,0,0,0,0,0,7.37343E+20,5.76077E+21,1.24537E+16,5.19469E+16
69384,,15,0,82,377,2017,11,6,7,3,9,7,0,0,0,0,1,2,0,7.10047E+20,5.73606E+21,1.20421E+16,5.1736E+16
69385,,15,0,90,415,2017,9,10,7,3,6,4,0,0,1,0,1,0,0,6.84723E+20,5.85326E+21,1.174E+16,5.27975E+16
69386,,15,0,91,60,2017,8,17,7,3,1,6,0,1,0,1,0,0,0,7.36319E+20,5.75372E+21,1.2434E+16,5.18841E+16
69387,,15,0,83,298,2017,11,21,2,1,2,1,0,1,0,0,1,2,0,6.64639E+20,5.78465E+21,1.14085E+16,5.21877E+16
69388,,15,0,88,195,2017,10,15,5,3,2,6,0,1,0,0,0,0,0,7.12668E+20,5.7113E+21,1.2065E+16,5.15128E+16
69389,,15,0,89,305,2017,9,18,7,3,4,6,0,1,0,1,0,0,0,6.85462E+20,5.76863E+21,1.1704E+16,5.20372E+16
69390,,15,0,91,160,2017,8,14,7,1,5,3,0,1,0,0,0,0,0,7.48374E+20,5.74395E+21,1.26018E+16,5.17912E+16
69391,,15,0,86,15,2017,11,21,3,3,0,1,1,0,0,0,0,2,1,6.93338E+20,5.79527E+21,1.18339E+16,5.22738E+16
69392,,15,0,2,0,2017,10,15,4,3,8,7,0,1,0,0,0,0,0,7.07415E+20,5.70245E+21,1.19842E+16,5.14352E+16
69393,,15,0,86,55,2017,9,8,7,3,2,6,0,1,0,0,1,0,0,6.93372E+20,5.77265E+21,1.18215E+16,5.20706E+16
69394,,15,0,82,430,2017,10,16,6,3,2,6,0,1,0,0,1,0,0,7.12446E+20,5.76255E+21,1.20931E+16,5.1973E+16
69395,,15,0,89,42,2017,7,5,3,3,8,1,0,1,0,0,0,1,1,6.82201E+20,5.76561E+21,1.16549E+16,5.20112E+16
69396,,15,0,85,190,2017,9,16,7,3,0,6,0,0,0,1,0,0,0,6.20415E+20,5.74526E+21,1.07481E+16,5.18452E+16
69397,,15,0,85,330,2017,9,14,7,3,4,6,0,1,0,0,0,0,0,6.36115E+20,5.73174E+21,1.09705E+16,5.17201E+16
69398,,15,0,3,0,2017,8,12,7,3,5,7,0,1,0,1,0,0,0,6.79133E+20,5.77097E+21,1.16131E+16,5.20603E+16
69399,,15,0,90,535,2017,10,18,7,2,4,6,0,1,0,0,0,1,1,6.88244E+20,5.82786E+21,1.17776E+16,5.25681E+16
69400,,15,0,90,70,2017,7,11,3,3,8,1,0,0,0,0,1,0,1,6.71528E+20,5.84504E+21,1.15402E+16,5.2728E+16
69401,,15,0,81,240,2017,9,19,7,3,8,7,0,0,0,0,1,1,0,6.58788E+20,5.83574E+21,1.13472E+16,5.26484E+16
69402,,15,0,81,455,2017,9,13,7,3,5,2,1,0,0,0,1,0,0,6.42509E+20,5.85892E+21,1.11168E+16,5.28611E+16
69403,,15,0,85,228,2017,8,16,7,2,8,1,0,0,0,1,0,0,0,6.27868E+20,5.73524E+21,1.08525E+16,5.17535E+16
69404,,15,0,90,535,2017,7,13,3,3,0,6,0,1,0,0,1,0,0,6.84903E+20,5.83264E+21,1.17311E+16,5.26122E+16
69405,,15,0,88,20,2017,9,15,6,3,2,6,0,1,0,0,0,0,0,7.12689E+20,5.6791E+21,1.2046E+16,5.12236E+16
69406,,15,0,89,195,2017,7,16,3,2,9,1,0,1,0,0,0,0,1,6.82561E+20,5.72771E+21,1.16402E+16,5.16707E+16
69407,,15,0,84,13,2017,9,17,6,3,2,6,0,1,0,0,1,0,0,7.06765E+20,5.66427E+21,1.19528E+16,5.10926E+16
69408,,15,0,3,0,2017,7,5,3,3,5,3,1,1,0,0,0,1,1,6.79622E+20,5.78117E+21,1.16256E+16,5.21518E+16
69409,,15,0,90,70,2017,10,6,4,3,8,1,0,1,0,0,0,2,0,6.72826E+20,5.83891E+21,1.15562E+16,5.26725E+16
69410,,15,0,3,0,2017,7,11,3,2,3,1,0,1,0,0,1,0,1,6.77607E+20,5.77355E+21,1.15922E+16,5.2084E+16
69411,,15,0,86,15,2017,7,14,3,2,2,6,0,1,0,0,0,0,0,6.93664E+20,5.79492E+21,1.18384E+16,5.22705E+16
69412,,15,0,85,235,2017,10,16,4,3,2,2,0,1,0,0,0,0,0,6.48929E+20,5.73991E+21,1.11594E+16,5.17902E+16
69413,,15,0,86,55,2017,7,9,3,2,5,3,0,1,0,0,1,0,1,7.02955E+20,5.77122E+21,1.19603E+16,5.20543E+16
69414,,15,0,85,365,2017,7,8,3,3,2,6,0,1,0,0,1,0,1,6.48396E+20,5.75202E+21,1.11569E+16,5.18992E+16
69415,,15,0,87,412,2017,10,15,4,3,5,3,0,1,0,0,1,0,0,6.44236E+20,5.71864E+21,1.10826E+16,5.16003E+16
69416,,15,0,81,280,2017,7,20,3,2,8,1,0,1,0,0,0,0,1,6.45043E+20,5.82431E+21,1.11392E+16,5.25495E+16
69417,,15,0,88,100,2017,7,7,2,3,2,7,0,1,0,0,1,0,0,6.77566E+20,5.70239E+21,1.15552E+16,5.14448E+16
69418,,15,0,91,145,2017,9,5,2,3,5,2,1,1,0,0,0,1,1,7.72136E+20,5.74562E+21,1.29468E+16,5.17951E+16
69419,,15,0,2,0,2017,9,14,4,3,2,6,0,1,0,0,0,0,0,7.05618E+20,5.70736E+21,1.19613E+16,5.148E+16
69420,,15,0,88,25,2017,7,9,2,3,0,1,0,0,0,1,0,0,0,6.92073E+20,5.69582E+21,1.17602E+16,5.13811E+16
69421,,15,0,85,145,2017,8,16,7,2,4,6,0,1,0,1,0,0,0,6.48233E+20,5.72784E+21,1.11442E+16,5.16819E+16
69422,,15,0,91,145,2017,11,14,2,3,5,3,1,1,0,0,0,0,0,7.72927E+20,5.74525E+21,1.2958E+16,5.17914E+16
69423,,15,0,87,130,2017,7,17,2,3,0,6,0,1,0,1,0,0,1,6.75798E+20,5.71114E+21,1.15342E+16,5.1524E+16
69424,,15,0,87,130,2017,8,18,6,3,5,3,0,1,0,0,0,0,0,6.78788E+20,5.7141E+21,1.15787E+16,5.15496E+16
69425,,15,0,3,0,2017,11,5,3,3,9,7,0,1,0,0,0,2,0,6.79482E+20,5.78444E+21,1.16253E+16,5.21812E+16
69426,,15,0,87,45,2017,10,11,4,3,9,1,0,1,0,0,0,0,0,6.71371E+20,5.7166E+21,1.14731E+16,5.15744E+16
69427,,15,0,84,355,2017,8,16,6,2,6,4,0,1,1,0,0,0,0,6.96946E+20,5.67039E+21,1.18161E+16,5.1151E+16
69428,,15,0,82,256,2017,10,11,5,3,8,1,0,1,0,0,0,0,0,6.97516E+20,5.74817E+21,1.18678E+16,5.18493E+16
69429,,15,0,91,110,2017,8,12,6,3,9,1,0,1,0,0,0,0,0,7.39405E+20,5.73607E+21,1.24665E+16,5.17244E+16
69430,,15,0,91,160,2017,10,17,7,1,9,1,0,1,0,0,0,0,1,7.56792E+20,5.7427E+21,1.27226E+16,5.17762E+16
69431,,15,0,91,60,2017,8,5,6,3,2,2,0,1,0,0,0,1,0,7.32426E+20,5.75841E+21,1.23807E+16,5.19278E+16
69432,,15,0,91,241,2017,8,10,6,2,8,1,0,0,0,1,0,0,0,7.33204E+20,5.74468E+21,1.23827E+16,5.18043E+16
69433,,15,0,1,0,2017,8,18,6,3,3,6,1,0,0,0,0,0,0,7.21669E+20,5.74485E+21,1.22158E+16,5.18104E+16
69434,,15,0,88,355,2017,7,16,2,3,4,6,0,1,0,0,0,0,1,6.84897E+20,5.68613E+21,1.16521E+16,5.12964E+16
69435,,15,0,83,120,2017,10,19,4,1,5,3,0,1,0,0,1,1,0,6.8471E+20,5.80752E+21,1.17143E+16,5.23868E+16
69436,,15,0,91,391,2017,9,7,2,2,8,1,0,1,0,0,0,0,1,7.59332E+20,5.75732E+21,1.27703E+16,5.19061E+16
69437,,15,0,91,160,2017,9,15,6,3,1,2,0,1,0,0,0,0,0,7.42334E+20,5.73909E+21,1.2511E+16,5.17502E+16
69438,,15,0,84,590,2017,7,9,2,3,5,2,0,1,0,0,1,0,0,7.20479E+20,5.65956E+21,1.21455E+16,5.10452E+16
69439,,15,0,84,315,2017,10,16,3,3,5,3,0,1,0,1,0,0,0,7.19182E+20,5.68339E+21,1.21415E+16,5.12597E+16
69440,,15,0,82,440,2017,9,12,2,3,5,3,0,1,0,0,0,0,1,7.13347E+20,5.72059E+21,1.20804E+16,5.15959E+16
69441,,15,0,1,0,2017,7,17,2,3,2,6,0,1,0,0,0,0,1,7.21201E+20,5.75462E+21,1.22153E+16,5.18983E+16
69442,,15,0,82,256,2017,7,16,2,3,0,2,0,0,0,1,1,0,1,7.09543E+20,5.74227E+21,1.20386E+16,5.1792E+16
69443,,15,0,2,0,2017,10,11,3,3,2,6,0,1,0,0,0,0,1,7.06617E+20,5.70724E+21,1.19755E+16,5.14785E+16
69444,,15,0,82,180,2017,7,20,2,3,9,1,0,1,0,0,0,1,1,7.07898E+20,5.73988E+21,1.20133E+16,5.17711E+16
69445,,15,0,89,42,2017,7,12,2,3,2,6,0,0,0,0,1,0,0,6.81481E+20,5.76705E+21,1.16452E+16,5.20243E+16
69446,,15,0,1,0,2017,10,20,3,3,1,6,0,1,0,0,0,2,1,7.22978E+20,5.75298E+21,1.224E+16,5.1883E+16
69447,,15,0,85,190,2017,7,16,2,3,2,6,0,1,0,0,0,0,1,6.18679E+20,5.74937E+21,1.07243E+16,5.18825E+16
69448,,15,0,89,42,2017,7,12,2,3,2,6,0,0,0,0,1,0,0,6.81192E+20,5.76762E+21,1.16413E+16,5.20296E+16
69449,,15,0,89,310,2017,7,17,2,3,5,3,0,1,0,1,0,0,1,6.81066E+20,5.75238E+21,1.16314E+16,5.18927E+16