OBJECTID,UIDENTSTLA,ULAND,UREGBEZ,UKREIS,UGEMEINDE,UJAHR,UMONAT,USTUNDE,UWOCHENTAG,UKATEGORIE,UART,UTYP1,IstRad,IstPKW,IstFuss,IstKrad,IstSonstig,LICHT,STRZUSTAND,LINREFX,LINREFY,XGCSWGS84,YGCSWGS84
69450,,15,0,89,15,2017,7,1,2,3,9,1,0,1,0,0,0,2,0,6.69086E+20,5.73787E+21,1.14504E+16,5.17661E+16
69451,,15,0,3,0,2017,7,16,2,3,2,6,0,1,0,0,0,0,1,6.79233E+20,5.77171E+21,1.16149E+16,5.2067E+16
69452,,15,0,88,305,2017,9,16,4,3,9,1,0,1,0,0,0,0,0,6.78797E+20,5.68588E+21,1.15646E+16,5.12961E+16
69453,,15,0,2,0,2017,9,15,5,3,2,6,0,1,0,0,1,0,0,7.12047E+20,5.70753E+21,1.20538E+16,5.14791E+16
69454,,15,0,3,0,2017,9,6,6,2,0,1,0,0,0,1,0,1,1,6.82058E+20,5.7831E+21,1.16622E+16,5.21683E+16
69455,,15,0,85,125,2017,7,18,2,2,8,1,0,1,0,0,0,0,1,6.4576E+20,5.75627E+21,1.11204E+16,5.19381E+16
69456,,15,0,87,275,2017,9,19,6,3,1,6,0,1,0,0,1,0,1,6.65013E+20,5.71171E+21,1.13791E+16,5.15323E+16
69457,,15,0,83,270,2017,7,8,2,3,5,3,1,1,0,0,0,0,0,6.63887E+20,5.79553E+21,1.14028E+16,5.22856E+16
69458,,15,0,2,0,2017,9,14,7,3,3,2,0,1,0,0,0,0,0,7.07353E+20,5.7068E+21,1.19859E+16,5.14743E+16
69459,,15,0,85,135,2017,10,11,1,3,5,3,0,1,0,0,0,0,0,6.42626E+20,5.74998E+21,1.10722E+16,5.18823E+16
69460,,15,0,81,280,2017,7,12,2,3,8,1,0,1,0,0,0,0,0,6.45508E+20,5.83183E+21,1.11493E+16,5.2617E+16
69461,,15,0,85,370,2017,11,14,6,3,2,2,0,1,0,0,0,0,0,6.21513E+20,5.74454E+21,1.07637E+16,5.18384E+16
69462,,15,0,90,435,2017,8,11,6,3,5,3,0,1,0,1,0,0,0,6.88683E+20,5.84369E+21,1.17932E+16,5.27101E+16
69463,,15,0,87,130,2017,11,18,6,2,4,6,0,1,0,0,0,2,1,6.77926E+20,5.71036E+21,1.15644E+16,5.15163E+16
69464,,15,0,91,145,2017,10,12,3,2,2,2,0,1,0,1,0,0,0,7.72693E+20,5.74436E+21,1.29539E+16,5.17835E+16
69465,,15,0,85,55,2017,9,9,6,3,5,3,0,1,0,0,0,0,0,6.37761E+20,5.74113E+21,1.09981E+16,5.18041E+16
69466,,15,0,89,310,2017,8,16,6,2,5,3,0,1,0,0,0,0,0,6.77711E+20,5.7478E+21,1.15804E+16,5.18526E+16
69467,,15,0,3,0,2017,8,6,6,3,2,6,0,1,0,0,0,0,0,6.82835E+20,5.77304E+21,1.16681E+16,5.20777E+16
69468,,15,0,82,15,2017,10,14,4,2,5,3,1,1,0,0,0,0,0,7.30312E+20,5.72472E+21,1.23276E+16,5.16263E+16
69469,,15,0,86,40,2017,9,4,6,2,9,1,0,1,0,0,0,2,0,7.20144E+20,5.79395E+21,1.22253E+16,5.22518E+16
69470,,15,0,85,228,2017,8,0,6,1,8,1,0,1,0,0,0,2,0,6.23897E+20,5.72744E+21,1.07922E+16,5.16842E+16
69471,,15,0,89,15,2017,9,10,6,2,4,6,0,1,0,0,1,0,0,6.69484E+20,5.73463E+21,1.14546E+16,5.17369E+16
69472,,15,0,82,430,2017,10,6,3,3,8,6,0,1,0,0,1,2,1,7.11915E+20,5.75546E+21,1.2081E+16,5.19096E+16
69473,,15,0,85,185,2017,8,14,6,3,5,3,0,1,0,1,0,0,1,6.31535E+20,5.75908E+21,1.09147E+16,5.19669E+16
69474,,15,0,3,0,2017,10,10,5,3,3,6,0,1,0,0,1,0,0,6.79586E+20,5.77997E+21,1.16244E+16,5.2141E+16
69475,,15,0,89,30,2017,9,12,6,3,5,3,1,0,0,0,1,0,0,6.88986E+20,5.7414E+21,1.17404E+16,5.17915E+16
69476,,15,0,3,0,2017,9,5,6,3,3,1,0,1,0,0,0,2,1,6.78315E+20,5.77557E+21,1.16036E+16,5.21019E+16
69477,,15,0,82,340,2017,10,6,3,2,8,7,0,1,0,0,0,2,1,7.2498E+20,5.72539E+21,1.22512E+16,5.16345E+16
69478,,15,0,83,411,2017,8,14,6,3,5,3,0,1,0,0,0,0,1,6.35145E+20,5.81075E+21,1.09878E+16,5.24303E+16
69479,,15,0,83,298,2017,10,8,6,2,9,1,0,1,0,0,0,0,1,6.59204E+20,5.79055E+21,1.13318E+16,5.22423E+16
69480,,15,0,3,0,2017,9,11,6,3,5,2,0,1,0,0,1,0,0,6.76863E+20,5.78383E+21,1.15867E+16,5.21765E+16
69481,,15,0,3,0,2017,9,18,6,3,2,6,0,1,0,0,0,0,0,6.79358E+20,5.77306E+21,1.16175E+16,5.2079E+16
69482,,15,0,91,241,2017,10,8,6,2,4,2,0,1,0,0,1,0,1,7.34733E+20,5.74397E+21,1.24044E+16,5.17972E+16
69483,,15,0,3,0,2017,9,5,6,3,2,6,0,1,0,0,0,2,1,6.77083E+20,5.77306E+21,1.15843E+16,5.20797E+16
69484,,15,0,90,7,2017,10,6,1,3,7,7,0,1,0,0,0,2,1,6.68396E+20,5.85575E+21,1.14994E+16,5.28252E+16
69485,,15,0,83,411,2017,10,19,7,1,5,3,1,1,0,0,0,2,0,6.34472E+20,5.81257E+21,1.09786E+16,5.24467E+16
69486,,15,0,85,230,2017,9,6,6,3,4,6,0,1,0,0,1,1,0,6.22618E+20,5.76034E+21,1.07854E+16,5.19802E+16
69487,,15,0,85,135,2017,10,13,1,3,1,2,0,1,0,0,0,0,0,6.35562E+20,5.74692E+21,1.09685E+16,5.18566E+16
69488,,15,0,81,135,2017,8,20,6,3,9,1,0,1,0,0,0,0,0,6.4875E+20,5.81874E+21,1.11913E+16,5.24985E+16
69489,,15,0,84,130,2017,8,5,5,2,8,1,0,0,0,1,0,1,0,7.24539E+20,5.66833E+21,1.22087E+16,5.11223E+16
69490,,15,0,1,0,2017,8,14,5,2,5,3,1,1,0,0,0,0,0,7.21621E+20,5.74571E+21,1.22156E+16,5.18183E+16
69491,,15,0,82,241,2017,8,9,5,2,2,6,0,1,0,0,1,0,0,7.3804E+20,5.72546E+21,1.24396E+16,5.16297E+16
69492,,15,0,86,35,2017,8,7,5,3,0,1,0,1,0,1,0,0,0,7.02755E+20,5.80396E+21,1.19769E+16,5.23484E+16
69493,,15,0,83,415,2017,8,14,5,3,5,3,1,1,0,0,0,0,0,6.53065E+20,5.76702E+21,1.12314E+16,5.20326E+16
69494,,15,0,3,0,2017,11,16,5,3,1,6,0,1,0,0,0,1,0,6.75871E+20,5.77258E+21,1.15664E+16,5.20758E+16
69495,,15,0,84,355,2017,8,18,4,2,5,3,0,1,0,0,0,0,0,6.95455E+20,5.6625E+21,1.17905E+16,5.10807E+16
69496,,15,0,83,120,2017,9,11,6,3,2,6,0,1,0,0,1,0,0,6.80275E+20,5.81443E+21,1.16529E+16,5.24503E+16
69497,,15,0,84,285,2017,8,9,4,3,5,1,0,1,0,1,0,0,1,6.87407E+20,5.67808E+21,1.16839E+16,5.12233E+16
69498,,15,0,83,531,2017,11,15,6,3,4,6,0,1,0,0,1,0,0,6.6554E+20,5.77115E+21,1.14151E+16,5.20662E+16
69499,,15,0,88,65,2017,9,7,5,3,9,1,0,1,0,0,0,0,0,7.05095E+20,5.68949E+21,1.19434E+16,5.13196E+16
69500,,15,0,84,560,2017,8,9,4,3,2,6,0,1,0,0,1,0,0,7.0076E+20,5.66896E+21,1.18698E+16,5.11368E+16
69501,,15,0,82,15,2017,11,18,6,3,2,6,0,1,0,0,0,2,0,7.21701E+20,5.73041E+21,1.2207E+16,5.16808E+16
69502,,15,0,88,220,2017,10,7,4,3,2,6,0,1,0,1,0,1,0,7.0778E+20,5.69274E+21,1.19838E+16,5.13479E+16
69503,,15,0,84,315,2017,9,22,5,3,8,7,0,1,0,0,0,2,1,7.14226E+20,5.68066E+21,1.20689E+16,5.1237E+16
69504,,15,0,84,130,2017,8,9,4,2,8,1,0,1,0,0,0,0,1,7.29167E+20,5.65595E+21,1.22669E+16,5.10094E+16
69505,,15,0,82,440,2017,11,14,1,2,5,3,0,1,0,0,0,0,1,7.20394E+20,5.73195E+21,1.21891E+16,5.16952E+16
69506,,15,0,88,330,2017,9,15,5,3,5,3,0,1,0,0,0,0,0,7.13962E+20,5.69428E+21,1.20733E+16,5.13594E+16
69507,,15,0,91,160,2017,10,6,5,3,8,1,0,1,0,0,0,2,0,7.51632E+20,5.74307E+21,1.26483E+16,5.17819E+16
69508,,15,0,88,150,2017,7,18,1,3,5,2,0,1,0,0,0,0,0,7.18774E+20,5.70062E+21,1.21463E+16,5.14145E+16
69509,,15,0,87,275,2017,9,5,5,3,0,7,0,1,0,0,0,2,0,6.73114E+20,5.71893E+21,1.14994E+16,5.15947E+16
69510,,15,0,88,220,2017,11,18,2,3,5,2,0,1,0,0,0,2,0,7.10169E+20,5.69415E+21,1.20189E+16,5.13596E+16
69511,,15,0,2,0,2017,9,18,5,3,5,2,0,1,0,1,0,0,1,7.05655E+20,5.71054E+21,1.19636E+16,5.15085E+16
69512,,15,0,85,110,2017,10,14,6,2,9,6,0,1,0,0,0,0,0,6.63996E+20,5.73461E+21,1.13752E+16,5.17384E+16
69513,,15,0,87,275,2017,7,13,1,2,8,1,0,0,0,1,0,0,0,6.57047E+20,5.71895E+21,1.12676E+16,5.15997E+16
69514,,15,0,84,355,2017,9,11,5,3,2,6,0,0,0,0,1,0,1,6.97495E+20,5.67224E+21,1.1825E+16,5.11675E+16
69515,,15,0,91,145,2017,9,7,5,2,5,3,1,1,0,0,0,0,0,7.72793E+20,5.74517E+21,1.2956E+16,5.17908E+16
69516,,15,0,88,25,2017,10,6,6,3,5,3,0,1,0,0,0,2,0,7.02615E+20,5.69507E+21,1.1911E+16,5.13707E+16
69517,,15,0,2,0,2017,7,17,1,3,3,6,1,0,0,0,0,0,0,7.07823E+20,5.70734E+21,1.19929E+16,5.1479E+16
69518,,15,0,82,430,2017,9,18,5,2,2,6,0,1,0,0,0,0,0,7.14353E+20,5.75916E+21,1.21187E+16,5.19418E+16
69519,,15,0,2,0,2017,7,17,1,3,0,1,0,1,0,0,0,0,0,7.0755E+20,5.70664E+21,1.19886E+16,5.14728E+16
69520,,15,0,82,180,2017,9,15,5,3,1,6,0,1,0,0,1,0,0,7.06113E+20,5.73835E+21,1.19866E+16,5.17581E+16
69521,,15,0,90,415,2017,7,23,1,3,8,1,0,1,0,0,0,1,0,6.84085E+20,5.85679E+21,1.17325E+16,5.28294E+16
69522,,15,0,87,31,2017,7,17,1,3,5,7,0,1,0,0,0,0,0,6.69535E+20,5.73302E+21,1.14546E+16,5.17224E+16
69523,,15,0,82,241,2017,9,14,5,2,4,6,0,1,0,0,1,0,1,7.3759E+20,5.72469E+21,1.24326E+16,5.1623E+16
69524,,15,0,3,0,2017,7,13,1,3,2,6,0,1,0,0,0,0,0,6.80795E+20,5.77978E+21,1.1642E+16,5.21389E+16
69525,,15,0,85,230,2017,10,13,1,3,8,1,0,0,0,1,0,0,0,6.09088E+20,5.76066E+21,1.05886E+16,5.19859E+16
69526,,15,0,90,485,2017,9,17,5,2,8,1,0,1,0,0,0,0,0,7.15641E+20,5.84227E+21,1.21907E+16,5.26874E+16
69527,,15,0,82,430,2017,10,12,3,3,7,7,0,1,0,0,0,0,1,7.24747E+20,5.76518E+21,1.22736E+16,5.19918E+16
69528,,15,0,87,386,2017,10,19,1,2,5,2,1,1,0,0,0,1,0,6.8572E+20,5.70744E+21,1.16751E+16,5.14876E+16
69529,,15,0,90,631,2017,9,6,5,2,5,2,0,1,0,0,0,1,0,7.10641E+20,5.82713E+21,1.21072E+16,5.25534E+16
69530,,15,0,3,0,2017,10,13,2,2,3,6,0,1,0,0,1,0,0,6.803E+20,5.77983E+21,1.16348E+16,5.21395E+16
69531,,15,0,91,391,2017,8,9,4,3,4,2,0,1,0,0,0,0,1,7.62299E+20,5.74912E+21,1.28072E+16,5.18312E+16
69532,,15,0,3,0,2017,10,9,3,3,1,6,0,1,0,0,1,0,0,6.79031E+20,5.77983E+21,1.16163E+16,5.214E+16
69533,,15,0,1,0,2017,8,10,4,3,2,6,0,1,0,0,1,0,1,7.23985E+20,5.74572E+21,1.22499E+16,5.18174E+16
69534,,15,0,3,0,2017,9,16,5,3,2,6,0,1,0,0,0,0,1,6.79134E+20,5.77774E+21,1.16167E+16,5.21211E+16
69535,,15,0,82,180,2017,8,16,4,3,3,2,1,1,0,0,0,0,0,7.05024E+20,5.73642E+21,1.19697E+16,5.17411E+16
69536,,15,0,86,15,2017,8,2,4,3,0,6,0,1,0,0,1,2,0,6.96895E+20,5.7907E+21,1.18833E+16,5.22315E+16
69537,,15,0,3,0,2017,8,20,4,3,8,7,0,1,0,0,0,0,0,6.8236E+20,5.77913E+21,1.16645E+16,5.21326E+16
69538,,15,0,83,531,2017,8,19,4,3,0,7,1,0,0,0,0,0,0,6.6714E+20,5.77078E+21,1.14382E+16,5.20624E+16
69539,,15,0,84,315,2017,11,13,6,2,5,2,0,1,0,0,1,0,0,7.18368E+20,5.68187E+21,1.21289E+16,5.12464E+16
69540,,15,0,81,280,2017,8,12,4,3,9,1,0,1,0,0,0,0,0,6.40326E+20,5.82692E+21,1.10708E+16,5.25742E+16
69541,,15,0,2,0,2017,8,10,3,3,5,3,1,0,0,0,1,0,0,7.05205E+20,5.71134E+21,1.19576E+16,5.15158E+16
69542,,15,0,83,270,2017,11,14,2,2,9,1,0,1,0,0,0,0,0,6.6823E+20,5.79521E+21,1.14662E+16,5.22815E+16
69543,,15,0,3,0,2017,9,7,5,3,2,6,0,1,0,0,0,0,1,6.77628E+20,5.77331E+21,1.15924E+16,5.20818E+16
69544,,15,0,2,0,2017,8,13,3,2,5,2,1,1,0,0,0,0,0,7.07216E+20,5.7063E+21,1.19836E+16,5.14699E+16
69545,,15,0,3,0,2017,11,8,2,3,2,6,0,1,0,0,0,0,0,6.79803E+20,5.7803E+21,1.16278E+16,5.21439E+16
69546,,15,0,90,70,2017,10,7,4,3,8,1,0,1,0,0,0,0,0,6.72826E+20,5.83891E+21,1.15562E+16,5.26725E+16
69547,,15,0,90,535,2017,10,1,6,2,5,3,1,1,0,0,0,2,0,6.96709E+20,5.83298E+21,1.19054E+16,5.26112E+16
69548,,15,0,85,235,2017,9,15,5,2,5,3,0,1,0,0,1,0,0,6.46637E+20,5.74241E+21,1.11273E+16,5.18133E+16
69549,,15,0,91,160,2017,8,8,3,3,2,6,0,1,0,0,0,0,0,7.50683E+20,5.74691E+21,1.26373E+16,5.18167E+16
69550,,15,0,85,55,2017,10,7,5,3,5,3,0,1,0,0,1,1,1,6.34567E+20,5.74015E+21,1.09514E+16,5.1796E+16
69551,,15,0,85,135,2017,9,17,5,3,5,3,0,1,0,0,0,0,0,6.42848E+20,5.74969E+21,1.10753E+16,5.18796E+16
69552,,15,0,88,195,2017,10,13,6,1,2,6,0,0,0,0,1,0,0,7.08792E+20,5.7147E+21,1.20112E+16,5.15447E+16
69553,,15,0,83,490,2017,9,21,5,3,8,1,0,1,0,0,0,2,1,6.75879E+20,5.76373E+21,1.15619E+16,5.19964E+16
69554,,15,0,81,280,2017,9,15,5,3,5,3,1,1,0,0,1,0,0,6.41778E+20,5.82785E+21,1.10926E+16,5.25822E+16
69555,,15,0,82,430,2017,8,14,3,3,4,6,0,1,0,0,1,0,0,7.23908E+20,5.7747E+21,1.22676E+16,5.20775E+16
69556,,15,0,3,0,2017,7,21,1,3,8,1,0,1,0,0,0,1,1,6.81803E+20,5.78278E+21,1.16583E+16,5.21655E+16
69557,,15,0,84,13,2017,9,14,4,2,9,6,0,1,0,0,0,0,0,7.06927E+20,5.6652E+21,1.19556E+16,5.11009E+16
69558,,15,0,88,295,2017,9,13,4,3,9,1,0,1,0,0,0,0,1,7.09009E+20,5.72247E+21,1.2019E+16,5.16144E+16
69559,,15,0,82,180,2017,8,15,3,3,2,6,0,1,0,0,0,0,0,7.08712E+20,5.7399E+21,1.20251E+16,5.17711E+16
69560,,15,0,83,490,2017,7,16,1,2,9,1,0,0,0,1,0,0,0,6.72791E+20,5.76916E+21,1.15198E+16,5.20461E+16
69561,,15,0,86,145,2017,10,13,3,2,3,6,0,1,0,0,1,0,0,6.87472E+20,5.78972E+21,1.17449E+16,5.2226E+16
69562,,15,0,82,15,2017,9,11,2,3,4,3,1,1,0,0,0,0,1,7.2655E+20,5.72858E+21,1.22759E+16,5.16625E+16
69563,,15,0,88,65,2017,7,11,7,3,2,6,0,1,0,0,0,0,0,7.06454E+20,5.68775E+21,1.19619E+16,5.13036E+16
69564,,15,0,88,319,2017,9,15,4,3,2,6,0,1,0,0,0,0,1,6.97668E+20,5.70718E+21,1.18468E+16,5.14812E+16
69565,,15,0,88,25,2017,7,18,7,2,8,7,0,0,0,1,0,0,0,7.02691E+20,5.69557E+21,1.19124E+16,5.13751E+16
69566,,15,0,83,298,2017,10,15,3,1,2,6,0,1,0,0,1,0,0,6.76504E+20,5.78382E+21,1.15814E+16,5.21766E+16
69567,,15,0,87,412,2017,7,14,7,2,8,1,0,0,0,1,0,0,0,6.35478E+20,5.71743E+21,1.09558E+16,5.15916E+16
69568,,15,0,87,130,2017,7,11,7,2,5,3,0,1,0,0,0,0,0,6.80156E+20,5.70952E+21,1.15961E+16,5.15081E+16
69569,,15,0,90,70,2017,10,10,3,3,9,1,0,1,0,0,0,0,1,6.80336E+20,5.84397E+21,1.16699E+16,5.27155E+16
69570,,15,0,91,110,2017,7,18,7,3,9,1,0,1,0,0,0,0,0,7.44966E+20,5.73057E+21,1.2543E+16,5.16726E+16
69571,,15,0,86,40,2017,7,12,7,3,0,1,0,1,0,0,0,0,1,7.16951E+20,5.7934E+21,1.21782E+16,5.22482E+16
69572,,15,0,89,26,2017,10,23,3,2,8,1,0,0,0,1,0,2,1,6.94985E+20,5.75749E+21,1.18363E+16,5.19339E+16
69573,,15,0,83,323,2017,7,11,7,3,0,6,0,1,0,0,0,0,1,6.44834E+20,5.7863E+21,1.11197E+16,5.2208E+16
69574,,15,0,3,0,2017,7,13,7,3,2,6,0,1,0,0,0,0,0,6.79219E+20,5.77019E+21,1.16139E+16,5.20533E+16
69575,,15,0,90,415,2017,7,16,7,3,9,1,0,1,0,0,0,0,1,6.83479E+20,5.84577E+21,1.17174E+16,5.27306E+16
69576,,15,0,82,340,2017,9,14,2,3,4,6,0,1,0,0,1,0,1,7.21188E+20,5.7222E+21,1.21944E+16,5.16073E+16
69577,,15,0,85,135,2017,9,21,4,3,5,3,0,1,0,0,0,2,1,6.4174E+20,5.75154E+21,1.106E+16,5.18965E+16
69578,,15,0,91,375,2017,9,15,5,3,5,2,1,1,0,0,0,0,0,7.51015E+20,5.75319E+21,1.26467E+16,5.18729E+16
69579,,15,0,3,0,2017,7,12,7,3,0,1,0,0,0,1,0,0,1,6.74888E+20,5.77984E+21,1.15558E+16,5.21414E+16
69580,,15,0,83,490,2017,9,11,6,2,0,3,1,0,0,0,1,0,0,6.76664E+20,5.76964E+21,1.15764E+16,5.20492E+16
69581,,15,0,85,185,2017,7,18,7,2,0,1,1,0,0,0,0,0,0,6.29844E+20,5.76625E+21,1.08928E+16,5.20316E+16
69582,,15,0,84,15,2017,9,11,6,2,4,6,0,1,0,0,1,0,0,6.82514E+20,5.6768E+21,1.16132E+16,5.12134E+16
69583,,15,0,88,205,2017,7,8,6,3,3,6,0,1,0,0,0,0,0,7.21979E+20,5.69407E+21,1.21882E+16,5.13545E+16
69584,,15,0,83,411,2017,9,21,7,3,0,1,1,0,0,0,0,2,1,6.35857E+20,5.81304E+21,1.09992E+16,5.24506E+16
69585,,15,0,2,0,2017,7,7,6,3,4,2,1,0,0,1,0,0,0,7.07369E+20,5.7073E+21,1.19864E+16,5.14788E+16
69586,,15,0,91,375,2017,7,15,6,3,3,6,0,1,0,1,0,0,0,7.50135E+20,5.75229E+21,1.26333E+16,5.18653E+16
69587,,15,0,3,0,2017,11,15,4,3,4,2,1,1,0,0,0,0,0,6.80348E+20,5.77981E+21,1.16355E+16,5.21393E+16
69588,,15,0,91,375,2017,7,8,6,3,5,2,1,1,0,0,0,0,0,7.49433E+20,5.7523E+21,1.26231E+16,5.18656E+16
69589,,15,0,84,355,2017,11,13,5,3,5,3,0,1,0,0,0,0,0,6.94802E+20,5.66406E+21,1.17821E+16,5.10949E+16
69590,,15,0,82,430,2017,7,0,6,2,1,5,1,1,0,0,0,2,0,7.13156E+20,5.76968E+21,1.21079E+16,5.20367E+16
69591,,15,0,89,307,2017,10,11,1,2,5,3,0,1,0,0,1,0,0,6.63568E+20,5.7388E+21,1.1371E+16,5.17762E+16
69592,,15,0,84,355,2017,11,13,6,3,1,2,0,1,0,0,0,0,1,6.97582E+20,5.66999E+21,1.1825E+16,5.11472E+16
69593,,15,0,83,275,2017,10,11,3,2,6,3,0,1,1,0,0,0,0,6.39807E+20,5.78433E+21,1.10454E+16,5.21917E+16
69594,,15,0,91,375,2017,9,12,4,3,5,3,0,1,0,0,1,0,0,7.51583E+20,5.75428E+21,1.26557E+16,5.18824E+16
69595,,15,0,90,550,2017,8,16,3,2,5,3,0,1,0,0,0,0,0,7.01976E+20,5.83265E+21,1.19829E+16,5.26062E+16
69596,,15,0,86,15,2017,11,20,7,3,1,7,0,1,0,0,0,2,1,6.99272E+20,5.79633E+21,1.19214E+16,5.22812E+16
69597,,15,0,89,30,2017,10,15,3,3,5,3,0,1,0,0,0,0,1,6.91479E+20,5.7402E+21,1.17758E+16,5.17799E+16
69598,,15,0,88,195,2017,10,16,3,3,8,1,0,1,0,0,0,0,0,7.13828E+20,5.71194E+21,1.20821E+16,5.1518E+16
69599,,15,0,91,20,2017,9,14,4,3,4,6,0,1,0,0,1,0,0,7.54282E+20,5.73775E+21,1.26827E+16,5.17329E+16
69600,,15,0,90,550,2017,9,20,4,3,4,2,0,1,0,0,0,2,0,7.01886E+20,5.82847E+21,1.1979E+16,5.25687E+16
69601,,15,0,85,55,2017,10,6,3,3,9,7,0,1,0,0,0,2,1,6.31694E+20,5.74658E+21,1.09122E+16,5.18544E+16
69602,,15,0,89,42,2017,8,13,3,3,5,3,0,1,0,0,0,0,0,6.84494E+20,5.76333E+21,1.16871E+16,5.19899E+16
69603,,15,0,84,375,2017,10,10,4,3,3,6,0,1,0,0,1,0,0,7.06997E+20,5.66165E+21,1.19546E+16,5.1069E+16
69604,,15,0,86,15,2017,9,7,4,3,2,6,0,1,0,0,0,0,1,6.97087E+20,5.79171E+21,1.18867E+16,5.22404E+16
69605,,15,0,87,412,2017,9,19,3,3,0,7,0,1,0,0,0,1,0,6.35562E+20,5.7106E+21,1.09544E+16,5.15302E+16
69606,,15,0,2,0,2017,10,16,5,3,4,6,1,0,0,0,0,0,0,7.0738E+20,5.7073E+21,1.19866E+16,5.14788E+16
69607,,15,0,87,130,2017,9,15,3,3,2,6,0,1,0,0,0,0,0,6.79951E+20,5.70936E+21,1.15931E+16,5.15066E+16
69608,,15,0,3,0,2017,10,14,6,3,3,6,1,0,0,0,0,0,1,6.81944E+20,5.77785E+21,1.16577E+16,5.21212E+16
69609,,15,0,87,15,2017,9,12,3,3,3,6,1,1,0,0,0,0,0,6.62798E+20,5.70428E+21,1.13438E+16,5.14662E+16
69610,,15,0,82,430,2017,10,14,6,3,7,7,0,1,0,0,0,0,0,7.12438E+20,5.752E+21,1.20865E+16,5.18782E+16
69611,,15,0,89,15,2017,8,8,3,3,5,3,0,1,0,1,0,0,0,6.671E+20,5.74198E+21,1.14236E+16,5.18036E+16
69612,,15,0,86,5,2017,8,11,3,3,1,7,0,1,0,0,0,0,0,6.88655E+20,5.77946E+21,1.17565E+16,5.21334E+16
69613,,15,0,86,80,2017,8,13,3,3,2,6,0,1,0,0,0,0,0,7.1918E+20,5.8117E+21,1.22228E+16,5.24115E+16
69614,,15,0,87,15,2017,8,14,2,2,2,6,0,0,0,0,1,0,0,6.6995E+20,5.70135E+21,1.14452E+16,5.14378E+16
69615,,15,0,88,150,2017,8,16,2,2,8,7,0,1,0,0,0,0,0,7.12079E+20,5.70946E+21,1.20554E+16,5.14964E+16
69616,,15,0,87,412,2017,8,5,2,3,8,7,0,0,0,0,1,1,0,6.43555E+20,5.70466E+21,1.10671E+16,5.14749E+16
69617,,15,0,3,0,2017,11,4,4,3,5,3,1,1,0,0,0,2,1,6.84266E+20,5.77917E+21,1.16923E+16,5.21323E+16
69618,,15,0,84,550,2017,8,19,2,3,2,6,0,1,0,0,1,0,0,7.09519E+20,5.67289E+21,1.19971E+16,5.1169E+16
69619,,15,0,2,0,2017,9,12,3,3,5,2,1,1,0,0,0,0,0,7.07363E+20,5.7073E+21,1.19863E+16,5.14788E+16
69620,,15,0,87,15,2017,8,11,2,1,2,6,0,1,0,0,1,0,0,6.65081E+20,5.70051E+21,1.13749E+16,5.14317E+16
69621,,15,0,88,365,2017,11,15,4,3,5,3,0,1,0,0,0,0,0,6.93053E+20,5.70668E+21,1.17802E+16,5.14783E+16
69622,,15,0,84,355,2017,11,11,6,2,5,3,1,1,0,0,0,0,0,6.96006E+20,5.67015E+21,1.18026E+16,5.11491E+16
69623,,15,0,84,550,2017,9,10,3,2,7,6,0,1,0,0,1,0,0,7.0941E+20,5.67615E+21,1.19974E+16,5.11984E+16
69624,,15,0,2,0,2017,8,11,2,2,6,4,0,0,1,0,1,0,0,7.03275E+20,5.70725E+21,1.19275E+16,5.14798E+16
69625,,15,0,86,5,2017,11,14,7,3,0,6,0,1,0,0,0,0,1,6.8734E+20,5.78169E+21,1.17386E+16,5.21539E+16
69626,,15,0,84,550,2017,9,14,3,3,4,1,0,1,0,0,0,0,0,7.04894E+20,5.67939E+21,1.19347E+16,5.1229E+16
69627,,15,0,2,0,2017,8,13,2,3,5,3,1,1,0,0,0,0,0,7.0821E+20,5.70734E+21,1.19985E+16,5.14788E+16
69628,,15,0,83,531,2017,10,10,3,3,0,6,0,1,0,0,1,0,1,6.68172E+20,5.77125E+21,1.14535E+16,5.20663E+16
69629,,15,0,2,0,2017,8,7,2,3,3,6,0,1,0,0,1,0,0,7.07342E+20,5.70381E+21,1.1984E+16,5.14474E+16
69630,,15,0,81,135,2017,10,15,5,2,8,1,0,1,0,0,1,0,0,6.68575E+20,5.82211E+21,1.14848E+16,5.2523E+16
69631,,15,0,91,145,2017,9,5,3,2,7,7,0,0,0,1,0,2,0,7.82062E+20,5.74312E+21,1.30884E+16,5.17677E+16
69632,,15,0,2,0,2017,8,8,2,3,5,2,0,1,0,1,0,0,0,7.10033E+20,5.70739E+21,1.20247E+16,5.14786E+16
69633,,15,0,82,180,2017,9,14,3,3,3,6,0,1,0,0,0,0,0,6.97241E+20,5.73328E+21,1.18553E+16,5.17157E+16
69634,,15,0,81,440,2017,10,15,3,3,1,3,1,1,0,0,0,0,0,6.38132E+20,5.84169E+21,1.10446E+16,5.27075E+16
69635,,15,0,2,0,2017,8,16,2,3,2,6,0,1,0,0,0,0,0,7.07001E+20,5.70874E+21,1.19819E+16,5.14918E+16
69636,,15,0,87,440,2017,10,17,5,2,5,3,0,1,0,1,0,0,0,6.52988E+20,5.7033E+21,1.12022E+16,5.14602E+16
69637,,15,0,83,298,2017,9,14,3,3,2,6,0,1,0,0,0,0,0,6.59228E+20,5.78464E+21,1.13294E+16,5.21892E+16
69638,,15,0,86,145,2017,9,3,3,2,2,6,0,1,0,0,1,2,0,6.8572E+20,5.78927E+21,1.1719E+16,5.22225E+16
69639,,15,0,88,25,2017,10,16,2,3,2,6,0,1,0,0,0,0,0,6.99052E+20,5.70031E+21,1.18629E+16,5.1419E+16
69640,,15,0,2,0,2017,8,16,2,3,3,2,0,0,0,1,1,0,0,7.05523E+20,5.71073E+21,1.19618E+16,5.15103E+16