OBJECTID,UIDENTSTLA,ULAND,UREGBEZ,UKREIS,UGEMEINDE,UJAHR,UMONAT,USTUNDE,UWOCHENTAG,UKATEGORIE,UART,UTYP1,IstRad,IstPKW,IstFuss,IstKrad,IstSonstig,LICHT,STRZUSTAND,LINREFX,LINREFY,XGCSWGS84,YGCSWGS84
69641,,15,0,3,0,2017,10,18,6,2,4,3,0,1,0,0,0,2,0,6.83312E+20,5.77896E+21,1.16783E+16,5.21307E+16
69642,,15,0,90,535,2017,9,20,3,3,7,7,0,1,0,0,0,2,0,6.91993E+20,5.8366E+21,1.1838E+16,5.26453E+16
69643,,15,0,86,145,2017,9,9,3,3,2,6,0,1,0,0,0,0,0,6.90957E+20,5.78875E+21,1.17953E+16,5.2216E+16
69644,,15,0,84,590,2017,8,16,2,3,0,1,0,0,0,1,0,0,1,7.20463E+20,5.66239E+21,1.2147E+16,5.10706E+16
69645,,15,0,86,145,2017,10,21,7,2,8,1,0,1,0,0,0,2,0,6.85331E+20,5.78918E+21,1.17133E+16,5.22218E+16
69646,,15,0,86,5,2017,9,4,3,3,1,6,0,1,0,0,0,2,0,6.87067E+20,5.7799E+21,1.17336E+16,5.21379E+16
69647,,15,0,91,391,2017,10,18,6,3,1,5,0,1,0,1,0,1,0,7.62744E+20,5.75542E+21,1.28184E+16,5.18875E+16
69648,,15,0,89,42,2017,10,2,1,2,8,1,0,1,0,0,0,2,1,6.84352E+20,5.7594E+21,1.16829E+16,5.19547E+16
69649,,15,0,87,165,2017,10,16,7,3,5,3,0,1,0,0,0,0,0,6.76157E+20,5.72002E+21,1.15438E+16,5.16037E+16
69650,,15,0,83,411,2017,9,7,3,3,0,6,0,1,1,0,0,0,0,6.40083E+20,5.79824E+21,1.10552E+16,5.23166E+16
69651,,15,0,1,0,2017,10,18,1,3,4,1,1,0,0,0,0,0,0,7.22859E+20,5.75231E+21,1.22378E+16,5.1877E+16
69652,,15,0,84,133,2017,8,10,2,2,3,6,1,1,0,0,0,0,0,6.76079E+20,5.67697E+21,1.15213E+16,5.12169E+16
69653,,15,0,81,240,2017,10,6,2,2,8,1,0,1,0,0,0,1,1,6.61389E+20,5.84626E+21,1.13908E+16,5.2742E+16
69654,,15,0,83,40,2017,8,7,2,2,8,1,0,0,0,0,1,0,0,6.78493E+20,5.78476E+21,1.1611E+16,5.21844E+16
69655,,15,0,83,205,2017,8,22,2,3,2,6,0,1,0,0,0,2,0,6.55784E+20,5.78515E+21,1.12793E+16,5.21948E+16
69656,,15,0,90,225,2017,8,9,2,2,3,2,0,1,0,1,0,0,0,7.07325E+20,5.85816E+21,1.20779E+16,5.28333E+16
69657,,15,0,89,55,2017,8,15,2,3,4,2,0,1,0,0,0,0,0,6.89449E+20,5.7531E+21,1.17535E+16,5.18964E+16
69658,,15,0,85,228,2017,8,17,2,2,8,1,0,0,0,1,0,0,1,6.27674E+20,5.73517E+21,1.08497E+16,5.17529E+16
69659,,15,0,81,455,2017,11,14,6,3,5,2,0,1,0,1,0,0,0,6.5236E+20,5.85618E+21,1.12618E+16,5.28338E+16
69660,,15,0,83,320,2017,8,10,2,3,8,1,0,1,0,0,0,0,0,6.41541E+20,5.7798E+21,1.10688E+16,5.21505E+16
69661,,15,0,83,565,2017,8,12,2,3,1,2,1,1,0,0,0,0,0,6.79619E+20,5.79211E+21,1.16313E+16,5.225E+16
69662,,15,0,83,40,2017,11,15,6,2,2,6,0,1,0,0,1,0,0,6.78493E+20,5.78476E+21,1.1611E+16,5.21844E+16
69663,,15,0,81,225,2017,8,8,2,3,5,3,0,1,0,0,1,0,0,6.29907E+20,5.83457E+21,1.09201E+16,5.26456E+16
69664,,15,0,88,330,2017,9,20,2,3,7,7,0,1,0,0,0,2,1,7.04568E+20,5.70163E+21,1.19428E+16,5.14289E+16
69665,,15,0,81,135,2017,8,16,2,2,9,1,0,1,0,0,0,0,0,6.51793E+20,5.81799E+21,1.12358E+16,5.24909E+16
69666,,15,0,85,235,2017,11,2,1,3,8,7,0,1,0,0,0,2,0,6.45895E+20,5.74407E+21,1.11172E+16,5.18284E+16
69667,,15,0,3,0,2017,10,15,5,3,5,3,0,1,0,0,0,0,0,6.78422E+20,5.7787E+21,1.16068E+16,5.213E+16
69668,,15,0,88,150,2017,9,14,2,3,2,6,0,1,0,0,0,0,0,7.11506E+20,5.7022E+21,1.20428E+16,5.14315E+16
69669,,15,0,84,550,2017,8,16,1,2,2,6,0,1,0,0,0,0,0,7.09701E+20,5.67323E+21,1.19999E+16,5.1172E+16
69670,,15,0,84,550,2017,11,11,2,3,2,6,0,1,0,0,0,0,0,7.07213E+20,5.67668E+21,1.19663E+16,5.12039E+16
69671,,15,0,87,130,2017,10,17,3,3,9,1,0,1,0,0,0,0,0,6.73394E+20,5.70205E+21,1.14951E+16,5.14431E+16
69672,,15,0,87,275,2017,9,10,2,3,9,6,0,1,0,0,1,0,0,6.67192E+20,5.71438E+21,1.14118E+16,5.15557E+16
69673,,15,0,88,195,2017,10,8,5,2,2,6,0,0,0,0,1,0,0,7.08914E+20,5.71432E+21,1.20128E+16,5.15412E+16
69674,,15,0,87,165,2017,9,17,2,2,9,1,0,0,0,1,0,0,0,6.8159E+20,5.72639E+21,1.16255E+16,5.16591E+16
69675,,15,0,82,256,2017,11,17,3,3,5,2,0,1,0,0,0,2,0,7.09021E+20,5.74227E+21,1.2031E+16,5.17921E+16
69676,,15,0,84,150,2017,9,16,2,3,4,6,0,1,0,0,0,0,0,6.88475E+20,5.68293E+21,1.17017E+16,5.12665E+16
69677,,15,0,84,235,2017,10,18,6,3,1,6,0,1,0,0,0,1,0,7.16008E+20,5.67282E+21,1.20897E+16,5.1166E+16
69678,,15,0,89,245,2017,7,12,6,3,1,6,0,1,0,0,1,0,0,6.84064E+20,5.73546E+21,1.1666E+16,5.17398E+16
69679,,15,0,84,590,2017,9,16,2,3,4,1,0,0,0,1,1,0,0,7.25348E+20,5.65724E+21,1.22134E+16,5.10225E+16
69680,,15,0,1,0,2017,9,18,2,3,8,1,0,1,0,0,0,0,0,7.23024E+20,5.74083E+21,1.22328E+16,5.17739E+16
69681,,15,0,84,315,2017,8,16,1,3,1,6,0,1,0,0,0,0,0,7.10279E+20,5.67473E+21,1.2009E+16,5.11852E+16
69682,,15,0,91,110,2017,10,16,7,2,8,2,0,1,0,0,0,0,1,7.36911E+20,5.73612E+21,1.24305E+16,5.17258E+16
69683,,15,0,83,298,2017,7,16,6,3,9,7,0,1,0,0,0,0,0,6.74057E+20,5.78195E+21,1.15447E+16,5.21606E+16
69684,,15,0,85,227,2017,9,6,2,2,9,1,0,1,0,0,0,1,0,6.14607E+20,5.75284E+21,1.06663E+16,5.19145E+16
69685,,15,0,90,520,2017,7,22,6,2,2,6,0,1,0,0,1,2,0,6.8399E+20,5.85848E+21,1.17321E+16,5.28446E+16
69686,,15,0,86,145,2017,9,22,2,2,1,6,0,0,0,0,1,2,0,6.85128E+20,5.78916E+21,1.17103E+16,5.22217E+16
69687,,15,0,3,0,2017,7,23,6,2,5,2,0,1,0,0,0,2,0,6.76126E+20,5.77227E+21,1.15699E+16,5.20729E+16
69688,,15,0,85,228,2017,7,16,6,3,8,1,0,0,0,1,0,0,0,6.20575E+20,5.73465E+21,1.07467E+16,5.17497E+16
69689,,15,0,90,535,2017,9,22,2,3,7,7,0,1,0,0,0,2,0,6.92793E+20,5.82861E+21,1.18451E+16,5.25733E+16
69690,,15,0,83,298,2017,7,13,6,3,8,6,0,1,0,1,0,0,0,6.57157E+20,5.78772E+21,1.13006E+16,5.22175E+16
69691,,15,0,88,150,2017,10,16,2,3,1,6,0,1,0,0,0,0,0,7.20103E+20,5.69984E+21,1.21648E+16,5.1407E+16
69692,,15,0,83,565,2017,7,14,6,3,2,6,0,1,0,0,0,0,0,6.8317E+20,5.78982E+21,1.16821E+16,5.22283E+16
69693,,15,0,83,411,2017,7,15,6,3,5,3,0,1,0,0,0,0,0,6.35103E+20,5.81095E+21,1.09873E+16,5.2432E+16
69694,,15,0,88,330,2017,10,12,2,3,0,7,1,0,0,0,0,0,0,7.1167E+20,5.69883E+21,1.20432E+16,5.14011E+16
69695,,15,0,89,307,2017,7,15,5,3,3,3,0,1,0,0,1,0,0,6.60556E+20,5.74068E+21,1.13282E+16,5.17939E+16
69696,,15,0,86,140,2017,10,4,2,1,7,7,0,1,0,0,0,2,0,7.16883E+20,5.79337E+21,1.21772E+16,5.22479E+16
69697,,15,0,83,298,2017,7,17,5,2,2,6,0,1,0,0,1,0,0,6.58537E+20,5.78472E+21,1.13193E+16,5.21901E+16
69698,,15,0,89,305,2017,7,21,5,2,5,2,0,1,0,0,1,0,0,6.84538E+20,5.7647E+21,1.16884E+16,5.20022E+16
69699,,15,0,82,256,2017,9,10,2,2,0,2,0,1,0,0,1,0,0,7.10507E+20,5.74013E+21,1.20512E+16,5.17724E+16
69700,,15,0,90,535,2017,9,20,2,3,5,3,0,1,0,0,1,1,0,6.80422E+20,5.82756E+21,1.16622E+16,5.25681E+16
69701,,15,0,88,205,2017,9,6,3,3,8,1,0,1,0,0,0,1,1,7.11947E+20,5.68681E+21,1.204E+16,5.12931E+16
69702,,15,0,86,80,2017,7,11,5,3,5,2,0,0,0,0,1,0,0,7.04678E+20,5.82237E+21,1.20164E+16,5.2513E+16
69703,,15,0,81,135,2017,9,11,5,3,4,6,0,1,0,0,0,0,0,6.53442E+20,5.81884E+21,1.12604E+16,5.24981E+16
69704,,15,0,86,40,2017,7,9,5,3,8,7,0,1,0,0,0,0,0,7.12287E+20,5.81101E+21,1.21211E+16,5.2408E+16
69705,,15,0,2,0,2017,9,11,5,3,5,7,0,1,0,0,0,0,0,7.13367E+20,5.70752E+21,1.20728E+16,5.14785E+16
69706,,15,0,85,330,2017,7,15,5,3,5,3,0,1,0,0,0,0,0,6.45178E+20,5.73809E+21,1.11043E+16,5.17748E+16
69707,,15,0,89,307,2017,9,19,6,3,7,7,0,1,0,0,0,2,1,6.65063E+20,5.73847E+21,1.13925E+16,5.17727E+16
69708,,15,0,83,298,2017,7,19,5,3,1,5,1,1,0,0,0,0,0,6.67841E+20,5.78527E+21,1.14556E+16,5.21923E+16
69709,,15,0,83,531,2017,7,15,5,3,5,3,0,1,0,0,0,0,1,6.67659E+20,5.77101E+21,1.14459E+16,5.20643E+16
69710,,15,0,83,270,2017,7,14,5,3,5,3,1,1,0,0,0,0,0,6.6567E+20,5.79493E+21,1.14286E+16,5.22798E+16
69711,,15,0,88,265,2017,7,16,4,3,2,6,0,1,0,1,0,0,0,6.84849E+20,5.69574E+21,1.16564E+16,5.13827E+16
69712,,15,0,87,250,2017,7,8,4,1,3,6,0,1,0,0,0,0,0,6.46843E+20,5.69927E+21,1.11122E+16,5.14256E+16
69713,,15,0,3,0,2017,11,16,5,3,5,2,1,0,0,0,1,0,0,6.80785E+20,5.78241E+21,1.16432E+16,5.21625E+16
69714,,15,0,2,0,2017,7,9,4,3,5,3,1,1,0,0,0,0,0,7.06827E+20,5.70717E+21,1.19785E+16,5.14778E+16
69715,,15,0,3,0,2017,11,15,6,3,2,6,0,1,0,0,0,0,1,6.80001E+20,5.77986E+21,1.16304E+16,5.21399E+16
69716,,15,0,83,323,2017,10,17,2,2,2,1,0,1,0,0,1,0,1,6.45527E+20,5.78626E+21,1.11298E+16,5.22075E+16
69717,,15,0,89,75,2017,9,11,2,2,4,6,0,1,0,0,1,0,0,6.68021E+20,5.75879E+21,1.14452E+16,5.19544E+16
69718,,15,0,88,355,2017,11,17,6,2,5,3,0,1,0,1,0,2,1,6.85541E+20,5.68648E+21,1.16615E+16,5.12994E+16
69719,,15,0,91,145,2017,10,6,3,3,5,3,1,1,0,0,0,2,0,7.72935E+20,5.74525E+21,1.29581E+16,5.17914E+16
69720,,15,0,88,195,2017,10,15,2,3,2,2,0,1,0,0,0,0,1,7.12506E+20,5.7113E+21,1.20627E+16,5.15128E+16
69721,,15,0,85,370,2017,9,16,2,3,2,2,0,1,0,0,0,0,0,6.21609E+20,5.74332E+21,1.07647E+16,5.18274E+16
69722,,15,0,85,235,2017,9,11,2,3,2,2,0,1,0,0,1,0,0,6.53818E+20,5.73965E+21,1.12301E+16,5.17866E+16
69723,,15,0,82,430,2017,10,7,4,3,0,7,0,1,0,0,0,2,1,7.05502E+20,5.76863E+21,1.19958E+16,5.20301E+16
69724,,15,0,2,0,2017,10,23,3,3,5,2,0,1,0,0,0,2,0,7.05524E+20,5.71073E+21,1.19619E+16,5.15103E+16
69725,,15,0,83,411,2017,9,10,2,2,9,1,0,1,0,0,0,0,1,6.41285E+20,5.81421E+21,1.10795E+16,5.24598E+16
69726,,15,0,82,180,2017,10,11,5,2,2,6,0,1,0,0,0,0,0,7.09486E+20,5.73361E+21,1.20325E+16,5.17142E+16
69727,,15,0,2,0,2017,7,9,4,3,2,6,0,0,0,0,1,0,0,7.06057E+20,5.70722E+21,1.19675E+16,5.14786E+16
69728,,15,0,3,0,2017,9,19,5,3,5,3,1,1,0,0,0,1,1,6.82278E+20,5.78387E+21,1.16658E+16,5.21752E+16
69729,,15,0,88,330,2017,9,7,5,3,8,1,0,0,0,1,0,0,1,7.10737E+20,5.69616E+21,1.20282E+16,5.13775E+16
69730,,15,0,82,15,2017,9,22,6,1,6,4,0,0,1,0,1,2,0,7.32248E+20,5.72605E+21,1.23564E+16,5.16375E+16
69731,,15,0,91,160,2017,7,16,4,2,5,3,0,1,0,0,0,0,0,7.48374E+20,5.74395E+21,1.26018E+16,5.17912E+16
69732,,15,0,2,0,2017,9,19,6,3,8,7,0,1,0,0,0,2,0,7.12976E+20,5.70838E+21,1.20677E+16,5.14864E+16
69733,,15,0,91,375,2017,7,11,4,2,5,3,1,1,0,0,0,0,0,7.49107E+20,5.75228E+21,1.26184E+16,5.18656E+16
69734,,15,0,87,275,2017,9,9,7,3,9,1,0,1,0,0,0,0,0,6.68102E+20,5.71701E+21,1.14261E+16,5.15791E+16
69735,,15,0,82,15,2017,7,15,4,2,8,1,0,0,0,1,0,0,0,7.28104E+20,5.72627E+21,1.22968E+16,5.16411E+16
69736,,15,0,1,0,2017,11,17,5,3,8,1,0,1,0,0,1,2,0,7.25101E+20,5.75376E+21,1.22713E+16,5.18891E+16
69737,,15,0,82,377,2017,7,19,4,2,0,7,0,0,0,1,1,0,0,7.17803E+20,5.73494E+21,1.21536E+16,5.1723E+16
69738,,15,0,89,195,2017,11,9,6,3,4,6,0,1,0,0,0,0,1,6.93639E+20,5.72562E+21,1.1799E+16,5.16482E+16
69739,,15,0,88,20,2017,9,13,1,2,5,2,1,1,0,0,0,0,0,7.14003E+20,5.68759E+21,1.20699E+16,5.12994E+16
69740,,15,0,84,550,2017,8,16,1,2,2,6,0,1,0,0,0,0,0,7.08904E+20,5.67162E+21,1.19876E+16,5.11578E+16
69741,,15,0,88,295,2017,11,20,6,2,9,7,0,1,0,0,0,2,1,7.10413E+20,5.71683E+21,1.20359E+16,5.15632E+16
69742,,15,0,84,590,2017,10,16,3,3,5,3,0,1,0,1,0,0,0,7.17592E+20,5.6642E+21,1.21071E+16,5.10879E+16
69743,,15,0,87,130,2017,9,1,1,2,4,6,0,1,0,0,0,2,0,6.81335E+20,5.7089E+21,1.16127E+16,5.15021E+16
69744,,15,0,88,205,2017,8,14,1,3,1,6,0,1,0,0,0,0,0,7.07479E+20,5.68581E+21,1.19754E+16,5.12858E+16
69745,,15,0,84,170,2017,9,14,1,2,4,6,0,1,0,0,0,0,0,6.99914E+20,5.67636E+21,1.18618E+16,5.12036E+16
69746,,15,0,3,0,2017,10,9,2,2,2,6,0,1,0,0,1,0,0,6.79445E+20,5.77876E+21,1.16217E+16,5.21302E+16
69747,,15,0,88,195,2017,8,11,1,3,2,6,0,1,0,0,0,0,0,7.1253E+20,5.71122E+21,1.2063E+16,5.15121E+16
69748,,15,0,1,0,2017,10,11,4,3,5,2,1,1,0,0,0,0,0,7.24233E+20,5.75364E+21,1.22586E+16,5.18883E+16
69749,,15,0,89,195,2017,9,16,1,2,8,1,0,1,0,0,1,0,0,6.8882E+20,5.73078E+21,1.17322E+16,5.16962E+16
69750,,15,0,86,140,2017,9,14,1,3,2,6,0,1,0,0,0,0,0,7.00376E+20,5.79121E+21,1.19345E+16,5.22348E+16
69751,,15,0,85,330,2017,10,16,2,3,5,3,0,1,0,0,0,0,0,6.41667E+20,5.74152E+21,1.10549E+16,5.18065E+16
69752,,15,0,82,430,2017,8,13,1,3,9,1,0,1,0,0,0,0,0,7.19631E+20,5.77321E+21,1.22044E+16,5.20658E+16
69753,,15,0,84,135,2017,10,20,5,3,8,1,0,1,0,0,0,2,0,6.93488E+20,5.67602E+21,1.17698E+16,5.12028E+16
69754,,15,0,90,435,2017,9,11,1,3,4,6,0,1,0,0,0,0,0,6.87581E+20,5.84495E+21,1.17776E+16,5.27219E+16
69755,,15,0,85,110,2017,9,13,1,3,4,6,0,1,0,0,0,0,0,6.57646E+20,5.72897E+21,1.12807E+16,5.16895E+16
69756,,15,0,90,70,2017,8,18,1,3,8,1,0,1,0,0,0,0,0,6.7275E+20,5.83909E+21,1.15552E+16,5.26742E+16
69757,,15,0,85,235,2017,10,9,6,3,2,6,0,1,0,0,1,0,1,6.48418E+20,5.74014E+21,1.11521E+16,5.17924E+16
69758,,15,0,88,319,2017,9,13,7,3,5,3,0,1,0,0,0,0,0,6.97666E+20,5.70718E+21,1.18468E+16,5.14812E+16
69759,,15,0,87,165,2017,9,17,7,3,8,1,0,0,0,1,0,0,0,6.87204E+20,5.72188E+21,1.17041E+16,5.16168E+16
69760,,15,0,88,195,2017,10,5,6,3,3,6,0,0,0,1,1,2,0,7.11972E+20,5.7109E+21,1.20547E+16,5.15094E+16
69761,,15,0,84,355,2017,9,12,7,3,4,1,0,1,0,0,0,0,1,6.96808E+20,5.67047E+21,1.18142E+16,5.11517E+16
69762,,15,0,85,235,2017,10,14,7,3,1,1,0,1,0,0,0,0,0,6.54295E+20,5.74123E+21,1.12378E+16,5.18006E+16
69763,,15,0,89,175,2017,8,12,1,3,8,1,0,0,0,1,0,0,0,6.68434E+20,5.74998E+21,1.14469E+16,5.18752E+16
69764,,15,0,85,235,2017,10,8,1,2,8,1,0,1,0,0,0,0,0,6.50407E+20,5.73903E+21,1.11805E+16,5.17819E+16
69765,,15,0,85,330,2017,8,14,1,2,8,1,0,0,0,1,0,0,0,6.4092E+20,5.73414E+21,1.1041E+16,5.17405E+16
69766,,15,0,85,330,2017,8,21,1,3,5,3,0,1,0,0,0,1,0,6.43787E+20,5.7355E+21,1.10831E+16,5.17519E+16
69767,,15,0,81,135,2017,8,20,1,3,8,1,0,1,0,0,0,1,0,6.61683E+20,5.82382E+21,1.13842E+16,5.25405E+16
69768,,15,0,88,365,2017,8,13,7,2,3,6,1,1,0,0,0,0,0,7.02047E+20,5.70507E+21,1.19086E+16,5.14607E+16
69769,,15,0,88,205,2017,8,16,7,2,4,6,0,1,0,0,1,0,0,7.17676E+20,5.6942E+21,1.21266E+16,5.13573E+16
69770,,15,0,82,15,2017,11,10,4,3,7,7,0,1,0,0,0,0,1,7.22988E+20,5.73665E+21,1.22296E+16,5.17364E+16
69771,,15,0,2,0,2017,8,18,7,3,3,6,0,1,0,0,0,0,0,7.04471E+20,5.70736E+21,1.19448E+16,5.14804E+16
69772,,15,0,91,375,2017,8,17,7,2,5,2,0,1,0,0,0,0,0,7.50288E+20,5.75224E+21,1.26355E+16,5.18647E+16
69773,,15,0,83,323,2017,11,21,5,2,2,6,0,1,0,0,1,2,0,6.45432E+20,5.78627E+21,1.11284E+16,5.22076E+16
69774,,15,0,91,375,2017,8,14,7,3,5,3,1,1,0,0,0,0,0,7.44315E+20,5.75328E+21,1.25496E+16,5.18767E+16
69775,,15,0,84,341,2017,9,1,7,3,9,1,0,1,0,0,0,2,0,6.92142E+20,5.66283E+21,1.17435E+16,5.10847E+16
69776,,15,0,82,256,2017,8,14,7,2,0,7,1,0,0,0,1,0,0,7.04539E+20,5.7446E+21,1.19675E+16,5.18148E+16
69777,,15,0,85,90,2017,11,8,6,3,5,3,0,1,0,0,1,0,0,6.51589E+20,5.74481E+21,1.12001E+16,5.18335E+16
69778,,15,0,85,227,2017,10,5,4,3,7,7,0,1,0,0,0,2,1,6.10925E+20,5.75538E+21,1.06136E+16,5.19381E+16
69779,,15,0,84,275,2017,9,16,7,3,5,3,1,1,0,0,0,0,0,7.15578E+20,5.66083E+21,1.20764E+16,5.10585E+16
69780,,15,0,90,535,2017,8,19,7,3,8,1,0,1,0,0,0,0,1,6.80633E+20,5.82647E+21,1.16647E+16,5.25583E+16
69781,,15,0,84,590,2017,11,12,6,2,1,6,0,1,0,0,1,0,0,7.21794E+20,5.65685E+21,1.21626E+16,5.10204E+16
69782,,15,0,91,60,2017,9,5,7,3,2,6,0,1,0,0,1,2,0,7.3736E+20,5.76085E+21,1.2454E+16,5.19476E+16
69783,,15,0,88,295,2017,10,12,4,2,2,6,0,1,0,0,1,0,0,7.07079E+20,5.7171E+21,1.1988E+16,5.15669E+16
69784,,15,0,91,60,2017,9,16,7,3,5,3,0,1,0,0,0,0,0,7.27406E+20,5.76092E+21,1.23094E+16,5.19524E+16
69785,,15,0,85,227,2017,11,7,2,3,8,7,0,0,0,1,0,1,0,6.1577E+20,5.75373E+21,1.06835E+16,5.19222E+16
69786,,15,0,91,110,2017,9,18,7,3,8,1,0,1,0,0,0,0,0,7.33646E+20,5.73377E+21,1.23818E+16,5.17062E+16
69787,,15,0,84,170,2017,10,7,5,3,0,6,0,1,0,0,0,1,0,6.99496E+20,5.67569E+21,1.18555E+16,5.11978E+16
69788,,15,0,89,15,2017,7,19,4,3,2,2,0,1,0,0,0,0,0,6.75999E+20,5.73981E+21,1.15515E+16,5.17814E+16
69789,,15,0,82,15,2017,9,16,7,3,4,1,0,1,0,0,1,0,0,7.26432E+20,5.7298E+21,1.2275E+16,5.16735E+16
69790,,15,0,81,26,2017,11,18,3,2,2,6,0,1,0,0,1,2,0,6.508E+20,5.8494E+21,1.12355E+16,5.27734E+16
69791,,15,0,82,15,2017,9,23,7,2,7,4,0,1,1,0,0,2,0,7.29915E+20,5.72469E+21,1.23219E+16,5.16262E+16
69792,,15,0,90,225,2017,10,13,6,2,5,3,1,0,0,0,1,0,0,7.07041E+20,5.85689E+21,1.20728E+16,5.28219E+16
69793,,15,0,89,195,2017,7,12,4,3,5,3,0,1,0,0,0,0,0,6.87521E+20,5.73319E+21,1.17148E+16,5.17182E+16
69794,,15,0,82,377,2017,9,5,7,3,4,6,0,1,0,0,0,1,0,7.17887E+20,5.73494E+21,1.21548E+16,5.1723E+16
69795,,15,0,3,0,2017,7,9,4,3,5,3,1,1,0,0,0,0,0,6.81217E+20,5.7827E+21,1.16497E+16,5.2165E+16
69796,,15,0,89,310,2017,9,8,7,3,2,6,0,1,0,0,0,0,0,6.85086E+20,5.75802E+21,1.16928E+16,5.19421E+16
69797,,15,0,85,230,2017,10,11,7,3,9,6,0,1,0,0,0,0,0,6.13399E+20,5.7641E+21,1.06525E+16,5.2016E+16
69798,,15,0,85,135,2017,7,5,4,3,2,2,0,1,0,0,0,0,0,6.47443E+20,5.75423E+21,1.1144E+16,5.19192E+16
69799,,15,0,83,298,2017,7,13,4,2,1,6,0,1,0,0,0,0,0,6.73813E+20,5.78019E+21,1.15403E+16,5.21449E+16
69800,,15,0,90,135,2017,9,11,7,3,9,1,0,1,0,0,0,0,1,6.96813E+20,5.84171E+21,1.19122E+16,5.26895E+16
69801,,15,0,81,455,2017,7,15,4,3,1,2,0,1,0,0,1,0,0,6.43089E+20,5.85253E+21,1.11226E+16,5.28035E+16
69802,,15,0,87,370,2017,7,7,3,2,8,6,0,1,0,0,0,0,0,6.65034E+20,5.71025E+21,1.13787E+16,5.15192E+16
69803,,15,0,90,550,2017,9,10,7,3,3,6,0,1,0,0,0,0,1,6.9781E+20,5.82381E+21,1.19162E+16,5.25284E+16
69804,,15,0,2,0,2017,7,14,3,3,0,7,1,0,0,0,0,0,0,7.0721E+20,5.70666E+21,1.19837E+16,5.14731E+16
69805,,15,0,85,135,2017,10,15,2,3,5,2,0,1,0,0,0,0,0,6.40263E+20,5.75067E+21,1.10382E+16,5.18891E+16
69806,,15,0,84,150,2017,7,22,3,3,8,1,0,1,0,0,0,2,0,6.89639E+20,5.6819E+21,1.17178E+16,5.12569E+16
69807,,15,0,83,531,2017,10,6,2,3,7,7,0,1,0,0,0,2,0,6.63103E+20,5.76702E+21,1.13776E+16,5.20298E+16
69808,,15,0,84,315,2017,7,9,3,3,4,2,1,1,0,0,0,0,0,7.19105E+20,5.68268E+21,1.214E+16,5.12533E+16
69809,,15,0,1,0,2017,7,15,3,2,2,6,0,1,0,0,0,0,0,7.18922E+20,5.7453E+21,1.21763E+16,5.18156E+16
69810,,15,0,89,310,2017,9,13,2,2,2,6,0,1,0,0,0,0,0,6.76557E+20,5.75024E+21,1.15649E+16,5.18749E+16
69811,,15,0,89,195,2017,9,18,2,3,9,6,0,1,0,0,0,1,1,6.93903E+20,5.72888E+21,1.18046E+16,5.16774E+16
69812,,15,0,89,305,2017,9,21,2,3,7,7,0,1,0,0,0,2,1,6.85248E+20,5.76467E+21,1.16988E+16,5.20017E+16
69813,,15,0,83,298,2017,7,5,3,3,9,1,0,1,0,0,0,1,0,6.74099E+20,5.78372E+21,1.15462E+16,5.21764E+16
69814,,15,0,86,35,2017,9,10,2,3,8,7,0,1,0,0,0,0,1,7.03687E+20,5.80161E+21,1.19892E+16,5.23269E+16
69815,,15,0,86,55,2017,7,17,3,3,2,6,0,1,0,0,0,0,0,7.05082E+20,5.76908E+21,1.19899E+16,5.20344E+16
69816,,15,0,85,370,2017,9,17,4,3,2,2,0,0,0,0,1,0,1,6.21635E+20,5.74333E+21,1.07651E+16,5.18275E+16
69817,,15,0,91,375,2017,9,12,5,3,1,5,0,1,0,0,1,0,0,7.50017E+20,5.75366E+21,1.26326E+16,5.18776E+16
69818,,15,0,85,330,2017,7,17,3,3,5,5,1,1,0,0,0,0,0,6.42625E+20,5.73549E+21,1.10663E+16,5.17522E+16
69819,,15,0,83,323,2017,7,21,3,2,5,3,0,1,0,0,0,1,0,6.48229E+20,5.78776E+21,1.117E+16,5.22203E+16
69820,,15,0,81,455,2017,7,22,3,3,0,1,1,0,0,0,0,1,0,6.46585E+20,5.85692E+21,1.11764E+16,5.28421E+16
69821,,15,0,84,375,2017,7,13,2,3,8,1,0,1,0,0,0,0,1,7.0683E+20,5.66097E+21,1.19518E+16,5.10629E+16
69822,,15,0,3,0,2017,10,13,5,3,5,3,0,1,0,0,0,0,0,6.81459E+20,5.77968E+21,1.16516E+16,5.21378E+16
69823,,15,0,88,20,2017,9,13,6,3,2,6,0,1,0,0,0,0,0,7.17243E+20,5.68504E+21,1.21148E+16,5.12752E+16
69824,,15,0,85,370,2017,10,16,7,3,8,1,0,1,0,0,0,0,1,6.2288E+20,5.74752E+21,1.07846E+16,5.18649E+16
69825,,15,0,88,150,2017,7,6,2,3,2,7,0,1,0,0,1,0,0,7.17486E+20,5.70414E+21,1.21299E+16,5.14466E+16
69826,,15,0,87,370,2017,9,7,6,2,2,6,0,1,0,0,0,0,0,6.62284E+20,5.70633E+21,1.13373E+16,5.14848E+16
69827,,15,0,87,370,2017,9,16,6,3,2,6,0,1,0,0,0,0,0,6.65244E+20,5.70811E+21,1.13808E+16,5.14999E+16
69828,,15,0,83,390,2017,8,6,7,2,8,7,0,1,0,0,0,0,1,6.69E+20,5.79347E+21,1.14766E+16,5.22656E+16
69829,,15,0,87,386,2017,7,5,2,3,9,6,0,1,0,0,1,1,1,6.86418E+20,5.70261E+21,1.16826E+16,5.14439E+16
69830,,15,0,2,0,2017,9,10,6,3,5,2,1,1,0,0,0,0,0,7.06716E+20,5.70716E+21,1.19769E+16,5.14777E+16