OBJECTID,UIDENTSTLA,ULAND,UREGBEZ,UKREIS,UGEMEINDE,UJAHR,UMONAT,USTUNDE,UWOCHENTAG,UKATEGORIE,UART,UTYP1,IstRad,IstPKW,IstFuss,IstKrad,IstSonstig,LICHT,STRZUSTAND,LINREFX,LINREFY,XGCSWGS84,YGCSWGS84
70021,,15,0,89,310,2017,9,14,3,2,3,2,0,0,0,1,1,0,0,6.77186E+20,5.74117E+21,1.15694E+16,5.17933E+16
70022,,15,0,85,330,2017,10,16,4,3,2,6,0,1,0,0,0,0,0,6.40211E+20,5.74118E+21,1.10336E+16,5.18039E+16
70023,,15,0,3,0,2017,9,15,3,3,2,6,0,1,0,0,0,0,0,6.80744E+20,5.77978E+21,1.16412E+16,5.21389E+16
70024,,15,0,85,190,2017,9,15,3,3,2,2,0,1,0,1,1,0,0,6.18561E+20,5.74626E+21,1.07215E+16,5.18545E+16
70025,,15,0,90,631,2017,10,3,1,3,9,1,0,1,0,0,0,2,1,7.14018E+20,5.82924E+21,1.21582E+16,5.2571E+16
70026,,15,0,90,631,2017,8,17,4,3,8,1,0,0,0,1,0,0,0,7.048E+20,5.82672E+21,1.20209E+16,5.2552E+16
70027,,15,0,91,145,2017,10,13,4,3,3,2,0,1,0,0,0,0,0,7.79706E+20,5.74524E+21,1.3056E+16,5.1788E+16
70028,,15,0,85,330,2017,9,11,3,3,4,6,0,1,0,0,1,0,0,6.41031E+20,5.73718E+21,1.10439E+16,5.17677E+16
70029,,15,0,83,298,2017,9,9,3,2,5,3,0,1,0,1,0,0,0,6.65304E+20,5.78234E+21,1.14171E+16,5.21667E+16
70030,,15,0,86,15,2017,10,19,1,2,2,6,1,1,0,0,0,1,0,6.89327E+20,5.79489E+21,1.17749E+16,5.22717E+16
70031,,15,0,85,227,2017,8,8,4,3,4,6,0,1,0,0,0,0,0,6.21464E+20,5.75074E+21,1.07652E+16,5.18942E+16
70032,,15,0,84,315,2017,10,11,5,2,5,3,0,1,0,0,1,0,0,7.11951E+20,5.67912E+21,1.20355E+16,5.12241E+16
70033,,15,0,83,415,2017,9,10,3,3,8,1,0,1,0,0,0,0,0,6.51844E+20,5.76484E+21,1.12126E+16,5.20134E+16
70034,,15,0,83,270,2017,9,13,3,3,0,1,1,0,0,0,0,0,0,6.64088E+20,5.79578E+21,1.14058E+16,5.22878E+16
70035,,15,0,86,80,2017,10,12,6,3,5,3,0,1,0,0,0,0,0,7.11229E+20,5.81559E+21,1.21085E+16,5.24496E+16
70036,,15,0,81,30,2017,9,15,3,3,4,2,0,1,0,0,0,0,0,6.67752E+20,5.86223E+21,1.14932E+16,5.28836E+16
70037,,15,0,84,490,2017,10,17,7,2,8,1,0,1,0,0,0,0,0,7.01358E+20,5.66937E+21,1.18785E+16,5.11403E+16
70038,,15,0,83,415,2017,8,14,4,3,5,3,0,1,0,0,0,0,0,6.5686E+20,5.76203E+21,1.12844E+16,5.19868E+16
70039,,15,0,83,130,2017,8,1,4,3,9,1,0,1,0,0,0,2,0,6.78226E+20,5.80127E+21,1.16158E+16,5.23327E+16
70040,,15,0,83,130,2017,8,8,4,3,1,6,0,1,0,0,0,0,0,6.77734E+20,5.80121E+21,1.16086E+16,5.23324E+16
70041,,15,0,83,270,2017,8,18,4,2,4,6,0,1,0,0,1,0,0,6.66924E+20,5.80129E+21,1.14501E+16,5.23365E+16
70042,,15,0,83,125,2017,8,12,4,3,5,3,0,1,0,1,0,0,0,6.56503E+20,5.8071E+21,1.13E+16,5.23918E+16
70043,,15,0,91,60,2017,11,5,4,3,5,3,0,1,0,0,0,2,1,7.38136E+20,5.75422E+21,1.24607E+16,5.18878E+16
70044,,15,0,87,386,2017,9,12,2,1,2,6,0,1,0,1,0,0,0,6.85532E+20,5.70336E+21,1.16702E+16,5.1451E+16
70045,,15,0,91,60,2017,11,23,5,3,8,1,0,0,0,0,1,2,0,7.35901E+20,5.75679E+21,1.243E+16,5.19119E+16
70046,,15,0,2,0,2017,10,12,3,2,0,3,0,1,0,0,1,0,0,7.02856E+20,5.70714E+21,1.19214E+16,5.1479E+16
70047,,15,0,84,355,2017,9,20,2,2,4,2,1,1,0,0,0,1,0,6.9594E+20,5.6701E+21,1.18016E+16,5.11488E+16
70048,,15,0,89,305,2017,11,10,6,2,5,7,0,1,0,0,0,0,0,6.90422E+20,5.75702E+21,1.17698E+16,5.19313E+16
70049,,15,0,89,15,2017,10,19,4,2,4,6,0,1,0,0,0,2,0,6.66395E+20,5.73745E+21,1.14113E+16,5.17631E+16
70050,,15,0,91,160,2017,9,5,2,3,5,3,0,1,0,0,1,2,0,7.51041E+20,5.74113E+21,1.26383E+16,5.17647E+16
70051,,15,0,81,455,2017,8,17,4,3,2,6,0,1,0,0,0,0,0,6.47407E+20,5.85575E+21,1.11881E+16,5.28314E+16
70052,,15,0,83,298,2017,11,8,7,2,8,1,0,1,0,0,0,0,0,6.6948E+20,5.78358E+21,1.14787E+16,5.21767E+16
70053,,15,0,91,375,2017,9,14,2,3,0,1,0,0,0,1,0,0,0,7.54641E+20,5.75255E+21,1.26988E+16,5.18655E+16
70054,,15,0,83,565,2017,10,9,5,2,5,2,0,1,0,0,1,0,1,6.79308E+20,5.79497E+21,1.16283E+16,5.22758E+16
70055,,15,0,81,135,2017,7,4,6,3,7,7,0,1,0,0,0,2,0,6.67973E+20,5.80692E+21,1.14683E+16,5.23868E+16
70056,,15,0,82,180,2017,9,16,2,2,5,3,0,1,0,0,0,0,0,7.08526E+20,5.73784E+21,1.20212E+16,5.17525E+16
70057,,15,0,89,165,2017,11,15,2,3,5,2,0,1,0,0,0,0,0,6.80676E+20,5.7422E+21,1.16205E+16,5.18014E+16
70058,,15,0,83,298,2017,9,17,2,3,3,6,0,1,0,0,1,0,0,6.74026E+20,5.78104E+21,1.15438E+16,5.21524E+16
70059,,15,0,87,386,2017,10,16,5,3,7,1,0,0,0,1,0,0,0,6.90622E+20,5.70588E+21,1.17448E+16,5.14719E+16
70060,,15,0,88,205,2017,7,2,5,2,0,7,0,1,0,0,1,2,0,7.19871E+20,5.68866E+21,1.21546E+16,5.13068E+16
70061,,15,0,83,298,2017,9,6,2,2,2,6,0,0,0,0,1,1,0,6.73798E+20,5.78276E+21,1.15414E+16,5.21679E+16
70062,,15,0,83,298,2017,9,16,2,2,2,6,0,0,0,0,1,0,0,6.73645E+20,5.78272E+21,1.15391E+16,5.21676E+16
70063,,15,0,82,180,2017,10,9,6,2,5,3,0,1,0,0,0,0,0,7.05784E+20,5.73642E+21,1.19807E+16,5.17409E+16
70064,,15,0,84,315,2017,7,20,5,2,8,7,0,0,0,0,1,0,0,7.11771E+20,5.67761E+21,1.2032E+16,5.12106E+16
70065,,15,0,2,0,2017,7,19,5,3,3,6,0,1,0,0,1,0,0,7.05144E+20,5.70742E+21,1.19545E+16,5.14807E+16
70066,,15,0,83,298,2017,9,11,2,3,2,6,0,1,0,0,0,0,0,6.73458E+20,5.78273E+21,1.15364E+16,5.21678E+16
70067,,15,0,86,55,2017,10,15,7,3,1,6,0,1,0,0,0,0,1,6.93618E+20,5.77296E+21,1.18252E+16,5.20733E+16
70068,,15,0,2,0,2017,7,17,5,3,3,6,0,1,0,0,1,0,0,7.05088E+20,5.70741E+21,1.19537E+16,5.14806E+16
70069,,15,0,84,550,2017,7,10,5,3,5,3,0,1,0,0,1,0,0,7.09279E+20,5.67627E+21,1.19956E+16,5.11994E+16
70070,,15,0,83,415,2017,9,12,2,3,8,1,0,1,0,0,0,0,0,6.51832E+20,5.76482E+21,1.12125E+16,5.20132E+16
70071,,15,0,90,546,2017,7,22,5,3,0,7,0,1,0,0,0,2,0,6.9303E+20,5.81373E+21,1.184E+16,5.24396E+16
70072,,15,0,89,195,2017,7,6,5,2,5,3,1,1,0,0,0,0,0,6.91576E+20,5.73448E+21,1.17741E+16,5.17285E+16
70073,,15,0,88,330,2017,8,1,3,3,2,6,0,1,0,0,0,2,0,7.04416E+20,5.6953E+21,1.1937E+16,5.13721E+16
70074,,15,0,83,190,2017,10,17,1,3,5,3,0,1,0,0,0,0,0,6.51266E+20,5.77986E+21,1.12109E+16,5.21485E+16
70075,,15,0,85,55,2017,7,15,5,3,0,7,0,0,0,1,1,0,0,6.38345E+20,5.73752E+21,1.10051E+16,5.17714E+16
70076,,15,0,85,370,2017,7,14,5,3,1,6,0,1,0,0,0,0,0,6.23375E+20,5.7461E+21,1.07913E+16,5.18521E+16
70077,,15,0,83,230,2017,9,13,2,3,9,1,0,0,0,0,1,0,0,6.5364E+20,5.79957E+21,1.12545E+16,5.23249E+16
70078,,15,0,81,280,2017,9,7,2,3,2,2,0,1,0,0,0,0,1,6.44996E+20,5.83009E+21,1.1141E+16,5.26015E+16
70079,,15,0,88,295,2017,9,16,1,2,9,1,0,1,0,0,0,0,1,7.10425E+20,5.71685E+21,1.2036E+16,5.15634E+16
70080,,15,0,85,145,2017,7,12,5,2,8,1,0,1,0,0,0,0,0,6.47538E+20,5.72043E+21,1.1131E+16,5.16155E+16
70081,,15,0,85,135,2017,7,5,5,3,5,3,1,0,0,0,0,0,0,6.40189E+20,5.75116E+21,1.10373E+16,5.18935E+16
70082,,15,0,91,145,2017,9,9,4,2,5,2,0,1,0,0,0,0,0,7.71623E+20,5.74605E+21,1.29397E+16,5.17992E+16
70083,,15,0,85,230,2017,7,15,5,3,4,2,0,1,0,0,0,0,0,6.25901E+20,5.75905E+21,1.08327E+16,5.19679E+16
70084,,15,0,84,550,2017,7,20,4,3,8,6,0,1,0,0,1,0,1,7.0962E+20,5.67305E+21,1.19986E+16,5.11704E+16
70085,,15,0,88,220,2017,7,13,4,3,1,6,0,1,0,0,0,0,1,7.07506E+20,5.69466E+21,1.1981E+16,5.13652E+16
70086,,15,0,84,550,2017,7,13,4,2,9,1,0,1,0,0,0,0,1,7.03967E+20,5.68002E+21,1.19218E+16,5.12351E+16
70087,,15,0,91,60,2017,7,13,4,3,9,1,0,1,0,0,0,0,1,7.37278E+20,5.76055E+21,1.24526E+16,5.1945E+16
70088,,15,0,91,375,2017,7,16,4,3,5,3,1,1,0,0,0,0,0,7.46705E+20,5.75251E+21,1.25837E+16,5.18687E+16
70089,,15,0,1,0,2017,7,17,4,3,9,1,0,1,0,0,0,0,1,7.21709E+20,5.7573E+21,1.22243E+16,5.19222E+16
70090,,15,0,84,360,2017,11,18,4,3,5,3,0,1,0,0,1,1,0,6.78857E+20,5.68554E+21,1.15653E+16,5.12931E+16
70091,,15,0,82,256,2017,7,16,4,2,9,7,0,1,0,0,0,0,1,7.11552E+20,5.74364E+21,1.20685E+16,5.18035E+16
70092,,15,0,88,365,2017,9,0,7,3,2,6,0,1,0,1,0,2,0,7.01832E+20,5.70459E+21,1.19052E+16,5.14564E+16
70093,,15,0,83,298,2017,10,16,2,3,3,6,0,1,0,0,0,0,1,6.61421E+20,5.78464E+21,1.13614E+16,5.21885E+16
70094,,15,0,83,40,2017,10,16,1,3,2,6,0,1,0,0,0,0,0,6.76127E+20,5.78365E+21,1.15758E+16,5.21751E+16
70095,,15,0,85,55,2017,10,6,3,3,2,3,0,1,0,0,1,1,0,6.33801E+20,5.74194E+21,1.0941E+16,5.18123E+16
70096,,15,0,86,40,2017,10,12,2,3,5,2,0,1,0,0,0,0,1,7.14717E+20,5.81221E+21,1.21576E+16,5.24179E+16
70097,,15,0,91,60,2017,10,10,3,3,9,1,0,0,0,0,1,0,1,7.37395E+20,5.76955E+21,1.24605E+16,5.20257E+16
70098,,15,0,87,250,2017,8,12,3,3,4,6,0,0,0,0,1,0,0,6.42821E+20,5.70117E+21,1.10551E+16,5.14437E+16
70099,,15,0,87,15,2017,8,9,3,2,2,2,0,1,0,0,0,0,0,6.65133E+20,5.69814E+21,1.13745E+16,5.14104E+16
70100,,15,0,87,370,2017,8,17,3,2,1,6,0,1,0,0,0,0,0,6.59213E+20,5.70475E+21,1.12924E+16,5.14715E+16
70101,,15,0,83,415,2017,10,6,1,3,9,1,0,1,0,0,0,2,1,6.52151E+20,5.76651E+21,1.12178E+16,5.20283E+16
70102,,15,0,87,31,2017,8,20,3,3,9,6,0,1,0,0,0,0,0,6.67287E+20,5.73014E+21,1.14207E+16,5.16973E+16
70103,,15,0,83,531,2017,9,12,2,3,4,6,0,1,0,0,0,0,0,6.66732E+20,5.76903E+21,1.14314E+16,5.20467E+16
70104,,15,0,82,15,2017,8,22,3,2,7,1,1,0,0,0,0,2,0,7.29827E+20,5.72394E+21,1.23201E+16,5.16195E+16
70105,,15,0,2,0,2017,9,10,5,3,5,3,0,1,0,0,0,0,0,7.11381E+20,5.70718E+21,1.2044E+16,5.14762E+16
70106,,15,0,88,216,2017,7,7,4,3,5,6,0,1,0,0,0,0,0,6.98538E+20,5.72273E+21,1.18681E+16,5.16205E+16
70107,,15,0,85,235,2017,9,11,6,3,5,2,0,1,0,0,0,0,0,6.49744E+20,5.74006E+21,1.11713E+16,5.17913E+16
70108,,15,0,89,185,2017,7,12,4,2,4,6,0,1,0,0,1,0,1,6.837E+20,5.74252E+21,1.16644E+16,5.18033E+16
70109,,15,0,89,30,2017,7,13,4,3,1,2,0,1,0,0,1,0,1,6.8874E+20,5.74286E+21,1.17376E+16,5.18047E+16
70110,,15,0,3,0,2017,7,19,4,2,8,1,0,1,0,0,0,0,1,6.79747E+20,5.77997E+21,1.16268E+16,5.2141E+16
70111,,15,0,85,227,2017,7,18,4,2,7,1,0,1,0,0,0,0,1,6.26838E+20,5.75135E+21,1.08435E+16,5.18984E+16
70112,,15,0,85,160,2017,7,18,4,2,8,1,0,1,0,0,0,0,1,6.55614E+20,5.74834E+21,1.12601E+16,5.18641E+16
70113,,15,0,83,490,2017,11,7,5,3,5,3,1,0,0,0,1,1,0,6.79134E+20,5.77097E+21,1.16131E+16,5.20603E+16
70114,,15,0,88,365,2017,7,1,3,1,1,6,0,0,0,0,1,2,0,6.89338E+20,5.69789E+21,1.1722E+16,5.14006E+16
70115,,15,0,83,531,2017,11,17,6,2,4,1,0,1,0,0,0,2,1,6.60385E+20,5.77152E+21,1.13401E+16,5.2071E+16
70116,,15,0,88,20,2017,7,17,3,2,5,3,0,1,0,0,1,0,0,7.14137E+20,5.68696E+21,1.20715E+16,5.12936E+16
70117,,15,0,85,228,2017,10,11,2,1,8,1,0,1,0,0,0,0,1,6.30288E+20,5.72616E+21,1.08842E+16,5.16713E+16
70118,,15,0,87,386,2017,11,10,6,3,2,6,0,1,0,0,0,0,1,6.90876E+20,5.70589E+21,1.17484E+16,5.1472E+16
70119,,15,0,84,355,2017,10,16,7,3,1,6,0,1,0,0,0,0,1,6.97223E+20,5.67019E+21,1.182E+16,5.11491E+16
70120,,15,0,91,160,2017,10,22,3,2,9,1,0,1,0,0,0,2,1,7.52574E+20,5.73999E+21,1.26597E+16,5.17538E+16
70121,,15,0,83,490,2017,9,15,2,3,3,2,0,1,0,0,0,0,0,6.79444E+20,5.76865E+21,1.16164E+16,5.20394E+16
70122,,15,0,82,430,2017,11,11,7,1,9,1,0,1,0,0,0,0,0,7.14511E+20,5.76155E+21,1.21225E+16,5.19632E+16
70123,,15,0,91,145,2017,10,17,7,2,9,1,0,1,0,0,0,1,1,7.81327E+20,5.74981E+21,1.30832E+16,5.18281E+16
70124,,15,0,82,440,2017,8,9,3,2,4,6,0,1,0,0,0,0,0,7.12702E+20,5.71929E+21,1.20703E+16,5.15845E+16
70125,,15,0,82,241,2017,10,13,4,2,9,1,0,1,0,0,0,0,0,7.44286E+20,5.72495E+21,1.25293E+16,5.16225E+16
70126,,15,0,84,170,2017,10,23,3,2,7,7,0,0,0,1,0,2,0,6.95924E+20,5.67591E+21,1.18045E+16,5.1201E+16
70127,,15,0,83,270,2017,9,9,2,3,2,6,0,1,0,0,1,0,0,6.69414E+20,5.79277E+21,1.14823E+16,5.22592E+16
70128,,15,0,81,290,2017,9,18,2,2,8,1,0,1,0,0,0,0,0,6.415E+20,5.8493E+21,1.10977E+16,5.2775E+16
70129,,15,0,85,55,2017,10,7,5,3,4,2,0,1,0,1,0,1,0,6.34156E+20,5.74105E+21,1.09458E+16,5.18042E+16
70130,,15,0,88,25,2017,9,5,1,2,8,7,0,0,0,0,1,2,0,6.93735E+20,5.69827E+21,1.17854E+16,5.14025E+16
70131,,15,0,84,490,2017,9,21,1,2,2,6,0,1,0,0,1,2,0,7.08825E+20,5.6715E+21,1.19864E+16,5.11568E+16
70132,,15,0,86,35,2017,8,15,3,3,4,2,0,1,0,0,0,0,0,7.04963E+20,5.80029E+21,1.20071E+16,5.23146E+16
70133,,15,0,85,370,2017,8,6,3,3,9,1,0,0,0,1,0,0,1,6.25015E+20,5.7461E+21,1.08151E+16,5.18517E+16
70134,,15,0,89,43,2017,8,13,3,3,3,6,0,1,0,0,1,0,0,6.67093E+20,5.76017E+21,1.14324E+16,5.1967E+16
70135,,15,0,84,135,2017,9,13,1,3,8,1,0,1,0,0,0,0,0,6.96678E+20,5.67971E+21,1.18174E+16,5.12348E+16
70136,,15,0,87,15,2017,8,8,2,3,2,6,0,1,0,0,1,0,0,6.62716E+20,5.70127E+21,1.13412E+16,5.14393E+16
70137,,15,0,88,25,2017,8,15,2,2,2,6,0,0,0,0,1,0,0,7.02975E+20,5.69386E+21,1.19155E+16,5.13597E+16
70138,,15,0,84,207,2017,9,17,1,3,1,6,0,1,0,1,0,0,0,7.20085E+20,5.65092E+21,1.21346E+16,5.09678E+16
70139,,15,0,88,330,2017,8,9,2,3,4,6,0,1,0,0,0,0,0,7.05528E+20,5.69917E+21,1.19552E+16,5.14064E+16
70140,,15,0,88,235,2017,8,17,2,2,8,3,0,1,0,0,1,0,0,6.95623E+20,5.68521E+21,1.18053E+16,5.12846E+16
70141,,15,0,84,315,2017,10,13,3,3,3,7,0,1,0,0,0,0,0,7.10707E+20,5.67585E+21,1.20158E+16,5.11951E+16
70142,,15,0,88,205,2017,8,10,2,3,5,3,0,1,0,0,0,0,0,7.14818E+20,5.69172E+21,1.20841E+16,5.13362E+16
70143,,15,0,84,355,2017,9,16,1,3,0,6,1,1,0,0,0,0,0,6.89896E+20,5.66701E+21,1.17136E+16,5.11231E+16
70144,,15,0,87,412,2017,8,16,2,2,5,2,0,1,0,1,0,0,0,6.37298E+20,5.70627E+21,1.09777E+16,5.14909E+16
70145,,15,0,82,5,2017,11,7,4,3,5,2,0,1,0,0,0,0,1,7.09279E+20,5.74935E+21,1.2039E+16,5.18557E+16
70146,,15,0,1,0,2017,10,15,2,3,0,1,1,0,0,0,0,0,0,7.22378E+20,5.75361E+21,1.22317E+16,5.18888E+16
70147,,15,0,82,430,2017,9,14,1,3,0,1,0,0,0,1,0,0,0,7.24163E+20,5.77161E+21,1.22693E+16,5.20497E+16
70148,,15,0,91,60,2017,8,14,2,3,5,2,0,1,0,1,0,0,0,7.38312E+20,5.75365E+21,1.24628E+16,5.18826E+16
70149,,15,0,83,531,2017,11,19,5,3,2,6,0,1,0,0,1,2,0,6.56128E+20,5.77607E+21,1.12801E+16,5.21131E+16
70150,,15,0,91,375,2017,10,20,3,2,8,1,0,1,0,0,0,2,0,7.57829E+20,5.76357E+21,1.27532E+16,5.19629E+16
70151,,15,0,82,241,2017,9,21,1,2,8,1,1,0,0,0,0,2,0,7.37228E+20,5.72183E+21,1.24254E+16,5.15975E+16
70152,,15,0,82,256,2017,8,11,2,3,8,1,0,1,0,0,0,0,0,7.11012E+20,5.74288E+21,1.20602E+16,5.17969E+16
70153,,15,0,83,270,2017,11,13,6,3,5,3,1,1,0,0,0,0,0,6.62216E+20,5.79534E+21,1.13782E+16,5.22845E+16
70154,,15,0,89,307,2017,9,14,1,3,8,6,0,1,0,0,0,0,1,6.57548E+20,5.74167E+21,1.12851E+16,5.18037E+16
70155,,15,0,3,0,2017,10,11,4,3,5,3,1,1,0,0,0,0,0,6.76681E+20,5.77989E+21,1.1582E+16,5.21412E+16
70156,,15,0,90,535,2017,9,12,1,3,8,1,0,1,0,0,0,0,0,6.85054E+20,5.82016E+21,1.17263E+16,5.25001E+16
70157,,15,0,91,375,2017,11,12,6,2,3,6,0,1,0,0,1,0,0,7.54238E+20,5.75862E+21,1.26974E+16,5.19202E+16
70158,,15,0,3,0,2017,9,12,1,3,5,2,1,1,0,0,0,0,0,6.81788E+20,5.77948E+21,1.16563E+16,5.21359E+16
70159,,15,0,88,220,2017,10,7,4,3,2,6,0,1,0,1,0,1,0,7.07741E+20,5.6928E+21,1.19833E+16,5.13485E+16
70160,,15,0,2,0,2017,7,16,3,3,5,3,1,1,0,0,0,0,0,7.05205E+20,5.71134E+21,1.19576E+16,5.15158E+16
70161,,15,0,86,140,2017,9,16,1,3,5,5,0,1,0,1,0,0,0,7.03858E+20,5.78544E+21,1.19819E+16,5.21817E+16
70162,,15,0,86,40,2017,9,13,1,3,2,6,0,1,0,1,0,0,0,7.14243E+20,5.81192E+21,1.21504E+16,5.24154E+16
70163,,15,0,82,377,2017,10,10,5,3,2,6,0,1,0,0,1,0,0,7.13264E+20,5.72906E+21,1.20844E+16,5.1672E+16
70164,,15,0,84,550,2017,7,14,3,3,4,6,0,1,0,0,1,0,1,7.10801E+20,5.68329E+21,1.20215E+16,5.12619E+16
70165,,15,0,84,130,2017,7,15,3,2,9,1,0,1,0,0,0,0,1,7.24523E+20,5.66831E+21,1.22085E+16,5.11222E+16
70166,,15,0,85,370,2017,9,22,1,3,0,7,0,1,0,0,0,2,0,6.18356E+20,5.74957E+21,1.07197E+16,5.18843E+16
70167,,15,0,89,42,2017,10,19,6,2,4,6,0,1,0,1,0,2,0,6.8339E+20,5.76216E+21,1.16704E+16,5.19798E+16
70168,,15,0,91,160,2017,7,16,3,3,1,2,0,1,0,1,0,0,0,7.42901E+20,5.73951E+21,1.25195E+16,5.17537E+16
70169,,15,0,82,430,2017,7,16,3,2,0,1,1,0,0,0,0,0,0,7.12015E+20,5.76054E+21,1.20856E+16,5.19551E+16
70170,,15,0,83,415,2017,9,14,1,2,2,2,0,1,0,1,0,0,1,6.53069E+20,5.76641E+21,1.12312E+16,5.20272E+16
70171,,15,0,82,15,2017,7,12,3,3,2,6,0,1,0,0,0,0,0,7.27898E+20,5.72642E+21,1.22939E+16,5.16425E+16
70172,,15,0,86,15,2017,7,9,3,3,3,6,0,1,0,0,1,0,0,6.95358E+20,5.79036E+21,1.18606E+16,5.2229E+16
70173,,15,0,3,0,2017,8,10,2,2,2,6,0,0,0,0,1,0,0,6.82147E+20,5.77047E+21,1.16567E+16,5.20549E+16
70174,,15,0,3,0,2017,10,13,5,2,5,3,1,1,0,0,0,0,1,6.80392E+20,5.77982E+21,1.16361E+16,5.21394E+16
70175,,15,0,90,7,2017,7,13,3,3,9,1,0,1,0,0,0,0,1,6.75127E+20,5.85529E+21,1.15989E+16,5.28189E+16
70176,,15,0,3,0,2017,8,11,2,3,5,3,0,1,0,0,0,0,0,6.81459E+20,5.77968E+21,1.16516E+16,5.21378E+16
70177,,15,0,3,0,2017,7,14,3,3,5,2,0,1,0,0,0,0,0,6.79598E+20,5.78457E+21,1.1627E+16,5.21823E+16
70178,,15,0,85,190,2017,8,6,2,3,8,7,0,0,0,1,0,0,0,6.20753E+20,5.745E+21,1.07529E+16,5.18427E+16
70179,,15,0,87,275,2017,9,13,1,2,3,2,1,1,0,0,0,0,1,6.68546E+20,5.7158E+21,1.1432E+16,5.1568E+16
70180,,15,0,84,275,2017,9,14,1,3,9,1,0,1,0,0,0,0,0,7.17008E+20,5.6605E+21,1.20966E+16,5.1055E+16
70181,,15,0,82,430,2017,9,13,1,2,8,7,0,1,0,0,0,0,1,7.16706E+20,5.76573E+21,1.2157E+16,5.19999E+16
70182,,15,0,86,15,2017,7,16,3,3,5,2,0,1,0,1,0,0,0,6.95031E+20,5.79436E+21,1.18581E+16,5.2265E+16
70183,,15,0,82,15,2017,10,21,7,3,9,1,0,1,0,0,0,2,1,7.29518E+20,5.72356E+21,1.23154E+16,5.16162E+16
70184,,15,0,82,180,2017,9,5,1,2,8,1,0,1,0,0,0,2,1,7.07805E+20,5.73985E+21,1.2012E+16,5.17709E+16
70185,,15,0,86,15,2017,7,16,3,2,1,2,0,1,0,0,0,0,0,7.00632E+20,5.79681E+21,1.19416E+16,5.2285E+16
70186,,15,0,86,140,2017,9,7,1,2,2,6,0,1,0,1,0,0,0,7.09422E+20,5.79148E+21,1.20669E+16,5.22339E+16
70187,,15,0,85,235,2017,7,1,3,3,7,7,0,1,0,0,0,2,0,6.46123E+20,5.74356E+21,1.11203E+16,5.18237E+16
70188,,15,0,85,140,2017,7,7,3,3,9,7,0,1,0,0,0,0,0,6.44928E+20,5.74584E+21,1.11039E+16,5.18446E+16
70189,,15,0,83,35,2017,7,10,3,2,3,3,0,1,0,0,1,0,0,6.42242E+20,5.77286E+21,1.10762E+16,5.2088E+16
70190,,15,0,83,270,2017,7,17,3,3,5,3,1,1,0,0,0,0,0,6.65225E+20,5.79501E+21,1.14221E+16,5.22806E+16
70191,,15,0,87,15,2017,7,12,2,2,2,6,0,0,0,0,1,0,0,6.63365E+20,5.70106E+21,1.13505E+16,5.14372E+16
70192,,15,0,88,216,2017,7,16,2,3,2,7,0,0,0,0,1,0,1,6.99955E+20,5.71838E+21,1.18861E+16,5.1581E+16
70193,,15,0,84,375,2017,7,9,2,3,0,6,0,1,0,0,0,0,1,7.06117E+20,5.65778E+21,1.19399E+16,5.10346E+16
70194,,15,0,88,205,2017,7,16,2,3,0,6,0,0,0,1,1,0,1,7.07989E+20,5.68575E+21,1.19827E+16,5.12851E+16
70195,,15,0,87,275,2017,9,14,6,3,5,3,0,1,0,0,0,0,0,6.70959E+20,5.71996E+21,1.14688E+16,5.16047E+16
70196,,15,0,83,40,2017,10,10,7,3,5,2,0,1,0,0,0,0,0,6.76748E+20,5.78411E+21,1.15852E+16,5.21791E+16
70197,,15,0,88,330,2017,7,6,2,2,2,6,1,1,0,0,0,0,1,7.05754E+20,5.69894E+21,1.19583E+16,5.14043E+16
70198,,15,0,87,275,2017,7,15,2,3,2,6,0,1,0,0,0,0,1,6.71098E+20,5.72096E+21,1.14713E+16,5.16136E+16
70199,,15,0,81,135,2017,10,9,7,3,1,6,0,1,0,0,0,0,0,6.62495E+20,5.82188E+21,1.13952E+16,5.25228E+16
70200,,15,0,87,130,2017,7,16,2,3,2,2,0,1,0,0,0,0,1,6.77875E+20,5.71043E+21,1.15637E+16,5.15169E+16
70201,,15,0,2,0,2017,7,6,2,3,2,6,0,1,0,0,1,0,1,7.04181E+20,5.70671E+21,1.19402E+16,5.14746E+16
70202,,15,0,86,15,2017,9,3,1,3,2,6,0,1,0,0,0,2,1,6.95946E+20,5.7905E+21,1.18693E+16,5.223E+16
70203,,15,0,89,5,2017,9,16,1,3,5,3,0,1,0,0,0,0,1,6.83417E+20,5.73215E+21,1.16549E+16,5.17102E+16
70204,,15,0,89,195,2017,9,3,1,3,9,1,0,1,0,0,0,2,1,6.87499E+20,5.73443E+21,1.17151E+16,5.17294E+16
70205,,15,0,88,355,2017,7,16,2,3,3,2,0,1,0,0,1,0,0,6.89197E+20,5.68572E+21,1.17135E+16,5.12914E+16
70206,,15,0,85,135,2017,9,14,4,3,1,6,0,1,0,0,0,0,0,6.4203E+20,5.75076E+21,1.10639E+16,5.18895E+16
70207,,15,0,82,301,2017,9,7,5,3,2,6,0,1,0,0,0,0,0,7.28724E+20,5.73108E+21,1.23089E+16,5.1684E+16
70208,,15,0,1,0,2017,7,12,2,3,5,3,0,1,0,1,0,0,0,7.23106E+20,5.74957E+21,1.22396E+16,5.18523E+16
70209,,15,0,82,430,2017,7,9,2,3,5,3,0,1,0,0,0,0,1,7.12157E+20,5.7619E+21,1.20885E+16,5.19673E+16
70210,,15,0,82,180,2017,7,10,2,3,8,1,0,1,0,0,0,0,1,7.0923E+20,5.73991E+21,1.20326E+16,5.17709E+16