OBJECTID,UIDENTSTLA,ULAND,UREGBEZ,UKREIS,UGEMEINDE,UJAHR,UMONAT,USTUNDE,UWOCHENTAG,UKATEGORIE,UART,UTYP1,IstRad,IstPKW,IstFuss,IstKrad,IstSonstig,LICHT,STRZUSTAND,LINREFX,LINREFY,XGCSWGS84,YGCSWGS84
70401,,15,0,89,307,2017,10,16,4,3,5,3,1,1,0,0,0,0,0,6.63125E+20,5.74554E+21,1.13677E+16,5.18368E+16
70402,,15,0,87,412,2017,8,5,3,3,8,1,0,1,0,0,0,1,0,6.47699E+20,5.70401E+21,1.11264E+16,5.14679E+16
70403,,15,0,87,275,2017,8,15,3,2,4,6,0,1,0,1,0,0,0,6.59869E+20,5.71822E+21,1.1308E+16,5.15923E+16
70404,,15,0,88,195,2017,10,8,4,2,2,6,0,0,0,0,1,0,0,7.0872E+20,5.71493E+21,1.20103E+16,5.15468E+16
70405,,15,0,81,280,2017,7,19,6,3,6,4,0,1,1,0,0,0,0,6.46519E+20,5.83278E+21,1.11647E+16,5.26252E+16
70406,,15,0,87,275,2017,8,13,3,3,8,1,0,1,0,0,0,0,0,6.54899E+20,5.71868E+21,1.12365E+16,5.15978E+16
70407,,15,0,87,130,2017,8,13,3,2,8,7,1,0,0,0,0,0,0,6.77284E+20,5.71082E+21,1.15554E+16,5.15206E+16
70408,,15,0,91,145,2017,10,11,5,2,5,2,1,1,0,0,0,0,0,7.72793E+20,5.74517E+21,1.2956E+16,5.17908E+16
70409,,15,0,83,411,2017,7,15,6,2,1,6,0,1,0,0,0,0,0,6.40269E+20,5.79763E+21,1.10576E+16,5.23111E+16
70410,,15,0,87,386,2017,7,16,5,3,4,2,0,1,0,0,0,0,0,6.8564E+20,5.70346E+21,1.16718E+16,5.14519E+16
70411,,15,0,84,132,2017,8,10,3,3,4,5,0,1,0,1,0,0,0,6.71629E+20,5.6751E+21,1.14567E+16,5.12015E+16
70412,,15,0,84,590,2017,7,19,5,3,5,3,0,1,0,0,0,0,0,7.18434E+20,5.66327E+21,1.21186E+16,5.10793E+16
70413,,15,0,91,20,2017,7,15,5,2,4,6,0,1,0,0,0,0,0,7.57613E+20,5.73515E+21,1.27289E+16,5.17081E+16
70414,,15,0,84,235,2017,8,12,5,3,8,1,0,1,0,0,0,0,1,7.15455E+20,5.67352E+21,1.20823E+16,5.11725E+16
70415,,15,0,91,110,2017,7,14,5,2,2,6,0,1,0,0,0,0,0,7.34807E+20,5.74009E+21,1.24028E+16,5.17623E+16
70416,,15,0,88,305,2017,10,12,4,3,5,3,0,1,0,0,1,0,0,6.83388E+20,5.69549E+21,1.16353E+16,5.1381E+16
70417,,15,0,1,0,2017,7,10,5,2,2,6,0,1,0,1,0,0,0,7.22296E+20,5.74466E+21,1.22247E+16,5.18085E+16
70418,,15,0,91,60,2017,8,15,5,2,9,7,0,1,0,0,0,0,0,7.4106E+20,5.76265E+21,1.2509E+16,5.19622E+16
70419,,15,0,90,7,2017,10,13,5,3,8,1,0,1,0,0,0,0,1,6.7479E+20,5.85549E+21,1.1594E+16,5.28208E+16
70420,,15,0,82,377,2017,7,17,5,2,4,6,0,1,0,1,0,0,0,7.1654E+20,5.73672E+21,1.21364E+16,5.17395E+16
70421,,15,0,1,0,2017,8,14,5,2,2,6,0,1,0,0,0,0,0,7.25255E+20,5.74738E+21,1.22694E+16,5.18317E+16
70422,,15,0,82,180,2017,8,16,5,3,2,6,0,1,0,0,1,0,0,7.07999E+20,5.73536E+21,1.20121E+16,5.17305E+16
70423,,15,0,84,550,2017,8,20,3,3,5,3,0,1,0,0,0,1,0,7.07859E+20,5.67853E+21,1.19766E+16,5.12203E+16
70424,,15,0,90,70,2017,8,22,5,3,7,7,0,0,0,1,0,1,0,6.85579E+20,5.83389E+21,1.17418E+16,5.26232E+16
70425,,15,0,82,301,2017,9,14,7,3,7,7,0,1,0,0,0,0,0,7.25281E+20,5.7334E+21,1.22607E+16,5.17062E+16
70426,,15,0,86,140,2017,9,8,7,3,8,7,0,1,0,0,0,0,0,7.06703E+20,5.79135E+21,1.20271E+16,5.22337E+16
70427,,15,0,90,520,2017,7,11,5,2,8,6,0,1,0,0,0,0,0,6.84024E+20,5.85788E+21,1.17322E+16,5.28392E+16
70428,,15,0,90,520,2017,9,18,7,2,5,3,0,1,0,1,0,0,0,6.85227E+20,5.86405E+21,1.17536E+16,5.28942E+16
70429,,15,0,89,305,2017,7,15,5,3,9,1,0,0,0,1,0,0,0,6.89619E+20,5.75853E+21,1.1759E+16,5.19451E+16
70430,,15,0,85,145,2017,10,15,6,3,2,2,0,1,1,0,0,0,0,6.52426E+20,5.71915E+21,1.1201E+16,5.16027E+16
70431,,15,0,89,55,2017,9,13,7,2,9,1,0,1,0,0,0,0,0,6.92435E+20,5.75247E+21,1.17965E+16,5.18897E+16
70432,,15,0,85,145,2017,7,20,5,3,8,1,0,0,0,1,0,0,0,6.46857E+20,5.7238E+21,1.11226E+16,5.1646E+16
70433,,15,0,85,135,2017,7,10,5,2,5,2,1,1,0,0,0,0,0,6.40376E+20,5.75264E+21,1.10407E+16,5.19068E+16
70434,,15,0,83,298,2017,7,7,5,3,0,7,0,1,0,0,0,0,0,6.64828E+20,5.7844E+21,1.14111E+16,5.21854E+16
70435,,15,0,2,0,2017,7,7,4,3,5,3,1,0,0,0,1,0,0,7.0721E+20,5.70642E+21,1.19836E+16,5.14709E+16
70436,,15,0,82,430,2017,7,9,4,1,9,1,0,1,0,0,0,0,0,7.13678E+20,5.77112E+21,1.21164E+16,5.20494E+16
70437,,15,0,82,15,2017,7,13,4,3,5,3,1,1,0,0,0,0,0,7.30568E+20,5.72495E+21,1.23315E+16,5.16283E+16
70438,,15,0,82,440,2017,7,6,4,3,5,3,0,1,0,0,0,0,0,7.20036E+20,5.72395E+21,1.21789E+16,5.16235E+16
70439,,15,0,88,250,2017,9,17,6,2,8,7,0,1,0,0,0,0,0,6.84795E+20,5.69399E+21,1.16548E+16,5.13671E+16
70440,,15,0,87,386,2017,9,20,7,3,6,6,0,1,1,0,0,2,0,6.85859E+20,5.70567E+21,1.16761E+16,5.14717E+16
70441,,15,0,85,235,2017,10,15,1,3,4,6,0,1,0,0,0,0,0,6.43697E+20,5.73111E+21,1.108E+16,5.17125E+16
70442,,15,0,81,135,2017,10,16,2,2,0,7,0,0,0,1,0,0,0,6.49052E+20,5.81745E+21,1.11952E+16,5.24868E+16
70443,,15,0,85,55,2017,8,14,5,3,4,6,0,0,0,0,1,0,0,6.39094E+20,5.73708E+21,1.10158E+16,5.17673E+16
70444,,15,0,82,180,2017,10,15,3,3,4,6,0,1,0,1,0,0,1,7.08485E+20,5.73893E+21,1.20213E+16,5.17624E+16
70445,,15,0,85,135,2017,8,16,5,3,5,3,1,1,0,0,0,0,0,6.41945E+20,5.75167E+21,1.10631E+16,5.18977E+16
70446,,15,0,88,220,2017,8,17,4,3,0,7,0,1,0,0,0,0,0,7.04104E+20,5.69128E+21,1.19302E+16,5.13361E+16
70447,,15,0,91,60,2017,8,13,3,2,8,7,0,0,0,0,1,0,0,7.36042E+20,5.75692E+21,1.24321E+16,5.19129E+16
70448,,15,0,88,220,2017,8,21,4,3,2,6,0,1,0,0,0,1,0,7.07463E+20,5.69543E+21,1.19808E+16,5.13721E+16
70449,,15,0,83,130,2017,10,8,6,3,2,6,0,1,0,0,1,0,1,6.79087E+20,5.79572E+21,1.16255E+16,5.22826E+16
70450,,15,0,87,130,2017,8,12,4,3,3,6,0,0,0,1,1,0,0,6.76499E+20,5.70298E+21,1.15402E+16,5.14504E+16
70451,,15,0,82,15,2017,8,18,3,3,5,3,0,1,0,0,0,0,0,7.25432E+20,5.72858E+21,1.22597E+16,5.16629E+16
70452,,15,0,2,0,2017,8,16,4,3,5,3,1,1,0,0,0,0,0,7.06827E+20,5.70717E+21,1.19785E+16,5.14778E+16
70453,,15,0,83,270,2017,10,17,6,3,1,6,0,1,0,0,0,0,0,6.64561E+20,5.79544E+21,1.14126E+16,5.22846E+16
70454,,15,0,84,355,2017,8,16,4,3,5,2,0,1,0,0,0,0,0,6.90792E+20,5.66886E+21,1.17274E+16,5.11394E+16
70455,,15,0,83,270,2017,10,15,6,3,5,3,0,1,0,0,0,0,0,6.63252E+20,5.79542E+21,1.13934E+16,5.22849E+16
70456,,15,0,3,0,2017,8,9,3,2,4,7,0,1,0,0,1,0,0,6.79347E+20,5.77029E+21,1.16158E+16,5.20541E+16
70457,,15,0,3,0,2017,8,13,4,3,0,7,1,0,0,0,0,0,0,6.78063E+20,5.77861E+21,1.16015E+16,5.21293E+16
70458,,15,0,86,145,2017,8,8,3,3,1,6,0,1,0,0,1,0,0,6.90592E+20,5.79004E+21,1.17907E+16,5.22277E+16
70459,,15,0,86,40,2017,8,18,4,3,6,4,0,1,1,0,0,0,0,7.16703E+20,5.79815E+21,1.21777E+16,5.22909E+16
70460,,15,0,87,370,2017,10,12,6,2,8,7,0,1,0,0,0,0,0,6.65112E+20,5.71076E+21,1.13801E+16,5.15238E+16
70461,,15,0,3,0,2017,8,12,3,2,5,3,0,1,0,1,0,0,0,6.80336E+20,5.78225E+21,1.16366E+16,5.21612E+16
70462,,15,0,86,5,2017,8,4,3,3,4,6,1,0,0,0,0,2,0,6.87345E+20,5.78173E+21,1.17386E+16,5.21542E+16
70463,,15,0,86,15,2017,8,17,4,3,0,1,1,0,0,0,0,0,1,6.98781E+20,5.80168E+21,1.19173E+16,5.23294E+16
70464,,15,0,83,415,2017,10,17,1,3,7,7,0,0,0,0,1,2,0,6.52899E+20,5.76707E+21,1.1229E+16,5.20331E+16
70465,,15,0,85,228,2017,8,5,3,3,4,2,0,1,0,0,0,1,0,6.27405E+20,5.7354E+21,1.08459E+16,5.1755E+16
70466,,15,0,89,15,2017,10,19,7,3,7,7,0,1,0,0,0,2,0,6.68282E+20,5.73912E+21,1.14394E+16,5.17776E+16
70467,,15,0,81,455,2017,8,15,3,3,8,1,0,0,0,0,1,0,0,6.56781E+20,5.85724E+21,1.13278E+16,5.28421E+16
70468,,15,0,86,15,2017,8,6,4,3,9,7,0,1,0,0,0,0,0,6.87294E+20,5.79233E+21,1.17438E+16,5.22494E+16
70469,,15,0,3,0,2017,10,10,2,3,5,2,1,1,0,0,0,0,0,6.81788E+20,5.77948E+21,1.16563E+16,5.21359E+16
70470,,15,0,87,15,2017,8,10,2,3,2,6,0,1,0,0,1,0,0,6.63514E+20,5.70102E+21,1.13526E+16,5.14367E+16
70471,,15,0,89,42,2017,7,18,4,3,5,3,1,1,0,0,0,0,0,6.81096E+20,5.76444E+21,1.16382E+16,5.20011E+16
70472,,15,0,88,195,2017,7,16,3,3,2,6,0,1,0,0,1,0,0,7.09328E+20,5.7131E+21,1.2018E+16,5.15302E+16
70473,,15,0,87,130,2017,7,14,3,3,1,6,0,1,0,0,0,0,0,6.79938E+20,5.70936E+21,1.15929E+16,5.15067E+16
70474,,15,0,89,310,2017,11,17,4,2,5,3,0,1,0,0,0,1,0,6.75384E+20,5.74992E+21,1.15477E+16,5.18725E+16
70475,,15,0,87,205,2017,7,6,3,3,3,6,0,1,0,0,0,0,0,6.72734E+20,5.71261E+21,1.14908E+16,5.15381E+16
70476,,15,0,81,135,2017,11,5,6,3,7,7,0,1,0,0,0,2,1,6.50189E+20,5.82087E+21,1.12135E+16,5.25172E+16
70477,,15,0,91,160,2017,10,18,1,3,1,5,0,1,0,0,0,1,1,7.46215E+20,5.74647E+21,1.25723E+16,5.18147E+16
70478,,15,0,89,175,2017,10,3,1,2,8,1,0,1,0,0,0,2,1,6.66456E+20,5.75554E+21,1.14208E+16,5.19257E+16
70479,,15,0,3,0,2017,10,5,3,3,9,1,0,1,0,0,0,2,1,6.78638E+20,5.77669E+21,1.16089E+16,5.21118E+16
70480,,15,0,83,531,2017,10,19,2,3,5,3,0,1,0,0,0,1,0,6.52569E+20,5.7664E+21,1.12239E+16,5.20272E+16
70481,,15,0,81,45,2017,10,11,4,3,8,1,0,1,0,0,0,0,0,6.45316E+20,5.83397E+21,1.11475E+16,5.26362E+16
70482,,15,0,82,15,2017,10,10,3,3,5,3,0,1,0,0,0,0,0,7.2677E+20,5.72567E+21,1.22772E+16,5.16363E+16
70483,,15,0,88,100,2017,8,15,2,2,2,6,0,0,0,0,1,0,0,6.78709E+20,5.70258E+21,1.15717E+16,5.14462E+16
70484,,15,0,85,370,2017,8,13,4,3,2,6,0,1,0,0,1,0,0,6.2778E+20,5.74438E+21,1.08546E+16,5.18356E+16
70485,,15,0,83,205,2017,8,9,4,2,5,3,0,1,0,0,1,0,0,6.55631E+20,5.78612E+21,1.12775E+16,5.22035E+16
70486,,15,0,88,25,2017,10,6,5,3,0,1,0,1,0,0,0,1,1,7.0069E+20,5.6984E+21,1.18853E+16,5.14013E+16
70487,,15,0,83,361,2017,8,11,4,1,5,3,0,1,0,1,0,0,0,6.83964E+20,5.79802E+21,1.16981E+16,5.23017E+16
70488,,15,0,87,31,2017,8,12,3,2,2,2,0,1,0,0,0,0,0,6.69528E+20,5.72969E+21,1.14528E+16,5.16925E+16
70489,,15,0,88,150,2017,8,7,2,2,2,6,0,1,0,0,1,0,0,7.1407E+20,5.70706E+21,1.20826E+16,5.14742E+16
70490,,15,0,86,145,2017,8,12,3,3,0,6,0,1,0,0,1,0,0,6.85134E+20,5.78914E+21,1.17104E+16,5.22215E+16
70491,,15,0,3,0,2017,8,9,3,3,0,6,0,1,0,0,1,0,0,6.77315E+20,5.78421E+21,1.15935E+16,5.21798E+16
70492,,15,0,85,145,2017,10,13,1,3,7,7,0,1,0,0,0,0,1,6.47105E+20,5.72363E+21,1.11261E+16,5.16444E+16
70493,,15,0,88,319,2017,8,9,2,2,8,7,0,1,0,0,0,0,0,6.92928E+20,5.71324E+21,1.17819E+16,5.15373E+16
70494,,15,0,3,0,2017,8,13,3,3,1,5,1,0,0,0,1,0,0,6.84916E+20,5.77473E+21,1.16994E+16,5.20922E+16
70495,,15,0,87,130,2017,8,10,2,3,8,1,0,0,0,1,0,0,0,6.80692E+20,5.7195E+21,1.16089E+16,5.15975E+16
70496,,15,0,85,235,2017,8,15,3,3,4,2,0,1,0,0,0,0,0,6.51438E+20,5.74186E+21,1.11966E+16,5.18071E+16
70497,,15,0,82,377,2017,10,14,2,3,3,6,1,1,0,0,0,0,0,7.00778E+20,5.72693E+21,1.19028E+16,5.16575E+16
70498,,15,0,87,165,2017,8,20,2,3,3,2,1,0,0,1,0,0,0,6.81728E+20,5.72425E+21,1.16263E+16,5.16398E+16
70499,,15,0,91,375,2017,8,12,2,2,5,3,1,1,0,0,0,0,0,7.54415E+20,5.75342E+21,1.26961E+16,5.18734E+16
70500,,15,0,85,145,2017,8,16,3,3,8,7,0,1,0,0,0,0,0,6.38209E+20,5.72579E+21,1.09985E+16,5.1666E+16
70501,,15,0,91,60,2017,10,11,3,3,3,2,0,1,0,0,0,0,1,7.37533E+20,5.75401E+21,1.24518E+16,5.18862E+16
70502,,15,0,87,440,2017,10,15,1,2,9,1,0,0,0,1,0,0,0,6.54718E+20,5.69904E+21,1.12253E+16,5.14214E+16
70503,,15,0,91,375,2017,8,6,2,3,5,3,1,1,0,0,0,0,0,7.48047E+20,5.75243E+21,1.26031E+16,5.18674E+16
70504,,15,0,85,90,2017,8,16,3,2,5,7,0,1,0,1,0,0,0,6.51706E+20,5.74235E+21,1.12007E+16,5.18113E+16
70505,,15,0,89,195,2017,11,5,4,3,0,1,0,0,0,1,0,2,1,6.91926E+20,5.72792E+21,1.17755E+16,5.16695E+16
70506,,15,0,89,41,2017,10,12,2,3,4,2,0,1,0,0,0,0,0,6.76246E+20,5.75611E+21,1.15634E+16,5.19278E+16
70507,,15,0,83,298,2017,8,10,2,2,3,7,0,1,0,0,1,0,0,6.65238E+20,5.7847E+21,1.14173E+16,5.2188E+16
70508,,15,0,81,455,2017,11,17,5,3,2,6,0,1,0,0,0,2,0,6.4574E+20,5.85789E+21,1.11643E+16,5.2851E+16
70509,,15,0,85,55,2017,10,8,3,3,2,2,0,1,0,0,0,0,0,6.38446E+20,5.74069E+21,1.10078E+16,5.17999E+16
70510,,15,0,89,26,2017,8,13,2,2,5,3,0,0,0,1,1,0,0,6.96801E+20,5.75143E+21,1.18593E+16,5.18789E+16
70511,,15,0,89,30,2017,8,15,2,3,6,4,0,1,1,0,0,0,0,6.89071E+20,5.74139E+21,1.17416E+16,5.17913E+16
70512,,15,0,83,115,2017,10,18,4,2,5,2,0,0,0,1,1,1,0,6.58059E+20,5.80197E+21,1.13204E+16,5.23452E+16
70513,,15,0,3,0,2017,8,8,2,3,6,4,0,1,1,0,0,0,0,6.77426E+20,5.77851E+21,1.15921E+16,5.21286E+16
70514,,15,0,86,145,2017,8,16,2,3,1,6,0,1,0,1,0,0,0,6.89057E+20,5.78582E+21,1.17659E+16,5.21904E+16
70515,,15,0,2,0,2017,10,17,4,3,2,6,0,1,0,0,0,0,0,7.07677E+20,5.71053E+21,1.19927E+16,5.15076E+16
70516,,15,0,83,275,2017,8,16,3,3,8,1,0,1,0,0,0,0,0,6.40214E+20,5.78318E+21,1.10508E+16,5.21813E+16
70517,,15,0,83,320,2017,8,8,2,2,1,6,0,1,0,0,0,0,0,6.40665E+20,5.7809E+21,1.10565E+16,5.21607E+16
70518,,15,0,91,375,2017,7,16,3,3,5,2,1,1,0,0,0,0,0,7.51585E+20,5.75428E+21,1.26557E+16,5.18824E+16
70519,,15,0,83,565,2017,8,11,3,3,5,3,1,1,0,0,0,0,0,6.78845E+20,5.79212E+21,1.162E+16,5.22504E+16
70520,,15,0,3,0,2017,7,10,2,3,2,6,0,1,0,0,0,0,0,6.81011E+20,5.77975E+21,1.16451E+16,5.21386E+16
70521,,15,0,82,5,2017,7,13,3,2,3,6,1,1,0,0,0,0,0,7.11384E+20,5.74906E+21,1.20694E+16,5.18522E+16
70522,,15,0,85,370,2017,7,11,3,2,5,2,0,1,0,0,1,0,0,6.21539E+20,5.7484E+21,1.07655E+16,5.18731E+16
70523,,15,0,88,20,2017,7,17,2,2,0,6,0,1,0,0,0,0,0,7.15989E+20,5.68375E+21,1.2096E+16,5.12641E+16
70524,,15,0,82,301,2017,10,6,4,2,0,6,0,1,0,1,0,1,0,7.22987E+20,5.73667E+21,1.22296E+16,5.17365E+16
70525,,15,0,90,225,2017,7,14,3,3,9,1,0,1,0,0,0,0,0,7.06329E+20,5.85899E+21,1.20636E+16,5.28411E+16
70526,,15,0,87,15,2017,7,16,2,2,1,6,0,1,0,0,1,0,0,6.62705E+20,5.70128E+21,1.13411E+16,5.14393E+16
70527,,15,0,86,15,2017,10,14,5,3,4,6,0,0,0,0,1,0,0,6.9548E+20,5.79381E+21,1.18644E+16,5.22599E+16
70528,,15,0,83,390,2017,8,9,2,3,0,3,1,1,0,0,0,0,0,6.75529E+20,5.79305E+21,1.1572E+16,5.22598E+16
70529,,15,0,88,195,2017,7,11,2,3,9,6,0,1,0,0,0,0,0,7.11735E+20,5.70988E+21,1.20507E+16,5.15003E+16
70530,,15,0,87,275,2017,7,15,2,3,2,6,0,1,0,0,0,0,0,6.65182E+20,5.72173E+21,1.13863E+16,5.16223E+16
70531,,15,0,2,0,2017,8,18,1,3,6,4,0,1,1,0,0,0,0,7.04157E+20,5.70746E+21,1.19403E+16,5.14814E+16
70532,,15,0,87,31,2017,7,21,2,3,8,1,0,1,0,0,0,2,0,6.7657E+20,5.72764E+21,1.15536E+16,5.1672E+16
70533,,15,0,2,0,2017,7,9,2,3,5,3,1,1,0,0,0,0,0,7.02176E+20,5.7073E+21,1.19117E+16,5.14806E+16
70534,,15,0,85,228,2017,9,11,7,2,0,7,0,1,0,1,0,0,0,6.30866E+20,5.73179E+21,1.08946E+16,5.17217E+16
70535,,15,0,82,301,2017,8,16,1,3,3,6,0,1,0,0,1,0,0,7.25915E+20,5.74318E+21,1.22762E+16,5.17938E+16
70536,,15,0,84,275,2017,7,9,2,1,4,2,0,1,0,0,0,0,0,7.17525E+20,5.65954E+21,1.21034E+16,5.10461E+16
70537,,15,0,83,205,2017,7,13,3,3,8,1,0,0,0,0,1,0,0,6.53151E+20,5.78894E+21,1.12425E+16,5.22296E+16
70538,,15,0,88,20,2017,9,15,6,3,2,6,0,1,0,0,0,0,0,7.15637E+20,5.68341E+21,1.20908E+16,5.12612E+16
70539,,15,0,83,557,2017,7,15,3,2,5,3,0,1,0,1,0,0,0,6.69855E+20,5.79445E+21,1.14896E+16,5.22741E+16
70540,,15,0,88,65,2017,10,15,5,3,5,3,0,1,0,0,1,0,0,7.03262E+20,5.68656E+21,1.19155E+16,5.1294E+16
70541,,15,0,88,365,2017,9,6,6,2,1,5,0,1,0,0,0,1,0,7.01793E+20,5.70222E+21,1.19033E+16,5.14352E+16
70542,,15,0,87,412,2017,7,13,2,2,2,6,0,1,0,0,0,0,0,6.45638E+20,5.7036E+21,1.10966E+16,5.14648E+16
70543,,15,0,88,65,2017,10,13,5,3,8,1,0,1,0,0,0,0,0,7.04079E+20,5.6894E+21,1.19288E+16,5.13192E+16
70544,,15,0,87,370,2017,7,6,2,3,2,7,0,1,0,0,1,0,0,6.59055E+20,5.70468E+21,1.12901E+16,5.14709E+16
70545,,15,0,2,0,2017,7,6,2,2,5,3,0,1,0,0,1,0,0,7.07202E+20,5.70658E+21,1.19836E+16,5.14724E+16
70546,,15,0,84,590,2017,7,10,2,3,2,6,0,1,0,0,0,0,0,7.17579E+20,5.66422E+21,1.2107E+16,5.10882E+16
70547,,15,0,84,130,2017,7,11,2,1,8,1,1,0,0,0,0,0,0,7.22525E+20,5.66555E+21,1.21783E+16,5.10982E+16
70548,,15,0,89,307,2017,7,6,2,2,2,6,0,1,0,0,1,0,0,6.57333E+20,5.7417E+21,1.1282E+16,5.1804E+16
70549,,15,0,3,0,2017,7,9,2,3,0,6,0,0,0,0,1,0,0,6.76297E+20,5.78375E+21,1.15784E+16,5.2176E+16
70550,,15,0,3,0,2017,7,15,2,3,5,2,1,1,0,0,0,0,0,6.79362E+20,5.77305E+21,1.16175E+16,5.2079E+16
70551,,15,0,83,565,2017,9,12,6,3,5,3,1,1,0,0,0,0,0,6.79683E+20,5.79239E+21,1.16324E+16,5.22525E+16
70552,,15,0,2,0,2017,9,22,6,3,5,2,0,1,0,0,0,2,0,7.07135E+20,5.70721E+21,1.1983E+16,5.14781E+16
70553,,15,0,89,305,2017,9,14,7,2,9,1,0,1,0,0,0,0,0,6.91335E+20,5.76935E+21,1.17899E+16,5.20417E+16
70554,,15,0,86,35,2017,7,17,2,3,8,5,0,1,0,0,1,0,0,7.04286E+20,5.81411E+21,1.20056E+16,5.24389E+16
70555,,15,0,87,412,2017,9,11,7,3,9,6,0,1,0,0,0,0,0,6.42305E+20,5.70405E+21,1.10489E+16,5.14697E+16
70556,,15,0,91,20,2017,10,12,1,2,1,5,0,1,0,0,1,0,1,7.52375E+20,5.72699E+21,1.26474E+16,5.16372E+16
70557,,15,0,85,228,2017,7,9,2,2,1,6,0,1,0,0,0,0,0,6.29262E+20,5.73006E+21,1.08708E+16,5.17066E+16
70558,,15,0,2,0,2017,9,18,6,3,5,3,0,1,0,0,0,0,0,7.05001E+20,5.71177E+21,1.19549E+16,5.15198E+16
70559,,15,0,2,0,2017,9,10,6,3,5,3,1,1,0,0,0,0,0,7.05001E+20,5.71177E+21,1.19549E+16,5.15198E+16
70560,,15,0,85,228,2017,7,13,2,1,4,6,0,1,0,0,0,0,0,6.22692E+20,5.7352E+21,1.07775E+16,5.17543E+16
70561,,15,0,82,377,2017,9,15,6,2,3,2,0,0,0,1,1,0,0,7.09327E+20,5.73379E+21,1.20304E+16,5.1716E+16
70562,,15,0,85,145,2017,7,16,2,2,5,3,0,1,0,1,0,0,0,6.52935E+20,5.71903E+21,1.12083E+16,5.16015E+16
70563,,15,0,90,135,2017,9,19,6,2,5,3,1,1,0,0,0,2,0,6.97054E+20,5.84119E+21,1.19154E+16,5.26848E+16
70564,,15,0,83,25,2017,7,13,2,3,8,1,0,1,0,0,0,0,0,6.47466E+20,5.76838E+21,1.11504E+16,5.20464E+16
70565,,15,0,88,25,2017,9,14,3,3,3,6,0,1,0,0,1,0,0,6.97561E+20,5.69869E+21,1.18405E+16,5.14049E+16
70566,,15,0,83,390,2017,7,5,2,3,0,2,1,1,0,0,0,1,0,6.73624E+20,5.78597E+21,1.15405E+16,5.21968E+16
70567,,15,0,84,315,2017,7,11,1,3,3,6,0,1,0,0,0,0,0,7.18825E+20,5.68096E+21,1.21349E+16,5.12379E+16
70568,,15,0,1,0,2017,7,1,1,3,8,1,0,1,0,0,0,2,0,7.25293E+20,5.74248E+21,1.22667E+16,5.17877E+16
70569,,15,0,82,241,2017,7,10,1,3,5,3,0,1,0,1,0,0,0,7.3609E+20,5.72438E+21,1.24107E+16,5.16208E+16
70570,,15,0,86,140,2017,7,19,1,3,2,6,0,1,0,0,0,0,0,7.17047E+20,5.79341E+21,1.21796E+16,5.22482E+16
70571,,15,0,86,140,2017,7,10,1,2,2,6,0,1,0,0,0,0,0,7.07729E+20,5.79134E+21,1.20421E+16,5.22332E+16
70572,,15,0,86,145,2017,7,7,1,3,3,7,0,1,0,0,0,0,0,6.93086E+20,5.7899E+21,1.18271E+16,5.22256E+16
70573,,15,0,90,415,2017,7,12,1,2,9,1,0,0,0,1,0,0,0,6.83477E+20,5.84577E+21,1.17173E+16,5.27306E+16
70574,,15,0,83,298,2017,9,4,7,3,2,6,0,1,0,0,1,2,0,6.58341E+20,5.78476E+21,1.13165E+16,5.21905E+16
70575,,15,0,83,323,2017,10,8,1,2,7,7,0,1,0,0,0,0,0,6.50878E+20,5.78813E+21,1.12089E+16,5.22229E+16
70576,,15,0,1,0,2017,10,15,2,2,4,2,0,1,0,1,0,0,0,7.21621E+20,5.74574E+21,1.22156E+16,5.18184E+16
70577,,15,0,82,440,2017,10,13,1,3,1,6,0,1,0,0,0,0,0,7.21786E+20,5.73133E+21,1.22088E+16,5.1689E+16
70578,,15,0,81,240,2017,10,16,3,1,5,3,0,1,0,0,0,0,0,6.57082E+20,5.83192E+21,1.13202E+16,5.26145E+16
70579,,15,0,84,550,2017,7,15,2,3,4,6,0,1,0,0,1,0,0,7.08424E+20,5.679E+21,1.1985E+16,5.12243E+16
70580,,15,0,82,15,2017,7,12,2,2,1,6,0,0,0,0,1,0,0,7.21635E+20,5.72952E+21,1.22055E+16,5.16728E+16
70581,,15,0,2,0,2017,10,10,5,2,0,3,0,1,0,0,0,0,1,7.06956E+20,5.7087E+21,1.19813E+16,5.14915E+16
70582,,15,0,82,301,2017,7,15,2,3,2,6,0,1,0,1,0,0,0,7.24503E+20,5.73374E+21,1.22497E+16,5.17096E+16
70583,,15,0,2,0,2017,10,14,5,3,2,6,0,1,0,0,1,0,1,7.05376E+20,5.71095E+21,1.19599E+16,5.15123E+16
70584,,15,0,83,275,2017,7,18,2,3,3,2,1,1,0,0,0,0,0,6.39746E+20,5.78423E+21,1.10444E+16,5.21908E+16
70585,,15,0,91,20,2017,8,14,1,2,9,1,0,1,0,0,0,0,0,7.57611E+20,5.73515E+21,1.27289E+16,5.17081E+16
70586,,15,0,83,323,2017,7,13,2,3,8,1,0,1,0,0,0,0,0,6.45129E+20,5.78627E+21,1.1124E+16,5.22077E+16
70587,,15,0,84,355,2017,10,8,5,3,9,1,0,1,0,0,0,0,1,6.98557E+20,5.67326E+21,1.18407E+16,5.11762E+16
70588,,15,0,90,546,2017,7,7,2,3,2,2,0,1,0,0,0,0,0,6.90343E+20,5.82123E+21,1.18048E+16,5.25079E+16
70589,,15,0,89,310,2017,10,6,6,3,0,7,0,0,0,1,0,2,1,6.84327E+20,5.74957E+21,1.16773E+16,5.18664E+16
70590,,15,0,1,0,2017,8,12,1,3,0,1,1,0,0,0,1,0,0,7.23226E+20,5.74918E+21,1.22411E+16,5.18488E+16