OBJECTID,UIDENTSTLA,ULAND,UREGBEZ,UKREIS,UGEMEINDE,UJAHR,UMONAT,USTUNDE,UWOCHENTAG,UKATEGORIE,UART,UTYP1,IstRad,IstPKW,IstFuss,IstKrad,IstSonstig,LICHT,STRZUSTAND,LINREFX,LINREFY,XGCSWGS84,YGCSWGS84
70591,,15,0,89,310,2017,7,23,2,2,0,1,1,0,0,0,0,2,0,6.77015E+20,5.74756E+21,1.15702E+16,5.18508E+16
70592,,15,0,82,440,2017,8,16,1,2,9,1,0,1,0,0,0,0,0,7.16847E+20,5.72534E+21,1.21338E+16,5.16372E+16
70593,,15,0,86,55,2017,7,2,2,2,9,1,0,1,0,0,0,2,0,7.01263E+20,5.77164E+21,1.19359E+16,5.20588E+16
70594,,15,0,89,42,2017,10,15,7,2,0,6,0,1,0,0,0,0,0,6.82584E+20,5.76468E+21,1.166E+16,5.20027E+16
70595,,15,0,82,180,2017,8,0,1,3,0,7,0,0,0,1,0,2,0,7.07627E+20,5.73581E+21,1.2007E+16,5.17347E+16
70596,,15,0,85,55,2017,7,13,2,3,8,1,0,0,0,1,0,0,0,6.36569E+20,5.73601E+21,1.09788E+16,5.17583E+16
70597,,15,0,84,550,2017,10,10,1,3,1,6,0,1,0,0,0,0,0,7.07817E+20,5.68379E+21,1.19791E+16,5.12675E+16
70598,,15,0,90,535,2017,8,10,1,3,5,2,0,1,0,0,0,0,0,6.86198E+20,5.82795E+21,1.17475E+16,5.25697E+16
70599,,15,0,87,275,2017,10,7,7,3,8,1,0,1,0,0,0,0,0,6.56867E+20,5.72388E+21,1.12672E+16,5.1644E+16
70600,,15,0,86,35,2017,8,15,1,3,4,2,0,1,0,1,0,0,0,7.04916E+20,5.80025E+21,1.20064E+16,5.23143E+16
70601,,15,0,85,370,2017,7,18,2,3,5,3,0,0,0,0,1,0,0,6.1933E+20,5.73705E+21,1.07295E+16,5.17716E+16
70602,,15,0,87,275,2017,10,13,2,3,2,6,0,1,0,1,0,0,0,6.70785E+20,5.71993E+21,1.14663E+16,5.16045E+16
70603,,15,0,91,20,2017,10,14,1,3,5,2,0,1,0,0,0,0,0,7.53423E+20,5.72778E+21,1.26631E+16,5.16438E+16
70604,,15,0,85,370,2017,8,22,1,3,5,3,0,1,0,0,0,2,0,6.22905E+20,5.74449E+21,1.07839E+16,5.18377E+16
70605,,15,0,83,270,2017,11,14,4,3,5,3,1,1,0,0,0,0,0,6.64569E+20,5.79543E+21,1.14127E+16,5.22846E+16
70606,,15,0,83,565,2017,10,11,2,2,9,1,0,1,0,0,0,0,0,6.82357E+20,5.79165E+21,1.16711E+16,5.2245E+16
70607,,15,0,85,40,2017,8,18,1,3,1,6,0,1,0,0,0,0,0,6.52893E+20,5.73256E+21,1.12136E+16,5.17231E+16
70608,,15,0,84,550,2017,10,15,2,2,5,3,0,1,0,0,0,0,0,7.11255E+20,5.68345E+21,1.20281E+16,5.12632E+16
70609,,15,0,85,230,2017,8,17,1,3,8,1,0,0,0,1,0,0,0,6.08113E+20,5.76221E+21,1.05749E+16,5.2E+16
70610,,15,0,83,320,2017,8,16,1,2,2,6,0,0,0,1,0,0,0,6.40783E+20,5.77642E+21,1.10563E+16,5.21203E+16
70611,,15,0,84,130,2017,10,17,3,2,5,3,0,1,0,0,0,0,0,7.26898E+20,5.65863E+21,1.22363E+16,5.10343E+16
70612,,15,0,83,531,2017,7,11,2,2,5,3,1,1,0,0,0,0,0,6.67476E+20,5.7747E+21,1.1445E+16,5.20975E+16
70613,,15,0,88,100,2017,8,13,7,2,8,1,0,1,0,0,0,0,0,6.79948E+20,5.7027E+21,1.15896E+16,5.14469E+16
70614,,15,0,83,531,2017,7,6,2,2,5,3,0,0,0,1,1,0,0,6.70921E+20,5.77224E+21,1.1494E+16,5.20743E+16
70615,,15,0,83,205,2017,7,19,2,3,1,5,0,1,0,0,1,0,0,6.53051E+20,5.78782E+21,1.12405E+16,5.22195E+16
70616,,15,0,90,435,2017,7,18,1,3,5,3,0,1,0,0,0,0,0,6.88188E+20,5.84347E+21,1.17857E+16,5.27084E+16
70617,,15,0,83,270,2017,7,13,2,3,5,2,0,1,0,0,0,0,0,6.66983E+20,5.79459E+21,1.14476E+16,5.22763E+16
70618,,15,0,84,315,2017,7,2,1,1,8,1,0,0,0,0,1,2,0,7.1178E+20,5.67763E+21,1.20322E+16,5.12107E+16
70619,,15,0,3,0,2017,7,17,1,3,2,6,0,1,0,0,0,0,0,6.81171E+20,5.77974E+21,1.16474E+16,5.21384E+16
70620,,15,0,88,205,2017,7,22,1,2,3,6,0,1,0,1,0,2,0,7.22155E+20,5.69324E+21,1.21902E+16,5.1347E+16
70621,,15,0,84,355,2017,11,18,2,3,1,6,0,1,0,0,0,2,0,6.97264E+20,5.67017E+21,1.18205E+16,5.11489E+16
70622,,15,0,3,0,2017,10,16,4,3,1,6,0,1,0,0,0,0,0,6.78299E+20,5.77867E+21,1.1605E+16,5.21297E+16
70623,,15,0,88,365,2017,8,11,7,2,5,3,0,1,0,0,0,0,0,6.93059E+20,5.70668E+21,1.17802E+16,5.14782E+16
70624,,15,0,2,0,2017,7,14,1,3,2,6,0,1,0,0,0,0,0,7.08581E+20,5.70733E+21,1.20038E+16,5.14786E+16
70625,,15,0,82,440,2017,11,9,3,2,5,3,0,1,0,0,0,0,0,7.20394E+20,5.73195E+21,1.21891E+16,5.16952E+16
70626,,15,0,88,216,2017,10,18,4,3,0,6,0,0,0,1,1,1,0,6.90872E+20,5.72532E+21,1.17589E+16,5.16464E+16
70627,,15,0,2,0,2017,10,14,6,3,5,3,1,1,0,0,0,0,0,7.07547E+20,5.70132E+21,1.19854E+16,5.1425E+16
70628,,15,0,87,55,2017,8,9,7,3,2,6,0,1,0,0,0,0,1,6.38277E+20,5.70435E+21,1.0991E+16,5.14734E+16
70629,,15,0,84,590,2017,7,15,1,3,0,4,0,0,1,1,0,0,0,7.204E+20,5.65948E+21,1.21443E+16,5.10445E+16
70630,,15,0,82,180,2017,10,10,5,3,8,1,0,1,0,0,0,0,1,7.07946E+20,5.73989E+21,1.2014E+16,5.17712E+16
70631,,15,0,82,15,2017,7,15,1,2,6,4,0,1,1,0,0,0,0,7.21325E+20,5.72583E+21,1.21987E+16,5.16399E+16
70632,,15,0,84,25,2017,10,19,7,2,3,6,1,0,0,0,1,1,1,6.91485E+20,5.67663E+21,1.17414E+16,5.1209E+16
70633,,15,0,87,75,2017,8,8,7,3,5,3,0,1,0,0,1,0,1,6.72749E+20,5.70557E+21,1.14875E+16,5.14749E+16
70634,,15,0,91,241,2017,7,13,1,3,1,6,0,1,0,0,0,0,0,7.34718E+20,5.74389E+21,1.24041E+16,5.17966E+16
70635,,15,0,87,470,2017,8,12,7,2,5,2,0,1,0,0,1,0,0,6.71754E+20,5.70948E+21,1.14751E+16,5.15103E+16
70636,,15,0,91,375,2017,7,1,1,3,3,6,1,1,0,0,0,2,0,7.48232E+20,5.74974E+21,1.26039E+16,5.18432E+16
70637,,15,0,84,315,2017,7,9,7,2,3,6,0,1,0,0,0,0,0,7.10371E+20,5.67502E+21,1.20105E+16,5.11878E+16
70638,,15,0,84,550,2017,8,8,7,2,2,2,0,0,0,1,1,0,1,7.10254E+20,5.68081E+21,1.20122E+16,5.12399E+16
70639,,15,0,89,55,2017,7,8,1,2,8,1,0,1,0,0,0,0,0,6.85517E+20,5.75427E+21,1.16971E+16,5.19082E+16
70640,,15,0,84,550,2017,7,14,7,3,9,1,0,1,0,0,0,0,0,7.14065E+20,5.68155E+21,1.20672E+16,5.1245E+16
70641,,15,0,91,391,2017,10,18,5,2,5,3,0,1,0,0,0,0,0,7.59462E+20,5.75071E+21,1.27672E+16,5.18467E+16
70642,,15,0,89,43,2017,9,6,6,3,2,6,0,1,0,0,0,1,0,6.63107E+20,5.75709E+21,1.13729E+16,5.19405E+16
70643,,15,0,1,0,2017,10,15,5,3,1,6,0,1,0,0,0,0,0,7.19696E+20,5.75594E+21,1.21943E+16,5.19108E+16
70644,,15,0,2,0,2017,12,0,3,3,5,3,0,1,0,0,1,2,1,7.06715E+20,5.70716E+21,1.19769E+16,5.14777E+16
70645,,15,0,84,15,2017,12,12,3,3,8,1,0,0,0,0,1,0,0,6.80211E+20,5.67728E+21,1.15805E+16,5.12185E+16
70646,,15,0,84,355,2017,12,16,3,1,6,4,0,1,1,0,0,1,0,6.97133E+20,5.67024E+21,1.18187E+16,5.11496E+16
70647,,15,0,91,10,2017,12,12,3,3,5,3,0,1,0,0,1,0,0,7.81242E+20,5.74281E+21,1.30763E+16,5.17654E+16
70648,,15,0,91,145,2017,12,6,3,2,7,2,0,1,0,0,0,2,0,7.70036E+20,5.74683E+21,1.29174E+16,5.1807E+16
70649,,15,0,91,160,2017,12,12,3,3,5,3,0,1,0,0,0,0,0,7.48375E+20,5.74395E+21,1.26018E+16,5.17912E+16
70650,,15,0,89,165,2017,12,13,3,2,8,1,0,1,0,0,0,0,0,6.80435E+20,5.74305E+21,1.16174E+16,5.18092E+16
70651,,15,0,85,235,2017,12,13,3,3,5,3,0,1,0,0,1,0,0,6.48549E+20,5.73322E+21,1.1151E+16,5.17302E+16
70652,,15,0,85,235,2017,12,18,3,2,6,2,0,1,1,0,0,2,1,6.48781E+20,5.73972E+21,1.11572E+16,5.17886E+16
70653,,15,0,84,13,2017,12,13,2,2,3,6,0,1,0,0,0,0,1,7.0698E+20,5.66417E+21,1.19558E+16,5.10917E+16
70654,,15,0,2,0,2017,12,20,2,3,3,6,0,1,0,0,1,2,0,7.05071E+20,5.70741E+21,1.19534E+16,5.14806E+16
70655,,15,0,84,590,2017,12,6,2,3,8,1,0,1,0,0,0,2,1,7.23891E+20,5.65567E+21,1.21917E+16,5.10089E+16
70656,,15,0,84,375,2017,12,6,2,2,5,3,0,1,0,0,1,2,1,7.06359E+20,5.6638E+21,1.19467E+16,5.10885E+16
70657,,15,0,91,60,2017,12,16,2,3,4,6,0,0,0,0,1,2,1,7.28331E+20,5.76294E+21,1.23242E+16,5.19702E+16
70658,,15,0,91,375,2017,12,11,2,3,1,6,0,1,0,0,0,0,0,7.48595E+20,5.75615E+21,1.26137E+16,5.19005E+16
70659,,15,0,82,180,2017,12,18,2,2,2,6,0,1,0,0,1,2,1,7.09483E+20,5.73361E+21,1.20325E+16,5.17143E+16
70660,,15,0,84,490,2017,11,6,2,2,2,6,0,1,0,0,1,2,1,7.10992E+20,5.67043E+21,1.20167E+16,5.11463E+16
70661,,15,0,87,260,2017,11,6,1,2,9,1,0,1,0,0,0,1,2,6.74315E+20,5.71797E+21,1.15162E+16,5.15858E+16
70662,,15,0,85,55,2017,11,14,2,1,4,6,0,0,0,1,1,0,0,6.35238E+20,5.73959E+21,1.09609E+16,5.17908E+16
70663,,15,0,83,298,2017,11,12,1,3,0,7,0,1,0,0,0,0,0,6.64234E+20,5.78462E+21,1.14025E+16,5.21875E+16
70664,,15,0,84,590,2017,11,13,2,2,5,2,0,1,0,1,0,0,1,7.20033E+20,5.65977E+21,1.21393E+16,5.10473E+16
70665,,15,0,86,15,2017,12,9,2,2,8,7,0,0,0,0,1,0,0,6.9986E+20,5.79114E+21,1.19269E+16,5.22344E+16
70666,,15,0,89,15,2017,12,20,2,3,8,7,0,1,0,0,0,2,1,6.80049E+20,5.73297E+21,1.16066E+16,5.17187E+16
70667,,15,0,89,30,2017,12,10,2,3,5,2,0,1,0,0,0,0,1,6.87872E+20,5.74325E+21,1.17253E+16,5.18085E+16
70668,,15,0,85,55,2017,12,16,2,3,7,7,0,1,0,0,0,2,1,6.29949E+20,5.74781E+21,1.08874E+16,5.18659E+16
70669,,15,0,85,330,2017,12,17,2,3,5,3,0,1,0,0,0,2,1,6.40782E+20,5.73703E+21,1.10402E+16,5.17664E+16
70670,,15,0,85,227,2017,12,13,2,3,9,1,0,1,0,0,0,0,2,6.15195E+20,5.7529E+21,1.06749E+16,5.19149E+16
70671,,15,0,85,230,2017,12,16,2,3,7,7,0,1,0,0,0,2,1,6.16077E+20,5.76669E+21,1.06924E+16,5.20387E+16
70672,,15,0,83,415,2017,12,9,2,3,4,6,0,1,0,0,0,0,1,6.50418E+20,5.76268E+21,1.11909E+16,5.19944E+16
70673,,15,0,83,270,2017,12,17,2,2,5,3,1,1,0,0,0,2,1,6.65818E+20,5.79504E+21,1.14308E+16,5.22806E+16
70674,,15,0,81,135,2017,12,10,2,3,2,7,0,1,0,0,0,0,1,6.62077E+20,5.81902E+21,1.13876E+16,5.24972E+16
70675,,15,0,84,315,2017,12,15,1,2,8,1,0,1,0,0,0,0,2,7.21794E+20,5.68104E+21,1.21774E+16,5.12375E+16
70676,,15,0,88,20,2017,12,16,1,3,8,1,0,1,0,0,0,0,2,7.18792E+20,5.68698E+21,1.21381E+16,5.1292E+16
70677,,15,0,84,550,2017,12,17,1,3,9,6,0,1,0,0,0,2,2,7.09623E+20,5.67305E+21,1.19987E+16,5.11704E+16
70678,,15,0,88,20,2017,12,19,1,2,2,6,0,1,0,0,0,2,2,7.17672E+20,5.68559E+21,1.21212E+16,5.128E+16
70679,,15,0,88,216,2017,12,15,1,3,4,6,0,1,0,0,0,0,2,6.96519E+20,5.71774E+21,1.18362E+16,5.15764E+16
70680,,15,0,81,240,2017,11,18,1,3,9,5,0,1,0,0,0,2,1,6.53872E+20,5.83835E+21,1.12758E+16,5.26732E+16
70681,,15,0,84,15,2017,11,15,2,2,8,1,0,1,0,0,0,0,0,6.79005E+20,5.68134E+21,1.15653E+16,5.12553E+16
70682,,15,0,88,150,2017,11,13,2,3,9,6,0,1,0,0,1,0,0,7.11316E+20,5.70342E+21,1.20408E+16,5.14425E+16
70683,,15,0,87,412,2017,12,15,1,3,4,1,0,1,0,0,0,0,2,6.35776E+20,5.70811E+21,1.09565E+16,5.15078E+16
70684,,15,0,87,412,2017,12,15,1,3,9,1,0,1,0,0,0,0,2,6.50411E+20,5.70539E+21,1.11661E+16,5.14797E+16
70685,,15,0,2,0,2017,12,16,1,3,4,1,0,1,0,0,0,2,2,7.07428E+20,5.70084E+21,1.19835E+16,5.14207E+16
70686,,15,0,2,0,2017,12,15,1,2,4,1,0,1,0,0,0,0,2,7.00757E+20,5.70882E+21,1.18922E+16,5.14948E+16
70687,,15,0,84,335,2017,12,17,1,2,4,1,0,1,0,0,0,1,2,7.02107E+20,5.66733E+21,1.18881E+16,5.11217E+16
70688,,15,0,82,440,2017,12,16,1,3,2,6,0,1,0,0,0,1,2,7.21772E+20,5.73139E+21,1.22087E+16,5.16896E+16
70689,,15,0,82,15,2017,12,13,1,3,2,6,0,1,0,0,0,0,0,7.21211E+20,5.72533E+21,1.21968E+16,5.16354E+16
70690,,15,0,91,375,2017,12,17,1,2,4,6,0,1,0,0,0,1,2,7.48383E+20,5.75667E+21,1.2611E+16,5.19053E+16
70691,,15,0,82,241,2017,12,19,1,3,2,6,0,1,0,0,0,2,2,7.34134E+20,5.72582E+21,1.23835E+16,5.16346E+16
70692,,15,0,89,185,2017,12,18,1,3,8,1,0,0,0,0,1,2,2,6.81466E+20,5.7429E+21,1.16323E+16,5.18075E+16
70693,,15,0,3,0,2017,12,12,1,3,2,6,0,1,0,0,1,0,0,6.75165E+20,5.77208E+21,1.15558E+16,5.20716E+16
70694,,15,0,86,140,2017,12,21,1,3,9,1,0,1,0,0,0,2,2,7.02659E+20,5.79138E+21,1.1968E+16,5.22355E+16
70695,,15,0,90,415,2017,12,20,1,3,8,1,0,1,0,0,0,2,2,6.86778E+20,5.85317E+21,1.17704E+16,5.2796E+16
70696,,15,0,89,310,2017,12,17,1,3,5,3,0,1,0,0,0,1,2,6.77027E+20,5.74937E+21,1.15713E+16,5.1867E+16
70697,,15,0,3,0,2017,12,16,1,3,1,6,0,1,0,0,0,1,2,6.82425E+20,5.7774E+21,1.16645E+16,5.2117E+16
70698,,15,0,3,0,2017,12,18,1,3,1,1,0,1,0,0,0,2,2,6.81384E+20,5.78273E+21,1.16521E+16,5.21652E+16
70699,,15,0,86,145,2017,12,17,1,3,8,1,0,1,0,0,0,2,2,6.86159E+20,5.78837E+21,1.1725E+16,5.22143E+16
70700,,15,0,85,370,2017,12,21,1,3,9,1,0,1,0,0,0,2,2,6.28308E+20,5.74503E+21,1.08625E+16,5.18413E+16
70701,,15,0,85,140,2017,12,16,1,3,4,6,0,1,0,0,0,2,2,6.43506E+20,5.74557E+21,1.10832E+16,5.18425E+16
70702,,15,0,83,531,2017,12,15,1,2,4,6,0,1,0,0,0,0,2,6.56456E+20,5.77239E+21,1.12832E+16,5.208E+16
70703,,15,0,83,298,2017,12,18,1,3,1,5,0,0,0,0,1,2,2,6.65387E+20,5.78645E+21,1.14203E+16,5.22037E+16
70704,,15,0,81,135,2017,12,17,1,3,0,1,0,0,0,1,0,2,2,6.60067E+20,5.82617E+21,1.13615E+16,5.2562E+16
70705,,15,0,81,280,2017,12,22,1,2,9,1,0,1,0,0,0,2,2,6.51763E+20,5.83021E+21,1.12409E+16,5.26007E+16
70706,,15,0,88,220,2017,12,3,7,2,2,6,0,1,0,0,1,2,0,7.04237E+20,5.69106E+21,1.1932E+16,5.13341E+16
70707,,15,0,88,65,2017,12,11,7,3,5,3,0,1,0,0,0,0,0,7.00542E+20,5.68296E+21,1.18745E+16,5.12627E+16
70708,,15,0,87,386,2017,12,8,7,3,4,6,0,1,0,0,1,0,0,6.89828E+20,5.70592E+21,1.17334E+16,5.14725E+16
70709,,15,0,84,355,2017,12,14,7,3,8,1,0,1,0,0,0,0,0,6.93547E+20,5.67016E+21,1.17674E+16,5.11502E+16
70710,,15,0,84,550,2017,12,13,7,3,6,4,0,1,1,0,0,0,1,7.0719E+20,5.6761E+21,1.19657E+16,5.11987E+16
70711,,15,0,91,375,2017,12,15,7,3,7,7,0,1,0,0,0,0,1,7.56349E+20,5.75445E+21,1.27249E+16,5.18818E+16
70712,,15,0,82,340,2017,12,13,7,3,5,3,0,1,0,0,0,0,0,7.23364E+20,5.71783E+21,1.2223E+16,5.15673E+16
70713,,15,0,82,15,2017,12,11,7,3,5,3,1,1,0,0,0,0,1,7.28892E+20,5.72306E+21,1.23061E+16,5.16119E+16
70714,,15,0,83,298,2017,12,16,7,3,0,3,0,1,0,0,1,1,0,6.67289E+20,5.78453E+21,1.14471E+16,5.21858E+16
70715,,15,0,86,40,2017,12,2,7,3,9,7,0,1,0,0,0,2,1,7.2111E+20,5.79387E+21,1.22394E+16,5.22507E+16
70716,,15,0,86,145,2017,12,13,7,3,8,7,0,0,0,0,1,0,0,6.86606E+20,5.78944E+21,1.17321E+16,5.22237E+16
70717,,15,0,84,315,2017,12,13,6,3,1,6,0,1,0,0,1,0,0,7.10277E+20,5.67472E+21,1.2009E+16,5.11852E+16
70718,,15,0,84,550,2017,12,13,6,3,1,6,0,1,0,0,1,0,0,7.0974E+20,5.67333E+21,1.20005E+16,5.11729E+16
70719,,15,0,84,550,2017,12,13,6,2,2,6,0,1,0,0,1,0,0,7.09918E+20,5.67379E+21,1.20033E+16,5.11769E+16
70720,,15,0,84,550,2017,12,12,6,3,2,6,0,1,0,0,0,0,0,7.11164E+20,5.67673E+21,1.20228E+16,5.12029E+16
70721,,15,0,84,550,2017,12,12,6,3,2,6,0,1,0,0,1,0,0,7.11166E+20,5.67673E+21,1.20229E+16,5.12029E+16
70722,,15,0,84,130,2017,12,13,6,3,5,2,0,1,1,0,0,0,0,7.23042E+20,5.66228E+21,1.21837E+16,5.10686E+16
70723,,15,0,91,160,2017,12,16,6,3,2,6,0,1,0,0,0,1,0,7.51451E+20,5.74599E+21,1.26478E+16,5.18081E+16
70724,,15,0,82,377,2017,12,7,6,3,5,3,0,1,0,0,0,2,0,7.1409E+20,5.72675E+21,1.20949E+16,5.16509E+16
70725,,15,0,89,42,2017,12,13,6,3,2,6,0,1,0,0,0,0,1,6.83296E+20,5.76218E+21,1.1669E+16,5.198E+16
70726,,15,0,83,40,2017,12,11,6,3,2,6,0,1,0,0,0,0,0,6.78433E+20,5.78474E+21,1.16101E+16,5.21842E+16
70727,,15,0,3,0,2017,12,23,6,3,0,1,1,0,0,0,0,2,2,6.80346E+20,5.77981E+21,1.16354E+16,5.21393E+16
70728,,15,0,86,40,2017,12,8,6,3,2,2,0,1,0,0,0,0,1,7.14271E+20,5.81171E+21,1.21507E+16,5.24136E+16
70729,,15,0,85,135,2017,12,18,6,3,0,7,1,0,0,0,0,2,1,6.40031E+20,5.7513E+21,1.10351E+16,5.18948E+16
70730,,15,0,83,415,2017,12,7,6,3,1,6,0,1,0,0,0,2,1,6.52673E+20,5.7656E+21,1.1225E+16,5.202E+16
70731,,15,0,83,270,2017,12,13,6,3,1,6,0,1,0,0,0,0,1,6.68809E+20,5.79368E+21,1.14739E+16,5.22676E+16
70732,,15,0,88,216,2017,12,16,5,3,5,3,0,1,0,0,0,1,0,6.98395E+20,5.721E+21,1.18651E+16,5.1605E+16
70733,,15,0,84,355,2017,12,10,5,2,3,6,1,1,0,0,0,0,0,6.90623E+20,5.66883E+21,1.1725E+16,5.11392E+16
70734,,15,0,1,0,2017,12,15,5,3,5,3,1,1,0,0,0,0,0,7.22499E+20,5.74767E+21,1.22296E+16,5.18355E+16
70735,,15,0,82,440,2017,12,14,5,3,2,6,0,1,0,0,1,0,0,7.16976E+20,5.72494E+21,1.21354E+16,5.16335E+16
70736,,15,0,82,180,2017,12,17,5,3,2,6,0,1,0,0,0,2,0,7.09486E+20,5.73361E+21,1.20325E+16,5.17142E+16
70737,,15,0,89,235,2017,12,22,5,2,9,1,0,1,0,0,0,2,1,6.89102E+20,5.74709E+21,1.17452E+16,5.18425E+16
70738,,15,0,3,0,2017,12,16,5,3,2,6,0,1,0,0,0,2,1,6.79771E+20,5.78087E+21,1.16276E+16,5.2149E+16
70739,,15,0,3,0,2017,12,16,5,2,0,7,0,1,0,0,0,2,1,6.7977E+20,5.78088E+21,1.16276E+16,5.21491E+16
70740,,15,0,85,135,2017,12,17,5,2,8,6,0,1,0,0,0,2,0,6.35521E+20,5.74686E+21,1.09679E+16,5.18561E+16
70741,,15,0,87,15,2017,12,5,4,1,1,6,0,1,0,0,1,2,0,6.67192E+20,5.70043E+21,1.14052E+16,5.14304E+16
70742,,15,0,88,365,2017,12,15,4,2,5,3,0,1,0,0,0,0,0,6.9996E+20,5.70449E+21,1.18783E+16,5.14562E+16
70743,,15,0,2,0,2017,12,15,4,3,2,6,0,1,0,1,0,0,0,7.07233E+20,5.70621E+21,1.19838E+16,5.1469E+16
70744,,15,0,2,0,2017,12,15,4,3,3,6,0,1,0,0,1,0,0,7.05092E+20,5.70741E+21,1.19537E+16,5.14806E+16
70745,,15,0,82,340,2017,12,1,4,3,8,1,0,0,0,0,1,2,0,7.2092E+20,5.71692E+21,1.21873E+16,5.15601E+16
70746,,15,0,82,180,2017,12,6,4,2,5,3,0,1,0,0,1,2,0,7.09483E+20,5.73361E+21,1.20325E+16,5.17143E+16
70747,,15,0,89,185,2017,12,14,4,3,1,6,0,1,0,0,0,0,0,6.84911E+20,5.742E+21,1.16817E+16,5.17982E+16
70748,,15,0,83,298,2017,12,5,4,2,5,3,0,1,0,0,0,2,0,6.70322E+20,5.78329E+21,1.14909E+16,5.21738E+16
70749,,15,0,89,310,2017,12,11,4,2,2,2,0,1,0,0,0,0,0,6.79403E+20,5.74753E+21,1.16048E+16,5.18497E+16
70750,,15,0,89,305,2017,12,17,4,3,6,4,0,1,1,0,0,1,0,6.92794E+20,5.77171E+21,1.18125E+16,5.20624E+16
70751,,15,0,83,270,2017,12,11,4,2,5,3,1,1,0,0,0,0,0,6.63959E+20,5.7956E+21,1.14039E+16,5.22862E+16
70752,,15,0,87,15,2017,12,6,3,3,8,1,0,0,0,0,1,2,1,6.67459E+20,5.70453E+21,1.14109E+16,5.14671E+16
70753,,15,0,84,550,2017,12,6,3,3,2,6,1,1,0,0,0,2,1,7.06164E+20,5.67543E+21,1.19506E+16,5.1193E+16
70754,,15,0,82,440,2017,12,11,3,3,2,6,0,1,0,0,0,0,0,7.21913E+20,5.73329E+21,1.22119E+16,5.17066E+16
70755,,15,0,82,301,2017,12,5,3,3,0,7,0,1,0,0,1,2,1,7.25154E+20,5.74152E+21,1.22641E+16,5.17792E+16
70756,,15,0,91,375,2017,12,8,3,3,0,7,1,0,0,0,0,0,1,7.50875E+20,5.75307E+21,1.26446E+16,5.18719E+16
70757,,15,0,83,40,2017,12,7,3,2,5,3,0,1,0,0,0,1,1,6.76704E+20,5.78438E+21,1.15846E+16,5.21815E+16
70758,,15,0,90,535,2017,12,13,3,3,1,6,0,0,0,0,1,0,0,6.97018E+20,5.82945E+21,1.19079E+16,5.25794E+16
70759,,15,0,89,15,2017,12,15,3,3,1,6,0,1,0,0,0,0,0,6.6958E+20,5.73708E+21,1.14572E+16,5.17589E+16
70760,,15,0,3,0,2017,12,5,3,3,3,6,0,1,0,0,0,2,1,6.78986E+20,5.77695E+21,1.16141E+16,5.21141E+16
70761,,15,0,3,0,2017,12,14,3,2,0,7,1,0,0,0,0,0,0,6.79954E+20,5.78214E+21,1.16309E+16,5.21604E+16
70762,,15,0,88,365,2017,12,16,2,3,5,3,0,1,0,0,0,1,1,6.98988E+20,5.704E+21,1.1864E+16,5.14521E+16
70763,,15,0,88,220,2017,12,15,2,3,5,3,0,1,0,1,0,0,1,7.09569E+20,5.69386E+21,1.20101E+16,5.13573E+16
70764,,15,0,84,375,2017,12,21,2,3,8,1,0,1,0,0,0,2,1,7.05347E+20,5.66311E+21,1.19319E+16,5.10827E+16
70765,,15,0,84,355,2017,12,6,2,3,9,1,0,1,0,0,0,2,2,6.94883E+20,5.66725E+21,1.1785E+16,5.11236E+16
70766,,15,0,84,360,2017,12,7,2,3,8,7,0,1,0,0,0,1,2,6.81229E+20,5.68471E+21,1.15989E+16,5.12848E+16
70767,,15,0,82,430,2017,12,6,2,2,2,6,1,1,0,0,0,2,1,7.12262E+20,5.75866E+21,1.2088E+16,5.19381E+16
70768,,15,0,90,220,2017,12,18,2,3,5,3,0,1,0,0,0,2,0,6.98471E+20,5.83858E+21,1.19348E+16,5.26608E+16
70769,,15,0,3,0,2017,12,10,2,3,0,2,1,1,0,0,0,0,0,6.77648E+20,5.77331E+21,1.15927E+16,5.20818E+16
70770,,15,0,3,0,2017,12,6,2,2,5,3,0,1,0,0,0,2,1,6.79491E+20,5.78278E+21,1.16245E+16,5.21663E+16
70771,,15,0,86,40,2017,12,15,2,1,9,1,0,1,0,0,0,0,0,7.11939E+20,5.81244E+21,1.21169E+16,5.24211E+16
70772,,15,0,85,145,2017,12,13,2,3,8,6,0,1,0,0,0,0,1,6.47597E+20,5.72713E+21,1.11347E+16,5.16757E+16
70773,,15,0,83,298,2017,12,17,2,3,2,6,0,1,0,0,0,2,1,6.70533E+20,5.78349E+21,1.1494E+16,5.21755E+16
70774,,15,0,87,130,2017,12,17,1,2,0,6,0,1,0,0,1,2,2,6.78846E+20,5.71472E+21,1.15799E+16,5.15551E+16
70775,,15,0,84,355,2017,12,16,1,2,4,1,0,1,0,0,0,1,2,6.93479E+20,5.6701E+21,1.17664E+16,5.11496E+16
70776,,15,0,91,20,2017,12,11,1,3,9,1,0,1,0,0,0,0,2,7.61863E+20,5.73565E+21,1.27907E+16,5.17106E+16
70777,,15,0,91,375,2017,12,0,1,2,9,1,0,1,0,0,0,2,1,7.49996E+20,5.75234E+21,1.26313E+16,5.18657E+16
70778,,15,0,91,375,2017,12,12,1,3,0,7,0,1,0,0,1,0,0,7.49941E+20,5.75235E+21,1.26305E+16,5.18659E+16
70779,,15,0,89,15,2017,12,14,1,3,8,1,0,1,0,0,0,0,2,6.69619E+20,5.74144E+21,1.14599E+16,5.17981E+16