OBJECTID,UIDENTSTLA,ULAND,UREGBEZ,UKREIS,UGEMEINDE,UJAHR,UMONAT,USTUNDE,UWOCHENTAG,UKATEGORIE,UART,UTYP1,IstRad,IstPKW,IstFuss,IstKrad,IstSonstig,LICHT,STRZUSTAND,LINREFX,LINREFY,XGCSWGS84,YGCSWGS84
71329,,15,0,89,165,2017,12,9,5,3,8,1,0,1,0,0,0,0,0,6.7753E+20,5.74065E+21,1.15741E+16,5.17885E+16
71330,,15,0,90,520,2017,12,22,5,2,8,1,0,1,0,0,0,2,0,6.83877E+20,5.86556E+21,1.17344E+16,5.29082E+16
71331,,15,0,89,26,2017,12,19,5,2,0,7,0,1,0,0,0,2,0,6.90833E+20,5.76091E+21,1.17779E+16,5.19661E+16
71332,,15,0,3,0,2017,12,17,5,2,1,5,0,1,0,0,0,1,0,6.83058E+20,5.77644E+21,1.16732E+16,5.21082E+16
71333,,15,0,83,557,2017,12,10,5,3,8,1,0,1,0,0,0,0,0,6.69086E+20,5.79497E+21,1.14786E+16,5.2279E+16
71334,,15,0,84,315,2017,12,13,4,3,2,6,0,1,0,0,0,0,0,7.12025E+20,5.67798E+21,1.20359E+16,5.12137E+16
71335,,15,0,88,150,2017,12,7,4,2,7,7,0,1,0,0,0,1,0,7.17307E+20,5.70166E+21,1.21258E+16,5.14244E+16
71336,,15,0,84,550,2017,12,21,4,3,5,3,0,1,0,0,0,2,0,7.07259E+20,5.6762E+21,1.19667E+16,5.11996E+16
71337,,15,0,82,440,2017,12,10,4,2,5,3,0,1,0,0,0,0,0,7.16827E+20,5.72134E+21,1.2131E+16,5.16013E+16
71338,,15,0,85,228,2017,12,7,4,3,8,1,0,1,0,0,0,1,2,6.21077E+20,5.73712E+21,1.07548E+16,5.17718E+16
71339,,15,0,85,135,2017,12,13,4,3,6,4,1,0,1,0,0,0,0,6.41732E+20,5.75153E+21,1.10599E+16,5.18965E+16
71340,,15,0,83,355,2017,12,17,4,3,2,6,0,1,0,0,0,1,0,6.59174E+20,5.75694E+21,1.13157E+16,5.19404E+16
71341,,15,0,82,301,2017,12,13,3,3,1,6,0,1,0,0,0,0,0,7.22059E+20,5.7353E+21,1.22153E+16,5.17246E+16
71342,,15,0,83,390,2017,12,5,6,3,8,1,0,1,0,0,0,2,2,6.74204E+20,5.7853E+21,1.15486E+16,5.21906E+16
71343,,15,0,81,455,2017,12,13,6,2,8,6,0,1,0,0,0,0,0,6.48388E+20,5.85487E+21,1.12023E+16,5.28231E+16
71344,,15,0,3,0,2017,12,12,3,3,3,6,0,1,0,0,0,0,1,6.81167E+20,5.78696E+21,1.16512E+16,5.22033E+16
71345,,15,0,90,631,2017,12,19,3,1,4,6,0,1,0,0,0,2,0,7.04605E+20,5.82678E+21,1.2018E+16,5.25526E+16
71346,,15,0,81,26,2017,12,1,6,3,8,7,0,1,0,0,0,2,1,6.50809E+20,5.84935E+21,1.12356E+16,5.27729E+16
71347,,15,0,90,415,2017,12,17,3,1,4,6,0,1,0,0,0,1,0,6.85845E+20,5.84993E+21,1.17547E+16,5.27672E+16
71348,,15,0,84,315,2017,12,21,5,3,9,1,0,1,0,0,0,2,1,7.13381E+20,5.68028E+21,1.20566E+16,5.12339E+16
71349,,15,0,81,455,2017,12,21,3,3,9,3,0,1,0,0,0,2,0,6.46404E+20,5.85666E+21,1.11736E+16,5.28397E+16
71350,,15,0,88,330,2017,12,18,2,3,8,1,0,1,0,0,0,2,0,7.18461E+20,5.69976E+21,1.21412E+16,5.14069E+16
71351,,15,0,88,25,2017,12,13,5,3,5,3,0,1,0,0,0,0,1,6.97989E+20,5.69718E+21,1.18458E+16,5.13913E+16
71352,,15,0,82,430,2017,12,20,2,2,9,1,0,1,0,0,0,2,0,7.07141E+20,5.76664E+21,1.20184E+16,5.20117E+16
71353,,15,0,82,430,2017,12,10,2,2,9,1,0,1,0,0,0,0,0,7.15437E+20,5.7583E+21,1.21339E+16,5.19337E+16
71354,,15,0,90,70,2017,12,18,2,3,4,1,0,1,0,0,0,2,1,6.78834E+20,5.82903E+21,1.16396E+16,5.25819E+16
71355,,15,0,83,490,2017,12,14,2,3,1,6,0,1,0,0,0,0,0,6.79372E+20,5.76818E+21,1.16151E+16,5.20352E+16
71356,,15,0,84,355,2017,12,16,1,3,9,6,0,1,0,0,0,0,0,6.94157E+20,5.67411E+21,1.17783E+16,5.11854E+16
71357,,15,0,91,160,2017,12,16,1,3,1,2,0,1,0,0,0,1,0,7.50724E+20,5.74686E+21,1.26379E+16,5.18163E+16
71358,,15,0,90,631,2017,12,15,1,3,8,1,0,1,0,0,0,0,0,7.06546E+20,5.82621E+21,1.20463E+16,5.25467E+16
71359,,15,0,85,135,2017,12,20,1,3,5,3,0,1,0,0,0,2,0,6.40186E+20,5.75191E+21,1.10376E+16,5.19003E+16
71360,,15,0,83,411,2017,12,14,1,2,4,6,0,1,0,0,0,0,0,6.45532E+20,5.8116E+21,1.11408E+16,5.24352E+16
71361,,15,0,87,31,2017,12,10,7,3,2,6,0,1,0,0,0,0,0,6.69556E+20,5.73022E+21,1.14535E+16,5.16973E+16
71362,,15,0,2,0,2017,12,12,7,3,2,6,0,1,0,0,0,0,0,7.04906E+20,5.70742E+21,1.1951E+16,5.14808E+16
71363,,15,0,84,315,2017,12,11,6,3,2,6,0,0,0,0,1,0,0,7.1456E+20,5.68064E+21,1.20737E+16,5.12368E+16
71364,,15,0,88,319,2017,12,20,6,3,8,1,0,1,0,0,0,2,0,6.95878E+20,5.71111E+21,1.18232E+16,5.15171E+16
71365,,15,0,87,370,2017,12,13,6,3,4,6,0,1,0,0,1,0,0,6.61663E+20,5.70976E+21,1.133E+16,5.15158E+16
71366,,15,0,2,0,2017,12,6,6,3,4,6,1,0,0,0,0,2,1,7.07258E+20,5.70568E+21,1.19838E+16,5.14642E+16
71367,,15,0,84,130,2017,12,16,6,3,2,2,0,1,0,0,0,0,0,7.21833E+20,5.66431E+21,1.21677E+16,5.10874E+16
71368,,15,0,82,340,2017,12,2,6,2,9,1,0,1,0,0,0,2,1,7.26014E+20,5.72039E+21,1.22629E+16,5.15891E+16
71369,,15,0,88,220,2017,12,17,5,3,4,2,0,1,0,1,0,1,1,7.07399E+20,5.69665E+21,1.19806E+16,5.13831E+16
71370,9.17011E+18,9,5,73,122,2017,1,5,2,3,5,3,0,1,0,0,0,2,2,6.42757E+20,5.47766E+21,1.0969E+16,4.94348E+16
71371,9.17011E+18,9,5,71,177,2017,1,16,2,3,2,6,0,1,0,0,0,0,0,6.2395E+20,5.45092E+21,1.07014E+16,4.91986E+16
71372,9.17011E+18,9,3,75,118,2017,1,11,2,3,8,1,0,1,0,0,0,0,1,7.08902E+20,5.44759E+21,1.18646E+16,4.91456E+16
71373,9.17011E+18,9,3,73,147,2017,1,11,2,3,5,3,0,1,0,0,0,0,1,6.80055E+20,5.46297E+21,1.14764E+16,4.9293E+16
71374,9.17011E+18,9,3,76,163,2017,1,6,2,2,6,4,0,1,1,0,0,2,1,7.27743E+20,5.47525E+21,1.21383E+16,4.93873E+16
71375,9.17011E+18,9,2,71,125,2017,1,7,2,3,1,6,0,1,0,0,0,0,0,7.96895E+20,5.40986E+21,1.30411E+16,4.87708E+16
71376,9.17011E+18,9,2,71,125,2017,1,7,2,3,1,6,0,1,0,0,0,0,0,7.96893E+20,5.40986E+21,1.3041E+16,4.87708E+16
71377,9.17011E+18,9,2,63,0,2017,1,21,2,3,5,3,0,1,0,0,1,2,1,7.61556E+20,5.41967E+21,1.25674E+16,4.88748E+16
71378,9.17011E+18,9,2,72,120,2017,1,14,2,2,5,3,0,1,0,0,0,0,1,8.22187E+20,5.42308E+21,1.33947E+16,4.88768E+16
71379,9.17011E+18,9,2,74,127,2017,1,15,2,3,2,6,0,1,0,0,0,0,1,7.35759E+20,5.39825E+21,1.22038E+16,4.86927E+16
71380,9.17011E+18,9,1,62,0,2017,1,17,2,3,0,6,0,1,0,0,0,1,1,6.86779E+20,5.33114E+21,1.15091E+16,4.81061E+16
71381,9.17011E+18,9,1,89,157,2017,1,16,2,3,6,4,0,1,1,0,0,2,1,7.6559E+20,5.32519E+21,1.25623E+16,4.80247E+16
71382,9.17011E+18,9,1,89,140,2017,1,20,2,3,5,3,0,1,0,0,0,2,1,7.73522E+20,5.29607E+21,1.26501E+16,4.77599E+16
71383,9.17011E+18,9,1,89,155,2017,1,17,2,3,2,6,0,1,0,0,0,1,2,7.71494E+20,5.30662E+21,1.26297E+16,4.78555E+16
71384,9.17011E+18,9,1,89,127,2017,1,19,2,2,4,6,0,1,0,0,0,2,1,7.83729E+20,5.31686E+21,1.27996E+16,4.79422E+16
71385,9.17011E+18,9,1,63,0,2017,1,8,2,3,5,3,0,1,0,0,0,0,1,7.34812E+20,5.30384E+21,1.21386E+16,4.78449E+16
71386,9.17011E+18,9,1,87,139,2017,1,22,2,3,8,1,0,1,0,0,0,2,2,7.45681E+20,5.31734E+21,1.22913E+16,4.79622E+16
71387,9.17011E+18,9,1,85,139,2017,1,17,2,3,2,6,0,1,0,0,0,2,1,6.67036E+20,5.39593E+21,1.12699E+16,4.8694E+16
71388,9.17011E+18,9,1,61,0,2017,1,17,2,3,2,6,0,1,0,0,0,2,1,6.80377E+20,5.40504E+21,1.1455E+16,4.87722E+16
71389,9.17011E+18,9,1,76,124,2017,1,6,2,3,4,2,0,1,0,0,0,2,0,6.71153E+20,5.41066E+21,1.13319E+16,4.88253E+16
71390,9.17011E+18,9,1,88,139,2017,1,8,2,3,5,3,0,1,0,0,0,0,1,6.69704E+20,5.31901E+21,1.12751E+16,4.80019E+16
71391,9.17011E+18,9,1,74,115,2017,1,8,2,3,4,1,0,1,0,0,0,0,1,6.80202E+20,5.34473E+21,1.14266E+16,4.82302E+16
71392,9.17011E+18,9,1,77,133,2017,1,5,2,3,5,3,0,1,0,0,0,2,2,7.11142E+20,5.35412E+21,1.18474E+16,4.8305E+16
71393,9.17011E+18,9,1,62,0,2017,1,7,1,3,4,6,0,1,0,0,0,2,1,6.94984E+20,5.33159E+21,1.16194E+16,4.81077E+16
71394,9.17011E+18,9,7,72,147,2017,1,7,1,2,8,1,0,1,0,0,0,2,2,6.31693E+20,5.36447E+21,1.07799E+16,4.84196E+16
71395,9.17011E+18,9,7,72,217,2017,1,17,1,2,9,1,0,1,0,0,0,2,2,6.3625E+20,5.38168E+21,1.08471E+16,4.85734E+16
71396,9.17011E+18,9,7,72,215,2017,1,1,1,3,8,1,0,1,0,0,0,2,2,6.34582E+20,5.34651E+21,1.08132E+16,4.82575E+16
71397,9.17011E+18,9,7,61,0,2017,1,15,1,2,0,6,0,1,0,0,0,0,2,6.43304E+20,5.35778E+21,1.09345E+16,4.83569E+16
71398,9.17011E+18,9,7,71,165,2017,1,14,1,3,8,1,0,1,0,0,0,0,2,6.58194E+20,5.36256E+21,1.11372E+16,4.83963E+16
71399,9.17011E+18,9,6,75,141,2017,1,20,1,3,3,6,1,1,0,0,0,2,1,5.83556E+20,5.50996E+21,1.01596E+16,4.97363E+16
71400,9.17011E+18,9,6,77,127,2017,1,3,1,2,6,4,0,0,1,1,0,2,2,5.6137E+20,5.54071E+21,9.8566E+15,5.00155E+16
71401,9.17011E+18,9,6,78,193,2017,1,18,1,3,2,6,0,1,0,0,0,1,0,5.78769E+20,5.53918E+21,1.00991E+16,4.99998E+16
71402,9.17011E+18,9,6,72,127,2017,1,16,1,3,2,6,0,1,0,1,0,0,1,5.65103E+20,5.55247E+21,9.9107E+15,5.01209E+16
71403,9.17011E+18,9,5,72,126,2017,1,13,1,2,2,6,0,1,0,0,0,0,0,6.33935E+20,5.50644E+21,1.08572E+16,4.96956E+16
71404,9.17011E+18,9,5,74,152,2017,1,17,1,3,2,6,0,1,0,0,0,2,0,6.63691E+20,5.48256E+21,1.12596E+16,4.94736E+16
71405,9.17011E+18,9,5,74,152,2017,1,17,1,3,2,6,0,1,0,0,0,2,1,6.63691E+20,5.48256E+21,1.12596E+16,4.94736E+16
71406,9.17011E+18,9,5,74,152,2017,1,17,1,3,2,6,0,1,0,0,1,2,1,6.63691E+20,5.48256E+21,1.12596E+16,4.94736E+16
71407,9.17011E+18,9,5,74,112,2017,1,5,1,2,9,1,0,1,0,0,1,2,2,6.73885E+20,5.47561E+21,1.13971E+16,4.94083E+16
71408,9.17011E+18,9,5,76,151,2017,1,22,1,3,4,6,0,1,0,0,0,2,1,6.53917E+20,5.46855E+21,1.11193E+16,4.93502E+16
71409,9.17011E+18,9,5,76,121,2017,1,13,1,3,9,1,0,1,0,0,0,0,2,6.48797E+20,5.45178E+21,1.10426E+16,4.92007E+16
71410,9.17011E+18,9,4,75,162,2017,1,15,1,2,4,6,0,1,0,0,0,0,2,7.14E+20,5.57286E+21,1.20031E+16,5.02691E+16
71411,9.17011E+18,9,4,72,119,2017,1,1,1,3,8,1,0,1,0,0,0,2,2,6.86845E+20,5.54136E+21,1.1607E+16,4.99953E+16
71412,9.17011E+18,9,4,72,167,2017,1,15,1,2,0,7,1,0,0,0,0,0,2,6.759E+20,5.53095E+21,1.14497E+16,4.99051E+16
71413,9.17011E+18,9,3,74,118,2017,1,16,1,2,9,1,0,1,0,0,0,0,2,7.51645E+20,5.49849E+21,1.24819E+16,4.95865E+16
71414,9.17011E+18,9,3,77,133,2017,1,20,1,2,9,1,0,1,0,0,0,2,1,7.11606E+20,5.53272E+21,1.19473E+16,4.99093E+16
71415,9.17011E+18,9,2,62,0,2017,1,3,1,3,8,6,0,1,0,0,0,2,2,8.24557E+20,5.38629E+21,1.3398E+16,4.85456E+16
71416,9.17011E+18,9,2,75,151,2017,1,0,1,3,2,6,0,1,0,0,1,2,2,8.19567E+20,5.3948E+21,1.33371E+16,4.86245E+16
71417,9.17011E+18,9,2,77,145,2017,1,10,1,3,8,1,0,1,0,0,0,0,2,7.94571E+20,5.35714E+21,1.29723E+16,4.82988E+16
71418,9.17011E+18,9,2,77,149,2017,1,1,1,3,8,1,0,1,0,0,0,2,2,7.94668E+20,5.36495E+21,1.2979E+16,4.83688E+16
71419,9.17011E+18,9,2,75,134,2017,1,5,1,3,8,1,0,1,0,0,0,2,2,8.23946E+20,5.37352E+21,1.33798E+16,4.84314E+16
71420,9.17011E+18,9,2,79,132,2017,1,10,1,3,4,1,0,1,0,0,0,0,2,7.69794E+20,5.39804E+21,1.26653E+16,4.86771E+16
71421,9.17011E+18,9,1,83,123,2017,1,18,1,3,8,1,0,1,0,0,0,2,2,7.39047E+20,5.34014E+21,1.22153E+16,4.81695E+16
71422,9.17011E+18,9,1,71,123,2017,1,16,1,3,4,1,0,1,0,0,0,2,2,7.84188E+20,5.34768E+21,1.28262E+16,4.82186E+16
71423,9.17011E+18,9,1,71,133,2017,1,15,1,3,8,1,0,1,0,0,0,0,2,7.66395E+20,5.34758E+21,1.25871E+16,4.82254E+16
71424,9.17011E+18,9,1,63,0,2017,1,5,1,3,5,3,0,1,0,0,1,2,2,7.33585E+20,5.3032E+21,1.21218E+16,4.78397E+16
71425,9.17011E+18,9,1,87,139,2017,1,13,1,3,2,6,0,1,0,0,0,0,1,7.45268E+20,5.3141E+21,1.22839E+16,4.79333E+16
71426,9.17011E+18,9,1,85,149,2017,1,0,1,3,1,6,0,1,0,0,1,2,2,6.58663E+20,5.39964E+21,1.11576E+16,4.87295E+16
71427,9.17011E+18,9,1,74,146,2017,1,10,1,3,0,6,0,1,0,0,0,0,2,6.67417E+20,5.35065E+21,1.12569E+16,4.82869E+16
71428,9.17011E+18,9,1,88,139,2017,1,9,1,3,2,6,0,1,0,0,0,0,2,6.74105E+20,5.31812E+21,1.13337E+16,4.79927E+16
71429,9.17011E+18,9,1,79,145,2017,1,0,1,3,9,1,0,1,0,0,0,2,2,6.74234E+20,5.33512E+21,1.13424E+16,4.81455E+16
71430,9.17011E+18,9,1,78,130,2017,1,6,1,3,9,1,0,1,0,0,0,2,2,7.03222E+20,5.35895E+21,1.17431E+16,4.8351E+16
71431,9.17011E+18,9,1,77,113,2017,1,4,1,3,8,1,0,1,0,0,0,2,2,7.18771E+20,5.35339E+21,1.19498E+16,4.82959E+16
71432,9.17011E+18,9,1,62,0,2017,1,16,7,3,2,6,0,1,0,0,0,2,1,6.87309E+20,5.33509E+21,1.1518E+16,4.81414E+16
71433,9.17011E+18,9,1,84,146,2017,1,12,7,3,1,6,0,1,0,0,0,0,1,6.97508E+20,5.32833E+21,1.16518E+16,4.80776E+16
71434,9.17011E+18,9,1,62,0,2017,1,11,7,2,2,6,0,1,0,0,0,0,2,6.98816E+20,5.33305E+21,1.16715E+16,4.81196E+16
71435,9.17011E+18,9,7,74,121,2017,1,18,7,3,2,6,0,1,0,0,0,2,0,6.04847E+20,5.36455E+21,1.04172E+16,4.84254E+16
71436,9.17011E+18,9,7,63,0,2017,1,12,7,2,8,1,0,1,0,0,0,0,0,5.99307E+20,5.29119E+21,1.03253E+16,4.77664E+16
71437,9.17011E+18,9,7,80,119,2017,1,17,7,3,2,6,0,1,0,0,0,2,1,5.97738E+20,5.29576E+21,1.03054E+16,4.78078E+16
71438,9.17011E+18,9,7,80,145,2017,1,15,7,3,5,3,0,1,0,1,0,0,2,6.0779E+20,5.27324E+21,1.04341E+16,4.76036E+16
71439,9.17011E+18,9,7,72,159,2017,1,9,7,3,9,1,0,1,0,0,0,0,1,6.24022E+20,5.3626E+21,1.06758E+16,4.84043E+16
71440,9.17011E+18,9,4,71,220,2017,1,14,7,3,3,7,0,1,0,0,0,0,0,6.16505E+20,5.51221E+21,1.06173E+16,4.97511E+16
71441,9.17011E+18,9,6,75,142,2017,1,22,7,3,9,1,0,1,0,0,0,2,2,5.9181E+20,5.51529E+21,1.02754E+16,4.97831E+16
71442,9.17011E+18,9,6,77,129,2017,1,20,7,3,8,1,0,1,0,0,0,2,1,5.332E+20,5.5488E+21,9.46412E+15,5.00905E+16
71443,9.17011E+18,9,6,73,116,2017,1,21,7,2,9,1,0,1,0,0,0,2,1,5.87224E+20,5.58118E+21,1.02267E+16,5.03762E+16
71444,9.17011E+18,9,6,72,135,2017,1,17,7,3,4,2,0,1,0,0,0,2,0,5.82964E+20,5.56422E+21,1.01631E+16,5.02244E+16
71445,9.17011E+18,9,6,62,0,2017,1,17,7,3,2,6,0,1,0,0,0,2,1,5.88627E+20,5.54414E+21,1.02378E+16,5.00429E+16
71446,9.17011E+18,9,6,76,125,2017,1,9,7,3,5,2,0,1,0,0,0,0,0,5.1562E+20,5.50852E+21,9.21673E+15,4.9729E+16
71447,9.17011E+18,9,6,71,140,2017,1,19,7,3,0,1,0,1,0,0,0,2,2,5.06153E+20,5.53732E+21,9.08583E+15,4.99882E+16
71448,9.17011E+18,9,5,72,115,2017,1,22,7,3,8,1,0,1,0,0,0,2,2,6.46824E+20,5.50218E+21,1.10342E+16,4.96543E+16
71449,9.17011E+18,9,5,74,123,2017,1,23,7,3,3,1,0,1,0,0,1,2,2,6.61041E+20,5.47424E+21,1.12196E+16,4.93995E+16
71450,9.17011E+18,9,5,76,121,2017,1,20,7,3,9,1,0,1,0,0,0,2,2,6.50044E+20,5.44815E+21,1.10584E+16,4.91678E+16
71451,9.17011E+18,9,5,64,0,2017,1,5,7,3,3,6,0,1,0,0,0,2,1,6.56644E+20,5.47648E+21,1.116E+16,4.94209E+16
71452,9.17011E+18,9,5,64,0,2017,1,23,7,3,0,1,0,1,0,0,0,2,2,6.47017E+20,5.47133E+21,1.10254E+16,4.9377E+16
71453,9.17011E+18,9,5,75,153,2017,1,21,7,3,9,1,0,1,0,0,0,2,2,6.13466E+20,5.49229E+21,1.05694E+16,4.95725E+16
71454,9.17011E+18,9,4,77,148,2017,1,23,7,2,8,1,0,1,0,0,0,2,2,6.83853E+20,5.56923E+21,1.15787E+16,5.02466E+16
71455,9.17011E+18,9,4,62,0,2017,1,8,7,3,5,3,0,1,0,0,1,0,0,6.86392E+20,5.53387E+21,1.15971E+16,4.99281E+16
71456,9.17011E+18,9,4,74,123,2017,1,14,7,3,5,3,0,1,0,0,0,0,1,6.51903E+20,5.51937E+21,1.11112E+16,4.98075E+16
71457,9.17011E+18,9,4,71,214,2017,1,21,7,3,9,1,0,1,0,0,0,2,2,6.39826E+20,5.54099E+21,1.09513E+16,5.00048E+16
71458,9.17011E+18,9,4,78,139,2017,1,13,7,3,2,6,0,1,0,0,0,0,0,6.50944E+20,5.55794E+21,1.1113E+16,5.01544E+16
71459,9.17011E+18,9,3,77,159,2017,1,9,7,3,8,1,0,1,0,0,0,0,1,7.25641E+20,5.53171E+21,1.21419E+16,4.98951E+16
71460,9.17011E+18,9,3,72,153,2017,1,13,7,3,2,2,0,1,0,0,1,0,0,7.57014E+20,5.45693E+21,1.25292E+16,4.92112E+16
71461,9.17011E+18,9,3,72,150,2017,1,13,7,3,2,2,0,1,0,0,0,0,2,7.51953E+20,5.4399E+21,1.24491E+16,4.90603E+16
71462,9.17011E+18,9,3,72,116,2017,1,1,7,3,2,6,0,1,0,0,0,2,2,7.67762E+20,5.45772E+21,1.26769E+16,4.92136E+16
71463,9.17011E+18,9,3,71,127,2017,1,16,7,3,5,3,0,1,0,0,0,2,2,7.12352E+20,5.49168E+21,1.19354E+16,4.95405E+16
71464,9.17011E+18,9,2,71,119,2017,1,14,7,3,4,6,0,1,0,0,0,0,0,7.94582E+20,5.41975E+21,1.30168E+16,4.88607E+16
71465,9.17011E+18,9,2,79,125,2017,1,5,7,2,8,1,0,1,0,0,0,2,1,7.63197E+20,5.39756E+21,1.25755E+16,4.86755E+16
71466,9.17011E+18,9,2,73,113,2017,1,21,7,3,8,1,0,1,0,0,0,2,2,7.01273E+20,5.39585E+21,1.17346E+16,4.86832E+16
71467,9.17011E+18,9,2,74,126,2017,1,20,7,3,5,3,0,1,0,0,0,2,2,7.33299E+20,5.38371E+21,1.21623E+16,4.85631E+16
71468,9.17011E+18,9,2,74,126,2017,1,18,7,3,5,3,0,1,0,0,0,2,0,7.33299E+20,5.38371E+21,1.21623E+16,4.85631E+16
71469,9.17011E+18,9,1,90,142,2017,1,12,7,2,8,1,0,0,0,0,1,0,1,6.61419E+20,5.2968E+21,1.11558E+16,4.78043E+16
71470,9.17011E+18,9,1,83,129,2017,1,19,7,3,8,1,0,1,0,0,0,2,2,7.61644E+20,5.36416E+21,1.25335E+16,4.83763E+16
71471,9.17011E+18,9,1,71,114,2017,1,22,7,3,4,1,0,1,0,0,0,2,2,7.8003E+20,5.34459E+21,1.27683E+16,4.81927E+16
71472,9.17011E+18,9,1,82,123,2017,1,17,7,3,2,6,0,1,0,0,0,2,1,7.16406E+20,5.30128E+21,1.18916E+16,4.78285E+16
71473,9.17011E+18,9,1,63,0,2017,1,16,7,3,4,6,0,1,0,0,0,0,1,7.35018E+20,5.30368E+21,1.21412E+16,4.78435E+16
71474,9.17011E+18,9,7,71,129,2017,1,23,7,3,9,1,0,1,0,0,0,2,2,6.60387E+20,5.35548E+21,1.11641E+16,4.83321E+16
71475,9.17011E+18,9,1,79,142,2017,1,12,7,3,5,3,0,1,0,0,0,0,0,6.7276E+20,5.34077E+21,1.13249E+16,4.81966E+16
71476,9.17011E+18,9,1,79,128,2017,1,8,7,1,9,1,0,1,0,0,0,0,1,6.57909E+20,5.34319E+21,1.11261E+16,4.82222E+16
71477,9.17011E+18,9,1,79,121,2017,1,11,7,3,5,3,0,1,0,0,0,0,2,6.67657E+20,5.33852E+21,1.12554E+16,4.81778E+16
71478,9.17011E+18,9,1,78,133,2017,1,21,7,2,9,1,0,1,0,0,0,2,2,6.8853E+20,5.36692E+21,1.15486E+16,4.84272E+16
71479,9.17011E+18,9,1,77,117,2017,1,14,7,3,4,2,0,1,0,0,0,0,0,7.14485E+20,5.35542E+21,1.18931E+16,4.83156E+16
71480,9.17011E+18,9,1,77,115,2017,1,17,7,3,5,3,0,1,0,0,0,2,1,7.34091E+20,5.35109E+21,1.21548E+16,4.82697E+16
71481,9.17011E+18,9,7,75,129,2017,1,23,6,2,9,6,0,1,0,0,0,2,0,5.82722E+20,5.34605E+21,1.01146E+16,4.82623E+16
71482,9.17011E+18,9,7,75,129,2017,1,23,6,3,5,3,0,1,0,0,0,2,0,5.81856E+20,5.34265E+21,1.01023E+16,4.82318E+16
71483,9.17011E+18,9,7,77,153,2017,1,6,6,2,9,1,0,1,0,0,0,2,2,6.14222E+20,5.27749E+21,1.05207E+16,4.76407E+16
71484,9.17011E+18,9,6,75,174,2017,1,10,6,3,2,2,0,1,0,0,0,0,0,5.88203E+20,5.52672E+21,1.02279E+16,4.98864E+16
71485,9.17011E+18,9,6,74,180,2017,1,13,6,2,8,1,0,1,0,0,0,0,0,6.02657E+20,5.54361E+21,1.04335E+16,5.00359E+16
71486,9.17011E+18,9,6,72,135,2017,1,12,6,3,9,1,0,1,0,0,0,0,2,5.86507E+20,5.56867E+21,1.02137E+16,5.02638E+16
71487,9.17011E+18,9,6,71,155,2017,1,13,6,3,2,6,0,1,0,0,1,0,0,5.03688E+20,5.53685E+21,9.05145E+15,4.9984E+16
71488,9.17011E+18,9,5,72,133,2017,1,13,6,3,2,6,0,1,0,0,0,0,0,6.38245E+20,5.50002E+21,1.09147E+16,4.96369E+16
71489,9.17011E+18,9,5,72,133,2017,1,13,6,2,2,6,0,1,0,0,1,0,0,6.38543E+20,5.4991E+21,1.09185E+16,4.96285E+16
71490,9.17011E+18,9,5,74,112,2017,1,21,6,3,3,6,0,1,0,0,0,2,0,6.6989E+20,5.4725E+21,1.13408E+16,4.93815E+16
71491,9.17011E+18,9,5,72,133,2017,1,15,6,3,2,6,0,1,0,0,0,0,1,6.38537E+20,5.49909E+21,1.09184E+16,4.96285E+16
71492,9.17011E+18,9,5,77,122,2017,1,10,6,3,8,1,0,1,0,0,0,0,2,6.31757E+20,5.43498E+21,1.08034E+16,4.90536E+16
71493,9.17011E+18,9,5,71,145,2017,1,16,6,3,1,6,0,1,0,0,0,1,0,5.96809E+20,5.44622E+21,1.03279E+16,4.91611E+16
71494,9.17011E+18,9,4,75,171,2017,1,22,6,3,1,5,0,1,0,0,0,2,2,6.95814E+20,5.57745E+21,1.17506E+16,5.03166E+16
71495,9.17011E+18,9,4,78,111,2017,1,12,6,3,9,1,0,1,0,0,0,0,2,6.59145E+20,5.5544E+21,1.12263E+16,5.01205E+16
71496,9.17011E+18,9,4,72,146,2017,1,16,6,3,1,6,0,1,0,0,0,0,0,6.86338E+20,5.52906E+21,1.1594E+16,4.98849E+16
71497,9.17011E+18,9,4,77,121,2017,1,9,6,3,4,2,0,1,0,0,0,0,1,6.87017E+20,5.54813E+21,1.16127E+16,5.0056E+16
71498,9.17011E+18,9,4,77,135,2017,1,17,6,2,4,2,0,1,0,0,0,2,1,6.82105E+20,5.55611E+21,1.1548E+16,5.01292E+16
71499,9.17011E+18,9,4,74,126,2017,1,19,6,3,2,6,0,1,0,0,0,2,1,6.49215E+20,5.50944E+21,1.10701E+16,4.9719E+16
71500,9.17011E+18,9,4,71,208,2017,1,13,6,3,8,1,0,1,0,0,0,0,0,6.2533E+20,5.52765E+21,1.07448E+16,4.98881E+16
71501,9.17011E+18,9,3,75,148,2017,1,1,6,3,9,1,0,1,0,0,0,2,0,7.0816E+20,5.4357E+21,1.18483E+16,4.9039E+16
71502,9.17011E+18,9,3,72,116,2017,1,22,6,3,2,6,0,1,0,0,0,2,0,7.6665E+20,5.45626E+21,1.26607E+16,4.92011E+16
71503,9.17011E+18,9,3,76,168,2017,1,6,6,3,2,6,0,1,0,0,0,2,0,7.28745E+20,5.46494E+21,1.21462E+16,4.92944E+16