OBJECTID,UIDENTSTLA,ULAND,UREGBEZ,UKREIS,UGEMEINDE,UJAHR,UMONAT,USTUNDE,UWOCHENTAG,UKATEGORIE,UART,UTYP1,IstRad,IstPKW,IstFuss,IstKrad,IstSonstig,LICHT,STRZUSTAND,LINREFX,LINREFY,XGCSWGS84,YGCSWGS84
71504,9.17011E+18,9,3,61,0,2017,1,18,6,3,2,6,0,1,0,0,0,2,0,7.0634E+20,5.48541E+21,1.18491E+16,4.94862E+16
71505,9.17011E+18,9,2,77,145,2017,1,9,6,3,5,3,1,1,0,0,0,0,1,7.98612E+20,5.35368E+21,1.30242E+16,4.82658E+16
71506,9.17011E+18,9,2,62,0,2017,1,13,6,3,2,6,0,1,0,0,0,0,1,8.25649E+20,5.38992E+21,1.34156E+16,4.85776E+16
71507,9.17011E+18,9,2,79,132,2017,1,11,6,3,9,1,0,1,0,0,0,0,0,7.652E+20,5.3994E+21,1.26039E+16,4.86912E+16
71508,9.17011E+18,9,1,80,117,2017,1,12,6,3,2,2,0,1,0,0,0,0,2,6.58897E+20,5.2619E+21,1.11095E+16,4.74911E+16
71509,9.17011E+18,9,1,80,127,2017,1,5,6,3,9,1,0,1,0,0,0,2,2,6.65615E+20,5.27739E+21,1.12045E+16,4.76287E+16
71510,9.17011E+18,9,1,84,114,2017,1,10,6,2,2,6,0,1,0,0,0,0,1,6.99856E+20,5.31906E+21,1.1679E+16,4.79936E+16
71511,9.17011E+18,9,1,87,129,2017,1,10,6,3,5,3,0,1,0,0,0,0,1,7.25583E+20,5.29664E+21,1.20116E+16,4.77836E+16
71512,9.17011E+18,9,1,61,0,2017,1,3,6,3,8,1,0,1,0,0,0,2,0,6.83093E+20,5.40631E+21,1.14925E+16,4.87828E+16
71513,9.17011E+18,9,1,62,0,2017,1,11,6,3,0,6,0,1,0,0,1,0,0,6.83907E+20,5.33301E+21,1.14714E+16,4.81238E+16
71514,9.17011E+18,9,1,75,132,2017,1,19,6,3,8,1,0,1,0,0,0,2,2,7.05446E+20,5.33581E+21,1.17619E+16,4.81424E+16
71515,9.17011E+18,9,1,75,123,2017,1,12,6,3,2,6,0,1,0,0,0,0,1,7.23987E+20,5.33729E+21,1.20115E+16,4.81494E+16
71516,9.17011E+18,9,7,75,135,2017,1,15,5,3,0,7,0,1,0,0,1,0,0,5.74893E+20,5.35629E+21,1.0011E+16,4.83554E+16
71517,9.17011E+18,9,7,74,144,2017,1,7,5,3,2,6,0,1,0,0,1,1,1,6.06171E+20,5.36318E+21,1.04348E+16,4.84128E+16
71518,9.17011E+18,9,7,75,135,2017,1,0,5,3,4,6,0,1,0,0,0,2,2,5.75211E+20,5.35959E+21,1.00158E+16,4.8385E+16
71519,9.17011E+18,9,7,75,142,2017,1,7,5,3,8,1,0,1,0,0,0,2,2,5.87797E+20,5.33086E+21,1.01798E+16,4.8125E+16
71520,9.17011E+18,9,7,75,129,2017,1,13,5,3,5,3,0,1,0,0,0,0,1,5.81926E+20,5.34172E+21,1.01031E+16,4.82234E+16
71521,9.17011E+18,9,7,77,173,2017,1,13,5,3,2,6,0,1,0,0,0,0,2,6.35643E+20,5.27502E+21,1.0805E+16,4.76144E+16
71522,9.17011E+18,9,7,80,124,2017,1,10,5,3,4,1,0,1,0,0,0,0,2,5.95399E+20,5.27366E+21,1.02693E+16,4.76093E+16
71523,9.17011E+18,9,7,80,124,2017,1,17,5,3,1,2,0,1,0,0,0,1,2,5.88233E+20,5.26893E+21,1.01731E+16,4.75678E+16
71524,9.17011E+18,9,7,72,163,2017,1,5,5,3,3,1,0,1,0,0,0,2,1,6.38841E+20,5.34927E+21,1.08715E+16,4.82814E+16
71525,9.17011E+18,9,7,72,125,2017,1,20,5,3,5,3,0,1,0,0,0,2,1,6.3655E+20,5.34885E+21,1.08405E+16,4.82782E+16
71526,9.17011E+18,9,7,72,202,2017,1,9,5,3,5,3,1,1,0,0,0,0,1,6.3638E+20,5.35778E+21,1.08411E+16,4.83584E+16
71527,9.17011E+18,9,7,61,0,2017,1,15,5,3,5,2,0,1,0,0,0,0,0,6.39228E+20,5.36087E+21,1.08805E+16,4.83857E+16
71528,9.17011E+18,9,7,71,113,2017,1,6,5,3,4,1,0,1,0,0,0,2,2,6.54558E+20,5.3644E+21,1.10888E+16,4.84138E+16
71529,9.17011E+18,9,6,79,144,2017,1,18,5,3,2,6,0,1,0,0,1,2,0,5.49111E+20,5.51304E+21,9.68199E+15,4.97678E+16
71530,9.17011E+18,9,6,75,111,2017,1,2,5,3,3,1,0,1,0,0,1,2,2,5.97596E+20,5.51448E+21,1.03555E+16,4.97749E+16
71531,9.17011E+18,9,6,77,203,2017,1,17,5,3,2,6,0,1,0,0,1,2,0,5.58679E+20,5.52953E+21,9.81735E+15,4.99153E+16
71532,9.17011E+18,9,6,77,203,2017,1,11,5,3,5,3,0,1,0,0,0,0,1,5.58173E+20,5.52705E+21,9.80992E+15,4.9893E+16
71533,9.17011E+18,9,6,77,148,2017,1,13,5,3,2,6,0,1,0,0,0,0,0,5.45805E+20,5.53875E+21,9.63913E+15,4.99993E+16
71534,9.17011E+18,9,6,78,138,2017,1,6,5,3,8,1,0,1,0,0,0,2,2,5.96449E+20,5.54086E+21,1.03462E+16,5.00122E+16
71535,9.17011E+18,9,6,72,121,2017,1,2,5,3,9,1,0,1,0,0,0,2,1,5.68206E+20,5.55556E+21,9.95465E+15,5.01483E+16
71536,9.17011E+18,9,6,78,130,2017,1,6,5,2,8,1,0,1,0,0,0,2,2,5.9424E+20,5.52705E+21,1.0312E+16,4.98885E+16
71537,9.17011E+18,9,6,78,132,2017,1,11,5,3,0,1,1,0,0,0,0,0,2,5.8299E+20,5.54408E+21,1.01591E+16,5.00432E+16
71538,9.17011E+18,9,6,62,0,2017,1,12,5,2,5,3,1,1,0,0,0,0,1,5.88068E+20,5.54535E+21,1.02302E+16,5.00539E+16
71539,9.17011E+18,9,6,76,116,2017,1,23,5,3,8,7,0,1,0,0,0,2,1,5.18851E+20,5.50617E+21,9.26145E+15,4.97078E+16
71540,9.17011E+18,9,6,71,121,2017,1,15,5,3,4,2,0,1,0,0,0,0,0,5.13584E+20,5.53824E+21,9.18953E+15,4.99964E+16
71541,9.17011E+18,9,5,76,151,2017,1,8,5,3,3,6,0,1,0,0,1,0,1,6.56455E+20,5.47113E+21,1.11552E+16,4.93728E+16
71542,9.17011E+18,9,5,76,122,2017,1,8,5,3,8,1,0,1,0,0,0,0,1,6.68441E+20,5.43778E+21,1.13062E+16,4.90698E+16
71543,9.17011E+18,9,5,76,151,2017,1,12,5,3,5,3,0,1,0,0,0,0,0,6.54297E+20,5.46866E+21,1.11246E+16,4.93511E+16
71544,9.17011E+18,9,5,76,143,2017,1,20,5,3,5,3,1,1,0,0,0,2,0,6.5244E+20,5.45733E+21,1.10947E+16,4.92498E+16
71545,9.17011E+18,9,5,76,137,2017,1,2,5,2,9,1,0,1,0,0,0,2,2,6.50189E+20,5.46371E+21,1.10662E+16,4.93077E+16
71546,9.17011E+18,9,5,63,0,2017,1,13,5,3,2,6,0,1,0,0,0,0,1,6.44096E+20,5.48412E+21,1.09898E+16,4.94926E+16
71547,9.17011E+18,9,5,64,0,2017,1,15,5,3,5,3,0,1,0,0,0,0,1,6.47091E+20,5.47096E+21,1.10263E+16,4.93736E+16
71548,9.17011E+18,9,5,77,161,2017,1,13,5,3,5,3,0,1,0,0,0,0,1,6.45764E+20,5.44161E+21,1.09973E+16,4.911E+16
71549,9.17011E+18,9,5,77,122,2017,1,13,5,3,5,3,0,1,0,0,0,0,0,6.31181E+20,5.43548E+21,1.07956E+16,4.90582E+16
71550,9.17011E+18,9,5,71,115,2017,1,7,5,2,8,7,0,1,0,0,0,1,2,6.11685E+20,5.44765E+21,1.05322E+16,4.91715E+16
71551,9.17011E+18,9,5,71,216,2017,1,9,5,3,9,1,0,1,0,0,0,0,2,6.20108E+20,5.45191E+21,1.0649E+16,4.92082E+16
71552,9.17011E+18,9,4,75,113,2017,1,0,5,2,9,6,0,0,0,0,1,2,2,6.98075E+20,5.58282E+21,1.17851E+16,5.03641E+16
71553,9.17011E+18,9,4,75,182,2017,1,9,5,3,0,7,0,1,0,0,1,0,2,7.11553E+20,5.58387E+21,1.1975E+16,5.03688E+16
71554,9.17011E+18,9,4,79,161,2017,1,14,5,3,2,3,0,1,0,0,1,0,1,7.10113E+20,5.54566E+21,1.19336E+16,5.00262E+16
71555,9.17011E+18,9,4,72,139,2017,1,10,5,3,5,3,0,1,0,0,0,0,2,6.9602E+20,5.55283E+21,1.17408E+16,5.00954E+16
71556,9.17011E+18,9,4,71,123,2017,1,10,5,3,2,6,0,1,0,0,0,0,1,6.4546E+20,5.5182E+21,1.10213E+16,4.97986E+16
71557,9.17011E+18,9,4,71,123,2017,1,10,5,3,2,7,0,1,0,0,0,0,1,6.45891E+20,5.51766E+21,1.10271E+16,4.97937E+16
71558,9.17011E+18,9,4,71,111,2017,1,10,5,3,2,6,0,1,0,0,0,0,1,6.45967E+20,5.5176E+21,1.10281E+16,4.97931E+16
71559,9.17011E+18,9,4,71,111,2017,1,10,5,3,2,6,0,1,0,0,0,0,1,6.46033E+20,5.51752E+21,1.1029E+16,4.97924E+16
71560,9.17011E+18,9,3,63,0,2017,1,7,5,2,4,1,0,1,0,0,0,0,2,7.32059E+20,5.50803E+21,1.2217E+16,4.96801E+16
71561,9.17011E+18,9,3,72,128,2017,1,13,5,3,4,6,0,1,0,0,0,0,2,7.71536E+20,5.47139E+21,1.27379E+16,4.93347E+16
71562,9.17011E+18,9,3,73,121,2017,1,15,5,2,4,1,0,1,0,0,0,0,2,6.89477E+20,5.43142E+21,1.1591E+16,4.90066E+16
71563,9.17011E+18,9,3,76,117,2017,1,13,5,3,1,1,0,1,0,0,0,0,0,7.41662E+20,5.46093E+21,1.23211E+16,4.92533E+16
71564,9.17011E+18,9,2,75,154,2017,1,14,5,3,4,1,0,1,0,0,0,0,1,8.03051E+20,5.39042E+21,1.31104E+16,4.85934E+16
71565,9.17011E+18,9,2,75,124,2017,1,6,5,3,8,1,0,1,0,0,0,2,1,8.10934E+20,5.37116E+21,1.32027E+16,4.84168E+16
71566,9.17011E+18,9,2,72,118,2017,1,3,5,3,9,1,0,1,0,0,0,2,2,8.35024E+20,5.4199E+21,1.35666E+16,4.88415E+16
71567,9.17011E+18,9,2,77,119,2017,1,4,5,3,9,6,0,1,0,0,1,2,2,7.76472E+20,5.37239E+21,1.27388E+16,4.84439E+16
71568,9.17011E+18,9,2,74,134,2017,1,8,5,3,9,1,0,1,0,0,0,0,1,7.37836E+20,5.37571E+21,1.22191E+16,4.84894E+16
71569,9.17011E+18,9,2,74,174,2017,1,7,5,3,8,1,0,1,0,0,0,1,1,7.42613E+20,5.39506E+21,1.22949E+16,4.86614E+16
71570,9.17011E+18,9,2,79,113,2017,1,13,5,3,5,3,0,1,0,0,0,0,0,7.84289E+20,5.392E+21,1.28576E+16,4.86164E+16
71571,9.17011E+18,9,2,73,137,2017,1,13,5,3,2,5,0,1,0,0,0,0,1,7.1166E+20,5.42118E+21,1.18886E+16,4.89074E+16
71572,9.17011E+18,9,1,89,145,2017,1,14,5,3,5,3,0,1,0,0,0,0,2,7.75835E+20,5.30195E+21,1.26846E+16,4.78117E+16
71573,9.17011E+18,9,1,71,113,2017,1,15,5,3,5,3,0,1,0,0,0,0,0,7.77421E+20,5.34154E+21,1.27313E+16,4.81665E+16
71574,9.17011E+18,9,1,87,132,2017,1,7,5,3,9,1,0,1,0,0,0,1,1,7.46404E+20,5.29977E+21,1.22909E+16,4.78041E+16
71575,9.17011E+18,9,1,87,118,2017,1,3,5,3,5,3,0,1,0,0,1,2,2,7.52942E+20,5.30044E+21,1.23785E+16,4.78076E+16
71576,9.17011E+18,9,1,87,148,2017,1,17,5,3,1,3,0,1,0,0,0,2,2,7.39581E+20,5.27785E+21,1.21879E+16,4.76097E+16
71577,9.17011E+18,9,1,87,148,2017,1,13,5,3,4,1,0,1,0,0,0,0,2,7.39034E+20,5.2772E+21,1.21803E+16,4.7604E+16
71578,9.17011E+18,9,1,87,157,2017,1,14,5,3,8,1,0,1,0,0,0,0,2,7.36947E+20,5.28565E+21,1.21571E+16,4.76808E+16
71579,9.17011E+18,9,1,82,124,2017,1,22,5,3,9,1,0,1,0,0,0,2,2,7.06434E+20,5.28184E+21,1.17493E+16,4.7657E+16
71580,9.17011E+18,9,1,87,117,2017,1,7,5,3,2,6,0,1,0,0,0,0,0,7.26676E+20,5.3049E+21,1.20305E+16,4.78575E+16
71581,9.17011E+18,9,1,85,153,2017,1,14,5,2,2,6,0,1,0,0,0,0,1,6.52054E+20,5.40168E+21,1.10686E+16,4.87495E+16
71582,9.17011E+18,9,1,85,168,2017,1,0,5,3,9,1,0,1,0,0,0,2,2,6.72901E+20,5.39625E+21,1.13497E+16,4.86953E+16
71583,9.17011E+18,9,1,85,127,2017,1,14,5,3,5,3,0,1,0,0,0,0,0,6.53952E+20,5.38604E+21,1.10886E+16,4.86085E+16
71584,9.17011E+18,9,1,61,0,2017,1,13,5,3,2,6,0,1,0,0,0,0,1,6.79641E+20,5.4002E+21,1.14429E+16,4.87289E+16
71585,9.17011E+18,9,1,62,0,2017,1,23,5,3,9,1,0,1,0,0,0,2,0,6.80437E+20,5.34188E+21,1.14286E+16,4.82045E+16
71586,9.17011E+18,9,1,88,145,2017,1,8,5,3,4,5,0,1,0,0,1,0,2,6.64076E+20,5.3268E+21,1.12027E+16,4.80734E+16
71587,9.17011E+18,9,1,78,113,2017,1,3,5,3,8,1,0,1,0,0,1,2,2,6.91497E+20,5.36926E+21,1.15897E+16,4.84473E+16
71588,9.1701E+18,9,1,62,0,2017,1,18,4,3,9,1,0,1,0,0,0,2,2,6.95439E+20,5.32981E+21,1.16247E+16,4.80915E+16
71589,9.1701E+18,9,1,62,0,2017,1,13,4,2,5,3,1,1,0,0,0,0,1,6.88446E+20,5.32853E+21,1.15303E+16,4.80821E+16
71590,9.1701E+18,9,1,84,119,2017,1,11,4,3,9,1,0,1,0,0,0,0,2,6.97782E+20,5.34629E+21,1.16638E+16,4.82389E+16
71591,9.1701E+18,9,1,62,0,2017,1,22,4,3,5,3,0,1,0,0,1,2,2,6.85304E+20,5.33534E+21,1.14912E+16,4.81443E+16
71592,9.1701E+18,9,1,62,0,2017,1,16,4,3,2,6,0,1,0,0,0,0,1,7.01473E+20,5.33229E+21,1.17068E+16,4.8112E+16
71593,9.1701E+18,9,1,84,121,2017,1,6,4,3,8,1,0,1,0,0,0,2,1,7.02593E+20,5.32964E+21,1.17206E+16,4.80878E+16
71594,9.1701E+18,9,7,78,116,2017,1,14,4,3,5,3,0,1,0,0,0,0,2,6.20008E+20,5.31891E+21,1.06092E+16,4.80122E+16
71595,9.1701E+18,9,7,80,125,2017,1,15,4,3,9,1,0,1,0,0,0,0,2,5.98787E+20,5.29274E+21,1.03187E+16,4.77804E+16
71596,9.1701E+18,9,7,77,149,2017,1,9,4,2,8,1,0,1,0,0,0,0,2,6.20854E+20,5.28631E+21,1.06114E+16,4.77189E+16
71597,9.1701E+18,9,7,76,115,2017,1,8,4,2,4,6,0,1,0,0,1,0,1,5.57354E+20,5.27145E+21,9.7629E+15,4.75939E+16
71598,9.1701E+18,9,7,80,124,2017,1,6,4,3,5,3,0,1,0,0,0,1,2,5.94245E+20,5.268E+21,1.02528E+16,4.75586E+16
71599,9.1701E+18,9,7,77,140,2017,1,17,4,3,8,1,0,1,0,0,0,2,2,6.28E+20,5.31646E+21,1.07156E+16,4.79886E+16
71600,9.1701E+18,9,7,79,181,2017,1,13,4,3,8,1,0,1,0,0,0,0,2,6.35174E+20,5.38975E+21,1.08352E+16,4.86462E+16
71601,9.1701E+18,9,7,71,130,2017,1,0,4,3,2,6,0,1,0,0,1,2,1,6.47896E+20,5.36278E+21,1.09982E+16,4.84008E+16
71602,9.1701E+18,9,7,72,163,2017,1,13,4,3,9,1,0,1,0,0,0,0,2,6.41296E+20,5.34744E+21,1.0904E+16,4.82644E+16
71603,9.1701E+18,9,6,79,154,2017,1,16,4,3,8,1,0,1,0,0,0,2,2,5.59511E+20,5.50904E+21,9.82579E+15,4.97309E+16
71604,9.1701E+18,9,6,79,156,2017,1,14,4,2,5,3,0,1,0,0,0,0,0,5.74085E+20,5.52264E+21,1.00306E+16,4.98516E+16
71605,9.1701E+18,9,6,79,176,2017,1,15,4,3,2,6,0,1,0,0,1,0,1,5.67825E+20,5.50504E+21,9.94044E+15,4.9694E+16
71606,9.1701E+18,9,6,63,0,2017,1,9,4,3,5,3,0,1,0,0,0,0,1,5.67916E+20,5.51229E+21,9.94297E+15,4.97592E+16
71607,9.1701E+18,9,6,75,127,2017,1,9,4,3,9,1,0,1,0,0,0,1,2,6.02578E+20,5.5167E+21,1.04253E+16,4.9794E+16
71608,9.1701E+18,9,6,75,141,2017,1,22,4,3,9,1,0,1,0,0,0,2,2,5.87466E+20,5.51165E+21,1.02142E+16,4.9751E+16
71609,9.1701E+18,9,6,73,171,2017,1,7,4,2,8,1,0,1,0,0,0,1,2,5.88217E+20,5.56943E+21,1.02379E+16,5.02705E+16
71610,9.1701E+18,9,6,78,181,2017,1,3,4,3,9,1,0,1,0,0,0,2,2,5.96946E+20,5.55768E+21,1.03574E+16,5.01634E+16
71611,9.1701E+18,9,6,72,163,2017,1,13,4,3,9,1,0,1,0,0,0,0,1,5.62558E+20,5.57675E+21,9.87912E+15,5.03395E+16
71612,9.1701E+18,9,6,71,136,2017,1,14,4,2,0,1,0,1,0,0,0,0,1,5.03409E+20,5.541E+21,9.04759E+15,5.00213E+16
71613,9.1701E+18,9,3,73,140,2017,1,8,4,3,8,1,0,0,0,0,1,2,2,6.783E+20,5.47698E+21,1.14585E+16,4.94194E+16
71614,9.1701E+18,9,5,76,142,2017,1,6,4,3,8,1,0,1,0,0,0,2,2,6.4246E+20,5.46959E+21,1.0962E+16,4.93624E+16
71615,9.1701E+18,9,5,64,0,2017,1,16,4,3,2,6,0,1,0,0,0,1,1,6.47628E+20,5.47942E+21,1.10368E+16,4.94495E+16
71616,9.1701E+18,9,5,77,173,2017,1,13,4,3,0,7,0,0,0,0,1,0,2,6.39727E+20,5.42284E+21,1.09082E+16,4.89427E+16
71617,9.1701E+18,9,5,77,173,2017,1,17,4,2,6,4,0,1,1,0,0,1,2,6.39831E+20,5.42424E+21,1.09101E+16,4.89553E+16
71618,9.1701E+18,9,5,71,152,2017,1,13,4,3,8,1,0,1,0,0,0,0,2,5.87833E+20,5.46842E+21,1.02097E+16,4.93621E+16
71619,9.1701E+18,9,5,71,193,2017,1,5,4,3,8,1,0,1,0,0,0,2,2,5.86863E+20,5.47189E+21,1.01971E+16,4.93935E+16
71620,9.1701E+18,9,5,75,150,2017,1,12,4,3,8,1,0,1,0,0,0,0,2,6.14132E+20,5.50137E+21,1.05812E+16,4.9654E+16
71621,9.1701E+18,9,5,75,145,2017,1,8,4,3,4,1,0,1,0,0,0,0,2,6.19096E+20,5.48219E+21,1.06442E+16,4.94807E+16
71622,9.1701E+18,9,5,75,152,2017,1,21,4,2,9,1,0,1,0,0,0,2,2,6.22665E+20,5.48173E+21,1.06933E+16,4.94758E+16
71623,9.1701E+18,9,5,71,145,2017,1,13,4,3,9,1,0,1,0,0,0,0,2,5.97769E+20,5.45015E+21,1.0342E+16,4.91964E+16
71624,9.1701E+18,9,5,71,136,2017,1,9,4,3,8,1,0,1,0,0,0,1,2,5.93122E+20,5.43582E+21,1.02749E+16,4.90682E+16
71625,9.1701E+18,9,5,75,112,2017,1,6,4,3,8,7,0,1,0,0,0,2,2,5.98249E+20,5.48442E+21,1.0357E+16,4.95044E+16
71626,9.1701E+18,9,4,79,166,2017,1,9,4,3,8,1,0,1,0,0,0,0,2,7.05567E+20,5.55586E+21,1.18757E+16,5.01193E+16
71627,9.1701E+18,9,4,75,171,2017,1,10,4,3,8,1,0,1,0,0,0,0,2,6.9487E+20,5.57669E+21,1.17369E+16,5.03101E+16
71628,9.1701E+18,9,4,74,126,2017,1,21,4,1,9,1,0,1,0,0,0,2,1,6.50116E+20,5.50685E+21,1.10816E+16,4.96954E+16
71629,9.1701E+18,9,4,71,185,2017,1,8,4,3,8,1,0,1,0,0,0,0,2,6.44817E+20,5.53855E+21,1.102E+16,4.99817E+16
71630,9.1701E+18,9,4,71,173,2017,1,8,4,3,8,1,0,1,0,0,0,0,1,6.21914E+20,5.52998E+21,1.0698E+16,4.99098E+16
71631,9.1701E+18,9,3,77,131,2017,1,8,4,3,8,1,0,1,0,0,0,0,2,7.29961E+20,5.54561E+21,1.22103E+16,5.00184E+16
71632,9.1701E+18,9,3,77,148,2017,1,15,4,2,9,1,0,1,0,0,0,0,2,7.17117E+20,5.53762E+21,1.20267E+16,4.99514E+16
71633,9.1701E+18,9,3,77,129,2017,1,13,4,3,4,7,0,1,0,0,0,0,2,7.05654E+20,5.52558E+21,1.18607E+16,4.98474E+16
71634,9.1701E+18,9,3,74,149,2017,1,15,4,3,8,3,0,1,0,0,0,0,1,7.13705E+20,5.51136E+21,1.19648E+16,4.97167E+16
71635,9.1701E+18,9,3,75,148,2017,1,7,4,3,9,1,0,1,0,0,0,1,2,7.01451E+20,5.44057E+21,1.17591E+16,4.9085E+16
71636,9.1701E+18,9,3,72,153,2017,1,9,4,2,2,2,0,1,0,0,1,0,2,7.53913E+20,5.45619E+21,1.24862E+16,4.92058E+16
71637,9.1701E+18,9,3,72,142,2017,1,5,4,3,8,3,0,1,0,0,1,2,2,7.59278E+20,5.44686E+21,1.25537E+16,4.91199E+16
71638,9.1701E+18,9,3,75,165,2017,1,13,4,3,0,6,0,1,0,0,0,0,1,7.2617E+20,5.43688E+21,1.20951E+16,4.90432E+16
71639,9.1701E+18,9,3,73,121,2017,1,19,4,3,4,2,0,1,0,0,0,2,1,6.88122E+20,5.43417E+21,1.15737E+16,4.90317E+16
71640,9.1701E+18,9,3,72,177,2017,1,6,4,2,4,1,0,1,0,0,0,2,2,7.71552E+20,5.45193E+21,1.2725E+16,4.916E+16
71641,9.1701E+18,9,3,76,151,2017,1,18,4,3,8,1,0,1,0,0,0,2,2,7.5009E+20,5.48272E+21,1.24504E+16,4.94456E+16
71642,9.1701E+18,9,3,76,117,2017,1,5,4,3,8,1,0,1,0,0,0,2,2,7.4676E+20,5.46001E+21,1.23905E+16,4.9243E+16
71643,9.1701E+18,9,3,71,156,2017,1,13,4,2,8,1,0,1,0,0,0,0,2,7.05509E+20,5.49783E+21,1.18441E+16,4.95981E+16
71644,9.1701E+18,9,3,71,135,2017,1,14,4,3,8,1,0,1,0,0,0,0,2,6.91572E+20,5.49608E+21,1.16506E+16,4.95869E+16
71645,9.1701E+18,9,3,71,121,2017,1,16,4,3,4,6,0,1,0,0,0,2,2,7.09681E+20,5.50261E+21,1.19043E+16,4.96396E+16
71646,9.1701E+18,9,3,71,121,2017,1,6,4,2,2,6,0,1,0,0,1,1,2,7.08195E+20,5.49489E+21,1.18797E+16,4.95707E+16
71647,9.1701E+18,9,2,63,0,2017,1,13,4,3,5,3,0,1,0,0,1,0,2,7.6181E+20,5.41976E+21,1.25709E+16,4.88755E+16
71648,9.1701E+18,9,2,75,133,2017,1,6,4,3,9,1,0,1,0,0,0,2,1,8.22772E+20,5.38529E+21,1.33731E+16,4.85375E+16
71649,9.1701E+18,9,2,75,116,2017,1,12,4,3,5,3,0,1,0,0,0,0,2,8.21953E+20,5.36513E+21,1.33465E+16,4.83571E+16
71650,9.1701E+18,9,2,75,124,2017,1,12,4,3,4,1,0,1,0,0,1,0,2,8.08736E+20,5.37515E+21,1.3176E+16,4.84536E+16
71651,9.1701E+18,9,2,75,143,2017,1,12,4,3,4,1,0,1,0,0,0,0,2,8.12908E+20,5.36676E+21,1.3226E+16,4.83763E+16
71652,9.1701E+18,9,2,72,138,2017,1,23,4,3,8,1,0,1,0,0,0,2,2,8.25812E+20,5.41291E+21,1.34359E+16,4.87837E+16
71653,9.1701E+18,9,2,77,119,2017,1,17,4,3,9,1,0,1,0,0,0,2,2,7.72574E+20,5.37168E+21,1.26857E+16,4.84392E+16
71654,9.1701E+18,9,2,77,121,2017,1,6,4,3,8,7,0,1,0,0,0,1,2,7.62911E+20,5.37448E+21,1.25571E+16,4.84684E+16
71655,9.1701E+18,9,2,74,184,2017,1,15,4,3,8,1,0,1,0,0,0,1,2,7.49122E+20,5.37081E+21,1.23687E+16,4.84411E+16
71656,9.1701E+18,9,2,74,134,2017,1,9,4,2,2,1,0,1,0,0,1,0,2,7.44115E+20,5.37354E+21,1.23027E+16,4.84676E+16
71657,9.1701E+18,9,2,74,134,2017,1,8,4,3,8,1,0,1,0,0,0,0,2,7.44131E+20,5.37353E+21,1.23029E+16,4.84675E+16
71658,9.1701E+18,9,2,74,127,2017,1,19,4,3,8,1,0,1,0,0,0,2,2,7.36609E+20,5.39486E+21,1.22134E+16,4.86619E+16
71659,9.1701E+18,9,2,73,115,2017,1,19,4,2,8,1,0,1,0,0,0,2,2,7.08747E+20,5.39263E+21,1.18344E+16,4.86518E+16
71660,9.1701E+18,9,2,79,112,2017,1,13,4,3,2,6,0,1,0,0,0,0,2,7.59293E+20,5.39456E+21,1.25207E+16,4.86502E+16
71661,9.1701E+18,9,1,90,153,2017,1,20,4,2,8,1,0,1,0,0,0,2,1,6.74322E+20,5.28814E+21,1.13245E+16,4.77231E+16
71662,9.1701E+18,9,1,73,123,2017,1,15,4,3,9,1,0,1,0,0,0,0,2,6.80019E+20,5.30429E+21,1.14071E+16,4.78667E+16
71663,9.1701E+18,9,1,90,120,2017,1,11,4,1,8,1,0,1,0,0,0,0,2,6.66993E+20,5.29561E+21,1.12298E+16,4.77922E+16
71664,9.1701E+18,9,1,80,115,2017,1,16,4,3,0,1,0,1,0,0,0,1,2,6.56241E+20,5.27129E+21,1.10776E+16,4.75762E+16
71665,9.1701E+18,9,1,89,145,2017,1,20,4,2,8,1,0,1,0,0,0,2,2,7.77618E+20,5.30398E+21,1.27097E+16,4.78292E+16
71666,9.1701E+18,9,1,83,113,2017,1,8,4,3,7,1,0,1,0,0,0,0,2,7.50829E+20,5.34463E+21,1.23762E+16,4.82053E+16
71667,9.1701E+18,9,1,89,155,2017,1,15,4,3,4,6,0,1,0,0,0,0,2,7.72614E+20,5.30961E+21,1.26465E+16,4.78819E+16
71668,9.1701E+18,9,1,89,154,2017,1,7,4,3,2,6,0,1,0,0,0,1,2,7.68892E+20,5.31469E+21,1.26E+16,4.79291E+16
71669,9.1701E+18,9,1,89,154,2017,1,16,4,3,5,3,0,1,0,0,0,2,2,7.65973E+20,5.31907E+21,1.25637E+16,4.79696E+16
71670,9.1701E+18,9,1,89,154,2017,1,7,4,3,9,7,0,1,0,0,0,1,2,7.68876E+20,5.31473E+21,1.25998E+16,4.79294E+16
71671,9.1701E+18,9,1,83,120,2017,1,7,4,3,8,1,0,1,0,0,0,1,2,7.5163E+20,5.34909E+21,1.23896E+16,4.8245E+16
71672,9.1701E+18,9,1,89,150,2017,1,16,4,2,5,1,0,1,0,0,0,2,2,7.78107E+20,5.3221E+21,1.27279E+16,4.79916E+16
71673,9.1701E+18,9,1,89,118,2017,1,17,4,3,4,1,0,1,0,0,0,2,2,7.88573E+20,5.31901E+21,1.28658E+16,4.79593E+16
71674,9.1701E+18,9,1,71,127,2017,1,14,4,3,8,1,0,1,0,0,0,0,2,7.68052E+20,5.36169E+21,1.26183E+16,4.83514E+16
71675,9.1701E+18,9,1,71,135,2017,1,11,4,2,2,1,0,1,0,0,0,0,2,7.69903E+20,5.34232E+21,1.26309E+16,4.81767E+16
71676,9.1701E+18,9,1,84,145,2017,1,18,4,3,2,6,0,1,0,0,0,2,2,6.93564E+20,5.32459E+21,1.15972E+16,4.80453E+16
71677,9.1701E+18,9,1,82,137,2017,1,13,4,3,9,1,0,1,0,0,0,0,2,7.11836E+20,5.30504E+21,1.18325E+16,4.78637E+16