OBJECTID,UIDENTSTLA,ULAND,UREGBEZ,UKREIS,UGEMEINDE,UJAHR,UMONAT,USTUNDE,UWOCHENTAG,UKATEGORIE,UART,UTYP1,IstRad,IstPKW,IstFuss,IstKrad,IstSonstig,LICHT,STRZUSTAND,LINREFX,LINREFY,XGCSWGS84,YGCSWGS84
71850,9.17011E+18,9,7,78,118,2017,1,12,4,3,5,3,0,1,0,0,0,0,0,5.91364E+20,5.31304E+21,1.0224E+16,4.79641E+16
71851,9.17011E+18,9,7,74,150,2017,1,14,4,3,5,3,1,1,0,0,0,1,1,6.01919E+20,5.34346E+21,1.03726E+16,4.82361E+16
71852,9.17011E+18,9,7,74,129,2017,1,14,4,3,8,7,0,1,0,0,0,0,2,5.96157E+20,5.33902E+21,1.0294E+16,4.81971E+16
71853,9.17011E+18,9,7,80,143,2017,1,9,4,3,9,1,0,1,0,0,0,0,2,5.91404E+20,5.27567E+21,1.02166E+16,4.7628E+16
71854,9.17011E+18,9,7,63,0,2017,1,19,4,3,5,3,0,1,0,0,1,2,1,5.97864E+20,5.28728E+21,1.03052E+16,4.77315E+16
71855,9.17011E+18,9,7,77,151,2017,1,11,4,3,3,3,0,0,0,0,1,0,1,6.17485E+20,5.29322E+21,1.05684E+16,4.77816E+16
71856,9.17011E+18,9,7,80,117,2017,1,17,4,3,4,1,0,1,0,0,0,2,2,5.94638E+20,5.28432E+21,1.02615E+16,4.77053E+16
71857,9.17011E+18,9,7,79,194,2017,1,18,4,3,6,2,0,1,1,0,0,2,1,6.09566E+20,5.41164E+21,1.04935E+16,4.88481E+16
71858,9.17011E+18,9,7,79,186,2017,1,5,4,3,5,3,0,1,0,0,1,2,1,6.35538E+20,5.41111E+21,1.08471E+16,4.88382E+16
71859,9.17011E+18,9,7,73,137,2017,1,22,4,3,8,1,0,1,0,0,0,2,2,6.00152E+20,5.38506E+21,1.03587E+16,4.86106E+16
71860,9.17011E+18,9,7,61,0,2017,1,7,4,3,2,6,0,1,0,0,0,0,1,6.39469E+20,5.35639E+21,1.08823E+16,4.83453E+16
71861,9.17011E+18,9,7,72,131,2017,1,14,4,3,9,1,0,0,0,0,1,0,0,6.20592E+20,5.35687E+21,1.06278E+16,4.83535E+16
71862,9.17011E+18,9,6,79,137,2017,1,19,4,3,4,6,0,1,0,0,0,2,2,5.63752E+20,5.50488E+21,9.88394E+15,4.96931E+16
71863,9.17011E+18,9,6,63,0,2017,1,13,4,3,3,6,0,1,0,0,1,0,1,5.67883E+20,5.51668E+21,9.94327E+15,4.97987E+16
71864,9.17011E+18,9,6,72,149,2017,1,11,4,3,8,6,0,1,0,0,0,0,1,5.62471E+20,5.56554E+21,9.87603E+15,5.02387E+16
71865,9.17011E+18,9,6,73,142,2017,1,23,4,1,8,1,0,0,0,0,1,2,1,5.93712E+20,5.58377E+21,1.03186E+16,5.03985E+16
71866,9.17011E+18,9,6,73,153,2017,1,16,4,3,4,1,0,1,0,0,0,2,2,5.87933E+20,5.5894E+21,1.02386E+16,5.045E+16
71867,9.17011E+18,9,6,74,147,2017,1,14,4,3,8,3,0,1,0,0,0,0,1,6.0792E+20,5.54294E+21,1.05068E+16,5.0029E+16
71868,9.17011E+18,9,6,78,138,2017,1,6,4,2,4,6,0,1,0,0,0,2,1,5.95724E+20,5.54111E+21,1.03361E+16,5.00146E+16
71869,9.17011E+18,9,6,78,138,2017,1,6,4,2,1,6,0,1,0,0,0,2,1,5.95777E+20,5.5411E+21,1.03368E+16,5.00145E+16
71870,9.17011E+18,9,6,72,117,2017,1,22,4,3,9,1,0,0,0,0,1,2,2,5.72722E+20,5.56741E+21,1.00201E+16,5.02544E+16
71871,9.17011E+18,9,6,72,135,2017,1,14,4,3,9,1,0,1,0,0,0,0,1,5.83523E+20,5.56637E+21,1.01714E+16,5.02436E+16
71872,9.17011E+18,9,6,62,0,2017,1,7,4,3,5,3,0,1,0,1,0,2,0,5.87275E+20,5.54609E+21,1.02193E+16,5.00607E+16
71873,9.17011E+18,9,6,71,156,2017,1,15,4,3,3,1,0,1,0,0,0,0,1,5.25377E+20,5.53071E+21,9.35357E+15,4.99282E+16
71874,9.17011E+18,9,6,71,157,2017,1,15,4,2,9,1,0,1,0,0,0,0,1,5.25462E+20,5.53022E+21,9.35471E+15,4.99238E+16
71875,9.17011E+18,9,5,72,126,2017,1,20,4,3,3,6,0,1,0,0,0,2,1,6.33885E+20,5.50659E+21,1.08566E+16,4.96969E+16
71876,9.17011E+18,9,5,76,132,2017,1,18,4,3,8,7,0,1,0,0,0,2,2,6.52346E+20,5.46546E+21,1.10965E+16,4.93228E+16
71877,9.17011E+18,9,5,72,133,2017,1,5,4,3,7,7,0,1,0,0,0,2,1,6.38807E+20,5.50085E+21,1.09227E+16,4.96442E+16
71878,9.17011E+18,9,5,62,0,2017,1,21,4,3,5,3,1,1,0,0,0,2,1,6.44617E+20,5.49541E+21,1.10012E+16,4.95939E+16
71879,9.17011E+18,9,5,72,137,2017,1,17,4,3,4,6,0,1,0,0,0,2,2,6.50078E+20,5.48835E+21,1.1074E+16,4.95292E+16
71880,9.17011E+18,9,5,74,147,2017,1,18,4,3,4,6,0,1,0,0,0,2,2,6.79919E+20,5.4866E+21,1.14852E+16,4.95053E+16
71881,9.17011E+18,9,5,74,157,2017,1,6,4,3,2,6,0,1,0,0,0,2,1,6.63527E+20,5.46995E+21,1.12521E+16,4.93603E+16
71882,9.17011E+18,9,5,74,112,2017,1,17,4,3,4,1,0,1,0,0,0,2,2,6.68715E+20,5.47056E+21,1.13238E+16,4.93644E+16
71883,9.17011E+18,9,5,74,157,2017,1,7,4,3,4,6,0,1,0,0,0,2,1,6.64923E+20,5.46845E+21,1.12707E+16,4.93464E+16
71884,9.17011E+18,9,5,64,0,2017,1,17,4,3,5,3,0,1,0,0,0,2,2,6.47848E+20,5.47997E+21,1.10401E+16,4.94543E+16
71885,9.17011E+18,9,5,73,133,2017,1,17,4,2,5,3,0,1,0,0,1,2,1,6.24813E+20,5.48246E+21,1.07232E+16,4.9482E+16
71886,9.17011E+18,9,4,75,154,2017,1,19,4,3,3,6,0,1,0,0,1,2,1,6.96061E+20,5.56079E+21,1.17454E+16,5.01669E+16
71887,9.17011E+18,9,4,73,141,2017,1,5,4,3,9,1,0,1,0,0,0,2,1,6.41246E+20,5.57305E+21,1.0983E+16,5.02927E+16
71888,9.17011E+18,9,4,76,175,2017,1,23,4,3,4,1,0,1,0,0,0,2,2,6.67419E+20,5.58723E+21,1.13565E+16,5.04133E+16
71889,9.17011E+18,9,4,78,111,2017,1,7,4,3,2,6,0,1,0,0,0,0,1,6.56535E+20,5.55345E+21,1.11894E+16,5.01126E+16
71890,9.17011E+18,9,4,73,112,2017,1,13,4,3,4,6,0,1,0,0,0,0,1,6.39902E+20,5.56637E+21,1.09617E+16,5.02329E+16
71891,9.17011E+18,9,4,72,127,2017,1,16,4,3,9,1,0,0,0,0,1,2,1,6.80985E+20,5.52676E+21,1.15185E+16,4.98659E+16
71892,9.17011E+18,9,4,71,214,2017,1,12,4,2,1,7,0,0,0,0,1,0,0,6.38729E+20,5.54137E+21,1.09361E+16,5.00085E+16
71893,9.17011E+18,9,4,71,155,2017,1,15,4,3,4,3,0,1,0,0,0,0,2,6.39896E+20,5.52979E+21,1.09482E+16,4.99041E+16
71894,9.17011E+18,9,4,71,165,2017,1,6,4,3,8,1,0,1,0,0,0,2,1,6.2654E+20,5.53344E+21,1.07635E+16,4.99399E+16
71895,9.17011E+18,9,4,61,0,2017,1,20,4,3,4,6,1,0,0,0,0,2,2,6.38051E+20,5.52825E+21,1.0922E+16,4.98907E+16
71896,9.17011E+18,9,3,74,149,2017,1,16,4,3,1,2,0,1,0,0,0,1,2,7.12167E+20,5.5162E+21,1.19461E+16,4.97608E+16
71897,9.17011E+18,9,3,74,117,2017,1,14,4,3,2,2,0,1,0,0,0,0,0,7.04152E+20,5.515E+21,1.18343E+16,4.97528E+16
71898,9.17011E+18,9,3,73,147,2017,1,7,4,2,8,1,0,0,0,0,1,1,2,6.83483E+20,5.46503E+21,1.15244E+16,4.93104E+16
71899,9.17011E+18,9,3,62,0,2017,1,18,4,3,8,1,0,1,0,0,0,2,2,7.27806E+20,5.43132E+21,1.21143E+16,4.89927E+16
71900,9.17011E+18,9,3,75,162,2017,1,18,4,3,8,1,0,1,0,0,0,2,2,7.12807E+20,5.43914E+21,1.19136E+16,4.90683E+16
71901,9.17011E+18,9,3,72,158,2017,1,19,4,3,9,1,0,1,0,0,0,2,2,7.60464E+20,5.45521E+21,1.25753E+16,4.91943E+16
71902,9.17011E+18,9,3,72,158,2017,1,15,4,3,8,1,0,1,0,0,0,0,2,7.61503E+20,5.45044E+21,1.25864E+16,4.9151E+16
71903,9.17011E+18,9,3,72,150,2017,1,11,4,3,9,1,0,1,0,0,0,0,2,7.51908E+20,5.43987E+21,1.24485E+16,4.90601E+16
71904,9.17011E+18,9,3,72,116,2017,1,14,4,3,8,1,0,1,0,0,0,0,0,7.64489E+20,5.45657E+21,1.26313E+16,4.92048E+16
71905,9.17011E+18,9,3,76,170,2017,1,23,4,3,8,7,0,1,0,0,0,2,2,7.26276E+20,5.4567E+21,1.21076E+16,4.92213E+16
71906,9.17011E+18,9,3,71,119,2017,1,9,4,3,8,1,0,1,0,0,0,0,0,6.93331E+20,5.49498E+21,1.16744E+16,4.95765E+16
71907,9.17011E+18,9,3,71,127,2017,1,17,4,3,5,3,0,1,0,0,0,2,2,7.13367E+20,5.49225E+21,1.19497E+16,4.95453E+16
71908,9.17011E+18,9,2,63,0,2017,1,12,4,3,4,6,0,1,0,0,0,0,0,7.63258E+20,5.41927E+21,1.25903E+16,4.88704E+16
71909,9.17011E+18,9,2,78,143,2017,1,6,4,3,2,2,0,1,0,0,0,2,1,7.71938E+20,5.44353E+21,1.27246E+16,4.90845E+16
71910,9.17011E+18,9,2,62,0,2017,1,15,4,3,4,2,0,1,0,0,0,0,0,8.28849E+20,5.38958E+21,1.34586E+16,4.85729E+16
71911,9.17011E+18,9,2,72,120,2017,1,10,4,3,8,1,0,1,0,0,0,0,1,8.20998E+20,5.41998E+21,1.33761E+16,4.88497E+16
71912,9.17011E+18,9,2,73,137,2017,1,22,4,2,9,1,0,1,0,0,0,2,2,7.13769E+20,5.42079E+21,1.19171E+16,4.89031E+16
71913,9.17011E+18,9,2,79,128,2017,1,22,4,3,8,1,0,1,0,0,0,2,2,7.52976E+20,5.39445E+21,1.24351E+16,4.86519E+16
71914,9.17011E+18,9,2,79,125,2017,1,13,4,3,0,6,0,1,0,0,1,0,0,7.66692E+20,5.39193E+21,1.26193E+16,4.86235E+16
71915,9.17011E+18,9,1,73,130,2017,1,5,4,3,2,6,0,1,0,0,0,2,2,6.79318E+20,5.31049E+21,1.14004E+16,4.79226E+16
71916,9.17011E+18,9,1,73,147,2017,1,9,4,3,5,3,0,1,0,0,0,0,1,6.80556E+20,5.30792E+21,1.14158E+16,4.78992E+16
71917,9.17011E+18,9,1,90,132,2017,1,14,4,2,8,1,0,1,0,0,0,0,2,6.72517E+20,5.29683E+21,1.13039E+16,4.78017E+16
71918,9.17011E+18,9,1,73,112,2017,1,16,4,3,6,7,0,1,1,0,0,0,2,6.92339E+20,5.29301E+21,1.15667E+16,4.77618E+16
71919,9.17011E+18,9,1,83,127,2017,1,20,4,2,2,1,0,1,0,0,1,2,2,7.59287E+20,5.35263E+21,1.24947E+16,4.82737E+16
71920,9.17011E+18,9,1,72,131,2017,1,7,4,3,4,1,0,1,0,0,0,0,2,7.81483E+20,5.29329E+21,1.27543E+16,4.77315E+16
71921,9.17011E+18,9,1,63,0,2017,1,13,4,3,5,3,0,1,0,0,1,0,1,7.33743E+20,5.30374E+21,1.21243E+16,4.78445E+16
71922,9.17011E+18,9,1,63,0,2017,1,8,4,3,5,2,0,1,0,0,0,0,2,7.34282E+20,5.30454E+21,1.21319E+16,4.78514E+16
71923,9.17011E+18,9,1,63,0,2017,1,9,4,3,8,1,0,1,0,0,0,0,1,7.2897E+20,5.30066E+21,1.20589E+16,4.78185E+16
71924,9.17011E+18,9,1,87,125,2017,1,1,4,3,8,1,0,1,0,0,0,2,2,7.52186E+20,5.31659E+21,1.23778E+16,4.79529E+16
71925,9.17011E+18,9,1,87,165,2017,1,5,4,3,4,2,0,1,0,0,0,2,2,7.30672E+20,5.29476E+21,1.20785E+16,4.77649E+16
71926,9.17011E+18,9,1,85,118,2017,1,14,4,3,2,6,0,1,0,0,0,0,1,6.66971E+20,5.40358E+21,1.12721E+16,4.87628E+16
71927,9.17011E+18,9,1,86,162,2017,1,15,4,3,9,7,0,1,0,0,0,0,1,6.9326E+20,5.38667E+21,1.16216E+16,4.86032E+16
71928,9.17011E+18,9,1,61,0,2017,1,7,4,2,3,1,0,1,0,0,1,0,1,6.76831E+20,5.39732E+21,1.14035E+16,4.87039E+16
71929,9.17011E+18,9,1,86,147,2017,1,9,4,3,4,2,0,1,0,0,0,0,1,6.85234E+20,5.39102E+21,1.15148E+16,4.86448E+16
71930,9.17011E+18,9,1,86,158,2017,1,13,4,3,5,2,0,1,0,0,0,0,1,6.92768E+20,5.40509E+21,1.16235E+16,4.8769E+16
71931,9.17011E+18,9,1,76,122,2017,1,22,4,3,9,1,0,1,0,0,0,2,1,6.62508E+20,5.40719E+21,1.12129E+16,4.87965E+16
71932,9.17011E+18,9,1,81,145,2017,1,18,4,2,4,1,0,1,0,0,0,2,2,6.47007E+20,5.32886E+21,1.09744E+16,4.80961E+16
71933,9.17011E+18,9,1,88,144,2017,1,8,4,3,5,2,0,1,0,0,0,0,1,6.65829E+20,5.3283E+21,1.12268E+16,4.80864E+16
71934,9.17011E+18,9,1,77,117,2017,1,11,4,3,4,1,0,1,0,0,0,0,1,7.14428E+20,5.35045E+21,1.18898E+16,4.82709E+16
71935,9.17011E+18,9,1,78,145,2017,1,15,4,3,2,1,0,1,0,0,0,0,0,6.97396E+20,5.35445E+21,1.16624E+16,4.83124E+16
71936,9.17011E+18,9,1,77,131,2017,1,10,4,3,5,3,0,1,0,0,0,0,1,7.11176E+20,5.34818E+21,1.18449E+16,4.82516E+16
71937,9.17011E+18,9,1,77,130,2017,1,11,4,3,2,6,0,1,0,0,0,0,1,7.12666E+20,5.35212E+21,1.1867E+16,4.82865E+16
71938,9.17011E+18,9,1,75,124,2017,1,15,4,3,5,2,0,1,0,0,0,0,1,7.12626E+20,5.32941E+21,1.18551E+16,4.80824E+16
71939,9.17011E+18,9,1,84,130,2017,1,8,3,3,3,6,1,1,0,0,0,0,1,6.98411E+20,5.34521E+21,1.16718E+16,4.82291E+16
71940,9.17011E+18,9,1,62,0,2017,1,19,3,3,7,1,0,1,0,0,0,2,0,6.94518E+20,5.335E+21,1.16147E+16,4.81385E+16
71941,9.17011E+18,9,1,62,0,2017,1,11,3,3,5,7,0,1,0,0,1,0,1,6.88302E+20,5.33398E+21,1.15308E+16,4.81312E+16
71942,9.17011E+18,9,1,84,112,2017,1,19,3,3,4,2,0,1,0,0,0,2,0,7.02432E+20,5.33756E+21,1.17222E+16,4.8159E+16
71943,9.17011E+18,9,1,62,0,2017,1,19,3,3,3,6,0,1,0,0,0,2,1,6.85995E+20,5.33527E+21,1.15004E+16,4.81434E+16
71944,9.17011E+18,9,7,78,216,2017,1,8,3,1,6,4,0,1,1,0,1,0,0,6.24724E+20,5.32085E+21,1.0673E+16,4.80288E+16
71945,9.17011E+18,9,7,75,126,2017,1,16,3,3,5,3,0,1,0,0,0,0,0,5.81933E+20,5.35908E+21,1.01065E+16,4.83795E+16
71946,9.17011E+18,9,7,78,115,2017,1,14,3,3,4,6,0,1,0,0,0,0,0,5.93104E+20,5.33081E+21,1.02511E+16,4.81237E+16
71947,9.17011E+18,9,7,78,203,2017,1,14,3,3,5,3,0,1,0,0,0,0,0,6.22611E+20,5.32637E+21,1.06462E+16,4.80788E+16
71948,9.17011E+18,9,7,79,117,2017,1,19,3,3,5,3,0,1,0,0,1,2,1,6.18631E+20,5.4294E+21,1.06221E+16,4.90061E+16
71949,9.17011E+18,9,7,71,130,2017,1,11,3,3,2,6,0,1,0,0,0,0,0,6.44439E+20,5.36312E+21,1.09516E+16,4.84047E+16
71950,9.17011E+18,9,7,71,130,2017,1,11,3,3,2,6,0,1,0,0,0,0,0,6.44381E+20,5.36314E+21,1.09509E+16,4.84048E+16
71951,9.17011E+18,9,7,71,130,2017,1,17,3,3,5,2,0,1,0,0,0,2,1,6.44696E+20,5.36321E+21,1.09552E+16,4.84054E+16
71952,9.17011E+18,9,7,61,0,2017,1,19,3,3,2,6,0,1,0,0,0,2,2,6.40862E+20,5.36047E+21,1.09025E+16,4.83816E+16
71953,9.17011E+18,9,7,71,140,2017,1,0,3,3,8,1,0,1,0,0,0,2,1,6.51621E+20,5.37142E+21,1.10516E+16,4.84776E+16
71954,9.17011E+18,9,7,71,112,2017,1,16,3,3,2,2,0,1,0,0,0,0,0,6.46492E+20,5.36916E+21,1.09815E+16,4.84585E+16
71955,9.17011E+18,9,6,74,180,2017,1,17,3,2,8,1,0,1,0,0,0,2,0,6.00797E+20,5.5399E+21,1.04066E+16,5.00029E+16
71956,9.17011E+18,9,6,74,164,2017,1,10,3,3,8,1,0,1,0,0,0,0,0,6.1175E+20,5.55043E+21,1.05624E+16,5.00956E+16
71957,9.17011E+18,9,6,73,114,2017,1,17,3,3,5,3,0,1,0,0,0,2,0,5.847E+20,5.57604E+21,1.019E+16,5.03303E+16
71958,9.17011E+18,9,5,74,155,2017,1,12,3,3,3,6,0,1,0,0,1,0,0,6.70496E+20,5.49591E+21,1.13592E+16,4.95917E+16
71959,9.17011E+18,9,5,72,135,2017,1,17,3,3,1,2,0,1,0,0,0,1,0,6.30976E+20,5.50647E+21,1.08162E+16,4.96965E+16
71960,9.17011E+18,9,5,72,131,2017,1,17,3,3,2,6,0,1,0,0,0,1,0,6.54495E+20,5.48492E+21,1.11336E+16,4.94972E+16
71961,9.17011E+18,9,5,76,111,2017,1,13,3,3,6,4,0,1,1,0,0,0,0,6.43018E+20,5.45619E+21,1.09649E+16,4.92418E+16
71962,9.17011E+18,9,5,76,143,2017,1,15,3,3,0,4,0,0,1,0,1,0,0,6.52107E+20,5.45727E+21,1.10901E+16,4.92493E+16
71963,9.17011E+18,9,5,76,137,2017,1,4,3,2,5,3,0,1,0,0,1,2,1,6.51789E+20,5.46242E+21,1.10877E+16,4.92957E+16
71964,9.17011E+18,9,5,74,157,2017,1,5,3,2,6,4,0,1,1,0,0,2,1,6.633E+20,5.47005E+21,1.1249E+16,4.93613E+16
71965,9.17011E+18,9,5,64,0,2017,1,11,3,3,2,6,0,1,0,0,0,0,1,6.53783E+20,5.48042E+21,1.11221E+16,4.94569E+16
71966,9.17011E+18,9,5,64,0,2017,1,12,3,3,5,2,0,1,0,0,0,0,1,6.52607E+20,5.4808E+21,1.1106E+16,4.94606E+16
71967,9.17011E+18,9,5,73,120,2017,1,11,3,2,4,6,0,1,0,0,0,0,2,6.27037E+20,5.48358E+21,1.07542E+16,4.94915E+16
71968,9.17011E+18,9,5,77,148,2017,1,7,3,3,9,7,0,1,0,0,0,2,2,6.40928E+20,5.41858E+21,1.09231E+16,4.89041E+16
71969,9.17011E+18,9,5,71,180,2017,1,7,3,3,5,3,0,1,0,0,0,2,0,6.30542E+20,5.46352E+21,1.0796E+16,4.93104E+16
71970,9.17011E+18,9,5,71,145,2017,1,14,3,3,8,1,0,1,0,0,0,0,0,5.99902E+20,5.44278E+21,1.03694E+16,4.91297E+16
71971,9.17011E+18,9,5,75,168,2017,1,16,3,3,6,4,0,1,1,0,0,0,0,5.89249E+20,5.48866E+21,1.02337E+16,4.9544E+16
71972,9.17011E+18,9,4,79,169,2017,1,5,3,3,4,2,0,1,0,0,0,2,1,7.1525E+20,5.54708E+21,1.2006E+16,5.00371E+16
71973,9.17011E+18,9,4,73,174,2017,1,14,3,3,5,3,0,1,0,0,0,0,0,6.52845E+20,5.56437E+21,1.11422E+16,5.02118E+16
71974,9.17011E+18,9,4,61,0,2017,1,16,3,3,2,1,0,1,0,0,0,0,1,6.37881E+20,5.52943E+21,1.092E+16,4.99013E+16
71975,9.17011E+18,9,4,71,140,2017,1,9,3,2,0,7,0,1,0,0,0,0,0,6.34577E+20,5.53232E+21,1.08751E+16,4.99281E+16
71976,9.17011E+18,9,3,74,162,2017,1,12,3,2,2,6,0,1,0,1,0,0,1,7.38066E+20,5.50488E+21,1.22982E+16,4.96494E+16
71977,9.17011E+18,9,3,75,180,2017,1,7,3,3,2,6,0,1,0,0,0,2,1,7.23969E+20,5.43128E+21,1.20619E+16,4.89937E+16
71978,9.17011E+18,9,3,62,0,2017,1,7,3,3,2,6,0,1,0,0,1,0,1,7.24118E+20,5.43373E+21,1.20653E+16,4.90157E+16
71979,9.17011E+18,9,3,75,117,2017,1,17,3,3,2,6,0,1,0,0,1,2,0,7.40506E+20,5.43194E+21,1.2288E+16,4.89935E+16
71980,9.17011E+18,9,3,71,122,2017,1,11,3,2,5,3,0,1,0,0,1,0,1,7.17938E+20,5.48124E+21,1.20067E+16,4.94447E+16
71981,9.17011E+18,9,2,63,0,2017,1,17,3,3,5,2,0,1,0,0,0,1,1,7.62064E+20,5.41889E+21,1.25738E+16,4.88676E+16
71982,9.17011E+18,9,2,76,126,2017,1,19,3,3,5,6,0,1,0,0,1,2,0,8.02327E+20,5.4252E+21,1.31261E+16,4.89058E+16
71983,9.17011E+18,9,2,71,146,2017,1,12,3,3,1,6,0,1,0,0,0,0,0,7.86728E+20,5.41223E+21,1.29047E+16,4.87968E+16
71984,9.17011E+18,9,2,75,150,2017,1,8,3,2,4,1,0,1,0,0,1,0,2,8.3272E+20,5.39253E+21,1.35132E+16,4.85973E+16
71985,9.17011E+18,9,2,77,124,2017,1,9,3,3,5,3,0,1,0,0,1,0,1,7.82253E+20,5.36963E+21,1.28149E+16,4.84165E+16
71986,9.17011E+18,9,2,74,145,2017,1,9,3,3,5,3,0,1,0,0,0,0,1,7.47304E+20,5.38282E+21,1.23513E+16,4.85497E+16
71987,9.17011E+18,9,2,73,116,2017,1,13,3,3,8,1,0,1,0,0,0,0,0,7.26249E+20,5.42326E+21,1.20886E+16,4.89209E+16
71988,9.17011E+18,9,1,80,117,2017,1,9,3,3,2,6,0,1,0,0,0,0,0,6.57245E+20,5.26359E+21,1.10882E+16,4.75068E+16
71989,9.17011E+18,9,1,83,119,2017,1,8,3,3,1,6,0,1,0,0,0,0,1,7.3785E+20,5.33967E+21,1.2199E+16,4.81658E+16
71990,9.17011E+18,9,1,89,140,2017,1,12,3,3,5,3,0,1,0,0,0,0,1,7.74581E+20,5.2941E+21,1.26629E+16,4.77418E+16
71991,9.17011E+18,9,1,71,113,2017,1,12,3,3,4,3,0,1,0,0,0,0,2,7.78435E+20,5.33569E+21,1.27411E+16,4.81135E+16
71992,9.17011E+18,9,1,72,116,2017,1,21,3,3,5,3,0,1,0,0,0,2,1,8.00704E+20,5.28278E+21,1.30028E+16,4.76285E+16
71993,9.17011E+18,9,1,71,112,2017,1,17,3,3,2,6,0,1,0,0,0,2,1,7.84984E+20,5.34179E+21,1.2833E+16,4.81654E+16
71994,9.17011E+18,9,1,87,124,2017,1,11,3,2,9,1,0,1,0,0,0,0,0,7.35728E+20,5.32956E+21,1.21649E+16,4.80757E+16
71995,9.17011E+18,9,1,87,130,2017,1,15,3,3,2,6,0,1,0,0,0,0,2,7.14719E+20,5.30704E+21,1.1872E+16,4.78807E+16
71996,9.17011E+18,9,1,87,150,2017,1,8,3,3,6,4,0,1,1,0,0,0,1,7.28771E+20,5.30348E+21,1.20577E+16,4.78439E+16
71997,9.17011E+18,9,1,79,142,2017,1,12,3,3,2,6,0,1,0,0,0,0,0,6.78449E+20,5.34149E+21,1.14017E+16,4.82016E+16
71998,9.17011E+18,9,1,77,117,2017,1,10,3,3,2,6,0,1,0,0,0,0,1,7.16056E+20,5.35221E+21,1.19127E+16,4.82862E+16
71999,9.17011E+18,9,1,62,0,2017,1,7,2,3,2,6,0,1,0,0,0,0,1,6.89415E+20,5.33902E+21,1.1548E+16,4.81762E+16
72000,9.17011E+18,9,1,62,0,2017,1,13,2,3,3,2,0,0,0,0,1,0,1,6.883E+20,5.3402E+21,1.15335E+16,4.81871E+16
72001,9.17011E+18,9,1,84,131,2017,1,15,2,3,2,6,0,1,0,0,0,0,2,7.05301E+20,5.33717E+21,1.17606E+16,4.81546E+16
72002,9.17011E+18,9,7,75,135,2017,1,17,2,3,1,6,0,1,0,0,0,2,1,5.7526E+20,5.36132E+21,1.00168E+16,4.84006E+16
72003,9.17011E+18,9,7,80,139,2017,1,17,2,3,0,2,1,1,0,0,0,1,1,5.96508E+20,5.2637E+21,1.02819E+16,4.75196E+16
72004,9.17011E+18,9,7,77,154,2017,1,16,2,3,8,1,0,1,0,0,0,0,2,6.06531E+20,5.29944E+21,1.04237E+16,4.78395E+16
72005,9.17011E+18,9,7,72,125,2017,1,0,2,3,1,1,0,1,0,0,0,2,2,6.35018E+20,5.34725E+21,1.08193E+16,4.8264E+16
72006,9.17011E+18,9,7,61,0,2017,1,8,2,3,5,3,1,1,0,0,0,0,1,6.40837E+20,5.36048E+21,1.09021E+16,4.83818E+16
72007,9.17011E+18,9,6,77,131,2017,1,13,2,2,5,3,0,1,0,0,0,0,1,5.46321E+20,5.54561E+21,9.64715E+15,5.00609E+16
72008,9.17011E+18,9,6,77,148,2017,1,17,2,3,4,2,1,1,0,0,0,2,1,5.55631E+20,5.53369E+21,9.77549E+15,4.9953E+16
72009,9.17011E+18,9,6,72,149,2017,1,10,2,2,9,1,0,1,0,0,0,0,0,5.62078E+20,5.56993E+21,9.87125E+15,5.02782E+16
72010,9.17011E+18,9,6,74,130,2017,1,8,2,2,5,3,0,1,0,0,0,0,0,6.27648E+20,5.55067E+21,1.07847E+16,5.00946E+16
72011,9.17011E+18,9,5,64,0,2017,1,13,2,3,8,1,0,1,0,0,0,0,1,6.50422E+20,5.47431E+21,1.10734E+16,4.94028E+16
72012,9.17011E+18,9,5,62,0,2017,1,15,2,3,2,6,0,1,0,0,0,0,2,6.47138E+20,5.49567E+21,1.10361E+16,4.95957E+16
72013,9.17011E+18,9,5,72,131,2017,1,11,2,1,8,1,0,1,0,0,0,0,1,6.58714E+20,5.49094E+21,1.11943E+16,4.95503E+16
72014,9.17011E+18,9,5,64,0,2017,1,7,2,3,3,2,0,1,0,0,1,0,1,6.54002E+20,5.48153E+21,1.11255E+16,4.94669E+16
72015,9.17011E+18,9,5,64,0,2017,1,7,2,3,3,6,0,1,0,0,1,1,1,6.47943E+20,5.48015E+21,1.10414E+16,4.9456E+16
72016,9.17012E+18,9,7,75,135,2017,1,11,4,3,5,3,0,1,0,0,0,0,1,5.74447E+20,5.35937E+21,1.00055E+16,4.83831E+16
72017,9.17012E+18,9,7,78,121,2017,1,20,4,3,9,1,0,1,0,0,0,2,2,6.00814E+20,5.33262E+21,1.03551E+16,4.81389E+16
72018,9.17012E+18,9,7,78,118,2017,1,5,4,3,2,6,0,1,0,0,0,2,2,5.90916E+20,5.31389E+21,1.02181E+16,4.79719E+16
72019,9.17012E+18,9,7,64,0,2017,1,7,4,3,5,3,0,1,0,0,0,1,1,5.89487E+20,5.31665E+21,1.01996E+16,4.79969E+16
72020,9.17012E+18,9,7,75,162,2017,1,7,4,3,2,6,0,1,0,0,0,1,1,5.81031E+20,5.34776E+21,1.00922E+16,4.82779E+16
72021,9.17012E+18,9,7,74,155,2017,1,21,4,1,9,1,0,1,0,0,0,2,0,5.87649E+20,5.36824E+21,1.01856E+16,4.84612E+16
72022,9.17012E+18,9,7,80,143,2017,1,6,4,2,2,6,0,1,0,0,1,2,1,5.93683E+20,5.28027E+21,1.02479E+16,4.7669E+16