OBJECTID,UIDENTSTLA,ULAND,UREGBEZ,UKREIS,UGEMEINDE,UJAHR,UMONAT,USTUNDE,UWOCHENTAG,UKATEGORIE,UART,UTYP1,IstRad,IstPKW,IstFuss,IstKrad,IstSonstig,LICHT,STRZUSTAND,LINREFX,LINREFY,XGCSWGS84,YGCSWGS84
72023,9.17012E+18,9,7,77,112,2017,1,11,4,2,6,4,0,1,1,0,0,0,1,6.2285E+20,5.29859E+21,1.06415E+16,4.78289E+16
72024,9.17012E+18,9,7,77,151,2017,1,15,4,3,4,1,0,1,0,0,0,0,2,6.22119E+20,5.29017E+21,1.06294E+16,4.77533E+16
72025,9.17012E+18,9,7,79,194,2017,1,7,4,3,9,1,0,1,0,0,0,0,2,6.1332E+20,5.41839E+21,1.05465E+16,4.89081E+16
72026,9.17012E+18,9,7,61,0,2017,1,16,4,3,9,7,0,1,0,0,0,0,0,6.37387E+20,5.35726E+21,1.08545E+16,4.83536E+16
72027,9.17012E+18,9,7,71,130,2017,1,14,4,3,0,7,0,1,0,0,0,0,0,6.45097E+20,5.36298E+21,1.09605E+16,4.84032E+16
72028,9.17012E+18,9,7,72,148,2017,1,7,4,2,5,3,0,1,0,0,0,0,1,6.26535E+20,5.35394E+21,1.07071E+16,4.8326E+16
72029,9.17012E+18,9,7,71,146,2017,1,10,4,3,2,6,0,1,0,0,0,0,1,6.46321E+20,5.3481E+21,1.09718E+16,4.82692E+16
72030,9.17012E+18,9,7,61,0,2017,1,7,4,2,4,2,0,1,0,0,0,0,0,6.39369E+20,5.36089E+21,1.08824E+16,4.83857E+16
72031,9.17012E+18,9,6,77,146,2017,1,16,4,3,8,6,0,1,0,0,0,0,0,5.48413E+20,5.52341E+21,9.67359E+15,4.98611E+16
72032,9.17012E+18,9,6,75,117,2017,1,19,4,2,5,3,0,1,0,1,0,2,0,5.83786E+20,5.51718E+21,1.01643E+16,4.98013E+16
72033,9.17012E+18,9,6,73,142,2017,1,5,4,3,9,1,0,1,0,0,0,2,0,5.93315E+20,5.58217E+21,1.03126E+16,5.03841E+16
72034,9.17012E+18,9,6,73,114,2017,1,7,4,3,1,6,0,1,0,0,0,0,0,5.87855E+20,5.57694E+21,1.02346E+16,5.0338E+16
72035,9.17012E+18,9,6,71,141,2017,1,16,4,3,8,7,0,1,0,0,0,0,0,5.20425E+20,5.52995E+21,9.28453E+15,4.99216E+16
72036,9.17012E+18,9,5,64,0,2017,1,20,4,3,5,2,0,1,0,0,0,2,0,6.54402E+20,5.47338E+21,1.11279E+16,4.93936E+16
72037,9.17012E+18,9,5,77,138,2017,1,16,4,3,5,3,0,1,0,0,0,1,0,6.29227E+20,5.44727E+21,1.07727E+16,4.91647E+16
72038,9.17012E+18,9,5,75,145,2017,1,17,4,3,5,3,0,1,0,0,0,2,2,6.19334E+20,5.48384E+21,1.0648E+16,4.94955E+16
72039,9.17012E+18,9,5,75,122,2017,1,11,4,3,9,1,0,1,0,0,0,0,0,5.94497E+20,5.48541E+21,1.03055E+16,4.95139E+16
72040,9.17012E+18,9,4,75,175,2017,1,23,4,3,8,7,0,0,0,0,1,2,1,6.95722E+20,5.5563E+21,1.17384E+16,5.01267E+16
72041,9.17012E+18,9,4,75,141,2017,1,20,4,3,9,1,0,1,0,0,1,2,2,6.9945E+20,5.57907E+21,1.18024E+16,5.03299E+16
72042,9.17012E+18,9,4,75,154,2017,1,4,4,3,8,7,0,1,0,0,0,2,1,6.98338E+20,5.5658E+21,1.17799E+16,5.02111E+16
72043,9.17012E+18,9,4,73,159,2017,1,6,4,3,2,6,0,1,0,0,0,2,2,6.44398E+20,5.57492E+21,1.10279E+16,5.03087E+16
72044,9.17012E+18,9,4,72,175,2017,1,17,4,3,9,1,0,1,0,0,0,0,0,6.79909E+20,5.52028E+21,1.15005E+16,4.9808E+16
72045,9.17012E+18,9,4,77,128,2017,1,20,4,3,4,7,0,1,0,0,1,2,0,6.69592E+20,5.56261E+21,1.1376E+16,5.01914E+16
72046,9.17012E+18,9,6,74,129,2017,1,20,4,3,8,6,0,1,0,0,1,2,0,6.20639E+20,5.53753E+21,1.06826E+16,4.99779E+16
72047,9.17012E+18,9,4,74,134,2017,1,15,4,3,5,1,0,1,0,0,1,0,0,6.46867E+20,5.50625E+21,1.10363E+16,4.96908E+16
72048,9.17012E+18,9,4,74,126,2017,1,16,4,3,2,2,0,1,0,0,0,0,0,6.48963E+20,5.50721E+21,1.10657E+16,4.96989E+16
72049,9.17012E+18,9,4,74,121,2017,1,9,4,3,8,1,0,1,0,0,0,0,1,6.59589E+20,5.51691E+21,1.1217E+16,4.97834E+16
72050,9.17012E+18,9,4,71,119,2017,1,22,4,3,5,3,0,1,0,0,0,2,0,6.34691E+20,5.53729E+21,1.08784E+16,4.99727E+16
72051,9.17012E+18,9,4,71,115,2017,1,10,4,3,9,1,0,1,0,0,0,0,0,6.29745E+20,5.537E+21,1.08094E+16,4.99713E+16
72052,9.17012E+18,9,4,61,0,2017,1,8,4,3,2,6,0,1,0,0,0,0,1,6.39256E+20,5.52968E+21,1.09393E+16,4.99033E+16
72053,9.17012E+18,9,3,77,117,2017,1,21,4,2,9,1,0,1,0,0,0,2,0,7.28531E+20,5.5277E+21,1.21797E+16,4.98581E+16
72054,9.17012E+18,9,3,74,111,2017,1,12,4,3,1,6,0,1,0,0,0,0,0,7.27696E+20,5.51235E+21,1.21591E+16,4.97205E+16
72055,9.17012E+18,9,3,77,143,2017,1,18,4,3,8,1,0,1,0,0,0,2,2,7.13204E+20,5.53254E+21,1.19694E+16,4.99072E+16
72056,9.17012E+18,9,3,63,0,2017,1,7,4,3,2,6,0,1,0,0,0,2,1,7.2591E+20,5.50689E+21,1.21312E+16,4.96722E+16
72057,9.17012E+18,9,3,74,155,2017,1,6,4,3,2,6,0,1,0,0,1,2,0,6.9711E+20,5.51972E+21,1.1739E+16,4.97975E+16
72058,9.17012E+18,9,3,62,0,2017,1,17,4,3,2,6,0,1,0,0,0,1,0,7.32591E+20,5.43239E+21,1.21802E+16,4.90005E+16
72059,9.17012E+18,9,3,75,117,2017,1,7,4,3,2,6,0,1,0,0,0,1,0,7.34835E+20,5.43246E+21,1.22109E+16,4.90003E+16
72060,9.17012E+18,9,3,72,169,2017,1,20,4,3,9,1,0,1,0,0,0,2,2,7.45299E+20,5.44515E+21,1.23614E+16,4.91102E+16
72061,9.17012E+18,9,3,73,147,2017,1,15,4,2,4,2,0,1,0,0,0,0,1,6.83972E+20,5.4618E+21,1.15296E+16,4.92813E+16
72062,9.17012E+18,9,2,63,0,2017,1,7,4,3,6,4,0,1,1,0,0,0,1,7.61263E+20,5.42031E+21,1.25638E+16,4.88806E+16
72063,9.17012E+18,9,2,78,170,2017,1,17,4,3,2,6,0,1,0,0,0,2,0,7.64984E+20,5.4241E+21,1.26169E+16,4.89131E+16
72064,9.17012E+18,9,2,75,153,2017,1,17,4,2,0,7,0,1,0,0,1,1,2,8.44348E+20,5.39058E+21,1.36688E+16,4.85735E+16
72065,9.17012E+18,9,2,75,111,2017,1,14,4,3,5,2,0,1,0,0,0,0,1,8.16547E+20,5.40082E+21,1.33008E+16,4.86801E+16
72066,9.17012E+18,9,2,72,142,2017,1,6,4,1,4,6,0,0,0,0,1,1,1,8.21755E+20,5.41E+21,1.33786E+16,4.87597E+16
72067,9.17012E+18,9,2,77,133,2017,1,16,4,3,9,1,0,1,0,0,0,0,2,7.69307E+20,5.36576E+21,1.26378E+16,4.83875E+16
72068,9.17012E+18,9,2,74,184,2017,1,17,4,2,8,1,0,1,0,0,0,2,2,7.47152E+20,5.37406E+21,1.2344E+16,4.8471E+16
72069,9.17012E+18,9,2,74,141,2017,1,22,4,3,9,1,0,1,0,0,1,2,0,7.23083E+20,5.3944E+21,1.20298E+16,4.86628E+16
72070,9.17012E+18,9,2,79,132,2017,1,17,4,3,1,6,0,1,0,0,1,2,0,7.69015E+20,5.40545E+21,1.26596E+16,4.87439E+16
72071,9.17012E+18,9,1,73,118,2017,1,8,4,2,5,3,0,1,0,0,0,0,2,6.88182E+20,5.30341E+21,1.15158E+16,4.78565E+16
72072,9.17012E+18,9,1,89,154,2017,1,11,4,3,4,1,0,1,0,0,1,0,1,7.66939E+20,5.31689E+21,1.25752E+16,4.79496E+16
72073,9.17012E+18,9,1,89,154,2017,1,11,4,2,5,3,0,1,0,0,1,0,1,7.68668E+20,5.31502E+21,1.25972E+16,4.79321E+16
72074,9.17012E+18,9,1,83,128,2017,1,10,4,3,1,6,0,1,0,0,0,0,0,7.5745E+20,5.34917E+21,1.24679E+16,4.82434E+16
72075,9.17012E+18,9,1,83,132,2017,1,16,4,3,8,1,0,1,0,0,0,0,2,7.52571E+20,5.35309E+21,1.24046E+16,4.82805E+16
72076,9.17012E+18,9,1,89,162,2017,1,10,4,3,8,1,0,1,0,0,0,0,2,7.73893E+20,5.31755E+21,1.26686E+16,4.79527E+16
72077,9.17012E+18,9,1,72,118,2017,1,17,4,3,8,1,0,1,0,0,0,2,0,7.95527E+20,5.3065E+21,1.29501E+16,4.78438E+16
72078,9.17012E+18,9,1,71,134,2017,1,13,4,3,8,1,0,1,0,0,0,0,2,7.74457E+20,5.33105E+21,1.26848E+16,4.80736E+16
72079,9.17012E+18,9,1,71,117,2017,1,5,4,3,4,1,0,1,0,0,0,2,2,7.67674E+20,5.33525E+21,1.25965E+16,4.81142E+16
72080,9.17012E+18,9,1,86,130,2017,1,11,4,2,9,1,0,1,0,0,0,0,1,6.83436E+20,5.3741E+21,1.14829E+16,4.84933E+16
72081,9.17012E+18,9,1,76,138,2017,1,8,4,3,4,1,0,1,0,0,0,0,0,6.75555E+20,5.4253E+21,1.13981E+16,4.89557E+16
72082,9.17012E+18,9,1,88,126,2017,1,15,4,3,0,6,0,1,0,0,0,0,0,6.61887E+20,5.32783E+21,1.11738E+16,4.80832E+16
72083,9.17012E+18,9,1,81,127,2017,1,19,4,3,3,6,0,1,0,0,1,2,0,6.35637E+20,5.32299E+21,1.08199E+16,4.80458E+16
72084,9.17012E+18,9,1,81,130,2017,1,18,4,3,4,1,0,1,0,0,0,2,2,6.42418E+20,5.32172E+21,1.09105E+16,4.80329E+16
72085,9.17012E+18,9,1,81,121,2017,1,4,4,3,8,1,0,1,0,0,0,2,2,6.36854E+20,5.31001E+21,1.08321E+16,4.79288E+16
72086,9.17012E+18,9,1,79,136,2017,1,12,4,3,8,1,0,1,0,0,0,0,2,6.60151E+20,5.34133E+21,1.11555E+16,4.8205E+16
72087,9.17012E+18,9,1,79,136,2017,1,20,4,1,4,6,0,1,0,0,1,2,2,6.58899E+20,5.34251E+21,1.11391E+16,4.82159E+16
72088,9.17012E+18,9,1,62,0,2017,1,14,4,3,0,1,0,0,0,0,1,0,2,6.9434E+20,5.34038E+21,1.16148E+16,4.81869E+16
72089,9.17012E+18,9,1,62,0,2017,1,3,4,1,6,7,0,0,1,0,1,2,1,6.93724E+20,5.34009E+21,1.16064E+16,4.81845E+16
72090,9.17012E+18,9,1,78,130,2017,1,13,4,3,2,6,0,1,0,0,0,0,1,7.0232E+20,5.35732E+21,1.17302E+16,4.83367E+16
72091,9.17012E+18,9,1,75,111,2017,1,22,4,2,9,1,0,1,0,0,0,2,2,7.12881E+20,5.33941E+21,1.18635E+16,4.81722E+16
72092,9.17012E+18,9,1,78,130,2017,1,6,4,3,5,3,0,1,0,0,1,1,2,7.00977E+20,5.35414E+21,1.17105E+16,4.83085E+16
72093,9.17012E+18,9,1,78,137,2017,1,23,4,2,8,1,0,1,0,0,0,2,2,6.94097E+20,5.36597E+21,1.16233E+16,4.8417E+16
72094,9.17012E+18,9,1,77,133,2017,1,13,4,3,9,1,0,1,0,0,0,0,2,7.13047E+20,5.35608E+21,1.18741E+16,4.8322E+16
72095,9.17012E+18,9,1,77,115,2017,1,7,4,3,8,1,0,1,0,0,0,0,2,7.30466E+20,5.35313E+21,1.21071E+16,4.82893E+16
72096,9.17012E+18,9,1,62,0,2017,1,7,3,3,2,6,0,1,0,0,0,2,2,6.84615E+20,5.34279E+21,1.14851E+16,4.82115E+16
72097,9.17012E+18,9,1,62,0,2017,1,5,3,2,6,4,0,1,0,0,1,2,1,6.88002E+20,5.34385E+21,1.15312E+16,4.822E+16
72098,9.17012E+18,9,1,62,0,2017,1,14,3,3,1,7,0,1,0,0,0,0,1,6.97354E+20,5.33135E+21,1.16511E+16,4.81048E+16
72099,9.17012E+18,9,7,74,135,2017,1,11,3,3,2,6,0,1,0,0,0,0,1,5.95325E+20,5.36588E+21,1.02889E+16,4.84389E+16
72100,9.17012E+18,9,7,74,121,2017,1,21,3,2,8,7,0,1,0,0,0,2,0,6.00835E+20,5.36558E+21,1.03633E+16,4.84353E+16
72101,9.17012E+18,9,7,77,121,2017,1,15,3,3,5,3,0,1,0,0,0,0,1,6.28008E+20,5.32193E+21,1.07173E+16,4.80378E+16
72102,9.17012E+18,9,7,73,144,2017,1,13,3,3,4,2,0,1,0,0,0,0,0,6.04745E+20,5.38003E+21,1.04198E+16,4.85646E+16
72103,9.17012E+18,9,7,71,111,2017,1,9,3,3,2,6,0,1,0,0,0,0,0,6.57309E+20,5.35879E+21,1.11238E+16,4.83626E+16
72104,9.17012E+18,9,7,71,111,2017,1,7,3,2,3,6,0,0,0,0,1,0,1,6.58196E+20,5.35752E+21,1.11353E+16,4.8351E+16
72105,9.17012E+18,9,7,61,0,2017,1,15,3,3,6,4,0,1,1,0,0,0,1,6.39215E+20,5.36088E+21,1.08804E+16,4.83857E+16
72106,9.17012E+18,9,6,72,114,2017,1,8,3,3,4,2,0,1,0,0,0,0,1,5.72634E+20,5.56419E+21,1.00183E+16,5.02254E+16
72107,9.17012E+18,9,6,76,136,2017,1,9,3,3,2,6,0,1,0,0,1,0,1,5.15382E+20,5.528E+21,9.2142E+15,4.99042E+16
72108,9.17012E+18,9,5,72,160,2017,1,18,3,2,2,6,0,0,0,0,1,1,0,6.26205E+20,5.51066E+21,1.07514E+16,4.97352E+16
72109,9.17012E+18,9,5,76,151,2017,1,7,3,3,3,6,0,1,0,0,0,1,0,6.54674E+20,5.47204E+21,1.11311E+16,4.93814E+16
72110,9.17012E+18,9,5,74,123,2017,1,14,3,3,2,6,0,1,0,0,0,0,0,6.61751E+20,5.47069E+21,1.1228E+16,4.93675E+16
72111,9.17012E+18,9,5,76,113,2017,1,12,3,2,3,6,0,1,0,0,1,0,0,6.62244E+20,5.45375E+21,1.12279E+16,4.92151E+16
72112,9.17012E+18,9,5,72,111,2017,1,18,3,3,2,6,0,1,0,0,0,2,0,6.35454E+20,5.50714E+21,1.08785E+16,4.97015E+16
72113,9.17012E+18,9,5,62,0,2017,1,10,3,3,5,3,0,1,0,0,1,0,0,6.44035E+20,5.49396E+21,1.09926E+16,4.95811E+16
72114,9.17012E+18,9,5,63,0,2017,1,7,3,3,6,4,0,1,1,0,0,1,0,6.44757E+20,5.48291E+21,1.09985E+16,4.94816E+16
72115,9.17012E+18,9,5,64,0,2017,1,14,3,3,2,6,0,1,0,0,0,0,1,6.47593E+20,5.47932E+21,1.10363E+16,4.94486E+16
72116,9.17012E+18,9,5,64,0,2017,1,17,3,3,2,6,0,1,0,0,0,1,0,6.50557E+20,5.47741E+21,1.10764E+16,4.94307E+16
72117,9.17012E+18,9,5,64,0,2017,1,20,3,3,2,6,0,1,0,0,0,2,0,6.5218E+20,5.48177E+21,1.11005E+16,4.94695E+16
72118,9.17012E+18,9,5,64,0,2017,1,21,3,3,9,1,0,1,0,0,0,2,0,6.53614E+20,5.4733E+21,1.1117E+16,4.9393E+16
72119,9.17012E+18,9,5,64,0,2017,1,16,3,3,5,3,1,1,0,0,0,0,0,6.52039E+20,5.48154E+21,1.10985E+16,4.94674E+16
72120,9.17012E+18,9,5,77,162,2017,1,21,3,2,8,1,0,1,0,0,0,2,0,6.22718E+20,5.4197E+21,1.06751E+16,4.89181E+16
72121,9.17012E+18,9,5,61,0,2017,1,12,3,3,2,6,0,1,0,0,0,0,0,6.19038E+20,5.46365E+21,1.06378E+16,4.9314E+16
72122,9.17012E+18,9,4,64,0,2017,1,7,3,3,5,2,0,1,0,0,0,0,1,7.07985E+20,5.57953E+21,1.19225E+16,5.03311E+16
72123,9.17012E+18,9,4,73,141,2017,1,21,3,3,8,1,0,1,0,0,0,2,1,6.41352E+20,5.57306E+21,1.09845E+16,5.02927E+16
72124,9.17012E+18,9,4,72,177,2017,1,16,3,3,3,1,0,1,0,0,0,0,0,6.7813E+20,5.50491E+21,1.14688E+16,4.96703E+16
72125,9.17012E+18,9,4,71,111,2017,1,10,3,3,8,1,0,1,0,0,0,0,1,6.44784E+20,5.51965E+21,1.10125E+16,4.98118E+16
72126,9.17012E+18,9,4,71,174,2017,1,8,3,3,2,6,0,1,0,0,1,0,0,6.36819E+20,5.53981E+21,1.0909E+16,4.99949E+16
72127,9.17012E+18,9,4,71,119,2017,1,17,3,3,4,2,0,1,0,0,0,2,0,6.35204E+20,5.53812E+21,1.08858E+16,4.99801E+16
72128,9.17012E+18,9,3,75,196,2017,1,11,3,3,2,6,0,1,0,0,0,0,0,7.30411E+20,5.41383E+21,1.214E+16,4.88346E+16
72129,9.17012E+18,9,3,75,181,2017,1,17,3,3,2,6,0,1,0,0,0,1,1,7.20833E+20,5.4338E+21,1.20205E+16,4.90175E+16
72130,9.17012E+18,9,3,75,165,2017,1,16,3,2,4,2,0,1,0,0,0,0,0,7.25889E+20,5.43768E+21,1.20917E+16,4.90506E+16
72131,9.17012E+18,9,3,72,117,2017,1,12,3,3,2,2,0,1,0,0,0,0,1,7.71727E+20,5.45711E+21,1.27309E+16,4.92065E+16
72132,9.17012E+18,9,3,76,150,2017,1,21,3,3,7,7,0,1,0,0,0,2,0,7.24314E+20,5.49213E+21,1.21007E+16,4.95402E+16
72133,9.17012E+18,9,3,76,153,2017,1,18,3,3,5,3,0,1,0,0,0,2,0,7.30411E+20,5.48725E+21,1.2182E+16,4.94941E+16
72134,9.17012E+18,9,2,78,113,2017,1,8,3,3,5,3,0,1,0,0,1,0,1,7.66178E+20,5.41646E+21,1.26282E+16,4.8844E+16
72135,9.17012E+18,9,2,78,113,2017,1,7,3,3,4,6,0,1,0,0,0,0,0,7.65999E+20,5.41873E+21,1.26272E+16,4.88644E+16
72136,9.17012E+18,9,2,72,118,2017,1,17,3,3,2,6,0,1,0,0,0,2,1,8.33704E+20,5.41655E+21,1.35459E+16,4.88122E+16
72137,9.17012E+18,9,2,77,111,2017,1,6,3,2,6,4,1,0,1,0,0,2,0,7.81532E+20,5.38584E+21,1.28161E+16,4.85624E+16
72138,9.17012E+18,9,2,77,133,2017,1,7,3,3,8,1,0,1,0,0,0,0,1,7.68239E+20,5.3633E+21,1.26219E+16,4.83658E+16
72139,9.17012E+18,9,2,74,134,2017,1,11,3,3,2,2,0,1,0,0,0,0,0,7.3898E+20,5.37578E+21,1.22346E+16,4.84897E+16
72140,9.17012E+18,9,2,73,137,2017,1,14,3,3,5,3,0,1,0,0,0,0,0,7.12873E+20,5.42085E+21,1.1905E+16,4.8904E+16
72141,9.17012E+18,9,1,90,113,2017,1,16,3,2,8,1,0,1,0,0,0,2,2,6.69799E+20,5.29377E+21,1.12665E+16,4.77749E+16
72142,9.17012E+18,9,1,73,112,2017,1,7,3,3,4,2,0,1,0,0,0,0,2,6.93214E+20,5.29281E+21,1.15783E+16,4.77597E+16
72143,9.17012E+18,9,1,83,124,2017,1,8,3,3,4,6,0,1,0,0,1,0,1,7.57263E+20,5.34123E+21,1.24605E+16,4.81722E+16
72144,9.17012E+18,9,1,89,119,2017,1,7,3,3,9,1,0,1,0,0,0,0,2,7.63784E+20,5.30718E+21,1.25271E+16,4.78638E+16
72145,9.17012E+18,9,1,72,128,2017,1,16,3,3,2,6,0,1,0,0,0,1,1,7.92467E+20,5.2975E+21,1.29033E+16,4.77645E+16
72146,9.17012E+18,9,1,63,0,2017,1,12,3,3,0,1,1,0,0,0,0,0,2,7.3413E+20,5.30466E+21,1.21299E+16,4.78526E+16
72147,9.17012E+18,9,1,82,131,2017,1,6,3,3,6,4,0,1,1,0,0,2,2,7.14833E+20,5.29063E+21,1.18654E+16,4.77333E+16
72148,9.17012E+18,9,1,82,132,2017,1,12,3,3,5,3,0,1,0,0,0,0,2,7.07139E+20,5.28688E+21,1.17611E+16,4.77021E+16
72149,9.17012E+18,9,1,87,179,2017,1,7,3,3,4,1,0,1,0,0,0,0,2,7.28862E+20,5.31709E+21,1.20662E+16,4.79662E+16
72150,9.17012E+18,9,1,76,143,2017,1,18,3,3,5,3,1,1,0,0,0,2,0,6.80562E+20,5.40958E+21,1.14595E+16,4.8813E+16
72151,9.17012E+18,9,1,61,0,2017,1,7,3,3,5,2,0,1,0,0,0,1,0,6.77194E+20,5.40428E+21,1.14114E+16,4.87663E+16
72152,9.17012E+18,9,1,61,0,2017,1,13,3,3,5,2,1,1,0,0,0,0,0,6.79133E+20,5.40494E+21,1.14381E+16,4.87716E+16
72153,9.17012E+18,9,1,85,125,2017,1,10,3,3,4,2,0,1,0,0,0,0,1,6.47678E+20,5.39733E+21,1.10075E+16,4.87115E+16
72154,9.17012E+18,9,1,76,165,2017,1,8,3,3,9,1,0,1,0,0,0,0,0,6.68826E+20,5.41983E+21,1.1304E+16,4.89084E+16
72155,9.17012E+18,9,1,88,145,2017,1,7,3,3,8,7,0,0,0,0,1,0,0,6.63914E+20,5.32806E+21,1.1201E+16,4.80847E+16
72156,9.17012E+18,9,1,79,134,2017,1,17,3,3,8,1,0,1,0,0,1,2,2,6.68705E+20,5.3445E+21,1.12718E+16,4.82313E+16
72157,9.17012E+18,9,1,79,130,2017,1,16,3,3,8,1,0,1,0,0,0,0,2,6.58047E+20,5.33623E+21,1.11253E+16,4.81596E+16
72158,9.17012E+18,9,1,78,120,2017,1,10,3,3,8,1,0,1,0,0,0,0,0,6.95192E+20,5.35551E+21,1.16332E+16,4.83226E+16
72159,9.17012E+18,9,1,77,115,2017,1,18,3,3,6,6,0,1,1,0,0,2,0,7.38735E+20,5.35352E+21,1.22187E+16,4.82898E+16
72160,9.17012E+18,9,1,84,137,2017,1,10,2,3,5,3,0,1,0,0,0,0,1,7.06318E+20,5.31687E+21,1.17644E+16,4.79718E+16
72161,9.17012E+18,9,1,84,136,2017,1,15,2,3,6,4,0,1,1,0,0,0,0,6.97526E+20,5.32807E+21,1.16519E+16,4.80753E+16
72162,9.17012E+18,9,1,84,135,2017,1,16,2,1,5,3,0,1,0,0,1,1,2,6.87414E+20,5.34747E+21,1.15248E+16,4.82527E+16
72163,9.17012E+18,9,1,62,0,2017,1,18,2,3,3,6,0,1,0,0,1,2,1,6.93058E+20,5.33886E+21,1.15969E+16,4.81736E+16
72164,9.17012E+18,9,1,62,0,2017,1,6,2,3,1,6,0,1,0,0,1,2,2,6.96016E+20,5.33381E+21,1.16343E+16,4.81274E+16
72165,9.17012E+18,9,7,78,123,2017,1,9,2,3,2,6,0,1,0,0,0,0,1,5.85453E+20,5.31766E+21,1.01457E+16,4.80065E+16
72166,9.17012E+18,9,7,74,150,2017,1,1,2,3,4,3,0,1,0,0,1,2,2,6.01029E+20,5.34417E+21,1.03608E+16,4.82427E+16
72167,9.17012E+18,9,7,74,162,2017,1,7,2,3,9,1,0,1,0,0,0,0,2,6.05783E+20,5.35054E+21,1.04264E+16,4.82992E+16
72168,9.17012E+18,9,7,75,141,2017,1,6,2,3,8,1,0,1,0,0,0,2,2,5.88485E+20,5.33659E+21,1.01903E+16,4.81764E+16
72169,9.17012E+18,9,7,77,175,2017,1,11,2,2,4,1,0,1,0,0,0,0,2,6.13433E+20,5.29072E+21,1.05136E+16,4.77598E+16
72170,9.17012E+18,9,7,80,146,2017,1,18,2,3,4,6,0,1,0,0,0,2,2,5.93292E+20,5.28738E+21,1.02442E+16,4.7733E+16
72171,9.17012E+18,9,7,77,121,2017,1,15,2,3,2,6,0,1,0,0,0,0,2,6.27988E+20,5.32142E+21,1.07169E+16,4.80333E+16
72172,9.17012E+18,9,7,79,111,2017,1,6,2,3,4,1,0,1,0,0,0,2,2,6.20389E+20,5.41381E+21,1.06416E+16,4.88655E+16
72173,9.17012E+18,9,7,73,164,2017,1,11,2,3,9,1,0,1,0,0,0,0,1,6.24387E+20,5.38783E+21,1.06882E+16,4.86312E+16
72174,9.17012E+18,9,7,72,163,2017,1,6,2,3,3,6,0,1,0,0,0,0,2,6.38782E+20,5.349E+21,1.08706E+16,4.8279E+16
72175,9.17012E+18,9,2,72,126,2017,1,7,5,3,6,7,0,0,1,0,1,2,1,8.37629E+20,5.41797E+21,1.36004E+16,4.88228E+16
72176,9.17012E+18,9,2,77,153,2017,1,15,5,2,8,7,0,0,0,0,1,0,1,7.80128E+20,5.36454E+21,1.27829E+16,4.83718E+16
72177,9.17012E+18,9,7,72,186,2017,1,15,2,3,4,1,0,1,0,0,0,0,2,6.37719E+20,5.34406E+21,1.08547E+16,4.82348E+16
72178,9.17012E+18,9,2,73,116,2017,1,19,5,3,8,1,0,1,0,0,0,2,0,7.25398E+20,5.41979E+21,1.20751E+16,4.88901E+16
72179,9.17012E+18,9,2,61,0,2017,1,15,5,3,3,2,0,1,0,1,0,0,0,7.32041E+20,5.37993E+21,1.21431E+16,4.85295E+16
72180,9.17012E+18,9,2,74,124,2017,1,8,5,3,2,6,0,1,0,0,0,0,0,7.22932E+20,5.37473E+21,1.20172E+16,4.84861E+16
72181,9.17012E+18,9,2,61,0,2017,1,10,5,3,2,6,0,1,0,0,0,0,0,7.31844E+20,5.38115E+21,1.21412E+16,4.85406E+16
72182,9.17012E+18,9,2,79,127,2017,1,17,5,2,5,3,0,1,0,0,0,2,0,7.53424E+20,5.40245E+21,1.2446E+16,4.87235E+16
72183,9.17012E+18,9,7,71,165,2017,1,16,2,3,9,1,0,1,0,0,0,0,2,6.58146E+20,5.36257E+21,1.11365E+16,4.83964E+16
72184,9.17012E+18,9,6,75,127,2017,1,13,2,3,2,6,0,1,0,0,1,0,0,6.08857E+20,5.51363E+21,1.05116E+16,4.97652E+16
72185,9.17012E+18,9,6,63,0,2017,1,16,2,3,2,6,0,1,0,0,0,1,1,5.66071E+20,5.52011E+21,9.91868E+15,4.98297E+16
72186,9.17012E+18,9,6,77,155,2017,1,8,2,3,2,6,0,1,0,0,1,0,0,5.41292E+20,5.53891E+21,9.57618E+15,5.00011E+16
72187,9.17012E+18,9,6,75,141,2017,1,20,2,3,2,6,0,1,0,0,0,2,0,5.85906E+20,5.50904E+21,1.0192E+16,4.97277E+16
72188,9.17012E+18,9,6,73,184,2017,1,6,2,2,5,2,0,1,0,0,0,2,1,5.91803E+20,5.57617E+21,1.02898E+16,5.03304E+16
72189,9.17012E+18,9,6,72,114,2017,1,15,2,3,2,2,0,1,0,0,0,0,0,5.78115E+20,5.55753E+21,1.00937E+16,5.01648E+16
72190,9.17012E+18,9,6,62,0,2017,1,0,2,3,9,1,0,1,0,0,0,2,2,5.86396E+20,5.54702E+21,1.02073E+16,5.00692E+16
72191,9.17012E+18,9,6,71,157,2017,1,9,2,3,2,6,0,1,0,0,0,0,1,5.29991E+20,5.52613E+21,9.4175E+15,4.98869E+16
72192,9.17012E+18,9,6,76,145,2017,1,17,2,3,2,6,0,1,0,0,0,0,0,5.10543E+20,5.52059E+21,9.14661E+15,4.98377E+16
72193,9.17012E+18,9,6,76,165,2017,1,17,2,3,4,6,0,1,0,0,0,1,0,5.15648E+20,5.50236E+21,9.21688E+15,4.96736E+16
72194,9.17012E+18,9,6,76,145,2017,1,8,2,3,8,1,0,1,0,0,0,0,1,5.0968E+20,5.5181E+21,9.13455E+15,4.98153E+16