OBJECTID,UIDENTSTLA,ULAND,UREGBEZ,UKREIS,UGEMEINDE,UJAHR,UMONAT,USTUNDE,UWOCHENTAG,UKATEGORIE,UART,UTYP1,IstRad,IstPKW,IstFuss,IstKrad,IstSonstig,LICHT,STRZUSTAND,LINREFX,LINREFY,XGCSWGS84,YGCSWGS84
72368,9.17011E+18,9,2,78,140,2017,1,5,7,3,0,6,0,1,0,0,0,2,2,7.75577E+20,5.4183E+21,1.27572E+16,4.88564E+16
72369,9.17011E+18,9,2,78,190,2017,1,19,7,3,9,1,0,1,0,0,0,2,2,7.66906E+20,5.42645E+21,1.26446E+16,4.89333E+16
72370,9.17011E+18,9,2,77,124,2017,1,18,7,3,8,1,0,1,0,0,0,2,2,7.80745E+20,5.37232E+21,1.27964E+16,4.84414E+16
72371,9.17011E+18,9,2,74,183,2017,1,12,7,2,4,1,0,1,0,0,0,0,2,7.41448E+20,5.3639E+21,1.22611E+16,4.8382E+16
72372,9.17011E+18,9,2,74,193,2017,1,13,7,3,8,1,0,1,0,0,0,0,1,7.47249E+20,5.36325E+21,1.23389E+16,4.83739E+16
72373,9.17011E+18,9,2,74,119,2017,1,23,7,3,9,1,0,1,0,0,0,2,2,7.40958E+20,5.39957E+21,1.22751E+16,4.87026E+16
72374,9.17011E+18,9,2,73,178,2017,1,14,7,3,8,1,0,1,0,0,0,0,2,7.12117E+20,5.38969E+21,1.18786E+16,4.86243E+16
72375,9.17011E+18,9,2,74,156,2017,1,15,7,3,8,1,0,1,0,0,0,0,1,7.42542E+20,5.38762E+21,1.22896E+16,4.85946E+16
72376,9.17011E+18,9,2,79,132,2017,1,15,7,3,8,1,0,1,0,0,0,0,0,7.72567E+20,5.40311E+21,1.27062E+16,4.87214E+16
72377,9.17011E+18,9,1,80,117,2017,1,10,7,3,1,6,0,1,0,0,0,0,2,6.57068E+20,5.26195E+21,1.10852E+16,4.7492E+16
72378,9.17011E+18,9,1,73,133,2017,1,18,7,2,0,7,1,0,0,0,0,2,2,6.78113E+20,5.2813E+21,1.13723E+16,4.76605E+16
72379,9.17011E+18,9,1,83,140,2017,1,9,7,3,4,1,0,1,0,0,1,0,2,7.40807E+20,5.34107E+21,1.22395E+16,4.81772E+16
72380,9.17011E+18,9,1,89,139,2017,1,16,7,3,5,3,0,1,0,0,0,0,2,7.65737E+20,5.28438E+21,1.25393E+16,4.76582E+16
72381,9.17011E+18,9,1,89,155,2017,1,14,7,3,4,2,0,1,0,0,0,0,2,7.71341E+20,5.30723E+21,1.2628E+16,4.78611E+16
72382,9.17011E+18,9,1,89,155,2017,1,13,7,2,4,1,0,1,0,0,0,0,2,7.71777E+20,5.31092E+21,1.26361E+16,4.7894E+16
72383,9.17011E+18,9,1,89,129,2017,1,7,7,3,4,1,0,1,0,0,0,1,2,7.5866E+20,5.29382E+21,1.24508E+16,4.77458E+16
72384,9.17012E+18,9,3,75,190,2017,1,16,3,3,5,3,0,1,0,0,0,0,1,7.18699E+20,5.44635E+21,1.19981E+16,4.9131E+16
72385,9.17012E+18,9,3,75,165,2017,1,7,3,3,7,7,0,1,0,0,0,2,0,7.19024E+20,5.44559E+21,1.20021E+16,4.91241E+16
72386,9.17012E+18,9,3,73,112,2017,1,17,3,2,4,2,0,1,0,0,0,2,0,6.78686E+20,5.44576E+21,1.14499E+16,4.91386E+16
72387,9.17013E+18,9,1,90,138,2017,1,10,4,3,2,2,0,1,0,0,1,0,1,6.62752E+20,5.3079E+21,1.11778E+16,4.79038E+16
72388,9.17013E+18,9,1,90,136,2017,1,11,4,3,8,1,0,1,0,0,0,0,1,6.68485E+20,5.28789E+21,1.12467E+16,4.77224E+16
72389,9.17013E+18,9,1,73,126,2017,1,14,4,3,2,6,0,1,0,0,0,0,1,6.82756E+20,5.30722E+21,1.14449E+16,4.78922E+16
72390,9.17013E+18,9,1,80,126,2017,1,14,4,3,8,1,0,1,0,0,0,0,1,6.5921E+20,5.26961E+21,1.11164E+16,4.75604E+16
72391,9.17013E+18,9,1,83,126,2017,1,18,4,2,5,3,0,1,0,0,0,2,0,7.29883E+20,5.33801E+21,1.20911E+16,4.81538E+16
72392,9.17012E+18,9,3,76,144,2017,1,17,3,3,6,4,0,1,1,0,0,2,1,7.30621E+20,5.48258E+21,1.21822E+16,4.94521E+16
72393,9.17012E+18,9,3,76,133,2017,1,8,3,3,9,6,0,1,0,0,0,0,0,7.40043E+20,5.4857E+21,1.23139E+16,4.94764E+16
72394,9.17012E+18,9,3,71,150,2017,1,10,3,3,5,3,0,1,0,0,0,2,0,7.17431E+20,5.49262E+21,1.2006E+16,4.95471E+16
72395,9.17012E+18,9,2,78,123,2017,1,13,3,3,8,1,0,1,0,0,0,0,1,7.5027E+20,5.4128E+21,1.24095E+16,4.88178E+16
72396,9.17012E+18,9,2,71,141,2017,1,8,3,3,1,6,0,1,0,0,1,0,0,7.97173E+20,5.40097E+21,1.30384E+16,4.86909E+16
72397,9.17012E+18,9,2,75,151,2017,1,7,3,3,2,6,0,1,0,0,0,0,0,8.2547E+20,5.39463E+21,1.34168E+16,4.86199E+16
72398,9.17012E+18,9,2,72,116,2017,1,6,3,3,8,1,0,1,0,0,0,0,2,8.15423E+20,5.42462E+21,1.33039E+16,4.88941E+16
72399,9.17012E+18,9,2,72,120,2017,1,13,3,3,6,4,0,1,1,0,0,0,0,8.22281E+20,5.41459E+21,1.33893E+16,4.88007E+16
72400,9.17012E+18,9,2,73,147,2017,1,15,3,2,4,6,0,1,0,0,1,0,1,7.04522E+20,5.3873E+21,1.17745E+16,4.86053E+16
72401,9.17012E+18,9,2,73,111,2017,1,18,3,3,8,7,0,1,0,0,0,2,0,7.0978E+20,5.41042E+21,1.18575E+16,4.88113E+16
72402,9.17012E+18,9,1,73,137,2017,1,13,3,3,9,1,0,1,0,0,0,0,2,6.77842E+20,5.31017E+21,1.13805E+16,4.79202E+16
72403,9.17012E+18,9,1,90,138,2017,1,16,3,3,9,1,0,1,0,0,0,0,0,6.63272E+20,5.30645E+21,1.11842E+16,4.78906E+16
72404,9.17012E+18,9,1,71,137,2017,1,8,3,3,8,1,0,1,0,0,0,0,1,7.69186E+20,5.35106E+21,1.26268E+16,4.82555E+16
72405,9.17012E+18,9,1,71,137,2017,1,8,3,3,8,1,0,1,0,0,0,0,2,7.68835E+20,5.35127E+21,1.26222E+16,4.82575E+16
72406,9.17012E+18,9,1,71,137,2017,1,5,3,3,8,1,0,1,0,0,0,1,2,7.69521E+20,5.35189E+21,1.26319E+16,4.82628E+16
72407,9.17012E+18,9,1,87,165,2017,1,18,3,3,3,6,0,1,0,0,1,2,0,7.29139E+20,5.3003E+21,1.2061E+16,4.78152E+16
72408,9.17012E+18,9,1,87,177,2017,1,18,3,3,3,2,1,1,0,0,0,2,1,7.36201E+20,5.3057E+21,1.21581E+16,4.78612E+16
72409,9.17012E+18,9,1,85,149,2017,1,15,3,3,8,1,0,1,0,0,0,1,1,6.63468E+20,5.40235E+21,1.1224E+16,4.87527E+16
72410,9.17012E+18,9,1,61,0,2017,1,18,3,3,1,6,0,1,0,0,0,2,0,6.75559E+20,5.40478E+21,1.13894E+16,4.87713E+16
72411,9.17012E+18,9,1,76,123,2017,1,14,3,3,4,2,0,1,0,0,0,0,1,6.61446E+20,5.41708E+21,1.12023E+16,4.88856E+16
72412,9.17012E+18,9,1,88,121,2017,1,16,3,3,8,1,0,1,0,0,0,0,2,6.70406E+20,5.32918E+21,1.12886E+16,4.8093E+16
72413,9.17012E+18,9,1,88,121,2017,1,15,3,2,8,1,0,1,0,0,0,0,1,6.72055E+20,5.3296E+21,1.13109E+16,4.80964E+16
72414,9.17012E+18,9,1,62,0,2017,1,10,3,3,3,6,0,1,0,0,1,0,1,6.83333E+20,5.34254E+21,1.14678E+16,4.82096E+16
72415,9.17012E+18,9,1,88,118,2017,1,14,3,3,9,1,0,1,0,0,0,0,2,6.71228E+20,5.31053E+21,1.12922E+16,4.79252E+16
72416,9.17012E+18,9,1,79,123,2017,1,14,3,2,2,6,0,0,0,0,1,0,1,6.74023E+20,5.33193E+21,1.13382E+16,4.81168E+16
72417,9.17012E+18,9,1,79,123,2017,1,18,3,3,5,2,0,1,0,0,0,2,0,6.77443E+20,5.33197E+21,1.13842E+16,4.81162E+16
72418,9.17012E+18,9,1,74,136,2017,1,12,3,3,5,3,0,1,0,0,0,0,0,6.83943E+20,5.36294E+21,1.14849E+16,4.83928E+16
72419,9.17012E+18,9,1,78,120,2017,1,19,3,3,0,6,0,1,0,0,0,2,2,6.94264E+20,5.35475E+21,1.16204E+16,4.8316E+16
72420,9.17012E+18,9,1,78,120,2017,1,20,3,2,3,6,0,1,0,0,1,2,1,6.94715E+20,5.35389E+21,1.16261E+16,4.83082E+16
72421,9.17012E+18,9,1,77,117,2017,1,17,3,3,2,6,0,1,0,0,0,1,0,7.14568E+20,5.35537E+21,1.18942E+16,4.83151E+16
72422,9.17013E+18,9,1,89,155,2017,1,17,4,3,2,6,0,1,0,0,0,2,1,7.73372E+20,5.30842E+21,1.26559E+16,4.78709E+16
72423,9.17013E+18,9,1,71,123,2017,1,18,4,3,2,6,0,1,0,0,0,2,1,7.84556E+20,5.35048E+21,1.2833E+16,4.82436E+16
72424,9.17013E+18,9,1,87,130,2017,1,8,4,3,5,3,0,1,0,0,0,0,0,7.12762E+20,5.31009E+21,1.18473E+16,4.79088E+16
72425,9.17012E+18,9,1,62,0,2017,1,9,2,3,8,3,0,1,0,0,0,0,2,6.82764E+20,5.33674E+21,1.14576E+16,4.81576E+16
72426,9.17012E+18,9,1,84,149,2017,1,7,2,3,1,6,0,1,0,0,1,1,2,6.92175E+20,5.35051E+21,1.15903E+16,4.82786E+16
72427,9.17013E+18,9,1,86,113,2017,1,3,4,1,2,6,0,0,0,0,1,2,0,6.83642E+20,5.39589E+21,1.14953E+16,4.8689E+16
72428,9.17012E+18,9,1,62,0,2017,1,11,2,2,5,3,0,1,0,0,1,0,1,6.85232E+20,5.32885E+21,1.14874E+16,4.8086E+16
72429,9.17012E+18,9,7,78,116,2017,1,11,2,3,3,6,0,1,0,0,1,0,0,6.20279E+20,5.32213E+21,1.06137E+16,4.80411E+16
72430,9.17013E+18,9,1,61,0,2017,1,6,4,3,5,3,1,0,0,0,1,1,0,6.78924E+20,5.4022E+21,1.1434E+16,4.87471E+16
72431,9.17012E+18,9,7,75,135,2017,1,16,2,3,2,6,0,1,0,0,0,0,0,5.73867E+20,5.35917E+21,9.99761E+15,4.83814E+16
72432,9.17013E+18,9,1,61,0,2017,1,13,4,1,5,3,0,1,0,0,1,0,0,6.79405E+20,5.40441E+21,1.14415E+16,4.87668E+16
72433,9.17012E+18,9,7,75,135,2017,1,7,2,3,2,6,0,1,0,0,0,0,2,5.77584E+20,5.36017E+21,1.0048E+16,4.839E+16
72434,9.17013E+18,9,1,76,167,2017,1,5,4,3,5,2,0,1,0,0,0,2,1,6.78322E+20,5.40939E+21,1.1429E+16,4.88119E+16
72435,9.17012E+18,9,7,78,173,2017,1,8,2,3,5,2,0,1,0,0,0,0,0,6.10663E+20,5.32245E+21,1.04848E+16,4.80458E+16
72436,9.17012E+18,9,7,80,143,2017,1,15,2,3,5,3,0,1,0,0,0,0,1,5.96731E+20,5.28243E+21,1.0289E+16,4.7688E+16
72437,9.17012E+18,9,7,77,151,2017,1,8,2,3,5,3,0,1,0,0,0,0,0,6.20541E+20,5.29253E+21,1.0609E+16,4.77748E+16
72438,9.17012E+18,9,7,73,125,2017,1,13,2,3,0,3,1,1,0,0,0,0,0,6.10655E+20,5.38213E+21,1.05004E+16,4.85825E+16
72439,9.17013E+18,9,2,79,112,2017,1,16,4,3,2,6,0,1,0,0,0,0,1,7.57071E+20,5.39401E+21,1.24903E+16,4.86462E+16
72440,9.17012E+18,9,7,73,125,2017,1,16,2,3,8,7,0,1,0,0,0,0,0,6.07372E+20,5.38283E+21,1.04561E+16,4.85894E+16
72441,9.17013E+18,9,1,76,123,2017,1,19,4,3,8,7,0,1,0,0,0,2,0,6.62281E+20,5.41778E+21,1.1214E+16,4.88917E+16
72442,9.17012E+18,9,7,72,156,2017,1,21,2,3,8,1,0,1,0,0,0,2,2,6.28392E+20,5.36883E+21,1.07367E+16,4.84595E+16
72443,9.17012E+18,9,7,72,130,2017,1,14,2,3,2,6,0,1,0,0,0,0,0,6.32012E+20,5.35765E+21,1.07821E+16,4.83582E+16
72444,9.17013E+18,9,1,76,114,2017,1,16,4,3,9,1,0,1,0,0,0,0,0,6.7636E+20,5.43468E+21,1.14132E+16,4.90397E+16
72445,9.17012E+18,9,7,71,113,2017,1,10,2,3,5,3,0,1,0,0,0,0,0,6.57863E+20,5.37261E+21,1.11365E+16,4.84868E+16
72446,9.17012E+18,9,7,71,114,2017,1,14,2,3,5,3,0,1,0,0,0,0,0,6.44271E+20,5.37477E+21,1.09534E+16,4.85095E+16
72447,9.17013E+18,9,1,74,146,2017,1,19,4,2,8,1,0,1,0,0,0,2,1,6.66266E+20,5.35118E+21,1.12416E+16,4.8292E+16
72448,9.17012E+18,9,6,75,127,2017,1,22,2,3,9,1,0,1,0,0,0,2,1,6.03749E+20,5.51556E+21,1.04412E+16,4.97836E+16
72449,9.17012E+18,9,6,63,0,2017,1,18,2,3,2,6,0,1,0,0,0,2,1,5.67205E+20,5.51686E+21,9.93389E+15,4.98005E+16
72450,9.17012E+18,9,6,77,165,2017,1,9,2,2,1,5,0,1,0,0,1,0,0,5.29957E+20,5.5392E+21,9.41805E+15,5.00044E+16
72451,9.17012E+18,9,6,75,165,2017,1,15,2,3,2,6,0,1,0,0,0,0,0,5.87202E+20,5.51532E+21,1.02114E+16,4.9784E+16
72452,9.17012E+18,9,6,73,114,2017,1,13,2,3,1,6,0,1,0,0,0,0,0,5.87358E+20,5.57641E+21,1.02275E+16,5.03333E+16
72453,9.17012E+18,9,6,62,0,2017,1,7,2,3,0,6,1,0,1,0,0,1,0,5.88595E+20,5.54418E+21,1.02373E+16,5.00433E+16
72454,9.17012E+18,9,5,72,115,2017,1,6,2,3,2,6,0,1,0,0,0,0,0,6.47056E+20,5.50275E+21,1.10376E+16,4.96593E+16
72455,9.17012E+18,9,5,72,133,2017,1,6,2,3,9,1,0,0,0,0,1,2,0,6.38539E+20,5.49916E+21,1.09184E+16,4.96291E+16
72456,9.17012E+18,9,5,72,133,2017,1,7,2,3,5,2,0,1,0,0,0,0,0,6.37465E+20,5.49937E+21,1.09036E+16,4.96312E+16
72457,9.17012E+18,9,5,72,142,2017,1,20,2,3,4,2,0,1,0,0,0,2,1,6.4519E+20,5.50022E+21,1.10109E+16,4.96371E+16
72458,9.17012E+18,9,5,76,117,2017,1,6,2,2,9,1,0,0,0,0,1,2,0,6.46118E+20,5.45706E+21,1.10078E+16,4.92488E+16
72459,9.17012E+18,9,5,74,129,2017,1,7,2,2,8,1,0,1,0,0,0,1,1,6.79896E+20,5.49742E+21,1.14898E+16,4.96026E+16
72460,9.17012E+18,9,5,64,0,2017,1,15,2,3,2,6,0,1,0,0,0,0,0,6.51301E+20,5.47727E+21,1.10866E+16,4.94293E+16
72461,9.17012E+18,9,5,64,0,2017,1,21,2,3,2,6,0,1,0,0,0,2,0,6.47564E+20,5.48028E+21,1.10363E+16,4.94572E+16
72462,9.17012E+18,9,5,75,121,2017,1,17,2,3,5,3,0,1,0,0,0,2,2,6.30078E+20,5.48982E+21,1.07982E+16,4.9547E+16
72463,9.17012E+18,9,5,61,0,2017,1,12,2,3,2,6,0,1,0,0,1,0,0,6.13829E+20,5.46256E+21,1.05659E+16,4.93052E+16
72464,9.17013E+18,9,1,88,124,2017,1,18,4,3,4,6,0,1,0,0,0,2,0,6.60698E+20,5.31556E+21,1.11532E+16,4.79731E+16
72465,9.17013E+18,9,1,74,113,2017,1,22,4,3,0,1,0,1,0,0,1,2,1,6.76088E+20,5.34784E+21,1.13726E+16,4.82592E+16
72466,9.17013E+18,9,1,84,112,2017,1,23,4,3,2,6,0,1,0,0,0,2,1,7.03089E+20,5.33943E+21,1.17319E+16,4.81757E+16
72467,9.17012E+18,9,4,64,0,2017,1,7,2,3,6,4,0,1,1,0,0,1,1,7.07094E+20,5.57795E+21,1.19091E+16,5.03172E+16
72468,9.17013E+18,9,1,78,145,2017,1,8,4,3,2,6,0,1,0,0,1,0,1,6.96746E+20,5.35637E+21,1.16546E+16,4.83299E+16
72469,9.17012E+18,9,4,64,0,2017,1,9,2,3,2,6,0,0,0,0,1,0,0,7.06885E+20,5.57767E+21,1.1906E+16,5.03147E+16
72470,9.17012E+18,9,4,77,157,2017,1,9,2,3,9,6,0,1,0,0,0,0,0,6.69803E+20,5.54481E+21,1.1371E+16,5.00313E+16
72471,9.17013E+18,9,1,77,117,2017,1,6,4,3,2,6,0,1,0,0,0,2,0,7.12791E+20,5.35216E+21,1.18687E+16,4.82868E+16
72472,9.17012E+18,9,4,71,195,2017,1,16,2,3,3,3,0,1,0,0,0,1,0,6.39978E+20,5.527E+21,1.09483E+16,4.9879E+16
72473,9.17012E+18,9,4,74,126,2017,1,7,2,3,1,6,0,1,0,0,0,0,0,6.48836E+20,5.50695E+21,1.10639E+16,4.96966E+16
72474,9.17013E+18,9,1,75,115,2017,1,7,4,2,1,6,0,1,0,0,0,0,0,7.22091E+20,5.32918E+21,1.19819E+16,4.80772E+16
72475,9.17012E+18,9,4,74,158,2017,1,17,2,3,2,6,0,1,0,0,0,2,0,6.50665E+20,5.50702E+21,1.10893E+16,4.96969E+16
72476,9.17012E+18,9,4,61,0,2017,1,14,2,3,2,6,0,1,0,0,0,0,0,6.38059E+20,5.52808E+21,1.0922E+16,4.98892E+16
72477,9.17012E+18,9,3,77,143,2017,1,16,2,3,8,1,0,1,0,0,0,0,0,7.13203E+20,5.53253E+21,1.19694E+16,4.99071E+16
72478,9.17012E+18,9,3,74,149,2017,1,17,2,3,9,1,0,1,0,0,0,2,1,7.10932E+20,5.5175E+21,1.19297E+16,4.97729E+16
72479,9.17012E+18,9,3,62,0,2017,1,13,2,3,3,6,0,1,0,0,1,0,0,7.30429E+20,5.43203E+21,1.21505E+16,4.89981E+16
72480,9.17012E+18,9,5,74,128,2017,1,9,2,3,5,2,0,1,0,0,0,0,0,6.79976E+20,5.47882E+21,1.14824E+16,4.94354E+16
72481,9.17012E+18,9,3,73,147,2017,1,18,2,3,5,3,1,1,0,0,0,2,0,6.78738E+20,5.46116E+21,1.14575E+16,4.9277E+16
72482,9.17012E+18,9,3,72,177,2017,1,17,2,3,5,3,0,1,0,0,0,2,1,7.72452E+20,5.45136E+21,1.27369E+16,4.91545E+16
72483,9.17012E+18,9,3,72,116,2017,1,1,2,2,4,6,0,1,0,0,1,2,1,7.72352E+20,5.4614E+21,1.27423E+16,4.92447E+16
72484,9.17012E+18,9,3,71,136,2017,1,13,2,2,4,7,0,1,0,0,0,0,0,7.09889E+20,5.47947E+21,1.18949E+16,4.94317E+16
72485,9.17012E+18,9,1,62,0,2017,1,16,3,3,1,6,0,1,0,0,0,0,1,6.8277E+20,5.33662E+21,1.14577E+16,4.81565E+16
72486,9.17012E+18,9,1,62,0,2017,1,8,3,3,2,6,0,1,0,0,0,2,0,6.94518E+20,5.33501E+21,1.16147E+16,4.81386E+16
72487,9.17012E+18,9,7,78,219,2017,1,16,3,1,5,1,0,1,0,0,0,0,2,5.90732E+20,5.30866E+21,1.02146E+16,4.79248E+16
72488,9.17012E+18,9,2,76,144,2017,1,7,2,3,2,6,0,1,0,0,0,0,0,7.83081E+20,5.44325E+21,1.28767E+16,4.9077E+16
72489,9.17012E+18,9,2,76,142,2017,1,6,2,3,5,3,0,1,0,0,0,2,0,7.91194E+20,5.43367E+21,1.29806E+16,4.89872E+16
72490,9.17012E+18,9,2,62,0,2017,1,17,2,3,5,3,0,1,0,0,0,1,0,8.26214E+20,5.38791E+21,1.34216E+16,4.85593E+16
72491,9.17012E+18,9,2,62,0,2017,1,13,2,3,3,6,0,1,0,0,1,0,2,8.2956E+20,5.39004E+21,1.34685E+16,4.85767E+16
72492,9.17012E+18,9,2,77,111,2017,1,8,2,1,5,3,0,1,0,0,0,0,0,7.83422E+20,5.38392E+21,1.28404E+16,4.85442E+16
72493,9.17012E+18,9,2,74,128,2017,1,14,2,3,5,3,0,1,0,0,0,0,0,7.37716E+20,5.38905E+21,1.22251E+16,4.86093E+16
72494,9.17012E+18,9,2,74,128,2017,1,13,2,3,6,4,0,1,1,0,0,0,0,7.36951E+20,5.38927E+21,1.22149E+16,4.86116E+16
72495,9.17012E+18,9,7,75,139,2017,1,7,3,3,2,6,0,1,0,0,0,0,0,5.77993E+20,5.36508E+21,1.00544E+16,4.8434E+16
72496,9.17012E+18,9,7,78,121,2017,1,16,3,3,6,4,0,1,1,0,0,1,1,6.03771E+20,5.33526E+21,1.03955E+16,4.81621E+16
72497,9.17012E+18,9,7,63,0,2017,1,14,3,3,3,6,0,1,0,0,0,0,0,5.99277E+20,5.28765E+21,1.03241E+16,4.77346E+16
72498,9.17012E+18,9,7,80,147,2017,1,6,3,3,0,6,0,1,0,0,0,2,1,6.04894E+20,5.29078E+21,1.03997E+16,4.77619E+16
72499,9.17012E+18,9,2,61,0,2017,1,18,2,3,4,6,0,1,0,0,0,2,0,7.32597E+20,5.37885E+21,1.21501E+16,4.85197E+16
72500,9.17012E+18,9,2,79,132,2017,1,4,2,2,4,6,0,1,0,0,1,2,0,7.69118E+20,5.40688E+21,1.26619E+16,4.87567E+16
72501,9.17012E+18,9,2,73,137,2017,1,7,2,3,6,4,0,1,1,0,0,1,1,7.11057E+20,5.42247E+21,1.18811E+16,4.89192E+16
72502,9.17012E+18,9,2,73,152,2017,1,15,2,3,8,1,0,1,0,0,0,0,0,7.00888E+20,5.41425E+21,1.17384E+16,4.88487E+16
72503,9.17012E+18,9,7,77,112,2017,1,13,3,1,4,6,0,1,0,0,1,0,1,6.22992E+20,5.29702E+21,1.06429E+16,4.78147E+16
72504,9.17012E+18,9,2,79,127,2017,1,18,2,3,5,3,0,1,0,0,0,2,1,7.5293E+20,5.40197E+21,1.2439E+16,4.87194E+16
72505,9.17012E+18,9,7,76,121,2017,1,19,3,3,4,1,0,1,0,0,0,2,1,5.70131E+20,5.26652E+21,9.93205E+15,4.75483E+16
72506,9.17012E+18,9,1,90,139,2017,1,12,2,3,4,1,0,1,0,0,0,0,1,6.53821E+20,5.2972E+21,1.10546E+16,4.78098E+16
72507,9.17012E+18,9,1,73,126,2017,1,7,2,3,5,3,0,1,0,0,0,0,1,6.8563E+20,5.3038E+21,1.14819E+16,4.78607E+16
72508,9.17012E+18,9,1,83,114,2017,1,14,2,3,5,3,0,1,0,0,0,0,0,7.42177E+20,5.35485E+21,1.22657E+16,4.83005E+16
72509,9.17012E+18,9,1,83,116,2017,1,12,2,3,2,6,0,1,0,0,0,0,0,7.63318E+20,5.35234E+21,1.25487E+16,4.82695E+16
72510,9.17012E+18,9,1,71,112,2017,1,7,2,3,4,2,0,1,0,0,0,0,0,7.84625E+20,5.34188E+21,1.28282E+16,4.81664E+16
72511,9.17012E+18,9,1,71,116,2017,1,6,2,3,2,6,0,1,0,0,0,2,0,7.67955E+20,5.33099E+21,1.25976E+16,4.80758E+16
72512,9.17012E+18,9,1,71,112,2017,1,6,2,3,1,5,0,1,0,0,1,2,2,7.8429E+20,5.34371E+21,1.28249E+16,4.81829E+16
72513,9.17012E+18,9,1,71,132,2017,1,18,2,2,5,3,0,1,0,0,0,2,0,7.67556E+20,5.35266E+21,1.26059E+16,4.82706E+16
72514,9.17012E+18,9,1,62,0,2017,1,7,2,3,1,6,0,1,0,0,0,0,0,6.94656E+20,5.33179E+21,1.16151E+16,4.81096E+16
72515,9.17012E+18,9,1,87,169,2017,1,17,2,3,5,3,0,1,0,0,0,2,0,7.3684E+20,5.29942E+21,1.21632E+16,4.78045E+16
72516,9.17012E+18,9,1,87,165,2017,1,7,2,3,2,6,0,1,0,0,0,0,0,7.34886E+20,5.29952E+21,1.21372E+16,4.78062E+16
72517,9.17012E+18,9,1,87,128,2017,1,18,2,3,6,7,0,0,1,0,1,2,0,7.46837E+20,5.31098E+21,1.23031E+16,4.79046E+16
72518,9.17012E+18,9,1,82,125,2017,1,10,2,3,2,6,0,1,0,0,0,0,1,7.12651E+20,5.29688E+21,1.18393E+16,4.77901E+16
72519,9.17012E+18,9,1,82,116,2017,1,22,2,3,0,7,0,1,1,0,0,2,2,7.05301E+20,5.29211E+21,1.17391E+16,4.77496E+16
72520,9.17012E+18,9,1,86,137,2017,1,17,2,3,1,6,0,1,0,0,0,1,0,6.83319E+20,5.39901E+21,1.14923E+16,4.87171E+16
72521,9.17012E+18,9,1,85,149,2017,1,11,2,3,4,6,0,1,0,0,0,0,2,6.65771E+20,5.40098E+21,1.12548E+16,4.87398E+16
72522,9.17012E+18,9,7,77,121,2017,1,9,2,3,2,6,0,1,0,0,0,0,0,6.3002E+20,5.32179E+21,1.07442E+16,4.80362E+16
72523,9.17012E+18,9,1,81,141,2017,1,11,2,3,5,3,0,1,0,0,0,0,0,6.43854E+20,5.31937E+21,1.09289E+16,4.80114E+16
72524,9.17012E+18,9,1,74,143,2017,1,15,2,3,2,6,0,1,0,0,0,0,0,6.74898E+20,5.35266E+21,1.13585E+16,4.8303E+16
72525,9.17012E+18,9,1,74,126,2017,1,8,2,3,2,6,0,1,0,0,0,0,0,6.84917E+20,5.3473E+21,1.14912E+16,4.82519E+16
72526,9.17012E+18,9,1,74,113,2017,1,8,2,3,1,6,0,1,0,0,0,0,0,6.78585E+20,5.34991E+21,1.1407E+16,4.82772E+16
72527,9.17012E+18,9,7,74,144,2017,1,19,1,3,1,6,0,1,0,0,0,2,1,6.07213E+20,5.35785E+21,1.04475E+16,4.83648E+16
72528,9.17012E+18,9,7,78,169,2017,1,10,1,3,5,3,0,1,0,0,0,0,0,6.17634E+20,5.33276E+21,1.05812E+16,4.81373E+16
72529,9.17012E+18,9,7,77,135,2017,1,4,1,3,8,1,0,1,0,0,0,2,1,6.24474E+20,5.27421E+21,1.06562E+16,4.76094E+16
72530,9.17012E+18,9,7,80,124,2017,1,8,1,3,5,3,0,1,0,0,1,0,0,5.9346E+20,5.26838E+21,1.02424E+16,4.75621E+16
72531,9.17013E+18,9,2,77,149,2017,1,23,4,3,0,1,0,1,0,0,0,2,1,7.95837E+20,5.36804E+21,1.2997E+16,4.8396E+16
72532,9.17012E+18,9,7,80,124,2017,1,9,1,3,2,6,0,1,0,0,0,0,0,5.93411E+20,5.26847E+21,1.02418E+16,4.75629E+16
72533,9.17012E+18,9,7,76,126,2017,1,15,1,3,4,1,0,1,0,0,0,0,2,5.61103E+20,5.27153E+21,9.81277E+15,4.75943E+16
72534,9.17012E+18,9,7,71,130,2017,1,14,1,3,3,7,0,1,0,0,0,0,0,6.45011E+20,5.36299E+21,1.09593E+16,4.84034E+16
72535,9.17012E+18,9,7,61,0,2017,1,15,1,3,2,6,0,1,0,0,0,0,0,6.36898E+20,5.36026E+21,1.08489E+16,4.83807E+16
72536,9.17012E+18,9,7,61,0,2017,1,5,1,3,4,6,0,1,0,0,0,2,0,6.41094E+20,5.3572E+21,1.09045E+16,4.83522E+16
72537,9.17012E+18,9,6,74,163,2017,1,3,1,3,9,1,0,1,0,0,0,2,0,6.11739E+20,5.53743E+21,1.05585E+16,4.99787E+16
72538,9.17012E+18,9,6,73,129,2017,1,12,1,3,5,3,0,1,0,0,0,0,0,5.81569E+20,5.59517E+21,1.01502E+16,5.05029E+16
72539,9.17012E+18,9,6,73,136,2017,1,10,1,3,8,1,0,1,0,0,0,0,0,5.93422E+20,5.57728E+21,1.03129E+16,5.03402E+16
72540,9.17012E+18,9,6,71,130,2017,1,17,1,3,5,3,0,1,0,1,0,2,2,5.15546E+20,5.53897E+21,9.21693E+15,5.00029E+16