OBJECTID,UIDENTSTLA,ULAND,UREGBEZ,UKREIS,UGEMEINDE,UJAHR,UMONAT,USTUNDE,UWOCHENTAG,UKATEGORIE,UART,UTYP1,IstRad,IstPKW,IstFuss,IstKrad,IstSonstig,LICHT,STRZUSTAND,LINREFX,LINREFY,XGCSWGS84,YGCSWGS84
72541,9.17012E+18,9,6,71,112,2017,1,19,1,3,4,2,0,1,0,0,0,2,1,5.18701E+20,5.53705E+21,9.26087E+15,4.99855E+16
72542,9.17012E+18,9,4,76,180,2017,1,0,1,3,8,1,0,1,0,0,0,2,1,6.69372E+20,5.58953E+21,1.13849E+16,5.04333E+16
72543,9.17012E+18,9,4,72,177,2017,1,11,1,3,0,1,0,1,0,0,0,0,0,6.78069E+20,5.5055E+21,1.14682E+16,4.96757E+16
72544,9.17012E+18,9,4,72,179,2017,1,8,1,2,5,3,0,1,0,0,0,0,0,6.716E+20,5.51804E+21,1.13842E+16,4.97903E+16
72545,9.17012E+18,9,4,71,140,2017,1,13,1,3,4,2,0,1,0,0,0,0,0,6.35516E+20,5.53305E+21,1.08884E+16,4.99344E+16
72546,9.17012E+18,9,3,75,208,2017,1,12,1,2,8,1,0,1,0,0,0,0,0,7.32836E+20,5.44287E+21,1.21896E+16,4.90946E+16
72547,9.17012E+18,9,3,73,147,2017,1,15,1,3,9,1,0,1,0,0,0,0,0,6.81615E+20,5.4613E+21,1.1497E+16,4.92775E+16
72548,9.17012E+18,9,3,76,170,2017,1,15,1,3,2,7,0,1,0,0,0,0,1,7.24825E+20,5.45697E+21,1.20879E+16,4.92242E+16
72549,9.17012E+18,9,2,71,111,2017,1,8,1,3,8,1,0,1,0,0,0,0,1,7.8735E+20,5.4063E+21,1.2909E+16,4.87434E+16
72550,9.17012E+18,9,2,75,122,2017,1,2,1,3,9,3,0,1,0,0,0,2,0,8.15088E+20,5.389E+21,1.32721E+16,4.85748E+16
72551,9.17012E+18,9,1,71,125,2017,1,4,1,3,8,1,0,1,0,0,0,2,0,7.81967E+20,5.35117E+21,1.27987E+16,4.8251E+16
72552,9.17012E+18,9,1,83,128,2017,1,21,1,2,8,1,0,1,0,0,0,2,1,7.60227E+20,5.35297E+21,1.25075E+16,4.82764E+16
72553,9.17012E+18,9,1,89,150,2017,1,9,1,2,5,3,0,1,0,0,0,0,0,7.76462E+20,5.32087E+21,1.27051E+16,4.79814E+16
72554,9.17012E+18,9,1,72,114,2017,1,11,1,3,5,3,0,1,0,0,0,0,1,7.90488E+20,5.29233E+21,1.28735E+16,4.77189E+16
72555,9.17012E+18,9,1,87,142,2017,1,14,1,2,4,2,0,1,0,0,0,0,0,7.34056E+20,5.31265E+21,1.21333E+16,4.79244E+16
72556,9.17012E+18,9,1,61,0,2017,1,1,1,3,5,2,0,1,0,0,0,2,0,6.77238E+20,5.40412E+21,1.14119E+16,4.87648E+16
72557,9.17012E+18,9,1,86,137,2017,1,21,1,3,1,1,0,1,0,0,1,2,2,6.83161E+20,5.39711E+21,1.14894E+16,4.87002E+16
72558,9.17012E+18,9,1,86,137,2017,1,21,1,3,9,1,0,1,0,0,0,2,2,6.8316E+20,5.39712E+21,1.14893E+16,4.87002E+16
72559,9.17013E+18,9,3,71,113,2017,1,16,4,3,5,3,0,1,0,0,0,0,0,6.89599E+20,5.50772E+21,1.16289E+16,4.96921E+16
72560,9.17012E+18,9,1,76,123,2017,1,4,1,3,7,1,0,1,0,0,0,2,0,6.5956E+20,5.41809E+21,1.1177E+16,4.88952E+16
72561,9.17012E+18,9,1,81,127,2017,1,13,1,3,3,6,0,1,0,0,1,0,0,6.31784E+20,5.32218E+21,1.0768E+16,4.80393E+16
72562,9.17012E+18,9,1,81,141,2017,1,4,1,3,9,1,0,1,0,0,0,2,2,6.43938E+20,5.3199E+21,1.09302E+16,4.80161E+16
72563,9.17012E+18,9,1,74,126,2017,1,8,1,3,3,6,0,1,0,0,0,0,0,6.83381E+20,5.34421E+21,1.14692E+16,4.82246E+16
72564,9.17012E+18,9,1,78,124,2017,1,16,1,3,2,6,0,1,0,0,0,0,0,7.06015E+20,5.3632E+21,1.17828E+16,4.83883E+16
72565,9.17012E+18,9,1,78,124,2017,1,13,1,3,2,6,0,1,0,0,1,0,0,7.02446E+20,5.36554E+21,1.17358E+16,4.84105E+16
72566,9.17012E+18,9,7,78,221,2017,1,9,7,3,2,6,0,1,0,0,0,0,0,5.95676E+20,5.33868E+21,1.02874E+16,4.81941E+16
72567,9.17012E+18,9,7,63,0,2017,1,19,7,3,5,3,0,1,0,0,0,2,1,5.99319E+20,5.28762E+21,1.03247E+16,4.77343E+16
72568,9.17012E+18,9,7,62,0,2017,1,13,7,3,4,6,0,1,0,0,0,0,1,6.19385E+20,5.30375E+21,1.05966E+16,4.7876E+16
72569,9.17012E+18,9,7,79,136,2017,1,13,7,2,5,3,0,1,0,0,1,0,0,6.08179E+20,5.40665E+21,1.04733E+16,4.88034E+16
72570,9.17012E+18,9,7,73,183,2017,1,13,7,3,2,6,0,1,0,0,0,0,0,6.0471E+20,5.38598E+21,1.04208E+16,4.86181E+16
72571,9.17012E+18,9,7,61,0,2017,1,13,7,3,2,6,0,1,0,0,0,0,0,6.36873E+20,5.35958E+21,1.08483E+16,4.83745E+16
72572,9.17012E+18,9,7,61,0,2017,1,17,7,3,2,7,0,1,0,0,0,2,1,6.43066E+20,5.36049E+21,1.09322E+16,4.83814E+16
72573,9.17012E+18,9,6,79,177,2017,1,13,7,2,4,6,0,1,0,0,0,0,0,5.49585E+20,5.51697E+21,9.68907E+15,4.98031E+16
72574,9.17012E+18,9,6,78,193,2017,1,13,7,3,2,6,0,1,0,0,0,0,0,5.79644E+20,5.5384E+21,1.01111E+16,4.99926E+16
72575,9.17012E+18,9,6,71,159,2017,1,9,7,2,7,1,0,1,0,0,0,0,0,5.17363E+20,5.55077E+21,9.24282E+15,5.01089E+16
72576,9.17012E+18,9,7,76,116,2017,1,22,3,3,8,1,0,1,0,0,0,2,0,5.51718E+20,5.26761E+21,9.68749E+15,4.75599E+16
72577,9.17012E+18,9,7,77,128,2017,1,17,3,3,8,1,0,1,0,0,0,2,2,6.14047E+20,5.30332E+21,1.05252E+16,4.78731E+16
72578,9.17012E+18,9,5,72,126,2017,1,11,7,3,2,6,0,1,0,0,1,0,0,6.34116E+20,5.50593E+21,1.08595E+16,4.96909E+16
72579,9.17012E+18,9,7,79,181,2017,1,16,3,3,8,1,0,1,0,0,0,0,1,6.31864E+20,5.38989E+21,1.07903E+16,4.86481E+16
72580,9.17012E+18,9,7,71,162,2017,1,16,3,3,5,3,0,1,0,0,0,1,1,6.66192E+20,5.36905E+21,1.12477E+16,4.84526E+16
72581,9.17012E+18,9,7,71,144,2017,1,10,3,3,8,1,0,1,0,0,0,0,1,6.60452E+20,5.37446E+21,1.11722E+16,4.85028E+16
72582,9.17012E+18,9,6,79,180,2017,1,10,3,3,6,4,0,1,1,0,0,0,0,5.68592E+20,5.52313E+21,9.95427E+15,4.98566E+16
72583,9.17012E+18,9,6,63,0,2017,1,16,3,3,2,6,0,1,0,0,0,0,0,5.67651E+20,5.51678E+21,9.94007E+15,4.97996E+16
72584,9.17012E+18,9,5,72,121,2017,1,10,7,3,5,3,0,1,0,0,0,0,0,6.57563E+20,5.49437E+21,1.11798E+16,4.95814E+16
72585,9.17013E+18,9,2,78,143,2017,1,18,4,3,5,3,0,1,0,0,0,2,0,7.71916E+20,5.44408E+21,1.27247E+16,4.90894E+16
72586,9.17012E+18,9,5,74,157,2017,1,22,7,2,9,1,0,1,0,0,0,2,0,6.64845E+20,5.46851E+21,1.12696E+16,4.9347E+16
72587,9.17012E+18,9,5,63,0,2017,1,12,7,3,5,3,1,1,0,0,0,0,0,6.44475E+20,5.48174E+21,1.09942E+16,4.94711E+16
72588,9.17012E+18,9,5,64,0,2017,1,9,7,3,1,5,0,1,0,0,1,0,0,6.52642E+20,5.48073E+21,1.11065E+16,4.946E+16
72589,9.17012E+18,9,5,64,0,2017,1,9,7,3,1,5,0,1,0,0,0,0,0,6.52639E+20,5.48073E+21,1.11064E+16,4.94601E+16
72590,9.17012E+18,9,5,77,177,2017,1,9,7,3,2,6,0,1,0,0,0,0,0,6.44489E+20,5.43277E+21,1.09767E+16,4.90309E+16
72591,9.17012E+18,9,5,75,147,2017,1,16,7,3,5,3,0,1,0,0,0,0,2,6.11408E+20,5.50265E+21,1.05439E+16,4.9666E+16
72592,9.17012E+18,9,5,75,157,2017,1,16,7,2,8,1,0,1,0,0,0,0,0,6.01145E+20,5.50964E+21,1.04035E+16,4.97308E+16
72593,9.17012E+18,9,5,75,138,2017,1,12,7,3,4,2,0,1,0,0,0,0,0,6.0917E+20,5.497E+21,1.05113E+16,4.96157E+16
72594,9.17012E+18,9,5,71,145,2017,1,14,7,2,5,3,0,1,0,0,0,0,0,5.9396E+20,5.44129E+21,1.02877E+16,4.91173E+16
72595,9.17012E+18,9,5,71,216,2017,1,15,7,3,9,1,0,1,0,0,0,0,0,6.19872E+20,5.45307E+21,1.06461E+16,4.92187E+16
72596,9.17012E+18,9,4,76,145,2017,1,6,7,3,1,5,0,1,0,0,0,2,1,6.66271E+20,5.5676E+21,1.13317E+16,5.02371E+16
72597,9.17012E+18,9,4,72,139,2017,1,20,7,3,8,1,0,1,0,0,0,2,0,6.94089E+20,5.55285E+21,1.17138E+16,5.00962E+16
72598,9.17012E+18,9,4,74,126,2017,1,10,7,3,2,2,0,1,0,0,0,0,0,6.48496E+20,5.50723E+21,1.10593E+16,4.96992E+16
72599,9.17012E+18,9,4,61,0,2017,1,12,7,3,1,7,0,1,0,0,0,0,0,6.37881E+20,5.52945E+21,1.092E+16,4.99015E+16
72600,9.17012E+18,9,3,62,0,2017,1,21,7,2,8,1,0,1,0,0,0,2,0,7.26728E+20,5.43114E+21,1.20995E+16,4.89915E+16
72601,9.17012E+18,9,3,72,137,2017,1,13,7,3,4,2,0,1,0,0,0,0,0,7.81943E+20,5.45451E+21,1.2869E+16,4.91785E+16
72602,9.17012E+18,9,3,76,175,2017,1,10,7,3,5,3,0,1,0,0,1,0,0,7.31961E+20,5.46495E+21,1.21904E+16,4.92932E+16
72603,9.17012E+18,9,3,61,0,2017,1,18,7,3,4,2,0,1,0,0,0,2,1,7.0694E+20,5.48057E+21,1.18548E+16,4.94426E+16
72604,9.17012E+18,9,3,61,0,2017,1,13,7,3,4,2,0,1,0,0,0,0,0,7.07935E+20,5.4808E+21,1.18687E+16,4.94442E+16
72605,9.17012E+18,9,3,61,0,2017,1,5,7,3,5,3,0,1,0,0,0,2,0,7.0702E+20,5.48051E+21,1.18559E+16,4.94419E+16
72606,9.17012E+18,9,2,74,119,2017,1,15,7,2,5,3,0,1,0,0,0,0,0,7.42231E+20,5.40094E+21,1.22932E+16,4.87144E+16
72607,9.17012E+18,9,2,74,126,2017,1,23,7,2,9,1,0,1,0,0,0,2,2,7.30207E+20,5.38812E+21,1.21229E+16,4.86038E+16
72608,9.17012E+18,9,2,74,128,2017,1,9,7,3,2,6,0,1,0,0,0,0,0,7.35142E+20,5.38647E+21,1.21888E+16,4.85871E+16
72609,9.17012E+18,9,2,74,194,2017,1,14,7,3,2,6,0,1,0,0,0,0,0,7.21134E+20,5.37842E+21,1.19948E+16,4.85199E+16
72610,9.17012E+18,9,1,73,147,2017,1,13,7,3,5,3,1,1,0,0,0,0,1,6.815E+20,5.30891E+21,1.14289E+16,4.79079E+16
72611,9.17012E+18,9,6,77,125,2017,1,12,3,2,9,7,0,1,0,0,1,0,0,5.46747E+20,5.51718E+21,9.64966E+15,4.98053E+16
72612,9.17012E+18,9,6,78,160,2017,1,16,3,2,8,1,0,1,0,0,0,0,0,5.82057E+20,5.54708E+21,1.01467E+16,5.00703E+16
72613,9.17013E+18,9,1,80,126,2017,1,11,4,3,8,1,0,0,0,0,1,0,2,6.60318E+20,5.27026E+21,1.11314E+16,4.75659E+16
72614,9.17013E+18,9,3,76,116,2017,1,15,4,2,5,3,0,1,0,0,0,0,1,7.36382E+20,5.46483E+21,1.2251E+16,4.92904E+16
72615,9.17012E+18,9,1,90,142,2017,1,22,7,3,0,7,0,1,0,0,1,2,2,6.58776E+20,5.29668E+21,1.11205E+16,4.78039E+16
72616,9.17012E+18,9,1,90,158,2017,1,11,7,3,4,1,0,1,0,0,0,0,1,6.52641E+20,5.30314E+21,1.10409E+16,4.78634E+16
72617,9.17012E+18,9,1,90,145,2017,1,11,7,2,4,6,0,1,0,0,0,0,2,6.45574E+20,5.29141E+21,1.09425E+16,4.77596E+16
72618,9.17012E+18,9,1,83,139,2017,1,9,7,3,9,1,0,1,0,0,0,0,0,7.35179E+20,5.33076E+21,1.21582E+16,4.80867E+16
72619,9.17012E+18,9,1,71,116,2017,1,12,7,3,8,3,0,1,0,0,0,0,0,7.70055E+20,5.33124E+21,1.26259E+16,4.80771E+16
72620,9.17012E+18,9,1,82,133,2017,1,11,7,3,4,6,0,1,0,0,0,0,0,7.03844E+20,5.30832E+21,1.17273E+16,4.78958E+16
72621,9.17012E+18,9,1,82,120,2017,1,14,7,3,2,6,0,1,0,0,0,0,0,7.02969E+20,5.31005E+21,1.17164E+16,4.79117E+16
72622,9.17012E+18,9,1,87,148,2017,1,12,7,3,2,6,0,1,0,0,0,0,1,7.39369E+20,5.27758E+21,1.2185E+16,4.76074E+16
72623,9.17012E+18,9,1,87,117,2017,1,8,7,3,2,6,0,1,0,0,1,0,0,7.23209E+20,5.30635E+21,1.1985E+16,4.78717E+16
72624,9.17012E+18,9,1,86,152,2017,1,13,7,3,2,6,0,1,0,0,0,0,1,6.89875E+20,5.3767E+21,1.15712E+16,4.85147E+16
72625,9.17012E+18,9,1,86,158,2017,1,15,7,3,4,2,0,1,0,0,0,1,0,6.91302E+20,5.40269E+21,1.16025E+16,4.87478E+16
72626,9.17012E+18,9,6,72,114,2017,1,17,3,3,1,6,0,1,0,0,0,1,0,5.77178E+20,5.55893E+21,1.00809E+16,5.01776E+16
72627,9.17012E+18,9,1,88,120,2017,1,6,7,3,5,3,1,1,0,0,0,2,0,6.76889E+20,5.32651E+21,1.13745E+16,4.80673E+16
72628,9.17012E+18,9,6,62,0,2017,1,7,3,3,5,3,0,1,0,0,1,1,1,5.87215E+20,5.54419E+21,1.02181E+16,5.00436E+16
72629,9.17012E+18,9,1,84,119,2017,1,15,7,3,2,6,0,1,0,0,0,0,0,6.95864E+20,5.34614E+21,1.16379E+16,4.82382E+16
72630,9.17012E+18,9,1,78,115,2017,1,13,7,3,9,1,0,1,0,0,0,0,2,7.01872E+20,5.37751E+21,1.17338E+16,4.85182E+16
72631,9.17012E+18,9,1,62,0,2017,1,7,6,3,4,7,0,1,0,0,0,0,0,6.85122E+20,5.34171E+21,1.14915E+16,4.82016E+16
72632,9.17012E+18,9,1,62,0,2017,1,18,6,3,1,6,0,1,0,0,0,2,1,6.8957E+20,5.34035E+21,1.15507E+16,4.81881E+16
72633,9.17012E+18,9,7,74,150,2017,1,10,6,3,2,6,0,1,0,0,0,0,0,6.00771E+20,5.34359E+21,1.03572E+16,4.82375E+16
72634,9.17012E+18,9,7,63,0,2017,1,15,6,2,4,1,0,1,0,0,1,0,2,5.94617E+20,5.28467E+21,1.02613E+16,4.77084E+16
72635,9.17012E+18,9,7,80,144,2017,1,23,6,2,9,1,0,1,0,0,0,2,2,5.89296E+20,5.27992E+21,1.01894E+16,4.76665E+16
72636,9.17012E+18,9,7,80,133,2017,1,16,6,3,2,6,0,1,0,0,0,0,1,5.95242E+20,5.25202E+21,1.02626E+16,4.74146E+16
72637,9.17012E+18,9,7,77,112,2017,1,14,6,3,2,6,0,1,0,0,0,0,0,6.22395E+20,5.29592E+21,1.06347E+16,4.7805E+16
72638,9.17012E+18,9,7,80,140,2017,1,14,6,3,9,1,0,1,0,0,0,0,2,6.01347E+20,5.27823E+21,1.03495E+16,4.76495E+16
72639,9.17012E+18,9,7,62,0,2017,1,14,6,3,2,6,0,1,0,0,0,0,0,6.20549E+20,5.30536E+21,1.06126E+16,4.78903E+16
72640,9.17012E+18,9,7,72,147,2017,1,14,6,3,2,6,0,1,0,0,1,0,0,6.38629E+20,5.36361E+21,1.08734E+16,4.84104E+16
72641,9.17012E+18,9,7,72,202,2017,1,14,6,3,2,6,0,1,0,0,0,0,0,6.37279E+20,5.35832E+21,1.08534E+16,4.83632E+16
72642,9.17012E+18,9,5,74,123,2017,1,16,3,3,2,6,0,1,0,0,0,0,0,6.61031E+20,5.47831E+21,1.12212E+16,4.94361E+16
72643,9.17012E+18,9,7,72,157,2017,1,17,6,3,5,1,1,1,0,0,0,2,0,6.27928E+20,5.33591E+21,1.07204E+16,4.81636E+16
72644,9.17013E+18,9,2,71,146,2017,1,13,4,3,4,2,0,1,0,0,0,0,1,7.86683E+20,5.41241E+21,1.29042E+16,4.87985E+16
72645,9.17012E+18,9,7,72,147,2017,1,14,6,3,5,3,0,1,0,0,0,0,0,6.38266E+20,5.36518E+21,1.0869E+16,4.84245E+16
72646,9.17012E+18,9,7,72,125,2017,1,15,6,3,9,1,0,1,0,0,0,0,0,6.26621E+20,5.34554E+21,1.07057E+16,4.82504E+16
72647,9.17012E+18,9,5,74,156,2017,1,7,3,3,2,6,0,1,0,0,0,0,0,6.584E+20,5.48194E+21,1.11863E+16,4.94694E+16
72648,9.17012E+18,9,7,61,0,2017,1,14,6,3,1,6,0,1,0,0,0,0,0,6.39939E+20,5.35405E+21,1.08879E+16,4.83241E+16
72649,9.17012E+18,9,7,71,130,2017,1,14,6,3,2,6,0,1,0,0,0,0,0,6.44462E+20,5.36156E+21,1.09514E+16,4.83906E+16
72650,9.17012E+18,9,5,72,135,2017,1,18,3,3,5,3,0,1,0,0,0,2,1,6.33227E+20,5.50768E+21,1.08478E+16,4.97069E+16
72651,9.17012E+18,9,5,72,131,2017,1,18,3,3,0,6,0,1,0,0,0,2,0,6.56908E+20,5.48929E+21,1.11687E+16,4.95359E+16
72652,9.17012E+18,9,6,79,175,2017,1,7,6,3,2,6,0,1,0,0,1,2,0,5.71818E+20,5.51008E+21,9.99673E+15,4.9739E+16
72653,9.17013E+18,9,2,76,138,2017,1,5,4,3,2,3,0,1,0,0,0,2,1,8.02256E+20,5.43186E+21,1.31301E+16,4.89657E+16
72654,9.17012E+18,9,6,75,144,2017,1,9,6,3,6,7,0,1,1,0,0,0,0,5.87986E+20,5.50707E+21,1.02204E+16,4.97097E+16
72655,9.17012E+18,9,5,64,0,2017,1,15,6,3,2,6,0,1,0,0,1,0,0,6.56567E+20,5.47296E+21,1.11575E+16,4.93892E+16
72656,9.17012E+18,9,5,74,123,2017,1,16,6,3,2,6,0,1,0,0,0,0,0,6.62196E+20,5.48061E+21,1.12381E+16,4.94565E+16
72657,9.17012E+18,9,5,74,138,2017,1,15,6,3,4,6,0,1,0,0,0,0,0,6.60014E+20,5.48849E+21,1.12112E+16,4.95279E+16
72658,9.17012E+18,9,5,76,143,2017,1,13,6,3,5,3,0,1,0,0,0,0,0,6.52488E+20,5.45566E+21,1.10947E+16,4.92347E+16
72659,9.17012E+18,9,5,64,0,2017,1,15,6,3,2,6,0,1,0,0,0,0,0,6.52245E+20,5.48127E+21,1.11012E+16,4.9465E+16
72660,9.17012E+18,9,5,64,0,2017,1,12,6,3,2,6,0,1,0,0,1,0,0,6.48988E+20,5.47895E+21,1.10554E+16,4.94449E+16
72661,9.17012E+18,9,5,73,114,2017,1,7,6,3,5,3,0,1,0,0,0,1,0,6.34272E+20,5.47995E+21,1.08528E+16,4.94574E+16
72662,9.17012E+18,9,5,75,118,2017,1,17,6,3,2,2,0,1,0,0,0,0,0,6.17455E+20,5.4956E+21,1.06255E+16,4.96015E+16
72663,9.17012E+18,9,5,75,128,2017,1,11,6,3,2,6,0,1,0,0,1,0,0,6.1961E+20,5.49921E+21,1.06564E+16,4.96336E+16
72664,9.17012E+18,9,4,75,142,2017,1,13,6,3,6,5,0,1,1,0,0,0,1,7.02701E+20,5.57234E+21,1.18444E+16,5.02684E+16
72665,9.17012E+18,9,4,76,189,2017,1,13,6,3,8,1,0,1,0,0,0,0,1,6.69727E+20,5.57331E+21,1.13826E+16,5.02875E+16
72666,9.17012E+18,9,4,76,145,2017,1,14,6,3,2,6,0,1,0,0,0,0,0,6.65696E+20,5.56692E+21,1.13233E+16,5.02312E+16
72667,9.17012E+18,9,4,71,207,2017,1,15,6,3,2,6,0,1,0,0,0,0,0,6.27045E+20,5.5318E+21,1.077E+16,4.9925E+16
72668,9.17012E+18,9,5,76,151,2017,1,6,3,3,4,2,0,1,0,0,0,2,0,6.57283E+20,5.47058E+21,1.11664E+16,4.93676E+16
72669,9.17012E+18,9,5,76,148,2017,1,14,3,3,4,6,0,1,0,0,0,0,2,6.61281E+20,5.43834E+21,1.12085E+16,4.90768E+16
72670,9.17012E+18,9,5,76,113,2017,1,8,3,3,2,6,0,1,0,0,0,0,0,6.61409E+20,5.45746E+21,1.12179E+16,4.92486E+16
72671,9.17013E+18,9,2,75,149,2017,1,23,4,3,8,1,0,1,0,0,0,2,0,8.16626E+20,5.37612E+21,1.32831E+16,4.84585E+16
72672,9.17012E+18,9,4,61,0,2017,1,8,6,3,5,3,0,1,0,0,0,0,2,6.37153E+20,5.53045E+21,1.09103E+16,4.99107E+16
72673,9.17012E+18,9,3,75,175,2017,1,13,6,3,3,6,0,1,0,0,1,0,0,7.15969E+20,5.43464E+21,1.19545E+16,4.90268E+16
72674,9.17012E+18,9,5,74,112,2017,1,7,3,3,5,3,1,1,0,0,0,0,1,6.70372E+20,5.47264E+21,1.13475E+16,4.93826E+16
72675,9.17012E+18,9,3,72,126,2017,1,17,6,3,5,3,0,1,0,0,0,2,0,7.79525E+20,5.47029E+21,1.28469E+16,4.93213E+16
72676,9.17012E+18,9,3,75,183,2017,1,10,6,2,1,2,0,1,0,0,1,0,0,7.40721E+20,5.43003E+21,1.22898E+16,4.89762E+16
72677,9.17012E+18,9,3,72,116,2017,1,18,6,3,5,3,0,1,0,0,0,2,0,7.66651E+20,5.45624E+21,1.26608E+16,4.92009E+16
72678,9.17012E+18,9,3,72,174,2017,1,6,6,2,0,6,0,1,0,0,0,2,2,7.72487E+20,5.46318E+21,1.27454E+16,4.92607E+16
72679,9.17012E+18,9,2,76,139,2017,1,15,6,2,5,3,0,1,0,0,0,0,0,8.09307E+20,5.42866E+21,1.32237E+16,4.89334E+16
72680,9.17012E+18,9,2,71,127,2017,1,15,6,3,8,1,0,1,0,0,0,0,0,8.07171E+20,5.40588E+21,1.31776E+16,4.87301E+16
72681,9.17012E+18,9,2,71,119,2017,1,18,6,3,3,2,0,1,0,0,0,1,0,7.90437E+20,5.41626E+21,1.29579E+16,4.88313E+16
72682,9.17012E+18,9,2,78,154,2017,1,8,6,3,9,1,0,1,0,0,0,0,1,7.76316E+20,5.43093E+21,1.27758E+16,4.89694E+16
72683,9.17012E+18,9,2,75,151,2017,1,10,6,3,2,6,0,1,0,0,0,0,0,8.25014E+20,5.39309E+21,1.34095E+16,4.86064E+16
72684,9.17012E+18,9,2,62,0,2017,1,12,6,3,0,6,0,1,0,0,1,0,0,8.29971E+20,5.39011E+21,1.34741E+16,4.8577E+16
72685,9.17012E+18,9,2,75,151,2017,1,10,6,3,5,2,0,1,0,0,0,0,0,8.25014E+20,5.39311E+21,1.34095E+16,4.86065E+16
72686,9.17012E+18,9,2,61,0,2017,1,11,6,3,4,2,0,1,0,0,0,0,0,7.34441E+20,5.38196E+21,1.21768E+16,4.85469E+16
72687,9.17012E+18,9,2,74,126,2017,1,14,6,3,6,7,0,1,1,0,0,0,0,7.33834E+20,5.38405E+21,1.21697E+16,4.85659E+16
72688,9.17012E+18,9,2,73,152,2017,1,16,6,3,2,6,0,1,0,0,0,1,0,7.0418E+20,5.41154E+21,1.17819E+16,4.88232E+16
72689,9.17012E+18,9,2,73,111,2017,1,18,6,3,2,6,0,1,0,0,0,2,1,7.12846E+20,5.41024E+21,1.18991E+16,4.88087E+16
72690,9.17012E+18,9,1,80,126,2017,1,7,6,2,4,1,0,1,0,0,0,0,2,6.60696E+20,5.269E+21,1.1136E+16,4.75545E+16
72691,9.17012E+18,9,1,73,123,2017,1,18,6,3,8,1,0,1,0,0,0,2,0,6.79664E+20,5.30227E+21,1.14016E+16,4.78486E+16
72692,9.17012E+18,9,1,90,138,2017,1,8,6,3,5,3,0,1,0,0,1,0,0,6.62899E+20,5.3078E+21,1.11797E+16,4.79028E+16
72693,9.17012E+18,9,5,63,0,2017,1,17,3,3,3,6,0,1,0,0,0,2,0,6.43329E+20,5.48275E+21,1.09787E+16,4.94804E+16
72694,9.17012E+18,9,5,63,0,2017,1,7,3,3,5,3,0,1,0,0,0,0,1,6.44181E+20,5.47961E+21,1.09894E+16,4.9452E+16
72695,9.17012E+18,9,1,81,113,2017,1,13,6,2,4,6,0,1,0,0,0,0,2,6.32537E+20,5.30087E+21,1.07716E+16,4.78475E+16
72696,9.17012E+18,9,1,90,148,2017,1,22,6,3,6,4,0,1,1,0,0,2,1,6.44341E+20,5.29795E+21,1.09283E+16,4.78187E+16
72697,9.17012E+18,9,1,90,141,2017,1,12,6,3,2,6,0,1,0,0,0,0,0,6.77076E+20,5.29275E+21,1.13631E+16,4.77638E+16
72698,9.17012E+18,9,1,72,114,2017,1,15,6,3,2,6,0,1,0,0,0,0,0,7.94167E+20,5.29793E+21,1.29262E+16,4.77675E+16
72699,9.17012E+18,9,1,83,115,2017,1,8,6,3,1,2,0,1,0,0,0,0,0,7.55461E+20,5.36579E+21,1.24512E+16,4.83934E+16
72700,9.17012E+18,9,1,83,127,2017,1,18,6,3,5,2,0,1,0,0,0,2,0,7.55113E+20,5.35001E+21,1.24369E+16,4.82519E+16
72701,9.17013E+18,9,2,63,0,2017,1,18,4,3,2,2,0,1,0,0,0,2,1,7.64537E+20,5.42087E+21,1.26087E+16,4.88843E+16
72702,9.17012E+18,9,1,89,152,2017,1,17,6,3,8,1,0,1,0,0,0,2,0,7.76732E+20,5.325E+21,1.27113E+16,4.80183E+16
72703,9.17012E+18,9,5,64,0,2017,1,21,3,3,2,6,0,1,0,0,0,2,0,6.4895E+20,5.47891E+21,1.10548E+16,4.94445E+16
72704,9.17012E+18,9,1,89,129,2017,1,13,6,3,5,3,0,1,0,0,0,0,0,7.59585E+20,5.29454E+21,1.24635E+16,4.77519E+16
72705,9.17012E+18,9,1,87,116,2017,1,11,6,3,9,1,0,1,0,0,0,0,2,7.48771E+20,5.32961E+21,1.23397E+16,4.80712E+16
72706,9.17012E+18,9,5,71,136,2017,1,22,3,2,8,1,0,1,0,0,0,2,1,5.8909E+20,5.43993E+21,1.02206E+16,4.91057E+16
72707,9.17012E+18,9,1,87,168,2017,1,16,6,3,1,6,0,1,0,0,0,1,1,7.49664E+20,5.30657E+21,1.23383E+16,4.78639E+16
72708,9.17012E+18,9,1,87,157,2017,1,7,6,3,5,3,0,1,0,0,0,1,0,7.39315E+20,5.28199E+21,1.21866E+16,4.7647E+16
72709,9.17012E+18,9,1,76,138,2017,1,9,6,3,3,6,0,1,0,0,1,0,0,6.75842E+20,5.42679E+21,1.14027E+16,4.8969E+16
72710,9.17012E+18,9,1,86,137,2017,1,17,6,3,5,3,0,1,0,0,0,1,0,6.87621E+20,5.40031E+21,1.15514E+16,4.87276E+16
72711,9.17012E+18,9,1,79,142,2017,1,11,6,3,3,6,0,1,0,0,1,0,0,6.77466E+20,5.34235E+21,1.13888E+16,4.82095E+16
72712,9.17012E+18,9,7,71,111,2017,1,9,6,3,2,6,0,1,0,0,1,0,0,6.58368E+20,5.35732E+21,1.11375E+16,4.83492E+16