OBJECTID,UIDENTSTLA,ULAND,UREGBEZ,UKREIS,UGEMEINDE,UJAHR,UMONAT,USTUNDE,UWOCHENTAG,UKATEGORIE,UART,UTYP1,IstRad,IstPKW,IstFuss,IstKrad,IstSonstig,LICHT,STRZUSTAND,LINREFX,LINREFY,XGCSWGS84,YGCSWGS84
72713,9.17012E+18,9,1,88,139,2017,1,14,6,3,1,6,0,1,0,0,0,0,0,6.74279E+20,5.31842E+21,1.13362E+16,4.79953E+16
72714,9.17012E+18,9,1,81,130,2017,1,14,6,3,8,1,0,1,0,0,0,0,0,6.36836E+20,5.32341E+21,1.08361E+16,4.80493E+16
72715,9.17012E+18,9,1,79,121,2017,1,10,6,3,5,3,0,1,0,0,0,0,0,6.684E+20,5.33805E+21,1.12652E+16,4.81734E+16
72716,9.17012E+18,9,1,74,115,2017,1,8,6,3,5,3,0,1,0,0,0,0,2,6.80424E+20,5.34513E+21,1.14298E+16,4.82337E+16
72717,9.17012E+18,9,1,74,137,2017,1,16,6,3,8,1,0,1,0,0,0,1,1,6.58926E+20,5.35037E+21,1.11424E+16,4.82866E+16
72718,9.17012E+18,9,1,74,115,2017,1,14,6,3,2,6,0,1,0,0,0,0,0,6.82417E+20,5.35068E+21,1.1459E+16,4.8283E+16
72719,9.17012E+18,9,1,74,115,2017,1,7,6,3,2,6,0,1,0,0,1,1,2,6.79862E+20,5.34859E+21,1.14237E+16,4.8265E+16
72720,9.17012E+18,9,1,84,140,2017,1,15,6,3,2,6,0,1,0,0,0,0,0,7.02663E+20,5.32756E+21,1.17206E+16,4.80691E+16
72721,9.17012E+18,9,1,78,145,2017,1,16,6,3,2,6,0,1,0,0,0,0,0,6.94029E+20,5.35544E+21,1.16175E+16,4.83224E+16
72722,9.17012E+18,9,1,77,117,2017,1,20,6,3,5,2,0,1,0,0,0,2,2,7.15974E+20,5.35309E+21,1.1912E+16,4.82941E+16
72723,9.17012E+18,9,1,75,115,2017,1,14,6,3,5,3,0,1,0,0,0,0,0,7.21351E+20,5.32894E+21,1.19718E+16,4.80753E+16
72724,9.17012E+18,9,1,75,112,2017,1,11,6,3,1,3,0,1,0,0,0,0,0,7.24143E+20,5.31965E+21,1.20044E+16,4.79909E+16
72725,9.17012E+18,9,1,62,0,2017,1,15,5,3,2,6,0,1,0,0,0,0,0,6.84877E+20,5.34209E+21,1.14884E+16,4.82051E+16
72726,9.17012E+18,9,1,62,0,2017,1,7,5,3,5,3,0,1,0,0,1,0,0,6.86185E+20,5.33522E+21,1.15029E+16,4.8143E+16
72727,9.17012E+18,9,1,84,118,2017,1,20,5,3,2,6,0,1,0,0,0,2,2,7.04232E+20,5.33618E+21,1.17457E+16,4.8146E+16
72728,9.17012E+18,9,1,84,136,2017,1,18,5,3,4,1,0,1,0,0,1,2,2,6.96907E+20,5.32655E+21,1.16429E+16,4.80618E+16
72729,9.17012E+18,9,1,62,0,2017,1,9,5,3,6,4,0,1,1,0,0,0,1,6.91299E+20,5.3311E+21,1.15698E+16,4.81044E+16
72730,9.17012E+18,9,7,64,0,2017,1,20,5,3,0,1,0,1,0,0,0,2,0,5.88286E+20,5.31685E+21,1.01835E+16,4.79989E+16
72731,9.17012E+18,9,7,74,144,2017,1,11,5,3,2,6,0,1,0,0,0,0,0,6.06544E+20,5.36322E+21,1.04398E+16,4.84131E+16
72732,9.17012E+18,9,7,75,135,2017,1,12,5,3,2,6,0,1,0,0,0,0,0,5.75997E+20,5.35479E+21,1.00256E+16,4.83417E+16
72733,9.17012E+18,9,5,71,136,2017,1,19,3,3,4,2,0,1,0,0,1,2,0,5.96678E+20,5.43614E+21,1.03237E+16,4.90706E+16
72734,9.17012E+18,9,7,78,115,2017,1,17,5,3,5,2,0,1,0,0,0,2,0,5.92778E+20,5.3328E+21,1.02472E+16,4.81416E+16
72735,9.17012E+18,9,7,75,129,2017,1,13,5,2,9,1,0,1,0,0,0,0,1,5.81905E+20,5.34034E+21,1.01025E+16,4.8211E+16
72736,9.17012E+18,9,7,77,128,2017,1,16,5,3,3,6,0,1,0,0,0,0,0,6.17276E+20,5.30329E+21,1.05683E+16,4.78722E+16
72737,9.17012E+18,9,7,79,217,2017,1,9,5,2,8,1,0,1,0,0,0,0,0,6.4156E+20,5.40958E+21,1.09286E+16,4.88231E+16
72738,9.17012E+18,9,4,79,136,2017,1,17,3,3,9,1,0,1,0,0,0,2,2,7.22769E+20,5.5438E+21,1.2109E+16,5.00049E+16
72739,9.17012E+18,9,7,79,155,2017,1,7,5,3,2,6,0,1,0,0,0,0,1,6.27045E+20,5.4011E+21,1.07284E+16,4.87499E+16
72740,9.17012E+18,9,7,72,184,2017,1,7,5,3,1,6,0,1,0,0,0,0,0,6.33088E+20,5.35889E+21,1.0797E+16,4.83692E+16
72741,9.17012E+18,9,4,74,134,2017,1,14,3,3,4,2,0,1,0,0,0,0,0,6.46825E+20,5.50584E+21,1.10356E+16,4.96872E+16
72742,9.17012E+18,9,7,71,142,2017,1,7,5,3,2,6,0,1,0,0,0,0,1,6.45725E+20,5.35117E+21,1.09649E+16,4.82969E+16
72743,9.17012E+18,9,7,61,0,2017,1,17,5,3,5,3,0,1,0,0,0,2,0,6.41327E+20,5.36509E+21,1.09103E+16,4.84231E+16
72744,9.17012E+18,9,6,63,0,2017,1,18,5,3,2,6,0,1,0,0,0,2,0,5.65327E+20,5.51173E+21,9.90693E+15,4.97545E+16
72745,9.17012E+18,9,6,75,117,2017,1,9,5,3,4,1,0,1,0,0,0,0,2,5.79848E+20,5.51939E+21,1.01101E+16,4.98216E+16
72746,9.17012E+18,9,6,74,159,2017,1,12,5,3,5,3,0,1,0,0,0,0,0,6.19102E+20,5.53192E+21,1.06594E+16,4.99277E+16
72747,9.17013E+18,9,2,78,154,2017,1,17,4,3,9,7,0,1,0,0,0,2,1,7.77414E+20,5.43254E+21,1.27919E+16,4.89834E+16
72748,9.17012E+18,9,5,62,0,2017,1,18,5,3,2,6,0,1,0,0,0,1,0,6.44336E+20,5.49523E+21,1.09972E+16,4.95924E+16
72749,9.17012E+18,9,5,72,126,2017,1,13,5,3,8,1,0,1,0,0,0,0,0,6.33902E+20,5.50602E+21,1.08566E+16,4.96918E+16
72750,9.17012E+18,9,4,71,115,2017,1,15,3,3,9,1,0,1,0,0,0,0,0,6.31914E+20,5.54E+21,1.08406E+16,4.99977E+16
72751,9.17012E+18,9,5,72,137,2017,1,12,5,3,9,1,0,1,0,0,0,0,2,6.51574E+20,5.48984E+21,1.10952E+16,4.95422E+16
72752,9.17012E+18,9,5,76,128,2017,1,18,5,3,4,2,0,1,0,0,0,2,0,6.45278E+20,5.46378E+21,1.09987E+16,4.93095E+16
72753,9.17012E+18,9,5,74,155,2017,1,6,5,3,4,2,0,1,0,0,0,1,2,6.73881E+20,5.49934E+21,1.14075E+16,4.96215E+16
72754,9.17012E+18,9,5,76,127,2017,1,7,5,3,2,6,0,1,0,0,0,1,0,6.59604E+20,5.45041E+21,1.11903E+16,4.91857E+16
72755,9.17012E+18,9,5,74,157,2017,1,17,5,3,3,6,0,1,0,0,0,2,0,6.63308E+20,5.47005E+21,1.12491E+16,4.93613E+16
72756,9.17012E+18,9,5,63,0,2017,1,11,5,2,5,2,0,1,0,0,1,0,0,6.44192E+20,5.48271E+21,1.09906E+16,4.94799E+16
72757,9.17012E+18,9,5,64,0,2017,1,11,5,3,2,6,0,1,0,0,0,0,0,6.49154E+20,5.47876E+21,1.10576E+16,4.94432E+16
72758,9.17012E+18,9,5,64,0,2017,1,22,5,3,2,6,0,1,0,0,0,2,0,6.53782E+20,5.47883E+21,1.11214E+16,4.94427E+16
72759,9.17012E+18,9,5,64,0,2017,1,7,5,3,2,6,0,1,0,0,0,0,0,6.47623E+20,5.47628E+21,1.10356E+16,4.94213E+16
72760,9.17012E+18,9,5,71,145,2017,1,22,5,2,5,2,1,1,0,0,0,2,0,5.96558E+20,5.44695E+21,1.03246E+16,4.91678E+16
72761,9.17012E+18,9,5,75,133,2017,1,13,5,3,5,3,0,1,0,0,1,0,0,6.04447E+20,5.4793E+21,1.04413E+16,4.94573E+16
72762,9.17012E+18,9,4,79,136,2017,1,16,5,3,5,3,0,1,0,0,0,1,0,7.21714E+20,5.54484E+21,1.20949E+16,5.00146E+16
72763,9.17012E+18,9,4,73,121,2017,1,17,5,3,8,1,0,1,0,0,0,2,2,6.45762E+20,5.5677E+21,1.10443E+16,5.02435E+16
72764,9.17012E+18,9,4,78,139,2017,1,6,5,3,8,1,0,1,0,0,0,2,0,6.43979E+20,5.55631E+21,1.1015E+16,5.01415E+16
72765,9.17012E+18,9,4,78,165,2017,1,6,5,3,8,1,0,1,0,0,0,2,0,6.41943E+20,5.55422E+21,1.09857E+16,5.01232E+16
72766,9.17012E+18,9,4,76,178,2017,1,20,5,2,4,6,0,1,0,0,1,2,0,6.62593E+20,5.57688E+21,1.12841E+16,5.03216E+16
72767,9.17012E+18,9,4,76,145,2017,1,10,5,3,2,6,0,1,0,0,0,0,0,6.6616E+20,5.56727E+21,1.133E+16,5.02342E+16
72768,9.17012E+18,9,4,76,178,2017,1,9,5,3,1,6,0,1,0,0,0,0,0,6.62719E+20,5.57474E+21,1.12849E+16,5.03023E+16
72769,9.17012E+18,9,3,77,159,2017,1,7,3,3,8,1,0,1,0,0,0,0,1,7.3115E+20,5.53384E+21,1.22198E+16,4.99122E+16
72770,9.17012E+18,9,3,77,158,2017,1,15,3,2,0,7,1,0,0,0,0,0,1,7.36909E+20,5.54423E+21,1.23062E+16,5.00033E+16
72771,9.17012E+18,9,4,77,151,2017,1,16,5,3,1,6,0,1,0,0,1,0,0,6.76253E+20,5.56351E+21,1.14696E+16,5.01975E+16
72772,9.17013E+18,9,1,90,121,2017,1,16,4,3,8,7,0,1,0,0,0,1,1,6.64794E+20,5.28912E+21,1.1198E+16,4.77344E+16
72773,9.17012E+18,9,4,72,119,2017,1,18,5,3,9,7,0,1,0,0,0,2,0,6.87161E+20,5.53865E+21,1.16101E+16,4.99708E+16
72774,9.17013E+18,9,3,76,163,2017,1,19,4,3,9,7,0,1,0,0,0,2,1,7.26308E+20,5.47468E+21,1.21183E+16,4.93827E+16
72775,9.17012E+18,9,3,74,117,2017,1,7,3,3,8,1,0,1,0,0,0,0,1,7.04957E+20,5.51552E+21,1.18457E+16,4.97572E+16
72776,9.17012E+18,9,4,72,199,2017,1,12,5,2,2,6,0,1,0,0,0,0,0,6.92649E+20,5.53886E+21,1.16867E+16,4.99709E+16
72777,9.17012E+18,9,3,75,210,2017,1,17,3,1,6,2,0,1,1,0,0,2,1,7.48337E+20,5.43301E+21,1.23955E+16,4.9E+16
72778,9.17012E+18,9,4,61,0,2017,1,18,5,3,9,1,0,1,0,0,0,2,0,6.39925E+20,5.52557E+21,1.09471E+16,4.98662E+16
72779,9.17012E+18,9,4,74,158,2017,1,16,5,2,5,3,1,1,0,0,0,0,0,6.5209E+20,5.50702E+21,1.1109E+16,4.96964E+16
72780,9.17012E+18,9,4,71,142,2017,1,11,5,3,4,1,0,1,0,0,0,0,0,6.58284E+20,5.5243E+21,1.12019E+16,4.98502E+16
72781,9.17012E+18,9,3,74,119,2017,1,7,5,3,5,3,0,1,0,0,0,0,1,7.23565E+20,5.50133E+21,1.20956E+16,4.96231E+16
72782,9.17012E+18,9,3,74,168,2017,1,15,5,2,2,6,0,1,0,0,1,0,0,7.27133E+20,5.52231E+21,1.21571E+16,4.98102E+16
72783,9.17012E+18,9,3,74,124,2017,1,8,5,3,2,6,0,1,0,0,0,0,0,7.09346E+20,5.51147E+21,1.19044E+16,4.97193E+16
72784,9.17012E+18,9,3,73,151,2017,1,18,5,3,2,6,0,1,0,0,0,2,0,6.99194E+20,5.45094E+21,1.17333E+16,4.91789E+16
72785,9.17012E+18,9,3,75,162,2017,1,8,5,3,1,1,0,0,0,0,1,0,0,7.13706E+20,5.43761E+21,1.19251E+16,4.90543E+16
72786,9.17012E+18,9,3,75,174,2017,1,6,5,3,4,2,0,0,0,0,1,2,0,7.33263E+20,5.431E+21,1.21886E+16,4.89878E+16
72787,9.17012E+18,9,3,73,119,2017,1,15,5,3,4,1,0,1,0,0,0,1,1,6.83575E+20,5.45633E+21,1.15217E+16,4.92322E+16
72788,9.17012E+18,9,3,76,119,2017,1,18,5,2,6,7,0,1,1,0,0,2,1,7.21395E+20,5.45495E+21,1.20397E+16,4.92073E+16
72789,9.17012E+18,9,2,76,128,2017,1,13,5,2,8,1,0,1,0,0,0,0,1,7.86895E+20,5.44023E+21,1.29266E+16,4.9048E+16
72790,9.17012E+18,9,2,63,0,2017,1,13,5,3,5,3,0,1,0,0,0,0,0,7.61561E+20,5.42022E+21,1.25678E+16,4.88797E+16
72791,9.17012E+18,9,2,77,113,2017,1,11,5,2,5,3,0,1,0,0,0,0,0,8.04325E+20,5.37247E+21,1.31145E+16,4.84318E+16
72792,9.17012E+18,9,2,75,135,2017,1,18,5,3,4,6,0,0,0,0,1,2,1,8.27126E+20,5.40203E+21,1.34451E+16,4.86854E+16
72793,9.17012E+18,9,2,75,128,2017,1,18,5,3,4,6,0,1,0,0,1,2,0,8.28105E+20,5.40204E+21,1.34584E+16,4.8685E+16
72794,9.17013E+18,9,1,85,127,2017,1,9,2,3,8,7,0,1,0,0,0,0,0,6.5204E+20,5.39115E+21,1.10645E+16,4.86549E+16
72795,9.17013E+18,9,1,61,0,2017,1,13,2,3,1,6,0,1,0,0,0,0,1,6.75421E+20,5.40494E+21,1.13876E+16,4.87727E+16
72796,9.17013E+18,9,1,76,165,2017,1,15,2,3,8,1,0,1,0,0,0,0,2,6.65073E+20,5.42211E+21,1.12538E+16,4.89299E+16
72797,9.17013E+18,9,6,63,0,2017,1,7,2,2,2,1,0,1,0,0,1,0,1,5.66653E+20,5.51675E+21,9.9262E+15,4.97995E+16
72798,9.17013E+18,9,5,71,165,2017,1,14,3,3,2,6,0,1,0,0,1,0,0,6.31126E+20,5.46702E+21,1.08052E+16,4.93418E+16
72799,9.17013E+18,9,5,62,0,2017,1,6,3,3,2,6,0,1,0,0,0,2,1,6.43338E+20,5.49162E+21,1.09821E+16,4.95602E+16
72800,9.17013E+18,9,7,72,202,2017,1,16,3,3,5,7,0,1,0,0,1,0,1,6.36723E+20,5.35881E+21,1.0846E+16,4.83677E+16
72801,9.17013E+18,9,1,81,130,2017,1,18,2,3,4,2,1,1,0,0,0,2,1,6.39668E+20,5.32325E+21,1.08741E+16,4.80472E+16
72802,9.17013E+18,9,1,88,121,2017,1,6,2,2,5,2,0,0,0,1,1,2,1,6.72301E+20,5.32948E+21,1.13141E+16,4.80953E+16
72803,9.17013E+18,9,5,63,0,2017,1,8,2,3,9,1,0,1,0,0,0,0,0,6.46089E+20,5.4817E+21,1.10164E+16,4.94704E+16
72804,9.17013E+18,9,1,78,144,2017,1,15,2,2,8,6,0,1,0,0,0,1,2,7.07451E+20,5.3768E+21,1.18089E+16,4.85101E+16
72805,9.17013E+18,9,1,78,156,2017,1,17,2,3,9,1,0,1,0,0,0,2,2,7.00172E+20,5.37205E+21,1.17082E+16,4.84697E+16
72806,9.17013E+18,9,1,77,142,2017,1,9,2,3,8,1,0,1,0,0,0,0,0,7.18503E+20,5.35095E+21,1.19449E+16,4.82741E+16
72807,9.17013E+18,9,1,75,115,2017,1,12,2,3,5,3,0,1,0,0,1,0,1,7.21354E+20,5.32894E+21,1.19719E+16,4.80753E+16
72808,9.17013E+18,9,1,77,115,2017,1,9,2,2,8,1,0,1,0,0,0,0,0,7.38692E+20,5.3542E+21,1.22185E+16,4.8296E+16
72809,9.17013E+18,9,1,77,139,2017,1,6,2,3,2,6,0,1,0,0,0,1,0,7.32167E+20,5.35956E+21,1.21336E+16,4.83465E+16
72810,9.17013E+18,9,1,62,0,2017,1,16,1,2,6,4,0,1,1,0,0,0,0,6.89466E+20,5.34064E+21,1.15494E+16,4.81907E+16
72811,9.17013E+18,9,7,78,150,2017,1,13,1,3,2,6,0,1,0,0,0,0,0,5.84381E+20,5.32093E+21,1.0132E+16,4.80361E+16
72812,9.17013E+18,9,7,64,0,2017,1,8,1,3,2,6,0,1,0,0,0,0,1,5.87069E+20,5.3139E+21,1.01666E+16,4.79724E+16
72813,9.17013E+18,9,7,64,0,2017,1,8,1,3,2,6,0,1,0,0,0,0,1,5.87068E+20,5.3139E+21,1.01666E+16,4.79725E+16
72814,9.17013E+18,9,7,74,150,2017,1,15,1,2,4,2,0,1,0,1,0,0,0,6.00761E+20,5.34358E+21,1.0357E+16,4.82374E+16
72815,9.17013E+18,9,7,77,112,2017,1,17,1,3,2,6,0,1,0,0,0,2,0,6.22509E+20,5.29597E+21,1.06362E+16,4.78055E+16
72816,9.17013E+18,9,7,76,116,2017,1,22,1,3,5,3,0,1,0,0,0,2,1,5.52437E+20,5.26684E+21,9.69695E+15,4.75529E+16
72817,9.17013E+18,9,7,77,135,2017,1,13,1,3,2,6,0,1,0,0,0,0,0,6.22858E+20,5.27449E+21,1.06348E+16,4.76122E+16
72818,9.17013E+18,9,7,79,115,2017,1,15,1,3,2,6,0,1,0,0,0,0,1,6.33559E+20,5.39486E+21,1.08149E+16,4.86925E+16
72819,9.17013E+18,9,7,73,146,2017,1,12,1,3,4,1,0,1,0,0,0,0,1,6.13897E+20,5.39432E+21,1.05477E+16,4.86915E+16
72820,9.17013E+18,9,5,76,143,2017,1,19,1,3,2,6,0,1,0,0,0,2,1,6.56686E+20,5.45348E+21,1.11515E+16,4.92141E+16
72821,9.17013E+18,9,5,64,0,2017,1,14,1,3,0,7,0,0,0,0,1,0,0,6.46703E+20,5.47849E+21,1.10237E+16,4.94414E+16
72822,9.17013E+18,9,5,73,126,2017,1,7,1,2,5,3,0,1,0,0,0,0,0,6.35927E+20,5.48331E+21,1.08768E+16,4.94872E+16
72823,9.17013E+18,9,4,64,0,2017,1,16,1,3,9,1,0,1,0,0,0,0,0,7.07544E+20,5.57526E+21,1.19139E+16,5.02929E+16
72824,9.17013E+18,9,3,73,167,2017,1,18,1,3,1,5,0,0,0,0,1,2,0,6.90077E+20,5.45895E+21,1.16121E+16,4.92538E+16
72825,9.17013E+18,9,3,76,161,2017,1,14,1,3,5,3,0,1,0,0,0,0,0,7.23034E+20,5.47088E+21,1.20711E+16,4.93498E+16
72826,9.17013E+18,9,3,61,0,2017,1,6,1,3,6,7,0,1,1,0,0,2,0,7.06627E+20,5.48107E+21,1.18508E+16,4.94471E+16
72827,9.17013E+18,9,2,76,138,2017,1,13,1,3,5,3,0,1,0,0,0,0,0,8.04031E+20,5.43124E+21,1.31538E+16,4.89592E+16
72828,9.17013E+18,9,2,71,125,2017,1,19,1,3,0,1,0,0,0,1,0,2,0,7.98414E+20,5.40971E+21,1.30616E+16,4.87688E+16
72829,9.17013E+18,9,2,75,159,2017,1,18,1,2,8,1,0,1,0,0,0,2,1,8.17889E+20,5.39325E+21,1.33132E+16,4.86115E+16
72830,9.17013E+18,9,2,74,174,2017,1,14,1,3,0,1,0,0,0,1,1,0,1,7.44177E+20,5.3933E+21,1.23151E+16,4.86451E+16
72831,9.17013E+18,9,2,61,0,2017,1,21,1,3,4,3,0,1,0,0,0,2,1,7.31856E+20,5.37983E+21,1.21406E+16,4.85287E+16
72832,9.17013E+18,9,3,71,156,2017,1,9,3,3,9,1,0,1,0,0,0,0,2,7.05695E+20,5.50047E+21,1.18481E+16,4.96217E+16
72833,9.17013E+18,9,4,75,162,2017,1,11,3,3,5,3,0,1,0,0,0,0,1,7.16215E+20,5.57095E+21,1.2033E+16,5.02511E+16
72834,9.17013E+18,9,5,72,115,2017,1,8,3,3,9,1,0,1,0,0,0,0,1,6.43294E+20,5.50293E+21,1.09856E+16,4.96619E+16
72835,9.17013E+18,9,6,79,164,2017,1,16,3,3,8,1,0,1,0,0,0,1,0,5.46613E+20,5.50646E+21,9.64651E+15,4.97089E+16
72836,9.17013E+18,9,1,90,157,2017,1,12,1,3,2,6,0,1,0,0,0,0,0,6.60629E+20,5.30109E+21,1.11469E+16,4.78431E+16
72837,9.17013E+18,9,1,80,117,2017,1,18,1,3,0,6,0,1,0,0,1,0,1,6.49338E+20,5.26089E+21,1.09823E+16,4.74843E+16
72838,9.17013E+18,9,1,73,112,2017,1,17,1,3,4,3,0,1,0,0,1,1,1,6.91541E+20,5.29226E+21,1.15557E+16,4.77553E+16
72839,9.17013E+18,9,1,83,128,2017,1,1,1,3,5,3,0,1,0,0,0,2,0,7.61908E+20,5.34888E+21,1.25276E+16,4.8239E+16
72840,9.17013E+18,9,1,71,113,2017,1,6,1,3,9,1,0,1,0,0,0,2,0,7.75273E+20,5.33913E+21,1.27009E+16,4.81458E+16
72841,9.17013E+18,9,1,82,120,2017,1,19,1,3,5,2,0,1,0,0,1,2,0,7.03659E+20,5.30787E+21,1.17246E+16,4.78918E+16
72842,9.17013E+18,9,1,76,118,2017,1,15,1,2,4,2,0,1,0,0,0,0,1,6.70562E+20,5.40672E+21,1.13223E+16,4.87901E+16
72843,9.17013E+18,9,3,75,210,2017,1,7,2,3,4,6,0,1,0,0,1,0,0,7.49209E+20,5.43271E+21,1.24072E+16,4.89969E+16
72844,9.17013E+18,9,5,74,132,2017,1,23,2,2,9,1,0,1,0,0,0,2,2,6.75164E+20,5.48789E+21,1.14202E+16,4.95183E+16
72845,9.17013E+18,9,6,72,117,2017,1,19,2,3,8,1,0,1,0,0,0,2,2,5.71459E+20,5.56762E+21,1.00024E+16,5.02564E+16
72846,9.17013E+18,9,1,76,137,2017,1,14,1,3,2,6,0,1,0,0,0,0,0,6.75246E+20,5.43054E+21,1.13962E+16,4.90029E+16
72847,9.17013E+18,9,1,81,130,2017,1,17,1,3,2,6,0,1,0,0,0,0,0,6.36661E+20,5.32316E+21,1.08337E+16,4.80471E+16
72848,9.17013E+18,9,1,88,117,2017,1,14,1,3,2,6,0,1,0,0,0,0,0,6.63419E+20,5.31507E+21,1.11894E+16,4.79681E+16
72849,9.17013E+18,9,2,79,112,2017,1,13,2,3,5,3,0,1,0,0,1,0,0,7.55933E+20,5.3935E+21,1.24745E+16,4.86421E+16
72850,9.17013E+18,9,1,79,113,2017,1,17,1,3,5,3,0,1,0,0,0,1,1,6.71856E+20,5.33575E+21,1.13107E+16,4.81518E+16
72851,9.17013E+18,9,1,79,136,2017,1,16,1,3,9,7,0,1,0,0,0,0,0,6.61651E+20,5.34179E+21,1.11759E+16,4.82087E+16
72852,9.17013E+18,9,1,74,115,2017,1,12,1,3,8,1,0,1,0,0,0,0,0,6.81085E+20,5.34885E+21,1.14403E+16,4.82669E+16
72853,9.17013E+18,9,1,84,149,2017,1,12,7,3,5,3,0,1,0,0,0,0,0,6.92292E+20,5.34979E+21,1.15916E+16,4.82721E+16
72854,9.17013E+18,9,7,74,135,2017,1,14,7,3,3,6,0,1,0,0,0,0,0,5.94399E+20,5.36488E+21,1.02761E+16,4.843E+16
72855,9.17013E+18,9,7,80,124,2017,1,0,7,3,5,3,0,1,0,0,0,2,2,5.92885E+20,5.26928E+21,1.0235E+16,4.75703E+16
72856,9.17013E+18,9,7,80,121,2017,1,14,7,3,1,6,0,1,0,0,0,0,0,5.9555E+20,5.25824E+21,1.0268E+16,4.74706E+16
72857,9.17013E+18,9,7,62,0,2017,1,15,7,2,2,6,0,1,0,0,0,0,0,6.21292E+20,5.30448E+21,1.06223E+16,4.78822E+16
72858,9.17013E+18,9,7,80,145,2017,1,8,7,3,2,6,0,1,0,0,0,0,0,6.06992E+20,5.27328E+21,1.04235E+16,4.76041E+16
72859,9.17013E+18,9,6,73,153,2017,1,10,2,2,4,1,0,1,0,0,0,0,2,5.83284E+20,5.58853E+21,1.01729E+16,5.04428E+16
72860,9.17013E+18,9,7,79,194,2017,1,21,7,3,9,1,0,1,0,0,0,2,0,6.10882E+20,5.41088E+21,1.05112E+16,4.8841E+16
72861,9.17013E+18,9,7,73,182,2017,1,14,7,3,2,1,0,1,0,0,0,0,0,6.23142E+20,5.3794E+21,1.06688E+16,4.85556E+16
72862,9.17013E+18,9,7,61,0,2017,1,9,7,3,0,1,1,0,0,0,0,0,1,6.40604E+20,5.35418E+21,1.08969E+16,4.83252E+16
72863,9.17013E+18,9,7,61,0,2017,1,15,7,3,5,3,1,1,0,0,0,0,1,6.40861E+20,5.36047E+21,1.09024E+16,4.83817E+16
72864,9.17013E+18,9,6,77,122,2017,1,13,7,3,9,7,0,0,0,0,1,0,2,5.4653E+20,5.555E+21,9.65122E+15,5.01454E+16
72865,9.17013E+18,9,6,71,111,2017,1,9,7,3,2,6,0,1,0,0,0,0,1,5.04336E+20,5.54405E+21,9.06056E+15,5.00487E+16
72866,9.17013E+18,9,5,72,135,2017,1,11,7,3,9,1,0,1,0,0,0,0,0,6.35025E+20,5.51313E+21,1.08746E+16,4.97555E+16
72867,9.17013E+18,9,5,62,0,2017,1,11,7,3,8,1,0,1,0,0,0,0,0,6.47073E+20,5.49033E+21,1.10332E+16,4.95477E+16
72868,9.17013E+18,9,5,72,142,2017,1,13,7,3,5,2,0,1,0,0,0,0,0,6.4519E+20,5.50022E+21,1.10109E+16,4.96371E+16
72869,9.17013E+18,9,5,64,0,2017,1,13,7,3,4,2,0,1,0,0,0,0,0,6.48739E+20,5.48108E+21,1.10528E+16,4.94641E+16
72870,9.17013E+18,9,5,64,0,2017,1,13,7,3,2,6,0,1,0,0,0,0,1,6.48906E+20,5.47725E+21,1.10536E+16,4.94297E+16
72871,9.17013E+18,9,5,77,148,2017,1,19,7,3,0,4,0,1,1,0,0,2,0,6.41161E+20,5.41793E+21,1.09261E+16,4.88982E+16
72872,9.17013E+18,9,1,87,174,2017,1,8,3,2,8,1,0,1,0,0,0,0,1,7.39923E+20,5.31067E+21,1.22106E+16,4.79044E+16
72873,9.17013E+18,9,2,75,114,2017,1,4,3,3,2,6,0,1,0,0,0,2,2,8.02921E+20,5.38902E+21,1.31076E+16,4.85809E+16
72874,9.17013E+18,9,4,61,0,2017,1,13,3,3,3,6,0,1,0,0,0,0,0,6.40035E+20,5.52811E+21,1.09495E+16,4.9889E+16
72875,9.17013E+18,9,5,75,153,2017,1,17,3,3,5,3,0,1,0,0,0,1,1,6.15856E+20,5.49337E+21,1.06028E+16,4.95818E+16
72876,9.17013E+18,9,6,61,0,2017,1,17,3,3,2,6,0,1,0,0,0,2,0,5.08376E+20,5.53356E+21,9.11676E+15,4.99543E+16
72877,9.17013E+18,9,5,77,173,2017,1,18,7,3,5,3,0,1,0,0,0,2,0,6.36471E+20,5.42453E+21,1.08643E+16,4.89586E+16
72878,9.17013E+18,9,4,71,123,2017,1,17,3,3,2,6,0,1,0,0,0,1,0,6.45701E+20,5.51788E+21,1.10245E+16,4.97957E+16
72879,9.17013E+18,9,5,75,153,2017,1,17,3,3,9,1,0,1,0,0,1,1,0,6.11391E+20,5.49543E+21,1.05416E+16,4.96011E+16
72880,9.17013E+18,9,6,78,192,2017,1,7,3,3,4,2,0,1,0,0,0,0,0,5.74751E+20,5.54642E+21,1.00445E+16,5.00654E+16
72881,9.17013E+18,9,7,77,155,2017,1,14,3,3,3,6,0,1,0,0,0,0,1,6.29328E+20,5.31079E+21,1.07317E+16,4.79374E+16
72882,9.17013E+18,9,5,77,114,2017,1,14,7,3,8,1,0,1,0,0,0,0,0,6.25099E+20,5.44672E+21,1.07159E+16,4.91605E+16
72883,9.17013E+18,9,4,77,142,2017,1,10,7,3,1,5,0,1,0,0,0,0,0,6.78566E+20,5.5445E+21,1.14931E+16,5.0026E+16
72884,9.17013E+18,9,4,72,199,2017,1,17,7,2,4,2,0,1,0,0,0,1,0,6.96633E+20,5.53568E+21,1.17405E+16,4.99411E+16
72885,9.17013E+18,9,4,71,195,2017,1,13,7,3,9,6,0,1,0,0,0,0,0,6.41553E+20,5.52497E+21,1.09695E+16,4.98604E+16