OBJECTID,UIDENTSTLA,ULAND,UREGBEZ,UKREIS,UGEMEINDE,UJAHR,UMONAT,USTUNDE,UWOCHENTAG,UKATEGORIE,UART,UTYP1,IstRad,IstPKW,IstFuss,IstKrad,IstSonstig,LICHT,STRZUSTAND,LINREFX,LINREFY,XGCSWGS84,YGCSWGS84
73231,9.17013E+18,9,7,76,116,2017,1,10,4,3,6,4,0,1,1,0,0,0,0,5.51785E+20,5.26743E+21,9.68836E+15,4.75582E+16
73232,9.17013E+18,9,7,79,178,2017,1,16,4,2,9,1,0,1,0,0,0,0,1,6.43396E+20,5.40237E+21,1.09511E+16,4.87578E+16
73233,9.17013E+18,9,7,72,163,2017,1,11,4,2,2,6,0,0,0,0,1,0,1,6.39021E+20,5.34997E+21,1.08741E+16,4.82877E+16
73234,9.17013E+18,9,7,72,115,2017,1,6,4,3,9,7,0,1,0,0,0,2,1,6.15389E+20,5.36661E+21,1.05603E+16,4.84421E+16
73235,9.17013E+18,9,7,72,171,2017,1,7,4,3,4,2,0,1,0,0,1,1,2,6.37736E+20,5.37205E+21,1.08641E+16,4.84864E+16
73236,9.17013E+18,9,7,61,0,2017,1,13,4,2,5,2,0,1,0,0,1,0,0,6.3983E+20,5.35248E+21,1.08859E+16,4.831E+16
73237,9.17013E+18,9,6,75,146,2017,1,16,4,3,3,6,0,1,0,0,0,0,0,5.79296E+20,5.51493E+21,1.01015E+16,4.97816E+16
73238,9.17013E+18,9,6,78,150,2017,1,21,4,3,8,7,0,1,0,0,0,2,0,5.90066E+20,5.53215E+21,1.0255E+16,4.99349E+16
73239,9.17013E+18,9,6,76,158,2017,1,8,4,3,8,1,0,1,0,0,0,0,2,5.30816E+20,5.51622E+21,9.42819E+15,4.97977E+16
73240,9.17013E+18,9,5,76,151,2017,1,7,4,3,2,6,0,1,0,0,1,1,1,6.54111E+20,5.47259E+21,1.11235E+16,4.93865E+16
73241,9.17013E+18,9,5,72,137,2017,1,13,4,3,3,6,1,1,0,0,0,0,0,6.5388E+20,5.49148E+21,1.11277E+16,4.95564E+16
73242,9.17013E+18,9,2,71,141,2017,1,5,3,3,8,1,0,1,0,0,0,2,2,7.94218E+20,5.40834E+21,1.30036E+16,4.87584E+16
73243,9.17013E+18,9,4,72,179,2017,1,6,3,3,8,1,0,1,0,0,0,1,2,6.72633E+20,5.51656E+21,1.13979E+16,4.97767E+16
73244,9.17013E+18,9,5,77,158,2017,1,6,3,3,9,1,0,1,0,0,0,1,2,6.46408E+20,5.42635E+21,1.10006E+16,4.89727E+16
73245,9.17013E+18,9,6,62,0,2017,1,22,3,3,5,3,1,1,0,0,0,2,0,5.8778E+20,5.5447E+21,1.02261E+16,5.00481E+16
73246,9.17013E+18,9,7,73,144,2017,1,13,2,3,9,1,0,1,0,0,0,0,2,6.08481E+20,5.37833E+21,1.04699E+16,4.85487E+16
73247,9.17013E+18,9,1,79,145,2017,1,10,3,3,9,7,0,1,0,0,0,0,1,6.73783E+20,5.33559E+21,1.13365E+16,4.81498E+16
73248,9.17013E+18,9,6,75,117,2017,1,6,3,3,5,3,0,1,0,0,0,2,0,5.79992E+20,5.51592E+21,1.01113E+16,4.97904E+16
73249,9.17013E+18,9,5,74,157,2017,1,12,4,3,6,7,1,0,1,0,0,0,0,6.63668E+20,5.46987E+21,1.1254E+16,4.93595E+16
73250,9.17013E+18,9,1,61,0,2017,1,15,2,3,2,1,0,1,0,0,0,0,2,6.77601E+20,5.40359E+21,1.14166E+16,4.87599E+16
73251,9.17013E+18,9,5,64,0,2017,1,15,4,3,5,2,0,1,0,0,0,0,1,6.48181E+20,5.48045E+21,1.10448E+16,4.94587E+16
73252,9.17013E+18,9,1,61,0,2017,1,17,2,3,0,3,1,1,0,0,0,0,2,6.79794E+20,5.40319E+21,1.14463E+16,4.87558E+16
73253,9.17013E+18,9,5,64,0,2017,1,14,4,3,2,6,0,1,0,0,0,0,0,6.50805E+20,5.48172E+21,1.10815E+16,4.94694E+16
73254,9.17013E+18,9,5,64,0,2017,1,22,4,3,2,6,0,1,0,0,0,2,1,6.54855E+20,5.47756E+21,1.11357E+16,4.94309E+16
73255,9.17013E+18,9,5,77,125,2017,1,11,4,2,8,1,0,1,0,0,0,0,0,6.40494E+20,5.43637E+21,1.09233E+16,4.90642E+16
73256,9.17013E+18,9,5,77,158,2017,1,7,4,3,9,7,0,1,0,0,0,2,1,6.46099E+20,5.42093E+21,1.09945E+16,4.8924E+16
73257,9.17013E+18,9,5,75,144,2017,1,13,4,3,8,1,0,1,0,0,0,0,2,5.992E+20,5.50117E+21,1.03744E+16,4.96549E+16
73258,9.17013E+18,9,5,75,153,2017,1,12,4,3,5,3,0,1,0,1,0,0,0,6.14887E+20,5.49298E+21,1.05892E+16,4.95785E+16
73259,9.17013E+18,9,5,71,166,2017,1,14,4,3,5,3,0,1,0,0,0,0,0,6.08491E+20,5.45238E+21,1.04897E+16,4.92146E+16
73260,9.17013E+18,9,5,71,224,2017,1,16,4,3,2,6,0,1,0,0,1,0,0,6.02554E+20,5.43152E+21,1.04029E+16,4.9028E+16
73261,9.17013E+18,9,5,75,112,2017,1,20,4,2,9,1,0,1,0,0,0,2,1,6.05042E+20,5.48117E+21,1.045E+16,4.94741E+16
73262,9.17013E+18,9,4,76,171,2017,1,12,4,2,4,6,0,1,0,0,1,0,0,6.5697E+20,5.5648E+21,1.12002E+16,5.02145E+16
73263,9.17013E+18,9,4,71,195,2017,1,17,4,3,8,1,0,1,0,0,1,1,0,6.42836E+20,5.52401E+21,1.0987E+16,4.98515E+16
73264,9.17013E+18,9,4,74,145,2017,1,6,4,3,8,1,0,1,0,0,0,2,1,6.56706E+20,5.50399E+21,1.11718E+16,4.96681E+16
73265,9.17013E+18,9,4,74,121,2017,1,21,4,3,4,2,0,1,0,0,0,2,0,6.55482E+20,5.51439E+21,1.1159E+16,4.97619E+16
73266,9.17013E+18,9,3,75,148,2017,1,6,4,3,4,6,0,1,0,0,1,2,1,7.02234E+20,5.43746E+21,1.17682E+16,4.90568E+16
73267,9.17013E+18,9,3,62,0,2017,1,13,4,3,2,6,0,1,0,0,0,0,0,7.30838E+20,5.43064E+21,1.21553E+16,4.89855E+16
73268,9.17013E+18,9,3,72,116,2017,1,6,4,3,2,6,0,1,0,0,0,2,1,7.67764E+20,5.45771E+21,1.2677E+16,4.92136E+16
73269,9.17013E+18,9,1,82,116,2017,1,11,3,2,4,6,0,1,0,0,0,0,1,7.06157E+20,5.28893E+21,1.1749E+16,4.77208E+16
73270,9.17021E+18,9,5,71,216,2017,2,7,2,3,2,6,0,1,0,0,1,0,0,6.19793E+20,5.45255E+21,1.06449E+16,4.9214E+16
73271,9.17021E+18,9,4,75,136,2017,2,10,2,3,5,3,0,1,0,0,0,0,0,6.93154E+20,5.56795E+21,1.17084E+16,5.02321E+16
73272,9.17021E+18,9,4,73,112,2017,2,17,2,3,3,3,0,1,0,0,0,1,1,6.40631E+20,5.56651E+21,1.09719E+16,5.0234E+16
73273,9.17021E+18,9,4,75,136,2017,2,7,5,3,9,6,0,1,0,0,0,1,1,6.94147E+20,5.56983E+21,1.17233E+16,5.02487E+16
73274,9.17021E+18,9,4,76,164,2017,2,13,5,3,4,7,0,1,0,0,0,0,0,6.66225E+20,5.58321E+21,1.13379E+16,5.03774E+16
73275,9.17021E+18,9,4,76,159,2017,2,11,5,3,9,1,0,1,0,0,0,0,1,6.79358E+20,5.58202E+21,1.15218E+16,5.03629E+16
73276,9.17021E+18,9,4,76,175,2017,2,7,5,3,4,1,0,1,0,0,0,0,1,6.67368E+20,5.5871E+21,1.13557E+16,5.0412E+16
73277,9.17021E+18,9,5,72,139,2017,2,8,5,2,4,6,0,1,0,0,0,0,0,6.25856E+20,5.50454E+21,1.07446E+16,4.96802E+16
73278,9.17021E+18,9,4,72,175,2017,2,7,2,3,3,6,0,1,0,0,0,2,0,6.81154E+20,5.5129E+21,1.15144E+16,4.97412E+16
73279,9.17021E+18,9,4,72,143,2017,2,16,2,3,5,1,0,1,0,0,0,0,0,6.92935E+20,5.54029E+21,1.16914E+16,4.99837E+16
73280,9.17021E+18,9,4,77,128,2017,2,17,5,3,2,6,0,1,0,0,0,2,0,6.74659E+20,5.55408E+21,1.1443E+16,5.01133E+16
73281,9.17021E+18,9,4,72,188,2017,2,17,2,2,4,1,0,1,0,0,0,2,1,6.95148E+20,5.52989E+21,1.17169E+16,4.98895E+16
73282,9.17021E+18,9,4,74,156,2017,2,6,2,3,4,6,0,1,0,0,0,1,2,6.6924E+20,5.50721E+21,1.13467E+16,4.96937E+16
73283,9.17021E+18,9,3,75,175,2017,2,18,2,3,2,6,0,1,0,0,0,2,0,7.16156E+20,5.43486E+21,1.19571E+16,4.90287E+16
73284,9.17021E+18,9,3,75,179,2017,2,17,2,2,5,3,0,1,0,0,0,2,0,7.32464E+20,5.42719E+21,1.21755E+16,4.89539E+16
73285,9.17021E+18,9,3,75,118,2017,2,6,2,2,6,4,0,1,1,0,0,2,1,7.05291E+20,5.44187E+21,1.18123E+16,4.90954E+16
73286,9.17021E+18,9,3,75,210,2017,2,9,2,3,2,6,0,1,0,0,0,0,0,7.48871E+20,5.43388E+21,1.24033E+16,4.90075E+16
73287,9.17021E+18,9,3,62,0,2017,2,16,2,2,0,4,1,0,1,0,0,0,0,7.27621E+20,5.43494E+21,1.21138E+16,4.90253E+16
73288,9.17021E+18,9,3,76,151,2017,2,8,2,3,4,2,0,1,0,0,0,0,1,7.49041E+20,5.48498E+21,1.24374E+16,4.94663E+16
73289,9.17021E+18,9,3,76,147,2017,2,16,2,3,5,3,0,1,0,0,0,0,0,7.42095E+20,5.47057E+21,1.23329E+16,4.93398E+16
73290,9.17021E+18,9,2,77,113,2017,2,10,2,2,8,1,0,1,0,0,0,0,0,8.03665E+20,5.3726E+21,1.31057E+16,4.84332E+16
73291,9.17021E+18,9,2,62,0,2017,2,12,2,3,0,6,0,1,0,0,0,0,0,8.29908E+20,5.39017E+21,1.34734E+16,4.85777E+16
73292,9.17021E+18,9,2,75,151,2017,2,18,2,3,2,2,0,1,0,0,0,2,1,8.25022E+20,5.39312E+21,1.34096E+16,4.86066E+16
73293,9.17021E+18,9,2,62,0,2017,2,13,2,3,2,6,0,1,0,0,0,0,1,8.27634E+20,5.38981E+21,1.34423E+16,4.85756E+16
73294,9.17021E+18,9,2,73,152,2017,2,5,2,3,2,6,0,1,0,0,0,2,0,7.02356E+20,5.40604E+21,1.17543E+16,4.87744E+16
73295,9.17021E+18,9,2,79,112,2017,2,13,2,3,8,1,0,1,0,0,0,0,0,7.56154E+20,5.3916E+21,1.24764E+16,4.86249E+16
73296,9.17021E+18,9,1,90,152,2017,2,11,2,3,6,4,0,1,1,0,0,0,1,6.72368E+20,5.29937E+21,1.1303E+16,4.78246E+16
73297,9.17021E+18,9,1,80,129,2017,2,16,2,3,5,2,0,1,0,0,0,0,0,6.52329E+20,5.28165E+21,1.10292E+16,4.76703E+16
73298,9.17021E+18,9,1,82,123,2017,2,13,2,3,3,6,0,1,0,0,1,0,1,7.14614E+20,5.30285E+21,1.18685E+16,4.78431E+16
73299,9.17021E+18,9,1,63,0,2017,2,19,2,3,2,6,1,1,0,0,0,2,1,7.34226E+20,5.30458E+21,1.21312E+16,4.78518E+16
73300,9.17021E+18,9,1,87,150,2017,2,17,2,3,5,3,0,1,0,0,0,2,1,7.28809E+20,5.30366E+21,1.20584E+16,4.78455E+16
73301,9.17021E+18,9,1,61,0,2017,2,16,2,3,7,1,1,0,0,0,0,1,0,6.77673E+20,5.4049E+21,1.14182E+16,4.87717E+16
73302,9.17021E+18,9,1,81,130,2017,2,16,2,3,0,6,0,1,0,0,0,0,0,6.37431E+20,5.32392E+21,1.08443E+16,4.80538E+16
73303,9.17021E+18,9,1,74,113,2017,2,7,2,3,2,6,0,1,0,0,0,1,0,6.73897E+20,5.34531E+21,1.1342E+16,4.82371E+16
73304,9.17021E+18,9,1,88,141,2017,2,17,2,3,1,5,0,1,0,0,0,2,1,6.7065E+20,5.30928E+21,1.12839E+16,4.79141E+16
73305,9.17021E+18,9,1,88,141,2017,2,17,2,3,2,6,0,1,0,0,1,1,0,6.69638E+20,5.30741E+21,1.12697E+16,4.78976E+16
73306,9.17021E+18,9,1,77,113,2017,2,16,2,3,8,7,0,1,0,0,0,0,0,7.22946E+20,5.35802E+21,1.20085E+16,4.8336E+16
73307,9.17021E+18,9,1,62,0,2017,2,19,1,3,2,3,0,1,0,0,0,2,0,6.96963E+20,5.32997E+21,1.16453E+16,4.80926E+16
73308,9.17021E+18,9,7,78,151,2017,2,6,1,3,2,6,0,1,0,0,0,2,0,5.92899E+20,5.31802E+21,1.02456E+16,4.80088E+16
73309,9.17021E+18,9,4,61,0,2017,2,12,5,3,8,1,0,1,0,0,0,0,0,6.37765E+20,5.53226E+21,1.09194E+16,4.99268E+16
73310,9.17021E+18,9,2,71,125,2017,2,6,5,3,4,2,0,1,0,0,0,2,1,7.96923E+20,5.40997E+21,1.30415E+16,4.87718E+16
73311,9.17021E+18,9,2,78,147,2017,2,22,5,3,8,7,0,1,0,0,0,2,1,7.66128E+20,5.444E+21,1.26455E+16,4.90912E+16
73312,9.17021E+18,9,2,75,148,2017,2,12,5,3,5,3,0,1,0,0,0,0,0,8.47859E+20,5.40027E+21,1.37244E+16,4.86584E+16
73313,9.17021E+18,9,7,75,129,2017,2,19,1,3,2,6,0,1,0,0,0,2,0,5.83592E+20,5.34181E+21,1.01255E+16,4.8224E+16
73314,9.17021E+18,9,7,80,139,2017,2,1,1,3,8,1,0,1,0,0,0,2,1,5.95537E+20,5.2637E+21,1.0269E+16,4.75197E+16
73315,9.17021E+18,9,7,73,125,2017,2,20,1,1,0,1,0,1,0,0,0,2,0,6.11667E+20,5.37956E+21,1.05134E+16,4.85592E+16
73316,9.17021E+18,9,7,71,145,2017,2,15,1,3,6,7,1,0,1,0,0,0,0,6.43494E+20,5.34776E+21,1.09337E+16,4.82667E+16
73317,9.17021E+18,9,6,77,126,2017,2,10,1,2,4,6,0,1,0,0,0,0,2,5.38453E+20,5.52131E+21,9.53481E+15,4.9843E+16
73318,9.17021E+18,9,6,77,203,2017,2,18,1,3,2,6,0,1,0,0,0,2,0,5.58256E+20,5.5271E+21,9.81108E+15,4.98934E+16
73319,9.17021E+18,9,6,78,181,2017,2,10,1,3,2,1,0,1,0,0,0,0,2,5.94975E+20,5.55607E+21,1.03294E+16,5.01492E+16
73320,9.17021E+18,9,2,73,159,2017,2,14,5,3,4,6,0,1,0,0,0,0,0,7.04744E+20,5.43015E+21,1.17989E+16,4.89903E+16
73321,9.17021E+18,9,2,73,166,2017,2,15,5,3,2,1,0,1,0,0,0,0,0,7.1452E+20,5.42012E+21,1.1927E+16,4.88969E+16
73322,9.17021E+18,9,1,73,137,2017,2,15,5,2,4,2,0,1,0,0,0,0,0,6.7903E+20,5.30824E+21,1.13956E+16,4.79025E+16
73323,9.17021E+18,9,6,74,163,2017,2,19,1,3,2,6,0,1,0,0,0,2,1,6.10492E+20,5.53793E+21,1.05412E+16,4.99835E+16
73324,9.17021E+18,9,5,64,0,2017,2,16,5,3,5,3,0,1,0,0,0,0,0,6.47626E+20,5.47941E+21,1.10368E+16,4.94494E+16
73325,9.17021E+18,9,6,73,136,2017,2,9,1,3,8,1,0,1,0,0,0,0,1,5.93252E+20,5.57741E+21,1.03105E+16,5.03414E+16
73326,9.17021E+18,9,6,74,153,2017,2,9,1,3,9,1,0,1,0,0,0,0,2,6.00644E+20,5.54981E+21,1.0407E+16,5.0092E+16
73327,9.17021E+18,9,1,90,148,2017,2,7,5,3,2,3,0,1,0,0,0,0,0,6.41116E+20,5.2988E+21,1.08855E+16,4.78271E+16
73328,9.17021E+18,9,6,74,159,2017,2,10,1,3,8,1,0,1,0,0,0,0,1,6.1794E+20,5.5328E+21,1.06435E+16,4.99359E+16
73329,9.17021E+18,9,6,74,153,2017,2,9,1,3,9,1,0,1,0,0,0,0,2,6.01108E+20,5.5512E+21,1.04139E+16,5.01044E+16
73330,9.17021E+18,9,6,72,131,2017,2,10,1,2,8,1,0,1,0,0,0,0,2,5.9217E+20,5.55807E+21,1.02906E+16,5.01676E+16
73331,9.17021E+18,9,6,71,157,2017,2,8,1,2,2,6,0,1,0,0,0,0,1,5.27478E+20,5.52783E+21,9.38263E+15,4.99023E+16
73332,9.17021E+18,9,5,76,142,2017,2,15,1,3,0,3,0,1,0,0,0,0,0,6.41528E+20,5.47035E+21,1.09495E+16,4.93694E+16
73333,9.17021E+18,9,5,76,143,2017,2,15,1,3,4,6,0,1,0,0,1,0,0,6.55576E+20,5.45299E+21,1.11361E+16,4.921E+16
73334,9.17021E+18,9,5,76,143,2017,2,14,1,3,2,6,0,1,0,0,0,0,0,6.55391E+20,5.45378E+21,1.11339E+16,4.92171E+16
73335,9.17021E+18,9,5,75,165,2017,2,5,1,1,6,7,0,1,1,0,0,2,1,6.04064E+20,5.4954E+21,1.04402E+16,4.96022E+16
73336,9.17021E+18,9,5,71,228,2017,2,10,1,2,0,1,0,0,0,1,0,0,2,5.89053E+20,5.45673E+21,1.02238E+16,4.92568E+16
73337,9.17021E+18,9,1,82,124,2017,2,16,5,3,5,3,1,1,0,0,0,0,0,7.0698E+20,5.28516E+21,1.17581E+16,4.76867E+16
73338,9.17021E+18,9,4,79,136,2017,2,14,1,3,1,7,0,1,0,0,0,0,0,7.2045E+20,5.5445E+21,1.2077E+16,5.0012E+16
73339,9.17021E+18,9,4,73,165,2017,2,11,1,2,0,7,1,0,0,0,0,0,1,6.28106E+20,5.5661E+21,1.07963E+16,5.02331E+16
73340,9.17021E+18,9,4,63,0,2017,2,14,1,3,2,6,0,1,0,0,0,0,0,6.39255E+20,5.57033E+21,1.09541E+16,5.02687E+16
73341,9.17021E+18,9,4,72,119,2017,2,5,1,3,8,1,0,1,0,0,0,2,1,6.87024E+20,5.54179E+21,1.16097E+16,4.9999E+16
73342,9.17021E+18,9,4,71,145,2017,2,14,1,3,4,3,0,1,0,0,0,0,0,6.4077E+20,5.5187E+21,1.09564E+16,4.98043E+16
73343,9.17021E+18,9,4,71,220,2017,2,11,1,3,8,1,0,1,0,0,0,0,0,6.1774E+20,5.51441E+21,1.06351E+16,4.97707E+16
73344,9.17021E+18,9,3,75,179,2017,2,15,1,3,0,2,0,1,0,0,0,0,0,7.31938E+20,5.42795E+21,1.21688E+16,4.89609E+16
73345,9.17021E+18,9,3,73,151,2017,2,10,1,3,9,1,0,1,0,0,0,0,2,7.0008E+20,5.4526E+21,1.17463E+16,4.91935E+16
73346,9.17021E+18,9,3,73,140,2017,2,9,1,2,4,1,0,1,0,0,0,0,2,6.90185E+20,5.47296E+21,1.16203E+16,4.93796E+16
73347,9.17021E+18,9,3,72,164,2017,2,12,1,2,2,2,0,1,0,0,0,0,0,7.66318E+20,5.44706E+21,1.26501E+16,4.91186E+16
73348,9.17021E+18,9,3,76,149,2017,2,9,1,2,8,1,0,1,0,0,0,0,2,7.35952E+20,5.45483E+21,1.22392E+16,4.92008E+16
73349,9.17021E+18,9,3,71,111,2017,2,12,1,3,5,3,1,1,0,0,0,0,0,7.00299E+20,5.47974E+21,1.17629E+16,4.94373E+16
73350,9.17021E+18,9,1,87,137,2017,2,13,5,3,2,6,0,1,0,0,0,0,0,7.30506E+20,5.30778E+21,1.20832E+16,4.78819E+16
73351,9.17021E+18,9,1,61,0,2017,2,16,5,3,2,6,0,1,0,0,0,0,0,6.74845E+20,5.40547E+21,1.138E+16,4.87777E+16
73352,9.17021E+18,9,1,86,162,2017,2,20,5,2,2,6,0,0,0,0,1,2,0,6.89538E+20,5.38495E+21,1.15704E+16,4.85889E+16
73353,9.17021E+18,9,1,61,0,2017,2,21,5,3,5,2,0,1,0,0,0,2,0,6.78041E+20,5.40719E+21,1.14242E+16,4.87922E+16
73354,9.17021E+18,9,1,79,123,2017,2,14,5,3,5,3,1,1,0,0,0,0,0,6.77842E+20,5.33421E+21,1.13905E+16,4.81362E+16
73355,9.17021E+18,9,2,71,153,2017,2,8,1,3,9,1,0,1,0,0,0,0,2,8.0296E+20,5.40396E+21,1.31191E+16,4.8715E+16
73356,9.17021E+18,9,1,78,143,2017,2,19,5,3,2,6,0,0,0,0,1,2,0,7.19973E+20,5.37183E+21,1.19756E+16,4.84611E+16
73357,9.17021E+18,9,1,75,133,2017,2,7,5,2,4,6,0,1,0,0,0,0,0,7.08641E+20,5.34133E+21,1.18075E+16,4.81909E+16
73358,9.17021E+18,9,1,78,143,2017,2,17,5,3,2,6,0,1,0,0,0,2,0,7.1829E+20,5.37224E+21,1.19531E+16,4.84654E+16
73359,9.17021E+18,9,1,62,0,2017,2,7,4,3,1,6,0,1,0,0,0,0,0,6.87845E+20,5.34347E+21,1.15289E+16,4.82166E+16
73360,9.17021E+18,9,5,61,0,2017,2,17,5,3,0,1,0,0,0,1,0,2,0,6.17448E+20,5.46362E+21,1.0616E+16,4.9314E+16
73361,9.17021E+18,9,2,75,120,2017,2,10,1,3,9,1,0,1,0,0,0,0,2,8.10459E+20,5.40167E+21,1.3219E+16,4.86907E+16
73362,9.17021E+18,9,2,77,149,2017,2,17,1,2,5,3,0,1,0,0,0,2,0,7.93463E+20,5.36411E+21,1.29622E+16,4.83619E+16
73363,9.17021E+18,9,2,75,152,2017,2,9,1,3,8,6,0,1,0,0,0,0,0,8.21832E+20,5.40933E+21,1.33791E+16,4.87537E+16
73364,9.17021E+18,9,2,75,141,2017,2,12,1,3,2,6,0,1,0,0,0,0,0,8.19061E+20,5.36936E+21,1.33108E+16,4.83965E+16
73365,9.17021E+18,9,1,84,147,2017,2,12,4,3,1,6,0,1,0,0,0,0,0,6.9572E+20,5.34004E+21,1.16332E+16,4.81834E+16
73366,9.17021E+18,9,1,62,0,2017,2,7,4,2,2,6,0,1,0,0,1,0,1,6.84572E+20,5.34264E+21,1.14845E+16,4.82102E+16
73367,9.17021E+18,9,2,75,143,2017,2,9,1,3,9,1,0,1,0,0,0,0,2,8.09859E+20,5.366E+21,1.31844E+16,4.8371E+16
73368,9.17021E+18,9,2,73,172,2017,2,19,1,3,4,2,0,1,0,0,0,2,0,7.10803E+20,5.40372E+21,1.1868E+16,4.87508E+16
73369,9.17021E+18,9,2,79,137,2017,2,8,1,3,8,1,0,1,0,0,0,0,2,7.76094E+20,5.40453E+21,1.2755E+16,4.87325E+16
73370,9.17021E+18,9,2,79,112,2017,2,16,1,3,5,3,0,1,0,0,0,0,0,7.53693E+20,5.39238E+21,1.24435E+16,4.8633E+16
73371,9.17021E+18,9,1,73,123,2017,2,11,1,3,4,6,0,1,0,0,0,0,0,6.82388E+20,5.29958E+21,1.14368E+16,4.78237E+16
73372,9.17021E+18,9,1,73,120,2017,2,18,1,2,4,6,0,1,0,0,1,2,0,6.83996E+20,5.31045E+21,1.14629E+16,4.79209E+16
73373,9.17021E+18,9,1,73,120,2017,2,5,1,3,8,1,0,1,0,0,0,2,1,6.85336E+20,5.31065E+21,1.14809E+16,4.79223E+16
73374,9.17021E+18,9,1,72,112,2017,2,9,1,2,8,1,0,0,0,0,1,0,0,7.89535E+20,5.30036E+21,1.28661E+16,4.77915E+16
73375,9.17021E+18,9,1,89,111,2017,2,12,1,3,2,1,0,1,0,0,0,0,1,7.64398E+20,5.3209E+21,1.25438E+16,4.79867E+16
73376,9.17021E+18,9,1,86,137,2017,2,16,1,2,4,2,0,1,0,0,0,0,0,6.84635E+20,5.39925E+21,1.15103E+16,4.87189E+16
73377,9.17021E+18,9,1,62,0,2017,2,22,4,3,1,6,0,1,0,0,0,2,0,6.88022E+20,5.32786E+21,1.15244E+16,4.80763E+16
73378,9.17021E+18,9,1,62,0,2017,2,6,4,3,2,6,0,1,0,0,0,2,0,6.93503E+20,5.33722E+21,1.16021E+16,4.81588E+16
73379,9.17021E+18,9,7,78,173,2017,2,18,4,3,5,3,0,1,0,1,0,2,0,6.11468E+20,5.32181E+21,1.04955E+16,4.80399E+16
73380,9.17021E+18,9,7,80,140,2017,2,13,4,3,0,6,0,1,0,0,0,0,0,5.99498E+20,5.28188E+21,1.03257E+16,4.76827E+16
73381,9.17021E+18,9,1,76,118,2017,2,16,1,3,9,1,0,1,0,0,0,0,0,6.6923E+20,5.40738E+21,1.13044E+16,4.87964E+16
73382,9.1702E+18,9,1,62,0,2017,2,19,7,3,4,2,0,1,0,0,0,2,1,6.96793E+20,5.33369E+21,1.16447E+16,4.8126E+16
73383,9.1702E+18,9,1,62,0,2017,2,11,7,3,5,2,1,1,0,0,0,0,1,6.983E+20,5.33322E+21,1.16647E+16,4.81213E+16
73384,9.1702E+18,9,1,62,0,2017,2,18,7,2,4,2,0,1,1,0,0,2,1,6.82734E+20,5.33623E+21,1.1457E+16,4.81531E+16
73385,9.1702E+18,9,7,75,111,2017,2,11,7,3,2,6,0,1,0,0,0,0,0,5.83644E+20,5.33789E+21,1.01254E+16,4.81888E+16
73386,9.1702E+18,9,7,75,164,2017,2,7,7,3,0,1,1,0,0,0,0,0,1,5.84877E+20,5.35127E+21,1.01447E+16,4.83089E+16
73387,9.1702E+18,9,7,74,143,2017,2,16,7,3,5,3,0,1,0,1,0,0,1,5.97207E+20,5.35882E+21,1.03127E+16,4.8375E+16
73388,9.17021E+18,9,7,77,158,2017,2,3,4,2,8,1,0,1,0,0,0,2,1,6.20047E+20,5.30756E+21,1.06065E+16,4.79101E+16
73389,9.17021E+18,9,7,79,131,2017,2,5,4,2,8,1,0,1,0,0,0,2,1,6.3156E+20,5.39334E+21,1.07873E+16,4.86792E+16
73390,9.17021E+18,9,7,71,130,2017,2,15,4,3,2,6,0,1,0,0,0,0,0,6.46089E+20,5.36322E+21,1.0974E+16,4.84052E+16
73391,9.17021E+18,9,6,63,0,2017,2,9,4,3,2,6,0,1,0,0,0,0,0,5.70009E+20,5.51794E+21,9.97304E+15,4.98098E+16
73392,9.17021E+18,9,6,77,157,2017,2,7,4,3,5,3,1,1,0,0,0,0,0,5.43582E+20,5.52097E+21,9.6061E+15,4.98396E+16
73393,9.1702E+18,9,7,74,144,2017,2,5,7,3,8,1,0,1,0,0,0,2,2,6.05683E+20,5.35908E+21,1.04272E+16,4.83761E+16
73394,9.1702E+18,9,7,63,0,2017,2,20,7,3,5,3,0,1,0,0,0,2,1,5.98495E+20,5.28491E+21,1.03131E+16,4.771E+16
73395,9.1702E+18,9,7,76,116,2017,2,13,7,3,1,6,0,1,0,0,0,0,1,5.51586E+20,5.26773E+21,9.68574E+15,4.75609E+16
73396,9.1702E+18,9,7,72,163,2017,2,18,7,3,2,6,0,1,0,0,1,2,0,6.38807E+20,5.34466E+21,1.08695E+16,4.824E+16
73397,9.1702E+18,9,7,71,146,2017,2,19,7,3,1,2,0,1,0,0,0,2,1,6.46779E+20,5.34873E+21,1.09782E+16,4.82748E+16
73398,9.1702E+18,9,7,71,113,2017,2,5,7,2,8,1,0,1,0,0,0,2,1,6.60158E+20,5.36638E+21,1.11651E+16,4.84302E+16
73399,9.17021E+18,9,6,75,147,2017,2,13,4,3,5,3,0,1,0,0,0,0,0,5.82535E+20,5.5024E+21,1.01438E+16,4.96685E+16
73400,9.17021E+18,9,6,77,155,2017,2,11,4,3,2,6,0,1,0,0,0,0,0,5.45772E+20,5.53874E+21,9.63867E+15,4.99992E+16
73401,9.17021E+18,9,6,72,135,2017,2,12,4,3,7,7,0,1,0,0,0,0,0,5.9046E+20,5.56704E+21,1.02688E+16,5.02486E+16
73402,9.17021E+18,9,6,62,0,2017,2,16,4,3,5,3,0,1,0,0,0,0,0,5.88693E+20,5.54188E+21,1.02382E+16,5.00226E+16
73403,9.1702E+18,9,6,63,0,2017,2,9,7,3,2,6,0,1,0,0,0,0,0,5.66353E+20,5.51171E+21,9.92117E+15,4.97542E+16