OBJECTID,UIDENTSTLA,ULAND,UREGBEZ,UKREIS,UGEMEINDE,UJAHR,UMONAT,USTUNDE,UWOCHENTAG,UKATEGORIE,UART,UTYP1,IstRad,IstPKW,IstFuss,IstKrad,IstSonstig,LICHT,STRZUSTAND,LINREFX,LINREFY,XGCSWGS84,YGCSWGS84
73404,9.1702E+18,9,5,72,160,2017,2,5,7,2,8,1,0,1,0,0,0,2,1,6.21603E+20,5.51011E+21,1.06874E+16,4.97312E+16
73405,9.1702E+18,9,6,63,0,2017,2,8,7,3,4,6,0,1,0,0,0,0,1,5.66865E+20,5.51056E+21,9.92808E+15,4.97438E+16
73406,9.1702E+18,9,6,79,170,2017,2,16,7,3,6,6,1,0,1,0,0,0,0,5.76139E+20,5.50192E+21,1.00551E+16,4.9665E+16
73407,9.1702E+18,9,6,78,150,2017,2,16,7,2,0,7,1,0,0,0,0,0,0,5.90229E+20,5.53428E+21,1.02578E+16,4.9954E+16
73408,9.1702E+18,9,6,74,130,2017,2,11,7,3,5,3,0,1,0,0,0,0,1,6.27299E+20,5.55254E+21,1.07804E+16,5.01114E+16
73409,9.1702E+18,9,6,61,0,2017,2,17,7,2,5,3,0,1,0,0,1,1,1,5.10339E+20,5.53623E+21,9.14419E+15,4.99783E+16
73410,9.1702E+18,9,6,71,135,2017,2,7,7,3,9,1,0,1,0,0,0,2,2,5.22481E+20,5.55027E+21,9.31437E+15,5.01043E+16
73411,9.1702E+18,9,6,71,143,2017,2,7,7,2,0,1,0,1,0,0,0,0,1,5.10892E+20,5.54402E+21,9.15213E+15,5.00484E+16
73412,9.1702E+18,9,5,62,0,2017,2,18,7,3,0,6,0,1,0,0,0,2,0,6.45798E+20,5.49009E+21,1.10155E+16,4.95459E+16
73413,9.17021E+18,9,5,72,119,2017,2,4,4,3,8,7,0,1,0,0,0,2,0,6.44921E+20,5.49883E+21,1.10066E+16,4.96246E+16
73414,9.1702E+18,9,5,74,123,2017,2,13,7,3,2,6,0,1,0,0,0,0,0,6.59054E+20,5.47358E+21,1.1192E+16,4.93941E+16
73415,9.1702E+18,9,5,76,151,2017,2,11,7,2,3,6,0,1,0,0,1,0,0,6.57081E+20,5.47093E+21,1.11638E+16,4.93708E+16
73416,9.1702E+18,9,5,65,0,2017,2,19,7,2,6,4,0,1,1,0,0,2,1,6.48818E+20,5.46493E+21,1.10478E+16,4.9319E+16
73417,9.1702E+18,9,5,65,0,2017,2,15,7,3,4,2,0,1,0,0,0,0,0,6.49798E+20,5.46564E+21,1.10615E+16,4.93251E+16
73418,9.1702E+18,9,5,74,154,2017,2,12,7,2,4,6,0,1,0,0,0,0,0,6.64063E+20,5.48591E+21,1.12661E+16,4.95036E+16
73419,9.1702E+18,9,5,74,161,2017,2,13,7,2,5,3,0,1,0,0,0,0,0,6.80336E+20,5.49247E+21,1.14936E+16,4.95579E+16
73420,9.1702E+18,9,5,64,0,2017,2,11,7,3,2,6,0,1,0,0,0,0,1,6.47093E+20,5.48762E+21,1.10325E+16,4.95233E+16
73421,9.1702E+18,9,5,64,0,2017,2,13,7,3,2,6,0,1,0,0,0,0,0,6.4921E+20,5.48137E+21,1.10594E+16,4.94666E+16
73422,9.1702E+18,9,5,71,114,2017,2,17,7,3,5,1,0,1,0,0,0,1,1,6.04363E+20,5.45681E+21,1.04342E+16,4.92552E+16
73423,9.1702E+18,9,5,77,177,2017,2,10,7,3,4,6,0,1,0,0,0,0,1,6.42741E+20,5.429E+21,1.09515E+16,4.89974E+16
73424,9.1702E+18,9,5,71,180,2017,2,19,7,3,5,3,0,1,0,0,0,2,1,6.30099E+20,5.46057E+21,1.07889E+16,4.92841E+16
73425,9.1702E+18,9,5,71,166,2017,2,19,7,2,6,7,0,0,1,1,0,2,0,6.07455E+20,5.45509E+21,1.04762E+16,4.92392E+16
73426,9.17021E+18,9,5,72,133,2017,2,14,4,2,2,6,0,1,0,0,0,0,0,6.35922E+20,5.50325E+21,1.08836E+16,4.96664E+16
73427,9.17021E+18,9,5,76,113,2017,2,7,4,3,1,6,0,1,0,0,0,2,0,6.61819E+20,5.4553E+21,1.12227E+16,4.92291E+16
73428,9.17021E+18,9,5,74,155,2017,2,19,4,2,2,7,0,1,0,0,1,2,0,6.6791E+20,5.49094E+21,1.13213E+16,4.95477E+16
73429,9.17021E+18,9,5,74,161,2017,2,19,4,3,9,1,0,1,0,0,1,1,0,6.78568E+20,5.48955E+21,1.14679E+16,4.95323E+16
73430,9.17021E+18,9,5,75,168,2017,2,9,4,3,5,3,0,1,0,0,0,0,1,5.89253E+20,5.48864E+21,1.02338E+16,4.95438E+16
73431,9.1702E+18,9,5,61,0,2017,2,12,7,3,0,7,0,0,0,1,0,0,0,6.13478E+20,5.46299E+21,1.05612E+16,4.93091E+16
73432,9.1702E+18,9,4,75,181,2017,2,12,7,3,2,6,0,1,0,0,0,0,1,7.05415E+20,5.58431E+21,1.1889E+16,5.03749E+16
73433,9.17021E+18,9,5,71,174,2017,2,9,4,3,9,1,0,1,0,0,0,2,0,6.0404E+20,5.46365E+21,1.04316E+16,4.93167E+16
73434,9.17021E+18,9,4,76,145,2017,2,12,4,3,3,6,0,1,0,0,1,0,0,6.65206E+20,5.56659E+21,1.13163E+16,5.02284E+16
73435,9.17021E+18,9,4,72,116,2017,2,13,4,3,2,6,0,1,0,0,0,0,0,6.86656E+20,5.54517E+21,1.16062E+16,5.00295E+16
73436,9.1702E+18,9,4,73,120,2017,2,13,7,3,1,6,0,1,0,0,0,0,0,6.42925E+20,5.57229E+21,1.10063E+16,5.02854E+16
73437,9.17021E+18,9,4,72,115,2017,2,15,4,3,9,1,0,1,0,0,0,0,0,6.60171E+20,5.52781E+21,1.12295E+16,4.98813E+16
73438,9.1702E+18,9,4,77,121,2017,2,17,7,3,3,6,0,1,0,0,1,1,0,6.8733E+20,5.54727E+21,1.16167E+16,5.00482E+16
73439,9.1702E+18,9,4,77,159,2017,2,10,7,2,4,1,0,1,0,0,0,0,1,6.80796E+20,5.55643E+21,1.15298E+16,5.01325E+16
73440,9.1702E+18,9,3,74,162,2017,2,16,7,3,9,1,0,1,0,0,0,0,1,7.38162E+20,5.5047E+21,1.22994E+16,4.96478E+16
73441,9.1702E+18,9,3,77,154,2017,2,23,7,3,5,3,0,1,0,0,0,2,1,7.39736E+20,5.53077E+21,1.23372E+16,4.98813E+16
73442,9.1702E+18,9,3,61,0,2017,2,1,7,3,6,4,0,1,1,0,0,2,1,7.07581E+20,5.4808E+21,1.18638E+16,4.94444E+16
73443,9.1702E+18,9,3,75,156,2017,2,20,7,3,5,3,0,1,0,0,0,2,1,7.15264E+20,5.4491E+21,1.19525E+16,4.91569E+16
73444,9.1702E+18,9,2,77,145,2017,2,17,7,3,5,3,0,1,0,0,0,1,0,7.98562E+20,5.35363E+21,1.30235E+16,4.82654E+16
73445,9.1702E+18,9,2,77,114,2017,2,3,7,3,4,6,0,1,0,0,0,2,2,7.9064E+20,5.37719E+21,1.29333E+16,4.84806E+16
73446,9.1702E+18,9,2,77,116,2017,2,12,7,3,2,6,0,1,0,0,0,0,1,7.78962E+20,5.36679E+21,1.27687E+16,4.83925E+16
73447,9.1702E+18,9,2,74,183,2017,2,6,7,3,8,1,0,0,0,0,1,1,2,7.43334E+20,5.35904E+21,1.22837E+16,4.83376E+16
73448,9.1702E+18,9,2,73,166,2017,2,15,7,3,5,3,0,1,0,0,0,0,0,7.1344E+20,5.41676E+21,1.19106E+16,4.88671E+16
73449,9.1702E+18,9,2,79,127,2017,2,9,7,1,1,5,0,1,0,0,1,0,1,7.53463E+20,5.40368E+21,1.24473E+16,4.87345E+16
73450,9.1702E+18,9,1,73,112,2017,2,18,7,3,2,7,0,1,0,0,0,2,1,6.91218E+20,5.29219E+21,1.15514E+16,4.77547E+16
73451,9.1702E+18,9,1,73,112,2017,2,8,7,2,6,4,0,1,1,0,0,0,1,6.92257E+20,5.29305E+21,1.15656E+16,4.77621E+16
73452,9.17021E+18,9,4,62,0,2017,2,13,4,3,3,2,0,1,0,0,0,0,0,6.84184E+20,5.53545E+21,1.15671E+16,4.9943E+16
73453,9.17021E+18,9,4,62,0,2017,2,6,4,3,2,6,0,1,0,0,1,2,0,6.81754E+20,5.53408E+21,1.15326E+16,4.99314E+16
73454,9.1702E+18,9,1,83,140,2017,2,15,7,2,8,1,0,1,0,0,0,0,0,7.41572E+20,5.34154E+21,1.225E+16,4.81811E+16
73455,9.1702E+18,9,1,89,157,2017,2,16,7,3,2,6,0,1,0,0,0,0,0,7.64155E+20,5.32523E+21,1.25432E+16,4.80256E+16
73456,9.1702E+18,9,1,84,114,2017,2,9,7,3,2,6,0,1,0,0,0,0,0,6.99459E+20,5.3199E+21,1.1674E+16,4.80013E+16
73457,9.1702E+18,9,1,82,116,2017,2,14,7,3,5,3,0,1,0,0,0,0,0,7.04147E+20,5.29163E+21,1.17235E+16,4.77457E+16
73458,9.1702E+18,9,1,86,149,2017,2,9,7,3,2,6,0,1,0,0,0,0,0,6.88321E+20,5.3863E+21,1.15545E+16,4.86015E+16
73459,9.1702E+18,9,1,85,149,2017,2,21,7,3,2,6,0,1,0,0,0,2,0,6.66158E+20,5.40142E+21,1.12602E+16,4.87436E+16
73460,9.1702E+18,9,1,61,0,2017,2,17,7,3,5,3,0,1,0,0,0,2,0,6.7922E+20,5.40115E+21,1.14376E+16,4.87376E+16
73461,9.1702E+18,9,1,76,139,2017,2,14,7,3,4,2,0,1,0,0,0,0,1,6.86839E+20,5.412E+21,1.15461E+16,4.88328E+16
73462,9.1702E+18,9,7,71,129,2017,2,11,7,3,3,6,0,1,0,0,0,0,0,6.60284E+20,5.35561E+21,1.11627E+16,4.83334E+16
73463,9.1702E+18,9,1,88,137,2017,2,11,7,3,4,6,0,1,0,0,0,0,1,6.72119E+20,5.31375E+21,1.13054E+16,4.79539E+16
73464,9.1702E+18,9,1,88,120,2017,2,10,7,3,2,6,0,1,0,0,0,0,1,6.77356E+20,5.32645E+21,1.13807E+16,4.80667E+16
73465,9.1702E+18,9,1,75,123,2017,2,16,7,2,0,1,0,1,0,0,0,0,0,7.22181E+20,5.33667E+21,1.1987E+16,4.81445E+16
73466,9.17021E+18,9,4,74,146,2017,2,9,4,3,5,3,0,1,0,0,0,0,0,6.49419E+20,5.50042E+21,1.10695E+16,4.96378E+16
73467,9.17021E+18,9,4,74,126,2017,2,15,4,3,1,6,0,1,0,0,0,0,0,6.52228E+20,5.50966E+21,1.11119E+16,4.97202E+16
73468,9.17021E+18,9,4,74,126,2017,2,15,4,3,4,3,0,1,0,0,0,0,0,6.49707E+20,5.50913E+21,1.10768E+16,4.9716E+16
73469,9.17021E+18,9,3,74,149,2017,2,11,4,3,5,3,0,1,0,0,0,0,0,7.13747E+20,5.51513E+21,1.19674E+16,4.97506E+16
73470,9.17021E+18,9,3,75,190,2017,2,15,4,3,1,6,0,1,0,0,0,0,0,7.28163E+20,5.44569E+21,1.21273E+16,4.91217E+16
73471,9.17021E+18,9,6,62,0,2017,2,21,5,3,7,6,0,1,0,0,0,2,0,5.89308E+20,5.54488E+21,1.02475E+16,5.00495E+16
73472,9.17021E+18,9,3,72,116,2017,2,10,4,3,5,3,0,1,0,0,0,0,0,7.66744E+20,5.45634E+21,1.26621E+16,4.92017E+16
73473,9.17021E+18,9,2,76,117,2017,2,8,4,3,3,6,0,1,0,0,1,0,1,7.99643E+20,5.44172E+21,1.31017E+16,4.90554E+16
73474,9.17021E+18,9,2,75,135,2017,2,6,4,3,8,6,0,1,0,0,0,0,0,8.22019E+20,5.40152E+21,1.33755E+16,4.86835E+16
73475,9.17021E+18,9,2,61,0,2017,2,18,4,3,5,3,0,1,0,0,0,2,0,7.31596E+20,5.38155E+21,1.2138E+16,4.85442E+16
73476,9.17021E+18,9,1,72,131,2017,2,12,4,3,8,1,0,1,0,0,0,0,0,7.8196E+20,5.28614E+21,1.2756E+16,4.76672E+16
73477,9.17021E+18,9,1,63,0,2017,2,7,4,2,4,2,0,1,0,0,0,0,0,7.33756E+20,5.30329E+21,1.21242E+16,4.78404E+16
73478,9.1702E+18,9,1,75,136,2017,2,11,7,3,2,6,0,1,0,0,0,0,1,7.27973E+20,5.3203E+21,1.2056E+16,4.79953E+16
73479,9.1702E+18,9,1,84,135,2017,2,10,6,3,1,6,0,1,0,0,1,0,0,6.92098E+20,5.34478E+21,1.15867E+16,4.82271E+16
73480,9.1702E+18,9,1,84,129,2017,2,10,6,3,0,7,1,0,0,0,0,0,2,7.01906E+20,5.32685E+21,1.17101E+16,4.80629E+16
73481,9.1702E+18,9,1,84,135,2017,2,18,6,3,4,7,0,1,0,0,0,2,1,6.88468E+20,5.3474E+21,1.1539E+16,4.82518E+16
73482,9.1702E+18,9,1,62,0,2017,2,18,6,3,3,6,0,1,0,0,1,2,0,6.87417E+20,5.33282E+21,1.15184E+16,4.81211E+16
73483,9.17021E+18,9,1,82,120,2017,2,14,4,3,2,6,0,1,0,0,1,0,0,7.01575E+20,5.30694E+21,1.16963E+16,4.78841E+16
73484,9.17021E+18,9,1,61,0,2017,2,7,4,3,6,4,0,1,1,0,0,2,0,6.80416E+20,5.40469E+21,1.14554E+16,4.8769E+16
73485,9.17021E+18,9,1,86,122,2017,2,19,4,1,6,4,0,1,1,0,0,2,0,6.92429E+20,5.3954E+21,1.16144E+16,4.8682E+16
73486,9.1702E+18,9,7,75,134,2017,2,22,6,3,2,6,0,1,0,0,0,2,1,5.81554E+20,5.36314E+21,1.01022E+16,4.84161E+16
73487,9.1702E+18,9,7,74,121,2017,2,16,6,1,4,6,0,1,0,0,0,0,1,6.02068E+20,5.36451E+21,1.03797E+16,4.84255E+16
73488,9.1702E+18,9,7,78,169,2017,2,6,6,3,5,3,0,1,0,0,0,1,1,6.17635E+20,5.33277E+21,1.05812E+16,4.81373E+16
73489,9.1702E+18,9,7,80,124,2017,2,19,6,3,1,2,0,1,0,0,0,2,1,5.9224E+20,5.26846E+21,1.02262E+16,4.7563E+16
73490,9.1702E+18,9,7,72,202,2017,2,16,6,3,5,3,1,1,0,0,0,0,1,6.36831E+20,5.35937E+21,1.08477E+16,4.83726E+16
73491,9.1702E+18,9,6,79,170,2017,2,14,6,3,5,1,0,1,0,0,0,0,1,5.76801E+20,5.50168E+21,1.00642E+16,4.96627E+16
73492,9.1702E+18,9,6,77,131,2017,2,10,6,3,8,1,0,1,0,0,0,0,0,5.50715E+20,5.54638E+21,9.70864E+15,5.00675E+16
73493,9.1702E+18,9,6,74,195,2017,2,8,6,3,5,3,0,1,0,1,0,0,1,6.13359E+20,5.5383E+21,1.05813E+16,4.99863E+16
73494,9.1702E+18,9,6,62,0,2017,2,17,6,3,1,6,0,1,0,0,1,2,1,5.8816E+20,5.54489E+21,1.02314E+16,5.00498E+16
73495,9.1702E+18,9,6,71,130,2017,2,13,6,1,2,6,0,1,0,0,1,0,0,5.14468E+20,5.53859E+21,9.20187E+15,4.99994E+16
73496,9.1702E+18,9,6,76,160,2017,2,18,6,3,5,3,0,1,0,0,0,2,0,5.10588E+20,5.52968E+21,9.1475E+15,4.99194E+16
73497,9.17021E+18,9,1,74,113,2017,2,19,4,3,2,6,0,0,0,0,1,2,0,6.70827E+20,5.34746E+21,1.13016E+16,4.82573E+16
73498,9.17021E+18,9,1,88,139,2017,2,18,4,3,6,7,1,0,1,0,0,1,0,6.74701E+20,5.31888E+21,1.1342E+16,4.79993E+16
73499,9.17021E+18,9,1,79,123,2017,2,15,4,3,5,2,0,1,0,0,0,0,0,6.76551E+20,5.33426E+21,1.13731E+16,4.81371E+16
73500,9.17021E+18,9,1,88,120,2017,2,19,4,3,5,3,0,1,0,0,0,2,0,6.78004E+20,5.32679E+21,1.13895E+16,4.80696E+16
73501,9.1702E+18,9,6,76,132,2017,2,7,6,3,2,6,0,1,0,0,0,1,0,5.13761E+20,5.50878E+21,9.19095E+15,4.97314E+16
73502,9.17021E+18,9,1,74,115,2017,2,13,4,3,2,6,0,1,0,0,1,0,0,6.83369E+20,5.34771E+21,1.14705E+16,4.82561E+16
73503,9.17021E+18,9,1,84,135,2017,2,17,4,3,2,6,0,1,0,0,0,2,0,6.92244E+20,5.34497E+21,1.15887E+16,4.82288E+16
73504,9.17021E+18,9,1,75,132,2017,2,10,4,3,2,6,0,1,0,0,0,0,0,7.0726E+20,5.33675E+21,1.17867E+16,4.81502E+16
73505,9.17021E+18,9,1,62,0,2017,2,14,3,3,6,4,0,1,1,0,0,0,0,6.88603E+20,5.34211E+21,1.15385E+16,4.82042E+16
73506,9.17021E+18,9,7,74,121,2017,2,14,3,3,0,6,0,1,0,0,1,0,0,6.0337E+20,5.36383E+21,1.03971E+16,4.84191E+16
73507,9.17021E+18,9,7,75,135,2017,2,6,3,3,5,3,1,1,0,0,0,2,1,5.79024E+20,5.36247E+21,1.00679E+16,4.84104E+16
73508,9.1702E+18,9,6,71,143,2017,2,14,6,3,5,3,0,1,0,0,0,0,1,5.13335E+20,5.54494E+21,9.18629E+15,5.00566E+16
73509,9.17021E+18,9,7,80,134,2017,2,11,3,3,1,6,0,1,0,0,1,0,0,5.95399E+20,5.25966E+21,1.02663E+16,4.74834E+16
73510,9.17021E+18,9,7,77,154,2017,2,9,3,3,5,3,0,1,0,0,1,0,1,6.07306E+20,5.30357E+21,1.04351E+16,4.78765E+16
73511,9.17021E+18,9,7,79,111,2017,2,12,3,3,5,3,0,1,0,0,0,0,0,6.19719E+20,5.41048E+21,1.06315E+16,4.88358E+16
73512,9.1702E+18,9,5,76,151,2017,2,18,6,3,2,6,0,1,0,0,0,2,0,6.54027E+20,5.47036E+21,1.11215E+16,4.93665E+16
73513,9.17021E+18,9,7,73,136,2017,2,8,3,3,4,6,0,1,0,0,0,0,1,5.98144E+20,5.37385E+21,1.03288E+16,4.85101E+16
73514,9.1702E+18,9,5,63,0,2017,2,17,6,3,6,4,0,0,1,0,1,2,1,6.44939E+20,5.48159E+21,1.10005E+16,4.94697E+16
73515,9.17021E+18,9,6,79,193,2017,2,14,3,3,2,6,0,0,0,0,1,0,0,5.74606E+20,5.51117E+21,1.00356E+16,4.97484E+16
73516,9.1702E+18,9,5,64,0,2017,2,7,6,3,5,2,0,1,0,0,0,0,1,6.54437E+20,5.48076E+21,1.11312E+16,4.94598E+16
73517,9.1702E+18,9,5,64,0,2017,2,18,6,3,2,6,0,1,0,0,0,2,1,6.48559E+20,5.48086E+21,1.10502E+16,4.94622E+16
73518,9.1702E+18,9,5,75,157,2017,2,11,6,3,4,6,0,1,0,0,0,0,1,6.02503E+20,5.50484E+21,1.04211E+16,4.96874E+16
73519,9.1702E+18,9,5,71,170,2017,2,11,6,2,5,3,1,1,0,0,0,0,1,6.0444E+20,5.44049E+21,1.0431E+16,4.91084E+16
73520,9.1702E+18,9,4,76,154,2017,2,20,6,3,8,1,0,1,0,0,0,2,1,6.59745E+20,5.56817E+21,1.12405E+16,5.02441E+16
73521,9.1702E+18,9,4,72,127,2017,2,11,6,3,2,6,0,1,0,0,1,0,1,6.87041E+20,5.5223E+21,1.16005E+16,4.98239E+16
73522,9.1702E+18,9,4,72,177,2017,2,12,6,2,5,3,0,1,0,1,0,0,1,6.7826E+20,5.50422E+21,1.14703E+16,4.96642E+16
73523,9.1702E+18,9,4,72,199,2017,2,7,6,3,4,2,0,1,0,0,0,1,0,6.96632E+20,5.53568E+21,1.17405E+16,4.99411E+16
73524,9.1702E+18,9,4,62,0,2017,2,23,6,3,5,3,0,1,0,0,0,2,0,6.84573E+20,5.53514E+21,1.15724E+16,4.99401E+16
73525,9.1702E+18,9,4,62,0,2017,2,13,6,3,3,2,0,1,0,0,0,0,0,6.87125E+20,5.5379E+21,1.16092E+16,4.99641E+16
73526,9.1702E+18,9,4,71,185,2017,2,16,6,3,2,6,0,1,0,0,0,0,0,6.45649E+20,5.53794E+21,1.10314E+16,4.9976E+16
73527,9.1702E+18,9,4,71,185,2017,2,18,6,3,5,3,0,1,0,0,0,1,0,6.45575E+20,5.5379E+21,1.10303E+16,4.99757E+16
73528,9.1702E+18,9,4,61,0,2017,2,20,6,3,4,2,0,1,0,0,0,2,0,6.37887E+20,5.52928E+21,1.09201E+16,4.99E+16
73529,9.1702E+18,9,3,73,113,2017,2,18,6,3,8,1,0,1,0,0,0,2,1,6.78372E+20,5.46514E+21,1.14542E+16,4.93129E+16
73530,9.1702E+18,9,3,72,146,2017,2,13,6,3,5,3,0,1,0,0,0,0,0,7.60653E+20,5.46519E+21,1.25844E+16,4.92838E+16
73531,9.1702E+18,9,3,72,164,2017,2,17,6,3,4,6,0,1,0,0,0,1,0,7.66122E+20,5.44983E+21,1.26493E+16,4.91436E+16
73532,9.1702E+18,9,3,71,127,2017,2,7,6,2,4,6,0,1,0,0,0,1,0,7.15612E+20,5.4936E+21,1.19814E+16,4.95565E+16
73533,9.1702E+18,9,3,61,0,2017,2,9,6,3,2,6,0,1,0,0,0,0,0,7.07842E+20,5.48074E+21,1.18673E+16,4.94437E+16
73534,9.1702E+18,9,2,78,171,2017,2,13,6,3,8,7,0,1,0,0,0,0,1,7.78399E+20,5.43047E+21,1.28039E+16,4.89643E+16
73535,9.1702E+18,9,2,61,0,2017,2,22,6,3,4,2,0,1,0,0,0,2,1,7.31855E+20,5.37983E+21,1.21406E+16,4.85287E+16
73536,9.1702E+18,9,2,74,120,2017,2,19,6,3,8,1,0,1,0,0,0,2,0,7.50884E+20,5.36471E+21,1.23888E+16,4.83856E+16
73537,9.1702E+18,9,2,73,172,2017,2,8,6,3,2,6,0,1,0,0,0,0,0,7.10188E+20,5.40294E+21,1.18592E+16,4.8744E+16
73538,9.1702E+18,9,3,75,205,2017,2,15,6,2,8,6,0,1,0,0,1,0,0,7.2619E+20,5.42227E+21,1.20872E+16,4.8912E+16
73539,9.17021E+18,9,6,78,168,2017,2,17,3,3,2,6,0,1,0,0,0,2,0,5.82648E+20,5.54908E+21,1.01554E+16,5.00883E+16
73540,9.17021E+18,9,6,73,172,2017,2,19,3,1,6,4,0,1,1,0,0,2,1,6.09263E+20,5.56945E+21,1.05331E+16,5.0267E+16
73541,9.17021E+18,9,6,73,114,2017,2,15,3,3,8,1,0,1,0,0,0,0,0,5.85056E+20,5.57451E+21,1.01947E+16,5.03165E+16
73542,9.17021E+18,9,6,78,190,2017,2,13,3,3,2,2,0,1,0,0,0,0,0,5.83199E+20,5.5361E+21,1.01602E+16,4.99715E+16
73543,9.17021E+18,9,5,62,0,2017,2,6,3,3,0,7,0,1,1,0,0,2,1,6.43497E+20,5.49413E+21,1.09852E+16,4.95827E+16
73544,9.17021E+18,9,5,64,0,2017,2,11,5,3,0,7,0,1,0,0,1,0,0,6.51099E+20,5.47519E+21,1.10831E+16,4.94106E+16
73545,9.17021E+18,9,5,72,131,2017,2,16,3,3,1,6,0,1,0,0,0,0,0,6.57974E+20,5.48285E+21,1.11808E+16,4.94777E+16
73546,9.17021E+18,9,5,63,0,2017,2,8,3,3,5,2,0,1,0,0,0,0,0,6.44244E+20,5.47927E+21,1.09901E+16,4.9449E+16
73547,9.1702E+18,9,2,74,128,2017,2,10,6,3,5,3,0,1,0,0,0,0,1,7.3628E+20,5.38642E+21,1.22042E+16,4.85862E+16
73548,9.17021E+18,9,5,64,0,2017,2,13,3,3,5,3,0,1,0,0,1,0,0,6.51126E+20,5.47317E+21,1.10827E+16,4.93925E+16
73549,9.1702E+18,9,1,71,126,2017,2,15,6,3,6,6,0,1,1,0,0,0,0,7.79983E+20,5.35287E+21,1.27732E+16,4.82671E+16
73550,9.17021E+18,9,5,64,0,2017,2,17,3,3,2,6,0,1,0,0,0,2,0,6.46949E+20,5.48009E+21,1.10277E+16,4.94557E+16
73551,9.1702E+18,9,1,85,139,2017,2,13,6,3,5,3,1,1,0,0,0,0,0,6.68903E+20,5.3953E+21,1.1295E+16,4.86878E+16
73552,9.1702E+18,9,1,85,149,2017,2,15,6,2,4,2,0,1,0,0,0,0,1,6.59638E+20,5.39853E+21,1.11705E+16,4.87194E+16
73553,9.1702E+18,9,1,61,0,2017,2,13,6,3,1,6,0,1,0,0,0,0,1,6.83081E+20,5.40553E+21,1.1492E+16,4.87758E+16
73554,9.1702E+18,9,1,62,0,2017,2,22,6,3,2,6,0,1,0,0,0,2,1,6.78963E+20,5.34102E+21,1.14084E+16,4.81972E+16
73555,9.1702E+18,9,1,79,142,2017,2,7,6,3,7,1,0,1,0,0,0,1,1,6.70379E+20,5.34175E+21,1.12933E+16,4.82061E+16
73556,9.1702E+18,9,1,79,123,2017,2,16,6,3,5,3,1,1,0,0,0,0,0,6.754E+20,5.33319E+21,1.13572E+16,4.81277E+16
73557,9.1702E+18,9,1,79,121,2017,2,13,6,3,2,6,0,1,0,0,0,0,2,6.68592E+20,5.33781E+21,1.12677E+16,4.81711E+16
73558,9.1702E+18,9,1,78,137,2017,2,19,6,3,2,6,0,1,0,0,0,2,1,6.91848E+20,5.36375E+21,1.15919E+16,4.83977E+16
73559,9.1702E+18,9,1,77,120,2017,2,8,6,2,0,1,0,1,0,0,0,0,1,7.25345E+20,5.36095E+21,1.20424E+16,4.83614E+16
73560,9.1702E+18,9,1,77,115,2017,2,15,6,3,4,3,0,1,0,0,0,0,0,7.33775E+20,5.35181E+21,1.21509E+16,4.82763E+16
73561,9.1702E+18,9,1,77,115,2017,2,6,6,3,0,7,0,1,0,0,0,2,0,7.40242E+20,5.35639E+21,1.22406E+16,4.8315E+16
73562,9.17021E+18,9,5,64,0,2017,2,16,3,2,6,4,0,1,1,0,0,1,0,6.47805E+20,5.47385E+21,1.10372E+16,4.93994E+16
73563,9.17021E+18,9,5,71,175,2017,2,20,3,3,8,6,0,0,0,0,1,2,1,6.24579E+20,5.45939E+21,1.07127E+16,4.92745E+16
73564,9.17021E+18,9,4,72,127,2017,2,9,3,2,2,6,0,1,0,0,1,0,0,6.81357E+20,5.5274E+21,1.1524E+16,4.98715E+16
73565,9.1702E+18,9,1,62,0,2017,2,15,5,3,5,3,0,1,0,0,0,0,0,7.00588E+20,5.33267E+21,1.16951E+16,4.81156E+16
73566,9.1702E+18,9,1,62,0,2017,2,21,5,3,5,3,0,1,0,0,0,2,1,6.94723E+20,5.33219E+21,1.16162E+16,4.81132E+16
73567,9.1702E+18,9,1,84,119,2017,2,18,5,3,4,2,0,1,0,0,0,2,1,6.96395E+20,5.34661E+21,1.16453E+16,4.82422E+16
73568,9.1702E+18,9,1,84,135,2017,2,11,5,3,1,6,0,1,0,0,0,0,0,6.93167E+20,5.34721E+21,1.16022E+16,4.82486E+16
73569,9.1702E+18,9,1,62,0,2017,2,15,5,3,2,6,0,1,0,0,0,0,1,6.92073E+20,5.34039E+21,1.15843E+16,4.81877E+16
73570,9.1702E+18,9,1,62,0,2017,2,8,5,3,2,6,0,1,0,0,0,0,1,6.91057E+20,5.33202E+21,1.15669E+16,4.81128E+16
73571,9.1702E+18,9,7,74,198,2017,2,6,5,3,8,6,0,1,0,0,1,2,2,6.17036E+20,5.34719E+21,1.05771E+16,4.82671E+16
73572,9.1702E+18,9,7,80,143,2017,2,13,5,3,5,6,0,1,0,0,0,0,0,5.98419E+20,5.28164E+21,1.03113E+16,4.76806E+16
73573,9.1702E+18,9,7,77,165,2017,2,17,5,3,2,6,0,1,0,0,0,2,2,6.0561E+20,5.30595E+21,1.0413E+16,4.78982E+16
73574,9.1702E+18,9,7,73,125,2017,2,13,5,3,2,6,0,1,0,0,0,0,0,6.13748E+20,5.38404E+21,1.05428E+16,4.85991E+16
73575,9.1702E+18,9,7,61,0,2017,2,18,5,3,1,6,0,1,0,0,0,2,0,6.43201E+20,5.36056E+21,1.09341E+16,4.83819E+16
73576,9.1702E+18,9,7,72,177,2017,2,13,5,3,5,3,1,1,0,0,0,0,0,6.36926E+20,5.37823E+21,1.08551E+16,4.85422E+16
73577,9.17021E+18,9,4,62,0,2017,2,2,3,3,8,2,0,1,0,0,0,2,1,6.85164E+20,5.53583E+21,1.15809E+16,4.9946E+16