OBJECTID,UIDENTSTLA,ULAND,UREGBEZ,UKREIS,UGEMEINDE,UJAHR,UMONAT,USTUNDE,UWOCHENTAG,UKATEGORIE,UART,UTYP1,IstRad,IstPKW,IstFuss,IstKrad,IstSonstig,LICHT,STRZUSTAND,LINREFX,LINREFY,XGCSWGS84,YGCSWGS84
73752,9.17013E+18,9,1,62,0,2017,1,17,3,3,3,6,0,1,0,0,1,2,1,6.92581E+20,5.33034E+21,1.15866E+16,4.80972E+16
73753,9.17013E+18,9,1,62,0,2017,1,17,3,3,6,2,0,1,1,0,0,2,1,7.01643E+20,5.33225E+21,1.17091E+16,4.81115E+16
73754,9.17013E+18,9,1,62,0,2017,1,17,3,3,2,6,0,1,0,0,1,2,1,6.84587E+20,5.34291E+21,1.14848E+16,4.82125E+16
73755,9.17013E+18,9,1,84,127,2017,1,18,3,3,6,4,0,1,1,0,0,2,1,7.02774E+20,5.32205E+21,1.17194E+16,4.80195E+16
73756,9.17013E+18,9,7,75,135,2017,1,19,3,3,1,6,0,1,0,0,0,2,1,5.7845E+20,5.36221E+21,1.00601E+16,4.84082E+16
73757,9.17013E+18,9,7,78,173,2017,1,18,3,3,5,3,1,1,0,0,0,2,1,6.12118E+20,5.32208E+21,1.05043E+16,4.80422E+16
73758,9.17013E+18,9,7,75,129,2017,1,19,3,3,4,6,0,1,0,0,0,2,1,5.82988E+20,5.34103E+21,1.01172E+16,4.82171E+16
73759,9.17013E+18,9,7,76,115,2017,1,7,3,3,2,2,0,1,0,0,0,1,1,5.58164E+20,5.27381E+21,9.77399E+15,4.7615E+16
73760,9.17022E+18,9,7,80,122,2017,2,7,4,3,6,4,0,1,1,0,0,0,0,6.01844E+20,5.29276E+21,1.03595E+16,4.77801E+16
73761,9.17022E+18,9,7,80,134,2017,2,15,4,2,4,6,0,1,0,0,0,0,0,5.95418E+20,5.2606E+21,1.02668E+16,4.74919E+16
73762,9.17022E+18,9,7,77,151,2017,2,7,4,3,2,6,0,1,0,0,0,0,0,6.2525E+20,5.29307E+21,1.06719E+16,4.77788E+16
73763,9.17022E+18,9,6,76,136,2017,2,22,6,2,8,1,0,1,0,0,0,2,1,5.14923E+20,5.52855E+21,9.20784E+15,4.99091E+16
73764,9.17022E+18,9,6,76,169,2017,2,12,6,3,5,3,0,1,0,0,0,0,1,5.10217E+20,5.51599E+21,9.14196E+15,4.97963E+16
73765,9.17022E+18,9,6,71,136,2017,2,6,6,3,2,6,0,1,0,0,0,1,1,5.04041E+20,5.53941E+21,9.05639E+15,5.0007E+16
73766,9.17022E+18,9,5,76,151,2017,2,11,6,3,2,6,0,1,0,0,0,0,0,6.6011E+20,5.47048E+21,1.12053E+16,4.9366E+16
73767,9.17022E+18,9,5,76,127,2017,2,12,6,3,2,6,0,1,0,0,0,0,0,6.62863E+20,5.45274E+21,1.1236E+16,4.92058E+16
73768,9.17022E+18,9,7,72,147,2017,2,8,4,3,2,6,0,1,0,0,0,0,1,6.38354E+20,5.36438E+21,1.08699E+16,4.84173E+16
73769,9.17022E+18,9,7,72,141,2017,2,6,4,3,6,2,0,1,1,0,0,2,0,6.21871E+20,5.34599E+21,1.06419E+16,4.82554E+16
73770,9.17022E+18,9,5,72,111,2017,2,14,6,3,5,2,0,1,0,0,1,0,1,6.35449E+20,5.50713E+21,1.08784E+16,4.97015E+16
73771,9.17022E+18,9,7,71,111,2017,2,9,4,3,8,1,0,1,0,0,0,0,0,6.57824E+20,5.35804E+21,1.11305E+16,4.83558E+16
73772,9.17022E+18,9,7,71,130,2017,2,7,4,3,4,2,0,1,0,1,0,0,0,6.48798E+20,5.35498E+21,1.10076E+16,4.83305E+16
73773,9.17022E+18,9,7,61,0,2017,2,13,4,3,2,6,0,1,0,0,1,0,0,6.42166E+20,5.36236E+21,1.09207E+16,4.83983E+16
73774,9.17022E+18,9,7,61,0,2017,2,8,4,3,2,6,0,1,0,0,0,0,1,6.4446E+20,5.35762E+21,1.095E+16,4.83552E+16
73775,9.17022E+18,9,6,72,121,2017,2,6,4,3,5,2,0,1,0,0,0,1,0,5.68414E+20,5.55285E+21,9.95708E+15,5.01239E+16
73776,9.17022E+18,9,6,62,0,2017,2,7,4,3,3,2,1,1,0,0,0,0,0,5.88787E+20,5.54388E+21,1.02399E+16,5.00406E+16
73777,9.17022E+18,9,1,76,137,2017,2,10,4,2,2,6,0,1,0,0,1,0,0,6.72431E+20,5.43044E+21,1.13577E+16,4.90027E+16
73778,9.17022E+18,9,5,74,164,2017,2,7,4,3,2,6,0,1,0,0,0,1,0,6.64719E+20,5.47798E+21,1.12718E+16,4.94322E+16
73779,9.17022E+18,9,5,62,0,2017,2,5,4,3,4,2,1,1,0,0,0,2,0,6.44918E+20,5.49359E+21,1.10046E+16,4.95775E+16
73780,9.17022E+18,9,5,72,158,2017,2,7,4,2,5,3,0,1,0,0,0,1,0,6.52474E+20,5.49473E+21,1.11095E+16,4.95859E+16
73781,9.17022E+18,9,5,64,0,2017,2,15,4,3,6,4,0,1,1,0,0,0,0,6.49782E+20,5.47707E+21,1.10656E+16,4.94279E+16
73782,9.17022E+18,9,5,61,0,2017,2,16,4,2,2,6,0,0,0,1,0,0,0,6.15141E+20,5.46244E+21,1.05839E+16,4.93038E+16
73783,9.17022E+18,9,5,77,173,2017,2,14,4,2,2,6,0,1,0,0,0,0,0,6.41789E+20,5.42491E+21,1.09371E+16,4.89608E+16
73784,9.17022E+18,9,5,75,121,2017,2,7,4,3,5,3,0,1,0,0,0,0,0,6.25274E+20,5.49082E+21,1.07322E+16,4.9557E+16
73785,9.17022E+18,9,4,71,151,2017,2,13,4,3,5,3,0,1,0,0,0,0,0,6.54871E+20,5.53456E+21,1.11585E+16,4.99433E+16
73786,9.17022E+18,9,3,76,150,2017,2,8,4,3,3,6,0,1,0,0,0,0,0,7.26898E+20,5.49179E+21,1.21362E+16,4.95362E+16
73787,9.17022E+18,9,3,63,0,2017,2,19,4,3,5,3,0,1,0,0,0,2,0,7.24155E+20,5.50627E+21,1.21066E+16,4.96672E+16
73788,9.17022E+18,9,3,74,121,2017,2,7,4,3,9,1,0,1,0,0,0,0,1,7.36958E+20,5.51032E+21,1.22862E+16,4.96988E+16
73789,9.17022E+18,9,3,75,148,2017,2,18,4,3,8,7,0,1,0,0,0,2,0,6.97784E+20,5.43764E+21,1.17075E+16,4.90598E+16
73790,9.17022E+18,9,3,71,151,2017,2,13,4,3,7,7,0,1,0,0,1,0,0,6.95777E+20,5.49021E+21,1.17058E+16,4.95329E+16
73791,9.17022E+18,9,3,76,141,2017,2,12,4,3,5,3,0,1,0,0,0,0,0,7.25183E+20,5.45099E+21,1.20895E+16,4.91704E+16
73792,9.17022E+18,9,3,61,0,2017,2,7,4,3,6,4,0,1,1,0,0,1,0,7.07895E+20,5.48073E+21,1.18681E+16,4.94436E+16
73793,9.17022E+18,9,2,71,125,2017,2,9,4,3,1,6,0,1,0,0,1,0,0,8.01225E+20,5.40743E+21,1.30981E+16,4.87469E+16
73794,9.17022E+18,9,2,71,146,2017,2,11,4,3,2,6,0,1,0,0,0,0,0,7.85989E+20,5.40872E+21,1.28922E+16,4.87657E+16
73795,9.17022E+18,9,2,71,125,2017,2,17,4,3,5,3,0,1,0,0,1,2,1,7.96921E+20,5.40961E+21,1.30412E+16,4.87686E+16
73796,9.17022E+18,9,2,71,119,2017,2,18,4,3,5,3,0,1,0,0,0,2,0,7.90441E+20,5.41626E+21,1.2958E+16,4.88313E+16
73797,9.17022E+18,9,2,71,119,2017,2,11,4,3,5,7,1,1,0,0,0,0,0,7.9001E+20,5.4178E+21,1.29532E+16,4.88453E+16
73798,9.17022E+18,9,2,75,124,2017,2,9,4,3,8,1,0,1,0,0,0,0,2,8.106E+20,5.37992E+21,1.32047E+16,4.84955E+16
73799,9.17022E+18,9,5,72,132,2017,2,9,6,3,8,1,0,0,0,0,1,0,1,6.38908E+20,5.49393E+21,1.09217E+16,4.9582E+16
73800,9.17022E+18,9,5,76,143,2017,2,13,6,3,5,3,0,1,0,1,0,0,0,6.53119E+20,5.45709E+21,1.11039E+16,4.92474E+16
73801,9.17022E+18,9,5,74,123,2017,2,9,6,3,8,1,0,1,0,0,0,0,1,6.60126E+20,5.47653E+21,1.1208E+16,4.94203E+16
73802,9.17022E+18,9,5,64,0,2017,2,21,6,3,0,5,1,1,0,0,0,2,1,6.49764E+20,5.47689E+21,1.10653E+16,4.94262E+16
73803,9.17022E+18,9,2,77,141,2017,2,8,4,3,2,2,0,1,0,0,0,0,1,7.71668E+20,5.37465E+21,1.26754E+16,4.84662E+16
73804,9.17022E+18,9,2,74,184,2017,2,8,4,3,5,3,0,1,0,0,1,0,0,7.4793E+20,5.36648E+21,1.235E+16,4.84027E+16
73805,9.17022E+18,9,2,74,126,2017,2,14,4,3,2,3,0,1,0,0,1,0,0,7.35248E+20,5.38547E+21,1.21897E+16,4.85781E+16
73806,9.17022E+18,9,1,83,122,2017,2,8,4,3,4,2,0,1,0,0,0,0,0,7.50597E+20,5.34101E+21,1.23709E+16,4.81729E+16
73807,9.17022E+18,9,1,89,149,2017,2,1,4,3,9,1,0,1,0,0,0,2,0,7.60444E+20,5.32866E+21,1.24956E+16,4.8058E+16
73808,9.17022E+18,9,1,89,149,2017,2,1,4,3,9,1,0,1,0,0,0,2,1,7.60443E+20,5.32866E+21,1.24956E+16,4.8058E+16
73809,9.17022E+18,9,1,89,154,2017,2,13,4,3,5,3,0,1,0,0,0,0,0,7.69457E+20,5.31836E+21,1.26098E+16,4.79618E+16
73810,9.17022E+18,9,5,64,0,2017,2,7,6,3,2,6,0,1,0,0,1,0,1,6.57203E+20,5.48184E+21,1.11698E+16,4.94688E+16
73811,9.17022E+18,9,5,64,0,2017,2,8,6,2,5,2,1,1,0,0,0,0,0,6.45159E+20,5.47735E+21,1.1002E+16,4.94315E+16
73812,9.17022E+18,9,5,73,134,2017,2,11,6,3,0,7,1,0,0,0,1,0,1,6.42078E+20,5.479E+21,1.09601E+16,4.9447E+16
73813,9.17022E+18,9,1,83,128,2017,2,19,4,3,4,6,0,1,0,0,0,2,0,7.58652E+20,5.35003E+21,1.24845E+16,4.82507E+16
73814,9.17022E+18,9,5,77,177,2017,2,19,6,3,2,6,1,1,0,0,0,2,1,6.4383E+20,5.43253E+21,1.09676E+16,4.90289E+16
73815,9.17022E+18,9,1,83,127,2017,2,6,4,3,4,2,0,1,0,0,0,2,0,7.55113E+20,5.35001E+21,1.24369E+16,4.82519E+16
73816,9.17022E+18,9,1,63,0,2017,2,15,4,3,1,5,1,1,0,0,0,0,0,7.33626E+20,5.30342E+21,1.21225E+16,4.78416E+16
73817,9.17022E+18,9,5,77,122,2017,2,7,6,2,4,2,0,1,0,0,0,0,1,6.31142E+20,5.43436E+21,1.07947E+16,4.90482E+16
73818,9.17022E+18,9,1,63,0,2017,2,6,4,3,3,2,1,1,0,0,0,1,0,7.32598E+20,5.3069E+21,1.21107E+16,4.78732E+16
73819,9.17022E+18,9,1,63,0,2017,2,9,4,3,5,2,1,0,0,0,1,0,0,7.34566E+20,5.30428E+21,1.21355E+16,4.7849E+16
73820,9.17022E+18,9,1,87,114,2017,2,11,4,3,1,6,0,1,0,0,0,0,0,7.48559E+20,5.29749E+21,1.23184E+16,4.77828E+16
73821,9.17022E+18,9,1,61,0,2017,2,5,4,3,5,3,0,1,0,1,0,2,0,6.7683E+20,5.40947E+21,1.14087E+16,4.8813E+16
73822,9.17022E+18,9,1,86,162,2017,2,14,4,1,4,6,0,1,0,0,1,0,0,6.93442E+20,5.3833E+21,1.16225E+16,4.85729E+16
73823,9.17022E+18,9,1,62,0,2017,2,19,4,3,2,6,0,1,0,0,0,2,0,6.81215E+20,5.34184E+21,1.1439E+16,4.82039E+16
73824,9.17022E+18,9,1,88,139,2017,2,15,4,3,2,6,0,1,0,0,0,0,0,6.74834E+20,5.31916E+21,1.13439E+16,4.80019E+16
73825,9.17022E+18,9,1,79,134,2017,2,14,4,3,5,3,0,1,0,0,0,0,0,6.67362E+20,5.34298E+21,1.12532E+16,4.8218E+16
73826,9.17022E+18,9,1,79,123,2017,2,19,4,3,5,2,0,1,0,0,0,2,0,6.77443E+20,5.33197E+21,1.13842E+16,4.81162E+16
73827,9.17022E+18,9,5,75,153,2017,2,13,6,3,5,3,0,1,0,0,0,0,1,6.19267E+20,5.4925E+21,1.06497E+16,4.95733E+16
73828,9.17022E+18,9,1,79,130,2017,2,13,4,3,5,3,0,1,0,0,0,0,0,6.59268E+20,5.33713E+21,1.11421E+16,4.81674E+16
73829,9.17022E+18,9,1,86,152,2017,2,19,4,2,2,6,0,1,0,0,0,2,0,6.91522E+20,5.37381E+21,1.15921E+16,4.84882E+16
73830,9.17022E+18,9,1,62,0,2017,2,20,4,3,2,6,0,1,0,0,0,2,0,6.94414E+20,5.34125E+21,1.16162E+16,4.81947E+16
73831,9.17022E+18,9,1,75,139,2017,2,16,4,3,5,3,0,1,0,0,0,0,0,7.10422E+20,5.32857E+21,1.18251E+16,4.80757E+16
73832,9.17022E+18,9,1,75,132,2017,2,16,4,3,2,2,0,1,0,0,0,0,0,7.05673E+20,5.33493E+21,1.17645E+16,4.81344E+16
73833,9.17022E+18,9,1,75,127,2017,2,19,4,3,5,2,1,1,0,0,0,2,0,7.12859E+20,5.34171E+21,1.18643E+16,4.81929E+16
73834,9.17022E+18,9,1,77,130,2017,2,6,4,3,5,3,0,1,0,0,0,0,0,7.1235E+20,5.352E+21,1.18627E+16,4.82855E+16
73835,9.17022E+18,9,1,75,137,2017,2,19,4,3,4,1,0,1,0,0,0,2,0,7.2587E+20,5.33032E+21,1.20331E+16,4.8086E+16
73836,9.17021E+18,9,1,62,0,2017,2,16,3,3,2,6,0,1,0,0,1,0,0,6.92093E+20,5.34176E+21,1.15852E+16,4.82E+16
73837,9.17021E+18,9,1,62,0,2017,2,18,3,3,3,2,1,1,0,0,0,2,0,6.81146E+20,5.33592E+21,1.14356E+16,4.81507E+16
73838,9.17021E+18,9,1,84,135,2017,2,13,3,2,5,3,0,1,0,0,1,0,0,6.92564E+20,5.34902E+21,1.15949E+16,4.82651E+16
73839,9.17021E+18,9,1,62,0,2017,2,17,3,3,3,6,1,0,0,0,0,1,0,6.87587E+20,5.33504E+21,1.15217E+16,4.81409E+16
73840,9.17022E+18,9,5,75,119,2017,2,12,6,3,2,2,0,1,0,0,1,0,0,6.09666E+20,5.48956E+21,1.05161E+16,4.95487E+16
73841,9.17022E+18,9,4,75,169,2017,2,19,6,3,9,1,0,1,0,0,0,2,1,6.86677E+20,5.57604E+21,1.16217E+16,5.03069E+16
73842,9.17022E+18,9,4,64,0,2017,2,18,6,1,6,2,0,1,1,0,0,2,1,7.07657E+20,5.57651E+21,1.19162E+16,5.03041E+16
73843,9.17022E+18,9,4,78,145,2017,2,22,6,3,5,3,0,1,0,0,0,2,1,6.50052E+20,5.55902E+21,1.1101E+16,5.01644E+16
73844,9.17022E+18,9,4,73,138,2017,2,11,6,2,5,3,0,1,0,0,0,0,1,6.34765E+20,5.55437E+21,1.08854E+16,5.01262E+16
73845,9.17021E+18,9,7,78,187,2017,2,16,3,3,5,2,1,1,0,0,0,0,0,6.08827E+20,5.3307E+21,1.04623E+16,4.81202E+16
73846,9.17022E+18,9,4,78,155,2017,2,5,6,3,3,2,0,1,0,0,0,2,1,6.58131E+20,5.55987E+21,1.12144E+16,5.01699E+16
73847,9.17022E+18,9,4,76,184,2017,2,4,6,3,0,7,0,1,1,0,0,2,2,6.79061E+20,5.57136E+21,1.15126E+16,5.02672E+16
73848,9.17022E+18,9,4,73,158,2017,2,7,6,3,0,1,0,0,0,1,0,0,2,6.26279E+20,5.57622E+21,1.0774E+16,5.03245E+16
73849,9.17022E+18,9,4,72,199,2017,2,8,6,3,9,1,0,1,0,0,0,0,2,6.90639E+20,5.53148E+21,1.1655E+16,4.99053E+16
73850,9.17022E+18,9,4,61,0,2017,2,6,6,2,6,2,0,1,1,0,0,2,1,6.35629E+20,5.52945E+21,1.08887E+16,4.9902E+16
73851,9.17021E+18,9,7,64,0,2017,2,7,3,3,5,3,0,0,0,1,1,0,1,5.87276E+20,5.31464E+21,1.01695E+16,4.79791E+16
73852,9.17021E+18,9,7,63,0,2017,2,12,3,2,4,2,1,1,0,0,0,0,0,5.98819E+20,5.28647E+21,1.03177E+16,4.7724E+16
73853,9.17021E+18,9,7,76,116,2017,2,8,3,3,2,1,0,1,0,0,0,0,0,5.51697E+20,5.26763E+21,9.68721E+15,4.756E+16
73854,9.17021E+18,9,7,79,197,2017,2,7,3,3,2,6,0,1,0,0,0,0,0,6.17004E+20,5.42393E+21,1.05983E+16,4.89572E+16
73855,9.17022E+18,9,3,74,111,2017,2,22,6,3,9,1,0,1,0,0,0,2,0,7.25402E+20,5.51408E+21,1.21283E+16,4.97369E+16
73856,9.17022E+18,9,3,75,190,2017,2,12,6,3,2,6,0,1,0,0,0,0,1,7.26835E+20,5.44942E+21,1.21112E+16,4.91557E+16
73857,9.17021E+18,9,6,75,158,2017,2,14,3,3,5,2,0,1,0,0,0,0,0,5.94613E+20,5.52032E+21,1.03155E+16,4.98278E+16
73858,9.17021E+18,9,6,62,0,2017,2,16,3,3,5,3,0,1,0,0,0,0,0,5.89509E+20,5.54742E+21,1.02508E+16,5.00723E+16
73859,9.17021E+18,9,6,71,156,2017,2,19,3,3,2,6,0,1,0,0,0,2,0,5.22773E+20,5.53433E+21,9.3175E+15,4.99609E+16
73860,9.17021E+18,9,5,76,151,2017,2,12,3,3,3,7,0,0,0,0,1,0,0,6.59842E+20,5.47056E+21,1.12016E+16,4.93668E+16
73861,9.17021E+18,9,5,72,135,2017,2,16,3,3,2,6,0,1,0,0,0,0,0,6.29701E+20,5.50663E+21,1.07986E+16,4.96982E+16
73862,9.17021E+18,9,5,76,117,2017,2,13,3,3,8,1,0,1,0,0,0,0,0,6.48962E+20,5.4598E+21,1.10479E+16,4.92728E+16
73863,9.17021E+18,9,5,74,158,2017,2,11,3,3,1,6,0,1,0,1,0,0,0,6.68818E+20,5.49678E+21,1.13364E+16,4.96E+16
73864,9.17021E+18,9,5,64,0,2017,2,18,3,3,5,3,0,1,0,0,0,2,0,6.44905E+20,5.47808E+21,1.09988E+16,4.94381E+16
73865,9.17021E+18,9,5,73,134,2017,2,16,3,3,1,2,0,1,0,0,0,0,0,6.42454E+20,5.47846E+21,1.09651E+16,4.94421E+16
73866,9.17021E+18,9,5,71,190,2017,2,6,3,2,2,6,0,1,0,0,1,0,0,6.2845E+20,5.46286E+21,1.0767E+16,4.9305E+16
73867,9.17022E+18,9,3,73,121,2017,2,5,6,3,4,1,0,1,0,0,0,2,2,6.90161E+20,5.43553E+21,1.16022E+16,4.90433E+16
73868,9.17022E+18,9,3,71,140,2017,2,7,6,2,9,1,0,1,0,0,0,0,2,6.86767E+20,5.49047E+21,1.15815E+16,4.9538E+16
73869,9.17022E+18,9,3,76,164,2017,2,7,6,3,0,1,0,1,0,0,0,0,1,7.42114E+20,5.47442E+21,1.23355E+16,4.93743E+16
73870,9.17022E+18,9,3,71,127,2017,2,9,6,2,9,1,0,1,0,0,0,0,2,7.15541E+20,5.49521E+21,1.19813E+16,4.9571E+16
73871,9.17021E+18,9,5,77,177,2017,2,14,3,3,5,3,1,1,0,0,0,0,0,6.44953E+20,5.43399E+21,1.09835E+16,4.90418E+16
73872,9.17021E+18,9,5,75,161,2017,2,16,3,3,5,3,0,1,0,0,0,0,0,6.0535E+20,5.50224E+21,1.04599E+16,4.96635E+16
73873,9.17021E+18,9,5,71,135,2017,2,6,3,3,5,3,0,1,0,0,0,2,1,6.27368E+20,5.47228E+21,1.07552E+16,4.93899E+16
73874,9.17021E+18,9,5,71,145,2017,2,17,3,2,5,3,1,1,0,0,0,1,0,5.96634E+20,5.44688E+21,1.03256E+16,4.91671E+16
73875,9.17021E+18,9,5,75,135,2017,2,15,3,3,2,6,0,1,0,0,0,0,0,6.07833E+20,5.48771E+21,1.04903E+16,4.95324E+16
73876,9.17021E+18,9,5,75,156,2017,2,14,3,3,5,3,0,1,0,0,0,0,0,6.06342E+20,5.47833E+21,1.04671E+16,4.94483E+16
73877,9.17021E+18,9,4,75,113,2017,2,17,3,1,4,6,0,1,0,0,1,1,0,6.9988E+20,5.5822E+21,1.18101E+16,5.03579E+16
73878,9.17022E+18,9,1,89,149,2017,2,13,7,2,9,1,0,1,0,0,0,0,1,7.58112E+20,5.33277E+21,1.24668E+16,4.80958E+16
73879,9.17022E+18,9,1,89,114,2017,2,18,7,2,2,6,0,1,0,0,1,2,0,7.66265E+20,5.31069E+21,1.25624E+16,4.78942E+16
73880,9.17022E+18,9,1,72,111,2017,2,18,7,3,4,6,0,1,0,0,0,2,1,7.95859E+20,5.30424E+21,1.2953E+16,4.78234E+16
73881,9.17022E+18,9,2,71,138,2017,2,22,6,3,8,1,0,1,0,0,0,2,1,7.94776E+20,5.41154E+21,1.30135E+16,4.87869E+16
73882,9.17022E+18,9,2,76,139,2017,2,5,6,3,9,1,0,1,0,0,0,2,1,8.09719E+20,5.42882E+21,1.32295E+16,4.89347E+16
73883,9.17022E+18,9,2,71,113,2017,2,0,6,2,8,1,0,1,0,0,0,2,0,8.00205E+20,5.41282E+21,1.30882E+16,4.87958E+16
73884,9.17022E+18,9,2,75,134,2017,2,17,6,3,4,6,0,1,0,0,0,1,0,8.26707E+20,5.37657E+21,1.34194E+16,4.84573E+16
73885,9.17022E+18,9,2,72,145,2017,2,7,6,3,4,1,0,1,0,0,0,0,2,8.09523E+20,5.41951E+21,1.32197E+16,4.88512E+16
73886,9.17021E+18,9,4,75,154,2017,2,16,3,3,4,2,0,1,0,0,0,0,0,6.99248E+20,5.56371E+21,1.17915E+16,5.0192E+16
73887,9.17021E+18,9,4,75,120,2017,2,15,3,1,8,1,0,1,0,0,0,0,0,7.12019E+20,5.57485E+21,1.19764E+16,5.02876E+16
73888,9.17021E+18,9,4,72,154,2017,2,8,3,3,5,2,0,1,0,0,0,0,1,6.64178E+20,5.5346E+21,1.12882E+16,4.99412E+16
73889,9.17021E+18,9,4,62,0,2017,2,12,3,3,5,3,0,1,0,0,0,0,0,6.86835E+20,5.53386E+21,1.16032E+16,4.99279E+16
73890,9.17022E+18,9,1,72,111,2017,2,15,7,3,2,6,0,1,0,0,0,0,0,7.95526E+20,5.30379E+21,1.29483E+16,4.78195E+16
73891,9.17021E+18,9,3,77,141,2017,2,19,3,3,4,2,0,1,0,0,0,2,0,7.31317E+20,5.53644E+21,1.22236E+16,4.99355E+16
73892,9.17022E+18,9,1,72,128,2017,2,4,7,3,8,1,0,1,0,0,0,2,0,7.92383E+20,5.30125E+21,1.29047E+16,4.77981E+16
73893,9.17021E+18,9,3,73,151,2017,2,12,3,3,7,7,0,0,0,0,1,0,0,6.94888E+20,5.45312E+21,1.16754E+16,4.91999E+16
73894,9.17022E+18,9,2,73,147,2017,2,13,6,3,5,3,0,1,0,0,0,0,0,7.04814E+20,5.39146E+21,1.17805E+16,4.86426E+16
73895,9.17022E+18,9,2,61,0,2017,2,19,6,3,4,2,0,1,0,0,0,2,0,7.3182E+20,5.38119E+21,1.21409E+16,4.8541E+16
73896,9.17022E+18,9,2,61,0,2017,2,22,6,2,1,6,0,1,0,0,0,2,0,7.31822E+20,5.37982E+21,1.21401E+16,4.85286E+16
73897,9.17022E+18,9,2,79,113,2017,2,8,6,2,8,1,0,1,0,0,0,0,2,7.85365E+20,5.39708E+21,1.28757E+16,4.86616E+16
73898,9.17021E+18,9,3,73,134,2017,2,16,3,2,1,6,0,0,0,0,1,0,0,7.07398E+20,5.44822E+21,1.18443E+16,4.91518E+16
73899,9.17021E+18,9,3,72,154,2017,2,15,3,1,4,2,0,1,0,0,0,0,0,7.57034E+20,5.4716E+21,1.25388E+16,4.93429E+16
73900,9.17021E+18,9,3,72,142,2017,2,18,3,3,0,6,0,1,0,0,0,1,0,7.59394E+20,5.44822E+21,1.25562E+16,4.9132E+16
73901,9.17021E+18,9,3,73,114,2017,2,17,3,3,5,3,1,1,0,0,0,1,0,6.7523E+20,5.45842E+21,1.14081E+16,4.92535E+16
73902,9.17021E+18,9,3,73,147,2017,2,16,3,3,5,2,1,1,0,0,0,1,0,6.79265E+20,5.46361E+21,1.14658E+16,4.92989E+16
73903,9.17021E+18,9,3,72,137,2017,2,15,3,2,4,6,0,1,0,0,0,0,0,7.80166E+20,5.45438E+21,1.28446E+16,4.91781E+16
73904,9.17021E+18,9,3,72,116,2017,2,12,3,3,5,3,0,1,0,0,0,0,0,7.66745E+20,5.45634E+21,1.26621E+16,4.92017E+16
73905,9.17021E+18,9,3,71,118,2017,2,16,3,3,2,6,0,1,0,0,1,0,0,7.13215E+20,5.47598E+21,1.19388E+16,4.93992E+16
73906,9.17021E+18,9,3,76,116,2017,2,5,3,3,4,2,0,1,0,0,0,2,1,7.36014E+20,5.46633E+21,1.22468E+16,4.93041E+16
73907,9.17021E+18,9,3,61,0,2017,2,7,3,3,2,6,0,1,0,0,0,0,0,7.07187E+20,5.48057E+21,1.18582E+16,4.94424E+16
73908,9.17022E+18,9,2,73,111,2017,2,12,6,2,4,6,0,1,0,0,0,0,1,7.07902E+20,5.40951E+21,1.18315E+16,4.88037E+16
73909,9.17021E+18,9,2,71,125,2017,2,16,3,3,2,6,0,1,0,0,1,0,0,8.01502E+20,5.40725E+21,1.31017E+16,4.87452E+16
73910,9.17021E+18,9,2,63,0,2017,2,7,3,3,4,2,0,1,0,0,0,0,0,7.59243E+20,5.42216E+21,1.25375E+16,4.88981E+16
73911,9.17021E+18,9,2,63,0,2017,2,16,3,3,2,6,0,1,0,0,0,0,0,7.62296E+20,5.41761E+21,1.25761E+16,4.8856E+16
73912,9.17021E+18,9,2,71,125,2017,2,6,3,2,4,6,0,1,0,0,0,2,1,7.98563E+20,5.4097E+21,1.30636E+16,4.87686E+16
73913,9.17021E+18,9,2,72,118,2017,2,18,3,3,5,3,0,1,0,0,1,2,1,8.3539E+20,5.41738E+21,1.35695E+16,4.88188E+16
73914,9.17021E+18,9,2,77,116,2017,2,7,3,3,2,6,0,1,0,0,0,0,0,7.78181E+20,5.36991E+21,1.27602E+16,4.84208E+16
73915,9.17021E+18,9,2,73,165,2017,2,9,3,3,5,3,0,1,0,0,1,0,0,7.17505E+20,5.40586E+21,1.19601E+16,4.87677E+16
73916,9.17021E+18,9,2,61,0,2017,2,11,3,3,3,2,1,1,0,0,0,0,0,7.30724E+20,5.38096E+21,1.21259E+16,4.85392E+16
73917,9.17021E+18,9,2,79,125,2017,2,13,3,3,8,1,0,1,0,0,0,0,0,7.64743E+20,5.39432E+21,1.25944E+16,4.86458E+16
73918,9.17021E+18,9,1,80,117,2017,2,10,3,3,6,2,0,1,1,0,0,0,0,6.59186E+20,5.26174E+21,1.11133E+16,4.74897E+16
73919,9.17021E+18,9,1,89,130,2017,2,18,3,2,5,3,0,1,0,0,1,2,0,7.70161E+20,5.31223E+21,1.26154E+16,4.79065E+16
73920,9.17021E+18,9,1,89,155,2017,2,6,3,3,5,3,0,1,0,0,0,1,0,7.71643E+20,5.30787E+21,1.26324E+16,4.78667E+16
73921,9.17022E+18,9,1,73,123,2017,2,15,6,3,8,1,0,1,0,0,0,0,2,6.77898E+20,5.30211E+21,1.13779E+16,4.78477E+16
73922,9.17022E+18,9,1,89,157,2017,2,16,6,3,1,6,0,1,0,0,0,0,1,7.64938E+20,5.32541E+21,1.25538E+16,4.8027E+16
73923,9.17022E+18,9,1,83,132,2017,2,16,6,2,9,1,0,1,0,0,0,1,1,7.48609E+20,5.35772E+21,1.2354E+16,4.83237E+16