OBJECTID,UIDENTSTLA,ULAND,UREGBEZ,UKREIS,UGEMEINDE,UJAHR,UMONAT,USTUNDE,UWOCHENTAG,UKATEGORIE,UART,UTYP1,IstRad,IstPKW,IstFuss,IstKrad,IstSonstig,LICHT,STRZUSTAND,LINREFX,LINREFY,XGCSWGS84,YGCSWGS84
73924,9.17022E+18,9,1,83,127,2017,2,11,6,2,5,3,0,1,0,0,0,0,1,7.55225E+20,5.34977E+21,1.24383E+16,4.82497E+16
73925,9.17022E+18,9,1,89,162,2017,2,17,6,2,9,1,0,1,0,0,0,0,1,7.82015E+20,5.31568E+21,1.27759E+16,4.79323E+16
73926,9.17021E+18,9,1,72,114,2017,2,21,3,3,5,3,0,1,0,1,0,2,1,7.90654E+20,5.29396E+21,1.28768E+16,4.77335E+16
73927,9.17021E+18,9,1,84,145,2017,2,23,3,3,2,6,0,1,0,0,1,2,0,6.93861E+20,5.32397E+21,1.16009E+16,4.80395E+16
73928,9.17022E+18,9,1,71,134,2017,2,19,6,3,8,1,0,1,0,0,0,2,2,7.73922E+20,5.32915E+21,1.26764E+16,4.80568E+16
73929,9.17022E+18,9,1,71,113,2017,2,8,6,3,5,3,0,1,0,0,0,0,1,7.77664E+20,5.3372E+21,1.27317E+16,4.81274E+16
73930,9.17022E+18,9,1,72,117,2017,2,18,6,3,8,1,0,1,0,0,0,2,1,7.96779E+20,5.28641E+21,1.29531E+16,4.76629E+16
73931,9.17021E+18,9,1,87,177,2017,2,18,3,3,4,2,0,1,0,0,0,1,0,7.36336E+20,5.30568E+21,1.21599E+16,4.7861E+16
73932,9.17022E+18,9,1,71,113,2017,2,8,6,1,5,3,0,1,0,0,1,0,1,7.77042E+20,5.34235E+21,1.27268E+16,4.81739E+16
73933,9.17021E+18,9,1,87,137,2017,2,21,3,3,9,1,0,1,0,0,0,2,1,7.26802E+20,5.3088E+21,1.20343E+16,4.78924E+16
73934,9.17021E+18,9,1,86,151,2017,2,13,3,2,4,6,0,1,0,0,0,0,0,6.78508E+20,5.37635E+21,1.14172E+16,4.85149E+16
73935,9.17021E+18,9,1,86,137,2017,2,6,3,2,5,3,0,1,0,0,1,2,0,6.83272E+20,5.4013E+21,1.14927E+16,4.87377E+16
73936,9.17021E+18,9,1,61,0,2017,2,7,3,3,5,3,1,1,0,0,0,0,0,6.80085E+20,5.40301E+21,1.14502E+16,4.87541E+16
73937,9.17021E+18,9,1,76,114,2017,2,17,3,3,8,1,0,1,0,0,0,0,0,6.82175E+20,5.43318E+21,1.1492E+16,4.90246E+16
73938,9.17021E+18,9,1,74,113,2017,2,7,3,3,2,6,0,1,0,0,0,1,1,6.69994E+20,5.34854E+21,1.12908E+16,4.82673E+16
73939,9.17021E+18,9,1,81,113,2017,2,19,3,1,9,1,0,1,0,0,0,2,0,6.38209E+20,5.3087E+21,1.08498E+16,4.79167E+16
73940,9.17021E+18,9,1,79,126,2017,2,8,3,3,5,3,1,1,0,0,0,0,1,6.77271E+20,5.33966E+21,1.13851E+16,4.81854E+16
73941,9.17021E+18,9,1,78,120,2017,2,15,3,3,2,6,0,1,0,0,0,0,0,6.95033E+20,5.35297E+21,1.16299E+16,4.82998E+16
73942,9.17021E+18,9,1,77,126,2017,2,16,3,3,4,2,0,1,0,0,0,0,0,7.20907E+20,5.36949E+21,1.1987E+16,4.84397E+16
73943,9.17021E+18,9,1,75,132,2017,2,8,3,3,2,3,0,1,0,0,0,0,0,7.07295E+20,5.33654E+21,1.1787E+16,4.81483E+16
73944,9.17021E+18,9,1,77,130,2017,2,9,3,3,2,5,0,1,0,0,0,0,0,7.06004E+20,5.35077E+21,1.17766E+16,4.82766E+16
73945,9.17021E+18,9,1,77,115,2017,2,8,3,3,5,6,0,1,0,0,1,0,0,7.33867E+20,5.3513E+21,1.21519E+16,4.82717E+16
73946,9.17021E+18,9,1,84,145,2017,2,17,2,3,5,3,0,1,0,0,0,1,0,6.95897E+20,5.32512E+21,1.16287E+16,4.80492E+16
73947,9.17022E+18,9,1,87,125,2017,2,20,6,3,9,1,0,1,0,0,0,2,2,7.53174E+20,5.31415E+21,1.23896E+16,4.79306E+16
73948,9.17022E+18,9,1,87,128,2017,2,14,6,3,0,3,0,1,0,0,1,0,1,7.45614E+20,5.30824E+21,1.22852E+16,4.78805E+16
73949,9.17021E+18,9,1,84,148,2017,2,8,2,3,5,3,0,1,0,0,0,0,0,6.94902E+20,5.32695E+21,1.16162E+16,4.80661E+16
73950,9.17021E+18,9,1,84,147,2017,2,12,2,3,2,5,0,1,0,0,0,0,0,6.96356E+20,5.34129E+21,1.16423E+16,4.81945E+16
73951,9.17021E+18,9,7,78,123,2017,2,16,2,3,2,6,0,1,0,0,1,0,0,5.83616E+20,5.31409E+21,1.01204E+16,4.79747E+16
73952,9.17021E+18,9,7,78,214,2017,2,12,2,3,5,3,0,1,0,0,0,0,1,5.97213E+20,5.3227E+21,1.03045E+16,4.80502E+16
73953,9.17021E+18,9,7,61,0,2017,2,7,2,3,4,2,0,1,0,0,0,0,1,6.41229E+20,5.36092E+21,1.09076E+16,4.83856E+16
73954,9.17021E+18,9,7,71,155,2017,2,13,2,3,4,6,0,1,0,0,1,0,0,6.48368E+20,5.3779E+21,1.101E+16,4.85366E+16
73955,9.17021E+18,9,6,63,0,2017,2,8,2,3,6,2,0,0,1,0,1,0,0,5.69316E+20,5.5187E+21,9.96355E+15,4.98167E+16
73956,9.17021E+18,9,6,63,0,2017,2,7,2,3,2,6,0,1,0,0,0,0,1,5.70876E+20,5.51925E+21,9.98533E+15,4.98215E+16
73957,9.17021E+18,9,6,75,117,2017,2,16,2,2,2,2,0,1,0,0,1,0,0,5.78802E+20,5.51557E+21,1.00947E+16,4.97874E+16
73958,9.17021E+18,9,6,78,192,2017,2,9,2,2,9,1,0,0,0,1,0,0,0,5.76409E+20,5.54364E+21,1.00671E+16,5.00402E+16
73959,9.17021E+18,9,6,73,151,2017,2,15,2,3,2,6,0,1,0,0,0,0,0,5.91931E+20,5.58556E+21,1.02939E+16,5.04148E+16
73960,9.17021E+18,9,6,74,149,2017,2,11,2,3,1,6,0,1,0,0,0,0,0,6.07974E+20,5.55151E+21,1.051E+16,5.0106E+16
73961,9.17022E+18,9,1,87,130,2017,2,18,6,3,4,1,0,1,0,0,0,2,1,7.12425E+20,5.31306E+21,1.18443E+16,4.79356E+16
73962,9.17022E+18,9,1,61,0,2017,2,18,6,3,5,3,1,1,0,0,0,2,1,6.78845E+20,5.40579E+21,1.14345E+16,4.87794E+16
73963,9.17022E+18,9,1,86,152,2017,2,18,6,3,2,6,0,1,0,0,0,2,1,6.9083E+20,5.37636E+21,1.15839E+16,4.85113E+16
73964,9.17022E+18,9,1,76,131,2017,2,10,6,3,2,6,0,1,0,0,0,0,0,6.81235E+20,5.41029E+21,1.1469E+16,4.88191E+16
73965,9.17022E+18,9,1,76,131,2017,2,10,6,3,3,6,0,1,0,0,0,0,0,6.81242E+20,5.41031E+21,1.14691E+16,4.88193E+16
73966,9.17022E+18,9,1,85,131,2017,2,19,6,3,9,1,0,1,0,0,0,2,1,6.63698E+20,5.37498E+21,1.12163E+16,4.85066E+16
73967,9.17022E+18,9,1,86,126,2017,2,12,6,2,5,3,0,1,0,0,0,0,1,6.85265E+20,5.37634E+21,1.15087E+16,4.85128E+16
73968,9.17022E+18,9,1,85,139,2017,2,13,6,2,5,3,0,1,0,0,0,0,0,6.66823E+20,5.39137E+21,1.12652E+16,4.86531E+16
73969,9.17022E+18,9,1,86,122,2017,2,16,6,3,5,3,0,1,0,0,0,0,1,6.93766E+20,5.39549E+21,1.16326E+16,4.86823E+16
73970,9.17022E+18,9,1,62,0,2017,2,17,6,3,2,6,0,1,0,0,1,0,1,6.80525E+20,5.33958E+21,1.14288E+16,4.81838E+16
73971,9.17022E+18,9,1,62,0,2017,2,17,6,3,3,6,0,1,0,0,1,2,1,6.94753E+20,5.34239E+21,1.16213E+16,4.82048E+16
73972,9.17022E+18,9,1,62,0,2017,2,15,6,3,3,6,0,1,0,0,0,0,0,6.84789E+20,5.34255E+21,1.14874E+16,4.82092E+16
73973,9.17021E+18,9,6,73,161,2017,2,15,2,3,1,6,0,1,0,0,0,0,0,5.84929E+20,5.57386E+21,1.01928E+16,5.03107E+16
73974,9.17021E+18,9,6,71,121,2017,2,11,2,3,4,2,0,1,0,0,0,0,0,5.12438E+20,5.53786E+21,9.17353E+15,4.9993E+16
73975,9.17021E+18,9,6,71,136,2017,2,15,2,3,1,6,0,1,0,0,0,0,1,5.04031E+20,5.53944E+21,9.05626E+15,5.00072E+16
73976,9.17021E+18,9,5,76,148,2017,2,11,2,2,2,7,0,1,0,0,1,0,0,6.6629E+20,5.44262E+21,1.12788E+16,4.91139E+16
73977,9.17021E+18,9,5,62,0,2017,2,8,2,3,6,4,0,1,1,0,0,0,0,6.43886E+20,5.49378E+21,1.09905E+16,4.95795E+16
73978,9.17022E+18,9,1,62,0,2017,2,9,6,3,1,6,0,0,0,0,1,0,1,6.95932E+20,5.34372E+21,1.16377E+16,4.82164E+16
73979,9.17022E+18,9,1,78,143,2017,2,8,6,3,5,3,0,1,0,0,1,0,1,7.16948E+20,5.37237E+21,1.19351E+16,4.84671E+16
73980,9.17022E+18,9,1,77,117,2017,2,14,6,3,9,1,0,0,0,0,1,0,1,7.1711E+20,5.35149E+21,1.19265E+16,4.82794E+16
73981,9.17021E+18,9,5,65,0,2017,2,18,2,3,5,3,0,1,0,0,0,2,0,6.50515E+20,5.46587E+21,1.10715E+16,4.9327E+16
73982,9.17021E+18,9,5,74,156,2017,2,12,2,3,2,6,0,1,0,0,0,0,0,6.58219E+20,5.48195E+21,1.11838E+16,4.94695E+16
73983,9.17021E+18,9,5,63,0,2017,2,13,2,3,5,3,0,1,0,0,1,0,0,6.42239E+20,5.48624E+21,1.0965E+16,4.95121E+16
73984,9.17021E+18,9,5,64,0,2017,2,17,2,3,2,6,0,1,0,0,0,0,0,6.51995E+20,5.48149E+21,1.10978E+16,4.9467E+16
73985,9.17021E+18,9,5,64,0,2017,2,11,2,3,2,6,0,1,0,0,1,0,0,6.5321E+20,5.47794E+21,1.11132E+16,4.94348E+16
73986,9.17021E+18,9,5,64,0,2017,2,10,2,3,0,1,0,1,0,0,1,0,0,6.49509E+20,5.47852E+21,1.10624E+16,4.9441E+16
73987,9.17021E+18,9,5,73,120,2017,2,14,2,2,6,2,0,1,1,0,0,0,0,6.30433E+20,5.48417E+21,1.08013E+16,4.94962E+16
73988,9.17021E+18,9,5,75,135,2017,2,6,2,3,9,1,0,1,0,0,0,1,0,6.10536E+20,5.48467E+21,1.05267E+16,4.95046E+16
73989,9.17021E+18,9,4,63,0,2017,2,18,2,3,5,3,0,1,0,0,0,2,0,6.41187E+20,5.56595E+21,1.09795E+16,5.02288E+16
73990,9.17021E+18,9,4,63,0,2017,2,17,2,3,5,3,0,1,0,0,1,0,0,6.4009E+20,5.5676E+21,1.09648E+16,5.02439E+16
73991,9.17021E+18,9,4,73,174,2017,2,15,2,3,5,3,0,1,0,0,0,0,0,6.53937E+20,5.56356E+21,1.11572E+16,5.02042E+16
73992,9.17022E+18,9,1,72,131,2017,2,14,7,3,2,6,0,1,0,0,0,0,1,7.84914E+20,5.28859E+21,1.27969E+16,4.76878E+16
73993,9.17022E+18,9,1,87,169,2017,2,12,7,2,8,1,0,1,0,0,0,0,1,7.36847E+20,5.29935E+21,1.21633E+16,4.78039E+16
73994,9.17022E+18,9,1,62,0,2017,2,18,5,3,6,2,0,1,1,0,0,2,1,6.96039E+20,5.33381E+21,1.16346E+16,4.81273E+16
73995,9.17022E+18,9,1,84,142,2017,2,12,5,3,2,2,0,1,0,0,0,0,0,6.83451E+20,5.31752E+21,1.14586E+16,4.79847E+16
73996,9.17022E+18,9,1,84,138,2017,2,8,5,3,2,6,0,1,0,0,0,0,0,6.78716E+20,5.33113E+21,1.14009E+16,4.81083E+16
73997,9.17022E+18,9,1,62,0,2017,2,12,5,2,6,4,0,1,1,0,0,0,0,6.89943E+20,5.32802E+21,1.15502E+16,4.80771E+16
73998,9.17021E+18,9,4,77,156,2017,2,16,2,2,9,1,0,1,0,0,0,0,0,6.78482E+20,5.56052E+21,1.14994E+16,5.017E+16
73999,9.17022E+18,9,1,86,158,2017,2,14,7,3,2,6,0,1,0,0,0,0,1,6.9112E+20,5.40081E+21,1.15991E+16,4.87309E+16
74000,9.17022E+18,9,1,77,114,2017,2,8,7,3,8,1,0,1,0,0,0,0,1,7.23765E+20,5.34496E+21,1.20126E+16,4.82184E+16
74001,9.17022E+18,9,1,77,133,2017,2,19,7,3,3,6,0,1,0,0,0,2,0,7.13756E+20,5.35574E+21,1.18835E+16,4.83187E+16
74002,9.17022E+18,9,1,75,124,2017,2,18,7,3,5,3,0,1,0,0,0,2,1,7.12626E+20,5.32941E+21,1.18551E+16,4.80824E+16
74003,9.17022E+18,9,7,64,0,2017,2,15,5,3,2,6,0,1,0,0,0,0,0,5.82973E+20,5.31275E+21,1.01115E+16,4.79627E+16
74004,9.17022E+18,9,7,78,203,2017,2,13,5,3,8,6,0,1,0,0,1,0,0,6.19153E+20,5.32749E+21,1.06001E+16,4.80896E+16
74005,9.17022E+18,9,7,80,121,2017,2,22,5,3,5,6,0,1,0,0,0,2,0,5.95562E+20,5.25795E+21,1.02681E+16,4.74679E+16
74006,9.17022E+18,9,7,77,171,2017,2,17,5,3,9,6,0,1,0,0,0,0,0,6.28061E+20,5.28457E+21,1.07069E+16,4.77018E+16
74007,9.17022E+18,9,7,80,132,2017,2,9,5,3,9,1,0,1,0,0,0,0,0,5.76969E+20,5.26876E+21,1.00233E+16,4.75677E+16
74008,9.17022E+18,9,7,77,129,2017,2,11,5,3,2,6,0,1,0,0,0,0,0,6.28116E+20,5.27134E+21,1.07038E+16,4.75828E+16
74009,9.17022E+18,9,6,72,117,2017,2,6,6,3,8,7,0,1,0,0,0,2,2,5.71547E+20,5.56757E+21,1.00037E+16,5.0256E+16
74010,9.17022E+18,9,1,62,0,2017,2,16,6,3,2,1,0,1,0,0,0,0,1,6.82199E+20,5.33547E+21,1.14495E+16,4.81464E+16
74011,9.17021E+18,9,4,77,128,2017,2,9,2,1,4,6,0,1,0,0,0,0,0,6.77757E+20,5.55405E+21,1.14862E+16,5.0112E+16
74012,9.17022E+18,9,7,72,149,2017,2,10,5,3,5,3,0,1,0,0,0,0,0,6.37746E+20,5.34031E+21,1.08538E+16,4.82011E+16
74013,9.17022E+18,9,7,72,117,2017,2,16,5,3,5,2,0,1,0,0,0,0,0,6.29823E+20,5.36266E+21,1.07541E+16,4.84037E+16
74014,9.17022E+18,9,6,77,151,2017,2,7,5,3,4,6,0,1,0,0,0,0,0,5.3987E+20,5.51703E+21,9.55407E+15,4.98044E+16
74015,9.17021E+18,9,4,72,139,2017,2,6,2,3,9,7,0,1,0,0,0,1,2,6.92217E+20,5.55267E+21,1.16876E+16,5.00952E+16
74016,9.17022E+18,9,6,77,151,2017,2,6,5,3,5,3,0,1,0,1,0,1,1,5.36943E+20,5.5132E+21,9.51303E+15,4.97701E+16
74017,9.17021E+18,9,4,74,121,2017,2,15,2,3,5,3,0,1,0,0,0,0,0,6.55482E+20,5.51439E+21,1.1159E+16,4.97619E+16
74018,9.17022E+18,9,6,75,178,2017,2,15,5,2,4,6,0,1,0,0,0,0,0,5.91989E+20,5.51804E+21,1.02785E+16,4.98078E+16
74019,9.17021E+18,9,4,71,150,2017,2,11,2,3,2,6,0,1,0,0,0,0,0,6.33708E+20,5.53732E+21,1.08647E+16,4.99732E+16
74020,9.17021E+18,9,3,63,0,2017,2,15,2,3,5,3,0,1,0,0,1,0,0,7.2571E+20,5.5082E+21,1.21292E+16,4.9684E+16
74021,9.17021E+18,9,3,75,174,2017,2,6,2,3,0,1,0,0,0,1,0,0,0,7.33642E+20,5.43177E+21,1.21942E+16,4.89946E+16
74022,9.17021E+18,9,3,76,161,2017,2,9,2,2,5,3,0,1,0,0,1,0,1,7.281E+20,5.47069E+21,1.21406E+16,4.93462E+16
74023,9.17021E+18,9,3,76,117,2017,2,14,2,2,5,3,0,0,0,0,1,0,0,7.44024E+20,5.46115E+21,1.23537E+16,4.92544E+16
74024,9.17021E+18,9,3,61,0,2017,2,6,2,3,5,3,1,1,0,0,0,2,0,7.07575E+20,5.4808E+21,1.18637E+16,4.94444E+16
74025,9.17021E+18,9,2,76,144,2017,2,17,2,3,1,6,0,1,0,0,0,1,0,7.84034E+20,5.44249E+21,1.28891E+16,4.90697E+16
74026,9.17021E+18,9,2,63,0,2017,2,7,2,2,6,4,0,1,1,0,0,0,0,7.62878E+20,5.41975E+21,1.25854E+16,4.88749E+16
74027,9.17021E+18,9,2,78,151,2017,2,7,2,3,9,1,0,1,0,0,0,0,0,7.68757E+20,5.42899E+21,1.26715E+16,4.89553E+16
74028,9.17021E+18,9,2,77,133,2017,2,19,2,2,9,6,0,1,0,0,0,2,0,7.69026E+20,5.36674E+21,1.26347E+16,4.83964E+16
74029,9.17021E+18,9,2,79,112,2017,2,5,2,1,6,7,0,1,1,0,0,2,0,7.54444E+20,5.39454E+21,1.2455E+16,4.86521E+16
74030,9.17021E+18,9,2,74,128,2017,2,16,2,3,2,6,0,1,0,0,0,0,0,7.35175E+20,5.38661E+21,1.21893E+16,4.85884E+16
74031,9.17021E+18,9,2,79,132,2017,2,12,2,3,4,2,0,1,0,0,0,0,0,7.7039E+20,5.40032E+21,1.26749E+16,4.86972E+16
74032,9.17021E+18,9,1,90,159,2017,2,10,2,3,2,6,0,1,0,0,0,0,0,6.61934E+20,5.30386E+21,1.11653E+16,4.78676E+16
74033,9.17021E+18,9,1,89,157,2017,2,15,2,3,1,6,0,1,0,0,0,0,0,7.65153E+20,5.32549E+21,1.25567E+16,4.80276E+16
74034,9.17021E+18,9,1,89,154,2017,2,23,2,3,1,7,0,1,0,0,1,2,1,7.68865E+20,5.31851E+21,1.2602E+16,4.79633E+16
74035,9.17021E+18,9,1,89,154,2017,2,19,2,3,5,3,0,1,0,0,0,2,1,7.69457E+20,5.31836E+21,1.26098E+16,4.79618E+16
74036,9.17021E+18,9,1,71,113,2017,2,13,2,3,5,3,0,1,0,0,0,0,0,7.77664E+20,5.3372E+21,1.27317E+16,4.81274E+16
74037,9.17021E+18,9,1,87,114,2017,2,19,2,3,5,2,0,1,0,0,1,2,0,7.49055E+20,5.29733E+21,1.23249E+16,4.77812E+16
74038,9.17021E+18,9,1,61,0,2017,2,13,2,3,5,3,1,1,0,0,0,0,0,6.81292E+20,5.40211E+21,1.14662E+16,4.87456E+16
74039,9.17021E+18,9,1,85,123,2017,2,12,2,3,5,3,0,1,0,0,0,0,0,6.72114E+20,5.39006E+21,1.13364E+16,4.86399E+16
74040,9.17021E+18,9,1,81,128,2017,2,21,2,3,4,2,0,1,0,0,0,2,1,6.40085E+20,5.32819E+21,1.08813E+16,4.80916E+16
74041,9.17021E+18,9,1,79,123,2017,2,19,2,3,5,2,0,1,0,0,0,2,0,6.76716E+20,5.33379E+21,1.13752E+16,4.81328E+16
74042,9.17022E+18,9,1,62,0,2017,2,18,6,2,2,5,0,1,0,0,0,2,1,6.95389E+20,5.33401E+21,1.1626E+16,4.81293E+16
74043,9.17022E+18,9,1,62,0,2017,2,9,6,3,2,6,0,1,0,0,0,0,1,6.90971E+20,5.33204E+21,1.15658E+16,4.81129E+16
74044,9.17022E+18,9,6,74,221,2017,2,22,5,3,4,6,0,1,0,0,0,2,1,6.12277E+20,5.54239E+21,1.05674E+16,5.00232E+16
74045,9.17022E+18,9,6,72,139,2017,2,8,5,3,3,6,0,1,0,0,1,0,0,5.65881E+20,5.56251E+21,9.92333E+15,5.02111E+16
74046,9.17022E+18,9,6,71,155,2017,2,15,5,3,3,6,0,1,0,0,1,0,0,5.0311E+20,5.53726E+21,9.04339E+15,4.99877E+16
74047,9.17022E+18,9,5,65,0,2017,2,22,5,2,9,1,0,1,0,0,0,2,0,6.46907E+20,5.46781E+21,1.10226E+16,4.93453E+16
74048,9.17022E+18,9,5,76,143,2017,2,17,5,3,5,3,0,1,0,0,0,1,1,6.59858E+20,5.46104E+21,1.11981E+16,4.92812E+16
74049,9.17022E+18,9,5,62,0,2017,2,16,5,3,1,3,0,1,0,0,0,0,0,6.46821E+20,5.49569E+21,1.10317E+16,4.9596E+16
74050,9.17022E+18,9,5,76,117,2017,2,8,5,3,8,1,0,1,0,0,0,0,1,6.48119E+20,5.46017E+21,1.10364E+16,4.92764E+16
74051,9.17022E+18,9,5,74,138,2017,2,10,5,3,5,2,0,1,0,0,1,0,0,6.65287E+20,5.48707E+21,1.12835E+16,4.95137E+16
74052,9.17021E+18,9,1,74,143,2017,2,4,2,3,0,1,1,0,0,0,0,2,0,6.72153E+20,5.3532E+21,1.13218E+16,4.83086E+16
74053,9.17022E+18,9,5,63,0,2017,2,23,5,3,5,3,0,1,0,0,0,2,1,6.42416E+20,5.48297E+21,1.09662E+16,4.94827E+16
74054,9.17021E+18,9,1,62,0,2017,2,18,2,3,2,6,0,1,0,0,0,2,0,6.85641E+20,5.34296E+21,1.1499E+16,4.82127E+16
74055,9.17022E+18,9,5,63,0,2017,2,14,5,3,6,4,0,1,1,0,0,0,0,6.4222E+20,5.48828E+21,1.09654E+16,4.95304E+16
74056,9.17021E+18,9,1,62,0,2017,2,0,1,3,9,1,0,1,0,0,0,2,1,6.81628E+20,5.33537E+21,1.14418E+16,4.81456E+16
74057,9.17021E+18,9,1,62,0,2017,2,3,1,3,5,3,0,1,0,0,0,2,0,6.92192E+20,5.34293E+21,1.15871E+16,4.82105E+16
74058,9.17021E+18,9,7,77,130,2017,2,18,1,3,3,6,0,1,0,1,0,2,0,6.23648E+20,5.30719E+21,1.06546E+16,4.79061E+16
74059,9.17021E+18,9,7,71,122,2017,2,20,1,3,2,6,0,1,0,0,0,2,1,6.53125E+20,5.36245E+21,1.10687E+16,4.83966E+16
74060,9.17021E+18,9,5,72,126,2017,2,23,1,3,8,1,0,1,0,0,0,2,0,6.34631E+20,5.50477E+21,1.08663E+16,4.96804E+16
74061,9.17021E+18,9,5,72,160,2017,2,17,1,3,2,6,0,1,0,0,0,2,0,6.26205E+20,5.51066E+21,1.07514E+16,4.97352E+16
74062,9.17021E+18,9,5,74,123,2017,2,23,1,3,9,6,0,1,0,0,0,2,0,6.60936E+20,5.47814E+21,1.12198E+16,4.94346E+16
74063,9.17021E+18,9,5,76,151,2017,2,19,1,2,3,6,0,1,0,0,0,2,0,6.59954E+20,5.46973E+21,1.12029E+16,4.93593E+16
74064,9.17021E+18,9,5,74,128,2017,2,9,1,2,0,1,1,0,0,0,0,0,1,6.80173E+20,5.48146E+21,1.14864E+16,4.94591E+16
74065,9.17022E+18,9,1,84,149,2017,2,7,6,3,4,2,0,1,0,0,0,0,1,6.92305E+20,5.34979E+21,1.15917E+16,4.82721E+16
74066,9.17021E+18,9,5,64,0,2017,2,12,1,3,5,2,0,1,0,0,0,0,0,6.46326E+20,5.48086E+21,1.10194E+16,4.94628E+16
74067,9.17022E+18,9,1,62,0,2017,2,7,6,3,3,6,0,1,0,0,1,0,1,6.95571E+20,5.33854E+21,1.16305E+16,4.817E+16
74068,9.17021E+18,9,5,71,175,2017,2,12,1,3,2,6,0,1,0,0,0,0,0,6.24572E+20,5.45938E+21,1.07126E+16,4.92745E+16
74069,9.17022E+18,9,5,64,0,2017,2,20,5,3,2,6,0,1,0,0,0,2,0,6.49063E+20,5.4789E+21,1.10564E+16,4.94444E+16
74070,9.17022E+18,9,5,73,134,2017,2,9,5,3,8,1,0,1,0,0,0,0,0,6.40463E+20,5.47636E+21,1.09369E+16,4.94237E+16
74071,9.17022E+18,9,5,73,115,2017,2,15,5,3,5,3,0,1,0,0,0,0,0,6.29473E+20,5.47419E+21,1.07848E+16,4.94066E+16
74072,9.17021E+18,9,4,72,118,2017,2,12,1,3,5,3,0,1,0,0,0,0,0,6.74423E+20,5.50587E+21,1.14179E+16,4.96801E+16
74073,9.17021E+18,9,3,74,166,2017,2,21,1,3,0,7,0,1,0,0,0,2,0,7.15698E+20,5.50316E+21,1.19878E+16,4.96424E+16
74074,9.17021E+18,9,3,72,154,2017,2,5,1,2,8,1,0,1,0,0,0,2,0,7.54492E+20,5.47483E+21,1.2506E+16,4.9373E+16
74075,9.17021E+18,9,2,76,120,2017,2,14,1,3,5,3,0,1,0,0,0,0,1,7.9424E+20,5.44544E+21,1.30307E+16,4.90913E+16
74076,9.17021E+18,9,2,76,138,2017,2,14,1,3,5,3,0,1,0,0,0,0,0,8.01409E+20,5.43193E+21,1.31186E+16,4.89667E+16
74077,9.17021E+18,9,2,77,131,2017,2,19,1,3,5,2,0,1,0,0,1,2,0,7.76946E+20,5.38204E+21,1.27516E+16,4.85303E+16
74078,9.17021E+18,9,2,61,0,2017,2,17,1,3,1,6,0,1,0,0,0,0,0,7.30844E+20,5.38467E+21,1.21296E+16,4.85725E+16
74079,9.17021E+18,9,2,73,137,2017,2,18,1,3,7,7,0,0,0,1,0,2,0,7.1539E+20,5.42187E+21,1.19398E+16,4.89122E+16
74080,9.17021E+18,9,2,73,116,2017,2,2,1,3,9,1,0,1,0,0,0,2,0,7.20034E+20,5.42177E+21,1.20031E+16,4.89098E+16
74081,9.17021E+18,9,1,90,140,2017,2,14,1,3,5,3,0,1,0,0,0,0,0,6.44975E+20,5.2935E+21,1.09352E+16,4.77785E+16
74082,9.17021E+18,9,1,83,119,2017,2,6,1,3,8,1,0,1,0,0,0,2,1,7.36796E+20,5.33774E+21,1.21837E+16,4.81488E+16
74083,9.17021E+18,9,1,71,135,2017,2,14,1,2,5,3,0,1,0,0,0,0,0,7.69009E+20,5.34157E+21,1.26184E+16,4.81704E+16
74084,9.17022E+18,9,7,80,147,2017,2,14,6,3,4,1,0,1,0,0,1,0,2,6.07696E+20,5.29072E+21,1.04371E+16,4.77609E+16
74085,9.17022E+18,9,5,75,153,2017,2,7,5,2,0,4,1,0,1,0,0,0,1,6.16233E+20,5.49257E+21,1.06077E+16,4.95745E+16
74086,9.17022E+18,9,5,71,179,2017,2,14,5,2,4,6,1,0,0,0,0,0,0,6.01309E+20,5.43152E+21,1.03859E+16,4.90282E+16
74087,9.17022E+18,9,5,61,0,2017,2,10,5,3,3,6,0,1,0,0,1,0,0,6.14302E+20,5.46253E+21,1.05724E+16,4.93048E+16
74088,9.17022E+18,9,4,75,127,2017,2,22,5,3,9,7,0,1,0,0,0,2,0,7.13051E+20,5.58125E+21,1.19945E+16,5.03447E+16
74089,9.17022E+18,9,4,78,155,2017,2,16,5,2,5,3,0,1,0,0,0,0,0,6.58125E+20,5.55987E+21,1.12143E+16,5.01699E+16
74090,9.17022E+18,9,4,72,139,2017,2,0,5,2,9,1,0,1,0,0,1,2,0,6.92328E+20,5.55231E+21,1.16889E+16,5.00918E+16
74091,9.17022E+18,9,4,72,139,2017,2,7,5,3,2,6,0,1,0,0,0,0,1,6.96021E+20,5.55283E+21,1.17408E+16,5.00954E+16
74092,9.17022E+18,9,6,72,114,2017,2,14,6,3,1,6,0,1,0,0,0,0,1,5.76577E+20,5.56015E+21,1.00727E+16,5.01886E+16
74093,9.17021E+18,9,1,87,182,2017,2,16,1,3,1,3,0,1,0,0,0,0,0,7.38187E+20,5.32828E+21,1.21971E+16,4.80633E+16
74094,9.17022E+18,9,4,71,117,2017,2,14,5,3,5,3,1,1,0,0,0,0,0,6.32238E+20,5.53003E+21,1.08417E+16,4.9908E+16
74095,9.17021E+18,9,1,76,150,2017,2,5,1,2,8,1,0,1,0,0,0,2,0,6.90332E+20,5.41155E+21,1.15934E+16,4.88278E+16
74096,9.17022E+18,9,4,61,0,2017,2,7,5,3,3,6,0,1,0,0,0,0,0,6.39436E+20,5.52977E+21,1.09418E+16,4.9904E+16