OBJECTID,UIDENTSTLA,ULAND,UREGBEZ,UKREIS,UGEMEINDE,UJAHR,UMONAT,USTUNDE,UWOCHENTAG,UKATEGORIE,UART,UTYP1,IstRad,IstPKW,IstFuss,IstKrad,IstSonstig,LICHT,STRZUSTAND,LINREFX,LINREFY,XGCSWGS84,YGCSWGS84
74097,9.17021E+18,9,1,79,142,2017,2,23,1,2,2,6,0,1,0,0,0,2,0,6.76087E+20,5.34349E+21,1.13707E+16,4.82202E+16
74098,9.17022E+18,9,7,63,0,2017,2,7,6,3,4,2,0,1,0,0,0,0,1,6.02253E+20,5.28575E+21,1.03633E+16,4.7717E+16
74099,9.17021E+18,9,1,88,141,2017,2,18,1,2,8,1,0,1,0,0,0,2,0,6.6897E+20,5.30734E+21,1.12607E+16,4.78971E+16
74100,9.17021E+18,9,1,62,0,2017,2,9,7,3,0,7,0,1,0,0,0,0,0,6.91303E+20,5.33111E+21,1.15698E+16,4.81045E+16
74101,9.17022E+18,9,3,75,213,2017,2,7,5,3,6,7,0,1,1,0,0,0,0,7.26961E+20,5.44065E+21,1.2108E+16,4.90768E+16
74102,9.17022E+18,9,3,73,147,2017,2,12,5,3,4,2,0,1,0,0,0,0,0,6.78137E+20,5.45907E+21,1.14483E+16,4.92584E+16
74103,9.17022E+18,9,6,73,184,2017,2,7,6,2,5,2,0,1,0,0,1,1,1,5.91803E+20,5.57617E+21,1.02898E+16,5.03305E+16
74104,9.17022E+18,9,7,80,113,2017,2,8,6,2,4,6,0,1,0,0,0,0,2,5.80692E+20,5.25673E+21,1.00706E+16,4.7459E+16
74105,9.17022E+18,9,7,76,127,2017,2,12,6,3,2,2,0,1,0,0,0,0,2,5.75662E+20,5.27343E+21,1.00067E+16,4.76099E+16
74106,9.17021E+18,9,1,62,0,2017,2,12,7,3,2,6,0,1,0,0,0,0,0,6.92149E+20,5.33924E+21,1.15848E+16,4.81773E+16
74107,9.17022E+18,9,3,72,116,2017,2,8,5,3,2,6,0,1,0,0,0,0,0,7.66662E+20,5.45623E+21,1.26609E+16,4.92008E+16
74108,9.17022E+18,9,3,71,151,2017,2,15,5,3,6,7,0,1,1,0,0,0,0,6.98803E+20,5.48668E+21,1.17458E+16,4.95001E+16
74109,9.17022E+18,9,3,76,175,2017,2,22,5,3,8,7,0,1,0,0,0,2,0,7.31245E+20,5.4657E+21,1.2181E+16,4.93002E+16
74110,9.17021E+18,9,1,62,0,2017,2,14,7,3,2,6,0,1,0,0,0,0,0,6.80494E+20,5.33506E+21,1.14264E+16,4.81432E+16
74111,9.17022E+18,9,3,76,133,2017,2,12,5,1,4,6,0,1,0,0,0,0,0,7.40492E+20,5.48568E+21,1.232E+16,4.94761E+16
74112,9.17021E+18,9,7,75,152,2017,2,16,7,3,5,3,1,1,0,0,0,0,0,5.77576E+20,5.35262E+21,1.00465E+16,4.8322E+16
74113,9.17021E+18,9,7,64,0,2017,2,1,7,1,6,7,0,1,1,0,0,2,1,5.82902E+20,5.311E+21,1.01102E+16,4.79469E+16
74114,9.17021E+18,9,7,63,0,2017,2,12,7,3,2,6,0,1,0,0,0,0,0,5.99441E+20,5.28526E+21,1.03257E+16,4.7713E+16
74115,9.17021E+18,9,7,80,119,2017,2,18,7,1,5,7,0,1,0,0,1,2,0,5.96137E+20,5.29771E+21,1.02845E+16,4.78255E+16
74116,9.17021E+18,9,7,80,121,2017,2,11,7,3,2,6,0,1,0,0,0,0,0,5.95586E+20,5.2568E+21,1.02682E+16,4.74576E+16
74117,9.17021E+18,9,7,79,194,2017,2,13,7,3,5,3,0,1,0,0,0,0,0,6.09596E+20,5.41137E+21,1.04938E+16,4.88456E+16
74118,9.17021E+18,9,7,73,140,2017,2,1,7,3,8,1,0,0,0,1,0,2,0,6.16784E+20,5.37197E+21,1.05806E+16,4.849E+16
74119,9.17021E+18,9,7,73,144,2017,2,10,7,3,2,6,0,1,0,0,0,0,1,6.08404E+20,5.37838E+21,1.04689E+16,4.85491E+16
74120,9.17021E+18,9,7,72,148,2017,2,9,7,3,5,2,0,1,0,0,1,0,0,6.28237E+20,5.35306E+21,1.07298E+16,4.83177E+16
74121,9.17021E+18,9,7,71,160,2017,2,9,7,3,8,1,0,1,0,0,0,0,0,6.54024E+20,5.34972E+21,1.10762E+16,4.8282E+16
74122,9.17021E+18,9,6,75,127,2017,2,9,7,3,2,6,0,1,0,0,0,0,0,6.10744E+20,5.51344E+21,1.05377E+16,4.97633E+16
74123,9.17021E+18,9,5,72,131,2017,2,12,7,3,3,6,0,1,0,0,1,0,0,6.54947E+20,5.48499E+21,1.11399E+16,4.94977E+16
74124,9.17021E+18,9,5,76,127,2017,2,10,7,3,2,6,0,1,0,0,0,0,0,6.64946E+20,5.44845E+21,1.12628E+16,4.91667E+16
74125,9.17022E+18,9,2,78,172,2017,2,14,5,3,8,1,0,1,0,0,0,0,0,7.52093E+20,5.41719E+21,1.2437E+16,4.88564E+16
74126,9.17022E+18,9,2,76,148,2017,2,19,5,2,4,1,0,1,0,0,0,2,1,8.10172E+20,5.43671E+21,1.32416E+16,4.90052E+16
74127,9.17022E+18,9,7,80,146,2017,2,14,6,3,4,6,0,1,0,0,0,0,2,5.9002E+20,5.28649E+21,1.02004E+16,4.77255E+16
74128,9.17022E+18,9,2,77,148,2017,2,7,5,3,8,1,0,1,0,0,0,0,1,7.89146E+20,5.35849E+21,1.29002E+16,4.83134E+16
74129,9.17022E+18,9,2,77,149,2017,2,20,5,2,6,6,0,1,1,0,0,2,0,7.9481E+20,5.36883E+21,1.29837E+16,4.84036E+16
74130,9.17022E+18,9,7,77,177,2017,2,14,6,3,8,1,0,1,0,0,0,0,2,6.35066E+20,5.31597E+21,1.08101E+16,4.79827E+16
74131,9.17022E+18,9,7,73,144,2017,2,10,6,2,4,6,0,1,0,0,1,0,1,6.03899E+20,5.38118E+21,1.04086E+16,4.85751E+16
74132,9.17022E+18,9,2,62,0,2017,2,16,5,2,0,6,0,1,0,1,0,0,0,8.20823E+20,5.39208E+21,1.3352E+16,4.85995E+16
74133,9.17022E+18,9,2,61,0,2017,2,13,5,2,0,6,0,1,0,0,1,0,0,7.26771E+20,5.38031E+21,1.20721E+16,4.85349E+16
74134,9.17022E+18,9,2,61,0,2017,2,13,5,3,2,6,0,1,0,0,0,0,0,7.26771E+20,5.38032E+21,1.20721E+16,4.8535E+16
74135,9.17022E+18,9,2,74,132,2017,2,15,5,3,2,6,0,1,0,0,0,0,0,7.25625E+20,5.38585E+21,1.20596E+16,4.8585E+16
74136,9.17022E+18,9,2,73,115,2017,2,7,5,3,9,6,0,1,0,0,0,1,1,7.07233E+20,5.39172E+21,1.18134E+16,4.86441E+16
74137,9.17022E+18,9,6,78,181,2017,2,7,6,3,8,1,0,1,0,0,0,1,1,5.95137E+20,5.55618E+21,1.03317E+16,5.01502E+16
74138,9.17022E+18,9,2,74,128,2017,2,15,5,3,5,3,0,1,0,0,0,0,0,7.35673E+20,5.38574E+21,1.21956E+16,4.85804E+16
74139,9.17021E+18,9,5,76,151,2017,2,8,7,3,0,7,0,1,0,0,0,0,1,6.52924E+20,5.46797E+21,1.11054E+16,4.93452E+16
74140,9.17022E+18,9,2,74,191,2017,2,19,5,3,4,2,0,1,0,0,0,2,0,7.44782E+20,5.39163E+21,1.23223E+16,4.86298E+16
74141,9.17021E+18,9,5,74,138,2017,2,15,7,3,5,3,1,0,0,1,0,0,0,6.6569E+20,5.48729E+21,1.12891E+16,4.95156E+16
74142,9.17022E+18,9,7,61,0,2017,2,15,6,3,4,2,0,1,0,0,0,0,1,6.4099E+20,5.3604E+21,1.09042E+16,4.8381E+16
74143,9.17021E+18,9,5,74,138,2017,2,21,7,3,0,1,0,0,0,1,0,2,0,6.65546E+20,5.48724E+21,1.12871E+16,4.95152E+16
74144,9.17021E+18,9,5,64,0,2017,2,22,7,3,8,1,0,1,0,0,0,2,0,6.51923E+20,5.47749E+21,1.10953E+16,4.94311E+16
74145,9.17021E+18,9,5,64,0,2017,2,11,7,3,5,3,0,1,0,0,0,0,0,6.49777E+20,5.47695E+21,1.10655E+16,4.94268E+16
74146,9.17021E+18,9,5,75,125,2017,2,14,7,3,9,1,0,1,0,0,0,0,1,6.24578E+20,5.49612E+21,1.07242E+16,4.96048E+16
74147,9.17021E+18,9,5,71,166,2017,2,13,7,3,2,2,0,1,0,0,0,0,0,6.06171E+20,5.45786E+21,1.04593E+16,4.92643E+16
74148,9.17021E+18,9,4,79,169,2017,2,8,7,2,4,1,0,1,0,0,1,0,2,7.1849E+20,5.54752E+21,1.20515E+16,5.00398E+16
74149,9.17021E+18,9,4,61,0,2017,2,8,7,3,1,6,0,1,0,0,1,0,1,6.38068E+20,5.52795E+21,1.09221E+16,4.9888E+16
74150,9.17021E+18,9,4,71,145,2017,2,11,7,3,2,6,0,1,0,0,0,0,0,6.44099E+20,5.52081E+21,1.10034E+16,4.98224E+16
74151,9.17021E+18,9,4,71,145,2017,2,0,7,3,9,7,1,0,0,0,0,2,1,6.42062E+20,5.51931E+21,1.09745E+16,4.98094E+16
74152,9.17021E+18,9,3,72,142,2017,2,12,7,2,5,3,0,1,0,0,0,0,0,7.56895E+20,5.44629E+21,1.25207E+16,4.91158E+16
74153,9.17021E+18,9,3,73,147,2017,2,10,7,2,5,3,1,1,0,0,0,0,0,6.78931E+20,5.46115E+21,1.14601E+16,4.92769E+16
74154,9.17021E+18,9,3,71,126,2017,2,5,7,2,8,7,0,1,0,0,0,2,1,7.02454E+20,5.49402E+21,1.17999E+16,4.95649E+16
74155,9.17021E+18,9,2,78,146,2017,2,22,7,3,8,1,0,1,0,0,0,2,0,7.6021E+20,5.40748E+21,1.25413E+16,4.87658E+16
74156,9.17021E+18,9,2,71,127,2017,2,2,7,3,8,6,0,1,0,0,0,2,1,8.06081E+20,5.40403E+21,1.31614E+16,4.87141E+16
74157,9.17021E+18,9,2,75,141,2017,2,16,7,3,3,6,0,1,0,0,0,1,0,8.15455E+20,5.36972E+21,1.32625E+16,4.84016E+16
74158,9.17021E+18,9,2,74,124,2017,2,11,7,3,5,3,0,1,0,0,1,0,0,7.26067E+20,5.37591E+21,1.20602E+16,4.84956E+16
74159,9.17021E+18,9,2,79,134,2017,2,15,7,3,4,6,0,1,0,0,1,0,0,7.68556E+20,5.38401E+21,1.26394E+16,4.85516E+16
74160,9.17021E+18,9,1,80,136,2017,2,10,7,3,4,1,0,1,0,0,0,0,0,6.71943E+20,5.26588E+21,1.12841E+16,4.75236E+16
74161,9.17022E+18,9,2,79,112,2017,2,13,5,2,5,2,0,1,0,0,0,0,0,7.5312E+20,5.39377E+21,1.24366E+16,4.86457E+16
74162,9.17022E+18,9,6,79,209,2017,2,19,6,3,0,2,1,1,0,0,0,2,1,5.63094E+20,5.51716E+21,9.87682E+15,4.98035E+16
74163,9.17022E+18,9,6,79,118,2017,2,8,6,3,4,7,0,1,0,0,0,0,1,5.71922E+20,5.48593E+21,9.99374E+15,4.95217E+16
74164,9.17021E+18,9,1,89,145,2017,2,7,7,3,2,6,0,1,0,0,0,0,1,7.75205E+20,5.30333E+21,1.26771E+16,4.78244E+16
74165,9.17021E+18,9,1,89,145,2017,2,7,7,3,0,6,0,1,0,0,0,0,1,7.75205E+20,5.30333E+21,1.26771E+16,4.78244E+16
74166,9.17021E+18,9,1,82,123,2017,2,9,7,3,2,6,0,1,0,0,0,0,0,7.20015E+20,5.30104E+21,1.19396E+16,4.7825E+16
74167,9.17021E+18,9,1,87,186,2017,2,12,7,3,5,3,0,1,0,0,0,0,0,7.31564E+20,5.33284E+21,1.21108E+16,4.81067E+16
74168,9.17021E+18,9,1,82,120,2017,2,17,7,3,0,1,1,0,0,0,0,0,0,7.01609E+20,5.30689E+21,1.16967E+16,4.78837E+16
74169,9.17022E+18,9,1,73,147,2017,2,16,5,3,1,6,0,1,0,0,0,0,0,6.81633E+20,5.30882E+21,1.14306E+16,4.7907E+16
74170,9.17022E+18,9,1,90,142,2017,2,10,5,3,2,6,0,1,0,0,0,0,0,6.59274E+20,5.29842E+21,1.11278E+16,4.78194E+16
74171,9.17022E+18,9,1,71,137,2017,2,15,5,2,3,6,0,1,0,0,0,0,0,7.69687E+20,5.35086E+21,1.26334E+16,4.82535E+16
74172,9.17022E+18,9,1,89,114,2017,2,9,5,3,2,2,0,1,0,0,0,0,0,7.64215E+20,5.31213E+21,1.25359E+16,4.7908E+16
74173,9.17022E+18,9,1,83,112,2017,2,15,5,3,6,4,0,1,1,0,0,0,0,7.52463E+20,5.35004E+21,1.24013E+16,4.82532E+16
74174,9.17022E+18,9,1,87,177,2017,2,13,5,3,5,3,1,1,0,0,0,0,0,7.35961E+20,5.30561E+21,1.21549E+16,4.78605E+16
74175,9.17022E+18,9,1,87,168,2017,2,7,5,3,2,6,0,1,0,0,0,0,1,7.49999E+20,5.30949E+21,1.23445E+16,4.789E+16
74176,9.17022E+18,9,6,73,131,2017,2,6,6,3,4,1,0,1,0,0,0,1,2,6.06349E+20,5.57552E+21,1.0494E+16,5.03221E+16
74177,9.17021E+18,9,1,82,136,2017,2,14,7,3,2,6,0,1,0,0,0,0,0,7.03666E+20,5.29726E+21,1.17197E+16,4.77965E+16
74178,9.17022E+18,9,1,87,168,2017,2,8,5,3,5,3,1,1,0,0,0,0,0,7.49496E+20,5.30841E+21,1.23371E+16,4.78805E+16
74179,9.17021E+18,9,1,87,117,2017,2,13,7,3,0,6,0,1,0,1,0,0,0,7.23067E+20,5.30377E+21,1.19818E+16,4.78486E+16
74180,9.17022E+18,9,6,73,142,2017,2,7,6,3,8,1,0,1,0,0,0,1,2,5.9282E+20,5.58614E+21,1.03066E+16,5.042E+16
74181,9.17021E+18,9,1,76,120,2017,2,17,7,3,9,1,0,1,0,0,0,2,0,6.80991E+20,5.42032E+21,1.14701E+16,4.89093E+16
74182,9.17021E+18,9,1,61,0,2017,2,14,7,3,2,6,0,1,0,0,0,0,0,6.81238E+20,5.4023E+21,1.14655E+16,4.87473E+16
74183,9.17022E+18,9,6,73,123,2017,2,7,6,2,8,1,0,1,0,0,0,0,2,5.80304E+20,5.59776E+21,1.01329E+16,5.05263E+16
74184,9.17021E+18,9,1,86,143,2017,2,23,7,3,8,1,0,1,0,0,0,2,2,6.854E+20,5.37768E+21,1.15111E+16,4.85248E+16
74185,9.17021E+18,9,1,86,139,2017,2,11,7,3,5,2,0,1,0,0,0,0,0,6.9729E+20,5.40324E+21,1.16841E+16,4.87509E+16
74186,9.17021E+18,9,1,84,118,2017,2,11,7,3,2,6,0,1,0,0,0,0,0,7.04234E+20,5.33602E+21,1.17457E+16,4.81446E+16
74187,9.17021E+18,9,1,84,130,2017,2,12,7,3,2,6,0,1,0,0,0,0,0,6.97274E+20,5.34252E+21,1.16552E+16,4.82052E+16
74188,9.17021E+18,9,1,75,132,2017,2,9,7,3,2,6,0,1,0,0,0,0,0,7.07219E+20,5.33661E+21,1.1786E+16,4.8149E+16
74189,9.17021E+18,9,1,62,0,2017,2,20,6,3,5,3,0,1,0,0,0,2,1,6.94648E+20,5.33206E+21,1.16151E+16,4.8112E+16
74190,9.17021E+18,9,1,62,0,2017,2,23,6,3,5,2,0,1,0,0,0,2,1,6.92092E+20,5.34188E+21,1.15853E+16,4.8201E+16
74191,9.17021E+18,9,7,77,129,2017,2,10,6,3,2,6,0,1,0,0,0,0,0,6.24878E+20,5.26997E+21,1.06604E+16,4.75711E+16
74192,9.17021E+18,9,7,80,139,2017,2,12,6,3,5,3,0,1,0,0,0,0,0,5.96455E+20,5.26371E+21,1.02812E+16,4.75197E+16
74193,9.17021E+18,9,7,77,158,2017,2,14,6,3,5,3,0,1,0,0,0,0,0,6.21558E+20,5.30922E+21,1.06272E+16,4.79248E+16
74194,9.17021E+18,9,7,77,169,2017,2,9,6,3,2,6,0,1,0,0,0,0,1,6.28621E+20,5.2695E+21,1.071E+16,4.75661E+16
74195,9.17022E+18,9,1,82,120,2017,2,7,5,3,2,6,0,1,0,0,0,1,1,7.03444E+20,5.30696E+21,1.17213E+16,4.78837E+16
74196,9.17021E+18,9,7,73,125,2017,2,16,6,2,2,6,0,1,0,0,0,0,0,6.13846E+20,5.38417E+21,1.05442E+16,4.86003E+16
74197,9.17022E+18,9,1,87,179,2017,2,10,5,3,4,2,0,1,0,0,1,0,0,7.22608E+20,5.31383E+21,1.19808E+16,4.7939E+16
74198,9.17021E+18,9,7,61,0,2017,2,16,6,3,2,6,0,1,0,0,1,0,0,6.37849E+20,5.36138E+21,1.08621E+16,4.83905E+16
74199,9.17022E+18,9,1,76,120,2017,2,12,5,3,2,6,0,1,0,0,0,0,0,6.7774E+20,5.42529E+21,1.1428E+16,4.89549E+16
74200,9.17021E+18,9,7,72,111,2017,2,19,6,3,2,6,0,1,0,0,1,2,0,6.27031E+20,5.36557E+21,1.07173E+16,4.84304E+16
74201,9.17021E+18,9,7,72,125,2017,2,7,6,3,8,1,0,1,0,0,0,0,2,6.2662E+20,5.34554E+21,1.07057E+16,4.82504E+16
74202,9.17021E+18,9,6,79,209,2017,2,15,6,3,2,6,0,1,0,0,0,0,0,5.61676E+20,5.51648E+21,9.857E+15,4.97976E+16
74203,9.17021E+18,9,6,74,163,2017,2,11,6,3,1,6,0,1,0,0,0,0,0,6.11656E+20,5.53889E+21,1.05577E+16,4.99919E+16
74204,9.17021E+18,9,6,76,126,2017,2,0,6,3,9,1,0,1,0,0,0,2,0,5.1117E+20,5.52341E+21,9.15542E+15,4.9863E+16
74205,9.17021E+18,9,6,76,139,2017,2,14,6,3,2,6,0,1,0,0,0,0,0,5.17617E+20,5.50596E+21,9.24434E+15,4.97059E+16
74206,9.17021E+18,9,5,76,122,2017,2,12,6,3,2,6,0,1,0,0,0,0,0,6.68616E+20,5.43767E+21,1.13086E+16,4.90688E+16
74207,9.17021E+18,9,5,65,0,2017,2,4,6,3,8,1,0,1,0,0,0,2,0,6.49604E+20,5.46667E+21,1.10593E+16,4.93344E+16
74208,9.17021E+18,9,5,76,128,2017,2,17,6,3,2,6,0,1,0,0,0,1,0,6.44657E+20,5.46385E+21,1.09902E+16,4.93102E+16
74209,9.17021E+18,9,5,72,133,2017,2,19,6,3,2,6,0,1,0,0,0,2,0,6.37841E+20,5.49762E+21,1.09082E+16,4.96154E+16
74210,9.17021E+18,9,5,65,0,2017,2,18,6,3,5,7,1,1,0,0,0,2,0,6.47092E+20,5.46603E+21,1.10245E+16,4.93293E+16
74211,9.17021E+18,9,5,74,156,2017,2,12,6,3,4,1,0,1,0,0,0,0,0,6.58882E+20,5.4821E+21,1.1193E+16,4.94707E+16
74212,9.17021E+18,9,5,64,0,2017,2,18,6,3,5,2,0,1,0,0,0,2,0,6.50051E+20,5.48172E+21,1.10711E+16,4.94696E+16
74213,9.17022E+18,9,1,86,137,2017,2,13,5,3,2,6,0,1,0,0,0,0,0,6.82262E+20,5.39891E+21,1.14779E+16,4.87166E+16
74214,9.17022E+18,9,1,61,0,2017,2,6,5,3,5,3,0,1,0,1,0,1,0,6.754E+20,5.40481E+21,1.13873E+16,4.87715E+16
74215,9.17022E+18,9,6,73,151,2017,2,6,6,3,1,1,0,1,0,0,0,2,2,5.90634E+20,5.58366E+21,1.02752E+16,5.0398E+16
74216,9.17022E+18,9,1,86,162,2017,2,11,5,3,0,6,0,0,1,1,0,0,0,6.93467E+20,5.38258E+21,1.16225E+16,4.85664E+16
74217,9.17022E+18,9,1,86,143,2017,2,14,5,2,8,1,1,0,0,0,0,0,0,6.84564E+20,5.38178E+21,1.15016E+16,4.85619E+16
74218,9.17022E+18,9,1,85,149,2017,2,7,5,3,9,1,0,1,0,0,0,0,0,6.6082E+20,5.40323E+21,1.11884E+16,4.87613E+16
74219,9.17022E+18,9,1,74,113,2017,2,15,5,3,2,6,0,1,0,0,0,0,0,6.71347E+20,5.34707E+21,1.13084E+16,4.82536E+16
74220,9.17022E+18,9,6,78,132,2017,2,14,6,3,0,1,0,1,0,0,0,0,0,5.84777E+20,5.54412E+21,1.0184E+16,5.00434E+16
74221,9.17021E+18,9,5,71,181,2017,2,7,6,3,9,3,0,1,0,0,0,0,0,5.88173E+20,5.46992E+21,1.02147E+16,4.93756E+16
74222,9.17021E+18,9,5,75,147,2017,2,20,6,3,8,1,0,1,0,0,0,2,0,6.14488E+20,5.50655E+21,1.05877E+16,4.97006E+16
74223,9.17021E+18,9,4,79,169,2017,2,12,6,3,6,4,0,1,1,0,0,0,0,7.15714E+20,5.54752E+21,1.20127E+16,5.00408E+16
74224,9.17021E+18,9,4,73,120,2017,2,7,6,3,9,1,0,1,0,0,0,0,0,6.42699E+20,5.57338E+21,1.10035E+16,5.02953E+16
74225,9.17022E+18,9,6,73,151,2017,2,6,6,2,4,1,0,1,0,0,0,1,2,5.90418E+20,5.58345E+21,1.02721E+16,5.03962E+16
74226,9.17021E+18,9,4,76,146,2017,2,7,6,3,8,1,0,0,0,0,1,0,1,6.60821E+20,5.56039E+21,1.12522E+16,5.01739E+16
74227,9.17021E+18,9,4,76,146,2017,2,11,6,2,9,1,0,1,0,0,0,0,1,6.63458E+20,5.5628E+21,1.12902E+16,5.01948E+16
74228,9.17022E+18,9,6,74,133,2017,2,7,6,3,9,1,0,1,0,0,0,0,2,6.2191E+20,5.53397E+21,1.06992E+16,4.99457E+16
74229,9.17021E+18,9,4,76,146,2017,2,14,6,3,5,3,1,1,0,0,0,0,0,6.62633E+20,5.56234E+21,1.12784E+16,5.01909E+16
74230,9.17021E+18,9,4,77,151,2017,2,1,6,3,9,1,0,1,0,0,0,2,0,6.76058E+20,5.56212E+21,1.14662E+16,5.01851E+16
74231,9.17021E+18,9,4,71,155,2017,2,6,6,3,9,1,0,1,0,0,0,2,0,6.42013E+20,5.53051E+21,1.09779E+16,4.99101E+16
74232,9.17021E+18,9,3,63,0,2017,2,11,6,3,6,4,0,1,1,0,0,0,0,7.27273E+20,5.50704E+21,1.21502E+16,4.9673E+16
74233,9.17021E+18,9,3,77,154,2017,2,12,6,3,2,2,0,1,0,0,0,0,0,7.40094E+20,5.5307E+21,1.23422E+16,4.98804E+16
74234,9.17022E+18,9,1,79,118,2017,2,15,5,3,1,6,0,1,0,0,1,0,0,6.73068E+20,5.33844E+21,1.13281E+16,4.81756E+16
74235,9.17022E+18,9,6,78,181,2017,2,7,6,3,8,1,0,1,0,0,0,0,2,5.95138E+20,5.55618E+21,1.03317E+16,5.01502E+16
74236,9.17022E+18,9,1,79,121,2017,2,7,5,3,5,3,1,1,0,0,0,0,1,6.66856E+20,5.33833E+21,1.12445E+16,4.81763E+16
74237,9.17021E+18,9,3,75,180,2017,2,14,6,3,2,6,0,1,0,0,0,0,0,7.23912E+20,5.43057E+21,1.20607E+16,4.89874E+16
74238,9.17022E+18,9,1,62,0,2017,2,19,5,3,2,6,0,1,0,0,0,2,0,6.95234E+20,5.34407E+21,1.16285E+16,4.82198E+16
74239,9.17021E+18,9,3,75,175,2017,2,12,6,3,3,6,0,1,0,0,1,0,0,7.15642E+20,5.43499E+21,1.19502E+16,4.903E+16
74240,9.17022E+18,9,1,62,0,2017,2,19,5,3,9,6,0,1,0,0,0,2,0,6.85126E+20,5.34263E+21,1.14919E+16,4.82099E+16
74241,9.17022E+18,9,6,74,147,2017,2,16,6,3,2,6,0,1,0,1,0,0,1,6.10355E+20,5.54316E+21,1.05408E+16,5.00305E+16
74242,9.17021E+18,9,3,62,0,2017,2,13,6,3,2,6,0,1,0,1,0,0,0,7.27541E+20,5.43206E+21,1.21111E+16,4.89994E+16
74243,9.17021E+18,9,3,73,112,2017,2,9,6,3,1,6,0,1,0,0,0,0,0,6.78685E+20,5.44575E+21,1.14499E+16,4.91386E+16
74244,9.17021E+18,9,3,61,0,2017,2,13,6,3,3,7,0,1,0,0,1,0,0,7.08166E+20,5.47989E+21,1.18714E+16,4.9436E+16
74245,9.17021E+18,9,2,78,170,2017,2,16,6,3,2,6,0,1,0,0,0,0,0,7.65089E+20,5.42416E+21,1.26183E+16,4.89135E+16
74246,9.17021E+18,9,2,71,125,2017,2,23,6,3,5,3,0,1,0,0,0,2,1,7.9723E+20,5.40932E+21,1.30452E+16,4.87658E+16
74247,9.17021E+18,9,2,78,116,2017,2,9,6,3,1,6,0,1,0,0,0,0,0,7.65864E+20,5.43454E+21,1.26357E+16,4.90064E+16
74248,9.17021E+18,9,2,75,122,2017,2,7,6,3,4,6,0,1,0,0,0,0,0,8.21305E+20,5.38453E+21,1.33527E+16,4.85315E+16
74249,9.17021E+18,9,2,77,141,2017,2,14,6,2,5,3,0,1,0,1,0,0,0,7.7097E+20,5.37361E+21,1.26653E+16,4.84572E+16
74250,9.17021E+18,9,2,61,0,2017,2,14,6,3,2,6,0,1,0,0,0,0,0,7.30438E+20,5.38172E+21,1.21225E+16,4.85462E+16
74251,9.17021E+18,9,2,79,135,2017,2,19,6,3,5,3,0,1,0,0,1,2,0,7.7485E+20,5.38613E+21,1.27259E+16,4.85679E+16
74252,9.17021E+18,9,2,73,111,2017,2,7,6,3,2,5,0,1,0,0,0,1,0,7.08018E+20,5.41704E+21,1.18369E+16,4.88714E+16
74253,9.17021E+18,9,2,73,141,2017,2,15,6,2,9,1,0,1,0,0,0,0,0,7.21741E+20,5.40829E+21,1.2019E+16,4.8788E+16
74254,9.17021E+18,9,2,73,111,2017,2,19,6,3,5,3,0,1,0,0,0,2,0,7.10498E+20,5.41025E+21,1.18672E+16,4.88096E+16
74255,9.17021E+18,9,2,73,133,2017,2,20,6,3,0,1,0,1,0,0,1,2,0,7.08292E+20,5.42636E+21,1.18454E+16,4.89551E+16
74256,9.17021E+18,9,1,83,116,2017,2,11,6,3,8,7,0,0,0,0,1,0,0,7.64586E+20,5.35294E+21,1.25662E+16,4.82743E+16
74257,9.17021E+18,9,1,89,134,2017,2,12,6,2,8,7,0,1,0,0,0,0,0,7.68367E+20,5.31911E+21,1.25957E+16,4.7969E+16
74258,9.17021E+18,9,1,87,167,2017,2,2,6,2,8,1,0,1,0,0,0,2,0,7.40191E+20,5.30136E+21,1.2209E+16,4.78207E+16
74259,9.17021E+18,9,1,61,0,2017,2,15,6,3,2,2,0,1,0,0,0,0,0,6.76247E+20,5.40885E+21,1.14005E+16,4.88076E+16
74260,9.17022E+18,9,6,74,180,2017,2,8,6,3,4,6,0,1,0,0,1,0,2,6.02173E+20,5.54444E+21,1.0427E+16,5.00435E+16
74261,9.17022E+18,9,6,72,121,2017,2,7,6,3,8,1,0,1,0,0,0,0,2,5.68546E+20,5.55711E+21,9.95969E+15,5.01622E+16
74262,9.17022E+18,9,1,77,126,2017,2,18,5,3,5,3,0,1,0,0,0,2,0,7.19517E+20,5.36977E+21,1.19684E+16,4.84427E+16
74263,9.17022E+18,9,1,77,115,2017,2,16,5,3,0,1,1,0,0,0,0,0,0,7.34111E+20,5.35121E+21,1.21551E+16,4.82707E+16
74264,9.17022E+18,9,1,84,112,2017,2,15,4,3,4,6,0,1,0,0,0,0,0,7.00741E+20,5.34238E+21,1.17018E+16,4.82029E+16
74265,9.17022E+18,9,1,84,136,2017,2,16,4,2,2,6,0,1,0,0,1,0,0,6.96626E+20,5.32647E+21,1.16391E+16,4.80612E+16
74266,9.17022E+18,9,1,62,0,2017,2,6,4,2,6,4,0,1,1,0,0,2,0,6.93114E+20,5.33764E+21,1.15971E+16,4.81626E+16
74267,9.17022E+18,9,1,84,148,2017,2,16,4,3,2,6,0,1,0,0,1,0,0,6.96615E+20,5.32646E+21,1.1639E+16,4.80611E+16
74268,9.17022E+18,9,7,78,151,2017,2,9,4,3,9,1,0,1,0,0,0,0,0,5.93878E+20,5.319E+21,1.02589E+16,4.80174E+16
74269,9.17022E+18,9,7,78,173,2017,2,15,4,3,5,3,0,1,0,0,0,0,0,6.12252E+20,5.32234E+21,1.05061E+16,4.80445E+16