OBJECTID,UIDENTSTLA,ULAND,UREGBEZ,UKREIS,UGEMEINDE,UJAHR,UMONAT,USTUNDE,UWOCHENTAG,UKATEGORIE,UART,UTYP1,IstRad,IstPKW,IstFuss,IstKrad,IstSonstig,LICHT,STRZUSTAND,LINREFX,LINREFY,XGCSWGS84,YGCSWGS84
74270,9.17022E+18,9,7,78,180,2017,2,10,4,2,4,6,0,1,0,0,0,0,1,6.05863E+20,5.3247E+21,1.0421E+16,4.80668E+16
74271,9.17021E+18,9,1,61,0,2017,2,16,6,3,2,6,0,1,0,0,0,0,0,6.8079E+20,5.40457E+21,1.14604E+16,4.87679E+16
74272,9.17022E+18,9,7,74,119,2017,2,19,4,2,2,1,1,0,0,0,1,2,0,5.91622E+20,5.36228E+21,1.0238E+16,4.8407E+16
74273,9.17021E+18,9,1,85,125,2017,2,13,6,3,8,1,0,1,0,0,0,0,0,6.48603E+20,5.39712E+21,1.102E+16,4.87094E+16
74274,9.17022E+18,9,7,74,121,2017,2,18,4,1,6,4,0,1,1,0,0,1,1,6.03973E+20,5.36525E+21,1.04056E+16,4.84318E+16
74275,9.17022E+18,9,6,72,161,2017,2,6,6,3,8,1,0,1,0,0,0,2,1,5.56789E+20,5.5572E+21,9.79511E+15,5.01643E+16
74276,9.17021E+18,9,1,62,0,2017,2,6,6,3,3,6,0,1,0,0,1,1,0,6.8347E+20,5.34256E+21,1.14696E+16,4.82097E+16
74277,9.17022E+18,9,6,73,127,2017,2,11,6,2,2,6,0,1,0,0,0,0,1,6.00391E+20,5.57324E+21,1.04097E+16,5.03027E+16
74278,9.17021E+18,9,1,88,121,2017,2,9,6,3,5,2,0,1,0,0,0,0,0,6.70068E+20,5.32929E+21,1.12841E+16,4.80941E+16
74279,9.17021E+18,9,1,84,119,2017,2,12,6,3,2,6,0,1,0,0,0,0,0,6.95688E+20,5.34555E+21,1.16353E+16,4.82329E+16
74280,9.17021E+18,9,1,62,0,2017,2,6,5,3,5,2,0,1,0,0,0,2,0,6.77952E+20,5.33531E+21,1.13924E+16,4.81461E+16
74281,9.17021E+18,9,1,62,0,2017,2,7,5,3,2,6,0,1,0,0,0,0,0,6.92047E+20,5.34142E+21,1.15845E+16,4.8197E+16
74282,9.17021E+18,9,1,84,148,2017,2,13,5,3,2,6,0,1,0,0,0,0,0,6.95202E+20,5.32634E+21,1.162E+16,4.80605E+16
74283,9.17021E+18,9,1,62,0,2017,2,18,5,3,2,6,0,1,0,0,0,0,0,6.92514E+20,5.33052E+21,1.15858E+16,4.80989E+16
74284,9.17021E+18,9,7,63,0,2017,2,18,5,3,5,3,0,1,0,0,0,2,0,5.99079E+20,5.28649E+21,1.03212E+16,4.77242E+16
74285,9.17021E+18,9,7,77,159,2017,2,7,5,3,5,3,0,1,0,0,0,0,1,6.16844E+20,5.27241E+21,1.05542E+16,4.75946E+16
74286,9.17021E+18,9,7,71,130,2017,2,22,5,3,1,6,0,1,0,0,0,2,0,6.44668E+20,5.35765E+21,1.09529E+16,4.83555E+16
74287,9.17021E+18,9,6,77,157,2017,2,13,5,2,5,2,0,1,0,0,0,0,0,5.42352E+20,5.52236E+21,9.58915E+15,4.98522E+16
74288,9.17021E+18,9,6,77,119,2017,2,6,5,3,4,6,0,1,0,0,0,2,1,5.52676E+20,5.52504E+21,9.73312E+15,4.98755E+16
74289,9.17021E+18,9,6,75,147,2017,2,16,5,3,5,2,0,1,0,0,0,0,0,5.83202E+20,5.50371E+21,1.01533E+16,4.96802E+16
74290,9.17021E+18,9,6,74,159,2017,2,7,5,2,8,1,0,1,0,0,0,0,1,6.162E+20,5.53311E+21,1.06194E+16,4.9939E+16
74291,9.17021E+18,9,6,73,116,2017,2,13,5,3,9,1,0,1,0,0,0,0,0,5.80757E+20,5.57913E+21,1.01353E+16,5.03587E+16
74292,9.17022E+18,9,4,79,136,2017,2,20,7,3,5,3,0,1,0,0,0,2,0,7.20748E+20,5.54316E+21,1.20804E+16,4.99998E+16
74293,9.17022E+18,9,4,75,137,2017,2,16,7,3,4,1,0,1,0,0,0,0,0,6.94781E+20,5.5845E+21,1.17397E+16,5.03803E+16
74294,9.17022E+18,9,1,90,113,2017,2,7,7,3,4,1,0,1,0,0,0,0,2,6.76531E+20,5.29071E+21,1.1355E+16,4.77456E+16
74295,9.17022E+18,9,6,72,114,2017,2,11,7,2,4,1,0,1,0,0,0,0,1,5.78731E+20,5.55644E+21,1.01021E+16,5.0155E+16
74296,9.17022E+18,9,6,78,183,2017,2,13,7,2,5,3,0,1,0,0,1,0,0,5.95597E+20,5.53199E+21,1.03321E+16,4.99326E+16
74297,9.17022E+18,9,5,73,134,2017,2,0,7,3,5,3,0,1,0,0,0,2,0,6.4228E+20,5.47763E+21,1.09624E+16,4.94347E+16
74298,9.17022E+18,9,5,62,0,2017,2,12,7,3,9,6,0,1,0,0,1,0,1,6.45731E+20,5.49019E+21,1.10146E+16,4.95468E+16
74299,9.17022E+18,9,4,75,169,2017,2,21,7,3,8,1,0,1,0,0,0,2,0,6.82174E+20,5.57209E+21,1.15566E+16,5.02728E+16
74300,9.17022E+18,9,4,79,166,2017,2,8,7,3,5,3,0,1,0,0,0,0,1,7.06788E+20,5.55339E+21,1.18914E+16,5.00968E+16
74301,9.17022E+18,9,7,71,113,2017,2,18,7,3,2,2,0,1,0,0,0,2,0,6.58979E+20,5.36682E+21,1.11494E+16,4.84344E+16
74302,9.17022E+18,9,1,73,137,2017,2,13,7,2,5,3,0,1,0,0,0,0,0,6.80441E+20,5.30754E+21,1.14141E+16,4.78958E+16
74303,9.17022E+18,9,3,74,134,2017,2,21,7,1,5,3,0,1,0,0,0,2,1,7.19608E+20,5.50416E+21,1.20425E+16,4.965E+16
74304,9.17022E+18,9,4,74,126,2017,2,0,7,3,4,3,0,1,0,0,0,2,0,6.48079E+20,5.50609E+21,1.10531E+16,4.96891E+16
74305,9.17022E+18,9,2,77,138,2017,2,6,7,3,0,1,0,1,0,0,0,1,1,7.92261E+20,5.36938E+21,1.29497E+16,4.84097E+16
74306,9.17022E+18,9,5,71,113,2017,2,18,7,3,8,1,0,1,0,0,0,1,1,6.15444E+20,5.44211E+21,1.05822E+16,4.9121E+16
74307,9.17022E+18,9,4,71,145,2017,2,6,5,3,5,3,0,1,0,0,0,1,1,6.42718E+20,5.51971E+21,1.09838E+16,4.98128E+16
74308,9.17022E+18,9,3,77,141,2017,2,10,5,2,5,6,0,1,0,0,0,0,0,7.31412E+20,5.53644E+21,1.2225E+16,4.99355E+16
74309,9.17022E+18,9,3,77,131,2017,2,18,5,3,5,3,0,1,0,0,0,2,0,7.31371E+20,5.54416E+21,1.2229E+16,5.00048E+16
74310,9.17022E+18,9,3,75,117,2017,2,11,5,3,1,6,0,1,0,0,0,0,0,7.34144E+20,5.43224E+21,1.22013E+16,4.89986E+16
74311,9.17022E+18,9,3,71,121,2017,2,21,5,2,7,7,0,1,0,0,0,2,1,7.06987E+20,5.50037E+21,1.18659E+16,4.96204E+16
74312,9.17022E+18,9,2,71,119,2017,2,15,5,3,9,1,0,1,0,0,0,0,0,7.90299E+20,5.41987E+21,1.29586E+16,4.88638E+16
74313,9.17022E+18,9,2,75,153,2017,2,3,5,3,7,7,0,0,0,0,1,2,0,8.46844E+20,5.38526E+21,1.36981E+16,4.85245E+16
74314,9.17022E+18,9,2,74,127,2017,2,18,5,3,2,6,0,1,0,0,0,2,0,7.36195E+20,5.39658E+21,1.22088E+16,4.86775E+16
74315,9.17022E+18,9,1,90,148,2017,2,10,5,3,0,1,1,0,0,0,0,0,0,6.43126E+20,5.29695E+21,1.09117E+16,4.781E+16
74316,9.17022E+18,9,1,90,126,2017,2,7,5,3,9,3,0,1,0,0,1,1,1,6.73698E+20,5.28894E+21,1.13165E+16,4.77304E+16
74317,9.17022E+18,9,1,89,155,2017,2,17,5,3,0,7,1,0,0,0,0,1,1,7.73581E+20,5.30834E+21,1.26586E+16,4.78701E+16
74318,9.17022E+18,9,1,83,126,2017,2,16,5,3,5,3,0,1,0,0,0,0,0,7.32923E+20,5.33696E+21,1.21313E+16,4.81432E+16
74319,9.17022E+18,9,1,89,130,2017,2,14,5,3,1,6,0,1,0,0,0,0,0,7.69356E+20,5.31353E+21,1.26055E+16,4.79185E+16
74320,9.17022E+18,9,1,89,141,2017,2,13,5,3,5,3,0,1,0,1,0,0,0,7.5578E+20,5.29185E+21,1.24113E+16,4.77293E+16
74321,9.17022E+18,9,1,71,117,2017,2,6,5,3,5,3,0,1,0,0,0,0,0,7.67524E+20,5.33597E+21,1.2595E+16,4.81207E+16
74322,9.17022E+18,9,1,87,150,2017,2,13,5,3,1,6,0,1,0,0,0,0,0,7.30341E+20,5.30341E+21,1.20787E+16,4.78427E+16
74323,9.17022E+18,9,1,61,0,2017,2,13,5,3,4,2,0,1,0,1,0,0,0,6.77359E+20,5.40597E+21,1.14144E+16,4.87814E+16
74324,9.17022E+18,9,1,86,137,2017,2,13,5,3,5,3,1,1,0,0,0,0,0,6.81347E+20,5.39879E+21,1.14655E+16,4.87158E+16
74325,9.17022E+18,9,1,85,153,2017,2,18,5,3,4,6,1,1,0,0,0,2,0,6.48033E+20,5.40507E+21,1.10151E+16,4.8781E+16
74326,9.17022E+18,9,1,76,114,2017,2,14,5,2,8,1,0,1,0,0,0,0,0,6.87516E+20,5.42749E+21,1.15624E+16,4.89718E+16
74327,9.17022E+18,9,1,88,121,2017,2,13,5,3,2,6,0,1,0,0,0,0,0,6.74222E+20,5.3306E+21,1.13404E+16,4.81048E+16
74328,9.17022E+18,9,1,88,121,2017,2,7,5,2,3,7,0,1,0,0,1,0,0,6.72279E+20,5.32961E+21,1.13139E+16,4.80964E+16
74329,9.17022E+18,9,1,74,113,2017,2,7,5,3,2,6,0,1,0,0,0,0,0,6.70102E+20,5.3484E+21,1.12922E+16,4.82659E+16
74330,9.17022E+18,9,1,81,145,2017,2,9,5,3,8,7,0,0,0,0,1,0,0,6.41395E+20,5.33439E+21,1.09009E+16,4.81471E+16
74331,9.17022E+18,9,1,74,122,2017,2,9,5,3,5,3,1,0,0,0,1,0,0,6.83154E+20,5.35125E+21,1.14691E+16,4.82879E+16
74332,9.17022E+18,9,1,75,132,2017,2,10,5,3,2,6,0,0,0,0,1,0,0,7.05294E+20,5.33364E+21,1.17588E+16,4.81229E+16
74333,9.17022E+18,9,1,78,120,2017,2,11,5,3,2,5,0,1,0,0,0,0,0,6.95294E+20,5.35255E+21,1.16332E+16,4.8296E+16
74334,9.17022E+18,9,1,75,127,2017,2,5,5,3,5,3,0,1,0,0,0,2,0,7.12941E+20,5.3415E+21,1.18653E+16,4.8191E+16
74335,9.17022E+18,9,1,78,143,2017,2,10,5,3,5,3,1,1,0,0,0,0,0,7.16583E+20,5.37193E+21,1.19299E+16,4.84631E+16
74336,9.17022E+18,9,1,84,144,2017,2,22,4,2,9,1,0,1,0,0,0,2,0,6.85153E+20,5.3165E+21,1.1481E+16,4.7975E+16
74337,9.17022E+18,9,1,62,0,2017,2,19,4,3,0,7,0,0,0,0,1,1,0,6.92043E+20,5.34128E+21,1.15843E+16,4.81957E+16
74338,9.17022E+18,9,1,62,0,2017,2,19,4,3,2,6,0,1,0,0,1,2,0,6.92104E+20,5.34003E+21,1.15846E+16,4.81844E+16
74339,9.17022E+18,9,7,75,152,2017,2,15,4,2,5,3,1,1,0,0,0,0,0,5.77593E+20,5.3526E+21,1.00467E+16,4.83218E+16
74340,9.17022E+18,9,7,61,0,2017,2,11,4,3,5,2,1,1,0,0,0,0,0,6.41132E+20,5.35659E+21,1.09048E+16,4.83467E+16
74341,9.17022E+18,9,6,79,167,2017,2,15,4,2,4,1,0,1,0,0,0,0,1,5.82836E+20,5.5248E+21,1.01528E+16,4.98699E+16
74342,9.17022E+18,9,6,63,0,2017,2,14,4,3,2,6,0,1,0,0,0,0,1,5.66134E+20,5.51724E+21,9.91907E+15,4.9804E+16
74343,9.17022E+18,9,6,63,0,2017,2,16,4,3,1,6,0,1,0,0,0,0,0,5.63178E+20,5.51905E+21,9.87829E+15,4.98206E+16
74344,9.17022E+18,9,6,75,141,2017,2,17,4,3,2,6,0,1,0,0,0,1,1,5.82837E+20,5.51028E+21,1.01497E+16,4.97393E+16
74345,9.17022E+18,9,6,78,168,2017,2,17,4,3,8,7,0,1,0,0,0,1,1,5.82195E+20,5.54809E+21,1.01488E+16,5.00794E+16
74346,9.17022E+18,9,6,72,135,2017,2,9,4,2,9,1,0,1,0,0,0,0,1,5.82512E+20,5.56912E+21,1.01578E+16,5.02685E+16
74347,9.17022E+18,9,6,76,165,2017,2,13,4,3,2,7,0,1,0,0,1,0,0,5.1515E+20,5.50178E+21,9.20995E+15,4.96683E+16
74348,9.17022E+18,9,5,72,131,2017,2,12,4,3,3,6,0,1,0,0,0,0,1,6.56582E+20,5.48382E+21,1.1162E+16,4.94868E+16
74349,9.17022E+18,9,5,72,126,2017,2,14,4,3,2,6,0,1,0,0,1,0,1,6.33344E+20,5.50674E+21,1.08491E+16,4.96984E+16
74350,9.17022E+18,9,5,74,152,2017,2,12,4,3,5,3,0,1,0,0,0,0,0,6.6283E+20,5.4829E+21,1.12478E+16,4.94769E+16
74351,9.17022E+18,9,5,71,165,2017,2,17,4,3,1,6,0,1,0,0,1,2,1,6.3097E+20,5.46691E+21,1.0803E+16,4.93408E+16
74352,9.17022E+18,9,5,71,175,2017,2,14,4,3,8,1,0,1,0,0,0,0,0,6.27899E+20,5.45933E+21,1.07583E+16,4.92734E+16
74353,9.17022E+18,9,5,61,0,2017,2,13,4,3,2,6,0,1,0,0,1,0,0,6.15172E+20,5.46222E+21,1.05842E+16,4.93019E+16
74354,9.17022E+18,9,4,64,0,2017,2,6,4,2,6,4,0,1,1,0,0,2,1,7.07769E+20,5.57665E+21,1.19178E+16,5.03053E+16
74355,9.17022E+18,9,4,72,146,2017,2,19,4,3,8,1,0,1,0,0,0,2,1,6.82282E+20,5.52765E+21,1.15369E+16,4.98735E+16
74356,9.17022E+18,9,4,77,142,2017,2,16,4,3,8,1,0,1,0,0,1,0,0,6.7789E+20,5.54586E+21,1.14843E+16,5.00384E+16
74357,9.17022E+18,9,4,62,0,2017,2,16,4,3,2,6,0,1,0,0,0,0,0,6.86871E+20,5.53766E+21,1.16056E+16,4.9962E+16
74358,9.17022E+18,9,4,72,111,2017,2,6,4,2,9,1,0,1,0,0,0,2,1,6.75257E+20,5.52337E+21,1.14373E+16,4.98372E+16
74359,9.17022E+18,9,4,62,0,2017,2,11,4,3,5,3,0,1,0,0,0,0,0,6.86515E+20,5.53683E+21,1.16002E+16,4.99546E+16
74360,9.17022E+18,9,4,62,0,2017,2,18,4,3,6,2,0,1,1,0,0,2,0,6.85564E+20,5.53518E+21,1.15862E+16,4.99401E+16
74361,9.17022E+18,9,4,74,121,2017,2,17,4,3,6,2,0,1,1,0,0,2,1,6.57265E+20,5.51639E+21,1.11845E+16,4.97794E+16
74362,9.17022E+18,9,3,77,159,2017,2,22,4,2,5,3,0,1,0,0,0,2,1,7.29676E+20,5.53302E+21,1.21988E+16,4.99054E+16
74363,9.17022E+18,9,3,62,0,2017,2,16,4,3,2,6,0,1,0,0,0,0,0,7.27605E+20,5.43129E+21,1.21116E+16,4.89925E+16
74364,9.17022E+18,9,3,72,177,2017,2,14,4,3,8,1,0,1,0,0,0,0,1,7.72548E+20,5.44834E+21,1.27362E+16,4.91274E+16
74365,9.17022E+18,9,3,76,147,2017,2,10,4,3,4,6,0,1,0,0,0,0,0,7.38562E+20,5.47069E+21,1.22844E+16,4.93422E+16
74366,9.17022E+18,9,2,78,148,2017,2,7,4,3,1,1,0,1,0,0,0,0,0,7.36952E+20,5.40675E+21,1.22249E+16,4.87686E+16
74367,9.17022E+18,9,2,76,139,2017,2,12,4,2,4,6,0,1,0,0,0,0,1,8.07751E+20,5.43193E+21,1.3205E+16,4.89636E+16
74368,9.17022E+18,9,2,76,139,2017,2,11,4,2,4,6,0,1,0,0,0,0,0,8.07684E+20,5.43109E+21,1.32035E+16,4.8956E+16
74369,9.17022E+18,9,2,77,153,2017,2,7,4,3,8,1,0,1,0,0,0,0,1,7.77915E+20,5.36242E+21,1.27516E+16,4.83537E+16
74370,9.17022E+18,9,2,77,116,2017,2,7,4,3,2,6,0,1,0,0,0,0,1,7.79993E+20,5.36856E+21,1.27837E+16,4.84079E+16
74371,9.17022E+18,9,2,77,134,2017,2,17,4,3,2,6,0,1,0,0,0,1,0,7.77177E+20,5.35961E+21,1.27399E+16,4.83289E+16
74372,9.17022E+18,9,2,73,137,2017,2,23,4,3,5,3,0,1,0,0,1,2,0,7.10969E+20,5.42138E+21,1.18793E+16,4.89094E+16
74373,9.17022E+18,9,1,90,157,2017,2,13,4,3,2,6,0,1,0,0,1,0,0,6.60483E+20,5.30072E+21,1.11448E+16,4.78398E+16
74374,9.17022E+18,9,1,71,129,2017,2,16,4,2,4,6,0,1,0,0,0,0,0,7.75604E+20,5.35282E+21,1.27143E+16,4.82685E+16
74375,9.17022E+18,9,1,86,162,2017,2,20,4,3,4,2,0,1,0,0,0,2,0,6.94049E+20,5.38579E+21,1.16319E+16,4.85951E+16
74376,9.17022E+18,9,1,76,148,2017,2,14,4,3,5,3,0,1,0,0,0,0,0,6.46138E+20,5.41383E+21,1.09925E+16,4.88602E+16
74377,9.17022E+18,9,1,62,0,2017,2,7,4,3,2,6,0,1,0,0,1,0,0,6.85594E+20,5.33316E+21,1.14941E+16,4.81246E+16
74378,9.17022E+18,9,1,81,141,2017,2,7,4,3,5,3,0,1,0,0,0,0,0,6.43079E+20,5.32149E+21,1.09192E+16,4.80307E+16
74379,9.17022E+18,9,1,88,132,2017,2,16,4,3,2,6,0,1,0,0,0,0,0,6.64123E+20,5.32199E+21,1.12015E+16,4.80301E+16
74380,9.17022E+18,9,1,79,145,2017,2,10,4,1,6,4,0,0,1,0,1,0,0,6.73862E+20,5.33667E+21,1.1338E+16,4.81594E+16
74381,9.17022E+18,9,1,74,131,2017,2,19,4,3,1,6,0,1,0,0,1,2,0,6.76347E+20,5.35858E+21,1.13805E+16,4.83557E+16
74382,9.17022E+18,9,1,84,112,2017,2,16,4,3,3,6,0,1,0,0,0,0,0,7.01507E+20,5.34078E+21,1.17113E+16,4.81883E+16
74383,9.17022E+18,9,1,75,111,2017,2,15,4,3,3,6,0,1,0,0,0,0,0,7.10371E+20,5.33777E+21,1.18289E+16,4.81584E+16
74384,9.17022E+18,9,1,78,142,2017,2,8,4,2,9,1,0,1,0,0,0,0,0,7.15364E+20,5.37537E+21,1.19152E+16,4.84945E+16
74385,9.17022E+18,9,1,62,0,2017,2,16,3,3,2,6,0,1,0,0,0,0,1,6.84744E+20,5.34231E+21,1.14867E+16,4.82071E+16
74386,9.17022E+18,9,1,84,148,2017,2,19,3,3,5,2,0,1,0,0,0,2,1,6.9614E+20,5.32633E+21,1.16325E+16,4.80601E+16
74387,9.17022E+18,9,1,62,0,2017,2,14,3,3,2,7,0,1,0,0,0,0,1,6.87377E+20,5.33508E+21,1.15189E+16,4.81414E+16
74388,9.17022E+18,9,1,62,0,2017,2,18,3,2,4,2,0,1,0,0,0,2,1,6.8573E+20,5.33529E+21,1.14969E+16,4.81437E+16
74389,9.17022E+18,9,1,84,139,2017,2,18,3,3,2,6,0,1,0,0,0,1,1,6.87451E+20,5.32413E+21,1.15151E+16,4.80429E+16
74390,9.17022E+18,9,7,75,152,2017,2,15,3,3,0,1,0,0,0,0,1,0,1,5.77193E+20,5.35274E+21,1.00413E+16,4.83231E+16
74391,9.17022E+18,9,7,75,115,2017,2,15,3,2,0,4,0,1,1,0,0,0,1,5.81095E+20,5.34558E+21,1.00926E+16,4.82583E+16
74392,9.17022E+18,9,7,77,153,2017,2,19,3,3,5,3,0,1,0,0,0,2,1,6.13289E+20,5.27513E+21,1.05077E+16,4.76197E+16
74393,9.17022E+18,9,7,79,130,2017,2,10,3,3,4,6,0,1,0,0,1,0,1,6.17606E+20,5.41366E+21,1.06036E+16,4.88647E+16
74394,9.17022E+18,9,7,61,0,2017,2,15,3,3,5,3,0,1,0,1,0,0,1,6.4175E+20,5.35975E+21,1.09142E+16,4.8375E+16
74395,9.17022E+18,9,7,61,0,2017,2,6,3,3,4,2,0,1,0,0,0,1,1,6.40991E+20,5.3604E+21,1.09042E+16,4.8381E+16
74396,9.17022E+18,9,6,75,141,2017,2,7,3,3,6,2,0,1,1,0,0,0,1,5.83734E+20,5.50987E+21,1.0162E+16,4.97355E+16
74397,9.17022E+18,9,6,75,141,2017,2,8,3,2,6,4,0,0,1,0,1,0,1,5.8361E+20,5.5102E+21,1.01604E+16,4.97385E+16
74398,9.17022E+18,9,6,77,114,2017,2,15,3,3,8,1,0,1,0,0,0,0,0,5.64331E+20,5.53462E+21,9.8969E+15,4.99604E+16
74399,9.17022E+18,9,6,72,135,2017,2,15,3,2,4,1,0,1,0,0,0,0,1,5.84415E+20,5.56554E+21,1.01837E+16,5.0236E+16
74400,9.17022E+18,9,6,62,0,2017,2,13,3,3,5,3,1,1,0,0,0,0,0,5.88499E+20,5.54468E+21,1.02361E+16,5.00478E+16
74401,9.17022E+18,9,6,78,193,2017,2,5,3,3,5,3,0,1,0,0,0,2,1,5.78025E+20,5.53694E+21,1.00883E+16,4.99797E+16
74402,9.17022E+18,9,6,76,119,2017,2,12,3,2,5,3,1,1,0,0,0,0,1,5.23395E+20,5.50596E+21,9.32446E+15,4.97057E+16
74403,9.17022E+18,9,5,74,112,2017,2,14,3,3,3,6,0,1,0,0,1,0,1,6.74007E+20,5.47573E+21,1.13988E+16,4.94094E+16
74404,9.17022E+18,9,5,74,123,2017,2,7,3,3,2,6,0,1,0,0,0,0,1,6.62604E+20,5.48088E+21,1.12439E+16,4.94588E+16
74405,9.17022E+18,9,5,72,127,2017,2,20,3,3,0,1,0,1,0,0,0,2,1,6.34306E+20,5.49929E+21,1.08599E+16,4.96312E+16
74406,9.17022E+18,9,5,74,112,2017,2,8,3,3,9,1,0,1,0,0,0,0,1,6.73984E+20,5.47539E+21,1.13984E+16,4.94063E+16
74407,9.17022E+18,9,5,64,0,2017,2,6,3,3,0,1,0,1,0,1,0,2,1,6.49779E+20,5.4766E+21,1.10654E+16,4.94236E+16
74408,9.17022E+18,9,5,64,0,2017,2,7,3,3,2,6,0,1,0,0,0,0,1,6.52638E+20,5.47675E+21,1.11049E+16,4.94243E+16
74409,9.17022E+18,9,5,64,0,2017,2,5,3,3,4,2,0,1,0,1,0,2,1,6.49772E+20,5.47681E+21,1.10654E+16,4.94255E+16
74410,9.17022E+18,9,5,64,0,2017,2,15,3,3,2,6,0,1,0,0,0,0,1,6.47773E+20,5.47772E+21,1.10382E+16,4.94342E+16
74411,9.17022E+18,9,5,73,120,2017,2,10,3,3,9,1,0,0,0,0,1,0,0,6.30872E+20,5.48089E+21,1.08062E+16,4.94666E+16
74412,9.17022E+18,9,5,73,134,2017,2,7,3,3,4,2,0,1,0,0,0,0,1,6.42489E+20,5.47803E+21,1.09655E+16,4.94383E+16
74413,9.17022E+18,9,5,71,135,2017,2,20,3,3,5,3,0,1,0,0,0,2,1,6.25178E+20,5.47183E+21,1.07248E+16,4.93863E+16
74414,9.17022E+18,9,5,71,145,2017,2,7,3,3,4,2,0,1,0,0,0,1,1,5.90958E+20,5.44752E+21,1.02479E+16,4.91737E+16
74415,9.17022E+18,9,4,77,135,2017,2,20,3,3,2,6,0,1,0,0,1,2,1,6.83461E+20,5.55526E+21,1.15665E+16,5.01212E+16
74416,9.17022E+18,9,4,77,124,2017,2,8,3,3,8,1,0,1,0,0,0,0,1,6.69908E+20,5.54685E+21,1.13734E+16,5.00497E+16
74417,9.17022E+18,9,4,74,134,2017,2,16,3,3,0,7,0,1,0,0,0,0,0,6.47917E+20,5.50725E+21,1.10513E+16,4.96996E+16
74418,9.17022E+18,9,4,61,0,2017,2,7,3,3,5,3,1,1,0,0,0,0,0,6.38047E+20,5.53139E+21,1.09231E+16,4.99189E+16
74419,9.17022E+18,9,3,63,0,2017,2,16,3,3,2,6,0,1,0,0,0,0,0,7.27619E+20,5.51013E+21,1.21568E+16,4.97006E+16
74420,9.17022E+18,9,3,75,210,2017,2,6,3,3,0,7,0,1,0,0,1,2,1,7.50183E+20,5.43243E+21,1.24204E+16,4.8994E+16
74421,9.17022E+18,9,3,72,150,2017,2,11,3,3,8,1,0,0,0,0,1,0,1,7.54212E+20,5.44093E+21,1.24807E+16,4.90687E+16
74422,9.17022E+18,9,2,75,131,2017,2,21,3,3,8,1,0,1,0,0,0,2,1,8.07144E+20,5.36601E+21,1.31478E+16,4.83724E+16
74423,9.17022E+18,9,2,75,145,2017,2,13,3,3,5,3,0,1,0,0,0,0,1,8.24522E+20,5.37723E+21,1.33905E+16,4.84644E+16
74424,9.17022E+18,9,2,77,111,2017,2,16,3,3,1,5,0,1,0,0,1,0,0,7.81528E+20,5.38585E+21,1.28161E+16,4.85624E+16
74425,9.17022E+18,9,2,74,176,2017,2,16,3,3,2,6,0,1,0,0,0,0,1,7.29121E+20,5.40052E+21,1.2115E+16,4.87155E+16
74426,9.17022E+18,9,2,74,141,2017,2,7,3,2,5,3,0,1,0,0,0,0,1,7.26298E+20,5.39565E+21,1.2074E+16,4.86728E+16
74427,9.17022E+18,9,2,74,121,2017,2,1,3,3,9,1,0,1,0,0,0,2,1,7.21821E+20,5.37133E+21,1.20004E+16,4.84559E+16
74428,9.17022E+18,9,2,61,0,2017,2,7,3,3,5,3,0,1,0,0,0,0,0,7.31673E+20,5.37974E+21,1.21381E+16,4.8528E+16
74429,9.17022E+18,9,2,73,111,2017,2,21,3,2,4,6,0,1,0,0,0,2,1,7.07854E+20,5.40952E+21,1.18308E+16,4.88039E+16
74430,9.17022E+18,9,2,73,111,2017,2,11,3,3,5,3,0,1,0,0,1,0,1,7.08384E+20,5.40959E+21,1.18381E+16,4.88044E+16
74431,9.17022E+18,9,1,73,140,2017,2,18,3,3,5,2,0,1,0,0,0,2,1,6.95987E+20,5.29533E+21,1.16164E+16,4.77815E+16
74432,9.17022E+18,9,1,73,112,2017,2,11,3,2,0,7,0,1,0,0,0,0,1,6.92265E+20,5.29148E+21,1.15651E+16,4.7748E+16
74433,9.17022E+18,9,1,89,139,2017,2,15,3,3,9,1,0,1,0,0,0,0,1,7.66163E+20,5.28576E+21,1.25458E+16,4.76704E+16
74434,9.17022E+18,9,1,63,0,2017,2,8,3,3,5,3,1,1,0,0,0,0,1,7.33558E+20,5.3051E+21,1.21225E+16,4.78567E+16
74435,9.17022E+18,9,1,85,149,2017,2,5,3,3,2,6,0,1,0,0,0,2,0,6.62381E+20,5.39898E+21,1.12079E+16,4.87227E+16
74436,9.17022E+18,9,1,61,0,2017,2,14,3,3,2,6,0,1,0,0,0,0,1,6.7549E+20,5.40482E+21,1.13885E+16,4.87716E+16
74437,9.17022E+18,9,1,76,165,2017,2,16,3,3,4,2,0,1,0,1,0,0,1,6.71942E+20,5.42139E+21,1.13472E+16,4.89216E+16
74438,9.17022E+18,9,1,76,123,2017,2,5,3,3,5,3,0,1,0,0,0,2,0,6.59417E+20,5.41837E+21,1.11752E+16,4.88978E+16
74439,9.17022E+18,9,1,76,123,2017,2,10,3,3,2,6,0,1,0,0,0,0,1,6.59626E+20,5.41802E+21,1.11779E+16,4.88945E+16
74440,9.17022E+18,9,1,81,146,2017,2,13,3,3,2,7,0,0,0,0,1,0,0,6.50427E+20,5.32559E+21,1.10192E+16,4.80659E+16
74441,9.17022E+18,9,1,81,122,2017,2,12,3,3,0,3,1,1,0,0,0,0,1,6.51629E+20,5.33019E+21,1.10369E+16,4.81069E+16