OBJECTID,UIDENTSTLA,ULAND,UREGBEZ,UKREIS,UGEMEINDE,UJAHR,UMONAT,USTUNDE,UWOCHENTAG,UKATEGORIE,UART,UTYP1,IstRad,IstPKW,IstFuss,IstKrad,IstSonstig,LICHT,STRZUSTAND,LINREFX,LINREFY,XGCSWGS84,YGCSWGS84
74442,9.17022E+18,9,1,79,123,2017,2,17,3,3,5,2,1,1,0,0,0,2,1,6.76401E+20,5.33368E+21,1.13709E+16,4.81319E+16
74443,9.17022E+18,9,1,78,130,2017,2,5,3,3,4,1,0,1,0,0,0,2,0,7.02779E+20,5.3587E+21,1.1737E+16,4.83489E+16
74444,9.17022E+18,9,1,78,124,2017,2,13,3,3,9,1,0,1,0,0,0,0,1,7.04447E+20,5.36263E+21,1.17614E+16,4.83836E+16
74445,9.17022E+18,9,1,75,115,2017,2,11,3,2,8,1,0,1,0,0,0,0,1,7.16477E+20,5.33736E+21,1.19107E+16,4.81526E+16
74446,9.17022E+18,9,7,75,152,2017,2,21,2,3,9,1,0,1,0,0,0,2,1,5.80883E+20,5.3522E+21,1.0091E+16,4.83178E+16
74447,9.17022E+18,9,7,77,151,2017,2,7,2,3,5,3,0,1,0,0,0,0,0,6.17479E+20,5.2928E+21,1.05682E+16,4.77778E+16
74448,9.17022E+18,9,7,71,130,2017,2,19,2,3,3,6,0,1,0,0,0,2,1,6.43558E+20,5.3633E+21,1.09398E+16,4.84065E+16
74449,9.17022E+18,9,7,61,0,2017,2,7,2,3,2,6,0,1,0,0,0,0,1,6.3814E+20,5.36134E+21,1.0866E+16,4.83901E+16
74450,9.17022E+18,9,6,79,176,2017,2,15,2,3,8,1,0,1,0,0,0,0,0,5.697E+20,5.50625E+21,9.96666E+15,4.97047E+16
74451,9.17022E+18,9,6,77,114,2017,2,19,2,3,5,3,1,0,0,0,1,2,1,5.69634E+20,5.5365E+21,9.97118E+15,4.99768E+16
74452,9.17022E+18,9,6,78,138,2017,2,9,2,2,1,5,0,0,0,0,1,0,0,5.95743E+20,5.54142E+21,1.03364E+16,5.00174E+16
74453,9.17022E+18,9,6,74,180,2017,2,13,2,2,8,6,0,1,0,0,0,0,1,6.00699E+20,5.53992E+21,1.04052E+16,5.00031E+16
74454,9.17022E+18,9,6,72,135,2017,2,5,2,3,8,1,0,0,0,0,1,2,0,5.87059E+20,5.56862E+21,1.02215E+16,5.02633E+16
74455,9.17022E+18,9,6,78,193,2017,2,10,2,3,5,3,0,1,0,0,0,0,0,5.78649E+20,5.53701E+21,1.0097E+16,4.99803E+16
74456,9.17022E+18,9,6,76,145,2017,2,6,2,3,2,6,0,1,0,0,1,2,0,5.10765E+20,5.52091E+21,9.14972E+15,4.98405E+16
74457,9.17022E+18,9,6,61,0,2017,2,20,2,3,5,3,0,1,0,0,0,2,1,5.12956E+20,5.53426E+21,9.18063E+15,4.99605E+16
74458,9.17022E+18,9,5,72,131,2017,2,23,2,1,8,6,0,1,0,0,1,2,1,6.55192E+20,5.48481E+21,1.11432E+16,4.94961E+16
74459,9.17022E+18,9,5,74,138,2017,2,6,2,3,2,6,0,1,0,0,0,0,1,6.66736E+20,5.48758E+21,1.13037E+16,4.95179E+16
74460,9.17022E+18,9,5,76,137,2017,2,11,2,3,9,1,0,1,0,0,0,0,0,6.51758E+20,5.46311E+21,1.10875E+16,4.93018E+16
74461,9.17022E+18,9,5,76,151,2017,2,15,2,3,0,7,0,0,0,0,1,0,0,6.57291E+20,5.47058E+21,1.11665E+16,4.93676E+16
74462,9.17022E+18,9,5,72,115,2017,2,7,2,3,2,2,0,1,0,0,0,0,1,6.46441E+20,5.50172E+21,1.10287E+16,4.96502E+16
74463,9.17022E+18,9,5,72,131,2017,2,19,2,3,4,2,0,1,0,0,0,2,1,6.54499E+20,5.48495E+21,1.11337E+16,4.94975E+16
74464,9.17022E+18,9,5,74,152,2017,2,16,2,3,5,3,1,1,0,0,0,0,1,6.61279E+20,5.48308E+21,1.12265E+16,4.94789E+16
74465,9.17022E+18,9,5,74,112,2017,2,16,2,3,5,3,1,1,0,0,0,0,0,6.71473E+20,5.47368E+21,1.13631E+16,4.93917E+16
74466,9.17022E+18,9,5,74,157,2017,2,15,2,3,3,7,1,1,0,0,0,0,0,6.63783E+20,5.46977E+21,1.12556E+16,4.93586E+16
74467,9.17022E+18,9,5,63,0,2017,2,9,2,3,8,7,0,1,0,0,0,0,0,6.44083E+20,5.48025E+21,1.09882E+16,4.94578E+16
74468,9.17022E+18,9,5,77,136,2017,2,9,2,3,8,1,0,1,0,0,0,0,0,6.27063E+20,5.43813E+21,1.07401E+16,4.90829E+16
74469,9.17022E+18,9,4,64,0,2017,2,21,2,3,0,7,0,1,0,0,0,2,1,7.09937E+20,5.58053E+21,1.19504E+16,5.03394E+16
74470,9.17022E+18,9,4,76,145,2017,2,19,2,3,2,6,0,1,0,0,1,2,1,6.65024E+20,5.56643E+21,1.13137E+16,5.0227E+16
74471,9.17022E+18,9,4,76,177,2017,2,10,2,2,5,3,0,1,0,0,1,0,1,6.73138E+20,5.57251E+21,1.14301E+16,5.02793E+16
74472,9.17022E+18,9,4,77,142,2017,2,7,2,3,2,6,0,1,0,0,0,0,0,6.77325E+20,5.54785E+21,1.14773E+16,5.00565E+16
74473,9.17022E+18,9,4,74,126,2017,2,15,2,3,5,3,0,1,0,0,1,0,0,6.49357E+20,5.5053E+21,1.10705E+16,4.96817E+16
74474,9.17022E+18,9,4,61,0,2017,2,15,2,3,4,2,1,1,0,0,0,0,0,6.38004E+20,5.52868E+21,1.09215E+16,4.98946E+16
74475,9.17022E+18,9,2,71,146,2017,2,7,2,3,2,6,0,1,0,0,0,0,0,7.87595E+20,5.41271E+21,1.29168E+16,4.88008E+16
74476,9.17022E+18,9,2,63,0,2017,2,13,2,3,2,6,0,1,0,0,1,0,0,7.59568E+20,5.42026E+21,1.25407E+16,4.88809E+16
74477,9.17022E+18,9,2,71,125,2017,2,10,2,3,8,1,0,1,0,0,0,0,1,7.96879E+20,5.41486E+21,1.30445E+16,4.88157E+16
74478,9.17022E+18,9,2,75,145,2017,2,18,2,3,0,7,0,0,0,0,1,2,1,8.23429E+20,5.37663E+21,1.33753E+16,4.84595E+16
74479,9.17022E+18,9,2,75,126,2017,2,6,2,3,4,1,0,1,0,0,0,1,2,8.40253E+20,5.40028E+21,1.36214E+16,4.86628E+16
74480,9.17022E+18,9,2,77,128,2017,2,19,2,2,0,6,0,1,0,0,1,2,1,7.96733E+20,5.35262E+21,1.29982E+16,4.82572E+16
74481,9.17022E+18,9,2,77,139,2017,2,15,2,3,4,2,0,1,0,0,0,0,0,7.88532E+20,5.37127E+21,1.29007E+16,4.84284E+16
74482,9.17022E+18,9,2,77,126,2017,2,11,2,3,2,6,0,1,0,0,0,0,0,7.9364E+20,5.38541E+21,1.29795E+16,4.85529E+16
74483,9.17022E+18,9,2,72,136,2017,2,7,2,2,4,1,0,1,0,0,0,0,2,8.47104E+20,5.41078E+21,1.3723E+16,4.87531E+16
74484,9.17022E+18,9,2,72,118,2017,2,7,2,3,5,7,0,1,0,0,0,0,1,8.33988E+20,5.41727E+21,1.35504E+16,4.88185E+16
74485,9.17022E+18,9,2,72,141,2017,2,13,2,3,2,1,0,1,0,0,0,0,0,8.31284E+20,5.41161E+21,1.35091E+16,4.87692E+16
74486,9.17022E+18,9,2,74,191,2017,2,7,2,3,2,6,0,1,0,0,0,0,0,7.44985E+20,5.39156E+21,1.2325E+16,4.86291E+16
74487,9.17022E+18,9,2,74,126,2017,2,6,2,2,8,1,0,1,0,0,0,1,0,7.32166E+20,5.38536E+21,1.21479E+16,4.85782E+16
74488,9.17022E+18,9,1,90,133,2017,2,18,2,2,5,3,0,1,0,0,0,2,0,6.34403E+20,5.29627E+21,1.07951E+16,4.78057E+16
74489,9.17022E+18,9,1,80,117,2017,2,17,2,3,4,2,1,1,0,0,0,0,1,6.57276E+20,5.26247E+21,1.10882E+16,4.74967E+16
74490,9.17022E+18,9,1,80,117,2017,2,13,2,3,0,1,1,0,0,0,0,0,0,6.5748E+20,5.26396E+21,1.10914E+16,4.751E+16
74491,9.17022E+18,9,1,83,140,2017,2,7,2,3,1,6,0,1,0,0,0,0,1,7.39642E+20,5.34021E+21,1.22233E+16,4.81699E+16
74492,9.17022E+18,9,1,89,134,2017,2,15,2,3,5,3,0,1,0,0,0,0,0,7.7074E+20,5.32295E+21,1.26299E+16,4.80025E+16
74493,9.17022E+18,9,1,84,114,2017,2,10,2,3,2,6,0,0,0,0,1,0,0,6.98928E+20,5.32096E+21,1.16674E+16,4.8011E+16
74494,9.17022E+18,9,1,87,167,2017,2,20,2,3,6,2,0,1,1,0,0,2,0,7.40017E+20,5.30332E+21,1.22077E+16,4.78384E+16
74495,9.17022E+18,9,1,61,0,2017,2,21,2,3,5,3,0,1,0,1,0,2,1,6.75367E+20,5.40484E+21,1.13868E+16,4.87718E+16
74496,9.17022E+18,9,1,61,0,2017,2,15,2,2,3,2,0,1,0,1,0,0,0,6.78748E+20,5.40281E+21,1.14319E+16,4.87526E+16
74497,9.17022E+18,9,1,86,125,2017,2,19,2,3,4,6,0,1,0,0,1,2,0,6.75083E+20,5.37715E+21,1.13712E+16,4.8523E+16
74498,9.17022E+18,9,1,85,158,2017,2,18,2,3,3,6,0,1,0,0,0,2,0,6.68445E+20,5.38214E+21,1.12834E+16,4.85697E+16
74499,9.17022E+18,9,1,81,130,2017,2,6,2,3,2,6,0,1,0,0,0,2,1,6.38915E+20,5.32545E+21,1.08647E+16,4.80672E+16
74500,9.17022E+18,9,1,74,113,2017,2,10,2,2,4,1,0,1,0,0,0,0,1,6.77026E+20,5.34779E+21,1.13852E+16,4.82585E+16
74501,9.17022E+18,9,1,84,123,2017,2,2,2,3,8,7,0,1,0,0,1,2,1,7.05171E+20,5.33246E+21,1.17565E+16,4.81123E+16
74502,9.17022E+18,9,1,84,135,2017,2,16,2,3,3,6,0,1,0,0,0,0,0,6.93263E+20,5.34497E+21,1.16024E+16,4.82285E+16
74503,9.17022E+18,9,1,75,118,2017,2,7,2,3,5,2,0,1,0,0,0,0,1,7.15554E+20,5.33811E+21,1.18987E+16,4.81597E+16
74504,9.17022E+18,9,1,75,121,2017,2,18,2,1,4,6,0,1,0,0,0,1,0,7.12288E+20,5.32049E+21,1.18461E+16,4.80024E+16
74505,9.17022E+18,9,1,77,122,2017,2,9,2,3,8,1,0,1,0,0,0,0,1,7.27507E+20,5.35901E+21,1.20705E+16,4.83433E+16
74506,9.17022E+18,9,1,62,0,2017,2,18,1,3,5,2,1,1,0,0,0,2,0,6.90183E+20,5.33191E+21,1.15551E+16,4.81121E+16
74507,9.17022E+18,9,7,75,162,2017,2,12,1,3,2,6,0,1,0,0,0,0,0,5.81763E+20,5.35079E+21,1.01026E+16,4.8305E+16
74508,9.17022E+18,9,7,74,178,2017,2,0,1,2,8,1,0,0,0,0,1,2,0,6.06147E+20,5.36479E+21,1.04349E+16,4.84273E+16
74509,9.17022E+18,9,7,62,0,2017,2,16,1,2,4,2,0,1,0,0,0,0,0,6.20546E+20,5.30537E+21,1.06126E+16,4.78903E+16
74510,9.17022E+18,9,7,73,182,2017,2,2,1,3,9,7,0,1,0,0,0,2,0,6.24414E+20,5.37914E+21,1.0686E+16,4.8553E+16
74511,9.17022E+18,9,7,72,147,2017,2,20,1,3,7,7,0,1,0,0,0,2,0,6.37534E+20,5.36415E+21,1.08587E+16,4.84155E+16
74512,9.17022E+18,9,6,79,201,2017,2,7,1,3,8,1,0,1,0,0,0,0,2,5.76719E+20,5.5247E+21,1.00676E+16,4.98698E+16
74513,9.17022E+18,9,6,72,127,2017,2,8,1,3,8,1,0,0,0,0,1,0,1,5.61199E+20,5.55154E+21,9.85595E+15,5.01129E+16
74514,9.17022E+18,9,6,71,111,2017,2,14,1,3,5,3,1,1,0,0,0,0,0,5.05552E+20,5.54464E+21,9.07755E+15,5.00541E+16
74515,9.17022E+18,9,5,76,147,2017,2,6,1,3,8,1,0,1,0,0,0,2,2,6.43224E+20,5.44836E+21,1.0965E+16,4.91713E+16
74516,9.17022E+18,9,5,71,145,2017,2,3,1,3,2,6,0,1,0,0,1,2,0,5.91422E+20,5.45214E+21,1.02553E+16,4.92152E+16
74517,9.17022E+18,9,5,77,136,2017,2,9,1,3,5,3,0,1,0,0,0,0,0,6.26741E+20,5.44232E+21,1.0737E+16,4.91206E+16
74518,9.17022E+18,9,5,75,144,2017,2,13,1,3,3,2,0,1,0,0,0,0,0,6.00872E+20,5.5021E+21,1.03978E+16,4.9663E+16
74519,9.17022E+18,9,4,77,121,2017,2,16,1,3,2,6,0,1,0,0,0,0,1,6.87254E+20,5.54804E+21,1.1616E+16,5.00552E+16
74520,9.17022E+18,9,4,74,126,2017,2,5,1,3,6,4,0,1,1,0,0,2,0,6.4895E+20,5.51038E+21,1.10668E+16,4.97274E+16
74521,9.17022E+18,9,4,74,146,2017,2,10,1,3,8,1,0,1,0,0,0,0,0,6.48835E+20,5.50081E+21,1.10615E+16,4.96415E+16
74522,9.17022E+18,9,3,77,142,2017,2,11,1,3,9,7,0,1,0,0,0,0,1,7.446E+20,5.53725E+21,1.24089E+16,4.99374E+16
74523,9.17022E+18,9,3,63,0,2017,2,13,1,2,4,6,0,1,0,0,0,0,0,7.28886E+20,5.50855E+21,1.21734E+16,4.9686E+16
74524,9.17022E+18,9,3,74,149,2017,2,12,1,3,8,1,0,1,0,0,0,0,0,7.12545E+20,5.51605E+21,1.19512E+16,4.97593E+16
74525,9.17022E+18,9,2,77,149,2017,2,13,1,3,2,2,0,1,0,1,0,0,0,7.95792E+20,5.36808E+21,1.29964E+16,4.83964E+16
74526,9.17022E+18,9,2,77,138,2017,2,16,1,3,5,3,0,1,0,0,0,0,0,7.91789E+20,5.37039E+21,1.2944E+16,4.8419E+16
74527,9.17022E+18,9,2,75,141,2017,2,13,1,3,5,3,0,1,0,0,0,0,0,8.16719E+20,5.36609E+21,1.32768E+16,4.83684E+16
74528,9.17022E+18,9,2,75,124,2017,2,5,1,3,8,1,0,1,0,0,0,2,2,8.09916E+20,5.37659E+21,1.3193E+16,4.8466E+16
74529,9.17022E+18,9,2,79,127,2017,2,3,1,3,7,1,0,1,0,0,0,2,0,7.53406E+20,5.40242E+21,1.24458E+16,4.87233E+16
74530,9.17022E+18,9,1,83,140,2017,2,18,1,3,2,6,0,1,0,0,0,2,1,7.41279E+20,5.34148E+21,1.2246E+16,4.81807E+16
74531,9.17022E+18,9,1,83,128,2017,2,15,1,3,2,2,0,1,0,0,0,0,0,7.62214E+20,5.34847E+21,1.25315E+16,4.82351E+16
74532,9.17022E+18,9,1,83,138,2017,2,17,1,3,4,6,0,1,0,0,0,1,1,7.45722E+20,5.34622E+21,1.23085E+16,4.82216E+16
74533,9.17022E+18,9,1,89,162,2017,2,11,1,3,8,1,0,1,0,0,0,0,2,7.812E+20,5.31585E+21,1.27652E+16,4.79342E+16
74534,9.17022E+18,9,1,89,129,2017,2,16,1,3,4,2,0,1,0,0,0,0,0,7.59523E+20,5.2962E+21,1.24637E+16,4.77668E+16
74535,9.17022E+18,9,1,84,141,2017,2,11,1,3,2,6,0,1,0,0,0,0,0,7.00399E+20,5.31707E+21,1.16853E+16,4.79755E+16
74536,9.17022E+18,9,1,87,164,2017,2,15,1,3,4,2,0,1,0,0,0,0,0,7.35464E+20,5.32108E+21,1.21567E+16,4.79996E+16
74537,9.17022E+18,9,1,63,0,2017,2,5,1,3,0,1,1,0,0,0,0,2,2,7.33743E+20,5.30374E+21,1.21242E+16,4.78445E+16
74538,9.17022E+18,9,1,86,144,2017,2,4,1,3,9,1,0,1,0,0,0,2,1,6.8313E+20,5.38573E+21,1.14839E+16,4.85978E+16
74539,9.17022E+18,9,1,86,158,2017,2,18,1,3,4,2,0,1,0,0,0,2,0,6.93278E+20,5.40521E+21,1.16305E+16,4.87699E+16
74540,9.17022E+18,9,1,62,0,2017,2,0,1,3,3,6,0,1,0,0,0,2,0,6.81224E+20,5.33892E+21,1.14379E+16,4.81776E+16
74541,9.17022E+18,9,1,88,117,2017,2,15,1,2,8,1,0,0,0,1,0,0,0,6.64639E+20,5.319E+21,1.12073E+16,4.80031E+16
74542,9.17022E+18,9,1,74,131,2017,2,4,1,2,9,1,0,1,0,0,0,2,2,6.78126E+20,5.35866E+21,1.14046E+16,4.8356E+16
74543,9.17022E+18,9,1,74,113,2017,2,13,1,3,5,3,0,1,0,0,0,0,0,6.78981E+20,5.34277E+21,1.14094E+16,4.82129E+16
74544,9.17022E+18,9,1,74,131,2017,2,4,1,2,9,1,0,1,0,0,0,2,2,6.78126E+20,5.35866E+21,1.14046E+16,4.8356E+16
74545,9.17022E+18,9,1,74,131,2017,2,3,1,3,8,1,0,1,0,0,0,2,2,6.76701E+20,5.35761E+21,1.13849E+16,4.83469E+16
74546,9.17022E+18,9,1,75,111,2017,2,2,1,1,4,7,0,1,0,0,0,2,1,7.10935E+20,5.33796E+21,1.18366E+16,4.81598E+16
74547,9.17022E+18,9,1,78,145,2017,2,12,1,3,2,6,0,1,0,0,0,0,0,6.95769E+20,5.35587E+21,1.16412E+16,4.83257E+16
74548,9.17022E+18,9,1,77,135,2017,2,6,1,3,9,1,0,1,0,0,0,2,2,7.20521E+20,5.34389E+21,1.19684E+16,4.82099E+16
74549,9.17022E+18,9,1,84,112,2017,2,22,7,3,1,5,0,1,0,0,0,2,0,7.01721E+20,5.33943E+21,1.17136E+16,4.81761E+16
74550,9.17022E+18,9,1,84,134,2017,2,13,7,3,4,2,0,1,0,0,0,0,0,6.94265E+20,5.32334E+21,1.1606E+16,4.80338E+16
74551,9.17022E+18,9,7,75,115,2017,2,15,7,3,2,6,0,1,0,0,0,0,0,5.82684E+20,5.34698E+21,1.01143E+16,4.82706E+16
74552,9.17022E+18,9,7,78,190,2017,2,12,7,3,2,6,0,1,0,0,0,0,0,6.10217E+20,5.3294E+21,1.04807E+16,4.81083E+16
74553,9.17022E+18,9,7,78,173,2017,2,17,7,3,2,2,0,1,0,0,0,0,0,6.08172E+20,5.32208E+21,1.04513E+16,4.80428E+16
74554,9.17022E+18,9,7,80,139,2017,2,16,7,3,2,6,0,1,0,0,0,0,0,5.95764E+20,5.26255E+21,1.02718E+16,4.75093E+16
74555,9.17022E+18,9,7,80,137,2017,2,14,7,3,2,6,0,1,1,0,0,0,0,5.97081E+20,5.26989E+21,1.02909E+16,4.75751E+16
74556,9.17022E+18,9,7,72,156,2017,2,10,7,3,4,2,0,1,0,0,0,0,1,6.26047E+20,5.3702E+21,1.07054E+16,4.84723E+16
74557,9.17022E+18,9,7,61,0,2017,2,8,7,3,3,7,0,1,0,0,0,0,1,6.4335E+20,5.36066E+21,1.09361E+16,4.83828E+16
74558,9.17022E+18,9,3,75,204,2017,2,18,7,3,0,3,0,1,0,1,0,2,0,7.31254E+20,5.43492E+21,1.21634E+16,4.90237E+16
74559,9.17022E+18,9,2,74,127,2017,2,8,7,3,9,1,0,1,0,0,0,0,1,7.35099E+20,5.39592E+21,1.21936E+16,4.86721E+16
74560,9.17022E+18,9,1,89,157,2017,2,7,7,3,9,1,0,1,0,0,0,1,1,7.66814E+20,5.32497E+21,1.25786E+16,4.80222E+16
74561,9.17022E+18,9,6,78,132,2017,2,11,7,3,0,7,0,0,0,1,0,0,1,5.82275E+20,5.54596E+21,1.01495E+16,5.00602E+16
74562,9.17022E+18,9,6,75,141,2017,2,20,7,3,1,7,0,1,0,0,0,2,0,5.87057E+20,5.51509E+21,1.02093E+16,4.97819E+16
74563,9.17023E+18,9,1,90,113,2017,2,18,3,3,3,6,0,1,0,0,0,2,1,6.7461E+20,5.29141E+21,1.13297E+16,4.77524E+16
74564,9.17023E+18,9,1,90,120,2017,2,6,3,3,4,6,0,1,0,0,0,1,1,6.64099E+20,5.29598E+21,1.11913E+16,4.77962E+16
74565,9.17023E+18,9,1,71,116,2017,2,7,3,3,4,6,0,1,0,0,0,0,0,7.69264E+20,5.32986E+21,1.26145E+16,4.80651E+16
74566,9.17023E+18,9,1,71,116,2017,2,9,3,3,4,6,0,1,0,0,1,0,1,7.68078E+20,5.33226E+21,1.26001E+16,4.80872E+16
74567,9.17023E+18,9,1,87,120,2017,2,14,3,3,0,1,1,0,0,0,0,0,0,7.32982E+20,5.29138E+21,1.21075E+16,4.77337E+16
74568,9.17023E+18,9,1,61,0,2017,2,18,3,2,6,2,0,1,1,0,0,2,1,6.78845E+20,5.40579E+21,1.14345E+16,4.87794E+16
74569,9.17023E+18,9,1,61,0,2017,2,18,3,3,2,6,0,1,0,0,0,1,1,6.75037E+20,5.40523E+21,1.13825E+16,4.87754E+16
74570,9.17023E+18,9,1,85,158,2017,2,19,3,3,5,3,0,1,0,0,0,2,0,6.67242E+20,5.38059E+21,1.12665E+16,4.85561E+16
74571,9.17023E+18,9,1,85,125,2017,2,19,3,2,8,1,0,1,0,0,0,2,1,6.46944E+20,5.39612E+21,1.09971E+16,4.87008E+16
74572,9.17023E+18,9,1,61,0,2017,2,12,3,3,2,6,1,0,0,0,1,0,0,6.78845E+20,5.40576E+21,1.14345E+16,4.87791E+16
74573,9.17023E+18,9,1,86,139,2017,2,13,3,3,8,1,0,1,0,0,0,0,0,6.96584E+20,5.4052E+21,1.16755E+16,4.87687E+16
74574,9.17023E+18,9,7,75,152,2017,2,19,3,3,5,6,0,1,0,0,0,2,0,5.80771E+20,5.35262E+21,1.00896E+16,4.83216E+16
74575,9.17023E+18,9,7,75,152,2017,2,20,3,3,1,2,0,1,0,0,0,2,1,5.76698E+20,5.35416E+21,1.00349E+16,4.83359E+16
74576,9.17023E+18,9,7,78,136,2017,2,6,3,3,4,6,0,1,0,0,0,1,2,6.0286E+20,5.32245E+21,1.03802E+16,4.8047E+16
74577,9.17023E+18,9,7,77,135,2017,2,11,3,3,8,1,0,1,0,0,0,0,2,6.23333E+20,5.27608E+21,1.06416E+16,4.76264E+16
74578,9.17023E+18,9,7,80,117,2017,2,10,3,3,8,6,0,1,0,0,0,0,2,5.94224E+20,5.28456E+21,1.02561E+16,4.77075E+16
74579,9.17023E+18,9,7,80,140,2017,2,6,3,3,4,2,0,1,0,0,0,1,2,5.99716E+20,5.28205E+21,1.03287E+16,4.76842E+16
74580,9.17023E+18,9,7,80,140,2017,2,11,3,3,8,1,0,1,0,0,0,0,2,6.02838E+20,5.27605E+21,1.03689E+16,4.76297E+16
74581,9.17023E+18,9,7,72,147,2017,2,19,3,3,9,1,0,1,0,0,0,2,1,6.38447E+20,5.36751E+21,1.08722E+16,4.84455E+16
74582,9.17023E+18,9,7,72,111,2017,2,7,3,3,8,7,0,1,0,0,0,0,1,6.25693E+20,5.36422E+21,1.06988E+16,4.84186E+16
74583,9.17023E+18,9,7,72,200,2017,2,8,3,3,9,6,0,1,0,0,0,0,1,6.27792E+20,5.33971E+21,1.07197E+16,4.81978E+16
74584,9.17023E+18,9,7,71,130,2017,2,17,3,3,5,3,0,1,0,0,0,2,1,6.45894E+20,5.35784E+21,1.09695E+16,4.83568E+16
74585,9.17023E+18,9,7,71,112,2017,2,7,3,3,8,1,0,1,0,0,0,1,2,6.50143E+20,5.36976E+21,1.10311E+16,4.84631E+16
74586,9.17023E+18,9,6,77,154,2017,2,16,3,3,2,6,0,1,0,0,1,0,1,5.41747E+20,5.51957E+21,9.58043E+15,4.98271E+16
74587,9.17023E+18,9,6,77,155,2017,2,11,3,2,5,3,0,1,0,0,0,0,0,5.42609E+20,5.53462E+21,9.59409E+15,4.99624E+16
74588,9.17023E+18,9,6,76,112,2017,2,13,3,3,0,7,1,0,0,0,0,0,0,5.16101E+20,5.4992E+21,9.22303E+15,4.96452E+16
74589,9.17023E+18,9,5,75,152,2017,2,18,3,3,7,7,0,1,0,0,1,2,1,6.17915E+20,5.47957E+21,1.06271E+16,4.94573E+16
74590,9.17023E+18,9,5,61,0,2017,2,15,3,3,0,2,0,0,0,0,1,0,1,6.14519E+20,5.46076E+21,1.05748E+16,4.92888E+16
74591,9.17023E+18,9,4,63,0,2017,2,18,3,3,5,3,0,1,0,0,0,2,1,6.40245E+20,5.56744E+21,1.09669E+16,5.02424E+16
74592,9.17023E+18,9,4,77,121,2017,2,12,3,3,9,1,0,1,0,0,0,0,0,6.87346E+20,5.54817E+21,1.16173E+16,5.00563E+16
74593,9.17023E+18,9,4,77,163,2017,2,21,3,2,8,7,0,1,0,0,0,2,1,6.86127E+20,5.55306E+21,1.16027E+16,5.01006E+16
74594,9.17023E+18,9,4,71,195,2017,2,9,3,3,9,1,0,1,0,0,0,0,0,6.39534E+20,5.52617E+21,1.09419E+16,4.98717E+16
74595,9.17023E+18,9,4,74,156,2017,2,11,3,3,0,1,0,1,0,0,0,0,0,6.67315E+20,5.50666E+21,1.13198E+16,4.96892E+16
74596,9.17023E+18,9,1,81,145,2017,2,9,3,3,8,1,0,0,0,0,1,0,1,6.49521E+20,5.32905E+21,1.10082E+16,4.80972E+16
74597,9.17023E+18,9,1,81,137,2017,2,8,3,3,2,2,0,1,0,0,0,0,1,6.47302E+20,5.30766E+21,1.09711E+16,4.79053E+16
74598,9.17023E+18,9,1,74,126,2017,2,13,3,3,5,3,1,1,0,0,0,0,1,6.83681E+20,5.34395E+21,1.14731E+16,4.82221E+16
74599,9.17023E+18,9,1,78,123,2017,2,15,3,3,6,4,0,1,1,0,0,0,1,6.85957E+20,5.36054E+21,1.1511E+16,4.83706E+16
74600,9.17023E+18,9,4,61,0,2017,2,17,3,3,5,2,0,1,0,0,0,1,1,6.37881E+20,5.52945E+21,1.092E+16,4.99015E+16
74601,9.17023E+18,9,3,62,0,2017,2,20,3,2,5,2,1,0,0,0,1,1,1,7.27523E+20,5.43402E+21,1.2112E+16,4.9017E+16
74602,9.17023E+18,9,3,76,163,2017,2,6,3,3,4,6,0,1,0,0,0,2,0,7.29464E+20,5.47361E+21,1.21611E+16,4.93719E+16
74603,9.17023E+18,9,3,76,119,2017,2,20,3,3,0,7,0,1,0,0,0,2,0,7.2112E+20,5.4527E+21,1.20347E+16,4.91872E+16
74604,9.17023E+18,9,2,76,139,2017,2,15,3,3,9,1,0,1,0,0,0,0,2,8.04844E+20,5.42909E+21,1.31633E+16,4.89395E+16
74605,9.17023E+18,9,2,75,159,2017,2,13,3,3,2,1,0,1,0,0,0,0,2,8.16117E+20,5.39655E+21,1.32918E+16,4.86419E+16
74606,9.17023E+18,9,2,72,150,2017,2,12,3,3,4,1,0,1,0,0,0,0,2,8.1634E+20,5.41242E+21,1.33069E+16,4.87842E+16
74607,9.17023E+18,9,2,77,111,2017,2,19,3,3,6,4,0,0,1,0,1,2,1,7.81687E+20,5.38575E+21,1.28181E+16,4.85615E+16
74608,9.17023E+18,9,2,61,0,2017,2,12,3,3,5,3,0,1,0,0,0,0,1,7.31976E+20,5.38095E+21,1.21428E+16,4.85387E+16
74609,9.17023E+18,9,2,73,159,2017,2,11,3,2,8,1,0,1,0,0,0,0,0,7.05102E+20,5.43147E+21,1.18044E+16,4.90021E+16
74610,9.17023E+18,9,1,75,124,2017,2,8,3,3,5,3,0,1,0,0,0,0,1,7.15048E+20,5.32866E+21,1.18872E+16,4.80749E+16
74611,9.17023E+18,9,1,84,130,2017,2,10,2,3,0,7,0,1,0,0,1,0,0,6.9949E+20,5.34577E+21,1.16866E+16,4.82338E+16
74612,9.17023E+18,9,1,62,0,2017,2,10,2,2,3,6,0,1,0,0,1,2,0,6.8854E+20,5.33451E+21,1.15343E+16,4.81359E+16
74613,9.17023E+18,9,7,80,119,2017,2,19,2,3,4,6,0,1,0,0,0,2,0,5.98722E+20,5.29662E+21,1.03187E+16,4.78154E+16
74614,9.17023E+18,9,7,80,137,2017,2,16,2,3,4,6,0,1,0,0,1,0,0,6.0034E+20,5.27406E+21,1.03352E+16,4.76122E+16