OBJECTID,UIDENTSTLA,ULAND,UREGBEZ,UKREIS,UGEMEINDE,UJAHR,UMONAT,USTUNDE,UWOCHENTAG,UKATEGORIE,UART,UTYP1,IstRad,IstPKW,IstFuss,IstKrad,IstSonstig,LICHT,STRZUSTAND,LINREFX,LINREFY,XGCSWGS84,YGCSWGS84
74960,9.1703E+18,9,5,61,0,2017,3,13,7,3,2,6,0,1,0,0,0,0,0,6.13316E+20,5.4632E+21,1.0559E+16,4.93111E+16
74961,9.17031E+18,9,4,76,145,2017,3,17,2,3,5,3,0,1,0,0,0,0,1,6.68654E+20,5.5675E+21,1.1365E+16,5.02356E+16
74962,9.1703E+18,9,4,73,158,2017,3,12,7,1,8,1,0,0,0,1,0,0,0,6.22817E+20,5.579E+21,1.07263E+16,5.03503E+16
74963,9.1703E+18,9,4,77,136,2017,3,13,7,2,5,2,0,1,0,1,0,0,0,6.71067E+20,5.55268E+21,1.13921E+16,5.01017E+16
74964,9.1703E+18,9,4,62,0,2017,3,9,7,3,0,1,0,0,0,1,0,0,0,6.8677E+20,5.5339E+21,1.16024E+16,4.99282E+16
74965,9.1703E+18,9,4,71,185,2017,3,11,7,3,4,2,0,1,0,1,0,0,0,6.45677E+20,5.53795E+21,1.10318E+16,4.99761E+16
74966,9.1703E+18,9,4,71,159,2017,3,15,7,2,5,3,1,1,0,0,0,0,0,6.40877E+20,5.53356E+21,1.09632E+16,4.99378E+16
74967,9.1703E+18,9,4,71,140,2017,3,9,7,3,2,6,0,1,0,0,0,0,0,6.34553E+20,5.53199E+21,1.08746E+16,4.99251E+16
74968,9.1703E+18,9,3,63,0,2017,3,16,7,3,0,1,1,0,0,0,0,0,0,7.27857E+20,5.50969E+21,1.21598E+16,4.96966E+16
74969,9.1703E+18,9,3,73,153,2017,3,12,7,3,2,6,0,1,0,0,0,0,0,6.84339E+20,5.46529E+21,1.15363E+16,4.93125E+16
74970,9.1703E+18,9,3,72,167,2017,3,16,7,2,2,2,0,0,0,1,0,0,0,7.46671E+20,5.44878E+21,1.23824E+16,4.91422E+16
74971,9.1703E+18,9,3,72,153,2017,3,11,7,3,0,7,1,0,0,0,0,0,0,7.572E+20,5.45451E+21,1.25302E+16,4.91894E+16
74972,9.1703E+18,9,3,62,0,2017,3,12,7,3,5,2,1,1,0,0,0,0,0,7.2762E+20,5.43492E+21,1.21138E+16,4.90251E+16
74973,9.1703E+18,9,3,72,151,2017,3,2,7,3,8,1,0,1,0,0,0,2,0,7.8219E+20,5.46024E+21,1.28764E+16,4.92298E+16
74974,9.1703E+18,9,2,78,146,2017,3,12,7,2,5,3,1,1,0,0,0,0,0,7.60531E+20,5.40691E+21,1.25453E+16,4.87606E+16
74975,9.1703E+18,9,2,78,118,2017,3,10,7,3,2,6,0,1,0,0,0,0,0,7.69871E+20,5.42412E+21,1.26834E+16,4.89111E+16
74976,9.1703E+18,9,2,71,151,2017,3,10,7,3,5,3,0,1,0,0,0,0,0,7.79255E+20,5.41231E+21,1.28032E+16,4.8801E+16
74977,9.1703E+18,9,2,62,0,2017,3,6,7,3,9,6,0,1,0,0,0,0,0,8.29562E+20,5.39034E+21,1.34688E+16,4.85794E+16
74978,9.1703E+18,9,2,74,184,2017,3,11,7,3,2,2,0,1,0,0,0,0,0,7.5015E+20,5.3748E+21,1.23849E+16,4.84765E+16
74979,9.1703E+18,9,1,84,132,2017,3,11,7,3,2,6,0,1,0,0,0,0,0,6.84564E+20,5.3266E+21,1.14774E+16,4.80659E+16
74980,9.1703E+18,9,1,90,157,2017,3,14,7,2,2,6,0,1,0,1,0,0,0,6.57111E+20,5.30191E+21,1.11002E+16,4.78513E+16
74981,9.1703E+18,9,1,90,114,2017,3,18,7,2,4,2,0,0,0,1,1,1,0,6.33366E+20,5.2885E+21,1.07788E+16,4.77361E+16
74982,9.1703E+18,9,1,90,141,2017,3,15,7,3,4,2,1,1,0,0,0,0,0,6.80006E+20,5.29295E+21,1.14023E+16,4.77647E+16
74983,9.1703E+18,9,1,80,119,2017,3,13,7,2,5,3,0,1,0,1,0,0,0,6.71464E+20,5.28242E+21,1.12842E+16,4.76724E+16
74984,9.1703E+18,9,1,83,145,2017,3,12,7,2,0,1,0,0,0,1,0,0,0,7.58248E+20,5.33524E+21,1.24701E+16,4.8118E+16
74985,9.1703E+18,9,1,72,118,2017,3,16,7,3,4,2,0,1,0,0,0,0,0,7.9878E+20,5.30677E+21,1.29937E+16,4.78447E+16
74986,9.1703E+18,9,1,71,121,2017,3,15,7,2,5,3,0,1,0,1,0,0,0,7.75138E+20,5.34328E+21,1.27018E+16,4.81831E+16
74987,9.1703E+18,9,1,87,131,2017,3,11,7,3,2,6,0,1,0,0,0,0,0,7.35766E+20,5.28982E+21,1.21437E+16,4.77187E+16
74988,9.1703E+18,9,1,82,114,2017,3,16,7,3,2,2,0,1,0,1,0,0,0,7.22129E+20,5.29428E+21,1.19644E+16,4.77636E+16
74989,9.1703E+18,9,1,87,156,2017,3,10,7,2,2,6,0,1,0,0,0,0,0,7.36163E+20,5.29256E+21,1.21505E+16,4.77432E+16
74990,9.1703E+18,9,1,87,179,2017,3,9,7,3,9,1,0,0,0,1,0,0,1,7.20425E+20,5.31864E+21,1.19541E+16,4.7983E+16
74991,9.1703E+18,9,1,76,131,2017,3,11,7,2,4,2,0,1,0,0,1,0,0,6.80653E+20,5.41003E+21,1.1461E+16,4.88169E+16
74992,9.1703E+18,9,1,76,120,2017,3,6,7,3,2,1,0,1,0,0,0,0,0,6.80319E+20,5.42269E+21,1.1462E+16,4.89309E+16
74993,9.1703E+18,9,1,85,127,2017,3,18,7,3,2,6,0,1,0,0,0,2,0,6.57216E+20,5.39319E+21,1.11355E+16,4.8672E+16
74994,9.1703E+18,9,1,85,139,2017,3,16,7,3,2,6,0,1,0,1,0,0,0,6.67107E+20,5.39586E+21,1.12709E+16,4.86934E+16
74995,9.1703E+18,9,1,76,114,2017,3,0,7,3,8,1,0,1,0,0,0,2,0,6.81041E+20,5.42636E+21,1.14735E+16,4.89636E+16
74996,9.1703E+18,9,1,79,117,2017,3,17,7,3,8,1,0,1,0,0,0,1,0,6.62705E+20,5.34459E+21,1.11911E+16,4.82337E+16
74997,9.1703E+18,9,1,79,142,2017,3,8,7,3,2,6,0,1,0,0,0,0,0,6.73188E+20,5.34143E+21,1.13309E+16,4.82024E+16
74998,9.1703E+18,9,1,81,128,2017,3,15,7,3,5,2,0,1,0,0,0,0,0,6.38561E+20,5.32702E+21,1.08605E+16,4.80814E+16
74999,9.1703E+18,9,1,74,143,2017,3,12,7,2,5,3,1,1,0,0,0,0,0,6.71412E+20,5.35306E+21,1.13117E+16,4.83075E+16
75000,9.1703E+18,9,1,77,113,2017,3,19,7,2,8,1,0,0,0,1,0,2,0,7.18088E+20,5.35338E+21,1.19406E+16,4.8296E+16
75001,9.1703E+18,9,1,75,118,2017,3,15,7,3,3,6,1,0,0,0,0,0,0,7.14775E+20,5.33943E+21,1.18889E+16,4.81717E+16
75002,9.1703E+18,9,1,78,123,2017,3,12,7,3,5,3,1,1,0,0,0,0,0,6.89127E+20,5.35878E+21,1.1553E+16,4.83539E+16
75003,9.1703E+18,9,1,78,123,2017,3,15,7,2,8,1,0,0,0,1,0,0,0,6.86087E+20,5.36134E+21,1.15131E+16,4.83777E+16
75004,9.1703E+18,9,1,78,125,2017,3,9,7,2,0,1,0,0,0,1,0,0,0,7.17331E+20,5.38149E+21,1.1945E+16,4.85488E+16
75005,9.1703E+18,9,1,84,145,2017,3,8,6,2,0,1,0,0,0,1,0,0,0,6.9596E+20,5.32482E+21,1.16294E+16,4.80465E+16
75006,9.1703E+18,9,1,84,148,2017,3,13,6,2,5,3,1,1,0,0,0,0,0,6.95611E+20,5.32631E+21,1.16254E+16,4.80601E+16
75007,9.1703E+18,9,1,62,0,2017,3,14,6,3,2,6,0,1,0,0,0,0,0,7.00129E+20,5.3329E+21,1.16891E+16,4.81179E+16
75008,9.1703E+18,9,1,84,132,2017,3,13,6,3,5,3,1,1,0,0,0,0,0,6.80765E+20,5.32244E+21,1.14247E+16,4.80297E+16
75009,9.1703E+18,9,1,62,0,2017,3,14,6,3,3,6,0,1,0,0,0,0,0,6.93584E+20,5.33957E+21,1.16043E+16,4.81799E+16
75010,9.1703E+18,9,7,78,196,2017,3,13,6,3,3,2,1,1,0,0,0,0,0,5.99842E+20,5.31808E+21,1.03387E+16,4.80082E+16
75011,9.1703E+18,9,7,64,0,2017,3,9,6,3,5,2,1,1,0,0,0,0,0,5.87835E+20,5.31679E+21,1.01774E+16,4.79984E+16
75012,9.1703E+18,9,7,76,131,2017,3,8,6,3,4,6,0,1,0,0,0,0,0,5.68761E+20,5.27891E+21,9.91579E+15,4.766E+16
75013,9.1703E+18,9,7,73,188,2017,3,6,6,2,5,3,0,1,0,0,0,0,0,6.18124E+20,5.3774E+21,1.06003E+16,4.85386E+16
75014,9.1703E+18,9,7,72,223,2017,3,11,6,3,2,3,0,1,0,0,0,0,0,6.18437E+20,5.36309E+21,1.06005E+16,4.84099E+16
75015,9.1703E+18,9,7,61,0,2017,3,17,6,3,0,1,0,1,0,0,0,0,0,6.41705E+20,5.36372E+21,1.09149E+16,4.84107E+16
75016,9.1703E+18,9,7,72,159,2017,3,13,6,3,4,2,0,1,0,0,0,0,0,6.26022E+20,5.36125E+21,1.07024E+16,4.83918E+16
75017,9.1703E+18,9,6,63,0,2017,3,19,6,3,1,2,0,1,0,0,0,2,0,5.68651E+20,5.51331E+21,9.95335E+15,4.97683E+16
75018,9.1703E+18,9,6,75,147,2017,3,9,6,2,5,2,0,1,0,1,0,0,0,5.82817E+20,5.50258E+21,1.01478E+16,4.96701E+16
75019,9.1703E+18,9,6,72,139,2017,3,15,6,3,2,6,0,1,0,0,0,0,0,5.69198E+20,5.56117E+21,9.96956E+15,5.01987E+16
75020,9.1703E+18,9,6,78,193,2017,3,15,6,2,8,1,0,1,0,0,0,0,0,5.79491E+20,5.53763E+21,1.01088E+16,4.99857E+16
75021,9.1703E+18,9,5,72,135,2017,3,17,6,3,0,1,0,1,0,1,0,0,0,6.30258E+20,5.50781E+21,1.08067E+16,4.97087E+16
75022,9.1703E+18,9,5,72,114,2017,3,5,6,3,5,3,0,1,0,1,0,2,0,6.33068E+20,5.49336E+21,1.08407E+16,4.95782E+16
75023,9.1703E+18,9,5,62,0,2017,3,15,6,3,4,2,1,1,0,0,0,0,0,6.43102E+20,5.49587E+21,1.09804E+16,4.95985E+16
75024,9.1703E+18,9,5,72,131,2017,3,15,6,3,0,2,0,0,0,1,0,0,0,6.57367E+20,5.4919E+21,1.11761E+16,4.95592E+16
75025,9.1703E+18,9,5,76,128,2017,3,11,6,3,9,6,0,0,0,0,1,0,0,6.39853E+20,5.46062E+21,1.0923E+16,4.92823E+16
75026,9.1703E+18,9,5,64,0,2017,3,20,6,3,2,6,0,1,0,0,0,2,0,6.45972E+20,5.48105E+21,1.10146E+16,4.94645E+16
75027,9.1703E+18,9,5,64,0,2017,3,3,6,2,9,1,0,1,0,0,0,2,0,6.54973E+20,5.48217E+21,1.11392E+16,4.94724E+16
75028,9.1703E+18,9,5,64,0,2017,3,10,6,3,2,6,0,1,0,0,0,0,0,6.52143E+20,5.48174E+21,1.11E+16,4.94692E+16
75029,9.1703E+18,9,5,64,0,2017,3,17,6,3,2,6,0,1,0,0,0,0,0,6.52761E+20,5.47769E+21,1.11069E+16,4.94327E+16
75030,9.1703E+18,9,5,73,126,2017,3,12,6,3,5,2,0,1,0,0,0,0,0,6.35703E+20,5.48288E+21,1.08736E+16,4.94834E+16
75031,9.1703E+18,9,5,75,125,2017,3,22,6,2,5,3,0,1,0,0,0,2,0,6.21578E+20,5.49821E+21,1.06834E+16,4.96242E+16
75032,9.1703E+18,9,5,71,178,2017,3,11,6,3,5,3,0,1,0,0,0,0,0,6.30911E+20,5.45274E+21,1.07975E+16,4.92134E+16
75033,9.1703E+18,9,5,71,136,2017,3,15,6,3,5,3,1,1,0,0,0,0,0,5.96985E+20,5.43576E+21,1.03278E+16,4.9067E+16
75034,9.1703E+18,9,5,61,0,2017,3,11,6,3,1,5,0,1,0,0,0,0,0,6.14658E+20,5.46253E+21,1.05773E+16,4.93048E+16
75035,9.1703E+18,9,4,75,113,2017,3,21,6,3,0,7,0,1,0,0,0,2,1,6.97896E+20,5.58252E+21,1.17824E+16,5.03614E+16
75036,9.1703E+18,9,4,75,162,2017,3,4,6,3,9,1,0,1,0,0,0,2,2,7.13753E+20,5.56977E+21,1.19979E+16,5.02414E+16
75037,9.1703E+18,9,4,76,164,2017,3,7,6,2,8,1,0,1,0,0,0,1,2,6.6694E+20,5.58537E+21,1.13489E+16,5.03967E+16
75038,9.1703E+18,9,4,77,129,2017,3,5,6,3,8,1,0,1,0,0,0,2,2,6.85581E+20,5.55913E+21,1.1598E+16,5.01553E+16
75039,9.1703E+18,9,4,61,0,2017,3,11,6,3,1,7,0,1,0,0,0,0,0,6.35662E+20,5.52933E+21,1.08891E+16,4.9901E+16
75040,9.1703E+18,9,3,75,180,2017,3,10,6,3,0,7,0,1,0,0,0,0,0,7.22899E+20,5.43211E+21,1.20478E+16,4.90016E+16
75041,9.1703E+18,9,3,72,171,2017,3,19,6,1,9,1,0,1,0,0,0,2,0,7.64678E+20,5.47978E+21,1.26493E+16,4.9413E+16
75042,9.1703E+18,9,3,75,209,2017,3,15,6,3,0,2,0,0,0,1,0,0,0,7.4921E+20,5.43644E+21,1.24095E+16,4.90305E+16
75043,9.1703E+18,9,3,72,116,2017,3,14,6,1,3,6,0,0,0,1,1,0,0,7.67783E+20,5.45696E+21,1.26767E+16,4.92069E+16
75044,9.1703E+18,9,3,71,131,2017,3,20,6,3,8,7,0,1,0,0,0,2,0,6.95971E+20,5.47801E+21,1.17024E+16,4.94232E+16
75045,9.1703E+18,9,3,71,131,2017,3,10,6,2,8,6,0,1,0,0,1,0,0,6.98242E+20,5.47734E+21,1.17334E+16,4.94164E+16
75046,9.1703E+18,9,2,78,118,2017,3,17,6,3,2,6,0,1,0,0,0,1,0,7.77736E+20,5.42356E+21,1.27902E+16,4.89027E+16
75047,9.1703E+18,9,2,71,125,2017,3,4,6,3,2,6,0,0,0,0,1,2,0,8.02768E+20,5.40661E+21,1.31184E+16,4.87388E+16
75048,9.1703E+18,9,2,78,113,2017,3,7,6,2,0,6,0,1,0,0,0,1,0,7.68564E+20,5.42217E+21,1.26644E+16,4.88942E+16
75049,9.1703E+18,9,2,75,137,2017,3,11,6,2,3,6,1,0,0,0,1,0,0,8.42784E+20,5.38817E+21,1.36457E+16,4.85528E+16
75050,9.1703E+18,9,2,75,126,2017,3,7,6,3,0,7,0,1,0,0,1,0,0,8.43069E+20,5.39684E+21,1.36567E+16,4.86304E+16
75051,9.1703E+18,9,2,75,159,2017,3,21,6,2,6,4,0,1,1,0,0,2,0,8.10969E+20,5.39446E+21,1.32205E+16,4.86258E+16
75052,9.1703E+18,9,2,75,160,2017,3,11,6,3,2,6,0,1,0,0,0,0,0,8.23915E+20,5.40454E+21,1.34036E+16,4.87096E+16
75053,9.1703E+18,9,2,75,151,2017,3,15,6,3,8,1,0,0,0,1,0,0,0,8.2081E+20,5.39384E+21,1.33532E+16,4.86153E+16
75054,9.1703E+18,9,2,61,0,2017,3,6,6,3,5,3,0,1,0,0,0,0,0,7.32088E+20,5.38198E+21,1.21449E+16,4.85479E+16
75055,9.1703E+18,9,1,90,157,2017,3,16,6,2,5,3,0,1,0,0,0,0,0,6.63902E+20,5.29886E+21,1.11897E+16,4.78222E+16
75056,9.1703E+18,9,1,73,133,2017,3,15,6,2,4,1,0,0,0,1,0,0,0,6.77012E+20,5.27817E+21,1.13563E+16,4.76327E+16
75057,9.1703E+18,9,1,73,133,2017,3,15,6,3,9,1,0,1,0,0,0,0,0,6.78898E+20,5.28193E+21,1.1383E+16,4.7666E+16
75058,9.1703E+18,9,1,89,119,2017,3,0,6,3,8,1,0,1,0,0,0,2,0,7.64812E+20,5.30329E+21,1.25385E+16,4.78284E+16
75059,9.1703E+18,9,1,89,145,2017,3,14,6,3,2,6,0,1,0,0,0,0,0,7.77305E+20,5.30396E+21,1.27055E+16,4.78291E+16
75060,9.1703E+18,9,1,83,148,2017,3,12,6,3,5,3,0,1,0,0,0,0,0,7.54125E+20,5.345E+21,1.24207E+16,4.82073E+16
75061,9.1703E+18,9,1,89,111,2017,3,12,6,3,2,1,0,1,0,0,0,0,0,7.60265E+20,5.32297E+21,1.24897E+16,4.8007E+16
75062,9.1703E+18,9,1,89,154,2017,3,21,6,3,2,1,0,1,0,0,0,2,0,7.65371E+20,5.32011E+21,1.25563E+16,4.79792E+16
75063,9.1703E+18,9,1,89,159,2017,3,10,6,3,0,1,1,0,0,0,0,0,0,7.60649E+20,5.30295E+21,1.24827E+16,4.7827E+16
75064,9.1703E+18,9,1,84,148,2017,3,12,6,3,2,6,0,1,0,0,0,0,0,6.93347E+20,5.32888E+21,1.15962E+16,4.80838E+16
75065,9.1703E+18,9,1,82,133,2017,3,19,6,3,2,6,0,1,0,0,0,2,0,7.05498E+20,5.30709E+21,1.17488E+16,4.78843E+16
75066,9.1703E+18,9,1,87,174,2017,3,20,6,3,8,1,0,1,0,0,0,2,0,7.40287E+20,5.30977E+21,1.22149E+16,4.78962E+16
75067,9.1703E+18,9,1,87,139,2017,3,8,6,3,0,7,0,0,0,1,0,0,0,7.45091E+20,5.3163E+21,1.22828E+16,4.79531E+16
75068,9.1703E+18,9,1,76,126,2017,3,22,6,3,5,2,0,1,0,0,0,2,0,6.74915E+20,5.40689E+21,1.13815E+16,4.87904E+16
75069,9.1703E+18,9,1,61,0,2017,3,18,6,3,2,6,0,1,0,1,0,2,0,6.81347E+20,5.40223E+21,1.1467E+16,4.87466E+16
75070,9.1703E+18,9,1,76,126,2017,3,15,6,3,1,6,0,1,0,0,0,0,0,6.7223E+20,5.40625E+21,1.13447E+16,4.87854E+16
75071,9.1703E+18,9,1,86,137,2017,3,17,6,3,8,1,0,1,0,0,0,0,0,6.85568E+20,5.3969E+21,1.15219E+16,4.86975E+16
75072,9.1703E+18,9,1,86,143,2017,3,19,6,3,3,6,1,1,0,0,0,2,0,6.88958E+20,5.37702E+21,1.15589E+16,4.85179E+16
75073,9.1703E+18,9,1,85,149,2017,3,13,6,2,2,6,0,1,0,0,1,0,0,6.60234E+20,5.39766E+21,1.11782E+16,4.87113E+16
75074,9.1703E+18,9,1,79,142,2017,3,12,6,3,4,6,0,1,0,0,0,0,0,6.70582E+20,5.34075E+21,1.12956E+16,4.8197E+16
75075,9.1703E+18,9,1,81,144,2017,3,14,6,3,2,6,0,1,0,0,0,0,0,6.55564E+20,5.32171E+21,1.10867E+16,4.80298E+16
75076,9.1703E+18,9,1,84,129,2017,3,7,6,2,3,6,0,1,0,0,1,0,0,7.01186E+20,5.32634E+21,1.17002E+16,4.80586E+16
75077,9.1703E+18,9,1,78,116,2017,3,11,6,2,2,1,0,1,0,0,0,0,0,7.03547E+20,5.37868E+21,1.17571E+16,4.85281E+16
75078,9.1703E+18,9,1,78,124,2017,3,23,6,3,8,1,0,1,0,0,0,2,0,7.04324E+20,5.36259E+21,1.17597E+16,4.83833E+16
75079,9.1703E+18,9,1,77,130,2017,3,9,6,2,5,3,1,1,0,0,0,0,0,7.11107E+20,5.35003E+21,1.18449E+16,4.82683E+16
75080,9.1703E+18,9,1,62,0,2017,3,17,5,3,5,2,0,1,0,0,0,2,0,6.91314E+20,5.33113E+21,1.157E+16,4.81047E+16
75081,9.1703E+18,9,1,84,135,2017,3,8,5,3,0,7,1,0,0,0,0,0,0,6.89487E+20,5.34749E+21,1.15528E+16,4.82522E+16
75082,9.1703E+18,9,1,84,136,2017,3,22,5,3,7,7,1,0,1,0,0,2,0,6.98334E+20,5.32679E+21,1.16622E+16,4.80635E+16
75083,9.1703E+18,9,7,74,144,2017,3,1,5,3,9,6,0,1,0,0,0,2,0,6.05777E+20,5.36316E+21,1.04295E+16,4.84127E+16
75084,9.1703E+18,9,7,64,0,2017,3,19,5,2,9,7,0,1,0,0,0,2,0,5.9139E+20,5.321E+21,1.0226E+16,4.80357E+16
75085,9.1703E+18,9,7,63,0,2017,3,15,5,3,8,1,0,1,0,0,0,0,0,5.99031E+20,5.28796E+21,1.03209E+16,4.77374E+16
75086,9.1703E+18,9,7,73,117,2017,3,14,5,2,2,2,1,1,0,0,0,0,0,6.16766E+20,5.39788E+21,1.05877E+16,4.8723E+16
75087,9.1703E+18,9,7,61,0,2017,3,8,5,3,2,6,0,1,0,0,0,0,1,6.40957E+20,5.3639E+21,1.09049E+16,4.84124E+16
75088,9.1703E+18,9,7,72,223,2017,3,16,5,3,5,3,0,1,0,0,0,0,0,6.19127E+20,5.36196E+21,1.06095E+16,4.83996E+16
75089,9.1703E+18,9,7,72,216,2017,3,18,5,2,5,3,0,1,0,0,0,2,0,6.22113E+20,5.36965E+21,1.0652E+16,4.84681E+16
75090,9.1703E+18,9,7,72,148,2017,3,12,5,3,2,6,0,1,0,0,0,0,0,6.27412E+20,5.35425E+21,1.0719E+16,4.83286E+16
75091,9.1703E+18,9,7,61,0,2017,3,14,5,3,2,6,0,1,0,0,1,0,0,6.4496E+20,5.35561E+21,1.09561E+16,4.8337E+16
75092,9.1703E+18,9,7,61,0,2017,3,11,5,3,4,3,1,1,0,0,0,0,0,6.42411E+20,5.3593E+21,1.0923E+16,4.83708E+16
75093,9.1703E+18,9,7,61,0,2017,3,13,5,3,5,3,0,1,0,0,0,0,0,6.39458E+20,5.35429E+21,1.08815E+16,4.83264E+16
75094,9.1703E+18,9,6,79,156,2017,3,17,5,2,0,1,0,1,0,0,0,0,0,5.73284E+20,5.52142E+21,1.00192E+16,4.98407E+16
75095,9.1703E+18,9,6,74,187,2017,3,11,5,2,4,6,0,1,0,0,0,0,0,6.09562E+20,5.52707E+21,1.05252E+16,4.9886E+16
75096,9.1703E+18,9,6,73,114,2017,3,18,5,3,3,6,0,1,0,0,0,2,0,5.86825E+20,5.57603E+21,1.02199E+16,5.033E+16
75097,9.1703E+18,9,6,72,114,2017,3,14,5,3,4,1,0,1,0,0,0,0,0,5.75707E+20,5.56379E+21,1.00613E+16,5.02214E+16
75098,9.1703E+18,9,6,62,0,2017,3,13,5,3,2,6,0,1,0,0,0,0,0,5.8836E+20,5.54487E+21,1.02342E+16,5.00496E+16
75099,9.1703E+18,9,6,71,157,2017,3,17,5,3,8,7,0,1,0,0,0,1,0,5.29223E+20,5.52673E+21,9.40686E+15,4.98923E+16
75100,9.1703E+18,9,6,76,112,2017,3,17,5,3,2,3,0,1,0,0,0,0,0,5.15821E+20,5.4994E+21,9.21916E+15,4.96469E+16
75101,9.1703E+18,9,6,76,143,2017,3,15,5,3,3,2,1,1,0,0,0,0,0,5.27998E+20,5.50619E+21,9.38832E+15,4.97075E+16
75102,9.1703E+18,9,6,71,135,2017,3,5,5,3,9,1,0,1,0,0,0,2,1,5.22724E+20,5.54986E+21,9.31774E+15,5.01005E+16
75103,9.1703E+18,9,5,76,128,2017,3,21,5,3,4,6,0,1,0,0,0,2,0,6.44723E+20,5.4631E+21,1.09908E+16,4.93035E+16
75104,9.1703E+18,9,5,63,0,2017,3,10,5,3,1,6,0,1,0,0,0,0,0,6.39832E+20,5.48341E+21,1.09307E+16,4.94872E+16
75105,9.1703E+18,9,5,64,0,2017,3,16,5,3,2,6,0,1,0,0,0,0,0,6.53687E+20,5.48037E+21,1.11207E+16,4.94565E+16
75106,9.1703E+18,9,5,64,0,2017,3,7,5,3,2,6,0,1,0,0,0,0,1,6.4719E+20,5.48692E+21,1.10336E+16,4.95171E+16
75107,9.1703E+18,9,5,73,127,2017,3,7,5,3,2,6,0,1,0,0,0,0,1,6.4628E+20,5.47555E+21,1.10168E+16,4.94151E+16
75108,9.1703E+18,9,5,71,208,2017,3,21,5,3,2,6,0,1,0,0,0,2,0,6.18507E+20,5.43823E+21,1.0623E+16,4.90855E+16
75109,9.1703E+18,9,4,73,151,2017,3,13,5,3,8,2,0,1,0,0,0,0,0,6.50107E+20,5.57754E+21,1.11091E+16,5.03308E+16
75110,9.1703E+18,9,4,72,175,2017,3,12,5,3,2,6,0,1,0,0,0,0,0,6.82716E+20,5.51439E+21,1.15367E+16,4.97542E+16
75111,9.1703E+18,9,4,77,127,2017,3,16,5,3,2,2,0,1,0,0,0,0,0,6.78885E+20,5.55458E+21,1.15023E+16,5.01165E+16
75112,9.1703E+18,9,4,77,136,2017,3,15,5,3,2,6,0,1,0,0,1,0,0,6.66452E+20,5.54962E+21,1.13263E+16,5.00755E+16
75113,9.1703E+18,9,4,61,0,2017,3,13,5,3,1,6,0,1,0,0,0,0,0,6.37887E+20,5.52929E+21,1.09201E+16,4.99001E+16
75114,9.1703E+18,9,3,74,149,2017,3,17,5,3,5,3,0,1,0,0,0,1,0,7.13747E+20,5.51513E+21,1.19674E+16,4.97506E+16
75115,9.1703E+18,9,3,75,199,2017,3,16,5,3,9,2,0,1,0,1,0,0,0,7.15548E+20,5.42914E+21,1.19458E+16,4.89775E+16
75116,9.1703E+18,9,3,75,175,2017,3,10,5,3,2,6,0,1,0,0,0,0,0,7.14423E+20,5.43553E+21,1.19338E+16,4.90353E+16
75117,9.1703E+18,9,3,72,116,2017,3,11,5,3,2,6,0,1,0,0,0,0,0,7.69384E+20,5.45786E+21,1.26993E+16,4.92142E+16
75118,9.1703E+18,9,3,76,149,2017,3,12,5,3,1,1,0,1,0,0,0,0,0,7.38614E+20,5.45495E+21,1.22758E+16,4.92009E+16
75119,9.1703E+18,9,2,71,119,2017,3,18,5,3,2,6,0,1,0,0,0,2,0,7.90316E+20,5.41961E+21,1.29586E+16,4.88614E+16
75120,9.1703E+18,9,2,62,0,2017,3,7,5,3,2,6,0,1,0,0,0,0,0,8.25162E+20,5.39041E+21,1.34094E+16,4.85823E+16
75121,9.1703E+18,9,2,62,0,2017,3,4,5,3,4,6,0,1,0,0,0,2,0,8.29926E+20,5.38998E+21,1.34734E+16,4.85759E+16
75122,9.1703E+18,9,2,62,0,2017,3,13,5,3,2,6,0,1,0,0,0,0,0,8.3275E+20,5.39226E+21,1.35134E+16,4.85949E+16
75123,9.1703E+18,9,2,75,149,2017,3,18,5,3,5,2,0,1,0,0,0,2,0,8.13526E+20,5.37113E+21,1.32376E+16,4.84152E+16
75124,9.1703E+18,9,2,75,145,2017,3,15,5,3,5,3,1,1,0,0,0,0,0,8.2058E+20,5.37361E+21,1.33345E+16,4.84339E+16
75125,9.1703E+18,9,2,74,127,2017,3,13,5,3,5,3,0,1,0,0,0,0,0,7.36481E+20,5.39557E+21,1.22121E+16,4.86684E+16
75126,9.1703E+18,9,2,61,0,2017,3,12,5,3,4,2,0,1,0,0,0,0,0,7.3202E+20,5.37992E+21,1.21429E+16,4.85294E+16
75127,9.1703E+18,9,2,79,126,2017,3,14,5,3,4,2,0,1,0,0,0,0,0,7.61341E+20,5.38401E+21,1.25419E+16,4.85546E+16
75128,9.1703E+18,9,1,90,138,2017,3,19,5,3,5,3,0,1,0,0,0,2,0,6.62832E+20,5.30785E+21,1.11789E+16,4.79033E+16
75129,9.1703E+18,9,1,90,140,2017,3,6,5,2,8,6,0,1,0,0,1,0,0,6.45923E+20,5.29365E+21,1.0948E+16,4.77797E+16
75130,9.1703E+18,9,1,73,112,2017,3,13,5,2,4,6,0,1,0,0,0,0,0,6.91403E+20,5.29502E+21,1.15551E+16,4.778E+16
75131,9.1703E+18,9,1,89,145,2017,3,12,5,3,3,6,0,0,0,0,1,0,0,7.77305E+20,5.30397E+21,1.27055E+16,4.78292E+16
75132,9.1703E+18,9,1,89,155,2017,3,11,5,3,5,3,1,1,0,0,0,0,0,7.71414E+20,5.30763E+21,1.26292E+16,4.78646E+16
75133,9.1703E+18,9,1,83,116,2017,3,20,5,3,5,3,0,1,0,0,0,2,0,7.6341E+20,5.35268E+21,1.25502E+16,4.82724E+16