OBJECTID,UIDENTSTLA,ULAND,UREGBEZ,UKREIS,UGEMEINDE,UJAHR,UMONAT,USTUNDE,UWOCHENTAG,UKATEGORIE,UART,UTYP1,IstRad,IstPKW,IstFuss,IstKrad,IstSonstig,LICHT,STRZUSTAND,LINREFX,LINREFY,XGCSWGS84,YGCSWGS84
75134,9.1703E+18,9,1,87,169,2017,3,7,5,3,4,7,0,0,0,0,1,0,1,7.36849E+20,5.29932E+21,1.21633E+16,4.78037E+16
75135,9.1703E+18,9,1,87,182,2017,3,17,5,3,2,2,0,1,0,0,1,0,0,7.3855E+20,5.32845E+21,1.22021E+16,4.80647E+16
75136,9.1703E+18,9,1,87,182,2017,3,7,5,3,0,7,0,0,0,1,0,0,1,7.41869E+20,5.32882E+21,1.22468E+16,4.80668E+16
75137,9.1703E+18,9,1,86,128,2017,3,17,5,3,2,6,0,1,0,0,0,0,0,6.77877E+20,5.38552E+21,1.14126E+16,4.85975E+16
75138,9.1703E+18,9,1,86,137,2017,3,15,5,3,4,2,0,1,0,0,0,0,0,6.84635E+20,5.39925E+21,1.15103E+16,4.87189E+16
75139,9.1703E+18,9,1,79,142,2017,3,16,5,3,3,6,0,1,0,0,0,0,0,6.73244E+20,5.34379E+21,1.13326E+16,4.82237E+16
75140,9.1703E+18,9,1,75,127,2017,3,18,5,3,4,2,0,1,0,1,0,2,0,7.13266E+20,5.34088E+21,1.18694E+16,4.81853E+16
75141,9.1703E+18,9,1,78,145,2017,3,18,5,3,4,1,0,1,0,0,0,2,0,6.99738E+20,5.35645E+21,1.16949E+16,4.83297E+16
75142,9.1703E+18,9,1,78,133,2017,3,9,5,3,2,1,0,1,0,0,0,0,0,6.86769E+20,5.36635E+21,1.15245E+16,4.84226E+16
75143,9.1703E+18,9,1,77,115,2017,3,12,5,3,5,3,0,1,0,0,0,0,0,7.30244E+20,5.34761E+21,1.21011E+16,4.82398E+16
75144,9.1703E+18,9,1,84,139,2017,3,10,4,3,2,6,0,1,0,0,1,0,0,6.87156E+20,5.32579E+21,1.15118E+16,4.80579E+16
75145,9.1703E+18,9,1,62,0,2017,3,19,4,3,6,4,1,0,1,0,0,2,0,6.94665E+20,5.33444E+21,1.16165E+16,4.81334E+16
75146,9.1703E+18,9,7,64,0,2017,3,14,4,3,2,6,0,1,0,0,0,0,0,5.88307E+20,5.31305E+21,1.0183E+16,4.79646E+16
75147,9.1703E+18,9,7,74,143,2017,3,17,4,3,5,3,0,1,0,0,0,0,0,5.96749E+20,5.35853E+21,1.03064E+16,4.83725E+16
75148,9.1703E+18,9,7,63,0,2017,3,19,4,3,2,6,0,1,0,0,1,2,1,5.99446E+20,5.28528E+21,1.03258E+16,4.77132E+16
75149,9.1703E+18,9,7,63,0,2017,3,6,4,3,5,3,0,1,0,0,0,1,1,5.97973E+20,5.28759E+21,1.03067E+16,4.77342E+16
75150,9.1703E+18,9,7,63,0,2017,3,10,4,3,5,3,0,0,0,0,1,0,0,5.99981E+20,5.28649E+21,1.03332E+16,4.7724E+16
75151,9.1703E+18,9,7,62,0,2017,3,6,4,2,0,1,1,0,0,0,0,1,2,6.20142E+20,5.30366E+21,1.06067E+16,4.78751E+16
75152,9.1703E+18,9,7,73,147,2017,3,7,4,3,9,1,0,1,0,0,0,1,0,6.0756E+20,5.3867E+21,1.04596E+16,4.86242E+16
75153,9.1703E+18,9,7,61,0,2017,3,10,4,3,4,2,0,1,0,0,0,0,0,6.41266E+20,5.35229E+21,1.09052E+16,4.8308E+16
75154,9.1703E+18,9,6,79,202,2017,3,16,4,3,5,3,0,1,0,0,0,0,0,5.65113E+20,5.52078E+21,9.90548E+15,4.98359E+16
75155,9.1703E+18,9,6,63,0,2017,3,7,4,2,5,3,1,1,0,0,0,1,0,5.68081E+20,5.51671E+21,9.94603E+15,4.97989E+16
75156,9.1703E+18,9,6,77,157,2017,3,14,4,3,8,1,0,1,0,0,0,0,1,5.42422E+20,5.52223E+21,9.59012E+15,4.9851E+16
75157,9.1703E+18,9,6,75,141,2017,3,11,4,3,2,6,0,1,0,0,0,0,0,5.8492E+20,5.51209E+21,1.0179E+16,4.97553E+16
75158,9.1703E+18,9,6,77,148,2017,3,14,4,3,1,6,0,1,0,0,0,0,1,5.49293E+20,5.53785E+21,9.68768E+15,4.99909E+16
75159,9.1703E+18,9,6,72,113,2017,3,13,4,3,9,1,0,1,0,0,0,0,1,5.55024E+20,5.57263E+21,9.77264E+15,5.03032E+16
75160,9.1703E+18,9,6,76,125,2017,3,19,4,3,6,4,0,1,1,0,0,1,0,5.16166E+20,5.50813E+21,9.22429E+15,4.97255E+16
75161,9.1703E+18,9,5,74,123,2017,3,17,4,2,2,6,0,1,0,0,1,0,1,6.59135E+20,5.47361E+21,1.11931E+16,4.93943E+16
75162,9.1703E+18,9,5,77,177,2017,3,5,4,3,9,1,0,1,0,0,0,2,0,6.39533E+20,5.43011E+21,1.0908E+16,4.90081E+16
75163,9.1703E+18,9,5,77,138,2017,3,12,4,3,9,7,0,1,0,0,0,0,1,6.33015E+20,5.44704E+21,1.08245E+16,4.91618E+16
75164,9.1703E+18,9,5,71,214,2017,3,15,4,2,6,4,0,1,1,0,0,0,0,6.1675E+20,5.43326E+21,1.05975E+16,4.90412E+16
75165,9.1703E+18,9,5,61,0,2017,3,14,4,3,5,3,1,1,0,0,0,0,0,6.14294E+20,5.46263E+21,1.05723E+16,4.93057E+16
75166,9.1703E+18,9,4,72,199,2017,3,23,4,3,2,6,0,1,0,0,0,2,1,6.91831E+20,5.53184E+21,1.16718E+16,4.99081E+16
75167,9.1703E+18,9,4,72,131,2017,3,13,4,2,5,3,0,1,0,0,0,0,1,6.77798E+20,5.53378E+21,1.14774E+16,4.99299E+16
75168,9.1703E+18,9,4,74,126,2017,3,18,4,3,2,6,0,1,0,0,0,2,0,6.48615E+20,5.50641E+21,1.10606E+16,4.96919E+16
75169,9.1703E+18,9,4,74,121,2017,3,11,4,3,5,3,0,1,0,0,1,0,0,6.57556E+20,5.51691E+21,1.11887E+16,4.9784E+16
75170,9.1703E+18,9,4,71,145,2017,3,8,4,3,5,3,0,1,0,0,0,0,0,6.42718E+20,5.51971E+21,1.09838E+16,4.98128E+16
75171,9.1703E+18,9,4,61,0,2017,3,15,4,3,1,7,0,1,0,1,0,0,0,6.33563E+20,5.52962E+21,1.086E+16,4.9904E+16
75172,9.1703E+18,9,3,77,132,2017,3,4,4,3,0,7,0,1,0,0,0,2,1,7.22116E+20,5.52477E+21,1.20889E+16,4.98342E+16
75173,9.1703E+18,9,3,62,0,2017,3,6,4,3,2,6,0,1,0,0,0,0,0,7.26632E+20,5.43111E+21,1.20982E+16,4.89913E+16
75174,9.1703E+18,9,3,72,158,2017,3,22,4,3,9,1,0,1,0,0,0,2,1,7.60359E+20,5.44989E+21,1.25704E+16,4.91466E+16
75175,9.1703E+18,9,3,76,150,2017,3,18,4,3,2,6,0,1,0,0,0,1,0,7.27153E+20,5.49147E+21,1.21395E+16,4.95332E+16
75176,9.1703E+18,9,3,76,150,2017,3,17,4,2,2,6,0,1,0,0,1,1,0,7.27475E+20,5.49115E+21,1.21438E+16,4.95302E+16
75177,9.1703E+18,9,3,76,151,2017,3,3,4,3,8,7,0,0,0,0,1,2,2,7.4875E+20,5.4832E+21,1.24323E+16,4.94504E+16
75178,9.1703E+18,9,3,71,146,2017,3,12,4,2,9,7,0,1,0,0,0,0,1,7.1413E+20,5.464E+21,1.1945E+16,4.92912E+16
75179,9.1703E+18,9,3,75,210,2017,3,19,4,3,2,6,0,1,0,0,1,2,0,7.50889E+20,5.43213E+21,1.24298E+16,4.8991E+16
75180,9.1703E+18,9,2,78,123,2017,3,16,4,3,4,1,0,1,0,0,0,0,0,7.52906E+20,5.41089E+21,1.24442E+16,4.87995E+16
75181,9.1703E+18,9,2,71,143,2017,3,17,4,3,8,1,0,1,0,0,0,0,0,7.77841E+20,5.40656E+21,1.27801E+16,4.875E+16
75182,9.1703E+18,9,2,75,153,2017,3,7,4,2,8,1,0,1,0,0,0,0,2,8.4289E+20,5.39223E+21,1.36505E+16,4.85891E+16
75183,9.1703E+18,9,2,75,128,2017,3,5,4,2,8,1,0,1,0,0,0,2,2,8.27844E+20,5.39845E+21,1.3452E+16,4.8653E+16
75184,9.1703E+18,9,2,75,144,2017,3,5,4,3,9,1,0,1,0,0,0,2,2,8.26409E+20,5.39892E+21,1.34329E+16,4.8658E+16
75185,9.1703E+18,9,2,72,147,2017,3,4,4,3,4,1,0,1,0,0,0,2,2,8.19764E+20,5.41702E+21,1.3357E+16,4.88237E+16
75186,9.1703E+18,9,2,77,119,2017,3,6,4,3,4,1,0,1,0,0,0,1,2,7.76626E+20,5.37696E+21,1.27439E+16,4.84848E+16
75187,9.1703E+18,9,2,74,184,2017,3,5,4,3,5,3,0,1,0,0,0,2,1,7.47812E+20,5.37039E+21,1.23508E+16,4.84379E+16
75188,9.1703E+18,9,2,74,193,2017,3,5,4,3,9,1,0,1,0,0,0,2,1,7.4368E+20,5.36023E+21,1.22891E+16,4.83482E+16
75189,9.1703E+18,9,2,74,145,2017,3,5,4,3,9,1,0,1,0,0,0,2,2,7.45854E+20,5.38264E+21,1.23315E+16,4.85486E+16
75190,9.1703E+18,9,2,79,130,2017,3,14,4,2,0,7,1,0,0,0,0,0,0,7.4901E+20,5.39135E+21,1.23794E+16,4.86256E+16
75191,9.1703E+18,9,1,89,157,2017,3,15,4,3,3,1,0,1,0,0,0,0,0,7.68544E+20,5.32444E+21,1.26014E+16,4.80168E+16
75192,9.1703E+18,9,1,87,165,2017,3,12,4,3,2,6,0,1,0,0,1,0,0,7.28057E+20,5.30043E+21,1.20466E+16,4.78168E+16
75193,9.1703E+18,9,1,63,0,2017,3,7,4,3,5,3,0,1,0,0,0,0,0,7.32861E+20,5.3055E+21,1.21134E+16,4.78606E+16
75194,9.1703E+18,9,1,87,142,2017,3,10,4,3,5,3,0,1,0,0,0,0,0,7.31156E+20,5.30983E+21,1.2093E+16,4.79001E+16
75195,9.1703E+18,9,1,87,148,2017,3,18,4,3,5,7,0,1,0,0,0,2,0,7.39537E+20,5.27777E+21,1.21873E+16,4.76091E+16
75196,9.1703E+18,9,1,82,120,2017,3,12,4,3,6,2,0,1,1,0,0,0,0,7.01871E+20,5.30632E+21,1.17E+16,4.78784E+16
75197,9.1703E+18,9,1,61,0,2017,3,21,4,3,4,2,0,1,0,0,0,2,1,6.79099E+20,5.40145E+21,1.14361E+16,4.87403E+16
75198,9.17031E+18,9,4,76,177,2017,3,16,2,3,5,3,0,1,0,0,0,0,1,6.74739E+20,5.57396E+21,1.14532E+16,5.02919E+16
75199,9.1703E+18,9,1,86,130,2017,3,6,4,3,9,1,0,1,0,0,0,0,2,6.83234E+20,5.37432E+21,1.14803E+16,4.84952E+16
75200,9.1703E+18,9,1,76,165,2017,3,5,4,2,9,1,0,1,0,0,0,2,1,6.65707E+20,5.4224E+21,1.12625E+16,4.89323E+16
75201,9.1703E+18,9,1,76,112,2017,3,5,4,2,8,1,0,1,0,0,0,2,2,6.89101E+20,5.42299E+21,1.15819E+16,4.89309E+16
75202,9.1703E+18,9,1,88,145,2017,3,20,4,3,9,7,0,1,0,0,0,2,1,6.64273E+20,5.32529E+21,1.12048E+16,4.80598E+16
75203,9.1703E+18,9,1,79,145,2017,3,7,4,2,4,6,0,1,0,0,0,0,1,6.72643E+20,5.33568E+21,1.13212E+16,4.81509E+16
75204,9.1703E+18,9,1,79,121,2017,3,9,4,3,2,6,0,1,0,0,1,0,0,6.66692E+20,5.33932E+21,1.12427E+16,4.81852E+16
75205,9.1703E+18,9,1,74,136,2017,3,5,4,3,9,1,0,1,0,0,0,2,2,6.80733E+20,5.36596E+21,1.14429E+16,4.84208E+16
75206,9.1703E+18,9,1,74,147,2017,3,7,4,3,8,1,0,1,0,0,0,0,2,6.68756E+20,5.36707E+21,1.12816E+16,4.84342E+16
75207,9.1703E+18,9,1,86,152,2017,3,11,4,3,2,6,0,1,0,0,0,0,0,6.91675E+20,5.37474E+21,1.15946E+16,4.84965E+16
75208,9.1703E+18,9,1,78,115,2017,3,15,4,2,0,1,1,0,0,0,0,0,0,7.03589E+20,5.37685E+21,1.17567E+16,4.85117E+16
75209,9.1703E+18,9,1,78,124,2017,3,8,4,3,9,1,0,1,0,0,0,0,1,7.00622E+20,5.36646E+21,1.17116E+16,4.84193E+16
75210,9.1703E+18,9,1,77,144,2017,3,10,4,2,4,2,0,1,0,0,0,0,0,7.18081E+20,5.3473E+21,1.19374E+16,4.82414E+16
75211,9.17023E+18,9,1,62,0,2017,2,6,3,3,5,3,1,1,0,0,0,1,0,6.94816E+20,5.33238E+21,1.16175E+16,4.81149E+16
75212,9.17023E+18,9,1,62,0,2017,2,18,3,3,5,3,1,1,0,0,0,1,1,6.98744E+20,5.32954E+21,1.16689E+16,4.80881E+16
75213,9.17031E+18,9,4,76,178,2017,3,11,7,2,0,1,1,0,0,0,0,0,0,6.63303E+20,5.57888E+21,1.12949E+16,5.03393E+16
75214,9.17031E+18,9,3,63,0,2017,3,11,7,3,4,1,0,1,0,0,0,0,0,7.27881E+20,5.50965E+21,1.21601E+16,4.96962E+16
75215,9.17031E+18,9,3,73,115,2017,3,15,7,1,5,3,0,1,0,1,0,0,0,6.91738E+20,5.4436E+21,1.16276E+16,4.91153E+16
75216,9.17031E+18,9,2,78,192,2017,3,13,7,3,2,2,0,0,0,1,0,0,0,7.70267E+20,5.41484E+21,1.26827E+16,4.88277E+16
75217,9.17031E+18,9,2,75,151,2017,3,10,7,1,5,3,0,1,0,0,0,0,0,8.25014E+20,5.39312E+21,1.34095E+16,4.86066E+16
75218,9.17031E+18,9,2,74,184,2017,3,9,7,3,1,6,0,1,0,0,0,0,0,7.48387E+20,5.37172E+21,1.23593E+16,4.84495E+16
75219,9.17031E+18,9,2,73,152,2017,3,14,7,2,2,5,0,1,0,1,0,0,0,7.03167E+20,5.4099E+21,1.17673E+16,4.88088E+16
75220,9.17031E+18,9,1,90,157,2017,3,12,7,2,0,1,0,0,0,1,0,0,0,6.60957E+20,5.30166E+21,1.11515E+16,4.78481E+16
75221,9.17031E+18,9,1,90,115,2017,3,2,7,3,8,7,0,1,0,0,0,2,1,6.70533E+20,5.30244E+21,1.12797E+16,4.78527E+16
75222,9.17031E+18,9,1,80,124,2017,3,12,7,3,2,6,0,1,0,0,0,0,0,6.65067E+20,5.28181E+21,1.11988E+16,4.76686E+16
75223,9.17031E+18,9,1,73,115,2017,3,10,7,2,2,1,0,1,0,0,1,0,0,6.81367E+20,5.28876E+21,1.14187E+16,4.77267E+16
75224,9.17031E+18,9,1,89,140,2017,3,12,7,1,4,6,0,1,0,0,0,0,0,7.72523E+20,5.29815E+21,1.26381E+16,4.7779E+16
75225,9.17031E+18,9,1,83,130,2017,3,6,7,3,9,1,0,0,0,1,0,2,0,7.58269E+20,5.35852E+21,1.24846E+16,4.8327E+16
75226,9.17031E+18,9,1,89,134,2017,3,12,7,2,8,1,0,0,0,1,0,0,0,7.73989E+20,5.32328E+21,1.26735E+16,4.8004E+16
75227,9.17031E+18,9,1,62,0,2017,3,19,7,3,2,6,0,1,0,0,0,2,0,6.94625E+20,5.33154E+21,1.16146E+16,4.81074E+16
75228,9.17031E+18,9,1,82,123,2017,3,13,7,3,2,6,0,1,0,0,0,0,0,7.15916E+20,5.30163E+21,1.18852E+16,4.78317E+16
75229,9.17031E+18,9,1,87,129,2017,3,8,7,3,2,6,0,1,0,0,0,0,0,7.25279E+20,5.30075E+21,1.20097E+16,4.78206E+16
75230,9.17031E+18,9,1,87,150,2017,3,22,7,3,0,1,1,0,0,0,0,2,0,7.28554E+20,5.30442E+21,1.20554E+16,4.78525E+16
75231,9.17031E+18,9,1,86,162,2017,3,11,7,3,2,6,0,1,0,0,0,0,0,6.91054E+20,5.38202E+21,1.15896E+16,4.85621E+16
75232,9.17031E+18,9,1,61,0,2017,3,13,7,3,5,3,1,1,0,0,0,0,0,6.79562E+20,5.40504E+21,1.14439E+16,4.87724E+16
75233,9.17031E+18,9,1,76,123,2017,3,15,7,2,8,1,0,0,0,1,0,0,0,6.57737E+20,5.41935E+21,1.11526E+16,4.8907E+16
75234,9.17031E+18,9,1,74,113,2017,3,12,7,3,5,3,0,1,0,0,0,0,0,6.7919E+20,5.34332E+21,1.14124E+16,4.82178E+16
75235,9.17031E+18,9,1,77,137,2017,3,16,7,3,2,6,0,1,0,0,0,0,0,7.33155E+20,5.34696E+21,1.21399E+16,4.82329E+16
75236,9.17031E+18,9,1,84,136,2017,3,16,6,3,5,2,1,1,0,0,0,0,0,6.97902E+20,5.32755E+21,1.16567E+16,4.80705E+16
75237,9.17031E+18,9,1,62,0,2017,3,16,6,3,3,6,0,1,0,1,0,0,0,6.93261E+20,5.33849E+21,1.15994E+16,4.81702E+16
75238,9.17031E+18,9,1,62,0,2017,3,13,6,3,1,6,0,1,0,0,0,0,0,6.85236E+20,5.33534E+21,1.14902E+16,4.81444E+16
75239,9.17031E+18,9,1,84,136,2017,3,6,6,3,2,6,0,1,0,0,0,0,1,6.97643E+20,5.32671E+21,1.16529E+16,4.8063E+16
75240,9.17031E+18,9,7,75,135,2017,3,18,6,3,3,6,0,1,0,0,0,2,0,5.80496E+20,5.35485E+21,1.00863E+16,4.83417E+16
75241,9.17031E+18,9,7,75,135,2017,3,17,6,3,5,2,0,1,1,0,0,0,0,5.74447E+20,5.36107E+21,1.00058E+16,4.83984E+16
75242,9.17031E+18,9,7,74,135,2017,3,16,6,3,5,3,1,1,0,0,0,0,0,5.94964E+20,5.36837E+21,1.02846E+16,4.84613E+16
75243,9.17031E+18,9,7,80,119,2017,3,16,6,3,5,3,0,1,0,0,0,0,0,5.95894E+20,5.29848E+21,1.02814E+16,4.78325E+16
75244,9.17031E+18,9,7,76,130,2017,3,14,6,3,0,1,0,0,0,0,1,0,0,5.55281E+20,5.26985E+21,9.73512E+15,4.75797E+16
75245,9.17031E+18,9,7,72,223,2017,3,16,6,3,3,6,0,1,0,0,0,0,0,6.15951E+20,5.36258E+21,1.05667E+16,4.84057E+16
75246,9.17031E+18,9,7,72,184,2017,3,8,6,3,4,2,1,1,0,0,0,0,0,6.35877E+20,5.36152E+21,1.08355E+16,4.83922E+16
75247,9.17031E+18,9,7,71,130,2017,3,13,6,3,5,2,0,1,0,0,0,0,0,6.45412E+20,5.3577E+21,1.09629E+16,4.83557E+16
75248,9.17031E+18,9,7,71,144,2017,3,18,6,3,0,1,0,1,0,0,0,2,0,6.6036E+20,5.37303E+21,1.11704E+16,4.84899E+16
75249,9.17031E+18,9,6,75,178,2017,3,15,6,3,2,6,0,1,0,0,0,0,0,6.02614E+20,5.51579E+21,1.04255E+16,4.97858E+16
75250,9.17031E+18,9,6,63,0,2017,3,22,6,3,5,3,0,1,0,0,0,2,0,5.70449E+20,5.51768E+21,9.97911E+15,4.98074E+16
75251,9.17031E+18,9,6,78,153,2017,3,19,6,2,6,6,0,1,1,0,0,2,0,5.97495E+20,5.52492E+21,1.03567E+16,4.98687E+16
75252,9.17031E+18,9,6,73,114,2017,3,13,6,3,5,7,1,1,0,0,0,0,0,5.86374E+20,5.57498E+21,1.02133E+16,5.03206E+16
75253,9.17031E+18,9,6,62,0,2017,3,13,6,3,2,6,0,1,0,0,0,0,0,5.87257E+20,5.54425E+21,1.02187E+16,5.00442E+16
75254,9.17031E+18,9,6,71,156,2017,3,13,6,3,2,6,0,1,0,0,0,0,0,5.21484E+20,5.53501E+21,9.29958E+15,4.99671E+16
75255,9.17031E+18,9,6,76,117,2017,3,14,6,2,2,1,0,1,0,0,0,0,0,5.22789E+20,5.51319E+21,9.31649E+15,4.97708E+16
75256,9.17031E+18,9,6,61,0,2017,3,14,6,3,1,6,0,1,0,0,0,0,0,5.07669E+20,5.53299E+21,9.1069E+15,4.99492E+16
75257,9.17031E+18,9,5,62,0,2017,3,14,6,3,1,6,0,1,0,0,0,0,0,6.44099E+20,5.4911E+21,1.09924E+16,4.95553E+16
75258,9.17031E+18,9,5,74,123,2017,3,16,6,3,3,6,0,1,0,0,1,0,0,6.59123E+20,5.4736E+21,1.1193E+16,4.93943E+16
75259,9.17031E+18,9,5,76,143,2017,3,13,6,3,2,6,0,1,0,0,0,0,0,6.53114E+20,5.45872E+21,1.11045E+16,4.92621E+16
75260,9.17031E+18,9,5,72,158,2017,3,6,6,3,2,6,0,1,0,0,0,0,1,6.49266E+20,5.4958E+21,1.10656E+16,4.95963E+16
75261,9.17031E+18,9,5,74,123,2017,3,14,6,3,4,1,1,1,0,0,0,0,0,6.60788E+20,5.47165E+21,1.12151E+16,4.93763E+16
75262,9.17031E+18,9,5,64,0,2017,3,13,6,3,5,3,0,1,0,0,0,0,0,6.54095E+20,5.4816E+21,1.11268E+16,4.94674E+16
75263,9.17031E+18,9,5,64,0,2017,3,22,6,3,5,3,0,1,0,0,0,2,0,6.53745E+20,5.47995E+21,1.11214E+16,4.94527E+16
75264,9.17031E+18,9,5,73,114,2017,3,14,6,3,5,2,0,1,0,0,0,0,0,6.34546E+20,5.48228E+21,1.08574E+16,4.94783E+16
75265,9.17031E+18,9,5,73,120,2017,3,17,6,3,1,6,0,1,0,0,0,0,0,6.30195E+20,5.48412E+21,1.0798E+16,4.94957E+16
75266,9.17031E+18,9,5,73,127,2017,3,9,6,3,3,6,0,1,0,0,1,0,0,6.44867E+20,5.47407E+21,1.09968E+16,4.94021E+16
75267,9.17031E+18,9,5,77,122,2017,3,5,6,3,9,7,0,1,0,0,0,2,0,6.3024E+20,5.43663E+21,1.07831E+16,4.90688E+16
75268,9.17031E+18,9,5,75,163,2017,3,16,6,2,5,3,0,1,0,0,0,0,0,5.83697E+20,5.48748E+21,1.01567E+16,4.95341E+16
75269,9.17031E+18,9,5,71,174,2017,3,7,6,3,8,1,0,1,0,0,0,0,1,6.00851E+20,5.46153E+21,1.03872E+16,4.92982E+16
75270,9.17031E+18,9,4,75,175,2017,3,15,6,3,2,6,0,1,0,0,0,0,0,6.96168E+20,5.55858E+21,1.17458E+16,5.01469E+16
75271,9.17031E+18,9,4,79,158,2017,3,0,6,2,8,1,0,1,0,0,1,2,1,7.21938E+20,5.55156E+21,1.21019E+16,5.00749E+16
75272,9.17031E+18,9,4,75,175,2017,3,15,6,3,2,6,0,1,0,0,0,0,0,6.96201E+20,5.55867E+21,1.17463E+16,5.01478E+16
75273,9.17031E+18,9,4,73,170,2017,3,17,6,3,8,1,0,1,0,0,0,0,0,6.40574E+20,5.56319E+21,1.09699E+16,5.02042E+16
75274,9.17031E+18,9,4,73,151,2017,3,16,6,3,2,6,0,1,0,0,0,0,0,6.48734E+20,5.57551E+21,1.1089E+16,5.03129E+16
75275,9.17031E+18,9,4,78,165,2017,3,20,6,3,4,2,0,1,0,0,0,2,0,6.43459E+20,5.55214E+21,1.10062E+16,5.01042E+16
75276,9.17031E+18,9,4,76,145,2017,3,11,6,2,8,1,0,1,0,0,0,0,0,6.65176E+20,5.56659E+21,1.13159E+16,5.02284E+16
75277,9.17031E+18,9,4,73,141,2017,3,19,6,3,7,7,0,1,0,0,0,2,0,6.38308E+20,5.58076E+21,1.09446E+16,5.03626E+16
75278,9.17031E+18,9,4,77,164,2017,3,16,6,3,8,1,0,1,0,0,0,0,0,6.63521E+20,5.54188E+21,1.12821E+16,5.00068E+16
75279,9.17031E+18,9,4,71,111,2017,3,11,6,2,5,3,0,1,0,1,0,0,0,6.4467E+20,5.51829E+21,1.10104E+16,4.97996E+16
75280,9.17031E+18,9,4,71,185,2017,3,17,6,3,8,1,0,1,0,0,0,0,0,6.44638E+20,5.53872E+21,1.10176E+16,4.99833E+16
75281,9.17031E+18,9,4,61,0,2017,3,9,6,3,4,2,0,1,0,0,0,0,0,6.37887E+20,5.52928E+21,1.09201E+16,4.99E+16
75282,9.17031E+18,9,3,77,128,2017,3,0,6,3,8,7,0,1,0,0,0,2,1,7.0843E+20,5.52335E+21,1.18981E+16,4.98263E+16
75283,9.17031E+18,9,3,72,153,2017,3,16,6,3,2,2,0,1,0,0,0,0,0,7.5674E+20,5.45558E+21,1.25245E+16,4.91992E+16
75284,9.17031E+18,9,3,72,178,2017,3,22,6,3,2,6,0,1,0,1,0,2,0,7.96197E+20,5.45583E+21,1.30651E+16,4.91837E+16
75285,9.17031E+18,9,3,72,116,2017,3,13,6,3,2,6,0,1,0,0,0,0,0,7.66812E+20,5.45618E+21,1.26629E+16,4.92003E+16
75286,9.17031E+18,9,2,71,146,2017,3,0,6,3,8,1,0,1,0,0,0,2,1,7.85885E+20,5.40886E+21,1.28909E+16,4.8767E+16
75287,9.17031E+18,9,2,75,114,2017,3,6,6,3,8,7,0,1,0,0,0,1,0,7.97536E+20,5.38987E+21,1.30354E+16,4.85911E+16
75288,9.17031E+18,9,2,62,0,2017,3,13,6,3,1,6,0,1,0,0,0,0,0,8.28186E+20,5.38978E+21,1.34498E+16,4.85751E+16
75289,9.17031E+18,9,2,75,141,2017,3,12,6,3,5,3,0,1,0,0,0,0,0,8.19923E+20,5.37001E+21,1.33229E+16,4.8402E+16
75290,9.17031E+18,9,2,74,128,2017,3,19,6,3,3,6,0,1,0,0,0,2,0,7.43175E+20,5.39056E+21,1.22999E+16,4.86208E+16
75291,9.17031E+18,9,2,74,184,2017,3,8,6,3,2,2,0,1,0,0,1,0,0,7.47944E+20,5.37007E+21,1.23523E+16,4.84349E+16
75292,9.17031E+18,9,2,61,0,2017,3,17,6,3,2,6,0,1,0,0,0,0,0,7.30099E+20,5.38167E+21,1.21178E+16,4.85459E+16
75293,9.17031E+18,9,2,61,0,2017,3,10,6,3,5,3,0,1,0,0,0,0,0,7.36096E+20,5.38302E+21,1.21997E+16,4.85558E+16
75294,9.17031E+18,9,2,79,132,2017,3,14,6,3,4,2,0,1,0,0,0,0,0,7.70399E+20,5.40008E+21,1.26748E+16,4.86951E+16
75295,9.17031E+18,9,1,73,126,2017,3,14,6,3,0,7,0,1,0,0,0,0,0,6.87432E+20,5.30352E+21,1.15058E+16,4.78577E+16
75296,9.17031E+18,9,1,80,117,2017,3,19,6,3,0,1,1,0,0,0,0,2,0,6.56111E+20,5.26152E+21,1.10724E+16,4.74884E+16
75297,9.17031E+18,9,1,83,140,2017,3,13,6,3,2,6,0,1,0,0,0,0,0,7.43381E+20,5.34311E+21,1.22752E+16,4.81945E+16
75298,9.17031E+18,9,1,62,0,2017,3,15,6,3,8,6,0,1,0,0,0,0,0,6.94613E+20,5.33144E+21,1.16144E+16,4.81065E+16
75299,9.17031E+18,9,1,87,126,2017,3,7,6,3,1,2,0,1,0,0,0,0,0,7.41682E+20,5.32593E+21,1.22426E+16,4.80408E+16
75300,9.17031E+18,9,1,76,143,2017,3,7,6,3,9,6,0,1,0,0,0,0,0,6.81039E+20,5.40929E+21,1.14659E+16,4.88102E+16
75301,9.17031E+18,9,1,85,163,2017,3,18,6,2,5,3,0,1,0,1,0,2,0,6.62523E+20,5.39169E+21,1.1207E+16,4.86571E+16
75302,9.17031E+18,9,1,79,142,2017,3,9,6,2,9,1,0,1,0,0,0,0,0,6.73628E+20,5.34113E+21,1.13367E+16,4.81997E+16
75303,9.17031E+18,9,1,74,131,2017,3,18,6,3,0,1,0,0,0,1,1,1,1,6.76056E+20,5.36455E+21,1.13791E+16,4.84095E+16
75304,9.17031E+18,9,5,64,0,2017,3,14,7,2,2,6,0,1,0,0,0,0,0,6.4813E+20,5.47197E+21,1.1041E+16,4.93824E+16
75305,9.17031E+18,9,5,75,122,2017,3,13,7,3,5,3,0,1,0,0,0,0,0,5.97119E+20,5.48507E+21,1.03416E+16,4.95105E+16
75306,9.17031E+18,9,1,75,118,2017,3,20,6,3,2,6,0,1,0,0,1,2,0,7.16092E+20,5.34036E+21,1.19071E+16,4.81797E+16
75307,9.17031E+18,9,1,62,0,2017,3,16,6,3,2,6,0,1,0,0,1,0,0,6.95566E+20,5.34401E+21,1.1633E+16,4.82191E+16