OBJECTID,UIDENTSTLA,ULAND,UREGBEZ,UKREIS,UGEMEINDE,UJAHR,UMONAT,USTUNDE,UWOCHENTAG,UKATEGORIE,UART,UTYP1,IstRad,IstPKW,IstFuss,IstKrad,IstSonstig,LICHT,STRZUSTAND,LINREFX,LINREFY,XGCSWGS84,YGCSWGS84
75480,9.17031E+18,9,7,80,140,2017,3,4,3,3,8,1,0,1,0,0,0,2,1,6.05765E+20,5.28103E+21,1.0409E+16,4.7674E+16
75481,9.17031E+18,9,7,80,128,2017,3,4,3,3,8,1,0,1,0,0,0,2,2,6.0808E+20,5.27891E+21,1.04393E+16,4.76545E+16
75482,9.17031E+18,9,7,77,121,2017,3,19,3,3,2,6,0,1,0,0,0,2,1,6.28067E+20,5.32192E+21,1.07181E+16,4.80377E+16
75483,9.17031E+18,9,7,72,160,2017,3,16,3,2,8,1,0,1,0,0,0,0,1,6.38335E+20,5.34215E+21,1.08623E+16,4.82175E+16
75484,9.17031E+18,9,7,61,0,2017,3,15,3,3,9,7,1,0,0,0,0,0,0,6.41242E+20,5.35229E+21,1.09049E+16,4.8308E+16
75485,9.17031E+18,9,6,63,0,2017,3,7,3,3,2,6,0,1,0,1,0,0,1,5.67902E+20,5.5121E+21,9.94274E+15,4.97575E+16
75486,9.17031E+18,9,6,63,0,2017,3,10,3,3,0,1,0,0,0,1,0,0,1,5.6431E+20,5.51617E+21,9.89354E+15,4.97945E+16
75487,9.17031E+18,9,6,72,114,2017,3,8,3,3,5,3,0,1,0,0,0,0,1,5.76054E+20,5.56339E+21,1.0066E+16,5.02178E+16
75488,9.17031E+18,9,6,78,136,2017,3,10,3,3,8,1,0,1,0,0,0,0,1,5.86768E+20,5.5378E+21,1.02104E+16,4.99863E+16
75489,9.17031E+18,9,6,61,0,2017,3,17,3,3,4,6,0,1,0,0,0,0,1,5.09792E+20,5.53136E+21,9.13645E+15,4.99346E+16
75490,9.17031E+18,9,5,72,135,2017,3,7,3,3,2,6,0,1,0,0,0,0,1,6.32393E+20,5.50884E+21,1.08366E+16,4.97175E+16
75491,9.17031E+18,9,5,76,113,2017,3,20,3,3,2,6,0,1,0,0,1,2,0,6.61266E+20,5.45774E+21,1.12161E+16,4.92511E+16
75492,9.17031E+18,9,5,62,0,2017,3,18,3,3,0,7,1,0,0,0,0,0,1,6.44704E+20,5.49542E+21,1.10024E+16,4.95941E+16
75493,9.17031E+18,9,5,64,0,2017,3,14,3,3,2,6,0,1,0,0,0,0,0,6.51266E+20,5.47727E+21,1.10862E+16,4.94293E+16
75494,9.17031E+18,9,5,73,134,2017,3,15,3,3,4,1,0,1,0,0,0,0,0,6.39685E+20,5.47454E+21,1.09256E+16,4.94075E+16
75495,9.17031E+18,9,5,71,228,2017,3,0,3,1,2,6,0,1,0,0,0,2,1,5.89365E+20,5.45185E+21,1.0227E+16,4.92129E+16
75496,9.17031E+18,9,1,78,129,2017,3,5,1,3,8,1,0,1,0,0,0,2,0,7.11236E+20,5.37147E+21,1.18574E+16,4.84609E+16
75497,9.17031E+18,9,1,77,115,2017,3,14,1,3,3,6,0,0,0,1,1,0,0,7.34134E+20,5.35085E+21,1.21552E+16,4.82676E+16
75498,9.17031E+18,9,5,75,128,2017,3,7,3,3,8,1,0,1,0,0,0,0,1,6.19043E+20,5.50002E+21,1.06488E+16,4.9641E+16
75499,9.17031E+18,9,5,71,177,2017,3,7,3,3,8,1,0,1,0,0,0,0,1,6.25423E+20,5.44965E+21,1.07213E+16,4.91868E+16
75500,9.17031E+18,9,5,71,226,2017,3,13,3,3,5,3,0,1,0,0,1,0,1,6.32761E+20,5.45621E+21,1.08241E+16,4.92443E+16
75501,9.17031E+18,9,4,75,162,2017,3,6,3,2,9,1,0,1,0,0,1,0,1,7.18593E+20,5.56925E+21,1.20653E+16,5.02349E+16
75502,9.17031E+18,9,4,79,136,2017,3,6,3,3,3,6,0,1,0,0,0,0,1,7.23704E+20,5.54523E+21,1.21228E+16,5.00173E+16
75503,9.17031E+18,9,4,64,0,2017,3,21,3,3,4,2,0,1,0,0,0,2,0,7.08349E+20,5.57468E+21,1.19249E+16,5.02874E+16
75504,9.17031E+18,9,4,78,155,2017,3,11,3,3,5,3,0,1,0,0,0,0,0,6.57418E+20,5.55948E+21,1.12042E+16,5.01666E+16
75505,9.17031E+18,9,1,84,113,2017,3,11,7,3,8,7,0,1,0,0,0,0,0,6.8589E+20,5.32228E+21,1.14933E+16,4.80268E+16
75506,9.17031E+18,9,4,77,139,2017,3,11,3,2,0,6,0,1,0,0,1,0,1,6.90758E+20,5.55116E+21,1.16664E+16,5.00821E+16
75507,9.17031E+18,9,4,72,179,2017,3,6,3,3,8,1,0,1,0,0,0,2,1,6.72531E+20,5.51869E+21,1.13974E+16,4.97959E+16
75508,9.17031E+18,9,1,62,0,2017,3,11,7,3,6,7,0,0,1,0,1,0,0,6.9574E+20,5.3339E+21,1.16306E+16,4.81282E+16
75509,9.17031E+18,9,4,72,138,2017,3,8,3,3,8,1,0,1,0,0,0,0,2,7.056E+20,5.54397E+21,1.18698E+16,5.00125E+16
75510,9.17031E+18,9,4,71,165,2017,3,13,3,2,8,1,0,1,0,0,0,0,1,6.30376E+20,5.53187E+21,1.08164E+16,4.99249E+16
75511,9.17031E+18,9,4,61,0,2017,3,19,3,3,5,3,0,1,0,0,0,2,1,6.37538E+20,5.52755E+21,1.09146E+16,4.98845E+16
75512,9.17031E+18,9,3,63,0,2017,3,13,3,3,2,6,0,1,0,0,1,0,0,7.28038E+20,5.50713E+21,1.21608E+16,4.96736E+16
75513,9.17031E+18,9,3,75,114,2017,3,16,3,3,5,3,0,1,0,0,0,0,1,7.41059E+20,5.44257E+21,1.23019E+16,4.90887E+16
75514,9.17031E+18,9,3,62,0,2017,3,10,3,3,5,7,0,1,0,0,1,0,1,7.28686E+20,5.43232E+21,1.21269E+16,4.90014E+16
75515,9.17031E+18,9,3,71,127,2017,3,13,3,3,2,6,0,1,0,0,0,0,0,7.12351E+20,5.49168E+21,1.19353E+16,4.95405E+16
75516,9.17031E+18,9,2,78,118,2017,3,10,3,3,2,6,0,1,0,0,0,0,1,7.69734E+20,5.42417E+21,1.26816E+16,4.89116E+16
75517,9.17031E+18,9,2,78,184,2017,3,10,3,3,4,1,0,1,0,0,1,0,2,7.79277E+20,5.43522E+21,1.28192E+16,4.90066E+16
75518,9.17031E+18,9,2,71,127,2017,3,15,3,3,2,6,0,1,0,0,1,0,1,8.04558E+20,5.40504E+21,1.31415E+16,4.87239E+16
75519,9.17031E+18,9,2,75,137,2017,3,14,3,2,8,1,0,1,0,0,0,0,0,8.41178E+20,5.38999E+21,1.36255E+16,4.857E+16
75520,9.17031E+18,9,2,75,150,2017,3,21,3,3,8,1,0,1,0,0,0,2,0,8.34935E+20,5.39724E+21,1.3547E+16,4.86384E+16
75521,9.17031E+18,9,2,75,133,2017,3,12,3,3,4,6,0,1,0,0,0,0,1,8.258E+20,5.38495E+21,1.34137E+16,4.85329E+16
75522,9.17031E+18,9,2,75,133,2017,3,12,3,3,9,1,0,1,0,0,0,0,1,8.24428E+20,5.38172E+21,1.33927E+16,4.85047E+16
75523,9.17031E+18,9,2,72,146,2017,3,19,3,2,2,6,0,1,0,0,1,2,1,8.26335E+20,5.42258E+21,1.34507E+16,4.88702E+16
75524,9.17031E+18,9,2,77,119,2017,3,2,3,2,9,7,0,1,0,0,1,2,0,7.75655E+20,5.37335E+21,1.27284E+16,4.84529E+16
75525,9.17031E+18,9,2,74,127,2017,3,8,3,3,3,6,1,0,0,0,1,0,0,7.35781E+20,5.39809E+21,1.2204E+16,4.86913E+16
75526,9.17031E+18,9,1,90,142,2017,3,22,3,2,5,3,0,1,0,0,0,2,1,6.58408E+20,5.29832E+21,1.11162E+16,4.78187E+16
75527,9.17031E+18,9,1,80,135,2017,3,6,3,2,9,1,0,1,0,0,0,1,1,6.52927E+20,5.27449E+21,1.10347E+16,4.76058E+16
75528,9.17031E+18,9,1,71,132,2017,3,9,3,2,8,1,0,1,0,0,0,0,1,7.67793E+20,5.35204E+21,1.26087E+16,4.82649E+16
75529,9.17031E+18,9,1,89,155,2017,3,6,3,3,5,3,1,1,0,0,0,1,0,7.717E+20,5.30871E+21,1.26337E+16,4.78742E+16
75530,9.17031E+18,9,1,89,155,2017,3,17,3,3,0,7,1,0,0,0,0,0,1,7.71898E+20,5.30935E+21,1.26368E+16,4.78799E+16
75531,9.17031E+18,9,1,72,118,2017,3,9,3,3,5,3,0,1,0,0,1,0,1,7.97847E+20,5.30637E+21,1.2981E+16,4.78416E+16
75532,9.17031E+18,9,1,87,177,2017,3,9,3,3,2,6,0,1,0,0,0,0,1,7.35513E+20,5.30469E+21,1.21484E+16,4.78523E+16
75533,9.17031E+18,9,1,87,165,2017,3,21,3,3,2,6,0,1,0,0,0,2,0,7.33596E+20,5.2998E+21,1.21202E+16,4.78091E+16
75534,9.17031E+18,9,1,85,125,2017,3,18,3,3,6,7,0,1,1,0,0,2,0,6.50702E+20,5.39344E+21,1.10472E+16,4.86758E+16
75535,9.17031E+18,9,1,62,0,2017,3,23,7,3,4,2,0,1,0,0,0,2,0,6.89658E+20,5.34012E+21,1.15518E+16,4.8186E+16
75536,9.17031E+18,9,1,85,150,2017,3,11,3,3,0,7,0,1,0,0,1,0,0,6.56257E+20,5.39841E+21,1.11245E+16,4.87191E+16
75537,9.17031E+18,9,1,86,113,2017,3,22,3,2,5,3,0,1,0,1,0,2,0,6.8081E+20,5.39588E+21,1.14569E+16,4.86898E+16
75538,9.17031E+18,9,1,76,138,2017,3,12,3,3,4,1,0,1,0,0,0,0,1,6.77151E+20,5.4163E+21,1.1416E+16,4.88743E+16
75539,9.17031E+18,9,1,76,114,2017,3,17,3,3,2,3,0,1,0,0,0,1,0,6.83279E+20,5.4315E+21,1.15063E+16,4.90092E+16
75540,9.17031E+18,9,1,62,0,2017,3,3,7,3,9,1,0,1,0,0,0,2,0,6.91937E+20,5.33172E+21,1.15786E+16,4.81098E+16
75541,9.17031E+18,9,1,62,0,2017,3,12,3,3,2,6,0,1,0,0,0,0,0,6.81109E+20,5.34149E+21,1.14374E+16,4.82008E+16
75542,9.17031E+18,9,1,81,130,2017,3,11,3,2,4,1,0,0,0,0,1,0,2,6.38608E+20,5.3186E+21,1.08584E+16,4.80057E+16
75543,9.17031E+18,9,1,62,0,2017,3,15,7,3,5,2,1,1,0,0,0,0,0,6.89016E+20,5.3319E+21,1.15395E+16,4.81123E+16
75544,9.17031E+18,9,1,78,116,2017,3,14,3,3,5,3,0,1,0,0,1,0,0,7.03056E+20,5.37998E+21,1.17511E+16,4.854E+16
75545,9.17031E+18,9,1,77,119,2017,3,18,3,3,3,2,0,1,0,0,0,1,0,7.20459E+20,5.34054E+21,1.19659E+16,4.81798E+16
75546,9.17031E+18,9,1,62,0,2017,3,16,2,3,1,5,0,1,0,0,0,2,0,6.88519E+20,5.33438E+21,1.15339E+16,4.81347E+16
75547,9.17031E+18,9,1,62,0,2017,3,14,2,3,8,6,0,1,0,0,0,2,0,6.89472E+20,5.33188E+21,1.15456E+16,4.8112E+16
75548,9.17031E+18,9,1,62,0,2017,3,20,2,3,2,6,0,1,0,0,0,2,0,6.89503E+20,5.33903E+21,1.15492E+16,4.81763E+16
75549,9.17031E+18,9,1,84,121,2017,3,15,2,2,9,6,0,1,0,0,0,0,0,7.06642E+20,5.32487E+21,1.17726E+16,4.80437E+16
75550,9.17031E+18,9,1,62,0,2017,3,18,2,3,2,2,0,1,0,0,0,2,0,6.85445E+20,5.33185E+21,1.14915E+16,4.81129E+16
75551,9.17031E+18,9,1,62,0,2017,3,1,7,3,9,1,0,1,0,0,0,2,0,6.81457E+20,5.3358E+21,1.14397E+16,4.81496E+16
75552,9.17031E+18,9,7,74,155,2017,3,6,2,1,8,6,0,1,0,0,1,0,1,5.90237E+20,5.36515E+21,1.02199E+16,4.84331E+16
75553,9.17031E+18,9,7,74,144,2017,3,10,2,2,2,6,0,0,0,0,1,0,0,6.06174E+20,5.36318E+21,1.04348E+16,4.84128E+16
75554,9.17031E+18,9,7,75,135,2017,3,20,2,3,2,6,0,1,0,0,1,2,1,5.73866E+20,5.35917E+21,9.99761E+15,4.83814E+16
75555,9.17031E+18,9,7,75,162,2017,3,16,2,3,3,1,0,1,0,0,0,0,0,5.82597E+20,5.34859E+21,1.01134E+16,4.82851E+16
75556,9.17031E+18,9,7,78,204,2017,3,7,2,3,0,1,0,0,0,1,0,0,0,6.161E+20,5.32891E+21,1.05595E+16,4.81028E+16
75557,9.17031E+18,9,7,80,128,2017,3,7,2,3,9,1,0,1,0,0,0,0,1,6.02985E+20,5.27609E+21,1.03708E+16,4.763E+16
75558,9.17031E+18,9,7,73,139,2017,3,14,2,3,2,2,0,1,0,0,0,0,0,6.16824E+20,5.38729E+21,1.05855E+16,4.86277E+16
75559,9.17031E+18,9,7,72,148,2017,3,15,2,3,2,6,0,1,0,0,0,0,0,6.28691E+20,5.35461E+21,1.07364E+16,4.83315E+16
75560,9.17031E+18,9,7,72,171,2017,3,7,2,3,2,6,0,1,0,0,0,0,1,6.37659E+20,5.37172E+21,1.08629E+16,4.84836E+16
75561,9.17031E+18,9,7,61,0,2017,3,18,2,3,0,7,1,0,0,0,0,2,0,6.44648E+20,5.3576E+21,1.09526E+16,4.8355E+16
75562,9.17031E+18,9,7,61,0,2017,3,8,2,3,5,3,0,1,0,0,0,0,0,6.41471E+20,5.3584E+21,1.091E+16,4.83629E+16
75563,9.17031E+18,9,6,63,0,2017,3,6,2,3,2,6,0,1,0,0,1,0,0,5.66353E+20,5.51171E+21,9.92117E+15,4.97542E+16
75564,9.17031E+18,9,6,79,180,2017,3,10,2,2,8,1,0,1,0,0,0,0,1,5.69646E+20,5.52987E+21,9.97014E+15,4.99171E+16
75565,9.17031E+18,9,6,63,0,2017,3,20,2,3,3,2,0,1,0,0,1,2,1,5.67188E+20,5.51686E+21,9.93365E+15,4.98005E+16
75566,9.17031E+18,9,6,73,141,2017,3,5,2,3,5,3,0,1,0,0,0,1,1,6.03633E+20,5.57287E+21,1.04551E+16,5.02988E+16
75567,9.17031E+18,9,6,77,157,2017,3,15,2,3,2,6,0,1,0,0,1,0,1,5.39817E+20,5.51868E+21,9.55351E+15,4.98193E+16
75568,9.17031E+18,9,6,76,119,2017,3,15,2,3,8,1,0,1,0,0,0,0,1,5.2483E+20,5.50484E+21,9.3443E+15,4.96956E+16
75569,9.17031E+18,9,6,61,0,2017,3,16,2,3,2,6,0,1,0,0,0,0,1,5.07558E+20,5.53482E+21,9.10539E+15,4.99657E+16
75570,9.17031E+18,9,7,74,115,2017,3,21,7,3,8,1,0,1,0,0,0,2,0,6.09726E+20,5.34431E+21,1.04779E+16,4.82425E+16
75571,9.17031E+18,9,7,80,132,2017,3,11,7,3,4,7,0,1,0,0,0,0,0,5.76671E+20,5.26656E+21,1.0019E+16,4.75479E+16
75572,9.17031E+18,9,5,74,155,2017,3,1,2,3,9,1,0,1,0,0,0,2,1,6.69551E+20,5.4946E+21,1.13456E+16,4.95802E+16
75573,9.17031E+18,9,5,62,0,2017,3,12,2,3,0,7,1,0,0,0,0,0,0,6.44826E+20,5.49655E+21,1.10045E+16,4.96041E+16
75574,9.17031E+18,9,7,72,200,2017,3,10,7,3,2,6,0,1,0,0,0,0,0,6.30223E+20,5.33964E+21,1.07524E+16,4.81966E+16
75575,9.17031E+18,9,5,62,0,2017,3,13,2,3,1,6,0,1,0,0,0,0,1,6.457E+20,5.49345E+21,1.10154E+16,4.95761E+16
75576,9.17031E+18,9,6,79,144,2017,3,14,7,3,2,6,0,1,0,0,0,0,0,5.53665E+20,5.51213E+21,9.7451E+15,4.97592E+16
75577,9.17031E+18,9,5,72,131,2017,3,16,2,3,5,2,0,1,0,0,0,0,1,6.54498E+20,5.48494E+21,1.11337E+16,4.94974E+16
75578,9.17031E+18,9,5,65,0,2017,3,6,2,2,5,3,1,1,0,0,0,1,1,6.44818E+20,5.466E+21,1.09932E+16,4.93295E+16
75579,9.17031E+18,9,4,64,0,2017,3,15,7,2,0,3,0,1,0,1,0,0,0,7.07566E+20,5.57664E+21,1.1915E+16,5.03053E+16
75580,9.17031E+18,9,5,76,141,2017,3,7,2,3,8,1,0,1,0,0,0,0,1,6.44744E+20,5.44801E+21,1.09857E+16,4.91678E+16
75581,9.17031E+18,9,5,74,138,2017,3,11,2,2,1,6,0,1,0,0,0,0,0,6.6444E+20,5.48649E+21,1.12715E+16,4.95087E+16
75582,9.17031E+18,9,5,64,0,2017,3,7,2,3,0,3,0,0,0,0,1,0,0,6.49545E+20,5.47713E+21,1.10624E+16,4.94285E+16
75583,9.17031E+18,9,5,64,0,2017,3,19,2,3,5,2,0,1,0,0,0,2,1,6.47425E+20,5.4762E+21,1.10328E+16,4.94206E+16
75584,9.17031E+18,9,5,64,0,2017,3,14,2,3,0,6,0,1,0,0,1,0,0,6.48644E+20,5.481E+21,1.10514E+16,4.94635E+16
75585,9.17031E+18,9,5,71,175,2017,3,10,2,2,8,7,0,0,0,0,1,0,0,6.20072E+20,5.45697E+21,1.065E+16,4.92537E+16
75586,9.17031E+18,9,5,71,216,2017,3,12,2,3,5,3,0,1,0,0,0,0,1,6.20278E+20,5.45155E+21,1.06513E+16,4.9205E+16
75587,9.17031E+18,9,4,64,0,2017,3,15,2,3,2,6,0,1,0,0,0,0,1,7.05865E+20,5.57894E+21,1.18924E+16,5.03266E+16
75588,9.17031E+18,9,4,64,0,2017,3,13,2,3,0,2,1,1,0,0,0,0,1,7.06774E+20,5.57793E+21,1.19046E+16,5.03172E+16
75589,9.17031E+18,9,4,64,0,2017,3,14,2,3,5,3,0,1,0,0,1,0,1,7.06158E+20,5.57786E+21,1.18959E+16,5.03167E+16
75590,9.17031E+18,9,4,78,165,2017,3,19,2,3,1,7,0,1,0,0,0,1,1,6.45318E+20,5.5547E+21,1.10331E+16,5.01267E+16
75591,9.17031E+18,9,4,73,120,2017,3,5,2,2,8,1,0,1,0,0,0,2,1,6.42609E+20,5.57339E+21,1.10023E+16,5.02954E+16
75592,9.17031E+18,9,4,76,152,2017,3,5,2,2,4,1,0,1,0,0,0,1,2,6.67043E+20,5.59137E+21,1.1353E+16,5.04506E+16
75593,9.17031E+18,9,6,77,120,2017,3,12,7,3,2,6,0,1,0,0,0,0,0,5.35311E+20,5.52276E+21,9.49125E+15,4.98562E+16
75594,9.17031E+18,9,6,76,141,2017,3,9,7,2,9,1,0,1,0,0,0,0,0,5.21751E+20,5.5163E+21,9.30224E+15,4.97988E+16
75595,9.17031E+18,9,5,71,190,2017,3,11,7,2,9,7,0,1,0,0,0,0,0,6.2298E+20,5.46603E+21,1.06928E+16,4.93346E+16
75596,9.17032E+18,9,3,76,141,2017,3,18,7,3,5,6,0,1,0,0,0,2,1,7.26947E+20,5.44999E+21,1.21131E+16,4.91607E+16
75597,9.17032E+18,9,3,71,131,2017,3,9,7,3,9,1,0,1,0,0,1,0,1,6.96445E+20,5.47789E+21,1.17089E+16,4.94219E+16
75598,9.17032E+18,9,3,71,121,2017,3,2,7,1,8,1,0,1,0,0,0,2,1,7.09781E+20,5.50278E+21,1.19058E+16,4.96411E+16
75599,9.17032E+18,9,2,76,135,2017,3,14,7,3,2,2,0,1,0,0,0,0,1,7.78361E+20,5.44543E+21,1.28137E+16,4.90987E+16
75600,9.17032E+18,9,2,78,118,2017,3,17,7,3,5,3,0,1,0,0,0,0,1,7.68524E+20,5.42492E+21,1.26656E+16,4.89189E+16
75601,9.17032E+18,9,2,78,116,2017,3,9,7,3,2,6,0,1,0,0,0,0,1,7.65485E+20,5.43121E+21,1.26283E+16,4.89767E+16
75602,9.17032E+18,9,2,75,152,2017,3,15,7,3,6,4,0,1,1,0,0,0,0,8.22083E+20,5.40652E+21,1.33803E+16,4.87283E+16
75603,9.17031E+18,9,3,62,0,2017,3,13,2,3,2,6,0,1,0,0,0,0,0,7.24988E+20,5.43527E+21,1.2078E+16,4.90292E+16
75604,9.17032E+18,9,2,62,0,2017,3,18,7,3,5,2,0,1,0,0,0,2,1,8.26305E+20,5.38801E+21,1.3423E+16,4.85602E+16
75605,9.17031E+18,9,3,75,180,2017,3,10,2,3,1,6,0,1,0,0,0,0,0,7.26301E+20,5.42482E+21,1.20901E+16,4.89349E+16
75606,9.17032E+18,9,2,75,119,2017,3,13,7,3,9,1,0,1,0,0,0,0,1,8.33954E+20,5.40103E+21,1.35368E+16,4.86729E+16
75607,9.17031E+18,9,3,61,0,2017,3,19,2,3,3,6,0,1,0,0,0,2,0,7.06738E+20,5.4813E+21,1.18524E+16,4.94492E+16
75608,9.17032E+18,9,2,72,120,2017,3,15,7,3,8,1,0,1,0,0,0,0,1,8.21777E+20,5.42419E+21,1.339E+16,4.8887E+16
75609,9.17032E+18,9,2,73,111,2017,3,9,7,2,4,6,0,1,0,0,0,0,1,7.10281E+20,5.41259E+21,1.18654E+16,4.88306E+16
75610,9.17031E+18,9,3,61,0,2017,3,5,2,3,4,6,0,1,0,0,1,0,0,7.066E+20,5.48311E+21,1.18515E+16,4.94654E+16
75611,9.17032E+18,9,2,73,111,2017,3,8,7,3,1,6,0,1,0,0,0,0,1,7.09634E+20,5.41171E+21,1.18562E+16,4.88229E+16
75612,9.17032E+18,9,1,90,152,2017,3,17,7,3,8,1,0,1,0,0,0,1,0,6.66833E+20,5.29864E+21,1.12288E+16,4.78195E+16
75613,9.17031E+18,9,2,76,111,2017,3,16,2,3,2,2,0,1,0,1,0,0,0,7.87652E+20,5.43206E+21,1.29312E+16,4.89744E+16
75614,9.17032E+18,9,1,89,154,2017,3,17,7,3,8,1,0,1,0,0,0,0,1,7.69525E+20,5.31853E+21,1.26108E+16,4.79633E+16
75615,9.17032E+18,9,1,76,143,2017,3,13,7,3,3,6,0,1,0,0,0,0,0,6.81043E+20,5.40891E+21,1.14658E+16,4.88068E+16
75616,9.17032E+18,9,1,85,149,2017,3,14,7,3,4,2,0,1,0,0,0,0,1,6.60212E+20,5.39817E+21,1.11781E+16,4.8716E+16
75617,9.17032E+18,9,1,81,130,2017,3,13,7,3,4,2,0,1,0,0,0,0,1,6.41987E+20,5.32209E+21,1.09048E+16,4.80363E+16
75618,9.17032E+18,9,1,88,144,2017,3,23,7,3,0,7,1,0,0,0,0,2,1,6.68474E+20,5.32774E+21,1.12621E+16,4.80807E+16
75619,9.17032E+18,9,1,74,131,2017,3,18,7,3,9,1,0,1,0,0,0,2,1,6.75195E+20,5.3571E+21,1.13644E+16,4.83428E+16
75620,9.17032E+18,9,1,77,123,2017,3,17,7,3,5,3,0,1,0,0,0,0,0,7.26829E+20,5.34324E+21,1.20529E+16,4.82019E+16
75621,9.17032E+18,9,1,62,0,2017,3,12,6,3,5,3,1,1,0,0,0,0,0,6.92111E+20,5.34193E+21,1.15855E+16,4.82015E+16
75622,9.17032E+18,9,1,62,0,2017,3,18,6,3,6,4,1,0,1,0,0,2,1,7.01782E+20,5.3322E+21,1.1711E+16,4.81111E+16
75623,9.17032E+18,9,1,84,137,2017,3,14,6,3,5,2,0,1,0,0,0,0,0,7.06318E+20,5.31686E+21,1.17644E+16,4.79718E+16
75624,9.17032E+18,9,1,62,0,2017,3,18,6,3,6,4,0,1,1,0,0,2,1,6.97508E+20,5.33357E+21,1.16542E+16,4.81248E+16
75625,9.17032E+18,9,4,72,119,2017,3,9,7,3,2,1,0,1,0,0,1,0,1,6.86879E+20,5.54296E+21,1.16083E+16,5.00096E+16
75626,9.17032E+18,9,1,84,120,2017,3,17,6,3,5,3,0,1,0,0,0,0,1,6.82233E+20,5.33367E+21,1.14492E+16,4.81302E+16
75627,9.17032E+18,9,1,62,0,2017,3,8,6,3,4,2,0,1,0,0,0,0,1,6.95134E+20,5.33779E+21,1.16243E+16,4.81634E+16
75628,9.17032E+18,9,7,78,151,2017,3,13,6,3,2,6,0,1,0,0,0,0,0,5.92243E+20,5.31755E+21,1.02367E+16,4.80046E+16
75629,9.17032E+18,9,7,78,151,2017,3,15,6,3,2,6,0,1,0,0,1,0,0,5.93564E+20,5.31876E+21,1.02547E+16,4.80153E+16
75630,9.17032E+18,9,7,75,139,2017,3,8,6,3,2,6,0,1,0,0,0,0,0,5.7715E+20,5.36728E+21,1.00434E+16,4.84539E+16
75631,9.17032E+18,9,7,75,164,2017,3,18,6,2,8,1,0,1,0,0,0,0,0,5.8978E+20,5.35055E+21,1.02107E+16,4.83017E+16
75632,9.17032E+18,9,7,75,152,2017,3,15,6,3,5,3,0,1,0,0,1,0,0,5.79474E+20,5.35211E+21,1.0072E+16,4.83172E+16
75633,9.17032E+18,9,7,75,135,2017,3,10,6,3,5,3,0,1,0,1,0,0,0,5.78154E+20,5.36289E+21,1.00562E+16,4.84143E+16
75634,9.17032E+18,9,7,78,149,2017,3,15,6,3,7,1,0,0,0,1,0,0,0,5.9338E+20,5.31263E+21,1.02509E+16,4.79602E+16
75635,9.17032E+18,9,7,74,135,2017,3,15,6,3,5,2,0,1,0,0,0,0,0,5.9456E+20,5.36821E+21,1.02791E+16,4.84599E+16
75636,9.17032E+18,9,7,76,130,2017,3,23,6,3,3,6,0,1,0,0,0,2,0,5.5506E+20,5.27191E+21,9.73244E+15,4.75983E+16
75637,9.17032E+18,9,7,62,0,2017,3,15,6,3,4,2,1,1,0,0,0,0,0,6.22298E+20,5.30403E+21,1.06356E+16,4.7878E+16
75638,9.17032E+18,9,5,77,138,2017,3,10,7,3,0,6,0,1,0,0,0,0,1,6.29342E+20,5.44747E+21,1.07743E+16,4.91664E+16
75639,9.17032E+18,9,7,77,129,2017,3,15,6,3,4,2,0,1,0,0,0,0,0,6.26119E+20,5.27407E+21,1.0678E+16,4.76078E+16
75640,9.17032E+18,9,7,77,166,2017,3,15,6,3,4,1,0,0,0,1,1,0,0,6.30974E+20,5.27952E+21,1.07442E+16,4.76558E+16
75641,9.17032E+18,9,7,73,113,2017,3,11,6,2,9,1,0,0,0,0,1,0,0,5.9793E+20,5.37592E+21,1.03264E+16,4.85287E+16
75642,9.17032E+18,9,6,75,141,2017,3,23,6,3,5,3,0,1,0,0,0,2,0,5.85052E+20,5.51095E+21,1.01805E+16,4.9745E+16
75643,9.17032E+18,9,6,77,148,2017,3,7,6,3,5,3,0,1,0,0,0,0,0,5.53135E+20,5.5363E+21,9.74106E+15,4.99766E+16
75644,9.17032E+18,9,6,73,114,2017,3,22,6,3,2,2,0,1,0,0,0,2,0,5.8576E+20,5.57483E+21,1.02047E+16,5.03193E+16
75645,9.17032E+18,9,6,76,160,2017,3,15,6,3,0,7,0,0,1,0,1,0,0,5.10598E+20,5.52963E+21,9.14764E+15,4.9919E+16
75646,9.17032E+18,9,5,76,142,2017,3,6,6,3,2,6,0,1,0,0,1,0,0,6.39338E+20,5.46321E+21,1.09168E+16,4.93057E+16
75647,9.17031E+18,9,2,76,135,2017,3,23,2,3,2,6,0,1,0,1,0,2,0,7.78618E+20,5.4453E+21,1.28171E+16,4.90974E+16
75648,9.17031E+18,9,2,75,138,2017,3,17,2,3,5,3,0,1,0,0,1,0,0,8.08074E+20,5.38702E+21,1.31758E+16,4.85604E+16
75649,9.17031E+18,9,2,77,145,2017,3,15,2,3,5,3,0,1,0,0,0,0,0,7.97633E+20,5.35319E+21,1.30107E+16,4.82619E+16
75650,9.17032E+18,9,5,72,135,2017,3,8,6,3,2,2,0,1,0,1,0,0,0,6.30536E+20,5.50721E+21,1.08104E+16,4.97032E+16
75651,9.17032E+18,9,5,62,0,2017,3,11,6,3,5,3,0,0,0,0,1,0,0,6.42898E+20,5.49463E+21,1.09771E+16,4.95874E+16
75652,9.17031E+18,9,2,73,147,2017,3,15,2,2,0,1,1,0,0,0,0,0,0,7.06677E+20,5.38964E+21,1.18049E+16,4.86257E+16