OBJECTID,UIDENTSTLA,ULAND,UREGBEZ,UKREIS,UGEMEINDE,UJAHR,UMONAT,USTUNDE,UWOCHENTAG,UKATEGORIE,UART,UTYP1,IstRad,IstPKW,IstFuss,IstKrad,IstSonstig,LICHT,STRZUSTAND,LINREFX,LINREFY,XGCSWGS84,YGCSWGS84
75653,9.17032E+18,9,5,72,120,2017,3,14,6,2,8,7,0,0,0,1,0,0,0,6.48423E+20,5.49578E+21,1.10539E+16,4.95964E+16
75654,9.17032E+18,9,5,65,0,2017,3,16,6,3,2,6,0,1,0,0,0,0,0,6.48588E+20,5.46512E+21,1.10447E+16,4.93207E+16
75655,9.17031E+18,9,2,73,147,2017,3,14,2,2,4,3,0,1,0,1,0,0,0,7.04569E+20,5.39003E+21,1.17765E+16,4.86298E+16
75656,9.17032E+18,9,5,76,142,2017,3,7,6,2,4,2,0,1,0,1,0,0,0,6.37199E+20,5.46712E+21,1.08888E+16,4.93413E+16
75657,9.17031E+18,9,2,61,0,2017,3,12,2,3,4,2,1,1,0,0,0,0,0,7.30728E+20,5.38096E+21,1.2126E+16,4.85392E+16
75658,9.17032E+18,9,5,63,0,2017,3,13,6,3,4,2,1,1,0,0,0,0,0,6.44096E+20,5.48412E+21,1.09898E+16,4.94926E+16
75659,9.17031E+18,9,2,74,126,2017,3,6,2,2,3,6,0,1,0,0,0,1,0,7.32214E+20,5.38657E+21,1.21492E+16,4.85891E+16
75660,9.17032E+18,9,5,64,0,2017,3,13,6,3,3,6,0,1,0,0,0,0,0,6.49347E+20,5.47716E+21,1.10597E+16,4.94288E+16
75661,9.17032E+18,9,5,64,0,2017,3,19,6,3,5,7,0,1,0,0,0,2,0,6.47861E+20,5.47996E+21,1.10402E+16,4.94543E+16
75662,9.17032E+18,9,5,64,0,2017,3,16,6,3,5,3,0,1,0,0,0,0,0,6.54097E+20,5.4816E+21,1.11268E+16,4.94675E+16
75663,9.17032E+18,9,5,64,0,2017,3,8,6,3,2,6,0,1,0,0,0,0,0,6.48253E+20,5.47725E+21,1.10446E+16,4.94298E+16
75664,9.17032E+18,9,5,71,199,2017,3,13,6,2,2,6,0,1,0,0,1,0,0,5.90152E+20,5.44923E+21,1.02373E+16,4.91892E+16
75665,9.17031E+18,9,2,61,0,2017,3,6,2,3,3,2,1,1,0,0,0,0,0,7.31815E+20,5.38119E+21,1.21408E+16,4.85409E+16
75666,9.17031E+18,9,2,73,152,2017,3,15,2,3,5,3,0,1,0,0,0,0,0,7.04583E+20,5.40977E+21,1.17865E+16,4.88072E+16
75667,9.17032E+18,9,5,71,145,2017,3,8,6,2,8,7,0,1,0,0,0,0,0,5.9197E+20,5.44335E+21,1.02609E+16,4.91361E+16
75668,9.17031E+18,9,1,73,137,2017,3,17,2,3,3,2,1,1,0,0,0,0,0,6.75136E+20,5.30307E+21,1.13414E+16,4.78571E+16
75669,9.17032E+18,9,5,77,179,2017,3,9,6,3,0,6,0,1,0,0,1,0,0,6.22774E+20,5.43014E+21,1.0679E+16,4.9012E+16
75670,9.17032E+18,9,5,75,181,2017,3,9,6,3,4,6,0,1,0,0,1,0,0,6.25578E+20,5.49179E+21,1.07367E+16,4.95657E+16
75671,9.17032E+18,9,4,75,169,2017,3,11,6,3,2,6,0,1,0,0,0,0,0,6.87261E+20,5.57371E+21,1.16287E+16,5.02857E+16
75672,9.17032E+18,9,4,78,139,2017,3,11,6,2,8,1,0,1,0,0,0,0,0,6.4431E+20,5.55794E+21,1.10202E+16,5.01561E+16
75673,9.17032E+18,9,4,73,151,2017,3,21,6,3,8,1,0,1,0,0,0,2,0,6.47673E+20,5.57509E+21,1.1074E+16,5.03094E+16
75674,9.17032E+18,9,4,73,175,2017,3,12,6,3,2,6,0,1,0,0,0,0,0,6.33242E+20,5.56631E+21,1.08683E+16,5.02339E+16
75675,9.17032E+18,9,4,73,138,2017,3,15,6,3,4,6,0,1,0,0,1,0,0,6.35985E+20,5.55593E+21,1.0903E+16,5.014E+16
75676,9.17032E+18,9,4,72,150,2017,3,15,6,3,2,6,0,1,0,0,0,0,0,6.81712E+20,5.5379E+21,1.15338E+16,4.99657E+16
75677,9.17032E+18,9,4,71,145,2017,3,18,6,3,5,3,0,1,0,0,0,1,0,6.41695E+20,5.51897E+21,1.09693E+16,4.98064E+16
75678,9.17032E+18,9,3,75,179,2017,3,14,7,2,4,6,0,1,0,0,1,0,0,7.29643E+20,5.42783E+21,1.21374E+16,4.89607E+16
75679,9.17032E+18,9,4,61,0,2017,3,10,6,3,2,6,0,1,0,0,0,0,0,6.37387E+20,5.53064E+21,1.09136E+16,4.99124E+16
75680,9.17032E+18,9,5,72,160,2017,3,5,7,3,9,1,0,1,0,0,0,1,1,6.24927E+20,5.51363E+21,1.07347E+16,4.97622E+16
75681,9.17032E+18,9,4,61,0,2017,3,14,6,3,4,2,1,1,0,0,0,0,0,6.35294E+20,5.5301E+21,1.08843E+16,4.99079E+16
75682,9.17032E+18,9,3,72,126,2017,3,16,6,3,5,3,0,1,0,0,0,0,0,7.79525E+20,5.47029E+21,1.28469E+16,4.93213E+16
75683,9.17032E+18,9,3,75,204,2017,3,6,6,3,0,7,0,0,0,1,0,0,1,7.31271E+20,5.43494E+21,1.21637E+16,4.9024E+16
75684,9.17032E+18,9,3,75,148,2017,3,21,6,3,9,7,0,1,0,0,0,2,0,7.03344E+20,5.4353E+21,1.17823E+16,4.9037E+16
75685,9.17032E+18,9,3,72,153,2017,3,16,6,3,0,3,0,1,0,1,0,0,0,7.56452E+20,5.45531E+21,1.25204E+16,4.91969E+16
75686,9.17032E+18,9,2,78,113,2017,3,12,6,3,4,6,0,1,0,1,0,0,0,7.64659E+20,5.41567E+21,1.2607E+16,4.88375E+16
75687,9.17031E+18,9,1,71,116,2017,3,6,2,3,2,6,0,1,0,0,0,1,0,7.6889E+20,5.33005E+21,1.26096E+16,4.80669E+16
75688,9.17031E+18,9,1,61,0,2017,3,6,2,3,5,3,1,1,0,0,0,0,0,6.79944E+20,5.40311E+21,1.14483E+16,4.87549E+16
75689,9.17031E+18,9,1,61,0,2017,3,19,2,3,0,1,1,0,0,0,0,2,0,6.79291E+20,5.40416E+21,1.14399E+16,4.87646E+16
75690,9.17032E+18,9,2,71,128,2017,3,9,6,3,2,1,0,1,0,0,1,0,0,7.99678E+20,5.39855E+21,1.30706E+16,4.8668E+16
75691,9.17031E+18,9,1,76,143,2017,3,14,2,2,2,6,0,1,0,0,0,0,0,6.81048E+20,5.40956E+21,1.14661E+16,4.88127E+16
75692,9.17032E+18,9,2,75,154,2017,3,17,6,2,8,1,0,1,0,0,0,0,1,8.14201E+20,5.39039E+21,1.32612E+16,4.85877E+16
75693,9.17032E+18,9,2,77,113,2017,3,14,6,3,0,2,0,0,0,1,1,0,0,8.02548E+20,5.37189E+21,1.30902E+16,4.84274E+16
75694,9.17031E+18,9,1,86,143,2017,3,9,2,3,2,6,0,1,0,0,0,0,0,6.85659E+20,5.37858E+21,1.1515E+16,4.85328E+16
75695,9.17032E+18,9,2,75,145,2017,3,10,6,3,7,6,1,0,0,0,1,0,0,8.19159E+20,5.37481E+21,1.33163E+16,4.84454E+16
75696,9.17032E+18,9,2,77,153,2017,3,11,6,3,3,6,0,1,0,0,0,0,0,7.82993E+20,5.36267E+21,1.28202E+16,4.83537E+16
75697,9.17031E+18,9,1,61,0,2017,3,13,2,3,5,2,1,1,0,0,0,0,0,6.76083E+20,5.40503E+21,1.13966E+16,4.87734E+16
75698,9.17032E+18,9,2,74,176,2017,3,12,6,3,5,2,0,1,0,0,1,0,0,7.26269E+20,5.39951E+21,1.20758E+16,4.87076E+16
75699,9.17032E+18,9,2,74,119,2017,3,13,6,3,5,3,0,1,0,0,0,0,0,7.42232E+20,5.40095E+21,1.22932E+16,4.87144E+16
75700,9.17032E+18,9,2,74,121,2017,3,7,6,3,6,7,0,1,0,0,1,0,1,7.24437E+20,5.3705E+21,1.20352E+16,4.84476E+16
75701,9.17032E+18,9,2,61,0,2017,3,9,6,3,1,3,1,1,0,0,0,0,0,7.322E+20,5.38153E+21,1.21462E+16,4.85438E+16
75702,9.17032E+18,9,2,79,112,2017,3,10,6,2,3,2,0,1,0,1,0,0,0,7.52834E+20,5.39309E+21,1.24323E+16,4.86396E+16
75703,9.17032E+18,9,1,71,125,2017,3,17,6,3,8,6,0,1,0,0,0,0,0,7.7901E+20,5.35082E+21,1.27587E+16,4.82491E+16
75704,9.17032E+18,9,1,89,148,2017,3,11,6,3,2,6,0,1,0,0,0,0,0,7.73482E+20,5.30935E+21,1.26579E+16,4.78792E+16
75705,9.17032E+18,9,1,83,120,2017,3,16,6,3,4,2,0,1,0,1,0,0,0,7.51377E+20,5.34728E+21,1.23851E+16,4.82289E+16
75706,9.17032E+18,9,1,72,118,2017,3,18,6,3,5,3,0,1,0,0,0,1,0,7.98448E+20,5.30615E+21,1.29888E+16,4.78394E+16
75707,9.17032E+18,9,1,71,112,2017,3,13,6,3,5,3,0,0,0,1,1,0,0,7.84489E+20,5.34479E+21,1.28283E+16,4.81926E+16
75708,9.17032E+18,9,5,64,0,2017,3,11,7,3,4,2,1,1,0,0,0,0,1,6.51766E+20,5.4774E+21,1.10931E+16,4.94303E+16
75709,9.17032E+18,9,1,87,128,2017,3,13,6,2,5,3,0,1,0,1,0,0,0,7.4637E+20,5.31151E+21,1.22972E+16,4.79095E+16
75710,9.17032E+18,9,1,87,129,2017,3,7,6,3,4,2,0,1,0,0,0,0,0,7.25644E+20,5.3006E+21,1.20145E+16,4.78191E+16
75711,9.17032E+18,9,1,87,117,2017,3,11,6,3,2,6,0,1,0,0,0,0,0,7.26191E+20,5.30514E+21,1.20242E+16,4.78597E+16
75712,9.17032E+18,9,1,87,122,2017,3,18,6,3,0,1,1,0,0,0,0,1,0,7.17774E+20,5.30723E+21,1.19129E+16,4.78815E+16
75713,9.17031E+18,9,7,79,131,2017,3,13,1,3,3,3,0,1,0,0,0,0,0,6.30799E+20,5.39974E+21,1.0779E+16,4.87369E+16
75714,9.17031E+18,9,7,74,136,2017,3,22,1,3,8,7,0,1,0,0,0,2,0,6.04916E+20,5.37545E+21,1.04209E+16,4.85234E+16
75715,9.17032E+18,9,1,76,131,2017,3,14,6,3,2,6,0,1,0,0,0,0,0,6.80653E+20,5.41003E+21,1.1461E+16,4.8817E+16
75716,9.17032E+18,9,1,61,0,2017,3,22,6,3,5,2,0,1,0,1,0,2,0,6.7927E+20,5.40104E+21,1.14382E+16,4.87366E+16
75717,9.17032E+18,9,1,86,162,2017,3,18,6,3,9,1,0,1,0,0,0,2,1,6.96903E+20,5.38767E+21,1.16714E+16,4.86111E+16
75718,9.17032E+18,9,1,61,0,2017,3,9,6,3,5,3,1,1,0,0,0,0,0,6.78845E+20,5.40579E+21,1.14345E+16,4.87794E+16
75719,9.17031E+18,9,7,72,159,2017,3,16,1,3,5,3,0,1,0,0,0,0,0,6.27735E+20,5.36296E+21,1.0726E+16,4.84069E+16
75720,9.17031E+18,9,1,79,142,2017,3,19,2,3,4,2,1,1,0,0,0,2,0,6.70982E+20,5.34111E+21,1.13011E+16,4.82002E+16
75721,9.17031E+18,9,1,81,130,2017,3,18,2,3,0,7,0,0,0,1,0,1,0,6.39917E+20,5.32346E+21,1.08775E+16,4.80491E+16
75722,9.17031E+18,9,1,81,130,2017,3,15,2,1,5,2,1,1,0,0,0,0,0,6.39165E+20,5.32275E+21,1.08672E+16,4.80428E+16
75723,9.17032E+18,9,1,85,149,2017,3,13,6,3,5,7,1,0,0,1,0,0,0,6.60535E+20,5.40142E+21,1.11838E+16,4.87451E+16
75724,9.17032E+18,9,1,85,153,2017,3,11,6,2,8,1,0,0,0,1,0,0,0,6.49003E+20,5.40113E+21,1.10269E+16,4.87454E+16
75725,9.17032E+18,9,1,76,111,2017,3,7,6,3,2,6,0,1,0,0,0,0,0,6.63307E+20,5.4142E+21,1.12265E+16,4.88593E+16
75726,9.17032E+18,9,1,76,120,2017,3,12,6,3,5,3,0,1,0,0,1,0,0,6.78611E+20,5.423E+21,1.14388E+16,4.89341E+16
75727,9.17031E+18,9,1,88,124,2017,3,14,2,3,0,7,1,0,0,0,0,0,0,6.61454E+20,5.31909E+21,1.11646E+16,4.80047E+16
75728,9.17032E+18,9,1,62,0,2017,3,7,6,3,2,6,0,1,0,0,1,0,0,6.861E+20,5.33332E+21,1.1501E+16,4.81259E+16
75729,9.17031E+18,9,1,74,113,2017,3,14,2,3,2,6,0,1,0,0,1,0,0,6.74216E+20,5.34463E+21,1.1346E+16,4.8231E+16
75730,9.17032E+18,9,1,74,115,2017,3,13,6,3,4,2,0,1,0,0,0,0,0,6.81149E+20,5.34933E+21,1.14413E+16,4.82713E+16
75731,9.17032E+18,9,1,74,135,2017,3,11,6,3,1,5,0,1,0,0,0,0,0,6.64023E+20,5.35442E+21,1.12127E+16,4.83216E+16
75732,9.17032E+18,9,1,81,127,2017,3,15,6,2,4,6,0,1,0,0,0,0,0,6.35218E+20,5.32498E+21,1.0815E+16,4.80638E+16
75733,9.17032E+18,9,1,77,133,2017,3,20,6,2,4,6,0,1,0,0,0,2,0,7.11346E+20,5.36133E+21,1.18538E+16,4.83697E+16
75734,9.17032E+18,9,1,75,131,2017,3,6,6,3,2,6,0,1,0,0,0,0,0,7.07847E+20,5.32385E+21,1.17883E+16,4.8034E+16
75735,9.17032E+18,9,1,77,115,2017,3,14,6,3,6,4,0,1,1,0,0,0,0,7.34049E+20,5.35134E+21,1.21544E+16,4.8272E+16
75736,9.17032E+18,9,1,62,0,2017,3,18,5,3,3,6,0,1,0,0,0,1,0,6.90671E+20,5.33201E+21,1.15617E+16,4.81128E+16
75737,9.17032E+18,9,1,62,0,2017,3,17,5,2,6,4,0,1,1,0,0,0,0,6.90252E+20,5.32913E+21,1.15548E+16,4.8087E+16
75738,9.17032E+18,9,1,84,123,2017,3,16,5,3,5,3,1,1,0,0,0,0,0,7.04111E+20,5.3333E+21,1.17427E+16,4.81202E+16
75739,9.17032E+18,9,1,84,129,2017,3,8,5,2,2,6,0,1,0,0,1,0,0,6.9982E+20,5.32412E+21,1.16808E+16,4.80391E+16
75740,9.17032E+18,9,3,74,124,2017,3,16,7,3,1,2,0,1,0,0,1,0,1,7.09834E+20,5.51138E+21,1.19111E+16,4.97183E+16
75741,9.17032E+18,9,1,84,122,2017,3,19,5,3,5,3,1,1,0,0,0,2,0,6.88195E+20,5.32393E+21,1.1525E+16,4.80409E+16
75742,9.17032E+18,9,7,75,135,2017,3,13,5,3,1,6,0,1,0,0,1,0,0,5.76667E+20,5.35981E+21,1.00355E+16,4.83868E+16
75743,9.17032E+18,9,7,64,0,2017,3,12,5,3,2,6,0,1,0,0,0,0,0,5.88196E+20,5.31455E+21,1.01818E+16,4.79781E+16
75744,9.17032E+18,9,7,64,0,2017,3,11,5,3,2,6,0,1,0,0,1,0,0,5.86754E+20,5.31845E+21,1.01633E+16,4.80135E+16
75745,9.17032E+18,9,7,74,122,2017,3,7,5,3,2,3,0,1,0,0,1,0,0,6.07454E+20,5.35356E+21,1.04497E+16,4.83261E+16
75746,9.17032E+18,9,7,72,163,2017,3,13,5,3,2,6,0,1,0,0,1,0,0,6.3916E+20,5.35053E+21,1.08762E+16,4.82926E+16
75747,9.17032E+18,9,7,72,223,2017,3,11,5,3,2,1,0,1,0,0,1,0,0,6.2E+20,5.36318E+21,1.06216E+16,4.84104E+16
75748,9.17032E+18,9,7,61,0,2017,3,13,5,3,2,6,0,1,0,0,1,0,0,6.36932E+20,5.35957E+21,1.08491E+16,4.83745E+16
75749,9.17032E+18,9,4,71,195,2017,3,9,7,2,8,1,0,1,0,0,0,0,1,6.40148E+20,5.52607E+21,1.09504E+16,4.98706E+16
75750,9.17032E+18,9,7,61,0,2017,3,18,5,3,3,6,0,1,0,0,0,2,0,6.42836E+20,5.35975E+21,1.09289E+16,4.83748E+16
75751,9.17032E+18,9,6,71,155,2017,3,4,7,3,2,6,0,1,0,0,1,2,1,5.03321E+20,5.53521E+21,9.04631E+15,4.99693E+16
75752,9.17032E+18,9,6,79,144,2017,3,10,5,2,8,1,0,0,0,0,1,0,0,5.48731E+20,5.51303E+21,9.67671E+15,4.97678E+16
75753,9.17032E+18,9,6,63,0,2017,3,14,5,3,0,2,1,1,0,0,0,0,0,5.68289E+20,5.51592E+21,9.94878E+15,4.97919E+16
75754,9.17032E+18,9,6,79,206,2017,3,15,5,3,5,3,0,1,0,0,0,0,0,5.73168E+20,5.50664E+21,1.00148E+16,4.97079E+16
75755,9.17032E+18,9,6,75,141,2017,3,13,5,3,5,2,0,1,1,1,0,0,0,5.83648E+20,5.51025E+21,1.01609E+16,4.97389E+16
75756,9.17031E+18,9,6,79,205,2017,3,15,1,2,5,2,0,1,0,1,0,0,0,5.6131E+20,5.51652E+21,9.85192E+15,4.9798E+16
75757,9.17031E+18,9,6,79,170,2017,3,15,1,3,0,7,0,1,0,1,0,0,1,5.749E+20,5.50347E+21,1.00382E+16,4.96791E+16
75758,9.17031E+18,9,6,75,174,2017,3,17,1,2,4,1,0,0,0,1,1,0,0,5.91446E+20,5.52587E+21,1.02728E+16,4.98783E+16
75759,9.17032E+18,9,6,74,149,2017,3,9,5,2,5,3,0,1,0,0,1,0,0,6.08623E+20,5.55422E+21,1.05198E+16,5.01302E+16
75760,9.17031E+18,9,6,72,127,2017,3,15,1,2,3,2,0,1,0,1,0,0,0,5.66434E+20,5.54422E+21,9.92789E+15,5.00466E+16
75761,9.17031E+18,9,6,73,114,2017,3,12,1,3,5,3,0,1,0,0,0,0,0,5.86657E+20,5.57727E+21,1.02178E+16,5.03412E+16
75762,9.17032E+18,9,6,78,150,2017,3,7,5,3,9,1,0,1,0,0,0,0,0,5.90132E+20,5.53228E+21,1.0256E+16,4.99361E+16
75763,9.17032E+18,9,6,74,130,2017,3,9,5,3,3,2,0,1,0,0,1,0,0,6.22375E+20,5.54994E+21,1.07108E+16,5.00891E+16
75764,9.17032E+18,9,6,78,170,2017,3,7,5,3,2,6,0,1,0,0,0,0,0,5.87318E+20,5.53788E+21,1.02181E+16,4.99869E+16
75765,9.17032E+18,9,5,74,123,2017,3,7,5,3,2,6,0,1,0,0,1,0,0,6.58915E+20,5.47354E+21,1.11901E+16,4.93938E+16
75766,9.17032E+18,9,5,62,0,2017,3,7,5,3,3,2,1,1,0,0,0,0,0,6.44818E+20,5.4965E+21,1.10043E+16,4.96037E+16
75767,9.17032E+18,9,5,62,0,2017,3,16,5,3,4,2,0,1,0,1,0,0,0,6.46255E+20,5.49574E+21,1.10239E+16,4.95965E+16
75768,9.17032E+18,9,5,76,143,2017,3,0,5,3,7,7,0,0,0,1,0,2,0,6.55478E+20,5.45284E+21,1.11347E+16,4.92086E+16
75769,9.17032E+18,9,5,74,156,2017,3,15,5,2,9,7,0,1,0,0,0,0,0,6.58459E+20,5.48296E+21,1.11876E+16,4.94786E+16
75770,9.17032E+18,9,5,74,157,2017,3,7,5,3,4,6,0,1,0,0,0,0,0,6.63288E+20,5.47006E+21,1.12489E+16,4.93613E+16
75771,9.17032E+18,9,5,64,0,2017,3,5,5,3,2,6,0,1,0,0,0,2,0,6.47658E+20,5.47479E+21,1.10355E+16,4.94079E+16
75772,9.17032E+18,9,5,64,0,2017,3,11,5,3,2,6,0,1,0,0,0,0,0,6.48662E+20,5.4791E+21,1.10509E+16,4.94464E+16
75773,9.17031E+18,9,6,61,0,2017,3,15,1,3,2,6,0,1,0,0,0,0,0,5.08473E+20,5.53522E+21,9.11815E+15,4.99693E+16
75774,9.17032E+18,9,5,63,0,2017,3,14,5,2,2,6,0,1,0,0,0,0,0,6.43964E+20,5.48161E+21,1.09871E+16,4.94701E+16
75775,9.17032E+18,9,5,71,228,2017,3,16,5,2,2,6,0,1,0,0,1,0,0,5.88916E+20,5.4525E+21,1.0221E+16,4.92188E+16
75776,9.17031E+18,9,6,71,130,2017,3,13,1,2,5,3,0,1,0,1,0,0,0,5.1701E+20,5.53847E+21,9.23734E+15,4.99983E+16
75777,9.17032E+18,9,5,77,177,2017,3,11,5,3,0,2,0,1,0,1,0,0,0,6.43842E+20,5.4329E+21,1.09679E+16,4.90322E+16
75778,9.17031E+18,9,6,71,112,2017,3,15,1,2,1,1,0,1,0,1,0,0,0,5.17169E+20,5.53418E+21,9.23936E+15,4.99597E+16
75779,9.17032E+18,9,5,71,214,2017,3,11,5,2,6,4,0,1,1,0,0,0,0,6.1689E+20,5.43319E+21,1.05994E+16,4.90405E+16
75780,9.17032E+18,9,4,79,169,2017,3,10,5,3,9,7,0,1,0,0,0,0,0,7.17973E+20,5.54914E+21,1.20452E+16,5.00546E+16
75781,9.17032E+18,9,4,75,171,2017,3,20,5,3,1,1,0,1,0,1,0,2,0,6.95561E+20,5.57733E+21,1.1747E+16,5.03156E+16
75782,9.17032E+18,9,4,75,161,2017,3,14,5,3,5,3,0,1,0,0,0,0,0,7.17308E+20,5.57799E+21,1.20524E+16,5.03139E+16
75783,9.17032E+18,9,4,64,0,2017,3,16,5,3,2,6,0,1,0,0,0,0,0,7.08201E+20,5.57462E+21,1.19228E+16,5.02869E+16
75784,9.17032E+18,9,4,64,0,2017,3,6,5,3,5,3,0,1,0,0,0,0,0,7.05194E+20,5.57743E+21,1.18821E+16,5.03132E+16
75785,9.17032E+18,9,4,73,159,2017,3,15,5,3,5,3,0,1,0,0,0,0,1,6.49253E+20,5.57169E+21,1.10948E+16,5.02785E+16
75786,9.17032E+18,9,4,78,111,2017,3,14,5,3,5,3,1,1,0,0,0,0,0,6.60401E+20,5.55589E+21,1.12445E+16,5.01335E+16
75787,9.17032E+18,9,4,72,177,2017,3,15,5,3,3,6,0,1,0,0,1,0,0,6.78097E+20,5.50528E+21,1.14685E+16,4.96737E+16
75788,9.17032E+18,9,4,72,175,2017,3,12,5,3,2,6,0,1,0,0,0,0,0,6.79671E+20,5.52178E+21,1.14979E+16,4.98215E+16
75789,9.17032E+18,9,4,72,177,2017,3,15,5,3,2,6,0,1,0,0,0,0,0,6.78054E+20,5.50423E+21,1.14674E+16,4.96643E+16
75790,9.17032E+18,9,4,77,157,2017,3,9,5,3,0,2,1,1,0,0,0,0,0,6.6893E+20,5.54228E+21,1.13577E+16,5.00089E+16
75791,9.17032E+18,9,5,74,112,2017,3,12,7,2,5,3,1,1,0,0,0,0,1,6.6889E+20,5.47119E+21,1.13264E+16,4.937E+16
75792,9.17032E+18,9,4,74,133,2017,3,13,5,2,4,3,0,1,0,0,1,0,0,6.43265E+20,5.51357E+21,1.09891E+16,4.97575E+16
75793,9.17032E+18,9,4,74,126,2017,3,16,5,3,2,6,0,1,0,1,0,0,0,6.49028E+20,5.5075E+21,1.10668E+16,4.97016E+16
75794,9.17031E+18,9,6,61,0,2017,3,10,1,3,6,4,1,0,1,0,0,0,0,5.11138E+20,5.53573E+21,9.15532E+15,4.99738E+16
75795,9.17031E+18,9,6,71,124,2017,3,14,1,3,2,6,0,1,0,0,0,0,0,5.15271E+20,5.5343E+21,9.21291E+15,4.99609E+16
75796,9.17031E+18,9,5,76,151,2017,3,16,1,2,0,1,0,0,0,1,0,0,0,6.53965E+20,5.47028E+21,1.11206E+16,4.93658E+16
75797,9.17032E+18,9,3,73,151,2017,3,17,5,3,2,6,0,1,0,0,0,0,0,6.99131E+20,5.45102E+21,1.17325E+16,4.91796E+16
75798,9.17032E+18,9,3,73,147,2017,3,16,5,3,2,6,0,1,0,0,0,0,0,6.77553E+20,5.46065E+21,1.1441E+16,4.92728E+16
75799,9.17031E+18,9,5,74,138,2017,3,15,1,3,1,7,0,1,0,0,0,0,0,6.6538E+20,5.48557E+21,1.12841E+16,4.95002E+16
75800,9.17032E+18,9,3,72,177,2017,3,22,5,3,8,1,0,1,0,0,0,2,0,7.71164E+20,5.44676E+21,1.27162E+16,4.91138E+16
75801,9.17031E+18,9,5,64,0,2017,3,19,1,2,6,7,1,0,1,0,0,2,0,6.46625E+20,5.48073E+21,1.10235E+16,4.94615E+16
75802,9.17032E+18,9,2,78,148,2017,3,16,5,3,5,2,0,1,0,0,1,0,0,7.40987E+20,5.40832E+21,1.22806E+16,4.87811E+16
75803,9.17032E+18,9,2,71,146,2017,3,17,5,3,5,3,0,1,0,0,1,0,0,7.8471E+20,5.41001E+21,1.28757E+16,4.87779E+16
75804,9.17032E+18,9,2,78,147,2017,3,5,5,3,2,6,0,1,0,0,0,2,1,7.65782E+20,5.44301E+21,1.26401E+16,4.90825E+16
75805,9.17032E+18,9,2,75,133,2017,3,7,5,3,2,6,0,1,0,0,0,0,0,8.28543E+20,5.38215E+21,1.34486E+16,4.85064E+16
75806,9.17032E+18,9,2,75,124,2017,3,17,5,3,9,1,0,1,0,0,0,0,0,8.10192E+20,5.37956E+21,1.31989E+16,4.84925E+16
75807,9.17032E+18,9,2,74,184,2017,3,15,5,3,2,2,0,1,0,1,0,0,0,7.48398E+20,5.3717E+21,1.23594E+16,4.84494E+16
75808,9.17032E+18,9,2,74,127,2017,3,10,5,2,5,3,0,0,0,1,1,0,0,7.34651E+20,5.39573E+21,1.21874E+16,4.86705E+16
75809,9.17032E+18,9,2,79,112,2017,3,16,5,3,2,6,1,0,0,0,1,0,0,7.57726E+20,5.39192E+21,1.24979E+16,4.86272E+16
75810,9.17032E+18,9,1,90,142,2017,3,20,5,3,2,6,0,1,0,0,0,2,0,6.57234E+20,5.29763E+21,1.11003E+16,4.78128E+16
75811,9.17032E+18,9,1,73,112,2017,3,7,5,2,4,6,0,1,0,0,0,0,0,6.93333E+20,5.29593E+21,1.15813E+16,4.77877E+16
75812,9.17032E+18,9,1,71,134,2017,3,13,5,2,5,3,0,1,0,0,1,0,0,7.74991E+20,5.33155E+21,1.26923E+16,4.80778E+16
75813,9.17032E+18,9,1,82,137,2017,3,16,5,3,8,7,0,1,0,0,0,0,0,7.10359E+20,5.30516E+21,1.18128E+16,4.78653E+16
75814,9.17032E+18,9,1,63,0,2017,3,21,5,3,4,2,0,1,0,0,0,2,0,7.34202E+20,5.30447E+21,1.21308E+16,4.78508E+16
75815,9.17032E+18,9,4,72,119,2017,3,7,7,3,8,1,0,1,0,0,0,0,1,6.87248E+20,5.54021E+21,1.16121E+16,4.99848E+16
75816,9.17031E+18,9,1,62,0,2017,3,16,2,3,3,6,0,1,0,0,1,0,0,6.8508E+20,5.34262E+21,1.14913E+16,4.82098E+16
75817,9.17031E+18,9,1,78,120,2017,3,3,2,3,2,6,0,0,0,0,1,2,0,6.92802E+20,5.35361E+21,1.16002E+16,4.83063E+16
75818,9.17032E+18,9,1,88,121,2017,3,15,5,3,2,6,0,1,0,0,0,0,0,6.70311E+20,5.32916E+21,1.12873E+16,4.80929E+16
75819,9.17031E+18,9,1,78,124,2017,3,12,2,1,2,6,0,1,0,0,1,0,0,7.02899E+20,5.3607E+21,1.17396E+16,4.83668E+16
75820,9.17031E+18,9,1,78,143,2017,3,17,2,3,2,6,0,1,0,0,0,1,0,7.18202E+20,5.37219E+21,1.19519E+16,4.8465E+16
75821,9.17031E+18,9,1,77,115,2017,3,23,2,2,8,1,0,1,0,0,0,2,0,7.30467E+20,5.35313E+21,1.21071E+16,4.82893E+16
75822,9.17031E+18,9,7,78,221,2017,3,14,1,3,2,6,0,1,0,0,0,0,0,5.93354E+20,5.33659E+21,1.02558E+16,4.81757E+16
75823,9.17031E+18,9,7,78,118,2017,3,12,1,3,5,3,0,1,0,1,0,0,0,5.90674E+20,5.3126E+21,1.02146E+16,4.79603E+16
75824,9.17032E+18,9,1,74,146,2017,3,14,5,3,2,6,0,1,0,0,1,0,0,6.67833E+20,5.35037E+21,1.12624E+16,4.82842E+16
75825,9.17032E+18,9,1,79,123,2017,3,17,5,3,2,6,0,1,0,0,0,0,0,6.76679E+20,5.33391E+21,1.13747E+16,4.81339E+16