OBJECTID,UIDENTSTLA,ULAND,UREGBEZ,UKREIS,UGEMEINDE,UJAHR,UMONAT,USTUNDE,UWOCHENTAG,UKATEGORIE,UART,UTYP1,IstRad,IstPKW,IstFuss,IstKrad,IstSonstig,LICHT,STRZUSTAND,LINREFX,LINREFY,XGCSWGS84,YGCSWGS84
75999,9.17031E+18,9,6,63,0,2017,3,10,2,3,3,6,0,1,0,0,1,0,0,5.68417E+20,5.51613E+21,9.9506E+15,4.97937E+16
76000,9.17031E+18,9,6,77,155,2017,3,7,2,3,5,3,0,1,0,0,0,0,0,5.41408E+20,5.53885E+21,9.57779E+15,5.00005E+16
76001,9.17031E+18,9,6,75,179,2017,3,18,2,2,2,7,0,1,0,1,0,0,0,5.87865E+20,5.50298E+21,1.02178E+16,4.96729E+16
76002,9.17031E+18,9,6,75,141,2017,3,14,2,3,5,3,0,1,0,0,0,0,0,5.79744E+20,5.51251E+21,1.01072E+16,4.97598E+16
76003,9.17031E+18,9,2,74,126,2017,3,5,1,3,5,3,0,1,0,0,0,1,0,7.33064E+20,5.38282E+21,1.21586E+16,4.85551E+16
76004,9.17031E+18,9,2,79,122,2017,3,12,1,3,0,7,1,0,0,0,0,0,0,7.72815E+20,5.39535E+21,1.27045E+16,4.86516E+16
76005,9.17031E+18,9,6,78,192,2017,3,8,2,2,8,1,0,1,0,0,0,0,0,5.70478E+20,5.54891E+21,9.98522E+15,5.00883E+16
76006,9.17031E+18,9,6,71,124,2017,3,15,2,3,9,6,0,1,0,0,0,0,0,5.13468E+20,5.53461E+21,9.18778E+15,4.99637E+16
76007,9.17031E+18,9,1,80,123,2017,3,17,1,2,4,1,0,1,0,0,0,0,0,6.72003E+20,5.25803E+21,1.12818E+16,4.7453E+16
76008,9.17031E+18,9,6,61,0,2017,3,16,2,3,6,7,0,1,1,0,0,0,0,5.10357E+20,5.53598E+21,9.14444E+15,4.99761E+16
76009,9.17031E+18,9,1,89,140,2017,3,16,1,3,2,6,0,1,0,1,0,0,0,7.77645E+20,5.29556E+21,1.27046E+16,4.77536E+16
76010,9.17031E+18,9,5,72,139,2017,3,19,2,3,5,3,0,1,0,0,0,2,0,6.27224E+20,5.50607E+21,1.07641E+16,4.96937E+16
76011,9.17031E+18,9,5,72,121,2017,3,7,2,3,5,3,1,1,0,0,0,0,0,6.59888E+20,5.4938E+21,1.12117E+16,4.95757E+16
76012,9.17031E+18,9,1,71,131,2017,3,18,1,3,8,1,0,1,0,0,0,0,0,7.67716E+20,5.34789E+21,1.26051E+16,4.82277E+16
76013,9.17031E+18,9,5,77,161,2017,3,10,2,3,2,1,0,1,0,0,0,0,0,6.44328E+20,5.43873E+21,1.09766E+16,4.90845E+16
76014,9.17031E+18,9,5,77,138,2017,3,7,2,3,8,6,0,1,0,0,0,0,0,6.29924E+20,5.44409E+21,1.07812E+16,4.91359E+16
76015,9.17031E+18,9,5,71,205,2017,3,0,2,3,0,7,0,1,0,0,0,2,0,5.91252E+20,5.47563E+21,1.02584E+16,4.94265E+16
76016,9.17031E+18,9,4,76,177,2017,3,15,2,3,0,6,0,1,0,0,1,0,1,6.76589E+20,5.57658E+21,1.14804E+16,5.03148E+16
76017,9.17031E+18,9,4,73,158,2017,3,15,2,3,9,1,0,1,0,0,0,0,0,6.25179E+20,5.57429E+21,1.0758E+16,5.03075E+16
76018,9.17031E+18,9,4,72,154,2017,3,12,2,3,5,3,0,1,0,0,1,0,0,6.64858E+20,5.53352E+21,1.12972E+16,4.99313E+16
76019,9.17031E+18,9,4,61,0,2017,3,7,2,3,2,6,0,1,0,0,1,0,0,6.38416E+20,5.53165E+21,1.09283E+16,4.99212E+16
76020,9.17031E+18,9,4,61,0,2017,3,6,2,2,2,6,0,1,0,0,0,0,0,6.38608E+20,5.53147E+21,1.09309E+16,4.99196E+16
76021,9.17031E+18,9,4,74,154,2017,3,13,2,2,0,7,1,1,0,0,0,0,0,6.53692E+20,5.498E+21,1.11277E+16,4.9615E+16
76022,9.17032E+18,9,2,76,113,2017,3,10,7,3,9,1,0,1,0,0,0,0,1,7.91587E+20,5.44922E+21,1.29972E+16,4.91266E+16
76023,9.17031E+18,9,4,74,158,2017,3,19,2,3,8,1,0,1,0,0,0,2,0,6.51379E+20,5.50712E+21,1.10992E+16,4.96976E+16
76024,9.17032E+18,9,5,74,139,2017,3,9,7,3,2,3,0,1,0,0,0,0,1,6.66219E+20,5.48114E+21,1.12938E+16,4.94601E+16
76025,9.17031E+18,9,3,74,128,2017,3,11,2,3,0,1,0,1,0,0,1,0,0,7.27345E+20,5.51854E+21,1.21579E+16,4.97763E+16
76026,9.17031E+18,9,3,77,133,2017,3,17,2,3,8,3,0,1,0,0,0,0,0,7.09688E+20,5.53127E+21,1.19198E+16,4.9897E+16
76027,9.17031E+18,9,3,77,148,2017,3,9,2,3,2,2,0,1,0,0,0,0,0,7.172E+20,5.53774E+21,1.20279E+16,4.99525E+16
76028,9.17031E+18,9,1,87,113,2017,3,12,1,2,5,3,1,1,0,0,0,0,0,7.46707E+20,5.321E+21,1.23071E+16,4.79946E+16
76029,9.17031E+18,9,1,87,186,2017,3,14,1,3,5,3,0,1,0,1,0,0,0,7.31911E+20,5.33314E+21,1.21157E+16,4.81093E+16
76030,9.17032E+18,9,4,74,126,2017,3,5,2,3,2,6,0,1,0,0,0,1,0,6.48567E+20,5.50628E+21,1.10599E+16,4.96907E+16
76031,9.17032E+18,9,1,90,141,2017,3,16,2,3,3,2,1,1,0,0,0,0,0,6.78229E+20,5.29166E+21,1.1378E+16,4.77537E+16
76032,9.17032E+18,9,1,62,0,2017,3,8,2,3,5,2,1,1,0,0,0,0,1,6.88507E+20,5.33495E+21,1.1534E+16,4.81399E+16
76033,9.17032E+18,9,1,76,164,2017,3,14,3,3,1,7,0,1,0,0,0,0,0,6.61715E+20,5.42933E+21,1.12108E+16,4.89956E+16
76034,9.17032E+18,9,2,77,121,2017,3,14,3,1,5,3,1,1,0,0,0,0,0,7.63045E+20,5.37359E+21,1.25583E+16,4.84604E+16
76035,9.17032E+18,9,1,72,111,2017,3,14,2,3,8,6,0,1,0,0,1,0,0,7.96946E+20,5.30343E+21,1.29669E+16,4.78156E+16
76036,9.17032E+18,9,3,77,119,2017,3,21,3,2,9,7,0,1,0,0,0,2,1,7.25217E+20,5.53219E+21,1.21363E+16,4.98997E+16
76037,9.17032E+18,9,1,83,140,2017,3,5,2,3,5,3,0,1,0,0,0,1,1,7.39892E+20,5.34022E+21,1.22267E+16,4.81699E+16
76038,9.17032E+18,9,5,64,0,2017,3,10,3,2,5,2,1,1,0,0,0,0,0,6.50486E+20,5.47237E+21,1.10735E+16,4.93854E+16
76039,9.17032E+18,9,1,83,125,2017,3,16,2,2,8,7,0,0,0,1,0,0,0,7.54589E+20,5.35554E+21,1.24332E+16,4.83018E+16
76040,9.17032E+18,9,6,79,180,2017,3,13,3,3,5,3,0,1,0,0,1,0,1,5.69709E+20,5.53143E+21,9.97129E+15,4.99312E+16
76041,9.17032E+18,9,1,83,116,2017,3,17,2,3,4,6,0,1,0,0,0,0,1,7.65089E+20,5.35289E+21,1.25729E+16,4.82737E+16
76042,9.17032E+18,9,6,78,135,2017,3,13,4,2,5,3,0,0,0,1,1,0,1,5.88773E+20,5.54099E+21,1.02391E+16,5.00146E+16
76043,9.17032E+18,9,7,75,139,2017,3,4,4,3,8,1,0,1,0,0,0,2,1,5.81955E+20,5.36857E+21,1.01087E+16,4.8465E+16
76044,9.17032E+18,9,1,78,130,2017,3,14,5,3,5,3,1,1,0,0,0,0,0,7.04778E+20,5.35496E+21,1.17621E+16,4.83146E+16
76045,9.17032E+18,9,4,61,0,2017,3,15,2,3,4,2,0,1,0,0,0,0,0,6.3782E+20,5.53012E+21,1.09194E+16,4.99076E+16
76046,9.17032E+18,9,1,74,111,2017,3,17,4,3,6,2,0,1,1,0,0,1,1,6.67047E+20,5.36206E+21,1.12565E+16,4.83896E+16
76047,9.17032E+18,9,2,74,128,2017,3,18,4,3,5,3,0,1,0,0,0,2,0,7.36535E+20,5.39206E+21,1.22108E+16,4.86368E+16
76048,9.17032E+18,9,1,77,135,2017,3,14,5,3,5,6,0,1,0,0,0,0,0,7.19176E+20,5.34429E+21,1.19506E+16,4.8214E+16
76049,9.17032E+18,9,3,63,0,2017,3,5,2,3,4,2,0,1,0,0,0,1,1,7.29366E+20,5.5078E+21,1.21796E+16,4.9679E+16
76050,9.17032E+18,9,1,89,159,2017,3,17,2,3,5,3,0,1,0,1,0,0,0,7.60668E+20,5.30271E+21,1.24829E+16,4.78248E+16
76051,9.17032E+18,9,1,72,129,2017,3,15,2,3,1,6,0,1,0,0,0,0,0,7.95726E+20,5.27989E+21,1.29347E+16,4.76049E+16
76052,9.17032E+18,9,1,87,182,2017,3,20,2,3,6,7,0,1,1,0,0,2,0,7.39803E+20,5.32675E+21,1.22179E+16,4.80489E+16
76053,9.17032E+18,9,5,64,0,2017,3,16,2,2,0,1,1,0,0,0,0,0,0,6.53506E+20,5.48029E+21,1.11182E+16,4.94559E+16
76054,9.17032E+18,9,7,73,125,2017,3,17,2,3,7,7,0,1,0,0,0,0,0,6.09858E+20,5.38463E+21,1.04903E+16,4.86051E+16
76055,9.17032E+18,9,1,84,119,2017,3,11,3,3,2,6,0,1,0,0,0,0,0,6.96255E+20,5.34956E+21,1.16448E+16,4.82688E+16
76056,9.17032E+18,9,1,71,137,2017,3,19,3,3,1,6,0,1,0,0,1,2,0,7.6955E+20,5.3509E+21,1.26316E+16,4.82539E+16
76057,9.17032E+18,9,3,73,140,2017,3,13,3,2,4,2,0,1,0,0,1,0,0,6.84517E+20,5.47593E+21,1.15437E+16,4.94081E+16
76058,9.17032E+18,9,1,85,127,2017,3,7,2,3,5,3,0,1,0,0,1,0,0,6.56434E+20,5.39251E+21,1.11247E+16,4.8666E+16
76059,9.17032E+18,9,4,72,199,2017,3,13,3,2,5,3,0,1,0,0,0,0,0,6.9106E+20,5.53204E+21,1.16611E+16,4.99101E+16
76060,9.17032E+18,9,1,76,126,2017,3,17,2,3,0,6,0,1,0,0,0,0,0,6.75433E+20,5.4087E+21,1.13894E+16,4.88065E+16
76061,9.17032E+18,9,1,76,126,2017,3,14,2,3,2,6,0,1,0,0,0,0,0,6.73771E+20,5.40603E+21,1.13656E+16,4.8783E+16
76062,9.17032E+18,9,1,76,111,2017,3,16,2,1,6,4,0,1,1,0,0,0,0,6.64077E+20,5.41417E+21,1.1237E+16,4.88587E+16
76063,9.17032E+18,9,3,62,0,2017,3,22,4,2,5,3,0,1,0,0,0,2,1,7.307E+20,5.43113E+21,1.21537E+16,4.89899E+16
76064,9.17032E+18,9,5,72,130,2017,3,8,4,2,5,3,0,1,0,0,1,0,0,6.39616E+20,5.50473E+21,1.09353E+16,4.9679E+16
76065,9.17032E+18,9,1,80,112,2017,3,14,3,3,8,1,0,1,0,0,0,0,0,6.57397E+20,5.28138E+21,1.10966E+16,4.76667E+16
76066,9.17032E+18,9,3,75,180,2017,3,5,3,2,8,1,0,1,0,0,0,2,0,7.24299E+20,5.431E+21,1.20663E+16,4.89912E+16
76067,9.17032E+18,9,4,76,164,2017,3,16,3,3,5,3,0,1,0,0,0,0,1,6.64994E+20,5.5811E+21,1.13197E+16,5.03588E+16
76068,9.17032E+18,9,1,76,111,2017,3,9,2,3,4,6,0,0,0,0,1,0,0,6.63238E+20,5.41432E+21,1.12256E+16,4.88603E+16
76069,9.17032E+18,9,6,76,125,2017,3,19,3,3,0,7,0,0,0,1,0,2,1,5.17318E+20,5.51073E+21,9.2404E+15,4.97488E+16
76070,9.17032E+18,9,1,76,111,2017,3,7,2,3,2,6,0,1,0,0,0,0,0,6.63675E+20,5.41418E+21,1.12315E+16,4.88589E+16
76071,9.17032E+18,9,7,78,186,2017,3,11,3,2,4,6,1,1,0,0,0,0,0,5.97528E+20,5.3095E+21,1.03057E+16,4.79314E+16
76072,9.17032E+18,9,1,62,0,2017,3,10,2,3,2,6,0,1,0,0,0,0,0,6.84426E+20,5.33302E+21,1.14784E+16,4.81237E+16
76073,9.17032E+18,9,7,71,122,2017,3,18,4,3,4,1,0,1,0,0,0,2,1,6.50362E+20,5.36133E+21,1.1031E+16,4.83872E+16
76074,9.17032E+18,9,1,77,115,2017,3,7,5,3,6,7,1,0,1,0,0,0,0,7.33957E+20,5.35155E+21,1.21532E+16,4.82739E+16
76075,9.17032E+18,9,3,74,146,2017,3,5,2,3,8,7,0,1,0,0,0,2,0,7.28556E+20,5.50353E+21,1.21659E+16,4.9641E+16
76076,9.17032E+18,9,3,72,153,2017,3,20,2,3,5,3,0,1,0,0,0,2,0,7.56306E+20,5.4552E+21,1.25183E+16,4.9196E+16
76077,9.17032E+18,9,1,81,130,2017,3,14,2,3,4,2,0,1,0,0,0,0,0,6.38919E+20,5.32548E+21,1.08648E+16,4.80674E+16
76078,9.17032E+18,9,1,81,122,2017,3,16,2,3,0,7,1,0,0,0,0,0,0,6.51015E+20,5.33163E+21,1.10292E+16,4.812E+16
76079,9.17032E+18,9,1,79,149,2017,3,9,2,3,0,7,1,0,0,0,0,0,0,6.55114E+20,5.33016E+21,1.10837E+16,4.81058E+16
76080,9.17032E+18,9,5,61,0,2017,3,16,2,3,5,3,1,0,0,0,1,0,0,6.14291E+20,5.46263E+21,1.05723E+16,4.93057E+16
76081,9.17032E+18,9,6,73,141,2017,3,6,2,1,4,1,0,1,0,0,1,0,0,6.06043E+20,5.57141E+21,1.04885E+16,5.02853E+16
76082,9.17032E+18,9,1,84,120,2017,3,13,2,3,5,3,0,1,0,1,0,0,0,6.81696E+20,5.33238E+21,1.14414E+16,4.81187E+16
76083,9.17032E+18,9,1,82,111,2017,3,18,3,3,1,6,0,1,0,0,0,2,0,7.03881E+20,5.28865E+21,1.17185E+16,4.7719E+16
76084,9.17032E+18,9,2,62,0,2017,3,22,3,3,0,7,1,1,0,0,0,2,0,8.24883E+20,5.38983E+21,1.34052E+16,4.85772E+16
76085,9.17032E+18,9,1,62,0,2017,3,18,2,3,2,6,0,1,0,0,0,1,0,6.85438E+20,5.34093E+21,1.14954E+16,4.81945E+16
76086,9.17032E+18,9,1,87,177,2017,3,14,3,3,2,6,0,1,0,0,0,0,0,7.35897E+20,5.30594E+21,1.21542E+16,4.78635E+16
76087,9.17032E+18,9,2,71,146,2017,3,7,3,3,5,3,0,1,0,0,0,0,0,7.85668E+20,5.40915E+21,1.28881E+16,4.87697E+16
76088,9.17032E+18,9,4,61,0,2017,3,21,3,3,1,6,0,1,0,0,0,2,1,6.38069E+20,5.52794E+21,1.09221E+16,4.98879E+16
76089,9.17032E+18,9,1,81,120,2017,3,15,2,2,2,6,0,1,0,1,0,0,0,6.48934E+20,5.31978E+21,1.09971E+16,4.80139E+16
76090,9.17032E+18,9,5,74,164,2017,3,13,3,3,3,6,0,1,0,0,1,0,0,6.6497E+20,5.47732E+21,1.1275E+16,4.94262E+16
76091,9.17032E+18,9,1,74,141,2017,3,8,2,2,9,1,0,1,0,0,0,0,0,6.8199E+20,5.35826E+21,1.14565E+16,4.83512E+16
76092,9.17032E+18,9,1,78,124,2017,3,19,2,3,3,6,0,1,0,0,1,2,0,7.01353E+20,5.35823E+21,1.17175E+16,4.83451E+16
76093,9.17032E+18,9,5,64,0,2017,3,7,4,3,2,6,0,1,0,0,0,0,1,6.47595E+20,5.47934E+21,1.10363E+16,4.94487E+16
76094,9.17032E+18,9,6,72,161,2017,3,5,4,3,8,1,0,1,0,0,0,1,0,5.57286E+20,5.55567E+21,9.80185E+15,5.01505E+16
76095,9.17032E+18,9,1,62,0,2017,3,7,4,3,2,6,0,1,0,0,0,1,0,6.90394E+20,5.33903E+21,1.15612E+16,4.8176E+16
76096,9.17032E+18,9,1,62,0,2017,3,15,5,3,1,6,0,1,0,0,0,0,0,6.93162E+20,5.33976E+21,1.15987E+16,4.81816E+16
76097,9.17032E+18,9,3,62,0,2017,3,7,2,3,2,6,0,1,0,0,1,0,0,7.26403E+20,5.43713E+21,1.20984E+16,4.90455E+16
76098,9.17032E+18,9,1,75,135,2017,3,16,2,3,5,3,1,1,0,0,0,0,0,7.08363E+20,5.33903E+21,1.18026E+16,4.81703E+16
76099,9.17032E+18,9,1,75,139,2017,3,7,2,2,5,3,0,1,0,0,0,0,1,7.10111E+20,5.3307E+21,1.1822E+16,4.80949E+16
76100,9.17032E+18,9,1,78,145,2017,3,7,2,3,2,1,0,1,0,0,0,0,0,6.96461E+20,5.35397E+21,1.16496E+16,4.83084E+16
76101,9.17032E+18,9,1,84,127,2017,3,17,1,3,5,3,1,1,0,0,0,0,0,7.02234E+20,5.32202E+21,1.17122E+16,4.80194E+16
76102,9.17032E+18,9,7,71,130,2017,3,9,1,2,8,1,0,1,0,0,0,0,1,6.45322E+20,5.36293E+21,1.09635E+16,4.84027E+16
76103,9.17032E+18,9,7,72,148,2017,3,13,1,3,9,1,0,0,0,1,0,0,0,6.27533E+20,5.35193E+21,1.07199E+16,4.83077E+16
76104,9.17032E+18,9,5,72,131,2017,3,7,2,3,2,6,0,1,0,0,1,0,0,6.56814E+20,5.48965E+21,1.11675E+16,4.95391E+16
76105,9.17032E+18,9,7,76,116,2017,3,12,2,3,0,1,1,0,0,0,0,0,0,5.52429E+20,5.26684E+21,9.69685E+15,4.75529E+16
76106,9.17032E+18,9,1,88,141,2017,3,9,3,3,2,6,0,1,0,0,1,0,0,6.7067E+20,5.30932E+21,1.12842E+16,4.79144E+16
76107,9.17032E+18,9,2,74,128,2017,3,15,3,3,1,6,0,1,0,0,0,0,0,7.3676E+20,5.38905E+21,1.22122E+16,4.86097E+16
76108,9.17032E+18,9,3,62,0,2017,3,15,3,3,5,3,0,1,0,0,0,0,0,7.29296E+20,5.4316E+21,1.21348E+16,4.89947E+16
76109,9.17032E+18,9,6,77,131,2017,3,12,1,3,4,1,0,1,0,0,0,0,0,5.49396E+20,5.54518E+21,9.69005E+15,5.00569E+16
76110,9.17032E+18,9,6,73,162,2017,3,9,1,2,9,1,0,1,0,0,0,0,1,5.70948E+20,5.57508E+21,9.99668E+15,5.03236E+16
76111,9.17032E+18,9,2,77,152,2017,3,8,4,3,5,3,0,1,0,0,0,0,1,7.97951E+20,5.36287E+21,1.30218E+16,4.83487E+16
76112,9.17032E+18,9,3,63,0,2017,3,16,4,3,2,6,0,1,0,0,0,0,0,7.25489E+20,5.50828E+21,1.21262E+16,4.96848E+16
76113,9.17032E+18,9,6,71,152,2017,3,7,4,2,6,4,0,1,1,0,0,0,0,5.15298E+20,5.55066E+21,9.21394E+15,5.0108E+16
76114,9.17032E+18,9,7,62,0,2017,3,13,4,3,4,6,0,1,0,0,0,0,1,6.21655E+20,5.3044E+21,1.06272E+16,4.78814E+16
76115,9.17032E+18,9,1,78,124,2017,3,4,5,3,1,6,0,1,0,0,0,2,1,7.03247E+20,5.36138E+21,1.17446E+16,4.83728E+16
76116,9.17032E+18,9,3,72,137,2017,3,17,2,2,5,3,0,1,0,0,1,0,0,7.80355E+20,5.45327E+21,1.28464E+16,4.91681E+16
76117,9.17032E+18,9,7,77,151,2017,3,15,4,3,8,1,0,1,0,0,0,0,1,6.18308E+20,5.29045E+21,1.05786E+16,4.77565E+16
76118,9.17032E+18,9,1,78,124,2017,3,15,5,3,2,6,0,1,0,0,0,0,0,7.02646E+20,5.36298E+21,1.17373E+16,4.83874E+16
76119,9.17032E+18,9,3,72,113,2017,3,5,2,3,4,6,0,1,0,0,0,0,0,7.91551E+20,5.45725E+21,1.30025E+16,4.91986E+16
76120,9.17032E+18,9,2,63,0,2017,3,10,2,3,5,2,0,1,0,1,0,0,0,7.62196E+20,5.41824E+21,1.25751E+16,4.88616E+16
76121,9.17032E+18,9,5,72,158,2017,3,9,1,3,4,6,0,1,0,0,0,0,1,6.52081E+20,5.49564E+21,1.11045E+16,4.95942E+16
76122,9.17032E+18,9,5,74,138,2017,3,17,1,3,2,6,0,1,0,0,0,1,0,6.67358E+20,5.48744E+21,1.13122E+16,4.95164E+16
76123,9.17032E+18,9,5,63,0,2017,3,13,1,3,5,3,0,1,0,0,0,0,0,6.44099E+20,5.48014E+21,1.09884E+16,4.94568E+16
76124,9.17032E+18,9,5,71,166,2017,3,7,2,2,6,4,0,0,1,1,0,0,0,6.0222E+20,5.45037E+21,1.04031E+16,4.91976E+16
76125,9.17032E+18,9,7,61,0,2017,3,8,2,3,2,6,0,1,0,0,0,0,1,6.40405E+20,5.35559E+21,1.08947E+16,4.83379E+16
76126,9.17032E+18,9,1,77,113,2017,3,22,3,3,9,7,0,1,0,0,0,2,0,7.22824E+20,5.35496E+21,1.20052E+16,4.83085E+16
76127,9.17032E+18,9,1,83,132,2017,3,7,3,2,4,1,0,1,0,1,0,0,0,7.5191E+20,5.35556E+21,1.23972E+16,4.8303E+16
76128,9.17032E+18,9,5,73,120,2017,3,17,1,3,0,1,0,1,0,0,1,0,0,6.29978E+20,5.48428E+21,1.0795E+16,4.94972E+16
76129,9.17032E+18,9,5,71,137,2017,3,2,1,3,8,1,0,1,0,0,0,2,0,5.92442E+20,5.45796E+21,1.02707E+16,4.92674E+16
76130,9.17032E+18,9,1,78,133,2017,3,15,4,3,6,1,0,0,1,0,1,0,1,6.86747E+20,5.36635E+21,1.15242E+16,4.84226E+16
76131,9.17032E+18,9,1,90,159,2017,3,12,4,2,9,1,0,1,0,0,0,0,0,6.65151E+20,5.30587E+21,1.12091E+16,4.78849E+16
76132,9.17032E+18,9,3,76,141,2017,3,6,4,3,4,6,0,1,0,0,1,0,1,7.26748E+20,5.45317E+21,1.21121E+16,4.91894E+16
76133,9.17032E+18,9,5,63,0,2017,3,20,4,3,5,2,0,1,0,0,0,2,0,6.43451E+20,5.48276E+21,1.09804E+16,4.94806E+16
76134,9.17032E+18,9,6,72,131,2017,3,15,4,2,9,1,0,1,0,0,0,0,0,5.86937E+20,5.5638E+21,1.02187E+16,5.022E+16
76135,9.17032E+18,9,1,62,0,2017,3,18,4,2,5,7,0,1,0,0,1,2,0,6.90861E+20,5.33013E+21,1.15635E+16,4.80958E+16
76136,9.17032E+18,9,1,78,144,2017,3,14,3,3,5,3,0,1,0,0,0,0,0,7.08016E+20,5.37764E+21,1.1817E+16,4.85174E+16
76137,9.17032E+18,9,1,89,154,2017,3,12,3,3,2,6,0,1,0,0,0,0,0,7.67878E+20,5.31592E+21,1.25872E+16,4.79406E+16
76138,9.17032E+18,9,2,63,0,2017,3,21,3,3,8,1,0,0,0,1,0,2,0,7.61992E+20,5.4205E+21,1.25738E+16,4.88821E+16
76139,9.17032E+18,9,4,74,158,2017,3,14,3,3,4,6,0,1,0,0,0,0,0,6.5242E+20,5.50754E+21,1.11138E+16,4.9701E+16
76140,9.17032E+18,9,5,71,115,2017,3,17,1,2,8,1,0,0,0,1,0,0,0,6.14839E+20,5.44883E+21,1.05758E+16,4.91815E+16
76141,9.17032E+18,9,5,61,0,2017,3,16,1,3,1,6,0,1,0,0,0,0,0,6.14664E+20,5.46234E+21,1.05773E+16,4.9303E+16
76142,9.17032E+18,9,5,61,0,2017,3,1,1,3,5,2,0,1,0,0,0,2,1,6.14664E+20,5.46234E+21,1.05773E+16,4.9303E+16
76143,9.17033E+18,9,7,61,0,2017,3,17,7,3,4,2,0,1,0,1,0,0,0,6.36911E+20,5.35957E+21,1.08488E+16,4.83744E+16
76144,9.17033E+18,9,7,61,0,2017,3,14,7,3,5,2,0,1,0,1,0,0,0,6.40116E+20,5.35245E+21,1.08897E+16,4.83097E+16
76145,9.17033E+18,9,7,61,0,2017,3,11,7,3,2,6,0,1,0,0,0,0,0,6.41017E+20,5.35702E+21,1.09034E+16,4.83506E+16
76146,9.17032E+18,9,5,72,131,2017,3,16,4,3,1,6,0,1,0,0,0,0,1,6.575E+20,5.48273E+21,1.11742E+16,4.94768E+16
76147,9.17033E+18,9,6,79,136,2017,3,7,7,2,5,2,0,1,0,0,0,0,0,5.7093E+20,5.51553E+21,9.98539E+15,4.97881E+16
76148,9.17032E+18,9,6,77,148,2017,3,6,4,3,2,6,0,1,0,0,0,0,1,5.55083E+20,5.53618E+21,9.7682E+15,4.99754E+16
76149,9.17033E+18,9,6,79,174,2017,3,11,7,3,9,1,0,1,0,0,0,0,0,5.82289E+20,5.52229E+21,1.01446E+16,4.98474E+16
76150,9.17032E+18,9,1,62,0,2017,3,20,4,3,5,2,0,1,0,0,0,2,0,6.97041E+20,5.3304E+21,1.16465E+16,4.80964E+16
76151,9.17033E+18,9,6,77,154,2017,3,13,7,2,8,1,0,0,0,1,0,0,0,5.40957E+20,5.51606E+21,9.56908E+15,4.97956E+16
76152,9.17033E+18,9,6,74,149,2017,3,1,7,3,9,1,0,1,0,0,0,2,0,6.08513E+20,5.55067E+21,1.05173E+16,5.00984E+16
76153,9.17033E+18,9,6,74,147,2017,3,19,7,3,5,2,0,1,0,0,0,2,0,6.1038E+20,5.54315E+21,1.05412E+16,5.00304E+16
76154,9.17033E+18,9,6,74,210,2017,3,12,7,3,8,1,0,0,0,1,0,0,0,6.31005E+20,5.55292E+21,1.08324E+16,5.0114E+16
76155,9.17033E+18,9,6,72,113,2017,3,23,7,2,8,1,0,1,0,0,0,2,0,5.5571E+20,5.57626E+21,9.78281E+15,5.03358E+16
76156,9.17033E+18,9,6,71,112,2017,3,19,7,3,3,7,0,1,0,0,0,2,0,5.18636E+20,5.53699E+21,9.25995E+15,4.9985E+16
76157,9.17033E+18,9,6,71,157,2017,3,15,7,2,8,1,0,0,0,1,0,0,0,5.28997E+20,5.53171E+21,9.40408E+15,4.99371E+16
76158,9.17032E+18,9,2,71,113,2017,3,21,2,3,8,1,0,1,0,0,0,2,0,8.00833E+20,5.41376E+21,1.30974E+16,4.8804E+16
76159,9.17033E+18,9,6,61,0,2017,3,11,7,3,4,2,1,1,0,0,0,0,0,5.09767E+20,5.53703E+21,9.13625E+15,4.99855E+16
76160,9.17032E+18,9,4,74,133,2017,3,17,2,2,5,3,0,0,0,1,1,0,0,6.40136E+20,5.51334E+21,1.09456E+16,4.97561E+16
76161,9.17033E+18,9,6,71,134,2017,3,8,7,3,5,3,0,1,0,0,0,0,0,5.00128E+20,5.54792E+21,9.0018E+15,5.00836E+16
76162,9.17032E+18,9,4,74,158,2017,3,13,1,3,4,6,0,1,0,0,0,0,0,6.50645E+20,5.507E+21,1.1089E+16,4.96967E+16
76163,9.17032E+18,9,4,74,126,2017,3,19,1,3,2,6,0,1,0,0,0,2,0,6.49367E+20,5.50643E+21,1.10711E+16,4.96919E+16
76164,9.17032E+18,9,4,71,207,2017,3,13,1,3,0,1,0,1,0,1,0,0,1,6.27726E+20,5.53163E+21,1.07794E+16,4.99234E+16
76165,9.17032E+18,9,5,72,132,2017,3,7,2,1,4,6,0,1,0,1,1,0,0,6.34625E+20,5.49348E+21,1.08623E+16,4.95789E+16
76166,9.17032E+18,9,7,75,164,2017,3,12,2,3,5,3,0,1,0,0,0,0,0,5.86217E+20,5.35078E+21,1.01627E+16,4.83044E+16
76167,9.17032E+18,9,6,61,0,2017,3,22,2,3,0,7,1,0,0,0,0,2,0,5.09352E+20,5.53642E+21,9.13043E+15,4.99801E+16
76168,9.17032E+18,9,7,78,139,2017,3,15,2,3,2,6,0,1,0,0,1,0,0,5.84792E+20,5.32538E+21,1.01384E+16,4.8076E+16
76169,9.17032E+18,9,1,62,0,2017,3,17,3,3,2,6,0,1,0,0,1,0,0,6.78607E+20,5.33663E+21,1.14018E+16,4.81578E+16
76170,9.17033E+18,9,5,63,0,2017,3,4,7,3,2,6,0,1,0,0,0,2,0,6.44169E+20,5.4882E+21,1.09923E+16,4.95292E+16