OBJECTID,UIDENTSTLA,ULAND,UREGBEZ,UKREIS,UGEMEINDE,UJAHR,UMONAT,USTUNDE,UWOCHENTAG,UKATEGORIE,UART,UTYP1,IstRad,IstPKW,IstFuss,IstKrad,IstSonstig,LICHT,STRZUSTAND,LINREFX,LINREFY,XGCSWGS84,YGCSWGS84
76171,9.17032E+18,9,2,77,116,2017,3,13,3,3,2,6,0,1,0,0,0,0,0,7.78783E+20,5.36671E+21,1.27662E+16,4.83919E+16
76172,9.17033E+18,9,3,73,113,2017,3,15,7,2,0,7,0,0,0,1,0,0,0,6.74994E+20,5.47089E+21,1.14103E+16,4.93655E+16
76173,9.17032E+18,9,3,63,0,2017,3,3,1,3,1,5,0,1,0,0,0,2,0,7.28108E+20,5.50798E+21,1.21623E+16,4.96811E+16
76174,9.17033E+18,9,5,76,142,2017,3,14,7,3,5,3,0,1,0,0,0,0,0,6.41526E+20,5.47036E+21,1.09495E+16,4.93695E+16
76175,9.17032E+18,9,2,76,116,2017,3,23,1,2,8,1,0,1,0,0,0,2,1,8.00994E+20,5.42821E+21,1.31102E+16,4.89335E+16
76176,9.17033E+18,9,5,74,152,2017,3,3,7,3,8,1,0,1,0,0,0,2,0,6.65404E+20,5.48335E+21,1.12835E+16,4.94802E+16
76177,9.17033E+18,9,5,74,132,2017,3,10,7,3,2,6,0,1,0,0,0,0,0,6.73121E+20,5.48708E+21,1.13916E+16,4.95116E+16
76178,9.17033E+18,9,5,74,117,2017,3,13,7,3,5,3,0,1,0,1,0,0,0,6.68257E+20,5.46718E+21,1.1316E+16,4.93341E+16
76179,9.17032E+18,9,2,75,153,2017,3,13,4,3,5,3,0,1,0,0,0,0,0,8.44807E+20,5.39176E+21,1.3676E+16,4.85838E+16
76180,9.17033E+18,9,5,64,0,2017,3,15,7,3,2,6,0,1,0,0,0,0,0,6.52534E+20,5.47728E+21,1.11036E+16,4.9429E+16
76181,9.17032E+18,9,4,73,120,2017,3,16,4,3,5,3,1,1,0,0,0,0,1,6.42424E+20,5.57188E+21,1.09991E+16,5.02818E+16
76182,9.17033E+18,9,5,77,172,2017,3,14,7,3,5,3,0,1,0,0,0,0,0,6.32673E+20,5.43874E+21,1.08171E+16,4.90872E+16
76183,9.17032E+18,9,6,76,124,2017,3,19,4,3,2,7,0,1,0,0,1,2,0,5.33372E+20,5.51355E+21,9.46349E+15,4.97735E+16
76184,9.17033E+18,9,5,71,178,2017,3,15,7,3,2,1,0,0,0,1,0,0,0,6.30586E+20,5.45189E+21,1.07928E+16,4.92059E+16
76185,9.17033E+18,9,5,71,214,2017,3,17,7,2,5,3,0,1,0,1,0,0,0,6.15805E+20,5.43379E+21,1.05848E+16,4.90461E+16
76186,9.17032E+18,9,7,63,0,2017,3,11,4,3,2,6,0,1,0,0,0,0,0,5.99703E+20,5.28785E+21,1.03298E+16,4.77364E+16
76187,9.17033E+18,9,5,75,133,2017,3,14,7,3,0,1,0,0,0,1,0,0,0,5.9973E+20,5.48205E+21,1.03769E+16,4.94829E+16
76188,9.17033E+18,9,4,64,0,2017,3,0,7,3,5,3,0,1,0,0,0,2,0,7.07472E+20,5.57817E+21,1.19145E+16,5.03191E+16
76189,9.17032E+18,9,1,78,143,2017,3,16,5,2,0,7,1,0,1,0,0,0,0,7.16749E+20,5.3732E+21,1.19328E+16,4.84745E+16
76190,9.17033E+18,9,4,74,158,2017,3,13,7,2,2,6,0,1,0,1,0,0,0,6.51876E+20,5.50724E+21,1.11061E+16,4.96985E+16
76191,9.17033E+18,9,3,74,164,2017,3,17,7,2,8,1,0,1,0,0,0,0,0,7.52182E+20,5.50187E+21,1.24915E+16,4.96166E+16
76192,9.17033E+18,9,3,74,128,2017,3,17,7,2,5,2,0,1,0,1,0,0,0,7.2506E+20,5.5201E+21,1.21271E+16,4.97911E+16
76193,9.17033E+18,9,3,75,180,2017,3,14,7,2,5,3,0,1,0,1,0,0,0,7.26418E+20,5.42472E+21,1.20917E+16,4.8934E+16
76194,9.17032E+18,9,2,75,126,2017,3,15,2,2,6,7,0,1,1,0,0,0,0,8.40651E+20,5.39914E+21,1.36259E+16,4.86523E+16
76195,9.17032E+18,9,2,76,117,2017,3,1,1,3,9,1,0,1,0,0,0,2,1,7.99321E+20,5.44204E+21,1.30976E+16,4.90584E+16
76196,9.17032E+18,9,2,72,147,2017,3,14,1,3,2,1,0,1,0,0,0,0,1,8.15916E+20,5.42173E+21,1.33084E+16,4.88679E+16
76197,9.17033E+18,9,3,75,161,2017,3,13,7,2,0,1,1,0,0,0,0,0,0,7.33849E+20,5.42616E+21,1.21938E+16,4.89441E+16
76198,9.17032E+18,9,2,74,128,2017,3,14,1,3,9,1,0,1,0,0,0,0,0,7.37111E+20,5.38722E+21,1.22159E+16,4.85931E+16
76199,9.17032E+18,9,2,74,112,2017,3,4,1,2,8,1,0,1,0,0,0,2,1,7.54495E+20,5.3777E+21,1.24454E+16,4.85008E+16
76200,9.17032E+18,9,2,73,147,2017,3,18,1,3,8,7,0,1,0,0,0,2,0,6.99071E+20,5.38965E+21,1.17018E+16,4.86282E+16
76201,9.17032E+18,9,2,73,147,2017,3,5,1,2,4,6,0,1,0,0,0,1,1,7.05703E+20,5.39203E+21,1.17928E+16,4.86474E+16
76202,9.17032E+18,9,5,73,134,2017,3,16,2,3,5,3,0,1,0,1,0,0,0,6.40527E+20,5.47785E+21,1.09383E+16,4.9437E+16
76203,9.17032E+18,9,7,72,216,2017,3,7,2,3,1,6,0,1,0,0,0,1,1,6.23349E+20,5.36645E+21,1.06678E+16,4.84391E+16
76204,9.17032E+18,9,1,78,123,2017,3,20,3,3,2,6,0,1,0,0,1,2,0,6.92247E+20,5.36108E+21,1.15961E+16,4.83736E+16
76205,9.17032E+18,9,2,74,128,2017,3,1,1,2,0,1,1,0,0,0,0,2,1,7.35307E+20,5.38915E+21,1.21925E+16,4.86111E+16
76206,9.17033E+18,9,3,75,181,2017,3,13,7,2,8,7,0,1,0,0,0,0,0,7.1871E+20,5.43464E+21,1.19919E+16,4.90259E+16
76207,9.17033E+18,9,2,71,119,2017,3,18,7,2,3,6,0,1,0,1,0,0,0,7.89235E+20,5.41488E+21,1.29406E+16,4.88194E+16
76208,9.17032E+18,9,1,84,112,2017,3,8,4,3,2,6,0,1,0,0,0,0,1,7.00781E+20,5.3411E+21,1.17017E+16,4.81914E+16
76209,9.17033E+18,9,2,78,112,2017,3,7,7,3,4,1,0,1,0,0,0,0,0,7.54971E+20,5.42637E+21,1.24819E+16,4.89376E+16
76210,9.17032E+18,9,2,61,0,2017,3,6,4,3,5,3,0,1,0,0,0,0,1,7.31685E+20,5.38383E+21,1.21405E+16,4.85647E+16
76211,9.17033E+18,9,2,71,146,2017,3,13,7,3,2,6,0,1,0,0,0,0,0,7.86005E+20,5.41111E+21,1.28941E+16,4.87871E+16
76212,9.17032E+18,9,3,73,147,2017,3,5,4,3,6,4,0,1,1,0,0,1,1,6.78147E+20,5.4609E+21,1.14492E+16,4.92749E+16
76213,9.17033E+18,9,2,75,154,2017,3,8,7,3,2,6,0,1,0,0,0,0,0,8.08332E+20,5.39539E+21,1.31855E+16,4.86354E+16
76214,9.17033E+18,9,2,74,126,2017,3,11,7,3,4,2,0,1,0,0,0,0,0,7.32958E+20,5.38558E+21,1.21587E+16,4.858E+16
76215,9.17032E+18,9,5,62,0,2017,3,13,4,3,1,5,0,1,0,1,0,0,1,6.44958E+20,5.49541E+21,1.10059E+16,4.95939E+16
76216,9.17033E+18,9,2,73,111,2017,3,16,7,3,8,1,0,0,0,1,0,0,0,7.1028E+20,5.41259E+21,1.18654E+16,4.88306E+16
76217,9.17033E+18,9,2,73,164,2017,3,3,7,2,8,1,0,1,0,0,0,2,0,6.97355E+20,5.42633E+21,1.16961E+16,4.89584E+16
76218,9.17032E+18,9,6,77,155,2017,3,17,4,3,2,6,0,1,0,0,0,0,0,5.40641E+20,5.53845E+21,9.56704E+15,4.9997E+16
76219,9.17033E+18,9,2,73,116,2017,3,18,7,3,8,7,0,0,0,1,0,0,0,7.27386E+20,5.41815E+21,1.21012E+16,4.88745E+16
76220,9.17033E+18,9,1,80,134,2017,3,17,7,2,0,1,1,0,0,0,0,1,0,6.61135E+20,5.28679E+21,1.11483E+16,4.77144E+16
76221,9.17033E+18,9,1,83,147,2017,3,14,7,3,5,3,0,1,0,1,0,0,0,7.47912E+20,5.33486E+21,1.23313E+16,4.81187E+16
76222,9.17033E+18,9,1,89,154,2017,3,3,7,3,8,1,0,1,0,0,0,2,0,7.70734E+20,5.31836E+21,1.26269E+16,4.79612E+16
76223,9.17033E+18,9,1,89,152,2017,3,7,7,3,8,1,0,1,0,0,0,0,0,7.80969E+20,5.32212E+21,1.27662E+16,4.79906E+16
76224,9.17033E+18,9,1,72,114,2017,3,13,7,3,8,7,0,1,0,0,0,0,0,7.87104E+20,5.29204E+21,1.28283E+16,4.77178E+16
76225,9.17033E+18,9,1,87,181,2017,3,14,7,3,1,6,0,0,0,0,1,0,0,7.37738E+20,5.31429E+21,1.21834E+16,4.79378E+16
76226,9.17033E+18,9,1,81,130,2017,3,18,7,2,9,6,0,1,0,0,0,0,0,6.41893E+20,5.32255E+21,1.09037E+16,4.80404E+16
76227,9.17033E+18,9,1,88,139,2017,3,19,7,3,0,1,1,0,0,0,0,1,0,6.7459E+20,5.31919E+21,1.13407E+16,4.80022E+16
76228,9.17032E+18,9,7,61,0,2017,3,8,4,2,5,2,0,1,0,0,1,0,1,6.41892E+20,5.35764E+21,1.09154E+16,4.8356E+16
76229,9.17033E+18,9,1,88,126,2017,3,16,7,3,2,2,0,1,0,0,0,0,0,6.5925E+20,5.32734E+21,1.11382E+16,4.80794E+16
76230,9.17033E+18,9,1,79,121,2017,3,9,7,3,0,7,0,1,0,1,0,0,0,6.67615E+20,5.33876E+21,1.12549E+16,4.81799E+16
76231,9.17032E+18,9,1,62,0,2017,3,12,4,2,2,6,0,1,0,0,0,0,1,6.89669E+20,5.3401E+21,1.15519E+16,4.81858E+16
76232,9.17033E+18,9,1,75,132,2017,3,16,7,3,2,6,0,1,0,0,0,0,0,7.0531E+20,5.33411E+21,1.17592E+16,4.81271E+16
76233,9.17033E+18,9,1,78,124,2017,3,20,7,3,2,6,0,1,0,0,0,2,0,7.02703E+20,5.36036E+21,1.17368E+16,4.83638E+16
76234,9.17033E+18,9,1,78,120,2017,3,14,7,3,0,5,1,0,0,0,0,0,0,6.94405E+20,5.35319E+21,1.16216E+16,4.8302E+16
76235,9.17033E+18,9,1,77,116,2017,3,22,7,2,9,1,0,1,0,0,0,2,0,7.14077E+20,5.36653E+21,1.18933E+16,4.84155E+16
76236,9.17033E+18,9,1,75,124,2017,3,14,7,3,2,2,0,1,0,0,0,0,0,7.15064E+20,5.32865E+21,1.18874E+16,4.80748E+16
76237,9.17032E+18,9,2,77,145,2017,3,0,2,3,4,1,0,1,0,0,0,2,0,7.98573E+20,5.35397E+21,1.30238E+16,4.82685E+16
76238,9.17032E+18,9,1,62,0,2017,3,8,6,3,5,2,1,1,0,0,0,0,0,6.83953E+20,5.33204E+21,1.14716E+16,4.81151E+16
76239,9.17032E+18,9,2,73,147,2017,3,13,2,3,8,1,0,1,0,0,0,0,0,7.08142E+20,5.38961E+21,1.18247E+16,4.86249E+16
76240,9.17032E+18,9,1,62,0,2017,3,4,6,3,8,7,0,1,0,0,0,2,0,6.80787E+20,5.33513E+21,1.14304E+16,4.81438E+16
76241,9.17032E+18,9,2,73,166,2017,3,10,1,3,8,1,0,1,0,0,0,0,1,7.14685E+20,5.42134E+21,1.19299E+16,4.89077E+16
76242,9.17032E+18,9,1,90,157,2017,3,18,1,3,8,1,0,0,0,1,0,0,0,6.61364E+20,5.30257E+21,1.11572E+16,4.78562E+16
76243,9.17032E+18,9,4,72,199,2017,3,14,2,3,2,6,0,1,0,0,1,0,0,6.91608E+20,5.5391E+21,1.16723E+16,4.99734E+16
76244,9.17032E+18,9,6,61,0,2017,3,13,2,3,1,6,0,1,0,0,0,0,0,5.11905E+20,5.53509E+21,9.16601E+15,4.99681E+16
76245,9.17032E+18,9,7,74,198,2017,3,14,6,2,5,2,0,1,0,0,0,0,0,6.15463E+20,5.35084E+21,1.05569E+16,4.83002E+16
76246,9.17032E+18,9,6,71,130,2017,3,14,3,3,0,7,0,0,0,0,1,0,0,5.1644E+20,5.53857E+21,9.22939E+15,4.99992E+16
76247,9.17032E+18,9,7,74,143,2017,3,14,6,3,2,1,0,1,0,0,1,0,0,5.96925E+20,5.35857E+21,1.03088E+16,4.83729E+16
76248,9.17032E+18,9,7,78,150,2017,3,19,3,2,8,1,0,1,0,0,0,2,0,5.85978E+20,5.32137E+21,1.01535E+16,4.80398E+16
76249,9.17032E+18,9,7,63,0,2017,3,12,6,3,3,7,1,1,0,0,0,0,0,5.97426E+20,5.28575E+21,1.0299E+16,4.77178E+16
76250,9.17032E+18,9,1,82,134,2017,3,20,4,3,2,6,0,1,0,0,0,2,0,7.01844E+20,5.29349E+21,1.16936E+16,4.77632E+16
76251,9.17032E+18,9,7,63,0,2017,3,9,6,3,0,3,0,1,0,1,0,0,0,5.977E+20,5.28644E+21,1.03028E+16,4.77239E+16
76252,9.17032E+18,9,7,80,143,2017,3,18,6,3,4,2,0,1,0,0,0,1,0,5.97916E+20,5.28151E+21,1.03046E+16,4.76796E+16
76253,9.17032E+18,9,2,75,145,2017,3,9,4,3,2,6,0,1,0,0,0,0,0,8.23512E+20,5.37613E+21,1.3376E+16,4.8455E+16
76254,9.17032E+18,9,7,76,130,2017,3,19,6,3,2,6,0,1,0,0,0,2,0,5.55292E+20,5.26993E+21,9.73528E+15,4.75804E+16
76255,9.17032E+18,9,7,79,184,2017,3,18,6,3,0,7,1,0,0,0,0,0,0,6.16484E+20,5.40088E+21,1.05847E+16,4.875E+16
76256,9.17032E+18,9,5,75,129,2017,3,17,4,3,5,3,0,1,0,0,0,0,1,6.26488E+20,5.4871E+21,1.07478E+16,4.95233E+16
76257,9.17032E+18,9,7,71,160,2017,3,14,6,3,0,7,1,0,1,0,0,0,0,6.49337E+20,5.34954E+21,1.1013E+16,4.82814E+16
76258,9.17032E+18,9,7,71,112,2017,3,14,6,3,2,2,0,1,0,0,0,0,0,6.46505E+20,5.36921E+21,1.09817E+16,4.8459E+16
76259,9.17032E+18,9,6,79,170,2017,3,11,6,3,8,1,0,0,0,1,0,0,0,5.74127E+20,5.49969E+21,1.00268E+16,4.96452E+16
76260,9.17032E+18,9,6,77,170,2017,3,6,6,3,9,1,0,1,0,0,0,2,0,5.36293E+20,5.54292E+21,9.5068E+15,5.00374E+16
76261,9.17032E+18,9,1,89,152,2017,3,18,1,1,4,1,0,1,0,0,1,0,0,7.78219E+20,5.32443E+21,1.27309E+16,4.80125E+16
76262,9.17032E+18,9,6,75,117,2017,3,14,6,2,2,7,0,1,0,0,1,0,0,5.85639E+20,5.5174E+21,1.01901E+16,4.9803E+16
76263,9.17032E+18,9,6,75,174,2017,3,18,6,3,5,3,0,1,0,0,0,0,0,5.89247E+20,5.52379E+21,1.02417E+16,4.98599E+16
76264,9.17032E+18,9,1,82,123,2017,3,6,4,3,5,3,0,1,0,0,0,0,0,7.17281E+20,5.30141E+21,1.19033E+16,4.78293E+16
76265,9.17032E+18,9,6,74,147,2017,3,18,6,3,2,6,0,1,0,0,0,0,0,6.09173E+20,5.5432E+21,1.05244E+16,5.00311E+16
76266,9.17032E+18,9,2,71,125,2017,3,16,4,3,5,3,1,1,0,0,0,0,0,7.97912E+20,5.41021E+21,1.30551E+16,4.87735E+16
76267,9.17032E+18,9,5,62,0,2017,3,17,6,3,4,2,1,0,0,1,0,0,0,6.44985E+20,5.49541E+21,1.10063E+16,4.95939E+16
76268,9.17032E+18,9,5,64,0,2017,3,15,4,3,2,6,0,1,0,0,0,0,1,6.49839E+20,5.48169E+21,1.10682E+16,4.94693E+16
76269,9.17032E+18,9,5,74,154,2017,3,14,6,2,4,2,1,1,0,0,0,0,0,6.62465E+20,5.48481E+21,1.12436E+16,4.94942E+16
76270,9.17032E+18,9,5,76,113,2017,3,16,6,3,5,3,1,1,0,0,0,0,0,6.67016E+20,5.45653E+21,1.12945E+16,4.92387E+16
76271,9.17032E+18,9,6,73,173,2017,3,7,4,3,8,1,0,0,0,1,0,0,1,6.00114E+20,5.56915E+21,1.04047E+16,5.0266E+16
76272,9.17032E+18,9,5,76,122,2017,3,16,6,3,1,6,0,1,0,0,0,0,0,6.72274E+20,5.43546E+21,1.13577E+16,4.90479E+16
76273,9.17032E+18,9,5,63,0,2017,3,18,6,3,5,3,0,1,0,0,0,1,0,6.42169E+20,5.48305E+21,1.09629E+16,4.94834E+16
76274,9.17032E+18,9,7,78,123,2017,3,11,4,3,3,6,0,1,0,0,0,0,0,5.85196E+20,5.31613E+21,1.0142E+16,4.79928E+16
76275,9.17032E+18,9,5,64,0,2017,3,18,6,3,0,1,0,0,0,1,0,0,0,6.58789E+20,5.47506E+21,1.11889E+16,4.94075E+16
76276,9.17032E+18,9,5,64,0,2017,3,17,6,3,2,4,0,1,1,0,1,0,0,6.49321E+20,5.47865E+21,1.10599E+16,4.94422E+16
76277,9.17032E+18,9,5,64,0,2017,3,14,6,3,2,6,0,1,0,0,1,0,0,6.46585E+20,5.48075E+21,1.10229E+16,4.94617E+16
76278,9.17032E+18,9,5,73,122,2017,3,14,6,3,2,6,0,1,0,0,0,0,0,6.43183E+20,5.47771E+21,1.09749E+16,4.94352E+16
76279,9.17032E+18,9,5,77,133,2017,3,5,6,3,6,7,0,1,1,0,0,2,0,6.25485E+20,5.43449E+21,1.07174E+16,4.90505E+16
76280,9.17032E+18,9,5,77,140,2017,3,15,6,2,5,3,0,1,0,0,0,0,0,6.26737E+20,5.43143E+21,1.07336E+16,4.90227E+16
76281,9.17032E+18,9,5,75,119,2017,3,19,6,3,8,1,0,1,0,0,0,2,0,6.10306E+20,5.48973E+21,1.0525E+16,4.95501E+16
76282,9.17032E+18,9,4,61,0,2017,3,17,3,3,4,2,0,1,0,0,0,1,1,6.37821E+20,5.53012E+21,1.09195E+16,4.99075E+16
76283,9.17032E+18,9,5,71,165,2017,3,12,6,3,5,3,0,1,0,0,0,0,0,6.34283E+20,5.46858E+21,1.08491E+16,4.93551E+16
76284,9.17032E+18,9,5,64,0,2017,3,22,3,2,5,2,0,1,0,1,0,2,1,6.52413E+20,5.471E+21,1.10996E+16,4.93726E+16
76285,9.17032E+18,9,5,71,196,2017,3,23,6,3,8,1,0,1,0,0,0,2,0,6.19267E+20,5.46035E+21,1.064E+16,4.92843E+16
76286,9.17032E+18,9,7,71,145,2017,3,21,3,3,6,4,0,1,1,0,0,2,1,6.47663E+20,5.34593E+21,1.09892E+16,4.82494E+16
76287,9.17032E+18,9,1,72,118,2017,3,12,1,2,0,3,0,1,0,0,0,0,1,7.96936E+20,5.30435E+21,1.29674E+16,4.78238E+16
76288,9.17032E+18,9,4,75,113,2017,3,15,6,3,3,6,0,1,0,0,1,0,0,6.98522E+20,5.58407E+21,1.17921E+16,5.03751E+16
76289,9.17032E+18,9,4,75,142,2017,3,2,6,3,2,6,0,0,0,0,1,2,0,7.00333E+20,5.57396E+21,1.18121E+16,5.02837E+16
76290,9.17032E+18,9,5,74,152,2017,3,8,2,2,7,7,1,0,0,0,0,0,0,6.63273E+20,5.48473E+21,1.12547E+16,4.94932E+16
76291,9.17032E+18,9,7,79,184,2017,3,14,2,2,4,2,1,1,0,0,0,0,0,6.15424E+20,5.40463E+21,1.05713E+16,4.8784E+16
76292,9.17032E+18,9,1,81,122,2017,3,15,3,2,5,3,1,1,0,0,0,0,0,6.49865E+20,5.332E+21,1.10139E+16,4.81236E+16
76293,9.17032E+18,9,1,71,133,2017,3,21,1,1,8,1,0,1,0,0,0,2,0,7.70786E+20,5.34747E+21,1.2646E+16,4.82226E+16
76294,9.17032E+18,9,1,63,0,2017,3,13,1,3,3,7,0,1,0,0,0,0,0,7.34161E+20,5.30444E+21,1.21302E+16,4.78506E+16
76295,9.17032E+18,9,4,79,135,2017,3,15,6,3,5,3,0,1,0,0,0,0,0,7.17012E+20,5.55634E+21,1.20359E+16,5.01196E+16
76296,9.17032E+18,9,7,72,177,2017,3,14,3,3,5,3,0,1,0,0,0,0,0,6.37026E+20,5.37933E+21,1.08569E+16,4.85521E+16
76297,9.17032E+18,9,4,73,134,2017,3,12,6,3,2,6,0,1,0,0,0,0,0,6.46121E+20,5.56533E+21,1.10484E+16,5.02221E+16
76298,9.17032E+18,9,1,88,121,2017,3,12,4,3,3,7,0,1,0,0,0,0,0,6.7133E+20,5.33088E+21,1.13017E+16,4.81081E+16
76299,9.17032E+18,9,4,63,0,2017,3,12,6,3,5,3,1,1,0,0,0,0,0,6.39418E+20,5.57007E+21,1.09563E+16,5.02663E+16
76300,9.17032E+18,9,2,74,126,2017,3,17,4,2,0,1,0,1,0,0,0,0,0,7.33045E+20,5.38585E+21,1.216E+16,4.85823E+16
76301,9.17032E+18,9,5,72,135,2017,3,13,6,1,9,1,0,0,0,0,1,0,0,6.37425E+20,5.51583E+21,1.09089E+16,4.97792E+16
76302,9.17032E+18,9,4,71,172,2017,3,17,6,3,2,6,0,1,0,0,0,1,0,6.30736E+20,5.51441E+21,1.08155E+16,4.9768E+16
76303,9.17032E+18,9,3,75,180,2017,3,7,4,3,2,6,0,1,0,0,0,0,1,7.23947E+20,5.43113E+21,1.20615E+16,4.89924E+16
76304,9.17032E+18,9,3,77,133,2017,3,12,6,3,0,3,0,1,0,0,0,0,0,7.08088E+20,5.53569E+21,1.19E+16,4.99373E+16
76305,9.17032E+18,9,3,74,124,2017,3,15,6,3,5,3,1,1,0,0,0,0,0,7.09268E+20,5.51187E+21,1.19035E+16,4.97229E+16
76306,9.17032E+18,9,5,74,123,2017,3,14,4,3,3,6,0,1,0,0,1,0,0,6.5893E+20,5.47354E+21,1.11903E+16,4.93938E+16
76307,9.17032E+18,9,3,72,144,2017,3,7,6,3,6,4,0,1,1,0,0,0,0,7.88766E+20,5.46419E+21,1.29693E+16,4.92622E+16
76308,9.17032E+18,9,3,72,153,2017,3,19,6,3,8,1,0,1,0,0,0,2,0,7.48163E+20,5.4576E+21,1.24083E+16,4.92208E+16
76309,9.17032E+18,9,3,73,147,2017,3,14,6,3,1,6,0,1,0,0,1,0,0,6.78816E+20,5.45916E+21,1.14576E+16,4.92591E+16
76310,9.17032E+18,9,3,76,119,2017,3,12,6,3,5,3,0,1,0,0,0,0,0,7.22962E+20,5.45441E+21,1.20609E+16,4.92019E+16
76311,9.17032E+18,9,3,71,154,2017,3,20,6,1,8,1,0,1,0,0,0,2,0,6.98122E+20,5.47545E+21,1.17308E+16,4.93995E+16
76312,9.17032E+18,9,2,76,120,2017,3,15,6,2,8,1,0,1,0,0,0,0,0,7.91675E+20,5.44452E+21,1.2995E+16,4.90843E+16
76313,9.17032E+18,9,2,78,144,2017,3,13,6,3,5,2,0,1,0,0,0,0,0,7.42751E+20,5.40677E+21,1.23037E+16,4.87665E+16
76314,9.17032E+18,9,2,63,0,2017,3,10,6,3,4,2,0,1,0,1,0,0,0,7.65672E+20,5.42109E+21,1.26243E+16,4.88858E+16
76315,9.17032E+18,9,1,82,120,2017,3,16,1,3,5,3,0,1,0,0,0,0,0,6.98486E+20,5.30109E+21,1.16524E+16,4.78325E+16
76316,9.17032E+18,9,1,61,0,2017,3,16,1,3,5,3,1,1,0,0,0,0,0,6.81052E+20,5.40242E+21,1.14631E+16,4.87484E+16
76317,9.17032E+18,9,1,86,147,2017,3,15,1,3,5,3,0,1,0,0,0,0,0,6.85027E+20,5.39094E+21,1.15119E+16,4.86441E+16
76318,9.17032E+18,9,5,71,136,2017,3,17,2,3,5,3,0,1,0,0,0,0,0,5.92163E+20,5.4355E+21,1.02617E+16,4.90655E+16
76319,9.17032E+18,9,6,79,193,2017,3,14,2,3,3,6,0,1,0,0,1,0,0,5.73996E+20,5.51077E+21,1.00271E+16,4.97449E+16
76320,9.17032E+18,9,5,71,135,2017,3,19,3,3,5,2,0,1,0,0,0,1,1,6.22471E+20,5.47331E+21,1.0688E+16,4.94001E+16
76321,9.17032E+18,9,2,76,138,2017,3,14,6,2,3,6,0,1,0,0,0,0,0,7.98815E+20,5.43293E+21,1.3084E+16,4.89769E+16
76322,9.17032E+18,9,6,72,113,2017,3,13,3,3,8,1,0,1,0,0,0,0,1,5.58196E+20,5.57494E+21,9.81754E+15,5.03237E+16
76323,9.17032E+18,9,2,75,152,2017,3,10,6,2,0,6,0,1,0,1,0,0,0,8.2329E+20,5.40499E+21,1.33954E+16,4.8714E+16
76324,9.17032E+18,9,1,62,0,2017,3,11,3,3,5,3,1,1,0,0,0,0,0,6.92157E+20,5.33938E+21,1.1585E+16,4.81786E+16
76325,9.17032E+18,9,1,74,146,2017,3,14,1,3,2,6,0,1,0,0,0,0,0,6.68008E+20,5.35025E+21,1.12647E+16,4.82832E+16
76326,9.17032E+18,9,2,62,0,2017,3,19,6,3,5,3,0,1,0,0,0,1,0,8.29996E+20,5.39003E+21,1.34744E+16,4.85763E+16
76327,9.17032E+18,9,2,62,0,2017,3,9,6,2,3,6,0,1,0,0,1,0,0,8.29176E+20,5.39012E+21,1.34634E+16,4.85776E+16
76328,9.17032E+18,9,1,83,113,2017,3,18,4,2,5,3,0,1,0,0,0,2,0,7.50814E+20,5.34467E+21,1.2376E+16,4.82057E+16
76329,9.17032E+18,9,2,73,181,2017,3,23,6,3,2,6,0,1,0,0,0,2,0,7.12682E+20,5.40008E+21,1.18916E+16,4.87174E+16
76330,9.17032E+18,9,2,73,147,2017,3,7,6,3,2,6,0,1,0,0,0,0,0,7.05422E+20,5.39505E+21,1.17905E+16,4.86747E+16
76331,9.17032E+18,9,3,71,122,2017,3,18,4,3,8,1,0,1,0,0,0,0,0,7.08921E+20,5.48566E+21,1.18848E+16,4.94876E+16
76332,9.17032E+18,9,2,61,0,2017,3,18,6,3,5,2,0,1,0,0,0,0,0,7.30195E+20,5.38089E+21,1.21187E+16,4.85389E+16
76333,9.17032E+18,9,2,74,182,2017,3,19,6,3,2,6,0,1,0,0,0,2,0,7.2862E+20,5.37791E+21,1.20958E+16,4.85126E+16
76334,9.17032E+18,9,2,79,132,2017,3,16,6,3,4,2,0,1,0,0,0,0,0,7.72444E+20,5.40306E+21,1.27045E+16,4.87209E+16
76335,9.17032E+18,9,2,73,141,2017,3,15,6,3,3,6,0,1,0,0,1,0,0,7.27326E+20,5.41406E+21,1.20981E+16,4.88378E+16
76336,9.17032E+18,9,1,73,120,2017,3,15,6,3,4,6,0,1,0,0,0,0,0,6.89551E+20,5.31126E+21,1.15375E+16,4.79267E+16
76337,9.17032E+18,9,1,73,147,2017,3,17,6,3,3,2,1,1,0,0,0,0,0,6.81455E+20,5.30894E+21,1.14283E+16,4.79081E+16
76338,9.17032E+18,9,1,83,116,2017,3,16,6,3,3,6,0,1,0,0,0,0,0,7.63585E+20,5.35291E+21,1.25527E+16,4.82745E+16
76339,9.17032E+18,9,2,74,128,2017,3,11,2,3,5,3,0,1,0,0,0,0,0,7.35968E+20,5.38614E+21,1.21998E+16,4.85838E+16
76340,9.17032E+18,9,1,89,133,2017,3,13,6,2,0,7,0,0,0,0,1,0,0,7.55458E+20,5.32215E+21,1.24249E+16,4.80015E+16
76341,9.17032E+18,9,1,89,126,2017,3,15,6,3,5,2,0,1,0,0,0,0,0,7.58523E+20,5.32656E+21,1.24686E+16,4.80399E+16
76342,9.17032E+18,9,1,72,111,2017,3,13,6,3,2,6,0,1,0,0,1,0,0,7.96085E+20,5.30174E+21,1.29543E+16,4.78008E+16
76343,9.17032E+18,9,1,71,113,2017,3,16,6,3,2,6,0,1,0,0,0,0,0,7.76657E+20,5.34257E+21,1.27217E+16,4.8176E+16