OBJECTID,UIDENTSTLA,ULAND,UREGBEZ,UKREIS,UGEMEINDE,UJAHR,UMONAT,USTUNDE,UWOCHENTAG,UKATEGORIE,UART,UTYP1,IstRad,IstPKW,IstFuss,IstKrad,IstSonstig,LICHT,STRZUSTAND,LINREFX,LINREFY,XGCSWGS84,YGCSWGS84
76344,9.17032E+18,9,1,87,177,2017,3,5,6,3,5,3,0,1,0,1,0,1,0,7.36731E+20,5.30344E+21,1.2164E+16,4.78407E+16
76345,9.17032E+18,9,1,82,123,2017,3,19,6,3,0,7,0,1,0,0,0,2,0,7.16406E+20,5.29893E+21,1.18904E+16,4.78074E+16
76346,9.17032E+18,9,1,76,123,2017,3,9,6,3,5,3,0,1,0,0,0,0,0,6.61992E+20,5.41865E+21,1.12104E+16,4.88996E+16
76347,9.17032E+18,9,1,79,136,2017,3,7,1,3,8,1,0,1,0,0,0,0,0,6.61052E+20,5.34424E+21,1.11688E+16,4.82309E+16
76348,9.17032E+18,9,1,75,111,2017,3,5,1,2,8,7,0,1,0,0,0,1,1,7.12893E+20,5.33944E+21,1.18637E+16,4.81725E+16
76349,9.17032E+18,9,1,76,114,2017,3,10,6,3,5,3,0,1,0,0,0,0,0,6.81422E+20,5.42784E+21,1.14793E+16,4.89768E+16
76350,9.17032E+18,9,1,62,0,2017,3,17,6,3,2,6,0,1,0,0,0,0,0,6.79961E+20,5.33817E+21,1.14206E+16,4.81713E+16
76351,9.17032E+18,9,1,88,139,2017,3,10,6,3,2,6,0,1,0,0,0,0,0,6.74037E+20,5.31702E+21,1.13324E+16,4.79828E+16
76352,9.17032E+18,9,1,88,132,2017,3,6,6,3,2,6,0,1,0,0,0,1,0,6.66084E+20,5.32465E+21,1.12288E+16,4.80535E+16
76353,9.17032E+18,9,1,88,144,2017,3,12,6,3,5,2,0,1,0,0,0,0,0,6.65828E+20,5.3283E+21,1.12268E+16,4.80864E+16
76354,9.17032E+18,9,2,71,141,2017,3,23,3,3,8,1,0,1,0,0,0,2,1,7.97096E+20,5.4009E+21,1.30373E+16,4.86903E+16
76355,9.17032E+18,9,1,74,146,2017,3,7,6,3,3,6,1,0,0,0,1,0,0,6.65987E+20,5.35209E+21,1.12382E+16,4.83002E+16
76356,9.17032E+18,9,4,71,120,2017,3,18,3,3,5,3,0,1,0,0,0,1,1,6.28395E+20,5.521E+21,1.07852E+16,4.98277E+16
76357,9.17032E+18,9,1,62,0,2017,3,17,6,3,5,6,0,1,0,0,1,0,0,6.94408E+20,5.34127E+21,1.16161E+16,4.81949E+16
76358,9.17032E+18,9,6,61,0,2017,3,9,3,2,0,7,1,0,0,0,0,0,0,5.10683E+20,5.53564E+21,9.14899E+15,4.9973E+16
76359,9.17032E+18,9,1,78,122,2017,3,13,1,3,9,6,0,1,0,0,0,0,0,7.02255E+20,5.38616E+21,1.17432E+16,4.85958E+16
76360,9.17032E+18,9,1,77,118,2017,3,17,6,2,9,1,0,0,0,1,0,0,0,7.08587E+20,5.34531E+21,1.18087E+16,4.82267E+16
76361,9.17032E+18,9,1,77,117,2017,3,12,6,3,0,7,0,0,0,1,0,0,0,7.16423E+20,5.35428E+21,1.19187E+16,4.83047E+16
76362,9.17032E+18,9,7,73,125,2017,3,16,3,2,0,7,0,0,0,1,0,0,0,6.13245E+20,5.38497E+21,1.05363E+16,4.86076E+16
76363,9.17032E+18,9,1,62,0,2017,3,15,7,3,2,6,0,1,0,0,0,0,0,6.9247E+20,5.33922E+21,1.15892E+16,4.8177E+16
76364,9.17032E+18,9,1,84,118,2017,3,18,5,3,5,3,1,1,0,0,0,1,0,7.02913E+20,5.33646E+21,1.17281E+16,4.8149E+16
76365,9.17032E+18,9,1,62,0,2017,3,18,5,3,5,2,1,1,0,0,0,2,0,6.86218E+20,5.33526E+21,1.15034E+16,4.81433E+16
76366,9.17032E+18,9,1,88,132,2017,3,18,4,3,4,6,0,1,0,0,0,0,0,6.65874E+20,5.32442E+21,1.12259E+16,4.80514E+16
76367,9.17032E+18,9,1,62,0,2017,3,15,5,3,3,6,0,1,0,1,1,0,0,6.84841E+20,5.33539E+21,1.1485E+16,4.81449E+16
76368,9.17032E+18,9,7,75,152,2017,3,18,5,3,4,2,0,1,0,0,0,0,0,5.77159E+20,5.3536E+21,1.00411E+16,4.83309E+16
76369,9.17032E+18,9,7,78,136,2017,3,14,5,2,4,2,0,1,0,0,0,0,0,5.98871E+20,5.32014E+21,1.03261E+16,4.80269E+16
76370,9.17032E+18,9,7,78,168,2017,3,15,5,2,0,7,1,0,0,0,1,0,0,6.01742E+20,5.31441E+21,1.03633E+16,4.79749E+16
76371,9.17032E+18,9,7,74,150,2017,3,15,5,3,1,7,0,1,0,0,0,0,0,6.02652E+20,5.34154E+21,1.0382E+16,4.82187E+16
76372,9.17032E+18,9,7,75,162,2017,3,18,5,3,5,3,0,1,0,0,1,1,0,5.8253E+20,5.34854E+21,1.01125E+16,4.82847E+16
76373,9.17032E+18,9,1,78,120,2017,3,18,5,3,2,6,0,1,0,0,0,2,0,6.95389E+20,5.35232E+21,1.16344E+16,4.82939E+16
76374,9.17032E+18,9,7,74,121,2017,3,14,5,3,2,6,0,1,0,0,0,0,0,6.04895E+20,5.36455E+21,1.04179E+16,4.84254E+16
76375,9.17032E+18,9,7,63,0,2017,3,21,5,3,5,3,0,1,0,0,0,2,0,5.97022E+20,5.28557E+21,1.02936E+16,4.77162E+16
76376,9.17032E+18,9,7,80,139,2017,3,17,5,3,5,6,1,1,0,0,0,0,0,5.96506E+20,5.26376E+21,1.02819E+16,4.75201E+16
76377,9.17032E+18,9,2,61,0,2017,3,8,2,3,5,2,0,1,0,0,1,0,0,7.32108E+20,5.37996E+21,1.21441E+16,4.85298E+16
76378,9.17032E+18,9,6,61,0,2017,3,13,3,2,4,6,0,1,0,0,0,0,0,5.09658E+20,5.53162E+21,9.13458E+15,4.99369E+16
76379,9.17032E+18,9,7,76,117,2017,3,7,5,3,8,1,0,1,0,0,0,0,1,5.6605E+20,5.27098E+21,9.87848E+15,4.75889E+16
76380,9.17032E+18,9,7,76,120,2017,3,6,3,2,8,7,0,1,0,0,0,1,0,5.46483E+20,5.26941E+21,9.6181E+15,4.75764E+16
76381,9.17032E+18,9,7,72,141,2017,3,7,5,3,2,6,0,1,0,0,0,0,1,6.22601E+20,5.35204E+21,1.06535E+16,4.83097E+16
76382,9.17032E+18,9,1,79,123,2017,3,18,4,3,2,6,0,1,0,0,0,1,0,6.76963E+20,5.33204E+21,1.13778E+16,4.8117E+16
76383,9.17032E+18,9,7,72,151,2017,3,14,5,3,6,4,0,1,1,0,0,0,0,6.32219E+20,5.343E+21,1.07803E+16,4.82265E+16
76384,9.17032E+18,9,2,75,120,2017,3,10,4,3,2,6,0,1,0,0,1,0,1,8.11923E+20,5.40225E+21,1.32393E+16,4.86952E+16
76385,9.17032E+18,9,7,72,163,2017,3,14,5,3,0,7,1,0,0,0,0,0,0,6.38708E+20,5.34666E+21,1.08688E+16,4.8258E+16
76386,9.17032E+18,9,6,63,0,2017,3,8,5,3,2,6,0,1,0,0,0,0,0,5.69103E+20,5.51719E+21,9.96031E+15,4.98032E+16
76387,9.17032E+18,9,4,74,126,2017,3,5,4,3,0,3,0,1,0,1,0,2,0,6.4881E+20,5.5103E+21,1.10648E+16,4.97267E+16
76388,9.17032E+18,9,6,79,209,2017,3,12,5,2,2,6,0,1,0,0,0,0,0,5.62788E+20,5.51562E+21,9.87232E+15,4.97898E+16
76389,9.17032E+18,9,6,79,177,2017,3,14,5,3,2,6,0,1,0,0,0,0,0,5.50479E+20,5.51666E+21,9.70146E+15,4.98003E+16
76390,9.17032E+18,9,6,76,116,2017,3,15,4,3,2,6,0,1,0,0,0,0,0,5.20806E+20,5.50582E+21,9.28855E+15,4.97045E+16
76391,9.17032E+18,9,6,63,0,2017,3,6,5,3,1,6,0,1,0,0,0,0,0,5.71467E+20,5.51627E+21,9.99299E+15,4.97946E+16
76392,9.17032E+18,9,6,63,0,2017,3,16,5,3,6,7,0,1,1,0,0,0,0,5.6877E+20,5.51668E+21,9.9556E+15,4.97986E+16
76393,9.17032E+18,9,6,77,129,2017,3,8,5,3,3,6,0,1,0,0,0,0,0,5.33097E+20,5.54745E+21,9.46257E+15,5.00784E+16
76394,9.17032E+18,9,6,74,171,2017,3,17,5,3,5,3,0,1,0,0,0,0,0,6.24385E+20,5.56315E+21,1.07432E+16,5.02074E+16
76395,9.17032E+18,9,6,73,127,2017,3,17,5,3,9,7,0,0,0,0,1,0,0,5.99277E+20,5.57356E+21,1.03941E+16,5.03058E+16
76396,9.17032E+18,9,6,61,0,2017,3,10,5,3,2,6,0,1,0,0,0,0,0,5.07283E+20,5.53769E+21,9.10161E+15,4.99915E+16
76397,9.17032E+18,9,6,61,0,2017,3,10,5,3,2,6,0,1,0,0,0,0,0,5.11425E+20,5.53716E+21,9.15937E+15,4.99867E+16
76398,9.17032E+18,9,6,71,111,2017,3,7,5,3,2,6,0,1,0,0,0,0,0,5.06452E+20,5.54973E+21,9.09021E+15,5.00998E+16
76399,9.17032E+18,9,1,62,0,2017,3,13,7,3,2,6,0,1,0,0,0,0,0,6.88518E+20,5.33496E+21,1.15342E+16,4.814E+16
76400,9.17032E+18,9,1,81,115,2017,3,16,3,3,2,6,0,1,0,0,0,0,0,6.58533E+20,5.32723E+21,1.11285E+16,4.80786E+16
76401,9.17032E+18,9,5,72,115,2017,3,6,5,3,2,6,0,1,0,0,1,0,0,6.47757E+20,5.50434E+21,1.10479E+16,4.96735E+16
76402,9.17032E+18,9,2,74,128,2017,3,16,3,3,5,3,1,1,0,0,0,0,0,7.384E+20,5.38746E+21,1.22334E+16,4.85947E+16
76403,9.17032E+18,9,5,62,0,2017,3,12,5,3,1,6,0,0,0,0,1,0,0,6.39214E+20,5.49472E+21,1.09262E+16,4.9589E+16
76404,9.17032E+18,9,3,74,128,2017,3,11,3,3,5,3,0,1,0,0,1,0,0,7.25145E+20,5.52011E+21,1.21283E+16,4.97912E+16
76405,9.17032E+18,9,5,72,137,2017,3,20,5,3,8,1,0,1,0,0,0,2,0,6.54648E+20,5.49191E+21,1.11385E+16,4.956E+16
76406,9.17032E+18,9,5,63,0,2017,3,13,5,3,0,7,0,0,0,1,0,0,0,6.44473E+20,5.47823E+21,1.09929E+16,4.94395E+16
76407,9.17032E+18,9,5,71,180,2017,3,20,3,3,5,7,1,1,0,0,0,2,1,6.30073E+20,5.46063E+21,1.07886E+16,4.92846E+16
76408,9.17032E+18,9,1,62,0,2017,3,17,7,3,2,6,0,1,0,0,0,2,0,6.91761E+20,5.33925E+21,1.15796E+16,4.81776E+16
76409,9.17032E+18,9,5,64,0,2017,3,7,5,3,5,3,0,1,0,1,0,0,0,6.51925E+20,5.48156E+21,1.10969E+16,4.94677E+16
76410,9.17032E+18,9,5,64,0,2017,3,17,5,3,2,6,0,1,0,0,0,0,0,6.51534E+20,5.47733E+21,1.10899E+16,4.94298E+16
76411,9.17032E+18,9,6,75,141,2017,3,19,3,3,2,6,0,1,0,0,0,1,1,5.83507E+20,5.51077E+21,1.01591E+16,4.97436E+16
76412,9.17032E+18,9,1,62,0,2017,3,17,7,3,6,4,0,1,1,0,0,0,0,6.94719E+20,5.33217E+21,1.16161E+16,4.8113E+16
76413,9.17032E+18,9,5,64,0,2017,3,15,5,3,1,6,0,1,0,0,0,0,0,6.45782E+20,5.47843E+21,1.1011E+16,4.9441E+16
76414,9.17032E+18,9,5,64,0,2017,3,15,5,3,2,6,0,1,0,0,1,0,0,6.4955E+20,5.48217E+21,1.10643E+16,4.94737E+16
76415,9.17032E+18,9,5,71,145,2017,3,13,5,3,2,6,0,1,0,0,1,0,0,5.92203E+20,5.44572E+21,1.02646E+16,4.91574E+16
76416,9.17032E+18,9,5,77,136,2017,3,17,5,3,2,6,0,1,0,0,0,0,0,6.27641E+20,5.44302E+21,1.07496E+16,4.91267E+16
76417,9.17032E+18,9,5,71,224,2017,3,7,5,2,5,3,0,1,0,0,0,0,0,6.0158E+20,5.43127E+21,1.03895E+16,4.9026E+16
76418,9.17032E+18,9,5,71,135,2017,3,17,2,3,5,3,0,1,0,0,0,0,0,6.22685E+20,5.47326E+21,1.0691E+16,4.93996E+16
76419,9.17032E+18,9,3,77,146,2017,3,7,3,2,2,6,0,1,0,0,0,0,0,7.38497E+20,5.5204E+21,1.23137E+16,4.97887E+16
76420,9.17032E+18,9,5,61,0,2017,3,10,5,3,5,3,0,1,0,0,0,0,0,6.15407E+20,5.46205E+21,1.05874E+16,4.93003E+16
76421,9.17032E+18,9,5,77,173,2017,3,17,3,3,5,3,0,1,0,0,0,0,0,6.40255E+20,5.42442E+21,1.09159E+16,4.89568E+16
76422,9.17032E+18,9,4,72,139,2017,3,22,5,3,2,6,0,1,0,0,1,2,0,6.95219E+20,5.55576E+21,1.17311E+16,5.01219E+16
76423,9.17032E+18,9,6,63,0,2017,3,7,3,3,4,2,0,1,0,1,0,0,0,5.67177E+20,5.51686E+21,9.93349E+15,4.98005E+16
76424,9.17032E+18,9,7,78,173,2017,3,11,7,3,5,2,0,1,0,0,0,0,1,6.11746E+20,5.32159E+21,1.04991E+16,4.80378E+16
76425,9.17032E+18,9,4,79,147,2017,3,20,5,3,7,7,0,1,0,0,0,2,0,7.32619E+20,5.54887E+21,1.22493E+16,5.00466E+16
76426,9.17032E+18,9,1,78,130,2017,3,17,4,3,5,3,0,1,0,0,0,1,0,7.02781E+20,5.35871E+21,1.1737E+16,4.8349E+16
76427,9.17032E+18,9,4,64,0,2017,3,13,5,3,5,7,0,1,0,0,0,0,0,7.07378E+20,5.57852E+21,1.19134E+16,5.03223E+16
76428,9.17032E+18,9,4,64,0,2017,3,11,5,2,6,4,0,1,1,0,0,0,0,7.07454E+20,5.57809E+21,1.19142E+16,5.03184E+16
76429,9.17032E+18,9,2,61,0,2017,3,17,4,3,0,1,1,0,0,0,0,0,1,7.32437E+20,5.38273E+21,1.21501E+16,4.85545E+16
76430,9.17032E+18,9,4,77,124,2017,3,19,5,3,2,6,0,1,0,0,0,2,0,6.71253E+20,5.54832E+21,1.13928E+16,5.00625E+16
76431,9.17032E+18,9,4,77,142,2017,3,7,5,3,5,3,0,1,0,0,0,0,1,6.78179E+20,5.54228E+21,1.14867E+16,5.00062E+16
76432,9.17032E+18,9,3,73,140,2017,3,14,4,2,8,1,0,1,0,0,0,0,1,6.84944E+20,5.47624E+21,1.15497E+16,4.94107E+16
76433,9.17032E+18,9,4,71,174,2017,3,19,5,3,5,3,0,1,0,1,0,2,0,6.35056E+20,5.539E+21,1.08841E+16,4.99881E+16
76434,9.17032E+18,9,4,71,159,2017,3,16,5,3,2,6,0,1,0,1,0,0,0,6.40419E+20,5.53333E+21,1.09568E+16,4.99359E+16
76435,9.17032E+18,9,3,72,125,2017,3,7,5,3,7,7,0,1,0,0,0,0,1,7.58718E+20,5.44426E+21,1.25444E+16,4.90967E+16
76436,9.17032E+18,9,3,71,131,2017,3,5,5,2,9,7,0,1,0,0,0,1,0,6.95753E+20,5.47877E+21,1.16998E+16,4.943E+16
76437,9.17032E+18,9,2,77,113,2017,3,16,5,3,5,3,0,1,0,0,0,0,0,8.0093E+20,5.37321E+21,1.30693E+16,4.844E+16
76438,9.17032E+18,9,2,72,151,2017,3,7,5,3,3,6,0,1,0,1,0,0,0,8.40351E+20,5.4064E+21,1.36278E+16,4.87176E+16
76439,9.17032E+18,9,2,73,152,2017,3,11,5,2,4,6,0,1,0,0,1,0,0,6.99632E+20,5.40408E+21,1.17163E+16,4.87577E+16
76440,9.17032E+18,9,2,74,146,2017,3,14,5,3,3,6,0,1,0,0,1,0,0,7.36812E+20,5.37829E+21,1.22067E+16,4.8513E+16
76441,9.17032E+18,9,1,80,124,2017,3,11,5,2,3,6,1,1,0,0,0,0,0,6.64978E+20,5.28322E+21,1.11982E+16,4.76813E+16
76442,9.17032E+18,9,1,90,157,2017,3,20,5,3,5,3,0,1,0,0,0,2,0,6.60066E+20,5.30004E+21,1.1139E+16,4.78337E+16
76443,9.17032E+18,9,1,73,118,2017,3,19,5,2,2,6,1,1,0,0,0,2,0,6.93373E+20,5.30487E+21,1.15858E+16,4.7868E+16
76444,9.17032E+18,9,1,71,125,2017,3,15,5,3,3,6,0,1,0,0,0,0,0,7.79488E+20,5.35097E+21,1.27653E+16,4.82503E+16
76445,9.17032E+18,9,1,89,157,2017,3,17,5,3,1,6,0,1,0,0,0,0,0,7.63524E+20,5.32568E+21,1.2535E+16,4.803E+16
76446,9.17032E+18,9,7,74,135,2017,3,17,7,3,5,3,0,1,0,0,0,0,0,5.93751E+20,5.37017E+21,1.02686E+16,4.84777E+16
76447,9.17032E+18,9,7,72,207,2017,3,12,7,3,4,1,0,1,0,0,0,0,1,6.40865E+20,5.3799E+21,1.0909E+16,4.85564E+16
76448,9.17032E+18,9,7,71,130,2017,3,17,2,3,6,4,0,0,1,0,1,0,0,6.47033E+20,5.35755E+21,1.09847E+16,4.8354E+16
76449,9.17032E+18,9,1,89,157,2017,3,13,3,3,4,2,0,1,0,0,1,0,0,7.67143E+20,5.32227E+21,1.25813E+16,4.79979E+16
76450,9.17032E+18,9,1,89,155,2017,3,16,5,3,5,3,1,1,0,0,0,0,0,7.73341E+20,5.30825E+21,1.26553E+16,4.78694E+16
76451,9.17032E+18,9,3,72,177,2017,3,8,3,3,2,6,0,1,0,0,0,0,0,7.71618E+20,5.45156E+21,1.27256E+16,4.91567E+16
76452,9.17032E+18,9,1,89,114,2017,3,14,5,2,1,2,0,1,0,0,1,0,0,7.64396E+20,5.31201E+21,1.25383E+16,4.79068E+16
76453,9.17032E+18,9,4,71,165,2017,3,7,3,3,8,6,0,1,0,0,1,0,0,6.29889E+20,5.53198E+21,1.08097E+16,4.9926E+16
76454,9.17032E+18,9,6,79,175,2017,3,21,7,3,0,6,0,1,0,0,1,2,1,5.71839E+20,5.51011E+21,9.99703E+15,4.97392E+16
76455,9.17032E+18,9,1,89,161,2017,3,5,5,3,8,6,0,1,0,0,1,1,1,7.7011E+20,5.30537E+21,1.26104E+16,4.78448E+16
76456,9.17032E+18,9,6,71,112,2017,3,16,3,3,5,3,0,0,0,1,1,0,1,5.17774E+20,5.53476E+21,9.24782E+15,4.99649E+16
76457,9.17032E+18,9,6,77,159,2017,3,3,7,3,8,7,0,1,0,0,0,2,0,5.44487E+20,5.56006E+21,9.62322E+15,5.01911E+16
76458,9.17032E+18,9,1,83,127,2017,3,12,5,3,5,2,0,1,0,0,0,0,0,7.55225E+20,5.34977E+21,1.24383E+16,4.82497E+16
76459,9.17032E+18,9,1,89,162,2017,3,16,5,3,1,6,0,1,0,0,0,0,0,7.7987E+20,5.31592E+21,1.27474E+16,4.79354E+16
76460,9.17032E+18,9,7,78,217,2017,3,6,3,3,8,1,0,1,0,0,0,1,0,5.89733E+20,5.32938E+21,1.02055E+16,4.81114E+16
76461,9.17032E+18,9,6,75,158,2017,3,12,7,2,8,7,0,1,0,0,0,0,1,5.97348E+20,5.5215E+21,1.03538E+16,4.9838E+16
76462,9.17032E+18,9,1,71,112,2017,3,17,5,3,3,6,0,1,0,1,0,0,0,7.84363E+20,5.34469E+21,1.28266E+16,4.81917E+16
76463,9.17032E+18,9,1,71,112,2017,3,6,5,3,4,2,1,1,0,0,0,0,0,7.84618E+20,5.34187E+21,1.28281E+16,4.81663E+16
76464,9.17032E+18,9,1,86,143,2017,3,1,4,3,9,1,0,1,0,0,0,2,0,6.82741E+20,5.37981E+21,1.1476E+16,4.85448E+16
76465,9.17032E+18,9,1,71,135,2017,3,16,5,3,2,6,0,1,0,0,0,0,0,7.69892E+20,5.34238E+21,1.26308E+16,4.81773E+16
76466,9.17032E+18,9,1,87,177,2017,3,18,5,2,5,2,1,1,0,0,0,1,0,7.35956E+20,5.30561E+21,1.21548E+16,4.78604E+16
76467,9.17032E+18,9,1,87,165,2017,3,16,5,3,1,6,0,1,0,0,0,0,0,7.33108E+20,5.29768E+21,1.21125E+16,4.77902E+16
76468,9.17032E+18,9,1,62,0,2017,3,14,4,3,5,2,1,0,0,0,1,0,0,6.94618E+20,5.33418E+21,1.16157E+16,4.81311E+16
76469,9.17032E+18,9,1,86,137,2017,3,14,5,3,2,6,0,1,0,0,1,0,0,6.82409E+20,5.39927E+21,1.14801E+16,4.87198E+16
76470,9.17032E+18,9,1,61,0,2017,3,15,5,3,4,2,0,1,0,0,0,0,0,6.80329E+20,5.40071E+21,1.14525E+16,4.87333E+16
76471,9.17032E+18,9,1,61,0,2017,3,7,5,3,1,6,0,1,0,0,0,0,1,6.79689E+20,5.40326E+21,1.14449E+16,4.87564E+16
76472,9.17032E+18,9,1,61,0,2017,3,16,5,3,5,2,1,1,0,0,0,0,0,6.78882E+20,5.40237E+21,1.14335E+16,4.87486E+16
76473,9.17032E+18,9,2,79,134,2017,3,15,2,2,4,3,0,1,0,0,0,0,0,7.63056E+20,5.38937E+21,1.25684E+16,4.86021E+16
76474,9.17032E+18,9,1,86,122,2017,3,17,5,3,6,4,0,1,1,0,0,0,0,6.92227E+20,5.39563E+21,1.16118E+16,4.86841E+16
76475,9.17032E+18,9,1,90,142,2017,3,13,2,3,2,6,0,1,0,0,1,0,0,6.59452E+20,5.29844E+21,1.11302E+16,4.78195E+16
76476,9.17032E+18,9,1,79,147,2017,3,7,5,3,5,3,0,1,0,0,0,0,1,6.64492E+20,5.33427E+21,1.12112E+16,4.81404E+16
76477,9.17032E+18,9,4,74,126,2017,3,8,2,3,0,7,0,1,0,0,0,0,0,6.52458E+20,5.50993E+21,1.11152E+16,4.97226E+16
76478,9.17032E+18,9,1,74,126,2017,3,16,5,3,5,3,0,1,0,0,0,0,0,6.83873E+20,5.34378E+21,1.14756E+16,4.82205E+16
76479,9.17032E+18,9,1,84,112,2017,3,17,5,3,1,6,0,1,0,0,0,1,0,7.01937E+20,5.34053E+21,1.1717E+16,4.81859E+16
76480,9.17032E+18,9,6,73,114,2017,3,13,7,3,5,5,0,1,0,0,0,0,1,5.86529E+20,5.5766E+21,1.02159E+16,5.03351E+16
76481,9.17033E+18,9,1,73,126,2017,3,18,5,3,2,6,0,1,0,0,0,0,0,6.81097E+20,5.30791E+21,1.14231E+16,4.7899E+16
76482,9.17033E+18,9,1,89,161,2017,3,21,5,2,5,3,0,1,0,0,0,2,0,7.69053E+20,5.30417E+21,1.25956E+16,4.78345E+16
76483,9.17033E+18,9,1,72,128,2017,3,6,5,3,4,2,0,1,0,0,0,0,0,7.92637E+20,5.29785E+21,1.29058E+16,4.77675E+16
76484,9.17033E+18,9,1,71,133,2017,3,16,5,2,4,2,0,1,0,0,0,0,0,7.71556E+20,5.34634E+21,1.26557E+16,4.82121E+16
76485,9.17033E+18,9,1,87,159,2017,3,7,5,3,6,4,0,0,1,0,1,0,0,7.30143E+20,5.33E+21,1.20902E+16,4.80817E+16
76486,9.17033E+18,9,1,87,170,2017,3,15,5,3,3,7,1,0,0,0,1,0,0,7.33396E+20,5.31953E+21,1.21282E+16,4.79864E+16
76487,9.17033E+18,9,1,87,124,2017,3,6,5,3,5,3,0,1,0,0,0,1,0,7.33004E+20,5.3296E+21,1.21284E+16,4.8077E+16
76488,9.17033E+18,9,1,87,162,2017,3,15,5,3,4,7,0,1,0,0,0,0,0,7.50229E+20,5.30481E+21,1.23448E+16,4.78479E+16
76489,9.17033E+18,9,1,82,129,2017,3,8,5,3,2,1,0,1,0,0,0,0,0,7.07861E+20,5.28546E+21,1.177E+16,4.76891E+16
76490,9.17033E+18,9,1,82,116,2017,3,6,5,3,3,6,1,1,0,0,0,2,0,7.07451E+20,5.29188E+21,1.17676E+16,4.77469E+16
76491,9.17033E+18,9,1,87,117,2017,3,14,5,3,2,6,0,1,0,0,0,0,0,7.25545E+20,5.30106E+21,1.20134E+16,4.78233E+16
76492,9.17033E+18,9,1,86,137,2017,3,9,5,3,2,6,0,1,0,1,1,0,0,6.83162E+20,5.39706E+21,1.14893E+16,4.86997E+16
76493,9.17033E+18,9,1,85,158,2017,3,7,5,3,5,3,0,1,0,1,0,0,0,6.68553E+20,5.38031E+21,1.12842E+16,4.85532E+16
76494,9.17033E+18,9,1,85,125,2017,3,18,5,3,2,6,0,1,0,0,0,0,0,6.48877E+20,5.39616E+21,1.10234E+16,4.87007E+16
76495,9.17033E+18,9,1,88,139,2017,3,13,5,2,2,6,0,1,0,0,0,0,0,6.74252E+20,5.31837E+21,1.13358E+16,4.79949E+16
76496,9.17033E+18,9,1,81,127,2017,3,22,5,2,8,1,0,1,0,0,0,2,0,6.3677E+20,5.32893E+21,1.0837E+16,4.8099E+16
76497,9.17033E+18,9,1,81,127,2017,3,17,5,2,5,3,0,1,0,1,0,0,0,6.35233E+20,5.32483E+21,1.08151E+16,4.80624E+16
76498,9.17033E+18,9,1,88,120,2017,3,10,5,2,3,6,1,1,0,0,0,0,0,6.77321E+20,5.32644E+21,1.13802E+16,4.80666E+16
76499,9.17033E+18,9,1,79,121,2017,3,15,5,3,0,7,0,0,0,0,1,0,0,6.67347E+20,5.33925E+21,1.12515E+16,4.81844E+16
76500,9.17033E+18,9,1,74,111,2017,3,17,5,3,6,4,0,1,1,0,0,0,0,6.67051E+20,5.36206E+21,1.12565E+16,4.83896E+16
76501,9.17033E+18,9,1,74,115,2017,3,17,5,3,5,3,0,1,0,0,0,0,0,6.81204E+20,5.34721E+21,1.14412E+16,4.82522E+16
76502,9.17033E+18,9,1,77,134,2017,3,14,5,3,4,6,0,1,0,0,0,0,0,7.13979E+20,5.34416E+21,1.18806E+16,4.82145E+16
76503,9.17033E+18,9,1,75,128,2017,3,16,5,3,4,2,1,1,0,0,0,0,0,7.13603E+20,5.32445E+21,1.18657E+16,4.80376E+16
76504,9.17033E+18,9,1,75,123,2017,3,9,5,3,2,6,0,1,0,0,0,0,0,7.22294E+20,5.33749E+21,1.19889E+16,4.81518E+16
76505,9.17033E+18,9,1,62,0,2017,3,7,4,3,3,6,0,1,0,1,0,0,0,6.86193E+20,5.33178E+21,1.15015E+16,4.81121E+16
76506,9.17033E+18,9,1,84,119,2017,3,13,4,3,2,2,0,1,0,0,0,0,0,6.93559E+20,5.3474E+21,1.16075E+16,4.82502E+16
76507,9.17033E+18,9,1,62,0,2017,3,20,4,2,3,7,0,1,0,0,0,2,0,6.84337E+20,5.33541E+21,1.14782E+16,4.81452E+16
76508,9.17033E+18,9,1,84,121,2017,3,14,4,3,5,3,0,1,0,0,0,0,0,7.05957E+20,5.32548E+21,1.17637E+16,4.80493E+16
76509,9.17033E+18,9,1,84,123,2017,3,7,4,3,5,6,0,1,0,0,1,0,0,7.02348E+20,5.33212E+21,1.17185E+16,4.81102E+16
76510,9.17033E+18,9,7,75,135,2017,3,15,4,3,5,3,1,1,0,0,0,0,0,5.76154E+20,5.36158E+21,1.00289E+16,4.84028E+16
76511,9.17033E+18,9,7,75,139,2017,3,11,4,3,5,2,0,1,0,0,1,0,0,5.81794E+20,5.36846E+21,1.01065E+16,4.8464E+16
76512,9.17033E+18,9,7,78,119,2017,3,19,4,2,9,1,0,0,0,1,0,1,0,5.95574E+20,5.30485E+21,1.02785E+16,4.78899E+16
76513,9.17033E+18,9,7,74,143,2017,3,7,4,3,2,7,1,0,0,0,1,0,0,5.97249E+20,5.35864E+21,1.03132E+16,4.83734E+16
76514,9.17033E+18,9,7,73,139,2017,3,17,6,3,2,6,0,1,0,0,0,0,0,6.13379E+20,5.38602E+21,1.05384E+16,4.8617E+16
76515,9.17033E+18,9,7,80,140,2017,3,17,4,3,5,3,0,1,0,0,0,0,0,6.0127E+20,5.2787E+21,1.03486E+16,4.76538E+16