OBJECTID,UIDENTSTLA,ULAND,UREGBEZ,UKREIS,UGEMEINDE,UJAHR,UMONAT,USTUNDE,UWOCHENTAG,UKATEGORIE,UART,UTYP1,IstRad,IstPKW,IstFuss,IstKrad,IstSonstig,LICHT,STRZUSTAND,LINREFX,LINREFY,XGCSWGS84,YGCSWGS84
76516,9.17033E+18,9,7,62,0,2017,3,13,4,3,5,7,1,0,0,0,0,0,0,6.22099E+20,5.30469E+21,1.06332E+16,4.78839E+16
76517,9.17033E+18,9,7,79,178,2017,3,16,4,3,0,3,0,0,0,1,1,0,0,6.43377E+20,5.40235E+21,1.09508E+16,4.87576E+16
76518,9.17033E+18,9,7,71,130,2017,3,17,6,3,2,6,0,1,0,0,0,0,0,6.44911E+20,5.36302E+21,1.0958E+16,4.84036E+16
76519,9.17033E+18,9,7,72,141,2017,3,21,4,3,4,6,0,1,0,0,1,2,0,6.19569E+20,5.34882E+21,1.06117E+16,4.82813E+16
76520,9.17033E+18,9,7,71,130,2017,3,8,4,3,2,6,0,1,0,0,0,0,0,6.45049E+20,5.36084E+21,1.09591E+16,4.8384E+16
76521,9.17033E+18,9,7,61,0,2017,3,19,4,3,5,3,0,1,0,0,0,2,0,6.40357E+20,5.3556E+21,1.0894E+16,4.83379E+16
76522,9.17033E+18,9,6,77,151,2017,3,11,4,2,5,3,0,1,0,0,0,0,0,5.39233E+20,5.51462E+21,9.54498E+15,4.97827E+16
76523,9.17033E+18,9,6,75,165,2017,3,9,4,3,4,2,0,1,0,0,0,0,0,5.87171E+20,5.51526E+21,1.02109E+16,4.97835E+16
76524,9.17033E+18,9,6,77,193,2017,3,16,4,2,8,1,0,0,0,1,0,0,0,5.49892E+20,5.52825E+21,9.69479E+15,4.99045E+16
76525,9.17033E+18,9,6,74,149,2017,3,16,4,3,8,1,0,1,0,0,0,0,0,6.08461E+20,5.55516E+21,1.05178E+16,5.01388E+16
76526,9.17033E+18,9,5,72,131,2017,3,9,4,1,4,1,0,0,0,1,1,0,0,6.54539E+20,5.4853E+21,1.11344E+16,4.95006E+16
76527,9.17033E+18,9,7,72,168,2017,3,13,6,2,8,1,0,0,0,1,0,0,0,6.2029E+20,5.34519E+21,1.06204E+16,4.82485E+16
76528,9.17033E+18,9,7,72,163,2017,3,8,6,3,5,3,0,1,0,0,0,0,0,6.39063E+20,5.34442E+21,1.08729E+16,4.82377E+16
76529,9.17033E+18,9,7,72,163,2017,3,21,6,2,5,2,0,1,0,0,0,2,0,6.396E+20,5.34613E+21,1.08807E+16,4.8253E+16
76530,9.17033E+18,9,5,65,0,2017,3,14,4,3,1,6,0,1,0,1,0,0,0,6.47124E+20,5.46599E+21,1.10249E+16,4.93289E+16
76531,9.17033E+18,9,6,63,0,2017,3,15,6,3,5,2,1,1,0,0,0,0,0,5.66277E+20,5.51712E+21,9.92104E+15,4.98029E+16
76532,9.17033E+18,9,5,63,0,2017,3,12,4,2,1,6,0,1,0,1,0,0,0,6.44133E+20,5.48242E+21,1.09897E+16,4.94773E+16
76533,9.17033E+18,9,6,77,137,2017,3,13,6,3,2,6,0,1,0,0,0,0,0,5.34198E+20,5.51515E+21,9.47509E+15,4.97878E+16
76534,9.17033E+18,9,5,63,0,2017,3,16,4,3,2,6,0,1,0,0,0,0,0,6.44091E+20,5.48281E+21,1.09893E+16,4.94808E+16
76535,9.17033E+18,9,5,64,0,2017,3,22,4,2,0,7,0,0,0,1,1,2,0,6.53605E+20,5.47337E+21,1.11169E+16,4.93936E+16
76536,9.17033E+18,9,6,78,150,2017,3,12,6,3,3,6,0,1,0,0,0,0,0,5.92377E+20,5.53358E+21,1.02876E+16,4.99474E+16
76537,9.17033E+18,9,5,64,0,2017,3,16,4,3,5,2,1,1,0,0,0,0,0,6.45617E+20,5.47839E+21,1.10087E+16,4.94407E+16
76538,9.17033E+18,9,5,64,0,2017,3,9,4,2,0,7,1,0,0,0,0,0,0,6.51348E+20,5.47479E+21,1.10863E+16,4.9407E+16
76539,9.17033E+18,9,5,64,0,2017,3,7,4,2,6,2,0,0,1,0,1,0,0,6.49285E+20,5.48286E+21,1.1061E+16,4.948E+16
76540,9.17033E+18,9,6,62,0,2017,3,16,6,3,5,3,0,1,0,1,0,0,0,5.85718E+20,5.54206E+21,1.01967E+16,5.00247E+16
76541,9.17033E+18,9,5,73,127,2017,3,17,4,3,0,6,0,1,0,0,1,0,0,6.46579E+20,5.4759E+21,1.10211E+16,4.94181E+16
76542,9.17033E+18,9,6,71,157,2017,3,13,6,3,2,6,0,1,0,0,0,0,0,5.26792E+20,5.52831E+21,9.37312E+15,4.99066E+16
76543,9.17033E+18,9,5,71,135,2017,3,23,4,3,8,7,0,1,0,0,0,2,0,6.23119E+20,5.4721E+21,1.06966E+16,4.93892E+16
76544,9.17033E+18,9,6,71,157,2017,3,6,6,3,2,6,0,1,0,0,1,1,0,5.28495E+20,5.52699E+21,9.39673E+15,4.98946E+16
76545,9.17033E+18,9,5,71,130,2017,3,16,4,2,3,2,0,1,0,0,0,0,0,6.02095E+20,5.46637E+21,1.04055E+16,4.93415E+16
76546,9.17033E+18,9,6,76,135,2017,3,7,6,2,9,1,0,1,0,0,0,0,0,5.13455E+20,5.50915E+21,9.18672E+15,4.97347E+16
76547,9.17033E+18,9,4,75,113,2017,3,16,4,3,8,1,0,1,0,0,0,0,0,6.98526E+20,5.5838E+21,1.1792E+16,5.03728E+16
76548,9.17033E+18,9,6,71,130,2017,3,15,6,3,6,7,0,1,1,0,0,0,0,5.14373E+20,5.53896E+21,9.20056E+15,5.00028E+16
76549,9.17033E+18,9,6,71,141,2017,3,14,6,3,2,6,0,1,0,0,0,0,0,5.22671E+20,5.53005E+21,9.31583E+15,4.99224E+16
76550,9.17033E+18,9,4,75,136,2017,3,14,4,3,6,4,0,1,1,0,0,0,0,6.97182E+20,5.56912E+21,1.17654E+16,5.02413E+16
76551,9.17033E+18,9,6,71,114,2017,3,13,6,3,5,3,0,1,0,0,0,0,0,5.00946E+20,5.54484E+21,9.01321E+15,5.00558E+16
76552,9.17033E+18,9,4,77,151,2017,3,20,4,3,9,6,0,0,0,0,1,1,0,6.73928E+20,5.56544E+21,1.14379E+16,5.02155E+16
76553,9.17033E+18,9,4,77,129,2017,3,6,4,3,1,7,0,1,0,0,0,1,0,6.85068E+20,5.55856E+21,1.15906E+16,5.01503E+16
76554,9.17033E+18,9,4,74,126,2017,3,9,4,3,2,6,0,1,0,0,1,0,0,6.49525E+20,5.50704E+21,1.10735E+16,4.96973E+16
76555,9.17033E+18,9,4,71,154,2017,3,17,4,3,2,6,0,1,0,0,0,0,0,6.24287E+20,5.52834E+21,1.07305E+16,4.98945E+16
76556,9.17033E+18,9,5,64,0,2017,3,16,6,3,2,6,0,1,0,0,0,0,0,6.50212E+20,5.47479E+21,1.10707E+16,4.94072E+16
76557,9.17033E+18,9,4,61,0,2017,3,15,4,3,5,3,1,0,0,0,1,0,0,6.35275E+20,5.53014E+21,1.0884E+16,4.99083E+16
76558,9.17033E+18,9,5,65,0,2017,3,13,6,3,2,6,0,1,0,0,0,0,0,6.50045E+20,5.46691E+21,1.10654E+16,4.93364E+16
76559,9.17033E+18,9,4,61,0,2017,3,13,4,3,4,2,0,1,0,0,0,0,0,6.37942E+20,5.52785E+21,1.09203E+16,4.98871E+16
76560,9.17033E+18,9,3,77,157,2017,3,12,4,3,2,2,0,1,0,1,0,0,0,7.22321E+20,5.53789E+21,1.20993E+16,4.99519E+16
76561,9.17033E+18,9,3,72,169,2017,3,19,4,3,8,1,0,1,0,0,0,1,0,7.43158E+20,5.4468E+21,1.23331E+16,4.91259E+16
76562,9.17033E+18,9,3,73,146,2017,3,19,4,3,9,3,0,1,0,0,0,0,0,6.76368E+20,5.44759E+21,1.1419E+16,4.91558E+16
76563,9.17033E+18,9,5,74,123,2017,3,10,6,3,2,6,0,1,0,0,0,0,0,6.59107E+20,5.4736E+21,1.11927E+16,4.93943E+16
76564,9.17033E+18,9,3,71,126,2017,3,17,4,3,4,2,0,1,0,0,0,0,0,7.05098E+20,5.48992E+21,1.18343E+16,4.95271E+16
76565,9.17033E+18,9,5,65,0,2017,3,14,6,3,2,6,0,1,0,0,0,0,0,6.5006E+20,5.4669E+21,1.10656E+16,4.93364E+16
76566,9.17033E+18,9,2,71,119,2017,3,23,4,3,8,1,0,1,0,0,0,2,0,7.94293E+20,5.41181E+21,1.30071E+16,4.87896E+16
76567,9.17033E+18,9,2,78,167,2017,3,8,4,3,2,2,0,1,0,0,1,0,0,7.64113E+20,5.41114E+21,1.25967E+16,4.8797E+16
76568,9.17033E+18,9,2,71,149,2017,3,11,4,3,9,1,0,0,0,1,0,0,0,8.10991E+20,5.41294E+21,1.32347E+16,4.87915E+16
76569,9.17033E+18,9,2,78,159,2017,3,7,4,3,2,6,0,1,0,0,0,0,0,7.77655E+20,5.4212E+21,1.27875E+16,4.88815E+16
76570,9.17033E+18,9,2,75,114,2017,3,17,4,3,5,3,0,1,0,1,0,0,0,8.01155E+20,5.38987E+21,1.30843E+16,4.85894E+16
76571,9.17033E+18,9,2,77,138,2017,3,20,4,2,7,7,0,0,0,1,0,2,0,7.94291E+20,5.37743E+21,1.29827E+16,4.8481E+16
76572,9.17033E+18,9,5,74,123,2017,3,11,6,3,2,6,0,1,0,0,0,0,0,6.59009E+20,5.47357E+21,1.11914E+16,4.9394E+16
76573,9.17033E+18,9,5,72,121,2017,3,17,6,3,2,2,0,1,0,0,0,0,0,6.58007E+20,5.49409E+21,1.11858E+16,4.95787E+16
76574,9.17033E+18,9,5,74,138,2017,3,16,6,3,2,6,0,1,0,1,0,0,0,6.67084E+20,5.48751E+21,1.13085E+16,4.95172E+16
76575,9.17033E+18,9,5,77,177,2017,3,20,6,3,5,2,1,1,0,0,0,1,0,6.44127E+20,5.433E+21,1.09718E+16,4.9033E+16
76576,9.17033E+18,9,2,62,0,2017,3,16,4,3,3,6,0,1,0,0,1,0,0,8.29972E+20,5.39012E+21,1.34742E+16,4.85772E+16
76577,9.17033E+18,9,5,71,226,2017,3,12,6,3,5,3,0,1,0,0,0,0,0,6.34045E+20,5.45673E+21,1.08419E+16,4.92487E+16
76578,9.17033E+18,9,5,71,136,2017,3,14,6,3,5,3,0,1,0,0,0,0,0,5.92715E+20,5.43449E+21,1.0269E+16,4.90563E+16
76579,9.17033E+18,9,4,73,175,2017,3,13,6,3,2,6,0,1,0,0,0,0,0,6.33214E+20,5.56632E+21,1.08679E+16,5.0234E+16
76580,9.17033E+18,9,4,77,157,2017,3,7,6,3,0,7,0,1,0,0,0,0,0,6.73808E+20,5.54405E+21,1.14265E+16,5.00234E+16
76581,9.17033E+18,9,4,71,151,2017,3,16,6,3,0,7,0,0,0,1,0,0,1,6.55187E+20,5.53482E+21,1.1163E+16,4.99456E+16
76582,9.17033E+18,9,2,75,128,2017,3,13,4,3,2,6,0,1,0,0,0,0,0,8.31825E+20,5.40314E+21,1.35096E+16,4.86929E+16
76583,9.17033E+18,9,2,72,151,2017,3,13,4,3,4,1,0,1,0,0,0,0,0,8.36473E+20,5.41027E+21,1.35784E+16,4.87543E+16
76584,9.17033E+18,9,4,61,0,2017,3,9,6,3,5,3,1,1,0,0,0,0,0,6.37942E+20,5.52785E+21,1.09203E+16,4.98871E+16
76585,9.17033E+18,9,2,72,118,2017,3,13,4,2,5,3,0,1,0,0,1,0,0,8.37031E+20,5.41529E+21,1.35901E+16,4.87991E+16
76586,9.17033E+18,9,2,74,156,2017,3,7,4,3,4,6,0,1,0,0,0,0,0,7.44301E+20,5.38302E+21,1.23107E+16,4.85526E+16
76587,9.17033E+18,9,2,74,156,2017,3,7,4,3,0,4,0,0,1,1,0,0,0,7.44187E+20,5.38978E+21,1.23132E+16,4.86134E+16
76588,9.17033E+18,9,1,88,139,2017,3,8,4,3,8,7,0,0,0,0,1,0,0,6.80313E+20,5.32035E+21,1.14178E+16,4.8011E+16
76589,9.17033E+18,9,3,63,0,2017,3,22,6,2,2,6,0,1,0,0,0,2,0,7.27658E+20,5.50672E+21,1.21553E+16,4.967E+16
76590,9.17033E+18,9,1,73,147,2017,3,20,4,3,5,3,1,1,0,0,0,1,0,6.81395E+20,5.30952E+21,1.14277E+16,4.79133E+16
76591,9.17033E+18,9,3,63,0,2017,3,17,6,3,2,6,0,1,0,0,0,0,0,7.27858E+20,5.50969E+21,1.21598E+16,4.96965E+16
76592,9.17033E+18,9,1,90,157,2017,3,9,4,3,2,6,0,1,0,0,0,0,0,6.60055E+20,5.30003E+21,1.11388E+16,4.78337E+16
76593,9.17033E+18,9,3,74,162,2017,3,15,6,3,4,6,0,1,0,0,1,0,0,7.41114E+20,5.50123E+21,1.23381E+16,4.96154E+16
76594,9.17033E+18,9,1,90,111,2017,3,17,4,3,2,6,0,1,0,0,0,0,0,6.3861E+20,5.29494E+21,1.08508E+16,4.77929E+16
76595,9.17033E+18,9,3,74,117,2017,3,14,6,3,2,2,0,1,0,0,0,0,0,7.04166E+20,5.51526E+21,1.18346E+16,4.97551E+16
76596,9.17033E+18,9,1,73,126,2017,3,13,4,3,6,4,0,1,1,0,0,0,0,6.81362E+20,5.30724E+21,1.14263E+16,4.78928E+16
76597,9.17033E+18,9,1,73,112,2017,3,5,4,3,5,2,0,1,0,1,0,1,0,6.93214E+20,5.29281E+21,1.15783E+16,4.77597E+16
76598,9.17033E+18,9,1,89,145,2017,3,21,4,2,1,6,0,1,0,0,0,2,0,7.73791E+20,5.30334E+21,1.26582E+16,4.78251E+16
76599,9.17033E+18,9,1,71,125,2017,3,17,4,2,1,6,0,1,0,0,1,0,0,7.77451E+20,5.35062E+21,1.27376E+16,4.8248E+16
76600,9.17033E+18,9,1,89,133,2017,3,7,4,3,4,1,0,1,0,0,1,0,0,7.52296E+20,5.32369E+21,1.23835E+16,4.80167E+16
76601,9.17033E+18,9,3,72,153,2017,3,17,6,2,9,1,0,0,0,1,0,0,0,7.52877E+20,5.45132E+21,1.24689E+16,4.91625E+16
76602,9.17033E+18,9,1,89,113,2017,3,7,4,2,0,1,0,1,0,0,0,0,0,7.69243E+20,5.30316E+21,1.25975E+16,4.78254E+16
76603,9.17033E+18,9,1,89,129,2017,3,17,4,3,4,2,0,1,0,0,0,0,0,7.59523E+20,5.2962E+21,1.24637E+16,4.77668E+16
76604,9.17033E+18,9,1,72,134,2017,3,16,4,3,2,6,0,1,0,0,0,0,0,7.83124E+20,5.30695E+21,1.2785E+16,4.78535E+16
76605,9.17033E+18,9,1,71,111,2017,3,17,4,3,2,6,0,1,0,0,0,0,0,7.71783E+20,5.35049E+21,1.26614E+16,4.82493E+16
76606,9.17033E+18,9,1,71,111,2017,3,7,4,3,0,1,0,0,0,1,0,0,0,7.73119E+20,5.34906E+21,1.26784E+16,4.82359E+16
76607,9.17033E+18,9,1,87,165,2017,3,18,4,3,8,7,0,0,0,0,1,0,0,7.28752E+20,5.30035E+21,1.20558E+16,4.78158E+16
76608,9.17033E+18,9,1,85,158,2017,3,15,4,3,5,3,1,1,0,0,0,0,0,6.67588E+20,5.3803E+21,1.12711E+16,4.85534E+16
76609,9.17033E+18,9,1,85,113,2017,3,16,4,3,0,7,0,0,0,1,1,0,0,6.69455E+20,5.37751E+21,1.12952E+16,4.85278E+16
76610,9.17033E+18,9,3,62,0,2017,3,7,6,3,2,6,0,1,0,0,1,0,0,7.30374E+20,5.43496E+21,1.21514E+16,4.90245E+16
76611,9.17033E+18,9,3,73,160,2017,3,11,6,2,5,2,0,1,0,0,1,0,0,6.86103E+20,5.44682E+21,1.1552E+16,4.9146E+16
76612,9.17033E+18,9,3,73,160,2017,3,12,6,2,0,2,0,1,0,0,1,0,0,6.862E+20,5.44609E+21,1.1553E+16,4.91394E+16
76613,9.17033E+18,9,1,86,151,2017,3,9,4,3,1,6,0,1,0,0,0,0,0,6.78125E+20,5.37634E+21,1.14121E+16,4.85149E+16
76614,9.17033E+18,9,3,73,151,2017,3,15,6,3,4,2,0,1,0,1,0,0,0,6.96198E+20,5.44995E+21,1.16918E+16,4.9171E+16
76615,9.17033E+18,9,1,76,114,2017,3,17,4,3,2,6,0,1,0,0,0,0,0,6.82198E+20,5.42995E+21,1.14909E+16,4.89956E+16
76616,9.17033E+18,9,3,73,147,2017,3,16,6,3,5,2,1,1,0,0,0,0,0,6.78927E+20,5.46115E+21,1.14601E+16,4.92769E+16
76617,9.17033E+18,9,1,88,139,2017,3,15,4,3,2,6,0,1,0,0,0,0,0,6.75102E+20,5.31925E+21,1.13475E+16,4.80026E+16
76618,9.17033E+18,9,1,81,145,2017,3,12,4,3,2,2,0,0,0,0,1,0,0,6.42978E+20,5.33458E+21,1.09223E+16,4.81484E+16
76619,9.17033E+18,9,1,81,130,2017,3,6,4,3,9,1,0,1,0,0,0,2,0,6.40717E+20,5.32596E+21,1.0889E+16,4.80714E+16
76620,9.17033E+18,9,1,88,120,2017,3,16,4,2,6,3,0,0,1,0,1,0,0,6.77022E+20,5.32661E+21,1.13763E+16,4.80682E+16
76621,9.17033E+18,9,3,72,113,2017,3,10,6,3,0,1,1,0,0,0,0,0,0,7.91569E+20,5.45698E+21,1.30025E+16,4.91962E+16
76622,9.17033E+18,9,1,84,130,2017,3,20,4,3,3,6,0,1,0,0,0,2,0,6.96955E+20,5.34276E+21,1.16511E+16,4.82075E+16
76623,9.17033E+18,9,3,72,113,2017,3,14,6,3,8,1,0,1,0,0,0,0,0,7.91958E+20,5.45707E+21,1.30079E+16,4.91968E+16
76624,9.17033E+18,9,1,75,132,2017,3,7,4,2,5,3,0,1,0,1,0,0,0,7.06375E+20,5.33241E+21,1.17727E+16,4.81115E+16
76625,9.17033E+18,9,3,72,168,2017,3,15,6,2,8,1,0,0,0,1,0,0,0,7.66414E+20,5.4678E+21,1.26652E+16,4.93048E+16
76626,9.17033E+18,9,1,78,145,2017,3,14,4,3,2,1,0,1,0,0,0,0,0,6.99021E+20,5.3534E+21,1.16838E+16,4.83024E+16
76627,9.17033E+18,9,3,72,116,2017,3,8,6,3,2,6,0,1,0,0,0,0,0,7.67767E+20,5.45771E+21,1.2677E+16,4.92136E+16
76628,9.17033E+18,9,1,78,122,2017,3,17,4,3,4,1,0,1,0,1,0,0,0,7.08115E+20,5.38535E+21,1.18222E+16,4.85866E+16
76629,9.17033E+18,9,1,77,118,2017,3,18,4,3,2,6,0,1,0,0,0,0,0,7.08069E+20,5.34464E+21,1.18014E+16,4.82208E+16
76630,9.17033E+18,9,3,76,125,2017,3,16,6,3,3,2,0,1,0,0,0,0,0,7.1844E+20,5.47898E+21,1.20124E+16,4.94242E+16
76631,9.17033E+18,9,1,62,0,2017,3,6,3,3,2,6,0,1,0,0,0,0,0,6.94044E+20,5.34025E+21,1.16108E+16,4.81858E+16
76632,9.17033E+18,9,1,84,141,2017,3,17,3,3,5,3,1,1,0,0,0,0,0,6.9702E+20,5.31942E+21,1.16412E+16,4.79977E+16
76633,9.17033E+18,9,1,62,0,2017,3,23,3,3,5,3,0,1,0,0,0,2,0,6.94985E+20,5.333E+21,1.16201E+16,4.81203E+16
76634,9.17033E+18,9,7,75,135,2017,3,13,3,2,6,2,0,1,1,0,0,0,0,5.74574E+20,5.36084E+21,1.00075E+16,4.83963E+16
76635,9.17033E+18,9,3,71,154,2017,3,14,6,3,4,2,0,1,0,0,0,0,0,7.00491E+20,5.4752E+21,1.17633E+16,4.93965E+16
76636,9.17033E+18,9,7,78,173,2017,3,16,3,3,5,3,0,1,0,0,0,0,0,6.14142E+20,5.32026E+21,1.05309E+16,4.80254E+16
76637,9.17033E+18,9,7,63,0,2017,3,19,3,3,9,7,0,1,0,0,0,1,0,6.00577E+20,5.28702E+21,1.03413E+16,4.77287E+16
76638,9.17033E+18,9,3,61,0,2017,3,7,6,3,0,1,1,0,0,0,0,0,0,7.05409E+20,5.48372E+21,1.18354E+16,4.94713E+16
76639,9.17033E+18,9,7,80,128,2017,3,7,3,3,2,6,0,1,0,0,0,0,0,6.09176E+20,5.27889E+21,1.04539E+16,4.76542E+16
76640,9.17033E+18,9,2,63,0,2017,3,12,6,3,2,6,0,1,0,0,0,0,0,7.6081E+20,5.42358E+21,1.25597E+16,4.89102E+16
76641,9.17033E+18,9,7,77,151,2017,3,14,3,3,4,2,1,1,0,0,0,0,0,6.17778E+20,5.29197E+21,1.05719E+16,4.77703E+16
76642,9.17033E+18,9,7,76,116,2017,3,11,3,3,0,1,1,0,0,0,0,0,0,5.52966E+20,5.26747E+21,9.70405E+15,4.75584E+16
76643,9.17033E+18,9,7,77,140,2017,3,14,3,2,2,6,1,0,0,0,0,0,0,6.2459E+20,5.31699E+21,1.067E+16,4.79941E+16
76644,9.17033E+18,9,7,72,162,2017,3,8,3,3,2,6,0,1,0,1,0,0,0,6.36901E+20,5.3354E+21,1.08409E+16,4.81571E+16
76645,9.17033E+18,9,7,72,202,2017,3,11,3,3,4,1,0,1,0,0,1,0,0,6.36615E+20,5.35864E+21,1.08445E+16,4.83662E+16
76646,9.17033E+18,9,2,78,190,2017,3,17,6,2,5,3,0,1,0,1,0,0,0,7.61831E+20,5.42783E+21,1.25763E+16,4.89479E+16
76647,9.17033E+18,9,7,72,216,2017,3,19,3,3,7,7,1,0,0,0,1,0,0,6.22408E+20,5.36892E+21,1.06558E+16,4.84615E+16
76648,9.17033E+18,9,2,63,0,2017,3,18,6,3,1,7,1,1,0,0,0,0,0,7.62771E+20,5.4199E+21,1.2584E+16,4.88763E+16
76649,9.17033E+18,9,7,61,0,2017,3,7,3,3,2,6,0,1,0,0,0,0,0,6.4105E+20,5.35556E+21,1.09034E+16,4.83374E+16
76650,9.17033E+18,9,6,77,146,2017,3,14,3,3,8,1,0,1,0,0,0,0,0,5.44166E+20,5.5242E+21,9.61459E+15,4.98686E+16
76651,9.17033E+18,9,6,78,138,2017,3,13,3,3,3,6,0,1,0,0,1,0,0,5.97111E+20,5.54051E+21,1.03553E+16,5.0009E+16
76652,9.17033E+18,9,6,72,124,2017,3,16,3,2,8,1,0,0,0,1,0,0,0,5.6696E+20,5.5495E+21,9.93616E+15,5.0094E+16
76653,9.17033E+18,9,2,71,151,2017,3,20,6,3,0,3,0,1,0,1,0,2,0,7.79257E+20,5.41231E+21,1.28032E+16,4.8801E+16
76654,9.17033E+18,9,2,71,146,2017,3,15,6,3,2,6,0,1,0,1,0,0,0,7.83688E+20,5.41053E+21,1.28622E+16,4.87829E+16
76655,9.17033E+18,9,2,71,122,2017,3,19,6,2,0,1,0,0,0,1,0,0,0,7.9066E+20,5.42186E+21,1.29649E+16,4.88814E+16
76656,9.17033E+18,9,2,71,149,2017,3,12,6,3,5,3,0,1,0,1,0,0,0,8.06572E+20,5.41064E+21,1.3173E+16,4.87732E+16
76657,9.17033E+18,9,6,73,114,2017,3,5,3,3,5,3,1,1,0,0,0,0,0,5.86562E+20,5.57646E+21,1.02163E+16,5.03339E+16
76658,9.17033E+18,9,6,62,0,2017,3,6,3,2,5,3,0,1,0,1,0,2,0,5.85475E+20,5.54172E+21,1.01932E+16,5.00217E+16
76659,9.17033E+18,9,2,78,189,2017,3,19,6,3,4,1,0,1,0,1,0,0,0,7.66257E+20,5.44004E+21,1.26446E+16,4.90556E+16
76660,9.17033E+18,9,6,76,140,2017,3,12,3,3,4,6,0,1,0,1,0,0,0,5.0353E+20,5.5224E+21,9.0491E+15,4.9854E+16
76661,9.17033E+18,9,2,75,138,2017,3,17,6,2,5,3,0,1,0,1,0,0,0,8.136E+20,5.38634E+21,1.325E+16,4.85516E+16
76662,9.17033E+18,9,6,71,130,2017,3,14,3,2,2,6,0,0,0,1,0,0,0,5.14231E+20,5.54343E+21,9.19874E+15,5.0043E+16
76663,9.17033E+18,9,2,74,153,2017,3,11,6,3,3,6,0,1,0,0,1,0,0,7.32101E+20,5.40287E+21,1.21568E+16,4.87356E+16
76664,9.17033E+18,9,5,72,115,2017,3,16,3,3,2,6,0,1,0,0,0,0,0,6.47426E+20,5.50357E+21,1.10431E+16,4.96666E+16
76665,9.17033E+18,9,2,74,111,2017,3,19,6,2,9,1,0,1,0,0,0,1,0,7.38608E+20,5.37965E+21,1.22318E+16,4.85246E+16
76666,9.17033E+18,9,5,72,127,2017,3,16,3,2,9,1,0,1,0,1,1,0,0,6.34603E+20,5.49925E+21,1.0864E+16,4.96308E+16
76667,9.17033E+18,9,5,76,113,2017,3,12,3,3,2,6,0,1,0,0,0,0,0,6.66996E+20,5.45656E+21,1.12942E+16,4.9239E+16
76668,9.17033E+18,9,2,73,147,2017,3,12,6,3,4,2,0,1,0,0,1,0,0,7.04604E+20,5.38771E+21,1.17758E+16,4.8609E+16
76669,9.17033E+18,9,5,64,0,2017,3,7,3,3,2,6,0,1,0,0,0,0,0,6.53521E+20,5.48027E+21,1.11184E+16,4.94557E+16
76670,9.17033E+18,9,5,64,0,2017,3,12,3,3,0,3,1,1,0,0,0,0,0,6.53645E+20,5.47433E+21,1.11178E+16,4.94022E+16
76671,9.17033E+18,9,2,74,134,2017,3,0,6,3,6,7,0,1,1,0,0,2,0,7.407E+20,5.37416E+21,1.22569E+16,4.84744E+16
76672,9.17033E+18,9,5,77,177,2017,3,17,3,2,4,2,0,1,0,1,0,0,0,6.5003E+20,5.42703E+21,1.10504E+16,4.8978E+16
76673,9.17033E+18,9,2,61,0,2017,3,11,6,3,5,3,1,1,0,0,0,0,0,7.32728E+20,5.38208E+21,1.21536E+16,4.85486E+16
76674,9.17033E+18,9,2,61,0,2017,3,14,6,3,5,7,0,1,0,0,0,0,0,7.3182E+20,5.38119E+21,1.21409E+16,4.8541E+16
76675,9.17033E+18,9,5,77,158,2017,3,15,3,3,8,1,0,1,0,0,0,0,0,6.46736E+20,5.42173E+21,1.10035E+16,4.89311E+16
76676,9.17033E+18,9,2,79,137,2017,3,16,6,3,4,1,0,1,0,0,1,0,0,7.75369E+20,5.40498E+21,1.27455E+16,4.87369E+16
76677,9.17033E+18,9,5,75,152,2017,3,17,3,2,9,1,0,0,0,1,1,0,0,6.19218E+20,5.47889E+21,1.06449E+16,4.94509E+16
76678,9.17033E+18,9,2,79,122,2017,3,12,6,3,1,6,0,1,0,0,0,0,0,7.70471E+20,5.39927E+21,1.26753E+16,4.86878E+16
76679,9.17033E+18,9,4,75,184,2017,3,7,3,3,2,6,0,1,0,0,0,0,0,7.03316E+20,5.56233E+21,1.18477E+16,5.01782E+16
76680,9.17033E+18,9,4,75,123,2017,3,16,3,3,4,6,0,0,0,0,1,0,0,7.05457E+20,5.58424E+21,1.18895E+16,5.03743E+16
76681,9.17033E+18,9,4,76,183,2017,3,12,3,3,2,6,0,1,0,0,1,0,0,6.69954E+20,5.56844E+21,1.13836E+16,5.02436E+16
76682,9.17033E+18,9,2,73,159,2017,3,17,6,2,8,1,0,0,0,1,0,0,0,7.06815E+20,5.43353E+21,1.18288E+16,4.90199E+16
76683,9.17033E+18,9,4,77,128,2017,3,14,3,3,6,4,0,1,1,0,0,0,0,6.75146E+20,5.55327E+21,1.14494E+16,5.01058E+16
76684,9.17033E+18,9,2,79,112,2017,3,13,6,3,5,3,0,1,0,0,0,0,0,7.55934E+20,5.39349E+21,1.24746E+16,4.86421E+16
76685,9.17033E+18,9,4,72,131,2017,3,14,3,3,9,1,0,0,0,1,0,0,0,6.81022E+20,5.53465E+21,1.15227E+16,4.99367E+16
76686,9.17033E+18,9,1,90,140,2017,3,15,6,3,2,6,0,1,0,1,0,0,0,6.45254E+20,5.2928E+21,1.09387E+16,4.77722E+16
76687,9.17033E+18,9,4,61,0,2017,3,12,3,3,3,7,1,0,0,0,1,0,0,6.38216E+20,5.52437E+21,1.09229E+16,4.98558E+16
76688,9.17033E+18,9,3,74,162,2017,3,19,3,3,4,6,0,1,0,1,0,1,0,7.39243E+20,5.50341E+21,1.23136E+16,4.96358E+16