OBJECTID,UIDENTSTLA,ULAND,UREGBEZ,UKREIS,UGEMEINDE,UJAHR,UMONAT,USTUNDE,UWOCHENTAG,UKATEGORIE,UART,UTYP1,IstRad,IstPKW,IstFuss,IstKrad,IstSonstig,LICHT,STRZUSTAND,LINREFX,LINREFY,XGCSWGS84,YGCSWGS84
76689,9.17033E+18,9,3,62,0,2017,3,17,3,3,5,3,1,1,0,0,0,0,0,7.32634E+20,5.43257E+21,1.21809E+16,4.90021E+16
76690,9.17033E+18,9,3,75,183,2017,3,16,3,3,2,6,0,1,0,0,0,0,0,7.42605E+20,5.42956E+21,1.23152E+16,4.89713E+16
76691,9.17033E+18,9,3,73,155,2017,3,20,3,3,4,6,1,0,0,1,0,2,0,6.70356E+20,5.46179E+21,1.13426E+16,4.92851E+16
76692,9.17033E+18,9,3,71,126,2017,3,11,3,2,5,3,0,1,0,1,0,0,0,7.02465E+20,5.4904E+21,1.17982E+16,4.95324E+16
76693,9.17033E+18,9,3,76,161,2017,3,16,3,3,2,6,0,1,0,1,0,0,0,7.25562E+20,5.4684E+21,1.21044E+16,4.93266E+16
76694,9.17033E+18,9,1,90,151,2017,3,17,6,2,2,6,0,1,0,1,1,0,0,6.36985E+20,5.30011E+21,1.08307E+16,4.78397E+16
76695,9.17033E+18,9,2,76,120,2017,3,13,3,2,2,6,1,1,0,0,0,0,0,7.91459E+20,5.44416E+21,1.29918E+16,4.90812E+16
76696,9.17033E+18,9,1,90,130,2017,3,13,6,3,5,3,0,1,0,1,0,0,0,6.49455E+20,5.29642E+21,1.0996E+16,4.78037E+16
76697,9.17033E+18,9,2,63,0,2017,3,7,3,2,2,6,0,1,0,0,0,0,0,7.60586E+20,5.4218E+21,1.25555E+16,4.88943E+16
76698,9.17033E+18,9,1,80,133,2017,3,13,6,3,3,6,0,1,0,1,0,0,0,6.65172E+20,5.2884E+21,1.12027E+16,4.77278E+16
76699,9.17033E+18,9,1,73,118,2017,3,13,6,3,5,3,1,1,0,0,0,0,0,6.86358E+20,5.30703E+21,1.1493E+16,4.78895E+16
76700,9.17033E+18,9,1,73,118,2017,3,16,6,3,5,3,0,1,0,0,0,0,0,6.92708E+20,5.31074E+21,1.15795E+16,4.7921E+16
76701,9.17033E+18,9,1,71,137,2017,3,8,6,3,3,6,0,1,0,0,0,0,0,7.71524E+20,5.35085E+21,1.26581E+16,4.82526E+16
76702,9.17033E+18,9,1,89,145,2017,3,17,6,3,2,6,0,1,0,0,0,0,0,7.734E+20,5.30163E+21,1.26519E+16,4.78099E+16
76703,9.17033E+18,9,2,62,0,2017,3,20,3,3,5,2,1,0,0,0,1,2,0,8.29424E+20,5.38941E+21,1.34662E+16,4.85711E+16
76704,9.17033E+18,9,1,89,161,2017,3,7,6,3,2,6,0,1,0,0,0,0,0,7.69589E+20,5.30541E+21,1.26035E+16,4.78454E+16
76705,9.17033E+18,9,2,62,0,2017,3,13,3,3,5,2,0,1,0,0,0,0,0,8.26066E+20,5.38915E+21,1.34206E+16,4.85705E+16
76706,9.17033E+18,9,2,75,124,2017,3,12,3,3,1,6,0,1,0,0,0,0,0,8.09157E+20,5.37133E+21,1.31788E+16,4.84192E+16
76707,9.17033E+18,9,2,77,111,2017,3,11,3,2,5,3,1,1,0,0,0,0,0,7.81642E+20,5.3857E+21,1.28175E+16,4.85611E+16
76708,9.17033E+18,9,2,73,147,2017,3,7,3,3,2,6,0,1,0,0,0,0,0,7.04945E+20,5.3918E+21,1.17824E+16,4.86457E+16
76709,9.17033E+18,9,2,73,159,2017,3,17,3,3,5,3,0,0,0,1,0,0,0,7.05648E+20,5.43104E+21,1.18116E+16,4.8998E+16
76710,9.17033E+18,9,1,89,155,2017,3,16,6,3,4,1,0,1,0,0,0,0,0,7.71642E+20,5.30787E+21,1.26324E+16,4.78667E+16
76711,9.17033E+18,9,2,73,111,2017,3,17,3,3,5,3,0,1,0,0,0,0,0,7.11082E+20,5.41358E+21,1.18768E+16,4.88392E+16
76712,9.17033E+18,9,1,89,155,2017,3,11,6,3,0,2,0,0,0,1,0,0,0,7.72146E+20,5.30675E+21,1.26384E+16,4.78564E+16
76713,9.17033E+18,9,2,79,134,2017,3,21,3,3,8,7,0,0,0,1,0,2,0,7.68509E+20,5.38356E+21,1.26385E+16,4.85476E+16
76714,9.17033E+18,9,1,89,152,2017,3,12,6,2,1,6,0,1,0,0,0,0,0,7.80953E+20,5.32947E+21,1.27708E+16,4.80566E+16
76715,9.17033E+18,9,1,90,131,2017,3,17,3,2,4,7,0,1,0,0,1,0,0,6.63106E+20,5.29313E+21,1.1177E+16,4.77709E+16
76716,9.17033E+18,9,1,90,151,2017,3,13,3,3,8,1,0,0,0,1,0,0,0,6.33312E+20,5.29996E+21,1.07816E+16,4.78391E+16
76717,9.17033E+18,9,1,89,159,2017,3,16,6,2,0,2,1,1,0,0,0,0,0,7.6168E+20,5.3021E+21,1.2496E+16,4.7819E+16
76718,9.17033E+18,9,1,80,126,2017,3,18,3,3,8,1,0,1,0,0,0,0,0,6.60019E+20,5.26995E+21,1.11273E+16,4.75632E+16
76719,9.17033E+18,9,1,73,127,2017,3,16,3,2,1,6,0,1,0,1,0,0,0,6.95796E+20,5.29299E+21,1.16128E+16,4.77605E+16
76720,9.17033E+18,9,1,72,116,2017,3,13,6,3,5,3,1,1,0,0,0,0,0,8.01639E+20,5.28407E+21,1.30161E+16,4.76397E+16
76721,9.17033E+18,9,1,73,145,2017,3,14,3,2,1,6,1,1,0,0,0,0,0,6.91571E+20,5.28867E+21,1.15546E+16,4.77229E+16
76722,9.17033E+18,9,1,89,119,2017,3,16,3,3,9,1,0,1,0,0,0,0,0,7.64877E+20,5.3058E+21,1.25409E+16,4.78509E+16
76723,9.17033E+18,9,1,89,149,2017,3,17,3,3,5,1,0,1,0,0,0,0,0,7.59536E+20,5.32858E+21,1.24834E+16,4.80576E+16
76724,9.17033E+18,9,1,89,119,2017,3,15,3,3,4,6,0,1,0,0,0,0,0,7.69549E+20,5.30821E+21,1.26047E+16,4.78706E+16
76725,9.17033E+18,9,1,72,131,2017,3,21,6,3,0,7,0,1,0,0,1,2,0,7.84664E+20,5.28827E+21,1.27933E+16,4.7685E+16
76726,9.17033E+18,9,1,89,114,2017,3,6,3,2,4,6,0,1,0,0,0,2,0,7.66768E+20,5.31321E+21,1.25707E+16,4.79166E+16
76727,9.17033E+18,9,1,71,117,2017,3,12,6,3,2,6,0,1,0,0,0,0,0,7.67279E+20,5.33769E+21,1.25928E+16,4.81362E+16
76728,9.17033E+18,9,1,82,133,2017,3,16,6,3,2,6,0,1,0,0,0,0,0,7.06249E+20,5.30666E+21,1.17586E+16,4.78801E+16
76729,9.17033E+18,9,1,87,176,2017,3,13,6,3,5,3,0,1,0,0,0,0,0,7.38688E+20,5.33079E+21,1.22053E+16,4.80857E+16
76730,9.17033E+18,9,1,83,116,2017,3,14,3,3,0,7,0,0,0,1,1,0,0,7.67034E+20,5.35267E+21,1.25989E+16,4.82709E+16
76731,9.17033E+18,9,1,83,130,2017,3,15,3,2,9,6,0,1,0,1,0,0,0,7.61596E+20,5.35888E+21,1.25296E+16,4.83289E+16
76732,9.17033E+18,9,1,63,0,2017,3,19,6,3,5,3,1,1,0,0,0,0,0,7.32621E+20,5.30712E+21,1.21111E+16,4.78753E+16
76733,9.17033E+18,9,1,83,128,2017,3,18,3,3,3,2,1,1,0,0,0,0,0,7.61529E+20,5.34968E+21,1.2523E+16,4.82463E+16
76734,9.17033E+18,9,1,61,0,2017,3,14,6,3,0,1,1,0,0,0,0,0,0,6.79321E+20,5.40303E+21,1.14398E+16,4.87544E+16
76735,9.17033E+18,9,1,71,113,2017,3,8,3,3,5,3,0,1,0,0,0,0,0,7.77687E+20,5.34048E+21,1.27342E+16,4.81568E+16
76736,9.17033E+18,9,1,61,0,2017,3,7,6,3,2,7,0,1,0,0,0,0,0,6.77652E+20,5.40224E+21,1.14168E+16,4.87478E+16
76737,9.17033E+18,9,1,71,111,2017,3,22,3,3,9,1,0,1,0,0,0,2,0,7.71444E+20,5.34995E+21,1.26565E+16,4.82446E+16
76738,9.17033E+18,9,1,63,0,2017,3,7,3,3,3,3,1,1,0,0,0,0,0,7.31894E+20,5.30156E+21,1.20984E+16,4.78256E+16
76739,9.17033E+18,9,1,85,158,2017,3,16,6,3,0,7,1,0,0,0,0,0,0,6.66123E+20,5.38152E+21,1.12517E+16,4.85647E+16
76740,9.17033E+18,9,1,87,128,2017,3,12,3,2,0,7,0,0,0,1,0,0,0,7.47056E+20,5.31034E+21,1.23057E+16,4.78988E+16
76741,9.17033E+18,9,1,87,125,2017,3,16,3,3,4,6,0,1,0,0,1,0,0,7.53428E+20,5.31453E+21,1.23932E+16,4.7934E+16
76742,9.17033E+18,9,1,86,151,2017,3,15,6,3,0,7,1,0,0,0,0,0,0,6.81285E+20,5.37665E+21,1.1455E+16,4.85167E+16
76743,9.17033E+18,9,1,87,162,2017,3,16,3,3,2,6,0,1,0,0,0,0,0,7.50494E+20,5.30421E+21,1.2348E+16,4.78424E+16
76744,9.17033E+18,9,1,87,169,2017,3,16,3,2,2,6,0,1,0,1,0,0,0,7.39391E+20,5.29886E+21,1.21969E+16,4.77985E+16
76745,9.17033E+18,9,1,82,132,2017,3,10,3,3,1,6,0,1,0,0,0,0,0,7.06486E+20,5.28778E+21,1.17528E+16,4.77103E+16
76746,9.17033E+18,9,1,61,0,2017,3,7,3,3,5,3,1,1,0,0,0,0,0,6.76858E+20,5.40947E+21,1.14091E+16,4.8813E+16
76747,9.17033E+18,9,1,76,143,2017,3,14,3,2,5,3,1,0,0,0,1,0,0,6.79156E+20,5.40911E+21,1.14402E+16,4.88091E+16
76748,9.17033E+18,9,1,61,0,2017,3,17,3,3,2,6,0,1,0,0,0,0,0,6.81574E+20,5.40087E+21,1.14695E+16,4.87344E+16
76749,9.17033E+18,9,1,86,143,2017,3,10,3,2,5,6,0,1,0,0,1,0,0,6.84526E+20,5.38348E+21,1.15018E+16,4.85772E+16
76750,9.17033E+18,9,1,88,126,2017,3,18,3,3,9,1,0,1,0,0,0,0,0,6.60284E+20,5.32794E+21,1.11523E+16,4.80845E+16
76751,9.17033E+18,9,1,81,130,2017,3,11,3,3,0,7,1,0,0,0,0,0,0,6.39333E+20,5.32289E+21,1.08695E+16,4.80441E+16
76752,9.17033E+18,9,1,85,153,2017,3,15,6,3,5,6,0,1,0,0,0,0,0,6.53034E+20,5.40166E+21,1.10819E+16,4.87491E+16
76753,9.17033E+18,9,1,88,145,2017,3,12,3,2,0,7,1,0,0,0,0,0,0,6.63865E+20,5.32809E+21,1.12004E+16,4.8085E+16
76754,9.17033E+18,9,1,74,126,2017,3,13,3,2,5,3,0,1,0,0,1,0,0,6.83837E+20,5.34648E+21,1.14763E+16,4.82448E+16
76755,9.17033E+18,9,1,86,137,2017,3,7,6,3,2,3,0,1,0,0,0,0,0,6.83052E+20,5.39816E+21,1.14883E+16,4.87096E+16
76756,9.17033E+18,9,1,84,140,2017,3,13,3,3,2,6,0,1,0,0,0,0,0,7.03337E+20,5.32827E+21,1.17299E+16,4.80753E+16
76757,9.17033E+18,9,1,75,132,2017,3,16,3,3,2,6,0,1,0,0,0,0,0,7.04696E+20,5.33584E+21,1.17518E+16,4.81428E+16
76758,9.17033E+18,9,1,84,147,2017,3,10,3,3,2,6,0,0,0,0,1,0,0,6.99794E+20,5.34137E+21,1.16886E+16,4.81941E+16
76759,9.17033E+18,9,1,84,131,2017,3,10,3,2,2,6,0,0,0,0,1,0,0,7.0401E+20,5.33818E+21,1.17437E+16,4.81641E+16
76760,9.17033E+18,9,1,84,119,2017,3,9,3,3,2,6,0,1,0,0,0,0,0,6.96347E+20,5.34921E+21,1.16459E+16,4.82656E+16
76761,9.17033E+18,9,1,86,122,2017,3,11,6,3,8,1,0,1,0,0,0,0,0,6.94657E+20,5.39525E+21,1.16446E+16,4.86799E+16
76762,9.17033E+18,9,1,84,119,2017,3,8,3,3,2,6,0,1,0,0,1,0,0,6.96121E+20,5.34651E+21,1.16416E+16,4.82415E+16
76763,9.17033E+18,9,1,74,113,2017,3,14,6,3,2,6,0,1,0,0,0,0,0,6.70936E+20,5.34735E+21,1.1303E+16,4.82563E+16
76764,9.17033E+18,9,1,78,145,2017,3,8,3,3,2,6,0,1,0,0,0,0,0,6.95762E+20,5.35588E+21,1.16411E+16,4.83258E+16
76765,9.17033E+18,9,1,81,132,2017,3,9,6,3,2,6,0,1,0,0,0,0,0,6.47346E+20,5.3248E+21,1.09776E+16,4.80595E+16
76766,9.17033E+18,9,1,79,142,2017,3,8,6,3,2,6,0,1,0,0,1,0,0,6.71828E+20,5.34258E+21,1.13131E+16,4.82131E+16
76767,9.17033E+18,9,1,77,115,2017,3,15,3,3,4,6,0,1,0,0,1,0,0,7.31066E+20,5.34852E+21,1.21127E+16,4.82477E+16
76768,9.17033E+18,9,1,81,122,2017,3,19,6,2,0,1,0,0,0,1,0,1,0,6.47645E+20,5.33341E+21,1.09846E+16,4.81368E+16
76769,9.17033E+18,9,1,62,0,2017,3,11,2,3,1,5,0,1,0,0,0,0,0,6.88349E+20,5.3402E+21,1.15342E+16,4.8187E+16
76770,9.17033E+18,9,1,81,130,2017,3,20,6,3,3,6,0,1,0,0,0,2,0,6.40505E+20,5.32551E+21,1.08861E+16,4.80674E+16
76771,9.17033E+18,9,1,84,148,2017,3,8,2,3,2,6,0,1,0,0,0,0,0,6.9641E+20,5.32638E+21,1.16362E+16,4.80604E+16
76772,9.17033E+18,9,1,79,123,2017,3,15,6,1,5,3,0,1,0,0,1,0,0,6.76275E+20,5.33493E+21,1.13697E+16,4.81432E+16
76773,9.17033E+18,9,1,84,127,2017,3,20,2,2,9,7,1,0,0,0,0,2,0,7.02793E+20,5.32205E+21,1.17197E+16,4.80196E+16
76774,9.17033E+18,9,1,84,149,2017,3,8,2,2,4,2,1,1,0,0,0,0,0,6.90318E+20,5.35076E+21,1.15654E+16,4.82814E+16
76775,9.17033E+18,9,1,88,120,2017,3,9,6,3,0,2,0,1,0,0,0,0,0,6.78335E+20,5.32698E+21,1.13941E+16,4.80712E+16
76776,9.17033E+18,9,7,74,129,2017,3,19,2,2,5,3,0,1,0,0,0,0,0,5.98032E+20,5.34015E+21,1.03195E+16,4.8207E+16
76777,9.17033E+18,9,7,63,0,2017,3,11,2,3,3,7,1,1,0,0,0,0,0,5.99373E+20,5.28494E+21,1.03248E+16,4.77102E+16
76778,9.17033E+18,9,1,88,120,2017,3,9,6,3,5,2,1,1,0,0,0,0,0,6.77947E+20,5.32674E+21,1.13888E+16,4.80691E+16
76779,9.17033E+18,9,7,63,0,2017,3,17,2,3,5,3,1,1,0,0,0,0,0,5.99163E+20,5.28677E+21,1.03224E+16,4.77266E+16
76780,9.17033E+18,9,7,63,0,2017,3,18,2,2,1,6,0,1,0,0,0,0,0,6.00074E+20,5.29103E+21,1.03355E+16,4.77649E+16
76781,9.17033E+18,9,7,61,0,2017,3,22,2,3,5,3,0,1,0,1,0,2,0,6.36914E+20,5.35958E+21,1.08489E+16,4.83745E+16
76782,9.17033E+18,9,7,61,0,2017,3,13,2,3,0,7,1,0,0,0,0,0,0,6.43441E+20,5.36082E+21,1.09374E+16,4.83843E+16
76783,9.17033E+18,9,6,79,130,2017,3,14,2,3,8,1,0,1,0,0,0,0,0,5.71819E+20,5.52113E+21,9.99879E+15,4.98383E+16
76784,9.17033E+18,9,6,63,0,2017,3,17,2,3,2,2,0,1,0,0,0,0,0,5.64999E+20,5.51707E+21,9.90326E+15,4.98025E+16
76785,9.17033E+18,9,1,84,149,2017,3,15,6,3,2,6,0,1,0,0,0,0,0,6.88585E+20,5.34945E+21,1.15415E+16,4.82702E+16
76786,9.17033E+18,9,6,77,131,2017,3,15,2,3,5,3,0,1,0,0,0,0,0,5.50488E+20,5.54419E+21,9.70518E+15,5.00478E+16
76787,9.17033E+18,9,1,78,145,2017,3,20,6,3,2,1,0,1,0,0,0,2,0,6.99429E+20,5.35489E+21,1.169E+16,4.83158E+16
76788,9.17033E+18,9,6,72,149,2017,3,0,2,3,2,6,0,1,0,0,1,2,0,5.61966E+20,5.57001E+21,9.86968E+15,5.02789E+16
76789,9.17033E+18,9,1,77,121,2017,3,18,6,3,9,6,0,1,0,0,0,0,0,7.32531E+20,5.36294E+21,1.21403E+16,4.83768E+16
76790,9.17033E+18,9,6,78,115,2017,3,10,2,3,3,6,0,0,0,0,1,0,0,5.83356E+20,5.54137E+21,1.01636E+16,5.00188E+16
76791,9.17033E+18,9,6,78,115,2017,3,10,2,2,2,6,0,1,0,0,0,0,0,5.83486E+20,5.54149E+21,1.01654E+16,5.00199E+16
76792,9.17033E+18,9,1,62,0,2017,3,18,5,3,1,6,0,1,0,0,0,0,0,6.90574E+20,5.33199E+21,1.15604E+16,4.81126E+16
76793,9.17033E+18,9,6,73,114,2017,3,13,2,3,5,3,0,1,0,0,1,0,0,5.86562E+20,5.57646E+21,1.02163E+16,5.03339E+16
76794,9.17033E+18,9,6,76,144,2017,3,18,2,3,5,7,1,1,0,0,0,0,0,5.0953E+20,5.52913E+21,9.13275E+15,4.99144E+16
76795,9.17033E+18,9,1,62,0,2017,3,15,5,3,6,4,0,1,1,0,0,0,0,6.88329E+20,5.3402E+21,1.15339E+16,4.81871E+16
76796,9.17033E+18,9,6,76,133,2017,3,15,2,3,8,1,0,1,0,0,0,0,0,5.12004E+20,5.52604E+21,9.16711E+15,4.98866E+16
76797,9.17033E+18,9,5,74,138,2017,3,11,2,3,2,6,0,1,0,0,0,0,0,6.67061E+20,5.48779E+21,1.13083E+16,4.95196E+16
76798,9.17033E+18,9,5,72,126,2017,3,8,2,3,2,6,0,1,0,0,1,0,0,6.33614E+20,5.5068E+21,1.08529E+16,4.96989E+16
76799,9.17033E+18,9,5,62,0,2017,3,10,2,3,4,2,1,1,0,0,0,0,0,6.44164E+20,5.49442E+21,1.09945E+16,4.95851E+16
76800,9.17033E+18,9,5,63,0,2017,3,17,2,3,1,6,0,1,0,0,0,0,0,6.42402E+20,5.48611E+21,1.09672E+16,4.95109E+16
76801,9.17033E+18,9,5,63,0,2017,3,14,2,3,1,6,0,1,0,0,0,0,0,6.42651E+20,5.4829E+21,1.09694E+16,4.9482E+16
76802,9.17033E+18,9,5,64,0,2017,3,18,2,3,3,6,1,0,0,0,1,0,0,6.50393E+20,5.48173E+21,1.10758E+16,4.94696E+16
76803,9.17033E+18,9,1,62,0,2017,3,15,5,3,2,6,0,1,0,0,0,0,0,6.90462E+20,5.33905E+21,1.15621E+16,4.81761E+16
76804,9.17033E+18,9,5,64,0,2017,3,20,2,3,2,6,0,1,0,1,0,2,0,6.51998E+20,5.4775E+21,1.10963E+16,4.94311E+16
76805,9.17033E+18,9,1,62,0,2017,3,13,5,3,6,4,0,1,1,0,0,0,0,6.87302E+20,5.33509E+21,1.15179E+16,4.81415E+16
76806,9.17033E+18,9,5,73,114,2017,3,14,2,3,2,6,0,1,0,0,0,0,0,6.34472E+20,5.47734E+21,1.08547E+16,4.94339E+16
76807,9.17033E+18,9,1,84,120,2017,3,5,5,3,4,2,0,1,0,0,0,1,0,6.82104E+20,5.33299E+21,1.14472E+16,4.81241E+16
76808,9.17033E+18,9,5,77,177,2017,3,15,2,3,2,6,0,1,0,0,0,0,0,6.45113E+20,5.43226E+21,1.09851E+16,4.90261E+16
76809,9.17033E+18,9,5,77,177,2017,3,17,2,3,1,6,0,1,0,0,0,0,0,6.45266E+20,5.43218E+21,1.09871E+16,4.90254E+16
76810,9.17033E+18,9,1,62,0,2017,3,17,5,3,5,3,1,1,0,0,0,0,0,6.92119E+20,5.34202E+21,1.15857E+16,4.82023E+16
76811,9.17033E+18,9,7,77,121,2017,3,15,5,3,2,6,0,1,0,0,0,0,0,6.29535E+20,5.32123E+21,1.07376E+16,4.80312E+16
76812,9.17033E+18,9,7,75,134,2017,3,17,5,3,0,7,0,0,0,1,0,0,0,5.84571E+20,5.36291E+21,1.01429E+16,4.84137E+16
76813,9.17033E+18,9,5,77,177,2017,3,14,2,3,0,1,1,0,0,0,0,0,0,6.4506E+20,5.43228E+21,1.09843E+16,4.90263E+16
76814,9.17033E+18,9,7,78,173,2017,3,17,5,3,5,3,0,1,0,0,0,0,0,6.0923E+20,5.32564E+21,1.04664E+16,4.80747E+16
76815,9.17033E+18,9,5,75,145,2017,3,16,2,3,8,1,0,1,0,0,0,0,0,6.21593E+20,5.48512E+21,1.06795E+16,4.95065E+16
76816,9.17033E+18,9,7,74,135,2017,3,12,5,3,1,1,0,1,0,0,0,0,0,5.95325E+20,5.36589E+21,1.02889E+16,4.8439E+16
76817,9.17033E+18,9,5,75,153,2017,3,9,2,3,2,6,0,1,0,0,0,0,0,6.14615E+20,5.4929E+21,1.05855E+16,4.95779E+16
76818,9.17033E+18,9,7,74,122,2017,3,16,5,2,8,1,0,0,0,1,0,0,0,6.07435E+20,5.35683E+21,1.04502E+16,4.83555E+16
76819,9.17033E+18,9,5,71,115,2017,3,21,2,2,0,2,0,1,0,1,0,2,0,6.1218E+20,5.44529E+21,1.05384E+16,4.91502E+16
76820,9.17033E+18,9,5,71,166,2017,3,8,2,3,5,3,0,1,0,0,1,0,0,6.08664E+20,5.45374E+21,1.04925E+16,4.92268E+16
76821,9.17033E+18,9,7,80,122,2017,3,17,5,3,8,1,0,1,0,0,0,0,0,6.02501E+20,5.29358E+21,1.03685E+16,4.77874E+16
76822,9.17033E+18,9,4,79,166,2017,3,8,2,3,5,2,0,1,0,0,0,0,0,7.07972E+20,5.55633E+21,1.19095E+16,5.01227E+16
76823,9.17033E+18,9,4,75,156,2017,3,16,2,2,5,3,0,1,0,0,0,0,0,6.9381E+20,5.57788E+21,1.17227E+16,5.03211E+16
76824,9.17033E+18,9,7,77,112,2017,3,14,5,3,8,1,0,1,0,0,0,0,0,6.23307E+20,5.29813E+21,1.06475E+16,4.78247E+16
76825,9.17033E+18,9,4,75,142,2017,3,16,2,3,8,1,0,1,0,0,0,0,0,7.02455E+20,5.56759E+21,1.18385E+16,5.02257E+16
76826,9.17033E+18,9,4,64,0,2017,3,5,2,3,1,6,0,1,0,0,0,2,0,7.04594E+20,5.57718E+21,1.18736E+16,5.03112E+16
76827,9.17033E+18,9,4,78,116,2017,3,17,2,3,2,6,0,1,0,0,1,0,0,6.60481E+20,5.55654E+21,1.12459E+16,5.01394E+16
76828,9.17033E+18,9,4,77,159,2017,3,16,2,3,2,6,0,1,0,0,0,0,0,6.80171E+20,5.55591E+21,1.15208E+16,5.0128E+16
76829,9.17033E+18,9,4,62,0,2017,3,11,2,2,5,6,0,1,0,0,1,0,0,6.83046E+20,5.53466E+21,1.15509E+16,4.99362E+16
76830,9.17033E+18,9,4,62,0,2017,3,16,2,3,1,6,0,1,0,0,0,0,0,6.86648E+20,5.53393E+21,1.16007E+16,4.99285E+16
76831,9.17033E+18,9,4,71,191,2017,3,15,2,3,1,7,1,1,0,0,0,0,0,6.30246E+20,5.52591E+21,1.08126E+16,4.98714E+16
76832,9.17033E+18,9,4,61,0,2017,3,17,2,3,2,6,0,1,0,0,0,0,0,6.38313E+20,5.53153E+21,1.09268E+16,4.99202E+16
76833,9.17033E+18,9,7,77,111,2017,3,12,5,3,8,7,0,1,0,0,0,0,0,6.13239E+20,5.29792E+21,1.05129E+16,4.78247E+16
76834,9.17033E+18,9,7,76,131,2017,3,15,5,3,5,3,0,1,0,1,0,0,0,5.62247E+20,5.27715E+21,9.82879E+15,4.76448E+16
76835,9.17033E+18,9,7,77,158,2017,3,8,5,3,5,3,0,1,0,1,0,0,0,6.20478E+20,5.30975E+21,1.06129E+16,4.79297E+16
76836,9.17033E+18,9,3,77,146,2017,3,15,2,3,0,1,0,1,0,0,0,0,0,7.3644E+20,5.51882E+21,1.22842E+16,4.97753E+16
76837,9.17033E+18,9,7,72,163,2017,3,11,5,3,1,6,0,1,0,0,1,0,0,6.38543E+20,5.34776E+21,1.0867E+16,4.82679E+16
76838,9.17033E+18,9,3,74,139,2017,3,11,2,3,6,4,0,1,1,0,0,0,0,7.28362E+20,5.51345E+21,1.2169E+16,4.97301E+16
76839,9.17033E+18,9,7,61,0,2017,3,11,5,3,2,6,0,1,0,0,0,0,0,6.42506E+20,5.35938E+21,1.09243E+16,4.83715E+16
76840,9.17033E+18,9,3,75,117,2017,3,16,2,3,2,6,0,1,0,0,0,0,0,7.42978E+20,5.4323E+21,1.23219E+16,4.89957E+16
76841,9.17033E+18,9,3,75,181,2017,3,7,2,3,2,6,0,1,0,0,0,0,0,7.19903E+20,5.43415E+21,1.2008E+16,4.9021E+16
76842,9.17033E+18,9,7,72,145,2017,3,14,5,3,5,3,0,1,0,1,0,0,0,6.35488E+20,5.36877E+21,1.08326E+16,4.84574E+16
76843,9.17033E+18,9,3,72,149,2017,3,8,2,2,8,1,0,1,0,0,0,0,0,7.43996E+20,5.45336E+21,1.23486E+16,4.91844E+16
76844,9.17033E+18,9,3,73,159,2017,3,11,2,2,1,6,0,1,0,1,1,0,0,6.78322E+20,5.45752E+21,1.14501E+16,4.92445E+16
76845,9.17033E+18,9,7,72,125,2017,3,7,5,3,5,3,0,1,0,1,0,0,0,6.36681E+20,5.34918E+21,1.08424E+16,4.82811E+16
76846,9.17033E+18,9,3,73,147,2017,3,10,2,3,2,6,0,1,0,0,0,0,0,6.78359E+20,5.45746E+21,1.14506E+16,4.92439E+16
76847,9.17033E+18,9,3,76,141,2017,3,16,2,3,3,6,0,1,0,0,0,0,0,7.26928E+20,5.44989E+21,1.21127E+16,4.91598E+16
76848,9.17033E+18,9,3,61,0,2017,3,7,2,3,2,6,0,1,0,0,0,0,0,7.07933E+20,5.48079E+21,1.18686E+16,4.94442E+16
76849,9.17033E+18,9,2,75,138,2017,3,17,2,3,2,6,0,1,0,0,0,0,0,8.11309E+20,5.38656E+21,1.32192E+16,4.85547E+16
76850,9.17033E+18,9,2,75,151,2017,3,13,2,3,4,2,0,1,0,0,0,0,0,8.2543E+20,5.394E+21,1.34158E+16,4.86143E+16
76851,9.17033E+18,9,2,75,145,2017,3,12,2,2,5,3,1,1,0,0,0,0,0,8.24447E+20,5.37583E+21,1.33884E+16,4.84519E+16
76852,9.17033E+18,9,2,74,145,2017,3,18,2,2,4,3,0,1,0,0,0,0,0,7.47303E+20,5.38282E+21,1.23512E+16,4.85497E+16
76853,9.17033E+18,9,7,61,0,2017,3,17,5,3,5,3,1,1,0,0,0,0,0,6.42049E+20,5.36486E+21,1.092E+16,4.84209E+16
76854,9.17033E+18,9,2,74,184,2017,3,16,2,3,6,4,0,0,1,0,1,0,0,7.48035E+20,5.37178E+21,1.23546E+16,4.84502E+16
76855,9.17033E+18,9,2,79,127,2017,3,16,2,3,7,7,1,0,0,0,1,0,0,7.53953E+20,5.40308E+21,1.24536E+16,4.87289E+16
76856,9.17033E+18,9,1,90,135,2017,3,16,2,3,2,2,0,1,0,0,1,0,0,6.59359E+20,5.29469E+21,1.11276E+16,4.77858E+16
76857,9.17033E+18,9,1,90,157,2017,3,13,2,2,2,6,0,1,0,1,1,0,0,6.56099E+20,5.30244E+21,1.10869E+16,4.78563E+16
76858,9.17033E+18,9,1,73,126,2017,3,15,2,3,2,6,0,1,0,0,0,0,0,6.84715E+20,5.30473E+21,1.14701E+16,4.78693E+16
76859,9.17033E+18,9,1,73,142,2017,3,17,2,2,4,6,0,1,0,1,1,0,0,6.75107E+20,5.28124E+21,1.13322E+16,4.76608E+16
76860,9.17033E+18,9,1,72,114,2017,3,1,2,3,9,1,0,1,0,0,0,2,0,7.95305E+20,5.29809E+21,1.29414E+16,4.77685E+16