OBJECTID,UIDENTSTLA,ULAND,UREGBEZ,UKREIS,UGEMEINDE,UJAHR,UMONAT,USTUNDE,UWOCHENTAG,UKATEGORIE,UART,UTYP1,IstRad,IstPKW,IstFuss,IstKrad,IstSonstig,LICHT,STRZUSTAND,LINREFX,LINREFY,XGCSWGS84,YGCSWGS84
76861,9.17033E+18,9,1,89,155,2017,3,11,2,2,5,3,1,1,0,0,0,0,0,7.71525E+20,5.30791E+21,1.26309E+16,4.78671E+16
76862,9.17033E+18,9,1,63,0,2017,3,15,2,3,5,3,0,1,0,1,0,0,0,7.34181E+20,5.30445E+21,1.21305E+16,4.78507E+16
76863,9.17033E+18,9,1,82,120,2017,3,14,2,3,5,7,1,1,0,0,0,0,0,7.01562E+20,5.30695E+21,1.16961E+16,4.78842E+16
76864,9.17033E+18,9,1,76,126,2017,3,3,2,2,1,6,0,1,0,0,0,2,0,6.74574E+20,5.40729E+21,1.13771E+16,4.87941E+16
76865,9.17033E+18,9,1,85,153,2017,3,16,2,2,9,1,0,0,0,1,0,0,0,6.55234E+20,5.4013E+21,1.11117E+16,4.87454E+16
76866,9.17033E+18,9,7,71,165,2017,3,15,5,3,3,6,0,1,0,0,0,0,0,6.61669E+20,5.36317E+21,1.11843E+16,4.8401E+16
76867,9.17033E+18,9,1,76,137,2017,3,12,2,3,2,6,0,1,0,0,0,0,0,6.74591E+20,5.43016E+21,1.13871E+16,4.89996E+16
76868,9.17033E+18,9,7,71,141,2017,3,18,5,3,9,1,0,1,0,0,0,0,0,6.55392E+20,5.37666E+21,1.11046E+16,4.85238E+16
76869,9.17033E+18,9,1,81,130,2017,3,13,2,3,3,2,1,1,0,0,0,0,0,6.39501E+20,5.32316E+21,1.08718E+16,4.80465E+16
76870,9.17033E+18,9,4,71,220,2017,3,14,5,3,2,6,0,1,0,0,0,0,0,6.16575E+20,5.51214E+21,1.06183E+16,4.97504E+16
76871,9.17033E+18,9,1,81,130,2017,3,16,2,3,2,6,0,1,0,0,0,0,0,6.39821E+20,5.32332E+21,1.08762E+16,4.80479E+16
76872,9.17033E+18,9,1,79,121,2017,3,11,2,3,2,6,0,1,0,0,0,0,0,6.65847E+20,5.33858E+21,1.12311E+16,4.81788E+16
76873,9.17033E+18,9,6,63,0,2017,3,15,5,3,5,3,0,1,0,1,0,0,0,5.647E+20,5.51701E+21,9.89911E+15,4.98021E+16
76874,9.17033E+18,9,1,79,138,2017,3,20,2,3,9,1,0,1,0,0,0,2,0,6.53803E+20,5.33454E+21,1.10677E+16,4.81455E+16
76875,9.17033E+18,9,1,74,147,2017,3,16,2,3,5,2,0,1,0,1,0,0,0,6.70122E+20,5.36638E+21,1.12997E+16,4.84276E+16
76876,9.17033E+18,9,6,77,148,2017,3,15,5,2,3,6,0,1,0,1,0,0,0,5.47626E+20,5.53827E+21,9.66448E+15,4.99949E+16
76877,9.17033E+18,9,1,84,121,2017,3,8,2,3,7,7,0,1,0,0,1,0,0,7.04922E+20,5.33139E+21,1.17527E+16,4.81028E+16
76878,9.17033E+18,9,1,75,111,2017,3,7,2,3,2,6,0,1,0,0,0,0,0,7.12099E+20,5.33819E+21,1.18524E+16,4.81615E+16
76879,9.17033E+18,9,1,84,131,2017,3,8,2,3,2,6,0,1,0,0,0,0,0,7.04448E+20,5.33749E+21,1.17493E+16,4.81578E+16
76880,9.17033E+18,9,1,77,116,2017,3,8,2,3,2,6,0,1,0,0,0,0,0,7.08888E+20,5.36371E+21,1.18218E+16,4.83919E+16
76881,9.17033E+18,9,1,78,116,2017,3,17,2,3,2,6,0,0,0,1,1,0,0,7.04427E+20,5.3821E+21,1.17706E+16,4.85586E+16
76882,9.17033E+18,9,1,62,0,2017,3,13,1,3,5,3,0,1,0,1,0,0,0,6.94591E+20,5.33201E+21,1.16144E+16,4.81116E+16
76883,9.17033E+18,9,6,77,148,2017,3,18,5,2,4,6,0,1,0,1,0,0,0,5.48008E+20,5.53819E+21,9.6698E+15,4.99941E+16
76884,9.17033E+18,9,1,62,0,2017,3,18,1,3,2,6,0,1,0,0,0,0,0,6.90324E+20,5.33195E+21,1.15571E+16,4.81124E+16
76885,9.17033E+18,9,7,78,150,2017,3,17,1,3,2,6,0,1,0,0,0,0,0,5.84462E+20,5.32078E+21,1.0133E+16,4.80347E+16
76886,9.17033E+18,9,7,75,134,2017,3,5,1,3,8,1,0,1,0,0,0,2,0,5.82389E+20,5.36401E+21,1.01136E+16,4.84238E+16
76887,9.17033E+18,9,6,72,124,2017,3,18,5,2,4,2,0,1,0,0,0,0,0,5.65757E+20,5.55122E+21,9.91963E+15,5.01095E+16
76888,9.17033E+18,9,6,76,156,2017,3,15,5,3,2,2,0,1,0,0,0,0,0,5.16931E+20,5.49892E+21,9.23451E+15,4.96426E+16
76889,9.17033E+18,9,7,78,116,2017,3,15,1,2,4,6,0,1,0,0,0,0,0,6.19193E+20,5.32232E+21,1.05992E+16,4.8043E+16
76890,9.17033E+18,9,6,71,140,2017,3,17,5,3,5,3,0,1,0,1,0,0,0,5.07884E+20,5.53648E+21,9.10997E+15,4.99806E+16
76891,9.17033E+18,9,7,72,147,2017,3,20,1,3,9,6,0,1,0,0,0,1,0,6.3523E+20,5.36437E+21,1.08277E+16,4.84179E+16
76892,9.17033E+18,9,5,76,151,2017,3,5,5,3,2,6,0,0,0,0,1,2,0,6.60433E+20,5.46465E+21,1.12074E+16,4.93135E+16
76893,9.17033E+18,9,7,61,0,2017,3,14,1,3,5,3,1,1,0,0,0,0,0,6.3852E+20,5.36232E+21,1.08715E+16,4.83988E+16
76894,9.17033E+18,9,5,65,0,2017,3,18,5,3,2,6,0,1,0,1,0,0,0,6.48361E+20,5.46532E+21,1.10417E+16,4.93226E+16
76895,9.17033E+18,9,7,72,184,2017,3,8,1,3,2,7,0,1,0,0,0,0,0,6.34506E+20,5.36276E+21,1.08174E+16,4.84036E+16
76896,9.17033E+18,9,7,71,145,2017,3,7,1,2,9,1,0,1,0,0,0,0,0,6.50643E+20,5.34415E+21,1.10286E+16,4.82327E+16
76897,9.17033E+18,9,5,64,0,2017,3,13,5,3,5,3,1,0,0,0,1,0,0,6.53843E+20,5.47945E+21,1.11225E+16,4.94483E+16
76898,9.17033E+18,9,7,71,176,2017,3,19,1,2,4,2,0,1,0,0,0,0,0,6.46035E+20,5.38113E+21,1.09795E+16,4.85663E+16
76899,9.17033E+18,9,6,79,180,2017,3,17,1,1,8,1,0,0,0,1,0,0,0,5.66998E+20,5.53065E+21,9.93339E+15,4.99244E+16
76900,9.17033E+18,9,5,64,0,2017,3,17,5,3,2,6,0,1,0,0,0,0,0,6.48189E+20,5.47211E+21,1.10418E+16,4.93836E+16
76901,9.17033E+18,9,6,77,129,2017,3,11,1,2,8,1,0,0,0,1,0,0,0,5.30211E+20,5.54519E+21,9.42205E+15,5.00583E+16
76902,9.17033E+18,9,6,75,174,2017,3,13,1,3,6,6,0,0,1,0,1,0,0,5.87661E+20,5.52483E+21,1.02199E+16,4.98695E+16
76903,9.17033E+18,9,6,77,148,2017,3,15,1,3,2,6,0,1,0,0,0,0,0,5.554E+20,5.53397E+21,9.77232E+15,4.99555E+16
76904,9.17033E+18,9,6,74,159,2017,3,4,1,2,8,1,0,1,0,0,0,2,0,6.21808E+20,5.52926E+21,1.06963E+16,4.99033E+16
76905,9.17033E+18,9,4,73,138,2017,3,15,1,3,1,2,0,1,0,0,0,0,0,6.33182E+20,5.55412E+21,1.08632E+16,5.01243E+16
76906,9.17033E+18,9,6,73,117,2017,3,15,1,2,3,2,0,1,0,1,0,0,0,5.71442E+20,5.58415E+21,1.00053E+16,5.0405E+16
76907,9.17033E+18,9,6,78,115,2017,3,16,1,2,0,7,1,0,1,0,0,0,0,5.84769E+20,5.53993E+21,1.0183E+16,5.00057E+16
76908,9.17033E+18,9,6,76,134,2017,3,18,1,3,3,1,0,1,0,0,0,0,0,5.12093E+20,5.51374E+21,9.16796E+15,4.9776E+16
76909,9.17033E+18,9,5,73,114,2017,3,18,5,3,0,1,1,0,0,0,0,0,0,6.34657E+20,5.48041E+21,1.08583E+16,4.94614E+16
76910,9.17033E+18,9,6,76,126,2017,3,15,1,3,3,6,0,1,0,1,0,0,0,5.10445E+20,5.52676E+21,9.14542E+15,4.98932E+16
76911,9.17033E+18,9,5,75,128,2017,3,16,5,3,4,6,0,1,0,0,0,0,0,6.19554E+20,5.49769E+21,1.06552E+16,4.962E+16
76912,9.17033E+18,9,6,61,0,2017,3,13,1,3,3,2,0,1,0,0,0,0,0,5.09286E+20,5.53556E+21,9.12949E+15,4.99723E+16
76913,9.17033E+18,9,4,79,147,2017,3,10,5,2,5,3,0,1,0,1,0,0,0,7.31096E+20,5.5524E+21,1.22302E+16,5.00789E+16
76914,9.17033E+18,9,5,64,0,2017,3,13,1,3,0,7,0,1,0,0,1,0,0,6.52428E+20,5.4735E+21,1.11007E+16,4.93951E+16
76915,9.17033E+18,9,5,76,141,2017,3,0,1,2,4,6,0,1,0,0,0,2,0,6.49121E+20,5.44657E+21,1.10451E+16,4.91539E+16
76916,9.17033E+18,9,4,77,119,2017,3,15,5,3,2,6,0,1,0,0,1,0,0,6.85249E+20,5.54502E+21,1.15865E+16,5.00286E+16
76917,9.17033E+18,9,5,74,157,2017,3,14,1,3,4,6,0,1,0,0,0,0,0,6.63767E+20,5.46979E+21,1.12553E+16,4.93588E+16
76918,9.17033E+18,9,5,64,0,2017,3,17,1,3,2,6,0,1,0,0,0,0,0,6.46615E+20,5.48074E+21,1.10233E+16,4.94616E+16
76919,9.17033E+18,9,4,72,175,2017,3,8,5,3,5,3,0,1,0,1,0,0,0,6.82577E+20,5.51336E+21,1.15343E+16,4.97449E+16
76920,9.17033E+18,9,5,64,0,2017,3,22,1,2,2,6,0,1,0,0,0,2,0,6.54064E+20,5.48157E+21,1.11264E+16,4.94673E+16
76921,9.17033E+18,9,5,64,0,2017,3,8,1,3,2,6,0,1,0,0,0,0,0,6.48095E+20,5.47943E+21,1.10433E+16,4.94495E+16
76922,9.17033E+18,9,5,77,172,2017,3,15,1,2,8,1,0,0,0,1,0,0,0,6.32496E+20,5.43819E+21,1.08145E+16,4.90823E+16
76923,9.17033E+18,9,5,71,198,2017,3,17,1,2,4,3,0,1,0,1,0,0,0,5.9151E+20,5.45991E+21,1.02583E+16,4.9285E+16
76924,9.17033E+18,9,4,73,170,2017,3,5,1,3,8,1,0,1,0,0,0,2,0,6.41255E+20,5.56393E+21,1.09797E+16,5.02107E+16
76925,9.17033E+18,9,4,71,120,2017,3,6,5,3,5,3,1,1,0,0,0,1,0,6.25304E+20,5.52102E+21,1.07423E+16,4.98285E+16
76926,9.17033E+18,9,4,71,120,2017,3,16,5,2,6,4,0,0,1,0,1,0,0,6.24422E+20,5.52277E+21,1.07306E+16,4.98445E+16
76927,9.17033E+18,9,4,73,175,2017,3,10,1,2,4,1,0,1,0,0,0,0,0,6.36599E+20,5.56949E+21,1.09165E+16,5.02617E+16
76928,9.17033E+18,9,4,61,0,2017,3,15,5,3,2,6,0,1,0,0,0,0,0,6.36836E+20,5.52744E+21,1.09048E+16,4.98837E+16
76929,9.17033E+18,9,4,72,111,2017,3,12,1,3,8,1,0,0,0,1,0,0,0,6.74798E+20,5.52749E+21,1.14328E+16,4.98743E+16
76930,9.17033E+18,9,3,77,142,2017,3,9,5,3,5,3,0,1,0,0,0,0,0,7.41779E+20,5.53899E+21,1.23708E+16,4.99542E+16
76931,9.17033E+18,9,4,72,175,2017,3,17,1,3,5,3,0,1,0,1,0,0,0,6.81622E+20,5.52088E+21,1.15246E+16,4.98128E+16
76932,9.17033E+18,9,3,74,123,2017,3,17,5,2,0,2,1,0,0,0,1,0,0,7.49145E+20,5.50997E+21,1.24546E+16,4.96907E+16
76933,9.17033E+18,9,4,77,151,2017,3,16,1,3,5,3,0,1,0,0,0,0,0,6.76828E+20,5.56278E+21,1.14773E+16,5.01908E+16
76934,9.17033E+18,9,4,71,220,2017,3,16,1,2,8,1,0,0,0,1,0,0,0,6.23076E+20,5.51697E+21,1.071E+16,4.97926E+16
76935,9.17033E+18,9,3,75,165,2017,3,7,5,2,2,6,0,1,0,0,1,0,0,7.25985E+20,5.43747E+21,1.20929E+16,4.90486E+16
76936,9.17033E+18,9,3,63,0,2017,3,16,1,3,0,1,1,0,0,0,0,0,0,7.26729E+20,5.50226E+21,1.21399E+16,4.96303E+16
76937,9.17033E+18,9,3,74,117,2017,3,16,1,3,2,2,0,1,0,0,0,0,0,7.06239E+20,5.51668E+21,1.18641E+16,4.97672E+16
76938,9.17033E+18,9,3,73,126,2017,3,18,5,2,5,2,0,1,0,1,0,0,0,6.69632E+20,5.45319E+21,1.1329E+16,4.9208E+16
76939,9.17033E+18,9,3,74,149,2017,3,18,1,3,0,2,0,1,0,1,0,1,0,7.13877E+20,5.5123E+21,1.19677E+16,4.97252E+16
76940,9.17033E+18,9,3,75,117,2017,3,17,1,2,2,6,1,0,0,0,0,0,0,7.40311E+20,5.43403E+21,1.22866E+16,4.90123E+16
76941,9.17033E+18,9,3,76,163,2017,3,17,1,3,4,6,0,1,0,0,0,0,0,7.32263E+20,5.47283E+21,1.21991E+16,4.93639E+16
76942,9.17033E+18,9,2,78,141,2017,3,14,1,3,2,2,0,1,0,0,0,0,0,7.59962E+20,5.42673E+21,1.25502E+16,4.89388E+16
76943,9.17033E+18,9,2,78,189,2017,3,15,1,1,8,7,0,0,0,1,0,0,0,7.67971E+20,5.44173E+21,1.26692E+16,4.907E+16
76944,9.17033E+18,9,2,75,141,2017,3,3,1,3,8,1,0,1,0,0,0,2,0,8.22822E+20,5.37143E+21,1.33631E+16,4.84132E+16
76945,9.17033E+18,9,2,73,165,2017,3,14,1,2,5,3,0,1,0,1,0,0,0,7.15836E+20,5.41099E+21,1.19402E+16,4.88144E+16
76946,9.17033E+18,9,2,73,141,2017,3,0,1,3,9,1,0,1,0,0,0,2,0,7.27132E+20,5.41402E+21,1.20955E+16,4.88376E+16
76947,9.17033E+18,9,2,73,111,2017,3,14,1,2,7,7,0,0,0,1,0,0,0,7.07944E+20,5.41691E+21,1.18358E+16,4.88703E+16
76948,9.17033E+18,9,1,73,123,2017,3,17,1,3,2,2,0,1,0,0,0,0,0,6.80576E+20,5.30079E+21,1.14131E+16,4.78351E+16
76949,9.17033E+18,9,1,73,134,2017,3,15,1,2,5,3,0,1,0,1,0,0,0,6.85197E+20,5.30126E+21,1.1475E+16,4.7838E+16
76950,9.17033E+18,9,1,73,115,2017,3,21,1,1,4,1,0,1,0,0,1,2,0,6.81537E+20,5.28865E+21,1.14209E+16,4.77257E+16
76951,9.17033E+18,9,1,89,119,2017,3,17,1,3,6,4,0,1,1,0,0,0,0,7.68395E+20,5.30848E+21,1.25895E+16,4.78735E+16
76952,9.17033E+18,9,3,71,156,2017,3,17,5,2,1,7,0,1,0,1,0,0,0,7.01558E+20,5.49864E+21,1.17899E+16,4.96066E+16
76953,9.17033E+18,9,3,61,0,2017,3,21,5,2,4,2,0,1,0,0,0,2,0,7.0678E+20,5.48114E+21,1.18529E+16,4.94477E+16
76954,9.17033E+18,9,1,61,0,2017,3,16,1,2,0,1,0,0,0,1,0,0,0,6.79178E+20,5.40458E+21,1.14385E+16,4.87685E+16
76955,9.17033E+18,9,2,71,146,2017,3,12,5,3,2,6,0,1,0,0,0,0,0,7.84627E+20,5.4098E+21,1.28745E+16,4.8776E+16
76956,9.17033E+18,9,1,76,161,2017,3,15,1,3,9,1,0,1,0,0,0,0,0,6.79556E+20,5.41544E+21,1.14484E+16,4.88659E+16
76957,9.17033E+18,9,2,71,125,2017,3,13,5,3,6,4,0,1,1,0,0,0,0,7.97617E+20,5.41019E+21,1.30511E+16,4.87734E+16
76958,9.17033E+18,9,1,74,115,2017,3,15,1,3,5,3,1,1,0,0,0,0,0,6.80966E+20,5.34862E+21,1.14386E+16,4.82649E+16
76959,9.17033E+18,9,2,75,154,2017,3,15,5,3,2,6,0,1,0,1,0,0,0,8.0836E+20,5.39538E+21,1.31859E+16,4.86353E+16
76960,9.17033E+18,9,1,74,143,2017,3,15,1,3,5,3,0,1,0,1,0,0,0,6.74092E+20,5.35072E+21,1.13469E+16,4.82857E+16
76961,9.17033E+18,9,1,78,124,2017,3,17,1,3,2,6,0,1,0,0,1,0,0,7.00589E+20,5.35728E+21,1.17068E+16,4.83368E+16
76962,9.17033E+18,9,2,77,113,2017,3,19,5,3,5,3,0,1,0,0,0,1,0,8.04325E+20,5.37247E+21,1.31145E+16,4.84318E+16
76963,9.17033E+18,9,1,78,145,2017,3,17,1,3,2,6,0,1,0,0,0,0,0,6.97591E+20,5.35661E+21,1.16661E+16,4.83318E+16
76964,9.17033E+18,9,1,75,132,2017,3,13,1,2,0,7,1,0,0,0,0,0,0,7.10632E+20,5.33689E+21,1.1832E+16,4.81503E+16
76965,9.17033E+18,9,2,75,134,2017,3,10,5,1,4,1,0,1,0,0,0,0,0,8.27103E+20,5.3775E+21,1.34255E+16,4.84654E+16
76966,9.17033E+18,9,1,62,0,2017,3,11,7,3,5,3,0,1,0,0,0,0,0,6.97128E+20,5.33065E+21,1.16478E+16,4.80986E+16
76967,9.17033E+18,9,1,62,0,2017,3,11,7,3,2,2,0,1,0,0,0,0,0,6.82603E+20,5.33556E+21,1.1455E+16,4.81471E+16
76968,9.17033E+18,9,7,64,0,2017,3,19,7,3,5,3,1,1,0,0,0,1,0,5.89251E+20,5.31643E+21,1.01964E+16,4.79949E+16
76969,9.17033E+18,9,2,77,111,2017,3,14,5,3,2,6,0,1,0,0,0,0,0,7.7858E+20,5.38675E+21,1.27768E+16,4.85718E+16
76970,9.17033E+18,9,7,78,157,2017,3,16,7,3,5,3,0,1,0,0,0,0,0,5.97222E+20,5.33373E+21,1.03071E+16,4.81494E+16
76971,9.17033E+18,9,7,76,117,2017,3,9,7,3,2,2,0,1,0,0,1,0,0,5.66712E+20,5.27266E+21,9.88754E+15,4.76039E+16
76972,9.17033E+18,9,7,76,116,2017,3,12,7,3,0,1,1,0,0,0,0,0,0,5.5009E+20,5.27234E+21,9.66639E+15,4.76025E+16
76973,9.17033E+18,9,7,77,114,2017,3,10,7,2,8,1,0,1,0,0,0,0,0,6.16385E+20,5.31196E+21,1.05587E+16,4.79503E+16
76974,9.17033E+18,9,2,74,183,2017,3,15,5,3,6,7,0,0,1,0,1,0,0,7.42993E+20,5.35931E+21,1.22793E+16,4.83402E+16
76975,9.17033E+18,9,7,77,129,2017,3,0,7,2,0,1,0,1,0,0,0,2,0,6.28394E+20,5.27139E+21,1.07075E+16,4.75832E+16
76976,9.17033E+18,9,2,74,183,2017,3,14,5,3,9,7,0,1,0,0,0,0,0,7.42993E+20,5.35931E+21,1.22793E+16,4.83402E+16
76977,9.17033E+18,9,7,79,186,2017,3,12,7,2,4,2,0,1,0,0,0,0,0,6.36553E+20,5.41579E+21,1.08625E+16,4.88801E+16
76978,9.17033E+18,9,1,90,149,2017,3,20,5,2,4,6,0,1,0,0,1,2,0,6.37292E+20,5.29893E+21,1.08345E+16,4.7829E+16
76979,9.17033E+18,9,7,72,163,2017,3,16,7,3,3,6,0,1,0,0,0,0,0,6.38869E+20,5.34939E+21,1.08719E+16,4.82825E+16
76980,9.17033E+18,9,7,72,149,2017,3,14,7,3,5,3,0,1,0,0,0,0,0,6.37748E+20,5.34031E+21,1.08538E+16,4.82011E+16
76981,9.1704E+18,9,1,84,129,2017,4,14,3,3,0,2,0,1,0,1,0,0,1,7.00753E+20,5.32507E+21,1.16938E+16,4.80473E+16
76982,9.17041E+18,9,3,61,0,2017,4,13,6,3,5,3,0,1,0,0,0,0,0,7.08447E+20,5.48083E+21,1.18757E+16,4.94443E+16
76983,9.1704E+18,9,1,84,136,2017,4,10,3,3,1,5,0,1,0,1,0,0,1,6.97997E+20,5.32739E+21,1.16579E+16,4.8069E+16
76984,9.1704E+18,9,1,84,123,2017,4,9,3,3,8,7,0,0,0,0,1,0,0,7.03433E+20,5.3313E+21,1.17327E+16,4.81025E+16
76985,9.1704E+18,9,1,62,0,2017,4,9,3,3,5,3,1,1,0,0,0,0,0,6.9352E+20,5.33153E+21,1.15998E+16,4.81076E+16
76986,9.1704E+18,9,7,78,136,2017,4,10,3,3,5,3,0,1,0,0,1,0,0,5.98871E+20,5.32014E+21,1.03261E+16,4.80269E+16
76987,9.1704E+18,9,7,74,160,2017,4,16,3,2,5,7,0,0,0,1,1,0,1,6.07671E+20,5.3521E+21,1.04522E+16,4.83129E+16
76988,9.1704E+18,9,7,76,116,2017,4,14,3,3,5,2,0,1,0,0,0,0,0,5.53158E+20,5.26685E+21,9.70653E+15,4.75529E+16
76989,9.17041E+18,9,2,74,184,2017,4,17,7,2,4,2,0,1,0,1,0,0,0,7.4702E+20,5.36802E+21,1.23387E+16,4.84168E+16
76990,9.17041E+18,9,1,82,124,2017,4,18,7,2,8,1,0,0,0,1,0,0,1,7.04088E+20,5.27792E+21,1.17163E+16,4.76225E+16
76991,9.17041E+18,9,2,63,0,2017,4,12,6,3,6,2,0,1,1,0,0,0,0,7.61992E+20,5.42051E+21,1.25738E+16,4.88821E+16
76992,9.17041E+18,9,2,71,122,2017,4,14,6,2,1,6,0,1,0,0,0,0,1,7.91303E+20,5.42915E+21,1.29789E+16,4.89466E+16
76993,9.1704E+18,9,7,72,159,2017,4,13,3,3,4,6,0,1,0,0,0,0,0,6.22062E+20,5.36173E+21,1.0649E+16,4.83969E+16
76994,9.17041E+18,9,2,75,128,2017,4,18,6,3,5,3,0,1,0,0,0,0,0,8.28571E+20,5.39958E+21,1.34627E+16,4.86627E+16
76995,9.17041E+18,9,1,82,116,2017,4,18,7,3,5,2,0,1,0,0,0,0,0,7.0495E+20,5.29316E+21,1.17349E+16,4.77592E+16
76996,9.1704E+18,9,7,61,0,2017,4,13,3,3,2,6,0,1,0,0,0,0,0,6.38408E+20,5.3613E+21,1.08696E+16,4.83897E+16
76997,9.17041E+18,9,2,75,133,2017,4,16,6,3,5,3,0,1,0,0,0,0,0,8.25229E+20,5.38325E+21,1.34047E+16,4.8518E+16
76998,9.17041E+18,9,1,87,117,2017,4,14,7,3,2,6,0,1,0,0,0,0,0,7.23699E+20,5.30703E+21,1.19919E+16,4.78776E+16
76999,9.1704E+18,9,7,61,0,2017,4,16,3,3,1,6,0,1,0,0,0,0,0,6.42686E+20,5.35962E+21,1.09268E+16,4.83736E+16
77000,9.1704E+18,9,7,71,113,2017,4,16,3,3,8,1,0,1,0,0,0,0,0,6.60253E+20,5.36636E+21,1.11664E+16,4.84299E+16
77001,9.17041E+18,9,2,72,151,2017,4,13,6,3,2,1,0,1,0,0,0,0,0,8.35639E+20,5.4072E+21,1.35646E+16,4.87273E+16
77002,9.17041E+18,9,1,61,0,2017,4,14,7,3,0,7,1,1,0,0,0,0,0,6.81007E+20,5.40244E+21,1.14624E+16,4.87487E+16
77003,9.1704E+18,9,7,71,113,2017,4,20,3,3,9,1,0,1,0,0,0,2,0,6.56452E+20,5.37134E+21,1.11169E+16,4.84757E+16
77004,9.1704E+18,9,6,79,144,2017,4,1,3,2,8,1,0,1,0,0,0,2,0,5.48981E+20,5.51303E+21,9.68018E+15,4.97678E+16
77005,9.17041E+18,9,2,72,118,2017,4,14,6,3,2,1,0,1,0,0,0,0,0,8.32399E+20,5.41616E+21,1.35279E+16,4.88094E+16
77006,9.17041E+18,9,1,86,149,2017,4,14,7,3,2,6,0,1,0,0,1,0,0,6.88878E+20,5.38573E+21,1.15618E+16,4.85961E+16
77007,9.1704E+18,9,6,63,0,2017,4,17,3,2,4,6,0,1,0,0,0,0,0,5.69178E+20,5.517E+21,9.96132E+15,4.98015E+16
77008,9.1704E+18,9,6,77,131,2017,4,20,3,3,5,7,0,1,0,0,0,2,0,5.52899E+20,5.54346E+21,9.73875E+15,5.00411E+16
77009,9.1704E+18,9,6,77,149,2017,4,19,3,3,3,6,0,1,0,0,0,0,0,5.55493E+20,5.54372E+21,9.77501E+15,5.00432E+16
77010,9.17041E+18,9,2,77,121,2017,4,14,6,3,5,3,0,1,0,1,0,0,0,7.63784E+20,5.37085E+21,1.25666E+16,4.84355E+16
77011,9.1704E+18,9,6,73,153,2017,4,22,3,3,4,1,0,1,0,0,1,2,0,5.85481E+20,5.59006E+21,1.02042E+16,5.04563E+16
77012,9.17041E+18,9,2,74,174,2017,4,14,6,3,8,1,0,1,0,0,1,0,0,7.4695E+20,5.39227E+21,1.23521E+16,4.86347E+16
77013,9.1704E+18,9,6,72,140,2017,4,16,3,3,3,7,0,0,0,1,0,0,0,5.80257E+20,5.55675E+21,1.01236E+16,5.01575E+16
77014,9.17041E+18,9,2,74,174,2017,4,15,6,3,2,6,0,1,0,0,0,0,0,7.46145E+20,5.39203E+21,1.2341E+16,4.86328E+16
77015,9.1704E+18,9,6,62,0,2017,4,16,3,2,4,6,0,1,0,0,0,0,0,5.89097E+20,5.54629E+21,1.02448E+16,5.00622E+16
77016,9.1704E+18,9,6,72,113,2017,4,13,3,3,5,3,0,1,0,0,0,0,0,5.56451E+20,5.57355E+21,9.79282E+15,5.03113E+16
77017,9.1704E+18,9,6,71,150,2017,4,19,3,3,8,1,0,0,0,1,0,0,0,5.18106E+20,5.5431E+21,9.25285E+15,5.00399E+16
77018,9.1704E+18,9,5,62,0,2017,4,8,3,3,2,6,0,1,0,0,1,0,0,6.44393E+20,5.49662E+21,1.09985E+16,4.96049E+16
77019,9.1704E+18,9,5,74,138,2017,4,12,3,3,1,6,0,1,0,0,0,0,0,6.64192E+20,5.48599E+21,1.12679E+16,4.95043E+16
77020,9.1704E+18,9,5,63,0,2017,4,9,3,3,5,3,0,1,0,0,1,0,0,6.42165E+20,5.48303E+21,1.09628E+16,4.94832E+16
77021,9.17041E+18,9,2,79,122,2017,4,23,6,3,4,6,0,0,0,0,1,2,0,7.70452E+20,5.39936E+21,1.26751E+16,4.86886E+16
77022,9.1704E+18,9,5,63,0,2017,4,12,3,3,5,3,1,1,0,0,0,0,0,6.44185E+20,5.4825E+21,1.09905E+16,4.9478E+16
77023,9.1704E+18,9,5,64,0,2017,4,7,3,3,5,3,1,1,0,0,0,1,0,6.54079E+20,5.47795E+21,1.11252E+16,4.94347E+16
77024,9.1704E+18,9,5,64,0,2017,4,7,3,3,6,2,0,1,1,0,0,0,0,6.4925E+20,5.47876E+21,1.10589E+16,4.94432E+16
77025,9.17041E+18,9,1,80,134,2017,4,13,6,3,5,3,0,1,0,0,0,0,0,6.61672E+20,5.2867E+21,1.11555E+16,4.77134E+16
77026,9.1704E+18,9,5,64,0,2017,4,17,3,3,2,6,0,1,0,0,0,0,0,6.49547E+20,5.47825E+21,1.10628E+16,4.94385E+16
77027,9.1704E+18,9,5,73,127,2017,4,8,3,3,6,6,1,0,1,0,0,0,0,6.46456E+20,5.47576E+21,1.10193E+16,4.94169E+16
77028,9.17041E+18,9,1,89,155,2017,4,10,6,2,6,4,0,1,1,0,0,0,0,7.72272E+20,5.30797E+21,1.26409E+16,4.78673E+16
77029,9.1704E+18,9,5,71,180,2017,4,7,3,3,9,6,0,1,0,0,1,0,0,6.29926E+20,5.46292E+21,1.07873E+16,4.93052E+16
77030,9.1704E+18,9,5,71,145,2017,4,17,3,3,0,6,0,1,0,0,1,0,0,5.94292E+20,5.45367E+21,1.02951E+16,4.92285E+16
77031,9.1704E+18,9,5,71,145,2017,4,0,3,3,4,6,0,0,0,0,1,2,0,5.96665E+20,5.44527E+21,1.03257E+16,4.91526E+16
77032,9.1704E+18,9,4,79,169,2017,4,15,3,3,2,2,0,1,0,0,0,0,1,7.15971E+20,5.54592E+21,1.20154E+16,5.00264E+16
77033,9.17041E+18,9,1,89,119,2017,4,11,6,3,5,3,0,1,0,0,0,0,0,7.63769E+20,5.30727E+21,1.2527E+16,4.78646E+16