OBJECTID,UIDENTSTLA,ULAND,UREGBEZ,UKREIS,UGEMEINDE,UJAHR,UMONAT,USTUNDE,UWOCHENTAG,UKATEGORIE,UART,UTYP1,IstRad,IstPKW,IstFuss,IstKrad,IstSonstig,LICHT,STRZUSTAND,LINREFX,LINREFY,XGCSWGS84,YGCSWGS84
77034,9.1704E+18,9,4,79,136,2017,4,12,3,1,3,6,0,0,0,1,1,0,1,7.2143E+20,5.54492E+21,1.20909E+16,5.00154E+16
77035,9.1704E+18,9,4,78,145,2017,4,13,3,2,2,1,0,1,0,1,0,0,0,6.51329E+20,5.55984E+21,1.11192E+16,5.01714E+16
77036,9.1704E+18,9,4,72,119,2017,4,15,3,3,0,1,0,0,0,1,0,0,1,6.87262E+20,5.54023E+21,1.16123E+16,4.9985E+16
77037,9.17041E+18,9,1,87,165,2017,4,17,6,3,3,6,0,0,0,0,1,0,0,7.31746E+20,5.29952E+21,1.20953E+16,4.78073E+16
77038,9.1704E+18,9,4,62,0,2017,4,17,3,3,2,6,0,1,0,0,0,0,0,6.81439E+20,5.53364E+21,1.1528E+16,4.99276E+16
77039,9.1704E+18,9,4,71,191,2017,4,12,3,2,5,2,1,1,0,0,0,0,0,6.32647E+20,5.52505E+21,1.08457E+16,4.98631E+16
77040,9.1704E+18,9,3,74,124,2017,4,14,3,2,1,5,0,1,0,0,0,0,0,7.09919E+20,5.51133E+21,1.19123E+16,4.97178E+16
77041,9.1704E+18,9,3,72,116,2017,4,20,3,3,5,3,0,1,0,0,0,2,0,7.66649E+20,5.45624E+21,1.26607E+16,4.92009E+16
77042,9.1704E+18,9,3,71,119,2017,4,17,3,2,5,3,0,1,0,0,0,0,0,6.94577E+20,5.495E+21,1.16916E+16,4.95762E+16
77043,9.1704E+18,9,2,78,170,2017,4,13,3,3,2,6,0,1,0,0,0,0,0,7.65176E+20,5.4242E+21,1.26196E+16,4.89139E+16
77044,9.1704E+18,9,2,77,138,2017,4,16,3,3,2,6,0,1,0,0,0,0,0,7.92191E+20,5.36922E+21,1.29486E+16,4.84083E+16
77045,9.17041E+18,9,1,83,128,2017,4,17,7,3,9,6,0,1,0,0,1,0,0,7.59579E+20,5.34912E+21,1.24964E+16,4.82421E+16
77046,9.1704E+18,9,2,75,124,2017,4,13,3,2,0,1,1,0,0,0,0,0,0,8.14928E+20,5.37664E+21,1.32606E+16,4.8464E+16
77047,9.17041E+18,9,1,61,0,2017,4,12,7,3,2,5,0,1,0,0,0,0,0,6.80812E+20,5.40257E+21,1.14599E+16,4.87499E+16
77048,9.17041E+18,9,1,86,128,2017,4,19,7,2,8,1,0,0,0,1,0,0,0,6.80146E+20,5.38856E+21,1.14447E+16,4.86241E+16
77049,9.17041E+18,9,1,86,122,2017,4,16,7,3,0,1,1,0,0,0,0,0,0,6.92275E+20,5.39623E+21,1.16127E+16,4.86895E+16
77050,9.17041E+18,9,1,87,177,2017,4,12,6,3,5,2,1,1,0,0,0,0,0,7.36713E+20,5.30597E+21,1.21651E+16,4.78634E+16
77051,9.17041E+18,9,1,87,129,2017,4,14,6,3,4,7,0,1,0,0,0,0,0,7.28204E+20,5.29429E+21,1.20454E+16,4.77615E+16
77052,9.17041E+18,9,1,82,111,2017,4,11,6,3,0,1,1,0,0,0,0,0,0,7.03985E+20,5.28841E+21,1.17198E+16,4.77168E+16
77053,9.1704E+18,9,2,72,120,2017,4,8,3,3,8,7,0,1,0,0,0,0,0,8.20884E+20,5.41966E+21,1.33743E+16,4.88468E+16
77054,9.17041E+18,9,1,61,0,2017,4,10,6,2,5,3,1,1,0,0,0,0,0,6.7945E+20,5.40512E+21,1.14424E+16,4.87731E+16
77055,9.1704E+18,9,2,72,118,2017,4,9,3,3,5,3,0,1,0,0,0,0,0,8.33455E+20,5.41781E+21,1.35436E+16,4.88237E+16
77056,9.17041E+18,9,1,61,0,2017,4,16,6,3,0,7,1,0,0,0,0,0,0,6.79188E+20,5.40123E+21,1.14372E+16,4.87383E+16
77057,9.17041E+18,9,1,76,123,2017,4,19,7,2,9,1,0,0,0,1,0,0,0,6.57929E+20,5.41908E+21,1.11551E+16,4.89045E+16
77058,9.1704E+18,9,2,77,153,2017,4,11,3,3,5,3,0,1,0,0,0,0,0,7.80428E+20,5.36408E+21,1.27866E+16,4.83675E+16
77059,9.1704E+18,9,2,74,120,2017,4,13,3,3,0,1,0,0,0,1,0,0,1,7.51117E+20,5.36665E+21,1.23931E+16,4.84029E+16
77060,9.17041E+18,9,1,61,0,2017,4,23,6,3,4,2,0,1,0,0,0,2,0,6.78846E+20,5.40577E+21,1.14345E+16,4.87792E+16
77061,9.17041E+18,9,1,76,153,2017,4,13,7,2,9,1,0,0,0,1,0,0,0,6.98235E+20,5.41654E+21,1.17034E+16,4.88701E+16
77062,9.1704E+18,9,2,61,0,2017,4,8,3,3,5,3,1,1,0,0,0,0,0,7.32757E+20,5.38157E+21,1.21538E+16,4.8544E+16
77063,9.17041E+18,9,1,76,147,2017,4,14,7,3,3,6,0,1,0,0,0,0,0,6.92822E+20,5.41694E+21,1.16298E+16,4.88754E+16
77064,9.1704E+18,9,2,79,137,2017,4,15,3,3,0,2,0,0,0,1,1,0,0,7.76775E+20,5.40461E+21,1.27643E+16,4.8733E+16
77065,9.17041E+18,9,1,81,130,2017,4,19,7,3,3,6,0,1,0,0,0,1,0,6.37035E+20,5.32336E+21,1.08388E+16,4.80488E+16
77066,9.1704E+18,9,2,79,127,2017,4,5,3,2,4,2,0,1,0,0,1,1,0,7.4729E+20,5.39878E+21,1.23606E+16,4.8693E+16
77067,9.17041E+18,9,1,86,113,2017,4,12,6,3,3,6,0,1,0,0,0,0,0,6.84118E+20,5.39498E+21,1.15014E+16,4.86807E+16
77068,9.1704E+18,9,1,90,157,2017,4,10,3,3,9,7,0,1,0,0,0,0,1,6.60352E+20,5.30081E+21,1.11431E+16,4.78406E+16
77069,9.17041E+18,9,1,85,113,2017,4,23,6,2,7,7,0,0,0,1,0,2,0,6.68842E+20,5.37899E+21,1.12875E+16,4.85413E+16
77070,9.1704E+18,9,1,90,148,2017,4,17,3,3,0,1,1,0,0,0,0,0,1,6.43522E+20,5.29719E+21,1.09171E+16,4.7812E+16
77071,9.17041E+18,9,1,81,140,2017,4,19,6,3,8,1,0,1,0,0,0,0,0,6.4311E+20,5.32432E+21,1.09206E+16,4.80561E+16
77072,9.1704E+18,9,1,89,113,2017,4,18,3,3,5,3,1,0,0,0,1,0,1,7.68996E+20,5.30305E+21,1.25941E+16,4.78245E+16
77073,9.17041E+18,9,1,78,145,2017,4,13,6,3,2,6,0,1,0,0,0,0,0,6.93076E+20,5.35772E+21,1.16057E+16,4.83432E+16
77074,9.1704E+18,9,1,83,128,2017,4,15,3,2,4,6,0,1,0,0,0,0,1,7.62546E+20,5.3487E+21,1.25361E+16,4.82371E+16
77075,9.17041E+18,9,1,77,113,2017,4,22,6,2,8,1,0,1,0,0,0,2,0,7.18613E+20,5.35339E+21,1.19477E+16,4.82959E+16
77076,9.17041E+18,9,1,88,113,2017,4,15,7,3,5,3,1,1,0,0,0,0,0,6.77309E+20,5.31227E+21,1.13742E+16,4.79392E+16
77077,9.17041E+18,9,1,77,117,2017,4,5,6,3,8,1,0,1,0,0,0,2,0,7.16225E+20,5.35211E+21,1.19149E+16,4.82852E+16
77078,9.17041E+18,9,1,81,129,2017,4,17,7,2,5,3,0,1,0,0,1,0,0,6.41481E+20,5.30466E+21,1.08923E+16,4.78796E+16
77079,9.1704E+18,9,1,89,165,2017,4,14,3,3,4,1,0,1,0,0,0,0,0,7.75792E+20,5.31268E+21,1.26909E+16,4.79081E+16
77080,9.17041E+18,9,1,77,115,2017,4,14,6,3,5,3,1,1,0,0,0,0,0,7.33966E+20,5.35153E+21,1.21534E+16,4.82737E+16
77081,9.17041E+18,9,1,81,126,2017,4,14,7,2,5,3,0,1,0,1,0,0,0,6.35165E+20,5.33193E+21,1.08164E+16,4.81263E+16
77082,9.1704E+18,9,1,71,137,2017,4,22,3,3,8,1,0,1,0,0,1,2,1,7.75638E+20,5.35244E+21,1.27145E+16,4.82651E+16
77083,9.1704E+18,9,1,63,0,2017,4,12,3,3,4,3,0,1,0,0,0,0,1,7.33565E+20,5.30085E+21,1.21203E+16,4.78186E+16
77084,9.1704E+18,9,1,87,159,2017,4,8,3,3,0,6,0,1,0,0,1,0,0,7.3043E+20,5.32988E+21,1.2094E+16,4.80805E+16
77085,9.1704E+18,9,1,87,164,2017,4,10,3,1,4,6,0,1,0,0,1,0,0,7.36592E+20,5.32297E+21,1.21728E+16,4.80162E+16
77086,9.17041E+18,9,1,84,127,2017,4,10,5,3,1,2,0,1,0,0,0,0,0,7.02941E+20,5.32211E+21,1.17217E+16,4.802E+16
77087,9.1704E+18,9,1,87,142,2017,4,18,3,3,5,3,0,1,0,0,0,0,0,7.33659E+20,5.31146E+21,1.21273E+16,4.79138E+16
77088,9.17041E+18,9,1,84,127,2017,4,7,5,3,5,3,1,1,0,0,0,0,0,7.02906E+20,5.32209E+21,1.17212E+16,4.80199E+16
77089,9.1704E+18,9,1,82,137,2017,4,13,3,3,9,1,0,0,0,0,1,0,1,7.12451E+20,5.29961E+21,1.1838E+16,4.78147E+16
77090,9.1704E+18,9,1,81,130,2017,4,11,3,3,0,7,0,1,0,0,0,0,0,6.37731E+20,5.32466E+21,1.08486E+16,4.80604E+16
77091,9.1704E+18,9,1,81,142,2017,4,8,3,3,4,6,0,1,0,0,0,0,0,6.46155E+20,5.31654E+21,1.09588E+16,4.79855E+16
77092,9.1704E+18,9,1,81,130,2017,4,7,3,2,6,6,1,0,1,0,0,0,0,6.41244E+20,5.32383E+21,1.08954E+16,4.80522E+16
77093,9.17041E+18,9,1,84,131,2017,4,7,5,3,5,3,0,1,0,0,0,0,0,7.04865E+20,5.33697E+21,1.17546E+16,4.81529E+16
77094,9.1704E+18,9,1,74,115,2017,4,12,3,3,3,6,0,1,0,0,0,0,1,6.81187E+20,5.34723E+21,1.14409E+16,4.82524E+16
77095,9.17041E+18,9,1,62,0,2017,4,18,5,3,2,6,0,1,0,0,0,0,1,6.89095E+20,5.33172E+21,1.15405E+16,4.81106E+16
77096,9.1704E+18,9,1,74,113,2017,4,13,3,3,5,3,0,1,0,0,0,0,1,6.78614E+20,5.34209E+21,1.14041E+16,4.82068E+16
77097,9.1704E+18,9,1,78,124,2017,4,8,3,3,4,2,0,1,0,0,0,0,0,7.02936E+20,5.35945E+21,1.17395E+16,4.83556E+16
77098,9.1704E+18,9,1,77,113,2017,4,16,3,3,9,7,0,0,0,0,1,0,0,7.21447E+20,5.35526E+21,1.19868E+16,4.83117E+16
77099,9.1704E+18,9,1,77,126,2017,4,5,3,3,5,2,0,1,0,0,0,2,0,7.20907E+20,5.36949E+21,1.1987E+16,4.84397E+16
77100,9.1704E+18,9,1,62,0,2017,4,9,2,3,5,2,0,1,0,0,0,0,0,6.94985E+20,5.333E+21,1.16201E+16,4.81204E+16
77101,9.1704E+18,9,1,84,135,2017,4,10,2,3,5,2,0,1,0,0,0,0,0,6.92026E+20,5.34507E+21,1.15858E+16,4.82298E+16
77102,9.17041E+18,9,1,81,115,2017,4,15,7,3,4,6,1,0,0,0,0,0,0,6.58532E+20,5.32719E+21,1.11285E+16,4.80783E+16
77103,9.17041E+18,9,1,74,115,2017,4,16,7,3,2,6,0,1,0,1,0,0,0,6.80645E+20,5.34841E+21,1.14342E+16,4.82631E+16
77104,9.17041E+18,9,1,86,152,2017,4,16,7,3,2,6,0,1,0,0,0,0,0,6.90971E+20,5.37608E+21,1.15857E+16,4.85088E+16
77105,9.17041E+18,9,7,75,135,2017,4,19,5,3,5,3,1,1,0,0,0,0,0,5.74444E+20,5.36107E+21,1.00057E+16,4.83984E+16
77106,9.17041E+18,9,7,78,173,2017,4,18,5,3,5,3,0,1,0,0,0,0,0,6.12332E+20,5.32254E+21,1.05073E+16,4.80463E+16
77107,9.17041E+18,9,7,74,155,2017,4,13,5,3,9,1,0,1,0,0,0,0,0,5.87369E+20,5.36808E+21,1.01818E+16,4.84597E+16
77108,9.17041E+18,9,7,80,143,2017,4,12,5,2,6,4,0,0,1,1,0,0,0,5.93536E+20,5.27539E+21,1.02449E+16,4.76251E+16
77109,9.1704E+18,9,1,62,0,2017,4,19,2,3,4,7,0,1,0,0,0,0,1,6.86254E+20,5.33179E+21,1.15024E+16,4.81122E+16
77110,9.17041E+18,9,7,63,0,2017,4,5,5,3,5,2,0,1,0,0,0,2,0,5.99863E+20,5.29042E+21,1.03325E+16,4.77594E+16
77111,9.17041E+18,9,7,76,126,2017,4,16,5,3,4,6,0,1,0,0,0,0,0,5.6234E+20,5.27137E+21,9.8292E+15,4.75928E+16
77112,9.17041E+18,9,7,62,0,2017,4,11,5,3,6,4,0,1,1,0,0,0,0,6.22281E+20,5.30716E+21,1.06363E+16,4.79061E+16
77113,9.17041E+18,9,7,62,0,2017,4,16,5,3,5,3,0,1,0,0,0,0,0,6.20461E+20,5.3031E+21,1.06108E+16,4.78699E+16
77114,9.17041E+18,9,7,79,115,2017,4,5,5,3,1,6,0,1,0,0,0,2,0,6.33531E+20,5.39483E+21,1.08145E+16,4.86922E+16
77115,9.17041E+18,9,1,75,132,2017,4,10,7,3,2,6,0,1,0,0,0,0,0,7.07792E+20,5.33014E+21,1.17906E+16,4.80906E+16
77116,9.1704E+18,9,1,62,0,2017,4,8,2,3,0,7,1,0,0,0,0,0,0,6.88751E+20,5.32906E+21,1.15347E+16,4.80869E+16
77117,9.1704E+18,9,7,78,173,2017,4,16,2,3,1,6,0,1,0,0,0,0,0,6.13297E+20,5.32084E+21,1.05197E+16,4.80308E+16
77118,9.17041E+18,9,7,79,131,2017,4,5,5,3,2,6,0,1,0,0,0,1,0,6.31666E+20,5.39573E+21,1.07895E+16,4.87007E+16
77119,9.17041E+18,9,1,78,124,2017,4,0,7,2,6,4,0,1,1,0,0,2,0,7.02709E+20,5.36421E+21,1.17387E+16,4.83984E+16
77120,9.1704E+18,9,7,74,155,2017,4,11,2,3,3,6,0,1,0,0,1,0,0,5.90169E+20,5.36524E+21,1.0219E+16,4.84339E+16
77121,9.1704E+18,9,7,75,135,2017,4,21,2,3,3,6,0,1,0,0,0,2,0,5.74736E+20,5.36065E+21,1.00096E+16,4.83946E+16
77122,9.17041E+18,9,1,75,115,2017,4,17,7,2,8,1,0,1,0,0,0,0,0,7.17097E+20,5.33685E+21,1.19188E+16,4.81478E+16
77123,9.1704E+18,9,7,74,135,2017,4,16,2,3,2,6,0,1,0,0,0,0,0,5.97426E+20,5.36764E+21,1.03177E+16,4.84543E+16
77124,9.1704E+18,9,7,80,143,2017,4,19,2,3,2,6,0,1,0,0,1,1,1,5.97968E+20,5.28175E+21,1.03053E+16,4.76817E+16
77125,9.17041E+18,9,7,73,125,2017,4,18,5,3,2,6,0,1,0,0,0,0,0,6.13257E+20,5.38357E+21,1.05361E+16,4.85949E+16
77126,9.1704E+18,9,7,63,0,2017,4,15,2,3,5,3,0,1,0,0,0,0,0,5.99588E+20,5.29094E+21,1.0329E+16,4.77642E+16
77127,9.17041E+18,9,7,72,147,2017,4,20,5,3,3,6,0,1,0,0,0,2,0,6.37326E+20,5.36417E+21,1.08559E+16,4.84157E+16
77128,9.1704E+18,9,7,76,112,2017,4,16,2,3,2,2,0,1,0,0,0,0,0,5.73413E+20,5.2777E+21,9.97753E+15,4.76485E+16
77129,9.17041E+18,9,7,61,0,2017,4,5,5,3,0,1,1,0,0,0,0,2,0,6.36949E+20,5.35955E+21,1.08493E+16,4.83743E+16
77130,9.1704E+18,9,7,77,153,2017,4,9,2,3,5,3,0,1,0,0,1,0,0,6.11749E+20,5.2751E+21,1.04872E+16,4.76197E+16
77131,9.17041E+18,9,7,61,0,2017,4,7,5,3,5,3,1,1,0,0,0,0,0,6.4115E+20,5.36022E+21,1.09063E+16,4.83793E+16
77132,9.1704E+18,9,7,72,147,2017,4,17,2,3,3,6,0,1,0,0,1,0,0,6.30712E+20,5.36428E+21,1.07666E+16,4.84181E+16
77133,9.1704E+18,9,7,61,0,2017,4,6,2,3,4,2,0,1,0,0,0,0,0,6.43241E+20,5.35951E+21,1.09342E+16,4.83725E+16
77134,9.1704E+18,9,7,61,0,2017,4,18,2,3,5,3,1,1,0,0,0,0,0,6.42152E+20,5.35758E+21,1.09189E+16,4.83554E+16
77135,9.1704E+18,9,7,71,113,2017,4,15,2,3,0,7,1,0,0,0,0,0,0,6.57187E+20,5.37076E+21,1.11267E+16,4.84703E+16
77136,9.1704E+18,9,6,63,0,2017,4,15,2,2,1,6,0,0,0,1,1,0,0,5.63613E+20,5.51772E+21,9.88412E+15,4.98085E+16
77137,9.17041E+18,9,7,71,114,2017,4,23,5,3,8,7,0,1,0,0,0,2,0,6.38637E+20,5.37249E+21,1.08764E+16,4.84902E+16
77138,9.1704E+18,9,6,75,141,2017,4,12,2,3,5,3,0,1,0,0,0,0,0,5.8438E+20,5.50981E+21,1.0171E+16,4.97349E+16
77139,9.1704E+18,9,6,75,174,2017,4,5,2,2,5,3,0,1,0,0,0,2,0,5.89245E+20,5.52378E+21,1.02417E+16,4.98598E+16
77140,9.1704E+18,9,6,78,168,2017,4,11,2,2,1,5,0,1,0,0,1,0,0,5.82245E+20,5.55328E+21,1.01506E+16,5.0126E+16
77141,9.1704E+18,9,6,74,163,2017,4,8,2,2,4,6,0,1,0,0,0,0,0,6.11664E+20,5.53759E+21,1.05575E+16,4.99802E+16
77142,9.17041E+18,9,1,62,0,2017,4,13,6,3,0,7,0,0,0,0,1,0,0,6.88967E+20,5.34171E+21,1.15432E+16,4.82005E+16
77143,9.17041E+18,9,1,84,149,2017,4,12,6,3,3,2,0,1,0,0,1,0,0,6.91167E+20,5.35253E+21,1.15776E+16,4.8297E+16
77144,9.1704E+18,9,6,72,140,2017,4,13,2,3,2,2,0,1,0,0,0,0,0,5.82023E+20,5.55723E+21,1.01484E+16,5.01616E+16
77145,9.1704E+18,9,6,71,157,2017,4,14,2,3,8,1,0,1,0,0,0,0,0,5.26195E+20,5.52887E+21,9.36484E+15,4.99116E+16
77146,9.1704E+18,9,5,62,0,2017,4,7,2,3,2,6,0,1,0,0,0,0,0,6.45006E+20,5.49357E+21,1.10059E+16,4.95773E+16
77147,9.1704E+18,9,5,76,143,2017,4,8,2,3,2,6,0,1,0,0,0,0,0,6.54805E+20,5.45669E+21,1.11269E+16,4.92434E+16
77148,9.17041E+18,9,1,62,0,2017,4,16,6,3,2,6,0,1,0,0,0,0,0,6.97128E+20,5.32915E+21,1.16471E+16,4.80851E+16
77149,9.17041E+18,9,1,80,118,2017,4,14,7,2,4,6,0,1,0,1,1,0,0,6.5131E+20,5.25953E+21,1.1008E+16,4.74716E+16
77150,9.17041E+18,9,7,75,129,2017,4,8,6,3,3,6,0,1,0,0,1,0,0,5.83434E+20,5.34289E+21,1.01236E+16,4.82337E+16
77151,9.17041E+18,9,7,75,135,2017,4,8,6,3,8,7,0,0,0,0,1,0,0,5.80238E+20,5.35596E+21,1.0083E+16,4.83517E+16
77152,9.17041E+18,9,7,75,152,2017,4,11,6,3,2,6,0,1,0,0,0,0,0,5.80937E+20,5.35209E+21,1.00917E+16,4.83168E+16
77153,9.17041E+18,9,6,79,201,2017,4,9,5,3,5,3,0,1,0,0,0,0,0,5.74526E+20,5.52357E+21,1.00369E+16,4.98599E+16
77154,9.17041E+18,9,6,79,122,2017,4,18,5,3,3,6,0,1,0,0,0,0,0,5.62239E+20,5.49535E+21,9.86145E+15,4.96075E+16
77155,9.17041E+18,9,6,77,155,2017,4,16,5,3,1,6,0,1,0,0,0,0,0,5.40797E+20,5.53826E+21,9.5692E+15,4.99953E+16
77156,9.1704E+18,9,5,63,0,2017,4,21,2,3,0,7,1,0,0,0,0,2,0,6.45549E+20,5.48128E+21,1.10088E+16,4.94668E+16
77157,9.17041E+18,9,6,78,176,2017,4,7,5,2,5,3,1,1,0,0,0,0,0,5.89576E+20,5.53782E+21,1.02495E+16,4.9986E+16
77158,9.1704E+18,9,5,64,0,2017,4,17,2,3,2,6,0,1,0,0,1,0,0,6.49203E+20,5.47872E+21,1.10583E+16,4.94428E+16
77159,9.17041E+18,9,6,71,130,2017,4,13,5,2,2,6,0,0,0,0,1,0,0,5.1477E+20,5.53872E+21,9.20609E+15,5.00006E+16
77160,9.1704E+18,9,5,64,0,2017,4,18,2,3,0,7,1,0,1,0,0,0,0,6.47639E+20,5.47824E+21,1.10365E+16,4.94389E+16
77161,9.1704E+18,9,5,64,0,2017,4,4,2,3,3,6,0,1,0,0,1,2,0,6.50096E+20,5.47726E+21,1.107E+16,4.94294E+16
77162,9.17041E+18,9,7,61,0,2017,4,15,6,3,2,6,0,1,0,0,1,0,0,6.37465E+20,5.35977E+21,1.08564E+16,4.83761E+16
77163,9.1704E+18,9,5,77,136,2017,4,11,2,3,2,2,0,1,0,0,0,0,0,6.27651E+20,5.44301E+21,1.07497E+16,4.91267E+16
77164,9.17041E+18,9,7,71,145,2017,4,18,6,2,0,1,1,0,0,0,0,0,1,6.43688E+20,5.34773E+21,1.09363E+16,4.82664E+16
77165,9.1704E+18,9,5,75,145,2017,4,15,2,3,3,6,0,0,0,1,1,0,0,6.19334E+20,5.48384E+21,1.0648E+16,4.94955E+16
77166,9.17041E+18,9,6,77,120,2017,4,21,5,3,1,6,0,1,0,0,0,2,1,5.31565E+20,5.52519E+21,9.43933E+15,4.98783E+16
77167,9.1704E+18,9,5,71,135,2017,4,7,2,3,8,7,0,1,0,0,0,0,0,6.24615E+20,5.4754E+21,1.07182E+16,4.94185E+16
77168,9.17041E+18,9,6,71,122,2017,4,16,5,3,2,6,0,1,0,0,0,0,0,5.03214E+20,5.53151E+21,9.04478E+15,4.9936E+16
77169,9.1704E+18,9,5,71,216,2017,4,7,2,2,8,1,0,1,0,0,0,0,0,6.20017E+20,5.45209E+21,1.06478E+16,4.92099E+16
77170,9.17041E+18,9,5,72,126,2017,4,20,5,2,8,1,0,1,0,0,1,2,0,6.34002E+20,5.50626E+21,1.08581E+16,4.96939E+16
77171,9.1704E+18,9,4,75,154,2017,4,21,2,3,9,1,0,1,0,0,0,2,0,6.96041E+20,5.56098E+21,1.17452E+16,5.01686E+16
77172,9.17041E+18,9,5,62,0,2017,4,13,5,3,3,6,0,1,0,0,0,0,0,6.46686E+20,5.48938E+21,1.10275E+16,4.95393E+16
77173,9.1704E+18,9,4,75,112,2017,4,12,2,3,3,3,1,1,0,0,0,0,0,6.88108E+20,5.58261E+21,1.1645E+16,5.03654E+16
77174,9.1704E+18,9,4,75,136,2017,4,17,2,3,9,1,0,0,0,1,0,0,0,6.97084E+20,5.5691E+21,1.1764E+16,5.02412E+16
77175,9.17041E+18,9,5,72,158,2017,4,7,5,3,0,1,1,0,0,0,0,0,0,6.49564E+20,5.49582E+21,1.10697E+16,4.95965E+16
77176,9.1704E+18,9,4,72,175,2017,4,15,2,2,4,6,0,1,0,0,1,0,1,6.84409E+20,5.50941E+21,1.15579E+16,4.97089E+16
77177,9.1704E+18,9,4,61,0,2017,4,13,2,3,3,2,1,1,0,0,0,0,0,6.37887E+20,5.52929E+21,1.09201E+16,4.99001E+16
77178,9.1704E+18,9,4,61,0,2017,4,13,2,3,2,1,0,1,0,0,0,0,0,6.37881E+20,5.52943E+21,1.092E+16,4.99013E+16
77179,9.1704E+18,9,4,74,126,2017,4,7,2,3,5,7,1,1,0,0,0,0,0,6.49062E+20,5.50943E+21,1.1068E+16,4.97189E+16
77180,9.17041E+18,9,5,74,141,2017,4,15,5,2,5,3,0,1,0,0,0,0,0,6.68368E+20,5.4876E+21,1.13262E+16,4.95176E+16
77181,9.1704E+18,9,4,74,161,2017,4,9,2,3,2,6,0,1,0,0,1,0,0,6.58422E+20,5.51339E+21,1.11993E+16,4.97521E+16
77182,9.1704E+18,9,3,63,0,2017,4,8,2,3,2,6,0,1,0,0,0,0,0,7.29632E+20,5.50663E+21,1.21826E+16,4.96685E+16
77183,9.17041E+18,9,5,76,148,2017,4,13,5,3,8,6,0,1,0,0,1,0,0,6.61273E+20,5.43839E+21,1.12084E+16,4.90773E+16
77184,9.1704E+18,9,3,77,116,2017,4,15,2,3,5,7,0,1,0,0,0,0,0,7.19793E+20,5.52486E+21,1.20567E+16,4.98359E+16
77185,9.17041E+18,9,5,64,0,2017,4,18,5,3,5,2,0,1,0,0,0,0,0,6.55139E+20,5.48112E+21,1.1141E+16,4.94629E+16
77186,9.1704E+18,9,3,75,165,2017,4,16,2,3,2,6,0,1,0,0,0,0,0,7.26366E+20,5.43704E+21,1.20978E+16,4.90446E+16
77187,9.1704E+18,9,3,62,0,2017,4,10,2,3,3,2,1,1,0,0,0,0,0,7.27619E+20,5.43501E+21,1.21138E+16,4.90259E+16
77188,9.1704E+18,9,3,73,155,2017,4,15,2,3,0,1,1,0,0,0,0,0,1,6.7126E+20,5.46482E+21,1.13563E+16,4.93121E+16
77189,9.1704E+18,9,3,76,144,2017,4,7,2,3,1,6,0,1,0,0,1,0,0,7.27099E+20,5.48476E+21,1.21349E+16,4.9473E+16
77190,9.1704E+18,9,3,71,154,2017,4,6,2,2,0,7,0,1,0,0,0,0,0,7.01664E+20,5.47772E+21,1.17807E+16,4.94187E+16
77191,9.17041E+18,9,5,61,0,2017,4,5,5,3,4,2,0,1,0,0,0,2,1,6.14664E+20,5.46234E+21,1.05773E+16,4.9303E+16
77192,9.1704E+18,9,2,78,148,2017,4,6,2,3,4,1,0,1,0,1,0,1,0,7.40945E+20,5.40829E+21,1.22801E+16,4.87809E+16
77193,9.17041E+18,9,5,61,0,2017,4,17,5,3,2,6,0,1,0,0,0,0,0,6.14103E+20,5.46308E+21,1.05698E+16,4.93098E+16
77194,9.1704E+18,9,2,78,118,2017,4,14,2,2,4,6,0,1,0,0,0,0,0,7.73561E+20,5.42206E+21,1.27323E+16,4.8891E+16
77195,9.1704E+18,9,2,75,154,2017,4,14,2,3,2,2,0,1,0,1,0,0,0,8.08283E+20,5.39782E+21,1.31866E+16,4.86573E+16
77196,9.1704E+18,9,2,75,146,2017,4,9,2,3,5,3,0,1,0,0,0,0,0,8.30275E+20,5.39435E+21,1.34816E+16,4.86149E+16
77197,9.1704E+18,9,2,72,118,2017,4,5,2,3,5,3,0,1,0,0,0,2,0,8.33988E+20,5.41727E+21,1.35504E+16,4.88185E+16
77198,9.17041E+18,9,7,61,0,2017,4,18,6,3,5,3,0,1,0,1,0,0,0,6.37724E+20,5.35557E+21,1.08585E+16,4.83383E+16
77199,9.17041E+18,9,7,61,0,2017,4,17,6,3,2,6,0,1,0,0,0,0,0,6.41596E+20,5.35968E+21,1.09121E+16,4.83744E+16
77200,9.17041E+18,9,7,71,162,2017,4,12,6,3,9,1,0,1,0,0,0,0,0,6.63652E+20,5.37168E+21,1.12144E+16,4.8477E+16
77201,9.17041E+18,9,5,71,196,2017,4,15,5,3,4,6,0,1,0,0,0,0,0,6.19362E+20,5.46032E+21,1.06413E+16,4.9284E+16
77202,9.17041E+18,9,5,61,0,2017,4,5,5,3,2,6,0,1,0,0,0,1,0,6.14695E+20,5.46234E+21,1.05777E+16,4.93031E+16
77203,9.17041E+18,9,4,79,136,2017,4,11,5,3,3,6,0,1,0,0,1,0,0,7.23374E+20,5.54585E+21,1.21186E+16,5.0023E+16
77204,9.17041E+18,9,4,73,134,2017,4,18,5,3,2,6,0,1,0,0,0,0,0,6.45735E+20,5.56533E+21,1.1043E+16,5.02222E+16
77205,9.1704E+18,9,2,79,112,2017,4,18,2,3,7,7,0,0,0,0,1,0,1,7.53228E+20,5.39396E+21,1.24382E+16,4.86473E+16
77206,9.17041E+18,9,6,79,154,2017,4,22,6,2,0,7,0,1,0,0,0,2,0,5.59338E+20,5.50791E+21,9.82322E+15,4.97208E+16