OBJECTID,UIDENTSTLA,ULAND,UREGBEZ,UKREIS,UGEMEINDE,UJAHR,UMONAT,USTUNDE,UWOCHENTAG,UKATEGORIE,UART,UTYP1,IstRad,IstPKW,IstFuss,IstKrad,IstSonstig,LICHT,STRZUSTAND,LINREFX,LINREFY,XGCSWGS84,YGCSWGS84
77207,9.17041E+18,9,6,63,0,2017,4,11,6,2,6,4,0,0,1,0,1,0,0,5.69187E+20,5.51911E+21,9.96183E+15,4.98205E+16
77208,9.1704E+18,9,2,79,132,2017,4,12,2,3,2,6,0,1,0,0,1,0,0,7.70426E+20,5.40023E+21,1.26753E+16,4.86964E+16
77209,9.17041E+18,9,4,74,126,2017,4,17,5,3,2,6,0,1,0,0,1,0,0,6.479E+20,5.50982E+21,1.1052E+16,4.97227E+16
77210,9.1704E+18,9,2,61,0,2017,4,16,2,3,2,6,0,1,0,0,0,0,1,7.32257E+20,5.38202E+21,1.21472E+16,4.85483E+16
77211,9.17041E+18,9,4,74,126,2017,4,8,5,3,2,5,1,0,0,0,1,0,0,6.51067E+20,5.50911E+21,1.10956E+16,4.97155E+16
77212,9.1704E+18,9,2,73,121,2017,4,7,2,3,2,6,0,1,0,0,0,0,0,7.03828E+20,5.42429E+21,1.17834E+16,4.89379E+16
77213,9.17041E+18,9,4,71,165,2017,4,16,5,2,6,7,0,1,1,0,0,0,0,6.30087E+20,5.53267E+21,1.08127E+16,4.99323E+16
77214,9.1704E+18,9,2,79,125,2017,4,12,2,3,4,2,0,1,0,0,0,0,0,7.62753E+20,5.39555E+21,1.25682E+16,4.86577E+16
77215,9.17041E+18,9,4,71,145,2017,4,16,5,3,0,7,1,0,0,0,0,0,0,6.42504E+20,5.51947E+21,1.09807E+16,4.98107E+16
77216,9.1704E+18,9,1,90,157,2017,4,16,2,3,6,2,0,0,1,0,1,0,0,6.59968E+20,5.30102E+21,1.1138E+16,4.78426E+16
77217,9.1704E+18,9,1,89,145,2017,4,16,2,2,9,1,0,0,0,1,0,0,0,7.72781E+20,5.3036E+21,1.26449E+16,4.78278E+16
77218,9.17041E+18,9,4,61,0,2017,4,16,5,3,1,6,0,1,0,0,0,0,0,6.3786E+20,5.52779E+21,1.09192E+16,4.98866E+16
77219,9.1704E+18,9,1,83,148,2017,4,5,2,3,4,2,0,1,0,0,0,2,0,7.54125E+20,5.345E+21,1.24207E+16,4.82073E+16
77220,9.1704E+18,9,1,89,160,2017,4,16,2,3,5,3,0,1,0,1,0,0,0,7.61018E+20,5.29003E+21,1.24799E+16,4.77109E+16
77221,9.17041E+18,9,3,63,0,2017,4,17,5,2,5,3,0,1,0,1,0,0,0,7.28212E+20,5.50887E+21,1.21642E+16,4.96891E+16
77222,9.1704E+18,9,1,71,118,2017,4,19,2,2,5,3,0,1,0,0,0,2,1,7.88172E+20,5.34813E+21,1.28801E+16,4.82209E+16
77223,9.17041E+18,9,3,74,134,2017,4,15,5,3,5,3,0,1,0,0,0,0,0,7.18827E+20,5.50357E+21,1.20313E+16,4.96449E+16
77224,9.17041E+18,9,3,75,170,2017,4,18,5,3,0,1,0,0,0,1,0,0,0,7.3833E+20,5.42733E+21,1.22556E+16,4.89529E+16
77225,9.1704E+18,9,1,87,165,2017,4,16,2,3,5,3,0,1,0,0,1,0,0,7.32923E+20,5.29404E+21,1.21081E+16,4.77576E+16
77226,9.17041E+18,9,3,73,140,2017,4,18,5,3,5,3,0,1,0,0,0,0,0,6.89544E+20,5.47069E+21,1.16104E+16,4.93595E+16
77227,9.1704E+18,9,1,61,0,2017,4,10,2,3,3,2,1,0,0,0,1,0,0,6.76089E+20,5.40506E+21,1.13967E+16,4.87736E+16
77228,9.17041E+18,9,3,72,117,2017,4,8,5,3,2,2,0,1,0,0,0,0,0,7.72531E+20,5.45627E+21,1.27413E+16,4.91985E+16
77229,9.17041E+18,9,6,75,141,2017,4,14,6,3,5,3,0,1,0,0,1,0,0,5.84757E+20,5.50962E+21,1.01762E+16,4.97331E+16
77230,9.17041E+18,9,6,73,171,2017,4,18,6,3,8,1,0,1,0,0,0,0,0,5.90232E+20,5.57187E+21,1.02667E+16,5.02921E+16
77231,9.17041E+18,9,6,72,127,2017,4,15,6,3,5,2,0,1,0,0,0,0,0,5.67179E+20,5.54286E+21,9.93805E+15,5.00342E+16
77232,9.1704E+18,9,1,86,125,2017,4,16,2,3,2,6,0,1,0,0,0,0,0,6.7321E+20,5.37356E+21,1.13444E+16,4.84913E+16
77233,9.1704E+18,9,1,61,0,2017,4,7,2,3,4,2,0,1,0,0,0,0,0,6.71916E+20,5.40447E+21,1.13397E+16,4.87695E+16
77234,9.1704E+18,9,1,61,0,2017,4,12,2,3,2,6,0,1,0,0,0,0,0,6.79809E+20,5.40453E+21,1.14471E+16,4.87678E+16
77235,9.17041E+18,9,3,76,161,2017,4,13,5,3,2,6,0,1,0,0,0,0,0,7.2573E+20,5.46779E+21,1.21064E+16,4.93211E+16
77236,9.1704E+18,9,1,74,146,2017,4,16,2,3,2,6,0,1,0,0,0,0,0,6.65942E+20,5.35131E+21,1.12373E+16,4.82933E+16
77237,9.17041E+18,9,3,61,0,2017,4,13,5,3,1,6,0,1,0,0,1,0,0,7.08996E+20,5.48105E+21,1.18834E+16,4.94461E+16
77238,9.1704E+18,9,1,62,0,2017,4,18,2,3,2,6,0,1,0,0,0,0,1,6.87477E+20,5.33314E+21,1.15194E+16,4.81239E+16
77239,9.17041E+18,9,3,61,0,2017,4,7,5,2,5,3,1,1,0,0,0,0,0,7.05979E+20,5.48052E+21,1.18416E+16,4.94424E+16
77240,9.1704E+18,9,1,88,139,2017,4,8,2,2,5,2,0,1,0,1,1,0,0,6.74504E+20,5.31942E+21,1.13396E+16,4.80042E+16
77241,9.1704E+18,9,1,79,142,2017,4,18,2,2,2,6,0,1,0,1,0,0,1,6.72262E+20,5.34102E+21,1.13183E+16,4.8199E+16
77242,9.1704E+18,9,1,81,126,2017,4,17,2,3,2,6,0,1,0,0,0,0,0,6.36419E+20,5.33217E+21,1.08334E+16,4.81281E+16
77243,9.1704E+18,9,1,81,122,2017,4,9,2,3,5,3,0,1,0,0,0,0,0,6.45769E+20,5.33362E+21,1.09594E+16,4.81392E+16
77244,9.1704E+18,9,1,79,123,2017,4,20,2,3,5,2,0,1,0,0,0,2,1,6.77443E+20,5.33197E+21,1.13842E+16,4.81162E+16
77245,9.1704E+18,9,1,88,120,2017,4,12,2,2,2,6,0,0,0,1,0,0,0,6.76717E+20,5.32332E+21,1.13708E+16,4.80387E+16
77246,9.1704E+18,9,1,79,121,2017,4,15,2,3,2,6,0,1,0,0,0,0,0,6.67784E+20,5.33834E+21,1.1257E+16,4.81761E+16
77247,9.17041E+18,9,2,78,118,2017,4,18,5,3,2,6,0,1,0,0,0,1,0,7.77343E+20,5.42362E+21,1.27849E+16,4.89034E+16
77248,9.1704E+18,9,1,77,126,2017,4,6,2,3,2,6,0,0,0,0,1,0,0,7.1917E+20,5.37035E+21,1.1964E+16,4.84481E+16
77249,9.17041E+18,9,2,76,138,2017,4,7,5,3,5,3,0,1,0,0,0,0,1,8.02434E+20,5.43386E+21,1.3134E+16,4.89835E+16
77250,9.1704E+18,9,1,78,124,2017,4,17,2,3,1,6,0,1,0,0,0,0,1,7.03184E+20,5.36206E+21,1.17441E+16,4.8379E+16
77251,9.17041E+18,9,6,72,112,2017,4,19,6,2,8,1,0,1,0,0,0,0,0,5.77411E+20,5.5683E+21,1.00861E+16,5.02618E+16
77252,9.17041E+18,9,6,78,128,2017,4,6,6,2,4,6,0,1,0,1,0,0,0,5.80702E+20,5.54615E+21,1.01275E+16,5.00622E+16
77253,9.17041E+18,9,6,78,160,2017,4,7,6,3,5,3,0,1,0,0,0,0,0,5.81986E+20,5.54727E+21,1.01457E+16,5.00721E+16
77254,9.17041E+18,9,2,71,119,2017,4,14,5,3,2,6,0,1,0,0,0,0,0,7.90428E+20,5.4193E+21,1.29599E+16,4.88586E+16
77255,9.17041E+18,9,2,78,118,2017,4,7,5,2,5,3,0,1,0,1,0,0,0,7.68477E+20,5.42597E+21,1.26657E+16,4.89284E+16
77256,9.17041E+18,9,2,75,145,2017,4,16,5,3,2,6,0,1,0,0,0,0,0,8.2353E+20,5.37559E+21,1.33758E+16,4.84502E+16
77257,9.17041E+18,9,2,75,138,2017,4,15,5,3,0,6,1,0,0,0,1,0,0,8.12904E+20,5.38343E+21,1.32384E+16,4.85259E+16
77258,9.17041E+18,9,2,75,114,2017,4,14,5,3,8,7,0,1,0,0,0,0,0,8.00249E+20,5.38992E+21,1.30721E+16,4.85903E+16
77259,9.1704E+18,9,1,78,137,2017,4,9,2,3,2,6,0,1,0,0,0,0,0,6.97785E+20,5.36607E+21,1.16732E+16,4.84167E+16
77260,9.17041E+18,9,2,72,121,2017,4,20,5,3,8,1,0,1,0,0,0,2,0,8.39074E+20,5.41604E+21,1.36184E+16,4.88048E+16
77261,9.1704E+18,9,1,62,0,2017,4,15,1,3,0,2,1,1,0,0,0,0,0,6.96793E+20,5.33369E+21,1.16447E+16,4.8126E+16
77262,9.17041E+18,9,6,61,0,2017,4,15,6,3,5,3,0,1,0,0,0,0,0,5.08886E+20,5.53649E+21,9.12394E+15,4.99807E+16
77263,9.1704E+18,9,1,84,122,2017,4,13,1,2,8,1,0,1,0,0,0,0,0,6.87804E+20,5.3223E+21,1.1519E+16,4.80264E+16
77264,9.17041E+18,9,5,72,126,2017,4,21,6,3,2,6,0,1,0,0,0,2,0,6.3437E+20,5.50527E+21,1.08628E+16,4.9685E+16
77265,9.1704E+18,9,1,62,0,2017,4,16,1,2,0,1,1,0,0,0,0,0,0,6.94908E+20,5.33361E+21,1.16193E+16,4.81259E+16
77266,9.1704E+18,9,7,74,151,2017,4,16,1,2,9,1,0,0,0,1,0,0,0,6.12887E+20,5.36515E+21,1.0526E+16,4.84293E+16
77267,9.1704E+18,9,7,78,203,2017,4,19,1,2,0,6,0,1,0,1,0,0,0,6.20846E+20,5.32238E+21,1.06214E+16,4.80432E+16
77268,9.17041E+18,9,2,74,127,2017,4,17,5,3,5,3,0,1,0,0,0,0,0,7.35093E+20,5.39592E+21,1.21935E+16,4.8672E+16
77269,9.1704E+18,9,7,80,128,2017,4,9,1,3,8,7,0,1,0,0,0,0,0,6.08977E+20,5.27887E+21,1.04512E+16,4.76541E+16
77270,9.17041E+18,9,1,90,157,2017,4,22,5,3,8,1,0,0,0,1,0,2,0,6.57382E+20,5.30177E+21,1.11038E+16,4.785E+16
77271,9.1704E+18,9,7,76,129,2017,4,15,1,3,8,1,1,0,0,0,0,0,0,5.68359E+20,5.27025E+21,9.90909E+15,4.75821E+16
77272,9.17041E+18,9,1,73,115,2017,4,16,5,2,8,1,0,1,0,0,0,0,0,6.81637E+20,5.2903E+21,1.14229E+16,4.77405E+16
77273,9.1704E+18,9,7,77,129,2017,4,16,1,2,8,1,0,1,0,0,0,0,0,6.28218E+20,5.26973E+21,1.07047E+16,4.75683E+16
77274,9.1704E+18,9,7,72,171,2017,4,18,1,2,2,6,0,1,0,0,0,0,0,6.37731E+20,5.37204E+21,1.0864E+16,4.84864E+16
77275,9.17041E+18,9,1,72,122,2017,4,6,5,3,9,1,0,1,0,0,0,0,1,7.93265E+20,5.3159E+21,1.29264E+16,4.79292E+16
77276,9.1704E+18,9,7,71,122,2017,4,16,1,3,4,2,0,1,0,0,1,0,0,6.55096E+20,5.362E+21,1.10951E+16,4.83921E+16
77277,9.1704E+18,9,6,79,205,2017,4,9,1,2,2,6,0,1,0,0,0,0,1,5.60007E+20,5.51537E+21,9.83365E+15,4.97878E+16
77278,9.17041E+18,9,1,82,125,2017,4,18,5,3,6,2,0,1,1,0,0,0,0,7.12369E+20,5.2962E+21,1.18352E+16,4.77841E+16
77279,9.1704E+18,9,6,79,185,2017,4,12,1,3,3,7,1,0,0,0,0,0,0,5.7238E+20,5.51591E+21,1.00056E+16,4.97913E+16
77280,9.1704E+18,9,6,77,148,2017,4,2,1,1,0,1,0,1,0,0,0,2,0,5.55247E+20,5.53409E+21,9.77019E+15,4.99566E+16
77281,9.1704E+18,9,6,72,140,2017,4,20,1,2,9,1,0,0,0,1,0,2,1,5.80875E+20,5.5554E+21,1.01319E+16,5.01453E+16
77282,9.1704E+18,9,6,72,114,2017,4,18,1,3,8,7,0,1,0,0,0,0,1,5.78278E+20,5.55672E+21,1.00958E+16,5.01575E+16
77283,9.17041E+18,9,1,82,125,2017,4,13,5,3,5,3,0,1,0,0,0,0,0,7.1271E+20,5.29717E+21,1.18403E+16,4.77928E+16
77284,9.17041E+18,9,5,62,0,2017,4,8,6,3,3,2,1,0,0,0,1,0,0,6.448E+20,5.49366E+21,1.1003E+16,4.95781E+16
77285,9.17041E+18,9,5,74,158,2017,4,14,6,3,5,3,0,1,0,0,1,0,0,6.72395E+20,5.50229E+21,1.13882E+16,4.96485E+16
77286,9.1704E+18,9,6,76,139,2017,4,12,1,3,8,1,0,1,0,0,0,0,1,5.21892E+20,5.50156E+21,9.30337E+15,4.96662E+16
77287,9.17041E+18,9,5,76,127,2017,4,14,6,3,5,3,1,1,0,0,0,0,0,6.59353E+20,5.45056E+21,1.11869E+16,4.91871E+16
77288,9.17041E+18,9,5,64,0,2017,4,17,6,3,2,6,0,1,0,1,0,0,0,6.47593E+20,5.47932E+21,1.10363E+16,4.94486E+16
77289,9.17041E+18,9,5,71,115,2017,4,18,6,3,5,3,1,1,0,0,0,0,0,6.13702E+20,5.44692E+21,1.05597E+16,4.91645E+16
77290,9.17041E+18,9,5,71,145,2017,4,17,6,3,4,6,0,1,0,0,0,0,0,5.91844E+20,5.4482E+21,1.02602E+16,4.91798E+16
77291,9.17041E+18,9,1,61,0,2017,4,5,5,3,4,6,0,1,0,1,0,0,0,6.723E+20,5.40387E+21,1.13447E+16,4.8764E+16
77292,9.17041E+18,9,1,76,124,2017,4,16,5,3,3,2,0,1,0,1,0,0,0,6.7123E+20,5.41069E+21,1.1333E+16,4.88255E+16
77293,9.17041E+18,9,1,76,114,2017,4,13,5,3,0,6,0,1,0,0,0,0,0,6.87038E+20,5.42734E+21,1.15558E+16,4.89707E+16
77294,9.17041E+18,9,5,71,115,2017,4,6,6,3,4,6,0,1,0,0,0,0,0,6.17045E+20,5.44866E+21,1.0606E+16,4.91796E+16
77295,9.1704E+18,9,5,76,151,2017,4,10,1,3,8,1,0,1,0,0,1,0,1,6.60132E+20,5.46856E+21,1.12048E+16,4.93487E+16
77296,9.1704E+18,9,5,62,0,2017,4,14,1,3,0,6,0,1,0,1,0,0,0,6.44684E+20,5.49542E+21,1.10021E+16,4.9594E+16
77297,9.17041E+18,9,1,81,146,2017,4,17,5,3,2,6,0,1,0,0,0,0,0,6.49342E+20,5.32559E+21,1.10046E+16,4.80661E+16
77298,9.1704E+18,9,5,74,138,2017,4,22,1,3,0,1,1,0,0,0,0,2,0,6.67424E+20,5.48742E+21,1.13131E+16,4.95163E+16
77299,9.17041E+18,9,1,81,137,2017,4,22,5,3,9,1,0,1,0,0,0,2,0,6.46091E+20,5.3061E+21,1.09544E+16,4.78916E+16
77300,9.1704E+18,9,5,63,0,2017,4,15,1,3,2,3,0,1,0,1,0,0,0,6.43E+20,5.48435E+21,1.09748E+16,4.94949E+16
77301,9.17041E+18,9,1,79,121,2017,4,7,5,3,2,6,0,1,0,0,0,0,0,6.66806E+20,5.33834E+21,1.12439E+16,4.81764E+16
77302,9.1704E+18,9,5,64,0,2017,4,8,1,3,5,3,1,1,0,0,0,0,1,6.50809E+20,5.47562E+21,1.10792E+16,4.94145E+16
77303,9.1704E+18,9,5,64,0,2017,4,17,1,3,1,6,0,1,0,0,0,0,0,6.46689E+20,5.47595E+21,1.10226E+16,4.94185E+16
77304,9.17041E+18,9,1,79,121,2017,4,19,5,3,2,6,0,1,0,0,1,1,0,6.6716E+20,5.33987E+21,1.12492E+16,4.819E+16
77305,9.1704E+18,9,5,75,168,2017,4,9,1,3,8,1,0,0,0,0,1,0,1,5.86672E+20,5.48506E+21,1.01973E+16,4.9512E+16
77306,9.1704E+18,9,5,71,193,2017,4,11,1,3,5,3,0,1,0,0,0,0,0,5.81955E+20,5.46763E+21,1.01286E+16,4.93559E+16
77307,9.17041E+18,9,1,81,115,2017,4,0,5,3,5,3,0,1,0,0,0,2,0,6.56254E+20,5.32675E+21,1.10978E+16,4.80749E+16
77308,9.1704E+18,9,5,71,196,2017,4,9,1,2,0,1,0,0,0,1,0,0,1,6.21619E+20,5.46029E+21,1.06723E+16,4.92832E+16
77309,9.1704E+18,9,5,71,146,2017,4,12,1,2,9,1,0,0,0,1,0,0,1,6.12655E+20,5.47701E+21,1.05538E+16,4.94353E+16
77310,9.1704E+18,9,4,75,171,2017,4,16,1,3,0,1,1,0,0,0,0,0,0,6.95685E+20,5.57738E+21,1.17487E+16,5.0316E+16
77311,9.1704E+18,9,4,75,120,2017,4,16,1,2,5,2,0,1,0,1,0,0,0,7.09128E+20,5.57585E+21,1.19364E+16,5.02977E+16
77312,9.1704E+18,9,4,72,175,2017,4,19,1,3,9,1,0,0,0,1,0,0,0,6.80281E+20,5.50978E+21,1.15008E+16,4.97135E+16
77313,9.1704E+18,9,4,74,121,2017,4,12,1,3,0,3,1,1,0,0,0,0,0,6.56814E+20,5.5161E+21,1.11781E+16,4.97769E+16
77314,9.1704E+18,9,4,74,121,2017,4,17,1,3,2,6,0,0,0,1,0,0,0,6.58266E+20,5.51827E+21,1.11991E+16,4.9796E+16
77315,9.17041E+18,9,1,89,162,2017,4,18,7,1,0,1,1,0,0,0,0,0,0,7.8016E+20,5.31804E+21,1.27527E+16,4.79543E+16
77316,9.1704E+18,9,4,71,145,2017,4,16,1,3,1,2,0,1,0,1,0,0,0,6.4298E+20,5.52007E+21,1.09875E+16,4.9816E+16
77317,9.1704E+18,9,3,75,175,2017,4,13,1,3,4,6,0,1,0,0,0,0,0,7.15867E+20,5.43474E+21,1.19531E+16,4.90278E+16
77318,9.17041E+18,9,1,78,113,2017,4,10,5,2,2,6,0,0,0,0,1,0,0,6.91516E+20,5.36801E+21,1.15894E+16,4.84361E+16
77319,9.1704E+18,9,3,75,114,2017,4,17,1,2,5,3,0,1,0,1,0,0,0,7.41059E+20,5.44257E+21,1.23019E+16,4.90887E+16
77320,9.1704E+18,9,3,72,125,2017,4,15,1,2,5,3,0,1,0,0,1,0,0,7.5398E+20,5.44442E+21,1.24797E+16,4.91001E+16
77321,9.17041E+18,9,1,77,133,2017,4,7,5,3,2,6,0,0,0,1,1,0,0,7.11125E+20,5.35427E+21,1.18473E+16,4.83064E+16
77322,9.1704E+18,9,3,75,119,2017,4,18,1,2,5,3,1,1,0,0,0,1,0,7.38105E+20,5.44566E+21,1.22633E+16,4.91176E+16
77323,9.1704E+18,9,3,72,137,2017,4,20,1,2,9,1,0,1,0,0,0,2,1,7.79825E+20,5.45826E+21,1.28426E+16,4.92131E+16
77324,9.1704E+18,9,3,72,143,2017,4,5,1,3,7,1,0,1,0,0,0,2,1,7.74973E+20,5.45194E+21,1.27718E+16,4.91586E+16
77325,9.1704E+18,9,3,72,174,2017,4,8,1,3,8,1,0,1,0,0,0,0,0,7.72212E+20,5.46531E+21,1.27431E+16,4.92798E+16
77326,9.1704E+18,9,3,76,163,2017,4,19,1,3,2,6,0,1,0,0,0,0,0,7.28651E+20,5.47582E+21,1.21511E+16,4.93921E+16
77327,9.17041E+18,9,1,77,119,2017,4,17,5,3,5,3,0,1,0,0,0,0,0,7.18019E+20,5.33925E+21,1.19324E+16,4.81691E+16
77328,9.1704E+18,9,3,71,156,2017,4,18,1,2,8,1,0,0,0,1,0,0,0,7.04804E+20,5.49817E+21,1.18345E+16,4.96013E+16
77329,9.17041E+18,9,1,62,0,2017,4,8,4,3,2,6,0,1,0,0,0,0,0,6.93125E+20,5.33817E+21,1.15975E+16,4.81674E+16
77330,9.1704E+18,9,2,78,170,2017,4,13,1,3,2,6,0,1,0,0,0,0,0,7.65393E+20,5.42428E+21,1.26226E+16,4.89145E+16
77331,9.17041E+18,9,5,75,112,2017,4,12,6,3,8,1,0,1,0,0,0,0,0,6.02313E+20,5.48964E+21,1.04145E+16,4.95507E+16
77332,9.17041E+18,9,4,75,154,2017,4,14,6,3,5,3,0,1,0,0,0,0,0,6.98306E+20,5.56568E+21,1.17794E+16,5.02101E+16
77333,9.17041E+18,9,1,84,142,2017,4,7,4,2,6,4,0,0,1,0,1,0,0,6.83294E+20,5.31691E+21,1.14563E+16,4.79792E+16
77334,9.17041E+18,9,7,75,129,2017,4,6,4,3,6,2,0,1,1,0,0,1,0,5.81916E+20,5.34165E+21,1.01029E+16,4.82228E+16
77335,9.1704E+18,9,2,76,138,2017,4,9,1,2,5,3,0,1,0,1,0,0,0,8.0025E+20,5.43115E+21,1.31022E+16,4.89602E+16
77336,9.17041E+18,9,7,80,143,2017,4,21,4,3,0,7,1,0,0,0,0,2,0,5.98482E+20,5.28344E+21,1.03125E+16,4.76968E+16
77337,9.1704E+18,9,2,76,116,2017,4,2,1,3,8,1,0,1,0,0,0,2,1,7.99964E+20,5.42836E+21,1.30963E+16,4.89353E+16
77338,9.17041E+18,9,7,76,116,2017,4,17,4,2,6,1,0,1,1,0,0,0,0,5.52899E+20,5.26805E+21,9.70324E+15,4.75637E+16
77339,9.1704E+18,9,2,78,129,2017,4,15,1,3,9,1,0,0,0,1,0,0,0,7.74043E+20,5.43771E+21,1.27494E+16,4.90313E+16
77340,9.17041E+18,9,7,77,130,2017,4,18,4,3,2,6,0,1,0,1,0,0,0,6.24558E+20,5.30871E+21,1.06672E+16,4.79196E+16
77341,9.1704E+18,9,2,77,121,2017,4,20,1,3,4,6,0,1,0,0,0,1,0,7.63643E+20,5.37763E+21,1.25689E+16,4.84964E+16
77342,9.1704E+18,9,2,74,184,2017,4,19,1,1,4,1,0,1,0,1,0,0,0,7.48841E+20,5.37173E+21,1.23654E+16,4.84495E+16
77343,9.17041E+18,9,7,72,147,2017,4,6,4,3,2,6,0,1,0,0,0,0,0,6.38656E+20,5.36357E+21,1.08737E+16,4.841E+16
77344,9.1704E+18,9,2,79,122,2017,4,8,1,3,8,7,0,0,0,1,0,0,0,7.74664E+20,5.39874E+21,1.27318E+16,4.86812E+16
77345,9.1704E+18,9,1,73,111,2017,4,11,1,3,2,6,0,1,0,1,0,0,0,6.82755E+20,5.29189E+21,1.14385E+16,4.77545E+16
77346,9.17041E+18,9,7,61,0,2017,4,7,4,3,2,6,0,1,0,0,0,0,0,6.37558E+20,5.36041E+21,1.08578E+16,4.83818E+16
77347,9.1704E+18,9,1,71,137,2017,4,0,1,2,8,1,0,1,0,0,0,2,0,7.68386E+20,5.35157E+21,1.26164E+16,4.82605E+16
77348,9.1704E+18,9,1,83,145,2017,4,16,1,2,5,2,0,1,0,1,0,0,0,7.56568E+20,5.33834E+21,1.24495E+16,4.81465E+16
77349,9.1704E+18,9,1,89,130,2017,4,12,1,3,0,6,1,0,0,0,0,0,0,7.66464E+20,5.313E+21,1.25665E+16,4.79149E+16
77350,9.1704E+18,9,1,71,112,2017,4,20,1,3,2,2,0,1,0,0,0,2,0,7.84144E+20,5.34143E+21,1.28215E+16,4.81626E+16
77351,9.17041E+18,9,4,75,154,2017,4,16,6,3,2,6,0,1,0,0,1,0,0,6.97038E+20,5.56281E+21,1.17601E+16,5.01846E+16
77352,9.1704E+18,9,1,82,123,2017,4,17,1,3,2,6,0,1,0,0,1,0,0,7.19918E+20,5.30094E+21,1.19383E+16,4.78242E+16
77353,9.1704E+18,9,1,87,165,2017,4,10,1,3,9,7,0,1,0,0,0,0,0,7.29382E+20,5.30024E+21,1.20642E+16,4.78146E+16
77354,9.17041E+18,9,7,72,209,2017,4,17,4,2,1,6,0,1,0,0,0,0,0,6.34881E+20,5.33731E+21,1.08143E+16,4.81747E+16
77355,9.1704E+18,9,1,87,118,2017,4,16,1,2,0,2,0,1,0,1,0,0,0,7.52566E+20,5.30097E+21,1.23738E+16,4.78125E+16
77356,9.17041E+18,9,7,61,0,2017,4,15,4,3,3,6,0,1,0,0,0,0,0,6.42028E+20,5.35958E+21,1.09179E+16,4.83734E+16
77357,9.1704E+18,9,1,82,114,2017,4,10,1,2,4,6,0,1,0,1,0,0,0,7.2312E+20,5.2945E+21,1.19777E+16,4.77652E+16
77358,9.17041E+18,9,7,71,144,2017,4,16,4,3,5,3,0,1,0,1,0,0,0,6.61702E+20,5.37326E+21,1.11887E+16,4.84916E+16
77359,9.1704E+18,9,1,82,112,2017,4,16,1,2,3,2,0,1,0,1,0,0,0,7.23596E+20,5.28589E+21,1.19796E+16,4.76877E+16
77360,9.1704E+18,9,1,87,172,2017,4,17,1,2,0,7,0,0,0,1,0,0,0,7.4233E+20,5.29726E+21,1.22352E+16,4.77831E+16
77361,9.17041E+18,9,6,78,135,2017,4,10,4,3,9,6,0,1,0,0,1,0,0,5.9151E+20,5.54283E+21,1.02777E+16,5.00308E+16
77362,9.1704E+18,9,1,87,179,2017,4,12,1,3,1,3,1,1,0,0,0,0,0,7.2343E+20,5.31208E+21,1.19909E+16,4.7923E+16
77363,9.1704E+18,9,1,86,152,2017,4,22,1,3,8,7,0,1,0,0,0,2,0,6.90917E+20,5.3779E+21,1.15858E+16,4.85252E+16
77364,9.17041E+18,9,6,72,114,2017,4,17,4,3,1,6,0,1,0,0,0,0,0,5.7626E+20,5.56015E+21,1.00683E+16,5.01886E+16
77365,9.1704E+18,9,1,86,147,2017,4,17,1,3,5,3,1,1,0,0,0,0,0,6.82453E+20,5.39155E+21,1.14773E+16,4.86504E+16
77366,9.1704E+18,9,1,62,0,2017,4,13,1,3,2,6,0,1,0,0,0,0,0,6.87307E+20,5.33312E+21,1.15171E+16,4.81238E+16
77367,9.1704E+18,9,1,79,134,2017,4,14,1,2,1,6,0,1,0,1,0,0,0,6.67893E+20,5.34292E+21,1.12603E+16,4.82173E+16
77368,9.1704E+18,9,1,81,114,2017,4,13,1,2,8,1,0,0,0,1,0,0,0,6.51662E+20,5.3113E+21,1.10307E+16,4.79371E+16
77369,9.1704E+18,9,1,79,121,2017,4,19,1,3,4,2,0,1,0,0,0,1,0,6.66132E+20,5.33849E+21,1.12349E+16,4.81779E+16
77370,9.1704E+18,9,1,79,137,2017,4,2,1,3,8,1,0,1,0,0,0,2,0,6.54925E+20,5.34485E+21,1.10865E+16,4.82379E+16
77371,9.1704E+18,9,1,74,143,2017,4,16,1,2,9,1,0,1,0,0,0,0,0,6.72578E+20,5.35624E+21,1.13287E+16,4.83357E+16
77372,9.17041E+18,9,6,71,130,2017,4,16,4,3,2,6,0,0,0,1,1,1,0,5.15497E+20,5.53895E+21,9.21625E+15,5.00027E+16
77373,9.1704E+18,9,1,84,130,2017,4,11,1,3,2,6,0,1,0,0,0,0,0,6.96801E+20,5.34292E+21,1.16491E+16,4.82089E+16
77374,9.17041E+18,9,5,71,226,2017,4,7,4,3,2,6,0,1,0,0,0,1,0,6.38103E+20,5.4561E+21,1.08974E+16,4.92421E+16
77375,9.1704E+18,9,1,84,135,2017,4,12,1,2,2,6,0,1,0,1,0,0,0,6.92422E+20,5.34499E+21,1.15911E+16,4.82289E+16
77376,9.17041E+18,9,5,72,143,2017,4,4,4,3,8,1,0,1,0,0,0,2,0,6.29148E+20,5.51076E+21,1.07923E+16,4.97354E+16
77377,9.17041E+18,9,4,79,169,2017,4,14,6,2,5,3,0,1,0,1,0,0,0,7.13405E+20,5.54807E+21,1.19808E+16,5.00466E+16
77378,9.1704E+18,9,1,78,120,2017,4,19,1,3,8,1,0,0,0,1,0,0,0,6.93267E+20,5.35615E+21,1.16076E+16,4.8329E+16
77379,9.1704E+18,9,1,78,130,2017,4,6,1,3,4,1,0,1,0,0,1,1,0,7.02775E+20,5.35868E+21,1.17369E+16,4.83487E+16
77380,9.17041E+18,9,5,62,0,2017,4,8,4,3,8,1,1,0,0,0,0,0,0,6.39769E+20,5.49483E+21,1.09339E+16,4.95899E+16