OBJECTID,UIDENTSTLA,ULAND,UREGBEZ,UKREIS,UGEMEINDE,UJAHR,UMONAT,USTUNDE,UWOCHENTAG,UKATEGORIE,UART,UTYP1,IstRad,IstPKW,IstFuss,IstKrad,IstSonstig,LICHT,STRZUSTAND,LINREFX,LINREFY,XGCSWGS84,YGCSWGS84
77554,9.1704E+18,9,1,62,0,2017,4,14,3,3,2,6,0,1,0,0,0,0,0,6.89027E+20,5.32952E+21,1.15386E+16,4.80909E+16
77555,9.17033E+18,9,7,77,175,2017,3,14,6,2,4,2,1,1,0,0,0,0,0,6.13556E+20,5.29031E+21,1.05152E+16,4.77561E+16
77556,9.17033E+18,9,7,76,125,2017,3,17,6,3,5,3,1,0,0,1,0,0,0,5.63786E+20,5.27015E+21,9.84826E+15,4.75817E+16
77557,9.17033E+18,9,7,62,0,2017,3,12,6,3,2,6,0,1,0,0,1,0,0,6.22671E+20,5.30648E+21,1.06413E+16,4.79E+16
77558,9.17033E+18,9,7,77,130,2017,3,15,6,3,2,6,0,1,0,0,0,0,0,6.24606E+20,5.30902E+21,1.0668E+16,4.79224E+16
77559,9.1704E+18,9,1,62,0,2017,4,7,3,2,3,2,0,1,0,1,0,0,0,6.93095E+20,5.33883E+21,1.15974E+16,4.81733E+16
77560,9.17033E+18,9,7,80,124,2017,3,15,6,3,2,6,0,1,0,1,0,0,0,5.92259E+20,5.26849E+21,1.02265E+16,4.75633E+16
77561,9.1704E+18,9,1,84,135,2017,4,19,3,2,0,1,0,0,0,1,0,1,1,6.92106E+20,5.34474E+21,1.15868E+16,4.82268E+16
77562,9.17033E+18,9,7,77,135,2017,3,14,6,2,5,3,1,1,0,0,0,0,0,6.23641E+20,5.27349E+21,1.06449E+16,4.7603E+16
77563,9.1704E+18,9,1,62,0,2017,4,16,3,3,5,2,1,1,0,0,0,0,1,6.88324E+20,5.34019E+21,1.15339E+16,4.8187E+16
77564,9.17033E+18,9,7,79,131,2017,3,15,6,3,2,6,0,1,0,0,0,0,0,6.3223E+20,5.39725E+21,1.07976E+16,4.87142E+16
77565,9.17041E+18,9,2,79,113,2017,4,20,7,3,8,7,0,1,0,0,0,2,0,7.821E+20,5.39266E+21,1.28284E+16,4.86233E+16
77566,9.17041E+18,9,6,72,140,2017,4,9,3,3,1,2,0,1,0,0,0,0,0,5.82201E+20,5.55455E+21,1.01503E+16,5.01374E+16
77567,9.17041E+18,9,7,72,147,2017,4,10,5,3,0,7,0,1,0,0,0,0,0,6.38467E+20,5.36415E+21,1.08714E+16,4.84153E+16
77568,9.17041E+18,9,6,71,122,2017,4,14,3,2,5,3,1,0,0,1,0,0,0,5.06321E+20,5.53114E+21,9.08808E+15,4.99326E+16
77569,9.17041E+18,9,1,89,155,2017,4,16,6,3,2,6,0,1,0,0,0,0,0,7.72295E+20,5.30834E+21,1.26414E+16,4.78706E+16
77570,9.17041E+18,9,5,72,131,2017,4,20,3,3,0,6,0,1,0,0,0,2,0,6.48579E+20,5.4886E+21,1.10534E+16,4.95318E+16
77571,9.17041E+18,9,3,61,0,2017,4,15,6,3,4,1,1,1,0,0,0,0,0,7.09353E+20,5.48197E+21,1.18888E+16,4.94543E+16
77572,9.17041E+18,9,5,76,151,2017,4,22,3,2,2,6,0,1,0,0,1,2,0,6.53685E+20,5.46993E+21,1.11167E+16,4.93627E+16
77573,9.17041E+18,9,5,72,126,2017,4,17,3,3,5,3,0,1,0,0,0,0,0,6.33919E+20,5.50684E+21,1.08571E+16,4.96992E+16
77574,9.17041E+18,9,5,72,132,2017,4,9,3,3,3,6,1,1,0,0,0,0,0,6.38894E+20,5.49468E+21,1.09218E+16,4.95887E+16
77575,9.17041E+18,9,5,74,120,2017,4,18,3,2,8,1,0,1,0,0,0,0,1,6.72328E+20,5.48224E+21,1.13785E+16,4.94683E+16
77576,9.17041E+18,9,7,61,0,2017,4,18,3,3,3,2,1,0,0,0,0,0,0,6.42821E+20,5.35988E+21,1.09287E+16,4.83759E+16
77577,9.17041E+18,9,7,74,124,2017,4,21,3,3,8,1,0,1,0,0,0,2,0,5.99079E+20,5.34846E+21,1.03355E+16,4.82816E+16
77578,9.17041E+18,9,1,75,111,2017,4,18,4,3,5,3,1,1,0,0,0,0,0,7.12234E+20,5.3372E+21,1.18537E+16,4.81526E+16
77579,9.17041E+18,9,1,62,0,2017,4,22,4,3,5,2,0,1,0,0,0,2,0,6.82476E+20,5.33554E+21,1.14533E+16,4.81469E+16
77580,9.17041E+18,9,1,61,0,2017,4,5,5,3,4,6,1,0,0,0,0,1,0,6.76488E+20,5.40778E+21,1.14033E+16,4.8798E+16
77581,9.17041E+18,9,1,73,126,2017,4,9,5,3,5,3,0,1,0,0,0,0,0,6.84649E+20,5.30359E+21,1.14687E+16,4.78591E+16
77582,9.17041E+18,9,5,64,0,2017,4,18,3,3,3,3,1,1,0,0,0,0,0,6.5353E+20,5.47832E+21,1.11178E+16,4.94381E+16
77583,9.17041E+18,9,5,64,0,2017,4,7,3,3,6,7,0,1,1,0,0,0,0,6.45357E+20,5.47831E+21,1.10051E+16,4.94401E+16
77584,9.17041E+18,9,5,64,0,2017,4,20,3,3,1,3,0,1,0,1,0,1,0,6.51148E+20,5.4773E+21,1.10845E+16,4.94296E+16
77585,9.17041E+18,9,5,64,0,2017,4,18,3,3,2,6,0,1,0,0,0,0,0,6.52013E+20,5.48152E+21,1.10981E+16,4.94673E+16
77586,9.17041E+18,9,5,64,0,2017,4,14,3,3,2,6,0,1,0,0,0,0,0,6.54534E+20,5.48085E+21,1.11326E+16,4.94606E+16
77587,9.17041E+18,9,5,64,0,2017,4,14,3,3,5,2,0,1,0,0,0,0,0,6.53785E+20,5.48379E+21,1.11234E+16,4.94873E+16
77588,9.17041E+18,9,5,64,0,2017,4,6,3,3,3,2,1,1,0,0,0,0,0,6.46599E+20,5.48073E+21,1.10231E+16,4.94615E+16
77589,9.17041E+18,9,5,73,134,2017,4,18,3,3,5,3,0,1,0,0,0,0,0,6.42549E+20,5.47843E+21,1.09664E+16,4.94418E+16
77590,9.17041E+18,9,5,75,119,2017,4,16,3,3,2,2,0,1,0,0,0,0,0,6.1139E+20,5.49054E+21,1.05402E+16,4.95572E+16
77591,9.17041E+18,9,5,75,145,2017,4,6,3,3,2,6,0,1,0,0,1,0,0,6.21396E+20,5.48262E+21,1.06761E+16,4.9484E+16
77592,9.17041E+18,9,5,71,127,2017,4,16,3,3,2,6,0,1,0,0,0,0,0,6.15465E+20,5.45178E+21,1.05853E+16,4.92079E+16
77593,9.17041E+18,9,4,75,175,2017,4,18,3,2,3,1,0,1,0,0,1,0,0,6.95479E+20,5.55599E+21,1.17348E+16,5.01239E+16
77594,9.17041E+18,9,4,64,0,2017,4,16,3,3,5,6,0,1,0,1,0,0,0,7.07451E+20,5.57808E+21,1.19142E+16,5.03182E+16
77595,9.17041E+18,9,4,73,151,2017,4,13,3,3,2,6,0,1,0,0,0,0,0,6.48845E+20,5.57554E+21,1.10906E+16,5.03132E+16
77596,9.17041E+18,9,4,71,119,2017,4,16,3,3,5,3,0,1,0,0,0,0,0,6.35203E+20,5.53812E+21,1.08858E+16,4.99801E+16
77597,9.17041E+18,9,3,71,154,2017,4,9,5,3,5,2,0,1,0,0,0,0,0,7.00706E+20,5.47659E+21,1.17669E+16,4.94089E+16
77598,9.17041E+18,9,4,61,0,2017,4,13,3,3,5,3,0,1,0,0,1,0,0,6.334E+20,5.53086E+21,1.08582E+16,4.99152E+16
77599,9.17041E+18,9,3,74,133,2017,4,15,3,3,2,6,0,1,0,0,0,0,0,7.26597E+20,5.49754E+21,1.21353E+16,4.95879E+16
77600,9.17041E+18,9,4,74,126,2017,4,17,5,3,3,6,0,1,0,0,0,0,0,6.48978E+20,5.50724E+21,1.1066E+16,4.96992E+16
77601,9.17041E+18,9,3,77,142,2017,4,17,3,2,0,1,0,0,0,0,1,0,0,7.47009E+20,5.54076E+21,1.24447E+16,4.9968E+16
77602,9.17041E+18,9,5,76,148,2017,4,14,5,3,2,6,0,1,0,0,1,0,0,6.66638E+20,5.44167E+21,1.12832E+16,4.91053E+16
77603,9.17041E+18,9,3,62,0,2017,4,11,3,3,2,6,0,1,0,0,1,0,0,7.27328E+20,5.43124E+21,1.21077E+16,4.89922E+16
77604,9.17041E+18,9,1,84,144,2017,4,8,5,3,2,2,0,1,0,0,0,0,0,6.87531E+20,5.3199E+21,1.15143E+16,4.80049E+16
77605,9.17041E+18,9,3,76,116,2017,4,12,3,2,0,7,1,0,0,0,0,0,0,7.39774E+20,5.4628E+21,1.22964E+16,4.92709E+16
77606,9.17041E+18,9,3,76,141,2017,4,8,3,3,2,1,0,1,0,1,0,0,0,7.2632E+20,5.44985E+21,1.21044E+16,4.91597E+16
77607,9.17041E+18,9,3,76,119,2017,4,6,3,3,5,3,0,1,0,0,0,0,0,7.19049E+20,5.46077E+21,1.20108E+16,4.92604E+16
77608,9.17041E+18,9,2,71,146,2017,4,6,3,3,4,3,1,0,0,0,0,0,0,7.84374E+20,5.4102E+21,1.28713E+16,4.87797E+16
77609,9.17041E+18,9,2,78,197,2017,4,9,3,2,5,3,0,1,0,0,1,0,0,7.5927E+20,5.43229E+21,1.25443E+16,4.8989E+16
77610,9.17041E+18,9,2,75,134,2017,4,9,3,2,2,6,0,0,0,0,1,0,0,8.24963E+20,5.37257E+21,1.33928E+16,4.84224E+16
77611,9.17041E+18,9,2,62,0,2017,4,12,3,3,3,6,0,1,0,0,1,0,0,8.28095E+20,5.39E+21,1.34487E+16,4.85771E+16
77612,9.17041E+18,9,2,75,141,2017,4,16,3,3,2,6,0,1,0,0,1,0,0,8.222E+20,5.37281E+21,1.33558E+16,4.84259E+16
77613,9.17041E+18,9,2,75,130,2017,4,16,3,3,2,6,0,1,0,0,1,0,0,8.13282E+20,5.36215E+21,1.32276E+16,4.83348E+16
77614,9.17041E+18,9,2,72,134,2017,4,16,3,3,5,3,1,1,0,0,0,0,0,8.35984E+20,5.42502E+21,1.35838E+16,4.88869E+16
77615,9.17041E+18,9,4,79,169,2017,4,16,5,3,5,3,0,1,0,0,0,0,0,7.06334E+20,5.54397E+21,1.188E+16,5.00123E+16
77616,9.17041E+18,9,2,72,118,2017,4,9,3,3,2,1,0,1,0,0,0,0,0,8.32566E+20,5.41931E+21,1.35327E+16,4.88375E+16
77617,9.17041E+18,9,6,71,143,2017,4,10,5,3,2,6,0,1,0,0,0,0,0,5.11915E+20,5.54618E+21,9.16649E+15,5.00678E+16
77618,9.17041E+18,9,2,77,121,2017,4,16,3,2,2,6,0,1,0,0,0,0,0,7.63176E+20,5.37175E+21,1.25589E+16,4.84438E+16
77619,9.17041E+18,9,1,84,138,2017,4,6,5,3,3,6,0,1,0,1,0,0,0,6.78468E+20,5.33123E+21,1.13976E+16,4.81093E+16
77620,9.17041E+18,9,2,77,151,2017,4,18,3,2,4,6,0,1,0,0,1,0,0,7.70871E+20,5.36858E+21,1.26607E+16,4.84121E+16
77621,9.17041E+18,9,2,75,128,2017,4,12,6,2,9,1,0,0,0,1,0,0,0,8.27444E+20,5.39837E+21,1.34465E+16,4.86524E+16
77622,9.17041E+18,9,2,74,132,2017,4,17,3,3,2,6,0,1,0,0,0,0,0,7.26035E+20,5.38564E+21,1.2065E+16,4.8583E+16
77623,9.17041E+18,9,2,73,166,2017,4,18,3,3,1,5,0,0,0,1,1,0,0,7.16039E+20,5.42104E+21,1.19482E+16,4.89046E+16
77624,9.17041E+18,9,1,90,148,2017,4,21,3,3,4,2,0,1,0,0,0,2,0,6.41117E+20,5.29881E+21,1.08855E+16,4.78272E+16
77625,9.17041E+18,9,1,80,113,2017,4,16,3,2,8,1,0,1,0,0,0,0,0,6.48944E+20,5.28431E+21,1.09851E+16,4.7695E+16
77626,9.17041E+18,9,7,61,0,2017,4,14,3,3,8,1,0,0,0,1,0,0,0,6.40236E+20,5.36055E+21,1.0894E+16,4.83825E+16
77627,9.17041E+18,9,1,80,117,2017,4,2,3,2,1,5,0,0,0,0,1,2,1,6.59263E+20,5.26164E+21,1.11143E+16,4.74887E+16
77628,9.17041E+18,9,7,61,0,2017,4,7,3,3,2,6,0,1,0,0,1,0,0,6.3979E+20,5.36407E+21,1.08892E+16,4.84142E+16
77629,9.17041E+18,9,6,74,180,2017,4,18,4,3,5,6,0,1,0,0,1,0,0,6.02782E+20,5.54058E+21,1.04344E+16,5.00086E+16
77630,9.17041E+18,9,7,75,135,2017,4,17,4,3,5,3,0,1,0,1,0,0,0,5.74735E+20,5.36065E+21,1.00096E+16,4.83946E+16
77631,9.17041E+18,9,1,86,139,2017,4,9,5,2,9,1,0,1,0,0,0,0,0,6.94158E+20,5.40477E+21,1.16423E+16,4.87656E+16
77632,9.17041E+18,9,1,83,125,2017,4,8,5,3,9,1,0,1,0,0,0,0,1,7.56758E+20,5.35508E+21,1.24621E+16,4.82967E+16
77633,9.17041E+18,9,1,83,124,2017,4,12,3,3,8,6,0,1,0,0,0,0,0,7.57253E+20,5.34128E+21,1.24604E+16,4.81726E+16
77634,9.17042E+18,9,6,77,154,2017,4,16,2,3,5,3,0,1,0,0,0,0,0,5.43029E+20,5.51731E+21,9.59801E+15,4.98067E+16
77635,9.17041E+18,9,1,89,155,2017,4,8,3,3,5,3,1,1,0,0,0,0,0,7.71635E+20,5.30976E+21,1.26335E+16,4.78836E+16
77636,9.17042E+18,9,6,74,163,2017,4,11,2,3,9,1,0,1,0,0,0,0,1,6.07817E+20,5.54018E+21,1.05046E+16,5.00041E+16
77637,9.17041E+18,9,1,83,128,2017,4,15,3,3,2,6,0,1,0,0,0,0,0,7.61761E+20,5.34883E+21,1.25256E+16,4.82386E+16
77638,9.17041E+18,9,1,89,120,2017,4,0,3,3,4,1,0,1,0,0,0,2,1,7.55747E+20,5.2989E+21,1.2415E+16,4.77926E+16
77639,9.17042E+18,9,6,78,193,2017,4,11,2,2,9,1,0,1,0,0,0,0,2,5.73871E+20,5.53424E+21,1.00298E+16,4.9956E+16
77640,9.17041E+18,9,1,84,141,2017,4,13,3,3,2,6,0,1,0,0,1,0,0,7.00355E+20,5.31716E+21,1.16848E+16,4.79764E+16
77641,9.17041E+18,9,1,63,0,2017,4,9,3,3,0,1,1,0,0,0,0,0,0,7.32597E+20,5.30692E+21,1.21107E+16,4.78734E+16
77642,9.17041E+18,9,1,85,118,2017,4,15,3,3,2,6,0,1,0,0,0,0,0,6.647E+20,5.40331E+21,1.12411E+16,4.8761E+16
77643,9.17042E+18,9,6,62,0,2017,4,16,2,3,2,6,0,1,0,0,0,0,1,5.88071E+20,5.5454E+21,1.02303E+16,5.00543E+16
77644,9.17041E+18,9,1,86,143,2017,4,14,3,2,8,1,0,1,0,0,0,0,0,6.89819E+20,5.37835E+21,1.15712E+16,4.85295E+16
77645,9.17042E+18,9,6,76,125,2017,4,21,2,3,6,7,0,1,1,0,0,2,0,5.1732E+20,5.50646E+21,9.24024E+15,4.97104E+16
77646,9.17041E+18,9,1,83,128,2017,4,11,5,3,5,2,0,1,0,0,0,0,1,7.63377E+20,5.34863E+21,1.25472E+16,4.82361E+16
77647,9.17041E+18,9,1,61,0,2017,4,17,3,3,5,2,1,1,0,0,0,0,0,6.78741E+20,5.40283E+21,1.14318E+16,4.87528E+16
77648,9.17042E+18,9,6,76,139,2017,4,4,2,3,8,7,0,1,0,0,0,2,1,5.1611E+20,5.50425E+21,9.22337E+15,4.96905E+16
77649,9.17041E+18,9,1,76,129,2017,4,16,3,3,9,1,0,0,0,1,0,0,0,6.88062E+20,5.40337E+21,1.15587E+16,4.87549E+16
77650,9.17042E+18,9,5,74,123,2017,4,11,2,3,2,6,0,1,0,0,0,0,1,6.59383E+20,5.47438E+21,1.11969E+16,4.94012E+16
77651,9.17041E+18,9,1,81,122,2017,4,18,3,3,6,4,0,1,1,0,0,0,0,6.514E+20,5.33016E+21,1.10339E+16,4.81067E+16
77652,9.17042E+18,9,5,74,123,2017,4,11,2,3,2,6,0,1,0,0,0,0,1,6.59155E+20,5.47361E+21,1.11934E+16,4.93944E+16
77653,9.17042E+18,9,5,62,0,2017,4,16,2,3,1,6,0,1,0,0,0,0,1,6.44615E+20,5.4954E+21,1.10011E+16,4.95939E+16
77654,9.17041E+18,9,1,75,127,2017,4,18,3,3,1,6,0,1,0,0,0,0,0,7.11651E+20,5.34145E+21,1.1848E+16,4.8191E+16
77655,9.17042E+18,9,5,77,173,2017,4,13,2,3,2,6,0,1,0,0,0,0,1,6.40995E+20,5.42235E+21,1.09253E+16,4.8938E+16
77656,9.17041E+18,9,1,78,120,2017,4,5,3,3,5,3,0,1,0,1,0,1,0,6.94783E+20,5.35282E+21,1.16265E+16,4.82986E+16
77657,9.17041E+18,9,1,78,133,2017,4,16,3,3,1,1,0,1,0,1,0,0,0,6.86694E+20,5.3665E+21,1.15236E+16,4.8424E+16
77658,9.17041E+18,9,1,77,135,2017,4,15,3,3,4,6,0,0,0,0,1,0,0,7.18633E+20,5.34572E+21,1.1944E+16,4.8227E+16
77659,9.17041E+18,9,1,75,122,2017,4,5,3,2,5,3,0,1,0,0,0,2,1,7.19768E+20,5.32727E+21,1.19497E+16,4.80609E+16
77660,9.17042E+18,9,4,75,154,2017,4,13,2,3,2,6,0,1,0,0,0,0,1,6.9812E+20,5.56788E+21,1.17779E+16,5.02299E+16
77661,9.17041E+18,9,1,62,0,2017,4,9,2,3,4,2,0,1,0,0,0,0,0,6.89012E+20,5.33196E+21,1.15395E+16,4.81128E+16
77662,9.17042E+18,9,4,79,135,2017,4,2,2,2,9,1,0,1,0,0,0,2,0,7.14701E+20,5.55546E+21,1.20031E+16,5.01125E+16
77663,9.17041E+18,9,1,62,0,2017,4,18,2,3,1,6,0,1,0,0,0,0,0,6.82885E+20,5.33961E+21,1.14605E+16,4.81834E+16
77664,9.17041E+18,9,1,84,135,2017,4,19,2,3,5,3,0,1,0,1,0,0,0,6.89841E+20,5.34732E+21,1.15574E+16,4.82506E+16
77665,9.17041E+18,9,2,77,154,2017,4,19,5,3,2,6,0,1,0,1,0,1,0,7.8385E+20,5.35774E+21,1.28284E+16,4.83091E+16
77666,9.17041E+18,9,1,62,0,2017,4,8,2,3,4,2,1,1,0,0,0,0,0,6.8807E+20,5.33499E+21,1.15282E+16,4.81404E+16
77667,9.17041E+18,9,1,62,0,2017,4,8,2,3,5,2,1,1,0,0,0,0,0,6.88513E+20,5.33421E+21,1.15338E+16,4.81332E+16
77668,9.17042E+18,9,4,64,0,2017,4,14,2,3,9,1,0,1,0,0,0,0,1,7.08267E+20,5.57437E+21,1.19236E+16,5.02846E+16
77669,9.17041E+18,9,3,75,117,2017,4,15,5,3,2,6,0,1,0,0,0,0,0,7.34276E+20,5.43202E+21,1.2203E+16,4.89966E+16
77670,9.17041E+18,9,7,75,152,2017,4,17,2,2,3,6,0,1,0,1,0,0,0,5.76689E+20,5.35286E+21,1.00346E+16,4.83243E+16
77671,9.17042E+18,9,4,73,141,2017,4,22,2,2,6,7,0,1,1,0,0,2,1,6.36308E+20,5.58241E+21,1.09171E+16,5.03779E+16
77672,9.17041E+18,9,5,76,113,2017,4,10,5,2,4,6,0,1,0,0,1,0,0,6.59848E+20,5.45461E+21,1.11954E+16,4.92234E+16
77673,9.17041E+18,9,7,75,135,2017,4,12,2,3,5,2,0,1,0,0,0,0,0,5.8144E+20,5.35611E+21,1.00993E+16,4.83529E+16
77674,9.17041E+18,9,7,79,218,2017,4,19,5,3,5,3,0,1,0,0,1,0,0,6.25767E+20,5.39356E+21,1.07087E+16,4.86824E+16
77675,9.17041E+18,9,7,75,139,2017,4,16,2,3,0,7,1,0,0,0,0,0,0,5.78091E+20,5.3655E+21,1.00558E+16,4.84378E+16
77676,9.17041E+18,9,1,80,118,2017,4,16,6,2,0,1,1,0,0,0,0,0,0,6.51104E+20,5.25846E+21,1.10049E+16,4.74621E+16
77677,9.17041E+18,9,7,78,199,2017,4,16,2,3,8,1,0,1,0,0,0,0,0,6.07331E+20,5.31878E+21,1.04392E+16,4.80133E+16
77678,9.17041E+18,9,3,73,147,2017,4,16,6,3,0,1,1,0,0,0,0,0,0,6.78745E+20,5.46389E+21,1.14588E+16,4.93015E+16
77679,9.17041E+18,9,7,64,0,2017,4,21,2,3,5,3,0,1,0,0,0,2,1,5.88388E+20,5.31659E+21,1.01848E+16,4.79965E+16
77680,9.17041E+18,9,7,64,0,2017,4,15,2,3,0,7,1,0,0,0,0,0,0,5.87792E+20,5.31676E+21,1.01769E+16,4.79981E+16
77681,9.17041E+18,9,7,63,0,2017,4,18,2,3,5,2,1,1,0,0,0,0,0,5.99204E+20,5.2867E+21,1.03229E+16,4.77261E+16
77682,9.17041E+18,9,4,61,0,2017,4,18,4,3,5,3,1,1,0,0,0,0,0,6.33785E+20,5.52955E+21,1.08631E+16,4.99033E+16
77683,9.17041E+18,9,5,72,132,2017,4,15,4,3,0,3,0,1,0,0,1,0,0,6.37459E+20,5.49334E+21,1.09015E+16,4.9577E+16
77684,9.17041E+18,9,7,72,159,2017,4,17,4,3,1,6,0,1,0,0,0,0,0,6.29215E+20,5.36034E+21,1.07452E+16,4.8383E+16
77685,9.17041E+18,9,1,75,122,2017,4,16,5,3,2,6,0,1,0,0,1,0,0,7.20488E+20,5.32446E+21,1.19579E+16,4.80353E+16
77686,9.17041E+18,9,1,82,137,2017,4,17,5,3,1,6,0,1,0,0,0,0,0,7.0916E+20,5.30475E+21,1.17966E+16,4.7862E+16
77687,9.17042E+18,9,3,74,133,2017,4,20,2,2,0,6,0,1,0,0,1,1,1,7.26252E+20,5.49698E+21,1.21303E+16,4.95831E+16
77688,9.17042E+18,9,3,74,133,2017,4,19,2,3,9,1,0,1,0,0,0,2,2,7.26283E+20,5.49704E+21,1.21307E+16,4.95835E+16
77689,9.17042E+18,9,3,77,131,2017,4,16,2,3,8,1,0,1,0,0,0,0,1,7.30042E+20,5.54463E+21,1.22108E+16,5.00095E+16
77690,9.17042E+18,9,3,63,0,2017,4,16,2,3,4,2,0,1,0,0,0,0,0,7.27978E+20,5.5074E+21,1.21601E+16,4.9676E+16
77691,9.17041E+18,9,7,80,123,2017,4,15,2,2,8,1,0,0,0,1,0,0,0,6.06521E+20,5.26468E+21,1.04151E+16,4.75268E+16
77692,9.17042E+18,9,3,73,113,2017,4,12,2,2,8,1,0,1,0,0,0,0,1,6.77066E+20,5.46934E+21,1.14381E+16,4.9351E+16
77693,9.17041E+18,9,7,72,147,2017,4,18,4,3,2,6,0,1,0,0,0,0,0,6.3909E+20,5.36406E+21,1.08797E+16,4.84144E+16
77694,9.17041E+18,9,1,78,143,2017,4,15,5,3,2,6,0,1,0,0,0,0,0,7.19071E+20,5.37302E+21,1.19641E+16,4.84721E+16
77695,9.17041E+18,9,1,87,169,2017,4,11,5,3,4,6,0,1,0,0,1,0,0,7.40467E+20,5.29858E+21,1.22111E+16,4.77956E+16
77696,9.17042E+18,9,3,73,147,2017,4,13,2,1,8,1,0,1,0,0,0,0,1,6.82748E+20,5.46529E+21,1.15144E+16,4.9313E+16
77697,9.17042E+18,9,3,75,130,2017,4,15,2,3,5,3,0,1,0,0,0,0,1,7.36409E+20,5.43573E+21,1.22343E+16,4.90291E+16
77698,9.17042E+18,9,3,76,170,2017,4,14,2,3,2,6,0,1,0,0,0,0,1,7.26143E+20,5.45991E+21,1.21076E+16,4.92501E+16
77699,9.17042E+18,9,3,76,160,2017,4,13,2,3,4,6,0,1,0,0,0,0,2,7.53905E+20,5.49017E+21,1.25077E+16,4.9511E+16
77700,9.17041E+18,9,7,77,175,2017,4,12,2,3,2,2,0,1,0,0,0,0,0,6.13882E+20,5.29376E+21,1.05204E+16,4.77871E+16
77701,9.17041E+18,9,7,77,151,2017,4,6,2,2,4,6,0,1,0,0,1,0,0,6.26709E+20,5.29392E+21,1.06917E+16,4.77862E+16
77702,9.17042E+18,9,2,76,144,2017,4,9,2,3,8,1,0,1,0,0,0,0,1,7.8361E+20,5.44824E+21,1.28874E+16,4.91214E+16
77703,9.17041E+18,9,7,76,116,2017,4,17,2,3,0,1,1,0,0,0,1,0,0,5.50869E+20,5.26889E+21,9.67635E+15,4.75714E+16
77704,9.17041E+18,9,7,63,0,2017,4,14,2,3,1,6,0,1,0,0,0,0,0,5.98499E+20,5.28793E+21,1.03138E+16,4.77372E+16
77705,9.17041E+18,9,7,80,132,2017,4,14,2,2,0,6,1,0,0,0,1,0,0,5.83784E+20,5.26768E+21,1.01137E+16,4.75571E+16
77706,9.17041E+18,9,7,80,124,2017,4,20,2,2,8,1,0,1,0,0,0,0,0,5.88728E+20,5.26898E+21,1.01797E+16,4.75682E+16
77707,9.17042E+18,9,2,76,118,2017,4,18,2,2,9,1,0,1,0,0,0,0,1,7.94798E+20,5.44106E+21,1.30351E+16,4.90518E+16
77708,9.17041E+18,9,7,79,201,2017,4,17,2,3,9,1,0,0,0,0,1,0,0,6.39654E+20,5.39623E+21,1.08981E+16,4.87034E+16
77709,9.17042E+18,9,2,78,139,2017,4,21,2,2,8,7,0,1,0,0,0,2,1,7.7216E+20,5.43088E+21,1.27191E+16,4.89708E+16
77710,9.17041E+18,9,7,72,223,2017,4,11,2,2,8,7,1,0,0,0,0,0,0,6.16081E+20,5.36349E+21,1.05688E+16,4.84139E+16
77711,9.17042E+18,9,2,75,131,2017,4,9,2,3,5,3,0,1,0,0,0,0,1,8.05146E+20,5.36594E+21,1.31209E+16,4.83728E+16
77712,9.17041E+18,9,7,72,147,2017,4,17,2,2,2,6,0,1,0,0,1,0,0,6.39704E+20,5.36524E+21,1.08884E+16,4.84248E+16
77713,9.17042E+18,9,2,72,134,2017,4,16,2,2,4,1,0,1,0,0,0,0,2,8.3568E+20,5.42406E+21,1.35789E+16,4.88785E+16
77714,9.17041E+18,9,7,72,184,2017,4,7,2,3,2,6,0,1,0,0,0,0,0,6.33756E+20,5.35905E+21,1.08061E+16,4.83705E+16
77715,9.17041E+18,9,7,71,142,2017,4,5,2,3,4,1,0,1,0,0,1,1,0,6.45797E+20,5.35075E+21,1.09657E+16,4.82932E+16
77716,9.17041E+18,9,1,90,139,2017,4,18,5,3,5,2,0,1,0,0,0,0,0,6.56129E+20,5.29654E+21,1.10851E+16,4.78033E+16
77717,9.17041E+18,9,7,71,112,2017,4,16,2,3,1,6,1,0,0,0,1,0,0,6.43163E+20,5.36714E+21,1.09358E+16,4.84411E+16
77718,9.17041E+18,9,6,79,196,2017,4,16,2,3,9,6,0,1,0,0,1,0,0,5.53384E+20,5.51365E+21,9.7414E+15,4.97729E+16
77719,9.17041E+18,9,3,76,144,2017,4,5,5,3,2,6,0,1,0,0,1,1,0,7.29807E+20,5.47919E+21,1.2169E+16,4.94219E+16
77720,9.17041E+18,9,6,79,144,2017,4,20,2,3,2,6,0,1,0,0,0,2,0,5.55219E+20,5.51304E+21,9.7668E+15,4.97673E+16
77721,9.17042E+18,9,2,77,153,2017,4,19,2,3,4,6,0,1,0,0,0,1,1,7.78315E+20,5.36467E+21,1.27585E+16,4.83737E+16
77722,9.17041E+18,9,4,72,139,2017,4,15,5,3,1,6,0,1,0,0,1,0,0,6.94777E+20,5.55535E+21,1.17247E+16,5.01184E+16
77723,9.17041E+18,9,6,63,0,2017,4,15,2,3,5,3,0,1,0,0,0,0,0,5.67095E+20,5.51686E+21,9.93236E+15,4.98005E+16
77724,9.17041E+18,9,6,61,0,2017,4,12,5,3,2,6,0,1,0,0,1,0,1,5.12986E+20,5.53426E+21,9.18105E+15,4.99605E+16
77725,9.17041E+18,9,6,79,170,2017,4,9,2,3,9,1,0,1,0,0,0,0,0,5.76911E+20,5.49819E+21,1.00651E+16,4.96314E+16
77726,9.17041E+18,9,1,62,0,2017,4,16,5,3,5,2,0,1,0,0,0,0,0,6.93275E+20,5.33143E+21,1.15964E+16,4.81068E+16