OBJECTID,UIDENTSTLA,ULAND,UREGBEZ,UKREIS,UGEMEINDE,UJAHR,UMONAT,USTUNDE,UWOCHENTAG,UKATEGORIE,UART,UTYP1,IstRad,IstPKW,IstFuss,IstKrad,IstSonstig,LICHT,STRZUSTAND,LINREFX,LINREFY,XGCSWGS84,YGCSWGS84
77727,9.17041E+18,9,6,75,141,2017,4,16,2,3,0,7,1,0,0,0,0,0,0,5.84173E+20,5.50984E+21,1.01681E+16,4.97352E+16
77728,9.17041E+18,9,6,73,142,2017,4,16,2,3,2,1,0,1,0,1,0,0,0,5.92211E+20,5.5868E+21,1.02982E+16,5.0426E+16
77729,9.17041E+18,9,1,83,148,2017,4,10,4,3,4,6,0,1,0,0,0,0,0,7.56269E+20,5.34598E+21,1.24501E+16,4.82153E+16
77730,9.17041E+18,9,2,62,0,2017,4,10,4,3,3,6,0,1,0,0,1,0,0,8.2908E+20,5.39013E+21,1.34621E+16,4.85777E+16
77731,9.17041E+18,9,5,71,136,2017,4,23,4,3,9,6,0,1,0,0,1,2,0,5.89412E+20,5.44017E+21,1.02251E+16,4.91078E+16
77732,9.17041E+18,9,6,77,129,2017,4,16,5,3,8,1,0,0,0,1,0,0,0,5.31462E+20,5.54615E+21,9.43962E+15,5.00668E+16
77733,9.17041E+18,9,1,62,0,2017,4,16,6,3,3,6,0,1,0,0,0,0,0,7.00415E+20,5.33555E+21,1.16942E+16,4.81416E+16
77734,9.17041E+18,9,2,75,127,2017,4,6,6,1,8,1,0,1,0,0,0,0,0,8.08698E+20,5.40194E+21,1.31953E+16,4.8694E+16
77735,9.17041E+18,9,6,72,139,2017,4,9,2,3,5,2,0,1,0,0,1,0,0,5.67163E+20,5.56111E+21,9.94103E+15,5.01983E+16
77736,9.17041E+18,9,6,72,127,2017,4,9,2,3,4,2,0,1,0,0,0,0,0,5.6298E+20,5.55153E+21,9.88085E+15,5.01127E+16
77737,9.17041E+18,9,6,72,127,2017,4,5,2,3,8,7,0,1,0,0,0,2,0,5.57417E+20,5.55282E+21,9.80325E+15,5.01248E+16
77738,9.17041E+18,9,6,73,127,2017,4,20,2,3,8,1,0,0,0,0,1,2,0,6.01062E+20,5.57437E+21,1.04194E+16,5.03127E+16
77739,9.17041E+18,9,7,71,113,2017,4,12,3,3,5,3,1,1,0,0,0,0,0,6.57679E+20,5.36971E+21,1.11329E+16,4.84607E+16
77740,9.17041E+18,9,7,77,151,2017,4,11,3,3,2,6,0,1,0,0,0,0,0,6.21219E+20,5.29286E+21,1.06181E+16,4.77777E+16
77741,9.17041E+18,9,5,63,0,2017,4,22,4,3,1,3,0,1,0,1,0,2,0,6.45308E+20,5.4814E+21,1.10056E+16,4.94679E+16
77742,9.17041E+18,9,6,77,135,2017,4,17,4,3,0,7,1,0,1,0,0,0,0,5.36909E+20,5.52935E+21,9.5141E+15,4.99154E+16
77743,9.17041E+18,9,1,62,0,2017,4,13,4,2,3,2,1,1,0,0,0,0,0,6.99224E+20,5.33303E+21,1.1677E+16,4.81194E+16
77744,9.17041E+18,9,1,61,0,2017,4,16,5,3,6,6,1,0,1,0,0,0,0,6.79337E+20,5.4044E+21,1.14406E+16,4.87667E+16
77745,9.17041E+18,9,1,89,124,2017,4,20,5,1,6,4,0,1,1,0,0,2,0,7.8106E+20,5.29672E+21,1.27509E+16,4.77625E+16
77746,9.17042E+18,9,2,61,0,2017,4,22,2,2,8,1,0,1,0,0,0,2,1,7.25734E+20,5.37809E+21,1.20569E+16,4.85153E+16
77747,9.17042E+18,9,2,74,176,2017,4,19,2,3,5,3,0,1,0,0,0,0,0,7.21488E+20,5.39974E+21,1.2011E+16,4.87113E+16
77748,9.17042E+18,9,1,84,132,2017,4,18,2,2,8,1,0,1,0,0,0,0,1,6.81509E+20,5.32361E+21,1.14352E+16,4.804E+16
77749,9.17041E+18,9,6,71,150,2017,4,6,2,3,3,3,0,1,0,0,1,0,0,5.17338E+20,5.53857E+21,9.24192E+15,4.99992E+16
77750,9.17042E+18,9,1,89,154,2017,4,16,2,2,5,3,0,1,0,1,0,0,1,7.68299E+20,5.31807E+21,1.25942E+16,4.79596E+16
77751,9.17041E+18,9,6,76,144,2017,4,17,2,3,1,1,0,1,0,0,0,0,0,5.08925E+20,5.52902E+21,9.12432E+15,4.99135E+16
77752,9.17042E+18,9,1,82,136,2017,4,18,2,3,5,3,0,1,0,0,0,0,1,7.03484E+20,5.30247E+21,1.17197E+16,4.78433E+16
77753,9.17041E+18,9,6,76,116,2017,4,16,2,2,5,2,0,1,0,0,0,0,0,5.18851E+20,5.50617E+21,9.26145E+15,4.97078E+16
77754,9.17041E+18,9,6,71,136,2017,4,16,2,3,2,6,0,1,0,0,1,0,0,5.0537E+20,5.53778E+21,9.07492E+15,4.99923E+16
77755,9.17041E+18,9,5,76,127,2017,4,15,2,3,3,6,0,1,0,0,0,0,0,6.63883E+20,5.45101E+21,1.12492E+16,4.919E+16
77756,9.17041E+18,9,5,76,142,2017,4,7,2,3,8,7,0,1,0,0,0,0,0,6.39127E+20,5.46333E+21,1.0914E+16,4.93068E+16
77757,9.17042E+18,9,1,85,166,2017,4,19,2,2,4,2,0,1,0,0,0,0,1,6.74381E+20,5.38357E+21,1.13644E+16,4.85809E+16
77758,9.17041E+18,9,5,72,135,2017,4,12,2,3,5,3,1,1,0,0,0,0,0,6.30742E+20,5.5073E+21,1.08132E+16,4.9704E+16
77759,9.17042E+18,9,1,62,0,2017,4,21,1,2,6,4,0,1,1,0,0,2,1,6.88513E+20,5.33484E+21,1.1534E+16,4.81389E+16
77760,9.17041E+18,9,5,65,0,2017,4,17,2,3,2,6,0,1,0,0,0,0,0,6.48655E+20,5.46506E+21,1.10456E+16,4.93202E+16
77761,9.17042E+18,9,1,62,0,2017,4,14,1,3,0,7,1,0,0,0,0,0,1,6.87832E+20,5.34338E+21,1.15287E+16,4.82158E+16
77762,9.17041E+18,9,5,74,154,2017,4,11,2,3,5,3,1,1,0,0,0,0,0,6.62383E+20,5.48475E+21,1.12424E+16,4.94937E+16
77763,9.17042E+18,9,7,78,202,2017,4,20,1,3,8,1,0,1,0,0,0,2,1,5.89552E+20,5.31688E+21,1.02005E+16,4.79989E+16
77764,9.17041E+18,9,5,74,138,2017,4,17,2,2,0,1,1,0,0,0,0,0,0,6.64424E+20,5.49014E+21,1.12728E+16,4.95415E+16
77765,9.17041E+18,9,5,76,113,2017,4,18,2,3,2,6,0,1,0,0,0,0,0,6.60153E+20,5.45488E+21,1.11996E+16,4.92258E+16
77766,9.17042E+18,9,7,74,135,2017,4,11,1,3,3,6,0,1,0,0,0,0,0,5.94874E+20,5.36492E+21,1.02826E+16,4.84303E+16
77767,9.17041E+18,9,5,63,0,2017,4,8,2,3,1,6,0,1,0,1,0,0,0,6.44006E+20,5.4806E+21,1.09873E+16,4.9461E+16
77768,9.17041E+18,9,5,63,0,2017,4,9,2,3,8,6,0,1,0,0,0,0,0,6.38719E+20,5.48239E+21,1.0915E+16,4.94783E+16
77769,9.17041E+18,9,5,64,0,2017,4,15,2,3,2,6,0,1,0,0,0,0,0,6.48854E+20,5.4812E+21,1.10544E+16,4.94652E+16
77770,9.17041E+18,9,2,75,126,2017,4,10,5,3,2,7,0,1,0,0,0,0,0,8.4111E+20,5.39842E+21,1.36315E+16,4.86456E+16
77771,9.17041E+18,9,5,73,134,2017,4,9,2,3,5,3,0,1,0,0,0,0,0,6.40753E+20,5.47757E+21,1.09414E+16,4.94345E+16
77772,9.17042E+18,9,7,74,198,2017,4,14,1,3,9,7,0,1,0,0,0,0,1,6.12353E+20,5.34939E+21,1.05146E+16,4.82877E+16
77773,9.17041E+18,9,3,74,166,2017,4,13,5,2,3,6,0,1,0,0,1,0,0,7.11999E+20,5.50505E+21,1.19377E+16,4.96607E+16
77774,9.17041E+18,9,5,71,216,2017,4,17,2,3,5,3,0,1,0,0,0,0,0,6.19948E+20,5.45102E+21,1.06466E+16,4.92002E+16
77775,9.17041E+18,9,5,76,121,2017,4,12,5,3,1,6,0,1,0,0,0,0,0,6.46936E+20,5.45017E+21,1.10165E+16,4.91867E+16
77776,9.17041E+18,9,5,77,122,2017,4,16,2,2,4,2,0,1,0,0,0,0,0,6.28932E+20,5.43304E+21,1.07641E+16,4.90368E+16
77777,9.17042E+18,9,7,74,150,2017,4,11,1,3,5,3,0,1,0,0,0,0,0,6.01223E+20,5.34392E+21,1.03633E+16,4.82404E+16
77778,9.17041E+18,9,5,71,165,2017,4,17,2,2,9,1,0,0,0,1,0,0,0,6.33042E+20,5.46411E+21,1.08306E+16,4.93153E+16
77779,9.17042E+18,9,7,62,0,2017,4,12,1,2,4,1,0,1,0,0,0,0,1,6.23964E+20,5.3052E+21,1.06583E+16,4.78882E+16
77780,9.17041E+18,9,5,71,180,2017,4,17,2,2,4,6,0,1,0,1,0,0,0,6.3027E+20,5.462E+21,1.07918E+16,4.92968E+16
77781,9.17041E+18,9,5,71,190,2017,4,9,2,2,2,6,0,1,0,1,0,0,0,6.26646E+20,5.46528E+21,1.0743E+16,4.93271E+16
77782,9.17041E+18,9,5,71,115,2017,4,7,2,3,5,3,0,1,0,0,0,0,0,6.14873E+20,5.44409E+21,1.05749E+16,4.91389E+16
77783,9.17041E+18,9,2,78,118,2017,4,15,5,3,0,2,0,1,0,0,1,0,0,7.68022E+20,5.42493E+21,1.26588E+16,4.89193E+16
77784,9.17041E+18,9,4,79,136,2017,4,13,2,3,2,6,0,1,0,0,0,0,0,7.20536E+20,5.54305E+21,1.20774E+16,4.99989E+16
77785,9.17041E+18,9,4,76,179,2017,4,13,2,3,9,1,0,0,0,1,0,0,0,6.60238E+20,5.59323E+21,1.1258E+16,5.04692E+16
77786,9.17042E+18,9,7,71,130,2017,4,21,1,3,8,6,0,1,0,0,0,2,1,6.44932E+20,5.36301E+21,1.09583E+16,4.84036E+16
77787,9.17041E+18,9,3,63,0,2017,4,18,5,3,8,1,0,1,0,0,0,0,0,7.22268E+20,5.50922E+21,1.20821E+16,4.96944E+16
77788,9.17041E+18,9,4,74,154,2017,4,16,2,2,4,7,0,1,0,0,0,0,0,6.54515E+20,5.49694E+21,1.11386E+16,4.96053E+16
77789,9.17042E+18,9,7,72,121,2017,4,17,1,3,8,1,0,1,0,0,0,0,1,6.2995E+20,5.37245E+21,1.07589E+16,4.84917E+16
77790,9.17041E+18,9,5,72,111,2017,4,6,5,2,5,3,0,1,0,0,1,0,0,6.35587E+20,5.50715E+21,1.08803E+16,4.97016E+16
77791,9.17041E+18,9,3,77,141,2017,4,15,2,3,3,6,0,1,0,0,1,0,0,7.31406E+20,5.53655E+21,1.22249E+16,4.99364E+16
77792,9.17041E+18,9,7,74,117,2017,4,14,5,3,4,3,1,1,0,0,0,0,0,5.97847E+20,5.34306E+21,1.03177E+16,4.82332E+16
77793,9.17041E+18,9,3,77,158,2017,4,8,2,2,6,4,0,1,1,0,0,0,0,7.36873E+20,5.54425E+21,1.23057E+16,5.00034E+16
77794,9.17041E+18,9,1,80,129,2017,4,12,6,3,3,6,0,1,0,0,0,0,0,6.51481E+20,5.28246E+21,1.10182E+16,4.76778E+16
77795,9.17041E+18,9,3,63,0,2017,4,19,2,3,5,3,0,1,0,1,0,2,1,7.27472E+20,5.5058E+21,1.21522E+16,4.96618E+16
77796,9.17041E+18,9,3,62,0,2017,4,15,2,3,3,6,0,1,0,0,0,0,0,7.23868E+20,5.43258E+21,1.20612E+16,4.90055E+16
77797,9.17041E+18,9,2,77,153,2017,4,10,4,1,4,6,0,0,0,1,1,0,0,7.82295E+20,5.36191E+21,1.28103E+16,4.83472E+16
77798,9.17041E+18,9,4,73,121,2017,4,16,4,1,4,6,0,1,0,0,1,0,0,6.47399E+20,5.56472E+21,1.10661E+16,5.02162E+16
77799,9.17041E+18,9,6,71,143,2017,4,16,4,3,5,3,0,1,0,0,0,0,0,5.14287E+20,5.55032E+21,9.19979E+15,5.0105E+16
77800,9.17041E+18,9,7,79,194,2017,4,16,4,3,5,3,0,1,0,0,0,0,0,6.08696E+20,5.41122E+21,1.04815E+16,4.88444E+16
77801,9.17041E+18,9,1,78,143,2017,4,19,5,2,0,7,0,0,0,0,1,1,0,7.13306E+20,5.37212E+21,1.18857E+16,4.8466E+16
77802,9.17042E+18,9,7,71,146,2017,4,17,1,2,0,3,0,1,0,0,0,0,1,6.45921E+20,5.34573E+21,1.09656E+16,4.8248E+16
77803,9.17042E+18,9,6,79,196,2017,4,18,1,2,2,6,0,1,0,0,0,0,1,5.54215E+20,5.5134E+21,9.75291E+15,4.97706E+16
77804,9.17042E+18,9,6,77,129,2017,4,20,1,3,9,1,0,1,0,0,0,1,1,5.33166E+20,5.5485E+21,9.46362E+15,5.00879E+16
77805,9.17042E+18,9,6,77,148,2017,4,15,1,3,8,1,0,1,0,0,0,0,1,5.53346E+20,5.5385E+21,9.7443E+15,4.99965E+16
77806,9.17041E+18,9,3,62,0,2017,4,10,2,3,1,6,0,1,0,0,0,0,0,7.24965E+20,5.43534E+21,1.20778E+16,4.90299E+16
77807,9.17041E+18,9,3,76,161,2017,4,23,2,2,2,6,0,1,0,0,1,2,0,7.28965E+20,5.4692E+21,1.21517E+16,4.93325E+16
77808,9.17042E+18,9,6,72,117,2017,4,13,1,3,9,7,0,1,0,0,0,0,0,5.71268E+20,5.56772E+21,9.99979E+15,5.02573E+16
77809,9.17041E+18,9,3,76,117,2017,4,16,2,3,2,1,0,1,0,0,1,0,0,7.39834E+20,5.46115E+21,1.22962E+16,4.92561E+16
77810,9.17042E+18,9,6,61,0,2017,4,20,1,3,5,3,0,1,0,1,0,1,1,5.12766E+20,5.53642E+21,9.17805E+15,4.998E+16
77811,9.17041E+18,9,3,76,170,2017,4,17,2,2,3,7,0,0,0,1,1,0,0,7.24465E+20,5.45917E+21,1.20842E+16,4.92441E+16
77812,9.17042E+18,9,5,76,147,2017,4,7,1,3,9,1,0,1,0,0,0,0,1,6.38659E+20,5.44965E+21,1.09028E+16,4.9184E+16
77813,9.17041E+18,9,3,71,136,2017,4,18,2,3,2,6,0,1,0,0,0,0,0,7.10482E+20,5.47683E+21,1.19016E+16,4.94078E+16
77814,9.17042E+18,9,5,64,0,2017,4,21,1,3,2,6,0,1,0,0,0,2,0,6.44592E+20,5.47797E+21,1.09944E+16,4.94372E+16
77815,9.17041E+18,9,3,61,0,2017,4,10,2,3,2,6,0,1,0,0,0,0,0,7.08188E+20,5.48059E+21,1.1872E+16,4.94423E+16
77816,9.17041E+18,9,2,71,125,2017,4,9,2,3,2,6,0,1,0,0,0,0,0,7.99992E+20,5.40797E+21,1.30817E+16,4.87523E+16
77817,9.17042E+18,9,5,77,125,2017,4,21,1,3,5,2,0,1,0,0,0,2,1,6.43763E+20,5.43608E+21,1.0968E+16,4.90608E+16
77818,9.17041E+18,9,2,71,125,2017,4,16,2,3,2,6,0,1,0,0,0,0,0,7.98382E+20,5.40885E+21,1.30605E+16,4.87611E+16
77819,9.17041E+18,9,2,76,123,2017,4,11,2,3,8,6,0,1,0,1,0,0,0,7.91052E+20,5.43006E+21,1.29761E+16,4.89549E+16
77820,9.17042E+18,9,5,77,177,2017,4,20,1,3,4,2,0,1,0,0,0,0,1,6.45113E+20,5.43226E+21,1.09851E+16,4.90261E+16
77821,9.17041E+18,9,2,76,138,2017,4,14,2,3,2,2,0,1,0,0,0,0,0,8.06732E+20,5.4348E+21,1.31933E+16,4.89898E+16
77822,9.17042E+18,9,4,79,159,2017,4,17,1,3,9,1,0,1,0,0,0,0,1,7.21073E+20,5.55718E+21,1.20931E+16,5.01256E+16
77823,9.17042E+18,9,4,79,126,2017,4,17,1,3,9,1,0,1,0,0,0,0,2,7.22058E+20,5.55259E+21,1.21041E+16,5.0084E+16
77824,9.17041E+18,9,2,71,119,2017,4,18,2,2,4,2,0,1,0,0,0,0,0,7.90337E+20,5.41738E+21,1.29573E+16,4.88414E+16
77825,9.17042E+18,9,3,73,112,2017,4,14,1,3,2,6,0,1,0,0,0,0,0,6.78528E+20,5.44195E+21,1.1446E+16,4.91044E+16
77826,9.17041E+18,9,2,78,118,2017,4,15,2,3,6,4,0,0,1,1,0,0,0,7.68011E+20,5.42493E+21,1.26587E+16,4.89193E+16
77827,9.17042E+18,9,2,76,117,2017,4,12,1,3,5,3,0,1,0,0,0,0,0,8.00185E+20,5.44163E+21,1.31091E+16,4.90543E+16
77828,9.17041E+18,9,2,75,159,2017,4,7,2,3,3,6,0,1,0,0,1,0,0,8.11662E+20,5.40013E+21,1.32342E+16,4.86763E+16
77829,9.17041E+18,9,2,75,154,2017,4,15,2,3,0,3,0,1,0,1,0,0,0,8.08476E+20,5.39433E+21,1.31867E+16,4.86259E+16
77830,9.17041E+18,9,2,75,154,2017,4,16,2,3,1,6,0,1,0,1,0,0,0,8.04291E+20,5.3911E+21,1.31276E+16,4.85989E+16
77831,9.17042E+18,9,2,77,117,2017,4,22,1,1,4,6,0,1,0,0,0,2,1,8.00388E+20,5.38563E+21,1.30709E+16,4.85517E+16
77832,9.17041E+18,9,2,62,0,2017,4,22,2,3,2,6,0,1,0,0,0,2,0,8.25905E+20,5.38754E+21,1.34172E+16,4.85561E+16
77833,9.17042E+18,9,2,62,0,2017,4,23,1,3,4,2,0,1,0,0,0,2,1,8.25633E+20,5.38992E+21,1.34154E+16,4.85776E+16
77834,9.17041E+18,9,2,77,119,2017,4,15,2,3,5,3,0,1,0,0,0,0,0,7.76121E+20,5.37641E+21,1.27367E+16,4.84801E+16
77835,9.17042E+18,9,2,77,133,2017,4,21,1,1,6,4,0,1,1,0,0,2,1,7.68273E+20,5.36734E+21,1.26249E+16,4.8402E+16
77836,9.17041E+18,9,2,79,112,2017,4,11,2,2,7,1,0,0,0,0,1,0,0,7.58199E+20,5.39559E+21,1.25065E+16,4.86599E+16
77837,9.17041E+18,9,2,79,132,2017,4,9,2,3,3,1,0,1,0,0,0,0,0,7.70038E+20,5.39997E+21,1.26699E+16,4.86943E+16
77838,9.17041E+18,9,2,73,147,2017,4,13,2,3,0,1,0,0,0,0,1,0,0,7.04539E+20,5.39205E+21,1.17771E+16,4.8648E+16
77839,9.17041E+18,9,2,61,0,2017,4,12,2,3,6,4,0,1,1,0,0,0,0,7.32132E+20,5.37997E+21,1.21444E+16,4.85299E+16
77840,9.17041E+18,9,2,74,112,2017,4,13,5,3,8,1,0,1,0,0,0,0,0,7.54334E+20,5.37996E+21,1.24446E+16,4.85212E+16
77841,9.17041E+18,9,1,84,132,2017,4,5,2,2,9,7,0,1,0,0,0,0,0,6.81556E+20,5.32363E+21,1.14358E+16,4.80401E+16
77842,9.17041E+18,9,1,73,134,2017,4,14,2,3,5,3,0,1,0,0,0,0,0,6.85477E+20,5.30055E+21,1.14785E+16,4.78315E+16
77843,9.17041E+18,9,3,75,117,2017,4,15,5,3,2,6,0,1,0,0,0,0,0,7.34227E+20,5.43204E+21,1.22024E+16,4.89967E+16
77844,9.17041E+18,9,1,83,140,2017,4,17,2,2,4,6,0,1,0,0,0,0,0,7.40488E+20,5.3404E+21,1.22348E+16,4.81713E+16
77845,9.17042E+18,9,2,79,132,2017,4,2,1,3,8,7,0,1,0,0,0,2,1,7.69579E+20,5.40314E+21,1.26657E+16,4.87229E+16
77846,9.17041E+18,9,5,75,122,2017,4,16,5,3,8,1,0,1,0,0,0,0,0,5.93375E+20,5.48549E+21,1.029E+16,4.95148E+16
77847,9.17041E+18,9,1,89,149,2017,4,17,2,2,2,6,0,1,0,0,0,0,0,7.66018E+20,5.33003E+21,1.25711E+16,4.8068E+16
77848,9.17042E+18,9,1,83,128,2017,4,12,1,3,5,3,0,1,0,0,0,0,0,7.61514E+20,5.35226E+21,1.25244E+16,4.82695E+16
77849,9.17041E+18,9,6,77,154,2017,4,17,5,3,2,6,0,1,0,0,0,0,0,5.42938E+20,5.51784E+21,9.59681E+15,4.98115E+16
77850,9.17041E+18,9,1,71,112,2017,4,5,2,3,9,6,0,0,0,0,1,0,0,7.84008E+20,5.34392E+21,1.28213E+16,4.81849E+16
77851,9.17041E+18,9,1,87,179,2017,4,16,4,3,1,6,0,1,0,0,1,0,0,7.23316E+20,5.30887E+21,1.19877E+16,4.78943E+16
77852,9.17041E+18,9,2,73,166,2017,4,23,4,2,8,1,0,1,0,0,0,2,0,7.15014E+20,5.42131E+21,1.19344E+16,4.89074E+16
77853,9.17041E+18,9,3,61,0,2017,4,19,4,3,5,3,1,0,0,0,1,0,0,7.09803E+20,5.48093E+21,1.18945E+16,4.94448E+16
77854,9.17041E+18,9,5,76,126,2017,4,20,4,1,8,1,0,0,0,1,0,2,0,6.54499E+20,5.44365E+21,1.11177E+16,4.91262E+16
77855,9.17041E+18,9,6,79,176,2017,4,8,4,3,5,3,0,1,0,0,1,0,0,5.6791E+20,5.50732E+21,9.94201E+15,4.97146E+16
77856,9.17042E+18,9,1,72,130,2017,4,12,1,3,9,1,0,1,0,0,0,0,1,7.94579E+20,5.30756E+21,1.29382E+16,4.78538E+16
77857,9.17042E+18,9,1,87,159,2017,4,13,1,3,8,1,0,1,0,0,0,0,1,7.3148E+20,5.32957E+21,1.21079E+16,4.80773E+16
77858,9.17041E+18,9,3,76,150,2017,4,14,4,2,2,7,0,0,0,0,1,0,0,7.33293E+20,5.49572E+21,1.22268E+16,4.95691E+16
77859,9.17041E+18,9,5,72,131,2017,4,10,4,3,5,3,0,1,0,0,0,0,0,6.57806E+20,5.49253E+21,1.11824E+16,4.95648E+16
77860,9.17041E+18,9,7,72,147,2017,4,12,4,3,3,6,1,1,0,0,0,0,0,6.38956E+20,5.36524E+21,1.08783E+16,4.8425E+16
77861,9.17041E+18,9,1,62,0,2017,4,19,4,3,3,2,1,0,0,0,1,1,0,6.92051E+20,5.33146E+21,1.158E+16,4.81074E+16
77862,9.17041E+18,9,1,86,137,2017,4,12,5,3,2,6,0,1,0,0,0,0,0,6.82666E+20,5.39862E+21,1.14833E+16,4.87138E+16
77863,9.17041E+18,9,1,73,135,2017,4,22,5,3,8,1,0,1,0,0,0,2,0,6.93068E+20,5.28402E+21,1.15725E+16,4.76808E+16
77864,9.17042E+18,9,1,76,137,2017,4,15,1,2,0,1,0,1,0,0,0,0,1,6.73491E+20,5.42995E+21,1.1372E+16,4.89981E+16
77865,9.17042E+18,9,1,86,143,2017,4,18,1,3,8,1,0,1,0,0,0,0,1,6.82744E+20,5.37981E+21,1.14761E+16,4.85447E+16
77866,9.17042E+18,9,1,79,123,2017,4,12,1,3,5,2,0,1,0,0,0,0,1,6.77443E+20,5.33197E+21,1.13842E+16,4.81162E+16
77867,9.17041E+18,9,1,71,112,2017,4,5,2,2,3,6,0,1,0,0,1,1,0,7.84191E+20,5.34377E+21,1.28237E+16,4.81835E+16
77868,9.17042E+18,9,1,74,126,2017,4,18,1,3,1,3,0,1,0,0,0,0,1,6.83072E+20,5.34448E+21,1.14651E+16,4.82271E+16
77869,9.17041E+18,9,1,71,126,2017,4,8,2,3,2,6,0,1,0,0,0,0,0,7.79011E+20,5.35303E+21,1.27602E+16,4.82689E+16
77870,9.17041E+18,9,1,82,120,2017,4,11,2,3,2,6,0,1,0,0,0,0,0,7.03173E+20,5.30938E+21,1.17188E+16,4.79056E+16
77871,9.17041E+18,9,1,87,126,2017,4,14,2,2,2,6,0,1,0,0,0,0,0,7.42354E+20,5.32173E+21,1.22493E+16,4.80029E+16
77872,9.17041E+18,9,1,87,126,2017,4,14,2,3,5,3,0,1,0,0,0,0,0,7.4236E+20,5.32171E+21,1.22493E+16,4.80027E+16
77873,9.17041E+18,9,1,87,138,2017,4,16,2,2,0,7,1,0,0,0,0,0,0,7.55756E+20,5.30965E+21,1.24214E+16,4.78891E+16
77874,9.17042E+18,9,1,84,130,2017,4,4,1,2,0,7,0,1,0,0,0,2,1,6.97467E+20,5.34239E+21,1.16578E+16,4.8204E+16
77875,9.17041E+18,9,1,82,131,2017,4,18,2,3,2,6,0,1,0,0,0,0,0,7.13866E+20,5.29122E+21,1.18528E+16,4.77388E+16
77876,9.17042E+18,9,1,78,124,2017,4,13,1,3,9,6,0,1,0,0,0,0,0,7.0239E+20,5.35962E+21,1.17322E+16,4.83573E+16
77877,9.17041E+18,9,1,87,157,2017,4,17,2,2,8,1,0,0,0,1,0,0,0,7.31209E+20,5.2844E+21,1.20801E+16,4.76716E+16
77878,9.17042E+18,9,1,78,120,2017,4,18,1,3,3,6,0,1,0,0,0,0,1,6.95171E+20,5.35277E+21,1.16317E+16,4.8298E+16
77879,9.17041E+18,9,1,82,120,2017,4,11,2,3,6,7,1,0,1,0,0,0,0,7.01921E+20,5.30626E+21,1.17006E+16,4.78779E+16
77880,9.17041E+18,9,1,87,131,2017,4,16,2,3,5,3,0,1,0,0,0,0,0,7.34356E+20,5.29187E+21,1.2126E+16,4.77376E+16
77881,9.17042E+18,9,1,84,145,2017,4,14,7,3,2,6,0,1,0,0,0,0,1,6.98203E+20,5.32444E+21,1.16593E+16,4.80424E+16
77882,9.17041E+18,9,1,76,129,2017,4,22,2,3,2,6,0,1,0,0,0,2,0,6.83314E+20,5.40553E+21,1.14952E+16,4.87757E+16
77883,9.17041E+18,9,1,86,137,2017,4,10,2,2,2,6,0,1,0,0,0,0,0,6.83951E+20,5.40079E+21,1.15017E+16,4.8733E+16
77884,9.17042E+18,9,1,88,127,2017,4,9,7,2,2,6,0,1,0,0,0,0,0,6.79537E+20,5.32957E+21,1.14113E+16,4.80941E+16
77885,9.17041E+18,9,1,61,0,2017,4,16,2,3,0,1,0,0,0,1,0,0,0,6.80165E+20,5.40297E+21,1.14512E+16,4.87536E+16
77886,9.17041E+18,9,1,86,151,2017,4,9,2,3,9,1,0,1,0,0,0,0,0,6.78483E+20,5.37384E+21,1.14158E+16,4.84923E+16
77887,9.17041E+18,9,1,85,153,2017,4,9,2,2,5,3,0,1,0,0,0,0,0,6.51531E+20,5.40413E+21,1.10624E+16,4.87717E+16
77888,9.17041E+18,9,2,71,146,2017,4,15,5,3,2,6,0,1,0,0,0,0,0,7.84557E+20,5.40987E+21,1.28735E+16,4.87767E+16
77889,9.17041E+18,9,1,85,149,2017,4,12,2,3,0,3,0,1,0,0,0,0,0,6.6543E+20,5.39827E+21,1.1249E+16,4.87155E+16
77890,9.17042E+18,9,1,84,132,2017,4,12,7,3,2,6,0,1,0,0,0,0,0,6.83126E+20,5.32884E+21,1.14591E+16,4.80865E+16
77891,9.17041E+18,9,4,71,159,2017,4,9,5,2,5,3,1,1,0,0,0,0,0,6.38636E+20,5.53178E+21,1.09314E+16,4.99223E+16
77892,9.17041E+18,9,7,80,139,2017,4,12,3,3,2,6,0,1,0,0,1,0,0,5.95565E+20,5.26352E+21,1.02693E+16,4.75181E+16
77893,9.17041E+18,9,1,75,115,2017,4,21,4,3,8,1,0,1,0,0,0,2,0,7.18752E+20,5.33494E+21,1.194E+16,4.81301E+16
77894,9.17041E+18,9,1,72,114,2017,4,15,4,3,2,2,0,1,0,0,0,0,0,7.95106E+20,5.29819E+21,1.29389E+16,4.77694E+16
77895,9.17041E+18,9,2,75,143,2017,4,17,4,3,2,6,0,1,0,0,0,0,0,8.09604E+20,5.36827E+21,1.31826E+16,4.83915E+16
77896,9.17041E+18,9,5,61,0,2017,4,7,4,3,4,2,0,1,0,0,0,0,0,6.15257E+20,5.4625E+21,1.05855E+16,4.93043E+16
77897,9.17041E+18,9,1,86,162,2017,4,17,2,3,5,3,0,1,0,0,0,0,0,6.94051E+20,5.38578E+21,1.16319E+16,4.8595E+16
77898,9.17041E+18,9,1,83,128,2017,4,16,4,3,3,2,1,0,0,0,1,0,0,7.61679E+20,5.35028E+21,1.25254E+16,4.82516E+16