OBJECTID,UIDENTSTLA,ULAND,UREGBEZ,UKREIS,UGEMEINDE,UJAHR,UMONAT,USTUNDE,UWOCHENTAG,UKATEGORIE,UART,UTYP1,IstRad,IstPKW,IstFuss,IstKrad,IstSonstig,LICHT,STRZUSTAND,LINREFX,LINREFY,XGCSWGS84,YGCSWGS84
77899,9.17041E+18,9,2,62,0,2017,4,16,4,3,2,6,0,1,0,0,0,0,0,8.26471E+20,5.38819E+21,1.34253E+16,4.85617E+16
77900,9.17041E+18,9,5,75,115,2017,4,16,4,3,8,1,0,1,0,0,0,0,0,5.96837E+20,5.4796E+21,1.03364E+16,4.94614E+16
77901,9.17041E+18,9,6,72,139,2017,4,17,4,3,9,7,0,1,0,0,0,0,0,5.66441E+20,5.56067E+21,9.93084E+15,5.01945E+16
77902,9.17041E+18,9,7,78,165,2017,4,21,4,3,5,3,0,1,0,1,0,2,0,5.84524E+20,5.30108E+21,1.013E+16,4.78575E+16
77903,9.17041E+18,9,1,76,153,2017,4,13,5,2,5,3,1,1,0,0,0,0,0,6.97011E+20,5.4105E+21,1.16838E+16,4.88163E+16
77904,9.17042E+18,9,1,62,0,2017,4,19,7,3,5,3,1,1,0,0,0,0,0,6.92069E+20,5.34053E+21,1.15844E+16,4.8189E+16
77905,9.17042E+18,9,1,62,0,2017,4,18,7,3,5,2,0,1,0,0,1,0,1,6.86255E+20,5.33178E+21,1.15024E+16,4.81121E+16
77906,9.17042E+18,9,1,84,142,2017,4,12,7,2,5,3,1,1,0,0,0,0,0,6.8299E+20,5.31828E+21,1.14528E+16,4.79916E+16
77907,9.17041E+18,9,1,86,139,2017,4,19,2,2,4,6,0,1,0,1,0,0,0,6.9488E+20,5.40259E+21,1.1651E+16,4.87458E+16
77908,9.17041E+18,9,1,88,145,2017,4,18,2,2,0,7,1,0,0,0,0,0,1,6.642E+20,5.32544E+21,1.12039E+16,4.80611E+16
77909,9.17042E+18,9,7,75,111,2017,4,20,7,3,9,1,0,1,0,0,0,2,1,5.83067E+20,5.33375E+21,1.01168E+16,4.81516E+16
77910,9.17041E+18,9,1,88,132,2017,4,11,2,2,5,2,0,1,0,1,0,0,0,6.64455E+20,5.32205E+21,1.1206E+16,4.80306E+16
77911,9.17042E+18,9,7,75,111,2017,4,10,7,3,0,7,1,0,0,0,0,0,0,5.82595E+20,5.33459E+21,1.01107E+16,4.81592E+16
77912,9.17041E+18,9,1,88,124,2017,4,10,2,2,5,2,0,0,0,1,1,0,0,6.61879E+20,5.31621E+21,1.11692E+16,4.79787E+16
77913,9.17042E+18,9,7,80,121,2017,4,19,7,3,3,6,1,1,0,0,0,2,1,5.95924E+20,5.25709E+21,1.02727E+16,4.74602E+16
77914,9.17041E+18,9,1,88,120,2017,4,11,2,3,0,5,1,1,0,0,0,0,0,6.78371E+20,5.32766E+21,1.13948E+16,4.80773E+16
77915,9.17041E+18,9,1,74,115,2017,4,19,2,3,3,2,0,1,0,1,0,0,0,6.81108E+20,5.34736E+21,1.14399E+16,4.82536E+16
77916,9.17042E+18,9,7,79,178,2017,4,18,7,3,5,3,0,1,0,0,0,0,0,6.43127E+20,5.40058E+21,1.09468E+16,4.87418E+16
77917,9.17041E+18,9,1,75,132,2017,4,18,2,3,0,7,1,0,0,0,0,0,0,7.06227E+20,5.33103E+21,1.177E+16,4.80991E+16
77918,9.17041E+18,9,1,78,157,2017,4,17,2,3,7,7,0,0,0,1,0,0,0,6.9893E+20,5.37098E+21,1.16909E+16,4.84605E+16
77919,9.17042E+18,9,1,85,153,2017,4,17,7,2,8,1,0,0,0,1,0,0,0,6.43741E+20,5.40823E+21,1.09579E+16,4.88104E+16
77920,9.17041E+18,9,1,88,120,2017,4,12,1,3,5,3,1,0,0,0,0,0,0,6.78643E+20,5.32825E+21,1.13987E+16,4.80825E+16
77921,9.17041E+18,9,1,62,0,2017,4,20,1,3,2,6,0,1,0,0,0,2,0,6.88898E+20,5.34011E+21,1.15415E+16,4.81861E+16
77922,9.17041E+18,9,1,62,0,2017,4,19,1,3,1,5,0,1,0,0,1,1,0,7.01577E+20,5.33225E+21,1.17082E+16,4.81116E+16
77923,9.17041E+18,9,7,78,205,2017,4,15,1,3,3,6,0,1,0,0,1,0,0,5.94437E+20,5.31922E+21,1.02665E+16,4.80193E+16
77924,9.17041E+18,9,2,72,120,2017,4,15,5,3,8,6,0,1,0,0,1,0,0,8.22867E+20,5.42006E+21,1.34015E+16,4.88494E+16
77925,9.17041E+18,9,2,74,183,2017,4,18,6,3,5,3,0,1,0,0,0,0,0,7.40883E+20,5.36233E+21,1.22526E+16,4.83681E+16
77926,9.17041E+18,9,7,75,139,2017,4,10,1,3,0,6,0,1,0,0,0,0,0,5.79848E+20,5.36779E+21,1.008E+16,4.84582E+16
77927,9.17041E+18,9,7,75,143,2017,4,13,1,3,5,3,0,1,0,0,0,0,0,5.89389E+20,5.35705E+21,1.02067E+16,4.83603E+16
77928,9.17041E+18,9,7,75,162,2017,4,16,1,2,5,7,0,1,0,1,0,0,0,5.81024E+20,5.34783E+21,1.00921E+16,4.82785E+16
77929,9.17041E+18,9,6,79,193,2017,4,10,3,3,3,6,0,1,0,0,1,0,0,5.75291E+20,5.5117E+21,1.00452E+16,4.97531E+16
77930,9.17041E+18,9,7,63,0,2017,4,17,1,3,0,2,1,1,0,0,0,0,0,5.99474E+20,5.28552E+21,1.03262E+16,4.77154E+16
77931,9.17041E+18,9,7,63,0,2017,4,18,1,3,0,1,1,0,0,0,0,0,0,5.99427E+20,5.2852E+21,1.03255E+16,4.77125E+16
77932,9.17042E+18,9,7,73,137,2017,4,4,7,2,9,1,0,1,0,0,0,2,0,6.00136E+20,5.38514E+21,1.03585E+16,4.86113E+16
77933,9.17041E+18,9,7,76,129,2017,4,17,1,2,3,2,0,1,0,1,0,0,0,5.69648E+20,5.27091E+21,9.92632E+15,4.75879E+16
77934,9.17041E+18,9,7,76,124,2017,4,16,1,3,0,2,0,1,0,1,0,0,0,5.72237E+20,5.27649E+21,9.96167E+15,4.76378E+16
77935,9.17042E+18,9,7,71,129,2017,4,4,7,2,8,1,0,1,0,0,0,2,0,6.57906E+20,5.35624E+21,1.11309E+16,4.83396E+16
77936,9.17041E+18,9,7,76,117,2017,4,15,1,2,0,1,1,0,0,0,0,0,0,5.65087E+20,5.27377E+21,9.86609E+15,4.76141E+16
77937,9.17041E+18,9,7,79,194,2017,4,14,1,3,0,7,1,0,0,0,0,0,0,6.068E+20,5.40762E+21,1.04547E+16,4.88124E+16
77938,9.17041E+18,9,7,79,154,2017,4,18,1,3,0,7,0,0,0,1,0,0,0,6.2216E+20,5.42456E+21,1.06689E+16,4.89618E+16
77939,9.17041E+18,9,7,73,182,2017,4,1,1,1,9,1,0,1,0,0,0,2,0,6.26535E+20,5.38025E+21,1.0715E+16,4.85625E+16
77940,9.17041E+18,9,2,75,128,2017,4,17,5,3,5,3,0,1,0,0,0,0,0,8.30204E+20,5.4002E+21,1.34853E+16,4.86674E+16
77941,9.17041E+18,9,7,61,0,2017,4,20,1,3,2,6,0,1,0,0,0,2,0,6.38436E+20,5.35673E+21,1.08685E+16,4.83486E+16
77942,9.17042E+18,9,7,61,0,2017,4,18,7,3,2,6,0,1,0,0,0,0,0,6.40447E+20,5.36032E+21,1.08968E+16,4.83804E+16
77943,9.17041E+18,9,3,62,0,2017,4,16,5,3,2,6,0,1,0,0,0,0,0,7.27032E+20,5.43119E+21,1.21037E+16,4.89919E+16
77944,9.17041E+18,9,7,72,159,2017,4,15,1,2,2,6,1,1,0,0,0,0,0,6.26729E+20,5.36191E+21,1.07121E+16,4.83976E+16
77945,9.17042E+18,9,6,75,147,2017,4,18,7,2,1,5,0,1,0,0,0,0,0,5.83052E+20,5.503E+21,1.01511E+16,4.96738E+16
77946,9.17041E+18,9,5,74,123,2017,4,10,5,2,0,1,1,0,0,0,0,0,1,6.60574E+20,5.47117E+21,1.1212E+16,4.9372E+16
77947,9.17041E+18,9,7,72,177,2017,4,15,1,2,5,3,0,1,0,1,0,0,0,6.37405E+20,5.37996E+21,1.08622E+16,4.85577E+16
77948,9.17041E+18,9,1,84,123,2017,4,16,3,3,2,6,0,1,0,0,0,0,0,7.03765E+20,5.33454E+21,1.17387E+16,4.81314E+16
77949,9.17041E+18,9,1,87,117,2017,4,11,4,3,4,7,0,0,0,0,1,0,0,7.25609E+20,5.30082E+21,1.20142E+16,4.78211E+16
77950,9.17041E+18,9,2,61,0,2017,4,12,4,3,2,6,0,1,0,0,1,0,0,7.37583E+20,5.38113E+21,1.22188E+16,4.85383E+16
77951,9.17041E+18,9,3,72,126,2017,4,15,4,3,3,6,0,0,0,1,1,0,0,7.76723E+20,5.46776E+21,1.28067E+16,4.92998E+16
77952,9.17041E+18,9,5,72,131,2017,4,17,4,3,5,2,0,1,0,0,0,0,0,6.54499E+20,5.48495E+21,1.11337E+16,4.94975E+16
77953,9.17041E+18,9,7,72,117,2017,4,16,4,3,1,6,0,1,0,1,0,0,0,6.31037E+20,5.36271E+21,1.07705E+16,4.84039E+16
77954,9.17042E+18,9,6,73,142,2017,4,15,7,3,0,1,1,0,0,0,0,0,0,5.93028E+20,5.58702E+21,1.03097E+16,5.04278E+16
77955,9.17042E+18,9,6,74,153,2017,4,13,7,2,8,7,0,1,0,0,0,0,0,5.99529E+20,5.55035E+21,1.03916E+16,5.00971E+16
77956,9.17041E+18,9,6,79,176,2017,4,14,1,3,3,6,1,1,0,0,0,0,0,5.71273E+20,5.50583E+21,9.98839E+15,4.97007E+16
77957,9.17042E+18,9,6,74,147,2017,4,2,7,3,8,1,0,1,0,0,0,2,0,6.06931E+20,5.54518E+21,1.04936E+16,5.00493E+16
77958,9.17041E+18,9,6,63,0,2017,4,17,1,3,0,1,1,0,0,0,0,0,0,5.67987E+20,5.51669E+21,9.94472E+15,4.97988E+16
77959,9.17042E+18,9,6,62,0,2017,4,14,7,3,5,3,1,1,0,0,0,0,0,5.88068E+20,5.54535E+21,1.02302E+16,5.00539E+16
77960,9.17041E+18,9,6,77,120,2017,4,13,1,2,5,2,0,1,0,1,0,0,0,5.35414E+20,5.52514E+21,9.49289E+15,4.98776E+16
77961,9.17042E+18,9,6,61,0,2017,4,10,7,3,1,1,0,1,0,0,1,0,1,5.07228E+20,5.53763E+21,9.10083E+15,4.9991E+16
77962,9.17041E+18,9,6,75,158,2017,4,16,1,3,5,3,0,1,0,0,0,0,0,5.94621E+20,5.52033E+21,1.03156E+16,4.98279E+16
77963,9.17041E+18,9,6,74,147,2017,4,13,1,3,0,1,0,1,0,1,0,0,0,6.10367E+20,5.54315E+21,1.0541E+16,5.00305E+16
77964,9.17042E+18,9,5,76,143,2017,4,0,7,3,8,1,0,1,0,0,0,2,0,6.53601E+20,5.45791E+21,1.11109E+16,4.92547E+16
77965,9.17041E+18,9,6,74,219,2017,4,18,1,3,5,3,0,1,0,1,0,0,0,6.04559E+20,5.53939E+21,1.04589E+16,4.99976E+16
77966,9.17041E+18,9,6,78,174,2017,4,10,1,3,1,6,0,1,0,0,1,0,0,5.94405E+20,5.54339E+21,1.03183E+16,5.00353E+16
77967,9.17042E+18,9,5,72,135,2017,4,0,7,2,8,1,0,1,0,0,0,2,0,6.34487E+20,5.50826E+21,1.08655E+16,4.97118E+16
77968,9.17041E+18,9,6,76,133,2017,4,12,1,3,4,2,1,1,0,0,0,0,0,5.11984E+20,5.52444E+21,9.16678E+15,4.98723E+16
77969,9.17041E+18,9,6,76,139,2017,4,17,1,3,5,3,0,1,0,1,0,0,0,5.1963E+20,5.50588E+21,9.27225E+15,4.97051E+16
77970,9.17041E+18,9,6,71,126,2017,4,15,1,3,8,1,0,0,0,1,0,0,0,5.21496E+20,5.54418E+21,9.30025E+15,5.00495E+16
77971,9.17041E+18,9,6,71,160,2017,4,18,1,2,9,1,0,0,0,1,0,0,0,5.26086E+20,5.52292E+21,9.36292E+15,4.98581E+16
77972,9.17041E+18,9,6,71,111,2017,4,12,1,3,8,1,0,0,0,1,0,0,0,5.05355E+20,5.54481E+21,9.0748E+15,5.00556E+16
77973,9.17041E+18,9,6,71,134,2017,4,15,1,2,0,3,0,1,0,1,0,0,0,5.00443E+20,5.54663E+21,9.00619E+15,5.0072E+16
77974,9.17042E+18,9,5,65,0,2017,4,10,7,3,8,7,0,0,0,1,0,0,0,6.48417E+20,5.46605E+21,1.10427E+16,4.93291E+16
77975,9.17041E+18,9,5,72,143,2017,4,17,1,3,2,6,0,1,0,0,0,0,0,6.27377E+20,5.51092E+21,1.07678E+16,4.97373E+16
77976,9.17042E+18,9,5,73,111,2017,4,18,7,2,4,2,0,1,0,0,0,0,0,6.3379E+20,5.47563E+21,1.08447E+16,4.94186E+16
77977,9.17041E+18,9,5,62,0,2017,4,12,1,3,2,6,0,1,0,0,0,0,0,6.4243E+20,5.49452E+21,1.09706E+16,4.95865E+16
77978,9.17042E+18,9,5,73,114,2017,4,19,7,2,3,2,1,1,0,0,0,0,0,6.34913E+20,5.48099E+21,1.0862E+16,4.94666E+16
77979,9.17041E+18,9,5,74,152,2017,4,18,1,3,2,6,0,1,0,1,0,0,0,6.62044E+20,5.48343E+21,1.12372E+16,4.94818E+16
77980,9.17041E+18,9,5,74,158,2017,4,13,1,2,5,3,0,1,0,1,0,0,0,6.72395E+20,5.50229E+21,1.13882E+16,4.96485E+16
77981,9.17042E+18,9,4,78,116,2017,4,18,7,1,4,6,0,1,0,0,0,0,0,6.60338E+20,5.55666E+21,1.12439E+16,5.01405E+16
77982,9.17041E+18,9,5,74,160,2017,4,18,1,2,4,6,0,1,0,1,0,0,0,6.81797E+20,5.49833E+21,1.15165E+16,4.96101E+16
77983,9.17041E+18,9,5,74,112,2017,4,17,1,3,2,6,0,1,0,0,0,0,0,6.69831E+20,5.47273E+21,1.134E+16,4.93836E+16
77984,9.17042E+18,9,4,73,175,2017,4,5,7,2,8,1,0,1,0,0,0,2,0,6.34908E+20,5.56624E+21,1.08916E+16,5.02329E+16
77985,9.17041E+18,9,5,64,0,2017,4,14,1,2,5,2,0,1,0,1,0,0,0,6.50507E+20,5.46769E+21,1.10721E+16,4.93433E+16
77986,9.17041E+18,9,5,77,136,2017,4,17,1,3,2,6,0,1,0,0,0,0,0,6.26751E+20,5.44231E+21,1.07372E+16,4.91205E+16
77987,9.17041E+18,9,5,71,166,2017,4,13,1,2,9,1,0,1,0,0,0,0,0,6.10556E+20,5.45438E+21,1.05186E+16,4.92322E+16
77988,9.17041E+18,9,1,90,131,2017,4,6,5,3,7,7,0,1,0,1,0,1,0,6.63025E+20,5.29359E+21,1.11761E+16,4.7775E+16
77989,9.17041E+18,9,4,79,166,2017,4,12,1,3,3,6,0,1,0,0,0,0,0,7.05128E+20,5.55242E+21,1.18677E+16,5.00886E+16
77990,9.17041E+18,9,3,76,147,2017,4,7,5,3,1,2,0,1,0,0,1,0,0,7.43559E+20,5.47096E+21,1.23533E+16,4.93427E+16
77991,9.17041E+18,9,4,75,156,2017,4,15,1,3,2,6,0,1,0,0,0,0,0,6.91061E+20,5.58286E+21,1.16866E+16,5.03667E+16
77992,9.17041E+18,9,4,64,0,2017,4,1,1,3,1,1,0,1,0,0,0,2,0,7.06976E+20,5.57795E+21,1.19074E+16,5.03173E+16
77993,9.17041E+18,9,7,64,0,2017,4,13,3,3,8,7,0,1,0,0,0,0,0,5.88335E+20,5.31686E+21,1.01842E+16,4.7999E+16
77994,9.17041E+18,9,1,74,141,2017,4,14,4,3,5,2,1,1,0,0,0,0,0,6.80495E+20,5.3564E+21,1.14355E+16,4.8335E+16
77995,9.17041E+18,9,1,89,143,2017,4,14,4,3,7,7,0,1,0,0,0,0,0,7.58435E+20,5.32049E+21,1.24637E+16,4.79854E+16
77996,9.17041E+18,9,2,62,0,2017,4,15,4,3,3,6,0,1,0,0,1,0,0,8.29101E+20,5.39013E+21,1.34624E+16,4.85777E+16
77997,9.17041E+18,9,5,71,136,2017,4,23,4,3,2,6,0,1,0,0,1,2,0,5.89792E+20,5.44056E+21,1.02304E+16,4.91113E+16
77998,9.17041E+18,9,1,90,148,2017,4,15,5,3,1,6,0,1,0,0,0,0,0,6.43327E+20,5.29703E+21,1.09144E+16,4.78107E+16
77999,9.17041E+18,9,4,64,0,2017,4,19,1,3,2,6,0,1,0,0,0,0,0,7.06661E+20,5.57812E+21,1.19031E+16,5.03189E+16
78000,9.17042E+18,9,4,77,118,2017,4,12,7,3,5,3,0,1,0,1,0,0,0,6.84214E+20,5.56116E+21,1.15799E+16,5.01739E+16
78001,9.17041E+18,9,4,76,164,2017,4,15,1,3,0,7,1,0,0,0,0,0,0,6.64257E+20,5.57969E+21,1.13087E+16,5.03464E+16
78002,9.17042E+18,9,4,77,128,2017,4,14,7,3,2,6,0,1,0,0,1,0,1,6.72761E+20,5.5516E+21,1.14153E+16,5.00916E+16
78003,9.17041E+18,9,4,78,116,2017,4,12,1,3,4,2,0,1,0,0,0,0,0,6.60479E+20,5.55654E+21,1.12458E+16,5.01394E+16
78004,9.17042E+18,9,4,78,120,2017,4,3,7,1,2,6,0,1,0,0,1,2,0,6.40505E+20,5.54649E+21,1.09628E+16,5.00541E+16
78005,9.17041E+18,9,4,76,145,2017,4,11,1,3,8,7,0,0,0,1,0,0,0,6.63838E+20,5.57308E+21,1.12999E+16,5.02871E+16
78006,9.17041E+18,9,4,72,175,2017,4,13,1,3,2,6,0,1,0,1,0,0,0,6.8273E+20,5.51437E+21,1.15369E+16,4.9754E+16
78007,9.17041E+18,9,6,77,137,2017,4,18,4,3,5,3,0,1,0,0,0,0,0,5.35546E+20,5.51596E+21,9.49389E+15,4.9795E+16
78008,9.17041E+18,9,7,75,135,2017,4,15,4,3,3,6,0,1,0,0,1,0,0,5.74113E+20,5.35924E+21,1.0001E+16,4.8382E+16
78009,9.17042E+18,9,4,74,124,2017,4,15,7,3,9,1,0,1,0,0,0,0,1,6.65696E+20,5.50822E+21,1.1298E+16,4.97037E+16
78010,9.17042E+18,9,3,75,196,2017,4,16,7,3,5,3,0,1,0,0,0,0,0,7.29163E+20,5.41425E+21,1.21232E+16,4.88389E+16
78011,9.17042E+18,9,3,76,161,2017,4,8,7,3,8,6,0,1,0,0,0,0,0,7.27234E+20,5.46185E+21,1.21237E+16,4.92672E+16
78012,9.17041E+18,9,4,62,0,2017,4,16,1,3,1,6,0,1,0,1,0,0,0,6.82887E+20,5.53461E+21,1.15486E+16,4.99358E+16
78013,9.17042E+18,9,3,71,126,2017,4,23,7,3,5,3,0,1,0,0,0,2,0,7.03475E+20,5.48999E+21,1.18119E+16,4.95283E+16
78014,9.17041E+18,9,4,74,132,2017,4,15,1,2,0,1,1,0,0,0,0,0,0,6.6399E+20,5.50232E+21,1.12719E+16,4.96511E+16
78015,9.17042E+18,9,3,71,156,2017,4,15,7,3,8,1,0,1,0,0,0,0,0,7.03883E+20,5.50025E+21,1.18229E+16,4.96204E+16
78016,9.17041E+18,9,4,71,195,2017,4,18,1,2,8,1,0,0,0,1,0,0,0,6.44884E+20,5.52439E+21,1.10156E+16,4.98544E+16
78017,9.17042E+18,9,2,75,153,2017,4,15,7,3,8,1,0,0,0,1,0,0,0,8.42751E+20,5.39459E+21,1.36505E+16,4.86103E+16
78018,9.17041E+18,9,3,63,0,2017,4,17,1,3,2,2,0,1,0,0,0,0,0,7.26642E+20,5.50205E+21,1.21386E+16,4.96284E+16
78019,9.17041E+18,9,3,72,171,2017,4,17,1,3,5,3,0,1,0,1,0,0,0,7.65394E+20,5.47905E+21,1.26587E+16,4.94062E+16
78020,9.17042E+18,9,2,77,139,2017,4,19,7,3,8,1,0,1,0,0,0,2,0,7.87207E+20,5.3709E+21,1.28826E+16,4.84257E+16
78021,9.17041E+18,9,3,72,144,2017,4,14,1,3,3,5,0,1,0,1,0,0,0,7.88552E+20,5.46449E+21,1.29666E+16,4.9265E+16
78022,9.17041E+18,9,3,75,162,2017,4,16,1,2,4,6,0,1,0,1,0,0,0,7.10177E+20,5.43887E+21,1.18775E+16,4.90668E+16
78023,9.17042E+18,9,2,72,150,2017,4,10,7,3,5,3,0,1,0,0,0,0,0,8.17272E+20,5.41011E+21,1.33178E+16,4.8763E+16
78024,9.17041E+18,9,3,72,153,2017,4,14,1,3,2,6,0,1,0,0,0,0,0,7.57438E+20,5.4579E+21,1.25356E+16,4.92197E+16
78025,9.17041E+18,9,3,72,125,2017,4,16,1,2,8,1,0,0,0,1,0,0,0,7.56305E+20,5.44202E+21,1.251E+16,4.90776E+16
78026,9.17041E+18,9,3,75,190,2017,4,15,1,1,5,2,0,1,0,1,0,0,0,7.27091E+20,5.44502E+21,1.21122E+16,4.9116E+16
78027,9.17041E+18,9,3,75,190,2017,4,17,1,3,4,2,0,1,0,0,0,0,0,7.26512E+20,5.44542E+21,1.21045E+16,4.91199E+16
78028,9.17041E+18,9,3,73,147,2017,4,14,1,3,2,6,0,1,0,0,0,0,0,6.78883E+20,5.46115E+21,1.14594E+16,4.9277E+16
78029,9.17041E+18,9,3,72,174,2017,4,17,1,3,2,6,0,1,0,0,0,0,0,7.73744E+20,5.46426E+21,1.27634E+16,4.92698E+16
78030,9.17041E+18,9,2,62,0,2017,4,21,6,3,0,7,1,0,0,0,0,2,0,8.31976E+20,5.39236E+21,1.3503E+16,4.85962E+16
78031,9.17041E+18,9,3,72,174,2017,4,17,1,1,4,6,0,1,0,0,0,0,0,7.7323E+20,5.46408E+21,1.27562E+16,4.92684E+16
78032,9.17041E+18,9,3,76,117,2017,4,17,1,3,5,3,0,1,0,1,0,0,0,7.39833E+20,5.46055E+21,1.22958E+16,4.92506E+16
78033,9.17041E+18,9,6,79,202,2017,4,16,3,3,2,6,0,1,0,0,0,0,0,5.62976E+20,5.52053E+21,9.87573E+15,4.98339E+16
78034,9.17041E+18,9,7,62,0,2017,4,18,3,2,0,1,1,0,0,0,0,0,0,6.21438E+20,5.30432E+21,1.06242E+16,4.78807E+16
78035,9.17041E+18,9,1,84,130,2017,4,0,3,3,4,6,0,1,0,0,1,2,0,7.00833E+20,5.34806E+21,1.17057E+16,4.82539E+16
78036,9.17041E+18,9,1,82,114,2017,4,12,4,2,9,1,0,0,0,1,0,0,0,7.22812E+20,5.2944E+21,1.19736E+16,4.77644E+16
78037,9.17041E+18,9,2,73,181,2017,4,12,4,3,3,6,0,1,0,0,1,0,0,7.11666E+20,5.401E+21,1.18783E+16,4.87261E+16
78038,9.17041E+18,9,1,86,137,2017,4,14,5,2,4,2,0,1,0,0,1,0,0,6.84633E+20,5.39925E+21,1.15103E+16,4.87189E+16
78039,9.17041E+18,9,1,75,128,2017,4,14,4,1,2,6,1,1,0,0,0,0,0,7.13324E+20,5.32465E+21,1.1862E+16,4.80394E+16
78040,9.17041E+18,9,1,87,177,2017,4,8,4,3,0,7,0,1,0,1,0,0,0,7.35677E+20,5.30541E+21,1.2151E+16,4.78587E+16
78041,9.17041E+18,9,2,73,113,2017,4,11,4,3,3,6,0,1,0,0,0,0,0,7.01713E+20,5.39679E+21,1.1741E+16,4.86915E+16
78042,9.17041E+18,9,4,63,0,2017,4,17,4,2,2,6,0,1,0,0,0,0,0,6.36977E+20,5.56916E+21,1.09217E+16,5.02587E+16
78043,9.17041E+18,9,5,72,135,2017,4,21,4,2,2,6,0,1,0,0,1,2,0,6.31642E+20,5.50948E+21,1.08265E+16,4.97234E+16
78044,9.17042E+18,9,1,80,118,2017,4,15,7,3,0,1,1,0,0,0,0,0,0,6.50564E+20,5.25795E+21,1.09976E+16,4.74575E+16
78045,9.17042E+18,9,1,83,124,2017,4,16,7,3,8,1,0,1,0,0,0,0,0,7.56562E+20,5.34255E+21,1.24519E+16,4.81843E+16
78046,9.17042E+18,9,1,89,114,2017,4,10,7,3,5,2,1,1,0,0,0,0,0,7.64436E+20,5.31209E+21,1.25388E+16,4.79076E+16
78047,9.17041E+18,9,3,76,141,2017,4,14,1,2,5,3,0,1,0,1,0,0,0,7.24652E+20,5.45483E+21,1.20843E+16,4.9205E+16
78048,9.17042E+18,9,1,89,113,2017,4,15,7,3,4,1,0,1,0,0,1,0,1,7.68988E+20,5.30265E+21,1.25938E+16,4.78209E+16
78049,9.17041E+18,9,2,75,126,2017,4,14,1,3,8,1,0,0,0,1,0,0,0,8.41075E+20,5.40012E+21,1.36324E+16,4.86609E+16
78050,9.17042E+18,9,1,71,133,2017,4,11,7,2,8,1,0,0,0,1,0,0,0,7.68839E+20,5.34437E+21,1.26179E+16,4.81955E+16
78051,9.17041E+18,9,2,77,145,2017,4,18,1,1,2,6,1,1,0,0,0,0,0,7.95315E+20,5.35636E+21,1.29817E+16,4.82914E+16
78052,9.17041E+18,9,2,72,152,2017,4,14,1,3,8,1,0,0,0,1,0,0,0,8.13242E+20,5.4103E+21,1.32633E+16,4.87667E+16
78053,9.17042E+18,9,1,63,0,2017,4,11,7,3,3,6,1,0,0,0,1,0,0,7.32725E+20,5.30559E+21,1.21117E+16,4.78614E+16
78054,9.17041E+18,9,2,73,147,2017,4,13,1,3,8,1,0,0,0,1,0,0,0,7.03331E+20,5.3904E+21,1.17599E+16,4.86336E+16
78055,9.17041E+18,9,2,73,137,2017,4,14,1,2,8,7,0,0,0,1,0,0,0,7.0921E+20,5.42253E+21,1.18559E+16,4.89204E+16
78056,9.17042E+18,9,1,82,120,2017,4,18,7,3,3,2,1,1,0,0,0,0,0,7.01686E+20,5.30576E+21,1.16972E+16,4.78735E+16
78057,9.17041E+18,9,1,80,126,2017,4,12,1,2,5,3,0,1,0,1,0,0,0,6.61049E+20,5.2703E+21,1.11411E+16,4.75661E+16
78058,9.17041E+18,9,1,73,120,2017,4,13,1,3,0,1,1,0,0,0,0,0,0,6.8361E+20,5.31036E+21,1.14577E+16,4.79202E+16
78059,9.17041E+18,9,1,90,157,2017,4,18,1,3,2,6,0,1,0,0,0,0,0,6.60906E+20,5.3016E+21,1.11508E+16,4.78476E+16
78060,9.17041E+18,9,1,90,140,2017,4,12,1,2,8,1,0,0,0,1,0,0,0,6.47188E+20,5.30166E+21,1.09675E+16,4.78515E+16
78061,9.17041E+18,9,1,80,123,2017,4,15,1,3,9,2,0,0,0,1,0,0,0,6.71822E+20,5.25993E+21,1.12802E+16,4.74701E+16
78062,9.17041E+18,9,1,80,117,2017,4,18,1,3,2,6,0,1,0,1,0,0,0,6.4912E+20,5.26094E+21,1.09794E+16,4.74848E+16
78063,9.17041E+18,9,1,80,117,2017,4,16,1,3,8,1,0,0,0,1,0,0,0,6.60633E+20,5.26134E+21,1.11323E+16,4.74857E+16
78064,9.17042E+18,9,1,86,147,2017,4,11,7,3,2,6,0,1,0,0,0,0,0,6.85762E+20,5.39017E+21,1.15215E+16,4.8637E+16
78065,9.17041E+18,9,1,80,117,2017,4,13,1,3,2,6,0,1,0,0,0,0,0,6.63827E+20,5.26178E+21,1.11748E+16,4.74888E+16
78066,9.17041E+18,9,7,77,151,2017,4,12,5,3,2,2,0,1,0,0,0,0,0,6.222E+20,5.29154E+21,1.06308E+16,4.77657E+16
78067,9.17041E+18,9,1,83,148,2017,4,15,1,2,5,3,0,1,0,0,0,0,0,7.51862E+20,5.34146E+21,1.23882E+16,4.81764E+16
78068,9.17041E+18,9,1,80,126,2017,4,12,6,3,8,1,0,0,0,1,0,0,0,6.60267E+20,5.27031E+21,1.11307E+16,4.75664E+16
78069,9.17041E+18,9,1,89,130,2017,4,5,1,3,8,1,0,1,0,0,0,1,0,7.70093E+20,5.31232E+21,1.26145E+16,4.79073E+16
78070,9.17041E+18,9,3,72,170,2017,4,9,6,2,8,1,0,1,0,0,0,0,0,7.49531E+20,5.45612E+21,1.24261E+16,4.9207E+16