OBJECTID,UIDENTSTLA,ULAND,UREGBEZ,UKREIS,UGEMEINDE,UJAHR,UMONAT,USTUNDE,UWOCHENTAG,UKATEGORIE,UART,UTYP1,IstRad,IstPKW,IstFuss,IstKrad,IstSonstig,LICHT,STRZUSTAND,LINREFX,LINREFY,XGCSWGS84,YGCSWGS84
78071,9.17041E+18,9,1,87,124,2017,4,13,1,3,5,3,0,1,0,0,0,0,0,7.33019E+20,5.32959E+21,1.21286E+16,4.8077E+16
78072,9.17041E+18,9,1,63,0,2017,4,16,1,3,1,2,1,1,0,0,0,0,0,7.29575E+20,5.30076E+21,1.2067E+16,4.78192E+16
78073,9.17041E+18,9,1,87,168,2017,4,10,1,3,3,6,1,1,0,0,0,0,0,7.49519E+20,5.30837E+21,1.23374E+16,4.78801E+16
78074,9.17041E+18,9,1,82,131,2017,4,15,1,3,0,7,1,0,0,1,0,0,0,7.17249E+20,5.28632E+21,1.18954E+16,4.76937E+16
78075,9.17041E+18,9,1,62,0,2017,4,8,3,3,2,6,0,1,0,0,0,0,0,6.91574E+20,5.33154E+21,1.15736E+16,4.81083E+16
78076,9.17041E+18,9,1,88,121,2017,4,17,4,3,2,6,0,1,0,0,0,0,0,6.72415E+20,5.32916E+21,1.13155E+16,4.80924E+16
78077,9.17041E+18,9,1,82,137,2017,4,18,1,3,0,7,0,0,0,1,0,0,0,7.09149E+20,5.3048E+21,1.17965E+16,4.78625E+16
78078,9.17041E+18,9,2,73,139,2017,4,14,5,3,8,1,0,1,0,0,0,0,0,7.1213E+20,5.40609E+21,1.18872E+16,4.87716E+16
78079,9.17041E+18,9,1,82,132,2017,4,13,1,3,2,6,0,1,0,1,0,0,0,7.06881E+20,5.2875E+21,1.17579E+16,4.77078E+16
78080,9.17041E+18,9,3,75,179,2017,4,8,5,3,2,6,0,1,0,0,0,0,1,7.31953E+20,5.42828E+21,1.21692E+16,4.89639E+16
78081,9.17041E+18,9,1,82,124,2017,4,11,1,3,5,3,0,1,0,0,0,0,0,7.03802E+20,5.27786E+21,1.17124E+16,4.76221E+16
78082,9.17041E+18,9,1,86,137,2017,4,18,1,2,9,6,0,1,0,0,0,0,0,6.82666E+20,5.39862E+21,1.14833E+16,4.87138E+16
78083,9.17041E+18,9,1,61,0,2017,4,14,1,3,5,2,1,0,0,0,0,0,0,6.78285E+20,5.40321E+21,1.14258E+16,4.87563E+16
78084,9.17041E+18,9,1,62,0,2017,4,18,3,3,3,6,0,1,0,0,0,0,0,7.00256E+20,5.33287E+21,1.16908E+16,4.81176E+16
78085,9.17041E+18,9,1,81,115,2017,4,18,4,3,2,6,0,1,0,0,0,0,0,6.57341E+20,5.327E+21,1.11124E+16,4.80768E+16
78086,9.17041E+18,9,1,80,126,2017,4,15,4,3,5,2,1,1,0,0,0,0,0,6.60855E+20,5.2696E+21,1.11383E+16,4.75599E+16
78087,9.17041E+18,9,2,75,154,2017,4,16,4,3,8,7,0,1,0,0,0,0,0,8.03188E+20,5.39047E+21,1.31123E+16,4.85938E+16
78088,9.17041E+18,9,1,87,129,2017,4,10,5,2,2,6,0,1,0,0,0,0,0,7.2555E+20,5.30074E+21,1.20133E+16,4.78204E+16
78089,9.17042E+18,9,1,86,151,2017,4,9,7,2,5,3,0,1,0,0,0,0,0,6.80727E+20,5.375E+21,1.14467E+16,4.85021E+16
78090,9.17041E+18,9,1,61,0,2017,4,3,1,2,8,1,0,1,0,0,0,2,0,6.7686E+20,5.39882E+21,1.14045E+16,4.87173E+16
78091,9.17042E+18,9,1,74,113,2017,4,16,7,3,2,6,0,1,0,0,0,0,0,6.71141E+20,5.34719E+21,1.13057E+16,4.82548E+16
78092,9.17041E+18,9,1,85,125,2017,4,15,1,3,1,6,0,1,0,0,0,0,0,6.48199E+20,5.39616E+21,1.10142E+16,4.87008E+16
78093,9.17042E+18,9,1,81,146,2017,4,12,7,3,3,6,0,1,0,0,0,0,0,6.51219E+20,5.32613E+21,1.103E+16,4.80705E+16
78094,9.17041E+18,9,1,76,143,2017,4,17,1,3,5,3,1,0,0,1,0,0,0,6.80907E+20,5.40897E+21,1.1464E+16,4.88074E+16
78095,9.17041E+18,9,1,88,113,2017,4,14,1,3,0,7,1,0,0,0,0,0,0,6.78169E+20,5.3141E+21,1.13865E+16,4.79554E+16
78096,9.17042E+18,9,1,74,111,2017,4,14,7,3,8,1,0,0,0,1,0,0,1,6.67437E+20,5.35891E+21,1.12605E+16,4.83611E+16
78097,9.17041E+18,9,1,88,139,2017,4,16,1,3,5,3,1,1,0,0,0,0,0,6.67804E+20,5.31705E+21,1.12489E+16,4.79847E+16
78098,9.17041E+18,9,1,88,120,2017,4,16,1,2,2,6,0,1,0,1,0,0,0,6.76702E+20,5.32331E+21,1.13706E+16,4.80386E+16
78099,9.17042E+18,9,1,75,139,2017,4,13,7,2,5,3,0,1,0,0,0,0,0,7.10112E+20,5.3307E+21,1.1822E+16,4.80949E+16
78100,9.17041E+18,9,1,79,119,2017,4,15,1,3,0,7,1,0,0,0,0,0,0,6.71094E+20,5.33905E+21,1.13018E+16,4.81816E+16
78101,9.17041E+18,9,1,74,115,2017,4,15,1,3,3,6,0,1,0,1,0,0,0,6.83287E+20,5.34853E+21,1.14698E+16,4.82635E+16
78102,9.17041E+18,9,1,62,0,2017,4,7,1,3,2,6,0,1,0,0,0,0,0,6.95364E+20,5.34446E+21,1.16304E+16,4.82232E+16
78103,9.17041E+18,9,1,75,132,2017,4,9,1,3,4,6,1,0,0,0,0,0,0,7.07262E+20,5.33652E+21,1.17866E+16,4.81481E+16
78104,9.17041E+18,9,1,78,157,2017,4,15,1,3,5,3,0,1,0,0,0,0,0,7.04469E+20,5.3702E+21,1.17654E+16,4.84517E+16
78105,9.17041E+18,9,1,77,144,2017,4,17,1,3,4,6,0,1,0,0,0,0,0,7.14467E+20,5.34592E+21,1.18881E+16,4.82302E+16
78106,9.17042E+18,9,1,75,122,2017,4,14,7,3,2,6,0,1,0,0,0,0,0,7.19723E+20,5.32727E+21,1.19491E+16,4.80609E+16
78107,9.17041E+18,9,1,62,0,2017,4,14,7,3,0,3,0,1,0,1,0,0,0,6.93515E+20,5.33153E+21,1.15997E+16,4.81076E+16
78108,9.17041E+18,9,1,84,136,2017,4,20,7,3,5,3,1,1,0,0,0,2,0,6.98611E+20,5.32627E+21,1.16656E+16,4.80587E+16
78109,9.17041E+18,9,1,62,0,2017,4,15,7,2,0,7,1,0,0,0,0,0,0,6.96818E+20,5.3337E+21,1.1645E+16,4.81261E+16
78110,9.17041E+18,9,1,62,0,2017,4,11,6,3,1,6,0,1,0,0,0,0,0,6.88732E+20,5.33843E+21,1.15386E+16,4.81711E+16
78111,9.17041E+18,9,5,75,165,2017,4,14,5,3,5,3,0,1,0,0,0,0,0,5.99837E+20,5.49435E+21,1.03815E+16,4.95935E+16
78112,9.17041E+18,9,1,62,0,2017,4,16,6,3,6,7,0,1,1,0,0,0,0,7.02049E+20,5.33218E+21,1.17145E+16,4.81108E+16
78113,9.17041E+18,9,1,84,148,2017,4,13,7,3,4,2,0,1,0,0,0,0,0,6.93355E+20,5.32885E+21,1.15963E+16,4.80835E+16
78114,9.17041E+18,9,7,74,121,2017,4,0,6,2,8,1,0,1,0,0,0,2,0,6.00661E+20,5.36519E+21,1.03608E+16,4.84318E+16
78115,9.17041E+18,9,7,74,144,2017,4,18,7,3,2,1,0,1,0,0,0,0,0,6.05275E+20,5.36314E+21,1.04227E+16,4.84126E+16
78116,9.17041E+18,9,7,74,133,2017,4,19,6,3,4,6,1,0,0,0,0,0,0,5.97865E+20,5.35521E+21,1.03207E+16,4.83424E+16
78117,9.17041E+18,9,7,74,144,2017,4,17,7,3,0,6,0,1,0,0,0,0,0,6.0617E+20,5.36318E+21,1.04348E+16,4.84128E+16
78118,9.17041E+18,9,7,74,143,2017,4,17,6,3,1,6,0,1,0,0,0,0,0,5.96932E+20,5.36018E+21,1.03093E+16,4.83873E+16
78119,9.17041E+18,9,7,75,135,2017,4,18,7,3,4,3,0,1,0,0,0,0,0,5.82033E+20,5.36105E+21,1.01083E+16,4.83973E+16
78120,9.17041E+18,9,7,75,135,2017,4,13,7,3,2,6,0,1,0,1,0,0,0,5.74485E+20,5.35915E+21,1.0006E+16,4.83811E+16
78121,9.17041E+18,9,7,63,0,2017,4,14,6,2,6,3,0,1,1,0,0,0,0,5.98328E+20,5.28784E+21,1.03115E+16,4.77364E+16
78122,9.17041E+18,9,7,75,135,2017,4,13,7,3,2,6,0,1,0,0,0,0,0,5.74485E+20,5.35915E+21,1.0006E+16,4.83811E+16
78123,9.17041E+18,9,7,75,134,2017,4,1,7,3,7,1,0,1,0,0,0,2,0,5.81513E+20,5.36315E+21,1.01016E+16,4.84162E+16
78124,9.17041E+18,9,7,73,182,2017,4,21,6,2,0,7,0,0,0,1,0,2,0,6.26127E+20,5.38007E+21,1.07095E+16,4.8561E+16
78125,9.17041E+18,9,7,64,0,2017,4,14,7,3,2,6,0,1,0,0,0,0,0,5.86805E+20,5.31839E+21,1.0164E+16,4.80129E+16
78126,9.17041E+18,9,7,80,128,2017,4,13,7,1,5,3,0,1,0,1,0,0,0,6.09551E+20,5.27652E+21,1.04583E+16,4.76328E+16
78127,9.17041E+18,9,7,77,144,2017,4,19,7,2,9,1,0,0,0,1,0,0,0,6.09199E+20,5.29415E+21,1.0458E+16,4.77915E+16
78128,9.17041E+18,9,7,77,151,2017,4,17,7,2,9,1,0,0,0,1,0,0,0,6.167E+20,5.28608E+21,1.0556E+16,4.77176E+16
78129,9.17041E+18,9,1,82,120,2017,4,18,6,3,3,2,1,1,0,0,0,0,0,7.01063E+20,5.30722E+21,1.16896E+16,4.78868E+16
78130,9.17041E+18,9,7,77,165,2017,4,23,7,2,8,1,0,1,0,0,0,2,0,6.05561E+20,5.30401E+21,1.04119E+16,4.78807E+16
78131,9.17041E+18,9,2,76,139,2017,4,15,6,2,9,1,0,0,0,1,0,0,0,8.04807E+20,5.42978E+21,1.31633E+16,4.89457E+16
78132,9.17041E+18,9,7,62,0,2017,4,17,7,3,1,6,0,1,0,1,0,0,0,6.23186E+20,5.30627E+21,1.06482E+16,4.78979E+16
78133,9.17041E+18,9,7,80,124,2017,4,14,7,3,8,1,0,0,0,1,0,0,0,5.90551E+20,5.27016E+21,1.02041E+16,4.75785E+16
78134,9.17041E+18,9,7,79,197,2017,4,4,7,3,8,7,0,0,0,0,1,2,0,6.15451E+20,5.42012E+21,1.0576E+16,4.89232E+16
78135,9.17041E+18,9,6,75,165,2017,4,16,3,3,2,6,0,1,0,0,0,0,0,5.87922E+20,5.51942E+21,1.02223E+16,4.98208E+16
78136,9.17041E+18,9,7,77,112,2017,4,2,3,3,9,1,0,1,0,0,0,2,0,6.22675E+20,5.3E+21,1.06395E+16,4.78416E+16
78137,9.17041E+18,9,1,75,122,2017,4,17,4,3,2,6,0,1,0,0,1,0,0,7.23631E+20,5.32512E+21,1.20004E+16,4.80401E+16
78138,9.17041E+18,9,1,87,165,2017,4,18,4,3,2,6,0,1,0,0,0,0,0,7.33138E+20,5.29966E+21,1.2114E+16,4.78081E+16
78139,9.17041E+18,9,1,62,0,2017,4,8,4,3,5,3,1,1,0,0,0,0,0,6.88646E+20,5.3289E+21,1.15332E+16,4.80854E+16
78140,9.17041E+18,9,1,86,122,2017,4,15,5,3,5,3,0,1,0,0,0,0,0,6.92223E+20,5.39561E+21,1.16117E+16,4.86839E+16
78141,9.17041E+18,9,1,89,149,2017,4,17,5,3,5,3,0,1,0,0,0,0,0,7.65784E+20,5.33115E+21,1.25686E+16,4.80781E+16
78142,9.17041E+18,9,7,71,122,2017,4,12,6,3,9,7,0,1,0,0,0,0,0,6.5336E+20,5.36176E+21,1.10716E+16,4.83903E+16
78143,9.17041E+18,9,7,61,0,2017,4,12,7,3,9,1,0,1,0,0,0,0,0,6.3984E+20,5.36405E+21,1.08899E+16,4.84141E+16
78144,9.17041E+18,9,7,71,130,2017,4,18,6,3,0,7,1,0,0,0,0,0,0,6.49457E+20,5.35617E+21,1.10169E+16,4.8341E+16
78145,9.17041E+18,9,7,72,147,2017,4,14,7,3,2,6,0,1,0,0,1,0,0,6.38643E+20,5.36362E+21,1.08735E+16,4.84105E+16
78146,9.17041E+18,9,7,71,146,2017,4,16,6,3,0,1,1,0,0,0,0,0,0,6.46536E+20,5.34915E+21,1.09751E+16,4.82786E+16
78147,9.17041E+18,9,7,72,223,2017,4,15,7,2,9,1,0,0,0,1,0,0,0,6.18357E+20,5.36309E+21,1.05994E+16,4.84099E+16
78148,9.17041E+18,9,7,72,200,2017,4,19,7,2,9,1,0,1,0,0,0,0,0,6.2443E+20,5.3413E+21,1.0675E+16,4.82127E+16
78149,9.17041E+18,9,7,72,125,2017,4,16,6,3,5,2,1,1,0,0,0,0,0,6.33167E+20,5.34786E+21,1.07946E+16,4.82699E+16
78150,9.17041E+18,9,7,61,0,2017,4,22,7,2,5,3,0,1,0,0,0,2,0,6.4494E+20,5.35574E+21,1.09559E+16,4.83382E+16
78151,9.17041E+18,9,7,61,0,2017,4,10,7,3,5,3,1,1,0,0,0,0,0,6.38681E+20,5.35662E+21,1.08718E+16,4.83476E+16
78152,9.17041E+18,9,6,75,117,2017,4,20,6,2,3,7,1,1,0,0,0,2,0,5.82961E+20,5.51625E+21,1.01527E+16,4.97929E+16
78153,9.17041E+18,9,6,75,146,2017,4,11,7,3,2,6,0,1,0,0,1,0,0,5.80295E+20,5.51525E+21,1.01154E+16,4.97843E+16
78154,9.17041E+18,9,6,75,127,2017,4,12,7,3,2,6,0,1,0,0,0,0,0,6.08277E+20,5.51378E+21,1.05036E+16,4.97667E+16
78155,9.17041E+18,9,6,79,176,2017,4,19,7,2,0,1,0,1,0,1,0,0,0,5.64535E+20,5.50959E+21,9.89558E+15,4.97353E+16
78156,9.17041E+18,9,6,75,165,2017,4,0,7,2,9,7,0,1,0,0,0,2,0,5.87987E+20,5.51675E+21,1.02226E+16,4.97967E+16
78157,9.17041E+18,9,6,78,193,2017,4,11,7,3,2,6,0,1,0,0,1,0,0,5.76643E+20,5.54045E+21,1.00697E+16,5.00114E+16
78158,9.17041E+18,9,6,75,139,2017,4,22,6,3,9,7,0,1,0,0,0,2,1,5.9554E+20,5.50392E+21,1.03244E+16,4.96803E+16
78159,9.17041E+18,9,6,72,139,2017,4,20,6,3,2,6,0,1,0,0,0,2,0,5.67135E+20,5.56088E+21,9.94061E+15,5.01963E+16
78160,9.17041E+18,9,6,74,139,2017,4,16,7,3,9,1,0,1,0,0,0,0,0,5.97435E+20,5.54168E+21,1.03601E+16,5.00195E+16
78161,9.17041E+18,9,6,72,149,2017,4,14,6,3,2,6,0,1,0,0,0,0,0,5.62719E+20,5.56897E+21,9.88008E+15,5.02696E+16
78162,9.17041E+18,9,6,74,149,2017,4,9,7,3,0,7,1,0,0,0,0,0,0,6.10372E+20,5.55515E+21,1.05445E+16,5.01383E+16
78163,9.17041E+18,9,6,74,129,2017,4,14,6,1,9,1,0,0,0,1,0,0,0,6.25273E+20,5.53986E+21,1.0748E+16,4.99979E+16
78164,9.17041E+18,9,6,72,121,2017,4,15,7,3,8,1,0,0,0,1,0,0,0,5.68124E+20,5.55298E+21,9.95304E+15,5.01252E+16
78165,9.17041E+18,9,6,73,162,2017,4,20,6,2,4,2,1,1,0,0,0,2,0,5.71518E+20,5.57809E+21,1.00053E+16,5.03506E+16
78166,9.17041E+18,9,6,74,118,2017,4,15,7,3,0,1,0,0,0,1,0,0,0,6.24336E+20,5.54153E+21,1.07354E+16,5.00131E+16
78167,9.17041E+18,9,6,71,156,2017,4,20,7,3,8,1,0,1,0,0,0,2,0,5.23359E+20,5.53365E+21,9.32564E+15,4.99548E+16
78168,9.17041E+18,9,6,73,163,2017,4,14,6,2,0,1,1,0,0,0,0,0,0,5.80538E+20,5.57861E+21,1.01321E+16,5.0354E+16
78169,9.17041E+18,9,6,76,122,2017,4,14,7,3,1,7,0,1,0,1,0,0,0,5.14173E+20,5.51585E+21,9.19693E+15,4.97949E+16
78170,9.17041E+18,9,5,65,0,2017,4,1,7,2,9,1,0,0,0,0,1,2,0,6.47062E+20,5.46404E+21,1.10233E+16,4.93114E+16
78171,9.17041E+18,9,6,71,157,2017,4,17,6,3,0,6,0,1,0,1,0,0,0,5.28221E+20,5.53049E+21,9.39317E+15,4.99261E+16
78172,9.17041E+18,9,5,74,138,2017,4,14,7,3,0,1,0,0,0,1,0,0,0,6.67063E+20,5.48752E+21,1.13082E+16,4.95172E+16
78173,9.17041E+18,9,5,76,126,2017,4,14,7,3,5,3,0,1,0,0,0,0,0,6.56049E+20,5.44487E+21,1.11394E+16,4.91368E+16
78174,9.17041E+18,9,5,74,139,2017,4,18,7,3,5,3,0,1,0,0,0,0,0,6.65771E+20,5.48121E+21,1.12877E+16,4.94609E+16
78175,9.17041E+18,9,5,73,130,2017,4,17,7,3,5,2,0,1,1,0,0,0,0,6.36046E+20,5.48563E+21,1.08793E+16,4.9508E+16
78176,9.17041E+18,9,5,71,136,2017,4,6,7,2,0,7,0,1,0,0,0,1,0,5.88688E+20,5.43949E+21,1.0215E+16,4.91018E+16
78177,9.17041E+18,9,5,77,177,2017,4,16,7,2,8,1,0,0,0,1,0,0,0,6.46224E+20,5.43096E+21,1.09998E+16,4.90142E+16
78178,9.17041E+18,9,5,64,0,2017,4,21,5,3,2,6,0,1,0,0,1,2,0,6.53079E+20,5.46907E+21,1.1108E+16,4.93552E+16
78179,9.17041E+18,9,5,77,136,2017,4,17,7,3,8,1,0,0,0,1,0,0,0,6.27609E+20,5.44465E+21,1.07497E+16,4.91414E+16
78180,9.17041E+18,9,7,64,0,2017,4,16,5,3,2,6,0,1,0,0,0,0,0,5.85779E+20,5.3196E+21,1.01505E+16,4.8024E+16
78181,9.17041E+18,9,5,75,121,2017,4,2,7,3,0,1,0,1,0,0,0,2,0,6.21726E+20,5.49163E+21,1.06834E+16,4.95651E+16
78182,9.17041E+18,9,1,90,158,2017,4,14,6,2,8,1,1,0,0,0,0,0,0,6.52435E+20,5.30305E+21,1.10381E+16,4.78627E+16
78183,9.17041E+18,9,5,75,118,2017,4,13,7,3,0,7,1,0,0,0,0,0,0,6.17431E+20,5.49553E+21,1.06252E+16,4.9601E+16
78184,9.17041E+18,9,5,71,223,2017,4,17,7,2,2,7,0,0,0,1,0,0,0,6.05188E+20,5.4471E+21,1.0443E+16,4.91676E+16
78185,9.17041E+18,9,5,71,136,2017,4,10,7,3,5,3,0,1,0,0,0,0,0,5.95284E+20,5.4368E+21,1.03047E+16,4.90766E+16
78186,9.17041E+18,9,4,77,127,2017,4,13,7,3,2,6,0,1,0,0,0,0,0,6.78887E+20,5.55458E+21,1.15023E+16,5.01165E+16
78187,9.17041E+18,9,6,73,114,2017,4,10,3,3,5,3,0,1,0,0,0,0,0,5.86676E+20,5.57744E+21,1.02181E+16,5.03427E+16
78188,9.17041E+18,9,4,72,154,2017,4,16,7,2,8,1,0,0,0,1,0,0,0,6.63664E+20,5.53537E+21,1.12813E+16,4.99483E+16
78189,9.17041E+18,9,1,84,119,2017,4,18,3,3,2,6,0,1,0,0,1,0,0,6.93257E+20,5.34724E+21,1.16034E+16,4.82489E+16
78190,9.17041E+18,9,6,71,122,2017,4,17,4,3,4,6,0,1,0,0,0,0,0,5.05509E+20,5.52565E+21,9.07668E+15,4.98832E+16
78191,9.17041E+18,9,7,77,151,2017,4,15,4,3,4,1,0,1,0,1,0,0,0,6.22644E+20,5.29095E+21,1.06366E+16,4.77602E+16
78192,9.17041E+18,9,1,74,126,2017,4,15,5,3,1,6,0,1,0,0,0,0,0,6.83117E+20,5.34444E+21,1.14657E+16,4.82267E+16
78193,9.17041E+18,9,1,87,129,2017,4,16,5,3,1,6,0,1,0,0,0,0,0,7.26406E+20,5.30057E+21,1.20247E+16,4.78186E+16
78194,9.17041E+18,9,6,76,165,2017,4,11,6,2,4,6,0,1,0,1,0,0,0,5.09604E+20,5.50485E+21,9.13317E+15,4.96961E+16
78195,9.17041E+18,9,7,71,142,2017,4,19,3,3,4,2,0,1,0,0,0,0,0,6.47154E+20,5.35109E+21,1.09841E+16,4.82959E+16
78196,9.17041E+18,9,1,84,119,2017,4,7,3,3,4,2,0,1,0,0,0,0,0,6.97582E+20,5.34951E+21,1.16626E+16,4.82679E+16
78197,9.17041E+18,9,1,82,132,2017,4,17,4,3,0,6,1,1,0,0,0,0,0,7.07031E+20,5.28713E+21,1.17598E+16,4.77043E+16
78198,9.17041E+18,9,2,79,122,2017,4,15,4,2,8,7,0,1,0,0,0,0,0,7.7222E+20,5.39983E+21,1.26994E+16,4.86921E+16
78199,9.17041E+18,9,1,87,169,2017,4,21,5,3,2,6,0,1,0,0,0,2,0,7.40828E+20,5.29869E+21,1.2216E+16,4.77965E+16
78200,9.17041E+18,9,6,61,0,2017,4,17,6,3,2,6,1,1,0,0,0,0,0,5.1006E+20,5.53801E+21,9.14035E+15,4.99943E+16
78201,9.17041E+18,9,4,74,126,2017,4,12,7,3,1,5,1,1,0,0,0,0,0,6.51796E+20,5.50938E+21,1.11059E+16,4.97178E+16
78202,9.17041E+18,9,5,77,136,2017,4,15,6,3,5,3,0,1,0,1,0,0,0,6.25676E+20,5.44162E+21,1.07222E+16,4.91146E+16
78203,9.17041E+18,9,4,74,176,2017,4,19,7,2,0,1,1,0,0,0,0,0,0,6.60363E+20,5.52019E+21,1.12291E+16,4.98127E+16
78204,9.17041E+18,9,5,75,143,2017,4,14,6,3,8,1,0,0,0,1,0,0,0,5.99398E+20,5.47602E+21,1.03708E+16,4.94287E+16
78205,9.17041E+18,9,4,71,145,2017,4,16,7,3,0,7,0,1,0,0,1,0,0,6.42547E+20,5.5193E+21,1.09812E+16,4.98092E+16
78206,9.17041E+18,9,5,71,216,2017,4,16,6,2,5,3,0,1,0,1,0,0,0,6.19573E+20,5.45107E+21,1.06414E+16,4.92008E+16
78207,9.17041E+18,9,4,71,137,2017,4,15,7,3,0,1,0,0,0,1,0,0,0,6.39647E+20,5.53381E+21,1.09462E+16,4.99403E+16
78208,9.17041E+18,9,3,77,129,2017,4,5,7,3,9,1,0,1,0,0,0,2,0,7.10276E+20,5.52782E+21,1.19261E+16,4.98658E+16
78209,9.17041E+18,9,4,75,154,2017,4,14,6,3,8,6,0,1,0,0,0,0,0,6.98259E+20,5.56552E+21,1.17786E+16,5.02086E+16
78210,9.17041E+18,9,3,73,147,2017,4,4,7,3,8,1,0,0,0,0,1,2,0,6.87166E+20,5.4621E+21,1.15737E+16,4.92829E+16
78211,9.17041E+18,9,3,75,175,2017,4,12,7,3,2,2,0,1,0,0,0,0,0,7.18188E+20,5.43521E+21,1.19851E+16,4.90311E+16
78212,9.17041E+18,9,4,74,126,2017,4,20,6,3,4,2,0,1,0,0,0,2,0,6.48346E+20,5.51013E+21,1.10583E+16,4.97253E+16
78213,9.17041E+18,9,3,72,153,2017,4,16,7,3,2,6,0,1,0,0,0,0,0,7.56543E+20,5.45594E+21,1.25221E+16,4.92025E+16
78214,9.17041E+18,9,3,71,118,2017,4,17,7,1,2,6,0,1,0,0,1,0,0,7.12028E+20,5.47573E+21,1.19223E+16,4.93973E+16
78215,9.17041E+18,9,3,71,150,2017,4,3,7,3,9,7,0,1,0,0,0,2,1,7.1957E+20,5.49299E+21,1.20357E+16,4.95497E+16
78216,9.17041E+18,9,4,71,133,2017,4,20,6,3,4,1,0,1,0,0,0,1,0,6.40577E+20,5.51567E+21,1.09526E+16,4.97771E+16
78217,9.17041E+18,9,3,61,0,2017,4,20,7,3,2,6,0,1,0,0,0,1,0,7.07583E+20,5.4808E+21,1.18638E+16,4.94444E+16
78218,9.17041E+18,9,3,71,136,2017,4,20,7,3,2,6,0,1,0,0,0,1,0,7.11417E+20,5.47547E+21,1.19138E+16,4.93952E+16
78219,9.17041E+18,9,2,71,141,2017,4,21,7,3,8,1,0,1,0,0,0,2,0,7.971E+20,5.40089E+21,1.30374E+16,4.86903E+16
78220,9.17041E+18,9,2,71,132,2017,4,11,7,3,8,1,0,1,0,0,0,0,0,7.87506E+20,5.42012E+21,1.29208E+16,4.88673E+16
78221,9.17041E+18,9,4,71,185,2017,4,17,6,2,0,1,0,0,0,1,0,0,0,6.50406E+20,5.53839E+21,1.10978E+16,4.99788E+16
78222,9.17041E+18,9,3,76,170,2017,4,17,5,2,9,1,0,0,0,1,0,0,0,7.27509E+20,5.45596E+21,1.21241E+16,4.92141E+16
78223,9.17041E+18,9,2,75,145,2017,4,12,7,3,6,4,0,1,1,0,0,0,0,8.21073E+20,5.3744E+21,1.33418E+16,4.84408E+16
78224,9.17041E+18,9,3,77,157,2017,4,16,6,2,5,3,0,1,0,1,0,0,0,7.19603E+20,5.54066E+21,1.2063E+16,4.99778E+16
78225,9.17041E+18,9,5,63,0,2017,4,15,5,2,4,2,0,1,0,1,0,0,0,6.43764E+20,5.48188E+21,1.09844E+16,4.94725E+16
78226,9.17041E+18,9,2,75,145,2017,4,14,7,2,9,1,0,1,0,0,0,0,0,8.1837E+20,5.3754E+21,1.33061E+16,4.84511E+16
78227,9.17041E+18,9,3,74,128,2017,4,9,6,3,8,1,0,1,0,0,0,0,0,7.23613E+20,5.51584E+21,1.21046E+16,4.97534E+16
78228,9.17041E+18,9,6,63,0,2017,4,23,5,3,2,6,0,1,0,0,0,2,0,5.66061E+20,5.51177E+21,9.91713E+15,4.97548E+16
78229,9.17041E+18,9,1,72,112,2017,4,12,6,2,2,6,1,0,0,0,0,0,0,7.88606E+20,5.3027E+21,1.28553E+16,4.78128E+16
78230,9.17041E+18,9,2,77,116,2017,4,21,7,3,0,1,0,1,0,0,0,2,0,7.78909E+20,5.36689E+21,1.2768E+16,4.83934E+16
78231,9.17041E+18,9,2,71,119,2017,4,3,6,3,2,6,0,1,0,0,0,2,0,7.92738E+20,5.4129E+21,1.29868E+16,4.88001E+16
78232,9.17042E+18,9,1,86,128,2017,4,18,5,3,8,1,0,0,0,1,0,0,0,6.78619E+20,5.38944E+21,1.14244E+16,4.86325E+16
78233,9.17042E+18,9,1,86,147,2017,4,17,5,2,3,6,0,1,0,0,1,0,0,6.80625E+20,5.38969E+21,1.14517E+16,4.86342E+16
78234,9.17042E+18,9,1,88,139,2017,4,13,5,3,8,7,1,0,0,0,0,0,1,6.75751E+20,5.31906E+21,1.13562E+16,4.80007E+16
78235,9.17042E+18,9,1,88,141,2017,4,10,5,3,8,1,0,1,0,0,0,0,1,6.69405E+20,5.31177E+21,1.12683E+16,4.79368E+16
78236,9.17042E+18,9,1,62,0,2017,4,7,4,3,2,6,0,1,0,0,1,0,1,6.90375E+20,5.33196E+21,1.15577E+16,4.81124E+16
78237,9.17042E+18,9,1,62,0,2017,4,7,4,3,2,6,0,0,0,0,1,0,1,6.90379E+20,5.33196E+21,1.15578E+16,4.81124E+16
78238,9.17042E+18,9,7,74,121,2017,4,1,4,3,8,1,0,1,0,0,0,2,1,6.00855E+20,5.36518E+21,1.03635E+16,4.84317E+16
78239,9.17042E+18,9,7,74,117,2017,4,6,4,3,4,6,0,1,0,0,1,0,2,5.98024E+20,5.34303E+21,1.032E+16,4.82329E+16
78240,9.17042E+18,9,7,77,170,2017,4,21,4,2,8,1,0,1,0,0,0,2,2,6.17795E+20,5.2768E+21,1.05681E+16,4.76339E+16
78241,9.17042E+18,9,7,63,0,2017,4,16,4,3,0,3,0,1,0,1,0,0,0,5.98077E+20,5.28808E+21,1.03082E+16,4.77386E+16
78242,9.17042E+18,9,7,80,143,2017,4,18,4,3,4,1,0,1,0,0,1,0,0,5.97412E+20,5.28194E+21,1.0298E+16,4.76835E+16
78243,9.17042E+18,9,7,76,116,2017,4,18,4,3,0,3,1,1,0,0,0,0,1,5.5434E+20,5.26646E+21,9.7222E+15,4.75493E+16