OBJECTID,UIDENTSTLA,ULAND,UREGBEZ,UKREIS,UGEMEINDE,UJAHR,UMONAT,USTUNDE,UWOCHENTAG,UKATEGORIE,UART,UTYP1,IstRad,IstPKW,IstFuss,IstKrad,IstSonstig,LICHT,STRZUSTAND,LINREFX,LINREFY,XGCSWGS84,YGCSWGS84
78244,9.17042E+18,9,7,63,0,2017,4,17,4,3,2,6,0,1,0,0,0,0,1,5.97869E+20,5.28726E+21,1.03052E+16,4.77313E+16
78245,9.17042E+18,9,7,79,218,2017,4,19,4,3,8,1,0,1,0,0,0,0,0,6.22705E+20,5.39812E+21,1.06685E+16,4.8724E+16
78246,9.17042E+18,9,6,79,205,2017,4,13,4,3,0,6,0,1,0,0,0,0,0,5.57456E+20,5.51425E+21,9.79804E+15,4.9778E+16
78247,9.17042E+18,9,6,73,151,2017,4,22,4,3,9,1,0,1,0,0,0,2,0,5.90321E+20,5.58344E+21,1.02708E+16,5.03961E+16
78248,9.17042E+18,9,6,62,0,2017,4,6,4,3,9,1,0,1,0,0,0,0,0,5.88148E+20,5.54556E+21,1.02314E+16,5.00558E+16
78249,9.17042E+18,9,6,62,0,2017,4,17,4,3,0,3,0,0,1,1,0,0,0,5.89178E+20,5.54641E+21,1.0246E+16,5.00633E+16
78250,9.17042E+18,9,6,62,0,2017,4,22,4,3,5,3,0,1,0,0,0,2,0,5.87393E+20,5.54464E+21,1.02206E+16,5.00476E+16
78251,9.17042E+18,9,5,62,0,2017,4,8,4,3,2,6,0,1,0,0,0,0,0,6.44038E+20,5.49157E+21,1.09917E+16,4.95596E+16
78252,9.17042E+18,9,5,74,138,2017,4,18,4,3,4,3,0,1,0,0,0,0,0,6.65548E+20,5.48533E+21,1.12863E+16,4.9498E+16
78253,9.17042E+18,9,5,72,130,2017,4,9,4,3,0,1,0,0,0,1,0,0,0,6.39838E+20,5.50573E+21,1.09388E+16,4.96879E+16
78254,9.17042E+18,9,5,65,0,2017,4,21,4,3,2,2,0,1,0,1,0,2,0,6.46332E+20,5.46592E+21,1.1014E+16,4.93285E+16
78255,9.17042E+18,9,5,76,141,2017,4,10,4,2,4,6,0,1,0,0,1,0,0,6.48873E+20,5.44408E+21,1.10408E+16,4.91315E+16
78256,9.17042E+18,9,3,73,147,2017,4,11,5,3,5,3,0,1,0,0,1,0,0,6.76424E+20,5.46057E+21,1.14254E+16,4.92724E+16
78257,9.17042E+18,9,3,72,125,2017,4,18,5,3,4,2,0,1,0,0,0,0,0,7.54469E+20,5.44417E+21,1.24862E+16,4.90977E+16
78258,9.17042E+18,9,3,62,0,2017,4,3,5,2,8,7,0,0,0,0,1,2,0,7.24155E+20,5.4338E+21,1.20658E+16,4.90164E+16
78259,9.17042E+18,9,5,63,0,2017,4,14,4,3,2,6,0,1,0,0,0,0,0,6.43975E+20,5.48173E+21,1.09873E+16,4.94712E+16
78260,9.17042E+18,9,5,64,0,2017,4,17,4,3,2,6,0,1,0,0,0,0,0,6.53339E+20,5.4806E+21,1.1116E+16,4.94586E+16
78261,9.17042E+18,9,5,64,0,2017,4,16,4,3,5,3,1,1,0,0,0,0,0,6.51133E+20,5.48176E+21,1.1086E+16,4.94697E+16
78262,9.17042E+18,9,5,64,0,2017,4,22,4,3,9,1,0,1,0,0,0,2,0,6.45067E+20,5.48751E+21,1.10045E+16,4.95228E+16
78263,9.17042E+18,9,5,77,161,2017,4,21,4,2,9,1,0,1,0,0,0,2,0,6.40819E+20,5.44138E+21,1.09295E+16,4.91091E+16
78264,9.17042E+18,9,5,75,145,2017,4,18,4,2,9,1,0,1,0,0,0,0,0,6.21812E+20,5.48531E+21,1.06826E+16,4.95082E+16
78265,9.17042E+18,9,5,75,134,2017,4,13,4,3,1,6,0,1,0,0,0,0,1,5.84752E+20,5.4934E+21,1.01726E+16,4.95872E+16
78266,9.17042E+18,9,4,75,154,2017,4,14,4,3,4,2,0,1,0,0,0,0,0,6.98861E+20,5.56271E+21,1.17856E+16,5.01832E+16
78267,9.17042E+18,9,4,62,0,2017,4,0,4,2,5,3,0,1,0,0,0,2,1,6.85548E+20,5.53598E+21,1.15864E+16,4.99473E+16
78268,9.17042E+18,9,4,61,0,2017,4,21,4,3,4,2,0,1,0,0,0,2,1,6.37887E+20,5.52929E+21,1.09201E+16,4.99001E+16
78269,9.17042E+18,9,3,75,196,2017,4,15,4,2,3,6,1,0,0,1,0,0,0,7.31727E+20,5.41241E+21,1.21571E+16,4.88214E+16
78270,9.17042E+18,9,3,72,135,2017,4,7,4,3,2,6,0,1,0,0,0,0,0,7.88034E+20,5.45761E+21,1.29546E+16,4.92036E+16
78271,9.17042E+18,9,3,61,0,2017,4,16,4,2,5,3,1,1,0,0,0,0,0,7.06112E+20,5.48222E+21,1.18443E+16,4.94576E+16
78272,9.17042E+18,9,2,62,0,2017,4,14,4,3,4,2,0,1,0,0,0,0,0,8.25715E+20,5.38955E+21,1.34162E+16,4.85743E+16
78273,9.17042E+18,9,2,62,0,2017,4,6,4,2,0,1,0,0,0,1,0,0,2,8.28585E+20,5.38996E+21,1.34553E+16,4.85765E+16
78274,9.17042E+18,9,2,75,130,2017,4,14,4,3,2,6,0,1,0,0,0,0,0,8.13291E+20,5.36217E+21,1.32278E+16,4.83349E+16
78275,9.17042E+18,9,2,77,153,2017,4,13,4,3,0,7,0,1,0,0,0,0,0,7.80442E+20,5.36409E+21,1.27868E+16,4.83676E+16
78276,9.17042E+18,9,2,73,177,2017,4,19,4,2,8,7,0,1,0,0,0,0,0,7.09268E+20,5.40142E+21,1.18459E+16,4.87306E+16
78277,9.17042E+18,9,2,61,0,2017,4,7,4,3,4,2,0,1,0,0,0,0,0,7.32077E+20,5.37994E+21,1.21436E+16,4.85297E+16
78278,9.17042E+18,9,2,74,126,2017,4,11,4,3,5,3,0,1,0,1,0,0,0,7.33405E+20,5.3838E+21,1.21638E+16,4.85638E+16
78279,9.17042E+18,9,2,79,130,2017,4,7,4,3,3,2,0,1,0,0,0,0,0,7.50288E+20,5.39221E+21,1.23973E+16,4.86328E+16
78280,9.17042E+18,9,1,73,120,2017,4,9,4,3,2,6,0,1,0,0,0,0,1,6.91967E+20,5.31296E+21,1.15706E+16,4.79412E+16
78281,9.17042E+18,9,1,89,159,2017,4,8,5,3,8,1,0,1,0,0,0,0,1,7.61017E+20,5.30423E+21,1.24884E+16,4.78384E+16
78282,9.17042E+18,9,1,90,159,2017,4,13,4,2,5,3,0,1,0,0,0,0,1,6.63275E+20,5.30581E+21,1.1184E+16,4.78848E+16
78283,9.17042E+18,9,1,73,147,2017,4,15,5,2,1,5,0,1,0,0,0,0,0,6.81529E+20,5.30954E+21,1.14295E+16,4.79135E+16
78284,9.17042E+18,9,1,73,112,2017,4,7,4,3,1,6,0,1,1,0,1,0,1,6.92261E+20,5.29305E+21,1.15657E+16,4.77621E+16
78285,9.17042E+18,9,1,71,137,2017,4,6,5,3,5,3,0,1,0,0,0,0,0,7.7087E+20,5.35202E+21,1.26501E+16,4.82634E+16
78286,9.17042E+18,9,1,83,148,2017,4,13,4,3,2,6,0,1,0,0,0,0,0,7.54136E+20,5.34491E+21,1.24207E+16,4.82065E+16
78287,9.17042E+18,9,1,83,120,2017,4,6,4,3,5,3,0,1,0,0,1,0,1,7.49544E+20,5.34923E+21,1.23616E+16,4.82471E+16
78288,9.17042E+18,9,1,87,128,2017,4,13,4,3,2,6,0,1,0,0,1,0,0,7.45496E+20,5.31094E+21,1.22852E+16,4.79048E+16
78289,9.17042E+18,9,1,82,116,2017,4,11,4,3,5,3,0,1,0,0,0,0,1,7.04025E+20,5.29525E+21,1.17235E+16,4.77783E+16
78290,9.17042E+18,9,1,61,0,2017,4,17,4,2,4,6,0,1,0,0,1,0,0,6.77429E+20,5.40018E+21,1.14128E+16,4.87294E+16
78291,9.17042E+18,9,1,61,0,2017,4,11,4,3,5,3,0,1,0,0,0,0,0,6.704E+20,5.40534E+21,1.13195E+16,4.87777E+16
78292,9.17042E+18,9,1,86,152,2017,4,15,4,3,5,3,0,1,0,0,1,0,0,6.91077E+20,5.37573E+21,1.1587E+16,4.85056E+16
78293,9.17042E+18,9,1,86,139,2017,4,8,4,2,5,3,0,1,0,0,0,0,0,6.97463E+20,5.4037E+21,1.16867E+16,4.8755E+16
78294,9.17042E+18,9,1,76,122,2017,4,23,4,3,8,7,0,1,0,0,0,2,0,6.62103E+20,5.40631E+21,1.1207E+16,4.87886E+16
78295,9.17042E+18,9,1,79,145,2017,4,14,4,3,5,3,1,1,0,0,0,0,1,6.75917E+20,5.33861E+21,1.13664E+16,4.81764E+16
78296,9.17042E+18,9,1,74,146,2017,4,3,4,3,8,1,0,1,0,0,0,2,0,6.68253E+20,5.34821E+21,1.12672E+16,4.82647E+16
78297,9.17042E+18,9,1,84,112,2017,4,17,4,3,2,6,0,1,0,0,0,0,0,7.03212E+20,5.33927E+21,1.17335E+16,4.81742E+16
78298,9.17042E+18,9,1,77,126,2017,4,16,4,3,5,3,0,1,0,0,0,0,0,7.19519E+20,5.36977E+21,1.19684E+16,4.84427E+16
78299,9.17042E+18,9,1,84,145,2017,4,7,3,2,4,2,0,1,0,0,1,0,1,6.94329E+20,5.32323E+21,1.16068E+16,4.80328E+16
78300,9.17042E+18,9,1,84,140,2017,4,8,3,3,2,2,0,1,0,0,0,0,1,7.02138E+20,5.32805E+21,1.17138E+16,4.80737E+16
78301,9.17042E+18,9,1,62,0,2017,4,10,3,3,2,7,0,1,0,0,0,0,1,6.92098E+20,5.3401E+21,1.15845E+16,4.81851E+16
78302,9.17042E+18,9,1,62,0,2017,4,15,3,2,0,7,1,0,0,0,1,0,0,6.95489E+20,5.33399E+21,1.16273E+16,4.81291E+16
78303,9.17042E+18,9,1,84,137,2017,4,7,3,3,2,6,0,1,0,0,0,0,1,7.0631E+20,5.31687E+21,1.17643E+16,4.79718E+16
78304,9.17042E+18,9,1,62,0,2017,4,19,3,3,4,2,0,1,0,0,0,1,1,6.97395E+20,5.33132E+21,1.16517E+16,4.81045E+16
78305,9.17042E+18,9,1,62,0,2017,4,16,3,3,2,6,0,1,0,0,0,0,0,6.9439E+20,5.3366E+21,1.16138E+16,4.81529E+16
78306,9.17042E+18,9,7,75,111,2017,4,13,3,3,0,7,0,1,0,0,1,0,1,5.83623E+20,5.33799E+21,1.01252E+16,4.81896E+16
78307,9.17042E+18,9,1,83,128,2017,4,18,5,3,1,5,0,1,0,0,0,0,0,7.62867E+20,5.3499E+21,1.25411E+16,4.82477E+16
78308,9.17042E+18,9,2,77,148,2017,4,12,5,3,5,3,0,1,0,0,0,0,0,7.8855E+20,5.35871E+21,1.28923E+16,4.83157E+16
78309,9.17042E+18,9,3,71,113,2017,4,15,5,3,2,6,0,1,0,0,0,0,0,6.86058E+20,5.5091E+21,1.15806E+16,4.97056E+16
78310,9.17042E+18,9,7,78,173,2017,4,15,3,3,8,7,0,0,0,0,1,0,1,6.13562E+20,5.32089E+21,1.05233E+16,4.80312E+16
78311,9.17042E+18,9,7,74,135,2017,4,17,3,3,8,1,0,1,0,0,0,0,1,5.95746E+20,5.3646E+21,1.02943E+16,4.84272E+16
78312,9.17042E+18,9,7,75,152,2017,4,16,3,3,2,6,0,1,0,0,0,0,0,5.77128E+20,5.35327E+21,1.00406E+16,4.83279E+16
78313,9.17042E+18,9,7,74,171,2017,4,16,3,3,5,3,0,1,0,0,0,0,0,6.01777E+20,5.37136E+21,1.03774E+16,4.84871E+16
78314,9.17042E+18,9,7,80,140,2017,4,15,3,3,8,1,0,1,0,0,0,0,1,6.03896E+20,5.28107E+21,1.03841E+16,4.76746E+16
78315,9.17042E+18,9,7,77,112,2017,4,8,3,3,8,1,0,1,0,0,0,0,1,6.25055E+20,5.29762E+21,1.06707E+16,4.78198E+16
78316,9.17042E+18,9,7,80,132,2017,4,12,3,3,9,1,0,1,0,0,0,0,2,5.8418E+20,5.26765E+21,1.01189E+16,4.75568E+16
78317,9.17042E+18,9,7,77,129,2017,4,15,3,3,2,7,0,0,0,1,0,2,1,6.24725E+20,5.26929E+21,1.06581E+16,4.7565E+16
78318,9.17042E+18,9,7,77,129,2017,4,19,3,3,4,1,0,1,0,0,0,0,1,6.26947E+20,5.27323E+21,1.06888E+16,4.76E+16
78319,9.17042E+18,9,7,77,169,2017,4,14,3,2,4,2,0,1,0,0,0,0,1,6.32546E+20,5.27177E+21,1.07628E+16,4.75858E+16
78320,9.17042E+18,9,7,77,129,2017,4,15,3,3,2,6,0,1,0,0,0,0,2,6.28091E+20,5.27042E+21,1.07032E+16,4.75746E+16
78321,9.17042E+18,9,7,77,129,2017,4,18,3,3,4,1,0,1,0,0,0,0,2,6.27599E+20,5.26912E+21,1.06963E+16,4.7563E+16
78322,9.17042E+18,9,7,72,147,2017,4,18,3,3,2,6,0,1,0,0,0,0,1,6.36002E+20,5.36442E+21,1.08381E+16,4.84182E+16
78323,9.17042E+18,9,7,61,0,2017,4,6,3,3,2,6,0,1,0,0,0,0,2,6.38399E+20,5.35675E+21,1.0868E+16,4.83487E+16
78324,9.17042E+18,9,7,72,147,2017,4,15,3,3,8,1,0,1,0,0,0,0,1,6.30622E+20,5.36427E+21,1.07654E+16,4.84181E+16
78325,9.17042E+18,9,7,72,131,2017,4,16,3,3,5,3,0,1,0,0,1,0,1,6.17852E+20,5.35617E+21,1.05906E+16,4.83477E+16
78326,9.17042E+18,9,7,61,0,2017,4,9,3,3,3,6,0,1,0,0,0,0,0,6.42416E+20,5.35928E+21,1.0923E+16,4.83706E+16
78327,9.17042E+18,9,7,61,0,2017,4,6,3,2,2,6,0,1,0,0,0,0,1,6.39751E+20,5.36082E+21,1.08876E+16,4.8385E+16
78328,9.17042E+18,9,6,73,171,2017,4,16,3,3,8,1,0,1,0,0,0,0,1,5.89503E+20,5.57023E+21,1.02561E+16,5.02775E+16
78329,9.17042E+18,9,6,74,163,2017,4,17,3,3,2,6,0,1,0,0,0,0,1,6.11648E+20,5.53889E+21,1.05576E+16,4.99919E+16
78330,9.17042E+18,9,6,78,130,2017,4,20,3,3,8,1,0,1,0,0,0,1,1,5.94768E+20,5.52809E+21,1.03196E+16,4.98976E+16
78331,9.17042E+18,9,6,62,0,2017,4,7,3,3,2,6,0,1,0,1,0,0,1,5.8812E+20,5.54481E+21,1.02308E+16,5.0049E+16
78332,9.17042E+18,9,6,76,134,2017,4,10,3,3,5,3,0,1,0,0,0,0,1,5.13138E+20,5.51193E+21,9.18242E+15,4.97597E+16
78333,9.17042E+18,9,6,71,122,2017,4,19,3,3,4,2,0,1,0,0,1,0,0,5.06777E+20,5.53208E+21,9.09444E+15,4.9941E+16
78334,9.17042E+18,9,5,76,113,2017,4,19,3,1,8,1,0,1,0,0,0,2,1,6.61408E+20,5.45696E+21,1.12177E+16,4.92441E+16
78335,9.17042E+18,9,5,76,127,2017,4,12,3,3,3,6,0,1,0,0,1,0,0,6.65626E+20,5.44469E+21,1.12706E+16,4.91327E+16
78336,9.17042E+18,9,5,73,134,2017,4,7,3,3,3,6,0,1,0,0,1,0,1,6.40303E+20,5.47729E+21,1.09351E+16,4.94321E+16
78337,9.17042E+18,9,5,73,127,2017,4,13,3,3,4,6,0,0,0,0,1,0,0,6.4218E+20,5.47229E+21,1.09591E+16,4.93867E+16
78338,9.17042E+18,9,5,71,208,2017,4,7,3,3,8,1,0,0,0,0,1,0,1,6.17012E+20,5.43968E+21,1.0603E+16,4.90989E+16
78339,9.17042E+18,9,5,61,0,2017,4,11,3,3,4,2,0,1,0,0,0,0,0,6.14671E+20,5.46235E+21,1.05774E+16,4.93031E+16
78340,9.17042E+18,9,4,75,154,2017,4,7,3,3,8,1,0,1,0,0,0,1,1,6.94509E+20,5.56336E+21,1.1725E+16,5.01905E+16
78341,9.17042E+18,9,4,73,166,2017,4,10,3,2,2,6,0,1,0,0,0,0,0,6.52182E+20,5.56549E+21,1.11334E+16,5.0222E+16
78342,9.17042E+18,9,4,78,139,2017,4,21,3,3,4,2,0,1,0,0,0,2,1,6.4767E+20,5.55619E+21,1.10666E+16,5.01395E+16
78343,9.17042E+18,9,4,76,145,2017,4,12,3,3,2,6,0,1,0,0,0,0,0,6.66284E+20,5.56763E+21,1.13319E+16,5.02374E+16
78344,9.17042E+18,9,4,73,121,2017,4,23,3,3,0,6,0,1,0,0,0,2,1,6.47103E+20,5.56494E+21,1.1062E+16,5.02183E+16
78345,9.17042E+18,9,4,72,146,2017,4,15,3,3,2,6,0,1,0,0,1,0,0,6.86474E+20,5.52923E+21,1.1596E+16,4.98864E+16
78346,9.17042E+18,9,4,72,127,2017,4,17,3,3,5,3,0,1,0,0,0,0,0,6.88552E+20,5.5249E+21,1.16228E+16,4.98468E+16
78347,9.17042E+18,9,4,74,175,2017,4,18,3,3,2,6,0,1,0,0,0,0,0,6.54008E+20,5.50859E+21,1.11362E+16,4.97101E+16
78348,9.17042E+18,9,3,74,124,2017,4,4,3,3,9,1,0,1,0,0,0,2,1,7.14046E+20,5.51025E+21,1.19689E+16,4.97066E+16
78349,9.17042E+18,9,3,72,154,2017,4,16,3,2,4,6,0,1,0,0,0,0,1,7.55649E+20,5.474E+21,1.25214E+16,4.93651E+16
78350,9.17042E+18,9,3,75,213,2017,4,16,3,2,4,2,0,1,0,0,0,0,1,7.28068E+20,5.44322E+21,1.21246E+16,4.90995E+16
78351,9.17042E+18,9,3,62,0,2017,4,18,3,3,4,2,0,1,0,0,0,0,0,7.26486E+20,5.4332E+21,1.20973E+16,4.90101E+16
78352,9.17042E+18,9,6,79,117,2017,4,13,2,3,5,3,0,1,0,0,0,0,1,5.76852E+20,5.52749E+21,1.007E+16,4.98949E+16
78353,9.17042E+18,9,3,72,137,2017,4,16,3,3,2,2,0,1,0,0,0,0,1,7.81925E+20,5.45447E+21,1.28687E+16,4.91782E+16
78354,9.17042E+18,9,3,76,175,2017,4,18,3,3,4,1,0,1,0,0,1,0,2,7.31444E+20,5.46556E+21,1.21836E+16,4.92989E+16
78355,9.17042E+18,9,3,76,161,2017,4,6,3,3,8,1,0,1,0,0,0,0,1,7.28857E+20,5.47287E+21,1.21523E+16,4.93655E+16
78356,9.17042E+18,9,3,71,131,2017,4,6,3,3,2,3,0,1,0,0,1,1,1,6.92744E+20,5.4801E+21,1.1659E+16,4.9443E+16
78357,9.17042E+18,9,3,76,161,2017,4,18,3,3,5,3,0,1,0,1,0,1,1,7.23451E+20,5.46877E+21,1.20757E+16,4.93307E+16
78358,9.17042E+18,9,3,76,149,2017,4,17,3,3,4,6,0,1,0,0,1,0,1,7.38685E+20,5.45001E+21,1.22738E+16,4.91564E+16
78359,9.17042E+18,9,3,76,119,2017,4,11,3,2,5,3,1,1,0,0,0,0,0,7.21238E+20,5.45528E+21,1.20378E+16,4.92103E+16
78360,9.17042E+18,9,2,78,140,2017,4,17,3,3,8,1,0,1,0,0,0,0,1,7.75155E+20,5.41906E+21,1.2752E+16,4.88634E+16
78361,9.17042E+18,9,2,78,134,2017,4,12,3,3,8,7,0,1,0,0,0,0,1,7.67091E+20,5.43379E+21,1.26519E+16,4.89991E+16
78362,9.17042E+18,9,2,75,159,2017,4,14,3,2,9,6,0,1,0,0,0,0,2,8.19093E+20,5.39496E+21,1.33308E+16,4.86262E+16
78363,9.17042E+18,9,2,75,153,2017,4,13,3,3,5,7,0,1,0,0,1,0,2,8.41908E+20,5.39203E+21,1.3637E+16,4.85878E+16
78364,9.17042E+18,9,2,75,154,2017,4,9,3,3,2,6,0,1,0,0,0,0,1,8.08643E+20,5.3949E+21,1.31894E+16,4.86309E+16
78365,9.17042E+18,9,2,77,138,2017,4,15,3,3,1,6,0,1,0,0,0,0,1,7.92255E+20,5.37047E+21,1.29504E+16,4.84195E+16
78366,9.17042E+18,9,2,75,119,2017,4,13,3,3,0,7,0,1,0,0,0,0,1,8.32347E+20,5.40043E+21,1.35145E+16,4.86683E+16
78367,9.17042E+18,9,2,62,0,2017,4,12,3,3,9,7,0,1,0,0,0,0,1,8.26361E+20,5.38868E+21,1.34242E+16,4.85661E+16
78368,9.17042E+18,9,2,72,122,2017,4,10,3,3,4,1,0,1,0,0,1,0,2,8.50247E+20,5.41862E+21,1.37723E+16,4.88216E+16
78369,9.17042E+18,9,2,72,126,2017,4,12,3,3,5,1,0,1,0,0,0,0,2,8.37197E+20,5.41789E+21,1.35945E+16,4.88223E+16
78370,9.17042E+18,9,2,74,126,2017,4,14,3,3,2,1,0,1,0,0,0,0,2,7.34267E+20,5.38614E+21,1.21768E+16,4.85845E+16
78371,9.17042E+18,9,2,74,127,2017,4,11,3,3,2,1,0,1,0,0,0,0,2,7.34366E+20,5.39751E+21,1.21845E+16,4.86866E+16
78372,9.17042E+18,9,2,74,126,2017,4,14,3,2,2,1,0,1,0,0,0,0,2,7.34028E+20,5.38607E+21,1.21735E+16,4.8584E+16
78373,9.17042E+18,9,2,74,126,2017,4,14,3,2,2,1,0,1,0,0,0,0,2,7.34028E+20,5.38607E+21,1.21735E+16,4.8584E+16
78374,9.17042E+18,9,6,71,156,2017,4,12,6,3,5,3,0,1,0,0,0,0,0,5.20832E+20,5.53605E+21,9.29054E+15,4.99764E+16
78375,9.17042E+18,9,2,74,126,2017,4,14,3,3,2,1,0,1,0,0,1,0,2,7.34076E+20,5.38608E+21,1.21741E+16,4.85841E+16
78376,9.17042E+18,9,6,61,0,2017,4,15,6,3,5,2,1,1,0,0,0,0,0,5.08956E+20,5.53416E+21,9.12486E+15,4.99597E+16
78377,9.17042E+18,9,2,74,127,2017,4,11,3,2,8,1,0,1,0,0,0,0,2,7.34366E+20,5.39751E+21,1.21845E+16,4.86866E+16
78378,9.17042E+18,9,5,76,122,2017,4,14,6,3,2,7,0,1,0,0,0,0,0,6.72415E+20,5.43422E+21,1.13591E+16,4.90367E+16
78379,9.17042E+18,9,5,76,113,2017,4,11,6,3,3,6,0,1,0,0,0,0,0,6.62354E+20,5.4536E+21,1.12293E+16,4.92136E+16
78380,9.17042E+18,9,5,76,117,2017,4,14,6,2,5,3,0,1,0,0,0,0,0,6.48026E+20,5.45969E+21,1.1035E+16,4.9272E+16
78381,9.17042E+18,9,5,76,147,2017,4,16,6,3,5,3,0,1,0,0,0,0,0,6.40219E+20,5.44889E+21,1.09239E+16,4.91768E+16
78382,9.17042E+18,9,6,79,170,2017,4,13,2,2,4,6,0,1,0,0,0,0,1,5.77277E+20,5.50147E+21,1.00708E+16,4.96608E+16
78383,9.17042E+18,9,2,74,126,2017,4,14,3,3,8,1,0,1,0,0,0,0,2,7.34029E+20,5.38607E+21,1.21735E+16,4.8584E+16
78384,9.17042E+18,9,2,74,126,2017,4,14,3,3,2,6,0,1,0,0,0,0,2,7.34028E+20,5.38607E+21,1.21735E+16,4.8584E+16
78385,9.17042E+18,9,5,63,0,2017,4,15,6,3,2,6,0,1,0,0,0,0,0,6.44099E+20,5.48014E+21,1.09884E+16,4.94568E+16
78386,9.17042E+18,9,2,74,154,2017,4,15,3,3,4,1,0,1,0,0,0,0,2,7.39338E+20,5.36663E+21,1.22342E+16,4.84073E+16
78387,9.17042E+18,9,5,71,198,2017,4,12,6,2,5,3,0,1,0,0,0,0,0,5.91875E+20,5.4596E+21,1.02633E+16,4.92822E+16
78388,9.17042E+18,9,2,61,0,2017,4,15,3,3,5,7,0,1,0,0,0,0,0,7.32772E+20,5.37856E+21,1.21523E+16,4.8517E+16
78389,9.17042E+18,9,5,71,145,2017,4,16,6,3,1,6,0,1,0,0,0,0,0,5.9647E+20,5.44702E+21,1.03234E+16,4.91684E+16
78390,9.17042E+18,9,5,71,171,2017,4,19,6,3,8,1,0,1,0,0,0,1,0,6.06671E+20,5.47099E+21,1.04697E+16,4.93822E+16
78391,9.17042E+18,9,4,79,152,2017,4,15,6,3,8,1,0,0,0,1,0,0,0,7.24488E+20,5.5657E+21,1.21458E+16,5.02008E+16
78392,9.17042E+18,9,6,79,130,2017,4,13,2,3,9,1,0,1,0,0,0,0,1,5.72548E+20,5.52184E+21,1.00091E+16,4.98446E+16
78393,9.17042E+18,9,2,74,128,2017,4,6,3,2,5,2,1,1,0,0,0,1,1,7.37248E+20,5.38962E+21,1.22191E+16,4.86146E+16
78394,9.17042E+18,9,2,79,125,2017,4,11,3,3,8,1,0,0,0,0,1,0,2,7.66759E+20,5.39204E+21,1.26203E+16,4.86245E+16
78395,9.17042E+18,9,1,73,120,2017,4,12,3,3,5,3,0,1,0,0,0,0,1,6.85169E+20,5.31055E+21,1.14786E+16,4.79215E+16
78396,9.17042E+18,9,1,80,122,2017,4,7,3,3,4,1,0,1,0,0,1,0,2,6.68612E+20,5.26131E+21,1.12381E+16,4.74834E+16
78397,9.17042E+18,9,1,73,118,2017,4,17,3,2,8,1,0,1,0,0,0,0,1,6.93412E+20,5.30535E+21,1.15865E+16,4.78724E+16
78398,9.17042E+18,9,4,75,168,2017,4,16,6,3,9,7,0,1,0,0,1,0,0,7.09292E+20,5.56884E+21,1.19349E+16,5.02347E+16
78399,9.17042E+18,9,4,73,144,2017,4,10,6,2,4,1,0,1,0,0,0,0,0,6.36469E+20,5.57327E+21,1.09161E+16,5.02957E+16
78400,9.17042E+18,9,4,72,146,2017,4,6,6,2,2,6,0,1,0,0,1,0,0,6.86092E+20,5.52887E+21,1.15905E+16,4.98833E+16
78401,9.17042E+18,9,4,72,175,2017,4,12,6,3,5,3,0,1,0,0,0,0,0,6.82652E+20,5.51349E+21,1.15354E+16,4.97462E+16
78402,9.17042E+18,9,4,77,142,2017,4,19,6,2,4,2,0,1,0,1,0,0,0,6.78982E+20,5.54436E+21,1.14988E+16,5.00246E+16
78403,9.17042E+18,9,4,72,115,2017,4,6,6,2,8,1,0,1,0,0,0,0,0,6.58555E+20,5.52753E+21,1.12069E+16,4.98792E+16
78404,9.17042E+18,9,4,72,154,2017,4,7,6,3,8,1,0,0,0,0,1,0,0,6.66117E+20,5.5316E+21,1.13139E+16,4.99137E+16
78405,9.17042E+18,9,4,62,0,2017,4,17,6,3,1,7,0,1,0,0,0,0,0,6.86964E+20,5.53346E+21,1.16048E+16,4.99242E+16
78406,9.17042E+18,9,4,71,189,2017,4,10,6,2,6,7,0,1,1,0,0,0,0,6.51986E+20,5.53954E+21,1.11203E+16,4.99888E+16
78407,9.17042E+18,9,4,61,0,2017,4,7,6,3,2,6,0,1,0,0,0,0,0,6.38081E+20,5.52778E+21,1.09222E+16,4.98864E+16
78408,9.17042E+18,9,3,75,210,2017,4,11,6,3,2,6,0,1,0,0,0,0,0,7.4899E+20,5.43258E+21,1.24042E+16,4.89958E+16
78409,9.17042E+18,9,3,62,0,2017,4,18,6,3,2,6,0,1,0,0,0,0,0,7.23898E+20,5.43328E+21,1.2062E+16,4.90118E+16
78410,9.17042E+18,9,3,75,127,2017,4,5,6,3,9,1,0,1,0,0,0,1,0,7.09734E+20,5.43495E+21,1.18695E+16,4.90317E+16
78411,9.17042E+18,9,3,75,153,2017,4,16,6,3,5,6,0,1,0,0,0,0,0,7.18698E+20,5.44635E+21,1.19981E+16,4.9131E+16
78412,9.17042E+18,9,3,73,147,2017,4,21,6,3,4,3,0,1,0,0,0,2,0,6.76857E+20,5.46256E+21,1.14322E+16,4.92902E+16
78413,9.17042E+18,9,1,89,149,2017,4,23,3,3,9,1,0,1,0,0,0,2,1,7.6597E+20,5.33018E+21,1.25705E+16,4.80694E+16
78414,9.17042E+18,9,3,76,153,2017,4,11,6,3,2,6,0,1,0,1,0,0,0,7.30695E+20,5.48739E+21,1.2186E+16,4.94952E+16
78415,9.17042E+18,9,3,76,149,2017,4,16,6,3,2,1,0,1,0,0,0,0,0,7.38312E+20,5.45455E+21,1.22714E+16,4.91974E+16