OBJECTID,UIDENTSTLA,ULAND,UREGBEZ,UKREIS,UGEMEINDE,UJAHR,UMONAT,USTUNDE,UWOCHENTAG,UKATEGORIE,UART,UTYP1,IstRad,IstPKW,IstFuss,IstKrad,IstSonstig,LICHT,STRZUSTAND,LINREFX,LINREFY,XGCSWGS84,YGCSWGS84
78589,9.17043E+18,9,4,73,165,2017,4,12,3,3,9,1,0,1,0,0,0,0,0,6.307E+20,5.56357E+21,1.08318E+16,5.02099E+16
78590,9.17043E+18,9,4,77,164,2017,4,10,3,3,2,1,0,1,0,0,1,0,0,6.63726E+20,5.5418E+21,1.12849E+16,5.0006E+16
78591,9.17043E+18,9,4,71,169,2017,4,16,3,2,5,3,0,1,0,0,0,0,0,6.38674E+20,5.52229E+21,1.09285E+16,4.9837E+16
78592,9.17043E+18,9,3,74,162,2017,4,0,3,2,9,7,0,0,0,0,1,2,0,7.41094E+20,5.50103E+21,1.23377E+16,4.96136E+16
78593,9.17043E+18,9,3,75,180,2017,4,13,3,3,1,6,0,1,0,0,0,0,0,7.24263E+20,5.43104E+21,1.20658E+16,4.89915E+16
78594,9.17043E+18,9,3,61,0,2017,4,17,3,3,2,6,0,1,0,0,0,0,1,7.09727E+20,5.47952E+21,1.18927E+16,4.94322E+16
78595,9.17043E+18,9,3,76,161,2017,4,7,3,3,5,3,0,1,0,1,0,0,0,7.25752E+20,5.46896E+21,1.21074E+16,4.93316E+16
78596,9.17043E+18,9,3,76,147,2017,4,16,3,3,1,1,0,1,0,0,0,0,0,7.42257E+20,5.46929E+21,1.23344E+16,4.93282E+16
78597,9.17043E+18,9,3,71,113,2017,4,17,3,3,6,2,0,1,1,0,0,0,1,6.89517E+20,5.50792E+21,1.16279E+16,4.96939E+16
78598,9.17043E+18,9,3,61,0,2017,4,15,3,3,5,3,1,1,0,0,0,0,0,7.08158E+20,5.47994E+21,1.18713E+16,4.94364E+16
78599,9.17043E+18,9,3,71,127,2017,4,6,3,3,4,6,0,1,0,0,0,1,0,7.11973E+20,5.49104E+21,1.19298E+16,4.95348E+16
78600,9.17042E+18,9,1,77,115,2017,4,19,2,2,8,1,0,0,0,1,0,0,0,7.37311E+20,5.35037E+21,1.21977E+16,4.8262E+16
78601,9.17042E+18,9,7,78,218,2017,4,16,1,3,8,1,0,0,0,1,0,0,0,5.95427E+20,5.305E+21,1.02766E+16,4.78912E+16
78602,9.17042E+18,9,7,74,135,2017,4,18,1,3,5,3,0,1,0,0,0,0,0,5.9398E+20,5.36581E+21,1.02707E+16,4.84384E+16
78603,9.17043E+18,9,2,76,116,2017,4,6,3,3,9,1,0,1,0,0,0,0,0,7.96268E+20,5.42791E+21,1.30456E+16,4.89331E+16
78604,9.17043E+18,9,2,71,141,2017,4,23,3,3,8,1,0,1,0,0,0,2,1,7.91517E+20,5.39353E+21,1.29565E+16,4.86268E+16
78605,9.17043E+18,9,2,71,111,2017,4,13,3,3,1,6,0,1,0,0,1,0,1,7.88732E+20,5.40675E+21,1.2928E+16,4.87468E+16
78606,9.17043E+18,9,2,71,127,2017,4,15,3,3,4,2,0,1,0,0,0,0,0,8.04157E+20,5.40575E+21,1.31366E+16,4.87304E+16
78607,9.17043E+18,9,2,62,0,2017,4,14,3,3,1,6,0,1,0,0,0,0,0,8.25929E+20,5.38758E+21,1.34175E+16,4.85565E+16
78608,9.17043E+18,9,2,74,128,2017,4,7,3,3,9,1,0,1,0,0,0,0,1,7.35028E+20,5.38633E+21,1.21872E+16,4.85859E+16
78609,9.17043E+18,9,2,74,145,2017,4,16,3,3,9,6,0,1,0,0,0,0,1,7.44915E+20,5.38283E+21,1.23189E+16,4.85507E+16
78610,9.17043E+18,9,2,74,179,2017,4,7,3,3,5,3,0,1,0,0,0,0,1,7.55996E+20,5.37569E+21,1.24645E+16,4.84822E+16
78611,9.17043E+18,9,2,73,115,2017,4,7,3,2,9,1,0,1,0,0,0,0,1,7.11752E+20,5.39174E+21,1.18747E+16,4.86428E+16
78612,9.17043E+18,9,2,73,111,2017,4,6,3,3,5,3,0,1,0,1,0,0,1,7.09166E+20,5.41076E+21,1.18493E+16,4.88146E+16
78613,9.17043E+18,9,1,90,131,2017,4,18,3,2,8,7,0,1,0,0,0,0,1,6.63375E+20,5.29167E+21,1.118E+16,4.77577E+16
78614,9.17043E+18,9,1,73,124,2017,4,10,3,3,2,6,0,1,0,0,0,0,0,6.92447E+20,5.29062E+21,1.15671E+16,4.77402E+16
78615,9.17043E+18,9,1,82,133,2017,4,12,3,3,2,6,0,0,0,0,1,0,0,7.06259E+20,5.30667E+21,1.17588E+16,4.78802E+16
78616,9.17043E+18,9,1,82,137,2017,4,23,3,2,9,1,0,1,0,0,0,2,1,7.1246E+20,5.29953E+21,1.18381E+16,4.7814E+16
78617,9.17043E+18,9,1,61,0,2017,4,18,3,3,5,3,1,1,0,0,0,0,0,6.79944E+20,5.40311E+21,1.14483E+16,4.87549E+16
78618,9.17043E+18,9,1,85,158,2017,4,7,3,3,5,2,1,1,0,0,0,0,0,6.67358E+20,5.38052E+21,1.12681E+16,4.85555E+16
78619,9.17043E+18,9,1,76,112,2017,4,13,3,3,8,1,0,1,0,0,0,1,0,6.89536E+20,5.42484E+21,1.15887E+16,4.89474E+16
78620,9.17043E+18,9,1,81,127,2017,4,15,3,3,9,1,0,1,0,0,0,0,1,6.32185E+20,5.32226E+21,1.07734E+16,4.80399E+16
78621,9.17043E+18,9,1,62,0,2017,4,15,3,3,2,6,0,1,0,1,0,0,1,6.87329E+20,5.33316E+21,1.15174E+16,4.81241E+16
78622,9.17043E+18,9,1,81,122,2017,4,13,3,3,8,6,1,1,0,0,0,0,1,6.51531E+20,5.33077E+21,1.10358E+16,4.81122E+16
78623,9.17043E+18,9,1,62,0,2017,4,8,3,3,2,6,0,1,0,0,0,0,0,6.9976E+20,5.33521E+21,1.16852E+16,4.81388E+16
78624,9.17043E+18,9,1,77,126,2017,4,7,3,3,2,6,0,1,0,0,0,0,1,7.19262E+20,5.37051E+21,1.19654E+16,4.84495E+16
78625,9.17043E+18,9,1,78,133,2017,4,16,3,3,5,3,0,1,0,0,0,0,1,6.87964E+20,5.36381E+21,1.15395E+16,4.83994E+16
78626,9.17042E+18,9,1,62,0,2017,4,9,2,3,4,6,0,1,0,0,0,0,0,6.82654E+20,5.34125E+21,1.14581E+16,4.81982E+16
78627,9.17042E+18,9,1,62,0,2017,4,15,2,3,5,7,1,1,0,0,0,0,1,6.93407E+20,5.3393E+21,1.16018E+16,4.81774E+16
78628,9.17042E+18,9,7,75,135,2017,4,16,2,3,1,6,0,1,0,0,0,0,0,5.80465E+20,5.35499E+21,1.00859E+16,4.83429E+16
78629,9.17042E+18,9,7,78,190,2017,4,18,2,3,3,7,0,1,0,0,0,0,0,6.09822E+20,5.33048E+21,1.04756E+16,4.81181E+16
78630,9.17042E+18,9,7,64,0,2017,4,12,2,3,4,6,1,0,0,0,0,0,0,5.87207E+20,5.31461E+21,1.01686E+16,4.79788E+16
78631,9.17042E+18,9,7,75,129,2017,4,15,2,3,2,6,0,1,0,0,0,0,0,5.81908E+20,5.34193E+21,1.01028E+16,4.82253E+16
78632,9.17042E+18,9,7,75,115,2017,4,10,2,3,0,6,0,1,0,0,0,0,0,5.81574E+20,5.34456E+21,1.00989E+16,4.8249E+16
78633,9.17042E+18,9,7,63,0,2017,4,6,2,2,5,3,1,1,0,0,0,0,0,5.98486E+20,5.28649E+21,1.03133E+16,4.77242E+16
78634,9.17042E+18,9,7,63,0,2017,4,12,2,3,6,2,0,1,1,0,0,0,0,5.98493E+20,5.28649E+21,1.03134E+16,4.77243E+16
78635,9.17042E+18,9,7,80,139,2017,4,20,2,3,0,1,0,0,0,1,0,0,0,5.96536E+20,5.26127E+21,1.02817E+16,4.74977E+16
78636,9.17042E+18,9,7,80,137,2017,4,7,2,3,9,1,0,0,0,1,0,0,0,5.98561E+20,5.27062E+21,1.03107E+16,4.75815E+16
78637,9.17042E+18,9,7,79,186,2017,4,17,2,3,1,5,0,1,0,1,0,0,0,6.36054E+20,5.4114E+21,1.08543E+16,4.88406E+16
78638,9.17042E+18,9,7,79,131,2017,4,18,2,3,9,1,0,1,0,0,0,0,0,6.30559E+20,5.40143E+21,1.07762E+16,4.87522E+16
78639,9.17042E+18,9,7,79,148,2017,4,8,2,2,4,1,0,1,0,0,0,0,0,6.30874E+20,5.41359E+21,1.07844E+16,4.88615E+16
78640,9.17042E+18,9,7,72,163,2017,4,7,2,3,2,6,0,1,0,0,1,0,0,6.38921E+20,5.34956E+21,1.08727E+16,4.8284E+16
78641,9.17042E+18,9,7,72,160,2017,4,11,2,3,2,3,0,1,0,0,0,0,0,6.37821E+20,5.34039E+21,1.08549E+16,4.82018E+16
78642,9.17042E+18,9,7,72,200,2017,4,10,2,2,5,2,0,1,0,0,0,0,0,6.29164E+20,5.33677E+21,1.07373E+16,4.81711E+16
78643,9.17042E+18,9,7,72,184,2017,4,7,2,2,0,7,0,1,0,0,1,0,0,6.35021E+20,5.36357E+21,1.08246E+16,4.84108E+16
78644,9.17042E+18,9,7,61,0,2017,4,13,2,3,1,6,0,1,0,0,0,0,0,6.41003E+20,5.35556E+21,1.09027E+16,4.83375E+16
78645,9.17042E+18,9,7,71,113,2017,4,7,2,3,2,6,0,1,0,0,0,0,0,6.55825E+20,5.36656E+21,1.11067E+16,4.84329E+16
78646,9.17042E+18,9,7,71,113,2017,4,18,2,3,5,2,1,1,0,0,0,0,0,6.57062E+20,5.37036E+21,1.11248E+16,4.84667E+16
78647,9.17042E+18,9,6,77,125,2017,4,15,2,3,8,1,0,0,0,0,1,0,0,5.45795E+20,5.51829E+21,9.63656E+15,4.98153E+16
78648,9.17042E+18,9,6,77,116,2017,4,21,2,2,8,1,0,0,0,1,0,2,0,5.41324E+20,5.55774E+21,9.57866E+15,5.01704E+16
78649,9.17042E+18,9,6,75,147,2017,4,16,2,2,2,2,0,1,0,0,1,0,0,5.82642E+20,5.50246E+21,1.01453E+16,4.9669E+16
78650,9.17042E+18,9,6,77,148,2017,4,16,2,3,2,6,0,1,0,0,0,0,0,5.53091E+20,5.53855E+21,9.74076E+15,4.99969E+16
78651,9.17042E+18,9,6,74,163,2017,4,19,2,2,9,1,0,1,0,0,0,0,0,6.08177E+20,5.54001E+21,1.05096E+16,5.00026E+16
78652,9.17042E+18,9,6,74,195,2017,4,14,2,3,5,3,1,1,0,0,0,0,0,6.13362E+20,5.53831E+21,1.05814E+16,4.99863E+16
78653,9.17042E+18,9,6,73,117,2017,4,15,2,2,6,2,0,1,1,0,0,0,0,5.7145E+20,5.58377E+21,1.00054E+16,5.04016E+16
78654,9.17042E+18,9,6,71,155,2017,4,8,2,2,2,6,0,0,0,0,1,0,0,5.02433E+20,5.53728E+21,9.03394E+15,4.99878E+16
78655,9.17042E+18,9,6,76,144,2017,4,8,2,3,2,6,0,1,0,0,0,0,0,5.08266E+20,5.52918E+21,9.11514E+15,4.99149E+16
78656,9.17042E+18,9,6,71,138,2017,4,13,2,3,8,1,0,1,0,0,0,0,0,5.15541E+20,5.54821E+21,9.21723E+15,5.0086E+16
78657,9.17042E+18,9,5,72,133,2017,4,7,2,3,1,6,0,1,0,0,0,0,0,6.38645E+20,5.49861E+21,1.09197E+16,4.96241E+16
78658,9.17042E+18,9,5,76,151,2017,4,6,2,3,2,6,0,0,0,0,1,0,0,6.53888E+20,5.47021E+21,1.11196E+16,4.93651E+16
78659,9.17042E+18,9,5,64,0,2017,4,7,2,3,2,6,0,1,0,0,0,0,0,6.5168E+20,5.47342E+21,1.10904E+16,4.93945E+16
78660,9.17042E+18,9,3,73,156,2017,4,16,2,3,2,6,0,1,0,0,0,0,0,6.60524E+20,5.46316E+21,1.1208E+16,4.93001E+16
78661,9.17042E+18,9,5,76,151,2017,4,10,2,3,2,6,0,0,0,0,1,0,0,6.54106E+20,5.47048E+21,1.11227E+16,4.93676E+16
78662,9.17042E+18,9,5,76,121,2017,4,13,2,3,2,2,0,1,0,0,0,0,0,6.45374E+20,5.44801E+21,1.09943E+16,4.91677E+16
78663,9.17042E+18,9,5,72,131,2017,4,16,2,3,2,6,0,1,0,1,0,0,0,6.56456E+20,5.49022E+21,1.11628E+16,4.95444E+16
78664,9.17042E+18,9,5,74,156,2017,4,15,2,3,5,3,1,1,0,0,0,0,0,6.58859E+20,5.48208E+21,1.11927E+16,4.94706E+16
78665,9.17042E+18,9,5,74,150,2017,4,6,2,3,2,6,0,1,0,0,0,0,0,6.71583E+20,5.48728E+21,1.13704E+16,4.95138E+16
78666,9.17042E+18,9,5,76,151,2017,4,17,2,3,3,6,0,1,0,0,0,0,0,6.56514E+20,5.47021E+21,1.11557E+16,4.93645E+16
78667,9.17042E+18,9,5,61,0,2017,4,21,2,3,2,6,0,1,0,0,1,2,0,6.19473E+20,5.45669E+21,1.06417E+16,4.92513E+16
78668,9.17042E+18,9,5,71,190,2017,4,15,2,3,0,6,0,1,0,0,0,0,0,6.29028E+20,5.46296E+21,1.0775E+16,4.93057E+16
78669,9.17042E+18,9,5,61,0,2017,4,7,2,2,5,3,0,1,0,1,0,0,0,6.15243E+20,5.46174E+21,1.05851E+16,4.92975E+16
78670,9.17042E+18,9,4,73,166,2017,4,17,2,3,5,3,0,1,0,0,0,0,0,6.51256E+20,5.56515E+21,1.11203E+16,5.02191E+16
78671,9.17042E+18,9,4,78,165,2017,4,14,2,3,4,2,0,1,0,0,0,0,0,6.44117E+20,5.55282E+21,1.10156E+16,5.01101E+16
78672,9.17042E+18,9,4,76,185,2017,4,15,2,3,8,1,0,1,0,0,0,0,0,6.65472E+20,5.56478E+21,1.13192E+16,5.0212E+16
78673,9.17042E+18,9,4,62,0,2017,4,20,2,3,4,2,0,1,0,0,0,0,0,6.86395E+20,5.53386E+21,1.15971E+16,4.9928E+16
78674,9.17042E+18,9,4,72,175,2017,4,9,2,3,5,3,0,1,0,1,0,0,0,6.82862E+20,5.51419E+21,1.15387E+16,4.97523E+16
78675,9.17042E+18,9,4,72,127,2017,4,16,2,3,5,3,0,1,0,0,0,0,0,6.88903E+20,5.52463E+21,1.16275E+16,4.98443E+16
78676,9.17042E+18,9,4,62,0,2017,4,14,2,3,5,1,0,1,0,0,0,0,0,6.87079E+20,5.53774E+21,1.16085E+16,4.99626E+16
78677,9.17042E+18,9,4,71,195,2017,4,15,2,3,2,6,0,1,0,0,0,0,0,6.41512E+20,5.52326E+21,1.09683E+16,4.9845E+16
78678,9.17042E+18,9,4,71,151,2017,4,17,2,3,2,2,0,1,0,1,0,0,0,6.58045E+20,5.53755E+21,1.1204E+16,4.99693E+16
78679,9.17042E+18,9,3,75,175,2017,4,8,2,3,5,3,0,1,0,0,0,0,0,7.16824E+20,5.43512E+21,1.19664E+16,4.90308E+16
78680,9.17042E+18,9,3,75,199,2017,4,16,2,3,2,2,0,1,0,0,0,0,0,7.17814E+20,5.4295E+21,1.19769E+16,4.898E+16
78681,9.17042E+18,9,3,72,117,2017,4,11,2,2,7,1,1,0,0,0,0,0,0,7.72737E+20,5.45645E+21,1.27443E+16,4.92001E+16
78682,9.17042E+18,9,3,76,172,2017,4,20,2,2,8,1,0,0,0,1,0,1,0,7.50708E+20,5.47498E+21,1.2454E+16,4.93759E+16
78683,9.17042E+18,9,3,71,113,2017,4,17,2,3,2,6,0,1,0,0,0,0,0,6.85588E+20,5.50315E+21,1.15712E+16,4.96523E+16
78684,9.17042E+18,9,3,61,0,2017,4,22,2,3,0,7,0,0,0,1,1,2,0,7.09069E+20,5.48132E+21,1.18846E+16,4.94486E+16
78685,9.17042E+18,9,3,71,136,2017,4,13,2,3,2,2,0,1,0,0,1,0,0,7.06661E+20,5.4778E+21,1.18495E+16,4.94177E+16
78686,9.17042E+18,9,2,71,140,2017,4,16,2,3,2,6,0,1,0,0,1,0,0,7.83551E+20,5.41874E+21,1.2866E+16,4.88567E+16
78687,9.17042E+18,9,2,78,159,2017,4,17,2,3,2,6,0,1,0,0,0,0,0,7.80467E+20,5.42185E+21,1.28262E+16,4.88861E+16
78688,9.17042E+18,9,2,78,190,2017,4,7,2,3,3,6,0,0,0,0,1,0,0,7.60916E+20,5.4278E+21,1.25638E+16,4.8948E+16
78689,9.17042E+18,9,2,63,0,2017,4,17,2,3,2,2,0,1,0,0,0,0,0,7.63047E+20,5.41954E+21,1.25876E+16,4.8873E+16
78690,9.17042E+18,9,2,63,0,2017,4,15,2,3,1,5,0,1,0,0,0,0,0,7.62017E+20,5.41938E+21,1.25734E+16,4.88719E+16
78691,9.17042E+18,9,2,71,119,2017,4,7,2,3,0,7,1,1,0,0,0,0,0,7.91469E+20,5.41488E+21,1.2971E+16,4.88184E+16
78692,9.17042E+18,9,2,78,134,2017,4,18,2,3,8,1,0,0,0,1,0,0,0,7.71591E+20,5.43493E+21,1.27141E+16,4.90074E+16
78693,9.17042E+18,9,2,78,139,2017,4,15,2,2,3,2,0,1,0,1,0,0,0,7.72132E+20,5.42704E+21,1.27162E+16,4.89363E+16
78694,9.17042E+18,9,2,75,111,2017,4,15,2,3,4,2,0,1,0,0,0,0,0,8.16135E+20,5.40082E+21,1.32953E+16,4.86802E+16
78695,9.17042E+18,9,2,77,153,2017,4,9,2,2,8,7,0,1,0,0,0,0,0,7.80453E+20,5.36238E+21,1.27858E+16,4.83523E+16
78696,9.17042E+18,9,2,77,153,2017,4,12,2,3,5,3,0,1,0,0,0,0,0,7.81087E+20,5.36318E+21,1.27949E+16,4.83592E+16
78697,9.17042E+18,9,2,74,111,2017,4,13,2,3,9,1,0,1,0,0,0,0,0,7.41164E+20,5.38008E+21,1.22666E+16,4.85274E+16
78698,9.17042E+18,9,2,74,128,2017,4,10,2,3,2,6,0,1,0,0,1,0,0,7.36937E+20,5.38925E+21,1.22147E+16,4.86114E+16
78699,9.17042E+18,9,2,74,194,2017,4,6,2,3,1,5,0,1,0,0,0,0,0,7.21442E+20,5.37908E+21,1.19993E+16,4.85258E+16
78700,9.17042E+18,9,2,73,111,2017,4,15,2,3,5,3,1,0,0,1,0,0,0,7.08585E+20,5.40989E+21,1.1841E+16,4.8807E+16
78701,9.17042E+18,9,1,73,137,2017,4,15,2,3,5,3,0,1,0,1,0,0,0,6.75014E+20,5.30167E+21,1.13392E+16,4.78445E+16
78702,9.17042E+18,9,1,80,123,2017,4,15,2,2,8,1,1,1,0,0,0,0,0,6.70386E+20,5.25591E+21,1.12596E+16,4.74344E+16
78703,9.17042E+18,9,1,73,126,2017,4,18,2,2,5,3,0,1,0,1,0,0,0,6.84912E+20,5.30233E+21,1.14717E+16,4.78477E+16
78704,9.17042E+18,9,1,83,136,2017,4,17,2,3,2,6,0,1,0,1,0,0,0,7.63519E+20,5.34861E+21,1.25491E+16,4.82359E+16
78705,9.17042E+18,9,1,89,150,2017,4,7,2,3,2,6,0,1,0,1,0,0,0,7.78348E+20,5.31844E+21,1.27287E+16,4.79587E+16
78706,9.17042E+18,9,1,71,122,2017,4,16,2,3,5,3,0,1,0,0,0,0,0,7.70423E+20,5.33426E+21,1.26328E+16,4.81041E+16
78707,9.17042E+18,9,1,72,128,2017,4,11,2,3,1,6,0,0,0,0,1,0,0,7.91992E+20,5.29756E+21,1.2897E+16,4.77652E+16
78708,9.17042E+18,9,1,71,130,2017,4,6,2,3,5,3,0,1,0,1,0,1,0,7.88356E+20,5.35147E+21,1.28848E+16,4.82508E+16
78709,9.17042E+18,9,1,82,127,2017,4,6,2,3,5,3,0,1,0,0,0,0,0,6.99687E+20,5.31027E+21,1.16726E+16,4.79146E+16
78710,9.17042E+18,9,1,76,126,2017,4,11,2,2,0,1,0,0,0,1,0,0,0,6.74911E+20,5.40689E+21,1.13815E+16,4.87904E+16
78711,9.17042E+18,9,1,85,131,2017,4,18,2,3,2,6,0,1,0,0,0,0,0,6.64424E+20,5.37604E+21,1.12266E+16,4.85159E+16
78712,9.17042E+18,9,1,76,124,2017,4,6,2,3,5,3,0,1,0,0,0,0,0,6.70526E+20,5.41E+21,1.13231E+16,4.88195E+16
78713,9.17042E+18,9,1,74,146,2017,4,18,2,3,0,7,0,1,0,0,1,0,0,6.65757E+20,5.35139E+21,1.12349E+16,4.8294E+16
78714,9.17042E+18,9,1,81,130,2017,4,7,2,3,2,6,0,1,0,0,0,0,0,6.40655E+20,5.32455E+21,1.08877E+16,4.80587E+16
78715,9.17042E+18,9,1,88,139,2017,4,22,2,3,5,2,0,1,0,0,0,2,0,6.75224E+20,5.3192E+21,1.13492E+16,4.8002E+16
78716,9.17042E+18,9,7,80,120,2017,4,8,1,3,8,1,0,1,0,0,0,0,1,6.02565E+20,5.28424E+21,1.03671E+16,4.77034E+16
78717,9.17042E+18,9,7,80,134,2017,4,9,1,3,9,1,0,1,0,0,0,0,1,5.92981E+20,5.26019E+21,1.02343E+16,4.74885E+16
78718,9.17042E+18,9,7,79,155,2017,4,14,1,3,0,1,0,0,0,0,1,0,0,6.24264E+20,5.40511E+21,1.06917E+16,4.87865E+16
78719,9.17042E+18,9,7,73,136,2017,4,13,1,3,2,6,0,1,0,0,0,0,0,5.99955E+20,5.37908E+21,1.03546E+16,4.85569E+16
78720,9.17042E+18,9,7,71,122,2017,4,18,1,3,3,6,0,1,0,0,1,0,0,6.5223E+20,5.36239E+21,1.10566E+16,4.83963E+16
78721,9.17042E+18,9,6,72,149,2017,4,13,1,3,9,1,0,1,0,0,0,0,0,5.61203E+20,5.57046E+21,9.85905E+15,5.02831E+16
78722,9.17042E+18,9,6,74,164,2017,4,1,1,3,8,1,0,1,0,0,0,2,0,6.09026E+20,5.54758E+21,1.05235E+16,5.00705E+16
78723,9.17042E+18,9,6,71,130,2017,4,12,1,3,5,3,0,1,0,0,0,0,0,5.16861E+20,5.53853E+21,9.23526E+15,4.99988E+16
78724,9.17042E+18,9,6,61,0,2017,4,14,1,3,5,2,0,1,0,0,0,0,0,5.08335E+20,5.53516E+21,9.11623E+15,4.99688E+16
78725,9.17042E+18,9,5,76,148,2017,4,17,1,2,8,1,0,1,0,0,0,0,0,6.6298E+20,5.44426E+21,1.12341E+16,4.91296E+16
78726,9.17042E+18,9,5,64,0,2017,4,14,1,3,5,3,0,1,0,0,0,0,0,6.50032E+20,5.47722E+21,1.10691E+16,4.94291E+16
78727,9.17042E+18,9,3,75,208,2017,4,22,1,3,8,1,0,1,0,0,0,2,0,7.31485E+20,5.43976E+21,1.21693E+16,4.90671E+16
78728,9.17042E+18,9,2,75,111,2017,4,9,1,2,4,1,0,1,0,1,0,0,0,8.16982E+20,5.3989E+21,1.33053E+16,4.86626E+16
78729,9.17042E+18,9,2,72,141,2017,4,5,1,2,9,1,0,1,0,0,0,1,1,8.313E+20,5.41156E+21,1.35093E+16,4.87688E+16
78730,9.17042E+18,9,1,89,119,2017,4,1,1,3,0,1,0,0,0,0,1,2,1,7.63548E+20,5.30343E+21,1.25217E+16,4.78301E+16
78731,9.17042E+18,9,1,89,145,2017,4,3,1,3,8,1,0,1,0,0,0,2,2,7.71122E+20,5.30354E+21,1.26228E+16,4.7828E+16
78732,9.17042E+18,9,1,87,134,2017,4,12,1,2,5,3,0,1,0,1,0,0,0,7.3679E+20,5.31982E+21,1.21737E+16,4.79878E+16
78733,9.17042E+18,9,1,87,154,2017,4,11,1,3,0,1,1,0,0,0,0,0,0,7.35369E+20,5.29601E+21,1.21417E+16,4.77744E+16
78734,9.17042E+18,9,1,75,132,2017,4,20,1,2,8,1,0,1,0,0,0,1,0,7.10574E+20,5.33516E+21,1.18304E+16,4.81348E+16
78735,9.17042E+18,9,1,62,0,2017,4,0,7,3,5,3,0,1,0,0,0,2,0,6.86188E+20,5.33526E+21,1.1503E+16,4.81433E+16
78736,9.17042E+18,9,1,62,0,2017,4,17,7,3,2,6,0,1,0,0,0,0,0,6.84392E+20,5.33541E+21,1.14789E+16,4.81452E+16
78737,9.17042E+18,9,1,62,0,2017,4,14,7,3,5,3,1,1,0,0,0,0,0,6.92075E+20,5.33137E+21,1.15803E+16,4.81066E+16
78738,9.17042E+18,9,1,62,0,2017,4,1,7,3,9,1,0,1,0,0,0,2,0,6.95158E+20,5.33499E+21,1.16233E+16,4.81382E+16
78739,9.17042E+18,9,7,75,152,2017,4,10,7,3,2,6,0,1,0,0,0,0,0,5.7714E+20,5.35325E+21,1.00407E+16,4.83278E+16
78740,9.17042E+18,9,7,75,152,2017,4,13,7,3,1,6,0,1,0,0,0,0,0,5.76934E+20,5.3535E+21,1.0038E+16,4.833E+16
78741,9.17042E+18,9,7,78,214,2017,4,18,7,3,8,1,0,0,0,1,0,0,0,5.96129E+20,5.31942E+21,1.02892E+16,4.80208E+16
78742,9.17042E+18,9,7,79,181,2017,4,8,7,3,8,1,0,1,0,0,0,0,1,6.3214E+20,5.39231E+21,1.07948E+16,4.86699E+16
78743,9.17042E+18,9,7,72,177,2017,4,5,7,3,8,1,0,1,0,0,0,2,0,6.3734E+20,5.3801E+21,1.08614E+16,4.8559E+16
78744,9.17042E+18,9,7,71,156,2017,4,17,7,2,5,3,0,1,0,1,0,0,1,6.53415E+20,5.38354E+21,1.10804E+16,4.85862E+16
78745,9.17042E+18,9,7,71,140,2017,4,13,7,3,7,6,1,1,0,0,0,0,0,6.54403E+20,5.37318E+21,1.10899E+16,4.84928E+16
78746,9.17042E+18,9,6,79,154,2017,4,13,7,3,0,1,0,0,0,1,0,0,1,5.60876E+20,5.51108E+21,9.84504E+15,4.97491E+16
78747,9.17042E+18,9,6,72,135,2017,4,15,7,2,8,7,0,1,0,0,0,0,0,5.78339E+20,5.56773E+21,1.0099E+16,5.02565E+16
78748,9.17042E+18,9,6,76,145,2017,4,10,7,3,5,2,1,1,0,0,0,0,0,5.10384E+20,5.52082E+21,9.14442E+15,4.98397E+16
78749,9.17042E+18,9,5,72,126,2017,4,10,7,3,2,6,0,1,0,0,0,0,1,6.3415E+20,5.50583E+21,1.086E+16,4.96901E+16
78750,9.17042E+18,9,5,76,151,2017,4,1,7,2,9,7,0,1,0,0,0,2,0,6.602E+20,5.46828E+21,1.12056E+16,4.93462E+16
78751,9.17042E+18,9,5,72,164,2017,4,16,7,3,2,6,0,1,0,1,0,0,0,6.29546E+20,5.49792E+21,1.07936E+16,4.96199E+16
78752,9.17042E+18,9,5,72,132,2017,4,16,7,3,5,2,0,1,0,0,0,0,0,6.35191E+20,5.49353E+21,1.08702E+16,4.95793E+16
78753,9.17042E+18,9,5,72,141,2017,4,12,7,3,5,3,0,1,0,0,0,0,1,6.49121E+20,5.49817E+21,1.10645E+16,4.96177E+16
78754,9.17042E+18,9,5,64,0,2017,4,14,7,2,0,6,0,0,0,1,0,0,1,6.5239E+20,5.4822E+21,1.11035E+16,4.94734E+16
78755,9.17042E+18,9,5,73,111,2017,4,14,7,3,8,1,0,1,0,0,0,0,1,6.34394E+20,5.47653E+21,1.08534E+16,4.94266E+16
78756,9.17042E+18,9,5,73,127,2017,4,12,7,3,2,6,0,1,0,0,0,0,0,6.46571E+20,5.47589E+21,1.10209E+16,4.9418E+16
78757,9.17042E+18,9,5,77,138,2017,4,18,7,3,8,1,0,1,0,0,0,0,1,6.28605E+20,5.44688E+21,1.0764E+16,4.91613E+16
78758,9.17042E+18,9,5,71,175,2017,4,21,7,3,2,2,0,1,0,0,0,2,0,6.25774E+20,5.45943E+21,1.07291E+16,4.92747E+16
78759,9.17042E+18,9,5,71,174,2017,4,17,7,3,9,1,0,1,0,0,0,0,0,6.04182E+20,5.46628E+21,1.04342E+16,4.93403E+16
78760,9.17042E+18,9,5,61,0,2017,4,11,7,3,2,6,0,1,0,0,0,0,0,6.13857E+20,5.46338E+21,1.05665E+16,4.93126E+16