OBJECTID,UIDENTSTLA,ULAND,UREGBEZ,UKREIS,UGEMEINDE,UJAHR,UMONAT,USTUNDE,UWOCHENTAG,UKATEGORIE,UART,UTYP1,IstRad,IstPKW,IstFuss,IstKrad,IstSonstig,LICHT,STRZUSTAND,LINREFX,LINREFY,XGCSWGS84,YGCSWGS84
78934,9.17043E+18,9,1,78,120,2017,4,17,7,3,6,4,0,1,1,0,0,0,1,6.94619E+20,5.35271E+21,1.16242E+16,4.82976E+16
78935,9.17043E+18,9,1,84,141,2017,4,13,6,3,8,1,0,1,0,0,0,0,1,6.99849E+20,5.31696E+21,1.16779E+16,4.79747E+16
78936,9.17043E+18,9,1,84,141,2017,4,18,6,3,2,2,0,1,0,0,0,0,1,6.979E+20,5.31394E+21,1.16504E+16,4.79482E+16
78937,9.17043E+18,9,1,84,118,2017,4,9,6,3,0,3,0,1,0,1,0,0,1,7.02648E+20,5.33701E+21,1.17249E+16,4.8154E+16
78938,9.17043E+18,9,1,84,135,2017,4,23,6,3,8,1,0,1,0,0,0,2,1,6.92771E+20,5.34945E+21,1.15978E+16,4.82689E+16
78939,9.17043E+18,9,1,62,0,2017,4,17,6,3,3,2,1,1,0,0,0,0,1,6.92192E+20,5.34293E+21,1.15871E+16,4.82105E+16
78940,9.17043E+18,9,1,62,0,2017,4,7,6,3,1,6,0,1,0,0,0,0,1,6.91055E+20,5.3392E+21,1.15701E+16,4.81773E+16
78941,9.17043E+18,9,1,84,132,2017,4,16,6,3,0,6,0,1,0,0,0,0,1,6.81147E+20,5.32773E+21,1.14321E+16,4.8077E+16
78942,9.17043E+18,9,1,62,0,2017,4,18,6,3,2,6,0,1,0,0,0,0,1,6.89361E+20,5.34087E+21,1.15481E+16,4.81928E+16
78943,9.17043E+18,9,1,62,0,2017,4,12,6,3,2,6,0,1,0,0,0,0,1,6.9394E+20,5.33167E+21,1.16055E+16,4.81087E+16
78944,9.17043E+18,9,7,75,152,2017,4,14,6,3,2,6,0,1,0,0,0,0,1,5.77784E+20,5.3538E+21,1.00495E+16,4.83326E+16
78945,9.17043E+18,9,7,75,135,2017,4,15,6,3,5,3,0,1,0,0,0,0,1,5.78342E+20,5.36388E+21,1.00589E+16,4.84232E+16
78946,9.17043E+18,9,7,78,136,2017,4,8,6,3,2,6,0,1,0,0,0,0,2,6.02168E+20,5.32202E+21,1.03708E+16,4.80433E+16
78947,9.17043E+18,9,7,64,0,2017,4,16,6,3,5,3,1,1,0,0,0,0,1,5.87647E+20,5.3167E+21,1.01749E+16,4.79976E+16
78948,9.17043E+18,9,7,75,111,2017,4,15,6,2,4,2,0,1,0,0,0,0,1,5.82309E+20,5.33743E+21,1.01074E+16,4.81848E+16
78949,9.17043E+18,9,7,63,0,2017,4,8,6,3,4,2,0,1,0,0,0,0,2,5.97033E+20,5.28558E+21,1.02937E+16,4.77163E+16
78950,9.17043E+18,9,7,62,0,2017,4,16,6,2,3,6,1,0,0,0,1,0,1,6.22306E+20,5.30122E+21,1.0635E+16,4.78526E+16
78951,9.17043E+18,9,7,80,132,2017,4,7,6,3,4,1,0,1,0,0,0,0,2,5.7744E+20,5.26671E+21,1.00292E+16,4.75492E+16
78952,9.17043E+18,9,7,80,137,2017,4,2,6,3,9,1,0,1,0,0,0,2,1,5.94105E+20,5.27061E+21,1.02515E+16,4.75821E+16
78953,9.17043E+18,9,7,79,201,2017,4,7,6,3,8,6,0,1,0,0,0,0,1,6.41411E+20,5.39146E+21,1.09204E+16,4.86602E+16
78954,9.17043E+18,9,7,79,131,2017,4,7,6,3,2,6,0,1,0,0,0,0,1,6.30684E+20,5.40025E+21,1.07776E+16,4.87416E+16
78955,9.17043E+18,9,7,71,122,2017,4,23,6,3,2,6,0,1,0,0,1,2,0,6.57203E+20,5.3589E+21,1.11224E+16,4.83636E+16
78956,9.17043E+18,9,7,72,131,2017,4,13,6,3,4,2,0,1,0,0,0,0,1,6.17584E+20,5.35624E+21,1.0587E+16,4.83483E+16
78957,9.17043E+18,9,7,72,207,2017,4,11,6,3,2,2,0,1,0,0,0,0,1,6.40736E+20,5.38098E+21,1.09077E+16,4.85661E+16
78958,9.17043E+18,9,7,71,122,2017,4,12,6,3,2,6,0,1,0,0,0,0,1,6.48842E+20,5.36008E+21,1.101E+16,4.83763E+16
78959,9.17043E+18,9,7,72,202,2017,4,13,6,3,2,6,0,1,0,0,0,0,1,6.35855E+20,5.35933E+21,1.08345E+16,4.83725E+16
78960,9.17043E+18,9,7,61,0,2017,4,7,6,2,4,6,0,1,0,0,0,1,1,6.39645E+20,5.36088E+21,1.08862E+16,4.83856E+16
78961,9.17043E+18,9,7,61,0,2017,4,13,6,3,5,3,0,1,0,0,0,0,0,6.43744E+20,5.36168E+21,1.09418E+16,4.83919E+16
78962,9.17043E+18,9,7,61,0,2017,4,8,6,3,2,6,0,1,0,0,0,0,1,6.40316E+20,5.36046E+21,1.08951E+16,4.83817E+16
78963,9.17043E+18,9,7,61,0,2017,4,16,6,3,5,3,1,1,0,0,0,0,1,6.40837E+20,5.36048E+21,1.09021E+16,4.83818E+16
78964,9.17043E+18,9,6,63,0,2017,4,19,6,3,2,6,0,1,0,0,0,1,0,5.67947E+20,5.51298E+21,9.94352E+15,4.97655E+16
78965,9.17043E+18,9,6,79,131,2017,4,17,6,3,9,1,0,1,0,0,0,0,0,5.80658E+20,5.50248E+21,1.01178E+16,4.96694E+16
78966,9.17043E+18,9,6,77,133,2017,4,14,6,2,8,7,0,0,0,1,0,0,0,5.52803E+20,5.54907E+21,9.73819E+15,5.00915E+16
78967,9.17043E+18,9,6,77,189,2017,4,19,6,2,8,1,0,0,0,1,0,0,0,5.62375E+20,5.5324E+21,9.86928E+15,4.99407E+16
78968,9.17043E+18,9,6,79,143,2017,4,16,6,3,2,6,0,1,0,0,1,0,0,5.71767E+20,5.53143E+21,9.99997E+15,4.99309E+16
78969,9.17043E+18,9,6,62,0,2017,4,14,6,3,2,6,0,1,0,0,0,0,0,5.87565E+20,5.54323E+21,1.02227E+16,5.00349E+16
78970,9.17043E+18,9,6,73,142,2017,4,19,6,3,0,3,0,1,0,0,0,0,0,5.92656E+20,5.58747E+21,1.03046E+16,5.04319E+16
78971,9.17043E+18,9,6,72,127,2017,4,14,6,2,8,1,0,1,0,0,0,0,0,5.66822E+20,5.54342E+21,9.93316E+15,5.00393E+16
78972,9.17043E+18,9,6,73,114,2017,4,16,6,3,5,3,0,1,0,0,1,0,0,5.84893E+20,5.57411E+21,1.01923E+16,5.0313E+16
78973,9.17043E+18,9,6,78,168,2017,4,5,6,3,4,2,0,1,0,0,0,1,0,5.82081E+20,5.54975E+21,1.01476E+16,5.00943E+16
78974,9.17043E+18,9,6,76,134,2017,4,14,6,3,2,6,0,1,0,0,0,0,0,5.12811E+20,5.51434E+21,9.17795E+15,4.97814E+16
78975,9.17043E+18,9,5,76,127,2017,4,14,6,3,2,6,0,1,0,0,0,0,0,6.65473E+20,5.44548E+21,1.12688E+16,4.91399E+16
78976,9.17043E+18,9,5,72,149,2017,4,15,6,3,1,3,0,1,0,0,0,0,0,6.38773E+20,5.50315E+21,1.09231E+16,4.96649E+16
78977,9.17043E+18,9,5,74,150,2017,4,19,6,3,5,3,0,1,0,0,0,0,0,6.71943E+20,5.48715E+21,1.13754E+16,4.95126E+16
78978,9.17043E+18,9,5,74,156,2017,4,7,6,2,4,6,0,1,0,0,0,0,1,6.62653E+20,5.4815E+21,1.12448E+16,4.94644E+16
78979,9.17043E+18,9,5,64,0,2017,4,7,6,3,0,1,0,0,0,1,0,0,1,6.54406E+20,5.48073E+21,1.11308E+16,4.94596E+16
78980,9.17043E+18,9,5,73,125,2017,4,11,6,3,5,7,0,1,0,0,0,0,0,6.36498E+20,5.47336E+21,1.08813E+16,4.93976E+16
78981,9.17043E+18,9,5,77,177,2017,4,8,6,2,4,1,0,1,0,0,0,0,1,6.47649E+20,5.43168E+21,1.10195E+16,4.90203E+16
78982,9.17043E+18,9,5,71,188,2017,4,17,6,3,2,6,0,1,0,0,0,0,0,5.8624E+20,5.48114E+21,1.01905E+16,4.94767E+16
78983,9.17043E+18,9,5,71,145,2017,4,18,6,3,4,2,0,1,0,0,0,0,0,5.90968E+20,5.44752E+21,1.02481E+16,4.91738E+16
78984,9.17043E+18,9,5,75,168,2017,4,18,6,3,9,1,0,1,0,0,0,0,0,5.84153E+20,5.48618E+21,1.01628E+16,4.95224E+16
78985,9.17043E+18,9,5,61,0,2017,4,8,6,3,0,3,0,1,0,0,1,0,1,6.13847E+20,5.46257E+21,1.05661E+16,4.93052E+16
78986,9.17043E+18,9,4,76,177,2017,4,22,6,3,8,7,0,1,0,0,0,2,0,6.74269E+20,5.58025E+21,1.14495E+16,5.03485E+16
78987,9.17043E+18,9,4,76,184,2017,4,14,6,2,4,6,0,1,0,0,0,0,0,6.73957E+20,5.5723E+21,1.14415E+16,5.02771E+16
78988,9.17043E+18,9,4,76,146,2017,4,14,6,3,1,6,0,1,0,0,0,0,0,6.63524E+20,5.56464E+21,1.12919E+16,5.02113E+16
78989,9.17043E+18,9,4,71,165,2017,4,14,6,3,3,6,0,1,0,0,1,0,0,6.27813E+20,5.5325E+21,1.07809E+16,4.99312E+16
78990,9.17043E+18,9,4,71,140,2017,4,5,6,2,4,2,0,1,0,1,0,0,0,6.34575E+20,5.53167E+21,1.08748E+16,4.99223E+16
78991,9.17043E+18,9,3,74,162,2017,4,18,6,3,0,1,0,0,0,1,0,0,1,7.40333E+20,5.50026E+21,1.23267E+16,4.9607E+16
78992,9.17043E+18,9,3,63,0,2017,4,16,6,3,2,6,0,1,0,0,0,0,0,7.27467E+20,5.50579E+21,1.21521E+16,4.96617E+16
78993,9.17043E+18,9,3,73,143,2017,4,22,6,3,0,7,0,1,0,0,1,2,1,7.02685E+20,5.45031E+21,1.17808E+16,4.91721E+16
78994,9.17043E+18,9,3,75,162,2017,4,21,6,3,0,6,0,1,0,0,1,2,1,7.12E+20,5.44039E+21,1.19033E+16,4.90798E+16
78995,9.17043E+18,9,3,75,180,2017,4,18,6,3,2,6,0,1,0,0,0,0,0,7.23938E+20,5.43038E+21,1.2061E+16,4.89857E+16
78996,9.17043E+18,9,3,75,191,2017,4,10,6,3,5,3,0,1,0,0,1,0,0,7.42899E+20,5.42333E+21,1.23155E+16,4.89152E+16
78997,9.17043E+18,9,3,75,209,2017,4,6,6,3,5,3,0,1,0,0,1,0,1,7.46323E+20,5.43421E+21,1.23688E+16,4.90115E+16
78998,9.17043E+18,9,3,72,116,2017,4,18,6,3,8,1,0,1,0,0,0,0,1,7.67897E+20,5.45789E+21,1.26789E+16,4.92152E+16
78999,9.17043E+18,9,3,71,116,2017,4,6,6,2,9,1,0,1,0,0,0,1,1,6.91321E+20,5.47633E+21,1.16376E+16,4.94096E+16
79000,9.17043E+18,9,3,71,126,2017,4,18,6,3,5,3,0,1,0,0,0,0,1,7.02805E+20,5.49058E+21,1.1803E+16,4.95339E+16
79001,9.17043E+18,9,3,76,147,2017,4,12,6,3,1,2,0,1,0,0,0,0,0,7.4747E+20,5.47056E+21,1.24068E+16,4.93375E+16
79002,9.17043E+18,9,3,71,132,2017,4,16,6,3,8,1,0,1,0,0,0,0,1,6.96994E+20,5.47447E+21,1.17148E+16,4.93911E+16
79003,9.17043E+18,9,2,78,148,2017,4,12,6,3,2,1,0,1,0,0,0,0,0,7.38108E+20,5.40731E+21,1.22409E+16,4.87732E+16
79004,9.17043E+18,9,2,63,0,2017,4,15,6,3,5,3,0,1,0,0,0,0,1,7.59183E+20,5.41885E+21,1.25345E+16,4.88684E+16
79005,9.17043E+18,9,2,75,153,2017,4,17,6,2,5,3,0,1,0,0,0,0,1,8.45277E+20,5.39258E+21,1.3683E+16,4.8591E+16
79006,9.17043E+18,9,2,62,0,2017,4,15,6,3,2,6,0,1,0,0,0,0,1,8.27893E+20,5.38972E+21,1.34458E+16,4.85746E+16
79007,9.17043E+18,9,2,74,134,2017,4,14,6,3,8,1,0,1,0,0,0,0,1,7.40823E+20,5.37378E+21,1.22584E+16,4.8471E+16
79008,9.17043E+18,9,2,74,132,2017,4,15,6,3,2,6,0,1,0,0,0,0,1,7.2631E+20,5.38528E+21,1.20685E+16,4.85797E+16
79009,9.17043E+18,9,2,79,112,2017,4,20,6,3,5,3,0,1,0,0,0,1,1,7.57193E+20,5.39406E+21,1.2492E+16,4.86466E+16
79010,9.17043E+18,9,1,90,160,2017,4,6,6,3,4,6,0,1,0,0,1,0,2,6.4706E+20,5.28505E+21,1.09602E+16,4.7702E+16
79011,9.17043E+18,9,1,90,141,2017,4,19,6,2,4,6,1,0,0,0,0,0,1,6.76466E+20,5.29299E+21,1.13551E+16,4.77661E+16
79012,9.17043E+18,9,1,73,126,2017,4,14,6,3,2,6,0,1,0,0,0,0,1,6.83648E+20,5.30629E+21,1.14565E+16,4.78837E+16
79013,9.17043E+18,9,1,89,119,2017,4,13,6,3,2,6,0,1,0,0,0,0,1,7.66055E+20,5.30319E+21,1.2555E+16,4.7827E+16
79014,9.17043E+18,9,1,89,137,2017,4,13,6,2,5,3,0,1,0,0,0,0,1,7.50332E+20,5.32045E+21,1.23553E+16,4.79884E+16
79015,9.17043E+18,9,1,83,127,2017,4,16,6,3,4,2,0,1,0,0,0,0,1,7.55113E+20,5.35001E+21,1.24369E+16,4.82519E+16
79016,9.17043E+18,9,1,71,117,2017,4,7,6,3,5,3,0,1,0,0,0,0,1,7.67014E+20,5.33745E+21,1.25891E+16,4.81342E+16
79017,9.17043E+18,9,1,63,0,2017,4,12,6,3,1,6,0,1,0,0,0,0,1,7.3269E+20,5.30562E+21,1.21112E+16,4.78618E+16
79018,9.17043E+18,9,1,82,114,2017,4,13,6,3,6,4,0,1,1,0,0,0,1,7.19623E+20,5.28782E+21,1.19277E+16,4.77064E+16
79019,9.17043E+18,9,1,61,0,2017,4,8,6,3,4,6,0,1,0,0,1,0,1,6.79284E+20,5.40779E+21,1.14414E+16,4.87972E+16
79020,9.17043E+18,9,1,76,131,2017,4,17,6,3,5,3,0,1,0,0,0,0,1,6.80645E+20,5.41069E+21,1.14612E+16,4.88229E+16
79021,9.17043E+18,9,1,85,123,2017,4,9,6,3,5,3,0,1,0,0,1,0,1,6.72793E+20,5.39069E+21,1.13459E+16,4.86453E+16
79022,9.17043E+18,9,1,85,125,2017,4,9,6,3,5,3,0,1,0,0,0,0,1,6.48681E+20,5.39608E+21,1.10207E+16,4.87E+16
79023,9.17043E+18,9,1,86,162,2017,4,7,6,3,5,2,1,1,0,0,0,0,1,6.92995E+20,5.38688E+21,1.16181E+16,4.86052E+16
79024,9.17043E+18,9,1,76,165,2017,4,13,6,3,8,7,0,1,0,0,0,0,1,6.67743E+20,5.42397E+21,1.1291E+16,4.89459E+16
79025,9.17043E+18,9,1,88,144,2017,4,13,6,3,2,6,0,1,0,0,0,0,1,6.68437E+20,5.32901E+21,1.12621E+16,4.80921E+16
79026,9.17043E+18,9,1,88,113,2017,4,14,6,2,8,1,0,1,0,0,0,0,1,6.77914E+20,5.31026E+21,1.13815E+16,4.79209E+16
79027,9.17043E+18,9,1,88,113,2017,4,17,6,2,8,1,0,1,0,0,0,0,2,6.78001E+20,5.31037E+21,1.13827E+16,4.79219E+16
79028,9.17043E+18,9,1,81,121,2017,4,18,6,3,5,1,0,1,0,0,0,0,1,6.39313E+20,5.31206E+21,1.08657E+16,4.79467E+16
79029,9.17043E+18,9,1,75,133,2017,4,2,6,3,9,1,0,1,0,0,0,2,1,7.11251E+20,5.34312E+21,1.18434E+16,4.82061E+16
79030,9.17043E+18,9,1,78,124,2017,4,18,6,1,8,1,0,1,0,0,0,0,1,7.01401E+20,5.36006E+21,1.17191E+16,4.83615E+16
79031,9.17043E+18,9,1,77,116,2017,4,11,6,3,4,6,0,1,0,0,1,0,1,7.13615E+20,5.3664E+21,1.1887E+16,4.84145E+16
79032,9.17043E+18,9,1,75,121,2017,4,14,6,3,8,1,0,1,0,0,0,0,2,7.11614E+20,5.32152E+21,1.18376E+16,4.80119E+16
79033,9.17043E+18,9,1,75,131,2017,4,14,6,3,8,6,0,1,0,0,0,0,2,7.10915E+20,5.3219E+21,1.18284E+16,4.80156E+16
79034,9.17043E+18,9,1,62,0,2017,4,9,5,3,2,6,0,1,0,0,0,0,1,6.94078E+20,5.3317E+21,1.16073E+16,4.81089E+16
79035,9.17043E+18,9,1,62,0,2017,4,12,5,3,5,2,1,1,0,0,0,0,1,7.01202E+20,5.33237E+21,1.17032E+16,4.81127E+16
79036,9.17043E+18,9,1,62,0,2017,4,14,5,3,2,6,0,1,0,0,0,0,1,6.94426E+20,5.33186E+21,1.16121E+16,4.81103E+16
79037,9.17043E+18,9,1,84,145,2017,4,10,5,3,2,6,0,1,0,0,0,0,1,6.95192E+20,5.3244E+21,1.16189E+16,4.8043E+16
79038,9.17043E+18,9,1,84,137,2017,4,6,5,3,8,1,0,1,0,0,0,1,2,7.03919E+20,5.31627E+21,1.1732E+16,4.79673E+16
79039,9.17043E+18,9,7,75,135,2017,4,20,5,3,8,1,0,1,0,0,0,2,1,5.80933E+20,5.3629E+21,1.00937E+16,4.8414E+16
79040,9.17043E+18,9,7,75,135,2017,4,17,5,3,5,3,1,1,0,0,0,0,0,5.75955E+20,5.35924E+21,1.00258E+16,4.83817E+16
79041,9.17043E+18,9,7,75,162,2017,4,18,5,3,2,6,0,1,0,0,1,0,1,5.82491E+20,5.34851E+21,1.0112E+16,4.82844E+16
79042,9.17043E+18,9,7,78,169,2017,4,7,5,2,5,3,0,1,0,0,1,0,1,6.17466E+20,5.33367E+21,1.05792E+16,4.81454E+16
79043,9.17043E+18,9,7,63,0,2017,4,16,5,3,6,2,0,1,1,0,0,0,1,5.98823E+20,5.28647E+21,1.03178E+16,4.7724E+16
79044,9.17043E+18,9,7,77,151,2017,4,13,5,3,8,2,0,1,0,0,0,0,0,6.25249E+20,5.29307E+21,1.06719E+16,4.77788E+16
79045,9.17043E+18,9,7,77,130,2017,4,5,5,2,4,1,0,1,0,0,0,2,1,6.2405E+20,5.31002E+21,1.06608E+16,4.79315E+16
79046,9.17043E+18,9,7,62,0,2017,4,8,5,3,6,4,0,1,1,0,0,0,0,6.21666E+20,5.3044E+21,1.06273E+16,4.78814E+16
79047,9.17043E+18,9,7,80,132,2017,4,15,5,3,4,2,0,1,0,0,0,0,1,5.73333E+20,5.26739E+21,9.97475E+15,4.75558E+16
79048,9.17043E+18,9,7,72,121,2017,4,18,5,3,2,6,0,1,0,0,0,0,1,6.31338E+20,5.37635E+21,1.07789E+16,4.85265E+16
79049,9.17043E+18,9,6,63,0,2017,4,5,5,3,5,2,0,1,0,0,0,2,1,5.67459E+20,5.51341E+21,9.93681E+15,4.97693E+16
79050,9.17043E+18,9,6,77,148,2017,4,6,5,3,8,1,0,1,0,0,0,0,1,5.56237E+20,5.53434E+21,9.78404E+15,4.99588E+16
79051,9.17043E+18,9,6,74,147,2017,4,16,5,3,2,6,0,1,0,0,0,0,0,6.09513E+20,5.54323E+21,1.05291E+16,5.00313E+16
79052,9.17043E+18,9,5,74,123,2017,4,6,5,2,2,6,0,1,0,0,1,0,1,6.59103E+20,5.4736E+21,1.11927E+16,4.93943E+16
79053,9.17043E+18,9,5,62,0,2017,4,20,5,3,5,3,1,1,0,0,0,1,0,6.46636E+20,5.49571E+21,1.10292E+16,4.95962E+16
79054,9.17043E+18,9,5,72,119,2017,4,17,5,3,0,1,1,0,0,0,0,0,0,6.45266E+20,5.49936E+21,1.10116E+16,4.96293E+16
79055,9.17043E+18,9,5,72,119,2017,4,11,5,2,0,7,1,0,0,0,1,0,0,6.45256E+20,5.49936E+21,1.10115E+16,4.96293E+16
79056,9.17043E+18,9,5,65,0,2017,4,12,5,2,2,6,0,1,0,0,0,0,0,6.46934E+20,5.46752E+21,1.10228E+16,4.93427E+16
79057,9.17043E+18,9,5,74,131,2017,4,11,5,3,0,1,1,0,0,0,0,0,0,6.73139E+20,5.48555E+21,1.13912E+16,4.94978E+16
79058,9.17043E+18,9,5,74,139,2017,4,12,5,3,5,6,0,1,0,1,0,0,0,6.65015E+20,5.48134E+21,1.12773E+16,4.94623E+16
79059,9.17043E+18,9,5,61,0,2017,4,12,5,3,5,3,0,1,0,1,0,0,0,6.13696E+20,5.46271E+21,1.05641E+16,4.93065E+16
79060,9.17043E+18,9,5,75,145,2017,4,17,5,3,2,6,0,1,0,0,0,0,0,6.18959E+20,5.48188E+21,1.06422E+16,4.94779E+16
79061,9.17043E+18,9,4,75,113,2017,4,12,5,3,3,6,0,1,0,0,0,0,0,6.98325E+20,5.58051E+21,1.17874E+16,5.03432E+16
79062,9.17043E+18,9,4,79,136,2017,4,15,5,3,9,7,0,1,0,0,0,0,0,7.19554E+20,5.54799E+21,1.20666E+16,5.00437E+16
79063,9.17043E+18,9,4,62,0,2017,4,7,5,3,1,6,0,0,0,0,1,0,0,6.84457E+20,5.53571E+21,1.1571E+16,4.99452E+16
79064,9.17043E+18,9,4,74,140,2017,4,11,5,2,4,6,0,1,0,0,0,0,1,6.58763E+20,5.49575E+21,1.11969E+16,4.95934E+16
79065,9.17043E+18,9,4,61,0,2017,4,7,5,3,1,6,0,1,0,0,0,0,1,6.37379E+20,5.53065E+21,1.09135E+16,4.99124E+16
79066,9.17043E+18,9,3,75,162,2017,4,6,5,3,5,3,0,1,0,0,0,1,1,7.10122E+20,5.44057E+21,1.18777E+16,4.90821E+16
79067,9.17043E+18,9,3,75,190,2017,4,6,5,3,0,1,0,1,0,1,0,0,1,7.28344E+20,5.44634E+21,1.21301E+16,4.91274E+16
79068,9.17043E+18,9,3,75,211,2017,4,19,5,3,8,1,0,1,0,0,0,0,1,7.1654E+20,5.44545E+21,1.19681E+16,4.91237E+16
79069,9.17043E+18,9,3,72,151,2017,4,16,5,3,1,6,0,1,0,0,0,0,1,7.80167E+20,5.45948E+21,1.28481E+16,4.9224E+16
79070,9.17043E+18,9,3,72,116,2017,4,17,5,2,4,1,0,1,0,0,1,0,1,7.69414E+20,5.45786E+21,1.26997E+16,4.92142E+16
79071,9.17043E+18,9,3,71,123,2017,4,12,5,2,4,6,0,1,0,0,1,0,0,7.10254E+20,5.49122E+21,1.19061E+16,4.95371E+16
79072,9.17043E+18,9,3,71,154,2017,4,7,5,3,5,3,1,1,0,0,0,0,1,7.00014E+20,5.47587E+21,1.1757E+16,4.94026E+16
79073,9.17043E+18,9,2,78,177,2017,4,11,5,3,5,3,0,1,0,0,0,0,1,7.55504E+20,5.42266E+21,1.24868E+16,4.89041E+16
79074,9.17043E+18,9,2,71,139,2017,4,18,5,3,0,1,0,1,0,0,0,0,1,7.82164E+20,5.40361E+21,1.28368E+16,4.87216E+16
79075,9.17043E+18,9,2,77,139,2017,4,20,5,3,9,1,0,1,0,0,0,2,1,7.8555E+20,5.37024E+21,1.28598E+16,4.84205E+16
79076,9.17043E+18,9,2,62,0,2017,4,15,5,3,5,2,0,1,0,0,0,0,1,8.28169E+20,5.39002E+21,1.34497E+16,4.85772E+16
79077,9.17043E+18,9,2,62,0,2017,4,17,5,3,2,6,0,1,0,0,0,0,1,8.30291E+20,5.38946E+21,1.3478E+16,4.85711E+16
79078,9.17043E+18,9,2,75,141,2017,4,13,5,3,2,6,0,1,0,0,0,0,1,8.19307E+20,5.36955E+21,1.33143E+16,4.83981E+16
79079,9.17043E+18,9,2,72,151,2017,4,20,5,3,0,4,0,1,1,0,0,2,1,8.37545E+20,5.41104E+21,1.35936E+16,4.87607E+16
79080,9.17043E+18,9,2,61,0,2017,4,17,5,3,1,3,0,1,0,1,0,0,1,7.32393E+20,5.3805E+21,1.21482E+16,4.85346E+16
79081,9.17043E+18,9,2,79,126,2017,4,10,5,3,1,1,0,1,0,0,0,0,1,7.62068E+20,5.38385E+21,1.25516E+16,4.85529E+16
79082,9.17043E+18,9,1,90,153,2017,4,2,5,3,8,1,0,1,0,0,0,2,1,6.7432E+20,5.28831E+21,1.13246E+16,4.77246E+16
79083,9.17043E+18,9,1,88,113,2017,4,5,5,3,8,1,0,1,0,0,0,2,1,6.80616E+20,5.31653E+21,1.14202E+16,4.79766E+16
79084,9.17043E+18,9,1,90,148,2017,4,12,5,3,4,6,0,1,0,0,0,0,1,6.42445E+20,5.29689E+21,1.09026E+16,4.78096E+16
79085,9.17043E+18,9,1,89,157,2017,4,17,5,3,5,3,0,1,0,0,0,0,1,7.65202E+20,5.32556E+21,1.25574E+16,4.80282E+16
79086,9.17043E+18,9,1,89,126,2017,4,13,5,3,0,7,1,0,0,0,0,0,1,7.58267E+20,5.32595E+21,1.24648E+16,4.80346E+16
79087,9.17043E+18,9,1,89,119,2017,4,17,5,3,5,3,0,1,0,0,1,0,1,7.6798E+20,5.30783E+21,1.25835E+16,4.78679E+16
79088,9.17043E+18,9,1,83,128,2017,4,12,5,2,5,3,0,1,0,0,1,0,0,7.61778E+20,5.34884E+21,1.25258E+16,4.82387E+16
79089,9.17043E+18,9,1,72,134,2017,4,17,5,3,0,6,0,1,0,0,0,1,1,7.8691E+20,5.3054E+21,1.28345E+16,4.78379E+16
79090,9.17043E+18,9,1,72,115,2017,4,22,5,3,7,7,0,1,0,0,1,2,1,7.91156E+20,5.29223E+21,1.28823E+16,4.77177E+16
79091,9.17043E+18,9,1,71,126,2017,4,11,5,3,4,6,0,0,0,0,1,0,1,7.77068E+20,5.35252E+21,1.27337E+16,4.82652E+16
79092,9.17043E+18,9,1,87,126,2017,4,18,5,2,4,6,0,1,0,0,0,0,1,7.4065E+20,5.32605E+21,1.22289E+16,4.80423E+16
79093,9.17043E+18,9,1,87,145,2017,4,15,5,3,8,1,0,1,0,0,0,0,1,7.46069E+20,5.31338E+21,1.22942E+16,4.79265E+16
79094,9.17043E+18,9,1,87,139,2017,4,2,5,3,8,1,0,1,0,0,0,2,1,7.44986E+20,5.31489E+21,1.22806E+16,4.79404E+16
79095,9.17043E+18,9,1,87,137,2017,4,9,5,2,4,2,0,1,0,0,0,0,1,7.29702E+20,5.31112E+21,1.20742E+16,4.79122E+16
79096,9.17043E+18,9,1,86,149,2017,4,22,5,2,3,1,0,1,0,0,0,2,1,6.86845E+20,5.38786E+21,1.15352E+16,4.86159E+16
79097,9.17043E+18,9,1,61,0,2017,4,16,5,3,4,2,0,1,0,0,0,0,0,6.76091E+20,5.40504E+21,1.13967E+16,4.87734E+16
79098,9.17043E+18,9,1,76,143,2017,4,9,5,3,8,1,0,0,0,0,1,0,1,6.81163E+20,5.41002E+21,1.14679E+16,4.88168E+16
79099,9.17043E+18,9,1,86,137,2017,4,15,5,3,0,1,1,0,0,0,0,0,1,6.84431E+20,5.3991E+21,1.15075E+16,4.87177E+16
79100,9.17043E+18,9,1,76,126,2017,4,13,5,2,5,3,1,0,0,0,0,0,1,6.74748E+20,5.40759E+21,1.13796E+16,4.87968E+16
79101,9.17043E+18,9,1,86,130,2017,4,7,5,3,2,6,0,1,0,0,0,0,1,6.85459E+20,5.37193E+21,1.15093E+16,4.84731E+16
79102,9.17043E+18,9,1,85,139,2017,4,23,5,3,6,7,1,0,1,0,0,2,0,6.68527E+20,5.39488E+21,1.12897E+16,4.86842E+16
79103,9.17043E+18,9,1,61,0,2017,4,13,5,3,5,3,1,1,0,0,0,0,1,6.78877E+20,5.40606E+21,1.14351E+16,4.87818E+16
79104,9.17043E+18,9,1,76,124,2017,4,7,5,3,5,3,0,1,0,0,0,0,1,6.71151E+20,5.41066E+21,1.13319E+16,4.88253E+16
79105,9.17043E+18,9,1,76,165,2017,4,15,5,2,9,7,0,1,0,0,0,0,1,6.66964E+20,5.42324E+21,1.128E+16,4.89395E+16