OBJECTID,UIDENTSTLA,ULAND,UREGBEZ,UKREIS,UGEMEINDE,UJAHR,UMONAT,USTUNDE,UWOCHENTAG,UKATEGORIE,UART,UTYP1,IstRad,IstPKW,IstFuss,IstKrad,IstSonstig,LICHT,STRZUSTAND,LINREFX,LINREFY,XGCSWGS84,YGCSWGS84
79280,9.1705E+18,9,2,75,133,2017,5,12,4,3,4,2,0,1,0,0,0,0,0,8.23997E+20,5.38493E+21,1.33894E+16,4.85337E+16
79281,9.1705E+18,9,2,61,0,2017,5,13,4,3,2,2,1,1,0,0,0,0,0,7.36716E+20,5.38163E+21,1.22073E+16,4.85431E+16
79282,9.1705E+18,9,2,61,0,2017,5,14,4,3,3,2,0,1,0,0,0,0,0,7.31505E+20,5.38215E+21,1.21371E+16,4.85497E+16
79283,9.1705E+18,9,2,79,112,2017,5,12,4,3,2,6,0,1,0,0,0,0,0,7.57482E+20,5.39244E+21,1.24949E+16,4.8632E+16
79284,9.1705E+18,9,1,89,139,2017,5,12,4,3,2,6,1,0,0,0,1,0,0,7.60339E+20,5.28622E+21,1.24686E+16,4.76769E+16
79285,9.1705E+18,9,1,89,113,2017,5,16,4,2,5,3,0,1,0,1,0,0,0,7.69121E+20,5.30351E+21,1.25961E+16,4.78286E+16
79286,9.1705E+18,9,1,83,144,2017,5,19,4,2,0,7,1,0,0,0,0,0,0,7.42368E+20,5.35154E+21,1.22664E+16,4.82707E+16
79287,9.1705E+18,9,1,87,173,2017,5,11,4,3,2,3,0,1,0,0,0,0,0,7.42355E+20,5.31926E+21,1.22479E+16,4.79807E+16
79288,9.1705E+18,9,1,82,114,2017,5,17,4,3,2,6,0,1,0,0,0,0,0,7.21202E+20,5.28931E+21,1.19495E+16,4.77192E+16
79289,9.1705E+18,9,1,61,0,2017,5,17,4,3,5,2,1,1,0,0,0,0,0,6.78931E+20,5.40186E+21,1.1434E+16,4.87441E+16
79290,9.1705E+18,9,1,86,128,2017,5,17,4,3,2,6,0,1,0,0,0,0,0,6.77918E+20,5.38555E+21,1.14132E+16,4.85978E+16
79291,9.1705E+18,9,1,61,0,2017,5,16,4,3,5,3,0,1,0,0,1,0,0,6.81289E+20,5.40211E+21,1.14661E+16,4.87456E+16
79292,9.1705E+18,9,1,62,0,2017,5,18,4,3,2,6,0,1,0,0,0,0,0,6.8383E+20,5.34257E+21,1.14745E+16,4.82097E+16
79293,9.1705E+18,9,1,62,0,2017,5,9,4,3,2,6,0,1,0,0,0,0,0,6.86736E+20,5.33326E+21,1.15095E+16,4.81252E+16
79294,9.1705E+18,9,1,62,0,2017,5,5,4,2,3,6,0,1,0,0,1,0,0,6.82155E+20,5.34193E+21,1.14517E+16,4.82045E+16
79295,9.1705E+18,9,1,88,139,2017,5,17,4,3,9,7,0,1,0,0,0,0,0,6.73052E+20,5.32232E+21,1.13213E+16,4.80307E+16
79296,9.1705E+18,9,1,88,121,2017,5,16,4,3,2,6,0,1,0,0,0,0,0,6.73193E+20,5.33103E+21,1.13267E+16,4.81089E+16
79297,9.1705E+18,9,1,88,120,2017,5,16,4,2,5,3,0,1,0,1,0,0,0,6.73451E+20,5.32659E+21,1.13284E+16,4.8069E+16
79298,9.1705E+18,9,1,79,136,2017,5,15,4,2,2,6,0,1,0,0,0,0,0,6.59704E+20,5.34162E+21,1.11496E+16,4.82077E+16
79299,9.1705E+18,9,1,74,115,2017,5,14,4,3,5,3,1,1,0,0,0,0,0,6.81231E+20,5.34717E+21,1.14415E+16,4.82518E+16
79300,9.1705E+18,9,1,74,141,2017,5,21,4,2,5,3,0,1,0,1,0,2,0,6.83071E+20,5.35571E+21,1.147E+16,4.8328E+16
79301,9.1705E+18,9,1,74,115,2017,5,21,4,3,2,6,0,1,0,1,0,2,0,6.82406E+20,5.35068E+21,1.14588E+16,4.8283E+16
79302,9.1705E+18,9,1,78,113,2017,5,13,4,3,1,6,0,1,0,0,1,0,0,6.91628E+20,5.36543E+21,1.15897E+16,4.84129E+16
79303,9.1705E+18,9,1,78,113,2017,5,13,4,2,2,6,0,0,0,0,1,0,0,6.91589E+20,5.36631E+21,1.15896E+16,4.84208E+16
79304,9.1705E+18,9,1,75,118,2017,5,16,4,3,4,6,0,1,0,0,1,0,0,7.17646E+20,5.33961E+21,1.19276E+16,4.81724E+16
79305,9.1705E+18,9,1,78,120,2017,5,18,4,2,5,3,0,1,0,1,0,0,0,6.93672E+20,5.35112E+21,1.16107E+16,4.82836E+16
79306,9.1705E+18,9,1,78,123,2017,5,10,4,3,8,1,0,1,0,0,0,0,0,6.87208E+20,5.36153E+21,1.15283E+16,4.83791E+16
79307,9.1705E+18,9,1,78,124,2017,5,16,4,3,0,3,0,0,0,0,1,0,0,7.0245E+20,5.36422E+21,1.17352E+16,4.83986E+16
79308,9.1705E+18,9,1,77,144,2017,5,14,4,3,8,1,0,0,0,1,0,0,0,7.17818E+20,5.34794E+21,1.19342E+16,4.82473E+16
79309,9.1705E+18,9,1,62,0,2017,5,12,3,3,5,3,1,1,0,0,0,0,0,6.88283E+20,5.32826E+21,1.1528E+16,4.80798E+16
79310,9.1705E+18,9,1,62,0,2017,5,9,3,3,2,6,0,1,0,0,0,0,0,6.84644E+20,5.32912E+21,1.14796E+16,4.80886E+16
79311,9.1705E+18,9,1,62,0,2017,5,7,3,3,2,6,0,1,0,0,0,0,1,6.91466E+20,5.33194E+21,1.15724E+16,4.81119E+16
79312,9.1705E+18,9,1,62,0,2017,5,17,3,3,0,7,1,0,0,0,0,0,0,6.88289E+20,5.334E+21,1.15307E+16,4.81314E+16
79313,9.1705E+18,9,1,62,0,2017,5,10,3,3,2,6,0,1,0,0,1,0,0,6.90478E+20,5.33198E+21,1.15591E+16,4.81126E+16
79314,9.1705E+18,9,7,75,135,2017,5,16,3,3,4,2,0,1,0,0,1,0,1,5.74613E+20,5.35841E+21,1.00075E+16,4.83745E+16
79315,9.1705E+18,9,7,75,135,2017,5,8,3,3,5,2,1,1,0,0,0,0,1,5.7452E+20,5.35895E+21,1.00064E+16,4.83793E+16
79316,9.1705E+18,9,7,75,135,2017,5,7,3,3,1,6,0,1,0,0,0,0,0,5.76793E+20,5.36191E+21,1.00376E+16,4.84056E+16
79317,9.1705E+18,9,7,78,203,2017,5,17,3,2,5,3,0,1,0,0,0,0,0,6.19779E+20,5.32447E+21,1.06077E+16,4.80622E+16
79318,9.1705E+18,9,7,80,140,2017,5,17,3,3,9,1,0,1,0,0,0,0,0,5.99569E+20,5.28191E+21,1.03267E+16,4.76829E+16
79319,9.1705E+18,9,7,80,120,2017,5,10,3,3,6,7,0,1,1,0,0,0,0,6.00986E+20,5.28346E+21,1.03459E+16,4.76966E+16
79320,9.1705E+18,9,7,77,139,2017,5,10,3,3,9,1,0,1,0,0,0,0,0,6.15422E+20,5.30677E+21,1.05445E+16,4.79039E+16
79321,9.1705E+18,9,7,77,158,2017,5,10,3,3,0,1,1,0,0,0,0,0,0,6.21541E+20,5.30912E+21,1.0627E+16,4.79239E+16
79322,9.1705E+18,9,7,80,124,2017,5,22,3,3,7,7,0,1,0,0,1,2,0,5.90282E+20,5.26944E+21,1.02004E+16,4.75721E+16
79323,9.1705E+18,9,7,77,169,2017,5,5,3,3,7,7,0,1,0,0,0,2,0,6.31916E+20,5.27142E+21,1.07543E+16,4.75828E+16
79324,9.1705E+18,9,7,79,228,2017,5,17,3,3,2,2,0,1,0,1,0,0,0,6.26081E+20,5.41476E+21,1.07194E+16,4.88729E+16
79325,9.1705E+18,9,7,72,162,2017,5,19,3,3,8,1,0,1,0,0,0,0,0,6.36624E+20,5.33543E+21,1.08372E+16,4.81575E+16
79326,9.1705E+18,9,7,72,147,2017,5,7,3,3,5,3,0,1,0,1,0,0,1,6.35927E+20,5.36461E+21,1.08372E+16,4.842E+16
79327,9.1705E+18,9,6,79,201,2017,5,20,3,1,4,1,0,1,0,0,0,0,1,5.7728E+20,5.52267E+21,1.0075E+16,4.98515E+16
79328,9.1705E+18,9,6,63,0,2017,5,15,3,3,5,3,0,1,0,0,0,0,1,5.66131E+20,5.51725E+21,9.91903E+15,4.9804E+16
79329,9.1705E+18,9,6,77,178,2017,5,9,3,3,8,1,0,1,0,0,0,0,1,5.43841E+20,5.52672E+21,9.61036E+15,4.98913E+16
79330,9.1705E+18,9,6,77,148,2017,5,12,3,3,8,1,0,0,0,0,1,0,1,5.53593E+20,5.53371E+21,9.74708E+15,4.99533E+16
79331,9.1705E+18,9,6,78,193,2017,5,8,3,3,0,1,0,1,0,0,0,0,1,5.77473E+20,5.53366E+21,1.00799E+16,4.99503E+16
79332,9.1705E+18,9,6,72,114,2017,5,14,3,3,2,2,0,1,0,0,0,0,1,5.77246E+20,5.56052E+21,1.00822E+16,5.01918E+16
79333,9.1705E+18,9,6,78,160,2017,5,17,3,3,9,1,0,1,0,0,0,0,1,5.82248E+20,5.54613E+21,1.01491E+16,5.00617E+16
79334,9.1705E+18,9,6,78,135,2017,5,13,3,3,5,3,0,1,0,0,0,0,1,5.93333E+20,5.54181E+21,1.03029E+16,5.00212E+16
79335,9.1705E+18,9,6,76,133,2017,5,16,3,3,6,4,0,1,1,0,0,0,1,5.12022E+20,5.52485E+21,9.16731E+15,4.98759E+16
79336,9.1705E+18,9,6,76,145,2017,5,14,3,3,9,1,0,1,0,0,0,0,1,5.10645E+20,5.52058E+21,9.14803E+15,4.98375E+16
79337,9.1705E+18,9,6,71,122,2017,5,18,3,3,4,6,0,1,0,0,0,0,1,5.03917E+20,5.52761E+21,9.05455E+15,4.99009E+16
79338,9.1705E+18,9,6,71,136,2017,5,7,3,3,7,1,0,1,0,0,0,0,1,5.05292E+20,5.53773E+21,9.07383E+15,4.99919E+16
79339,9.1705E+18,9,5,62,0,2017,5,13,3,3,3,6,0,1,0,0,1,0,1,6.42336E+20,5.4916E+21,1.09682E+16,4.95603E+16
79340,9.1705E+18,9,5,65,0,2017,5,16,3,3,2,6,0,1,0,0,1,0,1,6.49914E+20,5.46644E+21,1.10634E+16,4.93322E+16
79341,9.1705E+18,9,5,76,127,2017,5,11,3,2,8,1,0,1,0,0,0,0,1,6.64449E+20,5.45006E+21,1.12566E+16,4.91813E+16
79342,9.1705E+18,9,5,72,131,2017,5,7,3,3,1,6,0,1,0,0,0,0,1,6.57501E+20,5.48265E+21,1.11742E+16,4.94761E+16
79343,9.1705E+18,9,5,74,152,2017,5,7,3,3,2,6,0,1,0,0,0,0,1,6.61836E+20,5.48131E+21,1.12335E+16,4.94629E+16
79344,9.1705E+18,9,5,76,113,2017,5,17,3,3,1,6,0,1,0,0,1,0,1,6.61206E+20,5.45792E+21,1.12153E+16,4.92528E+16
79345,9.1705E+18,9,5,62,0,2017,5,13,3,3,2,6,0,1,0,0,0,0,1,6.44217E+20,5.49665E+21,1.09961E+16,4.96052E+16
79346,9.1705E+18,9,5,76,151,2017,5,7,3,3,5,2,0,1,0,0,0,0,1,6.56683E+20,5.47024E+21,1.1158E+16,4.93647E+16
79347,9.1705E+18,9,5,76,111,2017,5,11,3,2,6,4,0,1,1,0,0,0,1,6.37338E+20,5.45335E+21,1.08859E+16,4.92176E+16
79348,9.1705E+18,9,5,74,150,2017,5,12,3,3,6,4,0,1,1,0,0,0,1,6.71948E+20,5.48715E+21,1.13754E+16,4.95126E+16
79349,9.1705E+18,9,5,74,123,2017,5,15,3,3,5,3,0,1,0,0,0,0,0,6.6076E+20,5.47158E+21,1.12147E+16,4.93757E+16
79350,9.1705E+18,9,5,64,0,2017,5,15,3,3,5,3,0,1,0,0,0,0,1,6.53611E+20,5.47328E+21,1.11169E+16,4.93928E+16
79351,9.1705E+18,9,5,64,0,2017,5,12,3,3,2,6,0,1,0,0,0,0,1,6.49468E+20,5.47715E+21,1.10613E+16,4.94286E+16
79352,9.1705E+18,9,5,64,0,2017,5,6,3,3,6,2,0,1,1,0,0,1,1,6.48655E+20,5.48099E+21,1.10516E+16,4.94634E+16
79353,9.1705E+18,9,5,64,0,2017,5,17,3,3,5,2,0,1,0,0,0,0,0,6.4873E+20,5.4811E+21,1.10526E+16,4.94643E+16
79354,9.1705E+18,9,5,73,111,2017,5,15,3,3,8,1,0,1,0,0,0,0,1,6.34394E+20,5.47653E+21,1.08534E+16,4.94266E+16
79355,9.1705E+18,9,5,71,145,2017,5,8,3,3,3,6,0,1,0,0,0,0,1,5.916E+20,5.45243E+21,1.02579E+16,4.92178E+16
79356,9.1705E+18,9,5,71,145,2017,5,8,3,3,2,6,0,0,0,0,1,0,1,5.90768E+20,5.45121E+21,1.02462E+16,4.9207E+16
79357,9.1705E+18,9,5,71,193,2017,5,10,3,2,6,4,0,1,1,0,0,0,1,5.86428E+20,5.4698E+21,1.01906E+16,4.93748E+16
79358,9.1705E+18,9,5,71,180,2017,5,13,3,3,5,3,0,1,0,0,0,0,1,6.35001E+20,5.46191E+21,1.08568E+16,4.9295E+16
79359,9.1705E+18,9,5,75,166,2017,5,13,3,3,4,6,0,1,0,0,1,0,1,6.15546E+20,5.47937E+21,1.05944E+16,4.9456E+16
79360,9.1705E+18,9,5,75,143,2017,5,10,3,3,1,6,0,1,0,0,0,0,1,5.98094E+20,5.48056E+21,1.03539E+16,4.94697E+16
79361,9.1705E+18,9,4,75,154,2017,5,5,3,3,3,6,0,1,0,0,1,1,1,6.97763E+20,5.56425E+21,1.1771E+16,5.01974E+16
79362,9.1705E+18,9,4,62,0,2017,5,10,3,3,5,2,0,1,0,0,0,0,0,6.84486E+20,5.53575E+21,1.15715E+16,4.99456E+16
79363,9.1705E+18,9,4,61,0,2017,5,6,3,3,0,7,1,0,0,0,0,0,1,6.36905E+20,5.53033E+21,1.09068E+16,4.99096E+16
79364,9.1705E+18,9,3,77,146,2017,5,6,3,3,8,6,0,1,0,0,0,0,0,7.40778E+20,5.52119E+21,1.23458E+16,4.97949E+16
79365,9.1705E+18,9,3,77,154,2017,5,5,3,3,5,3,0,0,0,0,1,1,1,7.39465E+20,5.53044E+21,1.23333E+16,4.98784E+16
79366,9.1705E+18,9,3,77,116,2017,5,16,3,3,5,3,0,1,0,0,0,0,1,7.19445E+20,5.52715E+21,1.20532E+16,4.98565E+16
79367,9.1705E+18,9,3,72,153,2017,5,17,3,3,2,2,0,1,0,0,0,0,0,7.5691E+20,5.45413E+21,1.25259E+16,4.91861E+16
79368,9.1705E+18,9,3,72,153,2017,5,16,3,2,0,1,1,0,0,0,0,0,0,7.55769E+20,5.45701E+21,1.25121E+16,4.92125E+16
79369,9.1705E+18,9,3,73,146,2017,5,7,3,3,5,3,0,1,0,0,0,0,1,6.75222E+20,5.45214E+21,1.14052E+16,4.9197E+16
79370,9.1705E+18,9,3,76,147,2017,5,10,3,2,5,3,0,1,0,0,0,0,0,7.46209E+20,5.47061E+21,1.23895E+16,4.93384E+16
79371,9.1705E+18,9,3,71,127,2017,5,7,3,3,5,3,1,1,0,0,0,0,0,7.13387E+20,5.49205E+21,1.19498E+16,4.95434E+16
79372,9.1705E+18,9,2,71,125,2017,5,8,3,3,2,6,0,1,0,0,0,0,1,7.97162E+20,5.40971E+21,1.30446E+16,4.87693E+16
79373,9.1705E+18,9,2,63,0,2017,5,21,3,2,2,2,0,1,0,0,0,2,0,7.62064E+20,5.41889E+21,1.25738E+16,4.88675E+16
79374,9.1705E+18,9,2,71,135,2017,5,16,3,3,2,6,0,1,0,0,0,0,0,7.90333E+20,5.40652E+21,1.29496E+16,4.87439E+16
79375,9.1705E+18,9,2,77,113,2017,5,14,3,3,5,3,0,1,0,0,0,0,0,8.04324E+20,5.37247E+21,1.31145E+16,4.84318E+16
79376,9.1705E+18,9,2,77,112,2017,5,13,3,3,0,1,1,0,0,0,0,0,0,8.05884E+20,5.37087E+21,1.31344E+16,4.84166E+16
79377,9.1705E+18,9,2,72,120,2017,5,17,3,3,2,6,0,1,0,0,0,0,0,8.21292E+20,5.4165E+21,1.33773E+16,4.88183E+16
79378,9.1705E+18,9,2,72,151,2017,5,14,3,3,0,1,0,1,0,1,0,0,1,8.40783E+20,5.40732E+21,1.36344E+16,4.87256E+16
79379,9.1705E+18,9,2,77,122,2017,5,17,3,3,0,7,1,0,0,0,0,0,0,7.71465E+20,5.3603E+21,1.26634E+16,4.83375E+16
79380,9.1705E+18,9,2,77,121,2017,5,16,3,3,5,2,0,1,0,0,1,0,0,7.63219E+20,5.37198E+21,1.25597E+16,4.84458E+16
79381,9.1705E+18,9,2,74,126,2017,5,1,3,3,8,1,0,1,0,0,0,2,1,7.33072E+20,5.38578E+21,1.21604E+16,4.85817E+16
79382,9.1705E+18,9,2,74,183,2017,5,19,3,3,5,3,0,1,0,0,0,1,0,7.43586E+20,5.36543E+21,1.22908E+16,4.83949E+16
79383,9.1705E+18,9,2,61,0,2017,5,21,3,3,3,6,1,0,0,0,0,2,0,7.30012E+20,5.38168E+21,1.21167E+16,4.8546E+16
79384,9.1705E+18,9,2,61,0,2017,5,10,3,3,5,3,1,1,0,0,0,0,1,7.36072E+20,5.38299E+21,1.21994E+16,4.85555E+16
79385,9.1705E+18,9,2,79,128,2017,5,16,3,3,2,6,0,1,0,0,0,0,0,7.53412E+20,5.39888E+21,1.24437E+16,4.86914E+16
79386,9.1705E+18,9,1,90,117,2017,5,15,3,3,9,1,0,1,0,0,0,0,0,6.53335E+20,5.28853E+21,1.1045E+16,4.77319E+16
79387,9.1705E+18,9,1,90,113,2017,5,13,3,3,2,5,0,1,0,0,1,0,0,6.72526E+20,5.29072E+21,1.13016E+16,4.77468E+16
79388,9.1705E+18,9,1,89,133,2017,5,19,3,3,8,1,0,1,0,0,0,1,0,7.56215E+20,5.31972E+21,1.24336E+16,4.79794E+16
79389,9.1705E+18,9,1,87,132,2017,5,9,3,3,2,6,0,1,0,0,0,0,0,7.46699E+20,5.29979E+21,1.22949E+16,4.78041E+16
79390,9.1705E+18,9,1,87,177,2017,5,17,3,3,5,3,1,1,0,0,0,0,0,7.35816E+20,5.30549E+21,1.21529E+16,4.78594E+16
79391,9.1705E+18,9,1,61,0,2017,5,12,3,2,5,3,0,1,0,0,0,0,0,6.791E+20,5.40145E+21,1.14361E+16,4.87403E+16
79392,9.1705E+18,9,1,61,0,2017,5,16,3,2,8,1,0,0,0,1,0,0,0,6.81453E+20,5.40058E+21,1.14677E+16,4.87318E+16
79393,9.1705E+18,9,1,61,0,2017,5,9,3,3,5,2,0,1,0,0,0,0,1,6.78828E+20,5.40473E+21,1.14338E+16,4.87699E+16
79394,9.1705E+18,9,1,61,0,2017,5,6,3,3,1,6,0,1,0,0,0,0,0,6.78668E+20,5.40317E+21,1.1431E+16,4.87559E+16
79395,9.1705E+18,9,1,86,122,2017,5,14,3,2,0,2,0,0,0,0,1,0,0,6.9323E+20,5.40155E+21,1.16281E+16,4.8737E+16
79396,9.1705E+18,9,1,79,130,2017,5,15,3,2,5,3,0,1,0,0,1,0,0,6.56622E+20,5.33518E+21,1.11058E+16,4.81506E+16
79397,9.1705E+18,9,1,79,134,2017,5,17,3,3,2,6,0,1,0,1,0,0,0,6.67917E+20,5.34292E+21,1.12606E+16,4.82173E+16
79398,9.1705E+18,9,1,81,139,2017,5,17,3,3,5,3,0,1,0,0,0,0,0,6.55653E+20,5.32454E+21,1.10889E+16,4.80552E+16
79399,9.1705E+18,9,1,75,127,2017,5,14,3,2,0,7,1,0,0,0,0,0,0,7.13393E+20,5.34168E+21,1.18715E+16,4.81925E+16
79400,9.1705E+18,9,1,77,117,2017,5,14,3,3,4,2,0,1,0,0,0,0,0,7.14508E+20,5.3561E+21,1.18938E+16,4.83217E+16
79401,9.1705E+18,9,1,77,126,2017,5,13,3,3,4,2,0,1,0,0,1,0,0,7.19251E+20,5.37017E+21,1.1965E+16,4.84464E+16
79402,9.1705E+18,9,1,77,115,2017,5,16,3,3,5,3,1,1,0,0,0,0,0,7.34092E+20,5.35106E+21,1.21548E+16,4.82694E+16
79403,9.1705E+18,9,1,77,123,2017,5,18,3,3,3,6,1,1,0,0,0,0,0,7.26131E+20,5.34459E+21,1.20442E+16,4.82142E+16
79404,9.1705E+18,9,1,84,137,2017,5,14,2,3,4,6,1,1,0,0,0,0,0,7.05124E+20,5.31799E+21,1.1749E+16,4.79823E+16
79405,9.1705E+18,9,1,62,0,2017,5,17,2,3,2,6,0,1,0,0,0,0,0,6.94506E+20,5.33506E+21,1.16146E+16,4.81391E+16
79406,9.1705E+18,9,1,84,136,2017,5,16,2,3,0,7,1,0,0,0,0,0,1,6.99185E+20,5.32738E+21,1.16738E+16,4.80685E+16
79407,9.1705E+18,9,7,75,111,2017,5,12,2,3,9,1,0,1,0,0,0,0,1,5.83723E+20,5.3374E+21,1.01264E+16,4.81843E+16
79408,9.1705E+18,9,7,78,158,2017,5,12,2,3,3,7,0,1,0,0,0,0,1,6.06866E+20,5.33755E+21,1.04377E+16,4.81822E+16
79409,9.1705E+18,9,7,74,135,2017,5,16,2,3,2,6,0,1,0,0,0,0,1,5.95386E+20,5.3706E+21,1.02908E+16,4.84813E+16
79410,9.1705E+18,9,7,74,135,2017,5,21,2,2,5,3,1,1,0,0,0,2,1,5.94861E+20,5.37003E+21,1.02835E+16,4.84763E+16
79411,9.1705E+18,9,7,79,185,2017,5,5,2,3,4,6,1,1,0,0,0,2,0,6.1366E+20,5.40662E+21,1.05479E+16,4.88022E+16
79412,9.1705E+18,9,7,71,130,2017,5,23,2,3,9,1,0,1,0,0,0,2,1,6.46059E+20,5.3628E+21,1.09734E+16,4.84015E+16
79413,9.1705E+18,9,7,71,129,2017,5,11,2,3,0,1,0,0,0,1,0,0,0,6.53741E+20,5.35687E+21,1.1075E+16,4.83462E+16
79414,9.1705E+18,9,7,61,0,2017,5,14,2,2,3,2,0,1,0,1,0,0,0,6.40577E+20,5.36023E+21,1.08985E+16,4.83795E+16
79415,9.1705E+18,9,7,71,144,2017,5,8,2,2,8,7,0,1,0,0,0,0,0,6.58635E+20,5.3741E+21,1.11475E+16,4.85E+16
79416,9.1705E+18,9,6,75,127,2017,5,18,2,2,4,6,0,1,0,0,0,0,1,6.05724E+20,5.5145E+21,1.04684E+16,4.97736E+16
79417,9.1705E+18,9,6,75,174,2017,5,17,2,2,9,1,0,1,0,0,0,0,0,5.8834E+20,5.52289E+21,1.02289E+16,4.98519E+16
79418,9.1705E+18,9,6,74,147,2017,5,14,2,2,4,6,0,1,0,0,0,0,0,6.11503E+20,5.54501E+21,1.05574E+16,5.00469E+16
79419,9.1705E+18,9,6,71,157,2017,5,11,2,3,2,6,0,1,0,0,0,0,0,5.28732E+20,5.52679E+21,9.40002E+15,4.98928E+16
79420,9.1705E+18,9,6,76,169,2017,5,14,2,2,4,6,0,1,0,0,0,0,1,5.10297E+20,5.51568E+21,9.14307E+15,4.97935E+16
79421,9.1705E+18,9,6,76,128,2017,5,18,2,3,4,6,0,1,0,0,0,0,1,5.15557E+20,5.52433E+21,9.21649E+15,4.98711E+16
79422,9.1705E+18,9,6,71,155,2017,5,18,2,2,4,1,0,1,0,0,0,0,1,5.03575E+20,5.53392E+21,9.04984E+15,4.99576E+16
79423,9.1705E+18,9,6,71,136,2017,5,17,2,3,4,1,0,1,0,0,0,0,1,5.03514E+20,5.5409E+21,9.04906E+15,5.00204E+16
79424,9.1705E+18,9,5,64,0,2017,5,20,2,3,2,6,0,1,0,0,0,1,1,6.50874E+20,5.46755E+21,1.10771E+16,4.9342E+16
79425,9.1705E+18,9,5,76,148,2017,5,6,2,3,8,1,0,1,0,0,0,0,0,6.65851E+20,5.43847E+21,1.12711E+16,4.90768E+16
79426,9.1705E+18,9,5,76,127,2017,5,2,2,3,8,1,0,1,0,0,0,2,0,6.68651E+20,5.44629E+21,1.13127E+16,4.91462E+16
79427,9.1705E+18,9,5,74,128,2017,5,16,2,2,8,1,0,0,0,1,0,0,0,6.78071E+20,5.48277E+21,1.1458E+16,4.94715E+16
79428,9.1705E+18,9,5,63,0,2017,5,11,2,3,2,6,0,1,0,0,0,0,0,6.45575E+20,5.48127E+21,1.10092E+16,4.94667E+16
79429,9.1705E+18,9,5,77,136,2017,5,6,2,1,8,1,0,1,0,0,0,0,0,6.26871E+20,5.44422E+21,1.07394E+16,4.91377E+16
79430,9.1705E+18,9,5,71,125,2017,5,9,2,2,9,1,0,0,0,1,0,0,0,5.9348E+20,5.46421E+21,1.02864E+16,4.93234E+16
79431,9.1705E+18,9,5,75,117,2017,5,16,2,2,4,2,0,1,0,0,0,0,0,6.23181E+20,5.49989E+21,1.07061E+16,4.9639E+16
79432,9.1705E+18,9,5,71,165,2017,5,19,2,2,4,6,0,1,0,0,0,0,1,6.3147E+20,5.46722E+21,1.081E+16,4.93435E+16
79433,9.1705E+18,9,4,76,164,2017,5,18,2,3,0,7,1,0,0,0,0,0,0,6.6505E+20,5.58123E+21,1.13205E+16,5.03599E+16
79434,9.1705E+18,9,4,72,190,2017,5,13,2,3,8,1,0,0,0,1,0,0,0,7.02349E+20,5.52933E+21,1.18168E+16,4.98822E+16
79435,9.1705E+18,9,4,72,116,2017,5,13,2,3,8,1,0,0,0,1,0,0,0,6.91438E+20,5.5491E+21,1.16749E+16,5.00634E+16
79436,9.1705E+18,9,4,74,129,2017,5,11,2,3,8,1,0,0,0,1,0,0,0,6.67802E+20,5.51456E+21,1.13299E+16,4.97601E+16
79437,9.1705E+18,9,4,71,208,2017,5,4,2,2,6,4,0,1,1,0,0,2,0,6.26649E+20,5.52534E+21,1.07624E+16,4.98671E+16
79438,9.1705E+18,9,3,75,182,2017,5,9,2,3,5,3,0,1,0,0,0,0,0,7.37079E+20,5.41576E+21,1.22318E+16,4.88495E+16
79439,9.1705E+18,9,3,73,156,2017,5,17,2,3,0,7,0,0,0,0,1,0,0,6.67898E+20,5.45941E+21,1.13078E+16,4.92644E+16
79440,9.1705E+18,9,3,72,117,2017,5,12,2,2,2,2,0,1,0,1,0,0,0,7.71849E+20,5.45706E+21,1.27325E+16,4.9206E+16
79441,9.1705E+18,9,3,72,116,2017,5,18,2,3,2,6,0,1,0,0,0,0,1,7.69226E+20,5.45784E+21,1.26971E+16,4.92142E+16
79442,9.1705E+18,9,3,72,164,2017,5,15,2,2,5,3,0,1,0,1,0,0,0,7.63306E+20,5.44693E+21,1.26088E+16,4.91187E+16
79443,9.17051E+18,9,1,86,162,2017,5,17,6,3,5,3,0,1,0,1,0,0,0,6.96123E+20,5.38465E+21,1.16594E+16,4.85842E+16
79444,9.17051E+18,9,1,62,0,2017,5,14,6,3,2,6,0,1,0,0,0,0,0,6.78348E+20,5.33626E+21,1.13981E+16,4.81546E+16
79445,9.17051E+18,9,1,88,113,2017,5,9,6,3,2,2,0,1,0,0,0,0,1,6.75931E+20,5.3154E+21,1.13571E+16,4.79677E+16
79446,9.17051E+18,9,1,81,122,2017,5,17,6,3,2,2,0,1,0,0,1,0,0,6.4483E+20,5.33376E+21,1.09469E+16,4.81406E+16
79447,9.17051E+18,9,1,79,123,2017,5,16,6,3,5,3,0,1,0,0,0,0,0,6.7663E+20,5.33405E+21,1.13741E+16,4.81352E+16
79448,9.17051E+18,9,1,88,121,2017,5,13,6,3,2,6,0,1,0,0,0,0,1,6.71264E+20,5.33094E+21,1.13008E+16,4.81087E+16
79449,9.17051E+18,9,1,79,136,2017,5,12,6,3,0,7,1,0,0,0,0,0,0,6.60463E+20,5.34155E+21,1.11598E+16,4.82069E+16
79450,9.1705E+18,9,3,71,151,2017,5,15,2,3,4,2,0,1,0,0,1,0,0,6.9763E+20,5.48637E+21,1.17294E+16,4.94977E+16
79451,9.1705E+18,9,3,76,151,2017,5,19,2,2,2,6,0,1,0,0,0,0,1,7.49736E+20,5.48311E+21,1.24458E+16,4.94492E+16
79452,9.1705E+18,9,3,71,156,2017,5,10,2,3,8,1,0,1,0,0,0,0,0,7.01642E+20,5.49925E+21,1.17914E+16,4.96121E+16
79453,9.1705E+18,9,3,71,122,2017,5,13,2,3,6,7,0,1,1,0,0,0,0,7.13224E+20,5.48045E+21,1.19413E+16,4.94393E+16