OBJECTID,UIDENTSTLA,ULAND,UREGBEZ,UKREIS,UGEMEINDE,UJAHR,UMONAT,USTUNDE,UWOCHENTAG,UKATEGORIE,UART,UTYP1,IstRad,IstPKW,IstFuss,IstKrad,IstSonstig,LICHT,STRZUSTAND,LINREFX,LINREFY,XGCSWGS84,YGCSWGS84
79454,9.1705E+18,9,2,72,128,2017,5,17,2,3,2,6,0,1,0,0,1,0,0,8.15783E+20,5.42004E+21,1.33052E+16,4.88529E+16
79455,9.1705E+18,9,2,74,127,2017,5,18,2,3,4,6,0,1,0,0,0,0,0,7.38162E+20,5.40126E+21,1.22382E+16,4.87188E+16
79456,9.1705E+18,9,1,73,130,2017,5,21,2,1,8,1,0,1,0,0,0,2,1,6.82625E+20,5.31544E+21,1.14467E+16,4.79662E+16
79457,9.1705E+18,9,1,73,126,2017,5,17,2,3,8,1,0,1,0,0,0,0,1,6.83898E+20,5.30595E+21,1.14597E+16,4.78805E+16
79458,9.1705E+18,9,1,83,139,2017,5,15,2,3,1,3,0,1,0,0,0,0,0,7.35306E+20,5.33298E+21,1.21611E+16,4.81065E+16
79459,9.1705E+18,9,1,87,159,2017,5,15,2,3,0,1,1,0,0,0,0,0,0,7.30884E+20,5.32972E+21,1.21E+16,4.80789E+16
79460,9.1705E+18,9,1,87,167,2017,5,11,2,3,3,6,1,1,0,0,0,0,0,7.39787E+20,5.3036E+21,1.22048E+16,4.7841E+16
79461,9.1705E+18,9,1,87,118,2017,5,15,2,2,0,1,1,0,0,0,0,0,0,7.51114E+20,5.2998E+21,1.23538E+16,4.78025E+16
79462,9.1705E+18,9,1,82,114,2017,5,12,2,2,2,6,0,1,0,0,1,0,0,7.20851E+20,5.29274E+21,1.19466E+16,4.77502E+16
79463,9.1705E+18,9,1,61,0,2017,5,11,2,2,2,6,0,1,0,0,1,0,0,6.80698E+20,5.40644E+21,1.146E+16,4.87847E+16
79464,9.1705E+18,9,1,61,0,2017,5,18,2,3,2,6,0,1,0,0,0,0,1,6.81005E+20,5.40508E+21,1.14636E+16,4.87724E+16
79465,9.1705E+18,9,1,61,0,2017,5,21,2,2,5,3,1,1,0,0,0,2,1,6.73805E+20,5.40582E+21,1.1366E+16,4.87811E+16
79466,9.1705E+18,9,1,85,158,2017,5,2,2,2,4,1,0,1,0,0,0,2,1,6.67077E+20,5.38079E+21,1.12644E+16,4.85579E+16
79467,9.1705E+18,9,1,85,158,2017,5,6,2,2,8,1,0,1,0,0,0,1,0,6.61147E+20,5.38244E+21,1.11847E+16,4.85743E+16
79468,9.1705E+18,9,1,76,137,2017,5,13,2,2,2,6,1,0,0,0,0,0,0,6.78889E+20,5.43071E+21,1.1446E+16,4.90034E+16
79469,9.1705E+18,9,1,78,155,2017,5,15,2,1,4,1,0,1,0,0,0,0,0,7.11488E+20,5.37677E+21,1.18635E+16,4.85084E+16
79470,9.1705E+18,9,1,77,114,2017,5,11,2,3,0,1,1,0,0,0,0,0,0,7.22614E+20,5.34458E+21,1.19969E+16,4.82153E+16
79471,9.17043E+18,9,1,62,0,2017,4,14,1,2,2,6,1,0,0,0,0,0,0,6.85865E+20,5.33527E+21,1.14987E+16,4.81435E+16
79472,9.17043E+18,9,1,62,0,2017,4,8,1,3,8,1,0,1,0,0,0,0,0,6.9168E+20,5.3317E+21,1.15751E+16,4.81097E+16
79473,9.17043E+18,9,1,62,0,2017,4,19,1,3,5,3,0,1,0,0,0,0,0,6.86224E+20,5.33526E+21,1.15035E+16,4.81433E+16
79474,9.17051E+18,9,1,84,119,2017,5,17,6,3,2,6,0,1,0,0,0,0,0,6.93561E+20,5.34491E+21,1.16064E+16,4.82279E+16
79475,9.17043E+18,9,1,62,0,2017,4,21,1,3,5,3,0,1,0,0,0,2,0,6.94644E+20,5.33207E+21,1.16151E+16,4.81121E+16
79476,9.17051E+18,9,1,77,116,2017,5,16,6,3,2,6,0,1,0,0,0,0,0,7.10327E+20,5.364E+21,1.18414E+16,4.8394E+16
79477,9.17043E+18,9,1,62,0,2017,4,1,1,3,0,1,0,1,0,0,0,2,0,6.93098E+20,5.3381E+21,1.15971E+16,4.81668E+16
79478,9.17051E+18,9,1,77,116,2017,5,14,6,3,1,1,0,1,0,0,1,0,0,7.09938E+20,5.3639E+21,1.18361E+16,4.83933E+16
79479,9.17043E+18,9,7,75,135,2017,4,18,1,3,8,7,1,0,0,0,0,0,0,5.73338E+20,5.35914E+21,9.99046E+15,4.83811E+16
79480,9.17043E+18,9,7,75,135,2017,4,14,1,3,2,6,0,1,0,1,0,0,0,5.80828E+20,5.3628E+21,1.00923E+16,4.84132E+16
79481,9.17043E+18,9,7,78,169,2017,4,15,1,3,8,1,1,0,0,0,0,0,0,6.18152E+20,5.33252E+21,1.05881E+16,4.8135E+16
79482,9.17043E+18,9,7,80,137,2017,4,14,1,3,9,1,0,0,0,1,0,0,0,5.97532E+20,5.27384E+21,1.02978E+16,4.76106E+16
79483,9.17051E+18,9,1,77,115,2017,5,13,6,3,4,7,0,1,0,0,1,0,0,7.33331E+20,5.35075E+21,1.21444E+16,4.8267E+16
79484,9.17043E+18,9,7,80,123,2017,4,14,1,3,3,1,1,0,0,0,0,0,0,6.00401E+20,5.26209E+21,1.03332E+16,4.75045E+16
79485,9.1705E+18,9,1,62,0,2017,5,17,5,3,2,6,0,1,0,0,0,0,0,6.91309E+20,5.33114E+21,1.15699E+16,4.81048E+16
79486,9.1705E+18,9,1,62,0,2017,5,16,5,2,3,6,0,1,0,0,1,0,0,6.88137E+20,5.33383E+21,1.15285E+16,4.81299E+16
79487,9.1705E+18,9,1,84,137,2017,5,16,5,3,2,6,0,1,0,0,0,0,0,7.06312E+20,5.31687E+21,1.17644E+16,4.79718E+16
79488,9.1705E+18,9,7,78,123,2017,5,14,5,3,8,1,0,1,0,0,0,0,1,5.85829E+20,5.31585E+21,1.01504E+16,4.79902E+16
79489,9.1705E+18,9,7,75,135,2017,5,11,5,3,9,1,0,0,0,1,0,0,0,5.79992E+20,5.35947E+21,1.00804E+16,4.83833E+16
79490,9.1705E+18,9,7,64,0,2017,5,17,5,3,5,3,1,1,0,0,0,0,1,5.88224E+20,5.31444E+21,1.01822E+16,4.79772E+16
79491,9.17043E+18,9,7,76,131,2017,4,8,1,3,5,3,1,1,0,0,0,0,0,5.62688E+20,5.27782E+21,9.83476E+15,4.76507E+16
79492,9.17043E+18,9,7,76,129,2017,4,12,1,3,8,1,0,0,0,1,0,0,0,5.69452E+20,5.2706E+21,9.92367E+15,4.75851E+16
79493,9.17043E+18,9,7,80,132,2017,4,16,1,3,4,6,0,1,0,0,0,0,0,5.76519E+20,5.26679E+21,1.0017E+16,4.755E+16
79494,9.17043E+18,9,7,80,115,2017,4,17,1,2,0,1,0,0,0,1,0,0,0,5.94747E+20,5.2662E+21,1.02591E+16,4.75423E+16
79495,9.17043E+18,9,7,77,169,2017,4,14,1,3,2,6,0,1,0,1,0,0,0,6.31044E+20,5.26906E+21,1.07421E+16,4.75617E+16
79496,9.17043E+18,9,7,72,216,2017,4,14,1,3,4,7,1,0,0,0,0,0,0,6.23959E+20,5.36623E+21,1.0676E+16,4.8437E+16
79497,9.17043E+18,9,7,72,200,2017,4,19,1,2,9,1,0,0,0,1,0,0,0,6.2443E+20,5.3413E+21,1.0675E+16,4.82127E+16
79498,9.17043E+18,9,7,72,207,2017,4,13,1,3,5,3,1,1,0,0,0,0,0,6.40978E+20,5.38074E+21,1.09109E+16,4.85639E+16
79499,9.17043E+18,9,6,79,146,2017,4,11,1,3,8,1,0,0,0,1,0,0,0,5.56784E+20,5.51654E+21,9.78904E+15,4.97987E+16
79500,9.17043E+18,9,6,63,0,2017,4,20,1,3,8,6,0,1,0,0,0,0,0,5.63483E+20,5.5181E+21,9.88237E+15,4.9812E+16
79501,9.17043E+18,9,6,77,157,2017,4,5,1,2,8,7,0,1,0,0,0,1,0,5.37896E+20,5.51994E+21,9.52693E+15,4.98307E+16
79502,9.17043E+18,9,6,75,178,2017,4,13,1,3,2,6,0,1,0,1,0,0,0,5.96779E+20,5.51671E+21,1.03447E+16,4.9795E+16
79503,9.17043E+18,9,6,75,141,2017,4,14,1,3,8,1,0,0,0,1,0,0,0,5.82655E+20,5.51167E+21,1.01474E+16,4.97518E+16
79504,9.17043E+18,9,6,75,147,2017,4,18,1,3,0,7,1,0,0,0,0,0,0,5.83197E+20,5.50371E+21,1.01533E+16,4.96802E+16
79505,9.17043E+18,9,6,75,174,2017,4,19,1,2,0,7,1,0,0,0,0,0,0,5.85658E+20,5.52434E+21,1.01919E+16,4.98653E+16
79506,9.17043E+18,9,6,73,142,2017,4,20,1,2,9,1,0,1,0,0,0,2,0,5.93316E+20,5.58219E+21,1.03126E+16,5.03844E+16
79507,9.17043E+18,9,6,72,121,2017,4,17,1,3,5,2,0,1,0,0,0,0,0,5.68655E+20,5.55291E+21,9.96046E+15,5.01245E+16
79508,9.17043E+18,9,6,62,0,2017,4,14,1,3,9,6,0,0,0,1,0,0,0,5.87482E+20,5.54351E+21,1.02216E+16,5.00374E+16
79509,9.17043E+18,9,6,78,115,2017,4,14,1,3,8,1,1,0,0,0,0,0,0,5.83904E+20,5.53853E+21,1.01706E+16,4.99932E+16
79510,9.17043E+18,9,6,76,140,2017,4,13,1,2,8,1,0,0,0,1,0,0,0,5.03874E+20,5.5226E+21,9.0539E+15,4.98558E+16
79511,9.17051E+18,9,6,76,112,2017,5,16,3,3,5,3,0,1,0,1,0,0,0,5.15838E+20,5.49938E+21,9.21939E+15,4.96468E+16
79512,9.17051E+18,9,6,71,111,2017,5,7,3,3,1,6,0,1,0,0,0,0,0,5.06061E+20,5.54964E+21,9.08474E+15,5.0099E+16
79513,9.17051E+18,9,5,74,112,2017,5,21,3,3,5,3,0,1,0,0,1,2,0,6.72873E+20,5.47466E+21,1.13828E+16,4.94E+16
79514,9.17051E+18,9,5,62,0,2017,5,8,3,3,2,6,0,1,0,0,0,0,0,6.44624E+20,5.49696E+21,1.10018E+16,4.96079E+16
79515,9.17051E+18,9,5,73,127,2017,5,10,3,3,5,3,0,1,0,0,1,0,0,6.46569E+20,5.47589E+21,1.10209E+16,4.9418E+16
79516,9.17051E+18,9,5,64,0,2017,5,7,3,3,2,6,0,1,0,0,1,0,0,6.53776E+20,5.47886E+21,1.11214E+16,4.9443E+16
79517,9.17051E+18,9,5,64,0,2017,5,17,3,3,2,6,0,1,0,0,0,0,0,6.49245E+20,5.47876E+21,1.10589E+16,4.94432E+16
79518,9.17051E+18,9,5,64,0,2017,5,5,3,2,4,6,1,0,0,0,0,1,0,6.50847E+20,5.47276E+21,1.10787E+16,4.93888E+16
79519,9.17051E+18,9,5,71,152,2017,5,7,3,3,0,7,1,0,0,0,0,0,0,5.87164E+20,5.46773E+21,1.02003E+16,4.93561E+16
79520,9.17051E+18,9,5,75,116,2017,5,8,3,2,4,1,0,1,0,0,0,0,0,6.09101E+20,5.50797E+21,1.05134E+16,4.97143E+16
79521,9.17051E+18,9,5,71,175,2017,5,15,3,3,6,7,0,1,1,0,0,0,0,6.22579E+20,5.45969E+21,1.06853E+16,4.92777E+16
79522,9.17051E+18,9,5,71,171,2017,5,16,3,3,2,6,0,1,0,1,0,0,0,6.10067E+20,5.46601E+21,1.05151E+16,4.93369E+16
79523,9.17051E+18,9,4,75,169,2017,5,15,3,3,8,1,0,1,0,0,0,0,0,6.85191E+20,5.57133E+21,1.15985E+16,5.02651E+16
79524,9.17051E+18,9,4,75,171,2017,5,16,3,3,4,1,0,1,0,0,0,0,0,6.95108E+20,5.5774E+21,1.17406E+16,5.03164E+16
79525,9.17051E+18,9,4,62,0,2017,5,18,3,3,5,3,0,1,0,0,0,0,0,6.87421E+20,5.53505E+21,1.1612E+16,4.99384E+16
79526,9.17051E+18,9,4,74,126,2017,5,8,3,3,2,6,0,1,0,0,0,0,0,6.48322E+20,5.50567E+21,1.10563E+16,4.96853E+16
79527,9.17051E+18,9,4,74,126,2017,5,16,3,3,0,1,0,0,0,1,0,0,0,6.48324E+20,5.51067E+21,1.10582E+16,4.97302E+16
79528,9.17051E+18,9,4,61,0,2017,5,13,3,3,2,6,0,1,0,0,0,0,0,6.38033E+20,5.52792E+21,1.09216E+16,4.98878E+16
79529,9.17051E+18,9,4,61,0,2017,5,11,3,2,2,6,0,1,0,0,0,0,0,6.34473E+20,5.5258E+21,1.08714E+16,4.98695E+16
79530,9.17051E+18,9,3,74,168,2017,5,10,3,2,8,6,0,0,0,0,1,0,0,7.28268E+20,5.52009E+21,1.21716E+16,4.97898E+16
79531,9.17051E+18,9,2,77,128,2017,5,11,3,3,4,6,0,0,0,0,1,0,0,7.90544E+20,5.34998E+21,1.29132E+16,4.82364E+16
79532,9.17051E+18,9,2,77,148,2017,5,9,3,3,6,4,0,0,1,0,1,0,1,7.88342E+20,5.36444E+21,1.28935E+16,4.83672E+16
79533,9.17051E+18,9,2,77,139,2017,5,10,3,2,4,2,1,1,0,0,0,0,0,7.88892E+20,5.37032E+21,1.29049E+16,4.84197E+16
79534,9.17051E+18,9,2,75,141,2017,5,18,3,3,2,6,0,1,0,0,0,0,0,8.18924E+20,5.36928E+21,1.33089E+16,4.83959E+16
79535,9.17051E+18,9,2,74,176,2017,5,10,3,3,5,3,0,1,0,0,0,0,0,7.23356E+20,5.39765E+21,1.20352E+16,4.86919E+16
79536,9.17051E+18,9,2,79,122,2017,5,17,3,3,5,2,1,1,0,0,0,0,0,7.7077E+20,5.39824E+21,1.26786E+16,4.86784E+16
79537,9.17051E+18,9,2,79,135,2017,5,17,3,3,0,1,0,0,0,1,0,0,0,7.73674E+20,5.39052E+21,1.27129E+16,4.86079E+16
79538,9.17051E+18,9,1,80,122,2017,5,9,3,3,8,1,0,1,0,0,0,0,1,6.67995E+20,5.26151E+21,1.123E+16,4.74853E+16
79539,9.17051E+18,9,1,89,145,2017,5,15,3,3,7,3,0,1,0,0,0,0,0,7.79324E+20,5.30422E+21,1.27326E+16,4.78306E+16
79540,9.17051E+18,9,1,89,140,2017,5,15,3,3,4,6,0,1,0,0,1,0,1,7.72699E+20,5.29496E+21,1.26384E+16,4.77503E+16
79541,9.17051E+18,9,1,83,128,2017,5,23,3,2,8,1,0,0,0,1,0,2,0,7.63243E+20,5.35093E+21,1.25468E+16,4.82568E+16
79542,9.17051E+18,9,1,72,130,2017,5,15,3,3,5,2,0,0,0,1,1,0,0,7.95148E+20,5.3123E+21,1.2949E+16,4.7896E+16
79543,9.17051E+18,9,1,89,118,2017,5,10,3,3,2,6,0,1,0,0,0,0,0,7.86311E+20,5.323E+21,1.28382E+16,4.79961E+16
79544,9.17051E+18,9,1,87,142,2017,5,17,3,3,4,2,0,1,0,0,0,0,1,7.33574E+20,5.31145E+21,1.21262E+16,4.79138E+16
79545,9.17051E+18,9,1,87,148,2017,5,15,3,3,5,7,1,1,0,0,0,0,1,7.39555E+20,5.27858E+21,1.2188E+16,4.76163E+16
79546,9.17051E+18,9,1,87,117,2017,5,6,3,3,8,1,0,1,0,0,0,0,1,7.25421E+20,5.302E+21,1.20123E+16,4.78318E+16
79547,9.17051E+18,9,1,61,0,2017,5,17,3,3,6,4,1,0,1,0,0,0,0,6.79519E+20,5.40444E+21,1.14431E+16,4.87671E+16
79548,9.17051E+18,9,1,61,0,2017,5,21,3,3,1,6,0,1,0,1,0,2,0,6.79071E+20,5.40493E+21,1.14372E+16,4.87716E+16
79549,9.17051E+18,9,1,85,113,2017,5,15,3,3,2,6,0,1,0,0,0,0,0,6.71317E+20,5.37912E+21,1.13211E+16,4.85418E+16
79550,9.17051E+18,9,1,85,149,2017,5,10,3,2,0,1,1,0,0,0,0,0,0,6.60395E+20,5.4009E+21,1.11817E+16,4.87405E+16
79551,9.17051E+18,9,1,61,0,2017,5,16,3,3,2,6,0,1,0,0,0,0,0,6.79814E+20,5.40621E+21,1.14479E+16,4.87828E+16
79552,9.17051E+18,9,1,62,0,2017,5,16,3,3,9,1,0,1,0,0,0,0,0,6.81173E+20,5.34161E+21,1.14384E+16,4.82018E+16
79553,9.17051E+18,9,1,81,128,2017,5,17,3,3,4,2,1,1,0,0,0,0,0,6.38978E+20,5.32783E+21,1.08663E+16,4.80886E+16
79554,9.17051E+18,9,1,62,0,2017,5,12,3,3,2,6,0,1,0,0,1,0,0,6.95373E+20,5.34416E+21,1.16304E+16,4.82206E+16
79555,9.17051E+18,9,1,78,143,2017,5,11,3,2,2,6,1,0,0,0,1,0,0,7.16912E+20,5.3723E+21,1.19345E+16,4.84664E+16
79556,9.17051E+18,9,1,75,115,2017,5,18,3,2,9,1,0,1,0,0,0,0,0,7.16518E+20,5.33733E+21,1.19113E+16,4.81523E+16
79557,9.17051E+18,9,1,75,112,2017,5,16,3,3,5,3,0,1,0,0,0,0,0,7.21743E+20,5.32033E+21,1.19726E+16,4.79977E+16
79558,9.17051E+18,9,1,75,115,2017,5,11,3,3,0,1,0,1,0,0,0,0,1,7.20546E+20,5.33131E+21,1.19622E+16,4.80968E+16
79559,9.17051E+18,9,1,62,0,2017,5,17,2,3,5,2,0,1,0,0,0,0,1,6.88308E+20,5.3402E+21,1.15337E+16,4.81871E+16
79560,9.17051E+18,9,1,62,0,2017,5,8,2,3,2,6,0,1,0,0,0,2,0,6.88258E+20,5.33163E+21,1.15292E+16,4.81101E+16
79561,9.17051E+18,9,1,62,0,2017,5,9,2,3,5,3,0,1,0,0,0,0,1,6.94646E+20,5.33207E+21,1.16151E+16,4.81121E+16
79562,9.17051E+18,9,7,75,152,2017,5,11,2,3,0,6,0,1,0,0,0,0,1,5.78278E+20,5.35372E+21,1.00562E+16,4.83318E+16
79563,9.17051E+18,9,7,64,0,2017,5,12,2,2,6,2,0,1,1,0,0,0,1,5.88309E+20,5.31394E+21,1.01832E+16,4.79727E+16
79564,9.17051E+18,9,7,80,125,2017,5,6,2,2,5,3,1,1,0,0,0,1,1,5.9919E+20,5.29196E+21,1.03239E+16,4.77734E+16
79565,9.17051E+18,9,7,80,143,2017,5,7,2,3,2,6,0,1,0,0,0,0,0,5.97944E+20,5.28166E+21,1.0305E+16,4.76809E+16
79566,9.17051E+18,9,7,76,116,2017,5,20,2,3,2,6,0,1,0,0,0,1,1,5.52521E+20,5.26683E+21,9.69807E+15,4.75528E+16
79567,9.17051E+18,9,7,79,169,2017,5,5,2,3,3,6,0,1,0,0,1,1,1,6.31797E+20,5.40433E+21,1.0794E+16,4.8778E+16
79568,9.17051E+18,9,7,79,155,2017,5,13,2,3,8,6,0,1,0,0,1,0,1,6.20344E+20,5.40869E+21,1.06395E+16,4.88195E+16
79569,9.17051E+18,9,7,73,136,2017,5,16,2,3,2,6,0,1,0,0,0,0,1,5.98077E+20,5.37378E+21,1.03279E+16,4.85095E+16
79570,9.17051E+18,9,7,61,0,2017,5,12,2,3,9,1,0,1,0,0,0,0,1,6.37675E+20,5.36087E+21,1.08596E+16,4.8386E+16
79571,9.17051E+18,9,7,72,131,2017,5,9,2,3,2,6,0,1,0,0,0,0,1,6.17572E+20,5.35624E+21,1.05869E+16,4.83484E+16
79572,9.17051E+18,9,7,72,162,2017,5,16,2,3,6,2,0,1,1,0,0,0,1,6.35942E+20,5.33558E+21,1.0828E+16,4.8159E+16
79573,9.17051E+18,9,7,72,114,2017,5,8,2,3,9,1,0,1,0,0,0,0,1,6.34733E+20,5.38545E+21,1.08278E+16,4.86076E+16
79574,9.17051E+18,9,7,61,0,2017,5,18,2,3,5,3,1,1,0,0,0,0,1,6.40837E+20,5.36048E+21,1.09021E+16,4.83818E+16
79575,9.17051E+18,9,7,61,0,2017,5,11,2,3,5,3,0,1,0,0,1,0,1,6.41767E+20,5.35975E+21,1.09144E+16,4.8375E+16
79576,9.17051E+18,9,7,61,0,2017,5,13,2,2,4,2,0,1,0,1,0,0,1,6.40443E+20,5.36032E+21,1.08968E+16,4.83804E+16
79577,9.17051E+18,9,6,79,141,2017,5,7,2,3,9,1,0,1,0,0,0,0,1,5.56096E+20,5.51997E+21,9.77999E+15,4.98295E+16
79578,9.17051E+18,9,6,79,147,2017,5,6,2,3,2,6,0,1,0,0,0,0,1,5.63437E+20,5.51506E+21,9.88124E+15,4.97847E+16
79579,9.17051E+18,9,6,77,131,2017,5,20,2,3,5,3,1,1,0,0,0,0,0,5.49738E+20,5.5448E+21,9.69479E+15,5.00534E+16
79580,9.17051E+18,9,6,73,186,2017,5,10,2,3,8,1,0,1,0,0,0,0,0,5.85784E+20,5.56928E+21,1.02037E+16,5.02694E+16
79581,9.17051E+18,9,6,62,0,2017,5,5,2,3,4,2,0,1,0,1,0,1,1,5.87348E+20,5.54439E+21,1.022E+16,5.00454E+16
79582,9.17051E+18,9,6,72,145,2017,5,19,2,2,5,3,0,1,0,0,0,0,0,5.6206E+20,5.57532E+21,9.87187E+15,5.03267E+16
79583,9.17051E+18,9,6,76,169,2017,5,13,2,2,4,1,0,1,0,0,0,0,0,5.10303E+20,5.51567E+21,9.14315E+15,4.97934E+16
79584,9.17051E+18,9,6,76,112,2017,5,15,2,2,4,6,0,1,0,0,1,0,1,5.08907E+20,5.50099E+21,9.12341E+15,4.96613E+16
79585,9.17051E+18,9,6,61,0,2017,5,13,2,3,6,4,0,0,1,1,0,0,0,5.11582E+20,5.53536E+21,9.16151E+15,4.99705E+16
79586,9.17051E+18,9,5,76,151,2017,5,7,2,2,1,6,0,0,0,0,1,0,1,6.55773E+20,5.47236E+21,1.11463E+16,4.9384E+16
79587,9.17051E+18,9,5,64,0,2017,5,7,2,3,2,6,0,0,0,0,1,0,0,6.53172E+20,5.46924E+21,1.11093E+16,4.93566E+16
79588,9.17051E+18,9,5,64,0,2017,5,7,2,2,2,6,0,1,0,0,1,0,0,6.53576E+20,5.46981E+21,1.11151E+16,4.93617E+16
79589,9.17051E+18,9,5,72,142,2017,5,9,2,3,4,2,0,1,0,0,0,0,1,6.4519E+20,5.50022E+21,1.10109E+16,4.96371E+16
79590,9.17051E+18,9,5,74,123,2017,5,8,2,3,1,6,0,1,0,0,1,0,1,6.60191E+20,5.47049E+21,1.12064E+16,4.9366E+16
79591,9.17051E+18,9,5,73,120,2017,5,9,2,3,2,7,0,1,0,0,0,0,1,6.28377E+20,5.48354E+21,1.07727E+16,4.94909E+16
79592,9.17051E+18,9,5,71,145,2017,5,6,2,3,9,6,0,1,0,0,0,0,0,5.9008E+20,5.44977E+21,1.02364E+16,4.91941E+16
79593,9.17051E+18,9,5,75,116,2017,5,9,2,3,5,3,0,1,0,0,0,0,1,6.17465E+20,5.51056E+21,1.06302E+16,4.9736E+16
79594,9.17051E+18,9,5,71,174,2017,5,7,2,3,9,1,0,1,0,0,0,0,1,6.04324E+20,5.46434E+21,1.04356E+16,4.93228E+16
79595,9.17051E+18,9,4,79,129,2017,5,20,2,3,5,3,0,1,0,0,0,2,0,7.10061E+20,5.55937E+21,1.19404E+16,5.01493E+16
79596,9.17051E+18,9,4,72,197,2017,5,15,2,3,8,6,0,0,0,0,1,0,0,6.65304E+20,5.52488E+21,1.12997E+16,4.98535E+16
79597,9.17051E+18,9,4,77,129,2017,5,7,2,3,1,3,0,0,0,1,1,0,0,6.8405E+20,5.5571E+21,1.15756E+16,5.01376E+16
79598,9.17051E+18,9,4,72,139,2017,5,18,2,3,5,3,0,1,0,0,0,0,0,6.94071E+20,5.5526E+21,1.17134E+16,5.0094E+16
79599,9.17051E+18,9,4,62,0,2017,5,8,2,3,2,1,0,1,0,0,0,0,0,6.85508E+20,5.53596E+21,1.15858E+16,4.99472E+16
79600,9.17051E+18,9,4,74,126,2017,5,16,2,3,2,6,0,1,0,0,0,0,0,6.49044E+20,5.50814E+21,1.10672E+16,4.97073E+16
79601,9.17051E+18,9,3,77,154,2017,5,14,2,3,5,3,0,1,0,0,0,0,0,7.39887E+20,5.53077E+21,1.23393E+16,4.98812E+16
79602,9.17051E+18,9,3,74,156,2017,5,6,2,3,8,1,0,0,0,0,1,0,0,7.16523E+20,5.51145E+21,1.20038E+16,4.97166E+16
79603,9.17051E+18,9,3,74,144,2017,5,13,2,3,5,3,0,1,0,0,0,0,1,7.19011E+20,5.51048E+21,1.20378E+16,4.97069E+16
79604,9.17051E+18,9,3,74,157,2017,5,17,2,3,4,6,0,1,0,0,0,0,0,7.04793E+20,5.52013E+21,1.18459E+16,4.97986E+16
79605,9.17051E+18,9,3,73,121,2017,5,10,2,2,8,1,0,1,0,0,0,0,1,6.89873E+20,5.4342E+21,1.15977E+16,4.90314E+16
79606,9.17051E+18,9,3,73,112,2017,5,17,2,3,5,3,0,1,0,0,0,0,1,6.79398E+20,5.43881E+21,1.14566E+16,4.9076E+16
79607,9.17051E+18,9,3,73,126,2017,5,14,2,2,3,2,0,1,0,0,0,0,0,6.69177E+20,5.4575E+21,1.13246E+16,4.92469E+16
79608,9.17051E+18,9,3,72,115,2017,5,10,2,2,4,6,0,1,0,0,0,0,0,7.78509E+20,5.4553E+21,1.28225E+16,4.91872E+16
79609,9.17051E+18,9,3,76,170,2017,5,15,2,3,0,7,0,1,0,0,0,0,0,7.27628E+20,5.45488E+21,1.21251E+16,4.92044E+16
79610,9.17051E+18,9,3,61,0,2017,5,10,2,3,2,6,0,1,0,0,1,0,0,7.06235E+20,5.48202E+21,1.18459E+16,4.94558E+16
79611,9.17051E+18,9,2,71,125,2017,5,15,2,3,8,6,0,1,0,0,1,0,0,8.02212E+20,5.40689E+21,1.31111E+16,4.87416E+16
79612,9.17051E+18,9,2,78,167,2017,5,8,2,1,4,6,0,1,0,0,1,0,0,7.68125E+20,5.41304E+21,1.26524E+16,4.88124E+16
79613,9.17051E+18,9,2,71,151,2017,5,17,2,3,5,3,0,1,0,0,1,0,1,7.81737E+20,5.41499E+21,1.28388E+16,4.88239E+16
79614,9.17051E+18,9,2,75,133,2017,5,16,2,3,2,2,0,1,0,0,0,0,0,8.22667E+20,5.38293E+21,1.33699E+16,4.85164E+16
79615,9.17051E+18,9,2,72,120,2017,5,7,2,3,2,6,0,1,0,0,0,0,0,8.25509E+20,5.42025E+21,1.34376E+16,4.88497E+16
79616,9.17051E+18,9,2,72,128,2017,5,12,2,3,4,2,0,1,0,0,0,0,1,8.11959E+20,5.4194E+21,1.32528E+16,4.88491E+16
79617,9.17051E+18,9,2,72,120,2017,5,14,2,2,5,3,0,1,0,0,1,0,0,8.20736E+20,5.41877E+21,1.33716E+16,4.88389E+16
79618,9.17051E+18,9,2,74,128,2017,5,9,2,3,5,3,0,1,0,0,0,0,1,7.38181E+20,5.38992E+21,1.22319E+16,4.8617E+16
79619,9.17051E+18,9,2,79,112,2017,5,13,2,2,4,6,0,1,0,0,0,0,0,7.57298E+20,5.39409E+21,1.24934E+16,4.86469E+16
79620,9.17051E+18,9,2,79,128,2017,5,13,2,3,8,1,0,1,0,0,1,0,1,7.52902E+20,5.39493E+21,1.24343E+16,4.86562E+16
79621,9.17051E+18,9,1,88,139,2017,5,5,2,2,9,1,0,1,0,0,0,1,1,6.80532E+20,5.32177E+21,1.14213E+16,4.80237E+16
79622,9.17051E+18,9,1,80,134,2017,5,22,2,3,8,1,0,1,0,0,0,2,1,6.54491E+20,5.28716E+21,1.10599E+16,4.77193E+16
79623,9.17051E+18,9,1,72,134,2017,5,15,2,3,2,6,0,1,0,0,0,0,1,7.84405E+20,5.30431E+21,1.28004E+16,4.78292E+16
79624,9.17051E+18,9,1,83,112,2017,5,10,2,3,9,1,0,1,0,0,0,0,1,7.53279E+20,5.34932E+21,1.24119E+16,4.82464E+16
79625,9.17051E+18,9,1,83,119,2017,5,19,2,3,2,6,0,1,0,0,0,0,0,7.37664E+20,5.33969E+21,1.21965E+16,4.81659E+16
79626,9.17051E+18,9,1,89,157,2017,5,13,2,3,4,1,0,1,0,0,0,0,1,7.66716E+20,5.32732E+21,1.25787E+16,4.80434E+16