OBJECTID,UIDENTSTLA,ULAND,UREGBEZ,UKREIS,UGEMEINDE,UJAHR,UMONAT,USTUNDE,UWOCHENTAG,UKATEGORIE,UART,UTYP1,IstRad,IstPKW,IstFuss,IstKrad,IstSonstig,LICHT,STRZUSTAND,LINREFX,LINREFY,XGCSWGS84,YGCSWGS84
79799,9.17051E+18,9,2,79,128,2017,5,15,7,3,8,1,0,1,0,0,0,0,0,7.54862E+20,5.39478E+21,1.24608E+16,4.8654E+16
79800,9.17051E+18,9,1,87,182,2017,5,13,4,3,2,2,0,1,0,0,0,0,0,7.41497E+20,5.32822E+21,1.22415E+16,4.80615E+16
79801,9.17051E+18,9,2,74,172,2017,5,17,7,3,5,6,0,1,0,1,0,0,0,7.16847E+20,5.39507E+21,1.19455E+16,4.8671E+16
79802,9.17051E+18,9,1,63,0,2017,5,9,4,3,3,6,1,1,0,0,0,0,0,7.33251E+20,5.30528E+21,1.21185E+16,4.78585E+16
79803,9.17051E+18,9,2,79,122,2017,5,18,7,3,8,1,0,1,0,0,0,0,0,7.74035E+20,5.39208E+21,1.27188E+16,4.86217E+16
79804,9.17051E+18,9,1,63,0,2017,5,12,4,3,3,6,0,1,0,0,0,0,0,7.33587E+20,5.30316E+21,1.21218E+16,4.78393E+16
79805,9.17051E+18,9,1,73,123,2017,5,16,7,3,0,7,1,0,0,0,0,0,0,6.79616E+20,5.29613E+21,1.13984E+16,4.77935E+16
79806,9.17051E+18,9,1,90,138,2017,5,14,7,2,5,2,0,1,0,1,0,0,0,6.6206E+20,5.3061E+21,1.11679E+16,4.78878E+16
79807,9.17051E+18,9,1,80,123,2017,5,12,7,3,4,1,0,1,0,0,1,0,0,6.70498E+20,5.25532E+21,1.12609E+16,4.7429E+16
79808,9.17051E+18,9,1,80,126,2017,5,14,7,3,2,7,0,1,0,1,0,0,0,6.59994E+20,5.26964E+21,1.11269E+16,4.75604E+16
79809,9.17051E+18,9,1,87,177,2017,5,5,4,3,4,6,0,1,0,0,1,1,1,7.35496E+20,5.3047E+21,1.21482E+16,4.78525E+16
79810,9.17051E+18,9,1,82,114,2017,5,15,4,3,4,6,0,1,0,0,0,0,0,7.18468E+20,5.2947E+21,1.19158E+16,4.77686E+16
79811,9.17051E+18,9,1,61,0,2017,5,16,4,3,5,2,1,1,0,0,0,0,0,6.7954E+20,5.3999E+21,1.14414E+16,4.87263E+16
79812,9.17051E+18,9,1,71,129,2017,5,16,7,2,2,6,0,1,0,1,0,0,0,7.76671E+20,5.35634E+21,1.27309E+16,4.82997E+16
79813,9.17051E+18,9,1,61,0,2017,5,18,4,3,5,2,1,1,0,0,0,0,0,6.79195E+20,5.40421E+21,1.14386E+16,4.87651E+16
79814,9.17051E+18,9,1,87,182,2017,5,15,7,3,2,2,0,1,0,0,0,0,0,7.40299E+20,5.32732E+21,1.22249E+16,4.80539E+16
79815,9.17051E+18,9,1,84,120,2017,5,15,4,3,7,7,0,1,0,0,1,0,0,6.81101E+20,5.3333E+21,1.14338E+16,4.81272E+16
79816,9.17051E+18,9,1,63,0,2017,5,23,7,3,4,2,0,1,0,0,0,2,1,7.327E+20,5.3056E+21,1.21113E+16,4.78616E+16
79817,9.17051E+18,9,1,82,125,2017,5,15,7,2,3,6,0,0,0,1,1,0,0,7.14077E+20,5.29864E+21,1.18592E+16,4.78055E+16
79818,9.17051E+18,9,1,82,114,2017,5,17,7,3,5,3,1,1,0,0,0,0,0,7.2129E+20,5.29164E+21,1.19519E+16,4.77401E+16
79819,9.17051E+18,9,1,88,139,2017,5,17,4,2,8,1,0,0,0,1,0,0,0,6.7607E+20,5.32202E+21,1.13616E+16,4.80272E+16
79820,9.17051E+18,9,1,88,113,2017,5,18,4,3,5,3,0,1,0,0,0,0,0,6.75862E+20,5.31527E+21,1.13561E+16,4.79666E+16
79821,9.17051E+18,9,1,79,121,2017,5,11,4,3,0,7,0,0,0,0,1,0,0,6.67602E+20,5.3387E+21,1.12547E+16,4.81794E+16
79822,9.17051E+18,9,1,81,114,2017,5,13,4,2,8,1,0,1,0,0,0,0,0,6.57387E+20,5.31163E+21,1.11074E+16,4.79387E+16
79823,9.17051E+18,9,1,78,124,2017,5,10,4,3,9,1,0,0,0,0,1,0,0,7.04336E+20,5.36229E+21,1.17597E+16,4.83806E+16
79824,9.17051E+18,9,1,62,0,2017,5,8,3,3,2,6,0,1,0,0,0,0,1,6.97378E+20,5.33132E+21,1.16514E+16,4.81045E+16
79825,9.17051E+18,9,1,87,157,2017,5,14,7,1,9,1,0,0,0,1,0,0,0,7.31276E+20,5.28441E+21,1.2081E+16,4.76717E+16
79826,9.17051E+18,9,1,82,129,2017,5,15,7,3,5,3,0,1,0,0,1,0,0,7.07878E+20,5.28548E+21,1.17702E+16,4.76892E+16
79827,9.17051E+18,9,1,87,179,2017,5,19,7,1,8,1,0,1,0,0,0,0,0,7.25187E+20,5.31075E+21,1.20137E+16,4.79105E+16
79828,9.17051E+18,9,1,61,0,2017,5,12,7,3,2,6,0,1,0,1,0,0,0,6.76275E+20,5.40451E+21,1.1399E+16,4.87686E+16
79829,9.17051E+18,9,1,76,139,2017,5,16,7,3,5,3,0,1,0,1,0,0,0,6.82094E+20,5.40914E+21,1.14802E+16,4.88085E+16
79830,9.17051E+18,9,1,76,139,2017,5,10,7,3,0,1,1,0,0,0,0,0,0,6.84652E+20,5.4101E+21,1.15154E+16,4.88164E+16
79831,9.17051E+18,9,1,76,167,2017,5,19,7,3,5,3,1,1,0,0,0,0,0,6.77594E+20,5.41015E+21,1.14194E+16,4.8819E+16
79832,9.17051E+18,9,1,61,0,2017,5,11,7,3,2,6,0,1,0,1,0,0,0,6.77199E+20,5.40429E+21,1.14115E+16,4.87663E+16
79833,9.17051E+18,9,1,76,166,2017,5,19,7,3,8,7,0,1,0,0,1,1,0,6.54876E+20,5.40947E+21,1.11099E+16,4.88189E+16
79834,9.17051E+18,9,1,76,114,2017,5,6,7,3,0,1,0,1,0,0,0,1,1,6.86885E+20,5.42636E+21,1.15532E+16,4.89619E+16
79835,9.17051E+18,9,1,81,123,2017,5,23,7,3,3,6,0,1,0,0,0,2,1,6.53775E+20,5.32625E+21,1.10643E+16,4.8071E+16
79836,9.17051E+18,9,1,74,146,2017,5,11,7,2,3,6,0,1,0,0,0,0,0,6.66607E+20,5.35104E+21,1.12462E+16,4.82906E+16
79837,9.17051E+18,9,1,79,134,2017,5,19,7,2,4,2,1,1,0,0,0,0,0,6.67418E+20,5.34271E+21,1.12538E+16,4.82155E+16
79838,9.17051E+18,9,1,79,138,2017,5,13,7,1,5,3,1,1,0,0,0,0,0,6.56619E+20,5.33518E+21,1.11058E+16,4.81506E+16
79839,9.17051E+18,9,1,81,115,2017,5,10,7,3,5,3,1,1,0,0,0,0,0,6.57515E+20,5.32706E+21,1.11148E+16,4.80774E+16
79840,9.17051E+18,9,1,62,0,2017,5,17,3,3,8,6,1,1,1,0,0,0,0,6.88338E+20,5.3402E+21,1.15341E+16,4.81871E+16
79841,9.17051E+18,9,1,74,115,2017,5,11,7,3,2,6,0,1,0,0,0,0,0,6.83373E+20,5.34882E+21,1.14711E+16,4.8266E+16
79842,9.17051E+18,9,1,75,118,2017,5,18,7,3,2,6,0,1,0,0,0,0,0,7.16106E+20,5.34037E+21,1.19073E+16,4.81798E+16
79843,9.17051E+18,9,1,86,152,2017,5,12,7,3,2,6,0,1,0,0,0,0,0,6.91523E+20,5.37381E+21,1.15921E+16,4.84883E+16
79844,9.17051E+18,9,1,77,115,2017,5,14,7,3,2,6,0,1,0,0,1,0,0,7.31764E+20,5.35371E+21,1.21249E+16,4.82941E+16
79845,9.17051E+18,9,1,62,0,2017,5,13,6,3,2,6,0,1,0,0,0,0,0,6.88015E+20,5.32785E+21,1.15243E+16,4.80762E+16
79846,9.17051E+18,9,1,62,0,2017,5,14,6,3,3,6,0,1,0,0,0,0,0,6.83118E+20,5.33582E+21,1.1462E+16,4.81492E+16
79847,9.17051E+18,9,1,84,141,2017,5,19,6,3,2,3,0,1,0,0,0,0,0,6.9819E+20,5.31239E+21,1.16536E+16,4.79342E+16
79848,9.17051E+18,9,1,84,114,2017,5,22,6,3,5,2,0,1,0,0,0,2,0,7.00537E+20,5.31746E+21,1.16873E+16,4.79789E+16
79849,9.17051E+18,9,1,62,0,2017,5,12,6,3,5,3,0,1,0,0,0,0,1,6.98746E+20,5.32954E+21,1.1669E+16,4.80881E+16
79850,9.17051E+18,9,7,75,135,2017,5,14,6,3,2,6,0,1,0,0,0,0,0,5.74736E+20,5.36065E+21,1.00096E+16,4.83946E+16
79851,9.17051E+18,9,7,78,180,2017,5,15,6,3,2,6,0,1,0,0,0,0,0,6.04225E+20,5.32224E+21,1.03984E+16,4.80449E+16
79852,9.17051E+18,9,1,62,0,2017,5,14,3,3,2,6,0,1,0,0,0,0,0,6.93212E+20,5.33756E+21,1.15984E+16,4.81619E+16
79853,9.17051E+18,9,7,78,173,2017,5,11,6,3,2,6,0,1,0,1,0,0,0,6.11668E+20,5.32274E+21,1.04984E+16,4.80481E+16
79854,9.17051E+18,9,1,62,0,2017,5,8,3,3,2,6,0,1,0,0,1,0,0,6.8742E+20,5.3328E+21,1.15185E+16,4.81208E+16
79855,9.17051E+18,9,7,78,196,2017,5,16,6,2,4,2,0,1,0,0,0,0,0,6.00398E+20,5.31634E+21,1.03457E+16,4.79925E+16
79856,9.17051E+18,9,7,76,116,2017,5,12,6,3,3,7,0,1,0,1,0,0,0,5.51237E+20,5.26813E+21,9.68116E+15,4.75646E+16
79857,9.17051E+18,9,7,72,130,2017,5,15,6,3,1,6,0,0,0,1,1,0,0,6.31414E+20,5.35706E+21,1.07739E+16,4.83531E+16
79858,9.17051E+18,9,7,78,165,2017,5,16,3,3,5,3,0,1,0,0,1,0,0,5.84395E+20,5.30176E+21,1.01284E+16,4.78636E+16
79859,9.17051E+18,9,7,78,204,2017,5,6,3,3,8,6,0,1,0,1,0,0,1,6.16952E+20,5.33156E+21,1.05717E+16,4.81265E+16
79860,9.17051E+18,9,7,77,118,2017,5,22,3,3,8,7,0,1,0,0,0,2,0,6.2741E+20,5.30141E+21,1.07032E+16,4.78534E+16
79861,9.17051E+18,9,7,76,116,2017,5,21,3,2,6,4,0,1,1,0,0,2,0,5.51797E+20,5.26738E+21,9.68851E+15,4.75578E+16
79862,9.17051E+18,9,7,76,116,2017,5,7,3,3,2,6,0,1,0,0,0,0,1,5.55342E+20,5.26657E+21,9.73552E+15,4.75502E+16
79863,9.17051E+18,9,7,61,0,2017,5,8,3,3,2,6,0,1,0,0,0,0,0,6.42139E+20,5.36225E+21,1.09203E+16,4.83974E+16
79864,9.17051E+18,9,7,61,0,2017,5,7,3,3,3,6,0,1,0,0,1,0,0,6.41421E+20,5.35756E+21,1.0909E+16,4.83554E+16
79865,9.17051E+18,9,7,72,177,2017,5,15,6,3,2,2,1,1,0,0,0,0,0,6.37953E+20,5.38037E+21,1.08698E+16,4.85613E+16
79866,9.17051E+18,9,7,61,0,2017,5,17,6,3,5,2,1,0,0,0,1,0,0,6.41528E+20,5.35349E+21,1.09091E+16,4.83188E+16
79867,9.17051E+18,9,7,71,113,2017,5,17,6,2,4,6,0,1,0,0,0,0,0,6.59255E+20,5.37516E+21,1.11563E+16,4.85094E+16
79868,9.17051E+18,9,6,77,129,2017,5,19,6,2,8,1,0,0,0,1,0,0,0,5.32995E+20,5.54788E+21,9.46118E+15,5.00823E+16
79869,9.17051E+18,9,6,77,120,2017,5,18,6,2,1,6,0,1,0,0,1,0,0,5.31581E+20,5.52518E+21,9.43956E+15,4.98782E+16
79870,9.17051E+18,9,6,61,0,2017,5,16,6,3,4,4,0,1,1,0,0,0,0,5.14055E+20,5.53338E+21,9.19592E+15,4.99526E+16
79871,9.17051E+18,9,5,62,0,2017,5,15,6,3,2,6,0,1,0,0,0,0,0,6.39222E+20,5.49522E+21,1.09265E+16,4.95935E+16
79872,9.17051E+18,9,5,72,135,2017,5,9,6,3,8,7,0,0,0,0,1,0,0,6.324E+20,5.50883E+21,1.08367E+16,4.97174E+16
79873,9.17051E+18,9,5,64,0,2017,5,14,6,3,1,6,0,1,0,0,1,0,0,6.51312E+20,5.4678E+21,1.10832E+16,4.93441E+16
79874,9.17051E+18,9,5,74,123,2017,5,11,6,3,3,6,0,1,0,0,1,0,0,6.61699E+20,5.48128E+21,1.12316E+16,4.94627E+16
79875,9.17051E+18,9,5,74,140,2017,5,21,6,3,7,7,0,0,0,1,0,2,0,6.80359E+20,5.50214E+21,1.14984E+16,4.96448E+16
79876,9.17051E+18,9,5,63,0,2017,5,13,6,3,0,6,0,0,0,1,0,0,0,6.44477E+20,5.48171E+21,1.09942E+16,4.94709E+16
79877,9.17051E+18,9,5,64,0,2017,5,15,6,3,2,6,0,1,0,0,1,0,0,6.48637E+20,5.48097E+21,1.10513E+16,4.94632E+16
79878,9.17051E+18,9,5,64,0,2017,5,10,6,3,8,1,0,1,0,0,0,0,0,6.52567E+20,5.48087E+21,1.11055E+16,4.94613E+16
79879,9.17051E+18,9,5,64,0,2017,5,18,6,3,2,6,0,1,0,0,0,0,0,6.48627E+20,5.4843E+21,1.10524E+16,4.94931E+16
79880,9.17051E+18,9,5,64,0,2017,5,15,6,3,2,6,0,1,0,0,0,0,0,6.48972E+20,5.47896E+21,1.10552E+16,4.9445E+16
79881,9.17051E+18,9,5,77,173,2017,5,0,6,3,1,5,0,1,0,0,0,2,1,6.3957E+20,5.42575E+21,1.0907E+16,4.89688E+16
79882,9.17051E+18,9,5,71,155,2017,5,17,6,3,3,2,0,0,0,1,1,0,0,5.98477E+20,5.46836E+21,1.03562E+16,4.936E+16
79883,9.17051E+18,9,5,75,116,2017,5,15,6,2,5,3,0,1,0,0,0,0,0,6.17465E+20,5.51056E+21,1.06302E+16,4.9736E+16
79884,9.17051E+18,9,5,61,0,2017,5,16,6,3,5,3,0,1,0,1,0,0,0,6.13069E+20,5.46177E+21,1.05552E+16,4.92982E+16
79885,9.17051E+18,9,5,71,216,2017,5,16,6,3,2,6,0,1,0,0,0,0,0,6.18043E+20,5.45437E+21,1.06214E+16,4.92308E+16
79886,9.17051E+18,9,4,62,0,2017,5,1,6,3,2,6,0,1,0,0,1,2,1,6.86881E+20,5.53321E+21,1.16036E+16,4.9922E+16
79887,9.17051E+18,9,4,62,0,2017,5,9,6,3,3,6,0,1,0,0,1,0,0,6.86782E+20,5.5338E+21,1.16025E+16,4.99273E+16
79888,9.17051E+18,9,4,62,0,2017,5,4,6,3,4,2,1,1,0,0,0,1,0,6.85559E+20,5.53599E+21,1.15865E+16,4.99474E+16
79889,9.17051E+18,9,6,79,143,2017,5,7,3,3,4,2,0,1,0,0,1,0,0,5.71566E+20,5.5291E+21,9.99673E+15,4.991E+16
79890,9.17051E+18,9,4,62,0,2017,5,8,6,3,4,2,0,1,0,0,0,0,0,6.84321E+20,5.53443E+21,1.15685E+16,4.99337E+16
79891,9.17051E+18,9,6,77,131,2017,5,17,3,3,1,6,0,1,0,0,0,0,0,5.48992E+20,5.54554E+21,9.68446E+15,5.00601E+16
79892,9.17051E+18,9,4,74,135,2017,5,14,6,3,8,1,0,1,0,0,0,0,0,6.43816E+20,5.50634E+21,1.09941E+16,4.96924E+16
79893,9.17051E+18,9,6,79,209,2017,5,7,3,3,6,3,0,1,1,0,0,0,0,5.63151E+20,5.51702E+21,9.87758E+15,4.98023E+16
79894,9.17051E+18,9,3,77,148,2017,5,7,6,3,8,1,0,1,0,0,0,0,1,7.15774E+20,5.53609E+21,1.20072E+16,4.99381E+16
79895,9.17051E+18,9,3,75,180,2017,5,12,6,3,1,6,0,1,0,0,1,0,0,7.24076E+20,5.4299E+21,1.20626E+16,4.89813E+16
79896,9.17051E+18,9,3,73,147,2017,5,15,6,3,0,1,1,0,0,0,0,0,0,6.78393E+20,5.46098E+21,1.14526E+16,4.92755E+16
79897,9.17051E+18,9,3,76,116,2017,5,13,6,2,0,2,0,1,0,0,0,0,0,7.42234E+20,5.4663E+21,1.23322E+16,4.93014E+16
79898,9.17051E+18,9,6,75,165,2017,5,17,3,2,5,3,0,1,0,0,0,0,0,5.88353E+20,5.5158E+21,1.02275E+16,4.97881E+16
79899,9.17051E+18,9,2,78,167,2017,5,6,6,3,4,6,0,1,0,0,1,1,1,7.68276E+20,5.41191E+21,1.26537E+16,4.88022E+16
79900,9.17051E+18,9,6,74,221,2017,5,16,3,3,2,6,0,1,0,0,0,0,0,6.135E+20,5.54519E+21,1.05853E+16,5.00481E+16
79901,9.17051E+18,9,6,78,150,2017,5,13,3,3,3,3,0,1,0,0,0,0,0,5.91176E+20,5.53412E+21,1.0271E+16,4.99525E+16
79902,9.17051E+18,9,6,72,114,2017,5,18,3,2,5,3,0,1,0,0,1,0,0,5.7774E+20,5.56176E+21,1.00893E+16,5.0203E+16
79903,9.17051E+18,9,6,78,168,2017,5,14,3,3,5,3,0,1,0,0,0,0,0,5.82923E+20,5.54951E+21,1.01593E+16,5.0092E+16
79904,9.17051E+18,9,6,76,160,2017,5,12,3,2,0,7,0,0,0,0,1,0,0,5.10922E+20,5.5274E+21,9.15208E+15,4.98989E+16
79905,9.17051E+18,9,6,76,126,2017,5,16,3,2,2,6,0,1,0,0,0,0,0,5.10188E+20,5.52664E+21,9.14183E+15,4.98921E+16
79906,9.17051E+18,9,2,78,141,2017,5,7,6,3,2,6,0,1,0,0,0,0,1,7.60714E+20,5.42465E+21,1.25591E+16,4.89199E+16
79907,9.17051E+18,9,2,77,138,2017,5,11,6,3,2,6,0,1,0,0,0,0,0,7.90598E+20,5.37402E+21,1.29305E+16,4.84521E+16
79908,9.17051E+18,9,2,77,116,2017,5,13,6,3,2,6,0,1,0,0,0,0,0,7.7991E+20,5.3685E+21,1.27826E+16,4.84075E+16
79909,9.17051E+18,9,2,74,134,2017,5,5,6,3,2,6,0,1,0,1,1,2,1,7.39716E+20,5.37459E+21,1.22439E+16,4.84787E+16
79910,9.17051E+18,9,2,74,132,2017,5,16,6,3,0,1,1,0,0,0,0,0,1,7.25815E+20,5.38605E+21,1.20623E+16,4.85867E+16
79911,9.17051E+18,9,2,74,121,2017,5,14,6,3,2,6,0,1,0,0,0,0,0,7.22709E+20,5.37173E+21,1.20126E+16,4.84593E+16
79912,9.17051E+18,9,2,73,116,2017,5,18,6,3,5,6,0,1,0,0,0,0,0,7.19129E+20,5.42263E+21,1.19912E+16,4.89178E+16
79913,9.17051E+18,9,1,73,137,2017,5,20,6,3,2,6,0,1,0,0,0,1,0,6.76812E+20,5.29706E+21,1.13614E+16,4.78026E+16
79914,9.17051E+18,9,1,90,121,2017,5,13,6,2,9,7,0,1,0,0,0,0,0,6.64261E+20,5.29035E+21,1.11913E+16,4.77456E+16
79915,9.17051E+18,9,1,72,122,2017,5,14,6,3,5,3,0,1,0,0,0,0,0,7.92498E+20,5.3141E+21,1.29149E+16,4.79135E+16
79916,9.17051E+18,9,1,89,162,2017,5,16,6,3,4,6,0,1,0,0,0,0,0,7.82123E+20,5.31557E+21,1.27773E+16,4.79313E+16
79917,9.17051E+18,9,1,72,134,2017,5,21,6,3,9,1,0,1,0,0,0,2,0,7.85329E+20,5.30966E+21,1.28162E+16,4.78768E+16
79918,9.17051E+18,9,1,71,113,2017,5,15,6,2,4,6,0,1,0,0,0,0,0,7.76248E+20,5.34264E+21,1.27163E+16,4.81768E+16
79919,9.17051E+18,9,1,87,182,2017,5,12,6,3,5,3,0,1,0,0,0,0,0,7.40441E+20,5.32756E+21,1.22269E+16,4.80559E+16
79920,9.17051E+18,9,1,63,0,2017,5,18,6,2,5,2,1,1,0,0,0,0,0,7.3359E+20,5.30319E+21,1.21219E+16,4.78396E+16
79921,9.17051E+18,9,1,87,165,2017,5,19,6,3,0,1,1,0,0,0,0,0,0,7.34065E+20,5.29672E+21,1.21248E+16,4.77813E+16
79922,9.17051E+18,9,1,61,0,2017,5,18,6,2,5,3,1,1,0,0,0,0,0,6.78962E+20,5.40486E+21,1.14357E+16,4.8771E+16
79923,9.17051E+18,9,1,76,126,2017,5,16,6,3,3,6,0,1,0,0,1,0,0,6.71643E+20,5.4107E+21,1.13386E+16,4.88256E+16
79924,9.17051E+18,9,1,61,0,2017,5,11,6,3,2,6,0,1,0,0,1,0,0,6.77894E+20,5.40711E+21,1.14222E+16,4.87915E+16
79925,9.17051E+18,9,3,62,0,2017,5,6,1,2,2,6,0,1,0,0,0,0,1,7.27432E+20,5.43125E+21,1.21092E+16,4.89922E+16
79926,9.17051E+18,9,3,76,162,2017,5,1,1,3,8,1,0,1,0,0,0,2,0,7.29775E+20,5.47909E+21,1.21685E+16,4.94211E+16
79927,9.17051E+18,9,3,76,117,2017,5,17,1,3,0,1,1,0,0,0,0,0,0,7.40074E+20,5.45886E+21,1.22981E+16,4.92354E+16
79928,9.17051E+18,9,3,76,141,2017,5,17,1,2,0,7,0,1,0,0,1,0,0,7.24595E+20,5.45483E+21,1.20835E+16,4.9205E+16
79929,9.17051E+18,9,3,76,141,2017,5,15,1,3,3,7,0,1,0,0,0,0,0,7.25183E+20,5.45099E+21,1.20895E+16,4.91704E+16
79930,9.17051E+18,9,3,71,122,2017,5,11,1,2,9,1,0,0,0,1,0,0,0,7.15275E+20,5.48438E+21,1.19717E+16,4.94738E+16
79931,9.17051E+18,9,2,62,0,2017,5,17,1,3,4,6,0,1,0,0,0,0,0,8.31204E+20,5.38952E+21,1.34903E+16,4.85711E+16
79932,9.17051E+18,9,2,75,131,2017,5,6,1,3,8,7,0,1,0,0,0,1,1,8.06902E+20,5.36443E+21,1.31434E+16,4.83584E+16
79933,9.17051E+18,9,2,73,147,2017,5,16,1,2,2,6,0,0,0,1,0,0,0,7.01131E+20,5.39361E+21,1.17316E+16,4.86631E+16
79934,9.17051E+18,9,3,75,196,2017,5,16,1,3,8,1,0,1,0,0,0,0,1,7.28789E+20,5.41399E+21,1.2118E+16,4.88367E+16
79935,9.17051E+18,9,2,74,191,2017,5,12,1,3,4,2,0,1,0,0,0,0,1,7.44782E+20,5.39163E+21,1.23223E+16,4.86298E+16
79936,9.17051E+18,9,1,73,137,2017,5,13,1,3,9,1,0,1,0,0,0,0,1,6.76785E+20,5.29772E+21,1.13613E+16,4.78086E+16
79937,9.17051E+18,9,1,84,142,2017,5,1,1,3,8,1,0,1,0,0,0,2,1,6.8117E+20,5.31761E+21,1.14281E+16,4.79861E+16
79938,9.17051E+18,9,1,73,137,2017,5,0,1,3,2,6,1,1,0,0,0,2,0,6.79083E+20,5.30824E+21,1.13963E+16,4.79025E+16
79939,9.17051E+18,9,1,90,159,2017,5,12,1,2,5,2,0,1,0,1,0,0,0,6.62456E+20,5.30455E+21,1.11726E+16,4.78737E+16
79940,9.17051E+18,9,1,84,145,2017,5,15,1,3,8,1,0,1,0,0,0,0,1,6.97308E+20,5.32496E+21,1.16476E+16,4.80474E+16
79941,9.17051E+18,9,1,87,162,2017,5,12,1,3,5,3,0,1,0,0,0,0,0,7.48156E+20,5.30448E+21,1.2317E+16,4.78457E+16
79942,9.17051E+18,9,1,87,148,2017,5,17,1,2,8,1,0,0,0,1,0,0,0,7.39293E+20,5.27947E+21,1.2185E+16,4.76244E+16
79943,9.17051E+18,9,1,61,0,2017,5,11,1,3,2,6,0,1,0,0,0,0,0,6.80398E+20,5.40469E+21,1.14551E+16,4.8769E+16
79944,9.17051E+18,9,1,85,149,2017,5,10,1,3,4,6,1,0,0,0,0,0,0,6.65844E+20,5.39978E+21,1.12553E+16,4.8729E+16
79945,9.17051E+18,9,1,76,126,2017,5,3,1,3,9,7,0,1,0,0,0,2,0,6.72747E+20,5.40606E+21,1.13517E+16,4.87836E+16
79946,9.17051E+18,9,1,76,123,2017,5,16,1,3,2,6,0,1,0,1,0,0,0,6.62245E+20,5.41732E+21,1.12133E+16,4.88875E+16
79947,9.17051E+18,9,1,88,121,2017,5,0,1,3,3,6,0,1,0,0,0,2,0,6.70851E+20,5.32924E+21,1.12946E+16,4.80935E+16
79948,9.17051E+18,9,1,74,113,2017,5,16,1,3,2,6,0,1,0,0,0,0,1,6.72576E+20,5.34621E+21,1.13246E+16,4.82456E+16
79949,9.17051E+18,9,1,74,113,2017,5,16,1,3,3,1,0,1,0,0,0,0,1,6.73729E+20,5.34541E+21,1.13398E+16,4.82381E+16
79950,9.17051E+18,9,1,88,126,2017,5,18,1,2,2,6,0,1,0,0,0,0,1,6.60724E+20,5.32796E+21,1.11582E+16,4.80846E+16
79951,9.17051E+18,9,1,62,0,2017,5,16,1,3,3,6,0,1,0,0,0,0,1,6.79316E+20,5.34071E+21,1.1413E+16,4.81943E+16
79952,9.17051E+18,9,1,62,0,2017,5,10,1,3,2,6,0,1,0,0,0,0,0,6.83333E+20,5.34254E+21,1.14678E+16,4.82096E+16
79953,9.17051E+18,9,1,79,142,2017,5,13,1,3,5,3,1,0,0,1,0,0,0,6.72888E+20,5.34041E+21,1.13264E+16,4.81934E+16
79954,9.17051E+18,9,1,81,126,2017,5,5,1,3,8,1,0,1,0,0,0,0,0,6.36579E+20,5.3322E+21,1.08355E+16,4.81284E+16
79955,9.17051E+18,9,1,81,128,2017,5,4,1,3,9,1,0,1,0,0,0,2,1,6.36659E+20,5.32664E+21,1.08348E+16,4.80784E+16
79956,9.17051E+18,9,1,62,0,2017,5,20,1,3,2,6,0,1,0,0,0,1,0,6.92989E+20,5.33951E+21,1.15963E+16,4.81795E+16
79957,9.17051E+18,9,1,75,139,2017,5,16,1,3,0,3,0,1,0,0,0,0,1,7.09862E+20,5.32997E+21,1.18183E+16,4.80885E+16
79958,9.17051E+18,9,1,78,122,2017,5,8,1,3,9,1,0,1,0,0,0,0,0,7.02414E+20,5.38388E+21,1.17443E+16,4.85752E+16
79959,9.17051E+18,9,1,84,130,2017,5,20,7,2,3,3,0,1,0,1,0,0,0,6.99838E+20,5.34406E+21,1.16904E+16,4.82183E+16
79960,9.17051E+18,9,1,84,135,2017,5,13,7,3,8,1,0,0,0,1,0,0,0,6.92577E+20,5.34902E+21,1.1595E+16,4.82651E+16
79961,9.17051E+18,9,1,62,0,2017,5,15,7,3,2,6,0,1,0,0,0,0,0,6.85141E+20,5.34168E+21,1.14917E+16,4.82013E+16
79962,9.17051E+18,9,1,62,0,2017,5,17,7,3,2,6,0,1,0,0,0,0,0,6.84521E+20,5.33307E+21,1.14797E+16,4.81241E+16
79963,9.17051E+18,9,1,84,123,2017,5,11,7,3,1,7,0,1,0,0,0,0,1,7.0358E+20,5.33175E+21,1.17349E+16,4.81064E+16
79964,9.17051E+18,9,1,62,0,2017,5,10,7,3,2,6,0,1,0,1,0,0,0,7.01132E+20,5.33237E+21,1.17023E+16,4.81128E+16
79965,9.17051E+18,9,7,75,135,2017,5,15,7,3,3,2,0,1,0,1,0,0,0,5.75567E+20,5.3596E+21,1.00206E+16,4.8385E+16
79966,9.17051E+18,9,7,75,129,2017,5,12,7,3,4,2,1,1,0,0,0,0,0,5.81908E+20,5.34193E+21,1.01028E+16,4.82253E+16
79967,9.17051E+18,9,7,75,129,2017,5,21,7,3,4,2,0,1,0,0,0,2,0,5.81332E+20,5.33978E+21,1.00947E+16,4.8206E+16
79968,9.17051E+18,9,7,78,204,2017,5,12,7,2,0,1,1,0,0,0,0,0,0,6.15116E+20,5.32743E+21,1.05459E+16,4.80898E+16
79969,9.17051E+18,9,7,63,0,2017,5,23,7,3,4,2,0,1,0,0,0,2,1,5.98412E+20,5.28787E+21,1.03126E+16,4.77367E+16
79970,9.17051E+18,9,7,76,130,2017,5,13,7,3,3,6,0,1,0,0,0,0,0,5.55222E+20,5.27139E+21,9.73454E+15,4.75935E+16
79971,9.17051E+18,9,7,80,140,2017,5,12,7,3,2,6,0,1,0,0,0,0,0,6.02556E+20,5.28269E+21,1.03667E+16,4.76894E+16