OBJECTID,UIDENTSTLA,ULAND,UREGBEZ,UKREIS,UGEMEINDE,UJAHR,UMONAT,USTUNDE,UWOCHENTAG,UKATEGORIE,UART,UTYP1,IstRad,IstPKW,IstFuss,IstKrad,IstSonstig,LICHT,STRZUSTAND,LINREFX,LINREFY,XGCSWGS84,YGCSWGS84
79972,9.17051E+18,9,7,63,0,2017,5,17,7,3,2,6,0,1,0,0,0,0,0,5.98526E+20,5.2865E+21,1.03138E+16,4.77243E+16
79973,9.17051E+18,9,7,77,153,2017,5,19,7,3,5,3,0,1,0,0,0,0,0,6.14597E+20,5.27703E+21,1.05256E+16,4.76365E+16
79974,9.17051E+18,9,7,79,131,2017,5,14,7,2,2,6,1,0,0,0,0,0,0,6.31455E+20,5.39692E+21,1.0787E+16,4.87114E+16
79975,9.17051E+18,9,7,73,117,2017,5,14,7,3,5,2,0,1,0,0,0,0,0,6.17483E+20,5.3977E+21,1.05974E+16,4.87213E+16
79976,9.17051E+18,9,7,73,144,2017,5,1,7,3,0,1,0,0,0,1,0,2,1,6.02561E+20,5.37952E+21,1.039E+16,4.85604E+16
79977,9.17051E+18,9,7,72,159,2017,5,19,7,3,0,7,1,0,0,0,0,0,0,6.25281E+20,5.36158E+21,1.06925E+16,4.83949E+16
79978,9.17051E+18,9,7,72,131,2017,5,22,7,3,1,6,0,1,0,0,0,2,0,6.19154E+20,5.35152E+21,1.06069E+16,4.83056E+16
79979,9.17051E+18,9,6,79,180,2017,5,9,7,2,8,1,0,1,0,0,0,0,0,5.67284E+20,5.52395E+21,9.93622E+15,4.98641E+16
79980,9.17051E+18,9,6,75,127,2017,5,18,7,2,4,6,0,1,0,0,0,0,0,6.09703E+20,5.51408E+21,1.05235E+16,4.97692E+16
79981,9.17051E+18,9,6,77,203,2017,5,18,7,2,0,1,1,0,0,0,0,0,0,5.51474E+20,5.52792E+21,9.71677E+15,4.99014E+16
79982,9.17051E+18,9,6,77,148,2017,5,16,7,3,3,6,0,1,0,0,0,0,0,5.56357E+20,5.53435E+21,9.78571E+15,4.99588E+16
79983,9.17051E+18,9,6,74,129,2017,5,11,7,2,5,3,1,1,0,0,0,0,0,6.19653E+20,5.53828E+21,1.06691E+16,4.99849E+16
79984,9.17051E+18,9,6,72,122,2017,5,8,7,3,2,6,0,1,0,0,1,0,0,5.71774E+20,5.55504E+21,1.00045E+16,5.01433E+16
79985,9.17051E+18,9,6,78,164,2017,5,16,7,3,4,2,1,1,0,0,0,0,0,6.03401E+20,5.52537E+21,1.0439E+16,4.98718E+16
79986,9.17051E+18,9,6,74,130,2017,5,7,7,2,0,7,0,0,0,0,1,0,0,6.28253E+20,5.55121E+21,1.07933E+16,5.00993E+16
79987,9.17051E+18,9,6,74,221,2017,5,15,7,2,8,1,0,0,0,1,0,0,0,6.17031E+20,5.54395E+21,1.06342E+16,5.00363E+16
79988,9.17051E+18,9,6,72,114,2017,5,14,7,3,5,3,0,1,0,0,0,0,0,5.77246E+20,5.56052E+21,1.00822E+16,5.01918E+16
79989,9.17051E+18,9,6,71,130,2017,5,6,7,3,2,6,0,1,0,0,0,0,0,5.14107E+20,5.53841E+21,9.19683E+15,4.99979E+16
79990,9.17051E+18,9,6,71,111,2017,5,12,7,3,5,7,1,1,0,0,0,0,0,5.05003E+20,5.54469E+21,9.06988E+15,5.00545E+16
79991,9.17051E+18,9,5,64,0,2017,5,7,7,3,8,7,0,0,0,0,1,0,0,6.59683E+20,5.47627E+21,1.12017E+16,4.94181E+16
79992,9.17051E+18,9,5,72,135,2017,5,15,7,2,0,1,0,0,0,1,0,0,1,6.29122E+20,5.50233E+21,1.07891E+16,4.96597E+16
79993,9.17051E+18,9,5,64,0,2017,5,12,7,3,5,2,1,1,0,0,0,0,1,6.48261E+20,5.47725E+21,1.10447E+16,4.94298E+16
79994,9.17051E+18,9,5,64,0,2017,5,12,7,2,6,1,0,1,1,0,0,0,1,6.47943E+20,5.48015E+21,1.10414E+16,4.9456E+16
79995,9.17051E+18,9,5,64,0,2017,5,12,7,3,2,2,0,1,0,0,0,0,0,6.53645E+20,5.48356E+21,1.11214E+16,4.94852E+16
79996,9.17051E+18,9,5,77,161,2017,5,15,7,3,5,3,0,1,0,0,0,0,0,6.45764E+20,5.44161E+21,1.09973E+16,4.911E+16
79997,9.17051E+18,9,5,71,175,2017,5,15,7,3,1,2,0,1,0,1,0,0,0,6.22158E+20,5.46008E+21,1.06797E+16,4.92813E+16
79998,9.17051E+18,9,5,61,0,2017,5,7,7,3,0,7,0,1,0,0,0,0,0,6.13318E+20,5.4632E+21,1.0559E+16,4.9311E+16
79999,9.17051E+18,9,4,75,169,2017,5,8,7,3,0,6,0,1,0,0,0,0,0,6.89567E+20,5.57216E+21,1.16603E+16,5.02711E+16
80000,9.17051E+18,9,4,75,156,2017,5,17,7,2,5,3,0,1,0,0,1,0,0,6.91876E+20,5.57565E+21,1.16944E+16,5.03017E+16
80001,9.17051E+18,9,4,64,0,2017,5,21,7,3,5,2,0,1,0,0,0,2,0,7.05193E+20,5.57743E+21,1.18821E+16,5.03132E+16
80002,9.17051E+18,9,4,73,144,2017,5,12,7,3,8,1,0,0,0,1,0,0,0,6.36778E+20,5.57547E+21,1.09212E+16,5.03154E+16
80003,9.17051E+18,9,4,62,0,2017,5,6,7,3,4,2,0,1,0,0,0,0,0,6.85149E+20,5.53582E+21,1.15807E+16,4.9946E+16
80004,9.17051E+18,9,4,74,126,2017,5,17,7,3,5,2,1,1,0,0,0,0,0,6.48611E+20,5.51011E+21,1.1062E+16,4.97251E+16
80005,9.17051E+18,9,4,74,121,2017,5,19,7,3,0,1,0,0,0,1,0,0,0,6.56109E+20,5.51653E+21,1.11685E+16,4.97809E+16
80006,9.17051E+18,9,4,71,185,2017,5,18,7,3,8,1,0,0,0,1,0,0,0,6.5047E+20,5.53829E+21,1.10987E+16,4.99779E+16
80007,9.17051E+18,9,4,71,120,2017,5,9,7,3,1,6,0,1,0,0,0,0,0,6.25653E+20,5.52093E+21,1.07471E+16,4.98276E+16
80008,9.17051E+18,9,4,61,0,2017,5,16,7,3,5,3,0,1,0,0,0,0,0,6.38249E+20,5.5271E+21,1.09243E+16,4.98803E+16
80009,9.17051E+18,9,3,72,124,2017,5,14,7,2,9,1,0,1,0,0,0,0,0,7.86083E+20,5.46735E+21,1.29348E+16,4.92918E+16
80010,9.17051E+18,9,3,75,179,2017,5,1,7,2,5,3,0,1,0,1,0,2,0,7.3194E+20,5.42825E+21,1.2169E+16,4.89636E+16
80011,9.17051E+18,9,3,75,119,2017,5,13,7,3,5,3,0,1,0,0,0,0,0,7.38102E+20,5.44566E+21,1.22633E+16,4.91176E+16
80012,9.17051E+18,9,3,62,0,2017,5,16,7,2,5,6,0,1,0,1,0,0,0,7.27711E+20,5.43397E+21,1.21145E+16,4.90165E+16
80013,9.17051E+18,9,3,73,155,2017,5,19,7,3,0,3,0,1,0,0,0,1,0,6.71937E+20,5.46429E+21,1.13654E+16,4.93071E+16
80014,9.17051E+18,9,3,76,175,2017,5,15,7,2,2,2,1,1,0,0,0,0,1,7.33458E+20,5.46452E+21,1.22107E+16,4.92888E+16
80015,9.17051E+18,9,2,76,138,2017,5,17,7,3,2,6,0,1,0,0,0,0,0,8.07568E+20,5.4353E+21,1.32051E+16,4.89938E+16
80016,9.17051E+18,9,2,78,118,2017,5,11,7,2,4,2,0,0,0,1,1,0,0,7.72352E+20,5.42269E+21,1.27163E+16,4.88972E+16
80017,9.17051E+18,9,2,75,126,2017,5,18,7,2,2,1,0,1,0,1,0,0,0,8.39316E+20,5.39915E+21,1.36078E+16,4.86531E+16
80018,9.17051E+18,9,2,75,154,2017,5,21,7,3,8,7,0,1,0,0,0,2,0,8.05334E+20,5.39519E+21,1.31448E+16,4.86351E+16
80019,9.17051E+18,9,2,75,128,2017,5,16,7,3,8,1,0,0,0,1,0,0,0,8.28997E+20,5.40587E+21,1.34735E+16,4.87189E+16
80020,9.17051E+18,9,2,61,0,2017,5,14,7,2,6,3,1,0,1,0,0,0,0,7.31344E+20,5.38208E+21,1.21349E+16,4.85491E+16
80021,9.17051E+18,9,2,73,116,2017,5,10,7,3,4,2,0,1,0,0,0,0,0,7.21784E+20,5.42396E+21,1.20281E+16,4.89288E+16
80022,9.17052E+18,9,5,64,0,2017,5,12,2,3,2,6,0,1,0,0,0,0,0,6.47338E+20,5.47547E+21,1.10314E+16,4.9414E+16
80023,9.17052E+18,9,5,64,0,2017,5,16,2,3,0,1,1,0,0,0,0,0,0,6.48781E+20,5.46998E+21,1.10492E+16,4.93643E+16
80024,9.17052E+18,9,5,64,0,2017,5,12,2,3,2,6,0,1,0,1,0,0,0,6.51338E+20,5.47372E+21,1.10858E+16,4.93974E+16
80025,9.17052E+18,9,5,64,0,2017,5,14,2,3,0,6,1,0,0,0,0,0,0,6.49203E+20,5.47872E+21,1.10583E+16,4.94428E+16
80026,9.17051E+18,9,2,73,111,2017,5,19,7,3,5,7,1,1,0,0,0,0,0,7.093E+20,5.41116E+21,1.18513E+16,4.88182E+16
80027,9.17051E+18,9,2,73,111,2017,5,16,7,3,0,1,0,0,0,1,0,0,0,7.10156E+20,5.41032E+21,1.18625E+16,4.88103E+16
80028,9.17051E+18,9,1,90,114,2017,5,13,7,2,9,1,0,0,0,1,0,0,0,6.30244E+20,5.28828E+21,1.07371E+16,4.77347E+16
80029,9.17051E+18,9,1,89,111,2017,5,13,7,2,0,1,1,0,0,0,0,0,0,7.63665E+20,5.32217E+21,1.25347E+16,4.79984E+16
80030,9.17051E+18,9,1,89,149,2017,5,9,7,3,5,3,0,1,0,0,1,0,1,7.58221E+20,5.33468E+21,1.24694E+16,4.81129E+16
80031,9.17051E+18,9,1,82,120,2017,5,14,7,3,2,6,0,1,0,0,0,0,0,7.03053E+20,5.30971E+21,1.17174E+16,4.79086E+16
80032,9.17051E+18,9,1,84,148,2017,5,18,7,3,9,1,0,1,0,1,0,0,0,6.93454E+20,5.32714E+21,1.15969E+16,4.80682E+16
80033,9.17051E+18,9,1,87,173,2017,5,2,7,3,2,2,0,1,0,0,0,2,1,7.41299E+20,5.3185E+21,1.22333E+16,4.79743E+16
80034,9.17051E+18,9,1,87,113,2017,5,12,7,3,5,3,0,1,0,0,0,0,0,7.46201E+20,5.32592E+21,1.23032E+16,4.8039E+16
80035,9.17051E+18,9,1,84,137,2017,5,8,7,3,8,1,0,1,0,0,0,0,0,7.09221E+20,5.31291E+21,1.18014E+16,4.79353E+16
80036,9.17051E+18,9,1,61,0,2017,5,17,7,3,5,3,1,1,0,0,0,0,0,6.78845E+20,5.40575E+21,1.14345E+16,4.8779E+16
80037,9.17051E+18,9,1,86,143,2017,5,23,7,3,5,3,0,1,0,0,0,2,0,6.85529E+20,5.37873E+21,1.15133E+16,4.85342E+16
80038,9.17051E+18,9,1,81,128,2017,5,12,7,3,2,6,0,1,0,0,0,0,0,6.38465E+20,5.32761E+21,1.08594E+16,4.80867E+16
80039,9.17051E+18,9,1,88,117,2017,5,16,7,3,8,1,0,0,0,1,0,0,0,6.65025E+20,5.31927E+21,1.12126E+16,4.80054E+16
80040,9.17052E+18,9,5,73,120,2017,5,17,2,2,4,1,0,1,0,0,1,0,0,6.26773E+20,5.48348E+21,1.07505E+16,4.94907E+16
80041,9.17051E+18,9,1,88,126,2017,5,14,7,3,8,1,0,0,0,1,0,0,1,6.60784E+20,5.32431E+21,1.11576E+16,4.80518E+16
80042,9.17052E+18,9,5,75,152,2017,5,14,2,3,3,2,0,1,0,1,0,0,0,6.22011E+20,5.48142E+21,1.06842E+16,4.94731E+16
80043,9.17051E+18,9,1,74,113,2017,5,18,7,3,4,2,0,1,0,1,0,0,0,6.77969E+20,5.34694E+21,1.13975E+16,4.82507E+16
80044,9.17052E+18,9,5,75,118,2017,5,13,2,3,4,2,0,1,0,0,0,0,0,6.17413E+20,5.49549E+21,1.06249E+16,4.96006E+16
80045,9.17051E+18,9,1,74,126,2017,5,14,7,3,9,1,1,0,0,0,0,0,0,6.83011E+20,5.34453E+21,1.14643E+16,4.82276E+16
80046,9.17051E+18,9,1,74,143,2017,5,15,7,3,5,3,1,1,0,0,0,0,0,6.75447E+20,5.35247E+21,1.13658E+16,4.83011E+16
80047,9.17051E+18,9,1,62,0,2017,5,12,7,3,8,1,0,0,0,1,0,0,1,6.92652E+20,5.33898E+21,1.15915E+16,4.81749E+16
80048,9.17051E+18,9,1,78,124,2017,5,12,7,3,2,6,0,1,0,0,0,0,0,7.00611E+20,5.35777E+21,1.17073E+16,4.83412E+16
80049,9.17051E+18,9,1,77,113,2017,5,19,7,3,0,6,0,1,0,0,0,0,0,7.22996E+20,5.35804E+21,1.20092E+16,4.83361E+16
80050,9.17052E+18,9,5,71,175,2017,5,19,2,3,9,1,0,0,0,1,0,0,0,6.20444E+20,5.45687E+21,1.06551E+16,4.92528E+16
80051,9.17051E+18,9,1,75,124,2017,5,13,7,3,3,6,0,1,0,0,0,0,0,7.15915E+20,5.32846E+21,1.18987E+16,4.80728E+16
80052,9.17051E+18,9,1,62,0,2017,5,9,6,3,5,3,1,0,0,0,1,0,0,6.80509E+20,5.33613E+21,1.14271E+16,4.81527E+16
80053,9.17052E+18,9,5,75,112,2017,5,20,2,3,8,7,0,1,0,0,0,0,0,5.98545E+20,5.48423E+21,1.03611E+16,4.95027E+16
80054,9.17051E+18,9,1,62,0,2017,5,14,6,3,2,6,0,1,0,1,0,0,0,6.88686E+20,5.33699E+21,1.15373E+16,4.81581E+16
80055,9.17052E+18,9,5,71,171,2017,5,9,2,2,2,2,0,1,0,0,1,0,0,6.07168E+20,5.46729E+21,1.04756E+16,4.93489E+16
80056,9.17051E+18,9,1,84,138,2017,5,14,6,3,5,3,0,1,0,1,0,0,0,6.80446E+20,5.33104E+21,1.14241E+16,4.8107E+16
80057,9.17052E+18,9,5,71,113,2017,5,18,2,3,5,2,1,1,0,0,0,0,0,6.18202E+20,5.44514E+21,1.06209E+16,4.91477E+16
80058,9.17051E+18,9,1,62,0,2017,5,13,6,3,2,6,0,1,0,0,1,0,0,6.88468E+20,5.33165E+21,1.1532E+16,4.81102E+16
80059,9.17052E+18,9,4,75,156,2017,5,19,2,3,4,3,0,1,0,0,0,0,0,6.93131E+20,5.5785E+21,1.17135E+16,5.03269E+16
80060,9.17051E+18,9,7,78,186,2017,5,15,6,3,2,6,0,1,0,1,0,0,0,5.9741E+20,5.31076E+21,1.03044E+16,4.79427E+16
80061,9.17051E+18,9,7,78,219,2017,5,20,6,2,8,1,0,1,0,0,1,1,1,5.91882E+20,5.30765E+21,1.02297E+16,4.79156E+16
80062,9.17052E+18,9,4,75,136,2017,5,11,2,3,5,3,0,1,0,0,0,0,0,6.89664E+20,5.57001E+21,1.16606E+16,5.02518E+16
80063,9.17052E+18,9,4,64,0,2017,5,17,2,3,0,3,1,1,0,0,0,0,0,7.07559E+20,5.57762E+21,1.19154E+16,5.03141E+16
80064,9.17052E+18,9,4,78,165,2017,5,19,2,3,5,3,0,1,0,1,0,0,0,6.46517E+20,5.54932E+21,1.10478E+16,5.00781E+16
80065,9.17052E+18,9,4,78,139,2017,5,18,2,3,0,1,1,0,0,0,0,0,0,6.47125E+20,5.55791E+21,1.10596E+16,5.01551E+16
80066,9.17052E+18,9,4,72,146,2017,5,15,2,2,2,1,0,0,0,0,1,0,0,6.86645E+20,5.52966E+21,1.15986E+16,4.98902E+16
80067,9.17051E+18,9,7,75,129,2017,5,16,6,2,5,3,0,1,0,1,0,0,0,5.82696E+20,5.3436E+21,1.01138E+16,4.82402E+16
80068,9.17051E+18,9,7,80,120,2017,5,18,6,3,8,1,0,1,0,0,0,0,1,6.02215E+20,5.28519E+21,1.03627E+16,4.7712E+16
80069,9.17051E+18,9,7,63,0,2017,5,19,6,3,0,1,0,0,0,1,0,0,1,5.99283E+20,5.29139E+21,1.0325E+16,4.77682E+16
80070,9.17051E+18,9,7,77,111,2017,5,20,6,2,5,3,0,1,0,0,0,1,1,6.14181E+20,5.3003E+21,1.05261E+16,4.78459E+16
80071,9.17051E+18,9,7,77,112,2017,5,18,6,2,0,1,1,0,0,0,0,0,1,6.24432E+20,5.29747E+21,1.06623E+16,4.78185E+16
80072,9.17051E+18,9,7,76,116,2017,5,16,6,3,4,2,0,1,0,1,0,0,0,5.54261E+20,5.26654E+21,9.72116E+15,4.755E+16
80073,9.17051E+18,9,7,76,116,2017,5,7,6,3,3,2,1,1,0,0,0,0,1,5.52986E+20,5.26733E+21,9.7043E+15,4.75572E+16
80074,9.17051E+18,9,7,77,159,2017,5,11,6,2,0,1,1,0,0,0,0,0,0,6.17128E+20,5.27074E+21,1.05576E+16,4.75795E+16
80075,9.17051E+18,9,7,72,147,2017,5,7,6,2,3,6,0,1,0,0,1,0,0,6.38225E+20,5.3647E+21,1.08683E+16,4.84203E+16
80076,9.17051E+18,9,7,61,0,2017,5,14,6,3,5,3,1,1,0,0,0,0,0,6.4429E+20,5.35879E+21,1.09482E+16,4.83658E+16
80077,9.17051E+18,9,7,71,155,2017,5,18,6,3,8,1,0,0,0,1,0,0,0,6.47563E+20,5.37895E+21,1.09994E+16,4.85463E+16
80078,9.17051E+18,9,6,75,158,2017,5,18,6,3,2,2,0,1,0,1,0,0,0,5.97267E+20,5.52117E+21,1.03526E+16,4.9835E+16
80079,9.17051E+18,9,6,78,130,2017,5,16,6,2,9,1,0,1,0,0,0,0,0,5.93376E+20,5.52657E+21,1.02998E+16,4.98842E+16
80080,9.17051E+18,9,6,62,0,2017,5,19,6,3,5,3,0,1,0,0,0,0,0,5.87497E+20,5.54366E+21,1.02219E+16,5.00388E+16
80081,9.17051E+18,9,6,71,111,2017,5,8,6,3,2,6,0,1,0,0,1,0,1,5.02209E+20,5.54933E+21,9.03089E+15,5.00962E+16
80082,9.17051E+18,9,6,61,0,2017,5,13,6,3,6,4,0,1,1,0,0,0,0,5.09672E+20,5.53638E+21,9.1349E+15,4.99797E+16
80083,9.17051E+18,9,5,76,151,2017,5,16,6,3,2,6,0,1,0,0,0,0,0,6.56128E+20,5.47268E+21,1.11513E+16,4.93868E+16
80084,9.17051E+18,9,5,74,112,2017,5,13,6,3,9,1,0,1,0,0,0,0,1,6.70414E+20,5.47227E+21,1.13479E+16,4.93792E+16
80085,9.17051E+18,9,5,64,0,2017,5,17,6,3,2,6,0,1,0,0,0,0,0,6.50458E+20,5.46727E+21,1.10712E+16,4.93396E+16
80086,9.17051E+18,9,5,62,0,2017,5,15,6,3,2,6,0,1,0,0,0,0,0,6.44879E+20,5.49672E+21,1.10053E+16,4.96056E+16
80087,9.17051E+18,9,5,76,143,2017,5,21,6,2,5,3,0,1,0,1,0,2,0,6.53687E+20,5.45691E+21,1.11117E+16,4.92456E+16
80088,9.17051E+18,9,5,74,145,2017,5,6,6,2,5,3,0,1,0,0,0,0,1,6.74264E+20,5.48098E+21,1.14047E+16,4.94564E+16
80089,9.17051E+18,9,5,74,164,2017,5,22,6,3,4,6,0,1,0,1,0,2,0,6.66608E+20,5.47237E+21,1.12955E+16,4.93812E+16
80090,9.17051E+18,9,5,77,177,2017,5,14,6,3,3,6,0,1,0,0,0,0,0,6.47045E+20,5.43154E+21,1.10112E+16,4.90192E+16
80091,9.17052E+18,9,4,61,0,2017,5,16,2,3,2,6,0,1,0,0,1,0,0,6.38075E+20,5.52785E+21,1.09222E+16,4.98871E+16
80092,9.17051E+18,9,5,77,177,2017,5,12,6,3,2,6,0,1,0,1,0,0,0,6.44484E+20,5.43279E+21,1.09767E+16,4.9031E+16
80093,9.17051E+18,9,5,71,193,2017,5,11,6,3,9,1,0,1,0,0,0,0,0,5.8467E+20,5.46735E+21,1.01659E+16,4.9353E+16
80094,9.17052E+18,9,4,61,0,2017,5,7,2,3,0,7,1,0,1,0,0,0,0,6.36726E+20,5.53026E+21,1.09043E+16,4.99091E+16
80095,9.17051E+18,9,5,71,135,2017,5,11,6,3,5,3,0,1,0,0,1,0,0,6.23985E+20,5.47074E+21,1.07081E+16,4.93767E+16
80096,9.17052E+18,9,4,61,0,2017,5,15,2,2,5,3,0,1,0,0,0,0,0,6.38249E+20,5.52711E+21,1.09243E+16,4.98805E+16
80097,9.17051E+18,9,5,71,180,2017,5,13,6,3,4,2,0,1,0,0,0,0,0,6.3001E+20,5.46097E+21,1.07879E+16,4.92876E+16
80098,9.17052E+18,9,3,63,0,2017,5,5,2,3,5,3,0,1,0,0,0,0,0,7.28185E+20,5.50833E+21,1.21635E+16,4.96842E+16
80099,9.17051E+18,9,5,75,112,2017,5,7,6,2,9,1,0,0,0,1,0,0,1,6.03868E+20,5.48408E+21,1.04345E+16,4.95005E+16
80100,9.17052E+18,9,3,72,126,2017,5,15,2,3,2,6,0,1,0,0,0,0,1,7.79639E+20,5.47246E+21,1.285E+16,4.93407E+16
80101,9.17052E+18,9,3,62,0,2017,5,9,2,3,4,3,1,1,0,0,0,0,0,7.2823E+20,5.43539E+21,1.21224E+16,4.90291E+16
80102,9.17052E+18,9,3,72,116,2017,5,11,2,2,8,1,0,0,0,0,1,0,0,7.718E+20,5.46021E+21,1.2734E+16,4.92343E+16
80103,9.17052E+18,9,3,76,149,2017,5,16,2,3,5,3,0,1,0,0,1,0,0,7.41151E+20,5.45484E+21,1.23105E+16,4.91988E+16
80104,9.17052E+18,9,3,76,119,2017,5,15,2,3,2,1,0,1,0,0,0,0,0,7.21692E+20,5.45461E+21,1.20436E+16,4.92041E+16
80105,9.17052E+18,9,2,71,146,2017,5,19,2,2,2,6,0,1,0,0,0,0,0,7.86913E+20,5.40803E+21,1.29043E+16,4.87591E+16
80106,9.17052E+18,9,2,71,146,2017,5,15,2,3,5,3,0,1,0,0,0,0,1,7.83551E+20,5.41059E+21,1.28604E+16,4.87836E+16
80107,9.17052E+18,9,2,71,141,2017,5,5,2,2,9,1,0,1,0,0,0,0,0,7.97486E+20,5.40057E+21,1.30424E+16,4.86872E+16
80108,9.17052E+18,9,2,71,119,2017,5,9,2,3,5,3,1,1,0,0,0,0,0,7.91082E+20,5.41776E+21,1.29677E+16,4.88444E+16
80109,9.17052E+18,9,2,71,149,2017,5,19,2,3,2,6,0,1,0,0,0,0,0,8.07125E+20,5.40862E+21,1.3179E+16,4.87547E+16
80110,9.17052E+18,9,2,78,171,2017,5,8,2,2,5,3,0,1,0,0,1,0,0,7.78597E+20,5.43004E+21,1.28063E+16,4.89604E+16
80111,9.17051E+18,9,5,61,0,2017,5,12,6,3,3,6,0,1,0,0,1,0,0,6.14104E+20,5.46252E+21,1.05697E+16,4.93048E+16
80112,9.17051E+18,9,4,72,139,2017,5,10,6,3,2,6,0,1,0,0,0,0,0,6.95369E+20,5.55589E+21,1.17332E+16,5.0123E+16
80113,9.17051E+18,9,4,79,152,2017,5,12,6,3,2,6,0,1,0,0,0,0,0,7.22052E+20,5.56192E+21,1.21095E+16,5.01678E+16
80114,9.17051E+18,9,4,72,119,2017,5,17,6,3,2,6,0,1,0,0,1,0,0,6.86708E+20,5.54344E+21,1.16061E+16,5.0014E+16
80115,9.17051E+18,9,4,74,126,2017,5,15,6,3,1,6,0,1,0,0,0,0,0,6.48639E+20,5.50649E+21,1.1061E+16,4.96926E+16
80116,9.17051E+18,9,4,74,132,2017,5,17,6,3,4,1,0,1,0,1,0,0,0,6.61195E+20,5.50706E+21,1.12352E+16,4.96945E+16
80117,9.17051E+18,9,4,74,171,2017,5,8,6,3,4,2,0,1,0,0,0,0,0,6.5379E+20,5.51192E+21,1.11345E+16,4.97401E+16
80118,9.17051E+18,9,3,63,0,2017,5,17,6,2,5,3,1,1,0,0,0,0,0,7.27617E+20,5.50637E+21,1.21545E+16,4.96669E+16
80119,9.17051E+18,9,3,74,162,2017,5,12,6,3,5,2,0,1,0,0,0,0,1,7.4221E+20,5.50129E+21,1.23533E+16,4.96155E+16
80120,9.17051E+18,9,3,75,180,2017,5,13,6,2,2,6,0,1,0,0,1,0,0,7.26385E+20,5.42753E+21,1.20928E+16,4.89592E+16
80121,9.17051E+18,9,3,72,158,2017,5,13,6,2,3,2,0,1,0,0,0,0,0,7.65012E+20,5.45462E+21,1.26372E+16,4.91871E+16
80122,9.17051E+18,9,3,75,190,2017,5,11,6,3,2,6,0,1,0,0,1,0,0,7.26785E+20,5.4452E+21,1.21081E+16,4.91178E+16
80123,9.17051E+18,9,3,73,121,2017,5,16,6,3,4,2,0,1,0,0,0,0,0,6.88122E+20,5.43417E+21,1.15737E+16,4.90317E+16
80124,9.17051E+18,9,3,73,147,2017,5,12,6,3,5,2,1,1,0,0,0,0,0,6.79789E+20,5.46248E+21,1.14725E+16,4.92886E+16
80125,9.17051E+18,9,3,76,175,2017,5,12,6,3,2,6,0,1,0,0,0,0,0,7.29065E+20,5.46718E+21,1.21519E+16,4.93144E+16
80126,9.17052E+18,9,2,75,150,2017,5,20,2,3,4,2,0,0,0,1,1,0,0,8.32766E+20,5.39191E+21,1.35134E+16,4.85917E+16
80127,9.17051E+18,9,3,76,119,2017,5,9,6,3,5,3,0,1,0,1,0,0,1,7.2268E+20,5.45404E+21,1.20568E+16,4.91987E+16
80128,9.17052E+18,9,2,72,120,2017,5,6,2,1,9,1,0,1,0,0,0,0,0,8.21202E+20,5.42501E+21,1.33828E+16,4.88947E+16
80129,9.17052E+18,9,2,72,141,2017,5,12,2,3,4,1,0,1,0,0,0,0,0,8.31013E+20,5.41344E+21,1.35069E+16,4.87857E+16
80130,9.17052E+18,9,2,74,127,2017,5,13,2,2,8,1,0,1,0,0,0,0,1,7.34552E+20,5.3972E+21,1.21869E+16,4.86837E+16
80131,9.17052E+18,9,2,73,165,2017,5,14,2,2,4,2,0,1,0,0,1,0,0,7.16236E+20,5.41082E+21,1.19455E+16,4.88127E+16
80132,9.17052E+18,9,2,73,116,2017,5,7,2,3,3,6,0,1,0,0,1,0,0,7.24052E+20,5.41881E+21,1.20562E+16,4.88817E+16
80133,9.17052E+18,9,2,74,126,2017,5,14,2,2,2,6,0,1,0,0,1,0,1,7.33589E+20,5.38327E+21,1.2166E+16,4.8559E+16
80134,9.17051E+18,9,3,61,0,2017,5,17,6,3,1,6,0,1,0,0,0,0,0,7.07308E+20,5.48064E+21,1.18599E+16,4.9443E+16
80135,9.17052E+18,9,2,74,194,2017,5,6,2,2,8,1,1,0,0,0,0,0,0,7.19281E+20,5.38007E+21,1.19706E+16,4.85354E+16
80136,9.17052E+18,9,2,61,0,2017,5,18,2,3,5,3,0,1,0,0,0,0,0,7.32138E+20,5.38199E+21,1.21456E+16,4.8548E+16
80137,9.17052E+18,9,2,73,121,2017,5,13,2,3,2,6,0,1,0,1,0,0,1,7.0374E+20,5.42434E+21,1.17822E+16,4.89384E+16
80138,9.17052E+18,9,2,73,141,2017,5,20,2,3,3,2,0,1,0,0,0,0,0,7.19369E+20,5.41103E+21,1.19882E+16,4.88135E+16
80139,9.17051E+18,9,2,78,190,2017,5,12,6,3,5,3,0,1,0,0,0,0,0,7.65188E+20,5.42824E+21,1.26224E+16,4.89502E+16
80140,9.17051E+18,9,2,78,129,2017,5,18,6,3,5,3,0,1,0,0,0,0,0,7.70561E+20,5.43593E+21,1.27007E+16,4.90169E+16
80141,9.17051E+18,9,2,72,150,2017,5,5,6,3,5,3,0,1,0,0,1,1,0,8.17286E+20,5.4101E+21,1.3318E+16,4.87629E+16
80142,9.17051E+18,9,2,77,121,2017,5,14,6,3,1,6,0,1,0,0,0,0,0,7.63512E+20,5.37091E+21,1.25629E+16,4.84362E+16
80143,9.17051E+18,9,2,74,187,2017,5,20,6,3,8,1,0,1,0,0,0,1,0,7.25196E+20,5.38835E+21,1.20551E+16,4.86076E+16