OBJECTID,UIDENTSTLA,ULAND,UREGBEZ,UKREIS,UGEMEINDE,UJAHR,UMONAT,USTUNDE,UWOCHENTAG,UKATEGORIE,UART,UTYP1,IstRad,IstPKW,IstFuss,IstKrad,IstSonstig,LICHT,STRZUSTAND,LINREFX,LINREFY,XGCSWGS84,YGCSWGS84
80144,9.17051E+18,9,2,73,147,2017,5,10,6,3,2,6,0,1,0,1,0,0,0,7.04697E+20,5.39034E+21,1.17784E+16,4.86326E+16
80145,9.17051E+18,9,2,61,0,2017,5,15,6,3,5,3,1,1,0,0,0,0,0,7.32384E+20,5.38033E+21,1.2148E+16,4.8533E+16
80146,9.17051E+18,9,2,74,156,2017,5,13,6,3,9,1,0,1,0,0,0,0,0,7.44391E+20,5.38713E+21,1.23144E+16,4.85895E+16
80147,9.17051E+18,9,2,73,152,2017,5,19,6,3,9,1,0,1,0,0,0,0,0,7.04833E+20,5.40979E+21,1.17899E+16,4.88073E+16
80148,9.17051E+18,9,2,73,116,2017,5,16,6,3,2,6,0,1,0,0,0,0,0,7.19113E+20,5.42262E+21,1.1991E+16,4.89177E+16
80149,9.17051E+18,9,2,73,111,2017,5,12,6,2,6,4,0,1,1,0,0,0,0,7.09397E+20,5.41134E+21,1.18527E+16,4.88197E+16
80150,9.17051E+18,9,1,90,113,2017,5,19,6,3,8,1,0,1,0,0,0,1,1,6.74673E+20,5.29111E+21,1.13304E+16,4.77497E+16
80151,9.17052E+18,9,2,73,164,2017,5,13,2,2,4,2,0,1,0,0,0,0,0,6.96817E+20,5.42398E+21,1.16876E+16,4.89374E+16
80152,9.17052E+18,9,2,73,137,2017,5,17,2,2,4,6,0,1,0,0,0,0,0,7.07386E+20,5.41914E+21,1.18293E+16,4.88905E+16
80153,9.17051E+18,9,1,90,158,2017,5,14,6,2,4,1,0,1,0,0,1,0,0,6.52465E+20,5.30309E+21,1.10385E+16,4.7863E+16
80154,9.17051E+18,9,1,89,124,2017,5,17,6,1,8,1,0,0,0,1,0,0,0,7.8106E+20,5.29593E+21,1.27504E+16,4.77555E+16
80155,9.17051E+18,9,1,82,120,2017,5,10,6,3,0,1,0,0,0,1,0,0,0,7.01602E+20,5.3069E+21,1.16967E+16,4.78838E+16
80156,9.17052E+18,9,1,89,143,2017,5,12,2,3,0,7,1,0,0,0,0,0,0,7.59817E+20,5.31479E+21,1.24788E+16,4.79337E+16
80157,9.17051E+18,9,1,82,137,2017,5,17,6,3,5,6,0,1,0,0,1,0,0,7.10757E+20,5.3071E+21,1.1819E+16,4.78826E+16
80158,9.17051E+18,9,1,87,169,2017,5,9,6,2,2,6,0,1,0,0,0,0,1,7.40804E+20,5.29861E+21,1.22156E+16,4.77957E+16
80159,9.17051E+18,9,1,87,130,2017,5,8,6,3,4,6,0,1,0,0,1,0,1,7.14817E+20,5.30701E+21,1.18732E+16,4.78805E+16
80160,9.17051E+18,9,1,61,0,2017,5,17,6,3,5,3,1,0,0,0,1,0,0,6.78713E+20,5.40291E+21,1.14315E+16,4.87536E+16
80161,9.17051E+18,9,1,76,143,2017,5,23,6,3,0,1,1,0,0,0,0,2,0,6.80035E+20,5.40771E+21,1.14515E+16,4.87963E+16
80162,9.17051E+18,9,1,86,147,2017,5,21,6,3,3,6,0,1,0,0,1,2,0,6.84776E+20,5.39345E+21,1.15096E+16,4.86667E+16
80163,9.17051E+18,9,1,61,0,2017,5,18,6,3,2,6,0,1,0,0,0,0,0,6.75829E+20,5.40467E+21,1.1393E+16,4.87702E+16
80164,9.17051E+18,9,1,61,0,2017,5,13,6,3,0,6,0,1,0,1,1,0,0,6.7779E+20,5.40493E+21,1.14198E+16,4.87719E+16
80165,9.17052E+18,9,1,89,155,2017,5,15,2,3,5,3,1,1,0,0,0,0,0,7.71542E+20,5.30974E+21,1.26323E+16,4.78835E+16
80166,9.17051E+18,9,1,76,139,2017,5,14,6,3,4,7,0,1,0,1,0,0,0,6.87049E+20,5.41228E+21,1.1549E+16,4.88353E+16
80167,9.17052E+18,9,1,71,124,2017,5,12,2,3,5,2,0,1,0,0,0,0,0,7.80488E+20,5.34439E+21,1.27744E+16,4.81907E+16
80168,9.17051E+18,9,1,61,0,2017,5,21,6,3,6,4,0,1,1,0,0,2,0,6.77549E+20,5.40547E+21,1.14168E+16,4.87769E+16
80169,9.17052E+18,9,1,71,135,2017,5,7,2,3,2,6,0,1,0,0,1,0,0,7.68669E+20,5.3397E+21,1.26127E+16,4.81538E+16
80170,9.17051E+18,9,1,62,0,2017,5,6,6,3,3,6,0,1,0,0,0,0,1,6.79677E+20,5.33357E+21,1.14148E+16,4.813E+16
80171,9.17052E+18,9,1,71,129,2017,5,16,2,3,2,6,0,1,0,0,1,0,1,7.76086E+20,5.35502E+21,1.27222E+16,4.82881E+16
80172,9.17052E+18,9,1,87,182,2017,5,17,2,3,2,3,0,1,0,0,1,0,0,7.38336E+20,5.32817E+21,1.21991E+16,4.80622E+16
80173,9.17052E+18,9,1,63,0,2017,5,12,2,3,2,6,0,1,0,0,0,0,1,7.32606E+20,5.30679E+21,1.21107E+16,4.78723E+16
80174,9.17052E+18,9,1,63,0,2017,5,17,2,3,2,6,0,1,0,0,0,0,1,7.34667E+20,5.30453E+21,1.2137E+16,4.78512E+16
80175,9.17052E+18,9,1,82,114,2017,5,6,2,3,0,7,1,0,0,0,0,0,1,7.2125E+20,5.28933E+21,1.19502E+16,4.77194E+16
80176,9.17052E+18,9,1,86,149,2017,5,12,2,3,2,6,0,1,0,0,0,0,1,6.86885E+20,5.38783E+21,1.15357E+16,4.86156E+16
80177,9.17051E+18,9,1,88,139,2017,5,7,6,3,2,6,0,1,0,0,0,0,1,6.72857E+20,5.31915E+21,1.13174E+16,4.80023E+16
80178,9.17051E+18,9,1,79,119,2017,5,16,6,2,4,6,0,1,0,0,0,0,0,6.69182E+20,5.34016E+21,1.12765E+16,4.81922E+16
80179,9.17051E+18,9,1,79,121,2017,5,17,6,2,8,1,0,1,0,0,0,0,0,6.6478E+20,5.34003E+21,1.12173E+16,4.81921E+16
80180,9.17051E+18,9,1,74,135,2017,5,16,6,2,8,1,0,0,0,1,0,0,0,6.62893E+20,5.35441E+21,1.11974E+16,4.83219E+16
80181,9.17051E+18,9,1,78,120,2017,5,13,6,3,2,6,0,1,0,0,0,0,0,6.94956E+20,5.35292E+21,1.16289E+16,4.82994E+16
80182,9.17051E+18,9,1,78,137,2017,5,17,6,3,5,3,0,1,0,0,0,0,0,6.93508E+20,5.3624E+21,1.16137E+16,4.8385E+16
80183,9.17051E+18,9,1,77,115,2017,5,8,6,3,2,6,0,1,0,0,0,0,1,7.29002E+20,5.35333E+21,1.20875E+16,4.82917E+16
80184,9.17051E+18,9,1,62,0,2017,5,13,5,3,9,1,0,0,0,1,0,0,0,6.88691E+20,5.33663E+21,1.15372E+16,4.81549E+16
80185,9.17051E+18,9,1,62,0,2017,5,18,5,3,5,3,1,1,0,0,0,0,0,6.88663E+20,5.33568E+21,1.15364E+16,4.81463E+16
80186,9.17051E+18,9,1,84,145,2017,5,14,5,2,4,2,0,1,0,0,0,0,0,6.94335E+20,5.32323E+21,1.16069E+16,4.80328E+16
80187,9.17051E+18,9,7,78,173,2017,5,5,5,3,0,4,0,0,1,0,1,1,0,6.11337E+20,5.32197E+21,1.04937E+16,4.80413E+16
80188,9.17051E+18,9,7,74,143,2017,5,10,5,3,0,7,0,1,0,0,1,0,0,5.9716E+20,5.35921E+21,1.03121E+16,4.83785E+16
80189,9.17051E+18,9,7,77,158,2017,5,17,5,3,5,3,0,1,0,0,0,0,0,6.21565E+20,5.30922E+21,1.06273E+16,4.79247E+16
80190,9.17051E+18,9,7,79,197,2017,5,14,5,3,5,2,1,1,0,0,0,0,0,6.16787E+20,5.42255E+21,1.0595E+16,4.89449E+16
80191,9.17051E+18,9,7,72,147,2017,5,20,5,3,8,7,0,1,0,0,0,1,1,6.35342E+20,5.36437E+21,1.08292E+16,4.8418E+16
80192,9.17051E+18,9,7,72,147,2017,5,14,5,3,3,3,0,1,0,0,1,0,0,6.38643E+20,5.36362E+21,1.08735E+16,4.84104E+16
80193,9.17051E+18,9,7,72,111,2017,5,9,5,2,2,6,0,1,0,0,0,0,0,6.27512E+20,5.36407E+21,1.07233E+16,4.84168E+16
80194,9.17051E+18,9,7,71,122,2017,5,16,5,2,4,2,0,1,0,1,0,0,0,6.51934E+20,5.36098E+21,1.10521E+16,4.83836E+16
80195,9.17051E+18,9,7,61,0,2017,5,21,5,3,6,4,0,1,1,0,0,2,1,6.41308E+20,5.35586E+21,1.09069E+16,4.83401E+16
80196,9.17051E+18,9,7,71,155,2017,5,15,5,2,5,3,0,1,0,0,1,0,0,6.48908E+20,5.3751E+21,1.10163E+16,4.85113E+16
80197,9.17051E+18,9,7,71,158,2017,5,7,5,2,5,2,1,1,0,0,0,0,0,6.38644E+20,5.37248E+21,1.08765E+16,4.84901E+16
80198,9.17051E+18,9,6,79,196,2017,5,15,5,2,2,6,0,1,0,0,1,0,0,5.52223E+20,5.51398E+21,9.72533E+15,4.97761E+16
80199,9.17052E+18,9,1,61,0,2017,5,17,2,3,0,2,1,1,0,0,0,0,0,6.79209E+20,5.40448E+21,1.14389E+16,4.87675E+16
80200,9.17051E+18,9,6,79,144,2017,5,0,5,3,9,1,0,1,0,0,0,2,0,5.54491E+20,5.51227E+21,9.75658E+15,4.97604E+16
80201,9.17052E+18,9,1,61,0,2017,5,18,2,3,5,3,0,1,0,1,0,0,0,6.67878E+20,5.40516E+21,1.12851E+16,4.87768E+16
80202,9.17051E+18,9,6,63,0,2017,5,6,5,3,2,6,0,1,0,0,0,0,0,5.6721E+20,5.51686E+21,9.93396E+15,4.98005E+16
80203,9.17051E+18,9,6,75,156,2017,5,18,5,3,4,1,0,1,0,1,0,0,0,5.8401E+20,5.50136E+21,1.0164E+16,4.96589E+16
80204,9.17052E+18,9,1,86,137,2017,5,8,2,2,5,3,0,1,0,1,0,0,0,6.79607E+20,5.39881E+21,1.14418E+16,4.87164E+16
80205,9.17052E+18,9,1,85,123,2017,5,6,2,3,5,3,0,1,0,0,0,0,0,6.69716E+20,5.38831E+21,1.13032E+16,4.86248E+16
80206,9.17052E+18,9,1,85,158,2017,5,12,2,2,6,4,0,1,1,0,0,0,0,6.66952E+20,5.381E+21,1.12628E+16,4.85599E+16
80207,9.17052E+18,9,1,74,113,2017,5,18,2,3,9,1,0,1,0,0,0,0,1,6.69857E+20,5.34873E+21,1.1289E+16,4.8269E+16
80208,9.17052E+18,9,1,74,141,2017,5,21,2,3,6,6,1,0,1,0,0,2,0,6.8185E+20,5.35577E+21,1.14535E+16,4.83289E+16
80209,9.17052E+18,9,1,75,127,2017,5,19,2,2,0,1,0,0,0,1,0,0,1,7.13126E+20,5.3415E+21,1.18678E+16,4.81909E+16
80210,9.17052E+18,9,1,75,118,2017,5,7,2,3,5,2,0,1,0,0,0,0,0,7.15564E+20,5.3381E+21,1.18989E+16,4.81596E+16
80211,9.17051E+18,9,6,75,165,2017,5,14,5,1,2,6,1,1,0,0,1,0,0,5.88172E+20,5.51781E+21,1.02254E+16,4.98062E+16
80212,9.17051E+18,9,6,75,165,2017,5,17,5,3,4,7,0,1,0,0,0,0,0,5.88101E+20,5.51731E+21,1.02243E+16,4.98018E+16
80213,9.17051E+18,9,6,75,141,2017,5,15,5,3,0,7,1,0,0,0,1,0,0,5.85144E+20,5.50926E+21,1.01815E+16,4.97298E+16
80214,9.17051E+18,9,6,75,141,2017,5,8,5,3,2,2,0,1,0,0,0,0,0,5.85055E+20,5.51094E+21,1.01806E+16,4.97449E+16
80215,9.17051E+18,9,6,78,192,2017,5,7,5,2,2,2,0,1,0,0,0,0,0,5.74981E+20,5.54639E+21,1.00477E+16,5.00651E+16
80216,9.17052E+18,9,1,78,130,2017,5,17,2,3,2,1,0,1,0,0,0,0,0,7.02734E+20,5.35848E+21,1.17363E+16,4.83469E+16
80217,9.17052E+18,9,1,78,130,2017,5,6,2,3,0,7,0,0,0,1,1,0,1,7.00942E+20,5.35415E+21,1.17101E+16,4.83086E+16
80218,9.17051E+18,9,6,78,181,2017,5,6,5,3,5,3,0,1,0,0,0,0,0,5.95212E+20,5.55645E+21,1.03328E+16,5.01526E+16
80219,9.17051E+18,9,6,76,139,2017,5,11,5,2,4,1,0,1,0,0,0,0,0,5.21013E+20,5.50362E+21,9.2913E+15,4.96848E+16
80220,9.17051E+18,9,6,71,143,2017,5,7,5,2,0,7,1,0,0,0,0,0,0,5.13462E+20,5.54936E+21,9.18821E+15,5.00963E+16
80221,9.17051E+18,9,6,71,111,2017,5,17,5,3,2,6,0,1,0,0,0,0,0,5.02423E+20,5.54815E+21,9.03387E+15,5.00856E+16
80222,9.17051E+18,9,5,72,133,2017,5,14,5,3,2,6,0,1,0,0,1,0,0,6.38582E+20,5.4989E+21,1.09189E+16,4.96267E+16
80223,9.17051E+18,9,5,65,0,2017,5,22,5,3,4,2,1,1,0,0,0,2,1,6.47373E+20,5.46584E+21,1.10283E+16,4.93275E+16
80224,9.17051E+18,9,5,72,133,2017,5,16,5,3,4,2,0,1,0,0,0,0,0,6.37465E+20,5.49937E+21,1.09036E+16,4.96312E+16
80225,9.17051E+18,9,5,65,0,2017,5,17,5,3,5,3,0,1,0,0,1,0,0,6.50651E+20,5.46596E+21,1.10734E+16,4.93277E+16
80226,9.17051E+18,9,5,74,138,2017,5,13,5,3,5,3,0,1,0,1,0,0,0,6.6405E+20,5.4869E+21,1.12663E+16,4.95125E+16
80227,9.17051E+18,9,5,63,0,2017,5,10,5,3,5,3,0,1,0,0,1,0,0,6.44989E+20,5.48142E+21,1.10012E+16,4.94681E+16
80228,9.17051E+18,9,5,64,0,2017,5,7,5,3,5,2,1,1,0,0,0,0,0,6.48869E+20,5.48126E+21,1.10546E+16,4.94658E+16
80229,9.17051E+18,9,5,71,193,2017,5,18,5,1,4,6,0,1,0,1,0,0,0,5.86833E+20,5.46828E+21,1.01959E+16,4.93611E+16
80230,9.17051E+18,9,5,75,153,2017,5,11,5,2,4,6,1,0,0,0,0,0,0,6.13381E+20,5.4922E+21,1.05682E+16,4.95717E+16
80231,9.17052E+18,9,1,78,143,2017,5,17,2,3,1,6,0,1,0,0,0,0,0,7.21219E+20,5.37411E+21,1.19937E+16,4.84811E+16
80232,9.17051E+18,9,4,75,154,2017,5,14,5,3,2,6,0,1,0,0,1,0,0,6.97109E+20,5.56294E+21,1.17612E+16,5.01858E+16
80233,9.17051E+18,9,4,73,134,2017,5,18,5,3,0,7,0,1,0,0,0,0,0,6.45044E+20,5.56832E+21,1.10345E+16,5.02492E+16
80234,9.17052E+18,9,1,77,130,2017,5,8,2,2,4,6,0,1,0,1,1,0,0,7.09646E+20,5.35084E+21,1.18257E+16,4.8276E+16
80235,9.17052E+18,9,1,77,135,2017,5,17,2,3,5,3,1,1,0,0,0,0,0,7.20339E+20,5.34264E+21,1.19653E+16,4.81987E+16
80236,9.17052E+18,9,1,77,130,2017,5,16,2,3,4,6,0,1,0,0,0,0,0,7.11007E+20,5.35099E+21,1.18441E+16,4.82769E+16
80237,9.17052E+18,9,1,75,123,2017,5,14,2,2,1,1,0,1,0,0,1,0,1,7.25248E+20,5.33643E+21,1.2028E+16,4.81412E+16
80238,9.17051E+18,9,1,62,0,2017,5,14,1,3,0,1,1,0,0,0,0,0,1,6.99823E+20,5.33293E+21,1.1685E+16,4.81182E+16
80239,9.17051E+18,9,7,74,144,2017,5,14,1,3,9,1,0,1,0,0,0,0,1,6.08502E+20,5.36325E+21,1.04663E+16,4.8413E+16
80240,9.17051E+18,9,7,75,134,2017,5,15,1,3,2,6,0,1,0,0,0,0,1,5.83142E+20,5.36454E+21,1.01239E+16,4.84285E+16
80241,9.17051E+18,9,7,74,162,2017,5,15,1,3,9,6,0,1,0,0,0,0,1,6.0183E+20,5.35341E+21,1.03738E+16,4.83257E+16
80242,9.17051E+18,9,7,77,167,2017,5,17,1,3,3,2,0,1,0,1,0,0,0,6.17862E+20,5.29417E+21,1.05737E+16,4.77901E+16
80243,9.17051E+18,9,7,76,113,2017,5,12,1,3,4,1,0,1,0,0,0,0,0,5.78257E+20,5.27433E+21,1.00414E+16,4.76176E+16
80244,9.17051E+18,9,7,62,0,2017,5,23,1,3,8,1,0,1,0,0,0,2,1,6.20454E+20,5.30307E+21,1.06107E+16,4.78697E+16
80245,9.17051E+18,9,4,73,121,2017,5,12,5,3,3,6,0,1,0,0,0,0,0,6.46235E+20,5.56548E+21,1.10501E+16,5.02234E+16
80246,9.17051E+18,9,4,78,165,2017,5,18,5,3,5,3,0,1,0,1,0,0,0,6.44363E+20,5.55342E+21,1.10193E+16,5.01154E+16
80247,9.17051E+18,9,4,76,145,2017,5,7,5,3,2,6,0,1,0,1,0,0,0,6.6545E+20,5.56843E+21,1.13205E+16,5.02448E+16
80248,9.17051E+18,9,4,73,121,2017,5,16,5,3,3,6,1,0,0,0,1,0,0,6.46734E+20,5.56535E+21,1.1057E+16,5.02221E+16
80249,9.17051E+18,9,4,72,118,2017,5,7,5,3,5,3,0,1,0,0,0,0,0,6.7257E+20,5.50768E+21,1.1393E+16,4.96969E+16
80250,9.17051E+18,9,4,72,127,2017,5,6,5,3,6,4,0,1,1,0,0,0,0,6.89323E+20,5.52249E+21,1.16323E+16,4.98249E+16
80251,9.17051E+18,9,4,72,167,2017,5,19,5,3,5,3,1,1,0,0,0,0,0,6.76844E+20,5.53128E+21,1.1463E+16,4.99077E+16
80252,9.17051E+18,9,4,71,140,2017,5,7,5,3,3,6,0,1,0,0,1,0,0,6.33044E+20,5.53109E+21,1.08533E+16,4.99174E+16
80253,9.17051E+18,9,4,71,111,2017,5,18,5,3,3,6,0,1,0,0,0,0,0,6.46188E+20,5.51732E+21,1.10311E+16,4.97906E+16
80254,9.17051E+18,9,4,71,159,2017,5,11,5,3,2,6,0,1,0,0,1,0,0,6.38985E+20,5.53296E+21,1.09367E+16,4.99328E+16
80255,9.17051E+18,9,4,71,145,2017,5,8,5,3,5,2,1,1,0,0,0,0,0,6.4298E+20,5.52007E+21,1.09876E+16,4.9816E+16
80256,9.17051E+18,9,7,77,166,2017,5,14,1,3,4,6,0,1,0,0,0,0,1,6.29306E+20,5.27953E+21,1.0722E+16,4.76562E+16
80257,9.17051E+18,9,3,74,137,2017,5,14,5,2,4,1,0,1,0,1,0,0,0,7.50364E+20,5.49823E+21,1.2464E+16,4.95848E+16
80258,9.17051E+18,9,7,72,223,2017,5,14,1,3,8,1,0,1,0,0,0,0,1,6.19504E+20,5.36315E+21,1.06149E+16,4.84101E+16
80259,9.17051E+18,9,3,74,117,2017,5,14,5,2,5,3,0,1,0,0,0,0,0,7.04919E+20,5.51543E+21,1.18452E+16,4.97564E+16
80260,9.17051E+18,9,7,61,0,2017,5,19,1,3,2,6,0,1,0,0,0,0,1,6.41444E+20,5.35448E+21,1.09083E+16,4.83277E+16
80261,9.17051E+18,9,3,72,153,2017,5,16,5,3,5,3,0,1,0,1,0,0,0,7.56387E+20,5.45526E+21,1.25195E+16,4.91965E+16
80262,9.17051E+18,9,3,72,153,2017,5,10,5,3,2,2,0,1,0,0,0,0,0,7.48607E+20,5.4594E+21,1.24155E+16,4.92369E+16
80263,9.17051E+18,9,3,73,112,2017,5,22,5,3,3,6,0,1,0,0,0,2,1,6.77299E+20,5.44641E+21,1.14312E+16,4.91449E+16
80264,9.17051E+18,9,3,76,163,2017,5,9,5,3,0,7,0,1,0,0,1,0,0,7.28579E+20,5.47568E+21,1.21501E+16,4.93909E+16
80265,9.17051E+18,9,6,77,151,2017,5,9,1,3,9,1,0,1,0,0,0,0,1,5.39971E+20,5.51547E+21,9.55532E+15,4.97903E+16
80266,9.17051E+18,9,6,75,127,2017,5,19,1,3,5,3,0,1,0,0,0,0,0,6.089E+20,5.51682E+21,1.05131E+16,4.9794E+16
80267,9.17051E+18,9,6,75,141,2017,5,17,1,3,0,7,1,0,0,0,0,0,1,5.86921E+20,5.51163E+21,1.02066E+16,4.97509E+16
80268,9.17051E+18,9,3,76,144,2017,5,6,5,2,0,1,1,0,0,0,0,0,0,7.3145E+20,5.4824E+21,1.21935E+16,4.94502E+16
80269,9.17051E+18,9,6,75,144,2017,5,1,1,2,6,7,0,0,1,0,1,2,0,5.86368E+20,5.50567E+21,1.01976E+16,4.96974E+16
80270,9.17051E+18,9,3,76,149,2017,5,16,5,2,2,1,0,1,0,1,0,0,0,7.35709E+20,5.45488E+21,1.22359E+16,4.92013E+16
80271,9.17051E+18,9,6,78,134,2017,5,15,1,3,5,3,0,1,0,0,0,0,0,5.97106E+20,5.52907E+21,1.03524E+16,4.99061E+16
80272,9.17051E+18,9,3,61,0,2017,5,14,5,2,4,1,0,1,0,1,0,0,0,7.07178E+20,5.48011E+21,1.18579E+16,4.94383E+16
80273,9.17051E+18,9,2,71,151,2017,5,15,5,3,0,1,0,0,0,1,0,0,0,7.82416E+20,5.41265E+21,1.28464E+16,4.88026E+16
80274,9.17051E+18,9,2,71,148,2017,5,16,5,3,2,6,0,1,0,0,0,0,0,7.95823E+20,5.41778E+21,1.30322E+16,4.88424E+16
80275,9.17051E+18,9,6,73,163,2017,5,17,1,3,9,7,0,1,0,0,0,0,0,5.78597E+20,5.58114E+21,1.01054E+16,5.03771E+16
80276,9.17051E+18,9,6,72,134,2017,5,14,1,3,8,1,0,0,0,1,0,0,0,5.55478E+20,5.58242E+21,9.78046E+15,5.03912E+16
80277,9.17051E+18,9,6,71,112,2017,5,6,1,3,8,1,0,1,0,0,0,1,0,5.1891E+20,5.53274E+21,9.26357E+15,4.99467E+16
80278,9.17051E+18,9,6,71,138,2017,5,12,1,3,5,3,0,1,0,1,0,0,0,5.14821E+20,5.548E+21,9.20716E+15,5.00841E+16
80279,9.17051E+18,9,5,72,160,2017,5,16,1,3,2,6,0,1,0,0,0,0,0,6.25754E+20,5.51053E+21,1.07451E+16,4.97341E+16
80280,9.17051E+18,9,5,74,152,2017,5,15,1,3,9,6,0,1,0,0,0,0,0,6.63169E+20,5.48184E+21,1.12521E+16,4.94673E+16
80281,9.17051E+18,9,2,78,118,2017,5,13,5,3,3,2,1,1,0,0,0,0,0,7.68721E+20,5.42492E+21,1.26683E+16,4.89188E+16
80282,9.17051E+18,9,2,78,118,2017,5,14,5,3,1,6,0,1,0,0,0,0,0,7.68996E+20,5.42468E+21,1.26719E+16,4.89166E+16
80283,9.17051E+18,9,2,77,138,2017,5,12,5,3,5,3,1,1,0,0,0,0,0,7.91189E+20,5.37212E+21,1.29371E+16,4.84348E+16
80284,9.17051E+18,9,2,77,138,2017,5,7,5,3,0,1,0,0,0,1,0,0,0,7.92042E+20,5.37019E+21,1.29473E+16,4.8417E+16
80285,9.17051E+18,9,2,77,112,2017,5,21,5,3,2,6,0,1,0,0,1,2,0,8.08359E+20,5.37161E+21,1.31683E+16,4.84221E+16
80286,9.17051E+18,9,2,72,140,2017,5,7,5,2,4,7,0,1,0,0,0,0,0,8.26434E+20,5.41459E+21,1.34457E+16,4.87984E+16
80287,9.17051E+18,9,2,77,124,2017,5,20,5,3,0,7,0,0,0,1,0,0,0,7.83712E+20,5.36822E+21,1.28336E+16,4.84032E+16
80288,9.17051E+18,9,2,74,183,2017,5,13,5,3,5,1,1,1,0,0,0,0,0,7.40961E+20,5.36228E+21,1.22536E+16,4.83676E+16
80289,9.17051E+18,9,2,73,116,2017,5,20,5,2,3,6,0,1,0,0,1,1,0,7.25748E+20,5.42105E+21,1.20805E+16,4.89012E+16
80290,9.17051E+18,9,2,73,111,2017,5,14,5,3,5,3,0,1,0,0,0,0,0,7.10496E+20,5.41024E+21,1.18671E+16,4.88095E+16
80291,9.17051E+18,9,2,73,133,2017,5,6,5,2,4,6,0,1,0,0,0,0,0,7.08352E+20,5.42626E+21,1.18461E+16,4.89541E+16
80292,9.17051E+18,9,1,73,137,2017,5,10,5,3,8,1,0,0,0,1,0,0,0,6.75299E+20,5.30382E+21,1.13439E+16,4.78638E+16
80293,9.17051E+18,9,1,90,117,2017,5,20,5,2,9,7,0,1,0,0,0,1,0,6.53287E+20,5.28854E+21,1.10444E+16,4.7732E+16
80294,9.17051E+18,9,1,73,126,2017,5,8,5,3,2,6,0,1,0,0,0,0,0,6.83688E+20,5.30626E+21,1.1457E+16,4.78834E+16
80295,9.17051E+18,9,1,73,133,2017,5,18,5,2,9,1,0,0,0,1,0,0,0,6.76822E+20,5.27827E+21,1.13539E+16,4.76336E+16
80296,9.17051E+18,9,5,74,112,2017,5,14,1,3,9,1,0,1,0,0,0,0,1,6.73785E+20,5.47543E+21,1.13956E+16,4.94067E+16
80297,9.17051E+18,9,1,89,149,2017,5,16,5,3,8,7,0,1,0,0,1,0,1,7.66032E+20,5.32964E+21,1.2571E+16,4.80645E+16
80298,9.17051E+18,9,1,83,128,2017,5,10,5,2,0,7,0,0,0,1,0,0,0,7.58853E+20,5.35004E+21,1.24873E+16,4.82507E+16
80299,9.17051E+18,9,1,83,128,2017,5,13,5,2,3,6,0,1,0,1,0,0,0,7.6228E+20,5.34873E+21,1.25325E+16,4.82375E+16
80300,9.17051E+18,9,1,71,112,2017,5,16,5,3,0,1,1,0,0,0,0,0,0,7.85136E+20,5.3446E+21,1.28369E+16,4.81905E+16
80301,9.17051E+18,9,1,72,129,2017,5,17,5,3,5,2,1,0,0,0,1,0,0,7.92964E+20,5.28007E+21,1.28982E+16,4.76078E+16
80302,9.17051E+18,9,1,72,114,2017,5,15,5,3,3,6,0,1,0,0,1,0,0,7.92179E+20,5.29492E+21,1.28977E+16,4.77414E+16
80303,9.17051E+18,9,1,82,125,2017,5,10,5,3,3,2,1,1,0,0,0,0,0,7.12758E+20,5.29734E+21,1.1841E+16,4.77942E+16
80304,9.17051E+18,9,1,87,154,2017,5,19,5,3,4,3,1,1,0,0,0,0,0,7.34635E+20,5.29687E+21,1.21324E+16,4.77824E+16
80305,9.17051E+18,9,1,87,169,2017,5,17,5,3,2,6,0,1,0,0,0,0,0,7.36128E+20,5.30234E+21,1.21553E+16,4.7831E+16
80306,9.17051E+18,9,1,86,137,2017,5,10,5,3,3,6,0,1,0,0,1,0,0,6.82658E+20,5.3986E+21,1.14832E+16,4.87137E+16
80307,9.17051E+18,9,1,85,158,2017,5,15,5,3,0,7,1,0,0,0,0,0,0,6.66694E+20,5.38119E+21,1.12593E+16,4.85616E+16
80308,9.17051E+18,9,5,65,0,2017,5,2,1,3,5,3,0,1,0,0,0,2,1,6.46515E+20,5.46528E+21,1.10163E+16,4.93227E+16
80309,9.17051E+18,9,1,86,162,2017,5,18,5,3,5,3,1,1,0,0,0,0,0,6.94043E+20,5.3858E+21,1.16318E+16,4.85952E+16
80310,9.17051E+18,9,5,74,138,2017,5,13,1,3,9,1,0,1,0,0,0,0,1,6.61036E+20,5.49065E+21,1.12262E+16,4.9547E+16
80311,9.17051E+18,9,1,86,122,2017,5,16,5,2,4,6,0,1,0,1,0,0,0,6.91108E+20,5.40044E+21,1.15988E+16,4.87277E+16
80312,9.17051E+18,9,1,88,137,2017,5,16,5,3,4,6,0,1,0,0,1,0,0,6.70414E+20,5.31501E+21,1.12831E+16,4.79657E+16
80313,9.17051E+18,9,1,81,128,2017,5,21,5,3,4,2,0,1,0,0,1,2,0,6.38562E+20,5.32702E+21,1.08605E+16,4.80814E+16
80314,9.17051E+18,9,5,74,117,2017,5,13,1,2,9,1,0,1,0,0,0,0,1,6.68712E+20,5.47041E+21,1.13237E+16,4.9363E+16
80315,9.17051E+18,9,5,71,166,2017,5,20,1,3,9,7,0,1,0,0,0,0,0,6.06269E+20,5.4562E+21,1.04602E+16,4.92494E+16
80316,9.17051E+18,9,4,75,154,2017,5,16,1,3,3,1,0,1,0,0,0,0,1,6.9849E+20,5.5668E+21,1.17825E+16,5.02201E+16