OBJECTID,UIDENTSTLA,ULAND,UREGBEZ,UKREIS,UGEMEINDE,UJAHR,UMONAT,USTUNDE,UWOCHENTAG,UKATEGORIE,UART,UTYP1,IstRad,IstPKW,IstFuss,IstKrad,IstSonstig,LICHT,STRZUSTAND,LINREFX,LINREFY,XGCSWGS84,YGCSWGS84
80489,9.17052E+18,9,6,75,127,2017,5,21,6,2,3,6,0,1,0,0,1,2,1,6.11191E+20,5.51341E+21,1.05439E+16,4.97628E+16
80490,9.17052E+18,9,1,84,136,2017,5,18,4,3,5,2,1,1,0,0,0,0,0,6.98534E+20,5.32641E+21,1.16647E+16,4.806E+16
80491,9.17052E+18,9,1,62,0,2017,5,8,4,3,5,3,1,1,0,0,0,0,0,6.8163E+20,5.33576E+21,1.1442E+16,4.81491E+16
80492,9.17052E+18,9,1,62,0,2017,5,9,4,3,0,7,1,0,1,0,0,0,0,6.92118E+20,5.34217E+21,1.15858E+16,4.82037E+16
80493,9.17052E+18,9,1,84,123,2017,5,17,4,3,2,6,0,1,0,0,0,0,0,7.02906E+20,5.33192E+21,1.17259E+16,4.81082E+16
80494,9.17052E+18,9,1,84,135,2017,5,7,4,3,1,6,0,0,0,0,1,0,0,6.92055E+20,5.34476E+21,1.15861E+16,4.8227E+16
80495,9.17052E+18,9,1,84,147,2017,5,18,4,3,4,6,0,1,0,0,0,0,0,7.00195E+20,5.34126E+21,1.16939E+16,4.8193E+16
80496,9.17052E+18,9,1,62,0,2017,5,18,4,3,2,6,0,1,0,0,0,0,0,6.88239E+20,5.33162E+21,1.15289E+16,4.811E+16
80497,9.17052E+18,9,7,75,135,2017,5,14,4,3,6,4,0,1,1,0,0,0,0,5.74881E+20,5.36045E+21,1.00115E+16,4.83928E+16
80498,9.17052E+18,9,7,78,144,2017,5,14,4,2,5,3,0,0,0,1,1,0,0,5.93243E+20,5.30415E+21,1.02472E+16,4.78839E+16
80499,9.17052E+18,9,7,74,143,2017,5,16,4,3,2,6,1,1,0,0,0,0,0,5.97067E+20,5.36042E+21,1.03112E+16,4.83895E+16
80500,9.17052E+18,9,7,74,135,2017,5,17,4,3,2,6,0,1,0,0,0,0,0,5.97522E+20,5.36766E+21,1.0319E+16,4.84545E+16
80501,9.17052E+18,9,6,77,146,2017,5,13,6,2,4,6,0,1,0,0,0,0,0,5.47261E+20,5.52369E+21,9.6576E+15,4.98638E+16
80502,9.17052E+18,9,7,74,135,2017,5,17,4,2,2,1,0,1,0,0,0,0,0,5.97371E+20,5.36763E+21,1.03169E+16,4.84543E+16
80503,9.17052E+18,9,7,78,169,2017,5,13,4,3,4,2,0,0,0,1,1,0,0,6.1737E+20,5.33244E+21,1.05775E+16,4.81344E+16
80504,9.17052E+18,9,6,78,192,2017,5,8,6,2,9,6,0,1,0,0,1,0,1,5.72394E+20,5.54766E+21,1.00118E+16,5.00768E+16
80505,9.17052E+18,9,7,63,0,2017,5,14,4,3,1,7,1,1,0,0,0,0,0,5.99195E+20,5.28672E+21,1.03228E+16,4.77262E+16
80506,9.17052E+18,9,6,62,0,2017,5,7,6,3,8,1,0,1,0,0,0,0,1,5.8485E+20,5.54178E+21,1.01845E+16,5.00223E+16
80507,9.17052E+18,9,7,80,128,2017,5,21,4,3,0,7,0,1,0,0,0,2,0,6.06394E+20,5.27989E+21,1.04171E+16,4.76637E+16
80508,9.17052E+18,9,6,74,149,2017,5,7,6,3,2,3,0,1,0,0,0,0,1,6.08267E+20,5.55619E+21,1.05154E+16,5.0148E+16
80509,9.17052E+18,9,7,80,112,2017,5,9,4,2,0,6,0,0,0,1,1,0,0,5.85876E+20,5.2945E+21,1.01468E+16,4.77981E+16
80510,9.17052E+18,9,6,72,114,2017,5,7,6,3,2,6,0,1,0,0,0,0,1,5.76989E+20,5.56011E+21,1.00785E+16,5.01882E+16
80511,9.17052E+18,9,7,80,112,2017,5,6,4,2,4,6,0,1,0,1,0,0,0,5.83936E+20,5.29543E+21,1.0121E+16,4.78067E+16
80512,9.17052E+18,9,7,77,151,2017,5,19,4,1,5,3,0,0,0,1,1,0,0,6.20882E+20,5.28767E+21,1.06122E+16,4.77311E+16
80513,9.17052E+18,9,3,61,0,2017,5,12,7,2,0,7,1,0,0,0,0,0,0,7.06494E+20,5.48081E+21,1.18488E+16,4.94449E+16
80514,9.17052E+18,9,7,77,151,2017,5,15,4,3,4,7,0,1,0,1,0,0,1,6.24678E+20,5.29362E+21,1.06645E+16,4.77838E+16
80515,9.17052E+18,9,7,76,117,2017,5,16,4,3,5,2,1,0,0,0,1,0,0,5.65391E+20,5.27187E+21,9.86986E+15,4.7597E+16
80516,9.17052E+18,9,7,62,0,2017,5,16,4,3,6,2,0,1,1,0,0,0,0,6.22179E+20,5.30786E+21,1.06351E+16,4.79124E+16
80517,9.17052E+18,9,7,80,124,2017,5,14,4,2,4,6,0,1,0,1,0,0,0,5.92957E+20,5.26908E+21,1.02359E+16,4.75685E+16
80518,9.17052E+18,9,7,77,159,2017,5,12,4,3,0,1,1,0,0,0,0,0,0,6.17132E+20,5.27075E+21,1.05576E+16,4.75796E+16
80519,9.17052E+18,9,7,77,159,2017,5,7,4,3,2,6,0,1,0,1,0,0,0,6.17289E+20,5.2712E+21,1.05598E+16,4.75836E+16
80520,9.17052E+18,9,7,79,131,2017,5,6,4,3,5,3,0,1,0,0,1,0,0,6.30637E+20,5.39971E+21,1.07767E+16,4.87367E+16
80521,9.17052E+18,9,6,76,139,2017,5,16,6,3,5,3,0,1,0,0,0,0,1,5.16283E+20,5.50634E+21,9.22585E+15,4.97094E+16
80522,9.17052E+18,9,5,72,131,2017,5,12,6,3,8,7,0,1,0,0,1,0,0,6.52367E+20,5.48626E+21,1.11048E+16,4.95098E+16
80523,9.17052E+18,9,5,64,0,2017,5,22,6,3,2,6,0,1,0,0,0,2,1,6.57608E+20,5.47323E+21,1.1172E+16,4.93913E+16
80524,9.17052E+18,9,5,76,143,2017,5,18,6,2,8,1,0,1,0,0,0,0,1,6.52483E+20,5.45942E+21,1.10961E+16,4.92685E+16
80525,9.17052E+18,9,7,73,112,2017,5,20,4,3,0,7,0,0,0,1,0,1,0,5.98618E+20,5.38683E+21,1.03383E+16,4.86267E+16
80526,9.17052E+18,9,7,73,139,2017,5,6,4,3,5,3,0,1,0,1,0,0,0,6.15417E+20,5.38592E+21,1.0566E+16,4.86157E+16
80527,9.17052E+18,9,7,71,122,2017,5,21,4,2,2,6,0,0,0,1,1,2,0,6.51133E+20,5.36236E+21,1.10418E+16,4.83963E+16
80528,9.17052E+18,9,7,72,223,2017,5,18,4,2,0,2,0,1,0,1,0,0,0,6.15548E+20,5.36359E+21,1.05616E+16,4.84149E+16
80529,9.17052E+18,9,7,61,0,2017,5,9,4,3,3,7,0,1,0,0,1,0,0,6.41036E+20,5.35692E+21,1.09036E+16,4.83497E+16
80530,9.17052E+18,9,7,61,0,2017,5,18,4,3,2,1,0,1,0,0,0,0,0,6.41594E+20,5.35776E+21,1.09114E+16,4.83572E+16
80531,9.17052E+18,9,6,75,127,2017,5,13,4,3,0,1,0,0,0,0,1,0,0,6.0647E+20,5.51438E+21,1.04787E+16,4.97725E+16
80532,9.17052E+18,9,6,75,144,2017,5,15,4,3,9,1,0,1,0,0,0,0,0,5.88289E+20,5.50561E+21,1.02243E+16,4.96966E+16
80533,9.17052E+18,9,6,75,165,2017,5,7,4,2,5,2,0,0,0,1,1,0,0,5.90469E+20,5.51716E+21,1.02572E+16,4.98E+16
80534,9.17052E+18,9,6,78,193,2017,5,9,4,1,5,3,0,1,0,1,0,0,0,5.7843E+20,5.53791E+21,1.00941E+16,4.99883E+16
80535,9.17052E+18,9,6,76,139,2017,5,17,4,2,0,7,1,0,0,0,0,0,0,5.18345E+20,5.50534E+21,9.25439E+15,4.97003E+16
80536,9.17052E+18,9,6,71,128,2017,5,10,4,3,0,6,0,0,0,0,1,0,0,5.24475E+20,5.54671E+21,9.34202E+15,5.00721E+16
80537,9.17052E+18,9,5,72,126,2017,5,16,4,3,1,6,0,1,0,0,0,0,0,6.338E+20,5.50687E+21,1.08555E+16,4.96995E+16
80538,9.17052E+18,9,5,62,0,2017,5,8,4,3,2,6,0,1,0,0,0,0,0,6.40497E+20,5.4923E+21,1.09431E+16,4.9567E+16
80539,9.17052E+18,9,5,74,123,2017,5,14,6,3,2,6,0,1,0,0,1,0,0,6.63643E+20,5.48028E+21,1.1258E+16,4.94531E+16
80540,9.17052E+18,9,5,64,0,2017,5,17,4,2,2,6,0,1,0,0,1,0,0,6.58455E+20,5.47339E+21,1.11837E+16,4.93925E+16
80541,9.17052E+18,9,5,74,156,2017,5,7,6,2,6,4,0,1,1,0,0,0,0,6.59313E+20,5.48223E+21,1.1199E+16,4.94718E+16
80542,9.17052E+18,9,5,62,0,2017,5,12,4,3,2,6,0,1,0,0,0,0,0,6.42421E+20,5.49451E+21,1.09705E+16,4.95864E+16
80543,9.17052E+18,9,5,64,0,2017,5,11,6,3,2,6,0,1,0,0,0,0,0,6.56618E+20,5.4765E+21,1.11596E+16,4.9421E+16
80544,9.17052E+18,9,5,62,0,2017,5,19,4,3,5,3,1,1,0,0,0,0,0,6.45237E+20,5.4935E+21,1.1009E+16,4.95767E+16
80545,9.17052E+18,9,5,76,143,2017,5,18,4,3,1,6,0,1,0,0,0,0,0,6.52427E+20,5.45568E+21,1.10939E+16,4.92349E+16
80546,9.17052E+18,9,5,76,127,2017,5,16,4,3,5,3,0,1,0,1,0,0,0,6.64474E+20,5.44753E+21,1.12559E+16,4.91585E+16
80547,9.17052E+18,9,5,74,112,2017,5,15,4,3,6,3,0,1,1,0,0,0,0,6.71209E+20,5.47345E+21,1.13593E+16,4.93897E+16
80548,9.17052E+18,9,5,63,0,2017,5,9,4,3,5,3,0,1,0,0,0,0,0,6.43937E+20,5.48151E+21,1.09867E+16,4.94691E+16
80549,9.17052E+18,9,5,64,0,2017,5,8,6,3,4,6,0,1,0,0,0,0,0,6.5565E+20,5.48228E+21,1.11485E+16,4.94732E+16
80550,9.17052E+18,9,5,64,0,2017,5,19,4,3,9,1,0,0,0,1,0,0,0,6.56643E+20,5.47648E+21,1.11599E+16,4.94209E+16
80551,9.17052E+18,9,5,77,115,2017,5,17,4,3,5,3,1,0,0,0,1,0,0,6.56169E+20,5.4368E+21,1.1138E+16,4.90643E+16
80552,9.17052E+18,9,5,64,0,2017,5,13,6,2,5,3,1,1,0,0,0,0,0,6.54022E+20,5.47799E+21,1.11244E+16,4.9435E+16
80553,9.17052E+18,9,5,71,225,2017,5,4,4,3,2,1,0,0,0,0,1,2,0,5.91018E+20,5.47519E+21,1.02551E+16,4.94226E+16
80554,9.17052E+18,9,5,64,0,2017,5,11,6,3,4,2,0,1,0,0,0,0,0,6.47594E+20,5.47847E+21,1.1036E+16,4.94409E+16
80555,9.17052E+18,9,5,71,166,2017,5,18,4,3,9,1,0,1,0,0,1,0,0,6.03418E+20,5.45062E+21,1.04196E+16,4.91997E+16
80556,9.17052E+18,9,5,73,114,2017,5,22,6,3,8,7,0,1,0,0,0,2,0,6.29088E+20,5.47889E+21,1.0781E+16,4.9449E+16
80557,9.17052E+18,9,5,71,136,2017,5,15,4,3,5,3,0,1,0,0,0,0,0,5.98409E+20,5.43546E+21,1.03472E+16,4.90641E+16
80558,9.17052E+18,9,5,71,114,2017,5,18,6,3,8,1,0,1,0,0,0,0,1,5.98257E+20,5.45519E+21,1.03499E+16,4.92416E+16
80559,9.17052E+18,9,5,71,179,2017,5,8,4,3,2,6,0,1,0,1,0,0,0,5.99106E+20,5.43068E+21,1.03556E+16,4.9021E+16
80560,9.17052E+18,9,5,71,174,2017,5,17,4,3,3,2,0,0,0,1,1,0,0,6.02128E+20,5.46424E+21,1.04054E+16,4.93223E+16
80561,9.17052E+18,9,4,71,111,2017,5,16,7,3,5,6,0,1,0,0,1,0,0,6.44674E+20,5.51805E+21,1.10103E+16,4.97975E+16
80562,9.17052E+18,9,5,71,193,2017,5,22,6,3,5,3,0,1,0,0,0,2,0,5.8583E+20,5.46931E+21,1.01823E+16,4.93704E+16
80563,9.17052E+18,9,5,75,153,2017,5,16,6,3,2,6,0,1,0,0,0,0,0,6.16017E+20,5.49298E+21,1.06049E+16,4.95782E+16
80564,9.17052E+18,9,5,75,135,2017,5,11,6,3,2,6,1,1,0,0,0,0,0,6.07314E+20,5.48704E+21,1.04829E+16,4.95264E+16
80565,9.17052E+18,9,5,61,0,2017,5,19,6,3,0,1,1,0,0,0,0,0,0,6.13253E+20,5.46119E+21,1.05576E+16,4.9293E+16
80566,9.17052E+18,9,5,71,113,2017,5,16,6,3,4,2,0,1,0,1,1,0,0,6.20068E+20,5.44107E+21,1.06453E+16,4.91108E+16
80567,9.17052E+18,9,4,79,166,2017,5,14,4,2,4,6,0,1,0,0,0,0,0,7.08576E+20,5.55266E+21,1.1916E+16,5.00895E+16
80568,9.17052E+18,9,4,79,158,2017,5,13,4,3,4,3,0,1,0,0,0,0,0,7.21594E+20,5.55146E+21,1.2097E+16,5.0074E+16
80569,9.17052E+18,9,4,73,144,2017,5,6,4,2,9,1,0,1,0,0,0,0,0,6.36767E+20,5.57896E+21,1.09223E+16,5.03468E+16
80570,9.17052E+18,9,4,72,127,2017,5,18,4,2,8,1,0,1,0,0,0,0,0,6.89828E+20,5.52436E+21,1.16402E+16,4.98416E+16
80571,9.17052E+18,9,4,77,142,2017,5,12,4,3,1,6,0,1,0,0,0,0,0,6.78538E+20,5.54558E+21,1.14932E+16,5.00357E+16
80572,9.17052E+18,9,4,71,155,2017,5,16,4,2,0,1,0,0,0,1,0,0,0,6.40611E+20,5.5334E+21,1.09595E+16,4.99364E+16
80573,9.17052E+18,9,4,71,159,2017,5,7,4,2,0,1,1,0,0,0,0,0,0,6.38023E+20,5.53257E+21,1.09232E+16,4.99296E+16
80574,9.17052E+18,9,3,62,0,2017,5,17,4,3,2,6,0,1,0,0,0,0,0,7.24655E+20,5.43508E+21,1.20734E+16,4.90276E+16
80575,9.17052E+18,9,3,75,117,2017,5,7,4,3,2,6,0,1,0,0,0,0,0,7.43956E+20,5.43251E+21,1.23354E+16,4.89972E+16
80576,9.17052E+18,9,3,72,112,2017,5,7,4,3,3,6,0,1,0,1,0,0,0,7.76748E+20,5.46497E+21,1.28051E+16,4.92748E+16
80577,9.17052E+18,9,3,72,167,2017,5,19,4,3,0,6,0,1,0,1,0,0,0,7.51839E+20,5.45024E+21,1.2454E+16,4.91533E+16
80578,9.17052E+18,9,3,72,150,2017,5,20,4,2,9,7,0,1,0,0,0,1,0,7.51321E+20,5.43913E+21,1.244E+16,4.90537E+16
80579,9.17052E+18,9,3,73,115,2017,5,7,4,3,5,3,0,1,0,0,0,0,0,6.89806E+20,5.43886E+21,1.1599E+16,4.90733E+16
80580,9.17052E+18,9,3,71,136,2017,5,9,4,3,2,2,0,1,0,0,1,0,0,7.11513E+20,5.47866E+21,1.19168E+16,4.94238E+16
80581,9.17052E+18,9,3,71,120,2017,5,22,4,3,9,7,0,1,0,0,0,2,0,7.13882E+20,5.46859E+21,1.1944E+16,4.93325E+16
80582,9.17052E+18,9,2,63,0,2017,5,14,4,2,4,6,0,1,0,0,0,0,0,7.59242E+20,5.42216E+21,1.25374E+16,4.88981E+16
80583,9.17052E+18,9,2,76,138,2017,5,12,4,3,0,6,0,1,0,0,0,0,0,8.02582E+20,5.43511E+21,1.31369E+16,4.89947E+16
80584,9.17052E+18,9,2,76,116,2017,5,9,4,3,2,6,0,1,0,0,0,0,0,7.99999E+20,5.42426E+21,1.30937E+16,4.88985E+16
80585,9.17052E+18,9,2,77,145,2017,5,11,4,3,3,6,1,1,0,0,0,0,0,7.94221E+20,5.35733E+21,1.29677E+16,4.83007E+16
80586,9.17052E+18,9,2,72,134,2017,5,21,4,2,9,1,0,1,0,0,0,1,0,8.38316E+20,5.42735E+21,1.36175E+16,4.89065E+16
80587,9.17052E+18,9,2,77,134,2017,5,15,4,3,3,6,0,1,0,0,1,0,0,7.74268E+20,5.36097E+21,1.27016E+16,4.83423E+16
80588,9.17052E+18,9,2,61,0,2017,5,16,4,3,0,1,1,0,0,0,0,0,0,7.35502E+20,5.38233E+21,1.21913E+16,4.85498E+16
80589,9.17052E+18,9,1,62,0,2017,5,18,4,2,0,6,0,0,0,1,0,0,0,6.86006E+20,5.33052E+21,1.14985E+16,4.81007E+16
80590,9.17052E+18,9,1,73,147,2017,5,17,4,2,6,4,0,1,1,0,0,0,0,6.8206E+20,5.3096E+21,1.14366E+16,4.79139E+16
80591,9.17052E+18,9,4,75,136,2017,5,19,6,3,8,1,0,1,0,0,0,2,1,6.98963E+20,5.5701E+21,1.17909E+16,5.02495E+16
80592,9.17052E+18,9,1,90,118,2017,5,16,4,3,8,6,1,0,0,1,0,0,0,6.3492E+20,5.2919E+21,1.08006E+16,4.77663E+16
80593,9.17052E+18,9,1,90,153,2017,5,14,4,3,0,1,0,1,0,1,1,0,0,6.76708E+20,5.28878E+21,1.13566E+16,4.77282E+16
80594,9.17052E+18,9,4,64,0,2017,5,12,6,3,1,6,0,1,0,0,0,0,0,7.06785E+20,5.57794E+21,1.19047E+16,5.03172E+16
80595,9.17052E+18,9,1,90,141,2017,5,19,4,3,6,6,1,0,1,0,0,0,0,6.78482E+20,5.29138E+21,1.13813E+16,4.77511E+16
80596,9.17052E+18,9,4,64,0,2017,5,15,6,3,0,3,1,1,0,0,0,0,0,7.06863E+20,5.57771E+21,1.19057E+16,5.03152E+16
80597,9.17052E+18,9,1,73,140,2017,5,18,4,3,2,6,0,1,0,0,0,0,0,6.98467E+20,5.29394E+21,1.16488E+16,4.77683E+16
80598,9.17052E+18,9,4,76,146,2017,5,13,6,2,6,4,0,1,1,0,0,0,0,6.6224E+20,5.56264E+21,1.12731E+16,5.01937E+16
80599,9.17052E+18,9,1,83,124,2017,5,20,4,3,0,1,0,0,0,1,0,0,0,7.5609E+20,5.34277E+21,1.24457E+16,4.81865E+16
80600,9.17052E+18,9,4,72,116,2017,5,17,6,3,3,2,0,1,0,0,1,0,0,6.90046E+20,5.54584E+21,1.16538E+16,5.00345E+16
80601,9.17052E+18,9,4,62,0,2017,5,13,6,3,5,7,0,1,0,1,0,0,0,6.8424E+20,5.53523E+21,1.15678E+16,4.9941E+16
80602,9.17052E+18,9,4,71,122,2017,5,19,6,3,8,1,0,1,0,0,0,0,1,6.14233E+20,5.51918E+21,1.05879E+16,4.98142E+16
80603,9.17052E+18,9,4,61,0,2017,5,8,6,3,4,2,0,1,0,0,0,0,0,6.39549E+20,5.52979E+21,1.09434E+16,4.99042E+16
80604,9.17052E+18,9,4,71,128,2017,5,0,6,3,8,1,0,1,0,0,0,2,1,6.05158E+20,5.52283E+21,1.04628E+16,4.98486E+16
80605,9.17052E+18,9,4,61,0,2017,5,13,6,3,6,4,0,1,1,0,0,0,0,6.36724E+20,5.53026E+21,1.09042E+16,4.99091E+16
80606,9.17052E+18,9,4,61,0,2017,5,15,6,3,3,2,1,1,0,0,0,0,0,6.35572E+20,5.52953E+21,1.08879E+16,4.99028E+16
80607,9.17052E+18,9,3,77,148,2017,5,7,6,3,2,6,0,1,0,0,0,0,0,7.16146E+20,5.53644E+21,1.20125E+16,4.99412E+16
80608,9.17052E+18,9,3,75,117,2017,5,10,6,3,2,6,0,0,0,0,1,0,0,7.43916E+20,5.4325E+21,1.23349E+16,4.89972E+16
80609,9.17052E+18,9,3,75,117,2017,5,14,6,3,2,6,0,1,0,0,0,0,0,7.33831E+20,5.4323E+21,1.21971E+16,4.89993E+16
80610,9.17052E+18,9,3,62,0,2017,5,17,6,3,5,2,1,1,0,0,0,0,1,7.27633E+20,5.4352E+21,1.21141E+16,4.90276E+16
80611,9.17052E+18,9,1,83,124,2017,5,20,4,3,4,6,0,1,0,1,0,0,0,7.5609E+20,5.34277E+21,1.24457E+16,4.81865E+16
80612,9.17052E+18,9,1,89,157,2017,5,14,4,3,4,1,0,1,0,0,0,0,0,7.63658E+20,5.32448E+21,1.2536E+16,4.80192E+16
80613,9.17052E+18,9,1,89,154,2017,5,16,4,3,5,3,0,1,0,0,0,0,0,7.699E+20,5.31898E+21,1.26161E+16,4.79672E+16
80614,9.17052E+18,9,1,83,120,2017,5,18,4,3,0,7,0,1,0,0,0,0,0,7.47962E+20,5.35055E+21,1.23411E+16,4.82596E+16
80615,9.17052E+18,9,1,83,128,2017,5,11,4,3,5,3,0,1,0,0,0,0,0,7.57876E+20,5.34967E+21,1.24739E+16,4.82477E+16
80616,9.17052E+18,9,1,71,118,2017,5,13,4,3,2,6,0,1,0,0,1,0,0,7.85792E+20,5.35028E+21,1.28495E+16,4.82412E+16
80617,9.17052E+18,9,1,71,132,2017,5,16,4,3,5,3,0,1,0,0,1,0,0,7.67671E+20,5.35247E+21,1.26073E+16,4.82688E+16
80618,9.17052E+18,9,1,87,132,2017,5,11,4,2,2,6,0,1,0,0,0,0,0,7.43856E+20,5.29909E+21,1.22566E+16,4.77989E+16
80619,9.17052E+18,9,1,63,0,2017,5,16,4,3,3,6,0,1,0,0,1,0,0,7.34478E+20,5.3044E+21,1.21344E+16,4.78501E+16
80620,9.17052E+18,9,1,87,157,2017,5,18,4,1,8,1,0,0,0,1,0,0,0,7.30253E+20,5.2847E+21,1.20676E+16,4.76747E+16
80621,9.17052E+18,9,1,82,127,2017,5,16,4,3,2,6,0,1,0,0,0,0,0,6.99915E+20,5.30965E+21,1.16754E+16,4.7909E+16
80622,9.17052E+18,9,1,82,137,2017,5,14,4,3,0,7,1,0,0,0,0,0,0,7.11401E+20,5.30293E+21,1.18256E+16,4.7845E+16
80623,9.17052E+18,9,1,82,120,2017,5,19,4,3,2,6,0,1,0,1,0,0,0,7.03504E+20,5.30726E+21,1.17222E+16,4.78864E+16
80624,9.17052E+18,9,1,86,137,2017,5,11,4,2,4,1,0,1,0,0,0,0,0,6.8038E+20,5.39705E+21,1.14516E+16,4.87004E+16
80625,9.17052E+18,9,1,76,126,2017,5,17,4,2,6,4,0,1,1,0,0,0,0,6.74025E+20,5.4089E+21,1.13703E+16,4.88087E+16
80626,9.17052E+18,9,2,71,146,2017,5,8,6,3,5,2,0,1,0,1,0,0,0,7.84541E+20,5.40985E+21,1.28733E+16,4.87765E+16
80627,9.17052E+18,9,1,61,0,2017,5,10,4,3,3,2,1,1,0,0,0,0,0,6.77463E+20,5.40148E+21,1.14139E+16,4.87411E+16
80628,9.17052E+18,9,2,71,151,2017,5,10,6,3,5,3,0,1,0,0,0,0,0,7.75824E+20,5.41389E+21,1.27576E+16,4.88167E+16
80629,9.17052E+18,9,2,75,153,2017,5,14,6,2,5,2,0,1,0,1,0,0,0,8.40599E+20,5.39235E+21,1.36196E+16,4.85914E+16
80630,9.17052E+18,9,2,75,114,2017,5,19,6,3,8,1,0,0,0,0,1,1,0,7.98897E+20,5.39207E+21,1.30554E+16,4.86103E+16
80631,9.17052E+18,9,2,75,114,2017,5,17,6,3,5,3,0,1,0,0,0,0,0,7.98897E+20,5.39209E+21,1.30554E+16,4.86104E+16
80632,9.17052E+18,9,2,77,154,2017,5,13,6,3,5,3,1,0,0,0,1,0,0,7.84888E+20,5.35652E+21,1.28416E+16,4.82976E+16
80633,9.17052E+18,9,2,75,133,2017,5,14,6,3,5,3,0,1,0,1,0,0,0,8.23313E+20,5.384E+21,1.33794E+16,4.85257E+16
80634,9.17052E+18,9,1,61,0,2017,5,5,4,3,3,2,1,1,0,0,0,1,0,6.78845E+20,5.4058E+21,1.14345E+16,4.87794E+16
80635,9.17052E+18,9,2,77,119,2017,5,15,6,3,9,1,0,1,0,0,0,0,0,7.77385E+20,5.37759E+21,1.27546E+16,4.84902E+16
80636,9.17052E+18,9,2,73,147,2017,5,17,6,3,3,6,0,1,0,0,0,0,1,6.99493E+20,5.39045E+21,1.17079E+16,4.86352E+16
80637,9.17052E+18,9,1,88,139,2017,5,22,6,2,2,6,0,1,0,0,0,2,1,6.80601E+20,5.31971E+21,1.14214E+16,4.80052E+16
80638,9.17052E+18,9,1,90,139,2017,5,23,6,2,9,7,0,1,0,0,0,2,0,6.57167E+20,5.29744E+21,1.10993E+16,4.78111E+16
80639,9.17052E+18,9,1,61,0,2017,5,8,4,3,1,6,0,1,0,0,0,0,0,6.76455E+20,5.40749E+21,1.14027E+16,4.87954E+16
80640,9.17052E+18,9,1,86,147,2017,5,19,4,3,5,2,0,1,0,0,0,1,0,6.82641E+20,5.39127E+21,1.14797E+16,4.86478E+16
80641,9.17052E+18,9,1,61,0,2017,5,7,4,3,3,6,0,1,0,1,0,0,0,6.7952E+20,5.40336E+21,1.14426E+16,4.87573E+16
80642,9.17052E+18,9,1,62,0,2017,5,19,4,3,2,6,0,1,0,0,1,1,0,6.86319E+20,5.33332E+21,1.15039E+16,4.81258E+16
80643,9.17052E+18,9,1,81,146,2017,5,14,4,2,3,6,0,1,0,0,1,0,0,6.51257E+20,5.32616E+21,1.10305E+16,4.80707E+16
80644,9.17052E+18,9,1,88,121,2017,5,8,4,3,2,6,0,1,0,0,0,0,0,6.70465E+20,5.32918E+21,1.12894E+16,4.80931E+16
80645,9.17052E+18,9,1,88,113,2017,5,18,4,2,0,7,1,0,0,0,0,0,0,6.76612E+20,5.31416E+21,1.13657E+16,4.79564E+16
80646,9.17052E+18,9,1,81,130,2017,5,14,4,2,5,3,0,1,0,1,0,0,0,6.42561E+20,5.32164E+21,1.09124E+16,4.80321E+16
80647,9.17052E+18,9,1,81,141,2017,5,7,4,3,2,2,0,1,0,0,0,0,0,6.44581E+20,5.31866E+21,1.09384E+16,4.80049E+16
80648,9.17052E+18,9,1,79,145,2017,5,13,4,3,5,3,1,1,0,0,0,0,0,6.73864E+20,5.33667E+21,1.1338E+16,4.81595E+16
80649,9.17052E+18,9,1,88,121,2017,5,18,4,3,5,3,0,1,0,0,0,0,0,6.71949E+20,5.32972E+21,1.13095E+16,4.80976E+16
80650,9.17052E+18,9,1,74,111,2017,5,16,4,2,3,2,0,0,0,1,1,0,0,6.66688E+20,5.35961E+21,1.12507E+16,4.83677E+16
80651,9.17052E+18,9,1,90,141,2017,5,13,6,3,2,6,0,1,0,0,0,0,0,6.78599E+20,5.29119E+21,1.13828E+16,4.77493E+16
80652,9.17052E+18,9,1,73,134,2017,5,16,6,3,5,3,0,1,0,0,0,0,1,6.85913E+20,5.29947E+21,1.14838E+16,4.78217E+16
80653,9.17052E+18,9,1,78,113,2017,5,11,4,3,2,6,0,0,0,0,1,0,0,6.91606E+20,5.36593E+21,1.15897E+16,4.84174E+16
80654,9.17052E+18,9,2,74,121,2017,5,19,4,2,8,1,0,0,0,1,0,0,0,7.2165E+20,5.37163E+21,1.19982E+16,4.84588E+16
80655,9.17052E+18,9,1,78,137,2017,5,13,4,3,1,1,1,1,0,0,0,0,0,6.92334E+20,5.3625E+21,1.15979E+16,4.83863E+16
80656,9.17052E+18,9,1,71,137,2017,5,18,6,2,8,1,0,1,0,0,0,0,1,7.68456E+20,5.35152E+21,1.26173E+16,4.82599E+16
80657,9.17052E+18,9,1,78,138,2017,5,17,4,3,5,2,0,1,0,1,0,0,0,7.1249E+20,5.36782E+21,1.18725E+16,4.84277E+16
80658,9.17052E+18,9,1,78,157,2017,5,14,4,2,8,1,0,1,0,0,0,0,0,7.06017E+20,5.37045E+21,1.17864E+16,4.84534E+16
80659,9.17052E+18,9,1,77,137,2017,5,16,4,3,2,6,0,0,0,1,1,0,0,7.3E+20,5.3474E+21,1.20977E+16,4.82381E+16
80660,9.17052E+18,9,1,84,145,2017,5,20,3,3,5,3,0,1,0,1,0,1,0,6.97817E+20,5.32433E+21,1.16541E+16,4.80416E+16
80661,9.17052E+18,9,1,84,132,2017,5,18,3,3,2,6,0,1,0,0,0,0,0,6.79978E+20,5.32726E+21,1.14162E+16,4.80732E+16