OBJECTID,UIDENTSTLA,ULAND,UREGBEZ,UKREIS,UGEMEINDE,UJAHR,UMONAT,USTUNDE,UWOCHENTAG,UKATEGORIE,UART,UTYP1,IstRad,IstPKW,IstFuss,IstKrad,IstSonstig,LICHT,STRZUSTAND,LINREFX,LINREFY,XGCSWGS84,YGCSWGS84
80662,9.17052E+18,9,1,84,145,2017,5,17,3,3,4,2,0,1,0,0,0,0,0,6.96497E+20,5.32258E+21,1.16356E+16,4.80262E+16
80663,9.17052E+18,9,1,84,121,2017,5,7,3,2,5,3,1,1,0,0,0,0,0,7.04342E+20,5.32873E+21,1.17436E+16,4.80791E+16
80664,9.17052E+18,9,1,84,119,2017,5,9,3,3,5,3,1,1,0,0,0,0,0,6.96402E+20,5.34662E+21,1.16454E+16,4.82424E+16
80665,9.17052E+18,9,1,89,161,2017,5,3,6,3,7,7,0,1,0,0,0,2,0,7.70456E+20,5.30565E+21,1.26152E+16,4.78472E+16
80666,9.17052E+18,9,1,62,0,2017,5,10,3,3,5,6,0,1,0,0,0,0,0,6.90221E+20,5.33902E+21,1.15588E+16,4.8176E+16
80667,9.17052E+18,9,1,89,154,2017,5,10,6,3,5,2,1,1,0,0,0,0,0,7.68235E+20,5.31882E+21,1.25938E+16,4.79664E+16
80668,9.17052E+18,9,1,62,0,2017,5,19,3,3,5,3,0,1,0,0,0,1,0,6.87947E+20,5.3431E+21,1.15301E+16,4.82133E+16
80669,9.17052E+18,9,1,83,120,2017,5,10,6,2,2,2,0,1,0,0,1,0,0,7.51634E+20,5.34779E+21,1.23889E+16,4.82334E+16
80670,9.17052E+18,9,1,62,0,2017,5,20,3,3,3,1,1,0,0,0,0,0,0,6.98175E+20,5.32981E+21,1.16614E+16,4.80907E+16
80671,9.17052E+18,9,1,71,113,2017,5,7,6,3,0,6,0,1,0,1,0,0,0,7.77269E+20,5.33697E+21,1.27263E+16,4.81255E+16
80672,9.17052E+18,9,1,84,114,2017,5,14,6,3,2,6,0,1,0,0,0,0,0,7.00686E+20,5.3158E+21,1.16886E+16,4.7964E+16
80673,9.17052E+18,9,1,87,177,2017,5,9,6,3,3,2,1,1,0,0,0,0,0,7.36009E+20,5.30564E+21,1.21555E+16,4.78607E+16
80674,9.17052E+18,9,1,87,128,2017,5,13,6,3,8,1,1,0,0,0,0,0,0,7.47947E+20,5.30963E+21,1.23172E+16,4.7892E+16
80675,9.17052E+18,9,1,87,117,2017,5,17,6,3,0,3,0,0,0,1,1,0,0,7.23492E+20,5.30621E+21,1.19887E+16,4.78703E+16
80676,9.17052E+18,9,1,61,0,2017,5,15,6,3,6,3,0,1,1,0,0,0,0,6.78582E+20,5.4029E+21,1.14297E+16,4.87534E+16
80677,9.17052E+18,9,7,75,129,2017,5,8,3,3,3,6,0,1,0,0,1,0,0,5.83687E+20,5.34038E+21,1.01265E+16,4.82111E+16
80678,9.17052E+18,9,7,74,135,2017,5,18,3,3,2,1,0,1,0,0,0,0,0,5.9357E+20,5.37016E+21,1.02661E+16,4.84776E+16
80679,9.17052E+18,9,7,80,120,2017,5,20,3,2,0,7,1,1,0,0,0,0,0,6.00709E+20,5.28366E+21,1.03423E+16,4.76985E+16
80680,9.17052E+18,9,7,80,125,2017,5,10,3,2,5,3,1,1,0,0,0,0,0,5.97143E+20,5.29277E+21,1.02968E+16,4.7781E+16
80681,9.17052E+18,9,7,80,143,2017,5,7,3,2,5,2,0,1,0,1,0,0,0,5.97963E+20,5.28173E+21,1.03053E+16,4.76816E+16
80682,9.17052E+18,9,7,80,131,2017,5,16,3,3,8,1,0,0,0,1,0,0,0,5.89654E+20,5.2541E+21,1.01889E+16,4.74342E+16
80683,9.17052E+18,9,7,76,125,2017,5,10,3,3,3,6,0,1,0,1,0,0,0,5.64912E+20,5.27156E+21,9.86344E+15,4.75942E+16
80684,9.17052E+18,9,7,76,116,2017,5,16,3,3,0,7,1,1,0,0,0,0,0,5.52941E+20,5.26689E+21,9.70366E+15,4.75533E+16
80685,9.17052E+18,9,7,77,124,2017,5,18,3,3,2,6,0,1,0,0,1,0,0,6.13273E+20,5.30842E+21,1.05161E+16,4.79191E+16
80686,9.17052E+18,9,7,77,130,2017,5,17,3,3,4,2,0,1,0,0,0,0,0,6.24604E+20,5.30895E+21,1.06679E+16,4.79217E+16
80687,9.17052E+18,9,7,80,124,2017,5,14,3,2,5,2,0,1,0,0,0,0,0,5.88422E+20,5.27165E+21,1.01761E+16,4.75922E+16
80688,9.17052E+18,9,7,79,194,2017,5,10,3,2,4,2,0,1,0,0,0,0,0,6.07831E+20,5.41312E+21,1.04702E+16,4.88617E+16
80689,9.17052E+18,9,4,75,158,2017,5,10,7,3,2,6,0,1,0,0,0,0,0,7.09271E+20,5.56956E+21,1.1935E+16,5.02411E+16
80690,9.17052E+18,9,7,73,139,2017,5,13,3,3,1,6,0,1,0,0,0,0,0,6.15534E+20,5.38608E+21,1.05676E+16,4.86171E+16
80691,9.17052E+18,9,7,73,136,2017,5,9,3,3,5,3,1,1,0,0,0,0,0,6.02434E+20,5.37931E+21,1.03883E+16,4.85585E+16
80692,9.17052E+18,9,7,73,144,2017,5,14,3,3,8,7,0,1,0,0,0,0,0,6.06779E+20,5.3798E+21,1.04473E+16,4.85622E+16
80693,9.17052E+18,9,7,72,131,2017,5,9,3,1,6,4,0,0,1,0,1,0,0,6.17719E+20,5.35588E+21,1.05887E+16,4.83451E+16
80694,9.17052E+18,9,7,72,168,2017,5,17,3,3,2,6,0,1,0,1,0,0,0,6.19122E+20,5.3472E+21,1.06052E+16,4.82668E+16
80695,9.17052E+18,9,7,71,130,2017,5,21,3,3,5,3,0,1,0,0,0,2,0,6.47033E+20,5.35755E+21,1.09847E+16,4.8354E+16
80696,9.17052E+18,9,7,61,0,2017,5,15,3,3,2,1,0,1,0,0,1,0,0,6.41286E+20,5.35233E+21,1.09055E+16,4.83083E+16
80697,9.17052E+18,9,7,61,0,2017,5,11,3,3,5,3,1,1,0,0,0,0,0,6.40837E+20,5.36048E+21,1.09021E+16,4.83818E+16
80698,9.17052E+18,9,7,61,0,2017,5,13,3,3,3,6,0,1,0,0,0,0,0,6.40377E+20,5.36039E+21,1.08959E+16,4.83811E+16
80699,9.17052E+18,9,6,75,127,2017,5,15,3,3,3,6,0,1,0,0,1,0,0,6.0823E+20,5.51379E+21,1.05029E+16,4.97668E+16
80700,9.17052E+18,9,1,61,0,2017,5,15,6,3,5,3,1,1,0,0,0,0,0,6.79314E+20,5.404E+21,1.14401E+16,4.87632E+16
80701,9.17052E+18,9,6,63,0,2017,5,15,3,3,1,6,0,1,0,0,0,0,0,5.69478E+20,5.51735E+21,9.96555E+15,4.98045E+16
80702,9.17052E+18,9,1,86,152,2017,5,17,6,2,5,3,0,1,0,0,0,0,1,6.90923E+20,5.38108E+21,1.15874E+16,4.85537E+16
80703,9.17052E+18,9,6,75,178,2017,5,21,3,2,2,7,0,1,0,1,0,2,0,5.992E+20,5.51743E+21,1.03785E+16,4.98011E+16
80704,9.17052E+18,9,6,75,141,2017,5,7,3,3,2,6,0,1,0,0,0,0,0,5.87019E+20,5.51505E+21,1.02088E+16,4.97816E+16
80705,9.17052E+18,9,4,75,127,2017,5,13,7,3,4,6,0,1,0,0,0,0,0,7.11492E+20,5.5786E+21,1.19711E+16,5.03215E+16
80706,9.17052E+18,9,1,85,153,2017,5,15,6,3,5,3,0,1,0,0,0,0,0,6.48758E+20,5.40078E+21,1.10234E+16,4.87422E+16
80707,9.17052E+18,9,1,85,149,2017,5,14,6,3,2,6,0,1,0,1,0,0,0,6.58669E+20,5.39963E+21,1.11577E+16,4.87295E+16
80708,9.17052E+18,9,1,61,0,2017,5,10,6,3,2,6,0,1,0,0,0,0,0,6.76205E+20,5.40453E+21,1.13981E+16,4.87688E+16
80709,9.17052E+18,9,1,76,165,2017,5,13,6,3,2,6,0,1,0,1,0,0,0,6.72372E+20,5.42134E+21,1.1353E+16,4.89209E+16
80710,9.17052E+18,9,1,62,0,2017,5,17,6,3,2,6,0,1,0,0,0,0,0,6.78172E+20,5.33485E+21,1.13952E+16,4.8142E+16
80711,9.17052E+18,9,1,81,124,2017,5,22,6,3,4,6,0,1,0,0,0,2,1,6.46748E+20,5.31954E+21,1.09678E+16,4.80123E+16
80712,9.17052E+18,9,1,81,130,2017,5,11,6,3,5,3,1,1,0,0,0,0,0,6.3937E+20,5.32293E+21,1.087E+16,4.80444E+16
80713,9.17052E+18,9,6,75,158,2017,5,18,3,3,3,2,0,1,0,0,0,0,0,5.97181E+20,5.52195E+21,1.03516E+16,4.98421E+16
80714,9.17052E+18,9,6,78,138,2017,5,13,3,3,8,1,0,1,0,0,0,0,0,5.98069E+20,5.53749E+21,1.03679E+16,4.99817E+16
80715,9.17052E+18,9,6,74,121,2017,5,15,3,3,9,7,0,1,0,0,0,0,0,6.17707E+20,5.55554E+21,1.06473E+16,5.01404E+16
80716,9.17052E+18,9,6,72,135,2017,5,17,3,2,4,2,0,1,0,1,0,0,0,5.83783E+20,5.56558E+21,1.01749E+16,5.02365E+16
80717,9.17052E+18,9,6,62,0,2017,5,16,3,3,5,3,1,1,0,0,0,0,0,5.87448E+20,5.54448E+21,1.02214E+16,5.00462E+16
80718,9.17052E+18,9,1,81,131,2017,5,23,6,2,8,1,0,1,0,0,0,2,0,6.36233E+20,5.33399E+21,1.08314E+16,4.81446E+16
80719,9.17052E+18,9,1,81,127,2017,5,15,6,2,5,3,0,0,0,0,1,0,0,6.36222E+20,5.32636E+21,1.08289E+16,4.8076E+16
80720,9.17052E+18,9,6,76,136,2017,5,23,3,3,4,1,0,1,0,0,0,2,0,5.15123E+20,5.52824E+21,9.2106E+15,4.99064E+16
80721,9.17052E+18,9,6,71,155,2017,5,7,3,3,5,3,1,1,0,0,0,0,0,5.05205E+20,5.53514E+21,9.07258E+15,4.99686E+16
80722,9.17052E+18,9,6,71,143,2017,5,18,3,3,8,1,0,0,0,1,0,0,0,5.12133E+20,5.54261E+21,9.16942E+15,5.00356E+16
80723,9.17052E+18,9,5,62,0,2017,5,17,3,3,2,6,0,1,0,0,0,0,0,6.43747E+20,5.49356E+21,1.09884E+16,4.95776E+16
80724,9.17052E+18,9,5,72,126,2017,5,16,3,2,2,6,0,0,0,0,1,0,0,6.33988E+20,5.50629E+21,1.08579E+16,4.96943E+16
80725,9.17052E+18,9,5,76,151,2017,5,16,3,3,0,1,0,0,0,1,0,0,0,6.60032E+20,5.47049E+21,1.12042E+16,4.93661E+16
80726,9.17052E+18,9,5,74,155,2017,5,18,3,3,3,6,0,1,0,0,0,0,0,6.72117E+20,5.49839E+21,1.13827E+16,4.96136E+16
80727,9.17052E+18,9,5,72,132,2017,5,14,3,3,4,6,0,1,0,0,0,0,0,6.36457E+20,5.4936E+21,1.08877E+16,4.95796E+16
80728,9.17052E+18,9,5,62,0,2017,5,12,3,2,5,3,1,1,0,0,0,0,0,6.4295E+20,5.49571E+21,1.09782E+16,4.95971E+16
80729,9.17052E+18,9,5,74,154,2017,5,12,3,3,0,1,1,1,0,0,0,0,0,6.62383E+20,5.48475E+21,1.12424E+16,4.94937E+16
80730,9.17052E+18,9,5,74,112,2017,5,16,3,3,2,6,0,1,0,0,0,0,0,6.69835E+20,5.47252E+21,1.134E+16,4.93816E+16
80731,9.17052E+18,9,5,63,0,2017,5,6,3,2,2,1,0,1,0,0,1,0,0,6.40457E+20,5.48303E+21,1.09392E+16,4.94837E+16
80732,9.17052E+18,9,5,64,0,2017,5,18,3,3,5,3,0,1,0,0,0,0,0,6.52151E+20,5.47751E+21,1.10984E+16,4.94312E+16
80733,9.17052E+18,9,1,74,143,2017,5,22,6,3,5,3,0,1,0,1,0,2,1,6.75959E+20,5.35204E+21,1.13726E+16,4.82971E+16
80734,9.17052E+18,9,5,64,0,2017,5,16,3,3,2,6,0,1,0,0,0,0,0,6.4919E+20,5.48137E+21,1.10591E+16,4.94666E+16
80735,9.17052E+18,9,5,64,0,2017,5,9,3,3,5,7,0,1,0,1,0,0,0,6.4776E+20,5.47397E+21,1.10366E+16,4.94005E+16
80736,9.17052E+18,9,1,74,113,2017,5,15,6,2,5,3,0,1,0,1,0,0,0,6.77501E+20,5.34672E+21,1.13911E+16,4.82488E+16
80737,9.17052E+18,9,1,74,131,2017,5,11,6,3,5,3,0,1,0,0,0,0,0,6.78365E+20,5.35744E+21,1.14073E+16,4.8345E+16
80738,9.17052E+18,9,1,84,121,2017,5,15,6,3,2,6,0,1,0,0,0,0,0,7.03803E+20,5.32891E+21,1.17365E+16,4.80808E+16
80739,9.17052E+18,9,1,77,116,2017,5,14,6,3,1,6,0,0,0,1,1,0,0,7.14303E+20,5.36569E+21,1.18959E+16,4.84079E+16
80740,9.17052E+18,9,1,78,143,2017,5,21,6,2,8,1,0,1,0,0,0,2,0,7.18317E+20,5.37141E+21,1.19531E+16,4.84579E+16
80741,9.17052E+18,9,1,77,119,2017,5,15,6,3,9,1,0,1,0,0,0,0,1,7.19941E+20,5.33989E+21,1.19586E+16,4.81742E+16
80742,9.17052E+18,9,1,75,121,2017,5,19,6,3,2,6,0,1,0,0,0,0,1,7.13571E+20,5.31883E+21,1.18625E+16,4.79871E+16
80743,9.17052E+18,9,1,75,121,2017,5,12,6,3,5,2,1,1,0,0,0,0,0,7.13563E+20,5.31882E+21,1.18623E+16,4.7987E+16
80744,9.17052E+18,9,1,77,127,2017,5,8,6,3,5,2,0,1,0,0,0,0,0,7.25682E+20,5.35312E+21,1.20427E+16,4.8291E+16
80745,9.17052E+18,9,1,84,123,2017,5,5,5,3,6,4,1,0,1,0,0,0,0,7.02228E+20,5.33216E+21,1.17169E+16,4.81106E+16
80746,9.17052E+18,9,1,62,0,2017,5,8,5,3,5,3,1,1,0,0,0,0,0,6.99322E+20,5.33304E+21,1.16783E+16,4.81194E+16
80747,9.17052E+18,9,5,64,0,2017,5,16,3,3,5,3,1,1,0,0,0,0,0,6.47676E+20,5.47615E+21,1.10363E+16,4.94201E+16
80748,9.17052E+18,9,5,64,0,2017,5,12,3,3,5,3,1,0,0,0,1,0,0,6.53508E+20,5.48032E+21,1.11182E+16,4.94562E+16
80749,9.17052E+18,9,5,77,138,2017,5,18,3,2,9,1,0,0,0,1,0,0,0,6.29121E+20,5.44724E+21,1.07712E+16,4.91644E+16
80750,9.17052E+18,9,5,77,136,2017,5,6,3,3,5,3,0,1,0,0,0,0,0,6.2718E+20,5.44134E+21,1.07427E+16,4.91118E+16
80751,9.17052E+18,9,5,71,193,2017,5,7,3,2,5,3,1,0,0,0,1,0,0,5.85822E+20,5.46931E+21,1.01822E+16,4.93704E+16
80752,9.17052E+18,9,5,75,153,2017,5,16,3,3,3,2,0,1,0,1,0,0,0,6.16435E+20,5.49152E+21,1.06102E+16,4.9565E+16
80753,9.17052E+18,9,5,71,165,2017,5,17,3,3,5,3,0,1,0,0,0,0,0,6.33975E+20,5.46336E+21,1.08432E+16,4.93083E+16
80754,9.17052E+18,9,5,71,114,2017,5,12,3,2,9,1,0,1,0,0,0,0,0,6.01814E+20,5.45269E+21,1.03981E+16,4.92185E+16
80755,9.17052E+18,9,5,71,115,2017,5,18,3,3,2,6,0,1,0,0,0,0,0,6.12176E+20,5.44527E+21,1.05383E+16,4.915E+16
80756,9.17052E+18,9,5,61,0,2017,5,13,3,3,4,2,0,1,0,1,0,0,0,6.15291E+20,5.46183E+21,1.05858E+16,4.92983E+16
80757,9.17052E+18,9,4,79,169,2017,5,7,3,3,0,1,1,0,0,0,0,0,0,7.15344E+20,5.54711E+21,1.20073E+16,5.00373E+16
80758,9.17052E+18,9,1,84,137,2017,5,12,5,3,2,6,0,1,0,0,0,0,0,7.0631E+20,5.31687E+21,1.17643E+16,4.79718E+16
80759,9.17052E+18,9,4,79,136,2017,5,10,3,3,5,3,0,1,0,0,0,0,0,7.19193E+20,5.54432E+21,1.20594E+16,5.00108E+16
80760,9.17052E+18,9,7,78,221,2017,5,11,5,2,0,7,1,0,0,0,0,0,0,5.95711E+20,5.33872E+21,1.02879E+16,4.81945E+16
80761,9.17052E+18,9,4,79,159,2017,5,9,3,3,4,6,0,0,0,0,1,0,0,7.2285E+20,5.55421E+21,1.21161E+16,5.00983E+16
80762,9.17052E+18,9,7,75,111,2017,5,6,5,3,5,3,1,0,0,0,1,0,0,5.83039E+20,5.33382E+21,1.01165E+16,4.81522E+16
80763,9.17052E+18,9,4,73,170,2017,5,16,3,2,5,3,0,1,0,0,0,0,0,6.40339E+20,5.5624E+21,1.09663E+16,5.01971E+16
80764,9.17052E+18,9,4,73,165,2017,5,18,3,2,4,1,0,1,0,1,0,0,0,6.31027E+20,5.563E+21,1.08361E+16,5.02047E+16
80765,9.17052E+18,9,4,77,121,2017,5,16,3,3,5,3,1,1,0,0,0,0,0,6.86615E+20,5.54841E+21,1.16073E+16,5.00587E+16
80766,9.17052E+18,9,4,72,116,2017,5,17,3,3,4,1,1,0,0,0,0,0,0,6.91536E+20,5.54756E+21,1.16755E+16,5.00494E+16
80767,9.17052E+18,9,7,75,129,2017,5,17,5,1,5,2,0,1,0,1,0,0,0,5.82015E+20,5.34007E+21,1.01039E+16,4.82085E+16
80768,9.17052E+18,9,7,80,143,2017,5,16,5,3,2,6,0,1,0,0,0,0,0,5.98135E+20,5.28205E+21,1.03076E+16,4.76844E+16
80769,9.17052E+18,9,7,76,116,2017,5,16,5,3,8,1,1,0,0,0,0,0,0,5.52599E+20,5.26683E+21,9.6991E+15,4.75528E+16
80770,9.17052E+18,9,4,71,145,2017,5,6,3,2,5,3,0,1,0,0,0,0,0,6.42453E+20,5.52157E+21,1.09808E+16,4.98296E+16
80771,9.17052E+18,9,7,76,116,2017,5,14,5,3,5,7,1,1,0,0,0,0,0,5.51684E+20,5.26764E+21,9.68704E+15,4.75601E+16
80772,9.17052E+18,9,3,77,141,2017,5,18,3,3,5,3,0,1,0,1,0,0,0,7.32492E+20,5.53812E+21,1.2241E+16,4.99501E+16
80773,9.17052E+18,9,7,79,155,2017,5,10,5,3,5,3,1,1,0,0,0,0,0,6.20559E+20,5.40565E+21,1.06415E+16,4.87922E+16
80774,9.17052E+18,9,3,77,141,2017,5,19,3,3,5,3,1,0,0,0,1,0,0,7.33064E+20,5.53796E+21,1.22489E+16,4.99484E+16
80775,9.17052E+18,9,3,74,123,2017,5,17,3,1,5,3,0,1,0,1,0,0,0,7.49147E+20,5.50997E+21,1.24547E+16,4.96907E+16
80776,9.17052E+18,9,3,74,149,2017,5,9,3,2,4,2,0,1,0,0,0,0,0,7.10559E+20,5.51669E+21,1.1924E+16,4.97657E+16
80777,9.17052E+18,9,7,72,184,2017,5,12,5,3,5,2,1,1,0,0,0,0,0,6.34869E+20,5.36246E+21,1.08222E+16,4.84009E+16
80778,9.17052E+18,9,7,61,0,2017,5,18,5,3,8,7,1,0,0,0,0,0,0,6.41388E+20,5.35751E+21,1.09086E+16,4.83549E+16
80779,9.17052E+18,9,7,61,0,2017,5,20,5,2,0,1,1,0,0,0,0,0,0,6.41309E+20,5.35585E+21,1.09069E+16,4.834E+16
80780,9.17052E+18,9,7,71,113,2017,5,10,5,3,6,4,0,1,1,0,0,0,0,6.58096E+20,5.37009E+21,1.11387E+16,4.84641E+16
80781,9.17052E+18,9,7,71,155,2017,5,19,5,3,2,2,0,1,0,0,1,0,0,6.48899E+20,5.37427E+21,1.10158E+16,4.85039E+16
80782,9.17052E+18,9,6,79,144,2017,5,10,5,2,2,6,0,0,0,0,1,0,0,5.50728E+20,5.51349E+21,9.7045E+15,4.97717E+16
80783,9.17052E+18,9,3,73,147,2017,5,9,3,3,2,6,0,1,0,0,1,0,0,6.85788E+20,5.46338E+21,1.15553E+16,4.92949E+16
80784,9.17052E+18,9,3,75,199,2017,5,22,3,2,9,1,0,0,0,1,0,2,0,7.18953E+20,5.43275E+21,1.19942E+16,4.90087E+16
80785,9.17052E+18,9,3,75,175,2017,5,17,3,3,2,6,0,1,0,1,0,0,0,7.18141E+20,5.43522E+21,1.19845E+16,4.90312E+16
80786,9.17052E+18,9,3,75,190,2017,5,17,3,2,8,1,0,0,0,1,0,0,0,7.30968E+20,5.45661E+21,1.21719E+16,4.92187E+16
80787,9.17052E+18,9,5,71,224,2017,5,18,7,3,2,6,0,1,0,1,0,0,0,6.03296E+20,5.42947E+21,1.04125E+16,4.90095E+16
80788,9.17052E+18,9,3,73,113,2017,5,7,3,3,5,3,1,1,0,0,0,0,0,6.77195E+20,5.46735E+21,1.1439E+16,4.93332E+16
80789,9.17052E+18,9,2,71,141,2017,5,17,3,3,1,6,0,1,0,1,0,0,0,7.95645E+20,5.40224E+21,1.30186E+16,4.8703E+16
80790,9.17052E+18,9,2,75,126,2017,5,16,3,3,5,3,0,1,0,1,0,0,0,8.41987E+20,5.39672E+21,1.3642E+16,4.86299E+16
80791,9.17052E+18,9,2,62,0,2017,5,17,3,3,2,6,0,1,0,0,0,0,0,8.2819E+20,5.38977E+21,1.34498E+16,4.85749E+16
80792,9.17052E+18,9,2,74,127,2017,5,19,3,2,4,6,0,0,0,1,1,0,0,7.37779E+20,5.39914E+21,1.22317E+16,4.86999E+16
80793,9.17052E+18,9,2,74,176,2017,5,8,3,3,4,6,0,1,0,0,0,0,0,7.23096E+20,5.39746E+21,1.20316E+16,4.86902E+16
80794,9.17052E+18,9,2,79,113,2017,5,14,3,2,6,4,0,1,1,0,0,0,0,7.84051E+20,5.39389E+21,1.28557E+16,4.86334E+16
80795,9.17052E+18,9,2,79,135,2017,5,13,3,3,0,7,0,1,0,0,1,0,0,7.74552E+20,5.38761E+21,1.27229E+16,4.85813E+16
80796,9.17052E+18,9,2,73,111,2017,5,17,3,3,0,7,1,0,0,0,0,0,0,7.08926E+20,5.41066E+21,1.1846E+16,4.88138E+16
80797,9.17052E+18,9,1,90,131,2017,5,17,3,2,2,6,0,1,0,0,0,0,0,6.61018E+20,5.29328E+21,1.11492E+16,4.77727E+16
80798,9.17052E+18,9,1,90,132,2017,5,17,3,3,5,3,1,1,0,0,0,0,0,6.749E+20,5.29392E+21,1.13346E+16,4.77749E+16
80799,9.17052E+18,9,6,79,205,2017,5,7,5,3,4,2,0,1,0,0,1,0,0,5.55999E+20,5.5139E+21,9.77776E+15,4.9775E+16
80800,9.17052E+18,9,1,73,118,2017,5,17,3,3,5,3,1,1,0,0,0,0,0,6.92709E+20,5.31074E+21,1.15795E+16,4.7921E+16
80801,9.17052E+18,9,1,89,154,2017,5,17,3,3,1,6,0,1,0,0,1,0,0,7.6476E+20,5.32076E+21,1.25485E+16,4.79853E+16
80802,9.17052E+18,9,1,72,111,2017,5,15,3,2,6,4,0,1,1,0,0,0,0,7.95347E+20,5.30319E+21,1.29455E+16,4.78142E+16
80803,9.17052E+18,9,1,83,128,2017,5,15,3,3,4,6,0,1,0,0,0,0,0,7.62545E+20,5.3487E+21,1.25361E+16,4.82371E+16
80804,9.17052E+18,9,1,63,0,2017,5,6,3,3,2,6,0,1,0,1,0,0,0,7.32931E+20,5.30797E+21,1.21157E+16,4.78827E+16
80805,9.17052E+18,9,1,87,128,2017,5,16,3,3,5,3,0,1,0,0,0,0,0,7.46916E+20,5.31082E+21,1.23041E+16,4.79031E+16
80806,9.17052E+18,9,1,87,157,2017,5,14,3,2,9,1,0,0,0,1,0,0,0,7.34925E+20,5.28307E+21,1.21289E+16,4.76583E+16
80807,9.17052E+18,9,1,82,116,2017,5,10,3,3,2,6,0,1,0,0,0,0,0,7.06007E+20,5.29168E+21,1.17483E+16,4.77456E+16
80808,9.17052E+18,9,1,87,122,2017,5,18,3,3,0,2,0,1,0,1,0,0,0,7.19472E+20,5.31274E+21,1.19383E+16,4.79304E+16
80809,9.17052E+18,9,1,76,126,2017,5,14,3,3,8,1,1,0,0,0,0,0,0,6.74562E+20,5.40586E+21,1.13763E+16,4.87812E+16
80810,9.17052E+18,9,1,61,0,2017,5,19,3,2,0,7,1,0,0,0,0,0,0,6.78924E+20,5.4022E+21,1.1434E+16,4.87471E+16
80811,9.17052E+18,9,6,79,143,2017,5,15,5,3,5,3,0,1,0,0,0,0,0,5.71584E+20,5.52909E+21,9.99699E+15,4.99099E+16
80812,9.17052E+18,9,1,86,137,2017,5,15,3,3,2,6,0,1,0,0,0,0,0,6.8281E+20,5.39821E+21,1.14851E+16,4.87101E+16
80813,9.17052E+18,9,6,79,138,2017,5,8,5,3,2,6,0,1,0,0,1,0,0,5.68384E+20,5.49939E+21,9.94721E+15,4.96431E+16
80814,9.17052E+18,9,1,76,123,2017,5,14,3,3,5,3,0,1,0,0,0,0,0,6.63405E+20,5.42025E+21,1.12303E+16,4.89136E+16
80815,9.17052E+18,9,1,81,132,2017,5,15,3,3,5,2,0,1,0,0,0,0,0,6.41118E+20,5.32674E+21,1.08947E+16,4.80783E+16
80816,9.17052E+18,9,1,88,121,2017,5,7,3,3,5,3,1,1,0,0,0,0,0,6.72636E+20,5.33069E+21,1.13191E+16,4.81061E+16
80817,9.17052E+18,9,6,77,114,2017,5,15,5,3,2,6,0,1,0,0,0,0,0,5.73983E+20,5.53484E+21,1.00315E+16,4.99613E+16
80818,9.17052E+18,9,6,74,147,2017,5,7,5,3,1,6,0,1,0,0,0,0,0,6.07219E+20,5.54331E+21,1.04971E+16,5.00324E+16
80819,9.17052E+18,9,6,73,114,2017,5,6,5,2,4,1,0,1,0,0,0,0,0,5.86603E+20,5.57405E+21,1.02163E+16,5.03122E+16
80820,9.17052E+18,9,5,71,136,2017,5,19,7,1,4,1,0,0,0,1,1,1,0,5.93869E+20,5.43573E+21,1.02851E+16,4.90673E+16
80821,9.17052E+18,9,6,62,0,2017,5,13,5,3,5,3,0,1,0,0,0,0,0,5.87444E+20,5.54448E+21,1.02213E+16,5.00462E+16
80822,9.17052E+18,9,5,64,0,2017,5,5,5,3,3,6,0,1,0,0,1,0,0,6.50281E+20,5.4671E+21,1.10687E+16,4.93381E+16
80823,9.17052E+18,9,5,72,121,2017,5,17,5,3,0,7,1,0,0,0,0,0,0,6.59814E+20,5.49502E+21,1.12111E+16,4.95866E+16
80824,9.17052E+18,9,5,74,156,2017,5,18,5,3,8,7,0,1,0,0,0,0,0,6.59454E+20,5.48494E+21,1.12021E+16,4.94962E+16
80825,9.17052E+18,9,1,79,123,2017,5,16,3,3,2,6,0,1,0,0,0,0,0,6.77368E+20,5.33226E+21,1.13833E+16,4.81189E+16
80826,9.17052E+18,9,1,81,139,2017,5,12,3,3,2,6,1,1,0,0,0,0,0,6.55985E+20,5.32578E+21,1.10938E+16,4.80662E+16
80827,9.17052E+18,9,1,84,112,2017,5,14,3,3,2,6,0,1,0,0,1,0,0,7.01234E+20,5.34092E+21,1.17077E+16,4.81896E+16
80828,9.17052E+18,9,1,84,129,2017,5,20,3,3,9,1,0,1,0,0,0,0,0,6.99874E+20,5.3243E+21,1.16817E+16,4.80407E+16
80829,9.17052E+18,9,5,75,112,2017,5,5,7,2,9,1,0,1,0,0,0,1,0,6.04069E+20,5.48365E+21,1.04372E+16,4.94965E+16
80830,9.17052E+18,9,1,78,124,2017,5,17,3,3,9,1,0,1,0,0,0,0,0,7.02514E+20,5.35891E+21,1.17335E+16,4.83509E+16
80831,9.17052E+18,9,1,75,139,2017,5,8,3,2,5,3,0,1,0,1,0,0,0,7.09693E+20,5.3294E+21,1.18157E+16,4.80834E+16
80832,9.17052E+18,9,3,76,119,2017,5,16,7,1,5,2,1,1,0,0,0,0,0,7.18758E+20,5.45349E+21,1.20028E+16,4.91951E+16
80833,9.17052E+18,9,1,77,144,2017,5,8,3,3,2,6,0,1,0,0,0,0,0,7.14948E+20,5.34761E+21,1.18954E+16,4.82452E+16