OBJECTID,UIDENTSTLA,ULAND,UREGBEZ,UKREIS,UGEMEINDE,UJAHR,UMONAT,USTUNDE,UWOCHENTAG,UKATEGORIE,UART,UTYP1,IstRad,IstPKW,IstFuss,IstKrad,IstSonstig,LICHT,STRZUSTAND,LINREFX,LINREFY,XGCSWGS84,YGCSWGS84
81007,9.17052E+18,9,2,63,0,2017,5,17,4,3,5,3,0,1,0,1,0,0,0,7.66709E+20,5.42101E+21,1.26384E+16,4.88846E+16
81008,9.17052E+18,9,2,71,146,2017,5,15,4,3,5,3,1,1,0,0,0,0,0,7.85453E+20,5.41076E+21,1.28863E+16,4.87843E+16
81009,9.17052E+18,9,2,75,153,2017,5,6,4,2,8,1,0,1,0,0,0,0,1,8.44547E+20,5.39305E+21,1.36736E+16,4.85956E+16
81010,9.17052E+18,9,2,77,145,2017,5,22,4,3,4,2,0,1,0,0,0,2,1,7.98838E+20,5.35389E+21,1.30274E+16,4.82676E+16
81011,9.17052E+18,9,2,74,128,2017,5,14,4,2,2,6,0,1,0,0,1,0,0,7.35762E+20,5.3865E+21,1.21972E+16,4.85872E+16
81012,9.17053E+18,9,2,75,111,2017,5,17,6,3,9,1,0,1,0,0,0,0,0,8.15335E+20,5.40234E+21,1.32856E+16,4.86943E+16
81013,9.17052E+18,9,2,73,152,2017,5,16,4,3,0,3,1,1,0,0,0,0,0,7.0254E+20,5.41031E+21,1.17589E+16,4.88127E+16
81014,9.17052E+18,9,1,73,147,2017,5,10,4,3,5,3,0,1,0,0,0,0,0,6.81424E+20,5.30802E+21,1.14275E+16,4.78998E+16
81015,9.17053E+18,9,2,77,145,2017,5,9,6,3,3,2,1,1,0,0,0,0,0,7.98494E+20,5.35357E+21,1.30225E+16,4.82649E+16
81016,9.17052E+18,9,1,80,125,2017,5,16,4,3,2,2,0,1,0,0,0,0,0,6.53946E+20,5.27394E+21,1.1048E+16,4.76006E+16
81017,9.17053E+18,9,2,75,128,2017,5,13,6,3,1,2,0,1,0,0,0,0,0,8.29599E+20,5.40055E+21,1.34774E+16,4.86709E+16
81018,9.17052E+18,9,1,80,117,2017,5,19,4,3,5,3,0,1,0,1,0,1,1,6.57568E+20,5.26396E+21,1.10926E+16,4.751E+16
81019,9.17053E+18,9,2,75,133,2017,5,12,6,2,4,6,0,1,0,0,1,0,0,8.25399E+20,5.38512E+21,1.34085E+16,4.85347E+16
81020,9.17052E+18,9,1,73,133,2017,5,14,4,3,8,1,0,0,0,1,0,0,0,6.80519E+20,5.28492E+21,1.14058E+16,4.76925E+16
81021,9.17053E+18,9,2,75,130,2017,5,10,6,3,5,3,0,1,0,0,0,0,0,8.14696E+20,5.36373E+21,1.32478E+16,4.83482E+16
81022,9.17052E+18,9,1,89,145,2017,5,16,4,3,2,6,0,1,0,0,0,0,0,7.75604E+20,5.30348E+21,1.26825E+16,4.78255E+16
81023,9.17052E+18,9,1,89,145,2017,5,17,4,3,2,6,0,1,0,0,0,0,1,7.79139E+20,5.30418E+21,1.27301E+16,4.78303E+16
81024,9.17052E+18,9,2,73,165,2017,5,1,1,3,9,1,0,1,0,0,0,2,0,7.16515E+20,5.41156E+21,1.19497E+16,4.88193E+16
81025,9.17052E+18,9,6,76,145,2017,5,12,7,3,5,3,1,1,0,0,0,0,0,5.10384E+20,5.52082E+21,9.14442E+15,4.98397E+16
81026,9.17052E+18,9,2,73,165,2017,5,1,1,1,7,6,0,1,0,0,0,2,0,7.16438E+20,5.41138E+21,1.19485E+16,4.88176E+16
81027,9.17052E+18,9,1,89,155,2017,5,14,4,3,0,7,0,0,0,1,1,0,1,7.71581E+20,5.30641E+21,1.26307E+16,4.78536E+16
81028,9.17052E+18,9,1,72,122,2017,5,7,4,3,1,6,1,1,0,0,0,0,0,7.938E+20,5.31688E+21,1.29342E+16,4.79378E+16
81029,9.17052E+18,9,1,71,112,2017,5,13,4,3,0,1,0,0,0,1,0,0,0,7.85046E+20,5.34117E+21,1.28334E+16,4.81598E+16
81030,9.17052E+18,9,1,72,114,2017,5,9,4,3,7,7,0,0,0,1,0,0,0,7.88371E+20,5.29224E+21,1.28452E+16,4.77191E+16
81031,9.17052E+18,9,1,71,137,2017,5,13,4,2,5,3,0,1,0,0,1,0,0,7.72019E+20,5.35116E+21,1.2665E+16,4.82552E+16
81032,9.17052E+18,9,1,87,165,2017,5,16,4,3,3,3,0,1,0,0,1,0,0,7.29956E+20,5.30014E+21,1.20718E+16,4.78135E+16
81033,9.17052E+18,9,1,87,132,2017,5,19,4,3,8,7,0,1,0,0,0,0,0,7.43347E+20,5.29899E+21,1.22497E+16,4.77982E+16
81034,9.17052E+18,9,2,73,165,2017,5,1,1,3,1,6,0,1,0,0,0,2,0,7.16438E+20,5.41138E+21,1.19485E+16,4.88177E+16
81035,9.17052E+18,9,2,74,194,2017,5,16,1,3,9,1,0,0,0,1,0,0,0,7.1925E+20,5.38019E+21,1.19703E+16,4.85364E+16
81036,9.17052E+18,9,1,80,134,2017,5,16,1,2,5,3,0,1,0,1,0,0,0,6.56937E+20,5.28634E+21,1.10922E+16,4.77114E+16
81037,9.17052E+18,9,1,90,129,2017,5,23,1,2,5,3,0,1,0,0,0,2,0,6.41966E+20,5.30122E+21,1.08976E+16,4.78486E+16
81038,9.17053E+18,9,2,72,136,2017,5,19,6,3,5,3,0,1,0,1,0,0,0,8.48022E+20,5.40763E+21,1.37328E+16,4.87244E+16
81039,9.17053E+18,9,2,74,127,2017,5,17,6,3,2,6,0,1,0,1,0,0,0,7.36547E+20,5.39514E+21,1.22127E+16,4.86644E+16
81040,9.17053E+18,9,2,73,119,2017,5,14,6,1,4,6,0,1,0,0,0,0,0,7.08392E+20,5.40583E+21,1.18363E+16,4.87705E+16
81041,9.17053E+18,9,2,74,194,2017,5,8,6,2,3,6,1,1,0,0,0,0,0,7.19304E+20,5.37701E+21,1.19693E+16,4.85079E+16
81042,9.17052E+18,9,1,87,150,2017,5,17,4,3,5,3,0,1,0,1,0,0,0,7.29601E+20,5.30336E+21,1.20688E+16,4.78426E+16
81043,9.17052E+18,9,1,87,169,2017,5,14,4,1,5,3,1,1,0,0,1,0,0,7.37413E+20,5.29809E+21,1.21701E+16,4.77923E+16
81044,9.17052E+18,9,1,87,130,2017,5,17,4,3,2,6,0,1,0,0,1,0,0,7.10504E+20,5.31109E+21,1.18176E+16,4.79186E+16
81045,9.17052E+18,9,1,87,122,2017,5,13,4,3,8,1,0,1,0,0,0,0,0,7.1581E+20,5.30872E+21,1.18874E+16,4.78955E+16
81046,9.17052E+18,9,1,90,148,2017,5,19,1,2,4,6,0,1,0,1,0,0,0,6.41002E+20,5.29826E+21,1.08838E+16,4.78222E+16
81047,9.17052E+18,9,1,61,0,2017,5,17,4,3,5,2,1,1,0,0,0,0,0,6.7966E+20,5.40556E+21,1.14455E+16,4.87771E+16
81048,9.17052E+18,9,1,90,145,2017,5,11,1,2,9,1,1,0,0,0,0,0,0,6.46602E+20,5.28595E+21,1.09544E+16,4.77103E+16
81049,9.17052E+18,9,1,61,0,2017,5,6,4,3,1,6,0,1,0,0,0,0,0,6.78267E+20,5.40913E+21,1.14281E+16,4.88095E+16
81050,9.17052E+18,9,1,61,0,2017,5,8,4,3,2,6,0,1,0,0,0,0,0,6.76742E+20,5.40417E+21,1.14052E+16,4.87654E+16
81051,9.17052E+18,9,1,86,149,2017,5,19,4,2,0,1,0,0,0,1,0,0,0,6.85736E+20,5.38814E+21,1.15203E+16,4.86187E+16
81052,9.17052E+18,9,1,61,0,2017,5,17,4,3,2,6,0,1,0,0,0,0,0,6.74972E+20,5.40531E+21,1.13816E+16,4.87762E+16
81053,9.17052E+18,9,1,76,120,2017,5,17,4,3,1,6,0,1,0,0,0,0,0,6.80125E+20,5.42249E+21,1.14593E+16,4.89291E+16
81054,9.17052E+18,9,1,74,146,2017,5,0,4,3,0,6,0,1,0,0,1,2,0,6.68341E+20,5.35005E+21,1.12691E+16,4.82812E+16
81055,9.17052E+18,9,1,79,121,2017,5,13,4,3,5,2,1,1,0,0,0,0,0,6.68186E+20,5.33837E+21,1.12624E+16,4.81763E+16
81056,9.17052E+18,9,1,79,134,2017,5,19,4,3,2,6,0,1,0,0,0,0,0,6.67389E+20,5.34277E+21,1.12534E+16,4.82161E+16
81057,9.17052E+18,9,1,81,115,2017,5,14,4,2,4,6,0,1,0,0,0,0,0,6.55931E+20,5.32673E+21,1.10934E+16,4.80748E+16
81058,9.17053E+18,9,2,74,126,2017,5,18,6,3,2,6,0,1,0,0,0,0,0,7.33638E+20,5.38329E+21,1.21666E+16,4.85591E+16
81059,9.17052E+18,9,1,74,122,2017,5,7,4,3,0,1,0,0,0,1,0,0,0,6.84776E+20,5.35436E+21,1.14924E+16,4.83154E+16
81060,9.17053E+18,9,2,73,152,2017,5,17,6,3,8,1,0,0,0,1,0,0,0,7.03786E+20,5.41581E+21,1.17786E+16,4.88618E+16
81061,9.17052E+18,9,1,84,112,2017,5,16,4,3,2,6,0,1,0,0,0,0,0,7.00869E+20,5.34107E+21,1.17029E+16,4.81911E+16
81062,9.17053E+18,9,2,73,111,2017,5,22,6,3,9,1,0,1,0,0,0,2,0,7.09955E+20,5.41039E+21,1.18598E+16,4.8811E+16
81063,9.17052E+18,9,1,62,0,2017,5,16,3,3,2,6,0,1,0,1,0,0,0,6.84895E+20,5.332E+21,1.14842E+16,4.81144E+16
81064,9.17052E+18,9,1,84,147,2017,5,18,3,3,2,6,0,1,0,0,0,0,0,6.95532E+20,5.33991E+21,1.16306E+16,4.81823E+16
81065,9.17052E+18,9,1,84,130,2017,5,8,3,3,2,6,0,1,0,0,0,0,0,7.00247E+20,5.34318E+21,1.16955E+16,4.82103E+16
81066,9.17052E+18,9,1,62,0,2017,5,18,3,3,5,2,1,1,0,0,0,0,0,6.91274E+20,5.33189E+21,1.15698E+16,4.81115E+16
81067,9.17052E+18,9,1,84,135,2017,5,9,3,3,1,6,0,1,0,0,1,0,0,6.89682E+20,5.34732E+21,1.15553E+16,4.82507E+16
81068,9.17053E+18,9,2,79,112,2017,5,13,6,3,2,6,0,1,0,1,0,0,0,7.57001E+20,5.39399E+21,1.24893E+16,4.8646E+16
81069,9.17052E+18,9,7,78,203,2017,5,9,3,3,2,6,0,1,0,0,0,0,0,6.21969E+20,5.32202E+21,1.06364E+16,4.80399E+16
81070,9.17052E+18,9,7,75,135,2017,5,8,3,2,4,2,1,1,0,0,0,0,0,5.81441E+20,5.36112E+21,1.01003E+16,4.83979E+16
81071,9.17053E+18,9,1,88,139,2017,5,16,6,3,3,6,0,1,0,0,1,0,0,6.80559E+20,5.32177E+21,1.14217E+16,4.80237E+16
81072,9.17052E+18,9,7,75,139,2017,5,12,3,3,4,2,0,1,0,0,0,0,0,5.80608E+20,5.36649E+21,1.009E+16,4.84464E+16
81073,9.17053E+18,9,1,90,158,2017,5,14,6,2,4,2,1,1,0,0,0,0,0,6.53157E+20,5.30313E+21,1.10478E+16,4.78633E+16
81074,9.17052E+18,9,7,78,173,2017,5,20,3,3,2,6,0,1,0,0,0,0,0,6.14299E+20,5.32031E+21,1.0533E+16,4.80259E+16
81075,9.17053E+18,9,1,73,133,2017,5,13,6,2,8,1,0,0,0,1,0,0,0,6.76969E+20,5.27822E+21,1.13558E+16,4.76332E+16
81076,9.17052E+18,9,7,64,0,2017,5,16,3,3,0,7,1,0,0,0,0,0,0,5.88345E+20,5.31211E+21,1.01833E+16,4.79562E+16
81077,9.17053E+18,9,1,73,145,2017,5,22,6,3,8,7,0,1,0,0,0,2,0,6.87907E+20,5.29136E+21,1.15069E+16,4.77482E+16
81078,9.17052E+18,9,7,74,118,2017,5,17,3,1,5,2,0,0,0,1,1,0,0,5.93312E+20,5.3639E+21,1.02612E+16,4.84214E+16
81079,9.17052E+18,9,7,74,118,2017,5,20,3,3,5,3,0,1,0,1,0,0,0,5.92714E+20,5.36522E+21,1.02534E+16,4.84333E+16
81080,9.17052E+18,9,5,72,126,2017,5,10,7,3,2,6,0,1,0,0,0,0,0,6.33908E+20,5.50652E+21,1.08569E+16,4.96963E+16
81081,9.17052E+18,9,1,89,142,2017,5,14,1,2,8,1,0,0,0,1,0,0,0,7.4963E+20,5.32954E+21,1.23512E+16,4.80702E+16
81082,9.17052E+18,9,1,82,120,2017,5,14,1,3,2,6,0,1,0,0,0,0,0,7.02965E+20,5.31E+21,1.17163E+16,4.79112E+16
81083,9.17052E+18,9,1,87,186,2017,5,10,1,2,1,6,0,1,0,1,0,0,0,7.30379E+20,5.33379E+21,1.20955E+16,4.81157E+16
81084,9.17053E+18,9,1,83,118,2017,5,13,6,3,1,4,0,0,1,1,0,0,0,7.43211E+20,5.33857E+21,1.22703E+16,4.81538E+16
81085,9.17053E+18,9,1,89,142,2017,5,18,6,2,4,2,1,1,0,0,0,0,0,7.53767E+20,5.33333E+21,1.24089E+16,4.81026E+16
81086,9.17053E+18,9,1,89,143,2017,5,6,6,3,2,6,0,1,0,0,0,0,0,7.5946E+20,5.31903E+21,1.24766E+16,4.79719E+16
81087,9.17053E+18,9,1,87,116,2017,5,11,6,3,4,6,0,1,0,0,1,0,0,7.46197E+20,5.33342E+21,1.23074E+16,4.81064E+16
81088,9.17053E+18,9,1,87,126,2017,5,9,6,2,2,6,0,1,0,1,1,0,0,7.41893E+20,5.32274E+21,1.22437E+16,4.80121E+16
81089,9.17052E+18,9,7,63,0,2017,5,19,3,3,5,3,0,1,0,0,0,0,0,5.99263E+20,5.28773E+21,1.03239E+16,4.77353E+16
81090,9.17052E+18,9,1,86,122,2017,5,4,1,3,8,1,0,1,0,0,0,2,0,6.91179E+20,5.3955E+21,1.15975E+16,4.86832E+16
81091,9.17052E+18,9,1,88,139,2017,5,13,1,2,0,1,1,0,0,0,0,0,0,6.77606E+20,5.31932E+21,1.13811E+16,4.80025E+16
81092,9.17052E+18,9,7,63,0,2017,5,21,3,2,5,2,1,1,0,0,0,2,0,5.98823E+20,5.28647E+21,1.03178E+16,4.7724E+16
81093,9.17052E+18,9,7,77,171,2017,5,20,3,3,5,3,0,1,0,0,0,0,0,6.26412E+20,5.28627E+21,1.06855E+16,4.77174E+16
81094,9.17052E+18,9,7,62,0,2017,5,11,3,2,0,2,0,1,0,1,0,0,0,6.19705E+20,5.30348E+21,1.06008E+16,4.78735E+16
81095,9.17052E+18,9,7,80,115,2017,5,13,3,3,2,3,0,1,0,0,0,0,0,5.94674E+20,5.26456E+21,1.02577E+16,4.75275E+16
81096,9.17052E+18,9,7,73,112,2017,5,11,3,2,5,3,0,1,0,0,0,0,0,5.99355E+20,5.38703E+21,1.03484E+16,4.86284E+16
81097,9.17052E+18,9,7,72,148,2017,5,21,3,3,0,7,1,0,0,0,0,2,0,6.28265E+20,5.35442E+21,1.07306E+16,4.83299E+16
81098,9.17052E+18,9,7,72,149,2017,5,18,3,3,5,3,0,1,0,0,0,0,0,6.37748E+20,5.34031E+21,1.08539E+16,4.82011E+16
81099,9.17052E+18,9,7,72,177,2017,5,13,3,3,9,7,0,1,0,0,0,0,0,6.35724E+20,5.37579E+21,1.08381E+16,4.85205E+16
81100,9.17052E+18,9,7,72,125,2017,5,19,3,3,5,3,0,1,0,0,0,0,0,6.3674E+20,5.34646E+21,1.08423E+16,4.82566E+16
81101,9.17052E+18,9,7,61,0,2017,5,13,3,3,8,7,0,1,0,0,0,0,0,6.36404E+20,5.36087E+21,1.08424E+16,4.83863E+16
81102,9.17052E+18,9,7,61,0,2017,5,18,3,3,2,2,0,1,0,0,0,0,0,6.4413E+20,5.3589E+21,1.0946E+16,4.83668E+16
81103,9.17052E+18,9,1,81,132,2017,5,15,1,2,0,7,1,0,0,0,0,0,0,6.43317E+20,5.32608E+21,1.0924E+16,4.80719E+16
81104,9.17052E+18,9,6,79,144,2017,5,11,3,2,2,7,0,0,0,0,1,0,0,5.50387E+20,5.51334E+21,9.69974E+15,4.97704E+16
81105,9.17052E+18,9,6,79,144,2017,5,7,3,2,2,6,0,0,0,0,1,0,0,5.51448E+20,5.51372E+21,9.71453E+15,4.97738E+16
81106,9.17052E+18,9,1,81,127,2017,5,17,1,3,2,6,0,1,0,0,0,0,0,6.36344E+20,5.3267E+21,1.08306E+16,4.8079E+16
81107,9.17052E+18,9,6,79,201,2017,5,16,3,3,6,4,0,1,1,0,0,0,0,5.74803E+20,5.52457E+21,1.00409E+16,4.98689E+16
81108,9.17052E+18,9,1,74,121,2017,5,19,1,2,5,3,1,1,0,0,0,0,0,6.9067E+20,5.35561E+21,1.15723E+16,4.83249E+16
81109,9.17052E+18,9,6,77,127,2017,5,17,3,3,9,1,0,0,0,1,0,0,0,5.582E+20,5.53694E+21,9.81179E+15,4.99819E+16
81110,9.17052E+18,9,6,74,164,2017,5,18,3,3,9,1,0,0,0,1,0,0,0,6.12324E+20,5.54858E+21,1.05699E+16,5.00789E+16
81111,9.17052E+18,9,6,74,149,2017,5,13,3,2,7,7,0,0,0,1,0,0,0,6.09868E+20,5.55389E+21,1.05371E+16,5.0127E+16
81112,9.17052E+18,9,6,76,133,2017,5,13,3,3,2,6,0,1,0,0,0,0,0,5.12023E+20,5.524E+21,9.16731E+15,4.98682E+16
81113,9.17052E+18,9,6,76,139,2017,5,11,3,3,5,3,1,1,0,0,0,0,0,5.17153E+20,5.50569E+21,9.23789E+15,4.97035E+16
81114,9.17052E+18,9,6,61,0,2017,5,16,3,3,1,6,0,1,0,0,0,0,0,5.10154E+20,5.5307E+21,9.14147E+15,4.99286E+16
81115,9.17052E+18,9,6,61,0,2017,5,8,3,3,2,2,1,1,0,0,0,0,0,5.1257E+20,5.53454E+21,9.17526E+15,4.99631E+16
81116,9.17052E+18,9,6,71,122,2017,5,17,3,3,5,3,1,1,0,0,0,0,0,5.02761E+20,5.5267E+21,9.03843E+15,4.98927E+16
81117,9.17052E+18,9,6,61,0,2017,5,8,3,3,5,2,1,1,0,0,0,0,0,5.09745E+20,5.5352E+21,9.13589E+15,4.99691E+16
81118,9.17053E+18,9,1,87,138,2017,5,13,6,2,4,6,0,1,0,0,0,0,0,7.55993E+20,5.31034E+21,1.2425E+16,4.78953E+16
81119,9.17052E+18,9,6,61,0,2017,5,16,3,3,5,3,0,1,0,0,0,0,0,5.09187E+20,5.53323E+21,9.12806E+15,4.99513E+16
81120,9.17052E+18,9,6,71,111,2017,5,7,3,2,5,3,0,1,0,1,0,0,0,5.08013E+20,5.54986E+21,9.11204E+15,5.0101E+16
81121,9.17053E+18,9,1,87,157,2017,5,19,6,3,8,1,0,0,0,1,0,0,0,7.30211E+20,5.28473E+21,1.2067E+16,4.76749E+16
81122,9.17052E+18,9,5,76,151,2017,5,10,3,3,2,6,0,1,0,0,1,0,0,6.55421E+20,5.472E+21,1.11414E+16,4.93809E+16
81123,9.17053E+18,9,1,82,137,2017,5,11,6,2,3,6,0,1,0,1,0,0,0,7.11302E+20,5.30122E+21,1.18235E+16,4.78296E+16
81124,9.17052E+18,9,5,72,133,2017,5,14,3,3,5,3,1,0,0,0,1,0,0,6.38374E+20,5.50181E+21,1.09171E+16,4.9653E+16
81125,9.17053E+18,9,1,87,154,2017,5,15,6,2,5,3,1,1,0,0,0,0,0,7.34674E+20,5.29683E+21,1.21329E+16,4.7782E+16
81126,9.17052E+18,9,5,72,132,2017,5,8,3,3,5,3,1,1,0,0,0,0,0,6.35515E+20,5.49205E+21,1.08741E+16,4.95659E+16
81127,9.17052E+18,9,1,78,124,2017,5,19,1,3,9,1,0,1,0,0,0,0,0,7.02797E+20,5.35889E+21,1.17373E+16,4.83506E+16
81128,9.17052E+18,9,1,78,142,2017,5,11,1,3,0,1,1,0,0,0,0,0,0,7.14546E+20,5.37714E+21,1.19051E+16,4.85107E+16
81129,9.17052E+18,9,1,78,124,2017,5,13,1,2,9,2,0,0,0,1,0,0,0,7.00973E+20,5.36458E+21,1.17155E+16,4.84023E+16
81130,9.17053E+18,9,1,82,134,2017,5,9,6,2,5,2,0,1,0,1,0,0,0,7.0104E+20,5.29446E+21,1.16834E+16,4.77721E+16
81131,9.17053E+18,9,1,82,111,2017,5,9,6,2,6,7,0,1,1,0,0,0,0,7.04431E+20,5.28795E+21,1.17255E+16,4.77126E+16
81132,9.17053E+18,9,1,87,179,2017,5,20,6,2,8,1,0,0,0,1,0,0,0,7.23221E+20,5.31118E+21,1.19877E+16,4.79151E+16
81133,9.17053E+18,9,1,61,0,2017,5,9,6,3,1,6,1,1,0,0,0,0,0,6.79047E+20,5.40529E+21,1.14371E+16,4.87748E+16
81134,9.17053E+18,9,1,86,137,2017,5,3,6,2,9,1,0,1,0,0,0,2,0,6.84972E+20,5.39715E+21,1.1514E+16,4.87E+16
81135,9.17053E+18,9,1,61,0,2017,5,7,6,2,2,6,1,0,0,0,0,0,0,6.75816E+20,5.40467E+21,1.13928E+16,4.87702E+16
81136,9.17053E+18,9,1,86,143,2017,5,19,6,3,2,6,0,1,0,1,0,0,0,6.84674E+20,5.3773E+21,1.15011E+16,4.85216E+16
81137,9.17053E+18,9,1,86,162,2017,5,11,6,3,1,3,0,0,0,1,1,0,0,6.93342E+20,5.3873E+21,1.1623E+16,4.86089E+16
81138,9.17053E+18,9,1,88,139,2017,5,11,6,3,5,2,1,0,0,0,1,0,0,6.74613E+20,5.31917E+21,1.1341E+16,4.8002E+16
81139,9.17053E+18,9,1,81,130,2017,5,14,6,3,0,6,1,0,0,0,1,0,0,6.3945E+20,5.32305E+21,1.08711E+16,4.80455E+16
81140,9.17053E+18,9,1,81,131,2017,5,17,6,2,0,2,0,1,0,1,0,0,0,6.34484E+20,5.33303E+21,1.08076E+16,4.81363E+16
81141,9.17052E+18,9,5,62,0,2017,5,10,3,3,5,3,1,1,0,0,0,0,0,6.44093E+20,5.49414E+21,1.09934E+16,4.95826E+16
81142,9.17052E+18,9,5,62,0,2017,5,23,3,3,4,6,0,1,0,0,0,2,0,6.44023E+20,5.48951E+21,1.09908E+16,4.9541E+16
81143,9.17052E+18,9,1,75,131,2017,5,14,1,3,7,7,0,0,0,1,0,0,0,7.11183E+20,5.32177E+21,1.1832E+16,4.80143E+16
81144,9.17052E+18,9,5,65,0,2017,5,7,3,3,5,3,1,1,0,0,0,0,0,6.47364E+20,5.466E+21,1.10282E+16,4.93289E+16
81145,9.17052E+18,9,1,62,0,2017,5,15,7,3,5,3,0,1,0,0,0,0,0,6.81978E+20,5.33542E+21,1.14465E+16,4.8146E+16
81146,9.17052E+18,9,5,74,156,2017,5,10,3,2,0,7,1,0,0,0,0,0,0,6.58667E+20,5.48201E+21,1.119E+16,4.947E+16
81147,9.17052E+18,9,5,74,152,2017,5,7,3,3,2,6,0,1,0,1,0,0,0,6.65454E+20,5.48343E+21,1.12842E+16,4.9481E+16
81148,9.17052E+18,9,5,76,127,2017,5,13,3,3,5,3,0,1,0,0,0,0,0,6.59046E+20,5.45116E+21,1.1183E+16,4.91926E+16
81149,9.17052E+18,9,5,74,123,2017,5,10,3,2,5,3,1,1,0,0,0,0,0,6.6181E+20,5.47228E+21,1.12294E+16,4.93817E+16
81150,9.17052E+18,9,5,64,0,2017,5,0,3,3,8,1,0,1,0,0,0,2,0,6.47552E+20,5.4803E+21,1.10361E+16,4.94574E+16
81151,9.17052E+18,9,5,75,145,2017,5,18,3,3,2,2,0,1,0,0,0,0,0,6.20956E+20,5.48287E+21,1.06701E+16,4.94864E+16
81152,9.17052E+18,9,4,78,145,2017,5,7,3,3,6,4,0,1,1,0,0,0,0,6.53764E+20,5.55941E+21,1.11531E+16,5.01669E+16
81153,9.17052E+18,9,4,76,183,2017,5,12,3,3,4,6,1,0,0,0,1,0,0,6.71593E+20,5.57093E+21,1.14077E+16,5.02655E+16
81154,9.17052E+18,9,4,73,120,2017,5,9,3,3,5,3,0,1,0,0,0,0,0,6.42989E+20,5.57234E+21,1.10072E+16,5.02859E+16
81155,9.17052E+18,9,4,72,176,2017,5,17,3,2,0,1,0,0,0,1,0,0,0,6.67741E+20,5.52782E+21,1.13348E+16,4.98792E+16
81156,9.17052E+18,9,4,61,0,2017,5,16,3,3,2,6,0,1,0,1,0,0,0,6.37819E+20,5.53012E+21,1.09194E+16,4.99076E+16
81157,9.17052E+18,9,3,74,165,2017,5,17,3,3,2,6,0,1,0,0,0,0,0,7.35941E+20,5.50682E+21,1.227E+16,4.96677E+16
81158,9.17053E+18,9,1,88,120,2017,5,16,6,3,4,2,1,1,0,0,0,0,0,6.7663E+20,5.32659E+21,1.1371E+16,4.80682E+16
81159,9.17052E+18,9,3,77,159,2017,5,17,3,3,2,2,1,1,0,0,0,0,0,7.29072E+20,5.53268E+21,1.21902E+16,4.99026E+16
81160,9.17053E+18,9,1,74,131,2017,5,17,6,3,2,1,0,1,0,0,0,0,0,6.76906E+20,5.3539E+21,1.13861E+16,4.83135E+16
81161,9.17052E+18,9,1,62,0,2017,5,17,7,2,4,6,1,0,0,0,0,0,0,6.92047E+20,5.34067E+21,1.15841E+16,4.81902E+16
81162,9.17052E+18,9,2,79,112,2017,5,13,7,3,0,7,0,0,1,1,0,0,0,7.54095E+20,5.39435E+21,1.24502E+16,4.86505E+16
81163,9.17053E+18,9,1,74,115,2017,5,17,6,3,0,1,1,0,0,0,0,0,0,6.80964E+20,5.34813E+21,1.14383E+16,4.82605E+16
81164,9.17053E+18,9,1,78,120,2017,5,13,6,3,8,5,0,1,0,0,0,0,0,6.95652E+20,5.35343E+21,1.16385E+16,4.83038E+16
81165,9.17053E+18,9,1,78,145,2017,5,18,6,3,0,1,0,1,0,0,1,0,0,6.9703E+20,5.35428E+21,1.16574E+16,4.8311E+16
81166,9.17053E+18,9,1,77,113,2017,5,14,6,3,5,3,0,1,0,0,0,0,0,7.24858E+20,5.35827E+21,1.20344E+16,4.83376E+16
81167,9.17053E+18,9,1,62,0,2017,5,18,5,3,3,2,1,1,0,0,0,0,0,6.89935E+20,5.33955E+21,1.15552E+16,4.81808E+16
81168,9.17052E+18,9,3,75,190,2017,5,14,3,3,1,6,0,1,0,0,1,0,0,7.26636E+20,5.44539E+21,1.21062E+16,4.91196E+16
81169,9.17052E+18,9,1,84,132,2017,5,10,7,3,1,6,0,1,0,0,0,0,0,6.83991E+20,5.32933E+21,1.14709E+16,4.80907E+16
81170,9.17052E+18,9,7,78,218,2017,5,16,7,2,8,1,0,1,0,0,0,0,0,5.93076E+20,5.30517E+21,1.02452E+16,4.78931E+16
81171,9.17052E+18,9,7,75,152,2017,5,12,7,3,2,6,0,1,0,0,0,0,0,5.77487E+20,5.35271E+21,1.00453E+16,4.83228E+16
81172,9.17052E+18,9,7,74,122,2017,5,11,7,3,4,2,0,1,0,0,0,0,0,6.07378E+20,5.35693E+21,1.04495E+16,4.83564E+16
81173,9.17053E+18,9,1,62,0,2017,5,22,5,2,0,6,1,0,0,0,0,2,0,6.89311E+20,5.34098E+21,1.15475E+16,4.81938E+16
81174,9.17053E+18,9,1,62,0,2017,5,18,5,3,1,5,1,1,0,0,0,0,0,6.85588E+20,5.3353E+21,1.14949E+16,4.81439E+16
81175,9.17053E+18,9,7,77,121,2017,5,8,5,2,8,1,0,1,0,0,0,0,0,6.27781E+20,5.32059E+21,1.07139E+16,4.80258E+16
81176,9.17053E+18,9,7,75,135,2017,5,13,5,3,2,2,0,1,0,0,0,0,0,5.77821E+20,5.36213E+21,1.00516E+16,4.84075E+16
81177,9.17052E+18,9,7,76,130,2017,5,14,7,3,0,1,0,0,0,1,0,0,0,5.53961E+20,5.26969E+21,9.71755E+15,4.75783E+16
81178,9.17052E+18,9,3,73,151,2017,5,18,3,2,8,1,0,1,0,0,0,0,0,6.99416E+20,5.44782E+21,1.17348E+16,4.91508E+16