OBJECTID,UIDENTSTLA,ULAND,UREGBEZ,UKREIS,UGEMEINDE,UJAHR,UMONAT,USTUNDE,UWOCHENTAG,UKATEGORIE,UART,UTYP1,IstRad,IstPKW,IstFuss,IstKrad,IstSonstig,LICHT,STRZUSTAND,LINREFX,LINREFY,XGCSWGS84,YGCSWGS84
81179,9.17052E+18,9,3,76,170,2017,5,6,3,3,2,1,0,1,0,0,0,0,0,7.27793E+20,5.45963E+21,1.21301E+16,4.9247E+16
81180,9.17052E+18,9,3,61,0,2017,5,15,3,3,5,3,1,1,0,0,0,0,0,7.08015E+20,5.48031E+21,1.18695E+16,4.94398E+16
81181,9.17052E+18,9,3,76,117,2017,5,10,3,3,1,1,0,1,0,0,1,0,0,7.40051E+20,5.46123E+21,1.22992E+16,4.92567E+16
81182,9.17052E+18,9,2,78,123,2017,5,7,3,2,5,3,0,0,0,1,1,0,0,7.48555E+20,5.4115E+21,1.23854E+16,4.88067E+16
81183,9.17052E+18,9,2,76,129,2017,5,22,3,3,8,1,0,1,0,0,0,2,0,8.02869E+20,5.43711E+21,1.31423E+16,4.90125E+16
81184,9.17052E+18,9,2,76,116,2017,5,18,3,3,8,6,0,1,0,0,0,0,0,7.95811E+20,5.42936E+21,1.30404E+16,4.89464E+16
81185,9.17052E+18,9,2,78,139,2017,5,6,3,2,5,3,0,1,0,1,0,0,0,7.70769E+20,5.428E+21,1.26983E+16,4.89456E+16
81186,9.17052E+18,9,2,72,152,2017,5,14,3,2,0,7,1,0,0,0,0,0,0,8.13157E+20,5.41014E+21,1.3262E+16,4.87654E+16
81187,9.17052E+18,9,2,72,151,2017,5,17,3,3,1,1,0,1,0,0,0,0,0,8.38385E+20,5.40301E+21,1.35984E+16,4.86882E+16
81188,9.17052E+18,9,2,77,121,2017,5,12,3,2,9,6,0,1,0,0,0,0,0,7.69533E+20,5.37111E+21,1.26443E+16,4.84354E+16
81189,9.17052E+18,9,2,77,124,2017,5,17,3,3,4,6,0,1,0,0,0,0,0,7.80875E+20,5.36919E+21,1.2796E+16,4.84132E+16
81190,9.17053E+18,9,7,64,0,2017,5,17,5,3,5,2,1,1,0,0,0,0,0,5.88162E+20,5.31652E+21,1.01818E+16,4.79959E+16
81191,9.17053E+18,9,7,78,130,2017,5,20,5,3,0,7,0,1,0,0,0,0,0,5.96989E+20,5.32789E+21,1.03026E+16,4.80969E+16
81192,9.17052E+18,9,2,79,112,2017,5,5,3,3,2,6,0,1,0,0,1,0,0,7.5391E+20,5.39427E+21,1.24476E+16,4.86498E+16
81193,9.17052E+18,9,2,79,112,2017,5,6,3,3,2,6,0,1,0,0,0,0,0,7.54177E+20,5.39441E+21,1.24513E+16,4.8651E+16
81194,9.17052E+18,9,2,74,172,2017,5,9,3,3,5,3,0,1,0,0,0,0,0,7.18165E+20,5.39437E+21,1.1963E+16,4.86642E+16
81195,9.17053E+18,9,7,75,162,2017,5,11,5,3,4,2,0,1,0,0,0,0,0,5.80859E+20,5.34648E+21,1.00896E+16,4.82664E+16
81196,9.17052E+18,9,2,73,125,2017,5,11,3,3,8,1,0,1,0,0,0,0,0,7.20996E+20,5.41592E+21,1.2013E+16,4.88568E+16
81197,9.17052E+18,9,2,74,126,2017,5,5,3,3,5,2,0,1,0,1,0,1,0,7.33072E+20,5.38282E+21,1.21587E+16,4.85551E+16
81198,9.17052E+18,9,2,74,128,2017,5,15,3,3,5,3,0,1,0,0,1,0,0,7.38132E+20,5.38939E+21,1.22309E+16,4.86122E+16
81199,9.17052E+18,9,2,79,122,2017,5,15,3,3,0,7,0,0,0,1,1,0,0,7.71496E+20,5.39816E+21,1.26884E+16,4.86774E+16
81200,9.17052E+18,9,2,73,152,2017,5,8,3,2,5,3,0,1,0,0,0,0,0,7.05073E+20,5.40995E+21,1.17932E+16,4.88087E+16
81201,9.17052E+18,9,2,73,137,2017,5,6,3,3,8,2,0,1,0,0,0,0,0,7.11952E+20,5.4226E+21,1.18933E+16,4.892E+16
81202,9.17052E+18,9,1,90,153,2017,5,14,3,2,5,3,1,1,0,0,0,0,0,6.76723E+20,5.2898E+21,1.13572E+16,4.77373E+16
81203,9.17052E+18,9,1,83,124,2017,5,7,3,3,4,6,0,1,0,0,0,0,0,7.574E+20,5.34173E+21,1.24627E+16,4.81766E+16
81204,9.17053E+18,9,7,75,162,2017,5,22,5,3,7,1,1,0,0,0,0,2,0,5.78976E+20,5.34727E+21,1.00644E+16,4.82737E+16
81205,9.17052E+18,9,1,89,145,2017,5,14,3,3,2,6,0,1,0,0,0,0,0,7.734E+20,5.30163E+21,1.26519E+16,4.78099E+16
81206,9.17053E+18,9,7,74,119,2017,5,15,5,3,0,1,0,0,0,1,0,0,0,5.88001E+20,5.36526E+21,1.01897E+16,4.84343E+16
81207,9.17052E+18,9,1,83,128,2017,5,7,3,3,5,3,0,1,0,0,0,0,0,7.61378E+20,5.34906E+21,1.25206E+16,4.82408E+16
81208,9.17053E+18,9,7,63,0,2017,5,10,5,3,4,6,1,0,0,0,0,0,0,5.97686E+20,5.28876E+21,1.03031E+16,4.77448E+16
81209,9.17052E+18,9,1,72,116,2017,5,16,3,3,8,7,0,1,0,0,0,0,0,8.02136E+20,5.2845E+21,1.3023E+16,4.76433E+16
81210,9.17052E+18,9,7,79,226,2017,5,18,7,3,8,7,1,0,0,0,0,0,0,6.18474E+20,5.41387E+21,1.06155E+16,4.88664E+16
81211,9.17052E+18,9,7,79,129,2017,5,14,7,3,4,2,1,1,0,0,0,0,0,6.40873E+20,5.4059E+21,1.0918E+16,4.87902E+16
81212,9.17053E+18,9,7,77,171,2017,5,14,5,1,8,1,0,0,0,1,0,0,0,6.26768E+20,5.28582E+21,1.06901E+16,4.77133E+16
81213,9.17053E+18,9,7,62,0,2017,5,14,5,3,0,1,0,0,0,1,0,0,0,6.21708E+20,5.30354E+21,1.06276E+16,4.78736E+16
81214,9.17053E+18,9,7,62,0,2017,5,1,5,3,9,1,0,1,0,0,0,2,1,6.22513E+20,5.30669E+21,1.06393E+16,4.79018E+16
81215,9.17053E+18,9,7,80,137,2017,5,8,5,3,5,3,0,1,0,1,0,0,0,5.99673E+20,5.27111E+21,1.03256E+16,4.75857E+16
81216,9.17053E+18,9,7,73,182,2017,5,9,5,3,5,3,0,1,0,1,0,0,0,6.2515E+20,5.38003E+21,1.06962E+16,4.85609E+16
81217,9.17053E+18,9,7,72,115,2017,5,20,5,2,0,6,1,0,0,0,0,0,0,6.15742E+20,5.36843E+21,1.05655E+16,4.84584E+16
81218,9.17052E+18,9,1,63,0,2017,5,7,3,2,4,2,1,1,0,0,0,0,0,7.34855E+20,5.30493E+21,1.21397E+16,4.78548E+16
81219,9.17052E+18,9,1,87,169,2017,5,19,3,3,2,6,0,1,0,0,0,0,0,7.40173E+20,5.29859E+21,1.22072E+16,4.77958E+16
81220,9.17052E+18,9,1,87,150,2017,5,12,3,3,5,3,0,1,0,0,0,0,0,7.28804E+20,5.30434E+21,1.20586E+16,4.78516E+16
81221,9.17052E+18,9,1,86,137,2017,5,13,3,3,6,3,0,1,1,0,0,0,0,6.83404E+20,5.39907E+21,1.14935E+16,4.87177E+16
81222,9.17052E+18,9,1,61,0,2017,5,16,3,3,5,3,1,1,0,0,0,0,0,6.72503E+20,5.40329E+21,1.13472E+16,4.87587E+16
81223,9.17052E+18,9,1,86,143,2017,5,15,3,3,2,6,0,1,0,0,0,0,0,6.88061E+20,5.3826E+21,1.15493E+16,4.85682E+16
81224,9.17052E+18,9,1,85,149,2017,5,10,3,3,2,6,0,1,0,0,0,0,0,6.65438E+20,5.39826E+21,1.12491E+16,4.87154E+16
81225,9.17052E+18,9,1,79,134,2017,5,8,3,3,3,6,1,1,0,0,0,0,0,6.6863E+20,5.34281E+21,1.12701E+16,4.82161E+16
81226,9.17052E+18,9,1,88,144,2017,5,11,3,3,5,2,0,1,0,0,0,0,0,6.6583E+20,5.3283E+21,1.12268E+16,4.80864E+16
81227,9.17052E+18,9,1,79,126,2017,5,14,3,3,1,7,1,1,1,0,0,0,0,6.76264E+20,5.34032E+21,1.13718E+16,4.81916E+16
81228,9.17052E+18,9,1,79,123,2017,5,9,3,3,5,2,1,1,0,0,0,0,0,6.77734E+20,5.33415E+21,1.1389E+16,4.81358E+16
81229,9.17052E+18,9,7,71,122,2017,5,19,7,3,5,3,0,1,0,1,0,0,0,6.51934E+20,5.36098E+21,1.10521E+16,4.83836E+16
81230,9.17052E+18,9,1,74,115,2017,5,8,3,3,2,3,0,1,0,1,0,0,0,6.79409E+20,5.34777E+21,1.14172E+16,4.82577E+16
81231,9.17052E+18,9,5,76,127,2017,5,13,7,3,2,6,0,1,0,0,0,0,0,6.64391E+20,5.45013E+21,1.12559E+16,4.91819E+16
81232,9.17052E+18,9,1,74,113,2017,5,7,3,3,5,1,1,1,0,0,0,0,0,6.75727E+20,5.34781E+21,1.13677E+16,4.82591E+16
81233,9.17052E+18,9,1,75,132,2017,5,14,3,3,3,6,0,1,0,0,0,0,0,7.0685E+20,5.33638E+21,1.1781E+16,4.8147E+16
81234,9.17052E+18,9,1,75,124,2017,5,18,3,3,2,6,0,1,0,0,0,0,0,7.14968E+20,5.32868E+21,1.18861E+16,4.80751E+16
81235,9.17052E+18,9,1,84,147,2017,5,11,2,3,4,2,0,1,0,1,0,0,0,6.96281E+20,5.34114E+21,1.16412E+16,4.81932E+16
81236,9.17052E+18,9,1,62,0,2017,5,11,2,3,2,6,0,1,0,0,0,0,0,6.90522E+20,5.33199E+21,1.15597E+16,4.81126E+16
81237,9.17052E+18,9,1,84,119,2017,5,17,2,2,3,6,1,0,0,1,0,0,0,6.96109E+20,5.3451E+21,1.16408E+16,4.82288E+16
81238,9.17052E+18,9,1,62,0,2017,5,22,2,2,8,6,0,1,0,0,0,2,0,6.89538E+20,5.33188E+21,1.15465E+16,4.81119E+16
81239,9.17052E+18,9,1,62,0,2017,5,14,2,2,5,3,1,1,0,0,0,0,0,6.82727E+20,5.33484E+21,1.14563E+16,4.81406E+16
81240,9.17052E+18,9,7,74,155,2017,5,9,2,2,8,1,0,1,0,0,0,0,0,5.89724E+20,5.3659E+21,1.02132E+16,4.84399E+16
81241,9.17052E+18,9,7,75,152,2017,5,16,2,3,2,6,0,1,0,0,1,0,0,5.81167E+20,5.35159E+21,1.00947E+16,4.83123E+16
81242,9.17053E+18,9,7,72,184,2017,5,22,5,3,4,2,0,1,0,0,0,2,0,6.33118E+20,5.35892E+21,1.07974E+16,4.83694E+16
81243,9.17052E+18,9,7,75,143,2017,5,13,2,2,4,2,0,1,0,0,0,0,0,5.85907E+20,5.3572E+21,1.01598E+16,4.83621E+16
81244,9.17053E+18,9,7,71,122,2017,5,9,5,3,4,2,0,1,0,0,0,0,0,6.52763E+20,5.36179E+21,1.10636E+16,4.83908E+16
81245,9.17052E+18,9,7,75,135,2017,5,18,2,3,2,6,0,1,0,0,0,0,0,5.7598E+20,5.35529E+21,1.00255E+16,4.83462E+16
81246,9.17052E+18,9,7,78,190,2017,5,22,2,1,5,3,0,1,0,1,0,2,0,6.08816E+20,5.3338E+21,1.0463E+16,4.81481E+16
81247,9.17052E+18,9,5,74,152,2017,5,11,7,3,2,6,0,1,0,0,0,0,0,6.64437E+20,5.48364E+21,1.12703E+16,4.94831E+16
81248,9.17053E+18,9,7,72,163,2017,5,12,5,2,5,3,0,1,0,1,0,0,0,6.39438E+20,5.34562E+21,1.08783E+16,4.82484E+16
81249,9.17053E+18,9,6,79,182,2017,5,7,5,2,5,3,0,0,0,1,1,0,0,5.70166E+20,5.48483E+21,9.96929E+15,4.95121E+16
81250,9.17053E+18,9,6,77,151,2017,5,18,5,3,5,3,0,1,0,1,0,0,0,5.36937E+20,5.51319E+21,9.51295E+15,4.97701E+16
81251,9.17053E+18,9,6,73,142,2017,5,15,5,3,5,3,0,1,0,0,0,0,0,5.9306E+20,5.58883E+21,1.03106E+16,5.04441E+16
81252,9.17053E+18,9,6,78,183,2017,5,13,5,3,8,6,1,1,0,0,0,0,0,5.94785E+20,5.53471E+21,1.03214E+16,4.99572E+16
81253,9.17053E+18,9,6,73,117,2017,5,14,5,2,3,6,0,1,0,1,0,0,0,5.74784E+20,5.58404E+21,1.00523E+16,5.04036E+16
81254,9.17053E+18,9,6,71,139,2017,5,14,5,3,6,4,0,1,1,0,0,0,0,5.21148E+20,5.54009E+21,9.29516E+15,5.00128E+16
81255,9.17052E+18,9,7,78,115,2017,5,6,2,3,5,3,1,1,0,0,0,0,0,5.92428E+20,5.33311E+21,1.02425E+16,4.81445E+16
81256,9.17052E+18,9,7,64,0,2017,5,16,2,3,2,6,0,1,0,0,0,0,0,5.88177E+20,5.3146E+21,1.01816E+16,4.79786E+16
81257,9.17052E+18,9,7,63,0,2017,5,14,2,3,5,3,1,1,0,0,0,0,0,6.00549E+20,5.28699E+21,1.03409E+16,4.77284E+16
81258,9.17052E+18,9,6,79,200,2017,5,17,7,3,4,6,0,1,0,0,1,0,0,5.58501E+20,5.5233E+21,9.81392E+15,4.98593E+16
81259,9.17052E+18,9,7,63,0,2017,5,8,2,3,5,3,1,1,0,0,0,0,0,5.9957E+20,5.29101E+21,1.03288E+16,4.77648E+16
81260,9.17052E+18,9,7,76,126,2017,5,14,2,3,0,7,0,0,0,0,1,0,0,5.56216E+20,5.27039E+21,9.74763E+15,4.75845E+16
81261,9.17053E+18,9,6,71,143,2017,5,15,5,3,0,1,0,0,0,1,0,0,0,5.10025E+20,5.54333E+21,9.14E+15,5.00422E+16
81262,9.17053E+18,9,5,74,155,2017,5,16,5,2,3,6,0,1,0,0,1,0,0,6.73044E+20,5.49875E+21,1.13957E+16,4.96165E+16
81263,9.17052E+18,9,6,63,0,2017,5,8,7,3,5,3,1,1,0,0,0,0,0,5.67877E+20,5.51661E+21,9.94318E+15,4.97981E+16
81264,9.17052E+18,9,6,74,149,2017,5,22,7,3,1,7,0,1,0,0,0,2,0,6.08131E+20,5.55098E+21,1.0512E+16,5.01012E+16
81265,9.17052E+18,9,7,77,130,2017,5,7,2,3,0,1,1,0,0,0,0,0,0,6.2442E+20,5.30898E+21,1.06655E+16,4.79221E+16
81266,9.17052E+18,9,7,62,0,2017,5,10,2,3,1,2,0,1,0,0,0,0,0,6.22615E+20,5.30559E+21,1.06403E+16,4.78919E+16
81267,9.17052E+18,9,7,79,194,2017,5,7,2,3,2,6,0,1,0,0,0,0,0,6.11599E+20,5.41377E+21,1.05217E+16,4.88669E+16
81268,9.17052E+18,9,7,79,203,2017,5,12,2,3,5,3,0,1,0,0,0,0,0,6.11854E+20,5.41032E+21,1.05243E+16,4.88358E+16
81269,9.17052E+18,9,7,79,131,2017,5,12,2,3,9,7,0,1,0,0,0,0,0,6.31373E+20,5.39622E+21,1.07856E+16,4.87052E+16
81270,9.17052E+18,9,7,73,136,2017,5,19,2,3,5,3,1,1,0,0,0,0,0,6.00977E+20,5.3789E+21,1.03684E+16,4.85551E+16
81271,9.17052E+18,9,7,72,223,2017,5,19,2,3,3,1,0,1,0,0,1,0,0,6.17385E+20,5.363E+21,1.05862E+16,4.84093E+16
81272,9.17052E+18,9,7,71,122,2017,5,11,2,3,2,6,0,1,0,0,0,0,0,6.50387E+20,5.36232E+21,1.10317E+16,4.83961E+16
81273,9.17052E+18,9,7,72,209,2017,5,17,2,3,2,6,0,1,0,0,0,0,0,6.34653E+20,5.3369E+21,1.08111E+16,4.81711E+16
81274,9.17052E+18,9,7,61,0,2017,5,13,2,2,4,2,0,1,0,1,0,0,0,6.41267E+20,5.35229E+21,1.09052E+16,4.8308E+16
81275,9.17052E+18,9,7,61,0,2017,5,17,2,3,1,1,0,1,0,0,0,0,0,6.41473E+20,5.35858E+21,1.09101E+16,4.83646E+16
81276,9.17052E+18,9,7,61,0,2017,5,15,2,3,6,4,0,0,1,0,1,0,0,6.41393E+20,5.35521E+21,1.09079E+16,4.83343E+16
81277,9.17052E+18,9,6,63,0,2017,5,6,2,2,5,2,1,0,0,0,1,0,0,5.67863E+20,5.5166E+21,9.94298E+15,4.9798E+16
81278,9.17053E+18,9,5,64,0,2017,5,12,5,3,2,6,0,1,0,0,0,0,0,6.51256E+20,5.46777E+21,1.10824E+16,4.93438E+16
81279,9.17052E+18,9,6,79,170,2017,5,6,2,3,0,7,0,0,0,1,0,0,0,5.74948E+20,5.50349E+21,1.00389E+16,4.96793E+16
81280,9.17052E+18,9,6,72,136,2017,5,17,2,2,0,7,0,1,1,0,0,0,0,5.80132E+20,5.56381E+21,1.01233E+16,5.0221E+16
81281,9.17053E+18,9,5,76,127,2017,5,17,5,3,0,7,0,1,0,0,0,0,0,6.62862E+20,5.45274E+21,1.12359E+16,4.92058E+16
81282,9.17053E+18,9,5,74,123,2017,5,8,5,3,2,6,0,1,0,0,0,0,0,6.59204E+20,5.47363E+21,1.11941E+16,4.93945E+16
81283,9.17053E+18,9,5,62,0,2017,5,17,5,3,5,3,0,1,0,1,0,0,0,6.40045E+20,5.49914E+21,1.09393E+16,4.96286E+16
81284,9.17052E+18,9,6,74,149,2017,5,16,7,3,8,1,0,1,0,0,0,0,0,6.0982E+20,5.55248E+21,1.0536E+16,5.01144E+16
81285,9.17053E+18,9,5,74,132,2017,5,0,5,3,9,7,0,1,0,0,0,2,0,6.77389E+20,5.48468E+21,1.14494E+16,4.94888E+16
81286,9.17053E+18,9,5,74,112,2017,5,14,5,3,5,3,0,1,0,0,0,0,0,6.71202E+20,5.47327E+21,1.13591E+16,4.9388E+16
81287,9.17053E+18,9,5,64,0,2017,5,18,5,3,5,2,1,1,0,0,0,0,0,6.48969E+20,5.47896E+21,1.10551E+16,4.9445E+16
81288,9.17052E+18,9,6,78,138,2017,5,16,7,2,2,6,0,1,0,1,0,0,0,5.96075E+20,5.54107E+21,1.0341E+16,5.00142E+16
81289,9.17052E+18,9,6,72,117,2017,5,19,7,3,5,2,0,1,0,0,0,0,0,5.69956E+20,5.57099E+21,9.98199E+15,5.02869E+16
81290,9.17053E+18,9,5,73,134,2017,5,17,5,3,5,2,0,1,0,0,0,0,0,6.3904E+20,5.47971E+21,1.09185E+16,4.94542E+16
81291,9.17053E+18,9,5,77,158,2017,5,15,5,2,4,1,0,1,0,1,0,0,0,6.42542E+20,5.41978E+21,1.09455E+16,4.89146E+16
81292,9.17053E+18,9,7,79,154,2017,5,12,5,3,8,1,0,0,0,1,0,0,0,6.19978E+20,5.42648E+21,1.06397E+16,4.89795E+16
81293,9.17053E+18,9,5,75,157,2017,5,8,5,3,3,2,0,1,0,0,0,0,0,6.03748E+20,5.50949E+21,1.04396E+16,4.97289E+16
81294,9.17053E+18,9,5,71,165,2017,5,11,5,3,4,6,0,1,0,1,0,0,0,6.3325E+20,5.46812E+21,1.08348E+16,4.93513E+16
81295,9.17052E+18,9,6,76,140,2017,5,11,2,3,5,3,0,1,0,0,1,0,0,5.06116E+20,5.5228E+21,9.08509E+15,4.98576E+16
81296,9.17052E+18,9,6,71,155,2017,5,15,2,2,3,6,0,0,0,1,1,0,0,5.0627E+20,5.53425E+21,9.08741E+15,4.99605E+16
81297,9.17052E+18,9,6,62,0,2017,5,17,7,3,5,3,0,1,0,0,0,0,0,5.87444E+20,5.54448E+21,1.02213E+16,5.00462E+16
81298,9.17052E+18,9,6,71,113,2017,5,7,2,3,5,3,0,1,0,0,0,0,0,5.1646E+20,5.54597E+21,9.22999E+15,5.00658E+16
81299,9.17052E+18,9,5,72,119,2017,5,14,2,3,0,1,0,0,0,1,0,0,1,6.45178E+20,5.49923E+21,1.10103E+16,4.96282E+16
81300,9.17052E+18,9,5,72,158,2017,5,10,2,3,0,7,0,0,0,0,1,0,0,6.49068E+20,5.49583E+21,1.10629E+16,4.95966E+16
81301,9.17052E+18,9,5,72,115,2017,5,8,2,3,2,6,0,1,0,0,0,0,0,6.47061E+20,5.5026E+21,1.10377E+16,4.9658E+16
81302,9.17052E+18,9,5,74,154,2017,5,13,2,3,5,3,0,1,0,0,0,0,0,6.6238E+20,5.48475E+21,1.12424E+16,4.94936E+16
81303,9.17052E+18,9,5,74,131,2017,5,2,2,3,9,7,0,0,0,0,1,2,0,6.74289E+20,5.48609E+21,1.14073E+16,4.95024E+16
81304,9.17052E+18,9,5,63,0,2017,5,22,2,3,8,7,0,1,0,0,0,2,0,6.40111E+20,5.48283E+21,1.09344E+16,4.9482E+16
81305,9.17052E+18,9,5,64,0,2017,5,13,2,3,2,6,0,1,0,0,1,0,0,6.48185E+20,5.48046E+21,1.10449E+16,4.94587E+16
81306,9.17052E+18,9,5,64,0,2017,5,7,2,3,6,4,0,1,1,0,0,0,0,6.47633E+20,5.47446E+21,1.1035E+16,4.94049E+16
81307,9.17053E+18,9,4,79,150,2017,5,15,5,3,3,6,0,1,0,0,0,0,0,7.20217E+20,5.56726E+21,1.20869E+16,5.02164E+16
81308,9.17052E+18,9,5,64,0,2017,5,13,2,3,0,1,0,0,0,1,0,0,0,6.51289E+20,5.47726E+21,1.10865E+16,4.94292E+16
81309,9.17053E+18,9,4,75,142,2017,5,19,5,2,6,2,0,1,1,0,0,0,0,7.0278E+20,5.5724E+21,1.18456E+16,5.02689E+16
81310,9.17052E+18,9,5,64,0,2017,5,8,2,1,3,2,1,0,0,0,1,0,0,6.50203E+20,5.47729E+21,1.10715E+16,4.94297E+16
81311,9.17053E+18,9,4,72,177,2017,5,16,5,3,5,2,0,1,0,0,0,0,0,6.78176E+20,5.50267E+21,1.14684E+16,4.96503E+16
81312,9.17052E+18,9,5,73,127,2017,5,22,2,3,5,3,1,1,0,0,0,2,0,6.46466E+20,5.47578E+21,1.10195E+16,4.94171E+16
81313,9.17052E+18,9,5,75,145,2017,5,18,2,2,5,3,0,1,0,0,0,0,0,6.18871E+20,5.48522E+21,1.0642E+16,4.95079E+16
81314,9.17052E+18,9,5,61,0,2017,5,12,2,3,6,2,0,1,1,0,0,0,0,6.14885E+20,5.46123E+21,1.058E+16,4.9293E+16
81315,9.17052E+18,9,4,79,138,2017,5,15,2,3,0,1,1,0,0,0,0,0,0,7.09471E+20,5.54029E+21,1.19217E+16,4.99782E+16
81316,9.17053E+18,9,4,77,121,2017,5,20,5,3,5,3,0,1,0,0,1,0,0,6.86608E+20,5.54842E+21,1.16071E+16,5.00588E+16
81317,9.17052E+18,9,6,71,136,2017,5,19,7,3,3,6,0,1,0,0,1,0,0,5.05963E+20,5.5377E+21,9.08319E+15,4.99916E+16
81318,9.17053E+18,9,4,77,142,2017,5,16,5,3,2,2,0,1,0,1,0,0,0,6.77177E+20,5.54805E+21,1.14754E+16,5.00583E+16
81319,9.17053E+18,9,4,72,138,2017,5,9,5,3,5,3,0,1,0,0,0,0,0,7.04327E+20,5.54246E+21,1.18512E+16,4.99994E+16
81320,9.17052E+18,9,4,79,152,2017,5,23,2,3,7,7,0,0,0,1,0,2,0,7.20978E+20,5.55994E+21,1.20933E+16,5.01505E+16
81321,9.17053E+18,9,4,72,119,2017,5,18,5,3,8,1,0,0,0,1,0,0,0,6.88004E+20,5.54213E+21,1.16236E+16,5.00018E+16
81322,9.17052E+18,9,4,77,163,2017,5,14,2,3,5,3,0,1,0,0,0,0,0,6.85797E+20,5.55334E+21,1.15982E+16,5.01033E+16
81323,9.17053E+18,9,4,72,116,2017,5,12,5,3,9,1,0,0,0,1,0,0,0,6.93137E+20,5.55024E+21,1.16992E+16,5.0073E+16
81324,9.17052E+18,9,4,77,136,2017,5,17,2,3,5,3,0,1,0,1,0,0,0,6.67241E+20,5.55427E+21,1.13394E+16,5.01171E+16
81325,9.17052E+18,9,4,71,155,2017,5,12,2,3,5,3,0,1,0,1,0,0,0,6.43029E+20,5.53076E+21,1.09922E+16,4.99121E+16
81326,9.17052E+18,9,4,61,0,2017,5,18,2,3,3,2,1,1,0,0,0,0,0,6.37081E+20,5.53041E+21,1.09093E+16,4.99103E+16
81327,9.17053E+18,9,4,71,185,2017,5,14,5,2,9,1,0,0,0,1,0,0,0,6.51085E+20,5.53812E+21,1.11072E+16,4.99762E+16
81328,9.17053E+18,9,4,71,155,2017,5,22,5,3,4,6,1,0,0,0,0,2,0,6.43709E+20,5.53052E+21,1.10016E+16,4.99098E+16
81329,9.17053E+18,9,4,71,142,2017,5,10,5,3,8,1,0,0,0,1,0,0,0,6.52064E+20,5.52692E+21,1.11164E+16,4.98754E+16
81330,9.17053E+18,9,3,74,162,2017,5,18,5,2,9,1,0,0,0,1,0,0,0,7.40319E+20,5.50358E+21,1.23286E+16,4.96368E+16
81331,9.17053E+18,9,3,72,169,2017,5,14,5,3,4,6,0,1,0,1,0,0,0,7.44305E+20,5.44836E+21,1.23498E+16,4.91395E+16
81332,9.17053E+18,9,3,73,126,2017,5,18,5,3,0,1,1,0,0,0,0,0,0,6.72043E+20,5.45294E+21,1.1362E+16,4.92051E+16
81333,9.17052E+18,9,3,77,141,2017,5,10,2,3,3,6,1,1,0,0,0,0,0,7.3239E+20,5.53802E+21,1.22395E+16,4.99493E+16
81334,9.17052E+18,9,3,63,0,2017,5,14,2,3,2,6,0,1,0,0,0,0,0,7.28985E+20,5.50827E+21,1.21746E+16,4.96834E+16
81335,9.17052E+18,9,3,77,154,2017,5,16,2,2,1,6,0,1,0,0,1,0,0,7.39463E+20,5.53043E+21,1.23332E+16,4.98783E+16
81336,9.17052E+18,9,3,74,158,2017,5,19,2,3,0,1,1,0,0,0,0,0,0,7.30957E+20,5.51586E+21,1.22064E+16,4.97508E+16
81337,9.17052E+18,9,5,72,131,2017,5,16,7,2,8,1,1,0,0,0,0,0,0,6.5714E+20,5.49204E+21,1.1173E+16,4.95605E+16
81338,9.17052E+18,9,3,75,174,2017,5,13,2,3,3,5,0,1,0,0,0,0,0,7.33653E+20,5.4318E+21,1.21944E+16,4.89948E+16
81339,9.17052E+18,9,2,78,190,2017,5,22,2,2,8,7,0,1,0,1,0,2,0,7.60784E+20,5.42787E+21,1.25621E+16,4.89487E+16
81340,9.17052E+18,9,2,78,190,2017,5,22,2,2,0,7,0,1,0,1,0,2,0,7.60784E+20,5.42787E+21,1.25621E+16,4.89487E+16
81341,9.17052E+18,9,2,71,125,2017,5,17,2,3,2,6,0,1,0,0,1,0,0,7.97414E+20,5.40955E+21,1.30479E+16,4.87677E+16
81342,9.17052E+18,9,2,76,144,2017,5,15,2,3,8,6,0,0,0,1,0,0,0,7.83995E+20,5.44544E+21,1.28907E+16,4.90961E+16
81343,9.17052E+18,9,2,76,146,2017,5,18,2,2,8,7,0,1,0,0,0,0,0,7.93755E+20,5.43553E+21,1.30169E+16,4.90027E+16
81344,9.17052E+18,9,2,71,141,2017,5,21,2,3,0,6,0,1,0,0,0,2,0,7.9463E+20,5.4033E+21,1.30056E+16,4.87131E+16
81345,9.17052E+18,9,2,78,118,2017,5,19,2,3,5,3,0,1,0,0,0,0,0,7.70519E+20,5.42759E+21,1.26946E+16,4.8942E+16
81346,9.17052E+18,9,2,75,126,2017,5,7,2,3,4,3,0,1,0,1,0,0,0,8.40511E+20,5.39863E+21,1.36236E+16,4.86478E+16
81347,9.17052E+18,9,2,74,134,2017,5,19,2,2,0,1,1,0,0,0,0,0,0,7.40605E+20,5.37032E+21,1.22534E+16,4.844E+16
81348,9.17052E+18,9,2,74,184,2017,5,13,2,3,5,3,0,1,0,1,0,0,0,7.4798E+20,5.37176E+21,1.23538E+16,4.84501E+16
81349,9.17053E+18,9,2,78,139,2017,5,10,5,3,2,6,0,1,0,0,0,0,0,7.73422E+20,5.42544E+21,1.27327E+16,4.89215E+16
81350,9.17052E+18,9,2,73,165,2017,5,20,2,3,4,2,0,0,0,1,1,0,0,7.1869E+20,5.40395E+21,1.19752E+16,4.87501E+16
81351,9.17052E+18,9,2,74,174,2017,5,6,2,3,2,6,0,1,0,0,0,0,0,7.44137E+20,5.39327E+21,1.23145E+16,4.86448E+16