OBJECTID,UIDENTSTLA,ULAND,UREGBEZ,UKREIS,UGEMEINDE,UJAHR,UMONAT,USTUNDE,UWOCHENTAG,UKATEGORIE,UART,UTYP1,IstRad,IstPKW,IstFuss,IstKrad,IstSonstig,LICHT,STRZUSTAND,LINREFX,LINREFY,XGCSWGS84,YGCSWGS84
81352,9.17052E+18,9,2,79,134,2017,5,12,2,3,8,1,0,0,0,1,0,0,0,7.70794E+20,5.38871E+21,1.26727E+16,4.85928E+16
81353,9.17052E+18,9,2,73,133,2017,5,11,2,3,8,7,1,0,0,0,0,0,0,7.09101E+20,5.42555E+21,1.1856E+16,4.89475E+16
81354,9.17052E+18,9,1,73,147,2017,5,10,2,3,2,2,0,1,0,0,0,0,0,6.81412E+20,5.30801E+21,1.14273E+16,4.78998E+16
81355,9.17052E+18,9,1,90,120,2017,5,17,2,2,8,1,0,1,0,0,0,0,0,6.64756E+20,5.29726E+21,1.12005E+16,4.78076E+16
81356,9.17052E+18,9,1,90,151,2017,5,19,2,3,4,6,0,1,0,1,0,0,0,6.36687E+20,5.30173E+21,1.08273E+16,4.78544E+16
81357,9.17052E+18,9,1,73,133,2017,5,15,2,3,5,3,0,1,0,1,0,0,0,6.78361E+20,5.28141E+21,1.13756E+16,4.76615E+16
81358,9.17052E+18,9,1,89,111,2017,5,10,2,3,0,7,1,0,0,0,0,0,0,7.63322E+20,5.32273E+21,1.25305E+16,4.80036E+16
81359,9.17052E+18,9,1,62,0,2017,5,9,2,3,3,6,0,1,0,0,0,0,0,6.94635E+20,5.33176E+21,1.16148E+16,4.81093E+16
81360,9.17052E+18,9,1,87,177,2017,5,17,2,3,2,6,0,1,0,0,0,0,0,7.36052E+20,5.30425E+21,1.21553E+16,4.78482E+16
81361,9.17053E+18,9,2,71,151,2017,5,7,5,3,8,6,0,1,0,0,1,0,0,7.86343E+20,5.41667E+21,1.29025E+16,4.88369E+16
81362,9.17052E+18,9,1,87,116,2017,5,7,2,2,8,6,0,1,0,0,1,0,0,7.44628E+20,5.33217E+21,1.22857E+16,4.80958E+16
81363,9.17053E+18,9,2,76,148,2017,5,17,5,3,5,2,0,1,0,0,0,0,0,8.07556E+20,5.43741E+21,1.32065E+16,4.90128E+16
81364,9.17052E+18,9,1,76,126,2017,5,7,2,3,5,3,1,1,0,0,0,0,0,6.73918E+20,5.41233E+21,1.13703E+16,4.88395E+16
81365,9.17052E+18,9,1,85,131,2017,5,9,2,3,9,1,0,0,0,0,1,0,0,6.63328E+20,5.37465E+21,1.12112E+16,4.85037E+16
81366,9.17052E+18,9,1,61,0,2017,5,19,2,3,4,2,0,1,0,0,0,0,0,6.78048E+20,5.40719E+21,1.14243E+16,4.87922E+16
81367,9.17053E+18,9,2,63,0,2017,5,20,5,3,8,1,1,0,0,0,0,1,0,7.59005E+20,5.42063E+21,1.25332E+16,4.88844E+16
81368,9.17053E+18,9,2,78,146,2017,5,12,5,3,7,7,0,0,0,1,1,0,0,7.53904E+20,5.4077E+21,1.24558E+16,4.87704E+16
81369,9.17053E+18,9,2,71,149,2017,5,16,5,2,8,1,0,0,0,1,0,0,0,8.09705E+20,5.41199E+21,1.32165E+16,4.87837E+16
81370,9.17052E+18,9,5,74,141,2017,5,9,7,3,2,6,0,1,0,0,1,0,0,6.68347E+20,5.4876E+21,1.13259E+16,4.95176E+16
81371,9.17053E+18,9,2,75,126,2017,5,7,5,3,9,1,0,0,0,1,0,0,0,8.40461E+20,5.40181E+21,1.36255E+16,4.86763E+16
81372,9.17053E+18,9,2,75,122,2017,5,3,5,2,6,1,0,1,1,0,0,2,0,8.18131E+20,5.38526E+21,1.33104E+16,4.85396E+16
81373,9.17053E+18,9,2,75,119,2017,5,13,5,3,8,1,0,1,0,0,0,0,0,8.3445E+20,5.39888E+21,1.35417E+16,4.86533E+16
81374,9.17053E+18,9,2,72,145,2017,5,9,5,2,5,3,0,1,0,1,0,0,0,8.08173E+20,5.41605E+21,1.31988E+16,4.88209E+16
81375,9.17052E+18,9,1,61,0,2017,5,7,2,3,2,6,0,1,0,0,1,0,0,6.81357E+20,5.40222E+21,1.14671E+16,4.87466E+16
81376,9.17052E+18,9,1,76,118,2017,5,18,2,3,4,6,0,1,0,1,0,0,0,6.67309E+20,5.41435E+21,1.12811E+16,4.88595E+16
81377,9.17052E+18,9,1,76,150,2017,5,16,2,3,5,3,0,1,0,0,0,0,0,6.93428E+20,5.41162E+21,1.16356E+16,4.88274E+16
81378,9.17052E+18,9,1,62,0,2017,5,7,2,3,2,6,0,1,0,0,0,0,0,6.78474E+20,5.33642E+21,1.13999E+16,4.81559E+16
81379,9.17052E+18,9,5,76,122,2017,5,13,7,2,5,3,0,1,0,0,0,0,0,6.69847E+20,5.43712E+21,1.13252E+16,4.90635E+16
81380,9.17052E+18,9,1,88,121,2017,5,6,2,3,2,6,0,1,0,0,0,1,0,6.70455E+20,5.32918E+21,1.12892E+16,4.80931E+16
81381,9.17052E+18,9,1,79,142,2017,5,16,2,3,4,6,0,1,0,0,0,0,0,6.74534E+20,5.34092E+21,1.13488E+16,4.81975E+16
81382,9.17052E+18,9,5,74,117,2017,5,14,7,3,4,2,0,1,0,0,0,0,0,6.68514E+20,5.46995E+21,1.13207E+16,4.9359E+16
81383,9.17052E+18,9,1,81,130,2017,5,18,2,2,0,7,1,0,0,0,0,0,0,6.39789E+20,5.3233E+21,1.08757E+16,4.80477E+16
81384,9.17052E+18,9,1,79,123,2017,5,17,2,2,0,7,1,0,0,0,0,0,0,6.77067E+20,5.33384E+21,1.13799E+16,4.81332E+16
81385,9.17052E+18,9,1,78,120,2017,5,7,2,3,2,6,0,1,0,0,1,0,0,6.93187E+20,5.35393E+21,1.16055E+16,4.8309E+16
81386,9.17052E+18,9,1,75,135,2017,5,15,2,3,5,3,1,1,0,0,0,0,0,7.08331E+20,5.33902E+21,1.18022E+16,4.81703E+16
81387,9.17052E+18,9,1,75,123,2017,5,17,2,3,2,6,0,1,0,0,1,0,0,7.26388E+20,5.33621E+21,1.20432E+16,4.81388E+16
81388,9.17052E+18,9,1,62,0,2017,5,8,1,3,3,2,0,1,0,1,0,0,0,6.84624E+20,5.34259E+21,1.14852E+16,4.82096E+16
81389,9.17052E+18,9,1,84,147,2017,5,15,1,3,0,1,0,0,0,1,0,0,0,6.96591E+20,5.34149E+21,1.16456E+16,4.81962E+16
81390,9.17052E+18,9,5,63,0,2017,5,12,7,3,5,3,0,1,0,1,0,0,0,6.4312E+20,5.48582E+21,1.0977E+16,4.95081E+16
81391,9.17052E+18,9,7,74,135,2017,5,19,1,3,1,7,0,1,0,0,0,0,0,5.94399E+20,5.36489E+21,1.02761E+16,4.84301E+16
81392,9.17052E+18,9,7,75,139,2017,5,16,1,3,3,6,1,0,0,0,0,0,0,5.81966E+20,5.36932E+21,1.0109E+16,4.84717E+16
81393,9.17052E+18,9,7,78,183,2017,5,8,1,2,8,1,0,1,0,0,0,0,0,6.0667E+20,5.32803E+21,1.04327E+16,4.80966E+16
81394,9.17052E+18,9,7,78,171,2017,5,15,1,3,8,7,0,1,0,0,0,0,0,5.89834E+20,5.31678E+21,1.02042E+16,4.7998E+16
81395,9.17052E+18,9,7,80,143,2017,5,12,1,3,0,7,1,0,0,0,0,0,0,5.98314E+20,5.28242E+21,1.03101E+16,4.76877E+16
81396,9.17052E+18,9,7,80,122,2017,5,17,1,3,8,1,1,0,0,0,0,0,0,6.0073E+20,5.29195E+21,1.03445E+16,4.7773E+16
81397,9.17052E+18,9,7,80,123,2017,5,13,1,2,4,1,0,1,0,1,0,0,0,6.07761E+20,5.26464E+21,1.04316E+16,4.75263E+16
81398,9.17052E+18,9,7,80,131,2017,5,17,1,3,8,1,0,0,0,1,0,0,0,5.92763E+20,5.25543E+21,1.02304E+16,4.74457E+16
81399,9.17052E+18,9,7,76,116,2017,5,11,1,3,2,1,0,1,0,0,0,0,0,5.51879E+20,5.26717E+21,9.68958E+15,4.75559E+16
81400,9.17052E+18,9,7,79,194,2017,5,16,1,2,5,3,0,1,0,1,0,0,0,6.09807E+20,5.41178E+21,1.04968E+16,4.88493E+16
81401,9.17052E+18,9,7,79,218,2017,5,13,7,3,6,4,0,1,1,0,0,0,0,6.23824E+20,5.39248E+21,1.0682E+16,4.86731E+16
81402,9.17053E+18,9,2,77,121,2017,5,22,5,3,4,7,0,1,0,0,0,2,0,7.67286E+20,5.37426E+21,1.2616E+16,4.84646E+16
81403,9.17052E+18,9,7,72,223,2017,5,21,1,3,8,1,0,1,0,0,0,2,0,6.15786E+20,5.36254E+21,1.05645E+16,4.84053E+16
81404,9.17053E+18,9,2,77,121,2017,5,17,5,3,9,7,0,1,0,0,0,0,0,7.6373E+20,5.37174E+21,1.25664E+16,4.84435E+16
81405,9.17052E+18,9,7,72,207,2017,5,12,1,3,0,7,1,0,0,0,0,0,0,6.40155E+20,5.38109E+21,1.08998E+16,4.85673E+16
81406,9.17053E+18,9,2,73,181,2017,5,15,5,2,8,1,0,0,0,1,0,0,0,7.14163E+20,5.40171E+21,1.19126E+16,4.87316E+16
81407,9.17052E+18,9,6,75,141,2017,5,18,1,3,8,6,0,1,0,0,0,0,0,5.79737E+20,5.51194E+21,1.0107E+16,4.97546E+16
81408,9.17052E+18,9,6,79,156,2017,5,14,1,2,4,2,0,1,0,0,0,0,0,5.75906E+20,5.52278E+21,1.00559E+16,4.98526E+16
81409,9.17052E+18,9,6,77,129,2017,5,11,1,3,2,6,0,1,0,0,0,0,0,5.33795E+20,5.54576E+21,9.47217E+15,5.00632E+16
81410,9.17052E+18,9,6,74,111,2017,5,14,1,3,6,7,0,1,1,0,0,0,0,6.02921E+20,5.55705E+21,1.04408E+16,5.01567E+16
81411,9.17053E+18,9,2,61,0,2017,5,1,5,3,8,1,0,1,0,0,0,2,1,7.36231E+20,5.38197E+21,1.2201E+16,4.85463E+16
81412,9.17052E+18,9,6,73,141,2017,5,15,1,3,9,1,0,1,0,0,0,0,0,6.07101E+20,5.5708E+21,1.05032E+16,5.02796E+16
81413,9.17053E+18,9,2,74,124,2017,5,6,5,3,8,1,0,1,0,0,0,1,0,7.24452E+20,5.37592E+21,1.20384E+16,4.84963E+16
81414,9.17052E+18,9,5,64,0,2017,5,0,7,2,8,1,0,1,0,0,0,2,1,6.52982E+20,5.47235E+21,1.11079E+16,4.93846E+16
81415,9.17053E+18,9,2,73,164,2017,5,15,5,3,4,6,0,1,0,1,0,0,0,6.97065E+20,5.4296E+21,1.16937E+16,4.89878E+16
81416,9.17052E+18,9,5,64,0,2017,5,17,7,3,2,6,0,1,0,0,0,0,0,6.52845E+20,5.48283E+21,1.11101E+16,4.94789E+16
81417,9.17053E+18,9,2,79,112,2017,5,21,5,2,0,7,1,0,0,0,0,2,0,7.54463E+20,5.39196E+21,1.24537E+16,4.86289E+16
81418,9.17053E+18,9,2,79,112,2017,5,17,5,3,0,7,1,0,0,0,0,0,0,7.56705E+20,5.38868E+21,1.2482E+16,4.85985E+16
81419,9.17053E+18,9,1,73,130,2017,5,13,5,2,8,1,1,0,0,0,0,0,0,6.80939E+20,5.31217E+21,1.14227E+16,4.79373E+16
81420,9.17053E+18,9,1,90,140,2017,5,15,5,3,0,1,0,0,0,1,0,0,0,6.4639E+20,5.30169E+21,1.09569E+16,4.78518E+16
81421,9.17052E+18,9,6,73,114,2017,5,12,1,3,1,3,0,1,0,0,0,0,0,5.86676E+20,5.57744E+21,1.02181E+16,5.03427E+16
81422,9.17052E+18,9,6,62,0,2017,5,19,1,2,5,3,0,1,0,1,0,0,0,5.859E+20,5.54224E+21,1.01993E+16,5.00263E+16
81423,9.17052E+18,9,5,71,175,2017,5,18,7,3,8,6,0,1,0,0,0,0,0,6.23992E+20,5.45888E+21,1.07045E+16,4.92701E+16
81424,9.17052E+18,9,6,78,193,2017,5,17,1,3,4,2,0,1,0,0,0,0,0,5.80206E+20,5.5395E+21,1.01192E+16,5.00024E+16
81425,9.17052E+18,9,5,71,193,2017,5,16,7,3,4,3,0,1,0,0,0,0,0,5.86481E+20,5.46986E+21,1.01914E+16,4.93753E+16
81426,9.17052E+18,9,6,78,193,2017,5,17,1,3,2,2,0,1,0,0,0,0,0,5.80587E+20,5.54041E+21,1.01247E+16,5.00106E+16
81427,9.17052E+18,9,6,71,162,2017,5,16,1,3,9,1,0,0,0,1,0,0,0,5.25978E+20,5.55219E+21,9.3634E+15,5.01214E+16
81428,9.17052E+18,9,5,71,226,2017,5,17,7,3,9,1,0,0,0,1,0,0,0,6.34115E+20,5.45733E+21,1.0843E+16,4.9254E+16
81429,9.17052E+18,9,5,74,123,2017,5,18,1,2,0,7,0,0,0,1,0,0,0,6.62264E+20,5.48015E+21,1.12389E+16,4.94523E+16
81430,9.17052E+18,9,5,76,113,2017,5,4,1,3,9,7,0,1,0,0,0,2,0,6.61196E+20,5.45785E+21,1.12152E+16,4.92521E+16
81431,9.17052E+18,9,5,72,132,2017,5,19,1,3,9,1,0,1,0,0,0,0,0,6.33044E+20,5.49047E+21,1.08394E+16,4.95522E+16
81432,9.17052E+18,9,5,62,0,2017,5,14,1,3,5,3,1,1,0,0,0,0,0,6.44218E+20,5.49462E+21,1.09953E+16,4.9587E+16
81433,9.17052E+18,9,5,76,122,2017,5,15,1,2,5,3,0,1,0,1,0,0,0,6.75905E+20,5.43673E+21,1.14079E+16,4.90583E+16
81434,9.17052E+18,9,5,71,130,2017,5,12,1,3,2,6,0,1,0,0,0,0,0,6.01708E+20,5.46826E+21,1.04006E+16,4.93585E+16
81435,9.17052E+18,9,4,79,129,2017,5,14,1,3,8,1,0,0,0,1,0,0,0,7.09556E+20,5.55966E+21,1.19335E+16,5.0152E+16
81436,9.17052E+18,9,4,79,129,2017,5,14,1,3,8,1,0,0,0,1,0,0,0,7.09556E+20,5.55966E+21,1.19335E+16,5.0152E+16
81437,9.17052E+18,9,4,79,161,2017,5,13,1,3,4,2,0,1,0,0,0,0,0,7.11423E+20,5.54438E+21,1.19512E+16,5.00141E+16
81438,9.17052E+18,9,4,79,136,2017,5,17,1,3,2,6,0,1,0,0,0,0,0,7.20432E+20,5.54299E+21,1.20759E+16,4.99985E+16
81439,9.17052E+18,9,4,75,158,2017,5,9,1,2,2,1,1,0,0,0,0,0,0,7.10221E+20,5.57099E+21,1.19491E+16,5.02536E+16
81440,9.17052E+18,9,4,75,158,2017,5,9,1,2,4,3,1,1,0,0,0,0,0,7.09066E+20,5.57198E+21,1.19334E+16,5.02629E+16
81441,9.17052E+18,9,5,71,226,2017,5,1,7,2,8,1,0,1,0,0,0,2,0,6.32361E+20,5.45698E+21,1.08188E+16,4.92513E+16
81442,9.17052E+18,9,5,71,136,2017,5,21,7,2,0,7,1,0,0,0,0,1,0,5.97003E+20,5.43577E+21,1.0328E+16,4.90671E+16
81443,9.17053E+18,9,1,84,123,2017,5,21,4,3,4,3,0,1,0,0,0,2,0,7.03698E+20,5.33171E+21,1.17364E+16,4.8106E+16
81444,9.17053E+18,9,7,76,113,2017,5,14,1,2,9,1,0,0,0,1,0,0,0,5.79989E+20,5.27451E+21,1.00645E+16,4.76191E+16
81445,9.17053E+18,9,1,84,132,2017,5,18,4,2,0,6,0,1,0,0,0,0,0,6.79483E+20,5.32727E+21,1.14096E+16,4.80735E+16
81446,9.17053E+18,9,7,77,129,2017,5,9,1,3,3,6,1,0,0,0,0,0,0,6.27407E+20,5.27253E+21,1.06947E+16,4.75936E+16
81447,9.17053E+18,9,1,62,0,2017,5,13,4,3,6,7,0,1,1,0,0,0,0,6.90379E+20,5.32951E+21,1.15567E+16,4.80904E+16
81448,9.17053E+18,9,7,77,129,2017,5,14,1,3,2,6,0,1,0,0,0,0,0,6.1949E+20,5.2714E+21,1.05891E+16,4.7585E+16
81449,9.17053E+18,9,1,62,0,2017,5,14,4,3,5,2,0,1,0,1,0,0,0,6.82937E+20,5.3393E+21,1.14611E+16,4.81806E+16
81450,9.17053E+18,9,1,84,129,2017,5,17,4,3,4,2,0,1,0,0,1,0,0,7.01763E+20,5.32653E+21,1.1708E+16,4.80601E+16
81451,9.17053E+18,9,1,62,0,2017,5,17,4,3,2,6,0,1,0,0,0,0,0,6.88231E+20,5.33161E+21,1.15288E+16,4.811E+16
81452,9.17053E+18,9,7,74,144,2017,5,21,4,3,3,6,0,1,0,0,0,2,0,6.05475E+20,5.36313E+21,1.04254E+16,4.84125E+16
81453,9.17053E+18,9,7,79,194,2017,5,15,1,2,5,3,0,0,0,1,1,0,0,6.1151E+20,5.41306E+21,1.05203E+16,4.88604E+16
81454,9.17053E+18,9,7,73,182,2017,5,17,1,3,4,7,0,1,0,0,0,0,0,6.22306E+20,5.37993E+21,1.06577E+16,4.85605E+16
81455,9.17053E+18,9,1,73,118,2017,5,10,7,2,4,2,0,0,0,1,1,0,0,6.90074E+20,5.30521E+21,1.15419E+16,4.78721E+16
81456,9.17053E+18,9,7,71,122,2017,5,11,1,3,2,6,0,1,0,0,0,0,0,6.49132E+20,5.36268E+21,1.10149E+16,4.83996E+16
81457,9.17053E+18,9,7,71,122,2017,5,13,1,3,2,6,0,1,0,0,0,0,0,6.5636E+20,5.35931E+21,1.11112E+16,4.83675E+16
81458,9.17053E+18,9,7,72,162,2017,5,15,1,3,5,3,0,1,0,1,0,0,0,6.3595E+20,5.33558E+21,1.08282E+16,4.8159E+16
81459,9.17053E+18,9,7,72,171,2017,5,17,1,3,8,7,0,1,0,0,0,0,0,6.37144E+20,5.37377E+21,1.08566E+16,4.85021E+16
81460,9.17053E+18,9,1,80,115,2017,5,17,7,3,9,7,0,1,0,0,1,0,0,6.44396E+20,5.26817E+21,1.09192E+16,4.75508E+16
81461,9.17053E+18,9,1,80,126,2017,5,9,7,2,8,1,0,0,0,1,0,0,0,6.6027E+20,5.27031E+21,1.11308E+16,4.75664E+16
81462,9.17053E+18,9,1,80,117,2017,5,15,7,3,3,2,1,1,0,0,0,0,0,6.57253E+20,5.26266E+21,1.1088E+16,4.74984E+16
81463,9.17053E+18,9,7,78,173,2017,5,18,4,3,5,3,0,1,0,1,0,0,0,6.1076E+20,5.3255E+21,1.04869E+16,4.80732E+16
81464,9.17053E+18,9,7,74,174,2017,5,8,4,3,8,7,0,0,0,1,0,0,0,6.02137E+20,5.36737E+21,1.03813E+16,4.84512E+16
81465,9.17053E+18,9,1,73,140,2017,5,7,7,3,4,6,0,1,0,0,1,0,0,6.98233E+20,5.29382E+21,1.16456E+16,4.77672E+16
81466,9.17053E+18,9,7,77,176,2017,5,15,4,2,1,1,0,1,0,0,1,0,0,6.04193E+20,5.29777E+21,1.03921E+16,4.78248E+16
81467,9.17053E+18,9,7,77,145,2017,5,7,4,3,5,3,1,1,0,0,0,0,0,6.2964E+20,5.32815E+21,1.07411E+16,4.80934E+16
81468,9.17053E+18,9,7,77,130,2017,5,14,4,3,9,1,0,1,0,0,0,0,0,6.25722E+20,5.31356E+21,1.06842E+16,4.7963E+16
81469,9.17053E+18,9,7,79,194,2017,5,13,4,3,5,3,0,1,0,1,0,0,0,6.13952E+20,5.41711E+21,1.05548E+16,4.88964E+16
81470,9.17053E+18,9,7,72,171,2017,5,11,4,3,0,1,1,0,0,0,0,0,0,6.3831E+20,5.37236E+21,1.08719E+16,4.84892E+16
81471,9.17053E+18,9,7,72,184,2017,5,14,4,3,4,2,0,1,0,0,0,0,0,6.34886E+20,5.36246E+21,1.08224E+16,4.84008E+16
81472,9.17053E+18,9,7,71,113,2017,5,9,4,2,5,2,0,1,0,0,0,0,0,6.57428E+20,5.37121E+21,1.11301E+16,4.84743E+16
81473,9.17053E+18,9,6,79,204,2017,5,23,4,1,2,6,0,1,0,0,1,2,0,5.5599E+20,5.51283E+21,9.77748E+15,4.97653E+16
81474,9.17053E+18,9,6,63,0,2017,5,0,4,3,6,7,0,0,1,0,1,2,0,5.66244E+20,5.51658E+21,9.92048E+15,4.9798E+16
81475,9.17053E+18,9,7,61,0,2017,5,14,1,3,0,1,1,0,0,0,0,0,0,6.36978E+20,5.36016E+21,1.08499E+16,4.83797E+16
81476,9.17053E+18,9,6,77,178,2017,5,22,4,3,7,7,1,1,0,0,0,2,0,5.44795E+20,5.5307E+21,9.6241E+15,4.9927E+16
81477,9.17053E+18,9,6,77,154,2017,5,17,4,3,2,6,0,1,0,0,0,0,0,5.4193E+20,5.52004E+21,9.58303E+15,4.98313E+16
81478,9.17053E+18,9,6,79,170,2017,5,13,1,2,5,3,0,1,0,1,0,0,0,5.75438E+20,5.50226E+21,1.00454E+16,4.96682E+16
81479,9.17053E+18,9,6,77,131,2017,5,0,4,3,8,1,0,1,0,0,0,2,0,5.45941E+20,5.54502E+21,9.64177E+15,5.00557E+16
81480,9.1706E+18,9,1,76,137,2017,6,13,5,2,5,3,0,1,0,1,0,0,0,6.74757E+20,5.43026E+21,1.13894E+16,4.90004E+16
81481,9.17053E+18,9,6,75,114,2017,5,16,1,3,8,1,0,0,0,1,0,0,0,5.82341E+20,5.51225E+21,1.01432E+16,4.97571E+16
81482,9.17053E+18,9,6,77,155,2017,5,19,4,2,3,6,1,0,0,0,0,0,0,5.45877E+20,5.54163E+21,9.64048E+15,5.00252E+16
81483,9.17053E+18,9,6,75,174,2017,5,14,1,3,5,3,0,1,0,1,0,0,0,5.87941E+20,5.52498E+21,1.02238E+16,4.98707E+16
81484,9.17053E+18,9,6,77,148,2017,5,18,4,3,4,6,0,1,0,0,0,0,0,5.4855E+20,5.53677E+21,9.67717E+15,4.99812E+16
81485,9.17053E+18,9,6,76,144,2017,5,16,4,3,8,1,0,1,0,0,0,0,0,5.07992E+20,5.52986E+21,9.11133E+15,4.99211E+16
81486,9.17053E+18,9,6,76,160,2017,5,10,4,3,1,5,0,1,0,0,0,0,0,5.11343E+20,5.52862E+21,9.15798E+15,4.99098E+16
81487,9.17053E+18,9,5,76,113,2017,5,9,4,3,3,6,0,1,0,0,0,0,0,6.61526E+20,5.45636E+21,1.12191E+16,4.92387E+16
81488,9.17053E+18,9,5,72,133,2017,5,15,4,3,4,6,0,0,0,1,1,0,0,6.38379E+20,5.50191E+21,1.09172E+16,4.96539E+16
81489,9.17053E+18,9,5,72,132,2017,5,13,4,3,6,4,0,1,1,0,0,0,0,6.35796E+20,5.49228E+21,1.08781E+16,4.95679E+16
81490,9.17053E+18,9,5,62,0,2017,5,15,4,3,4,2,1,1,0,0,0,0,0,6.43307E+20,5.49682E+21,1.09836E+16,4.96069E+16
81491,9.17053E+18,9,5,62,0,2017,5,22,4,3,0,7,0,1,0,0,0,0,0,6.43599E+20,5.49344E+21,1.09864E+16,4.95765E+16
81492,9.17053E+18,9,5,76,113,2017,5,15,4,3,8,1,0,0,0,1,0,0,0,6.65063E+20,5.4587E+21,1.12686E+16,4.92588E+16
81493,9.17053E+18,9,5,76,148,2017,5,17,4,3,8,1,0,0,0,1,0,0,0,6.5928E+20,5.44248E+21,1.11827E+16,4.91145E+16
81494,9.17053E+18,9,6,73,117,2017,5,11,1,2,8,1,0,0,0,1,0,0,0,5.7243E+20,5.58177E+21,1.00188E+16,5.03835E+16
81495,9.17053E+18,9,5,71,226,2017,5,17,4,3,6,7,0,1,1,0,0,0,0,6.32719E+20,5.45673E+21,1.08237E+16,4.92489E+16
81496,9.17053E+18,9,6,73,117,2017,5,12,1,3,8,1,0,0,0,1,0,0,0,5.68014E+20,5.58084E+21,9.95651E+15,5.03757E+16
81497,9.17053E+18,9,5,71,135,2017,5,17,4,3,5,3,0,1,0,0,0,0,0,6.21378E+20,5.47559E+21,1.06737E+16,4.94209E+16
81498,9.17053E+18,9,6,72,112,2017,5,11,1,2,2,2,0,0,0,1,0,0,0,5.74425E+20,5.56737E+21,1.0044E+16,5.02538E+16
81499,9.17053E+18,9,4,76,145,2017,5,16,4,3,2,6,0,1,0,0,0,0,0,6.64283E+20,5.572E+21,1.13057E+16,5.02773E+16
81500,9.17053E+18,9,6,78,193,2017,5,15,1,2,5,3,0,1,0,0,0,0,0,5.78629E+20,5.53988E+21,1.00973E+16,5.0006E+16
81501,9.17053E+18,9,4,63,0,2017,5,8,4,3,2,6,0,1,0,0,0,0,0,6.37251E+20,5.57218E+21,1.09266E+16,5.02857E+16
81502,9.17053E+18,9,4,72,119,2017,5,14,4,3,6,4,0,1,1,0,0,0,0,6.87148E+20,5.53999E+21,1.16106E+16,4.99828E+16
81503,9.17053E+18,9,4,72,197,2017,5,15,4,2,4,2,0,1,0,1,0,0,0,6.66385E+20,5.52395E+21,1.13143E+16,4.98448E+16
81504,9.17053E+18,9,4,72,198,2017,5,21,4,3,1,1,0,1,0,0,0,0,0,7.00522E+20,5.54245E+21,1.17982E+16,5.00006E+16
81505,9.17053E+18,9,6,78,176,2017,5,18,1,3,6,4,0,0,1,1,0,0,0,5.89183E+20,5.53916E+21,1.02444E+16,4.99981E+16
81506,9.17053E+18,9,4,72,115,2017,5,17,4,3,2,1,0,0,0,1,1,0,0,6.59584E+20,5.52777E+21,1.12214E+16,4.9881E+16
81507,9.17053E+18,9,1,89,155,2017,5,22,7,3,0,7,1,0,0,0,0,2,0,7.70106E+20,5.31037E+21,1.26135E+16,4.78897E+16
81508,9.17053E+18,9,6,72,113,2017,5,18,1,2,2,6,0,1,0,1,0,0,0,5.58244E+20,5.57451E+21,9.81815E+15,5.03198E+16
81509,9.17053E+18,9,1,72,116,2017,5,14,7,2,5,3,0,1,0,0,0,0,0,8.02845E+20,5.28509E+21,1.30328E+16,4.76483E+16
81510,9.17053E+18,9,1,72,117,2017,5,17,7,2,4,6,0,1,0,0,0,0,0,7.9922E+20,5.28285E+21,1.29831E+16,4.76299E+16
81511,9.17053E+18,9,6,77,120,2017,5,16,1,3,3,6,0,1,0,0,0,0,0,5.31334E+20,5.52533E+21,9.43613E+15,4.98795E+16
81512,9.17053E+18,9,6,76,112,2017,5,12,1,3,4,1,0,1,0,1,0,0,0,5.13842E+20,5.49905E+21,9.19173E+15,4.96438E+16
81513,9.17053E+18,9,5,64,0,2017,5,10,1,3,2,6,0,1,0,0,0,0,0,6.51308E+20,5.46779E+21,1.10831E+16,4.93441E+16
81514,9.17053E+18,9,5,76,151,2017,5,13,1,3,2,6,0,1,0,0,0,0,0,6.55842E+20,5.47243E+21,1.11473E+16,4.93846E+16
81515,9.17053E+18,9,4,62,0,2017,5,14,4,3,1,3,0,1,0,0,0,0,0,6.85518E+20,5.53597E+21,1.15859E+16,4.99472E+16
81516,9.17053E+18,9,4,71,214,2017,5,22,4,3,9,1,0,1,0,0,0,2,0,6.40245E+20,5.54485E+21,1.09586E+16,5.00394E+16
81517,9.17053E+18,9,1,87,170,2017,5,10,7,3,2,6,0,0,0,1,0,0,0,7.34198E+20,5.31866E+21,1.21384E+16,4.79784E+16
81518,9.17053E+18,9,4,74,154,2017,5,19,4,3,4,2,1,1,0,0,0,0,0,6.54099E+20,5.49785E+21,1.11332E+16,4.96136E+16
81519,9.17053E+18,9,4,74,126,2017,5,17,4,3,6,4,0,0,1,1,0,0,0,6.47995E+20,5.5101E+21,1.10534E+16,4.97252E+16
81520,9.17053E+18,9,1,87,167,2017,5,14,7,3,2,6,0,1,0,0,0,0,0,7.41568E+20,5.3051E+21,1.22294E+16,4.78538E+16
81521,9.17053E+18,9,4,71,220,2017,5,8,4,3,3,2,1,1,0,0,0,0,0,6.16764E+20,5.51287E+21,1.06211E+16,4.9757E+16
81522,9.17053E+18,9,1,82,116,2017,5,14,7,3,4,6,1,0,0,0,0,0,0,7.03886E+20,5.2924E+21,1.17203E+16,4.77527E+16
81523,9.17053E+18,9,3,63,0,2017,5,18,4,3,6,4,0,1,1,0,0,0,0,7.27517E+20,5.50597E+21,1.21529E+16,4.96633E+16