OBJECTID,UIDENTSTLA,ULAND,UREGBEZ,UKREIS,UGEMEINDE,UJAHR,UMONAT,USTUNDE,UWOCHENTAG,UKATEGORIE,UART,UTYP1,IstRad,IstPKW,IstFuss,IstKrad,IstSonstig,LICHT,STRZUSTAND,LINREFX,LINREFY,XGCSWGS84,YGCSWGS84
81524,9.17053E+18,9,1,82,120,2017,5,17,7,3,1,3,1,1,0,0,0,0,0,7.01712E+20,5.30666E+21,1.1698E+16,4.78816E+16
81525,9.17053E+18,9,3,74,139,2017,5,20,4,3,5,1,1,1,0,0,0,1,0,7.28187E+20,5.51327E+21,1.21665E+16,4.97286E+16
81526,9.17053E+18,9,3,62,0,2017,5,8,4,3,2,6,0,1,0,0,0,0,0,7.31204E+20,5.43224E+21,1.21612E+16,4.89997E+16
81527,9.17053E+18,9,5,65,0,2017,5,20,1,3,8,2,0,1,0,0,0,0,0,6.47117E+20,5.46599E+21,1.10248E+16,4.93289E+16
81528,9.17053E+18,9,3,72,144,2017,5,13,4,3,9,1,0,1,0,0,0,0,0,7.92031E+20,5.46077E+21,1.30116E+16,4.923E+16
81529,9.17053E+18,9,3,75,205,2017,5,4,4,3,8,1,0,1,0,0,0,1,0,7.32529E+20,5.42158E+21,1.21732E+16,4.89035E+16
81530,9.17053E+18,9,3,72,170,2017,5,9,4,3,5,3,0,1,0,0,1,0,0,7.47088E+20,5.45622E+21,1.23927E+16,4.92089E+16
81531,9.17053E+18,9,1,87,129,2017,5,15,7,3,3,2,0,1,0,1,0,0,0,7.25103E+20,5.29637E+21,1.20051E+16,4.77813E+16
81532,9.17053E+18,9,3,62,0,2017,5,10,4,3,5,2,1,1,0,0,0,0,0,7.25783E+20,5.43522E+21,1.20889E+16,4.90285E+16
81533,9.17053E+18,9,3,73,113,2017,5,8,4,3,2,6,0,1,0,0,0,0,0,6.77344E+20,5.46688E+21,1.14409E+16,4.93289E+16
81534,9.17053E+18,9,1,82,124,2017,5,16,7,3,0,1,0,0,0,1,0,0,0,7.04062E+20,5.27792E+21,1.17159E+16,4.76225E+16
81535,9.17053E+18,9,3,72,117,2017,5,13,4,3,5,3,0,1,0,0,0,0,0,7.73506E+20,5.45685E+21,1.27551E+16,4.92033E+16
81536,9.17053E+18,9,3,72,175,2017,5,7,4,3,5,3,0,0,0,1,1,0,0,7.67197E+20,5.46094E+21,1.26713E+16,4.92428E+16
81537,9.17053E+18,9,1,87,117,2017,5,19,7,3,0,1,1,0,0,0,0,1,0,7.25301E+20,5.30539E+21,1.20124E+16,4.78623E+16
81538,9.17053E+18,9,3,71,122,2017,5,17,4,3,5,3,0,1,0,0,0,0,0,7.11954E+20,5.4789E+21,1.1923E+16,4.94258E+16
81539,9.17053E+18,9,2,63,0,2017,5,6,4,3,5,2,0,1,0,0,0,0,0,7.61992E+20,5.42051E+21,1.25738E+16,4.88821E+16
81540,9.17053E+18,9,2,63,0,2017,5,7,4,2,4,2,1,1,0,0,0,0,0,7.62699E+20,5.41999E+21,1.25831E+16,4.88771E+16
81541,9.17053E+18,9,2,71,146,2017,5,18,4,3,5,3,1,1,0,0,0,0,0,7.84377E+20,5.40977E+21,1.2871E+16,4.87758E+16
81542,9.17053E+18,9,2,71,119,2017,5,16,4,3,1,6,0,1,0,0,0,0,0,7.89354E+20,5.41653E+21,1.29434E+16,4.88342E+16
81543,9.17053E+18,9,2,78,118,2017,5,7,4,3,9,7,0,1,0,0,0,0,0,7.73695E+20,5.42179E+21,1.2734E+16,4.88886E+16
81544,9.17053E+18,9,2,75,127,2017,5,16,4,3,9,1,0,0,0,1,0,0,0,8.05054E+20,5.39852E+21,1.31434E+16,4.86652E+16
81545,9.17053E+18,9,5,76,151,2017,5,15,1,2,2,6,0,1,0,1,0,0,0,6.54481E+20,5.46867E+21,1.11271E+16,4.93512E+16
81546,9.17053E+18,9,2,77,126,2017,5,17,4,3,5,3,0,0,0,1,1,0,0,7.91501E+20,5.38322E+21,1.29491E+16,4.85343E+16
81547,9.17053E+18,9,2,62,0,2017,5,11,4,3,3,6,0,0,0,1,1,0,0,8.30122E+20,5.39046E+21,1.34765E+16,4.85801E+16
81548,9.17053E+18,9,5,76,121,2017,5,17,1,2,4,2,0,1,0,1,0,0,0,6.4874E+20,5.45173E+21,1.10418E+16,4.92003E+16
81549,9.17053E+18,9,2,72,151,2017,5,14,4,3,2,2,0,1,0,0,0,0,0,8.37001E+20,5.40974E+21,1.35851E+16,4.87493E+16
81550,9.1706E+18,9,1,79,145,2017,6,19,5,3,5,3,1,0,0,0,1,0,0,6.76229E+20,5.33917E+21,1.13709E+16,4.81813E+16
81551,9.17053E+18,9,5,76,121,2017,5,17,1,2,4,3,0,1,0,1,0,0,0,6.44908E+20,5.448E+21,1.09879E+16,4.91677E+16
81552,9.17053E+18,9,2,77,121,2017,5,11,4,3,6,7,0,1,1,0,0,0,0,7.63455E+20,5.37125E+21,1.25624E+16,4.84392E+16
81553,9.17053E+18,9,5,73,127,2017,5,21,1,3,4,6,0,1,0,0,0,2,0,6.42954E+20,5.4726E+21,1.09699E+16,4.93893E+16
81554,9.17053E+18,9,2,74,132,2017,5,9,4,3,2,6,0,1,0,0,0,0,0,7.25906E+20,5.38587E+21,1.20634E+16,4.85851E+16
81555,9.17053E+18,9,5,71,111,2017,5,15,1,3,0,7,0,1,1,1,0,0,0,5.7997E+20,5.47764E+21,1.01032E+16,4.94462E+16
81556,9.17053E+18,9,2,73,165,2017,5,15,4,1,4,6,0,1,0,0,1,0,0,7.14922E+20,5.41061E+21,1.19275E+16,4.88112E+16
81557,9.17053E+18,9,5,71,115,2017,5,16,1,3,5,3,1,0,0,0,0,0,0,6.12873E+20,5.45141E+21,1.05496E+16,4.9205E+16
81558,9.17053E+18,9,2,73,137,2017,5,13,4,2,9,1,0,1,0,0,0,0,0,7.11913E+20,5.42261E+21,1.18928E+16,4.89202E+16
81559,9.17053E+18,9,1,73,142,2017,5,14,4,3,3,6,0,1,0,1,0,0,0,6.73846E+20,5.28086E+21,1.13153E+16,4.76577E+16
81560,9.17053E+18,9,1,73,133,2017,5,18,4,2,9,1,0,0,0,1,0,1,0,6.75428E+20,5.27509E+21,1.1334E+16,4.76055E+16
81561,9.17053E+18,9,1,86,137,2017,5,4,7,3,7,1,0,1,0,0,0,2,0,6.84061E+20,5.39795E+21,1.15019E+16,4.87074E+16
81562,9.17053E+18,9,1,61,0,2017,5,0,7,3,3,7,1,0,0,0,0,2,0,6.7687E+20,5.40422E+21,1.1407E+16,4.87659E+16
81563,9.17053E+18,9,1,61,0,2017,5,18,7,3,2,6,0,1,0,0,0,0,0,6.76937E+20,5.40454E+21,1.1408E+16,4.87687E+16
81564,9.17053E+18,9,4,75,175,2017,5,13,1,3,2,6,0,1,0,0,0,0,0,6.95949E+20,5.55711E+21,1.1742E+16,5.01338E+16
81565,9.17053E+18,9,4,75,169,2017,5,17,1,2,0,6,1,0,0,0,0,0,0,6.82797E+20,5.57389E+21,1.15662E+16,5.02887E+16
81566,9.17053E+18,9,4,78,165,2017,5,10,1,3,2,1,0,1,0,0,0,0,0,6.44011E+20,5.5527E+21,1.10141E+16,5.01091E+16
81567,9.17053E+18,9,4,78,165,2017,5,10,1,2,5,3,0,1,0,0,0,0,0,6.44015E+20,5.5527E+21,1.10141E+16,5.01091E+16
81568,9.17053E+18,9,4,72,175,2017,5,9,1,1,5,3,0,0,0,1,0,0,0,6.80302E+20,5.50985E+21,1.15012E+16,4.97141E+16
81569,9.17053E+18,9,1,89,119,2017,5,18,4,3,2,2,0,1,0,0,0,0,0,7.67436E+20,5.30987E+21,1.25775E+16,4.78864E+16
81570,9.17053E+18,9,4,72,177,2017,5,11,1,2,2,6,0,0,0,1,0,0,0,6.79821E+20,5.50234E+21,1.1491E+16,4.96468E+16
81571,9.17053E+18,9,4,71,189,2017,5,16,1,2,2,6,0,1,0,0,0,0,0,6.54243E+20,5.53989E+21,1.11519E+16,4.99914E+16
81572,9.17053E+18,9,4,74,126,2017,5,12,1,3,5,3,1,1,0,0,0,0,0,6.48812E+20,5.5103E+21,1.10648E+16,4.97268E+16
81573,9.17053E+18,9,1,76,160,2017,5,10,7,3,5,3,1,1,0,0,0,0,0,6.54116E+20,5.41892E+21,1.11031E+16,4.8904E+16
81574,9.17053E+18,9,1,89,119,2017,5,7,4,3,2,6,0,1,0,0,0,0,1,7.63397E+20,5.30328E+21,1.25196E+16,4.78289E+16
81575,9.17053E+18,9,1,89,155,2017,5,5,4,3,8,3,0,1,0,0,0,1,0,7.72856E+20,5.31438E+21,1.26527E+16,4.79246E+16
81576,9.17053E+18,9,1,76,114,2017,5,18,7,3,1,6,0,1,0,1,0,0,0,6.80546E+20,5.43442E+21,1.14703E+16,4.90362E+16
81577,9.17053E+18,9,1,89,120,2017,5,16,4,2,4,1,1,1,0,0,0,0,0,7.60054E+20,5.29942E+21,1.24727E+16,4.77956E+16
81578,9.17053E+18,9,1,72,128,2017,5,6,4,3,8,6,0,1,0,0,0,0,0,7.93772E+20,5.29857E+21,1.29214E+16,4.77734E+16
81579,9.17053E+18,9,1,76,137,2017,5,9,7,3,2,6,0,1,0,0,0,0,0,6.78623E+20,5.43032E+21,1.14422E+16,4.89999E+16
81580,9.17053E+18,9,1,71,117,2017,5,6,4,3,5,3,1,1,0,0,0,0,0,7.65948E+20,5.33675E+21,1.25743E+16,4.81284E+16
81581,9.17053E+18,9,1,84,146,2017,5,14,4,3,2,6,0,1,0,0,0,0,0,6.95549E+20,5.32782E+21,1.16253E+16,4.80737E+16
81582,9.17053E+18,9,1,87,177,2017,5,7,4,3,0,1,0,0,0,1,0,0,1,7.35334E+20,5.3053E+21,1.21463E+16,4.78579E+16
81583,9.17053E+18,9,1,87,150,2017,5,14,4,3,0,6,1,0,0,0,0,0,0,7.29036E+20,5.30345E+21,1.20613E+16,4.78436E+16
81584,9.17053E+18,9,1,61,0,2017,5,11,4,2,4,2,0,1,0,1,0,0,0,6.77231E+20,5.40618E+21,1.14127E+16,4.87834E+16
81585,9.17053E+18,9,1,61,0,2017,5,7,4,2,0,7,0,0,0,1,1,0,1,6.77103E+20,5.39846E+21,1.14077E+16,4.8714E+16
81586,9.17053E+18,9,1,61,0,2017,5,17,4,3,2,6,0,1,0,0,0,0,0,6.82201E+20,5.40608E+21,1.14803E+16,4.87811E+16
81587,9.17053E+18,9,4,71,207,2017,5,5,1,3,0,6,0,1,0,1,0,1,0,6.27229E+20,5.53176E+21,1.07726E+16,4.99246E+16
81588,9.17053E+18,9,1,86,137,2017,5,9,4,3,2,6,0,1,0,0,0,0,0,6.83046E+20,5.39745E+21,1.14879E+16,4.87032E+16
81589,9.17053E+18,9,1,86,158,2017,5,18,4,3,5,3,0,1,0,0,1,0,0,6.93545E+20,5.40513E+21,1.16341E+16,4.8769E+16
81590,9.17053E+18,9,4,71,185,2017,5,19,1,2,4,2,0,0,0,1,0,0,0,6.51072E+20,5.53812E+21,1.1107E+16,4.99763E+16
81591,9.17053E+18,9,1,81,146,2017,5,7,4,3,2,6,0,1,0,0,0,0,0,6.50665E+20,5.3257E+21,1.10224E+16,4.80667E+16
81592,9.17053E+18,9,4,71,185,2017,5,14,1,2,8,1,0,0,0,1,0,0,0,6.51349E+20,5.53798E+21,1.11108E+16,4.99749E+16
81593,9.17053E+18,9,1,79,113,2017,5,18,4,2,1,6,0,1,0,0,0,0,0,6.71855E+20,5.33575E+21,1.13107E+16,4.81518E+16
81594,9.17053E+18,9,3,75,180,2017,5,19,1,3,2,6,0,1,0,0,0,0,0,7.27865E+20,5.42462E+21,1.21114E+16,4.89325E+16
81595,9.17053E+18,9,1,84,121,2017,5,17,4,3,0,7,0,1,0,1,0,0,0,7.04167E+20,5.32952E+21,1.17417E+16,4.80862E+16
81596,9.17053E+18,9,3,75,122,2017,5,11,1,3,8,1,0,1,0,0,0,0,0,7.12004E+20,5.44344E+21,1.19049E+16,4.91072E+16
81597,9.17053E+18,9,1,75,118,2017,5,16,4,3,8,6,0,0,0,0,1,0,0,7.15651E+20,5.3399E+21,1.19009E+16,4.81757E+16
81598,9.17053E+18,9,1,75,132,2017,5,6,4,3,9,1,0,1,0,0,0,0,1,7.08262E+20,5.33682E+21,1.18002E+16,4.81505E+16
81599,9.17053E+18,9,1,88,121,2017,5,19,7,3,2,6,0,1,0,0,0,0,0,6.70261E+20,5.32916E+21,1.12866E+16,4.80929E+16
81600,9.17053E+18,9,1,74,121,2017,5,15,7,2,9,1,0,0,0,1,0,0,0,6.87714E+20,5.35537E+21,1.15324E+16,4.83237E+16
81601,9.17053E+18,9,1,78,113,2017,5,14,7,2,5,2,0,1,0,0,0,0,0,6.91914E+20,5.36738E+21,1.15945E+16,4.84303E+16
81602,9.17053E+18,9,1,78,113,2017,5,0,4,3,8,1,0,1,0,0,0,2,1,6.91496E+20,5.36846E+21,1.15893E+16,4.84402E+16
81603,9.17053E+18,9,1,77,113,2017,5,17,4,3,5,3,0,1,0,0,0,0,0,7.20783E+20,5.35303E+21,1.19767E+16,4.82919E+16
81604,9.17053E+18,9,1,62,0,2017,5,0,3,3,9,1,0,1,0,0,0,2,0,6.94566E+20,5.33136E+21,1.16137E+16,4.81058E+16
81605,9.17053E+18,9,1,84,148,2017,5,18,3,3,6,7,0,1,1,0,0,0,0,6.95245E+20,5.32635E+21,1.16205E+16,4.80605E+16
81606,9.17053E+18,9,1,84,148,2017,5,7,3,3,5,3,0,1,0,0,0,0,0,6.9535E+20,5.32556E+21,1.16216E+16,4.80534E+16
81607,9.17053E+18,9,1,62,0,2017,5,10,3,3,5,3,1,1,0,0,0,0,0,6.92537E+20,5.33919E+21,1.159E+16,4.81768E+16
81608,9.17053E+18,9,1,62,0,2017,5,8,3,2,5,3,0,1,0,1,0,0,0,6.82115E+20,5.33545E+21,1.14484E+16,4.81462E+16
81609,9.17053E+18,9,1,75,122,2017,5,17,7,3,6,4,0,1,1,0,0,0,0,7.2078E+20,5.32567E+21,1.19625E+16,4.80461E+16
81610,9.17053E+18,9,1,75,121,2017,5,10,7,2,8,1,0,0,0,1,0,0,0,7.14552E+20,5.32112E+21,1.18767E+16,4.80074E+16
81611,9.17053E+18,9,1,77,137,2017,5,0,7,3,0,7,1,0,0,0,0,2,0,7.32801E+20,5.34468E+21,1.21339E+16,4.82126E+16
81612,9.17053E+18,9,1,62,0,2017,5,9,6,3,0,7,0,0,0,0,1,0,0,6.9427E+20,5.34061E+21,1.1614E+16,4.8189E+16
81613,9.17053E+18,9,3,62,0,2017,5,22,1,3,5,2,1,1,0,0,0,2,0,7.26184E+20,5.43521E+21,1.20943E+16,4.90283E+16
81614,9.17053E+18,9,3,72,115,2017,5,9,1,3,2,2,0,1,0,0,1,0,0,7.76943E+20,5.45228E+21,1.2799E+16,4.91608E+16
81615,9.17053E+18,9,3,76,149,2017,5,9,1,3,0,2,0,1,0,0,0,0,0,7.41189E+20,5.45477E+21,1.23109E+16,4.91982E+16
81616,9.17053E+18,9,3,71,122,2017,5,17,1,2,8,7,0,0,0,1,0,0,0,7.17379E+20,5.48082E+21,1.19988E+16,4.94411E+16
81617,9.17053E+18,9,1,84,141,2017,5,9,3,3,1,1,0,1,0,1,0,0,0,7.00196E+20,5.31721E+21,1.16827E+16,4.79769E+16
81618,9.17053E+18,9,1,84,131,2017,5,8,3,3,5,3,0,1,0,0,0,0,0,7.04866E+20,5.33697E+21,1.17546E+16,4.81529E+16
81619,9.17053E+18,9,1,62,0,2017,5,11,3,3,6,1,1,0,1,0,0,0,0,6.96956E+20,5.32972E+21,1.1645E+16,4.80903E+16
81620,9.17053E+18,9,1,62,0,2017,5,9,3,3,0,7,0,0,0,0,1,0,0,6.90523E+20,5.33199E+21,1.15597E+16,4.81126E+16
81621,9.17053E+18,9,1,62,0,2017,5,14,6,3,3,6,0,1,0,0,1,0,0,6.89652E+20,5.34013E+21,1.15517E+16,4.81861E+16
81622,9.17053E+18,9,1,62,0,2017,5,11,3,3,2,6,0,1,0,0,0,0,0,6.94616E+20,5.33417E+21,1.16157E+16,4.8131E+16
81623,9.17053E+18,9,1,62,0,2017,5,17,6,3,5,3,1,1,0,0,0,0,0,6.87978E+20,5.34324E+21,1.15306E+16,4.82145E+16
81624,9.17053E+18,9,7,78,199,2017,5,8,3,1,3,7,0,1,0,0,1,0,0,6.08879E+20,5.32074E+21,1.04605E+16,4.80307E+16
81625,9.17053E+18,9,7,78,113,2017,5,10,3,2,2,6,0,0,0,0,1,0,0,6.12198E+20,5.3206E+21,1.05049E+16,4.80288E+16
81626,9.17053E+18,9,7,75,135,2017,5,19,3,3,5,3,0,1,0,0,0,0,0,5.81657E+20,5.36102E+21,1.01032E+16,4.83971E+16
81627,9.17053E+18,9,7,78,137,2017,5,11,3,3,3,2,0,1,0,0,1,0,0,6.24697E+20,5.3308E+21,1.06755E+16,4.81182E+16
81628,9.17053E+18,9,7,63,0,2017,5,13,3,3,8,7,0,0,0,1,0,0,0,5.99286E+20,5.2876E+21,1.03242E+16,4.77341E+16
81629,9.17053E+18,9,7,63,0,2017,5,14,3,2,3,6,0,1,0,0,1,0,0,5.99519E+20,5.29042E+21,1.0328E+16,4.77594E+16
81630,9.17053E+18,9,7,63,0,2017,5,12,3,1,4,6,0,1,0,1,0,0,0,5.93333E+20,5.29077E+21,1.02455E+16,4.77635E+16
81631,9.17053E+18,9,7,80,133,2017,5,3,4,3,9,1,0,1,0,0,0,2,1,5.94645E+20,5.25149E+21,1.02545E+16,4.741E+16
81632,9.17053E+18,9,7,76,116,2017,5,13,3,3,1,3,1,1,0,0,0,0,0,5.55018E+20,5.26699E+21,9.73128E+15,4.7554E+16
81633,9.17053E+18,9,2,71,119,2017,5,10,1,3,1,6,0,1,0,1,0,0,0,7.9161E+20,5.41375E+21,1.29721E+16,4.88082E+16
81634,9.17053E+18,9,7,63,0,2017,5,17,3,3,2,6,0,1,0,0,0,0,0,5.98267E+20,5.2878E+21,1.03107E+16,4.77361E+16
81635,9.17053E+18,9,2,75,130,2017,5,16,1,3,2,6,1,1,0,0,0,0,0,8.15177E+20,5.36348E+21,1.32541E+16,4.83457E+16
81636,9.17053E+18,9,7,63,0,2017,5,15,3,3,2,6,0,1,0,0,0,0,0,5.9796E+20,5.28758E+21,1.03065E+16,4.77341E+16
81637,9.1706E+18,9,1,81,130,2017,6,12,5,2,5,3,0,1,0,0,0,0,0,6.41905E+20,5.3235E+21,1.09042E+16,4.8049E+16
81638,9.17053E+18,9,2,73,165,2017,5,17,1,2,0,3,0,1,0,0,1,0,0,7.15836E+20,5.41099E+21,1.19402E+16,4.88144E+16
81639,9.17053E+18,9,7,73,136,2017,5,13,3,3,5,3,1,1,0,0,0,0,0,6.02433E+20,5.37931E+21,1.03882E+16,4.85585E+16
81640,9.17053E+18,9,7,73,144,2017,5,14,3,3,3,7,0,1,0,0,0,0,0,6.04584E+20,5.381E+21,1.04178E+16,4.85734E+16
81641,9.17053E+18,9,7,71,122,2017,5,15,3,3,8,7,0,1,0,0,0,0,0,6.52908E+20,5.36215E+21,1.10657E+16,4.83939E+16
81642,9.17053E+18,9,7,72,147,2017,5,17,3,3,0,1,1,0,0,0,0,0,0,6.38803E+20,5.36527E+21,1.08763E+16,4.84253E+16
81643,9.17053E+18,9,7,71,142,2017,5,15,3,3,5,3,0,1,0,0,0,0,0,6.47023E+20,5.35103E+21,1.09823E+16,4.82953E+16
81644,9.17053E+18,9,2,74,128,2017,5,17,1,3,3,6,0,1,0,1,0,0,0,7.3689E+20,5.3892E+21,1.2214E+16,4.8611E+16
81645,9.17053E+18,9,7,71,130,2017,5,9,3,2,0,6,0,1,0,0,0,0,0,6.4469E+20,5.35766E+21,1.09532E+16,4.83555E+16
81646,9.17053E+18,9,7,61,0,2017,5,18,3,2,0,7,1,0,0,0,0,0,0,6.42751E+20,5.3597E+21,1.09277E+16,4.83743E+16
81647,9.17053E+18,9,2,79,137,2017,5,16,1,3,5,3,0,1,0,1,0,0,0,7.75496E+20,5.40519E+21,1.27474E+16,4.87388E+16
81648,9.17053E+18,9,7,71,156,2017,5,20,3,2,4,6,0,1,0,0,0,0,0,6.50313E+20,5.38385E+21,1.10384E+16,4.85897E+16
81649,9.1706E+18,9,1,74,113,2017,6,4,5,3,9,7,0,1,0,0,1,2,0,6.70757E+20,5.34755E+21,1.13007E+16,4.82582E+16
81650,9.17053E+18,9,1,73,147,2017,5,22,1,2,0,7,0,0,0,1,0,2,0,6.8031E+20,5.3081E+21,1.14126E+16,4.79009E+16
81651,9.17053E+18,9,7,71,112,2017,5,8,3,3,0,7,1,0,0,0,0,0,0,6.42959E+20,5.36703E+21,1.0933E+16,4.84402E+16
81652,9.17053E+18,9,1,90,131,2017,5,16,1,3,5,3,0,1,0,0,1,0,0,6.63336E+20,5.29176E+21,1.11795E+16,4.77585E+16
81653,9.17053E+18,9,7,71,113,2017,5,7,3,3,0,7,1,0,0,0,0,0,0,6.57021E+20,5.37059E+21,1.11243E+16,4.84688E+16
81654,9.17053E+18,9,1,90,114,2017,5,17,1,2,4,6,0,1,0,1,0,0,0,6.3307E+20,5.28521E+21,1.07739E+16,4.77065E+16
81655,9.17053E+18,9,6,77,172,2017,5,8,3,2,8,1,0,1,0,0,0,0,1,5.3455E+20,5.53677E+21,9.48192E+15,4.99822E+16
81656,9.17053E+18,9,6,73,114,2017,5,18,3,3,2,1,0,1,0,0,0,0,0,5.88722E+20,5.57683E+21,1.02467E+16,5.03368E+16
81657,9.17053E+18,9,1,62,0,2017,5,8,6,3,5,2,1,1,0,0,0,0,0,6.90882E+20,5.33912E+21,1.15678E+16,4.81766E+16
81658,9.17053E+18,9,7,75,152,2017,5,8,6,3,5,3,0,1,0,1,0,0,0,5.77323E+20,5.35298E+21,1.00431E+16,4.83253E+16
81659,9.17053E+18,9,7,78,127,2017,5,16,6,3,0,7,1,0,0,0,0,0,0,6.11749E+20,5.3177E+21,1.04982E+16,4.80028E+16
81660,9.17053E+18,9,7,78,161,2017,5,16,6,3,0,7,1,0,0,0,0,0,0,5.83837E+20,5.30602E+21,1.01218E+16,4.7902E+16
81661,9.17053E+18,9,1,90,151,2017,5,13,1,3,8,1,1,0,0,0,0,0,0,6.37187E+20,5.2992E+21,1.08331E+16,4.78315E+16
81662,9.17053E+18,9,1,80,124,2017,5,13,1,2,5,3,0,1,0,1,0,0,0,6.6467E+20,5.28312E+21,1.1194E+16,4.76805E+16
81663,9.17053E+18,9,1,80,115,2017,5,12,1,2,8,1,0,0,0,1,0,0,0,6.50771E+20,5.27043E+21,1.10046E+16,4.75698E+16
81664,9.17053E+18,9,1,73,133,2017,5,9,1,3,4,6,0,1,0,0,0,0,0,6.76816E+20,5.27745E+21,1.13534E+16,4.76263E+16
81665,9.17053E+18,9,1,73,112,2017,5,17,1,2,6,4,0,0,1,1,0,0,0,6.93211E+20,5.2928E+21,1.15782E+16,4.77596E+16
81666,9.17053E+18,9,6,72,161,2017,5,8,3,3,1,3,0,1,0,0,1,0,1,5.55431E+20,5.55912E+21,9.77639E+15,5.01817E+16
81667,9.17053E+18,9,7,64,0,2017,5,13,6,3,2,6,0,1,0,0,0,0,0,5.8595E+20,5.31707E+21,1.01522E+16,4.80012E+16
81668,9.17053E+18,9,7,74,121,2017,5,13,6,3,8,1,0,0,0,1,0,0,0,6.03958E+20,5.36524E+21,1.04054E+16,4.84318E+16
81669,9.17053E+18,9,6,73,127,2017,5,17,3,1,4,1,0,1,0,0,0,0,1,6.01204E+20,5.5731E+21,1.04211E+16,5.03014E+16
81670,9.17053E+18,9,6,72,135,2017,5,16,3,3,5,3,0,1,0,0,0,0,1,5.85014E+20,5.56681E+21,1.01924E+16,5.02473E+16
81671,9.17053E+18,9,6,72,114,2017,5,14,3,2,8,7,0,0,0,1,0,0,0,5.77132E+20,5.55895E+21,1.00802E+16,5.01777E+16
81672,9.17053E+18,9,6,76,132,2017,5,15,3,3,1,3,0,1,0,0,0,0,1,5.1566E+20,5.5066E+21,9.21721E+15,4.97117E+16
81673,9.17053E+18,9,5,74,138,2017,5,11,3,3,2,6,0,0,0,0,1,0,0,6.65458E+20,5.48548E+21,1.12852E+16,4.94993E+16
81674,9.17053E+18,9,5,74,123,2017,5,7,3,3,2,6,0,1,0,0,1,0,0,6.581E+20,5.4733E+21,1.11788E+16,4.93918E+16
81675,9.17053E+18,9,5,62,0,2017,5,17,3,3,1,6,0,1,0,0,0,0,0,6.4044E+20,5.49215E+21,1.09422E+16,4.95656E+16
81676,9.17053E+18,9,5,62,0,2017,5,8,3,3,0,6,0,0,0,1,0,0,1,6.45156E+20,5.4968E+21,1.10091E+16,4.96063E+16
81677,9.17053E+18,9,5,64,0,2017,5,19,3,2,0,1,0,0,0,1,0,0,0,6.52285E+20,5.46935E+21,1.10972E+16,4.93578E+16
81678,9.17053E+18,9,5,64,0,2017,5,17,3,3,2,6,0,1,0,0,0,0,0,6.57366E+20,5.48185E+21,1.1172E+16,4.94689E+16
81679,9.17053E+18,9,5,64,0,2017,5,22,3,3,6,1,0,1,1,0,0,2,0,6.49848E+20,5.47711E+21,1.10666E+16,4.94282E+16
81680,9.17053E+18,9,7,63,0,2017,5,20,6,3,4,7,0,1,0,0,0,1,0,5.96362E+20,5.29198E+21,1.02862E+16,4.7774E+16
81681,9.17053E+18,9,5,75,145,2017,5,18,3,2,9,1,0,1,0,0,0,0,0,6.2151E+20,5.48254E+21,1.06776E+16,4.94833E+16
81682,9.17053E+18,9,5,75,119,2017,5,10,3,3,8,1,0,1,0,0,0,0,1,6.08479E+20,5.48822E+21,1.04993E+16,4.95368E+16
81683,9.17053E+18,9,7,80,140,2017,5,16,6,3,5,2,0,1,0,0,1,0,0,6.04594E+20,5.28139E+21,1.03935E+16,4.76775E+16
81684,9.17053E+18,9,5,75,153,2017,5,16,3,3,2,6,0,1,0,0,1,0,0,6.16175E+20,5.49359E+21,1.06072E+16,4.95837E+16
81685,9.17053E+18,9,7,80,139,2017,5,11,6,3,6,4,1,0,1,0,0,0,0,5.96472E+20,5.26419E+21,1.02815E+16,4.7524E+16
81686,9.17053E+18,9,5,71,165,2017,5,9,3,3,4,6,0,1,0,0,1,0,0,6.34747E+20,5.46905E+21,1.08557E+16,4.93593E+16
81687,9.17053E+18,9,5,71,145,2017,5,8,3,3,5,2,0,1,0,0,1,0,1,5.93406E+20,5.4534E+21,1.02829E+16,4.92263E+16
81688,9.17053E+18,9,5,71,208,2017,5,16,3,2,8,7,0,0,0,1,0,0,0,6.18127E+20,5.43693E+21,1.06174E+16,4.90739E+16
81689,9.17053E+18,9,4,79,138,2017,5,12,3,3,4,6,0,1,0,0,0,0,0,7.10993E+20,5.54193E+21,1.19438E+16,4.99923E+16
81690,9.17053E+18,9,4,75,136,2017,5,17,3,3,2,6,0,1,0,0,0,0,0,6.92274E+20,5.56627E+21,1.16952E+16,5.02173E+16
81691,9.17053E+18,9,4,75,168,2017,5,22,3,3,2,6,0,1,0,0,0,2,0,7.09546E+20,5.56818E+21,1.19381E+16,5.02286E+16
81692,9.17053E+18,9,4,76,152,2017,5,13,3,3,5,3,0,1,0,0,0,0,0,6.66409E+20,5.59232E+21,1.13445E+16,5.04592E+16
81693,9.17053E+18,9,4,71,214,2017,5,7,3,3,2,6,0,1,0,0,0,0,0,6.39098E+20,5.54185E+21,1.09415E+16,5.00127E+16
81694,9.17053E+18,9,4,74,126,2017,5,19,3,3,2,6,0,1,0,0,0,0,0,6.49697E+20,5.50913E+21,1.10767E+16,4.97161E+16
81695,9.17053E+18,9,1,73,135,2017,5,15,1,3,0,1,1,0,0,0,0,0,0,6.94864E+20,5.27912E+21,1.15942E+16,4.76362E+16
81696,9.17053E+18,9,4,74,126,2017,5,12,3,3,4,6,0,1,0,0,0,0,0,6.49509E+20,5.51077E+21,1.10747E+16,4.97308E+16