OBJECTID,UIDENTSTLA,ULAND,UREGBEZ,UKREIS,UGEMEINDE,UJAHR,UMONAT,USTUNDE,UWOCHENTAG,UKATEGORIE,UART,UTYP1,IstRad,IstPKW,IstFuss,IstKrad,IstSonstig,LICHT,STRZUSTAND,LINREFX,LINREFY,XGCSWGS84,YGCSWGS84
81869,9.17053E+18,9,5,76,147,2017,5,16,6,3,8,1,0,0,0,1,0,0,0,6.39713E+20,5.44733E+21,1.09165E+16,4.91629E+16
81870,9.17053E+18,9,5,74,138,2017,5,15,6,3,4,3,1,1,0,0,0,0,0,6.65251E+20,5.48713E+21,1.1283E+16,4.95142E+16
81871,9.17053E+18,9,4,75,142,2017,5,4,7,3,2,6,0,1,0,0,0,1,0,7.00299E+20,5.57376E+21,1.18115E+16,5.0282E+16
81872,9.17053E+18,9,4,75,169,2017,5,12,7,3,2,2,0,1,0,0,0,0,0,6.87025E+20,5.57466E+21,1.16259E+16,5.02944E+16
81873,9.17053E+18,9,4,75,112,2017,5,17,7,3,0,1,1,0,0,0,0,0,0,6.86915E+20,5.58221E+21,1.16281E+16,5.03623E+16
81874,9.17053E+18,9,4,75,136,2017,5,19,7,2,4,2,1,1,0,0,0,0,0,6.94436E+20,5.56871E+21,1.17267E+16,5.02386E+16
81875,9.17053E+18,9,4,73,153,2017,5,1,7,3,9,1,0,1,0,0,0,2,0,6.41373E+20,5.5651E+21,1.09818E+16,5.02212E+16
81876,9.17053E+18,9,6,62,0,2017,5,22,2,3,5,3,0,1,0,0,0,2,0,5.88117E+20,5.54616E+21,1.02311E+16,5.00612E+16
81877,9.17053E+18,9,6,78,176,2017,5,7,2,3,5,3,0,1,0,1,0,0,1,5.89336E+20,5.53869E+21,1.02464E+16,4.99938E+16
81878,9.17053E+18,9,5,73,120,2017,5,23,6,3,1,6,0,1,0,0,0,2,0,6.31267E+20,5.48269E+21,1.08123E+16,4.94827E+16
81879,9.17053E+18,9,6,76,126,2017,5,16,2,3,5,3,0,1,0,0,0,0,0,5.10725E+20,5.52519E+21,9.14928E+15,4.98791E+16
81880,9.17053E+18,9,6,71,155,2017,5,22,2,3,2,6,0,1,0,1,0,2,0,5.04866E+20,5.53581E+21,9.06787E+15,4.99746E+16
81881,9.17053E+18,9,6,71,143,2017,5,10,2,3,4,6,0,1,0,0,1,0,0,5.10632E+20,5.54829E+21,9.14862E+15,5.00868E+16
81882,9.17053E+18,9,5,62,0,2017,5,14,2,3,2,6,0,1,0,0,0,0,0,6.44181E+20,5.4902E+21,1.09932E+16,4.95472E+16
81883,9.17053E+18,9,5,72,164,2017,5,16,2,3,1,6,0,1,0,0,1,0,0,6.33215E+20,5.49901E+21,1.08447E+16,4.96289E+16
81884,9.17053E+18,9,5,72,133,2017,5,6,2,3,4,2,0,1,0,0,0,0,0,6.38056E+20,5.49914E+21,1.09117E+16,4.9629E+16
81885,9.17053E+18,9,5,76,121,2017,5,18,2,3,8,1,0,1,0,0,0,0,1,6.46966E+20,5.45204E+21,1.10176E+16,4.92035E+16
81886,9.17053E+18,9,5,74,135,2017,5,13,2,3,0,1,0,0,0,1,0,0,0,6.75138E+20,5.49214E+21,1.14217E+16,4.95565E+16
81887,9.17053E+18,9,5,64,0,2017,5,15,2,3,9,1,0,0,0,1,0,0,0,6.50423E+20,5.47735E+21,1.10746E+16,4.94302E+16
81888,9.17053E+18,9,4,78,165,2017,5,16,7,2,2,1,0,0,0,1,0,0,0,6.42353E+20,5.5533E+21,1.09911E+16,5.01149E+16
81889,9.17053E+18,9,5,64,0,2017,5,17,2,3,5,3,1,1,0,0,0,0,0,6.46737E+20,5.48066E+21,1.1025E+16,4.94609E+16
81890,9.17053E+18,9,4,78,139,2017,5,12,7,3,2,6,0,1,0,0,0,0,0,6.5148E+20,5.55796E+21,1.11206E+16,5.01545E+16
81891,9.17053E+18,9,5,64,0,2017,5,8,2,3,5,3,0,1,0,0,0,0,0,6.57053E+20,5.48185E+21,1.11677E+16,4.9469E+16
81892,9.17053E+18,9,4,76,146,2017,5,19,7,2,0,7,1,0,0,0,0,0,0,6.61328E+20,5.56334E+21,1.12606E+16,5.02002E+16
81893,9.17053E+18,9,5,71,181,2017,5,18,2,3,9,1,0,1,0,0,0,0,1,5.88835E+20,5.46992E+21,1.02238E+16,4.93755E+16
81894,9.17053E+18,9,5,75,153,2017,5,10,2,3,0,1,1,0,0,0,0,0,0,6.1455E+20,5.49288E+21,1.05846E+16,4.95777E+16
81895,9.17053E+18,9,5,75,144,2017,5,5,2,3,8,1,0,1,0,0,0,0,0,6.01765E+20,5.5015E+21,1.041E+16,4.96574E+16
81896,9.17053E+18,9,5,75,121,2017,5,17,2,3,5,3,0,1,0,1,0,0,0,6.30077E+20,5.48981E+21,1.07982E+16,4.95469E+16
81897,9.17053E+18,9,4,77,158,2017,5,11,7,3,0,7,1,0,0,0,0,0,0,6.81604E+20,5.55059E+21,1.15383E+16,5.00798E+16
81898,9.17053E+18,9,5,64,0,2017,5,7,6,3,6,4,0,0,1,1,0,0,0,6.56956E+20,5.47493E+21,1.11636E+16,4.94068E+16
81899,9.17053E+18,9,4,77,128,2017,5,9,7,3,2,2,0,1,0,0,0,0,0,6.77531E+20,5.55409E+21,1.14831E+16,5.01125E+16
81900,9.17053E+18,9,4,74,126,2017,5,9,7,3,2,6,0,1,0,0,0,0,0,6.48204E+20,5.50539E+21,1.10545E+16,4.96828E+16
81901,9.17053E+18,9,5,71,178,2017,5,13,2,3,4,2,1,1,0,0,0,0,0,6.30914E+20,5.45271E+21,1.07976E+16,4.92132E+16
81902,9.17053E+18,9,4,74,123,2017,5,19,7,2,5,3,0,1,0,0,1,0,0,6.49408E+20,5.51484E+21,1.10748E+16,4.97674E+16
81903,9.17053E+18,9,4,75,175,2017,5,9,2,3,1,6,0,1,0,0,0,0,0,6.95947E+20,5.55781E+21,1.17423E+16,5.01401E+16
81904,9.17053E+18,9,4,71,122,2017,5,19,7,3,8,7,0,1,0,0,0,0,0,6.13373E+20,5.52098E+21,1.05764E+16,4.98306E+16
81905,9.17053E+18,9,1,62,0,2017,5,15,4,3,2,6,0,1,0,0,1,0,0,6.88878E+20,5.34011E+21,1.15413E+16,4.81861E+16
81906,9.17053E+18,9,4,75,171,2017,5,13,2,3,8,1,0,1,0,0,0,0,0,6.98693E+20,5.57844E+21,1.17915E+16,5.03245E+16
81907,9.17053E+18,9,4,73,132,2017,5,10,2,3,4,6,0,1,0,0,0,0,0,6.39819E+20,5.56127E+21,1.09586E+16,5.01871E+16
81908,9.17053E+18,9,4,72,188,2017,5,7,2,3,5,3,0,1,0,0,0,0,0,6.94969E+20,5.53026E+21,1.17146E+16,4.9893E+16
81909,9.17053E+18,9,4,71,185,2017,5,16,7,2,2,6,0,0,0,1,1,0,0,6.50419E+20,5.53838E+21,1.1098E+16,4.99788E+16
81910,9.17053E+18,9,3,75,180,2017,5,17,7,3,9,1,0,0,0,1,1,0,0,7.24063E+20,5.4314E+21,1.20633E+16,4.89948E+16
81911,9.17053E+18,9,3,75,162,2017,5,15,7,2,8,1,0,0,0,1,0,0,0,7.123E+20,5.43715E+21,1.19057E+16,4.90507E+16
81912,9.17053E+18,9,3,72,153,2017,5,12,7,3,6,7,0,1,1,0,0,0,0,7.56068E+20,5.45505E+21,1.2515E+16,4.91947E+16
81913,9.17053E+18,9,3,73,159,2017,5,16,7,3,5,3,0,1,0,0,1,0,0,6.76442E+20,5.45548E+21,1.14234E+16,4.92267E+16
81914,9.17053E+18,9,3,73,147,2017,5,11,7,3,0,7,0,1,0,0,0,0,0,6.79097E+20,5.46118E+21,1.14624E+16,4.92771E+16
81915,9.17053E+18,9,4,72,190,2017,5,7,2,1,9,1,0,1,0,0,0,0,0,6.96457E+20,5.52941E+21,1.17349E+16,4.98848E+16
81916,9.17053E+18,9,4,62,0,2017,5,22,2,3,0,7,1,0,0,0,0,2,1,6.84395E+20,5.53557E+21,1.15701E+16,4.9944E+16
81917,9.17053E+18,9,4,62,0,2017,5,19,2,3,0,7,0,0,0,1,0,0,1,6.84447E+20,5.53537E+21,1.15707E+16,4.99422E+16
81918,9.17053E+18,9,4,74,126,2017,5,10,2,3,1,6,0,1,0,0,0,0,0,6.48985E+20,5.50722E+21,1.1066E+16,4.96991E+16
81919,9.17053E+18,9,5,64,0,2017,5,7,6,3,2,6,0,1,0,0,1,0,0,6.47635E+20,5.47629E+21,1.10357E+16,4.94213E+16
81920,9.17053E+18,9,4,74,171,2017,5,7,2,3,2,6,0,1,0,0,0,0,0,6.54295E+20,5.51311E+21,1.1142E+16,4.97506E+16
81921,9.17053E+18,9,4,61,0,2017,5,6,2,3,4,2,0,1,0,0,0,0,0,6.33602E+20,5.53083E+21,1.0861E+16,4.99149E+16
81922,9.17053E+18,9,3,72,171,2017,5,18,2,3,2,6,0,1,0,0,0,0,0,7.69415E+20,5.47718E+21,1.27127E+16,4.93877E+16
81923,9.17053E+18,9,3,75,143,2017,5,14,2,3,4,6,0,0,0,0,1,0,0,7.35354E+20,5.41902E+21,1.22102E+16,4.88794E+16
81924,9.17053E+18,9,3,75,183,2017,5,6,2,2,0,7,0,0,0,1,0,0,0,7.49528E+20,5.4272E+21,1.24082E+16,4.89474E+16
81925,9.17053E+18,9,3,75,156,2017,5,13,2,3,4,6,0,1,0,0,0,0,0,7.16838E+20,5.45139E+21,1.19753E+16,4.9177E+16
81926,9.17053E+18,9,3,73,140,2017,5,11,2,1,4,6,0,1,0,0,1,0,0,6.85063E+20,5.47253E+21,1.15496E+16,4.93774E+16
81927,9.17053E+18,9,3,73,153,2017,5,20,2,3,0,1,0,0,0,1,0,0,0,6.83659E+20,5.46673E+21,1.15276E+16,4.93257E+16
81928,9.17053E+18,9,3,72,116,2017,5,5,2,3,2,6,0,1,0,0,1,0,0,7.69226E+20,5.45784E+21,1.26971E+16,4.92142E+16
81929,9.17053E+18,9,3,71,151,2017,5,11,2,3,0,7,1,1,0,0,0,0,0,6.99236E+20,5.4866E+21,1.17517E+16,4.94993E+16
81930,9.17053E+18,9,3,76,170,2017,5,18,2,3,2,7,0,1,0,0,0,0,0,7.25491E+20,5.45673E+21,1.20969E+16,4.92218E+16
81931,9.17053E+18,9,3,72,143,2017,5,17,7,3,4,2,0,1,0,0,0,0,0,7.74514E+20,5.45124E+21,1.2765E+16,4.91526E+16
81932,9.17053E+18,9,3,71,122,2017,5,7,2,2,2,6,0,1,0,1,0,0,0,7.17907E+20,5.48122E+21,1.20063E+16,4.94445E+16
81933,9.17053E+18,9,3,71,136,2017,5,16,2,3,5,3,1,1,0,0,0,0,0,7.08313E+20,5.47891E+21,1.18729E+16,4.94271E+16
81934,9.17053E+18,9,2,71,138,2017,5,7,2,3,2,6,0,1,0,0,0,0,0,7.96591E+20,5.41006E+21,1.30371E+16,4.87727E+16
81935,9.17053E+18,9,2,63,0,2017,5,6,2,3,5,3,0,1,0,0,0,0,0,7.59176E+20,5.41885E+21,1.25344E+16,4.88684E+16
81936,9.17053E+18,9,2,71,141,2017,5,15,2,3,2,6,0,1,0,0,0,0,0,7.96666E+20,5.39995E+21,1.30308E+16,4.8682E+16
81937,9.17053E+18,9,2,71,125,2017,6,12,6,3,5,2,1,1,0,0,0,0,0,7.97881E+20,5.40839E+21,1.30534E+16,4.87572E+16
81938,9.17053E+18,9,2,71,148,2017,5,9,2,3,1,6,0,1,0,0,0,0,0,7.99583E+20,5.42171E+21,1.30862E+16,4.88759E+16
81939,9.17053E+18,9,2,71,153,2017,5,21,2,3,4,6,0,1,0,0,1,2,0,8.01173E+20,5.40396E+21,1.30948E+16,4.87158E+16
81940,9.17053E+18,9,2,78,118,2017,5,18,2,2,0,6,0,1,0,1,0,0,0,7.68973E+20,5.42714E+21,1.26732E+16,4.89386E+16
81941,9.17053E+18,9,2,78,187,2017,5,13,2,3,5,2,0,1,0,0,0,0,0,7.80022E+20,5.4234E+21,1.28212E+16,4.89002E+16
81942,9.17053E+18,9,2,77,118,2017,5,13,2,3,9,1,0,1,0,0,0,0,0,8.08843E+20,5.35893E+21,1.31655E+16,4.8308E+16
81943,9.17053E+18,9,3,76,161,2017,5,13,7,3,2,2,0,1,0,0,0,0,0,7.2236E+20,5.47133E+21,1.20621E+16,4.93541E+16
81944,9.17053E+18,9,2,77,138,2017,5,7,2,3,5,3,0,1,0,0,0,0,0,7.91918E+20,5.37194E+21,1.29468E+16,4.84329E+16
81945,9.17053E+18,9,3,71,154,2017,5,16,7,2,5,2,0,1,0,1,0,0,0,7.00461E+20,5.47631E+21,1.17634E+16,4.94064E+16
81946,9.17053E+18,9,2,77,121,2017,5,6,2,3,2,6,0,1,0,1,0,0,0,7.66461E+20,5.37295E+21,1.2604E+16,4.84532E+16
81947,9.17053E+18,9,2,74,191,2017,5,17,2,3,2,6,0,1,0,0,0,0,0,7.44511E+20,5.3913E+21,1.23185E+16,4.86269E+16
81948,9.17053E+18,9,2,74,191,2017,5,17,2,3,0,1,1,0,0,0,0,0,0,7.44748E+20,5.39116E+21,1.23216E+16,4.86255E+16
81949,9.17053E+18,9,2,78,113,2017,5,22,7,3,4,1,0,1,0,0,0,2,0,7.66709E+20,5.4147E+21,1.26342E+16,4.88279E+16
81950,9.17053E+18,9,2,78,113,2017,5,22,7,3,2,6,0,1,0,0,0,2,0,7.6572E+20,5.41589E+21,1.26216E+16,4.88391E+16
81951,9.17053E+18,9,2,76,117,2017,5,12,7,3,9,6,0,1,0,1,0,0,0,8.01838E+20,5.44259E+21,1.31324E+16,4.90622E+16
81952,9.17053E+18,9,5,64,0,2017,5,9,6,3,0,7,0,0,0,0,1,0,0,6.47775E+20,5.47775E+21,1.10382E+16,4.94345E+16
81953,9.17053E+18,9,2,76,129,2017,5,15,7,3,8,6,0,1,0,1,0,0,0,8.06005E+20,5.43773E+21,1.31856E+16,4.90165E+16
81954,9.17053E+18,9,2,71,119,2017,5,17,7,3,0,1,1,0,0,0,0,0,0,7.90921E+20,5.41581E+21,1.29642E+16,4.8827E+16
81955,9.17053E+18,9,2,71,149,2017,5,17,7,3,5,3,0,1,0,1,0,0,0,8.06097E+20,5.40761E+21,1.31643E+16,4.87462E+16
81956,9.17053E+18,9,2,78,139,2017,5,9,7,3,5,3,0,1,0,0,1,0,0,7.73768E+20,5.42971E+21,1.27403E+16,4.89596E+16
81957,9.17053E+18,9,2,73,121,2017,5,13,2,3,5,2,0,1,0,0,0,0,0,7.05431E+20,5.42337E+21,1.18048E+16,4.89291E+16
81958,9.17053E+18,9,1,73,137,2017,5,16,2,2,5,3,0,1,0,1,0,0,0,6.75671E+20,5.3046E+21,1.13492E+16,4.78707E+16
81959,9.17053E+18,9,1,90,141,2017,5,16,2,3,5,3,0,1,0,0,0,0,0,6.78522E+20,5.29137E+21,1.13818E+16,4.7751E+16
81960,9.17053E+18,9,1,83,122,2017,5,8,2,2,9,7,0,1,0,0,0,0,0,7.5079E+20,5.34106E+21,1.23735E+16,4.81732E+16
81961,9.17053E+18,9,5,77,136,2017,5,14,6,3,5,3,0,1,0,0,0,0,0,6.29206E+20,5.44003E+21,1.07701E+16,4.90995E+16
81962,9.17053E+18,9,1,89,130,2017,5,8,2,3,3,6,0,1,0,0,1,0,0,7.69343E+20,5.31138E+21,1.26039E+16,4.78992E+16
81963,9.17053E+18,9,1,72,111,2017,5,11,2,3,3,6,0,1,0,1,0,0,0,7.95864E+20,5.3045E+21,1.29533E+16,4.78258E+16
81964,9.17053E+18,9,5,71,193,2017,5,17,6,3,0,1,0,0,0,1,0,0,0,5.85022E+20,5.47116E+21,1.01715E+16,4.93872E+16
81965,9.17053E+18,9,1,72,131,2017,5,14,2,3,2,6,0,1,0,0,0,0,0,7.82886E+20,5.29198E+21,1.27721E+16,4.77192E+16
81966,9.17053E+18,9,1,71,111,2017,5,16,2,3,2,6,0,1,0,0,0,0,0,7.74488E+20,5.34711E+21,1.26956E+16,4.82178E+16
81967,9.17053E+18,9,1,87,177,2017,5,13,2,3,4,6,0,1,0,0,1,0,0,7.36336E+20,5.30569E+21,1.21599E+16,4.7861E+16
81968,9.17053E+18,9,1,87,125,2017,5,17,2,1,1,7,1,0,0,0,1,0,0,7.52438E+20,5.31368E+21,1.23795E+16,4.79267E+16
81969,9.17053E+18,9,1,82,116,2017,5,19,2,3,4,2,0,1,0,1,0,0,0,7.05786E+20,5.29517E+21,1.1747E+16,4.7777E+16
81970,9.17053E+18,9,1,87,179,2017,5,15,2,2,9,1,0,1,0,0,0,0,0,7.20931E+20,5.31592E+21,1.19595E+16,4.79584E+16
81971,9.17053E+18,9,1,87,179,2017,5,14,2,3,9,1,0,1,0,0,0,0,0,7.2534E+20,5.31363E+21,1.20173E+16,4.79363E+16
81972,9.17053E+18,9,4,75,154,2017,5,19,6,3,9,1,0,0,0,1,0,0,0,6.97238E+20,5.56396E+21,1.17635E+16,5.0195E+16
81973,9.17053E+18,9,1,86,152,2017,5,22,2,3,9,1,0,1,0,0,0,2,0,6.91444E+20,5.38011E+21,1.1594E+16,4.85449E+16
81974,9.17053E+18,9,1,86,152,2017,5,15,2,3,2,6,0,1,0,0,0,0,0,6.91565E+20,5.37917E+21,1.15952E+16,4.85364E+16
81975,9.17053E+18,9,1,85,131,2017,5,9,2,2,4,7,0,1,0,0,0,0,0,6.65556E+20,5.37828E+21,1.12428E+16,4.85357E+16
81976,9.17053E+18,9,1,85,149,2017,5,6,2,3,9,1,0,1,0,0,0,0,0,6.63202E+20,5.40221E+21,1.12203E+16,4.87515E+16
81977,9.17053E+18,9,1,61,0,2017,5,22,2,3,4,6,1,0,0,0,0,2,0,6.7892E+20,5.40207E+21,1.14339E+16,4.87459E+16
81978,9.17053E+18,9,1,61,0,2017,5,20,2,3,2,1,1,1,0,0,0,0,0,6.7942E+20,5.3992E+21,1.14395E+16,4.872E+16
81979,9.17053E+18,9,1,76,124,2017,5,16,2,3,2,6,0,1,0,1,0,0,0,6.68361E+20,5.41177E+21,1.12944E+16,4.88361E+16
81980,9.17053E+18,9,1,76,123,2017,5,19,2,3,5,3,1,1,0,0,0,0,0,6.59593E+20,5.41805E+21,1.11774E+16,4.88949E+16
81981,9.17053E+18,9,1,74,146,2017,5,16,2,3,0,7,0,0,0,1,1,0,1,6.68292E+20,5.35011E+21,1.12685E+16,4.82818E+16
81982,9.17053E+18,9,1,88,139,2017,5,9,2,3,0,7,0,0,0,1,0,0,0,6.74751E+20,5.31902E+21,1.13427E+16,4.80006E+16
81983,9.17053E+18,9,1,88,145,2017,5,8,2,3,0,7,0,0,0,1,0,0,0,6.64078E+20,5.32679E+21,1.12027E+16,4.80733E+16
81984,9.17053E+18,9,2,78,189,2017,5,12,7,2,8,1,0,0,0,1,0,0,0,7.68211E+20,5.44199E+21,1.26726E+16,4.90723E+16
81985,9.17053E+18,9,1,79,123,2017,5,16,2,2,0,7,0,0,0,1,0,0,0,6.75948E+20,5.33356E+21,1.13648E+16,4.81309E+16
81986,9.17053E+18,9,2,75,133,2017,5,14,7,3,9,1,0,0,0,1,0,0,0,8.25398E+20,5.38512E+21,1.34084E+16,4.85347E+16
81987,9.17053E+18,9,1,74,147,2017,5,18,2,3,5,3,0,1,0,0,0,0,0,6.73409E+20,5.36493E+21,1.13435E+16,4.84136E+16
81988,9.17053E+18,9,2,72,150,2017,5,22,7,3,7,7,1,0,0,0,0,2,0,8.14431E+20,5.40869E+21,1.32782E+16,4.87517E+16
81989,9.17053E+18,9,1,74,141,2017,5,7,2,2,4,2,0,1,0,0,0,0,0,6.79794E+20,5.35635E+21,1.14261E+16,4.83348E+16
81990,9.17053E+18,9,1,77,116,2017,5,8,2,3,1,6,0,1,0,0,0,0,0,7.11593E+20,5.3644E+21,1.18587E+16,4.83972E+16
81991,9.17053E+18,9,1,78,143,2017,5,18,2,3,2,6,0,1,0,0,0,0,0,7.17595E+20,5.37218E+21,1.19437E+16,4.84651E+16
81992,9.17053E+18,9,1,78,124,2017,5,17,2,3,2,6,0,1,0,0,0,0,0,7.02886E+20,5.36575E+21,1.17418E+16,4.84123E+16
81993,9.17053E+18,9,2,77,121,2017,5,12,7,2,9,1,0,0,0,1,0,0,0,7.59244E+20,5.37279E+21,1.25065E+16,4.84548E+16
81994,9.17053E+18,9,1,77,139,2017,5,7,2,3,0,1,1,0,0,0,0,0,0,7.26346E+20,5.35432E+21,1.20523E+16,4.83015E+16
81995,9.17053E+18,9,2,74,141,2017,5,12,7,3,5,3,0,1,0,0,0,0,0,7.26303E+20,5.39564E+21,1.20741E+16,4.86727E+16
81996,9.17053E+18,9,4,64,0,2017,5,19,6,3,2,6,0,1,0,0,0,0,0,7.05884E+20,5.57888E+21,1.18926E+16,5.0326E+16
81997,9.17053E+18,9,2,61,0,2017,5,17,7,3,5,3,0,1,0,0,0,0,0,7.32136E+20,5.38199E+21,1.21456E+16,4.8548E+16
81998,9.17053E+18,9,4,76,178,2017,5,16,6,3,1,6,0,1,0,0,0,0,0,6.62758E+20,5.57465E+21,1.12855E+16,5.03015E+16
81999,9.17053E+18,9,2,61,0,2017,5,23,7,3,5,3,0,1,0,1,0,2,0,7.35548E+20,5.38234E+21,1.21919E+16,4.85499E+16
82000,9.17053E+18,9,2,61,0,2017,5,23,7,3,2,6,0,1,0,0,0,2,0,7.32154E+20,5.38148E+21,1.21455E+16,4.85434E+16
82001,9.17053E+18,9,2,73,111,2017,5,21,7,2,8,1,0,1,0,0,0,2,0,7.10874E+20,5.41146E+21,1.18729E+16,4.88203E+16
82002,9.17053E+18,9,1,90,157,2017,5,20,7,3,2,2,0,1,0,0,0,1,0,6.60758E+20,5.29937E+21,1.1148E+16,4.78276E+16
82003,9.17053E+18,9,1,62,0,2017,5,13,1,3,5,3,0,1,0,0,0,0,0,6.86223E+20,5.33522E+21,1.15034E+16,4.81429E+16
82004,9.17053E+18,9,1,62,0,2017,5,1,1,3,1,7,1,1,0,0,0,2,0,6.95363E+20,5.334E+21,1.16256E+16,4.81293E+16
82005,9.17053E+18,9,4,76,154,2017,5,15,6,3,5,3,0,1,0,1,0,0,0,6.57563E+20,5.56854E+21,1.121E+16,5.0248E+16
82006,9.17053E+18,9,1,62,0,2017,5,16,1,3,5,3,1,1,0,0,0,0,0,6.86186E+20,5.33522E+21,1.1503E+16,4.8143E+16
82007,9.17053E+18,9,4,72,131,2017,5,13,6,3,8,1,0,0,0,1,0,0,0,6.72761E+20,5.53464E+21,1.14077E+16,4.99391E+16
82008,9.17053E+18,9,7,78,203,2017,5,23,1,3,2,6,0,1,0,0,0,2,0,6.22042E+20,5.322E+21,1.06373E+16,4.80396E+16
82009,9.17053E+18,9,7,78,203,2017,5,10,1,3,2,6,0,1,0,0,0,0,0,6.21098E+20,5.32215E+21,1.06247E+16,4.80411E+16
82010,9.17053E+18,9,4,62,0,2017,5,3,6,2,5,3,0,1,0,0,0,2,0,6.87421E+20,5.53505E+21,1.1612E+16,4.99384E+16
82011,9.17053E+18,9,7,78,216,2017,5,12,1,3,2,6,0,1,0,0,0,0,0,6.24507E+20,5.32093E+21,1.06701E+16,4.80295E+16
82012,9.17053E+18,9,7,75,164,2017,5,15,1,3,4,6,0,1,0,0,0,0,0,5.8668E+20,5.3467E+21,1.01681E+16,4.82676E+16
82013,9.17053E+18,9,7,75,135,2017,5,19,1,2,5,3,0,1,0,0,0,0,0,5.81131E+20,5.36294E+21,1.00964E+16,4.84144E+16
82014,9.17053E+18,9,7,78,168,2017,5,5,1,3,9,1,0,1,0,0,0,0,0,6.05367E+20,5.31312E+21,1.04115E+16,4.79627E+16
82015,9.17053E+18,9,7,64,0,2017,5,13,1,3,2,6,0,1,0,1,0,0,0,5.87816E+20,5.3168E+21,1.01772E+16,4.79984E+16
82016,9.17053E+18,9,7,64,0,2017,5,15,1,2,4,3,0,1,0,0,0,0,0,5.87979E+20,5.31644E+21,1.01793E+16,4.79952E+16
82017,9.17053E+18,9,7,74,144,2017,5,11,1,3,2,6,0,1,0,1,0,0,0,6.06314E+20,5.36311E+21,1.04367E+16,4.84121E+16
82018,9.17053E+18,9,7,78,173,2017,5,17,1,3,5,3,1,1,0,0,0,0,0,6.10667E+20,5.32242E+21,1.04849E+16,4.80455E+16
82019,9.17053E+18,9,7,80,143,2017,5,14,1,3,2,6,0,1,0,1,0,0,0,5.95774E+20,5.27418E+21,1.02744E+16,4.76139E+16
82020,9.17053E+18,9,7,80,112,2017,5,10,1,3,0,7,1,0,0,0,0,0,0,5.817E+20,5.2931E+21,1.00907E+16,4.77861E+16
82021,9.17053E+18,9,7,80,121,2017,5,9,1,3,2,6,0,1,0,1,0,0,0,5.95591E+20,5.2575E+21,1.02684E+16,4.74639E+16
82022,9.17053E+18,9,7,76,131,2017,5,12,1,2,2,2,0,0,0,1,0,0,0,5.6356E+20,5.27835E+21,9.84645E+15,4.76554E+16
82023,9.17053E+18,9,4,74,126,2017,5,14,6,3,5,3,0,1,0,0,0,0,0,6.49869E+20,5.50908E+21,1.1079E+16,4.97156E+16
82024,9.17053E+18,9,1,90,141,2017,5,14,7,3,5,3,1,1,0,0,0,0,0,6.76961E+20,5.29282E+21,1.13616E+16,4.77645E+16
82025,9.1706E+18,9,1,85,168,2017,6,14,5,3,1,3,0,1,0,0,0,0,0,6.73266E+20,5.39838E+21,1.13555E+16,4.87144E+16
82026,9.1706E+18,9,1,85,140,2017,6,13,5,3,4,6,0,1,0,0,0,0,0,6.74581E+20,5.39212E+21,1.13707E+16,4.86577E+16
82027,9.1706E+18,9,1,72,111,2017,6,9,5,2,2,6,0,1,0,0,0,0,0,7.96931E+20,5.30328E+21,1.29666E+16,4.78143E+16
82028,9.1706E+18,9,1,90,126,2017,6,17,5,3,5,3,1,1,0,0,0,0,0,6.72078E+20,5.28955E+21,1.12952E+16,4.77364E+16
82029,9.1706E+18,9,2,71,148,2017,6,19,7,3,5,3,0,1,0,1,0,0,0,7.99365E+20,5.417E+21,1.30798E+16,4.88337E+16
82030,9.1706E+18,9,2,78,154,2017,6,12,7,1,9,6,0,1,0,1,0,0,0,7.77464E+20,5.43317E+21,1.2793E+16,4.8989E+16
82031,9.1706E+18,9,2,78,154,2017,6,15,7,3,8,1,0,0,0,1,0,0,0,7.7677E+20,5.431E+21,1.27821E+16,4.89699E+16
82032,9.1706E+18,9,2,77,152,2017,6,6,7,3,8,1,0,1,0,0,0,0,0,7.98327E+20,5.36264E+21,1.30267E+16,4.83464E+16
82033,9.1706E+18,9,2,77,138,2017,6,13,7,3,9,1,0,1,0,0,0,0,0,7.91456E+20,5.37167E+21,1.29404E+16,4.84307E+16
82034,9.1706E+18,9,2,75,151,2017,6,10,7,3,5,3,0,1,0,1,0,0,0,8.23156E+20,5.39754E+21,1.33878E+16,4.86472E+16
82035,9.1706E+18,9,2,75,152,2017,6,8,7,3,5,3,1,1,0,0,0,0,0,8.21807E+20,5.40671E+21,1.33767E+16,4.87302E+16
82036,9.1706E+18,9,2,75,149,2017,6,0,7,3,2,2,1,0,0,1,0,2,0,8.17787E+20,5.37204E+21,1.32957E+16,4.84212E+16
82037,9.1706E+18,9,2,72,151,2017,6,7,7,3,5,3,0,1,0,0,0,0,0,8.39355E+20,5.40706E+21,1.36148E+16,4.87241E+16
82038,9.1706E+18,9,2,72,139,2017,6,13,7,3,1,6,0,1,0,1,0,0,0,8.43226E+20,5.42291E+21,1.36805E+16,4.88641E+16
82039,9.1706E+18,9,2,74,172,2017,6,15,7,3,0,1,0,0,0,1,0,0,0,7.18164E+20,5.39431E+21,1.1963E+16,4.86637E+16
82040,9.1706E+18,9,2,61,0,2017,6,12,7,3,5,3,0,1,0,0,0,0,0,7.34506E+20,5.38175E+21,1.21775E+16,4.8545E+16
82041,9.1706E+18,9,2,61,0,2017,6,17,7,3,5,3,1,1,0,0,0,0,0,7.3272E+20,5.38208E+21,1.21535E+16,4.85486E+16