OBJECTID,UIDENTSTLA,ULAND,UREGBEZ,UKREIS,UGEMEINDE,UJAHR,UMONAT,USTUNDE,UWOCHENTAG,UKATEGORIE,UART,UTYP1,IstRad,IstPKW,IstFuss,IstKrad,IstSonstig,LICHT,STRZUSTAND,LINREFX,LINREFY,XGCSWGS84,YGCSWGS84
82389,9.17061E+18,9,1,62,0,2017,6,14,3,3,2,6,0,1,0,0,0,0,1,6.92805E+20,5.33122E+21,1.159E+16,4.8105E+16
82390,9.17061E+18,9,1,62,0,2017,6,18,3,3,2,6,0,1,0,0,1,1,1,6.91493E+20,5.33929E+21,1.15761E+16,4.8178E+16
82391,9.17061E+18,9,7,75,139,2017,6,5,3,3,8,7,0,1,0,0,0,1,1,5.80441E+20,5.36816E+21,1.00881E+16,4.84615E+16
82392,9.17061E+18,9,7,75,135,2017,6,19,3,3,8,1,0,1,0,0,0,0,1,5.80949E+20,5.36236E+21,1.00939E+16,4.84092E+16
82393,9.17061E+18,9,7,78,205,2017,6,10,3,3,2,7,0,1,0,0,1,0,1,5.94209E+20,5.31751E+21,1.0263E+16,4.8004E+16
82394,9.17061E+18,9,7,80,147,2017,6,17,3,3,4,6,0,1,0,0,1,0,0,6.05764E+20,5.29172E+21,1.04116E+16,4.77702E+16
82395,9.17061E+18,9,7,80,118,2017,6,17,3,3,1,6,0,1,0,0,0,0,0,5.96276E+20,5.26721E+21,1.02796E+16,4.75511E+16
82396,9.17061E+18,9,7,80,137,2017,6,13,3,3,8,1,0,1,0,0,0,0,1,5.99655E+20,5.27109E+21,1.03254E+16,4.75855E+16
82397,9.17061E+18,9,7,73,125,2017,6,19,3,3,9,1,0,1,0,0,0,0,1,6.11982E+20,5.38499E+21,1.05191E+16,4.86079E+16
82398,9.17061E+18,9,6,79,131,2017,6,7,3,3,8,1,0,1,0,0,0,0,0,5.80058E+20,5.50545E+21,1.01101E+16,4.96962E+16
82399,9.17061E+18,9,4,71,220,2017,6,22,3,2,2,6,0,1,0,0,1,2,0,6.16184E+20,5.51245E+21,1.0613E+16,4.97533E+16
82400,9.17061E+18,9,6,75,165,2017,6,17,3,3,4,2,0,1,0,0,0,0,0,5.87171E+20,5.51526E+21,1.02109E+16,4.97835E+16
82401,9.17061E+18,9,6,72,114,2017,6,15,3,3,3,2,0,1,0,0,1,0,1,5.78117E+20,5.55754E+21,1.00938E+16,5.01649E+16
82402,9.17061E+18,9,6,76,160,2017,6,17,3,2,2,6,0,1,0,0,0,0,0,5.10872E+20,5.52854E+21,9.15142E+15,4.99091E+16
82403,9.17061E+18,9,5,74,156,2017,6,15,3,3,2,7,0,1,0,0,0,0,1,6.58212E+20,5.48201E+21,1.11838E+16,4.94701E+16
82404,9.17061E+18,9,5,76,151,2017,6,17,3,3,0,1,0,0,0,1,0,0,1,6.56419E+20,5.47114E+21,1.11548E+16,4.93729E+16
82405,9.17061E+18,9,5,76,143,2017,6,7,3,3,8,7,0,1,0,0,0,0,0,6.53612E+20,5.45788E+21,1.1111E+16,4.92544E+16
82406,9.17061E+18,9,5,64,0,2017,6,7,3,3,5,2,1,1,0,0,0,0,0,6.55152E+20,5.48216E+21,1.11416E+16,4.94723E+16
82407,9.17061E+18,9,5,74,139,2017,6,9,3,3,5,3,1,1,0,0,0,0,0,6.65771E+20,5.48121E+21,1.12877E+16,4.94609E+16
82408,9.17061E+18,9,5,73,120,2017,6,9,3,2,2,6,0,0,0,0,1,0,0,6.31818E+20,5.48272E+21,1.08199E+16,4.94828E+16
82409,9.17061E+18,9,5,64,0,2017,6,16,3,3,5,3,0,1,0,0,0,0,1,6.47903E+20,5.47737E+21,1.10398E+16,4.9431E+16
82410,9.17061E+18,9,5,64,0,2017,6,11,3,3,5,3,0,1,0,0,0,0,0,6.49488E+20,5.46827E+21,1.10583E+16,4.93488E+16
82411,9.17061E+18,9,5,73,120,2017,6,9,3,3,8,1,0,1,0,0,0,0,0,6.31278E+20,5.48269E+21,1.08125E+16,4.94827E+16
82412,9.17061E+18,9,5,77,177,2017,6,11,3,3,0,1,1,0,0,0,0,0,0,6.43021E+20,5.4326E+21,1.09566E+16,4.90297E+16
82413,9.17061E+18,9,5,77,173,2017,6,12,3,2,6,4,0,1,1,0,0,0,1,6.39702E+20,5.42424E+21,1.09083E+16,4.89552E+16
82414,9.17061E+18,9,5,71,193,2017,6,9,3,2,5,3,0,1,0,0,0,0,0,5.81953E+20,5.46763E+21,1.01285E+16,4.93559E+16
82415,9.17061E+18,9,5,75,144,2017,6,19,3,2,4,6,0,1,0,0,0,0,0,6.02949E+20,5.50086E+21,1.04262E+16,4.96515E+16
82416,9.17061E+18,9,5,61,0,2017,6,9,3,3,0,7,1,0,0,0,0,0,0,6.15459E+20,5.45813E+21,1.0587E+16,4.9265E+16
82417,9.17061E+18,9,5,61,0,2017,6,17,3,3,2,6,0,1,0,0,0,0,0,6.14886E+20,5.46123E+21,1.058E+16,4.9293E+16
82418,9.17061E+18,9,4,75,154,2017,6,8,3,3,2,6,0,1,0,0,1,0,0,6.97505E+20,5.56375E+21,1.17671E+16,5.01929E+16
82419,9.17061E+18,9,4,75,141,2017,6,7,3,3,1,6,0,1,0,0,0,0,0,7.00674E+20,5.58058E+21,1.18204E+16,5.03431E+16
82420,9.17061E+18,9,4,73,120,2017,6,12,3,3,2,6,0,1,0,1,0,0,0,6.42964E+20,5.57232E+21,1.10068E+16,5.02857E+16
82421,9.17061E+18,9,4,72,175,2017,6,15,3,3,5,3,0,1,0,0,1,0,1,6.82652E+20,5.51349E+21,1.15354E+16,4.97462E+16
82422,9.17061E+18,9,3,75,183,2017,6,3,3,2,8,7,0,1,0,0,0,2,0,7.45644E+20,5.42812E+21,1.23558E+16,4.89572E+16
82423,9.17061E+18,9,3,71,131,2017,6,13,3,3,8,1,0,1,0,0,0,0,1,6.98241E+20,5.47736E+21,1.17334E+16,4.94166E+16
82424,9.17061E+18,9,2,71,119,2017,6,15,3,3,3,6,0,1,0,0,0,0,0,7.86842E+20,5.41619E+21,1.2909E+16,4.88323E+16
82425,9.17061E+18,9,2,76,128,2017,6,14,3,2,9,1,0,1,0,0,0,0,1,7.82275E+20,5.43855E+21,1.28624E+16,4.90351E+16
82426,9.17061E+18,9,2,63,0,2017,6,11,3,3,1,6,0,1,0,0,0,0,1,7.61739E+20,5.42027E+21,1.25702E+16,4.88801E+16
82427,9.17061E+18,9,2,76,138,2017,6,20,3,3,0,1,0,0,0,1,0,1,1,8.0493E+20,5.43458E+21,1.31686E+16,4.89888E+16
82428,9.17061E+18,9,2,78,139,2017,6,7,3,3,2,6,0,1,0,0,0,0,0,7.73397E+20,5.42569E+21,1.27325E+16,4.89237E+16
82429,9.17061E+18,9,2,77,152,2017,6,16,3,3,9,1,0,1,0,0,0,0,1,8.00626E+20,5.36262E+21,1.30576E+16,4.83451E+16
82430,9.17061E+18,9,2,62,0,2017,6,14,3,3,6,4,0,1,1,0,0,0,1,8.28845E+20,5.38959E+21,1.34585E+16,4.85729E+16
82431,9.17061E+18,9,2,74,113,2017,6,18,3,3,5,3,0,1,0,1,0,0,0,7.28396E+20,5.38393E+21,1.2096E+16,4.85668E+16
82432,9.17061E+18,9,2,61,0,2017,6,15,3,3,2,6,0,1,0,0,0,0,1,7.32979E+20,5.38115E+21,1.21565E+16,4.85401E+16
82433,9.17061E+18,9,2,61,0,2017,6,12,3,3,0,2,1,1,0,0,0,0,0,7.32416E+20,5.38166E+21,1.21492E+16,4.8545E+16
82434,9.17061E+18,9,2,73,137,2017,6,13,3,3,1,3,0,1,0,0,0,0,1,7.10955E+20,5.42238E+21,1.18796E+16,4.89184E+16
82435,9.17061E+18,9,2,73,137,2017,6,14,3,3,8,1,0,1,0,0,0,0,1,7.11268E+20,5.42373E+21,1.18846E+16,4.89304E+16
82436,9.17061E+18,9,2,79,115,2017,6,17,3,2,8,1,0,0,0,1,0,0,0,7.57679E+20,5.38137E+21,1.24907E+16,4.85325E+16
82437,9.17061E+18,9,1,84,132,2017,6,18,3,2,8,1,0,1,0,0,0,0,1,6.84248E+20,5.32605E+21,1.1473E+16,4.80611E+16
82438,9.17061E+18,9,1,73,147,2017,6,7,3,3,2,6,0,1,0,0,1,0,0,6.81634E+20,5.30882E+21,1.14306E+16,4.7907E+16
82439,9.17061E+18,9,1,90,121,2017,6,8,3,2,5,3,0,1,0,0,1,0,1,6.64525E+20,5.2895E+21,1.11945E+16,4.77378E+16
82440,9.17061E+18,9,1,90,153,2017,6,6,3,2,5,3,0,1,0,0,0,0,1,6.74434E+20,5.28868E+21,1.13263E+16,4.77279E+16
82441,9.17061E+18,9,1,89,155,2017,6,15,3,3,8,1,0,1,0,0,0,0,1,7.73372E+20,5.30842E+21,1.26559E+16,4.78709E+16
82442,9.17061E+18,9,1,83,128,2017,6,14,3,3,2,6,0,1,0,0,0,0,1,7.61913E+20,5.34888E+21,1.25277E+16,4.82389E+16
82443,9.17061E+18,9,1,83,128,2017,6,14,3,3,4,2,0,1,0,0,0,0,1,7.57876E+20,5.34967E+21,1.24739E+16,4.82477E+16
82444,9.17061E+18,9,1,82,133,2017,6,13,3,3,2,6,0,1,0,0,1,0,1,7.03616E+20,5.30837E+21,1.17242E+16,4.78963E+16
82445,9.17061E+18,9,1,84,145,2017,6,8,3,3,9,6,0,1,0,0,0,0,1,6.97762E+20,5.32374E+21,1.16531E+16,4.80363E+16
82446,9.17061E+18,9,1,87,165,2017,6,18,3,3,3,3,0,1,0,0,1,0,1,7.32751E+20,5.29446E+21,1.2106E+16,4.77614E+16
82447,9.17061E+18,9,1,87,181,2017,6,6,3,3,9,6,0,1,0,0,0,0,1,7.37578E+20,5.31284E+21,1.21804E+16,4.79248E+16
82448,9.17061E+18,9,1,87,177,2017,6,17,3,3,2,6,0,1,0,0,0,0,1,7.36045E+20,5.30427E+21,1.21553E+16,4.78484E+16
82449,9.17061E+18,9,1,76,137,2017,6,16,3,2,3,1,0,1,0,0,1,0,1,6.72842E+20,5.43017E+21,1.13632E+16,4.90002E+16
82450,9.17061E+18,9,1,85,125,2017,6,15,3,2,0,1,1,0,0,0,0,0,1,6.49858E+20,5.39575E+21,1.10366E+16,4.86968E+16
82451,9.17061E+18,9,1,74,146,2017,6,1,3,3,2,6,0,1,0,0,1,2,0,6.68436E+20,5.34999E+21,1.12704E+16,4.82807E+16
82452,9.17061E+18,9,1,81,113,2017,6,22,3,3,2,6,0,1,0,0,0,2,0,6.39541E+20,5.31037E+21,1.08682E+16,4.79314E+16
82453,9.17061E+18,9,1,79,121,2017,6,3,3,3,7,7,0,0,0,1,0,2,0,6.69385E+20,5.33721E+21,1.12781E+16,4.81655E+16
82454,9.17061E+18,9,1,84,129,2017,6,9,3,3,3,6,0,1,0,0,1,0,1,7.01473E+20,5.32659E+21,1.17042E+16,4.80607E+16
82455,9.17061E+18,9,1,78,143,2017,6,17,3,3,9,1,0,1,0,0,0,0,1,7.16078E+20,5.37147E+21,1.19228E+16,4.84592E+16
82456,9.17061E+18,9,1,77,131,2017,6,17,3,3,0,1,0,0,0,1,0,0,1,7.1259E+20,5.34656E+21,1.18632E+16,4.82366E+16
82457,9.17061E+18,9,1,84,113,2017,6,13,2,2,0,1,0,0,0,1,0,0,0,6.838E+20,5.31743E+21,1.14633E+16,4.79837E+16
82458,9.17061E+18,9,1,62,0,2017,6,5,2,3,5,3,0,1,0,0,0,0,0,6.86258E+20,5.33179E+21,1.15024E+16,4.81122E+16
82459,9.17061E+18,9,1,84,113,2017,6,17,2,1,8,1,0,1,0,0,0,0,1,6.86394E+20,5.32335E+21,1.15006E+16,4.80362E+16
82460,9.17061E+18,9,1,62,0,2017,6,10,2,3,0,7,1,0,0,0,0,0,0,6.92106E+20,5.34188E+21,1.15855E+16,4.82011E+16
82461,9.17061E+18,9,1,62,0,2017,6,0,2,3,2,6,1,0,0,0,0,2,0,6.87666E+20,5.33503E+21,1.15227E+16,4.81408E+16
82462,9.17061E+18,9,1,84,148,2017,6,14,2,3,4,2,0,1,0,1,0,0,0,6.97135E+20,5.32663E+21,1.1646E+16,4.80624E+16
82463,9.17061E+18,9,7,78,136,2017,6,14,2,2,8,7,0,1,0,0,0,0,0,5.99052E+20,5.3203E+21,1.03286E+16,4.80283E+16
82464,9.17061E+18,9,7,80,117,2017,6,19,2,3,4,6,0,1,0,0,0,0,0,5.95105E+20,5.28436E+21,1.02678E+16,4.77056E+16
82465,9.17061E+18,9,7,62,0,2017,6,14,2,3,4,1,0,1,0,1,0,0,0,6.1944E+20,5.30372E+21,1.05974E+16,4.78757E+16
82466,9.17061E+18,9,7,79,201,2017,6,14,2,2,2,6,0,1,0,0,0,0,0,6.41411E+20,5.39147E+21,1.09204E+16,4.86603E+16
82467,9.17061E+18,9,7,71,130,2017,6,18,2,3,9,1,0,1,0,0,0,0,1,6.45064E+20,5.35838E+21,1.09585E+16,4.83619E+16
82468,9.17061E+18,9,7,61,0,2017,6,10,2,3,2,6,0,1,0,0,1,0,0,6.41983E+20,5.34746E+21,1.09132E+16,4.82645E+16
82469,9.17061E+18,9,6,75,113,2017,6,8,2,3,3,6,0,1,0,0,0,0,0,5.76734E+20,5.5133E+21,1.00656E+16,4.97672E+16
82470,9.17061E+18,9,6,75,166,2017,6,14,2,2,2,6,0,1,0,1,0,0,1,5.82414E+20,5.50366E+21,1.01424E+16,4.96798E+16
82471,9.17061E+18,9,6,77,114,2017,6,6,2,3,9,1,0,1,0,0,0,1,0,5.66612E+20,5.53618E+21,9.92898E+15,4.99743E+16
82472,9.17061E+18,9,6,78,193,2017,6,13,2,3,8,1,0,0,0,1,0,0,1,5.77422E+20,5.53242E+21,1.0079E+16,4.99392E+16
82473,9.17061E+18,9,6,62,0,2017,6,15,2,3,2,6,0,1,0,0,0,0,1,5.88162E+20,5.54486E+21,1.02314E+16,5.00495E+16
82474,9.17061E+18,9,6,72,134,2017,6,17,2,2,8,1,0,0,0,1,0,0,0,5.5545E+20,5.58245E+21,9.78007E+15,5.03915E+16
82475,9.17061E+18,9,6,71,130,2017,6,16,2,3,0,1,1,0,0,0,0,0,0,5.16388E+20,5.53858E+21,9.22867E+15,4.99993E+16
82476,9.17061E+18,9,5,62,0,2017,6,16,2,3,6,2,0,1,1,0,0,0,1,6.44757E+20,5.49632E+21,1.10034E+16,4.96021E+16
82477,9.17061E+18,9,5,74,111,2017,6,3,2,2,7,7,0,0,0,1,0,2,0,6.84976E+20,5.47978E+21,1.15518E+16,4.94426E+16
82478,9.17061E+18,9,5,64,0,2017,6,14,2,3,5,3,0,1,0,0,1,0,0,6.46871E+20,5.4806E+21,1.10268E+16,4.94603E+16
82479,9.17061E+18,9,5,64,0,2017,6,9,2,3,2,6,0,1,0,0,0,0,0,6.56645E+20,5.47648E+21,1.116E+16,4.94208E+16
82480,9.17061E+18,9,5,77,136,2017,6,16,2,3,8,1,0,1,0,0,0,0,1,6.29235E+20,5.44324E+21,1.07715E+16,4.91284E+16
82481,9.17061E+18,9,5,71,205,2017,6,14,2,3,8,1,0,1,0,0,0,0,1,5.8752E+20,5.47387E+21,1.02065E+16,4.94112E+16
82482,9.17061E+18,9,4,75,128,2017,6,16,2,3,5,3,0,1,0,0,0,0,1,6.84882E+20,5.57916E+21,1.1598E+16,5.03355E+16
82483,9.17061E+18,9,4,62,0,2017,6,17,2,3,0,1,1,0,0,0,0,0,1,6.88303E+20,5.53561E+21,1.16245E+16,4.99431E+16
82484,9.17061E+18,9,4,74,126,2017,6,10,2,3,2,6,0,1,0,1,1,0,0,6.4905E+20,5.5088E+21,1.10676E+16,4.97132E+16
82485,9.17061E+18,9,3,63,0,2017,6,16,2,3,0,1,0,0,0,1,0,0,0,7.25609E+20,5.50823E+21,1.21278E+16,4.96843E+16
82486,9.17061E+18,9,3,75,161,2017,6,14,2,3,5,1,1,1,0,0,0,0,0,7.34466E+20,5.42552E+21,1.22019E+16,4.89381E+16
82487,9.17061E+18,9,3,73,134,2017,6,13,2,3,0,7,0,0,0,1,0,0,0,7.07952E+20,5.45369E+21,1.18548E+16,4.92007E+16
82488,9.17061E+18,9,3,73,114,2017,6,1,2,2,2,6,1,0,0,0,0,2,0,6.73288E+20,5.4569E+21,1.13808E+16,4.92404E+16
82489,9.17061E+18,9,3,73,112,2017,6,13,2,2,0,1,1,0,0,0,0,0,0,6.77288E+20,5.44642E+21,1.1431E+16,4.9145E+16
82490,9.17061E+18,9,3,76,161,2017,6,14,2,3,0,1,1,0,0,0,0,0,0,7.24785E+20,5.46253E+21,1.20905E+16,4.92741E+16
82491,9.17061E+18,9,3,76,122,2017,6,13,2,3,8,7,0,0,0,1,0,0,0,7.46106E+20,5.47694E+21,1.2392E+16,4.93953E+16
82492,9.17061E+18,9,3,71,118,2017,6,19,2,3,8,1,0,1,0,0,0,0,0,7.16981E+20,5.47518E+21,1.19902E+16,4.93906E+16
82493,9.17061E+18,9,2,76,121,2017,6,15,2,3,8,1,0,0,0,1,0,0,0,8.14656E+20,5.43575E+21,1.3302E+16,4.89944E+16
82494,9.17061E+18,9,2,71,119,2017,6,20,2,3,0,7,0,0,0,1,0,0,0,7.88427E+20,5.41532E+21,1.29299E+16,4.88238E+16
82495,9.17061E+18,9,2,78,197,2017,6,16,2,3,4,1,0,1,0,1,0,0,0,7.58114E+20,5.43466E+21,1.253E+16,4.90108E+16
82496,9.17061E+18,9,2,74,184,2017,6,10,2,3,0,3,0,1,0,0,0,0,0,7.48674E+20,5.37123E+21,1.23629E+16,4.8445E+16
82497,9.17061E+18,9,2,74,126,2017,6,19,2,2,9,1,0,1,0,0,0,0,1,7.31402E+20,5.38693E+21,1.21384E+16,4.85927E+16
82498,9.17061E+18,9,1,73,137,2017,6,16,2,3,5,3,0,1,0,0,0,0,0,6.8044E+20,5.30754E+21,1.14141E+16,4.78958E+16
82499,9.17061E+18,9,1,90,139,2017,6,20,2,3,8,1,0,1,0,0,0,1,1,6.52455E+20,5.29401E+21,1.10352E+16,4.77814E+16
82500,9.17061E+18,9,1,73,112,2017,6,15,2,3,3,1,0,1,0,1,0,0,0,6.92323E+20,5.29197E+21,1.1566E+16,4.77524E+16
82501,9.17061E+18,9,1,72,122,2017,6,4,2,3,9,1,0,1,0,0,0,1,1,7.90178E+20,5.31409E+21,1.28839E+16,4.79144E+16
82502,9.17061E+18,9,1,72,130,2017,6,16,2,2,4,1,0,1,0,1,0,0,0,7.95216E+20,5.31216E+21,1.29499E+16,4.78947E+16
82503,9.17061E+18,9,1,72,118,2017,6,19,2,3,5,3,0,1,0,0,0,1,0,7.9785E+20,5.30637E+21,1.2981E+16,4.78416E+16
82504,9.17061E+18,9,1,82,123,2017,6,18,2,3,2,3,0,1,0,0,1,1,1,7.17734E+20,5.30154E+21,1.19095E+16,4.78303E+16
82505,9.17061E+18,9,1,87,134,2017,6,16,2,3,2,3,0,1,0,0,0,0,0,7.36788E+20,5.31983E+21,1.21737E+16,4.79879E+16
82506,9.17061E+18,9,1,87,134,2017,6,17,2,1,5,3,0,1,0,0,0,0,1,7.36845E+20,5.31994E+21,1.21745E+16,4.79889E+16
82507,9.17061E+18,9,1,82,120,2017,6,3,2,3,9,1,0,1,0,0,0,2,1,7.00434E+20,5.30283E+21,1.16792E+16,4.78476E+16
82508,9.17061E+18,9,1,76,126,2017,6,22,2,3,8,1,0,1,0,0,0,2,0,6.74562E+20,5.4073E+21,1.13769E+16,4.87942E+16
82509,9.17061E+18,9,1,76,143,2017,6,13,2,3,9,1,0,1,0,0,0,0,0,6.8104E+20,5.40911E+21,1.14658E+16,4.88086E+16
82510,9.17061E+18,9,1,86,143,2017,6,14,2,3,5,3,0,1,0,0,0,0,0,6.82038E+20,5.38258E+21,1.14677E+16,4.85698E+16
82511,9.17061E+18,9,1,62,0,2017,6,22,2,3,0,1,0,0,0,1,0,2,1,6.87539E+20,5.33318E+21,1.15202E+16,4.81242E+16
82512,9.17061E+18,9,1,74,113,2017,6,17,2,3,9,1,0,0,0,1,0,0,1,6.74532E+20,5.34475E+21,1.13503E+16,4.82319E+16
82513,9.1706E+18,9,1,62,0,2017,6,23,1,3,3,6,0,1,0,1,0,2,0,6.9604E+20,5.33381E+21,1.16346E+16,4.81273E+16
82514,9.1706E+18,9,7,75,164,2017,6,22,1,2,9,1,0,1,0,0,0,2,0,5.85537E+20,5.35042E+21,1.01534E+16,4.83012E+16
82515,9.1706E+18,9,7,77,111,2017,6,5,1,3,8,1,0,1,0,0,0,1,1,6.15894E+20,5.29672E+21,1.05481E+16,4.78134E+16
82516,9.1706E+18,9,7,76,129,2017,6,16,1,3,0,7,1,0,0,0,1,0,1,5.7102E+20,5.27065E+21,9.94453E+15,4.75854E+16
82517,9.1706E+18,9,7,76,111,2017,6,3,1,3,9,1,0,1,0,0,0,2,0,5.49862E+20,5.27024E+21,9.66312E+15,4.75836E+16
82518,9.1706E+18,9,7,77,154,2017,6,0,1,2,6,4,0,1,1,0,0,2,1,6.07384E+20,5.30051E+21,1.04354E+16,4.78489E+16
82519,9.1706E+18,9,7,79,115,2017,6,13,1,3,3,6,0,1,0,0,0,0,0,6.33905E+20,5.39418E+21,1.08194E+16,4.86863E+16
82520,9.1706E+18,9,7,71,122,2017,6,8,1,3,9,7,0,1,0,0,0,0,1,6.54305E+20,5.36087E+21,1.1084E+16,4.83821E+16
82521,9.1706E+18,9,7,72,223,2017,6,10,1,2,0,7,1,0,0,0,0,0,0,6.16087E+20,5.36349E+21,1.05688E+16,4.84139E+16
82522,9.1706E+18,9,7,72,145,2017,6,19,1,3,5,3,0,1,0,0,0,0,0,6.34534E+20,5.36855E+21,1.08196E+16,4.84557E+16
82523,9.1706E+18,9,4,71,220,2017,6,8,1,3,3,1,0,1,0,0,0,0,1,6.20191E+20,5.5102E+21,1.06679E+16,4.97323E+16
82524,9.1706E+18,9,6,75,127,2017,6,17,1,2,8,1,0,0,0,1,0,0,0,6.03249E+20,5.51296E+21,1.04336E+16,4.97603E+16
82525,9.1706E+18,9,6,75,165,2017,6,18,1,3,5,3,0,1,0,0,0,0,0,5.8717E+20,5.51526E+21,1.02109E+16,4.97835E+16
82526,9.1706E+18,9,6,78,135,2017,6,14,1,3,2,6,0,1,0,0,0,0,0,5.9498E+20,5.54196E+21,1.03259E+16,5.00224E+16
82527,9.1706E+18,9,5,74,164,2017,6,14,1,3,9,1,0,1,0,0,0,0,0,6.64683E+20,5.47805E+21,1.12714E+16,4.94328E+16
82528,9.1706E+18,9,5,74,123,2017,6,1,1,3,9,1,0,1,0,0,0,2,1,6.59759E+20,5.4713E+21,1.12008E+16,4.93735E+16
82529,9.1706E+18,9,5,76,122,2017,6,7,1,3,0,7,0,0,0,1,0,0,1,6.66847E+20,5.44069E+21,1.12856E+16,4.90965E+16
82530,9.1706E+18,9,5,72,132,2017,6,1,1,3,8,1,0,1,0,0,0,2,0,6.36164E+20,5.49366E+21,1.08837E+16,4.95802E+16
82531,9.1706E+18,9,5,64,0,2017,6,17,1,3,4,6,1,0,0,0,0,0,0,6.52534E+20,5.47724E+21,1.11036E+16,4.94286E+16
82532,9.1706E+18,9,5,64,0,2017,6,18,1,3,2,6,0,1,0,0,0,0,0,6.51278E+20,5.47727E+21,1.10863E+16,4.94293E+16
82533,9.1706E+18,9,4,72,175,2017,6,8,1,3,9,1,0,1,0,0,0,0,1,6.7782E+20,5.50857E+21,1.14662E+16,4.97034E+16
82534,9.1706E+18,9,4,72,131,2017,6,18,1,3,9,6,0,1,0,0,0,0,0,6.7784E+20,5.53305E+21,1.14777E+16,4.99234E+16
82535,9.1706E+18,9,4,62,0,2017,6,16,1,3,5,3,1,1,0,0,0,0,0,6.8437E+20,5.53526E+21,1.15696E+16,4.99413E+16
82536,9.1706E+18,9,4,71,195,2017,6,17,1,3,0,1,0,0,0,1,0,0,0,6.41613E+20,5.52314E+21,1.09697E+16,4.98439E+16
82537,9.1706E+18,9,3,77,141,2017,6,7,1,3,3,6,0,1,0,0,1,0,1,7.34171E+20,5.54074E+21,1.2266E+16,4.9973E+16
82538,9.1706E+18,9,3,75,175,2017,6,15,1,3,4,6,0,1,0,0,0,0,0,7.1857E+20,5.43496E+21,1.19902E+16,4.90287E+16
82539,9.1706E+18,9,3,72,143,2017,6,18,1,2,8,1,0,1,0,0,0,0,0,7.73837E+20,5.44765E+21,1.27533E+16,4.91206E+16
82540,9.1706E+18,9,3,76,141,2017,6,18,1,3,5,3,0,1,0,0,0,0,0,7.25656E+20,5.45256E+21,1.20968E+16,4.91843E+16
82541,9.1706E+18,9,2,76,128,2017,6,21,1,3,4,6,0,1,0,0,0,2,0,7.84846E+20,5.4384E+21,1.28974E+16,4.90326E+16
82542,9.1706E+18,9,2,78,170,2017,6,13,1,3,0,1,1,0,0,0,0,0,0,7.63139E+20,5.42453E+21,1.2592E+16,4.89177E+16
82543,9.1706E+18,9,2,71,135,2017,6,12,1,2,5,3,0,1,0,0,0,0,1,7.90025E+20,5.40614E+21,1.29452E+16,4.87407E+16
82544,9.1706E+18,9,2,71,119,2017,6,13,1,2,0,1,0,0,0,1,0,0,1,7.94771E+20,5.4196E+21,1.30192E+16,4.88593E+16
82545,9.1706E+18,9,2,75,124,2017,6,13,1,3,8,1,0,1,0,0,0,0,0,8.14144E+20,5.37684E+21,1.32502E+16,4.84661E+16
82546,9.1706E+18,9,2,73,152,2017,6,11,1,3,2,6,0,1,0,0,0,0,0,7.06517E+20,5.40766E+21,1.18117E+16,4.87876E+16
82547,9.1706E+18,9,1,80,117,2017,6,13,1,2,9,6,0,1,0,0,0,0,1,6.47852E+20,5.26042E+21,1.09625E+16,4.74804E+16
82548,9.1706E+18,9,1,80,117,2017,6,1,1,3,8,7,0,1,0,0,0,2,0,6.58439E+20,5.26238E+21,1.11036E+16,4.74955E+16
82549,9.1706E+18,9,1,73,124,2017,6,12,1,2,0,1,1,0,0,0,0,0,1,6.92437E+20,5.29094E+21,1.15671E+16,4.77431E+16
82550,9.1706E+18,9,1,71,113,2017,6,17,1,3,0,1,0,1,0,0,0,0,1,7.79538E+20,5.33991E+21,1.27587E+16,4.81509E+16
82551,9.1706E+18,9,1,82,123,2017,6,20,1,3,9,1,0,0,0,1,0,0,1,7.18331E+20,5.30244E+21,1.19179E+16,4.78382E+16
82552,9.1706E+18,9,1,87,150,2017,6,10,1,3,8,1,0,1,0,0,0,0,1,7.25693E+20,5.304E+21,1.20169E+16,4.78497E+16
82553,9.1706E+18,9,1,81,118,2017,6,16,1,2,8,1,0,1,0,0,0,0,0,6.50734E+20,5.3276E+21,1.1024E+16,4.80838E+16
82554,9.1706E+18,9,1,79,145,2017,6,9,1,3,2,2,0,1,0,0,0,0,1,6.73955E+20,5.3354E+21,1.13387E+16,4.81481E+16
82555,9.1706E+18,9,1,74,131,2017,6,10,1,3,0,1,0,1,0,0,0,0,1,6.78774E+20,5.35729E+21,1.14127E+16,4.83435E+16
82556,9.1706E+18,9,1,74,126,2017,6,15,1,3,2,6,0,1,0,0,0,0,0,6.8425E+20,5.34465E+21,1.1481E+16,4.82283E+16
82557,9.1706E+18,9,1,74,115,2017,6,9,1,3,5,3,0,1,0,0,0,0,0,6.82342E+20,5.35066E+21,1.1458E+16,4.82828E+16
82558,9.1706E+18,9,1,62,0,2017,6,9,1,1,9,1,0,0,0,1,0,0,1,6.85565E+20,5.34287E+21,1.1498E+16,4.82119E+16
82559,9.1706E+18,9,1,78,150,2017,6,12,1,3,2,6,0,1,0,0,0,0,1,6.91335E+20,5.37118E+21,1.15884E+16,4.84647E+16
82560,9.1706E+18,9,1,78,124,2017,6,18,1,2,4,2,0,1,0,0,0,0,0,7.0301E+20,5.36387E+21,1.17426E+16,4.83953E+16
82561,9.1706E+18,9,1,62,0,2017,6,9,7,2,6,4,0,1,1,0,0,0,0,6.85627E+20,5.32869E+21,1.14926E+16,4.80845E+16