OBJECTID,UIDENTSTLA,ULAND,UREGBEZ,UKREIS,UGEMEINDE,UJAHR,UMONAT,USTUNDE,UWOCHENTAG,UKATEGORIE,UART,UTYP1,IstRad,IstPKW,IstFuss,IstKrad,IstSonstig,LICHT,STRZUSTAND,LINREFX,LINREFY,XGCSWGS84,YGCSWGS84
82562,9.1706E+18,9,1,62,0,2017,6,21,7,2,6,4,0,1,1,0,0,1,0,6.90246E+20,5.3291E+21,1.15547E+16,4.80868E+16
82563,9.1706E+18,9,1,62,0,2017,6,22,7,2,9,6,0,1,0,0,0,2,0,6.82965E+20,5.33588E+21,1.146E+16,4.81499E+16
82564,9.1706E+18,9,1,62,0,2017,6,18,7,3,1,5,1,1,0,0,0,0,0,6.87178E+20,5.33511E+21,1.15162E+16,4.81417E+16
82565,9.1706E+18,9,1,84,144,2017,6,15,7,3,5,3,0,1,0,0,0,0,0,6.87593E+20,5.32064E+21,1.15154E+16,4.80115E+16
82566,9.1706E+18,9,7,77,121,2017,6,21,7,3,9,6,0,1,0,0,0,0,0,6.27409E+20,5.32044E+21,1.07088E+16,4.80245E+16
82567,9.1706E+18,9,7,74,121,2017,6,7,7,3,3,6,0,1,0,0,1,0,0,6.02646E+20,5.36436E+21,1.03875E+16,4.8424E+16
82568,9.1706E+18,9,7,75,134,2017,6,12,7,3,5,3,0,1,0,1,0,0,0,5.84659E+20,5.36465E+21,1.01444E+16,4.84293E+16
82569,9.1706E+18,9,7,74,185,2017,6,18,7,2,3,6,0,1,0,1,0,0,0,6.10653E+20,5.34946E+21,1.04917E+16,4.82887E+16
82570,9.1706E+18,9,7,75,111,2017,6,8,7,3,2,2,0,1,0,1,0,0,0,5.82771E+20,5.33506E+21,1.01131E+16,4.81634E+16
82571,9.1706E+18,9,7,80,128,2017,6,11,7,3,8,7,0,1,0,0,0,0,0,6.12737E+20,5.27759E+21,1.0501E+16,4.76419E+16
82572,9.1706E+18,9,7,80,123,2017,6,13,7,2,4,1,0,1,0,1,0,0,0,6.04898E+20,5.26291E+21,1.03931E+16,4.75112E+16
82573,9.1706E+18,9,7,80,131,2017,6,11,7,3,9,1,0,1,0,0,0,0,0,5.87928E+20,5.25396E+21,1.0166E+16,4.74332E+16
82574,9.1706E+18,9,7,76,113,2017,6,11,7,2,2,2,0,1,0,1,0,0,0,5.75361E+20,5.27527E+21,1.0003E+16,4.76264E+16
82575,9.1706E+18,9,7,77,130,2017,6,23,7,3,5,3,1,1,0,0,0,2,1,6.24609E+20,5.30894E+21,1.0668E+16,4.79217E+16
82576,9.1706E+18,9,7,77,147,2017,6,15,7,2,8,1,0,1,0,0,0,0,0,6.32236E+20,5.28309E+21,1.07621E+16,4.76876E+16
82577,9.1706E+18,9,7,72,147,2017,6,10,7,3,8,1,1,0,0,0,0,0,0,6.35187E+20,5.3645E+21,1.08271E+16,4.84191E+16
82578,9.1706E+18,9,7,71,163,2017,6,12,7,2,2,6,1,0,0,0,1,0,0,6.44011E+20,5.34322E+21,1.09391E+16,4.82258E+16
82579,9.1706E+18,9,7,71,142,2017,6,11,7,3,2,6,0,1,0,0,1,0,0,6.45499E+20,5.35247E+21,1.09623E+16,4.83087E+16
82580,9.1706E+18,9,7,61,0,2017,6,12,7,3,5,3,0,1,0,0,0,0,0,6.41227E+20,5.36091E+21,1.09075E+16,4.83856E+16
82581,9.1706E+18,9,6,75,127,2017,6,18,7,2,9,1,0,0,0,0,1,0,1,6.0359E+20,5.51562E+21,1.0439E+16,4.97841E+16
82582,9.1706E+18,9,6,75,127,2017,6,18,7,3,2,6,0,1,0,0,1,0,1,6.04942E+20,5.51465E+21,1.04575E+16,4.97752E+16
82583,9.1706E+18,9,6,73,171,2017,6,16,7,3,8,1,0,1,0,0,0,0,0,5.90759E+20,5.57241E+21,1.02743E+16,5.02968E+16
82584,9.1706E+18,9,6,78,128,2017,6,18,7,3,9,1,0,1,0,0,0,0,0,5.7874E+20,5.54719E+21,1.01003E+16,5.00718E+16
82585,9.1706E+18,9,6,72,149,2017,6,21,7,2,9,1,0,0,0,1,0,1,0,5.63099E+20,5.56758E+21,9.88519E+15,5.0257E+16
82586,9.1706E+18,9,6,71,112,2017,6,17,7,3,9,6,0,1,0,0,0,0,0,5.18429E+20,5.53723E+21,9.25708E+15,4.99871E+16
82587,9.1706E+18,9,5,62,0,2017,6,23,7,3,2,6,0,1,0,0,0,2,0,6.44441E+20,5.49552E+21,1.09988E+16,4.9595E+16
82588,9.1706E+18,9,5,72,135,2017,6,7,7,2,8,1,0,1,0,0,0,0,0,6.35423E+20,5.51327E+21,1.08802E+16,4.97566E+16
82589,9.1706E+18,9,5,76,127,2017,6,13,7,3,5,3,1,1,0,0,0,0,0,6.59473E+20,5.4505E+21,1.11886E+16,4.91866E+16
82590,9.1706E+18,9,5,63,0,2017,6,16,7,3,2,6,0,1,0,0,1,0,0,6.42629E+20,5.48291E+21,1.09692E+16,4.94821E+16
82591,9.1706E+18,9,5,64,0,2017,6,19,7,3,0,1,1,0,0,0,0,0,0,6.53284E+20,5.48064E+21,1.11153E+16,4.94591E+16
82592,9.1706E+18,9,5,64,0,2017,6,14,7,3,5,7,0,1,0,0,0,0,0,6.49194E+20,5.47719E+21,1.10576E+16,4.94291E+16
82593,9.1706E+18,9,5,64,0,2017,6,15,7,3,5,3,0,1,0,0,0,0,1,6.5452E+20,5.48083E+21,1.11324E+16,4.94605E+16
82594,9.1706E+18,9,5,73,125,2017,6,13,7,3,0,1,1,0,0,0,0,0,0,6.37646E+20,5.4725E+21,1.08968E+16,4.93897E+16
82595,9.1706E+18,9,5,71,145,2017,6,9,7,3,2,6,0,1,0,0,0,0,0,5.94224E+20,5.45365E+21,1.02942E+16,4.92284E+16
82596,9.1706E+18,9,5,77,136,2017,6,18,7,3,9,7,0,1,0,0,0,0,0,6.31183E+20,5.44296E+21,1.07981E+16,4.91255E+16
82597,9.1706E+18,9,5,71,193,2017,6,10,7,3,6,7,0,1,1,0,0,0,0,5.85371E+20,5.47047E+21,1.01762E+16,4.93809E+16
82598,9.1706E+18,9,5,61,0,2017,6,19,7,3,8,6,0,1,0,0,0,0,0,6.11424E+20,5.46477E+21,1.05334E+16,4.93255E+16
82599,9.1706E+18,9,4,79,129,2017,6,17,7,3,8,1,0,1,0,0,0,0,1,7.0997E+20,5.55927E+21,1.19391E+16,5.01484E+16
82600,9.1706E+18,9,4,79,166,2017,6,10,7,3,6,7,0,1,1,0,0,0,0,7.06122E+20,5.55354E+21,1.18822E+16,5.00984E+16
82601,9.1706E+18,9,4,78,139,2017,6,3,7,3,8,1,0,1,0,0,0,2,0,6.53463E+20,5.55194E+21,1.11459E+16,5.00999E+16
82602,9.1706E+18,9,4,73,120,2017,6,11,7,3,5,3,0,1,0,0,0,0,0,6.43335E+20,5.57247E+21,1.10121E+16,5.0287E+16
82603,9.1706E+18,9,4,77,121,2017,6,11,7,2,2,6,0,1,0,1,0,0,0,6.86903E+20,5.54604E+21,1.16101E+16,5.00373E+16
82604,9.1706E+18,9,4,77,143,2017,6,15,7,2,5,3,0,1,0,1,0,0,0,6.85304E+20,5.55277E+21,1.15911E+16,5.00983E+16
82605,9.1706E+18,9,4,77,164,2017,6,10,7,3,2,2,0,1,0,1,0,0,0,6.67038E+20,5.53973E+21,1.13302E+16,4.99865E+16
82606,9.1706E+18,9,4,62,0,2017,6,13,7,2,8,1,0,1,0,1,0,0,0,6.8703E+20,5.53302E+21,1.16055E+16,4.99202E+16
82607,9.1706E+18,9,4,74,123,2017,6,10,7,3,7,1,0,0,0,1,0,0,0,6.4659E+20,5.51513E+21,1.10358E+16,4.97707E+16
82608,9.1706E+18,9,4,71,119,2017,6,18,7,3,0,1,0,0,0,1,0,0,1,6.35134E+20,5.53621E+21,1.08842E+16,4.99629E+16
82609,9.1706E+18,9,3,77,149,2017,6,12,7,3,8,7,0,1,0,0,0,0,0,7.26067E+20,5.52562E+21,1.21443E+16,4.98403E+16
82610,9.1706E+18,9,3,74,149,2017,6,13,7,1,4,6,0,1,0,0,0,0,0,7.1094E+20,5.51575E+21,1.19288E+16,4.97572E+16
82611,9.1706E+18,9,3,75,122,2017,6,9,7,3,2,6,0,1,0,0,0,0,0,7.10567E+20,5.44241E+21,1.18847E+16,4.90984E+16
82612,9.1706E+18,9,3,72,146,2017,6,18,7,3,9,6,0,1,0,1,0,0,0,7.59655E+20,5.46564E+21,1.2571E+16,4.92883E+16
82613,9.1706E+18,9,3,73,147,2017,6,12,7,3,3,7,0,1,0,0,0,0,0,6.84217E+20,5.46176E+21,1.1533E+16,4.92808E+16
82614,9.1706E+18,9,3,72,151,2017,6,8,7,3,5,3,0,1,0,0,0,0,0,7.81436E+20,5.46105E+21,1.28666E+16,4.92374E+16
82615,9.1706E+18,9,3,72,155,2017,6,20,7,2,5,3,1,0,0,1,0,0,0,7.75064E+20,5.45688E+21,1.27764E+16,4.92029E+16
82616,9.1706E+18,9,3,71,126,2017,6,17,7,3,1,6,0,1,0,1,0,0,1,7.02747E+20,5.49055E+21,1.18022E+16,4.95336E+16
82617,9.1706E+18,9,2,76,134,2017,6,19,7,3,0,1,0,0,0,1,1,0,0,7.91148E+20,5.43662E+21,1.29821E+16,4.90137E+16
82618,9.1706E+18,9,2,71,125,2017,6,12,7,3,3,6,0,1,0,1,0,0,0,7.97188E+20,5.40992E+21,1.30451E+16,4.87712E+16
82619,9.17061E+18,9,6,79,205,2017,6,11,1,2,8,7,0,1,0,0,0,0,0,5.59246E+20,5.51513E+21,9.82304E+15,4.97857E+16
82620,9.17061E+18,9,6,63,0,2017,6,15,1,3,0,1,0,1,0,1,0,0,0,5.67028E+20,5.51895E+21,9.93178E+15,4.98193E+16
82621,9.17061E+18,9,6,79,138,2017,6,19,1,2,3,6,1,1,0,0,0,0,0,5.68164E+20,5.49938E+21,9.94416E+15,4.96431E+16
82622,9.17061E+18,9,6,77,116,2017,6,15,1,2,9,1,0,0,0,1,0,0,0,5.41667E+20,5.55745E+21,9.58343E+15,5.01678E+16
82623,9.17061E+18,9,7,73,182,2017,6,2,1,3,4,1,0,1,0,0,0,2,0,6.27621E+20,5.37816E+21,1.07291E+16,4.85436E+16
82624,9.17061E+18,9,7,72,223,2017,6,12,1,3,2,6,0,1,0,0,0,0,0,6.18946E+20,5.36311E+21,1.06073E+16,4.84099E+16
82625,9.17061E+18,9,6,75,127,2017,6,16,1,3,9,1,0,0,0,1,0,0,0,6.03749E+20,5.51556E+21,1.04412E+16,4.97836E+16
82626,9.17061E+18,9,6,77,175,2017,6,16,1,3,8,1,0,0,0,1,0,0,0,5.61547E+20,5.52889E+21,9.85718E+15,4.99092E+16
82627,9.17061E+18,9,6,77,114,2017,6,13,1,2,1,5,1,1,0,0,0,0,0,5.6959E+20,5.53648E+21,9.97055E+15,4.99766E+16
82628,9.17061E+18,9,6,77,148,2017,6,13,1,3,5,2,0,1,0,0,0,0,0,5.55162E+20,5.53429E+21,9.76904E+15,4.99584E+16
82629,9.17061E+18,9,6,73,153,2017,6,14,1,2,8,1,0,0,0,1,0,0,0,5.83335E+20,5.58898E+21,1.01737E+16,5.04469E+16
82630,9.17061E+18,9,6,73,117,2017,6,12,1,3,8,1,0,0,0,1,0,0,1,5.73382E+20,5.58097E+21,1.0032E+16,5.03762E+16
82631,9.17061E+18,9,6,61,0,2017,6,6,1,2,8,7,0,1,0,0,1,0,0,5.08568E+20,5.5381E+21,9.11954E+15,4.99952E+16
82632,9.17061E+18,9,6,76,125,2017,6,18,1,3,0,3,0,1,0,1,0,0,0,5.16573E+20,5.50771E+21,9.22992E+15,4.97217E+16
82633,9.17061E+18,9,5,76,122,2017,6,12,1,3,2,6,0,1,0,0,0,0,0,6.68535E+20,5.43773E+21,1.13075E+16,4.90693E+16
82634,9.17061E+18,9,5,76,151,2017,6,0,1,3,2,6,0,1,0,0,0,2,0,6.55699E+20,5.47229E+21,1.11453E+16,4.93834E+16
82635,9.17061E+18,9,5,62,0,2017,6,14,1,3,3,6,1,0,0,0,1,0,0,6.45106E+20,5.49678E+21,1.10084E+16,4.96062E+16
82636,9.17061E+18,9,5,63,0,2017,6,16,1,2,3,6,0,1,0,1,0,0,0,6.42926E+20,5.48012E+21,1.09722E+16,4.94569E+16
82637,9.17061E+18,9,5,77,136,2017,6,13,1,2,2,6,0,1,0,1,0,0,0,6.27594E+20,5.44263E+21,1.07488E+16,4.91232E+16
82638,9.17061E+18,9,5,71,134,2017,6,17,1,2,8,1,0,0,0,1,0,0,0,5.87373E+20,5.46257E+21,1.0202E+16,4.93096E+16
82639,9.17061E+18,9,5,71,114,2017,6,16,1,3,9,1,0,1,0,0,0,0,0,6.02865E+20,5.45563E+21,1.04133E+16,4.92448E+16
82640,9.17061E+18,9,4,79,158,2017,6,18,1,2,5,3,0,1,0,0,0,0,0,7.23407E+20,5.54945E+21,1.21211E+16,5.00553E+16
82641,9.17061E+18,9,4,73,141,2017,6,7,1,3,9,1,0,1,0,0,0,0,0,6.41709E+20,5.57324E+21,1.09896E+16,5.02943E+16
82642,9.17061E+18,9,4,77,128,2017,6,11,1,2,4,6,1,0,0,0,0,0,0,6.71246E+20,5.54954E+21,1.13932E+16,5.00734E+16
82643,9.17061E+18,9,4,72,139,2017,6,13,1,1,3,2,0,1,0,1,0,0,0,6.96542E+20,5.55497E+21,1.17491E+16,5.01144E+16
82644,9.17061E+18,9,4,74,147,2017,6,12,1,2,8,1,0,0,0,1,0,0,0,6.57305E+20,5.50704E+21,1.11813E+16,4.96954E+16
82645,9.17061E+18,9,4,72,115,2017,6,15,1,2,4,2,0,1,0,1,0,0,0,6.59569E+20,5.52777E+21,1.12211E+16,4.9881E+16
82646,9.17061E+18,9,3,74,164,2017,6,11,1,3,5,3,0,1,0,0,0,0,0,7.51984E+20,5.50368E+21,1.24899E+16,4.9633E+16
82647,9.17061E+18,9,3,75,174,2017,6,19,1,3,5,3,0,1,0,0,0,0,0,7.32491E+20,5.42939E+21,1.21772E+16,4.89737E+16
82648,9.17061E+18,9,3,72,149,2017,6,10,1,3,8,1,0,0,0,1,0,0,0,7.43563E+20,5.45148E+21,1.23415E+16,4.91678E+16
82649,9.17061E+18,9,3,73,134,2017,6,15,1,2,4,1,0,0,0,1,0,0,0,7.03331E+20,5.45513E+21,1.17921E+16,4.92152E+16
82650,9.17061E+18,9,3,73,113,2017,6,19,1,3,4,6,0,1,0,0,0,0,0,6.76802E+20,5.46885E+21,1.14343E+16,4.93467E+16
82651,9.17061E+18,9,3,73,147,2017,6,0,1,3,5,3,0,1,0,0,0,2,0,6.79602E+20,5.46106E+21,1.14693E+16,4.92759E+16
82652,9.17061E+18,9,3,71,151,2017,6,3,1,2,9,7,0,1,0,0,0,2,0,6.96649E+20,5.48545E+21,1.17155E+16,4.94898E+16
82653,9.17061E+18,9,3,76,164,2017,6,16,1,2,8,1,0,0,0,1,0,0,0,7.4015E+20,5.47727E+21,1.23102E+16,4.94007E+16
82654,9.17061E+18,9,3,76,133,2017,6,9,1,1,9,1,0,1,0,0,0,0,0,7.40223E+20,5.48569E+21,1.23163E+16,4.94763E+16
82655,9.17061E+18,9,3,76,117,2017,6,13,1,1,8,7,0,1,0,0,0,0,0,7.42256E+20,5.4611E+21,1.23294E+16,4.92547E+16
82656,9.17061E+18,9,2,78,144,2017,6,18,1,2,9,1,0,1,0,0,0,0,0,7.47224E+20,5.40601E+21,1.2364E+16,4.8758E+16
82657,9.17061E+18,9,2,78,123,2017,6,10,1,2,9,1,1,0,0,0,0,0,0,7.47233E+20,5.41243E+21,1.2368E+16,4.88156E+16
82658,9.17061E+18,9,2,76,138,2017,6,13,1,3,2,6,0,0,0,1,0,0,0,8.00487E+20,5.43174E+21,1.31059E+16,4.89654E+16
82659,9.17061E+18,9,2,75,154,2017,6,11,1,3,9,7,0,1,0,0,0,0,0,8.15246E+20,5.39291E+21,1.32772E+16,4.86097E+16
82660,9.17061E+18,9,2,75,128,2017,6,20,1,3,9,7,0,0,0,1,0,1,0,8.27845E+20,5.39845E+21,1.3452E+16,4.8653E+16
82661,9.17061E+18,9,2,75,124,2017,6,10,1,2,5,3,0,1,0,1,0,0,0,8.1222E+20,5.37681E+21,1.32242E+16,4.84668E+16
82662,9.17061E+18,9,2,75,124,2017,6,15,1,3,2,6,0,0,0,1,0,0,0,8.11391E+20,5.37621E+21,1.32126E+16,4.84618E+16
82663,9.17061E+18,9,2,79,122,2017,6,17,1,3,2,6,0,1,0,0,0,0,0,7.73316E+20,5.39325E+21,1.27099E+16,4.86325E+16
82664,9.17061E+18,9,2,73,164,2017,6,13,1,3,2,5,0,1,0,0,1,0,0,7.00625E+20,5.42531E+21,1.17402E+16,4.89482E+16
82665,9.17061E+18,9,2,73,137,2017,6,14,1,3,2,5,0,1,0,1,0,0,0,7.11613E+20,5.42119E+21,1.1888E+16,4.89075E+16
82666,9.17061E+18,9,2,73,175,2017,6,17,1,1,8,1,0,1,0,0,0,0,0,7.20709E+20,5.41884E+21,1.20107E+16,4.88832E+16
82667,9.17061E+18,9,1,73,137,2017,6,18,1,3,0,6,1,1,0,0,0,0,0,6.74603E+20,5.30398E+21,1.13347E+16,4.78654E+16
82668,9.17061E+18,9,1,90,121,2017,6,15,1,3,0,6,0,1,0,1,0,0,0,6.64338E+20,5.29002E+21,1.11922E+16,4.77426E+16
82669,9.17061E+18,9,1,90,145,2017,6,14,1,3,8,1,0,0,0,1,0,0,0,6.46429E+20,5.28825E+21,1.09529E+16,4.7731E+16
82670,9.17061E+18,9,1,90,145,2017,6,13,1,2,9,1,0,0,0,1,0,0,1,6.4337E+20,5.28791E+21,1.0912E+16,4.77286E+16
82671,9.17061E+18,9,1,73,118,2017,6,13,1,2,8,7,0,1,0,0,0,0,0,6.96297E+20,5.30387E+21,1.16244E+16,4.78581E+16
82672,9.17061E+18,9,1,73,133,2017,6,14,1,2,8,6,0,1,0,0,0,0,0,6.77475E+20,5.27969E+21,1.13631E+16,4.76462E+16
82673,9.17061E+18,9,1,89,145,2017,6,19,1,3,2,6,0,1,0,0,0,0,0,7.71121E+20,5.30354E+21,1.26228E+16,4.7828E+16
82674,9.17061E+18,9,1,83,139,2017,6,16,1,3,8,1,0,1,0,0,0,0,0,7.35221E+20,5.33207E+21,1.21595E+16,4.80984E+16
82675,9.17061E+18,9,1,89,114,2017,6,10,1,3,3,2,0,1,0,0,0,0,0,7.61129E+20,5.31364E+21,1.24956E+16,4.79228E+16
82676,9.17061E+18,9,1,89,154,2017,6,3,1,3,9,7,0,1,0,0,0,2,0,7.70175E+20,5.31894E+21,1.26198E+16,4.79667E+16
82677,9.17061E+18,9,1,83,127,2017,6,8,1,2,8,1,0,0,0,1,0,0,0,7.58266E+20,5.35299E+21,1.24812E+16,4.82774E+16
82678,9.17061E+18,9,1,89,152,2017,6,14,1,2,5,3,0,1,0,0,0,0,0,7.79043E+20,5.3312E+21,1.27463E+16,4.8073E+16
82679,9.17061E+18,9,1,89,150,2017,6,15,1,2,2,6,0,0,0,1,0,0,0,7.78139E+20,5.32379E+21,1.27294E+16,4.80068E+16
82680,9.17061E+18,9,1,72,129,2017,6,18,1,2,9,1,0,0,0,1,0,0,0,7.932E+20,5.28031E+21,1.29015E+16,4.76098E+16
82681,9.17061E+18,9,1,72,124,2017,6,15,1,2,7,1,1,0,0,0,0,0,0,8.03346E+20,5.29071E+21,1.30434E+16,4.76985E+16
82682,9.17061E+18,9,1,72,116,2017,6,9,1,3,2,3,0,1,0,1,0,0,0,8.00541E+20,5.28159E+21,1.29998E+16,4.7618E+16
82683,9.17061E+18,9,1,72,131,2017,6,19,1,2,8,1,0,0,0,1,0,0,0,7.88155E+20,5.28629E+21,1.28384E+16,4.76658E+16
82684,9.17061E+18,9,1,87,182,2017,6,21,1,2,2,6,1,0,0,0,0,0,0,7.40088E+20,5.32808E+21,1.22225E+16,4.80608E+16
82685,9.17061E+18,9,1,87,126,2017,6,17,1,2,2,6,0,1,0,1,0,0,0,7.43078E+20,5.32803E+21,1.22625E+16,4.80592E+16
82686,9.17061E+18,9,1,87,126,2017,6,19,1,2,5,3,0,1,0,1,0,0,0,7.43078E+20,5.32803E+21,1.22625E+16,4.80592E+16
82687,9.17061E+18,9,1,87,182,2017,6,21,1,3,5,3,0,1,0,0,1,1,0,7.37429E+20,5.32769E+21,1.21866E+16,4.80583E+16
82688,9.17061E+18,9,1,87,128,2017,6,17,1,2,0,1,1,0,0,0,0,0,0,7.47905E+20,5.30964E+21,1.23166E+16,4.78922E+16
82689,9.17061E+18,9,1,87,150,2017,6,21,1,3,5,3,1,1,0,0,0,0,0,7.27225E+20,5.30449E+21,1.20376E+16,4.78535E+16
82690,9.17061E+18,9,1,87,117,2017,6,12,1,3,4,6,1,0,0,0,0,0,0,7.22822E+20,5.3029E+21,1.1978E+16,4.78408E+16
82691,9.17061E+18,9,1,86,137,2017,6,14,1,3,5,3,1,1,0,0,0,0,0,6.83954E+20,5.40079E+21,1.15018E+16,4.8733E+16
82692,9.17061E+18,9,1,76,120,2017,6,12,1,3,2,6,0,1,0,0,0,0,0,6.77894E+20,5.42503E+21,1.14299E+16,4.89526E+16
82693,9.17061E+18,9,1,85,158,2017,6,2,1,3,0,1,1,0,0,0,0,2,0,6.63509E+20,5.37952E+21,1.12155E+16,4.85474E+16
82694,9.17061E+18,9,1,85,123,2017,6,13,1,2,7,7,0,0,0,1,0,0,0,6.69908E+20,5.38836E+21,1.13058E+16,4.86252E+16
82695,9.17061E+18,9,1,85,123,2017,6,17,1,3,2,6,0,1,0,1,0,0,0,6.71017E+20,5.38922E+21,1.13212E+16,4.86326E+16
82696,9.17061E+18,9,1,85,168,2017,6,22,1,2,6,7,0,1,1,0,0,2,0,6.7275E+20,5.39844E+21,1.13485E+16,4.8715E+16
82697,9.17061E+18,9,1,76,137,2017,6,16,1,2,8,1,0,0,0,1,0,0,0,6.74073E+20,5.43087E+21,1.13803E+16,4.90061E+16
82698,9.17061E+18,9,1,88,139,2017,6,15,1,3,0,7,1,0,0,0,0,0,0,6.76415E+20,5.3189E+21,1.1365E+16,4.79991E+16
82699,9.17061E+18,9,1,81,126,2017,6,7,1,3,0,7,0,1,0,0,0,0,0,6.36512E+20,5.33102E+21,1.08342E+16,4.81178E+16
82700,9.17061E+18,9,1,81,143,2017,6,16,1,3,5,3,0,1,0,0,0,0,0,6.36668E+20,5.31447E+21,1.08311E+16,4.7969E+16
82701,9.17061E+18,9,1,84,149,2017,6,17,1,3,9,6,0,1,0,1,0,0,0,6.88529E+20,5.34937E+21,1.15407E+16,4.82694E+16
82702,9.17061E+18,9,1,78,132,2017,6,12,1,3,9,1,0,0,0,1,0,0,0,7.13489E+20,5.38128E+21,1.18929E+16,4.85483E+16
82703,9.17061E+18,9,1,78,124,2017,6,12,1,3,9,1,0,0,0,1,0,0,0,7.00186E+20,5.36684E+21,1.17059E+16,4.84229E+16
82704,9.17061E+18,9,1,75,114,2017,6,15,1,2,5,2,0,1,0,1,0,0,0,7.15766E+20,5.32225E+21,1.18936E+16,4.80171E+16
82705,9.17061E+18,9,1,62,0,2017,6,14,7,3,0,1,1,0,0,0,0,0,0,6.91379E+20,5.33124E+21,1.15709E+16,4.81056E+16
82706,9.17061E+18,9,1,84,135,2017,6,18,7,2,5,2,0,1,0,1,0,0,0,6.8786E+20,5.34746E+21,1.15309E+16,4.82525E+16
82707,9.17061E+18,9,7,75,152,2017,6,9,7,2,0,7,0,0,0,1,0,0,0,5.80715E+20,5.35299E+21,1.00889E+16,4.8325E+16
82708,9.17061E+18,9,7,74,143,2017,6,21,7,2,8,1,0,1,0,0,0,2,0,5.94599E+20,5.35906E+21,1.02775E+16,4.83776E+16
82709,9.17061E+18,9,7,80,119,2017,6,20,7,2,2,6,0,1,0,0,0,1,0,5.96906E+20,5.29695E+21,1.02946E+16,4.78186E+16
82710,9.17061E+18,9,7,77,118,2017,6,16,7,3,0,2,1,0,0,0,0,0,0,6.28347E+20,5.295E+21,1.07138E+16,4.77956E+16
82711,9.17061E+18,9,7,63,0,2017,6,19,7,3,1,6,0,1,0,0,0,0,0,5.97221E+20,5.28567E+21,1.02963E+16,4.77171E+16
82712,9.17061E+18,9,7,77,138,2017,6,18,7,2,4,6,0,0,0,1,1,0,0,6.0851E+20,5.29564E+21,1.04492E+16,4.7805E+16
82713,9.17061E+18,9,7,77,154,2017,6,18,7,3,8,1,0,0,0,1,0,0,0,6.07819E+20,5.30438E+21,1.04422E+16,4.78837E+16
82714,9.17061E+18,9,7,77,121,2017,6,17,7,3,3,1,1,0,0,1,0,0,0,6.28881E+20,5.32188E+21,1.0729E+16,4.80372E+16
82715,9.17061E+18,9,7,79,136,2017,6,16,7,2,8,1,0,0,0,1,0,0,0,6.08059E+20,5.40554E+21,1.04713E+16,4.87935E+16
82716,9.17061E+18,9,7,73,125,2017,6,16,7,3,5,2,0,1,0,0,0,0,0,6.11668E+20,5.37955E+21,1.05134E+16,4.85591E+16
82717,9.17061E+18,9,7,72,134,2017,6,12,7,3,5,3,0,1,0,1,0,0,0,6.33183E+20,5.38445E+21,1.08065E+16,4.8599E+16
82718,9.17061E+18,9,7,71,142,2017,6,2,7,3,0,1,1,0,0,0,0,2,0,6.45488E+20,5.35254E+21,1.09622E+16,4.83093E+16
82719,9.17061E+18,9,7,61,0,2017,6,10,7,3,4,2,0,1,0,0,0,0,0,6.43415E+20,5.36054E+21,1.09369E+16,4.83817E+16
82720,9.17061E+18,9,7,61,0,2017,6,10,7,3,3,2,1,1,0,0,0,0,0,6.44363E+20,5.35761E+21,1.09487E+16,4.83552E+16
82721,9.17061E+18,9,7,61,0,2017,6,19,7,3,5,3,1,1,0,0,0,0,0,6.40115E+20,5.35245E+21,1.08897E+16,4.83097E+16
82722,9.17061E+18,9,7,61,0,2017,6,8,7,3,5,3,0,1,0,0,0,0,0,6.41104E+20,5.35231E+21,1.0903E+16,4.83082E+16
82723,9.17061E+18,9,7,61,0,2017,6,15,7,3,0,7,1,0,0,0,0,0,0,6.41449E+20,5.35854E+21,1.09097E+16,4.83642E+16
82724,9.17061E+18,9,7,61,0,2017,6,17,7,3,5,3,1,1,0,0,0,0,0,6.41752E+20,5.35975E+21,1.09142E+16,4.8375E+16
82725,9.17061E+18,9,6,77,157,2017,6,18,7,3,2,6,0,1,0,0,0,0,0,5.422E+20,5.5224E+21,9.58704E+15,4.98525E+16
82726,9.17061E+18,9,6,77,116,2017,6,13,7,3,8,1,0,0,0,1,0,0,0,5.41667E+20,5.55745E+21,9.58343E+15,5.01678E+16
82727,9.17061E+18,9,6,77,165,2017,6,16,7,2,8,7,0,0,0,1,0,0,0,5.2832E+20,5.54003E+21,9.39526E+15,5.00119E+16
82728,9.17061E+18,9,6,74,159,2017,6,23,7,3,9,1,0,1,0,0,0,2,1,6.18426E+20,5.53116E+21,1.06498E+16,4.99211E+16
82729,9.17061E+18,9,6,78,124,2017,6,13,7,2,5,3,1,1,0,0,0,0,0,6.02506E+20,5.53417E+21,1.04289E+16,4.99511E+16
82730,9.17061E+18,9,6,72,135,2017,6,17,7,2,5,3,0,1,0,1,0,0,0,5.85066E+20,5.56647E+21,1.0193E+16,5.02443E+16
82731,9.17061E+18,9,6,72,114,2017,6,10,7,2,5,3,0,1,0,0,0,0,0,5.7781E+20,5.5618E+21,1.00903E+16,5.02033E+16
82732,9.17061E+18,9,6,72,134,2017,6,11,7,2,8,1,0,0,0,1,0,0,0,5.54411E+20,5.58117E+21,9.76527E+15,5.03801E+16
82733,9.17061E+18,9,6,71,130,2017,6,12,7,3,4,3,0,1,0,0,0,0,0,5.16196E+20,5.53924E+21,9.22602E+15,5.00053E+16
82734,9.17061E+18,9,5,72,444,2017,6,6,7,2,2,6,0,1,0,0,1,1,0,6.52273E+20,5.48629E+21,1.11035E+16,4.95101E+16