OBJECTID,UIDENTSTLA,ULAND,UREGBEZ,UKREIS,UGEMEINDE,UJAHR,UMONAT,USTUNDE,UWOCHENTAG,UKATEGORIE,UART,UTYP1,IstRad,IstPKW,IstFuss,IstKrad,IstSonstig,LICHT,STRZUSTAND,LINREFX,LINREFY,XGCSWGS84,YGCSWGS84
82908,9.17061E+18,9,7,71,156,2017,6,9,5,2,0,1,0,0,0,1,0,0,0,6.52501E+20,5.38346E+21,1.10679E+16,4.85857E+16
82909,9.17061E+18,9,6,78,193,2017,6,12,5,2,2,6,0,0,0,0,1,0,0,5.7521E+20,5.5374E+21,1.00491E+16,4.99842E+16
82910,9.17061E+18,9,6,74,129,2017,6,11,5,2,5,5,0,1,0,1,0,0,0,6.20036E+20,5.53818E+21,1.06744E+16,4.99838E+16
82911,9.17061E+18,9,6,74,130,2017,6,8,5,3,5,3,0,1,0,0,0,0,0,6.24027E+20,5.55049E+21,1.0734E+16,5.00937E+16
82912,9.17061E+18,9,6,77,157,2017,6,22,5,2,4,6,0,1,0,0,1,2,0,5.39729E+20,5.51871E+21,9.55229E+15,4.98195E+16
82913,9.17061E+18,9,6,76,134,2017,6,17,5,1,5,3,1,1,0,0,0,0,0,5.13144E+20,5.51033E+21,9.18244E+15,4.97453E+16
82914,9.17061E+18,9,6,71,155,2017,6,6,5,3,2,6,0,1,0,0,1,0,0,5.06233E+20,5.53423E+21,9.0869E+15,4.99604E+16
82915,9.17061E+18,9,5,74,112,2017,6,19,5,3,2,6,0,1,0,0,0,0,0,6.74242E+20,5.47591E+21,1.14022E+16,4.94109E+16
82916,9.17061E+18,9,5,76,113,2017,6,15,5,3,3,6,0,1,0,0,1,0,0,6.6266E+20,5.45308E+21,1.12333E+16,4.92089E+16
82917,9.17061E+18,9,5,76,128,2017,6,6,5,3,9,6,0,1,0,0,1,0,0,6.42742E+20,5.46331E+21,1.09637E+16,4.93058E+16
82918,9.17061E+18,9,5,76,151,2017,6,6,5,3,3,2,0,1,0,0,0,0,0,6.55978E+20,5.47199E+21,1.1149E+16,4.93806E+16
82919,9.17061E+18,9,5,76,151,2017,6,14,5,3,0,7,1,0,0,0,0,0,0,6.54272E+20,5.46865E+21,1.11242E+16,4.93511E+16
82920,9.17061E+18,9,5,63,0,2017,6,17,5,3,1,5,1,1,0,0,0,0,0,6.44704E+20,5.48306E+21,1.09978E+16,4.94829E+16
82921,9.17061E+18,9,5,64,0,2017,6,12,5,3,2,6,0,1,0,1,0,0,0,6.47788E+20,5.47653E+21,1.10379E+16,4.94234E+16
82922,9.17061E+18,9,5,73,120,2017,6,17,5,2,9,1,0,1,0,0,0,0,0,6.25761E+20,5.48311E+21,1.07365E+16,4.94876E+16
82923,9.17061E+18,9,5,71,199,2017,6,12,5,3,3,6,0,1,0,0,0,0,0,5.90366E+20,5.44831E+21,1.024E+16,4.91809E+16
82924,9.17061E+18,9,5,75,112,2017,6,18,5,3,5,3,1,1,0,0,0,0,0,6.02819E+20,5.48659E+21,1.04207E+16,4.95232E+16
82925,9.17061E+18,9,5,71,174,2017,6,15,5,2,5,3,0,0,0,1,1,0,0,6.03692E+20,5.4629E+21,1.04266E+16,4.93101E+16
82926,9.17061E+18,9,4,64,0,2017,6,17,5,3,4,6,0,1,0,0,0,0,0,7.07387E+20,5.57869E+21,1.19136E+16,5.03238E+16
82927,9.17061E+18,9,4,78,139,2017,6,13,5,3,0,1,1,0,0,0,0,0,0,6.53836E+20,5.55282E+21,1.11514E+16,5.01077E+16
82928,9.17061E+18,9,4,73,121,2017,6,10,5,3,2,6,0,1,0,0,0,0,0,6.46612E+20,5.56529E+21,1.10553E+16,5.02215E+16
82929,9.17061E+18,9,4,77,124,2017,6,8,5,3,5,3,0,1,0,0,0,0,0,6.67916E+20,5.54408E+21,1.13443E+16,5.00253E+16
82930,9.17061E+18,9,4,74,123,2017,6,17,5,3,8,1,0,1,0,0,0,0,0,6.49746E+20,5.51592E+21,1.10799E+16,4.97771E+16
82931,9.17061E+18,9,4,71,123,2017,6,16,5,3,0,1,1,0,0,0,0,0,0,6.49214E+20,5.52276E+21,1.10752E+16,4.98387E+16
82932,9.17061E+18,9,4,71,120,2017,6,19,5,2,8,1,0,0,0,1,0,0,0,6.30034E+20,5.52167E+21,1.08082E+16,4.98333E+16
82933,9.17061E+18,9,3,63,0,2017,6,12,5,3,2,6,0,1,0,0,0,0,0,7.27069E+20,5.50449E+21,1.21459E+16,4.96501E+16
82934,9.17061E+18,9,3,73,126,2017,6,16,5,2,3,2,0,0,0,1,1,0,0,6.67993E+20,5.45236E+21,1.13062E+16,4.9201E+16
82935,9.17061E+18,9,3,72,116,2017,6,8,5,2,9,1,0,1,0,0,0,0,0,7.70642E+20,5.46109E+21,1.27187E+16,4.92427E+16
82936,9.17061E+18,9,3,76,141,2017,6,6,5,3,2,6,0,1,0,0,0,0,0,7.27361E+20,5.45177E+21,1.21197E+16,4.91765E+16
82937,9.17061E+18,9,3,76,149,2017,6,15,5,3,5,3,0,1,0,0,0,0,0,7.41277E+20,5.45492E+21,1.23122E+16,4.91995E+16
82938,9.17061E+18,9,3,61,0,2017,6,15,5,3,2,6,0,1,0,0,0,0,0,7.07414E+20,5.4807E+21,1.18614E+16,4.94436E+16
82939,9.17061E+18,9,3,71,127,2017,6,20,5,3,4,2,0,1,0,1,0,0,0,7.14423E+20,5.49202E+21,1.19641E+16,4.95428E+16
82940,9.17061E+18,9,3,75,210,2017,6,1,5,3,2,6,0,1,0,0,1,2,0,7.51135E+20,5.43209E+21,1.24331E+16,4.89906E+16
82941,9.17061E+18,9,2,76,111,2017,6,5,5,3,0,7,0,1,0,0,0,0,0,7.87507E+20,5.43286E+21,1.29298E+16,4.89817E+16
82942,9.17061E+18,9,2,63,0,2017,6,16,5,3,5,3,1,1,0,0,0,0,0,7.6141E+20,5.42025E+21,1.25657E+16,4.888E+16
82943,9.17061E+18,9,2,71,127,2017,6,18,5,3,5,3,0,1,0,0,1,0,0,8.04226E+20,5.40564E+21,1.31375E+16,4.87294E+16
82944,9.17061E+18,9,2,71,119,2017,6,16,5,3,5,2,0,1,0,1,0,0,0,7.88759E+20,5.41537E+21,1.29345E+16,4.88241E+16
82945,9.17061E+18,9,2,78,116,2017,6,7,5,3,8,7,0,1,0,0,0,0,0,7.65111E+20,5.43513E+21,1.26258E+16,4.90121E+16
82946,9.17061E+18,9,7,77,166,2017,6,13,4,3,5,3,1,1,0,0,0,0,0,6.29093E+20,5.27966E+21,1.07192E+16,4.76575E+16
82947,9.17061E+18,9,7,77,129,2017,6,10,4,3,5,3,0,1,0,0,0,0,0,6.28169E+20,5.27064E+21,1.07043E+16,4.75765E+16
82948,9.17061E+18,9,7,79,147,2017,6,18,4,2,4,2,0,0,0,1,1,0,0,6.09462E+20,5.42466E+21,1.04955E+16,4.89651E+16
82949,9.17061E+18,9,7,79,130,2017,6,14,4,2,0,2,0,1,0,1,0,0,0,6.13302E+20,5.41348E+21,1.05449E+16,4.88639E+16
82950,9.17061E+18,9,7,79,131,2017,6,18,4,2,1,7,1,0,0,1,0,0,0,6.31092E+20,5.39583E+21,1.07817E+16,4.87017E+16
82951,9.17061E+18,9,7,79,115,2017,6,15,4,2,3,6,0,1,0,0,0,0,0,6.34399E+20,5.39316E+21,1.08258E+16,4.8677E+16
82952,9.17061E+18,9,7,73,125,2017,6,14,4,3,5,3,0,1,0,0,0,0,0,6.09837E+20,5.381E+21,1.0489E+16,4.85725E+16
82953,9.17061E+18,9,6,75,174,2017,6,5,4,3,5,3,0,1,0,1,0,0,0,5.87917E+20,5.52439E+21,1.02233E+16,4.98654E+16
82954,9.17061E+18,9,6,75,162,2017,6,19,4,3,2,2,0,1,0,1,0,0,0,5.96964E+20,5.51468E+21,1.03468E+16,4.97767E+16
82955,9.17061E+18,9,6,73,114,2017,6,22,4,3,5,3,0,1,0,0,0,2,0,5.8587E+20,5.57599E+21,1.02065E+16,5.03297E+16
82956,9.17061E+18,9,6,77,120,2017,6,14,4,3,2,6,0,1,0,0,0,0,0,5.30774E+20,5.52555E+21,9.42835E+15,4.98815E+16
82957,9.17061E+18,9,7,73,125,2017,6,23,4,3,5,3,0,1,0,1,0,2,0,6.09785E+20,5.38179E+21,1.04885E+16,4.85795E+16
82958,9.17061E+18,9,7,72,111,2017,6,13,4,2,2,6,0,1,0,0,0,0,0,6.27117E+20,5.3641E+21,1.0718E+16,4.84172E+16
82959,9.17061E+18,9,7,72,223,2017,6,9,4,2,3,6,0,1,0,0,1,0,0,6.18507E+20,5.36309E+21,1.06014E+16,4.84099E+16
82960,9.17061E+18,9,7,72,223,2017,6,20,4,3,4,2,0,1,0,1,0,0,0,6.18239E+20,5.36234E+21,1.05976E+16,4.84031E+16
82961,9.17061E+18,9,7,72,125,2017,6,6,4,3,5,3,0,1,0,1,0,0,0,6.36186E+20,5.34816E+21,1.08354E+16,4.8272E+16
82962,9.17061E+18,9,7,61,0,2017,6,18,4,3,5,3,1,1,0,0,0,0,0,6.43198E+20,5.36056E+21,1.0934E+16,4.83819E+16
82963,9.17061E+18,9,7,61,0,2017,6,15,4,2,4,2,1,1,0,0,0,0,0,6.40209E+20,5.36055E+21,1.08937E+16,4.83826E+16
82964,9.17061E+18,9,7,71,169,2017,6,16,4,3,8,1,0,0,0,1,0,0,0,6.40271E+20,5.37481E+21,1.08993E+16,4.85108E+16
82965,9.17061E+18,9,6,63,0,2017,6,15,4,3,2,6,0,1,0,0,1,0,0,5.6776E+20,5.51478E+21,9.94124E+15,4.97816E+16
82966,9.17061E+18,9,6,76,145,2017,6,14,4,3,2,6,0,1,0,0,0,0,0,5.09845E+20,5.51995E+21,9.13689E+15,4.98319E+16
82967,9.17061E+18,9,6,71,148,2017,6,7,4,2,4,6,0,1,0,0,1,0,0,5.30993E+20,5.53615E+21,9.43225E+15,4.99769E+16
82968,9.17061E+18,9,5,72,131,2017,6,17,4,3,2,1,0,1,0,0,0,0,0,6.53756E+20,5.48568E+21,1.11237E+16,4.95042E+16
82969,9.17061E+18,9,5,72,115,2017,6,15,4,2,2,6,0,1,0,0,0,0,0,6.47815E+20,5.50448E+21,1.10488E+16,4.96747E+16
82970,9.17061E+18,9,5,64,0,2017,6,3,4,3,0,1,0,1,0,0,0,2,0,6.58157E+20,5.47332E+21,1.11795E+16,4.9392E+16
82971,9.17061E+18,9,3,73,156,2017,6,15,4,3,2,6,0,1,0,0,0,0,0,6.60707E+20,5.46077E+21,1.12096E+16,4.92786E+16
82972,9.17061E+18,9,5,76,147,2017,6,20,4,3,9,7,0,1,0,0,0,0,0,6.34525E+20,5.45164E+21,1.08468E+16,4.92027E+16
82973,9.17061E+18,9,5,72,135,2017,6,17,4,2,3,6,0,1,0,1,0,0,0,6.31034E+20,5.50648E+21,1.0817E+16,4.96966E+16
82974,9.17061E+18,9,5,62,0,2017,6,7,4,3,6,4,1,0,1,0,0,0,0,6.44845E+20,5.4967E+21,1.10048E+16,4.96055E+16
82975,9.17061E+18,9,5,62,0,2017,6,17,4,3,3,2,0,1,0,1,0,0,0,6.41591E+20,5.49782E+21,1.09602E+16,4.96163E+16
82976,9.17061E+18,9,5,74,152,2017,6,13,4,3,5,2,0,1,0,1,0,0,0,6.62815E+20,5.48291E+21,1.12476E+16,4.9477E+16
82977,9.17061E+18,9,5,74,154,2017,6,7,4,3,1,1,0,1,0,0,0,0,0,6.62201E+20,5.48466E+21,1.12399E+16,4.94929E+16
82978,9.17061E+18,9,5,76,148,2017,6,20,4,2,9,1,0,0,0,1,0,0,0,6.59254E+20,5.44253E+21,1.11824E+16,4.91149E+16
82979,9.17061E+18,9,5,74,132,2017,6,18,4,2,0,1,0,0,0,1,0,0,0,6.74053E+20,5.48646E+21,1.14042E+16,4.95057E+16
82980,9.17061E+18,9,5,73,133,2017,6,21,4,1,9,1,0,0,0,1,0,1,0,6.25115E+20,5.47851E+21,1.07261E+16,4.94464E+16
82981,9.17061E+18,9,5,64,0,2017,6,12,4,2,8,1,0,1,0,0,0,0,0,6.50003E+20,5.47721E+21,1.10687E+16,4.9429E+16
82982,9.17061E+18,9,5,64,0,2017,6,17,4,3,2,6,0,1,0,0,0,0,0,6.54769E+20,5.48097E+21,1.11359E+16,4.94616E+16
82983,9.17061E+18,9,5,64,0,2017,6,7,4,2,4,2,1,1,0,0,0,0,0,6.50056E+20,5.48172E+21,1.10712E+16,4.94696E+16
82984,9.17061E+18,9,5,64,0,2017,6,20,4,3,5,2,1,1,0,0,0,0,0,6.50052E+20,5.48172E+21,1.10711E+16,4.94696E+16
82985,9.17061E+18,9,5,64,0,2017,6,17,4,3,1,6,0,1,0,0,1,0,0,6.47845E+20,5.47365E+21,1.10377E+16,4.93976E+16
82986,9.17061E+18,9,5,73,134,2017,6,18,4,3,0,1,1,0,0,0,0,0,0,6.42025E+20,5.47866E+21,1.09593E+16,4.9444E+16
82987,9.17061E+18,9,5,71,145,2017,6,10,4,3,1,6,0,1,0,0,0,0,0,5.94342E+20,5.45367E+21,1.02958E+16,4.92286E+16
82988,9.17061E+18,9,5,71,175,2017,6,23,4,3,9,6,0,1,0,0,1,2,0,6.24295E+20,5.45912E+21,1.07087E+16,4.92722E+16
82989,9.17061E+18,9,5,75,153,2017,6,16,4,3,5,3,0,1,0,0,0,0,0,6.16617E+20,5.49082E+21,1.06125E+16,4.95587E+16
82990,9.17061E+18,9,5,75,145,2017,6,16,4,3,5,3,0,1,0,1,0,0,0,6.19379E+20,5.48363E+21,1.06485E+16,4.94936E+16
82991,9.17061E+18,9,5,75,117,2017,6,17,4,3,5,3,0,1,0,1,0,0,0,6.23337E+20,5.49979E+21,1.07082E+16,4.9638E+16
82992,9.17061E+18,9,5,71,136,2017,6,18,4,3,5,2,1,1,0,0,0,0,0,5.97023E+20,5.43586E+21,1.03283E+16,4.9068E+16
82993,9.17061E+18,9,4,75,182,2017,6,2,4,2,9,7,0,1,0,0,0,2,0,7.10397E+20,5.5854E+21,1.19596E+16,5.0383E+16
82994,9.17061E+18,9,4,78,155,2017,6,23,4,3,0,1,0,0,0,1,0,2,0,6.57046E+20,5.56017E+21,1.11993E+16,5.01729E+16
82995,9.17061E+18,9,4,76,146,2017,6,8,4,2,4,6,0,1,0,0,0,0,0,6.62612E+20,5.56102E+21,1.12776E+16,5.0179E+16
82996,9.17061E+18,9,4,73,158,2017,6,1,4,3,0,1,1,0,0,0,0,2,0,6.25729E+20,5.57533E+21,1.0766E+16,5.03167E+16
82997,9.17061E+18,9,4,77,142,2017,6,14,4,3,6,5,0,1,1,0,0,0,0,6.77351E+20,5.54339E+21,1.14756E+16,5.00164E+16
82998,9.17061E+18,9,4,72,143,2017,6,15,4,3,4,3,0,1,0,0,0,0,0,6.90553E+20,5.54132E+21,1.16587E+16,4.99938E+16
82999,9.17061E+18,9,4,72,154,2017,6,17,4,2,8,1,0,0,0,1,0,0,0,6.60881E+20,5.53659E+21,1.12431E+16,4.996E+16
83000,9.17061E+18,9,4,62,0,2017,6,14,4,3,1,6,0,1,0,0,0,0,0,6.84569E+20,5.53516E+21,1.15723E+16,4.99403E+16
83001,9.17061E+18,9,4,71,220,2017,6,17,4,3,5,3,0,1,0,1,0,0,0,6.17446E+20,5.51204E+21,1.06304E+16,4.97493E+16
83002,9.17061E+18,9,4,61,0,2017,6,11,4,3,4,2,0,1,0,0,0,0,0,6.33601E+20,5.53083E+21,1.0861E+16,4.99149E+16
83003,9.17061E+18,9,4,61,0,2017,6,7,4,3,2,6,0,1,0,0,0,0,0,6.38584E+20,5.52686E+21,1.09289E+16,4.98781E+16
83004,9.17061E+18,9,4,61,0,2017,6,9,4,3,1,6,0,0,0,0,1,0,0,6.3782E+20,5.53012E+21,1.09194E+16,4.99076E+16
83005,9.17061E+18,9,3,74,111,2017,6,6,4,3,4,3,1,1,0,0,0,0,0,7.27764E+20,5.51267E+21,1.21603E+16,4.97234E+16
83006,9.17061E+18,9,3,77,143,2017,6,19,4,2,5,3,0,1,0,1,0,0,0,7.13158E+20,5.53245E+21,1.19687E+16,4.99064E+16
83007,9.17061E+18,9,3,74,149,2017,6,11,4,2,5,3,0,1,0,0,0,0,0,7.13749E+20,5.51513E+21,1.19674E+16,4.97506E+16
83008,9.17061E+18,9,3,62,0,2017,6,6,4,3,9,1,0,1,0,0,1,0,0,7.27036E+20,5.43118E+21,1.21037E+16,4.89917E+16
83009,9.17061E+18,9,3,72,163,2017,6,7,4,3,4,6,0,1,0,0,1,0,0,7.58242E+20,5.47957E+21,1.25606E+16,4.94139E+16
83010,9.17061E+18,9,3,75,201,2017,6,13,4,3,8,7,0,0,0,1,0,0,0,7.4553E+20,5.41885E+21,1.23487E+16,4.88739E+16
83011,9.17061E+18,9,3,62,0,2017,6,16,4,3,2,6,0,1,0,0,0,0,0,7.27633E+20,5.43519E+21,1.21141E+16,4.90276E+16
83012,9.17061E+18,9,3,72,143,2017,6,14,4,3,2,6,0,1,0,0,0,0,0,7.73786E+20,5.45342E+21,1.27566E+16,4.91724E+16
83013,9.17061E+18,9,3,61,0,2017,6,14,4,2,5,3,1,1,0,0,0,0,0,7.09738E+20,5.4824E+21,1.18943E+16,4.9458E+16
83014,9.17061E+18,9,3,71,151,2017,6,13,4,3,0,7,0,1,0,0,0,0,0,6.95823E+20,5.49066E+21,1.17066E+16,4.95368E+16
83015,9.17061E+18,9,3,71,136,2017,6,22,4,2,0,7,0,0,0,1,1,2,0,7.11168E+20,5.47902E+21,1.19122E+16,4.94271E+16
83016,9.17061E+18,9,2,76,129,2017,6,13,4,2,4,6,0,1,0,0,0,0,0,8.01119E+20,5.43961E+21,1.31203E+16,4.90357E+16
83017,9.17061E+18,9,2,75,130,2017,6,18,4,3,2,2,0,1,0,0,0,0,0,8.14696E+20,5.36373E+21,1.32478E+16,4.83482E+16
83018,9.17061E+18,9,2,72,142,2017,6,13,4,2,4,6,0,0,0,1,1,0,0,8.18376E+20,5.41328E+21,1.33352E+16,4.87909E+16
83019,9.17061E+18,9,2,72,140,2017,6,11,4,2,4,2,0,1,0,1,0,0,0,8.28286E+20,5.41627E+21,1.34722E+16,4.88125E+16
83020,9.17061E+18,9,2,74,127,2017,6,14,4,3,0,6,0,1,0,0,0,0,0,7.33743E+20,5.39959E+21,1.21772E+16,4.87055E+16
83021,9.17061E+18,9,2,74,153,2017,6,6,4,3,8,1,0,1,0,0,0,0,0,7.29203E+20,5.40492E+21,1.21186E+16,4.87551E+16
83022,9.17061E+18,9,2,74,132,2017,6,13,4,3,4,6,0,1,0,0,0,0,0,7.25884E+20,5.38591E+21,1.20631E+16,4.85855E+16
83023,9.17061E+18,9,2,73,147,2017,6,13,4,3,1,1,0,1,0,0,1,0,0,6.99872E+20,5.3915E+21,1.17135E+16,4.86446E+16
83024,9.17061E+18,9,2,74,128,2017,6,12,4,2,6,4,0,0,1,0,1,0,0,7.36958E+20,5.38928E+21,1.2215E+16,4.86116E+16
83025,9.17061E+18,9,2,79,132,2017,6,13,4,3,8,7,0,0,0,0,1,0,0,7.63677E+20,5.40091E+21,1.25842E+16,4.87054E+16
83026,9.17061E+18,9,2,79,126,2017,6,22,4,3,9,1,0,1,0,0,0,1,0,7.59525E+20,5.38443E+21,1.25175E+16,4.85592E+16
83027,9.17061E+18,9,1,73,130,2017,6,15,4,3,5,3,0,1,0,0,0,0,0,6.82692E+20,5.31557E+21,1.14476E+16,4.79674E+16
83028,9.17061E+18,9,1,90,138,2017,6,22,4,3,0,7,1,0,0,0,0,2,0,6.60626E+20,5.31258E+21,1.11511E+16,4.79464E+16
83029,9.17061E+18,9,1,90,120,2017,6,7,4,2,8,1,0,1,0,0,0,0,0,6.6814E+20,5.2949E+21,1.12448E+16,4.77855E+16
83030,9.17061E+18,9,1,90,140,2017,6,12,4,3,3,6,0,1,0,0,0,0,0,6.45737E+20,5.29358E+21,1.09454E+16,4.77791E+16
83031,9.17061E+18,9,1,80,135,2017,6,12,4,3,8,1,0,1,0,0,0,0,0,6.53434E+20,5.27422E+21,1.10413E+16,4.76032E+16
83032,9.17061E+18,9,1,73,112,2017,6,19,4,3,0,1,0,0,0,1,0,0,0,6.93242E+20,5.29282E+21,1.15787E+16,4.77598E+16
83033,9.17061E+18,9,1,73,145,2017,6,21,4,2,8,1,0,0,0,1,1,1,0,6.88253E+20,5.29895E+21,1.15148E+16,4.78163E+16
83034,9.17061E+18,9,1,89,143,2017,6,14,4,3,0,6,1,0,0,0,0,0,0,7.57913E+20,5.31434E+21,1.24531E+16,4.79304E+16
83035,9.17061E+18,9,1,89,133,2017,6,14,4,3,2,6,0,1,0,0,1,0,0,7.54147E+20,5.32199E+21,1.24073E+16,4.80006E+16
83036,9.17061E+18,9,1,89,143,2017,6,7,4,3,2,6,0,1,0,0,0,0,0,7.61551E+20,5.31697E+21,1.25033E+16,4.79526E+16
83037,9.17061E+18,9,1,89,143,2017,6,7,4,3,4,2,0,1,0,0,0,0,0,7.61483E+20,5.3169E+21,1.25023E+16,4.7952E+16
83038,9.17062E+18,9,2,78,189,2017,6,16,5,2,9,1,0,0,0,1,0,0,0,7.66439E+20,5.4415E+21,1.26481E+16,4.90687E+16
83039,9.17062E+18,9,2,77,138,2017,6,13,5,3,0,6,0,1,0,0,0,0,0,7.91147E+20,5.37243E+21,1.29368E+16,4.84376E+16
83040,9.17061E+18,9,1,89,145,2017,6,15,4,3,0,6,0,1,0,0,1,0,0,7.72043E+20,5.30349E+21,1.2635E+16,4.78271E+16
83041,9.17061E+18,9,1,89,114,2017,6,10,4,3,2,6,0,1,0,0,0,0,0,7.65129E+20,5.31148E+21,1.25477E+16,4.79018E+16
83042,9.17061E+18,9,1,71,137,2017,6,11,4,3,4,3,0,1,0,1,0,0,0,7.70873E+20,5.35202E+21,1.26501E+16,4.82634E+16
83043,9.17061E+18,9,1,82,132,2017,6,21,4,3,0,1,1,0,0,0,0,2,0,7.06375E+20,5.28864E+21,1.17517E+16,4.77181E+16
83044,9.17062E+18,9,2,62,0,2017,6,11,5,2,4,6,0,0,0,1,1,0,0,8.20477E+20,5.39212E+21,1.33474E+16,4.86E+16
83045,9.17061E+18,9,1,61,0,2017,6,20,4,3,5,3,1,1,0,0,0,0,0,6.79185E+20,5.40455E+21,1.14386E+16,4.87682E+16
83046,9.17062E+18,9,2,72,149,2017,6,15,5,2,4,1,0,0,0,1,0,0,0,8.19915E+20,5.42655E+21,1.33665E+16,4.89092E+16
83047,9.17061E+18,9,1,76,143,2017,6,15,4,3,1,6,0,1,0,0,0,0,0,6.80872E+20,5.40763E+21,1.14629E+16,4.87953E+16
83048,9.17061E+18,9,1,86,149,2017,6,14,4,3,3,6,0,1,0,0,0,0,0,6.88706E+20,5.38591E+21,1.15595E+16,4.85978E+16
83049,9.17061E+18,9,1,86,147,2017,6,16,4,3,5,3,0,1,0,0,0,0,0,6.8087E+20,5.39314E+21,1.14565E+16,4.86651E+16
83050,9.17061E+18,9,1,61,0,2017,6,18,4,3,2,6,0,1,0,1,0,0,0,6.81901E+20,5.40539E+21,1.14759E+16,4.87749E+16
83051,9.17061E+18,9,1,86,147,2017,6,16,4,3,4,7,0,1,0,0,0,0,0,6.82584E+20,5.39137E+21,1.1479E+16,4.86487E+16
83052,9.17061E+18,9,1,81,123,2017,6,10,4,3,0,7,0,1,0,0,1,0,0,6.5515E+20,5.32654E+21,1.10829E+16,4.80732E+16
83053,9.17061E+18,9,1,74,146,2017,6,11,4,3,2,6,0,1,0,0,1,0,0,6.65914E+20,5.35133E+21,1.1237E+16,4.82934E+16
83054,9.17061E+18,9,1,81,133,2017,6,13,4,2,0,1,0,0,0,1,0,0,0,6.45221E+20,5.31286E+21,1.0945E+16,4.79526E+16
83055,9.17061E+18,9,1,79,119,2017,6,14,4,3,8,7,1,0,0,0,0,0,0,6.70079E+20,5.33884E+21,1.12881E+16,4.818E+16
83056,9.17061E+18,9,1,84,112,2017,6,15,4,3,2,6,0,1,0,0,0,0,0,7.02069E+20,5.34046E+21,1.17187E+16,4.81852E+16
83057,9.17061E+18,9,1,78,145,2017,6,17,4,3,0,6,0,1,0,1,0,0,0,6.96288E+20,5.35617E+21,1.16483E+16,4.83282E+16
83058,9.17061E+18,9,1,77,117,2017,6,19,4,3,5,3,0,1,0,0,0,0,0,7.14805E+20,5.3518E+21,1.18956E+16,4.8283E+16
83059,9.17061E+18,9,1,77,133,2017,6,7,4,3,2,6,0,1,0,1,0,0,0,7.09931E+20,5.35808E+21,1.18331E+16,4.8341E+16
83060,9.17061E+18,9,1,77,120,2017,6,12,4,3,2,6,0,1,0,0,1,0,0,7.2048E+20,5.36133E+21,1.1977E+16,4.83666E+16
83061,9.17061E+18,9,1,77,133,2017,6,18,4,3,9,1,0,0,0,1,0,0,0,7.13378E+20,5.35599E+21,1.18785E+16,4.8321E+16
83062,9.17061E+18,9,1,77,113,2017,6,16,4,3,5,3,0,1,0,0,0,0,0,7.24848E+20,5.3533E+21,1.20316E+16,4.8293E+16
83063,9.17061E+18,9,1,75,112,2017,6,15,4,3,5,3,0,1,0,1,0,0,0,7.24314E+20,5.31798E+21,1.20058E+16,4.79758E+16
83064,9.17061E+18,9,1,75,114,2017,6,16,4,3,5,3,0,1,0,0,0,0,0,7.17391E+20,5.32312E+21,1.19158E+16,4.80243E+16
83065,9.17061E+18,9,1,62,0,2017,6,17,3,3,2,6,0,1,0,0,0,0,0,6.94944E+20,5.34026E+21,1.16229E+16,4.81856E+16
83066,9.17061E+18,9,1,62,0,2017,6,15,3,2,3,6,1,0,0,0,0,0,0,6.90051E+20,5.33933E+21,1.15567E+16,4.81788E+16
83067,9.17061E+18,9,1,62,0,2017,6,22,3,3,3,6,0,1,0,1,0,2,0,6.85774E+20,5.32869E+21,1.14946E+16,4.80844E+16
83068,9.17061E+18,9,1,62,0,2017,6,17,3,3,3,2,1,1,0,0,0,0,0,6.8736E+20,5.33507E+21,1.15186E+16,4.81413E+16
83069,9.17061E+18,9,1,84,132,2017,6,9,3,3,4,2,1,1,0,0,0,0,0,6.83612E+20,5.32958E+21,1.1466E+16,4.8093E+16
83070,9.17062E+18,9,2,72,118,2017,6,17,5,3,2,6,0,1,0,0,0,0,0,8.33982E+20,5.41725E+21,1.35503E+16,4.88183E+16
83071,9.17062E+18,9,2,73,147,2017,6,9,5,2,5,3,0,1,0,0,0,0,0,7.05322E+20,5.39415E+21,1.17887E+16,4.86666E+16
83072,9.17062E+18,9,2,61,0,2017,6,11,5,3,5,3,0,1,0,0,0,0,0,7.31594E+20,5.38155E+21,1.2138E+16,4.85443E+16
83073,9.17062E+18,9,2,79,132,2017,6,10,5,2,8,1,0,0,0,1,0,0,0,7.69178E+20,5.40383E+21,1.26607E+16,4.87293E+16
83074,9.17061E+18,9,7,75,162,2017,6,7,3,2,2,6,0,1,0,0,0,0,0,5.8268E+20,5.34904E+21,1.01146E+16,4.82892E+16
83075,9.17062E+18,9,2,73,133,2017,6,15,5,2,0,1,1,0,0,0,0,0,0,7.08472E+20,5.42609E+21,1.18477E+16,4.89526E+16
83076,9.17062E+18,9,2,73,166,2017,6,11,5,1,5,3,1,0,0,1,0,0,0,7.13615E+20,5.41651E+21,1.19128E+16,4.88648E+16
83077,9.17061E+18,9,7,75,143,2017,6,12,3,3,2,6,0,1,0,0,0,0,0,5.85905E+20,5.35719E+21,1.01598E+16,4.83621E+16
83078,9.17061E+18,9,7,75,135,2017,6,21,3,3,3,6,0,1,0,0,0,1,0,5.75707E+20,5.35975E+21,1.00226E+16,4.83864E+16
83079,9.17061E+18,9,7,64,0,2017,6,6,3,2,4,3,0,1,0,1,0,0,0,5.89562E+20,5.31612E+21,1.02005E+16,4.79921E+16