OBJECTID,UIDENTSTLA,ULAND,UREGBEZ,UKREIS,UGEMEINDE,UJAHR,UMONAT,USTUNDE,UWOCHENTAG,UKATEGORIE,UART,UTYP1,IstRad,IstPKW,IstFuss,IstKrad,IstSonstig,LICHT,STRZUSTAND,LINREFX,LINREFY,XGCSWGS84,YGCSWGS84
83425,9.17062E+18,9,5,75,122,2017,6,7,2,3,2,3,0,1,0,0,0,0,0,5.97499E+20,5.48495E+21,1.03468E+16,4.95093E+16
83426,9.17062E+18,9,2,71,111,2017,6,16,1,3,2,6,0,1,0,0,0,0,0,7.88935E+20,5.40665E+21,1.29307E+16,4.87458E+16
83427,9.17062E+18,9,2,77,148,2017,6,19,1,2,2,6,0,1,0,1,0,0,0,7.8794E+20,5.36271E+21,1.28869E+16,4.83518E+16
83428,9.17062E+18,9,4,75,169,2017,6,17,2,2,9,1,0,0,0,1,0,0,0,6.86505E+20,5.57546E+21,1.1619E+16,5.03018E+16
83429,9.17062E+18,9,2,75,122,2017,6,6,1,3,8,1,0,1,0,0,0,0,0,8.17795E+20,5.38242E+21,1.33037E+16,4.85144E+16
83430,9.17062E+18,9,2,75,150,2017,6,16,1,2,4,1,0,1,0,1,0,0,0,8.3545E+20,5.39232E+21,1.355E+16,4.8594E+16
83431,9.17062E+18,9,2,75,141,2017,6,14,1,2,4,1,0,1,0,0,0,0,0,8.18816E+20,5.36774E+21,1.33063E+16,4.83821E+16
83432,9.17062E+18,9,2,77,111,2017,6,12,1,2,3,6,1,0,0,0,0,0,0,7.83789E+20,5.38703E+21,1.28474E+16,4.85721E+16
83433,9.17062E+18,9,2,74,153,2017,6,16,1,2,5,3,1,1,0,0,0,0,0,7.34567E+20,5.40299E+21,1.21903E+16,4.87357E+16
83434,9.17062E+18,9,2,61,0,2017,6,16,1,3,2,6,0,1,0,1,0,0,0,7.31019E+20,5.38193E+21,1.21304E+16,4.85479E+16
83435,9.17062E+18,9,2,79,128,2017,6,18,1,3,9,1,0,0,0,1,0,0,0,7.59949E+20,5.39808E+21,1.25318E+16,4.86816E+16
83436,9.17062E+18,9,1,62,0,2017,6,18,1,2,2,6,0,1,0,1,0,0,0,6.85253E+20,5.32945E+21,1.14879E+16,4.80914E+16
83437,9.17062E+18,9,1,73,120,2017,6,16,1,2,4,2,0,1,0,0,0,0,0,6.86358E+20,5.31576E+21,1.14968E+16,4.7968E+16
83438,9.17062E+18,9,1,90,142,2017,6,13,1,2,4,2,0,1,0,1,0,0,0,6.5971E+20,5.29862E+21,1.11337E+16,4.78211E+16
83439,9.17062E+18,9,1,90,120,2017,6,14,1,3,3,2,0,1,0,1,0,0,0,6.67981E+20,5.29504E+21,1.12427E+16,4.77868E+16
83440,9.17062E+18,9,1,80,134,2017,6,17,1,3,5,3,1,1,0,0,0,0,0,6.61438E+20,5.28676E+21,1.11524E+16,4.7714E+16
83441,9.17062E+18,9,1,80,124,2017,6,12,1,3,0,1,1,0,0,0,0,0,0,6.62999E+20,5.2822E+21,1.11715E+16,4.76726E+16
83442,9.17062E+18,9,1,80,115,2017,6,20,1,3,5,6,0,1,0,0,0,1,0,6.52808E+20,5.2709E+21,1.10318E+16,4.75735E+16
83443,9.17062E+18,9,4,75,141,2017,6,15,2,3,4,6,0,1,0,0,1,0,0,7.04318E+20,5.57949E+21,1.1871E+16,5.0332E+16
83444,9.17062E+18,9,4,64,0,2017,6,9,2,3,1,6,0,1,0,0,1,0,0,7.06759E+20,5.57794E+21,1.19044E+16,5.03173E+16
83445,9.17062E+18,9,1,80,117,2017,6,13,1,3,6,4,0,1,1,0,0,0,0,6.5718E+20,5.26206E+21,1.10868E+16,4.7493E+16
83446,9.17062E+18,9,1,73,133,2017,6,17,1,2,0,1,1,0,0,0,0,0,0,6.76582E+20,5.28173E+21,1.13521E+16,4.76648E+16
83447,9.17062E+18,9,1,89,161,2017,6,12,1,3,2,6,0,1,0,0,0,0,0,7.69739E+20,5.30353E+21,1.26043E+16,4.78285E+16
83448,9.17062E+18,9,1,83,119,2017,6,18,1,3,4,6,0,1,0,0,0,0,0,7.37084E+20,5.33606E+21,1.21867E+16,4.81336E+16
83449,9.17062E+18,9,1,89,149,2017,6,13,1,3,8,1,0,0,0,1,0,0,0,7.58903E+20,5.33301E+21,1.24776E+16,4.80977E+16
83450,9.17062E+18,9,1,89,155,2017,6,18,1,3,5,3,0,1,0,0,0,0,0,7.70987E+20,5.30648E+21,1.26228E+16,4.78545E+16
83451,9.17062E+18,9,1,89,155,2017,6,18,1,3,5,3,0,1,0,1,0,0,0,7.70707E+20,5.30903E+21,1.26207E+16,4.78774E+16
83452,9.17062E+18,9,4,73,144,2017,6,6,2,2,2,6,0,1,0,1,0,0,0,6.35119E+20,5.57362E+21,1.08972E+16,5.02992E+16
83453,9.17062E+18,9,4,63,0,2017,6,16,2,3,1,6,0,1,0,0,0,0,0,6.40034E+20,5.57043E+21,1.0965E+16,5.02693E+16
83454,9.17062E+18,9,1,89,114,2017,6,13,1,3,4,6,1,0,0,0,0,0,0,7.64139E+20,5.30905E+21,1.2533E+16,4.78804E+16
83455,9.17062E+18,9,1,89,145,2017,6,15,1,2,5,3,0,1,0,0,0,0,0,7.73405E+20,5.30164E+21,1.2652E+16,4.78099E+16
83456,9.17062E+18,9,1,89,165,2017,6,19,1,3,5,3,0,1,0,0,0,0,0,7.76633E+20,5.31394E+21,1.27029E+16,4.79191E+16
83457,9.17062E+18,9,1,72,112,2017,6,15,1,3,5,3,0,1,0,0,0,0,0,7.87948E+20,5.30362E+21,1.28471E+16,4.78214E+16
83458,9.17062E+18,9,4,63,0,2017,6,8,2,3,2,6,0,1,0,0,0,0,0,6.38943E+20,5.5709E+21,1.09499E+16,5.02738E+16
83459,9.17062E+18,9,1,71,132,2017,6,19,1,2,5,3,0,1,0,1,0,0,0,7.67557E+20,5.35267E+21,1.26059E+16,4.82706E+16
83460,9.17062E+18,9,4,72,155,2017,6,17,2,3,9,1,0,1,0,0,0,0,0,6.8075E+20,5.52504E+21,1.15144E+16,4.98505E+16
83461,9.17062E+18,9,1,84,114,2017,6,10,1,3,2,6,0,1,0,0,0,0,0,7.00045E+20,5.31853E+21,1.16813E+16,4.79887E+16
83462,9.17062E+18,9,1,87,116,2017,6,16,1,2,2,2,0,1,0,1,0,0,0,7.45787E+20,5.3294E+21,1.22996E+16,4.80705E+16
83463,9.17062E+18,9,1,87,114,2017,6,14,1,3,0,6,1,0,0,0,0,0,0,7.49323E+20,5.29763E+21,1.23286E+16,4.77838E+16
83464,9.17062E+18,9,1,87,132,2017,6,16,1,2,2,6,0,1,0,1,0,0,0,7.46835E+20,5.301E+21,1.22974E+16,4.7815E+16
83465,9.17062E+18,9,1,87,131,2017,6,2,1,3,0,1,1,0,0,0,0,2,0,7.34528E+20,5.29002E+21,1.21273E+16,4.77209E+16
83466,9.17062E+18,9,1,87,179,2017,6,14,1,3,8,1,0,1,0,0,0,0,0,7.29617E+20,5.3173E+21,1.20764E+16,4.79677E+16
83467,9.17062E+18,9,1,86,122,2017,6,0,1,3,0,7,1,0,0,0,0,2,0,6.92964E+20,5.39447E+21,1.16212E+16,4.86735E+16
83468,9.17062E+18,9,1,81,122,2017,6,18,1,3,0,1,0,0,0,1,0,0,0,6.47544E+20,5.33257E+21,1.09829E+16,4.81292E+16
83469,9.17062E+18,9,1,88,117,2017,6,15,1,3,2,7,0,1,0,1,0,0,0,6.63434E+20,5.31509E+21,1.11896E+16,4.79683E+16
83470,9.17062E+18,9,1,81,120,2017,6,13,1,3,5,3,0,1,0,1,0,0,0,6.50201E+20,5.31995E+21,1.10142E+16,4.80152E+16
83471,9.17062E+18,9,1,74,115,2017,6,14,1,3,1,6,0,1,0,0,0,0,0,6.8012E+20,5.34837E+21,1.14271E+16,4.82629E+16
83472,9.17062E+18,9,1,74,122,2017,6,18,1,3,2,6,1,0,0,0,0,0,0,6.85095E+20,5.35226E+21,1.14957E+16,4.82964E+16
83473,9.17062E+18,9,1,75,127,2017,6,15,1,3,0,3,1,1,0,0,0,0,0,7.13092E+20,5.34053E+21,1.18669E+16,4.81823E+16
83474,9.17062E+18,9,1,77,115,2017,6,10,1,1,5,3,0,1,0,1,0,0,0,7.31637E+20,5.35303E+21,1.21228E+16,4.8288E+16
83475,9.17062E+18,9,1,77,121,2017,6,20,1,2,4,6,0,1,0,0,0,0,0,7.31567E+20,5.36329E+21,1.21275E+16,4.83803E+16
83476,9.17062E+18,9,1,77,115,2017,6,16,1,2,4,6,0,1,0,1,0,0,0,7.3559E+20,5.35309E+21,1.21761E+16,4.82871E+16
83477,9.17062E+18,9,1,62,0,2017,6,16,7,2,5,3,1,1,0,0,0,0,0,6.80402E+20,5.33504E+21,1.14252E+16,4.8143E+16
83478,9.17062E+18,9,1,84,137,2017,6,17,7,3,5,3,0,1,0,1,0,0,0,7.06321E+20,5.31687E+21,1.17645E+16,4.79719E+16
83479,9.17062E+18,9,1,62,0,2017,6,2,7,3,3,6,0,1,0,1,0,2,0,6.92045E+20,5.33148E+21,1.15799E+16,4.81076E+16
83480,9.17062E+18,9,1,62,0,2017,6,19,7,3,3,6,0,1,0,0,1,0,0,6.92209E+20,5.33117E+21,1.1582E+16,4.81047E+16
83481,9.17062E+18,9,7,78,173,2017,6,20,7,2,8,7,0,1,0,0,0,1,0,6.12717E+20,5.32073E+21,1.05119E+16,4.80299E+16
83482,9.17062E+18,9,7,78,151,2017,6,15,7,3,5,3,1,1,0,0,0,0,0,5.9382E+20,5.31979E+21,1.02583E+16,4.80245E+16
83483,9.17062E+18,9,7,64,0,2017,6,4,7,3,0,7,1,0,0,0,0,1,0,5.891E+20,5.31653E+21,1.01944E+16,4.79959E+16
83484,9.17062E+18,9,4,72,156,2017,6,18,2,3,5,3,0,1,0,0,0,0,0,7.00427E+20,5.53395E+21,1.17924E+16,4.99243E+16
83485,9.17062E+18,9,4,72,198,2017,6,19,2,3,8,1,0,0,0,1,0,0,0,6.99042E+20,5.5414E+21,1.1777E+16,4.99917E+16
83486,9.17062E+18,9,4,62,0,2017,6,16,2,3,1,6,0,1,0,0,0,0,0,6.84542E+20,5.53521E+21,1.1572E+16,4.99407E+16
83487,9.17062E+18,9,4,71,145,2017,6,8,2,3,3,6,0,1,0,0,1,0,0,6.44495E+20,5.52103E+21,1.1009E+16,4.98243E+16
83488,9.17062E+18,9,7,80,143,2017,6,11,7,3,2,6,0,1,0,0,0,0,0,5.98371E+20,5.28294E+21,1.0311E+16,4.76924E+16
83489,9.17062E+18,9,4,74,132,2017,6,3,2,3,8,1,0,1,0,0,0,2,0,6.63884E+20,5.50616E+21,1.12721E+16,4.96856E+16
83490,9.17062E+18,9,3,72,153,2017,6,19,2,3,1,5,0,1,0,1,0,0,0,7.56213E+20,5.45515E+21,1.2517E+16,4.91955E+16
83491,9.17062E+18,9,7,80,123,2017,6,13,7,3,8,1,0,0,0,1,0,0,0,6.04712E+20,5.26243E+21,1.03905E+16,4.75069E+16
83492,9.17062E+18,9,7,62,0,2017,6,13,7,3,5,3,1,1,0,0,0,0,0,6.22715E+20,5.30471E+21,1.06414E+16,4.7884E+16
83493,9.17062E+18,9,7,77,179,2017,6,19,7,3,0,1,0,1,0,0,0,0,0,6.15536E+20,5.28157E+21,1.05393E+16,4.76772E+16
83494,9.17062E+18,9,7,79,163,2017,6,9,7,3,1,7,0,1,0,0,1,0,0,6.43558E+20,5.38627E+21,1.09477E+16,4.8613E+16
83495,9.17062E+18,9,7,79,184,2017,6,18,7,2,5,3,0,1,0,1,0,0,0,6.20325E+20,5.40236E+21,1.06373E+16,4.87626E+16
83496,9.17062E+18,9,7,72,167,2017,6,0,7,3,0,7,1,0,0,0,0,2,0,6.23629E+20,5.35315E+21,1.06677E+16,4.83194E+16
83497,9.17062E+18,9,7,72,184,2017,6,16,7,3,4,2,0,1,0,0,0,0,0,6.33944E+20,5.36295E+21,1.08099E+16,4.84055E+16
83498,9.17062E+18,9,7,71,122,2017,6,16,7,3,2,6,0,1,0,0,0,0,0,6.53421E+20,5.36255E+21,1.10727E+16,4.83975E+16
83499,9.17062E+18,9,7,71,130,2017,6,13,7,3,2,6,0,1,0,0,0,0,0,6.45638E+20,5.35774E+21,1.0966E+16,4.8356E+16
83500,9.17062E+18,9,7,61,0,2017,6,18,7,3,0,1,1,0,0,0,0,0,0,6.40877E+20,5.36055E+21,1.09027E+16,4.83824E+16
83501,9.17062E+18,9,7,71,113,2017,6,15,7,3,2,6,0,1,0,0,0,0,0,6.586E+20,5.37082E+21,1.11458E+16,4.84705E+16
83502,9.17062E+18,9,3,75,165,2017,6,9,2,3,2,6,0,1,0,0,1,0,0,7.26363E+20,5.43704E+21,1.20978E+16,4.90446E+16
83503,9.17062E+18,9,6,79,130,2017,6,12,7,1,8,1,0,1,0,0,0,0,0,5.73913E+20,5.52274E+21,1.00282E+16,4.98525E+16
83504,9.17062E+18,9,6,79,180,2017,6,15,7,2,9,1,0,0,0,1,0,0,0,5.69317E+20,5.5251E+21,9.9647E+15,4.98743E+16
83505,9.17062E+18,9,3,76,153,2017,6,15,2,3,2,1,0,1,0,0,0,0,0,7.30593E+20,5.48804E+21,1.2185E+16,4.95011E+16
83506,9.17062E+18,9,6,63,0,2017,6,11,7,2,0,1,0,0,0,1,0,0,0,5.65956E+20,5.51597E+21,9.91639E+15,4.97926E+16
83507,9.17062E+18,9,3,71,136,2017,6,10,2,2,5,3,0,1,0,0,1,0,0,7.11465E+20,5.47542E+21,1.19144E+16,4.93947E+16
83508,9.17062E+18,9,6,76,160,2017,6,13,7,3,8,1,0,0,0,1,0,0,0,5.15744E+20,5.53149E+21,9.2194E+15,4.99356E+16
83509,9.17062E+18,9,6,71,126,2017,6,12,7,2,2,6,0,0,0,1,0,0,0,5.25201E+20,5.54183E+21,9.35185E+15,5.00282E+16
83510,9.17062E+18,9,5,64,0,2017,6,15,7,3,2,6,0,1,0,0,0,0,0,6.50456E+20,5.46727E+21,1.10712E+16,4.93396E+16
83511,9.17062E+18,9,5,71,165,2017,6,15,7,3,2,6,0,1,0,0,0,0,0,6.33358E+20,5.46378E+21,1.08348E+16,4.93122E+16
83512,9.17062E+18,9,5,72,133,2017,6,16,7,3,9,1,0,1,0,0,0,0,0,6.38626E+20,5.50112E+21,1.09203E+16,4.96467E+16
83513,9.17062E+18,9,5,76,143,2017,6,6,7,2,9,1,0,1,0,0,0,0,0,6.51382E+20,5.45882E+21,1.10807E+16,4.92634E+16
83514,9.17062E+18,9,5,74,156,2017,6,5,7,2,9,1,0,1,0,0,0,1,0,6.61093E+20,5.48406E+21,1.12243E+16,4.94878E+16
83515,9.17062E+18,9,5,74,120,2017,6,14,7,3,5,3,1,1,0,0,0,0,0,6.73569E+20,5.48266E+21,1.13958E+16,4.94718E+16
83516,9.17062E+18,9,5,74,132,2017,6,16,7,3,5,3,1,1,0,0,0,0,0,6.74441E+20,5.48677E+21,1.14097E+16,4.95085E+16
83517,9.17062E+18,9,5,64,0,2017,6,19,7,3,5,3,1,0,0,0,0,0,0,6.53814E+20,5.47907E+21,1.1122E+16,4.94448E+16
83518,9.17062E+18,9,5,73,134,2017,6,9,7,3,1,6,0,1,0,0,0,0,0,6.4219E+20,5.47853E+21,1.09615E+16,4.94428E+16
83519,9.17062E+18,9,5,71,136,2017,6,8,7,3,8,7,0,1,0,0,0,0,0,5.95172E+20,5.43614E+21,1.0303E+16,4.90708E+16
83520,9.17062E+18,9,4,77,128,2017,6,12,7,3,0,2,1,0,0,1,0,0,0,6.7537E+20,5.55347E+21,1.14526E+16,5.01076E+16
83521,9.17062E+18,9,4,74,126,2017,6,19,7,2,4,1,0,1,0,1,0,0,0,6.46951E+20,5.51296E+21,1.104E+16,4.97512E+16
83522,9.17062E+18,9,2,71,125,2017,6,11,2,3,2,7,0,1,0,0,0,0,0,8.02095E+20,5.40694E+21,1.31095E+16,4.87421E+16
83523,9.17062E+18,9,2,71,127,2017,6,16,2,3,2,6,0,1,0,0,0,0,0,8.03426E+20,5.40619E+21,1.3127E+16,4.87347E+16
83524,9.17062E+18,9,2,71,138,2017,6,14,2,3,2,6,0,1,0,0,1,0,0,7.96322E+20,5.41023E+21,1.30335E+16,4.87744E+16
83525,9.17062E+18,9,4,74,121,2017,6,13,7,2,9,1,0,1,0,0,0,0,0,6.57348E+20,5.51592E+21,1.11854E+16,4.97751E+16
83526,9.17062E+18,9,4,71,128,2017,6,15,7,3,0,1,0,0,0,1,0,0,0,6.0478E+20,5.52277E+21,1.04575E+16,4.98482E+16
83527,9.17062E+18,9,2,76,127,2017,6,16,2,1,5,3,0,1,0,0,0,0,0,8.12681E+20,5.42593E+21,1.32676E+16,4.89072E+16
83528,9.17062E+18,9,3,63,0,2017,6,23,7,2,5,3,0,1,0,0,0,2,1,7.27333E+20,5.50705E+21,1.2151E+16,4.96731E+16
83529,9.17062E+18,9,2,75,151,2017,6,14,2,2,2,6,0,1,0,1,0,0,0,8.21849E+20,5.39318E+21,1.33667E+16,4.86088E+16
83530,9.17062E+18,9,3,72,112,2017,6,14,7,3,9,1,0,1,0,0,0,0,0,7.76366E+20,5.46546E+21,1.28002E+16,4.92793E+16
83531,9.17062E+18,9,3,75,196,2017,6,23,7,2,8,1,0,1,0,0,0,2,0,7.27865E+20,5.4141E+21,1.21055E+16,4.88381E+16
83532,9.17062E+18,9,3,72,116,2017,6,4,7,3,8,1,0,1,0,0,0,2,0,7.68461E+20,5.4598E+21,1.26879E+16,4.92321E+16
83533,9.17062E+18,9,3,76,164,2017,6,15,7,2,8,1,0,0,0,1,0,0,0,7.43882E+20,5.47839E+21,1.23623E+16,4.94093E+16
83534,9.17062E+18,9,2,63,0,2017,6,17,7,2,1,5,0,1,0,1,0,0,0,7.62205E+20,5.41817E+21,1.25752E+16,4.88611E+16
83535,9.17062E+18,9,2,78,172,2017,6,5,7,2,8,1,0,0,0,1,0,1,0,7.54027E+20,5.41788E+21,1.24638E+16,4.88618E+16
83536,9.17062E+18,9,2,76,116,2017,6,11,7,3,5,2,1,1,0,0,0,0,0,7.98995E+20,5.42639E+21,1.30816E+16,4.89182E+16
83537,9.17062E+18,9,2,76,138,2017,6,13,7,3,0,1,0,0,0,1,0,0,0,8.01891E+20,5.43207E+21,1.31253E+16,4.89677E+16
83538,9.17062E+18,9,2,75,137,2017,6,15,7,2,0,7,0,0,0,1,0,0,0,8.40103E+20,5.38938E+21,1.36105E+16,4.85651E+16
83539,9.17062E+18,9,2,77,140,2017,6,8,7,3,8,1,0,1,0,0,0,0,0,7.89789E+20,5.35438E+21,1.2906E+16,4.82762E+16
83540,9.17062E+18,9,2,77,138,2017,6,11,7,2,4,6,0,1,0,0,0,0,0,7.93892E+20,5.3692E+21,1.29715E+16,4.84073E+16
83541,9.17062E+18,9,2,62,0,2017,6,15,7,2,4,6,0,1,0,1,0,0,0,8.25253E+20,5.38579E+21,1.3407E+16,4.85408E+16
83542,9.17062E+18,9,2,62,0,2017,6,14,7,3,0,6,1,0,0,0,0,0,0,8.25077E+20,5.38975E+21,1.34077E+16,4.85763E+16
83543,9.17062E+18,9,2,75,154,2017,6,16,2,3,2,6,0,1,0,1,0,0,0,8.08073E+20,5.39616E+21,1.31826E+16,4.86424E+16
83544,9.17062E+18,9,2,75,138,2017,6,16,2,2,3,6,1,1,0,0,0,0,0,8.13983E+20,5.38868E+21,1.32569E+16,4.85725E+16
83545,9.17062E+18,9,2,75,141,2017,6,15,7,3,2,6,0,1,0,0,0,0,0,8.18947E+20,5.36712E+21,1.33076E+16,4.83765E+16
83546,9.17062E+18,9,2,75,154,2017,6,17,2,3,0,7,0,0,0,0,1,0,0,8.08686E+20,5.39491E+21,1.31899E+16,4.8631E+16
83547,9.17062E+18,9,2,77,149,2017,6,13,2,1,5,3,0,1,0,0,0,0,0,7.96751E+20,5.36476E+21,1.30069E+16,4.83661E+16
83548,9.17062E+18,9,2,75,146,2017,6,7,2,3,2,6,0,1,0,0,0,0,0,8.29605E+20,5.39662E+21,1.34744E+16,4.86356E+16
83549,9.17062E+18,9,2,72,149,2017,6,19,2,3,8,1,0,1,0,0,0,0,0,8.1782E+20,5.42298E+21,1.33352E+16,4.88782E+16
83550,9.17062E+18,9,2,72,151,2017,6,6,2,3,5,3,0,1,0,1,0,0,0,8.37674E+20,5.40671E+21,1.35918E+16,4.87218E+16
83551,9.17062E+18,9,2,72,136,2017,6,14,7,2,5,3,0,1,0,1,0,0,0,8.49087E+20,5.41E+21,1.37492E+16,4.8745E+16
83552,9.17062E+18,9,2,72,151,2017,6,5,7,2,5,3,0,1,0,0,0,0,0,8.35596E+20,5.40721E+21,1.3564E+16,4.87274E+16
83553,9.17062E+18,9,2,72,118,2017,6,21,7,2,0,7,0,0,0,1,0,1,0,8.35042E+20,5.41636E+21,1.35639E+16,4.88097E+16
83554,9.17062E+18,9,2,74,183,2017,6,19,7,2,5,2,0,1,0,0,0,0,0,7.42068E+20,5.36281E+21,1.22689E+16,4.8372E+16
83555,9.17062E+18,9,2,73,116,2017,6,17,7,2,9,7,0,1,0,0,0,0,0,7.19847E+20,5.42303E+21,1.20012E+16,4.89212E+16
83556,9.17062E+18,9,1,80,116,2017,6,18,7,3,2,6,0,1,0,0,0,0,0,6.60129E+20,5.26844E+21,1.11282E+16,4.75496E+16
83557,9.17062E+18,9,1,73,137,2017,6,10,7,2,9,1,0,1,0,0,0,0,0,6.75009E+20,5.30109E+21,1.13389E+16,4.78393E+16
83558,9.17062E+18,9,1,90,131,2017,6,11,7,2,8,7,0,1,0,0,0,0,0,6.63158E+20,5.29278E+21,1.11775E+16,4.77677E+16
83559,9.17062E+18,9,1,80,123,2017,6,9,7,2,5,2,0,1,0,1,0,0,0,6.70299E+20,5.25583E+21,1.12584E+16,4.74337E+16
83560,9.17062E+18,9,1,89,111,2017,6,17,7,3,3,6,0,1,0,1,0,0,0,7.64083E+20,5.32129E+21,1.25398E+16,4.79903E+16
83561,9.17062E+18,9,1,83,112,2017,6,18,7,3,8,1,0,1,0,0,0,0,0,7.51059E+20,5.35266E+21,1.2384E+16,4.82773E+16
83562,9.17062E+18,9,1,89,118,2017,6,17,7,2,8,1,0,0,0,1,0,0,0,7.84404E+20,5.32106E+21,1.28114E+16,4.79796E+16
83563,9.17062E+18,9,1,72,122,2017,6,11,7,3,2,6,0,1,0,0,0,0,0,7.938E+20,5.31688E+21,1.29342E+16,4.79378E+16
83564,9.17062E+18,9,1,82,123,2017,6,0,7,3,2,6,0,1,0,0,1,2,0,7.19585E+20,5.30073E+21,1.19337E+16,4.78224E+16
83565,9.17062E+18,9,1,87,118,2017,6,8,7,3,2,6,0,1,0,0,0,0,0,7.51404E+20,5.30289E+21,1.23594E+16,4.78302E+16
83566,9.17062E+18,9,1,82,136,2017,6,16,7,3,0,4,1,0,1,0,0,0,0,7.03721E+20,5.30107E+21,1.17222E+16,4.78307E+16
83567,9.17062E+18,9,1,61,0,2017,6,16,7,3,5,3,1,1,0,0,0,0,0,6.78923E+20,5.40221E+21,1.1434E+16,4.87472E+16
83568,9.17062E+18,9,1,61,0,2017,6,9,7,2,3,2,1,1,0,0,0,0,0,6.79438E+20,5.40403E+21,1.14418E+16,4.87634E+16
83569,9.17062E+18,9,1,85,127,2017,6,10,7,2,8,1,0,0,0,1,0,0,0,6.52747E+20,5.38952E+21,1.10735E+16,4.86401E+16
83570,9.17062E+18,9,1,76,123,2017,6,19,7,3,0,1,0,0,0,1,0,0,0,6.57961E+20,5.41902E+21,1.11556E+16,4.8904E+16
83571,9.17062E+18,9,1,76,114,2017,6,17,7,2,4,2,1,1,0,0,0,0,0,6.79748E+20,5.4353E+21,1.14598E+16,4.90443E+16
83572,9.17062E+18,9,1,81,140,2017,6,15,7,3,3,6,0,1,0,0,0,0,0,6.42868E+20,5.32439E+21,1.09174E+16,4.80568E+16
83573,9.17062E+18,9,1,74,135,2017,6,14,7,3,3,6,0,1,0,0,0,0,0,6.62791E+20,5.3537E+21,1.11958E+16,4.83155E+16
83574,9.17062E+18,9,1,74,113,2017,6,0,7,3,9,7,0,1,0,0,0,2,0,6.6935E+20,5.34934E+21,1.12824E+16,4.82746E+16
83575,9.17062E+18,9,1,79,113,2017,6,14,7,2,5,3,0,1,0,0,0,0,0,6.71307E+20,5.33579E+21,1.13033E+16,4.81523E+16
83576,9.17062E+18,9,1,81,123,2017,6,9,7,3,2,7,0,1,0,0,0,0,0,6.56041E+20,5.32682E+21,1.10949E+16,4.80756E+16
83577,9.17062E+18,9,2,61,0,2017,6,17,2,3,2,6,0,1,0,0,0,0,0,7.34303E+20,5.38216E+21,1.2175E+16,4.85488E+16
83578,9.17062E+18,9,2,74,118,2017,6,12,2,2,0,1,0,0,0,1,0,0,0,7.37744E+20,5.36563E+21,1.22122E+16,4.8399E+16
83579,9.17062E+18,9,1,74,141,2017,6,16,7,2,0,6,1,0,0,0,0,0,0,6.83065E+20,5.35571E+21,1.14699E+16,4.8328E+16
83580,9.17062E+18,9,1,74,122,2017,6,10,7,2,5,3,1,1,0,0,0,0,0,6.83153E+20,5.35124E+21,1.14691E+16,4.82879E+16
83581,9.17062E+18,9,1,75,135,2017,6,10,7,3,0,6,0,0,0,1,0,0,0,7.09286E+20,5.33912E+21,1.1815E+16,4.81709E+16
83582,9.17062E+18,9,1,77,118,2017,6,19,7,3,2,6,0,1,0,0,1,0,0,7.08551E+20,5.34527E+21,1.18082E+16,4.82263E+16
83583,9.17062E+18,9,1,75,122,2017,6,12,7,3,0,1,1,0,0,0,0,0,0,7.2102E+20,5.32606E+21,1.19659E+16,4.80495E+16
83584,9.17062E+18,9,1,62,0,2017,6,12,6,3,5,2,1,1,0,0,0,0,0,6.84761E+20,5.3354E+21,1.14839E+16,4.8145E+16
83585,9.17062E+18,9,1,62,0,2017,6,22,6,2,0,7,1,0,0,0,0,2,0,6.89851E+20,5.32771E+21,1.15488E+16,4.80744E+16
83586,9.17062E+18,9,1,84,122,2017,6,15,6,3,0,1,1,0,0,0,0,0,0,6.87776E+20,5.32406E+21,1.15194E+16,4.80422E+16
83587,9.17062E+18,9,1,62,0,2017,6,6,6,3,2,6,0,1,0,0,1,0,0,6.94805E+20,5.33235E+21,1.16174E+16,4.81146E+16
83588,9.17062E+18,9,7,78,151,2017,6,13,6,3,2,6,0,1,0,0,0,0,0,5.93139E+20,5.31821E+21,1.02488E+16,4.80104E+16
83589,9.17062E+18,9,7,75,115,2017,6,17,6,3,5,3,1,1,0,0,0,0,0,5.81119E+20,5.34545E+21,1.00929E+16,4.82571E+16
83590,9.17062E+18,9,2,73,152,2017,6,12,2,2,4,6,0,1,0,0,1,0,0,7.03415E+20,5.40676E+21,1.17691E+16,4.87805E+16
83591,9.17062E+18,9,7,63,0,2017,6,19,6,3,1,6,0,1,0,0,0,0,0,5.99185E+20,5.28864E+21,1.03231E+16,4.77435E+16
83592,9.17062E+18,9,2,61,0,2017,6,14,2,3,5,2,1,1,0,0,0,0,0,7.31848E+20,5.38115E+21,1.21412E+16,4.85405E+16
83593,9.17062E+18,9,7,77,112,2017,6,22,6,3,5,3,0,1,0,0,0,2,0,6.22405E+20,5.29604E+21,1.06348E+16,4.7806E+16
83594,9.17062E+18,9,7,76,114,2017,6,17,6,3,2,6,0,1,0,1,0,0,0,5.65366E+20,5.27668E+21,9.87025E+15,4.76403E+16
83595,9.17062E+18,9,7,71,130,2017,6,13,6,3,2,6,0,1,0,0,0,0,0,6.46487E+20,5.36284E+21,1.09792E+16,4.84017E+16
83596,9.17062E+18,9,7,72,147,2017,6,10,6,3,9,1,0,1,0,0,0,0,0,6.36793E+20,5.36423E+21,1.08488E+16,4.84163E+16
83597,9.17062E+18,9,7,61,0,2017,6,16,6,3,1,6,0,1,0,0,1,0,0,6.36793E+20,5.36039E+21,1.08475E+16,4.83819E+16