OBJECTID,UIDENTSTLA,ULAND,UREGBEZ,UKREIS,UGEMEINDE,UJAHR,UMONAT,USTUNDE,UWOCHENTAG,UKATEGORIE,UART,UTYP1,IstRad,IstPKW,IstFuss,IstKrad,IstSonstig,LICHT,STRZUSTAND,LINREFX,LINREFY,XGCSWGS84,YGCSWGS84
83598,9.17062E+18,9,7,61,0,2017,6,10,6,3,5,3,0,1,0,0,0,0,0,6.3981E+20,5.35248E+21,1.08856E+16,4.831E+16
83599,9.17062E+18,9,6,77,137,2017,6,16,6,3,4,6,0,1,0,1,0,0,0,5.35299E+20,5.5159E+21,9.49045E+15,4.97946E+16
83600,9.17062E+18,9,6,77,157,2017,6,10,6,2,0,7,1,1,0,0,0,0,0,5.43153E+20,5.52237E+21,9.60029E+15,4.98522E+16
83601,9.17062E+18,9,6,75,158,2017,6,19,6,3,5,3,0,1,0,0,0,0,0,5.99783E+20,5.52279E+21,1.0388E+16,4.98492E+16
83602,9.17062E+18,9,6,75,174,2017,6,11,6,3,2,2,0,1,0,0,0,0,0,5.88875E+20,5.52283E+21,1.02363E+16,4.98513E+16
83603,9.17062E+18,9,6,74,129,2017,6,16,6,2,4,6,0,1,0,0,0,0,0,6.18413E+20,5.53882E+21,1.0652E+16,4.99899E+16
83604,9.17062E+18,9,6,78,150,2017,6,6,6,3,4,6,0,1,0,0,0,0,0,5.92562E+20,5.5335E+21,1.02901E+16,4.99466E+16
83605,9.17062E+18,9,6,73,184,2017,6,5,6,2,8,7,0,1,0,0,0,0,0,5.92659E+20,5.57611E+21,1.03019E+16,5.03298E+16
83606,9.17062E+18,9,2,61,0,2017,6,18,2,3,2,6,0,1,0,0,0,0,0,7.32707E+20,5.38314E+21,1.2154E+16,4.85581E+16
83607,9.17062E+18,9,5,62,0,2017,6,14,6,3,9,1,0,0,0,1,0,0,0,6.4353E+20,5.49318E+21,1.09853E+16,4.95742E+16
83608,9.17062E+18,9,5,62,0,2017,6,11,6,3,9,6,0,1,0,0,1,0,0,6.39816E+20,5.49302E+21,1.09339E+16,4.95736E+16
83609,9.17062E+18,9,5,76,122,2017,6,16,6,3,8,1,0,0,0,1,0,0,0,6.74514E+20,5.43679E+21,1.13889E+16,4.90593E+16
83610,9.17062E+18,9,2,73,166,2017,6,10,2,2,3,2,0,1,0,1,0,0,0,7.14528E+20,5.42118E+21,1.19277E+16,4.89064E+16
83611,9.17062E+18,9,5,76,143,2017,6,16,6,3,2,6,0,1,0,0,0,0,0,6.53803E+20,5.45576E+21,1.11128E+16,4.92353E+16
83612,9.17062E+18,9,5,76,147,2017,6,8,6,3,1,3,0,1,0,1,0,0,0,6.40518E+20,5.44851E+21,1.09279E+16,4.91733E+16
83613,9.17062E+18,9,2,73,137,2017,6,8,2,3,6,4,0,1,1,0,0,0,0,7.10304E+20,5.4221E+21,1.18706E+16,4.89161E+16
83614,9.17062E+18,9,2,73,116,2017,6,13,2,3,0,6,0,1,0,1,0,0,0,7.27379E+20,5.4181E+21,1.21011E+16,4.88741E+16
83615,9.17062E+18,9,5,76,127,2017,6,2,6,2,0,7,0,0,0,1,0,2,0,6.58835E+20,5.44881E+21,1.11791E+16,4.91715E+16
83616,9.17062E+18,9,5,64,0,2017,6,19,6,3,5,5,1,1,0,0,0,0,0,6.4674E+20,5.48066E+21,1.1025E+16,4.94609E+16
83617,9.17062E+18,9,5,64,0,2017,6,10,6,3,3,6,0,1,0,0,1,0,0,6.47615E+20,5.47829E+21,1.10362E+16,4.94393E+16
83618,9.17062E+18,9,5,64,0,2017,6,17,6,3,5,2,1,1,0,0,0,0,0,6.53265E+20,5.48315E+21,1.1116E+16,4.94816E+16
83619,9.17062E+18,9,5,71,114,2017,6,7,6,3,3,6,0,1,0,0,1,0,0,5.99001E+20,5.45528E+21,1.03602E+16,4.92423E+16
83620,9.17062E+18,9,5,61,0,2017,6,1,6,2,8,1,0,1,0,0,1,2,0,6.14951E+20,5.46233E+21,1.05812E+16,4.93029E+16
83621,9.17062E+18,9,4,64,0,2017,6,0,6,3,9,7,0,1,0,0,0,2,0,7.09066E+20,5.57723E+21,1.19363E+16,5.03101E+16
83622,9.17062E+18,9,4,78,139,2017,6,11,6,3,2,1,0,1,0,0,0,0,0,6.45884E+20,5.55499E+21,1.10411E+16,5.01292E+16
83623,9.17062E+18,9,4,76,166,2017,6,16,6,2,9,1,0,1,0,0,0,0,0,6.71825E+20,5.59014E+21,1.14197E+16,5.04381E+16
83624,9.17062E+18,9,4,78,116,2017,6,17,6,3,6,4,0,0,1,1,0,0,0,6.60482E+20,5.55654E+21,1.12459E+16,5.01393E+16
83625,9.17062E+18,9,4,76,145,2017,6,14,6,3,5,3,0,1,0,0,0,0,0,6.63926E+20,5.56481E+21,1.12976E+16,5.02128E+16
83626,9.17062E+18,9,4,76,145,2017,6,19,6,3,1,6,0,1,0,0,0,0,0,6.65408E+20,5.56794E+21,1.13197E+16,5.02404E+16
83627,9.17062E+18,9,4,74,171,2017,6,11,6,3,1,6,0,1,0,0,0,0,0,6.53405E+20,5.51116E+21,1.11289E+16,4.97334E+16
83628,9.17062E+18,9,3,63,0,2017,6,14,6,2,0,1,0,0,0,1,0,0,0,7.26851E+20,5.50506E+21,1.21432E+16,4.96553E+16
83629,9.17062E+18,9,3,74,164,2017,6,13,6,2,3,6,1,1,0,0,0,0,0,7.52321E+20,5.50266E+21,1.24939E+16,4.96237E+16
83630,9.17062E+18,9,1,90,121,2017,6,7,2,3,5,3,0,1,0,0,1,0,0,6.63834E+20,5.2884E+21,1.11849E+16,4.77281E+16
83631,9.17062E+18,9,1,90,148,2017,6,16,2,3,4,2,0,1,0,1,0,0,0,6.42366E+20,5.29723E+21,1.09017E+16,4.78126E+16
83632,9.17062E+18,9,1,90,153,2017,6,20,2,3,5,3,1,1,0,0,0,1,0,6.74358E+20,5.28871E+21,1.13252E+16,4.77282E+16
83633,9.17062E+18,9,3,73,143,2017,6,10,6,3,3,6,0,1,0,0,1,0,0,7.03205E+20,5.45028E+21,1.1788E+16,4.91716E+16
83634,9.17062E+18,9,3,75,179,2017,6,14,6,3,2,6,0,1,0,0,0,0,0,7.32063E+20,5.42842E+21,1.21708E+16,4.89651E+16
83635,9.17062E+18,9,1,73,133,2017,6,19,2,3,0,1,0,0,0,1,0,0,0,6.76815E+20,5.27809E+21,1.13537E+16,4.76321E+16
83636,9.17062E+18,9,3,72,138,2017,6,17,6,3,0,6,0,1,0,0,0,0,0,7.93266E+20,5.46017E+21,1.30281E+16,4.9224E+16
83637,9.17062E+18,9,3,72,164,2017,6,12,6,3,3,6,0,1,0,0,1,0,0,7.66443E+20,5.45176E+21,1.26549E+16,4.91608E+16
83638,9.17062E+18,9,3,76,147,2017,6,18,6,3,5,2,0,1,0,0,1,0,0,7.48478E+20,5.47068E+21,1.24207E+16,4.93382E+16
83639,9.17062E+18,9,3,71,156,2017,6,7,6,3,9,1,0,1,0,0,0,0,0,7.01634E+20,5.49862E+21,1.17909E+16,4.96065E+16
83640,9.17062E+18,9,3,71,146,2017,6,14,6,3,8,1,0,1,0,0,0,0,0,7.15507E+20,5.46488E+21,1.19644E+16,4.92986E+16
83641,9.17062E+18,9,2,78,113,2017,6,19,6,2,9,1,0,1,0,0,0,0,0,7.71892E+20,5.4201E+21,1.27083E+16,4.88741E+16
83642,9.17062E+18,9,2,71,151,2017,6,16,6,3,2,6,0,1,0,1,0,0,0,7.78118E+20,5.41278E+21,1.27881E+16,4.88057E+16
83643,9.17062E+18,9,2,71,111,2017,6,14,6,3,5,3,0,1,0,0,0,0,0,7.85731E+20,5.40416E+21,1.28855E+16,4.87249E+16
83644,9.17062E+18,9,2,75,118,2017,6,13,6,2,0,3,1,1,0,0,0,0,0,8.52719E+20,5.40343E+21,1.37928E+16,4.86841E+16
83645,9.17062E+18,9,2,75,159,2017,6,17,6,2,8,1,0,1,0,0,0,0,0,8.17114E+20,5.39524E+21,1.33043E+16,4.86297E+16
83646,9.17062E+18,9,2,75,138,2017,6,9,6,2,5,3,0,1,0,1,0,0,0,8.1124E+20,5.38469E+21,1.32169E+16,4.8538E+16
83647,9.17062E+18,9,2,75,114,2017,6,10,6,3,2,6,0,1,0,0,1,0,0,7.99252E+20,5.38985E+21,1.30586E+16,4.85901E+16
83648,9.17062E+18,9,2,75,122,2017,6,18,6,2,1,2,0,1,0,1,0,0,0,8.22716E+20,5.37815E+21,1.33668E+16,4.84736E+16
83649,9.17062E+18,9,2,62,0,2017,6,19,6,3,5,3,0,1,0,0,0,1,0,8.26481E+20,5.38983E+21,1.34268E+16,4.85764E+16
83650,9.17062E+18,9,2,75,133,2017,6,14,6,3,2,6,0,1,0,0,1,0,0,8.2408E+20,5.38497E+21,1.33905E+16,4.8534E+16
83651,9.17062E+18,9,2,72,128,2017,6,10,6,2,2,6,0,1,0,1,0,0,0,8.15931E+20,5.41962E+21,1.33069E+16,4.88491E+16
83652,9.17062E+18,9,2,77,111,2017,6,21,6,3,8,7,0,1,0,0,0,1,0,7.79011E+20,5.38662E+21,1.27825E+16,4.85705E+16
83653,9.17062E+18,9,2,74,128,2017,6,22,6,3,9,1,0,1,0,0,0,2,0,7.35129E+20,5.38631E+21,1.21885E+16,4.85857E+16
83654,9.17062E+18,9,1,89,145,2017,6,13,2,3,2,6,0,1,0,0,0,0,0,7.73399E+20,5.30163E+21,1.26519E+16,4.78099E+16
83655,9.17062E+18,9,2,61,0,2017,6,9,6,3,5,3,0,1,0,0,0,0,0,7.32361E+20,5.38205E+21,1.21487E+16,4.85484E+16
83656,9.17062E+18,9,2,61,0,2017,6,15,6,2,3,2,1,1,0,0,0,0,0,7.32791E+20,5.38305E+21,1.2155E+16,4.85573E+16
83657,9.17062E+18,9,2,61,0,2017,6,13,6,3,4,2,0,1,0,0,0,0,0,7.3214E+20,5.37998E+21,1.21445E+16,4.85299E+16
83658,9.17062E+18,9,2,73,137,2017,6,12,6,3,8,7,0,0,0,0,1,0,0,7.1196E+20,5.42492E+21,1.18947E+16,4.89408E+16
83659,9.17062E+18,9,1,84,132,2017,6,17,6,2,9,7,0,1,0,0,0,0,0,6.83291E+20,5.32528E+21,1.14598E+16,4.80545E+16
83660,9.17062E+18,9,1,73,147,2017,6,17,6,3,0,1,1,0,0,0,0,0,0,6.8123E+20,5.30906E+21,1.14253E+16,4.79092E+16
83661,9.17062E+18,9,1,80,127,2017,6,16,6,2,5,3,0,0,0,1,1,0,0,6.68313E+20,5.27993E+21,1.12413E+16,4.76509E+16
83662,9.17062E+18,9,1,80,124,2017,6,20,6,2,0,1,0,0,0,1,0,0,0,6.65471E+20,5.28094E+21,1.12039E+16,4.76607E+16
83663,9.17062E+18,9,1,80,115,2017,6,13,6,3,0,1,0,0,0,1,0,0,0,6.43757E+20,5.2677E+21,1.09105E+16,4.75468E+16
83664,9.17062E+18,9,1,89,154,2017,6,21,2,3,8,7,0,0,0,1,0,1,0,7.68743E+20,5.31726E+21,1.25996E+16,4.79522E+16
83665,9.17062E+18,9,1,80,117,2017,6,1,6,3,0,1,1,0,0,0,0,2,1,6.58598E+20,5.26222E+21,1.11056E+16,4.7494E+16
83666,9.17062E+18,9,1,80,117,2017,6,11,6,3,1,2,1,1,0,0,0,0,0,6.58257E+20,5.26267E+21,1.11013E+16,4.74982E+16
83667,9.17062E+18,9,1,89,155,2017,6,13,6,3,3,2,1,1,0,0,0,0,0,7.71408E+20,5.30696E+21,1.26287E+16,4.78586E+16
83668,9.17062E+18,9,1,72,122,2017,6,17,6,3,5,3,0,1,0,0,0,0,0,7.94474E+20,5.31392E+21,1.29411E+16,4.79109E+16
83669,9.17062E+18,9,1,87,165,2017,6,11,6,3,3,6,0,1,0,0,1,0,0,7.32605E+20,5.296E+21,1.21049E+16,4.77753E+16
83670,9.17062E+18,9,1,61,0,2017,6,17,6,3,0,1,1,0,0,0,0,0,0,6.75879E+20,5.40395E+21,1.13934E+16,4.87637E+16
83671,9.17062E+18,9,1,76,120,2017,6,2,6,3,3,6,0,1,0,0,1,2,1,6.80431E+20,5.42251E+21,1.14635E+16,4.89292E+16
83672,9.17062E+18,9,1,86,130,2017,6,17,6,3,8,1,0,0,0,1,0,0,0,6.87642E+20,5.3729E+21,1.15393E+16,4.84812E+16
83673,9.17062E+18,9,1,61,0,2017,6,14,6,3,2,6,0,1,0,0,0,0,0,6.76227E+20,5.40452E+21,1.13984E+16,4.87687E+16
83674,9.17062E+18,9,1,86,162,2017,6,18,6,3,1,6,0,1,0,0,0,0,0,6.93836E+20,5.38623E+21,1.16292E+16,4.85991E+16
83675,9.17062E+18,9,1,74,135,2017,6,16,6,2,2,6,0,1,0,0,0,0,0,6.63677E+20,5.35287E+21,1.12074E+16,4.83078E+16
83676,9.17062E+18,9,1,88,141,2017,6,10,6,3,0,7,0,1,0,0,0,0,0,6.67867E+20,5.3111E+21,1.12474E+16,4.79312E+16
83677,9.17062E+18,9,1,79,142,2017,6,16,6,3,2,7,1,1,0,0,0,0,0,6.74234E+20,5.34106E+21,1.13448E+16,4.81988E+16
83678,9.17062E+18,9,1,88,120,2017,6,18,6,3,5,3,1,0,0,0,0,0,0,6.77209E+20,5.32654E+21,1.13788E+16,4.80675E+16
83679,9.17062E+18,9,1,79,136,2017,6,14,6,3,0,3,0,1,0,1,0,0,0,6.61664E+20,5.34189E+21,1.11761E+16,4.82096E+16
83680,9.17062E+18,9,1,74,118,2017,6,18,6,3,5,3,0,1,0,0,0,0,0,6.67798E+20,5.35267E+21,1.12629E+16,4.83049E+16
83681,9.17062E+18,9,1,77,130,2017,6,16,6,2,5,3,0,1,0,1,0,0,0,7.11254E+20,5.35107E+21,1.18474E+16,4.82775E+16
83682,9.17062E+18,9,1,78,120,2017,6,10,6,3,5,5,1,1,0,0,0,0,0,6.94368E+20,5.35256E+21,1.16208E+16,4.82964E+16
83683,9.17062E+18,9,1,62,0,2017,6,18,5,3,4,6,1,0,0,0,0,0,0,6.98157E+20,5.32982E+21,1.16612E+16,4.80908E+16
83684,9.17062E+18,9,1,62,0,2017,6,13,5,3,1,7,0,1,0,1,0,0,0,6.91308E+20,5.33929E+21,1.15736E+16,4.81781E+16
83685,9.17062E+18,9,1,62,0,2017,6,7,5,3,4,3,0,1,0,0,0,0,0,6.87371E+20,5.33508E+21,1.15188E+16,4.81414E+16
83686,9.17062E+18,9,7,78,150,2017,6,10,5,2,5,3,0,1,0,1,0,0,0,5.85923E+20,5.32285E+21,1.0153E+16,4.80531E+16
83687,9.17062E+18,9,7,74,140,2017,6,12,5,3,0,1,1,0,0,0,0,0,0,6.04876E+20,5.36797E+21,1.04185E+16,4.84561E+16
83688,9.17062E+18,9,7,80,120,2017,6,17,5,3,2,6,1,0,0,0,0,0,0,6.00954E+20,5.28347E+21,1.03455E+16,4.76967E+16
83689,9.17062E+18,9,7,80,144,2017,6,11,5,3,5,3,0,1,0,0,0,0,0,5.82216E+20,5.27949E+21,1.00951E+16,4.76636E+16
83690,9.17062E+18,9,7,80,116,2017,6,12,5,3,8,1,0,0,0,1,0,0,0,5.92864E+20,5.25742E+21,1.02322E+16,4.74636E+16
83691,9.17062E+18,9,1,89,154,2017,6,10,2,3,5,3,0,1,0,0,0,0,0,7.69573E+20,5.31881E+21,1.26117E+16,4.79658E+16
83692,9.17062E+18,9,7,80,116,2017,6,17,5,2,8,1,0,0,0,1,0,0,0,5.92856E+20,5.25717E+21,1.0232E+16,4.74614E+16
83693,9.17062E+18,9,7,76,127,2017,6,11,5,2,0,1,1,0,0,0,0,0,0,5.7446E+20,5.26963E+21,9.99009E+15,4.75758E+16
83694,9.17062E+18,9,7,76,116,2017,6,14,5,3,0,1,0,0,0,1,0,0,0,5.53238E+20,5.26684E+21,9.70759E+15,4.75528E+16
83695,9.17062E+18,9,7,76,116,2017,6,19,5,3,5,3,0,1,0,0,0,0,0,5.51216E+20,5.27107E+21,9.68121E+15,4.7591E+16
83696,9.17062E+18,9,1,83,112,2017,6,16,2,3,2,6,0,1,0,0,1,0,0,7.53355E+20,5.34976E+21,1.24132E+16,4.82504E+16
83697,9.17062E+18,9,7,79,131,2017,6,17,5,3,5,3,0,1,0,1,0,0,0,6.325E+20,5.39581E+21,1.08008E+16,4.87012E+16
83698,9.17062E+18,9,7,73,144,2017,6,14,5,3,8,1,0,1,0,0,0,0,0,6.04105E+20,5.38145E+21,1.04114E+16,4.85775E+16
83699,9.17062E+18,9,1,89,118,2017,6,18,2,2,2,6,0,1,0,0,0,0,0,7.89029E+20,5.3189E+21,1.28718E+16,4.79581E+16
83700,9.17062E+18,9,7,72,200,2017,6,19,5,2,5,3,1,1,0,0,0,0,0,6.31628E+20,5.33703E+21,1.07705E+16,4.81729E+16
83701,9.17062E+18,9,7,72,177,2017,6,12,5,3,5,3,1,1,0,0,0,0,0,6.36755E+20,5.37896E+21,1.08531E+16,4.85488E+16
83702,9.17062E+18,9,6,77,135,2017,6,13,5,3,9,1,0,0,0,1,0,0,0,5.40826E+20,5.52635E+21,9.56834E+15,4.98882E+16
83703,9.17062E+18,9,6,77,116,2017,6,12,5,3,8,1,0,1,0,0,0,0,0,5.39664E+20,5.55829E+21,9.55547E+15,5.01755E+16
83704,9.17062E+18,9,6,75,141,2017,6,18,5,3,3,6,0,1,0,0,0,0,0,5.85624E+20,5.51298E+21,1.01889E+16,4.97632E+16
83705,9.17062E+18,9,6,75,111,2017,6,9,5,3,8,1,0,0,0,1,0,0,0,6.0112E+20,5.51436E+21,1.04044E+16,4.97732E+16
83706,9.17062E+18,9,6,72,113,2017,6,16,5,3,8,1,0,0,0,1,0,0,0,5.5573E+20,5.57629E+21,9.7831E+15,5.0336E+16
83707,9.17062E+18,9,1,72,122,2017,6,7,2,3,3,2,1,1,0,0,0,0,0,7.884E+20,5.31369E+21,1.28599E+16,4.79116E+16
83708,9.17062E+18,9,5,76,143,2017,6,12,5,3,2,6,0,1,0,0,0,0,0,6.51222E+20,5.4511E+21,1.10756E+16,4.9194E+16
83709,9.17062E+18,9,5,72,135,2017,6,13,5,3,8,1,0,0,0,1,0,0,0,6.36385E+20,5.51484E+21,1.08941E+16,4.97705E+16
83710,9.17062E+18,9,5,62,0,2017,6,2,5,3,0,7,1,0,0,0,0,2,0,6.47153E+20,5.49567E+21,1.10363E+16,4.95956E+16
83711,9.17062E+18,9,5,76,147,2017,6,15,5,3,3,6,0,1,0,0,0,0,0,6.41801E+20,5.44709E+21,1.0945E+16,4.91603E+16
83712,9.17062E+18,9,5,76,147,2017,6,13,5,2,8,6,0,1,0,1,0,0,0,6.43993E+20,5.44822E+21,1.09754E+16,4.91699E+16
83713,9.17062E+18,9,5,74,139,2017,6,13,5,2,8,7,0,0,0,1,1,0,1,6.65147E+20,5.48232E+21,1.12795E+16,4.94711E+16
83714,9.17062E+18,9,5,74,138,2017,6,21,5,2,8,1,0,1,0,0,0,0,0,6.67737E+20,5.48427E+21,1.13161E+16,4.94879E+16
83715,9.17062E+18,9,5,77,158,2017,6,12,5,1,4,1,0,1,0,1,0,0,0,6.46216E+20,5.42363E+21,1.0997E+16,4.89483E+16
83716,9.17062E+18,9,5,75,150,2017,6,15,5,3,0,6,0,1,0,0,1,0,0,6.1346E+20,5.50226E+21,1.05722E+16,4.96622E+16
83717,9.17062E+18,9,5,71,145,2017,6,16,5,3,5,3,0,1,0,0,0,0,0,5.96835E+20,5.44577E+21,1.03281E+16,4.91571E+16
83718,9.17062E+18,9,5,71,174,2017,6,17,5,3,5,3,1,1,0,0,0,0,0,6.02576E+20,5.46152E+21,1.04109E+16,4.92978E+16
83719,9.17062E+18,9,4,75,127,2017,6,14,5,3,9,1,0,1,0,0,0,0,0,7.11385E+20,5.5821E+21,1.19716E+16,5.0353E+16
83720,9.17062E+18,9,4,75,161,2017,6,19,5,2,8,1,0,0,0,1,0,0,0,7.14327E+20,5.57597E+21,1.20094E+16,5.02969E+16
83721,9.17062E+18,9,4,64,0,2017,6,16,5,3,8,1,0,0,0,1,0,0,0,7.09149E+20,5.57685E+21,1.19373E+16,5.03066E+16
83722,9.17062E+18,9,4,64,0,2017,6,9,5,2,0,1,1,0,0,0,0,0,0,7.08254E+20,5.57757E+21,1.19252E+16,5.03134E+16
83723,9.17062E+18,9,4,76,178,2017,6,16,5,3,0,7,1,0,0,0,0,0,0,6.62551E+20,5.57522E+21,1.12828E+16,5.03067E+16
83724,9.17062E+18,9,4,62,0,2017,6,22,5,2,3,1,0,1,0,0,1,2,0,6.86856E+20,5.53856E+21,1.16058E+16,4.99701E+16
83725,9.17062E+18,9,4,72,154,2017,6,13,5,3,8,1,0,0,0,1,0,0,0,6.59881E+20,5.53643E+21,1.12291E+16,4.99588E+16
83726,9.17062E+18,9,1,89,129,2017,6,9,2,3,0,1,1,0,0,0,0,0,0,7.59775E+20,5.29545E+21,1.24666E+16,4.776E+16
83727,9.17062E+18,9,1,71,132,2017,6,7,2,3,2,6,0,1,0,0,0,0,0,7.65953E+20,5.35065E+21,1.25831E+16,4.82532E+16
83728,9.17062E+18,9,4,72,139,2017,6,9,5,3,4,6,0,1,0,0,0,0,0,6.93236E+20,5.55071E+21,1.17008E+16,5.00772E+16
83729,9.17062E+18,9,4,74,143,2017,6,9,5,3,4,6,1,1,1,0,0,0,0,6.54262E+20,5.51093E+21,1.11406E+16,4.97311E+16
83730,9.17062E+18,9,1,82,133,2017,6,12,2,3,2,6,0,1,0,0,1,0,0,7.04987E+20,5.30738E+21,1.17421E+16,4.7887E+16
83731,9.17062E+18,9,4,74,129,2017,6,17,5,3,0,7,0,0,0,1,0,0,0,6.68478E+20,5.51633E+21,1.13401E+16,4.97758E+16
83732,9.17062E+18,9,1,82,120,2017,6,14,2,2,2,6,0,1,0,0,1,0,0,7.03405E+20,5.30678E+21,1.17207E+16,4.78821E+16
83733,9.17062E+18,9,4,71,195,2017,6,15,5,3,9,1,0,0,0,1,0,0,0,6.45011E+20,5.52425E+21,1.10173E+16,4.98531E+16
83734,9.17062E+18,9,3,77,113,2017,6,17,5,3,5,3,0,1,0,0,0,0,0,7.08588E+20,5.53817E+21,1.19083E+16,4.99594E+16
83735,9.17062E+18,9,1,87,150,2017,6,17,2,3,2,6,0,1,0,0,0,0,0,7.26877E+20,5.30324E+21,1.20323E+16,4.78425E+16
83736,9.17062E+18,9,3,75,117,2017,6,12,5,3,3,6,0,1,0,0,1,0,0,7.39507E+20,5.43193E+21,1.22744E+16,4.89937E+16
83737,9.17062E+18,9,3,72,171,2017,6,9,5,3,5,3,0,1,0,0,0,0,0,7.65176E+20,5.47615E+21,1.26537E+16,4.93802E+16
83738,9.17062E+18,9,3,72,171,2017,6,22,5,3,7,7,0,0,0,1,0,2,0,7.63777E+20,5.48034E+21,1.26373E+16,4.94184E+16
83739,9.17062E+18,9,3,75,148,2017,6,11,5,3,9,1,0,0,0,0,1,0,0,7.07075E+20,5.43593E+21,1.18336E+16,4.90415E+16
83740,9.17062E+18,9,3,72,143,2017,6,16,5,3,4,2,0,1,0,0,0,0,0,7.74226E+20,5.45194E+21,1.27616E+16,4.91589E+16
83741,9.17062E+18,9,3,76,171,2017,6,9,5,3,5,3,0,1,0,0,0,0,0,7.4465E+20,5.48622E+21,1.23777E+16,4.94793E+16
83742,9.17062E+18,9,3,71,136,2017,6,20,5,3,0,7,1,1,0,0,0,0,0,7.09788E+20,5.4794E+21,1.18935E+16,4.9431E+16
83743,9.17062E+18,9,3,71,118,2017,6,18,5,3,3,6,0,1,0,0,0,0,0,7.1907E+20,5.47409E+21,1.20184E+16,4.93801E+16
83744,9.17062E+18,9,2,78,146,2017,6,16,5,2,9,1,0,1,0,0,0,0,0,7.55135E+20,5.40953E+21,1.24736E+16,4.87864E+16
83745,9.17062E+18,9,2,63,0,2017,6,11,5,3,3,2,0,1,0,0,0,0,0,7.61995E+20,5.42057E+21,1.25739E+16,4.88826E+16
83746,9.17062E+18,9,2,71,119,2017,6,11,5,3,8,1,1,0,0,0,0,0,0,7.96248E+20,5.42096E+21,1.30403E+16,4.88708E+16
83747,9.17062E+18,9,2,71,114,2017,6,14,5,2,5,2,0,1,0,1,0,0,0,8.09708E+20,5.40545E+21,1.32117E+16,4.8725E+16
83748,9.17062E+18,9,2,78,184,2017,6,9,5,2,0,1,0,0,0,1,0,0,0,7.77525E+20,5.43382E+21,1.27943E+16,4.89948E+16
83749,9.17062E+18,9,2,78,143,2017,6,16,5,2,8,1,0,0,0,1,0,0,0,7.70551E+20,5.44213E+21,1.27047E+16,4.90725E+16
83750,9.17062E+18,9,7,61,0,2017,6,7,5,3,2,6,1,0,0,0,0,0,0,6.41E+20,5.36056E+21,1.09043E+16,4.83825E+16
83751,9.17062E+18,9,7,61,0,2017,6,13,5,2,5,6,0,1,0,1,0,0,0,6.41397E+20,5.35264E+21,1.09071E+16,4.83111E+16
83752,9.17062E+18,9,7,61,0,2017,6,17,5,3,5,3,1,1,0,0,0,0,0,6.40838E+20,5.36048E+21,1.09021E+16,4.83818E+16
83753,9.17062E+18,9,6,75,162,2017,6,7,5,2,2,6,0,0,0,0,1,0,0,5.96296E+20,5.51444E+21,1.03374E+16,4.97747E+16
83754,9.17062E+18,9,6,79,154,2017,6,8,5,2,2,6,0,0,0,0,1,0,0,5.60758E+20,5.51106E+21,9.8434E+15,4.97489E+16
83755,9.17062E+18,9,6,77,120,2017,6,12,5,2,8,1,0,1,0,0,0,0,0,5.32138E+20,5.52707E+21,9.44746E+15,4.98952E+16
83756,9.17062E+18,9,6,75,162,2017,6,14,5,3,1,6,0,1,0,0,0,0,0,5.96557E+20,5.51417E+21,1.0341E+16,4.97723E+16
83757,9.17062E+18,9,7,80,112,2017,6,19,6,3,2,2,0,1,0,0,0,0,0,5.89644E+20,5.29586E+21,1.01973E+16,4.78098E+16
83758,9.17062E+18,9,2,78,123,2017,6,9,6,3,0,1,1,0,0,0,0,0,0,7.50826E+20,5.41573E+21,1.24189E+16,4.88438E+16
83759,9.17062E+18,9,1,84,123,2017,6,10,6,3,5,3,1,1,0,0,0,0,0,7.02393E+20,5.33209E+21,1.17191E+16,4.81099E+16
83760,9.17062E+18,9,6,77,148,2017,6,10,5,3,4,6,0,1,0,0,1,0,0,5.57708E+20,5.5322E+21,9.80421E+15,4.99394E+16
83761,9.17062E+18,9,2,78,182,2017,6,7,6,3,3,2,0,1,0,0,0,0,0,7.62074E+20,5.41464E+21,1.25712E+16,4.88294E+16
83762,9.17062E+18,9,6,77,114,2017,6,6,5,3,9,1,0,1,0,0,0,0,0,5.66635E+20,5.53623E+21,9.9293E+15,4.99747E+16
83763,9.17062E+18,9,2,76,138,2017,6,19,6,2,4,6,0,1,0,1,0,0,0,8.02903E+20,5.43126E+21,1.31384E+16,4.896E+16
83764,9.17062E+18,9,6,78,135,2017,6,5,5,3,2,6,0,1,0,0,0,0,0,5.94218E+20,5.54226E+21,1.03154E+16,5.00252E+16
83765,9.17062E+18,9,6,73,153,2017,6,16,5,3,3,2,0,1,0,1,0,0,0,5.86339E+20,5.59062E+21,1.02164E+16,5.04612E+16
83766,9.17062E+18,9,3,75,180,2017,6,22,6,3,5,2,0,1,0,0,0,2,0,7.24304E+20,5.42958E+21,1.20655E+16,4.89783E+16
83767,9.17062E+18,9,2,76,139,2017,6,15,6,3,2,6,0,1,0,0,0,0,0,8.08472E+20,5.42928E+21,1.32128E+16,4.89394E+16
83768,9.17062E+18,9,6,73,142,2017,6,8,5,3,4,2,0,1,0,0,0,0,0,5.92743E+20,5.58727E+21,1.03058E+16,5.04301E+16
83769,9.17062E+18,9,6,73,160,2017,6,8,5,3,2,6,0,1,0,0,0,0,0,5.96952E+20,5.57454E+21,1.03617E+16,5.0315E+16