OBJECTID,UIDENTSTLA,ULAND,UREGBEZ,UKREIS,UGEMEINDE,UJAHR,UMONAT,USTUNDE,UWOCHENTAG,UKATEGORIE,UART,UTYP1,IstRad,IstPKW,IstFuss,IstKrad,IstSonstig,LICHT,STRZUSTAND,LINREFX,LINREFY,XGCSWGS84,YGCSWGS84
83942,9.17062E+18,9,4,77,121,2017,6,13,4,3,2,7,0,1,0,0,1,0,0,6.86771E+20,5.5458E+21,1.16081E+16,5.00352E+16
83943,9.17062E+18,9,4,77,139,2017,6,15,4,3,3,6,0,0,0,0,1,0,0,6.9131E+20,5.55155E+21,1.16743E+16,5.00854E+16
83944,9.17062E+18,9,4,72,139,2017,6,19,4,3,2,1,0,1,0,0,0,0,0,6.94072E+20,5.5526E+21,1.17134E+16,5.00939E+16
83945,9.17062E+18,9,4,71,140,2017,6,8,4,3,0,6,0,1,0,1,0,0,0,6.35518E+20,5.53305E+21,1.08884E+16,4.99344E+16
83946,9.17062E+18,9,4,61,0,2017,6,17,4,3,3,6,0,1,0,1,0,0,0,6.36327E+20,5.52996E+21,1.08986E+16,4.99065E+16
83947,9.17062E+18,9,3,63,0,2017,6,7,4,3,6,2,0,1,1,0,0,0,0,7.28422E+20,5.50755E+21,1.21664E+16,4.96772E+16
83948,9.17062E+18,9,3,77,148,2017,6,8,4,3,5,3,0,1,0,0,0,0,0,7.14711E+20,5.53532E+21,1.19919E+16,4.99316E+16
83949,9.17062E+18,9,3,74,124,2017,6,7,4,3,5,3,0,1,0,0,0,0,0,7.09491E+20,5.51198E+21,1.19067E+16,4.97238E+16
83950,9.17062E+18,9,1,82,119,2017,6,6,6,2,5,3,1,1,0,0,0,0,0,7.11922E+20,5.29346E+21,1.18279E+16,4.77597E+16
83951,9.17062E+18,9,3,75,162,2017,6,7,4,2,3,6,0,0,0,1,1,0,0,7.11335E+20,5.44105E+21,1.18945E+16,4.90859E+16
83952,9.17062E+18,9,3,72,163,2017,6,8,4,2,2,6,1,1,0,0,0,0,0,7.59867E+20,5.48267E+21,1.2585E+16,4.94411E+16
83953,9.17062E+18,9,3,77,128,2017,6,6,6,3,5,3,0,0,0,1,1,0,0,7.08017E+20,5.52417E+21,1.18928E+16,4.98338E+16
83954,9.17062E+18,9,1,86,152,2017,6,19,6,3,5,3,0,1,0,0,0,0,0,6.9123E+20,5.37563E+21,1.1589E+16,4.85047E+16
83955,9.17062E+18,9,3,71,131,2017,6,13,4,2,5,3,0,1,0,0,0,0,0,6.95882E+20,5.48442E+21,1.17044E+16,4.94808E+16
83956,9.17062E+18,9,5,75,135,2017,6,22,6,3,8,1,0,0,0,1,0,2,0,6.05098E+20,5.48917E+21,1.04529E+16,4.9546E+16
83957,9.17062E+18,9,1,85,149,2017,6,17,6,3,9,1,0,1,0,0,0,0,0,6.58585E+20,5.40511E+21,1.11587E+16,4.87787E+16
83958,9.17062E+18,9,3,76,163,2017,6,16,4,3,2,6,0,1,0,0,0,0,0,7.35277E+20,5.47237E+21,1.22403E+16,4.93586E+16
83959,9.17062E+18,9,3,71,146,2017,6,17,4,3,2,6,0,1,0,0,0,0,0,7.13874E+20,5.46783E+21,1.19435E+16,4.93257E+16
83960,9.17062E+18,9,3,61,0,2017,6,7,4,3,6,7,1,0,1,0,0,0,0,7.06482E+20,5.48063E+21,1.18486E+16,4.94433E+16
83961,9.17062E+18,9,2,71,119,2017,6,11,4,3,2,6,0,0,0,0,1,0,0,7.93261E+20,5.41252E+21,1.29936E+16,4.87964E+16
83962,9.17062E+18,9,2,63,0,2017,6,6,4,3,5,2,1,1,0,0,0,0,0,7.62203E+20,5.42149E+21,1.25773E+16,4.88908E+16
83963,9.17062E+18,9,2,78,192,2017,6,9,4,2,0,1,1,0,0,0,0,0,0,7.73056E+20,5.41541E+21,1.2721E+16,4.88316E+16
83964,9.17062E+18,9,2,71,146,2017,6,23,4,3,0,6,0,0,0,1,1,2,0,7.86913E+20,5.40803E+21,1.29043E+16,4.87591E+16
83965,9.17062E+18,9,2,75,151,2017,6,15,4,3,2,2,0,1,0,1,0,0,0,8.23854E+20,5.39661E+21,1.33965E+16,4.86385E+16
83966,9.17062E+18,9,2,75,156,2017,6,17,4,3,8,6,0,1,0,0,0,0,0,8.50774E+20,5.39752E+21,1.37615E+16,4.86322E+16
83967,9.17062E+18,9,2,75,154,2017,6,10,4,3,3,7,0,0,0,0,1,0,0,8.08231E+20,5.39519E+21,1.3184E+16,4.86337E+16
83968,9.17062E+18,9,2,77,154,2017,6,22,4,3,7,7,0,1,0,0,0,2,0,7.89227E+20,5.35647E+21,1.28999E+16,4.82952E+16
83969,9.17062E+18,9,2,72,138,2017,6,12,4,3,8,1,0,0,0,1,0,0,0,8.24478E+20,5.41453E+21,1.34191E+16,4.87989E+16
83970,9.17062E+18,9,2,79,132,2017,6,18,4,3,2,6,0,1,0,0,1,0,0,7.69489E+20,5.39967E+21,1.26622E+16,4.86918E+16
83971,9.17062E+18,9,2,74,111,2017,6,18,4,3,5,3,1,1,0,0,0,0,0,7.40739E+20,5.3824E+21,1.22622E+16,4.85484E+16
83972,9.17062E+18,9,5,74,154,2017,6,17,6,3,8,1,0,1,0,0,0,0,0,6.61689E+20,5.48442E+21,1.12327E+16,4.94909E+16
83973,9.17062E+18,9,1,85,149,2017,6,14,6,2,5,3,1,1,0,0,0,0,0,6.61146E+20,5.39588E+21,1.11899E+16,4.86951E+16
83974,9.17062E+18,9,6,62,0,2017,6,11,6,3,3,6,0,1,0,0,0,0,0,5.88083E+20,5.54527E+21,1.02304E+16,5.00532E+16
83975,9.17062E+18,9,1,79,142,2017,6,14,6,3,2,6,0,1,0,0,0,0,0,6.77466E+20,5.34235E+21,1.13888E+16,4.82095E+16
83976,9.17062E+18,9,7,79,186,2017,6,12,6,3,5,3,0,1,0,0,0,0,0,6.36135E+20,5.41147E+21,1.08554E+16,4.88413E+16
83977,9.17062E+18,9,1,79,142,2017,6,13,6,3,1,6,0,1,0,0,0,0,0,6.7087E+20,5.34148E+21,1.12998E+16,4.82035E+16
83978,9.17062E+18,9,2,61,0,2017,6,17,4,3,4,2,0,1,0,0,0,0,0,7.32032E+20,5.38086E+21,1.21435E+16,4.85379E+16
83979,9.17062E+18,9,2,74,194,2017,6,7,4,3,5,3,0,1,0,0,1,0,0,7.21368E+20,5.37794E+21,1.19977E+16,4.85155E+16
83980,9.17062E+18,9,1,79,142,2017,6,11,6,3,2,6,1,0,1,0,0,0,0,6.74872E+20,5.34094E+21,1.13533E+16,4.81976E+16
83981,9.17062E+18,9,2,79,132,2017,6,13,4,3,8,1,0,1,0,0,0,0,0,7.63282E+20,5.401E+21,1.25789E+16,4.87064E+16
83982,9.17062E+18,9,3,75,175,2017,6,16,6,3,2,6,0,1,0,0,0,0,0,7.16099E+20,5.43484E+21,1.19564E+16,4.90285E+16
83983,9.17062E+18,9,1,88,126,2017,6,15,6,3,2,6,0,1,0,0,0,0,0,6.60237E+20,5.32787E+21,1.11516E+16,4.8084E+16
83984,9.17062E+18,9,1,90,153,2017,6,23,4,3,8,1,0,1,0,0,0,2,0,6.7472E+20,5.28864E+21,1.13301E+16,4.77275E+16
83985,9.17062E+18,9,1,89,111,2017,6,7,4,3,5,7,1,1,0,0,0,0,0,7.608E+20,5.32331E+21,1.24971E+16,4.80098E+16
83986,9.17062E+18,9,1,89,142,2017,6,12,4,2,8,1,0,0,0,1,0,0,0,7.51503E+20,5.32688E+21,1.23747E+16,4.80456E+16
83987,9.17062E+18,9,1,89,113,2017,6,9,4,3,5,3,0,1,0,1,0,0,0,7.68804E+20,5.30026E+21,1.25898E+16,4.77995E+16
83988,9.17062E+18,9,1,89,150,2017,6,12,4,2,0,6,0,1,0,0,0,0,0,7.75389E+20,5.32068E+21,1.26906E+16,4.79801E+16
83989,9.17062E+18,9,1,71,122,2017,6,12,4,3,2,2,0,1,0,0,0,0,0,7.70429E+20,5.33427E+21,1.26329E+16,4.81043E+16
83990,9.17062E+18,9,1,87,177,2017,6,17,4,3,0,7,1,0,0,0,0,0,0,7.35692E+20,5.30541E+21,1.21512E+16,4.78588E+16
83991,9.17062E+18,9,1,87,170,2017,6,17,4,3,5,7,0,1,0,0,0,0,0,7.3421E+20,5.31867E+21,1.21386E+16,4.79784E+16
83992,9.17062E+18,9,1,82,125,2017,6,7,4,2,5,3,0,1,0,0,0,0,0,7.12242E+20,5.296E+21,1.18335E+16,4.77823E+16
83993,9.17062E+18,9,1,82,119,2017,6,22,4,3,2,6,0,1,0,0,0,2,0,7.11773E+20,5.29477E+21,1.18266E+16,4.77715E+16
83994,9.17062E+18,9,1,82,119,2017,6,17,4,3,2,2,1,1,0,0,0,0,0,7.12525E+20,5.29288E+21,1.18357E+16,4.77542E+16
83995,9.17062E+18,9,1,82,136,2017,6,18,4,3,5,3,0,1,0,0,0,0,0,7.03691E+20,5.30017E+21,1.17214E+16,4.78226E+16
83996,9.17062E+18,9,1,87,131,2017,6,17,4,3,2,6,0,1,0,0,0,0,0,7.34227E+20,5.29186E+21,1.21243E+16,4.77375E+16
83997,9.17062E+18,9,5,64,0,2017,6,7,6,3,5,2,1,0,0,0,1,0,0,6.50049E+20,5.48172E+21,1.10711E+16,4.94696E+16
83998,9.17062E+18,9,1,88,126,2017,6,17,6,3,2,2,1,1,0,0,0,0,0,6.6148E+20,5.32351E+21,1.11667E+16,4.80444E+16
83999,9.17062E+18,9,5,72,142,2017,6,14,6,3,2,6,0,1,0,0,0,0,0,6.45262E+20,5.50026E+21,1.10119E+16,4.96374E+16
84000,9.17062E+18,9,1,81,144,2017,6,18,6,3,9,1,0,1,0,0,0,0,0,6.5518E+20,5.32095E+21,1.10813E+16,4.8023E+16
84001,9.17062E+18,9,1,87,120,2017,6,14,4,3,2,6,0,1,0,0,0,0,0,7.33059E+20,5.29279E+21,1.21092E+16,4.77464E+16
84002,9.17062E+18,9,5,63,0,2017,6,22,6,3,1,6,0,1,0,1,0,2,0,6.44157E+20,5.48245E+21,1.09901E+16,4.94776E+16
84003,9.17062E+18,9,1,74,118,2017,6,14,6,3,2,6,0,1,0,0,0,0,0,6.71061E+20,5.35561E+21,1.1308E+16,4.83305E+16
84004,9.17062E+18,9,6,71,122,2017,6,20,6,3,5,3,0,1,0,1,0,1,0,5.06502E+20,5.5316E+21,9.0906E+15,4.99368E+16
84005,9.17062E+18,9,1,78,150,2017,6,11,6,3,2,6,0,1,0,0,0,0,0,6.91421E+20,5.3709E+21,1.15894E+16,4.84621E+16
84006,9.17062E+18,9,7,71,142,2017,6,23,6,3,5,3,0,1,0,0,0,2,0,6.4557E+20,5.35207E+21,1.09631E+16,4.8305E+16
84007,9.17062E+18,9,1,62,0,2017,6,11,6,3,3,6,0,1,0,0,0,0,0,6.85134E+20,5.34262E+21,1.1492E+16,4.82098E+16
84008,9.17062E+18,9,7,75,135,2017,6,8,6,3,5,3,1,1,0,0,0,0,0,5.73134E+20,5.35939E+21,9.98776E+15,4.83834E+16
84009,9.17062E+18,9,1,78,124,2017,6,19,6,3,0,1,0,0,0,1,0,0,0,7.01288E+20,5.36389E+21,1.17194E+16,4.8396E+16
84010,9.17062E+18,9,1,75,119,2017,6,12,6,2,9,1,0,0,0,1,0,0,0,7.26828E+20,5.32374E+21,1.20425E+16,4.80267E+16
84011,9.17062E+18,9,1,76,161,2017,6,7,4,2,3,1,0,1,0,0,0,0,1,6.80867E+20,5.41695E+21,1.14669E+16,4.88791E+16
84012,9.17062E+18,9,1,85,158,2017,6,6,4,3,3,2,1,0,0,0,1,0,0,6.67432E+20,5.38049E+21,1.1269E+16,4.85551E+16
84013,9.17062E+18,9,1,85,158,2017,6,16,4,3,5,2,1,1,0,0,0,0,0,6.67434E+20,5.38049E+21,1.12691E+16,4.85551E+16
84014,9.17062E+18,9,1,85,158,2017,6,16,4,3,1,6,0,1,0,0,0,0,0,6.68153E+20,5.38474E+21,1.12805E+16,4.85931E+16
84015,9.17062E+18,9,1,86,143,2017,6,16,4,2,9,1,0,1,0,0,0,0,0,6.89607E+20,5.37683E+21,1.15676E+16,4.85159E+16
84016,9.17062E+18,9,1,85,168,2017,6,7,4,3,1,6,0,1,0,0,0,0,0,6.70783E+20,5.39788E+21,1.13216E+16,4.87105E+16
84017,9.17062E+18,9,1,61,0,2017,6,16,4,3,2,6,0,1,0,0,0,0,0,6.78809E+20,5.40317E+21,1.14329E+16,4.87558E+16
84018,9.17062E+18,9,1,86,158,2017,6,17,4,3,5,3,1,1,0,0,0,0,0,6.92921E+20,5.40513E+21,1.16256E+16,4.87693E+16
84019,9.17062E+18,9,1,76,138,2017,6,13,4,3,8,1,0,0,0,1,0,0,0,6.75275E+20,5.42467E+21,1.13941E+16,4.89501E+16
84020,9.17062E+18,9,7,71,129,2017,6,21,4,3,9,1,0,1,0,0,0,1,1,6.59868E+20,5.3562E+21,1.11574E+16,4.83387E+16
84021,9.17062E+18,9,1,62,0,2017,6,7,4,3,3,6,0,1,0,0,1,0,0,6.8255E+20,5.34203E+21,1.1457E+16,4.82053E+16
84022,9.17062E+18,9,1,88,139,2017,6,10,4,3,5,2,1,1,0,0,0,0,0,6.7538E+20,5.31906E+21,1.13512E+16,4.80007E+16
84023,9.17062E+18,9,1,81,137,2017,6,7,4,3,2,6,0,1,0,0,0,0,0,6.46402E+20,5.30919E+21,1.09596E+16,4.79193E+16
84024,9.17062E+18,9,1,74,115,2017,6,9,4,2,0,1,1,0,0,0,0,0,0,6.79988E+20,5.34796E+21,1.14251E+16,4.82593E+16
84025,9.17062E+18,9,1,77,133,2017,6,18,4,2,5,3,0,1,0,1,0,0,0,7.09743E+20,5.35931E+21,1.18312E+16,4.83521E+16
84026,9.17062E+18,9,1,75,127,2017,6,20,4,2,0,2,1,1,0,0,0,1,0,7.13101E+20,5.34054E+21,1.1867E+16,4.81823E+16
84027,9.17062E+18,9,1,75,118,2017,6,10,4,3,5,3,0,1,0,1,0,0,0,7.15138E+20,5.34214E+21,1.18952E+16,4.8196E+16
84028,9.17062E+18,9,1,78,120,2017,6,7,4,3,5,3,1,1,0,0,0,0,0,6.9803E+20,5.3511E+21,1.16694E+16,4.82821E+16
84029,9.17062E+18,9,1,75,121,2017,6,6,4,2,8,1,0,1,0,0,0,1,0,7.13645E+20,5.31566E+21,1.18619E+16,4.79586E+16
84030,9.17062E+18,9,1,84,141,2017,6,8,3,3,5,2,0,1,0,0,0,0,0,6.97938E+20,5.31657E+21,1.16521E+16,4.79718E+16
84031,9.17062E+18,9,1,62,0,2017,6,16,3,3,2,2,0,0,0,1,0,0,0,6.97197E+20,5.33363E+21,1.16501E+16,4.81253E+16
84032,9.17062E+18,9,1,62,0,2017,6,12,3,2,2,6,0,1,0,0,1,0,0,6.89077E+20,5.33171E+21,1.15402E+16,4.81106E+16
84033,9.17062E+18,9,1,62,0,2017,6,8,3,3,4,2,0,1,0,0,0,0,0,6.90815E+20,5.3297E+21,1.15626E+16,4.8092E+16
84034,9.17062E+18,9,1,84,139,2017,6,23,3,3,9,1,0,1,0,0,0,2,0,6.87153E+20,5.3242E+21,1.15111E+16,4.80436E+16
84035,9.17062E+18,9,1,62,0,2017,6,5,3,2,3,6,0,0,0,1,1,0,0,6.90608E+20,5.33905E+21,1.1564E+16,4.8176E+16
84036,9.17062E+18,9,1,62,0,2017,6,11,3,1,4,2,0,0,0,1,1,0,0,6.89446E+20,5.34068E+21,1.15492E+16,4.81911E+16
84037,9.17062E+18,9,5,76,151,2017,6,12,6,1,3,6,0,1,0,1,0,0,0,6.57737E+20,5.47069E+21,1.11727E+16,4.93685E+16
84038,9.17062E+18,9,1,75,131,2017,6,19,6,3,0,1,0,0,0,1,0,0,0,7.10013E+20,5.32246E+21,1.18166E+16,4.80209E+16
84039,9.17062E+18,9,6,72,114,2017,6,11,6,3,8,1,0,0,0,1,0,0,0,5.79243E+20,5.55831E+21,1.01097E+16,5.01717E+16
84040,9.17062E+18,9,1,84,141,2017,6,10,5,3,4,2,0,1,0,0,0,0,0,6.99963E+20,5.31704E+21,1.16795E+16,4.79754E+16
84041,9.17062E+18,9,1,84,119,2017,6,13,3,3,4,6,1,0,0,1,0,0,0,6.98325E+20,5.34622E+21,1.16711E+16,4.82382E+16
84042,9.17062E+18,9,1,84,119,2017,6,11,3,3,2,6,0,1,0,0,0,0,0,6.96185E+20,5.34654E+21,1.16425E+16,4.82417E+16
84043,9.17062E+18,9,1,84,135,2017,6,14,3,3,2,6,0,0,0,0,1,0,0,6.91879E+20,5.34562E+21,1.15841E+16,4.82347E+16
84044,9.17062E+18,9,1,62,0,2017,6,12,3,3,2,6,0,1,0,0,0,0,0,6.9204E+20,5.34124E+21,1.15843E+16,4.81953E+16
84045,9.17062E+18,9,1,62,0,2017,6,18,3,3,2,6,0,0,0,1,1,0,0,6.81495E+20,5.33579E+21,1.14402E+16,4.81494E+16
84046,9.17062E+18,9,1,84,120,2017,6,18,3,3,1,6,0,1,0,0,0,0,0,6.81358E+20,5.33204E+21,1.14368E+16,4.81158E+16
84047,9.17062E+18,9,1,62,0,2017,6,16,3,3,5,3,0,1,0,1,0,0,0,6.81618E+20,5.33576E+21,1.14418E+16,4.81491E+16
84048,9.17062E+18,9,1,84,122,2017,6,19,3,3,5,2,1,1,0,0,0,1,0,6.89538E+20,5.32663E+21,1.15442E+16,4.80648E+16
84049,9.17062E+18,9,1,84,121,2017,6,7,3,3,5,3,1,1,0,0,0,0,0,7.03182E+20,5.33056E+21,1.1729E+16,4.80959E+16
84050,9.17062E+18,9,7,75,139,2017,6,18,3,2,1,6,1,0,0,0,0,0,0,5.80241E+20,5.36669E+21,1.00851E+16,4.84482E+16
84051,9.17062E+18,9,7,78,214,2017,6,19,3,2,2,6,0,1,0,1,0,1,0,5.9815E+20,5.31913E+21,1.03162E+16,4.80179E+16
84052,9.17062E+18,9,1,84,135,2017,6,7,5,2,4,2,0,1,0,1,0,0,0,6.87871E+20,5.34746E+21,1.1531E+16,4.82525E+16
84053,9.17062E+18,9,7,78,173,2017,6,11,3,3,5,2,1,1,0,0,0,0,0,6.12E+20,5.32274E+21,1.05028E+16,4.80481E+16
84054,9.17062E+18,9,3,75,190,2017,6,13,6,3,3,6,0,1,0,0,0,0,0,7.2648E+20,5.44881E+21,1.2106E+16,4.91503E+16
84055,9.17062E+18,9,1,62,0,2017,6,15,5,3,2,6,0,1,0,0,1,0,0,6.89158E+20,5.33901E+21,1.15446E+16,4.81762E+16
84056,9.17062E+18,9,7,64,0,2017,6,13,3,3,8,1,0,0,0,1,0,0,0,5.86079E+20,5.30947E+21,1.01525E+16,4.79328E+16
84057,9.17062E+18,9,7,78,186,2017,6,17,3,2,4,2,0,1,0,0,1,0,0,5.97995E+20,5.3113E+21,1.03124E+16,4.79475E+16
84058,9.17062E+18,9,7,74,150,2017,6,11,3,3,6,7,0,1,1,0,0,0,0,6.00764E+20,5.34504E+21,1.03574E+16,4.82506E+16
84059,9.17062E+18,9,7,74,174,2017,6,5,3,3,1,2,0,1,0,0,0,0,0,6.00547E+20,5.36816E+21,1.036E+16,4.84585E+16
84060,9.17062E+18,9,7,80,139,2017,6,19,3,3,6,7,0,1,1,0,0,0,0,5.96483E+20,5.26414E+21,1.02817E+16,4.75235E+16
84061,9.17062E+18,9,7,76,116,2017,6,10,3,3,5,2,1,1,0,0,0,0,0,5.55317E+20,5.26515E+21,9.73501E+15,4.75374E+16
84062,9.17062E+18,9,7,80,124,2017,6,10,3,2,3,6,1,1,0,0,0,0,0,5.9259E+20,5.2674E+21,1.02307E+16,4.75534E+16
84063,9.17062E+18,9,7,80,137,2017,6,9,3,2,8,1,0,0,0,0,1,0,0,5.9804E+20,5.27032E+21,1.03037E+16,4.75789E+16
84064,9.17062E+18,9,7,79,224,2017,6,16,3,2,0,7,0,0,0,1,0,0,0,6.06706E+20,5.4162E+21,1.04557E+16,4.88895E+16
84065,9.17062E+18,9,7,79,131,2017,6,7,3,3,4,2,0,1,0,0,0,0,0,6.31334E+20,5.39614E+21,1.07851E+16,4.87045E+16
84066,9.17062E+18,9,7,61,0,2017,6,18,3,3,3,2,0,1,0,0,0,0,0,6.4463E+20,5.35765E+21,1.09523E+16,4.83554E+16
84067,9.17062E+18,9,7,61,0,2017,6,1,3,3,9,1,0,1,0,0,0,2,0,6.41739E+20,5.36181E+21,1.09147E+16,4.83935E+16
84068,9.17062E+18,9,4,71,220,2017,6,15,3,3,2,6,0,1,0,0,1,0,0,6.1685E+20,5.51192E+21,1.0622E+16,4.97484E+16
84069,9.17062E+18,9,5,63,0,2017,6,15,6,3,5,7,1,1,0,0,0,0,0,6.39835E+20,5.48341E+21,1.09308E+16,4.94872E+16
84070,9.17062E+18,9,1,84,130,2017,6,7,5,2,5,2,1,1,0,0,0,0,0,6.9871E+20,5.3453E+21,1.16758E+16,4.82298E+16
84071,9.17062E+18,9,6,75,165,2017,6,9,3,3,2,6,0,0,0,0,1,0,0,5.88827E+20,5.51492E+21,1.02338E+16,4.97802E+16
84072,9.17062E+18,9,6,79,205,2017,6,13,3,3,5,3,0,1,0,0,1,0,0,5.61028E+20,5.5158E+21,9.84789E+15,4.97916E+16
84073,9.17062E+18,9,6,77,131,2017,6,19,3,3,3,6,1,1,0,0,0,0,0,5.49802E+20,5.54561E+21,9.69578E+15,5.00607E+16
84074,9.17062E+18,9,4,79,135,2017,6,11,6,2,2,6,0,0,0,1,1,0,0,7.15616E+20,5.55903E+21,1.20179E+16,5.01442E+16
84075,9.17062E+18,9,7,75,162,2017,6,8,5,3,0,7,0,0,0,1,0,0,0,5.81891E+20,5.35063E+21,1.01043E+16,4.83036E+16
84076,9.17062E+18,9,6,75,162,2017,6,21,3,3,4,2,0,1,0,0,0,2,0,5.96907E+20,5.51436E+21,1.03459E+16,4.97739E+16
84077,9.17062E+18,9,6,75,141,2017,6,9,3,3,1,7,1,1,0,0,0,0,0,5.83736E+20,5.51034E+21,1.01622E+16,4.97397E+16
84078,9.17062E+18,9,7,75,152,2017,6,15,5,2,5,2,0,1,0,1,0,0,0,5.77323E+20,5.35298E+21,1.00431E+16,4.83253E+16
84079,9.17062E+18,9,7,75,135,2017,6,20,5,3,5,3,1,1,0,0,0,0,1,5.75454E+20,5.35966E+21,1.00191E+16,4.83856E+16
84080,9.17062E+18,9,6,62,0,2017,6,21,3,3,2,6,0,1,0,0,0,1,0,5.87535E+20,5.54456E+21,1.02226E+16,5.00469E+16
84081,9.17062E+18,9,6,78,193,2017,6,19,3,3,9,7,0,1,0,0,0,0,0,5.75939E+20,5.53727E+21,1.00592E+16,4.99829E+16
84082,9.17062E+18,9,6,62,0,2017,6,16,3,3,2,2,0,1,0,1,0,0,0,5.88448E+20,5.54469E+21,1.02354E+16,5.00479E+16
84083,9.17062E+18,9,6,78,178,2017,6,15,3,3,2,6,0,1,0,0,0,0,0,5.89316E+20,5.54313E+21,1.02471E+16,5.00338E+16
84084,9.17062E+18,9,6,71,136,2017,6,15,3,3,2,6,0,1,0,0,0,0,0,5.04993E+20,5.53803E+21,9.06966E+15,4.99946E+16
84085,9.17062E+18,9,5,74,164,2017,6,1,3,3,2,6,0,0,0,0,1,2,0,6.63902E+20,5.4747E+21,1.12592E+16,4.94029E+16
84086,9.17062E+18,9,5,76,113,2017,6,17,3,3,2,6,0,1,0,0,0,0,0,6.61176E+20,5.45812E+21,1.1215E+16,4.92546E+16
84087,9.17062E+18,9,5,72,158,2017,6,21,3,3,7,7,1,0,0,0,0,1,0,6.51088E+20,5.49564E+21,1.10907E+16,4.95945E+16
84088,9.17062E+18,9,5,76,132,2017,6,10,3,2,4,2,1,1,0,0,0,0,0,6.54879E+20,5.4627E+21,1.11303E+16,4.92974E+16
84089,9.17062E+18,9,5,74,164,2017,6,16,3,3,6,4,0,1,1,0,0,0,0,6.67068E+20,5.47289E+21,1.13021E+16,4.93858E+16
84090,9.17062E+18,9,5,64,0,2017,6,7,3,3,2,6,0,1,0,0,0,0,0,6.51119E+20,5.48176E+21,1.10858E+16,4.94696E+16
84091,9.17062E+18,9,5,64,0,2017,6,16,3,3,2,6,0,1,0,0,0,0,0,6.50818E+20,5.47562E+21,1.10794E+16,4.94146E+16
84092,9.17062E+18,9,5,64,0,2017,6,17,3,3,0,1,1,0,0,0,0,0,0,6.46115E+20,5.48099E+21,1.10165E+16,4.9464E+16
84093,9.17062E+18,9,5,64,0,2017,6,16,3,3,0,1,1,0,0,0,0,0,0,6.46607E+20,5.48074E+21,1.10232E+16,4.94616E+16
84094,9.17062E+18,9,5,64,0,2017,6,14,3,3,0,2,0,1,0,0,1,0,0,6.44565E+20,5.478E+21,1.09941E+16,4.94374E+16
84095,9.17062E+18,9,7,78,173,2017,6,16,6,3,0,6,0,1,0,0,1,0,0,6.15077E+20,5.32133E+21,1.05437E+16,4.80349E+16
84096,9.17062E+18,9,7,64,0,2017,6,23,5,3,5,3,0,1,0,0,0,2,0,5.85762E+20,5.31962E+21,1.01502E+16,4.80241E+16
84097,9.17062E+18,9,1,74,115,2017,6,2,7,3,0,1,1,0,0,0,0,2,0,6.81642E+20,5.34664E+21,1.14468E+16,4.82469E+16
84098,9.17062E+18,9,7,74,116,2017,6,7,5,3,2,7,0,1,0,0,0,0,0,6.07216E+20,5.34785E+21,1.0445E+16,4.82748E+16
84099,9.17062E+18,9,5,74,155,2017,6,5,6,2,2,6,0,1,0,0,1,0,0,6.72116E+20,5.49839E+21,1.13827E+16,4.96136E+16
84100,9.17062E+18,9,7,75,129,2017,6,13,5,2,0,1,1,0,0,0,0,0,0,5.8202E+20,5.33912E+21,1.01038E+16,4.82E+16
84101,9.17062E+18,9,5,73,120,2017,6,7,3,2,5,2,1,1,0,0,0,0,0,6.3063E+20,5.48421E+21,1.0804E+16,4.94965E+16
84102,9.17062E+18,9,5,73,127,2017,6,14,3,3,7,4,0,1,1,0,0,0,0,6.46353E+20,5.47562E+21,1.10178E+16,4.94157E+16
84103,9.17062E+18,9,5,71,145,2017,6,9,6,3,1,1,0,0,0,0,1,0,0,5.93779E+20,5.45358E+21,1.0288E+16,4.92278E+16
84104,9.17062E+18,9,7,80,117,2017,6,8,5,3,6,6,0,1,1,0,0,0,0,5.93793E+20,5.28495E+21,1.02504E+16,4.77111E+16
84105,9.17062E+18,9,5,71,145,2017,6,13,3,2,3,6,0,0,0,0,1,0,0,5.90745E+20,5.45121E+21,1.02458E+16,4.92069E+16
84106,9.17062E+18,9,5,77,138,2017,6,7,3,3,9,6,0,1,0,0,1,0,0,6.31267E+20,5.44697E+21,1.08005E+16,4.91615E+16
84107,9.17062E+18,9,5,75,112,2017,6,15,3,3,5,3,0,1,0,0,0,0,0,6.02836E+20,5.48658E+21,1.04209E+16,4.95231E+16
84108,9.17062E+18,9,5,75,156,2017,6,6,3,3,5,3,1,1,0,0,0,0,0,6.06342E+20,5.47833E+21,1.04671E+16,4.94483E+16
84109,9.17062E+18,9,4,75,169,2017,6,17,3,2,4,3,0,1,0,1,0,0,0,6.87118E+20,5.57433E+21,1.1627E+16,5.02914E+16
84110,9.17062E+18,9,4,75,112,2017,6,7,3,3,1,6,0,1,0,0,0,0,0,6.84735E+20,5.58112E+21,1.15969E+16,5.03532E+16
84111,9.17062E+18,9,4,73,134,2017,6,17,3,3,3,6,0,1,0,0,1,0,0,6.45662E+20,5.56782E+21,1.10429E+16,5.02446E+16
84112,9.17062E+18,9,4,76,146,2017,6,17,3,3,8,1,0,0,0,1,0,0,0,6.63201E+20,5.56035E+21,1.12855E+16,5.01728E+16
84113,9.17062E+18,9,4,72,119,2017,6,21,3,3,8,1,0,1,0,0,0,0,0,6.87061E+20,5.54245E+21,1.16106E+16,5.0005E+16
84114,9.17062E+18,9,4,62,0,2017,6,7,3,3,1,6,0,1,0,0,1,0,0,6.86321E+20,5.53622E+21,1.15972E+16,4.99492E+16