OBJECTID,UIDENTSTLA,ULAND,UREGBEZ,UKREIS,UGEMEINDE,UJAHR,UMONAT,USTUNDE,UWOCHENTAG,UKATEGORIE,UART,UTYP1,IstRad,IstPKW,IstFuss,IstKrad,IstSonstig,LICHT,STRZUSTAND,LINREFX,LINREFY,XGCSWGS84,YGCSWGS84
84115,9.17062E+18,9,4,71,145,2017,6,16,3,3,3,1,0,1,0,0,1,0,0,6.4448E+20,5.52108E+21,1.10088E+16,4.98248E+16
84116,9.17062E+18,9,4,74,126,2017,6,16,3,3,1,6,0,1,0,0,1,0,0,6.51161E+20,5.50914E+21,1.1097E+16,4.97157E+16
84117,9.17062E+18,9,4,71,186,2017,6,12,3,3,8,6,0,1,0,1,0,0,0,6.22976E+20,5.52352E+21,1.07107E+16,4.98515E+16
84118,9.17062E+18,9,4,61,0,2017,6,17,3,3,1,3,1,1,0,0,1,0,0,6.3493E+20,5.53063E+21,1.08794E+16,4.99128E+16
84119,9.17062E+18,9,3,74,165,2017,6,18,3,3,9,7,0,0,0,1,0,0,0,7.36191E+20,5.50662E+21,1.22733E+16,4.96658E+16
84120,9.17062E+18,9,3,77,157,2017,6,15,3,3,5,3,0,1,0,1,0,0,0,7.19918E+20,5.54181E+21,1.20681E+16,4.99881E+16
84121,9.17062E+18,9,3,74,134,2017,6,16,3,3,4,6,0,1,0,0,0,0,0,7.2021E+20,5.50486E+21,1.20512E+16,4.9656E+16
84122,9.17062E+18,9,3,74,124,2017,6,9,3,3,1,6,0,1,0,0,0,0,0,7.0974E+20,5.51141E+21,1.19098E+16,4.97186E+16
84123,9.17062E+18,9,6,75,141,2017,6,12,6,2,2,1,0,1,0,0,1,0,0,5.79612E+20,5.51255E+21,1.01054E+16,4.97601E+16
84124,9.17062E+18,9,7,63,0,2017,6,16,5,3,1,3,1,1,0,0,0,0,0,5.97743E+20,5.28869E+21,1.03039E+16,4.77442E+16
84125,9.17062E+18,9,7,78,203,2017,6,20,6,3,8,1,0,0,0,1,0,0,0,6.21117E+20,5.3246E+21,1.06257E+16,4.80632E+16
84126,9.17062E+18,9,3,73,167,2017,6,7,3,3,1,6,0,1,0,0,0,0,0,6.93806E+20,5.45353E+21,1.16607E+16,4.92039E+16
84127,9.17062E+18,9,3,75,161,2017,6,19,3,3,0,1,1,0,0,0,0,0,0,7.34527E+20,5.42569E+21,1.22028E+16,4.89396E+16
84128,9.17062E+18,9,3,75,130,2017,6,21,3,3,9,7,0,1,0,0,0,2,0,7.37751E+20,5.43706E+21,1.22534E+16,4.90405E+16
84129,9.17062E+18,9,3,73,147,2017,6,7,3,3,4,7,0,1,0,0,0,0,0,6.78143E+20,5.45888E+21,1.14483E+16,4.92568E+16
84130,9.17062E+18,9,3,73,147,2017,6,8,3,3,4,6,1,0,0,1,0,0,0,6.7913E+20,5.4636E+21,1.14639E+16,4.92989E+16
84131,9.17062E+18,9,3,61,0,2017,6,16,3,3,3,6,0,1,0,0,1,0,0,7.06508E+20,5.48086E+21,1.1849E+16,4.94453E+16
84132,9.17062E+18,9,2,63,0,2017,6,12,3,3,3,2,1,1,0,0,0,0,0,7.61168E+20,5.42063E+21,1.25627E+16,4.88836E+16
84133,9.17062E+18,9,3,74,163,2017,6,9,6,3,4,6,0,1,0,0,1,0,0,7.00761E+20,5.52046E+21,1.17901E+16,4.9803E+16
84134,9.17062E+18,9,2,71,146,2017,6,10,3,3,2,6,0,1,0,0,0,0,0,7.86749E+20,5.41187E+21,1.29047E+16,4.87936E+16
84135,9.17062E+18,9,2,71,125,2017,6,16,3,2,5,3,0,1,0,1,0,0,0,7.9698E+20,5.41113E+21,1.30431E+16,4.87821E+16
84136,9.17062E+18,9,4,75,145,2017,6,9,6,3,3,6,0,1,0,0,1,0,0,6.99938E+20,5.57571E+21,1.18075E+16,5.02996E+16
84137,9.17062E+18,9,7,63,0,2017,6,15,5,3,3,6,0,1,0,1,0,0,0,5.97802E+20,5.28861E+21,1.03047E+16,4.77434E+16
84138,9.17062E+18,9,2,77,112,2017,6,13,3,3,9,1,0,1,0,0,0,0,0,8.06556E+20,5.37242E+21,1.31446E+16,4.84302E+16
84139,9.17062E+18,9,2,62,0,2017,6,8,3,3,5,3,0,1,0,0,0,0,0,8.32752E+20,5.39191E+21,1.35132E+16,4.85917E+16
84140,9.17062E+18,9,2,74,184,2017,6,18,3,3,3,6,1,1,0,0,0,0,0,7.48362E+20,5.37201E+21,1.23591E+16,4.84521E+16
84141,9.17062E+18,9,2,61,0,2017,6,11,3,2,2,6,0,1,0,0,0,0,0,7.32869E+20,5.383E+21,1.21561E+16,4.85568E+16
84142,9.17062E+18,9,2,79,112,2017,6,13,3,3,4,2,0,1,0,0,0,0,0,7.55933E+20,5.3935E+21,1.24745E+16,4.86421E+16
84143,9.17062E+18,9,2,79,112,2017,6,13,3,3,2,6,0,1,0,0,0,0,0,7.57975E+20,5.3943E+21,1.25027E+16,4.86484E+16
84144,9.17062E+18,9,1,90,157,2017,6,13,3,3,6,7,0,1,1,0,0,0,0,6.60533E+20,5.30088E+21,1.11455E+16,4.78412E+16
84145,9.17062E+18,9,1,80,124,2017,6,18,3,3,0,1,1,0,0,0,0,0,0,6.64923E+20,5.28281E+21,1.11973E+16,4.76777E+16
84146,9.17062E+18,9,1,73,118,2017,6,15,3,2,4,6,0,1,0,1,0,0,0,6.87875E+20,5.3053E+21,1.15125E+16,4.78735E+16
84147,9.17062E+18,9,1,80,117,2017,6,14,3,3,4,1,0,1,0,1,0,0,1,6.60871E+20,5.2613E+21,1.11355E+16,4.74853E+16
84148,9.17062E+18,9,1,89,111,2017,6,19,3,3,4,1,0,1,0,1,0,0,0,7.63082E+20,5.31954E+21,1.25253E+16,4.7975E+16
84149,9.17062E+18,9,1,89,157,2017,6,14,3,3,5,3,0,1,0,0,0,0,0,7.67593E+20,5.32574E+21,1.25895E+16,4.80288E+16
84150,9.17062E+18,9,1,89,143,2017,6,12,3,3,2,6,0,1,0,0,0,0,0,7.60752E+20,5.31848E+21,1.24935E+16,4.79665E+16
84151,9.17062E+18,9,1,89,148,2017,6,15,3,3,2,2,0,1,0,1,0,0,0,7.75098E+20,5.30791E+21,1.26786E+16,4.78656E+16
84152,9.17062E+18,9,1,89,114,2017,6,14,3,3,1,6,1,0,0,0,0,0,0,7.64141E+20,5.30905E+21,1.2533E+16,4.78804E+16
84153,9.17062E+18,9,1,83,138,2017,6,9,3,3,8,7,0,1,0,0,0,0,0,7.47847E+20,5.34775E+21,1.23379E+16,4.82345E+16
84154,9.17062E+18,9,1,72,118,2017,6,16,3,3,9,1,0,0,0,1,0,0,1,7.95535E+20,5.3065E+21,1.29502E+16,4.78438E+16
84155,9.17062E+18,9,1,87,157,2017,6,11,3,2,1,6,0,0,0,0,1,0,0,7.37962E+20,5.28519E+21,1.21704E+16,4.76763E+16
84156,9.17062E+18,9,1,63,0,2017,6,13,3,3,5,3,0,1,0,1,0,0,0,7.31166E+20,5.30135E+21,1.20886E+16,4.78239E+16
84157,9.17062E+18,9,1,82,124,2017,6,12,3,3,4,6,0,1,0,0,0,0,0,7.05315E+20,5.28577E+21,1.17363E+16,4.76927E+16
84158,9.17062E+18,9,1,87,150,2017,6,18,3,3,9,1,0,1,0,0,0,0,0,7.25464E+20,5.30357E+21,1.20137E+16,4.78459E+16
84159,9.17062E+18,9,1,86,146,2017,6,10,3,2,2,6,0,1,0,1,0,0,0,6.85474E+20,5.37178E+21,1.15095E+16,4.84718E+16
84160,9.17062E+18,9,1,85,149,2017,6,11,3,3,5,3,0,1,0,0,0,0,0,6.6131E+20,5.39838E+21,1.11931E+16,4.87176E+16
84161,9.17062E+18,9,1,61,0,2017,6,17,3,2,4,7,0,1,0,1,0,0,0,6.80838E+20,5.40508E+21,1.14613E+16,4.87725E+16
84162,9.17062E+18,9,1,61,0,2017,6,10,3,2,5,3,0,1,0,0,0,0,0,6.7457E+20,5.40567E+21,1.13763E+16,4.87795E+16
84163,9.17062E+18,9,1,86,158,2017,6,14,3,3,0,1,0,0,0,1,0,0,0,6.91595E+20,5.40103E+21,1.16057E+16,4.87328E+16
84164,9.17062E+18,9,1,62,0,2017,6,9,6,2,0,7,0,1,0,0,1,0,0,6.89658E+20,5.34012E+21,1.15518E+16,4.81859E+16
84165,9.17062E+18,9,7,63,0,2017,6,13,5,3,5,3,0,1,0,1,0,0,0,5.99165E+20,5.28676E+21,1.03224E+16,4.77266E+16
84166,9.17062E+18,9,1,76,165,2017,6,13,3,3,0,6,0,0,0,0,1,0,0,6.68363E+20,5.42408E+21,1.12995E+16,4.89467E+16
84167,9.17062E+18,9,1,76,123,2017,6,10,3,3,0,1,0,0,0,1,0,0,1,6.62288E+20,5.41596E+21,1.12134E+16,4.88753E+16
84168,9.17062E+18,9,1,76,150,2017,6,13,3,3,8,1,0,1,0,0,0,0,0,6.90159E+20,5.41101E+21,1.15908E+16,4.88229E+16
84169,9.17062E+18,9,1,81,140,2017,6,10,3,3,2,6,0,1,0,0,1,0,0,6.43062E+20,5.32433E+21,1.092E+16,4.80562E+16
84170,9.17062E+18,9,3,73,119,2017,6,14,6,2,5,3,0,1,0,0,0,0,0,6.82292E+20,5.45745E+21,1.15046E+16,4.92427E+16
84171,9.17062E+18,9,7,80,119,2017,6,15,5,3,9,7,0,1,0,0,0,0,0,5.96209E+20,5.29861E+21,1.02856E+16,4.78336E+16
84172,9.17062E+18,9,1,88,139,2017,6,13,3,3,5,2,1,0,0,0,0,0,0,6.75686E+20,5.31905E+21,1.13553E+16,4.80006E+16
84173,9.17062E+18,9,1,79,142,2017,6,7,3,2,0,1,1,0,0,0,0,0,0,6.72722E+20,5.34156E+21,1.13247E+16,4.82038E+16
84174,9.17062E+18,9,4,72,190,2017,6,17,6,3,2,6,0,0,0,1,0,0,0,6.97504E+20,5.5272E+21,1.17483E+16,4.98646E+16
84175,9.17062E+18,9,7,76,117,2017,6,10,5,3,3,2,0,1,0,1,0,0,0,5.6702E+20,5.27233E+21,9.89159E+15,4.76009E+16
84176,9.17062E+18,9,1,74,113,2017,6,17,3,3,2,6,0,1,0,0,0,0,0,6.80328E+20,5.34462E+21,1.14283E+16,4.82292E+16
84177,9.17062E+18,9,1,74,126,2017,6,14,3,3,0,1,0,1,0,1,0,0,0,6.82043E+20,5.34542E+21,1.14517E+16,4.82358E+16
84178,9.17062E+18,9,1,74,115,2017,6,13,3,3,1,5,1,1,0,0,0,0,0,6.81068E+20,5.34889E+21,1.144E+16,4.82673E+16
84179,9.17062E+18,9,1,78,124,2017,6,18,3,3,2,6,0,1,0,0,0,0,0,7.03505E+20,5.36745E+21,1.1751E+16,4.84273E+16
84180,9.17062E+18,9,1,84,132,2017,6,17,2,2,2,6,0,0,0,1,0,0,0,6.83988E+20,5.32933E+21,1.14709E+16,4.80907E+16
84181,9.17062E+18,9,1,84,148,2017,6,17,2,3,0,7,0,1,0,1,0,0,1,6.9508E+20,5.32724E+21,1.16187E+16,4.80686E+16
84182,9.17062E+18,9,1,62,0,2017,6,22,2,2,0,1,1,0,0,0,0,2,0,6.99727E+20,5.33294E+21,1.16837E+16,4.81184E+16
84183,9.17062E+18,9,4,72,127,2017,6,16,6,3,2,6,0,1,0,0,0,0,0,6.8215E+20,5.52267E+21,1.15328E+16,4.98287E+16
84184,9.17062E+18,9,7,80,137,2017,6,13,5,3,2,2,0,1,0,0,0,0,0,5.9788E+20,5.27013E+21,1.03016E+16,4.75772E+16
84185,9.17062E+18,9,1,84,119,2017,6,7,2,3,3,6,1,0,0,0,0,0,0,6.97732E+20,5.3463E+21,1.16632E+16,4.8239E+16
84186,9.17062E+18,9,1,62,0,2017,6,16,2,3,3,6,1,1,0,0,0,0,0,6.79455E+20,5.33734E+21,1.14134E+16,4.8164E+16
84187,9.17062E+18,9,1,62,0,2017,6,16,2,3,1,2,0,1,0,0,0,0,0,6.88506E+20,5.34018E+21,1.15363E+16,4.81868E+16
84188,9.17062E+18,9,1,84,144,2017,6,17,2,3,5,3,0,1,0,0,0,0,0,6.87527E+20,5.31989E+21,1.15142E+16,4.80048E+16
84189,9.17062E+18,9,1,84,123,2017,6,7,2,3,5,3,1,1,0,0,0,0,0,7.02512E+20,5.33204E+21,1.17207E+16,4.81094E+16
84190,9.17062E+18,9,7,78,180,2017,6,9,2,3,2,6,0,0,0,0,1,0,0,6.05679E+20,5.32105E+21,1.04176E+16,4.8034E+16
84191,9.17062E+18,9,7,74,144,2017,6,3,2,2,2,1,0,1,0,0,1,2,0,6.1137E+20,5.36283E+21,1.05049E+16,4.84088E+16
84192,9.17062E+18,9,7,75,135,2017,6,7,2,3,2,6,0,1,0,0,1,0,0,5.73495E+20,5.35866E+21,9.9925E+15,4.83768E+16
84193,9.17062E+18,9,7,75,135,2017,6,8,2,3,2,6,0,1,0,0,0,0,0,5.78342E+20,5.36388E+21,1.00589E+16,4.84232E+16
84194,9.17062E+18,9,7,75,129,2017,6,16,2,3,5,2,0,1,0,0,1,0,0,5.83917E+20,5.33976E+21,1.01295E+16,4.82055E+16
84195,9.17062E+18,9,7,75,118,2017,6,7,2,3,0,1,0,0,0,1,0,0,0,5.86631E+20,5.34266E+21,1.01666E+16,4.82313E+16
84196,9.17062E+18,9,7,75,129,2017,6,7,2,3,2,6,0,1,0,0,0,0,0,5.82076E+20,5.3388E+21,1.01045E+16,4.81971E+16
84197,9.17062E+18,9,7,74,143,2017,6,15,2,3,8,1,0,1,0,0,0,0,0,5.94692E+20,5.35978E+21,1.02789E+16,4.8384E+16
84198,9.17062E+18,9,7,74,143,2017,6,7,2,3,5,3,0,1,0,0,0,0,0,5.96906E+20,5.35857E+21,1.03086E+16,4.83728E+16
84199,9.17062E+18,9,7,63,0,2017,6,7,2,3,4,2,1,1,0,0,0,0,0,5.99368E+20,5.2857E+21,1.03249E+16,4.7717E+16
84200,9.17062E+18,9,7,63,0,2017,6,18,2,2,3,2,0,1,0,1,0,0,0,5.99013E+20,5.28648E+21,1.03203E+16,4.77241E+16
84201,9.17062E+18,9,7,63,0,2017,6,11,2,3,1,6,0,1,0,0,0,0,0,5.99199E+20,5.28892E+21,1.03234E+16,4.7746E+16
84202,9.17062E+18,9,7,80,112,2017,6,9,2,1,5,2,0,0,0,1,1,0,0,5.87496E+20,5.29495E+21,1.01685E+16,4.7802E+16
84203,9.17062E+18,9,7,61,0,2017,6,13,6,3,5,3,1,1,0,0,0,0,0,6.40372E+20,5.3604E+21,1.08958E+16,4.83811E+16
84204,9.17062E+18,9,7,79,155,2017,6,10,5,2,9,1,0,0,0,1,0,0,0,6.20064E+20,5.40645E+21,1.0635E+16,4.87994E+16
84205,9.17062E+18,9,7,74,162,2017,6,12,6,2,4,7,0,1,0,1,0,0,0,5.98881E+20,5.35225E+21,1.03337E+16,4.83157E+16
84206,9.17062E+18,9,7,73,140,2017,6,16,5,3,5,2,0,1,0,1,0,0,0,6.10061E+20,5.37702E+21,1.0491E+16,4.85366E+16
84207,9.17062E+18,9,1,78,142,2017,6,23,7,3,8,1,0,1,0,0,0,2,0,7.11902E+20,5.37829E+21,1.18699E+16,4.8522E+16
84208,9.17062E+18,9,1,78,145,2017,6,17,7,3,7,1,0,0,0,1,0,0,0,6.99443E+20,5.35494E+21,1.16902E+16,4.83162E+16
84209,9.17062E+18,9,7,77,151,2017,6,15,2,3,0,3,1,0,0,1,0,0,0,6.19722E+20,5.2921E+21,1.05979E+16,4.77711E+16
84210,9.17062E+18,9,7,76,121,2017,6,9,2,2,5,3,0,0,0,1,1,0,0,5.70756E+20,5.26754E+21,9.94051E+15,4.75574E+16
84211,9.17062E+18,9,7,72,157,2017,6,16,5,3,2,2,0,1,0,0,0,0,0,6.27231E+20,5.33492E+21,1.07108E+16,4.81548E+16
84212,9.17062E+18,9,7,77,154,2017,6,18,2,3,5,3,0,1,0,0,0,0,0,6.06084E+20,5.30006E+21,1.04179E+16,4.78451E+16
84213,9.17062E+18,9,4,74,133,2017,6,19,6,2,8,1,0,1,0,0,0,0,0,6.42713E+20,5.51292E+21,1.09812E+16,4.97518E+16
84214,9.17062E+18,9,7,72,147,2017,6,9,5,3,0,7,1,0,0,0,0,0,0,6.39024E+20,5.36521E+21,1.08792E+16,4.84247E+16
84215,9.17062E+18,9,7,77,153,2017,6,14,2,3,2,6,0,1,0,0,0,0,0,6.12546E+20,5.27556E+21,1.04979E+16,4.76236E+16
84216,9.17062E+18,9,7,77,121,2017,6,20,2,3,2,1,0,1,0,0,0,0,0,6.28928E+20,5.32185E+21,1.07296E+16,4.80369E+16
84217,9.17062E+18,9,5,71,199,2017,6,16,6,2,8,1,0,0,0,1,0,0,0,5.88969E+20,5.44907E+21,1.0221E+16,4.91879E+16
84218,9.17062E+18,9,7,72,184,2017,6,9,5,3,1,6,0,1,0,0,0,0,0,6.35154E+20,5.36238E+21,1.0826E+16,4.84001E+16
84219,9.17062E+18,9,7,72,163,2017,6,22,2,3,2,6,0,1,0,0,1,2,0,6.38922E+20,5.34956E+21,1.08727E+16,4.8284E+16
84220,9.17062E+18,9,7,61,0,2017,6,14,2,3,2,6,0,1,0,0,0,0,0,6.38328E+20,5.35676E+21,1.0867E+16,4.83489E+16
84221,9.17062E+18,9,7,72,131,2017,6,12,2,3,2,6,0,0,0,0,1,0,0,6.15284E+20,5.35636E+21,1.0556E+16,4.83499E+16
84222,9.17062E+18,9,7,72,200,2017,6,17,2,3,0,3,1,0,0,1,0,0,0,6.30686E+20,5.33747E+21,1.0758E+16,4.8177E+16
84223,9.17062E+18,9,7,61,0,2017,6,14,2,3,2,6,0,1,0,0,0,0,0,6.39376E+20,5.36089E+21,1.08825E+16,4.83857E+16
84224,9.17062E+18,9,7,61,0,2017,6,10,2,3,2,6,0,1,0,0,1,0,0,6.41466E+20,5.35765E+21,1.09097E+16,4.83561E+16
84225,9.17062E+18,9,7,61,0,2017,6,14,2,3,4,6,0,1,0,1,0,0,0,6.41296E+20,5.35591E+21,1.09068E+16,4.83405E+16
84226,9.17062E+18,9,6,78,135,2017,6,7,2,3,2,6,0,1,0,0,0,0,0,5.93063E+20,5.54269E+21,1.02994E+16,5.00293E+16
84227,9.17062E+18,9,6,74,133,2017,6,15,2,3,5,2,0,1,0,0,0,0,0,6.23772E+20,5.53413E+21,1.07252E+16,4.99467E+16
84228,9.17062E+18,9,6,73,173,2017,6,6,2,3,8,1,0,1,0,0,0,0,0,5.99788E+20,5.56783E+21,1.03998E+16,5.02541E+16
84229,9.17062E+18,9,6,72,114,2017,6,7,2,3,5,3,0,0,0,1,1,0,0,5.78263E+20,5.55569E+21,1.00954E+16,5.01483E+16
84230,9.17062E+18,9,6,71,136,2017,6,9,2,2,2,7,0,1,0,0,1,0,0,5.0343E+20,5.54101E+21,9.04788E+15,5.00214E+16
84231,9.17062E+18,9,6,76,144,2017,6,12,2,3,5,3,1,1,0,0,0,0,0,5.09448E+20,5.52806E+21,9.13157E+15,4.99049E+16
84232,9.17062E+18,9,3,73,156,2017,6,8,6,3,1,6,0,0,0,0,1,0,0,6.60556E+20,5.46265E+21,1.12083E+16,4.92955E+16
84233,9.17062E+18,9,6,72,114,2017,6,13,6,3,5,3,0,1,0,1,0,0,0,5.78966E+20,5.55598E+21,1.01053E+16,5.01508E+16
84234,9.17062E+18,9,7,80,137,2017,6,13,6,3,2,6,0,1,0,0,1,0,0,5.9801E+20,5.27029E+21,1.03033E+16,4.75786E+16
84235,9.17062E+18,9,1,84,129,2017,6,13,6,3,3,6,0,1,0,1,0,0,0,7.01381E+20,5.32518E+21,1.17023E+16,4.80481E+16
84236,9.17062E+18,9,7,71,144,2017,6,0,7,3,7,7,1,0,0,0,0,2,0,6.63401E+20,5.37221E+21,1.12112E+16,4.84818E+16
84237,9.17062E+18,9,6,79,154,2017,6,18,7,3,1,7,0,1,0,0,1,0,0,5.60519E+20,5.51108E+21,9.84009E+15,4.97491E+16
84238,9.17062E+18,9,7,77,151,2017,6,13,7,2,3,2,1,1,0,0,0,0,0,6.23916E+20,5.28996E+21,1.06533E+16,4.77511E+16
84239,9.17063E+18,9,1,87,122,2017,6,11,1,3,2,6,0,1,0,0,0,0,1,7.17634E+20,5.3083E+21,1.19115E+16,4.78911E+16
84240,9.17063E+18,9,1,75,133,2017,6,21,2,3,5,3,0,1,0,0,0,2,0,7.10533E+20,5.34216E+21,1.18333E+16,4.81977E+16
84241,9.17063E+18,9,1,87,150,2017,6,13,2,3,1,6,0,1,0,0,1,0,0,7.27778E+20,5.30321E+21,1.20444E+16,4.78418E+16
84242,9.17062E+18,9,6,77,135,2017,6,18,7,3,2,6,0,1,0,0,0,0,0,5.43386E+20,5.52446E+21,9.60377E+15,4.9871E+16
84243,9.17062E+18,9,6,77,155,2017,6,10,7,3,8,1,0,1,0,0,0,0,0,5.37692E+20,5.55E+21,9.52704E+15,5.01011E+16
84244,9.17063E+18,9,1,85,149,2017,6,16,5,3,8,1,0,0,0,1,0,0,1,6.6584E+20,5.39972E+21,1.12552E+16,4.87284E+16
84245,9.17063E+18,9,1,74,146,2017,6,7,5,3,8,1,0,1,0,0,0,0,1,6.67638E+20,5.35051E+21,1.12599E+16,4.82856E+16
84246,9.17063E+18,9,1,88,139,2017,6,15,5,2,5,3,1,1,0,0,0,0,0,6.75538E+20,5.31904E+21,1.13533E+16,4.80005E+16
84247,9.17063E+18,9,1,79,126,2017,6,14,5,3,5,3,1,1,0,0,0,0,0,6.7737E+20,5.33958E+21,1.13864E+16,4.81846E+16
84248,9.17063E+18,9,1,79,121,2017,6,10,5,3,5,7,1,1,0,0,0,0,1,6.67387E+20,5.3392E+21,1.1252E+16,4.8184E+16
84249,9.17063E+18,9,1,79,121,2017,6,9,5,3,5,3,0,1,0,0,0,0,1,6.6748E+20,5.33907E+21,1.12532E+16,4.81828E+16
84250,9.17063E+18,9,1,74,143,2017,6,16,5,3,6,4,0,1,1,0,0,0,0,6.75311E+20,5.35251E+21,1.1364E+16,4.83014E+16
84251,9.17063E+18,9,1,78,124,2017,6,14,5,3,2,6,0,1,0,0,0,0,0,7.01653E+20,5.35848E+21,1.17217E+16,4.83473E+16
84252,9.17063E+18,9,1,77,121,2017,6,2,5,3,9,7,0,1,0,0,0,2,0,7.31366E+20,5.36249E+21,1.21244E+16,4.83731E+16
84253,9.17063E+18,9,1,62,0,2017,6,18,4,3,5,3,1,1,0,0,0,0,0,6.92015E+20,5.33152E+21,1.15796E+16,4.8108E+16
84254,9.17063E+18,9,1,62,0,2017,6,16,4,3,5,3,0,1,0,0,0,0,0,6.94995E+20,5.33348E+21,1.16205E+16,4.81247E+16
84255,9.17063E+18,9,1,62,0,2017,6,4,4,3,0,7,0,1,0,0,0,2,0,6.93565E+20,5.33715E+21,1.16029E+16,4.81581E+16
84256,9.17063E+18,9,1,62,0,2017,6,17,4,3,5,2,0,1,0,1,0,0,0,6.94786E+20,5.34093E+21,1.16211E+16,4.81917E+16
84257,9.17063E+18,9,1,62,0,2017,6,6,4,3,5,3,1,1,0,0,0,0,0,6.92537E+20,5.33919E+21,1.159E+16,4.81768E+16
84258,9.17063E+18,9,1,62,0,2017,6,7,4,3,5,2,0,1,0,0,0,0,0,6.82678E+20,5.33597E+21,1.14562E+16,4.81507E+16
84259,9.17063E+18,9,1,62,0,2017,6,6,4,3,2,6,0,1,0,1,0,0,0,6.78284E+20,5.33443E+21,1.13965E+16,4.81382E+16
84260,9.17063E+18,9,7,64,0,2017,6,13,4,2,3,6,0,1,0,0,1,0,0,5.83533E+20,5.31392E+21,1.01192E+16,4.79732E+16
84261,9.17062E+18,9,6,75,141,2017,6,17,7,3,0,7,0,0,0,1,0,0,0,5.83073E+20,5.5102E+21,1.01529E+16,4.97385E+16
84262,9.17062E+18,9,6,74,164,2017,6,15,7,2,5,3,0,1,0,1,0,0,0,6.13632E+20,5.54549E+21,1.05873E+16,5.00509E+16
84263,9.17062E+18,9,6,74,221,2017,6,7,7,2,9,1,0,0,0,1,0,0,0,6.13682E+20,5.54137E+21,1.05867E+16,5.00137E+16
84264,9.17062E+18,9,6,76,136,2017,6,12,7,3,2,6,0,1,0,1,0,0,0,5.16248E+20,5.52767E+21,9.22625E+15,4.99012E+16
84265,9.17062E+18,9,7,61,0,2017,6,10,7,3,2,6,0,1,0,0,0,0,0,6.37479E+20,5.35947E+21,1.08565E+16,4.83734E+16
84266,9.17063E+18,9,7,71,146,2017,6,16,1,3,1,6,0,1,0,0,0,0,0,6.46412E+20,5.34934E+21,1.09735E+16,4.82803E+16
84267,9.17063E+18,9,1,62,0,2017,6,0,1,3,5,3,0,1,0,0,0,2,0,6.87425E+20,5.34048E+21,1.15219E+16,4.81898E+16
84268,9.17063E+18,9,1,79,125,2017,6,16,2,3,1,2,0,1,0,0,0,0,0,6.60547E+20,5.33222E+21,1.11574E+16,4.81229E+16
84269,9.17063E+18,9,7,75,135,2017,6,7,4,3,0,7,0,0,0,1,0,0,1,5.74779E+20,5.35749E+21,1.00096E+16,4.83662E+16
84270,9.17063E+18,9,7,74,150,2017,6,11,4,3,5,3,1,1,0,0,0,0,0,6.01733E+20,5.34443E+21,1.03703E+16,4.82449E+16
84271,9.17063E+18,9,7,75,162,2017,6,18,4,3,0,1,1,0,0,0,0,0,0,5.81983E+20,5.34816E+21,1.01051E+16,4.82813E+16
84272,9.17063E+18,9,7,75,111,2017,6,13,4,2,5,3,1,1,0,0,0,0,0,5.82624E+20,5.33547E+21,1.01112E+16,4.81671E+16
84273,9.17063E+18,9,7,63,0,2017,6,15,4,3,6,2,0,1,1,0,0,0,0,5.9993E+20,5.28481E+21,1.03322E+16,4.77089E+16
84274,9.17062E+18,9,6,71,155,2017,6,12,7,3,5,3,1,1,0,0,0,0,0,5.05422E+20,5.53472E+21,9.07559E+15,4.99648E+16
84275,9.17063E+18,9,7,80,122,2017,6,5,4,2,0,7,0,0,0,1,0,0,1,6.00526E+20,5.29735E+21,1.0343E+16,4.78217E+16
84276,9.17062E+18,9,6,61,0,2017,6,20,7,3,3,7,1,1,0,0,0,0,0,5.11292E+20,5.5356E+21,9.15747E+15,4.99727E+16
84277,9.17063E+18,9,7,76,116,2017,6,13,4,3,2,1,0,1,0,0,1,0,0,5.5377E+20,5.26676E+21,9.71466E+15,4.7552E+16
84278,9.17063E+18,9,7,76,116,2017,6,8,4,3,2,1,0,1,0,0,1,0,1,5.5148E+20,5.26785E+21,9.68435E+15,4.7562E+16
84279,9.17063E+18,9,1,84,120,2017,6,23,2,3,9,7,0,1,0,0,0,2,0,6.81884E+20,5.33339E+21,1.14444E+16,4.81278E+16
84280,9.17063E+18,9,7,73,125,2017,6,11,4,3,5,3,0,1,0,0,0,0,0,6.11078E+20,5.38234E+21,1.05062E+16,4.85843E+16
84281,9.17063E+18,9,7,61,0,2017,6,12,4,2,1,7,0,0,0,0,1,0,0,6.41526E+20,5.36383E+21,1.09126E+16,4.84117E+16
84282,9.17063E+18,9,7,61,0,2017,6,10,4,3,2,6,0,1,0,0,0,0,0,6.3993E+20,5.35522E+21,1.08881E+16,4.83346E+16
84283,9.17062E+18,9,6,61,0,2017,6,5,7,3,2,6,0,1,0,0,0,0,0,5.09744E+20,5.53516E+21,9.13587E+15,4.99687E+16
84284,9.17063E+18,9,7,72,167,2017,6,7,4,3,5,3,0,1,0,0,0,0,1,6.2681E+20,5.35898E+21,1.07123E+16,4.83713E+16
84285,9.17063E+18,9,7,72,130,2017,6,6,4,3,2,6,0,1,0,0,0,0,0,6.3121E+20,5.35681E+21,1.0771E+16,4.83508E+16
84286,9.17062E+18,9,6,71,152,2017,6,12,7,3,0,7,1,0,0,0,0,0,0,5.17243E+20,5.54899E+21,9.24106E+15,5.0093E+16
84287,9.17063E+18,9,7,72,145,2017,6,18,4,3,0,1,1,0,0,0,0,0,0,6.34548E+20,5.36845E+21,1.08198E+16,4.84548E+16