OBJECTID,UIDENTSTLA,ULAND,UREGBEZ,UKREIS,UGEMEINDE,UJAHR,UMONAT,USTUNDE,UWOCHENTAG,UKATEGORIE,UART,UTYP1,IstRad,IstPKW,IstFuss,IstKrad,IstSonstig,LICHT,STRZUSTAND,LINREFX,LINREFY,XGCSWGS84,YGCSWGS84
84288,9.17063E+18,9,7,72,207,2017,6,14,4,3,2,2,0,1,0,0,0,0,0,6.4014E+20,5.38109E+21,1.08996E+16,4.85672E+16
84289,9.17062E+18,9,5,63,0,2017,6,20,7,2,2,6,0,1,0,0,0,1,0,6.44172E+20,5.4872E+21,1.0992E+16,4.95202E+16
84290,9.17063E+18,9,7,61,0,2017,6,14,4,3,0,1,1,0,0,0,0,0,0,6.36978E+20,5.36016E+21,1.08499E+16,4.83797E+16
84291,9.17063E+18,9,7,61,0,2017,6,16,4,3,2,6,0,1,0,0,0,0,0,6.43696E+20,5.35759E+21,1.09397E+16,4.83551E+16
84292,9.17063E+18,9,7,61,0,2017,6,18,4,3,0,1,1,0,0,0,0,0,0,6.42562E+20,5.35913E+21,1.09249E+16,4.83692E+16
84293,9.17063E+18,9,7,61,0,2017,6,12,4,3,5,3,1,1,0,0,0,0,0,6.4302E+20,5.35758E+21,1.09306E+16,4.83552E+16
84294,9.17063E+18,9,6,79,205,2017,6,12,4,2,5,3,0,0,0,1,1,0,0,5.6095E+20,5.51568E+21,9.84679E+15,4.97905E+16
84295,9.17063E+18,9,6,63,0,2017,6,16,4,2,1,6,0,1,0,0,0,0,0,5.69886E+20,5.5151E+21,9.97081E+15,4.97843E+16
84296,9.17063E+18,9,6,72,139,2017,6,9,4,3,8,1,0,1,0,0,0,0,1,5.6727E+20,5.56042E+21,9.94241E+15,5.01921E+16
84297,9.17063E+18,9,6,78,168,2017,6,9,4,3,9,1,0,1,0,0,1,0,1,5.82174E+20,5.55377E+21,1.01497E+16,5.01305E+16
84298,9.17063E+18,9,6,73,147,2017,6,19,4,3,8,1,0,0,0,1,0,0,0,5.83201E+20,5.59295E+21,1.01727E+16,5.04826E+16
84299,9.17063E+18,9,6,74,159,2017,6,6,4,3,5,3,0,1,0,0,0,0,0,6.13878E+20,5.5346E+21,1.05875E+16,4.99528E+16
84300,9.17063E+18,9,6,74,139,2017,6,15,4,2,4,2,0,1,0,0,1,0,0,5.98086E+20,5.54159E+21,1.03692E+16,5.00186E+16
84301,9.17063E+18,9,6,74,147,2017,6,9,4,2,5,2,0,1,0,0,0,0,1,6.08474E+20,5.54372E+21,1.05147E+16,5.00359E+16
84302,9.17063E+18,9,6,73,131,2017,6,19,4,3,9,7,0,1,0,0,0,0,0,6.07326E+20,5.57754E+21,1.05083E+16,5.03401E+16
84303,9.17063E+18,9,6,78,181,2017,6,14,4,3,9,7,0,1,0,0,0,0,1,5.96916E+20,5.56005E+21,1.03575E+16,5.01847E+16
84304,9.17063E+18,9,6,71,111,2017,6,8,4,3,4,1,0,1,0,0,0,0,1,5.07392E+20,5.55237E+21,9.10341E+15,5.01235E+16
84305,9.17063E+18,9,5,72,131,2017,6,8,4,3,8,1,0,1,0,0,0,0,1,6.54605E+20,5.48517E+21,1.11353E+16,4.94995E+16
84306,9.17062E+18,9,5,72,135,2017,6,16,7,3,0,6,0,1,0,1,0,0,0,6.33305E+20,5.50688E+21,1.08486E+16,4.96996E+16
84307,9.17062E+18,9,5,74,156,2017,6,16,7,3,2,6,0,1,0,0,0,0,0,6.58427E+20,5.48196E+21,1.11867E+16,4.94696E+16
84308,9.17062E+18,9,5,63,0,2017,6,22,7,3,9,7,0,1,0,0,0,2,0,6.43225E+20,5.48276E+21,1.09773E+16,4.94806E+16
84309,9.17062E+18,9,5,64,0,2017,6,19,7,3,6,2,0,1,1,0,0,0,0,6.47512E+20,5.47259E+21,1.10327E+16,4.93881E+16
84310,9.17063E+18,9,4,72,119,2017,6,15,1,3,2,6,0,1,0,0,0,0,0,6.86899E+20,5.53956E+21,1.16069E+16,4.99791E+16
84311,9.17063E+18,9,6,74,187,2017,6,22,1,2,8,1,0,1,0,0,0,2,0,6.11529E+20,5.52751E+21,1.05527E+16,4.98896E+16
84312,9.17063E+18,9,7,78,190,2017,6,12,1,3,4,2,0,1,0,0,0,0,0,6.10392E+20,5.32923E+21,1.0483E+16,4.81067E+16
84313,9.17063E+18,9,1,78,145,2017,6,13,2,3,0,6,0,1,0,0,0,0,0,6.9684E+20,5.35641E+21,1.16559E+16,4.83302E+16
84314,9.17063E+18,9,1,87,122,2017,6,17,2,3,5,3,0,1,0,0,0,0,0,7.18848E+20,5.30799E+21,1.19276E+16,4.78879E+16
84315,9.17063E+18,9,5,76,113,2017,6,9,4,3,3,3,0,1,0,0,0,0,1,6.61264E+20,5.45777E+21,1.1216E+16,4.92514E+16
84316,9.17062E+18,9,5,64,0,2017,6,9,7,2,5,3,1,0,0,1,0,0,0,6.4961E+20,5.46802E+21,1.10598E+16,4.93465E+16
84317,9.17062E+18,9,7,61,0,2017,6,13,7,3,2,7,0,1,0,1,0,0,0,6.44077E+20,5.35894E+21,1.09453E+16,4.83672E+16
84318,9.17062E+18,9,7,78,158,2017,6,18,7,2,8,1,0,0,0,1,0,0,0,6.10566E+20,5.33614E+21,1.04871E+16,4.81689E+16
84319,9.17063E+18,9,1,87,170,2017,6,3,1,3,9,1,0,1,0,0,0,2,0,7.3355E+20,5.31816E+21,1.21295E+16,4.7974E+16
84320,9.17063E+18,9,7,75,162,2017,6,15,1,3,2,6,0,1,0,0,0,0,0,5.82666E+20,5.34904E+21,1.01144E+16,4.82891E+16
84321,9.17063E+18,9,1,78,120,2017,6,8,2,3,2,6,0,1,0,0,0,0,0,6.95586E+20,5.35176E+21,1.16368E+16,4.82888E+16
84322,9.17063E+18,9,1,82,111,2017,6,13,2,2,0,1,1,0,0,0,0,0,0,7.03811E+20,5.28932E+21,1.17179E+16,4.77251E+16
84323,9.17063E+18,9,5,76,113,2017,6,7,4,3,5,3,1,1,0,0,0,0,1,6.62445E+20,5.45797E+21,1.12323E+16,4.92529E+16
84324,9.17063E+18,9,5,72,149,2017,6,14,4,3,8,1,1,0,0,0,0,0,1,6.39215E+20,5.50405E+21,1.09295E+16,4.96729E+16
84325,9.17062E+18,9,5,77,158,2017,6,14,7,3,4,1,0,1,0,1,0,0,0,6.46166E+20,5.42363E+21,1.09964E+16,4.89483E+16
84326,9.17063E+18,9,5,62,0,2017,6,7,4,3,0,7,1,1,0,0,0,0,0,6.45206E+20,5.49543E+21,1.10093E+16,4.9594E+16
84327,9.17063E+18,9,5,72,119,2017,6,20,4,3,0,1,1,0,0,0,0,0,0,6.45279E+20,5.49935E+21,1.10118E+16,4.96292E+16
84328,9.17062E+18,9,5,75,138,2017,6,16,7,3,4,6,0,1,0,0,0,0,0,6.09752E+20,5.49693E+21,1.05193E+16,4.9615E+16
84329,9.17063E+18,9,5,74,152,2017,6,16,4,3,2,6,0,1,0,0,0,0,0,6.61773E+20,5.48335E+21,1.12334E+16,4.94812E+16
84330,9.17063E+18,9,5,74,156,2017,6,6,4,2,8,1,0,1,0,0,0,0,0,6.59896E+20,5.4837E+21,1.12077E+16,4.94849E+16
84331,9.17063E+18,9,5,64,0,2017,6,10,4,3,0,1,0,0,0,1,0,0,1,6.492E+20,5.4814E+21,1.10592E+16,4.94669E+16
84332,9.17063E+18,9,5,64,0,2017,6,23,4,3,1,5,1,0,0,0,1,2,1,6.48499E+20,5.48078E+21,1.10493E+16,4.94615E+16
84333,9.17063E+18,9,5,64,0,2017,6,0,4,3,6,3,0,1,1,0,0,2,0,6.49267E+20,5.48288E+21,1.10607E+16,4.94802E+16
84334,9.17063E+18,9,5,73,115,2017,6,14,4,3,9,1,0,1,0,0,0,0,1,6.29141E+20,5.47293E+21,1.07798E+16,4.93954E+16
84335,9.17063E+18,9,5,73,127,2017,6,8,4,3,0,1,1,0,0,0,0,0,1,6.46297E+20,5.47557E+21,1.1017E+16,4.94152E+16
84336,9.17063E+18,9,5,77,172,2017,6,11,4,3,4,6,0,1,0,0,1,0,0,6.33098E+20,5.43643E+21,1.08222E+16,4.90664E+16
84337,9.17063E+18,9,5,77,136,2017,6,8,4,3,2,6,0,1,0,0,0,0,0,6.27592E+20,5.44264E+21,1.07488E+16,4.91233E+16
84338,9.17063E+18,9,5,71,166,2017,6,7,4,3,5,3,0,1,0,1,0,0,1,6.09849E+20,5.45447E+21,1.05089E+16,4.92332E+16
84339,9.17063E+18,9,4,79,152,2017,6,16,4,3,3,6,0,1,0,0,1,0,0,7.2288E+20,5.56357E+21,1.2122E+16,5.01823E+16
84340,9.17063E+18,9,4,63,0,2017,6,15,4,2,9,1,0,1,0,0,0,0,1,6.43778E+20,5.57004E+21,1.10174E+16,5.0265E+16
84341,9.17063E+18,9,4,63,0,2017,6,16,4,3,3,6,0,1,0,0,1,0,0,6.39572E+20,5.56906E+21,1.0958E+16,5.02571E+16
84342,9.17063E+18,9,4,62,0,2017,6,13,4,3,5,2,0,1,0,0,0,0,0,6.84764E+20,5.53593E+21,1.15754E+16,4.99471E+16
84343,9.17062E+18,9,4,75,141,2017,6,14,7,2,4,2,0,1,0,0,0,0,0,6.98856E+20,5.57982E+21,1.17945E+16,5.03368E+16
84344,9.17062E+18,9,4,63,0,2017,6,15,7,3,0,5,0,1,0,0,0,0,0,6.36772E+20,5.56928E+21,1.09189E+16,5.02598E+16
84345,9.17062E+18,9,4,62,0,2017,6,5,7,3,8,1,0,1,0,0,0,0,0,6.86775E+20,5.5339E+21,1.16024E+16,4.99282E+16
84346,9.17063E+18,9,4,71,123,2017,6,18,4,3,2,7,0,1,0,0,0,0,0,6.45766E+20,5.51782E+21,1.10254E+16,4.97951E+16
84347,9.17063E+18,9,4,74,126,2017,6,12,4,2,9,1,0,1,0,0,0,0,0,6.47943E+20,5.50996E+21,1.10527E+16,4.9724E+16
84348,9.17063E+18,9,4,74,154,2017,6,18,4,3,9,1,0,1,0,0,0,0,0,6.54232E+20,5.49743E+21,1.11349E+16,4.96098E+16
84349,9.17063E+18,9,4,61,0,2017,6,16,4,3,4,2,1,1,0,0,0,0,0,6.37484E+20,5.53058E+21,1.09149E+16,4.99118E+16
84350,9.17063E+18,9,3,72,144,2017,6,12,4,3,5,3,1,1,0,0,0,0,0,7.94278E+20,5.46312E+21,1.30441E+16,4.925E+16
84351,9.17063E+18,9,3,72,167,2017,6,20,4,3,0,1,0,0,0,1,0,1,0,7.46381E+20,5.44861E+21,1.23783E+16,4.91408E+16
84352,9.17063E+18,9,3,62,0,2017,6,10,4,3,5,2,1,1,0,0,0,0,0,7.27614E+20,5.43494E+21,1.21137E+16,4.90253E+16
84353,9.17062E+18,9,4,72,139,2017,6,16,7,3,8,1,0,0,0,1,0,0,0,6.93682E+20,5.55136E+21,1.17074E+16,5.00829E+16
84354,9.17062E+18,9,4,72,116,2017,6,16,7,3,8,1,0,0,0,1,0,0,0,6.91438E+20,5.54912E+21,1.16749E+16,5.00636E+16
84355,9.17062E+18,9,4,71,191,2017,6,17,7,3,2,6,0,1,0,0,0,0,0,6.31433E+20,5.52558E+21,1.0829E+16,4.98682E+16
84356,9.17062E+18,9,4,71,189,2017,6,11,7,2,3,6,0,1,0,1,0,0,0,6.52678E+20,5.53881E+21,1.11297E+16,4.9982E+16
84357,9.17062E+18,9,7,73,170,2017,6,22,7,3,7,7,0,1,0,0,0,2,0,5.93445E+20,5.39044E+21,1.0269E+16,4.866E+16
84358,9.17063E+18,9,5,76,151,2017,6,15,1,3,5,3,0,1,0,0,0,0,0,6.55438E+20,5.472E+21,1.11416E+16,4.93808E+16
84359,9.17063E+18,9,7,72,147,2017,6,15,1,3,8,7,0,1,0,0,0,0,0,6.37077E+20,5.3642E+21,1.08526E+16,4.8416E+16
84360,9.17063E+18,9,1,62,0,2017,6,12,1,3,8,1,0,1,0,0,0,2,0,6.89399E+20,5.33185E+21,1.15446E+16,4.81118E+16
84361,9.17063E+18,9,1,62,0,2017,6,9,2,3,2,6,0,1,0,0,0,0,0,6.8397E+20,5.34258E+21,1.14764E+16,4.82097E+16
84362,9.17063E+18,9,3,61,0,2017,6,20,4,3,5,3,1,1,0,0,0,0,0,7.07577E+20,5.4808E+21,1.18637E+16,4.94444E+16
84363,9.17063E+18,9,3,71,122,2017,6,11,4,3,4,6,0,1,0,0,0,0,0,7.15131E+20,5.48388E+21,1.19695E+16,4.94695E+16
84364,9.17063E+18,9,2,76,148,2017,6,6,4,3,2,6,0,1,0,0,0,0,0,8.08568E+20,5.43633E+21,1.32195E+16,4.90027E+16
84365,9.17063E+18,9,2,63,0,2017,6,21,4,3,3,2,1,1,0,0,0,1,0,7.61157E+20,5.42064E+21,1.25625E+16,4.88836E+16
84366,9.17062E+18,9,3,74,118,2017,6,17,7,2,2,2,0,1,0,0,0,0,0,7.55298E+20,5.49662E+21,1.25311E+16,4.95682E+16
84367,9.17063E+18,9,2,78,141,2017,6,17,4,3,8,1,0,1,0,0,0,0,0,7.58023E+20,5.42877E+21,1.2525E+16,4.89579E+16
84368,9.17062E+18,9,3,74,149,2017,6,20,7,3,5,3,0,1,0,0,0,0,0,7.0917E+20,5.51643E+21,1.19046E+16,4.97639E+16
84369,9.17063E+18,9,2,71,141,2017,6,19,4,3,0,6,0,1,0,1,0,0,0,7.95755E+20,5.40121E+21,1.30194E+16,4.86937E+16
84370,9.17063E+18,9,2,71,113,2017,6,15,4,2,5,3,0,0,0,1,1,0,1,8.00417E+20,5.41419E+21,1.3092E+16,4.8808E+16
84371,9.17063E+18,9,2,71,119,2017,6,6,4,3,5,3,0,1,0,1,0,0,0,7.90308E+20,5.41741E+21,1.2957E+16,4.88417E+16
84372,9.17063E+18,9,2,78,187,2017,6,17,4,2,8,1,0,0,0,1,0,0,0,7.81302E+20,5.42372E+21,1.28388E+16,4.89025E+16
84373,9.17063E+18,9,2,75,117,2017,6,13,4,3,9,1,0,1,0,0,0,0,0,8.03042E+20,5.38696E+21,1.31077E+16,4.85624E+16
84374,9.17063E+18,9,2,62,0,2017,6,11,4,3,4,2,0,1,0,0,0,0,0,8.25716E+20,5.38955E+21,1.34162E+16,4.85743E+16
84375,9.17063E+18,9,1,78,155,2017,6,1,4,3,2,6,0,1,0,0,1,2,0,7.21726E+20,5.37531E+21,1.20012E+16,4.84918E+16
84376,9.17063E+18,9,2,74,184,2017,6,18,4,2,0,7,1,0,0,0,0,0,0,7.44209E+20,5.36628E+21,1.22997E+16,4.84023E+16
84377,9.17063E+18,9,2,74,121,2017,6,6,4,3,9,1,0,1,0,0,0,0,0,7.28681E+20,5.37005E+21,1.20923E+16,4.8442E+16
84378,9.17063E+18,9,2,61,0,2017,6,11,4,3,2,6,0,1,0,0,0,0,0,7.32277E+20,5.38203E+21,1.21475E+16,4.85483E+16
84379,9.17063E+18,9,1,90,120,2017,6,6,4,2,5,3,0,1,0,0,0,0,0,6.65159E+20,5.29698E+21,1.12058E+16,4.7805E+16
84380,9.17062E+18,9,3,62,0,2017,6,18,7,3,1,6,0,1,0,1,0,0,0,7.26695E+20,5.43643E+21,1.2102E+16,4.9039E+16
84381,9.17063E+18,9,1,73,115,2017,6,14,4,3,5,3,1,1,0,0,0,0,0,6.79973E+20,5.28813E+21,1.13998E+16,4.77215E+16
84382,9.17063E+18,9,1,73,111,2017,6,18,4,2,8,1,0,1,0,0,0,0,1,6.86712E+20,5.29138E+21,1.1491E+16,4.77487E+16
84383,9.17063E+18,9,1,73,135,2017,6,13,4,3,5,3,1,1,0,0,0,0,0,6.93079E+20,5.28423E+21,1.15727E+16,4.76826E+16
84384,9.17063E+18,9,1,89,154,2017,6,12,4,3,1,2,1,1,0,0,0,0,0,7.68256E+20,5.31821E+21,1.25937E+16,4.79609E+16
84385,9.17063E+18,9,1,71,113,2017,6,10,4,3,2,6,0,1,0,0,1,0,0,7.777E+20,5.34146E+21,1.2735E+16,4.81657E+16
84386,9.17063E+18,9,1,71,129,2017,6,23,4,3,8,1,0,1,0,0,0,2,1,7.76188E+20,5.35513E+21,1.27236E+16,4.8289E+16
84387,9.17063E+18,9,1,87,156,2017,6,11,4,3,8,1,0,0,0,1,0,0,0,7.3705E+20,5.2905E+21,1.21611E+16,4.77243E+16
84388,9.17063E+18,9,1,82,111,2017,6,19,4,2,8,1,1,0,0,0,0,0,0,7.03658E+20,5.28975E+21,1.17161E+16,4.7729E+16
84389,9.17063E+18,9,1,76,120,2017,6,12,4,3,2,6,0,1,0,0,0,0,0,6.80795E+20,5.41804E+21,1.14664E+16,4.88889E+16
84390,9.17063E+18,9,1,76,161,2017,6,13,4,3,8,7,0,1,0,0,0,0,0,6.81123E+20,5.41255E+21,1.14685E+16,4.88395E+16
84391,9.17063E+18,9,1,76,143,2017,6,8,4,3,2,6,0,1,0,0,0,0,1,6.80839E+20,5.40753E+21,1.14624E+16,4.87945E+16
84392,9.17063E+18,9,1,86,143,2017,6,9,4,2,5,3,0,1,0,0,0,0,0,6.85341E+20,5.38007E+21,1.15113E+16,4.85463E+16
84393,9.17062E+18,9,3,76,141,2017,6,21,7,2,3,6,0,1,0,0,0,2,0,7.27427E+20,5.45322E+21,1.21215E+16,4.91896E+16
84394,9.17062E+18,9,3,76,153,2017,6,11,7,2,5,3,1,1,0,0,0,0,0,7.30773E+20,5.48696E+21,1.21868E+16,4.94914E+16
84395,9.17062E+18,9,3,76,149,2017,6,12,7,2,3,6,1,1,0,0,0,0,0,7.40384E+20,5.45128E+21,1.22978E+16,4.91672E+16
84396,9.17062E+18,9,3,71,150,2017,6,20,7,2,7,7,0,0,0,1,0,0,0,7.20022E+20,5.48883E+21,1.20396E+16,4.95121E+16
84397,9.17062E+18,9,2,78,167,2017,6,20,7,3,4,2,1,1,0,0,0,0,0,7.68026E+20,5.41E+21,1.26491E+16,4.87851E+16
84398,9.17063E+18,9,3,75,190,2017,6,7,1,3,0,1,0,1,0,0,0,0,0,7.28055E+20,5.44502E+21,1.21254E+16,4.91157E+16
84399,9.17063E+18,9,4,75,141,2017,6,15,1,3,0,6,0,1,0,1,0,0,0,7.02842E+20,5.58216E+21,1.18517E+16,5.03565E+16
84400,9.17063E+18,9,7,71,113,2017,6,6,1,3,5,2,0,1,0,0,0,0,0,6.57731E+20,5.36978E+21,1.11336E+16,4.84614E+16
84401,9.17063E+18,9,7,78,218,2017,6,5,1,2,8,1,0,1,0,0,0,1,0,5.92242E+20,5.30729E+21,1.02345E+16,4.79123E+16
84402,9.17063E+18,9,1,62,0,2017,6,16,2,3,2,6,0,1,0,0,0,0,0,6.92996E+20,5.3395E+21,1.15963E+16,4.81794E+16
84403,9.17063E+18,9,1,85,153,2017,6,17,4,3,2,6,0,1,0,0,0,0,0,6.48516E+20,5.40037E+21,1.102E+16,4.87386E+16
84404,9.17063E+18,9,1,85,149,2017,6,7,4,3,2,6,0,1,0,0,0,0,1,6.65029E+20,5.39836E+21,1.12436E+16,4.87164E+16
84405,9.17063E+18,9,1,61,0,2017,6,8,4,3,2,6,0,1,0,1,0,0,0,6.81871E+20,5.40539E+21,1.14755E+16,4.87749E+16
84406,9.17063E+18,9,1,86,147,2017,6,15,4,3,5,2,0,1,0,0,1,0,0,6.85248E+20,5.39103E+21,1.1515E+16,4.86448E+16
84407,9.17063E+18,9,1,76,123,2017,6,19,4,3,2,6,1,0,0,1,0,0,0,6.58179E+20,5.41876E+21,1.11584E+16,4.89016E+16
84408,9.17063E+18,9,1,79,123,2017,6,19,4,3,5,3,0,1,0,1,0,0,0,6.75598E+20,5.33337E+21,1.136E+16,4.81293E+16
84409,9.17063E+18,9,1,74,126,2017,6,17,4,3,2,6,0,1,0,0,0,0,0,6.8363E+20,5.34399E+21,1.14724E+16,4.82225E+16
84410,9.17063E+18,9,1,74,151,2017,6,17,4,3,5,3,0,1,0,1,0,0,0,6.78724E+20,5.36142E+21,1.14138E+16,4.83806E+16
84411,9.17063E+18,9,1,75,118,2017,6,20,4,3,0,7,1,0,0,0,0,0,0,7.1455E+20,5.33976E+21,1.18861E+16,4.81748E+16
84412,9.17063E+18,9,1,75,133,2017,6,17,4,3,5,3,1,0,0,1,0,0,0,7.059E+20,5.34044E+21,1.17702E+16,4.81838E+16
84413,9.17063E+18,9,1,74,122,2017,6,16,2,3,5,3,1,1,0,0,0,0,0,6.84312E+20,5.35273E+21,1.14854E+16,4.83009E+16
84414,9.17063E+18,9,1,87,159,2017,6,14,2,3,6,7,0,1,1,0,0,0,0,7.31247E+20,5.32963E+21,1.21049E+16,4.80779E+16
84415,9.17063E+18,9,1,78,157,2017,6,13,4,3,5,3,1,1,0,0,0,0,0,7.02764E+20,5.37084E+21,1.17427E+16,4.8458E+16
84416,9.17063E+18,9,1,77,115,2017,6,18,4,3,0,3,1,0,0,0,0,0,0,7.34149E+20,5.35079E+21,1.21554E+16,4.8267E+16
84417,9.17063E+18,9,1,77,115,2017,6,13,4,3,2,6,0,1,0,0,1,0,1,7.34434E+20,5.35005E+21,1.21588E+16,4.82602E+16
84418,9.17063E+18,9,1,77,115,2017,6,4,4,3,4,6,0,0,0,0,1,1,0,7.33432E+20,5.35202E+21,1.21465E+16,4.82784E+16
84419,9.17062E+18,9,2,71,149,2017,6,6,7,3,8,1,0,1,0,0,0,0,0,8.09405E+20,5.41458E+21,1.32144E+16,4.88071E+16
84420,9.17063E+18,9,1,62,0,2017,6,19,3,2,0,7,1,0,0,0,0,0,0,6.89146E+20,5.32977E+21,1.15403E+16,4.80931E+16
84421,9.17062E+18,9,2,71,153,2017,6,11,7,2,0,1,1,0,0,0,0,0,0,7.99954E+20,5.40452E+21,1.30787E+16,4.87214E+16
84422,9.17063E+18,9,1,62,0,2017,6,8,3,3,3,6,1,0,0,0,0,0,1,6.92041E+20,5.34075E+21,1.15841E+16,4.81909E+16
84423,9.17063E+18,9,7,75,134,2017,6,6,3,2,4,2,1,1,0,0,0,0,0,5.84249E+20,5.36302E+21,1.01386E+16,4.84147E+16
84424,9.17063E+18,9,7,64,0,2017,6,12,3,3,2,6,0,1,0,0,0,0,0,5.88133E+20,5.31463E+21,1.0181E+16,4.79789E+16
84425,9.17063E+18,9,7,74,185,2017,6,19,3,3,2,2,0,1,0,1,0,0,0,6.0919E+20,5.34886E+21,1.04719E+16,4.82835E+16
84426,9.17063E+18,9,7,80,125,2017,6,17,3,3,4,6,0,1,0,0,0,0,0,5.98921E+20,5.29249E+21,1.03205E+16,4.77782E+16
84427,9.17063E+18,9,7,80,146,2017,6,21,3,3,0,6,0,1,0,0,0,2,0,5.93762E+20,5.28942E+21,1.0251E+16,4.77514E+16
84428,9.17063E+18,9,7,63,0,2017,6,15,3,3,3,2,1,1,0,0,0,0,0,5.97426E+20,5.28575E+21,1.0299E+16,4.77178E+16
84429,9.17063E+18,9,7,77,169,2017,6,16,3,2,2,1,0,1,0,0,0,0,0,6.30172E+20,5.27037E+21,1.07308E+16,4.75736E+16
84430,9.17063E+18,9,7,79,117,2017,6,6,3,2,4,6,0,1,0,0,0,0,0,6.18507E+20,5.42877E+21,1.06203E+16,4.90004E+16
84431,9.17063E+18,9,7,71,122,2017,6,20,3,3,8,1,0,1,0,0,0,0,1,6.5409E+20,5.36107E+21,1.10812E+16,4.8384E+16
84432,9.17063E+18,9,7,61,0,2017,6,19,3,3,9,1,0,1,0,0,0,0,1,6.39889E+20,5.36405E+21,1.08905E+16,4.8414E+16
84433,9.17063E+18,9,7,72,223,2017,6,5,3,3,9,1,0,1,0,0,0,2,1,6.23827E+20,5.36422E+21,1.06736E+16,4.8419E+16
84434,9.17063E+18,9,7,71,122,2017,6,20,3,3,2,6,0,1,0,0,0,0,1,6.49876E+20,5.36242E+21,1.10248E+16,4.83971E+16
84435,9.17063E+18,9,7,61,0,2017,6,8,3,3,3,6,0,1,0,0,1,0,1,6.41366E+20,5.35748E+21,1.09083E+16,4.83546E+16
84436,9.17062E+18,9,2,75,122,2017,6,2,7,3,2,6,0,1,0,0,0,2,0,8.23028E+20,5.37904E+21,1.33717E+16,4.84814E+16
84437,9.17062E+18,9,2,75,160,2017,6,12,7,3,1,6,0,1,0,1,0,0,0,8.24505E+20,5.40752E+21,1.34139E+16,4.87361E+16
84438,9.17062E+18,9,2,62,0,2017,6,19,7,3,0,7,1,0,0,0,0,0,0,8.30433E+20,5.38949E+21,1.34799E+16,4.85712E+16
84439,9.17063E+18,9,1,62,0,2017,6,9,1,3,2,6,0,1,0,0,0,0,1,6.92795E+20,5.3299E+21,1.15893E+16,4.80932E+16
84440,9.17063E+18,9,2,74,184,2017,6,2,1,2,0,1,1,0,0,0,0,2,0,7.48403E+20,5.37169E+21,1.23595E+16,4.84493E+16
84441,9.17063E+18,9,4,74,134,2017,6,15,1,3,0,1,0,0,0,1,0,0,0,6.44659E+20,5.508E+21,1.10064E+16,4.97071E+16
84442,9.17063E+18,9,6,71,156,2017,6,13,1,2,2,6,0,1,0,0,0,0,0,5.25377E+20,5.53071E+21,9.35357E+15,4.99282E+16
84443,9.17063E+18,9,7,73,164,2017,6,13,1,2,4,6,0,1,0,0,0,0,0,6.21149E+20,5.39047E+21,1.06451E+16,4.86556E+16
84444,9.17063E+18,9,4,62,0,2017,6,14,1,3,5,3,0,1,0,0,0,0,0,6.86835E+20,5.53386E+21,1.16032E+16,4.99279E+16
84445,9.17063E+18,9,6,78,134,2017,6,10,1,3,5,3,0,1,0,0,1,0,0,5.97171E+20,5.52756E+21,1.03529E+16,4.98925E+16
84446,9.17063E+18,9,7,73,122,2017,6,18,1,3,0,1,1,0,0,0,0,0,0,6.25558E+20,5.38386E+21,1.07029E+16,4.85953E+16
84447,9.17063E+18,9,1,78,120,2017,6,14,2,2,7,1,1,0,0,0,0,0,0,6.94661E+20,5.35293E+21,1.16249E+16,4.82996E+16
84448,9.17063E+18,9,1,61,0,2017,6,18,2,3,0,4,0,0,1,0,1,0,0,6.79186E+20,5.40322E+21,1.1438E+16,4.87562E+16
84449,9.17063E+18,9,7,71,130,2017,6,19,3,3,0,1,0,0,0,1,0,1,1,6.45582E+20,5.35772E+21,1.09652E+16,4.83559E+16
84450,9.17063E+18,9,7,61,0,2017,6,6,3,3,1,6,0,1,0,1,0,0,1,6.40256E+20,5.36053E+21,1.08943E+16,4.83824E+16
84451,9.17063E+18,9,6,79,147,2017,6,16,3,3,2,6,0,1,0,0,0,0,0,5.61283E+20,5.51201E+21,9.85084E+15,4.97574E+16
84452,9.17062E+18,9,2,75,141,2017,6,22,7,3,5,3,0,1,0,0,0,2,0,8.23078E+20,5.37073E+21,1.3366E+16,4.84068E+16
84453,9.17063E+18,9,6,79,209,2017,6,16,3,2,4,2,0,1,0,0,0,0,0,5.63091E+20,5.51717E+21,9.87677E+15,4.98037E+16
84454,9.17063E+18,9,6,79,144,2017,6,17,3,3,5,2,0,1,0,1,0,0,0,5.51256E+20,5.5122E+21,9.71167E+15,4.97601E+16
84455,9.17063E+18,9,6,73,130,2017,6,6,3,3,5,2,0,1,0,0,0,0,0,5.94673E+20,5.585E+21,1.03324E+16,5.04094E+16
84456,9.17063E+18,9,6,74,149,2017,6,9,3,2,4,2,0,1,0,1,0,0,0,6.08462E+20,5.55371E+21,1.05174E+16,5.01257E+16
84457,9.17063E+18,9,6,76,121,2017,6,16,3,2,4,1,0,1,0,0,1,0,0,5.12204E+20,5.52062E+21,9.16972E+15,4.98379E+16
84458,9.17063E+18,9,6,71,121,2017,6,7,3,3,6,4,0,1,1,0,0,0,0,5.13013E+20,5.538E+21,9.18156E+15,4.99942E+16
84459,9.17063E+18,9,6,71,136,2017,6,10,3,3,1,6,0,1,0,0,0,0,0,5.04657E+20,5.5384E+21,9.06498E+15,4.99979E+16
84460,9.17063E+18,9,6,71,155,2017,6,8,3,3,2,6,0,1,0,1,0,0,0,5.03695E+20,5.53741E+21,9.05154E+15,4.9989E+16