OBJECTID,UIDENTSTLA,ULAND,UREGBEZ,UKREIS,UGEMEINDE,UJAHR,UMONAT,USTUNDE,UWOCHENTAG,UKATEGORIE,UART,UTYP1,IstRad,IstPKW,IstFuss,IstKrad,IstSonstig,LICHT,STRZUSTAND,LINREFX,LINREFY,XGCSWGS84,YGCSWGS84
84461,9.17063E+18,9,6,71,111,2017,6,18,3,3,0,6,0,1,0,1,0,0,0,5.05369E+20,5.54482E+21,9.075E+15,5.00557E+16
84462,9.17063E+18,9,5,74,138,2017,6,16,3,3,9,1,0,1,0,0,0,0,0,6.65838E+20,5.486E+21,1.12906E+16,4.95039E+16
84463,9.17063E+18,9,5,74,123,2017,6,6,3,3,9,1,0,1,0,0,0,0,1,6.59619E+20,5.47375E+21,1.11998E+16,4.93955E+16
84464,9.17063E+18,9,5,74,164,2017,6,23,3,3,2,6,0,1,0,0,0,2,0,6.65207E+20,5.47688E+21,1.12781E+16,4.94221E+16
84465,9.17063E+18,9,5,65,0,2017,6,16,3,3,5,3,0,1,0,0,0,0,0,6.47098E+20,5.4662E+21,1.10246E+16,4.93308E+16
84466,9.17062E+18,9,2,75,145,2017,6,18,7,2,9,1,0,1,0,0,0,0,0,8.18021E+20,5.3757E+21,1.33016E+16,4.84539E+16
84467,9.17062E+18,9,2,72,142,2017,6,14,7,2,4,1,0,1,0,1,0,0,0,8.18992E+20,5.41437E+21,1.33445E+16,4.88004E+16
84468,9.17062E+18,9,7,76,118,2017,6,15,7,1,5,3,1,1,0,0,0,0,0,5.78561E+20,5.27932E+21,1.00464E+16,4.76625E+16
84469,9.17063E+18,9,1,76,132,2017,6,22,1,3,0,7,0,0,0,1,0,2,0,6.70933E+20,5.41354E+21,1.13301E+16,4.88513E+16
84470,9.17063E+18,9,1,73,133,2017,6,2,1,3,9,1,0,1,0,0,0,2,0,6.80502E+20,5.28511E+21,1.14056E+16,4.76942E+16
84471,9.17063E+18,9,3,75,117,2017,6,23,1,2,8,1,0,0,0,1,0,2,0,7.35419E+20,5.43253E+21,1.22189E+16,4.90007E+16
84472,9.17063E+18,9,5,76,151,2017,6,17,3,3,1,1,0,1,0,0,0,0,0,6.55464E+20,5.46925E+21,1.11409E+16,4.93561E+16
84473,9.17062E+18,9,2,73,119,2017,6,14,7,3,1,5,1,1,0,0,0,0,0,7.08393E+20,5.40787E+21,1.18373E+16,4.87889E+16
84474,9.17062E+18,9,2,73,147,2017,6,12,7,3,5,3,1,1,0,0,0,0,0,7.04278E+20,5.39209E+21,1.17735E+16,4.86485E+16
84475,9.17062E+18,9,2,74,113,2017,6,14,7,3,4,2,0,1,0,0,0,0,0,7.28393E+20,5.38393E+21,1.2096E+16,4.85668E+16
84476,9.17062E+18,9,2,61,0,2017,6,9,7,3,6,4,0,1,1,0,0,0,0,7.32396E+20,5.38052E+21,1.21483E+16,4.85347E+16
84477,9.17063E+18,9,1,73,137,2017,6,4,1,2,5,3,1,1,0,0,0,2,0,6.80439E+20,5.30753E+21,1.14141E+16,4.78957E+16
84478,9.17063E+18,9,4,61,0,2017,6,1,1,3,9,2,0,1,0,0,0,2,0,6.39559E+20,5.52979E+21,1.09435E+16,4.99042E+16
84479,9.17063E+18,9,5,73,127,2017,6,15,1,3,5,3,0,1,0,0,0,0,0,6.46571E+20,5.4759E+21,1.10209E+16,4.94181E+16
84480,9.17063E+18,9,7,71,113,2017,6,15,1,3,8,1,0,1,0,0,0,0,0,6.58809E+20,5.36938E+21,1.11481E+16,4.84575E+16
84481,9.17063E+18,9,1,62,0,2017,6,17,1,2,1,6,0,1,0,1,0,0,0,6.92065E+20,5.3314E+21,1.15802E+16,4.81069E+16
84482,9.17063E+18,9,1,81,135,2017,6,18,2,3,4,6,0,1,0,0,0,0,0,6.42726E+20,5.30904E+21,1.09104E+16,4.79188E+16
84483,9.17063E+18,9,5,64,0,2017,6,16,3,3,5,2,0,1,0,1,0,0,0,6.49496E+20,5.48151E+21,1.10634E+16,4.94678E+16
84484,9.17063E+18,9,5,64,0,2017,6,7,3,3,2,6,0,1,0,0,0,0,0,6.4776E+20,5.47774E+21,1.1038E+16,4.94344E+16
84485,9.17063E+18,9,5,77,125,2017,6,14,3,3,5,7,1,1,0,0,0,0,0,6.4376E+20,5.43602E+21,1.09679E+16,4.90602E+16
84486,9.17063E+18,9,5,77,158,2017,6,8,3,2,9,1,0,1,0,0,0,0,1,6.50843E+20,5.42123E+21,1.10593E+16,4.89256E+16
84487,9.17063E+18,9,5,71,222,2017,6,5,3,3,8,1,0,1,0,0,0,0,1,5.82853E+20,5.45555E+21,1.01384E+16,4.92471E+16
84488,9.17063E+18,9,5,71,171,2017,6,14,3,3,8,6,1,0,0,0,1,0,0,6.12658E+20,5.47E+21,1.05519E+16,4.93722E+16
84489,9.17063E+18,9,4,72,139,2017,6,11,3,2,0,1,0,0,0,1,0,0,1,6.92599E+20,5.55263E+21,1.16929E+16,5.00947E+16
84490,9.17063E+18,9,4,79,152,2017,6,7,3,3,2,6,0,1,0,0,1,0,0,7.22051E+20,5.56192E+21,1.21095E+16,5.01678E+16
84491,9.17063E+18,9,4,75,168,2017,6,10,3,3,9,1,0,1,0,0,0,0,0,7.11226E+20,5.56816E+21,1.19616E+16,5.02279E+16
84492,9.17063E+18,9,4,64,0,2017,6,13,3,2,5,3,1,1,0,0,0,0,0,7.07405E+20,5.57789E+21,1.19134E+16,5.03166E+16
84493,9.17063E+18,9,4,78,145,2017,6,18,3,3,5,3,0,1,0,1,0,0,0,6.51015E+20,5.55865E+21,1.11143E+16,5.01608E+16
84494,9.17063E+18,9,4,76,145,2017,6,17,3,3,1,6,0,1,0,0,0,0,0,6.66704E+20,5.56724E+21,1.13376E+16,5.02338E+16
84495,9.17063E+18,9,4,63,0,2017,6,15,3,2,2,6,1,1,0,0,0,0,0,6.39845E+20,5.5708E+21,1.09625E+16,5.02728E+16
84496,9.17063E+18,9,4,72,179,2017,6,14,3,2,9,1,0,1,0,0,1,0,1,6.743E+20,5.51431E+21,1.142E+16,4.9756E+16
84497,9.17063E+18,9,4,62,0,2017,6,11,3,3,5,3,0,1,0,0,0,0,1,6.83526E+20,5.53503E+21,1.15577E+16,4.99394E+16
84498,9.17063E+18,9,4,71,185,2017,6,11,3,3,9,1,0,1,0,0,0,0,1,6.44734E+20,5.53786E+21,1.10186E+16,4.99755E+16
84499,9.17063E+18,9,4,74,158,2017,6,21,3,3,8,1,0,0,0,1,0,0,0,6.51221E+20,5.50456E+21,1.1096E+16,4.96746E+16
84500,9.17063E+18,9,4,74,123,2017,6,16,3,2,4,1,0,1,0,1,0,0,0,6.52508E+20,5.51787E+21,1.1119E+16,4.97939E+16
84501,9.17063E+18,9,4,74,122,2017,6,17,3,3,2,6,0,1,0,0,0,0,0,6.51102E+20,5.5024E+21,1.10935E+16,4.96552E+16
84502,9.17063E+18,9,4,71,111,2017,6,11,3,2,8,1,0,1,0,0,0,0,0,6.42943E+20,5.51818E+21,1.09863E+16,4.9799E+16
84503,9.17063E+18,9,4,71,214,2017,6,21,3,3,8,1,0,0,0,1,0,1,0,6.40444E+20,5.53955E+21,1.09594E+16,4.99917E+16
84504,9.17063E+18,9,3,63,0,2017,6,17,3,3,3,6,0,1,0,0,0,0,0,7.27229E+20,5.50354E+21,1.21475E+16,4.96416E+16
84505,9.17063E+18,9,3,63,0,2017,6,10,3,3,2,2,0,1,0,0,0,0,0,7.27161E+20,5.50555E+21,1.21478E+16,4.96596E+16
84506,9.17063E+18,9,3,77,159,2017,6,20,3,2,5,3,0,1,0,1,0,0,0,7.29693E+20,5.53303E+21,1.2199E+16,4.99055E+16
84507,9.17063E+18,9,3,73,113,2017,6,7,3,3,3,1,0,1,0,0,0,0,1,6.75858E+20,5.4706E+21,1.14221E+16,4.93627E+16
84508,9.17063E+18,9,3,75,117,2017,6,10,3,3,0,1,0,0,0,1,0,0,1,7.34684E+20,5.43224E+21,1.22087E+16,4.89984E+16
84509,9.17062E+18,9,2,61,0,2017,6,13,7,3,5,3,0,1,0,1,0,0,0,7.35015E+20,5.3821E+21,1.21846E+16,4.85479E+16
84510,9.17062E+18,9,2,73,175,2017,6,23,7,3,8,1,0,1,0,0,0,2,0,7.20403E+20,5.42095E+21,1.20076E+16,4.89023E+16
84511,9.17063E+18,9,1,78,137,2017,6,23,1,3,2,6,0,1,0,0,0,2,0,6.92297E+20,5.36235E+21,1.15974E+16,4.8385E+16
84512,9.17063E+18,9,1,89,152,2017,6,14,1,3,2,6,0,1,0,0,0,0,0,7.80782E+20,5.32995E+21,1.27688E+16,4.80609E+16
84513,9.17063E+18,9,2,71,146,2017,6,23,1,3,7,7,0,0,0,1,0,2,0,7.87207E+20,5.41269E+21,1.29115E+16,4.88007E+16
84514,9.17063E+18,9,4,62,0,2017,6,8,1,1,9,1,0,1,0,0,0,0,0,6.8705E+20,5.53617E+21,1.16074E+16,4.99485E+16
84515,9.17063E+18,9,6,74,187,2017,6,16,1,2,0,1,1,0,0,0,0,0,0,6.16732E+20,5.52616E+21,1.06247E+16,4.98764E+16
84516,9.17063E+18,9,7,78,111,2017,6,16,1,3,5,3,1,1,0,0,0,0,0,6.25508E+20,5.32374E+21,1.06843E+16,4.80546E+16
84517,9.17063E+18,9,3,75,162,2017,6,19,3,3,4,6,0,1,0,1,0,0,0,7.11345E+20,5.4388E+21,1.18935E+16,4.90658E+16
84518,9.17063E+18,9,3,73,156,2017,6,12,3,2,8,1,0,1,0,0,0,0,0,6.6126E+20,5.46175E+21,1.12176E+16,4.92872E+16
84519,9.17063E+18,9,3,72,117,2017,6,8,3,3,9,1,0,1,0,0,0,0,1,7.73054E+20,5.45418E+21,1.2747E+16,4.91796E+16
84520,9.17063E+18,9,3,76,171,2017,6,12,3,3,8,1,0,1,0,0,0,0,1,7.4539E+20,5.487E+21,1.23883E+16,4.9486E+16
84521,9.17063E+18,9,3,76,170,2017,6,17,3,3,8,7,0,1,0,0,0,0,0,7.25118E+20,5.45741E+21,1.20922E+16,4.92281E+16
84522,9.17063E+18,9,2,78,139,2017,6,17,3,2,8,1,0,1,0,0,1,0,0,7.7173E+20,5.42623E+21,1.27102E+16,4.89292E+16
84523,9.17063E+18,9,2,78,184,2017,6,22,3,3,7,7,0,0,0,0,1,2,0,7.77649E+20,5.43904E+21,1.27995E+16,4.90416E+16
84524,9.17063E+18,9,2,78,170,2017,6,22,3,3,2,6,0,1,0,0,0,2,0,7.65212E+20,5.4256E+21,1.2621E+16,4.89265E+16
84525,9.17063E+18,9,2,76,117,2017,6,13,3,3,2,6,0,1,0,0,0,0,0,8.00404E+20,5.44114E+21,1.31117E+16,4.90498E+16
84526,9.17063E+18,9,2,71,119,2017,6,16,3,3,5,3,0,1,0,1,0,0,0,7.90939E+20,5.41579E+21,1.29644E+16,4.88269E+16
84527,9.17063E+18,9,2,78,118,2017,6,18,3,3,8,1,0,1,0,0,0,0,0,7.68991E+20,5.42713E+21,1.26735E+16,4.89385E+16
84528,9.17063E+18,9,2,78,118,2017,6,16,3,2,5,3,0,1,0,0,0,0,0,7.68773E+20,5.42503E+21,1.26691E+16,4.89198E+16
84529,9.17062E+18,9,2,79,112,2017,6,14,7,3,4,2,0,1,0,0,0,0,0,7.56984E+20,5.39398E+21,1.24891E+16,4.8646E+16
84530,9.17063E+18,9,2,75,134,2017,6,15,3,2,2,6,0,0,0,0,1,0,0,8.25447E+20,5.37231E+21,1.33991E+16,4.84197E+16
84531,9.17063E+18,9,2,77,153,2017,6,17,3,3,5,3,0,1,0,0,0,0,0,7.80427E+20,5.36408E+21,1.27866E+16,4.83675E+16
84532,9.17063E+18,9,2,72,149,2017,6,6,3,2,9,7,0,1,0,0,0,0,0,8.15374E+20,5.42768E+21,1.33056E+16,4.89216E+16
84533,9.17063E+18,9,2,72,141,2017,6,1,3,1,7,4,0,1,1,0,0,2,0,8.31961E+20,5.40912E+21,1.35163E+16,4.87464E+16
84534,9.17063E+18,9,2,77,116,2017,6,4,3,3,5,3,0,1,0,0,1,2,1,7.79651E+20,5.36831E+21,1.2779E+16,4.84058E+16
84535,9.17063E+18,9,2,77,121,2017,6,17,3,3,5,3,0,1,0,0,1,0,0,7.63136E+20,5.37185E+21,1.25585E+16,4.84448E+16
84536,9.17063E+18,9,2,61,0,2017,6,14,3,3,5,3,1,0,0,0,1,0,0,7.31866E+20,5.37984E+21,1.21407E+16,4.85288E+16
84537,9.17063E+18,9,2,74,126,2017,6,18,3,2,4,6,0,1,0,0,0,0,0,7.34498E+20,5.384E+21,1.21787E+16,4.85652E+16
84538,9.17063E+18,9,1,73,133,2017,6,23,3,3,8,1,0,1,0,0,0,2,0,6.77016E+20,5.27819E+21,1.13564E+16,4.76329E+16
84539,9.17063E+18,9,1,73,127,2017,6,18,3,3,2,6,0,1,0,0,0,0,0,6.94285E+20,5.29288E+21,1.15926E+16,4.776E+16
84540,9.17063E+18,9,1,72,114,2017,6,9,3,3,6,7,0,0,1,0,1,0,0,7.94803E+20,5.2981E+21,1.29348E+16,4.77687E+16
84541,9.17063E+18,9,1,89,155,2017,6,15,3,3,5,3,1,1,0,0,0,0,0,7.72292E+20,5.3083E+21,1.26414E+16,4.78702E+16
84542,9.17063E+18,9,1,89,155,2017,6,8,3,3,2,6,0,1,0,0,1,0,0,7.72856E+20,5.30783E+21,1.26486E+16,4.78658E+16
84543,9.17062E+18,9,2,79,116,2017,6,17,7,3,4,6,0,1,0,0,0,0,0,7.59852E+20,5.39198E+21,1.25267E+16,4.86269E+16
84544,9.17062E+18,9,7,77,151,2017,6,22,7,3,8,1,0,0,0,1,0,2,0,6.19394E+20,5.29243E+21,1.05936E+16,4.77741E+16
84545,9.17063E+18,9,1,87,116,2017,6,22,1,3,8,7,0,1,0,0,0,2,0,7.48075E+20,5.33326E+21,1.23325E+16,4.81043E+16
84546,9.17063E+18,9,2,73,152,2017,6,16,1,2,5,1,0,1,0,1,0,0,0,6.9877E+20,5.41067E+21,1.17078E+16,4.88172E+16
84547,9.17063E+18,9,4,71,119,2017,6,15,1,3,0,1,1,0,0,0,0,0,0,6.35514E+20,5.53715E+21,1.08898E+16,4.99713E+16
84548,9.17063E+18,9,5,73,134,2017,6,13,1,3,5,2,0,1,0,1,0,0,0,6.40299E+20,5.47709E+21,1.09349E+16,4.94303E+16
84549,9.17063E+18,9,1,72,117,2017,6,15,3,3,4,1,1,1,0,0,0,0,1,7.96859E+20,5.28526E+21,1.29534E+16,4.76526E+16
84550,9.17063E+18,9,1,72,117,2017,6,18,3,3,2,2,0,1,0,1,0,0,1,7.96349E+20,5.28683E+21,1.29477E+16,4.76669E+16
84551,9.17063E+18,9,1,87,129,2017,6,15,3,2,2,6,0,0,0,0,1,0,0,7.24093E+20,5.30082E+21,1.19939E+16,4.78217E+16
84552,9.17062E+18,9,1,73,130,2017,6,10,7,3,4,2,0,1,0,1,0,0,0,6.82743E+20,5.3157E+21,1.14484E+16,4.79685E+16
84553,9.17063E+18,9,1,87,165,2017,6,9,3,3,3,7,0,1,0,0,1,0,0,7.33284E+20,5.2978E+21,1.21149E+16,4.77912E+16
84554,9.17063E+18,9,1,87,116,2017,6,17,3,3,2,2,0,1,0,0,1,0,0,7.42184E+20,5.32906E+21,1.22511E+16,4.80688E+16
84555,9.17063E+18,9,2,73,141,2017,6,22,1,2,8,7,0,1,0,0,0,2,0,7.26943E+20,5.41396E+21,1.20929E+16,4.88371E+16
84556,9.17063E+18,9,4,71,159,2017,6,17,1,3,8,1,1,0,0,0,0,0,0,6.41199E+20,5.53161E+21,1.0967E+16,4.99202E+16
84557,9.17063E+18,9,5,64,0,2017,6,13,1,3,5,3,1,1,0,0,0,0,0,6.4898E+20,5.46936E+21,1.10517E+16,4.93587E+16
84558,9.17063E+18,9,7,61,0,2017,6,13,1,3,2,6,0,1,0,0,0,0,0,6.39712E+20,5.35259E+21,1.08843E+16,4.8311E+16
84559,9.17063E+18,9,1,84,132,2017,6,20,1,3,0,7,1,0,1,0,0,0,0,6.83813E+20,5.32943E+21,1.14686E+16,4.80916E+16
84560,9.17063E+18,9,1,87,182,2017,6,17,3,3,1,6,0,1,0,0,0,0,0,7.37385E+20,5.32639E+21,1.21853E+16,4.80466E+16
84561,9.17063E+18,9,1,87,177,2017,6,8,3,3,2,6,0,1,0,0,0,0,0,7.37116E+20,5.30654E+21,1.21708E+16,4.78684E+16
84562,9.17063E+18,9,1,82,136,2017,6,11,3,2,5,2,0,1,0,1,0,0,0,7.02806E+20,5.30488E+21,1.17118E+16,4.78652E+16
84563,9.17063E+18,9,1,86,137,2017,6,20,3,2,5,7,0,1,0,1,0,0,0,6.85286E+20,5.39701E+21,1.15182E+16,4.86985E+16
84564,9.17063E+18,9,1,76,139,2017,6,7,3,2,8,1,0,0,0,1,0,0,0,6.82349E+20,5.40759E+21,1.1483E+16,4.87946E+16
84565,9.17063E+18,9,1,86,125,2017,6,9,3,2,8,1,0,1,0,0,0,0,0,6.71677E+20,5.36959E+21,1.13221E+16,4.8456E+16
84566,9.17063E+18,9,1,85,150,2017,6,8,3,2,4,6,0,1,0,0,0,0,1,6.53907E+20,5.39814E+21,1.10925E+16,4.87172E+16
84567,9.17063E+18,9,1,61,0,2017,6,19,3,3,2,6,0,1,0,0,0,0,0,6.80815E+20,5.40257E+21,1.14599E+16,4.87498E+16
84568,9.17063E+18,9,1,86,147,2017,6,14,3,3,2,6,0,1,0,0,1,0,0,6.80858E+20,5.3933E+21,1.14564E+16,4.86665E+16
84569,9.17063E+18,9,1,76,138,2017,6,18,3,3,2,6,0,1,0,1,0,0,0,6.75161E+20,5.42466E+21,1.13925E+16,4.895E+16
84570,9.17063E+18,9,1,84,120,2017,6,13,3,3,3,6,0,1,0,0,0,0,0,6.80144E+20,5.33364E+21,1.14211E+16,4.81305E+16
84571,9.17063E+18,9,1,88,139,2017,6,17,3,3,4,6,1,0,0,0,0,0,0,6.74364E+20,5.31859E+21,1.13374E+16,4.79968E+16
84572,9.17063E+18,9,1,88,132,2017,6,14,3,3,2,6,0,1,0,0,0,0,0,6.64123E+20,5.322E+21,1.12015E+16,4.80301E+16
84573,9.17063E+18,9,1,79,136,2017,6,8,3,3,5,3,0,1,0,0,0,0,0,6.61585E+20,5.34149E+21,1.11749E+16,4.8206E+16
84574,9.17063E+18,9,1,74,147,2017,6,7,3,3,4,6,0,1,0,0,0,0,1,6.7377E+20,5.36593E+21,1.13488E+16,4.84225E+16
84575,9.17062E+18,9,1,73,123,2017,6,12,7,3,5,3,1,1,0,0,0,0,0,6.80105E+20,5.29944E+21,1.14063E+16,4.7823E+16
84576,9.17062E+18,9,1,90,157,2017,6,14,7,3,2,6,0,1,0,0,0,0,0,6.60578E+20,5.30098E+21,1.11462E+16,4.78421E+16
84577,9.17062E+18,9,7,61,0,2017,6,16,7,3,8,1,0,1,0,0,0,0,0,6.3819E+20,5.36209E+21,1.08669E+16,4.83968E+16
84578,9.17063E+18,9,1,74,131,2017,6,18,1,3,4,6,0,1,0,1,0,0,0,6.75885E+20,5.36395E+21,1.13766E+16,4.84041E+16
84579,9.17063E+18,9,1,89,140,2017,6,5,1,2,9,1,0,1,0,0,0,2,0,7.71362E+20,5.28973E+21,1.26174E+16,4.77039E+16
84580,9.17063E+18,9,2,71,119,2017,6,11,1,2,9,1,0,1,0,0,0,0,0,7.89295E+20,5.41489E+21,1.29414E+16,4.88195E+16
84581,9.17062E+18,9,1,90,139,2017,6,14,7,3,9,1,0,0,0,1,0,0,0,6.53228E+20,5.29724E+21,1.10467E+16,4.78103E+16
84582,9.17063E+18,9,1,88,126,2017,6,12,1,3,9,1,0,1,0,0,0,0,1,6.61109E+20,5.32782E+21,1.11633E+16,4.80833E+16
84583,9.17063E+18,9,1,89,157,2017,6,1,1,3,4,1,1,0,0,0,0,2,0,7.65684E+20,5.32778E+21,1.25652E+16,4.80479E+16
84584,9.17063E+18,9,3,76,163,2017,6,16,1,3,5,2,0,1,0,0,0,0,0,7.26697E+20,5.4753E+21,1.2124E+16,4.93882E+16
84585,9.17063E+18,9,4,76,166,2017,6,15,1,3,0,7,0,1,1,0,0,0,0,6.71514E+20,5.58873E+21,1.14147E+16,5.04255E+16
84586,9.17063E+18,9,6,78,192,2017,6,15,1,2,8,6,0,1,0,1,0,0,0,5.75795E+20,5.54455E+21,1.00587E+16,5.00484E+16
84587,9.17063E+18,9,1,74,111,2017,6,6,3,3,8,1,0,1,0,0,0,0,1,6.64574E+20,5.36093E+21,1.12227E+16,4.83801E+16
84588,9.17063E+18,9,1,74,135,2017,6,8,3,3,0,6,1,1,0,0,0,0,1,6.63404E+20,5.35357E+21,1.1204E+16,4.83142E+16
84589,9.17062E+18,9,1,90,138,2017,6,17,7,3,4,3,0,1,0,1,0,0,0,6.62036E+20,5.3126E+21,1.117E+16,4.79462E+16
84590,9.17063E+18,9,1,84,140,2017,6,14,3,3,2,6,0,0,0,0,1,0,0,7.03209E+20,5.32811E+21,1.17282E+16,4.80739E+16
84591,9.17063E+18,9,1,62,0,2017,6,19,3,3,9,1,0,1,0,0,0,0,1,6.89436E+20,5.34463E+21,1.15508E+16,4.82266E+16
84592,9.17063E+18,9,1,77,142,2017,6,6,3,3,4,6,0,1,0,0,0,0,1,7.18881E+20,5.34794E+21,1.19485E+16,4.82468E+16
84593,9.17063E+18,9,1,62,0,2017,6,7,2,3,1,6,0,1,0,0,0,0,0,6.84647E+20,5.32912E+21,1.14796E+16,4.80886E+16
84594,9.17063E+18,9,1,84,135,2017,6,7,2,3,2,6,0,1,0,0,0,0,0,6.86768E+20,5.3475E+21,1.15162E+16,4.82532E+16
84595,9.17063E+18,9,1,62,0,2017,6,16,2,3,5,3,0,1,0,1,0,0,0,6.95105E+20,5.34163E+21,1.16257E+16,4.81979E+16
84596,9.17063E+18,9,1,84,123,2017,6,16,2,3,1,7,1,0,0,0,0,0,0,7.02972E+20,5.3319E+21,1.17268E+16,4.8108E+16
84597,9.17063E+18,9,1,62,0,2017,6,7,2,3,2,6,0,1,0,0,0,0,0,6.90962E+20,5.33916E+21,1.15689E+16,4.8177E+16
84598,9.17063E+18,9,1,62,0,2017,6,15,2,3,0,7,0,0,0,1,0,0,0,6.80956E+20,5.33518E+21,1.14327E+16,4.81441E+16
84599,9.17063E+18,9,1,62,0,2017,6,8,2,3,2,6,0,1,0,0,1,0,0,6.84622E+20,5.3426E+21,1.14852E+16,4.82098E+16
84600,9.17063E+18,9,1,62,0,2017,6,22,2,2,0,6,0,0,0,1,0,2,0,6.93543E+20,5.33154E+21,1.16001E+16,4.81077E+16
84601,9.17063E+18,9,7,75,152,2017,6,14,2,3,2,1,0,0,0,0,1,0,0,5.81401E+20,5.35127E+21,1.00978E+16,4.83094E+16
84602,9.17063E+18,9,7,75,135,2017,6,17,2,2,0,7,1,0,0,0,0,0,0,5.75385E+20,5.35633E+21,1.00176E+16,4.83556E+16
84603,9.17063E+18,9,7,75,162,2017,6,9,2,3,4,6,0,0,0,0,1,0,0,5.82016E+20,5.35052E+21,1.0106E+16,4.83025E+16
84604,9.17063E+18,9,7,75,129,2017,6,19,2,3,4,6,1,0,0,0,0,0,0,5.81856E+20,5.34265E+21,1.01023E+16,4.82318E+16
84605,9.17063E+18,9,7,75,129,2017,6,16,2,3,2,6,0,1,0,0,0,0,0,5.81896E+20,5.34088E+21,1.01025E+16,4.82159E+16
84606,9.17063E+18,9,7,80,122,2017,6,18,2,3,0,3,1,1,0,0,0,0,0,6.01054E+20,5.29466E+21,1.03494E+16,4.77973E+16
84607,9.17063E+18,9,7,62,0,2017,6,14,2,2,5,3,1,1,0,0,0,0,0,6.21662E+20,5.30878E+21,1.06285E+16,4.79208E+16
84608,9.17062E+18,9,1,90,115,2017,6,17,7,3,8,1,0,1,0,0,1,0,0,6.68907E+20,5.30339E+21,1.12583E+16,4.78616E+16
84609,9.17062E+18,9,1,80,115,2017,6,13,7,2,4,1,0,1,0,1,0,0,0,6.5804E+20,5.26978E+21,1.1101E+16,4.75622E+16
84610,9.17063E+18,9,7,62,0,2017,6,3,2,3,0,1,1,0,0,0,0,2,0,6.22152E+20,5.3075E+21,1.06347E+16,4.79092E+16
84611,9.17063E+18,9,7,77,153,2017,6,16,2,2,5,3,0,1,0,0,1,0,0,6.14832E+20,5.27408E+21,1.05279E+16,4.761E+16
84612,9.17063E+18,9,7,77,129,2017,6,20,2,3,3,6,1,0,0,0,0,0,0,6.24471E+20,5.27402E+21,1.06561E+16,4.76077E+16
84613,9.17063E+18,9,7,79,194,2017,6,22,2,3,0,7,1,0,0,0,0,2,0,6.09689E+20,5.41177E+21,1.04952E+16,4.88492E+16
84614,9.17063E+18,9,7,79,224,2017,6,7,2,3,2,6,0,1,0,0,0,0,0,6.08156E+20,5.41396E+21,1.04749E+16,4.88691E+16
84615,9.17062E+18,9,7,61,0,2017,6,12,7,3,5,3,1,1,0,0,0,0,0,6.44126E+20,5.3589E+21,1.0946E+16,4.83668E+16
84616,9.17062E+18,9,7,74,144,2017,6,19,7,3,5,3,0,1,0,0,0,0,0,6.05681E+20,5.35908E+21,1.04271E+16,4.83761E+16
84617,9.17063E+18,9,1,82,120,2017,6,15,1,3,2,6,0,1,0,0,0,0,0,7.03188E+20,5.30934E+21,1.1719E+16,4.79051E+16
84618,9.17063E+18,9,2,74,141,2017,6,21,1,2,0,1,1,0,1,0,0,1,0,7.27745E+20,5.39416E+21,1.20928E+16,4.8659E+16
84619,9.17063E+18,9,4,72,118,2017,6,19,1,2,4,1,0,1,0,0,0,0,0,6.70262E+20,5.50532E+21,1.136E+16,4.96763E+16
84620,9.17063E+18,9,1,87,113,2017,6,18,2,3,4,6,0,1,0,0,0,0,0,7.46065E+20,5.31902E+21,1.22974E+16,4.79771E+16
84621,9.17063E+18,9,7,73,125,2017,6,9,2,3,5,3,0,1,0,0,0,0,0,6.09997E+20,5.38189E+21,1.04914E+16,4.85804E+16
84622,9.17063E+18,9,7,71,122,2017,6,16,2,3,2,6,0,1,0,0,0,0,0,6.53824E+20,5.36133E+21,1.10777E+16,4.83864E+16
84623,9.17062E+18,9,1,73,115,2017,6,10,7,2,5,6,1,1,0,0,0,0,0,6.80411E+20,5.28772E+21,1.14055E+16,4.77176E+16
84624,9.17063E+18,9,7,72,159,2017,6,17,2,3,5,2,0,1,0,0,0,0,0,6.26022E+20,5.36125E+21,1.07024E+16,4.83918E+16
84625,9.17063E+18,9,7,72,147,2017,6,16,2,3,3,1,1,0,0,0,1,0,0,6.37765E+20,5.36496E+21,1.08621E+16,4.84228E+16
84626,9.17062E+18,9,1,89,162,2017,6,16,7,3,4,6,1,0,0,1,0,0,0,7.79809E+20,5.31591E+21,1.27466E+16,4.79353E+16
84627,9.17063E+18,9,7,61,0,2017,6,8,2,3,2,6,0,1,0,0,1,0,0,6.36884E+20,5.35958E+21,1.08485E+16,4.83745E+16
84628,9.17063E+18,9,7,61,0,2017,6,8,2,3,2,6,0,1,0,0,0,0,0,6.36933E+20,5.35957E+21,1.08491E+16,4.83745E+16
84629,9.17063E+18,9,7,61,0,2017,6,23,2,3,0,1,1,0,0,0,0,2,0,6.42081E+20,5.35955E+21,1.09186E+16,4.83731E+16
84630,9.17063E+18,9,7,71,140,2017,6,23,2,3,5,3,0,1,0,0,0,2,0,6.53132E+20,5.37388E+21,1.1073E+16,4.84994E+16
84631,9.17063E+18,9,6,79,201,2017,6,5,2,3,3,6,0,1,0,0,0,0,0,5.71913E+20,5.5276E+21,1.00013E+16,4.98965E+16
84632,9.17063E+18,9,6,75,162,2017,6,5,2,3,1,6,0,1,0,0,0,0,0,5.95804E+20,5.51437E+21,1.03306E+16,4.97741E+16