OBJECTID,UIDENTSTLA,ULAND,UREGBEZ,UKREIS,UGEMEINDE,UJAHR,UMONAT,USTUNDE,UWOCHENTAG,UKATEGORIE,UART,UTYP1,IstRad,IstPKW,IstFuss,IstKrad,IstSonstig,LICHT,STRZUSTAND,LINREFX,LINREFY,XGCSWGS84,YGCSWGS84
84633,9.17063E+18,9,6,75,162,2017,6,5,2,2,1,6,0,1,0,0,0,0,0,5.95804E+20,5.51437E+21,1.03306E+16,4.97741E+16
84634,9.17063E+18,9,6,75,111,2017,6,7,2,2,2,6,0,0,0,0,1,0,0,6.00538E+20,5.51477E+21,1.03964E+16,4.9777E+16
84635,9.17063E+18,9,6,79,205,2017,6,15,2,3,5,3,0,1,0,0,0,0,0,5.61066E+20,5.51652E+21,9.84854E+15,4.9798E+16
84636,9.17063E+18,9,6,63,0,2017,6,7,2,3,5,2,0,1,0,0,0,0,0,5.68286E+20,5.51592E+21,9.94873E+15,4.97918E+16
84637,9.17063E+18,9,6,63,0,2017,6,19,2,2,2,6,1,1,0,0,0,0,0,5.68106E+20,5.51368E+21,9.94585E+15,4.97718E+16
84638,9.17063E+18,9,6,77,125,2017,6,23,2,2,8,1,0,0,0,1,0,2,0,5.46225E+20,5.51767E+21,9.64246E+15,4.98097E+16
84639,9.17063E+18,9,6,77,131,2017,6,15,2,3,3,2,0,1,0,0,0,0,0,5.51061E+20,5.54353E+21,9.7131E+15,5.00419E+16
84640,9.17063E+18,9,6,77,129,2017,6,14,2,3,3,6,1,1,0,0,0,0,0,5.33652E+20,5.54581E+21,9.47019E+15,5.00637E+16
84641,9.17063E+18,9,6,75,174,2017,6,17,2,3,2,6,0,1,0,0,0,0,0,5.89246E+20,5.52379E+21,1.02417E+16,4.98598E+16
84642,9.17063E+18,9,6,62,0,2017,6,23,2,3,8,1,0,1,0,0,0,2,0,5.8791E+20,5.54314E+21,1.02275E+16,5.0034E+16
84643,9.17063E+18,9,6,74,133,2017,6,19,2,2,1,3,1,0,0,0,1,0,0,6.19691E+20,5.53724E+21,1.06693E+16,4.99755E+16
84644,9.17063E+18,9,6,78,178,2017,6,13,2,3,0,7,1,0,0,0,0,0,0,5.89611E+20,5.54351E+21,1.02514E+16,5.00371E+16
84645,9.17063E+18,9,6,71,114,2017,6,20,2,3,9,7,0,1,0,0,0,0,0,5.04082E+20,5.54329E+21,9.05701E+15,5.00419E+16
84646,9.17063E+18,9,5,74,123,2017,6,18,2,3,3,6,0,1,0,0,1,0,0,6.60769E+20,5.4779E+21,1.12174E+16,4.94325E+16
84647,9.17063E+18,9,5,74,123,2017,6,4,2,3,7,7,0,1,0,0,0,0,0,6.62152E+20,5.48008E+21,1.12373E+16,4.94517E+16
84648,9.17063E+18,9,5,76,143,2017,6,16,2,3,2,6,0,1,0,0,1,0,0,6.52219E+20,5.45467E+21,1.10907E+16,4.92259E+16
84649,9.17063E+18,9,5,62,0,2017,6,17,2,3,2,6,0,1,0,0,1,0,0,6.44257E+20,5.49084E+21,1.09945E+16,4.95529E+16
84650,9.17063E+18,9,5,76,143,2017,6,15,2,3,2,6,1,1,0,0,0,0,0,6.55382E+20,5.45685E+21,1.11349E+16,4.92447E+16
84651,9.17063E+18,9,5,76,141,2017,6,20,2,3,8,1,0,1,0,0,0,0,0,6.49313E+20,5.44733E+21,1.10481E+16,4.91606E+16
84652,9.17063E+18,9,5,74,154,2017,6,15,2,3,2,6,0,1,0,0,0,0,0,6.62483E+20,5.48483E+21,1.12438E+16,4.94943E+16
84653,9.17062E+18,9,1,71,123,2017,6,1,7,3,4,1,0,1,0,0,0,2,0,7.85006E+20,5.35435E+21,1.28417E+16,4.82782E+16
84654,9.17062E+18,9,7,79,148,2017,6,0,7,3,7,7,0,0,0,1,0,2,0,6.2765E+20,5.41204E+21,1.074E+16,4.88482E+16
84655,9.17063E+18,9,1,76,118,2017,6,11,1,2,9,1,0,0,0,1,0,0,0,6.6731E+20,5.41433E+21,1.12811E+16,4.88593E+16
84656,9.17063E+18,9,1,83,126,2017,6,10,1,3,4,1,0,1,0,0,0,0,1,7.29749E+20,5.33477E+21,1.20875E+16,4.81247E+16
84657,9.17063E+18,9,1,78,123,2017,6,19,2,2,0,1,1,1,0,0,0,0,0,6.90605E+20,5.35734E+21,1.15723E+16,4.83405E+16
84658,9.17063E+18,9,1,76,124,2017,6,16,2,3,2,6,0,1,0,0,0,0,0,6.7115E+20,5.41066E+21,1.13319E+16,4.88254E+16
84659,9.17063E+18,9,5,64,0,2017,6,10,2,3,3,6,0,1,0,0,0,0,0,6.48198E+20,5.48047E+21,1.10451E+16,4.94588E+16
84660,9.17063E+18,9,5,64,0,2017,6,15,2,3,2,6,0,1,0,0,0,0,0,6.4735E+20,5.48039E+21,1.10334E+16,4.94583E+16
84661,9.17063E+18,9,5,64,0,2017,6,11,2,3,4,2,0,1,0,1,0,0,0,6.44572E+20,5.47799E+21,1.09942E+16,4.94374E+16
84662,9.17063E+18,9,5,73,134,2017,6,15,2,2,5,3,0,1,0,0,0,0,0,6.42186E+20,5.47911E+21,1.09617E+16,4.9448E+16
84663,9.17062E+18,9,1,84,114,2017,6,16,7,3,3,6,0,1,0,0,0,0,0,7.00005E+20,5.31875E+21,1.16808E+16,4.79907E+16
84664,9.17063E+18,9,5,73,127,2017,6,5,2,2,8,1,0,0,0,1,0,0,1,6.44929E+20,5.47418E+21,1.09977E+16,4.9403E+16
84665,9.17063E+18,9,5,71,174,2017,6,18,2,3,3,6,1,1,0,0,0,0,0,6.08109E+20,5.46187E+21,1.0487E+16,4.93E+16
84666,9.17062E+18,9,1,82,127,2017,6,13,7,3,2,6,0,1,0,0,0,0,0,6.99913E+20,5.30965E+21,1.16754E+16,4.7909E+16
84667,9.17063E+18,9,5,75,153,2017,6,14,2,3,2,2,0,1,0,0,0,0,0,6.13773E+20,5.49365E+21,1.0574E+16,4.95847E+16
84668,9.17063E+18,9,5,71,174,2017,6,8,2,3,8,2,0,1,0,0,1,0,0,6.02251E+20,5.46399E+21,1.0407E+16,4.93201E+16
84669,9.17063E+18,9,4,79,136,2017,6,15,2,3,9,6,0,1,0,0,1,0,0,7.23112E+20,5.54665E+21,1.21154E+16,5.00303E+16
84670,9.17063E+18,9,4,75,175,2017,6,6,2,2,0,6,0,1,0,0,1,0,0,6.95638E+20,5.55618E+21,1.17371E+16,5.01256E+16
84671,9.17063E+18,9,4,75,161,2017,6,18,2,2,9,6,0,1,0,0,1,0,0,7.19234E+20,5.57735E+21,1.2079E+16,5.03075E+16
84672,9.17063E+18,9,4,75,174,2017,6,9,1,2,4,6,0,1,0,1,0,0,0,7.03899E+20,5.5587E+21,1.18539E+16,5.01454E+16
84673,9.17063E+18,9,4,73,159,2017,6,12,2,1,4,6,0,1,0,0,1,0,0,6.49128E+20,5.57265E+21,1.10934E+16,5.02871E+16
84674,9.17063E+18,9,4,72,199,2017,6,14,2,3,0,6,0,1,0,0,1,0,0,6.9762E+20,5.53604E+21,1.17545E+16,4.9944E+16
84675,9.17062E+18,9,1,87,128,2017,6,5,7,3,9,1,0,1,0,0,0,0,0,7.44409E+20,5.31064E+21,1.22705E+16,4.79025E+16
84676,9.17063E+18,9,4,61,0,2017,6,16,2,3,2,1,0,1,0,1,0,0,0,6.36418E+20,5.53128E+21,1.09003E+16,4.99183E+16
84677,9.17063E+18,9,4,74,146,2017,6,19,2,3,6,4,0,1,1,0,0,0,0,6.49324E+20,5.50073E+21,1.10683E+16,4.96407E+16
84678,9.17063E+18,9,4,74,123,2017,6,14,2,2,4,2,0,1,0,0,0,0,0,6.47278E+20,5.51427E+21,1.10451E+16,4.97629E+16
84679,9.17063E+18,9,4,74,129,2017,6,19,2,3,8,1,0,0,0,1,0,0,0,6.67109E+20,5.51583E+21,1.13209E+16,4.97717E+16
84680,9.17063E+18,9,3,76,161,2017,6,11,2,3,2,1,0,1,0,0,1,0,0,7.2545E+20,5.46729E+21,1.21023E+16,4.93167E+16
84681,9.17063E+18,9,2,78,141,2017,6,16,2,2,9,1,0,0,0,1,0,0,0,7.59103E+20,5.43032E+21,1.25407E+16,4.89714E+16
84682,9.17063E+18,9,2,71,153,2017,6,22,2,2,6,7,0,0,1,0,1,2,0,8.02155E+20,5.40304E+21,1.31075E+16,4.87071E+16
84683,9.17063E+18,9,2,78,143,2017,6,8,2,3,2,2,0,1,0,0,0,0,0,7.71658E+20,5.44313E+21,1.27205E+16,4.9081E+16
84684,9.17063E+18,9,2,75,137,2017,6,14,2,3,0,7,0,0,0,0,1,0,0,8.41718E+20,5.38847E+21,1.36316E+16,4.8556E+16
84685,9.17063E+18,9,2,77,116,2017,6,9,2,3,2,6,0,1,0,1,0,0,0,7.78902E+20,5.36688E+21,1.27679E+16,4.83934E+16
84686,9.17063E+18,9,2,74,184,2017,6,18,2,3,5,3,0,1,0,1,0,0,0,7.46979E+20,5.36917E+21,1.23388E+16,4.84272E+16
84687,9.17063E+18,9,2,74,187,2017,6,13,2,2,2,6,0,1,0,1,1,0,0,7.22769E+20,5.38835E+21,1.20222E+16,4.86085E+16
84688,9.17063E+18,9,2,73,113,2017,6,7,2,3,5,5,0,1,0,0,1,0,0,6.9903E+20,5.39678E+21,1.17046E+16,4.86923E+16
84689,9.17063E+18,9,2,74,128,2017,6,13,2,2,4,2,0,0,0,1,1,0,0,7.35928E+20,5.38772E+21,1.22001E+16,4.8598E+16
84690,9.17063E+18,9,2,74,146,2017,6,16,2,3,1,6,0,1,0,0,0,0,0,7.33077E+20,5.37802E+21,1.21561E+16,4.8512E+16
84691,9.17063E+18,9,2,73,133,2017,6,14,2,3,9,7,0,1,0,0,0,0,0,7.13528E+20,5.42649E+21,1.19169E+16,4.89544E+16
84692,9.17063E+18,9,2,73,166,2017,6,15,2,3,5,3,0,1,0,0,1,0,0,7.14496E+20,5.42143E+21,1.19274E+16,4.89086E+16
84693,9.17063E+18,9,2,73,125,2017,6,7,2,2,5,3,0,1,0,0,0,0,0,7.15458E+20,5.41257E+21,1.19358E+16,4.88287E+16
84694,9.17062E+18,9,1,82,136,2017,6,18,7,3,5,3,0,1,0,0,0,0,0,7.03761E+20,5.29989E+21,1.17222E+16,4.782E+16
84695,9.17062E+18,9,1,82,124,2017,6,15,7,3,0,1,1,0,0,0,0,0,0,7.04975E+20,5.28621E+21,1.17319E+16,4.76967E+16
84696,9.17062E+18,9,1,76,126,2017,6,15,7,3,0,1,1,0,0,0,0,0,0,6.73888E+20,5.41205E+21,1.13698E+16,4.88371E+16
84697,9.17062E+18,9,7,72,177,2017,6,15,7,3,5,3,0,1,0,0,0,0,0,6.34128E+20,5.37921E+21,1.08176E+16,4.85516E+16
84698,9.17062E+18,9,1,84,138,2017,6,17,7,3,5,3,0,1,0,1,0,0,0,6.80943E+20,5.33152E+21,1.1431E+16,4.81112E+16
84699,9.17063E+18,9,7,71,140,2017,6,11,1,2,5,3,0,1,0,1,0,0,0,6.54305E+20,5.37328E+21,1.10886E+16,4.84937E+16
84700,9.17063E+18,9,1,62,0,2017,6,5,1,3,7,1,0,1,0,0,0,1,0,6.87451E+20,5.33308E+21,1.1519E+16,4.81234E+16
84701,9.17062E+18,9,1,85,149,2017,6,14,7,3,4,2,0,1,0,0,0,0,0,6.59637E+20,5.39854E+21,1.11704E+16,4.87194E+16
84702,9.17062E+18,9,7,72,117,2017,6,16,7,2,1,7,0,1,0,0,1,0,0,6.31033E+20,5.36271E+21,1.07705E+16,4.84039E+16
84703,9.17063E+18,9,1,75,124,2017,6,20,1,2,0,1,1,0,0,0,0,0,0,7.14255E+20,5.32904E+21,1.18767E+16,4.80786E+16
84704,9.17063E+18,9,1,72,114,2017,6,10,1,3,5,3,0,1,0,0,0,0,1,7.90654E+20,5.29396E+21,1.28768E+16,4.77335E+16
84705,9.17063E+18,9,2,77,138,2017,6,9,1,3,9,1,0,0,0,1,0,0,1,7.95798E+20,5.37155E+21,1.29989E+16,4.84276E+16
84706,9.17063E+18,9,1,71,123,2017,6,16,2,3,9,1,0,1,0,0,0,0,0,7.82203E+20,5.35335E+21,1.28033E+16,4.82704E+16
84707,9.17063E+18,9,2,79,112,2017,6,7,2,3,0,4,0,1,1,0,0,0,0,7.57403E+20,5.39231E+21,1.24937E+16,4.86308E+16
84708,9.17063E+18,9,2,79,126,2017,6,10,2,2,2,6,0,1,0,1,0,0,0,7.62253E+20,5.38404E+21,1.25542E+16,4.85546E+16
84709,9.17063E+18,9,2,79,125,2017,6,16,2,3,2,2,0,1,0,0,0,0,0,7.62584E+20,5.39528E+21,1.25658E+16,4.86553E+16
84710,9.17062E+18,9,1,76,124,2017,6,16,7,3,8,1,0,1,0,0,0,0,0,6.70051E+20,5.41101E+21,1.13171E+16,4.88287E+16
84711,9.17063E+18,9,2,79,130,2017,6,17,2,2,5,3,0,1,0,0,1,0,0,7.49617E+20,5.39196E+21,1.2388E+16,4.86308E+16
84712,9.17063E+18,9,1,73,130,2017,6,17,2,3,4,2,1,1,0,0,0,0,0,6.80725E+20,5.31071E+21,1.14193E+16,4.79243E+16
84713,9.17062E+18,9,1,76,138,2017,6,8,7,2,4,2,0,1,0,1,0,0,0,6.7539E+20,5.42482E+21,1.13957E+16,4.89514E+16
84714,9.17063E+18,9,1,90,157,2017,6,10,2,2,6,4,0,1,1,0,0,0,0,6.59914E+20,5.30102E+21,1.11373E+16,4.78426E+16
84715,9.17063E+18,9,1,73,118,2017,6,14,2,3,2,2,0,1,0,0,0,0,0,6.88182E+20,5.30341E+21,1.15158E+16,4.78564E+16
84716,9.17063E+18,9,1,80,117,2017,6,8,2,3,5,3,0,1,0,0,0,0,0,6.58244E+20,5.26274E+21,1.11011E+16,4.74989E+16
84717,9.17063E+18,9,1,80,117,2017,6,12,2,2,6,7,0,1,1,0,0,0,0,6.56406E+20,5.26175E+21,1.10764E+16,4.74904E+16
84718,9.17063E+18,9,1,73,133,2017,6,17,2,2,8,1,0,0,0,1,0,0,0,6.76547E+20,5.27673E+21,1.13496E+16,4.76199E+16
84719,9.17063E+18,9,1,73,135,2017,6,11,2,3,6,4,0,1,1,0,0,0,0,6.94862E+20,5.27914E+21,1.15941E+16,4.76363E+16
84720,9.17063E+18,9,1,89,142,2017,6,18,2,3,5,3,0,1,0,0,1,0,0,7.5398E+20,5.33083E+21,1.24103E+16,4.80801E+16
84721,9.17063E+18,9,1,89,140,2017,6,10,2,3,0,3,0,1,0,1,0,0,0,7.73523E+20,5.29607E+21,1.26501E+16,4.77599E+16
84722,9.17063E+18,9,1,89,155,2017,6,16,2,3,4,2,1,1,0,0,0,0,0,7.71649E+20,5.30878E+21,1.26331E+16,4.78748E+16
84723,9.17063E+18,9,1,89,119,2017,6,14,2,2,4,2,0,1,0,0,0,0,0,7.68195E+20,5.30932E+21,1.25873E+16,4.78811E+16
84724,9.17063E+18,9,1,83,128,2017,6,13,2,3,5,3,0,1,0,0,0,0,0,7.58065E+20,5.34996E+21,1.24766E+16,4.82502E+16
84725,9.17063E+18,9,1,71,112,2017,6,9,2,3,5,3,0,1,0,0,0,0,0,7.84762E+20,5.34252E+21,1.28305E+16,4.81721E+16
84726,9.17063E+18,9,1,71,118,2017,6,8,2,3,2,6,0,1,0,1,0,0,0,7.86718E+20,5.34532E+21,1.28586E+16,4.81963E+16
84727,9.17062E+18,9,1,81,133,2017,6,11,7,3,4,2,0,1,0,0,0,0,0,6.44097E+20,5.31433E+21,1.09305E+16,4.7966E+16
84728,9.17062E+18,9,1,88,121,2017,6,11,7,3,5,3,0,1,0,0,0,0,0,6.70448E+20,5.33201E+21,1.12903E+16,4.81185E+16
84729,9.17062E+18,9,1,88,120,2017,6,20,7,2,5,2,0,1,0,1,0,0,0,6.78406E+20,5.3277E+21,1.13953E+16,4.80776E+16
84730,9.1707E+18,9,4,62,0,2017,7,16,3,3,4,2,0,1,0,0,0,0,0,6.84488E+20,5.53576E+21,1.15715E+16,4.99456E+16
84731,9.1707E+18,9,4,71,123,2017,7,18,3,3,5,6,0,1,0,0,0,0,0,6.45864E+20,5.51797E+21,1.10268E+16,4.97964E+16
84732,9.1707E+18,9,4,74,126,2017,7,16,3,2,1,6,0,1,0,0,0,0,0,6.482E+20,5.50542E+21,1.10545E+16,4.96831E+16
84733,9.1707E+18,9,4,71,174,2017,7,9,3,3,2,1,0,1,0,0,0,0,0,6.37189E+20,5.54052E+21,1.09144E+16,5.00012E+16
84734,9.1707E+18,9,4,61,0,2017,7,12,3,3,5,3,1,1,0,0,0,0,0,6.37261E+20,5.53055E+21,1.09118E+16,4.99116E+16
84735,9.1707E+18,9,3,77,158,2017,7,16,3,3,5,3,0,1,0,1,0,0,0,7.36062E+20,5.54335E+21,1.22939E+16,4.99957E+16
84736,9.1707E+18,9,3,77,133,2017,7,11,3,3,0,7,0,0,0,1,0,0,0,7.08169E+20,5.53079E+21,1.18985E+16,4.98932E+16
84737,9.17063E+18,9,5,75,143,2017,6,18,6,3,5,3,0,1,0,0,1,0,0,5.98102E+20,5.48056E+21,1.0354E+16,4.94698E+16
84738,9.17071E+18,9,1,61,0,2017,7,13,4,3,5,2,1,1,0,0,0,0,0,6.7609E+20,5.40505E+21,1.13967E+16,4.87736E+16
84739,9.17063E+18,9,4,75,120,2017,6,16,6,2,5,7,0,1,0,1,0,0,0,7.09582E+20,5.57445E+21,1.1942E+16,5.02849E+16
84740,9.17063E+18,9,4,78,120,2017,6,9,6,3,5,3,0,1,0,0,1,0,0,6.42777E+20,5.5456E+21,1.09942E+16,5.00455E+16
84741,9.17063E+18,9,4,76,145,2017,6,7,6,3,2,6,0,1,0,0,1,0,0,6.65346E+20,5.56662E+21,1.13183E+16,5.02286E+16
84742,9.17063E+18,9,4,77,156,2017,6,15,6,2,8,1,0,0,0,1,0,0,0,6.80473E+20,5.56502E+21,1.15294E+16,5.02098E+16
84743,9.17063E+18,9,4,72,167,2017,6,14,6,3,0,1,1,0,0,0,0,0,0,6.77347E+20,5.53212E+21,1.14704E+16,4.99152E+16
84744,9.1707E+18,9,3,75,148,2017,7,7,3,3,5,3,0,1,0,0,0,0,0,7.02384E+20,5.43685E+21,1.177E+16,4.90513E+16
84745,9.17071E+18,9,1,86,137,2017,7,17,4,3,4,2,0,1,0,0,0,0,0,6.81174E+20,5.3988E+21,1.14631E+16,4.87158E+16
84746,9.17071E+18,9,1,86,147,2017,7,14,4,3,8,1,0,1,0,0,0,0,0,6.84341E+20,5.39123E+21,1.15028E+16,4.86469E+16
84747,9.17063E+18,9,4,71,145,2017,6,13,6,3,5,2,1,1,0,0,0,0,0,6.43018E+20,5.52011E+21,1.09881E+16,4.98163E+16
84748,9.17071E+18,9,1,62,0,2017,7,18,4,3,2,6,0,1,0,0,1,0,0,6.84763E+20,5.33302E+21,1.14829E+16,4.81236E+16
84749,9.17063E+18,9,4,71,172,2017,6,17,6,3,2,6,0,1,0,0,0,0,0,6.31316E+20,5.51616E+21,1.08242E+16,4.97836E+16
84750,9.17071E+18,9,1,88,137,2017,7,12,4,3,5,2,0,0,0,1,0,0,0,6.7331E+20,5.31514E+21,1.13219E+16,4.79661E+16
84751,9.1707E+18,9,3,73,115,2017,7,7,3,2,8,7,0,1,0,0,0,0,0,6.96351E+20,5.44246E+21,1.16902E+16,4.91036E+16
84752,9.1707E+18,9,3,73,147,2017,7,7,3,3,4,2,0,1,0,0,0,0,0,6.79415E+20,5.4611E+21,1.14667E+16,4.92763E+16
84753,9.1707E+18,9,3,76,151,2017,7,16,3,3,5,3,0,1,0,0,0,0,0,7.4937E+20,5.48331E+21,1.24409E+16,4.94512E+16
84754,9.1707E+18,9,3,61,0,2017,7,22,3,2,5,3,1,1,0,0,0,2,0,7.08631E+20,5.48088E+21,1.18783E+16,4.94448E+16
84755,9.1707E+18,9,2,63,0,2017,7,20,3,3,5,3,0,1,0,1,0,0,0,7.61831E+20,5.42008E+21,1.25714E+16,4.88783E+16
84756,9.1707E+18,9,2,63,0,2017,7,10,3,3,2,2,0,1,0,0,0,0,0,7.62065E+20,5.41891E+21,1.25738E+16,4.88677E+16
84757,9.1707E+18,9,2,71,119,2017,7,13,3,3,1,6,0,1,0,1,0,0,0,7.91543E+20,5.41481E+21,1.29719E+16,4.88177E+16
84758,9.1707E+18,9,2,78,139,2017,7,19,3,3,5,3,1,0,0,1,0,0,0,7.73392E+20,5.42574E+21,1.27325E+16,4.89241E+16
84759,9.1707E+18,9,2,78,151,2017,7,11,3,3,0,7,0,0,0,1,0,0,0,7.69386E+20,5.43176E+21,1.26819E+16,4.898E+16
84760,9.1707E+18,9,2,75,138,2017,7,13,3,3,4,6,0,1,0,1,0,0,0,8.1166E+20,5.38563E+21,1.32232E+16,4.85463E+16
84761,9.1707E+18,9,2,62,0,2017,7,13,3,3,5,3,0,1,0,0,0,0,0,8.30388E+20,5.3923E+21,1.34815E+16,4.85965E+16
84762,9.1707E+18,9,2,74,124,2017,7,6,3,3,9,1,0,1,0,0,0,0,0,7.24894E+20,5.37755E+21,1.20452E+16,4.85108E+16
84763,9.1707E+18,9,2,61,0,2017,7,1,3,3,2,6,0,1,0,0,0,2,0,7.34431E+20,5.38198E+21,1.21766E+16,4.8547E+16
84764,9.1707E+18,9,2,79,112,2017,7,17,3,3,5,3,0,1,0,0,0,0,0,7.56982E+20,5.39398E+21,1.24891E+16,4.8646E+16
84765,9.1707E+18,9,1,90,157,2017,7,18,3,3,5,3,1,1,0,0,0,0,0,6.60266E+20,5.30095E+21,1.1142E+16,4.78419E+16
84766,9.1707E+18,9,1,90,158,2017,7,16,3,3,8,1,0,1,0,1,0,0,0,6.51757E+20,5.29866E+21,1.10275E+16,4.78234E+16
84767,9.1707E+18,9,1,90,141,2017,7,7,3,2,3,2,1,1,0,0,0,0,0,6.77618E+20,5.29085E+21,1.13696E+16,4.77466E+16
84768,9.17063E+18,9,3,63,0,2017,6,17,6,3,2,6,0,1,0,0,0,0,0,7.27229E+20,5.50384E+21,1.21477E+16,4.96443E+16
84769,9.17071E+18,9,1,88,124,2017,7,15,4,3,9,1,0,1,0,0,0,0,0,6.6302E+20,5.31878E+21,1.11855E+16,4.80016E+16
84770,9.17063E+18,9,3,63,0,2017,6,10,6,3,5,3,1,1,0,0,0,0,0,7.26979E+20,5.50531E+21,1.21451E+16,4.96576E+16
84771,9.17071E+18,9,1,88,120,2017,7,7,4,3,2,6,0,1,0,0,1,0,0,6.77307E+20,5.32642E+21,1.138E+16,4.80664E+16
84772,9.17063E+18,9,3,77,129,2017,6,20,6,3,8,7,0,1,0,0,0,0,0,7.06169E+20,5.52754E+21,1.18689E+16,4.98647E+16
84773,9.17071E+18,9,1,79,121,2017,7,19,4,3,3,6,1,0,0,0,1,0,0,6.67768E+20,5.33834E+21,1.12568E+16,4.81761E+16
84774,9.17063E+18,9,3,75,117,2017,6,17,6,3,2,6,0,1,0,0,0,0,0,7.40506E+20,5.43194E+21,1.2288E+16,4.89935E+16
84775,9.17063E+18,9,3,75,180,2017,6,15,6,3,2,6,0,1,0,0,0,0,0,7.23904E+20,5.43078E+21,1.20608E+16,4.89893E+16
84776,9.17063E+18,9,3,72,171,2017,6,17,6,3,5,3,0,1,0,1,0,0,0,7.67779E+20,5.47064E+21,1.26858E+16,4.93296E+16
84777,9.17063E+18,9,3,72,169,2017,6,11,6,3,5,3,0,0,0,0,1,0,0,7.44077E+20,5.44834E+21,1.23466E+16,4.91393E+16
84778,9.17063E+18,9,3,72,143,2017,6,18,6,2,3,6,1,0,0,0,1,0,0,7.74264E+20,5.4506E+21,1.27612E+16,4.91469E+16
84779,9.1707E+18,9,1,80,136,2017,7,14,3,3,8,1,1,0,0,0,0,0,0,6.72011E+20,5.26606E+21,1.12851E+16,4.75252E+16
84780,9.1707E+18,9,1,73,118,2017,7,15,3,3,4,6,0,1,0,1,0,0,0,6.85718E+20,5.30692E+21,1.14844E+16,4.78887E+16
84781,9.17071E+18,9,1,81,115,2017,7,16,4,3,5,3,0,1,0,0,0,0,0,6.56255E+20,5.32675E+21,1.10978E+16,4.80748E+16
84782,9.1707E+18,9,1,80,116,2017,7,16,3,3,0,7,0,0,0,1,0,0,0,6.59758E+20,5.26808E+21,1.11232E+16,4.75465E+16
84783,9.1707E+18,9,1,83,118,2017,7,11,3,3,5,3,0,1,0,0,1,0,0,7.48819E+20,5.33932E+21,1.2346E+16,4.81584E+16
84784,9.17071E+18,9,1,74,121,2017,7,10,4,3,2,6,0,1,0,0,0,0,0,6.90751E+20,5.35338E+21,1.15724E+16,4.83048E+16
84785,9.1707E+18,9,1,89,143,2017,7,19,3,2,9,1,0,0,0,1,0,0,0,7.61551E+20,5.31697E+21,1.25033E+16,4.79526E+16
84786,9.17063E+18,9,3,76,175,2017,6,16,6,3,2,1,0,1,0,1,0,0,0,7.2911E+20,5.46717E+21,1.21525E+16,4.93143E+16
84787,9.17071E+18,9,1,84,147,2017,7,12,4,2,2,6,0,1,0,0,1,0,0,6.98479E+20,5.34185E+21,1.16711E+16,4.81988E+16
84788,9.1707E+18,9,1,89,124,2017,7,10,3,2,5,3,0,1,0,0,1,0,0,7.80164E+20,5.29853E+21,1.27401E+16,4.77792E+16
84789,9.17063E+18,9,3,76,147,2017,6,12,6,3,5,3,0,1,0,1,0,0,0,7.37169E+20,5.47015E+21,1.2265E+16,4.9338E+16
84790,9.17071E+18,9,1,84,119,2017,7,13,4,3,9,6,0,1,0,0,1,0,0,6.95836E+20,5.34604E+21,1.16375E+16,4.82373E+16
84791,9.1707E+18,9,1,83,128,2017,7,20,3,3,2,6,0,1,0,1,0,0,0,7.61913E+20,5.34888E+21,1.25277E+16,4.82389E+16
84792,9.1707E+18,9,1,83,128,2017,7,20,3,3,0,6,0,1,0,1,0,0,0,7.61992E+20,5.34884E+21,1.25287E+16,4.82385E+16
84793,9.17063E+18,9,3,76,117,2017,6,13,6,3,5,3,0,1,0,1,0,0,1,7.39734E+20,5.46204E+21,1.22954E+16,4.92641E+16
84794,9.1707E+18,9,1,83,120,2017,7,8,3,3,5,3,1,1,0,0,0,0,0,7.48207E+20,5.34999E+21,1.23441E+16,4.82544E+16
84795,9.1707E+18,9,1,89,134,2017,7,7,3,3,3,6,0,1,0,1,0,0,0,7.71274E+20,5.3229E+21,1.2637E+16,4.80018E+16
84796,9.1707E+18,9,1,72,114,2017,7,10,3,3,0,7,1,0,0,0,0,0,0,7.90679E+20,5.2922E+21,1.28759E+16,4.77177E+16
84797,9.17063E+18,9,2,71,119,2017,6,17,6,2,1,6,0,1,0,0,0,0,0,7.89229E+20,5.41474E+21,1.29404E+16,4.88182E+16
84798,9.17071E+18,9,1,62,0,2017,7,15,4,3,2,6,0,1,0,1,0,0,0,6.94711E+20,5.34226E+21,1.16207E+16,4.82037E+16
84799,9.1707E+18,9,1,71,123,2017,7,16,3,2,1,2,0,1,0,1,0,0,0,7.86671E+20,5.35184E+21,1.28624E+16,4.82549E+16
84800,9.1707E+18,9,1,87,165,2017,7,6,3,2,2,6,0,1,0,0,1,0,0,7.29521E+20,5.30022E+21,1.2066E+16,4.78143E+16
84801,9.17063E+18,9,2,75,159,2017,6,20,6,3,1,6,0,1,0,0,1,0,0,8.17286E+20,5.39582E+21,1.3307E+16,4.86349E+16
84802,9.17071E+18,9,1,78,123,2017,7,17,4,3,2,6,0,1,0,0,0,0,0,6.90065E+20,5.36026E+21,1.15663E+16,4.83668E+16
84803,9.1707E+18,9,1,87,177,2017,7,12,3,3,3,2,1,0,0,0,1,0,0,7.36014E+20,5.30564E+21,1.21556E+16,4.78607E+16
84804,9.1707E+18,9,1,87,182,2017,7,11,3,3,4,1,0,1,0,1,0,0,0,7.39502E+20,5.32776E+21,1.22145E+16,4.80581E+16
84805,9.17063E+18,9,2,75,151,2017,6,8,6,3,8,6,0,1,0,0,0,0,1,8.21715E+20,5.39671E+21,1.33677E+16,4.86405E+16