OBJECTID,UIDENTSTLA,ULAND,UREGBEZ,UKREIS,UGEMEINDE,UJAHR,UMONAT,USTUNDE,UWOCHENTAG,UKATEGORIE,UART,UTYP1,IstRad,IstPKW,IstFuss,IstKrad,IstSonstig,LICHT,STRZUSTAND,LINREFX,LINREFY,XGCSWGS84,YGCSWGS84
84806,9.17071E+18,9,1,75,135,2017,7,17,4,3,6,4,0,1,1,0,0,0,0,7.09583E+20,5.33902E+21,1.1819E+16,4.81699E+16
84807,9.1707E+18,9,1,87,148,2017,7,14,3,3,3,3,1,1,0,0,0,0,0,7.39583E+20,5.27785E+21,1.21879E+16,4.76097E+16
84808,9.1707E+18,9,1,82,120,2017,7,10,3,3,2,6,0,1,0,0,0,0,0,7.03494E+20,5.30721E+21,1.17221E+16,4.78859E+16
84809,9.1707E+18,9,1,87,150,2017,7,8,3,3,1,3,0,1,0,0,0,0,0,7.26354E+20,5.30345E+21,1.20255E+16,4.78445E+16
84810,9.1707E+18,9,1,61,0,2017,7,9,3,2,2,6,0,1,0,1,0,0,0,6.79442E+20,5.40751E+21,1.14434E+16,4.87947E+16
84811,9.1707E+18,9,1,61,0,2017,7,8,3,3,5,3,0,1,0,0,0,0,0,6.75365E+20,5.40484E+21,1.13868E+16,4.87719E+16
84812,9.1707E+18,9,1,86,143,2017,7,8,3,2,3,2,0,1,0,1,0,0,0,6.85548E+20,5.37924E+21,1.15138E+16,4.85388E+16
84813,9.1707E+18,9,1,61,0,2017,7,7,3,3,3,6,0,1,0,1,0,0,0,6.78737E+20,5.40284E+21,1.14318E+16,4.87529E+16
84814,9.1707E+18,9,1,86,158,2017,7,5,3,3,2,6,1,1,0,0,0,1,0,6.90399E+20,5.40705E+21,1.15922E+16,4.87873E+16
84815,9.1707E+18,9,1,81,130,2017,7,10,3,3,5,3,0,1,0,1,0,0,0,6.40293E+20,5.32336E+21,1.08825E+16,4.80481E+16
84816,9.1707E+18,9,1,74,126,2017,7,17,3,3,2,6,0,1,0,1,0,0,0,6.83455E+20,5.34751E+21,1.14716E+16,4.82542E+16
84817,9.1707E+18,9,1,84,112,2017,7,9,3,3,2,6,0,0,0,0,1,0,0,7.00702E+20,5.34111E+21,1.17007E+16,4.81915E+16
84818,9.1707E+18,9,1,62,0,2017,7,17,3,3,2,6,0,1,0,0,0,0,0,6.94993E+20,5.34321E+21,1.16249E+16,4.82121E+16
84819,9.1707E+18,9,1,75,132,2017,7,13,3,3,2,2,0,1,0,0,0,0,0,7.07517E+20,5.33019E+21,1.17869E+16,4.80911E+16
84820,9.1707E+18,9,1,78,157,2017,7,6,3,3,4,2,0,1,0,0,0,0,0,7.04559E+20,5.37073E+21,1.17669E+16,4.84564E+16
84821,9.1707E+18,9,1,75,116,2017,7,17,3,2,5,3,1,1,0,0,0,0,0,7.06656E+20,5.32164E+21,1.17713E+16,4.80146E+16
84822,9.1707E+18,9,1,84,138,2017,7,7,2,2,5,2,1,1,0,0,0,0,0,6.80653E+20,5.33047E+21,1.14266E+16,4.81019E+16
84823,9.17063E+18,9,2,72,118,2017,6,5,6,3,0,6,0,1,0,0,0,1,0,8.35409E+20,5.41742E+21,1.35698E+16,4.88191E+16
84824,9.17071E+18,9,1,78,132,2017,7,6,4,3,3,6,1,0,0,1,1,0,0,7.12462E+20,5.37979E+21,1.18782E+16,4.85352E+16
84825,9.17063E+18,9,2,74,128,2017,6,13,6,3,3,6,0,1,0,0,0,0,0,7.41184E+20,5.38965E+21,1.22724E+16,4.86134E+16
84826,9.17071E+18,9,1,77,112,2017,7,15,4,3,0,7,1,0,0,0,0,0,0,7.17088E+20,5.36236E+21,1.19318E+16,4.83771E+16
84827,9.17063E+18,9,2,74,184,2017,6,16,6,2,5,3,0,1,0,1,0,0,0,7.48312E+20,5.37196E+21,1.23584E+16,4.84518E+16
84828,9.17071E+18,9,1,77,117,2017,7,15,4,3,1,6,0,1,0,0,1,0,0,7.15978E+20,5.35227E+21,1.19116E+16,4.82867E+16
84829,9.17063E+18,9,2,73,172,2017,6,10,6,3,5,3,0,1,0,0,0,0,0,7.11468E+20,5.40153E+21,1.18759E+16,4.87309E+16
84830,9.17063E+18,9,2,74,128,2017,6,16,6,3,4,2,0,1,0,1,0,0,0,7.35929E+20,5.38772E+21,1.22001E+16,4.8598E+16
84831,9.17063E+18,9,2,79,135,2017,6,13,6,3,5,3,0,1,0,0,0,0,0,7.76284E+20,5.38648E+21,1.27456E+16,4.85704E+16
84832,9.17063E+18,9,2,73,111,2017,6,17,6,3,4,6,0,1,0,0,0,0,0,7.11701E+20,5.41295E+21,1.18849E+16,4.88334E+16
84833,9.17063E+18,9,2,79,112,2017,6,12,6,3,4,2,0,1,0,0,0,0,0,7.57517E+20,5.39161E+21,1.24948E+16,4.86245E+16
84834,9.17063E+18,9,1,90,139,2017,6,11,6,2,0,1,1,1,0,0,0,0,0,6.54848E+20,5.29732E+21,1.10683E+16,4.78106E+16
84835,9.1707E+18,9,1,62,0,2017,7,13,2,3,5,3,0,1,0,1,0,0,0,6.84498E+20,5.33541E+21,1.14804E+16,4.81452E+16
84836,9.17063E+18,9,1,90,148,2017,6,6,6,2,8,1,0,1,0,0,0,0,0,6.41481E+20,5.29779E+21,1.089E+16,4.78179E+16
84837,9.17063E+18,9,1,90,148,2017,6,22,6,3,4,2,0,1,0,0,0,2,0,6.41113E+20,5.29881E+21,1.08855E+16,4.78272E+16
84838,9.17063E+18,9,1,90,130,2017,6,10,6,3,3,6,1,0,0,0,1,0,0,6.49682E+20,5.29624E+21,1.0999E+16,4.78021E+16
84839,9.17063E+18,9,1,80,117,2017,6,19,6,3,5,7,1,1,0,0,0,0,0,6.55649E+20,5.26108E+21,1.10661E+16,4.74846E+16
84840,9.17063E+18,9,1,73,133,2017,6,20,6,3,1,6,0,1,0,0,0,0,0,6.80138E+20,5.28339E+21,1.14001E+16,4.76788E+16
84841,9.17063E+18,9,1,89,145,2017,6,9,6,3,3,7,0,1,0,0,1,0,0,7.72821E+20,5.3036E+21,1.26455E+16,4.78278E+16
84842,9.17063E+18,9,1,89,157,2017,6,10,6,3,2,6,0,1,0,0,0,0,0,7.64365E+20,5.32528E+21,1.2546E+16,4.80261E+16
84843,9.17071E+18,9,1,75,112,2017,7,20,4,2,0,7,0,0,0,1,0,1,0,7.21595E+20,5.32132E+21,1.19711E+16,4.80067E+16
84844,9.1707E+18,9,1,62,0,2017,7,10,2,3,5,2,0,1,0,0,0,0,0,6.87781E+20,5.33503E+21,1.15243E+16,4.81408E+16
84845,9.1707E+18,9,7,75,135,2017,7,10,2,3,2,2,0,1,0,1,0,0,0,5.74519E+20,5.35895E+21,1.00064E+16,4.83793E+16
84846,9.17063E+18,9,1,89,114,2017,6,15,6,3,5,3,1,1,0,0,0,0,0,7.63849E+20,5.30819E+21,1.25286E+16,4.78728E+16
84847,9.1707E+18,9,1,62,0,2017,7,8,3,3,2,2,0,1,0,1,0,0,0,6.82667E+20,5.33757E+21,1.14567E+16,4.81651E+16
84848,9.1707E+18,9,7,75,135,2017,7,11,2,3,3,6,0,1,0,0,1,0,0,5.74004E+20,5.35921E+21,9.99947E+15,4.83817E+16
84849,9.1707E+18,9,7,64,0,2017,7,7,2,3,3,3,1,1,0,0,0,0,0,5.8839E+20,5.31659E+21,1.01849E+16,4.79965E+16
84850,9.17063E+18,9,1,89,155,2017,6,9,6,2,3,6,1,0,0,0,1,0,0,7.71736E+20,5.30791E+21,1.26337E+16,4.7867E+16
84851,9.1707E+18,9,1,62,0,2017,7,16,3,3,2,6,0,1,0,0,0,0,0,6.90351E+20,5.33903E+21,1.15606E+16,4.8176E+16
84852,9.1707E+18,9,7,75,129,2017,7,18,2,3,2,6,0,1,0,0,0,0,0,5.81917E+20,5.34184E+21,1.0103E+16,4.82245E+16
84853,9.1707E+18,9,7,75,115,2017,7,15,2,3,4,2,1,1,0,0,0,0,0,5.81495E+20,5.34475E+21,1.00978E+16,4.82507E+16
84854,9.1707E+18,9,7,76,116,2017,7,17,2,2,5,2,0,1,0,1,0,0,0,5.52832E+20,5.27055E+21,9.70265E+15,4.75862E+16
84855,9.1707E+18,9,7,80,119,2017,7,7,2,3,2,6,0,1,0,0,0,0,0,5.96566E+20,5.29465E+21,1.02895E+16,4.7798E+16
84856,9.1707E+18,9,7,79,228,2017,7,12,2,3,2,6,0,1,0,1,0,0,0,6.25942E+20,5.41474E+21,1.07175E+16,4.88729E+16
84857,9.1707E+18,9,7,61,0,2017,7,9,2,1,2,6,0,1,0,0,0,0,0,6.3964E+20,5.3523E+21,1.08833E+16,4.83084E+16
84858,9.1707E+18,9,7,72,147,2017,7,6,2,3,8,6,0,1,0,0,1,0,0,6.38669E+20,5.36352E+21,1.08739E+16,4.84096E+16
84859,9.1707E+18,9,7,61,0,2017,7,15,2,3,2,6,0,1,0,0,0,0,0,6.39722E+20,5.35268E+21,1.08845E+16,4.83119E+16
84860,9.1707E+18,9,6,63,0,2017,7,5,2,3,5,3,0,1,0,0,0,1,0,5.69332E+20,5.51817E+21,9.96367E+15,4.98119E+16
84861,9.1707E+18,9,6,75,116,2017,7,8,2,3,8,1,0,0,0,0,1,0,0,5.96988E+20,5.50909E+21,1.03457E+16,4.97265E+16
84862,9.1707E+18,9,6,78,132,2017,7,14,2,3,9,6,0,1,0,0,0,0,0,5.82338E+20,5.54598E+21,1.01504E+16,5.00604E+16
84863,9.1707E+18,9,6,73,141,2017,7,12,2,3,5,3,0,1,0,0,1,0,0,6.05335E+20,5.57237E+21,1.04788E+16,5.02941E+16
84864,9.1707E+18,9,6,61,0,2017,7,17,2,3,1,6,0,1,0,0,0,0,0,5.09137E+20,5.53635E+21,9.12743E+15,4.99794E+16
84865,9.1707E+18,9,6,61,0,2017,7,10,2,3,0,7,1,0,0,0,0,0,0,5.10078E+20,5.53769E+21,9.14059E+15,4.99914E+16
84866,9.17063E+18,9,1,89,145,2017,6,18,6,3,2,6,0,1,0,0,0,0,0,7.72619E+20,5.30291E+21,1.26423E+16,4.78218E+16
84867,9.1707E+18,9,1,84,119,2017,7,4,3,2,5,2,0,1,0,0,0,1,0,6.97264E+20,5.34889E+21,1.16581E+16,4.82625E+16
84868,9.17063E+18,9,1,89,118,2017,6,10,6,3,4,2,0,1,0,0,0,0,0,7.85893E+20,5.32365E+21,1.2833E+16,4.80022E+16
84869,9.1707E+18,9,1,62,0,2017,7,11,3,2,0,7,1,0,0,0,0,0,0,6.9024E+20,5.33197E+21,1.15559E+16,4.81125E+16
84870,9.17063E+18,9,1,72,117,2017,6,10,6,3,0,1,1,0,0,0,0,0,0,7.97184E+20,5.28558E+21,1.29579E+16,4.76553E+16
84871,9.1707E+18,9,6,71,111,2017,7,7,2,2,2,6,0,1,0,0,0,0,0,5.05863E+20,5.5496E+21,9.08198E+15,5.00986E+16
84872,9.1707E+18,9,5,76,122,2017,7,13,2,3,3,1,0,1,0,0,1,0,0,6.70251E+20,5.43587E+21,1.13302E+16,4.90521E+16
84873,9.1707E+18,9,5,72,121,2017,7,14,2,3,2,6,0,1,0,0,0,0,0,6.63923E+20,5.49419E+21,1.12676E+16,4.9578E+16
84874,9.1707E+18,9,5,72,121,2017,7,11,2,3,5,3,1,1,0,0,0,0,0,6.60416E+20,5.49553E+21,1.12197E+16,4.9591E+16
84875,9.1707E+18,9,5,64,0,2017,7,22,2,3,5,2,1,1,0,0,0,2,0,6.49784E+20,5.47709E+21,1.10657E+16,4.9428E+16
84876,9.1707E+18,9,5,64,0,2017,7,14,2,3,2,6,0,1,0,0,0,0,0,6.52447E+20,5.48105E+21,1.11039E+16,4.94629E+16
84877,9.1707E+18,9,5,73,123,2017,7,18,2,3,5,3,0,1,0,1,0,0,0,6.38336E+20,5.48756E+21,1.09115E+16,4.95248E+16
84878,9.17063E+18,9,1,87,116,2017,6,6,6,3,8,1,0,1,0,0,1,0,1,7.47195E+20,5.32793E+21,1.23176E+16,4.80567E+16
84879,9.17063E+18,9,1,63,0,2017,6,15,6,3,2,6,0,1,0,0,0,0,0,7.33065E+20,5.30319E+21,1.21149E+16,4.78398E+16
84880,9.17063E+18,9,1,76,138,2017,6,15,6,2,8,6,0,1,0,0,0,0,1,6.757E+20,5.42693E+21,1.14008E+16,4.89703E+16
84881,9.1707E+18,9,1,62,0,2017,7,8,3,3,5,2,1,1,0,0,0,0,0,6.9207E+20,5.34042E+21,1.15843E+16,4.81879E+16
84882,9.17063E+18,9,1,76,167,2017,6,20,6,3,4,2,0,1,0,0,0,0,0,6.78319E+20,5.40939E+21,1.14289E+16,4.88119E+16
84883,9.1707E+18,9,1,62,0,2017,7,17,3,3,4,2,0,1,0,0,0,0,0,6.87694E+20,5.32741E+21,1.15198E+16,4.80723E+16
84884,9.17063E+18,9,1,61,0,2017,6,7,6,3,3,2,1,1,0,0,0,0,0,6.79648E+20,5.39999E+21,1.14429E+16,4.8727E+16
84885,9.17063E+18,9,1,85,158,2017,6,12,6,2,4,6,0,1,0,0,1,0,0,6.70255E+20,5.38009E+21,1.13071E+16,4.85508E+16
84886,9.17063E+18,9,1,85,149,2017,6,17,6,3,1,6,0,1,0,0,0,0,0,6.60031E+20,5.39829E+21,1.11757E+16,4.8717E+16
84887,9.17063E+18,9,1,61,0,2017,6,13,6,3,5,3,0,1,0,0,0,0,0,6.7734E+20,5.40454E+21,1.14135E+16,4.87686E+16
84888,9.17063E+18,9,1,76,123,2017,6,22,6,3,5,3,0,1,0,1,0,2,1,6.61184E+20,5.4166E+21,1.11986E+16,4.88814E+16
84889,9.1707E+18,9,5,73,127,2017,7,7,2,3,5,3,1,1,0,0,0,0,0,6.46101E+20,5.47538E+21,1.10143E+16,4.94136E+16
84890,9.1707E+18,9,5,77,173,2017,7,16,2,3,5,3,0,1,0,0,0,0,0,6.39721E+20,5.42324E+21,1.09083E+16,4.89463E+16
84891,9.1707E+18,9,5,77,173,2017,7,17,2,3,4,2,0,1,0,1,0,0,0,6.37188E+20,5.4211E+21,1.0873E+16,4.89277E+16
84892,9.1707E+18,9,5,77,136,2017,7,16,2,3,5,3,0,1,0,0,0,0,0,6.2718E+20,5.44134E+21,1.07427E+16,4.91118E+16
84893,9.17063E+18,9,1,76,121,2017,6,14,6,3,8,1,0,0,0,1,0,0,0,6.51553E+20,5.41643E+21,1.10672E+16,4.88823E+16
84894,9.1707E+18,9,7,75,152,2017,7,16,3,3,6,7,0,1,1,0,0,0,0,5.77055E+20,5.35335E+21,1.00396E+16,4.83286E+16
84895,9.1707E+18,9,5,75,153,2017,7,6,2,2,2,2,1,1,0,0,0,0,0,6.15535E+20,5.49335E+21,1.05983E+16,4.95816E+16
84896,9.17063E+18,9,1,76,114,2017,6,15,6,3,8,1,0,1,0,0,0,0,0,6.81408E+20,5.4277E+21,1.14791E+16,4.89756E+16
84897,9.1707E+18,9,7,78,158,2017,7,4,3,2,5,3,0,1,0,0,0,1,0,6.08911E+20,5.33651E+21,1.04649E+16,4.81725E+16
84898,9.1707E+18,9,5,71,165,2017,7,13,2,3,9,1,0,1,0,0,0,0,0,6.30005E+20,5.46479E+21,1.0789E+16,4.93219E+16
84899,9.1707E+18,9,5,71,200,2017,7,8,2,3,9,1,0,1,0,0,0,0,0,5.97017E+20,5.4412E+21,1.03295E+16,4.9116E+16
84900,9.1707E+18,9,5,75,127,2017,7,6,2,2,4,6,0,1,0,0,1,0,0,5.86216E+20,5.49166E+21,1.01925E+16,4.95714E+16
84901,9.1707E+18,9,5,61,0,2017,7,17,2,3,2,6,0,1,0,0,0,0,0,6.15475E+20,5.46258E+21,1.05885E+16,4.9305E+16
84902,9.1707E+18,9,4,75,175,2017,7,7,2,1,2,6,0,0,0,0,1,0,0,6.95761E+20,5.55637E+21,1.1739E+16,5.01273E+16
84903,9.1707E+18,9,4,79,158,2017,7,15,2,3,2,6,0,1,0,0,0,0,0,7.2336E+20,5.55179E+21,1.21218E+16,5.00763E+16
84904,9.1707E+18,9,4,64,0,2017,7,11,2,3,1,6,0,1,1,0,0,0,0,7.07969E+20,5.57769E+21,1.19212E+16,5.03146E+16
84905,9.1707E+18,9,4,64,0,2017,7,10,2,3,5,2,0,1,0,0,0,0,0,7.07772E+20,5.57665E+21,1.19179E+16,5.03053E+16
84906,9.1707E+18,9,4,72,118,2017,7,20,2,3,9,1,0,1,0,0,0,0,0,6.71583E+20,5.50681E+21,1.1379E+16,4.96893E+16
84907,9.1707E+18,9,4,62,0,2017,7,17,2,3,4,2,1,1,0,0,0,0,1,6.84908E+20,5.53594E+21,1.15774E+16,4.99472E+16
84908,9.1707E+18,9,4,71,185,2017,7,6,2,3,2,6,0,1,0,0,0,0,0,6.46145E+20,5.53866E+21,1.10385E+16,4.99824E+16
84909,9.17063E+18,9,1,74,135,2017,6,16,6,3,2,6,0,1,0,0,0,0,0,6.63402E+20,5.35314E+21,1.12038E+16,4.83103E+16
84910,9.1707E+18,9,4,74,122,2017,7,15,2,1,2,6,1,1,1,0,0,0,0,6.51007E+20,5.5029E+21,1.10924E+16,4.96597E+16
84911,9.1707E+18,9,3,63,0,2017,7,7,2,3,5,3,0,1,0,0,0,0,0,7.25844E+20,5.50689E+21,1.21303E+16,4.96722E+16
84912,9.1707E+18,9,3,75,180,2017,7,17,2,2,9,1,0,1,0,0,0,0,0,7.26179E+20,5.42808E+21,1.20903E+16,4.89642E+16
84913,9.1707E+18,9,3,72,169,2017,7,9,2,2,0,7,0,0,0,1,1,0,1,7.44149E+20,5.44312E+21,1.23445E+16,4.90925E+16
84914,9.1707E+18,9,3,75,156,2017,7,12,2,3,5,2,0,1,0,0,0,0,0,7.16842E+20,5.45139E+21,1.19754E+16,4.9177E+16
84915,9.1707E+18,9,3,72,146,2017,7,23,2,3,0,7,0,0,0,1,0,2,0,7.632E+20,5.46308E+21,1.2618E+16,4.92638E+16
84916,9.1707E+18,9,3,76,149,2017,7,17,2,3,2,7,0,1,0,0,0,0,0,7.38245E+20,5.45391E+21,1.22701E+16,4.91917E+16
84917,9.1707E+18,9,2,76,122,2017,7,11,2,3,4,3,0,0,0,0,1,0,0,7.90552E+20,5.43781E+21,1.29748E+16,4.90247E+16
84918,9.1707E+18,9,2,63,0,2017,7,7,2,3,2,6,0,1,0,0,0,0,0,7.62461E+20,5.42018E+21,1.258E+16,4.88789E+16
84919,9.1707E+18,9,2,78,113,2017,7,17,2,3,0,3,0,1,0,1,0,0,0,7.65603E+20,5.41662E+21,1.26205E+16,4.88457E+16
84920,9.1707E+18,9,2,63,0,2017,7,15,2,3,4,2,0,1,0,0,0,0,0,7.62065E+20,5.41891E+21,1.25738E+16,4.88677E+16
84921,9.1707E+18,9,2,71,125,2017,7,13,2,3,2,6,0,1,0,0,1,0,0,7.96948E+20,5.40955E+21,1.30416E+16,4.8768E+16
84922,9.17063E+18,9,1,88,124,2017,6,19,6,2,9,1,0,1,0,0,0,0,0,6.63023E+20,5.31849E+21,1.11854E+16,4.79989E+16
84923,9.1707E+18,9,7,75,129,2017,7,16,3,3,5,3,1,1,0,0,0,0,0,5.81912E+20,5.34189E+21,1.01029E+16,4.82249E+16
84924,9.17063E+18,9,1,79,121,2017,6,7,6,2,0,7,0,0,0,0,1,0,0,6.66324E+20,5.33845E+21,1.12374E+16,4.81775E+16
84925,9.1707E+18,9,7,80,119,2017,7,17,3,3,8,7,1,0,0,0,0,0,0,5.93514E+20,5.2977E+21,1.02494E+16,4.78258E+16
84926,9.17063E+18,9,1,74,136,2017,6,11,6,3,5,3,0,1,0,1,0,0,0,6.82927E+20,5.36462E+21,1.14719E+16,4.84082E+16
84927,9.1707E+18,9,7,76,129,2017,7,20,3,3,0,1,1,0,0,0,0,0,0,5.71032E+20,5.2708E+21,9.94471E+15,4.75867E+16
84928,9.17063E+18,9,1,86,152,2017,6,4,6,3,9,1,0,0,0,0,1,1,0,6.91145E+20,5.37284E+21,1.15866E+16,4.84796E+16
84929,9.1707E+18,9,7,77,154,2017,7,17,3,3,5,3,0,1,0,1,0,0,0,6.0642E+20,5.29962E+21,1.04223E+16,4.78411E+16
84930,9.17063E+18,9,1,78,113,2017,6,14,6,3,2,6,0,1,0,0,0,0,0,6.91482E+20,5.36846E+21,1.15891E+16,4.84402E+16
84931,9.17063E+18,9,1,78,124,2017,6,8,6,3,4,2,0,1,0,0,0,0,0,7.02859E+20,5.35905E+21,1.17383E+16,4.8352E+16
84932,9.17063E+18,9,1,75,127,2017,6,17,6,3,5,2,0,1,0,1,0,0,0,7.13219E+20,5.34141E+21,1.1869E+16,4.81901E+16
84933,9.17063E+18,9,1,75,127,2017,6,15,6,3,5,3,0,1,0,1,0,0,0,7.12923E+20,5.3415E+21,1.18651E+16,4.8191E+16
84934,9.17063E+18,9,1,78,116,2017,6,6,6,2,8,6,0,1,0,0,0,0,0,6.99739E+20,5.37947E+21,1.17059E+16,4.85365E+16
84935,9.17063E+18,9,1,77,130,2017,6,8,6,3,1,6,0,1,0,1,0,0,0,7.11242E+20,5.35106E+21,1.18473E+16,4.82775E+16
84936,9.1707E+18,9,2,71,119,2017,7,15,2,3,1,6,0,1,0,0,1,0,0,7.91228E+20,5.41781E+21,1.29698E+16,4.88448E+16
84937,9.1707E+18,9,7,80,132,2017,7,6,3,3,3,6,0,1,0,1,0,0,0,5.8113E+20,5.26751E+21,1.00784E+16,4.75559E+16
84938,9.1707E+18,9,7,71,112,2017,7,16,3,3,5,2,0,1,0,0,0,0,0,6.46322E+20,5.36854E+21,1.0979E+16,4.8453E+16
84939,9.1707E+18,9,2,71,119,2017,7,7,2,3,2,6,0,1,0,0,0,0,0,7.90354E+20,5.41735E+21,1.29576E+16,4.88411E+16
84940,9.1707E+18,9,2,71,127,2017,7,12,2,2,2,6,0,1,0,0,1,0,0,8.05701E+20,5.40449E+21,1.31566E+16,4.87184E+16
84941,9.1707E+18,9,2,75,134,2017,7,13,2,2,2,6,0,1,0,0,1,0,0,8.263E+20,5.37202E+21,1.34104E+16,4.84167E+16
84942,9.1707E+18,9,2,75,154,2017,7,11,2,3,2,6,0,1,0,0,0,0,0,8.07929E+20,5.39315E+21,1.31784E+16,4.86155E+16
84943,9.1707E+18,9,2,77,127,2017,7,11,2,2,5,3,0,1,0,0,0,0,0,7.8987E+20,5.35206E+21,1.29055E+16,4.82554E+16
84944,9.1707E+18,9,2,75,128,2017,7,16,2,3,5,2,0,1,0,0,1,0,0,8.28252E+20,5.3986E+21,1.34576E+16,4.86541E+16
84945,9.1707E+18,9,2,62,0,2017,7,7,2,3,5,3,0,1,0,0,0,0,0,8.25145E+20,5.38973E+21,1.34086E+16,4.85762E+16
84946,9.1707E+18,9,2,75,143,2017,7,7,2,3,0,1,0,0,0,1,0,0,1,8.111E+20,5.36528E+21,1.32006E+16,4.83639E+16
84947,9.1707E+18,9,2,75,116,2017,7,14,2,3,2,6,0,1,0,1,0,0,0,8.23153E+20,5.36636E+21,1.33637E+16,4.83676E+16
84948,9.17063E+18,9,1,84,134,2017,6,18,5,3,1,1,0,1,0,0,0,0,0,6.94241E+20,5.32333E+21,1.16057E+16,4.80337E+16
84949,9.17063E+18,9,1,62,0,2017,6,7,5,3,5,6,1,1,0,0,0,0,1,6.92155E+20,5.33926E+21,1.15849E+16,4.81775E+16
84950,9.1707E+18,9,2,72,151,2017,7,6,2,3,8,1,0,0,0,0,1,0,1,8.37164E+20,5.40553E+21,1.35839E+16,4.87115E+16
84951,9.1707E+18,9,2,79,112,2017,7,14,2,3,0,6,0,1,0,0,0,0,0,7.53466E+20,5.39404E+21,1.24415E+16,4.8648E+16
84952,9.1707E+18,9,7,72,184,2017,7,12,3,3,2,2,0,1,0,0,0,0,0,6.35864E+20,5.36154E+21,1.08353E+16,4.83924E+16
84953,9.1707E+18,9,2,79,113,2017,7,10,2,3,9,1,0,1,0,0,0,0,0,7.81745E+20,5.39076E+21,1.28223E+16,4.86064E+16
84954,9.1707E+18,9,2,79,137,2017,7,17,2,3,1,7,0,0,0,0,1,0,0,7.76888E+20,5.40734E+21,1.27677E+16,4.87574E+16
84955,9.17063E+18,9,7,74,121,2017,6,18,5,3,0,1,0,1,0,0,0,0,1,6.03702E+20,5.36357E+21,1.04015E+16,4.84168E+16
84956,9.1707E+18,9,7,71,142,2017,7,18,3,3,0,1,0,0,0,1,0,0,0,6.45419E+20,5.35292E+21,1.09614E+16,4.83128E+16
84957,9.1707E+18,9,2,73,152,2017,7,12,2,3,8,1,1,0,0,0,0,0,0,7.03044E+20,5.41041E+21,1.17658E+16,4.88135E+16
84958,9.17063E+18,9,7,78,173,2017,6,13,5,3,5,3,0,1,0,0,0,0,0,6.12147E+20,5.32124E+21,1.05044E+16,4.80346E+16
84959,9.1707E+18,9,7,71,130,2017,7,10,3,3,5,3,0,1,0,0,0,0,0,6.47032E+20,5.35755E+21,1.09847E+16,4.8354E+16
84960,9.1707E+18,9,1,90,139,2017,7,6,2,2,4,6,0,1,0,0,1,0,1,6.56541E+20,5.29705E+21,1.10908E+16,4.78078E+16
84961,9.1707E+18,9,1,90,130,2017,7,7,2,3,0,1,0,0,0,1,0,0,1,6.5181E+20,5.29452E+21,1.10268E+16,4.77862E+16
84962,9.1707E+18,9,1,80,125,2017,7,10,2,3,5,3,0,1,0,0,0,0,1,6.55996E+20,5.27245E+21,1.10747E+16,4.75867E+16
84963,9.1707E+18,9,1,89,114,2017,7,11,2,1,3,6,1,0,0,0,1,0,0,7.64322E+20,5.31017E+21,1.25361E+16,4.78904E+16
84964,9.1707E+18,9,1,83,126,2017,7,17,2,3,5,3,0,1,0,0,0,0,0,7.30783E+20,5.3385E+21,1.21034E+16,4.81579E+16
84965,9.1707E+18,9,1,83,139,2017,7,21,2,3,9,1,0,0,0,1,0,1,0,7.35179E+20,5.33076E+21,1.21582E+16,4.80867E+16
84966,9.1707E+18,9,1,83,116,2017,7,13,2,2,4,2,0,1,0,0,0,0,0,7.636E+20,5.35306E+21,1.2553E+16,4.82758E+16
84967,9.1707E+18,9,1,72,115,2017,7,8,2,3,2,6,0,1,0,0,0,0,1,7.92461E+20,5.29251E+21,1.28998E+16,4.77196E+16
84968,9.1707E+18,9,1,72,114,2017,7,6,2,3,2,6,0,1,0,0,1,0,1,7.90827E+20,5.29409E+21,1.28791E+16,4.77346E+16
84969,9.1707E+18,9,1,63,0,2017,7,7,2,3,5,2,0,1,0,1,0,0,0,7.32113E+20,5.30735E+21,1.21044E+16,4.78775E+16
84970,9.1707E+18,9,1,82,120,2017,7,19,2,2,1,7,0,1,0,1,0,0,0,7.01976E+20,5.30617E+21,1.17013E+16,4.78771E+16
84971,9.1707E+18,9,1,61,0,2017,7,10,2,3,5,2,1,1,0,0,0,0,0,6.78711E+20,5.40292E+21,1.14314E+16,4.87536E+16
84972,9.1707E+18,9,1,61,0,2017,7,13,2,3,4,6,1,0,0,0,0,0,0,6.79773E+20,5.40043E+21,1.14448E+16,4.87309E+16
84973,9.1707E+18,9,1,86,149,2017,7,18,2,2,5,3,0,1,0,0,0,0,0,6.90159E+20,5.38697E+21,1.15797E+16,4.86069E+16
84974,9.17063E+18,9,7,78,214,2017,6,17,5,2,5,2,0,1,0,1,0,0,0,5.95496E+20,5.32174E+21,1.02812E+16,4.80418E+16
84975,9.1707E+18,9,7,71,145,2017,7,17,3,3,5,2,0,1,0,0,0,0,0,6.47504E+20,5.3463E+21,1.09872E+16,4.82527E+16
84976,9.17063E+18,9,7,80,139,2017,6,17,5,3,1,7,1,1,0,0,0,0,1,5.97219E+20,5.26311E+21,1.02912E+16,4.75141E+16
84977,9.1707E+18,9,7,72,202,2017,7,17,3,3,5,3,1,1,0,0,0,0,0,6.36607E+20,5.3587E+21,1.08444E+16,4.83667E+16
84978,9.17063E+18,9,7,76,116,2017,6,13,5,3,3,6,1,1,0,0,0,0,0,5.52163E+20,5.26693E+21,9.69332E+15,4.75537E+16
84979,9.1707E+18,9,7,61,0,2017,7,16,3,3,6,4,0,1,1,0,0,0,0,6.39215E+20,5.36088E+21,1.08804E+16,4.83857E+16