OBJECTID,UIDENTSTLA,ULAND,UREGBEZ,UKREIS,UGEMEINDE,UJAHR,UMONAT,USTUNDE,UWOCHENTAG,UKATEGORIE,UART,UTYP1,IstRad,IstPKW,IstFuss,IstKrad,IstSonstig,LICHT,STRZUSTAND,LINREFX,LINREFY,XGCSWGS84,YGCSWGS84
84980,9.17063E+18,9,7,63,0,2017,6,17,5,3,1,6,0,1,0,0,0,0,1,5.9911E+20,5.28652E+21,1.03216E+16,4.77245E+16
84981,9.17063E+18,9,7,77,159,2017,6,15,5,3,2,6,0,1,0,0,0,0,0,6.1894E+20,5.27167E+21,1.05819E+16,4.75875E+16
84982,9.17063E+18,9,7,79,148,2017,6,16,5,2,8,1,0,1,0,0,0,0,0,6.29891E+20,5.40898E+21,1.07695E+16,4.88202E+16
84983,9.17063E+18,9,7,73,125,2017,6,0,5,3,4,6,1,0,0,0,0,2,1,6.12627E+20,5.38324E+21,1.05274E+16,4.85921E+16
84984,9.17063E+18,9,7,72,159,2017,6,4,5,2,0,7,0,0,0,1,0,1,1,6.27465E+20,5.36097E+21,1.07218E+16,4.8389E+16
84985,9.17063E+18,9,7,72,177,2017,6,1,5,2,0,1,1,0,0,0,0,2,1,6.37372E+20,5.38012E+21,1.08618E+16,4.85591E+16
84986,9.17063E+18,9,7,71,130,2017,6,13,5,3,2,6,0,1,0,0,1,0,0,6.48679E+20,5.35691E+21,1.10067E+16,4.83478E+16
84987,9.17063E+18,9,7,71,130,2017,6,8,5,3,2,6,0,1,0,0,0,0,1,6.44551E+20,5.36284E+21,1.09531E+16,4.84022E+16
84988,9.17063E+18,9,6,79,180,2017,6,19,5,3,4,1,0,1,0,1,0,0,0,5.69034E+20,5.52195E+21,9.9602E+15,4.9846E+16
84989,9.17063E+18,9,6,77,155,2017,6,15,5,2,6,4,0,1,1,0,0,0,0,5.41872E+20,5.53781E+21,9.58415E+15,4.99912E+16
84990,9.1707E+18,9,1,85,139,2017,7,18,2,3,5,6,0,1,0,1,0,0,0,6.67556E+20,5.39542E+21,1.12768E+16,4.86893E+16
84991,9.1707E+18,9,1,85,139,2017,7,14,2,3,4,2,1,1,0,0,0,0,0,6.6842E+20,5.39457E+21,1.12882E+16,4.86815E+16
84992,9.1707E+18,9,7,71,165,2017,7,20,3,2,8,1,0,0,0,1,0,0,0,6.60245E+20,5.36141E+21,1.11644E+16,4.83855E+16
84993,9.1707E+18,9,1,81,114,2017,7,7,2,3,0,1,1,0,0,0,0,0,1,6.56417E+20,5.31274E+21,1.10948E+16,4.79489E+16
84994,9.17063E+18,9,6,77,114,2017,6,15,5,3,5,3,0,1,0,0,0,0,0,5.69638E+20,5.5365E+21,9.97123E+15,4.99768E+16
84995,9.1707E+18,9,7,71,113,2017,7,17,3,3,0,6,1,0,0,0,0,0,0,6.58877E+20,5.36693E+21,1.1148E+16,4.84355E+16
84996,9.1707E+18,9,1,74,135,2017,7,0,2,3,8,1,0,1,0,0,0,2,0,6.66736E+20,5.35517E+21,1.12496E+16,4.83277E+16
84997,9.1707E+18,9,1,74,113,2017,7,6,2,3,3,6,0,1,0,0,1,0,0,6.7544E+20,5.34556E+21,1.13629E+16,4.8239E+16
84998,9.1707E+18,9,1,62,0,2017,7,7,2,3,3,6,0,1,0,0,0,0,0,6.9471E+20,5.3423E+21,1.16207E+16,4.82041E+16
84999,9.1707E+18,9,1,75,133,2017,7,16,2,3,8,1,0,1,0,0,0,0,0,7.11294E+20,5.34317E+21,1.1844E+16,4.82066E+16
85000,9.1707E+18,9,1,78,123,2017,7,5,2,3,9,6,0,1,0,0,0,0,1,6.88704E+20,5.36048E+21,1.1548E+16,4.83693E+16
85001,9.1707E+18,9,1,78,130,2017,7,5,2,1,5,3,0,1,0,1,0,1,1,7.02709E+20,5.35836E+21,1.17359E+16,4.83459E+16
85002,9.1707E+18,9,1,77,144,2017,7,18,2,3,8,1,0,1,0,0,0,0,0,7.17819E+20,5.34794E+21,1.19342E+16,4.82472E+16
85003,9.1707E+18,9,1,77,122,2017,7,17,2,3,2,6,0,1,0,0,0,0,0,7.27078E+20,5.3583E+21,1.20643E+16,4.83371E+16
85004,9.1707E+18,9,1,62,0,2017,7,5,1,2,0,1,0,0,0,1,0,0,1,6.84622E+20,5.34266E+21,1.14852E+16,4.82103E+16
85005,9.1707E+18,9,7,78,173,2017,7,9,1,2,5,3,0,1,0,1,0,0,1,6.11147E+20,5.32249E+21,1.04913E+16,4.80461E+16
85006,9.1707E+18,9,7,76,116,2017,7,16,1,3,0,1,0,0,0,1,0,0,1,5.52151E+20,5.26693E+21,9.69317E+15,4.75537E+16
85007,9.1707E+18,9,7,61,0,2017,7,17,1,3,8,1,0,1,0,0,0,0,0,6.37799E+20,5.36125E+21,1.08614E+16,4.83893E+16
85008,9.1707E+18,9,7,72,202,2017,7,15,1,2,9,1,0,1,0,0,1,0,0,6.36619E+20,5.35969E+21,1.08449E+16,4.83756E+16
85009,9.17063E+18,9,6,77,189,2017,6,17,5,3,5,3,0,1,0,1,0,0,0,5.61535E+20,5.53231E+21,9.85757E+15,4.994E+16
85010,9.1707E+18,9,4,71,220,2017,7,15,3,3,1,6,0,0,0,0,1,0,0,6.16772E+20,5.51199E+21,1.0621E+16,4.9749E+16
85011,9.17063E+18,9,6,77,148,2017,6,18,5,2,4,1,0,1,0,0,0,0,1,5.5303E+20,5.5334E+21,9.7392E+15,4.99506E+16
85012,9.1707E+18,9,4,71,220,2017,7,13,3,3,2,6,0,0,0,0,1,0,0,6.12604E+20,5.5131E+21,1.05635E+16,4.97598E+16
85013,9.17063E+18,9,6,77,148,2017,6,9,5,3,8,1,0,1,0,0,0,0,1,5.53136E+20,5.53371E+21,9.74071E+15,4.99533E+16
85014,9.17063E+18,9,6,78,135,2017,6,7,5,3,8,1,0,1,0,0,0,0,1,5.91511E+20,5.54283E+21,1.02777E+16,5.00308E+16
85015,9.17063E+18,9,6,72,149,2017,6,20,5,3,8,1,0,1,0,0,0,0,1,5.63716E+20,5.5644E+21,9.8933E+15,5.02283E+16
85016,9.17063E+18,9,6,74,147,2017,6,11,5,3,0,1,0,0,0,1,0,0,1,6.07922E+20,5.54355E+21,1.0507E+16,5.00345E+16
85017,9.1707E+18,9,7,61,0,2017,7,18,1,3,0,6,0,1,0,0,1,0,0,6.39494E+20,5.36089E+21,1.08841E+16,4.83857E+16
85018,9.17063E+18,9,6,73,141,2017,6,17,5,3,8,7,0,1,0,0,0,0,0,6.07249E+20,5.57082E+21,1.05053E+16,5.02798E+16
85019,9.1707E+18,9,6,79,209,2017,7,6,3,3,5,3,0,1,0,0,1,0,0,5.63093E+20,5.51716E+21,9.8768E+15,4.98036E+16
85020,9.17063E+18,9,6,72,136,2017,6,6,5,2,4,1,0,1,0,0,0,0,1,5.82614E+20,5.56428E+21,1.01582E+16,5.02249E+16
85021,9.1707E+18,9,6,79,180,2017,7,14,3,2,5,3,0,1,0,0,0,0,0,5.69632E+20,5.52227E+21,9.96857E+15,4.98488E+16
85022,9.17063E+18,9,6,77,120,2017,6,16,5,3,3,6,0,1,0,0,1,0,0,5.33223E+20,5.52392E+21,9.46229E+15,4.98668E+16
85023,9.1707E+18,9,6,77,135,2017,7,19,3,3,8,6,0,1,0,0,0,0,0,5.43031E+20,5.52565E+21,9.59897E+15,4.98817E+16
85024,9.17063E+18,9,6,71,112,2017,6,9,5,3,8,1,0,0,0,1,0,0,1,5.18992E+20,5.53666E+21,9.2649E+15,4.99819E+16
85025,9.1707E+18,9,6,75,165,2017,7,21,3,2,9,7,0,1,0,0,0,1,0,5.87923E+20,5.51941E+21,1.02223E+16,4.98207E+16
85026,9.17063E+18,9,6,77,120,2017,6,5,5,3,3,1,0,1,0,0,0,1,1,5.30777E+20,5.52555E+21,9.4284E+15,4.98815E+16
85027,9.17063E+18,9,6,76,169,2017,6,12,5,3,9,1,0,1,0,0,0,0,1,5.10282E+20,5.51571E+21,9.14286E+15,4.97937E+16
85028,9.17063E+18,9,6,76,121,2017,6,11,5,3,9,1,0,0,0,0,1,0,1,5.14137E+20,5.52025E+21,9.19658E+15,4.98346E+16
85029,9.17063E+18,9,5,62,0,2017,6,12,5,3,2,6,0,1,0,0,0,0,1,6.4396E+20,5.49259E+21,1.0991E+16,4.95688E+16
85030,9.17063E+18,9,5,64,0,2017,6,6,5,3,8,1,0,1,0,0,0,0,1,6.51937E+20,5.47343E+21,1.10939E+16,4.93946E+16
85031,9.17063E+18,9,5,74,123,2017,6,16,5,3,2,6,0,0,0,0,1,0,0,6.61807E+20,5.47446E+21,1.12303E+16,4.94013E+16
85032,9.1707E+18,9,6,75,141,2017,7,22,3,3,0,7,0,1,0,1,0,2,1,5.83353E+20,5.50909E+21,1.01566E+16,4.97285E+16
85033,9.1707E+18,9,7,61,0,2017,7,18,1,3,5,3,1,1,0,0,0,0,0,6.41512E+20,5.35367E+21,1.09089E+16,4.83204E+16
85034,9.1707E+18,9,6,63,0,2017,7,22,1,3,3,6,0,1,0,0,1,2,0,5.69566E+20,5.51112E+21,9.96566E+15,4.97486E+16
85035,9.1707E+18,9,6,63,0,2017,7,20,1,3,8,1,0,0,0,1,0,0,0,5.63688E+20,5.51751E+21,9.88512E+15,4.98067E+16
85036,9.1707E+18,9,6,74,159,2017,7,14,1,2,9,1,0,1,0,0,0,0,0,6.15601E+20,5.53394E+21,1.06113E+16,4.99467E+16
85037,9.1707E+18,9,6,76,123,2017,7,2,1,2,0,1,1,0,0,0,0,2,1,5.18232E+20,5.51869E+21,9.25345E+15,4.98204E+16
85038,9.1707E+18,9,6,71,160,2017,7,18,1,2,8,1,0,0,0,1,0,0,0,5.24954E+20,5.52396E+21,9.34725E+15,4.98675E+16
85039,9.1707E+18,9,6,61,0,2017,7,20,1,3,9,1,0,1,0,0,0,0,1,5.13228E+20,5.53435E+21,9.18443E+15,4.99614E+16
85040,9.1707E+18,9,5,72,131,2017,7,15,1,3,3,6,0,1,0,0,0,0,0,6.57136E+20,5.48338E+21,1.11695E+16,4.94827E+16
85041,9.1707E+18,9,5,72,132,2017,7,15,1,2,2,6,0,1,0,0,0,0,0,6.33237E+20,5.49125E+21,1.08424E+16,4.95591E+16
85042,9.1707E+18,9,5,62,0,2017,7,11,1,2,8,1,0,1,0,0,0,0,0,6.39538E+20,5.49964E+21,1.09324E+16,4.96332E+16
85043,9.1707E+18,9,5,63,0,2017,7,8,1,3,5,3,0,1,0,0,0,0,0,6.44989E+20,5.48142E+21,1.10012E+16,4.94681E+16
85044,9.1707E+18,9,5,64,0,2017,7,16,1,3,2,6,0,1,0,0,0,0,0,6.56644E+20,5.47648E+21,1.116E+16,4.94208E+16
85045,9.1707E+18,9,5,73,134,2017,7,13,1,3,2,6,0,1,0,0,0,0,0,6.3884E+20,5.48013E+21,1.09159E+16,4.94579E+16
85046,9.1707E+18,9,5,77,136,2017,7,14,1,2,1,2,0,1,0,0,0,0,0,6.27222E+20,5.44183E+21,1.07435E+16,4.91161E+16
85047,9.1707E+18,9,5,75,135,2017,7,6,1,3,9,7,0,1,0,0,0,1,1,6.12621E+20,5.48397E+21,1.05553E+16,4.94979E+16
85048,9.1707E+18,9,5,75,163,2017,7,16,1,3,5,3,0,1,0,0,0,0,0,5.83702E+20,5.48748E+21,1.01568E+16,4.95342E+16
85049,9.1707E+18,9,5,71,174,2017,7,15,1,3,8,7,0,0,0,1,0,0,0,5.99808E+20,5.46267E+21,1.03731E+16,4.93086E+16
85050,9.1707E+18,9,4,75,161,2017,7,19,1,2,9,1,0,0,0,0,1,0,0,7.15216E+20,5.57748E+21,1.20227E+16,5.03101E+16
85051,9.1707E+18,9,4,75,137,2017,7,18,1,3,9,1,0,1,0,0,0,0,0,6.93527E+20,5.58404E+21,1.17219E+16,5.03765E+16
85052,9.1707E+18,9,4,62,0,2017,7,14,1,3,5,3,0,1,0,0,0,0,0,6.86377E+20,5.53678E+21,1.15983E+16,4.99542E+16
85053,9.1707E+18,9,4,71,117,2017,7,17,1,2,9,1,0,1,0,0,0,0,0,6.28805E+20,5.52954E+21,1.07938E+16,4.99043E+16
85054,9.1707E+18,9,3,63,0,2017,7,18,1,3,3,7,0,1,1,0,0,0,0,7.27608E+20,5.50775E+21,1.21552E+16,4.96792E+16
85055,9.1707E+18,9,3,74,160,2017,7,16,1,3,5,3,0,1,0,0,0,0,0,7.36493E+20,5.50678E+21,1.22776E+16,4.96671E+16
85056,9.1707E+18,9,3,73,113,2017,7,15,1,3,2,6,0,1,0,0,0,0,0,6.77493E+20,5.46869E+21,1.14437E+16,4.93451E+16
85057,9.1707E+18,9,3,75,179,2017,7,15,1,3,0,1,0,0,0,1,0,0,1,7.32272E+20,5.42897E+21,1.21739E+16,4.897E+16
85058,9.1707E+18,9,3,75,156,2017,7,2,1,3,9,7,0,1,0,0,0,2,0,7.17743E+20,5.44902E+21,1.19865E+16,4.91554E+16
85059,9.17063E+18,9,5,64,0,2017,6,14,5,3,2,6,0,1,0,0,0,0,0,6.58265E+20,5.47333E+21,1.1181E+16,4.93921E+16
85060,9.1707E+18,9,6,78,193,2017,7,16,3,3,1,2,0,1,0,1,0,0,0,5.80183E+20,5.53948E+21,1.01189E+16,5.00022E+16
85061,9.17063E+18,9,5,74,152,2017,6,12,5,3,2,6,0,1,0,0,1,0,1,6.59737E+20,5.48146E+21,1.12046E+16,4.94647E+16
85062,9.1707E+18,9,6,78,150,2017,7,21,3,3,9,1,0,1,0,0,0,1,0,5.90518E+20,5.5332E+21,1.02616E+16,4.99443E+16
85063,9.17063E+18,9,5,64,0,2017,6,6,5,3,2,6,0,1,0,0,1,0,1,6.51739E+20,5.47341E+21,1.10912E+16,4.93944E+16
85064,9.17063E+18,9,5,62,0,2017,6,17,5,3,3,6,1,1,0,0,0,0,0,6.42726E+20,5.49326E+21,1.09742E+16,4.95751E+16
85065,9.17063E+18,9,5,76,143,2017,6,5,5,3,8,1,0,1,0,0,0,1,1,6.51825E+20,5.45409E+21,1.1085E+16,4.92208E+16
85066,9.17063E+18,9,5,63,0,2017,6,10,5,3,2,6,0,1,0,0,0,0,1,6.44435E+20,5.48274E+21,1.0994E+16,4.94801E+16
85067,9.17063E+18,9,5,64,0,2017,6,9,5,3,5,3,0,1,0,0,0,0,1,6.53533E+20,5.4783E+21,1.11178E+16,4.9438E+16
85068,9.17063E+18,9,5,64,0,2017,6,7,5,3,0,2,0,0,0,1,1,0,1,6.45813E+20,5.48115E+21,1.10124E+16,4.94655E+16
85069,9.1707E+18,9,3,76,117,2017,7,15,1,3,8,7,0,1,0,0,0,0,0,7.45704E+20,5.46103E+21,1.23766E+16,4.92526E+16
85070,9.1707E+18,9,3,71,135,2017,7,12,1,2,4,2,0,1,0,1,0,0,0,6.93631E+20,5.49781E+21,1.16799E+16,4.96019E+16
85071,9.1707E+18,9,2,78,167,2017,7,1,1,1,4,6,0,1,0,0,0,2,0,7.68282E+20,5.41204E+21,1.26539E+16,4.88034E+16
85072,9.1707E+18,9,2,71,111,2017,7,17,1,3,9,1,0,1,0,0,0,0,0,7.86976E+20,5.40387E+21,1.29022E+16,4.87217E+16
85073,9.1707E+18,9,2,75,126,2017,7,15,1,2,0,1,0,0,0,1,0,0,0,8.43636E+20,5.39756E+21,1.3665E+16,4.86365E+16
85074,9.1707E+18,9,2,72,118,2017,7,3,1,2,9,1,0,1,0,0,0,2,1,8.34491E+20,5.41463E+21,1.35551E+16,4.87945E+16
85075,9.1707E+18,9,2,72,118,2017,7,12,1,3,0,2,0,1,0,0,0,0,0,8.34554E+20,5.41455E+21,1.35559E+16,4.87938E+16
85076,9.1707E+18,9,2,74,156,2017,7,11,1,2,5,3,0,1,0,0,0,0,0,7.45453E+20,5.38797E+21,1.23293E+16,4.85966E+16
85077,9.1707E+18,9,2,79,137,2017,7,4,1,3,9,1,0,1,0,0,0,1,1,7.7799E+20,5.4016E+21,1.27788E+16,4.87054E+16
85078,9.1707E+18,9,1,80,126,2017,7,13,1,3,5,3,0,1,0,0,0,0,0,6.60813E+20,5.2693E+21,1.11376E+16,4.75572E+16
85079,9.1707E+18,9,1,83,116,2017,7,16,1,2,3,6,0,1,0,0,0,0,1,7.62718E+20,5.35303E+21,1.25411E+16,4.82759E+16
85080,9.1707E+18,9,6,78,178,2017,7,6,3,3,0,6,0,0,0,1,1,0,0,5.88959E+20,5.54209E+21,1.02419E+16,5.00244E+16
85081,9.1707E+18,9,1,72,117,2017,7,11,1,2,9,7,0,1,0,0,0,0,1,7.99554E+20,5.28245E+21,1.29873E+16,4.76261E+16
85082,9.17063E+18,9,5,64,0,2017,6,12,5,3,2,6,0,1,0,0,0,0,1,6.49105E+20,5.48333E+21,1.10587E+16,4.94843E+16
85083,9.1707E+18,9,6,62,0,2017,7,10,3,3,0,6,0,0,0,1,0,0,0,5.88117E+20,5.54615E+21,1.02311E+16,5.00611E+16
85084,9.1707E+18,9,1,72,117,2017,7,11,1,2,0,1,1,0,0,0,0,0,1,7.97964E+20,5.28185E+21,1.29658E+16,4.76214E+16
85085,9.1707E+18,9,1,62,0,2017,7,18,1,3,8,1,0,1,0,0,0,0,1,6.94575E+20,5.33129E+21,1.16138E+16,4.81051E+16
85086,9.1707E+18,9,1,63,0,2017,7,13,1,3,2,6,0,1,0,0,0,0,1,7.32715E+20,5.30738E+21,1.21125E+16,4.78775E+16
85087,9.1707E+18,9,1,82,116,2017,7,14,1,3,4,6,0,1,0,0,0,0,0,7.04279E+20,5.29392E+21,1.17263E+16,4.77663E+16
85088,9.1707E+18,9,1,82,116,2017,7,11,1,3,2,6,0,1,0,0,0,0,1,7.03792E+20,5.291E+21,1.17184E+16,4.77401E+16
85089,9.1707E+18,9,1,86,130,2017,7,19,1,2,3,6,0,1,0,1,0,0,0,6.87254E+20,5.3731E+21,1.15341E+16,4.84831E+16
85090,9.1707E+18,9,1,76,111,2017,7,10,1,3,9,7,0,1,0,0,0,0,0,6.63046E+20,5.41444E+21,1.12231E+16,4.88614E+16
85091,9.1707E+18,9,1,76,114,2017,7,0,1,1,4,1,0,1,0,0,0,2,1,6.82658E+20,5.43308E+21,1.14986E+16,4.90235E+16
85092,9.1707E+18,9,1,81,132,2017,7,17,1,3,8,1,0,1,0,0,0,0,1,6.46458E+20,5.32466E+21,1.09656E+16,4.80584E+16
85093,9.1707E+18,9,1,88,141,2017,7,17,1,1,4,6,0,1,0,0,0,0,0,6.67314E+20,5.31026E+21,1.12397E+16,4.79238E+16
85094,9.1707E+18,9,1,81,131,2017,7,19,1,3,8,1,0,1,0,0,0,0,1,6.36249E+20,5.334E+21,1.08317E+16,4.81446E+16
85095,9.1707E+18,9,1,79,145,2017,7,17,1,3,8,1,0,0,0,1,0,0,1,6.74003E+20,5.33563E+21,1.13395E+16,4.81501E+16
85096,9.1707E+18,9,1,84,129,2017,7,11,1,3,2,6,0,1,0,0,0,0,1,7.00934E+20,5.32614E+21,1.16967E+16,4.80569E+16
85097,9.17063E+18,9,5,64,0,2017,6,12,5,3,0,1,0,0,0,1,0,0,1,6.5105E+20,5.47734E+21,1.10832E+16,4.94299E+16
85098,9.1707E+18,9,6,78,190,2017,7,13,3,2,0,7,1,0,0,0,0,0,0,5.80126E+20,5.53584E+21,1.01173E+16,4.99695E+16
85099,9.17063E+18,9,5,64,0,2017,6,14,5,3,2,6,0,1,0,0,1,0,1,6.53589E+20,5.47842E+21,1.11186E+16,4.94391E+16
85100,9.17063E+18,9,5,77,177,2017,6,10,5,3,5,3,0,1,0,0,0,0,1,6.43843E+20,5.4329E+21,1.09679E+16,4.90322E+16
85101,9.17063E+18,9,5,71,166,2017,6,15,5,3,3,2,0,1,0,0,0,0,0,6.08664E+20,5.45374E+21,1.04925E+16,4.92268E+16
85102,9.17063E+18,9,5,75,115,2017,6,16,5,2,8,1,0,1,0,0,0,0,0,5.93995E+20,5.47914E+21,1.0297E+16,4.94577E+16
85103,9.17063E+18,9,4,75,156,2017,6,11,5,3,9,1,0,1,0,0,0,0,1,6.93405E+20,5.5758E+21,1.17159E+16,5.03026E+16
85104,9.1707E+18,9,1,75,139,2017,7,11,1,2,2,2,0,1,0,0,1,0,1,7.119E+20,5.32945E+21,1.18453E+16,4.80831E+16
85105,9.1707E+18,9,1,62,0,2017,7,11,7,3,2,6,0,1,0,0,0,2,0,6.87327E+20,5.33206E+21,1.15169E+16,4.81143E+16
85106,9.1707E+18,9,1,84,142,2017,7,4,7,3,8,7,0,0,0,0,1,2,0,6.84329E+20,5.31653E+21,1.147E+16,4.79755E+16
85107,9.17063E+18,9,4,75,142,2017,6,18,5,3,9,1,0,0,0,1,0,0,1,7.00152E+20,5.5738E+21,1.18095E+16,5.02824E+16
85108,9.1707E+18,9,6,62,0,2017,7,16,3,3,3,2,1,1,0,0,0,0,0,5.88089E+20,5.54524E+21,1.02305E+16,5.00529E+16
85109,9.1707E+18,9,1,62,0,2017,7,17,7,3,2,6,0,1,0,0,1,0,0,6.93732E+20,5.3398E+21,1.16064E+16,4.81818E+16
85110,9.1707E+18,9,1,62,0,2017,7,9,7,2,2,6,0,1,0,1,0,0,0,6.96412E+20,5.33373E+21,1.16396E+16,4.81265E+16
85111,9.17063E+18,9,4,64,0,2017,6,7,5,2,6,2,0,1,1,0,0,0,1,7.07387E+20,5.57869E+21,1.19136E+16,5.03238E+16
85112,9.17063E+18,9,4,73,120,2017,6,16,5,3,1,6,0,1,0,0,0,0,1,6.42034E+20,5.57167E+21,1.09935E+16,5.02801E+16
85113,9.17063E+18,9,4,72,175,2017,6,7,5,3,9,1,0,1,0,0,1,0,1,6.80782E+20,5.51783E+21,1.15115E+16,4.97857E+16
85114,9.17063E+18,9,4,77,157,2017,6,10,5,3,9,1,0,1,0,0,0,0,1,6.69613E+20,5.54262E+21,1.13674E+16,5.00117E+16
85115,9.17063E+18,9,4,72,146,2017,6,15,5,2,9,1,0,1,0,0,0,0,1,6.80976E+20,5.52669E+21,1.15183E+16,4.98652E+16
85116,9.1707E+18,9,6,76,121,2017,7,19,3,3,2,6,0,1,0,0,0,0,0,5.12016E+20,5.52269E+21,9.16716E+15,4.98565E+16
85117,9.1707E+18,9,6,71,136,2017,7,7,3,3,3,6,0,1,0,1,0,0,0,5.05233E+20,5.53776E+21,9.07301E+15,4.99921E+16
85118,9.1707E+18,9,1,84,121,2017,7,16,7,2,0,7,1,0,1,0,0,0,0,7.03266E+20,5.33081E+21,1.17302E+16,4.80981E+16
85119,9.1707E+18,9,1,62,0,2017,7,18,7,3,1,2,0,1,0,0,0,0,0,6.8463E+20,5.32913E+21,1.14794E+16,4.80886E+16
85120,9.1707E+18,9,1,62,0,2017,7,19,7,3,5,3,0,1,0,1,0,0,0,6.97237E+20,5.32901E+21,1.16485E+16,4.80838E+16
85121,9.1707E+18,9,7,75,135,2017,7,9,7,3,0,7,1,0,0,0,0,0,0,5.74768E+20,5.35754E+21,1.00095E+16,4.83666E+16
85122,9.1707E+18,9,7,64,0,2017,7,8,7,3,2,6,0,1,0,0,0,0,0,5.88082E+20,5.31461E+21,1.01803E+16,4.79787E+16
85123,9.1707E+18,9,7,79,194,2017,7,11,7,3,2,2,0,1,0,0,0,0,0,6.10346E+20,5.41119E+21,1.0504E+16,4.88438E+16
85124,9.1707E+18,9,7,72,111,2017,7,14,7,3,2,6,0,1,0,0,0,0,0,6.27361E+20,5.36408E+21,1.07213E+16,4.84169E+16
85125,9.1707E+18,9,7,72,207,2017,7,17,7,3,4,1,0,1,0,1,0,0,0,6.40637E+20,5.38389E+21,1.09073E+16,4.85923E+16
85126,9.1707E+18,9,7,61,0,2017,7,14,7,3,2,7,0,1,0,0,0,0,0,6.43469E+20,5.36087E+21,1.09378E+16,4.83846E+16
85127,9.1707E+18,9,7,61,0,2017,7,18,7,3,0,7,1,0,0,0,0,0,0,6.42788E+20,5.35976E+21,1.09282E+16,4.83749E+16
85128,9.1707E+18,9,7,71,156,2017,7,21,7,3,2,6,0,1,0,0,0,2,0,6.57822E+20,5.38298E+21,1.11399E+16,4.858E+16
85129,9.1707E+18,9,6,77,148,2017,7,5,7,2,8,1,0,1,0,0,0,0,0,5.5003E+20,5.53741E+21,9.6979E+15,4.99869E+16
85130,9.1707E+18,9,6,77,148,2017,7,18,7,3,8,1,0,1,0,0,0,0,1,5.51437E+20,5.53679E+21,9.71745E+15,4.99812E+16
85131,9.1707E+18,9,6,73,117,2017,7,14,7,3,3,2,0,1,0,0,0,0,0,5.66709E+20,5.58565E+21,9.93901E+15,5.04191E+16
85132,9.1707E+18,9,5,65,0,2017,7,20,7,3,4,3,0,1,0,0,0,0,0,6.46515E+20,5.46528E+21,1.10163E+16,4.93227E+16
85133,9.17063E+18,9,4,74,119,2017,6,11,5,3,2,6,0,1,0,0,0,0,1,6.5318E+20,5.49671E+21,1.11201E+16,4.96035E+16
85134,9.1707E+18,9,6,61,0,2017,7,17,3,3,2,6,0,1,0,0,0,0,0,5.06967E+20,5.53231E+21,9.0971E+15,4.99431E+16
85135,9.17063E+18,9,4,74,154,2017,6,15,5,3,5,3,0,1,0,0,0,0,1,6.54474E+20,5.49675E+21,1.1138E+16,4.96036E+16
85136,9.17063E+18,9,4,71,131,2017,6,8,5,3,5,3,0,1,0,0,0,0,1,6.35798E+20,5.51675E+21,1.08866E+16,4.97878E+16
85137,9.17063E+18,9,4,71,155,2017,6,10,5,3,2,6,0,1,0,0,0,0,1,6.40147E+20,5.52979E+21,1.09517E+16,4.9904E+16
85138,9.17063E+18,9,3,63,0,2017,6,15,5,3,9,1,0,1,0,0,0,0,1,7.27324E+20,5.50583E+21,1.21502E+16,4.96622E+16
85139,9.17063E+18,9,3,77,157,2017,6,18,5,3,4,2,1,1,0,0,0,0,0,7.19601E+20,5.54066E+21,1.2063E+16,4.99778E+16
85140,9.1707E+18,9,6,71,160,2017,7,11,3,2,8,1,0,0,0,1,0,0,0,5.25317E+20,5.52491E+21,9.35235E+15,4.98761E+16
85141,9.17063E+18,9,3,77,154,2017,6,12,5,3,5,2,0,1,0,0,0,0,0,7.39341E+20,5.53028E+21,1.23315E+16,4.9877E+16
85142,9.1707E+18,9,5,72,130,2017,7,9,3,3,2,6,1,1,0,0,0,0,0,6.39771E+20,5.50553E+21,1.09377E+16,4.9686E+16
85143,9.17063E+18,9,3,77,132,2017,6,6,5,3,6,7,0,1,1,0,0,1,1,7.22747E+20,5.52334E+21,1.20968E+16,4.98211E+16
85144,9.17063E+18,9,3,75,117,2017,6,17,5,3,2,6,0,1,0,0,0,0,0,7.39507E+20,5.43193E+21,1.22744E+16,4.89937E+16
85145,9.17063E+18,9,3,62,0,2017,6,17,5,3,3,6,0,1,0,0,1,0,0,7.30286E+20,5.43199E+21,1.21485E+16,4.89978E+16
85146,9.17063E+18,9,3,75,162,2017,6,9,5,3,8,1,0,1,0,0,0,0,1,7.11772E+20,5.44081E+21,1.19004E+16,4.90837E+16
85147,9.17063E+18,9,3,75,114,2017,6,15,5,2,4,2,0,1,0,0,0,0,0,7.40875E+20,5.44189E+21,1.22989E+16,4.90826E+16
85148,9.1707E+18,9,5,64,0,2017,7,22,7,3,5,3,0,1,0,0,0,2,1,6.46598E+20,5.48074E+21,1.10231E+16,4.94616E+16
85149,9.1707E+18,9,5,64,0,2017,7,17,7,2,0,1,1,0,0,0,0,0,0,6.53546E+20,5.47831E+21,1.1118E+16,4.94381E+16
85150,9.17063E+18,9,3,75,190,2017,6,19,5,3,0,7,0,0,0,1,0,0,1,7.27573E+20,5.44715E+21,1.212E+16,4.9135E+16
85151,9.17071E+18,9,1,86,137,2017,7,6,4,3,5,3,0,1,0,0,0,0,0,6.82989E+20,5.39817E+21,1.14875E+16,4.87097E+16
85152,9.1707E+18,9,5,62,0,2017,7,21,3,2,4,6,1,0,0,0,0,1,0,6.44723E+20,5.49543E+21,1.10026E+16,4.95941E+16