OBJECTID,UIDENTSTLA,ULAND,UREGBEZ,UKREIS,UGEMEINDE,UJAHR,UMONAT,USTUNDE,UWOCHENTAG,UKATEGORIE,UART,UTYP1,IstRad,IstPKW,IstFuss,IstKrad,IstSonstig,LICHT,STRZUSTAND,LINREFX,LINREFY,XGCSWGS84,YGCSWGS84
85153,9.1707E+18,9,5,64,0,2017,7,12,7,3,0,7,1,0,0,0,0,0,0,6.52428E+20,5.4825E+21,1.11042E+16,4.9476E+16
85154,9.1707E+18,9,5,64,0,2017,7,14,7,3,2,6,0,1,0,0,0,0,0,6.46592E+20,5.48073E+21,1.1023E+16,4.94615E+16
85155,9.1707E+18,9,5,77,114,2017,7,12,7,2,5,3,0,1,0,0,1,0,0,6.25191E+20,5.44649E+21,1.07171E+16,4.91585E+16
85156,9.1707E+18,9,5,77,133,2017,7,21,7,3,8,7,0,0,0,1,0,2,1,6.25612E+20,5.43423E+21,1.0719E+16,4.90481E+16
85157,9.1707E+18,9,5,75,152,2017,7,17,7,3,8,1,0,1,0,0,0,0,0,6.17965E+20,5.47829E+21,1.06274E+16,4.94458E+16
85158,9.1707E+18,9,5,71,174,2017,7,7,7,2,9,6,0,1,0,0,0,0,1,5.99472E+20,5.45642E+21,1.03669E+16,4.92525E+16
85159,9.1707E+18,9,4,71,207,2017,7,14,7,3,1,3,0,1,0,0,0,0,0,6.27711E+20,5.53163E+21,1.07792E+16,4.99234E+16
85160,9.1707E+18,9,3,77,146,2017,7,21,7,3,2,3,0,1,0,0,0,2,1,7.38598E+20,5.5208E+21,1.23153E+16,4.97922E+16
85161,9.1707E+18,9,3,72,144,2017,7,18,7,3,3,2,0,0,0,1,0,0,0,7.89197E+20,5.46333E+21,1.29746E+16,4.92543E+16
85162,9.1707E+18,9,3,73,112,2017,7,16,7,3,2,6,0,1,0,0,0,0,0,6.83762E+20,5.44654E+21,1.15198E+16,4.91442E+16
85163,9.1707E+18,9,3,72,177,2017,7,10,7,3,5,3,0,1,0,0,0,0,0,7.72935E+20,5.44883E+21,1.27418E+16,4.91316E+16
85164,9.1707E+18,9,3,76,116,2017,7,18,7,2,4,7,0,1,0,0,0,0,0,7.36796E+20,5.46415E+21,1.22563E+16,4.92842E+16
85165,9.1707E+18,9,3,71,136,2017,7,4,7,3,9,7,0,1,0,0,0,2,0,7.12308E+20,5.48077E+21,1.19289E+16,4.94425E+16
85166,9.1707E+18,9,2,78,190,2017,7,8,7,3,2,6,0,1,0,0,0,0,0,7.63697E+20,5.42765E+21,1.26016E+16,4.89455E+16
85167,9.1707E+18,9,2,78,172,2017,7,19,7,2,0,1,0,0,0,1,0,0,0,7.52032E+20,5.41715E+21,1.24362E+16,4.88561E+16
85168,9.1707E+18,9,2,78,148,2017,7,7,7,3,9,1,1,0,0,0,0,0,0,7.37286E+20,5.40664E+21,1.22294E+16,4.87675E+16
85169,9.1707E+18,9,2,71,148,2017,7,6,7,3,9,1,0,1,0,0,0,1,1,7.97559E+20,5.41672E+21,1.3055E+16,4.88321E+16
85170,9.1707E+18,9,2,71,119,2017,7,16,7,3,2,6,0,1,0,0,0,0,0,7.9006E+20,5.41637E+21,1.29529E+16,4.88325E+16
85171,9.17063E+18,9,3,73,113,2017,6,19,5,2,8,1,0,1,0,0,0,0,1,6.75625E+20,5.471E+21,1.1419E+16,4.93663E+16
85172,9.1707E+18,9,5,62,0,2017,7,16,3,3,5,3,1,0,0,0,1,0,0,6.43857E+20,5.49085E+21,1.0989E+16,4.95532E+16
85173,9.17063E+18,9,3,72,116,2017,6,13,5,3,2,6,0,1,0,0,0,0,1,7.69406E+20,5.45786E+21,1.26996E+16,4.92142E+16
85174,9.1707E+18,9,2,77,152,2017,7,11,7,3,5,3,0,1,0,0,0,0,0,7.98401E+20,5.36113E+21,1.30266E+16,4.83328E+16
85175,9.1707E+18,9,2,77,112,2017,7,19,7,3,0,7,0,1,0,0,1,0,0,8.0373E+20,5.37178E+21,1.3106E+16,4.84258E+16
85176,9.1707E+18,9,2,77,142,2017,7,14,7,3,8,1,0,1,0,0,0,0,0,7.89055E+20,5.39006E+21,1.29208E+16,4.85968E+16
85177,9.1707E+18,9,2,62,0,2017,7,18,7,3,3,6,0,1,0,0,0,0,0,8.25701E+20,5.38956E+21,1.3416E+16,4.85743E+16
85178,9.1707E+18,9,2,74,145,2017,7,15,7,3,4,1,0,1,0,1,0,0,0,7.50462E+20,5.38364E+21,1.23945E+16,4.85557E+16
85179,9.17063E+18,9,3,71,144,2017,6,13,5,2,5,3,0,1,0,0,0,0,1,7.05089E+20,5.48621E+21,1.18323E+16,4.94939E+16
85180,9.17063E+18,9,3,76,119,2017,6,19,5,3,8,1,0,1,0,0,0,0,1,7.1817E+20,5.45813E+21,1.19973E+16,4.9237E+16
85181,9.17063E+18,9,3,61,0,2017,6,9,5,3,0,1,0,0,0,1,0,0,1,7.07132E+20,5.48002E+21,1.18572E+16,4.94375E+16
85182,9.17063E+18,9,2,71,119,2017,6,18,5,2,2,6,0,1,0,0,0,0,0,7.92024E+20,5.41345E+21,1.29775E+16,4.88054E+16
85183,9.17063E+18,9,2,76,111,2017,6,13,5,3,2,6,0,1,0,1,0,0,1,7.87368E+20,5.42885E+21,1.2925E+16,4.89457E+16
85184,9.17063E+18,9,2,71,146,2017,6,17,5,3,0,1,0,0,0,1,0,0,0,7.85838E+20,5.40892E+21,1.28903E+16,4.87675E+16
85185,9.1707E+18,9,2,73,165,2017,7,14,7,3,2,6,0,1,0,0,0,0,0,7.14166E+20,5.41035E+21,1.19171E+16,4.88092E+16
85186,9.1707E+18,9,1,90,138,2017,7,12,7,2,2,6,1,0,0,0,1,0,0,6.60049E+20,5.30829E+21,1.11418E+16,4.7908E+16
85187,9.17063E+18,9,2,71,125,2017,6,14,5,3,5,3,0,1,0,0,1,0,0,7.97049E+20,5.41119E+21,1.30441E+16,4.87827E+16
85188,9.1707E+18,9,1,73,118,2017,7,12,7,2,4,1,1,0,0,1,0,0,1,6.96468E+20,5.30398E+21,1.16267E+16,4.78591E+16
85189,9.1707E+18,9,1,80,117,2017,7,11,7,3,5,3,1,1,0,0,0,0,0,6.57226E+20,5.26345E+21,1.10879E+16,4.75054E+16
85190,9.17063E+18,9,2,77,139,2017,6,7,5,3,0,1,0,0,0,1,0,0,1,7.88671E+20,5.37123E+21,1.29026E+16,4.8428E+16
85191,9.1707E+18,9,5,72,121,2017,7,10,3,3,2,6,0,1,0,1,0,0,0,6.63201E+20,5.49477E+21,1.12579E+16,4.95834E+16
85192,9.1707E+18,9,1,72,114,2017,7,21,7,2,2,6,0,1,0,1,0,2,0,7.92872E+20,5.29537E+21,1.29072E+16,4.77452E+16
85193,9.1707E+18,9,1,89,140,2017,7,11,7,3,6,6,0,0,1,0,1,0,0,7.72748E+20,5.29631E+21,1.26399E+16,4.77624E+16
85194,9.1707E+18,9,1,89,155,2017,7,18,7,3,3,6,0,1,0,1,0,0,0,7.70997E+20,5.30644E+21,1.26229E+16,4.78541E+16
85195,9.1707E+18,9,1,89,145,2017,7,23,7,3,0,7,1,0,0,0,0,2,1,7.72423E+20,5.30007E+21,1.26379E+16,4.77963E+16
85196,9.1707E+18,9,1,89,120,2017,7,20,7,3,5,3,0,1,0,0,0,0,0,7.59969E+20,5.29755E+21,1.24704E+16,4.77788E+16
85197,9.1707E+18,9,1,71,122,2017,7,9,7,3,0,1,1,0,0,0,0,0,0,7.71355E+20,5.33237E+21,1.26441E+16,4.80868E+16
85198,9.1707E+18,9,1,72,114,2017,7,15,7,3,2,6,1,0,0,0,0,0,0,7.90849E+20,5.29216E+21,1.28782E+16,4.77173E+16
85199,9.1707E+18,9,1,71,111,2017,7,10,7,3,5,3,0,1,0,0,0,0,0,7.71592E+20,5.34793E+21,1.26572E+16,4.82264E+16
85200,9.1707E+18,9,1,63,0,2017,7,10,7,3,2,3,0,1,0,0,0,0,0,7.33574E+20,5.3032E+21,1.21217E+16,4.78397E+16
85201,9.1707E+18,9,1,87,129,2017,7,11,7,3,2,6,0,1,0,0,0,0,0,7.25948E+20,5.29959E+21,1.2018E+16,4.78099E+16
85202,9.1707E+18,9,1,82,134,2017,7,17,7,3,8,1,0,0,0,1,0,0,0,7.02309E+20,5.29636E+21,1.17012E+16,4.77888E+16
85203,9.1707E+18,9,1,61,0,2017,7,15,7,3,2,6,0,1,0,0,0,0,0,6.81933E+20,5.40539E+21,1.14763E+16,4.87749E+16
85204,9.1707E+18,9,1,86,152,2017,7,11,7,3,2,6,0,1,0,0,0,0,0,6.91262E+20,5.38073E+21,1.15918E+16,4.85505E+16
85205,9.1707E+18,9,1,86,125,2017,7,10,7,2,5,3,0,1,0,0,1,0,0,6.73375E+20,5.37799E+21,1.13485E+16,4.8531E+16
85206,9.1707E+18,9,1,86,152,2017,7,13,7,3,5,3,0,1,0,1,0,0,0,6.91071E+20,5.37574E+21,1.15869E+16,4.85057E+16
85207,9.1707E+18,9,1,85,118,2017,7,15,7,3,5,3,0,1,0,0,0,0,0,6.61912E+20,5.40591E+21,1.12043E+16,4.87851E+16
85208,9.1707E+18,9,1,86,162,2017,7,11,7,2,8,1,0,0,0,1,0,0,0,6.9426E+20,5.38115E+21,1.16326E+16,4.85534E+16
85209,9.1707E+18,9,1,76,112,2017,7,16,7,3,8,1,0,1,0,0,0,0,1,6.93366E+20,5.41876E+21,1.16381E+16,4.88916E+16
85210,9.1707E+18,9,1,62,0,2017,7,12,7,3,2,6,0,1,0,0,1,0,0,6.85409E+20,5.33308E+21,1.14916E+16,4.8124E+16
85211,9.1707E+18,9,1,81,130,2017,7,21,7,2,4,1,0,1,0,0,0,1,0,6.3881E+20,5.32074E+21,1.08618E+16,4.80248E+16
85212,9.1707E+18,9,1,88,132,2017,7,14,7,2,4,6,0,1,0,1,0,0,0,6.67794E+20,5.32019E+21,1.125E+16,4.80129E+16
85213,9.1707E+18,9,1,79,123,2017,7,17,7,3,5,2,0,1,0,0,0,0,0,6.77443E+20,5.33197E+21,1.13842E+16,4.81162E+16
85214,9.1707E+18,9,1,79,121,2017,7,22,7,3,0,7,0,0,0,1,0,2,0,6.68226E+20,5.33849E+21,1.1263E+16,4.81774E+16
85215,9.1707E+18,9,1,74,135,2017,7,19,7,3,5,2,0,1,0,0,0,0,0,6.62701E+20,5.35301E+21,1.11943E+16,4.83094E+16
85216,9.1707E+18,9,1,74,115,2017,7,16,7,3,5,2,1,1,0,0,0,0,0,6.81274E+20,5.34711E+21,1.14421E+16,4.82513E+16
85217,9.1707E+18,9,1,62,0,2017,7,16,7,3,2,6,0,1,0,0,0,0,0,6.84947E+20,5.34258E+21,1.14895E+16,4.82095E+16
85218,9.17063E+18,9,2,62,0,2017,6,14,5,3,3,2,1,1,0,0,0,0,0,8.22165E+20,5.39227E+21,1.33703E+16,4.86005E+16
85219,9.1707E+18,9,5,76,121,2017,7,18,3,3,1,6,0,1,0,0,0,0,0,6.46933E+20,5.45018E+21,1.10165E+16,4.91868E+16
85220,9.17063E+18,9,2,62,0,2017,6,16,5,3,0,6,0,1,0,0,1,0,0,8.29094E+20,5.39013E+21,1.34623E+16,4.85777E+16
85221,9.17063E+18,9,2,62,0,2017,6,7,5,3,2,6,0,1,0,0,1,0,1,8.27979E+20,5.39128E+21,1.34481E+16,4.85886E+16
85222,9.17063E+18,9,2,74,191,2017,6,10,5,2,4,3,0,1,0,0,0,0,1,7.44783E+20,5.39164E+21,1.23224E+16,4.86299E+16
85223,9.17063E+18,9,2,74,120,2017,6,7,5,3,5,3,0,1,0,0,0,0,1,7.53595E+20,5.37126E+21,1.24293E+16,4.84433E+16
85224,9.17063E+18,9,2,74,141,2017,6,9,5,3,0,1,0,1,0,0,1,0,1,7.3296E+20,5.39549E+21,1.21643E+16,4.8669E+16
85225,9.1707E+18,9,1,78,145,2017,7,4,7,3,2,6,0,1,0,0,1,2,1,6.96287E+20,5.35617E+21,1.16483E+16,4.83282E+16
85226,9.1707E+18,9,1,78,150,2017,7,17,7,2,0,1,1,0,0,0,0,0,0,6.89411E+20,5.37257E+21,1.1563E+16,4.84777E+16
85227,9.1707E+18,9,1,77,133,2017,7,15,7,3,2,6,0,1,0,0,0,0,0,7.13758E+20,5.35572E+21,1.18835E+16,4.83185E+16
85228,9.17063E+18,9,1,62,0,2017,6,12,6,3,5,3,0,1,0,0,0,0,0,7.01604E+20,5.33558E+21,1.17102E+16,4.81415E+16
85229,9.17063E+18,9,2,73,163,2017,6,20,5,1,2,1,0,1,0,0,1,0,1,7.03291E+20,5.39797E+21,1.17631E+16,4.87016E+16
85230,9.1707E+18,9,5,74,138,2017,7,19,3,3,5,3,1,1,0,0,0,0,0,6.65251E+20,5.48713E+21,1.1283E+16,4.95143E+16
85231,9.17063E+18,9,1,62,0,2017,6,14,6,3,2,6,0,1,0,0,0,0,0,7.01826E+20,5.33221E+21,1.17116E+16,4.81112E+16
85232,9.17063E+18,9,1,62,0,2017,6,10,6,3,6,4,1,0,1,0,0,0,0,6.97569E+20,5.33356E+21,1.1655E+16,4.81246E+16
85233,9.17063E+18,9,2,61,0,2017,6,18,5,3,2,6,0,1,0,0,0,0,1,7.32236E+20,5.38067E+21,1.21462E+16,4.85361E+16
85234,9.1707E+18,9,5,76,122,2017,7,9,3,1,9,6,0,1,0,1,0,0,0,6.73357E+20,5.43203E+21,1.1371E+16,4.90168E+16
85235,9.17063E+18,9,1,62,0,2017,6,8,6,3,2,6,0,1,0,0,0,0,0,6.92092E+20,5.33139E+21,1.15805E+16,4.81068E+16
85236,9.17063E+18,9,1,62,0,2017,6,13,6,3,5,2,1,1,0,0,0,0,0,6.89715E+20,5.34002E+21,1.15525E+16,4.8185E+16
85237,9.17063E+18,9,1,84,136,2017,6,13,6,3,5,3,1,1,0,0,0,0,0,6.98665E+20,5.32721E+21,1.16668E+16,4.80672E+16
85238,9.17063E+18,9,7,75,139,2017,6,8,6,3,3,6,0,1,0,0,0,0,0,5.78115E+20,5.36724E+21,1.00565E+16,4.84534E+16
85239,9.17063E+18,9,7,75,152,2017,6,12,6,3,0,7,0,0,1,0,1,0,0,5.76947E+20,5.35263E+21,1.0038E+16,4.83221E+16
85240,9.17063E+18,9,2,74,126,2017,6,16,5,3,4,7,0,1,0,1,0,0,0,7.33245E+20,5.38368E+21,1.21615E+16,4.85628E+16
85241,9.17063E+18,9,7,75,135,2017,6,10,6,2,3,6,0,1,0,0,1,0,0,5.76734E+20,5.3598E+21,1.00364E+16,4.83867E+16
85242,9.17063E+18,9,7,75,135,2017,6,7,6,3,8,1,0,1,0,0,0,0,0,5.75779E+20,5.35571E+21,1.00228E+16,4.835E+16
85243,9.17063E+18,9,2,74,128,2017,6,19,5,3,2,6,0,1,0,0,1,0,1,7.35134E+20,5.38642E+21,1.21886E+16,4.85867E+16
85244,9.1707E+18,9,5,64,0,2017,7,17,3,3,3,6,0,1,0,0,0,0,0,6.53922E+20,5.47403E+21,1.11215E+16,4.93995E+16
85245,9.17063E+18,9,7,78,219,2017,6,15,6,3,6,4,0,1,1,0,0,0,0,5.89842E+20,5.30816E+21,1.02026E+16,4.79205E+16
85246,9.17063E+18,9,7,74,121,2017,6,12,6,2,2,7,0,1,0,1,0,0,0,6.04221E+20,5.365E+21,1.04089E+16,4.84296E+16
85247,9.17063E+18,9,7,80,140,2017,6,6,6,3,2,6,0,1,0,0,1,0,0,5.99609E+20,5.28279E+21,1.03274E+16,4.76908E+16
85248,9.17063E+18,9,7,63,0,2017,6,12,6,3,5,3,1,1,0,0,0,0,0,5.9736E+20,5.28573E+21,1.02981E+16,4.77176E+16
85249,9.17063E+18,9,7,80,112,2017,6,14,6,2,1,2,0,1,0,0,0,0,0,5.92008E+20,5.29499E+21,1.02287E+16,4.78016E+16
85250,9.17063E+18,9,7,77,114,2017,6,13,6,2,9,1,0,0,0,1,0,0,0,6.17588E+20,5.31308E+21,1.05751E+16,4.79602E+16
85251,9.17063E+18,9,7,77,129,2017,6,12,6,3,1,6,1,1,0,0,0,0,0,6.26418E+20,5.27391E+21,1.0682E+16,4.76062E+16
85252,9.17063E+18,9,7,72,223,2017,6,11,6,3,3,6,0,1,0,0,1,0,0,6.16899E+20,5.36289E+21,1.05796E+16,4.84083E+16
85253,9.17063E+18,9,7,72,159,2017,6,18,6,3,8,1,0,1,0,0,0,0,0,6.24083E+20,5.3621E+21,1.06764E+16,4.83998E+16
85254,9.17063E+18,9,7,71,122,2017,6,16,6,2,5,3,1,1,0,0,0,0,0,6.52412E+20,5.36137E+21,1.10587E+16,4.83871E+16
85255,9.17063E+18,9,7,61,0,2017,6,7,6,3,0,2,1,1,0,0,0,0,0,6.42843E+20,5.35997E+21,1.0929E+16,4.83767E+16
85256,9.17063E+18,9,6,79,201,2017,6,14,6,3,2,6,1,0,0,1,0,0,0,5.75628E+20,5.52552E+21,1.00526E+16,4.98773E+16
85257,9.17063E+18,9,6,63,0,2017,6,17,6,3,2,6,0,1,0,0,0,0,0,5.67808E+20,5.51662E+21,9.94222E+15,4.97982E+16
85258,9.17063E+18,9,6,75,141,2017,6,15,6,3,2,2,0,1,0,0,0,0,0,5.87024E+20,5.51505E+21,1.02088E+16,4.97816E+16
85259,9.17063E+18,9,6,77,114,2017,6,6,6,3,6,4,0,0,1,0,1,0,0,5.72292E+20,5.53515E+21,1.0008E+16,4.99643E+16
85260,9.17063E+18,9,6,72,127,2017,6,14,6,3,2,6,0,1,0,1,0,0,0,5.65272E+20,5.55136E+21,9.91287E+15,5.01109E+16
85261,9.17063E+18,9,6,72,114,2017,6,20,6,3,2,6,0,1,0,0,0,0,0,5.77603E+20,5.56194E+21,1.00875E+16,5.02046E+16
85262,9.17063E+18,9,6,72,112,2017,6,11,6,3,8,7,0,1,0,0,0,0,0,5.76351E+20,5.57055E+21,1.00716E+16,5.02822E+16
85263,9.17063E+18,9,2,61,0,2017,6,7,5,3,6,4,0,1,1,0,0,0,1,7.32037E+20,5.37955E+21,1.21429E+16,4.85261E+16
85264,9.1707E+18,9,5,73,115,2017,7,17,3,3,5,7,0,1,0,1,0,0,0,6.29287E+20,5.47424E+21,1.07822E+16,4.94071E+16
85265,9.17063E+18,9,2,79,113,2017,6,18,5,3,0,6,1,0,0,0,0,0,0,7.78902E+20,5.39259E+21,1.27851E+16,4.86241E+16
85266,9.1707E+18,9,5,73,126,2017,7,14,3,3,3,6,0,1,0,1,0,0,0,6.3589E+20,5.48418E+21,1.08766E+16,4.9495E+16
85267,9.17063E+18,9,1,90,148,2017,6,14,5,2,1,7,1,0,0,0,1,0,0,6.4226E+20,5.2974E+21,1.09003E+16,4.78142E+16
85268,9.17063E+18,9,1,73,118,2017,6,19,5,2,5,3,0,1,0,0,0,0,1,6.91359E+20,5.29829E+21,1.1556E+16,4.78095E+16
85269,9.17063E+18,9,1,71,137,2017,6,19,5,3,3,6,0,1,0,0,0,0,1,7.70675E+20,5.35083E+21,1.26467E+16,4.82528E+16
85270,9.17063E+18,9,1,89,154,2017,6,6,5,3,5,2,0,1,0,1,0,0,0,7.68901E+20,5.31848E+21,1.26025E+16,4.79631E+16
85271,9.17063E+18,9,1,83,128,2017,6,12,5,2,2,6,0,0,0,1,1,0,0,7.63421E+20,5.34862E+21,1.25478E+16,4.82361E+16
85272,9.17063E+18,9,1,72,134,2017,6,16,5,3,4,2,1,1,0,0,0,0,0,7.86657E+20,5.30664E+21,1.28319E+16,4.78491E+16
85273,9.17063E+18,9,1,71,133,2017,6,7,5,3,8,7,0,1,0,0,0,0,1,7.68282E+20,5.34508E+21,1.26109E+16,4.82022E+16
85274,9.17063E+18,9,1,71,132,2017,6,15,5,2,8,7,1,0,0,0,0,0,0,7.65126E+20,5.35033E+21,1.25718E+16,4.82507E+16
85275,9.17063E+18,9,1,71,130,2017,6,16,5,3,1,2,0,1,0,0,0,0,0,7.88349E+20,5.35147E+21,1.28847E+16,4.82508E+16
85276,9.17063E+18,9,1,84,145,2017,6,20,5,3,9,1,0,1,0,0,1,0,1,6.97039E+20,5.3227E+21,1.16429E+16,4.80272E+16
85277,9.17063E+18,9,1,87,167,2017,6,12,5,3,0,6,0,1,0,0,1,0,0,7.40391E+20,5.30217E+21,1.22121E+16,4.78279E+16
85278,9.17063E+18,9,6,78,168,2017,6,11,6,3,5,2,0,1,0,0,0,0,0,5.82241E+20,5.55042E+21,1.01499E+16,5.01003E+16
85279,9.17063E+18,9,6,62,0,2017,6,5,6,3,0,7,0,0,0,1,0,0,1,5.87508E+20,5.54324E+21,1.02219E+16,5.0035E+16
85280,9.1707E+18,9,4,64,0,2017,7,15,3,3,0,1,0,0,0,1,0,0,0,7.05839E+20,5.57903E+21,1.18921E+16,5.03274E+16
85281,9.17063E+18,9,6,78,115,2017,6,7,6,3,5,3,0,1,0,0,0,0,0,5.84581E+20,5.54002E+21,1.01804E+16,5.00065E+16
85282,9.17063E+18,9,1,82,119,2017,6,7,5,2,2,6,0,1,0,1,0,0,1,7.11872E+20,5.29506E+21,1.18281E+16,4.7774E+16
85283,9.1707E+18,9,4,77,119,2017,7,11,3,3,0,1,0,1,0,0,0,0,0,6.84924E+20,5.54497E+21,1.1582E+16,5.00282E+16
85284,9.17063E+18,9,6,72,138,2017,6,18,6,3,5,3,0,1,0,0,0,0,0,5.5751E+20,5.56961E+21,9.80709E+15,5.02759E+16
85285,9.17063E+18,9,6,71,152,2017,6,20,6,2,8,1,0,0,0,1,0,0,1,5.17574E+20,5.54742E+21,9.24562E+15,5.00788E+16
85286,9.17063E+18,9,1,61,0,2017,6,6,5,3,5,3,1,1,0,0,0,0,1,6.79285E+20,5.40431E+21,1.14399E+16,4.87659E+16
85287,9.1707E+18,9,4,62,0,2017,7,13,3,3,1,6,0,1,0,0,0,0,0,6.84255E+20,5.5342E+21,1.15675E+16,4.99317E+16
85288,9.17063E+18,9,5,65,0,2017,6,15,6,3,2,6,0,1,0,0,1,0,0,6.50775E+20,5.46593E+21,1.10751E+16,4.93275E+16
85289,9.17063E+18,9,5,76,127,2017,6,12,6,2,0,1,0,0,0,1,0,0,0,6.65439E+20,5.44574E+21,1.12684E+16,4.91422E+16
85290,9.17063E+18,9,5,76,121,2017,6,11,6,2,0,7,0,1,0,1,0,0,0,6.47125E+20,5.45085E+21,1.10193E+16,4.91928E+16
85291,9.17063E+18,9,5,76,127,2017,6,13,6,3,4,2,0,1,0,0,0,0,0,6.65133E+20,5.44798E+21,1.12652E+16,4.91624E+16
85292,9.17063E+18,9,5,64,0,2017,6,14,6,2,4,6,0,1,0,0,0,0,0,6.57256E+20,5.48184E+21,1.11705E+16,4.94689E+16
85293,9.17063E+18,9,5,64,0,2017,6,10,6,3,5,2,0,1,0,0,0,0,0,6.48824E+20,5.47727E+21,1.10525E+16,4.94299E+16
85294,9.17063E+18,9,5,64,0,2017,6,16,6,3,2,6,0,1,0,0,0,0,0,6.50537E+20,5.47739E+21,1.10762E+16,4.94305E+16
85295,9.17063E+18,9,5,73,125,2017,6,13,6,3,4,6,0,1,0,0,0,0,0,6.36961E+20,5.46993E+21,1.08865E+16,4.93667E+16
85296,9.17063E+18,9,5,71,114,2017,6,12,6,3,2,6,0,1,0,1,0,0,0,5.96694E+20,5.45475E+21,1.03284E+16,4.92379E+16
85297,9.17063E+18,9,5,61,0,2017,6,14,6,3,9,1,0,1,0,0,0,0,0,6.0735E+20,5.45845E+21,1.04757E+16,4.92694E+16
85298,9.17063E+18,9,5,77,161,2017,6,15,6,3,8,7,0,1,0,0,0,0,0,6.46474E+20,5.44211E+21,1.10072E+16,4.91143E+16
85299,9.17063E+18,9,5,71,193,2017,6,18,6,3,0,1,1,0,0,0,0,0,0,5.85464E+20,5.46953E+21,1.01773E+16,4.93725E+16
85300,9.17063E+18,9,5,71,145,2017,6,15,6,3,5,3,0,1,0,0,0,0,0,5.97887E+20,5.44665E+21,1.03428E+16,4.91648E+16
85301,9.17063E+18,9,1,86,143,2017,6,18,5,3,5,2,1,1,0,0,0,0,0,6.85505E+20,5.37941E+21,1.15133E+16,4.85404E+16
85302,9.17063E+18,9,1,85,149,2017,6,19,5,3,0,1,0,0,0,1,0,0,1,6.61306E+20,5.39838E+21,1.11931E+16,4.87176E+16
85303,9.17071E+18,9,1,73,126,2017,7,16,6,3,5,3,0,1,0,1,0,0,0,6.8463E+20,5.30396E+21,1.14686E+16,4.78624E+16
85304,9.17071E+18,9,2,62,0,2017,7,13,6,3,9,1,0,0,0,1,0,0,0,8.29798E+20,5.39105E+21,1.34726E+16,4.85856E+16
85305,9.17071E+18,9,3,75,175,2017,7,14,6,3,2,6,0,1,0,0,0,0,0,7.13976E+20,5.43575E+21,1.19278E+16,4.90375E+16
85306,9.17071E+18,9,4,72,116,2017,7,11,6,3,5,3,0,1,0,0,1,0,0,6.92944E+20,5.54497E+21,1.16938E+16,5.00257E+16
85307,9.17071E+18,9,5,75,112,2017,7,14,6,3,8,1,0,1,0,0,0,0,0,6.04097E+20,5.48367E+21,1.04376E+16,4.94967E+16
85308,9.17071E+18,9,5,71,136,2017,7,18,5,3,8,1,0,1,0,0,0,0,0,5.8853E+20,5.43923E+21,1.02128E+16,4.90996E+16
85309,9.17071E+18,9,5,77,161,2017,7,16,5,1,4,2,0,1,0,1,0,0,0,6.44155E+20,5.44284E+21,1.09757E+16,4.91215E+16
85310,9.17071E+18,9,5,77,168,2017,7,18,5,3,8,1,0,1,0,0,0,0,0,6.44791E+20,5.41651E+21,1.09751E+16,4.88846E+16
85311,9.17071E+18,9,5,75,167,2017,7,11,5,3,5,2,0,1,0,0,0,0,0,6.24912E+20,5.50387E+21,1.07313E+16,4.96744E+16
85312,9.17071E+18,9,5,75,167,2017,7,9,5,3,2,6,0,1,0,0,0,0,0,6.24423E+20,5.50357E+21,1.07245E+16,4.96718E+16
85313,9.17071E+18,9,5,75,165,2017,7,9,5,2,8,1,0,0,0,1,0,0,0,6.02628E+20,5.49335E+21,1.04198E+16,4.9584E+16
85314,9.17071E+18,9,5,71,165,2017,7,16,5,3,4,6,0,1,0,0,0,0,0,6.29725E+20,5.46963E+21,1.07867E+16,4.93656E+16
85315,9.17071E+18,9,5,61,0,2017,7,15,5,3,1,6,0,1,0,0,0,0,0,6.15463E+20,5.45818E+21,1.05871E+16,4.92655E+16
85316,9.17071E+18,9,7,76,130,2017,7,15,5,3,3,6,0,1,0,0,0,0,0,5.55214E+20,5.27137E+21,9.73443E+15,4.75934E+16
85317,9.17071E+18,9,1,84,112,2017,7,7,5,3,5,3,1,1,0,0,0,0,0,7.01351E+20,5.34019E+21,1.17089E+16,4.8183E+16
85318,9.17071E+18,9,1,88,145,2017,7,14,6,2,5,3,0,1,0,1,0,0,0,6.65734E+20,5.32841E+21,1.12256E+16,4.80874E+16
85319,9.17071E+18,9,1,61,0,2017,7,22,6,3,2,6,0,1,0,0,0,2,1,6.79534E+20,5.40504E+21,1.14436E+16,4.87725E+16
85320,9.17071E+18,9,1,89,154,2017,7,17,6,3,5,7,1,1,0,0,0,0,1,7.67542E+20,5.31879E+21,1.25845E+16,4.79664E+16
85321,9.17071E+18,9,1,79,142,2017,7,17,6,3,1,6,0,1,0,0,1,0,0,6.71027E+20,5.34138E+21,1.13018E+16,4.82026E+16
85322,9.17071E+18,9,1,61,0,2017,7,18,6,3,2,6,0,1,0,0,0,0,1,6.79271E+20,5.4031E+21,1.14391E+16,4.87551E+16
85323,9.17071E+18,9,1,89,155,2017,7,8,6,3,4,2,0,1,0,0,0,0,0,7.72457E+20,5.31028E+21,1.26448E+16,4.7888E+16
85324,9.17071E+18,9,2,74,126,2017,7,18,6,3,5,3,1,1,0,0,0,0,0,7.3391E+20,5.38247E+21,1.21699E+16,4.85517E+16
85325,9.17071E+18,9,3,61,0,2017,7,5,6,2,5,3,0,1,0,0,0,1,1,7.09583E+20,5.47962E+21,1.18907E+16,4.94331E+16