OBJECTID,UIDENTSTLA,ULAND,UREGBEZ,UKREIS,UGEMEINDE,UJAHR,UMONAT,USTUNDE,UWOCHENTAG,UKATEGORIE,UART,UTYP1,IstRad,IstPKW,IstFuss,IstKrad,IstSonstig,LICHT,STRZUSTAND,LINREFX,LINREFY,XGCSWGS84,YGCSWGS84
86189,9.17071E+18,9,7,72,131,2017,7,6,2,3,8,1,0,1,0,0,0,0,1,6.20092E+20,5.35671E+21,1.0621E+16,4.83521E+16
86190,9.17072E+18,9,7,72,147,2017,7,12,7,3,2,2,0,1,0,0,0,0,0,6.38164E+20,5.36513E+21,1.08676E+16,4.84241E+16
86191,9.17072E+18,9,7,71,145,2017,7,17,7,2,4,2,1,1,0,0,0,0,0,6.44878E+20,5.3445E+21,1.09512E+16,4.82371E+16
86192,9.17072E+18,9,6,63,0,2017,7,12,7,3,1,6,0,1,0,0,0,0,0,5.67888E+20,5.51424E+21,9.94292E+15,4.97768E+16
86193,9.17072E+18,9,6,78,190,2017,7,16,7,3,0,1,0,0,0,1,0,0,0,5.82691E+20,5.53522E+21,1.0153E+16,4.99636E+16
86194,9.17072E+18,9,6,76,125,2017,7,17,7,3,4,1,0,1,0,1,0,0,0,5.17002E+20,5.50958E+21,9.23596E+15,4.97385E+16
86195,9.17072E+18,9,6,71,111,2017,7,12,7,3,4,7,0,1,0,0,0,0,0,5.04909E+20,5.54457E+21,9.06857E+15,5.00534E+16
86196,9.17072E+18,9,5,74,138,2017,7,10,7,3,2,6,0,1,0,0,0,0,0,6.64949E+20,5.4846E+21,1.12778E+16,4.94916E+16
86197,9.17072E+18,9,5,76,111,2017,7,9,7,3,5,3,0,1,0,0,0,0,0,6.44554E+20,5.45669E+21,1.09862E+16,4.92459E+16
86198,9.17072E+18,9,5,65,0,2017,7,11,7,3,0,7,1,0,0,0,0,0,0,6.46509E+20,5.46526E+21,1.10162E+16,4.93225E+16
86199,9.17072E+18,9,5,76,142,2017,7,12,7,3,5,3,0,1,0,0,0,0,0,6.4187E+20,5.46681E+21,1.09529E+16,4.93375E+16
86200,9.17072E+18,9,5,76,127,2017,7,13,7,3,7,7,0,1,0,0,0,0,0,6.58478E+20,5.44587E+21,1.11731E+16,4.91452E+16
86201,9.17072E+18,9,5,64,0,2017,7,17,7,3,5,1,1,1,0,0,0,0,0,6.48136E+20,5.47727E+21,1.1043E+16,4.943E+16
86202,9.17072E+18,9,5,73,127,2017,7,12,7,3,5,3,1,1,0,0,0,0,0,6.46294E+20,5.47557E+21,1.1017E+16,4.94152E+16
86203,9.17072E+18,9,5,73,127,2017,7,15,7,3,3,6,0,1,0,0,0,0,0,6.43909E+20,5.47352E+21,1.09834E+16,4.93974E+16
86204,9.17072E+18,9,5,77,161,2017,7,11,7,3,5,2,0,1,0,0,0,0,0,6.43004E+20,5.4407E+21,1.09592E+16,4.91025E+16
86205,9.17072E+18,9,5,77,177,2017,7,13,7,3,5,3,0,1,0,0,0,0,0,6.4992E+20,5.43319E+21,1.10511E+16,4.90334E+16
86206,9.17072E+18,9,5,71,226,2017,7,16,7,2,5,3,0,1,0,1,0,0,0,6.35746E+20,5.45436E+21,1.08644E+16,4.9227E+16
86207,9.17072E+18,9,5,75,168,2017,7,15,7,2,5,3,0,1,0,1,0,0,0,5.8807E+20,5.48864E+21,1.02174E+16,4.95439E+16
86208,9.17072E+18,9,4,71,123,2017,7,11,7,3,8,1,0,1,0,0,0,0,0,6.45891E+20,5.51766E+21,1.10271E+16,4.97937E+16
86209,9.17072E+18,9,2,74,193,2017,7,13,1,3,0,1,1,0,0,0,0,0,0,7.46751E+20,5.36322E+21,1.23322E+16,4.83739E+16
86210,9.17072E+18,9,2,74,128,2017,7,10,1,3,4,6,1,0,0,0,0,0,0,7.35586E+20,5.38827E+21,1.21958E+16,4.86031E+16
86211,9.17072E+18,9,2,73,137,2017,7,12,1,3,8,1,0,1,0,0,0,0,0,7.12058E+20,5.42489E+21,1.1896E+16,4.89405E+16
86212,9.17072E+18,9,1,80,123,2017,7,21,1,2,0,1,0,0,0,1,0,2,0,6.70757E+20,5.25852E+21,1.12655E+16,4.74577E+16
86213,9.17072E+18,9,1,80,117,2017,7,16,1,3,1,6,0,1,0,0,0,0,0,6.55427E+20,5.26089E+21,1.10631E+16,4.74829E+16
86214,9.17072E+18,9,1,73,113,2017,7,1,1,2,4,7,1,0,1,0,0,2,0,6.80434E+20,5.28561E+21,1.14049E+16,4.76986E+16
86215,9.17072E+18,9,1,73,112,2017,7,11,1,3,5,2,1,1,0,0,0,0,0,6.9154E+20,5.29226E+21,1.15557E+16,4.77553E+16
86216,9.17072E+18,9,1,73,145,2017,7,15,1,2,0,6,1,0,0,0,0,0,0,6.89904E+20,5.29177E+21,1.15337E+16,4.77513E+16
86217,9.17072E+18,9,1,89,124,2017,7,17,1,3,5,2,0,1,0,1,0,0,0,7.80581E+20,5.29767E+21,1.27451E+16,4.77712E+16
86218,9.17072E+18,9,1,89,145,2017,7,11,1,3,3,3,0,1,0,0,0,0,0,7.73395E+20,5.30162E+21,1.26519E+16,4.78098E+16
86219,9.17072E+18,9,1,83,112,2017,7,17,1,3,5,3,0,1,0,1,0,0,0,7.54286E+20,5.35182E+21,1.24269E+16,4.82685E+16
86220,9.17072E+18,9,4,74,160,2017,7,1,7,3,9,1,0,1,0,0,0,2,1,6.50017E+20,5.50442E+21,1.10793E+16,4.96736E+16
86221,9.17072E+18,9,3,74,132,2017,7,12,7,3,8,1,0,0,0,1,0,0,0,7.34244E+20,5.49997E+21,1.22424E+16,4.96068E+16
86222,9.17072E+18,9,3,75,210,2017,7,23,7,2,7,7,0,0,0,1,0,2,0,7.47277E+20,5.43234E+21,1.23807E+16,4.89944E+16
86223,9.17072E+18,9,3,73,147,2017,7,7,7,3,8,1,0,1,0,0,0,0,1,6.81363E+20,5.46168E+21,1.14938E+16,4.9281E+16
86224,9.17072E+18,9,3,76,144,2017,7,17,7,2,2,6,0,1,0,0,0,0,0,7.26131E+20,5.48228E+21,1.21202E+16,4.9451E+16
86225,9.17072E+18,9,3,71,151,2017,7,19,7,3,0,1,0,0,0,1,0,0,0,7.01799E+20,5.48537E+21,1.17864E+16,4.94874E+16
86226,9.17072E+18,9,1,89,160,2017,7,12,1,3,4,6,1,0,0,0,0,0,0,7.60256E+20,5.29133E+21,1.24706E+16,4.77229E+16
86227,9.17072E+18,9,1,72,129,2017,7,13,1,2,0,1,1,0,0,0,0,0,0,7.86338E+20,5.27645E+21,1.28079E+16,4.75782E+16
86228,9.17072E+18,9,1,71,123,2017,7,0,1,3,9,1,0,1,0,0,0,2,0,7.84166E+20,5.35318E+21,1.28296E+16,4.8268E+16
86229,9.17072E+18,9,1,71,133,2017,7,16,1,2,0,7,1,0,0,0,0,0,0,7.70976E+20,5.34753E+21,1.26486E+16,4.8223E+16
86230,9.17072E+18,9,1,87,167,2017,7,17,1,3,5,3,0,1,0,1,0,0,0,7.43703E+20,5.30143E+21,1.22559E+16,4.782E+16
86231,9.17072E+18,9,1,82,125,2017,7,17,1,3,3,2,0,1,0,1,0,0,0,7.12439E+20,5.2963E+21,1.18362E+16,4.7785E+16
86232,9.17072E+18,9,1,87,165,2017,7,9,1,3,3,7,1,0,0,0,0,0,0,7.30285E+20,5.29767E+21,1.20749E+16,4.77912E+16
86233,9.17072E+18,9,1,61,0,2017,7,21,1,3,0,1,1,0,0,0,0,2,0,6.76648E+20,5.40874E+21,1.14059E+16,4.88065E+16
86234,9.17072E+18,9,1,86,137,2017,7,17,1,3,2,6,0,1,0,0,0,0,0,6.83321E+20,5.39657E+21,1.14913E+16,4.86952E+16
86235,9.17072E+18,9,1,86,152,2017,7,21,1,3,8,1,0,1,0,0,0,2,0,6.93623E+20,5.3761E+21,1.16216E+16,4.85081E+16
86236,9.17072E+18,9,1,86,162,2017,7,11,1,3,9,1,0,0,0,1,0,0,0,6.95693E+20,5.38868E+21,1.16555E+16,4.86206E+16
86237,9.17072E+18,9,1,76,123,2017,7,15,1,3,2,2,0,1,0,1,0,0,0,6.60008E+20,5.4174E+21,1.11828E+16,4.88889E+16
86238,9.17072E+18,9,1,76,123,2017,7,21,1,3,8,1,0,0,0,1,0,1,0,6.57986E+20,5.41892E+21,1.11559E+16,4.8903E+16
86239,9.17072E+18,9,1,76,138,2017,7,8,1,2,0,1,1,0,0,0,0,0,0,6.71528E+20,5.42447E+21,1.13428E+16,4.89494E+16
86240,9.17072E+18,9,1,88,113,2017,7,10,1,3,5,3,1,1,0,0,0,0,0,6.75649E+20,5.31486E+21,1.13531E+16,4.79629E+16
86241,9.17072E+18,9,1,81,145,2017,7,11,1,2,0,1,1,0,0,0,0,0,0,6.44448E+20,5.33102E+21,1.09408E+16,4.81161E+16
86242,9.17072E+18,9,1,88,145,2017,7,18,1,3,0,7,1,0,0,0,0,0,0,6.64035E+20,5.3271E+21,1.12023E+16,4.80761E+16
86243,9.17072E+18,9,1,88,121,2017,7,16,1,3,5,2,1,1,0,0,0,0,0,6.71501E+20,5.33073E+21,1.13039E+16,4.81067E+16
86244,9.17072E+18,9,1,81,114,2017,7,12,1,3,8,1,0,0,0,1,0,0,0,6.52289E+20,5.31184E+21,1.10393E+16,4.79417E+16
86245,9.17072E+18,9,1,74,131,2017,7,14,1,3,8,1,0,1,0,0,0,0,0,6.73907E+20,5.36264E+21,1.13493E+16,4.8393E+16
86246,9.17072E+18,9,1,75,127,2017,7,13,1,3,6,4,0,1,1,0,0,0,0,7.13246E+20,5.34117E+21,1.18693E+16,4.81879E+16
86247,9.17072E+18,9,1,78,137,2017,7,8,1,2,9,1,0,0,0,1,0,0,0,6.90434E+20,5.36179E+21,1.1572E+16,4.83805E+16
86248,9.17072E+18,9,1,77,139,2017,7,11,1,3,5,3,1,1,0,0,0,0,0,7.31249E+20,5.35631E+21,1.21194E+16,4.83177E+16
86249,9.17072E+18,9,1,62,0,2017,7,8,7,3,5,3,0,1,0,0,0,0,1,6.85232E+20,5.3289E+21,1.14874E+16,4.80865E+16
86250,9.17072E+18,9,7,75,139,2017,7,6,7,2,2,6,0,1,0,0,1,0,0,5.78739E+20,5.36734E+21,1.00649E+16,4.84543E+16
86251,9.17072E+18,9,7,74,155,2017,7,22,7,2,3,7,0,1,0,0,0,2,0,5.89941E+20,5.36557E+21,1.0216E+16,4.84369E+16
86252,9.17072E+18,9,7,75,152,2017,7,15,7,3,5,3,1,0,0,0,0,0,0,5.77212E+20,5.35313E+21,1.00417E+16,4.83266E+16
86253,9.17072E+18,9,7,74,174,2017,7,17,7,3,8,1,0,0,0,1,0,0,0,6.00788E+20,5.36819E+21,1.03633E+16,4.84588E+16
86254,9.17072E+18,9,7,76,116,2017,7,10,7,3,4,2,0,1,0,0,0,0,0,5.52354E+20,5.26687E+21,9.69586E+15,4.75531E+16
86255,9.17072E+18,9,7,77,159,2017,7,15,7,3,5,3,1,0,0,0,1,0,0,6.17149E+20,5.27096E+21,1.05579E+16,4.75815E+16
86256,9.17072E+18,9,7,79,111,2017,7,13,7,3,0,7,1,0,0,0,0,0,1,6.20011E+20,5.40964E+21,1.06352E+16,4.88281E+16
86257,9.17072E+18,9,7,79,185,2017,7,11,7,3,2,2,0,1,0,1,0,0,0,6.15459E+20,5.40738E+21,1.05726E+16,4.88087E+16
86258,9.17072E+18,9,3,76,159,2017,7,14,7,3,5,3,0,1,0,0,1,0,0,7.24066E+20,5.47949E+21,1.20901E+16,4.94268E+16
86259,9.17072E+18,9,3,76,149,2017,7,3,7,3,9,1,0,1,0,0,0,2,1,7.32693E+20,5.45589E+21,1.21952E+16,4.92116E+16
86260,9.17072E+18,9,3,76,141,2017,7,11,7,3,5,3,1,1,0,0,0,0,0,7.25668E+20,5.45348E+21,1.20975E+16,4.91926E+16
86261,9.17072E+18,9,2,71,119,2017,7,11,7,3,2,6,0,1,0,0,0,0,0,7.89569E+20,5.41549E+21,1.29456E+16,4.88248E+16
86262,9.17072E+18,9,2,76,143,2017,7,9,7,2,0,1,0,1,0,0,0,0,1,7.92018E+20,5.44006E+21,1.29964E+16,4.90442E+16
86263,9.17072E+18,9,2,63,0,2017,7,17,7,3,5,3,0,1,0,0,0,0,0,7.62353E+20,5.41741E+21,1.25768E+16,4.88541E+16
86264,9.17072E+18,9,2,76,138,2017,7,10,7,3,9,1,0,1,0,0,0,0,1,8.02534E+20,5.43206E+21,1.3134E+16,4.89673E+16
86265,9.17072E+18,9,2,71,151,2017,7,13,7,3,5,3,0,1,0,0,0,0,0,7.81486E+20,5.41144E+21,1.28329E+16,4.87922E+16
86266,9.17072E+18,9,2,78,187,2017,7,11,7,3,3,6,0,0,0,1,0,0,0,7.83607E+20,5.42488E+21,1.2871E+16,4.89118E+16
86267,9.17072E+18,9,2,62,0,2017,7,11,7,3,3,6,0,1,0,0,1,0,0,8.28897E+20,5.39012E+21,1.34596E+16,4.85777E+16
86268,9.17072E+18,9,2,77,116,2017,7,12,7,3,8,7,0,1,0,0,0,0,0,7.8032E+20,5.36878E+21,1.27883E+16,4.84097E+16
86269,9.17072E+18,9,2,74,128,2017,7,22,7,2,2,6,0,1,0,0,0,2,0,7.42197E+20,5.3901E+21,1.22864E+16,4.86171E+16
86270,9.17072E+18,9,2,61,0,2017,7,16,7,3,3,6,0,1,0,0,0,0,0,7.34542E+20,5.38177E+21,1.2178E+16,4.85451E+16
86271,9.17072E+18,9,2,73,111,2017,7,6,7,3,4,6,0,1,0,0,0,0,1,7.07819E+20,5.40954E+21,1.18304E+16,4.8804E+16
86272,9.17072E+18,9,1,73,130,2017,7,17,7,3,9,1,0,1,0,0,0,0,0,6.7954E+20,5.3124E+21,1.14041E+16,4.79397E+16
86273,9.17072E+18,9,1,80,129,2017,7,18,7,2,5,3,0,1,0,0,0,0,0,6.52068E+20,5.27954E+21,1.1025E+16,4.76514E+16
86274,9.17072E+18,9,1,73,133,2017,7,3,7,3,2,7,0,1,0,0,0,2,1,6.80198E+20,5.28372E+21,1.1401E+16,4.76818E+16
86275,9.17072E+18,9,1,72,122,2017,7,12,7,3,0,7,0,0,0,1,0,0,0,7.93644E+20,5.31677E+21,1.2932E+16,4.79368E+16
86276,9.17072E+18,9,1,84,114,2017,7,17,7,3,2,6,0,1,0,0,0,0,0,7.01503E+20,5.31382E+21,1.16986E+16,4.7946E+16
86277,9.17072E+18,9,1,87,117,2017,7,1,7,3,9,1,0,1,0,0,0,2,1,7.25386E+20,5.30235E+21,1.2012E+16,4.7835E+16
86278,9.17072E+18,9,1,76,167,2017,7,11,7,3,1,6,0,1,0,0,0,0,0,6.7723E+20,5.41068E+21,1.14147E+16,4.88238E+16
86279,9.17072E+18,9,1,86,147,2017,7,9,7,3,2,6,0,1,0,0,0,0,0,6.85089E+20,5.39204E+21,1.15133E+16,4.8654E+16
86280,9.17072E+18,9,1,61,0,2017,7,12,7,3,1,6,0,1,0,0,0,0,0,6.82295E+20,5.40631E+21,1.14817E+16,4.87831E+16
86281,9.17072E+18,9,1,81,122,2017,7,15,7,2,4,2,0,1,0,1,0,0,0,6.47995E+20,5.33214E+21,1.09888E+16,4.81253E+16
86282,9.17072E+18,9,1,81,113,2017,7,12,7,2,8,1,0,0,0,1,0,0,0,6.41175E+20,5.30816E+21,1.08893E+16,4.79112E+16
86283,9.17072E+18,9,1,88,120,2017,7,22,7,3,8,1,0,1,0,0,0,2,0,6.72062E+20,5.3258E+21,1.13094E+16,4.80622E+16
86284,9.17072E+18,9,1,74,126,2017,7,17,7,3,5,3,0,1,0,1,0,0,0,6.83873E+20,5.34378E+21,1.14756E+16,4.82205E+16
86285,9.17072E+18,9,1,62,0,2017,7,12,7,3,2,6,0,1,0,0,0,0,0,6.96498E+20,5.34318E+21,1.16451E+16,4.82114E+16
86286,9.17072E+18,9,1,84,149,2017,7,7,7,3,2,7,0,1,0,0,1,0,0,6.88979E+20,5.35017E+21,1.15471E+16,4.82765E+16
86287,9.17072E+18,9,1,84,135,2017,7,13,7,3,2,6,0,1,0,0,0,0,0,6.93066E+20,5.34497E+21,1.15998E+16,4.82286E+16
86288,9.17072E+18,9,1,75,135,2017,7,15,7,2,5,3,1,0,0,1,0,0,0,7.09395E+20,5.33794E+21,1.18159E+16,4.81602E+16
86289,9.17072E+18,9,1,78,123,2017,7,20,7,3,7,1,1,0,0,0,0,1,0,6.87923E+20,5.35943E+21,1.1537E+16,4.836E+16
86290,9.17072E+18,9,1,78,124,2017,7,16,7,2,2,6,0,1,0,0,0,0,0,7.03384E+20,5.36723E+21,1.17493E+16,4.84254E+16
86291,9.17072E+18,9,1,77,117,2017,7,14,7,3,8,1,0,1,0,0,0,0,0,7.16849E+20,5.35048E+21,1.19224E+16,4.82703E+16
86292,9.17072E+18,9,1,75,136,2017,7,6,7,3,8,1,0,1,0,0,0,0,0,7.26031E+20,5.31979E+21,1.20297E+16,4.79915E+16
86293,9.17072E+18,9,1,75,121,2017,7,19,7,3,8,1,0,1,0,0,0,0,0,7.13887E+20,5.31856E+21,1.18666E+16,4.79846E+16
86294,9.17072E+18,9,1,75,115,2017,7,5,7,3,9,7,0,0,0,0,1,1,1,7.18495E+20,5.33518E+21,1.19367E+16,4.81323E+16
86295,9.17071E+18,9,1,62,0,2017,7,7,6,3,5,2,1,1,0,0,0,0,1,6.91254E+20,5.33926E+21,1.15728E+16,4.81778E+16
86296,9.17071E+18,9,1,84,123,2017,7,17,6,3,2,6,0,1,0,0,0,0,0,7.04379E+20,5.33154E+21,1.17455E+16,4.81043E+16
86297,9.17071E+18,9,1,62,0,2017,7,7,6,3,3,7,1,1,0,0,0,0,0,6.95278E+20,5.33403E+21,1.16245E+16,4.81295E+16
86298,9.17071E+18,9,7,78,120,2017,7,17,6,3,8,1,0,1,0,0,0,0,0,5.89655E+20,5.3287E+21,1.02043E+16,4.81052E+16
86299,9.17071E+18,9,7,78,216,2017,7,13,6,2,8,1,0,1,0,0,0,0,1,6.26123E+20,5.32122E+21,1.06918E+16,4.80318E+16
86300,9.17071E+18,9,7,80,128,2017,7,16,6,3,8,1,0,1,0,0,0,0,0,6.09572E+20,5.27888E+21,1.04592E+16,4.7654E+16
86301,9.17071E+18,9,7,80,146,2017,7,12,6,3,8,1,0,0,0,1,0,0,1,5.8772E+20,5.28834E+21,1.01701E+16,4.77425E+16
86302,9.17071E+18,9,7,77,118,2017,7,5,6,2,9,1,1,0,0,0,0,1,0,6.25882E+20,5.29746E+21,1.06816E+16,4.78182E+16
86303,9.17071E+18,9,7,77,167,2017,7,17,6,2,0,1,1,0,0,0,0,0,1,6.18906E+20,5.297E+21,1.05884E+16,4.78153E+16
86304,9.17071E+18,9,7,76,116,2017,7,10,6,3,4,2,0,1,0,0,0,0,0,5.52354E+20,5.26687E+21,9.69585E+15,4.75531E+16
86305,9.17071E+18,9,7,77,130,2017,7,12,6,2,9,6,0,1,0,1,0,0,0,6.23594E+20,5.3071E+21,1.06538E+16,4.79053E+16
86306,9.17071E+18,9,7,77,159,2017,7,7,6,2,9,7,0,0,0,0,1,0,0,6.17115E+20,5.27071E+21,1.05574E+16,4.75792E+16
86307,9.17071E+18,9,7,77,121,2017,7,13,6,3,0,2,1,0,0,0,0,0,1,6.28215E+20,5.32159E+21,1.072E+16,4.80347E+16
86308,9.17071E+18,9,7,79,201,2017,7,10,6,3,6,2,0,1,1,0,0,0,0,6.41354E+20,5.39485E+21,1.09208E+16,4.86906E+16
86309,9.17071E+18,9,7,79,147,2017,7,17,6,3,2,5,0,1,0,0,0,0,0,6.06618E+20,5.42519E+21,1.04568E+16,4.89705E+16
86310,9.17071E+18,9,7,79,147,2017,7,18,6,3,5,3,1,0,0,0,1,0,0,6.10905E+20,5.42694E+21,1.05159E+16,4.89854E+16
86311,9.17071E+18,9,7,73,125,2017,7,7,6,3,5,3,1,0,0,0,1,0,0,6.09776E+20,5.38183E+21,1.04884E+16,4.858E+16
86312,9.17071E+18,9,7,72,111,2017,7,21,6,3,2,6,0,1,0,0,0,1,0,6.28072E+20,5.36406E+21,1.07309E+16,4.84167E+16
86313,9.17071E+18,9,7,72,184,2017,7,8,6,3,2,6,0,1,0,0,0,0,0,6.33089E+20,5.35889E+21,1.0797E+16,4.83692E+16
86314,9.17071E+18,9,7,72,202,2017,7,14,6,3,1,6,0,1,0,0,1,0,0,6.36312E+20,5.35974E+21,1.08408E+16,4.83761E+16
86315,9.17071E+18,9,7,61,0,2017,7,14,6,3,0,7,1,0,0,0,0,0,0,6.42049E+20,5.36486E+21,1.092E+16,4.84208E+16
86316,9.17071E+18,9,7,71,113,2017,7,13,6,3,4,6,0,1,0,0,0,0,1,6.59187E+20,5.36648E+21,1.11521E+16,4.84313E+16
86317,9.17071E+18,9,6,79,204,2017,7,15,6,2,3,6,0,1,0,0,0,0,0,5.56197E+20,5.51249E+21,9.7803E+15,4.97622E+16
86318,9.17071E+18,9,6,63,0,2017,7,16,6,3,0,3,1,1,0,0,0,0,0,5.69195E+20,5.5191E+21,9.96193E+15,4.98204E+16
86319,9.17071E+18,9,6,77,157,2017,7,22,6,3,2,5,0,1,0,0,0,2,1,5.40161E+20,5.51926E+21,9.55836E+15,4.98244E+16
86320,9.17071E+18,9,6,77,155,2017,7,17,6,3,2,7,0,1,0,0,0,0,0,5.43248E+20,5.54015E+21,9.60361E+15,5.00121E+16
86321,9.17071E+18,9,6,75,178,2017,7,17,6,2,8,7,1,0,0,0,0,0,0,5.97349E+20,5.51699E+21,1.03527E+16,4.97974E+16
86322,9.17071E+18,9,6,75,117,2017,7,11,6,3,2,6,0,1,0,0,0,0,0,5.83899E+20,5.51722E+21,1.01659E+16,4.98016E+16
86323,9.17071E+18,9,6,77,203,2017,7,21,6,2,0,1,1,0,0,0,0,1,0,5.59032E+20,5.52836E+21,9.82208E+15,4.99047E+16
86324,9.17071E+18,9,6,74,201,2017,7,17,6,2,8,1,0,0,0,1,0,0,0,6.24408E+20,5.53649E+21,1.07348E+16,4.99678E+16
86325,9.17071E+18,9,6,72,135,2017,7,9,6,3,5,3,0,1,0,0,0,0,0,5.93624E+20,5.56801E+21,1.03134E+16,5.02568E+16
86326,9.17071E+18,9,6,71,157,2017,7,18,6,3,2,6,0,1,0,0,0,0,0,5.28805E+20,5.52676E+21,9.40103E+15,4.98925E+16
86327,9.17071E+18,9,6,71,134,2017,7,7,6,3,2,6,0,1,0,0,0,0,0,5.01468E+20,5.55011E+21,9.02053E+15,5.01033E+16
86328,9.17071E+18,9,6,77,182,2017,7,16,6,3,2,6,0,1,0,0,0,0,0,5.36151E+20,5.52187E+21,9.50285E+15,4.98481E+16
86329,9.17071E+18,9,6,76,134,2017,7,0,6,3,4,6,0,1,0,0,0,2,0,5.12947E+20,5.51112E+21,9.17973E+15,4.97524E+16
86330,9.17071E+18,9,6,71,136,2017,7,11,6,3,0,3,0,1,0,1,0,0,0,5.03412E+20,5.54112E+21,9.04764E+15,5.00224E+16
86331,9.17071E+18,9,5,72,160,2017,7,23,6,3,3,6,0,1,0,0,0,2,1,6.24788E+20,5.51027E+21,1.07317E+16,4.9732E+16
86332,9.17071E+18,9,5,62,0,2017,7,16,6,3,2,6,0,1,0,0,0,0,0,6.44079E+20,5.49186E+21,1.09924E+16,4.95622E+16
86333,9.17071E+18,9,5,72,132,2017,7,14,6,3,2,6,0,1,0,0,0,0,0,6.38555E+20,5.49274E+21,1.09164E+16,4.95714E+16
86334,9.17071E+18,9,5,62,0,2017,7,8,6,3,5,2,0,1,0,1,0,0,0,6.43828E+20,5.49103E+21,1.09886E+16,4.95547E+16
86335,9.17071E+18,9,5,74,138,2017,7,15,6,2,0,1,1,0,0,0,0,0,0,6.63243E+20,5.4884E+21,1.12558E+16,4.95262E+16
86336,9.17071E+18,9,5,74,138,2017,7,8,6,3,5,3,0,1,0,0,0,0,0,6.6464E+20,5.4859E+21,1.1274E+16,4.95034E+16
86337,9.17071E+18,9,5,76,126,2017,7,13,6,3,1,5,0,1,0,0,0,0,0,6.55159E+20,5.44435E+21,1.1127E+16,4.91324E+16
86338,9.17071E+18,9,5,63,0,2017,7,7,6,3,4,2,0,1,0,1,0,0,0,6.43887E+20,5.48128E+21,1.09859E+16,4.94671E+16
86339,9.17071E+18,9,5,63,0,2017,7,20,6,3,1,6,0,1,0,1,0,0,1,6.44293E+20,5.4822E+21,1.09918E+16,4.94752E+16
86340,9.17071E+18,9,5,64,0,2017,7,18,6,3,0,5,1,1,0,0,0,1,1,6.47693E+20,5.48022E+21,1.1038E+16,4.94566E+16
86341,9.17071E+18,9,5,64,0,2017,7,15,6,3,5,7,0,1,0,0,0,0,0,6.52314E+20,5.47752E+21,1.11007E+16,4.94312E+16
86342,9.17071E+18,9,5,64,0,2017,7,13,6,3,0,7,1,0,0,0,0,0,0,6.54647E+20,5.48094E+21,1.11342E+16,4.94614E+16
86343,9.17071E+18,9,5,64,0,2017,7,20,6,3,4,3,0,1,0,0,0,0,1,6.48774E+20,5.4748E+21,1.10509E+16,4.94076E+16
86344,9.17071E+18,9,5,73,114,2017,7,12,6,2,3,6,0,1,0,1,0,0,0,6.33939E+20,5.4789E+21,1.08479E+16,4.9448E+16
86345,9.17071E+18,9,5,73,134,2017,7,10,6,3,2,6,0,1,0,0,0,0,0,6.42159E+20,5.47908E+21,1.09613E+16,4.94478E+16
86346,9.17071E+18,9,5,61,0,2017,7,5,6,1,6,4,0,0,1,0,1,1,0,6.11141E+20,5.45795E+21,1.05276E+16,4.92642E+16
86347,9.17071E+18,9,5,71,166,2017,7,13,6,2,2,6,0,1,0,0,0,0,0,6.0943E+20,5.45754E+21,1.0504E+16,4.92608E+16
86348,9.17071E+18,9,5,71,180,2017,7,13,6,3,4,6,0,1,0,0,1,0,0,6.30353E+20,5.46308E+21,1.07933E+16,4.93066E+16
86349,9.17071E+18,9,5,71,136,2017,7,23,6,3,4,2,0,1,0,0,0,2,1,5.96678E+20,5.43614E+21,1.03237E+16,4.90706E+16
86350,9.17071E+18,9,5,71,136,2017,7,18,6,3,5,3,0,1,0,1,0,0,0,5.96812E+20,5.43555E+21,1.03254E+16,4.90652E+16
86351,9.17071E+18,9,4,75,145,2017,7,18,6,3,2,5,0,1,0,0,0,0,1,7.0036E+20,5.57475E+21,1.18129E+16,5.02908E+16
86352,9.17071E+18,9,4,75,175,2017,7,0,6,3,2,6,0,0,0,0,1,2,0,6.95958E+20,5.55791E+21,1.17425E+16,5.0141E+16
86353,9.17071E+18,9,4,75,145,2017,7,18,6,3,9,1,0,1,0,0,0,0,1,7.0008E+20,5.57534E+21,1.18093E+16,5.02962E+16
86354,9.17071E+18,9,4,64,0,2017,7,11,6,3,5,3,0,0,0,1,1,0,0,7.07064E+20,5.57795E+21,1.19087E+16,5.03172E+16
86355,9.17071E+18,9,4,77,139,2017,7,18,6,3,2,1,0,1,0,0,0,0,1,6.90342E+20,5.55085E+21,1.16605E+16,5.00794E+16
86356,9.17071E+18,9,4,72,115,2017,7,10,6,2,8,1,0,1,0,0,0,0,0,6.59687E+20,5.52964E+21,1.12236E+16,4.98978E+16
86357,9.17071E+18,9,4,72,139,2017,7,18,6,3,9,6,0,1,0,0,0,0,1,6.94072E+20,5.55288E+21,1.17136E+16,5.00964E+16
86358,9.17071E+18,9,4,71,207,2017,7,20,6,3,2,6,0,1,0,0,0,0,0,6.27459E+20,5.53281E+21,1.07761E+16,4.9934E+16
86359,9.17071E+18,9,4,74,176,2017,7,14,6,3,5,3,0,1,0,0,0,0,0,6.63962E+20,5.51985E+21,1.12789E+16,4.98086E+16
86360,9.17071E+18,9,3,74,162,2017,7,15,6,3,5,3,0,1,0,0,0,0,0,7.39478E+20,5.50056E+21,1.23151E+16,4.96101E+16