OBJECTID,UIDENTSTLA,ULAND,UREGBEZ,UKREIS,UGEMEINDE,UJAHR,UMONAT,USTUNDE,UWOCHENTAG,UKATEGORIE,UART,UTYP1,IstRad,IstPKW,IstFuss,IstKrad,IstSonstig,LICHT,STRZUSTAND,LINREFX,LINREFY,XGCSWGS84,YGCSWGS84
86361,9.17071E+18,9,3,74,129,2017,7,11,6,3,8,7,0,0,0,1,0,0,1,6.90374E+20,5.51915E+21,1.16453E+16,4.97946E+16
86362,9.17071E+18,9,3,74,129,2017,7,15,6,1,8,1,0,1,0,0,0,0,0,6.96339E+20,5.51347E+21,1.17252E+16,4.97417E+16
86363,9.17071E+18,9,3,73,151,2017,7,18,6,3,9,1,0,1,0,0,0,0,1,6.94569E+20,5.45329E+21,1.16711E+16,4.92015E+16
86364,9.17071E+18,9,3,75,180,2017,7,16,6,3,2,6,0,1,0,0,0,0,0,7.24652E+20,5.43095E+21,1.20711E+16,4.89906E+16
86365,9.17071E+18,9,3,75,165,2017,7,17,6,3,0,1,1,0,0,0,0,0,0,7.24652E+20,5.43738E+21,1.20746E+16,4.90483E+16
86366,9.17071E+18,9,3,73,115,2017,7,18,6,2,4,2,0,0,0,1,1,0,1,6.95457E+20,5.44197E+21,1.16778E+16,4.90995E+16
86367,9.17071E+18,9,3,76,162,2017,7,23,6,2,2,6,0,1,0,0,0,2,0,7.29671E+20,5.47871E+21,1.21669E+16,4.94177E+16
86368,9.17071E+18,9,3,76,150,2017,7,21,6,3,8,1,0,1,0,0,0,1,1,7.27015E+20,5.49484E+21,1.21396E+16,4.95635E+16
86369,9.17071E+18,9,3,61,0,2017,7,17,6,3,2,6,0,1,0,0,0,0,0,7.08795E+20,5.4801E+21,1.18801E+16,4.94377E+16
86370,9.17071E+18,9,2,78,139,2017,7,17,6,2,2,6,0,1,0,0,0,0,0,7.71483E+20,5.42645E+21,1.2707E+16,4.89313E+16
86371,9.17071E+18,9,2,76,138,2017,7,8,6,3,0,1,0,0,0,1,0,0,0,8.03166E+20,5.43182E+21,1.31424E+16,4.89648E+16
86372,9.17071E+18,9,2,78,139,2017,7,7,6,3,2,6,0,1,0,0,0,0,0,7.73707E+20,5.4291E+21,1.2739E+16,4.89542E+16
86373,9.17071E+18,9,2,78,154,2017,7,5,6,3,9,1,0,1,0,0,0,0,0,7.7557E+20,5.43129E+21,1.27659E+16,4.8973E+16
86374,9.17071E+18,9,2,75,126,2017,7,17,6,3,3,2,0,1,0,1,0,0,0,8.39261E+20,5.39819E+21,1.36063E+16,4.86446E+16
86375,9.17071E+18,9,2,75,119,2017,7,11,6,3,5,3,0,1,0,0,1,0,0,8.34747E+20,5.40135E+21,1.35478E+16,4.86753E+16
86376,9.17071E+18,9,2,75,130,2017,7,14,6,3,5,3,0,1,0,0,0,0,0,8.16508E+20,5.36411E+21,1.32725E+16,4.83507E+16
86377,9.17071E+18,9,2,72,149,2017,7,16,6,3,2,6,0,0,0,1,1,0,0,8.19892E+20,5.42703E+21,1.33666E+16,4.89135E+16
86378,9.17071E+18,9,2,77,111,2017,7,10,6,3,5,3,0,1,0,0,0,0,0,7.78612E+20,5.38295E+21,1.27747E+16,4.85377E+16
86379,9.17071E+18,9,2,79,112,2017,7,5,6,3,8,1,0,1,0,0,0,1,0,7.53105E+20,5.39389E+21,1.24365E+16,4.86468E+16
86380,9.17071E+18,9,2,74,191,2017,7,4,6,3,8,1,0,1,0,0,0,2,0,7.44673E+20,5.39139E+21,1.23207E+16,4.86276E+16
86381,9.17071E+18,9,2,73,111,2017,7,16,6,3,5,3,0,1,0,0,1,0,0,7.07962E+20,5.41697E+21,1.18361E+16,4.88708E+16
86382,9.17071E+18,9,1,80,124,2017,7,11,6,3,4,6,1,0,0,0,0,0,1,6.65346E+20,5.28232E+21,1.12027E+16,4.76731E+16
86383,9.17071E+18,9,1,90,140,2017,7,18,6,2,9,1,0,1,0,0,0,0,1,6.46392E+20,5.29551E+21,1.09548E+16,4.77963E+16
86384,9.17071E+18,9,1,80,124,2017,7,8,6,3,5,3,0,1,0,0,0,0,0,6.65365E+20,5.28346E+21,1.12034E+16,4.76833E+16
86385,9.17071E+18,9,1,73,135,2017,7,13,6,3,0,7,0,0,0,1,0,0,1,6.92532E+20,5.28464E+21,1.15656E+16,4.76865E+16
86386,9.17071E+18,9,1,83,118,2017,7,17,6,3,0,7,1,0,0,0,0,0,0,7.45359E+20,5.33791E+21,1.22988E+16,4.81471E+16
86387,9.17071E+18,9,1,87,113,2017,7,15,6,2,4,6,0,1,0,0,0,0,1,7.46633E+20,5.32596E+21,1.2309E+16,4.80393E+16
86388,9.17071E+18,9,1,89,145,2017,7,12,6,2,0,7,0,0,0,1,0,0,1,7.71823E+20,5.30169E+21,1.2631E+16,4.78111E+16
86389,9.17071E+18,9,1,89,155,2017,7,12,6,3,2,6,0,1,0,0,0,0,0,7.7306E+20,5.30766E+21,1.26512E+16,4.78642E+16
86390,9.17071E+18,9,1,89,113,2017,7,7,6,3,2,6,0,1,0,0,0,0,0,7.68828E+20,5.30133E+21,1.25908E+16,4.78091E+16
86391,9.17071E+18,9,1,71,112,2017,7,16,6,3,2,6,0,1,0,1,0,0,1,7.84797E+20,5.3423E+21,1.28308E+16,4.817E+16
86392,9.17071E+18,9,1,71,116,2017,7,13,6,1,4,2,0,1,0,1,0,0,0,7.67955E+20,5.33099E+21,1.25976E+16,4.80758E+16
86393,9.17071E+18,9,1,71,111,2017,7,12,6,3,5,3,0,1,0,0,0,0,0,7.71593E+20,5.34793E+21,1.26572E+16,4.82264E+16
86394,9.17071E+18,9,1,82,137,2017,7,12,6,3,2,6,0,1,0,0,0,0,0,7.11497E+20,5.30512E+21,1.1828E+16,4.78646E+16
86395,9.17071E+18,9,1,87,126,2017,7,16,6,3,2,6,0,1,0,0,0,0,1,7.42012E+20,5.32254E+21,1.22451E+16,4.80103E+16
86396,9.17071E+18,9,1,63,0,2017,7,9,6,3,6,4,0,1,1,0,0,0,0,7.33875E+20,5.30488E+21,1.21266E+16,4.78546E+16
86397,9.17071E+18,9,1,63,0,2017,7,21,6,3,4,6,0,1,0,0,0,2,1,7.34286E+20,5.30454E+21,1.21319E+16,4.78514E+16
86398,9.17071E+18,9,1,87,168,2017,7,22,6,3,4,6,0,1,0,0,0,2,1,7.50937E+20,5.31019E+21,1.23574E+16,4.78959E+16
86399,9.17071E+18,9,1,87,168,2017,7,17,6,3,9,1,0,1,0,0,0,0,0,7.51662E+20,5.30956E+21,1.23667E+16,4.789E+16
86400,9.17071E+18,9,1,82,125,2017,7,10,6,3,4,1,0,0,0,0,1,0,1,7.08975E+20,5.29593E+21,1.17899E+16,4.77828E+16
86401,9.17071E+18,9,1,82,116,2017,7,10,6,2,5,3,0,1,0,0,0,0,1,7.04985E+20,5.29308E+21,1.17353E+16,4.77585E+16
86402,9.17071E+18,9,1,87,122,2017,7,6,6,3,5,3,0,1,0,0,0,0,0,7.16951E+20,5.30612E+21,1.19013E+16,4.78718E+16
86403,9.17071E+18,9,1,87,150,2017,7,7,6,3,6,4,0,1,1,0,0,0,1,7.28875E+20,5.30403E+21,1.20594E+16,4.78488E+16
86404,9.17071E+18,9,1,61,0,2017,7,20,6,3,3,2,1,1,0,0,0,0,0,6.80244E+20,5.40463E+21,1.1453E+16,4.87685E+16
86405,9.17071E+18,9,1,76,120,2017,7,7,6,3,2,6,0,1,0,0,0,0,1,6.80584E+20,5.42226E+21,1.14654E+16,4.89269E+16
86406,9.17071E+18,9,1,61,0,2017,7,15,6,3,2,6,0,1,0,0,0,0,0,6.80739E+20,5.40595E+21,1.14603E+16,4.87802E+16
86407,9.17071E+18,9,1,85,150,2017,7,7,6,3,9,1,0,1,0,0,0,0,1,6.54562E+20,5.39682E+21,1.11009E+16,4.87052E+16
86408,9.17071E+18,9,1,61,0,2017,7,14,6,3,5,2,1,1,0,0,0,0,0,6.79815E+20,5.40453E+21,1.14472E+16,4.87678E+16
86409,9.17071E+18,9,1,81,127,2017,7,16,6,3,2,7,0,1,0,0,0,0,0,6.32274E+20,5.32226E+21,1.07746E+16,4.80399E+16
86410,9.17071E+18,9,1,88,141,2017,7,9,6,3,2,6,0,1,0,0,0,0,1,6.66082E+20,5.30583E+21,1.12215E+16,4.78843E+16
86411,9.17071E+18,9,1,88,137,2017,7,9,6,3,2,6,0,1,0,0,1,0,0,6.72634E+20,5.31692E+21,1.13135E+16,4.79823E+16
86412,9.17071E+18,9,1,79,142,2017,7,17,6,3,5,3,0,1,0,0,0,0,0,6.73207E+20,5.33898E+21,1.13302E+16,4.81804E+16
86413,9.17071E+18,9,1,79,119,2017,7,7,6,3,5,3,1,0,0,0,1,0,0,6.71319E+20,5.33908E+21,1.13048E+16,4.81819E+16
86414,9.17071E+18,9,1,79,121,2017,7,7,6,3,5,2,0,1,0,0,1,0,1,6.65468E+20,5.33974E+21,1.12264E+16,4.81893E+16
86415,9.17071E+18,9,1,81,139,2017,7,12,6,3,6,4,0,1,1,0,0,0,0,6.55538E+20,5.3242E+21,1.10872E+16,4.80521E+16
86416,9.17071E+18,9,1,74,115,2017,7,7,6,3,5,3,1,0,0,0,1,0,1,6.81422E+20,5.3469E+21,1.1444E+16,4.82494E+16
86417,9.17071E+18,9,1,78,137,2017,7,19,6,3,2,7,0,1,0,0,0,1,1,6.92299E+20,5.36248E+21,1.15974E+16,4.83862E+16
86418,9.17071E+18,9,1,62,0,2017,7,8,6,3,2,6,0,1,0,0,0,0,0,6.94851E+20,5.34278E+21,1.16228E+16,4.82083E+16
86419,9.17071E+18,9,1,78,145,2017,7,19,6,3,4,1,0,1,0,0,0,0,0,6.99738E+20,5.35645E+21,1.16949E+16,4.83297E+16
86420,9.17071E+18,9,1,77,133,2017,7,14,6,3,5,3,0,1,0,0,0,0,0,7.13843E+20,5.35579E+21,1.18847E+16,4.83191E+16
86421,9.17071E+18,9,1,62,0,2017,7,21,5,2,4,7,0,1,0,1,0,2,0,6.99714E+20,5.33296E+21,1.16836E+16,4.81185E+16
86422,9.17071E+18,9,1,62,0,2017,7,8,5,3,3,6,1,1,0,0,0,0,0,6.87915E+20,5.335E+21,1.15261E+16,4.81405E+16
86423,9.17071E+18,9,1,84,122,2017,7,18,5,3,2,2,0,1,0,1,0,0,0,6.89119E+20,5.32353E+21,1.15372E+16,4.8037E+16
86424,9.17071E+18,9,1,84,136,2017,7,13,5,2,6,2,0,1,1,0,0,0,0,6.98562E+20,5.32636E+21,1.1665E+16,4.80596E+16
86425,9.17071E+18,9,7,75,135,2017,7,13,5,3,5,2,0,1,0,0,0,0,0,5.74968E+20,5.36029E+21,1.00127E+16,4.83913E+16
86426,9.17071E+18,9,7,78,173,2017,7,16,5,2,4,2,0,1,0,1,0,0,0,6.12261E+20,5.32236E+21,1.05062E+16,4.80446E+16
86427,9.17071E+18,9,7,78,173,2017,7,17,5,3,2,6,0,1,0,0,0,0,0,6.11496E+20,5.32269E+21,1.04961E+16,4.80477E+16
86428,9.17071E+18,9,7,74,191,2017,7,14,5,2,5,3,0,1,0,1,0,0,0,5.96215E+20,5.35621E+21,1.02987E+16,4.83518E+16
86429,9.17071E+18,9,7,62,0,2017,7,20,5,3,9,1,0,0,0,1,0,0,0,6.18669E+20,5.30354E+21,1.0587E+16,4.78742E+16
86430,9.17071E+18,9,7,79,194,2017,7,19,5,2,5,3,0,1,0,1,0,0,0,6.06768E+20,5.40765E+21,1.04543E+16,4.88127E+16
86431,9.17071E+18,9,7,79,131,2017,7,21,5,2,4,6,0,1,0,0,0,1,0,6.36409E+20,5.39899E+21,1.0855E+16,4.8729E+16
86432,9.17071E+18,9,7,73,136,2017,7,13,5,2,5,3,0,1,0,1,0,0,0,6.00084E+20,5.3761E+21,1.03557E+16,4.853E+16
86433,9.17071E+18,9,7,71,130,2017,7,17,5,3,2,6,0,1,0,0,1,0,0,6.48832E+20,5.36269E+21,1.10108E+16,4.83998E+16
86434,9.17071E+18,9,7,71,113,2017,7,21,5,3,0,6,0,1,0,1,0,0,0,6.59348E+20,5.37126E+21,1.11561E+16,4.84742E+16
86435,9.17071E+18,9,6,75,127,2017,7,9,5,3,2,6,0,1,0,0,0,0,0,6.10744E+20,5.51344E+21,1.05377E+16,4.97633E+16
86436,9.17071E+18,9,6,77,157,2017,7,16,5,3,1,6,0,1,0,0,0,0,0,5.40322E+20,5.51847E+21,9.56051E+15,4.98173E+16
86437,9.17071E+18,9,6,63,0,2017,7,13,5,3,0,7,0,1,0,0,0,0,0,5.69331E+20,5.51817E+21,9.96366E+15,4.98119E+16
86438,9.17071E+18,9,6,63,0,2017,7,7,5,3,2,6,0,1,0,0,0,0,0,5.70045E+20,5.51801E+21,9.97356E+15,4.98104E+16
86439,9.17071E+18,9,6,79,138,2017,7,10,5,2,5,3,0,1,0,0,1,0,0,5.68513E+20,5.49616E+21,9.94842E+15,4.96142E+16
86440,9.17071E+18,9,6,77,155,2017,7,17,5,3,4,2,0,1,0,0,0,0,0,5.41521E+20,5.53731E+21,9.57921E+15,4.99866E+16
86441,9.17071E+18,9,6,77,155,2017,7,5,5,3,0,6,0,1,0,0,0,0,0,5.43831E+20,5.53969E+21,9.6117E+15,5.00079E+16
86442,9.17071E+18,9,6,75,141,2017,7,20,5,2,5,3,1,1,0,0,0,0,0,5.84739E+20,5.50962E+21,1.01759E+16,4.97331E+16
86443,9.17071E+18,9,6,72,139,2017,7,12,5,2,2,6,0,1,0,0,0,0,0,5.68251E+20,5.55904E+21,9.95591E+15,5.01796E+16
86444,9.17071E+18,9,6,73,142,2017,7,15,5,3,4,1,0,1,0,1,0,0,0,5.8703E+20,5.58414E+21,1.02246E+16,5.04028E+16
86445,9.17071E+18,9,6,78,134,2017,7,9,5,2,5,3,0,1,0,0,1,0,0,5.97264E+20,5.52896E+21,1.03545E+16,4.99051E+16
86446,9.17071E+18,9,6,74,210,2017,7,19,5,3,0,7,0,0,0,1,0,0,0,6.3099E+20,5.55296E+21,1.08322E+16,5.01144E+16
86447,9.17071E+18,9,6,62,0,2017,7,16,5,3,2,2,0,1,0,0,0,0,0,5.88084E+20,5.54542E+21,1.02305E+16,5.00546E+16
86448,9.17071E+18,9,6,76,145,2017,7,12,5,3,9,1,0,1,0,0,0,0,0,5.10234E+20,5.52036E+21,9.14231E+15,4.98356E+16
86449,9.17071E+18,9,6,71,112,2017,7,22,5,2,8,3,0,1,0,0,0,2,0,5.18244E+20,5.53708E+21,9.25449E+15,4.99858E+16
86450,9.17071E+18,9,6,71,122,2017,7,7,5,3,5,3,0,1,0,1,0,0,0,5.03051E+20,5.53021E+21,9.0425E+15,4.99242E+16
86451,9.17071E+18,9,6,71,143,2017,7,21,5,2,8,1,0,0,0,1,0,0,0,5.12103E+20,5.54317E+21,9.16902E+15,5.00407E+16
86452,9.17071E+18,9,5,62,0,2017,7,18,5,3,4,6,0,1,0,0,0,0,0,6.47317E+20,5.4962E+21,1.10388E+16,4.96004E+16
86453,9.17071E+18,9,5,62,0,2017,7,7,5,2,2,6,0,1,0,0,0,0,0,6.40118E+20,5.49198E+21,1.09377E+16,4.95642E+16
86454,9.17071E+18,9,5,74,138,2017,7,12,5,2,0,1,1,0,0,0,0,0,0,6.64601E+20,5.48556E+21,1.12734E+16,4.95003E+16
86455,9.17071E+18,9,5,64,0,2017,7,12,5,2,4,6,0,1,0,0,0,0,0,6.55505E+20,5.48224E+21,1.11465E+16,4.94729E+16
86456,9.17071E+18,9,5,74,123,2017,7,11,5,3,8,1,0,0,0,1,0,0,0,6.60738E+20,5.47153E+21,1.12144E+16,4.93753E+16
86457,9.17071E+18,9,5,64,0,2017,7,7,5,3,5,2,1,1,0,0,0,0,0,6.47867E+20,5.47353E+21,1.10379E+16,4.93965E+16
86458,9.17071E+18,9,5,73,127,2017,7,14,5,3,3,2,1,1,0,0,0,0,0,6.46354E+20,5.47563E+21,1.10179E+16,4.94157E+16
86459,9.17071E+18,9,5,63,0,2017,7,18,5,3,5,2,1,1,0,0,0,0,0,6.43909E+20,5.48091E+21,1.09861E+16,4.94638E+16
86460,9.17071E+18,9,5,63,0,2017,7,18,5,3,0,7,1,0,0,0,0,0,0,6.44403E+20,5.48189E+21,1.09932E+16,4.94725E+16
86461,9.17071E+18,9,5,71,214,2017,7,18,5,3,4,6,0,1,0,0,0,0,0,6.16037E+20,5.4347E+21,1.05882E+16,4.90543E+16
86462,9.17071E+18,9,5,77,173,2017,7,16,5,2,0,2,0,0,0,1,0,0,0,6.39621E+20,5.42419E+21,1.09072E+16,4.89548E+16
86463,9.17071E+18,9,5,61,0,2017,7,18,5,3,1,6,0,1,0,0,0,0,0,6.13418E+20,5.46138E+21,1.05599E+16,4.92946E+16
86464,9.17071E+18,9,4,75,123,2017,7,1,5,3,8,1,0,1,0,0,0,2,0,7.07346E+20,5.58308E+21,1.19154E+16,5.03632E+16
86465,9.17071E+18,9,4,63,0,2017,7,14,5,3,2,6,0,1,0,0,1,0,0,6.39838E+20,5.57164E+21,1.09627E+16,5.02803E+16
86466,9.17071E+18,9,4,78,116,2017,7,19,5,3,2,6,0,1,0,0,0,0,0,6.60457E+20,5.55656E+21,1.12455E+16,5.01395E+16
86467,9.17071E+18,9,4,77,164,2017,7,16,5,3,3,6,0,1,0,0,1,0,0,6.66712E+20,5.54242E+21,1.13268E+16,5.00107E+16
86468,9.17071E+18,9,5,74,155,2017,7,14,5,3,3,6,0,1,0,0,0,0,0,6.74105E+20,5.49947E+21,1.14107E+16,4.96227E+16
86469,9.17071E+18,9,4,77,128,2017,7,8,5,2,4,1,0,1,0,0,0,0,0,6.75421E+20,5.55417E+21,1.14536E+16,5.01139E+16
86470,9.17071E+18,9,4,74,126,2017,7,13,5,3,2,6,0,1,0,0,0,0,0,6.48044E+20,5.5104E+21,1.10542E+16,4.97279E+16
86471,9.17071E+18,9,4,74,134,2017,7,9,5,3,8,1,0,0,0,1,0,0,0,6.44975E+20,5.50747E+21,1.10106E+16,4.97022E+16
86472,9.17071E+18,9,4,74,161,2017,7,7,5,3,8,1,0,1,0,0,0,0,0,6.5602E+20,5.51271E+21,1.11657E+16,4.97466E+16
86473,9.17071E+18,9,3,73,143,2017,7,17,5,3,3,6,1,0,0,0,0,0,0,6.99955E+20,5.44856E+21,1.17426E+16,4.91573E+16
86474,9.17071E+18,9,3,75,180,2017,7,16,5,3,5,2,0,1,0,0,0,0,0,7.25077E+20,5.42802E+21,1.20752E+16,4.89641E+16
86475,9.17071E+18,9,3,73,112,2017,7,16,5,3,0,2,0,1,0,1,0,0,0,6.78528E+20,5.44195E+21,1.1446E+16,4.91045E+16
86476,9.17071E+18,9,3,73,155,2017,7,11,5,3,5,5,1,1,0,0,0,0,0,6.71528E+20,5.46288E+21,1.13592E+16,4.92946E+16
86477,9.17071E+18,9,3,73,156,2017,7,14,5,3,2,6,0,1,0,0,1,0,0,6.67546E+20,5.45937E+21,1.1303E+16,4.92641E+16
86478,9.17071E+18,9,3,76,175,2017,7,15,5,3,2,1,0,1,0,0,1,0,0,7.29214E+20,5.46712E+21,1.21539E+16,4.93137E+16
86479,9.17071E+18,9,3,76,161,2017,7,17,5,3,5,3,1,1,0,0,0,0,0,7.25881E+20,5.46905E+21,1.21092E+16,4.93323E+16
86480,9.17071E+18,9,3,76,149,2017,7,11,5,2,0,7,0,1,0,1,0,0,0,7.33092E+20,5.45911E+21,1.22025E+16,4.92403E+16
86481,9.17071E+18,9,3,71,136,2017,7,17,5,3,5,3,1,1,0,0,0,0,0,7.09406E+20,5.47754E+21,1.18872E+16,4.94145E+16
86482,9.17071E+18,9,3,76,159,2017,7,9,5,3,2,6,0,1,0,0,0,0,0,7.25205E+20,5.47925E+21,1.21057E+16,4.94242E+16
86483,9.17071E+18,9,2,71,127,2017,7,10,5,3,2,6,0,1,0,0,0,0,0,8.03835E+20,5.4058E+21,1.31323E+16,4.8731E+16
86484,9.17071E+18,9,2,76,144,2017,7,7,5,3,5,3,0,1,0,0,0,0,0,7.83606E+20,5.44382E+21,1.28842E+16,4.90818E+16
86485,9.17071E+18,9,2,78,139,2017,7,16,5,3,5,3,1,1,0,0,0,0,0,7.73114E+20,5.42822E+21,1.27304E+16,4.89465E+16
86486,9.17071E+18,9,2,78,149,2017,7,9,5,1,8,7,0,1,0,0,0,0,0,7.77947E+20,5.41771E+21,1.27891E+16,4.885E+16
86487,9.17071E+18,9,2,62,0,2017,7,12,5,3,6,5,0,1,1,0,0,0,0,8.2192E+20,5.39104E+21,1.3366E+16,4.85896E+16
86488,9.17071E+18,9,2,75,126,2017,7,20,5,3,4,6,0,1,0,1,0,0,0,8.40265E+20,5.40123E+21,1.36224E+16,4.86712E+16
86489,9.17071E+18,9,2,77,140,2017,7,11,5,3,8,1,0,0,0,1,1,0,0,7.89061E+20,5.36061E+21,1.29005E+16,4.83324E+16
86490,9.17071E+18,9,2,77,154,2017,7,20,5,3,0,1,1,0,0,0,0,1,0,7.87046E+20,5.35457E+21,1.28693E+16,4.82792E+16
86491,9.17071E+18,9,2,62,0,2017,7,10,5,3,5,3,0,1,0,0,1,0,0,8.24882E+20,5.38983E+21,1.34051E+16,4.85772E+16
86492,9.17071E+18,9,2,62,0,2017,7,17,5,3,3,6,0,1,0,0,1,0,0,8.25582E+20,5.38969E+21,1.34145E+16,4.85755E+16
86493,9.17071E+18,9,2,74,126,2017,7,19,5,3,5,3,0,1,0,1,0,0,0,7.33294E+20,5.38371E+21,1.21622E+16,4.8563E+16
86494,9.17071E+18,9,1,62,0,2017,7,7,5,3,2,6,0,1,0,0,0,0,0,6.86818E+20,5.33117E+21,1.15097E+16,4.81064E+16
86495,9.17071E+18,9,1,73,147,2017,7,17,5,3,0,1,1,0,0,0,0,0,0,6.81228E+20,5.30951E+21,1.14255E+16,4.79132E+16
86496,9.17071E+18,9,1,73,147,2017,7,15,5,3,0,1,1,0,0,0,0,0,0,6.81127E+20,5.30948E+21,1.14241E+16,4.79131E+16
86497,9.17071E+18,9,1,90,159,2017,7,14,5,3,4,6,0,1,0,0,0,0,0,6.62014E+20,5.30404E+21,1.11665E+16,4.78692E+16
86498,9.17071E+18,9,1,89,111,2017,7,11,5,3,2,6,0,1,0,0,1,0,0,7.63275E+20,5.32271E+21,1.25298E+16,4.80034E+16
86499,9.17071E+18,9,1,83,134,2017,7,18,5,3,5,3,1,1,0,0,0,0,0,7.59263E+20,5.33977E+21,1.24865E+16,4.81582E+16
86500,9.17071E+18,9,1,89,162,2017,7,9,5,3,4,6,0,0,0,0,1,0,0,7.78886E+20,5.31736E+21,1.27352E+16,4.79488E+16
86501,9.17072E+18,9,6,72,139,2017,7,19,4,2,5,3,0,1,0,0,0,0,0,5.6685E+20,5.561E+21,9.93663E+15,5.01974E+16
86502,9.17072E+18,9,6,72,112,2017,7,7,4,3,8,7,0,1,0,0,0,0,0,5.76202E+20,5.57053E+21,1.00696E+16,5.0282E+16
86503,9.17072E+18,9,3,72,171,2017,7,15,4,2,5,3,0,1,0,1,0,0,0,7.69446E+20,5.47759E+21,1.27134E+16,4.93913E+16
86504,9.17072E+18,9,3,75,120,2017,7,7,4,3,5,3,0,1,0,1,0,0,0,7.48005E+20,5.44097E+21,1.23959E+16,4.90716E+16
86505,9.17072E+18,9,3,73,121,2017,7,16,4,2,4,2,0,1,0,0,0,0,0,6.89862E+20,5.43419E+21,1.15975E+16,4.90313E+16
86506,9.17072E+18,9,3,76,144,2017,7,21,4,3,3,6,0,1,0,0,1,2,0,7.26362E+20,5.48244E+21,1.21234E+16,4.94524E+16
86507,9.17072E+18,9,3,71,151,2017,7,15,4,3,2,2,0,1,0,1,0,0,0,6.98709E+20,5.4839E+21,1.17431E+16,4.94752E+16
86508,9.17072E+18,9,3,76,149,2017,7,10,4,3,1,1,0,1,0,0,1,0,0,7.343E+20,5.45916E+21,1.22191E+16,4.92404E+16
86509,9.17072E+18,9,3,76,149,2017,7,18,4,2,5,3,0,1,0,1,0,0,0,7.34289E+20,5.45917E+21,1.2219E+16,4.92404E+16
86510,9.17072E+18,9,3,71,148,2017,7,13,4,2,0,7,0,1,0,0,1,0,0,7.13281E+20,5.46011E+21,1.19312E+16,4.92566E+16
86511,9.17072E+18,9,2,78,141,2017,7,13,4,3,8,1,0,0,0,1,0,0,0,7.59048E+20,5.43047E+21,1.25401E+16,4.89727E+16
86512,9.17072E+18,9,2,71,125,2017,7,11,4,3,4,2,0,1,0,0,0,0,0,7.97143E+20,5.41107E+21,1.30453E+16,4.87816E+16
86513,9.17072E+18,9,6,78,175,2017,7,13,4,2,8,1,0,0,0,1,0,0,1,5.81648E+20,5.53141E+21,1.01376E+16,4.99295E+16
86514,9.17072E+18,9,6,77,120,2017,7,22,4,3,2,6,0,1,0,0,0,2,0,5.33213E+20,5.52391E+21,9.46215E+15,4.98667E+16
86515,9.17072E+18,9,2,78,118,2017,7,6,4,2,5,3,0,1,0,0,0,0,0,7.73433E+20,5.42528E+21,1.27327E+16,4.892E+16
86516,9.17072E+18,9,2,75,124,2017,7,16,4,2,5,3,0,1,0,1,0,0,0,8.088E+20,5.37238E+21,1.31748E+16,4.84288E+16
86517,9.17072E+18,9,2,75,143,2017,7,6,4,3,9,1,0,1,0,0,0,0,0,8.09529E+20,5.3694E+21,1.31824E+16,4.84017E+16
86518,9.17072E+18,9,6,61,0,2017,7,15,4,3,5,3,0,1,0,1,0,0,0,5.12907E+20,5.53649E+21,9.18003E+15,4.99806E+16
86519,9.17072E+18,9,6,71,134,2017,7,19,4,3,5,3,0,1,0,0,0,1,1,5.01097E+20,5.54739E+21,9.01533E+15,5.00788E+16
86520,9.17072E+18,9,6,71,135,2017,7,20,4,2,8,1,0,1,0,0,0,1,1,5.23773E+20,5.54858E+21,9.33233E+15,5.0089E+16
86521,9.17072E+18,9,2,72,128,2017,7,18,4,2,8,1,0,0,0,1,0,0,0,8.11236E+20,5.42015E+21,1.32435E+16,4.88561E+16
86522,9.17072E+18,9,2,61,0,2017,7,7,4,3,5,6,1,1,0,0,0,0,0,7.33519E+20,5.38128E+21,1.21639E+16,4.85411E+16
86523,9.17072E+18,9,1,88,139,2017,7,21,4,3,9,1,0,0,0,1,0,0,0,6.76199E+20,5.31914E+21,1.13622E+16,4.80012E+16
86524,9.17072E+18,9,1,90,148,2017,7,16,4,3,6,4,1,0,1,0,0,0,0,6.41194E+20,5.29459E+21,1.08852E+16,4.77892E+16
86525,9.17072E+18,9,1,90,157,2017,7,11,4,2,5,3,1,1,0,0,0,0,0,6.60537E+20,5.30089E+21,1.11456E+16,4.78413E+16
86526,9.17072E+18,9,1,90,148,2017,7,16,4,1,5,3,0,1,0,1,0,0,0,6.41124E+20,5.2946E+21,1.08842E+16,4.77893E+16
86527,9.17072E+18,9,5,72,133,2017,7,9,4,3,6,4,0,1,1,0,0,0,0,6.38615E+20,5.50111E+21,1.09202E+16,4.96466E+16
86528,9.17072E+18,9,5,72,120,2017,7,12,4,3,0,6,1,1,0,0,0,0,0,6.48644E+20,5.49583E+21,1.1057E+16,4.95967E+16
86529,9.17072E+18,9,5,76,132,2017,7,17,4,3,5,2,0,1,0,1,0,0,0,6.54254E+20,5.46454E+21,1.11224E+16,4.93141E+16
86530,9.17072E+18,9,5,76,141,2017,7,23,4,2,8,7,0,1,0,0,0,2,0,6.48577E+20,5.44412E+21,1.10368E+16,4.91319E+16
86531,9.17072E+18,9,5,63,0,2017,7,22,4,2,6,4,0,1,1,0,0,2,0,6.44681E+20,5.48312E+21,1.09975E+16,4.94835E+16
86532,9.17072E+18,9,5,64,0,2017,7,7,4,3,2,6,0,1,0,0,0,0,0,6.52408E+20,5.48232E+21,1.11038E+16,4.94744E+16
86533,9.17072E+18,9,5,64,0,2017,7,13,4,3,3,6,0,1,0,1,0,0,0,6.49551E+20,5.4785E+21,1.1063E+16,4.94407E+16