OBJECTID,UIDENTSTLA,ULAND,UREGBEZ,UKREIS,UGEMEINDE,UJAHR,UMONAT,USTUNDE,UWOCHENTAG,UKATEGORIE,UART,UTYP1,IstRad,IstPKW,IstFuss,IstKrad,IstSonstig,LICHT,STRZUSTAND,LINREFX,LINREFY,XGCSWGS84,YGCSWGS84
86534,9.17072E+18,9,5,71,193,2017,7,13,4,3,4,1,0,1,0,0,0,0,0,5.84791E+20,5.47064E+21,1.01682E+16,4.93825E+16
86535,9.17072E+18,9,5,75,128,2017,7,14,4,3,5,6,0,1,0,0,0,0,0,6.16304E+20,5.49838E+21,1.06104E+16,4.96267E+16
86536,9.17072E+18,9,5,61,0,2017,7,11,4,3,2,6,0,1,0,0,1,0,0,6.12969E+20,5.46194E+21,1.05539E+16,4.92997E+16
86537,9.17072E+18,9,4,75,161,2017,7,19,4,3,0,7,1,1,0,0,0,0,0,7.17816E+20,5.57856E+21,1.20598E+16,5.03189E+16
86538,9.17072E+18,9,4,76,175,2017,7,13,4,3,0,4,1,0,1,0,0,0,0,6.68691E+20,5.59048E+21,1.13758E+16,5.0442E+16
86539,9.17072E+18,9,4,78,127,2017,7,21,4,3,3,6,1,1,0,0,0,2,0,6.54799E+20,5.55753E+21,1.11668E+16,5.01498E+16
86540,9.17072E+18,9,4,78,139,2017,7,19,4,3,8,1,0,0,0,1,0,0,1,6.46097E+20,5.55537E+21,1.10443E+16,5.01326E+16
86541,9.17072E+18,9,4,63,0,2017,7,15,4,3,8,1,0,0,0,1,0,0,0,6.39223E+20,5.57031E+21,1.09536E+16,5.02685E+16
86542,9.17072E+18,9,4,77,136,2017,7,22,4,3,7,7,0,0,0,1,0,2,0,6.68695E+20,5.54821E+21,1.1357E+16,5.00623E+16
86543,9.17072E+18,9,4,62,0,2017,7,20,4,3,0,1,1,0,0,0,0,0,0,6.85207E+20,5.53583E+21,1.15815E+16,4.99461E+16
86544,9.17072E+18,9,4,62,0,2017,7,15,4,3,2,6,0,1,0,0,0,0,0,6.84562E+20,5.53517E+21,1.15722E+16,4.99404E+16
86545,9.17072E+18,9,4,71,119,2017,7,8,4,3,2,7,0,1,0,0,0,0,0,6.36171E+20,5.53894E+21,1.08996E+16,4.99872E+16
86546,9.17072E+18,9,3,63,0,2017,7,10,4,3,2,2,0,1,0,0,0,0,0,7.26806E+20,5.50496E+21,1.21425E+16,4.96545E+16
86547,9.17072E+18,9,1,90,152,2017,7,18,4,2,5,3,0,1,0,1,0,0,0,6.70858E+20,5.29961E+21,1.12829E+16,4.78271E+16
86548,9.17072E+18,9,1,83,126,2017,7,18,4,3,4,6,0,1,0,0,1,0,0,7.31668E+20,5.33896E+21,1.21156E+16,4.81616E+16
86549,9.17072E+18,9,1,89,143,2017,7,17,4,3,0,7,1,0,0,0,0,0,0,7.60037E+20,5.31479E+21,1.24817E+16,4.79336E+16
86550,9.17072E+18,9,1,89,155,2017,7,12,4,3,4,2,0,1,0,0,0,0,0,7.7313E+20,5.30781E+21,1.26522E+16,4.78654E+16
86551,9.17072E+18,9,1,83,128,2017,7,7,4,3,2,2,0,1,0,0,0,0,0,7.63034E+20,5.35067E+21,1.25439E+16,4.82546E+16
86552,9.17072E+18,9,1,89,165,2017,7,18,4,3,2,6,0,1,0,0,1,0,0,7.75584E+20,5.31138E+21,1.26873E+16,4.78965E+16
86553,9.17072E+18,9,1,71,113,2017,7,10,4,3,3,2,0,1,0,0,0,0,0,7.76272E+20,5.33939E+21,1.27145E+16,4.81477E+16
86554,9.17072E+18,9,1,72,128,2017,7,17,4,3,4,6,0,1,0,0,0,0,0,7.91837E+20,5.29774E+21,1.2895E+16,4.77669E+16
86555,9.17072E+18,9,1,63,0,2017,7,20,4,3,5,3,0,1,0,1,0,1,0,7.32573E+20,5.30203E+21,1.21077E+16,4.78295E+16
86556,9.17072E+18,9,1,82,116,2017,7,9,4,3,5,3,0,1,0,0,0,0,0,7.04025E+20,5.29525E+21,1.17235E+16,4.77783E+16
86557,9.17072E+18,9,1,87,150,2017,7,15,4,2,0,1,0,0,0,1,0,0,0,7.30273E+20,5.3034E+21,1.20778E+16,4.78427E+16
86558,9.17072E+18,9,1,61,0,2017,7,10,4,3,9,7,0,1,0,0,1,0,0,6.80804E+20,5.40507E+21,1.14608E+16,4.87724E+16
86559,9.17072E+18,9,1,76,131,2017,7,16,4,3,4,2,0,1,0,0,0,0,0,6.80652E+20,5.41003E+21,1.1461E+16,4.88169E+16
86560,9.17072E+18,9,1,61,0,2017,7,10,4,3,5,2,1,1,0,0,0,0,0,6.75078E+20,5.40518E+21,1.1383E+16,4.87749E+16
86561,9.17072E+18,9,1,61,0,2017,7,13,4,3,5,2,1,1,0,0,0,0,0,6.77425E+20,5.40472E+21,1.14147E+16,4.87702E+16
86562,9.17072E+18,9,1,86,147,2017,7,20,4,2,4,2,0,0,0,0,1,0,0,6.85242E+20,5.39103E+21,1.15149E+16,4.86448E+16
86563,9.17072E+18,9,1,76,160,2017,7,14,4,2,9,1,0,0,0,1,0,0,0,6.53818E+20,5.41889E+21,1.1099E+16,4.89038E+16
86564,9.17072E+18,9,1,76,149,2017,7,5,4,3,2,7,0,1,0,0,0,1,0,6.62294E+20,5.40785E+21,1.12102E+16,4.88024E+16
86565,9.17072E+18,9,1,74,146,2017,7,17,4,3,3,6,0,1,0,0,1,0,0,6.65297E+20,5.35159E+21,1.12287E+16,4.82959E+16
86566,9.17072E+18,9,1,88,139,2017,7,10,4,3,0,6,0,1,0,1,0,0,0,6.7392E+20,5.31802E+21,1.13312E+16,4.79918E+16
86567,9.17072E+18,9,1,79,117,2017,7,17,4,3,3,3,1,1,0,0,0,0,0,6.60621E+20,5.34989E+21,1.11651E+16,4.82818E+16
86568,9.17072E+18,9,1,79,117,2017,7,18,4,3,0,3,1,1,0,0,0,0,0,6.61849E+20,5.34655E+21,1.11804E+16,4.82514E+16
86569,9.17072E+18,9,1,81,133,2017,7,19,4,2,4,2,0,1,0,0,0,0,0,6.45164E+20,5.31291E+21,1.09443E+16,4.7953E+16
86570,9.17072E+18,9,1,88,144,2017,7,7,4,3,5,3,1,1,0,0,0,0,0,6.6891E+20,5.32522E+21,1.12669E+16,4.80579E+16
86571,9.17072E+18,9,1,74,131,2017,7,16,4,3,2,6,0,1,0,0,0,0,0,6.75705E+20,5.36017E+21,1.13725E+16,4.83702E+16
86572,9.17072E+18,9,1,74,115,2017,7,12,4,3,1,6,0,1,0,0,0,0,0,6.81228E+20,5.34717E+21,1.14415E+16,4.82519E+16
86573,9.17072E+18,9,1,75,135,2017,7,8,4,3,6,4,0,0,1,1,0,0,0,7.08665E+20,5.3393E+21,1.18068E+16,4.81727E+16
86574,9.17072E+18,9,1,75,135,2017,7,17,4,3,1,6,0,1,0,1,0,0,0,7.09069E+20,5.33911E+21,1.18121E+16,4.81708E+16
86575,9.17072E+18,9,1,78,120,2017,7,8,4,3,1,5,0,1,0,0,0,0,0,6.95088E+20,5.35301E+21,1.16307E+16,4.83001E+16
86576,9.17072E+18,9,1,77,117,2017,7,0,4,3,4,2,0,1,0,0,0,2,0,7.13507E+20,5.35449E+21,1.18795E+16,4.83076E+16
86577,9.17072E+18,9,1,75,124,2017,7,11,4,3,5,3,0,1,0,0,0,0,0,7.15473E+20,5.32855E+21,1.18928E+16,4.80738E+16
86578,9.17072E+18,9,1,62,0,2017,7,7,3,3,3,2,1,1,0,0,0,0,0,6.88601E+20,5.33568E+21,1.15356E+16,4.81464E+16
86579,9.17072E+18,9,1,62,0,2017,7,18,3,3,2,6,0,1,0,0,0,1,0,6.8854E+20,5.33461E+21,1.15343E+16,4.81368E+16
86580,9.17072E+18,9,1,84,132,2017,7,13,3,3,3,2,1,1,0,0,0,0,0,6.83721E+20,5.32951E+21,1.14674E+16,4.80923E+16
86581,9.17072E+18,9,1,84,136,2017,7,13,3,3,3,3,0,1,0,1,0,0,0,6.98693E+20,5.32611E+21,1.16667E+16,4.80573E+16
86582,9.17072E+18,9,1,62,0,2017,7,21,3,3,4,2,1,1,0,0,0,1,0,6.93099E+20,5.33885E+21,1.15974E+16,4.81735E+16
86583,9.17072E+18,9,1,84,137,2017,7,19,3,3,3,2,0,1,0,0,0,0,0,7.07277E+20,5.3158E+21,1.17768E+16,4.7962E+16
86584,9.17072E+18,9,1,84,135,2017,7,16,3,3,2,6,0,1,0,0,0,0,0,6.86772E+20,5.3475E+21,1.15162E+16,4.82532E+16
86585,9.17072E+18,9,1,84,113,2017,7,13,3,3,2,6,0,1,0,0,0,0,0,6.85431E+20,5.32147E+21,1.14868E+16,4.80196E+16
86586,9.17072E+18,9,1,62,0,2017,7,11,3,3,1,6,0,1,0,0,0,0,0,6.88336E+20,5.3402E+21,1.1534E+16,4.81871E+16
86587,9.17072E+18,9,1,62,0,2017,7,9,3,3,2,6,0,1,0,1,0,0,0,6.84826E+20,5.33202E+21,1.14833E+16,4.81146E+16
86588,9.17072E+18,9,7,78,116,2017,7,22,3,1,2,6,0,1,0,1,0,2,0,6.1861E+20,5.32212E+21,1.05913E+16,4.80414E+16
86589,9.17072E+18,9,7,75,135,2017,7,8,3,3,2,6,0,1,0,0,1,0,0,5.80646E+20,5.35391E+21,1.00881E+16,4.83332E+16
86590,9.17072E+18,9,7,75,129,2017,7,22,3,3,8,1,0,1,0,0,0,2,0,5.83493E+20,5.34036E+21,1.01239E+16,4.8211E+16
86591,9.17072E+18,9,7,80,140,2017,7,13,3,3,8,7,0,0,0,1,0,0,0,6.01863E+20,5.28159E+21,1.03572E+16,4.76797E+16
86592,9.17072E+18,9,7,76,115,2017,7,15,3,3,0,7,1,0,0,0,0,0,0,5.58131E+20,5.27378E+21,9.77355E+15,4.76148E+16
86593,9.17072E+18,9,7,76,117,2017,7,12,3,3,4,7,0,0,0,1,1,0,0,5.69517E+20,5.27299E+21,9.92492E+15,4.76066E+16
86594,9.17072E+18,9,7,80,124,2017,7,18,3,3,2,2,0,1,0,1,0,0,0,5.893E+20,5.2691E+21,1.01873E+16,4.75692E+16
86595,9.17072E+18,9,7,77,129,2017,7,16,3,3,9,1,0,1,0,0,0,0,0,6.24309E+20,5.27204E+21,1.06534E+16,4.75899E+16
86596,9.17072E+18,9,7,73,125,2017,7,20,3,3,1,6,0,1,0,0,0,0,0,6.11686E+20,5.37956E+21,1.05137E+16,4.85592E+16
86597,9.17072E+18,9,7,61,0,2017,7,4,3,3,2,6,0,0,0,0,1,2,0,6.4019E+20,5.36404E+21,1.08946E+16,4.84139E+16
86598,9.17072E+18,9,7,72,156,2017,7,15,3,3,1,1,0,1,0,0,0,0,0,6.26917E+20,5.3703E+21,1.07172E+16,4.8473E+16
86599,9.17072E+18,9,7,71,145,2017,7,17,3,3,4,6,1,1,0,0,0,0,0,6.42816E+20,5.34766E+21,1.09245E+16,4.82661E+16
86600,9.17072E+18,9,7,61,0,2017,7,8,3,3,5,3,0,1,0,0,0,0,0,6.4109E+20,5.35556E+21,1.09039E+16,4.83374E+16
86601,9.17072E+18,9,6,63,0,2017,7,17,3,3,3,5,0,1,0,0,0,0,0,5.66813E+20,5.5108E+21,9.92739E+15,4.97459E+16
86602,9.17072E+18,9,6,79,114,2017,7,17,3,3,8,7,0,1,0,0,0,0,0,5.77932E+20,5.48993E+21,1.00776E+16,4.9557E+16
86603,9.17072E+18,9,6,75,178,2017,7,17,3,2,8,7,0,1,0,1,0,0,0,5.98225E+20,5.51833E+21,1.03652E+16,4.98094E+16
86604,9.17072E+18,9,6,72,139,2017,7,14,3,2,1,6,0,1,0,0,0,0,0,5.67278E+20,5.5604E+21,9.94252E+15,5.0192E+16
86605,9.17072E+18,9,6,74,129,2017,7,20,3,2,9,1,0,1,0,0,0,0,0,6.24842E+20,5.54058E+21,1.07422E+16,5.00045E+16
86606,9.17072E+18,9,6,61,0,2017,7,5,3,3,2,6,0,1,0,0,1,1,0,5.11267E+20,5.53772E+21,9.15719E+15,4.99917E+16
86607,9.17072E+18,9,6,61,0,2017,7,7,3,3,0,4,1,0,1,0,0,0,0,5.1202E+20,5.535E+21,9.16761E+15,4.99672E+16
86608,9.17072E+18,9,5,76,127,2017,7,17,3,3,2,6,0,1,0,0,0,0,0,6.64286E+20,5.45033E+21,1.12545E+16,4.91838E+16
86609,9.17072E+18,9,5,76,151,2017,7,16,3,2,8,1,0,0,0,0,1,0,0,6.60451E+20,5.46466E+21,1.12077E+16,4.93136E+16
86610,9.17072E+18,9,5,76,151,2017,7,7,3,3,2,6,0,1,0,0,0,0,0,6.54073E+20,5.47263E+21,1.1123E+16,4.93869E+16
86611,9.17072E+18,9,5,62,0,2017,7,14,3,3,2,6,0,1,0,1,0,0,0,6.43785E+20,5.49405E+21,1.09892E+16,4.95819E+16
86612,9.17072E+18,9,5,72,137,2017,7,7,3,3,2,6,0,1,0,0,0,0,0,6.54666E+20,5.49162E+21,1.11386E+16,4.95574E+16
86613,9.17072E+18,9,5,65,0,2017,7,21,3,3,3,2,0,0,0,1,1,1,0,6.47994E+20,5.46552E+21,1.10367E+16,4.93245E+16
86614,9.17072E+18,9,5,65,0,2017,7,14,3,3,1,3,0,1,0,0,0,0,0,6.47045E+20,5.4659E+21,1.10238E+16,4.93281E+16
86615,9.17072E+18,9,5,63,0,2017,7,16,3,2,2,6,0,1,0,1,0,0,0,6.42443E+20,5.48296E+21,1.09666E+16,4.94826E+16
86616,9.17072E+18,9,5,64,0,2017,7,18,3,3,3,6,0,1,0,0,0,0,0,6.4766E+20,5.48025E+21,1.10376E+16,4.94569E+16
86617,9.17072E+18,9,5,64,0,2017,7,10,3,2,6,4,0,1,1,0,0,0,0,6.58268E+20,5.47618E+21,1.11822E+16,4.94177E+16
86618,9.17072E+18,9,5,64,0,2017,7,8,3,3,5,2,1,1,0,0,0,0,0,6.56145E+20,5.47595E+21,1.11529E+16,4.94162E+16
86619,9.17072E+18,9,5,73,114,2017,7,8,3,2,5,2,1,1,0,0,0,0,0,6.34883E+20,5.48098E+21,1.08616E+16,4.94665E+16
86620,9.17072E+18,9,5,71,174,2017,7,12,3,3,5,3,0,1,0,0,0,0,0,6.02576E+20,5.46153E+21,1.04109E+16,4.92979E+16
86621,9.17072E+18,9,4,76,145,2017,7,16,3,3,1,6,0,1,0,0,0,0,0,6.67348E+20,5.56716E+21,1.13466E+16,5.02329E+16
86622,9.17072E+18,9,4,76,178,2017,7,19,3,2,9,7,0,0,0,1,0,0,0,6.62628E+20,5.57698E+21,1.12846E+16,5.03225E+16
86623,9.17072E+18,9,4,72,199,2017,7,13,3,2,8,1,0,1,0,0,0,0,0,6.9367E+20,5.53777E+21,1.17003E+16,4.99608E+16
86624,9.17072E+18,9,4,74,133,2017,7,8,3,3,4,6,0,1,0,0,0,0,0,6.42284E+20,5.51266E+21,1.09752E+16,4.97496E+16
86625,9.17072E+18,9,4,74,121,2017,7,18,3,2,5,3,0,1,0,1,0,0,0,6.54156E+20,5.51833E+21,1.11421E+16,4.97976E+16
86626,9.17072E+18,9,4,71,140,2017,7,11,3,1,5,2,0,1,0,1,0,0,0,6.32289E+20,5.53266E+21,1.08433E+16,4.99316E+16
86627,9.17072E+18,9,4,71,173,2017,7,10,3,2,4,6,0,1,0,0,1,0,0,6.22753E+20,5.52976E+21,1.07096E+16,4.99076E+16
86628,9.17072E+18,9,4,61,0,2017,7,8,3,3,3,2,1,1,0,0,0,0,0,6.35096E+20,5.53044E+21,1.08816E+16,4.9911E+16
86629,9.17072E+18,9,3,62,0,2017,7,4,3,3,5,3,0,1,0,0,0,2,0,7.28693E+20,5.43232E+21,1.2127E+16,4.90014E+16
86630,9.17072E+18,9,3,75,205,2017,7,13,3,3,5,3,0,1,0,0,0,0,0,7.32465E+20,5.42393E+21,1.21737E+16,4.89246E+16
86631,9.17072E+18,9,3,75,117,2017,7,6,3,3,0,1,0,0,0,1,0,0,0,7.33832E+20,5.43231E+21,1.21971E+16,4.89994E+16
86632,9.17072E+18,9,3,72,167,2017,7,20,3,2,9,1,0,0,0,1,0,0,0,7.4946E+20,5.44885E+21,1.24206E+16,4.91418E+16
86633,9.17072E+18,9,3,62,0,2017,7,13,3,2,5,2,0,1,0,0,0,0,0,7.27629E+20,5.43521E+21,1.21141E+16,4.90277E+16
86634,9.17072E+18,9,3,73,153,2017,7,8,3,2,4,2,0,1,0,0,0,0,0,6.84882E+20,5.46693E+21,1.15445E+16,4.93271E+16
86635,9.17072E+18,9,3,76,163,2017,7,7,3,3,2,6,0,1,0,0,0,0,0,7.28658E+20,5.47581E+21,1.21512E+16,4.9392E+16
86636,9.17072E+18,9,2,78,171,2017,7,18,3,2,8,1,0,0,0,1,0,0,0,7.78667E+20,5.42992E+21,1.28072E+16,4.89593E+16
86637,9.17072E+18,9,2,78,118,2017,7,17,3,3,0,6,1,1,0,0,0,0,0,7.74183E+20,5.42474E+21,1.27426E+16,4.89148E+16
86638,9.17072E+18,9,2,78,171,2017,7,9,3,3,2,6,0,0,0,0,1,0,0,7.79204E+20,5.42863E+21,1.28136E+16,4.89475E+16
86639,9.17072E+18,9,2,77,142,2017,7,13,3,2,5,3,0,1,0,0,0,0,0,7.90526E+20,5.39044E+21,1.29409E+16,4.85995E+16
86640,9.17072E+18,9,2,75,124,2017,7,12,3,3,0,7,0,1,0,1,0,0,1,8.09154E+20,5.37133E+21,1.31788E+16,4.84192E+16
86641,9.17072E+18,9,2,72,118,2017,7,11,3,3,1,6,0,1,0,0,1,0,0,8.32398E+20,5.41616E+21,1.35279E+16,4.88094E+16
86642,9.17072E+18,9,2,77,144,2017,7,19,3,3,0,7,1,0,0,0,0,0,0,7.83825E+20,5.37906E+21,1.28425E+16,4.85005E+16
86643,9.17072E+18,9,2,79,116,2017,7,17,3,1,2,6,0,1,0,0,1,0,0,7.60666E+20,5.39656E+21,1.25406E+16,4.86676E+16
86644,9.17072E+18,9,1,90,157,2017,7,5,3,2,4,7,0,1,0,0,0,0,0,6.61429E+20,5.3027E+21,1.11582E+16,4.78573E+16
86645,9.17072E+18,9,1,73,118,2017,7,7,3,3,5,3,0,1,0,0,0,0,0,6.93615E+20,5.30622E+21,1.15896E+16,4.78801E+16
86646,9.17072E+18,9,1,73,133,2017,7,14,3,2,7,7,0,0,0,1,0,0,0,6.77019E+20,5.27745E+21,1.13561E+16,4.76262E+16
86647,9.17072E+18,9,1,89,130,2017,7,16,3,2,3,6,0,1,0,1,0,0,0,7.69206E+20,5.31407E+21,1.26038E+16,4.79234E+16
86648,9.17072E+18,9,1,89,154,2017,7,17,3,3,5,3,0,1,0,0,0,0,0,7.66812E+20,5.319E+21,1.25749E+16,4.79686E+16
86649,9.17072E+18,9,1,83,128,2017,7,5,3,3,8,1,0,1,0,0,0,0,0,7.60958E+20,5.35027E+21,1.25157E+16,4.82519E+16
86650,9.17072E+18,9,1,89,159,2017,7,16,3,3,2,2,0,1,0,1,0,0,0,7.60644E+20,5.30236E+21,1.24823E+16,4.78218E+16
86651,9.17072E+18,9,1,71,112,2017,7,16,3,3,5,3,0,1,0,1,0,0,0,7.84489E+20,5.34479E+21,1.28283E+16,4.81926E+16
86652,9.17072E+18,9,1,71,112,2017,7,10,3,3,5,3,1,1,0,0,0,0,0,7.84715E+20,5.34293E+21,1.28301E+16,4.81757E+16
86653,9.17072E+18,9,1,71,131,2017,7,23,3,3,7,1,0,0,0,1,0,2,0,7.67963E+20,5.34785E+21,1.26083E+16,4.82272E+16
86654,9.17072E+18,9,1,71,111,2017,7,17,3,3,2,6,0,1,0,0,1,0,0,7.714E+20,5.34884E+21,1.26552E+16,4.82346E+16
86655,9.17072E+18,9,1,87,113,2017,7,22,3,2,0,7,0,0,0,1,0,2,0,7.49231E+20,5.3255E+21,1.23435E+16,4.80341E+16
86656,9.17072E+18,9,1,87,126,2017,7,15,3,2,8,1,0,0,0,1,0,0,0,7.39034E+20,5.32546E+21,1.22069E+16,4.80376E+16
86657,9.17072E+18,9,1,82,127,2017,7,8,3,3,5,3,1,1,0,0,0,0,0,6.99996E+20,5.30925E+21,1.16763E+16,4.79054E+16
86658,9.17072E+18,9,1,82,136,2017,7,16,3,3,2,1,0,1,0,0,0,0,0,7.0329E+20,5.30111E+21,1.17165E+16,4.78312E+16
86659,9.17072E+18,9,1,82,124,2017,7,11,3,3,0,1,1,0,0,0,0,0,0,7.05492E+20,5.28569E+21,1.17386E+16,4.76919E+16
86660,9.17072E+18,9,1,82,132,2017,7,17,3,3,0,1,1,0,0,0,0,0,0,7.07036E+20,5.28709E+21,1.17598E+16,4.77039E+16
86661,9.17072E+18,9,1,82,134,2017,7,15,3,3,5,2,0,1,0,0,1,0,0,7.0077E+20,5.2941E+21,1.16796E+16,4.77689E+16
86662,9.17072E+18,9,1,87,150,2017,7,10,3,3,2,6,0,1,0,0,0,0,0,7.296E+20,5.30336E+21,1.20688E+16,4.78426E+16
86663,9.17072E+18,9,1,61,0,2017,7,13,3,2,6,7,0,1,1,0,0,0,0,6.79984E+20,5.40501E+21,1.14497E+16,4.87721E+16
86664,9.17072E+18,9,1,61,0,2017,7,8,3,2,2,7,0,0,0,1,1,0,0,6.81996E+20,5.40555E+21,1.14773E+16,4.87763E+16
86665,9.17072E+18,9,1,61,0,2017,7,7,3,3,5,3,1,1,0,0,0,0,0,6.79842E+20,5.40454E+21,1.14475E+16,4.87678E+16
86666,9.17072E+18,9,1,61,0,2017,7,10,3,3,1,6,0,1,0,0,0,0,0,6.82279E+20,5.40628E+21,1.14814E+16,4.87827E+16
86667,9.17072E+18,9,1,61,0,2017,7,7,3,3,5,2,0,1,0,0,0,0,0,6.7609E+20,5.40505E+21,1.13967E+16,4.87735E+16
86668,9.17072E+18,9,1,76,123,2017,7,19,3,2,8,7,0,0,0,1,0,0,0,6.58481E+20,5.41641E+21,1.11616E+16,4.88804E+16
86669,9.17072E+18,9,1,76,138,2017,7,16,3,3,5,3,0,1,0,0,0,0,0,6.70255E+20,5.42544E+21,1.13259E+16,4.89584E+16
86670,9.17072E+18,9,1,76,114,2017,7,11,3,2,3,1,1,0,0,0,0,0,0,6.81497E+20,5.43487E+21,1.14835E+16,4.904E+16
86671,9.17072E+18,9,1,74,146,2017,7,7,3,3,2,6,0,0,0,0,1,0,0,6.64704E+20,5.35193E+21,1.12209E+16,4.82992E+16
86672,9.17072E+18,9,1,79,145,2017,7,20,3,3,1,6,0,1,0,0,0,0,0,6.74009E+20,5.33559E+21,1.13396E+16,4.81497E+16
86673,9.17072E+18,9,1,74,118,2017,7,19,3,3,8,6,0,1,0,0,0,0,0,6.67724E+20,5.35245E+21,1.12618E+16,4.8303E+16
86674,9.17072E+18,9,1,74,115,2017,7,6,3,3,5,2,0,1,0,1,0,0,0,6.7772E+20,5.35218E+21,1.13964E+16,4.82979E+16
86675,9.17072E+18,9,1,74,135,2017,7,18,3,3,2,6,0,1,0,0,0,0,0,6.62524E+20,5.3531E+21,1.1192E+16,4.83102E+16
86676,9.17072E+18,9,1,84,119,2017,7,16,3,3,9,1,0,1,0,0,0,0,0,6.9636E+20,5.34922E+21,1.16461E+16,4.82657E+16
86677,9.17072E+18,9,1,75,132,2017,7,14,3,3,4,2,0,1,0,1,0,0,0,7.07237E+20,5.33676E+21,1.17864E+16,4.81503E+16
86678,9.17072E+18,9,1,84,138,2017,7,12,2,3,3,6,1,0,0,0,0,0,0,6.82684E+20,5.33005E+21,1.14537E+16,4.80975E+16
86679,9.17072E+18,9,1,62,0,2017,7,15,2,3,4,7,0,1,0,0,0,0,0,6.88599E+20,5.32875E+21,1.15325E+16,4.80841E+16
86680,9.17072E+18,9,1,84,147,2017,7,18,2,3,2,6,0,1,0,1,0,0,0,6.95678E+20,5.33995E+21,1.16326E+16,4.81826E+16
86681,9.17072E+18,9,1,62,0,2017,7,7,2,3,4,2,1,1,0,0,0,0,0,6.91283E+20,5.33187E+21,1.15699E+16,4.81114E+16
86682,9.17072E+18,9,7,74,144,2017,7,9,2,3,2,6,0,1,0,0,0,0,0,6.1392E+20,5.36196E+21,1.05391E+16,4.84005E+16
86683,9.17072E+18,9,7,78,186,2017,7,18,2,3,0,7,0,0,0,1,0,0,0,5.994E+20,5.30763E+21,1.03303E+16,4.79143E+16
86684,9.17072E+18,9,7,78,136,2017,7,6,2,3,5,3,1,1,0,0,0,0,0,5.9969E+20,5.32107E+21,1.03373E+16,4.80351E+16
86685,9.17072E+18,9,7,78,115,2017,7,14,2,3,5,3,0,1,0,0,1,0,0,5.93512E+20,5.33345E+21,1.02572E+16,4.81474E+16
86686,9.17072E+18,9,7,78,205,2017,7,6,2,2,5,3,0,1,0,1,0,0,0,5.94493E+20,5.31766E+21,1.02669E+16,4.80052E+16
86687,9.17072E+18,9,7,75,132,2017,7,11,2,3,8,1,0,1,0,0,0,0,0,5.85097E+20,5.3297E+21,1.01433E+16,4.81148E+16
86688,9.17072E+18,9,7,63,0,2017,7,13,2,3,3,2,1,1,0,0,0,0,0,5.9938E+20,5.28567E+21,1.0325E+16,4.77168E+16
86689,9.17072E+18,9,7,63,0,2017,7,7,2,3,2,6,0,1,0,0,0,0,0,5.98161E+20,5.28769E+21,1.03092E+16,4.77351E+16
86690,9.17072E+18,9,7,80,121,2017,7,12,2,3,0,7,1,0,0,0,0,0,0,5.96096E+20,5.25704E+21,1.0275E+16,4.74598E+16
86691,9.17072E+18,9,7,77,175,2017,7,14,2,2,4,1,0,1,0,0,0,0,0,6.13968E+20,5.28738E+21,1.05199E+16,4.77297E+16
86692,9.17072E+18,9,7,76,121,2017,7,0,2,3,9,1,0,1,0,0,0,2,0,5.71824E+20,5.26845E+21,9.95486E+15,4.75655E+16
86693,9.17072E+18,9,7,80,132,2017,7,14,2,3,2,6,0,0,0,1,0,0,0,5.75708E+20,5.26555E+21,1.0006E+16,4.7539E+16
86694,9.17072E+18,9,7,80,137,2017,7,15,2,3,4,6,0,1,0,1,0,0,0,5.95569E+20,5.26968E+21,1.02707E+16,4.75735E+16
86695,9.17072E+18,9,7,80,137,2017,7,10,2,3,5,3,0,0,0,1,1,0,0,5.96019E+20,5.26823E+21,1.02764E+16,4.75604E+16
86696,9.17072E+18,9,7,77,153,2017,7,10,2,2,0,1,1,0,0,0,0,0,0,6.1192E+20,5.27519E+21,1.04895E+16,4.76205E+16
86697,9.17072E+18,9,7,72,160,2017,7,9,2,3,2,6,0,1,0,0,0,0,0,6.37898E+20,5.34068E+21,1.0856E+16,4.82044E+16
86698,9.17072E+18,9,7,72,223,2017,7,7,2,2,5,3,0,1,0,1,0,0,0,6.18336E+20,5.36246E+21,1.05989E+16,4.84042E+16
86699,9.17072E+18,9,7,72,200,2017,7,18,2,3,4,2,0,1,0,0,0,0,0,6.28985E+20,5.33729E+21,1.07351E+16,4.81758E+16
86700,9.17072E+18,9,7,72,200,2017,7,18,2,3,8,7,0,1,0,0,0,0,0,6.27001E+20,5.33983E+21,1.07091E+16,4.8199E+16
86701,9.17072E+18,9,7,72,149,2017,7,18,2,3,0,1,0,0,0,1,0,0,0,6.35668E+20,5.34E+21,1.08258E+16,4.81988E+16
86702,9.17072E+18,9,7,72,209,2017,7,12,2,3,4,6,0,1,0,0,0,0,0,6.36393E+20,5.33713E+21,1.08346E+16,4.81728E+16
86703,9.17072E+18,9,7,61,0,2017,7,18,2,3,5,3,1,1,0,0,0,0,0,6.44693E+20,5.35722E+21,1.09531E+16,4.83516E+16
86704,9.17072E+18,9,7,61,0,2017,7,7,2,3,5,2,1,1,0,0,0,0,0,6.40118E+20,5.35245E+21,1.08898E+16,4.83097E+16
86705,9.17072E+18,9,7,61,0,2017,7,8,2,3,5,3,0,1,0,0,0,0,0,6.40744E+20,5.35236E+21,1.08982E+16,4.83088E+16
86706,9.17072E+18,9,7,61,0,2017,7,8,2,3,2,6,0,1,0,0,1,0,0,6.41421E+20,5.35756E+21,1.0909E+16,4.83554E+16