OBJECTID,UIDENTSTLA,ULAND,UREGBEZ,UKREIS,UGEMEINDE,UJAHR,UMONAT,USTUNDE,UWOCHENTAG,UKATEGORIE,UART,UTYP1,IstRad,IstPKW,IstFuss,IstKrad,IstSonstig,LICHT,STRZUSTAND,LINREFX,LINREFY,XGCSWGS84,YGCSWGS84
86879,9.17072E+18,9,5,71,225,2017,7,1,7,2,2,1,0,1,0,0,0,2,0,5.90381E+20,5.47386E+21,1.0246E+16,4.94107E+16
86880,9.17072E+18,9,5,71,190,2017,7,19,7,3,6,1,0,1,1,0,0,0,0,6.25639E+20,5.46633E+21,1.07295E+16,4.93367E+16
86881,9.17072E+18,9,5,71,136,2017,7,15,7,2,3,2,0,1,0,1,0,0,0,5.98367E+20,5.43712E+21,1.0347E+16,4.90791E+16
86882,9.17072E+18,9,5,75,134,2017,7,12,7,2,8,1,0,0,0,1,0,0,0,5.89137E+20,5.49698E+21,1.0234E+16,4.96188E+16
86883,9.17072E+18,9,4,76,180,2017,7,16,7,3,0,7,0,1,0,0,0,0,0,6.69077E+20,5.58489E+21,1.13787E+16,5.03918E+16
86884,9.17072E+18,9,4,78,120,2017,7,19,7,3,2,1,1,0,0,0,0,0,0,6.39301E+20,5.54738E+21,1.09463E+16,5.00624E+16
86885,9.17072E+18,9,4,77,129,2017,7,15,7,3,8,1,0,1,0,0,0,0,0,6.86046E+20,5.55963E+21,1.16048E+16,5.01597E+16
86886,9.17072E+18,9,4,72,139,2017,7,16,7,2,8,1,0,0,0,1,0,0,0,6.93612E+20,5.55154E+21,1.17065E+16,5.00845E+16
86887,9.17072E+18,9,4,72,143,2017,7,16,7,3,2,6,1,1,0,0,0,0,0,6.90289E+20,5.54079E+21,1.16547E+16,4.9989E+16
86888,9.17072E+18,9,4,62,0,2017,7,16,7,2,5,3,0,1,0,1,0,0,0,6.87141E+20,5.53845E+21,1.16097E+16,4.9969E+16
86889,9.17072E+18,9,4,74,134,2017,7,11,7,3,2,6,0,1,0,0,0,0,0,6.47293E+20,5.5074E+21,1.10427E+16,4.97011E+16
86890,9.17072E+18,9,3,74,134,2017,7,16,7,3,9,1,0,1,0,0,0,0,0,7.16631E+20,5.50883E+21,1.20039E+16,4.9693E+16
86891,9.17072E+18,9,3,74,129,2017,7,15,7,3,5,3,0,1,0,0,0,0,0,6.9152E+20,5.51704E+21,1.16601E+16,4.97752E+16
86892,9.17072E+18,9,3,72,126,2017,7,16,7,2,4,6,0,1,0,0,0,0,0,7.79371E+20,5.46739E+21,1.28427E+16,4.92953E+16
86893,9.17072E+18,9,3,72,124,2017,7,13,7,3,5,3,0,1,0,1,0,0,0,7.83819E+20,5.46763E+21,1.29039E+16,4.92954E+16
86894,9.17072E+18,9,3,73,167,2017,7,10,7,3,3,6,0,1,0,0,0,0,0,6.89899E+20,5.45922E+21,1.16098E+16,4.92562E+16
86895,9.17072E+18,9,3,72,117,2017,7,4,7,2,8,1,0,1,0,0,0,2,0,7.75243E+20,5.45678E+21,1.27788E+16,4.92019E+16
86896,9.17072E+18,9,3,76,119,2017,7,22,7,3,0,7,0,1,0,1,0,2,1,7.21403E+20,5.45517E+21,1.204E+16,4.92093E+16
86897,9.17072E+18,9,2,76,117,2017,7,14,7,3,8,7,0,1,0,0,0,0,0,7.97383E+20,5.44249E+21,1.30715E+16,4.90634E+16
86898,9.17072E+18,9,2,71,140,2017,7,11,7,2,5,3,0,1,0,0,0,0,0,7.85276E+20,5.41892E+21,1.28896E+16,4.88576E+16
86899,9.17072E+18,9,2,71,113,2017,7,10,7,2,4,6,0,1,0,1,0,0,0,8.03119E+20,5.41541E+21,1.31296E+16,4.88176E+16
86900,9.17072E+18,9,2,75,118,2017,7,12,7,3,0,1,0,1,0,0,0,0,0,8.50989E+20,5.40397E+21,1.37699E+16,4.86899E+16
86901,9.17072E+18,9,2,77,145,2017,7,16,7,3,0,1,1,0,0,0,0,0,0,7.9927E+20,5.35333E+21,1.30328E+16,4.82624E+16
86902,9.17072E+18,9,2,72,126,2017,7,4,7,2,4,1,0,1,0,1,0,1,0,8.37704E+20,5.4198E+21,1.36029E+16,4.88392E+16
86903,9.17072E+18,9,2,77,116,2017,7,20,7,2,9,6,0,0,0,1,0,0,0,7.78912E+20,5.3669E+21,1.2768E+16,4.83935E+16
86904,9.17072E+18,9,2,61,0,2017,7,14,7,3,2,6,0,1,0,0,0,0,0,7.33159E+20,5.38098E+21,1.21589E+16,4.85386E+16
86905,9.17072E+18,9,2,61,0,2017,7,9,7,2,5,3,1,1,0,0,0,0,0,7.31239E+20,5.38356E+21,1.21343E+16,4.85625E+16
86906,9.17072E+18,9,2,73,137,2017,7,22,7,3,0,7,1,0,0,0,0,2,0,7.12725E+20,5.42098E+21,1.1903E+16,4.89052E+16
86907,9.17072E+18,9,1,73,135,2017,7,15,7,2,3,6,0,1,0,1,0,0,0,6.91615E+20,5.27342E+21,1.15485E+16,4.75858E+16
86908,9.17072E+18,9,1,73,135,2017,7,12,7,2,7,7,1,0,0,0,0,0,0,6.95905E+20,5.27332E+21,1.16054E+16,4.75837E+16
86909,9.17072E+18,9,1,73,135,2017,7,15,7,3,4,6,1,0,0,0,0,0,0,6.93807E+20,5.28245E+21,1.15816E+16,4.76663E+16
86910,9.17072E+18,9,1,83,128,2017,7,16,7,3,2,6,0,1,0,0,0,0,0,7.61339E+20,5.34927E+21,1.25202E+16,4.82427E+16
86911,9.17072E+18,9,1,83,129,2017,7,16,7,2,8,1,0,0,0,1,0,0,0,7.6283E+20,5.36606E+21,1.25507E+16,4.83928E+16
86912,9.17072E+18,9,1,89,159,2017,7,18,7,2,5,3,0,1,0,1,0,0,0,7.61123E+20,5.30064E+21,1.24877E+16,4.78061E+16
86913,9.17072E+18,9,1,72,128,2017,7,18,7,3,5,3,0,1,0,0,0,0,0,7.92966E+20,5.29829E+21,1.29104E+16,4.77713E+16
86914,9.17072E+18,9,1,71,135,2017,7,11,7,3,5,3,0,1,0,0,0,0,0,7.69831E+20,5.34206E+21,1.26298E+16,4.81744E+16
86915,9.17072E+18,9,1,87,148,2017,7,14,7,3,0,1,1,0,0,0,0,0,0,7.39608E+20,5.27836E+21,1.21886E+16,4.76143E+16
86916,9.17072E+18,9,1,82,137,2017,7,11,7,3,0,7,1,0,0,0,1,0,1,7.10073E+20,5.30152E+21,1.18072E+16,4.78327E+16
86917,9.17072E+18,9,1,87,179,2017,7,18,7,3,4,2,0,1,0,0,0,0,0,7.23392E+20,5.30942E+21,1.1989E+16,4.78992E+16
86918,9.17072E+18,9,1,87,130,2017,7,12,7,3,6,4,0,1,1,0,0,0,0,7.12751E+20,5.3101E+21,1.18472E+16,4.79089E+16
86919,9.17072E+18,9,1,61,0,2017,7,10,7,2,0,1,0,0,0,1,0,0,0,6.82357E+20,5.40641E+21,1.14825E+16,4.87839E+16
86920,9.17072E+18,9,1,61,0,2017,7,13,7,3,5,3,0,1,0,1,0,0,0,6.79511E+20,5.3998E+21,1.1441E+16,4.87253E+16
86921,9.17072E+18,9,1,61,0,2017,7,19,7,3,8,1,0,1,0,0,0,0,0,6.79719E+20,5.40567E+21,1.14463E+16,4.87781E+16
86922,9.17072E+18,9,1,61,0,2017,7,13,7,3,2,6,0,1,0,0,0,0,0,6.82133E+20,5.40592E+21,1.14793E+16,4.87796E+16
86923,9.17072E+18,9,1,85,140,2017,7,19,7,3,9,7,0,1,0,0,0,0,0,6.80617E+20,5.39677E+21,1.14547E+16,4.86978E+16
86924,9.17072E+18,9,1,86,128,2017,7,15,7,3,2,6,0,1,0,0,0,0,0,6.78612E+20,5.38604E+21,1.14228E+16,4.86019E+16
86925,9.17072E+18,9,1,86,128,2017,7,16,7,2,2,2,1,1,0,0,0,0,0,6.78443E+20,5.38771E+21,1.14212E+16,4.8617E+16
86926,9.17072E+18,9,1,86,143,2017,7,10,7,3,5,3,0,1,0,0,0,0,0,6.85057E+20,5.37744E+21,1.15063E+16,4.85228E+16
86927,9.17072E+18,9,1,86,152,2017,7,15,7,3,9,1,0,1,0,0,0,0,0,6.93668E+20,5.37612E+21,1.16222E+16,4.85083E+16
86928,9.17072E+18,9,1,78,120,2017,7,18,1,3,9,1,0,1,0,0,0,0,1,6.93966E+20,5.35456E+21,1.16163E+16,4.83145E+16
86929,9.17072E+18,9,1,86,137,2017,7,8,7,2,9,1,0,1,0,0,0,0,0,6.86068E+20,5.39687E+21,1.15287E+16,4.86971E+16
86930,9.17072E+18,9,1,76,123,2017,7,14,7,2,4,6,0,1,0,1,0,0,0,6.5839E+20,5.41863E+21,1.11613E+16,4.89004E+16
86931,9.17072E+18,9,1,88,113,2017,7,23,7,2,9,6,0,1,0,0,0,2,0,6.76366E+20,5.31684E+21,1.13635E+16,4.79806E+16
86932,9.17072E+18,9,1,88,113,2017,7,18,7,3,5,3,1,1,0,0,0,0,0,6.76308E+20,5.3171E+21,1.13628E+16,4.79829E+16
86933,9.17072E+18,9,1,79,134,2017,7,15,7,3,9,6,0,1,0,0,0,0,0,6.687E+20,5.34449E+21,1.12718E+16,4.82311E+16
86934,9.17072E+18,9,1,74,147,2017,7,19,7,3,0,1,0,0,0,1,0,0,0,6.69947E+20,5.36648E+21,1.12974E+16,4.84285E+16
86935,9.17072E+18,9,1,74,113,2017,7,16,7,3,5,3,0,1,0,0,0,0,0,6.77732E+20,5.34768E+21,1.13946E+16,4.82574E+16
86936,9.17072E+18,9,1,88,120,2017,7,16,1,3,0,1,0,0,0,1,0,0,0,6.76849E+20,5.32652E+21,1.13739E+16,4.80674E+16
86937,9.17072E+18,9,1,78,136,2017,7,11,1,2,0,1,1,0,0,0,0,0,1,6.97773E+20,5.36899E+21,1.16744E+16,4.84429E+16
86938,9.17072E+18,9,1,74,115,2017,7,14,7,3,6,4,0,1,1,0,0,0,0,6.80071E+20,5.34813E+21,1.14263E+16,4.82608E+16
86939,9.17072E+18,9,1,74,131,2017,7,10,7,3,5,2,0,1,0,0,0,0,0,6.7573E+20,5.36016E+21,1.13729E+16,4.83701E+16
86940,9.17072E+18,9,1,84,112,2017,7,15,7,3,2,6,0,1,0,0,1,0,0,7.03073E+20,5.33948E+21,1.17317E+16,4.81761E+16
86941,9.17072E+18,9,1,84,135,2017,7,23,7,3,2,6,0,1,0,0,0,2,0,6.918E+20,5.34491E+21,1.15827E+16,4.82283E+16
86942,9.17072E+18,9,1,84,119,2017,7,9,7,3,2,6,0,1,0,0,0,0,0,6.95652E+20,5.34548E+21,1.16348E+16,4.82323E+16
86943,9.17072E+18,9,1,77,116,2017,7,13,7,3,2,6,0,1,0,0,1,0,0,7.12517E+20,5.36479E+21,1.18713E+16,4.84004E+16
86944,9.17072E+18,9,1,75,121,2017,7,17,7,2,2,6,0,1,0,1,0,0,0,7.14722E+20,5.31998E+21,1.18784E+16,4.7997E+16
86945,9.17072E+18,9,1,77,115,2017,7,13,7,3,5,3,0,0,0,1,1,0,0,7.33713E+20,5.35145E+21,1.21499E+16,4.82731E+16
86946,9.17072E+18,9,1,62,0,2017,7,11,6,3,2,6,0,1,0,0,0,0,0,6.94904E+20,5.33275E+21,1.16189E+16,4.81181E+16
86947,9.17072E+18,9,7,78,151,2017,7,14,6,2,8,6,0,1,0,0,0,0,0,5.94727E+20,5.31929E+21,1.02704E+16,4.80199E+16
86948,9.17072E+18,9,7,74,121,2017,7,9,6,3,8,7,0,1,0,0,0,0,0,6.0054E+20,5.3652E+21,1.03592E+16,4.84319E+16
86949,9.17072E+18,9,7,75,164,2017,7,11,6,3,2,6,0,1,0,0,0,0,0,5.85516E+20,5.35043E+21,1.01531E+16,4.83013E+16
86950,9.17072E+18,9,7,75,135,2017,7,21,6,2,5,3,0,1,0,1,0,2,0,5.76156E+20,5.36159E+21,1.0029E+16,4.84028E+16
86951,9.17072E+18,9,7,78,173,2017,7,12,6,3,1,6,0,1,0,0,0,0,0,6.11069E+20,5.32274E+21,1.04904E+16,4.80483E+16
86952,9.17072E+18,9,7,78,173,2017,7,16,6,2,0,1,1,0,0,0,0,0,0,6.11568E+20,5.32174E+21,1.04968E+16,4.80392E+16
86953,9.17072E+18,9,7,64,0,2017,7,8,6,3,5,3,1,1,0,0,0,0,0,5.87808E+20,5.31444E+21,1.01766E+16,4.79772E+16
86954,9.17072E+18,9,7,80,121,2017,7,14,6,3,5,3,1,1,0,0,0,0,0,5.95706E+20,5.25664E+21,1.02697E+16,4.74561E+16
86955,9.17072E+18,9,7,77,175,2017,7,10,6,3,0,6,0,1,0,1,0,0,0,6.13319E+20,5.29223E+21,1.05125E+16,4.77735E+16
86956,9.17072E+18,9,7,76,127,2017,7,17,6,2,0,6,0,1,0,1,0,0,0,5.75742E+20,5.27274E+21,1.00077E+16,4.76036E+16
86957,9.17072E+18,9,7,76,126,2017,7,18,6,2,4,2,0,1,0,1,0,0,0,5.60267E+20,5.27288E+21,9.80184E+15,4.76065E+16
86958,9.17072E+18,9,7,77,158,2017,7,13,6,3,3,6,0,0,0,1,1,0,0,6.21749E+20,5.30913E+21,1.06297E+16,4.79239E+16
86959,9.17072E+18,9,1,81,113,2017,7,9,6,2,4,6,0,1,0,1,0,0,0,6.31475E+20,5.30243E+21,1.07578E+16,4.78617E+16
86960,9.17072E+18,9,7,77,169,2017,7,12,6,3,1,6,0,1,0,0,0,0,0,6.29353E+20,5.26966E+21,1.07198E+16,4.75675E+16
86961,9.17072E+18,9,5,75,124,2017,7,15,1,2,5,3,0,0,0,1,0,0,0,5.91557E+20,5.48181E+21,1.0264E+16,4.94821E+16
86962,9.17072E+18,9,7,79,184,2017,7,17,6,3,4,6,0,0,0,1,1,0,0,6.15771E+20,5.40324E+21,1.05756E+16,4.87714E+16
86963,9.17072E+18,9,7,72,200,2017,7,10,6,3,0,2,0,0,0,1,0,0,0,6.30868E+20,5.33748E+21,1.07604E+16,4.81771E+16
86964,9.17072E+18,9,7,72,147,2017,7,19,6,2,5,3,1,1,0,0,0,0,0,6.38267E+20,5.36518E+21,1.0869E+16,4.84245E+16
86965,9.17072E+18,9,7,71,122,2017,7,9,6,3,3,6,0,0,0,1,1,0,0,6.55902E+20,5.36213E+21,1.11061E+16,4.8393E+16
86966,9.17072E+18,9,7,72,202,2017,7,14,6,3,6,2,0,1,1,0,0,0,0,6.36417E+20,5.35678E+21,1.08413E+16,4.83494E+16
86967,9.17072E+18,9,7,71,112,2017,7,18,6,3,5,2,1,1,0,0,0,0,0,6.46763E+20,5.3685E+21,1.09849E+16,4.84525E+16
86968,9.17072E+18,9,6,79,180,2017,7,12,6,3,8,1,0,0,0,1,0,0,0,5.69021E+20,5.52199E+21,9.96004E+15,4.98464E+16
86969,9.17072E+18,9,6,79,147,2017,7,8,6,3,2,6,0,0,0,1,1,0,0,5.61283E+20,5.51201E+21,9.85084E+15,4.97574E+16
86970,9.17072E+18,9,6,79,154,2017,7,13,6,3,2,6,0,1,0,0,0,0,0,5.60742E+20,5.51029E+21,9.84306E+15,4.9742E+16
86971,9.17072E+18,9,6,78,176,2017,7,18,6,3,0,1,0,0,0,1,0,0,0,5.91156E+20,5.53798E+21,1.02716E+16,4.99872E+16
86972,9.17072E+18,9,6,77,182,2017,7,21,6,3,2,6,0,1,0,0,0,2,0,5.36235E+20,5.52163E+21,9.50399E+15,4.9846E+16
86973,9.17072E+18,9,5,71,174,2017,7,6,1,3,9,1,0,1,0,0,0,0,1,6.02335E+20,5.46378E+21,1.04081E+16,4.93182E+16
86974,9.17072E+18,9,6,76,145,2017,7,8,6,3,5,2,0,1,0,0,0,0,0,5.09844E+20,5.51994E+21,9.13688E+15,4.98318E+16
86975,9.17072E+18,9,6,76,122,2017,7,13,6,3,5,4,0,1,1,0,0,0,0,5.13874E+20,5.5159E+21,9.19277E+15,4.97954E+16
86976,9.17072E+18,9,4,75,154,2017,7,9,1,3,8,1,0,1,0,0,0,0,1,6.9801E+20,5.56471E+21,1.17747E+16,5.02014E+16
86977,9.17072E+18,9,6,71,139,2017,7,18,6,3,0,7,0,0,0,1,0,0,0,5.2316E+20,5.53997E+21,9.32324E+15,5.00116E+16
86978,9.17072E+18,9,4,79,111,2017,7,13,1,2,4,6,0,1,0,0,0,0,0,7.16795E+20,5.5453E+21,1.20266E+16,5.00205E+16
86979,9.17072E+18,9,6,61,0,2017,7,9,6,3,0,6,0,0,0,0,1,0,0,5.10446E+20,5.53613E+21,9.14569E+15,4.99774E+16
86980,9.17072E+18,9,5,74,123,2017,7,5,6,3,2,6,0,0,0,0,1,0,0,6.64438E+20,5.47894E+21,1.12684E+16,4.94409E+16
86981,9.17072E+18,9,5,72,135,2017,7,16,6,3,5,3,0,1,0,1,0,0,0,6.3102E+20,5.50878E+21,1.08176E+16,4.97173E+16
86982,9.17072E+18,9,5,72,114,2017,7,13,6,3,4,6,0,1,0,0,1,0,0,6.29122E+20,5.49394E+21,1.07864E+16,4.95842E+16
86983,9.17072E+18,9,5,74,152,2017,7,7,6,3,2,6,0,1,0,0,0,0,0,6.62937E+20,5.48283E+21,1.12493E+16,4.94762E+16
86984,9.17072E+18,9,5,74,156,2017,7,22,6,2,5,3,0,1,0,0,0,2,0,6.59359E+20,5.48318E+21,1.12001E+16,4.94803E+16
86985,9.17072E+18,9,5,74,157,2017,7,17,6,3,2,6,0,1,0,0,0,0,0,6.66514E+20,5.46759E+21,1.12922E+16,4.93383E+16
86986,9.17072E+18,9,5,63,0,2017,7,4,6,3,5,3,1,1,0,0,0,2,0,6.44977E+20,5.48142E+21,1.1001E+16,4.94681E+16
86987,9.17072E+18,9,5,73,127,2017,7,17,6,3,2,6,0,1,0,0,0,0,0,6.46142E+20,5.47541E+21,1.10148E+16,4.94138E+16
86988,9.17072E+18,9,5,64,0,2017,7,14,6,3,4,2,0,1,0,0,0,0,0,6.54402E+20,5.47339E+21,1.11279E+16,4.93936E+16
86989,9.17072E+18,9,5,64,0,2017,7,14,6,3,2,6,0,1,0,0,1,0,0,6.48385E+20,5.47727E+21,1.10465E+16,4.943E+16
86990,9.17072E+18,9,5,64,0,2017,7,15,6,3,2,6,0,1,0,0,0,0,0,6.57545E+20,5.48186E+21,1.11745E+16,4.94689E+16
86991,9.17072E+18,9,5,64,0,2017,7,19,6,3,5,3,1,1,0,0,0,0,0,6.47774E+20,5.47393E+21,1.10368E+16,4.94001E+16
86992,9.17072E+18,9,5,73,125,2017,7,17,6,2,4,1,0,1,0,0,0,0,0,6.34457E+20,5.47472E+21,1.08536E+16,4.94103E+16
86993,9.17072E+18,9,4,76,183,2017,7,19,1,3,1,6,0,1,0,1,0,0,0,6.70567E+20,5.56938E+21,1.13926E+16,5.02519E+16
86994,9.17072E+18,9,4,72,121,2017,7,17,1,2,4,6,0,1,0,1,0,0,0,6.98676E+20,5.54619E+21,1.17744E+16,5.00349E+16
86995,9.17072E+18,9,4,62,0,2017,7,13,1,3,3,6,0,1,0,1,0,0,0,6.85195E+20,5.53583E+21,1.15814E+16,4.99461E+16
86996,9.17072E+18,9,5,71,136,2017,7,17,6,2,2,6,0,1,0,0,0,0,0,5.89371E+20,5.44014E+21,1.02245E+16,4.91076E+16
86997,9.17072E+18,9,5,77,161,2017,7,19,6,2,4,6,0,1,0,0,1,0,0,6.47836E+20,5.44417E+21,1.10266E+16,4.91326E+16
86998,9.17072E+18,9,3,63,0,2017,7,17,1,3,2,6,0,1,0,0,0,0,0,7.27227E+20,5.50434E+21,1.2148E+16,4.96487E+16
86999,9.17072E+18,9,5,77,136,2017,7,13,6,3,2,1,0,1,0,0,0,0,0,6.31229E+20,5.44297E+21,1.07987E+16,4.91255E+16
87000,9.17072E+18,9,3,75,199,2017,7,6,1,3,3,6,0,1,0,0,1,1,1,7.21157E+20,5.43127E+21,1.20235E+16,4.89947E+16
87001,9.17072E+18,9,5,75,161,2017,7,19,6,3,5,3,0,1,0,1,0,0,0,6.05577E+20,5.50174E+21,1.04629E+16,4.96589E+16
87002,9.17072E+18,9,4,79,135,2017,7,15,6,3,3,6,0,1,0,0,1,0,0,7.14646E+20,5.55469E+21,1.20019E+16,5.01056E+16
87003,9.17072E+18,9,4,77,163,2017,7,15,6,3,1,6,0,1,0,0,0,0,0,6.86057E+20,5.55312E+21,1.16018E+16,5.01011E+16
87004,9.17072E+18,9,4,72,199,2017,7,19,6,2,4,6,0,1,0,1,0,0,0,6.97769E+20,5.5367E+21,1.17569E+16,4.99498E+16
87005,9.17072E+18,9,4,62,0,2017,7,14,6,3,5,2,0,1,0,0,0,0,0,6.84576E+20,5.53515E+21,1.15724E+16,4.99401E+16
87006,9.17072E+18,9,4,74,133,2017,7,17,6,2,0,1,1,0,0,0,0,0,0,6.41346E+20,5.51152E+21,1.09617E+16,4.97395E+16
87007,9.17072E+18,9,4,74,126,2017,7,23,6,3,0,1,1,0,0,0,0,2,0,6.48812E+20,5.5103E+21,1.10648E+16,4.97268E+16
87008,9.17072E+18,9,4,71,220,2017,7,15,6,2,5,3,0,1,0,0,1,0,0,6.17645E+20,5.51159E+21,1.0633E+16,4.97453E+16
87009,9.17072E+18,9,4,71,145,2017,7,12,6,3,5,3,1,1,0,0,0,0,0,6.43725E+20,5.51956E+21,1.09977E+16,4.98113E+16
87010,9.17072E+18,9,3,75,199,2017,7,17,6,3,2,6,0,1,0,0,0,0,0,7.18743E+20,5.43281E+21,1.19914E+16,4.90094E+16
87011,9.17072E+18,9,3,62,0,2017,7,11,6,3,2,6,0,1,0,0,0,0,0,7.24953E+20,5.43101E+21,1.20752E+16,4.8991E+16
87012,9.17072E+18,9,3,75,190,2017,7,13,6,3,7,7,0,1,0,0,0,0,0,7.28045E+20,5.44492E+21,1.21252E+16,4.91148E+16
87013,9.17072E+18,9,3,75,131,2017,7,8,6,2,5,3,0,1,0,0,0,0,0,7.1623E+20,5.44576E+21,1.1964E+16,4.91266E+16
87014,9.17072E+18,9,3,75,130,2017,7,6,1,3,6,7,0,1,1,0,0,0,1,7.34547E+20,5.43547E+21,1.22087E+16,4.90274E+16
87015,9.17072E+18,9,3,75,156,2017,7,16,1,2,8,1,0,1,0,0,0,0,0,7.14525E+20,5.45054E+21,1.19432E+16,4.91701E+16
87016,9.17072E+18,9,3,62,0,2017,7,13,6,3,1,6,0,1,0,0,1,0,0,7.31883E+20,5.43315E+21,1.2171E+16,4.90076E+16
87017,9.17072E+18,9,3,73,126,2017,7,10,1,3,0,1,0,0,0,1,0,0,0,6.69405E+20,5.45199E+21,1.13254E+16,4.91973E+16
87018,9.17072E+18,9,3,76,147,2017,7,16,1,2,0,7,0,0,0,0,1,0,0,7.4503E+20,5.47292E+21,1.23747E+16,4.93597E+16
87019,9.17072E+18,9,2,63,0,2017,7,12,1,3,0,7,1,1,0,0,0,0,0,7.62951E+20,5.41966E+21,1.25863E+16,4.88741E+16
87020,9.17072E+18,9,2,71,125,2017,7,15,1,3,1,6,0,1,0,0,0,0,0,7.98236E+20,5.40986E+21,1.30593E+16,4.87702E+16
87021,9.17072E+18,9,2,78,197,2017,7,14,1,2,8,1,0,0,0,1,0,0,0,7.56815E+20,5.43717E+21,1.25139E+16,4.90339E+16
87022,9.17072E+18,9,3,73,153,2017,7,20,6,2,4,1,0,1,0,0,0,0,0,6.82676E+20,5.46656E+21,1.1514E+16,4.93244E+16
87023,9.17072E+18,9,3,73,119,2017,7,15,6,3,2,6,0,1,0,0,0,0,0,6.86001E+20,5.45549E+21,1.15546E+16,4.9224E+16
87024,9.17072E+18,9,2,71,119,2017,7,12,6,2,2,6,0,1,0,0,0,0,0,7.89735E+20,5.41583E+21,1.29481E+16,4.88278E+16
87025,9.17072E+18,9,2,76,115,2017,7,16,6,2,9,1,0,0,0,1,0,0,0,8.04067E+20,5.44633E+21,1.31656E+16,4.90946E+16
87026,9.17072E+18,9,2,63,0,2017,7,16,6,3,3,2,1,1,0,0,0,0,0,7.62638E+20,5.42006E+21,1.25823E+16,4.88778E+16
87027,9.17072E+18,9,2,78,192,2017,7,12,6,2,5,3,0,0,0,1,1,0,0,7.73823E+20,5.41185E+21,1.27291E+16,4.87993E+16
87028,9.17072E+18,9,2,71,141,2017,7,21,6,3,8,1,0,1,0,0,0,2,0,7.98381E+20,5.40473E+21,1.30575E+16,4.87241E+16
87029,9.17072E+18,9,2,71,125,2017,7,18,6,3,1,6,0,1,0,0,0,0,0,8.00898E+20,5.40884E+21,1.30947E+16,4.87598E+16
87030,9.17072E+18,9,2,62,0,2017,7,16,6,3,2,6,0,1,0,0,0,0,0,8.25613E+20,5.39339E+21,1.34178E+16,4.86088E+16
87031,9.17072E+18,9,2,62,0,2017,7,14,6,3,5,3,0,1,0,0,0,0,0,8.25789E+20,5.38952E+21,1.34172E+16,4.8574E+16
87032,9.17072E+18,9,2,72,121,2017,7,15,6,2,0,1,0,0,0,1,0,0,0,8.44428E+20,5.41277E+21,1.36884E+16,4.87724E+16
87033,9.17072E+18,9,2,77,111,2017,7,13,6,3,8,6,0,1,0,1,0,0,0,7.82321E+20,5.38297E+21,1.28248E+16,4.85362E+16
87034,9.17072E+18,9,2,74,174,2017,7,14,6,3,9,1,0,1,0,0,0,0,0,7.48195E+20,5.39247E+21,1.23691E+16,4.8636E+16
87035,9.17072E+18,9,2,73,178,2017,7,22,6,3,4,6,0,1,0,0,0,2,0,7.09701E+20,5.38746E+21,1.18447E+16,4.8605E+16
87036,9.17072E+18,9,2,73,147,2017,7,17,6,3,2,6,0,1,0,1,0,0,0,7.05307E+20,5.3941E+21,1.17885E+16,4.86662E+16
87037,9.17072E+18,9,2,61,0,2017,7,14,6,3,5,3,1,1,0,0,0,0,0,7.32353E+20,5.38205E+21,1.21485E+16,4.85484E+16
87038,9.17072E+18,9,2,79,112,2017,7,12,6,3,5,3,0,0,0,1,1,0,0,7.58176E+20,5.39193E+21,1.2504E+16,4.86271E+16
87039,9.17072E+18,9,1,73,120,2017,7,12,6,3,2,6,0,1,0,0,0,0,0,6.88509E+20,5.31116E+21,1.15236E+16,4.7926E+16
87040,9.17072E+18,9,1,81,127,2017,7,15,6,3,9,7,0,1,0,0,0,0,0,6.36683E+20,5.32754E+21,1.08354E+16,4.80864E+16
87041,9.17072E+18,9,1,90,140,2017,7,16,6,3,0,6,0,1,0,1,0,0,0,6.45991E+20,5.29214E+21,1.09483E+16,4.77661E+16
87042,9.17072E+18,9,1,73,126,2017,7,16,6,3,9,1,0,0,0,1,0,0,1,6.84651E+20,5.30395E+21,1.14689E+16,4.78623E+16
87043,9.17072E+18,9,1,80,125,2017,7,16,6,3,0,3,0,1,0,0,1,0,1,6.55996E+20,5.27245E+21,1.10747E+16,4.75867E+16
87044,9.17072E+18,9,1,73,135,2017,7,15,6,2,4,7,1,0,0,0,0,0,0,6.93964E+20,5.28056E+21,1.15828E+16,4.76493E+16
87045,9.17072E+18,9,1,89,111,2017,7,15,6,2,5,3,0,1,0,0,0,0,0,7.61546E+20,5.32127E+21,1.25058E+16,4.79912E+16
87046,9.17072E+18,9,1,89,155,2017,7,15,6,3,5,3,0,1,0,0,0,0,0,7.71282E+20,5.30977E+21,1.26288E+16,4.78839E+16
87047,9.17072E+18,9,1,89,114,2017,7,13,6,2,3,6,0,1,0,1,0,0,0,7.61315E+20,5.31357E+21,1.2498E+16,4.79222E+16
87048,9.17072E+18,9,2,62,0,2017,7,5,1,3,6,4,0,1,1,0,0,1,1,8.28752E+20,5.38968E+21,1.34573E+16,4.85738E+16
87049,9.17072E+18,9,2,72,138,2017,7,18,1,3,0,6,0,1,0,1,0,0,0,8.23719E+20,5.41017E+21,1.34053E+16,4.87602E+16
87050,9.17072E+18,9,1,83,116,2017,7,21,6,3,8,1,0,1,0,0,0,2,0,7.64102E+20,5.355E+21,1.25609E+16,4.8293E+16