OBJECTID,UIDENTSTLA,ULAND,UREGBEZ,UKREIS,UGEMEINDE,UJAHR,UMONAT,USTUNDE,UWOCHENTAG,UKATEGORIE,UART,UTYP1,IstRad,IstPKW,IstFuss,IstKrad,IstSonstig,LICHT,STRZUSTAND,LINREFX,LINREFY,XGCSWGS84,YGCSWGS84
87051,9.17072E+18,9,1,89,162,2017,7,17,6,3,2,6,0,1,0,0,0,0,0,7.73387E+20,5.31777E+21,1.2662E+16,4.79548E+16
87052,9.17072E+18,9,1,72,129,2017,7,15,6,2,7,1,1,0,0,0,0,0,0,7.95726E+20,5.27989E+21,1.29347E+16,4.76049E+16
87053,9.17072E+18,9,1,72,129,2017,7,13,6,3,9,1,1,0,0,0,0,0,0,7.90151E+20,5.28022E+21,1.28609E+16,4.76103E+16
87054,9.17072E+18,9,1,72,114,2017,7,22,6,3,0,6,0,1,0,1,0,2,1,7.90015E+20,5.29273E+21,1.28674E+16,4.77227E+16
87055,9.17072E+18,9,1,63,0,2017,7,14,6,3,0,6,1,0,0,0,0,0,0,7.33168E+20,5.30533E+21,1.21174E+16,4.78589E+16
87056,9.17072E+18,9,1,87,177,2017,7,12,6,3,2,6,0,1,0,0,0,0,0,7.3604E+20,5.30428E+21,1.21552E+16,4.78485E+16
87057,9.17072E+18,9,1,87,137,2017,7,13,6,3,2,6,0,1,0,0,0,0,0,7.31203E+20,5.30752E+21,1.20924E+16,4.78793E+16
87058,9.17072E+18,9,1,82,111,2017,7,11,6,3,2,6,0,1,0,0,0,0,0,7.04474E+20,5.28773E+21,1.1726E+16,4.77106E+16
87059,9.17072E+18,9,1,87,130,2017,7,11,6,3,0,1,1,0,0,0,0,0,0,7.13725E+20,5.31362E+21,1.18619E+16,4.79402E+16
87060,9.17072E+18,9,1,76,161,2017,7,16,6,2,4,1,0,1,0,0,1,0,0,6.80934E+20,5.41469E+21,1.14669E+16,4.88588E+16
87061,9.17072E+18,9,2,74,153,2017,7,11,1,3,8,1,0,1,0,0,0,0,0,7.32089E+20,5.40286E+21,1.21566E+16,4.87355E+16
87062,9.17072E+18,9,1,84,120,2017,7,18,6,2,3,6,0,1,0,1,0,0,0,6.79965E+20,5.33363E+21,1.14187E+16,4.81304E+16
87063,9.17072E+18,9,2,74,126,2017,7,21,1,3,4,6,0,1,0,0,0,2,0,7.32849E+20,5.38526E+21,1.21571E+16,4.85771E+16
87064,9.17072E+18,9,1,81,130,2017,7,10,6,3,2,2,0,1,0,1,0,0,0,6.40435E+20,5.32347E+21,1.08844E+16,4.8049E+16
87065,9.17072E+18,9,1,74,141,2017,7,14,6,3,4,2,0,1,0,1,0,0,0,6.8252E+20,5.35569E+21,1.14625E+16,4.8328E+16
87066,9.17072E+18,9,1,62,0,2017,7,12,6,3,2,6,0,1,0,0,1,0,0,6.94871E+20,5.34445E+21,1.16238E+16,4.82233E+16
87067,9.17072E+18,9,1,78,157,2017,7,5,6,3,0,6,0,1,0,0,1,0,0,7.0399E+20,5.37277E+21,1.17602E+16,4.84749E+16
87068,9.17072E+18,9,1,62,0,2017,7,10,5,3,2,6,0,1,0,0,0,0,0,6.88132E+20,5.3402E+21,1.15313E+16,4.81872E+16
87069,9.17072E+18,9,1,84,119,2017,7,13,5,3,5,2,1,1,0,0,0,0,0,6.96001E+20,5.34458E+21,1.16391E+16,4.82241E+16
87070,9.17072E+18,9,1,84,121,2017,7,18,5,3,2,2,0,1,0,0,1,0,0,7.05433E+20,5.33112E+21,1.17594E+16,4.81002E+16
87071,9.17072E+18,9,1,62,0,2017,7,17,5,3,3,6,0,1,0,1,0,0,0,6.94903E+20,5.33274E+21,1.16189E+16,4.81181E+16
87072,9.17072E+18,9,1,84,136,2017,7,15,5,3,5,3,1,1,0,0,0,0,1,6.98833E+20,5.32582E+21,1.16684E+16,4.80547E+16
87073,9.17072E+18,9,1,62,0,2017,7,17,5,3,5,7,0,1,0,1,0,0,0,6.94822E+20,5.33244E+21,1.16177E+16,4.81154E+16
87074,9.17072E+18,9,1,84,136,2017,7,16,5,3,2,6,0,1,0,0,0,0,1,6.986E+20,5.32718E+21,1.16659E+16,4.80669E+16
87075,9.17072E+18,9,1,62,0,2017,7,12,5,2,5,2,1,1,0,0,0,0,0,6.92114E+20,5.33137E+21,1.15808E+16,4.81066E+16
87076,9.17072E+18,9,1,62,0,2017,7,9,5,3,3,6,1,0,0,0,0,0,0,6.94805E+20,5.33235E+21,1.16174E+16,4.81146E+16
87077,9.17072E+18,9,1,80,117,2017,7,14,1,3,2,6,0,1,0,0,0,0,0,6.59371E+20,5.26154E+21,1.11157E+16,4.74878E+16
87078,9.17072E+18,9,7,78,123,2017,7,15,5,3,1,6,0,1,0,0,0,0,1,5.8417E+20,5.31505E+21,1.0128E+16,4.79832E+16
87079,9.17072E+18,9,7,74,121,2017,7,5,5,3,8,1,0,1,0,0,1,1,0,6.00159E+20,5.3652E+21,1.0354E+16,4.8432E+16
87080,9.17072E+18,9,7,75,152,2017,7,12,5,3,0,6,1,0,0,0,0,0,0,5.78317E+20,5.35123E+21,1.00562E+16,4.83094E+16
87081,9.17072E+18,9,1,73,111,2017,7,14,1,3,4,6,0,1,0,0,0,0,0,6.84662E+20,5.29103E+21,1.14635E+16,4.77462E+16
87082,9.17072E+18,9,7,75,135,2017,7,8,5,3,5,2,0,1,0,0,0,0,0,5.80243E+20,5.36214E+21,1.00843E+16,4.84073E+16
87083,9.17072E+18,9,7,75,135,2017,7,17,5,3,5,3,0,1,0,0,0,0,0,5.76789E+20,5.36191E+21,1.00376E+16,4.84056E+16
87084,9.17072E+18,9,1,73,112,2017,7,13,1,3,5,3,0,1,0,0,0,0,0,6.92379E+20,5.293E+21,1.15672E+16,4.77616E+16
87085,9.17072E+18,9,1,83,124,2017,7,22,1,3,7,7,0,0,0,1,0,2,1,7.57838E+20,5.34242E+21,1.2469E+16,4.81826E+16
87086,9.17072E+18,9,7,64,0,2017,7,11,5,2,5,3,1,0,0,0,0,0,0,5.85986E+20,5.31609E+21,1.01525E+16,4.79923E+16
87087,9.17072E+18,9,7,63,0,2017,7,11,5,3,1,6,0,1,0,0,0,0,0,5.99216E+20,5.28723E+21,1.03232E+16,4.77309E+16
87088,9.17072E+18,9,7,76,122,2017,7,15,5,3,0,7,1,0,0,0,0,0,1,5.62518E+20,5.27512E+21,9.83211E+15,4.76265E+16
87089,9.17072E+18,9,7,76,111,2017,7,17,5,3,5,3,1,1,0,0,0,0,0,5.50155E+20,5.26818E+21,9.66678E+15,4.75651E+16
87090,9.17072E+18,9,7,62,0,2017,7,15,5,3,3,2,1,0,0,0,1,0,0,6.21446E+20,5.30437E+21,1.06244E+16,4.78811E+16
87091,9.17072E+18,9,7,79,194,2017,7,6,5,2,4,6,0,1,0,0,1,0,0,6.07572E+20,5.40929E+21,1.04657E+16,4.88273E+16
87092,9.17072E+18,9,7,79,194,2017,7,8,5,2,4,2,0,1,0,0,1,0,0,6.11296E+20,5.41314E+21,1.05174E+16,4.88613E+16
87093,9.17072E+18,9,7,73,136,2017,7,16,5,3,2,6,0,1,0,0,1,0,0,5.99906E+20,5.3792E+21,1.0354E+16,4.85579E+16
87094,9.17072E+18,9,7,73,125,2017,7,0,5,3,4,7,0,1,0,0,0,2,0,6.16872E+20,5.38027E+21,1.05841E+16,4.85646E+16
87095,9.17072E+18,9,7,61,0,2017,7,11,5,3,2,6,0,1,0,0,1,0,0,6.40022E+20,5.35572E+21,1.08895E+16,4.83391E+16
87096,9.17072E+18,9,7,72,215,2017,7,9,5,3,5,3,0,1,0,0,0,0,0,6.33496E+20,5.34495E+21,1.07981E+16,4.82437E+16
87097,9.17072E+18,9,7,61,0,2017,7,15,5,3,4,6,1,0,0,0,0,0,0,6.39125E+20,5.3609E+21,1.08792E+16,4.83859E+16
87098,9.17072E+18,9,6,63,0,2017,7,15,5,3,8,1,0,0,0,1,0,0,1,5.68991E+20,5.52093E+21,9.95942E+15,4.98368E+16
87099,9.17072E+18,9,6,77,132,2017,7,14,5,2,8,1,0,0,0,0,1,0,0,5.55283E+20,5.54084E+21,9.77167E+15,5.00173E+16
87100,9.17072E+18,9,6,75,141,2017,7,22,5,3,7,7,0,1,0,0,0,2,0,5.85379E+20,5.51267E+21,1.01855E+16,4.97604E+16
87101,9.17072E+18,9,1,71,124,2017,7,4,1,2,9,1,0,1,0,0,0,2,1,7.80636E+20,5.34436E+21,1.27763E+16,4.81904E+16
87102,9.17072E+18,9,1,72,129,2017,7,19,1,3,0,7,0,0,0,1,0,1,0,7.91298E+20,5.28216E+21,1.28774E+16,4.76272E+16
87103,9.17072E+18,9,1,82,125,2017,7,18,1,1,5,3,1,1,0,0,0,0,1,7.12582E+20,5.29657E+21,1.18383E+16,4.77874E+16
87104,9.17072E+18,9,6,75,158,2017,7,6,5,2,5,3,0,1,0,0,0,0,1,5.94592E+20,5.51869E+21,1.03148E+16,4.98132E+16
87105,9.17072E+18,9,6,77,148,2017,7,16,5,2,9,1,0,1,0,0,0,0,1,5.52304E+20,5.53266E+21,9.72898E+15,4.9944E+16
87106,9.17072E+18,9,1,82,127,2017,7,16,1,3,8,7,0,1,0,0,0,0,0,7.02172E+20,5.31242E+21,1.17068E+16,4.79332E+16
87107,9.17072E+18,9,6,74,164,2017,7,15,5,3,9,1,0,1,0,0,0,0,1,6.11494E+20,5.548E+21,1.05581E+16,5.00739E+16
87108,9.17072E+18,9,6,74,221,2017,7,10,5,2,0,3,0,1,0,1,0,0,0,6.13695E+20,5.54134E+21,1.05869E+16,5.00135E+16
87109,9.17072E+18,9,6,72,114,2017,7,15,5,3,2,6,0,1,0,0,0,0,1,5.76676E+20,5.56015E+21,1.00741E+16,5.01886E+16
87110,9.17072E+18,9,6,78,115,2017,7,14,5,3,5,3,0,1,0,1,0,0,1,5.8501E+20,5.54098E+21,1.01866E+16,5.00151E+16
87111,9.17072E+18,9,6,78,128,2017,7,7,5,3,8,1,0,1,0,0,0,0,1,5.80388E+20,5.54673E+21,1.01233E+16,5.00674E+16
87112,9.17072E+18,9,6,71,122,2017,7,17,5,3,2,6,0,1,0,0,0,0,0,5.06655E+20,5.53193E+21,9.09274E+15,4.99397E+16
87113,9.17072E+18,9,6,71,134,2017,7,6,5,3,3,1,0,1,0,0,1,0,1,5.0194E+20,5.54972E+21,9.02712E+15,5.00998E+16
87114,9.17072E+18,9,6,71,122,2017,7,16,5,3,4,6,0,1,0,0,0,0,0,5.03528E+20,5.5317E+21,9.04916E+15,4.99376E+16
87115,9.17072E+18,9,6,71,122,2017,7,9,5,2,5,3,0,1,0,0,0,0,0,5.04195E+20,5.52833E+21,9.05842E+15,4.99073E+16
87116,9.17072E+18,9,5,64,0,2017,7,7,5,3,2,6,0,0,0,0,1,0,0,6.56562E+20,5.47297E+21,1.11574E+16,4.93893E+16
87117,9.17072E+18,9,5,76,127,2017,7,18,5,3,5,3,0,1,0,0,0,0,0,6.64952E+20,5.44578E+21,1.12618E+16,4.91427E+16
87118,9.17072E+18,9,5,76,147,2017,7,12,5,3,8,1,0,0,0,1,0,0,0,6.41452E+20,5.4474E+21,1.09403E+16,4.91631E+16
87119,9.17072E+18,9,5,74,156,2017,7,18,5,3,4,2,0,1,0,0,0,0,0,6.59528E+20,5.4823E+21,1.1202E+16,4.94724E+16
87120,9.17072E+18,9,5,74,123,2017,7,16,5,3,4,2,1,1,0,0,0,0,1,6.60808E+20,5.4717E+21,1.12154E+16,4.93767E+16
87121,9.17072E+18,9,5,64,0,2017,7,7,5,3,2,6,0,1,0,0,0,0,0,6.49817E+20,5.48168E+21,1.10679E+16,4.94693E+16
87122,9.17072E+18,9,5,64,0,2017,7,23,5,3,5,3,0,1,0,0,0,2,0,6.51999E+20,5.4815E+21,1.10979E+16,4.94671E+16
87123,9.17072E+18,9,5,64,0,2017,7,17,5,3,5,2,1,1,0,0,0,0,0,6.52381E+20,5.48214E+21,1.11034E+16,4.94728E+16
87124,9.17072E+18,9,5,73,111,2017,7,17,5,3,2,6,0,1,0,0,0,0,0,6.33786E+20,5.47563E+21,1.08447E+16,4.94186E+16
87125,9.17072E+18,9,1,82,123,2017,7,9,1,2,9,1,0,0,0,1,0,0,1,7.14422E+20,5.30291E+21,1.18659E+16,4.78437E+16
87126,9.17072E+18,9,1,81,128,2017,7,15,1,3,0,1,0,1,0,1,0,0,0,6.39252E+20,5.32793E+21,1.087E+16,4.80894E+16
87127,9.17072E+18,9,5,77,177,2017,7,9,5,3,2,6,0,1,0,0,0,0,0,6.44074E+20,5.43298E+21,1.09711E+16,4.90329E+16
87128,9.17072E+18,9,5,77,158,2017,7,21,5,3,8,7,0,1,0,0,0,1,0,6.42644E+20,5.42292E+21,1.0948E+16,4.89427E+16
87129,9.17072E+18,9,5,77,136,2017,7,7,5,2,8,1,0,0,0,1,0,0,0,6.27525E+20,5.44565E+21,1.07488E+16,4.91504E+16
87130,9.17072E+18,9,5,75,121,2017,7,12,5,3,2,2,0,1,0,0,0,0,0,6.23521E+20,5.49239E+21,1.07084E+16,4.95715E+16
87131,9.17072E+18,9,5,71,135,2017,7,16,5,3,2,6,0,1,0,0,0,0,1,6.23983E+20,5.47073E+21,1.0708E+16,4.93767E+16
87132,9.17072E+18,9,5,71,175,2017,7,8,5,3,5,3,0,1,0,0,0,0,0,6.24808E+20,5.45999E+21,1.0716E+16,4.92799E+16
87133,9.17072E+18,9,5,71,166,2017,7,16,5,3,5,3,0,1,0,0,1,0,0,6.08565E+20,5.45573E+21,1.04916E+16,4.92447E+16
87134,9.17072E+18,9,1,88,121,2017,7,21,1,3,4,6,0,1,0,0,0,2,1,6.72191E+20,5.32977E+21,1.13128E+16,4.80979E+16
87135,9.17072E+18,9,4,78,120,2017,7,16,5,3,5,3,0,1,0,0,0,0,0,6.37999E+20,5.54956E+21,1.09289E+16,5.00823E+16
87136,9.17072E+18,9,4,76,154,2017,7,12,5,3,5,3,0,1,0,1,0,0,0,6.57969E+20,5.56875E+21,1.12158E+16,5.02498E+16
87137,9.17072E+18,9,1,87,169,2017,7,11,1,2,3,6,1,1,0,0,0,0,0,7.38244E+20,5.29823E+21,1.21813E+16,4.77933E+16
87138,9.17072E+18,9,4,76,189,2017,7,13,5,2,9,6,0,0,0,1,0,0,0,6.67495E+20,5.57634E+21,1.13527E+16,5.03154E+16
87139,9.17072E+18,9,4,78,176,2017,7,15,5,3,3,6,0,1,0,0,1,0,1,6.59252E+20,5.54159E+21,1.12224E+16,5.00053E+16
87140,9.17072E+18,9,4,62,0,2017,7,6,5,3,0,1,0,0,0,1,0,0,1,6.84498E+20,5.53576E+21,1.15716E+16,4.99457E+16
87141,9.17072E+18,9,4,74,121,2017,7,15,5,2,5,3,1,1,0,0,0,0,0,6.57123E+20,5.51651E+21,1.11826E+16,4.97805E+16
87142,9.17072E+18,9,4,71,120,2017,7,22,5,3,0,1,1,0,0,0,0,2,0,6.28646E+20,5.52109E+21,1.07887E+16,4.98284E+16
87143,9.17072E+18,9,3,77,146,2017,7,5,5,3,2,6,0,1,0,0,1,0,0,7.33428E+20,5.52262E+21,1.22447E+16,4.98105E+16
87144,9.17072E+18,9,3,72,112,2017,7,8,5,3,8,1,0,0,0,1,0,0,0,7.77586E+20,5.46492E+21,1.28165E+16,4.92739E+16
87145,9.17072E+18,9,3,75,170,2017,7,11,5,3,2,6,0,1,0,0,1,0,0,7.3733E+20,5.42588E+21,1.22411E+16,4.89402E+16
87146,9.17072E+18,9,3,73,147,2017,7,17,5,3,0,7,1,0,0,0,1,0,1,6.78735E+20,5.46384E+21,1.14586E+16,4.93011E+16
87147,9.17072E+18,9,3,76,153,2017,7,22,5,3,9,1,0,1,0,0,0,2,0,7.29658E+20,5.48977E+21,1.21731E+16,4.9517E+16
87148,9.17072E+18,9,2,76,129,2017,7,9,5,3,4,6,0,1,0,0,0,0,0,8.03653E+20,5.43751E+21,1.31533E+16,4.90156E+16
87149,9.17072E+18,9,2,62,0,2017,7,16,5,3,2,6,0,1,0,0,0,0,0,8.25999E+20,5.38948E+21,1.342E+16,4.85735E+16
87150,9.17072E+18,9,2,72,149,2017,7,18,5,3,8,7,0,1,0,0,0,0,1,8.1985E+20,5.42681E+21,1.33658E+16,4.89115E+16
87151,9.17072E+18,9,2,74,183,2017,7,11,5,3,2,2,0,1,0,0,0,0,0,7.42096E+20,5.36282E+21,1.22692E+16,4.83721E+16
87152,9.17072E+18,9,2,61,0,2017,7,16,5,2,0,1,1,0,0,0,0,0,1,7.32376E+20,5.38025E+21,1.21479E+16,4.85323E+16
87153,9.17072E+18,9,2,74,124,2017,7,14,5,3,0,1,1,0,0,0,0,0,0,7.2289E+20,5.37405E+21,1.20162E+16,4.84801E+16
87154,9.17072E+18,9,2,79,112,2017,7,11,5,3,0,7,1,1,0,0,0,0,0,7.57492E+20,5.39283E+21,1.24953E+16,4.86355E+16
87155,9.17072E+18,9,2,79,116,2017,7,16,5,3,2,6,0,1,0,1,0,0,0,7.59532E+20,5.39148E+21,1.2522E+16,4.86225E+16
87156,9.17072E+18,9,1,73,137,2017,7,20,5,3,5,3,0,1,0,0,0,1,0,6.79145E+20,5.30825E+21,1.13971E+16,4.79025E+16
87157,9.17072E+18,9,1,73,120,2017,7,13,5,3,5,3,0,1,0,0,0,0,0,6.85168E+20,5.31055E+21,1.14786E+16,4.79215E+16
87158,9.17072E+18,9,1,90,159,2017,7,18,5,3,8,1,0,1,0,0,0,0,1,6.65245E+20,5.30586E+21,1.12103E+16,4.78848E+16
87159,9.17072E+18,9,1,90,159,2017,7,8,5,2,5,3,0,1,0,0,0,0,0,6.63276E+20,5.3058E+21,1.1184E+16,4.78848E+16
87160,9.17072E+18,9,1,73,112,2017,7,18,5,3,2,6,0,1,0,0,0,0,0,6.93603E+20,5.29287E+21,1.15835E+16,4.77601E+16
87161,9.17072E+18,9,1,89,133,2017,7,19,5,3,8,1,0,1,0,0,0,0,0,7.53442E+20,5.32236E+21,1.2398E+16,4.80042E+16
87162,9.17072E+18,9,1,89,145,2017,7,9,5,3,2,6,0,1,0,0,0,0,0,7.73574E+20,5.30259E+21,1.26549E+16,4.78184E+16
87163,9.17072E+18,9,1,72,111,2017,7,13,5,3,9,1,0,1,0,0,0,0,0,7.94502E+20,5.30521E+21,1.29356E+16,4.78328E+16
87164,9.17072E+18,9,1,87,130,2017,7,14,1,3,2,6,0,1,0,1,0,0,0,7.12487E+20,5.31014E+21,1.18437E+16,4.79094E+16
87165,9.17072E+18,9,1,84,145,2017,7,7,5,3,2,6,0,1,0,0,0,0,0,6.96458E+20,5.32286E+21,1.16352E+16,4.80288E+16
87166,9.17072E+18,9,1,87,182,2017,7,20,5,3,4,1,0,1,0,0,0,1,1,7.40676E+20,5.3273E+21,1.22299E+16,4.80536E+16
87167,9.17072E+18,9,1,87,170,2017,7,11,5,3,4,1,0,1,0,0,1,0,0,7.33395E+20,5.31926E+21,1.2128E+16,4.7984E+16
87168,9.17072E+18,9,1,87,150,2017,7,16,5,2,5,3,1,1,0,0,0,0,1,7.2898E+20,5.30346E+21,1.20605E+16,4.78437E+16
87169,9.17072E+18,9,1,61,0,2017,7,18,1,3,2,6,0,1,0,0,0,0,0,6.80099E+20,5.40502E+21,1.14512E+16,4.87721E+16
87170,9.17072E+18,9,1,87,130,2017,7,15,5,3,4,1,0,1,0,0,1,0,1,7.12094E+20,5.31028E+21,1.18385E+16,4.79107E+16
87171,9.17072E+18,9,1,76,126,2017,7,19,5,3,2,6,0,1,0,0,0,0,0,6.72773E+20,5.40605E+21,1.13521E+16,4.87835E+16
87172,9.17072E+18,9,1,61,0,2017,7,10,1,3,5,3,1,1,0,0,0,0,0,6.79397E+20,5.40503E+21,1.14417E+16,4.87724E+16
87173,9.17072E+18,9,1,76,126,2017,7,13,5,3,4,6,0,0,0,1,1,0,0,6.72837E+20,5.41078E+21,1.13549E+16,4.88259E+16
87174,9.17072E+18,9,1,85,158,2017,7,15,5,3,0,7,1,1,0,0,0,0,1,6.66658E+20,5.381E+21,1.12588E+16,4.85599E+16
87175,9.17072E+18,9,1,86,137,2017,7,13,5,3,3,2,0,1,0,0,0,0,0,6.86482E+20,5.40241E+21,1.15368E+16,4.87467E+16
87176,9.17072E+18,9,1,86,122,2017,7,14,5,3,8,1,0,0,0,1,0,0,0,6.95705E+20,5.39906E+21,1.16606E+16,4.87138E+16
87177,9.17072E+18,9,1,62,0,2017,7,16,5,3,2,6,0,1,0,0,0,0,0,6.8723E+20,5.33318E+21,1.15161E+16,4.81243E+16
87178,9.17072E+18,9,1,81,123,2017,7,19,5,3,2,6,0,1,0,0,0,0,0,6.55497E+20,5.32659E+21,1.10876E+16,4.80736E+16
87179,9.17072E+18,9,1,88,144,2017,7,6,5,3,2,6,0,1,0,0,0,0,0,6.66343E+20,5.32871E+21,1.12339E+16,4.80899E+16
87180,9.17072E+18,9,1,86,137,2017,7,19,1,2,8,1,0,1,0,0,0,0,0,6.84404E+20,5.39907E+21,1.15071E+16,4.87174E+16
87181,9.17072E+18,9,1,79,134,2017,7,10,5,2,0,1,1,0,0,0,0,0,0,6.6563E+20,5.34399E+21,1.12303E+16,4.82275E+16
87182,9.17072E+18,9,1,88,124,2017,7,19,5,3,5,2,1,1,0,0,0,0,0,6.61572E+20,5.31704E+21,1.11654E+16,4.79862E+16
87183,9.17072E+18,9,1,79,121,2017,7,11,5,2,0,4,0,0,1,1,0,0,0,6.68091E+20,5.33842E+21,1.12612E+16,4.81768E+16
87184,9.17072E+18,9,1,79,121,2017,7,15,5,3,4,2,1,1,0,0,0,0,1,6.6718E+20,5.33965E+21,1.12494E+16,4.8188E+16
87185,9.17072E+18,9,1,74,122,2017,7,8,5,3,0,7,0,1,0,0,0,0,0,6.85709E+20,5.35246E+21,1.15041E+16,4.82981E+16
87186,9.17072E+18,9,1,62,0,2017,7,21,4,3,5,2,1,1,0,0,0,2,0,6.91254E+20,5.33926E+21,1.15728E+16,4.81778E+16
87187,9.17072E+18,9,1,62,0,2017,7,17,4,3,0,2,1,1,0,0,0,0,0,6.86216E+20,5.33526E+21,1.15034E+16,4.81433E+16
87188,9.17072E+18,9,1,62,0,2017,7,18,4,3,1,6,0,1,0,0,1,0,0,6.9546E+20,5.33399E+21,1.16269E+16,4.81292E+16
87189,9.17072E+18,9,1,62,0,2017,7,14,4,3,1,7,1,1,0,0,0,0,0,6.84111E+20,5.33541E+21,1.14752E+16,4.81453E+16
87190,9.17072E+18,9,1,84,142,2017,7,15,4,2,3,6,1,1,0,0,0,0,0,6.83248E+20,5.31817E+21,1.14562E+16,4.79906E+16
87191,9.17072E+18,9,1,84,136,2017,7,10,4,3,5,3,1,1,0,0,0,0,0,6.98283E+20,5.32688E+21,1.16615E+16,4.80644E+16
87192,9.17072E+18,9,1,84,147,2017,7,10,4,2,5,3,0,1,0,1,0,0,0,6.95622E+20,5.33998E+21,1.16319E+16,4.81829E+16
87193,9.17072E+18,9,1,84,147,2017,7,10,4,3,5,3,1,0,0,0,0,0,0,6.96037E+20,5.34071E+21,1.16378E+16,4.81893E+16
87194,9.17072E+18,9,1,62,0,2017,7,10,4,3,0,7,1,0,0,0,0,0,0,6.9751E+20,5.33358E+21,1.16543E+16,4.81248E+16
87195,9.17072E+18,9,7,75,135,2017,7,15,4,3,3,6,0,1,0,0,1,0,0,5.73367E+20,5.3598E+21,9.99097E+15,4.83871E+16
87196,9.17072E+18,9,7,78,136,2017,7,18,4,2,4,6,0,1,0,1,0,0,0,5.97442E+20,5.32298E+21,1.03076E+16,4.80527E+16
87197,9.17072E+18,9,7,74,129,2017,7,16,4,3,4,2,0,1,0,0,0,0,0,5.98035E+20,5.34015E+21,1.03195E+16,4.8207E+16
87198,9.17072E+18,9,7,74,166,2017,7,16,4,2,4,6,0,1,0,0,0,0,0,6.14618E+20,5.34198E+21,1.05431E+16,4.82207E+16
87199,9.17072E+18,9,1,85,140,2017,7,17,1,2,2,2,0,1,0,1,0,0,0,6.74089E+20,5.39403E+21,1.13649E+16,4.8675E+16
87200,9.17072E+18,9,1,61,0,2017,7,19,1,3,2,1,1,0,0,0,0,0,0,6.79603E+20,5.40027E+21,1.14424E+16,4.87296E+16
87201,9.17072E+18,9,7,77,141,2017,7,23,4,1,8,1,0,1,0,0,0,2,1,6.30806E+20,5.30455E+21,1.07495E+16,4.7881E+16
87202,9.17072E+18,9,7,80,122,2017,7,20,4,3,5,3,0,1,0,1,0,0,0,6.00819E+20,5.2951E+21,1.03464E+16,4.78014E+16
87203,9.17072E+18,9,1,86,162,2017,7,19,1,3,9,1,0,0,0,1,0,0,0,6.94725E+20,5.38854E+21,1.16423E+16,4.86196E+16
87204,9.17072E+18,9,7,63,0,2017,7,6,4,3,3,6,0,1,0,0,1,0,0,6.02119E+20,5.2855E+21,1.03615E+16,4.77148E+16
87205,9.17072E+18,9,1,88,144,2017,7,19,1,3,2,6,0,1,0,0,0,0,0,6.69092E+20,5.32915E+21,1.12709E+16,4.80931E+16
87206,9.17072E+18,9,7,63,0,2017,7,15,4,3,4,6,0,1,0,0,0,0,0,5.95485E+20,5.29001E+21,1.02741E+16,4.77564E+16
87207,9.17072E+18,9,7,77,129,2017,7,21,4,3,2,6,0,1,0,0,0,2,1,6.21894E+20,5.27029E+21,1.06208E+16,4.75745E+16
87208,9.17072E+18,9,1,81,113,2017,7,17,1,2,5,3,0,1,0,1,0,0,0,6.39541E+20,5.31037E+21,1.08682E+16,4.79315E+16
87209,9.17072E+18,9,7,71,145,2017,7,17,4,3,4,6,0,1,0,0,0,0,0,6.47714E+20,5.34366E+21,1.09891E+16,4.8229E+16
87210,9.17072E+18,9,7,61,0,2017,7,17,4,3,0,7,1,1,0,0,0,0,0,6.39072E+20,5.36096E+21,1.08785E+16,4.83864E+16
87211,9.17072E+18,9,7,61,0,2017,7,13,4,3,2,6,0,1,0,0,0,0,0,6.43241E+20,5.35951E+21,1.09342E+16,4.83725E+16
87212,9.17072E+18,9,7,61,0,2017,7,4,4,3,5,2,0,1,0,0,0,1,0,6.44941E+20,5.35574E+21,1.09559E+16,4.83382E+16
87213,9.17072E+18,9,7,61,0,2017,7,6,4,3,0,7,0,1,0,0,0,0,0,6.38346E+20,5.35229E+21,1.08658E+16,4.83087E+16
87214,9.17072E+18,9,7,71,158,2017,7,17,4,3,5,3,0,1,0,0,0,0,0,6.41909E+20,5.37333E+21,1.0921E+16,4.8497E+16
87215,9.17072E+18,9,7,71,113,2017,7,10,4,3,2,6,0,1,0,0,0,0,0,6.57644E+20,5.36942E+21,1.11323E+16,4.84582E+16
87216,9.17072E+18,9,6,75,117,2017,7,16,4,3,2,6,0,0,0,0,1,0,0,5.8399E+20,5.51571E+21,1.01668E+16,4.9788E+16
87217,9.17072E+18,9,6,79,196,2017,7,18,4,2,4,2,0,1,0,0,0,0,0,5.51681E+20,5.51621E+21,9.7181E+15,4.97961E+16
87218,9.17072E+18,9,6,63,0,2017,7,13,4,3,6,7,1,0,1,0,0,0,0,5.68148E+20,5.51671E+21,9.94696E+15,4.9799E+16
87219,9.17072E+18,9,6,79,170,2017,7,18,4,2,0,7,1,0,0,0,0,0,0,5.7684E+20,5.50167E+21,1.00648E+16,4.96627E+16
87220,9.17072E+18,9,6,77,157,2017,7,12,4,3,0,1,1,0,0,0,1,0,0,5.43391E+20,5.52282E+21,9.60365E+15,4.98562E+16
87221,9.17072E+18,9,6,75,117,2017,7,7,4,2,5,3,0,1,0,1,0,0,0,5.78812E+20,5.51557E+21,1.00949E+16,4.97874E+16
87222,9.17072E+18,9,6,74,164,2017,7,18,4,2,5,3,1,1,0,0,0,0,0,6.10544E+20,5.54908E+21,1.05452E+16,5.00837E+16
87223,9.17072E+18,9,1,84,113,2017,7,12,7,2,8,1,1,0,0,0,0,0,0,6.85475E+20,5.32166E+21,1.14875E+16,4.80213E+16