OBJECTID,UIDENTSTLA,ULAND,UREGBEZ,UKREIS,UGEMEINDE,UJAHR,UMONAT,USTUNDE,UWOCHENTAG,UKATEGORIE,UART,UTYP1,IstRad,IstPKW,IstFuss,IstKrad,IstSonstig,LICHT,STRZUSTAND,LINREFX,LINREFY,XGCSWGS84,YGCSWGS84
87397,9.17072E+18,9,1,87,150,2017,7,11,2,3,2,6,0,1,0,0,0,0,1,7.30288E+20,5.3034E+21,1.2078E+16,4.78427E+16
87398,9.17072E+18,9,1,76,131,2017,7,16,2,3,0,1,1,0,0,0,0,0,0,6.80672E+20,5.41061E+21,1.14615E+16,4.88222E+16
87399,9.17072E+18,9,1,61,0,2017,7,11,2,3,4,2,1,1,0,0,0,0,1,6.75168E+20,5.40507E+21,1.13842E+16,4.87739E+16
87400,9.17073E+18,9,2,75,133,2017,7,16,4,2,4,1,0,1,0,0,0,0,1,8.22773E+20,5.38529E+21,1.33731E+16,4.85375E+16
87401,9.17073E+18,9,2,75,125,2017,7,21,4,3,8,1,0,1,0,0,0,2,1,8.0734E+20,5.38132E+21,1.31617E+16,4.85097E+16
87402,9.17072E+18,9,1,85,127,2017,7,13,2,3,5,3,0,1,0,0,0,0,1,6.54674E+20,5.38868E+21,1.10993E+16,4.86321E+16
87403,9.17073E+18,9,2,74,113,2017,7,7,4,3,0,7,0,1,0,0,1,0,1,7.26646E+20,5.38152E+21,1.2071E+16,4.85457E+16
87404,9.17072E+18,9,1,86,158,2017,7,15,2,3,5,1,0,0,0,1,1,0,1,6.91667E+20,5.40107E+21,1.16067E+16,4.87331E+16
87405,9.17073E+18,9,2,74,176,2017,7,9,4,3,8,1,0,1,0,0,0,0,1,7.27256E+20,5.40364E+21,1.20914E+16,4.87443E+16
87406,9.17073E+18,9,2,74,119,2017,7,13,4,3,5,3,0,1,0,0,0,0,1,7.42231E+20,5.40094E+21,1.22932E+16,4.87144E+16
87407,9.17073E+18,9,2,61,0,2017,7,18,4,3,0,7,1,0,0,0,0,0,1,7.32237E+20,5.38067E+21,1.21462E+16,4.85361E+16
87408,9.17073E+18,9,2,73,116,2017,7,18,4,3,5,3,0,1,0,0,0,0,1,7.21917E+20,5.42406E+21,1.203E+16,4.89296E+16
87409,9.17073E+18,9,2,73,152,2017,7,12,4,3,9,1,0,1,0,0,0,0,1,7.05257E+20,5.41004E+21,1.17958E+16,4.88094E+16
87410,9.17073E+18,9,2,73,159,2017,7,17,4,3,0,1,0,0,0,0,1,1,1,7.06881E+20,5.43346E+21,1.18297E+16,4.90193E+16
87411,9.17073E+18,9,2,79,134,2017,7,11,4,3,4,6,0,1,0,0,0,0,1,7.63632E+20,5.38952E+21,1.25763E+16,4.86032E+16
87412,9.17073E+18,9,1,80,124,2017,7,10,4,2,4,7,0,1,0,0,1,0,1,6.65319E+20,5.28412E+21,1.12031E+16,4.76893E+16
87413,9.17073E+18,9,1,90,139,2017,7,20,4,3,9,1,0,1,0,0,0,2,1,6.52486E+20,5.29398E+21,1.10356E+16,4.77812E+16
87414,9.17073E+18,9,1,89,143,2017,7,17,4,3,4,2,0,1,0,0,0,0,1,7.61483E+20,5.3169E+21,1.25023E+16,4.7952E+16
87415,9.17073E+18,9,1,89,154,2017,7,6,4,2,4,6,0,1,0,0,0,0,1,7.66459E+20,5.31739E+21,1.25691E+16,4.79544E+16
87416,9.17073E+18,9,1,89,114,2017,7,16,4,3,5,3,0,1,0,0,0,0,1,7.63918E+20,5.31352E+21,1.25328E+16,4.79206E+16
87417,9.17073E+18,9,1,83,144,2017,7,17,4,3,9,1,0,1,0,0,0,0,1,7.3984E+20,5.3512E+21,1.22322E+16,4.82686E+16
87418,9.17072E+18,9,1,74,113,2017,7,7,2,3,2,3,0,1,0,0,1,0,0,6.792E+20,5.34196E+21,1.1412E+16,4.82056E+16
87419,9.17072E+18,9,1,84,131,2017,7,14,2,3,2,7,0,1,0,0,1,0,0,7.04467E+20,5.33746E+21,1.17495E+16,4.81575E+16
87420,9.17073E+18,9,1,89,134,2017,7,18,4,3,4,6,0,1,0,0,0,0,1,7.70948E+20,5.32562E+21,1.26343E+16,4.80264E+16
87421,9.17072E+18,9,1,77,126,2017,7,7,2,3,2,6,0,1,0,0,0,0,0,7.19047E+20,5.37015E+21,1.19623E+16,4.84463E+16
87422,9.17072E+18,9,1,78,145,2017,7,15,2,3,2,6,0,1,0,0,0,0,0,6.96443E+20,5.35396E+21,1.16494E+16,4.83083E+16
87423,9.17072E+18,9,1,78,133,2017,7,19,2,3,2,1,0,1,0,1,0,0,0,6.86938E+20,5.36629E+21,1.15268E+16,4.8422E+16
87424,9.17072E+18,9,1,77,133,2017,7,21,2,3,4,6,0,1,0,0,0,2,1,7.13763E+20,5.35566E+21,1.18835E+16,4.8318E+16
87425,9.17072E+18,9,1,75,122,2017,7,17,2,3,1,6,0,1,0,0,0,0,1,7.21172E+20,5.32565E+21,1.19677E+16,4.80458E+16
87426,9.17073E+18,9,1,89,159,2017,7,9,4,3,2,6,0,1,0,0,0,0,1,7.61123E+20,5.30064E+21,1.24877E+16,4.78061E+16
87427,9.17073E+18,9,1,72,134,2017,7,16,4,2,5,3,0,1,0,1,0,0,1,7.87407E+20,5.30583E+21,1.28414E+16,4.78415E+16
87428,9.17073E+18,9,1,72,118,2017,7,14,4,3,8,1,0,1,0,0,0,0,1,7.98368E+20,5.30602E+21,1.29877E+16,4.78382E+16
87429,9.17073E+18,9,1,72,117,2017,7,13,4,3,2,6,0,1,0,0,0,0,1,7.98287E+20,5.28409E+21,1.29716E+16,4.76414E+16
87430,9.17073E+18,9,1,72,128,2017,7,16,4,3,2,2,0,1,0,1,0,0,1,7.92233E+20,5.29727E+21,1.29E+16,4.77625E+16
87431,9.17073E+18,9,1,71,111,2017,7,20,4,2,8,1,0,0,0,0,1,2,1,7.74159E+20,5.34863E+21,1.26921E+16,4.82316E+16
87432,9.17073E+18,9,1,71,117,2017,7,11,4,3,4,6,0,0,0,0,1,0,1,7.65998E+20,5.33584E+21,1.25744E+16,4.81202E+16
87433,9.17073E+18,9,1,87,182,2017,7,9,4,3,2,2,0,1,0,0,0,0,1,7.38176E+20,5.32828E+21,1.2197E+16,4.80633E+16
87434,9.17073E+18,9,1,82,114,2017,7,10,4,3,8,7,0,1,0,0,0,0,1,7.18211E+20,5.28759E+21,1.19088E+16,4.77048E+16
87435,9.17073E+18,9,1,76,137,2017,7,10,4,3,8,1,0,1,0,0,1,0,1,6.73297E+20,5.43001E+21,1.13693E+16,4.89987E+16
87436,9.17073E+18,9,1,61,0,2017,7,17,4,2,4,1,0,1,0,0,0,0,1,6.81658E+20,5.40023E+21,1.14703E+16,4.87286E+16
87437,9.17073E+18,9,1,85,158,2017,7,5,4,3,5,3,1,1,0,0,0,1,1,6.67815E+20,5.37987E+21,1.1274E+16,4.85495E+16
87438,9.17073E+18,9,1,76,123,2017,7,16,4,3,2,5,0,1,0,0,0,0,1,6.61046E+20,5.41941E+21,1.11978E+16,4.89067E+16
87439,9.17073E+18,9,1,62,0,2017,7,14,4,3,8,1,0,1,0,0,0,0,1,6.78298E+20,5.33437E+21,1.13967E+16,4.81376E+16
87440,9.17073E+18,9,1,62,0,2017,7,11,4,3,3,7,0,0,0,0,1,2,1,6.82818E+20,5.34224E+21,1.14607E+16,4.8207E+16
87441,9.17073E+18,9,1,84,131,2017,7,16,4,3,2,6,0,1,0,0,0,0,1,7.04464E+20,5.33746E+21,1.17495E+16,4.81575E+16
87442,9.17073E+18,9,1,77,113,2017,7,15,4,2,5,3,0,1,0,0,0,0,0,7.20784E+20,5.35303E+21,1.19767E+16,4.82919E+16
87443,9.17073E+18,9,1,77,117,2017,7,18,4,3,8,1,0,1,0,0,0,0,1,7.17208E+20,5.35147E+21,1.19278E+16,4.82791E+16
87444,9.17073E+18,9,1,77,115,2017,7,13,4,3,0,7,1,0,0,0,0,0,1,7.33786E+20,5.35139E+21,1.21509E+16,4.82725E+16
87445,9.17073E+18,9,1,77,139,2017,7,17,4,3,5,3,0,1,0,0,0,0,1,7.33035E+20,5.35832E+21,1.21446E+16,4.83351E+16
87446,9.17073E+18,9,1,84,114,2017,7,18,3,3,2,6,0,1,0,0,0,0,1,6.96908E+20,5.31996E+21,1.16399E+16,4.80026E+16
87447,9.17073E+18,9,1,84,120,2017,7,9,3,3,5,3,1,1,0,0,0,0,1,6.81373E+20,5.33205E+21,1.1437E+16,4.81159E+16
87448,9.17073E+18,9,1,84,141,2017,7,16,3,3,2,6,0,1,0,0,0,0,0,6.9938E+20,5.31666E+21,1.16715E+16,4.79722E+16
87449,9.17073E+18,9,1,62,0,2017,7,16,3,3,9,1,0,1,0,0,0,0,1,6.83839E+20,5.33554E+21,1.14716E+16,4.81466E+16
87450,9.17073E+18,9,1,62,0,2017,7,7,3,3,5,3,1,1,0,0,0,0,1,6.82665E+20,5.34117E+21,1.14582E+16,4.81975E+16
87451,9.17073E+18,9,1,84,140,2017,7,17,3,3,4,6,0,1,0,0,0,0,1,7.02467E+20,5.32926E+21,1.17187E+16,4.80845E+16
87452,9.17072E+18,9,1,77,115,2017,7,14,2,3,5,3,0,1,0,0,0,0,1,7.3411E+20,5.35094E+21,1.2155E+16,4.82684E+16
87453,9.17072E+18,9,1,62,0,2017,7,17,1,3,4,6,1,0,0,0,0,0,0,6.87241E+20,5.3351E+21,1.15171E+16,4.81416E+16
87454,9.17073E+18,9,7,75,152,2017,7,9,3,3,2,6,0,1,0,0,1,0,0,5.80692E+20,5.35324E+21,1.00886E+16,4.83272E+16
87455,9.17073E+18,9,7,75,135,2017,7,7,3,3,2,3,0,1,0,0,0,0,1,5.80791E+20,5.36278E+21,1.00918E+16,4.8413E+16
87456,9.17073E+18,9,7,78,144,2017,7,7,3,3,8,1,0,0,0,1,0,0,1,5.93572E+20,5.30494E+21,1.02518E+16,4.7891E+16
87457,9.17073E+18,9,7,74,150,2017,7,6,3,3,2,7,0,1,0,0,0,0,1,6.0097E+20,5.34388E+21,1.03599E+16,4.82401E+16
87458,9.17073E+18,9,7,76,116,2017,7,16,3,3,2,1,0,1,0,0,0,0,0,5.52505E+20,5.26683E+21,9.69786E+15,4.75528E+16
87459,9.17073E+18,9,7,80,124,2017,7,17,3,3,2,2,0,1,0,0,0,0,1,5.92292E+20,5.26855E+21,1.02269E+16,4.75638E+16
87460,9.17073E+18,9,7,77,140,2017,7,13,3,3,0,1,0,0,0,1,0,0,1,6.28056E+20,5.31845E+21,1.07169E+16,4.80066E+16
87461,9.17073E+18,9,7,79,147,2017,7,17,3,3,2,2,0,1,0,0,0,0,1,6.06176E+20,5.42458E+21,1.04506E+16,4.8965E+16
87462,9.17073E+18,9,7,71,142,2017,7,17,3,3,5,3,0,1,0,0,0,0,1,6.48316E+20,5.35215E+21,1.10001E+16,4.83051E+16
87463,9.17073E+18,9,7,71,122,2017,7,15,3,3,4,6,0,1,0,0,0,0,1,6.4888E+20,5.3601E+21,1.10105E+16,4.83765E+16
87464,9.17073E+18,9,7,61,0,2017,7,9,3,3,3,6,0,1,0,0,1,0,0,6.41376E+20,5.35749E+21,1.09084E+16,4.83547E+16
87465,9.17072E+18,9,1,62,0,2017,7,2,1,2,5,3,0,1,0,0,0,2,1,6.84631E+20,5.32912E+21,1.14794E+16,4.80886E+16
87466,9.17073E+18,9,7,71,113,2017,7,11,3,3,8,1,0,1,0,0,0,0,1,6.61034E+20,5.36916E+21,1.1178E+16,4.84549E+16
87467,9.17072E+18,9,7,75,164,2017,7,13,1,3,5,3,1,1,0,0,0,0,0,5.85528E+20,5.35116E+21,1.01535E+16,4.83079E+16
87468,9.17073E+18,9,6,63,0,2017,7,8,3,3,5,2,1,1,0,0,0,0,0,5.67177E+20,5.51686E+21,9.93349E+15,4.98005E+16
87469,9.17073E+18,9,6,63,0,2017,7,14,3,3,3,2,1,1,0,0,0,0,1,5.68049E+20,5.5167E+21,9.94558E+15,4.97989E+16
87470,9.17073E+18,9,6,77,119,2017,7,20,3,3,9,1,0,1,0,0,0,1,1,5.51175E+20,5.52308E+21,9.71197E+15,4.9858E+16
87471,9.17073E+18,9,6,75,170,2017,7,16,3,2,8,1,0,0,0,1,0,0,1,5.81088E+20,5.50521E+21,1.01243E+16,4.96939E+16
87472,9.17073E+18,9,6,75,147,2017,7,16,3,3,2,6,0,1,0,0,0,0,0,5.82544E+20,5.50241E+21,1.01439E+16,4.96686E+16
87473,9.17073E+18,9,6,75,141,2017,7,13,3,3,2,6,0,1,0,0,1,0,1,5.84078E+20,5.51106E+21,1.01671E+16,4.97462E+16
87474,9.17073E+18,9,6,77,148,2017,7,17,3,2,4,1,0,1,0,0,0,0,1,5.51056E+20,5.53688E+21,9.71214E+15,4.99821E+16
87475,9.17073E+18,9,6,77,114,2017,7,10,3,3,9,1,0,1,0,0,0,0,1,5.67917E+20,5.53854E+21,9.94759E+15,4.99953E+16
87476,9.17073E+18,9,6,62,0,2017,7,18,3,3,0,2,1,1,0,0,0,0,1,5.88741E+20,5.54441E+21,1.02394E+16,5.00454E+16
87477,9.17073E+18,9,6,78,168,2017,7,17,3,2,4,1,0,1,0,0,0,0,1,5.81679E+20,5.55235E+21,1.01425E+16,5.01178E+16
87478,9.17073E+18,9,6,78,135,2017,7,17,3,3,8,1,0,1,0,0,0,0,1,5.94892E+20,5.5416E+21,1.03246E+16,5.00191E+16
87479,9.17073E+18,9,6,78,193,2017,7,15,3,3,5,3,0,1,0,0,0,0,1,5.79152E+20,5.53809E+21,1.01042E+16,4.99899E+16
87480,9.17073E+18,9,6,71,111,2017,7,8,3,2,9,1,0,1,0,0,0,0,1,5.08816E+20,5.54966E+21,9.12327E+15,5.00992E+16
87481,9.17072E+18,9,7,78,136,2017,7,18,1,3,5,3,0,1,0,0,0,0,0,5.98875E+20,5.32014E+21,1.03262E+16,4.80269E+16
87482,9.17073E+18,9,5,74,138,2017,7,13,3,3,2,6,0,1,0,0,0,0,1,6.64918E+20,5.48451E+21,1.12773E+16,4.94908E+16
87483,9.17073E+18,9,5,74,123,2017,7,14,3,3,8,1,0,0,0,0,1,0,1,6.62716E+20,5.48073E+21,1.12454E+16,4.94574E+16
87484,9.17073E+18,9,5,72,126,2017,7,17,3,3,2,6,0,1,0,0,0,0,1,6.33756E+20,5.50682E+21,1.08548E+16,4.9699E+16
87485,9.17072E+18,9,7,74,117,2017,7,13,1,3,8,7,0,1,0,0,0,0,0,5.98171E+20,5.34423E+21,1.03223E+16,4.82437E+16
87486,9.17073E+18,9,5,72,139,2017,7,21,3,2,5,3,0,1,0,1,0,2,1,6.26427E+20,5.507E+21,1.07533E+16,4.97022E+16
87487,9.17073E+18,9,5,72,164,2017,7,9,3,3,5,3,0,1,0,0,1,0,0,6.3296E+20,5.4989E+21,1.08411E+16,4.9628E+16
87488,9.17072E+18,9,7,74,118,2017,7,7,1,3,1,3,0,1,0,0,1,0,1,5.92716E+20,5.36523E+21,1.02535E+16,4.84333E+16
87489,9.17072E+18,9,7,77,153,2017,7,18,1,3,2,3,0,1,0,0,0,0,0,6.13127E+20,5.27748E+21,1.05061E+16,4.76408E+16
87490,9.17073E+18,9,5,64,0,2017,7,14,3,3,5,3,1,1,0,0,0,0,1,6.47456E+20,5.48034E+21,1.10348E+16,4.94578E+16
87491,9.17073E+18,9,5,64,0,2017,7,18,3,3,5,2,1,1,0,0,0,0,1,6.52544E+20,5.48088E+21,1.11052E+16,4.94614E+16
87492,9.17073E+18,9,5,64,0,2017,7,16,3,3,0,1,0,0,0,1,0,0,1,6.51185E+20,5.47504E+21,1.10842E+16,4.94093E+16
87493,9.17073E+18,9,5,77,177,2017,7,10,3,3,3,6,1,1,0,0,0,0,0,6.44504E+20,5.43271E+21,1.09769E+16,4.90303E+16
87494,9.17073E+18,9,5,71,134,2017,7,16,3,3,4,1,0,1,0,0,0,0,1,5.87693E+20,5.46218E+21,1.02064E+16,4.9306E+16
87495,9.17073E+18,9,5,75,152,2017,7,8,3,3,5,3,0,1,0,0,0,0,0,6.21979E+20,5.48123E+21,1.06837E+16,4.94715E+16
87496,9.17073E+18,9,5,71,165,2017,7,17,3,3,8,1,0,1,0,0,0,0,0,6.33695E+20,5.46836E+21,1.0841E+16,4.93533E+16
87497,9.17073E+18,9,5,71,115,2017,7,6,3,3,8,7,0,1,0,0,0,0,0,6.16073E+20,5.45036E+21,1.05932E+16,4.9195E+16
87498,9.17073E+18,9,5,71,179,2017,7,12,3,3,4,2,0,1,0,0,0,0,1,5.99577E+20,5.43055E+21,1.0362E+16,4.90198E+16
87499,9.17073E+18,9,4,79,152,2017,7,16,3,3,8,7,0,0,0,0,1,0,1,7.21904E+20,5.56122E+21,1.2107E+16,5.01616E+16
87500,9.17073E+18,9,4,79,159,2017,7,18,3,3,8,6,0,1,0,0,0,0,1,7.20897E+20,5.55768E+21,1.20909E+16,5.01302E+16
87501,9.17073E+18,9,4,64,0,2017,7,11,3,3,2,6,0,1,0,0,0,0,0,7.08367E+20,5.5746E+21,1.19251E+16,5.02866E+16
87502,9.17073E+18,9,4,73,144,2017,7,17,3,3,2,6,0,1,0,0,0,0,1,6.37938E+20,5.57737E+21,1.09382E+16,5.03323E+16
87503,9.17073E+18,9,4,77,158,2017,7,11,3,3,1,5,0,1,0,0,0,0,1,6.82767E+20,5.54897E+21,1.15538E+16,5.00649E+16
87504,9.17073E+18,9,4,77,135,2017,7,15,3,3,2,6,0,1,0,0,0,0,0,6.82815E+20,5.55539E+21,1.15576E+16,5.01226E+16
87505,9.17072E+18,9,7,76,127,2017,7,16,1,3,5,3,0,1,0,0,0,0,0,5.75662E+20,5.27343E+21,1.00067E+16,4.76099E+16
87506,9.17072E+18,9,7,76,116,2017,7,12,1,3,6,4,0,1,1,0,0,0,0,5.55029E+20,5.26541E+21,9.73123E+15,4.75398E+16
87507,9.17072E+18,9,7,61,0,2017,7,0,1,3,3,6,0,1,0,0,0,2,0,6.37724E+20,5.36098E+21,1.08603E+16,4.8387E+16
87508,9.17073E+18,9,4,61,0,2017,7,7,3,3,4,6,0,1,0,0,1,0,1,6.40085E+20,5.52522E+21,1.09492E+16,4.9863E+16
87509,9.17073E+18,9,4,71,123,2017,7,9,3,3,2,6,0,1,0,0,0,0,1,6.4586E+20,5.51795E+21,1.10268E+16,4.97963E+16
87510,9.17072E+18,9,6,77,154,2017,7,15,1,3,2,6,0,1,0,0,0,0,0,5.42295E+20,5.5166E+21,9.58773E+15,4.98004E+16
87511,9.17073E+18,9,3,62,0,2017,7,21,3,3,3,6,0,1,0,1,0,2,0,7.24915E+20,5.43535E+21,1.20771E+16,4.90299E+16
87512,9.17073E+18,9,3,72,177,2017,7,8,3,2,5,3,0,1,0,0,0,0,0,7.72936E+20,5.44883E+21,1.27418E+16,4.91316E+16
87513,9.17073E+18,9,3,76,162,2017,7,16,3,3,9,1,0,1,0,0,0,0,1,7.31547E+20,5.47546E+21,1.21908E+16,4.93878E+16
87514,9.17073E+18,9,3,61,0,2017,7,18,3,3,0,1,0,0,0,1,0,0,1,7.08852E+20,5.48007E+21,1.18809E+16,4.94374E+16
87515,9.17073E+18,9,2,76,148,2017,7,17,3,3,8,1,0,1,0,0,0,0,1,8.08806E+20,5.44092E+21,1.32262E+16,4.90437E+16
87516,9.17073E+18,9,2,78,148,2017,7,6,3,3,5,3,0,1,0,0,1,0,0,7.39201E+20,5.40701E+21,1.22556E+16,4.87701E+16
87517,9.17073E+18,9,2,76,138,2017,7,16,3,3,2,6,0,1,0,0,0,0,1,8.01255E+20,5.43187E+21,1.31164E+16,4.89662E+16
87518,9.17073E+18,9,2,77,126,2017,7,17,3,3,9,1,0,1,0,0,0,0,0,7.91173E+20,5.38218E+21,1.29439E+16,4.85251E+16
87519,9.17073E+18,9,2,77,149,2017,7,16,3,3,8,1,0,1,0,0,0,0,1,7.93484E+20,5.36375E+21,1.29622E+16,4.83586E+16
87520,9.17073E+18,9,2,62,0,2017,7,19,3,3,0,6,0,0,0,1,0,0,1,8.28596E+20,5.39003E+21,1.34555E+16,4.8577E+16
87521,9.17073E+18,9,2,62,0,2017,7,16,3,3,4,2,0,1,0,0,1,0,1,8.2561E+20,5.3934E+21,1.34178E+16,4.86088E+16
87522,9.17073E+18,9,2,72,151,2017,7,15,3,3,5,2,0,1,0,0,0,0,0,8.41217E+20,5.40736E+21,1.36403E+16,4.87257E+16
87523,9.17073E+18,9,2,74,132,2017,7,18,3,2,4,6,0,1,0,0,1,0,1,7.19532E+20,5.38571E+21,1.1977E+16,4.85859E+16
87524,9.17073E+18,9,2,73,147,2017,7,16,3,2,4,6,0,1,0,0,0,0,0,7.04415E+20,5.38708E+21,1.17729E+16,4.86034E+16
87525,9.17073E+18,9,2,73,163,2017,7,21,3,3,3,6,0,1,0,0,0,2,1,7.03765E+20,5.39813E+21,1.17696E+16,4.87029E+16
87526,9.17073E+18,9,2,74,121,2017,7,10,3,3,2,6,0,1,0,0,1,0,0,7.22223E+20,5.37201E+21,1.20061E+16,4.84619E+16
87527,9.17073E+18,9,2,61,0,2017,7,9,3,3,0,1,1,0,0,0,0,0,0,7.32386E+20,5.38042E+21,1.21481E+16,4.85338E+16
87528,9.17073E+18,9,2,73,152,2017,7,19,3,3,9,1,0,1,0,0,0,0,1,7.03432E+20,5.41295E+21,1.17724E+16,4.88362E+16
87529,9.17072E+18,9,6,63,0,2017,7,20,1,3,2,6,0,1,0,0,0,0,0,5.66571E+20,5.51673E+21,9.92506E+15,4.97993E+16
87530,9.17072E+18,9,6,79,170,2017,7,5,1,3,4,6,0,1,0,0,0,2,0,5.77723E+20,5.50171E+21,1.0077E+16,4.96629E+16
87531,9.17073E+18,9,2,79,112,2017,7,7,3,3,5,3,0,1,0,0,0,0,0,7.56199E+20,5.39323E+21,1.2478E+16,4.86396E+16
87532,9.17073E+18,9,1,73,137,2017,7,8,3,3,9,1,0,1,0,0,0,0,1,6.79147E+20,5.30481E+21,1.13957E+16,4.78716E+16
87533,9.17073E+18,9,1,90,141,2017,7,1,3,3,8,1,0,1,0,0,0,2,1,6.78272E+20,5.29135E+21,1.13785E+16,4.77509E+16
87534,9.17073E+18,9,1,73,112,2017,7,7,3,3,4,1,0,1,0,0,0,0,1,6.92212E+20,5.29195E+21,1.15645E+16,4.77522E+16
87535,9.17073E+18,9,1,83,126,2017,7,12,3,3,2,6,0,1,0,0,0,0,1,7.29932E+20,5.33802E+21,1.20918E+16,4.81538E+16
87536,9.17073E+18,9,1,83,128,2017,7,7,3,3,2,6,0,1,0,0,0,0,1,7.61745E+20,5.35033E+21,1.25263E+16,4.82521E+16
87537,9.17073E+18,9,1,72,122,2017,7,16,3,3,8,1,0,1,0,0,0,0,0,7.89808E+20,5.31877E+21,1.28821E+16,4.79566E+16
87538,9.17072E+18,9,6,77,125,2017,7,19,1,3,8,1,0,1,0,0,0,0,0,5.46941E+20,5.51718E+21,9.65235E+15,4.98052E+16
87539,9.17073E+18,9,1,89,134,2017,7,13,3,2,8,7,0,1,0,0,0,0,0,7.7173E+20,5.32094E+21,1.26418E+16,4.7984E+16
87540,9.17073E+18,9,1,72,112,2017,7,19,3,3,0,1,1,0,0,0,0,0,1,7.8984E+20,5.29999E+21,1.28699E+16,4.7788E+16
87541,9.17072E+18,9,6,79,174,2017,7,16,1,2,9,1,0,0,0,1,0,0,0,5.82297E+20,5.52239E+21,1.01447E+16,4.98483E+16
87542,9.17073E+18,9,1,72,114,2017,7,10,3,3,0,1,0,1,0,0,0,0,1,7.91807E+20,5.29477E+21,1.28926E+16,4.77402E+16
87543,9.17073E+18,9,1,71,137,2017,7,18,3,3,0,7,0,1,0,0,0,1,1,7.72581E+20,5.35106E+21,1.26725E+16,4.82541E+16
87544,9.17073E+18,9,1,87,170,2017,7,14,3,3,5,7,0,1,0,1,0,0,1,7.33362E+20,5.31911E+21,1.21275E+16,4.79827E+16
87545,9.17073E+18,9,1,87,174,2017,7,11,3,3,1,1,0,0,0,1,1,0,1,7.422E+20,5.31023E+21,1.22407E+16,4.78997E+16
87546,9.17073E+18,9,1,61,0,2017,7,15,3,3,4,2,1,1,0,0,0,0,1,6.7664E+20,5.4067E+21,1.14049E+16,4.87882E+16
87547,9.17073E+18,9,1,61,0,2017,7,12,3,3,5,3,1,1,0,0,0,0,0,6.77395E+20,5.40464E+21,1.14143E+16,4.87695E+16
87548,9.17073E+18,9,1,61,0,2017,7,17,3,3,5,2,1,1,0,0,0,0,1,6.78238E+20,5.40503E+21,1.14259E+16,4.87727E+16
87549,9.17073E+18,9,1,61,0,2017,7,16,3,3,1,6,0,1,0,0,0,0,1,6.75355E+20,5.40491E+21,1.13867E+16,4.87724E+16
87550,9.17073E+18,9,1,85,143,2017,7,19,3,3,5,3,0,1,0,0,0,1,1,6.62428E+20,5.38608E+21,1.12035E+16,4.86067E+16
87551,9.17073E+18,9,1,85,168,2017,7,7,3,2,4,2,0,1,0,1,0,0,0,6.73154E+20,5.39615E+21,1.13531E+16,4.86944E+16
87552,9.17073E+18,9,1,76,153,2017,7,14,3,3,4,2,0,1,0,0,0,0,1,6.9701E+20,5.4105E+21,1.16838E+16,4.88163E+16
87553,9.17073E+18,9,1,81,132,2017,7,17,3,3,2,6,0,1,0,0,0,0,1,6.4606E+20,5.32461E+21,1.09603E+16,4.80581E+16
87554,9.17073E+18,9,7,71,129,2017,7,19,3,3,8,7,0,1,0,0,0,0,1,6.60387E+20,5.35548E+21,1.11641E+16,4.83321E+16
87555,9.17073E+18,9,1,88,141,2017,7,6,3,3,5,3,0,1,0,0,0,0,1,6.66154E+20,5.30589E+21,1.12225E+16,4.78848E+16
87556,9.17073E+18,9,1,75,139,2017,7,13,3,3,5,3,0,1,0,0,0,0,1,7.10112E+20,5.3307E+21,1.1822E+16,4.80949E+16
87557,9.17073E+18,9,1,78,124,2017,7,14,3,3,4,2,1,1,0,0,0,0,0,7.02709E+20,5.36421E+21,1.17387E+16,4.83984E+16
87558,9.17073E+18,9,1,77,117,2017,7,18,3,3,0,7,1,0,0,0,0,0,1,7.16675E+20,5.35572E+21,1.19228E+16,4.83175E+16
87559,9.17072E+18,9,1,62,0,2017,7,7,2,3,2,6,0,1,0,0,0,0,0,6.95002E+20,5.33346E+21,1.16205E+16,4.81245E+16
87560,9.17072E+18,9,1,84,135,2017,7,7,2,3,8,1,0,1,0,0,0,0,0,6.89877E+20,5.34929E+21,1.15588E+16,4.82683E+16
87561,9.17072E+18,9,1,84,129,2017,7,8,2,3,2,6,0,1,0,0,1,0,1,6.99825E+20,5.32412E+21,1.16809E+16,4.8039E+16
87562,9.17072E+18,9,1,62,0,2017,7,17,2,3,4,2,0,1,0,0,0,0,0,6.85941E+20,5.34077E+21,1.15021E+16,4.81929E+16
87563,9.17072E+18,9,1,84,119,2017,7,17,2,3,5,3,0,1,0,0,1,0,0,6.93803E+20,5.34743E+21,1.16108E+16,4.82504E+16
87564,9.17072E+18,9,1,62,0,2017,7,12,2,3,2,6,0,1,0,0,0,0,1,6.85761E+20,5.33528E+21,1.14973E+16,4.81437E+16
87565,9.17072E+18,9,1,84,129,2017,7,12,2,3,5,2,1,1,0,0,1,0,1,6.98723E+20,5.32605E+21,1.1667E+16,4.80568E+16
87566,9.17072E+18,9,1,62,0,2017,7,12,2,3,2,6,0,1,0,0,0,0,1,6.94823E+20,5.33244E+21,1.16177E+16,4.81154E+16
87567,9.17072E+18,9,7,75,139,2017,7,17,2,3,5,2,0,1,0,0,0,0,0,5.8061E+20,5.36649E+21,1.00901E+16,4.84464E+16
87568,9.17072E+18,9,6,78,176,2017,7,0,1,2,0,1,0,1,0,0,0,2,0,5.88849E+20,5.54062E+21,1.024E+16,5.00112E+16