OBJECTID,UIDENTSTLA,ULAND,UREGBEZ,UKREIS,UGEMEINDE,UJAHR,UMONAT,USTUNDE,UWOCHENTAG,UKATEGORIE,UART,UTYP1,IstRad,IstPKW,IstFuss,IstKrad,IstSonstig,LICHT,STRZUSTAND,LINREFX,LINREFY,XGCSWGS84,YGCSWGS84
87569,9.17072E+18,9,7,75,135,2017,7,12,2,3,8,7,0,1,0,0,0,0,1,5.75503E+20,5.35969E+21,1.00198E+16,4.83859E+16
87570,9.17072E+18,9,7,80,128,2017,7,18,2,3,8,1,0,1,0,0,0,0,1,6.07228E+20,5.27918E+21,1.0428E+16,4.76571E+16
87571,9.17072E+18,9,7,63,0,2017,7,14,2,3,1,6,0,1,0,1,0,0,1,5.9999E+20,5.2865E+21,1.03334E+16,4.77241E+16
87572,9.17072E+18,9,7,80,139,2017,7,15,2,3,5,3,0,1,0,0,0,0,1,5.95463E+20,5.26376E+21,1.0268E+16,4.75202E+16
87573,9.17072E+18,9,6,71,114,2017,7,18,1,2,5,7,1,1,0,1,0,0,0,5.01598E+20,5.54381E+21,9.02232E+15,5.00465E+16
87574,9.17072E+18,9,7,77,151,2017,7,16,2,3,1,6,0,1,0,0,0,0,0,6.20325E+20,5.29248E+21,1.06061E+16,4.77744E+16
87575,9.17072E+18,9,7,77,112,2017,7,18,2,3,8,1,0,1,0,0,0,0,1,6.25148E+20,5.29764E+21,1.06719E+16,4.782E+16
87576,9.17072E+18,9,5,72,126,2017,7,22,1,3,5,1,0,1,0,0,0,2,0,6.35083E+20,5.50411E+21,1.08723E+16,4.96743E+16
87577,9.17072E+18,9,7,63,0,2017,7,9,2,3,2,6,0,0,0,1,1,0,1,5.98486E+20,5.28492E+21,1.03129E+16,4.77102E+16
87578,9.17072E+18,9,7,73,139,2017,7,6,2,3,8,1,0,1,0,0,0,0,0,6.1596E+20,5.38539E+21,1.05732E+16,4.86108E+16
87579,9.17072E+18,9,7,72,200,2017,7,18,2,2,0,1,1,0,0,0,0,0,0,6.30571E+20,5.33625E+21,1.07561E+16,4.8166E+16
87580,9.17072E+18,9,7,71,160,2017,7,21,2,3,5,3,0,1,0,0,0,1,1,6.51236E+20,5.35037E+21,1.10389E+16,4.82884E+16
87581,9.17072E+18,9,7,71,130,2017,7,10,2,3,2,6,0,1,0,0,0,0,1,6.45905E+20,5.35784E+21,1.09696E+16,4.83569E+16
87582,9.17072E+18,9,7,61,0,2017,7,9,2,3,5,3,1,1,0,0,0,0,1,6.40743E+20,5.35556E+21,1.08992E+16,4.83375E+16
87583,9.17072E+18,9,7,61,0,2017,7,8,2,3,2,6,0,1,0,0,0,0,0,6.41596E+20,5.35968E+21,1.09121E+16,4.83744E+16
87584,9.17072E+18,9,5,64,0,2017,7,7,1,3,2,6,0,1,0,0,0,0,1,6.5315E+20,5.48598E+21,1.11155E+16,4.95071E+16
87585,9.17072E+18,9,7,71,156,2017,7,11,2,2,5,3,0,1,0,0,1,0,1,6.49249E+20,5.38534E+21,1.10245E+16,4.86033E+16
87586,9.17072E+18,9,7,71,144,2017,7,12,2,3,8,1,0,1,0,0,0,0,1,6.58694E+20,5.37429E+21,1.11484E+16,4.85017E+16
87587,9.17072E+18,9,6,63,0,2017,7,11,2,3,2,3,0,1,0,0,1,0,1,5.64691E+20,5.51701E+21,9.89898E+15,4.98021E+16
87588,9.17072E+18,9,6,63,0,2017,7,21,2,3,3,6,0,1,0,0,0,1,0,5.67914E+20,5.51226E+21,9.94293E+15,4.9759E+16
87589,9.17072E+18,9,6,77,189,2017,7,23,2,3,9,1,0,1,0,0,0,2,1,5.60039E+20,5.53136E+21,9.83656E+15,4.99316E+16
87590,9.17072E+18,9,6,62,0,2017,7,12,2,1,4,1,0,1,0,0,0,0,1,5.87949E+20,5.54311E+21,1.02281E+16,5.00338E+16
87591,9.17072E+18,9,6,78,193,2017,7,14,2,3,2,6,0,1,0,0,1,0,0,5.76122E+20,5.53792E+21,1.00619E+16,4.99887E+16
87592,9.17072E+18,9,6,78,115,2017,7,6,2,2,8,7,0,1,0,0,0,0,0,5.83727E+20,5.54167E+21,1.01688E+16,5.00214E+16
87593,9.17072E+18,9,6,74,139,2017,7,16,2,3,4,6,0,1,0,0,0,0,0,5.95341E+20,5.54234E+21,1.03311E+16,5.00257E+16
87594,9.17072E+18,9,6,78,134,2017,7,17,2,3,1,6,0,1,0,0,0,0,0,5.97726E+20,5.52857E+21,1.03609E+16,4.99016E+16
87595,9.17072E+18,9,6,74,130,2017,7,13,2,3,9,1,0,1,0,0,0,0,1,6.24792E+20,5.55061E+21,1.07447E+16,5.00947E+16
87596,9.17072E+18,9,6,72,114,2017,7,13,2,3,9,1,0,1,0,0,0,0,1,5.80008E+20,5.55856E+21,1.01204E+16,5.01739E+16
87597,9.17072E+18,9,6,72,149,2017,7,12,2,3,9,1,0,1,0,0,0,0,1,5.58722E+20,5.56555E+21,9.82347E+15,5.02392E+16
87598,9.17072E+18,9,6,61,0,2017,7,12,2,3,0,1,0,0,0,0,1,0,1,5.08546E+20,5.5381E+21,9.11923E+15,4.99952E+16
87599,9.17072E+18,9,6,61,0,2017,7,7,2,2,0,1,0,0,0,1,0,0,1,5.11806E+20,5.53734E+21,9.16469E+15,4.99883E+16
87600,9.17072E+18,9,6,71,143,2017,7,19,2,3,5,2,0,1,0,0,0,1,0,5.11884E+20,5.54384E+21,9.16598E+15,5.00468E+16
87601,9.17072E+18,9,5,72,164,2017,7,11,2,3,5,3,0,1,0,0,0,0,1,6.31836E+20,5.49848E+21,1.08254E+16,4.96244E+16
87602,9.17072E+18,9,5,62,0,2017,7,17,2,3,2,6,0,1,0,0,0,0,0,6.46464E+20,5.49572E+21,1.10268E+16,4.95963E+16
87603,9.17072E+18,9,5,72,444,2017,7,13,1,3,2,6,0,1,0,0,0,0,0,6.50395E+20,5.4874E+21,1.1078E+16,4.95205E+16
87604,9.17072E+18,9,5,64,0,2017,7,12,1,3,2,6,0,1,0,0,0,0,0,6.57565E+20,5.47323E+21,1.11714E+16,4.93913E+16
87605,9.17072E+18,9,5,62,0,2017,7,14,2,3,5,7,1,1,0,0,0,0,0,6.44489E+20,5.49645E+21,1.09998E+16,4.96033E+16
87606,9.17072E+18,9,5,62,0,2017,7,12,2,3,0,7,1,0,0,0,0,0,1,6.45343E+20,5.49545E+21,1.10112E+16,4.95941E+16
87607,9.17072E+18,9,5,74,123,2017,7,14,1,3,2,6,0,1,0,0,0,0,0,6.61944E+20,5.47972E+21,1.12343E+16,4.94485E+16
87608,9.17072E+18,9,5,64,0,2017,7,14,2,3,2,6,0,1,0,0,1,0,1,6.52488E+20,5.48097E+21,1.11044E+16,4.94623E+16
87609,9.17072E+18,9,5,76,132,2017,7,9,1,3,8,1,0,1,0,0,0,0,1,6.5199E+20,5.4616E+21,1.10902E+16,4.92882E+16
87610,9.17072E+18,9,5,73,114,2017,7,22,2,3,5,3,0,1,0,0,0,2,1,6.35817E+20,5.47992E+21,1.08741E+16,4.94568E+16
87611,9.17072E+18,9,5,73,134,2017,7,18,2,3,4,7,0,1,0,0,0,0,0,6.42158E+20,5.47862E+21,1.09611E+16,4.94436E+16
87612,9.17072E+18,9,5,64,0,2017,7,23,1,3,0,2,0,0,0,0,1,2,0,6.47606E+20,5.47931E+21,1.10365E+16,4.94485E+16
87613,9.17072E+18,9,5,73,120,2017,7,8,2,3,5,3,0,1,0,0,0,0,0,6.29227E+20,5.48425E+21,1.07847E+16,4.94971E+16
87614,9.17072E+18,9,5,71,193,2017,7,10,2,3,0,1,0,0,0,1,0,0,1,5.86108E+20,5.46955E+21,1.01862E+16,4.93726E+16
87615,9.17072E+18,9,5,71,199,2017,7,17,2,3,6,7,0,1,1,0,0,0,0,5.8709E+20,5.45377E+21,1.01962E+16,4.92305E+16
87616,9.17072E+18,9,5,71,136,2017,7,18,2,2,6,4,0,1,1,0,0,0,0,5.96678E+20,5.43614E+21,1.03237E+16,4.90706E+16
87617,9.17072E+18,9,4,75,162,2017,7,14,2,3,8,1,0,1,0,0,0,0,1,7.17474E+20,5.57165E+21,1.20511E+16,5.02569E+16
87618,9.17072E+18,9,4,75,154,2017,7,22,2,3,7,1,0,0,0,1,0,2,1,6.99773E+20,5.56367E+21,1.17988E+16,5.01914E+16
87619,9.17072E+18,9,4,73,159,2017,7,18,2,3,5,3,0,1,0,0,1,0,0,6.46052E+20,5.57121E+21,1.10497E+16,5.0275E+16
87620,9.17072E+18,9,4,78,139,2017,7,10,2,3,5,3,0,1,0,0,1,0,0,6.46328E+20,5.55745E+21,1.10483E+16,5.01512E+16
87621,9.17072E+18,9,4,76,145,2017,7,6,2,3,5,3,0,1,0,0,0,1,0,6.66715E+20,5.56724E+21,1.13377E+16,5.02338E+16
87622,9.17072E+18,9,4,73,175,2017,7,14,2,3,8,7,0,0,0,0,1,0,0,6.32889E+20,5.56617E+21,1.08633E+16,5.02327E+16
87623,9.17072E+18,9,4,72,199,2017,7,15,2,3,0,6,0,0,0,0,1,0,1,6.97379E+20,5.53584E+21,1.1751E+16,4.99423E+16
87624,9.17072E+18,9,4,72,188,2017,7,14,2,3,8,1,0,0,0,0,1,0,1,6.93469E+20,5.53119E+21,1.16942E+16,4.99018E+16
87625,9.17072E+18,9,4,62,0,2017,7,13,2,3,4,6,0,1,0,0,1,0,1,6.8135E+20,5.53351E+21,1.15267E+16,4.99264E+16
87626,9.17072E+18,9,4,62,0,2017,7,8,2,3,5,3,1,1,0,0,0,0,0,6.86459E+20,5.53681E+21,1.15994E+16,4.99545E+16
87627,9.17072E+18,9,5,73,134,2017,7,2,1,2,3,6,1,0,0,0,1,2,0,6.42504E+20,5.47835E+21,1.09658E+16,4.94411E+16
87628,9.17072E+18,9,5,75,128,2017,7,19,1,3,9,1,0,1,0,0,0,0,0,6.18823E+20,5.49665E+21,1.06448E+16,4.96108E+16
87629,9.17073E+18,9,6,77,157,2017,7,14,2,2,6,4,0,1,1,0,0,0,0,5.43261E+20,5.52182E+21,9.60173E+15,4.98472E+16
87630,9.17073E+18,9,6,75,156,2017,7,15,2,3,8,1,0,1,0,0,0,0,1,5.85215E+20,5.50118E+21,1.01807E+16,4.96571E+16
87631,9.17073E+18,9,6,75,165,2017,7,13,2,3,2,2,0,1,0,0,0,0,0,5.87272E+20,5.51725E+21,1.02128E+16,4.98014E+16
87632,9.17073E+18,9,6,77,175,2017,7,14,2,3,5,3,1,1,0,0,0,0,0,5.62908E+20,5.52918E+21,9.87619E+15,4.99117E+16
87633,9.17073E+18,9,6,72,114,2017,7,15,2,3,1,7,1,1,0,0,0,0,0,5.7733E+20,5.56043E+21,1.00833E+16,5.0191E+16
87634,9.17073E+18,9,2,79,127,2017,7,12,6,3,1,6,0,1,0,0,0,0,0,7.53076E+20,5.40209E+21,1.24411E+16,4.87204E+16
87635,9.17073E+18,9,1,90,140,2017,7,14,6,3,4,1,0,1,0,0,0,0,1,6.4601E+20,5.29214E+21,1.09486E+16,4.77661E+16
87636,9.17073E+18,9,1,80,117,2017,7,2,6,3,0,1,1,0,0,0,0,2,1,6.63252E+20,5.26177E+21,1.11672E+16,4.74889E+16
87637,9.17073E+18,9,6,62,0,2017,7,13,2,2,0,7,0,1,0,1,0,0,0,5.87068E+20,5.54466E+21,1.02161E+16,5.00479E+16
87638,9.17073E+18,9,6,78,175,2017,7,8,2,3,8,1,0,0,0,1,0,0,0,5.81607E+20,5.53095E+21,1.01369E+16,4.99253E+16
87639,9.17073E+18,9,1,71,137,2017,7,17,6,3,3,6,0,1,0,0,1,0,0,7.69273E+20,5.35102E+21,1.2628E+16,4.82551E+16
87640,9.17073E+18,9,6,76,131,2017,7,17,2,3,2,6,0,1,0,0,0,0,0,5.14443E+20,5.49638E+21,9.19996E+15,4.96198E+16
87641,9.17073E+18,9,6,71,112,2017,7,11,2,2,0,7,0,0,0,1,0,0,0,5.19881E+20,5.53228E+21,9.27708E+15,4.99425E+16
87642,9.17073E+18,9,1,72,112,2017,7,19,6,3,2,6,0,1,0,0,1,0,0,7.90082E+20,5.29964E+21,1.28729E+16,4.77847E+16
87643,9.17073E+18,9,5,76,148,2017,7,4,2,2,2,6,0,1,0,0,1,1,0,6.66623E+20,5.44167E+21,1.1283E+16,4.91053E+16
87644,9.17073E+18,9,5,76,148,2017,7,4,2,3,3,6,0,1,0,0,1,2,0,6.66423E+20,5.44213E+21,1.12804E+16,4.91094E+16
87645,9.17073E+18,9,5,72,133,2017,7,7,2,3,4,6,0,1,0,0,0,0,0,6.38506E+20,5.50149E+21,1.09188E+16,4.96501E+16
87646,9.17073E+18,9,7,63,0,2017,7,10,2,2,5,3,0,1,0,0,0,0,0,5.95527E+20,5.29001E+21,1.02746E+16,4.77564E+16
87647,9.17073E+18,9,7,75,135,2017,7,11,2,3,6,4,0,1,1,0,0,0,0,5.74588E+20,5.36082E+21,1.00076E+16,4.83961E+16
87648,9.1708E+18,9,1,78,145,2017,8,17,3,3,2,6,0,1,0,0,0,0,0,6.99427E+20,5.35489E+21,1.169E+16,4.83158E+16
87649,9.17073E+18,9,5,62,0,2017,7,18,2,3,5,3,1,1,0,0,0,0,0,6.4355E+20,5.49298E+21,1.09855E+16,4.95723E+16
87650,9.17073E+18,9,5,62,0,2017,7,8,2,3,5,3,1,1,0,0,0,0,0,6.45752E+20,5.49345E+21,1.10161E+16,4.95761E+16
87651,9.17073E+18,9,5,72,121,2017,7,18,2,3,5,3,0,1,0,1,0,0,0,6.60385E+20,5.49549E+21,1.12192E+16,4.95907E+16
87652,9.17073E+18,9,5,74,147,2017,7,19,2,2,2,2,0,0,0,1,1,0,0,6.82498E+20,5.48617E+21,1.15206E+16,4.95006E+16
87653,9.17073E+18,9,5,63,0,2017,7,10,2,2,5,3,1,1,0,0,0,0,0,6.4226E+20,5.48302E+21,1.09641E+16,4.94831E+16
87654,9.17073E+18,9,5,63,0,2017,7,12,2,3,2,6,0,1,0,0,1,0,0,6.38719E+20,5.48239E+21,1.0915E+16,4.94783E+16
87655,9.17073E+18,9,5,63,0,2017,7,16,2,3,1,6,0,1,0,0,0,0,0,6.4387E+20,5.48294E+21,1.09863E+16,4.9482E+16
87656,9.17073E+18,9,5,63,0,2017,7,11,2,3,5,3,0,1,0,0,0,0,0,6.44524E+20,5.48181E+21,1.09949E+16,4.94717E+16
87657,9.17073E+18,9,5,64,0,2017,7,6,2,3,5,3,1,1,0,0,0,0,0,6.52432E+20,5.48251E+21,1.11042E+16,4.94761E+16
87658,9.17073E+18,9,5,71,128,2017,7,13,2,2,8,1,0,0,0,1,0,0,0,6.08663E+20,5.4427E+21,1.04895E+16,4.91276E+16
87659,9.17073E+18,9,5,71,113,2017,7,18,2,2,0,1,1,0,0,0,0,0,0,6.16728E+20,5.44296E+21,1.06E+16,4.91283E+16
87660,9.17073E+18,9,4,77,139,2017,7,6,2,3,2,6,0,1,0,0,0,0,1,6.91616E+20,5.55181E+21,1.16787E+16,5.00877E+16
87661,9.17073E+18,9,4,79,126,2017,7,9,2,2,0,5,0,1,0,0,1,0,0,7.21324E+20,5.55459E+21,1.20951E+16,5.01022E+16
87662,9.17073E+18,9,4,75,156,2017,7,14,2,3,3,2,0,1,0,1,0,0,0,6.93019E+20,5.57868E+21,1.1712E+16,5.03285E+16
87663,9.17073E+18,9,4,73,170,2017,7,16,2,3,9,1,0,1,0,0,0,0,0,6.4134E+20,5.56401E+21,1.09809E+16,5.02114E+16
87664,9.17073E+18,9,4,76,178,2017,7,17,2,2,2,6,0,1,0,0,0,0,0,6.62609E+20,5.57692E+21,1.12843E+16,5.03219E+16
87665,9.17073E+18,9,4,76,171,2017,7,8,2,2,4,6,0,1,0,0,1,0,0,6.56204E+20,5.56483E+21,1.11895E+16,5.0215E+16
87666,9.1708E+18,9,1,75,135,2017,8,9,3,3,5,2,0,1,0,0,0,0,0,7.08794E+20,5.34016E+21,1.18089E+16,4.81804E+16
87667,9.17073E+18,9,4,73,170,2017,7,11,2,3,5,2,0,1,0,0,0,0,0,6.4037E+20,5.56227E+21,1.09667E+16,5.0196E+16
87668,9.17073E+18,9,4,77,139,2017,7,6,2,2,8,1,0,0,0,0,1,1,0,6.90553E+20,5.551E+21,1.16635E+16,5.00806E+16
87669,9.17073E+18,9,4,77,142,2017,7,14,2,3,4,7,0,1,0,1,0,0,0,6.76402E+20,5.54386E+21,1.14626E+16,5.00209E+16
87670,9.17073E+18,9,3,74,162,2017,7,18,2,3,5,2,0,1,0,0,0,0,0,7.42126E+20,5.49843E+21,1.23504E+16,4.95899E+16
87671,9.17073E+18,9,3,72,144,2017,7,6,2,3,8,1,0,1,0,0,0,0,0,7.89488E+20,5.46097E+21,1.29769E+16,4.92329E+16
87672,9.17073E+18,9,3,75,118,2017,7,15,2,3,5,3,1,1,0,0,0,0,0,7.05883E+20,5.44122E+21,1.182E+16,4.90894E+16
87673,9.17073E+18,9,3,75,165,2017,7,16,2,3,2,6,1,1,0,0,0,0,0,7.26109E+20,5.43679E+21,1.20942E+16,4.90425E+16
87674,9.17073E+18,9,3,62,0,2017,7,9,2,3,3,6,0,1,0,0,1,0,0,7.27561E+20,5.43588E+21,1.21135E+16,4.90337E+16
87675,9.17073E+18,9,3,72,137,2017,7,13,2,3,5,2,0,1,0,0,0,0,0,7.8106E+20,5.45549E+21,1.28576E+16,4.91877E+16
87676,9.17073E+18,9,3,72,116,2017,7,22,2,2,2,6,0,1,0,0,0,2,0,7.6791E+20,5.45811E+21,1.26792E+16,4.92171E+16
87677,9.17073E+18,9,3,76,160,2017,7,14,2,3,8,1,0,0,0,1,0,0,0,7.56739E+20,5.49105E+21,1.25474E+16,4.95176E+16
87678,9.17073E+18,9,1,89,137,2017,7,14,6,3,5,3,0,1,0,0,0,0,0,7.50333E+20,5.31744E+21,1.23536E+16,4.79612E+16
87679,9.17073E+18,9,1,89,149,2017,7,7,6,3,5,3,0,0,0,0,1,0,1,7.64866E+20,5.33351E+21,1.25578E+16,4.80998E+16
87680,9.17073E+18,9,1,89,145,2017,7,9,6,3,5,3,0,1,0,0,0,0,0,7.73623E+20,5.30275E+21,1.26556E+16,4.78198E+16
87681,9.17073E+18,9,3,61,0,2017,7,18,2,1,5,3,1,0,0,0,1,0,0,7.09667E+20,5.48124E+21,1.18928E+16,4.94476E+16
87682,9.17073E+18,9,2,76,138,2017,7,12,2,3,8,6,0,0,0,0,1,0,0,8.07153E+20,5.43425E+21,1.31986E+16,4.89847E+16
87683,9.17073E+18,9,1,89,134,2017,7,14,6,3,9,3,0,1,0,0,0,0,1,7.70587E+20,5.32306E+21,1.26279E+16,4.80035E+16
87684,9.17073E+18,9,2,76,139,2017,7,7,2,3,3,6,0,1,0,0,0,0,0,8.0775E+20,5.43193E+21,1.3205E+16,4.89636E+16
87685,9.17073E+18,9,2,71,113,2017,7,18,2,2,4,6,0,0,0,1,1,0,0,8.00245E+20,5.41541E+21,1.30906E+16,4.8819E+16
87686,9.17073E+18,9,1,72,118,2017,7,9,6,3,2,6,0,1,0,0,0,0,0,7.96215E+20,5.30656E+21,1.29593E+16,4.7844E+16
87687,9.17073E+18,9,2,71,125,2017,7,16,2,3,1,6,0,1,0,0,0,0,0,7.9891E+20,5.40942E+21,1.30681E+16,4.87659E+16
87688,9.17073E+18,9,1,72,118,2017,7,13,6,3,0,1,0,0,0,1,0,0,0,7.97197E+20,5.30648E+21,1.29724E+16,4.78429E+16
87689,9.17073E+18,9,2,78,197,2017,7,18,2,2,8,1,0,0,0,1,0,0,0,7.57267E+20,5.43921E+21,1.25213E+16,4.9052E+16
87690,9.17073E+18,9,1,72,117,2017,7,23,6,2,8,1,0,1,0,0,0,2,0,7.983E+20,5.28418E+21,1.29718E+16,4.76422E+16
87691,9.17073E+18,9,2,75,114,2017,7,16,2,3,5,3,0,1,0,0,1,0,0,7.97488E+20,5.38885E+21,1.3034E+16,4.8582E+16
87692,9.17073E+18,9,6,75,127,2017,7,5,2,3,9,1,0,1,0,0,1,1,1,6.03749E+20,5.51556E+21,1.04412E+16,4.97836E+16
87693,9.17073E+18,9,7,76,113,2017,7,17,2,3,4,1,0,1,0,1,0,0,0,5.79991E+20,5.27452E+21,1.00645E+16,4.76191E+16
87694,9.17073E+18,9,7,74,198,2017,7,15,2,3,5,2,0,1,0,0,0,0,0,6.1516E+20,5.35156E+21,1.0553E+16,4.83067E+16
87695,9.17073E+18,9,1,62,0,2017,7,18,2,3,6,7,1,0,1,0,0,0,0,6.92095E+20,5.34013E+21,1.15845E+16,4.81854E+16
87696,9.17073E+18,9,2,77,138,2017,7,14,2,3,6,4,0,1,1,0,0,0,0,7.90992E+20,5.37278E+21,1.29349E+16,4.84409E+16
87697,9.17073E+18,9,1,71,133,2017,7,14,6,3,2,6,0,1,0,0,0,0,0,7.71557E+20,5.34634E+21,1.26557E+16,4.82121E+16
87698,9.17073E+18,9,2,77,138,2017,7,12,2,3,2,6,0,1,0,0,0,0,0,7.90423E+20,5.37434E+21,1.29283E+16,4.84551E+16
87699,9.17073E+18,9,2,62,0,2017,7,9,2,3,3,6,0,1,0,1,0,0,0,8.29921E+20,5.39018E+21,1.34735E+16,4.85777E+16
87700,9.17073E+18,9,1,84,114,2017,7,21,6,3,2,6,0,1,0,0,0,2,0,7.00498E+20,5.31653E+21,1.16864E+16,4.79706E+16
87701,9.17073E+18,9,2,75,144,2017,7,8,2,3,2,2,0,1,0,0,0,0,0,8.24934E+20,5.39744E+21,1.34118E+16,4.86454E+16
87702,9.17073E+18,9,2,75,141,2017,7,16,2,2,5,3,1,1,0,0,0,0,0,8.19091E+20,5.36678E+21,1.33093E+16,4.83734E+16
87703,9.17073E+18,9,1,63,0,2017,7,17,6,3,2,6,0,1,0,0,0,0,0,7.33001E+20,5.30318E+21,1.2114E+16,4.78397E+16
87704,9.17073E+18,9,2,72,136,2017,7,19,2,2,8,1,0,1,0,0,0,0,0,8.49729E+20,5.40881E+21,1.37569E+16,4.8734E+16
87705,9.17073E+18,9,2,77,111,2017,7,7,2,3,0,7,0,1,0,0,0,0,0,7.83837E+20,5.38704E+21,1.28481E+16,4.85721E+16
87706,9.17073E+18,9,2,74,127,2017,7,14,2,3,0,1,1,0,0,0,0,0,0,7.32906E+20,5.39547E+21,1.21636E+16,4.86688E+16
87707,9.17073E+18,9,2,79,137,2017,7,16,2,3,5,2,1,1,0,0,0,0,0,7.75357E+20,5.40557E+21,1.27457E+16,4.87422E+16
87708,9.17073E+18,9,7,74,116,2017,7,22,2,3,0,7,0,0,0,1,0,1,0,6.07608E+20,5.34789E+21,1.04503E+16,4.82751E+16
87709,9.17073E+18,9,1,62,0,2017,7,20,2,3,0,6,1,0,0,0,0,1,0,6.90863E+20,5.33014E+21,1.15635E+16,4.80959E+16
87710,9.17073E+18,9,2,79,122,2017,7,17,2,3,1,6,0,1,0,1,0,0,0,7.72696E+20,5.39755E+21,1.27043E+16,4.86714E+16
87711,9.17073E+18,9,2,79,127,2017,7,0,2,3,9,1,0,1,0,0,0,2,0,7.51845E+20,5.40128E+21,1.24239E+16,4.87136E+16
87712,9.17073E+18,9,1,84,142,2017,7,17,2,3,3,6,0,1,0,0,0,0,0,6.81232E+20,5.31828E+21,1.14292E+16,4.79921E+16
87713,9.17073E+18,9,1,73,147,2017,7,23,2,3,0,1,1,0,0,0,0,2,0,6.82097E+20,5.30827E+21,1.14366E+16,4.79019E+16
87714,9.17073E+18,9,1,73,123,2017,7,13,2,3,4,6,0,1,0,0,1,0,0,6.81393E+20,5.30274E+21,1.14248E+16,4.78523E+16
87715,9.17073E+18,9,1,90,131,2017,7,21,2,3,8,7,0,1,0,0,0,2,0,6.62964E+20,5.29177E+21,1.11746E+16,4.77587E+16
87716,9.17073E+18,9,1,90,148,2017,7,18,2,3,0,1,0,0,0,1,0,0,0,6.41857E+20,5.2975E+21,1.0895E+16,4.78152E+16
87717,9.17073E+18,9,1,80,127,2017,7,9,2,2,5,3,1,1,0,0,0,0,0,6.67578E+20,5.2781E+21,1.12308E+16,4.76346E+16
87718,9.17073E+18,9,1,73,118,2017,7,11,2,3,5,3,0,1,0,0,1,0,0,6.87309E+20,5.30675E+21,1.15056E+16,4.78867E+16
87719,9.17073E+18,9,1,73,142,2017,7,1,2,2,0,7,1,0,0,0,0,2,1,6.7571E+20,5.28163E+21,1.13404E+16,4.76642E+16
87720,9.17073E+18,9,1,71,130,2017,7,10,2,3,9,7,1,0,0,0,0,0,0,7.88297E+20,5.35069E+21,1.28835E+16,4.82438E+16
87721,9.17073E+18,9,1,89,139,2017,7,8,2,3,9,1,0,1,0,0,0,0,0,7.65988E+20,5.28502E+21,1.2543E+16,4.76639E+16
87722,9.17073E+18,9,1,87,128,2017,7,8,6,2,4,6,0,0,0,1,1,0,0,7.44818E+20,5.30795E+21,1.22744E+16,4.78782E+16
87723,9.17073E+18,9,1,87,179,2017,7,8,6,2,4,1,0,1,0,0,0,0,0,7.25203E+20,5.31081E+21,1.2014E+16,4.7911E+16
87724,9.17073E+18,9,1,87,117,2017,7,7,6,3,2,6,0,1,0,0,1,0,1,7.25555E+20,5.30102E+21,1.20136E+16,4.7823E+16
87725,9.17073E+18,9,1,89,155,2017,7,11,2,3,6,7,1,0,1,0,0,0,0,7.73535E+20,5.30835E+21,1.2658E+16,4.78702E+16
87726,9.17073E+18,9,1,86,137,2017,7,22,6,3,7,7,1,0,0,0,0,2,0,6.83016E+20,5.39899E+21,1.14882E+16,4.8717E+16
87727,9.17073E+18,9,1,71,118,2017,7,6,2,2,4,6,0,1,0,1,0,0,0,7.86288E+20,5.34995E+21,1.2856E+16,4.8238E+16
87728,9.17073E+18,9,1,72,116,2017,7,10,2,2,8,1,0,0,0,1,0,0,0,8.07392E+20,5.28397E+21,1.30924E+16,4.76361E+16
87729,9.17073E+18,9,1,76,123,2017,7,18,6,3,9,6,0,1,0,0,0,0,0,6.62411E+20,5.41763E+21,1.12157E+16,4.88903E+16
87730,9.17073E+18,9,1,72,116,2017,7,10,2,2,5,3,0,1,0,0,0,0,0,8.0332E+20,5.28569E+21,1.30395E+16,4.76534E+16
87731,9.17073E+18,9,1,87,182,2017,7,10,2,3,2,6,0,1,0,1,0,0,0,7.40725E+20,5.32757E+21,1.22307E+16,4.80559E+16
87732,9.17073E+18,9,1,62,0,2017,7,19,6,3,2,6,0,1,0,0,0,0,0,6.86887E+20,5.33322E+21,1.15115E+16,4.81247E+16
87733,9.17073E+18,9,1,76,124,2017,7,13,2,3,2,6,0,1,0,0,1,0,0,6.712E+20,5.41041E+21,1.13325E+16,4.88231E+16
87734,9.17073E+18,9,1,76,120,2017,7,11,2,3,5,3,0,1,0,0,0,0,0,6.79814E+20,5.42233E+21,1.1455E+16,4.89278E+16
87735,9.17073E+18,9,7,71,111,2017,7,13,2,3,2,6,0,1,0,0,1,0,0,6.57895E+20,5.35799E+21,1.11314E+16,4.83553E+16
87736,9.17073E+18,9,7,63,0,2017,7,16,2,2,5,3,1,1,0,0,0,0,0,5.9956E+20,5.28544E+21,1.03274E+16,4.77147E+16
87737,9.17073E+18,9,7,78,214,2017,7,1,2,2,3,7,0,1,0,0,0,2,0,5.9789E+20,5.32002E+21,1.0313E+16,4.80259E+16
87738,9.1708E+18,9,1,74,151,2017,8,15,3,3,3,6,1,0,0,0,0,0,0,6.79946E+20,5.36027E+21,1.14298E+16,4.83699E+16
87739,9.17073E+18,9,1,88,139,2017,7,12,2,3,0,1,1,0,0,0,0,0,0,6.68599E+20,5.31802E+21,1.12599E+16,4.79932E+16
87740,9.17073E+18,9,1,79,121,2017,7,23,2,2,0,1,0,0,0,1,0,2,0,6.67257E+20,5.33939E+21,1.12503E+16,4.81857E+16
87741,9.17073E+18,9,1,78,143,2017,7,17,2,3,4,3,0,1,0,0,0,0,0,7.21797E+20,5.37428E+21,1.20016E+16,4.84825E+16