OBJECTID,UIDENTSTLA,ULAND,UREGBEZ,UKREIS,UGEMEINDE,UJAHR,UMONAT,USTUNDE,UWOCHENTAG,UKATEGORIE,UART,UTYP1,IstRad,IstPKW,IstFuss,IstKrad,IstSonstig,LICHT,STRZUSTAND,LINREFX,LINREFY,XGCSWGS84,YGCSWGS84
88087,9.17081E+18,9,3,76,122,2017,8,13,7,2,5,3,0,0,0,1,1,0,0,7.46302E+20,5.47796E+21,1.23953E+16,4.94044E+16
88088,9.17081E+18,9,5,75,135,2017,8,18,7,2,9,1,0,1,0,0,0,0,0,6.06223E+20,5.48567E+21,1.04675E+16,4.95144E+16
88089,9.17081E+18,9,5,76,151,2017,8,14,7,3,8,1,0,1,0,0,0,0,0,6.55192E+20,5.46904E+21,1.1137E+16,4.93543E+16
88090,9.17081E+18,9,7,72,147,2017,8,19,7,3,2,6,0,1,0,0,0,0,0,6.38119E+20,5.36561E+21,1.08671E+16,4.84285E+16
88091,9.1708E+18,9,3,75,175,2017,8,15,6,2,2,1,0,1,0,0,0,0,0,7.17806E+20,5.43526E+21,1.19799E+16,4.90317E+16
88092,9.1708E+18,9,3,73,167,2017,8,14,6,2,4,6,0,1,0,0,1,0,0,6.91073E+20,5.458E+21,1.16254E+16,4.92449E+16
88093,9.1708E+18,9,3,72,117,2017,8,11,6,3,2,6,0,1,0,0,0,0,0,7.75915E+20,5.45638E+21,1.27877E+16,4.9198E+16
88094,9.1708E+18,9,3,71,113,2017,8,7,6,3,8,1,0,1,0,0,0,0,0,6.85804E+20,5.50283E+21,1.15741E+16,4.96493E+16
88095,9.1708E+18,9,3,61,0,2017,8,16,6,3,6,4,0,1,1,0,0,0,0,7.06582E+20,5.48104E+21,1.18501E+16,4.94469E+16
88096,9.1708E+18,9,3,71,136,2017,8,13,6,2,4,6,0,1,0,0,0,0,0,7.09829E+20,5.47738E+21,1.18929E+16,4.94128E+16
88097,9.1708E+18,9,2,76,115,2017,8,17,6,2,5,3,0,1,0,0,0,0,0,8.0739E+20,5.44452E+21,1.32096E+16,4.90767E+16
88098,9.1708E+18,9,7,75,135,2017,8,5,6,3,5,3,0,1,0,0,0,0,1,5.73616E+20,5.35908E+21,9.99422E+15,4.83806E+16
88099,9.1708E+18,9,7,75,135,2017,8,23,6,3,5,2,1,1,0,0,0,2,0,5.74516E+20,5.36113E+21,1.00067E+16,4.83989E+16
88100,9.1708E+18,9,7,74,135,2017,8,9,6,3,5,3,0,1,0,0,0,0,0,5.94267E+20,5.36792E+21,1.0275E+16,4.84574E+16
88101,9.1708E+18,9,2,63,0,2017,8,15,6,2,5,3,1,1,0,0,0,0,0,7.63878E+20,5.41881E+21,1.25984E+16,4.8866E+16
88102,9.17081E+18,9,1,78,113,2017,8,11,7,3,2,6,0,1,0,1,0,0,0,6.91648E+20,5.36496E+21,1.15898E+16,4.84086E+16
88103,9.1708E+18,9,2,78,139,2017,8,18,6,2,8,1,0,0,0,1,0,0,0,7.71469E+20,5.42631E+21,1.27067E+16,4.89301E+16
88104,9.1708E+18,9,2,78,197,2017,8,11,6,2,9,1,0,0,0,1,0,0,0,7.58893E+20,5.43283E+21,1.25395E+16,4.8994E+16
88105,9.1708E+18,9,2,75,114,2017,8,21,6,3,8,1,0,1,0,0,0,2,0,7.97283E+20,5.38854E+21,1.3031E+16,4.85793E+16
88106,9.1708E+18,9,2,75,111,2017,8,14,6,1,2,6,0,1,0,0,0,0,0,8.15182E+20,5.4006E+21,1.32822E+16,4.86788E+16
88107,9.1708E+18,9,2,77,140,2017,8,17,6,3,9,1,0,0,0,1,0,0,1,7.91045E+20,5.35877E+21,1.2926E+16,4.8315E+16
88108,9.1708E+18,9,2,77,113,2017,8,18,6,3,9,1,0,1,0,0,0,0,0,7.97424E+20,5.37361E+21,1.30223E+16,4.84452E+16
88109,9.1708E+18,9,2,73,116,2017,8,16,6,2,2,6,0,1,0,0,1,0,0,7.25616E+20,5.42036E+21,1.20783E+16,4.88951E+16
88110,9.1708E+18,9,2,61,0,2017,8,13,6,2,5,3,0,1,0,1,0,0,0,7.31505E+20,5.38215E+21,1.21371E+16,4.85497E+16
88111,9.1708E+18,9,2,79,132,2017,8,15,6,3,5,3,0,1,0,0,0,0,0,7.72437E+20,5.40305E+21,1.27044E+16,4.87209E+16
88112,9.1708E+18,9,2,73,159,2017,8,13,6,3,2,6,0,1,0,0,0,0,0,7.05027E+20,5.43043E+21,1.18029E+16,4.89927E+16
88113,9.1708E+18,9,1,80,126,2017,8,10,6,3,5,3,0,1,0,0,0,0,0,6.61113E+20,5.27041E+21,1.1142E+16,4.75671E+16
88114,9.1708E+18,9,1,90,141,2017,8,15,6,3,0,1,1,0,0,0,0,0,0,6.78325E+20,5.29181E+21,1.13794E+16,4.7755E+16
88115,9.1708E+18,9,1,73,135,2017,8,21,6,3,9,1,0,1,0,0,0,2,1,6.91543E+20,5.27281E+21,1.15472E+16,4.75804E+16
88116,9.1708E+18,9,1,89,115,2017,8,7,6,2,9,1,0,1,0,0,0,0,1,7.63537E+20,5.33821E+21,1.25429E+16,4.81425E+16
88117,9.1708E+18,9,1,83,129,2017,8,9,6,2,4,6,0,1,0,1,0,0,0,7.62827E+20,5.36601E+21,1.25506E+16,4.83924E+16
88118,9.1708E+18,9,1,83,112,2017,8,9,6,3,5,3,0,1,0,0,0,0,0,7.54283E+20,5.3518E+21,1.24269E+16,4.82683E+16
88119,9.1708E+18,9,7,74,122,2017,8,17,6,3,7,1,1,0,0,0,0,0,0,6.04958E+20,5.35468E+21,1.04163E+16,4.83366E+16
88120,9.1708E+18,9,7,78,203,2017,8,10,6,3,3,6,0,1,0,0,1,0,0,6.21012E+20,5.32214E+21,1.06235E+16,4.8041E+16
88121,9.17081E+18,9,1,75,132,2017,8,11,7,3,3,6,0,1,0,1,0,0,0,7.08332E+20,5.33684E+21,1.18011E+16,4.81506E+16
88122,9.17081E+18,9,1,86,143,2017,8,16,7,3,8,1,0,0,0,1,0,0,0,6.82163E+20,5.38011E+21,1.14683E+16,4.85477E+16
88123,9.1708E+18,9,1,89,162,2017,8,17,6,3,5,3,0,1,0,0,0,0,0,7.78725E+20,5.3153E+21,1.27317E+16,4.79304E+16
88124,9.17081E+18,9,1,90,114,2017,8,18,7,2,0,1,0,0,0,1,0,0,0,6.30576E+20,5.28826E+21,1.07416E+16,4.77345E+16
88125,9.1708E+18,9,1,89,118,2017,8,17,6,3,0,1,1,0,0,0,0,0,0,7.83152E+20,5.32071E+21,1.27944E+16,4.7977E+16
88126,9.1708E+18,9,1,89,127,2017,8,13,6,2,8,1,0,1,0,0,0,0,0,7.85891E+20,5.31787E+21,1.28292E+16,4.79503E+16
88127,9.1708E+18,9,1,71,123,2017,8,8,6,3,8,1,0,1,0,0,0,0,1,7.85676E+20,5.35434E+21,1.28507E+16,4.82777E+16
88128,9.1708E+18,9,1,82,123,2017,8,7,6,3,8,1,0,1,0,0,0,0,0,7.20936E+20,5.30126E+21,1.19521E+16,4.78267E+16
88129,9.1708E+18,9,1,82,125,2017,8,17,6,3,2,6,0,1,0,0,0,0,0,7.12366E+20,5.29619E+21,1.18352E+16,4.7784E+16
88130,9.1708E+18,9,1,82,133,2017,8,11,6,2,4,6,1,1,0,0,0,0,0,7.06638E+20,5.30997E+21,1.17654E+16,4.79097E+16
88131,9.1708E+18,9,1,87,117,2017,8,14,6,3,4,6,0,1,0,0,0,0,0,7.26064E+20,5.30517E+21,1.20225E+16,4.78601E+16
88132,9.1708E+18,9,1,87,130,2017,8,9,6,3,5,3,0,1,0,0,0,0,0,7.11645E+20,5.30938E+21,1.1832E+16,4.79028E+16
88133,9.1708E+18,9,1,85,149,2017,8,16,6,3,2,6,0,1,0,0,0,0,0,6.5867E+20,5.39963E+21,1.11577E+16,4.87295E+16
88134,9.1708E+18,9,1,76,112,2017,8,16,6,3,0,1,1,0,0,0,0,0,0,6.92092E+20,5.41999E+21,1.16213E+16,4.8903E+16
88135,9.17081E+18,9,2,76,138,2017,8,11,7,3,1,6,0,1,0,0,0,0,0,8.00039E+20,5.43053E+21,1.30989E+16,4.89548E+16
88136,9.17081E+18,9,4,71,220,2017,8,15,7,2,4,2,0,1,0,1,0,0,1,6.17656E+20,5.51128E+21,1.0633E+16,4.97425E+16
88137,9.17081E+18,9,5,64,0,2017,8,15,7,3,5,2,0,1,0,1,0,0,0,6.52038E+20,5.48156E+21,1.10984E+16,4.94677E+16
88138,9.1708E+18,9,1,81,126,2017,8,17,6,2,0,7,0,0,0,1,0,0,0,6.36933E+20,5.33172E+21,1.08401E+16,4.8124E+16
88139,9.1708E+18,9,1,79,123,2017,8,14,6,3,2,6,0,1,0,0,0,0,0,6.76626E+20,5.33407E+21,1.13741E+16,4.81353E+16
88140,9.1708E+18,9,1,74,131,2017,8,2,6,2,8,1,0,0,0,1,0,2,0,6.73733E+20,5.3584E+21,1.13452E+16,4.83548E+16
88141,9.1708E+18,9,1,78,124,2017,8,19,6,3,2,6,0,1,0,0,0,0,0,7.01149E+20,5.35796E+21,1.17147E+16,4.83428E+16
88142,9.1708E+18,9,1,62,0,2017,8,21,6,3,9,6,0,1,0,0,0,2,0,6.95574E+20,5.34527E+21,1.16337E+16,4.82305E+16
88143,9.17081E+18,9,2,73,137,2017,8,18,1,2,9,1,0,0,0,1,0,0,0,7.09835E+20,5.42169E+21,1.1864E+16,4.89126E+16
88144,9.1708E+18,9,1,78,120,2017,8,5,6,3,4,6,0,1,0,0,0,1,1,6.94784E+20,5.35282E+21,1.16265E+16,4.82986E+16
88145,9.1708E+18,9,1,78,130,2017,8,19,6,3,0,1,1,0,0,0,0,0,0,6.97394E+20,5.37393E+21,1.16716E+16,4.84875E+16
88146,9.1708E+18,9,7,77,130,2017,8,13,6,3,4,2,0,1,0,1,0,0,0,6.24926E+20,5.30892E+21,1.06722E+16,4.79214E+16
88147,9.1708E+18,9,7,80,124,2017,8,1,6,2,8,1,0,1,0,0,0,2,0,5.94541E+20,5.27316E+21,1.02578E+16,4.76049E+16
88148,9.1708E+18,9,7,77,163,2017,8,18,6,3,4,1,1,1,0,0,0,0,0,6.28867E+20,5.27479E+21,1.07148E+16,4.76137E+16
88149,9.1708E+18,9,7,79,184,2017,8,14,6,2,8,1,0,1,0,0,0,0,0,6.18303E+20,5.40303E+21,1.061E+16,4.8769E+16
88150,9.1708E+18,9,1,78,122,2017,8,18,6,3,4,7,0,1,0,0,0,0,0,7.03024E+20,5.38452E+21,1.17528E+16,4.85808E+16
88151,9.17081E+18,9,5,74,117,2017,8,13,7,3,5,3,1,0,0,0,0,0,0,6.70149E+20,5.46542E+21,1.13413E+16,4.93178E+16
88152,9.17081E+18,9,6,77,135,2017,8,12,7,3,8,1,0,1,0,0,0,0,0,5.4248E+20,5.52267E+21,9.59096E+15,4.98549E+16
88153,9.17081E+18,9,7,77,114,2017,8,5,7,3,9,1,0,0,0,1,0,2,0,6.15329E+20,5.31112E+21,1.05444E+16,4.7943E+16
88154,9.1708E+18,9,1,78,155,2017,8,16,6,3,5,3,1,1,0,0,0,0,0,7.19058E+20,5.37356E+21,1.19642E+16,4.8477E+16
88155,9.1708E+18,9,1,78,116,2017,8,7,6,3,5,3,0,1,0,0,0,0,1,7.02236E+20,5.38297E+21,1.17414E+16,4.85672E+16
88156,9.1708E+18,9,1,78,113,2017,8,15,6,3,5,3,1,1,0,0,0,0,0,6.92751E+20,5.36973E+21,1.16069E+16,4.84511E+16
88157,9.1708E+18,9,1,78,113,2017,8,15,6,3,4,2,0,1,0,0,0,0,0,6.9147E+20,5.36536E+21,1.15876E+16,4.84123E+16
88158,9.1708E+18,9,1,75,123,2017,8,12,6,2,2,2,0,1,0,0,0,0,0,7.26565E+20,5.33511E+21,1.2045E+16,4.81289E+16
88159,9.1708E+18,9,1,77,115,2017,8,11,6,3,3,2,1,0,0,0,1,0,0,7.339E+20,5.35166E+21,1.21525E+16,4.82749E+16
88160,9.1708E+18,9,1,84,148,2017,8,22,5,2,4,2,0,1,0,0,0,2,0,6.96421E+20,5.32638E+21,1.16363E+16,4.80605E+16
88161,9.1708E+18,9,1,84,119,2017,8,17,5,3,5,7,0,1,0,0,0,0,0,6.97684E+20,5.34631E+21,1.16625E+16,4.82392E+16
88162,9.1708E+18,9,7,79,115,2017,8,15,6,3,2,2,0,1,0,0,0,0,0,6.31511E+20,5.3934E+21,1.07866E+16,4.86797E+16
88163,9.1708E+18,9,7,72,147,2017,8,22,6,2,2,6,0,0,0,0,1,2,0,6.29875E+20,5.36422E+21,1.07553E+16,4.84177E+16
88164,9.17081E+18,9,1,75,121,2017,8,10,7,3,8,1,0,0,0,1,0,0,0,7.14556E+20,5.32031E+21,1.18764E+16,4.8E+16
88165,9.1708E+18,9,1,84,142,2017,8,15,5,2,5,3,1,1,0,0,0,0,0,6.8063E+20,5.31852E+21,1.14213E+16,4.79944E+16
88166,9.17081E+18,9,1,81,132,2017,8,9,7,3,5,3,0,1,0,1,0,0,0,6.41992E+20,5.32868E+21,1.09071E+16,4.80955E+16
88167,9.1708E+18,9,1,62,0,2017,8,13,5,3,5,3,1,0,0,0,1,0,0,6.8815E+20,5.32802E+21,1.15261E+16,4.80777E+16
88168,9.17081E+18,9,1,73,133,2017,8,10,7,3,0,3,1,1,0,0,0,0,0,6.76883E+20,5.27889E+21,1.13549E+16,4.76393E+16
88169,9.1708E+18,9,1,62,0,2017,8,11,5,3,5,3,0,1,0,1,0,0,0,6.96872E+20,5.33523E+21,1.16465E+16,4.81398E+16
88170,9.1708E+18,9,7,78,173,2017,8,21,5,2,2,7,0,1,0,0,0,2,0,6.14104E+20,5.32096E+21,1.05306E+16,4.80317E+16
88171,9.1708E+18,9,7,75,134,2017,8,16,5,3,0,7,0,0,0,1,0,0,1,5.82961E+20,5.36457E+21,1.01215E+16,4.84288E+16
88172,9.1708E+18,9,7,78,190,2017,8,13,5,3,5,3,0,1,0,1,0,0,0,6.1037E+20,5.32939E+21,1.04827E+16,4.81082E+16
88173,9.1708E+18,9,7,75,129,2017,8,15,5,3,2,6,0,1,0,0,0,0,0,5.81874E+20,5.34253E+21,1.01025E+16,4.82307E+16
88174,9.1708E+18,9,7,63,0,2017,8,10,5,3,2,6,0,1,0,0,0,0,0,5.9938E+20,5.28935E+21,1.03259E+16,4.77499E+16
88175,9.1708E+18,9,7,77,158,2017,8,17,5,3,5,3,0,1,0,1,0,0,0,6.22877E+20,5.30876E+21,1.06447E+16,4.79204E+16
88176,9.1708E+18,9,7,77,168,2017,8,9,5,3,0,7,0,0,0,1,0,0,0,6.16002E+20,5.27783E+21,1.05445E+16,4.76435E+16
88177,9.1708E+18,9,7,79,201,2017,8,13,5,3,5,3,1,1,0,0,0,0,0,6.41319E+20,5.3949E+21,1.09203E+16,4.86911E+16
88178,9.1708E+18,9,7,79,194,2017,8,16,5,1,5,3,0,1,0,0,0,0,0,6.11296E+20,5.41314E+21,1.05174E+16,4.88613E+16
88179,9.17081E+18,9,3,73,156,2017,8,13,7,3,0,1,0,0,0,1,0,0,0,6.66888E+20,5.46305E+21,1.12955E+16,4.92974E+16
88180,9.1708E+18,9,7,79,185,2017,8,19,5,3,5,3,0,1,0,0,0,0,0,6.13811E+20,5.40687E+21,1.055E+16,4.88044E+16
88181,9.17081E+18,9,1,62,0,2017,8,19,7,3,4,2,0,1,0,0,0,0,0,6.91743E+20,5.33188E+21,1.15761E+16,4.81113E+16
88182,9.17081E+18,9,2,75,153,2017,8,18,7,2,8,1,0,0,0,1,0,0,0,8.47337E+20,5.38742E+21,1.37066E+16,4.85435E+16
88183,9.17081E+18,9,3,75,180,2017,8,13,7,3,2,6,0,1,0,0,0,0,0,7.23048E+20,5.42722E+21,1.20471E+16,4.89576E+16
88184,9.17081E+18,9,5,75,153,2017,8,12,7,1,5,3,0,1,0,1,0,0,0,6.12284E+20,5.49498E+21,1.05538E+16,4.95969E+16
88185,9.17081E+18,9,6,71,139,2017,8,17,7,3,0,1,0,0,0,1,0,0,1,5.24927E+20,5.54176E+21,9.34802E+15,5.00277E+16
88186,9.1708E+18,9,7,79,194,2017,8,13,5,3,2,6,0,1,0,0,0,0,0,6.10326E+20,5.4112E+21,1.05037E+16,4.88439E+16
88187,9.1708E+18,9,7,71,122,2017,8,18,5,3,2,6,0,1,0,0,1,0,0,6.52071E+20,5.36241E+21,1.10545E+16,4.83965E+16
88188,9.1708E+18,9,7,71,122,2017,8,21,5,3,2,6,0,1,0,0,0,1,0,6.51025E+20,5.36234E+21,1.10403E+16,4.83961E+16
88189,9.1708E+18,9,7,72,125,2017,8,13,5,3,0,1,1,0,0,0,0,0,0,6.36841E+20,5.34972E+21,1.08447E+16,4.82858E+16
88190,9.1708E+18,9,7,61,0,2017,8,17,5,3,0,6,0,1,0,0,1,0,0,6.42526E+20,5.35943E+21,1.09246E+16,4.83719E+16
88191,9.1708E+18,9,7,61,0,2017,8,17,5,3,5,3,1,1,0,0,0,0,0,6.42181E+20,5.35757E+21,1.09193E+16,4.83553E+16
88192,9.1708E+18,9,7,71,160,2017,8,13,6,3,9,1,0,0,0,1,0,0,0,6.54955E+20,5.34952E+21,1.10887E+16,4.82799E+16
88193,9.1708E+18,9,7,61,0,2017,8,23,6,3,0,1,0,0,0,1,0,2,0,6.4151E+20,5.35789E+21,1.09103E+16,4.83583E+16
88194,9.1708E+18,9,6,75,178,2017,8,9,6,3,2,6,0,1,0,0,0,0,0,6.01678E+20,5.51545E+21,1.04124E+16,4.97829E+16
88195,9.1708E+18,9,6,75,178,2017,8,15,6,2,2,6,0,1,0,1,0,0,0,6.01508E+20,5.51535E+21,1.041E+16,4.9782E+16
88196,9.1708E+18,9,6,75,156,2017,8,16,5,2,9,1,0,1,0,0,0,0,0,5.83761E+20,5.49988E+21,1.01603E+16,4.96456E+16
88197,9.1708E+18,9,1,62,0,2017,8,15,6,3,0,2,0,1,0,0,1,0,0,6.87363E+20,5.33507E+21,1.15187E+16,4.81413E+16
88198,9.1708E+18,9,6,79,179,2017,8,9,5,3,8,1,0,1,0,0,0,0,1,5.70745E+20,5.48893E+21,9.97802E+15,4.95489E+16
88199,9.17081E+18,9,1,79,123,2017,8,19,7,3,1,2,1,1,0,0,0,0,0,6.75398E+20,5.33318E+21,1.13572E+16,4.81277E+16
88200,9.1708E+18,9,6,75,174,2017,8,11,5,3,5,3,0,1,0,0,0,0,0,5.89247E+20,5.52379E+21,1.02417E+16,4.98599E+16
88201,9.1708E+18,9,6,77,114,2017,8,16,5,3,4,2,0,1,0,1,0,0,0,5.69636E+20,5.5365E+21,9.9712E+15,4.99768E+16
88202,9.1708E+18,9,6,74,180,2017,8,12,5,3,2,6,0,1,0,0,0,0,0,6.02942E+20,5.53985E+21,1.04365E+16,5.0002E+16
88203,9.1708E+18,9,6,78,124,2017,8,5,5,3,9,1,0,1,0,0,0,1,0,6.0128E+20,5.5354E+21,1.04121E+16,4.99624E+16
88204,9.1708E+18,9,6,72,114,2017,8,11,5,3,0,1,0,0,0,1,0,0,1,5.77262E+20,5.562E+21,1.00827E+16,5.02051E+16
88205,9.1708E+18,9,6,76,117,2017,8,21,5,3,4,6,0,1,0,0,0,1,0,5.22506E+20,5.51186E+21,9.31247E+15,4.97588E+16
88206,9.1708E+18,9,6,61,0,2017,8,20,5,3,1,6,0,1,0,1,0,0,0,5.08931E+20,5.53647E+21,9.12456E+15,4.99805E+16
88207,9.1708E+18,9,5,72,115,2017,8,21,5,3,2,6,0,1,0,0,0,2,0,6.46176E+20,5.50157E+21,1.1025E+16,4.9649E+16
88208,9.1708E+18,9,5,76,111,2017,8,14,5,3,9,1,0,1,0,0,0,0,1,6.36232E+20,5.45386E+21,1.08709E+16,4.92223E+16
88209,9.1708E+18,9,5,72,139,2017,8,16,5,3,2,6,0,1,0,0,0,0,0,6.27221E+20,5.50607E+21,1.0764E+16,4.96937E+16
88210,9.1708E+18,9,5,72,135,2017,8,13,5,3,0,7,1,0,0,0,0,0,0,6.30159E+20,5.50702E+21,1.08051E+16,4.97016E+16
88211,9.1708E+18,9,5,72,132,2017,8,22,5,3,5,3,0,1,0,1,0,2,0,6.36169E+20,5.49353E+21,1.08837E+16,4.9579E+16
88212,9.1708E+18,9,5,74,152,2017,8,11,5,3,8,1,0,1,0,0,0,0,1,6.65082E+20,5.48237E+21,1.12787E+16,4.94715E+16
88213,9.1708E+18,9,5,64,0,2017,8,18,5,3,5,2,0,1,0,0,0,0,1,6.54066E+20,5.47386E+21,1.11234E+16,4.93979E+16
88214,9.1708E+18,9,5,73,114,2017,8,18,5,3,8,1,0,1,0,0,0,0,1,6.33958E+20,5.47895E+21,1.08482E+16,4.94484E+16
88215,9.1708E+18,9,5,61,0,2017,8,18,5,3,5,2,0,0,0,1,1,0,1,6.15292E+20,5.46183E+21,1.05858E+16,4.92984E+16
88216,9.1708E+18,9,5,71,136,2017,8,13,5,3,2,6,0,1,0,1,0,0,0,5.94512E+20,5.43546E+21,1.02939E+16,4.90648E+16
88217,9.17081E+18,9,2,76,113,2017,8,14,7,3,8,1,0,0,0,1,0,0,0,7.92019E+20,5.451E+21,1.30044E+16,4.91423E+16
88218,9.17081E+18,9,4,75,113,2017,8,18,7,2,9,1,0,1,0,0,0,0,1,6.97926E+20,5.58261E+21,1.17829E+16,5.03623E+16
88219,9.1708E+18,9,5,61,0,2017,8,20,5,3,0,1,0,0,0,1,0,0,1,6.14941E+20,5.46127E+21,1.05808E+16,4.92933E+16
88220,9.1708E+18,9,4,75,154,2017,8,22,5,3,5,3,0,1,0,0,0,2,0,6.98864E+20,5.56271E+21,1.17856E+16,5.01832E+16
88221,9.1708E+18,9,4,72,116,2017,8,15,5,3,1,6,0,1,0,0,1,0,0,6.90918E+20,5.54686E+21,1.16665E+16,5.00434E+16
88222,9.17081E+18,9,2,75,143,2017,8,0,1,3,8,1,0,0,0,1,0,2,1,8.12946E+20,5.36435E+21,1.32247E+16,4.83547E+16
88223,9.1708E+18,9,6,63,0,2017,8,18,6,3,0,6,0,0,0,0,1,0,0,5.67362E+20,5.51684E+21,9.93606E+15,4.98002E+16
88224,9.1708E+18,9,6,63,0,2017,8,12,6,3,4,2,1,1,0,0,0,0,0,5.66854E+20,5.5168E+21,9.92899E+15,4.98E+16
88225,9.1708E+18,9,6,77,155,2017,8,17,6,3,0,7,0,0,0,1,0,0,0,5.42359E+20,5.53586E+21,9.59073E+15,4.99736E+16
88226,9.1708E+18,9,6,75,117,2017,8,16,6,3,8,3,0,1,0,1,0,0,0,5.82685E+20,5.52006E+21,1.01496E+16,4.98272E+16
88227,9.1708E+18,9,4,72,116,2017,8,17,5,3,1,6,0,1,0,0,0,0,0,6.89908E+20,5.54541E+21,1.16517E+16,5.00306E+16
88228,9.1708E+18,9,4,62,0,2017,8,7,5,3,0,1,0,0,0,1,0,0,0,6.83666E+20,5.53631E+21,1.15603E+16,4.99508E+16
88229,9.1708E+18,9,4,74,126,2017,8,14,5,3,2,1,0,1,0,0,0,0,0,6.48689E+20,5.50669E+21,1.10618E+16,4.96944E+16
88230,9.1708E+18,9,4,71,185,2017,8,15,5,3,9,1,0,0,0,1,0,0,0,6.50896E+20,5.53935E+21,1.1105E+16,4.99874E+16
88231,9.1708E+18,9,4,74,129,2017,8,13,5,3,8,1,0,1,0,0,0,0,1,6.65378E+20,5.51615E+21,1.1297E+16,4.9775E+16
88232,9.1708E+18,9,3,75,162,2017,8,12,5,3,2,6,0,1,0,0,1,0,0,7.12719E+20,5.43933E+21,1.19125E+16,4.90701E+16
88233,9.1708E+18,9,3,72,153,2017,8,6,5,2,2,6,0,1,0,0,1,0,0,7.5799E+20,5.45797E+21,1.25432E+16,4.92202E+16
88234,9.1708E+18,9,6,77,114,2017,8,15,6,3,2,6,0,1,0,0,0,0,0,5.74175E+20,5.53592E+21,1.00344E+16,4.9971E+16
88235,9.1708E+18,9,6,73,133,2017,8,11,6,3,5,3,0,1,0,0,0,0,0,5.88984E+20,5.57897E+21,1.02509E+16,5.03561E+16
88236,9.1708E+18,9,3,72,161,2017,8,5,5,2,3,6,0,1,0,1,0,0,0,7.57615E+20,5.46085E+21,1.25399E+16,4.92462E+16
88237,9.17081E+18,9,1,75,132,2017,8,17,7,2,3,3,0,1,0,1,0,0,0,7.07295E+20,5.33654E+21,1.1787E+16,4.81483E+16
88238,9.1708E+18,9,3,73,121,2017,8,9,5,3,5,3,0,1,0,1,0,0,0,6.89858E+20,5.43419E+21,1.15975E+16,4.90313E+16
88239,9.17081E+18,9,1,76,112,2017,8,23,7,2,7,1,0,0,0,1,1,2,0,6.91064E+20,5.41996E+21,1.16073E+16,4.89031E+16
88240,9.1708E+18,9,3,76,141,2017,8,3,5,3,8,1,0,1,0,0,0,2,0,7.25769E+20,5.45041E+21,1.20972E+16,4.9165E+16
88241,9.1708E+18,9,3,71,136,2017,8,16,5,3,5,3,1,1,0,0,0,0,0,7.09107E+20,5.47776E+21,1.18832E+16,4.94166E+16
88242,9.1708E+18,9,2,71,125,2017,8,12,5,3,0,1,0,1,0,0,0,0,0,7.97762E+20,5.40935E+21,1.30525E+16,4.87658E+16
88243,9.1708E+18,9,2,78,123,2017,8,18,5,2,8,1,0,0,0,1,0,0,0,7.47403E+20,5.41497E+21,1.23718E+16,4.88383E+16
88244,9.1708E+18,9,2,71,125,2017,8,18,5,2,0,6,1,0,0,0,0,0,0,8.01606E+20,5.40719E+21,1.3103E+16,4.87446E+16
88245,9.1708E+18,9,2,77,128,2017,8,11,5,3,2,6,0,1,0,0,0,0,0,7.96833E+20,5.35263E+21,1.29995E+16,4.82572E+16
88246,9.1708E+18,9,2,77,138,2017,8,19,5,3,2,6,0,1,0,0,0,0,0,7.91657E+20,5.37077E+21,1.29425E+16,4.84225E+16
88247,9.1708E+18,9,2,75,146,2017,8,12,5,3,2,2,0,1,0,0,0,0,0,8.30106E+20,5.39348E+21,1.34786E+16,4.86072E+16
88248,9.1708E+18,9,2,75,128,2017,8,16,5,3,2,6,0,1,0,0,0,0,0,8.28905E+20,5.39977E+21,1.34674E+16,4.86642E+16
88249,9.1708E+18,9,2,77,119,2017,8,13,5,2,4,6,0,1,0,0,1,0,0,7.76678E+20,5.37173E+21,1.27411E+16,4.84378E+16
88250,9.17081E+18,9,2,78,159,2017,8,18,7,3,5,3,0,1,0,0,0,0,0,7.78352E+20,5.42184E+21,1.27974E+16,4.88869E+16
88251,9.1708E+18,9,2,74,183,2017,8,11,5,3,0,7,0,0,0,1,1,0,1,7.39609E+20,5.36234E+21,1.22354E+16,4.83687E+16
88252,9.17081E+18,9,1,62,0,2017,8,14,1,3,0,1,0,0,0,1,0,0,1,6.92769E+20,5.33915E+21,1.15931E+16,4.81763E+16
88253,9.1708E+18,9,2,74,183,2017,8,12,5,3,0,7,0,0,0,1,1,0,1,7.3957E+20,5.36238E+21,1.22349E+16,4.8369E+16
88254,9.17081E+18,9,1,63,0,2017,8,7,1,3,8,1,0,1,0,0,0,0,1,7.32873E+20,5.30788E+21,1.21149E+16,4.7882E+16
88255,9.17081E+18,9,3,73,151,2017,8,15,1,3,5,3,0,1,0,1,0,0,0,6.97923E+20,5.44879E+21,1.17149E+16,4.916E+16
88256,9.1708E+18,9,6,72,136,2017,8,10,6,3,0,7,1,0,0,0,0,0,0,5.80242E+20,5.56449E+21,1.0125E+16,5.02271E+16
88257,9.1708E+18,9,2,74,121,2017,8,7,5,3,2,6,0,1,0,0,0,0,0,7.22223E+20,5.37201E+21,1.20061E+16,4.84619E+16
88258,9.1708E+18,9,6,78,115,2017,8,11,6,3,0,7,1,0,0,0,0,0,0,5.84701E+20,5.54033E+21,1.01821E+16,5.00093E+16
88259,9.1708E+18,9,2,79,134,2017,8,12,5,3,8,1,0,1,0,0,0,0,0,7.68091E+20,5.37982E+21,1.26304E+16,4.85142E+16