OBJECTID,UIDENTSTLA,ULAND,UREGBEZ,UKREIS,UGEMEINDE,UJAHR,UMONAT,USTUNDE,UWOCHENTAG,UKATEGORIE,UART,UTYP1,IstRad,IstPKW,IstFuss,IstKrad,IstSonstig,LICHT,STRZUSTAND,LINREFX,LINREFY,XGCSWGS84,YGCSWGS84
88260,9.1708E+18,9,5,74,112,2017,8,20,6,3,2,6,0,1,0,0,0,0,0,6.76015E+20,5.47652E+21,1.14268E+16,4.94159E+16
88261,9.1708E+18,9,1,80,126,2017,8,12,5,3,4,7,0,1,0,0,0,0,0,6.60768E+20,5.26914E+21,1.1137E+16,4.75558E+16
88262,9.1708E+18,9,1,90,138,2017,8,10,5,3,3,6,0,1,0,1,0,0,0,6.60725E+20,5.31051E+21,1.11517E+16,4.79277E+16
88263,9.1708E+18,9,1,90,148,2017,8,13,5,3,0,1,0,0,0,1,0,0,0,6.42436E+20,5.29691E+21,1.09025E+16,4.78098E+16
88264,9.1708E+18,9,1,80,122,2017,8,16,5,2,2,1,0,1,0,0,0,0,0,6.67066E+20,5.26193E+21,1.12179E+16,4.74893E+16
88265,9.1708E+18,9,1,89,119,2017,8,12,5,3,4,6,0,0,0,0,1,0,0,7.64151E+20,5.30445E+21,1.25304E+16,4.78391E+16
88266,9.1708E+18,9,1,89,154,2017,8,11,5,3,2,6,0,1,0,0,0,0,0,7.69494E+20,5.31841E+21,1.26103E+16,4.79622E+16
88267,9.1708E+18,9,1,72,117,2017,8,10,5,3,0,1,1,1,0,0,0,0,0,7.95377E+20,5.28825E+21,1.29357E+16,4.768E+16
88268,9.1708E+18,9,1,72,114,2017,8,12,5,3,2,6,0,1,0,0,0,0,0,7.89947E+20,5.29272E+21,1.28665E+16,4.77226E+16
88269,9.1708E+18,9,1,87,165,2017,8,18,5,2,2,6,0,1,0,1,0,0,0,7.33138E+20,5.29966E+21,1.2114E+16,4.78081E+16
88270,9.1708E+18,9,1,87,121,2017,8,19,5,3,3,6,0,1,0,0,0,0,0,7.51648E+20,5.3108E+21,1.23673E+16,4.79012E+16
88271,9.1708E+18,9,1,87,159,2017,8,13,5,3,8,1,0,1,0,0,0,0,1,7.31819E+20,5.32636E+21,1.21107E+16,4.80484E+16
88272,9.1708E+18,9,1,87,126,2017,8,12,5,2,4,3,0,1,0,0,0,0,0,7.44698E+20,5.32702E+21,1.22837E+16,4.80495E+16
88273,9.1708E+18,9,1,87,170,2017,8,22,5,3,2,6,0,1,0,0,0,2,0,7.35089E+20,5.32066E+21,1.21514E+16,4.7996E+16
88274,9.1708E+18,9,5,62,0,2017,8,13,6,2,6,4,0,1,1,0,0,0,0,6.45348E+20,5.49545E+21,1.10113E+16,4.95941E+16
88275,9.1708E+18,9,5,65,0,2017,8,19,6,2,5,3,0,1,0,1,0,0,0,6.44083E+20,5.46863E+21,1.0984E+16,4.93533E+16
88276,9.1708E+18,9,5,76,147,2017,8,13,6,3,9,1,0,0,0,1,0,0,0,6.41743E+20,5.44833E+21,1.09446E+16,4.91714E+16
88277,9.1708E+18,9,1,87,182,2017,8,15,5,3,2,6,0,1,0,0,1,0,0,7.36544E+20,5.32797E+21,1.2175E+16,4.80611E+16
88278,9.1708E+18,9,5,63,0,2017,8,22,6,3,3,6,0,1,0,1,0,2,0,6.43538E+20,5.48236E+21,1.09815E+16,4.94769E+16
88279,9.1708E+18,9,1,87,165,2017,8,9,5,3,0,1,1,0,0,0,0,0,0,7.32869E+20,5.29661E+21,1.21088E+16,4.77808E+16
88280,9.1708E+18,9,1,62,0,2017,8,20,6,3,2,6,0,1,0,0,1,0,0,6.98329E+20,5.33322E+21,1.16651E+16,4.81213E+16
88281,9.1708E+18,9,1,86,137,2017,8,20,5,3,4,2,0,1,0,1,0,0,0,6.81943E+20,5.39887E+21,1.14736E+16,4.87163E+16
88282,9.1708E+18,9,1,61,0,2017,8,14,5,2,0,1,1,0,0,0,0,0,0,6.68296E+20,5.40518E+21,1.12908E+16,4.87768E+16
88283,9.1708E+18,9,1,74,135,2017,8,16,5,3,8,1,0,1,0,0,0,0,0,6.62912E+20,5.35359E+21,1.11974E+16,4.83145E+16
88284,9.1708E+18,9,1,74,135,2017,8,16,5,2,2,6,0,1,0,0,1,0,1,6.61184E+20,5.3548E+21,1.11746E+16,4.83258E+16
88285,9.1708E+18,9,1,88,139,2017,8,8,5,2,4,6,0,1,0,1,0,0,0,6.71136E+20,5.32136E+21,1.12953E+16,4.80226E+16
88286,9.1708E+18,9,1,81,130,2017,8,18,5,3,1,6,0,1,0,0,0,0,0,6.42237E+20,5.32458E+21,1.0909E+16,4.80586E+16
88287,9.1708E+18,9,1,88,121,2017,8,17,5,3,5,3,1,1,0,0,0,0,0,6.7155E+20,5.33068E+21,1.13045E+16,4.81063E+16
88288,9.1708E+18,9,1,88,120,2017,8,18,5,3,1,5,0,1,0,0,0,0,0,6.77151E+20,5.32664E+21,1.1378E+16,4.80685E+16
88289,9.1708E+18,9,1,88,120,2017,8,15,5,2,2,6,0,1,0,0,1,0,0,6.77387E+20,5.32642E+21,1.13811E+16,4.80664E+16
88290,9.1708E+18,9,1,74,115,2017,8,11,5,3,0,6,0,1,0,0,0,0,0,6.80945E+20,5.34761E+21,1.14378E+16,4.82559E+16
88291,9.17081E+18,9,7,77,169,2017,8,14,7,2,4,2,0,1,0,1,0,0,0,6.29243E+20,5.26955E+21,1.07183E+16,4.75665E+16
88292,9.17081E+18,9,1,84,129,2017,8,9,7,3,4,2,0,1,0,1,0,0,0,7.01363E+20,5.32518E+21,1.1702E+16,4.80481E+16
88293,9.17081E+18,9,1,85,158,2017,8,18,1,2,8,1,0,1,0,0,0,0,0,6.70131E+20,5.38221E+21,1.13063E+16,4.85699E+16
88294,9.17081E+18,9,2,62,0,2017,8,3,1,2,7,1,1,0,0,0,0,2,1,8.32144E+20,5.39166E+21,1.35048E+16,4.85898E+16
88295,9.17081E+18,9,2,71,151,2017,8,20,7,3,8,1,0,1,0,0,0,0,0,7.81786E+20,5.41154E+21,1.28371E+16,4.87929E+16
88296,9.17081E+18,9,5,61,0,2017,8,12,7,3,5,3,0,1,0,0,0,0,0,6.13212E+20,5.46338E+21,1.05576E+16,4.93127E+16
88297,9.1708E+18,9,1,77,116,2017,8,12,5,3,9,1,0,1,0,0,0,0,0,7.14664E+20,5.35824E+21,1.1897E+16,4.83408E+16
88298,9.1708E+18,9,1,77,117,2017,8,10,5,3,4,2,1,1,0,0,0,0,0,7.16423E+20,5.35429E+21,1.19187E+16,4.83047E+16
88299,9.1708E+18,9,1,75,124,2017,8,9,5,3,3,2,1,1,0,0,0,0,0,7.14591E+20,5.32884E+21,1.18811E+16,4.80767E+16
88300,9.17081E+18,9,1,86,137,2017,8,5,1,3,2,6,0,1,0,0,0,1,0,6.8256E+20,5.39891E+21,1.1482E+16,4.87165E+16
88301,9.1708E+18,9,1,62,0,2017,8,14,4,3,3,6,0,1,0,0,0,0,0,6.89695E+20,5.33191E+21,1.15486E+16,4.81122E+16
88302,9.17081E+18,9,2,76,127,2017,8,6,1,2,0,1,1,0,0,0,0,0,0,8.12319E+20,5.42671E+21,1.32632E+16,4.89144E+16
88303,9.1708E+18,9,1,62,0,2017,8,18,4,3,2,6,0,1,0,0,0,0,0,6.8888E+20,5.34014E+21,1.15413E+16,4.81864E+16
88304,9.1708E+18,9,5,64,0,2017,8,11,6,3,5,2,0,1,0,1,0,0,0,6.53881E+20,5.48147E+21,1.11238E+16,4.94663E+16
88305,9.1708E+18,9,5,73,114,2017,8,16,6,3,2,2,0,1,0,1,0,0,0,6.34754E+20,5.48063E+21,1.08597E+16,4.94633E+16
88306,9.1708E+18,9,1,62,0,2017,8,7,4,3,2,6,0,1,0,0,0,0,0,6.887E+20,5.33725E+21,1.15376E+16,4.81605E+16
88307,9.1708E+18,9,5,73,133,2017,8,6,6,3,5,2,0,1,0,0,0,0,0,6.25953E+20,5.47853E+21,1.07376E+16,4.94464E+16
88308,9.1708E+18,9,1,84,140,2017,8,8,4,3,2,2,0,1,0,0,0,0,0,7.02249E+20,5.32822E+21,1.17153E+16,4.80751E+16
88309,9.1708E+18,9,5,73,133,2017,8,9,6,3,0,1,1,1,0,0,0,0,0,6.2443E+20,5.48226E+21,1.07178E+16,4.94802E+16
88310,9.1708E+18,9,1,84,136,2017,8,17,4,3,5,3,0,1,0,1,0,0,0,6.97655E+20,5.32797E+21,1.16536E+16,4.80744E+16
88311,9.1708E+18,9,1,62,0,2017,8,6,4,3,3,6,0,1,0,1,0,0,1,6.94108E+20,5.33681E+21,1.16101E+16,4.81549E+16
88312,9.1708E+18,9,1,62,0,2017,8,10,4,3,2,6,0,1,0,0,0,0,0,6.85447E+20,5.34092E+21,1.14955E+16,4.81944E+16
88313,9.1708E+18,9,1,62,0,2017,8,21,4,3,5,2,0,1,0,0,0,1,0,6.87109E+20,5.33194E+21,1.15139E+16,4.81132E+16
88314,9.1708E+18,9,7,75,164,2017,8,16,4,3,0,1,1,0,0,0,0,0,0,5.85831E+20,5.35287E+21,1.01579E+16,4.83232E+16
88315,9.1708E+18,9,7,75,135,2017,8,19,4,3,3,2,1,1,0,0,0,0,0,5.75698E+20,5.36142E+21,1.00227E+16,4.84014E+16
88316,9.1708E+18,9,7,74,198,2017,8,11,4,3,4,6,0,1,0,0,0,0,0,6.17335E+20,5.34719E+21,1.05812E+16,4.82671E+16
88317,9.1708E+18,9,7,74,117,2017,8,18,4,3,0,7,1,0,0,0,0,0,0,5.98016E+20,5.34303E+21,1.03199E+16,4.82329E+16
88318,9.1708E+18,9,7,75,129,2017,8,18,4,3,8,1,0,0,0,1,0,0,0,5.83598E+20,5.34544E+21,1.01263E+16,4.82566E+16
88319,9.17081E+18,9,2,73,165,2017,8,15,7,3,5,3,0,1,0,0,0,0,0,7.16245E+20,5.41081E+21,1.19456E+16,4.88126E+16
88320,9.1708E+18,9,7,74,143,2017,8,19,4,3,2,2,0,1,0,1,0,0,0,5.96402E+20,5.35832E+21,1.03017E+16,4.83707E+16
88321,9.17081E+18,9,2,71,119,2017,8,16,7,3,7,7,0,0,0,1,0,0,0,7.98412E+20,5.41939E+21,1.30686E+16,4.88556E+16
88322,9.17081E+18,9,7,75,152,2017,8,12,7,2,5,6,1,0,0,0,0,0,0,5.77211E+20,5.35313E+21,1.00417E+16,4.83267E+16
88323,9.17081E+18,9,1,81,114,2017,8,10,1,3,6,7,0,1,1,0,0,0,0,6.57047E+20,5.31322E+21,1.11035E+16,4.7953E+16
88324,9.1708E+18,9,7,74,145,2017,8,13,4,2,5,3,0,1,0,0,0,0,0,6.01804E+20,5.36299E+21,1.03758E+16,4.84118E+16
88325,9.17081E+18,9,1,71,113,2017,8,15,1,3,2,6,0,1,0,0,0,0,1,7.79557E+20,5.33976E+21,1.27588E+16,4.81496E+16
88326,9.1708E+18,9,5,73,122,2017,8,15,6,3,9,1,0,0,0,1,0,0,0,6.43147E+20,5.47862E+21,1.09747E+16,4.94433E+16
88327,9.1708E+18,9,7,78,204,2017,8,6,4,3,8,1,0,1,0,0,0,0,1,6.15479E+20,5.32658E+21,1.05506E+16,4.8082E+16
88328,9.1708E+18,9,5,73,127,2017,8,9,6,3,6,7,0,1,1,0,0,0,0,6.45566E+20,5.47514E+21,1.10068E+16,4.94115E+16
88329,9.1708E+18,9,7,63,0,2017,8,11,4,2,6,4,0,1,1,0,0,0,0,5.99319E+20,5.28644E+21,1.03244E+16,4.77237E+16
88330,9.1708E+18,9,5,77,161,2017,8,20,6,2,5,3,0,0,0,1,1,0,0,6.44259E+20,5.44426E+21,1.09777E+16,4.91342E+16
88331,9.1708E+18,9,7,76,125,2017,8,11,4,3,8,1,1,0,0,0,0,0,1,5.62206E+20,5.26932E+21,9.82713E+15,4.75743E+16
88332,9.1708E+18,9,7,76,116,2017,8,16,4,3,2,6,0,1,0,0,0,0,0,5.546E+20,5.26625E+21,9.72563E+15,4.75473E+16
88333,9.1708E+18,9,7,77,130,2017,8,18,4,3,2,6,0,1,0,0,0,0,0,6.24604E+20,5.30895E+21,1.06679E+16,4.79217E+16
88334,9.1708E+18,9,7,62,0,2017,8,9,4,3,5,3,0,1,0,0,0,0,0,6.23018E+20,5.30625E+21,1.06459E+16,4.78978E+16
88335,9.1708E+18,9,7,79,197,2017,8,10,4,3,5,3,1,1,0,0,0,0,0,6.17243E+20,5.42256E+21,1.06012E+16,4.89449E+16
88336,9.1708E+18,9,7,79,131,2017,8,10,4,3,2,6,0,1,0,0,0,0,0,6.31946E+20,5.39547E+21,1.07932E+16,4.86983E+16
88337,9.1708E+18,9,7,73,125,2017,8,10,4,3,5,3,0,1,0,0,0,0,0,6.10795E+20,5.38073E+21,1.05019E+16,4.85699E+16
88338,9.1708E+18,9,7,72,147,2017,8,7,4,3,5,3,0,1,0,1,0,0,0,6.35993E+20,5.36443E+21,1.0838E+16,4.84183E+16
88339,9.1708E+18,9,7,61,0,2017,8,17,4,3,5,2,1,1,0,0,0,0,0,6.41308E+20,5.35586E+21,1.09069E+16,4.83401E+16
88340,9.17081E+18,9,1,76,126,2017,8,15,7,3,9,1,0,0,0,1,0,0,0,6.71782E+20,5.40642E+21,1.13387E+16,4.8787E+16
88341,9.17081E+18,9,1,90,141,2017,8,16,7,2,4,2,0,1,0,0,0,0,0,6.78098E+20,5.29145E+21,1.13762E+16,4.77518E+16
88342,9.1708E+18,9,6,63,0,2017,8,2,4,3,2,6,0,0,0,0,1,2,0,5.64008E+20,5.51113E+21,9.88853E+15,4.97492E+16
88343,9.1708E+18,9,6,75,113,2017,8,12,4,1,2,6,0,0,0,0,1,0,0,5.79114E+20,5.51373E+21,1.00987E+16,4.97708E+16
88344,9.1708E+18,9,6,75,127,2017,8,9,4,3,0,1,0,0,0,1,0,0,0,6.11734E+20,5.51332E+21,1.05515E+16,4.9762E+16
88345,9.1708E+18,9,6,73,123,2017,8,20,4,2,0,1,0,0,0,1,0,0,0,5.77113E+20,5.59756E+21,1.00879E+16,5.05249E+16
88346,9.1708E+18,9,6,76,134,2017,8,11,4,2,0,7,0,0,0,1,1,0,0,5.12721E+20,5.51226E+21,9.17663E+15,4.97627E+16
88347,9.1708E+18,9,6,71,122,2017,8,22,4,3,6,4,0,1,1,0,0,2,0,5.0751E+20,5.53063E+21,9.10464E+15,4.9928E+16
88348,9.1708E+18,9,5,72,159,2017,8,20,4,3,5,3,1,1,0,0,0,0,0,6.19129E+20,5.50531E+21,1.06516E+16,4.96885E+16
88349,9.1708E+18,9,5,72,149,2017,8,19,4,3,0,7,1,0,0,0,0,0,0,6.38651E+20,5.50302E+21,1.09213E+16,4.96638E+16
88350,9.1708E+18,9,5,62,0,2017,8,18,4,3,5,3,0,1,0,0,0,0,0,6.40116E+20,5.49198E+21,1.09377E+16,4.95642E+16
88351,9.1708E+18,9,5,72,141,2017,8,15,4,2,8,1,0,0,0,1,0,0,0,6.4917E+20,5.49872E+21,1.10654E+16,4.96226E+16
88352,9.1708E+18,9,5,76,127,2017,8,12,4,3,0,2,0,1,0,1,0,0,0,6.58982E+20,5.44928E+21,1.11814E+16,4.91757E+16
88353,9.1708E+18,9,5,64,0,2017,8,13,4,3,5,2,1,0,0,0,1,0,0,6.47593E+20,5.47848E+21,1.1036E+16,4.94411E+16
88354,9.1708E+18,9,5,64,0,2017,8,14,4,3,0,1,1,0,0,0,0,0,0,6.52473E+20,5.46888E+21,1.10996E+16,4.93536E+16
88355,9.1708E+18,9,5,77,136,2017,8,16,4,3,2,1,0,1,0,0,0,0,0,6.25648E+20,5.44111E+21,1.07217E+16,4.91099E+16
88356,9.17081E+18,9,6,78,138,2017,8,15,7,3,2,1,0,1,0,0,0,0,1,5.97349E+20,5.54044E+21,1.03586E+16,5.00084E+16
88357,9.17081E+18,9,7,80,132,2017,8,15,7,2,4,6,0,1,0,1,0,0,0,5.77095E+20,5.26861E+21,1.00249E+16,4.75663E+16
88358,9.17081E+18,9,1,62,0,2017,8,7,7,2,1,5,0,1,0,0,0,0,0,6.80496E+20,5.33613E+21,1.14269E+16,4.81528E+16
88359,9.17081E+18,9,1,61,0,2017,8,19,1,3,5,3,1,0,0,0,1,0,0,6.79363E+20,5.40432E+21,1.14409E+16,4.8766E+16
88360,9.17081E+18,9,2,76,138,2017,8,17,1,2,5,3,0,1,0,0,0,0,0,8.00405E+20,5.42952E+21,1.31031E+16,4.89456E+16
88361,9.1708E+18,9,5,61,0,2017,8,10,4,3,5,3,1,0,0,0,0,0,0,6.14229E+20,5.46267E+21,1.05714E+16,4.93061E+16
88362,9.1708E+18,9,4,79,136,2017,8,16,4,3,1,6,0,1,0,0,0,0,0,7.20635E+20,5.5431E+21,1.20788E+16,4.99994E+16
88363,9.1708E+18,9,5,77,177,2017,8,8,6,3,9,1,0,1,0,0,0,0,0,6.45295E+20,5.43267E+21,1.09877E+16,4.90298E+16
88364,9.1708E+18,9,4,76,175,2017,8,17,4,3,4,1,0,1,0,0,0,0,0,6.63395E+20,5.58737E+21,1.12999E+16,5.04156E+16
88365,9.1708E+18,9,4,73,144,2017,8,18,4,3,0,7,0,1,0,0,0,0,0,6.33379E+20,5.58016E+21,1.08751E+16,5.03584E+16
88366,9.1708E+18,9,4,77,163,2017,8,17,4,2,4,2,0,0,0,1,1,0,0,6.85791E+20,5.55335E+21,1.15981E+16,5.01033E+16
88367,9.1708E+18,9,4,72,138,2017,8,19,4,1,8,1,0,1,0,0,0,0,0,7.05078E+20,5.54334E+21,1.18622E+16,5.0007E+16
88368,9.1708E+18,9,4,74,137,2017,8,20,4,3,8,1,0,1,0,0,0,1,0,6.52008E+20,5.50009E+21,1.11052E+16,4.96342E+16
88369,9.1708E+18,9,3,74,168,2017,8,11,4,3,5,3,0,0,0,0,1,0,0,7.28964E+20,5.52167E+21,1.21822E+16,4.98038E+16
88370,9.1708E+18,9,3,77,141,2017,8,20,4,3,6,7,0,1,1,0,0,0,0,7.32386E+20,5.53801E+21,1.22395E+16,4.99492E+16
88371,9.1708E+18,9,3,63,0,2017,8,15,4,3,4,2,0,1,0,0,0,0,0,7.2734E+20,5.50445E+21,1.21496E+16,4.96497E+16
88372,9.1708E+18,9,3,63,0,2017,8,6,4,2,4,6,0,1,0,0,0,0,0,7.23657E+20,5.5087E+21,1.21011E+16,4.96893E+16
88373,9.17081E+18,9,1,77,139,2017,8,9,7,3,5,3,0,1,0,0,0,0,0,7.31418E+20,5.35669E+21,1.21219E+16,4.8321E+16
88374,9.17081E+18,9,1,81,130,2017,8,9,7,2,5,2,0,1,0,0,0,0,0,6.42256E+20,5.32457E+21,1.09092E+16,4.80585E+16
88375,9.17081E+18,9,1,73,140,2017,8,21,7,3,0,1,0,0,0,1,0,2,0,6.97674E+20,5.29387E+21,1.16382E+16,4.77678E+16
88376,9.1708E+18,9,3,77,112,2017,8,9,4,3,5,3,0,1,0,0,1,0,0,7.42644E+20,5.52196E+21,1.23721E+16,4.9801E+16
88377,9.17081E+18,9,1,61,0,2017,8,9,1,3,0,1,1,0,0,0,0,0,0,6.8141E+20,5.40479E+21,1.1469E+16,4.87697E+16
88378,9.1708E+18,9,3,74,134,2017,8,5,4,3,4,6,0,1,0,0,0,0,0,7.18341E+20,5.50475E+21,1.20253E+16,4.96558E+16
88379,9.17081E+18,9,2,76,121,2017,8,18,1,2,5,3,0,1,0,0,0,0,0,8.14653E+20,5.43552E+21,1.33018E+16,4.89923E+16
88380,9.1708E+18,9,5,75,153,2017,8,14,6,2,9,1,0,1,0,1,0,0,0,6.14246E+20,5.49283E+21,1.05803E+16,4.95773E+16
88381,9.1708E+18,9,5,75,135,2017,8,17,6,3,4,6,0,1,0,0,0,0,0,6.08012E+20,5.4878E+21,1.04928E+16,4.95332E+16
88382,9.1708E+18,9,3,74,155,2017,8,13,4,3,5,3,0,1,0,0,0,0,0,6.96367E+20,5.52014E+21,1.17289E+16,4.98015E+16
88383,9.1708E+18,9,5,75,115,2017,8,19,6,3,3,5,0,1,0,1,0,0,0,5.94721E+20,5.47922E+21,1.03071E+16,4.94583E+16
88384,9.1708E+18,9,3,73,147,2017,8,8,4,2,9,1,0,1,0,0,0,0,0,6.85361E+20,5.46437E+21,1.15499E+16,4.93039E+16
88385,9.1708E+18,9,3,75,162,2017,8,8,4,3,8,1,0,1,0,0,0,0,0,7.11613E+20,5.44093E+21,1.18983E+16,4.90848E+16
88386,9.1708E+18,9,3,75,165,2017,8,15,4,2,3,6,0,1,0,1,0,0,0,7.26407E+20,5.43711E+21,1.20984E+16,4.90453E+16
88387,9.1708E+18,9,3,73,126,2017,8,10,4,3,8,1,0,1,0,0,0,0,0,6.71371E+20,5.45255E+21,1.13526E+16,4.92018E+16
88388,9.1708E+18,9,3,73,147,2017,8,16,4,3,5,3,0,1,0,0,0,0,0,6.75232E+20,5.46114E+21,1.14093E+16,4.92779E+16
88389,9.1708E+18,9,3,71,157,2017,8,17,4,2,0,7,1,0,0,0,0,0,0,6.86117E+20,5.48624E+21,1.15706E+16,4.95003E+16
88390,9.1708E+18,9,3,76,151,2017,8,7,4,3,2,6,0,1,0,0,0,0,1,7.47084E+20,5.48347E+21,1.24095E+16,4.94536E+16
88391,9.1708E+18,9,2,78,148,2017,8,17,4,3,6,1,0,1,1,0,0,0,0,7.37659E+20,5.40701E+21,1.22347E+16,4.87707E+16
88392,9.1708E+18,9,2,71,149,2017,8,19,4,3,2,6,0,1,0,1,0,0,0,8.0636E+20,5.40788E+21,1.31681E+16,4.87485E+16
88393,9.1708E+18,9,2,78,154,2017,8,10,4,2,3,6,0,1,0,1,0,0,0,7.77162E+20,5.43148E+21,1.27877E+16,4.8974E+16
88394,9.17081E+18,9,2,72,147,2017,8,17,7,2,9,7,0,1,0,0,0,0,0,8.19932E+20,5.41592E+21,1.33584E+16,4.88138E+16
88395,9.1708E+18,9,2,75,146,2017,8,19,4,2,2,6,0,1,0,1,0,0,0,8.31519E+20,5.3968E+21,1.35004E+16,4.86362E+16
88396,9.17081E+18,9,5,71,229,2017,8,8,7,2,4,2,0,1,0,1,0,0,0,6.26082E+20,5.45284E+21,1.07313E+16,4.92153E+16
88397,9.17081E+18,9,5,72,143,2017,8,13,7,3,2,6,0,1,0,1,0,0,0,6.2707E+20,5.51263E+21,1.07641E+16,4.97527E+16
88398,9.17081E+18,9,7,73,125,2017,8,10,7,3,0,6,0,0,0,1,1,0,1,6.0978E+20,5.38182E+21,1.04884E+16,4.85798E+16
88399,9.17081E+18,9,1,84,139,2017,8,16,7,3,8,1,1,0,0,0,0,0,0,6.87211E+20,5.32385E+21,1.15117E+16,4.80405E+16
88400,9.17081E+18,9,1,74,146,2017,8,7,1,3,2,7,0,1,0,0,1,0,0,6.6882E+20,5.34972E+21,1.12755E+16,4.82781E+16
88401,9.1708E+18,9,2,75,151,2017,8,7,4,3,8,1,0,1,0,0,0,0,1,8.19663E+20,5.39942E+21,1.3342E+16,4.86659E+16
88402,9.1708E+18,9,2,72,127,2017,8,19,4,2,0,7,0,0,0,1,0,0,0,8.26759E+20,5.41981E+21,1.34542E+16,4.88452E+16
88403,9.1708E+18,9,2,77,153,2017,8,11,4,3,9,1,0,1,0,0,0,0,1,7.85644E+20,5.36117E+21,1.28549E+16,4.83391E+16
88404,9.1708E+18,9,2,73,147,2017,8,22,4,3,8,7,0,1,0,0,0,2,0,6.99398E+20,5.39033E+21,1.17065E+16,4.86342E+16
88405,9.1708E+18,9,2,79,128,2017,8,15,4,3,5,2,0,1,0,0,1,0,0,7.55565E+20,5.39524E+21,1.24706E+16,4.86579E+16
88406,9.17081E+18,9,7,73,117,2017,8,16,7,3,0,2,1,0,0,0,1,0,0,6.18187E+20,5.39542E+21,1.06063E+16,4.87006E+16
88407,9.17081E+18,9,1,62,0,2017,8,14,7,3,4,6,1,0,0,0,0,0,0,6.78834E+20,5.33466E+21,1.1404E+16,4.814E+16
88408,9.1708E+18,9,2,79,112,2017,8,13,4,3,5,3,0,1,0,0,0,0,0,7.55933E+20,5.3935E+21,1.24745E+16,4.86421E+16
88409,9.17081E+18,9,1,62,0,2017,8,15,1,3,1,6,0,1,0,0,0,0,0,6.87358E+20,5.33315E+21,1.15178E+16,4.81241E+16
88410,9.17081E+18,9,2,73,147,2017,8,15,1,2,0,1,1,0,0,0,0,0,0,7.05201E+20,5.39289E+21,1.17865E+16,4.86553E+16
88411,9.1708E+18,9,4,75,174,2017,8,17,6,3,4,6,0,1,0,0,1,0,0,7.0379E+20,5.55908E+21,1.18526E+16,5.01489E+16
88412,9.1708E+18,9,1,80,119,2017,8,19,4,3,2,6,0,1,0,0,0,0,0,6.72901E+20,5.28414E+21,1.1304E+16,4.76875E+16
88413,9.1708E+18,9,4,78,165,2017,8,19,6,3,3,6,0,1,0,0,0,0,0,6.43528E+20,5.55132E+21,1.10068E+16,5.00968E+16
88414,9.1708E+18,9,1,90,153,2017,8,16,4,3,3,3,0,1,0,0,0,0,0,6.74474E+20,5.28898E+21,1.13269E+16,4.77306E+16
88415,9.1708E+18,9,1,90,159,2017,8,16,4,2,4,2,0,1,0,1,0,0,0,6.63279E+20,5.30579E+21,1.1184E+16,4.78847E+16
88416,9.1708E+18,9,1,90,145,2017,8,20,4,3,3,6,1,0,0,0,0,0,0,6.47025E+20,5.28517E+21,1.09598E+16,4.77032E+16
88417,9.1708E+18,9,1,90,148,2017,8,14,4,3,2,6,0,1,0,0,0,0,0,6.40523E+20,5.29492E+21,1.08763E+16,4.77923E+16
88418,9.1708E+18,9,1,80,119,2017,8,11,4,3,0,7,1,0,0,0,0,0,0,6.71891E+20,5.28269E+21,1.129E+16,4.76748E+16
88419,9.1708E+18,9,1,71,124,2017,8,19,4,1,4,1,0,1,0,0,1,0,0,7.79245E+20,5.34336E+21,1.2757E+16,4.8182E+16
88420,9.1708E+18,9,1,72,117,2017,8,19,4,2,0,1,0,0,0,1,0,0,0,7.97462E+20,5.28514E+21,1.29613E+16,4.76512E+16
88421,9.1708E+18,9,1,72,115,2017,8,17,4,3,4,6,0,1,0,0,0,0,0,7.9241E+20,5.29252E+21,1.28992E+16,4.77198E+16
88422,9.1708E+18,9,1,87,157,2017,8,19,4,1,8,1,0,1,0,0,0,0,0,7.37048E+20,5.28537E+21,1.21583E+16,4.76782E+16
88423,9.1708E+18,9,1,61,0,2017,8,15,4,3,2,6,0,1,0,0,0,0,0,6.82829E+20,5.40554E+21,1.14886E+16,4.87759E+16
88424,9.17081E+18,9,1,82,116,2017,8,12,7,3,0,6,0,1,0,1,0,0,0,7.05181E+20,5.29261E+21,1.17377E+16,4.77542E+16
88425,9.17081E+18,9,1,90,139,2017,8,23,7,3,7,7,0,1,0,0,0,2,0,6.57493E+20,5.29654E+21,1.11033E+16,4.78029E+16
88426,9.1708E+18,9,1,85,153,2017,8,15,4,3,8,1,0,1,0,0,0,0,0,6.45703E+20,5.40681E+21,1.09841E+16,4.87972E+16
88427,9.1708E+18,9,1,61,0,2017,8,15,4,3,3,6,0,1,0,0,1,0,0,6.79172E+20,5.40495E+21,1.14386E+16,4.87717E+16
88428,9.1708E+18,9,1,76,123,2017,8,16,4,3,5,3,0,1,0,0,0,0,0,6.58695E+20,5.41852E+21,1.11654E+16,4.88993E+16
88429,9.17081E+18,9,2,76,128,2017,8,11,7,3,0,1,0,0,0,1,0,0,0,7.86749E+20,5.44053E+21,1.29248E+16,4.90508E+16
88430,9.17081E+18,9,4,76,154,2017,8,14,7,2,0,7,0,0,0,1,0,0,0,6.607E+20,5.57008E+21,1.12546E+16,5.0261E+16
88431,9.17081E+18,9,5,74,112,2017,8,20,7,2,0,1,1,0,0,0,0,0,0,6.68892E+20,5.47112E+21,1.13264E+16,4.93694E+16
88432,9.17081E+18,9,7,71,114,2017,8,8,7,3,8,7,0,1,0,0,0,0,0,6.44077E+20,5.37396E+21,1.09505E+16,4.85022E+16
88433,9.17081E+18,9,7,76,122,2017,8,20,7,2,7,7,1,0,0,0,0,1,1,5.63709E+20,5.27517E+21,9.84796E+15,4.76268E+16