OBJECTID,UIDENTSTLA,ULAND,UREGBEZ,UKREIS,UGEMEINDE,UJAHR,UMONAT,USTUNDE,UWOCHENTAG,UKATEGORIE,UART,UTYP1,IstRad,IstPKW,IstFuss,IstKrad,IstSonstig,LICHT,STRZUSTAND,LINREFX,LINREFY,XGCSWGS84,YGCSWGS84
89297,9.17082E+18,9,7,73,139,2017,8,14,2,3,0,1,0,0,0,1,0,0,1,6.15468E+20,5.38593E+21,1.05667E+16,4.86158E+16
89298,9.17082E+18,9,6,72,142,2017,8,16,5,3,5,3,0,1,0,1,0,0,0,5.779E+20,5.55484E+21,1.00902E+16,5.01406E+16
89299,9.17082E+18,9,6,75,141,2017,8,8,2,3,3,7,0,1,0,0,1,0,0,5.85456E+20,5.51569E+21,1.01872E+16,4.97876E+16
89300,9.17082E+18,9,7,75,135,2017,8,19,5,2,0,7,1,0,0,0,0,0,0,5.80271E+20,5.36208E+21,1.00846E+16,4.84067E+16
89301,9.17082E+18,9,6,79,201,2017,8,10,2,2,9,1,0,0,0,1,0,0,0,5.72854E+20,5.52709E+21,1.00143E+16,4.98918E+16
89302,9.17082E+18,9,1,79,123,2017,8,17,6,3,0,1,1,0,0,0,0,0,0,6.75647E+20,5.33341E+21,1.13606E+16,4.81297E+16
89303,9.17082E+18,9,1,86,152,2017,8,18,6,3,2,6,0,1,0,0,0,0,0,6.91559E+20,5.37927E+21,1.15951E+16,4.85373E+16
89304,9.17082E+18,9,3,75,175,2017,8,18,4,3,0,1,1,0,0,0,0,0,0,7.14287E+20,5.43222E+21,1.19302E+16,4.90056E+16
89305,9.17082E+18,9,3,71,131,2017,8,5,4,3,0,1,0,1,0,0,0,1,1,6.9645E+20,5.47789E+21,1.1709E+16,4.94219E+16
89306,9.17082E+18,9,3,71,131,2017,8,14,4,2,8,1,0,1,0,0,0,0,0,6.98652E+20,5.48271E+21,1.17417E+16,4.94645E+16
89307,9.17082E+18,9,3,76,149,2017,8,14,4,3,5,3,0,1,0,0,1,0,0,7.31179E+20,5.45882E+21,1.21761E+16,4.92385E+16
89308,9.17082E+18,9,2,78,192,2017,8,7,4,3,0,2,0,1,0,1,0,0,0,7.70609E+20,5.41746E+21,1.26891E+16,4.8851E+16
89309,9.17082E+18,9,2,78,113,2017,8,16,4,2,8,1,0,0,0,1,0,0,0,7.71894E+20,5.42005E+21,1.27083E+16,4.88737E+16
89310,9.17082E+18,9,2,78,170,2017,8,11,4,3,2,6,0,1,0,0,0,0,1,7.65131E+20,5.42418E+21,1.26189E+16,4.89137E+16
89311,9.17082E+18,9,5,71,200,2017,8,17,6,3,4,2,0,1,0,0,0,0,0,5.95763E+20,5.44142E+21,1.03124E+16,4.91182E+16
89312,9.17082E+18,9,6,62,0,2017,8,15,6,3,1,6,0,1,0,0,0,0,0,5.87516E+20,5.54323E+21,1.02221E+16,5.00349E+16
89313,9.17082E+18,9,7,77,158,2017,8,19,6,3,4,6,1,0,0,0,0,0,0,6.19963E+20,5.30774E+21,1.06055E+16,4.79118E+16
89314,9.17082E+18,9,7,78,214,2017,8,16,6,1,8,1,0,1,0,0,0,0,0,5.95698E+20,5.31936E+21,1.02834E+16,4.80203E+16
89315,9.17082E+18,9,6,77,155,2017,8,15,2,3,2,6,0,1,0,0,0,0,0,5.4154E+20,5.53811E+21,9.57955E+15,4.99939E+16
89316,9.17082E+18,9,7,75,135,2017,8,8,5,2,2,2,0,1,0,0,0,0,0,5.75776E+20,5.35941E+21,1.00234E+16,4.83833E+16
89317,9.17082E+18,9,6,72,139,2017,8,22,2,3,8,6,0,1,0,0,0,2,0,5.67226E+20,5.56051E+21,9.94182E+15,5.0193E+16
89318,9.17082E+18,9,1,88,121,2017,8,17,6,3,5,3,0,1,0,0,0,0,0,6.71949E+20,5.32972E+21,1.13095E+16,4.80976E+16
89319,9.17082E+18,9,2,71,141,2017,8,17,4,3,3,1,1,0,0,0,1,0,0,7.95365E+20,5.40233E+21,1.30149E+16,4.8704E+16
89320,9.17082E+18,9,1,82,111,2017,8,17,6,3,5,6,0,1,0,1,0,0,0,7.03899E+20,5.28861E+21,1.17187E+16,4.77186E+16
89321,9.17082E+18,9,6,74,147,2017,8,7,2,2,2,6,0,1,0,0,0,0,0,6.10478E+20,5.54313E+21,1.05425E+16,5.00302E+16
89322,9.17082E+18,9,2,71,151,2017,8,15,4,3,5,3,0,1,0,0,0,0,0,7.81487E+20,5.41144E+21,1.28329E+16,4.87922E+16
89323,9.17082E+18,9,1,89,119,2017,8,21,6,2,5,3,0,1,0,1,0,2,1,7.6671E+20,5.30634E+21,1.25657E+16,4.7855E+16
89324,9.17082E+18,9,6,74,210,2017,8,17,2,3,8,1,0,0,0,1,1,0,0,6.30476E+20,5.5529E+21,1.0825E+16,5.0114E+16
89325,9.17082E+18,9,2,78,149,2017,8,10,4,3,8,7,0,0,0,0,1,0,0,7.80963E+20,5.4207E+21,1.28321E+16,4.88755E+16
89326,9.17082E+18,9,2,74,124,2017,8,11,6,3,5,3,0,1,0,1,0,0,0,7.24497E+20,5.37594E+21,1.2039E+16,4.84964E+16
89327,9.17082E+18,9,2,77,114,2017,8,17,4,3,5,2,0,1,0,0,0,0,0,7.90231E+20,5.37856E+21,1.29287E+16,4.8493E+16
89328,9.17082E+18,9,2,77,113,2017,8,9,4,3,0,7,0,1,0,0,1,0,0,7.98756E+20,5.37416E+21,1.30406E+16,4.84495E+16
89329,9.17082E+18,9,2,62,0,2017,8,12,4,3,2,6,0,1,0,0,0,0,0,8.25064E+20,5.3927E+21,1.34099E+16,4.86028E+16
89330,9.17082E+18,9,2,74,112,2017,8,9,4,3,8,1,0,1,0,0,0,0,1,7.56902E+20,5.38198E+21,1.24805E+16,4.85382E+16
89331,9.17082E+18,9,2,74,111,2017,8,9,4,3,8,1,0,1,0,0,0,0,1,7.38374E+20,5.38154E+21,1.22297E+16,4.85416E+16
89332,9.17082E+18,9,3,75,180,2017,8,7,4,3,9,1,0,1,0,0,0,0,1,7.26247E+20,5.42456E+21,1.20893E+16,4.89326E+16
89333,9.17082E+18,9,2,73,152,2017,8,12,4,3,5,3,1,1,0,0,0,0,0,7.02976E+20,5.41036E+21,1.17649E+16,4.88131E+16
89334,9.17082E+18,9,2,61,0,2017,8,12,4,3,5,3,0,1,0,0,0,0,0,7.31822E+20,5.38119E+21,1.21409E+16,4.85409E+16
89335,9.17082E+18,9,7,75,135,2017,8,21,6,3,0,7,0,0,0,1,0,2,1,5.74593E+20,5.36081E+21,1.00077E+16,4.83961E+16
89336,9.17082E+18,9,2,74,126,2017,8,12,4,2,0,1,0,1,0,0,0,0,0,7.33711E+20,5.38255E+21,1.21672E+16,4.85524E+16
89337,9.17082E+18,9,6,73,114,2017,8,14,2,3,2,6,0,1,0,0,1,0,0,5.85712E+20,5.57481E+21,1.0204E+16,5.03192E+16
89338,9.17082E+18,9,1,90,154,2017,8,12,4,3,4,6,0,1,0,0,0,0,0,6.38314E+20,5.28439E+21,1.08435E+16,4.76981E+16
89339,9.17082E+18,9,6,72,149,2017,8,14,2,2,5,2,1,1,0,0,0,0,0,5.5924E+20,5.56899E+21,9.83127E+15,5.02701E+16
89340,9.17082E+18,9,3,61,0,2017,8,15,7,3,2,2,0,0,0,1,0,0,0,7.06103E+20,5.48229E+21,1.18442E+16,4.94583E+16
89341,9.17082E+18,9,1,80,124,2017,8,16,4,3,3,6,0,1,0,1,0,0,0,6.64672E+20,5.28311E+21,1.11941E+16,4.76804E+16
89342,9.17082E+18,9,6,71,130,2017,8,10,2,3,3,6,0,1,0,0,0,0,0,5.15902E+20,5.53921E+21,9.2219E+15,5.0005E+16
89343,9.17082E+18,9,4,73,170,2017,8,23,7,2,9,1,0,1,0,0,0,2,0,6.39767E+20,5.56227E+21,1.09583E+16,5.01961E+16
89344,9.17082E+18,9,6,71,127,2017,8,17,2,3,1,7,1,1,0,0,0,0,0,5.21428E+20,5.52662E+21,9.29832E+15,4.98916E+16
89345,9.17082E+18,9,6,76,169,2017,8,12,7,3,4,6,0,1,0,0,0,0,0,5.09749E+20,5.51589E+21,9.13546E+15,4.97954E+16
89346,9.17082E+18,9,5,72,114,2017,8,18,2,2,8,7,1,0,0,0,0,0,0,6.31606E+20,5.49296E+21,1.08204E+16,4.95749E+16
89347,9.17082E+18,9,1,80,123,2017,8,19,4,3,9,1,0,1,0,0,0,0,0,6.70057E+20,5.26007E+21,1.12568E+16,4.74719E+16
89348,9.17082E+18,9,5,63,0,2017,8,7,2,3,5,7,1,1,0,0,0,0,0,6.44195E+20,5.47958E+21,1.09895E+16,4.94517E+16
89349,9.17082E+18,9,1,83,140,2017,8,14,4,3,2,6,0,1,0,0,0,0,0,7.39342E+20,5.34019E+21,1.22193E+16,4.81698E+16
89350,9.17082E+18,9,7,62,0,2017,8,13,5,2,5,3,0,1,0,1,0,0,0,6.21492E+20,5.30437E+21,1.0625E+16,4.78812E+16
89351,9.17082E+18,9,5,64,0,2017,8,9,2,3,2,6,0,1,0,0,0,0,0,6.49436E+20,5.4825E+21,1.10629E+16,4.94767E+16
89352,9.17082E+18,9,1,89,143,2017,8,17,4,3,2,6,0,1,0,1,0,0,0,7.62287E+20,5.31836E+21,1.25139E+16,4.79647E+16
89353,9.17082E+18,9,1,78,156,2017,8,15,6,2,5,3,0,1,0,0,0,0,0,7.01961E+20,5.37604E+21,1.17343E+16,4.8505E+16
89354,9.17082E+18,9,1,89,133,2017,8,17,4,2,2,6,0,1,0,1,0,0,0,7.53146E+20,5.32261E+21,1.23942E+16,4.80066E+16
89355,9.17082E+18,9,1,89,130,2017,8,20,4,3,0,7,1,0,0,0,0,1,0,7.66086E+20,5.31268E+21,1.25612E+16,4.79121E+16
89356,9.17082E+18,9,1,89,150,2017,8,11,4,3,1,6,0,1,0,0,0,0,0,7.78351E+20,5.31843E+21,1.27288E+16,4.79586E+16
89357,9.17082E+18,9,1,87,182,2017,8,12,4,3,4,1,0,1,0,1,0,0,0,7.39493E+20,5.32777E+21,1.22144E+16,4.80582E+16
89358,9.17082E+18,9,1,82,114,2017,8,7,4,2,5,3,1,1,0,0,0,0,1,7.21361E+20,5.28996E+21,1.1952E+16,4.7725E+16
89359,9.17082E+18,9,1,87,122,2017,8,19,4,2,4,3,0,1,0,1,0,0,0,7.1884E+20,5.30799E+21,1.19275E+16,4.78879E+16
89360,9.17082E+18,9,1,61,0,2017,8,11,4,3,2,6,0,1,0,0,0,0,0,6.81004E+20,5.40508E+21,1.14636E+16,4.87723E+16
89361,9.17082E+18,9,1,76,165,2017,8,15,4,2,4,2,0,0,0,1,1,0,0,6.71942E+20,5.42139E+21,1.13472E+16,4.89216E+16
89362,9.17082E+18,9,1,76,121,2017,8,7,4,2,4,6,0,1,0,1,0,0,1,6.51561E+20,5.4165E+21,1.10674E+16,4.88829E+16
89363,9.17082E+18,9,1,76,112,2017,8,13,4,3,8,1,0,1,0,0,0,0,0,6.9289E+20,5.41994E+21,1.16322E+16,4.89023E+16
89364,9.17082E+18,9,6,76,160,2017,8,18,7,2,4,6,0,1,0,1,0,0,0,5.13776E+20,5.52974E+21,9.1919E+15,4.99198E+16
89365,9.17082E+18,9,1,88,121,2017,8,18,4,3,2,6,0,1,0,0,0,0,0,6.70261E+20,5.32916E+21,1.12866E+16,4.80929E+16
89366,9.17082E+18,9,1,81,135,2017,8,13,4,3,8,1,0,0,0,1,0,0,0,6.46542E+20,5.31074E+21,1.0962E+16,4.79332E+16
89367,9.17082E+18,9,5,73,130,2017,8,18,2,2,4,6,0,1,0,0,1,2,0,6.36789E+20,5.48548E+21,1.08895E+16,4.95065E+16
89368,9.17082E+18,9,5,73,115,2017,8,16,2,3,2,2,0,1,0,0,0,0,0,6.31662E+20,5.47483E+21,1.08151E+16,4.94119E+16
89369,9.17082E+18,9,7,76,113,2017,8,15,5,2,9,1,0,0,0,1,0,0,0,5.76747E+20,5.27401E+21,1.00213E+16,4.76149E+16
89370,9.17082E+18,9,5,77,136,2017,8,12,2,2,9,1,0,1,0,0,0,0,0,6.27531E+20,5.4402E+21,1.07472E+16,4.91014E+16
89371,9.17082E+18,9,1,88,124,2017,8,9,4,3,6,6,1,0,1,0,0,0,0,6.61822E+20,5.31884E+21,1.11695E+16,4.80024E+16
89372,9.17082E+18,9,1,78,124,2017,8,16,6,3,5,3,1,1,0,0,0,0,0,7.02816E+20,5.36403E+21,1.17401E+16,4.83968E+16
89373,9.17082E+18,9,5,71,165,2017,8,22,2,3,7,7,0,0,0,1,0,2,0,6.27228E+20,5.46772E+21,1.07518E+16,4.93489E+16
89374,9.17082E+18,9,1,79,113,2017,8,21,4,3,2,1,0,1,0,0,0,2,0,6.70538E+20,5.3362E+21,1.12932E+16,4.81562E+16
89375,9.17082E+18,9,1,86,158,2017,8,15,6,3,8,1,0,0,0,1,0,0,0,6.92977E+20,5.40719E+21,1.16274E+16,4.87878E+16
89376,9.17082E+18,9,5,71,199,2017,8,11,2,2,4,6,0,1,0,0,0,0,0,5.85668E+20,5.44988E+21,1.01759E+16,4.91957E+16
89377,9.17082E+18,9,1,74,143,2017,8,15,4,3,9,1,0,0,0,1,0,0,0,6.72578E+20,5.35624E+21,1.13287E+16,4.83357E+16
89378,9.17082E+18,9,1,72,116,2017,8,13,6,3,0,2,0,1,0,1,0,0,0,8.03205E+20,5.28556E+21,1.30379E+16,4.76523E+16
89379,9.17082E+18,9,1,75,132,2017,8,12,4,3,2,6,0,1,0,0,0,0,0,7.07541E+20,5.33673E+21,1.17904E+16,4.81499E+16
89380,9.17082E+18,9,1,62,0,2017,8,7,4,3,2,6,0,1,0,0,0,0,1,6.94236E+20,5.3407E+21,1.16136E+16,4.81898E+16
89381,9.17082E+18,9,1,78,120,2017,8,7,4,3,3,6,0,1,0,0,1,0,1,6.94788E+20,5.35369E+21,1.1627E+16,4.83064E+16
89382,9.17082E+18,9,1,78,113,2017,8,19,4,2,5,3,0,1,0,0,0,0,0,6.92793E+20,5.36969E+21,1.16074E+16,4.84508E+16
89383,9.17082E+18,9,1,77,139,2017,8,18,4,3,0,7,1,0,0,0,0,0,0,7.31099E+20,5.35978E+21,1.21193E+16,4.83488E+16
89384,9.17082E+18,9,1,77,121,2017,8,19,4,3,9,1,0,1,0,0,0,0,0,7.29341E+20,5.36515E+21,1.20985E+16,4.83978E+16
89385,9.17082E+18,9,1,84,120,2017,8,13,3,3,0,1,0,0,0,1,0,0,0,6.81361E+20,5.33209E+21,1.14368E+16,4.81162E+16
89386,9.17082E+18,9,1,62,0,2017,8,18,3,3,4,2,1,1,0,0,0,0,0,6.92148E+20,5.33957E+21,1.1585E+16,4.81803E+16
89387,9.17082E+18,9,7,72,111,2017,8,13,6,3,3,7,0,0,0,1,1,0,0,6.2869E+20,5.36411E+21,1.07393E+16,4.8417E+16
89388,9.17082E+18,9,1,84,142,2017,8,19,3,2,3,2,0,1,0,1,0,0,0,6.8345E+20,5.31746E+21,1.14586E+16,4.79842E+16
89389,9.17082E+18,9,7,77,175,2017,8,20,6,2,9,7,0,1,0,0,0,2,1,6.15346E+20,5.29036E+21,1.05391E+16,4.77563E+16
89390,9.17082E+18,9,5,71,194,2017,8,15,2,2,4,1,0,1,0,0,0,0,0,6.16005E+20,5.47389E+21,1.05991E+16,4.94066E+16
89391,9.17082E+18,9,1,74,113,2017,8,12,7,3,9,7,0,1,0,0,0,0,1,6.71545E+20,5.34691E+21,1.1311E+16,4.82522E+16
89392,9.17082E+18,9,4,75,171,2017,8,15,2,3,5,3,0,1,0,0,1,0,0,6.982E+20,5.57991E+21,1.17853E+16,5.03379E+16
89393,9.17082E+18,9,2,74,112,2017,8,9,7,3,9,7,0,1,0,0,0,0,0,7.56627E+20,5.38078E+21,1.24761E+16,4.85276E+16
89394,9.17082E+18,9,4,72,127,2017,8,14,2,3,2,6,0,1,0,0,0,0,0,6.87918E+20,5.52649E+21,1.16147E+16,4.98613E+16
89395,9.17082E+18,9,4,74,176,2017,8,10,7,3,8,1,0,0,0,1,0,0,0,6.60878E+20,5.52196E+21,1.12369E+16,4.98285E+16
89396,9.17082E+18,9,4,61,0,2017,8,12,2,3,3,6,0,1,0,1,0,0,0,6.37942E+20,5.52785E+21,1.09203E+16,4.98871E+16
89397,9.17082E+18,9,5,77,177,2017,8,21,7,3,4,2,0,1,0,0,0,2,0,6.45114E+20,5.43226E+21,1.09851E+16,4.90261E+16
89398,9.17082E+18,9,3,74,111,2017,8,8,2,3,5,3,0,1,0,0,0,0,0,7.23504E+20,5.51341E+21,1.21017E+16,4.97316E+16
89399,9.17082E+18,9,3,74,133,2017,8,13,2,3,4,3,0,1,0,0,0,0,0,7.26607E+20,5.49866E+21,1.21361E+16,4.9598E+16
89400,9.17082E+18,9,1,84,113,2017,8,19,3,3,2,6,0,1,0,0,0,0,0,6.84478E+20,5.32035E+21,1.14736E+16,4.80098E+16
89401,9.17082E+18,9,7,75,149,2017,8,8,3,3,0,1,1,0,0,0,0,0,0,5.90615E+20,5.34651E+21,1.0221E+16,4.82653E+16
89402,9.17082E+18,9,7,78,164,2017,8,8,3,2,0,1,1,0,0,0,0,0,0,5.83682E+20,5.30574E+21,1.01196E+16,4.78995E+16
89403,9.17082E+18,9,3,75,117,2017,8,22,2,3,8,1,0,1,0,0,0,2,0,7.34762E+20,5.43191E+21,1.22096E+16,4.89954E+16
89404,9.17082E+18,9,4,74,126,2017,8,13,7,3,3,3,0,1,0,1,0,0,0,6.48328E+20,5.51023E+21,1.10581E+16,4.97262E+16
89405,9.17082E+18,9,7,80,128,2017,8,10,3,2,2,6,0,1,0,1,0,0,0,6.08801E+20,5.27577E+21,1.04481E+16,4.76262E+16
89406,9.17082E+18,9,3,75,180,2017,8,15,2,3,2,6,0,1,0,0,0,0,0,7.24285E+20,5.43046E+21,1.20658E+16,4.89863E+16
89407,9.17082E+18,9,5,71,190,2017,8,13,7,2,3,6,0,1,0,1,0,0,0,6.29428E+20,5.46295E+21,1.07805E+16,4.93056E+16
89408,9.17082E+18,9,7,80,117,2017,8,19,3,2,4,2,0,1,0,1,0,0,0,5.93736E+20,5.28395E+21,1.02494E+16,4.77021E+16
89409,9.17082E+18,9,7,72,162,2017,8,9,7,3,5,3,1,1,0,0,0,0,0,6.36081E+20,5.33559E+21,1.08299E+16,4.81589E+16
89410,9.17082E+18,9,3,75,190,2017,8,7,2,2,5,3,0,1,0,0,0,0,0,7.27903E+20,5.44474E+21,1.21232E+16,4.91132E+16
89411,9.17082E+18,9,3,72,175,2017,8,12,2,3,8,1,0,1,0,0,0,0,0,7.67022E+20,5.46164E+21,1.26694E+16,4.92492E+16
89412,9.17082E+18,9,7,63,0,2017,8,19,3,3,4,2,1,1,0,0,0,0,0,5.98323E+20,5.28645E+21,1.03111E+16,4.77239E+16
89413,9.17082E+18,9,6,77,122,2017,8,11,5,3,4,2,0,1,0,0,0,0,0,5.46687E+20,5.55652E+21,9.6536E+15,5.01591E+16
89414,9.17082E+18,9,3,76,116,2017,8,1,2,2,8,1,0,1,0,0,0,2,0,7.39107E+20,5.46279E+21,1.22872E+16,4.92711E+16
89415,9.17082E+18,9,7,77,112,2017,8,16,3,2,2,2,0,1,0,0,1,0,0,6.22977E+20,5.29697E+21,1.06427E+16,4.78143E+16
89416,9.17082E+18,9,7,75,139,2017,8,8,5,3,8,1,0,0,0,1,0,0,0,5.8089E+20,5.36649E+21,1.00939E+16,4.84463E+16
89417,9.17082E+18,9,2,78,190,2017,8,12,2,2,8,1,0,1,0,0,0,0,0,7.67235E+20,5.42716E+21,1.26495E+16,4.89396E+16
89418,9.17082E+18,9,7,63,0,2017,8,11,3,3,2,6,0,1,0,0,0,0,0,5.99257E+20,5.28658E+21,1.03236E+16,4.7725E+16
89419,9.17082E+18,9,1,81,126,2017,8,12,6,2,8,1,0,0,0,1,0,0,0,6.36576E+20,5.33072E+21,1.0835E+16,4.81151E+16
89420,9.17082E+18,9,7,77,129,2017,8,15,3,3,5,3,1,1,0,0,0,0,0,6.25748E+20,5.27414E+21,1.06731E+16,4.76084E+16
89421,9.17082E+18,9,7,79,201,2017,8,14,3,3,0,1,0,0,0,1,0,0,0,6.43871E+20,5.39545E+21,1.09552E+16,4.86955E+16
89422,9.17082E+18,9,7,73,125,2017,8,15,3,3,5,3,1,1,0,0,0,0,0,6.092E+20,5.38167E+21,1.04805E+16,4.85786E+16
89423,9.17082E+18,9,7,73,117,2017,8,15,3,2,5,2,0,1,0,0,1,0,0,6.18324E+20,5.39578E+21,1.06082E+16,4.87038E+16
89424,9.17082E+18,9,7,72,207,2017,8,22,3,3,0,7,1,0,0,0,0,2,0,6.41064E+20,5.38034E+21,1.09119E+16,4.85603E+16
89425,9.17082E+18,9,6,79,202,2017,8,17,3,3,4,1,0,1,0,0,0,0,1,5.64204E+20,5.51995E+21,9.89269E+15,4.98285E+16
89426,9.17082E+18,9,6,78,183,2017,8,0,3,2,5,3,0,1,0,1,0,2,0,5.95596E+20,5.532E+21,1.03321E+16,4.99327E+16
89427,9.17082E+18,9,6,73,149,2017,8,17,3,3,0,1,0,0,0,1,0,0,1,5.81599E+20,5.58644E+21,1.01487E+16,5.04243E+16
89428,9.17082E+18,9,2,62,0,2017,8,22,2,3,0,5,0,1,0,0,0,2,0,8.21946E+20,5.39092E+21,1.33663E+16,4.85885E+16
89429,9.17082E+18,9,5,71,135,2017,8,7,6,3,5,3,0,1,0,0,1,0,0,6.21375E+20,5.47559E+21,1.06736E+16,4.94209E+16
89430,9.17082E+18,9,6,74,187,2017,8,12,6,2,0,4,0,1,1,0,0,0,0,6.11238E+20,5.52756E+21,1.05487E+16,4.98901E+16
89431,9.17082E+18,9,7,76,116,2017,8,5,6,3,1,6,1,1,0,0,0,1,0,5.53926E+20,5.26672E+21,9.71673E+15,4.75517E+16
89432,9.17082E+18,9,7,75,139,2017,8,16,6,3,2,6,0,1,0,1,0,0,0,5.81978E+20,5.36716E+21,1.01087E+16,4.84522E+16
89433,9.17082E+18,9,7,76,116,2017,8,19,6,3,4,6,0,1,0,0,0,2,1,5.4982E+20,5.27099E+21,9.66265E+15,4.75904E+16
89434,9.17082E+18,9,6,76,119,2017,8,15,3,2,4,1,0,1,0,1,0,0,1,5.24488E+20,5.50539E+21,9.33958E+15,4.97005E+16
89435,9.17082E+18,9,1,62,0,2017,8,8,6,3,5,3,1,1,0,0,0,0,0,6.95441E+20,5.32991E+21,1.16248E+16,4.80924E+16
89436,9.17082E+18,9,2,75,154,2017,8,13,2,3,0,7,1,0,0,0,0,0,0,8.08454E+20,5.39425E+21,1.31863E+16,4.86252E+16
89437,9.17082E+18,9,2,77,116,2017,8,17,2,3,8,6,0,1,0,1,0,0,0,7.77317E+20,5.36687E+21,1.27465E+16,4.83939E+16
89438,9.17082E+18,9,2,79,137,2017,8,10,7,3,0,7,0,1,0,0,1,0,0,7.78104E+20,5.4017E+21,1.27804E+16,4.87062E+16
89439,9.17082E+18,9,2,73,163,2017,8,12,2,3,2,6,0,1,0,0,0,0,0,7.05687E+20,5.39918E+21,1.17962E+16,4.87117E+16
89440,9.17082E+18,9,3,71,131,2017,8,11,7,3,5,3,0,1,0,0,0,0,0,6.97994E+20,5.4811E+21,1.17318E+16,4.94502E+16
89441,9.17082E+18,9,5,62,0,2017,8,5,3,3,5,7,0,1,0,1,0,2,0,6.44026E+20,5.49396E+21,1.09925E+16,4.95811E+16
89442,9.17082E+18,9,2,61,0,2017,8,10,2,3,0,2,1,1,0,0,0,0,0,7.3182E+20,5.38119E+21,1.21409E+16,4.8541E+16
89443,9.17082E+18,9,4,75,154,2017,8,11,7,3,0,7,0,0,0,1,0,0,0,6.9894E+20,5.56231E+21,1.17865E+16,5.01796E+16
89444,9.17082E+18,9,6,72,113,2017,8,18,7,3,0,6,0,1,0,1,0,0,0,5.55835E+20,5.57302E+21,9.78409E+15,5.03067E+16
89445,9.17082E+18,9,2,74,191,2017,8,17,2,3,4,2,0,1,0,0,0,0,0,7.44783E+20,5.39164E+21,1.23223E+16,4.86298E+16
89446,9.17082E+18,9,5,76,151,2017,8,18,3,3,8,1,0,1,0,0,0,0,0,6.55353E+20,5.47196E+21,1.11404E+16,4.93805E+16
89447,9.17082E+18,9,1,90,141,2017,8,17,2,3,5,3,0,1,0,0,0,0,0,6.78526E+20,5.29137E+21,1.13819E+16,4.7751E+16
89448,9.17082E+18,9,5,62,0,2017,8,14,3,3,3,6,1,1,0,0,0,0,0,6.43552E+20,5.49299E+21,1.09856E+16,4.95725E+16
89449,9.17082E+18,9,1,73,135,2017,8,11,2,3,1,6,0,1,0,1,0,0,0,6.91615E+20,5.27338E+21,1.15484E+16,4.75855E+16
89450,9.17082E+18,9,5,65,0,2017,8,6,3,3,4,3,0,1,0,0,0,0,0,6.51229E+20,5.4665E+21,1.10815E+16,4.93325E+16
89451,9.17082E+18,9,7,80,128,2017,8,11,5,3,2,6,0,1,0,0,1,0,0,6.10109E+20,5.27896E+21,1.04663E+16,4.76547E+16
89452,9.17082E+18,9,5,65,0,2017,8,21,3,2,0,7,0,0,0,1,0,2,0,6.45196E+20,5.46797E+21,1.09991E+16,4.93472E+16
89453,9.17082E+18,9,5,77,168,2017,8,11,3,2,3,6,0,1,0,1,0,0,0,6.46029E+20,5.41798E+21,1.09925E+16,4.88976E+16
89454,9.17082E+18,9,5,77,136,2017,8,11,3,3,2,6,0,1,0,0,0,0,0,6.24382E+20,5.44286E+21,1.07049E+16,4.9126E+16
89455,9.17082E+18,9,5,71,200,2017,8,22,3,2,5,3,0,1,0,1,0,2,1,5.95638E+20,5.44245E+21,1.03109E+16,4.91274E+16
89456,9.17082E+18,9,4,75,154,2017,8,23,3,3,9,1,0,0,0,0,1,2,1,6.9841E+20,5.56606E+21,1.1781E+16,5.02134E+16
89457,9.17082E+18,9,4,64,0,2017,8,17,3,3,2,6,0,1,0,0,0,0,1,7.08037E+20,5.57772E+21,1.19222E+16,5.03148E+16
89458,9.17082E+18,9,4,72,179,2017,8,13,3,3,2,6,0,1,0,0,0,0,0,6.74864E+20,5.5138E+21,1.14276E+16,4.97512E+16
89459,9.17082E+18,9,4,72,166,2017,8,12,3,2,4,6,0,1,0,0,0,0,0,6.80944E+20,5.53282E+21,1.15208E+16,4.99203E+16
89460,9.17082E+18,9,1,89,143,2017,8,18,2,2,8,1,0,1,0,0,0,0,0,7.59154E+20,5.31498E+21,1.247E+16,4.79356E+16
89461,9.17082E+18,9,1,83,128,2017,8,10,2,3,1,5,0,1,0,0,0,0,0,7.62329E+20,5.34979E+21,1.25338E+16,4.8247E+16
89462,9.17082E+18,9,2,63,0,2017,8,12,6,3,4,2,0,1,0,0,0,0,0,7.61993E+20,5.42051E+21,1.25738E+16,4.88821E+16
89463,9.17082E+18,9,4,63,0,2017,8,9,6,3,2,6,0,1,0,0,0,0,0,6.37652E+20,5.57156E+21,1.0932E+16,5.02801E+16
89464,9.17082E+18,9,6,71,140,2017,8,17,6,2,2,7,0,1,1,0,0,0,0,5.06624E+20,5.53695E+21,9.0924E+15,4.99849E+16
89465,9.17082E+18,9,7,72,147,2017,8,21,6,3,8,1,0,1,0,0,0,2,1,6.38231E+20,5.36408E+21,1.08681E+16,4.84147E+16
89466,9.17082E+18,9,7,80,131,2017,8,11,6,2,2,6,1,1,0,0,0,0,0,5.93804E+20,5.25628E+21,1.02444E+16,4.74533E+16
89467,9.17082E+18,9,4,62,0,2017,8,21,3,3,5,2,1,1,0,0,0,1,0,6.84917E+20,5.53594E+21,1.15775E+16,4.99471E+16
89468,9.17082E+18,9,4,74,126,2017,8,9,3,2,2,6,0,1,0,1,0,0,0,6.48641E+20,5.50654E+21,1.1061E+16,4.96931E+16