OBJECTID,UIDENTSTLA,ULAND,UREGBEZ,UKREIS,UGEMEINDE,UJAHR,UMONAT,USTUNDE,UWOCHENTAG,UKATEGORIE,UART,UTYP1,IstRad,IstPKW,IstFuss,IstKrad,IstSonstig,LICHT,STRZUSTAND,LINREFX,LINREFY,XGCSWGS84,YGCSWGS84
89469,9.17082E+18,9,4,74,140,2017,8,10,3,2,2,6,0,1,0,0,1,0,0,6.61404E+20,5.49706E+21,1.1234E+16,4.96046E+16
89470,9.17082E+18,9,4,74,171,2017,8,15,3,2,0,6,1,0,0,0,0,0,0,6.53789E+20,5.51192E+21,1.11345E+16,4.97401E+16
89471,9.17082E+18,9,3,62,0,2017,8,0,3,3,9,1,0,1,0,0,0,2,0,7.32596E+20,5.4327E+21,1.21805E+16,4.90034E+16
89472,9.17082E+18,9,1,86,152,2017,8,11,6,3,6,4,0,1,1,0,0,0,0,6.92484E+20,5.37574E+21,1.1606E+16,4.85053E+16
89473,9.17082E+18,9,3,72,171,2017,8,17,3,1,5,3,0,1,0,0,0,0,0,7.64207E+20,5.47519E+21,1.26398E+16,4.93721E+16
89474,9.17082E+18,9,3,75,119,2017,8,10,3,3,9,1,0,0,0,1,0,0,0,7.35429E+20,5.44679E+21,1.22273E+16,4.91288E+16
89475,9.17082E+18,9,1,89,120,2017,8,10,6,3,1,6,0,1,0,0,0,0,0,7.55541E+20,5.29899E+21,1.24123E+16,4.77935E+16
89476,9.17082E+18,9,3,71,127,2017,8,10,3,3,2,6,0,0,0,1,0,0,0,7.13935E+20,5.49245E+21,1.19576E+16,4.95468E+16
89477,9.17082E+18,9,3,61,0,2017,8,11,3,3,1,6,0,1,0,0,0,0,0,7.07579E+20,5.4808E+21,1.18638E+16,4.94444E+16
89478,9.17082E+18,9,2,76,139,2017,8,12,3,3,6,7,0,0,1,0,1,0,0,8.07588E+20,5.43006E+21,1.32014E+16,4.89469E+16
89479,9.17082E+18,9,2,71,146,2017,8,16,3,3,0,7,1,0,0,0,0,0,0,7.84952E+20,5.40953E+21,1.28787E+16,4.87735E+16
89480,9.17082E+18,9,2,71,127,2017,8,11,3,3,0,1,1,0,0,0,0,0,0,8.04745E+20,5.40488E+21,1.31439E+16,4.87224E+16
89481,9.17082E+18,9,2,75,127,2017,8,17,3,2,2,6,0,1,0,0,1,0,0,8.08815E+20,5.40177E+21,1.31968E+16,4.86925E+16
89482,9.17082E+18,9,2,75,111,2017,8,14,3,3,4,2,0,1,0,0,0,0,0,8.16179E+20,5.40087E+21,1.32959E+16,4.86807E+16
89483,9.17082E+18,9,6,76,145,2017,8,11,6,3,5,3,1,1,0,0,0,0,0,5.10342E+20,5.52063E+21,9.14382E+15,4.9838E+16
89484,9.17082E+18,9,7,73,136,2017,8,16,6,2,5,2,0,0,0,1,1,0,0,5.98049E+20,5.37375E+21,1.03275E+16,4.85092E+16
89485,9.17082E+18,9,7,80,140,2017,8,16,6,3,8,6,0,1,0,0,0,0,0,6.05149E+20,5.28133E+21,1.04009E+16,4.76768E+16
89486,9.17082E+18,9,1,83,128,2017,8,13,2,3,7,7,1,0,0,0,0,0,0,7.61908E+20,5.34888E+21,1.25276E+16,4.8239E+16
89487,9.17082E+18,9,1,71,112,2017,8,15,2,3,0,1,1,0,0,0,0,0,0,7.79819E+20,5.33781E+21,1.2761E+16,4.81319E+16
89488,9.17082E+18,9,1,82,131,2017,8,11,7,3,8,7,1,0,0,0,0,0,1,7.17206E+20,5.28624E+21,1.18948E+16,4.7693E+16
89489,9.17082E+18,9,1,84,114,2017,8,11,2,3,2,6,0,1,0,0,0,0,0,6.99472E+20,5.31988E+21,1.16742E+16,4.80011E+16
89490,9.17082E+18,9,2,75,133,2017,8,16,7,2,8,1,0,1,0,0,0,0,0,8.22491E+20,5.38525E+21,1.33693E+16,4.85373E+16
89491,9.17082E+18,9,1,87,177,2017,8,15,2,3,2,6,0,1,0,0,0,0,0,7.36845E+20,5.30623E+21,1.2167E+16,4.78657E+16
89492,9.17082E+18,9,4,77,151,2017,8,11,7,3,9,7,0,1,0,0,0,0,0,6.7516E+20,5.56145E+21,1.14533E+16,5.01793E+16
89493,9.17082E+18,9,1,87,124,2017,8,14,2,2,5,3,0,1,0,0,0,0,0,7.35476E+20,5.32972E+21,1.21616E+16,4.80772E+16
89494,9.17082E+18,9,5,64,0,2017,8,10,7,3,2,6,0,1,0,1,0,0,0,6.54273E+20,5.47785E+21,1.11278E+16,4.94337E+16
89495,9.17082E+18,9,2,77,113,2017,8,18,3,3,3,6,0,1,0,0,0,0,0,8.04336E+20,5.37247E+21,1.31147E+16,4.84317E+16
89496,9.17082E+18,9,2,62,0,2017,8,22,3,2,3,7,0,0,0,0,1,2,0,8.24616E+20,5.39017E+21,1.34018E+16,4.85804E+16
89497,9.17082E+18,9,1,63,0,2017,8,10,2,3,0,1,0,1,0,0,0,0,0,7.33765E+20,5.3033E+21,1.21243E+16,4.78405E+16
89498,9.17082E+18,9,2,72,116,2017,8,10,3,2,5,2,0,1,0,1,0,0,0,8.16601E+20,5.42566E+21,1.33207E+16,4.89028E+16
89499,9.17082E+18,9,2,73,181,2017,8,9,3,2,2,6,0,0,0,1,0,0,0,7.15293E+20,5.39986E+21,1.1927E+16,4.87145E+16
89500,9.17082E+18,9,2,73,137,2017,8,18,3,3,4,3,0,1,0,1,0,0,0,7.11253E+20,5.42371E+21,1.18844E+16,4.89302E+16
89501,9.17082E+18,9,2,79,134,2017,8,14,3,3,0,7,1,0,0,0,0,0,0,7.68084E+20,5.37982E+21,1.26304E+16,4.85142E+16
89502,9.17082E+18,9,1,90,132,2017,8,13,3,3,4,2,0,1,0,0,0,0,0,6.7545E+20,5.29361E+21,1.13418E+16,4.7772E+16
89503,9.17082E+18,9,1,73,133,2017,8,16,3,2,2,2,0,1,0,1,0,0,0,6.78155E+20,5.28132E+21,1.13728E+16,4.76607E+16
89504,9.17082E+18,9,1,73,112,2017,8,9,3,2,5,3,1,0,0,1,0,0,0,6.91546E+20,5.29219E+21,1.15558E+16,4.77546E+16
89505,9.17082E+18,9,1,89,113,2017,8,19,3,3,2,6,0,1,0,0,0,0,0,7.6869E+20,5.30345E+21,1.25903E+16,4.78282E+16
89506,9.17082E+18,9,1,83,139,2017,8,10,3,2,0,7,0,0,0,1,0,0,0,7.35167E+20,5.33082E+21,1.21581E+16,4.80872E+16
89507,9.17082E+18,9,1,87,128,2017,8,15,2,3,0,1,1,0,0,0,0,0,0,7.46887E+20,5.31089E+21,1.23037E+16,4.79037E+16
89508,9.17082E+18,9,1,76,149,2017,8,18,2,3,6,7,0,1,1,0,0,0,0,6.61621E+20,5.40799E+21,1.12011E+16,4.88039E+16
89509,9.17082E+18,9,2,79,112,2017,8,9,6,3,0,7,1,0,0,0,1,0,0,7.57109E+20,5.39303E+21,1.24902E+16,4.86374E+16
89510,9.17082E+18,9,1,88,139,2017,8,7,2,3,2,6,0,1,0,0,1,0,0,6.74696E+20,5.31906E+21,1.1342E+16,4.8001E+16
89511,9.17082E+18,9,1,89,133,2017,8,9,3,3,2,6,1,1,0,0,0,0,0,7.54409E+20,5.32195E+21,1.24107E+16,4.80001E+16
89512,9.17082E+18,9,1,74,113,2017,8,6,2,3,3,6,0,1,0,0,1,0,0,6.74604E+20,5.34511E+21,1.13515E+16,4.82352E+16
89513,9.17082E+18,9,4,76,185,2017,8,19,7,3,8,7,0,0,0,1,0,0,0,6.72395E+20,5.56197E+21,1.14149E+16,5.01848E+16
89514,9.17082E+18,9,1,89,139,2017,8,12,3,3,0,1,1,0,0,0,0,0,0,7.67262E+20,5.28755E+21,1.25615E+16,4.7686E+16
89515,9.17082E+18,9,1,78,145,2017,8,18,2,3,9,1,0,1,0,0,0,0,0,6.96113E+20,5.35816E+21,1.16469E+16,4.83462E+16
89516,9.17082E+18,9,5,74,138,2017,8,15,7,3,2,6,0,1,0,0,0,0,0,6.67089E+20,5.48785E+21,1.13087E+16,4.95203E+16
89517,9.17082E+18,9,1,78,123,2017,8,18,2,3,2,6,0,1,0,1,0,0,0,6.90562E+20,5.35754E+21,1.15718E+16,4.83422E+16
89518,9.17082E+18,9,1,77,118,2017,8,18,2,3,2,6,0,1,0,0,0,0,0,7.08537E+20,5.34523E+21,1.1808E+16,4.8226E+16
89519,9.17082E+18,9,1,89,127,2017,8,15,3,2,0,1,1,0,0,0,0,0,0,7.84107E+20,5.31635E+21,1.28043E+16,4.79374E+16
89520,9.17082E+18,9,7,61,0,2017,8,13,5,3,0,1,0,0,0,1,1,0,1,6.41284E+20,5.35596E+21,1.09066E+16,4.8341E+16
89521,9.17082E+18,9,1,75,122,2017,8,17,2,3,2,6,0,1,0,1,0,0,0,7.1977E+20,5.32478E+21,1.19485E+16,4.80384E+16
89522,9.17082E+18,9,1,71,112,2017,8,21,3,3,5,3,0,1,0,1,0,2,0,7.84611E+20,5.34187E+21,1.2828E+16,4.81663E+16
89523,9.17082E+18,9,1,84,135,2017,8,8,5,2,2,6,0,0,0,1,1,0,0,6.92176E+20,5.34477E+21,1.15877E+16,4.8227E+16
89524,9.17082E+18,9,1,72,131,2017,8,12,3,2,8,1,0,1,0,0,0,0,0,7.8908E+20,5.28502E+21,1.28499E+16,4.76539E+16
89525,9.17082E+18,9,1,71,132,2017,8,17,3,3,0,1,0,0,0,1,0,0,0,7.65296E+20,5.35044E+21,1.25741E+16,4.82516E+16
89526,9.17082E+18,9,1,76,161,2017,8,11,6,3,0,7,1,0,1,0,0,0,0,6.80644E+20,5.41414E+21,1.14627E+16,4.88539E+16
89527,9.17082E+18,9,1,82,131,2017,8,17,3,3,4,1,0,1,0,1,0,0,0,7.16661E+20,5.28391E+21,1.18864E+16,4.76723E+16
89528,9.17082E+18,9,1,87,154,2017,8,15,3,3,2,6,0,1,0,1,0,0,0,7.35114E+20,5.2944E+21,1.21375E+16,4.776E+16
89529,9.17082E+18,9,1,61,0,2017,8,9,3,3,4,2,0,1,0,0,0,0,0,6.78934E+20,5.40185E+21,1.1434E+16,4.8744E+16
89530,9.17082E+18,9,1,85,139,2017,8,19,3,2,0,1,0,0,0,1,0,0,0,6.68327E+20,5.39467E+21,1.12869E+16,4.86824E+16
89531,9.17082E+18,9,1,76,132,2017,8,13,3,2,7,7,1,0,0,0,0,0,0,6.70813E+20,5.41977E+21,1.13311E+16,4.89073E+16
89532,9.17082E+18,9,1,76,123,2017,8,17,3,3,1,7,0,1,0,0,0,0,0,6.59418E+20,5.41832E+21,1.11752E+16,4.88973E+16
89533,9.17082E+18,9,1,76,112,2017,8,14,3,2,8,1,0,0,0,1,0,0,0,6.95828E+20,5.41732E+21,1.1671E+16,4.88779E+16
89534,9.17082E+18,9,1,84,144,2017,8,18,1,2,8,1,0,0,0,1,0,0,0,6.85488E+20,5.31627E+21,1.14854E+16,4.79729E+16
89535,9.17082E+18,9,3,74,168,2017,8,15,6,2,2,6,0,1,0,0,0,0,0,7.28972E+20,5.52194E+21,1.21824E+16,4.98061E+16
89536,9.17082E+18,9,5,74,117,2017,8,19,6,2,0,1,1,0,0,0,0,0,0,6.69604E+20,5.46592E+21,1.1334E+16,4.93224E+16
89537,9.17082E+18,9,6,63,0,2017,8,19,6,3,4,2,0,1,0,0,0,0,1,5.69164E+20,5.51761E+21,9.96123E+15,4.9807E+16
89538,9.17082E+18,9,7,76,115,2017,8,7,6,2,3,6,0,1,0,1,0,0,0,5.57215E+20,5.27322E+21,9.76129E+15,4.76098E+16
89539,9.17082E+18,9,1,62,0,2017,8,22,6,3,3,2,1,1,0,0,0,2,0,6.92105E+20,5.34187E+21,1.15854E+16,4.82009E+16
89540,9.17082E+18,9,1,62,0,2017,8,21,3,3,2,6,0,1,0,0,0,2,0,6.87329E+20,5.33316E+21,1.15174E+16,4.81241E+16
89541,9.17082E+18,9,1,62,0,2017,8,10,1,3,1,6,0,1,0,0,0,0,0,6.94873E+20,5.33362E+21,1.16189E+16,4.8126E+16
89542,9.17082E+18,9,7,78,139,2017,8,17,1,2,8,7,0,0,0,1,0,0,0,5.85896E+20,5.32417E+21,1.01529E+16,4.8065E+16
89543,9.17082E+18,9,7,74,135,2017,8,12,1,3,4,1,0,1,0,0,0,0,0,5.95484E+20,5.36748E+21,1.02914E+16,4.84532E+16
89544,9.17082E+18,9,7,76,121,2017,8,15,1,2,6,1,1,0,1,0,0,0,0,5.69566E+20,5.26592E+21,9.92444E+15,4.7543E+16
89545,9.17082E+18,9,2,61,0,2017,8,15,7,3,9,1,0,1,0,0,0,0,0,7.3832E+20,5.38472E+21,1.22308E+16,4.85702E+16
89546,9.17082E+18,9,7,80,124,2017,8,23,1,3,2,6,0,1,0,1,0,2,0,5.91541E+20,5.26829E+21,1.02169E+16,4.75616E+16
89547,9.17082E+18,9,3,76,168,2017,8,15,7,2,2,6,1,0,0,0,0,0,0,7.32308E+20,5.46156E+21,1.21932E+16,4.92626E+16
89548,9.17082E+18,9,7,71,129,2017,8,12,3,3,2,6,0,1,0,0,1,0,0,6.59342E+20,5.35662E+21,1.11504E+16,4.83427E+16
89549,9.17082E+18,9,4,79,135,2017,8,18,7,2,2,2,1,1,0,0,0,0,0,7.14168E+20,5.55707E+21,1.19965E+16,5.01271E+16
89550,9.17082E+18,9,1,74,115,2017,8,17,3,3,5,2,1,1,0,0,0,0,0,6.80895E+20,5.34766E+21,1.14372E+16,4.82563E+16
89551,9.17082E+18,9,1,86,152,2017,8,10,3,3,2,6,0,1,0,0,0,0,0,6.91131E+20,5.37284E+21,1.15864E+16,4.84796E+16
89552,9.17081E+18,9,1,62,0,2017,8,8,2,3,4,2,0,1,0,1,0,0,0,6.91303E+20,5.33113E+21,1.15698E+16,4.81047E+16
89553,9.17081E+18,9,1,84,140,2017,8,15,2,3,5,3,0,1,0,1,0,0,0,7.01617E+20,5.32836E+21,1.17069E+16,4.80766E+16
89554,9.17082E+18,9,7,80,124,2017,8,11,1,2,3,2,1,0,0,0,0,0,0,5.89542E+20,5.27129E+21,1.01909E+16,4.75888E+16
89555,9.17082E+18,9,7,80,143,2017,8,9,1,2,6,4,1,0,1,0,0,0,0,5.90524E+20,5.27587E+21,1.02049E+16,4.76299E+16
89556,9.17082E+18,9,2,74,127,2017,8,9,7,3,4,2,0,1,0,0,0,0,0,7.35014E+20,5.39586E+21,1.21924E+16,4.86715E+16
89557,9.17081E+18,9,1,62,0,2017,8,17,2,3,2,6,0,1,0,0,0,0,0,6.94629E+20,5.33205E+21,1.16149E+16,4.8112E+16
89558,9.17082E+18,9,7,80,144,2017,8,17,1,2,2,2,0,0,0,1,0,0,0,5.81338E+20,5.27519E+21,1.00826E+16,4.7625E+16
89559,9.17082E+18,9,3,72,164,2017,8,21,7,3,8,1,0,1,0,0,0,2,0,7.66981E+20,5.44829E+21,1.266E+16,4.91294E+16
89560,9.17082E+18,9,7,72,223,2017,8,6,1,1,8,1,0,0,0,1,0,0,0,6.24857E+20,5.36431E+21,1.06875E+16,4.84195E+16
89561,9.17082E+18,9,5,71,205,2017,8,21,7,3,0,6,0,1,0,0,1,2,0,5.91058E+20,5.47717E+21,1.02561E+16,4.94404E+16
89562,9.17082E+18,9,6,72,135,2017,8,18,7,3,3,2,1,1,0,0,0,0,0,5.89966E+20,5.56678E+21,1.02618E+16,5.02463E+16
89563,9.17082E+18,9,7,61,0,2017,8,13,1,3,2,6,0,1,0,0,0,0,0,6.37519E+20,5.35231E+21,1.08547E+16,4.83091E+16
89564,9.17081E+18,9,1,62,0,2017,8,14,2,3,5,3,0,1,0,0,1,0,0,6.89045E+20,5.33168E+21,1.15398E+16,4.81103E+16
89565,9.17082E+18,9,7,71,112,2017,8,14,1,3,8,1,0,0,0,1,0,0,0,6.45155E+20,5.36595E+21,1.09623E+16,4.843E+16
89566,9.17081E+18,9,7,77,121,2017,8,17,2,1,4,6,0,1,0,0,0,0,0,6.29492E+20,5.3212E+21,1.0737E+16,4.8031E+16
89567,9.17081E+18,9,7,75,152,2017,8,15,2,3,2,2,0,1,0,0,0,0,0,5.76934E+20,5.3535E+21,1.0038E+16,4.833E+16
89568,9.17081E+18,9,7,75,135,2017,8,6,2,3,5,3,1,1,0,0,0,0,0,5.75553E+20,5.36144E+21,1.00208E+16,4.84016E+16
89569,9.17082E+18,9,7,78,186,2017,8,11,5,3,2,6,0,1,0,0,0,0,0,5.96517E+20,5.31136E+21,1.02926E+16,4.79483E+16
89570,9.17081E+18,9,7,74,148,2017,8,4,2,3,0,1,0,1,0,0,0,2,0,5.9638E+20,5.36165E+21,1.03022E+16,4.84006E+16
89571,9.17081E+18,9,7,63,0,2017,8,14,2,3,5,3,1,1,0,0,0,0,0,5.99219E+20,5.28799E+21,1.03234E+16,4.77376E+16
89572,9.17081E+18,9,7,77,151,2017,8,10,2,2,2,6,1,0,0,0,0,0,0,6.179E+20,5.28954E+21,1.05729E+16,4.77485E+16
89573,9.17081E+18,9,7,76,116,2017,8,17,2,3,5,3,0,1,0,1,0,0,0,5.51412E+20,5.27106E+21,9.68382E+15,4.75909E+16
89574,9.17081E+18,9,7,77,158,2017,8,17,2,2,4,6,0,1,0,1,0,0,0,6.17783E+20,5.31285E+21,1.05777E+16,4.79582E+16
89575,9.17081E+18,9,7,62,0,2017,8,18,2,3,8,1,0,1,0,0,0,0,0,6.19038E+20,5.30352E+21,1.05919E+16,4.7874E+16
89576,9.17081E+18,9,7,77,129,2017,8,14,2,2,0,1,1,0,0,0,0,0,0,6.21699E+20,5.27034E+21,1.06182E+16,4.7575E+16
89577,9.17082E+18,9,6,75,127,2017,8,8,1,3,2,6,0,1,0,0,0,0,0,6.10244E+20,5.51346E+21,1.05308E+16,4.97635E+16
89578,9.17082E+18,9,2,62,0,2017,8,9,6,3,1,6,0,1,0,0,1,0,0,8.26459E+20,5.3898E+21,1.34264E+16,4.85761E+16
89579,9.17082E+18,9,6,79,175,2017,8,13,1,3,3,6,0,1,0,0,1,0,0,5.70917E+20,5.51005E+21,9.98422E+15,4.97388E+16
89580,9.17082E+18,9,3,75,119,2017,8,0,6,3,9,1,0,1,0,0,0,2,0,7.35143E+20,5.44658E+21,1.22233E+16,4.9127E+16
89581,9.17082E+18,9,4,75,169,2017,8,14,6,3,5,3,0,1,0,0,1,0,0,6.87666E+20,5.57458E+21,1.16348E+16,5.02935E+16
89582,9.17082E+18,9,6,72,113,2017,8,11,6,3,0,1,0,0,0,1,0,0,0,5.56275E+20,5.57363E+21,9.79036E+15,5.03121E+16
89583,9.17082E+18,9,7,73,125,2017,8,15,6,2,5,3,0,1,0,0,0,0,0,6.08384E+20,5.38412E+21,1.04701E+16,4.86008E+16
89584,9.17081E+18,9,7,77,169,2017,8,12,2,2,6,7,0,1,1,0,0,0,0,6.30562E+20,5.26857E+21,1.07355E+16,4.75574E+16
89585,9.17081E+18,9,7,77,166,2017,8,15,2,2,0,6,1,0,0,0,0,0,0,6.31177E+20,5.27942E+21,1.07469E+16,4.76549E+16
89586,9.17081E+18,9,7,72,223,2017,8,20,2,3,0,7,1,0,0,0,0,0,0,6.1805E+20,5.3613E+21,1.05947E+16,4.83938E+16
89587,9.17082E+18,9,6,63,0,2017,8,17,1,3,2,6,0,1,0,0,0,0,0,5.65965E+20,5.51625E+21,9.91656E+15,4.97951E+16
89588,9.17082E+18,9,6,63,0,2017,8,13,1,3,5,3,0,1,0,0,0,0,0,5.68238E+20,5.51356E+21,9.94766E+15,4.97706E+16
89589,9.17082E+18,9,6,77,125,2017,8,12,1,3,8,1,0,0,0,0,1,0,0,5.44515E+20,5.51972E+21,9.61894E+15,4.98282E+16
89590,9.17082E+18,9,6,77,157,2017,8,22,1,3,2,6,0,1,0,0,0,2,0,5.43199E+20,5.52275E+21,9.60098E+15,4.98556E+16
89591,9.17082E+18,9,6,77,155,2017,8,18,1,3,2,6,0,1,0,0,0,0,0,5.41938E+20,5.53903E+21,9.58521E+15,5.00021E+16
89592,9.17082E+18,9,1,72,111,2017,8,17,7,3,2,6,0,1,0,0,1,0,1,7.94429E+20,5.30524E+21,1.29346E+16,4.7833E+16
89593,9.17082E+18,9,6,72,114,2017,8,12,1,3,4,2,0,1,0,0,0,0,0,5.7576E+20,5.56069E+21,1.00614E+16,5.01936E+16
89594,9.17082E+18,9,2,78,121,2017,8,18,7,3,3,2,0,1,0,0,0,0,0,7.57475E+20,5.41319E+21,1.25077E+16,4.88183E+16
89595,9.17082E+18,9,6,76,144,2017,8,11,1,3,5,2,1,1,0,0,0,0,0,5.08001E+20,5.52916E+21,9.11145E+15,4.99148E+16
89596,9.17082E+18,9,4,76,152,2017,8,7,7,3,9,1,0,1,0,0,0,0,0,6.69722E+20,5.5951E+21,1.13924E+16,5.04833E+16
89597,9.17082E+18,9,6,76,112,2017,8,16,1,2,2,1,0,0,0,1,0,0,0,5.14168E+20,5.4993E+21,9.19626E+15,4.96461E+16
89598,9.17082E+18,9,5,74,112,2017,8,9,7,2,8,1,0,1,0,0,0,0,0,6.72466E+20,5.47469E+21,1.13772E+16,4.94004E+16
89599,9.17081E+18,9,7,72,223,2017,8,14,2,3,8,7,0,0,0,1,0,0,0,6.14209E+20,5.36434E+21,1.05437E+16,4.84219E+16
89600,9.17081E+18,9,7,71,122,2017,8,17,2,3,2,6,1,1,0,0,0,0,0,6.5214E+20,5.36286E+21,1.10555E+16,4.84006E+16
89601,9.17081E+18,9,6,75,127,2017,8,23,2,3,2,6,0,1,0,0,0,2,0,6.09944E+20,5.51347E+21,1.05267E+16,4.97637E+16
89602,9.17081E+18,9,6,79,196,2017,8,23,2,3,1,6,0,1,0,0,0,2,0,5.52146E+20,5.5161E+21,9.72454E+15,4.97951E+16
89603,9.17081E+18,9,6,77,114,2017,8,14,2,3,4,6,0,1,0,0,1,0,0,5.72472E+20,5.534E+21,1.00103E+16,4.9954E+16
89604,9.17081E+18,9,6,71,157,2017,8,7,2,3,2,6,0,1,0,0,0,0,0,5.28608E+20,5.52685E+21,9.3983E+15,4.98934E+16
89605,9.17081E+18,9,6,61,0,2017,8,16,2,3,4,1,0,1,0,0,0,0,0,5.10323E+20,5.53041E+21,9.14383E+15,4.9926E+16
89606,9.17081E+18,9,5,72,135,2017,8,12,2,3,8,1,0,0,0,0,1,0,0,6.50395E+20,5.4874E+21,1.1078E+16,4.95205E+16
89607,9.17081E+18,9,5,76,127,2017,8,13,2,2,2,6,0,1,0,0,0,0,0,6.63171E+20,5.45222E+21,1.124E+16,4.9201E+16
89608,9.17081E+18,9,5,64,0,2017,8,13,2,3,3,6,0,1,0,0,0,0,0,6.5376E+20,5.473E+21,1.11189E+16,4.93902E+16
89609,9.17081E+18,9,5,72,135,2017,8,16,2,3,6,7,0,1,1,0,0,0,0,6.30246E+20,5.50303E+21,1.08049E+16,4.96658E+16
89610,9.17082E+18,9,6,76,112,2017,8,16,1,2,8,1,0,0,0,1,0,0,0,5.14169E+20,5.4993E+21,9.19626E+15,4.9646E+16
89611,9.17082E+18,9,1,89,154,2017,8,11,6,2,5,3,0,1,0,0,1,0,0,7.64629E+20,5.32083E+21,1.25468E+16,4.7986E+16
89612,9.17082E+18,9,6,71,122,2017,8,17,1,3,5,3,0,1,0,0,0,0,0,5.05383E+20,5.5295E+21,9.07499E+15,4.99179E+16
89613,9.17082E+18,9,2,79,132,2017,8,18,6,2,3,2,0,1,0,1,0,0,0,7.69554E+20,5.4055E+21,1.26669E+16,4.87442E+16
89614,9.17082E+18,9,5,74,112,2017,8,16,1,1,8,6,0,1,0,0,0,0,0,6.68612E+20,5.47291E+21,1.13233E+16,4.93855E+16
89615,9.17081E+18,9,5,62,0,2017,8,15,2,2,0,6,1,0,0,0,0,0,0,6.44913E+20,5.49541E+21,1.10053E+16,4.95939E+16
89616,9.17082E+18,9,2,78,143,2017,8,14,6,2,4,6,0,1,0,1,0,0,0,7.71427E+20,5.43934E+21,1.27148E+16,4.9047E+16
89617,9.17082E+18,9,5,64,0,2017,8,12,1,3,2,6,0,1,0,0,1,0,0,6.57041E+20,5.47314E+21,1.11641E+16,4.93907E+16
89618,9.17081E+18,9,5,65,0,2017,8,16,2,3,2,2,0,1,0,0,1,0,0,6.47897E+20,5.46238E+21,1.10342E+16,4.92962E+16
89619,9.17082E+18,9,4,61,0,2017,8,17,6,2,6,2,0,1,1,0,0,0,0,6.3617E+20,5.52987E+21,1.08964E+16,4.99057E+16
89620,9.17082E+18,9,5,74,146,2017,8,19,6,3,5,3,0,1,0,0,1,1,1,6.68987E+20,5.48755E+21,1.13347E+16,4.9517E+16
89621,9.17081E+18,9,5,63,0,2017,8,18,2,3,5,2,0,1,0,0,0,0,0,6.39841E+20,5.48341E+21,1.09309E+16,4.94872E+16
89622,9.17081E+18,9,5,64,0,2017,8,17,2,3,5,3,0,1,0,1,0,0,0,6.57133E+20,5.48184E+21,1.11688E+16,4.94689E+16
89623,9.17081E+18,9,5,64,0,2017,8,12,2,3,0,3,0,1,0,0,0,0,0,6.52512E+20,5.48093E+21,1.11047E+16,4.94619E+16
89624,9.17081E+18,9,5,64,0,2017,8,10,2,3,2,6,0,1,0,0,0,0,0,6.52434E+20,5.48252E+21,1.11043E+16,4.94762E+16
89625,9.17081E+18,9,5,73,133,2017,8,12,2,2,4,6,0,1,0,0,0,0,0,6.24466E+20,5.48207E+21,1.07183E+16,4.94785E+16
89626,9.17081E+18,9,5,73,127,2017,8,2,2,3,8,7,0,0,0,0,1,2,0,6.46404E+20,5.47567E+21,1.10186E+16,4.94161E+16
89627,9.17081E+18,9,4,78,165,2017,8,13,2,3,3,6,0,1,0,0,1,0,0,6.45012E+20,5.55447E+21,1.10287E+16,5.01247E+16
89628,9.17081E+18,9,4,78,176,2017,8,11,2,2,8,1,0,0,0,1,0,0,0,6.57494E+20,5.5457E+21,1.11996E+16,5.00427E+16
89629,9.17081E+18,9,4,72,175,2017,8,16,2,3,8,1,0,1,0,0,0,0,0,6.8125E+20,5.51241E+21,1.15155E+16,4.97369E+16
89630,9.17082E+18,9,5,62,0,2017,8,19,1,2,9,1,1,0,0,0,0,0,0,6.44753E+20,5.49543E+21,1.1003E+16,4.95941E+16
89631,9.17082E+18,9,2,78,189,2017,8,18,6,2,8,1,0,0,0,1,0,0,0,7.68214E+20,5.44197E+21,1.26727E+16,4.90721E+16
89632,9.17082E+18,9,4,71,214,2017,8,9,6,2,5,3,0,1,0,0,0,0,0,6.40905E+20,5.5403E+21,1.09661E+16,4.99983E+16
89633,9.17082E+18,9,5,65,0,2017,8,6,6,3,5,3,1,1,0,0,0,0,0,6.46508E+20,5.46526E+21,1.10162E+16,4.93225E+16
89634,9.17082E+18,9,7,61,0,2017,8,10,6,3,5,3,1,1,0,0,0,0,0,6.36411E+20,5.36087E+21,1.08425E+16,4.83862E+16
89635,9.17082E+18,9,7,77,151,2017,8,10,6,3,5,3,0,1,0,0,0,0,0,6.21096E+20,5.29311E+21,1.06165E+16,4.778E+16
89636,9.17081E+18,9,4,77,143,2017,8,14,2,3,8,1,0,1,0,0,0,0,0,6.84594E+20,5.54916E+21,1.15794E+16,5.00661E+16
89637,9.17082E+18,9,1,75,122,2017,8,21,7,3,4,1,0,1,0,0,0,2,0,7.22218E+20,5.3244E+21,1.19811E+16,4.80342E+16
89638,9.17081E+18,9,4,72,167,2017,8,10,2,3,5,3,0,1,0,1,0,0,0,6.77203E+20,5.53176E+21,1.14682E+16,4.99119E+16
89639,9.17081E+18,9,4,74,126,2017,8,14,2,3,3,6,0,1,0,0,0,0,0,6.49024E+20,5.50951E+21,1.10675E+16,4.97196E+16
89640,9.17082E+18,9,5,62,0,2017,8,13,1,3,0,7,1,0,0,0,0,0,0,6.47018E+20,5.49153E+21,1.10329E+16,4.95585E+16