OBJECTID,UIDENTSTLA,ULAND,UREGBEZ,UKREIS,UGEMEINDE,UJAHR,UMONAT,USTUNDE,UWOCHENTAG,UKATEGORIE,UART,UTYP1,IstRad,IstPKW,IstFuss,IstKrad,IstSonstig,LICHT,STRZUSTAND,LINREFX,LINREFY,XGCSWGS84,YGCSWGS84
89641,9.17082E+18,9,5,73,125,2017,8,15,1,2,5,3,0,1,0,1,0,0,0,6.39361E+20,5.47132E+21,1.092E+16,4.93786E+16
89642,9.17082E+18,9,5,71,188,2017,8,12,1,3,2,6,0,1,0,0,0,0,0,5.87894E+20,5.48203E+21,1.02135E+16,4.94845E+16
89643,9.17082E+18,9,5,71,145,2017,8,13,1,3,2,2,0,1,0,0,0,0,0,5.95739E+20,5.44953E+21,1.0314E+16,4.91911E+16
89644,9.17082E+18,9,1,78,113,2017,8,12,7,3,2,6,0,1,0,0,0,0,1,6.91493E+20,5.36821E+21,1.15892E+16,4.84379E+16
89645,9.17082E+18,9,4,72,176,2017,8,13,1,2,5,3,0,1,0,1,0,0,0,6.67741E+20,5.52782E+21,1.13348E+16,4.98792E+16
89646,9.17082E+18,9,2,74,154,2017,8,20,7,3,8,1,0,1,0,0,0,0,0,7.39868E+20,5.36705E+21,1.22416E+16,4.84109E+16
89647,9.17082E+18,9,4,62,0,2017,8,0,1,2,5,3,0,1,0,1,0,2,0,6.85771E+20,5.53611E+21,1.15895E+16,4.99484E+16
89648,9.17082E+18,9,3,73,147,2017,8,13,7,3,0,1,1,0,0,0,0,0,0,6.78588E+20,5.46112E+21,1.14554E+16,4.92767E+16
89649,9.17081E+18,9,4,71,195,2017,8,10,2,2,0,1,1,0,0,0,0,0,0,6.47622E+20,5.52699E+21,1.10547E+16,4.98771E+16
89650,9.17081E+18,9,4,71,185,2017,8,16,2,3,9,1,0,0,0,1,0,0,0,6.50365E+20,5.53838E+21,1.10973E+16,4.99788E+16
89651,9.17081E+18,9,3,74,121,2017,8,21,2,3,8,1,0,1,0,0,0,2,0,7.37519E+20,5.51767E+21,1.22984E+16,4.97645E+16
89652,9.17081E+18,9,3,73,147,2017,8,6,2,3,8,1,0,1,0,0,0,0,0,6.83384E+20,5.46503E+21,1.15231E+16,4.93104E+16
89653,9.17081E+18,9,3,75,181,2017,8,16,2,2,4,1,1,0,0,1,0,0,0,7.20238E+20,5.43398E+21,1.20124E+16,4.90194E+16
89654,9.17081E+18,9,3,75,210,2017,8,5,2,3,8,1,0,1,0,0,0,1,0,7.53837E+20,5.43096E+21,1.24693E+16,4.89793E+16
89655,9.17081E+18,9,2,76,128,2017,8,11,2,3,5,3,0,1,0,1,0,0,0,7.87644E+20,5.43983E+21,1.29366E+16,4.90441E+16
89656,9.17081E+18,9,2,76,143,2017,8,11,2,2,0,1,1,0,0,0,0,0,0,7.93812E+20,5.43715E+21,1.30188E+16,4.90171E+16
89657,9.17081E+18,9,2,63,0,2017,8,17,2,3,2,6,0,1,0,0,0,0,0,7.60608E+20,5.42323E+21,1.25567E+16,4.89071E+16
89658,9.17081E+18,9,2,78,170,2017,8,7,2,3,8,1,0,1,0,0,0,0,0,7.64537E+20,5.42378E+21,1.26106E+16,4.89104E+16
89659,9.17081E+18,9,2,76,138,2017,8,16,2,3,5,3,0,1,0,0,0,0,0,8.0415E+20,5.43335E+21,1.3157E+16,4.89781E+16
89660,9.17082E+18,9,4,71,137,2017,8,11,1,3,2,6,0,1,0,0,0,0,0,6.37851E+20,5.53263E+21,1.09208E+16,4.99302E+16
89661,9.17082E+18,9,1,86,162,2017,8,18,6,3,8,1,0,0,0,1,0,0,1,6.94697E+20,5.38854E+21,1.16419E+16,4.86196E+16
89662,9.17082E+18,9,4,74,121,2017,8,9,1,3,0,1,0,0,0,1,0,0,0,6.559E+20,5.51648E+21,1.11656E+16,4.97805E+16
89663,9.17082E+18,9,1,72,114,2017,8,22,6,3,7,7,0,1,0,0,0,2,0,7.89905E+20,5.29317E+21,1.28663E+16,4.77267E+16
89664,9.17082E+18,9,4,74,156,2017,8,17,1,1,9,1,0,0,0,1,0,0,0,6.68263E+20,5.50678E+21,1.1333E+16,4.969E+16
89665,9.17081E+18,9,2,71,127,2017,8,15,2,3,4,2,0,1,0,0,0,0,0,8.06661E+20,5.40609E+21,1.31708E+16,4.87322E+16
89666,9.17082E+18,9,1,73,133,2017,8,18,6,3,8,1,0,1,0,0,0,0,0,6.77546E+20,5.2798E+21,1.13641E+16,4.76473E+16
89667,9.17082E+18,9,2,71,151,2017,8,11,1,3,2,6,0,1,0,0,0,0,0,7.86285E+20,5.41675E+21,1.29018E+16,4.88376E+16
89668,9.17081E+18,9,2,77,112,2017,8,17,2,3,0,2,0,1,0,0,1,0,0,8.05412E+20,5.37118E+21,1.31282E+16,4.84197E+16
89669,9.17082E+18,9,2,62,0,2017,8,15,6,3,5,3,1,1,0,0,0,0,0,8.25496E+20,5.38965E+21,1.34133E+16,4.85753E+16
89670,9.17082E+18,9,2,75,159,2017,8,16,1,3,0,7,0,1,0,0,0,0,0,8.11241E+20,5.40024E+21,1.32285E+16,4.86775E+16
89671,9.17081E+18,9,2,72,138,2017,8,18,2,3,5,3,0,1,0,1,0,0,0,8.2578E+20,5.41219E+21,1.34349E+16,4.87773E+16
89672,9.17082E+18,9,3,75,180,2017,8,9,6,3,2,6,0,1,0,0,0,0,0,7.26424E+20,5.42758E+21,1.20934E+16,4.89596E+16
89673,9.17081E+18,9,2,74,156,2017,8,22,2,3,2,6,0,1,0,0,0,2,0,7.43627E+20,5.3908E+21,1.23062E+16,4.86228E+16
89674,9.17082E+18,9,4,71,220,2017,8,11,7,3,2,6,0,1,0,0,0,0,0,6.1369E+20,5.51306E+21,1.05785E+16,4.97593E+16
89675,9.17081E+18,9,2,74,127,2017,8,16,2,3,5,3,0,1,0,0,0,0,0,7.35695E+20,5.39863E+21,1.22032E+16,4.86962E+16
89676,9.17082E+18,9,2,72,141,2017,8,17,1,3,4,2,0,1,0,0,0,0,0,8.33153E+20,5.40579E+21,1.35298E+16,4.8716E+16
89677,9.17081E+18,9,2,74,176,2017,8,16,2,3,3,6,1,1,0,0,0,0,0,7.28041E+20,5.40221E+21,1.21013E+16,4.87311E+16
89678,9.17082E+18,9,2,77,153,2017,8,10,1,3,5,3,0,1,0,0,0,0,0,7.826E+20,5.3647E+21,1.28163E+16,4.83721E+16
89679,9.17081E+18,9,2,79,112,2017,8,13,2,3,2,6,0,1,0,0,0,0,0,7.55716E+20,5.39485E+21,1.24724E+16,4.86544E+16
89680,9.17082E+18,9,6,78,186,2017,8,12,5,3,0,2,0,1,0,1,0,0,0,5.89349E+20,5.54992E+21,1.02492E+16,5.00948E+16
89681,9.17081E+18,9,2,79,115,2017,8,19,2,2,8,1,0,0,0,1,0,0,0,7.59218E+20,5.38211E+21,1.2512E+16,4.85385E+16
89682,9.17081E+18,9,1,73,123,2017,8,13,2,2,0,7,0,0,0,1,0,0,0,6.78761E+20,5.30337E+21,1.139E+16,4.78588E+16
89683,9.17081E+18,9,1,90,136,2017,8,15,2,2,4,2,0,1,0,0,0,0,0,6.64427E+20,5.28978E+21,1.11933E+16,4.77405E+16
89684,9.17081E+18,9,1,73,133,2017,8,16,2,2,9,1,0,0,0,1,0,0,0,6.7686E+20,5.27816E+21,1.13543E+16,4.76327E+16
89685,9.17081E+18,9,1,73,133,2017,8,10,2,2,5,3,1,1,0,1,0,0,0,6.76642E+20,5.27873E+21,1.13516E+16,4.76379E+16
89686,9.17081E+18,9,1,73,124,2017,8,15,2,3,0,1,1,0,0,0,0,0,0,6.92205E+20,5.2867E+21,1.15621E+16,4.77051E+16
89687,9.17081E+18,9,1,89,145,2017,8,18,2,3,2,6,0,1,0,0,0,0,0,7.72031E+20,5.30371E+21,1.2635E+16,4.78292E+16
89688,9.17082E+18,9,2,61,0,2017,8,19,1,3,5,3,0,1,0,0,0,0,0,7.32447E+20,5.38274E+21,1.21502E+16,4.85546E+16
89689,9.17082E+18,9,1,90,131,2017,8,21,6,3,7,7,0,1,0,0,0,2,1,6.6209E+20,5.29221E+21,1.11631E+16,4.77629E+16
89690,9.17082E+18,9,2,74,113,2017,8,18,1,3,0,1,1,0,0,0,0,0,0,7.29493E+20,5.38188E+21,1.21098E+16,4.8548E+16
89691,9.17082E+18,9,2,77,145,2017,8,16,6,3,5,3,1,1,0,0,0,0,0,7.98568E+20,5.35363E+21,1.30235E+16,4.82654E+16
89692,9.17082E+18,9,2,79,132,2017,8,15,1,3,8,1,0,1,0,0,0,0,0,7.69101E+20,5.40402E+21,1.26598E+16,4.8731E+16
89693,9.17082E+18,9,3,75,175,2017,8,22,6,2,8,1,0,1,0,0,0,2,1,7.15204E+20,5.43522E+21,1.19443E+16,4.90323E+16
89694,9.17082E+18,9,5,71,136,2017,8,21,6,3,2,6,0,1,0,0,1,2,1,5.96805E+20,5.43649E+21,1.03255E+16,4.90737E+16
89695,9.17082E+18,9,6,78,123,2017,8,22,6,3,8,1,0,1,0,0,0,2,1,5.84788E+20,5.55229E+21,1.0186E+16,5.01168E+16
89696,9.17081E+18,9,1,89,145,2017,8,11,2,3,3,2,0,1,0,0,0,0,0,7.76607E+20,5.30127E+21,1.26945E+16,4.78053E+16
89697,9.17082E+18,9,7,80,144,2017,8,22,6,3,7,7,0,0,0,1,0,2,1,5.87565E+20,5.27846E+21,1.01661E+16,4.76536E+16
89698,9.17081E+18,9,1,83,127,2017,8,9,2,2,5,3,1,0,0,0,0,0,0,7.57602E+20,5.35008E+21,1.24705E+16,4.82515E+16
89699,9.17081E+18,9,1,72,117,2017,8,13,2,2,5,3,1,1,0,0,0,0,0,7.97033E+20,5.28102E+21,1.29528E+16,4.76144E+16
89700,9.17081E+18,9,1,72,114,2017,8,4,2,3,8,1,0,1,0,0,0,2,0,7.85734E+20,5.29066E+21,1.28091E+16,4.77061E+16
89701,9.17081E+18,9,1,72,115,2017,8,17,2,2,2,6,0,1,0,0,0,0,0,7.93207E+20,5.29419E+21,1.29109E+16,4.77344E+16
89702,9.17082E+18,9,1,80,114,2017,8,11,1,3,2,6,0,1,0,0,0,0,0,6.63483E+20,5.27391E+21,1.11748E+16,4.7598E+16
89703,9.17082E+18,9,1,90,132,2017,8,17,1,2,8,7,0,1,0,0,0,0,0,6.75239E+20,5.29354E+21,1.13389E+16,4.77714E+16
89704,9.17082E+18,9,1,90,139,2017,8,18,1,2,2,2,0,1,0,1,0,0,0,6.55633E+20,5.29646E+21,1.10785E+16,4.78027E+16
89705,9.17082E+18,9,1,90,140,2017,8,17,1,2,4,3,0,1,0,0,0,0,0,6.44937E+20,5.29366E+21,1.09348E+16,4.77799E+16
89706,9.17082E+18,9,1,90,141,2017,8,10,1,3,4,5,0,1,0,0,0,0,0,6.782E+20,5.2916E+21,1.13776E+16,4.77531E+16
89707,9.17082E+18,9,1,89,154,2017,8,23,7,3,0,7,1,0,0,0,0,2,0,7.65827E+20,5.31943E+21,1.2562E+16,4.79729E+16
89708,9.17081E+18,9,1,87,129,2017,8,11,2,2,4,6,0,1,0,1,0,0,0,7.25999E+20,5.29862E+21,1.20182E+16,4.78012E+16
89709,9.17081E+18,9,1,87,150,2017,8,16,2,3,5,3,1,0,0,0,0,0,0,7.29242E+20,5.30339E+21,1.2064E+16,4.78429E+16
89710,9.17081E+18,9,1,61,0,2017,8,11,2,3,0,7,0,0,0,0,1,0,0,6.79016E+20,5.40648E+21,1.14371E+16,4.87856E+16
89711,9.17081E+18,9,1,76,126,2017,8,21,2,3,4,6,1,0,0,0,0,2,0,6.72699E+20,5.40608E+21,1.13511E+16,4.87837E+16
89712,9.17081E+18,9,1,61,0,2017,8,12,2,3,0,1,1,0,0,0,0,0,0,6.79696E+20,5.40562E+21,1.1446E+16,4.87776E+16
89713,9.17081E+18,9,1,86,137,2017,8,10,2,3,0,1,1,0,0,0,0,0,0,6.81285E+20,5.3994E+21,1.14649E+16,4.87213E+16
89714,9.17081E+18,9,1,85,158,2017,8,10,2,3,0,7,1,0,0,0,0,0,0,6.65814E+20,5.38167E+21,1.12476E+16,4.85661E+16
89715,9.17081E+18,9,1,85,127,2017,8,17,2,3,5,3,0,1,0,1,0,0,0,6.55102E+20,5.38935E+21,1.11054E+16,4.8638E+16
89716,9.17081E+18,9,1,76,155,2017,8,15,2,2,9,1,0,0,0,0,1,0,0,6.6154E+20,5.42269E+21,1.12058E+16,4.8936E+16
89717,9.17081E+18,9,1,81,113,2017,8,12,2,2,5,3,0,1,0,1,0,0,0,6.3954E+20,5.31038E+21,1.08682E+16,4.79315E+16
89718,9.17081E+18,9,1,88,132,2017,8,17,2,3,5,3,0,1,0,0,0,0,0,6.64976E+20,5.32353E+21,1.12135E+16,4.80437E+16
89719,9.17082E+18,9,1,73,135,2017,8,15,1,2,5,3,0,1,0,1,0,0,0,6.90553E+20,5.27189E+21,1.15337E+16,4.75724E+16
89720,9.17082E+18,9,1,73,135,2017,8,12,1,3,3,6,1,0,0,1,0,0,0,6.94412E+20,5.2813E+21,1.15891E+16,4.76559E+16
89721,9.17082E+18,9,1,89,161,2017,8,16,1,2,2,6,0,1,0,0,0,0,0,7.69639E+20,5.30352E+21,1.2603E+16,4.78284E+16
89722,9.17082E+18,9,1,90,144,2017,8,11,7,3,5,3,0,1,0,0,0,0,1,6.58055E+20,5.30867E+21,1.11153E+16,4.79119E+16
89723,9.17082E+18,9,1,89,113,2017,8,16,1,3,2,6,0,1,0,0,0,0,0,7.69019E+20,5.30345E+21,1.25947E+16,4.78281E+16
89724,9.17082E+18,9,3,61,0,2017,8,22,7,3,5,3,0,1,0,0,0,2,0,7.06032E+20,5.48051E+21,1.18423E+16,4.94423E+16
89725,9.17082E+18,9,1,83,127,2017,8,15,1,3,8,1,0,0,0,1,0,0,0,7.58266E+20,5.35299E+21,1.24812E+16,4.82774E+16
89726,9.17082E+18,9,4,64,0,2017,8,12,7,2,5,3,1,1,0,0,0,0,0,7.06404E+20,5.58138E+21,1.19013E+16,5.03483E+16
89727,9.17081E+18,9,1,88,132,2017,8,19,2,3,5,2,1,1,0,0,0,0,0,6.63362E+20,5.323E+21,1.11917E+16,4.80393E+16
89728,9.17081E+18,9,1,79,121,2017,8,21,2,2,4,2,0,1,0,0,0,2,0,6.68418E+20,5.33803E+21,1.12654E+16,4.81732E+16
89729,9.17081E+18,9,1,74,126,2017,8,10,2,2,0,1,0,0,0,1,0,0,0,6.8425E+20,5.34465E+21,1.1481E+16,4.82283E+16
89730,9.17081E+18,9,1,74,115,2017,8,9,2,3,0,1,1,0,0,0,0,0,0,6.79399E+20,5.34951E+21,1.14178E+16,4.82734E+16
89731,9.17081E+18,9,1,74,113,2017,8,18,2,2,5,3,1,1,0,0,0,0,0,6.7332E+20,5.34781E+21,1.13353E+16,4.82597E+16
89732,9.17081E+18,9,1,74,115,2017,8,16,2,3,1,5,1,1,0,0,0,0,0,6.81147E+20,5.3473E+21,1.14404E+16,4.8253E+16
89733,9.17081E+18,9,1,77,135,2017,8,14,2,2,4,6,0,1,0,1,0,0,0,7.18561E+20,5.34591E+21,1.19431E+16,4.82287E+16
89734,9.17081E+18,9,1,62,0,2017,8,22,1,3,1,5,0,1,0,0,0,2,0,6.88343E+20,5.3402E+21,1.15341E+16,4.81871E+16
89735,9.17081E+18,9,7,78,123,2017,8,10,1,2,1,6,0,1,0,0,0,0,0,5.85707E+20,5.31717E+21,1.0149E+16,4.80021E+16
89736,9.17081E+18,9,7,75,152,2017,8,16,1,3,2,6,0,1,0,0,0,0,0,5.78416E+20,5.35106E+21,1.00575E+16,4.83078E+16
89737,9.17082E+18,9,1,87,129,2017,8,14,6,3,2,6,0,1,0,0,0,0,0,7.25938E+20,5.29961E+21,1.20179E+16,4.78101E+16
89738,9.17082E+18,9,1,87,114,2017,8,9,1,3,2,6,0,1,0,0,0,0,0,7.4789E+20,5.29837E+21,1.231E+16,4.77909E+16
89739,9.17082E+18,9,1,89,145,2017,8,16,6,3,5,3,0,1,0,0,0,0,0,7.73004E+20,5.30395E+21,1.26481E+16,4.78309E+16
89740,9.17082E+18,9,1,87,157,2017,8,15,1,3,0,6,1,0,0,1,0,0,0,7.30829E+20,5.28433E+21,1.20751E+16,4.76712E+16
89741,9.17082E+18,9,2,75,145,2017,8,19,6,3,9,1,0,1,0,0,0,0,0,8.22774E+20,5.3757E+21,1.33657E+16,4.84515E+16
89742,9.17082E+18,9,1,85,127,2017,8,12,1,2,9,1,0,0,0,1,0,0,0,6.55582E+20,5.39027E+21,1.11122E+16,4.86461E+16
89743,9.17081E+18,9,7,75,161,2017,8,13,1,2,9,1,0,0,0,1,0,0,0,5.87355E+20,5.33961E+21,1.01757E+16,4.82037E+16
89744,9.17082E+18,9,2,71,135,2017,8,8,6,3,2,6,0,1,0,0,0,0,0,7.90027E+20,5.40615E+21,1.29452E+16,4.87408E+16
89745,9.17081E+18,9,7,80,131,2017,8,15,1,3,8,1,0,0,0,1,0,0,0,5.91403E+20,5.25464E+21,1.02122E+16,4.74388E+16
89746,9.17082E+18,9,4,74,129,2017,8,14,6,2,0,6,0,1,0,1,1,0,0,6.67894E+20,5.51756E+21,1.13325E+16,4.9787E+16
89747,9.17081E+18,9,7,78,203,2017,8,18,1,3,2,1,0,1,0,0,1,0,0,6.20676E+20,5.32196E+21,1.0619E+16,4.80395E+16
89748,9.17082E+18,9,5,76,151,2017,8,19,6,2,9,1,0,1,0,0,0,0,1,6.5533E+20,5.47164E+21,1.114E+16,4.93776E+16
89749,9.17081E+18,9,7,72,223,2017,8,15,1,3,2,6,0,1,0,0,0,0,0,6.19135E+20,5.36311E+21,1.06099E+16,4.84099E+16
89750,9.17081E+18,9,6,75,141,2017,8,5,1,3,3,7,0,1,0,0,0,2,0,5.85456E+20,5.51569E+21,1.01872E+16,4.97876E+16
89751,9.17081E+18,9,6,77,129,2017,8,17,1,3,0,6,0,1,0,1,0,0,0,5.29079E+20,5.54803E+21,9.40646E+15,5.00838E+16
89752,9.17081E+18,9,6,75,117,2017,8,18,1,2,2,2,0,1,0,0,0,0,0,5.83595E+20,5.51709E+21,1.01616E+16,4.98004E+16
89753,9.17081E+18,9,6,75,174,2017,8,22,1,3,5,3,1,1,0,0,0,2,0,5.87515E+20,5.52423E+21,1.02177E+16,4.98641E+16
89754,9.17081E+18,9,6,78,138,2017,8,14,1,3,2,6,0,1,0,0,0,0,0,5.99437E+20,5.54017E+21,1.03877E+16,5.00056E+16
89755,9.17081E+18,9,6,73,149,2017,8,16,1,3,8,1,0,0,0,1,0,0,0,5.73696E+20,5.59068E+21,1.00383E+16,5.04635E+16
89756,9.17082E+18,9,1,86,139,2017,8,13,1,3,9,7,0,1,0,0,0,0,0,6.96632E+20,5.40388E+21,1.16755E+16,4.87569E+16
89757,9.17082E+18,9,1,86,116,2017,8,9,1,2,3,6,1,1,0,0,0,0,0,6.88661E+20,5.40052E+21,1.15656E+16,4.87291E+16
89758,9.17082E+18,9,1,76,123,2017,8,15,1,3,8,7,1,0,0,0,0,0,0,6.57995E+20,5.41889E+21,1.1156E+16,4.89028E+16
89759,9.17082E+18,9,1,74,115,2017,8,5,1,3,9,1,0,1,0,0,0,1,0,6.85507E+20,5.34757E+21,1.14992E+16,4.82541E+16
89760,9.17082E+18,9,1,77,133,2017,8,10,1,3,4,1,0,1,0,0,0,0,0,7.09821E+20,5.35997E+21,1.18326E+16,4.8358E+16
89761,9.17082E+18,9,1,75,132,2017,8,18,1,3,5,3,0,1,0,1,0,0,0,7.07246E+20,5.33027E+21,1.17833E+16,4.8092E+16
89762,9.17082E+18,9,1,77,117,2017,8,12,1,3,5,3,1,0,0,1,0,0,0,7.14488E+20,5.35543E+21,1.18932E+16,4.83157E+16
89763,9.17082E+18,9,7,75,135,2017,8,10,7,3,4,6,0,1,0,0,0,0,0,5.80169E+20,5.3623E+21,1.00833E+16,4.84088E+16
89764,9.17082E+18,9,1,87,137,2017,8,0,7,3,9,1,0,1,0,0,0,2,1,7.26884E+20,5.30886E+21,1.20354E+16,4.78929E+16
89765,9.17082E+18,9,7,75,129,2017,8,12,7,3,5,3,0,0,0,1,1,0,0,5.81924E+20,5.34176E+21,1.0103E+16,4.82238E+16
89766,9.17082E+18,9,2,62,0,2017,8,0,7,3,8,6,0,1,0,1,0,2,1,8.27936E+20,5.3913E+21,1.34476E+16,4.85888E+16
89767,9.17081E+18,9,6,73,116,2017,8,14,1,3,7,7,0,0,0,1,0,0,0,5.8321E+20,5.58196E+21,1.01704E+16,5.03838E+16
89768,9.17081E+18,9,6,71,160,2017,8,19,1,3,8,1,0,0,0,1,0,0,1,5.27398E+20,5.52686E+21,9.38146E+15,4.98935E+16
89769,9.17081E+18,9,5,76,151,2017,8,19,1,3,1,6,0,1,0,0,0,0,0,6.52186E+20,5.46828E+21,1.10954E+16,4.93483E+16
89770,9.17081E+18,9,5,76,122,2017,8,8,1,3,8,7,0,1,0,0,0,0,0,6.6695E+20,5.44011E+21,1.12868E+16,4.90912E+16
89771,9.17081E+18,9,3,73,140,2017,8,17,1,2,9,1,0,1,0,0,0,0,0,6.84356E+20,5.47595E+21,1.15415E+16,4.94083E+16
89772,9.17081E+18,9,5,74,152,2017,8,13,1,3,2,6,0,1,0,0,0,0,0,6.60326E+20,5.48158E+21,1.12128E+16,4.94657E+16
89773,9.17081E+18,9,5,72,121,2017,8,10,1,2,0,1,1,0,0,0,0,0,1,6.59451E+20,5.49432E+21,1.12058E+16,4.95804E+16
89774,9.17081E+18,9,5,64,0,2017,8,8,1,3,5,3,1,1,0,0,0,0,0,6.47739E+20,5.47402E+21,1.10363E+16,4.9401E+16
89775,9.17081E+18,9,5,77,149,2017,8,19,1,3,5,3,0,1,0,0,0,0,0,6.35174E+20,5.43053E+21,1.08486E+16,4.90129E+16
89776,9.17081E+18,9,4,72,115,2017,8,14,1,3,5,3,0,1,0,0,0,0,1,6.61285E+20,5.52799E+21,1.12451E+16,4.98826E+16
89777,9.17082E+18,9,7,80,119,2017,8,15,7,3,2,6,0,1,0,0,0,0,0,5.96921E+20,5.2969E+21,1.02947E+16,4.78182E+16
89778,9.17082E+18,9,1,78,143,2017,8,21,6,3,2,6,0,1,0,0,0,2,0,7.16656E+20,5.37201E+21,1.19309E+16,4.84639E+16
89779,9.17082E+18,9,7,76,124,2017,8,18,7,2,8,1,0,1,0,1,0,0,0,5.72932E+20,5.27717E+21,9.97103E+15,4.76438E+16
89780,9.17082E+18,9,1,86,152,2017,8,6,6,3,5,2,0,1,0,0,0,1,0,6.91078E+20,5.37573E+21,1.1587E+16,4.85056E+16
89781,9.17082E+18,9,7,76,126,2017,8,16,7,2,8,1,0,0,0,1,0,0,0,5.61263E+20,5.27141E+21,9.81488E+15,4.75932E+16
89782,9.17082E+18,9,1,71,122,2017,8,22,6,3,7,7,0,1,0,0,0,2,1,7.70423E+20,5.33516E+21,1.26333E+16,4.81122E+16
89783,9.17082E+18,9,7,79,111,2017,8,9,7,3,5,3,0,1,0,0,0,0,0,6.19719E+20,5.41048E+21,1.06315E+16,4.88358E+16
89784,9.17081E+18,9,4,72,138,2017,8,12,1,2,8,1,0,1,0,0,0,0,0,7.0405E+20,5.54243E+21,1.18474E+16,4.99992E+16
89785,9.17082E+18,9,1,73,123,2017,8,21,6,3,7,7,0,0,0,1,0,2,1,6.79538E+20,5.29607E+21,1.13973E+16,4.7793E+16
89786,9.17082E+18,9,7,72,179,2017,8,14,7,3,2,6,1,0,0,0,0,0,0,6.17401E+20,5.33767E+21,1.05794E+16,4.81814E+16
89787,9.17081E+18,9,4,74,140,2017,8,3,1,3,8,1,0,1,0,0,0,2,1,6.59497E+20,5.50119E+21,1.12093E+16,4.96422E+16
89788,9.17082E+18,9,2,77,128,2017,8,10,6,3,2,6,0,1,0,0,0,0,0,7.97028E+20,5.3519E+21,1.30016E+16,4.82506E+16
89789,9.17081E+18,9,3,62,0,2017,8,14,1,3,8,7,0,1,0,0,0,1,0,7.24292E+20,5.43413E+21,1.20679E+16,4.90192E+16
89790,9.17081E+18,9,3,75,170,2017,8,21,1,2,9,6,0,0,0,1,0,2,0,7.38358E+20,5.42733E+21,1.2256E+16,4.89529E+16
89791,9.17082E+18,9,3,73,147,2017,8,13,6,2,2,6,0,1,0,0,0,0,0,6.85361E+20,5.46427E+21,1.15499E+16,4.9303E+16
89792,9.17081E+18,9,3,73,114,2017,8,23,1,2,0,1,1,0,0,0,0,2,0,6.75332E+20,5.4585E+21,1.14095E+16,4.92541E+16
89793,9.17081E+18,9,3,76,153,2017,8,15,1,3,9,7,0,1,0,0,0,0,1,7.27801E+20,5.4871E+21,1.21459E+16,4.94938E+16
89794,9.17081E+18,9,2,78,139,2017,8,5,1,3,2,6,0,1,0,0,1,1,1,7.71396E+20,5.42651E+21,1.27058E+16,4.8932E+16
89795,9.17082E+18,9,1,62,0,2017,8,16,2,3,4,6,1,1,0,0,0,0,0,6.88062E+20,5.34023E+21,1.15304E+16,4.81874E+16
89796,9.17082E+18,9,1,82,134,2017,8,18,3,3,2,6,0,1,0,0,0,0,0,7.03948E+20,5.29625E+21,1.1723E+16,4.77873E+16
89797,9.17082E+18,9,1,82,119,2017,8,4,3,2,9,1,0,1,0,0,0,2,1,7.14862E+20,5.29391E+21,1.18674E+16,4.77627E+16
89798,9.17082E+18,9,1,76,114,2017,8,17,3,3,0,3,0,1,0,0,0,0,0,6.80308E+20,5.43425E+21,1.1467E+16,4.90348E+16
89799,9.17082E+18,9,1,84,127,2017,8,17,2,3,4,6,0,1,0,1,0,0,0,7.05302E+20,5.32155E+21,1.17531E+16,4.80142E+16
89800,9.17082E+18,9,1,84,114,2017,8,17,2,3,4,2,0,1,0,0,0,0,0,7.02661E+20,5.3181E+21,1.17161E+16,4.79841E+16
89801,9.17082E+18,9,1,79,142,2017,8,17,3,1,4,6,0,1,0,0,1,0,0,6.71182E+20,5.34151E+21,1.1304E+16,4.82037E+16
89802,9.17082E+18,9,7,77,168,2017,8,14,5,3,0,2,0,0,0,1,1,0,0,6.15379E+20,5.27897E+21,1.05365E+16,4.76539E+16
89803,9.17082E+18,9,7,77,125,2017,8,17,5,2,2,6,0,1,0,1,0,0,0,6.20824E+20,5.27541E+21,1.0608E+16,4.76208E+16
89804,9.17082E+18,9,7,79,169,2017,8,8,5,2,5,3,0,1,0,0,0,0,0,6.33825E+20,5.40705E+21,1.08225E+16,4.88021E+16
89805,9.17082E+18,9,1,82,125,2017,8,9,3,2,6,2,0,1,1,0,0,0,0,7.1262E+20,5.29674E+21,1.18389E+16,4.77889E+16
89806,9.17082E+18,9,1,76,143,2017,8,9,3,3,5,3,1,1,0,0,0,0,0,6.80561E+20,5.40958E+21,1.14595E+16,4.88129E+16
89807,9.17082E+18,9,1,84,147,2017,8,11,3,3,2,6,0,0,0,0,1,0,0,6.99841E+20,5.34136E+21,1.16892E+16,4.8194E+16
89808,9.17082E+18,9,1,88,121,2017,8,19,3,3,5,3,0,1,0,0,0,0,0,6.7195E+20,5.32972E+21,1.13095E+16,4.80976E+16
89809,9.17082E+18,9,1,87,170,2017,8,7,3,3,4,6,0,1,0,1,0,0,0,7.34702E+20,5.31933E+21,1.21455E+16,4.79842E+16
89810,9.17082E+18,9,1,77,113,2017,8,20,3,2,5,3,0,1,0,1,0,0,0,7.2039E+20,5.3568E+21,1.19734E+16,4.8326E+16
89811,9.17082E+18,9,7,73,182,2017,8,16,5,2,2,6,0,1,0,0,0,0,0,6.3029E+20,5.37683E+21,1.07648E+16,4.85311E+16
89812,9.17082E+18,9,7,72,186,2017,8,19,5,3,4,2,0,1,0,1,0,0,0,6.37755E+20,5.34413E+21,1.08552E+16,4.82354E+16
89813,9.17082E+18,9,7,72,163,2017,8,15,5,3,0,1,0,0,0,1,0,0,0,6.41398E+20,5.34707E+21,1.09052E+16,4.82611E+16