OBJECTID,UIDENTSTLA,ULAND,UREGBEZ,UKREIS,UGEMEINDE,UJAHR,UMONAT,USTUNDE,UWOCHENTAG,UKATEGORIE,UART,UTYP1,IstRad,IstPKW,IstFuss,IstKrad,IstSonstig,LICHT,STRZUSTAND,LINREFX,LINREFY,XGCSWGS84,YGCSWGS84
89814,9.17082E+18,9,7,71,149,2017,8,8,5,1,5,2,0,1,0,1,0,0,0,6.53031E+20,5.3643E+21,1.10681E+16,4.84133E+16
89815,9.17082E+18,9,6,79,175,2017,8,18,5,2,8,1,0,0,0,1,0,0,0,5.69587E+20,5.51294E+21,9.96627E+15,4.97649E+16
89816,9.17082E+18,9,6,79,193,2017,8,14,5,3,9,1,0,1,0,0,0,0,0,5.73007E+20,5.51178E+21,1.00135E+16,4.9754E+16
89817,9.17082E+18,9,6,75,141,2017,8,8,5,2,5,3,0,1,0,0,1,0,0,5.84679E+20,5.51107E+21,1.01754E+16,4.97461E+16
89818,9.17082E+18,9,6,74,147,2017,8,18,5,3,4,6,0,1,0,1,0,0,0,6.11107E+20,5.54446E+21,1.05517E+16,5.00421E+16
89819,9.17082E+18,9,6,73,113,2017,8,16,5,2,5,3,0,1,0,0,0,0,0,6.02094E+20,5.57681E+21,1.04346E+16,5.03345E+16
89820,9.17082E+18,9,6,78,186,2017,8,15,5,3,9,1,0,0,0,1,0,0,0,5.90658E+20,5.55079E+21,1.02677E+16,5.01024E+16
89821,9.17082E+18,9,6,71,150,2017,8,13,5,3,0,6,0,1,0,0,0,0,0,5.17529E+20,5.53845E+21,9.24458E+15,4.99981E+16
89822,9.17082E+18,9,6,71,136,2017,8,17,5,3,2,6,0,1,0,0,0,0,0,5.0486E+20,5.5376E+21,9.0678E+15,4.99907E+16
89823,9.17082E+18,9,6,76,125,2017,8,7,5,3,4,1,0,1,0,0,1,0,0,5.16714E+20,5.50719E+21,9.23185E+15,4.9717E+16
89824,9.17082E+18,9,6,71,121,2017,8,20,5,3,4,2,0,1,0,0,0,1,0,5.12332E+20,5.5378E+21,9.17204E+15,4.99924E+16
89825,9.17082E+18,9,6,61,0,2017,8,9,5,3,6,4,0,1,1,0,0,0,0,5.1111E+20,5.53601E+21,9.15494E+15,4.99763E+16
89826,9.17082E+18,9,6,71,143,2017,8,16,5,3,0,1,0,0,0,1,0,0,0,5.11029E+20,5.54366E+21,9.15404E+15,5.00451E+16
89827,9.17082E+18,9,5,64,0,2017,8,13,5,2,8,1,0,1,0,0,0,0,0,6.46032E+20,5.48107E+21,1.10154E+16,4.94647E+16
89828,9.17082E+18,9,5,72,142,2017,8,7,5,3,5,3,1,1,0,0,0,0,0,6.44669E+20,5.50049E+21,1.10038E+16,4.96396E+16
89829,9.17082E+18,9,5,74,120,2017,8,17,5,1,4,2,0,0,0,1,1,0,0,6.7725E+20,5.48234E+21,1.14465E+16,4.94678E+16
89830,9.17082E+18,9,5,63,0,2017,8,7,5,3,5,3,1,1,0,0,0,0,0,6.43589E+20,5.48496E+21,1.09831E+16,4.95002E+16
89831,9.17082E+18,9,5,64,0,2017,8,12,5,3,5,3,1,1,0,0,0,0,0,6.47637E+20,5.47466E+21,1.10352E+16,4.94067E+16
89832,9.17082E+18,9,5,73,114,2017,8,22,5,3,9,1,0,1,0,0,0,2,0,6.37565E+20,5.48047E+21,1.08984E+16,4.94613E+16
89833,9.17082E+18,9,5,71,198,2017,8,12,5,2,9,1,0,0,0,1,0,0,0,5.95659E+20,5.46087E+21,1.03156E+16,4.92931E+16
89834,9.17082E+18,9,5,71,188,2017,8,13,5,3,2,2,0,1,0,0,1,0,0,5.87477E+20,5.48234E+21,1.02078E+16,4.94874E+16
89835,9.17082E+18,9,5,75,116,2017,8,18,5,2,5,3,0,1,0,0,0,0,0,6.11252E+20,5.51127E+21,1.05442E+16,4.97436E+16
89836,9.17082E+18,9,5,75,161,2017,8,13,5,3,8,1,0,1,0,0,0,0,0,6.05409E+20,5.50522E+21,1.04615E+16,4.96903E+16
89837,9.17082E+18,9,5,71,226,2017,8,13,5,3,5,3,1,1,0,0,0,0,0,6.34601E+20,5.45253E+21,1.08481E+16,4.92107E+16
89838,9.17082E+18,9,5,71,128,2017,8,6,5,2,8,7,0,1,0,0,0,1,0,6.07469E+20,5.44433E+21,1.04735E+16,4.91424E+16
89839,9.17082E+18,9,5,75,143,2017,8,14,5,3,2,2,0,1,0,0,0,0,0,5.98134E+20,5.48048E+21,1.03545E+16,4.9469E+16
89840,9.17082E+18,9,4,75,156,2017,8,19,5,3,0,1,1,0,0,0,0,0,0,6.92223E+20,5.5814E+21,1.17022E+16,5.03532E+16
89841,9.17082E+18,9,4,75,120,2017,8,19,5,3,4,6,0,1,0,0,1,1,0,7.09787E+20,5.5745E+21,1.19449E+16,5.02853E+16
89842,9.17082E+18,9,4,75,168,2017,8,12,5,3,5,3,0,1,0,0,0,0,0,7.0977E+20,5.56608E+21,1.194E+16,5.02096E+16
89843,9.17082E+18,9,4,75,162,2017,8,9,5,3,4,6,0,1,0,0,0,0,0,7.16963E+20,5.57198E+21,1.20441E+16,5.026E+16
89844,9.17082E+18,9,4,78,145,2017,8,5,5,3,5,3,0,1,0,0,0,2,0,6.50055E+20,5.55902E+21,1.1101E+16,5.01644E+16
89845,9.17082E+18,9,4,72,119,2017,8,18,5,2,0,7,1,0,0,0,0,0,0,6.87025E+20,5.54079E+21,1.16092E+16,4.99901E+16
89846,9.17082E+18,9,4,72,179,2017,8,17,5,3,0,1,0,0,0,1,0,0,0,6.71102E+20,5.51874E+21,1.13776E+16,4.97967E+16
89847,9.17082E+18,9,4,74,126,2017,8,15,5,3,3,2,0,1,0,1,0,0,0,6.49227E+20,5.50935E+21,1.10702E+16,4.97182E+16
89848,9.17082E+18,9,4,74,147,2017,8,17,5,3,8,1,0,0,0,1,0,0,0,6.58733E+20,5.50839E+21,1.12016E+16,4.97071E+16
89849,9.17082E+18,9,4,74,176,2017,8,14,5,2,0,1,1,0,0,0,0,0,0,6.62808E+20,5.51728E+21,1.12618E+16,4.97859E+16
89850,9.17082E+18,9,4,71,220,2017,8,14,5,3,0,6,0,1,0,1,0,0,0,6.16299E+20,5.51296E+21,1.06147E+16,4.97579E+16
89851,9.17082E+18,9,4,71,220,2017,8,8,5,3,0,1,0,0,0,1,0,0,0,6.18948E+20,5.51568E+21,1.06523E+16,4.97818E+16
89852,9.17082E+18,9,3,74,157,2017,8,14,5,2,2,6,0,1,0,0,0,0,0,7.03037E+20,5.51848E+21,1.18207E+16,4.97845E+16
89853,9.17082E+18,9,3,62,0,2017,8,20,5,3,4,6,1,0,0,0,0,2,0,7.29239E+20,5.43171E+21,1.21341E+16,4.89957E+16
89854,9.17082E+18,9,3,75,196,2017,8,17,5,3,4,2,0,1,0,1,0,0,0,7.33206E+20,5.41415E+21,1.21782E+16,4.88365E+16
89855,9.17082E+18,9,3,72,153,2017,8,9,5,3,2,5,0,1,0,0,1,0,0,7.56648E+20,5.45601E+21,1.25235E+16,4.9203E+16
89856,9.17082E+18,9,3,75,190,2017,8,5,5,3,4,2,0,1,0,0,0,1,0,7.26505E+20,5.44543E+21,1.21044E+16,4.91199E+16
89857,9.17082E+18,9,3,75,190,2017,8,17,5,3,1,6,0,1,0,0,0,0,0,7.25522E+20,5.44506E+21,1.20908E+16,4.91169E+16
89858,9.17082E+18,9,3,62,0,2017,8,16,5,3,2,6,0,1,0,0,0,0,0,7.31697E+20,5.43323E+21,1.21685E+16,4.90084E+16
89859,9.17082E+18,9,3,73,147,2017,8,9,5,3,0,4,0,1,1,0,0,0,0,6.76854E+20,5.46255E+21,1.14322E+16,4.92901E+16
89860,9.17082E+18,9,3,73,147,2017,8,16,5,3,5,3,0,1,0,0,1,0,0,6.80605E+20,5.45903E+21,1.14822E+16,4.92574E+16
89861,9.17082E+18,9,3,72,116,2017,8,20,5,3,9,1,0,1,0,0,0,1,0,7.67743E+20,5.45898E+21,1.26775E+16,4.9225E+16
89862,9.17082E+18,9,3,72,164,2017,8,11,5,2,3,3,0,1,0,0,1,0,0,7.65973E+20,5.4535E+21,1.26496E+16,4.91766E+16
89863,9.17082E+18,9,3,76,149,2017,8,13,5,3,5,3,0,1,0,1,0,0,0,7.37004E+20,5.45476E+21,1.22536E+16,4.91998E+16
89864,9.17082E+18,9,2,76,135,2017,8,18,5,3,5,3,0,1,0,0,0,0,0,7.77034E+20,5.44785E+21,1.27972E+16,4.9121E+16
89865,9.17082E+18,9,2,71,128,2017,8,16,5,1,4,6,0,1,0,0,1,0,0,8.01244E+20,5.39869E+21,1.30919E+16,4.86685E+16
89866,9.17082E+18,9,2,71,146,2017,8,12,5,3,0,1,0,1,0,0,0,0,0,7.8497E+20,5.41049E+21,1.28796E+16,4.87821E+16
89867,9.17082E+18,9,2,75,112,2017,8,15,5,3,4,7,0,1,0,0,0,0,0,8.01141E+20,5.38725E+21,1.30823E+16,4.85659E+16
89868,9.17082E+18,9,2,75,112,2017,8,12,5,2,4,6,0,1,0,0,0,0,0,8.02481E+20,5.38836E+21,1.31012E+16,4.85752E+16
89869,9.17082E+18,9,2,77,138,2017,8,12,5,3,8,1,0,0,0,1,0,0,0,7.94715E+20,5.37155E+21,1.29843E+16,4.8428E+16
89870,9.17082E+18,9,2,75,116,2017,8,11,5,3,2,6,0,1,0,0,0,0,0,8.1916E+20,5.36651E+21,1.331E+16,4.8371E+16
89871,9.17082E+18,9,2,75,149,2017,8,18,5,3,9,1,0,0,0,1,0,0,0,8.15279E+20,5.37484E+21,1.3264E+16,4.84476E+16
89872,9.17082E+18,9,2,74,128,2017,8,12,5,2,5,3,0,1,0,1,0,0,0,7.36535E+20,5.39206E+21,1.22108E+16,4.86368E+16
89873,9.17082E+18,9,1,90,157,2017,8,10,5,3,0,3,0,1,0,1,0,0,0,6.60959E+20,5.30166E+21,1.11515E+16,4.78481E+16
89874,9.17082E+18,9,1,90,130,2017,8,15,5,3,9,7,0,1,0,0,0,0,0,6.48908E+20,5.2961E+21,1.09886E+16,4.78011E+16
89875,9.17082E+18,9,1,73,133,2017,8,18,5,2,2,5,0,1,0,0,0,0,0,6.77256E+20,5.27936E+21,1.13601E+16,4.76434E+16
89876,9.17082E+18,9,1,83,116,2017,8,17,5,3,4,2,0,1,0,0,0,0,0,7.63587E+20,5.35293E+21,1.25527E+16,4.82746E+16
89877,9.17082E+18,9,1,72,114,2017,8,17,5,3,0,7,1,0,0,0,0,0,0,7.89764E+20,5.29265E+21,1.2864E+16,4.77221E+16
89878,9.17082E+18,9,1,89,145,2017,8,6,5,3,5,3,1,1,0,0,0,1,0,7.72816E+20,5.30064E+21,1.26435E+16,4.78013E+16
89879,9.17082E+18,9,1,89,154,2017,8,17,5,3,5,3,0,1,0,0,1,0,0,7.68503E+20,5.31876E+21,1.25973E+16,4.79657E+16
89880,9.17082E+18,9,1,83,114,2017,8,19,5,3,8,1,1,0,0,0,0,0,0,7.4258E+20,5.35621E+21,1.22719E+16,4.83125E+16
89881,9.17082E+18,9,1,71,113,2017,8,12,5,3,5,3,0,1,0,0,1,0,0,7.79538E+20,5.33991E+21,1.27587E+16,4.81509E+16
89882,9.17082E+18,9,1,71,130,2017,8,18,5,3,5,3,0,1,0,1,0,0,0,7.85918E+20,5.3519E+21,1.28523E+16,4.82557E+16
89883,9.17082E+18,9,1,87,132,2017,8,11,5,3,1,6,0,1,0,0,0,0,0,7.42649E+20,5.29894E+21,1.22404E+16,4.7798E+16
89884,9.17082E+18,9,1,87,165,2017,8,14,5,3,2,6,0,1,0,0,0,0,0,7.29457E+20,5.30023E+21,1.20652E+16,4.78145E+16
89885,9.17082E+18,9,1,87,114,2017,8,11,5,3,2,6,0,1,0,1,0,0,0,7.45923E+20,5.28877E+21,1.22783E+16,4.77054E+16
89886,9.17082E+18,9,1,82,116,2017,8,11,5,3,0,1,1,0,0,0,0,0,0,7.04016E+20,5.29199E+21,1.17219E+16,4.7749E+16
89887,9.17082E+18,9,1,82,116,2017,8,11,5,3,0,1,1,0,0,0,0,0,0,7.04016E+20,5.29199E+21,1.17219E+16,4.7749E+16
89888,9.17082E+18,9,1,87,122,2017,8,18,5,3,5,3,1,0,0,0,1,0,0,7.17676E+20,5.30717E+21,1.19115E+16,4.78809E+16
89889,9.17082E+18,9,1,76,120,2017,8,7,5,3,8,7,0,1,0,0,0,0,0,6.80816E+20,5.41844E+21,1.14669E+16,4.88925E+16
89890,9.17082E+18,9,1,76,123,2017,8,17,5,3,8,1,0,1,0,0,0,0,0,6.67529E+20,5.40979E+21,1.12822E+16,4.88185E+16
89891,9.17082E+18,9,1,76,123,2017,8,20,5,3,9,1,0,1,0,0,0,2,0,6.62328E+20,5.41594E+21,1.12139E+16,4.88752E+16
89892,9.17082E+18,9,1,76,114,2017,8,17,5,2,0,1,0,0,0,1,0,0,0,6.82161E+20,5.43566E+21,1.14929E+16,4.90469E+16
89893,9.17082E+18,9,1,86,122,2017,8,13,5,3,2,6,0,1,0,0,0,0,0,6.88046E+20,5.39761E+21,1.15559E+16,4.87032E+16
89894,9.17082E+18,9,1,79,123,2017,8,13,5,3,0,6,0,1,0,1,0,0,0,6.77837E+20,5.33217E+21,1.13895E+16,4.81179E+16
89895,9.17082E+18,9,1,88,141,2017,8,15,5,3,1,1,0,1,0,0,0,0,0,6.70176E+20,5.30833E+21,1.12772E+16,4.79057E+16
89896,9.17082E+18,9,1,88,139,2017,8,12,5,2,6,4,0,1,1,0,0,0,0,6.74781E+20,5.3191E+21,1.13432E+16,4.80012E+16
89897,9.17082E+18,9,1,77,115,2017,8,6,5,2,5,3,0,1,0,1,0,0,0,7.31629E+20,5.35303E+21,1.21227E+16,4.8288E+16
89898,9.17082E+18,9,1,62,0,2017,8,12,4,3,5,3,0,1,0,0,0,0,0,6.87373E+20,5.33262E+21,1.15178E+16,4.81192E+16
89899,9.17082E+18,9,7,78,218,2017,8,10,4,2,2,6,0,1,0,0,0,0,0,5.93021E+20,5.30559E+21,1.02445E+16,4.78969E+16
89900,9.17082E+18,9,7,75,135,2017,8,9,4,3,8,1,0,0,0,0,1,0,0,5.80354E+20,5.35543E+21,1.00845E+16,4.83469E+16
89901,9.17082E+18,9,7,74,144,2017,8,9,4,3,3,6,0,1,0,0,1,0,0,6.08299E+20,5.36326E+21,1.04636E+16,4.84131E+16
89902,9.17082E+18,9,7,75,135,2017,8,21,4,3,2,6,0,1,0,0,1,2,0,5.76694E+20,5.3598E+21,1.00359E+16,4.83867E+16
89903,9.17082E+18,9,7,74,185,2017,8,13,4,3,5,3,0,1,0,0,0,0,0,6.09232E+20,5.34826E+21,1.04723E+16,4.82781E+16
89904,9.17082E+18,9,7,74,198,2017,8,12,4,3,2,7,0,1,0,1,0,0,0,6.12492E+20,5.34743E+21,1.0516E+16,4.82701E+16
89905,9.17082E+18,9,7,80,119,2017,8,16,4,2,4,2,1,1,0,0,0,0,0,5.95858E+20,5.29494E+21,1.02801E+16,4.78007E+16
89906,9.17082E+18,9,7,80,132,2017,8,17,4,3,2,2,0,1,0,1,0,0,0,5.80019E+20,5.26737E+21,1.00636E+16,4.75548E+16
89907,9.17082E+18,9,7,80,145,2017,8,14,4,3,4,6,0,1,0,0,0,0,0,6.06784E+20,5.27079E+21,1.04201E+16,4.75817E+16
89908,9.17082E+18,9,7,73,153,2017,8,18,4,2,8,1,0,1,0,0,0,0,0,5.96529E+20,5.38294E+21,1.03091E+16,4.85921E+16
89909,9.17082E+18,9,7,73,144,2017,8,21,4,2,4,2,0,1,0,1,0,2,0,6.05227E+20,5.38032E+21,1.04264E+16,4.85671E+16
89910,9.17082E+18,9,7,72,223,2017,8,0,4,2,1,5,0,1,0,0,1,2,0,6.22166E+20,5.36342E+21,1.06509E+16,4.84121E+16
89911,9.17082E+18,9,7,72,178,2017,8,16,4,3,9,1,0,0,0,1,0,0,0,6.22742E+20,5.3446E+21,1.06532E+16,4.82427E+16
89912,9.17082E+18,9,7,71,130,2017,8,7,4,3,2,6,0,1,0,0,0,0,0,6.47238E+20,5.35728E+21,1.09874E+16,4.83515E+16
89913,9.17082E+18,9,7,72,163,2017,8,7,4,3,2,7,0,1,0,0,1,0,0,6.39685E+20,5.34608E+21,1.08818E+16,4.82525E+16
89914,9.17082E+18,9,7,61,0,2017,8,13,4,3,0,7,0,0,0,0,1,0,0,6.43249E+20,5.35786E+21,1.09338E+16,4.83577E+16
89915,9.17082E+18,9,7,61,0,2017,8,13,4,3,3,6,0,1,0,1,0,0,0,6.3752E+20,5.35232E+21,1.08547E+16,4.83091E+16
89916,9.17082E+18,9,6,79,209,2017,8,13,4,1,4,6,0,1,0,1,1,0,0,5.61779E+20,5.51573E+21,9.85832E+15,4.97908E+16
89917,9.17082E+18,9,6,79,154,2017,8,7,4,3,8,1,0,1,0,0,0,0,0,5.62928E+20,5.50973E+21,9.87331E+15,4.97368E+16
89918,9.17082E+18,9,6,63,0,2017,8,7,4,3,1,6,0,1,0,0,1,0,0,5.67299E+20,5.51297E+21,9.93453E+15,4.97655E+16
89919,9.17082E+18,9,6,63,0,2017,8,7,4,3,3,6,0,1,0,0,1,0,0,5.67303E+20,5.51296E+21,9.93457E+15,4.97654E+16
89920,9.17082E+18,9,6,63,0,2017,8,12,4,3,3,6,0,1,0,0,1,0,0,5.6772E+20,5.5137E+21,9.94049E+15,4.9772E+16
89921,9.17082E+18,9,6,72,140,2017,8,8,4,3,4,2,0,1,0,1,0,0,0,5.81064E+20,5.55334E+21,1.01341E+16,5.01268E+16
89922,9.17082E+18,9,6,62,0,2017,8,17,4,2,5,3,0,1,0,0,0,0,0,5.88117E+20,5.54616E+21,1.02311E+16,5.00612E+16
89923,9.17082E+18,9,5,72,115,2017,8,10,4,3,2,6,0,1,0,0,0,0,0,6.46985E+20,5.50255E+21,1.10366E+16,4.96576E+16
89924,9.17082E+18,9,5,72,132,2017,8,8,4,3,4,6,0,1,0,0,0,0,0,6.3336E+20,5.49076E+21,1.08439E+16,4.95548E+16
89925,9.17082E+18,9,5,64,0,2017,8,8,4,3,2,3,0,1,0,0,0,0,0,6.49565E+20,5.48216E+21,1.10646E+16,4.94737E+16
89926,9.17082E+18,9,5,77,177,2017,8,17,4,2,5,3,0,1,0,1,0,0,0,6.38839E+20,5.43271E+21,1.08995E+16,4.90317E+16
89927,9.17082E+18,9,5,77,141,2017,8,17,4,2,0,1,1,0,0,0,0,0,0,6.45056E+20,5.43451E+21,1.09851E+16,4.90464E+16
89928,9.17082E+18,9,5,75,113,2017,8,15,4,2,5,3,0,1,0,0,1,0,0,6.12655E+20,5.50052E+21,1.05605E+16,4.96467E+16
89929,9.17082E+18,9,5,71,175,2017,8,17,4,3,2,6,0,1,0,1,0,0,0,6.28331E+20,5.45871E+21,1.0764E+16,4.92677E+16
89930,9.17082E+18,9,5,71,214,2017,8,12,4,2,5,3,0,1,0,1,0,0,0,6.15805E+20,5.43379E+21,1.05848E+16,4.90461E+16
89931,9.17082E+18,9,5,61,0,2017,8,16,4,3,2,6,0,1,0,0,0,0,0,6.1325E+20,5.46119E+21,1.05575E+16,4.92929E+16
89932,9.17082E+18,9,4,63,0,2017,8,17,4,3,5,3,0,1,0,0,0,0,0,6.38833E+20,5.57091E+21,1.09484E+16,5.0274E+16
89933,9.17082E+18,9,4,72,119,2017,8,14,4,3,5,3,0,1,0,0,0,0,0,6.87195E+20,5.53978E+21,1.16111E+16,4.99809E+16
89934,9.17082E+18,9,4,62,0,2017,8,19,4,3,3,6,1,0,0,1,0,0,0,6.84263E+20,5.53547E+21,1.15682E+16,4.99431E+16
89935,9.17082E+18,9,4,74,171,2017,8,4,4,2,4,6,0,1,0,1,0,2,0,6.55235E+20,5.51409E+21,1.11554E+16,4.97592E+16
89936,9.17082E+18,9,4,71,154,2017,8,15,4,3,8,1,0,0,0,1,0,0,0,6.23817E+20,5.52845E+21,1.0724E+16,4.98956E+16
89937,9.17082E+18,9,3,77,112,2017,8,5,4,3,5,3,0,1,0,0,1,0,0,7.44715E+20,5.52507E+21,1.24028E+16,4.98281E+16
89938,9.17082E+18,9,3,74,166,2017,8,7,4,2,5,3,0,1,0,0,0,0,0,7.18322E+20,5.50321E+21,1.20242E+16,4.96419E+16
89939,9.17082E+18,9,3,75,180,2017,8,21,4,3,4,3,0,1,0,0,0,2,0,7.2641E+20,5.42472E+21,1.20916E+16,4.89339E+16
89940,9.17082E+18,9,3,75,175,2017,8,7,4,3,5,3,1,0,0,0,1,0,0,7.18156E+20,5.43521E+21,1.19847E+16,4.90312E+16
89941,9.17082E+18,9,3,72,151,2017,8,14,4,3,2,6,0,1,0,0,0,0,0,7.81096E+20,5.46014E+21,1.28613E+16,4.92294E+16
89942,9.17082E+18,9,3,72,168,2017,8,8,4,3,2,6,0,1,0,0,0,0,0,7.66745E+20,5.46256E+21,1.26662E+16,4.92576E+16
89943,9.17082E+18,9,3,71,151,2017,8,16,4,3,5,3,1,1,0,0,0,0,0,7.00917E+20,5.48574E+21,1.17745E+16,4.9491E+16
89944,9.17082E+18,9,3,71,123,2017,8,9,4,3,5,3,0,1,0,0,0,0,0,7.0768E+20,5.49111E+21,1.18706E+16,4.95369E+16
89945,9.17082E+18,9,3,76,161,2017,8,20,4,3,6,4,1,0,1,0,0,1,0,7.25619E+20,5.4688E+21,1.21054E+16,4.93301E+16
89946,9.17082E+18,9,3,76,161,2017,8,13,4,3,4,6,0,1,0,1,1,0,0,7.23372E+20,5.46313E+21,1.20714E+16,4.92801E+16
89947,9.17082E+18,9,3,76,119,2017,8,13,4,3,8,1,0,0,0,1,0,0,0,7.18133E+20,5.45815E+21,1.19967E+16,4.92372E+16
89948,9.17082E+18,9,2,76,127,2017,8,17,4,3,5,3,0,1,0,0,1,0,0,8.12169E+20,5.42611E+21,1.32607E+16,4.89091E+16
89949,9.17082E+18,9,2,71,119,2017,8,22,4,3,8,1,0,1,0,0,0,2,0,7.96844E+20,5.42131E+21,1.30487E+16,4.88736E+16
89950,9.17082E+18,9,2,71,127,2017,8,14,4,2,4,1,0,1,0,0,1,0,0,8.03125E+20,5.40649E+21,1.31232E+16,4.87375E+16
89951,9.17082E+18,9,2,77,142,2017,8,19,4,2,4,2,1,1,0,0,0,0,0,7.9053E+20,5.39043E+21,1.2941E+16,4.85995E+16
89952,9.17082E+18,9,2,62,0,2017,8,15,4,2,5,3,1,1,0,0,0,0,0,8.2629E+20,5.3895E+21,1.34239E+16,4.85735E+16
89953,9.17082E+18,9,2,75,122,2017,8,16,4,3,5,2,0,1,0,1,0,0,0,8.20754E+20,5.3821E+21,1.33434E+16,4.851E+16
89954,9.17082E+18,9,2,72,150,2017,8,21,4,2,5,3,0,1,0,1,0,2,0,8.14879E+20,5.41317E+21,1.32877E+16,4.87917E+16
89955,9.17082E+18,9,2,77,151,2017,8,17,4,3,3,6,0,1,0,0,1,0,0,7.70594E+20,5.36671E+21,1.26558E+16,4.83954E+16
89956,9.17082E+18,9,2,61,0,2017,8,18,4,3,8,1,0,1,0,0,0,0,0,7.38909E+20,5.38551E+21,1.22392E+16,4.85771E+16
89957,9.17082E+18,9,2,79,122,2017,8,4,4,2,8,7,0,1,0,0,0,2,0,7.7438E+20,5.39227E+21,1.27236E+16,4.86233E+16
89958,9.17082E+18,9,2,73,137,2017,8,10,4,3,4,2,0,1,0,0,0,0,0,7.1107E+20,5.42249E+21,1.18813E+16,4.89194E+16
89959,9.17082E+18,9,2,73,175,2017,8,18,4,3,0,7,1,1,0,0,0,0,0,7.20691E+20,5.41992E+21,1.2011E+16,4.88929E+16
89960,9.17082E+18,9,2,73,152,2017,8,19,4,1,5,3,0,1,0,1,0,0,0,7.01621E+20,5.4102E+21,1.17464E+16,4.8812E+16
89961,9.17082E+18,9,1,73,123,2017,8,17,4,2,4,6,0,1,0,1,0,0,0,6.79452E+20,5.30026E+21,1.13979E+16,4.78306E+16
89962,9.17082E+18,9,1,90,154,2017,8,12,4,3,5,3,0,1,0,0,0,0,0,6.39558E+20,5.28482E+21,1.08602E+16,4.77017E+16
89963,9.17082E+18,9,1,89,114,2017,8,12,4,3,2,2,0,1,0,0,0,0,0,7.63537E+20,5.3126E+21,1.25271E+16,4.79125E+16
89964,9.17082E+18,9,1,89,134,2017,8,4,4,3,8,7,0,0,0,1,0,2,0,7.71512E+20,5.31881E+21,1.26376E+16,4.7965E+16
89965,9.17082E+18,9,1,87,177,2017,8,15,4,3,6,7,0,1,1,0,0,0,0,7.35863E+20,5.30552E+21,1.21535E+16,4.78597E+16
89966,9.17082E+18,9,1,63,0,2017,8,18,4,3,5,3,1,1,0,0,0,0,0,7.33532E+20,5.30274E+21,1.21209E+16,4.78356E+16
89967,9.17082E+18,9,1,87,150,2017,8,16,4,3,5,3,0,1,0,1,0,0,0,7.29527E+20,5.30335E+21,1.20678E+16,4.78425E+16
89968,9.17082E+18,9,1,61,0,2017,8,6,4,3,6,4,1,0,1,0,0,0,0,6.77061E+20,5.40638E+21,1.14105E+16,4.87852E+16
89969,9.17082E+18,9,1,86,152,2017,8,16,4,3,0,7,0,0,0,1,0,0,0,6.94583E+20,5.37282E+21,1.16331E+16,4.84784E+16
89970,9.17082E+18,9,1,61,0,2017,8,17,4,3,1,6,0,1,0,0,0,0,0,6.75369E+20,5.40484E+21,1.13868E+16,4.87718E+16
89971,9.17082E+18,9,1,76,120,2017,8,9,4,3,2,6,0,1,0,0,0,0,0,6.80861E+20,5.42387E+21,1.14699E+16,4.89413E+16
89972,9.17082E+18,9,1,81,123,2017,8,18,4,3,2,6,0,1,0,0,0,0,0,6.56017E+20,5.32673E+21,1.10946E+16,4.80747E+16
89973,9.17082E+18,9,1,88,139,2017,8,14,4,3,0,1,0,0,0,1,0,0,0,6.76222E+20,5.31834E+21,1.13622E+16,4.79941E+16
89974,9.17082E+18,9,1,88,118,2017,8,12,4,3,0,7,0,0,0,0,1,0,0,6.70855E+20,5.3107E+21,1.12872E+16,4.79268E+16
89975,9.17082E+18,9,1,88,124,2017,8,19,4,3,9,6,0,0,0,1,0,0,0,6.63009E+20,5.3185E+21,1.11853E+16,4.7999E+16
89976,9.17082E+18,9,1,74,143,2017,8,7,4,2,5,2,1,1,0,0,0,0,0,6.73025E+20,5.35307E+21,1.13335E+16,4.83071E+16
89977,9.17082E+18,9,1,75,118,2017,8,16,4,3,3,6,0,1,0,0,0,0,0,7.15612E+20,5.33988E+21,1.19004E+16,4.81755E+16
89978,9.17082E+18,9,1,78,124,2017,8,23,4,3,2,6,0,1,0,0,0,2,0,7.01311E+20,5.35816E+21,1.1717E+16,4.83445E+16
89979,9.17082E+18,9,1,62,0,2017,8,15,4,3,3,6,0,1,0,0,1,0,0,6.94394E+20,5.34118E+21,1.16159E+16,4.81941E+16
89980,9.17082E+18,9,1,78,122,2017,8,17,4,3,5,3,0,1,0,0,1,0,0,6.99647E+20,5.38617E+21,1.17079E+16,4.85968E+16
89981,9.17082E+18,9,1,77,114,2017,8,19,4,3,2,7,1,0,0,0,0,0,0,7.22801E+20,5.34352E+21,1.19989E+16,4.82057E+16
89982,9.17082E+18,9,1,77,115,2017,8,16,4,2,5,3,1,0,0,0,0,0,0,7.34136E+20,5.35084E+21,1.21553E+16,4.82675E+16
89983,9.17082E+18,9,1,84,135,2017,8,8,3,3,5,2,0,1,0,0,0,0,0,6.92578E+20,5.34902E+21,1.1595E+16,4.82651E+16
89984,9.17082E+18,9,1,62,0,2017,8,11,3,2,3,2,1,0,0,0,1,0,0,6.92081E+20,5.34041E+21,1.15845E+16,4.81879E+16
89985,9.17082E+18,9,1,62,0,2017,8,17,3,3,0,7,1,0,0,0,0,0,0,6.78044E+20,5.33907E+21,1.13952E+16,4.81799E+16