OBJECTID,UIDENTSTLA,ULAND,UREGBEZ,UKREIS,UGEMEINDE,UJAHR,UMONAT,USTUNDE,UWOCHENTAG,UKATEGORIE,UART,UTYP1,IstRad,IstPKW,IstFuss,IstKrad,IstSonstig,LICHT,STRZUSTAND,LINREFX,LINREFY,XGCSWGS84,YGCSWGS84
89986,9.17082E+18,9,7,78,173,2017,8,10,3,3,3,6,0,1,0,0,1,0,0,6.15323E+20,5.32149E+21,1.05471E+16,4.80363E+16
89987,9.17082E+18,9,7,78,221,2017,8,23,3,2,8,1,0,1,0,0,0,2,0,5.93394E+20,5.33755E+21,1.02565E+16,4.81843E+16
89988,9.17082E+18,9,7,74,198,2017,8,16,3,3,2,6,0,1,0,0,1,0,0,6.15243E+20,5.35185E+21,1.05542E+16,4.83093E+16
89989,9.17082E+18,9,7,80,143,2017,8,15,3,3,9,7,0,1,0,0,0,0,0,5.97536E+20,5.27966E+21,1.02991E+16,4.7663E+16
89990,9.17082E+18,9,7,80,147,2017,8,18,3,3,2,2,0,1,0,0,0,0,0,6.05066E+20,5.29134E+21,1.04022E+16,4.77668E+16
89991,9.17082E+18,9,7,80,134,2017,8,11,3,3,0,1,0,0,0,1,0,0,0,5.95471E+20,5.26202E+21,1.02678E+16,4.75046E+16
89992,9.17082E+18,9,7,77,129,2017,8,11,3,3,0,6,1,0,0,0,0,0,0,6.2755E+20,5.26912E+21,1.06956E+16,4.7563E+16
89993,9.17082E+18,9,7,73,125,2017,8,13,3,3,0,7,0,1,0,1,0,0,0,6.11563E+20,5.37978E+21,1.05121E+16,4.85612E+16
89994,9.17082E+18,9,7,61,0,2017,8,6,3,3,5,3,1,0,0,0,1,1,0,6.40837E+20,5.36048E+21,1.09021E+16,4.83818E+16
89995,9.17082E+18,9,6,79,154,2017,8,18,3,3,2,6,0,0,0,0,1,0,0,5.617E+20,5.51087E+21,9.85644E+15,4.97472E+16
89996,9.17082E+18,9,6,79,201,2017,8,16,3,2,5,3,0,1,0,0,1,0,0,5.75692E+20,5.52443E+21,1.00533E+16,4.98675E+16
89997,9.17082E+18,9,6,79,200,2017,8,12,3,3,5,3,0,1,0,0,1,0,0,5.58106E+20,5.52333E+21,9.80842E+15,4.98595E+16
89998,9.17082E+18,9,6,77,151,2017,8,9,3,3,5,3,0,1,0,0,0,0,0,5.37283E+20,5.5132E+21,9.51777E+15,4.97701E+16
89999,9.17082E+18,9,6,73,123,2017,8,16,3,3,8,1,0,0,0,1,0,0,0,5.76682E+20,5.59751E+21,1.00818E+16,5.05245E+16
90000,9.17082E+18,9,6,62,0,2017,8,11,3,3,0,3,1,1,0,0,0,0,0,5.87401E+20,5.54383E+21,1.02206E+16,5.00403E+16
90001,9.17082E+18,9,6,76,132,2017,8,10,3,3,4,2,0,1,0,0,1,0,0,5.14399E+20,5.50808E+21,9.19978E+15,4.9725E+16
90002,9.17082E+18,9,6,71,114,2017,8,18,3,3,2,6,0,1,0,0,0,0,0,5.02467E+20,5.54298E+21,9.03444E+15,5.00391E+16
90003,9.17082E+18,9,5,72,121,2017,8,16,3,2,5,3,0,1,0,0,0,0,0,6.551E+20,5.49504E+21,1.1146E+16,4.95881E+16
90004,9.17082E+18,9,5,74,138,2017,8,13,3,3,2,6,0,1,0,0,0,0,0,6.65239E+20,5.48725E+21,1.12829E+16,4.95153E+16
90005,9.17082E+18,9,5,64,0,2017,8,16,3,3,0,2,1,1,0,0,0,0,0,6.53995E+20,5.48153E+21,1.11254E+16,4.94669E+16
90006,9.17082E+18,9,5,64,0,2017,8,17,3,3,3,2,0,1,0,1,0,0,0,6.52508E+20,5.47754E+21,1.11034E+16,4.94314E+16
90007,9.17082E+18,9,5,64,0,2017,8,14,3,3,3,6,1,0,0,0,0,0,0,6.49152E+20,5.47721E+21,1.1057E+16,4.94293E+16
90008,9.17082E+18,9,5,73,114,2017,8,11,3,2,9,1,0,0,0,1,0,0,0,6.34337E+20,5.4772E+21,1.08528E+16,4.94326E+16
90009,9.17082E+18,9,5,77,159,2017,8,15,3,3,2,2,0,1,0,1,0,0,0,6.3542E+20,5.44185E+21,1.08558E+16,4.91145E+16
90010,9.17082E+18,9,5,75,157,2017,8,14,3,3,8,1,0,1,0,0,0,0,0,6.05429E+20,5.51078E+21,1.04633E+16,4.97403E+16
90011,9.17082E+18,9,5,71,166,2017,8,13,3,3,5,3,0,1,0,1,0,0,0,6.09849E+20,5.45447E+21,1.05089E+16,4.92332E+16
90012,9.17082E+18,9,5,71,136,2017,8,12,3,3,2,6,0,1,0,0,1,0,0,5.96438E+20,5.43736E+21,1.03207E+16,4.90815E+16
90013,9.17082E+18,9,5,71,146,2017,8,15,3,3,8,1,0,0,0,1,0,0,0,6.09696E+20,5.47234E+21,1.05117E+16,4.93939E+16
90014,9.17082E+18,9,5,61,0,2017,8,11,3,3,5,2,1,1,0,0,0,0,0,6.12966E+20,5.46197E+21,1.05538E+16,4.93E+16
90015,9.17082E+18,9,4,75,141,2017,8,15,3,3,1,7,0,1,0,0,0,0,0,7.03227E+20,5.57952E+21,1.18557E+16,5.03327E+16
90016,9.17082E+18,9,4,78,165,2017,8,11,3,2,5,3,0,1,0,1,0,0,0,6.43167E+20,5.55193E+21,1.1002E+16,5.01023E+16
90017,9.17082E+18,9,4,78,139,2017,8,10,3,3,2,6,0,1,0,0,0,0,0,6.47119E+20,5.55789E+21,1.10595E+16,5.01549E+16
90018,9.17082E+18,9,4,73,165,2017,8,17,3,2,4,6,1,1,0,0,0,0,0,6.29767E+20,5.55956E+21,1.08173E+16,5.0174E+16
90019,9.17082E+18,9,4,73,158,2017,8,10,3,3,8,7,0,1,0,0,0,0,0,6.24306E+20,5.5788E+21,1.07472E+16,5.03482E+16
90020,9.17082E+18,9,4,72,118,2017,8,5,3,2,0,7,0,1,0,0,0,0,0,6.73923E+20,5.50056E+21,1.14086E+16,4.96325E+16
90021,9.17082E+18,9,4,77,151,2017,8,14,3,3,4,7,0,1,0,0,1,0,0,6.76767E+20,5.56305E+21,1.14766E+16,5.01932E+16
90022,9.17082E+18,9,4,74,175,2017,8,11,3,3,5,3,0,1,0,0,0,0,0,6.53444E+20,5.50908E+21,1.11286E+16,4.97147E+16
90023,9.17082E+18,9,4,61,0,2017,8,18,3,3,4,2,0,1,0,0,1,0,0,6.37887E+20,5.52928E+21,1.09201E+16,4.99E+16
90024,9.17082E+18,9,3,74,133,2017,8,11,3,3,0,7,0,1,0,0,0,0,0,7.26032E+20,5.49348E+21,1.21252E+16,4.95517E+16
90025,9.17082E+18,9,3,63,0,2017,8,14,3,3,2,6,0,1,0,0,1,0,0,7.27679E+20,5.50703E+21,1.21558E+16,4.96728E+16
90026,9.17082E+18,9,3,72,153,2017,8,5,3,3,5,3,0,1,0,0,0,0,0,7.57394E+20,5.45444E+21,1.25328E+16,4.91887E+16
90027,9.17082E+18,9,3,71,136,2017,8,17,3,3,1,6,0,1,0,0,0,0,0,7.08382E+20,5.47878E+21,1.18738E+16,4.94259E+16
90028,9.17082E+18,9,2,78,117,2017,8,18,3,3,0,7,0,0,0,1,1,0,0,7.56774E+20,5.42071E+21,1.25029E+16,4.88861E+16
90029,9.17082E+18,9,2,71,113,2017,8,18,3,3,2,6,0,1,0,0,0,0,0,8.01023E+20,5.4137E+21,1.30999E+16,4.88033E+16
90030,9.17082E+18,9,2,77,118,2017,8,6,3,2,2,6,0,1,0,0,1,0,0,8.0865E+20,5.35888E+21,1.31629E+16,4.83077E+16
90031,9.17082E+18,9,2,62,0,2017,8,18,3,2,8,6,0,0,0,1,1,0,0,8.28098E+20,5.38999E+21,1.34487E+16,4.8577E+16
90032,9.17082E+18,9,2,72,120,2017,8,16,3,3,1,6,0,1,0,1,0,0,0,8.22548E+20,5.42118E+21,1.33981E+16,4.88596E+16
90033,9.17082E+18,9,2,74,185,2017,8,19,3,3,2,6,0,1,0,0,0,0,0,7.32735E+20,5.36848E+21,1.21462E+16,4.84264E+16
90034,9.17082E+18,9,2,73,165,2017,8,17,3,3,5,3,0,1,0,0,1,0,0,7.22119E+20,5.40557E+21,1.20227E+16,4.87634E+16
90035,9.17082E+18,9,2,61,0,2017,8,6,3,3,3,2,1,0,0,0,1,0,0,7.31825E+20,5.38119E+21,1.21409E+16,4.85409E+16
90036,9.17082E+18,9,2,79,122,2017,8,17,3,3,1,6,0,1,0,0,0,0,0,7.71288E+20,5.39818E+21,1.26856E+16,4.86777E+16
90037,9.17082E+18,9,2,79,134,2017,8,19,3,3,0,7,1,0,0,0,0,0,0,7.65055E+20,5.38575E+21,1.25932E+16,4.85687E+16
90038,9.17082E+18,9,1,90,158,2017,8,7,3,2,4,6,0,1,0,0,0,0,0,6.50708E+20,5.3014E+21,1.10145E+16,4.78483E+16
90039,9.17082E+18,9,1,73,118,2017,8,19,3,3,9,6,0,1,0,0,0,0,0,6.88108E+20,5.3045E+21,1.15153E+16,4.78663E+16
90040,9.17082E+18,9,1,80,117,2017,8,20,3,2,0,1,1,0,0,0,0,2,0,6.56801E+20,5.26186E+21,1.10817E+16,4.74912E+16
90041,9.17082E+18,9,1,73,115,2017,8,17,3,2,5,7,0,1,0,0,0,0,0,6.80984E+20,5.28752E+21,1.1413E+16,4.77157E+16
90042,9.17082E+18,9,1,83,124,2017,8,14,3,3,6,7,1,0,1,0,0,0,0,7.54854E+20,5.34155E+21,1.24284E+16,4.8176E+16
90043,9.17082E+18,9,1,89,111,2017,8,10,3,3,8,1,1,0,0,0,0,0,0,7.63827E+20,5.32093E+21,1.25361E+16,4.79872E+16
90044,9.17082E+18,9,1,89,152,2017,8,17,3,2,4,6,0,1,0,1,0,0,0,7.7643E+20,5.32891E+21,1.27098E+16,4.80535E+16
90045,9.17082E+18,9,1,89,160,2017,8,15,3,3,4,2,0,1,0,1,0,0,0,7.59158E+20,5.29286E+21,1.24568E+16,4.7737E+16
90046,9.17082E+18,9,1,89,159,2017,8,10,3,3,5,3,0,1,0,0,0,0,0,7.61122E+20,5.30064E+21,1.24877E+16,4.78061E+16
90047,9.17082E+18,9,1,72,116,2017,8,17,3,3,0,1,0,0,0,1,1,0,0,8.038E+20,5.28577E+21,1.3046E+16,4.76539E+16
90048,9.17082E+18,9,1,87,169,2017,8,10,3,3,2,6,0,1,0,0,0,0,0,7.37971E+20,5.29924E+21,1.21782E+16,4.78025E+16
90049,9.17082E+18,9,1,87,179,2017,8,10,3,3,9,1,0,1,0,0,0,0,0,7.2322E+20,5.31142E+21,1.19878E+16,4.79172E+16
90050,9.17082E+18,9,1,87,168,2017,8,15,3,3,2,6,0,1,0,0,1,0,0,7.49274E+20,5.30883E+21,1.23344E+16,4.78844E+16
90051,9.17082E+18,9,1,87,142,2017,8,12,3,3,4,6,0,1,0,0,0,0,0,7.33713E+20,5.31194E+21,1.21283E+16,4.79182E+16
90052,9.17082E+18,9,1,87,124,2017,8,11,3,2,5,3,0,1,0,0,1,0,0,7.33004E+20,5.3296E+21,1.21284E+16,4.8077E+16
90053,9.17082E+18,9,1,78,142,2017,8,20,3,3,0,1,1,0,0,0,0,1,0,7.13152E+20,5.37922E+21,1.18873E+16,4.85298E+16
90054,9.17083E+18,9,1,61,0,2017,8,8,2,3,4,2,1,1,0,0,0,0,0,6.80233E+20,5.40291E+21,1.14521E+16,4.87531E+16
90055,9.17083E+18,9,1,76,123,2017,8,9,2,1,6,3,0,1,1,0,0,0,0,6.59599E+20,5.41805E+21,1.11775E+16,4.88948E+16
90056,9.17083E+18,9,7,71,130,2017,8,16,2,3,0,6,0,1,0,0,1,0,0,6.47635E+20,5.36278E+21,1.09947E+16,4.84009E+16
90057,9.17083E+18,9,1,74,146,2017,8,10,2,3,8,1,0,1,0,0,0,0,1,6.65572E+20,5.35147E+21,1.12324E+16,4.82947E+16
90058,9.17083E+18,9,1,79,126,2017,8,12,2,3,5,3,0,1,0,0,0,0,0,6.76034E+20,5.34053E+21,1.13688E+16,4.81935E+16
90059,9.17083E+18,9,1,88,120,2017,8,10,2,3,0,3,0,1,0,1,0,0,0,6.78004E+20,5.3268E+21,1.13895E+16,4.80696E+16
90060,9.17083E+18,9,1,79,140,2017,8,18,2,3,5,3,0,1,0,0,0,0,0,6.60013E+20,5.34509E+21,1.11551E+16,4.82389E+16
90061,9.17083E+18,9,4,74,140,2017,8,17,2,3,7,1,1,0,0,0,0,0,0,6.58523E+20,5.49568E+21,1.11936E+16,4.95929E+16
90062,9.17083E+18,9,4,74,121,2017,8,18,2,2,8,1,0,0,0,1,0,0,0,6.57293E+20,5.51522E+21,1.11844E+16,4.97689E+16
90063,9.17083E+18,9,4,74,121,2017,8,17,2,1,5,3,0,1,0,1,0,0,0,6.57989E+20,5.51944E+21,1.11958E+16,4.98066E+16
90064,9.17083E+18,9,4,61,0,2017,8,1,2,3,4,2,0,1,0,0,0,2,0,6.37887E+20,5.52929E+21,1.09201E+16,4.99001E+16
90065,9.17083E+18,9,3,63,0,2017,8,7,2,3,2,6,0,1,0,0,0,0,0,7.2583E+20,5.50693E+21,1.21301E+16,4.96726E+16
90066,9.17083E+18,9,3,63,0,2017,8,13,2,3,4,3,0,1,0,1,0,0,0,7.28262E+20,5.50869E+21,1.21648E+16,4.96875E+16
90067,9.17083E+18,9,3,73,151,2017,8,18,2,3,5,3,1,1,0,0,0,0,0,6.99187E+20,5.44866E+21,1.17321E+16,4.91584E+16
90068,9.17083E+18,9,3,75,117,2017,8,8,2,3,2,6,0,1,0,0,0,0,0,7.34839E+20,5.43245E+21,1.22109E+16,4.90003E+16
90069,9.17083E+18,9,3,73,151,2017,8,11,2,3,3,6,1,1,0,0,0,0,0,6.96352E+20,5.45075E+21,1.16943E+16,4.91781E+16
90070,9.17083E+18,9,3,73,115,2017,8,18,2,3,0,7,1,0,0,0,0,0,0,6.9127E+20,5.44007E+21,1.16196E+16,4.90838E+16
90071,9.17083E+18,9,3,76,175,2017,8,13,2,2,3,6,0,1,0,0,1,0,0,7.29375E+20,5.46706E+21,1.21561E+16,4.93132E+16
90072,9.17083E+18,9,3,71,154,2017,8,19,2,3,6,7,0,1,1,0,0,0,0,7.02603E+20,5.47606E+21,1.17928E+16,4.94035E+16
90073,9.17083E+18,9,3,71,118,2017,8,21,2,3,8,1,0,1,0,0,0,2,0,7.1686E+20,5.47527E+21,1.19886E+16,4.93915E+16
90074,9.17083E+18,9,2,71,138,2017,8,15,2,3,2,6,0,1,0,0,1,0,0,7.95066E+20,5.41106E+21,1.30171E+16,4.87824E+16
90075,9.17083E+18,9,2,62,0,2017,8,14,2,3,0,6,1,0,1,0,0,0,0,8.31263E+20,5.39003E+21,1.34916E+16,4.85757E+16
90076,9.17083E+18,9,2,74,183,2017,8,23,2,2,4,2,0,1,0,0,0,2,0,7.41085E+20,5.35835E+21,1.2253E+16,4.83323E+16
90077,9.17083E+18,9,2,73,165,2017,8,19,2,3,2,6,0,0,0,1,0,0,0,7.16103E+20,5.41089E+21,1.19437E+16,4.88134E+16
90078,9.17083E+18,9,2,73,172,2017,8,11,2,3,0,3,0,0,0,1,1,0,0,7.08495E+20,5.40482E+21,1.18372E+16,4.87614E+16
90079,9.17083E+18,9,2,61,0,2017,8,17,2,3,4,2,0,1,0,1,0,0,0,7.3037E+20,5.38169E+21,1.21215E+16,4.8546E+16
90080,9.17083E+18,9,2,74,126,2017,8,7,2,3,4,2,0,1,0,0,0,0,0,7.31901E+20,5.38399E+21,1.21435E+16,4.8566E+16
90081,9.17083E+18,9,2,74,113,2017,8,12,2,3,2,6,0,1,0,1,0,0,0,7.2839E+20,5.38392E+21,1.2096E+16,4.85667E+16
90082,9.17083E+18,9,2,79,122,2017,8,15,2,2,5,3,0,1,0,0,0,0,0,7.70989E+20,5.39824E+21,1.26816E+16,4.86784E+16
90083,9.17083E+18,9,2,79,122,2017,8,17,2,2,5,3,0,1,0,0,0,0,0,7.73264E+20,5.39936E+21,1.27132E+16,4.86874E+16
90084,9.17083E+18,9,2,73,152,2017,8,16,2,3,2,5,0,1,0,1,0,0,0,7.0162E+20,5.4102E+21,1.17464E+16,4.8812E+16
90085,9.17083E+18,9,2,73,121,2017,8,15,2,3,2,6,0,1,0,0,0,0,0,7.03869E+20,5.42426E+21,1.1784E+16,4.89376E+16
90086,9.17083E+18,9,2,73,164,2017,8,16,2,3,4,6,0,1,0,0,1,0,0,6.95527E+20,5.42464E+21,1.16704E+16,4.89437E+16
90087,9.17083E+18,9,1,90,139,2017,8,15,2,2,8,7,0,0,0,1,0,0,0,6.53307E+20,5.29724E+21,1.10477E+16,4.78103E+16
90088,9.17083E+18,9,1,90,154,2017,8,9,2,3,5,3,0,1,0,0,0,0,0,6.39542E+20,5.2847E+21,1.08599E+16,4.77006E+16
90089,9.17083E+18,9,1,71,137,2017,8,14,2,3,3,6,0,1,0,0,0,0,0,7.71826E+20,5.35082E+21,1.26622E+16,4.82522E+16
90090,9.17083E+18,9,1,72,112,2017,8,18,2,3,2,6,0,1,0,0,1,0,1,7.89539E+20,5.30036E+21,1.28662E+16,4.77914E+16
90091,9.17083E+18,9,1,89,133,2017,8,6,2,3,8,1,0,1,0,0,0,0,0,7.50592E+20,5.32406E+21,1.23609E+16,4.80206E+16
90092,9.17083E+18,9,1,83,131,2017,8,11,2,3,1,5,0,0,0,0,1,0,0,7.63818E+20,5.35729E+21,1.25585E+16,4.83137E+16
90093,9.17083E+18,9,1,72,134,2017,8,14,2,2,5,3,0,1,0,0,0,0,1,7.8448E+20,5.30796E+21,1.28038E+16,4.78619E+16
90094,9.17083E+18,9,1,63,0,2017,8,18,2,2,6,4,0,1,1,0,0,0,0,7.33865E+20,5.30489E+21,1.21265E+16,4.78547E+16
90095,9.17083E+18,9,1,87,145,2017,8,19,2,3,0,1,1,0,0,0,0,2,0,7.49948E+20,5.31731E+21,1.23483E+16,4.79602E+16
90096,9.17083E+18,9,1,82,137,2017,8,16,2,3,5,3,1,1,0,0,0,0,0,7.09165E+20,5.30477E+21,1.17967E+16,4.78622E+16
90097,9.17083E+18,9,1,61,0,2017,8,10,2,3,4,2,1,1,0,0,0,0,0,6.81275E+20,5.40103E+21,1.14655E+16,4.87359E+16
90098,9.17083E+18,9,1,85,127,2017,8,20,2,3,9,6,0,1,0,0,0,1,0,6.56773E+20,5.39253E+21,1.11293E+16,4.86662E+16
90099,9.17083E+18,9,1,76,139,2017,8,9,2,3,5,3,0,1,0,0,0,0,0,6.83614E+20,5.40946E+21,1.1501E+16,4.8811E+16
90100,9.17083E+18,9,1,74,115,2017,8,7,2,3,5,6,1,0,0,0,0,0,0,6.80982E+20,5.34815E+21,1.14386E+16,4.82607E+16
90101,9.17083E+18,9,1,78,143,2017,8,7,2,3,2,6,0,1,0,0,1,0,0,7.20049E+20,5.37201E+21,1.19768E+16,4.84627E+16
90102,9.17083E+18,9,1,78,123,2017,8,18,2,3,5,3,0,1,0,0,0,0,0,6.93008E+20,5.3607E+21,1.16062E+16,4.83699E+16
90103,9.17083E+18,9,1,77,144,2017,8,14,2,3,1,7,0,1,0,0,0,0,0,7.14499E+20,5.34756E+21,1.18893E+16,4.8245E+16
90104,9.17083E+18,9,1,77,130,2017,8,17,2,3,1,6,0,1,0,0,0,0,0,7.12694E+20,5.35213E+21,1.18674E+16,4.82866E+16
90105,9.17083E+18,9,1,84,135,2017,8,11,1,3,5,2,0,1,0,1,0,0,0,6.89438E+20,5.34734E+21,1.1552E+16,4.82509E+16
90106,9.17083E+18,9,1,84,114,2017,8,11,1,2,3,6,0,1,0,1,0,0,0,7.02342E+20,5.31896E+21,1.17122E+16,4.79919E+16
90107,9.17083E+18,9,7,64,0,2017,8,11,1,3,2,6,0,1,0,1,0,0,0,5.86352E+20,5.31444E+21,1.01571E+16,4.79774E+16
90108,9.17083E+18,9,7,75,152,2017,8,12,1,3,2,6,0,1,0,0,0,0,0,5.80668E+20,5.3536E+21,1.00884E+16,4.83304E+16
90109,9.17083E+18,9,7,74,155,2017,8,12,1,3,9,1,0,1,0,0,0,0,1,5.88923E+20,5.36712E+21,1.02026E+16,4.84509E+16
90110,9.17083E+18,9,7,76,126,2017,8,12,1,3,5,3,0,1,0,1,1,0,0,5.61101E+20,5.27152E+21,9.81274E+15,4.75942E+16
90111,9.17083E+18,9,7,80,137,2017,8,0,1,3,0,1,1,0,0,0,0,2,0,5.97321E+20,5.26985E+21,1.02941E+16,4.75747E+16
90112,9.17083E+18,9,7,77,170,2017,8,8,1,3,8,1,0,1,0,0,0,0,0,6.20337E+20,5.27928E+21,1.06026E+16,4.76557E+16
90113,9.17083E+18,9,7,77,129,2017,8,9,1,3,0,6,1,0,0,0,0,0,0,6.25506E+20,5.27418E+21,1.06699E+16,4.76089E+16
90114,9.17083E+18,9,7,73,125,2017,8,17,1,3,0,7,1,0,1,0,0,0,0,6.09817E+20,5.3816E+21,1.04889E+16,4.85778E+16
90115,9.17083E+18,9,7,72,147,2017,8,20,1,3,0,1,0,1,0,0,0,1,0,6.37872E+20,5.3641E+21,1.08633E+16,4.8415E+16
90116,9.17083E+18,9,7,71,168,2017,8,15,1,3,5,3,0,0,0,1,0,0,0,6.50828E+20,5.34086E+21,1.103E+16,4.8203E+16
90117,9.17083E+18,9,7,61,0,2017,8,2,1,3,5,3,0,1,0,0,0,2,0,6.43351E+20,5.36133E+21,1.09364E+16,4.83889E+16
90118,9.17083E+18,9,6,77,127,2017,8,16,1,3,1,5,0,1,0,0,0,0,0,5.6412E+20,5.54192E+21,9.89518E+15,5.00261E+16
90119,9.17083E+18,9,6,77,120,2017,8,6,1,3,8,6,0,1,0,0,0,0,0,5.35811E+20,5.52242E+21,9.49817E+15,4.98532E+16
90120,9.17083E+18,9,6,76,122,2017,8,5,1,2,7,7,0,1,1,0,0,2,1,5.16384E+20,5.51742E+21,9.22772E+15,4.9809E+16
90121,9.17083E+18,9,6,71,114,2017,8,13,1,2,0,7,1,0,0,0,0,0,0,5.02596E+20,5.54275E+21,9.03626E+15,5.00371E+16
90122,9.17083E+18,9,5,74,152,2017,8,15,1,3,2,6,0,1,0,0,0,0,0,6.63722E+20,5.4826E+21,1.126E+16,4.9474E+16
90123,9.17083E+18,9,5,74,140,2017,8,15,1,3,5,3,0,1,0,1,0,0,0,6.83809E+20,5.50098E+21,1.15456E+16,4.96334E+16
90124,9.17083E+18,9,5,64,0,2017,8,4,1,2,6,7,0,1,1,0,0,2,0,6.52398E+20,5.48235E+21,1.11037E+16,4.94746E+16
90125,9.17083E+18,9,5,77,138,2017,8,12,1,2,5,3,0,1,0,1,0,0,0,6.29227E+20,5.44727E+21,1.07727E+16,4.91646E+16
90126,9.17083E+18,9,5,71,165,2017,8,5,1,2,0,7,1,0,0,0,0,2,0,6.29372E+20,5.46693E+21,1.0781E+16,4.93414E+16
90127,9.17083E+18,9,4,79,166,2017,8,15,1,1,8,1,0,0,0,1,0,0,0,7.03042E+20,5.55314E+21,1.1839E+16,5.00958E+16
90128,9.17083E+18,9,4,76,178,2017,8,1,1,3,0,7,1,0,0,0,0,2,0,6.629E+20,5.57842E+21,1.12891E+16,5.03354E+16
90129,9.17083E+18,9,4,72,179,2017,8,15,1,2,8,1,0,1,0,0,0,0,0,6.71678E+20,5.51672E+21,1.13847E+16,4.97784E+16
90130,9.17083E+18,9,4,71,155,2017,8,16,1,3,5,3,1,1,0,0,0,0,0,6.42903E+20,5.5307E+21,1.09904E+16,4.99116E+16
90131,9.17083E+18,9,4,71,185,2017,8,13,1,3,5,3,1,1,0,0,0,0,0,6.45579E+20,5.5379E+21,1.10304E+16,4.99757E+16
90132,9.17083E+18,9,4,71,185,2017,8,10,1,3,8,1,0,1,0,0,0,0,0,6.42608E+20,5.5347E+21,1.09878E+16,4.99476E+16
90133,9.17083E+18,9,3,72,126,2017,8,15,1,3,2,2,0,1,0,0,0,0,0,7.80774E+20,5.46668E+21,1.28615E+16,4.92882E+16
90134,9.17083E+18,9,3,76,141,2017,8,16,1,3,5,3,0,1,0,0,0,0,0,7.25626E+20,5.45062E+21,1.20953E+16,4.91669E+16
90135,9.17083E+18,9,2,71,146,2017,8,13,1,3,3,2,1,1,0,0,0,0,0,7.84351E+20,5.41011E+21,1.28709E+16,4.87789E+16
90136,9.17083E+18,9,2,75,153,2017,8,0,1,2,9,1,0,1,0,0,0,2,1,8.43902E+20,5.39305E+21,1.36648E+16,4.85959E+16
90137,9.17083E+18,9,2,75,127,2017,8,12,1,3,0,1,1,0,0,0,0,0,0,8.03284E+20,5.39993E+21,1.31205E+16,4.86787E+16
90138,9.17083E+18,9,2,77,138,2017,8,16,1,3,8,1,0,1,0,0,0,0,1,7.92134E+20,5.37021E+21,1.29485E+16,4.84172E+16
90139,9.17083E+18,9,2,62,0,2017,8,17,1,2,4,2,0,1,0,0,0,0,1,8.26118E+20,5.38948E+21,1.34216E+16,4.85734E+16
90140,9.17083E+18,9,2,75,135,2017,8,23,1,3,8,1,0,1,0,0,0,2,1,8.22733E+20,5.40306E+21,1.33864E+16,4.8697E+16
90141,9.17083E+18,9,1,90,138,2017,8,14,1,3,2,6,0,1,0,0,0,0,0,6.60589E+20,5.31303E+21,1.11508E+16,4.79505E+16
90142,9.17083E+18,9,1,73,133,2017,8,9,1,3,5,3,1,1,0,0,0,0,0,6.79257E+20,5.28214E+21,1.13878E+16,4.76678E+16
90143,9.17083E+18,9,1,73,112,2017,8,16,1,2,0,1,0,0,0,1,0,0,1,6.92818E+20,5.29838E+21,1.15755E+16,4.78099E+16
90144,9.17083E+18,9,1,89,157,2017,8,14,1,3,4,6,0,1,0,0,0,0,0,7.63494E+20,5.32418E+21,1.25337E+16,4.80165E+16
90145,9.17083E+18,9,1,83,120,2017,8,16,1,3,0,7,1,0,0,0,1,0,1,7.48437E+20,5.34994E+21,1.23471E+16,4.82539E+16
90146,9.17083E+18,9,1,72,111,2017,8,10,1,3,0,1,1,0,0,0,0,0,0,7.95723E+20,5.30147E+21,1.29493E+16,4.77986E+16
90147,9.17083E+18,9,1,72,128,2017,8,3,1,3,8,1,0,1,0,0,0,2,0,7.93719E+20,5.29853E+21,1.29206E+16,4.77732E+16
90148,9.17083E+18,9,1,87,129,2017,8,15,1,3,2,6,0,1,0,0,0,0,0,7.26077E+20,5.30066E+21,1.20203E+16,4.78195E+16
90149,9.17083E+18,9,1,63,0,2017,8,13,1,3,5,3,0,1,0,1,0,0,0,7.32446E+20,5.30151E+21,1.21057E+16,4.78249E+16
90150,9.17083E+18,9,1,87,132,2017,8,11,1,2,4,2,0,1,0,1,0,0,0,7.46534E+20,5.29953E+21,1.22925E+16,4.78019E+16
90151,9.17083E+18,9,1,76,147,2017,8,20,1,3,9,7,0,1,0,0,1,2,1,6.9608E+20,5.41417E+21,1.16729E+16,4.88495E+16
90152,9.17083E+18,9,1,76,137,2017,8,17,1,2,8,1,0,0,0,1,0,0,0,6.73765E+20,5.43051E+21,1.13759E+16,4.9003E+16
90153,9.17083E+18,9,1,88,141,2017,8,15,1,3,2,6,0,1,0,1,0,0,0,6.70446E+20,5.30901E+21,1.12811E+16,4.79117E+16
90154,9.17083E+18,9,1,78,137,2017,8,23,1,3,2,6,0,1,0,0,0,0,0,6.92234E+20,5.3629E+21,1.15968E+16,4.83899E+16
90155,9.17083E+18,9,1,75,127,2017,8,15,1,3,5,3,0,1,0,1,0,0,0,7.12998E+20,5.3415E+21,1.18661E+16,4.8191E+16
90156,9.17083E+18,9,1,62,0,2017,8,9,7,2,5,3,1,1,0,0,0,0,0,6.88327E+20,5.32839E+21,1.15287E+16,4.80809E+16
90157,9.17083E+18,9,7,74,140,2017,8,11,7,3,0,1,0,1,0,0,0,0,0,6.05883E+20,5.36622E+21,1.04317E+16,4.84402E+16