OBJECTID,UIDENTSTLA,ULAND,UREGBEZ,UKREIS,UGEMEINDE,UJAHR,UMONAT,USTUNDE,UWOCHENTAG,UKATEGORIE,UART,UTYP1,IstRad,IstPKW,IstFuss,IstKrad,IstSonstig,LICHT,STRZUSTAND,LINREFX,LINREFY,XGCSWGS84,YGCSWGS84
90158,9.17083E+18,9,7,80,131,2017,8,15,7,3,4,6,0,1,0,0,0,0,0,5.93825E+20,5.25636E+21,1.02447E+16,4.74539E+16
90159,9.17083E+18,9,7,77,151,2017,8,18,7,3,8,1,1,0,0,0,0,0,0,6.15789E+20,5.29211E+21,1.05454E+16,4.77719E+16
90160,9.17083E+18,9,7,62,0,2017,8,12,7,3,2,6,0,1,0,0,0,0,0,6.22643E+20,5.30566E+21,1.06407E+16,4.78926E+16
90161,9.17083E+18,9,7,77,121,2017,8,20,7,3,5,1,1,1,0,0,0,2,0,6.28454E+20,5.32175E+21,1.07232E+16,4.80361E+16
90162,9.17083E+18,9,7,61,0,2017,8,17,7,3,6,6,1,0,1,0,0,0,0,6.3968E+20,5.35425E+21,1.08844E+16,4.8326E+16
90163,9.17083E+18,9,7,72,148,2017,8,12,7,3,4,6,0,1,0,0,0,0,0,6.27984E+20,5.3536E+21,1.07265E+16,4.83227E+16
90164,9.17083E+18,9,7,72,167,2017,8,12,7,2,8,1,0,0,0,1,0,0,0,6.26905E+20,5.358E+21,1.07133E+16,4.83624E+16
90165,9.17083E+18,9,7,71,122,2017,8,18,7,2,0,7,1,0,0,0,0,0,0,6.52922E+20,5.362E+21,1.10658E+16,4.83926E+16
90166,9.17083E+18,9,7,71,130,2017,8,13,7,2,0,7,0,0,0,1,0,0,0,6.44928E+20,5.36072E+21,1.09574E+16,4.8383E+16
90167,9.17083E+18,9,7,71,155,2017,8,18,7,2,9,1,0,0,0,1,0,0,0,6.47616E+20,5.37872E+21,1.10001E+16,4.85442E+16
90168,9.17083E+18,9,6,75,142,2017,8,13,7,3,1,7,0,1,0,0,0,0,0,5.89583E+20,5.51498E+21,1.02444E+16,4.97806E+16
90169,9.17083E+18,9,6,77,151,2017,8,16,7,2,2,6,0,1,0,1,0,0,0,5.37001E+20,5.51458E+21,9.51397E+15,4.97825E+16
90170,9.17083E+18,9,6,75,141,2017,8,19,7,2,0,3,1,0,0,1,0,0,0,5.84747E+20,5.50962E+21,1.0176E+16,4.97331E+16
90171,9.17083E+18,9,6,77,148,2017,8,20,7,3,0,1,0,0,0,1,0,0,0,5.58943E+20,5.53408E+21,9.82172E+15,4.99562E+16
90172,9.17083E+18,9,6,72,121,2017,8,14,7,2,5,3,1,1,0,0,0,0,0,5.67982E+20,5.55307E+21,9.95107E+15,5.01259E+16
90173,9.17083E+18,9,6,78,130,2017,8,1,7,3,8,1,0,1,0,0,0,2,1,5.93807E+20,5.52833E+21,1.03062E+16,4.99E+16
90174,9.17083E+18,9,6,73,117,2017,8,10,7,3,5,3,0,1,0,1,0,0,0,5.72E+20,5.58369E+21,1.00131E+16,5.04008E+16
90175,9.17083E+18,9,6,78,193,2017,8,19,7,3,7,7,0,0,0,1,0,0,0,5.74185E+20,5.54383E+21,1.0036E+16,5.00421E+16
90176,9.17083E+18,9,6,78,170,2017,8,12,7,3,5,3,1,1,0,0,0,0,0,5.86856E+20,5.53726E+21,1.02115E+16,4.99813E+16
90177,9.17083E+18,9,6,76,121,2017,8,19,7,3,3,3,1,1,0,0,0,0,0,5.12054E+20,5.52267E+21,9.16769E+15,4.98564E+16
90178,9.17083E+18,9,6,71,122,2017,8,17,7,3,2,6,0,1,0,0,0,0,0,5.0677E+20,5.53207E+21,9.09436E+15,4.9941E+16
90179,9.17083E+18,9,5,74,123,2017,8,6,7,3,8,7,0,1,0,0,0,1,0,6.59465E+20,5.47416E+21,1.11979E+16,4.93992E+16
90180,9.17083E+18,9,5,76,113,2017,8,19,7,3,2,6,0,1,0,0,0,0,0,6.64335E+20,5.45714E+21,1.1258E+16,4.9245E+16
90181,9.17083E+18,9,5,74,123,2017,8,19,7,3,9,6,1,1,0,0,0,0,0,6.64871E+20,5.4722E+21,1.12715E+16,4.93802E+16
90182,9.17083E+18,9,5,63,0,2017,8,12,7,2,4,6,1,0,0,0,0,0,0,6.43082E+20,5.48765E+21,1.09771E+16,4.95245E+16
90183,9.17083E+18,9,5,64,0,2017,8,10,7,3,2,6,0,1,0,0,1,0,0,6.57421E+20,5.48186E+21,1.11728E+16,4.9469E+16
90184,9.17083E+18,9,5,73,125,2017,8,17,7,3,8,1,0,0,0,1,0,0,0,6.41029E+20,5.47182E+21,1.09431E+16,4.93827E+16
90185,9.17083E+18,9,5,73,125,2017,8,5,7,3,8,1,0,1,0,0,0,2,1,6.38629E+20,5.47197E+21,1.09101E+16,4.93846E+16
90186,9.17083E+18,9,5,77,172,2017,8,0,7,3,8,1,0,1,0,0,0,2,0,6.33059E+20,5.43877E+21,1.08224E+16,4.90874E+16
90187,9.17083E+18,9,5,75,161,2017,8,17,7,3,0,1,1,0,0,0,0,0,0,6.05811E+20,5.50241E+21,1.04663E+16,4.96649E+16
90188,9.17083E+18,9,5,71,115,2017,8,15,7,3,5,3,1,1,0,0,0,0,0,6.13742E+20,5.44699E+21,1.05603E+16,4.91652E+16
90189,9.17083E+18,9,5,61,0,2017,8,9,7,3,4,2,0,1,0,0,0,0,0,6.14665E+20,5.46235E+21,1.05773E+16,4.93032E+16
90190,9.17083E+18,9,4,64,0,2017,8,13,7,3,5,3,0,1,0,0,0,0,0,7.0738E+20,5.5785E+21,1.19134E+16,5.03221E+16
90191,9.17083E+18,9,4,73,120,2017,8,9,7,3,9,1,0,1,0,0,0,0,1,6.42717E+20,5.57339E+21,1.10038E+16,5.02954E+16
90192,9.17083E+18,9,4,76,164,2017,8,12,7,3,8,7,0,1,0,0,0,0,0,6.65658E+20,5.58259E+21,1.13296E+16,5.0372E+16
90193,9.17083E+18,9,4,77,118,2017,8,10,7,2,0,1,1,0,0,0,0,0,1,6.83155E+20,5.55899E+21,1.1564E+16,5.01548E+16
90194,9.17083E+18,9,4,72,154,2017,8,16,7,3,5,3,0,1,0,0,0,0,0,6.64214E+20,5.53431E+21,1.12885E+16,4.99386E+16
90195,9.17083E+18,9,4,72,131,2017,8,15,7,2,7,1,0,0,0,1,0,0,0,6.77638E+20,5.53376E+21,1.14752E+16,4.99298E+16
90196,9.17083E+18,9,4,72,154,2017,8,13,7,2,8,1,0,0,0,1,0,0,0,6.61711E+20,5.53658E+21,1.12546E+16,4.99596E+16
90197,9.17083E+18,9,4,62,0,2017,8,17,7,2,5,2,0,1,0,1,0,0,0,6.82492E+20,5.53456E+21,1.15431E+16,4.99355E+16
90198,9.17083E+18,9,3,77,137,2017,8,14,7,2,9,1,0,1,0,0,0,0,0,7.36233E+20,5.53661E+21,1.22921E+16,4.9935E+16
90199,9.17083E+18,9,3,73,113,2017,8,13,7,3,8,1,0,1,0,0,0,0,0,6.78899E+20,5.46631E+21,1.1462E+16,4.93233E+16
90200,9.17083E+18,9,3,73,147,2017,8,17,7,2,4,2,0,1,0,1,0,0,0,6.77477E+20,5.46014E+21,1.14397E+16,4.92683E+16
90201,9.17083E+18,9,3,73,126,2017,8,20,7,2,9,7,0,0,0,1,0,2,0,6.72673E+20,5.4515E+21,1.137E+16,4.9192E+16
90202,9.17083E+18,9,3,76,144,2017,8,18,7,3,8,1,0,1,0,0,0,0,0,7.31006E+20,5.48144E+21,1.21868E+16,4.94417E+16
90203,9.17083E+18,9,3,71,126,2017,8,12,7,3,8,7,0,1,0,0,0,0,0,7.04282E+20,5.48705E+21,1.18216E+16,4.95017E+16
90204,9.17083E+18,9,3,71,148,2017,8,14,7,3,8,1,0,0,0,1,0,0,0,7.12256E+20,5.4615E+21,1.19179E+16,4.92693E+16
90205,9.17083E+18,9,3,71,148,2017,8,14,7,3,0,1,0,0,0,1,0,0,0,7.12253E+20,5.4615E+21,1.19179E+16,4.92694E+16
90206,9.17083E+18,9,2,76,111,2017,8,21,7,2,8,1,0,1,0,0,0,2,0,7.87209E+20,5.42801E+21,1.29223E+16,4.89383E+16
90207,9.17083E+18,9,2,76,139,2017,8,22,7,3,4,1,0,1,0,0,0,2,0,8.07463E+20,5.43086E+21,1.32003E+16,4.89541E+16
90208,9.17083E+18,9,2,71,122,2017,8,15,7,3,5,7,0,1,0,0,0,0,0,7.90446E+20,5.42107E+21,1.29614E+16,4.88745E+16
90209,9.17083E+18,9,2,77,138,2017,8,15,7,3,2,7,0,1,0,0,0,0,0,7.91982E+20,5.37003E+21,1.29464E+16,4.84157E+16
90210,9.17083E+18,9,2,75,134,2017,8,19,7,3,4,2,0,1,0,0,0,0,0,8.23815E+20,5.37402E+21,1.33785E+16,4.84359E+16
90211,9.17083E+18,9,2,62,0,2017,8,9,7,3,5,6,0,1,0,0,0,0,0,8.25186E+20,5.38627E+21,1.34065E+16,4.85451E+16
90212,9.17083E+18,9,2,72,151,2017,8,9,7,3,2,1,0,1,0,0,0,0,0,8.36403E+20,5.41122E+21,1.35782E+16,4.87629E+16
90213,9.17083E+18,9,2,74,183,2017,8,11,7,1,0,1,0,1,0,0,0,0,0,7.41881E+20,5.36328E+21,1.22666E+16,4.83763E+16
90214,9.17083E+18,9,2,61,0,2017,8,16,7,3,4,2,1,1,0,0,0,0,0,7.316E+20,5.38154E+21,1.21381E+16,4.85442E+16
90215,9.17083E+18,9,2,61,0,2017,8,3,7,3,0,1,1,0,0,0,0,2,0,7.32216E+20,5.38002E+21,1.21456E+16,4.85302E+16
90216,9.17083E+18,9,2,74,113,2017,8,18,7,3,2,6,0,1,0,0,0,0,0,7.2838E+20,5.38394E+21,1.20958E+16,4.85669E+16
90217,9.17083E+18,9,1,90,159,2017,8,11,7,2,0,1,0,0,0,1,0,0,0,6.62942E+20,5.30544E+21,1.11794E+16,4.78816E+16
90218,9.17083E+18,9,1,90,141,2017,8,11,7,3,6,4,0,1,1,0,0,0,0,6.78255E+20,5.2918E+21,1.13784E+16,4.77549E+16
90219,9.17083E+18,9,1,80,128,2017,8,21,7,3,8,6,0,1,0,1,0,2,0,6.67284E+20,5.28708E+21,1.12304E+16,4.77154E+16
90220,9.17083E+18,9,1,80,124,2017,8,13,7,3,1,6,0,0,0,1,1,0,0,6.65294E+20,5.28326E+21,1.12024E+16,4.76815E+16
90221,9.17083E+18,9,1,73,112,2017,8,14,7,3,4,2,0,1,0,0,0,0,0,6.93212E+20,5.29281E+21,1.15783E+16,4.77596E+16
90222,9.17083E+18,9,1,89,143,2017,8,17,7,3,0,7,1,0,1,0,0,0,0,7.60079E+20,5.31478E+21,1.24823E+16,4.79335E+16
90223,9.17083E+18,9,1,89,150,2017,8,14,7,2,2,6,0,1,0,0,0,0,0,7.78733E+20,5.32044E+21,1.27352E+16,4.79765E+16
90224,9.17083E+18,9,1,72,115,2017,8,9,7,3,5,3,0,1,0,0,0,0,0,7.92784E+20,5.29306E+21,1.29045E+16,4.77245E+16
90225,9.17083E+18,9,1,84,145,2017,8,22,7,3,8,6,0,1,0,0,0,2,0,6.97421E+20,5.32466E+21,1.16489E+16,4.80446E+16
90226,9.17083E+18,9,1,62,0,2017,8,1,7,2,3,6,1,1,0,0,0,2,0,6.94672E+20,5.33195E+21,1.16154E+16,4.8111E+16
90227,9.17083E+18,9,1,87,148,2017,8,10,7,3,0,7,0,0,0,0,1,0,0,7.40178E+20,5.27748E+21,1.21956E+16,4.76062E+16
90228,9.17083E+18,9,1,87,177,2017,8,0,7,3,8,1,0,1,0,0,0,2,0,7.36244E+20,5.30584E+21,1.21588E+16,4.78624E+16
90229,9.17083E+18,9,1,86,137,2017,8,20,7,3,4,2,0,1,0,0,0,2,0,6.84624E+20,5.39925E+21,1.15102E+16,4.87189E+16
90230,9.17083E+18,9,1,86,147,2017,8,21,7,2,4,2,0,1,0,0,1,2,0,6.85266E+20,5.39104E+21,1.15152E+16,4.86449E+16
90231,9.17083E+18,9,1,76,165,2017,8,19,7,3,8,7,0,1,0,0,0,0,0,6.65756E+20,5.42241E+21,1.12632E+16,4.89324E+16
90232,9.17083E+18,9,1,76,112,2017,8,16,7,2,8,1,0,0,0,1,0,0,0,6.96858E+20,5.42173E+21,1.16871E+16,4.89172E+16
90233,9.17083E+18,9,1,88,139,2017,8,18,7,3,0,7,1,0,0,0,0,0,0,6.75251E+20,5.32084E+21,1.13502E+16,4.80168E+16
90234,9.17083E+18,9,1,88,113,2017,8,1,7,2,8,7,0,1,0,0,0,2,0,6.7614E+20,5.31801E+21,1.13609E+16,4.79911E+16
90235,9.17083E+18,9,1,79,126,2017,8,17,7,2,3,6,0,1,0,1,0,0,0,6.77E+20,5.33985E+21,1.13815E+16,4.81872E+16
90236,9.17083E+18,9,1,79,121,2017,8,11,7,3,5,7,0,1,0,1,0,0,0,6.66387E+20,5.341E+21,1.12393E+16,4.82004E+16
90237,9.17083E+18,9,1,81,114,2017,8,19,7,3,8,1,0,0,0,1,0,0,0,6.51688E+20,5.31134E+21,1.10311E+16,4.79374E+16
90238,9.17083E+18,9,1,75,132,2017,8,13,7,3,1,7,0,1,0,0,0,0,0,7.05197E+20,5.3338E+21,1.17575E+16,4.81244E+16
90239,9.17083E+18,9,1,75,135,2017,8,17,7,3,4,2,0,1,0,0,0,0,0,7.08989E+20,5.33947E+21,1.18112E+16,4.81741E+16
90240,9.17083E+18,9,1,78,145,2017,8,12,7,3,0,1,1,0,0,0,0,0,0,6.96478E+20,5.35513E+21,1.16504E+16,4.83188E+16
90241,9.17083E+18,9,1,78,143,2017,8,9,7,3,5,3,1,1,0,0,0,0,0,7.16437E+20,5.37182E+21,1.19279E+16,4.84623E+16
90242,9.17083E+18,9,1,77,117,2017,8,15,7,3,5,2,1,1,0,0,0,0,0,7.15394E+20,5.35518E+21,1.19053E+16,4.83131E+16
90243,9.17083E+18,9,1,77,113,2017,8,19,7,3,5,3,0,1,0,0,0,1,0,7.2352E+20,5.35833E+21,1.20164E+16,4.83386E+16
90244,9.17083E+18,9,1,75,115,2017,8,14,7,2,0,1,0,0,0,1,0,0,0,7.21047E+20,5.32999E+21,1.19683E+16,4.80848E+16
90245,9.17083E+18,9,1,75,122,2017,8,8,7,3,8,1,0,0,0,1,0,0,0,7.21101E+20,5.32548E+21,1.19667E+16,4.80443E+16
90246,9.17083E+18,9,1,77,123,2017,8,11,7,3,5,3,0,1,0,0,1,0,0,7.27511E+20,5.34337E+21,1.20621E+16,4.82028E+16
90247,9.17083E+18,9,1,77,138,2017,8,19,7,3,1,6,1,1,0,0,0,0,0,7.28404E+20,5.36461E+21,1.20856E+16,4.83932E+16
90248,9.17083E+18,9,1,84,127,2017,8,17,6,3,5,3,0,1,0,0,0,0,0,7.0128E+20,5.32127E+21,1.16991E+16,4.8013E+16
90249,9.17083E+18,9,1,62,0,2017,8,14,6,3,3,6,0,1,0,1,0,0,0,6.87688E+20,5.33344E+21,1.15223E+16,4.81265E+16
90250,9.17083E+18,9,1,62,0,2017,8,14,6,3,5,2,1,0,0,0,1,0,0,6.82949E+20,5.33942E+21,1.14613E+16,4.81816E+16
90251,9.17083E+18,9,1,84,114,2017,8,17,6,3,5,2,1,1,0,0,0,0,0,7.02658E+20,5.3181E+21,1.1716E+16,4.79841E+16
90252,9.17083E+18,9,7,75,135,2017,8,20,6,3,5,3,1,1,0,0,0,1,0,5.73134E+20,5.35939E+21,9.98775E+15,4.83835E+16
90253,9.17083E+18,9,7,80,131,2017,8,18,6,3,3,6,0,0,0,1,0,0,0,5.90617E+20,5.25409E+21,1.02017E+16,4.74339E+16
90254,9.17083E+18,9,7,63,0,2017,8,10,6,3,2,6,0,1,0,0,0,0,0,5.99202E+20,5.289E+21,1.03234E+16,4.77467E+16
90255,9.17083E+18,9,7,62,0,2017,8,11,6,3,1,6,0,1,0,0,0,0,0,6.23183E+20,5.30626E+21,1.06481E+16,4.78979E+16
90256,9.17083E+18,9,7,80,132,2017,8,17,6,1,5,2,0,0,0,1,1,0,0,5.76019E+20,5.26573E+21,1.00101E+16,4.75405E+16
90257,9.17083E+18,9,7,72,115,2017,8,5,6,3,0,7,0,1,0,1,0,2,0,6.17965E+20,5.37159E+21,1.05965E+16,4.84863E+16
90258,9.17083E+18,9,7,72,178,2017,8,17,6,3,4,6,0,0,0,1,0,0,0,6.2262E+20,5.34308E+21,1.06511E+16,4.82291E+16
90259,9.17083E+18,9,7,71,142,2017,8,12,6,3,4,6,1,0,0,0,0,0,0,6.45521E+20,5.35234E+21,1.09625E+16,4.83075E+16
90260,9.17083E+18,9,7,61,0,2017,8,9,6,3,5,3,0,1,0,0,0,0,0,6.42773E+20,5.35757E+21,1.09273E+16,4.83552E+16
90261,9.17083E+18,9,6,63,0,2017,8,21,6,3,2,6,0,1,0,0,1,2,1,5.67019E+20,5.5115E+21,9.93038E+15,4.97522E+16
90262,9.17083E+18,9,6,79,138,2017,8,17,6,2,5,3,0,1,0,0,0,0,0,5.68384E+20,5.49939E+21,9.94721E+15,4.96431E+16
90263,9.17083E+18,9,6,75,174,2017,8,13,6,3,3,2,0,1,0,0,0,0,0,5.86401E+20,5.52437E+21,1.02023E+16,4.98655E+16
90264,9.17083E+18,9,6,75,178,2017,8,9,6,3,4,2,0,1,0,1,0,0,0,5.96525E+20,5.51633E+21,1.03411E+16,4.97917E+16
90265,9.17083E+18,9,6,75,131,2017,8,16,6,3,5,3,0,1,0,0,0,0,0,5.90126E+20,5.51211E+21,1.02512E+16,4.97547E+16
90266,9.17083E+18,9,6,75,156,2017,8,16,6,3,2,7,1,1,0,0,0,0,0,5.85571E+20,5.50138E+21,1.01857E+16,4.96589E+16
90267,9.17083E+18,9,6,73,170,2017,8,22,6,3,8,7,0,1,0,0,0,2,1,5.89163E+20,5.59317E+21,1.02568E+16,5.04837E+16
90268,9.17083E+18,9,6,74,133,2017,8,12,6,3,8,1,0,1,0,0,0,0,0,6.1536E+20,5.53846E+21,1.06093E+16,4.99873E+16
90269,9.17083E+18,9,6,72,161,2017,8,15,6,3,4,2,0,0,0,1,1,0,0,5.55493E+20,5.55996E+21,9.77737E+15,5.01892E+16
90270,9.17083E+18,9,6,73,173,2017,8,14,6,3,4,6,0,0,0,0,1,0,0,5.99926E+20,5.56953E+21,1.04022E+16,5.02695E+16
90271,9.17083E+18,9,6,71,112,2017,8,13,6,3,0,7,1,0,0,0,0,0,0,5.17775E+20,5.53468E+21,9.24784E+15,4.99642E+16
90272,9.17083E+18,9,5,62,0,2017,8,16,6,3,3,6,0,1,0,0,1,0,0,6.43338E+20,5.49162E+21,1.09821E+16,4.95602E+16
90273,9.17083E+18,9,5,74,123,2017,8,17,6,3,3,6,0,1,0,0,0,0,0,6.60757E+20,5.47788E+21,1.12172E+16,4.94323E+16
90274,9.17083E+18,9,5,72,149,2017,8,10,6,2,5,3,1,1,0,0,0,0,0,6.39132E+20,5.5038E+21,1.09283E+16,4.96706E+16
90275,9.17083E+18,9,5,72,127,2017,8,16,6,3,5,3,1,1,0,0,0,0,0,6.35282E+20,5.49933E+21,1.08734E+16,4.96313E+16
90276,9.17083E+18,9,5,62,0,2017,8,12,6,3,2,6,0,1,0,0,0,0,0,6.44708E+20,5.4969E+21,1.1003E+16,4.96074E+16
90277,9.17083E+18,9,5,72,115,2017,8,22,6,3,1,6,0,1,0,0,0,2,0,6.46751E+20,5.50273E+21,1.10334E+16,4.96592E+16
90278,9.17083E+18,9,5,64,0,2017,8,10,6,2,0,7,1,0,0,0,0,0,0,6.47692E+20,5.47602E+21,1.10364E+16,4.94189E+16
90279,9.17083E+18,9,5,77,125,2017,8,12,6,3,5,6,0,1,0,0,0,0,0,6.40252E+20,5.43642E+21,1.09201E+16,4.90647E+16
90280,9.17083E+18,9,5,75,121,2017,8,13,6,2,8,1,0,0,0,1,0,0,0,6.23975E+20,5.49079E+21,1.07142E+16,4.9557E+16
90281,9.17083E+18,9,5,71,165,2017,8,9,6,3,2,2,0,1,0,0,0,0,0,6.29437E+20,5.4653E+21,1.07814E+16,4.93267E+16
90282,9.17083E+18,9,5,75,168,2017,8,15,6,3,5,3,0,1,0,0,1,0,0,5.88892E+20,5.48893E+21,1.02288E+16,4.95465E+16
90283,9.17083E+18,9,5,75,122,2017,8,13,6,3,0,7,0,1,0,0,1,0,0,5.94547E+20,5.48541E+21,1.03061E+16,4.95139E+16
90284,9.17083E+18,9,5,71,146,2017,8,15,6,2,5,3,0,1,0,1,0,0,0,6.12172E+20,5.47712E+21,1.05472E+16,4.94364E+16
90285,9.17083E+18,9,4,73,151,2017,8,20,6,3,8,1,0,0,0,1,0,1,0,6.50348E+20,5.57745E+21,1.11124E+16,5.03299E+16
90286,9.17083E+18,9,4,78,176,2017,8,7,6,3,8,1,0,1,0,0,0,0,0,6.61437E+20,5.54318E+21,1.12536E+16,5.00191E+16
90287,9.17083E+18,9,4,72,119,2017,8,23,6,3,9,1,0,0,0,0,1,2,1,6.87064E+20,5.5425E+21,1.16106E+16,5.00054E+16
90288,9.17083E+18,9,4,77,128,2017,8,13,6,3,8,7,1,0,0,0,0,0,0,6.75494E+20,5.54843E+21,1.1452E+16,5.00622E+16
90289,9.17083E+18,9,4,72,199,2017,8,17,6,2,9,1,0,1,0,0,0,0,0,6.94552E+20,5.53665E+21,1.17121E+16,4.99505E+16
90290,9.17083E+18,9,4,62,0,2017,8,10,6,3,6,6,1,0,1,0,0,0,0,6.81881E+20,5.53413E+21,1.15344E+16,4.99318E+16
90291,9.17083E+18,9,4,62,0,2017,8,8,6,3,7,1,1,0,0,0,1,0,0,6.84204E+20,5.53522E+21,1.15673E+16,4.99409E+16
90292,9.17083E+18,9,4,74,123,2017,8,20,6,3,9,1,0,1,0,0,0,2,0,6.47315E+20,5.51528E+21,1.10459E+16,4.97719E+16
90293,9.17083E+18,9,3,63,0,2017,8,2,6,3,8,1,0,1,0,0,0,2,0,7.26701E+20,5.50388E+21,1.21404E+16,4.96448E+16
90294,9.17083E+18,9,3,74,132,2017,8,14,6,2,4,2,0,1,0,1,0,0,0,7.36476E+20,5.49674E+21,1.22713E+16,4.9577E+16
90295,9.17083E+18,9,3,75,213,2017,8,11,6,3,2,6,0,1,0,0,0,0,0,7.26394E+20,5.44132E+21,1.21006E+16,4.90831E+16
90296,9.17083E+18,9,3,75,179,2017,8,13,6,3,5,2,0,1,0,0,0,0,0,7.32351E+20,5.42911E+21,1.21751E+16,4.89712E+16
90297,9.17083E+18,9,3,73,147,2017,8,18,6,3,5,3,0,0,0,1,1,0,0,6.78138E+20,5.45941E+21,1.14484E+16,4.92615E+16
90298,9.17083E+18,9,3,72,151,2017,8,17,6,2,2,2,0,1,0,1,1,0,0,7.80167E+20,5.45949E+21,1.28481E+16,4.9224E+16
90299,9.17083E+18,9,3,72,138,2017,8,18,6,2,9,1,0,1,0,0,0,0,0,7.9337E+20,5.46003E+21,1.30294E+16,4.92227E+16
90300,9.17083E+18,9,3,72,130,2017,8,14,6,2,0,7,0,0,1,0,1,0,0,7.83385E+20,5.45591E+21,1.28897E+16,4.91905E+16
90301,9.17083E+18,9,2,78,113,2017,8,18,6,2,0,1,1,0,0,0,0,0,0,7.66403E+20,5.4164E+21,1.26312E+16,4.88433E+16
90302,9.17083E+18,9,2,78,192,2017,8,0,6,2,7,7,0,0,0,1,0,2,0,7.71396E+20,5.41395E+21,1.26975E+16,4.88192E+16
90303,9.17083E+18,9,2,71,119,2017,8,14,6,3,2,6,0,1,0,0,0,0,0,7.85084E+20,5.41451E+21,1.28839E+16,4.8818E+16
90304,9.17083E+18,9,2,75,154,2017,8,13,6,2,2,6,0,1,0,0,0,0,0,8.07611E+20,5.39261E+21,1.31737E+16,4.86109E+16
90305,9.17083E+18,9,2,74,120,2017,8,22,6,3,0,7,1,0,0,0,0,2,0,7.51433E+20,5.36739E+21,1.23978E+16,4.84095E+16
90306,9.17083E+18,9,2,74,128,2017,8,11,6,3,5,3,0,1,0,0,0,0,0,7.38135E+20,5.38939E+21,1.2231E+16,4.86122E+16
90307,9.17083E+18,9,2,79,112,2017,8,15,6,3,2,6,0,1,0,0,0,0,0,7.56575E+20,5.39381E+21,1.24834E+16,4.86447E+16
90308,9.17083E+18,9,1,73,120,2017,8,16,6,3,1,2,0,1,0,1,0,0,0,6.89283E+20,5.31118E+21,1.15339E+16,4.7926E+16
90309,9.17083E+18,9,1,90,132,2017,8,15,6,3,5,3,1,1,0,0,0,0,0,6.75289E+20,5.29375E+21,1.13397E+16,4.77733E+16
90310,9.17083E+18,9,1,73,112,2017,8,17,6,2,4,6,0,1,0,1,0,0,0,6.91218E+20,5.29568E+21,1.15529E+16,4.77861E+16
90311,9.17083E+18,9,1,73,111,2017,8,21,6,3,0,1,0,0,0,1,0,2,0,6.82755E+20,5.29207E+21,1.14385E+16,4.77561E+16
90312,9.17083E+18,9,1,72,116,2017,8,17,6,3,1,6,0,1,0,0,0,0,0,8.00642E+20,5.28271E+21,1.30019E+16,4.76279E+16
90313,9.17083E+18,9,1,89,155,2017,8,17,6,3,5,3,0,1,0,1,0,0,0,7.73368E+20,5.30838E+21,1.26558E+16,4.78705E+16
90314,9.17083E+18,9,1,89,152,2017,8,11,6,3,5,3,0,1,0,0,0,0,0,7.8049E+20,5.33024E+21,1.27651E+16,4.80637E+16
90315,9.17083E+18,9,1,89,120,2017,8,17,6,3,5,3,0,1,0,0,0,0,0,7.55457E+20,5.29902E+21,1.24112E+16,4.77939E+16
90316,9.17083E+18,9,1,72,124,2017,8,19,6,2,0,1,1,0,0,0,0,0,0,8.03628E+20,5.2904E+21,1.30469E+16,4.76955E+16
90317,9.17083E+18,9,1,72,114,2017,8,16,6,3,4,2,0,1,0,0,0,0,0,7.92848E+20,5.29547E+21,1.2907E+16,4.7746E+16
90318,9.17083E+18,9,1,72,128,2017,8,12,6,3,1,6,0,1,0,0,0,0,0,7.92479E+20,5.2961E+21,1.29025E+16,4.77518E+16
90319,9.17083E+18,9,1,72,114,2017,8,14,6,3,0,2,0,1,0,1,0,0,0,7.902E+20,5.29275E+21,1.28699E+16,4.77228E+16
90320,9.17083E+18,9,1,87,169,2017,8,16,6,3,9,7,0,1,0,0,0,0,0,7.38783E+20,5.29917E+21,1.2189E+16,4.78015E+16
90321,9.17083E+18,9,1,63,0,2017,8,7,6,3,5,3,1,1,0,0,0,0,0,7.33576E+20,5.30319E+21,1.21217E+16,4.78395E+16
90322,9.17083E+18,9,1,82,136,2017,8,13,6,3,3,6,0,1,0,0,0,0,0,7.03022E+20,5.3003E+21,1.17125E+16,4.7824E+16
90323,9.17083E+18,9,1,87,129,2017,8,17,6,3,5,7,1,1,0,0,0,0,0,7.23076E+20,5.29812E+21,1.1979E+16,4.77977E+16
90324,9.17083E+18,9,1,87,150,2017,8,15,6,3,2,6,0,1,0,1,0,0,0,7.27069E+20,5.30319E+21,1.20349E+16,4.78419E+16
90325,9.17083E+18,9,1,61,0,2017,8,12,6,3,5,3,1,1,0,0,0,0,0,6.79518E+20,5.40235E+21,1.14422E+16,4.87482E+16
90326,9.17083E+18,9,1,86,137,2017,8,15,6,3,2,6,0,1,0,0,0,0,0,6.82972E+20,5.39774E+21,1.14871E+16,4.87058E+16
90327,9.17083E+18,9,1,85,166,2017,8,14,6,3,5,3,0,1,0,0,0,0,0,6.72551E+20,5.38356E+21,1.13396E+16,4.85813E+16
90328,9.17083E+18,9,1,86,143,2017,8,10,6,2,9,6,0,0,0,1,1,0,0,6.82803E+20,5.37973E+21,1.14768E+16,4.85441E+16
90329,9.17083E+18,9,1,85,125,2017,8,17,6,2,5,3,0,1,0,1,0,0,0,6.51444E+20,5.39508E+21,1.10579E+16,4.86904E+16
90330,9.17083E+18,9,1,86,137,2017,8,21,6,3,2,3,0,1,0,0,1,2,0,6.88432E+20,5.4004E+21,1.15624E+16,4.87282E+16