OBJECTID,UIDENTSTLA,ULAND,UREGBEZ,UKREIS,UGEMEINDE,UJAHR,UMONAT,USTUNDE,UWOCHENTAG,UKATEGORIE,UART,UTYP1,IstRad,IstPKW,IstFuss,IstKrad,IstSonstig,LICHT,STRZUSTAND,LINREFX,LINREFY,XGCSWGS84,YGCSWGS84
90331,9.17083E+18,9,1,81,130,2017,8,15,6,3,0,1,0,0,0,1,0,0,0,6.3948E+20,5.32313E+21,1.08715E+16,4.80462E+16
90332,9.17083E+18,9,1,88,117,2017,8,12,6,3,4,6,0,1,0,0,0,0,0,6.64199E+20,5.31533E+21,1.12E+16,4.79702E+16
90333,9.17083E+18,9,1,74,126,2017,8,12,6,3,2,6,0,1,0,0,0,0,0,6.83456E+20,5.34414E+21,1.14701E+16,4.82239E+16
90334,9.17083E+18,9,1,74,126,2017,8,15,6,3,5,3,0,1,0,1,0,0,0,6.83745E+20,5.34389E+21,1.14739E+16,4.82216E+16
90335,9.17083E+18,9,1,78,124,2017,8,16,6,3,9,1,0,1,0,0,0,0,0,6.99575E+20,5.36748E+21,1.1698E+16,4.84288E+16
90336,9.17083E+18,9,1,78,136,2017,8,12,6,2,4,6,0,1,0,1,0,0,0,7.00718E+20,5.36643E+21,1.17129E+16,4.8419E+16
90337,9.17083E+18,9,1,78,136,2017,8,14,6,3,8,1,0,0,0,1,0,0,0,6.97146E+20,5.37437E+21,1.16684E+16,4.84915E+16
90338,9.17083E+18,9,1,77,135,2017,8,21,6,3,7,1,0,1,0,0,0,2,0,7.20659E+20,5.34199E+21,1.19693E+16,4.81928E+16
90339,9.17083E+18,9,1,77,130,2017,8,19,6,3,9,1,0,0,0,1,0,0,0,7.13423E+20,5.34955E+21,1.18759E+16,4.82632E+16
90340,9.17083E+18,9,1,75,124,2017,8,11,6,3,2,6,0,1,0,1,0,0,0,7.12185E+20,5.32942E+21,1.18492E+16,4.80827E+16
90341,9.17083E+18,9,1,75,115,2017,8,14,6,3,5,3,0,1,0,0,0,0,0,7.18387E+20,5.32781E+21,1.19315E+16,4.80661E+16
90342,9.17082E+18,9,1,62,0,2017,8,20,5,3,2,6,0,0,0,1,0,2,0,6.97619E+20,5.33016E+21,1.16541E+16,4.8094E+16
90343,9.17082E+18,9,1,84,137,2017,8,10,5,3,4,2,0,1,0,0,0,0,0,7.09252E+20,5.31375E+21,1.18022E+16,4.79429E+16
90344,9.17082E+18,9,1,84,130,2017,8,14,5,2,8,1,0,0,0,1,0,0,0,7.00911E+20,5.34852E+21,1.1707E+16,4.8258E+16
90345,9.17082E+18,9,7,78,177,2017,8,13,5,3,8,7,0,0,0,1,0,0,0,5.87977E+20,5.32331E+21,1.01807E+16,4.8057E+16
90346,9.17082E+18,9,7,78,161,2017,8,18,5,3,0,1,1,0,0,0,0,0,1,5.83692E+20,5.30595E+21,1.01198E+16,4.79014E+16
90347,9.17082E+18,9,7,80,119,2017,8,21,5,2,5,3,0,1,0,1,0,2,1,5.98391E+20,5.29406E+21,1.03137E+16,4.77923E+16
90348,9.17082E+18,9,7,80,143,2017,8,10,5,3,2,6,0,1,0,0,0,0,0,5.98122E+20,5.28204E+21,1.03074E+16,4.76843E+16
90349,9.17082E+18,9,7,80,120,2017,8,18,5,3,9,1,0,1,0,0,0,0,1,6.00533E+20,5.28402E+21,1.034E+16,4.77017E+16
90350,9.17082E+18,9,7,77,138,2017,8,14,5,2,0,1,1,0,0,0,0,0,0,6.0452E+20,5.29805E+21,1.03965E+16,4.78273E+16
90351,9.17083E+18,9,3,77,129,2017,8,14,5,3,2,2,0,1,0,0,0,0,1,7.06644E+20,5.5279E+21,1.18757E+16,4.98678E+16
90352,9.17083E+18,9,3,74,155,2017,8,13,5,3,5,3,0,1,0,0,0,0,0,6.96367E+20,5.52014E+21,1.17289E+16,4.98015E+16
90353,9.17083E+18,9,3,74,124,2017,8,10,5,3,2,2,0,1,0,0,0,0,0,7.15363E+20,5.50706E+21,1.19853E+16,4.96775E+16
90354,9.17083E+18,9,3,75,175,2017,8,10,5,2,0,7,0,1,0,0,1,0,0,7.15282E+20,5.43525E+21,1.19454E+16,4.90325E+16
90355,9.17083E+18,9,6,75,178,2017,8,14,5,3,2,6,0,1,0,0,1,0,0,5.96646E+20,5.51484E+21,1.03424E+16,4.97783E+16
90356,9.17083E+18,9,6,75,146,2017,8,5,5,3,0,7,1,0,0,0,0,1,1,5.82937E+20,5.5141E+21,1.01519E+16,4.97736E+16
90357,9.17083E+18,9,6,74,130,2017,8,13,5,3,8,1,0,1,0,0,0,0,1,6.2371E+20,5.55051E+21,1.07296E+16,5.0094E+16
90358,9.17083E+18,9,6,73,114,2017,8,14,5,3,2,6,0,1,0,0,0,0,0,5.85565E+20,5.57478E+21,1.02019E+16,5.03189E+16
90359,9.17083E+18,9,6,72,134,2017,8,14,5,2,9,1,0,1,0,0,0,0,0,5.54847E+20,5.58063E+21,9.77132E+15,5.03752E+16
90360,9.17083E+18,9,6,71,112,2017,8,11,5,3,3,6,0,1,0,0,1,0,1,5.18688E+20,5.53692E+21,9.26068E+15,4.99843E+16
90361,9.17083E+18,9,6,61,0,2017,8,17,5,2,6,4,1,0,1,0,0,0,0,5.10618E+20,5.53605E+21,9.14808E+15,4.99767E+16
90362,9.17083E+18,9,6,61,0,2017,8,18,5,3,4,1,0,1,0,0,0,0,0,5.1078E+20,5.53623E+21,9.15035E+15,4.99783E+16
90363,9.17083E+18,9,6,71,111,2017,8,2,5,2,8,1,0,1,0,0,0,2,1,5.09664E+20,5.54919E+21,9.13511E+15,5.00949E+16
90364,9.17083E+18,9,6,71,143,2017,8,8,5,3,1,6,0,1,0,0,0,0,1,5.10892E+20,5.54402E+21,9.15213E+15,5.00484E+16
90365,9.17083E+18,9,5,62,0,2017,8,10,5,2,0,2,1,1,0,0,0,0,0,6.44652E+20,5.49694E+21,1.10022E+16,4.96077E+16
90366,9.17083E+18,9,5,65,0,2017,8,16,5,3,4,2,0,1,0,1,0,0,1,6.47098E+20,5.46619E+21,1.10246E+16,4.93307E+16
90367,9.17083E+18,9,5,76,143,2017,8,13,5,3,4,6,0,1,0,0,0,0,1,6.56085E+20,5.45358E+21,1.11433E+16,4.92151E+16
90368,9.17083E+18,9,5,74,147,2017,8,17,5,3,9,7,0,1,0,0,1,0,1,6.79911E+20,5.48864E+21,1.1486E+16,4.95236E+16
90369,9.17083E+18,9,5,63,0,2017,8,14,5,3,6,4,0,0,1,1,0,0,1,6.43902E+20,5.48094E+21,1.0986E+16,4.9464E+16
90370,9.17083E+18,9,5,73,111,2017,8,17,5,3,2,7,0,1,0,0,0,0,1,6.34352E+20,5.47565E+21,1.08525E+16,4.94187E+16
90371,9.17083E+18,9,5,77,177,2017,8,14,5,3,3,6,0,1,0,0,1,0,1,6.42361E+20,5.42726E+21,1.09457E+16,4.89818E+16
90372,9.17083E+18,9,5,75,127,2017,8,12,5,3,3,6,0,0,0,0,1,0,0,5.8477E+20,5.49186E+21,1.01725E+16,4.95734E+16
90373,9.17083E+18,9,5,71,177,2017,8,0,5,2,0,1,0,0,0,1,0,2,1,6.23047E+20,5.45106E+21,1.06891E+16,4.92E+16
90374,9.17083E+18,9,4,73,144,2017,8,18,5,3,2,6,0,1,0,0,0,0,1,6.3593E+20,5.57341E+21,1.09085E+16,5.02971E+16
90375,9.17083E+18,9,4,73,159,2017,8,17,5,2,5,3,0,1,0,0,0,0,0,6.46066E+20,5.57121E+21,1.10499E+16,5.02749E+16
90376,9.17083E+18,9,4,77,119,2017,8,12,5,2,2,6,0,1,0,0,1,0,0,6.86008E+20,5.54477E+21,1.1597E+16,5.00261E+16
90377,9.17083E+18,9,4,77,128,2017,8,14,5,3,5,3,0,1,0,1,0,0,1,6.75097E+20,5.55322E+21,1.14487E+16,5.01054E+16
90378,9.17083E+18,9,4,72,198,2017,8,6,5,2,9,1,0,0,0,1,0,0,1,6.98456E+20,5.54013E+21,1.17682E+16,4.99805E+16
90379,9.17083E+18,9,4,72,199,2017,8,6,5,2,8,1,0,0,0,1,0,1,1,6.9328E+20,5.53558E+21,1.16938E+16,4.99413E+16
90380,9.17083E+18,9,4,74,126,2017,8,14,5,3,1,6,0,1,0,0,0,0,1,6.4918E+20,5.50555E+21,1.10681E+16,4.9684E+16
90381,9.17083E+18,9,4,71,111,2017,8,15,5,3,1,6,0,1,0,0,1,0,1,6.44636E+20,5.51828E+21,1.10099E+16,4.97995E+16
90382,9.17083E+18,9,4,71,208,2017,8,22,5,3,9,7,0,1,0,0,0,2,1,6.282E+20,5.52697E+21,1.07845E+16,4.98814E+16
90383,9.17083E+18,9,3,73,147,2017,8,7,5,2,0,1,0,0,0,1,0,0,1,6.78722E+20,5.46343E+21,1.14583E+16,4.92974E+16
90384,9.17083E+18,9,3,76,147,2017,8,15,5,3,8,7,0,1,0,0,0,0,1,7.46553E+20,5.47036E+21,1.2394E+16,4.93361E+16
90385,9.17083E+18,9,3,71,136,2017,8,14,5,3,1,7,0,1,0,1,0,0,1,7.09877E+20,5.4795E+21,1.18947E+16,4.94319E+16
90386,9.17083E+18,9,2,71,119,2017,8,22,5,3,2,6,0,1,0,0,0,2,1,7.87325E+20,5.41582E+21,1.29153E+16,4.88288E+16
90387,9.17083E+18,9,2,63,0,2017,8,13,5,2,0,1,1,0,0,0,0,0,0,7.64175E+20,5.42086E+21,1.26038E+16,4.88843E+16
90388,9.17083E+18,9,2,75,126,2017,8,16,5,3,2,1,0,1,0,1,0,0,0,8.41582E+20,5.39772E+21,1.36373E+16,4.86391E+16
90389,9.17083E+18,9,2,72,118,2017,8,5,5,2,0,1,0,1,0,1,1,2,0,8.30827E+20,5.41635E+21,1.35067E+16,4.88119E+16
90390,9.17083E+18,9,2,72,127,2017,8,17,5,3,9,1,0,0,0,0,1,0,0,8.32938E+20,5.42244E+21,1.35403E+16,4.88654E+16
90391,9.17083E+18,9,2,74,172,2017,8,17,5,3,9,1,0,1,0,0,0,0,0,7.13961E+20,5.39676E+21,1.19073E+16,4.86872E+16
90392,9.17083E+18,9,2,74,174,2017,8,18,5,3,8,1,0,1,0,0,0,0,1,7.45918E+20,5.39562E+21,1.23401E+16,4.86652E+16
90393,9.17083E+18,9,2,74,113,2017,8,19,5,2,4,2,0,1,0,0,0,1,1,7.28396E+20,5.38393E+21,1.2096E+16,4.85668E+16
90394,9.17083E+18,9,2,73,111,2017,8,16,5,3,2,6,0,1,0,0,0,0,1,7.09557E+20,5.41054E+21,1.18545E+16,4.88125E+16
90395,9.17083E+18,9,2,79,112,2017,8,9,5,3,5,3,0,1,0,0,0,0,0,7.56489E+20,5.39316E+21,1.24819E+16,4.86388E+16
90396,9.17083E+18,9,1,90,141,2017,8,8,5,3,3,6,1,1,0,0,0,0,0,6.77913E+20,5.29159E+21,1.13738E+16,4.77532E+16
90397,9.17083E+18,9,1,80,124,2017,8,7,5,3,5,2,1,1,0,0,0,0,0,6.65108E+20,5.28252E+21,1.11996E+16,4.7675E+16
90398,9.17083E+18,9,1,72,112,2017,8,11,5,3,1,6,0,1,0,0,0,0,0,7.89971E+20,5.29981E+21,1.28716E+16,4.77863E+16
90399,9.17083E+18,9,1,83,128,2017,8,19,5,3,0,1,0,0,0,1,0,2,1,7.61286E+20,5.3495E+21,1.25196E+16,4.82448E+16
90400,9.17083E+18,9,1,72,134,2017,8,14,5,2,8,1,0,0,0,1,0,0,0,7.87025E+20,5.30609E+21,1.28365E+16,4.7844E+16
90401,9.17083E+18,9,1,71,112,2017,8,21,5,3,5,3,0,1,0,0,1,2,1,7.84955E+20,5.34192E+21,1.28327E+16,4.81666E+16
90402,9.17083E+18,9,1,72,129,2017,8,12,5,2,0,7,0,0,0,1,0,0,0,7.93779E+20,5.28029E+21,1.29091E+16,4.76093E+16
90403,9.17083E+18,9,1,87,124,2017,8,12,5,3,2,2,0,1,0,0,0,0,0,7.33172E+20,5.32956E+21,1.21306E+16,4.80766E+16
90404,9.17083E+18,9,1,87,177,2017,8,18,5,2,0,2,0,1,0,1,0,1,0,7.37216E+20,5.30318E+21,1.21703E+16,4.78381E+16
90405,9.17083E+18,9,1,87,128,2017,8,22,5,1,6,7,0,1,1,0,0,2,1,7.48339E+20,5.30954E+21,1.23223E+16,4.78911E+16
90406,9.17083E+18,9,1,87,114,2017,8,14,5,3,4,6,0,1,0,0,0,0,0,7.49073E+20,5.29667E+21,1.23247E+16,4.77752E+16
90407,9.17083E+18,9,1,82,123,2017,8,15,5,3,4,2,0,1,0,0,0,0,0,7.17271E+20,5.3014E+21,1.19032E+16,4.78292E+16
90408,9.17083E+18,9,1,61,0,2017,8,11,5,3,2,6,0,1,0,0,0,0,0,6.79365E+20,5.40345E+21,1.14406E+16,4.87582E+16
90409,9.17083E+18,9,1,76,114,2017,8,10,5,3,5,3,0,1,0,0,0,0,1,6.8149E+20,5.43487E+21,1.14834E+16,4.904E+16
90410,9.17083E+18,9,1,74,135,2017,8,17,5,3,2,6,0,1,0,0,0,0,0,6.63402E+20,5.35314E+21,1.12038E+16,4.83103E+16
90411,9.17083E+18,9,1,81,130,2017,8,15,5,3,3,3,0,1,0,0,1,0,1,6.36851E+20,5.32316E+21,1.08363E+16,4.8047E+16
90412,9.17083E+18,9,1,79,125,2017,8,15,5,3,2,2,0,1,0,0,0,0,0,6.60465E+20,5.33232E+21,1.11564E+16,4.81239E+16
90413,9.17083E+18,9,1,84,112,2017,8,17,5,3,3,6,0,1,0,0,0,0,1,7.01153E+20,5.34097E+21,1.17066E+16,4.81901E+16
90414,9.17083E+18,9,1,78,123,2017,8,17,5,3,2,6,0,1,0,0,0,0,1,6.9223E+20,5.36065E+21,1.15957E+16,4.83697E+16
90415,9.17083E+18,9,1,77,117,2017,8,9,5,3,2,7,0,1,0,1,0,0,0,7.16639E+20,5.3556E+21,1.19222E+16,4.83164E+16
90416,9.17083E+18,9,1,78,133,2017,8,23,5,3,8,1,0,1,0,0,0,2,0,6.88312E+20,5.36686E+21,1.15456E+16,4.84267E+16
90417,9.17083E+18,9,1,77,144,2017,8,19,5,3,2,6,0,1,0,0,0,1,1,7.17445E+20,5.34869E+21,1.19296E+16,4.82541E+16
90418,9.17083E+18,9,1,75,124,2017,8,12,5,3,2,6,0,1,0,0,1,0,0,7.12476E+20,5.32942E+21,1.18531E+16,4.80826E+16
90419,9.17083E+18,9,1,77,121,2017,8,19,5,3,9,1,0,1,0,0,0,2,1,7.3121E+20,5.36599E+21,1.21242E+16,4.84046E+16
90420,9.17083E+18,9,1,84,148,2017,8,14,4,3,9,1,0,1,0,0,0,0,0,6.96144E+20,5.32633E+21,1.16326E+16,4.80601E+16
90421,9.17083E+18,9,1,62,0,2017,8,16,4,3,2,6,0,1,0,1,0,0,0,6.88566E+20,5.33493E+21,1.15348E+16,4.81397E+16
90422,9.17083E+18,9,1,62,0,2017,8,18,4,3,4,2,1,1,0,0,0,0,0,6.94783E+20,5.34092E+21,1.1621E+16,4.81916E+16
90423,9.17083E+18,9,1,84,137,2017,8,12,4,3,0,7,0,0,0,1,0,0,0,7.07263E+20,5.31674E+21,1.1777E+16,4.79703E+16
90424,9.17083E+18,9,7,77,175,2017,8,16,4,3,2,2,0,1,0,1,0,0,0,6.12216E+20,5.2922E+21,1.04978E+16,4.77733E+16
90425,9.17083E+18,9,7,77,153,2017,8,15,4,3,2,6,0,1,0,0,1,0,0,6.13871E+20,5.27747E+21,1.0516E+16,4.76406E+16
90426,9.17083E+18,9,7,80,124,2017,8,13,4,2,5,3,0,1,0,1,0,0,0,5.93487E+20,5.26921E+21,1.0243E+16,4.75695E+16
90427,9.17083E+18,9,7,80,123,2017,8,16,4,3,5,3,1,1,0,0,0,0,0,6.00016E+20,5.26207E+21,1.03281E+16,4.75044E+16
90428,9.17083E+18,9,7,77,149,2017,8,18,4,3,5,3,1,0,0,0,1,0,0,6.19173E+20,5.28383E+21,1.05883E+16,4.76968E+16
90429,9.17083E+18,9,7,76,131,2017,8,0,4,3,9,1,0,1,0,0,0,2,0,5.651E+20,5.28041E+21,9.86726E+15,4.76738E+16
90430,9.17083E+18,9,7,76,122,2017,8,6,4,2,4,2,0,1,0,0,0,0,0,5.62483E+20,5.27681E+21,9.83188E+15,4.76417E+16
90431,9.17083E+18,9,7,63,0,2017,8,16,4,3,0,7,1,0,0,0,0,0,0,5.99217E+20,5.28803E+21,1.03234E+16,4.7738E+16
90432,9.17083E+18,9,7,80,132,2017,8,13,4,3,5,3,1,0,0,0,1,0,0,5.79088E+20,5.26713E+21,1.00512E+16,4.75528E+16
90433,9.17083E+18,9,7,77,129,2017,8,14,4,2,2,6,0,1,0,1,0,0,0,6.28183E+20,5.27068E+21,1.07045E+16,4.75768E+16
90434,9.17083E+18,9,7,79,194,2017,8,21,4,3,2,7,0,1,1,0,0,2,0,6.07991E+20,5.41355E+21,1.04725E+16,4.88655E+16
90435,9.17083E+18,9,7,73,182,2017,8,12,4,3,8,1,0,0,0,1,0,0,0,6.28751E+20,5.37629E+21,1.07438E+16,4.85265E+16
90436,9.17083E+18,9,7,72,160,2017,8,15,4,3,8,6,0,1,0,0,0,0,0,6.3828E+20,5.34193E+21,1.08615E+16,4.82155E+16
90437,9.17083E+18,9,7,71,122,2017,8,16,4,3,0,3,1,1,0,0,0,0,0,6.49731E+20,5.36068E+21,1.10222E+16,4.83815E+16
90438,9.17083E+18,9,7,61,0,2017,8,23,4,2,7,1,1,0,0,0,0,2,1,6.39597E+20,5.36089E+21,1.08855E+16,4.83857E+16
90439,9.17083E+18,9,7,61,0,2017,8,7,4,3,3,6,0,1,0,0,1,0,0,6.4345E+20,5.36084E+21,1.09375E+16,4.83844E+16
90440,9.17083E+18,9,6,63,0,2017,8,11,4,3,1,6,0,1,0,0,0,0,0,5.68537E+20,5.51648E+21,9.95232E+15,4.97969E+16
90441,9.17083E+18,9,6,63,0,2017,8,10,4,3,5,3,0,1,0,1,0,0,0,5.67806E+20,5.51667E+21,9.94221E+15,4.97987E+16
90442,9.17083E+18,9,6,77,155,2017,8,17,4,2,5,3,0,1,0,1,0,0,0,5.40139E+20,5.53914E+21,9.56012E+15,5.00032E+16
90443,9.17083E+18,9,6,72,149,2017,8,8,4,3,2,6,0,1,0,0,0,0,0,5.63081E+20,5.56495E+21,9.88448E+15,5.02333E+16
90444,9.17083E+18,9,6,78,192,2017,8,7,4,2,8,1,0,0,0,0,1,0,0,5.72931E+20,5.5474E+21,1.00192E+16,5.00744E+16
90445,9.17083E+18,9,6,74,221,2017,8,16,4,3,5,3,0,1,0,0,0,0,0,6.12016E+20,5.54097E+21,1.05634E+16,5.00105E+16
90446,9.17083E+18,9,6,72,114,2017,8,17,4,3,2,2,0,1,0,0,0,0,0,5.76626E+20,5.56557E+21,1.00745E+16,5.02374E+16
90447,9.17083E+18,9,6,78,136,2017,8,7,4,3,0,3,0,0,0,0,1,0,0,5.8602E+20,5.53968E+21,1.02004E+16,5.00032E+16
90448,9.17083E+18,9,6,71,155,2017,8,22,4,3,5,3,0,1,0,0,0,2,0,5.05777E+20,5.53403E+21,9.08054E+15,4.99586E+16
90449,9.17083E+18,9,6,61,0,2017,8,7,4,3,3,2,1,0,0,0,0,0,0,5.11098E+20,5.53604E+21,9.15478E+15,4.99766E+16
90450,9.17083E+18,9,6,71,114,2017,8,16,4,2,0,3,1,0,0,0,1,0,0,5.01188E+20,5.54456E+21,9.0166E+15,5.00533E+16
90451,9.17083E+18,9,5,72,126,2017,8,12,4,3,2,6,0,1,0,0,0,0,0,6.34133E+20,5.50588E+21,1.08598E+16,4.96905E+16
90452,9.17083E+18,9,5,74,164,2017,8,22,4,3,2,6,0,1,0,0,1,2,0,6.66073E+20,5.47567E+21,1.12895E+16,4.94111E+16
90453,9.17083E+18,9,5,72,135,2017,8,16,4,3,8,1,0,0,0,1,0,0,0,6.3637E+20,5.51474E+21,1.08939E+16,4.97696E+16
90454,9.17083E+18,9,5,72,115,2017,8,15,4,3,5,3,0,1,0,0,0,0,0,6.47976E+20,5.50458E+21,1.10511E+16,4.96756E+16
90455,9.17083E+18,9,5,76,111,2017,8,11,4,3,2,6,0,1,0,1,0,0,0,6.43446E+20,5.45633E+21,1.09708E+16,4.92429E+16
90456,9.17083E+18,9,5,76,143,2017,8,14,4,3,5,3,0,1,0,1,0,0,0,6.54151E+20,5.45685E+21,1.1118E+16,4.9245E+16
90457,9.17083E+18,9,5,74,156,2017,8,9,4,3,2,6,0,1,0,0,0,0,0,6.59095E+20,5.48311E+21,1.11964E+16,4.94798E+16
90458,9.17083E+18,9,5,76,113,2017,8,17,4,2,9,1,0,0,0,1,0,0,0,6.60848E+20,5.45877E+21,1.12107E+16,4.92605E+16
90459,9.17083E+18,9,5,74,117,2017,8,11,4,3,5,3,1,1,0,0,0,0,0,6.68682E+20,5.46982E+21,1.1323E+16,4.93577E+16
90460,9.17083E+18,9,5,64,0,2017,8,16,4,3,2,6,0,1,0,1,0,0,0,6.47529E+20,5.47268E+21,1.10329E+16,4.93889E+16
90461,9.17083E+18,9,5,64,0,2017,8,16,4,3,2,6,0,1,0,1,0,0,0,6.52653E+20,5.47673E+21,1.11051E+16,4.94241E+16
90462,9.17083E+18,9,5,73,123,2017,8,14,4,3,5,3,1,1,0,0,0,0,0,6.38318E+20,5.48757E+21,1.09113E+16,4.95249E+16
90463,9.17083E+18,9,5,77,177,2017,8,17,4,3,4,6,0,1,0,1,0,0,0,6.49706E+20,5.42715E+21,1.1046E+16,4.89791E+16
90464,9.17083E+18,9,5,77,122,2017,8,12,4,3,2,6,0,1,0,0,0,0,0,6.31089E+20,5.43817E+21,1.07952E+16,4.90824E+16
90465,9.17083E+18,9,5,75,138,2017,8,10,4,3,8,1,0,1,0,0,0,0,0,6.09256E+20,5.49583E+21,1.05122E+16,4.96052E+16
90466,9.17083E+18,9,5,75,153,2017,8,17,4,2,0,7,1,0,0,0,0,0,0,6.12551E+20,5.49234E+21,1.05568E+16,4.95732E+16
90467,9.17083E+18,9,5,61,0,2017,8,11,4,3,5,3,1,1,0,0,0,0,0,6.14103E+20,5.46309E+21,1.05698E+16,4.93098E+16
90468,9.17083E+18,9,4,64,0,2017,8,14,4,2,1,7,0,1,0,0,0,0,0,7.06994E+20,5.57795E+21,1.19077E+16,5.03173E+16
90469,9.17083E+18,9,4,72,180,2017,8,21,4,3,9,7,0,1,0,0,0,2,0,6.93037E+20,5.52441E+21,1.16848E+16,4.9841E+16
90470,9.17083E+18,9,4,77,139,2017,8,4,4,3,4,2,0,1,0,0,0,2,0,6.90646E+20,5.55122E+21,1.16649E+16,5.00826E+16
90471,9.17083E+18,9,4,77,128,2017,8,15,4,3,3,6,0,1,0,0,0,0,0,6.74824E+20,5.55415E+21,1.14453E+16,5.01138E+16
90472,9.17083E+18,9,4,72,190,2017,8,14,4,2,4,6,0,1,0,0,0,0,0,7.00512E+20,5.52896E+21,1.1791E+16,4.98794E+16
90473,9.17083E+18,9,4,74,126,2017,8,11,4,3,0,1,0,0,0,1,0,0,0,6.49184E+20,5.50946E+21,1.10697E+16,4.97191E+16
90474,9.17083E+18,9,4,74,126,2017,8,10,4,3,1,6,0,1,0,0,1,0,0,6.48327E+20,5.51023E+21,1.10581E+16,4.97263E+16
90475,9.17083E+18,9,4,74,138,2017,8,18,4,3,9,1,0,0,0,1,0,0,0,6.67359E+20,5.50332E+21,1.1319E+16,4.96592E+16
90476,9.17083E+18,9,4,74,121,2017,8,7,4,3,2,6,0,1,0,0,0,0,0,6.58272E+20,5.51826E+21,1.11992E+16,4.9796E+16
90477,9.17083E+18,9,4,71,119,2017,8,19,4,3,4,6,0,1,0,0,0,0,0,6.34509E+20,5.53729E+21,1.08759E+16,4.99728E+16
90478,9.17083E+18,9,3,74,132,2017,8,11,4,3,0,7,0,0,0,0,1,0,0,7.35515E+20,5.49575E+21,1.22575E+16,4.95685E+16
90479,9.17083E+18,9,3,77,146,2017,8,16,4,3,5,2,0,1,0,1,1,0,0,7.40498E+20,5.52093E+21,1.23417E+16,4.97926E+16
90480,9.17083E+18,9,3,74,157,2017,8,10,4,2,8,1,1,0,0,0,0,0,0,7.03019E+20,5.52112E+21,1.18218E+16,4.98081E+16
90481,9.17083E+18,9,3,72,142,2017,8,11,4,3,5,3,0,1,0,0,0,0,0,7.59264E+20,5.44691E+21,1.25535E+16,4.91203E+16
90482,9.17083E+18,9,3,75,153,2017,8,13,4,3,5,2,0,1,0,0,0,0,0,7.20491E+20,5.44729E+21,1.20231E+16,4.91388E+16
90483,9.17083E+18,9,3,73,113,2017,8,18,4,3,5,3,0,1,0,0,0,0,0,6.7996E+20,5.4652E+21,1.14761E+16,4.9313E+16
90484,9.17083E+18,9,3,61,0,2017,8,14,4,3,5,3,1,1,0,0,0,0,0,7.07536E+20,5.48078E+21,1.18631E+16,4.94442E+16
90485,9.17083E+18,9,3,71,127,2017,8,7,4,3,2,6,0,1,0,0,0,0,0,7.14158E+20,5.49203E+21,1.19605E+16,4.9543E+16
90486,9.17083E+18,9,2,71,141,2017,8,11,4,3,2,6,0,1,0,1,0,0,0,7.95858E+20,5.40201E+21,1.30214E+16,4.87009E+16
90487,9.17083E+18,9,2,78,184,2017,8,16,4,3,8,1,0,0,0,1,0,0,0,7.76909E+20,5.43561E+21,1.27871E+16,4.90112E+16
90488,9.17083E+18,9,2,78,118,2017,8,15,4,3,5,3,0,1,0,0,0,0,0,7.706E+20,5.42323E+21,1.26928E+16,4.89028E+16
90489,9.17083E+18,9,2,77,128,2017,8,20,4,1,5,3,0,0,0,1,1,2,0,7.91605E+20,5.34949E+21,1.29271E+16,4.82315E+16
90490,9.17083E+18,9,2,74,184,2017,8,14,4,2,5,3,1,1,0,0,0,0,0,7.47299E+20,5.37025E+21,1.23437E+16,4.84368E+16
90491,9.17083E+18,9,2,74,184,2017,8,17,4,3,9,1,0,0,0,1,0,0,1,7.44794E+20,5.36693E+21,1.2308E+16,4.84079E+16
90492,9.17083E+18,9,2,74,127,2017,8,9,4,3,4,2,0,1,0,0,1,0,0,7.36547E+20,5.39514E+21,1.22127E+16,4.86645E+16
90493,9.17083E+18,9,2,73,139,2017,8,9,4,2,0,7,0,0,0,0,1,0,0,7.14413E+20,5.40564E+21,1.1918E+16,4.87668E+16
90494,9.17083E+18,9,2,79,132,2017,8,21,4,3,8,1,0,0,0,1,0,2,0,7.69059E+20,5.39846E+21,1.26556E+16,4.86812E+16
90495,9.17083E+18,9,2,73,137,2017,8,8,4,3,5,2,0,1,0,1,0,0,0,7.10626E+20,5.42161E+21,1.18747E+16,4.89116E+16
90496,9.17083E+18,9,2,73,164,2017,8,7,4,2,4,6,0,1,0,0,0,0,0,6.97434E+20,5.42783E+21,1.16979E+16,4.89719E+16
90497,9.17083E+18,9,1,73,120,2017,8,7,4,2,3,6,1,1,0,0,0,0,0,6.88686E+20,5.31119E+21,1.15259E+16,4.79262E+16
90498,9.17083E+18,9,1,90,120,2017,8,14,4,2,4,1,0,1,0,1,0,0,0,6.67254E+20,5.29528E+21,1.12331E+16,4.77891E+16
90499,9.17083E+18,9,1,90,130,2017,8,19,4,2,8,1,0,0,0,1,0,0,0,6.51668E+20,5.29606E+21,1.10254E+16,4.78E+16
90500,9.17083E+18,9,1,90,154,2017,8,16,4,2,8,1,0,1,0,0,0,0,0,6.40744E+20,5.28576E+21,1.08763E+16,4.77099E+16
90501,9.17083E+18,9,1,90,130,2017,8,16,4,3,2,6,0,1,0,1,0,0,0,6.50122E+20,5.29555E+21,1.10046E+16,4.77958E+16
90502,9.17083E+18,9,1,80,112,2017,8,17,4,3,5,3,1,0,0,1,0,0,0,6.53859E+20,5.28135E+21,1.10495E+16,4.76672E+16