OBJECTID,UIDENTSTLA,ULAND,UREGBEZ,UKREIS,UGEMEINDE,UJAHR,UMONAT,USTUNDE,UWOCHENTAG,UKATEGORIE,UART,UTYP1,IstRad,IstPKW,IstFuss,IstKrad,IstSonstig,LICHT,STRZUSTAND,LINREFX,LINREFY,XGCSWGS84,YGCSWGS84
90503,9.17083E+18,9,1,80,117,2017,8,16,4,2,2,6,1,0,0,0,0,0,0,6.62054E+20,5.26147E+21,1.11512E+16,4.74865E+16
90504,9.17083E+18,9,1,73,115,2017,8,12,4,2,2,6,0,1,0,1,0,0,0,6.81146E+20,5.28952E+21,1.1416E+16,4.77336E+16
90505,9.17083E+18,9,1,89,152,2017,8,17,4,3,8,1,0,0,0,1,0,0,0,7.77985E+20,5.32558E+21,1.27285E+16,4.80229E+16
90506,9.17083E+18,9,1,71,117,2017,8,6,4,3,8,1,0,1,0,0,0,0,0,7.67342E+20,5.33628E+21,1.25927E+16,4.81236E+16
90507,9.17083E+18,9,1,71,115,2017,8,16,4,2,8,1,0,0,0,1,0,0,0,7.77172E+20,5.35781E+21,1.27386E+16,4.83126E+16
90508,9.17083E+18,9,1,82,127,2017,8,18,4,3,2,6,0,1,0,0,0,0,0,7.02456E+20,5.31173E+21,1.17103E+16,4.79269E+16
90509,9.17083E+18,9,1,87,167,2017,8,15,4,3,0,1,0,0,0,1,0,0,0,7.40064E+20,5.30333E+21,1.22084E+16,4.78384E+16
90510,9.17083E+18,9,1,82,125,2017,8,14,4,3,2,6,0,1,0,1,0,0,0,7.12712E+20,5.29719E+21,1.18403E+16,4.77929E+16
90511,9.17083E+18,9,1,82,120,2017,8,12,4,3,6,2,0,1,1,0,0,0,0,7.01869E+20,5.30632E+21,1.16999E+16,4.78784E+16
90512,9.17083E+18,9,1,87,169,2017,8,15,4,3,2,6,0,1,0,0,0,0,0,7.36199E+20,5.30135E+21,1.21557E+16,4.78221E+16
90513,9.17083E+18,9,1,76,131,2017,8,14,4,3,4,6,0,1,0,0,1,0,0,6.80308E+20,5.4101E+21,1.14563E+16,4.88177E+16
90514,9.17083E+18,9,1,76,143,2017,8,15,4,3,2,6,0,1,0,0,0,0,0,6.79295E+20,5.41035E+21,1.14426E+16,4.88202E+16
90515,9.17083E+18,9,1,61,0,2017,8,12,4,3,4,2,0,1,0,0,0,0,0,6.78845E+20,5.40579E+21,1.14345E+16,4.87793E+16
90516,9.17083E+18,9,1,76,131,2017,8,21,4,3,5,3,1,1,0,0,0,2,0,6.80653E+20,5.41003E+21,1.1461E+16,4.8817E+16
90517,9.17083E+18,9,1,76,126,2017,8,19,4,3,8,1,0,0,0,1,0,0,0,6.74116E+20,5.40893E+21,1.13715E+16,4.88089E+16
90518,9.17083E+18,9,1,61,0,2017,8,11,4,3,0,1,1,0,0,0,0,0,0,6.7911E+20,5.40506E+21,1.14378E+16,4.87728E+16
90519,9.17083E+18,9,1,61,0,2017,8,8,4,2,5,3,1,1,0,0,0,0,0,6.79233E+20,5.40315E+21,1.14386E+16,4.87555E+16
90520,9.17083E+18,9,1,86,151,2017,8,11,4,3,0,6,1,0,0,0,0,0,0,6.82146E+20,5.37692E+21,1.14667E+16,4.8519E+16
90521,9.17083E+18,9,1,86,122,2017,8,18,4,3,0,1,1,0,0,0,0,0,0,6.92015E+20,5.39559E+21,1.16089E+16,4.86838E+16
90522,9.17083E+18,9,1,76,116,2017,8,17,4,3,5,3,0,1,0,0,0,0,0,6.73591E+20,5.4147E+21,1.13668E+16,4.88609E+16
90523,9.17083E+18,9,1,76,138,2017,8,10,4,2,4,1,0,1,0,0,0,0,0,6.69523E+20,5.42488E+21,1.13156E+16,4.89536E+16
90524,9.17083E+18,9,1,88,139,2017,8,11,4,3,4,6,0,1,0,0,1,0,0,6.68335E+20,5.31966E+21,1.1257E+16,4.8008E+16
90525,9.17083E+18,9,1,88,139,2017,8,12,4,3,5,3,0,1,0,1,0,0,0,6.73909E+20,5.32035E+21,1.1332E+16,4.80128E+16
90526,9.17083E+18,9,1,88,141,2017,8,5,4,3,8,7,0,0,0,1,0,1,0,6.68936E+20,5.30729E+21,1.12602E+16,4.78967E+16
90527,9.17083E+18,9,1,81,146,2017,8,14,4,2,5,3,0,0,0,0,1,0,0,6.49373E+20,5.3255E+21,1.1005E+16,4.80653E+16
90528,9.17083E+18,9,1,81,133,2017,8,6,4,3,2,6,0,1,0,0,1,0,0,6.44341E+20,5.31517E+21,1.0934E+16,4.79736E+16
90529,9.17083E+18,9,1,79,121,2017,8,20,4,2,9,7,0,1,0,1,0,2,0,6.6718E+20,5.33964E+21,1.12494E+16,4.8188E+16
90530,9.17083E+18,9,1,81,114,2017,8,15,4,3,5,2,0,1,0,1,0,0,0,6.56406E+20,5.31647E+21,1.10961E+16,4.79824E+16
90531,9.17083E+18,9,1,84,112,2017,8,12,4,3,2,6,0,1,0,0,1,0,0,7.02057E+20,5.34047E+21,1.17186E+16,4.81853E+16
90532,9.17083E+18,9,1,62,0,2017,8,15,3,3,6,4,0,1,1,0,0,0,0,6.95019E+20,5.33487E+21,1.16214E+16,4.81372E+16
90533,9.17083E+18,9,1,62,0,2017,8,14,3,3,3,6,0,1,0,0,1,0,0,6.9357E+20,5.33955E+21,1.16041E+16,4.81797E+16
90534,9.17083E+18,9,1,62,0,2017,8,17,3,3,4,2,1,1,0,0,0,0,0,6.92089E+20,5.34185E+21,1.15852E+16,4.82008E+16
90535,9.17083E+18,9,1,62,0,2017,8,15,3,3,3,6,0,1,0,1,0,0,0,6.90651E+20,5.33201E+21,1.15615E+16,4.81128E+16
90536,9.17083E+18,9,1,62,0,2017,8,10,3,3,5,6,0,0,0,1,1,0,0,6.87419E+20,5.33279E+21,1.15184E+16,4.81208E+16
90537,9.17083E+18,9,1,62,0,2017,8,19,3,3,6,4,0,1,1,0,0,0,0,6.88227E+20,5.33499E+21,1.15303E+16,4.81403E+16
90538,9.17083E+18,9,7,75,164,2017,8,10,3,3,5,3,1,1,0,0,0,0,0,5.8568E+20,5.352E+21,1.01557E+16,4.83154E+16
90539,9.17083E+18,9,7,75,162,2017,8,14,3,3,0,1,1,0,0,0,0,0,0,5.79419E+20,5.34734E+21,1.00704E+16,4.82742E+16
90540,9.17083E+18,9,7,74,119,2017,8,14,3,3,0,1,1,0,0,0,0,0,0,5.88487E+20,5.36122E+21,1.01955E+16,4.83979E+16
90541,9.17083E+18,9,7,78,116,2017,8,12,3,2,8,1,1,0,0,0,0,0,0,6.21051E+20,5.31441E+21,1.06219E+16,4.79715E+16
90542,9.17083E+18,9,7,80,124,2017,8,19,3,1,9,1,0,0,1,1,0,0,0,5.90621E+20,5.26882E+21,1.02048E+16,4.75664E+16
90543,9.17083E+18,9,7,80,120,2017,8,18,3,3,0,6,0,0,0,1,1,0,0,6.02551E+20,5.28408E+21,1.03669E+16,4.77019E+16
90544,9.17083E+18,9,7,80,144,2017,8,17,3,3,5,3,0,1,0,0,0,0,0,5.81837E+20,5.27719E+21,1.00896E+16,4.76429E+16
90545,9.17083E+18,9,7,76,114,2017,8,23,3,2,4,2,0,0,0,1,0,2,0,5.67688E+20,5.27554E+21,9.90098E+15,4.76297E+16
90546,9.17083E+18,9,7,76,116,2017,8,15,3,3,3,6,1,0,0,0,1,0,0,5.51888E+20,5.26722E+21,9.6897E+15,4.75563E+16
90547,9.17083E+18,9,7,76,116,2017,8,13,3,3,0,6,0,1,0,0,0,0,0,5.53298E+20,5.26944E+21,9.70871E+15,4.75761E+16
90548,9.17083E+18,9,7,63,0,2017,8,20,3,3,5,2,0,1,0,0,1,2,0,5.99282E+20,5.28761E+21,1.03242E+16,4.77342E+16
90549,9.17083E+18,9,7,62,0,2017,8,14,3,2,5,3,0,1,0,0,1,0,0,6.21973E+20,5.30463E+21,1.06315E+16,4.78834E+16
90550,9.17083E+18,9,7,72,197,2017,8,18,3,3,5,3,0,1,0,0,0,0,0,6.21929E+20,5.33682E+21,1.064E+16,4.81729E+16
90551,9.17083E+18,9,7,71,122,2017,8,14,3,3,8,1,0,1,0,0,0,0,0,6.48407E+20,5.35988E+21,1.10041E+16,4.83746E+16
90552,9.17083E+18,9,7,61,0,2017,8,18,3,3,4,2,1,1,0,0,0,0,0,6.4085E+20,5.36049E+21,1.09023E+16,4.83818E+16
90553,9.17083E+18,9,6,79,193,2017,8,8,3,3,2,6,0,0,0,0,1,0,0,5.75201E+20,5.51163E+21,1.0044E+16,4.97524E+16
90554,9.17083E+18,9,6,77,157,2017,8,19,3,3,8,1,0,0,0,1,0,0,0,5.42884E+20,5.52086E+21,9.59639E+15,4.98386E+16
90555,9.17083E+18,9,6,75,174,2017,8,12,3,3,0,3,1,1,0,0,0,0,0,5.88225E+20,5.52357E+21,1.02274E+16,4.9858E+16
90556,9.17083E+18,9,6,77,142,2017,8,17,3,3,2,6,0,1,0,0,0,0,0,5.57444E+20,5.53064E+21,9.80031E+15,4.99254E+16
90557,9.17083E+18,9,6,78,115,2017,8,9,3,2,1,6,0,0,0,0,1,0,0,5.83772E+20,5.54169E+21,1.01694E+16,5.00216E+16
90558,9.17083E+18,9,6,74,184,2017,8,12,3,3,2,2,0,1,0,0,0,0,0,6.24198E+20,5.55691E+21,1.07385E+16,5.01514E+16
90559,9.17083E+18,9,6,73,116,2017,8,17,3,2,5,3,0,1,0,0,0,0,0,5.87075E+20,5.58181E+21,1.02247E+16,5.03819E+16
90560,9.17083E+18,9,6,78,115,2017,8,14,3,3,3,6,0,1,0,1,0,0,0,5.82267E+20,5.54063E+21,1.01482E+16,5.00123E+16
90561,9.17083E+18,9,5,65,0,2017,8,17,3,3,2,6,0,1,0,0,0,0,0,6.51136E+20,5.46572E+21,1.108E+16,4.93254E+16
90562,9.17083E+18,9,5,74,138,2017,8,14,3,2,4,6,0,1,0,0,0,0,0,6.60232E+20,5.49284E+21,1.1216E+16,4.95669E+16
90563,9.17083E+18,9,5,74,139,2017,8,13,3,3,0,7,0,1,0,1,0,0,0,6.70616E+20,5.47781E+21,1.1353E+16,4.9429E+16
90564,9.17083E+18,9,5,64,0,2017,8,7,3,3,2,6,0,1,0,0,0,0,0,6.47753E+20,5.47802E+21,1.1038E+16,4.94369E+16
90565,9.17083E+18,9,5,64,0,2017,8,12,3,3,2,6,0,1,0,0,1,0,0,6.48997E+20,5.47894E+21,1.10555E+16,4.94449E+16
90566,9.17083E+18,9,5,64,0,2017,8,14,3,3,5,2,0,1,0,0,0,0,0,6.45815E+20,5.48113E+21,1.10124E+16,4.94653E+16
90567,9.17083E+18,9,5,64,0,2017,8,17,3,3,1,6,0,1,0,1,0,0,0,6.49165E+20,5.47875E+21,1.10578E+16,4.94431E+16
90568,9.17083E+18,9,5,77,161,2017,8,12,3,3,4,6,1,0,0,0,0,0,0,6.43222E+20,5.44023E+21,1.0962E+16,4.90982E+16
90569,9.17083E+18,9,5,77,125,2017,8,17,3,3,2,6,0,1,0,0,0,0,0,6.43816E+20,5.43573E+21,1.09686E+16,4.90576E+16
90570,9.17083E+18,9,5,71,174,2017,8,20,3,3,8,1,0,1,0,0,0,2,0,6.00487E+20,5.46018E+21,1.03818E+16,4.92861E+16
90571,9.17083E+18,9,4,75,136,2017,8,18,3,3,8,7,0,1,0,0,0,0,0,6.99334E+20,5.57107E+21,1.17966E+16,5.02581E+16
90572,9.17083E+18,9,4,75,169,2017,8,17,3,2,8,1,0,1,0,0,0,0,0,6.85232E+20,5.57136E+21,1.15991E+16,5.02653E+16
90573,9.17083E+18,9,4,75,175,2017,8,13,3,3,0,7,0,0,1,0,1,0,0,6.92354E+20,5.55824E+21,1.16923E+16,5.01452E+16
90574,9.17083E+18,9,4,78,165,2017,8,13,3,3,0,1,1,0,0,0,0,0,0,6.48517E+20,5.54752E+21,1.1075E+16,5.00614E+16
90575,9.17083E+18,9,4,76,175,2017,8,11,3,3,5,3,0,1,0,0,1,0,0,6.69076E+20,5.59077E+21,1.13813E+16,5.04445E+16
90576,9.17083E+18,9,4,78,145,2017,8,13,3,3,5,3,1,0,0,0,0,0,0,6.50952E+20,5.55945E+21,1.11138E+16,5.0168E+16
90577,9.17083E+18,9,4,76,145,2017,8,9,3,2,3,2,1,1,0,0,0,0,0,6.67282E+20,5.56717E+21,1.13456E+16,5.0233E+16
90578,9.17083E+18,9,4,73,175,2017,8,6,3,2,2,6,1,1,0,0,0,0,0,6.3437E+20,5.56894E+21,1.08851E+16,5.02573E+16
90579,9.17083E+18,9,4,77,124,2017,8,19,3,3,8,1,0,0,0,1,0,0,0,6.68209E+20,5.5452E+21,1.13489E+16,5.00353E+16
90580,9.17083E+18,9,4,72,176,2017,8,18,3,3,6,7,0,1,1,0,0,0,0,6.67716E+20,5.52869E+21,1.13349E+16,4.98871E+16
90581,9.17083E+18,9,4,74,129,2017,8,8,3,2,5,3,0,1,0,0,0,0,0,6.63025E+20,5.51346E+21,1.12632E+16,4.97515E+16
90582,9.17083E+18,9,4,71,159,2017,8,17,3,2,9,1,0,1,0,0,0,0,0,6.43525E+20,5.53387E+21,1.10002E+16,4.99399E+16
90583,9.17083E+18,9,3,74,111,2017,8,18,3,3,2,6,0,1,0,1,0,0,0,7.26498E+20,5.51102E+21,1.21418E+16,4.97091E+16
90584,9.17083E+18,9,3,63,0,2017,8,19,3,3,5,2,0,1,0,0,0,1,0,7.29366E+20,5.5078E+21,1.21796E+16,4.9679E+16
90585,9.17083E+18,9,3,74,168,2017,8,19,3,1,9,1,0,1,0,0,0,0,0,7.2298E+20,5.52232E+21,1.20995E+16,4.98118E+16
90586,9.17083E+18,9,3,75,170,2017,8,21,3,3,4,2,0,1,0,0,1,2,0,7.37081E+20,5.43154E+21,1.2241E+16,4.89912E+16
90587,9.17083E+18,9,3,75,148,2017,8,19,3,3,9,1,0,1,0,0,0,2,0,7.05353E+20,5.4362E+21,1.18102E+16,4.90445E+16
90588,9.17083E+18,9,3,72,125,2017,8,18,3,3,8,1,0,0,0,1,0,0,0,7.54206E+20,5.44502E+21,1.24832E+16,4.91055E+16
90589,9.17083E+18,9,2,78,118,2017,8,16,3,3,2,6,0,1,0,0,1,0,0,7.77021E+20,5.4237E+21,1.27805E+16,4.89042E+16
90590,9.17083E+18,9,2,62,0,2017,8,19,3,2,0,3,0,1,0,1,0,0,0,8.2482E+20,5.3886E+21,1.34033E+16,4.85662E+16
90591,9.17083E+18,9,2,74,187,2017,8,17,3,2,0,1,1,0,0,0,0,0,0,7.2494E+20,5.38719E+21,1.2051E+16,4.85973E+16
90592,9.17083E+18,9,2,61,0,2017,8,10,3,2,6,4,0,1,1,0,0,0,0,7.32104E+20,5.37996E+21,1.2144E+16,4.85298E+16
90593,9.17083E+18,9,2,74,126,2017,8,12,3,3,4,2,0,1,0,1,0,0,0,7.31901E+20,5.38399E+21,1.21435E+16,4.8566E+16
90594,9.17083E+18,9,2,79,122,2017,8,7,3,3,2,2,0,1,0,1,0,0,0,7.72772E+20,5.3959E+21,1.27042E+16,4.86565E+16
90595,9.17083E+18,9,2,79,112,2017,8,13,3,3,2,6,0,1,0,0,0,0,0,7.57117E+20,5.39303E+21,1.24903E+16,4.86374E+16
90596,9.17083E+18,9,1,90,157,2017,8,16,3,2,5,3,0,1,0,0,0,0,0,6.60512E+20,5.29996E+21,1.11449E+16,4.78329E+16
90597,9.17083E+18,9,1,90,152,2017,8,14,3,2,0,1,1,0,0,0,0,0,0,6.71913E+20,5.29959E+21,1.1297E+16,4.78267E+16
90598,9.17083E+18,9,1,80,124,2017,8,12,3,3,5,3,0,1,0,0,0,0,0,6.6487E+20,5.28309E+21,1.11967E+16,4.76802E+16
90599,9.17083E+18,9,1,80,136,2017,8,17,3,2,0,6,1,0,0,0,0,0,0,6.71972E+20,5.26692E+21,1.12849E+16,4.75329E+16
90600,9.17083E+18,9,1,80,117,2017,8,9,3,3,5,3,0,1,0,0,0,0,0,6.58713E+20,5.26423E+21,1.11079E+16,4.75121E+16
90601,9.17083E+18,9,1,73,135,2017,8,9,3,3,2,6,0,1,0,1,0,0,1,6.94615E+20,5.2731E+21,1.15882E+16,4.75821E+16
90602,9.17083E+18,9,1,89,114,2017,8,11,3,2,4,6,1,0,0,0,0,0,0,7.6417E+20,5.31014E+21,1.25341E+16,4.78901E+16
90603,9.17083E+18,9,1,89,155,2017,8,9,3,3,2,6,0,1,0,0,0,0,0,7.72198E+20,5.3059E+21,1.26386E+16,4.78487E+16
90604,9.17083E+18,9,1,89,155,2017,8,9,3,3,5,3,0,1,0,0,0,0,0,7.72496E+20,5.30736E+21,1.26435E+16,4.78618E+16
90605,9.17083E+18,9,1,89,165,2017,8,17,3,3,9,6,0,1,0,1,0,0,0,7.76136E+20,5.31338E+21,1.26959E+16,4.79142E+16
90606,9.17083E+18,9,1,72,118,2017,8,18,3,3,5,3,1,1,0,0,0,0,0,7.96598E+20,5.30807E+21,1.29655E+16,4.78574E+16
90607,9.17083E+18,9,1,72,117,2017,8,10,3,3,4,2,1,1,0,0,0,0,0,7.98206E+20,5.28147E+21,1.29687E+16,4.76179E+16
90608,9.17083E+18,9,1,72,114,2017,8,13,3,2,5,3,0,1,0,0,0,0,0,7.87342E+20,5.29211E+21,1.28315E+16,4.77183E+16
90609,9.17083E+18,9,1,87,157,2017,8,18,3,2,5,3,1,1,0,0,0,0,0,7.37581E+20,5.28335E+21,1.21643E+16,4.76599E+16
90610,9.17083E+18,9,1,87,169,2017,8,15,3,3,0,1,1,0,0,0,0,0,0,7.41269E+20,5.29859E+21,1.22218E+16,4.77955E+16
90611,9.17083E+18,9,1,82,134,2017,8,19,3,3,5,6,0,1,0,1,0,0,0,6.9945E+20,5.29426E+21,1.16621E+16,4.77708E+16
90612,9.17083E+18,9,1,76,131,2017,8,22,3,3,9,1,0,1,0,0,0,2,0,6.81251E+20,5.41034E+21,1.14692E+16,4.88196E+16
90613,9.17083E+18,9,1,85,116,2017,8,9,3,3,8,1,0,1,0,0,0,0,0,6.66382E+20,5.38933E+21,1.12584E+16,4.86348E+16
90614,9.17083E+18,9,1,85,158,2017,8,8,3,3,5,3,0,1,0,0,1,0,0,6.66649E+20,5.38104E+21,1.12587E+16,4.85603E+16
90615,9.17083E+18,9,1,85,116,2017,8,17,3,3,8,7,0,1,0,0,0,0,0,6.64315E+20,5.39049E+21,1.12308E+16,4.86459E+16
90616,9.17083E+18,9,1,76,160,2017,8,20,3,3,5,3,0,1,0,1,0,2,0,6.57484E+20,5.42144E+21,1.115E+16,4.89258E+16
90617,9.17083E+18,9,7,71,129,2017,8,17,3,3,2,6,0,1,0,0,0,0,0,6.60183E+20,5.35576E+21,1.11614E+16,4.83347E+16
90618,9.17083E+18,9,1,81,128,2017,8,14,3,3,4,6,0,1,0,0,0,0,0,6.37816E+20,5.32991E+21,1.08514E+16,4.81076E+16
90619,9.17083E+18,9,1,81,131,2017,8,8,3,3,4,3,0,1,0,0,0,0,0,6.37875E+20,5.33499E+21,1.08538E+16,4.81532E+16
90620,9.17083E+18,9,1,88,121,2017,8,17,3,3,4,6,0,1,0,0,1,0,0,6.71765E+20,5.33019E+21,1.13072E+16,4.81018E+16
90621,9.17083E+18,9,1,78,143,2017,8,8,3,3,2,6,0,1,0,0,0,0,0,7.19642E+20,5.37121E+21,1.19709E+16,4.84556E+16
90622,9.17083E+18,9,1,84,149,2017,8,23,3,2,6,1,0,1,1,0,0,2,0,6.90588E+20,5.35191E+21,1.15696E+16,4.82917E+16
90623,9.17083E+18,9,1,62,0,2017,8,16,3,3,2,6,0,0,0,1,1,0,0,6.94533E+20,5.34166E+21,1.1618E+16,4.81984E+16
90624,9.17083E+18,9,1,78,120,2017,8,18,3,2,5,3,0,1,0,1,0,0,0,6.94203E+20,5.35373E+21,1.16191E+16,4.83069E+16
90625,9.17083E+18,9,1,77,133,2017,8,23,3,3,5,3,0,1,0,0,0,2,0,7.11143E+20,5.35412E+21,1.18475E+16,4.8305E+16
90626,9.17083E+18,9,1,84,119,2017,8,16,2,3,0,7,0,1,0,0,0,0,0,6.95283E+20,5.34737E+21,1.16307E+16,4.82494E+16
90627,9.17083E+18,9,1,62,0,2017,8,21,2,2,8,6,0,1,0,1,0,2,0,6.88799E+20,5.33896E+21,1.15397E+16,4.81758E+16
90628,9.17083E+18,9,7,75,143,2017,8,18,2,3,1,3,0,1,0,0,0,0,0,5.85907E+20,5.35691E+21,1.01597E+16,4.83595E+16
90629,9.17083E+18,9,7,75,135,2017,8,13,2,3,1,2,0,1,0,0,0,0,0,5.75643E+20,5.36143E+21,1.0022E+16,4.84015E+16
90630,9.17083E+18,9,7,74,116,2017,8,14,2,2,2,2,0,1,0,0,1,0,0,6.08188E+20,5.34505E+21,1.04574E+16,4.82494E+16
90631,9.17083E+18,9,7,74,135,2017,8,5,2,2,4,6,0,1,0,0,0,2,0,5.94437E+20,5.36616E+21,1.02769E+16,4.84415E+16
90632,9.17083E+18,9,7,74,119,2017,8,15,2,3,2,6,0,1,0,0,0,0,0,5.91422E+20,5.36271E+21,1.02354E+16,4.84109E+16
90633,9.17083E+18,9,7,63,0,2017,8,21,2,3,4,7,0,1,0,1,0,2,0,5.99342E+20,5.2864E+21,1.03247E+16,4.77233E+16
90634,9.17083E+18,9,7,76,125,2017,8,20,2,3,8,1,0,0,0,1,0,0,0,5.63137E+20,5.27142E+21,9.83982E+15,4.75931E+16
90635,9.17083E+18,9,7,76,113,2017,8,15,2,3,8,1,0,1,0,0,0,0,0,5.78924E+20,5.27438E+21,1.00503E+16,4.7618E+16
90636,9.17083E+18,9,7,80,143,2017,8,22,2,3,2,6,0,1,0,0,0,2,0,5.97966E+20,5.28174E+21,1.03053E+16,4.76817E+16
90637,9.17083E+18,9,7,62,0,2017,8,12,2,3,0,7,1,0,0,0,1,0,1,6.22703E+20,5.30581E+21,1.06416E+16,4.78938E+16
90638,9.17083E+18,9,7,80,137,2017,8,10,2,3,1,7,0,0,0,1,0,0,0,5.96957E+20,5.26962E+21,1.02892E+16,4.75727E+16
90639,9.17083E+18,9,7,77,159,2017,8,13,2,3,0,6,1,1,0,0,0,0,0,6.17258E+20,5.27101E+21,1.05594E+16,4.75819E+16
90640,9.17083E+18,9,7,77,129,2017,8,23,2,3,2,6,0,1,0,0,0,2,0,6.25095E+20,5.27033E+21,1.06634E+16,4.75743E+16
90641,9.17083E+18,9,7,77,177,2017,8,15,2,3,8,1,0,0,0,1,0,0,0,6.3297E+20,5.31639E+21,1.07821E+16,4.7987E+16
90642,9.17083E+18,9,7,79,194,2017,8,12,2,3,2,6,0,1,0,0,0,0,0,6.08103E+20,5.41397E+21,1.04741E+16,4.88693E+16
90643,9.17083E+18,9,7,79,155,2017,8,14,2,2,8,1,0,0,0,1,0,0,0,6.21455E+20,5.40465E+21,1.06534E+16,4.87829E+16
90644,9.17083E+18,9,7,72,223,2017,8,5,2,3,3,6,0,1,0,0,1,0,0,6.18393E+20,5.36309E+21,1.05999E+16,4.84099E+16
90645,9.17083E+18,9,7,72,160,2017,8,15,2,2,2,6,0,1,0,0,0,0,0,6.38069E+20,5.34126E+21,1.08585E+16,4.82095E+16
90646,9.17083E+18,9,7,61,0,2017,8,21,2,3,5,3,1,1,0,0,0,2,0,6.40837E+20,5.36048E+21,1.09021E+16,4.83818E+16
90647,9.17083E+18,9,6,63,0,2017,8,15,2,2,2,6,0,1,0,0,0,0,0,5.67881E+20,5.51432E+21,9.94284E+15,4.97775E+16
90648,9.17083E+18,9,6,75,147,2017,8,18,2,3,2,6,0,1,0,1,0,0,0,5.82855E+20,5.50261E+21,1.01483E+16,4.96704E+16
90649,9.17083E+18,9,6,78,168,2017,8,18,2,2,3,6,0,1,0,0,0,0,0,5.82476E+20,5.55509E+21,1.01542E+16,5.01423E+16
90650,9.17083E+18,9,6,72,124,2017,8,19,2,3,5,3,0,1,0,0,0,0,0,5.66884E+20,5.55153E+21,9.93544E+15,5.01122E+16
90651,9.17083E+18,9,6,73,114,2017,8,10,2,3,5,3,0,1,0,0,1,0,0,5.84698E+20,5.57604E+21,1.019E+16,5.03303E+16
90652,9.17083E+18,9,6,72,135,2017,8,15,2,3,5,3,0,1,0,0,0,0,0,5.82964E+20,5.56422E+21,1.01631E+16,5.02244E+16
90653,9.17083E+18,9,6,62,0,2017,8,16,2,3,5,3,0,1,0,0,0,0,0,5.89509E+20,5.54742E+21,1.02508E+16,5.00723E+16
90654,9.17083E+18,9,6,76,144,2017,8,23,2,3,0,7,0,0,0,1,0,2,0,5.08959E+20,5.52901E+21,9.12479E+15,4.99134E+16
90655,9.17083E+18,9,6,76,133,2017,8,23,2,3,7,7,0,1,0,0,1,2,0,5.12775E+20,5.52246E+21,9.17772E+15,4.98545E+16
90656,9.17083E+18,9,6,76,144,2017,8,13,2,3,2,6,0,1,0,0,0,0,0,5.08764E+20,5.52941E+21,9.12208E+15,4.9917E+16
90657,9.17083E+18,9,6,76,134,2017,8,5,2,2,2,6,0,0,0,1,1,1,0,5.13032E+20,5.51071E+21,9.1809E+15,4.97487E+16
90658,9.17083E+18,9,5,72,132,2017,8,8,2,2,4,6,1,1,0,0,1,0,0,6.36926E+20,5.49343E+21,1.08941E+16,4.95779E+16
90659,9.17083E+18,9,5,72,132,2017,8,8,2,3,2,6,0,1,0,0,0,0,0,6.3636E+20,5.49362E+21,1.08864E+16,4.95798E+16
90660,9.17083E+18,9,5,76,143,2017,8,13,2,3,5,3,0,1,0,1,0,0,0,6.53144E+20,5.45708E+21,1.11043E+16,4.92473E+16
90661,9.17083E+18,9,5,74,154,2017,8,18,2,3,3,5,0,1,0,0,0,0,0,6.62515E+20,5.48486E+21,1.12443E+16,4.94946E+16
90662,9.17083E+18,9,5,64,0,2017,8,21,2,2,5,3,0,1,0,1,0,2,0,6.50518E+20,5.46769E+21,1.10722E+16,4.93434E+16
90663,9.17083E+18,9,5,64,0,2017,8,13,2,3,5,3,1,1,0,0,0,0,0,6.47801E+20,5.47386E+21,1.10371E+16,4.93995E+16
90664,9.17083E+18,9,5,73,114,2017,8,15,2,3,5,2,1,1,0,0,0,0,0,6.34625E+20,5.48035E+21,1.08578E+16,4.94608E+16
90665,9.17083E+18,9,5,73,130,2017,8,16,2,3,5,3,0,0,0,1,1,0,0,6.36311E+20,5.48557E+21,1.08829E+16,4.95074E+16
90666,9.17083E+18,9,5,77,177,2017,8,17,2,3,6,4,0,1,1,0,0,0,0,6.4383E+20,5.43253E+21,1.09676E+16,4.90289E+16
90667,9.17083E+18,9,5,75,152,2017,8,12,2,2,5,2,0,0,0,1,1,0,0,6.22014E+20,5.48142E+21,1.06842E+16,4.94732E+16
90668,9.17083E+18,9,5,61,0,2017,8,15,2,3,2,6,0,1,0,0,0,0,0,6.1348E+20,5.46299E+21,1.05612E+16,4.93091E+16
90669,9.17083E+18,9,5,61,0,2017,8,16,2,3,2,2,0,1,0,0,1,0,0,6.15722E+20,5.45658E+21,1.05902E+16,4.92511E+16
90670,9.17083E+18,9,4,75,174,2017,8,17,2,3,8,1,0,1,0,0,0,0,0,7.03859E+20,5.55873E+21,1.18534E+16,5.01457E+16
90671,9.17083E+18,9,4,73,141,2017,8,9,2,3,8,1,0,1,0,0,0,0,0,6.39946E+20,5.57327E+21,1.09648E+16,5.0295E+16
90672,9.17083E+18,9,6,74,129,2017,8,8,2,3,9,1,0,1,0,0,1,0,0,6.2059E+20,5.53753E+21,1.06819E+16,4.99779E+16
90673,9.17083E+18,9,4,74,135,2017,8,17,2,3,2,2,0,1,0,1,0,0,0,6.41007E+20,5.50757E+21,1.09556E+16,4.97041E+16
90674,9.17083E+18,9,4,74,126,2017,8,16,2,3,9,6,0,1,0,0,0,0,0,6.45921E+20,5.5075E+21,1.10237E+16,4.97023E+16