OBJECTID,UIDENTSTLA,ULAND,UREGBEZ,UKREIS,UGEMEINDE,UJAHR,UMONAT,USTUNDE,UWOCHENTAG,UKATEGORIE,UART,UTYP1,IstRad,IstPKW,IstFuss,IstKrad,IstSonstig,LICHT,STRZUSTAND,LINREFX,LINREFY,XGCSWGS84,YGCSWGS84
90675,9.1709E+18,9,7,79,201,2017,9,17,2,3,5,2,1,0,0,1,0,0,0,6.41595E+20,5.3957E+21,1.09243E+16,4.86982E+16
90676,9.1709E+18,9,7,79,218,2017,9,16,2,3,2,6,0,1,0,0,0,0,0,6.26195E+20,5.39389E+21,1.07146E+16,4.86853E+16
90677,9.1709E+18,9,7,73,136,2017,9,16,2,2,2,6,0,1,0,0,1,0,0,5.96655E+20,5.37226E+21,1.03083E+16,4.8496E+16
90678,9.1709E+18,9,7,71,146,2017,9,14,2,3,2,6,0,1,0,0,0,0,0,6.46352E+20,5.34814E+21,1.09723E+16,4.82695E+16
90679,9.1709E+18,9,7,71,130,2017,9,16,2,2,4,1,1,0,0,0,0,0,0,6.45217E+20,5.35976E+21,1.0961E+16,4.83743E+16
90680,9.1709E+18,9,6,72,136,2017,9,10,2,3,0,1,0,1,0,0,1,0,0,5.82326E+20,5.5643E+21,1.01541E+16,5.02251E+16
90681,9.1709E+18,9,6,71,134,2017,9,5,2,3,2,6,0,1,0,0,0,2,0,5.01968E+20,5.5497E+21,9.02751E+15,5.00995E+16
90682,9.1709E+18,9,6,71,112,2017,9,15,2,3,9,1,0,1,0,0,0,0,0,5.17724E+20,5.53795E+21,9.24728E+15,4.99936E+16
90683,9.1709E+18,9,6,71,136,2017,9,20,2,2,5,3,0,1,0,1,0,2,0,5.04443E+20,5.53864E+21,9.062E+15,5.00001E+16
90684,9.1709E+18,9,7,61,0,2017,9,6,2,3,2,6,0,1,0,0,0,1,0,6.41142E+20,5.35655E+21,1.09049E+16,4.83463E+16
90685,9.1709E+18,9,7,71,114,2017,9,15,2,3,2,1,0,1,0,0,1,0,0,6.48327E+20,5.37223E+21,1.10074E+16,4.84857E+16
90686,9.1709E+18,9,6,75,178,2017,9,5,2,3,3,6,0,1,0,0,1,2,0,6.01405E+20,5.51527E+21,1.04086E+16,4.97813E+16
90687,9.1709E+18,9,6,75,141,2017,9,21,2,3,9,1,0,0,0,1,0,2,0,5.83379E+20,5.50924E+21,1.0157E+16,4.97299E+16
90688,9.1709E+18,9,6,74,147,2017,9,15,2,3,7,1,1,0,0,0,0,0,0,6.09325E+20,5.54322E+21,1.05265E+16,5.00313E+16
90689,9.1709E+18,9,6,73,141,2017,9,14,2,3,9,1,0,1,0,0,0,0,0,6.01686E+20,5.57307E+21,1.04278E+16,5.0301E+16
90690,9.1709E+18,9,6,61,0,2017,9,6,2,3,2,6,0,1,0,0,0,0,0,5.13028E+20,5.53411E+21,9.18163E+15,4.99592E+16
90691,9.1709E+18,9,5,72,143,2017,9,12,2,2,5,3,0,1,0,0,1,0,0,6.29323E+20,5.51103E+21,1.07948E+16,4.97378E+16
90692,9.1709E+18,9,5,72,133,2017,9,12,2,3,2,6,0,0,0,0,1,0,0,6.37303E+20,5.50143E+21,1.09021E+16,4.96498E+16
90693,9.1709E+18,9,5,76,111,2017,9,15,2,3,8,1,0,1,0,0,0,0,0,6.37857E+20,5.45509E+21,1.08937E+16,4.92331E+16
90694,9.1709E+18,9,5,64,0,2017,9,4,2,3,5,3,0,1,0,0,1,2,0,6.48831E+20,5.47728E+21,1.10526E+16,4.94299E+16
90695,9.1709E+18,9,5,64,0,2017,9,19,2,3,5,2,1,1,0,0,0,0,0,6.47621E+20,5.47825E+21,1.10363E+16,4.94389E+16
90696,9.1709E+18,9,5,64,0,2017,9,7,2,3,3,6,0,1,0,0,1,0,0,6.52796E+20,5.47613E+21,1.11068E+16,4.94186E+16
90697,9.1709E+18,9,5,73,114,2017,9,15,2,2,9,1,0,0,0,1,0,0,0,6.33415E+20,5.4818E+21,1.08416E+16,4.94742E+16
90698,9.1709E+18,9,5,73,127,2017,9,8,2,2,2,6,0,1,0,0,0,0,0,6.46124E+20,5.4754E+21,1.10146E+16,4.94137E+16
90699,9.1709E+18,9,5,61,0,2017,9,1,2,3,9,6,0,1,0,0,0,2,0,6.15735E+20,5.45723E+21,1.05906E+16,4.92569E+16
90700,9.1709E+18,9,5,77,173,2017,9,12,2,3,1,6,0,1,0,0,0,0,0,6.42046E+20,5.42494E+21,1.09406E+16,4.89611E+16
90701,9.1709E+18,9,5,77,173,2017,9,15,2,3,2,6,0,1,0,0,0,0,0,6.4099E+20,5.42235E+21,1.09253E+16,4.8938E+16
90702,9.1709E+18,9,5,77,173,2017,9,19,2,2,5,3,0,1,0,0,1,1,0,6.39721E+20,5.42324E+21,1.09083E+16,4.89463E+16
90703,9.1709E+18,9,5,75,153,2017,9,7,2,3,2,2,0,1,0,0,0,0,0,6.14254E+20,5.49284E+21,1.05804E+16,4.95773E+16
90704,9.1709E+18,9,5,71,165,2017,9,7,2,3,0,7,0,1,0,0,0,0,0,6.33755E+20,5.46581E+21,1.08409E+16,4.93303E+16
90705,9.1709E+18,9,5,71,145,2017,9,12,2,3,5,3,1,1,0,0,0,0,0,5.97905E+20,5.44663E+21,1.0343E+16,4.91647E+16
90706,9.1709E+18,9,4,79,136,2017,9,6,2,2,3,6,0,0,0,0,1,0,0,7.23963E+20,5.54262E+21,1.21249E+16,4.99938E+16
90707,9.1709E+18,9,4,75,156,2017,9,13,2,3,5,3,0,1,0,0,0,0,0,6.91028E+20,5.58207E+21,1.16858E+16,5.03597E+16
90708,9.1709E+18,9,4,78,116,2017,9,13,2,2,4,6,0,1,0,0,0,0,0,6.62943E+20,5.55529E+21,1.12798E+16,5.01275E+16
90709,9.1709E+18,9,4,77,157,2017,9,20,2,3,6,4,0,1,1,0,0,2,0,6.73525E+20,5.54395E+21,1.14225E+16,5.00225E+16
90710,9.1709E+18,9,4,72,197,2017,9,19,2,2,8,1,0,0,0,1,0,0,0,6.67606E+20,5.52509E+21,1.13318E+16,4.98547E+16
90711,9.1709E+18,9,4,77,158,2017,9,23,2,2,8,1,0,0,0,1,0,2,0,6.78399E+20,5.54874E+21,1.14927E+16,5.00642E+16
90712,9.1709E+18,9,3,75,118,2017,9,15,2,2,8,1,0,1,0,0,0,0,0,7.09456E+20,5.44529E+21,1.1871E+16,4.91247E+16
90713,9.1709E+18,9,3,75,170,2017,9,7,2,3,9,1,0,1,0,0,0,0,1,7.36865E+20,5.43101E+21,1.22378E+16,4.89865E+16
90714,9.1709E+18,9,3,75,181,2017,9,20,2,3,0,1,1,0,0,0,0,2,0,7.19397E+20,5.43434E+21,1.20011E+16,4.90229E+16
90715,9.1709E+18,9,3,73,113,2017,9,17,2,3,1,6,0,1,0,0,0,0,0,6.78117E+20,5.46556E+21,1.14509E+16,4.93168E+16
90716,9.1709E+18,9,3,71,131,2017,9,7,2,1,1,7,0,0,0,0,1,0,0,6.95026E+20,5.47805E+21,1.16894E+16,4.94239E+16
90717,9.1709E+18,9,3,76,170,2017,9,5,2,2,4,6,0,1,0,0,0,2,1,7.25502E+20,5.45884E+21,1.20982E+16,4.92407E+16
90718,9.1709E+18,9,3,61,0,2017,9,5,2,3,4,2,0,1,0,0,0,1,1,7.08861E+20,5.48006E+21,1.1881E+16,4.94373E+16
90719,9.1709E+18,9,2,71,125,2017,9,6,2,3,2,6,0,1,0,0,1,0,0,8.0014E+20,5.40794E+21,1.30837E+16,4.8752E+16
90720,9.1709E+18,9,2,71,119,2017,9,14,2,3,4,6,0,1,0,0,0,0,0,7.91583E+20,5.41477E+21,1.29724E+16,4.88174E+16
90721,9.1709E+18,9,2,62,0,2017,9,21,2,3,2,6,0,1,0,0,1,2,0,8.23856E+20,5.38772E+21,1.33896E+16,4.85588E+16
90722,9.1709E+18,9,2,75,153,2017,9,10,2,3,9,7,0,1,0,0,0,0,0,8.44984E+20,5.39023E+21,1.36771E+16,4.85701E+16
90723,9.1709E+18,9,2,77,118,2017,9,16,2,3,2,6,0,1,0,0,0,0,0,8.07379E+20,5.35845E+21,1.31455E+16,4.83044E+16
90724,9.1709E+18,9,2,75,128,2017,9,15,2,2,5,2,0,1,0,0,1,0,0,8.29747E+20,5.39832E+21,1.34776E+16,4.86508E+16
90725,9.1709E+18,9,2,62,0,2017,9,12,2,3,2,6,0,1,0,0,1,0,0,8.29777E+20,5.39002E+21,1.34715E+16,4.85763E+16
90726,9.1709E+18,9,2,74,114,2017,9,16,2,2,4,6,0,1,0,1,1,0,0,7.35624E+20,5.37146E+21,1.21868E+16,4.84521E+16
90727,9.1709E+18,9,2,74,120,2017,9,14,2,2,0,1,1,0,0,0,0,0,0,7.51294E+20,5.3678E+21,1.23962E+16,4.84132E+16
90728,9.1709E+18,9,1,90,139,2017,9,16,2,2,4,6,0,1,0,1,0,0,0,6.52447E+20,5.29733E+21,1.10363E+16,4.78112E+16
90729,9.1709E+18,9,1,83,113,2017,9,6,2,3,8,6,0,1,0,0,0,1,0,7.46313E+20,5.34414E+21,1.23152E+16,4.82027E+16
90730,9.1709E+18,9,1,83,144,2017,9,6,2,3,5,3,0,1,0,0,0,0,0,7.39892E+20,5.35139E+21,1.2233E+16,4.82703E+16
90731,9.1709E+18,9,1,89,162,2017,9,16,2,2,0,7,0,0,0,1,0,0,0,7.74765E+20,5.31542E+21,1.26789E+16,4.79331E+16
90732,9.1709E+18,9,1,72,111,2017,9,16,2,3,4,2,0,1,0,0,0,0,0,7.9624E+20,5.30225E+21,1.29567E+16,4.78053E+16
90733,9.1709E+18,9,1,72,132,2017,9,17,2,2,0,6,1,0,0,0,0,0,0,7.99502E+20,5.27903E+21,1.29843E+16,4.75954E+16
90734,9.1709E+18,9,1,71,121,2017,9,20,2,3,4,6,0,1,0,0,0,1,0,7.75024E+20,5.34338E+21,1.27003E+16,4.8184E+16
90735,9.1709E+18,9,1,84,114,2017,9,7,2,3,2,6,0,1,0,0,1,0,0,7.00808E+20,5.31537E+21,1.169E+16,4.79601E+16
90736,9.1709E+18,9,1,82,123,2017,9,17,2,3,2,6,0,1,0,0,0,0,0,7.19383E+20,5.30069E+21,1.1931E+16,4.78221E+16
90737,9.1709E+18,9,1,63,0,2017,9,19,2,3,3,2,1,1,0,0,0,0,0,7.34298E+20,5.30453E+21,1.21321E+16,4.78513E+16
90738,9.1709E+18,9,1,87,174,2017,9,9,2,3,1,6,0,1,0,0,0,0,0,7.4222E+20,5.31023E+21,1.2241E+16,4.78996E+16
90739,9.1709E+18,9,1,82,132,2017,9,17,2,3,0,7,0,1,0,0,0,0,0,7.07966E+20,5.286E+21,1.17717E+16,4.76939E+16
90740,9.1709E+18,9,1,76,118,2017,9,6,2,3,9,1,0,0,0,1,0,0,1,6.67584E+20,5.40961E+21,1.12829E+16,4.88168E+16
90741,9.17091E+18,9,6,77,151,2017,9,13,3,2,0,1,0,0,0,1,0,0,0,5.39287E+20,5.51644E+21,9.54592E+15,4.97991E+16
90742,9.1709E+18,9,1,76,120,2017,9,14,2,2,8,1,0,1,0,0,0,0,0,6.79905E+20,5.42118E+21,1.14557E+16,4.89174E+16
90743,9.1709E+18,9,1,74,135,2017,9,4,2,3,0,7,0,1,0,0,0,2,0,6.6067E+20,5.35518E+21,1.11678E+16,4.83294E+16
90744,9.1709E+18,9,1,62,0,2017,9,8,2,3,2,6,0,1,0,0,1,0,0,6.84367E+20,5.34254E+21,1.14817E+16,4.82093E+16
90745,9.1709E+18,9,1,79,125,2017,9,13,2,2,8,7,1,1,0,0,0,0,0,6.60589E+20,5.33221E+21,1.1158E+16,4.81229E+16
90746,9.1709E+18,9,1,81,114,2017,9,16,2,3,5,3,0,1,0,0,1,0,0,6.56083E+20,5.31266E+21,1.10903E+16,4.79482E+16
90747,9.1709E+18,9,1,74,141,2017,9,7,2,3,9,1,0,1,0,0,0,1,1,6.84086E+20,5.35508E+21,1.14834E+16,4.8322E+16
90748,9.1709E+18,9,1,75,118,2017,9,17,2,3,2,6,0,0,0,0,1,0,0,7.18047E+20,5.33909E+21,1.19327E+16,4.81676E+16
90749,9.1709E+18,9,1,78,115,2017,9,18,2,3,0,7,0,0,0,1,1,0,1,7.03642E+20,5.37658E+21,1.17573E+16,4.85093E+16
90750,9.1709E+18,9,1,75,115,2017,9,14,2,3,3,6,0,0,0,1,1,0,0,7.21484E+20,5.33092E+21,1.19746E+16,4.8093E+16
90751,9.1709E+18,9,1,75,122,2017,9,7,2,3,4,2,0,1,0,0,0,0,0,7.19964E+20,5.32706E+21,1.19523E+16,4.80588E+16
90752,9.1709E+18,9,1,77,124,2017,9,18,2,2,9,1,0,0,0,1,0,0,1,7.25472E+20,5.36722E+21,1.20475E+16,4.84178E+16
90753,9.1709E+18,9,1,84,129,2017,9,22,1,3,6,4,0,1,1,0,0,2,0,7.02042E+20,5.32369E+21,1.17104E+16,4.80345E+16
90754,9.1709E+18,9,1,62,0,2017,9,13,1,2,0,7,1,0,0,0,0,0,0,6.8869E+20,5.3363E+21,1.15371E+16,4.8152E+16
90755,9.1709E+18,9,7,78,144,2017,9,7,1,3,2,6,0,1,0,0,0,0,0,5.95522E+20,5.30151E+21,1.02771E+16,4.78598E+16
90756,9.17091E+18,9,6,75,174,2017,9,15,3,3,3,6,1,0,0,0,1,0,0,5.9125E+20,5.52616E+21,1.02701E+16,4.98809E+16
90757,9.17091E+18,9,6,77,114,2017,9,23,3,2,8,1,0,0,0,1,0,2,0,5.68924E+20,5.53666E+21,9.9613E+15,4.99783E+16
90758,9.17091E+18,9,6,78,192,2017,9,12,3,2,8,1,0,0,0,1,0,0,0,5.71169E+20,5.54828E+21,9.99476E+15,5.00826E+16
90759,9.1709E+18,9,7,78,144,2017,9,16,1,3,5,3,0,1,0,1,0,0,0,5.90176E+20,5.30591E+21,1.02066E+16,4.79002E+16
90760,9.1709E+18,9,7,80,144,2017,9,14,1,3,5,3,0,1,0,0,0,0,0,5.8147E+20,5.27809E+21,1.00849E+16,4.76511E+16
90761,9.1709E+18,9,6,71,156,2017,9,0,1,1,1,7,0,1,0,0,1,2,1,5.20679E+20,5.53559E+21,9.28837E+15,4.99723E+16
90762,9.1709E+18,9,6,75,117,2017,9,5,1,1,4,6,0,1,0,0,0,1,1,5.86166E+20,5.51746E+21,1.01974E+16,4.98034E+16
90763,9.1709E+18,9,6,79,128,2017,9,13,1,3,7,7,0,1,0,0,0,0,0,5.60152E+20,5.52462E+21,9.8371E+15,4.9871E+16
90764,9.17091E+18,9,6,61,0,2017,9,4,3,3,2,6,0,1,0,0,1,2,0,5.08345E+20,5.538E+21,9.11643E+15,4.99943E+16
90765,9.17091E+18,9,6,71,156,2017,9,3,3,3,2,6,0,0,0,0,1,2,0,5.22842E+20,5.53427E+21,9.31846E+15,4.99603E+16
90766,9.17091E+18,9,6,76,126,2017,9,18,3,3,5,3,1,1,0,0,0,0,0,5.11404E+20,5.52495E+21,9.15872E+15,4.98768E+16
90767,9.17091E+18,9,1,73,145,2017,9,8,3,3,8,1,0,1,0,0,0,0,1,6.91636E+20,5.2891E+21,1.15556E+16,4.77268E+16
90768,9.1709E+18,9,6,75,178,2017,9,11,1,3,2,2,1,0,0,0,0,0,0,5.97148E+20,5.51751E+21,1.035E+16,4.98022E+16
90769,9.1709E+18,9,6,75,141,2017,9,14,1,3,5,3,0,1,0,0,0,0,0,5.79481E+20,5.51258E+21,1.01036E+16,4.97605E+16
90770,9.1709E+18,9,6,74,159,2017,9,19,1,3,8,1,0,1,0,0,0,1,0,6.20697E+20,5.53089E+21,1.06813E+16,4.99182E+16
90771,9.1709E+18,9,6,78,164,2017,9,15,1,2,5,3,0,1,0,1,0,0,0,6.01008E+20,5.52274E+21,1.0405E+16,4.98486E+16
90772,9.17091E+18,9,1,90,154,2017,9,6,3,3,8,7,0,0,0,1,0,1,1,6.41732E+20,5.28716E+21,1.08899E+16,4.77223E+16
90773,9.1709E+18,9,6,78,115,2017,9,15,1,3,0,1,0,0,0,1,0,0,1,5.83548E+20,5.54034E+21,1.0166E+16,5.00095E+16
90774,9.17091E+18,9,2,77,139,2017,9,16,3,3,4,2,0,1,0,0,0,0,0,7.88595E+20,5.37114E+21,1.29015E+16,4.84272E+16
90775,9.1709E+18,9,6,62,0,2017,9,14,1,3,5,3,0,1,0,0,0,0,1,5.85137E+20,5.54572E+21,1.01894E+16,5.00576E+16
90776,9.1709E+18,9,6,71,148,2017,9,23,1,3,8,1,0,1,0,0,0,2,0,5.26953E+20,5.53809E+21,9.37605E+15,4.99946E+16
90777,9.1709E+18,9,6,71,124,2017,9,21,1,3,0,1,1,0,0,0,0,2,0,5.14608E+20,5.53474E+21,9.20368E+15,4.99648E+16
90778,9.1709E+18,9,6,71,162,2017,9,14,1,1,4,1,0,1,0,1,0,0,1,5.26244E+20,5.55261E+21,9.36715E+15,5.01252E+16
90779,9.1709E+18,9,5,62,0,2017,9,10,1,2,2,6,0,1,0,1,0,0,0,6.43823E+20,5.49317E+21,1.09894E+16,4.9574E+16
90780,9.1709E+18,9,5,76,113,2017,9,15,1,3,3,6,0,1,0,1,0,0,0,6.61978E+20,5.45468E+21,1.12246E+16,4.92234E+16
90781,9.1709E+18,9,5,74,156,2017,9,13,1,3,8,7,0,1,0,0,0,0,0,6.58194E+20,5.48216E+21,1.11836E+16,4.94714E+16
90782,9.1709E+18,9,5,74,123,2017,9,13,1,3,1,6,0,1,0,0,0,0,0,6.59013E+20,5.47357E+21,1.11914E+16,4.9394E+16
90783,9.1709E+18,9,5,65,0,2017,9,17,1,3,5,3,0,1,0,0,0,0,1,6.46518E+20,5.46529E+21,1.10163E+16,4.93228E+16
90784,9.1709E+18,9,5,63,0,2017,9,20,1,3,2,6,0,1,0,0,0,2,0,6.44551E+20,5.48274E+21,1.09956E+16,4.94801E+16
90785,9.1709E+18,9,5,64,0,2017,9,4,1,3,2,6,0,1,0,0,0,2,0,6.52397E+20,5.48234E+21,1.11037E+16,4.94746E+16
90786,9.1709E+18,9,5,73,125,2017,9,18,1,3,2,6,0,1,0,0,0,0,1,6.38765E+20,5.47187E+21,1.0912E+16,4.93837E+16
90787,9.1709E+18,9,5,77,125,2017,9,16,1,3,2,6,0,1,0,0,0,0,0,6.43804E+20,5.43475E+21,1.09681E+16,4.90489E+16
90788,9.1709E+18,9,5,61,0,2017,9,16,1,3,2,6,0,1,0,0,0,0,0,6.19679E+20,5.46362E+21,1.06466E+16,4.93136E+16
90789,9.1709E+18,9,4,75,113,2017,9,17,1,3,9,6,0,1,0,0,0,0,0,6.98511E+20,5.5836E+21,1.17916E+16,5.03709E+16
90790,9.1709E+18,9,4,63,0,2017,9,17,1,3,9,1,0,1,0,0,0,0,0,6.4106E+20,5.5659E+21,1.09777E+16,5.02284E+16
90791,9.1709E+18,9,4,73,159,2017,9,13,1,3,9,1,0,1,0,0,0,0,1,6.43759E+20,5.57079E+21,1.10174E+16,5.02718E+16
90792,9.1709E+18,9,4,72,175,2017,9,14,1,3,0,1,0,0,0,1,0,0,1,6.84447E+20,5.51413E+21,1.15606E+16,4.97513E+16
90793,9.1709E+18,9,4,74,129,2017,9,15,1,3,6,6,1,0,1,0,0,0,1,6.68148E+20,5.51692E+21,1.13358E+16,4.97811E+16
90794,9.1709E+18,9,4,71,209,2017,9,14,1,3,8,1,0,0,0,1,0,0,1,6.524E+20,5.54291E+21,1.11274E+16,5.00189E+16
90795,9.1709E+18,9,4,61,0,2017,9,20,1,3,1,6,0,1,0,0,0,2,0,6.38053E+20,5.52816E+21,1.0922E+16,4.98899E+16
90796,9.1709E+18,9,3,77,145,2017,9,16,1,3,9,1,0,1,0,0,0,0,0,7.27121E+20,5.54108E+21,1.2168E+16,4.99787E+16
90797,9.1709E+18,9,3,77,117,2017,9,15,1,3,2,6,0,1,0,0,0,0,0,7.28611E+20,5.52819E+21,1.21811E+16,4.98624E+16
90798,9.17091E+18,9,2,75,154,2017,9,22,3,3,5,3,0,1,0,0,0,2,0,8.0835E+20,5.39538E+21,1.31857E+16,4.86353E+16
90799,9.17091E+18,9,1,87,130,2017,9,7,3,3,5,3,0,1,0,0,1,0,0,7.1639E+20,5.31228E+21,1.18969E+16,4.79273E+16
90800,9.17091E+18,9,1,87,117,2017,9,17,3,3,0,1,1,0,0,0,0,0,0,7.26539E+20,5.30797E+21,1.20303E+16,4.7885E+16
90801,9.1709E+18,9,7,75,139,2017,9,7,2,3,2,7,0,1,0,0,0,0,0,5.77746E+20,5.36719E+21,1.00515E+16,4.84531E+16
90802,9.1709E+18,9,3,63,0,2017,9,15,1,3,2,6,0,1,0,0,0,0,0,7.27149E+20,5.50484E+21,1.21472E+16,4.96533E+16
90803,9.17091E+18,9,2,74,191,2017,9,13,3,2,2,6,0,1,0,1,0,0,0,7.46111E+20,5.39097E+21,1.23399E+16,4.86234E+16
90804,9.17091E+18,9,6,76,165,2017,9,16,3,3,4,6,0,1,0,0,0,0,0,5.09961E+20,5.50443E+21,9.13812E+15,4.96923E+16
90805,9.1709E+18,9,3,72,154,2017,9,22,1,3,9,1,0,1,0,0,0,2,0,7.56935E+20,5.47165E+21,1.25375E+16,4.93434E+16
90806,9.1709E+18,9,3,72,124,2017,9,15,1,3,2,2,0,1,0,0,0,0,0,7.84957E+20,5.46765E+21,1.29196E+16,4.9295E+16
90807,9.1709E+18,9,3,72,150,2017,9,21,1,3,9,1,0,1,0,0,0,2,0,7.51911E+20,5.43987E+21,1.24486E+16,4.90602E+16
90808,9.1709E+18,9,3,72,147,2017,9,17,1,2,8,1,0,1,0,0,0,0,0,7.58166E+20,5.45974E+21,1.25467E+16,4.92359E+16
90809,9.1709E+18,9,3,76,170,2017,9,14,1,3,8,7,0,1,0,0,0,0,0,7.27973E+20,5.45767E+21,1.21315E+16,4.92293E+16
90810,9.1709E+18,9,3,61,0,2017,9,10,1,3,5,3,0,1,0,0,0,0,0,7.06043E+20,5.48051E+21,1.18424E+16,4.94423E+16
90811,9.1709E+18,9,2,75,145,2017,9,15,1,3,2,7,0,1,0,0,0,0,1,8.23328E+20,5.37697E+21,1.33742E+16,4.84626E+16
90812,9.1709E+18,9,2,77,114,2017,9,11,1,3,8,1,0,1,0,0,0,0,0,7.88111E+20,5.37967E+21,1.29008E+16,4.8504E+16
90813,9.1709E+18,9,2,75,124,2017,9,16,1,3,6,7,0,1,1,0,0,0,0,8.12629E+20,5.37109E+21,1.32255E+16,4.84153E+16
90814,9.1709E+18,9,2,72,128,2017,9,5,1,2,8,1,0,1,0,0,0,2,0,8.15934E+20,5.41967E+21,1.3307E+16,4.88495E+16
90815,9.1709E+18,9,2,72,151,2017,9,10,1,2,5,2,0,1,0,0,0,0,0,8.40983E+20,5.40731E+21,1.36371E+16,4.87253E+16
90816,9.17091E+18,9,5,72,126,2017,9,22,3,3,2,6,0,1,0,0,1,2,0,6.33876E+20,5.50661E+21,1.08564E+16,4.96972E+16
90817,9.1709E+18,9,2,73,125,2017,9,13,1,2,1,5,0,1,0,0,0,0,0,7.21707E+20,5.41672E+21,1.20231E+16,4.88638E+16
90818,9.1709E+18,9,2,73,119,2017,9,7,1,3,8,1,0,1,0,0,0,0,1,7.07678E+20,5.4086E+21,1.1828E+16,4.87956E+16
90819,9.17091E+18,9,5,63,0,2017,9,10,3,3,8,1,0,1,0,0,0,0,0,6.45495E+20,5.48256E+21,1.10086E+16,4.94782E+16
90820,9.1709E+18,9,2,73,152,2017,9,18,1,3,2,6,0,1,0,0,0,0,0,7.04489E+20,5.40716E+21,1.17839E+16,4.87838E+16
90821,9.17091E+18,9,5,74,138,2017,9,14,3,3,8,7,0,0,0,0,1,0,0,6.65261E+20,5.48513E+21,1.12823E+16,4.94963E+16
90822,9.1709E+18,9,2,73,147,2017,9,14,1,3,2,6,0,1,0,1,0,0,1,7.00763E+20,5.39326E+21,1.17264E+16,4.86601E+16
90823,9.1709E+18,9,2,73,165,2017,9,17,1,3,8,6,0,1,0,0,0,0,0,7.16831E+20,5.40977E+21,1.1953E+16,4.88031E+16
90824,9.1709E+18,9,2,74,128,2017,9,22,1,3,2,2,0,1,0,0,0,2,1,7.36657E+20,5.39143E+21,1.22121E+16,4.86311E+16
90825,9.1709E+18,9,2,79,122,2017,9,4,1,3,8,1,0,1,0,0,0,2,0,7.73442E+20,5.3927E+21,1.27112E+16,4.86275E+16
90826,9.1709E+18,9,2,73,111,2017,9,1,1,3,6,7,0,1,1,0,0,2,0,7.08739E+20,5.41051E+21,1.18434E+16,4.88125E+16
90827,9.1709E+18,9,1,73,123,2017,9,15,1,3,9,1,0,1,0,0,0,0,1,6.77618E+20,5.30135E+21,1.13739E+16,4.7841E+16
90828,9.1709E+18,9,1,80,117,2017,9,18,1,3,4,1,0,1,0,0,0,0,1,6.60871E+20,5.2613E+21,1.11355E+16,4.74853E+16
90829,9.1709E+18,9,1,73,112,2017,9,17,1,3,4,2,0,1,0,0,0,0,0,6.92203E+20,5.29172E+21,1.15643E+16,4.77502E+16
90830,9.1709E+18,9,1,84,114,2017,9,16,1,3,8,1,0,1,0,0,0,0,1,7.00746E+20,5.31556E+21,1.16893E+16,4.79619E+16
90831,9.1709E+18,9,1,87,165,2017,9,4,1,3,3,1,0,1,0,0,0,2,1,7.29187E+20,5.30029E+21,1.20616E+16,4.78151E+16
90832,9.1709E+18,9,1,87,129,2017,9,12,1,3,4,2,1,1,0,0,0,0,1,7.25777E+20,5.2955E+21,1.20136E+16,4.77733E+16
90833,9.1709E+18,9,1,87,179,2017,9,13,1,3,5,3,0,1,0,0,0,0,1,7.251E+20,5.31353E+21,1.2014E+16,4.79355E+16
90834,9.1709E+18,9,1,86,152,2017,9,16,1,3,2,6,0,1,0,0,0,0,1,6.91326E+20,5.38059E+21,1.15926E+16,4.85492E+16
90835,9.1709E+18,9,1,85,131,2017,9,19,1,2,8,1,0,1,0,0,0,2,1,6.65672E+20,5.37844E+21,1.12444E+16,4.85372E+16
90836,9.17091E+18,9,5,62,0,2017,9,18,3,3,1,6,0,1,0,0,0,0,0,6.47123E+20,5.49567E+21,1.10359E+16,4.95957E+16
90837,9.17091E+18,9,5,62,0,2017,9,17,3,3,2,6,0,1,0,0,0,0,0,6.44036E+20,5.49397E+21,1.09926E+16,4.95812E+16
90838,9.17091E+18,9,5,76,151,2017,9,16,3,2,2,2,0,1,0,1,0,0,0,6.55556E+20,5.46946E+21,1.11422E+16,4.93579E+16
90839,9.1709E+18,9,1,85,163,2017,9,17,1,2,0,7,1,0,0,0,0,0,1,6.60685E+20,5.39248E+21,1.11823E+16,4.86647E+16
90840,9.1709E+18,9,1,76,120,2017,9,18,1,3,4,1,0,1,0,0,0,0,1,6.8004E+20,5.4196E+21,1.14568E+16,4.89031E+16
90841,9.17091E+18,9,5,76,111,2017,9,19,3,3,5,2,0,1,0,0,0,0,0,6.37277E+20,5.45339E+21,1.08851E+16,4.92179E+16
90842,9.1709E+18,9,1,79,123,2017,9,15,1,3,8,1,0,1,0,0,0,0,1,6.76134E+20,5.33498E+21,1.13678E+16,4.81437E+16
90843,9.17091E+18,9,5,74,147,2017,9,3,3,3,8,1,0,0,0,0,1,2,1,6.81364E+20,5.49066E+21,1.1507E+16,4.95413E+16
90844,9.1709E+18,9,1,81,115,2017,9,12,1,3,5,3,0,1,0,0,0,0,1,6.56255E+20,5.32675E+21,1.10978E+16,4.80748E+16
90845,9.1709E+18,9,1,78,122,2017,9,17,1,2,8,1,0,0,0,1,0,0,0,7.05634E+20,5.38557E+21,1.17887E+16,4.85894E+16
90846,9.1709E+18,9,1,78,132,2017,9,18,1,3,8,1,0,1,0,0,0,1,0,7.10913E+20,5.38218E+21,1.18585E+16,4.85572E+16
90847,9.1709E+18,9,1,77,116,2017,9,20,1,3,1,5,0,1,0,0,0,2,0,7.14661E+20,5.35819E+21,1.18969E+16,4.83404E+16
90848,9.1709E+18,9,1,62,0,2017,9,0,7,3,1,6,0,1,0,0,0,2,1,6.97366E+20,5.33133E+21,1.16513E+16,4.81046E+16