OBJECTID,UIDENTSTLA,ULAND,UREGBEZ,UKREIS,UGEMEINDE,UJAHR,UMONAT,USTUNDE,UWOCHENTAG,UKATEGORIE,UART,UTYP1,IstRad,IstPKW,IstFuss,IstKrad,IstSonstig,LICHT,STRZUSTAND,LINREFX,LINREFY,XGCSWGS84,YGCSWGS84
91023,9.17091E+18,9,3,63,0,2017,9,18,3,2,6,2,0,1,1,0,0,0,0,7.28998E+20,5.5075E+21,1.21743E+16,4.96765E+16
91024,9.1709E+18,9,1,79,126,2017,9,6,6,3,5,3,0,1,0,0,0,1,1,6.77554E+20,5.33936E+21,1.13887E+16,4.81827E+16
91025,9.1709E+18,9,1,81,120,2017,9,14,6,2,0,1,0,0,0,1,0,0,1,6.48941E+20,5.31978E+21,1.09972E+16,4.8014E+16
91026,9.1709E+18,9,1,74,113,2017,9,11,6,3,2,6,0,1,0,0,0,0,1,6.77813E+20,5.34688E+21,1.13954E+16,4.82502E+16
91027,9.1709E+18,9,1,74,111,2017,9,7,6,3,9,6,0,1,0,0,0,0,1,6.67617E+20,5.35869E+21,1.12628E+16,4.83591E+16
91028,9.1709E+18,9,1,62,0,2017,9,12,6,3,8,1,0,1,0,0,0,0,1,7.00266E+20,5.33549E+21,1.16922E+16,4.81411E+16
91029,9.1709E+18,9,1,75,118,2017,9,13,6,3,8,1,0,1,0,0,0,0,1,7.16268E+20,5.34054E+21,1.19096E+16,4.81813E+16
91030,9.1709E+18,9,1,78,123,2017,9,8,6,2,0,7,0,1,0,0,0,0,1,6.92422E+20,5.35922E+21,1.15976E+16,4.83568E+16
91031,9.1709E+18,9,1,78,113,2017,9,15,6,3,2,6,0,1,0,0,0,0,1,6.91559E+20,5.36701E+21,1.15895E+16,4.84271E+16
91032,9.1709E+18,9,1,78,143,2017,9,9,6,3,2,6,0,1,0,0,1,0,1,7.19564E+20,5.37103E+21,1.19697E+16,4.8454E+16
91033,9.1709E+18,9,1,62,0,2017,9,15,6,3,4,6,0,1,0,0,0,0,1,6.95276E+20,5.34417E+21,1.16291E+16,4.82206E+16
91034,9.1709E+18,9,1,78,145,2017,9,22,6,3,5,2,0,1,0,0,0,2,1,6.99729E+20,5.35643E+21,1.16948E+16,4.83295E+16
91035,9.1709E+18,9,1,78,130,2017,9,14,6,2,0,1,0,0,0,1,0,0,1,7.02298E+20,5.35702E+21,1.17297E+16,4.83339E+16
91036,9.1709E+18,9,1,78,136,2017,9,22,6,3,8,7,0,1,0,0,0,2,1,6.9346E+20,5.37022E+21,1.16167E+16,4.84553E+16
91037,9.1709E+18,9,1,78,124,2017,9,17,6,3,5,3,0,1,0,0,0,0,1,7.00156E+20,5.35709E+21,1.17009E+16,4.83353E+16
91038,9.1709E+18,9,1,77,122,2017,9,13,6,3,1,6,0,1,0,0,0,0,1,7.27134E+20,5.3583E+21,1.20651E+16,4.8337E+16
91039,9.17083E+18,9,1,62,0,2017,8,19,5,3,2,6,0,1,0,0,0,1,1,6.94725E+20,5.33218E+21,1.16162E+16,4.8113E+16
91040,9.17083E+18,9,1,62,0,2017,8,6,5,3,5,3,0,1,0,0,0,0,0,6.86218E+20,5.33526E+21,1.15034E+16,4.81433E+16
91041,9.17083E+18,9,1,62,0,2017,8,10,5,3,3,2,1,1,0,0,0,0,0,6.96753E+20,5.33371E+21,1.16442E+16,4.81262E+16
91042,9.17091E+18,9,3,74,117,2017,9,13,3,3,5,3,0,1,0,0,0,0,0,7.04372E+20,5.51516E+21,1.18374E+16,4.97542E+16
91043,9.17091E+18,9,3,75,180,2017,9,8,3,3,1,6,0,1,0,0,0,0,0,7.24308E+20,5.43007E+21,1.20659E+16,4.89828E+16
91044,9.17083E+18,9,1,62,0,2017,8,20,5,3,5,2,0,1,0,0,1,2,1,6.93509E+20,5.33153E+21,1.15996E+16,4.81076E+16
91045,9.17083E+18,9,7,74,144,2017,8,3,5,3,2,6,0,0,0,0,1,2,1,6.08305E+20,5.36326E+21,1.04636E+16,4.84131E+16
91046,9.17091E+18,9,3,75,156,2017,9,16,3,3,0,1,1,0,0,0,0,0,0,7.18498E+20,5.45184E+21,1.19983E+16,4.91804E+16
91047,9.17083E+18,9,7,75,129,2017,8,14,5,3,5,6,0,1,0,0,0,0,1,5.82325E+20,5.34285E+21,1.01086E+16,4.82335E+16
91048,9.17091E+18,9,3,75,165,2017,9,5,3,3,1,6,0,1,0,0,0,1,0,7.26197E+20,5.43701E+21,1.20955E+16,4.90444E+16
91049,9.17083E+18,9,7,74,135,2017,8,14,5,3,0,7,1,0,0,0,0,0,1,5.93724E+20,5.36754E+21,1.02676E+16,4.8454E+16
91050,9.17083E+18,9,7,74,122,2017,8,12,5,2,5,3,0,1,0,0,0,0,1,6.07441E+20,5.35682E+21,1.04503E+16,4.83554E+16
91051,9.17091E+18,9,2,78,118,2017,9,16,3,2,2,6,0,1,0,0,0,0,0,7.69781E+20,5.42417E+21,1.26823E+16,4.89116E+16
91052,9.17083E+18,9,7,78,116,2017,8,12,5,3,0,1,0,0,0,1,0,0,1,6.19519E+20,5.31974E+21,1.06029E+16,4.80198E+16
91053,9.17083E+18,9,7,80,128,2017,8,14,5,3,2,6,0,1,0,0,0,0,1,6.07228E+20,5.27918E+21,1.0428E+16,4.76571E+16
91054,9.17083E+18,9,7,77,151,2017,8,15,5,3,5,3,1,1,0,0,0,0,1,6.21834E+20,5.29438E+21,1.06267E+16,4.77913E+16
91055,9.17083E+18,9,7,76,125,2017,8,10,5,3,8,1,1,0,0,0,0,0,1,5.65345E+20,5.27E+21,9.86896E+15,4.75801E+16
91056,9.17083E+18,9,7,76,116,2017,8,8,5,3,3,6,0,1,0,1,0,0,0,5.52754E+20,5.26942E+21,9.70148E+15,4.7576E+16
91057,9.17083E+18,9,7,76,116,2017,8,21,5,3,0,1,0,1,0,0,1,2,1,5.55247E+20,5.26645E+21,9.73424E+15,4.75491E+16
91058,9.17083E+18,9,7,77,128,2017,8,16,5,3,2,6,0,1,0,0,1,0,0,6.14652E+20,5.30356E+21,1.05333E+16,4.78751E+16
91059,9.17083E+18,9,7,79,131,2017,8,18,5,3,2,7,0,1,0,0,0,0,1,6.30806E+20,5.39975E+21,1.07791E+16,4.8737E+16
91060,9.17083E+18,9,7,72,177,2017,8,12,5,3,2,2,0,1,0,0,1,0,1,6.37489E+20,5.3747E+21,1.08616E+16,4.85104E+16
91061,9.17083E+18,9,7,72,147,2017,8,21,5,3,6,4,0,1,1,0,0,2,1,6.38978E+20,5.36523E+21,1.08786E+16,4.84249E+16
91062,9.17083E+18,9,7,61,0,2017,8,17,5,3,0,1,0,0,0,1,0,0,1,6.41736E+20,5.36179E+21,1.09147E+16,4.83933E+16
91063,9.17083E+18,9,6,79,156,2017,8,16,5,3,5,3,0,1,0,0,0,0,1,5.74095E+20,5.52263E+21,1.00307E+16,4.98515E+16
91064,9.17083E+18,9,6,77,157,2017,8,10,5,2,5,6,1,1,0,0,0,0,0,5.43516E+20,5.52123E+21,9.60522E+15,4.9842E+16
91065,9.17091E+18,9,1,74,143,2017,9,10,3,3,9,7,0,1,0,0,0,0,1,6.77589E+20,5.35281E+21,1.13949E+16,4.83035E+16
91066,9.1709E+18,9,7,62,0,2017,9,17,2,3,5,3,1,1,0,0,0,0,0,6.20787E+20,5.30444E+21,1.06156E+16,4.7882E+16
91067,9.17091E+18,9,1,63,0,2017,9,17,3,3,5,2,1,1,0,0,0,0,0,7.34695E+20,5.30488E+21,1.21376E+16,4.78543E+16
91068,9.17091E+18,9,2,78,113,2017,9,13,2,3,5,3,1,1,0,0,0,0,0,7.65602E+20,5.41662E+21,1.26205E+16,4.88457E+16
91069,9.17091E+18,9,2,63,0,2017,9,19,2,3,9,1,0,1,0,0,0,2,0,7.60682E+20,5.42425E+21,1.25584E+16,4.89163E+16
91070,9.17091E+18,9,2,71,141,2017,9,17,2,3,5,3,0,1,0,1,0,0,0,7.96749E+20,5.40031E+21,1.30322E+16,4.86852E+16
91071,9.17091E+18,9,2,71,130,2017,9,17,2,2,5,3,0,1,0,0,0,0,0,8.03635E+20,5.41945E+21,1.31396E+16,4.88536E+16
91072,9.17091E+18,9,4,72,175,2017,9,7,2,3,5,2,0,1,0,0,0,0,0,6.81673E+20,5.51291E+21,1.15216E+16,4.97412E+16
91073,9.17091E+18,9,2,71,149,2017,9,19,2,3,4,6,0,1,0,0,0,2,0,8.04358E+20,5.40956E+21,1.31421E+16,4.87645E+16
91074,9.17091E+18,9,2,71,119,2017,9,11,2,3,0,7,1,0,0,0,0,0,0,7.90307E+20,5.41992E+21,1.29587E+16,4.88642E+16
91075,9.17091E+18,9,5,72,115,2017,9,18,2,3,5,3,0,1,0,0,0,0,0,6.47658E+20,5.50167E+21,1.10456E+16,4.96494E+16
91076,9.17091E+18,9,2,77,138,2017,9,7,2,3,5,3,0,1,0,0,0,0,0,7.90083E+20,5.37505E+21,1.29242E+16,4.84616E+16
91077,9.17091E+18,9,6,77,126,2017,9,15,2,3,5,3,0,1,0,0,0,0,0,5.38672E+20,5.5224E+21,9.53797E+15,4.98527E+16
91078,9.17091E+18,9,6,63,0,2017,9,14,4,3,2,6,0,1,0,0,1,0,0,5.69832E+20,5.51769E+21,9.97053E+15,4.98076E+16
91079,9.17091E+18,9,2,74,128,2017,9,8,2,2,2,6,0,1,0,0,1,0,0,7.43326E+20,5.39064E+21,1.2302E+16,4.86215E+16
91080,9.17091E+18,9,6,77,155,2017,9,13,4,3,6,7,0,0,1,0,1,0,0,5.38426E+20,5.54185E+21,9.53649E+15,5.00277E+16
91081,9.17091E+18,9,2,73,178,2017,9,16,2,3,5,3,0,1,0,0,0,0,0,7.09771E+20,5.38984E+21,1.18469E+16,4.86264E+16
91082,9.17091E+18,9,6,74,147,2017,9,20,4,2,4,2,0,1,0,1,0,2,0,6.08678E+20,5.54324E+21,1.05174E+16,5.00315E+16
91083,9.17091E+18,9,2,73,119,2017,9,5,2,3,8,6,0,1,0,0,0,0,0,7.08586E+20,5.40719E+21,1.18396E+16,4.87827E+16
91084,9.17091E+18,9,2,73,116,2017,9,8,2,3,2,6,0,0,0,0,1,0,0,7.25457E+20,5.41989E+21,1.20759E+16,4.88909E+16
91085,9.17091E+18,9,6,73,127,2017,9,16,4,3,9,1,0,1,0,0,0,0,0,5.98646E+20,5.57257E+21,1.0385E+16,5.0297E+16
91086,9.17091E+18,9,2,73,147,2017,9,12,2,3,5,3,0,1,0,0,1,0,0,7.04599E+20,5.38982E+21,1.17768E+16,4.86279E+16
91087,9.17091E+18,9,2,73,111,2017,9,7,2,3,2,6,0,1,0,0,0,0,0,7.13521E+20,5.41027E+21,1.19083E+16,4.88087E+16
91088,9.17091E+18,9,6,71,122,2017,9,15,4,3,2,6,0,1,0,0,0,0,0,5.06668E+20,5.53192E+21,9.09292E+15,4.99396E+16
91089,9.17091E+18,9,1,73,120,2017,9,6,2,3,9,1,0,1,0,0,0,0,0,6.83303E+20,5.30955E+21,1.14533E+16,4.79131E+16
91090,9.17091E+18,9,1,84,114,2017,9,7,2,3,2,6,0,1,0,0,1,0,0,6.99811E+20,5.31916E+21,1.16784E+16,4.79945E+16
91091,9.17091E+18,9,1,87,182,2017,9,17,2,3,5,3,0,1,0,0,0,0,0,7.36864E+20,5.32466E+21,1.21774E+16,4.80312E+16
91092,9.17091E+18,9,1,87,159,2017,9,5,2,3,0,7,0,0,0,1,0,2,0,7.3146E+20,5.32596E+21,1.21057E+16,4.80449E+16
91093,9.17091E+18,9,1,82,120,2017,9,18,2,3,5,2,1,1,0,0,0,0,1,7.01877E+20,5.30602E+21,1.16999E+16,4.78757E+16
91094,9.17091E+18,9,1,61,0,2017,9,14,2,3,2,6,0,1,0,0,0,0,0,6.80789E+20,5.40457E+21,1.14604E+16,4.87679E+16
91095,9.17091E+18,9,1,61,0,2017,9,10,2,3,3,6,0,0,0,1,1,0,0,6.81745E+20,5.40196E+21,1.14723E+16,4.87441E+16
91096,9.17091E+18,9,1,61,0,2017,9,22,2,3,5,3,0,1,0,0,0,2,0,6.78651E+20,5.40316E+21,1.14307E+16,4.87558E+16
91097,9.17091E+18,9,1,85,158,2017,9,8,2,2,6,4,0,0,1,0,1,0,0,6.67314E+20,5.38054E+21,1.12675E+16,4.85556E+16
91098,9.17091E+18,9,1,85,158,2017,9,23,2,3,8,1,1,0,0,0,0,2,0,6.679E+20,5.38174E+21,1.12759E+16,4.85663E+16
91099,9.17091E+18,9,1,85,149,2017,9,20,2,2,9,1,0,1,0,0,0,2,0,6.62654E+20,5.40196E+21,1.12128E+16,4.87494E+16
91100,9.17091E+18,9,1,62,0,2017,9,7,2,3,2,6,0,1,0,0,0,0,0,6.86588E+20,5.33329E+21,1.15075E+16,4.81255E+16
91101,9.17091E+18,9,1,81,130,2017,9,7,2,3,2,2,1,1,0,0,0,0,0,6.40293E+20,5.32336E+21,1.08825E+16,4.80481E+16
91102,9.17091E+18,9,1,78,145,2017,9,8,2,3,2,6,0,1,0,0,1,0,0,6.93262E+20,5.35728E+21,1.1608E+16,4.83391E+16
91103,9.17091E+18,9,1,84,135,2017,9,5,2,3,3,6,0,1,0,0,1,2,0,6.88E+20,5.34763E+21,1.15328E+16,4.8254E+16
91104,9.17091E+18,9,1,78,123,2017,9,15,2,3,5,2,1,1,0,0,0,0,0,6.90571E+20,5.35716E+21,1.15717E+16,4.83388E+16
91105,9.17091E+18,9,1,84,134,2017,9,16,1,3,4,2,0,1,0,0,0,0,0,6.94265E+20,5.32334E+21,1.1606E+16,4.80338E+16
91106,9.17091E+18,9,1,62,0,2017,9,9,1,3,5,3,0,1,0,0,0,0,1,6.88298E+20,5.34019E+21,1.15335E+16,4.8187E+16
91107,9.17091E+18,9,1,62,0,2017,9,18,1,2,2,2,0,1,0,0,0,0,0,6.94126E+20,5.33171E+21,1.1608E+16,4.8109E+16
91108,9.17091E+18,9,3,63,0,2017,9,12,2,3,6,2,0,1,1,0,0,0,0,7.27589E+20,5.50776E+21,1.2155E+16,4.96794E+16
91109,9.17091E+18,9,7,78,113,2017,9,3,1,3,2,1,0,1,0,1,0,2,1,6.12056E+20,5.32056E+21,1.0503E+16,4.80285E+16
91110,9.17091E+18,9,7,75,134,2017,9,10,1,3,5,3,0,1,0,0,0,0,1,5.81925E+20,5.36455E+21,1.01075E+16,4.84288E+16
91111,9.17091E+18,9,5,77,177,2017,9,22,2,3,8,1,1,0,0,0,0,2,0,6.4269E+20,5.43187E+21,1.09518E+16,4.90232E+16
91112,9.17091E+18,9,7,74,135,2017,9,17,1,3,5,3,1,1,0,0,0,0,0,5.93565E+20,5.36704E+21,1.02653E+16,4.84495E+16
91113,9.17091E+18,9,7,80,112,2017,9,15,1,3,2,2,0,1,0,0,0,0,0,5.93027E+20,5.29434E+21,1.02422E+16,4.77957E+16
91114,9.17091E+18,9,6,72,136,2017,9,11,2,3,5,3,0,1,0,0,0,0,0,5.80171E+20,5.56418E+21,1.01239E+16,5.02243E+16
91115,9.17091E+18,9,7,72,148,2017,9,18,1,3,9,7,0,1,0,0,0,0,0,6.27287E+20,5.3515E+21,1.07165E+16,4.83039E+16
91116,9.17091E+18,9,6,76,119,2017,9,22,4,2,8,1,0,1,0,0,0,2,0,5.24867E+20,5.50481E+21,9.34481E+15,4.96953E+16
91117,9.17091E+18,9,5,76,113,2017,9,12,4,3,2,6,0,1,0,0,0,0,0,6.62658E+20,5.45308E+21,1.12333E+16,4.92089E+16
91118,9.17091E+18,9,5,72,164,2017,9,5,4,3,9,7,0,1,0,0,0,2,1,6.326E+20,5.49673E+21,1.08354E+16,4.96085E+16
91119,9.17091E+18,9,7,61,0,2017,9,1,1,3,5,3,0,1,0,0,0,2,1,6.43356E+20,5.36134E+21,1.09364E+16,4.83889E+16
91120,9.17091E+18,9,6,79,175,2017,9,20,1,3,5,3,0,1,0,0,0,2,0,5.70937E+20,5.5116E+21,9.98477E+15,4.97527E+16
91121,9.17091E+18,9,5,74,156,2017,9,2,4,2,9,1,0,1,0,0,0,2,1,6.60517E+20,5.48272E+21,1.12159E+16,4.94759E+16
91122,9.17091E+18,9,6,63,0,2017,9,17,1,3,2,6,0,1,0,0,0,0,0,5.68282E+20,5.51591E+21,9.94869E+15,4.97918E+16
91123,9.17091E+18,9,6,77,149,2017,9,5,1,3,9,7,0,1,0,0,0,2,1,5.53912E+20,5.54358E+21,9.75292E+15,5.00421E+16
91124,9.17091E+18,9,5,74,157,2017,9,16,4,3,2,1,0,1,0,0,0,0,0,6.66523E+20,5.46758E+21,1.12923E+16,4.93382E+16
91125,9.17091E+18,9,6,78,124,2017,9,15,1,3,4,1,0,1,0,0,0,0,0,6.0128E+20,5.5354E+21,1.04121E+16,4.99624E+16
91126,9.17091E+18,9,5,63,0,2017,9,20,4,3,5,7,0,1,0,0,0,2,0,6.43548E+20,5.48283E+21,1.09818E+16,4.94811E+16
91127,9.17091E+18,9,6,78,174,2017,9,20,1,3,4,7,0,1,0,0,0,2,0,6.00364E+20,5.54895E+21,1.04029E+16,5.00843E+16
91128,9.17091E+18,9,5,64,0,2017,9,17,4,2,2,6,0,0,0,1,1,0,0,6.47035E+20,5.48005E+21,1.10289E+16,4.94553E+16
91129,9.17091E+18,9,6,72,113,2017,9,6,1,2,6,4,0,1,1,0,0,2,1,5.5463E+20,5.57257E+21,9.76711E+15,5.03027E+16
91130,9.17091E+18,9,6,72,134,2017,9,14,1,2,4,1,0,1,0,1,0,0,0,5.55478E+20,5.58242E+21,9.78046E+15,5.03912E+16
91131,9.17091E+18,9,6,71,155,2017,9,17,1,3,2,6,0,1,0,0,0,0,0,5.06233E+20,5.53423E+21,9.08689E+15,4.99604E+16
91132,9.17091E+18,9,5,64,0,2017,9,14,4,2,2,6,0,1,0,0,0,0,0,6.49155E+20,5.48139E+21,1.10586E+16,4.94668E+16
91133,9.17091E+18,9,5,73,114,2017,9,12,4,3,6,4,0,1,1,0,0,0,1,6.3528E+20,5.48242E+21,1.08676E+16,4.94794E+16
91134,9.17091E+18,9,5,73,123,2017,9,21,4,3,8,1,0,1,0,0,0,2,0,6.37632E+20,5.48706E+21,1.09016E+16,4.95206E+16
91135,9.17091E+18,9,5,74,155,2017,9,3,1,3,8,1,0,1,0,0,0,2,1,6.69122E+20,5.49304E+21,1.1339E+16,4.95663E+16
91136,9.17091E+18,9,5,63,0,2017,9,19,1,3,2,3,0,1,0,0,0,1,0,6.43962E+20,5.48075E+21,1.09868E+16,4.94623E+16
91137,9.17091E+18,9,5,64,0,2017,9,16,1,2,0,1,0,0,0,1,0,0,0,6.5426E+20,5.48063E+21,1.11287E+16,4.94588E+16
91138,9.17091E+18,9,5,71,165,2017,9,18,1,3,2,7,0,1,0,0,0,0,0,6.28706E+20,5.46565E+21,1.07714E+16,4.933E+16
91139,9.17091E+18,9,4,75,184,2017,9,21,1,3,9,1,0,1,0,0,0,2,0,7.04944E+20,5.56182E+21,1.18702E+16,5.01731E+16
91140,9.17091E+18,9,4,75,120,2017,9,20,1,3,8,1,0,1,0,0,0,2,0,7.09498E+20,5.57446E+21,1.19409E+16,5.0285E+16
91141,9.17091E+18,9,4,77,124,2017,9,14,1,2,8,1,0,0,0,1,0,0,0,6.70397E+20,5.54718E+21,1.13803E+16,5.00525E+16
91142,9.17091E+18,9,4,74,135,2017,9,3,1,3,2,6,0,1,0,0,0,2,1,6.42508E+20,5.50783E+21,1.09765E+16,4.97061E+16
91143,9.17091E+18,9,4,74,158,2017,9,9,1,3,8,1,0,1,0,0,0,0,1,6.53687E+20,5.50629E+21,1.11308E+16,4.96895E+16
91144,9.17091E+18,9,4,74,121,2017,9,17,1,3,0,1,0,0,0,1,0,0,0,6.56101E+20,5.51657E+21,1.11684E+16,4.97813E+16
91145,9.17091E+18,9,4,71,175,2017,9,16,1,3,4,2,0,1,0,0,0,0,0,6.30586E+20,5.54393E+21,1.08234E+16,5.00334E+16
91146,9.17091E+18,9,3,76,119,2017,9,18,2,3,1,7,0,1,0,0,0,0,0,7.2237E+20,5.45432E+21,1.20528E+16,4.92013E+16
91147,9.17091E+18,9,3,75,114,2017,9,17,1,3,8,7,0,0,0,1,0,0,0,7.38175E+20,5.43808E+21,1.22598E+16,4.90496E+16
91148,9.17091E+18,9,3,72,117,2017,9,6,1,3,9,1,0,1,0,0,0,2,1,7.74228E+20,5.45694E+21,1.2765E+16,4.92039E+16
91149,9.17091E+18,9,4,78,139,2017,9,6,2,3,4,3,0,1,0,0,0,1,0,6.47013E+20,5.55757E+21,1.10579E+16,5.01521E+16
91150,9.17091E+18,9,3,71,154,2017,9,16,1,3,9,1,0,1,0,0,0,0,0,7.00822E+20,5.47645E+21,1.17684E+16,4.94076E+16
91151,9.17091E+18,9,5,62,0,2017,9,8,2,3,4,2,1,1,0,0,0,0,0,6.45229E+20,5.49543E+21,1.10096E+16,4.9594E+16
91152,9.17091E+18,9,2,78,146,2017,9,12,1,2,4,1,0,1,0,0,0,0,0,7.54947E+20,5.40809E+21,1.24702E+16,4.87736E+16
91153,9.17091E+18,9,5,73,125,2017,9,8,4,3,4,2,0,0,0,1,1,0,1,6.40526E+20,5.47162E+21,1.09361E+16,4.9381E+16
91154,9.17091E+18,9,5,71,165,2017,9,21,4,3,5,2,0,1,0,0,0,2,0,6.29209E+20,5.46718E+21,1.07789E+16,4.93436E+16
91155,9.17091E+18,9,5,71,135,2017,9,15,4,3,5,3,0,1,0,0,0,0,0,6.27504E+20,5.47238E+21,1.07571E+16,4.93908E+16
91156,9.17091E+18,9,2,78,118,2017,9,16,1,3,4,2,1,1,0,0,0,0,0,7.7033E+20,5.42399E+21,1.26896E+16,4.89097E+16
91157,9.17091E+18,9,2,73,147,2017,9,20,1,2,4,6,1,0,0,0,1,2,0,7.05819E+20,5.38976E+21,1.17933E+16,4.8627E+16
91158,9.17091E+18,9,2,74,128,2017,9,14,1,3,5,3,0,1,0,0,0,0,0,7.35668E+20,5.38574E+21,1.21955E+16,4.85804E+16
91159,9.17091E+18,9,1,90,148,2017,9,13,1,3,1,6,0,1,0,0,0,0,1,6.39527E+20,5.29638E+21,1.08635E+16,4.78056E+16
91160,9.17091E+18,9,1,89,130,2017,9,19,1,3,8,1,0,1,0,0,0,0,1,7.65497E+20,5.31305E+21,1.25536E+16,4.79158E+16
91161,9.17091E+18,9,5,71,141,2017,9,9,4,2,4,6,0,1,0,0,1,0,1,6.15238E+20,5.4377E+21,1.05781E+16,4.90814E+16
91162,9.17091E+18,9,1,83,132,2017,9,12,1,3,4,1,0,1,0,0,0,0,1,7.51749E+20,5.35734E+21,1.23961E+16,4.83191E+16
91163,9.17091E+18,9,1,89,152,2017,9,23,1,2,4,6,0,1,0,0,0,2,0,7.79973E+20,5.33043E+21,1.27583E+16,4.80656E+16
91164,9.17091E+18,9,1,72,131,2017,9,12,1,3,8,1,0,1,0,0,0,0,1,7.81559E+20,5.29357E+21,1.27555E+16,4.7734E+16
91165,9.17091E+18,9,1,72,131,2017,9,13,1,3,0,7,0,1,0,1,0,0,1,7.8151E+20,5.29336E+21,1.27547E+16,4.77321E+16
91166,9.17091E+18,9,1,87,118,2017,9,22,1,3,0,7,0,0,0,1,0,2,0,7.51109E+20,5.30093E+21,1.23543E+16,4.78127E+16
91167,9.17091E+18,9,1,63,0,2017,9,1,1,3,8,6,0,1,0,0,0,2,1,7.32591E+20,5.3062E+21,1.21102E+16,4.78669E+16
91168,9.17091E+18,9,1,87,122,2017,9,14,1,3,5,3,0,1,0,0,0,0,0,7.22012E+20,5.30691E+21,1.19693E+16,4.78771E+16
91169,9.17091E+18,9,1,86,162,2017,9,17,1,3,1,6,0,1,0,0,0,0,0,6.9111E+20,5.38221E+21,1.15904E+16,4.85639E+16
91170,9.17091E+18,9,1,61,0,2017,9,21,1,3,5,3,0,1,0,0,0,2,0,6.79601E+20,5.40028E+21,1.14424E+16,4.87296E+16
91171,9.17091E+18,9,1,76,161,2017,9,6,1,3,8,7,0,1,0,0,0,0,1,6.80957E+20,5.41661E+21,1.1468E+16,4.8876E+16
91172,9.17091E+18,9,1,78,133,2017,9,6,1,3,0,6,0,1,0,0,0,2,1,6.86451E+20,5.36936E+21,1.15216E+16,4.84497E+16
91173,9.17091E+18,9,1,85,127,2017,9,15,1,2,2,6,0,1,0,0,0,0,0,6.56667E+20,5.3924E+21,1.11278E+16,4.8665E+16
91174,9.17091E+18,9,1,74,146,2017,9,0,1,3,9,7,0,1,0,0,0,2,1,6.64912E+20,5.3518E+21,1.12236E+16,4.82979E+16
91175,9.17091E+18,9,4,61,0,2017,9,7,2,3,6,4,0,1,1,0,0,0,0,6.36425E+20,5.53128E+21,1.09004E+16,4.99184E+16
91176,9.17091E+18,9,1,84,147,2017,9,12,1,3,0,6,0,0,0,0,1,0,0,6.98344E+20,5.34191E+21,1.16693E+16,4.81994E+16
91177,9.17091E+18,9,5,75,112,2017,9,8,4,2,5,3,0,1,0,0,0,0,0,6.03233E+20,5.48848E+21,1.04269E+16,4.95401E+16
91178,9.17091E+18,9,5,71,127,2017,9,18,4,3,5,3,0,1,0,1,0,0,0,6.15908E+20,5.45517E+21,1.05923E+16,4.92383E+16
91179,9.17091E+18,9,4,75,113,2017,9,16,4,3,3,6,0,1,0,0,0,0,1,6.96709E+20,5.58586E+21,1.17675E+16,5.03919E+16
91180,9.17091E+18,9,1,78,124,2017,9,0,1,3,5,3,0,1,0,0,0,2,1,7.03398E+20,5.36419E+21,1.1748E+16,4.8398E+16
91181,9.17091E+18,9,1,75,123,2017,9,15,1,3,1,6,0,1,0,0,0,0,1,7.24025E+20,5.33724E+21,1.2012E+16,4.81489E+16
91182,9.17091E+18,9,1,77,121,2017,9,11,1,3,8,1,0,1,0,0,0,0,1,7.30657E+20,5.36586E+21,1.21167E+16,4.84036E+16
91183,9.17091E+18,9,1,62,0,2017,9,13,7,2,2,6,0,1,0,0,0,0,0,6.94106E+20,5.3317E+21,1.16077E+16,4.8109E+16
91184,9.17091E+18,9,4,74,135,2017,9,16,2,3,4,3,0,1,0,0,1,0,1,6.40456E+20,5.50714E+21,1.09478E+16,4.97004E+16
91185,9.17091E+18,9,1,62,0,2017,9,12,7,3,5,3,1,1,0,0,0,0,0,6.8572E+20,5.33529E+21,1.14967E+16,4.81437E+16
91186,9.17091E+18,9,5,64,0,2017,9,20,2,3,5,2,0,1,0,0,1,0,0,6.51102E+20,5.47518E+21,1.10831E+16,4.94105E+16
91187,9.17091E+18,9,6,73,142,2017,9,5,2,3,7,7,0,1,0,0,0,2,0,5.88215E+20,5.58656E+21,1.02419E+16,5.04245E+16
91188,9.17091E+18,9,4,63,0,2017,9,14,4,3,6,4,0,1,1,0,0,0,0,6.38818E+20,5.57091E+21,1.09481E+16,5.0274E+16
91189,9.17091E+18,9,4,77,124,2017,9,5,4,3,8,7,0,0,0,1,0,2,0,6.71255E+20,5.54832E+21,1.13928E+16,5.00625E+16
91190,9.17091E+18,9,4,61,0,2017,9,14,4,3,4,6,1,1,0,0,0,0,0,6.35626E+20,5.52945E+21,1.08887E+16,4.9902E+16
91191,9.17091E+18,9,3,63,0,2017,9,16,4,3,2,6,0,1,0,0,0,0,0,7.27181E+20,5.50557E+21,1.21481E+16,4.96599E+16
91192,9.17091E+18,9,1,84,122,2017,9,9,7,3,2,6,0,1,0,1,0,0,0,6.8782E+20,5.32242E+21,1.15193E+16,4.80274E+16
91193,9.17091E+18,9,7,74,144,2017,9,13,7,3,9,7,0,1,0,0,0,0,1,6.07505E+20,5.36324E+21,1.04528E+16,4.84132E+16
91194,9.17091E+18,9,7,64,0,2017,9,22,7,3,2,6,0,1,0,0,0,2,1,5.8621E+20,5.31665E+21,1.01556E+16,4.79973E+16
91195,9.17091E+18,9,7,62,0,2017,9,19,7,3,4,2,1,1,0,0,0,1,1,6.20719E+20,5.30415E+21,1.06146E+16,4.78794E+16