OBJECTID,UIDENTSTLA,ULAND,UREGBEZ,UKREIS,UGEMEINDE,UJAHR,UMONAT,USTUNDE,UWOCHENTAG,UKATEGORIE,UART,UTYP1,IstRad,IstPKW,IstFuss,IstKrad,IstSonstig,LICHT,STRZUSTAND,LINREFX,LINREFY,XGCSWGS84,YGCSWGS84
91368,9.17091E+18,9,1,89,111,2017,9,10,6,3,2,6,0,1,0,0,0,0,0,7.63457E+20,5.32319E+21,1.25326E+16,4.80076E+16
91369,9.17091E+18,9,1,89,155,2017,9,15,6,2,4,2,0,1,0,0,0,0,0,7.72565E+20,5.3103E+21,1.26463E+16,4.78881E+16
91370,9.17091E+18,9,1,89,114,2017,9,14,6,2,4,2,0,1,0,1,0,0,0,7.64211E+20,5.31213E+21,1.25359E+16,4.7908E+16
91371,9.17091E+18,9,1,71,112,2017,9,15,6,2,6,4,0,1,1,0,0,0,0,7.85043E+20,5.34117E+21,1.28334E+16,4.81598E+16
91372,9.17091E+18,9,1,87,131,2017,9,19,6,3,3,3,0,1,0,0,1,1,1,7.34504E+20,5.29193E+21,1.2128E+16,4.77381E+16
91373,9.17091E+18,9,1,87,129,2017,9,16,6,3,2,6,0,1,0,1,0,0,0,7.2489E+20,5.30077E+21,1.20045E+16,4.7821E+16
91374,9.17091E+18,9,1,87,165,2017,9,10,6,3,2,6,0,1,0,0,0,0,0,7.31839E+20,5.29982E+21,1.20967E+16,4.78099E+16
91375,9.17091E+18,9,1,82,120,2017,9,14,6,3,2,6,0,1,0,0,1,0,0,6.98615E+20,5.30144E+21,1.16542E+16,4.78356E+16
91376,9.17091E+18,9,1,87,165,2017,9,11,6,3,5,3,1,1,0,0,0,0,0,7.30717E+20,5.29477E+21,1.20791E+16,4.7765E+16
91377,9.17091E+18,9,5,64,0,2017,9,8,2,3,5,2,1,1,0,0,0,0,0,6.51997E+20,5.47751E+21,1.10963E+16,4.94312E+16
91378,9.17091E+18,9,1,87,165,2017,9,11,6,3,2,6,0,1,0,0,0,0,0,7.29914E+20,5.29459E+21,1.20683E+16,4.77636E+16
91379,9.17091E+18,9,6,73,173,2017,9,6,2,3,9,1,0,1,0,0,0,1,0,5.99628E+20,5.56736E+21,1.03974E+16,5.025E+16
91380,9.17091E+18,9,1,75,124,2017,9,18,4,3,2,1,0,1,0,0,1,1,1,7.16368E+20,5.32834E+21,1.19047E+16,4.80716E+16
91381,9.17091E+18,9,1,84,112,2017,9,17,3,3,2,6,0,1,0,0,0,0,0,7.01793E+20,5.33932E+21,1.17145E+16,4.8175E+16
91382,9.17091E+18,9,1,62,0,2017,9,6,3,3,5,2,1,1,0,0,0,0,1,6.87777E+20,5.33503E+21,1.15242E+16,4.81408E+16
91383,9.17091E+18,9,1,82,111,2017,9,19,6,3,2,6,0,1,0,0,0,0,0,7.03826E+20,5.28876E+21,1.17178E+16,4.772E+16
91384,9.17091E+18,9,1,87,122,2017,9,10,6,3,2,6,0,1,0,0,0,0,0,7.1884E+20,5.30799E+21,1.19275E+16,4.78879E+16
91385,9.17091E+18,9,1,84,135,2017,9,10,3,3,5,3,0,1,0,0,1,0,0,6.89126E+20,5.34735E+21,1.15478E+16,4.82512E+16
91386,9.17091E+18,9,1,87,130,2017,9,12,6,3,4,2,0,1,0,0,0,0,0,7.1074E+20,5.31066E+21,1.18206E+16,4.79146E+16
91387,9.17091E+18,9,1,87,150,2017,9,11,6,3,3,6,1,0,0,0,0,0,0,7.27699E+20,5.3032E+21,1.20433E+16,4.78418E+16
91388,9.17091E+18,9,1,86,158,2017,9,1,6,3,7,7,0,1,0,0,0,2,0,6.89392E+20,5.4059E+21,1.1578E+16,4.87772E+16
91389,9.17091E+18,9,1,61,0,2017,9,9,6,3,0,1,1,0,0,0,0,0,0,6.7972E+20,5.40501E+21,1.14461E+16,4.87721E+16
91390,9.17091E+18,9,1,85,125,2017,9,17,6,1,8,1,0,0,0,1,0,0,0,6.51938E+20,5.39651E+21,1.10651E+16,4.87032E+16
91391,9.17091E+18,9,1,86,147,2017,9,21,6,3,0,3,0,1,0,1,0,2,0,6.85606E+20,5.39101E+21,1.15198E+16,4.86446E+16
91392,9.17091E+18,9,1,86,162,2017,9,19,6,3,5,3,0,1,0,0,0,0,0,6.90689E+20,5.38981E+21,1.15882E+16,4.86323E+16
91393,9.17091E+18,9,1,76,165,2017,9,19,6,3,9,1,0,1,0,0,0,2,0,6.68052E+20,5.41667E+21,1.12922E+16,4.88802E+16
91394,9.17091E+18,9,1,88,126,2017,9,0,6,3,4,6,0,1,0,0,1,2,0,6.6E+20,5.32904E+21,1.11489E+16,4.80945E+16
91395,9.17091E+18,9,1,88,124,2017,9,10,6,2,8,7,0,0,0,1,0,0,0,6.62747E+20,5.31914E+21,1.1182E+16,4.80048E+16
91396,9.17091E+18,9,1,79,145,2017,9,22,6,3,1,7,0,1,0,0,0,2,0,6.76243E+20,5.33961E+21,1.13712E+16,4.81853E+16
91397,9.17091E+18,9,1,79,126,2017,9,16,6,3,5,7,0,1,0,1,0,0,0,6.76266E+20,5.34039E+21,1.13719E+16,4.81923E+16
91398,9.17091E+18,9,1,77,133,2017,9,14,6,2,5,3,0,1,0,0,0,0,0,7.09267E+20,5.36014E+21,1.18252E+16,4.83597E+16
91399,9.17091E+18,9,3,76,112,2017,9,10,2,3,2,2,0,1,0,0,1,0,0,7.39655E+20,5.47813E+21,1.23039E+16,4.94086E+16
91400,9.17091E+18,9,1,75,115,2017,9,13,6,3,0,3,1,1,0,0,0,0,0,7.21353E+20,5.32894E+21,1.19718E+16,4.80753E+16
91401,9.17091E+18,9,1,77,115,2017,9,11,6,3,2,6,0,1,0,0,0,0,0,7.33463E+20,5.35193E+21,1.21468E+16,4.82775E+16
91402,9.17091E+18,9,4,64,0,2017,9,12,2,3,6,4,0,0,1,1,0,0,0,7.0838E+20,5.57755E+21,1.19269E+16,5.03131E+16
91403,9.17091E+18,9,1,84,123,2017,9,8,5,3,6,7,0,1,1,0,0,0,0,7.03668E+20,5.33172E+21,1.1736E+16,4.81062E+16
91404,9.17091E+18,9,7,75,129,2017,9,18,5,2,8,6,0,1,0,0,0,0,0,5.82692E+20,5.34578E+21,1.01142E+16,4.82598E+16
91405,9.17091E+18,9,5,62,0,2017,9,8,2,3,5,3,1,1,0,0,0,0,0,6.42689E+20,5.49325E+21,1.09737E+16,4.9575E+16
91406,9.17091E+18,9,7,75,152,2017,9,16,5,3,3,6,0,1,0,0,1,0,0,5.81164E+20,5.3516E+21,1.00947E+16,4.83124E+16
91407,9.17091E+18,9,6,63,0,2017,9,14,2,3,5,2,1,1,0,0,0,0,0,5.68054E+20,5.5167E+21,9.94566E+15,4.97989E+16
91408,9.17091E+18,9,7,74,121,2017,9,9,3,1,8,1,0,0,0,1,0,0,0,6.01804E+20,5.3649E+21,1.03762E+16,4.84291E+16
91409,9.17091E+18,9,7,74,155,2017,9,12,3,3,3,6,0,1,0,0,0,0,0,5.89296E+20,5.36653E+21,1.02075E+16,4.84456E+16
91410,9.17091E+18,9,7,75,143,2017,9,17,5,3,0,1,1,0,0,0,0,0,0,5.91244E+20,5.35607E+21,1.02316E+16,4.83512E+16
91411,9.17091E+18,9,7,75,129,2017,9,16,5,3,2,6,0,1,0,0,0,0,0,5.81725E+20,5.34359E+21,1.01007E+16,4.82402E+16
91412,9.17091E+18,9,7,77,144,2017,9,16,5,3,3,6,0,1,0,0,1,0,0,6.10533E+20,5.29252E+21,1.04754E+16,4.77766E+16
91413,9.17091E+18,9,7,76,130,2017,9,6,5,3,7,7,0,1,0,0,0,1,0,5.55082E+20,5.27286E+21,9.73285E+15,4.76068E+16
91414,9.17091E+18,9,7,62,0,2017,9,12,5,3,2,6,0,1,0,0,0,0,0,6.22457E+20,5.30681E+21,1.06386E+16,4.79029E+16
91415,9.17091E+18,9,6,63,0,2017,9,17,2,3,5,7,1,1,0,0,0,0,0,5.67654E+20,5.51329E+21,9.9395E+15,4.97682E+16
91416,9.17091E+18,9,7,80,124,2017,9,15,5,3,8,1,0,0,0,1,0,0,0,5.88532E+20,5.26894E+21,1.0177E+16,4.75679E+16
91417,9.17091E+18,9,7,77,129,2017,9,17,5,3,0,6,1,0,0,0,0,0,0,6.2787E+20,5.26936E+21,1.07E+16,4.7565E+16
91418,9.17091E+18,9,7,75,135,2017,9,17,3,3,2,6,0,1,0,0,0,0,0,5.74527E+20,5.36114E+21,1.00069E+16,4.8399E+16
91419,9.17091E+18,9,7,72,130,2017,9,15,5,3,5,3,0,1,0,0,1,0,0,6.30351E+20,5.35577E+21,1.07591E+16,4.83417E+16
91420,9.17091E+18,9,7,71,130,2017,9,7,5,3,2,6,0,1,0,0,1,0,1,6.47808E+20,5.35645E+21,1.09948E+16,4.8344E+16
91421,9.17091E+18,9,7,75,135,2017,9,16,3,3,2,6,0,1,0,0,0,0,0,5.7721E+20,5.36203E+21,1.00433E+16,4.84067E+16
91422,9.17091E+18,9,7,61,0,2017,9,8,5,3,1,1,0,1,0,0,1,0,0,6.4127E+20,5.3523E+21,1.09052E+16,4.83081E+16
91423,9.17091E+18,9,6,75,131,2017,9,17,5,3,2,2,0,1,0,0,0,0,0,5.88573E+20,5.51197E+21,1.02296E+16,4.97537E+16
91424,9.17091E+18,9,6,78,135,2017,9,23,5,3,3,6,0,1,0,0,1,2,0,5.90539E+20,5.54272E+21,1.02641E+16,5.00299E+16
91425,9.17091E+18,9,6,74,159,2017,9,22,5,3,8,1,0,0,0,1,0,2,0,6.19725E+20,5.53303E+21,1.06685E+16,4.99376E+16
91426,9.17091E+18,9,6,73,163,2017,9,18,5,3,0,7,0,1,0,1,0,0,0,5.79387E+20,5.57868E+21,1.0116E+16,5.03549E+16
91427,9.17091E+18,9,6,76,134,2017,9,8,5,3,2,6,0,1,0,0,0,0,0,5.12631E+20,5.5146E+21,9.17546E+15,4.97837E+16
91428,9.17091E+18,9,6,76,111,2017,9,15,5,3,7,7,0,1,0,0,0,0,0,5.26803E+20,5.51955E+21,9.37267E+15,4.98278E+16
91429,9.17091E+18,9,5,76,128,2017,9,16,5,1,2,6,0,1,0,0,0,0,0,6.44743E+20,5.46387E+21,1.09914E+16,4.93104E+16
91430,9.17091E+18,9,5,74,138,2017,9,6,5,2,9,6,0,1,0,0,0,0,0,6.66739E+20,5.48731E+21,1.13036E+16,4.95154E+16
91431,9.17091E+18,9,5,72,132,2017,9,11,5,3,5,3,0,1,0,0,1,0,0,6.34795E+20,5.49321E+21,1.08646E+16,4.95765E+16
91432,9.17091E+18,9,5,72,131,2017,9,21,5,3,5,2,0,1,0,0,0,2,0,6.55591E+20,5.48751E+21,1.11498E+16,4.95202E+16
91433,9.17091E+18,9,5,72,158,2017,9,15,5,3,5,3,1,1,0,0,0,0,0,6.49601E+20,5.49583E+21,1.10702E+16,4.95965E+16
91434,9.17091E+18,9,5,74,129,2017,9,17,5,3,2,6,1,1,0,0,0,0,0,6.79071E+20,5.49727E+21,1.14783E+16,4.96014E+16
91435,9.17091E+18,9,5,77,149,2017,9,16,5,3,5,3,0,1,0,0,1,0,0,6.35685E+20,5.42977E+21,1.08553E+16,4.90059E+16
91436,9.17091E+18,9,5,71,205,2017,9,21,5,3,4,1,0,1,0,0,0,2,0,5.90178E+20,5.47776E+21,1.02441E+16,4.94458E+16
91437,9.17091E+18,9,5,71,227,2017,9,11,5,3,9,7,0,1,0,0,0,0,0,6.0452E+20,5.43476E+21,1.04306E+16,4.90568E+16
91438,9.17091E+18,9,4,78,144,2017,9,20,5,2,2,5,0,1,0,0,0,2,0,6.56112E+20,5.55872E+21,1.11857E+16,5.01601E+16
91439,9.17091E+18,9,4,72,119,2017,9,20,5,3,9,1,0,0,0,1,0,2,0,6.82517E+20,5.54018E+21,1.15461E+16,4.9986E+16
91440,9.17091E+18,9,4,62,0,2017,9,10,5,3,1,1,0,1,0,0,0,0,0,6.86624E+20,5.53393E+21,1.16003E+16,4.99286E+16
91441,9.17091E+18,9,4,71,137,2017,9,16,5,3,7,1,0,1,0,0,0,0,0,6.374E+20,5.53267E+21,1.09145E+16,4.99306E+16
91442,9.17091E+18,9,4,74,126,2017,9,14,5,3,2,6,0,1,0,0,0,0,0,6.48716E+20,5.50997E+21,1.10634E+16,4.97239E+16
91443,9.17091E+18,9,3,77,129,2017,9,11,5,3,4,2,0,1,0,0,0,0,0,7.07638E+20,5.52573E+21,1.18884E+16,4.9848E+16
91444,9.17091E+18,9,3,75,210,2017,9,17,5,2,5,2,0,0,0,1,1,0,0,7.52545E+20,5.43566E+21,1.24546E+16,4.90221E+16
91445,9.17091E+18,9,3,72,153,2017,9,17,5,3,2,2,0,1,0,0,1,0,0,7.53794E+20,5.45628E+21,1.24846E+16,4.92067E+16
91446,9.17091E+18,9,3,72,153,2017,9,16,5,3,2,6,0,1,0,0,1,0,0,7.53683E+20,5.45637E+21,1.24831E+16,4.92075E+16
91447,9.17091E+18,9,5,64,0,2017,9,16,2,3,0,7,0,1,0,1,0,0,0,6.47381E+20,5.47198E+21,1.10307E+16,4.93827E+16
91448,9.17091E+18,9,3,75,190,2017,9,17,5,3,2,6,0,1,0,0,0,0,0,7.27574E+20,5.44677E+21,1.21198E+16,4.91316E+16
91449,9.17091E+18,9,6,62,0,2017,9,21,2,3,2,6,0,1,0,0,0,2,0,5.88923E+20,5.54219E+21,1.02415E+16,5.00254E+16
91450,9.17091E+18,9,7,78,219,2017,9,7,3,2,8,1,0,1,0,0,0,0,1,5.89877E+20,5.30766E+21,1.02029E+16,4.7916E+16
91451,9.17091E+18,9,3,62,0,2017,9,7,5,3,8,1,0,1,0,0,0,0,0,7.27457E+20,5.43755E+21,1.2113E+16,4.90488E+16
91452,9.17091E+18,9,3,72,174,2017,9,0,5,3,8,1,0,1,0,0,0,2,0,7.74362E+20,5.46378E+21,1.27715E+16,4.92652E+16
91453,9.17091E+18,9,3,76,163,2017,9,6,5,3,2,2,0,1,0,0,0,0,0,7.31631E+20,5.47201E+21,1.21899E+16,4.93568E+16
91454,9.17091E+18,9,3,71,136,2017,9,21,5,2,5,3,1,1,0,0,0,2,0,7.10152E+20,5.47719E+21,1.18973E+16,4.94111E+16
91455,9.17091E+18,9,7,77,130,2017,9,17,3,3,5,2,0,1,0,0,0,0,0,6.23673E+20,5.3089E+21,1.06554E+16,4.79215E+16
91456,9.17091E+18,9,2,71,127,2017,9,21,5,3,2,6,0,0,0,0,1,2,0,8.0447E+20,5.40509E+21,1.31404E+16,4.87243E+16
91457,9.17091E+18,9,2,74,193,2017,9,8,5,3,5,3,0,1,0,0,1,0,0,7.4453E+20,5.36026E+21,1.23005E+16,4.83481E+16
91458,9.17091E+18,9,7,79,155,2017,9,11,3,3,9,1,0,1,0,0,0,0,0,6.22256E+20,5.40657E+21,1.06649E+16,4.88001E+16
91459,9.17091E+18,9,2,74,128,2017,9,8,5,2,5,3,0,1,0,1,0,0,0,7.36277E+20,5.38642E+21,1.22041E+16,4.85862E+16
91460,9.17091E+18,9,2,61,0,2017,9,7,5,3,1,6,0,1,0,0,0,0,0,7.30616E+20,5.38093E+21,1.21244E+16,4.85391E+16
91461,9.17091E+18,9,2,74,128,2017,9,22,5,3,0,7,1,0,0,0,0,2,0,7.36494E+20,5.39377E+21,1.22112E+16,4.86522E+16
91462,9.17091E+18,9,2,79,137,2017,9,22,5,2,5,2,0,1,0,0,0,2,0,7.75136E+20,5.40608E+21,1.27431E+16,4.87469E+16
91463,9.17091E+18,9,2,73,127,2017,9,19,5,2,0,7,1,0,0,0,0,0,0,7.25798E+20,5.40835E+21,1.20742E+16,4.87871E+16
91464,9.17091E+18,9,2,79,112,2017,9,13,5,3,0,7,0,0,0,1,0,0,0,7.56725E+20,5.39311E+21,1.2485E+16,4.86383E+16
91465,9.17091E+18,9,1,90,138,2017,9,10,5,3,2,6,0,1,0,0,0,0,1,6.64164E+20,5.3084E+21,1.11969E+16,4.79079E+16
91466,9.17091E+18,9,7,61,0,2017,9,17,3,3,2,6,0,1,0,0,0,0,0,6.37623E+20,5.3607E+21,1.08588E+16,4.83845E+16
91467,9.17091E+18,9,1,90,141,2017,9,12,5,3,2,6,0,1,0,0,0,0,0,6.78081E+20,5.29146E+21,1.1376E+16,4.77519E+16
91468,9.17091E+18,9,1,73,112,2017,9,17,5,3,5,3,0,1,0,0,0,0,0,6.91393E+20,5.29507E+21,1.1555E+16,4.77805E+16
91469,9.17091E+18,9,1,73,135,2017,9,14,5,3,8,1,0,0,0,1,0,0,0,6.91364E+20,5.27853E+21,1.15474E+16,4.76319E+16
91470,9.17091E+18,9,1,89,145,2017,9,6,5,3,9,1,0,1,0,0,0,0,1,7.77861E+20,5.30058E+21,1.27107E+16,4.77985E+16
91471,9.17091E+18,9,1,71,118,2017,9,12,5,3,5,2,0,1,0,0,0,0,0,7.85382E+20,5.34457E+21,1.28402E+16,4.81902E+16
91472,9.17091E+18,9,1,72,112,2017,9,23,5,2,6,6,0,1,1,0,0,2,0,7.88498E+20,5.30283E+21,1.2854E+16,4.78141E+16
91473,9.17091E+18,9,1,82,123,2017,9,15,5,3,2,6,0,1,0,0,0,0,0,7.19931E+20,5.30095E+21,1.19385E+16,4.78243E+16
91474,9.17091E+18,9,1,87,122,2017,9,14,5,3,6,1,0,0,1,0,1,0,1,7.18079E+20,5.30819E+21,1.19174E+16,4.78899E+16
91475,9.17091E+18,9,1,87,122,2017,9,10,5,3,2,6,0,1,0,0,1,0,0,7.17717E+20,5.30828E+21,1.19126E+16,4.78909E+16
91476,9.17091E+18,9,1,61,0,2017,9,15,5,3,2,7,0,1,0,1,0,0,0,6.78907E+20,5.40649E+21,1.14357E+16,4.87857E+16
91477,9.17091E+18,9,1,76,112,2017,9,17,5,3,2,2,0,1,0,0,0,0,0,6.91299E+20,5.41701E+21,1.16091E+16,4.88765E+16
91478,9.17091E+18,9,1,88,121,2017,9,8,5,3,8,1,0,1,0,0,0,0,1,6.69516E+20,5.32928E+21,1.12767E+16,4.80942E+16
91479,9.17091E+18,9,1,88,137,2017,9,18,5,3,4,7,0,1,0,0,0,0,0,6.72812E+20,5.31717E+21,1.1316E+16,4.79845E+16
91480,9.17091E+18,9,3,72,117,2017,9,14,2,2,2,1,0,1,0,0,1,0,0,7.72754E+20,5.45659E+21,1.27446E+16,4.92013E+16
91481,9.17091E+18,9,1,81,130,2017,9,16,5,2,5,3,0,1,0,1,0,0,0,6.40364E+20,5.32344E+21,1.08835E+16,4.80488E+16
91482,9.17091E+18,9,1,79,123,2017,9,10,5,3,2,6,0,1,0,0,0,0,0,6.76716E+20,5.33379E+21,1.13752E+16,4.81328E+16
91483,9.17091E+18,9,5,61,0,2017,9,14,2,3,2,6,0,1,0,0,0,0,0,6.14577E+20,5.46056E+21,1.05756E+16,4.92871E+16
91484,9.17091E+18,9,1,74,135,2017,9,18,5,3,2,6,0,1,0,0,0,0,0,6.63506E+20,5.35283E+21,1.12051E+16,4.83075E+16
91485,9.17091E+18,9,1,86,152,2017,9,10,5,3,2,6,0,1,0,0,0,0,0,6.91504E+20,5.37377E+21,1.15919E+16,4.84878E+16
91486,9.17091E+18,9,6,71,136,2017,9,15,2,2,0,1,0,0,0,1,0,0,0,5.03514E+20,5.54092E+21,9.04905E+15,5.00206E+16
91487,9.17091E+18,9,1,77,117,2017,9,13,5,2,5,2,0,1,0,0,0,0,0,7.14487E+20,5.35543E+21,1.18932E+16,4.83156E+16
91488,9.17091E+18,9,7,72,147,2017,9,12,3,3,5,3,0,1,0,0,0,0,0,6.37904E+20,5.365E+21,1.0864E+16,4.8423E+16
91489,9.17091E+18,9,7,61,0,2017,9,8,3,3,2,6,0,1,0,0,0,0,0,6.39039E+20,5.36102E+21,1.0878E+16,4.83871E+16
91490,9.17091E+18,9,1,84,147,2017,9,7,4,3,4,6,0,1,0,0,0,0,0,6.97498E+20,5.3399E+21,1.1657E+16,4.81816E+16
91491,9.17091E+18,9,1,62,0,2017,9,16,4,3,2,6,0,1,0,0,0,0,0,6.92751E+20,5.33906E+21,1.15928E+16,4.81755E+16
91492,9.17091E+18,9,7,61,0,2017,9,18,3,3,5,2,1,1,0,0,0,0,0,6.4157E+20,5.35332E+21,1.09096E+16,4.83172E+16
91493,9.17091E+18,9,1,62,0,2017,9,8,4,3,5,2,0,1,0,0,0,0,1,6.94995E+20,5.33348E+21,1.16205E+16,4.81247E+16
91494,9.17091E+18,9,7,61,0,2017,9,7,3,1,5,2,1,0,0,0,1,0,0,6.41135E+20,5.35658E+21,1.09048E+16,4.83466E+16
91495,9.17091E+18,9,1,84,141,2017,9,17,4,3,5,3,1,1,0,0,0,0,1,6.979E+20,5.31394E+21,1.16504E+16,4.79482E+16
91496,9.17091E+18,9,1,62,0,2017,9,18,4,2,5,3,0,1,0,0,0,1,1,6.85231E+20,5.3289E+21,1.14874E+16,4.80865E+16
91497,9.17091E+18,9,7,71,113,2017,9,20,3,2,4,6,0,1,0,1,0,1,0,6.59099E+20,5.36534E+21,1.11504E+16,4.84211E+16
91498,9.17091E+18,9,1,62,0,2017,9,17,4,3,5,3,0,1,0,0,0,0,0,6.86384E+20,5.32905E+21,1.15029E+16,4.80874E+16
91499,9.17091E+18,9,1,84,129,2017,9,8,4,2,6,7,0,1,1,0,0,0,0,7.014E+20,5.32504E+21,1.17024E+16,4.80468E+16
91500,9.17091E+18,9,1,62,0,2017,9,12,4,3,2,6,0,1,0,0,0,0,1,6.94749E+20,5.33224E+21,1.16166E+16,4.81136E+16
91501,9.17091E+18,9,7,64,0,2017,9,12,4,3,9,1,0,1,0,0,0,0,1,5.87914E+20,5.31659E+21,1.01785E+16,4.79966E+16
91502,9.17091E+18,9,7,75,129,2017,9,18,4,3,5,3,0,1,0,0,0,0,0,5.82695E+20,5.34359E+21,1.01138E+16,4.82402E+16
91503,9.17091E+18,9,7,76,117,2017,9,21,4,2,0,7,1,0,0,0,0,2,0,5.67544E+20,5.27348E+21,9.89875E+15,4.76112E+16
91504,9.17091E+18,9,7,76,116,2017,9,10,4,3,0,1,0,0,0,1,0,0,1,5.50581E+20,5.27097E+21,9.67276E+15,4.75902E+16
91505,9.17091E+18,9,7,79,115,2017,9,17,4,3,1,6,0,1,0,0,0,0,0,6.33158E+20,5.39486E+21,1.08095E+16,4.86926E+16
91506,9.17091E+18,9,7,73,139,2017,9,16,4,3,9,1,1,0,0,0,0,0,0,6.15498E+20,5.38583E+21,1.05671E+16,4.86148E+16
91507,9.17091E+18,9,7,72,163,2017,9,14,4,3,2,6,0,1,0,0,0,0,0,6.38504E+20,5.34717E+21,1.08663E+16,4.82626E+16
91508,9.17091E+18,9,7,72,115,2017,9,12,4,2,5,2,0,1,0,0,0,0,0,6.18082E+20,5.37188E+21,1.05982E+16,4.8489E+16
91509,9.17091E+18,9,2,63,0,2017,9,15,2,3,5,3,1,1,0,0,0,0,0,7.62353E+20,5.42028E+21,1.25786E+16,4.88799E+16
91510,9.17091E+18,9,7,61,0,2017,9,7,4,3,4,3,1,1,0,0,0,0,0,6.41442E+20,5.35458E+21,1.09083E+16,4.83286E+16
91511,9.17091E+18,9,6,63,0,2017,9,12,4,3,2,6,0,1,0,0,0,0,1,5.66414E+20,5.51171E+21,9.92202E+15,4.97542E+16
91512,9.17091E+18,9,4,77,143,2017,9,7,2,3,5,3,0,1,0,0,0,0,0,6.8445E+20,5.5518E+21,1.15787E+16,5.00898E+16
91513,9.17091E+18,9,5,76,121,2017,9,5,2,3,0,7,0,0,0,1,0,1,0,6.47537E+20,5.45098E+21,1.1025E+16,4.91938E+16
91514,9.17091E+18,9,6,75,174,2017,9,7,2,2,5,3,0,1,0,1,0,0,0,5.88301E+20,5.52787E+21,1.02295E+16,4.98967E+16
91515,9.17091E+18,9,6,79,193,2017,9,18,3,3,9,6,0,1,0,0,0,0,0,5.75291E+20,5.5117E+21,1.00452E+16,4.97531E+16
91516,9.17091E+18,9,4,71,220,2017,9,17,3,2,2,6,0,0,0,0,1,0,0,6.17523E+20,5.5115E+21,1.06313E+16,4.97445E+16
91517,9.17092E+18,9,1,84,123,2017,9,8,6,3,5,3,0,1,0,1,0,0,0,7.03761E+20,5.33455E+21,1.17386E+16,4.81315E+16
91518,9.17092E+18,9,7,75,111,2017,9,6,6,2,2,6,0,1,0,0,1,2,0,5.82966E+20,5.33287E+21,1.01153E+16,4.81437E+16
91519,9.17092E+18,9,7,75,111,2017,9,13,6,3,2,6,0,1,0,0,0,0,0,5.83778E+20,5.33715E+21,1.01271E+16,4.81821E+16
91520,9.17092E+18,9,7,75,152,2017,9,15,6,3,2,6,0,1,0,0,0,0,0,5.7707E+20,5.35356E+21,1.00398E+16,4.83305E+16
91521,9.17092E+18,9,7,74,150,2017,9,12,6,3,1,7,0,1,0,0,0,0,0,6.01778E+20,5.34433E+21,1.03709E+16,4.8244E+16
91522,9.17092E+18,9,7,75,115,2017,9,15,6,3,5,3,1,1,0,0,0,0,0,5.81184E+20,5.34523E+21,1.00937E+16,4.82551E+16
91523,9.17092E+18,9,7,75,129,2017,9,14,6,3,2,6,0,1,0,0,0,0,0,5.81915E+20,5.34164E+21,1.01029E+16,4.82227E+16
91524,9.17091E+18,9,5,64,0,2017,9,17,3,3,2,6,0,1,0,0,0,0,0,6.4668E+20,5.47595E+21,1.10225E+16,4.94185E+16
91525,9.17092E+18,9,7,80,143,2017,9,13,6,3,2,6,0,1,0,1,0,0,0,5.98249E+20,5.28229E+21,1.03092E+16,4.76865E+16
91526,9.17091E+18,9,5,77,173,2017,9,13,3,3,8,1,0,1,0,0,0,0,1,6.39155E+20,5.42505E+21,1.09011E+16,4.89627E+16
91527,9.17092E+18,9,7,76,127,2017,9,14,6,3,3,2,1,1,0,0,0,0,0,5.72319E+20,5.27028E+21,9.96174E+15,4.75819E+16
91528,9.17091E+18,9,5,71,165,2017,9,15,3,3,2,6,0,1,0,0,0,0,0,6.30997E+20,5.46703E+21,1.08034E+16,4.9342E+16
91529,9.17092E+18,9,7,76,116,2017,9,6,6,3,8,1,0,1,0,0,0,1,0,5.49618E+20,5.27297E+21,9.66018E+15,4.76083E+16
91530,9.17092E+18,9,7,77,159,2017,9,12,6,2,1,6,0,1,0,1,0,0,0,6.19065E+20,5.26894E+21,1.05828E+16,4.7563E+16
91531,9.17091E+18,9,4,79,152,2017,9,22,3,3,9,7,0,1,0,0,0,2,1,7.22672E+20,5.56386E+21,1.21193E+16,5.0185E+16
91532,9.17092E+18,9,7,79,194,2017,9,10,6,3,2,2,0,1,0,1,0,0,0,6.09863E+20,5.41159E+21,1.04975E+16,4.88476E+16
91533,9.17092E+18,9,7,79,186,2017,9,8,6,2,4,2,0,1,0,0,1,0,0,6.34513E+20,5.41181E+21,1.08334E+16,4.88447E+16
91534,9.17091E+18,9,4,79,135,2017,9,15,3,3,8,1,0,1,0,0,0,0,1,7.15761E+20,5.55689E+21,1.20187E+16,5.0125E+16
91535,9.17092E+18,9,7,73,125,2017,9,16,6,3,4,5,0,1,0,0,0,0,0,6.1327E+20,5.38357E+21,1.05362E+16,4.8595E+16
91536,9.17092E+18,9,7,72,223,2017,9,15,6,3,2,6,0,1,0,0,0,0,0,6.17087E+20,5.36295E+21,1.05822E+16,4.84088E+16
91537,9.17092E+18,9,1,62,0,2017,9,10,6,3,5,3,1,1,0,0,0,0,1,6.95784E+20,5.34355E+21,1.16357E+16,4.82149E+16
91538,9.17092E+18,9,1,85,158,2017,9,0,7,3,3,6,1,1,0,0,0,2,0,6.6727E+20,5.38057E+21,1.12669E+16,4.85559E+16
91539,9.17092E+18,9,2,72,140,2017,9,15,7,3,8,1,0,0,0,1,0,0,1,8.28438E+20,5.4161E+21,1.34741E+16,4.88109E+16
91540,9.17092E+18,9,7,72,184,2017,9,19,6,3,4,2,1,1,0,0,0,1,0,6.35613E+20,5.36185E+21,1.0832E+16,4.83952E+16