OBJECTID,UIDENTSTLA,ULAND,UREGBEZ,UKREIS,UGEMEINDE,UJAHR,UMONAT,USTUNDE,UWOCHENTAG,UKATEGORIE,UART,UTYP1,IstRad,IstPKW,IstFuss,IstKrad,IstSonstig,LICHT,STRZUSTAND,LINREFX,LINREFY,XGCSWGS84,YGCSWGS84
91713,9.17091E+18,9,6,76,119,2017,9,17,5,3,9,1,0,1,0,0,0,0,1,5.26493E+20,5.5028E+21,9.36721E+15,4.96772E+16
91714,9.17091E+18,9,6,61,0,2017,9,11,5,3,5,3,0,1,0,0,0,0,1,5.08335E+20,5.53516E+21,9.11623E+15,4.99688E+16
91715,9.17091E+18,9,1,89,145,2017,9,15,3,2,4,6,0,1,0,0,0,0,0,7.7161E+20,5.30148E+21,1.2628E+16,4.78093E+16
91716,9.17091E+18,9,1,89,155,2017,9,7,3,3,6,4,0,1,1,0,0,0,0,7.72038E+20,5.30878E+21,1.26383E+16,4.78747E+16
91717,9.17091E+18,9,1,83,129,2017,9,14,3,2,4,2,0,1,0,0,0,0,1,7.62185E+20,5.36455E+21,1.25411E+16,4.83795E+16
91718,9.17091E+18,9,6,71,111,2017,9,16,5,3,9,1,0,1,0,0,0,0,1,5.09068E+20,5.54959E+21,9.12679E+15,5.00985E+16
91719,9.17091E+18,9,6,71,111,2017,9,16,5,3,0,1,0,1,0,0,0,0,1,5.07856E+20,5.55221E+21,9.1099E+15,5.0122E+16
91720,9.17091E+18,9,1,89,162,2017,9,5,3,2,4,6,0,1,0,0,0,2,0,7.75729E+20,5.31757E+21,1.26932E+16,4.7952E+16
91721,9.17091E+18,9,5,72,143,2017,9,7,5,3,2,6,0,0,0,0,1,0,1,6.27703E+20,5.51097E+21,1.07723E+16,4.97376E+16
91722,9.17091E+18,9,1,72,124,2017,9,6,3,2,7,7,0,0,0,1,0,0,0,8.05659E+20,5.28832E+21,1.30724E+16,4.76759E+16
91723,9.17091E+18,9,5,71,165,2017,9,17,5,1,2,6,0,0,0,0,1,0,0,6.33092E+20,5.46364E+21,1.08311E+16,4.93109E+16
91724,9.17091E+18,9,5,64,0,2017,9,9,5,3,3,6,0,1,0,0,1,0,1,6.50798E+20,5.46749E+21,1.1076E+16,4.93415E+16
91725,9.17091E+18,9,5,64,0,2017,9,10,5,3,9,6,0,1,0,0,1,0,1,6.51313E+20,5.4678E+21,1.10832E+16,4.93441E+16
91726,9.17091E+18,9,5,76,151,2017,9,13,5,3,0,3,0,1,0,1,0,0,1,6.53233E+20,5.47278E+21,1.11115E+16,4.93884E+16
91727,9.17091E+18,9,5,74,154,2017,9,10,5,3,8,1,0,1,0,0,0,0,1,6.63954E+20,5.48589E+21,1.12646E+16,4.95034E+16
91728,9.17091E+18,9,5,64,0,2017,9,11,5,3,2,6,0,1,0,0,0,0,1,6.52147E+20,5.48172E+21,1.11E+16,4.94691E+16
91729,9.17091E+18,9,5,64,0,2017,9,14,5,3,2,6,0,1,0,0,0,0,1,6.5228E+20,5.48196E+21,1.11019E+16,4.94712E+16
91730,9.17091E+18,9,5,64,0,2017,9,14,5,3,2,6,0,1,0,0,0,0,1,6.53668E+20,5.47434E+21,1.11181E+16,4.94023E+16
91731,9.17091E+18,9,5,64,0,2017,9,16,5,3,1,1,0,1,0,0,0,0,0,6.53519E+20,5.48126E+21,1.11188E+16,4.94645E+16
91732,9.17092E+18,9,1,62,0,2017,9,16,6,3,5,2,1,1,0,0,0,0,1,6.86244E+20,5.33178E+21,1.15022E+16,4.81121E+16
91733,9.17091E+18,9,5,64,0,2017,9,8,5,3,0,1,0,0,0,1,0,0,1,6.48209E+20,5.47716E+21,1.1044E+16,4.9429E+16
91734,9.17091E+18,9,5,64,0,2017,9,17,5,3,1,6,0,1,0,0,0,0,0,6.51157E+20,5.47729E+21,1.10847E+16,4.94295E+16
91735,9.17092E+18,9,7,71,111,2017,9,20,7,3,8,7,0,1,0,0,0,2,0,6.58368E+20,5.35732E+21,1.11375E+16,4.83492E+16
91736,9.17091E+18,9,5,64,0,2017,9,18,5,3,5,3,0,1,0,0,0,0,1,6.4724E+20,5.47149E+21,1.10285E+16,4.93783E+16
91737,9.17091E+18,9,5,64,0,2017,9,16,5,3,2,6,0,1,0,0,0,0,0,6.47916E+20,5.48011E+21,1.10411E+16,4.94556E+16
91738,9.17091E+18,9,1,82,131,2017,9,15,3,3,5,3,0,1,0,0,0,0,0,7.1527E+20,5.28823E+21,1.187E+16,4.77115E+16
91739,9.17091E+18,9,1,87,122,2017,9,16,3,2,4,6,0,1,0,1,0,0,1,7.16951E+20,5.30612E+21,1.19013E+16,4.78718E+16
91740,9.17091E+18,9,5,77,177,2017,9,7,5,3,2,1,0,1,0,0,1,0,1,6.45191E+20,5.43239E+21,1.09862E+16,4.90273E+16
91741,9.17091E+18,9,1,61,0,2017,9,15,3,3,0,6,0,0,0,1,0,0,1,6.80127E+20,5.40502E+21,1.14516E+16,4.87721E+16
91742,9.17091E+18,9,1,86,143,2017,9,14,3,3,4,2,0,1,0,0,0,0,1,6.8467E+20,5.3773E+21,1.1501E+16,4.85216E+16
91743,9.17091E+18,9,1,61,0,2017,9,15,3,3,2,6,0,1,0,0,0,0,0,6.75839E+20,5.40467E+21,1.13932E+16,4.87701E+16
91744,9.17091E+18,9,1,76,112,2017,9,17,3,2,5,3,0,1,0,0,1,0,0,6.91299E+20,5.41701E+21,1.16091E+16,4.88765E+16
91745,9.17091E+18,9,1,88,145,2017,9,18,3,3,2,6,0,1,0,0,0,0,0,6.63166E+20,5.32803E+21,1.1191E+16,4.80846E+16
91746,9.17091E+18,9,5,77,173,2017,9,4,5,3,8,7,0,1,0,0,0,2,1,6.40698E+20,5.42262E+21,1.09214E+16,4.89405E+16
91747,9.17091E+18,9,5,77,122,2017,9,5,5,3,2,6,0,1,0,0,0,2,1,6.31104E+20,5.43827E+21,1.07955E+16,4.90833E+16
91748,9.17091E+18,9,4,79,158,2017,9,17,5,3,8,1,0,1,0,0,0,0,1,7.21709E+20,5.55015E+21,1.20979E+16,5.00622E+16
91749,9.17091E+18,9,4,75,113,2017,9,20,5,3,8,1,0,1,0,0,0,2,1,6.97829E+20,5.58228E+21,1.17814E+16,5.03593E+16
91750,9.17091E+18,9,4,75,112,2017,9,5,5,3,9,1,0,1,0,0,0,2,1,6.88788E+20,5.58159E+21,1.16541E+16,5.0356E+16
91751,9.17091E+18,9,4,64,0,2017,9,20,5,3,3,6,0,1,0,1,0,2,1,7.07377E+20,5.57856E+21,1.19134E+16,5.03226E+16
91752,9.17091E+18,9,4,64,0,2017,9,13,5,3,4,7,0,1,0,1,0,0,1,7.0742E+20,5.57794E+21,1.19137E+16,5.0317E+16
91753,9.17091E+18,9,4,78,139,2017,9,17,5,2,0,1,0,0,0,1,0,0,1,6.47955E+20,5.55617E+21,1.10705E+16,5.01392E+16
91754,9.17091E+18,9,4,76,146,2017,9,6,5,2,2,6,0,1,0,1,0,1,1,6.62408E+20,5.56473E+21,1.12763E+16,5.02124E+16
91755,9.17091E+18,9,4,72,146,2017,9,15,5,2,3,6,0,1,0,0,0,0,1,6.80979E+20,5.52583E+21,1.1518E+16,4.98575E+16
91756,9.17091E+18,9,4,72,175,2017,9,0,5,2,3,1,0,1,0,0,1,2,1,6.80552E+20,5.51658E+21,1.15077E+16,4.97745E+16
91757,9.17091E+18,9,4,62,0,2017,9,9,5,3,9,1,0,0,0,1,0,0,1,6.87112E+20,5.53794E+21,1.16091E+16,4.99644E+16
91758,9.17091E+18,9,4,71,207,2017,9,18,5,3,2,6,0,1,0,0,0,0,1,6.28224E+20,5.53157E+21,1.07863E+16,4.99227E+16
91759,9.17091E+18,9,4,71,165,2017,9,6,5,1,4,1,0,1,0,0,0,0,1,6.3009E+20,5.53507E+21,1.08135E+16,4.99538E+16
91760,9.17091E+18,9,3,63,0,2017,9,13,5,3,0,1,0,0,0,1,0,0,1,7.26827E+20,5.50505E+21,1.21429E+16,4.96553E+16
91761,9.17091E+18,9,3,72,124,2017,9,7,5,2,4,6,0,0,0,1,1,0,0,7.83627E+20,5.46765E+21,1.29013E+16,4.92956E+16
91762,9.17091E+18,9,3,72,153,2017,9,6,5,3,2,3,0,1,0,0,0,0,0,7.53684E+20,5.45637E+21,1.24832E+16,4.92075E+16
91763,9.17091E+18,9,3,71,151,2017,9,14,5,1,4,1,0,1,0,0,0,0,1,6.97806E+20,5.48643E+21,1.17319E+16,4.94982E+16
91764,9.17091E+18,9,3,76,161,2017,9,13,5,3,5,3,0,1,0,0,0,0,0,7.29659E+20,5.4715E+21,1.21625E+16,4.93529E+16
91765,9.17091E+18,9,3,76,178,2017,9,6,5,2,5,3,0,1,0,1,0,0,1,7.55171E+20,5.47944E+21,1.25183E+16,4.94141E+16
91766,9.17091E+18,9,3,76,169,2017,9,15,5,3,4,6,0,1,0,0,0,0,0,7.27033E+20,5.47866E+21,1.21305E+16,4.94182E+16
91767,9.17092E+18,9,1,86,152,2017,9,10,7,3,2,6,0,1,0,0,0,0,1,6.91504E+20,5.37377E+21,1.15919E+16,4.84879E+16
91768,9.17091E+18,9,3,71,121,2017,9,8,5,3,1,6,0,1,0,0,0,0,1,7.09968E+20,5.50294E+21,1.19085E+16,4.96425E+16
91769,9.17091E+18,9,2,76,134,2017,9,14,5,3,8,3,0,1,0,0,1,0,1,7.91213E+20,5.43647E+21,1.29829E+16,4.90123E+16
91770,9.17092E+18,9,1,73,118,2017,9,12,7,3,8,1,0,1,0,0,0,0,1,6.93491E+20,5.30121E+21,1.15857E+16,4.78351E+16
91771,9.17091E+18,9,2,71,119,2017,9,16,5,3,5,3,0,1,0,1,0,0,1,7.91919E+20,5.41446E+21,1.29768E+16,4.88145E+16
91772,9.17092E+18,9,3,75,183,2017,9,16,7,3,4,2,0,1,0,0,1,0,0,7.43423E+20,5.42921E+21,1.23262E+16,4.89678E+16
91773,9.17091E+18,9,2,75,126,2017,9,15,5,3,2,1,0,1,0,0,0,0,1,8.41924E+20,5.39734E+21,1.36416E+16,4.86355E+16
91774,9.17091E+18,9,2,75,112,2017,9,10,5,2,6,4,0,1,1,0,0,0,0,8.01269E+20,5.38822E+21,1.30847E+16,4.85745E+16
91775,9.17091E+18,9,1,88,139,2017,9,13,3,3,2,6,0,1,0,0,0,0,1,6.74647E+20,5.31881E+21,1.13413E+16,4.79988E+16
91776,9.17091E+18,9,1,88,124,2017,9,6,3,3,6,7,0,0,1,0,1,0,0,6.59342E+20,5.3224E+21,1.11376E+16,4.8035E+16
91777,9.17091E+18,9,2,75,138,2017,9,8,5,1,5,2,0,1,0,1,0,0,0,8.13023E+20,5.38335E+21,1.32399E+16,4.85251E+16
91778,9.17091E+18,9,2,62,0,2017,9,17,5,3,2,6,0,1,0,0,0,0,1,8.25827E+20,5.38742E+21,1.3416E+16,4.8555E+16
91779,9.17091E+18,9,2,62,0,2017,9,14,5,3,3,7,1,0,0,0,1,0,0,8.28597E+20,5.38991E+21,1.34554E+16,4.8576E+16
91780,9.17091E+18,9,2,62,0,2017,9,16,5,3,3,6,0,1,0,0,1,0,1,8.25412E+20,5.38949E+21,1.3412E+16,4.85739E+16
91781,9.17091E+18,9,2,75,134,2017,9,20,5,3,2,6,0,1,0,0,0,2,1,8.26825E+20,5.3789E+21,1.34228E+16,4.84781E+16
91782,9.17091E+18,9,2,77,116,2017,9,17,5,2,5,3,0,1,0,0,0,0,1,7.74506E+20,5.3661E+21,1.27081E+16,4.83882E+16
91783,9.17091E+18,9,2,74,183,2017,9,10,5,3,4,2,0,1,0,0,0,0,0,7.44833E+20,5.36554E+21,1.23077E+16,4.83954E+16
91784,9.17091E+18,9,2,73,152,2017,9,16,5,3,5,3,0,0,0,1,1,0,1,6.99625E+20,5.40408E+21,1.17162E+16,4.87577E+16
91785,9.17091E+18,9,1,80,127,2017,9,5,5,3,8,1,0,1,0,0,0,2,0,6.69126E+20,5.28136E+21,1.12527E+16,4.76636E+16
91786,9.17091E+18,9,1,90,115,2017,9,15,5,3,8,1,0,0,0,0,1,0,1,6.70278E+20,5.30182E+21,1.1276E+16,4.78472E+16
91787,9.17091E+18,9,1,89,152,2017,9,9,5,3,2,6,0,1,0,0,0,0,1,7.77845E+20,5.32933E+21,1.27291E+16,4.80566E+16
91788,9.17091E+18,9,1,75,132,2017,9,0,3,2,2,7,0,1,0,1,0,2,0,7.08685E+20,5.33689E+21,1.18059E+16,4.8151E+16
91789,9.17091E+18,9,1,72,118,2017,9,16,5,3,3,6,0,1,0,1,0,0,1,7.97153E+20,5.30649E+21,1.29718E+16,4.7843E+16
91790,9.17091E+18,9,1,84,147,2017,9,9,3,3,9,1,0,1,0,0,0,0,1,7.00135E+20,5.34102E+21,1.1693E+16,4.81908E+16
91791,9.17091E+18,9,1,72,130,2017,9,18,5,3,1,6,0,1,0,0,0,0,1,7.94394E+20,5.30793E+21,1.2936E+16,4.78572E+16
91792,9.17091E+18,9,1,87,120,2017,9,10,5,3,0,1,1,0,0,0,0,0,0,7.32047E+20,5.29214E+21,1.20954E+16,4.77409E+16
91793,9.17091E+18,9,1,87,122,2017,9,15,5,3,0,1,0,0,0,1,0,0,1,7.17632E+20,5.3083E+21,1.19115E+16,4.78911E+16
91794,9.17091E+18,9,1,87,150,2017,9,8,5,3,4,2,0,1,0,0,0,0,0,7.28779E+20,5.30348E+21,1.20579E+16,4.78439E+16
91795,9.17091E+18,9,1,76,137,2017,9,14,5,2,8,1,0,1,0,0,0,0,1,6.72843E+20,5.43017E+21,1.13632E+16,4.90002E+16
91796,9.17091E+18,9,1,85,158,2017,9,5,5,3,5,3,0,1,0,0,0,2,0,6.68963E+20,5.38158E+21,1.12902E+16,4.85645E+16
91797,9.17091E+18,9,1,85,158,2017,9,13,5,2,1,6,0,1,0,1,0,0,1,6.67751E+20,5.37999E+21,1.12732E+16,4.85505E+16
91798,9.17091E+18,9,1,86,128,2017,9,11,5,3,2,6,0,1,0,0,0,0,1,6.77916E+20,5.38555E+21,1.14132E+16,4.85978E+16
91799,9.17091E+18,9,1,86,162,2017,9,10,5,3,4,2,0,1,0,0,0,0,0,6.93947E+20,5.38601E+21,1.16306E+16,4.85971E+16
91800,9.17092E+18,9,1,84,149,2017,9,7,6,3,2,6,0,1,0,0,0,0,0,6.90309E+20,5.35048E+21,1.15652E+16,4.82789E+16
91801,9.17091E+18,9,1,76,149,2017,9,11,5,2,2,6,0,1,0,0,1,0,1,6.66744E+20,5.40763E+21,1.12707E+16,4.87993E+16
91802,9.17092E+18,9,1,82,124,2017,9,20,7,3,5,1,1,1,0,0,0,2,1,7.06998E+20,5.28507E+21,1.17583E+16,4.76858E+16
91803,9.17091E+18,9,1,81,130,2017,9,20,5,3,2,6,0,1,0,0,0,2,0,6.36451E+20,5.32303E+21,1.08309E+16,4.8046E+16
91804,9.17091E+18,9,1,62,0,2017,9,15,5,3,2,6,0,0,0,0,1,2,0,6.78938E+20,5.33707E+21,1.14064E+16,4.81617E+16
91805,9.17091E+18,9,1,88,139,2017,9,7,5,3,0,1,1,1,0,0,0,0,1,6.74539E+20,5.31851E+21,1.13397E+16,4.7996E+16
91806,9.17091E+18,9,1,62,0,2017,9,13,3,3,1,6,0,1,0,0,1,0,0,6.84639E+20,5.34266E+21,1.14854E+16,4.82103E+16
91807,9.17091E+18,9,1,79,121,2017,9,15,5,3,5,3,1,1,0,0,0,0,1,6.66671E+20,5.33837E+21,1.12421E+16,4.81767E+16
91808,9.17091E+18,9,1,79,130,2017,9,12,5,2,5,3,0,1,0,0,1,0,1,6.58723E+20,5.33706E+21,1.11347E+16,4.8167E+16
91809,9.17091E+18,9,1,74,126,2017,9,16,5,3,1,6,0,1,0,0,0,0,1,6.84241E+20,5.3446E+21,1.14809E+16,4.82278E+16
91810,9.17091E+18,9,1,62,0,2017,9,19,3,2,8,1,0,0,0,1,0,1,1,6.9118E+20,5.34478E+21,1.15743E+16,4.82274E+16
91811,9.17091E+18,9,1,74,126,2017,9,13,5,2,4,2,0,1,0,0,0,0,1,6.82878E+20,5.34462E+21,1.14626E+16,4.82284E+16
91812,9.17091E+18,9,1,84,147,2017,9,7,5,3,2,6,0,1,0,0,0,0,0,7.00252E+20,5.34125E+21,1.16947E+16,4.81929E+16
91813,9.17091E+18,9,1,84,119,2017,9,17,3,3,2,6,0,1,0,0,1,0,0,6.96156E+20,5.34999E+21,1.16437E+16,4.82727E+16
91814,9.17091E+18,9,1,62,0,2017,9,18,3,3,2,6,0,1,0,0,1,0,0,6.95288E+20,5.34421E+21,1.16293E+16,4.8221E+16
91815,9.17091E+18,9,1,75,127,2017,9,7,5,3,1,3,1,1,0,0,0,0,0,7.12424E+20,5.34135E+21,1.18583E+16,4.81898E+16
91816,9.17091E+18,9,1,77,115,2017,9,17,5,3,8,1,0,1,0,0,0,0,1,7.35957E+20,5.35296E+21,1.21809E+16,4.82858E+16
91817,9.17091E+18,9,1,84,140,2017,9,10,4,3,0,7,0,0,0,1,1,0,1,7.00451E+20,5.32895E+21,1.16916E+16,4.80823E+16
91818,9.17091E+18,9,1,84,149,2017,9,7,4,3,5,3,1,1,0,0,0,0,1,6.92177E+20,5.3485E+21,1.15894E+16,4.82606E+16
91819,9.17091E+18,9,1,62,0,2017,9,6,4,3,7,1,1,0,0,0,0,0,0,6.95252E+20,5.33403E+21,1.16242E+16,4.81296E+16
91820,9.17091E+18,9,7,75,164,2017,9,12,4,2,2,6,0,0,0,1,1,0,0,5.85841E+20,5.35065E+21,1.01576E+16,4.83032E+16
91821,9.17091E+18,9,7,75,135,2017,9,18,4,3,0,3,1,1,0,0,0,0,0,5.74442E+20,5.36106E+21,1.00057E+16,4.83983E+16
91822,9.17091E+18,9,7,78,173,2017,9,12,4,3,8,6,0,1,0,0,0,0,1,6.1308E+20,5.32264E+21,1.05173E+16,4.8047E+16
91823,9.17091E+18,9,7,78,151,2017,9,13,4,2,4,6,0,1,0,0,0,0,0,5.92249E+20,5.31843E+21,1.0237E+16,4.80125E+16
91824,9.17091E+18,9,7,80,119,2017,9,20,4,2,2,6,0,1,0,0,1,2,0,5.98262E+20,5.29513E+21,1.03123E+16,4.7802E+16
91825,9.17091E+18,9,7,80,146,2017,9,11,4,3,1,2,0,1,0,0,0,0,1,5.93392E+20,5.28922E+21,1.0246E+16,4.77496E+16
91826,9.17091E+18,9,7,73,125,2017,9,16,4,1,4,6,0,1,0,0,1,0,0,6.13102E+20,5.385E+21,1.05343E+16,4.86079E+16
91827,9.17091E+18,9,7,73,125,2017,9,11,4,3,5,3,1,1,0,0,0,0,1,6.09745E+20,5.38181E+21,1.0488E+16,4.85797E+16
91828,9.17091E+18,9,7,73,164,2017,9,12,4,3,8,6,0,1,0,0,0,0,0,6.2184E+20,5.39097E+21,1.06546E+16,4.86599E+16
91829,9.17091E+18,9,7,72,185,2017,9,6,4,3,4,2,0,1,0,0,0,1,0,6.35308E+20,5.38399E+21,1.08351E+16,4.85943E+16
91830,9.17091E+18,9,1,78,143,2017,9,10,3,2,0,7,1,0,0,0,0,0,1,7.16292E+20,5.37214E+21,1.19261E+16,4.84652E+16
91831,9.17091E+18,9,1,77,133,2017,9,18,3,3,2,6,0,1,0,0,0,0,1,7.13704E+20,5.35604E+21,1.18829E+16,4.83214E+16
91832,9.17091E+18,9,1,77,130,2017,9,12,3,3,1,6,0,1,0,0,0,0,1,7.1329E+20,5.34948E+21,1.1874E+16,4.82626E+16
91833,9.17091E+18,9,6,79,156,2017,9,6,4,2,0,1,0,0,0,1,0,2,1,5.74836E+20,5.52262E+21,1.0041E+16,4.98513E+16
91834,9.17091E+18,9,6,75,165,2017,9,17,4,3,2,2,0,1,0,0,0,0,1,5.87906E+20,5.51661E+21,1.02214E+16,4.97955E+16
91835,9.17091E+18,9,1,62,0,2017,9,8,2,3,5,2,1,1,0,0,0,0,0,6.92076E+20,5.34157E+21,1.15849E+16,4.81982E+16
91836,9.17091E+18,9,6,73,114,2017,9,19,4,2,5,3,0,1,0,0,0,1,1,5.86872E+20,5.57579E+21,1.02205E+16,5.03278E+16
91837,9.17091E+18,9,6,78,115,2017,9,22,4,2,0,7,1,1,0,0,0,2,1,5.84778E+20,5.54058E+21,1.01832E+16,5.00115E+16
91838,9.17091E+18,9,6,78,170,2017,9,17,4,3,5,3,1,1,0,0,0,0,0,5.86383E+20,5.53533E+21,1.02045E+16,4.99641E+16
91839,9.17091E+18,9,6,76,125,2017,9,21,4,3,8,1,0,1,0,0,0,2,1,5.16549E+20,5.50772E+21,9.2296E+15,4.97217E+16
91840,9.17091E+18,9,6,71,133,2017,9,15,4,3,0,1,0,0,0,1,0,0,1,5.10194E+20,5.54212E+21,9.14233E+15,5.00313E+16
91841,9.17091E+18,9,5,64,0,2017,9,22,4,3,9,1,0,1,0,0,0,2,1,6.51834E+20,5.47342E+21,1.10925E+16,4.93945E+16
91842,9.17091E+18,9,5,74,123,2017,9,19,4,3,2,1,0,1,0,0,1,2,1,6.59694E+20,5.47193E+21,1.12002E+16,4.93791E+16
91843,9.17091E+18,9,5,62,0,2017,9,18,4,3,2,6,0,1,0,0,0,0,1,6.42428E+20,5.49452E+21,1.09706E+16,4.95865E+16
91844,9.17091E+18,9,5,62,0,2017,9,16,4,3,5,3,1,1,0,0,0,0,0,6.44018E+20,5.49398E+21,1.09924E+16,4.95812E+16
91845,9.17091E+18,9,5,62,0,2017,9,18,4,3,3,6,0,1,0,0,0,1,1,6.43943E+20,5.49156E+21,1.09904E+16,4.95595E+16
91846,9.17091E+18,9,5,76,128,2017,9,6,4,2,2,6,0,1,0,0,0,0,0,6.43729E+20,5.46242E+21,1.09769E+16,4.92976E+16
91847,9.17092E+18,9,3,74,129,2017,9,11,7,3,2,2,0,1,0,0,0,0,1,6.95344E+20,5.51506E+21,1.17122E+16,4.97563E+16
91848,9.17091E+18,9,5,76,117,2017,9,7,4,3,0,6,0,1,0,0,0,0,0,6.47822E+20,5.45809E+21,1.10316E+16,4.92577E+16
91849,9.17091E+18,9,5,76,127,2017,9,17,4,3,5,3,0,1,0,0,0,0,1,6.64358E+20,5.44785E+21,1.12545E+16,4.91614E+16
91850,9.17091E+18,9,5,64,0,2017,9,15,4,3,1,6,0,1,0,0,1,0,0,6.45185E+20,5.47814E+21,1.10027E+16,4.94386E+16
91851,9.17091E+18,9,5,77,158,2017,9,7,4,2,5,2,1,1,0,0,0,0,0,6.44611E+20,5.42209E+21,1.09746E+16,4.89349E+16
91852,9.17091E+18,9,5,71,226,2017,9,15,4,3,2,2,0,1,0,0,1,0,0,6.3822E+20,5.45672E+21,1.08992E+16,4.92476E+16
91853,9.17091E+18,9,5,71,199,2017,9,6,4,3,9,7,0,1,0,0,0,2,0,5.88001E+20,5.45237E+21,1.02084E+16,4.92178E+16
91854,9.17091E+18,9,5,71,136,2017,9,8,4,3,2,6,0,1,0,0,0,0,0,5.97138E+20,5.43644E+21,1.033E+16,4.90731E+16
91855,9.17091E+18,9,1,84,127,2017,9,16,2,2,3,2,1,0,0,0,1,0,0,7.02919E+20,5.3221E+21,1.17214E+16,4.80199E+16
91856,9.17091E+18,9,1,62,0,2017,9,14,2,3,4,7,0,1,0,0,0,0,0,6.88514E+20,5.32859E+21,1.15313E+16,4.80827E+16
91857,9.17091E+18,9,5,71,200,2017,9,12,4,2,4,2,0,1,0,0,0,0,0,5.95446E+20,5.44093E+21,1.03079E+16,4.91138E+16
91858,9.17091E+18,9,5,71,136,2017,9,14,4,2,9,7,0,1,0,0,0,0,0,5.95227E+20,5.43263E+21,1.0303E+16,4.90391E+16
91859,9.17091E+18,9,4,75,136,2017,9,7,4,2,2,6,0,1,0,0,0,0,1,6.88072E+20,5.56879E+21,1.16376E+16,5.02413E+16
91860,9.17091E+18,9,4,78,155,2017,9,5,4,3,4,2,0,1,0,0,0,1,0,6.58121E+20,5.55987E+21,1.12142E+16,5.01699E+16
91861,9.17091E+18,9,4,72,146,2017,9,10,4,3,9,1,0,1,0,0,0,0,1,6.81137E+20,5.52716E+21,1.15208E+16,4.98694E+16
91862,9.17091E+18,9,4,77,151,2017,9,5,4,3,2,2,0,1,0,0,1,2,0,6.76723E+20,5.56313E+21,1.1476E+16,5.01939E+16
91863,9.17091E+18,9,4,72,150,2017,9,8,4,2,4,6,0,1,0,0,0,0,0,6.8034E+20,5.53761E+21,1.15146E+16,4.99636E+16
91864,9.17091E+18,9,7,78,151,2017,9,13,2,2,2,6,0,0,0,0,1,0,0,5.92776E+20,5.31794E+21,1.02439E+16,4.8008E+16
91865,9.17091E+18,9,4,62,0,2017,9,14,4,3,1,6,0,0,0,0,1,0,0,6.8441E+20,5.5356E+21,1.15703E+16,4.99443E+16
91866,9.17091E+18,9,4,61,0,2017,9,21,4,3,2,6,0,1,0,0,0,2,1,6.38302E+20,5.53175E+21,1.09267E+16,4.99221E+16
91867,9.17091E+18,9,7,75,135,2017,9,17,2,3,2,6,0,1,0,0,0,0,0,5.73065E+20,5.36005E+21,9.98694E+15,4.83893E+16
91868,9.17091E+18,9,4,74,176,2017,9,17,4,3,5,3,0,1,0,0,0,0,0,6.63962E+20,5.51985E+21,1.12789E+16,4.98086E+16
91869,9.17091E+18,9,4,71,117,2017,9,13,4,3,8,1,0,1,0,0,0,0,0,6.30279E+20,5.5308E+21,1.08147E+16,4.99154E+16
91870,9.17091E+18,9,4,71,119,2017,9,7,4,2,4,6,0,1,0,0,0,0,1,6.34098E+20,5.53729E+21,1.08701E+16,4.99729E+16
91871,9.17091E+18,9,3,77,116,2017,9,20,4,3,5,3,0,1,0,0,1,2,1,7.20198E+20,5.52488E+21,1.20623E+16,4.98358E+16
91872,9.17091E+18,9,3,62,0,2017,9,11,4,3,2,6,0,1,0,0,0,0,0,7.25294E+20,5.43532E+21,1.20822E+16,4.90295E+16
91873,9.17091E+18,9,3,62,0,2017,9,15,4,3,1,6,0,1,0,0,0,0,0,7.26768E+20,5.43631E+21,1.21029E+16,4.90379E+16
91874,9.17091E+18,9,3,62,0,2017,9,12,4,3,2,6,0,1,0,1,0,0,1,7.30326E+20,5.43497E+21,1.21508E+16,4.90246E+16
91875,9.17091E+18,9,3,72,138,2017,9,11,4,3,4,6,0,0,0,0,1,0,1,7.93741E+20,5.45897E+21,1.30337E+16,4.9213E+16
91876,9.17091E+18,9,2,76,148,2017,9,20,4,3,4,6,0,1,0,0,0,2,0,8.08411E+20,5.43971E+21,1.32199E+16,4.9033E+16
91877,9.17092E+18,9,1,82,137,2017,9,16,7,3,3,6,0,1,0,0,0,0,0,7.09367E+20,5.30507E+21,1.17995E+16,4.78649E+16
91878,9.17091E+18,9,2,75,159,2017,9,21,4,3,3,6,0,1,0,0,0,2,1,8.13419E+20,5.39958E+21,1.32575E+16,4.86705E+16
91879,9.17092E+18,9,2,71,116,2017,9,22,7,3,7,7,0,1,0,0,0,2,0,7.84423E+20,5.42518E+21,1.28823E+16,4.89141E+16
91880,9.17091E+18,9,2,77,140,2017,9,17,4,3,8,1,0,1,0,0,0,0,1,7.91652E+20,5.35546E+21,1.29318E+16,4.82851E+16
91881,9.17091E+18,9,2,75,116,2017,9,10,4,3,4,6,0,1,0,0,0,0,0,8.20304E+20,5.362E+21,1.3322E+16,4.83299E+16
91882,9.17091E+18,9,2,75,131,2017,9,19,4,3,8,1,0,1,0,0,0,2,1,8.07162E+20,5.36601E+21,1.31481E+16,4.83724E+16
91883,9.17091E+18,9,2,73,172,2017,9,7,4,3,3,6,0,1,0,1,0,0,0,7.10508E+20,5.40396E+21,1.18641E+16,4.8753E+16
91884,9.17091E+18,9,2,61,0,2017,9,20,4,3,8,7,1,0,0,0,0,1,0,7.33709E+20,5.38137E+21,1.21665E+16,4.85419E+16
91885,9.17091E+18,9,2,73,133,2017,9,21,4,3,9,1,0,1,0,0,0,2,1,7.10921E+20,5.42443E+21,1.18802E+16,4.89368E+16