OBJECTID,UIDENTSTLA,ULAND,UREGBEZ,UKREIS,UGEMEINDE,UJAHR,UMONAT,USTUNDE,UWOCHENTAG,UKATEGORIE,UART,UTYP1,IstRad,IstPKW,IstFuss,IstKrad,IstSonstig,LICHT,STRZUSTAND,LINREFX,LINREFY,XGCSWGS84,YGCSWGS84
91886,9.17091E+18,9,1,90,152,2017,9,7,4,3,5,3,0,1,0,0,0,0,0,6.71137E+20,5.29959E+21,1.12866E+16,4.78269E+16
91887,9.17091E+18,9,1,80,123,2017,9,14,4,3,8,1,0,1,0,0,0,0,0,6.71756E+20,5.26006E+21,1.12794E+16,4.74713E+16
91888,9.17091E+18,9,1,89,145,2017,9,11,4,2,8,1,0,0,0,0,1,0,0,7.70583E+20,5.30353E+21,1.26156E+16,4.78281E+16
91889,9.17091E+18,9,1,83,118,2017,9,14,4,2,5,2,0,1,0,0,1,0,0,7.38984E+20,5.3372E+21,1.22128E+16,4.81431E+16
91890,9.17091E+18,9,1,89,111,2017,9,18,4,3,4,6,0,1,0,0,0,0,1,7.61649E+20,5.32301E+21,1.25083E+16,4.80068E+16
91891,9.17091E+18,9,1,83,112,2017,9,13,4,3,1,2,1,1,0,0,0,0,0,7.53543E+20,5.35024E+21,1.2416E+16,4.82546E+16
91892,9.17091E+18,9,1,71,132,2017,9,17,4,2,5,3,0,1,0,1,0,0,0,7.67557E+20,5.35267E+21,1.26059E+16,4.82707E+16
91893,9.17091E+18,9,1,87,176,2017,9,8,4,2,5,3,0,0,0,0,1,0,0,7.39019E+20,5.33403E+21,1.22115E+16,4.81146E+16
91894,9.17091E+18,9,1,87,177,2017,9,11,4,3,2,6,0,1,0,0,0,0,0,7.36353E+20,5.30568E+21,1.21601E+16,4.78609E+16
91895,9.17091E+18,9,1,87,179,2017,9,6,4,3,8,1,0,0,0,1,0,0,0,7.25225E+20,5.311E+21,1.20143E+16,4.79128E+16
91896,9.17091E+18,9,7,75,135,2017,9,16,2,3,5,3,1,1,0,0,0,0,0,5.81437E+20,5.36112E+21,1.01002E+16,4.8398E+16
91897,9.17091E+18,9,1,79,142,2017,9,17,4,3,2,6,0,1,0,0,0,0,1,6.73182E+20,5.3393E+21,1.133E+16,4.81833E+16
91898,9.17091E+18,9,1,79,123,2017,9,10,4,3,5,2,0,1,0,0,0,0,0,6.77442E+20,5.33197E+21,1.13842E+16,4.81162E+16
91899,9.17091E+18,9,1,81,144,2017,9,14,4,3,2,6,0,1,0,0,1,0,0,6.55562E+20,5.32171E+21,1.10866E+16,4.80297E+16
91900,9.17091E+18,9,1,77,139,2017,9,14,4,3,5,3,0,1,0,0,0,0,0,7.34628E+20,5.35774E+21,1.21657E+16,4.83292E+16
91901,9.17091E+18,9,7,78,173,2017,9,20,2,3,8,6,0,1,0,0,0,2,0,6.10258E+20,5.32389E+21,1.04798E+16,4.80588E+16
91902,9.17091E+18,9,1,62,0,2017,9,16,3,3,0,5,0,1,0,0,1,0,1,6.94599E+20,5.33388E+21,1.16153E+16,4.81284E+16
91903,9.17091E+18,9,1,62,0,2017,9,15,3,3,5,2,0,1,0,0,1,0,0,6.92092E+20,5.34188E+21,1.15853E+16,4.82011E+16
91904,9.17091E+18,9,7,78,180,2017,9,12,2,3,2,6,0,1,0,0,0,0,0,6.05665E+20,5.32309E+21,1.0418E+16,4.80523E+16
91905,9.17091E+18,9,1,84,114,2017,9,18,3,3,2,6,0,1,0,0,0,1,1,7.0031E+20,5.32018E+21,1.16856E+16,4.80035E+16
91906,9.17091E+18,9,7,75,139,2017,9,13,3,3,2,6,0,0,0,0,1,0,0,5.82335E+20,5.36613E+21,1.01133E+16,4.8443E+16
91907,9.17091E+18,9,7,75,135,2017,9,5,3,3,2,6,0,1,0,0,0,0,0,5.73555E+20,5.35899E+21,9.99337E+15,4.83798E+16
91908,9.17091E+18,9,7,75,139,2017,9,16,3,3,2,2,0,1,0,0,0,0,0,5.80606E+20,5.36648E+21,1.009E+16,4.84463E+16
91909,9.17091E+18,9,7,78,113,2017,9,8,3,2,5,3,0,1,0,0,1,0,1,6.12783E+20,5.32015E+21,1.05127E+16,4.80247E+16
91910,9.17091E+18,9,7,74,185,2017,9,10,3,3,5,3,1,1,0,0,0,0,0,6.09057E+20,5.34873E+21,1.047E+16,4.82824E+16
91911,9.17091E+18,9,7,75,129,2017,9,15,3,3,6,7,0,1,1,0,0,0,0,5.81895E+20,5.34104E+21,1.01025E+16,4.82173E+16
91912,9.17091E+18,9,7,74,121,2017,9,9,2,3,5,3,1,1,0,0,0,0,0,6.0496E+20,5.36455E+21,1.04188E+16,4.84254E+16
91913,9.17091E+18,9,7,78,116,2017,9,17,3,2,5,3,1,1,0,0,0,1,1,6.1796E+20,5.32227E+21,1.05827E+16,4.80428E+16
91914,9.17091E+18,9,7,77,111,2017,9,9,3,3,9,1,0,1,0,0,0,0,1,6.14292E+20,5.29608E+21,1.05265E+16,4.78079E+16
91915,9.17091E+18,9,7,77,159,2017,9,16,3,3,5,3,0,1,0,1,0,0,0,6.17841E+20,5.26936E+21,1.05667E+16,4.75669E+16
91916,9.17091E+18,9,7,77,130,2017,9,9,3,3,4,6,0,1,0,0,1,0,1,6.26766E+20,5.31365E+21,1.06982E+16,4.79636E+16
91917,9.17091E+18,9,7,79,194,2017,9,5,3,3,8,1,0,1,0,0,0,2,0,6.13629E+20,5.41791E+21,1.05506E+16,4.89037E+16
91918,9.17091E+18,9,7,73,139,2017,9,7,3,3,3,6,0,1,0,0,1,0,0,6.17371E+20,5.38774E+21,1.0593E+16,4.86317E+16
91919,9.17091E+18,9,7,71,130,2017,9,17,3,3,2,6,0,1,0,0,0,0,0,6.45201E+20,5.36294E+21,1.09619E+16,4.84029E+16
91920,9.17091E+18,9,7,71,130,2017,9,17,3,3,2,6,0,1,0,0,0,0,1,6.4614E+20,5.36282E+21,1.09745E+16,4.84016E+16
91921,9.17091E+18,9,7,71,130,2017,9,17,3,3,2,6,0,1,0,0,1,0,1,6.46638E+20,5.36285E+21,1.09813E+16,4.84017E+16
91922,9.17092E+18,9,2,77,121,2017,9,13,7,3,0,2,0,1,0,1,0,0,1,7.63266E+20,5.37154E+21,1.256E+16,4.84419E+16
91923,9.17091E+18,9,7,72,147,2017,9,17,3,3,2,6,0,1,0,0,0,0,0,6.3518E+20,5.36437E+21,1.0827E+16,4.8418E+16
91924,9.17091E+18,9,7,72,147,2017,9,17,3,3,2,6,0,1,0,0,0,0,1,6.38327E+20,5.36652E+21,1.08702E+16,4.84366E+16
91925,9.17091E+18,9,7,71,160,2017,9,15,3,3,8,1,0,1,0,0,0,0,0,6.53938E+20,5.35095E+21,1.10755E+16,4.8293E+16
91926,9.17091E+18,9,7,72,163,2017,9,14,3,3,1,3,0,1,0,0,0,0,1,6.39594E+20,5.34613E+21,1.08806E+16,4.8253E+16
91927,9.17091E+18,9,7,61,0,2017,9,4,3,3,0,6,0,1,0,0,1,2,0,6.42035E+20,5.36528E+21,1.09199E+16,4.84246E+16
91928,9.17091E+18,9,7,61,0,2017,9,20,3,3,0,1,1,0,0,0,0,2,1,6.42978E+20,5.36045E+21,1.0931E+16,4.8381E+16
91929,9.17091E+18,9,6,79,205,2017,9,18,3,3,0,2,0,1,0,0,0,0,0,5.55108E+20,5.51609E+21,9.76569E+15,4.97947E+16
91930,9.17091E+18,9,6,79,194,2017,9,15,3,3,0,7,0,0,0,1,0,0,0,5.60616E+20,5.52473E+21,9.84356E+15,4.98719E+16
91931,9.17091E+18,9,6,77,137,2017,9,7,3,2,2,6,0,1,0,0,0,0,0,5.35357E+20,5.51537E+21,9.49121E+15,4.97898E+16
91932,9.17091E+18,9,7,63,0,2017,9,12,2,1,4,1,0,0,0,1,1,0,0,5.97143E+20,5.29083E+21,1.02964E+16,4.77635E+16
91933,9.17091E+18,9,7,77,121,2017,9,16,2,3,3,6,1,1,0,0,0,0,0,6.28231E+20,5.3216E+21,1.07202E+16,4.80348E+16
91934,9.17091E+18,9,6,75,174,2017,9,11,3,3,4,6,1,0,0,1,0,0,0,5.88226E+20,5.52579E+21,1.0228E+16,4.9878E+16
91935,9.17091E+18,9,6,62,0,2017,9,17,3,3,2,6,0,1,0,0,0,0,0,5.86804E+20,5.54468E+21,1.02124E+16,5.0048E+16
91936,9.17091E+18,9,7,79,218,2017,9,14,2,2,9,7,0,1,0,0,0,0,0,6.25063E+20,5.39321E+21,1.0699E+16,4.86794E+16
91937,9.17091E+18,9,6,73,141,2017,9,20,3,3,5,3,0,1,0,1,0,2,1,6.02902E+20,5.5729E+21,1.04448E+16,5.02992E+16
91938,9.17091E+18,9,7,71,130,2017,9,16,2,3,2,6,0,1,0,0,0,0,0,6.4501E+20,5.35531E+21,1.09567E+16,4.83343E+16
91939,9.17091E+18,9,6,73,114,2017,9,21,3,3,8,1,0,1,0,0,0,2,1,5.87591E+20,5.57605E+21,1.02306E+16,5.033E+16
91940,9.17091E+18,9,6,73,114,2017,9,16,3,3,8,1,0,1,0,0,0,0,1,5.88699E+20,5.57345E+21,1.02456E+16,5.03065E+16
91941,9.17091E+18,9,7,61,0,2017,9,18,2,3,5,7,0,1,0,1,0,0,0,6.40569E+20,5.35238E+21,1.08958E+16,4.8309E+16
91942,9.17091E+18,9,6,72,135,2017,9,23,3,3,9,7,0,1,0,0,0,2,1,5.88853E+20,5.56641E+21,1.02461E+16,5.02432E+16
91943,9.17091E+18,9,6,62,0,2017,9,13,3,3,5,2,0,1,0,0,1,0,0,5.86719E+20,5.5468E+21,1.02117E+16,5.00672E+16
91944,9.17091E+18,9,6,78,193,2017,9,14,3,3,5,3,1,0,0,1,0,0,0,5.78918E+20,5.53712E+21,1.01008E+16,4.99812E+16
91945,9.17091E+18,9,6,76,160,2017,9,15,3,2,0,6,0,0,0,1,0,0,1,5.10853E+20,5.52866E+21,9.15116E+15,4.99102E+16
91946,9.17091E+18,9,6,76,143,2017,9,21,3,3,0,7,0,0,0,1,0,2,0,5.2965E+20,5.50548E+21,9.41117E+15,4.97011E+16
91947,9.17091E+18,9,5,76,151,2017,9,16,3,3,1,6,0,1,0,0,1,0,0,6.5175E+20,5.46804E+21,1.10893E+16,4.93462E+16
91948,9.17092E+18,9,1,75,122,2017,9,11,7,3,2,2,0,1,0,0,0,0,1,7.19763E+20,5.32727E+21,1.19497E+16,4.80609E+16
91949,9.17091E+18,9,5,74,152,2017,9,17,3,3,0,1,0,0,0,1,0,0,1,6.62143E+20,5.48342E+21,1.12386E+16,4.94817E+16
91950,9.17092E+18,9,1,83,124,2017,9,13,7,3,4,6,0,1,0,0,0,0,1,7.57616E+20,5.34183E+21,1.24656E+16,4.81774E+16
91951,9.17091E+18,9,5,74,155,2017,9,6,3,3,5,6,1,1,0,0,0,0,0,6.69034E+20,5.49147E+21,1.13371E+16,4.95522E+16
91952,9.17091E+18,9,5,74,112,2017,9,17,3,1,8,1,0,1,0,0,0,0,0,6.75429E+20,5.47582E+21,1.14185E+16,4.94098E+16
91953,9.17092E+18,9,3,75,131,2017,9,10,7,2,8,1,0,0,0,1,0,0,1,7.13697E+20,5.44491E+21,1.19289E+16,4.91198E+16
91954,9.17091E+18,9,5,63,0,2017,9,17,3,3,2,6,0,1,0,0,0,0,0,6.44304E+20,5.48217E+21,1.0992E+16,4.9475E+16
91955,9.17091E+18,9,5,63,0,2017,9,12,3,3,2,6,0,1,0,0,0,0,0,6.43378E+20,5.48534E+21,1.09804E+16,4.95037E+16
91956,9.17091E+18,9,5,63,0,2017,9,14,3,3,0,6,1,0,0,0,0,0,0,6.38361E+20,5.48423E+21,1.09107E+16,4.94949E+16
91957,9.17091E+18,9,5,63,0,2017,9,15,3,3,6,4,0,1,1,0,0,0,0,6.43941E+20,5.48152E+21,1.09867E+16,4.94693E+16
91958,9.17091E+18,9,6,79,154,2017,9,15,2,3,5,3,0,1,0,0,0,0,0,5.55501E+20,5.51306E+21,9.77072E+15,4.97674E+16
91959,9.17091E+18,9,5,64,0,2017,9,6,3,3,5,3,1,1,0,0,0,0,0,6.50316E+20,5.47731E+21,1.10731E+16,4.94298E+16
91960,9.17092E+18,9,1,87,132,2017,9,17,2,3,5,3,0,1,0,0,0,0,0,7.4687E+20,5.29905E+21,1.22967E+16,4.77974E+16
91961,9.17092E+18,9,1,71,137,2017,9,5,2,2,3,6,0,1,0,1,0,2,1,7.68436E+20,5.35155E+21,1.26171E+16,4.82602E+16
91962,9.17092E+18,9,3,76,149,2017,9,15,2,3,8,7,1,0,0,0,0,0,0,7.38967E+20,5.45519E+21,1.22807E+16,4.92028E+16
91963,9.17092E+18,9,4,77,121,2017,9,5,2,3,2,6,0,0,0,0,1,2,0,6.8883E+20,5.55023E+21,1.16391E+16,5.00743E+16
91964,9.17092E+18,9,5,62,0,2017,9,17,2,3,4,2,1,0,0,0,0,0,0,6.45015E+20,5.49541E+21,1.10067E+16,4.95939E+16
91965,9.17092E+18,9,6,74,190,2017,9,6,1,1,9,1,0,0,0,1,0,1,0,6.30628E+20,5.54971E+21,1.0826E+16,5.00853E+16
91966,9.17092E+18,9,1,82,137,2017,9,14,3,3,2,6,0,1,0,0,0,0,1,7.1203E+20,5.30499E+21,1.1835E+16,4.78632E+16
91967,9.17092E+18,9,2,73,125,2017,9,18,3,3,5,3,0,1,0,0,0,0,0,7.20033E+20,5.41589E+21,1.19999E+16,4.88569E+16
91968,9.17092E+18,9,3,75,180,2017,9,18,3,3,3,6,0,1,0,0,1,0,0,7.25734E+20,5.43099E+21,1.20858E+16,4.89905E+16
91969,9.17092E+18,9,6,71,121,2017,9,17,1,2,8,7,0,1,0,0,0,0,0,5.12758E+20,5.53776E+21,9.17798E+15,4.9992E+16
91970,9.17092E+18,9,6,76,141,2017,9,13,1,2,8,1,0,0,0,1,0,0,0,5.19898E+20,5.51521E+21,9.27643E+15,4.9789E+16
91971,9.17092E+18,9,6,71,155,2017,9,13,1,3,5,3,0,1,0,0,0,0,0,5.05777E+20,5.53403E+21,9.08054E+15,4.99586E+16
91972,9.17092E+18,9,6,71,138,2017,9,8,1,2,8,1,0,0,0,1,0,0,1,5.16029E+20,5.5466E+21,9.22399E+15,5.00715E+16
91973,9.17092E+18,9,5,74,112,2017,9,9,3,3,5,3,1,1,0,0,0,0,0,6.71202E+20,5.47327E+21,1.13592E+16,4.9388E+16
91974,9.17092E+18,9,1,85,149,2017,9,13,2,3,0,1,0,1,0,0,0,0,0,6.65268E+20,5.40425E+21,1.12492E+16,4.87693E+16
91975,9.17092E+18,9,1,61,0,2017,9,9,2,3,0,7,0,0,1,0,1,0,0,6.79065E+20,5.40522E+21,1.14373E+16,4.87742E+16
91976,9.17092E+18,9,1,76,138,2017,9,16,2,2,9,1,0,1,0,1,0,0,1,6.71405E+20,5.42752E+21,1.13424E+16,4.89768E+16
91977,9.17092E+18,9,1,84,114,2017,9,22,2,3,9,1,0,1,0,0,0,2,0,7.0071E+20,5.31561E+21,1.16888E+16,4.79623E+16
91978,9.17092E+18,9,1,62,0,2017,9,5,2,3,3,6,0,1,0,0,1,2,1,6.8377E+20,5.34257E+21,1.14737E+16,4.82097E+16
91979,9.17092E+18,9,1,72,114,2017,9,20,2,2,0,1,1,0,0,0,0,2,0,7.90635E+20,5.29221E+21,1.28753E+16,4.77178E+16
91980,9.17092E+18,9,2,77,145,2017,9,17,2,2,2,6,0,1,0,1,0,0,0,7.96097E+20,5.35519E+21,1.29914E+16,4.82805E+16
91981,9.17092E+18,9,3,75,180,2017,9,8,2,3,8,1,0,1,0,0,0,0,1,7.23947E+20,5.43104E+21,1.20615E+16,4.89916E+16
91982,9.17092E+18,9,5,62,0,2017,9,22,1,3,2,6,0,1,0,0,0,2,1,6.43338E+20,5.49162E+21,1.09821E+16,4.95602E+16
91983,9.17092E+18,9,5,76,126,2017,9,12,1,3,8,1,0,1,0,0,0,0,0,6.56768E+20,5.43998E+21,1.11474E+16,4.90927E+16
91984,9.17092E+18,9,5,74,140,2017,9,1,1,2,9,1,0,0,0,1,0,2,1,6.85723E+20,5.50082E+21,1.1572E+16,4.96313E+16
91985,9.17092E+18,9,1,74,143,2017,9,14,3,3,5,3,0,1,0,1,0,0,0,6.76041E+20,5.35198E+21,1.13737E+16,4.82965E+16
91986,9.17092E+18,9,1,87,117,2017,9,13,3,3,2,6,0,1,0,0,0,0,1,7.23456E+20,5.30831E+21,1.19893E+16,4.78892E+16
91987,9.17092E+18,9,1,89,155,2017,9,5,3,3,6,2,0,1,1,0,0,2,0,7.72047E+20,5.30859E+21,1.26383E+16,4.7873E+16
91988,9.17092E+18,9,2,77,127,2017,9,17,3,3,4,6,0,1,0,0,0,0,0,7.91841E+20,5.35151E+21,1.29317E+16,4.82495E+16
91989,9.17092E+18,9,5,75,112,2017,9,16,3,2,4,2,0,1,0,0,0,0,0,6.03875E+20,5.48401E+21,1.04346E+16,4.94998E+16
91990,9.17092E+18,9,5,64,0,2017,9,5,1,3,5,3,0,1,0,0,0,2,1,6.47675E+20,5.47615E+21,1.10363E+16,4.94201E+16
91991,9.17092E+18,9,5,64,0,2017,9,19,1,3,2,6,0,1,0,1,0,0,0,6.4791E+20,5.48011E+21,1.1041E+16,4.94557E+16
91992,9.17092E+18,9,5,77,177,2017,9,11,1,3,2,6,0,1,0,0,0,0,0,6.4343E+20,5.43114E+21,1.09617E+16,4.90164E+16
91993,9.17092E+18,9,5,77,140,2017,9,17,1,3,9,1,0,0,0,1,0,0,0,6.26872E+20,5.42863E+21,1.07345E+16,4.89975E+16
91994,9.17092E+18,9,5,71,214,2017,9,16,3,3,2,6,0,1,0,0,0,0,0,6.16452E+20,5.43328E+21,1.05935E+16,4.90414E+16
91995,9.17092E+18,9,6,76,126,2017,9,17,3,3,2,6,0,1,0,0,0,0,0,5.11045E+20,5.52376E+21,9.15369E+15,4.98662E+16
91996,9.17092E+18,9,7,79,201,2017,9,16,6,2,5,3,0,1,0,0,1,0,0,6.44265E+20,5.39554E+21,1.09605E+16,4.86962E+16
91997,9.17092E+18,9,7,71,113,2017,9,18,6,3,5,2,0,1,0,0,0,0,0,6.57734E+20,5.36979E+21,1.11337E+16,4.84614E+16
91998,9.17092E+18,9,5,75,153,2017,9,14,1,2,4,7,1,0,0,0,0,0,0,6.1335E+20,5.49216E+21,1.05678E+16,4.95714E+16
91999,9.17092E+18,9,5,75,125,2017,9,10,1,2,5,3,0,1,0,1,0,0,0,6.26503E+20,5.49808E+21,1.07515E+16,4.9622E+16
92000,9.17092E+18,9,5,71,217,2017,9,1,1,3,9,1,0,1,0,0,0,2,1,6.18907E+20,5.46731E+21,1.06371E+16,4.93469E+16
92001,9.17092E+18,9,7,71,140,2017,9,23,6,3,6,4,0,1,1,0,0,2,0,6.53018E+20,5.37257E+21,1.1071E+16,4.84876E+16
92002,9.17092E+18,9,7,71,144,2017,9,7,6,3,5,3,1,1,0,0,0,0,0,6.58671E+20,5.37426E+21,1.1148E+16,4.85014E+16
92003,9.17092E+18,9,6,79,154,2017,9,16,6,3,2,6,0,1,0,0,1,0,0,5.60121E+20,5.51109E+21,9.83456E+15,4.97493E+16
92004,9.17092E+18,9,6,76,126,2017,9,15,3,2,2,6,0,1,0,1,1,0,0,5.10247E+20,5.52532E+21,9.14262E+15,4.98802E+16
92005,9.17092E+18,9,6,79,144,2017,9,16,6,3,1,6,0,1,0,0,0,0,0,5.51375E+20,5.51369E+21,9.71351E+15,4.97735E+16
92006,9.17092E+18,9,6,63,0,2017,9,16,6,3,5,2,1,1,0,0,0,0,0,5.66854E+20,5.5168E+21,9.92899E+15,4.98E+16
92007,9.17092E+18,9,1,88,139,2017,9,8,2,2,4,6,0,1,0,1,0,0,1,6.75927E+20,5.32173E+21,1.13596E+16,4.80246E+16
92008,9.17092E+18,9,6,77,125,2017,9,12,6,3,8,1,0,0,0,1,1,0,1,5.46659E+20,5.51723E+21,9.64844E+15,4.98057E+16
92009,9.17092E+18,9,1,81,130,2017,9,14,2,3,5,3,1,1,0,0,0,0,0,6.39595E+20,5.32321E+21,1.08731E+16,4.80469E+16
92010,9.17092E+18,9,6,62,0,2017,9,5,6,3,9,1,0,1,0,0,0,2,0,5.88216E+20,5.54194E+21,1.02315E+16,5.00233E+16
92011,9.17092E+18,9,6,74,147,2017,9,17,6,3,0,2,1,1,0,0,0,0,0,6.08686E+20,5.54324E+21,1.05176E+16,5.00315E+16
92012,9.17092E+18,9,1,79,123,2017,9,19,2,3,5,3,1,1,0,0,0,1,0,6.75604E+20,5.33337E+21,1.13601E+16,4.81294E+16
92013,9.17092E+18,9,6,74,180,2017,9,8,6,3,1,6,0,1,0,0,0,0,0,6.02923E+20,5.53984E+21,1.04362E+16,5.0002E+16
92014,9.17092E+18,9,1,87,159,2017,9,14,2,3,5,3,0,1,0,0,0,0,0,7.29497E+20,5.33033E+21,1.20818E+16,4.80849E+16
92015,9.17092E+18,9,6,78,134,2017,9,11,6,2,5,3,0,1,0,0,0,0,0,5.95671E+20,5.52834E+21,1.03322E+16,4.98998E+16
92016,9.17092E+18,9,1,73,118,2017,9,17,2,2,8,7,0,1,0,0,0,0,0,6.87695E+20,5.30581E+21,1.15103E+16,4.78782E+16
92017,9.17092E+18,9,6,62,0,2017,9,6,6,3,2,6,0,1,0,0,0,0,0,5.88721E+20,5.54435E+21,1.02391E+16,5.00449E+16
92018,9.17092E+18,9,6,78,174,2017,9,15,6,3,6,4,0,1,1,0,0,0,0,5.93505E+20,5.54488E+21,1.03061E+16,5.00489E+16
92019,9.17092E+18,9,6,71,155,2017,9,8,6,3,5,3,0,1,0,1,0,0,0,5.03677E+20,5.53705E+21,9.0513E+15,4.99858E+16
92020,9.17092E+18,9,5,62,0,2017,9,14,6,3,2,6,0,1,0,0,0,0,0,6.42339E+20,5.49162E+21,1.09683E+16,4.95604E+16
92021,9.17092E+18,9,5,74,123,2017,9,14,6,2,0,1,0,0,0,1,0,0,0,6.59789E+20,5.47325E+21,1.1202E+16,4.93909E+16
92022,9.17092E+18,9,4,75,175,2017,9,15,1,3,2,6,0,1,0,0,0,0,0,6.92601E+20,5.55826E+21,1.16957E+16,5.01452E+16
92023,9.17092E+18,9,4,75,181,2017,9,16,1,2,9,1,0,1,0,0,0,0,0,7.05767E+20,5.58731E+21,1.18956E+16,5.04018E+16
92024,9.17092E+18,9,7,61,0,2017,9,20,2,3,3,6,0,1,0,0,0,2,0,6.41119E+20,5.36384E+21,1.09071E+16,4.84119E+16
92025,9.17092E+18,9,4,77,128,2017,9,9,1,2,0,1,0,0,0,1,0,0,1,6.75133E+20,5.55208E+21,1.14487E+16,5.00951E+16
92026,9.17092E+18,9,1,75,115,2017,9,9,3,3,6,7,0,1,1,0,0,0,0,7.21329E+20,5.32902E+21,1.19716E+16,4.8076E+16
92027,9.17092E+18,9,1,61,0,2017,9,15,3,3,5,3,0,1,0,0,0,0,0,6.79562E+20,5.40504E+21,1.14439E+16,4.87724E+16
92028,9.17092E+18,9,1,71,117,2017,9,6,3,3,6,4,0,1,1,0,0,1,0,7.65841E+20,5.34081E+21,1.25754E+16,4.81649E+16
92029,9.17092E+18,9,2,61,0,2017,9,17,3,3,2,6,0,1,0,0,0,0,0,7.30044E+20,5.38087E+21,1.21167E+16,4.85387E+16
92030,9.17092E+18,9,3,77,132,2017,9,10,3,3,8,7,0,1,0,0,0,0,0,7.24125E+20,5.52554E+21,1.21172E+16,4.98403E+16
92031,9.17092E+18,9,5,76,151,2017,9,6,6,3,2,6,0,0,0,0,1,1,0,6.5546E+20,5.47204E+21,1.11419E+16,4.93812E+16
92032,9.17092E+18,9,1,71,112,2017,9,13,3,3,3,7,1,1,0,0,0,0,1,7.84155E+20,5.34146E+21,1.28216E+16,4.81628E+16
92033,9.17092E+18,9,2,61,0,2017,9,4,3,3,7,1,0,1,0,0,0,2,0,7.27663E+20,5.38045E+21,1.20842E+16,4.85358E+16
92034,9.17092E+18,9,3,74,162,2017,9,14,3,3,5,3,0,1,0,0,0,0,0,7.4246E+20,5.50169E+21,1.2357E+16,4.96191E+16
92035,9.17092E+18,9,5,72,133,2017,9,13,6,1,8,1,0,1,0,0,0,0,0,6.36832E+20,5.50056E+21,1.08953E+16,4.96421E+16
92036,9.17092E+18,9,5,62,0,2017,9,14,6,3,5,3,1,1,0,0,0,0,0,6.43902E+20,5.49378E+21,1.09907E+16,4.95795E+16
92037,9.17092E+18,9,5,62,0,2017,9,16,6,3,2,6,0,1,0,0,0,0,0,6.45856E+20,5.49342E+21,1.10176E+16,4.95758E+16
92038,9.17092E+18,9,5,72,131,2017,9,16,6,3,4,1,0,1,0,0,1,0,0,6.5693E+20,5.4888E+21,1.11688E+16,4.95314E+16
92039,9.17092E+18,9,4,71,115,2017,9,17,1,3,2,6,0,1,0,1,0,1,0,6.3266E+20,5.53865E+21,1.08506E+16,4.99854E+16
92040,9.17092E+18,9,5,65,0,2017,9,10,6,3,4,2,1,1,0,0,0,0,0,6.47998E+20,5.46552E+21,1.10367E+16,4.93245E+16
92041,9.17092E+18,9,5,65,0,2017,9,7,6,3,3,2,1,1,0,0,0,0,0,6.48916E+20,5.46593E+21,1.10495E+16,4.93279E+16
92042,9.17092E+18,9,5,76,151,2017,9,6,3,3,4,2,0,1,0,0,0,0,0,6.57745E+20,5.46909E+21,1.11722E+16,4.93541E+16
92043,9.17092E+18,9,5,63,0,2017,9,12,6,3,3,6,0,1,0,0,0,0,1,6.44544E+20,5.48275E+21,1.09955E+16,4.94802E+16
92044,9.17092E+18,9,5,63,0,2017,9,17,6,2,0,7,1,0,0,0,0,0,0,6.43825E+20,5.4873E+21,1.09872E+16,4.95213E+16
92045,9.17092E+18,9,5,63,0,2017,9,8,6,3,1,6,0,1,0,0,1,0,0,6.43922E+20,5.48144E+21,1.09864E+16,4.94685E+16
92046,9.17092E+18,9,1,79,136,2017,9,17,2,3,2,6,0,1,0,0,0,0,0,6.6171E+20,5.34144E+21,1.11765E+16,4.82056E+16
92047,9.17092E+18,9,5,63,0,2017,9,15,6,3,6,4,1,0,1,0,0,0,0,6.43247E+20,5.48302E+21,1.09777E+16,4.94829E+16
92048,9.17092E+18,9,5,64,0,2017,9,15,6,3,3,6,0,1,0,0,0,0,1,6.52524E+20,5.47756E+21,1.11036E+16,4.94316E+16
92049,9.17092E+18,9,1,86,152,2017,9,6,2,3,2,6,0,1,0,0,1,0,1,6.91504E+20,5.37377E+21,1.15919E+16,4.84878E+16
92050,9.17092E+18,9,5,64,0,2017,9,15,6,3,5,6,0,1,0,1,0,0,0,6.47705E+20,5.47411E+21,1.10359E+16,4.94018E+16
92051,9.17092E+18,9,5,64,0,2017,9,12,6,3,6,3,0,1,1,0,0,0,0,6.47846E+20,5.47996E+21,1.104E+16,4.94543E+16
92052,9.17092E+18,9,1,75,127,2017,9,7,2,3,3,6,0,1,0,0,0,0,0,7.13232E+20,5.34152E+21,1.18693E+16,4.81911E+16
92053,9.17092E+18,9,5,77,122,2017,9,17,6,3,1,6,0,1,0,0,0,0,0,6.31182E+20,5.43547E+21,1.07956E+16,4.90582E+16
92054,9.17092E+18,9,1,61,0,2017,9,16,2,3,5,3,0,1,0,0,0,0,0,6.79365E+20,5.40345E+21,1.14406E+16,4.87582E+16
92055,9.17092E+18,9,5,75,168,2017,9,10,6,3,2,6,0,1,0,0,1,0,0,5.86687E+20,5.48491E+21,1.01975E+16,4.95106E+16
92056,9.17092E+18,9,5,71,111,2017,9,6,6,3,8,7,0,1,0,0,0,1,0,5.79493E+20,5.47788E+21,1.00967E+16,4.94484E+16
92057,9.17092E+18,9,5,71,190,2017,9,16,6,3,5,3,0,1,1,0,0,0,0,6.27243E+20,5.46298E+21,1.07505E+16,4.93063E+16
92058,9.17092E+18,9,5,71,226,2017,9,16,6,3,5,6,0,1,0,0,1,0,0,6.34045E+20,5.45673E+21,1.08419E+16,4.92487E+16