OBJECTID,UIDENTSTLA,ULAND,UREGBEZ,UKREIS,UGEMEINDE,UJAHR,UMONAT,USTUNDE,UWOCHENTAG,UKATEGORIE,UART,UTYP1,IstRad,IstPKW,IstFuss,IstKrad,IstSonstig,LICHT,STRZUSTAND,LINREFX,LINREFY,XGCSWGS84,YGCSWGS84
92059,9.17092E+18,9,4,71,174,2017,9,14,1,2,9,1,0,1,0,0,0,0,0,6.34798E+20,5.54453E+21,1.08824E+16,5.00378E+16
92060,9.17092E+18,9,5,76,127,2017,9,19,2,3,2,6,0,1,0,0,1,1,0,6.63685E+20,5.45135E+21,1.12467E+16,4.91931E+16
92061,9.17092E+18,9,3,76,153,2017,9,0,1,2,9,7,0,0,0,1,0,2,0,7.32595E+20,5.48876E+21,1.2213E+16,4.95068E+16
92062,9.17092E+18,9,7,71,113,2017,9,14,2,3,5,3,0,1,0,0,0,0,0,6.58006E+20,5.3681E+21,1.11367E+16,4.84462E+16
92063,9.17092E+18,9,2,78,113,2017,9,17,1,3,2,2,0,1,0,1,0,0,0,7.65361E+20,5.41677E+21,1.26173E+16,4.88471E+16
92064,9.17092E+18,9,1,62,0,2017,9,8,2,3,1,5,1,1,0,0,0,0,0,6.94921E+20,5.33174E+21,1.16187E+16,4.81091E+16
92065,9.17092E+18,9,1,74,115,2017,9,11,3,2,0,1,1,0,0,0,0,0,0,6.81676E+20,5.34661E+21,1.14473E+16,4.82466E+16
92066,9.17092E+18,9,1,82,132,2017,9,12,3,2,5,3,1,1,0,0,0,0,1,7.06808E+20,5.28759E+21,1.1757E+16,4.77086E+16
92067,9.17092E+18,9,1,89,111,2017,9,13,3,3,1,6,0,1,0,1,0,0,1,7.63672E+20,5.32214E+21,1.25348E+16,4.79981E+16
92068,9.17092E+18,9,5,71,113,2017,9,5,6,3,0,7,0,1,0,0,1,2,1,6.18318E+20,5.44537E+21,1.06225E+16,4.91498E+16
92069,9.17092E+18,9,1,89,162,2017,9,16,2,2,4,6,0,1,0,0,0,0,0,7.78346E+20,5.31502E+21,1.27265E+16,4.7928E+16
92070,9.17092E+18,9,5,61,0,2017,9,7,6,3,2,6,0,1,0,0,1,0,0,6.1525E+20,5.46175E+21,1.05852E+16,4.92977E+16
92071,9.17092E+18,9,2,76,144,2017,9,6,2,3,1,6,0,1,0,0,0,1,1,7.85857E+20,5.44113E+21,1.29131E+16,4.90566E+16
92072,9.17092E+18,9,4,79,152,2017,9,9,6,3,3,6,0,1,0,0,1,0,0,7.22806E+20,5.5637E+21,1.21211E+16,5.01835E+16
92073,9.17092E+18,9,4,78,165,2017,9,5,6,3,8,1,0,1,0,0,0,2,1,6.44018E+20,5.55266E+21,1.10142E+16,5.01087E+16
92074,9.17092E+18,9,4,73,144,2017,9,9,6,2,5,3,0,1,0,0,1,0,0,6.36644E+20,5.57299E+21,1.09184E+16,5.02932E+16
92075,9.17092E+18,9,2,78,134,2017,9,19,1,3,0,1,0,0,0,1,0,0,0,7.67242E+20,5.43369E+21,1.26539E+16,4.89982E+16
92076,9.17092E+18,9,2,77,138,2017,9,15,1,2,9,1,0,1,0,0,0,0,1,7.90546E+20,5.37421E+21,1.29299E+16,4.84539E+16
92077,9.17092E+18,9,2,77,113,2017,9,11,1,3,2,6,0,1,0,0,0,0,0,7.98665E+20,5.37393E+21,1.30392E+16,4.84475E+16
92078,9.17092E+18,9,2,74,183,2017,9,11,1,2,0,7,1,0,0,0,0,0,0,7.4085E+20,5.36235E+21,1.22522E+16,4.83683E+16
92079,9.17092E+18,9,1,79,123,2017,9,17,3,2,0,2,1,1,0,0,0,0,0,6.76545E+20,5.33428E+21,1.13731E+16,4.81372E+16
92080,9.17092E+18,9,1,82,119,2017,9,10,3,3,2,6,0,1,0,0,0,0,1,7.09988E+20,5.29248E+21,1.18017E+16,4.77514E+16
92081,9.17092E+18,9,1,73,118,2017,9,15,3,3,1,2,0,1,0,0,0,0,0,6.89366E+20,5.30108E+21,1.15306E+16,4.78352E+16
92082,9.17092E+18,9,2,75,154,2017,9,6,3,3,0,6,0,1,0,0,0,1,0,8.14821E+20,5.39264E+21,1.32713E+16,4.86076E+16
92083,9.17092E+18,9,4,73,120,2017,9,17,6,3,0,1,1,0,0,0,0,0,0,6.41488E+20,5.5714E+21,1.09858E+16,5.02778E+16
92084,9.17092E+18,9,4,77,159,2017,9,15,6,3,2,6,0,1,0,0,0,0,0,6.81129E+20,5.55651E+21,1.15345E+16,5.01332E+16
92085,9.17092E+18,9,4,71,159,2017,9,13,6,2,2,6,0,1,0,0,0,0,0,6.38696E+20,5.53188E+21,1.09323E+16,4.99232E+16
92086,9.17092E+18,9,3,77,141,2017,9,13,6,3,4,2,0,1,0,0,0,0,0,7.3405E+20,5.5378E+21,1.22625E+16,4.99466E+16
92087,9.17092E+18,9,2,73,137,2017,9,13,1,3,8,1,0,1,0,0,0,0,0,7.13663E+20,5.42018E+21,1.19154E+16,4.88977E+16
92088,9.17092E+18,9,3,74,160,2017,9,6,6,3,2,6,0,1,0,0,0,1,0,7.34089E+20,5.50796E+21,1.22451E+16,4.96786E+16
92089,9.17092E+18,9,1,73,123,2017,9,19,1,3,9,1,0,1,0,0,0,1,1,6.7926E+20,5.30031E+21,1.13953E+16,4.78311E+16
92090,9.17092E+18,9,3,75,179,2017,9,14,6,3,2,6,0,1,0,0,1,0,0,7.31935E+20,5.42812E+21,1.21688E+16,4.89624E+16
92091,9.17092E+18,9,3,73,151,2017,9,8,6,3,2,2,0,1,0,1,0,0,0,6.98997E+20,5.45067E+21,1.17305E+16,4.91765E+16
92092,9.17092E+18,9,5,61,0,2017,9,17,3,3,2,6,0,1,0,0,1,0,0,6.16064E+20,5.45712E+21,1.0595E+16,4.92558E+16
92093,9.17092E+18,9,3,73,159,2017,9,18,6,2,4,6,0,1,0,0,0,0,0,6.78705E+20,5.45451E+21,1.1454E+16,4.92173E+16
92094,9.17092E+18,9,3,73,114,2017,9,11,6,3,8,1,0,1,0,0,0,0,0,6.71157E+20,5.45617E+21,1.13512E+16,4.92344E+16
92095,9.17092E+18,9,3,72,151,2017,9,18,6,3,5,3,0,1,0,0,0,0,0,7.81435E+20,5.46105E+21,1.28666E+16,4.92374E+16
92096,9.17092E+18,9,3,76,163,2017,9,7,6,3,2,6,0,1,0,0,0,0,0,7.28472E+20,5.47544E+21,1.21485E+16,4.93888E+16
92097,9.17092E+18,9,3,71,119,2017,9,6,6,2,5,3,0,1,0,1,0,2,0,6.9458E+20,5.49499E+21,1.16916E+16,4.95762E+16
92098,9.17092E+18,9,2,76,135,2017,9,13,6,2,4,2,0,0,0,1,1,0,0,7.78193E+20,5.44556E+21,1.28115E+16,4.90999E+16
92099,9.17092E+18,9,1,78,143,2017,9,6,2,2,5,3,0,1,0,1,0,0,1,7.21005E+20,5.37403E+21,1.19908E+16,4.84805E+16
92100,9.17092E+18,9,2,71,139,2017,9,11,6,3,0,3,1,1,0,0,0,0,0,7.82544E+20,5.40246E+21,1.28411E+16,4.87111E+16
92101,9.17092E+18,9,1,78,113,2017,9,8,2,3,4,3,0,1,0,0,0,0,0,6.91393E+20,5.36718E+21,1.15874E+16,4.84287E+16
92102,9.17092E+18,9,2,71,141,2017,9,7,6,3,5,3,0,1,0,0,0,0,0,7.93961E+20,5.39258E+21,1.29889E+16,4.86171E+16
92103,9.17092E+18,9,2,71,149,2017,9,16,6,3,5,3,1,1,0,0,0,0,0,8.07117E+20,5.40864E+21,1.31789E+16,4.87549E+16
92104,9.17092E+18,9,4,72,139,2017,9,20,2,3,9,1,0,1,0,0,0,2,1,6.98029E+20,5.55295E+21,1.17689E+16,5.00958E+16
92105,9.17092E+18,9,5,64,0,2017,9,17,3,3,5,2,1,0,0,0,1,0,0,6.5237E+20,5.48217E+21,1.11033E+16,4.9473E+16
92106,9.17092E+18,9,2,75,128,2017,9,13,6,3,5,3,0,1,0,0,0,0,0,8.29602E+20,5.40055E+21,1.34775E+16,4.86709E+16
92107,9.17092E+18,9,2,72,151,2017,9,13,6,3,2,6,0,1,0,0,0,0,0,8.37399E+20,5.40856E+21,1.35896E+16,4.87386E+16
92108,9.17092E+18,9,1,78,124,2017,9,6,2,3,4,3,0,1,0,0,0,2,0,7.05681E+20,5.36321E+21,1.17783E+16,4.83885E+16
92109,9.17092E+18,9,2,77,133,2017,9,12,6,3,2,6,0,1,0,0,1,0,0,7.67992E+20,5.36755E+21,1.26213E+16,4.84041E+16
92110,9.17092E+18,9,1,84,134,2017,9,2,1,3,4,2,0,1,0,0,0,2,1,6.93785E+20,5.32324E+21,1.15996E+16,4.8033E+16
92111,9.17092E+18,9,2,73,147,2017,9,23,6,3,8,1,0,1,0,0,0,2,0,7.07521E+20,5.38829E+21,1.18156E+16,4.86133E+16
92112,9.17092E+18,9,2,73,147,2017,9,15,6,3,2,6,0,1,0,0,0,0,0,7.04806E+20,5.39139E+21,1.17804E+16,4.8642E+16
92113,9.17092E+18,9,1,62,0,2017,9,4,1,2,7,1,1,0,0,0,0,2,0,6.86037E+20,5.33526E+21,1.1501E+16,4.81434E+16
92114,9.17092E+18,9,2,61,0,2017,9,13,6,3,7,7,1,0,0,0,1,0,0,7.34956E+20,5.38206E+21,1.21838E+16,4.85476E+16
92115,9.17092E+18,9,2,79,122,2017,9,13,6,3,2,2,0,1,0,1,0,0,0,7.73609E+20,5.39953E+21,1.2718E+16,4.86888E+16
92116,9.17092E+18,9,2,73,111,2017,9,5,6,3,5,3,0,1,0,0,0,2,0,7.13138E+20,5.41024E+21,1.19031E+16,4.88085E+16
92117,9.17092E+18,9,1,87,131,2017,9,6,2,3,8,1,0,1,0,0,0,2,1,7.37196E+20,5.28755E+21,1.21615E+16,4.76978E+16
92118,9.17092E+18,9,2,73,137,2017,9,15,6,2,5,3,0,1,0,1,0,0,0,7.12875E+20,5.42085E+21,1.1905E+16,4.8904E+16
92119,9.17092E+18,9,1,90,140,2017,9,10,6,3,5,3,0,1,0,0,0,0,0,6.46652E+20,5.30145E+21,1.09603E+16,4.78497E+16
92120,9.17092E+18,9,1,80,117,2017,9,9,6,3,2,6,0,1,0,0,1,0,0,6.59686E+20,5.26121E+21,1.11197E+16,4.74848E+16
92121,9.17092E+18,9,1,73,133,2017,9,18,6,2,5,3,0,1,0,1,0,0,0,6.76818E+20,5.27826E+21,1.13538E+16,4.76336E+16
92122,9.17092E+18,9,1,90,157,2017,9,8,1,2,6,4,0,0,1,0,1,0,1,6.60463E+20,5.30064E+21,1.11445E+16,4.7839E+16
92123,9.17092E+18,9,1,80,125,2017,9,17,1,3,0,1,0,0,0,1,0,0,1,6.55995E+20,5.27246E+21,1.10747E+16,4.75867E+16
92124,9.17092E+18,9,1,71,137,2017,9,3,1,2,8,1,0,1,0,0,0,2,0,7.75649E+20,5.35254E+21,1.27147E+16,4.8266E+16
92125,9.17092E+18,9,7,79,148,2017,9,19,2,3,9,1,0,1,0,0,0,0,0,6.30369E+20,5.40812E+21,1.07758E+16,4.88124E+16
92126,9.17092E+18,9,1,89,157,2017,9,3,1,2,6,4,0,1,1,0,0,2,0,7.65684E+20,5.32778E+21,1.25652E+16,4.80479E+16
92127,9.17092E+18,9,1,75,118,2017,9,16,3,3,2,6,0,1,0,0,1,0,0,7.16127E+20,5.3404E+21,1.19076E+16,4.818E+16
92128,9.17092E+18,9,1,61,0,2017,9,13,3,3,0,1,1,0,0,0,0,0,0,6.77419E+20,5.4047E+21,1.14147E+16,4.877E+16
92129,9.17092E+18,9,1,89,134,2017,9,14,3,3,2,6,0,1,0,0,0,0,1,7.6939E+20,5.32419E+21,1.26126E+16,4.80141E+16
92130,9.17092E+18,9,2,61,0,2017,9,16,3,3,6,4,0,1,1,0,0,0,0,7.33729E+20,5.38138E+21,1.21668E+16,4.85419E+16
92131,9.17092E+18,9,1,73,111,2017,9,12,6,3,5,3,0,1,0,0,1,0,0,6.83722E+20,5.29024E+21,1.14507E+16,4.77393E+16
92132,9.17092E+18,9,1,89,149,2017,9,12,1,3,8,7,0,1,0,0,0,0,0,7.58222E+20,5.33462E+21,1.24694E+16,4.81124E+16
92133,9.17092E+18,9,1,83,143,2017,9,13,1,2,8,1,0,0,0,1,0,0,0,7.5123E+20,5.3614E+21,1.23915E+16,4.83558E+16
92134,9.17092E+18,9,1,89,119,2017,9,0,6,3,2,6,0,1,0,0,0,2,0,7.63719E+20,5.30341E+21,1.2524E+16,4.78299E+16
92135,9.17092E+18,9,1,89,113,2017,9,20,6,3,2,6,0,1,0,0,0,2,0,7.69444E+20,5.30349E+21,1.26004E+16,4.78282E+16
92136,9.17092E+18,9,1,89,113,2017,9,20,6,3,2,6,0,1,0,0,0,2,0,7.69394E+20,5.30348E+21,1.25997E+16,4.78282E+16
92137,9.17092E+18,9,1,72,134,2017,9,12,6,3,5,6,0,1,0,0,0,0,0,7.85923E+20,5.304E+21,1.28204E+16,4.78257E+16
92138,9.17092E+18,9,5,72,139,2017,9,21,3,2,5,3,1,1,0,0,0,2,0,6.27221E+20,5.50607E+21,1.0764E+16,4.96937E+16
92139,9.17092E+18,9,1,72,112,2017,9,12,6,3,2,6,0,1,0,0,0,0,0,7.86844E+20,5.3029E+21,1.2832E+16,4.78155E+16
92140,9.17092E+18,9,1,83,120,2017,9,15,6,3,3,6,0,1,0,0,1,0,0,7.49981E+20,5.34934E+21,1.23675E+16,4.8248E+16
92141,9.17092E+18,9,1,83,148,2017,9,9,6,2,4,6,0,1,0,0,0,0,0,7.55041E+20,5.34345E+21,1.2432E+16,4.8193E+16
92142,9.17092E+18,9,1,72,111,2017,9,7,6,3,2,6,0,1,0,0,0,0,0,7.95342E+20,5.30315E+21,1.29454E+16,4.78139E+16
92143,9.17092E+18,9,1,71,135,2017,9,13,6,3,2,6,0,1,0,0,1,0,0,7.68591E+20,5.33997E+21,1.26118E+16,4.81562E+16
92144,9.17092E+18,9,1,84,135,2017,9,12,1,3,4,2,0,1,0,0,0,0,0,6.92575E+20,5.34903E+21,1.1595E+16,4.82652E+16
92145,9.17092E+18,9,1,87,159,2017,9,13,6,3,1,6,0,1,0,0,0,0,0,7.30224E+20,5.32996E+21,1.20913E+16,4.80813E+16
92146,9.17092E+18,9,1,87,162,2017,9,12,6,3,2,6,0,1,0,0,0,0,0,7.50848E+20,5.30365E+21,1.23524E+16,4.78372E+16
92147,9.17092E+18,9,1,87,164,2017,9,14,1,3,5,3,0,1,0,0,0,0,0,7.33879E+20,5.323E+21,1.21365E+16,4.80175E+16
92148,9.17092E+18,9,1,82,127,2017,9,6,6,3,0,1,1,0,0,0,0,0,0,6.99858E+20,5.30958E+21,1.16746E+16,4.79084E+16
92149,9.17092E+18,9,1,87,129,2017,9,18,6,2,0,6,0,1,0,1,1,1,0,7.22298E+20,5.29836E+21,1.19687E+16,4.78002E+16
92150,9.17092E+18,9,1,87,167,2017,9,13,1,3,8,1,0,1,0,0,0,0,1,7.40105E+20,5.30316E+21,1.22088E+16,4.78369E+16
92151,9.17092E+18,9,1,87,165,2017,9,14,6,3,0,1,1,0,0,0,0,0,0,7.33611E+20,5.29819E+21,1.21195E+16,4.77946E+16
92152,9.17092E+18,9,1,82,131,2017,9,3,1,3,9,1,0,1,0,0,0,2,1,7.16891E+20,5.28531E+21,1.18901E+16,4.76848E+16
92153,9.17092E+18,9,1,87,179,2017,9,17,6,3,4,2,0,1,0,0,0,0,0,7.20707E+20,5.31791E+21,1.19575E+16,4.79764E+16
92154,9.17092E+18,9,1,87,179,2017,9,10,6,3,5,3,0,1,0,0,0,0,0,7.2471E+20,5.31293E+21,1.20085E+16,4.79302E+16
92155,9.17092E+18,9,1,76,143,2017,9,16,6,3,3,6,0,1,0,0,0,0,0,6.81048E+20,5.40956E+21,1.14661E+16,4.88127E+16
92156,9.17092E+18,9,6,71,156,2017,9,9,3,3,5,3,0,1,0,0,0,0,0,5.24523E+20,5.53186E+21,9.34174E+15,4.99386E+16
92157,9.17092E+18,9,1,86,143,2017,9,14,6,3,6,7,0,1,1,0,0,0,0,6.85542E+20,5.37889E+21,1.15135E+16,4.85356E+16
92158,9.17092E+18,9,1,85,153,2017,9,14,6,3,4,6,0,1,0,1,0,0,0,6.49099E+20,5.40117E+21,1.10282E+16,4.87456E+16
92159,9.17092E+18,9,1,76,126,2017,9,16,6,3,0,1,1,0,0,0,0,0,0,6.74191E+20,5.40798E+21,1.13722E+16,4.88004E+16
92160,9.17092E+18,9,1,61,0,2017,9,16,6,3,3,2,1,1,0,0,0,0,0,6.7926E+20,5.4043E+21,1.14395E+16,4.87658E+16
92161,9.17092E+18,9,1,84,113,2017,9,17,1,3,0,1,0,0,0,1,0,0,1,6.83799E+20,5.31744E+21,1.14633E+16,4.79838E+16
92162,9.17092E+18,9,1,76,118,2017,9,5,6,3,9,1,0,1,0,0,0,2,0,6.67559E+20,5.40977E+21,1.12826E+16,4.88183E+16
92163,9.17092E+18,9,1,74,146,2017,9,11,6,3,9,1,0,1,0,0,1,0,0,6.65517E+20,5.35149E+21,1.12317E+16,4.82949E+16
92164,9.17092E+18,9,7,78,151,2017,9,15,1,3,2,6,0,1,0,0,0,0,0,5.9282E+20,5.31797E+21,1.02445E+16,4.80083E+16
92165,9.17092E+18,9,1,62,0,2017,9,7,6,3,3,6,0,1,0,0,1,0,0,6.8363E+20,5.34256E+21,1.14718E+16,4.82097E+16
92166,9.17092E+18,9,1,88,117,2017,9,12,6,3,5,3,0,1,0,1,0,0,0,6.62485E+20,5.31435E+21,1.11767E+16,4.79618E+16
92167,9.17092E+18,9,7,74,144,2017,9,21,1,3,3,6,0,1,0,0,0,2,1,6.13737E+20,5.36204E+21,1.05367E+16,4.84012E+16
92168,9.17092E+18,9,1,79,121,2017,9,21,6,3,5,3,0,1,0,0,0,2,0,6.65516E+20,5.3386E+21,1.12266E+16,4.8179E+16
92169,9.17092E+18,9,1,79,136,2017,9,10,6,2,5,3,0,1,0,1,0,0,0,6.60181E+20,5.34138E+21,1.1156E+16,4.82054E+16
92170,9.17092E+18,9,1,74,118,2017,9,22,6,3,4,6,0,1,0,1,0,2,0,6.70626E+20,5.35599E+21,1.13023E+16,4.83341E+16
92171,9.17092E+18,9,1,82,120,2017,9,14,1,2,2,6,0,1,0,0,0,0,0,7.03285E+20,5.30521E+21,1.17183E+16,4.7868E+16
92172,9.17092E+18,9,5,64,0,2017,9,6,2,3,1,6,0,1,0,0,1,1,0,6.50463E+20,5.46727E+21,1.10713E+16,4.93396E+16
92173,9.17092E+18,9,1,88,141,2017,9,11,1,3,0,1,1,0,0,0,0,0,1,6.70338E+20,5.30856E+21,1.12795E+16,4.79077E+16
92174,9.17092E+18,9,7,72,202,2017,9,16,2,3,5,3,1,1,0,0,0,0,0,6.36474E+20,5.35799E+21,1.08424E+16,4.83603E+16
92175,9.17092E+18,9,1,74,113,2017,9,11,1,3,5,3,0,1,0,0,0,0,0,6.78981E+20,5.34277E+21,1.14094E+16,4.82129E+16
92176,9.17092E+18,9,1,62,0,2017,9,6,2,3,5,3,1,1,0,0,0,0,0,6.8866E+20,5.33675E+21,1.15368E+16,4.8156E+16
92177,9.17092E+18,9,1,81,121,2017,9,16,3,3,3,6,0,1,0,0,1,0,1,6.34848E+20,5.3112E+21,1.08057E+16,4.79399E+16
92178,9.17092E+18,9,1,82,123,2017,9,10,3,3,2,6,0,1,0,0,0,0,1,7.1891E+20,5.30081E+21,1.19248E+16,4.78234E+16
92179,9.17092E+18,9,2,79,125,2017,9,13,3,3,8,1,0,1,0,0,0,0,0,7.6378E+20,5.39632E+21,1.25827E+16,4.86642E+16
92180,9.17092E+18,9,2,71,125,2017,9,7,3,3,4,2,0,1,0,0,0,0,0,7.97068E+20,5.40994E+21,1.30435E+16,4.87715E+16
92181,9.17092E+18,9,1,74,115,2017,9,7,6,2,1,6,0,1,0,1,0,0,0,6.81298E+20,5.34708E+21,1.14424E+16,4.82509E+16
92182,9.17092E+18,9,1,86,152,2017,9,13,6,3,2,6,0,1,0,1,0,0,0,6.91236E+20,5.37307E+21,1.15879E+16,4.84816E+16
92183,9.17092E+18,9,1,84,112,2017,9,16,1,3,2,6,0,1,0,0,0,0,0,7.00544E+20,5.34117E+21,1.16986E+16,4.81921E+16
92184,9.17092E+18,9,1,75,132,2017,9,16,6,3,5,2,0,1,0,1,0,0,0,7.06278E+20,5.33169E+21,1.1771E+16,4.8105E+16
92185,9.17092E+18,9,1,84,114,2017,9,11,1,3,2,6,0,1,0,0,0,0,0,6.99519E+20,5.32388E+21,1.16767E+16,4.8037E+16
92186,9.17092E+18,9,1,78,120,2017,9,17,6,3,4,6,1,1,0,0,0,0,0,6.94745E+20,5.35279E+21,1.1626E+16,4.82983E+16
92187,9.17092E+18,9,1,75,122,2017,9,9,6,3,2,2,0,1,0,0,1,0,0,7.19177E+20,5.32538E+21,1.19409E+16,4.80441E+16
92188,9.17092E+18,9,1,62,0,2017,9,16,5,3,2,5,0,1,0,0,0,0,0,6.92476E+20,5.33922E+21,1.15892E+16,4.81771E+16
92189,9.17092E+18,9,1,62,0,2017,9,20,5,3,1,6,0,1,0,0,0,2,0,6.89499E+20,5.33903E+21,1.15491E+16,4.81763E+16
92190,9.17092E+18,9,5,64,0,2017,9,10,3,2,0,6,0,1,0,0,0,0,0,6.46691E+20,5.47595E+21,1.10226E+16,4.94185E+16
92191,9.17092E+18,9,1,84,119,2017,9,17,5,3,2,6,0,1,0,0,0,0,0,6.96503E+20,5.34686E+21,1.16469E+16,4.82445E+16
92192,9.17092E+18,9,1,62,0,2017,9,7,5,3,2,6,0,1,0,1,0,0,0,6.93949E+20,5.34011E+21,1.16094E+16,4.81846E+16
92193,9.17092E+18,9,1,62,0,2017,9,11,5,3,5,2,0,1,0,1,0,0,0,6.92247E+20,5.33115E+21,1.15825E+16,4.81046E+16
92194,9.17092E+18,9,7,75,143,2017,9,18,5,3,5,2,1,1,0,0,0,0,0,5.87702E+20,5.3567E+21,1.01839E+16,4.83574E+16
92195,9.17092E+18,9,7,75,164,2017,9,18,5,3,5,3,1,1,0,0,0,0,0,5.86082E+20,5.35E+21,1.01607E+16,4.82973E+16
92196,9.17092E+18,9,7,64,0,2017,9,12,1,2,4,2,0,1,0,0,0,0,0,5.85396E+20,5.31924E+21,1.01453E+16,4.80208E+16
92197,9.17092E+18,9,7,80,146,2017,9,18,5,3,0,6,0,0,0,1,1,0,0,5.90567E+20,5.28631E+21,1.02077E+16,4.77238E+16
92198,9.17092E+18,9,7,62,0,2017,9,17,5,3,4,2,1,1,0,0,0,0,0,6.21605E+20,5.30439E+21,1.06265E+16,4.78814E+16
92199,9.17092E+18,9,7,78,186,2017,9,17,1,2,4,2,0,1,0,0,0,0,0,5.97988E+20,5.3113E+21,1.03123E+16,4.79475E+16
92200,9.17092E+18,9,7,80,137,2017,9,17,5,2,8,1,0,1,0,0,0,0,0,5.95523E+20,5.27013E+21,1.02702E+16,4.75776E+16
92201,9.17092E+18,9,7,77,166,2017,9,17,5,3,8,1,0,1,0,0,0,0,0,6.29307E+20,5.28146E+21,1.07226E+16,4.76736E+16
92202,9.17092E+18,9,4,77,139,2017,9,5,2,2,9,7,0,0,0,0,1,2,1,6.89868E+20,5.55057E+21,1.16537E+16,5.0077E+16
92203,9.17092E+18,9,1,62,0,2017,9,12,7,3,3,6,0,1,0,0,0,0,1,6.88609E+20,5.33563E+21,1.15357E+16,4.81459E+16
92204,9.17092E+18,9,5,76,141,2017,9,7,2,2,4,1,0,1,0,0,1,0,1,6.48697E+20,5.44411E+21,1.10384E+16,4.91319E+16
92205,9.17092E+18,9,1,62,0,2017,9,11,7,3,2,6,0,1,0,0,0,0,1,6.88537E+20,5.32862E+21,1.15316E+16,4.80829E+16
92206,9.17092E+18,9,6,77,155,2017,9,10,2,3,0,1,1,0,0,0,0,0,1,5.4137E+20,5.53788E+21,9.57716E+15,4.99918E+16
92207,9.17092E+18,9,7,77,158,2017,9,5,2,2,9,1,0,1,0,0,0,2,1,6.20005E+20,5.30765E+21,1.0606E+16,4.79109E+16
92208,9.17092E+18,9,1,84,123,2017,9,15,3,2,9,7,0,1,0,0,1,0,0,7.05197E+20,5.33263E+21,1.1757E+16,4.81138E+16
92209,9.17092E+18,9,7,73,125,2017,9,14,5,3,5,2,0,1,0,0,0,0,0,6.09754E+20,5.38181E+21,1.04881E+16,4.85798E+16
92210,9.17092E+18,9,1,62,0,2017,9,9,7,3,2,6,0,1,0,0,0,0,1,6.87815E+20,5.33359E+21,1.15241E+16,4.81278E+16
92211,9.17092E+18,9,1,84,114,2017,9,7,7,3,8,6,0,1,0,0,0,0,1,7.00988E+20,5.32285E+21,1.16959E+16,4.80273E+16
92212,9.17092E+18,9,6,77,154,2017,9,13,2,3,4,6,0,1,0,0,0,0,0,5.43248E+20,5.51727E+21,9.60105E+15,4.98063E+16
92213,9.17092E+18,9,1,62,0,2017,9,19,7,3,6,3,0,1,1,0,0,2,0,7.01335E+20,5.33233E+21,1.1705E+16,4.81124E+16
92214,9.17092E+18,9,7,75,164,2017,9,18,2,3,5,1,1,1,0,0,0,0,0,5.85548E+20,5.35117E+21,1.01537E+16,4.83079E+16
92215,9.17092E+18,9,1,62,0,2017,9,19,7,1,2,6,0,1,0,0,0,1,0,7.0129E+20,5.33233E+21,1.17044E+16,4.81124E+16
92216,9.17092E+18,9,1,84,147,2017,9,14,3,3,1,6,0,1,0,0,0,0,0,7.0008E+20,5.34129E+21,1.16924E+16,4.81933E+16
92217,9.17092E+18,9,1,61,0,2017,9,13,3,3,5,2,1,0,0,0,0,0,0,6.7707E+20,5.4045E+21,1.14098E+16,4.87683E+16
92218,9.17092E+18,9,1,89,145,2017,9,16,3,1,9,1,0,1,0,0,0,0,1,7.7783E+20,5.3006E+21,1.27103E+16,4.77987E+16
92219,9.17092E+18,9,7,75,135,2017,9,17,7,3,5,3,1,1,0,0,0,0,0,5.75617E+20,5.35956E+21,1.00213E+16,4.83847E+16
92220,9.17092E+18,9,7,72,147,2017,9,16,5,3,2,6,0,1,0,0,1,0,0,6.3968E+20,5.36407E+21,1.08877E+16,4.84143E+16
92221,9.17092E+18,9,7,72,223,2017,9,16,5,3,2,6,0,0,0,0,1,0,0,6.15367E+20,5.36228E+21,1.05588E+16,4.84031E+16
92222,9.17092E+18,9,7,72,223,2017,9,12,5,3,3,6,0,0,0,0,1,0,0,6.15654E+20,5.36246E+21,1.05627E+16,4.84047E+16
92223,9.17092E+18,9,7,72,223,2017,9,18,5,3,2,6,0,1,0,0,0,0,0,6.20345E+20,5.36314E+21,1.06263E+16,4.84099E+16
92224,9.17092E+18,9,7,61,0,2017,9,13,5,3,3,2,1,0,0,0,1,0,0,6.41308E+20,5.35586E+21,1.09069E+16,4.83401E+16
92225,9.17092E+18,9,7,72,111,2017,9,16,5,3,1,6,0,1,0,1,0,0,0,6.26677E+20,5.36503E+21,1.07123E+16,4.84257E+16
92226,9.17092E+18,9,6,71,155,2017,9,8,3,3,2,6,0,1,0,0,1,0,0,5.0344E+20,5.53395E+21,9.04796E+15,4.99579E+16
92227,9.17092E+18,9,7,71,145,2017,9,17,5,3,1,6,0,1,0,0,0,0,0,6.483E+20,5.34511E+21,1.09975E+16,4.82418E+16
92228,9.17092E+18,9,7,61,0,2017,9,19,5,3,4,2,0,0,0,1,1,2,0,6.42844E+20,5.35992E+21,1.0929E+16,4.83763E+16
92229,9.17092E+18,9,6,79,144,2017,9,9,5,3,5,3,0,1,0,0,0,0,0,5.51223E+20,5.51249E+21,9.71124E+15,4.97627E+16
92230,9.17092E+18,9,6,79,175,2017,9,19,5,2,5,3,0,1,0,0,0,0,0,5.71341E+20,5.51006E+21,9.9901E+15,4.97388E+16