OBJECTID,UIDENTSTLA,ULAND,UREGBEZ,UKREIS,UGEMEINDE,UJAHR,UMONAT,USTUNDE,UWOCHENTAG,UKATEGORIE,UART,UTYP1,IstRad,IstPKW,IstFuss,IstKrad,IstSonstig,LICHT,STRZUSTAND,LINREFX,LINREFY,XGCSWGS84,YGCSWGS84
92404,9.17092E+18,9,5,62,0,2017,9,18,4,3,2,6,1,1,0,0,0,0,0,6.43206E+20,5.49627E+21,1.0982E+16,4.9602E+16
92405,9.17092E+18,9,5,62,0,2017,9,16,4,3,0,3,0,1,0,0,1,0,0,6.4243E+20,5.49452E+21,1.09706E+16,4.95865E+16
92406,9.17092E+18,9,1,82,120,2017,9,9,2,3,8,7,0,0,0,1,0,0,0,7.00423E+20,5.30281E+21,1.1679E+16,4.78474E+16
92407,9.17092E+18,9,1,83,128,2017,9,13,2,3,4,2,0,1,0,0,0,0,1,7.62546E+20,5.3487E+21,1.25361E+16,4.82371E+16
92408,9.17092E+18,9,5,65,0,2017,9,4,4,2,0,7,0,0,0,1,0,2,0,6.45997E+20,5.46988E+21,1.10108E+16,4.93642E+16
92409,9.17092E+18,9,3,61,0,2017,9,12,2,3,1,6,0,1,0,0,0,0,1,7.06967E+20,5.48057E+21,1.18552E+16,4.94425E+16
92410,9.17092E+18,9,5,63,0,2017,9,13,4,3,4,2,1,0,0,0,0,0,0,6.4521E+20,5.48145E+21,1.10042E+16,4.94683E+16
92411,9.17092E+18,9,4,77,128,2017,9,13,2,3,2,6,0,1,0,0,0,0,0,6.7753E+20,5.55409E+21,1.14831E+16,5.01125E+16
92412,9.17092E+18,9,5,63,0,2017,9,5,4,2,1,7,0,1,0,1,0,2,0,6.44267E+20,5.48385E+21,1.09921E+16,4.94901E+16
92413,9.17092E+18,9,5,64,0,2017,9,15,2,3,2,6,0,1,0,0,0,0,0,6.5097E+20,5.48172E+21,1.10838E+16,4.94694E+16
92414,9.17092E+18,9,5,64,0,2017,9,7,4,3,5,2,0,1,0,0,0,0,0,6.56143E+20,5.47596E+21,1.11528E+16,4.94162E+16
92415,9.17092E+18,9,6,75,113,2017,9,9,2,3,4,6,0,1,0,0,0,0,1,5.76427E+20,5.51402E+21,1.00615E+16,4.97737E+16
92416,9.17092E+18,9,5,64,0,2017,9,21,4,3,5,3,0,1,0,0,0,2,0,6.46709E+20,5.48069E+21,1.10246E+16,4.94611E+16
92417,9.17092E+18,9,5,62,0,2017,9,13,7,2,4,6,0,1,0,0,1,0,0,6.42717E+20,5.49455E+21,1.09746E+16,4.95866E+16
92418,9.17092E+18,9,1,90,132,2017,9,7,3,3,5,3,0,1,0,0,1,0,0,6.75307E+20,5.29374E+21,1.13399E+16,4.77732E+16
92419,9.17092E+18,9,2,71,125,2017,9,18,3,3,0,1,0,0,0,1,0,0,0,7.99483E+20,5.40927E+21,1.30758E+16,4.87643E+16
92420,9.17092E+18,9,5,75,181,2017,9,22,4,3,5,3,0,1,0,0,0,2,0,6.25125E+20,5.49305E+21,1.07308E+16,4.95771E+16
92421,9.17092E+18,9,4,76,183,2017,9,17,4,3,1,6,0,1,0,0,0,0,1,6.70457E+20,5.56919E+21,1.1391E+16,5.02503E+16
92422,9.17092E+18,9,4,72,119,2017,9,18,4,3,2,1,0,0,0,0,1,0,1,6.87403E+20,5.54089E+21,1.16146E+16,4.99909E+16
92423,9.17092E+18,9,4,71,159,2017,9,16,4,3,9,1,0,1,0,0,0,0,0,6.40934E+20,5.53421E+21,1.09643E+16,4.99436E+16
92424,9.17092E+18,9,5,65,0,2017,9,16,7,3,5,3,0,1,0,0,0,0,0,6.51224E+20,5.4665E+21,1.10815E+16,4.93325E+16
92425,9.17092E+18,9,3,75,190,2017,9,7,4,3,2,6,0,1,0,0,0,1,0,7.26564E+20,5.44514E+21,1.21051E+16,4.91173E+16
92426,9.17092E+18,9,3,75,179,2017,9,15,4,3,0,6,0,0,0,0,1,0,0,7.32266E+20,5.42899E+21,1.21738E+16,4.89701E+16
92427,9.17092E+18,9,5,77,159,2017,9,12,7,2,2,2,0,1,0,0,1,0,0,6.36882E+20,5.44177E+21,1.08758E+16,4.91135E+16
92428,9.17092E+18,9,3,73,146,2017,9,18,4,3,0,1,0,0,0,1,0,0,0,6.77507E+20,5.44822E+21,1.14348E+16,4.91611E+16
92429,9.17092E+18,9,3,73,113,2017,9,11,4,3,5,6,0,1,0,0,1,0,0,6.74994E+20,5.47134E+21,1.14105E+16,4.93696E+16
92430,9.17092E+18,9,3,61,0,2017,9,7,4,3,1,6,0,1,0,0,0,0,0,7.06556E+20,5.48258E+21,1.18506E+16,4.94607E+16
92431,9.17092E+18,9,2,76,115,2017,9,15,4,3,8,1,0,1,0,0,0,0,1,8.04073E+20,5.45009E+21,1.31685E+16,4.91283E+16
92432,9.17092E+18,9,2,77,139,2017,9,7,4,2,2,6,0,1,0,0,0,0,0,7.86721E+20,5.37266E+21,1.28772E+16,4.84417E+16
92433,9.17092E+18,9,2,62,0,2017,9,17,4,3,2,6,0,1,0,0,0,0,1,8.29184E+20,5.38962E+21,1.34631E+16,4.8573E+16
92434,9.17092E+18,9,2,75,141,2017,9,16,4,2,4,6,0,1,0,0,1,0,0,8.1869E+20,5.36904E+21,1.33056E+16,4.83939E+16
92435,9.17092E+18,9,4,77,138,2017,9,12,7,3,5,3,0,1,0,0,0,0,0,6.90976E+20,5.55758E+21,1.16727E+16,5.01397E+16
92436,9.17092E+18,9,2,74,132,2017,9,16,4,3,4,6,0,1,0,0,1,0,0,7.25711E+20,5.38621E+21,1.20609E+16,4.85883E+16
92437,9.17092E+18,9,1,90,157,2017,9,18,4,3,0,4,0,1,1,1,0,0,0,6.60183E+20,5.30098E+21,1.11409E+16,4.78422E+16
92438,9.17092E+18,9,1,73,133,2017,9,9,4,3,9,1,1,0,0,0,0,0,0,6.77408E+20,5.28001E+21,1.13624E+16,4.76492E+16
92439,9.17092E+18,9,1,71,125,2017,9,16,4,2,8,1,0,1,0,0,0,0,1,7.78563E+20,5.35067E+21,1.27526E+16,4.82479E+16
92440,9.17092E+18,9,1,89,126,2017,9,18,4,3,8,1,0,1,0,0,0,0,0,7.6101E+20,5.32619E+21,1.25016E+16,4.80356E+16
92441,9.17092E+18,9,1,83,128,2017,9,17,4,3,3,2,1,1,0,0,0,0,0,7.61688E+20,5.35034E+21,1.25256E+16,4.82522E+16
92442,9.17092E+18,9,1,72,117,2017,9,9,4,3,5,3,1,1,0,0,0,0,1,7.97634E+20,5.28495E+21,1.29635E+16,4.76495E+16
92443,9.17092E+18,9,1,71,111,2017,9,16,4,3,2,6,0,1,0,0,0,0,1,7.73965E+20,5.34847E+21,1.26894E+16,4.82302E+16
92444,9.17092E+18,9,1,71,111,2017,9,17,4,3,0,1,0,0,0,1,0,0,1,7.743E+20,5.34757E+21,1.26933E+16,4.8222E+16
92445,9.17092E+18,9,7,72,160,2017,9,12,1,3,0,6,1,0,0,0,0,0,0,6.35788E+20,5.34022E+21,1.08275E+16,4.82007E+16
92446,9.17092E+18,9,1,71,133,2017,9,13,4,3,5,3,0,1,0,0,0,0,1,7.66261E+20,5.34338E+21,1.25827E+16,4.81878E+16
92447,9.17092E+18,9,1,87,169,2017,9,16,4,3,0,6,0,0,0,1,0,0,0,7.36123E+20,5.30235E+21,1.21552E+16,4.78312E+16
92448,9.17092E+18,9,1,87,169,2017,9,11,2,3,2,6,0,1,0,0,0,0,1,7.37086E+20,5.29929E+21,1.21664E+16,4.78032E+16
92449,9.17092E+18,9,1,87,114,2017,9,9,4,3,2,6,0,1,0,0,0,0,1,7.49044E+20,5.29701E+21,1.23245E+16,4.77783E+16
92450,9.17092E+18,9,2,61,0,2017,9,12,2,3,4,2,1,1,0,0,0,0,0,7.32972E+20,5.38115E+21,1.21564E+16,4.85402E+16
92451,9.17092E+18,9,1,82,116,2017,9,14,4,2,5,3,0,1,0,0,0,0,1,7.04148E+20,5.29163E+21,1.17235E+16,4.77457E+16
92452,9.17092E+18,9,3,72,137,2017,9,15,2,3,8,1,0,1,0,0,0,0,1,7.83136E+20,5.45136E+21,1.28831E+16,4.91497E+16
92453,9.17092E+18,9,1,86,162,2017,9,17,4,3,1,6,0,0,0,0,1,0,0,6.91245E+20,5.38357E+21,1.15929E+16,4.8576E+16
92454,9.17092E+18,9,5,75,127,2017,9,17,2,3,5,3,0,1,0,0,0,0,0,5.86068E+20,5.49184E+21,1.01904E+16,4.9573E+16
92455,9.17092E+18,9,1,61,0,2017,9,15,4,3,0,1,0,0,0,1,0,0,0,6.77605E+20,5.40039E+21,1.14153E+16,4.87312E+16
92456,9.17092E+18,9,1,86,152,2017,9,16,4,3,5,3,0,1,0,0,0,0,0,6.90917E+20,5.37598E+21,1.15849E+16,4.85079E+16
92457,9.17092E+18,9,1,88,139,2017,9,18,4,2,0,7,1,0,0,0,0,0,0,6.74446E+20,5.31858E+21,1.13385E+16,4.79967E+16
92458,9.17092E+18,9,1,88,117,2017,9,14,4,2,5,3,0,1,0,0,0,0,1,6.65951E+20,5.31598E+21,1.12237E+16,4.79756E+16
92459,9.17092E+18,9,4,77,128,2017,9,4,7,2,9,1,0,1,0,0,0,2,0,6.7851E+20,5.55417E+21,1.14968E+16,5.01129E+16
92460,9.17092E+18,9,4,62,0,2017,9,9,7,3,5,3,0,1,0,0,0,0,0,6.86771E+20,5.53714E+21,1.16039E+16,4.99574E+16
92461,9.17092E+18,9,1,76,129,2017,9,6,3,3,5,3,1,1,0,0,0,0,0,6.83374E+20,5.40552E+21,1.1496E+16,4.87756E+16
92462,9.17092E+18,9,1,83,128,2017,9,12,3,3,5,3,0,1,0,0,0,0,0,7.57963E+20,5.34979E+21,1.24751E+16,4.82487E+16
92463,9.17092E+18,9,2,74,194,2017,9,16,3,3,1,7,0,1,0,0,0,0,0,7.21134E+20,5.37842E+21,1.19948E+16,4.85199E+16
92464,9.17092E+18,9,4,73,158,2017,9,13,3,1,4,6,0,0,0,1,1,0,0,6.29241E+20,5.57673E+21,1.08158E+16,5.03285E+16
92465,9.17092E+18,9,2,74,183,2017,9,8,3,3,5,3,0,1,0,0,0,0,0,7.44796E+20,5.36407E+21,1.23064E+16,4.83822E+16
92466,9.17092E+18,9,4,76,145,2017,9,6,3,3,5,3,0,1,0,0,0,1,0,6.67196E+20,5.57016E+21,1.13457E+16,5.02599E+16
92467,9.17092E+18,9,1,84,121,2017,9,4,4,3,9,1,0,0,0,0,1,2,0,7.04035E+20,5.32928E+21,1.17398E+16,4.80841E+16
92468,9.17092E+18,9,1,78,145,2017,9,7,4,2,6,1,0,1,1,0,0,0,0,6.9685E+20,5.35456E+21,1.16551E+16,4.83136E+16
92469,9.17092E+18,9,4,71,145,2017,9,16,7,3,3,3,0,1,0,0,0,0,0,6.44518E+20,5.5209E+21,1.10092E+16,4.98231E+16
92470,9.17092E+18,9,1,78,113,2017,9,17,4,3,2,1,0,1,0,0,0,0,0,6.91537E+20,5.36723E+21,1.15893E+16,4.8429E+16
92471,9.17092E+18,9,4,71,208,2017,9,19,7,3,8,1,0,1,0,0,0,1,1,6.27041E+20,5.52554E+21,1.07679E+16,4.98687E+16
92472,9.17092E+18,9,1,62,0,2017,9,7,3,3,0,7,1,0,0,0,0,0,1,6.93254E+20,5.33753E+21,1.15989E+16,4.81616E+16
92473,9.17092E+18,9,7,78,121,2017,9,17,3,3,4,6,0,1,0,0,1,0,0,6.04536E+20,5.33253E+21,1.04051E+16,4.81374E+16
92474,9.17092E+18,9,4,71,131,2017,9,5,7,3,8,1,0,1,0,0,0,2,1,6.32471E+20,5.5202E+21,1.08416E+16,4.98196E+16
92475,9.17092E+18,9,7,77,131,2017,9,14,3,2,4,6,0,1,0,0,0,0,1,6.1186E+20,5.28435E+21,1.0491E+16,4.77028E+16
92476,9.17092E+18,9,7,76,116,2017,9,9,3,3,1,1,0,1,0,0,0,0,1,5.53049E+20,5.26836E+21,9.70527E+15,4.75665E+16
92477,9.17092E+18,9,7,80,124,2017,9,16,3,3,5,6,1,1,0,0,0,0,1,5.92893E+20,5.26929E+21,1.02351E+16,4.75704E+16
92478,9.17092E+18,9,7,73,125,2017,9,16,3,3,1,5,0,1,0,1,0,1,1,6.10256E+20,5.38087E+21,1.04947E+16,4.85712E+16
92479,9.17092E+18,9,7,71,122,2017,9,16,3,3,8,7,0,1,0,0,0,0,0,6.51571E+20,5.3624E+21,1.10477E+16,4.83966E+16
92480,9.17092E+18,9,7,61,0,2017,9,12,3,3,2,6,0,1,0,0,0,0,1,6.37802E+20,5.36143E+21,1.08615E+16,4.8391E+16
92481,9.17092E+18,9,6,74,129,2017,9,20,1,3,9,1,0,1,0,0,0,2,0,6.20783E+20,5.53748E+21,1.06846E+16,4.99775E+16
92482,9.17092E+18,9,7,72,111,2017,9,9,3,2,0,3,1,1,0,0,0,0,0,6.27253E+20,5.36479E+21,1.07201E+16,4.84234E+16
92483,9.17092E+18,9,6,73,153,2017,9,15,1,3,2,1,0,1,0,0,0,0,1,5.84145E+20,5.58917E+21,1.01852E+16,5.04485E+16
92484,9.17092E+18,9,6,79,206,2017,9,6,3,3,0,3,0,1,0,0,0,2,0,5.71308E+20,5.5085E+21,9.98936E+15,4.97248E+16
92485,9.17092E+18,9,6,75,174,2017,9,17,3,3,2,7,0,1,0,0,0,0,0,5.88195E+20,5.52569E+21,1.02275E+16,4.98771E+16
92486,9.17092E+18,9,6,72,121,2017,9,14,1,3,5,3,0,1,0,0,0,0,0,5.67989E+20,5.55306E+21,9.95117E+15,5.01259E+16
92487,9.17092E+18,9,6,62,0,2017,9,19,3,3,8,1,0,1,0,0,0,1,0,5.85133E+20,5.54169E+21,1.01884E+16,5.00214E+16
92488,9.17092E+18,9,1,82,125,2017,9,6,2,3,0,1,0,0,0,1,0,0,1,7.15363E+20,5.29638E+21,1.18753E+16,4.77847E+16
92489,9.17092E+18,9,6,78,135,2017,9,5,3,2,2,1,0,1,0,0,0,2,0,5.90558E+20,5.54272E+21,1.02644E+16,5.00299E+16
92490,9.17092E+18,9,1,83,128,2017,9,10,2,3,2,6,0,1,0,0,0,0,0,7.62992E+20,5.35065E+21,1.25433E+16,4.82544E+16
92491,9.17092E+18,9,3,76,141,2017,9,17,2,3,9,1,0,1,0,0,0,0,1,7.23987E+20,5.45451E+21,1.2075E+16,4.92024E+16
92492,9.17092E+18,9,6,72,121,2017,9,18,3,3,2,6,0,1,0,0,0,1,0,5.68655E+20,5.55293E+21,9.96046E+15,5.01246E+16
92493,9.17092E+18,9,6,78,130,2017,9,14,3,3,0,6,1,0,0,0,0,0,0,5.94279E+20,5.52703E+21,1.03125E+16,4.98882E+16
92494,9.17092E+18,9,3,77,148,2017,9,14,7,3,8,1,0,1,0,0,0,0,1,7.15763E+20,5.53608E+21,1.2007E+16,4.99381E+16
92495,9.17092E+18,9,1,75,122,2017,9,18,3,3,0,1,0,0,0,1,0,0,0,7.21383E+20,5.32576E+21,1.19706E+16,4.80467E+16
92496,9.17092E+18,9,1,74,113,2017,9,7,3,3,2,6,0,1,0,0,0,0,0,6.70574E+20,5.34777E+21,1.12983E+16,4.82601E+16
92497,9.17092E+18,9,1,87,132,2017,9,17,3,3,8,1,0,1,0,0,0,0,1,7.48897E+20,5.29992E+21,1.23243E+16,4.78044E+16
92498,9.17093E+18,9,7,61,0,2017,9,4,5,3,5,3,0,1,0,0,0,2,0,6.37424E+20,5.35948E+21,1.08557E+16,4.83735E+16
92499,9.17093E+18,9,1,88,139,2017,9,15,2,3,6,4,0,0,1,0,1,0,0,6.74745E+20,5.31901E+21,1.13427E+16,4.80005E+16
92500,9.17093E+18,9,1,81,134,2017,9,16,2,3,0,1,1,0,0,0,0,0,0,6.43213E+20,5.33973E+21,1.09272E+16,4.81947E+16
92501,9.17093E+18,9,7,61,0,2017,9,20,5,3,0,1,1,0,0,0,0,2,0,6.40281E+20,5.3605E+21,1.08946E+16,4.83821E+16
92502,9.17093E+18,9,1,81,134,2017,9,16,2,3,5,3,0,1,0,0,0,0,0,6.43173E+20,5.33969E+21,1.09266E+16,4.81943E+16
92503,9.17093E+18,9,7,71,122,2017,9,16,5,3,2,6,0,1,0,0,0,0,0,6.53945E+20,5.36285E+21,1.10799E+16,4.84E+16
92504,9.17093E+18,9,1,81,138,2017,9,15,2,3,8,1,0,1,0,0,0,0,0,6.41193E+20,5.33454E+21,1.08983E+16,4.81484E+16
92505,9.17093E+18,9,6,77,149,2017,9,15,5,3,2,6,0,1,0,0,1,0,0,5.55515E+20,5.54399E+21,9.77535E+15,5.00456E+16
92506,9.17093E+18,9,6,75,174,2017,9,17,5,3,5,3,0,1,0,0,0,0,0,5.88811E+20,5.52335E+21,1.02355E+16,4.98559E+16
92507,9.17093E+18,9,1,79,121,2017,9,18,2,2,5,3,1,1,0,0,0,0,0,6.64983E+20,5.34001E+21,1.122E+16,4.81919E+16
92508,9.17093E+18,9,6,73,133,2017,9,21,5,3,4,2,0,1,0,0,0,2,0,5.89246E+20,5.57822E+21,1.02544E+16,5.03493E+16
92509,9.17093E+18,9,6,78,176,2017,9,16,5,3,5,3,1,1,0,0,0,0,0,5.89383E+20,5.53851E+21,1.0247E+16,4.99922E+16
92510,9.17093E+18,9,1,79,121,2017,9,14,2,3,2,6,0,1,0,0,0,0,0,6.67358E+20,5.33924E+21,1.12516E+16,4.81843E+16
92511,9.17093E+18,9,1,74,115,2017,9,13,2,2,6,4,0,1,1,0,0,0,0,6.79861E+20,5.3486E+21,1.14237E+16,4.8265E+16
92512,9.17093E+18,9,1,62,0,2017,9,15,2,3,8,1,0,0,0,1,0,0,0,7.00016E+20,5.33549E+21,1.16888E+16,4.81412E+16
92513,9.17093E+18,9,5,63,0,2017,9,20,5,3,2,6,0,1,0,0,0,2,0,6.44787E+20,5.48444E+21,1.09995E+16,4.94953E+16
92514,9.17093E+18,9,5,74,123,2017,9,17,5,3,3,6,0,1,0,0,1,0,0,6.59398E+20,5.47438E+21,1.11971E+16,4.94012E+16
92515,9.17093E+18,9,5,72,126,2017,9,8,5,3,2,6,0,1,0,0,0,0,0,6.33916E+20,5.50684E+21,1.08571E+16,4.96992E+16
92516,9.17093E+18,9,5,72,139,2017,9,10,5,3,2,3,0,1,0,0,0,0,0,6.28341E+20,5.50692E+21,1.07798E+16,4.97011E+16
92517,9.17093E+18,9,5,72,132,2017,9,14,5,3,3,6,0,1,0,0,0,0,0,6.38575E+20,5.49274E+21,1.09167E+16,4.95714E+16
92518,9.17093E+18,9,5,65,0,2017,9,19,5,3,4,2,0,1,1,0,0,2,0,6.46515E+20,5.46528E+21,1.10163E+16,4.93227E+16
92519,9.17093E+18,9,5,74,147,2017,9,16,5,3,8,1,0,0,0,1,0,0,0,6.78497E+20,5.48734E+21,1.14659E+16,4.95124E+16
92520,9.17093E+18,9,5,64,0,2017,9,13,5,3,6,1,1,0,1,0,0,0,0,6.46357E+20,5.47843E+21,1.10189E+16,4.94409E+16
92521,9.17093E+18,9,1,78,145,2017,9,18,2,3,9,1,0,1,0,0,0,0,0,6.93276E+20,5.35725E+21,1.16082E+16,4.83389E+16
92522,9.17093E+18,9,1,77,130,2017,9,6,2,3,2,7,0,1,0,0,0,1,0,7.12332E+20,5.35199E+21,1.18624E+16,4.82855E+16
92523,9.17093E+18,9,1,75,123,2017,9,9,2,3,2,2,0,1,0,0,0,0,0,7.24128E+20,5.33713E+21,1.20134E+16,4.81479E+16
92524,9.17093E+18,9,1,77,122,2017,9,20,2,3,2,5,0,1,0,0,0,2,0,7.2669E+20,5.35828E+21,1.20591E+16,4.8337E+16
92525,9.17093E+18,9,5,64,0,2017,9,16,5,3,2,6,0,1,0,0,0,0,0,6.46078E+20,5.48132E+21,1.10162E+16,4.9467E+16
92526,9.17093E+18,9,5,64,0,2017,9,11,5,3,5,3,0,1,0,0,1,0,0,6.49239E+20,5.47877E+21,1.10588E+16,4.94432E+16
92527,9.17093E+18,9,5,64,0,2017,9,15,5,3,1,6,0,1,0,0,0,0,0,6.5338E+20,5.47474E+21,1.11143E+16,4.9406E+16
92528,9.17092E+18,9,1,62,0,2017,9,10,1,1,0,1,1,0,0,0,0,0,0,6.886E+20,5.33555E+21,1.15355E+16,4.81452E+16
92529,9.17093E+18,9,5,73,125,2017,9,15,5,2,0,2,1,0,0,0,0,0,0,6.37972E+20,5.47062E+21,1.09006E+16,4.93727E+16
92530,9.17093E+18,9,5,75,152,2017,9,6,5,2,4,2,0,1,0,0,0,1,0,6.19088E+20,5.47953E+21,1.06433E+16,4.94567E+16
92531,9.17093E+18,9,4,75,161,2017,9,5,5,3,2,6,0,1,0,0,0,2,0,7.15279E+20,5.57471E+21,1.2022E+16,5.02852E+16
92532,9.17093E+18,9,4,64,0,2017,9,20,5,3,4,2,0,1,0,0,0,2,0,7.07379E+20,5.57851E+21,1.19134E+16,5.03221E+16
92533,9.17093E+18,9,4,75,162,2017,9,7,5,3,4,6,0,1,0,0,1,0,0,7.14058E+20,5.57286E+21,1.20039E+16,5.0269E+16
92534,9.17093E+18,9,4,76,183,2017,9,13,5,2,4,6,0,1,0,1,0,0,0,6.7248E+20,5.57234E+21,1.14208E+16,5.02779E+16
92535,9.17093E+18,9,4,72,175,2017,9,16,5,2,2,2,1,0,0,0,1,0,0,6.79333E+20,5.52224E+21,1.14934E+16,4.98258E+16
92536,9.17093E+18,9,4,61,0,2017,9,20,5,3,5,2,0,1,0,1,0,2,0,6.35296E+20,5.53009E+21,1.08843E+16,4.99079E+16
92537,9.17093E+18,9,3,63,0,2017,9,8,5,3,3,2,1,1,0,0,0,0,0,7.27676E+20,5.50689E+21,1.21557E+16,4.96715E+16
92538,9.17093E+18,9,3,74,132,2017,9,15,5,3,5,3,0,1,0,0,1,0,0,7.36447E+20,5.49717E+21,1.22712E+16,4.95808E+16
92539,9.17092E+18,9,1,62,0,2017,9,22,1,3,5,2,0,1,0,0,1,2,1,6.87776E+20,5.33503E+21,1.15242E+16,4.81408E+16
92540,9.17093E+18,9,3,74,119,2017,9,21,5,2,5,3,0,1,0,0,0,2,0,7.22344E+20,5.50018E+21,1.20781E+16,4.96132E+16
92541,9.17093E+18,9,3,62,0,2017,9,13,5,2,5,3,1,1,0,0,0,0,0,7.29029E+20,5.43547E+21,1.21333E+16,4.90296E+16
92542,9.17092E+18,9,7,79,197,2017,9,18,1,3,5,3,0,1,0,1,0,0,0,6.16965E+20,5.42274E+21,1.05975E+16,4.89465E+16
92543,9.17093E+18,9,3,73,121,2017,9,5,5,3,9,1,0,1,0,0,0,1,0,6.87242E+20,5.43062E+21,1.15601E+16,4.90001E+16
92544,9.17092E+18,9,7,73,182,2017,9,11,1,3,5,2,1,1,0,0,0,0,0,6.24583E+20,5.3811E+21,1.06889E+16,4.85706E+16
92545,9.17093E+18,9,3,73,113,2017,9,11,5,3,1,6,0,1,0,0,0,0,0,6.76545E+20,5.469E+21,1.14308E+16,4.93481E+16
92546,9.17092E+18,9,7,72,197,2017,9,13,1,3,5,3,1,1,0,0,0,0,0,6.2198E+20,5.33767E+21,1.0641E+16,4.81805E+16
92547,9.17093E+18,9,3,76,163,2017,9,8,5,3,7,6,0,0,0,0,1,0,0,7.28674E+20,5.47585E+21,1.21515E+16,4.93924E+16
92548,9.17093E+18,9,2,63,0,2017,9,17,5,3,5,3,1,1,0,0,0,0,0,7.62209E+20,5.41837E+21,1.25754E+16,4.88628E+16
92549,9.17093E+18,9,2,71,128,2017,9,12,5,3,3,6,0,1,0,0,1,0,0,8.011E+20,5.39873E+21,1.309E+16,4.86689E+16
92550,9.17093E+18,9,2,71,119,2017,9,14,5,3,5,3,0,1,0,0,0,0,0,7.9067E+20,5.41603E+21,1.29609E+16,4.88291E+16
92551,9.17093E+18,9,2,75,153,2017,9,23,5,2,8,1,0,1,0,0,0,2,0,8.43769E+20,5.39312E+21,1.36631E+16,4.85966E+16
92552,9.17092E+18,9,4,71,220,2017,9,13,1,3,2,6,0,1,0,0,0,0,0,6.19077E+20,5.51099E+21,1.06527E+16,4.97396E+16
92553,9.17092E+18,9,6,79,205,2017,9,16,1,3,8,1,0,0,0,1,0,0,0,5.56492E+20,5.51636E+21,9.78496E+15,4.9797E+16
92554,9.17092E+18,9,6,77,186,2017,9,1,1,2,9,1,0,0,0,1,0,2,0,5.46532E+20,5.53465E+21,9.64878E+15,4.99624E+16
92555,9.17092E+18,9,6,75,150,2017,9,16,1,3,8,7,0,1,0,0,0,0,0,5.83155E+20,5.49695E+21,1.01512E+16,4.96194E+16
92556,9.17092E+18,9,6,72,139,2017,9,9,1,3,4,2,0,1,0,0,0,0,0,5.67164E+20,5.56111E+21,9.94105E+15,5.01983E+16
92557,9.17093E+18,9,2,75,137,2017,9,10,5,3,0,7,1,0,0,0,0,0,0,8.41369E+20,5.38854E+21,1.36269E+16,4.85569E+16
92558,9.17093E+18,9,2,75,154,2017,9,13,5,3,4,6,0,1,0,0,1,0,0,8.04814E+20,5.39115E+21,1.31348E+16,4.85991E+16
92559,9.17093E+18,9,2,75,122,2017,9,18,5,2,4,1,0,1,0,1,0,0,0,8.21176E+20,5.38446E+21,1.33509E+16,4.85309E+16
92560,9.17093E+18,9,2,72,118,2017,9,16,5,3,4,6,0,1,0,1,0,0,0,8.36011E+20,5.41568E+21,1.35766E+16,4.88031E+16
92561,9.17092E+18,9,6,78,134,2017,9,14,1,3,8,1,0,1,0,0,0,0,0,5.97903E+20,5.52729E+21,1.0363E+16,4.989E+16
92562,9.17092E+18,9,6,71,157,2017,9,22,1,3,2,6,0,0,0,0,1,2,0,5.27046E+20,5.52809E+21,9.37663E+15,4.99046E+16
92563,9.17093E+18,9,2,74,127,2017,9,14,5,3,5,3,0,1,0,0,0,0,0,7.36482E+20,5.39557E+21,1.22121E+16,4.86684E+16
92564,9.17093E+18,9,2,73,165,2017,9,13,5,2,3,6,0,1,0,0,0,0,0,7.16154E+20,5.41086E+21,1.19444E+16,4.88131E+16
92565,9.17093E+18,9,2,79,122,2017,9,20,5,3,5,3,0,1,0,1,0,2,0,7.7447E+20,5.39514E+21,1.27268E+16,4.8649E+16
92566,9.17093E+18,9,2,73,116,2017,9,17,5,3,3,2,0,1,0,0,1,0,0,7.21037E+20,5.42431E+21,1.20181E+16,4.89322E+16
92567,9.17093E+18,9,1,90,159,2017,9,14,5,3,1,6,0,1,0,0,0,0,0,6.62436E+20,5.30456E+21,1.11723E+16,4.78738E+16
92568,9.17092E+18,9,6,71,140,2017,9,13,1,3,2,1,0,1,0,0,0,0,1,5.0609E+20,5.53769E+21,9.08497E+15,4.99915E+16
92569,9.17093E+18,9,1,90,130,2017,9,16,5,3,2,6,0,1,0,0,1,0,0,6.50273E+20,5.29541E+21,1.10066E+16,4.77945E+16
92570,9.17093E+18,9,1,83,126,2017,9,18,5,3,2,6,0,1,0,0,0,0,0,7.30792E+20,5.33851E+21,1.21036E+16,4.81579E+16
92571,9.17092E+18,9,6,71,112,2017,9,20,1,3,0,7,0,0,0,0,1,2,0,5.18276E+20,5.5359E+21,9.25489E+15,4.99752E+16
92572,9.17093E+18,9,1,83,122,2017,9,12,5,3,9,1,0,0,0,0,1,0,0,7.51361E+20,5.34022E+21,1.23807E+16,4.81655E+16
92573,9.17092E+18,9,6,71,150,2017,9,7,1,3,0,7,0,0,1,1,0,0,0,5.19157E+20,5.54162E+21,9.26745E+15,5.00266E+16
92574,9.17093E+18,9,1,89,148,2017,9,6,5,2,2,6,0,1,0,0,1,0,0,7.78539E+20,5.30824E+21,1.27247E+16,4.78671E+16
92575,9.17093E+18,9,1,89,154,2017,9,12,5,2,4,2,1,0,0,0,0,0,0,7.68892E+20,5.31849E+21,1.26023E+16,4.79632E+16