OBJECTID,UIDENTSTLA,ULAND,UREGBEZ,UKREIS,UGEMEINDE,UJAHR,UMONAT,USTUNDE,UWOCHENTAG,UKATEGORIE,UART,UTYP1,IstRad,IstPKW,IstFuss,IstKrad,IstSonstig,LICHT,STRZUSTAND,LINREFX,LINREFY,XGCSWGS84,YGCSWGS84
92576,9.17092E+18,9,6,71,141,2017,9,5,1,1,8,1,0,1,0,0,0,2,1,5.22819E+20,5.53E+21,9.31789E+15,4.99219E+16
92577,9.17093E+18,9,1,83,112,2017,9,17,5,3,2,6,0,1,0,0,0,0,0,7.53721E+20,5.3506E+21,1.24186E+16,4.82577E+16
92578,9.17092E+18,9,5,76,122,2017,9,18,1,3,9,1,0,1,0,0,0,0,0,6.72592E+20,5.43374E+21,1.13613E+16,4.90323E+16
92579,9.17093E+18,9,1,71,112,2017,9,16,5,3,0,1,0,0,0,1,0,0,0,7.84267E+20,5.34482E+21,1.28254E+16,4.81929E+16
92580,9.17092E+18,9,5,76,143,2017,9,3,1,2,8,7,0,1,0,0,0,2,0,6.60642E+20,5.46151E+21,1.1209E+16,4.92852E+16
92581,9.17093E+18,9,1,72,114,2017,9,6,5,3,5,3,0,1,0,0,0,0,0,7.93569E+20,5.29635E+21,1.29171E+16,4.77536E+16
92582,9.17093E+18,9,1,71,123,2017,9,14,5,3,5,2,0,1,0,0,0,0,0,7.85087E+20,5.35137E+21,1.28408E+16,4.82514E+16
92583,9.17093E+18,9,1,82,120,2017,9,7,5,3,2,6,0,0,0,0,1,0,0,7.02951E+20,5.31005E+21,1.17161E+16,4.79116E+16
92584,9.17093E+18,9,1,87,168,2017,9,15,5,3,1,5,0,1,0,0,1,0,0,7.49725E+20,5.30907E+21,1.23406E+16,4.78863E+16
92585,9.17093E+18,9,1,82,125,2017,9,12,5,2,2,2,0,1,0,1,0,0,0,7.09434E+20,5.29612E+21,1.17961E+16,4.77844E+16
92586,9.17092E+18,9,5,74,129,2017,9,15,1,3,8,1,0,0,0,1,0,0,0,6.78913E+20,5.49654E+21,1.14758E+16,4.95949E+16
92587,9.17092E+18,9,5,74,164,2017,9,18,1,3,5,3,0,1,0,1,0,0,0,6.67216E+20,5.47236E+21,1.13039E+16,4.9381E+16
92588,9.17092E+18,9,5,64,0,2017,9,14,1,3,9,7,0,1,0,0,0,0,0,6.57132E+20,5.48184E+21,1.11688E+16,4.94689E+16
92589,9.17092E+18,9,5,64,0,2017,9,21,1,3,0,1,1,0,0,0,0,2,0,6.47587E+20,5.47856E+21,1.10359E+16,4.94418E+16
92590,9.17092E+18,9,5,73,114,2017,9,19,1,2,8,1,0,1,0,0,0,2,0,6.33908E+20,5.48206E+21,1.08485E+16,4.94764E+16
92591,9.17092E+18,9,5,73,130,2017,9,17,1,3,8,1,0,1,0,0,0,0,0,6.32956E+20,5.48514E+21,1.08364E+16,4.95043E+16
92592,9.17093E+18,9,1,82,120,2017,9,6,5,3,4,2,0,1,0,0,0,2,0,7.03659E+20,5.30787E+21,1.17246E+16,4.78918E+16
92593,9.17092E+18,9,5,71,193,2017,9,16,1,2,8,1,0,0,0,1,0,0,0,5.85538E+20,5.46943E+21,1.01783E+16,4.93716E+16
92594,9.17092E+18,9,5,71,127,2017,9,13,1,3,1,6,0,1,0,0,0,0,0,6.15911E+20,5.45474E+21,1.05923E+16,4.92345E+16
92595,9.17092E+18,9,4,62,0,2017,9,23,1,3,2,6,0,1,0,0,1,2,0,6.86776E+20,5.5303E+21,1.16007E+16,4.98959E+16
92596,9.17093E+18,9,1,61,0,2017,9,6,5,2,4,2,0,1,0,1,0,0,0,6.78819E+20,5.40615E+21,1.14343E+16,4.87826E+16
92597,9.17093E+18,9,1,85,153,2017,9,17,5,2,5,3,1,1,0,0,0,0,0,6.52278E+20,5.40583E+21,1.10732E+16,4.87868E+16
92598,9.17093E+18,9,1,76,153,2017,9,7,5,3,2,6,0,1,0,0,1,0,0,6.97655E+20,5.4086E+21,1.16916E+16,4.8799E+16
92599,9.17093E+18,9,1,76,147,2017,9,16,5,3,0,6,0,1,0,0,0,0,0,6.93865E+20,5.41416E+21,1.16427E+16,4.88501E+16
92600,9.17093E+18,9,1,79,118,2017,9,12,5,3,5,3,0,1,0,0,1,0,0,6.72655E+20,5.33798E+21,1.13223E+16,4.81715E+16
92601,9.17093E+18,9,1,74,113,2017,9,17,5,3,5,3,0,1,0,0,0,0,0,6.78981E+20,5.34277E+21,1.14094E+16,4.82129E+16
92602,9.17092E+18,9,4,72,197,2017,9,15,1,2,0,1,0,0,0,1,0,0,0,6.64566E+20,5.52291E+21,1.12886E+16,4.9836E+16
92603,9.17093E+18,9,1,84,118,2017,9,8,5,3,2,6,0,1,0,0,1,0,0,7.04234E+20,5.33602E+21,1.17457E+16,4.81446E+16
92604,9.17093E+18,9,1,62,0,2017,9,12,5,3,1,6,0,1,0,0,1,0,0,6.95376E+20,5.34455E+21,1.16307E+16,4.8224E+16
92605,9.17093E+18,9,1,62,0,2017,9,10,5,3,2,6,0,1,0,0,1,0,0,6.94382E+20,5.34118E+21,1.16157E+16,4.81941E+16
92606,9.17092E+18,9,4,77,129,2017,9,14,1,3,8,1,0,0,0,1,0,0,0,6.84611E+20,5.55832E+21,1.15841E+16,5.01483E+16
92607,9.17093E+18,9,1,62,0,2017,9,21,4,1,5,3,0,1,0,1,0,2,0,6.89129E+20,5.34138E+21,1.15452E+16,4.81974E+16
92608,9.17093E+18,9,1,62,0,2017,9,6,4,3,5,2,0,1,0,0,0,1,0,6.94645E+20,5.33207E+21,1.16151E+16,4.81121E+16
92609,9.17092E+18,9,4,72,154,2017,9,15,1,3,8,1,0,0,0,1,0,0,0,6.60881E+20,5.53659E+21,1.12431E+16,4.996E+16
92610,9.17093E+18,9,1,62,0,2017,9,18,4,3,0,6,1,1,0,0,0,0,0,6.79117E+20,5.33795E+21,1.14092E+16,4.81695E+16
92611,9.17093E+18,9,1,84,148,2017,9,7,4,3,5,2,1,1,0,0,0,0,0,6.95017E+20,5.32707E+21,1.16178E+16,4.8067E+16
92612,9.17092E+18,9,4,71,159,2017,9,18,1,3,8,1,0,1,0,0,0,0,0,6.40934E+20,5.53421E+21,1.09643E+16,4.99436E+16
92613,9.17093E+18,9,7,64,0,2017,9,11,4,3,2,6,0,1,0,0,1,0,0,5.86494E+20,5.31674E+21,1.01595E+16,4.79981E+16
92614,9.17092E+18,9,4,74,146,2017,9,11,1,3,0,3,1,1,0,0,0,0,0,6.49437E+20,5.50069E+21,1.10698E+16,4.96402E+16
92615,9.17093E+18,9,7,78,119,2017,9,15,4,2,5,2,0,1,0,0,0,0,0,5.99459E+20,5.30418E+21,1.03303E+16,4.78832E+16
92616,9.17093E+18,9,7,74,150,2017,9,14,4,1,6,4,0,0,1,0,1,0,0,6.00928E+20,5.34466E+21,1.03595E+16,4.82472E+16
92617,9.17093E+18,9,7,75,115,2017,9,6,4,3,3,2,1,1,0,0,0,1,0,5.8122E+20,5.34517E+21,1.00942E+16,4.82546E+16
92618,9.17093E+18,9,7,78,203,2017,9,17,4,3,2,6,0,1,0,0,0,0,0,6.2058E+20,5.32169E+21,1.06176E+16,4.80371E+16
92619,9.17092E+18,9,4,61,0,2017,9,13,1,3,4,2,0,1,0,0,0,0,0,6.37887E+20,5.52928E+21,1.09201E+16,4.99E+16
92620,9.17092E+18,9,3,75,179,2017,9,13,1,3,5,3,0,1,0,0,0,0,0,7.32266E+20,5.42899E+21,1.21738E+16,4.89701E+16
92621,9.17092E+18,9,3,75,190,2017,9,17,1,3,5,3,0,1,0,0,0,0,0,7.25516E+20,5.44505E+21,1.20907E+16,4.91169E+16
92622,9.17092E+18,9,3,72,137,2017,9,13,1,3,5,3,0,1,0,1,0,0,0,7.86534E+20,5.45201E+21,1.293E+16,4.9154E+16
92623,9.17092E+18,9,2,78,190,2017,9,5,1,1,8,1,0,1,0,0,0,2,0,7.62572E+20,5.42749E+21,1.25862E+16,4.89445E+16
92624,9.17092E+18,9,2,76,135,2017,9,9,1,3,5,3,0,1,0,0,0,0,0,7.77048E+20,5.44783E+21,1.27974E+16,4.91208E+16
92625,9.17093E+18,9,7,80,139,2017,9,18,4,3,2,6,0,1,0,0,0,0,0,5.95692E+20,5.26377E+21,1.02711E+16,4.75203E+16
92626,9.17092E+18,9,2,78,172,2017,9,16,1,1,0,1,0,0,0,1,0,0,0,7.53215E+20,5.41887E+21,1.24533E+16,4.88711E+16
92627,9.17093E+18,9,7,63,0,2017,9,18,4,2,1,6,0,1,0,0,0,0,1,5.98398E+20,5.28647E+21,1.03121E+16,4.77241E+16
92628,9.17092E+18,9,2,71,111,2017,9,4,1,2,8,1,0,1,0,0,0,2,0,7.85823E+20,5.40395E+21,1.28866E+16,4.8723E+16
92629,9.17093E+18,9,7,63,0,2017,9,0,4,3,4,2,0,1,0,0,0,2,1,5.98322E+20,5.28645E+21,1.03111E+16,4.77239E+16
92630,9.17093E+18,9,7,77,171,2017,9,2,4,3,9,1,0,0,0,0,1,2,1,6.28445E+20,5.284E+21,1.07119E+16,4.76966E+16
92631,9.17093E+18,9,7,79,201,2017,9,11,4,2,6,4,0,1,1,0,0,0,0,6.43952E+20,5.39107E+21,1.09547E+16,4.86561E+16
92632,9.17092E+18,9,2,71,130,2017,9,17,1,3,9,1,0,0,0,1,0,0,0,8.02384E+20,5.4183E+21,1.31218E+16,4.88439E+16
92633,9.17092E+18,9,2,77,140,2017,9,16,1,3,8,1,0,0,0,1,0,0,0,7.91086E+20,5.35339E+21,1.29228E+16,4.82667E+16
92634,9.17092E+18,9,2,77,138,2017,9,16,1,2,1,6,0,1,0,1,0,0,0,7.92951E+20,5.37206E+21,1.29609E+16,4.84334E+16
92635,9.17092E+18,9,2,75,133,2017,9,12,1,3,8,6,0,1,0,0,0,0,0,8.25824E+20,5.38466E+21,1.34138E+16,4.85303E+16
92636,9.17093E+18,9,7,79,197,2017,9,21,4,2,8,7,1,0,0,0,0,2,0,6.17455E+20,5.42293E+21,1.06042E+16,4.89481E+16
92637,9.17093E+18,9,7,79,155,2017,9,10,4,3,2,2,0,1,0,0,0,0,0,6.20182E+20,5.40655E+21,1.06366E+16,4.88003E+16
92638,9.17093E+18,9,7,72,184,2017,9,17,4,3,8,1,1,0,0,0,0,0,0,6.35067E+20,5.36363E+21,1.08253E+16,4.84113E+16
92639,9.17093E+18,9,7,72,125,2017,9,11,4,2,0,1,1,0,0,0,0,0,0,6.35624E+20,5.34741E+21,1.08276E+16,4.82653E+16
92640,9.17093E+18,9,7,61,0,2017,9,7,4,3,5,1,1,1,0,0,0,0,0,6.41781E+20,5.35875E+21,1.09143E+16,4.8366E+16
92641,9.17093E+18,9,6,79,156,2017,9,16,4,3,2,6,0,1,0,0,0,0,0,5.7267E+20,5.52219E+21,1.00108E+16,4.98477E+16
92642,9.17093E+18,9,6,77,148,2017,9,17,4,3,1,6,0,1,0,0,0,0,0,5.55627E+20,5.5337E+21,9.77543E+15,4.9953E+16
92643,9.17092E+18,9,2,72,142,2017,9,14,1,2,5,3,0,1,0,1,0,0,0,8.18622E+20,5.41186E+21,1.33375E+16,4.8778E+16
92644,9.17093E+18,9,6,74,159,2017,9,11,4,3,5,3,0,1,0,0,0,0,0,6.15198E+20,5.53351E+21,1.06055E+16,4.99429E+16
92645,9.17093E+18,9,6,73,173,2017,9,10,4,3,9,1,0,1,0,0,0,0,1,6.00056E+20,5.56906E+21,1.04039E+16,5.02652E+16
92646,9.17093E+18,9,6,73,117,2017,9,14,4,3,4,2,0,1,0,0,1,0,0,5.69659E+20,5.58702E+21,9.98079E+15,5.04311E+16
92647,9.17093E+18,9,6,76,144,2017,9,6,4,3,5,3,0,1,0,1,0,2,1,5.08969E+20,5.52903E+21,9.12492E+15,4.99136E+16
92648,9.17093E+18,9,6,71,130,2017,9,6,4,3,4,6,0,1,0,0,0,1,1,5.1421E+20,5.54284E+21,9.19844E+15,5.00377E+16
92649,9.17093E+18,9,6,71,112,2017,9,18,4,3,5,3,0,1,0,0,0,0,0,5.18272E+20,5.53681E+21,9.25487E+15,4.99833E+16
92650,9.17092E+18,9,2,74,112,2017,9,13,1,2,5,3,0,1,0,1,0,0,0,7.56021E+20,5.37665E+21,1.24654E+16,4.84908E+16
92651,9.17093E+18,9,5,72,135,2017,9,18,4,3,5,3,1,0,0,1,0,0,0,6.30574E+20,5.50722E+21,1.08109E+16,4.97034E+16
92652,9.17092E+18,9,2,74,121,2017,9,9,1,3,4,6,0,1,0,0,0,0,1,7.2711E+20,5.36975E+21,1.20709E+16,4.84399E+16
92653,9.17093E+18,9,5,74,152,2017,9,18,4,3,2,2,0,1,0,0,0,0,0,6.6513E+20,5.48234E+21,1.12793E+16,4.94713E+16
92654,9.17093E+18,9,5,74,112,2017,9,12,4,3,5,3,0,1,0,0,0,0,0,6.68554E+20,5.47369E+21,1.13229E+16,4.93925E+16
92655,9.17092E+18,9,2,61,0,2017,9,12,1,2,0,1,0,0,0,1,0,0,0,7.34073E+20,5.38154E+21,1.21715E+16,4.85432E+16
92656,9.17092E+18,9,1,90,132,2017,9,20,1,3,0,3,0,1,0,1,0,2,0,6.7531E+20,5.29374E+21,1.134E+16,4.77732E+16
92657,9.17093E+18,9,5,63,0,2017,9,8,4,2,6,4,0,1,1,0,0,0,0,6.43048E+20,5.48595E+21,1.0976E+16,4.95093E+16
92658,9.17093E+18,9,5,64,0,2017,9,17,4,3,2,6,0,1,0,1,0,0,0,6.45153E+20,5.47735E+21,1.10019E+16,4.94315E+16
92659,9.17092E+18,9,1,80,135,2017,9,16,1,3,4,6,0,1,0,0,0,0,0,6.53626E+20,5.27417E+21,1.10439E+16,4.76028E+16
92660,9.17093E+18,9,5,64,0,2017,9,7,4,3,2,6,0,1,0,0,1,0,0,6.53433E+20,5.47451E+21,1.1115E+16,4.94039E+16
92661,9.17092E+18,9,1,83,140,2017,9,14,1,3,8,1,0,0,0,1,0,0,0,7.41863E+20,5.34099E+21,1.22536E+16,4.81761E+16
92662,9.17093E+18,9,5,71,134,2017,9,22,4,2,4,7,0,0,0,0,1,2,0,5.87682E+20,5.46275E+21,1.02063E+16,4.93112E+16
92663,9.17093E+18,9,5,75,167,2017,9,16,4,3,4,6,0,1,0,0,1,0,0,6.24301E+20,5.50258E+21,1.07225E+16,4.96629E+16
92664,9.17092E+18,9,1,62,0,2017,9,14,1,3,2,6,0,1,0,0,1,0,0,6.94613E+20,5.33144E+21,1.16144E+16,4.81065E+16
92665,9.17093E+18,9,5,71,165,2017,9,16,4,3,2,6,0,1,0,0,0,0,0,6.30351E+20,5.4643E+21,1.07936E+16,4.93175E+16
92666,9.17093E+18,9,5,71,226,2017,9,12,4,3,6,4,0,1,1,0,0,0,0,6.33628E+20,5.45525E+21,1.08357E+16,4.92354E+16
92667,9.17093E+18,9,5,71,226,2017,9,8,4,3,5,3,0,1,0,0,1,0,0,6.35391E+20,5.4522E+21,1.08588E+16,4.92076E+16
92668,9.17092E+18,9,1,86,137,2017,9,12,1,3,0,6,0,1,0,0,0,0,0,6.82959E+20,5.39806E+21,1.1487E+16,4.87087E+16
92669,9.17093E+18,9,5,71,166,2017,9,20,4,2,7,7,0,1,0,0,1,2,0,6.05638E+20,5.45729E+21,1.04518E+16,4.92593E+16
92670,9.17093E+18,9,4,75,113,2017,9,23,4,2,8,1,0,0,0,1,0,2,0,6.97437E+20,5.58824E+21,1.1779E+16,5.0413E+16
92671,9.17093E+18,9,4,75,141,2017,9,12,4,3,2,6,0,1,0,0,0,0,0,7.0108E+20,5.58074E+21,1.18262E+16,5.03444E+16
92672,9.17093E+18,9,4,79,112,2017,9,16,4,1,2,6,0,0,0,1,1,0,0,7.28063E+20,5.55142E+21,1.21873E+16,5.00713E+16
92673,9.17092E+18,9,1,86,137,2017,9,11,1,3,2,6,0,1,0,0,0,0,0,6.82666E+20,5.39862E+21,1.14833E+16,4.87138E+16
92674,9.17092E+18,9,1,76,126,2017,9,17,1,3,4,1,0,1,0,0,0,0,0,6.74754E+20,5.40741E+21,1.13796E+16,4.87951E+16
92675,9.17092E+18,9,1,86,144,2017,9,12,1,3,0,7,1,0,0,0,0,0,0,6.81455E+20,5.38752E+21,1.1462E+16,4.86144E+16
92676,9.17092E+18,9,1,76,111,2017,9,15,1,3,5,3,0,1,0,0,0,0,0,6.62828E+20,5.4151E+21,1.12204E+16,4.88674E+16
92677,9.17092E+18,9,1,76,111,2017,9,14,1,2,2,6,0,1,0,1,0,0,0,6.64359E+20,5.41422E+21,1.12409E+16,4.88591E+16
92678,9.17093E+18,9,4,75,123,2017,9,11,4,2,4,6,0,1,0,0,1,0,0,7.0621E+20,5.58187E+21,1.18988E+16,5.03528E+16
92679,9.17093E+18,9,4,76,152,2017,9,14,4,3,2,6,0,1,0,0,0,0,0,6.66386E+20,5.59233E+21,1.13442E+16,5.04594E+16
92680,9.17093E+18,9,4,72,140,2017,9,18,4,2,4,6,0,1,0,1,0,0,1,6.83239E+20,5.5318E+21,1.15522E+16,4.99105E+16
92681,9.17093E+18,9,4,62,0,2017,9,15,4,3,2,6,0,1,0,1,0,0,0,6.84731E+20,5.53591E+21,1.15749E+16,4.99469E+16
92682,9.17093E+18,9,4,74,134,2017,9,8,4,2,0,2,0,1,0,0,1,0,0,6.45752E+20,5.50748E+21,1.10213E+16,4.97022E+16
92683,9.17092E+18,9,1,76,164,2017,9,16,1,2,5,3,0,1,0,1,0,0,0,6.59698E+20,5.42733E+21,1.11825E+16,4.89782E+16
92684,9.17093E+18,9,4,74,126,2017,9,13,4,3,2,6,0,1,0,0,0,0,0,6.48203E+20,5.51109E+21,1.10567E+16,4.9734E+16
92685,9.17093E+18,9,4,74,121,2017,9,23,4,3,4,2,0,1,0,1,0,2,0,6.55482E+20,5.51439E+21,1.11589E+16,4.97619E+16
92686,9.17093E+18,9,4,61,0,2017,9,7,4,3,2,6,0,1,0,1,0,0,0,6.35115E+20,5.53041E+21,1.08819E+16,4.99108E+16
92687,9.17093E+18,9,3,74,128,2017,9,11,4,3,0,7,0,1,0,0,0,0,0,7.27018E+20,5.51694E+21,1.21524E+16,4.9762E+16
92688,9.17093E+18,9,3,74,133,2017,9,16,4,3,2,6,0,1,0,0,0,0,0,7.26181E+20,5.49686E+21,1.21292E+16,4.9582E+16
92689,9.17092E+18,9,1,76,114,2017,9,15,1,3,2,6,0,1,0,1,0,0,0,6.80298E+20,5.43612E+21,1.14677E+16,4.90516E+16
92690,9.17093E+18,9,3,63,0,2017,9,12,4,3,2,6,0,1,0,0,1,0,0,7.24474E+20,5.5084E+21,1.21122E+16,4.96862E+16
92691,9.17093E+18,9,3,74,164,2017,9,6,4,2,4,2,0,1,0,0,0,0,0,7.51965E+20,5.50389E+21,1.24898E+16,4.96349E+16
92692,9.17093E+18,9,3,74,164,2017,9,16,4,3,2,6,0,1,0,0,0,0,0,7.51885E+20,5.50415E+21,1.24888E+16,4.96373E+16
92693,9.17093E+18,9,3,77,154,2017,9,12,4,3,8,1,0,0,0,1,0,0,0,7.35547E+20,5.52953E+21,1.22783E+16,4.98718E+16
92694,9.17093E+18,9,3,72,124,2017,9,14,4,3,5,2,0,1,0,0,0,0,0,7.85477E+20,5.4677E+21,1.29267E+16,4.92952E+16
92695,9.17093E+18,9,3,75,175,2017,9,15,4,2,3,1,1,1,0,0,0,0,0,7.18164E+20,5.43638E+21,1.19854E+16,4.90417E+16
92696,9.17093E+18,9,3,71,151,2017,9,11,4,2,0,7,1,1,0,0,0,0,0,7.00516E+20,5.4856E+21,1.17689E+16,4.94899E+16
92697,9.17093E+18,9,3,71,126,2017,9,6,4,3,1,7,0,1,0,0,0,0,1,7.02847E+20,5.49061E+21,1.18036E+16,4.95341E+16
92698,9.17092E+18,9,1,81,130,2017,9,21,1,3,8,1,0,1,0,0,0,2,1,6.39894E+20,5.32503E+21,1.08777E+16,4.80632E+16
92699,9.17093E+18,9,3,76,133,2017,9,7,4,2,2,2,0,1,0,0,0,0,0,7.38484E+20,5.48549E+21,1.22923E+16,4.94752E+16
92700,9.17093E+18,9,2,63,0,2017,9,16,4,2,3,2,1,1,0,0,0,0,0,7.61168E+20,5.42063E+21,1.25627E+16,4.88836E+16
92701,9.17093E+18,9,2,76,138,2017,9,21,4,2,4,2,0,1,0,1,0,2,0,7.99494E+20,5.43235E+21,1.30928E+16,4.89714E+16
92702,9.17093E+18,9,2,71,119,2017,9,13,4,3,0,7,0,0,0,1,0,0,0,7.94674E+20,5.41971E+21,1.3018E+16,4.88603E+16
92703,9.17092E+18,9,1,81,130,2017,9,21,1,3,2,6,0,1,0,0,0,2,1,6.39903E+20,5.32502E+21,1.08778E+16,4.80631E+16
92704,9.17093E+18,9,2,71,127,2017,9,17,4,3,2,6,0,0,0,0,1,0,0,8.06278E+20,5.40378E+21,1.31639E+16,4.87117E+16
92705,9.17093E+18,9,2,72,151,2017,9,11,4,3,5,3,0,1,0,1,0,0,0,8.3884E+20,5.40811E+21,1.36087E+16,4.87337E+16
92706,9.17092E+18,9,1,74,113,2017,9,13,1,3,2,6,0,1,0,0,0,0,0,6.72246E+20,5.34643E+21,1.13203E+16,4.82477E+16
92707,9.17093E+18,9,2,74,128,2017,9,16,4,3,1,6,0,1,0,0,0,0,0,7.39167E+20,5.38815E+21,1.22442E+16,4.86007E+16
92708,9.17093E+18,9,2,74,124,2017,9,8,4,3,4,2,0,1,0,1,0,0,0,7.26139E+20,5.37627E+21,1.20613E+16,4.84988E+16
92709,9.17092E+18,9,1,79,117,2017,9,17,1,2,8,1,0,0,0,1,0,0,0,6.60409E+20,5.34701E+21,1.11611E+16,4.8256E+16
92710,9.17093E+18,9,2,73,137,2017,9,18,4,3,0,1,1,0,0,0,0,0,0,7.11591E+20,5.42119E+21,1.18877E+16,4.89075E+16
92711,9.17093E+18,9,2,79,112,2017,9,17,4,3,2,6,0,1,0,0,0,0,0,7.57196E+20,5.39301E+21,1.24914E+16,4.86372E+16
92712,9.17093E+18,9,1,90,139,2017,9,6,4,2,5,3,0,1,0,0,1,0,1,6.54742E+20,5.29698E+21,1.10668E+16,4.78075E+16
92713,9.17092E+18,9,1,81,111,2017,9,15,1,3,8,1,0,0,0,1,0,0,0,6.45128E+20,5.30575E+21,1.09414E+16,4.78886E+16
92714,9.17092E+18,9,1,79,125,2017,9,15,1,2,4,6,0,1,0,0,0,0,0,6.60756E+20,5.33237E+21,1.11603E+16,4.81243E+16
92715,9.17092E+18,9,1,74,143,2017,9,16,1,2,5,3,0,0,0,1,0,0,0,6.69843E+20,5.35276E+21,1.12905E+16,4.83052E+16
92716,9.17092E+18,9,1,75,132,2017,9,10,1,3,3,6,1,1,0,0,0,0,0,7.10819E+20,5.33339E+21,1.18328E+16,4.81188E+16
92717,9.17092E+18,9,1,75,123,2017,9,18,1,3,2,6,0,1,0,0,0,0,0,7.24025E+20,5.33724E+21,1.2012E+16,4.81489E+16
92718,9.17092E+18,9,1,62,0,2017,9,10,7,3,2,6,0,1,0,0,0,0,0,6.94854E+20,5.33255E+21,1.16181E+16,4.81164E+16
92719,9.17092E+18,9,1,62,0,2017,9,15,7,3,0,7,0,0,0,1,0,0,0,6.87742E+20,5.33159E+21,1.15223E+16,4.81099E+16
92720,9.17093E+18,9,1,90,126,2017,9,16,4,3,2,6,0,1,0,0,1,0,0,6.72802E+20,5.28901E+21,1.13046E+16,4.77313E+16
92721,9.17093E+18,9,1,89,133,2017,9,15,4,3,9,1,0,0,0,1,0,0,0,7.51822E+20,5.3242E+21,1.23774E+16,4.80214E+16
92722,9.17093E+18,9,1,89,135,2017,9,11,4,3,2,6,0,1,0,0,0,0,0,7.84392E+20,5.3133E+21,1.28061E+16,4.79099E+16
92723,9.17093E+18,9,1,71,113,2017,9,14,4,3,4,2,0,1,0,0,1,0,0,7.79537E+20,5.33992E+21,1.27586E+16,4.8151E+16
92724,9.17093E+18,9,1,72,116,2017,9,11,4,3,4,6,0,1,0,0,1,0,0,8.0103E+20,5.28298E+21,1.30072E+16,4.76301E+16
92725,9.17093E+18,9,1,71,117,2017,9,5,4,2,4,6,0,0,0,1,1,2,1,7.68951E+20,5.33866E+21,1.26158E+16,4.81443E+16
92726,9.17093E+18,9,1,82,137,2017,9,22,4,3,7,7,0,1,1,0,0,2,0,7.11053E+20,5.30519E+21,1.18221E+16,4.78654E+16
92727,9.17092E+18,9,7,74,119,2017,9,16,7,1,9,1,0,0,0,1,0,0,0,5.88298E+20,5.35973E+21,1.01926E+16,4.83845E+16
92728,9.17093E+18,9,1,87,159,2017,9,16,4,3,4,2,1,1,0,0,0,0,0,7.30512E+20,5.32985E+21,1.20951E+16,4.80802E+16
92729,9.17093E+18,9,1,82,134,2017,9,7,4,3,5,3,0,1,0,0,0,0,0,7.00547E+20,5.29433E+21,1.16767E+16,4.77711E+16
92730,9.17093E+18,9,1,86,152,2017,9,13,4,2,4,2,0,1,0,0,1,0,0,6.90929E+20,5.37595E+21,1.15851E+16,4.85077E+16
92731,9.17093E+18,9,1,86,146,2017,9,12,4,2,8,1,0,0,0,0,1,0,0,6.84499E+20,5.37048E+21,1.14957E+16,4.84603E+16
92732,9.17093E+18,9,1,85,149,2017,9,14,4,2,6,2,0,1,1,0,0,0,0,6.60387E+20,5.40088E+21,1.11816E+16,4.87403E+16
92733,9.17092E+18,9,7,78,203,2017,9,15,7,2,5,3,1,1,0,0,0,0,0,6.22028E+20,5.32236E+21,1.06372E+16,4.80428E+16
92734,9.17093E+18,9,1,79,142,2017,9,10,4,2,4,2,0,1,0,0,0,0,0,6.70855E+20,5.34147E+21,1.12995E+16,4.82035E+16
92735,9.17093E+18,9,1,79,137,2017,9,19,4,1,9,1,0,1,0,0,0,2,0,6.55509E+20,5.34502E+21,1.10945E+16,4.82393E+16
92736,9.17092E+18,9,7,80,140,2017,9,9,7,3,9,1,0,1,0,0,0,0,0,6.00204E+20,5.28206E+21,1.03352E+16,4.76842E+16
92737,9.17093E+18,9,1,84,112,2017,9,16,4,3,2,6,0,1,0,0,0,0,0,7.01513E+20,5.3408E+21,1.17114E+16,4.81885E+16
92738,9.17093E+18,9,2,61,0,2017,9,7,4,3,2,6,0,1,0,0,0,0,1,7.31946E+20,5.37988E+21,1.21418E+16,4.85291E+16
92739,9.17092E+18,9,7,76,130,2017,9,14,7,3,4,2,0,1,0,0,0,0,0,5.55204E+20,5.26976E+21,9.73409E+15,4.75789E+16
92740,9.17092E+18,9,7,79,155,2017,9,20,7,2,7,7,0,0,0,1,0,2,0,6.20095E+20,5.40645E+21,1.06354E+16,4.87995E+16
92741,9.17092E+18,9,7,73,117,2017,9,3,7,3,9,1,0,1,0,0,0,2,1,6.1382E+20,5.39699E+21,1.05474E+16,4.87155E+16
92742,9.17092E+18,9,7,73,139,2017,9,17,7,3,9,1,0,1,0,0,0,0,0,6.13415E+20,5.38807E+21,1.05394E+16,4.86354E+16
92743,9.17092E+18,9,7,61,0,2017,9,18,7,3,2,6,0,1,0,0,0,0,0,6.42049E+20,5.35894E+21,1.0918E+16,4.83676E+16
92744,9.17093E+18,9,1,78,130,2017,9,4,4,2,4,2,0,1,0,0,0,2,1,7.02779E+20,5.3587E+21,1.1737E+16,4.83489E+16
92745,9.17092E+18,9,7,72,141,2017,9,11,7,2,5,3,1,1,0,0,0,0,0,6.22554E+20,5.34993E+21,1.06522E+16,4.82907E+16
92746,9.17092E+18,9,7,71,130,2017,9,10,7,3,8,1,0,0,0,1,0,0,0,6.44527E+20,5.36277E+21,1.09527E+16,4.84015E+16
92747,9.17092E+18,9,7,61,0,2017,9,19,7,3,2,1,0,1,0,0,1,2,0,6.37395E+20,5.3515E+21,1.08527E+16,4.83018E+16
92748,9.17092E+18,9,6,79,209,2017,9,17,7,3,2,6,0,1,0,1,0,0,0,5.62182E+20,5.51576E+21,9.86392E+15,4.97911E+16