OBJECTID,UIDENTSTLA,ULAND,UREGBEZ,UKREIS,UGEMEINDE,UJAHR,UMONAT,USTUNDE,UWOCHENTAG,UKATEGORIE,UART,UTYP1,IstRad,IstPKW,IstFuss,IstKrad,IstSonstig,LICHT,STRZUSTAND,LINREFX,LINREFY,XGCSWGS84,YGCSWGS84
92749,9.17092E+18,9,6,77,155,2017,9,15,7,2,2,6,1,0,0,0,0,0,0,5.42924E+20,5.53509E+21,9.59852E+15,4.99666E+16
92750,9.17093E+18,9,1,77,115,2017,9,8,4,2,8,1,0,1,0,0,0,0,1,7.37116E+20,5.35346E+21,1.21968E+16,4.82899E+16
92751,9.17093E+18,9,1,84,127,2017,9,11,3,3,4,7,1,0,0,0,1,0,0,7.02637E+20,5.32203E+21,1.17176E+16,4.80194E+16
92752,9.17093E+18,9,1,84,135,2017,9,8,3,2,2,6,0,1,0,0,1,0,0,6.86772E+20,5.3475E+21,1.15162E+16,4.82532E+16
92753,9.17093E+18,9,1,62,0,2017,9,17,3,3,0,7,0,1,0,0,0,1,0,6.91864E+20,5.33926E+21,1.1581E+16,4.81776E+16
92754,9.17093E+18,9,1,62,0,2017,9,6,3,3,3,6,0,1,0,0,1,0,0,6.88729E+20,5.3384E+21,1.15385E+16,4.81708E+16
92755,9.17093E+18,9,1,62,0,2017,9,9,3,3,5,2,1,1,0,0,0,0,0,6.87775E+20,5.33502E+21,1.15242E+16,4.81407E+16
92756,9.17092E+18,9,6,75,174,2017,9,15,7,3,5,3,0,1,0,1,0,0,0,5.88397E+20,5.52332E+21,1.02298E+16,4.98557E+16
92757,9.17093E+18,9,1,84,114,2017,9,18,3,3,5,3,0,1,0,0,0,0,0,7.02666E+20,5.3181E+21,1.17161E+16,4.79841E+16
92758,9.17093E+18,9,7,78,168,2017,9,18,3,2,5,3,1,0,0,0,1,0,0,6.0497E+20,5.31264E+21,1.04061E+16,4.79584E+16
92759,9.17093E+18,9,7,78,123,2017,9,7,3,3,4,2,0,1,0,1,0,0,0,5.84626E+20,5.31675E+21,1.01344E+16,4.79985E+16
92760,9.17093E+18,9,7,74,162,2017,9,6,3,2,9,1,0,1,0,0,0,1,1,5.98854E+20,5.35366E+21,1.03337E+16,4.83284E+16
92761,9.17093E+18,9,7,74,150,2017,9,14,3,2,4,6,0,1,0,0,0,0,0,6.03299E+20,5.34444E+21,1.03914E+16,4.82447E+16
92762,9.17093E+18,9,7,77,172,2017,9,15,3,2,4,6,0,1,0,1,0,0,0,6.27767E+20,5.30592E+21,1.07093E+16,4.78939E+16
92763,9.17092E+18,9,6,72,135,2017,9,10,7,2,0,1,0,0,0,1,0,0,0,5.8463E+20,5.56587E+21,1.01868E+16,5.02389E+16
92764,9.17092E+18,9,6,62,0,2017,9,19,7,2,6,4,0,1,1,0,0,0,0,5.86834E+20,5.54286E+21,1.02124E+16,5.00317E+16
92765,9.17093E+18,9,7,79,217,2017,9,9,3,2,2,2,0,1,0,0,1,0,0,6.42254E+20,5.4088E+21,1.09378E+16,4.88159E+16
92766,9.17092E+18,9,6,78,176,2017,9,14,7,3,5,3,0,1,0,0,0,0,0,5.89575E+20,5.53782E+21,1.02495E+16,4.9986E+16
92767,9.17093E+18,9,7,73,112,2017,9,20,3,3,0,7,0,1,0,0,0,1,1,6.00477E+20,5.38743E+21,1.03637E+16,4.86318E+16
92768,9.17092E+18,9,6,62,0,2017,9,9,7,2,2,2,0,1,0,0,0,0,0,5.88352E+20,5.54489E+21,1.02341E+16,5.00498E+16
92769,9.17093E+18,9,7,73,183,2017,9,7,3,3,5,3,0,1,0,1,0,1,0,6.03592E+20,5.38634E+21,1.04057E+16,4.86216E+16
92770,9.17092E+18,9,6,76,123,2017,9,14,7,3,2,6,0,1,0,0,0,0,0,5.20292E+20,5.52284E+21,9.28231E+15,4.98576E+16
92771,9.17093E+18,9,7,73,139,2017,9,16,3,3,0,2,0,1,0,1,0,0,0,6.16444E+20,5.38508E+21,1.05797E+16,4.86079E+16
92772,9.17093E+18,9,7,71,122,2017,9,19,3,3,3,6,0,1,0,0,0,1,0,6.53961E+20,5.3612E+21,1.10795E+16,4.83852E+16
92773,9.17093E+18,9,7,61,0,2017,9,17,3,3,3,6,0,1,0,0,1,0,0,6.40327E+20,5.36402E+21,1.08964E+16,4.84137E+16
92774,9.17093E+18,9,7,72,115,2017,9,12,3,3,4,1,0,1,0,1,0,0,0,6.17382E+20,5.36731E+21,1.05874E+16,4.84479E+16
92775,9.17093E+18,9,7,61,0,2017,9,16,3,3,2,6,0,1,0,0,1,0,0,6.38101E+20,5.36135E+21,1.08655E+16,4.83902E+16
92776,9.17093E+18,9,7,61,0,2017,9,7,3,3,1,6,0,1,0,0,0,0,0,6.421E+20,5.36216E+21,1.09197E+16,4.83966E+16
92777,9.17092E+18,9,6,71,136,2017,9,18,7,3,0,1,0,0,0,1,0,0,0,5.03412E+20,5.54117E+21,9.04764E+15,5.00228E+16
92778,9.17093E+18,9,6,75,179,2017,9,17,3,2,2,2,0,1,0,1,0,0,0,5.90775E+20,5.50054E+21,1.02575E+16,4.96505E+16
92779,9.17093E+18,9,6,75,141,2017,9,15,3,3,0,7,0,0,0,1,1,0,1,5.8365E+20,5.51066E+21,1.0161E+16,4.97426E+16
92780,9.17092E+18,9,6,71,122,2017,9,14,7,3,5,3,1,1,0,0,0,0,0,5.0283E+20,5.52672E+21,9.0394E+15,4.98929E+16
92781,9.17093E+18,9,6,79,143,2017,9,7,3,3,2,6,0,1,0,0,0,0,1,5.71596E+20,5.52965E+21,9.99725E+15,4.99149E+16
92782,9.17092E+18,9,5,72,135,2017,9,15,7,3,9,1,0,1,0,0,0,0,0,6.50987E+20,5.48694E+21,1.1086E+16,4.95163E+16
92783,9.17093E+18,9,6,72,121,2017,9,6,3,3,5,3,0,1,0,0,0,2,1,5.69097E+20,5.55326E+21,9.96671E+15,5.01276E+16
92784,9.17093E+18,9,6,72,117,2017,9,6,3,2,5,3,0,1,0,0,0,2,0,5.69938E+20,5.56686E+21,9.98097E+15,5.02498E+16
92785,9.17092E+18,9,5,72,132,2017,9,19,7,2,0,7,1,0,0,0,1,2,0,6.36076E+20,5.49291E+21,1.08822E+16,4.95735E+16
92786,9.17092E+18,9,5,65,0,2017,9,16,7,3,2,2,0,1,0,0,0,0,0,6.47145E+20,5.46599E+21,1.10252E+16,4.93289E+16
92787,9.17092E+18,9,5,76,142,2017,9,16,7,2,5,3,0,1,0,1,0,0,0,6.43635E+20,5.47041E+21,1.09785E+16,4.93695E+16
92788,9.17092E+18,9,5,73,120,2017,9,10,7,2,4,1,0,1,0,1,0,0,0,6.28945E+20,5.48252E+21,1.07802E+16,4.94816E+16
92789,9.17092E+18,9,5,77,177,2017,9,18,7,3,8,1,0,0,0,1,0,0,0,6.48731E+20,5.43278E+21,1.10347E+16,4.90299E+16
92790,9.17093E+18,9,6,62,0,2017,9,7,3,3,0,1,0,0,0,1,0,0,1,5.87856E+20,5.5447E+21,1.02271E+16,5.00481E+16
92791,9.17093E+18,9,6,76,139,2017,9,16,3,3,2,6,1,0,0,0,1,0,0,5.18021E+20,5.50588E+21,9.24993E+15,4.97052E+16
92792,9.17093E+18,9,6,61,0,2017,9,16,3,3,2,1,0,1,0,1,0,0,0,5.10081E+20,5.53476E+21,9.14056E+15,4.99651E+16
92793,9.17093E+18,9,6,61,0,2017,9,18,3,3,0,2,0,1,0,1,0,0,1,5.11386E+20,5.53693E+21,9.15882E+15,4.99846E+16
92794,9.17093E+18,9,5,72,135,2017,9,14,3,2,4,6,0,1,0,1,0,0,0,6.30274E+20,5.50294E+21,1.08053E+16,4.96649E+16
92795,9.17093E+18,9,5,62,0,2017,9,15,3,3,5,3,1,1,0,0,0,0,0,6.44274E+20,5.49484E+21,1.09962E+16,4.95889E+16
92796,9.17093E+18,9,5,62,0,2017,9,8,3,3,2,6,0,1,0,0,0,0,0,6.44865E+20,5.49361E+21,1.10039E+16,4.95777E+16
92797,9.17093E+18,9,5,65,0,2017,9,16,3,2,4,2,0,1,0,0,0,0,0,6.50803E+20,5.46606E+21,1.10755E+16,4.93286E+16
92798,9.17093E+18,9,5,76,151,2017,9,16,3,3,1,6,0,1,0,0,0,0,0,6.53305E+20,5.46802E+21,1.11107E+16,4.93456E+16
92799,9.17093E+18,9,5,76,111,2017,9,18,3,1,5,3,1,1,0,0,0,1,0,6.38744E+20,5.45833E+21,1.0907E+16,4.9262E+16
92800,9.17093E+18,9,5,74,138,2017,9,12,3,3,5,3,0,1,0,0,0,0,0,6.65186E+20,5.48731E+21,1.12822E+16,4.95159E+16
92801,9.17093E+18,9,5,74,155,2017,9,17,3,3,2,6,0,1,0,0,0,0,0,6.67414E+20,5.49323E+21,1.13154E+16,4.95685E+16
92802,9.17093E+18,9,5,74,150,2017,9,16,3,3,2,6,0,1,0,0,0,0,0,6.70999E+20,5.48745E+21,1.13625E+16,4.95155E+16
92803,9.17093E+18,9,5,64,0,2017,9,9,3,3,2,6,0,1,0,0,1,0,0,6.52334E+20,5.48205E+21,1.11027E+16,4.9472E+16
92804,9.17093E+18,9,5,64,0,2017,9,9,3,2,4,2,1,1,0,0,0,0,0,6.53756E+20,5.47996E+21,1.11215E+16,4.94528E+16
92805,9.17092E+18,9,5,71,227,2017,9,15,7,2,0,7,0,0,0,1,0,0,0,6.03422E+20,5.4348E+21,1.04156E+16,4.90574E+16
92806,9.17093E+18,9,5,64,0,2017,9,16,3,3,4,6,1,0,0,0,0,0,0,6.53805E+20,5.47413E+21,1.11199E+16,4.94004E+16
92807,9.17093E+18,9,5,77,122,2017,9,6,3,2,9,1,0,0,0,1,0,0,0,6.32895E+20,5.43471E+21,1.08188E+16,4.90509E+16
92808,9.17093E+18,9,5,75,153,2017,9,15,3,2,2,2,0,1,0,1,0,0,0,6.1611E+20,5.49285E+21,1.06061E+16,4.95771E+16
92809,9.17093E+18,9,4,73,166,2017,9,16,3,3,2,6,0,1,0,0,0,0,0,6.51259E+20,5.56516E+21,1.11203E+16,5.02192E+16
92810,9.17093E+18,9,3,63,0,2017,9,17,3,3,4,2,1,1,0,0,0,0,0,7.28997E+20,5.5075E+21,1.21743E+16,4.96765E+16
92811,9.17093E+18,9,3,75,162,2017,9,16,3,3,2,1,0,1,0,0,0,0,0,7.14093E+20,5.43726E+21,1.19302E+16,4.9051E+16
92812,9.17092E+18,9,5,61,0,2017,9,8,7,3,1,3,1,1,0,0,0,0,0,6.15231E+20,5.46221E+21,1.05851E+16,4.93017E+16
92813,9.17093E+18,9,3,72,153,2017,9,9,3,2,0,1,1,0,0,0,0,0,0,7.56055E+20,5.45503E+21,1.25148E+16,4.91945E+16
92814,9.17092E+18,9,5,61,0,2017,9,14,7,3,4,2,0,1,0,0,0,0,0,6.15292E+20,5.46183E+21,1.05858E+16,4.92984E+16
92815,9.17093E+18,9,3,75,165,2017,9,5,3,3,0,6,0,1,0,0,0,2,1,7.26195E+20,5.43699E+21,1.20955E+16,4.90442E+16
92816,9.17093E+18,9,3,73,147,2017,9,13,3,3,5,3,0,1,0,0,0,0,0,6.81047E+20,5.4623E+21,1.14897E+16,4.92866E+16
92817,9.17092E+18,9,4,75,156,2017,9,9,7,3,2,6,0,1,0,0,0,0,0,6.92018E+20,5.58086E+21,1.1699E+16,5.03484E+16
92818,9.17092E+18,9,4,79,136,2017,9,9,7,3,3,6,0,1,0,0,0,0,0,7.2341E+20,5.54945E+21,1.21212E+16,5.00553E+16
92819,9.17093E+18,9,3,73,156,2017,9,7,3,3,8,7,0,1,0,0,0,0,1,6.6888E+20,5.46297E+21,1.13228E+16,4.92961E+16
92820,9.17092E+18,9,4,76,175,2017,9,1,7,3,8,1,0,1,0,0,0,2,0,6.66116E+20,5.58901E+21,1.13389E+16,5.04296E+16
92821,9.17092E+18,9,4,71,145,2017,9,21,7,3,2,6,0,1,0,0,0,2,0,6.44665E+20,5.52096E+21,1.10113E+16,4.98236E+16
92822,9.17092E+18,9,4,71,119,2017,9,15,7,3,5,3,1,1,0,0,0,0,0,6.35399E+20,5.53774E+21,1.08884E+16,4.99766E+16
92823,9.17093E+18,9,3,61,0,2017,9,9,3,3,2,6,0,1,0,0,0,0,0,7.08306E+20,5.48051E+21,1.18736E+16,4.94415E+16
92824,9.17093E+18,9,3,61,0,2017,9,16,3,2,9,1,0,0,0,1,0,0,0,7.05271E+20,5.48092E+21,1.1832E+16,4.94462E+16
92825,9.17093E+18,9,2,71,119,2017,9,18,3,3,2,6,0,1,0,0,1,0,0,7.86207E+20,5.41681E+21,1.29008E+16,4.88382E+16
92826,9.17093E+18,9,2,78,121,2017,9,11,3,2,4,6,0,1,0,0,0,0,0,7.6213E+20,5.41522E+21,1.25723E+16,4.88346E+16
92827,9.17093E+18,9,2,71,122,2017,9,17,3,3,2,6,0,1,0,1,0,0,0,7.90736E+20,5.42215E+21,1.29662E+16,4.88841E+16
92828,9.17093E+18,9,2,78,118,2017,9,6,3,3,6,4,0,1,1,0,0,1,0,7.74395E+20,5.42124E+21,1.27431E+16,4.88833E+16
92829,9.17093E+18,9,2,71,127,2017,9,11,3,2,2,6,0,0,0,0,1,0,0,8.05517E+20,5.40465E+21,1.31542E+16,4.87199E+16
92830,9.17093E+18,9,2,75,114,2017,9,13,3,3,5,3,0,1,0,0,1,0,0,7.97489E+20,5.38886E+21,1.3034E+16,4.85821E+16
92831,9.17093E+18,9,2,75,154,2017,9,17,3,2,5,2,0,1,0,1,0,0,0,8.16641E+20,5.39274E+21,1.32959E+16,4.86075E+16
92832,9.17093E+18,9,2,75,122,2017,9,15,3,3,2,6,0,1,0,0,0,0,0,8.18345E+20,5.38344E+21,1.33119E+16,4.85233E+16
92833,9.17092E+18,9,4,71,207,2017,9,11,7,3,4,6,1,0,0,0,0,0,0,6.27651E+20,5.53165E+21,1.07784E+16,4.99236E+16
92834,9.17093E+18,9,2,75,149,2017,9,14,3,2,5,3,0,1,0,1,0,0,0,8.12876E+20,5.37112E+21,1.32288E+16,4.84154E+16
92835,9.17093E+18,9,2,77,121,2017,9,5,3,2,8,7,0,1,0,0,0,2,0,7.68857E+20,5.37448E+21,1.26374E+16,4.84659E+16
92836,9.17093E+18,9,2,77,116,2017,9,16,3,3,2,6,0,1,0,0,0,0,0,7.79785E+20,5.36842E+21,1.27808E+16,4.84068E+16
92837,9.17093E+18,9,2,74,194,2017,9,17,3,3,8,1,0,1,0,0,0,0,0,7.20781E+20,5.38281E+21,1.19924E+16,4.85594E+16
92838,9.17093E+18,9,2,79,132,2017,9,13,3,3,2,6,0,1,0,0,1,0,0,7.68617E+20,5.40102E+21,1.26513E+16,4.87043E+16
92839,9.17093E+18,9,1,83,113,2017,9,15,3,3,1,6,0,1,0,0,0,0,0,7.50356E+20,5.34384E+21,1.23693E+16,4.81984E+16
92840,9.17093E+18,9,1,87,169,2017,9,15,3,3,6,1,0,0,0,1,1,0,0,7.39172E+20,5.29805E+21,1.21936E+16,4.77914E+16
92841,9.17092E+18,9,3,74,149,2017,9,16,7,3,5,3,0,1,0,0,0,0,0,7.1257E+20,5.51368E+21,1.19503E+16,4.9738E+16
92842,9.17092E+18,9,3,72,154,2017,9,7,7,3,5,3,0,1,0,0,0,0,0,7.56432E+20,5.47322E+21,1.25316E+16,4.93577E+16
92843,9.17093E+18,9,1,87,138,2017,9,17,3,1,5,6,0,0,0,1,1,0,0,7.53751E+20,5.31261E+21,1.23964E+16,4.79166E+16
92844,9.17092E+18,9,3,72,124,2017,9,12,7,3,0,7,0,0,0,1,0,0,0,7.86852E+20,5.46962E+21,1.2947E+16,4.93119E+16
92845,9.17093E+18,9,1,82,116,2017,9,9,3,3,9,1,0,1,0,0,0,0,0,7.05317E+20,5.29037E+21,1.17385E+16,4.7734E+16
92846,9.17092E+18,9,3,75,190,2017,9,10,7,3,4,2,0,1,0,0,0,0,0,7.2804E+20,5.44422E+21,1.21248E+16,4.91085E+16
92847,9.17092E+18,9,3,62,0,2017,9,18,7,3,1,6,0,1,0,0,0,0,0,7.25088E+20,5.43533E+21,1.20794E+16,4.90297E+16
92848,9.17093E+18,9,1,85,153,2017,9,20,3,3,4,6,0,0,0,0,1,2,0,6.46403E+20,5.40098E+21,1.09915E+16,4.87446E+16
92849,9.17092E+18,9,3,73,159,2017,9,16,7,2,0,7,1,0,0,0,1,0,1,6.78025E+20,5.45712E+21,1.14459E+16,4.92409E+16
92850,9.17092E+18,9,3,71,131,2017,9,18,7,3,3,2,0,1,0,0,0,0,0,6.93177E+20,5.478E+21,1.16639E+16,4.9424E+16
92851,9.17093E+18,9,1,62,0,2017,9,8,5,3,3,6,0,1,0,1,0,0,0,6.90326E+20,5.33195E+21,1.15571E+16,4.81124E+16
92852,9.17092E+18,9,3,76,119,2017,9,15,7,3,5,2,0,1,0,0,0,0,0,7.22803E+20,5.45392E+21,1.20585E+16,4.91976E+16
92853,9.17092E+18,9,2,76,143,2017,9,19,7,3,0,7,0,0,0,1,0,2,0,7.93268E+20,5.43751E+21,1.30117E+16,4.90207E+16
92854,9.17092E+18,9,2,78,192,2017,9,11,7,3,5,3,0,1,0,0,0,0,0,7.70969E+20,5.41741E+21,1.2694E+16,4.88504E+16
92855,9.17092E+18,9,2,63,0,2017,9,21,7,3,4,2,0,1,0,1,0,2,0,7.61993E+20,5.42051E+21,1.25738E+16,4.88821E+16
92856,9.17093E+18,9,1,85,163,2017,9,20,3,2,2,6,0,1,0,0,1,2,0,6.65119E+20,5.39327E+21,1.12428E+16,4.86707E+16
92857,9.17093E+18,9,1,86,162,2017,9,17,3,3,5,3,0,1,0,0,0,0,0,6.92531E+20,5.38714E+21,1.16119E+16,4.86077E+16
92858,9.17093E+18,9,1,62,0,2017,9,2,5,3,8,1,0,1,0,0,0,2,0,6.94602E+20,5.33611E+21,1.16164E+16,4.81485E+16
92859,9.17093E+18,9,1,79,113,2017,9,8,3,3,5,3,0,1,0,0,0,0,0,6.71753E+20,5.33576E+21,1.13093E+16,4.81519E+16
92860,9.17093E+18,9,1,74,141,2017,9,11,3,3,9,1,0,1,0,0,0,0,0,6.79105E+20,5.35534E+21,1.14164E+16,4.83258E+16
92861,9.17093E+18,9,1,78,145,2017,9,17,3,3,2,6,0,1,0,0,0,0,0,6.96568E+20,5.35404E+21,1.16511E+16,4.8309E+16
92862,9.17093E+18,9,1,77,115,2017,9,6,3,3,4,6,0,1,0,0,0,2,0,7.31951E+20,5.35307E+21,1.21271E+16,4.82883E+16
92863,9.17093E+18,9,1,84,137,2017,9,13,2,3,0,7,0,0,0,1,0,0,0,7.08632E+20,5.31377E+21,1.17939E+16,4.79433E+16
92864,9.17093E+18,9,1,62,0,2017,9,10,2,3,2,2,0,1,0,0,1,0,0,6.82391E+20,5.33404E+21,1.14515E+16,4.81335E+16
92865,9.17093E+18,9,1,62,0,2017,9,8,2,3,2,6,0,1,0,0,0,0,0,6.8518E+20,5.33535E+21,1.14895E+16,4.81444E+16
92866,9.17093E+18,9,1,84,122,2017,9,15,2,3,5,3,1,1,0,0,0,0,0,6.88773E+20,5.32494E+21,1.15331E+16,4.80498E+16
92867,9.17093E+18,9,1,84,136,2017,9,15,2,3,5,3,1,1,0,0,0,0,0,6.9806E+20,5.32728E+21,1.16587E+16,4.8068E+16
92868,9.17093E+18,9,1,62,0,2017,9,14,2,3,0,6,1,1,0,0,0,0,0,6.96007E+20,5.33382E+21,1.16342E+16,4.81275E+16
92869,9.17093E+18,9,1,62,0,2017,9,14,2,3,5,3,0,1,0,0,0,0,0,6.94061E+20,5.34027E+21,1.1611E+16,4.8186E+16
92870,9.17092E+18,9,2,78,190,2017,9,15,7,2,2,6,0,0,0,1,0,0,0,7.65627E+20,5.42832E+21,1.26284E+16,4.89506E+16
92871,9.17092E+18,9,2,78,159,2017,9,13,7,3,5,3,0,1,0,1,0,0,0,7.78574E+20,5.42143E+21,1.28001E+16,4.88832E+16
92872,9.17093E+18,9,1,84,130,2017,9,19,2,3,4,6,0,1,0,1,0,2,0,6.9769E+20,5.34372E+21,1.16614E+16,4.82159E+16
92873,9.17092E+18,9,2,62,0,2017,9,13,7,2,3,6,0,1,0,0,1,0,0,8.29972E+20,5.39008E+21,1.34741E+16,4.85768E+16
92874,9.17093E+18,9,1,62,0,2017,9,19,2,3,6,7,0,1,1,0,0,2,0,6.95285E+20,5.33128E+21,1.16233E+16,4.81048E+16
92875,9.17092E+18,9,2,75,116,2017,9,17,7,3,0,1,1,0,0,0,0,0,0,8.19894E+20,5.36546E+21,1.33191E+16,4.83611E+16
92876,9.17093E+18,9,7,75,139,2017,9,18,2,3,2,6,0,1,0,0,0,0,0,5.80426E+20,5.36817E+21,1.00879E+16,4.84615E+16
92877,9.17092E+18,9,2,74,134,2017,9,17,7,3,6,4,0,1,1,0,0,0,0,7.40742E+20,5.37407E+21,1.22574E+16,4.84736E+16
92878,9.17093E+18,9,7,75,135,2017,9,15,2,3,5,2,1,1,0,0,0,0,0,5.74611E+20,5.35842E+21,1.00075E+16,4.83746E+16
92879,9.17093E+18,9,7,78,151,2017,9,7,2,3,4,6,0,1,0,0,1,0,0,5.93447E+20,5.31922E+21,1.02532E+16,4.80194E+16
92880,9.17093E+18,9,7,75,111,2017,9,8,2,3,0,7,1,0,0,0,0,0,0,5.82773E+20,5.33508E+21,1.01132E+16,4.81636E+16
92881,9.17093E+18,9,7,78,203,2017,9,14,2,3,9,1,0,1,0,0,0,0,0,6.22991E+20,5.3222E+21,1.06501E+16,4.80412E+16
92882,9.17093E+18,9,7,64,0,2017,9,23,5,3,6,7,1,0,1,0,0,2,1,5.89057E+20,5.31656E+21,1.01938E+16,4.79962E+16
92883,9.17093E+18,9,7,74,121,2017,9,9,5,3,5,3,0,1,0,0,0,0,0,6.04347E+20,5.36466E+21,1.04105E+16,4.84265E+16
92884,9.17093E+18,9,7,80,124,2017,9,21,2,3,8,1,0,1,0,0,0,2,0,5.9495E+20,5.27197E+21,1.0263E+16,4.75942E+16
92885,9.17093E+18,9,7,80,120,2017,9,16,2,3,4,6,0,1,0,0,0,0,0,6.02518E+20,5.28378E+21,1.03664E+16,4.76993E+16
92886,9.17092E+18,9,2,73,166,2017,9,14,7,2,8,1,0,1,0,0,0,0,0,7.14311E+20,5.4152E+21,1.19216E+16,4.88527E+16
92887,9.17092E+18,9,2,73,152,2017,9,20,7,3,9,7,0,1,0,0,0,2,0,7.03866E+20,5.41209E+21,1.17779E+16,4.88283E+16
92888,9.17093E+18,9,7,80,120,2017,9,5,2,3,2,6,1,1,0,0,0,2,0,6.00886E+20,5.28355E+21,1.03446E+16,4.76975E+16
92889,9.17092E+18,9,1,73,147,2017,9,10,7,3,2,6,0,1,0,0,0,0,0,6.81989E+20,5.30838E+21,1.14352E+16,4.79029E+16
92890,9.17093E+18,9,7,63,0,2017,9,14,2,3,2,6,0,1,0,0,0,0,0,5.9728E+20,5.2857E+21,1.0297E+16,4.77173E+16
92891,9.17092E+18,9,1,90,159,2017,9,9,7,2,2,6,0,1,0,0,1,0,0,6.6206E+20,5.30611E+21,1.11679E+16,4.78879E+16
92892,9.17092E+18,9,1,73,135,2017,9,11,7,3,9,7,0,0,0,1,0,0,0,6.92554E+20,5.2791E+21,1.15634E+16,4.76367E+16
92893,9.17093E+18,9,7,80,131,2017,9,14,2,3,8,1,0,0,0,1,0,0,1,5.91607E+20,5.25469E+21,1.02149E+16,4.74392E+16
92894,9.17092E+18,9,1,89,119,2017,9,13,7,3,5,3,1,1,0,0,0,0,0,7.67783E+20,5.30963E+21,1.2582E+16,4.78841E+16
92895,9.17092E+18,9,1,82,123,2017,9,15,7,3,5,3,0,1,0,1,0,0,0,7.15803E+20,5.30122E+21,1.18835E+16,4.78281E+16
92896,9.17093E+18,9,7,76,131,2017,9,16,2,3,8,6,0,1,0,0,0,0,0,5.63457E+20,5.2802E+21,9.84533E+15,4.7672E+16
92897,9.17093E+18,9,7,80,124,2017,9,12,2,3,6,2,0,1,1,0,0,0,0,5.92233E+20,5.26845E+21,1.02261E+16,4.75629E+16
92898,9.17093E+18,9,7,76,116,2017,9,16,5,3,0,1,1,0,0,0,0,0,0,5.52244E+20,5.27072E+21,9.69484E+15,4.75878E+16
92899,9.17093E+18,9,7,77,159,2017,9,13,2,2,3,6,1,1,0,0,0,0,0,6.17498E+20,5.27262E+21,1.0563E+16,4.75963E+16
92900,9.17093E+18,9,7,77,140,2017,9,23,2,2,7,7,0,0,0,1,0,2,0,6.26074E+20,5.31728E+21,1.069E+16,4.79964E+16
92901,9.17093E+18,9,7,77,154,2017,9,14,5,3,2,6,0,1,0,0,0,0,0,6.05352E+20,5.30277E+21,1.04088E+16,4.78697E+16
92902,9.17093E+18,9,7,79,155,2017,9,6,2,2,7,7,0,0,0,1,0,2,0,6.19997E+20,5.40647E+21,1.06341E+16,4.87996E+16
92903,9.17093E+18,9,7,72,147,2017,9,20,2,3,2,6,0,1,0,0,1,2,0,6.38588E+20,5.36412E+21,1.0873E+16,4.8415E+16
92904,9.17093E+18,9,7,72,216,2017,9,15,2,3,0,7,1,0,0,0,0,0,0,6.22667E+20,5.36843E+21,1.06592E+16,4.84571E+16
92905,9.17093E+18,9,7,72,211,2017,9,15,2,3,2,6,0,1,0,0,0,0,0,6.2246E+20,5.353E+21,1.06519E+16,4.83184E+16
92906,9.17093E+18,9,7,71,130,2017,9,7,2,3,0,1,1,0,0,0,0,0,0,6.44845E+20,5.35849E+21,1.09555E+16,4.8363E+16
92907,9.17093E+18,9,7,61,0,2017,9,23,2,3,0,1,0,1,0,0,0,2,0,6.41775E+20,5.35975E+21,1.09145E+16,4.8375E+16
92908,9.17093E+18,9,7,61,0,2017,9,8,2,3,3,2,1,1,0,0,0,0,0,6.4045E+20,5.36031E+21,1.08969E+16,4.83803E+16
92909,9.17093E+18,9,6,79,196,2017,9,13,2,3,2,6,0,0,0,0,1,0,0,5.52941E+20,5.51388E+21,9.73528E+15,4.97751E+16
92910,9.17093E+18,9,6,79,180,2017,9,6,2,3,4,2,0,1,0,0,0,0,0,5.67427E+20,5.52381E+21,9.93817E+15,4.98629E+16
92911,9.17092E+18,9,1,87,170,2017,9,18,7,2,5,3,0,1,0,1,0,0,0,7.34763E+20,5.31994E+21,1.21467E+16,4.79897E+16
92912,9.17093E+18,9,6,63,0,2017,9,9,2,3,1,6,0,1,0,0,1,0,0,5.66233E+20,5.51979E+21,9.92088E+15,4.98269E+16
92913,9.17092E+18,9,1,87,164,2017,9,14,7,3,6,7,0,1,1,0,0,0,0,7.33016E+20,5.32352E+21,1.21252E+16,4.80224E+16
92914,9.17093E+18,9,6,63,0,2017,9,7,2,3,2,6,0,1,0,0,0,0,0,5.65515E+20,5.51728E+21,9.91047E+15,4.98044E+16
92915,9.17092E+18,9,1,87,186,2017,9,16,7,1,4,1,0,1,0,1,0,0,0,7.33117E+20,5.33201E+21,1.21312E+16,4.80986E+16
92916,9.17093E+18,9,6,77,125,2017,9,17,2,3,2,6,0,1,0,0,0,0,0,5.44096E+20,5.51974E+21,9.61312E+15,4.98284E+16
92917,9.17093E+18,9,6,75,141,2017,9,0,2,3,0,7,1,0,0,0,0,2,0,5.83862E+20,5.50984E+21,1.01638E+16,4.97352E+16
92918,9.17093E+18,9,6,74,195,2017,9,10,2,2,8,1,0,1,0,0,0,0,0,6.13854E+20,5.53693E+21,1.05878E+16,4.99739E+16
92919,9.17093E+18,9,6,74,184,2017,9,8,2,2,8,1,0,1,0,0,0,0,0,6.25394E+20,5.55533E+21,1.07547E+16,5.0137E+16
92920,9.17093E+18,9,6,61,0,2017,9,16,2,3,9,6,0,1,0,0,0,0,0,5.0765E+20,5.53777E+21,9.10673E+15,4.99922E+16