OBJECTID,UIDENTSTLA,ULAND,UREGBEZ,UKREIS,UGEMEINDE,UJAHR,UMONAT,USTUNDE,UWOCHENTAG,UKATEGORIE,UART,UTYP1,IstRad,IstPKW,IstFuss,IstKrad,IstSonstig,LICHT,STRZUSTAND,LINREFX,LINREFY,XGCSWGS84,YGCSWGS84
92921,9.17093E+18,9,6,61,0,2017,9,5,2,3,2,6,0,1,0,0,0,1,0,5.11945E+20,5.53739E+21,9.16664E+15,4.99887E+16
92922,9.17093E+18,9,5,62,0,2017,9,15,2,3,4,2,1,1,0,0,0,0,0,6.44736E+20,5.49368E+21,1.10022E+16,4.95784E+16
92923,9.17093E+18,9,5,72,121,2017,9,17,2,3,2,6,0,1,0,0,0,0,0,6.60154E+20,5.49395E+21,1.12154E+16,4.9577E+16
92924,9.17093E+18,9,5,65,0,2017,9,7,2,3,4,2,0,1,0,1,0,0,0,6.51227E+20,5.4665E+21,1.10815E+16,4.93325E+16
92925,9.17093E+18,9,5,76,111,2017,9,16,2,3,5,3,0,1,0,0,0,0,0,6.42581E+20,5.45651E+21,1.0959E+16,4.92447E+16
92926,9.17092E+18,9,1,87,116,2017,9,15,7,2,2,6,0,1,0,1,0,0,0,7.40977E+20,5.32894E+21,1.22349E+16,4.80682E+16
92927,9.17092E+18,9,1,87,162,2017,9,11,7,3,5,3,0,1,0,1,0,0,0,7.49627E+20,5.3057E+21,1.23373E+16,4.78561E+16
92928,9.17093E+18,9,5,64,0,2017,9,16,2,3,0,3,0,1,0,1,0,0,0,6.47594E+20,5.47933E+21,1.10363E+16,4.94487E+16
92929,9.17092E+18,9,1,87,172,2017,9,21,7,3,8,1,0,1,0,0,0,2,0,7.38857E+20,5.29471E+21,1.21875E+16,4.77615E+16
92930,9.17093E+18,9,5,64,0,2017,9,11,2,2,5,2,1,1,0,0,0,0,0,6.52393E+20,5.48232E+21,1.11036E+16,4.94744E+16
92931,9.17092E+18,9,1,87,130,2017,9,17,7,3,0,1,0,1,0,0,0,0,0,7.18189E+20,5.31249E+21,1.19211E+16,4.79286E+16
92932,9.17093E+18,9,5,64,0,2017,9,20,2,3,5,2,1,1,0,0,0,2,0,6.48913E+20,5.46957E+21,1.10508E+16,4.93606E+16
92933,9.17092E+18,9,1,76,131,2017,9,12,7,2,0,1,1,0,0,0,0,0,0,6.80713E+20,5.41044E+21,1.1462E+16,4.88206E+16
92934,9.17093E+18,9,5,77,140,2017,9,14,2,3,5,3,0,1,0,0,0,0,0,6.28585E+20,5.42986E+21,1.07583E+16,4.90082E+16
92935,9.17092E+18,9,1,86,137,2017,9,14,7,3,0,1,1,0,0,0,0,0,0,6.82867E+20,5.39898E+21,1.14862E+16,4.8717E+16
92936,9.17093E+18,9,5,75,145,2017,9,21,2,3,8,1,0,1,0,0,0,2,0,6.15163E+20,5.48751E+21,1.05915E+16,4.95292E+16
92937,9.17093E+18,9,7,80,124,2017,9,7,5,2,5,3,0,1,0,0,0,0,0,5.93482E+20,5.26907E+21,1.02429E+16,4.75683E+16
92938,9.17092E+18,9,1,85,158,2017,9,18,7,3,4,1,0,1,0,1,0,0,0,6.68542E+20,5.38597E+21,1.12863E+16,4.86041E+16
92939,9.17092E+18,9,1,76,166,2017,9,21,7,3,0,7,0,1,0,0,1,2,0,6.54157E+20,5.40948E+21,1.11001E+16,4.88192E+16
92940,9.17093E+18,9,5,71,114,2017,9,15,2,3,0,7,0,0,0,0,1,0,0,6.03615E+20,5.45617E+21,1.04238E+16,4.92495E+16
92941,9.17093E+18,9,5,61,0,2017,9,21,2,3,4,6,0,1,0,0,1,2,0,6.11427E+20,5.46476E+21,1.05335E+16,4.93254E+16
92942,9.17093E+18,9,4,78,143,2017,9,22,2,3,8,1,0,1,0,0,0,2,0,6.56899E+20,5.56125E+21,1.11977E+16,5.01827E+16
92943,9.17093E+18,9,4,76,189,2017,9,6,2,3,7,7,0,1,0,0,0,1,0,6.68616E+20,5.5737E+21,1.13672E+16,5.02913E+16
92944,9.17093E+18,9,7,79,203,2017,9,19,5,3,4,2,0,1,0,0,1,2,0,6.14062E+20,5.40904E+21,1.0554E+16,4.88239E+16
92945,9.17093E+18,9,4,73,120,2017,9,12,2,3,5,3,0,1,0,0,0,0,0,6.42337E+20,5.57182E+21,1.09978E+16,5.02814E+16
92946,9.17093E+18,9,4,77,135,2017,9,15,2,3,2,6,0,1,0,0,1,0,0,6.84161E+20,5.5549E+21,1.15761E+16,5.01178E+16
92947,9.17093E+18,9,7,73,146,2017,9,20,5,3,8,6,1,1,0,0,0,2,0,6.14389E+20,5.39227E+21,1.05538E+16,4.86729E+16
92948,9.17093E+18,9,3,63,0,2017,9,17,2,3,5,3,1,1,0,0,0,0,0,7.26743E+20,5.50471E+21,1.21415E+16,4.96523E+16
92949,9.17093E+18,9,3,75,180,2017,9,19,2,2,2,6,0,1,0,0,0,2,0,7.24474E+20,5.42897E+21,1.20675E+16,4.89728E+16
92950,9.17093E+18,9,3,72,153,2017,9,21,2,2,8,1,0,1,0,0,0,2,0,7.58044E+20,5.4542E+21,1.25415E+16,4.91863E+16
92951,9.17093E+18,9,3,72,153,2017,9,16,2,2,5,3,0,1,0,1,0,0,0,7.5648E+20,5.45273E+21,1.25192E+16,4.91738E+16
92952,9.17093E+18,9,3,75,208,2017,9,22,2,3,8,1,0,0,0,1,0,2,0,7.31845E+20,5.43987E+21,1.21743E+16,4.9068E+16
92953,9.17093E+18,9,3,75,165,2017,9,18,2,3,2,6,0,1,0,0,0,0,0,7.2637E+20,5.43704E+21,1.20979E+16,4.90446E+16
92954,9.17093E+18,9,3,62,0,2017,9,14,2,3,5,7,0,1,0,0,0,0,0,7.24057E+20,5.43559E+21,1.20655E+16,4.90324E+16
92955,9.17093E+18,9,7,73,125,2017,9,6,5,2,4,6,0,1,0,0,1,2,1,6.16104E+20,5.37968E+21,1.05736E+16,4.85595E+16
92956,9.17093E+18,9,3,73,121,2017,9,7,2,3,8,1,0,1,0,0,0,1,1,6.90435E+20,5.43425E+21,1.16054E+16,4.90317E+16
92957,9.17093E+18,9,3,71,154,2017,9,11,2,3,9,1,0,1,0,0,0,0,0,7.00803E+20,5.47647E+21,1.17682E+16,4.94078E+16
92958,9.17093E+18,9,3,76,149,2017,9,14,2,3,2,7,0,1,0,0,0,0,0,7.38675E+20,5.45495E+21,1.22766E+16,4.92008E+16
92959,9.17093E+18,9,3,71,118,2017,9,17,2,3,2,6,0,1,0,1,0,0,0,7.17799E+20,5.47475E+21,1.20012E+16,4.93864E+16
92960,9.17093E+18,9,2,71,111,2017,9,11,2,3,2,6,0,1,0,0,0,0,0,7.88182E+20,5.40717E+21,1.29209E+16,4.87508E+16
92961,9.17093E+18,9,2,77,145,2017,9,12,2,3,2,2,0,1,0,0,0,0,0,7.9724E+20,5.3529E+21,1.30052E+16,4.82595E+16
92962,9.17093E+18,9,2,75,122,2017,9,7,2,2,6,4,0,1,1,0,0,0,0,8.19587E+20,5.38605E+21,1.33307E+16,4.8546E+16
92963,9.17093E+18,9,2,77,116,2017,9,11,2,3,0,6,0,1,0,0,0,0,0,7.74782E+20,5.36719E+21,1.27126E+16,4.83979E+16
92964,9.17093E+18,9,2,73,178,2017,9,15,2,3,4,6,0,1,0,0,0,0,0,7.08768E+20,5.38798E+21,1.18324E+16,4.861E+16
92965,9.17092E+18,9,1,76,123,2017,9,16,7,3,8,1,0,0,0,0,1,0,0,6.62464E+20,5.41958E+21,1.12172E+16,4.89078E+16
92966,9.17093E+18,9,2,74,128,2017,9,6,2,3,5,3,0,1,0,0,1,1,0,7.36276E+20,5.38642E+21,1.22041E+16,4.85862E+16
92967,9.17093E+18,9,2,74,156,2017,9,8,2,2,9,1,0,1,0,0,0,0,0,7.44408E+20,5.38871E+21,1.23155E+16,4.86037E+16
92968,9.17092E+18,9,1,76,123,2017,9,0,7,3,8,1,0,1,0,0,0,2,0,6.62446E+20,5.41954E+21,1.12169E+16,4.89075E+16
92969,9.17093E+18,9,2,79,122,2017,9,19,2,3,8,1,0,1,0,0,0,2,0,7.74037E+20,5.40003E+21,1.27241E+16,4.8693E+16
92970,9.17092E+18,9,1,81,146,2017,9,5,7,3,0,1,0,0,0,0,1,2,0,6.51415E+20,5.32628E+21,1.10327E+16,4.80718E+16
92971,9.17093E+18,9,2,79,115,2017,9,18,2,3,6,4,0,1,1,0,0,0,0,7.60397E+20,5.38299E+21,1.25284E+16,4.85459E+16
92972,9.17092E+18,9,1,88,139,2017,9,14,7,3,0,7,1,0,0,0,0,0,0,6.7624E+20,5.319E+21,1.13627E+16,4.8E+16
92973,9.17093E+18,9,1,90,153,2017,9,16,2,3,2,6,0,1,0,0,0,0,0,6.74608E+20,5.28715E+21,1.1328E+16,4.77141E+16
92974,9.17092E+18,9,1,81,130,2017,9,15,7,3,0,1,0,0,0,1,0,0,0,6.39429E+20,5.32301E+21,1.08708E+16,4.80451E+16
92975,9.17093E+18,9,1,90,139,2017,9,7,2,3,8,1,0,0,0,1,0,0,1,6.57168E+20,5.29744E+21,1.10993E+16,4.78111E+16
92976,9.17093E+18,9,1,90,142,2017,9,7,2,2,4,6,0,1,0,0,0,0,0,6.59673E+20,5.29858E+21,1.11332E+16,4.78207E+16
92977,9.17093E+18,9,1,73,112,2017,9,15,2,3,2,6,0,1,0,1,0,0,0,6.91334E+20,5.29519E+21,1.15543E+16,4.77817E+16
92978,9.17093E+18,9,1,71,125,2017,9,15,2,3,2,6,0,1,0,0,0,0,0,7.78823E+20,5.35075E+21,1.27562E+16,4.82486E+16
92979,9.17093E+18,9,7,73,183,2017,9,17,5,3,9,1,0,0,0,1,0,0,0,6.06847E+20,5.38482E+21,1.04495E+16,4.86073E+16
92980,9.17093E+18,9,7,61,0,2017,9,17,5,2,2,6,0,1,0,1,0,0,0,6.38513E+20,5.35672E+21,1.08695E+16,4.83484E+16
92981,9.17092E+18,9,1,88,121,2017,9,9,7,3,2,6,1,1,0,0,0,0,0,6.71212E+20,5.33099E+21,1.13001E+16,4.81091E+16
92982,9.17092E+18,9,1,74,115,2017,9,12,7,3,9,3,0,1,0,0,0,0,0,6.81868E+20,5.34569E+21,1.14494E+16,4.82383E+16
92983,9.17092E+18,9,1,77,130,2017,9,15,7,3,5,2,0,1,0,0,0,0,0,7.12574E+20,5.35208E+21,1.18657E+16,4.82862E+16
92984,9.17092E+18,9,1,77,123,2017,9,9,7,3,4,6,0,1,0,0,0,0,0,7.27104E+20,5.34447E+21,1.20572E+16,4.82128E+16
92985,9.17092E+18,9,1,77,138,2017,9,14,7,3,4,1,0,1,0,0,0,0,0,7.25349E+20,5.36572E+21,1.2045E+16,4.84043E+16
92986,9.17092E+18,9,1,62,0,2017,9,11,6,3,2,6,0,1,0,0,0,2,0,6.91973E+20,5.33925E+21,1.15825E+16,4.81775E+16
92987,9.17093E+18,9,1,89,124,2017,9,9,2,2,0,2,0,1,0,1,0,0,0,7.80398E+20,5.298E+21,1.27429E+16,4.77743E+16
92988,9.17093E+18,9,1,83,128,2017,9,16,2,2,2,6,0,1,0,0,0,0,0,7.62001E+20,5.34883E+21,1.25288E+16,4.82385E+16
92989,9.17093E+18,9,7,72,170,2017,9,9,5,3,5,3,0,1,0,0,0,0,0,6.30991E+20,5.33341E+21,1.07608E+16,4.81405E+16
92990,9.17093E+18,9,1,72,118,2017,9,21,2,2,8,1,0,1,0,0,0,2,1,7.98466E+20,5.30614E+21,1.29891E+16,4.78393E+16
92991,9.17093E+18,9,7,72,184,2017,9,18,5,3,0,7,1,0,0,0,0,1,0,6.32797E+20,5.35896E+21,1.07931E+16,4.83699E+16
92992,9.17093E+18,9,1,72,111,2017,9,16,2,3,2,6,0,1,0,0,0,0,0,7.95906E+20,5.30465E+21,1.29539E+16,4.78271E+16
92993,9.17093E+18,9,1,71,112,2017,9,16,2,2,2,6,0,1,0,1,0,0,0,7.84984E+20,5.34179E+21,1.2833E+16,4.81654E+16
92994,9.17093E+18,9,7,71,130,2017,9,18,5,3,3,6,1,0,0,0,0,0,0,6.47057E+20,5.35745E+21,1.0985E+16,4.83531E+16
92995,9.17093E+18,9,1,72,117,2017,9,10,2,3,8,7,0,1,0,0,0,0,0,7.97475E+20,5.28512E+21,1.29615E+16,4.7651E+16
92996,9.17093E+18,9,1,71,125,2017,9,20,2,1,5,3,1,1,0,0,0,2,0,7.75171E+20,5.34876E+21,1.27058E+16,4.82323E+16
92997,9.17093E+18,9,1,82,123,2017,9,7,2,3,2,6,0,1,0,1,1,0,0,7.19836E+20,5.30086E+21,1.19372E+16,4.78235E+16
92998,9.17093E+18,9,1,87,177,2017,9,13,2,3,5,3,0,1,0,0,0,0,0,7.35949E+20,5.3044E+21,1.2154E+16,4.78496E+16
92999,9.17093E+18,9,1,87,114,2017,9,11,2,2,5,3,1,1,0,0,0,0,0,7.49104E+20,5.29639E+21,1.2325E+16,4.77727E+16
93000,9.17093E+18,9,1,82,119,2017,9,15,2,3,5,3,0,1,0,0,0,0,0,7.12341E+20,5.29309E+21,1.18334E+16,4.77562E+16
93001,9.17092E+18,9,1,84,121,2017,9,23,6,2,5,3,0,1,0,0,0,2,0,7.05419E+20,5.33115E+21,1.17592E+16,4.81004E+16
93002,9.17093E+18,9,1,85,158,2017,9,15,2,2,5,6,0,1,0,0,0,0,0,6.67953E+20,5.37972E+21,1.12758E+16,4.85481E+16
93003,9.17092E+18,9,7,77,121,2017,9,22,6,2,8,1,0,1,0,0,0,2,0,6.2774E+20,5.32056E+21,1.07133E+16,4.80256E+16
93004,9.17093E+18,9,1,76,126,2017,9,18,2,3,0,7,0,0,0,1,1,0,1,6.74592E+20,5.40682E+21,1.13771E+16,4.87899E+16
93005,9.17093E+18,9,1,76,126,2017,9,18,2,3,0,7,0,0,0,1,1,0,1,6.74592E+20,5.40682E+21,1.13771E+16,4.87899E+16
93006,9.17092E+18,9,7,75,135,2017,9,14,6,3,2,6,0,1,0,0,1,0,0,5.75468E+20,5.35966E+21,1.00193E+16,4.83856E+16
93007,9.17093E+18,9,1,86,147,2017,9,18,2,3,3,6,0,1,0,1,0,0,0,6.80436E+20,5.39331E+21,1.14507E+16,4.86667E+16
93008,9.17092E+18,9,7,78,173,2017,9,10,6,1,5,3,1,1,0,0,0,0,0,6.11998E+20,5.32274E+21,1.05028E+16,4.80481E+16
93009,9.17093E+18,9,1,86,147,2017,9,18,2,3,9,1,0,1,0,0,0,0,0,6.80414E+20,5.39173E+21,1.14497E+16,4.86525E+16
93010,9.17092E+18,9,7,78,118,2017,9,15,6,2,5,3,0,1,0,0,1,0,0,5.9099E+20,5.31269E+21,1.02189E+16,4.79611E+16
93011,9.17092E+18,9,7,75,129,2017,9,21,6,3,5,3,0,1,0,0,1,2,0,5.82766E+20,5.34369E+21,1.01147E+16,4.8241E+16
93012,9.17093E+18,9,1,76,164,2017,9,16,2,3,5,3,0,1,0,0,1,0,0,6.597E+20,5.42732E+21,1.11825E+16,4.89782E+16
93013,9.17093E+18,9,1,76,155,2017,9,15,2,3,8,7,1,0,0,0,0,0,0,6.5977E+20,5.42524E+21,1.11827E+16,4.89594E+16
93014,9.17093E+18,9,7,72,125,2017,9,16,5,3,5,3,1,1,0,0,0,0,0,6.36585E+20,5.34896E+21,1.0841E+16,4.82791E+16
93015,9.17092E+18,9,7,74,121,2017,9,16,6,2,1,1,0,1,0,1,0,0,0,6.04783E+20,5.36456E+21,1.04164E+16,4.84254E+16
93016,9.17092E+18,9,7,77,118,2017,9,9,6,2,2,1,0,1,0,0,0,0,0,6.29005E+20,5.29463E+21,1.07225E+16,4.77921E+16
93017,9.17093E+18,9,5,62,0,2017,9,19,7,3,5,3,1,1,0,0,0,1,0,6.44218E+20,5.49462E+21,1.09953E+16,4.9587E+16
93018,9.17093E+18,9,5,74,152,2017,9,12,7,3,5,3,0,1,0,0,0,0,0,6.64986E+20,5.48241E+21,1.12774E+16,4.94719E+16
93019,9.17093E+18,9,5,63,0,2017,9,5,7,3,5,3,0,1,0,0,0,1,0,6.42639E+20,5.48291E+21,1.09693E+16,4.9482E+16
93020,9.17093E+18,9,5,64,0,2017,9,14,7,3,6,4,0,1,1,0,0,0,0,6.49869E+20,5.47713E+21,1.10669E+16,4.94284E+16
93021,9.17093E+18,9,5,64,0,2017,9,14,7,3,2,6,0,1,0,0,0,0,0,6.47689E+20,5.47963E+21,1.10377E+16,4.94513E+16
93022,9.17101E+18,9,4,62,0,2017,10,7,5,3,4,2,1,1,0,0,0,1,1,6.86098E+20,5.53453E+21,1.15933E+16,4.99341E+16
93023,9.171E+18,9,6,79,180,2017,10,16,1,2,9,1,0,0,0,1,0,0,0,5.69315E+20,5.52512E+21,9.96467E+15,4.98745E+16
93024,9.17093E+18,9,5,75,153,2017,9,13,7,3,6,4,0,1,1,0,0,0,0,6.16099E+20,5.49289E+21,1.0606E+16,4.95775E+16
93025,9.17093E+18,9,5,75,112,2017,9,0,7,3,8,7,0,1,0,0,0,2,0,6.05196E+20,5.48422E+21,1.04529E+16,4.95015E+16
93026,9.17093E+18,9,4,75,127,2017,9,20,7,3,0,1,0,1,0,0,0,2,0,7.11202E+20,5.58162E+21,1.19688E+16,5.03488E+16
93027,9.17101E+18,9,4,74,132,2017,10,5,5,3,4,1,0,1,0,0,0,2,0,6.62546E+20,5.50305E+21,1.12522E+16,4.9658E+16
93028,9.171E+18,9,6,77,157,2017,10,16,1,3,2,2,0,1,0,1,0,0,0,5.40179E+20,5.51926E+21,9.5586E+15,4.98244E+16
93029,9.17101E+18,9,4,61,0,2017,10,5,5,2,5,3,1,1,0,0,0,2,0,6.36169E+20,5.52987E+21,1.08964E+16,4.99057E+16
93030,9.171E+18,9,6,77,120,2017,10,23,1,3,8,7,0,1,0,0,0,2,0,5.35554E+20,5.52488E+21,9.49482E+15,4.98753E+16
93031,9.17101E+18,9,3,63,0,2017,10,17,5,3,2,6,0,1,0,0,0,0,1,7.27483E+20,5.51041E+21,1.2155E+16,4.97032E+16
93032,9.17101E+18,9,3,63,0,2017,10,6,5,3,5,3,0,1,0,1,0,1,0,7.2668E+20,5.50795E+21,1.21425E+16,4.96814E+16
93033,9.171E+18,9,6,74,147,2017,10,12,1,3,5,3,0,1,0,0,0,0,0,6.06931E+20,5.54518E+21,1.04936E+16,5.00493E+16
93034,9.17101E+18,9,3,75,180,2017,10,9,5,3,1,6,0,1,0,0,0,0,0,7.24016E+20,5.43117E+21,1.20625E+16,4.89927E+16
93035,9.17101E+18,9,3,72,144,2017,10,17,5,3,5,3,0,1,0,0,1,1,1,7.94381E+20,5.46442E+21,1.30465E+16,4.92616E+16
93036,9.171E+18,9,6,78,136,2017,10,18,1,3,9,7,0,0,0,1,0,0,0,5.87173E+20,5.5403E+21,1.02166E+16,5.00087E+16
93037,9.17101E+18,9,3,73,112,2017,10,18,5,2,4,2,0,1,0,0,1,2,1,6.78687E+20,5.44576E+21,1.14499E+16,4.91387E+16
93038,9.17101E+18,9,3,72,116,2017,10,14,5,3,5,3,0,1,0,0,1,0,0,7.69421E+20,5.45786E+21,1.26998E+16,4.92142E+16
93039,9.17093E+18,9,4,72,175,2017,9,2,7,3,2,6,0,0,0,0,1,2,0,6.80209E+20,5.5183E+21,1.15038E+16,4.97901E+16
93040,9.17093E+18,9,4,72,116,2017,9,14,7,3,8,1,1,0,0,0,0,0,0,6.90589E+20,5.5466E+21,1.16618E+16,5.00412E+16
93041,9.17093E+18,9,4,74,121,2017,9,21,7,3,8,1,1,0,0,0,0,2,0,6.5587E+20,5.51648E+21,1.11652E+16,4.97806E+16
93042,9.17093E+18,9,4,71,155,2017,9,13,7,2,5,3,0,1,0,0,0,0,0,6.49738E+20,5.53251E+21,1.10862E+16,4.99262E+16
93043,9.17101E+18,9,3,71,116,2017,10,18,5,2,4,2,0,1,0,0,0,2,1,6.92395E+20,5.47838E+21,1.16533E+16,4.94276E+16
93044,9.17101E+18,9,3,76,151,2017,10,11,5,3,5,3,0,1,0,0,0,0,0,7.50451E+20,5.48528E+21,1.2457E+16,4.94684E+16
93045,9.17101E+18,9,2,76,138,2017,10,14,5,2,2,6,0,1,0,1,0,0,0,8.05913E+20,5.43438E+21,1.31818E+16,4.89864E+16
93046,9.17093E+18,9,4,61,0,2017,9,7,7,3,4,2,0,1,0,0,0,1,0,6.37887E+20,5.52928E+21,1.09201E+16,4.99E+16
93047,9.17101E+18,9,2,71,119,2017,10,19,5,1,6,4,0,1,1,0,0,2,1,7.90289E+20,5.41745E+21,1.29567E+16,4.8842E+16
93048,9.17101E+18,9,2,77,142,2017,10,16,5,3,0,2,0,1,0,0,1,0,0,7.8637E+20,5.38795E+21,1.2883E+16,4.85791E+16
93049,9.17101E+18,9,2,75,141,2017,10,13,5,3,2,6,0,0,0,0,1,0,0,8.2126E+20,5.37203E+21,1.33425E+16,4.84194E+16
93050,9.17101E+18,9,2,72,140,2017,10,17,5,3,8,1,0,1,0,0,0,0,1,8.28908E+20,5.41604E+21,1.34804E+16,4.88101E+16
93051,9.17101E+18,9,2,61,0,2017,10,15,5,3,2,6,0,1,0,0,0,0,0,7.31861E+20,5.38387E+21,1.21429E+16,4.8565E+16
93052,9.17101E+18,9,2,79,113,2017,10,17,5,3,8,7,1,0,0,0,0,0,0,7.84345E+20,5.39176E+21,1.28582E+16,4.86142E+16
93053,9.17101E+18,9,2,73,111,2017,10,13,5,3,5,3,1,0,0,0,1,0,0,7.09407E+20,5.41137E+21,1.18529E+16,4.882E+16
93054,9.17101E+18,9,1,73,137,2017,10,21,5,2,8,1,0,1,0,0,0,2,1,6.76733E+20,5.2981E+21,1.13607E+16,4.7812E+16
93055,9.17101E+18,9,1,73,130,2017,10,7,5,3,2,6,0,1,0,0,0,0,0,6.79246E+20,5.31036E+21,1.13993E+16,4.79215E+16
93056,9.17101E+18,9,1,73,130,2017,10,18,5,3,2,6,0,1,0,1,0,1,1,6.82003E+20,5.314E+21,1.14377E+16,4.79535E+16
93057,9.17093E+18,9,3,75,184,2017,9,12,7,3,5,3,0,1,0,0,0,0,0,7.15853E+20,5.43961E+21,1.19555E+16,4.90715E+16
93058,9.17101E+18,9,1,90,138,2017,10,14,5,2,5,3,0,1,0,1,0,0,0,6.63528E+20,5.30718E+21,1.11879E+16,4.78971E+16
93059,9.17101E+18,9,1,90,157,2017,10,15,5,2,9,1,0,1,0,0,0,0,0,6.61131E+20,5.30191E+21,1.11539E+16,4.78503E+16
93060,9.17093E+18,9,3,62,0,2017,9,19,7,3,4,6,0,1,0,0,0,2,0,7.28395E+20,5.43862E+21,1.21265E+16,4.90581E+16
93061,9.17101E+18,9,1,80,114,2017,10,16,5,2,5,3,0,0,0,1,1,0,0,6.64087E+20,5.27419E+21,1.11829E+16,4.76003E+16
93062,9.17093E+18,9,3,73,112,2017,9,19,7,3,0,1,0,1,0,0,0,1,0,6.84715E+20,5.44416E+21,1.15317E+16,4.91225E+16
93063,9.17101E+18,9,1,89,161,2017,10,14,5,3,2,6,0,1,0,0,0,0,0,7.69933E+20,5.30355E+21,1.26069E+16,4.78286E+16
93064,9.17093E+18,9,3,72,138,2017,9,16,7,3,0,2,0,1,0,1,0,0,0,7.93482E+20,5.45937E+21,1.30305E+16,4.92167E+16
93065,9.17101E+18,9,1,89,161,2017,10,14,5,3,2,6,0,1,0,0,0,0,0,7.69933E+20,5.30355E+21,1.26069E+16,4.78286E+16
93066,9.17101E+18,9,1,89,111,2017,10,8,5,3,8,1,0,0,0,0,1,0,0,7.61649E+20,5.32301E+21,1.25083E+16,4.80068E+16
93067,9.17101E+18,9,1,89,142,2017,10,17,5,3,5,3,0,1,0,0,0,0,0,7.51158E+20,5.32945E+21,1.23716E+16,4.80689E+16
93068,9.17101E+18,9,1,89,154,2017,10,13,5,3,5,3,1,1,0,0,0,0,0,7.69172E+20,5.31924E+21,1.26066E+16,4.79698E+16
93069,9.17101E+18,9,1,72,111,2017,10,14,5,3,2,6,0,1,0,0,0,0,0,7.95985E+20,5.30463E+21,1.2955E+16,4.78268E+16
93070,9.171E+18,9,6,71,156,2017,10,19,1,3,2,6,0,1,0,0,0,2,0,5.19812E+20,5.53608E+21,9.27631E+15,4.99768E+16
93071,9.171E+18,9,6,71,140,2017,10,1,1,3,3,6,0,1,0,0,1,2,1,5.064E+20,5.53764E+21,9.08929E+15,4.99911E+16
93072,9.171E+18,9,6,61,0,2017,10,13,1,3,5,3,1,1,0,0,0,0,0,5.08615E+20,5.53379E+21,9.1201E+15,4.99564E+16
93073,9.17093E+18,9,3,71,131,2017,9,19,7,2,5,3,0,1,0,0,0,2,1,6.95883E+20,5.48442E+21,1.17044E+16,4.94808E+16
93074,9.17093E+18,9,2,71,140,2017,9,4,7,3,2,6,0,0,0,0,1,2,0,7.83643E+20,5.4187E+21,1.28672E+16,4.88563E+16
93075,9.17093E+18,9,2,78,113,2017,9,14,7,3,0,1,0,0,0,1,0,0,0,7.65642E+20,5.41669E+21,1.2621E+16,4.88463E+16
93076,9.17093E+18,9,2,71,146,2017,9,22,7,3,8,1,0,0,0,1,0,2,1,7.84577E+20,5.40985E+21,1.28738E+16,4.87765E+16
93077,9.17093E+18,9,2,71,148,2017,9,17,7,3,8,1,0,0,0,1,0,0,0,7.99761E+20,5.42164E+21,1.30886E+16,4.88751E+16
93078,9.17101E+18,9,1,72,116,2017,10,19,5,3,3,2,1,0,0,0,0,2,1,8.00573E+20,5.28186E+21,1.30004E+16,4.76203E+16
93079,9.17101E+18,9,1,72,114,2017,10,10,5,3,3,6,0,1,0,0,1,0,0,7.92167E+20,5.29491E+21,1.28975E+16,4.77413E+16
93080,9.171E+18,9,5,71,165,2017,10,21,1,3,8,7,0,1,0,0,0,2,0,6.33163E+20,5.46369E+21,1.08321E+16,4.93114E+16
93081,9.17101E+18,9,1,71,111,2017,10,16,5,3,5,3,0,1,0,0,0,0,0,7.74442E+20,5.34734E+21,1.26951E+16,4.82199E+16
93082,9.17101E+18,9,1,87,167,2017,10,11,5,3,5,3,1,1,0,0,0,0,0,7.41295E+20,5.30469E+21,1.22255E+16,4.78502E+16
93083,9.171E+18,9,5,76,151,2017,10,10,1,3,8,1,0,1,0,0,0,0,0,6.55444E+20,5.47141E+21,1.11414E+16,4.93755E+16
93084,9.171E+18,9,5,64,0,2017,10,13,1,3,0,7,0,0,0,1,1,0,1,6.4535E+20,5.47818E+21,1.10049E+16,4.94389E+16
93085,9.171E+18,9,5,71,114,2017,10,0,1,2,3,1,0,1,0,0,0,2,1,6.01066E+20,5.45564E+21,1.03886E+16,4.92451E+16
93086,9.17093E+18,9,2,78,118,2017,9,18,7,3,4,2,0,1,0,0,0,0,0,7.70583E+20,5.42385E+21,1.2693E+16,4.89084E+16
93087,9.17093E+18,9,2,78,143,2017,9,17,7,2,8,1,0,0,0,1,0,0,0,7.71419E+20,5.43938E+21,1.27147E+16,4.90475E+16
93088,9.17101E+18,9,1,82,111,2017,10,13,5,3,0,1,1,0,0,0,0,0,0,7.03728E+20,5.29009E+21,1.17172E+16,4.7732E+16
93089,9.17101E+18,9,1,61,0,2017,10,17,5,3,0,7,1,0,0,0,0,0,0,6.76708E+20,5.40958E+21,1.14071E+16,4.88141E+16
93090,9.171E+18,9,5,77,138,2017,10,17,1,3,4,2,0,1,0,0,0,0,0,6.32671E+20,5.4424E+21,1.08183E+16,4.91201E+16
93091,9.171E+18,9,5,75,112,2017,10,5,1,3,8,1,0,1,0,0,0,2,1,6.03875E+20,5.48401E+21,1.04346E+16,4.94998E+16
93092,9.171E+18,9,5,61,0,2017,10,0,1,3,5,3,0,1,0,0,0,2,1,6.1529E+20,5.46183E+21,1.05858E+16,4.92983E+16
93093,9.17101E+18,9,1,61,0,2017,10,10,5,3,5,3,1,1,0,0,0,0,0,6.7734E+20,5.40454E+21,1.14135E+16,4.87686E+16