OBJECTID,UIDENTSTLA,ULAND,UREGBEZ,UKREIS,UGEMEINDE,UJAHR,UMONAT,USTUNDE,UWOCHENTAG,UKATEGORIE,UART,UTYP1,IstRad,IstPKW,IstFuss,IstKrad,IstSonstig,LICHT,STRZUSTAND,LINREFX,LINREFY,XGCSWGS84,YGCSWGS84
93094,9.17101E+18,9,1,61,0,2017,10,18,5,3,4,2,0,1,0,0,0,2,1,6.79279E+20,5.4035E+21,1.14394E+16,4.87586E+16
93095,9.17101E+18,9,1,76,126,2017,10,18,5,3,2,1,0,1,0,1,0,0,1,6.7456E+20,5.40878E+21,1.13775E+16,4.88075E+16
93096,9.17093E+18,9,2,77,142,2017,9,16,7,3,0,2,0,0,0,1,1,0,0,7.90704E+20,5.39042E+21,1.29433E+16,4.85993E+16
93097,9.17101E+18,9,1,86,143,2017,10,19,5,3,2,6,0,1,0,0,0,2,1,6.83324E+20,5.37752E+21,1.14829E+16,4.8524E+16
93098,9.17101E+18,9,1,85,150,2017,10,21,5,3,4,6,0,1,0,0,1,2,1,6.56258E+20,5.39841E+21,1.11245E+16,4.87191E+16
93099,9.17093E+18,9,2,75,122,2017,9,18,7,3,5,3,0,1,0,1,0,1,0,8.16597E+20,5.38224E+21,1.32874E+16,4.85133E+16
93100,9.17101E+18,9,1,86,137,2017,10,6,5,3,4,2,0,1,0,0,0,0,0,6.84637E+20,5.39925E+21,1.15103E+16,4.87189E+16
93101,9.17093E+18,9,2,75,133,2017,9,8,7,3,5,3,0,1,0,0,0,0,0,8.28545E+20,5.38224E+21,1.34487E+16,4.85072E+16
93102,9.17101E+18,9,1,62,0,2017,10,17,5,3,2,7,0,1,0,0,0,0,0,6.79354E+20,5.33344E+21,1.14104E+16,4.8129E+16
93103,9.17101E+18,9,1,88,144,2017,10,10,5,2,6,4,0,1,1,0,0,0,0,6.67535E+20,5.32903E+21,1.125E+16,4.80925E+16
93104,9.17093E+18,9,2,75,141,2017,9,12,7,2,5,3,1,1,0,0,0,0,0,8.18864E+20,5.36874E+21,1.33077E+16,4.83911E+16
93105,9.17101E+18,9,1,79,142,2017,10,9,5,3,2,6,0,1,0,0,0,0,0,6.75926E+20,5.34362E+21,1.13686E+16,4.82214E+16
93106,9.17093E+18,9,2,74,112,2017,9,16,7,3,0,1,0,1,0,0,0,0,0,7.56891E+20,5.38092E+21,1.24797E+16,4.85288E+16
93107,9.17101E+18,9,1,88,126,2017,10,12,5,3,5,3,0,1,0,0,0,0,0,6.58712E+20,5.32721E+21,1.11309E+16,4.80784E+16
93108,9.17093E+18,9,2,74,184,2017,9,10,7,2,8,1,0,0,0,1,0,0,0,7.46963E+20,5.37468E+21,1.23418E+16,4.84767E+16
93109,9.17101E+18,9,1,79,123,2017,10,19,5,3,2,6,0,1,0,0,0,0,1,6.77381E+20,5.33221E+21,1.13834E+16,4.81184E+16
93110,9.17101E+18,9,1,74,147,2017,10,16,5,3,4,6,0,1,0,0,1,0,0,6.68084E+20,5.36761E+21,1.12727E+16,4.84392E+16
93111,9.17101E+18,9,1,74,115,2017,10,16,5,3,6,4,0,1,1,0,0,0,0,6.8151E+20,5.34674E+21,1.14451E+16,4.82479E+16
93112,9.17101E+18,9,1,74,143,2017,10,13,5,3,6,4,0,1,1,0,0,0,0,6.74249E+20,5.35304E+21,1.13499E+16,4.83066E+16
93113,9.17101E+18,9,1,75,118,2017,10,16,5,3,2,6,0,1,0,0,0,0,0,7.16288E+20,5.34054E+21,1.19098E+16,4.81813E+16
93114,9.171E+18,9,5,61,0,2017,10,18,1,3,8,1,0,0,0,1,0,0,0,6.165E+20,5.46129E+21,1.06022E+16,4.92933E+16
93115,9.171E+18,9,4,78,165,2017,10,20,1,3,5,3,0,1,0,0,0,2,0,6.43849E+20,5.55266E+21,1.10118E+16,5.01087E+16
93116,9.17093E+18,9,2,74,185,2017,9,8,7,3,5,3,0,1,0,0,0,0,0,7.3218E+20,5.36882E+21,1.21389E+16,4.84297E+16
93117,9.171E+18,9,4,73,144,2017,10,14,1,3,8,1,0,0,0,1,0,0,0,6.36311E+20,5.57594E+21,1.09148E+16,5.03198E+16
93118,9.17093E+18,9,2,74,176,2017,9,14,7,2,0,1,1,0,0,0,0,0,0,7.22526E+20,5.39824E+21,1.20243E+16,4.86974E+16
93119,9.17093E+18,9,2,74,128,2017,9,21,7,2,4,6,0,1,0,0,0,2,0,7.36475E+20,5.39366E+21,1.22109E+16,4.86512E+16
93120,9.17093E+18,9,1,90,145,2017,9,12,7,3,8,1,0,0,0,1,0,0,0,6.43455E+20,5.28794E+21,1.09131E+16,4.77289E+16
93121,9.17093E+18,9,1,80,117,2017,9,15,7,3,5,3,0,1,0,1,0,0,0,6.57086E+20,5.26196E+21,1.10855E+16,4.74921E+16
93122,9.17093E+18,9,1,73,135,2017,9,12,7,1,5,3,1,1,0,0,0,0,0,6.93058E+20,5.28413E+21,1.15724E+16,4.76817E+16
93123,9.17101E+18,9,1,78,124,2017,10,15,5,3,2,6,0,1,0,0,0,0,0,7.02865E+20,5.35905E+21,1.17383E+16,4.8352E+16
93124,9.17093E+18,9,1,73,112,2017,9,15,7,3,0,7,1,0,0,0,0,0,0,6.92981E+20,5.29282E+21,1.15752E+16,4.77599E+16
93125,9.17093E+18,9,1,89,114,2017,9,10,7,3,2,2,0,1,0,0,0,0,0,7.64215E+20,5.31213E+21,1.25359E+16,4.7908E+16
93126,9.17093E+18,9,1,83,136,2017,9,15,7,2,2,6,0,1,0,1,0,0,0,7.65929E+20,5.34847E+21,1.25814E+16,4.82336E+16
93127,9.17101E+18,9,1,75,132,2017,10,19,5,2,8,4,0,1,1,0,0,2,1,7.0965E+20,5.33681E+21,1.18188E+16,4.815E+16
93128,9.17101E+18,9,1,78,143,2017,10,11,5,3,1,6,0,1,0,0,0,0,0,7.22035E+20,5.37435E+21,1.20048E+16,4.8483E+16
93129,9.171E+18,9,1,84,114,2017,10,17,4,3,8,1,0,1,0,0,0,0,0,7.00898E+20,5.31902E+21,1.16929E+16,4.79929E+16
93130,9.171E+18,9,1,88,127,2017,10,7,4,3,5,2,1,1,0,0,0,0,1,6.79522E+20,5.3295E+21,1.1411E+16,4.80935E+16
93131,9.171E+18,9,3,75,117,2017,10,11,1,3,4,2,0,1,0,0,0,0,1,7.34848E+20,5.43245E+21,1.22111E+16,4.90002E+16
93132,9.171E+18,9,1,84,140,2017,10,15,4,3,5,3,1,1,0,0,0,0,0,7.02242E+20,5.32821E+21,1.17152E+16,4.80751E+16
93133,9.171E+18,9,1,62,0,2017,10,19,4,3,2,6,0,1,0,0,0,2,1,6.94212E+20,5.33674E+21,1.16114E+16,4.81542E+16
93134,9.17093E+18,9,1,89,135,2017,9,14,7,3,2,6,0,1,0,0,1,0,0,7.84844E+20,5.31457E+21,1.2813E+16,4.79211E+16
93135,9.171E+18,9,7,75,135,2017,10,16,4,3,5,2,1,1,0,0,0,0,0,5.76789E+20,5.36191E+21,1.00376E+16,4.84056E+16
93136,9.171E+18,9,7,75,134,2017,10,17,4,2,5,3,1,1,0,0,0,0,0,5.84646E+20,5.36466E+21,1.01443E+16,4.84294E+16
93137,9.171E+18,9,7,75,135,2017,10,7,4,3,2,6,0,1,0,0,0,0,1,5.73681E+20,5.3591E+21,9.99509E+15,4.83808E+16
93138,9.17093E+18,9,1,71,112,2017,9,7,7,3,0,1,1,0,0,0,0,0,0,7.84988E+20,5.34125E+21,1.28327E+16,4.81605E+16
93139,9.171E+18,9,7,78,113,2017,10,20,4,3,2,6,0,1,0,0,1,2,0,6.12859E+20,5.31924E+21,1.05134E+16,4.80165E+16
93140,9.171E+18,9,7,74,121,2017,10,13,4,3,9,1,0,1,0,0,0,0,0,5.99711E+20,5.36425E+21,1.03478E+16,4.84235E+16
93141,9.17093E+18,9,1,72,116,2017,9,16,7,3,2,2,0,1,0,0,0,0,0,8.04776E+20,5.2853E+21,1.30586E+16,4.76492E+16
93142,9.171E+18,9,7,76,130,2017,10,7,4,3,2,1,0,1,0,0,0,0,0,5.53959E+20,5.26968E+21,9.71753E+15,4.75783E+16
93143,9.171E+18,9,7,63,0,2017,10,14,4,3,5,2,0,1,0,0,0,0,0,5.99983E+20,5.28649E+21,1.03333E+16,4.7724E+16
93144,9.17093E+18,9,1,72,129,2017,9,15,7,3,5,3,0,1,0,1,0,0,0,7.93368E+20,5.28226E+21,1.2905E+16,4.76272E+16
93145,9.171E+18,9,7,77,159,2017,10,17,4,3,4,6,0,1,0,1,0,0,0,6.17112E+20,5.27175E+21,1.05576E+16,4.75886E+16
93146,9.17093E+18,9,1,63,0,2017,9,18,7,3,5,7,0,1,0,1,0,1,0,7.32573E+20,5.30584E+21,1.21098E+16,4.78638E+16
93147,9.171E+18,9,7,79,177,2017,10,19,4,2,5,3,0,1,0,0,1,2,0,6.06798E+20,5.42225E+21,1.04585E+16,4.89439E+16
93148,9.171E+18,9,7,79,184,2017,10,17,4,2,5,3,0,1,0,0,0,0,0,6.15394E+20,5.40464E+21,1.05709E+16,4.87841E+16
93149,9.171E+18,9,7,79,115,2017,10,16,4,3,1,2,0,1,0,1,0,0,0,6.33817E+20,5.39398E+21,1.08181E+16,4.86845E+16
93150,9.171E+18,9,7,72,121,2017,10,9,4,3,1,2,0,1,0,0,0,0,0,6.33676E+20,5.37546E+21,1.08102E+16,4.85181E+16
93151,9.171E+18,9,3,72,153,2017,10,6,1,3,8,1,0,1,0,0,0,0,1,7.55546E+20,5.45574E+21,1.25083E+16,4.92011E+16
93152,9.17093E+18,9,1,82,134,2017,9,11,7,3,2,6,0,1,0,0,0,0,0,7.0022E+20,5.29433E+21,1.16724E+16,4.77712E+16
93153,9.171E+18,9,3,75,131,2017,10,17,1,3,8,6,0,0,0,1,1,0,1,7.14063E+20,5.44526E+21,1.19341E+16,4.91229E+16
93154,9.17093E+18,9,1,85,158,2017,9,18,7,3,0,1,0,0,0,1,0,0,0,6.635E+20,5.37951E+21,1.12154E+16,4.85474E+16
93155,9.171E+18,9,3,71,144,2017,10,11,1,3,8,6,0,1,0,1,0,0,0,7.04364E+20,5.48401E+21,1.18211E+16,4.94743E+16
93156,9.17093E+18,9,1,85,118,2017,9,6,7,3,9,1,0,1,0,0,0,1,1,6.67125E+20,5.40257E+21,1.12738E+16,4.87537E+16
93157,9.17093E+18,9,1,85,125,2017,9,11,7,3,0,1,1,0,0,0,0,0,0,6.51319E+20,5.39717E+21,1.10569E+16,4.87092E+16
93158,9.17093E+18,9,1,86,122,2017,9,21,7,3,5,3,0,1,0,0,0,2,0,6.9228E+20,5.39583E+21,1.16126E+16,4.86859E+16
93159,9.17093E+18,9,1,86,158,2017,9,14,7,3,2,6,0,1,0,0,0,0,0,6.90942E+20,5.40631E+21,1.15993E+16,4.87805E+16
93160,9.171E+18,9,7,72,171,2017,10,7,4,3,2,6,0,1,0,0,0,0,0,6.38401E+20,5.37086E+21,1.08727E+16,4.84757E+16
93161,9.17093E+18,9,1,86,162,2017,9,6,7,3,8,1,0,1,0,0,0,2,0,6.96947E+20,5.38884E+21,1.16726E+16,4.86216E+16
93162,9.171E+18,9,7,61,0,2017,10,7,4,3,5,2,0,1,0,0,0,0,0,6.41907E+20,5.35763E+21,1.09156E+16,4.83559E+16
93163,9.17093E+18,9,1,76,165,2017,9,17,7,3,8,1,0,0,0,1,0,0,1,6.71594E+20,5.42256E+21,1.13429E+16,4.89322E+16
93164,9.171E+18,9,6,79,156,2017,10,11,4,3,3,3,0,1,0,0,1,0,0,5.71979E+20,5.52262E+21,1.00013E+16,4.98516E+16
93165,9.171E+18,9,6,79,196,2017,10,6,4,3,5,3,0,1,0,0,0,0,0,5.53607E+20,5.51684E+21,9.74495E+15,4.98016E+16
93166,9.171E+18,9,6,63,0,2017,10,10,4,3,3,6,0,1,0,0,1,0,0,5.68844E+20,5.5168E+21,9.95665E+15,4.97997E+16
93167,9.171E+18,9,2,76,122,2017,10,12,1,1,4,1,0,0,0,0,1,0,1,7.91922E+20,5.44105E+21,1.29958E+16,4.90531E+16
93168,9.171E+18,9,2,75,159,2017,10,4,1,2,0,6,0,1,0,0,0,2,0,8.1637E+20,5.39617E+21,1.32949E+16,4.86384E+16
93169,9.171E+18,9,2,72,149,2017,10,12,1,2,8,1,0,1,0,0,0,0,1,8.20001E+20,5.42648E+21,1.33676E+16,4.89084E+16
93170,9.171E+18,9,2,72,147,2017,10,2,1,3,9,1,0,1,0,0,0,2,0,8.19931E+20,5.41443E+21,1.33572E+16,4.88004E+16
93171,9.17093E+18,9,1,81,113,2017,9,19,7,3,0,1,0,0,0,1,0,2,1,6.41558E+20,5.30839E+21,1.08945E+16,4.79132E+16
93172,9.17093E+18,9,1,79,138,2017,9,13,7,3,8,1,0,1,0,0,0,0,0,6.54394E+20,5.33343E+21,1.10752E+16,4.81354E+16
93173,9.17093E+18,9,1,86,152,2017,9,17,7,3,2,6,0,1,0,0,0,0,0,6.91257E+20,5.37563E+21,1.15894E+16,4.85047E+16
93174,9.17093E+18,9,1,86,152,2017,9,15,7,3,2,6,0,1,0,0,0,0,0,6.91473E+20,5.3753E+21,1.15922E+16,4.85016E+16
93175,9.171E+18,9,6,79,131,2017,10,14,4,3,5,2,0,1,0,0,0,0,0,5.77529E+20,5.50242E+21,1.00745E+16,4.96694E+16
93176,9.171E+18,9,6,77,193,2017,10,14,4,3,1,6,0,1,0,0,0,0,0,5.49288E+20,5.52843E+21,9.68641E+15,4.99063E+16
93177,9.171E+18,9,6,77,203,2017,10,7,4,3,9,7,0,1,0,0,0,0,0,5.56535E+20,5.52754E+21,9.78719E+15,4.98976E+16
93178,9.171E+18,9,6,73,167,2017,10,11,4,3,8,1,0,1,0,0,0,0,0,5.82766E+20,5.58934E+21,1.01658E+16,5.04502E+16
93179,9.171E+18,9,2,73,147,2017,10,16,1,3,5,3,0,1,0,0,0,0,0,6.9909E+20,5.38966E+21,1.1702E+16,4.86283E+16
93180,9.171E+18,9,6,78,136,2017,10,6,4,3,4,2,0,1,0,0,0,2,0,5.88596E+20,5.54096E+21,1.02366E+16,5.00144E+16
93181,9.171E+18,9,1,83,126,2017,10,18,1,2,9,1,0,1,0,0,0,1,1,7.29749E+20,5.33477E+21,1.20875E+16,4.81247E+16
93182,9.171E+18,9,6,72,113,2017,10,10,4,3,3,7,0,1,0,1,0,0,0,5.56709E+20,5.57383E+21,9.79648E+15,5.03139E+16
93183,9.171E+18,9,6,71,111,2017,10,8,4,3,2,6,0,1,0,0,0,0,1,5.02555E+20,5.5481E+21,9.03572E+15,5.00852E+16
93184,9.17093E+18,9,1,78,124,2017,9,9,7,3,5,2,1,1,0,0,0,0,0,7.01895E+20,5.36535E+21,1.17283E+16,4.8409E+16
93185,9.171E+18,9,5,72,126,2017,10,6,4,3,1,6,0,1,0,0,0,0,0,6.33692E+20,5.50684E+21,1.0854E+16,4.96992E+16
93186,9.171E+18,9,5,74,138,2017,10,6,4,3,2,6,0,1,0,0,0,1,0,6.65647E+20,5.48577E+21,1.12879E+16,4.95019E+16
93187,9.171E+18,9,5,62,0,2017,10,8,4,3,4,2,0,1,0,1,0,0,0,6.40107E+20,5.49913E+21,1.09401E+16,4.96285E+16
93188,9.171E+18,9,5,74,154,2017,10,7,4,2,4,6,0,1,0,1,0,0,1,6.63497E+20,5.48572E+21,1.12582E+16,4.9502E+16
93189,9.171E+18,9,5,74,112,2017,10,7,4,2,4,2,0,1,0,0,0,0,1,6.69997E+20,5.47555E+21,1.13435E+16,4.94088E+16
93190,9.171E+18,9,5,64,0,2017,10,20,4,3,5,3,0,1,0,0,0,2,0,6.45814E+20,5.48115E+21,1.10124E+16,4.94655E+16
93191,9.17093E+18,9,1,77,119,2017,9,7,7,3,3,6,0,1,0,0,1,1,0,7.21334E+20,5.34025E+21,1.19775E+16,4.81769E+16
93192,9.171E+18,9,5,64,0,2017,10,21,4,3,2,6,0,1,0,0,0,2,0,6.4792E+20,5.48011E+21,1.10411E+16,4.94556E+16
93193,9.17093E+18,9,1,75,113,2017,9,19,7,1,4,6,0,1,0,0,0,2,0,7.18309E+20,5.31887E+21,1.19259E+16,4.79858E+16
93194,9.171E+18,9,5,64,0,2017,10,15,4,3,5,3,0,1,0,0,0,0,0,6.48491E+20,5.47047E+21,1.10454E+16,4.93688E+16
93195,9.171E+18,9,5,64,0,2017,10,11,4,3,2,6,0,1,0,0,1,0,0,6.5383E+20,5.47907E+21,1.11222E+16,4.94448E+16
93196,9.17093E+18,9,1,84,119,2017,9,13,6,3,5,3,1,1,0,0,0,0,0,6.96514E+20,5.34689E+21,1.1647E+16,4.82447E+16
93197,9.17093E+18,9,1,84,130,2017,9,17,6,3,0,1,1,0,0,0,0,0,1,6.98025E+20,5.34428E+21,1.16662E+16,4.82208E+16
93198,9.171E+18,9,5,64,0,2017,10,20,4,3,3,2,0,1,0,0,1,2,0,6.4785E+20,5.47997E+21,1.10401E+16,4.94544E+16
93199,9.171E+18,9,5,71,145,2017,10,2,4,3,2,6,0,0,0,0,1,2,0,5.95749E+20,5.45423E+21,1.03152E+16,4.92334E+16
93200,9.17093E+18,9,7,75,135,2017,9,17,6,3,5,3,1,1,0,0,0,0,0,5.77583E+20,5.35989E+21,1.00479E+16,4.83874E+16
93201,9.171E+18,9,5,77,177,2017,10,17,4,3,2,6,0,1,0,0,0,0,0,6.44161E+20,5.43298E+21,1.09723E+16,4.90328E+16
93202,9.17093E+18,9,7,75,135,2017,9,12,6,3,1,6,0,1,0,0,0,0,0,5.74608E+20,5.3608E+21,1.00079E+16,4.83959E+16
93203,9.171E+18,9,5,75,152,2017,10,8,4,3,5,3,0,1,0,0,0,0,0,6.19088E+20,5.47953E+21,1.06433E+16,4.94567E+16
93204,9.171E+18,9,5,61,0,2017,10,11,4,3,6,2,0,1,1,0,0,0,0,6.14662E+20,5.46255E+21,1.05773E+16,4.93049E+16
93205,9.17093E+18,9,7,78,186,2017,9,7,6,2,5,3,0,1,0,0,0,0,0,5.9635E+20,5.31126E+21,1.02903E+16,4.79474E+16
93206,9.171E+18,9,4,79,152,2017,10,14,4,1,6,4,0,1,1,0,0,0,0,7.24159E+20,5.56145E+21,1.21387E+16,5.01628E+16
93207,9.171E+18,9,4,73,151,2017,10,11,4,3,2,6,0,1,0,0,0,0,0,6.50604E+20,5.57587E+21,1.11154E+16,5.03156E+16
93208,9.171E+18,9,4,62,0,2017,10,16,4,3,3,6,0,1,0,0,0,0,0,6.86513E+20,5.53683E+21,1.16002E+16,4.99546E+16
93209,9.17093E+18,9,7,78,115,2017,9,14,6,3,2,6,0,1,0,1,0,0,0,5.93189E+20,5.33295E+21,1.02527E+16,4.8143E+16
93210,9.171E+18,9,3,77,141,2017,10,9,4,3,5,2,0,1,0,0,0,0,0,7.34059E+20,5.53782E+21,1.22626E+16,4.99468E+16
93211,9.171E+18,9,3,77,116,2017,10,18,4,3,5,3,0,1,0,0,1,1,1,7.20229E+20,5.52435E+21,1.20625E+16,4.98311E+16
93212,9.171E+18,9,3,75,117,2017,10,7,4,3,2,6,0,1,0,0,0,1,0,7.37523E+20,5.43168E+21,1.22471E+16,4.89923E+16
93213,9.171E+18,9,3,75,182,2017,10,8,4,2,5,3,0,1,0,0,0,0,0,7.37772E+20,5.41698E+21,1.2242E+16,4.88602E+16
93214,9.171E+18,9,1,83,131,2017,10,8,1,3,8,1,0,1,0,0,0,0,1,7.63462E+20,5.35837E+21,1.25544E+16,4.83236E+16
93215,9.171E+18,9,1,72,117,2017,10,13,1,3,5,3,0,1,0,0,0,0,1,7.99421E+20,5.28271E+21,1.29857E+16,4.76285E+16
93216,9.171E+18,9,1,84,145,2017,10,12,1,3,2,6,0,1,0,0,0,0,1,6.96491E+20,5.32254E+21,1.16355E+16,4.80259E+16
93217,9.17093E+18,9,7,78,171,2017,9,15,6,3,9,1,0,1,0,0,0,0,0,5.92607E+20,5.31685E+21,1.02414E+16,4.79982E+16
93218,9.171E+18,9,1,82,131,2017,10,14,1,2,4,2,0,1,0,0,0,0,1,7.15097E+20,5.29009E+21,1.18686E+16,4.77283E+16
93219,9.17093E+18,9,7,74,150,2017,9,12,6,3,2,7,0,1,0,0,0,0,0,6.00573E+20,5.34553E+21,1.03549E+16,4.8255E+16
93220,9.17093E+18,9,7,80,139,2017,9,13,6,3,2,6,0,1,0,1,0,0,0,5.94984E+20,5.26417E+21,1.02618E+16,4.7524E+16
93221,9.17093E+18,9,7,76,125,2017,9,17,6,2,5,3,0,1,0,0,1,0,0,5.6493E+20,5.2699E+21,9.86344E+15,4.75792E+16
93222,9.17093E+18,9,7,76,126,2017,9,17,6,3,5,3,0,1,0,0,0,0,0,5.55365E+20,5.26981E+21,9.73624E+15,4.75794E+16
93223,9.171E+18,9,3,75,175,2017,10,6,4,2,4,2,0,1,0,0,0,1,0,7.16824E+20,5.43512E+21,1.19664E+16,4.90308E+16
93224,9.171E+18,9,1,76,139,2017,10,16,1,3,8,1,0,0,0,1,0,0,0,6.83666E+20,5.41106E+21,1.15024E+16,4.88254E+16
93225,9.171E+18,9,1,85,140,2017,10,1,1,2,0,1,0,0,0,1,0,2,1,6.7674E+20,5.39475E+21,1.14012E+16,4.86808E+16
93226,9.171E+18,9,3,72,158,2017,10,7,4,3,4,7,0,1,0,0,0,0,0,7.64677E+20,5.45339E+21,1.26318E+16,4.91762E+16
93227,9.171E+18,9,3,75,208,2017,10,6,4,3,2,6,0,1,0,0,0,1,0,7.35214E+20,5.44106E+21,1.22211E+16,4.90774E+16
93228,9.171E+18,9,3,62,0,2017,10,17,4,3,2,2,1,0,0,0,0,0,0,7.26963E+20,5.43523E+21,1.2105E+16,4.90281E+16
93229,9.171E+18,9,3,73,112,2017,10,6,4,3,0,7,0,1,0,0,0,2,0,6.7646E+20,5.44273E+21,1.14181E+16,4.9112E+16
93230,9.17093E+18,9,7,79,197,2017,9,7,6,3,5,2,0,1,0,0,0,0,0,6.1723E+20,5.42283E+21,1.06011E+16,4.89473E+16
93231,9.171E+18,9,3,71,151,2017,10,7,4,3,1,2,0,1,0,0,0,0,0,6.98805E+20,5.48668E+21,1.17458E+16,4.95002E+16
93232,9.171E+18,9,3,76,117,2017,10,5,4,2,8,7,0,1,0,0,0,2,0,7.39851E+20,5.46057E+21,1.22961E+16,4.92508E+16
93233,9.171E+18,9,2,78,159,2017,10,7,4,3,2,6,0,0,0,0,1,0,0,7.81013E+20,5.42096E+21,1.2833E+16,4.88778E+16
93234,9.171E+18,9,2,71,141,2017,10,8,4,3,2,1,0,1,0,0,0,0,1,7.98328E+20,5.40464E+21,1.30567E+16,4.87233E+16
93235,9.171E+18,9,2,75,159,2017,10,20,4,2,8,1,0,0,0,1,0,1,1,8.13868E+20,5.3971E+21,1.32617E+16,4.8648E+16
93236,9.17093E+18,9,7,73,117,2017,9,16,6,3,9,7,0,1,0,0,0,0,0,6.13261E+20,5.40102E+21,1.05409E+16,4.87519E+16
93237,9.171E+18,9,2,77,140,2017,10,17,4,2,4,1,0,1,0,0,0,0,0,7.93534E+20,5.35789E+21,1.29588E+16,4.8306E+16
93238,9.171E+18,9,2,75,144,2017,10,7,4,2,1,6,0,1,0,1,0,0,0,8.24936E+20,5.39746E+21,1.34118E+16,4.86456E+16
93239,9.171E+18,9,1,81,128,2017,10,11,1,3,5,3,0,1,0,0,0,0,1,6.38626E+20,5.32764E+21,1.08615E+16,4.80869E+16
93240,9.171E+18,9,2,75,144,2017,10,7,4,3,1,6,0,1,0,1,0,0,0,8.2494E+20,5.39745E+21,1.34119E+16,4.86455E+16
93241,9.171E+18,9,2,62,0,2017,10,17,4,3,5,3,0,1,0,0,0,0,0,8.2556E+20,5.3897E+21,1.34142E+16,4.85756E+16
93242,9.171E+18,9,1,88,144,2017,10,5,1,2,8,1,0,1,0,0,0,2,1,6.66929E+20,5.32609E+21,1.12407E+16,4.80662E+16
93243,9.171E+18,9,2,62,0,2017,10,16,4,2,4,6,0,1,0,0,0,0,0,8.32134E+20,5.3916E+21,1.35046E+16,4.85892E+16
93244,9.171E+18,9,1,79,145,2017,10,10,1,3,0,1,0,0,0,1,0,0,1,6.74006E+20,5.33562E+21,1.13395E+16,4.815E+16
93245,9.171E+18,9,2,77,111,2017,10,21,4,3,5,3,0,1,0,0,0,2,0,7.81721E+20,5.38577E+21,1.28186E+16,4.85617E+16
93246,9.171E+18,9,2,61,0,2017,10,16,4,3,2,6,0,1,0,0,0,0,0,7.34103E+20,5.38235E+21,1.21724E+16,4.85505E+16
93247,9.171E+18,9,2,74,132,2017,10,15,4,2,4,6,0,0,0,0,1,0,0,7.20078E+20,5.38576E+21,1.19844E+16,4.85862E+16
93248,9.17093E+18,9,7,61,0,2017,9,12,6,3,2,6,0,1,0,0,0,0,0,6.40178E+20,5.36402E+21,1.08944E+16,4.84138E+16
93249,9.171E+18,9,2,73,116,2017,10,7,4,2,2,5,0,1,0,0,0,0,0,7.22825E+20,5.42617E+21,1.20435E+16,4.89482E+16
93250,9.171E+18,9,2,79,122,2017,10,6,4,3,4,7,0,0,0,0,1,1,0,7.7277E+20,5.3959E+21,1.27042E+16,4.86566E+16
93251,9.171E+18,9,1,73,126,2017,10,9,4,3,1,1,0,1,0,1,0,0,0,6.83062E+20,5.3069E+21,1.14489E+16,4.78893E+16
93252,9.171E+18,9,1,73,140,2017,10,11,4,2,4,6,0,1,0,0,1,0,0,6.96172E+20,5.29509E+21,1.16188E+16,4.77793E+16
93253,9.17093E+18,9,7,72,148,2017,9,18,6,3,2,6,0,0,0,1,1,0,0,6.2775E+20,5.35334E+21,1.07233E+16,4.83203E+16
93254,9.171E+18,9,1,89,111,2017,10,19,4,3,8,3,0,1,0,0,1,2,0,7.57384E+20,5.32175E+21,1.24504E+16,4.79972E+16
93255,9.171E+18,9,1,89,155,2017,10,17,4,3,5,3,1,1,0,0,0,0,0,7.72608E+20,5.31343E+21,1.26488E+16,4.79162E+16
93256,9.17093E+18,9,7,72,121,2017,9,15,6,2,2,6,0,1,0,1,0,0,1,6.3137E+20,5.37633E+21,1.07793E+16,4.85263E+16
93257,9.171E+18,9,1,89,162,2017,10,14,4,3,2,6,0,1,0,0,0,0,0,7.79151E+20,5.31663E+21,1.27383E+16,4.79421E+16
93258,9.171E+18,9,1,89,152,2017,10,18,4,3,2,6,0,1,0,0,1,0,0,7.79278E+20,5.32805E+21,1.27474E+16,4.80446E+16
93259,9.17093E+18,9,7,61,0,2017,9,8,6,3,5,3,0,1,0,0,0,0,0,6.36913E+20,5.35958E+21,1.08489E+16,4.83745E+16
93260,9.171E+18,9,1,72,114,2017,10,8,4,3,5,7,0,1,0,0,0,0,0,7.85607E+20,5.29053E+21,1.28073E+16,4.77049E+16
93261,9.171E+18,9,1,87,169,2017,10,9,4,2,2,6,0,1,0,0,1,0,0,7.40776E+20,5.29871E+21,1.22153E+16,4.77966E+16
93262,9.171E+18,9,1,87,177,2017,10,7,4,3,2,6,0,1,0,0,0,0,0,7.36732E+20,5.30345E+21,1.2164E+16,4.78408E+16
93263,9.171E+18,9,1,74,115,2017,10,17,1,3,5,3,1,1,0,0,0,0,0,6.80007E+20,5.34846E+21,1.14256E+16,4.82637E+16
93264,9.17093E+18,9,7,61,0,2017,9,16,6,3,5,2,0,1,0,0,0,0,0,6.41331E+20,5.35245E+21,1.09061E+16,4.83094E+16
93265,9.171E+18,9,1,77,113,2017,10,11,1,3,5,3,0,1,0,0,0,0,1,7.20712E+20,5.35187E+21,1.19752E+16,4.82815E+16
93266,9.17093E+18,9,7,61,0,2017,9,14,6,3,4,2,0,0,0,1,1,0,0,6.4018E+20,5.35244E+21,1.08906E+16,4.83096E+16