OBJECTID,UIDENTSTLA,ULAND,UREGBEZ,UKREIS,UGEMEINDE,UJAHR,UMONAT,USTUNDE,UWOCHENTAG,UKATEGORIE,UART,UTYP1,IstRad,IstPKW,IstFuss,IstKrad,IstSonstig,LICHT,STRZUSTAND,LINREFX,LINREFY,XGCSWGS84,YGCSWGS84
93267,9.17093E+18,9,1,62,0,2017,9,10,7,3,3,2,1,1,0,0,0,0,0,6.82424E+20,5.33413E+21,1.1452E+16,4.81343E+16
93268,9.17093E+18,9,7,61,0,2017,9,16,6,3,1,6,0,1,0,0,0,0,0,6.41016E+20,5.35702E+21,1.09034E+16,4.83506E+16
93269,9.17093E+18,9,6,77,125,2017,9,19,6,3,1,5,0,1,0,0,0,2,0,5.44948E+20,5.51908E+21,9.62488E+15,4.98224E+16
93270,9.17093E+18,9,6,77,114,2017,9,7,6,2,8,1,0,0,0,1,0,0,1,5.63654E+20,5.53399E+21,9.88737E+15,4.99549E+16
93271,9.17093E+18,9,6,74,129,2017,9,12,6,3,5,3,0,1,0,0,0,0,1,6.1973E+20,5.53831E+21,1.06702E+16,4.99851E+16
93272,9.17093E+18,9,6,72,124,2017,9,21,6,3,8,7,0,1,0,0,0,2,0,5.65533E+20,5.54744E+21,9.91586E+15,5.00756E+16
93273,9.171E+18,9,1,87,128,2017,10,6,4,3,6,4,0,0,1,1,0,2,0,7.46734E+20,5.31107E+21,1.23018E+16,4.79055E+16
93274,9.171E+18,9,1,82,137,2017,10,8,4,2,0,7,1,0,0,0,0,0,0,7.11394E+20,5.30311E+21,1.18256E+16,4.78466E+16
93275,9.17093E+18,9,7,75,111,2017,9,9,7,3,1,6,0,1,0,0,0,0,0,5.8364E+20,5.33784E+21,1.01254E+16,4.81883E+16
93276,9.171E+18,9,1,87,129,2017,10,10,4,3,2,6,0,1,0,0,0,0,0,7.25644E+20,5.3006E+21,1.20145E+16,4.78191E+16
93277,9.17093E+18,9,7,75,142,2017,9,20,7,2,0,1,1,0,0,0,0,2,1,5.87026E+20,5.33331E+21,1.017E+16,4.81471E+16
93278,9.171E+18,9,1,87,165,2017,10,17,4,2,5,3,0,1,0,1,0,1,0,7.32623E+20,5.29569E+21,1.2105E+16,4.77726E+16
93279,9.171E+18,9,1,87,122,2017,10,17,4,3,0,1,1,0,0,0,0,0,0,7.17897E+20,5.30744E+21,1.19146E+16,4.78833E+16
93280,9.171E+18,9,1,61,0,2017,10,7,4,3,4,2,1,0,0,0,1,0,0,6.78966E+20,5.40487E+21,1.14358E+16,4.87711E+16
93281,9.171E+18,9,1,61,0,2017,10,18,4,3,4,2,1,1,0,0,0,0,0,6.81562E+20,5.40208E+21,1.14698E+16,4.87453E+16
93282,9.17093E+18,9,6,78,134,2017,9,15,6,3,6,3,0,1,1,0,0,0,0,5.96493E+20,5.52841E+21,1.03437E+16,4.99003E+16
93283,9.171E+18,9,1,85,166,2017,10,17,4,3,4,1,0,1,0,0,0,0,0,6.71628E+20,5.38283E+21,1.13268E+16,4.8575E+16
93284,9.171E+18,9,1,86,152,2017,10,21,4,3,4,2,0,1,0,0,1,2,0,6.90915E+20,5.37599E+21,1.15849E+16,4.85079E+16
93285,9.171E+18,9,1,85,139,2017,10,12,4,3,0,7,1,0,0,0,0,0,0,6.66457E+20,5.39385E+21,1.12612E+16,4.86755E+16
93286,9.171E+18,9,1,61,0,2017,10,18,4,3,5,2,1,0,0,0,1,0,0,6.80248E+20,5.40463E+21,1.14531E+16,4.87685E+16
93287,9.171E+18,9,1,84,120,2017,10,8,4,3,2,6,0,1,0,0,1,0,0,6.81442E+20,5.33336E+21,1.14384E+16,4.81276E+16
93288,9.17093E+18,9,6,62,0,2017,9,14,6,3,2,6,0,1,0,0,0,0,1,5.87812E+20,5.54317E+21,1.02262E+16,5.00344E+16
93289,9.171E+18,9,1,74,146,2017,10,10,4,3,2,6,0,1,0,0,0,0,0,6.6596E+20,5.35131E+21,1.12376E+16,4.82932E+16
93290,9.171E+18,9,1,74,146,2017,10,6,4,3,2,6,0,1,0,0,1,1,0,6.66746E+20,5.35098E+21,1.1248E+16,4.829E+16
93291,9.17093E+18,9,6,72,113,2017,9,13,6,3,2,1,0,1,0,0,0,0,1,5.56593E+20,5.57338E+21,9.79479E+15,5.03098E+16
93292,9.171E+18,9,1,62,0,2017,10,13,4,3,2,6,0,1,0,0,0,0,0,6.7812E+20,5.33526E+21,1.13946E+16,4.81457E+16
93293,9.171E+18,9,1,79,142,2017,10,16,4,3,8,7,0,1,0,0,0,0,0,6.71436E+20,5.34175E+21,1.13075E+16,4.82058E+16
93294,9.17093E+18,9,6,72,163,2017,9,12,6,3,4,1,0,1,0,1,0,0,1,5.63237E+20,5.57896E+21,9.88903E+15,5.03593E+16
93295,9.17093E+18,9,7,74,198,2017,9,14,7,2,5,3,0,1,0,0,0,0,0,6.13267E+20,5.34903E+21,1.05268E+16,4.82844E+16
93296,9.17093E+18,9,6,71,111,2017,9,19,6,3,0,1,1,0,0,0,0,2,0,5.0252E+20,5.54817E+21,9.03523E+15,5.00858E+16
93297,9.17093E+18,9,7,74,145,2017,9,18,7,2,0,7,0,0,0,0,1,0,0,6.00626E+20,5.35551E+21,1.0358E+16,4.83447E+16
93298,9.17093E+18,9,5,72,131,2017,9,14,6,3,2,6,0,1,0,0,0,0,1,6.56485E+20,5.48387E+21,1.11607E+16,4.94873E+16
93299,9.17093E+18,9,5,64,0,2017,9,15,6,3,2,6,0,1,0,0,1,0,0,6.57134E+20,5.47316E+21,1.11654E+16,4.93908E+16
93300,9.17093E+18,9,5,74,138,2017,9,15,6,3,3,1,0,1,0,0,1,0,1,6.66907E+20,5.48754E+21,1.1306E+16,4.95175E+16
93301,9.171E+18,9,1,74,143,2017,10,14,4,3,0,1,1,0,0,0,0,0,0,6.75137E+20,5.35257E+21,1.13617E+16,4.83021E+16
93302,9.17093E+18,9,7,74,185,2017,9,13,7,3,2,1,0,1,0,0,0,0,0,6.09068E+20,5.34866E+21,1.04702E+16,4.82818E+16
93303,9.17093E+18,9,7,63,0,2017,9,18,7,3,2,6,0,1,0,0,0,1,0,5.97831E+20,5.28677E+21,1.03046E+16,4.77269E+16
93304,9.17093E+18,9,5,74,138,2017,9,14,6,3,2,6,0,1,0,0,0,0,1,6.65213E+20,5.48504E+21,1.12816E+16,4.94955E+16
93305,9.17093E+18,9,7,63,0,2017,9,19,7,3,5,3,0,1,0,0,0,0,0,5.98411E+20,5.28788E+21,1.03126E+16,4.77368E+16
93306,9.17093E+18,9,5,62,0,2017,9,9,6,3,5,3,1,1,0,0,0,0,0,6.43206E+20,5.49627E+21,1.0982E+16,4.9602E+16
93307,9.17093E+18,9,7,63,0,2017,9,20,7,3,5,3,1,1,0,0,0,2,0,5.98156E+20,5.2877E+21,1.03092E+16,4.77352E+16
93308,9.17093E+18,9,5,62,0,2017,9,15,6,3,2,6,0,1,0,0,1,0,0,6.43812E+20,5.49454E+21,1.09897E+16,4.95864E+16
93309,9.17093E+18,9,5,65,0,2017,9,8,6,3,5,3,0,1,0,0,0,0,0,6.46897E+20,5.46639E+21,1.10219E+16,4.93326E+16
93310,9.17093E+18,9,5,64,0,2017,9,13,6,3,3,6,1,1,0,0,0,0,0,6.47596E+20,5.47934E+21,1.10363E+16,4.94488E+16
93311,9.17093E+18,9,7,63,0,2017,9,19,7,3,6,4,1,0,1,0,0,2,0,5.99614E+20,5.28779E+21,1.03286E+16,4.77357E+16
93312,9.171E+18,9,1,78,150,2017,10,6,4,3,1,6,0,1,0,0,1,1,0,6.91407E+20,5.37094E+21,1.15893E+16,4.84625E+16
93313,9.171E+18,9,1,78,120,2017,10,9,4,3,1,5,0,1,0,0,1,0,0,6.94963E+20,5.35292E+21,1.1629E+16,4.82994E+16
93314,9.171E+18,9,1,78,120,2017,10,5,4,3,0,7,0,1,0,0,0,2,0,6.93227E+20,5.35471E+21,1.16064E+16,4.8316E+16
93315,9.171E+18,9,1,78,142,2017,10,11,4,3,2,6,0,1,0,0,1,0,0,7.15562E+20,5.37634E+21,1.19184E+16,4.85031E+16
93316,9.171E+18,9,1,78,124,2017,10,7,4,3,5,3,0,1,0,1,0,0,0,7.04408E+20,5.36516E+21,1.17621E+16,4.84065E+16
93317,9.171E+18,9,1,62,0,2017,10,12,3,3,2,6,0,1,0,0,1,0,1,6.9328E+20,5.33853E+21,1.15997E+16,4.81706E+16
93318,9.17093E+18,9,5,64,0,2017,9,8,6,3,5,2,1,1,0,0,0,0,0,6.47645E+20,5.47472E+21,1.10353E+16,4.94072E+16
93319,9.171E+18,9,7,78,173,2017,10,15,3,2,1,6,0,1,0,0,0,0,0,6.12636E+20,5.32059E+21,1.05108E+16,4.80287E+16
93320,9.171E+18,9,7,80,124,2017,10,19,3,3,0,7,0,1,0,0,1,2,0,5.93502E+20,5.26937E+21,1.02432E+16,4.7571E+16
93321,9.171E+18,9,7,76,117,2017,10,14,3,3,5,3,0,1,0,0,0,0,0,5.65051E+20,5.27165E+21,9.8653E+15,4.7595E+16
93322,9.171E+18,9,7,77,140,2017,10,10,3,3,5,3,0,1,0,0,0,0,1,6.28307E+20,5.31745E+21,1.072E+16,4.79974E+16
93323,9.171E+18,9,7,61,0,2017,10,0,3,3,8,1,0,1,0,0,0,2,1,6.41971E+20,5.36379E+21,1.09186E+16,4.84113E+16
93324,9.171E+18,9,7,61,0,2017,10,1,3,3,9,1,0,1,0,0,0,2,1,6.42222E+20,5.36365E+21,1.09219E+16,4.841E+16
93325,9.17093E+18,9,5,77,172,2017,9,14,6,3,8,1,0,1,0,0,0,0,0,6.36032E+20,5.43775E+21,1.08628E+16,4.90776E+16
93326,9.17093E+18,9,5,75,161,2017,9,20,6,3,9,7,0,1,0,0,0,2,0,6.03771E+20,5.50418E+21,1.04385E+16,4.96812E+16
93327,9.171E+18,9,7,72,121,2017,10,12,3,3,2,6,0,1,0,0,0,0,0,6.35268E+20,5.37611E+21,1.0832E+16,4.85235E+16
93328,9.17093E+18,9,5,71,145,2017,9,16,6,3,5,2,0,1,0,0,0,0,0,5.93411E+20,5.45339E+21,1.02829E+16,4.92262E+16
93329,9.171E+18,9,7,72,147,2017,10,13,3,3,2,6,0,1,0,0,0,0,0,6.3817E+20,5.36513E+21,1.08677E+16,4.84242E+16
93330,9.17093E+18,9,5,71,136,2017,9,14,6,2,5,3,0,1,0,1,0,0,0,5.94767E+20,5.43556E+21,1.02974E+16,4.90656E+16
93331,9.171E+18,9,7,71,160,2017,10,23,3,3,8,1,0,1,0,0,0,2,0,6.53871E+20,5.35095E+21,1.10746E+16,4.82931E+16
93332,9.17093E+18,9,5,75,122,2017,9,6,6,3,2,2,0,1,0,0,1,2,0,5.97491E+20,5.48495E+21,1.03467E+16,4.95094E+16
93333,9.171E+18,9,6,63,0,2017,10,12,3,3,4,2,0,1,0,0,0,0,1,5.65956E+20,5.516E+21,9.91639E+15,4.97928E+16
93334,9.171E+18,9,6,75,162,2017,10,15,3,3,0,1,0,0,0,1,0,0,1,5.96536E+20,5.51269E+21,1.03403E+16,4.97589E+16
93335,9.171E+18,9,6,77,114,2017,10,12,3,2,9,1,0,1,0,0,0,0,1,5.70182E+20,5.53756E+21,9.97901E+15,4.99862E+16
93336,9.171E+18,9,6,72,139,2017,10,13,3,3,3,6,0,1,0,0,1,0,0,5.67101E+20,5.5608E+21,9.94011E+15,5.01956E+16
93337,9.171E+18,9,6,73,117,2017,10,20,3,3,8,1,0,1,0,0,0,2,1,5.66642E+20,5.58584E+21,9.9381E+15,5.04208E+16
93338,9.171E+18,9,6,78,115,2017,10,11,3,2,8,1,0,1,0,0,0,0,1,5.83775E+20,5.53704E+21,1.01685E+16,4.99798E+16
93339,9.17093E+18,9,5,75,112,2017,9,12,6,3,8,6,0,1,0,0,0,0,1,6.04026E+20,5.48292E+21,1.04364E+16,4.949E+16
93340,9.171E+18,9,6,76,145,2017,10,23,3,2,8,1,0,1,0,0,0,2,1,5.10102E+20,5.51996E+21,9.14047E+15,4.9832E+16
93341,9.171E+18,9,6,71,148,2017,10,19,3,3,9,1,0,1,0,0,0,2,1,5.26865E+20,5.53542E+21,9.37463E+15,4.99705E+16
93342,9.17093E+18,9,4,75,171,2017,9,19,6,3,4,6,0,1,0,0,0,2,0,6.9434E+20,5.57771E+21,1.173E+16,5.03194E+16
93343,9.171E+18,9,5,72,121,2017,10,2,3,3,5,3,0,1,0,0,0,2,1,6.63157E+20,5.49457E+21,1.12572E+16,4.95817E+16
93344,9.17093E+18,9,4,75,154,2017,9,20,6,3,7,7,0,1,0,0,0,2,0,6.97458E+20,5.566E+21,1.17677E+16,5.02132E+16
93345,9.171E+18,9,5,76,121,2017,10,14,3,3,5,7,1,1,0,0,0,0,0,6.46886E+20,5.44986E+21,1.10157E+16,4.9184E+16
93346,9.171E+18,9,5,74,138,2017,10,2,3,3,2,6,0,1,0,0,0,2,1,6.6337E+20,5.48906E+21,1.12578E+16,4.95321E+16
93347,9.17093E+18,9,4,75,174,2017,9,16,6,1,0,7,1,0,0,0,0,0,0,7.03093E+20,5.5611E+21,1.18439E+16,5.01673E+16
93348,9.17093E+18,9,7,80,121,2017,9,9,7,3,2,6,0,1,0,0,1,0,0,5.96162E+20,5.25453E+21,1.02753E+16,4.74371E+16
93349,9.17093E+18,9,4,79,158,2017,9,0,6,2,0,1,0,1,0,0,0,2,1,7.20865E+20,5.55146E+21,1.20868E+16,5.00743E+16
93350,9.17093E+18,9,7,80,133,2017,9,19,7,3,5,3,0,1,0,1,0,2,0,5.95352E+20,5.25228E+21,1.02641E+16,4.7417E+16
93351,9.17093E+18,9,4,64,0,2017,9,6,6,2,8,1,0,1,0,0,0,1,1,7.0864E+20,5.58054E+21,1.19322E+16,5.034E+16
93352,9.17093E+18,9,4,64,0,2017,9,14,6,3,5,2,0,1,0,0,0,0,0,7.07921E+20,5.57657E+21,1.19199E+16,5.03046E+16
93353,9.17093E+18,9,4,73,159,2017,9,16,6,2,8,7,0,1,0,0,0,0,0,6.49174E+20,5.57229E+21,1.10939E+16,5.02839E+16
93354,9.171E+18,9,5,74,152,2017,10,20,3,3,1,5,0,1,0,0,0,2,1,6.62475E+20,5.4837E+21,1.12433E+16,4.94842E+16
93355,9.171E+18,9,5,64,0,2017,10,23,3,2,8,1,0,1,0,0,0,2,0,6.4921E+20,5.47871E+21,1.10584E+16,4.94427E+16
93356,9.171E+18,9,5,77,161,2017,10,15,3,3,8,1,0,1,0,0,0,0,1,6.50453E+20,5.43977E+21,1.10609E+16,4.90924E+16
93357,9.171E+18,9,5,75,122,2017,10,13,3,3,5,3,0,1,0,0,0,0,1,5.93978E+20,5.48689E+21,1.02987E+16,4.95273E+16
93358,9.171E+18,9,3,77,157,2017,10,13,3,2,8,6,0,1,0,0,1,0,1,7.24716E+20,5.54105E+21,1.21345E+16,4.99794E+16
93359,9.171E+18,9,4,75,175,2017,10,9,3,3,2,6,0,1,0,0,1,0,1,6.96036E+20,5.55824E+21,1.17438E+16,5.01439E+16
93360,9.171E+18,9,4,79,152,2017,10,10,3,3,8,1,0,1,0,0,0,0,1,7.22828E+20,5.5631E+21,1.2121E+16,5.01781E+16
93361,9.171E+18,9,4,72,119,2017,10,7,3,3,9,1,0,1,0,0,0,1,1,6.87042E+20,5.54261E+21,1.16104E+16,5.00064E+16
93362,9.171E+18,9,6,74,129,2017,10,17,3,3,2,6,0,1,0,0,1,0,0,6.20736E+20,5.5375E+21,1.06839E+16,4.99776E+16
93363,9.171E+18,9,4,71,195,2017,10,13,3,3,8,1,0,1,0,0,0,0,1,6.44411E+20,5.52804E+21,1.10104E+16,4.98873E+16
93364,9.171E+18,9,3,77,141,2017,10,16,3,2,8,7,0,1,0,0,0,0,0,7.34689E+20,5.54158E+21,1.22737E+16,4.99803E+16
93365,9.17093E+18,9,7,77,175,2017,9,6,7,3,5,3,1,1,0,0,0,2,0,6.12811E+20,5.29203E+21,1.05057E+16,4.77717E+16
93366,9.171E+18,9,3,74,162,2017,10,22,3,3,8,7,0,1,0,0,0,2,1,7.38109E+20,5.5048E+21,1.22988E+16,4.96487E+16
93367,9.17093E+18,9,7,76,126,2017,9,18,7,3,0,1,0,0,0,1,0,0,0,5.61145E+20,5.27139E+21,9.81332E+15,4.7593E+16
93368,9.171E+18,9,3,75,119,2017,10,14,3,2,9,1,0,1,0,0,0,0,1,7.38162E+20,5.44436E+21,1.22633E+16,4.91059E+16
93369,9.171E+18,9,3,76,159,2017,10,19,3,2,1,3,0,1,0,1,0,1,1,7.24311E+20,5.47903E+21,1.20932E+16,4.94226E+16
93370,9.171E+18,9,2,63,0,2017,10,12,3,3,0,1,0,0,0,1,0,0,1,7.62466E+20,5.41747E+21,1.25783E+16,4.88546E+16
93371,9.17093E+18,9,4,78,139,2017,9,10,6,3,4,6,0,1,0,0,1,0,0,6.53981E+20,5.55711E+21,1.11552E+16,5.01462E+16
93372,9.171E+18,9,2,71,125,2017,10,7,3,3,4,6,0,1,0,0,0,0,1,7.9658E+20,5.41137E+21,1.30379E+16,4.87845E+16
93373,9.171E+18,9,2,75,145,2017,10,23,3,3,3,6,0,1,0,0,0,2,1,8.23522E+20,5.37513E+21,1.33754E+16,4.84461E+16
93374,9.171E+18,9,2,62,0,2017,10,13,3,3,5,3,0,1,0,0,0,0,1,8.25612E+20,5.39339E+21,1.34178E+16,4.86088E+16
93375,9.171E+18,9,2,72,139,2017,10,12,3,3,8,1,0,1,0,0,0,0,1,8.44056E+20,5.42422E+21,1.36929E+16,4.88753E+16
93376,9.171E+18,9,2,61,0,2017,10,19,3,3,4,2,0,1,0,0,0,2,0,7.3182E+20,5.38119E+21,1.21409E+16,4.8541E+16
93377,9.171E+18,9,2,79,132,2017,10,9,3,3,8,1,0,1,0,0,0,0,0,7.66124E+20,5.40015E+21,1.26169E+16,4.86975E+16
93378,9.17093E+18,9,4,77,136,2017,9,21,6,3,2,6,0,1,0,0,1,2,0,6.69871E+20,5.55245E+21,1.13753E+16,5.01E+16
93379,9.171E+18,9,2,73,137,2017,10,16,3,3,5,3,0,1,0,0,0,0,0,7.13613E+20,5.41937E+21,1.19143E+16,4.88905E+16
93380,9.17093E+18,9,4,77,142,2017,9,6,6,3,0,1,0,0,0,0,1,0,0,6.78367E+20,5.54581E+21,1.14909E+16,5.00378E+16
93381,9.171E+18,9,1,90,133,2017,10,16,3,2,0,1,0,1,0,0,0,0,1,6.35537E+20,5.29601E+21,1.08101E+16,4.78032E+16
93382,9.171E+18,9,1,71,129,2017,10,15,3,2,0,1,0,0,0,1,0,0,1,7.75251E+20,5.35562E+21,1.27113E+16,4.82939E+16
93383,9.17093E+18,9,4,62,0,2017,9,21,6,3,5,3,0,1,0,0,0,2,0,6.86759E+20,5.53714E+21,1.16038E+16,4.99574E+16
93384,9.17093E+18,9,4,74,145,2017,9,21,6,3,7,7,0,0,0,1,0,2,0,6.56815E+20,5.50391E+21,1.11732E+16,4.96673E+16
93385,9.171E+18,9,1,82,123,2017,10,12,3,3,2,6,0,1,0,0,0,0,1,7.19859E+20,5.30088E+21,1.19375E+16,4.78237E+16
93386,9.17093E+18,9,4,74,129,2017,9,7,6,3,0,4,0,0,1,1,0,1,0,6.68363E+20,5.51577E+21,1.13383E+16,4.97708E+16
93387,9.17093E+18,9,3,74,133,2017,9,15,6,3,2,6,0,1,0,0,0,0,0,7.26542E+20,5.49746E+21,1.21345E+16,4.95872E+16
93388,9.17093E+18,9,3,77,141,2017,9,15,6,3,2,6,0,1,0,0,1,0,0,7.32668E+20,5.53821E+21,1.22435E+16,4.99509E+16
93389,9.171E+18,9,1,76,132,2017,10,6,3,3,8,1,0,1,0,0,0,2,1,6.70938E+20,5.41598E+21,1.13312E+16,4.88732E+16
93390,9.171E+18,9,1,74,146,2017,10,21,3,3,3,6,0,1,0,0,0,2,0,6.6887E+20,5.3497E+21,1.12761E+16,4.8278E+16
93391,9.171E+18,9,1,79,134,2017,10,18,3,3,5,2,1,1,0,0,0,0,0,6.68102E+20,5.34292E+21,1.12631E+16,4.82172E+16
93392,9.171E+18,9,1,79,123,2017,10,9,3,2,5,2,0,1,0,0,0,0,1,6.77445E+20,5.33196E+21,1.13842E+16,4.81161E+16
93393,9.171E+18,9,1,74,115,2017,10,14,3,2,5,3,1,1,0,0,0,0,1,6.81727E+20,5.34655E+21,1.14479E+16,4.82461E+16
93394,9.171E+18,9,1,75,132,2017,10,18,3,3,2,6,0,1,0,0,1,0,0,7.05437E+20,5.33587E+21,1.17618E+16,4.81428E+16
93395,9.171E+18,9,1,62,0,2017,10,14,3,3,8,1,0,1,0,0,0,0,0,6.92812E+20,5.33911E+21,1.15937E+16,4.81759E+16
93396,9.171E+18,9,1,75,132,2017,10,21,3,3,5,3,0,1,0,0,0,2,0,7.06305E+20,5.33121E+21,1.17712E+16,4.81008E+16
93397,9.171E+18,9,1,62,0,2017,10,18,2,3,5,3,0,1,0,0,0,0,1,6.93385E+20,5.33742E+21,1.16006E+16,4.81606E+16
93398,9.171E+18,9,1,84,132,2017,10,20,2,3,5,3,1,1,0,0,0,2,1,6.83761E+20,5.32947E+21,1.14679E+16,4.8092E+16
93399,9.17093E+18,9,3,72,171,2017,9,19,6,3,4,6,0,1,0,0,0,2,1,7.65217E+20,5.47936E+21,1.26564E+16,4.94091E+16
93400,9.171E+18,9,1,84,113,2017,10,12,2,2,5,2,1,1,0,0,0,0,0,6.86313E+20,5.32316E+21,1.14994E+16,4.80345E+16
93401,9.171E+18,9,7,80,140,2017,10,10,2,3,3,6,0,1,0,0,1,0,0,6.04651E+20,5.28128E+21,1.03942E+16,4.76764E+16
93402,9.171E+18,9,7,80,124,2017,10,12,2,3,2,6,0,1,0,0,1,0,0,5.92162E+20,5.26834E+21,1.02252E+16,4.7562E+16
93403,9.171E+18,9,7,77,129,2017,10,22,2,2,6,4,0,1,1,0,0,2,1,6.28228E+20,5.2708E+21,1.07051E+16,4.75779E+16
93404,9.171E+18,9,7,72,148,2017,10,7,2,3,6,2,0,1,1,0,0,1,0,6.28194E+20,5.35431E+21,1.07296E+16,4.8329E+16
93405,9.171E+18,9,7,72,115,2017,10,8,2,2,2,6,0,0,0,1,1,0,0,6.19066E+20,5.37057E+21,1.06111E+16,4.8477E+16
93406,9.171E+18,9,7,61,0,2017,10,19,2,3,2,6,0,1,0,0,0,2,1,6.41351E+20,5.35566E+21,1.09074E+16,4.83383E+16
93407,9.17093E+18,9,3,75,196,2017,9,5,6,3,4,2,0,1,0,0,0,2,0,7.32975E+20,5.41246E+21,1.21741E+16,4.88214E+16
93408,9.17093E+18,9,3,75,179,2017,9,8,6,3,5,3,0,1,0,0,0,0,0,7.31987E+20,5.42802E+21,1.21695E+16,4.89615E+16
93409,9.171E+18,9,7,61,0,2017,10,13,2,3,0,7,0,0,0,1,0,0,0,6.41479E+20,5.35409E+21,1.09086E+16,4.83242E+16
93410,9.17093E+18,9,3,75,196,2017,9,16,6,3,0,1,0,0,0,1,0,0,1,7.29161E+20,5.41425E+21,1.21232E+16,4.88389E+16
93411,9.171E+18,9,7,61,0,2017,10,19,2,2,5,3,0,1,0,0,0,2,1,6.41156E+20,5.36021E+21,1.09063E+16,4.83793E+16
93412,9.17093E+18,9,3,62,0,2017,9,7,6,3,2,6,0,1,0,1,0,0,0,7.27617E+20,5.43537E+21,1.2114E+16,4.90292E+16
93413,9.17093E+18,9,3,72,158,2017,9,13,6,3,2,6,0,1,0,0,1,0,0,7.61467E+20,5.45643E+21,1.25899E+16,4.92048E+16
93414,9.171E+18,9,6,63,0,2017,10,10,2,3,0,6,0,1,0,1,0,0,1,5.66078E+20,5.51726E+21,9.91829E+15,4.98041E+16
93415,9.17093E+18,9,3,76,175,2017,9,9,6,3,3,1,0,1,0,0,1,0,0,7.29218E+20,5.46716E+21,1.2154E+16,4.93141E+16
93416,9.17093E+18,9,3,76,125,2017,9,22,6,3,9,7,0,1,0,0,0,2,0,7.23068E+20,5.47653E+21,1.20747E+16,4.94005E+16
93417,9.17093E+18,9,7,76,113,2017,9,12,7,3,2,6,0,1,0,1,0,0,0,5.7686E+20,5.27675E+21,1.00232E+16,4.76396E+16
93418,9.17093E+18,9,2,71,119,2017,9,10,6,3,2,6,0,1,0,0,1,0,0,7.93103E+20,5.41264E+21,1.29916E+16,4.87976E+16
93419,9.17093E+18,9,2,76,144,2017,9,19,6,2,5,3,0,1,1,0,1,2,1,7.83031E+20,5.44352E+21,1.28762E+16,4.90794E+16
93420,9.17093E+18,9,2,71,132,2017,9,20,6,3,4,2,0,1,0,0,0,2,0,7.8548E+20,5.41795E+21,1.28917E+16,4.88487E+16
93421,9.17093E+18,9,2,78,197,2017,9,9,6,3,4,6,0,1,0,0,1,0,0,7.58751E+20,5.44085E+21,1.25426E+16,4.90661E+16
93422,9.171E+18,9,6,77,200,2017,10,14,2,3,4,2,0,1,0,0,0,0,1,5.3137E+20,5.54081E+21,9.43788E+15,5.00187E+16
93423,9.171E+18,9,6,74,164,2017,10,12,2,3,2,6,0,1,0,0,0,0,1,6.16689E+20,5.54752E+21,1.06306E+16,5.00685E+16
93424,9.17093E+18,9,7,62,0,2017,9,10,7,3,1,6,0,1,0,0,1,0,0,6.2018E+20,5.30706E+21,1.06082E+16,4.79056E+16
93425,9.171E+18,9,6,73,117,2017,10,13,2,3,4,2,0,1,0,0,1,0,1,5.68224E+20,5.58428E+21,9.96009E+15,5.04066E+16
93426,9.171E+18,9,6,72,114,2017,10,18,2,2,2,6,0,1,0,0,0,0,0,5.77132E+20,5.56202E+21,1.00809E+16,5.02054E+16
93427,9.171E+18,9,6,62,0,2017,10,18,2,3,5,3,1,1,0,0,0,1,1,5.87185E+20,5.54412E+21,1.02176E+16,5.0043E+16
93428,9.171E+18,9,6,78,136,2017,10,19,2,3,5,3,0,1,0,0,0,2,1,5.85858E+20,5.53924E+21,1.0198E+16,4.99993E+16
93429,9.171E+18,9,6,62,0,2017,10,14,2,3,0,1,0,0,0,1,0,0,1,5.88187E+20,5.5449E+21,1.02318E+16,5.00499E+16
93430,9.171E+18,9,6,62,0,2017,10,16,2,3,4,1,0,1,0,0,0,0,1,5.8747E+20,5.54324E+21,1.02214E+16,5.0035E+16
93431,9.171E+18,9,6,76,140,2017,10,19,2,3,8,1,0,1,0,0,1,1,1,5.04829E+20,5.52162E+21,9.06717E+15,4.9847E+16
93432,9.171E+18,9,6,76,133,2017,10,17,2,3,4,2,0,1,0,0,0,0,1,5.1185E+20,5.52283E+21,9.16487E+15,4.98578E+16
93433,9.171E+18,9,6,76,123,2017,10,7,2,3,3,6,0,1,0,0,0,1,1,5.19522E+20,5.52072E+21,9.27149E+15,4.98386E+16
93434,9.171E+18,9,6,71,130,2017,10,22,2,3,0,1,0,0,0,1,0,2,1,5.15922E+20,5.53923E+21,9.2222E+15,5.00052E+16
93435,9.171E+18,9,6,61,0,2017,10,8,2,3,5,3,1,1,0,0,0,0,1,5.08656E+20,5.53383E+21,9.12067E+15,4.99568E+16
93436,9.17093E+18,9,2,75,156,2017,9,16,6,3,9,1,0,1,0,0,0,0,0,8.48618E+20,5.39973E+21,1.37342E+16,4.86533E+16
93437,9.17093E+18,9,2,75,152,2017,9,11,6,3,3,6,0,1,0,1,0,0,0,8.21694E+20,5.40481E+21,1.33737E+16,4.87132E+16
93438,9.171E+18,9,5,72,149,2017,10,7,2,3,8,1,0,1,0,0,0,1,0,6.38413E+20,5.50216E+21,1.09177E+16,4.96561E+16
93439,9.17093E+18,9,2,72,129,2017,9,9,6,3,5,3,0,1,0,0,1,0,0,8.44491E+20,5.40812E+21,1.36853E+16,4.87308E+16