OBJECTID,UIDENTSTLA,ULAND,UREGBEZ,UKREIS,UGEMEINDE,UJAHR,UMONAT,USTUNDE,UWOCHENTAG,UKATEGORIE,UART,UTYP1,IstRad,IstPKW,IstFuss,IstKrad,IstSonstig,LICHT,STRZUSTAND,LINREFX,LINREFY,XGCSWGS84,YGCSWGS84
93784,9.17101E+18,9,5,64,0,2017,10,13,6,3,2,6,0,1,0,0,1,0,0,6.47674E+20,5.47964E+21,1.10375E+16,4.94514E+16
93785,9.17101E+18,9,5,71,205,2017,10,8,6,3,5,3,0,1,0,0,0,0,0,5.90574E+20,5.47803E+21,1.02496E+16,4.94482E+16
93786,9.17101E+18,9,5,71,135,2017,10,21,6,3,5,3,0,1,0,0,0,2,0,6.257E+20,5.47565E+21,1.07332E+16,4.94206E+16
93787,9.17101E+18,9,5,75,168,2017,10,9,6,3,5,3,0,1,0,0,0,0,0,5.89123E+20,5.48889E+21,1.0232E+16,4.9546E+16
93788,9.17101E+18,9,5,71,216,2017,10,13,6,3,5,3,1,1,0,0,0,0,0,6.20177E+20,5.45119E+21,1.06498E+16,4.92017E+16
93789,9.17101E+18,9,4,75,169,2017,10,15,6,3,9,1,0,1,0,0,0,0,1,6.89653E+20,5.57199E+21,1.16614E+16,5.02695E+16
93790,9.17101E+18,9,4,76,145,2017,10,10,6,3,0,7,0,1,0,0,1,0,1,6.67316E+20,5.57163E+21,1.13481E+16,5.02731E+16
93791,9.17101E+18,9,4,72,119,2017,10,21,6,2,3,6,0,1,0,0,0,2,1,6.87063E+20,5.54256E+21,1.16106E+16,5.0006E+16
93792,9.17101E+18,9,4,74,137,2017,10,16,6,3,8,1,0,1,0,0,0,0,1,6.51617E+20,5.50076E+21,1.11E+16,4.96404E+16
93793,9.17101E+18,9,4,71,191,2017,10,17,6,2,5,3,0,1,0,1,0,0,1,6.33582E+20,5.52457E+21,1.08585E+16,4.98586E+16
93794,9.17101E+18,9,4,71,131,2017,10,15,6,3,5,3,0,1,0,0,0,0,1,6.32159E+20,5.52255E+21,1.08381E+16,4.98408E+16
93795,9.17101E+18,9,3,77,148,2017,10,9,6,3,5,3,0,1,0,0,0,0,1,7.14605E+20,5.53519E+21,1.19904E+16,4.99305E+16
93796,9.17101E+18,9,3,75,175,2017,10,8,6,1,1,1,0,0,0,0,1,0,0,7.17274E+20,5.43369E+21,1.19718E+16,4.90178E+16
93797,9.17101E+18,9,3,75,180,2017,10,5,6,2,9,1,0,1,0,0,0,2,0,7.24439E+20,5.42907E+21,1.20671E+16,4.89737E+16
93798,9.17101E+18,9,3,75,118,2017,10,19,6,3,5,2,0,1,0,0,0,2,1,7.05194E+20,5.44193E+21,1.1811E+16,4.90959E+16
93799,9.17101E+18,9,3,73,112,2017,10,7,6,2,5,3,0,1,0,1,0,0,0,6.76459E+20,5.4468E+21,1.14199E+16,4.91486E+16
93800,9.17101E+18,9,3,72,116,2017,10,14,6,2,4,1,0,1,0,0,1,0,0,7.67901E+20,5.45841E+21,1.26793E+16,4.92198E+16
93801,9.17101E+18,9,2,76,122,2017,10,14,6,3,2,2,0,1,0,0,0,0,1,7.8966E+20,5.43862E+21,1.29632E+16,4.90324E+16
93802,9.17101E+18,9,2,76,138,2017,10,14,6,3,2,2,0,1,0,1,0,0,1,8.02745E+20,5.43205E+21,1.31369E+16,4.89671E+16
93803,9.17101E+18,9,2,71,128,2017,10,7,6,3,4,6,0,1,0,0,0,0,0,7.97993E+20,5.39717E+21,1.30468E+16,4.86564E+16
93804,9.17101E+18,9,2,75,128,2017,10,20,6,2,6,7,0,1,1,0,0,2,1,8.30625E+20,5.40458E+21,1.34945E+16,4.87065E+16
93805,9.17101E+18,9,2,62,0,2017,10,15,6,3,4,2,0,1,0,0,1,0,0,8.25168E+20,5.39041E+21,1.34095E+16,4.85822E+16
93806,9.17101E+18,9,2,74,134,2017,10,19,6,3,1,6,0,1,0,0,0,2,1,7.41858E+20,5.37461E+21,1.22728E+16,4.84781E+16
93807,9.17101E+18,9,2,74,111,2017,10,7,6,3,5,3,0,1,0,0,1,0,0,7.40396E+20,5.38161E+21,1.22571E+16,4.85414E+16
93808,9.17101E+18,9,1,90,132,2017,10,18,6,2,5,3,0,1,0,0,0,2,1,6.75307E+20,5.29374E+21,1.13399E+16,4.77732E+16
93809,9.17101E+18,9,1,80,115,2017,10,13,6,3,5,2,0,1,0,0,0,0,0,6.56497E+20,5.27069E+21,1.10808E+16,4.75708E+16
93810,9.17101E+18,9,1,71,112,2017,10,5,6,3,0,1,0,0,0,1,0,2,1,7.84051E+20,5.34385E+21,1.28218E+16,4.81843E+16
93811,9.17101E+18,9,1,71,125,2017,10,14,6,3,2,2,0,1,0,0,0,0,0,7.76719E+20,5.34767E+21,1.27259E+16,4.82218E+16
93812,9.17101E+18,9,1,71,111,2017,10,15,6,3,2,6,0,1,0,0,0,0,1,7.71427E+20,5.34993E+21,1.26562E+16,4.82444E+16
93813,9.17101E+18,9,1,82,129,2017,10,10,6,3,2,6,0,1,0,0,0,0,0,7.0739E+20,5.28534E+21,1.17637E+16,4.76882E+16
93814,9.17101E+18,9,1,87,150,2017,10,6,6,3,5,3,0,1,0,1,0,2,1,7.25635E+20,5.30402E+21,1.20162E+16,4.78499E+16
93815,9.17101E+18,9,1,61,0,2017,10,14,6,2,0,4,1,0,1,0,0,0,0,6.7754E+20,5.40719E+21,1.14174E+16,4.87923E+16
93816,9.17101E+18,9,1,61,0,2017,10,17,6,3,5,3,1,1,0,0,0,0,0,6.79172E+20,5.40467E+21,1.14385E+16,4.87692E+16
93817,9.17101E+18,9,1,76,129,2017,10,14,6,3,4,6,0,1,0,0,0,0,0,6.87384E+20,5.40435E+21,1.155E+16,4.87639E+16
93818,9.17101E+18,9,1,76,167,2017,10,8,6,3,2,6,0,1,0,0,0,0,0,6.77133E+20,5.40981E+21,1.1413E+16,4.8816E+16
93819,9.17101E+18,9,1,85,140,2017,10,11,6,3,7,7,0,1,0,0,0,0,0,6.76735E+20,5.3937E+21,1.14006E+16,4.86713E+16
93820,9.17101E+18,9,1,86,143,2017,10,18,6,3,4,2,0,1,0,0,0,0,0,6.83324E+20,5.37752E+21,1.14829E+16,4.8524E+16
93821,9.17101E+18,9,1,62,0,2017,10,8,6,3,2,6,0,1,0,0,1,0,0,6.84229E+20,5.34257E+21,1.14799E+16,4.82096E+16
93822,9.17101E+18,9,1,79,142,2017,10,13,6,3,2,6,0,1,0,1,0,0,0,6.71615E+20,5.34198E+21,1.131E+16,4.82079E+16
93823,9.17101E+18,9,1,79,142,2017,10,13,6,3,2,6,0,1,0,0,0,0,0,6.71617E+20,5.34199E+21,1.131E+16,4.82079E+16
93824,9.17101E+18,9,1,79,142,2017,10,18,6,3,2,6,0,1,0,0,1,1,1,6.71012E+20,5.341E+21,1.13015E+16,4.81992E+16
93825,9.17101E+18,9,1,81,128,2017,10,20,6,3,0,1,1,0,0,0,0,2,1,6.38926E+20,5.32781E+21,1.08656E+16,4.80884E+16
93826,9.17101E+18,9,1,79,123,2017,10,8,6,3,5,2,0,1,0,0,0,0,0,6.77445E+20,5.33196E+21,1.13842E+16,4.81161E+16
93827,9.17101E+18,9,1,84,129,2017,10,21,6,2,8,7,0,1,0,0,0,2,0,7.01312E+20,5.32647E+21,1.17019E+16,4.80597E+16
93828,9.17101E+18,9,1,84,131,2017,10,10,6,3,2,6,0,0,0,0,1,0,0,7.0377E+20,5.33851E+21,1.17406E+16,4.81671E+16
93829,9.17101E+18,9,1,62,0,2017,10,16,6,3,2,7,0,1,0,0,0,0,1,6.86296E+20,5.34355E+21,1.15081E+16,4.82178E+16
93830,9.17101E+18,9,1,78,143,2017,10,19,6,2,5,3,0,1,0,0,0,2,1,7.18335E+20,5.37227E+21,1.19537E+16,4.84657E+16
93831,9.17101E+18,9,1,78,143,2017,10,10,6,3,6,4,0,1,1,0,0,0,0,7.17002E+20,5.3725E+21,1.19359E+16,4.84681E+16
93832,9.17101E+18,9,1,78,124,2017,10,15,6,3,6,4,0,1,1,0,0,0,0,7.03321E+20,5.3641E+21,1.17469E+16,4.83972E+16
93833,9.17101E+18,9,1,77,117,2017,10,13,6,3,4,2,0,1,0,0,1,0,0,7.15204E+20,5.35176E+21,1.19009E+16,4.82824E+16
93834,9.17101E+18,9,1,75,124,2017,10,12,6,3,2,2,0,1,0,0,0,0,0,7.16363E+20,5.32834E+21,1.19046E+16,4.80716E+16
93835,9.17101E+18,9,1,62,0,2017,10,6,5,3,5,3,1,1,0,0,0,0,0,6.89395E+20,5.34079E+21,1.15485E+16,4.81921E+16
93836,9.17101E+18,9,1,62,0,2017,10,16,5,3,2,7,0,1,0,0,0,0,0,6.94663E+20,5.3344E+21,1.16164E+16,4.81331E+16
93837,9.17101E+18,9,1,62,0,2017,10,18,5,2,2,6,0,1,0,1,0,0,1,7.00563E+20,5.33268E+21,1.16948E+16,4.81158E+16
93838,9.17101E+18,9,1,84,147,2017,10,23,5,3,5,3,0,1,0,1,0,2,1,6.95602E+20,5.33971E+21,1.16315E+16,4.81805E+16
93839,9.17101E+18,9,7,78,171,2017,10,9,5,3,2,6,0,0,0,0,1,0,0,5.9195E+20,5.31738E+21,1.02327E+16,4.80031E+16
93840,9.17101E+18,9,7,75,135,2017,10,6,5,3,0,7,0,1,0,0,0,2,0,5.79866E+20,5.36245E+21,1.00792E+16,4.84102E+16
93841,9.17101E+18,9,7,75,135,2017,10,19,5,3,5,3,0,1,0,0,1,2,1,5.76426E+20,5.35467E+21,1.00314E+16,4.83406E+16
93842,9.17101E+18,9,7,75,129,2017,10,7,5,2,5,3,0,1,0,0,0,0,0,5.81856E+20,5.34266E+21,1.01023E+16,4.82318E+16
93843,9.17101E+18,9,7,78,116,2017,10,12,5,3,0,2,1,1,0,0,0,0,0,6.18964E+20,5.31977E+21,1.05954E+16,4.80201E+16
93844,9.17101E+18,9,6,72,114,2017,10,16,5,3,2,6,0,1,0,0,0,0,1,5.77155E+20,5.56202E+21,1.00812E+16,5.02053E+16
93845,9.17101E+18,9,7,73,125,2017,10,8,5,3,3,2,1,0,0,0,0,0,0,6.09801E+20,5.38168E+21,1.04887E+16,4.85786E+16
93846,9.17101E+18,9,7,61,0,2017,10,6,5,3,2,6,0,1,0,0,0,1,0,6.39008E+20,5.35654E+21,1.08761E+16,4.83467E+16
93847,9.17101E+18,9,5,64,0,2017,10,9,5,2,5,3,1,1,0,0,0,0,0,6.52672E+20,5.48071E+21,1.11069E+16,4.94598E+16
93848,9.17101E+18,9,4,72,175,2017,10,17,5,3,8,1,0,1,0,0,0,0,1,6.7939E+20,5.51922E+21,1.14928E+16,4.97986E+16
93849,9.17101E+18,9,6,76,132,2017,10,17,5,3,4,6,0,1,0,0,0,0,1,5.13665E+20,5.5089E+21,9.18962E+15,4.97324E+16
93850,9.17101E+18,9,5,75,122,2017,10,5,5,2,5,3,0,1,0,0,0,2,0,5.95572E+20,5.48482E+21,1.03202E+16,4.95085E+16
93851,9.17101E+18,9,5,71,127,2017,10,16,5,3,5,3,0,1,0,1,0,0,0,6.16803E+20,5.45564E+21,1.06048E+16,4.92424E+16
93852,9.17101E+18,9,4,74,126,2017,10,20,5,3,5,3,0,1,0,0,0,2,0,6.48121E+20,5.51125E+21,1.10556E+16,4.97355E+16
93853,9.17101E+18,9,4,61,0,2017,10,16,5,3,5,3,1,1,0,0,0,0,0,6.33834E+20,5.52953E+21,1.08638E+16,4.99031E+16
93854,9.17101E+18,9,3,75,117,2017,10,11,5,2,5,3,0,1,0,0,0,0,0,7.36694E+20,5.43306E+21,1.22366E+16,4.9005E+16
93855,9.17101E+18,9,3,71,121,2017,10,14,5,3,2,6,0,1,0,0,0,0,0,7.0793E+20,5.49456E+21,1.18758E+16,4.95679E+16
93856,9.17101E+18,9,2,71,141,2017,10,6,5,3,2,6,0,1,0,0,0,2,0,7.97046E+20,5.40081E+21,1.30366E+16,4.86896E+16
93857,9.17101E+18,9,2,78,116,2017,10,7,5,3,1,6,0,1,0,0,0,0,0,7.65864E+20,5.43454E+21,1.26357E+16,4.90064E+16
93858,9.17101E+18,9,2,75,126,2017,10,11,5,3,2,1,0,1,0,0,0,0,0,8.43605E+20,5.39713E+21,1.36642E+16,4.86327E+16
93859,9.17101E+18,9,2,75,145,2017,10,14,5,2,5,3,0,1,0,0,0,0,0,8.16301E+20,5.38018E+21,1.32818E+16,4.8495E+16
93860,9.17101E+18,9,2,79,128,2017,10,21,5,2,7,7,0,0,0,1,0,2,0,7.55495E+20,5.3955E+21,1.24698E+16,4.86603E+16
93861,9.17101E+18,9,2,61,0,2017,10,7,5,3,5,7,1,1,0,0,0,0,0,7.33725E+20,5.38138E+21,1.21667E+16,4.85419E+16
93862,9.17101E+18,9,2,79,122,2017,10,17,5,2,4,1,0,1,0,0,0,0,0,7.77998E+20,5.39706E+21,1.27758E+16,4.86646E+16
93863,9.17101E+18,9,2,73,137,2017,10,20,5,3,1,6,0,1,0,0,1,2,0,7.11941E+20,5.4226E+21,1.18932E+16,4.89201E+16
93864,9.17101E+18,9,2,79,112,2017,10,22,5,3,2,6,0,1,0,0,0,2,0,7.5593E+20,5.39441E+21,1.24751E+16,4.86503E+16
93865,9.17101E+18,9,1,90,141,2017,10,12,5,3,2,6,0,1,0,0,1,0,0,6.78155E+20,5.29152E+21,1.1377E+16,4.77524E+16
93866,9.17101E+18,9,1,73,118,2017,10,17,5,3,0,1,0,0,0,1,0,0,0,6.93263E+20,5.29983E+21,1.15821E+16,4.78228E+16
93867,9.17101E+18,9,1,73,126,2017,10,15,5,3,1,7,0,1,0,0,1,0,0,6.87822E+20,5.30343E+21,1.1511E+16,4.78567E+16
93868,9.17101E+18,9,1,73,133,2017,10,16,5,3,9,1,0,0,0,1,0,0,0,6.77014E+20,5.2782E+21,1.13564E+16,4.7633E+16
93869,9.17101E+18,9,1,73,135,2017,10,16,5,3,9,1,0,1,0,0,0,0,0,6.90964E+20,5.27258E+21,1.15394E+16,4.75785E+16
93870,9.17101E+18,9,1,89,149,2017,10,15,5,3,4,2,0,1,0,1,0,0,0,7.65784E+20,5.33115E+21,1.25686E+16,4.80781E+16
93871,9.17101E+18,9,1,62,0,2017,10,0,6,3,3,6,0,1,0,0,0,2,0,6.95324E+20,5.34432E+21,1.16298E+16,4.8222E+16
93872,9.17101E+18,9,1,62,0,2017,10,15,6,3,3,6,0,1,0,0,1,0,0,6.94145E+20,5.34478E+21,1.16142E+16,4.82265E+16
93873,9.17101E+18,9,1,84,135,2017,10,13,6,3,3,6,0,1,0,0,0,0,0,6.88293E+20,5.34612E+21,1.15361E+16,4.82403E+16
93874,9.17101E+18,9,1,84,119,2017,10,15,6,3,2,6,0,1,0,0,0,0,0,6.96406E+20,5.34797E+21,1.16461E+16,4.82545E+16
93875,9.17101E+18,9,1,77,117,2017,10,9,6,2,5,2,0,1,0,0,0,0,0,7.1654E+20,5.35093E+21,1.19185E+16,4.82745E+16
93876,9.17101E+18,9,1,75,137,2017,10,18,6,2,6,4,0,1,1,0,0,1,0,7.25369E+20,5.33024E+21,1.20264E+16,4.80856E+16
93877,9.17101E+18,9,1,62,0,2017,10,13,5,3,0,1,0,0,0,1,0,0,0,6.94651E+20,5.33449E+21,1.16163E+16,4.81339E+16
93878,9.17101E+18,9,1,62,0,2017,10,13,5,3,3,2,1,1,0,0,0,0,0,6.9207E+20,5.34053E+21,1.15844E+16,4.8189E+16
93879,9.17101E+18,9,1,84,136,2017,10,13,5,3,5,3,1,1,0,0,0,0,0,7.00207E+20,5.32777E+21,1.16877E+16,4.80718E+16
93880,9.17101E+18,9,7,78,184,2017,10,11,5,3,5,3,0,1,0,0,1,0,0,5.94813E+20,5.33191E+21,1.02743E+16,4.81334E+16
93881,9.17101E+18,9,7,80,144,2017,10,19,5,3,8,1,0,0,0,1,0,2,0,5.87219E+20,5.27803E+21,1.01614E+16,4.76498E+16
93882,9.17101E+18,9,7,80,131,2017,10,12,5,2,5,3,0,1,0,1,0,0,0,5.86168E+20,5.25459E+21,1.01428E+16,4.74391E+16
93883,9.17101E+18,9,7,77,163,2017,10,15,5,3,2,6,0,1,0,0,0,0,0,6.28867E+20,5.2748E+21,1.07148E+16,4.76138E+16
93884,9.17101E+18,9,7,79,177,2017,10,14,5,3,5,3,0,1,0,0,0,0,1,6.07344E+20,5.42002E+21,1.04654E+16,4.89238E+16
93885,9.17101E+18,9,7,72,145,2017,10,12,5,1,5,3,0,1,0,0,0,0,0,6.34293E+20,5.36655E+21,1.08157E+16,4.84378E+16
93886,9.17101E+18,9,7,72,171,2017,10,6,5,3,2,6,0,1,0,0,0,1,0,6.37585E+20,5.37205E+21,1.0862E+16,4.84865E+16
93887,9.17101E+18,9,6,79,174,2017,10,15,5,3,5,3,0,1,0,0,1,0,0,5.81048E+20,5.52416E+21,1.01277E+16,4.98644E+16
93888,9.17101E+18,9,6,79,177,2017,10,17,5,2,9,6,0,1,0,0,1,0,0,5.48248E+20,5.51719E+21,9.67052E+15,4.98052E+16
93889,9.17101E+18,9,6,77,148,2017,10,14,5,3,2,6,0,1,0,0,0,0,0,5.57763E+20,5.53438E+21,9.80531E+15,4.9959E+16
93890,9.17101E+18,9,6,74,187,2017,10,11,5,3,3,2,1,1,0,0,0,0,0,6.11593E+20,5.5274E+21,1.05535E+16,4.98886E+16
93891,9.17101E+18,9,6,74,153,2017,10,5,5,3,9,7,0,1,0,0,0,2,0,5.99453E+20,5.55028E+21,1.03905E+16,5.00965E+16
93892,9.17101E+18,9,6,78,134,2017,10,14,5,3,6,6,0,1,1,0,0,0,0,5.97061E+20,5.52832E+21,1.03515E+16,4.98994E+16
93893,9.17101E+18,9,6,78,160,2017,10,13,5,3,3,6,0,1,0,0,1,0,0,5.8305E+20,5.54588E+21,1.01603E+16,5.00594E+16
93894,9.17101E+18,9,6,78,115,2017,10,11,5,2,6,4,0,1,1,0,0,0,0,5.8446E+20,5.53988E+21,1.01786E+16,5.00052E+16
93895,9.17101E+18,9,6,62,0,2017,10,15,5,3,2,6,0,1,0,0,0,0,0,5.87382E+20,5.5433E+21,1.02202E+16,5.00355E+16
93896,9.17101E+18,9,5,76,122,2017,10,17,5,2,0,6,0,0,0,1,1,0,0,6.71849E+20,5.43474E+21,1.13516E+16,4.90416E+16
93897,9.17101E+18,9,5,64,0,2017,10,7,5,3,2,6,0,1,0,0,0,0,0,6.50717E+20,5.46744E+21,1.10749E+16,4.93411E+16
93898,9.17101E+18,9,5,74,155,2017,10,7,5,3,8,1,0,1,0,0,0,0,0,6.7389E+20,5.49925E+21,1.14076E+16,4.96207E+16
93899,9.17101E+18,9,5,62,0,2017,10,8,5,3,0,7,1,0,0,0,0,0,0,6.44505E+20,5.49643E+21,1.1E+16,4.96031E+16
93900,9.17101E+18,9,5,76,143,2017,10,6,5,2,5,7,1,1,0,0,0,2,1,6.54162E+20,5.45684E+21,1.11182E+16,4.92449E+16
93901,9.17101E+18,9,5,64,0,2017,10,19,5,3,6,4,0,1,1,0,0,2,0,6.47631E+20,5.47451E+21,1.1035E+16,4.94054E+16
93902,9.17101E+18,9,5,64,0,2017,10,12,5,2,5,2,1,1,0,0,0,0,0,6.51878E+20,5.469E+21,1.10914E+16,4.93547E+16
93903,9.17101E+18,9,5,64,0,2017,10,7,5,3,5,3,0,1,0,0,0,0,0,6.48203E+20,5.471E+21,1.10416E+16,4.93736E+16
93904,9.17101E+18,9,1,89,155,2017,10,8,5,3,3,6,0,1,0,0,0,0,0,7.71569E+20,5.30783E+21,1.26314E+16,4.78663E+16
93905,9.17101E+18,9,1,89,120,2017,10,11,5,3,5,3,1,1,0,0,0,0,0,7.59491E+20,5.29749E+21,1.2464E+16,4.77785E+16
93906,9.17101E+18,9,5,71,169,2017,10,16,5,3,2,6,0,1,0,0,0,0,0,5.84865E+20,5.4644E+21,1.01679E+16,4.93264E+16
93907,9.17101E+18,9,5,71,193,2017,10,7,5,3,4,6,0,1,0,0,0,0,0,5.86032E+20,5.46895E+21,1.0185E+16,4.93672E+16
93908,9.17101E+18,9,5,75,117,2017,10,15,5,3,4,6,0,1,0,0,1,0,0,6.23639E+20,5.50111E+21,1.07128E+16,4.96499E+16
93909,9.17101E+18,9,1,72,116,2017,10,13,5,2,0,1,1,0,0,0,0,0,0,8.0711E+20,5.28368E+21,1.30885E+16,4.76336E+16
93910,9.17101E+18,9,1,72,117,2017,10,10,5,3,2,6,0,1,0,0,0,0,0,7.9814E+20,5.28398E+21,1.29695E+16,4.76405E+16
93911,9.17101E+18,9,1,87,126,2017,10,8,5,3,5,3,0,1,0,0,1,0,0,7.41177E+20,5.32682E+21,1.22364E+16,4.8049E+16
93912,9.17101E+18,9,1,87,120,2017,10,13,5,3,5,3,1,1,0,0,0,0,0,7.32636E+20,5.29127E+21,1.21028E+16,4.77328E+16
93913,9.17101E+18,9,1,61,0,2017,10,7,5,3,5,3,1,1,0,0,0,0,0,6.77278E+20,5.40175E+21,1.14115E+16,4.87435E+16
93914,9.17101E+18,9,1,76,143,2017,10,19,5,3,2,6,0,1,0,1,0,0,0,6.81272E+20,5.40999E+21,1.14694E+16,4.88164E+16
93915,9.17101E+18,9,1,86,137,2017,10,5,5,3,1,6,0,1,0,0,0,2,0,6.82745E+20,5.39821E+21,1.14842E+16,4.87101E+16
93916,9.17101E+18,9,1,76,143,2017,10,6,5,3,2,6,0,1,0,1,0,1,0,6.81143E+20,5.40902E+21,1.14672E+16,4.88078E+16
93917,9.17101E+18,9,1,61,0,2017,10,8,5,3,5,3,1,1,0,0,0,0,0,6.75594E+20,5.40627E+21,1.13905E+16,4.87846E+16
93918,9.17101E+18,9,1,86,132,2017,10,7,5,3,0,6,1,0,0,0,1,0,1,6.80163E+20,5.36744E+21,1.14358E+16,4.84343E+16
93919,9.17101E+18,9,1,85,163,2017,10,16,5,3,5,2,0,1,0,0,1,0,0,6.63242E+20,5.39247E+21,1.1217E+16,4.86639E+16
93920,9.17101E+18,9,1,79,134,2017,10,12,5,3,5,6,0,1,0,0,0,0,0,6.67859E+20,5.34292E+21,1.12598E+16,4.82173E+16
93921,9.17101E+18,9,1,81,127,2017,10,18,5,3,8,1,0,1,0,0,0,0,0,6.35292E+20,5.32401E+21,1.08156E+16,4.8055E+16
93922,9.17101E+18,9,1,79,126,2017,10,16,5,3,5,3,0,1,0,0,0,0,0,6.76035E+20,5.34053E+21,1.13688E+16,4.81935E+16
93923,9.17101E+18,9,1,88,121,2017,10,7,5,3,5,3,1,1,0,0,0,0,0,6.70449E+20,5.33201E+21,1.12903E+16,4.81185E+16
93924,9.17101E+18,9,1,79,136,2017,10,17,5,3,2,6,0,1,0,0,0,0,0,6.61687E+20,5.34145E+21,1.11762E+16,4.82057E+16
93925,9.17101E+18,9,1,81,114,2017,10,11,5,3,2,6,0,1,0,0,1,0,0,6.57175E+20,5.31199E+21,1.11047E+16,4.79419E+16
93926,9.17101E+18,9,1,78,137,2017,10,17,5,3,0,3,0,1,0,1,0,1,0,6.91664E+20,5.36267E+21,1.1589E+16,4.83881E+16
93927,9.17101E+18,9,1,77,117,2017,10,18,5,3,0,1,0,1,0,0,0,1,0,7.14313E+20,5.34976E+21,1.18879E+16,4.82647E+16
93928,9.17101E+18,9,1,77,126,2017,10,6,5,2,3,6,1,0,0,0,1,2,0,7.17132E+20,5.36842E+21,1.19355E+16,4.84314E+16
93929,9.17101E+18,9,1,77,133,2017,10,6,5,3,2,6,0,1,0,0,0,2,0,7.1093E+20,5.36028E+21,1.18477E+16,4.83604E+16
93930,9.17101E+18,9,1,84,135,2017,10,19,4,2,2,1,0,1,0,1,0,2,0,6.93113E+20,5.34638E+21,1.1601E+16,4.82412E+16
93931,9.17101E+18,9,1,62,0,2017,10,6,4,2,3,6,0,1,0,1,0,2,0,6.94977E+20,5.33297E+21,1.162E+16,4.81201E+16
93932,9.17101E+18,9,1,84,130,2017,10,20,4,2,0,7,1,0,0,0,0,2,0,6.98748E+20,5.34549E+21,1.16764E+16,4.82314E+16
93933,9.17101E+18,9,1,84,148,2017,10,6,4,2,6,2,0,0,1,0,1,2,0,6.95185E+20,5.32761E+21,1.16203E+16,4.80718E+16
93934,9.17101E+18,9,1,84,121,2017,10,13,4,3,5,2,1,1,0,0,0,0,0,7.05419E+20,5.33113E+21,1.17592E+16,4.81003E+16
93935,9.17101E+18,9,7,75,135,2017,10,21,4,3,0,7,0,0,0,1,0,2,0,5.80797E+20,5.35544E+21,1.00905E+16,4.83469E+16
93936,9.17101E+18,9,7,74,185,2017,10,17,4,3,0,7,1,0,0,0,0,0,0,6.09056E+20,5.34874E+21,1.047E+16,4.82825E+16
93937,9.17101E+18,9,7,75,129,2017,10,14,4,3,5,3,0,1,0,0,0,0,0,5.81727E+20,5.34358E+21,1.01007E+16,4.82402E+16
93938,9.17101E+18,9,7,74,127,2017,10,17,4,3,2,2,0,1,0,0,0,0,0,6.04119E+20,5.36711E+21,1.0408E+16,4.84485E+16
93939,9.17101E+18,9,7,63,0,2017,10,15,4,3,2,2,0,1,0,1,0,0,0,5.99237E+20,5.28407E+21,1.03228E+16,4.77023E+16
93940,9.17101E+18,9,7,76,117,2017,10,17,4,3,0,2,1,1,0,0,0,0,0,5.66356E+20,5.27215E+21,9.88274E+15,4.75994E+16
93941,9.17101E+18,9,7,79,162,2017,10,18,4,2,4,1,0,1,0,0,0,0,0,6.12631E+20,5.40344E+21,1.0533E+16,4.87737E+16
93942,9.17101E+18,9,7,79,228,2017,10,13,4,3,5,3,0,1,0,0,0,0,0,6.26611E+20,5.41423E+21,1.07265E+16,4.88681E+16
93943,9.17101E+18,9,7,73,122,2017,10,16,4,3,2,2,0,1,0,0,0,0,0,6.26679E+20,5.38432E+21,1.07182E+16,4.85992E+16
93944,9.17101E+18,9,7,72,163,2017,10,8,4,3,2,6,0,1,0,0,1,0,0,6.3905E+20,5.35009E+21,1.08746E+16,4.82887E+16
93945,9.17101E+18,9,7,72,200,2017,10,18,4,3,4,1,0,1,0,1,0,2,0,6.26565E+20,5.3403E+21,1.07034E+16,4.82033E+16
93946,9.17101E+18,9,6,63,0,2017,10,6,4,3,2,6,0,1,0,0,0,1,0,5.65862E+20,5.51179E+21,9.91437E+15,4.97549E+16
93947,9.17101E+18,9,6,72,113,2017,10,11,4,3,2,6,0,1,0,0,1,0,0,5.5394E+20,5.57725E+21,9.75808E+15,5.03449E+16
93948,9.17101E+18,9,6,61,0,2017,10,7,4,3,5,3,1,1,0,0,0,0,0,5.09672E+20,5.53643E+21,9.13491E+15,4.99801E+16
93949,9.17101E+18,9,5,64,0,2017,10,13,4,3,2,6,0,1,0,0,0,0,0,6.53665E+20,5.48572E+21,1.11225E+16,4.95047E+16
93950,9.17101E+18,9,5,62,0,2017,10,10,4,3,3,2,1,1,0,0,0,0,0,6.44772E+20,5.49544E+21,1.10033E+16,4.95942E+16
93951,9.17101E+18,9,5,62,0,2017,10,9,4,3,0,7,0,1,0,0,1,0,0,6.46796E+20,5.49569E+21,1.10314E+16,4.9596E+16
93952,9.17101E+18,9,5,76,151,2017,10,13,4,3,9,7,0,1,0,0,0,0,0,6.55938E+20,5.47202E+21,1.11485E+16,4.93809E+16
93953,9.17101E+18,9,5,64,0,2017,10,15,4,3,4,3,0,1,0,0,0,0,0,6.53828E+20,5.47943E+21,1.11223E+16,4.94481E+16
93954,9.17101E+18,9,5,64,0,2017,10,6,4,3,5,2,0,1,0,1,0,2,1,6.48821E+20,5.47727E+21,1.10525E+16,4.94299E+16
93955,9.17101E+18,9,5,64,0,2017,10,16,4,3,2,6,0,1,0,0,0,0,0,6.52178E+20,5.47752E+21,1.10988E+16,4.94313E+16