OBJECTID,UIDENTSTLA,ULAND,UREGBEZ,UKREIS,UGEMEINDE,UJAHR,UMONAT,USTUNDE,UWOCHENTAG,UKATEGORIE,UART,UTYP1,IstRad,IstPKW,IstFuss,IstKrad,IstSonstig,LICHT,STRZUSTAND,LINREFX,LINREFY,XGCSWGS84,YGCSWGS84
94468,9.17101E+18,9,1,89,155,2017,10,20,6,3,4,2,0,1,0,1,0,2,0,7.72295E+20,5.30834E+21,1.26414E+16,4.78706E+16
94469,9.17101E+18,9,1,83,128,2017,10,7,6,3,5,3,1,1,0,0,0,1,0,7.62176E+20,5.34872E+21,1.25311E+16,4.82374E+16
94470,9.17101E+18,9,1,89,162,2017,10,17,6,3,0,1,0,0,0,1,0,0,0,7.79524E+20,5.31543E+21,1.27425E+16,4.79312E+16
94471,9.17101E+18,9,1,71,111,2017,10,15,6,3,4,2,0,1,0,0,0,0,0,7.74442E+20,5.34734E+21,1.26951E+16,4.82199E+16
94472,9.17101E+18,9,1,87,165,2017,10,13,6,3,2,6,0,1,0,0,0,0,0,7.34996E+20,5.29951E+21,1.21387E+16,4.7806E+16
94473,9.17101E+18,9,1,87,176,2017,10,16,6,3,1,2,0,1,0,0,0,0,0,7.39082E+20,5.33496E+21,1.22129E+16,4.8123E+16
94474,9.17101E+18,9,1,87,177,2017,10,5,6,3,4,6,0,1,0,0,0,1,0,7.37306E+20,5.30708E+21,1.21736E+16,4.78732E+16
94475,9.17101E+18,9,1,82,131,2017,10,12,6,2,8,1,0,0,0,1,0,0,0,7.15234E+20,5.28865E+21,1.18697E+16,4.77154E+16
94476,9.17101E+18,9,1,87,165,2017,10,17,6,3,8,1,1,0,0,0,0,0,0,7.34151E+20,5.29676E+21,1.21259E+16,4.77816E+16
94477,9.17101E+18,9,1,61,0,2017,10,6,6,3,4,2,1,1,0,0,0,2,0,6.79111E+20,5.40506E+21,1.14378E+16,4.87727E+16
94478,9.17101E+18,9,1,61,0,2017,10,12,6,2,4,2,0,1,0,1,0,0,0,6.81288E+20,5.40211E+21,1.14661E+16,4.87456E+16
94479,9.17101E+18,9,1,61,0,2017,10,16,6,3,8,6,0,0,0,1,0,0,0,6.82455E+20,5.40169E+21,1.14818E+16,4.87415E+16
94480,9.17101E+18,9,1,61,0,2017,10,21,6,3,4,6,1,0,0,0,0,2,0,6.79332E+20,5.40375E+21,1.14403E+16,4.87609E+16
94481,9.17101E+18,9,1,76,112,2017,10,14,6,2,8,1,0,0,0,1,0,0,0,6.92224E+20,5.42018E+21,1.16232E+16,4.89047E+16
94482,9.17101E+18,9,7,71,129,2017,10,12,6,3,0,6,0,1,0,0,1,0,0,6.5959E+20,5.35646E+21,1.11537E+16,4.83411E+16
94483,9.17101E+18,9,1,74,135,2017,10,12,6,3,2,6,0,1,0,0,0,0,0,6.60965E+20,5.35494E+21,1.11717E+16,4.83271E+16
94484,9.17101E+18,9,1,79,142,2017,10,15,6,3,2,6,0,1,0,0,0,0,0,6.77813E+20,5.34206E+21,1.13934E+16,4.82069E+16
94485,9.17101E+18,9,1,62,0,2017,10,13,6,3,2,6,0,1,0,0,0,0,0,6.8108E+20,5.34095E+21,1.14368E+16,4.81959E+16
94486,9.17101E+18,9,1,62,0,2017,10,8,6,3,2,6,0,1,0,0,1,0,0,6.80347E+20,5.33973E+21,1.14264E+16,4.81852E+16
94487,9.17101E+18,9,1,88,139,2017,10,14,6,3,2,6,0,1,0,1,0,0,0,6.74352E+20,5.31799E+21,1.1337E+16,4.79915E+16
94488,9.17101E+18,9,1,88,139,2017,10,0,6,3,9,1,0,1,0,0,0,2,1,6.75837E+20,5.32298E+21,1.13589E+16,4.80358E+16
94489,9.17101E+18,9,1,81,121,2017,10,14,6,3,0,6,0,1,0,0,0,0,0,6.39308E+20,5.31211E+21,1.08656E+16,4.79471E+16
94490,9.17101E+18,9,1,81,135,2017,10,7,6,3,1,3,0,1,0,1,0,0,0,6.46417E+20,5.31117E+21,1.09605E+16,4.79371E+16
94491,9.17101E+18,9,1,74,115,2017,10,12,6,3,4,6,0,1,0,0,1,0,0,6.79707E+20,5.3488E+21,1.14217E+16,4.82669E+16
94492,9.17102E+18,9,6,71,157,2017,10,8,4,3,5,3,0,1,0,0,0,0,0,5.27995E+20,5.52738E+21,9.3898E+15,4.98982E+16
94493,9.17102E+18,9,6,71,111,2017,10,9,4,2,0,7,1,0,0,0,0,0,0,5.03614E+20,5.54973E+21,9.05054E+15,5.00998E+16
94494,9.17102E+18,9,5,72,114,2017,10,9,4,3,5,3,0,1,0,0,0,0,0,6.32953E+20,5.4934E+21,1.08392E+16,4.95786E+16
94495,9.17102E+18,9,5,62,0,2017,10,16,4,2,5,3,0,1,0,0,0,0,0,6.4045E+20,5.49216E+21,1.09424E+16,4.95657E+16
94496,9.17102E+18,9,5,62,0,2017,10,6,4,3,2,6,0,1,0,0,1,2,0,6.46235E+20,5.49574E+21,1.10237E+16,4.95966E+16
94497,9.17102E+18,9,5,72,121,2017,10,15,4,3,2,6,0,1,0,1,0,0,0,6.5831E+20,5.49381E+21,1.11899E+16,4.95762E+16
94498,9.17102E+18,9,6,71,114,2017,10,14,4,3,1,6,0,1,0,0,0,0,0,5.01785E+20,5.54364E+21,9.02493E+15,5.00451E+16
94499,9.17102E+18,9,5,62,0,2017,10,16,4,3,5,3,1,1,0,0,0,0,0,6.44441E+20,5.49649E+21,1.09991E+16,4.96037E+16
94500,9.17102E+18,9,5,72,135,2017,10,16,4,3,2,6,0,0,0,1,1,0,0,6.3038E+20,5.50757E+21,1.08083E+16,4.97065E+16
94501,9.17102E+18,9,5,72,158,2017,10,18,4,3,2,6,0,1,0,0,0,1,0,6.4998E+20,5.4959E+21,1.10755E+16,4.95971E+16
94502,9.17102E+18,9,5,76,143,2017,10,12,4,2,5,3,0,1,0,1,0,0,0,6.53145E+20,5.45708E+21,1.11043E+16,4.92473E+16
94503,9.17102E+18,9,5,63,0,2017,10,14,4,2,5,2,1,1,0,0,0,0,0,6.44093E+20,5.48412E+21,1.09898E+16,4.94926E+16
94504,9.17102E+18,9,5,64,0,2017,10,13,4,3,5,3,1,1,0,0,0,0,0,6.53272E+20,5.47544E+21,1.11131E+16,4.94124E+16
94505,9.17102E+18,9,5,64,0,2017,10,10,4,3,5,7,0,1,0,0,0,0,0,6.53115E+20,5.48097E+21,1.11131E+16,4.94621E+16
94506,9.17102E+18,9,5,64,0,2017,10,15,4,3,2,6,0,1,0,0,0,0,0,6.48795E+20,5.47901E+21,1.10528E+16,4.94456E+16
94507,9.17102E+18,9,5,64,0,2017,10,14,4,3,2,6,0,1,0,0,1,0,0,6.49547E+20,5.4782E+21,1.10628E+16,4.94381E+16
94508,9.17102E+18,9,5,64,0,2017,10,12,4,3,2,6,0,1,0,0,0,0,0,6.47571E+20,5.48029E+21,1.10364E+16,4.94573E+16
94509,9.17102E+18,9,5,73,127,2017,10,6,4,3,3,2,0,1,0,1,0,2,0,6.45319E+20,5.47506E+21,1.10034E+16,4.94109E+16
94510,9.17102E+18,9,5,71,199,2017,10,2,4,2,1,5,0,0,0,0,1,2,0,5.84958E+20,5.45159E+21,1.01665E+16,4.92112E+16
94511,9.17102E+18,9,5,75,181,2017,10,17,4,3,5,3,0,1,0,0,0,0,0,6.25125E+20,5.49305E+21,1.07308E+16,4.95771E+16
94512,9.17102E+18,9,5,71,208,2017,10,17,4,3,5,3,0,1,0,0,1,0,0,6.18256E+20,5.43801E+21,1.06195E+16,4.90836E+16
94513,9.17102E+18,9,4,75,113,2017,10,8,4,3,8,1,0,1,0,0,0,0,0,6.99864E+20,5.58575E+21,1.18118E+16,5.03898E+16
94514,9.17102E+18,9,4,75,154,2017,10,13,4,3,3,6,0,1,0,1,0,0,0,6.9762E+20,5.56377E+21,1.17688E+16,5.01931E+16
94515,9.17102E+18,9,4,79,112,2017,10,17,4,3,4,6,0,1,0,0,1,0,0,7.27567E+20,5.55172E+21,1.21805E+16,5.00741E+16
94516,9.17102E+18,9,4,79,152,2017,10,13,4,3,4,2,0,1,0,0,0,0,0,7.23196E+20,5.56218E+21,1.21256E+16,5.01697E+16
94517,9.17102E+18,9,4,78,165,2017,10,12,4,3,3,6,0,1,0,0,1,0,0,6.43467E+20,5.55115E+21,1.10059E+16,5.00953E+16
94518,9.17102E+18,9,4,76,152,2017,10,17,4,3,4,1,0,1,0,0,0,0,1,6.71717E+20,5.59151E+21,1.14188E+16,5.04504E+16
94519,9.17102E+18,9,4,78,139,2017,10,16,4,2,4,1,0,1,0,0,0,0,0,6.5E+20,5.5513E+21,1.10972E+16,5.0095E+16
94520,9.17102E+18,9,4,77,124,2017,10,17,4,2,6,4,0,0,1,1,0,0,0,6.6829E+20,5.54526E+21,1.13501E+16,5.00359E+16
94521,9.17102E+18,9,4,77,128,2017,10,16,4,2,6,2,0,1,1,0,0,0,0,6.74525E+20,5.55292E+21,1.14406E+16,5.01029E+16
94522,9.17102E+18,9,4,72,119,2017,10,22,4,3,2,6,0,1,0,0,0,2,0,6.87001E+20,5.54089E+21,1.1609E+16,4.9991E+16
94523,9.17102E+18,9,4,61,0,2017,10,15,4,3,2,6,0,1,0,0,0,0,0,6.39984E+20,5.52861E+21,1.0949E+16,4.98934E+16
94524,9.17102E+18,9,4,71,137,2017,10,11,4,3,2,6,0,1,0,0,0,0,0,6.37356E+20,5.53235E+21,1.09138E+16,4.99277E+16
94525,9.17102E+18,9,4,71,208,2017,10,18,4,3,2,6,0,1,0,0,0,2,0,6.28114E+20,5.52756E+21,1.07835E+16,4.98867E+16
94526,9.17102E+18,9,3,63,0,2017,10,9,4,3,4,2,0,1,0,0,0,0,0,7.27335E+20,5.50705E+21,1.2151E+16,4.96731E+16
94527,9.17102E+18,9,3,74,146,2017,10,11,4,2,5,3,0,1,0,0,0,0,0,7.27735E+20,5.50273E+21,1.21541E+16,4.96342E+16
94528,9.17102E+18,9,3,77,159,2017,10,14,4,3,5,2,0,1,0,1,0,0,0,7.29742E+20,5.53134E+21,1.21987E+16,4.98903E+16
94529,9.17102E+18,9,3,62,0,2017,10,21,4,3,2,6,0,1,0,0,1,2,1,7.27382E+20,5.43124E+21,1.21085E+16,4.89921E+16
94530,9.17102E+18,9,3,75,180,2017,10,13,4,3,5,3,0,1,0,0,0,0,0,7.24232E+20,5.42929E+21,1.20644E+16,4.89758E+16
94531,9.17102E+18,9,3,75,179,2017,10,7,4,3,0,1,1,0,0,0,0,0,1,7.31944E+20,5.42826E+21,1.2169E+16,4.89637E+16
94532,9.17102E+18,9,3,73,147,2017,10,6,4,3,3,2,1,1,0,0,0,2,0,6.78646E+20,5.46116E+21,1.14562E+16,4.9277E+16
94533,9.17102E+18,9,3,72,117,2017,10,14,4,2,2,2,0,1,0,0,0,0,0,7.71733E+20,5.45711E+21,1.27309E+16,4.92064E+16
94534,9.17102E+18,9,3,72,117,2017,10,15,4,3,5,3,0,1,0,0,1,0,0,7.73505E+20,5.45685E+21,1.2755E+16,4.92033E+16
94535,9.17102E+18,9,3,71,121,2017,10,9,4,3,9,1,0,1,0,0,0,0,0,7.09762E+20,5.50018E+21,1.19041E+16,4.96177E+16
94536,9.17102E+18,9,3,71,113,2017,10,16,4,3,5,3,0,1,0,1,0,0,0,6.8538E+20,5.509E+21,1.15711E+16,4.97049E+16
94537,9.17102E+18,9,3,71,113,2017,10,6,4,3,4,1,0,1,0,0,0,2,1,6.8804E+20,5.50852E+21,1.16077E+16,4.96998E+16
94538,9.17102E+18,9,2,63,0,2017,10,14,4,3,1,6,0,1,0,0,0,0,0,7.60255E+20,5.41956E+21,1.25496E+16,4.88743E+16
94539,9.17102E+18,9,2,78,177,2017,10,10,4,3,5,3,0,1,0,0,0,0,0,7.54334E+20,5.42304E+21,1.24711E+16,4.8908E+16
94540,9.17102E+18,9,2,76,138,2017,10,16,4,3,2,6,0,1,0,0,0,0,0,8.02899E+20,5.43269E+21,1.31395E+16,4.89728E+16
94541,9.17102E+18,9,2,71,119,2017,10,21,4,3,8,7,0,0,0,1,0,2,1,7.91006E+20,5.41907E+21,1.29676E+16,4.88562E+16
94542,9.17102E+18,9,2,75,145,2017,10,21,4,3,2,6,0,1,0,0,1,2,1,8.23087E+20,5.37798E+21,1.33717E+16,4.84718E+16
94543,9.17102E+18,9,2,75,121,2017,10,7,4,3,2,2,0,1,0,0,0,1,1,8.18513E+20,5.4045E+21,1.33303E+16,4.87121E+16
94544,9.17102E+18,9,2,75,145,2017,10,15,4,3,4,6,0,1,0,1,1,0,0,8.22386E+20,5.37539E+21,1.33603E+16,4.8449E+16
94545,9.17102E+18,9,2,72,127,2017,10,16,4,3,5,3,1,1,0,0,0,0,0,8.32024E+20,5.41964E+21,1.35256E+16,4.88408E+16
94546,9.17102E+18,9,2,74,120,2017,10,19,4,3,6,4,0,1,1,0,0,2,0,7.51175E+20,5.36681E+21,1.2394E+16,4.84044E+16
94547,9.17102E+18,9,2,74,183,2017,10,19,4,3,8,1,0,1,0,0,1,2,0,7.43523E+20,5.36422E+21,1.22893E+16,4.83841E+16
94548,9.17102E+18,9,2,74,124,2017,10,5,4,3,8,7,0,0,0,1,0,1,1,7.24907E+20,5.37293E+21,1.20429E+16,4.84692E+16
94549,9.17102E+18,9,2,73,175,2017,10,16,4,2,2,5,1,1,0,0,0,0,1,7.20717E+20,5.41879E+21,1.20107E+16,4.88828E+16
94550,9.17102E+18,9,2,73,137,2017,10,10,4,3,5,3,0,1,0,1,0,0,0,7.11413E+20,5.42124E+21,1.18853E+16,4.89079E+16
94551,9.17102E+18,9,1,90,139,2017,10,14,4,2,4,1,0,1,0,0,0,0,0,6.56105E+20,5.29666E+21,1.10849E+16,4.78044E+16
94552,9.17102E+18,9,1,90,130,2017,10,18,4,3,9,1,0,0,0,0,1,0,0,6.51785E+20,5.29452E+21,1.10265E+16,4.77862E+16
94553,9.17102E+18,9,1,90,141,2017,10,17,4,3,5,3,0,1,0,1,0,0,0,6.78522E+20,5.29137E+21,1.13818E+16,4.7751E+16
94554,9.17102E+18,9,1,71,137,2017,10,21,4,3,2,6,0,1,0,0,0,2,0,7.7189E+20,5.35073E+21,1.2663E+16,4.82514E+16
94555,9.17102E+18,9,1,83,148,2017,10,17,4,3,2,6,0,1,0,0,0,0,0,7.54136E+20,5.34491E+21,1.24207E+16,4.82065E+16
94556,9.17102E+18,9,1,89,154,2017,10,17,4,3,5,3,1,0,0,0,0,0,0,7.67395E+20,5.31882E+21,1.25825E+16,4.79668E+16
94557,9.17102E+18,9,1,89,157,2017,10,22,4,2,4,1,0,1,0,0,0,2,0,7.66813E+20,5.32497E+21,1.25786E+16,4.80222E+16
94558,9.17102E+18,9,1,83,144,2017,10,18,4,3,4,2,1,1,0,0,0,2,0,7.41789E+20,5.35165E+21,1.22587E+16,4.82719E+16
94559,9.17102E+18,9,1,71,121,2017,10,7,4,3,4,6,0,1,0,0,0,0,0,7.74356E+20,5.34424E+21,1.26919E+16,4.8192E+16
94560,9.17102E+18,9,1,71,121,2017,10,7,4,3,5,3,0,1,0,0,0,0,0,7.74324E+20,5.34534E+21,1.26922E+16,4.8202E+16
94561,9.17102E+18,9,1,87,132,2017,10,6,4,3,2,6,0,1,0,0,0,1,0,7.46101E+20,5.29977E+21,1.22869E+16,4.78042E+16
94562,9.17102E+18,9,1,87,164,2017,10,10,4,2,4,2,0,1,0,1,0,0,0,7.34259E+20,5.3243E+21,1.21423E+16,4.8029E+16
94563,9.17102E+18,9,1,87,142,2017,10,19,4,3,6,6,0,1,1,0,0,2,0,7.33237E+20,5.31404E+21,1.21231E+16,4.79372E+16
94564,9.17102E+18,9,1,87,168,2017,10,20,4,2,5,3,0,1,0,1,0,2,0,7.48768E+20,5.30666E+21,1.23264E+16,4.7865E+16
94565,9.17102E+18,9,4,71,220,2017,10,9,4,2,2,6,0,0,0,0,1,0,0,6.16615E+20,5.51211E+21,1.06188E+16,4.97502E+16
94566,9.17102E+18,9,1,87,128,2017,10,16,4,1,4,6,0,1,0,0,1,0,0,7.45686E+20,5.31104E+21,1.22878E+16,4.79056E+16
94567,9.17102E+18,9,1,82,120,2017,10,19,4,3,4,2,0,1,0,0,0,2,0,7.03659E+20,5.30787E+21,1.17246E+16,4.78918E+16
94568,9.17102E+18,9,6,63,0,2017,10,7,4,3,2,6,0,0,0,0,1,0,0,5.68274E+20,5.51167E+21,9.94783E+15,4.97536E+16
94569,9.17102E+18,9,1,87,120,2017,10,13,4,3,5,3,1,1,0,0,0,0,0,7.31894E+20,5.29232E+21,1.20935E+16,4.77425E+16
94570,9.17102E+18,9,1,87,120,2017,10,6,4,3,1,5,0,1,0,0,0,2,0,7.32427E+20,5.29228E+21,1.21005E+16,4.7742E+16
94571,9.17102E+18,9,1,87,129,2017,10,10,4,3,3,6,1,0,0,0,1,0,0,7.24761E+20,5.29528E+21,1.2E+16,4.77716E+16
94572,9.17102E+18,9,1,82,129,2017,10,19,4,3,5,2,0,1,0,0,0,2,0,7.07082E+20,5.28519E+21,1.17595E+16,4.76869E+16
94573,9.17102E+18,9,1,61,0,2017,10,18,4,3,5,2,0,1,0,1,0,0,0,6.78204E+20,5.40263E+21,1.14244E+16,4.87512E+16
94574,9.17102E+18,9,1,61,0,2017,10,15,4,2,5,3,0,1,0,0,0,0,0,6.79661E+20,5.40327E+21,1.14445E+16,4.87565E+16
94575,9.17102E+18,9,1,61,0,2017,10,7,4,2,4,2,0,1,0,0,0,1,0,6.78041E+20,5.40719E+21,1.14242E+16,4.87922E+16
94576,9.17102E+18,9,1,86,137,2017,10,12,4,3,5,3,0,1,0,0,0,0,0,6.80401E+20,5.39703E+21,1.14518E+16,4.87002E+16
94577,9.17102E+18,9,1,86,139,2017,10,18,4,2,9,1,0,1,0,0,0,2,0,6.95462E+20,5.40357E+21,1.16594E+16,4.87545E+16
94578,9.17102E+18,9,1,76,112,2017,10,14,4,2,6,5,0,1,1,0,0,0,0,6.9129E+20,5.41697E+21,1.1609E+16,4.88762E+16
94579,9.17102E+18,9,1,76,161,2017,10,9,4,3,5,3,0,1,0,0,0,0,1,6.81028E+20,5.41476E+21,1.14682E+16,4.88593E+16
94580,9.17102E+18,9,1,79,142,2017,10,19,4,3,2,6,0,1,0,0,0,2,0,6.77211E+20,5.34256E+21,1.13855E+16,4.82115E+16
94581,9.17102E+18,9,1,88,139,2017,10,13,4,3,5,3,0,1,0,0,0,0,0,6.70279E+20,5.32042E+21,1.12834E+16,4.80144E+16
94582,9.17102E+18,9,1,81,132,2017,10,17,4,3,4,6,1,1,0,0,0,0,0,6.4121E+20,5.32859E+21,1.08965E+16,4.80949E+16
94583,9.17102E+18,9,1,88,126,2017,10,7,4,2,5,3,0,1,0,1,0,0,0,6.59859E+20,5.32777E+21,1.11465E+16,4.80831E+16
94584,9.17102E+18,9,1,79,134,2017,10,17,4,3,5,3,0,1,0,0,0,0,0,6.68977E+20,5.34267E+21,1.12748E+16,4.82148E+16
94585,9.17102E+18,9,1,78,124,2017,10,17,4,3,3,3,0,1,0,1,0,0,0,7.04511E+20,5.36263E+21,1.17623E+16,4.83836E+16
94586,9.17102E+18,9,1,78,137,2017,10,14,4,3,5,3,0,1,0,0,1,0,0,6.91741E+20,5.3634E+21,1.15903E+16,4.83946E+16
94587,9.17102E+18,9,1,77,117,2017,10,15,4,3,5,2,0,1,0,0,0,0,0,7.15198E+20,5.35176E+21,1.19009E+16,4.82824E+16
94588,9.17102E+18,9,1,75,115,2017,10,13,4,3,2,6,0,1,0,1,0,0,0,7.21026E+20,5.3299E+21,1.1968E+16,4.8084E+16
94589,9.17102E+18,9,1,77,123,2017,10,17,4,3,5,3,0,1,0,0,0,0,0,7.26829E+20,5.34325E+21,1.20529E+16,4.82019E+16
94590,9.17102E+18,9,1,84,135,2017,10,6,3,3,1,6,0,1,0,0,1,1,0,6.8789E+20,5.34746E+21,1.15313E+16,4.82525E+16
94591,9.17102E+18,9,1,62,0,2017,10,7,3,3,5,2,1,1,0,0,0,0,0,6.9605E+20,5.3338E+21,1.16348E+16,4.81273E+16
94592,9.17102E+18,9,1,84,146,2017,10,20,3,2,5,3,1,1,0,0,0,2,0,6.95293E+20,5.32875E+21,1.16223E+16,4.80821E+16
94593,9.17102E+18,9,1,84,136,2017,10,11,3,3,8,1,1,0,0,0,0,0,0,7.00314E+20,5.32782E+21,1.16892E+16,4.80722E+16
94594,9.17102E+18,9,1,84,119,2017,10,10,3,3,5,3,0,1,0,0,0,0,0,6.96171E+20,5.34655E+21,1.16423E+16,4.82418E+16
94595,9.17102E+18,9,1,62,0,2017,10,19,3,2,0,7,1,0,0,0,0,2,1,6.80032E+20,5.33495E+21,1.14202E+16,4.81423E+16
94596,9.17102E+18,9,1,62,0,2017,10,15,3,3,5,3,1,0,0,0,0,0,0,6.85958E+20,5.34077E+21,1.15023E+16,4.81929E+16
94597,9.17102E+18,9,7,78,118,2017,10,19,3,3,9,1,0,1,0,0,0,2,0,5.91321E+20,5.31308E+21,1.02234E+16,4.79645E+16
94598,9.17102E+18,9,7,75,135,2017,10,18,3,3,2,6,0,1,0,0,0,1,0,5.73641E+20,5.35909E+21,9.99455E+15,4.83807E+16
94599,9.17102E+18,9,7,75,135,2017,10,7,3,3,2,6,0,1,0,1,0,0,1,5.78448E+20,5.36221E+21,1.006E+16,4.84082E+16
94600,9.17102E+18,9,7,78,173,2017,10,7,3,3,4,2,1,0,0,1,0,0,0,6.11081E+20,5.32274E+21,1.04905E+16,4.80483E+16
94601,9.17102E+18,9,7,64,0,2017,10,7,3,3,4,6,1,0,0,0,0,0,0,5.88172E+20,5.31653E+21,1.01819E+16,4.79959E+16
94602,9.17102E+18,9,7,78,165,2017,10,16,3,3,5,3,1,1,0,0,0,0,0,5.84451E+20,5.30156E+21,1.01291E+16,4.78618E+16
94603,9.17102E+18,9,7,78,115,2017,10,12,3,3,5,3,0,1,0,0,1,0,0,5.93653E+20,5.33438E+21,1.02593E+16,4.81558E+16
94604,9.17102E+18,9,7,74,192,2017,10,17,3,2,2,6,1,1,0,0,0,0,0,6.01552E+20,5.33799E+21,1.03663E+16,4.8187E+16
94605,9.17102E+18,9,7,74,185,2017,10,12,3,3,2,6,0,1,0,0,0,0,0,6.10369E+20,5.34925E+21,1.04879E+16,4.82868E+16
94606,9.17102E+18,9,7,63,0,2017,10,17,3,2,5,3,0,1,0,0,0,0,0,5.96629E+20,5.28531E+21,1.02883E+16,4.7714E+16
94607,9.17102E+18,9,7,77,172,2017,10,14,3,3,5,3,0,1,0,0,0,0,0,6.27556E+20,5.30613E+21,1.07066E+16,4.78958E+16
94608,9.17102E+18,9,7,77,154,2017,10,11,3,2,6,4,0,1,1,0,0,0,0,6.06119E+20,5.30044E+21,1.04185E+16,4.78485E+16
94609,9.17102E+18,9,7,80,115,2017,10,16,3,3,2,6,0,1,0,1,0,0,0,5.94409E+20,5.2669E+21,1.02547E+16,4.75486E+16
94610,9.17102E+18,9,7,77,129,2017,10,18,3,2,9,1,0,0,0,1,0,0,0,6.2755E+20,5.26912E+21,1.06956E+16,4.7563E+16
94611,9.17102E+18,9,7,77,173,2017,10,11,3,3,3,2,0,1,0,0,0,0,0,6.35687E+20,5.27662E+21,1.08061E+16,4.76287E+16
94612,9.17102E+18,9,7,79,130,2017,10,17,3,3,2,6,0,1,0,0,0,0,0,6.13302E+20,5.41348E+21,1.05449E+16,4.88639E+16
94613,9.17102E+18,9,7,73,125,2017,10,13,3,3,5,7,1,1,0,0,0,0,0,6.10773E+20,5.38218E+21,1.0502E+16,4.85829E+16
94614,9.17102E+18,9,7,72,209,2017,10,14,3,3,8,7,0,1,0,0,0,0,0,6.36514E+20,5.33626E+21,1.0836E+16,4.81649E+16
94615,9.17102E+18,9,7,72,130,2017,10,16,3,3,2,6,0,1,0,0,1,0,0,6.30355E+20,5.35578E+21,1.07592E+16,4.83417E+16
94616,9.17102E+18,9,7,72,184,2017,10,8,3,3,2,6,0,1,0,0,0,0,0,6.34868E+20,5.36246E+21,1.08222E+16,4.84009E+16
94617,9.17102E+18,9,6,75,141,2017,10,0,3,3,1,7,0,0,0,0,1,2,0,5.854E+20,5.51571E+21,1.01864E+16,4.97878E+16
94618,9.17102E+18,9,6,79,135,2017,10,9,3,2,4,6,0,1,0,1,0,0,0,5.73014E+20,5.49113E+21,1.00098E+16,4.95684E+16
94619,9.17102E+18,9,6,77,157,2017,10,10,3,3,1,6,0,1,0,0,1,0,0,5.37896E+20,5.51994E+21,9.52693E+15,4.98307E+16
94620,9.17102E+18,9,6,75,131,2017,10,6,3,3,5,6,1,1,0,0,0,2,0,5.88666E+20,5.51197E+21,1.02309E+16,4.97536E+16
94621,9.17102E+18,9,6,73,142,2017,10,11,3,1,9,1,0,1,0,0,0,0,0,5.94039E+20,5.58899E+21,1.03245E+16,5.04454E+16
94622,9.17102E+18,9,6,72,114,2017,10,6,3,3,8,7,0,1,0,0,0,2,1,5.74881E+20,5.5637E+21,1.00497E+16,5.02207E+16
94623,9.17102E+18,9,6,71,136,2017,10,7,3,3,2,6,0,0,0,0,1,0,0,5.03455E+20,5.54104E+21,9.04823E+15,5.00217E+16
94624,9.17102E+18,9,6,76,165,2017,10,21,3,2,8,1,0,0,0,1,0,2,0,5.15457E+20,5.50149E+21,9.2142E+15,4.96657E+16
94625,9.17102E+18,9,6,71,130,2017,10,15,3,3,2,6,0,1,0,0,0,0,0,5.16123E+20,5.53891E+21,9.22498E+15,5.00023E+16
94626,9.17102E+18,9,6,61,0,2017,10,12,3,3,2,6,0,1,0,0,1,0,0,5.10081E+20,5.53722E+21,9.14063E+15,4.99872E+16
94627,9.17102E+18,9,6,61,0,2017,10,11,3,3,0,3,1,1,0,0,0,0,0,5.1168E+20,5.53528E+21,9.16287E+15,4.99697E+16
94628,9.17102E+18,9,6,61,0,2017,10,15,3,2,8,1,0,0,0,1,0,0,0,5.1556E+20,5.53165E+21,9.21683E+15,4.9937E+16
94629,9.17102E+18,9,6,71,143,2017,10,14,3,3,8,1,0,0,0,1,0,0,1,5.10392E+20,5.5437E+21,9.14515E+15,5.00455E+16
94630,9.17102E+18,9,5,72,133,2017,10,18,3,3,2,6,0,0,0,0,1,1,0,6.38782E+20,5.49813E+21,1.09214E+16,4.96198E+16
94631,9.17102E+18,9,5,76,151,2017,10,12,3,1,2,6,0,1,0,0,1,0,0,6.55285E+20,5.47186E+21,1.11394E+16,4.93796E+16
94632,9.17102E+18,9,5,76,127,2017,10,11,3,3,1,6,0,1,0,0,1,0,0,6.64907E+20,5.44876E+21,1.12624E+16,4.91695E+16
94633,9.17102E+18,9,5,74,123,2017,10,14,3,3,2,6,0,1,0,0,0,0,0,6.60128E+20,5.47695E+21,1.12082E+16,4.94241E+16
94634,9.17102E+18,9,5,62,0,2017,10,14,3,3,2,6,0,1,0,0,0,0,0,6.46665E+20,5.49571E+21,1.10296E+16,4.95961E+16
94635,9.17102E+18,9,5,62,0,2017,10,12,3,3,2,6,0,1,0,0,0,0,0,6.44255E+20,5.49662E+21,1.09966E+16,4.96049E+16
94636,9.17102E+18,9,5,76,126,2017,10,17,3,2,2,6,0,1,0,0,0,0,0,6.55438E+20,5.44448E+21,1.11309E+16,4.91335E+16
94637,9.17102E+18,9,5,73,125,2017,10,15,3,2,2,6,0,1,0,0,1,0,0,6.36716E+20,5.46895E+21,1.08828E+16,4.9358E+16
94638,9.17102E+18,9,5,64,0,2017,10,10,3,3,5,3,0,1,0,0,0,0,0,6.47055E+20,5.48858E+21,1.10323E+16,4.95319E+16