OBJECTID,UIDENTSTLA,ULAND,UREGBEZ,UKREIS,UGEMEINDE,UJAHR,UMONAT,USTUNDE,UWOCHENTAG,UKATEGORIE,UART,UTYP1,IstRad,IstPKW,IstFuss,IstKrad,IstSonstig,LICHT,STRZUSTAND,LINREFX,LINREFY,XGCSWGS84,YGCSWGS84
94810,9.17102E+18,9,1,87,182,2017,10,20,2,3,5,3,0,1,0,0,0,2,0,7.41724E+20,5.32864E+21,1.22447E+16,4.80652E+16
94811,9.17102E+18,9,1,87,182,2017,10,17,2,3,4,7,0,1,0,0,1,0,0,7.3707E+20,5.32566E+21,1.21807E+16,4.80402E+16
94812,9.17102E+18,9,1,87,177,2017,10,7,2,1,4,1,0,1,0,0,0,1,0,7.35883E+20,5.30402E+21,1.2153E+16,4.78462E+16
94813,9.17102E+18,9,7,79,130,2017,10,17,4,2,5,2,1,1,0,0,0,0,0,6.14973E+20,5.41337E+21,1.05676E+16,4.88626E+16
94814,9.17102E+18,9,1,63,0,2017,10,20,2,3,0,7,0,1,0,0,0,2,0,7.32054E+20,5.30735E+21,1.21036E+16,4.78775E+16
94815,9.17102E+18,9,1,82,131,2017,10,15,2,2,5,3,0,0,0,1,1,0,0,7.1409E+20,5.29109E+21,1.18557E+16,4.77376E+16
94816,9.17102E+18,9,1,82,136,2017,10,20,2,3,6,6,0,0,1,0,1,2,0,7.04536E+20,5.29816E+21,1.17317E+16,4.78043E+16
94817,9.17102E+18,9,1,82,133,2017,10,20,2,3,4,6,0,1,0,1,0,2,0,7.05882E+20,5.3059E+21,1.17533E+16,4.78734E+16
94818,9.17102E+18,9,1,61,0,2017,10,16,2,3,4,2,1,1,0,0,0,0,0,6.79266E+20,5.4035E+21,1.14393E+16,4.87587E+16
94819,9.17102E+18,9,1,76,129,2017,10,4,2,3,8,1,0,1,0,0,0,2,0,6.84974E+20,5.4072E+21,1.15185E+16,4.87903E+16
94820,9.17102E+18,9,1,61,0,2017,10,7,2,3,1,7,0,0,0,1,1,2,1,6.68464E+20,5.40516E+21,1.12931E+16,4.87766E+16
94821,9.17102E+18,9,1,61,0,2017,10,14,2,3,4,2,1,1,0,0,0,0,0,6.77189E+20,5.40428E+21,1.14113E+16,4.87663E+16
94822,9.17102E+18,9,1,86,162,2017,10,13,2,3,2,6,0,1,0,0,0,0,0,6.91247E+20,5.383E+21,1.15926E+16,4.85709E+16
94823,9.17102E+18,9,1,86,147,2017,10,7,2,3,4,2,0,1,0,0,1,0,0,6.855E+20,5.39118E+21,1.15185E+16,4.86461E+16
94824,9.17102E+18,9,1,76,161,2017,10,1,2,2,8,1,0,1,0,0,0,2,1,6.80464E+20,5.41309E+21,1.14597E+16,4.88445E+16
94825,9.17102E+18,9,1,81,127,2017,10,9,2,3,2,6,0,1,0,0,1,0,0,6.32274E+20,5.32226E+21,1.07746E+16,4.80399E+16
94826,9.17102E+18,9,1,84,120,2017,10,17,2,3,2,6,0,1,0,0,0,1,0,6.83319E+20,5.33303E+21,1.14635E+16,4.81241E+16
94827,9.17102E+18,9,1,81,132,2017,10,16,2,1,0,1,0,1,0,1,0,0,0,6.47346E+20,5.3248E+21,1.09776E+16,4.80595E+16
94828,9.17102E+18,9,1,74,146,2017,10,9,2,3,2,6,0,1,0,0,0,0,0,6.68988E+20,5.34961E+21,1.12777E+16,4.82771E+16
94829,9.17102E+18,9,1,74,113,2017,10,0,2,3,0,1,0,1,0,0,0,2,0,6.69768E+20,5.34885E+21,1.12879E+16,4.82701E+16
94830,9.17102E+18,9,1,88,139,2017,10,11,2,2,6,4,0,1,1,0,0,0,0,6.74197E+20,5.31992E+21,1.13357E+16,4.80088E+16
94831,9.17102E+18,9,1,81,132,2017,10,19,2,2,4,6,0,1,0,0,0,2,0,6.45252E+20,5.32444E+21,1.09494E+16,4.80567E+16
94832,9.17102E+18,9,7,79,115,2017,10,17,4,3,8,1,0,1,0,0,0,0,0,6.34526E+20,5.39397E+21,1.08277E+16,4.86843E+16
94833,9.17102E+18,9,7,73,117,2017,10,16,4,3,3,6,1,1,0,0,0,0,0,6.16297E+20,5.39802E+21,1.05813E+16,4.87243E+16
94834,9.17102E+18,9,1,81,141,2017,10,19,2,2,4,6,0,1,0,0,0,2,0,6.43786E+20,5.3165E+21,1.0927E+16,4.79857E+16
94835,9.17102E+18,9,1,79,113,2017,10,18,2,2,5,3,0,1,0,1,0,1,0,6.71867E+20,5.33575E+21,1.13108E+16,4.81518E+16
94836,9.17102E+18,9,7,61,0,2017,10,15,4,3,2,6,0,1,0,0,0,0,0,6.3788E+20,5.36165E+21,1.08626E+16,4.83929E+16
94837,9.17102E+18,9,1,88,120,2017,10,16,2,3,2,6,0,1,0,0,0,0,0,6.75699E+20,5.32679E+21,1.13586E+16,4.80702E+16
94838,9.17102E+18,9,7,72,147,2017,10,7,4,3,2,6,0,1,0,0,0,0,0,6.38195E+20,5.3648E+21,1.08679E+16,4.84212E+16
94839,9.17102E+18,9,1,79,138,2017,10,17,2,3,9,1,0,0,0,1,0,0,0,6.53618E+20,5.33578E+21,1.10657E+16,4.81567E+16
94840,9.17102E+18,9,1,81,120,2017,10,7,2,2,5,3,1,1,0,0,0,0,0,6.4982E+20,5.32123E+21,1.10095E+16,4.80268E+16
94841,9.17102E+18,9,7,72,156,2017,10,6,4,2,9,1,0,1,0,0,0,2,1,6.27809E+20,5.36932E+21,1.0729E+16,4.84641E+16
94842,9.17102E+18,9,1,74,115,2017,10,13,2,3,5,2,0,1,0,0,0,0,0,6.8048E+20,5.34829E+21,1.14319E+16,4.82621E+16
94843,9.17102E+18,9,1,74,115,2017,10,15,2,2,4,2,0,1,0,1,0,0,0,6.81727E+20,5.34655E+21,1.14479E+16,4.82461E+16
94844,9.17102E+18,9,1,74,113,2017,10,8,2,3,3,6,0,1,0,0,1,0,0,6.74361E+20,5.34486E+21,1.13481E+16,4.82329E+16
94845,9.17102E+18,9,1,86,152,2017,10,10,2,3,2,6,0,1,0,0,0,0,0,6.91597E+20,5.374E+21,1.15932E+16,4.84899E+16
94846,9.17102E+18,9,1,62,0,2017,10,14,2,3,2,6,0,1,0,0,0,0,0,6.94326E+20,5.34099E+21,1.16149E+16,4.81924E+16
94847,9.17102E+18,9,1,75,112,2017,10,16,2,2,3,6,0,1,0,1,0,0,0,7.2156E+20,5.32144E+21,1.19707E+16,4.80078E+16
94848,9.17102E+18,9,1,78,143,2017,10,8,2,3,2,6,0,1,0,0,0,0,0,7.15729E+20,5.37267E+21,1.19188E+16,4.84701E+16
94849,9.17102E+18,9,7,75,135,2017,10,10,1,3,0,7,0,0,0,1,1,0,1,5.73473E+20,5.35903E+21,9.99227E+15,4.83801E+16
94850,9.17102E+18,9,7,75,139,2017,10,18,1,2,5,3,0,1,0,1,0,2,0,5.80982E+20,5.3653E+21,1.00949E+16,4.84356E+16
94851,9.17102E+18,9,7,74,150,2017,10,16,1,2,5,2,0,1,0,1,0,0,0,6.00967E+20,5.34387E+21,1.03599E+16,4.824E+16
94852,9.17102E+18,9,7,80,140,2017,10,16,1,3,9,1,0,0,0,1,0,0,0,6.01323E+20,5.27823E+21,1.03492E+16,4.76496E+16
94853,9.17102E+18,9,7,80,118,2017,10,14,1,3,2,6,0,1,0,0,0,0,0,5.94403E+20,5.26746E+21,1.02548E+16,4.75537E+16
94854,9.17102E+18,9,7,77,151,2017,10,18,1,3,5,3,0,1,0,1,0,1,0,6.20158E+20,5.29237E+21,1.06038E+16,4.77735E+16
94855,9.17102E+18,9,7,76,125,2017,10,16,1,3,4,1,0,0,0,1,0,0,0,5.62383E+20,5.27133E+21,9.82977E+15,4.75924E+16
94856,9.17102E+18,9,7,71,130,2017,10,23,4,3,8,1,0,1,0,0,0,2,0,6.45184E+20,5.35824E+21,1.096E+16,4.83606E+16
94857,9.17102E+18,9,6,75,178,2017,10,16,4,3,1,6,0,1,0,0,0,0,0,5.96525E+20,5.51634E+21,1.03411E+16,4.97918E+16
94858,9.17102E+18,9,6,75,146,2017,10,9,4,3,2,6,0,1,0,0,1,0,0,5.80049E+20,5.5152E+21,1.0112E+16,4.97839E+16
94859,9.17102E+18,9,6,77,154,2017,10,19,2,2,5,2,0,1,0,1,0,2,0,5.42264E+20,5.51836E+21,9.58749E+15,4.98162E+16
94860,9.17102E+18,9,5,64,0,2017,10,22,5,2,9,7,0,1,0,0,0,2,0,6.55071E+20,5.48215E+21,1.11405E+16,4.94722E+16
94861,9.17102E+18,9,6,77,155,2017,10,12,2,3,5,3,0,1,0,0,0,0,0,5.41942E+20,5.53903E+21,9.58526E+15,5.00022E+16
94862,9.17102E+18,9,5,64,0,2017,10,11,5,3,5,3,1,1,0,0,0,0,0,6.53785E+20,5.48042E+21,1.11221E+16,4.94569E+16
94863,9.17102E+18,9,6,78,168,2017,10,5,2,3,1,6,0,1,0,0,1,2,0,5.82236E+20,5.55338E+21,1.01505E+16,5.0127E+16
94864,9.17102E+18,9,5,64,0,2017,10,7,5,2,5,2,1,1,0,0,0,0,0,6.53746E+20,5.47995E+21,1.11214E+16,4.94527E+16
94865,9.17102E+18,9,5,71,111,2017,10,1,5,3,9,1,0,1,0,0,0,2,1,5.79483E+20,5.47789E+21,1.00966E+16,4.94485E+16
94866,9.17102E+18,9,6,78,168,2017,10,7,2,3,5,3,0,1,0,0,0,1,1,5.81841E+20,5.55111E+21,1.01445E+16,5.01066E+16
94867,9.17102E+18,9,5,71,180,2017,10,16,5,3,2,6,0,1,0,0,0,0,0,6.30523E+20,5.46345E+21,1.07957E+16,4.93098E+16
94868,9.17102E+18,9,5,74,112,2017,10,7,2,3,2,6,0,1,0,0,1,0,0,6.72849E+20,5.47466E+21,1.13824E+16,4.94E+16
94869,9.17102E+18,9,5,72,115,2017,10,17,2,3,2,6,0,1,0,0,0,0,1,6.45881E+20,5.50086E+21,1.10207E+16,4.96426E+16
94870,9.17102E+18,9,5,74,152,2017,10,12,2,3,0,1,0,0,0,1,0,0,1,6.62162E+20,5.48343E+21,1.12388E+16,4.94818E+16
94871,9.17102E+18,9,5,63,0,2017,10,14,2,3,2,6,0,1,0,0,0,0,0,6.44107E+20,5.48009E+21,1.09885E+16,4.94564E+16
94872,9.17102E+18,9,5,64,0,2017,10,9,2,3,5,3,0,1,0,0,0,0,0,6.53483E+20,5.47422E+21,1.11155E+16,4.94013E+16
94873,9.17102E+18,9,5,73,134,2017,10,11,2,3,8,1,0,1,0,0,0,0,0,6.37371E+20,5.47498E+21,1.08938E+16,4.9412E+16
94874,9.17102E+18,9,5,75,153,2017,10,12,2,3,8,1,0,0,0,1,0,0,0,6.1267E+20,5.4948E+21,1.05591E+16,4.95952E+16
94875,9.17102E+18,9,5,71,115,2017,10,16,2,3,2,6,0,1,0,0,0,0,0,6.15104E+20,5.44934E+21,1.05796E+16,4.91861E+16
94876,9.17102E+18,9,4,79,136,2017,10,13,2,3,9,7,0,1,0,0,0,0,0,7.23103E+20,5.5453E+21,1.21145E+16,5.00182E+16
94877,9.17102E+18,9,4,75,169,2017,10,16,2,3,5,3,0,1,0,0,0,0,1,6.89526E+20,5.57335E+21,1.16603E+16,5.02818E+16
94878,9.17102E+18,9,4,75,182,2017,10,6,2,3,6,7,0,1,1,0,0,2,0,7.10277E+20,5.5833E+21,1.19567E+16,5.03641E+16
94879,9.17102E+18,9,4,73,121,2017,10,14,2,3,2,6,0,1,0,0,0,0,0,6.46229E+20,5.56541E+21,1.105E+16,5.02228E+16
94880,9.17102E+18,9,4,76,164,2017,10,12,2,3,2,6,0,1,0,0,0,0,0,6.64544E+20,5.57996E+21,1.13128E+16,5.03487E+16
94881,9.17102E+18,9,4,78,155,2017,10,13,2,3,2,6,0,1,0,1,0,0,0,6.57722E+20,5.55973E+21,1.12086E+16,5.01688E+16
94882,9.17102E+18,9,4,76,185,2017,10,7,2,3,4,6,0,1,0,0,0,2,1,6.69294E+20,5.56299E+21,1.13719E+16,5.01948E+16
94883,9.17102E+18,9,4,76,185,2017,10,8,2,2,4,6,0,1,0,0,1,0,1,6.65369E+20,5.56529E+21,1.1318E+16,5.02167E+16
94884,9.17102E+18,9,4,62,0,2017,10,8,2,3,2,6,0,1,0,0,1,0,0,6.86786E+20,5.53432E+21,1.16028E+16,4.9932E+16
94885,9.17102E+18,9,4,72,118,2017,10,12,2,1,2,6,0,1,0,0,1,0,1,6.74425E+20,5.49988E+21,1.14153E+16,4.96262E+16
94886,9.17102E+18,9,4,72,154,2017,10,7,2,3,6,4,0,1,1,0,0,1,0,6.64182E+20,5.53458E+21,1.12882E+16,4.9941E+16
94887,9.17102E+18,9,4,62,0,2017,10,7,2,3,2,6,0,1,0,0,0,0,0,6.88094E+20,5.53328E+21,1.16205E+16,4.99222E+16
94888,9.17102E+18,9,4,62,0,2017,10,15,2,2,6,4,0,1,1,0,0,0,0,6.84334E+20,5.5355E+21,1.15692E+16,4.99433E+16
94889,9.17102E+18,9,4,71,195,2017,10,10,2,3,8,1,0,1,0,0,0,0,1,6.43194E+20,5.52447E+21,1.09922E+16,4.98555E+16
94890,9.17102E+18,9,4,71,185,2017,10,18,2,3,2,1,0,1,0,0,0,2,1,6.45362E+20,5.53749E+21,1.10272E+16,4.9972E+16
94891,9.17102E+18,9,3,63,0,2017,10,7,2,3,5,3,1,1,0,0,0,0,1,7.28536E+20,5.50752E+21,1.21679E+16,4.96768E+16
94892,9.17102E+18,9,3,63,0,2017,10,12,2,2,5,3,1,1,0,0,0,0,1,7.27537E+20,5.50704E+21,1.21538E+16,4.96729E+16
94893,9.17102E+18,9,3,74,132,2017,10,6,2,3,5,3,0,1,0,0,0,2,1,7.3598E+20,5.49969E+21,1.22662E+16,4.96037E+16
94894,9.17102E+18,9,3,72,126,2017,10,7,2,3,4,2,0,1,0,0,0,2,1,7.80467E+20,5.46724E+21,1.28577E+16,4.92935E+16
94895,9.17102E+18,9,3,75,117,2017,10,9,2,3,2,6,0,1,0,0,0,0,0,7.3383E+20,5.4323E+21,1.21971E+16,4.89993E+16
94896,9.17102E+18,9,3,73,147,2017,10,20,2,2,2,6,0,1,0,1,0,2,1,6.78813E+20,5.46345E+21,1.14595E+16,4.92976E+16
94897,9.17102E+18,9,3,71,116,2017,10,16,2,2,5,3,0,1,0,0,1,0,1,6.92394E+20,5.47837E+21,1.16533E+16,4.94275E+16
94898,9.17102E+18,9,3,76,163,2017,10,16,2,3,2,6,0,1,0,0,0,0,0,7.2661E+20,5.47542E+21,1.21228E+16,4.93893E+16
94899,9.17102E+18,9,5,71,180,2017,10,16,5,3,2,6,0,1,0,0,0,0,0,6.30486E+20,5.46403E+21,1.07954E+16,4.93151E+16
94900,9.17102E+18,9,5,71,171,2017,10,9,5,3,2,6,0,1,0,0,0,0,0,6.07381E+20,5.47029E+21,1.04793E+16,4.93759E+16
94901,9.17102E+18,9,4,75,184,2017,10,11,5,3,8,1,0,1,0,0,0,0,0,7.03543E+20,5.56361E+21,1.18516E+16,5.01897E+16
94902,9.17102E+18,9,2,78,148,2017,10,13,2,3,8,1,0,1,0,0,0,0,0,7.38103E+20,5.41168E+21,1.22434E+16,4.88124E+16
94903,9.17102E+18,9,2,78,192,2017,10,7,2,3,2,6,0,1,0,0,1,2,1,7.7336E+20,5.4152E+21,1.2725E+16,4.88296E+16
94904,9.17102E+18,9,4,75,136,2017,10,10,5,3,4,2,0,1,0,0,0,0,0,6.95003E+20,5.56803E+21,1.17343E+16,5.02323E+16
94905,9.17102E+18,9,2,75,112,2017,10,12,2,3,3,3,0,1,0,0,0,0,1,8.0144E+20,5.38751E+21,1.30865E+16,4.85681E+16
94906,9.17102E+18,9,2,77,145,2017,10,13,2,2,2,6,0,1,0,0,0,0,0,7.98569E+20,5.35363E+21,1.30236E+16,4.82655E+16
94907,9.17102E+18,9,4,71,159,2017,10,14,5,3,5,3,0,1,0,0,1,0,0,6.40348E+20,5.53563E+21,1.09566E+16,4.99565E+16
94908,9.17102E+18,9,2,75,133,2017,10,15,2,3,8,6,0,1,0,0,0,0,1,8.24599E+20,5.38194E+21,1.33952E+16,4.85066E+16
94909,9.17102E+18,9,4,71,159,2017,10,6,5,3,5,3,0,1,0,0,0,2,1,6.38579E+20,5.53171E+21,1.09306E+16,4.99217E+16
94910,9.17102E+18,9,2,61,0,2017,10,11,2,3,8,1,0,1,0,0,0,0,0,7.36645E+20,5.38169E+21,1.22064E+16,4.85436E+16
94911,9.17102E+18,9,3,77,148,2017,10,11,5,3,2,6,0,1,0,0,1,0,0,7.14217E+20,5.53494E+21,1.19848E+16,4.99284E+16
94912,9.17102E+18,9,2,61,0,2017,10,17,2,3,2,6,0,1,0,0,0,0,0,7.36076E+20,5.383E+21,1.21995E+16,4.85556E+16
94913,9.17102E+18,9,2,74,194,2017,10,7,2,3,6,4,0,1,1,0,0,1,1,7.20994E+20,5.37867E+21,1.19931E+16,4.85222E+16
94914,9.17102E+18,9,1,73,120,2017,10,21,2,2,8,1,0,1,0,0,0,2,1,6.87607E+20,5.30858E+21,1.15104E+16,4.79031E+16
94915,9.17102E+18,9,1,90,139,2017,10,13,2,3,9,1,0,0,0,0,1,0,1,6.52447E+20,5.29733E+21,1.10363E+16,4.78112E+16
94916,9.17102E+18,9,1,90,145,2017,10,22,2,3,9,1,0,1,0,0,0,2,1,6.46585E+20,5.28595E+21,1.09542E+16,4.77103E+16
94917,9.17102E+18,9,3,77,116,2017,10,6,5,3,0,7,0,1,0,0,0,2,0,7.21457E+20,5.52266E+21,1.20786E+16,4.98154E+16
94918,9.17102E+18,9,1,90,148,2017,10,13,2,3,0,1,0,0,0,1,0,0,1,6.42763E+20,5.2968E+21,1.09068E+16,4.78087E+16
94919,9.17102E+18,9,1,89,154,2017,10,15,2,2,0,3,0,1,0,1,0,0,0,7.68499E+20,5.31777E+21,1.25966E+16,4.79569E+16
94920,9.17102E+18,9,3,75,210,2017,10,7,5,3,2,6,0,1,0,0,0,0,1,7.44446E+20,5.43261E+21,1.23422E+16,4.89979E+16
94921,9.17102E+18,9,1,83,128,2017,10,19,2,3,3,6,0,1,0,0,0,2,1,7.58549E+20,5.34946E+21,1.24828E+16,4.82456E+16
94922,9.17102E+18,9,1,89,120,2017,10,9,2,3,5,3,0,1,0,0,0,0,1,7.59493E+20,5.29749E+21,1.24641E+16,4.77785E+16
94923,9.17102E+18,9,3,75,190,2017,10,13,5,3,0,1,1,0,0,0,0,0,1,7.2345E+20,5.4452E+21,1.20625E+16,4.9119E+16
94924,9.17102E+18,9,1,72,134,2017,10,9,2,3,8,1,0,1,0,0,0,0,1,7.81247E+20,5.30446E+21,1.27584E+16,4.78319E+16
94925,9.17102E+18,9,1,87,177,2017,10,7,2,3,0,1,1,0,0,0,0,0,1,7.35461E+20,5.30532E+21,1.2148E+16,4.7858E+16
94926,9.17102E+18,9,1,87,137,2017,10,9,2,3,5,3,0,1,0,0,0,0,0,7.28217E+20,5.30834E+21,1.20529E+16,4.78878E+16
94927,9.17102E+18,9,1,61,0,2017,10,7,2,3,6,4,0,1,1,0,0,0,0,6.7525E+20,5.40499E+21,1.13853E+16,4.87732E+16
94928,9.17102E+18,9,1,85,150,2017,10,5,2,3,2,6,0,1,0,0,1,2,1,6.54395E+20,5.39807E+21,1.10991E+16,4.87166E+16
94929,9.17102E+18,9,1,85,163,2017,10,17,2,3,4,2,0,1,0,0,0,0,0,6.63246E+20,5.39246E+21,1.12171E+16,4.86639E+16
94930,9.17102E+18,9,1,86,162,2017,10,13,2,2,9,6,0,0,0,1,0,0,1,6.91998E+20,5.39118E+21,1.16066E+16,4.86442E+16
94931,9.17102E+18,9,1,76,124,2017,10,6,2,3,4,2,0,1,0,0,0,2,1,6.71154E+20,5.41065E+21,1.13319E+16,4.88253E+16
94932,9.17102E+18,9,1,62,0,2017,10,15,2,3,5,3,0,1,0,0,1,0,1,6.84131E+20,5.34259E+21,1.14785E+16,4.82098E+16
94933,9.17102E+18,9,1,88,139,2017,10,7,2,3,4,6,0,1,0,0,0,0,0,6.70293E+20,5.32047E+21,1.12836E+16,4.80148E+16
94934,9.17102E+18,9,1,79,134,2017,10,15,2,3,2,6,0,1,0,0,1,0,1,6.68654E+20,5.34281E+21,1.12705E+16,4.82161E+16
94935,9.17102E+18,9,1,81,130,2017,10,19,2,2,6,4,0,1,1,0,0,2,1,6.39553E+20,5.32319E+21,1.08725E+16,4.80467E+16
94936,9.17102E+18,9,1,81,130,2017,10,10,2,3,6,4,0,1,1,0,0,0,1,6.3982E+20,5.32332E+21,1.08761E+16,4.80479E+16
94937,9.17102E+18,9,1,79,130,2017,10,6,2,3,5,3,0,1,0,0,0,2,1,6.59364E+20,5.3387E+21,1.1144E+16,4.81816E+16
94938,9.17102E+18,9,1,78,145,2017,10,23,2,2,3,6,0,1,0,0,1,2,0,6.93291E+20,5.35721E+21,1.16084E+16,4.83385E+16
94939,9.17102E+18,9,1,77,133,2017,10,7,2,3,2,6,0,1,0,0,0,1,1,7.09736E+20,5.35933E+21,1.18311E+16,4.83523E+16
94940,9.17102E+18,9,3,62,0,2017,10,6,5,3,3,6,0,1,0,0,1,1,1,7.27337E+20,5.43123E+21,1.21079E+16,4.89921E+16
94941,9.17102E+18,9,3,71,136,2017,10,11,5,3,6,3,0,1,1,0,0,0,0,7.08986E+20,5.47788E+21,1.18816E+16,4.94177E+16
94942,9.17102E+18,9,3,76,160,2017,10,9,5,2,4,2,0,1,0,0,1,0,1,7.56216E+20,5.48942E+21,1.25391E+16,4.95032E+16
94943,9.17102E+18,9,1,78,130,2017,10,15,2,2,3,6,1,0,0,0,0,0,0,7.03312E+20,5.35451E+21,1.17422E+16,4.83111E+16
94944,9.17102E+18,9,1,88,120,2017,10,12,5,2,2,6,1,1,0,0,0,0,0,6.77238E+20,5.32651E+21,1.13791E+16,4.80672E+16
94945,9.17102E+18,9,1,78,116,2017,10,14,2,3,5,3,0,1,0,0,0,0,1,7.02239E+20,5.38298E+21,1.17415E+16,4.85672E+16
94946,9.17102E+18,9,1,78,143,2017,10,7,2,3,1,6,0,1,0,0,0,0,1,7.18331E+20,5.37216E+21,1.19536E+16,4.84646E+16
94947,9.17102E+18,9,1,74,137,2017,10,12,5,2,2,6,0,0,0,1,0,0,0,6.58651E+20,5.35127E+21,1.11391E+16,4.82947E+16
94948,9.17102E+18,9,1,78,136,2017,10,9,2,3,5,3,0,1,0,0,1,0,0,6.94351E+20,5.37051E+21,1.16288E+16,4.84577E+16
94949,9.17102E+18,9,1,77,131,2017,10,6,2,3,2,6,0,1,0,1,0,2,0,7.11631E+20,5.34866E+21,1.18513E+16,4.82558E+16
94950,9.17102E+18,9,3,71,118,2017,10,20,5,3,5,3,0,1,0,0,0,2,1,7.15488E+20,5.47693E+21,1.19706E+16,4.94068E+16
94951,9.17102E+18,9,1,75,112,2017,10,18,2,2,4,1,0,1,0,0,0,2,1,7.21448E+20,5.31924E+21,1.19681E+16,4.79881E+16
94952,9.17102E+18,9,1,77,115,2017,10,23,2,3,8,1,0,1,0,0,0,2,0,7.29882E+20,5.35324E+21,1.20993E+16,4.82906E+16
94953,9.17102E+18,9,1,84,121,2017,10,12,1,3,4,2,0,1,0,0,0,0,0,7.05032E+20,5.33133E+21,1.17541E+16,4.81022E+16
94954,9.17102E+18,9,7,78,116,2017,10,18,1,2,8,6,0,1,0,0,0,1,1,6.16193E+20,5.32192E+21,1.05589E+16,4.804E+16
94955,9.17102E+18,9,7,74,144,2017,10,18,1,3,8,1,0,1,0,0,0,0,1,6.05276E+20,5.36312E+21,1.04227E+16,4.84125E+16
94956,9.17102E+18,9,7,79,201,2017,10,6,1,3,9,7,0,1,0,0,1,2,1,6.45008E+20,5.39709E+21,1.09712E+16,4.871E+16
94957,9.17102E+18,9,7,79,131,2017,10,18,1,2,3,7,0,1,0,0,0,2,0,6.30688E+20,5.40204E+21,1.07782E+16,4.87577E+16
94958,9.17102E+18,9,7,71,122,2017,10,9,1,3,8,1,0,1,0,0,0,0,0,6.53759E+20,5.3614E+21,1.10769E+16,4.8387E+16
94959,9.17102E+18,9,7,61,0,2017,10,9,1,3,3,2,0,1,0,1,0,0,0,6.41771E+20,5.36184E+21,1.09152E+16,4.83938E+16
94960,9.17102E+18,9,6,75,127,2017,10,3,1,2,8,1,0,1,0,0,1,2,1,6.07744E+20,5.51391E+21,1.04962E+16,4.9768E+16
94961,9.17102E+18,9,6,75,127,2017,10,8,1,3,9,1,0,1,0,0,0,0,0,6.03653E+20,5.5156E+21,1.04399E+16,4.97839E+16
94962,9.17102E+18,9,6,63,0,2017,10,19,1,2,6,2,0,1,1,0,0,2,1,5.67185E+20,5.51686E+21,9.93361E+15,4.98005E+16
94963,9.17102E+18,9,6,76,160,2017,10,22,1,3,9,1,0,1,0,0,0,2,1,5.13218E+20,5.52933E+21,9.18411E+15,4.99162E+16
94964,9.17102E+18,9,6,71,157,2017,10,16,1,3,2,6,0,1,0,0,0,0,1,5.29865E+20,5.52676E+21,9.41579E+15,4.98925E+16
94965,9.17102E+18,9,2,63,0,2017,10,19,5,3,2,6,0,1,0,0,0,2,0,7.61508E+20,5.41966E+21,1.25667E+16,4.88747E+16
94966,9.17102E+18,9,2,71,146,2017,10,11,5,2,0,7,1,0,0,0,0,0,0,7.84357E+20,5.4103E+21,1.28711E+16,4.87806E+16
94967,9.17102E+18,9,2,72,147,2017,10,7,5,3,9,7,0,1,0,0,0,0,0,8.17893E+20,5.41899E+21,1.33331E+16,4.88423E+16
94968,9.17102E+18,9,5,72,133,2017,10,20,1,3,2,6,0,1,0,0,0,2,1,6.37909E+20,5.50063E+21,1.09102E+16,4.96425E+16
94969,9.17102E+18,9,5,65,0,2017,10,15,1,3,4,2,0,1,0,0,0,0,0,6.50802E+20,5.46606E+21,1.10755E+16,4.93286E+16
94970,9.17102E+18,9,5,63,0,2017,10,9,1,3,5,6,0,0,0,1,1,0,0,6.4404E+20,5.48285E+21,1.09886E+16,4.94812E+16
94971,9.17102E+18,9,5,64,0,2017,10,17,1,3,7,1,0,1,0,0,0,1,0,6.58789E+20,5.47506E+21,1.11889E+16,4.94075E+16
94972,9.17102E+18,9,5,64,0,2017,10,18,1,3,1,7,0,0,0,1,1,1,1,6.49872E+20,5.47714E+21,1.10669E+16,4.94284E+16
94973,9.17102E+18,9,5,71,180,2017,10,10,1,3,4,2,0,1,0,0,0,0,0,6.30027E+20,5.461E+21,1.07881E+16,4.92879E+16
94974,9.17102E+18,9,5,71,229,2017,10,10,1,3,9,1,0,1,0,0,0,0,1,6.25865E+20,5.45206E+21,1.07281E+16,4.92084E+16
94975,9.17102E+18,9,2,72,120,2017,10,8,5,2,4,2,0,1,0,0,1,0,0,8.21877E+20,5.42078E+21,1.33887E+16,4.88564E+16
94976,9.17102E+18,9,2,72,136,2017,10,17,5,2,3,6,1,0,0,0,1,0,0,8.51028E+20,5.4083E+21,1.37741E+16,4.87287E+16
94977,9.17102E+18,9,2,77,116,2017,10,19,5,2,4,6,0,1,0,0,0,2,0,7.80545E+20,5.3689E+21,1.27914E+16,4.84108E+16
94978,9.17102E+18,9,2,77,124,2017,10,9,5,3,9,6,0,1,0,0,0,0,1,7.80831E+20,5.3729E+21,1.27979E+16,4.84465E+16
94979,9.17102E+18,9,5,71,132,2017,10,18,1,3,5,3,0,1,0,0,0,1,0,6.03505E+20,5.44029E+21,1.04182E+16,4.91067E+16
94980,9.17102E+18,9,5,61,0,2017,10,10,1,3,8,1,0,1,0,0,0,0,1,6.11657E+20,5.46029E+21,1.05354E+16,4.92851E+16