OBJECTID,UIDENTSTLA,ULAND,UREGBEZ,UKREIS,UGEMEINDE,UJAHR,UMONAT,USTUNDE,UWOCHENTAG,UKATEGORIE,UART,UTYP1,IstRad,IstPKW,IstFuss,IstKrad,IstSonstig,LICHT,STRZUSTAND,LINREFX,LINREFY,XGCSWGS84,YGCSWGS84
94981,9.17102E+18,9,5,61,0,2017,10,16,1,3,2,6,0,1,0,0,1,0,0,6.13224E+20,5.46336E+21,1.05578E+16,4.93125E+16
94982,9.17102E+18,9,2,74,113,2017,10,19,5,3,8,1,0,1,0,0,0,2,0,7.26677E+20,5.38111E+21,1.20712E+16,4.85421E+16
94983,9.17102E+18,9,2,74,132,2017,10,19,5,3,0,1,0,0,0,1,0,1,0,7.2602E+20,5.38566E+21,1.20648E+16,4.85832E+16
94984,9.17102E+18,9,4,75,174,2017,10,17,1,3,2,6,0,1,0,0,0,0,0,7.03947E+20,5.55772E+21,1.18541E+16,5.01366E+16
94985,9.17102E+18,9,4,75,168,2017,10,10,1,2,8,7,0,1,0,0,0,0,0,7.0912E+20,5.56838E+21,1.19322E+16,5.02305E+16
94986,9.17102E+18,9,4,72,199,2017,10,13,1,3,2,6,0,1,0,0,0,0,1,6.91519E+20,5.53901E+21,1.1671E+16,4.99727E+16
94987,9.17102E+18,9,4,62,0,2017,10,14,1,2,4,2,0,1,0,0,0,0,0,6.87421E+20,5.53505E+21,1.1612E+16,4.99384E+16
94988,9.17102E+18,9,4,71,159,2017,10,3,1,3,8,1,0,1,0,0,0,2,1,6.40705E+20,5.53389E+21,1.0961E+16,4.99407E+16
94989,9.17102E+18,9,4,74,154,2017,10,16,1,3,4,6,0,1,0,0,0,0,1,6.52223E+20,5.49988E+21,1.11081E+16,4.96323E+16
94990,9.17102E+18,9,3,76,144,2017,10,18,1,3,5,3,1,1,0,0,0,2,0,7.30621E+20,5.48258E+21,1.21822E+16,4.94521E+16
94991,9.17102E+18,9,3,76,119,2017,10,16,1,3,2,1,0,1,0,0,0,0,0,7.19784E+20,5.45461E+21,1.20175E+16,4.92048E+16
94992,9.17102E+18,9,3,71,146,2017,10,2,1,2,8,1,0,1,0,0,0,2,1,7.14571E+20,5.4665E+21,1.19524E+16,4.93135E+16
94993,9.17102E+18,9,2,78,182,2017,10,14,1,3,4,3,0,1,0,0,1,0,0,7.63719E+20,5.41064E+21,1.2591E+16,4.87927E+16
94994,9.17102E+18,9,2,62,0,2017,10,11,1,3,2,6,0,1,0,0,0,0,1,8.25715E+20,5.39097E+21,1.34173E+16,4.8587E+16
94995,9.17102E+18,9,2,74,184,2017,10,18,1,3,8,7,1,0,0,0,0,2,1,7.47977E+20,5.36966E+21,1.23525E+16,4.84312E+16
94996,9.17102E+18,9,2,74,165,2017,10,13,1,3,9,1,0,1,0,0,0,0,0,7.16659E+20,5.38556E+21,1.1938E+16,4.85856E+16
94997,9.17102E+18,9,2,73,163,2017,10,10,1,3,2,6,0,1,0,0,0,0,1,7.03292E+20,5.39797E+21,1.17631E+16,4.87016E+16
94998,9.17102E+18,9,2,73,113,2017,10,12,1,3,9,7,0,1,0,0,0,0,0,6.99891E+20,5.39652E+21,1.17162E+16,4.86897E+16
94999,9.17102E+18,9,2,79,137,2017,10,17,1,2,0,6,0,0,0,1,0,0,0,7.72279E+20,5.40795E+21,1.27055E+16,4.87649E+16
95000,9.17102E+18,9,1,88,139,2017,10,18,1,3,2,6,0,1,0,0,0,0,0,6.79841E+20,5.32059E+21,1.14116E+16,4.80133E+16
95001,9.17102E+18,9,1,72,134,2017,10,10,1,3,8,1,0,1,0,0,0,0,1,7.87077E+20,5.30474E+21,1.28363E+16,4.78318E+16
95002,9.17102E+18,9,1,81,127,2017,10,19,1,3,9,7,0,1,0,0,0,2,1,6.3519E+20,5.32301E+21,1.0814E+16,4.8046E+16
95003,9.17102E+18,9,1,88,139,2017,10,12,1,3,2,6,0,1,0,0,0,0,0,6.74435E+20,5.31836E+21,1.13382E+16,4.79947E+16
95004,9.17102E+18,9,1,73,133,2017,10,18,5,3,2,7,0,0,1,1,1,1,0,6.80155E+20,5.28345E+21,1.14003E+16,4.76793E+16
95005,9.17102E+18,9,1,89,137,2017,10,12,5,3,2,2,0,1,0,1,0,0,0,7.50327E+20,5.32045E+21,1.23552E+16,4.79884E+16
95006,9.17102E+18,9,1,89,114,2017,10,17,5,2,8,1,0,1,0,0,0,0,0,7.65302E+20,5.31413E+21,1.25517E+16,4.79256E+16
95007,9.17102E+18,9,1,83,128,2017,10,17,5,3,4,2,0,1,0,0,0,0,0,7.63377E+20,5.34863E+21,1.25472E+16,4.82361E+16
95008,9.17102E+18,9,1,74,115,2017,10,7,1,3,0,7,1,0,0,0,0,0,1,6.8079E+20,5.34771E+21,1.14358E+16,4.82568E+16
95009,9.17102E+18,9,1,89,127,2017,10,6,5,2,3,2,0,1,0,1,0,1,0,7.84973E+20,5.31737E+21,1.28166E+16,4.79461E+16
95010,9.17102E+18,9,1,89,159,2017,10,18,5,3,9,1,1,0,0,0,0,2,0,7.60671E+20,5.3027E+21,1.24829E+16,4.78247E+16
95011,9.17102E+18,9,1,75,111,2017,10,20,1,3,7,7,0,1,0,0,1,2,1,7.11899E+20,5.33816E+21,1.18497E+16,4.81613E+16
95012,9.17102E+18,9,1,75,111,2017,10,20,1,3,9,1,0,1,0,0,0,2,1,7.11901E+20,5.33816E+21,1.18497E+16,4.81613E+16
95013,9.17102E+18,9,1,77,135,2017,10,5,1,3,9,1,0,1,0,0,0,2,1,7.19153E+20,5.34444E+21,1.19503E+16,4.82153E+16
95014,9.17102E+18,9,1,75,133,2017,10,14,1,3,5,3,0,1,0,0,1,0,0,7.08664E+20,5.34078E+21,1.18075E+16,4.81859E+16
95015,9.17102E+18,9,1,77,112,2017,10,0,1,2,9,1,0,1,0,0,0,2,0,7.16987E+20,5.36136E+21,1.19299E+16,4.8368E+16
95016,9.17102E+18,9,1,84,145,2017,10,6,7,2,4,2,0,1,0,1,0,2,1,6.94329E+20,5.32323E+21,1.16068E+16,4.80328E+16
95017,9.17102E+18,9,1,84,127,2017,10,18,7,3,5,3,1,1,0,0,0,1,0,7.02726E+20,5.32204E+21,1.17188E+16,4.80195E+16
95018,9.17102E+18,9,7,80,117,2017,10,19,7,3,7,7,0,1,0,0,1,2,0,5.93738E+20,5.28395E+21,1.02494E+16,4.77021E+16
95019,9.17102E+18,9,7,62,0,2017,10,15,7,3,4,6,0,1,0,1,0,0,0,6.18619E+20,5.30353E+21,1.05863E+16,4.78741E+16
95020,9.17102E+18,9,7,77,114,2017,10,15,7,3,5,3,0,1,0,0,0,0,0,6.15329E+20,5.31112E+21,1.05444E+16,4.7943E+16
95021,9.17102E+18,9,7,77,124,2017,10,5,7,3,6,4,0,1,1,0,0,2,1,6.1393E+20,5.30724E+21,1.05246E+16,4.79084E+16
95022,9.17102E+18,9,1,63,0,2017,10,21,5,3,5,3,1,1,0,0,0,2,0,7.326E+20,5.30696E+21,1.21107E+16,4.78738E+16
95023,9.17102E+18,9,7,79,217,2017,10,14,7,2,5,2,0,0,0,1,1,0,0,6.42941E+20,5.4087E+21,1.09471E+16,4.88148E+16
95024,9.17102E+18,9,7,61,0,2017,10,14,7,3,8,1,0,0,0,0,1,0,0,6.38514E+20,5.3567E+21,1.08695E+16,4.83482E+16
95025,9.17102E+18,9,1,63,0,2017,10,7,5,3,2,6,0,1,0,1,0,0,0,7.32056E+20,5.30735E+21,1.21037E+16,4.78775E+16
95026,9.17102E+18,9,7,71,111,2017,10,12,7,3,9,1,0,1,0,0,0,0,0,6.58272E+20,5.35739E+21,1.11363E+16,4.83498E+16
95027,9.17102E+18,9,1,87,162,2017,10,12,5,3,2,3,0,1,0,0,0,0,0,7.51014E+20,5.30331E+21,1.23544E+16,4.78341E+16
95028,9.17102E+18,9,7,61,0,2017,10,23,7,3,3,6,0,1,0,0,0,2,1,6.39464E+20,5.35169E+21,1.08807E+16,4.8303E+16
95029,9.17102E+18,9,7,61,0,2017,10,1,7,3,1,5,0,1,0,0,0,2,0,6.37471E+20,5.35962E+21,1.08564E+16,4.83748E+16
95030,9.17102E+18,9,7,71,129,2017,10,6,7,3,5,3,0,1,0,0,0,2,1,6.58117E+20,5.35543E+21,1.11334E+16,4.83322E+16
95031,9.17102E+18,9,7,71,176,2017,10,18,7,3,9,1,0,1,0,0,0,2,0,6.42804E+20,5.3834E+21,1.09365E+16,4.85874E+16
95032,9.17102E+18,9,6,63,0,2017,10,20,7,3,8,1,0,0,0,0,1,2,1,5.65862E+20,5.51179E+21,9.91437E+15,4.97549E+16
95033,9.17102E+18,9,6,79,128,2017,10,15,7,3,8,1,0,0,0,1,0,0,0,5.6085E+20,5.52228E+21,9.84644E+15,4.98498E+16
95034,9.17102E+18,9,6,77,135,2017,10,14,7,3,2,6,0,1,0,1,0,0,0,5.42721E+20,5.52465E+21,9.59454E+15,4.98727E+16
95035,9.17102E+18,9,6,77,131,2017,10,16,7,2,0,1,1,0,0,0,0,0,1,5.45719E+20,5.54511E+21,9.63869E+15,5.00565E+16
95036,9.17102E+18,9,6,77,148,2017,10,19,7,3,4,2,0,1,0,0,0,2,1,5.59899E+20,5.53298E+21,9.83487E+15,4.99462E+16
95037,9.17102E+18,9,6,77,148,2017,10,23,7,2,0,1,0,0,0,1,0,2,1,5.55372E+20,5.53519E+21,9.7721E+15,4.99665E+16
95038,9.17102E+18,9,6,78,134,2017,10,12,7,2,3,6,0,1,0,1,0,0,0,5.96713E+20,5.52976E+21,1.03471E+16,4.99124E+16
95039,9.17102E+18,9,6,76,125,2017,10,10,7,3,5,3,0,1,0,0,0,0,0,5.16464E+20,5.50759E+21,9.22841E+15,4.97206E+16
95040,9.17102E+18,9,6,71,155,2017,10,12,7,3,2,6,0,1,0,0,0,0,0,5.05113E+20,5.53533E+21,9.07131E+15,4.99703E+16
95041,9.17102E+18,9,5,74,112,2017,10,9,7,3,2,7,0,1,0,0,0,0,0,6.70511E+20,5.4754E+21,1.13506E+16,4.94074E+16
95042,9.17102E+18,9,1,82,131,2017,10,17,5,2,4,2,0,1,0,1,0,0,0,7.15097E+20,5.29009E+21,1.18686E+16,4.77283E+16
95043,9.17102E+18,9,1,82,119,2017,10,17,5,3,5,3,0,1,0,0,0,0,0,7.11908E+20,5.29349E+21,1.18278E+16,4.77599E+16
95044,9.17102E+18,9,1,87,179,2017,10,16,5,3,4,6,0,1,0,0,0,0,0,7.22954E+20,5.3128E+21,1.19849E+16,4.79297E+16
95045,9.17102E+18,9,5,74,141,2017,10,21,7,3,2,6,0,1,0,0,0,2,1,6.67688E+20,5.4896E+21,1.13177E+16,4.95358E+16
95046,9.17102E+18,9,5,76,148,2017,10,22,7,2,3,1,0,1,0,0,0,2,1,6.67139E+20,5.43921E+21,1.1289E+16,4.90831E+16
95047,9.17102E+18,9,1,87,179,2017,10,16,5,3,2,6,0,1,0,0,0,0,0,7.19105E+20,5.31853E+21,1.19364E+16,4.79825E+16
95048,9.17102E+18,9,5,72,119,2017,10,6,7,3,6,6,0,1,1,0,0,2,0,6.45287E+20,5.49946E+21,1.10119E+16,4.96302E+16
95049,9.17102E+18,9,1,87,122,2017,10,10,5,3,4,6,0,1,0,1,0,0,0,7.18556E+20,5.31208E+21,1.19258E+16,4.79247E+16
95050,9.17102E+18,9,5,74,164,2017,10,9,7,3,5,3,0,1,0,1,0,0,0,6.67064E+20,5.4729E+21,1.1302E+16,4.93859E+16
95051,9.17102E+18,9,5,75,145,2017,10,15,7,3,4,2,0,1,0,1,0,0,0,6.19425E+20,5.48357E+21,1.06491E+16,4.9493E+16
95052,9.17102E+18,9,5,71,199,2017,10,20,7,2,5,3,0,1,0,0,0,2,1,5.90505E+20,5.44742E+21,1.02417E+16,4.91729E+16
95053,9.17102E+18,9,5,71,228,2017,10,13,7,3,8,1,0,0,0,1,0,0,0,5.90394E+20,5.45696E+21,1.02423E+16,4.92587E+16
95054,9.17102E+18,9,5,71,166,2017,10,17,7,2,8,1,0,1,0,1,0,0,0,6.11109E+20,5.45432E+21,1.05262E+16,4.92315E+16
95055,9.17102E+18,9,5,75,112,2017,10,16,7,3,9,7,0,1,0,0,0,0,0,6.04098E+20,5.48365E+21,1.04376E+16,4.94965E+16
95056,9.17102E+18,9,4,77,127,2017,10,5,7,2,8,1,0,1,0,0,0,2,1,6.79833E+20,5.54988E+21,1.15133E+16,5.0074E+16
95057,9.17102E+18,9,4,61,0,2017,10,15,7,3,5,3,0,1,0,0,1,0,0,6.35297E+20,5.53009E+21,1.08843E+16,4.99079E+16
95058,9.17102E+18,9,4,74,121,2017,10,13,7,3,8,1,0,1,0,0,0,0,0,6.62986E+20,5.51528E+21,1.12634E+16,4.97679E+16
95059,9.17102E+18,9,3,76,141,2017,10,21,7,3,8,6,0,1,0,0,0,2,1,7.27075E+20,5.45117E+21,1.21155E+16,4.91713E+16
95060,9.17102E+18,9,3,76,119,2017,10,16,7,3,5,2,0,1,0,0,0,0,0,7.22796E+20,5.45393E+21,1.20584E+16,4.91977E+16
95061,9.17102E+18,9,2,75,148,2017,10,11,7,3,5,1,0,1,0,0,1,0,0,8.46325E+20,5.40264E+21,1.37056E+16,4.86806E+16
95062,9.17102E+18,9,2,75,138,2017,10,16,7,3,8,7,0,0,0,1,0,0,0,8.071E+20,5.38968E+21,1.31646E+16,4.85848E+16
95063,9.17102E+18,9,1,76,126,2017,10,15,5,2,5,3,0,1,0,0,0,0,0,6.73009E+20,5.40913E+21,1.13565E+16,4.8811E+16
95064,9.17102E+18,9,1,85,163,2017,10,6,5,2,4,6,0,1,0,0,1,2,1,6.64069E+20,5.39283E+21,1.12284E+16,4.86669E+16
95065,9.17102E+18,9,2,77,113,2017,10,11,7,3,8,1,0,1,0,0,0,0,1,7.96334E+20,5.37306E+21,1.30072E+16,4.84409E+16
95066,9.17102E+18,9,1,85,149,2017,10,15,5,3,5,3,0,1,0,0,0,0,0,6.58665E+20,5.39963E+21,1.11577E+16,4.87295E+16
95067,9.17102E+18,9,1,76,114,2017,10,19,5,2,6,6,0,1,1,0,0,2,0,6.81728E+20,5.43358E+21,1.14861E+16,4.90283E+16
95068,9.17102E+18,9,1,76,137,2017,10,17,5,2,8,1,0,1,0,0,0,0,0,6.70165E+20,5.42773E+21,1.13256E+16,4.8979E+16
95069,9.17102E+18,9,1,62,0,2017,10,17,5,3,2,6,0,1,0,0,0,0,0,6.78234E+20,5.33469E+21,1.13959E+16,4.81404E+16
95070,9.17102E+18,9,1,79,142,2017,10,6,5,3,2,6,0,1,0,0,0,2,1,6.77081E+20,5.34267E+21,1.13838E+16,4.82125E+16
95071,9.17102E+18,9,2,75,133,2017,10,12,7,3,0,1,0,0,0,1,0,0,1,8.25326E+20,5.38576E+21,1.3408E+16,4.85404E+16
95072,9.17102E+18,9,2,73,172,2017,10,3,7,3,2,6,0,1,0,0,0,2,1,7.1092E+20,5.40394E+21,1.18697E+16,4.87527E+16
95073,9.17102E+18,9,2,73,152,2017,10,18,7,3,3,6,1,1,0,0,0,2,0,7.02215E+20,5.40863E+21,1.17537E+16,4.87978E+16
95074,9.17102E+18,9,1,73,147,2017,10,11,7,3,4,2,0,1,0,0,0,0,0,6.8143E+20,5.30802E+21,1.14276E+16,4.78998E+16
95075,9.17102E+18,9,1,90,135,2017,10,13,7,2,8,1,0,0,0,1,0,0,0,6.59227E+20,5.29346E+21,1.11254E+16,4.77748E+16
95076,9.17102E+18,9,1,90,141,2017,10,17,7,2,4,7,0,1,0,0,0,0,0,6.76067E+20,5.29315E+21,1.13498E+16,4.77676E+16
95077,9.17102E+18,9,1,80,123,2017,10,16,7,3,2,1,0,1,0,0,0,0,0,6.70469E+20,5.25541E+21,1.12605E+16,4.74298E+16
95078,9.17102E+18,9,1,89,120,2017,10,12,7,2,2,6,0,1,0,0,0,0,0,7.56711E+20,5.29811E+21,1.24274E+16,4.77851E+16
95079,9.17102E+18,9,1,71,122,2017,10,8,7,3,5,3,0,1,0,0,1,0,1,7.70429E+20,5.33427E+21,1.26329E+16,4.81043E+16
95080,9.17102E+18,9,1,72,117,2017,10,12,7,3,2,6,0,1,0,0,0,0,1,7.97952E+20,5.28477E+21,1.29676E+16,4.76477E+16
95081,9.17102E+18,9,1,71,135,2017,10,3,7,3,8,1,0,1,0,0,0,2,0,7.68535E+20,5.34075E+21,1.26115E+16,4.81632E+16
95082,9.17102E+18,9,1,87,162,2017,10,16,7,2,0,1,1,0,0,0,0,0,0,7.50749E+20,5.30385E+21,1.23512E+16,4.78391E+16
95083,9.17102E+18,9,1,82,125,2017,10,18,7,3,0,7,0,0,0,1,0,2,0,7.1236E+20,5.29618E+21,1.18351E+16,4.7784E+16
95084,9.17102E+18,9,1,82,137,2017,10,10,7,3,9,1,0,1,0,0,0,0,1,7.14457E+20,5.30302E+21,1.18665E+16,4.78447E+16
95085,9.17102E+18,9,1,82,134,2017,10,11,7,3,4,6,0,1,0,0,0,0,1,7.02067E+20,5.29331E+21,1.16965E+16,4.77615E+16
95086,9.17102E+18,9,1,86,122,2017,10,17,7,2,8,1,0,0,0,1,0,0,0,6.94421E+20,5.39684E+21,1.16421E+16,4.86943E+16
95087,9.17102E+18,9,1,76,116,2017,10,13,7,3,8,1,0,0,0,1,0,0,0,6.74053E+20,5.41773E+21,1.13744E+16,4.8888E+16
95088,9.17102E+18,9,1,88,139,2017,10,9,7,2,8,6,0,1,0,0,0,0,0,6.72309E+20,5.32267E+21,1.13115E+16,4.8034E+16
95089,9.17102E+18,9,1,79,142,2017,10,12,7,3,0,1,1,0,0,0,0,0,0,6.72695E+20,5.34102E+21,1.13241E+16,4.8199E+16
95090,9.17102E+18,9,1,79,126,2017,10,13,7,3,2,6,0,1,0,0,0,0,0,6.76924E+20,5.33991E+21,1.13805E+16,4.81878E+16
95091,9.17102E+18,9,1,77,117,2017,10,22,7,3,4,1,0,1,0,0,0,2,0,7.17205E+20,5.35966E+21,1.1932E+16,4.83528E+16
95092,9.17102E+18,9,1,75,121,2017,10,6,7,3,9,1,0,1,0,0,0,2,1,7.10509E+20,5.32025E+21,1.18222E+16,4.80009E+16
95093,9.17102E+18,9,1,78,157,2017,10,11,7,3,9,2,0,0,0,1,0,0,1,7.02738E+20,5.3709E+21,1.17423E+16,4.84585E+16
95094,9.17102E+18,9,1,75,122,2017,10,8,7,2,8,1,0,0,0,1,0,0,1,7.21969E+20,5.32488E+21,1.1978E+16,4.80386E+16
95095,9.17102E+18,9,1,84,141,2017,10,12,6,3,2,6,0,1,0,0,0,0,0,6.94164E+20,5.31534E+21,1.16011E+16,4.79619E+16
95096,9.17102E+18,9,1,62,0,2017,10,21,6,3,5,2,0,1,0,0,0,2,0,6.8303E+20,5.33891E+21,1.14621E+16,4.8177E+16
95097,9.17102E+18,9,1,62,0,2017,10,10,5,3,2,6,0,1,0,0,1,0,0,6.8376E+20,5.34257E+21,1.14735E+16,4.82097E+16
95098,9.17102E+18,9,1,79,142,2017,10,8,5,3,2,6,0,0,0,0,1,0,0,6.74717E+20,5.34464E+21,1.13528E+16,4.82309E+16
95099,9.17102E+18,9,1,84,127,2017,10,17,6,2,5,3,0,1,0,0,0,0,0,7.03002E+20,5.32084E+21,1.17219E+16,4.80086E+16
95100,9.17102E+18,9,1,84,144,2017,10,10,6,3,5,3,0,1,0,0,0,0,0,6.87526E+20,5.31989E+21,1.15142E+16,4.80048E+16
95101,9.17102E+18,9,1,62,0,2017,10,7,6,3,6,4,0,1,1,0,0,1,0,6.92073E+20,5.34156E+21,1.15849E+16,4.81982E+16
95102,9.17102E+18,9,1,62,0,2017,10,17,6,3,3,6,1,1,0,0,1,0,0,6.89788E+20,5.33987E+21,1.15534E+16,4.81837E+16
95103,9.17102E+18,9,1,62,0,2017,10,17,6,3,2,6,1,0,0,0,0,0,0,6.87958E+20,5.335E+21,1.15266E+16,4.81405E+16
95104,9.17102E+18,9,1,62,0,2017,10,8,6,3,5,3,0,0,0,0,1,0,0,6.87616E+20,5.33331E+21,1.15213E+16,4.81253E+16
95105,9.17102E+18,9,1,62,0,2017,10,7,6,3,2,6,0,1,0,0,0,0,0,6.9317E+20,5.33878E+21,1.15984E+16,4.81729E+16
95106,9.17102E+18,9,7,75,134,2017,10,14,6,3,2,6,0,1,0,0,0,0,0,5.81332E+20,5.36441E+21,1.00994E+16,4.84276E+16
95107,9.17102E+18,9,7,75,164,2017,10,12,6,3,3,6,1,1,0,0,0,0,0,5.85477E+20,5.35063E+21,1.01526E+16,4.83031E+16
95108,9.17102E+18,9,7,78,217,2017,10,12,6,2,8,7,0,1,0,0,0,0,0,5.89715E+20,5.3293E+21,1.02053E+16,4.81106E+16
95109,9.17102E+18,9,7,74,135,2017,10,19,6,3,2,6,0,1,0,0,0,2,0,5.95622E+20,5.36493E+21,1.02927E+16,4.84303E+16
95110,9.17102E+18,9,1,88,137,2017,10,7,5,3,5,3,1,1,0,0,0,0,0,6.72342E+20,5.314E+21,1.13085E+16,4.79561E+16
95111,9.17102E+18,9,7,74,144,2017,10,14,6,3,1,6,0,1,0,0,0,0,0,6.063E+20,5.36327E+21,1.04366E+16,4.84136E+16
95112,9.17102E+18,9,7,80,123,2017,10,18,6,3,0,1,0,0,0,1,0,2,1,6.04553E+20,5.26247E+21,1.03884E+16,4.75073E+16
95113,9.17102E+18,9,7,80,133,2017,10,15,6,2,4,6,1,0,0,0,0,0,0,5.96941E+20,5.25399E+21,1.02855E+16,4.74322E+16
95114,9.17102E+18,9,7,77,153,2017,10,17,6,3,0,7,1,0,0,0,0,0,0,6.12918E+20,5.27572E+21,1.05029E+16,4.7625E+16
95115,9.17102E+18,9,7,77,173,2017,10,12,6,2,4,1,0,1,0,0,0,0,0,6.35996E+20,5.2758E+21,1.08099E+16,4.76213E+16
95116,9.17102E+18,9,7,79,197,2017,10,13,6,3,0,7,0,0,0,1,0,0,0,6.16271E+20,5.42418E+21,1.05884E+16,4.89596E+16
95117,9.17102E+18,9,7,73,144,2017,10,5,6,3,7,1,0,1,0,0,0,2,1,6.0411E+20,5.38147E+21,1.04115E+16,4.85777E+16
95118,9.17102E+18,9,7,61,0,2017,10,14,6,3,2,6,0,1,0,0,0,0,0,6.41396E+20,5.35518E+21,1.09079E+16,4.8334E+16
95119,9.17102E+18,9,7,72,148,2017,10,14,6,2,0,1,0,0,0,1,0,0,0,6.266E+20,5.35221E+21,1.07075E+16,4.83104E+16
95120,9.17102E+18,9,7,72,125,2017,10,14,6,3,9,6,0,1,0,1,0,0,0,6.25101E+20,5.34521E+21,1.06852E+16,4.82477E+16
95121,9.17102E+18,9,7,61,0,2017,10,15,6,3,5,3,1,1,0,0,0,0,0,6.41635E+20,5.3597E+21,1.09126E+16,4.83745E+16
95122,9.17102E+18,9,7,71,156,2017,10,9,6,3,5,3,0,1,0,0,0,0,0,6.49245E+20,5.38535E+21,1.10245E+16,4.86034E+16
95123,9.17102E+18,9,6,77,200,2017,10,18,6,3,4,6,0,1,0,0,1,2,0,5.3306E+20,5.54267E+21,9.46164E+15,5.00354E+16
95124,9.17102E+18,9,6,75,147,2017,10,17,6,3,5,3,0,1,0,1,0,1,0,5.82951E+20,5.50363E+21,1.01498E+16,4.96795E+16
95125,9.17102E+18,9,1,84,112,2017,10,19,5,3,2,6,0,1,0,0,0,2,0,7.01775E+20,5.34066E+21,1.17149E+16,4.81871E+16
95126,9.17102E+18,9,6,75,178,2017,10,14,6,3,8,1,0,1,0,0,0,0,0,5.97932E+20,5.51809E+21,1.03611E+16,4.98073E+16
95127,9.17102E+18,9,6,77,114,2017,10,7,6,3,8,1,1,0,0,0,0,0,0,5.69834E+20,5.53653E+21,9.97397E+15,4.9977E+16
95128,9.17102E+18,9,6,78,135,2017,10,10,6,2,1,5,0,0,0,0,1,0,0,5.9501E+20,5.54178E+21,1.03263E+16,5.00208E+16
95129,9.17102E+18,9,1,84,119,2017,10,0,5,3,2,6,0,1,0,0,1,2,0,6.95517E+20,5.34502E+21,1.16328E+16,4.82283E+16
95130,9.17102E+18,9,6,79,143,2017,10,14,6,3,2,6,0,1,0,0,0,0,0,5.71607E+20,5.53075E+21,9.99761E+15,4.99248E+16
95131,9.17102E+18,9,6,74,149,2017,10,18,6,2,5,3,0,1,0,0,0,1,1,6.1012E+20,5.55382E+21,1.05406E+16,5.01264E+16
95132,9.17102E+18,9,1,84,135,2017,10,16,5,3,2,6,0,1,0,0,0,0,0,6.8801E+20,5.34723E+21,1.15328E+16,4.82504E+16
95133,9.17102E+18,9,1,78,123,2017,10,15,5,3,2,6,0,1,0,0,0,0,0,6.92476E+20,5.35913E+21,1.15983E+16,4.8356E+16
95134,9.17102E+18,9,6,74,149,2017,10,23,6,3,9,1,0,0,0,1,0,2,1,6.10691E+20,5.55663E+21,1.05494E+16,5.01515E+16
95135,9.17102E+18,9,6,73,114,2017,10,8,6,2,5,3,0,1,0,0,0,0,0,5.82384E+20,5.57823E+21,1.0158E+16,5.03503E+16
95136,9.17102E+18,9,6,62,0,2017,10,9,6,3,1,6,0,1,0,0,0,0,0,5.85193E+20,5.54569E+21,1.01902E+16,5.00574E+16
95137,9.17102E+18,9,6,76,160,2017,10,22,6,2,0,1,0,0,0,1,0,2,0,5.15959E+20,5.53065E+21,9.22236E+15,4.9928E+16
95138,9.17102E+18,9,6,61,0,2017,10,18,6,3,5,2,0,1,0,0,0,2,0,5.07037E+20,5.53459E+21,9.09811E+15,4.99636E+16
95139,9.17102E+18,9,6,71,122,2017,10,22,6,2,4,1,0,1,0,0,1,2,0,5.03468E+20,5.53352E+21,9.04835E+15,4.9954E+16
95140,9.17102E+18,9,5,72,131,2017,10,13,6,2,2,6,0,1,0,0,0,0,0,6.56672E+20,5.48375E+21,1.11632E+16,4.94862E+16
95141,9.17102E+18,9,5,76,113,2017,10,14,6,3,5,5,1,1,0,0,0,0,0,6.62456E+20,5.45785E+21,1.12325E+16,4.92519E+16
95142,9.17102E+18,9,5,74,128,2017,10,18,6,3,2,2,0,1,0,0,0,2,1,6.78382E+20,5.48565E+21,1.14636E+16,4.94973E+16
95143,9.17102E+18,9,5,74,132,2017,10,15,6,3,8,1,0,0,0,1,0,0,0,6.75165E+20,5.48789E+21,1.14202E+16,4.95183E+16
95144,9.17102E+18,9,5,74,139,2017,10,15,6,3,0,6,0,1,0,1,0,0,0,6.70131E+20,5.47737E+21,1.13462E+16,4.94251E+16
95145,9.17102E+18,9,5,64,0,2017,10,15,6,3,5,3,1,1,0,0,0,0,0,6.47923E+20,5.47676E+21,1.10399E+16,4.94255E+16
95146,9.17102E+18,9,5,64,0,2017,10,14,6,3,5,3,0,1,0,0,0,0,0,6.47705E+20,5.47963E+21,1.1038E+16,4.94513E+16
95147,9.17102E+18,9,5,71,134,2017,10,20,6,2,8,1,0,1,0,0,0,2,0,5.8859E+20,5.46066E+21,1.02184E+16,4.92922E+16
95148,9.17102E+18,9,5,75,153,2017,10,14,6,3,5,3,0,1,0,0,0,0,0,6.18158E+20,5.49374E+21,1.06347E+16,4.95847E+16
95149,9.17102E+18,9,1,78,145,2017,10,11,5,2,2,6,0,1,0,0,0,0,0,6.93136E+20,5.35762E+21,1.16065E+16,4.83422E+16
95150,9.17102E+18,9,1,78,145,2017,10,7,5,3,0,1,0,0,0,1,0,0,1,6.95858E+20,5.35829E+21,1.16435E+16,4.83474E+16
95151,9.17102E+18,9,4,64,0,2017,10,9,6,3,2,6,0,1,0,0,0,0,0,7.08305E+20,5.57451E+21,1.19242E+16,5.02859E+16