OBJECTID,UIDENTSTLA,ULAND,UREGBEZ,UKREIS,UGEMEINDE,UJAHR,UMONAT,USTUNDE,UWOCHENTAG,UKATEGORIE,UART,UTYP1,IstRad,IstPKW,IstFuss,IstKrad,IstSonstig,LICHT,STRZUSTAND,LINREFX,LINREFY,XGCSWGS84,YGCSWGS84
95152,9.17102E+18,9,4,72,175,2017,10,11,6,3,8,1,0,1,0,0,0,0,0,6.85542E+20,5.51776E+21,1.15775E+16,4.97836E+16
95153,9.17102E+18,9,4,77,156,2017,10,7,6,3,4,2,0,1,0,1,0,0,0,6.78528E+20,5.56036E+21,1.15E+16,5.01685E+16
95154,9.17102E+18,9,4,62,0,2017,10,17,6,3,5,3,1,1,0,0,0,0,0,6.84364E+20,5.53552E+21,1.15696E+16,4.99435E+16
95155,9.17102E+18,9,4,74,126,2017,10,15,6,2,0,1,0,0,0,1,0,0,0,6.4725E+20,5.50886E+21,1.10426E+16,4.97143E+16
95156,9.17102E+18,9,3,63,0,2017,10,11,6,2,5,3,1,1,0,0,0,0,0,7.28535E+20,5.50752E+21,1.21679E+16,4.96768E+16
95157,9.17102E+18,9,3,63,0,2017,10,11,6,3,2,6,0,1,0,0,0,0,0,7.2841E+20,5.50756E+21,1.21662E+16,4.96773E+16
95158,9.17102E+18,9,3,74,168,2017,10,18,6,2,2,6,0,1,0,1,0,1,0,7.25053E+20,5.52232E+21,1.21283E+16,4.98111E+16
95159,9.17102E+18,9,3,74,124,2017,10,13,6,2,2,6,0,1,0,0,0,0,0,7.09202E+20,5.51234E+21,1.19029E+16,4.97272E+16
95160,9.17102E+18,9,3,73,113,2017,10,20,6,3,3,6,0,1,0,0,1,2,0,6.78522E+20,5.46678E+21,1.1457E+16,4.93276E+16
95161,9.17102E+18,9,3,75,180,2017,10,15,6,3,2,6,0,1,0,0,0,0,0,7.2422E+20,5.4292E+21,1.20642E+16,4.8975E+16
95162,9.17102E+18,9,3,72,116,2017,10,10,6,3,2,6,0,1,0,0,0,0,0,7.66721E+20,5.45632E+21,1.26618E+16,4.92016E+16
95163,9.17102E+18,9,3,72,175,2017,10,12,6,3,9,2,0,1,0,0,0,0,0,7.67187E+20,5.46109E+21,1.26713E+16,4.92442E+16
95164,9.17102E+18,9,3,71,121,2017,10,18,6,2,5,3,0,1,0,0,0,2,1,7.09802E+20,5.50089E+21,1.19051E+16,4.96241E+16
95165,9.17102E+18,9,3,71,150,2017,10,21,6,3,9,1,0,0,0,0,1,2,1,7.15899E+20,5.49208E+21,1.19845E+16,4.95428E+16
95166,9.17102E+18,9,2,71,119,2017,10,12,6,3,2,6,0,1,0,0,1,0,0,7.92819E+20,5.41284E+21,1.29879E+16,4.87995E+16
95167,9.17102E+18,9,2,71,119,2017,10,14,6,3,4,6,0,1,0,1,0,0,0,7.92509E+20,5.41336E+21,1.2984E+16,4.88043E+16
95168,9.17102E+18,9,2,71,119,2017,10,7,6,2,5,3,0,1,0,0,0,0,1,7.86301E+20,5.41457E+21,1.29005E+16,4.8818E+16
95169,9.17102E+18,9,2,75,128,2017,10,16,6,3,4,6,0,1,0,1,0,0,0,8.28842E+20,5.40561E+21,1.34712E+16,4.87167E+16
95170,9.17102E+18,9,2,75,146,2017,10,11,6,2,5,3,0,1,0,0,0,0,0,8.30048E+20,5.39506E+21,1.34791E+16,4.86214E+16
95171,9.17102E+18,9,1,75,122,2017,10,6,5,3,5,3,0,1,0,1,0,2,0,7.2075E+20,5.32527E+21,1.19619E+16,4.80425E+16
95172,9.17102E+18,9,1,75,124,2017,10,15,5,3,6,4,0,1,1,0,0,0,0,7.12912E+20,5.32936E+21,1.18589E+16,4.80819E+16
95173,9.17102E+18,9,2,75,122,2017,10,7,6,3,9,6,0,1,0,0,0,0,1,8.15759E+20,5.38724E+21,1.32798E+16,4.85586E+16
95174,9.17102E+18,9,2,62,0,2017,10,13,6,3,5,3,0,1,0,1,0,0,0,8.30149E+20,5.39184E+21,1.34779E+16,4.85924E+16
95175,9.17102E+18,9,2,75,141,2017,10,7,6,3,5,2,0,1,0,0,0,1,0,8.20203E+20,5.37022E+21,1.33269E+16,4.84037E+16
95176,9.17102E+18,9,2,72,128,2017,10,13,6,3,1,6,0,1,0,0,0,0,0,8.15724E+20,5.42011E+21,1.33045E+16,4.88535E+16
95177,9.17102E+18,9,2,77,131,2017,10,9,6,3,1,6,0,1,0,0,0,0,0,7.7638E+20,5.3792E+21,1.2742E+16,4.8505E+16
95178,9.17102E+18,9,2,77,119,2017,10,9,6,2,8,1,0,0,0,0,1,0,0,7.74063E+20,5.37207E+21,1.27061E+16,4.8442E+16
95179,9.17102E+18,9,2,61,0,2017,10,13,6,2,8,1,0,0,0,0,1,0,0,7.25675E+20,5.37804E+21,1.2056E+16,4.85149E+16
95180,9.17102E+18,9,1,75,124,2017,10,21,5,3,4,6,0,1,0,0,1,2,0,7.16859E+20,5.32822E+21,1.19112E+16,4.80703E+16
95181,9.17102E+18,9,2,74,114,2017,10,14,6,2,4,2,0,1,0,1,0,0,0,7.34628E+20,5.37115E+21,1.21732E+16,4.84497E+16
95182,9.17102E+18,9,2,74,185,2017,10,16,6,2,2,2,0,1,0,0,0,0,0,7.3155E+20,5.36785E+21,1.21298E+16,4.84212E+16
95183,9.17102E+18,9,1,62,0,2017,10,7,4,3,6,3,0,1,1,0,0,0,0,6.96109E+20,5.3338E+21,1.16355E+16,4.81272E+16
95184,9.17102E+18,9,2,74,182,2017,10,15,6,2,0,1,0,1,0,0,0,0,0,7.3001E+20,5.3786E+21,1.21149E+16,4.85183E+16
95185,9.17102E+18,9,2,74,128,2017,10,13,6,2,2,6,0,1,0,0,0,0,0,7.36588E+20,5.38887E+21,1.22097E+16,4.86081E+16
95186,9.17102E+18,9,2,74,128,2017,10,11,6,2,2,6,0,1,0,0,0,0,0,7.35161E+20,5.38656E+21,1.21891E+16,4.8588E+16
95187,9.17102E+18,9,2,61,0,2017,10,17,6,3,0,2,0,1,0,1,0,0,0,7.33034E+20,5.3821E+21,1.21578E+16,4.85487E+16
95188,9.17102E+18,9,2,61,0,2017,10,16,6,3,2,6,0,1,0,0,0,0,0,7.32126E+20,5.37997E+21,1.21443E+16,4.85299E+16
95189,9.17102E+18,9,2,74,188,2017,10,12,6,2,8,1,0,1,0,0,0,0,0,7.47495E+20,5.39594E+21,1.23617E+16,4.86674E+16
95190,9.17102E+18,9,2,79,127,2017,10,6,6,3,0,1,0,0,0,1,0,1,1,7.50791E+20,5.40079E+21,1.24093E+16,4.87096E+16
95191,9.17102E+18,9,1,90,153,2017,10,19,6,3,4,2,0,1,0,1,0,2,0,6.7589E+20,5.28871E+21,1.13457E+16,4.77278E+16
95192,9.17102E+18,9,1,73,133,2017,10,15,6,2,8,7,1,0,0,0,0,0,0,6.76666E+20,5.27809E+21,1.13517E+16,4.76321E+16
95193,9.17102E+18,9,1,73,133,2017,10,14,6,2,8,1,0,0,0,1,0,0,0,6.76732E+20,5.27807E+21,1.13526E+16,4.76319E+16
95194,9.17102E+18,9,1,73,111,2017,10,11,6,2,7,1,1,0,0,0,0,0,0,6.82452E+20,5.29144E+21,1.14342E+16,4.77505E+16
95195,9.17102E+18,9,1,83,119,2017,10,6,6,3,2,6,0,1,0,0,0,2,0,7.32268E+20,5.33921E+21,1.21238E+16,4.81636E+16
95196,9.17102E+18,9,1,89,114,2017,10,10,6,3,4,2,1,1,0,0,0,0,0,7.60807E+20,5.31436E+21,1.24917E+16,4.79295E+16
95197,9.17102E+18,9,1,83,143,2017,10,16,6,3,3,2,0,1,0,1,0,0,0,7.56055E+20,5.36032E+21,1.24559E+16,4.83441E+16
95198,9.17102E+18,9,1,89,159,2017,10,9,6,3,2,6,0,1,0,0,0,0,0,7.61054E+20,5.30408E+21,1.24888E+16,4.78371E+16
95199,9.17102E+18,9,1,72,114,2017,10,11,6,2,5,3,1,1,0,0,0,0,0,7.90504E+20,5.29258E+21,1.28738E+16,4.77212E+16
95200,9.17102E+18,9,1,87,159,2017,10,15,6,2,2,2,1,1,0,0,0,0,0,7.30893E+20,5.32354E+21,1.20968E+16,4.80234E+16
95201,9.17102E+18,9,1,87,182,2017,10,12,6,3,5,3,0,1,0,0,0,0,0,7.38457E+20,5.32829E+21,1.22008E+16,4.80633E+16
95202,9.17102E+18,9,1,87,182,2017,10,12,6,3,2,6,0,1,0,0,0,0,0,7.36496E+20,5.32799E+21,1.21743E+16,4.80613E+16
95203,9.17102E+18,9,1,63,0,2017,10,16,6,3,5,3,1,1,0,0,0,0,0,7.3388E+20,5.30487E+21,1.21267E+16,4.78546E+16
95204,9.17102E+18,9,1,63,0,2017,10,13,6,2,5,3,1,1,0,0,0,0,0,7.32714E+20,5.30737E+21,1.21125E+16,4.78774E+16
95205,9.17102E+18,9,1,82,137,2017,10,15,6,3,8,1,1,0,0,0,0,0,0,7.10307E+20,5.30193E+21,1.18105E+16,4.78363E+16
95206,9.17102E+18,9,1,82,116,2017,10,15,6,3,2,6,0,1,0,0,0,0,0,7.04114E+20,5.29425E+21,1.17242E+16,4.77693E+16
95207,9.17102E+18,9,1,82,116,2017,10,17,6,3,5,6,0,1,0,1,0,0,0,7.05938E+20,5.2893E+21,1.17462E+16,4.77242E+16
95208,9.17102E+18,9,1,61,0,2017,10,17,6,3,4,7,0,1,0,0,0,1,0,6.79388E+20,5.40502E+21,1.14416E+16,4.87723E+16
95209,9.17102E+18,9,1,61,0,2017,10,18,6,3,5,2,0,1,0,0,0,2,0,6.79269E+20,5.40105E+21,1.14382E+16,4.87366E+16
95210,9.17102E+18,9,1,62,0,2017,10,19,4,3,1,6,0,1,0,0,0,2,0,6.92162E+20,5.33931E+21,1.15851E+16,4.8178E+16
95211,9.17102E+18,9,1,88,121,2017,10,13,6,3,2,6,0,1,0,0,0,0,0,6.74416E+20,5.33086E+21,1.13431E+16,4.81071E+16
95212,9.17102E+18,9,1,74,131,2017,10,12,6,3,2,6,0,1,0,0,0,0,0,6.76351E+20,5.35855E+21,1.13806E+16,4.83555E+16
95213,9.17102E+18,9,1,79,142,2017,10,11,6,3,2,6,0,1,0,0,0,0,0,6.70852E+20,5.34116E+21,1.12994E+16,4.82007E+16
95214,9.17102E+18,9,1,81,145,2017,10,10,6,3,2,6,0,1,0,0,0,0,0,6.47631E+20,5.33074E+21,1.09835E+16,4.81128E+16
95215,9.17102E+18,9,1,62,0,2017,10,16,4,2,3,7,0,1,0,1,0,0,0,6.84289E+20,5.33541E+21,1.14776E+16,4.81452E+16
95216,9.17102E+18,9,1,74,115,2017,10,13,6,3,0,1,0,1,0,0,0,0,0,6.80709E+20,5.34846E+21,1.1435E+16,4.82636E+16
95217,9.17102E+18,9,1,74,115,2017,10,10,6,3,0,1,1,0,0,0,0,0,0,6.80387E+20,5.34828E+21,1.14306E+16,4.8262E+16
95218,9.17102E+18,9,1,84,132,2017,10,7,4,3,2,6,0,1,0,0,0,0,0,6.83754E+20,5.32948E+21,1.14678E+16,4.80921E+16
95219,9.17102E+18,9,1,74,113,2017,10,8,6,3,3,6,0,1,0,0,1,0,0,6.7442E+20,5.34494E+21,1.13489E+16,4.82337E+16
95220,9.17102E+18,9,1,78,124,2017,10,10,6,3,3,6,0,1,0,0,1,0,0,7.02569E+20,5.36009E+21,1.17348E+16,4.83614E+16
95221,9.17102E+18,9,1,75,132,2017,10,18,6,3,5,3,1,1,0,0,0,1,0,7.07244E+20,5.33027E+21,1.17833E+16,4.8092E+16
95222,9.17102E+18,9,1,75,132,2017,10,21,6,3,5,3,1,1,0,0,0,2,0,7.0637E+20,5.33235E+21,1.17726E+16,4.81109E+16
95223,9.17102E+18,9,1,78,124,2017,10,9,6,3,5,6,0,1,0,0,1,0,0,6.99865E+20,5.365E+21,1.17007E+16,4.84064E+16
95224,9.17102E+18,9,1,75,121,2017,10,15,6,2,8,1,0,0,0,1,0,0,1,7.14485E+20,5.32098E+21,1.18758E+16,4.80061E+16
95225,9.17102E+18,9,1,77,127,2017,10,15,6,2,8,7,0,0,0,1,0,0,0,7.26558E+20,5.34958E+21,1.20526E+16,4.82589E+16
95226,9.17102E+18,9,1,62,0,2017,10,15,4,3,5,2,1,1,0,0,0,0,0,6.9703E+20,5.33041E+21,1.16463E+16,4.80965E+16
95227,9.17102E+18,9,1,77,139,2017,10,13,6,3,5,3,0,1,0,0,0,0,0,7.31974E+20,5.35842E+21,1.21303E+16,4.83364E+16
95228,9.17102E+18,9,1,77,137,2017,10,11,6,3,5,3,0,1,0,0,1,0,0,7.35259E+20,5.34458E+21,1.21669E+16,4.82108E+16
95229,9.17102E+18,9,1,77,127,2017,10,6,6,3,2,6,0,1,0,0,0,0,0,7.26895E+20,5.34899E+21,1.20568E+16,4.82535E+16
95230,9.17102E+18,9,1,62,0,2017,10,12,5,3,1,6,0,1,0,0,0,0,0,6.93235E+20,5.33754E+21,1.15987E+16,4.81617E+16
95231,9.17102E+18,9,1,84,145,2017,10,13,5,2,4,2,0,1,0,0,1,0,0,6.99238E+20,5.32481E+21,1.16734E+16,4.80454E+16
95232,9.17102E+18,9,1,62,0,2017,10,14,5,3,5,2,1,0,0,0,1,0,0,6.92192E+20,5.34294E+21,1.15871E+16,4.82105E+16
95233,9.17102E+18,9,1,62,0,2017,10,22,5,2,5,3,1,1,0,0,0,2,0,6.92033E+20,5.34128E+21,1.15842E+16,4.81957E+16
95234,9.17102E+18,9,1,62,0,2017,10,18,5,3,2,6,0,1,0,0,0,0,0,6.96343E+20,5.33145E+21,1.16376E+16,4.8106E+16
95235,9.17102E+18,9,7,78,205,2017,10,19,5,3,6,6,0,1,1,0,0,2,0,5.94596E+20,5.31698E+21,1.02681E+16,4.79991E+16
95236,9.17102E+18,9,7,80,124,2017,10,6,5,3,2,6,0,1,0,0,1,2,1,5.94E+20,5.26784E+21,1.02495E+16,4.75572E+16
95237,9.17102E+18,9,7,62,0,2017,10,7,5,3,4,2,0,1,0,1,0,0,0,6.22171E+20,5.30471E+21,1.06341E+16,4.78841E+16
95238,9.17102E+18,9,7,77,128,2017,10,14,5,3,8,1,0,1,0,0,0,0,0,6.16859E+20,5.30346E+21,1.05628E+16,4.78738E+16
95239,9.17102E+18,9,7,80,115,2017,10,6,5,2,4,6,1,0,0,0,0,2,0,5.93675E+20,5.26712E+21,1.0245E+16,4.75508E+16
95240,9.17102E+18,9,7,80,124,2017,10,17,5,3,5,3,0,1,0,1,0,0,0,5.91153E+20,5.26811E+21,1.02117E+16,4.756E+16
95241,9.17102E+18,9,7,79,194,2017,10,19,5,3,5,3,0,1,0,0,0,2,0,6.07584E+20,5.41227E+21,1.04666E+16,4.8854E+16
95242,9.17102E+18,9,7,61,0,2017,10,8,5,3,2,1,0,1,0,0,0,0,0,6.41629E+20,5.35868E+21,1.09122E+16,4.83654E+16
95243,9.17102E+18,9,6,75,142,2017,10,9,5,3,3,6,0,1,0,0,1,0,0,5.92784E+20,5.51521E+21,1.02889E+16,4.97822E+16
95244,9.17102E+18,9,6,79,128,2017,10,17,5,2,5,2,0,1,0,0,0,0,0,5.61517E+20,5.52222E+21,9.85571E+15,4.98493E+16
95245,9.17102E+18,9,1,84,145,2017,10,12,4,3,1,6,0,1,0,0,1,0,0,6.99046E+20,5.32534E+21,1.1671E+16,4.80503E+16
95246,9.17102E+18,9,7,75,143,2017,10,13,4,2,0,1,1,0,0,0,0,0,0,5.88346E+20,5.35668E+21,1.01926E+16,4.83571E+16
95247,9.17102E+18,9,6,79,202,2017,10,16,5,3,2,6,0,1,0,0,0,0,0,5.63201E+20,5.51928E+21,9.87865E+15,4.98226E+16
95248,9.17102E+18,9,6,63,0,2017,10,13,5,2,4,7,1,0,0,0,0,0,0,5.66003E+20,5.51651E+21,9.91713E+15,4.97974E+16
95249,9.17102E+18,9,7,75,135,2017,10,14,4,2,5,3,0,1,0,0,0,0,0,5.78762E+20,5.3548E+21,1.00629E+16,4.83414E+16
95250,9.17102E+18,9,6,63,0,2017,10,9,5,3,1,6,1,0,0,0,1,0,0,5.65687E+20,5.51619E+21,9.91268E+15,4.97945E+16
95251,9.17102E+18,9,7,80,114,2017,10,13,4,3,4,2,0,1,0,0,0,0,0,6.02694E+20,5.28593E+21,1.03693E+16,4.77185E+16
95252,9.17102E+18,9,6,75,144,2017,10,7,5,3,2,6,0,1,0,1,0,1,1,5.87237E+20,5.50798E+21,1.02102E+16,4.9718E+16
95253,9.17102E+18,9,6,77,114,2017,10,6,5,3,1,6,0,1,0,0,0,2,1,5.68292E+20,5.53662E+21,9.95247E+15,4.9978E+16
95254,9.17102E+18,9,7,80,143,2017,10,8,4,2,8,6,0,0,1,1,1,0,0,5.96085E+20,5.28261E+21,1.02804E+16,4.76898E+16
95255,9.17102E+18,9,6,73,171,2017,10,8,5,3,0,7,0,1,0,0,1,0,0,5.89315E+20,5.57E+21,1.02534E+16,5.02754E+16
95256,9.17102E+18,9,6,73,162,2017,10,15,5,3,1,3,1,1,0,0,0,0,0,5.71456E+20,5.57823E+21,1.00044E+16,5.03518E+16
95257,9.17102E+18,9,6,73,141,2017,10,6,5,3,2,2,0,1,0,0,0,2,1,6.04709E+20,5.57002E+21,1.04694E+16,5.0273E+16
95258,9.17102E+18,9,6,78,181,2017,10,15,5,2,4,2,0,1,0,0,0,0,0,5.9674E+20,5.55987E+21,1.0355E+16,5.01831E+16
95259,9.17102E+18,9,6,62,0,2017,10,15,5,3,0,7,1,0,0,0,0,0,0,5.88736E+20,5.54397E+21,1.02393E+16,5.00414E+16
95260,9.17102E+18,9,6,61,0,2017,10,6,5,1,7,6,0,1,0,0,1,2,0,5.083E+20,5.53799E+21,9.1158E+15,4.99942E+16
95261,9.17102E+18,9,6,61,0,2017,10,10,5,3,0,7,0,0,0,0,1,0,0,5.1079E+20,5.5355E+21,9.15047E+15,4.99718E+16
95262,9.17102E+18,9,6,71,121,2017,10,11,5,3,4,2,0,1,0,0,0,0,0,5.12998E+20,5.538E+21,9.18135E+15,4.99942E+16
95263,9.17102E+18,9,6,61,0,2017,10,9,5,2,0,7,0,1,0,0,0,0,0,5.07396E+20,5.53769E+21,9.10318E+15,4.99915E+16
95264,9.17102E+18,9,6,61,0,2017,10,16,5,3,3,6,0,1,0,0,0,0,0,5.10988E+20,5.53606E+21,9.15325E+15,4.99768E+16
95265,9.17102E+18,9,5,72,121,2017,10,17,5,2,2,2,1,0,0,1,0,1,0,6.55163E+20,5.49503E+21,1.11468E+16,4.95879E+16
95266,9.17102E+18,9,5,65,0,2017,10,9,5,2,4,6,0,1,0,0,0,0,0,6.47143E+20,5.46599E+21,1.10252E+16,4.93289E+16
95267,9.17102E+18,9,5,63,0,2017,10,18,5,3,3,6,0,1,0,0,1,2,0,6.43991E+20,5.48173E+21,1.09875E+16,4.94711E+16
95268,9.17102E+18,9,5,64,0,2017,10,16,5,3,5,2,1,1,0,0,0,0,0,6.48969E+20,5.47896E+21,1.10551E+16,4.9445E+16
95269,9.17102E+18,9,7,63,0,2017,10,18,4,3,2,6,0,1,0,0,0,1,0,5.98027E+20,5.28817E+21,1.03076E+16,4.77394E+16
95270,9.17102E+18,9,7,80,133,2017,10,14,4,3,3,6,1,1,0,0,0,0,0,5.97732E+20,5.25622E+21,1.02965E+16,4.74521E+16
95271,9.17103E+18,9,7,78,168,2017,10,12,5,3,5,3,0,1,0,0,0,0,0,6.04154E+20,5.31145E+21,1.03949E+16,4.79479E+16
95272,9.17103E+18,9,1,78,145,2017,10,19,6,3,5,3,0,1,0,0,0,2,0,6.99427E+20,5.35489E+21,1.169E+16,4.83158E+16
95273,9.17102E+18,9,7,73,147,2017,10,19,3,3,9,1,0,0,0,0,1,2,0,6.06539E+20,5.3913E+21,1.0447E+16,4.86656E+16
95274,9.17102E+18,9,7,75,129,2017,10,16,3,3,5,3,0,1,0,1,0,0,0,5.81329E+20,5.33977E+21,1.00946E+16,4.8206E+16
95275,9.17103E+18,9,1,74,141,2017,10,14,4,3,2,6,0,1,0,0,0,0,0,6.83069E+20,5.35571E+21,1.14699E+16,4.8328E+16
95276,9.17103E+18,9,5,64,0,2017,10,8,4,3,5,3,0,1,0,1,0,0,0,6.52148E+20,5.47752E+21,1.10984E+16,4.94313E+16
95277,9.17103E+18,9,6,77,203,2017,10,7,4,3,2,6,0,1,0,0,0,0,0,5.58552E+20,5.52886E+21,9.81547E+15,4.99092E+16
95278,9.17103E+18,9,1,75,139,2017,10,18,5,3,9,1,0,1,0,0,0,2,0,7.10116E+20,5.33071E+21,1.1822E+16,4.8095E+16
95279,9.17103E+18,9,1,76,129,2017,10,19,5,3,0,6,0,1,0,0,0,2,0,6.87047E+20,5.40426E+21,1.15454E+16,4.87632E+16
95280,9.17103E+18,9,1,89,155,2017,10,16,5,3,2,6,0,1,0,0,0,0,0,7.72458E+20,5.31029E+21,1.26448E+16,4.7888E+16
95281,9.17102E+18,9,7,73,112,2017,10,7,3,3,5,3,0,1,0,0,0,0,0,5.96664E+20,5.38675E+21,1.03118E+16,4.86263E+16
95282,9.17102E+18,9,7,72,151,2017,10,14,3,3,2,6,0,0,0,0,1,0,0,6.32843E+20,5.34309E+21,1.07887E+16,4.82271E+16
95283,9.17102E+18,9,7,61,0,2017,10,17,3,3,2,2,1,0,0,0,0,0,0,6.41035E+20,5.36056E+21,1.09048E+16,4.83825E+16
95284,9.17102E+18,9,7,61,0,2017,10,16,3,3,2,1,0,1,0,0,0,0,0,6.41144E+20,5.35654E+21,1.0905E+16,4.83463E+16
95285,9.17103E+18,9,7,76,118,2017,10,10,5,3,5,3,0,1,0,0,0,0,0,5.77612E+20,5.27734E+21,1.00334E+16,4.76448E+16
95286,9.17103E+18,9,1,84,137,2017,10,19,5,3,4,3,0,1,0,0,1,2,0,7.07859E+20,5.31526E+21,1.17843E+16,4.79568E+16
95287,9.17102E+18,9,6,79,196,2017,10,20,3,3,8,1,0,0,0,0,1,2,1,5.52223E+20,5.51398E+21,9.72533E+15,4.97761E+16
95288,9.17102E+18,9,6,79,146,2017,10,7,3,2,4,2,0,1,0,0,0,0,0,5.58444E+20,5.51655E+21,9.81212E+15,4.97986E+16
95289,9.17102E+18,9,6,63,0,2017,10,8,3,3,6,4,0,1,1,0,0,0,0,5.67825E+20,5.51318E+21,9.94185E+15,4.97673E+16
95290,9.17103E+18,9,3,74,156,2017,10,18,4,3,5,3,0,1,0,0,0,2,0,7.15754E+20,5.51228E+21,1.19936E+16,4.97243E+16
95291,9.17103E+18,9,4,75,154,2017,10,21,4,3,1,6,0,1,0,0,0,2,0,6.98799E+20,5.56047E+21,1.17835E+16,5.01631E+16
95292,9.17103E+18,9,5,65,0,2017,10,2,4,2,2,6,0,0,0,0,1,2,0,6.48444E+20,5.46501E+21,1.10427E+16,4.93198E+16
95293,9.17103E+18,9,7,77,151,2017,10,16,4,2,0,7,0,1,0,1,0,0,0,6.21972E+20,5.29242E+21,1.0628E+16,4.77735E+16
95294,9.17103E+18,9,1,81,118,2017,10,7,5,3,5,2,0,1,0,1,0,0,0,6.50635E+20,5.32815E+21,1.10229E+16,4.80888E+16
95295,9.17102E+18,9,6,78,193,2017,10,11,3,3,2,6,0,0,0,0,1,0,1,5.77218E+20,5.53886E+21,1.00774E+16,4.99971E+16
95296,9.17102E+18,9,6,73,141,2017,10,17,3,3,2,2,0,1,0,0,1,1,1,6.00818E+20,5.57055E+21,1.0415E+16,5.02785E+16
95297,9.17102E+18,9,6,76,145,2017,10,9,3,3,0,6,1,1,0,0,0,0,1,5.10316E+20,5.52062E+21,9.14347E+15,4.98379E+16
95298,9.17102E+18,9,6,76,139,2017,10,7,3,3,4,6,0,1,0,0,1,1,1,5.21269E+20,5.506E+21,9.29498E+15,4.97061E+16
95299,9.17103E+18,9,5,72,135,2017,10,9,4,3,9,1,0,0,0,1,0,0,1,6.46968E+20,5.48903E+21,1.10313E+16,4.9536E+16
95300,9.17103E+18,9,7,75,152,2017,10,8,4,3,2,6,0,1,0,0,0,0,0,5.77168E+20,5.3536E+21,1.00412E+16,4.83309E+16
95301,9.17103E+18,9,1,81,140,2017,10,8,5,3,5,3,0,1,0,1,0,0,0,6.43371E+20,5.32335E+21,1.09238E+16,4.80473E+16
95302,9.17103E+18,9,1,87,182,2017,10,7,5,3,1,3,0,1,0,0,0,1,0,7.36902E+20,5.32448E+21,1.21778E+16,4.80297E+16
95303,9.17103E+18,9,2,74,127,2017,10,15,5,3,5,3,0,1,0,0,1,0,0,7.35092E+20,5.39592E+21,1.21935E+16,4.8672E+16
95304,9.17103E+18,9,3,73,147,2017,10,6,5,3,2,6,0,0,0,1,1,2,0,6.78163E+20,5.4634E+21,1.14506E+16,4.92973E+16
95305,9.17102E+18,9,6,61,0,2017,10,15,3,3,2,6,0,1,0,0,0,0,0,5.08064E+20,5.53331E+21,9.11241E+15,4.99521E+16
95306,9.17102E+18,9,5,76,141,2017,10,15,3,3,1,6,0,1,0,0,0,0,0,6.48676E+20,5.44412E+21,1.10381E+16,4.91319E+16
95307,9.17102E+18,9,5,64,0,2017,10,7,3,3,0,2,0,1,0,1,0,2,1,6.50805E+20,5.48174E+21,1.10815E+16,4.94696E+16
95308,9.17102E+18,9,5,64,0,2017,10,5,3,3,2,6,0,1,0,0,0,2,1,6.47692E+20,5.47963E+21,1.10378E+16,4.94514E+16
95309,9.17102E+18,9,5,64,0,2017,10,12,3,3,6,4,0,0,1,0,1,0,1,6.49562E+20,5.48217E+21,1.10645E+16,4.94738E+16
95310,9.17102E+18,9,5,71,134,2017,10,6,3,3,2,6,0,1,0,0,1,2,0,5.87837E+20,5.46227E+21,1.02084E+16,4.93069E+16
95311,9.17103E+18,9,1,90,159,2017,10,7,4,3,5,3,0,1,0,1,0,1,0,6.62452E+20,5.30454E+21,1.11725E+16,4.78737E+16
95312,9.17103E+18,9,2,63,0,2017,10,8,4,3,0,2,1,1,0,0,0,0,0,7.61166E+20,5.42063E+21,1.25627E+16,4.88836E+16
95313,9.17103E+18,9,4,71,120,2017,10,14,4,3,4,6,0,1,0,0,0,0,1,6.25965E+20,5.52105E+21,1.07515E+16,4.98287E+16
95314,9.17103E+18,9,5,74,152,2017,10,7,4,3,4,2,0,1,0,1,0,1,0,6.61523E+20,5.48319E+21,1.12299E+16,4.94799E+16
95315,9.17103E+18,9,6,63,0,2017,10,16,4,3,0,7,0,0,0,1,0,0,0,5.67132E+20,5.51074E+21,9.93182E+15,4.97454E+16
95316,9.17102E+18,9,7,64,0,2017,10,17,3,3,2,6,0,1,0,0,0,0,0,5.86984E+20,5.31684E+21,1.01661E+16,4.7999E+16
95317,9.17103E+18,9,4,77,156,2017,10,7,4,3,8,7,0,1,0,0,0,0,0,6.80292E+20,5.56446E+21,1.15266E+16,5.02048E+16
95318,9.17103E+18,9,5,62,0,2017,10,11,4,3,0,1,0,0,0,1,0,0,1,6.44898E+20,5.49361E+21,1.10044E+16,4.95777E+16
95319,9.17103E+18,9,7,71,122,2017,10,12,4,2,9,1,0,1,0,0,0,0,0,6.52119E+20,5.3623E+21,1.10551E+16,4.83955E+16
95320,9.17103E+18,9,1,74,143,2017,10,18,5,3,2,6,0,1,0,0,0,2,0,6.7535E+20,5.3525E+21,1.13646E+16,4.83013E+16
95321,9.17103E+18,9,1,87,122,2017,10,17,5,3,2,6,0,1,0,0,0,1,0,7.19679E+20,5.30539E+21,1.19374E+16,4.78643E+16
95322,9.17103E+18,9,1,80,124,2017,10,17,5,3,5,3,0,1,0,0,0,0,0,6.64672E+20,5.28311E+21,1.11941E+16,4.76804E+16