OBJECTID,UIDENTSTLA,ULAND,UREGBEZ,UKREIS,UGEMEINDE,UJAHR,UMONAT,USTUNDE,UWOCHENTAG,UKATEGORIE,UART,UTYP1,IstRad,IstPKW,IstFuss,IstKrad,IstSonstig,LICHT,STRZUSTAND,LINREFX,LINREFY,XGCSWGS84,YGCSWGS84
95494,9.17103E+18,9,1,62,0,2017,10,9,6,3,2,6,0,1,0,0,1,0,1,6.99102E+20,5.33303E+21,1.16754E+16,4.81194E+16
95495,9.17103E+18,9,1,62,0,2017,10,13,6,3,3,6,0,1,0,0,0,1,0,6.90032E+20,5.33193E+21,1.15531E+16,4.81123E+16
95496,9.17103E+18,9,1,62,0,2017,10,12,6,3,5,2,0,1,0,0,0,0,1,6.86655E+20,5.33185E+21,1.15078E+16,4.81126E+16
95497,9.17103E+18,9,7,78,113,2017,10,3,6,1,2,6,0,1,0,0,1,2,0,6.11715E+20,5.32047E+21,1.04984E+16,4.80277E+16
95498,9.17103E+18,9,7,74,121,2017,10,20,6,3,2,6,0,1,0,0,1,2,0,5.98882E+20,5.36543E+21,1.03368E+16,4.84342E+16
95499,9.17103E+18,9,7,74,118,2017,10,18,6,3,9,7,0,1,0,0,0,2,0,5.936E+20,5.36485E+21,1.02653E+16,4.84298E+16
95500,9.17103E+18,9,7,75,135,2017,10,7,6,3,2,6,0,1,0,0,0,0,0,5.73841E+20,5.35787E+21,9.99704E+15,4.83697E+16
95501,9.17103E+18,9,7,75,152,2017,10,18,6,3,5,3,1,1,0,0,0,1,0,5.76923E+20,5.35352E+21,1.00379E+16,4.83301E+16
95502,9.17103E+18,9,7,75,135,2017,10,18,6,3,5,3,1,1,0,0,0,2,1,5.77004E+20,5.36195E+21,1.00405E+16,4.8406E+16
95503,9.17103E+18,9,7,75,135,2017,10,7,6,3,2,6,0,1,0,0,0,0,0,5.76511E+20,5.35878E+21,1.00333E+16,4.83776E+16
95504,9.17103E+18,9,7,78,150,2017,10,13,6,3,2,6,0,1,0,0,0,0,0,5.84435E+20,5.32077E+21,1.01327E+16,4.80346E+16
95505,9.17102E+18,9,1,84,147,2017,10,10,3,3,2,6,0,1,0,0,1,0,0,6.99421E+20,5.34147E+21,1.16836E+16,4.81951E+16
95506,9.17103E+18,9,7,75,152,2017,10,12,5,3,2,6,0,1,0,0,0,0,0,5.77075E+20,5.35333E+21,1.00399E+16,4.83284E+16
95507,9.17103E+18,9,1,75,127,2017,10,9,6,3,0,7,0,0,0,1,0,0,1,7.13264E+20,5.34091E+21,1.18694E+16,4.81856E+16
95508,9.17102E+18,9,7,78,173,2017,10,6,3,3,2,3,0,1,0,0,0,2,0,6.12621E+20,5.32059E+21,1.05106E+16,4.80287E+16
95509,9.17103E+18,9,1,88,120,2017,10,15,4,2,5,2,0,1,0,0,0,0,0,6.72055E+20,5.32582E+21,1.13094E+16,4.80624E+16
95510,9.17103E+18,9,1,87,137,2017,10,7,4,3,2,6,0,1,0,0,0,0,0,7.29646E+20,5.30828E+21,1.2072E+16,4.78867E+16
95511,9.17103E+18,9,2,72,141,2017,10,15,4,3,1,6,0,1,0,0,0,0,0,8.33206E+20,5.406E+21,1.35306E+16,4.87178E+16
95512,9.17103E+18,9,1,78,140,2017,10,5,5,3,8,1,0,1,0,0,1,2,0,7.06679E+20,5.36341E+21,1.17919E+16,4.839E+16
95513,9.17103E+18,9,1,61,0,2017,10,14,5,3,0,1,1,0,0,0,0,0,0,6.76488E+20,5.40779E+21,1.14033E+16,4.8798E+16
95514,9.17103E+18,9,1,83,126,2017,10,6,5,3,5,3,0,1,0,0,0,0,0,7.30783E+20,5.3385E+21,1.21034E+16,4.81579E+16
95515,9.17103E+18,9,7,74,119,2017,10,12,6,2,0,3,0,1,0,0,0,0,1,5.8703E+20,5.36379E+21,1.01763E+16,4.84212E+16
95516,9.17103E+18,9,2,75,154,2017,10,8,5,3,5,3,0,1,0,0,0,0,0,8.08355E+20,5.39391E+21,1.31847E+16,4.86221E+16
95517,9.17103E+18,9,7,80,143,2017,10,10,6,3,1,6,0,1,0,0,0,0,1,5.97955E+20,5.2817E+21,1.03051E+16,4.76813E+16
95518,9.17103E+18,9,5,77,177,2017,10,7,5,3,6,4,0,1,1,0,0,0,0,6.44388E+20,5.43287E+21,1.09754E+16,4.90318E+16
95519,9.17103E+18,9,7,77,130,2017,10,21,6,2,5,3,0,1,0,0,0,2,0,6.24604E+20,5.30894E+21,1.06679E+16,4.79217E+16
95520,9.17103E+18,9,6,63,0,2017,10,14,5,3,5,3,0,1,0,0,0,0,0,5.69165E+20,5.51761E+21,9.96125E+15,4.98069E+16
95521,9.17102E+18,9,1,62,0,2017,10,16,3,3,2,6,0,1,0,0,0,0,0,6.94248E+20,5.3407E+21,1.16137E+16,4.81898E+16
95522,9.17103E+18,9,7,73,144,2017,10,18,6,3,2,6,0,1,0,0,0,2,0,6.07534E+20,5.38131E+21,1.04579E+16,4.85756E+16
95523,9.17103E+18,9,7,73,117,2017,10,14,6,2,4,2,0,1,0,1,0,0,0,6.18527E+20,5.39736E+21,1.06114E+16,4.8718E+16
95524,9.17103E+18,9,2,75,124,2017,10,15,4,2,5,3,1,1,0,0,0,0,0,8.12412E+20,5.37699E+21,1.32269E+16,4.84684E+16
95525,9.17103E+18,9,3,77,127,2017,10,17,4,2,9,1,0,1,0,0,0,0,1,7.04282E+20,5.53186E+21,1.1845E+16,4.99042E+16
95526,9.17103E+18,9,5,61,0,2017,10,15,4,3,2,6,0,1,0,0,0,0,0,6.1524E+20,5.45894E+21,1.05842E+16,4.92724E+16
95527,9.17102E+18,9,1,75,127,2017,10,18,3,3,5,3,0,1,0,0,1,1,0,7.10809E+20,5.34203E+21,1.18369E+16,4.81964E+16
95528,9.17102E+18,9,1,78,156,2017,10,18,3,3,5,3,0,1,0,0,0,2,0,7.01688E+20,5.37305E+21,1.17292E+16,4.84782E+16
95529,9.17103E+18,9,7,73,183,2017,10,7,6,3,4,2,0,1,0,0,0,1,0,6.03828E+20,5.38709E+21,1.04091E+16,4.86282E+16
95530,9.17103E+18,9,2,71,141,2017,10,14,5,3,5,3,0,1,0,0,0,0,0,7.95937E+20,5.40097E+21,1.30217E+16,4.86915E+16
95531,9.17103E+18,9,5,64,0,2017,10,15,5,3,5,1,1,1,0,0,0,0,0,6.48765E+20,5.47003E+21,1.1049E+16,4.93648E+16
95532,9.17103E+18,9,7,61,0,2017,10,13,5,2,0,1,1,0,0,0,0,0,0,6.42652E+20,5.35895E+21,1.09261E+16,4.83676E+16
95533,9.17103E+18,9,7,72,147,2017,10,12,6,3,2,6,0,1,0,0,1,0,0,6.38587E+20,5.36411E+21,1.08729E+16,4.84148E+16
95534,9.17103E+18,9,7,72,159,2017,10,14,6,3,0,7,0,1,0,0,0,0,0,6.22153E+20,5.36177E+21,1.06503E+16,4.83972E+16
95535,9.17103E+18,9,7,72,177,2017,10,17,6,3,2,1,1,0,0,0,0,1,0,6.36941E+20,5.37822E+21,1.08553E+16,4.85421E+16
95536,9.17103E+18,9,7,72,171,2017,10,13,6,3,9,1,0,1,0,0,0,0,0,6.37187E+20,5.37384E+21,1.08572E+16,4.85027E+16
95537,9.17103E+18,9,7,71,130,2017,10,12,6,3,9,1,0,1,0,0,0,0,1,6.51712E+20,5.35329E+21,1.10463E+16,4.83146E+16
95538,9.17103E+18,9,7,72,125,2017,10,15,6,3,4,6,0,1,0,0,0,0,0,6.27351E+20,5.34583E+21,1.07156E+16,4.82529E+16
95539,9.17103E+18,9,7,61,0,2017,10,14,6,3,1,6,0,1,0,0,0,0,0,6.39548E+20,5.35249E+21,1.08821E+16,4.83102E+16
95540,9.17103E+18,9,7,71,156,2017,10,8,6,3,5,3,0,1,0,0,0,0,0,6.55939E+20,5.37882E+21,1.11128E+16,4.85431E+16
95541,9.17103E+18,9,6,79,175,2017,10,10,6,3,2,6,0,1,0,0,1,0,0,5.6985E+20,5.5128E+21,9.96991E+15,4.97636E+16
95542,9.17103E+18,9,6,77,157,2017,10,8,6,3,2,6,0,1,0,0,0,0,1,5.43158E+20,5.52243E+21,9.60038E+15,4.98527E+16
95543,9.17103E+18,9,6,75,174,2017,10,16,6,3,4,7,0,1,0,1,0,0,0,5.89239E+20,5.52458E+21,1.02418E+16,4.9867E+16
95544,9.17103E+18,9,6,75,147,2017,10,14,6,3,5,1,0,1,0,0,0,0,1,5.8295E+20,5.50364E+21,1.01498E+16,4.96795E+16
95545,9.17103E+18,9,6,74,195,2017,10,7,6,2,3,1,0,1,0,0,0,2,1,6.1334E+20,5.53702E+21,1.05807E+16,4.99748E+16
95546,9.17103E+18,9,6,74,133,2017,10,13,6,2,0,1,0,1,0,1,0,0,1,6.19417E+20,5.53681E+21,1.06653E+16,4.99716E+16
95547,9.17103E+18,9,7,76,122,2017,10,15,5,2,5,2,1,0,0,0,1,0,0,5.62847E+20,5.27582E+21,9.83658E+15,4.76327E+16
95548,9.17103E+18,9,1,62,0,2017,10,8,5,3,5,3,1,1,0,0,0,0,0,6.92091E+20,5.34187E+21,1.15853E+16,4.8201E+16
95549,9.17102E+18,9,1,75,124,2017,10,8,3,3,2,6,0,1,0,0,0,0,1,7.15461E+20,5.32855E+21,1.18926E+16,4.80738E+16
95550,9.17103E+18,9,1,78,113,2017,10,17,4,3,2,6,0,1,0,0,0,0,0,6.91558E+20,5.36703E+21,1.15895E+16,4.84273E+16
95551,9.17103E+18,9,1,86,137,2017,10,6,4,3,5,3,0,1,0,0,0,2,0,6.87624E+20,5.40032E+21,1.15514E+16,4.87276E+16
95552,9.17102E+18,9,1,75,123,2017,10,0,3,3,7,1,0,1,0,0,0,2,1,7.23961E+20,5.33732E+21,1.20112E+16,4.81497E+16
95553,9.17103E+18,9,1,78,136,2017,10,6,6,3,0,1,1,0,0,0,0,2,0,6.96437E+20,5.37057E+21,1.16571E+16,4.84576E+16
95554,9.17102E+18,9,7,80,119,2017,10,16,3,3,8,1,0,0,0,1,0,0,0,5.98352E+20,5.29417E+21,1.03133E+16,4.77934E+16
95555,9.17103E+18,9,1,78,150,2017,10,19,4,3,7,6,0,1,0,0,0,2,0,6.91092E+20,5.372E+21,1.15855E+16,4.84721E+16
95556,9.17103E+18,9,1,61,0,2017,10,6,4,3,3,6,0,1,0,0,1,2,0,6.81909E+20,5.40025E+21,1.14737E+16,4.87287E+16
95557,9.17103E+18,9,1,90,142,2017,10,22,4,2,4,2,0,1,0,0,0,2,0,6.58625E+20,5.29621E+21,1.11183E+16,4.77997E+16
95558,9.17103E+18,9,3,61,0,2017,10,11,4,3,1,6,0,1,0,0,0,0,0,7.07577E+20,5.4808E+21,1.18637E+16,4.94444E+16
95559,9.17103E+18,9,1,82,116,2017,10,17,5,3,2,6,0,1,0,0,0,0,0,7.0519E+20,5.2926E+21,1.17378E+16,4.77541E+16
95560,9.17103E+18,9,1,78,155,2017,10,1,5,3,3,6,0,1,0,0,1,2,0,7.21326E+20,5.37451E+21,1.19953E+16,4.84847E+16
95561,9.17103E+18,9,3,77,157,2017,10,15,5,3,9,1,0,1,0,0,0,1,0,7.22823E+20,5.53748E+21,1.21061E+16,4.99481E+16
95562,9.17103E+18,9,6,74,180,2017,10,21,6,3,5,3,0,1,0,0,0,2,0,6.03792E+20,5.54157E+21,1.04488E+16,5.00174E+16
95563,9.17103E+18,9,6,78,123,2017,10,20,5,2,3,2,0,1,0,1,0,2,0,5.87201E+20,5.54846E+21,1.02188E+16,5.0082E+16
95564,9.17103E+18,9,6,72,127,2017,10,10,6,3,2,2,0,1,0,0,0,0,0,5.64631E+20,5.54925E+21,9.90356E+15,5.0092E+16
95565,9.17103E+18,9,7,79,194,2017,10,3,5,3,4,6,0,0,0,0,1,2,0,6.0993E+20,5.41381E+21,1.0499E+16,4.88675E+16
95566,9.17103E+18,9,6,73,141,2017,10,17,6,3,0,1,0,1,0,0,0,0,0,6.07021E+20,5.56923E+21,1.05016E+16,5.02655E+16
95567,9.17103E+18,9,6,72,140,2017,10,17,6,2,8,1,0,1,0,0,0,0,0,5.79822E+20,5.5566E+21,1.01174E+16,5.01563E+16
95568,9.17103E+18,9,6,76,145,2017,10,9,6,3,5,3,0,1,0,0,1,0,0,5.10435E+20,5.52061E+21,9.14511E+15,4.98378E+16
95569,9.17103E+18,9,6,76,122,2017,10,16,6,2,4,2,0,1,0,1,0,0,0,5.11164E+20,5.51893E+21,9.15521E+15,4.98227E+16
95570,9.17103E+18,9,6,76,121,2017,10,11,6,2,0,6,0,0,0,1,0,0,1,5.11361E+20,5.52047E+21,9.158E+15,4.98365E+16
95571,9.17103E+18,9,6,76,125,2017,10,15,6,3,5,3,0,1,0,0,0,0,0,5.15628E+20,5.50852E+21,9.21684E+15,4.97289E+16
95572,9.17103E+18,9,6,76,139,2017,10,12,6,3,2,6,0,1,0,0,0,0,0,5.17946E+20,5.50595E+21,9.2489E+15,4.97058E+16
95573,9.17103E+18,9,6,76,132,2017,10,5,6,3,0,6,0,1,0,0,1,2,1,5.14611E+20,5.5078E+21,9.20271E+15,4.97226E+16
95574,9.17103E+18,9,6,61,0,2017,10,9,6,3,2,6,0,1,0,0,0,0,0,5.09395E+20,5.53554E+21,9.13102E+15,4.99721E+16
95575,9.17103E+18,9,6,71,143,2017,10,17,6,3,1,6,0,1,0,0,0,0,0,5.11244E+20,5.54769E+21,9.15716E+15,5.00814E+16
95576,9.17103E+18,9,5,72,444,2017,10,10,6,3,3,1,0,1,0,0,1,0,1,6.46914E+20,5.48929E+21,1.10306E+16,4.95383E+16
95577,9.17103E+18,9,5,63,0,2017,10,7,6,3,2,6,0,1,0,0,1,0,1,6.45091E+20,5.48344E+21,1.10033E+16,4.94862E+16
95578,9.17103E+18,9,5,62,0,2017,10,13,6,3,2,6,0,1,0,0,0,0,1,6.39584E+20,5.49344E+21,1.09309E+16,4.95774E+16
95579,9.17103E+18,9,5,74,164,2017,10,13,6,3,2,6,0,1,0,0,0,0,0,6.6643E+20,5.47529E+21,1.12943E+16,4.94075E+16
95580,9.17103E+18,9,5,74,123,2017,10,7,6,3,2,6,0,1,0,0,1,1,1,6.59044E+20,5.47358E+21,1.11919E+16,4.93941E+16
95581,9.17103E+18,9,5,74,164,2017,10,13,6,3,2,6,0,1,0,0,0,0,0,6.65696E+20,5.47614E+21,1.12845E+16,4.94153E+16
95582,9.17103E+18,9,5,74,112,2017,10,9,6,3,3,1,0,1,0,0,1,0,1,6.7176E+20,5.47212E+21,1.13663E+16,4.93776E+16
95583,9.17103E+18,9,5,72,126,2017,10,19,6,3,7,7,0,0,0,1,1,2,1,6.32739E+20,5.50643E+21,1.08406E+16,4.96957E+16
95584,9.17103E+18,9,1,84,138,2017,10,14,5,3,5,3,0,1,0,1,0,0,0,6.80414E+20,5.33056E+21,1.14235E+16,4.81027E+16
95585,9.17102E+18,9,1,62,0,2017,10,9,2,3,3,6,0,1,0,0,1,0,0,6.8786E+20,5.3316E+21,1.15238E+16,4.81099E+16
95586,9.17102E+18,9,1,62,0,2017,10,23,2,3,5,3,0,1,0,0,0,2,1,6.91759E+20,5.33192E+21,1.15763E+16,4.81116E+16
95587,9.17103E+18,9,5,62,0,2017,10,7,6,3,3,2,1,0,0,0,1,1,1,6.44893E+20,5.49542E+21,1.1005E+16,4.9594E+16
95588,9.17103E+18,9,5,76,121,2017,10,22,6,2,4,6,0,1,0,0,0,2,0,6.49725E+20,5.44776E+21,1.10539E+16,4.91644E+16
95589,9.17103E+18,9,5,74,138,2017,10,14,6,3,2,6,0,1,0,0,0,0,0,6.64757E+20,5.48579E+21,1.12756E+16,4.95024E+16
95590,9.17103E+18,9,5,76,127,2017,10,14,6,3,4,2,0,1,0,0,0,0,0,6.59495E+20,5.4503E+21,1.11888E+16,4.91847E+16
95591,9.17103E+18,9,5,63,0,2017,10,14,6,3,2,6,0,1,0,0,0,0,0,6.44125E+20,5.48003E+21,1.09887E+16,4.94558E+16
95592,9.17103E+18,9,1,62,0,2017,10,14,5,3,2,6,0,1,0,0,0,0,0,6.93239E+20,5.33841E+21,1.15991E+16,4.81696E+16
95593,9.17102E+18,9,1,62,0,2017,10,10,3,3,5,3,0,1,0,0,0,0,0,6.93115E+20,5.33886E+21,1.15977E+16,4.81736E+16
95594,9.17103E+18,9,1,88,113,2017,10,13,4,1,8,1,0,1,0,0,0,0,0,6.75367E+20,5.31254E+21,1.13483E+16,4.79421E+16
95595,9.17103E+18,9,1,89,152,2017,10,20,4,2,5,7,0,1,0,0,1,2,0,7.82906E+20,5.32684E+21,1.27952E+16,4.80321E+16
95596,9.17103E+18,9,1,81,144,2017,10,7,5,3,2,6,0,1,0,0,1,0,0,6.54764E+20,5.31952E+21,1.10752E+16,4.80102E+16
95597,9.17103E+18,9,1,82,127,2017,10,13,5,3,5,3,1,1,0,0,0,0,0,7.00084E+20,5.30832E+21,1.1677E+16,4.7897E+16
95598,9.17103E+18,9,1,73,126,2017,10,6,5,3,5,3,0,1,0,0,0,2,0,6.84635E+20,5.30396E+21,1.14687E+16,4.78624E+16
95599,9.17103E+18,9,5,64,0,2017,10,20,6,2,6,4,0,1,1,0,0,2,0,6.59502E+20,5.4764E+21,1.11993E+16,4.94194E+16
95600,9.17103E+18,9,2,78,113,2017,10,22,5,3,8,1,0,1,0,0,0,2,0,7.68392E+20,5.4185E+21,1.26596E+16,4.88613E+16
95601,9.17103E+18,9,5,64,0,2017,10,20,6,3,4,6,0,1,0,0,0,2,0,6.48295E+20,5.47077E+21,1.10428E+16,4.93716E+16
95602,9.17103E+18,9,5,64,0,2017,10,17,5,3,0,2,1,1,0,0,0,0,0,6.524E+20,5.47124E+21,1.10995E+16,4.93748E+16
95603,9.17102E+18,9,7,75,135,2017,10,8,2,3,2,6,0,1,0,0,0,0,0,5.73897E+20,5.35779E+21,9.99778E+15,4.83689E+16
95604,9.17103E+18,9,5,64,0,2017,10,10,6,3,2,6,0,1,0,0,0,0,1,6.47198E+20,5.48714E+21,1.10338E+16,4.9519E+16
95605,9.17103E+18,9,5,64,0,2017,10,16,6,3,2,7,0,1,0,0,0,0,0,6.49762E+20,5.47682E+21,1.10653E+16,4.94256E+16
95606,9.17102E+18,9,7,63,0,2017,10,16,2,3,5,3,1,1,0,0,0,0,1,5.98157E+20,5.2877E+21,1.03092E+16,4.77352E+16
95607,9.17103E+18,9,5,64,0,2017,10,21,6,3,5,3,0,1,0,0,0,2,1,6.48975E+20,5.47895E+21,1.10552E+16,4.9445E+16
95608,9.17103E+18,9,5,75,167,2017,10,17,6,3,3,6,0,1,0,0,0,0,1,6.24149E+20,5.50276E+21,1.07204E+16,4.96646E+16
95609,9.17103E+18,9,5,71,139,2017,10,5,6,3,2,7,0,1,0,0,0,2,0,5.97448E+20,5.44099E+21,1.03354E+16,4.9114E+16
95610,9.17103E+18,9,5,75,168,2017,10,9,6,3,8,7,0,1,0,0,0,0,0,5.90135E+20,5.48917E+21,1.02461E+16,4.95484E+16
95611,9.17103E+18,9,5,75,115,2017,10,16,6,3,9,3,0,1,0,0,0,0,0,5.94554E+20,5.4793E+21,1.03048E+16,4.9459E+16
95612,9.17103E+18,9,4,75,112,2017,10,16,6,2,8,4,0,1,1,0,0,0,0,6.87437E+20,5.58233E+21,1.16355E+16,5.03631E+16
95613,9.17103E+18,9,4,75,156,2017,10,7,6,2,8,1,0,0,0,0,1,1,1,6.89313E+20,5.57531E+21,1.16583E+16,5.02995E+16
95614,9.17103E+18,9,4,75,162,2017,10,6,6,2,6,4,0,1,1,0,0,2,1,7.15687E+20,5.56966E+21,1.20249E+16,5.02397E+16
95615,9.17103E+18,9,4,75,145,2017,10,22,6,2,6,7,0,1,1,0,0,2,1,6.99361E+20,5.57503E+21,1.17991E+16,5.02936E+16
95616,9.17103E+18,9,4,78,116,2017,10,7,6,3,6,2,0,1,1,0,0,1,1,6.60844E+20,5.55634E+21,1.12508E+16,5.01374E+16
95617,9.17103E+18,9,4,72,139,2017,10,11,6,3,2,6,0,1,0,0,0,0,1,6.95762E+20,5.55278E+21,1.17371E+16,5.0095E+16
95618,9.17103E+18,9,5,63,0,2017,10,12,5,3,1,6,0,1,0,0,0,0,0,6.43898E+20,5.48097E+21,1.09859E+16,4.94643E+16
95619,9.17103E+18,9,4,62,0,2017,10,19,6,3,1,7,0,1,0,0,0,2,0,6.8663E+20,5.53393E+21,1.16004E+16,4.99286E+16
95620,9.17103E+18,9,7,61,0,2017,10,15,5,3,4,6,0,1,0,1,0,0,0,6.41392E+20,5.35751E+21,1.09086E+16,4.83549E+16
95621,9.17103E+18,9,4,62,0,2017,10,12,6,3,6,1,0,1,1,0,0,0,0,6.84515E+20,5.53526E+21,1.15716E+16,4.99412E+16
95622,9.17103E+18,9,4,74,156,2017,10,10,6,2,9,1,0,1,0,0,0,0,1,6.65776E+20,5.50823E+21,1.12991E+16,4.97037E+16
95623,9.17103E+18,9,4,71,155,2017,10,6,6,3,4,2,0,1,0,0,0,2,1,6.39899E+20,5.52979E+21,1.09483E+16,4.99041E+16
95624,9.17103E+18,9,4,61,0,2017,10,10,6,3,1,6,0,1,0,0,0,0,1,6.39733E+20,5.52574E+21,1.09445E+16,4.98677E+16
95625,9.17103E+18,9,4,61,0,2017,10,15,6,3,4,2,1,1,0,0,0,0,0,6.37367E+20,5.53065E+21,1.09133E+16,4.99125E+16
95626,9.17103E+18,9,3,63,0,2017,10,13,6,3,2,6,0,1,0,0,0,0,0,7.28935E+20,5.50842E+21,1.2174E+16,4.96848E+16
95627,9.17103E+18,9,3,74,162,2017,10,16,6,3,1,6,0,1,0,0,0,0,0,7.36479E+20,5.5064E+21,1.22772E+16,4.96637E+16
95628,9.17103E+18,9,3,74,119,2017,10,13,6,3,5,3,0,1,0,0,0,0,0,7.23569E+20,5.50133E+21,1.20957E+16,4.96231E+16
95629,9.17103E+18,9,3,77,116,2017,10,11,6,3,6,7,1,0,1,0,0,0,0,7.19095E+20,5.52525E+21,1.20472E+16,4.98395E+16
95630,9.17103E+18,9,3,74,144,2017,10,13,6,3,2,6,0,1,0,0,0,0,1,7.1898E+20,5.5104E+21,1.20373E+16,4.97063E+16
95631,9.17103E+18,9,3,73,134,2017,10,9,6,1,8,1,0,0,0,1,0,0,1,7.03804E+20,5.45032E+21,1.17962E+16,4.91718E+16
95632,9.17103E+18,9,3,75,117,2017,10,12,6,2,4,2,0,1,0,0,0,0,1,7.34848E+20,5.43245E+21,1.22111E+16,4.90002E+16
95633,9.17103E+18,9,3,75,175,2017,10,19,6,3,5,2,0,1,0,0,0,2,0,7.14337E+20,5.43558E+21,1.19327E+16,4.90358E+16
95634,9.17103E+18,9,3,75,165,2017,10,14,6,3,2,6,0,1,0,0,1,0,0,7.26207E+20,5.437E+21,1.20957E+16,4.90443E+16
95635,9.17103E+18,9,7,78,137,2017,10,7,5,3,5,3,0,1,0,0,0,1,1,6.24613E+20,5.32987E+21,1.06741E+16,4.81099E+16
95636,9.17103E+18,9,1,78,143,2017,10,14,6,3,2,6,0,1,0,0,0,0,1,7.2163E+20,5.37423E+21,1.19993E+16,4.84821E+16
95637,9.17102E+18,9,7,63,0,2017,10,7,2,2,5,3,1,1,0,0,0,2,1,5.9935E+20,5.28638E+21,1.03248E+16,4.77231E+16
95638,9.17102E+18,9,7,74,135,2017,10,8,3,2,8,1,0,1,0,0,0,0,0,5.93305E+20,5.36657E+21,1.02617E+16,4.84454E+16
95639,9.17103E+18,9,1,62,0,2017,10,16,4,3,3,6,0,1,0,0,1,0,0,6.96504E+20,5.34317E+21,1.16452E+16,4.82113E+16
95640,9.17103E+18,9,6,71,143,2017,10,11,4,3,9,1,0,1,0,0,0,0,1,5.14997E+20,5.54503E+21,9.20951E+15,5.00573E+16
95641,9.17103E+18,9,1,62,0,2017,10,10,4,3,2,6,0,1,0,0,0,0,0,6.90047E+20,5.32839E+21,1.15518E+16,4.80804E+16
95642,9.17103E+18,9,1,76,123,2017,10,7,5,3,2,6,0,1,0,0,0,0,1,6.61347E+20,5.41902E+21,1.12017E+16,4.89031E+16
95643,9.17103E+18,9,3,73,155,2017,10,17,6,2,4,6,0,1,0,0,0,1,1,6.68813E+20,5.46296E+21,1.13219E+16,4.9296E+16
95644,9.17103E+18,9,1,71,127,2017,10,18,5,3,8,1,0,1,0,0,0,2,0,7.66241E+20,5.35584E+21,1.25902E+16,4.82997E+16
95645,9.17103E+18,9,3,72,116,2017,10,14,6,3,8,1,0,1,0,0,0,0,1,7.70691E+20,5.45758E+21,1.2717E+16,4.92112E+16
95646,9.17103E+18,9,2,77,153,2017,10,14,5,3,0,6,0,1,0,0,0,0,0,7.83347E+20,5.36075E+21,1.28237E+16,4.83363E+16
95647,9.17103E+18,9,3,76,153,2017,10,10,6,3,2,6,0,1,0,0,1,0,1,7.28013E+20,5.48778E+21,1.21492E+16,4.94997E+16
95648,9.17103E+18,9,3,71,151,2017,10,14,6,3,1,6,0,1,0,0,0,0,0,7.01113E+20,5.48579E+21,1.17772E+16,4.94914E+16
95649,9.17102E+18,9,7,63,0,2017,10,10,2,3,2,6,0,1,0,0,0,0,0,5.99282E+20,5.28761E+21,1.03242E+16,4.77342E+16
95650,9.17103E+18,9,3,71,150,2017,10,14,6,3,4,2,0,1,0,0,0,0,0,7.17457E+20,5.49282E+21,1.20064E+16,4.95489E+16
95651,9.17103E+18,9,3,71,146,2017,10,6,6,3,5,2,0,1,0,0,0,2,1,7.14612E+20,5.46536E+21,1.19523E+16,4.93032E+16
95652,9.17102E+18,9,7,76,126,2017,10,5,2,2,9,1,0,1,0,0,0,2,1,5.59284E+20,5.27182E+21,9.78861E+15,4.75971E+16
95653,9.17103E+18,9,3,61,0,2017,10,8,6,2,5,2,1,1,0,0,0,1,1,7.07925E+20,5.48079E+21,1.18685E+16,4.94441E+16
95654,9.17103E+18,9,2,76,143,2017,10,20,6,3,0,1,0,1,0,0,0,2,1,7.92083E+20,5.44009E+21,1.29974E+16,4.90444E+16
95655,9.17103E+18,9,2,78,117,2017,10,15,6,3,4,6,0,1,0,0,0,0,0,7.56268E+20,5.42147E+21,1.24965E+16,4.88931E+16
95656,9.17103E+18,9,2,71,148,2017,10,12,6,3,3,6,0,1,0,0,0,0,0,7.99314E+20,5.42119E+21,1.30822E+16,4.88714E+16
95657,9.17103E+18,9,2,75,127,2017,10,10,6,3,1,2,0,1,0,0,0,0,1,8.07809E+20,5.39819E+21,1.31805E+16,4.86608E+16
95658,9.17103E+18,9,1,76,149,2017,10,6,5,3,4,6,0,1,0,0,0,2,1,6.62741E+20,5.40773E+21,1.12163E+16,4.88012E+16
95659,9.17103E+18,9,1,83,112,2017,10,6,5,3,4,6,1,0,0,0,0,2,0,7.53326E+20,5.34878E+21,1.24122E+16,4.82416E+16
95660,9.17103E+18,9,2,75,124,2017,10,15,5,3,5,3,0,1,0,0,0,0,0,8.0916E+20,5.37133E+21,1.31789E+16,4.84192E+16
95661,9.17103E+18,9,2,75,133,2017,10,15,6,3,0,6,0,1,0,0,0,0,1,8.2552E+20,5.38504E+21,1.341E+16,4.85339E+16
95662,9.17103E+18,9,4,63,0,2017,10,9,5,3,4,6,0,1,0,0,0,0,0,6.37977E+20,5.56962E+21,1.09359E+16,5.02626E+16
95663,9.17103E+18,9,2,75,132,2017,10,14,6,3,4,2,0,1,0,0,0,0,0,8.11021E+20,5.36055E+21,1.3196E+16,4.83216E+16
95664,9.17103E+18,9,6,75,117,2017,10,17,5,3,2,6,0,1,0,0,0,0,0,5.77054E+20,5.51513E+21,1.00704E+16,4.97837E+16