OBJECTID,UIDENTSTLA,ULAND,UREGBEZ,UKREIS,UGEMEINDE,UJAHR,UMONAT,USTUNDE,UWOCHENTAG,UKATEGORIE,UART,UTYP1,IstRad,IstPKW,IstFuss,IstKrad,IstSonstig,LICHT,STRZUSTAND,LINREFX,LINREFY,XGCSWGS84,YGCSWGS84
95665,9.17102E+18,9,7,77,152,2017,10,16,2,3,9,1,0,1,0,0,0,0,1,6.25489E+20,5.30343E+21,1.06781E+16,4.7872E+16
95666,9.17103E+18,9,2,79,128,2017,10,13,6,3,2,6,0,1,0,0,0,0,0,7.61688E+20,5.39698E+21,1.25547E+16,4.86709E+16
95667,9.17103E+18,9,2,61,0,2017,10,19,6,3,3,3,1,1,0,0,0,1,0,7.3444E+20,5.38196E+21,1.21767E+16,4.85469E+16
95668,9.17103E+18,9,2,61,0,2017,10,12,6,3,2,6,0,1,0,0,1,0,1,7.34934E+20,5.38111E+21,1.21829E+16,4.85391E+16
95669,9.17103E+18,9,2,73,111,2017,10,13,6,3,4,6,0,1,0,0,0,0,0,7.11053E+20,5.41353E+21,1.18764E+16,4.88389E+16
95670,9.17103E+18,9,2,73,111,2017,10,13,6,3,2,6,0,1,0,0,0,0,0,7.09414E+20,5.41137E+21,1.1853E+16,4.882E+16
95671,9.17103E+18,9,1,73,126,2017,10,11,6,3,4,2,0,1,0,0,0,0,1,6.85052E+20,5.30387E+21,1.14742E+16,4.78615E+16
95672,9.17103E+18,9,1,73,140,2017,10,21,6,2,3,6,1,1,0,0,0,2,1,6.95796E+20,5.29518E+21,1.16138E+16,4.77802E+16
95673,9.17103E+18,9,1,87,118,2017,10,15,6,3,5,1,0,1,0,0,0,0,1,7.51964E+20,5.30129E+21,1.2366E+16,4.78156E+16
95674,9.17103E+18,9,1,89,145,2017,10,22,6,3,0,1,0,1,0,0,0,2,1,7.75371E+20,5.30336E+21,1.26793E+16,4.78246E+16
95675,9.17103E+18,9,1,83,143,2017,10,10,6,3,4,2,0,1,0,0,0,0,1,7.5502E+20,5.36011E+21,1.24418E+16,4.83426E+16
95676,9.17103E+18,9,1,89,162,2017,10,21,6,3,8,1,0,1,0,0,0,2,1,7.7409E+20,5.31755E+21,1.26712E+16,4.79525E+16
95677,9.17103E+18,9,1,82,123,2017,10,17,6,3,2,6,0,1,0,0,0,0,1,7.15515E+20,5.30193E+21,1.188E+16,4.78345E+16
95678,9.17103E+18,9,1,82,137,2017,10,11,6,3,3,1,0,1,0,0,1,0,1,7.14464E+20,5.30332E+21,1.18667E+16,4.78474E+16
95679,9.17103E+18,9,1,82,123,2017,10,19,6,3,2,6,0,1,0,0,1,2,0,7.18296E+20,5.30124E+21,1.19168E+16,4.78274E+16
95680,9.17103E+18,9,1,87,134,2017,10,7,6,3,0,6,0,1,0,0,0,1,1,7.37036E+20,5.31836E+21,1.21762E+16,4.79746E+16
95681,9.17103E+18,9,1,87,126,2017,10,6,6,3,5,3,0,1,0,0,0,2,1,7.43771E+20,5.32786E+21,1.22717E+16,4.80574E+16
95682,9.17103E+18,9,1,86,147,2017,10,12,6,2,2,6,0,1,0,0,0,0,0,6.85049E+20,5.39224E+21,1.15128E+16,4.86558E+16
95683,9.17103E+18,9,7,76,117,2017,10,17,5,3,5,2,1,1,0,0,0,0,0,5.66303E+20,5.27213E+21,9.88203E+15,4.75992E+16
95684,9.17103E+18,9,1,76,167,2017,10,2,6,2,9,7,0,1,0,0,0,2,0,6.78159E+20,5.41025E+21,1.14271E+16,4.88196E+16
95685,9.17103E+18,9,1,84,129,2017,10,15,5,3,2,5,0,1,0,0,0,0,0,7.02131E+20,5.32377E+21,1.17116E+16,4.80352E+16
95686,9.17102E+18,9,7,80,124,2017,10,15,2,3,2,6,0,1,0,0,0,0,0,5.91975E+20,5.26825E+21,1.02227E+16,4.75612E+16
95687,9.17102E+18,9,7,79,115,2017,10,21,2,1,2,6,0,1,0,0,1,2,0,6.34451E+20,5.3925E+21,1.08263E+16,4.86711E+16
95688,9.17103E+18,9,4,75,120,2017,10,16,4,3,5,3,0,1,0,0,0,0,0,7.09128E+20,5.57585E+21,1.19364E+16,5.02977E+16
95689,9.17103E+18,9,5,72,135,2017,10,6,4,3,5,3,1,1,0,0,0,2,1,6.30068E+20,5.50638E+21,1.08036E+16,4.96959E+16
95690,9.17103E+18,9,7,80,124,2017,10,12,4,3,8,1,0,1,0,0,0,0,0,5.88679E+20,5.26898E+21,1.0179E+16,4.75681E+16
95691,9.17103E+18,9,1,79,121,2017,10,10,5,3,0,7,1,1,0,0,0,0,0,6.67727E+20,5.33837E+21,1.12563E+16,4.81764E+16
95692,9.17103E+18,9,1,84,135,2017,10,14,5,3,5,2,0,1,0,1,0,0,0,6.89445E+20,5.34733E+21,1.15521E+16,4.82509E+16
95693,9.17103E+18,9,1,75,115,2017,10,12,4,2,4,6,1,0,0,0,1,0,0,7.21021E+20,5.32997E+21,1.19679E+16,4.80846E+16
95694,9.17103E+18,9,1,76,138,2017,10,15,4,2,8,1,0,0,0,1,0,0,0,6.76996E+20,5.4166E+21,1.1414E+16,4.88771E+16
95695,9.17103E+18,9,1,73,112,2017,10,16,4,2,5,2,0,1,0,0,0,0,0,6.92204E+20,5.29172E+21,1.15643E+16,4.77502E+16
95696,9.17103E+18,9,7,77,112,2017,10,7,4,3,2,1,0,1,0,0,1,0,0,6.22941E+20,5.29618E+21,1.0642E+16,4.78072E+16
95697,9.17103E+18,9,1,79,126,2017,10,7,5,3,4,2,0,1,0,0,0,0,0,6.76468E+20,5.34031E+21,1.13745E+16,4.81915E+16
95698,9.17103E+18,9,1,87,167,2017,10,17,5,3,2,6,0,1,0,1,0,1,0,7.42247E+20,5.30263E+21,1.22371E+16,4.78314E+16
95699,9.17103E+18,9,1,61,0,2017,10,17,6,3,9,1,1,0,0,0,0,0,0,6.8223E+20,5.40175E+21,1.14788E+16,4.87421E+16
95700,9.17103E+18,9,2,61,0,2017,10,7,5,3,3,2,1,1,0,0,0,0,0,7.30023E+20,5.38168E+21,1.21168E+16,4.8546E+16
95701,9.17103E+18,9,1,86,130,2017,10,15,6,3,6,6,1,0,1,0,0,0,1,6.8446E+20,5.37382E+21,1.14967E+16,4.84904E+16
95702,9.17103E+18,9,2,76,148,2017,10,7,5,3,4,2,0,1,0,0,0,1,1,8.08564E+20,5.43632E+21,1.32194E+16,4.90026E+16
95703,9.17102E+18,9,7,73,116,2017,10,4,2,1,5,3,0,1,0,1,0,2,1,6.20621E+20,5.38034E+21,1.0635E+16,4.85645E+16
95704,9.17103E+18,9,1,86,152,2017,10,13,6,3,5,6,0,1,0,0,0,0,0,6.9092E+20,5.38108E+21,1.15873E+16,4.85537E+16
95705,9.17102E+18,9,7,71,156,2017,10,7,2,3,7,7,0,1,0,0,0,1,0,6.50322E+20,5.37707E+21,1.10361E+16,4.85287E+16
95706,9.17103E+18,9,1,61,0,2017,10,12,6,3,2,6,0,1,0,0,0,0,0,6.80132E+20,5.40502E+21,1.14517E+16,4.87721E+16
95707,9.17103E+18,9,1,86,113,2017,10,9,6,3,5,3,0,1,0,0,1,0,1,6.80811E+20,5.39588E+21,1.14569E+16,4.86898E+16
95708,9.17102E+18,9,6,79,144,2017,10,21,2,2,2,6,0,0,0,0,1,2,0,5.51042E+20,5.51358E+21,9.70887E+15,4.97726E+16
95709,9.17103E+18,9,1,76,123,2017,10,17,6,3,5,3,0,1,0,0,0,1,0,6.58758E+20,5.41734E+21,1.11658E+16,4.88887E+16
95710,9.17103E+18,9,1,76,138,2017,10,18,6,3,2,7,0,1,0,0,0,2,0,6.71364E+20,5.42722E+21,1.13418E+16,4.89741E+16
95711,9.17103E+18,9,1,74,113,2017,10,12,6,3,2,6,0,1,0,0,0,0,1,6.71347E+20,5.34707E+21,1.13084E+16,4.82536E+16
95712,9.17103E+18,9,1,88,139,2017,10,17,6,3,2,6,0,1,0,0,0,0,0,6.69696E+20,5.31903E+21,1.1275E+16,4.8002E+16
95713,9.17103E+18,9,1,79,134,2017,10,15,6,2,6,4,0,1,1,0,0,0,1,6.6811E+20,5.34292E+21,1.12632E+16,4.82172E+16
95714,9.17103E+18,9,1,81,130,2017,10,13,6,3,5,3,1,1,0,0,0,0,0,6.38892E+20,5.3227E+21,1.08635E+16,4.80424E+16
95715,9.17103E+18,9,1,81,121,2017,10,17,6,3,8,1,0,1,0,0,0,1,0,6.35707E+20,5.31144E+21,1.08172E+16,4.79419E+16
95716,9.17103E+18,9,1,81,145,2017,10,18,6,3,9,1,0,1,0,0,0,2,1,6.43041E+20,5.3311E+21,1.0922E+16,4.81171E+16
95717,9.17103E+18,9,1,79,123,2017,10,18,6,3,0,1,1,0,0,0,0,0,1,6.76415E+20,5.33368E+21,1.13711E+16,4.81319E+16
95718,9.17103E+18,9,1,79,121,2017,10,17,6,3,5,3,0,1,0,1,0,0,0,6.66678E+20,5.33837E+21,1.12422E+16,4.81767E+16
95719,9.17103E+18,9,1,79,130,2017,10,14,6,2,5,7,0,1,0,0,1,0,0,6.59273E+20,5.33713E+21,1.11421E+16,4.81674E+16
95720,9.17103E+18,9,1,74,115,2017,10,15,6,3,2,6,0,1,0,0,0,0,0,6.82673E+20,5.34617E+21,1.14605E+16,4.82424E+16
95721,9.17103E+18,9,1,74,131,2017,10,13,6,3,6,2,0,1,1,0,0,0,0,6.76347E+20,5.35857E+21,1.13805E+16,4.83557E+16
95722,9.17103E+18,9,1,84,121,2017,10,13,6,1,2,6,0,0,0,0,1,0,0,7.04882E+20,5.33125E+21,1.17521E+16,4.81016E+16
95723,9.17103E+18,9,7,75,162,2017,10,14,5,2,0,1,1,0,0,0,0,0,1,5.81898E+20,5.35089E+21,1.01044E+16,4.83059E+16
95724,9.17102E+18,9,6,75,141,2017,10,12,2,3,2,6,0,0,0,0,1,0,0,5.79734E+20,5.51054E+21,1.01067E+16,4.97421E+16
95725,9.17111E+18,9,2,76,138,2017,11,5,3,3,5,2,0,1,0,0,0,2,1,8.0274E+20,5.43191E+21,1.31367E+16,4.89658E+16
95726,9.1711E+18,9,2,71,151,2017,11,7,5,3,2,7,0,1,0,0,0,0,0,7.78722E+20,5.41253E+21,1.27961E+16,4.88032E+16
95727,9.1711E+18,9,2,71,146,2017,11,17,5,3,4,6,0,1,0,0,1,2,0,7.87004E+20,5.41251E+21,1.29086E+16,4.87992E+16
95728,9.1711E+18,9,2,71,153,2017,11,18,5,3,0,3,0,1,0,0,1,2,0,7.98697E+20,5.40532E+21,1.30622E+16,4.87292E+16
95729,9.1711E+18,9,2,71,119,2017,11,18,5,2,6,4,0,1,1,0,0,2,1,7.90289E+20,5.41745E+21,1.29567E+16,4.8842E+16
95730,9.1711E+18,9,2,77,149,2017,11,0,5,3,0,7,0,0,0,1,0,2,0,7.92808E+20,5.36753E+21,1.29558E+16,4.83929E+16
95731,9.1711E+18,9,2,77,149,2017,11,19,5,3,8,1,0,1,0,0,0,2,0,7.9302E+20,5.36537E+21,1.29571E+16,4.83734E+16
95732,9.1711E+18,9,2,72,147,2017,11,6,5,2,2,2,0,1,0,0,0,0,0,8.1974E+20,5.41741E+21,1.3357E+16,4.88272E+16
95733,9.1711E+18,9,2,77,134,2017,11,17,5,2,5,3,0,1,0,1,0,1,0,7.77264E+20,5.3623E+21,1.27428E+16,4.8353E+16
95734,9.17111E+18,9,2,78,151,2017,11,20,3,3,2,6,0,1,0,0,0,2,0,7.68747E+20,5.43078E+21,1.26725E+16,4.89714E+16
95735,9.1711E+18,9,2,74,174,2017,11,19,5,3,2,6,0,0,0,0,1,2,0,7.46519E+20,5.39215E+21,1.23462E+16,4.86338E+16
95736,9.17111E+18,9,2,75,126,2017,11,7,3,2,9,1,0,1,0,0,0,1,1,8.37002E+20,5.3996E+21,1.35769E+16,4.86584E+16
95737,9.17111E+18,9,2,75,130,2017,11,19,3,3,8,1,0,1,0,0,0,2,1,8.15686E+20,5.36522E+21,1.32623E+16,4.83611E+16
95738,9.17111E+18,9,2,72,118,2017,11,19,3,2,6,6,0,1,1,0,0,2,0,8.33293E+20,5.41798E+21,1.35415E+16,4.88252E+16
95739,9.17111E+18,9,2,74,183,2017,11,7,3,2,1,2,0,1,0,0,0,0,1,7.44458E+20,5.36513E+21,1.23024E+16,4.83919E+16
95740,9.17111E+18,9,2,73,125,2017,11,3,3,3,2,6,0,1,0,0,1,2,0,7.17913E+20,5.4129E+21,1.19694E+16,4.88308E+16
95741,9.17111E+18,9,2,74,146,2017,11,6,3,3,5,3,0,1,0,0,0,0,1,7.35595E+20,5.37974E+21,1.21911E+16,4.85265E+16
95742,9.17111E+18,9,1,90,121,2017,11,8,3,2,8,1,0,1,0,0,0,0,1,6.63119E+20,5.28786E+21,1.11752E+16,4.77235E+16
95743,9.17111E+18,9,1,90,139,2017,11,13,3,3,5,3,0,1,0,0,1,0,0,6.56935E+20,5.29729E+21,1.10962E+16,4.78098E+16
95744,9.17111E+18,9,1,90,141,2017,11,6,3,3,2,6,0,1,0,0,0,0,1,6.76415E+20,5.29301E+21,1.13544E+16,4.77663E+16
95745,9.17111E+18,9,1,73,126,2017,11,15,3,2,5,3,1,1,0,0,0,0,1,6.81955E+20,5.30459E+21,1.14331E+16,4.78689E+16
95746,9.17111E+18,9,1,89,145,2017,11,17,3,3,2,6,0,1,0,0,0,2,0,7.72021E+20,5.30371E+21,1.26349E+16,4.78292E+16
95747,9.17111E+18,9,1,83,128,2017,11,8,3,3,2,6,0,1,0,0,0,0,1,7.61941E+20,5.34886E+21,1.2528E+16,4.82388E+16
95748,9.17111E+18,9,1,72,116,2017,11,15,3,3,0,1,1,0,0,0,0,0,0,8.0061E+20,5.28233E+21,1.30012E+16,4.76245E+16
95749,9.17111E+18,9,1,61,0,2017,11,17,3,3,3,2,1,1,0,0,0,1,0,6.79101E+20,5.40144E+21,1.14361E+16,4.87402E+16
95750,9.17111E+18,9,1,61,0,2017,11,11,3,3,3,6,0,1,0,0,0,0,0,6.80665E+20,5.40264E+21,1.14579E+16,4.87506E+16
95751,9.17111E+18,9,1,85,158,2017,11,12,3,3,5,3,1,1,0,0,0,0,0,6.67218E+20,5.38008E+21,1.1266E+16,4.85515E+16
95752,9.17111E+18,9,1,86,128,2017,11,19,3,3,2,6,0,1,0,0,0,2,0,6.79891E+20,5.3887E+21,1.14413E+16,4.86255E+16
95753,9.17111E+18,9,1,86,152,2017,11,20,3,3,3,6,0,1,0,0,0,2,0,6.91885E+20,5.37562E+21,1.15979E+16,4.85044E+16
95754,9.17111E+18,9,1,62,0,2017,11,12,3,3,2,6,0,1,0,0,1,0,1,6.78217E+20,5.33473E+21,1.13957E+16,4.81409E+16
95755,9.17111E+18,9,1,62,0,2017,11,11,3,3,9,3,0,1,0,0,0,0,1,6.78083E+20,5.33512E+21,1.13941E+16,4.81444E+16
95756,9.17111E+18,9,1,81,130,2017,11,15,3,3,0,7,1,0,0,0,0,1,1,6.39264E+20,5.32282E+21,1.08685E+16,4.80435E+16
95757,9.17111E+18,9,1,88,126,2017,11,5,3,3,2,7,0,1,0,0,0,2,1,6.59791E+20,5.32952E+21,1.11463E+16,4.80989E+16
95758,9.17111E+18,9,1,74,115,2017,11,12,3,3,0,7,0,1,0,0,0,0,1,6.83276E+20,5.34825E+21,1.14695E+16,4.82609E+16
95759,9.17111E+18,9,1,62,0,2017,11,6,3,3,2,6,0,1,0,0,0,0,0,6.95509E+20,5.33504E+21,1.16281E+16,4.81385E+16
95760,9.17111E+18,9,1,62,0,2017,11,17,3,3,2,6,0,1,0,0,0,2,0,6.97447E+20,5.3352E+21,1.16542E+16,4.81394E+16
95761,9.17111E+18,9,1,62,0,2017,11,9,3,3,2,6,0,1,0,0,0,0,1,6.8664E+20,5.34378E+21,1.15128E+16,4.82197E+16
95762,9.17111E+18,9,1,78,120,2017,11,7,3,3,2,6,0,1,0,0,0,0,1,6.94379E+20,5.35448E+21,1.16218E+16,4.83136E+16
95763,9.17111E+18,9,1,78,124,2017,11,10,3,3,9,1,0,1,0,0,0,0,1,7.00186E+20,5.36684E+21,1.17059E+16,4.84229E+16
95764,9.17111E+18,9,1,77,120,2017,11,7,3,2,0,1,0,0,0,1,0,0,1,7.20521E+20,5.35894E+21,1.19763E+16,4.83451E+16
95765,9.17111E+18,9,1,77,117,2017,11,13,3,3,5,3,0,1,0,0,0,0,1,7.17774E+20,5.35345E+21,1.19364E+16,4.82968E+16
95766,9.17111E+18,9,1,84,118,2017,11,8,2,3,5,2,0,1,0,0,1,0,1,7.02534E+20,5.33731E+21,1.17235E+16,4.81567E+16
95767,9.17111E+18,9,1,84,121,2017,11,17,2,3,5,2,1,1,0,0,0,2,1,7.0318E+20,5.33055E+21,1.17289E+16,4.80958E+16
95768,9.1711E+18,9,2,74,134,2017,11,11,5,3,5,3,0,1,0,0,0,0,0,7.40114E+20,5.37449E+21,1.22492E+16,4.84777E+16
95769,9.17111E+18,9,1,62,0,2017,11,6,2,3,2,6,0,1,0,0,0,0,1,6.90536E+20,5.33199E+21,1.15599E+16,4.81127E+16
95770,9.1711E+18,9,1,89,157,2017,11,8,5,3,5,3,0,1,0,0,0,0,0,7.68239E+20,5.32877E+21,1.26E+16,4.80557E+16
95771,9.1711E+18,9,1,72,114,2017,11,14,5,2,0,7,0,1,0,1,0,0,0,7.90069E+20,5.29274E+21,1.28682E+16,4.77228E+16
95772,9.1711E+18,9,1,71,132,2017,11,14,5,3,2,2,0,1,0,0,0,0,0,7.65376E+20,5.35047E+21,1.25752E+16,4.82518E+16
95773,9.1711E+18,9,1,62,0,2017,11,18,5,2,2,6,0,1,0,0,0,2,0,6.94572E+20,5.33099E+21,1.16136E+16,4.81025E+16
95774,9.1711E+18,9,1,87,126,2017,11,13,5,3,5,3,0,1,0,0,0,0,0,7.41043E+20,5.32574E+21,1.2234E+16,4.80394E+16
95775,9.1711E+18,9,1,87,165,2017,11,15,5,3,5,3,0,1,0,1,0,0,0,7.33488E+20,5.29805E+21,1.21178E+16,4.77934E+16
95776,9.17111E+18,9,1,62,0,2017,11,10,2,3,1,5,0,1,0,1,0,0,1,7.00809E+20,5.33253E+21,1.1698E+16,4.81144E+16
95777,9.17111E+18,9,1,62,0,2017,11,6,2,3,2,6,0,1,0,1,0,1,1,6.90527E+20,5.33199E+21,1.15598E+16,4.81126E+16
95778,9.17111E+18,9,1,84,119,2017,11,8,2,3,2,6,0,1,0,0,0,0,0,6.93545E+20,5.34739E+21,1.16073E+16,4.82502E+16
95779,9.17111E+18,9,1,84,135,2017,11,17,2,3,2,3,0,1,0,0,0,2,1,6.87871E+20,5.34746E+21,1.1531E+16,4.82525E+16
95780,9.17111E+18,9,1,84,129,2017,11,17,2,3,4,2,0,1,0,1,0,2,1,7.01362E+20,5.32518E+21,1.1702E+16,4.80481E+16
95781,9.17111E+18,9,7,75,135,2017,11,5,2,3,2,6,0,1,0,0,1,2,1,5.80478E+20,5.35499E+21,1.00861E+16,4.8343E+16
95782,9.17111E+18,9,7,64,0,2017,11,17,2,3,4,6,1,0,0,0,0,2,1,5.8779E+20,5.31686E+21,1.01769E+16,4.7999E+16
95783,9.17111E+18,9,7,78,203,2017,11,17,2,3,1,6,0,1,0,0,0,2,1,6.20877E+20,5.32239E+21,1.06218E+16,4.80433E+16
95784,9.1711E+18,9,1,82,116,2017,11,15,5,3,2,6,0,1,0,0,0,0,0,7.05216E+20,5.291E+21,1.17374E+16,4.77397E+16
95785,9.1711E+18,9,1,61,0,2017,11,17,5,3,3,2,1,1,0,0,0,1,0,6.75952E+20,5.40462E+21,1.13947E+16,4.87697E+16
95786,9.1711E+18,9,1,81,130,2017,11,17,5,3,0,6,0,1,0,0,0,2,0,6.3905E+20,5.32533E+21,1.08665E+16,4.80661E+16
95787,9.17111E+18,9,7,80,122,2017,11,17,2,2,4,6,0,1,0,0,0,2,1,6.03155E+20,5.2948E+21,1.03775E+16,4.77983E+16
95788,9.1711E+18,9,1,79,136,2017,11,15,5,3,5,3,0,1,0,0,0,0,0,6.60905E+20,5.34164E+21,1.11658E+16,4.82075E+16
95789,9.17111E+18,9,7,62,0,2017,11,6,2,3,4,2,1,1,0,0,0,1,1,6.21443E+20,5.30404E+21,1.06242E+16,4.78782E+16
95790,9.1711E+18,9,1,81,130,2017,11,19,5,3,2,6,0,1,0,0,0,2,0,6.41966E+20,5.32426E+21,1.09052E+16,4.80558E+16
95791,9.17111E+18,9,7,79,196,2017,11,13,2,3,0,1,1,0,0,0,0,0,1,6.36608E+20,5.39307E+21,1.08557E+16,4.86758E+16
95792,9.1711E+18,9,1,79,147,2017,11,12,5,1,5,3,1,1,0,0,0,0,0,6.64036E+20,5.33307E+21,1.12046E+16,4.81297E+16
95793,9.17111E+18,9,7,79,186,2017,11,10,2,2,2,6,0,1,0,0,0,0,0,6.3773E+20,5.41096E+21,1.08769E+16,4.88363E+16
95794,9.17111E+18,9,7,73,146,2017,11,7,2,3,0,7,0,0,0,1,1,1,1,6.13899E+20,5.39432E+21,1.05477E+16,4.86916E+16
95795,9.17111E+18,9,7,72,147,2017,11,17,2,3,2,6,0,1,0,0,0,1,1,6.38967E+20,5.36408E+21,1.08781E+16,4.84145E+16
95796,9.17111E+18,9,7,72,130,2017,11,17,2,3,5,2,1,1,0,0,0,2,1,6.32007E+20,5.35765E+21,1.0782E+16,4.83582E+16
95797,9.17111E+18,9,7,71,142,2017,11,6,2,3,8,7,0,1,0,0,0,2,1,6.48226E+20,5.35331E+21,1.09993E+16,4.83156E+16
95798,9.17111E+18,9,7,61,0,2017,11,16,2,3,3,6,0,1,0,0,1,0,0,6.36923E+20,5.36023E+21,1.08492E+16,4.83803E+16
95799,9.17111E+18,9,7,61,0,2017,11,9,2,3,2,6,0,1,0,0,0,0,1,6.42833E+20,5.36018E+21,1.0929E+16,4.83786E+16
95800,9.17111E+18,9,6,63,0,2017,11,10,2,3,5,3,0,1,0,0,0,0,0,5.66276E+20,5.51712E+21,9.92102E+15,4.98029E+16
95801,9.17111E+18,9,6,79,187,2017,11,7,2,3,1,6,0,1,0,0,1,0,0,5.73554E+20,5.50697E+21,1.00202E+16,4.97107E+16
95802,9.17111E+18,9,6,77,131,2017,11,23,2,3,8,1,0,1,0,0,0,2,0,5.52109E+20,5.54275E+21,9.72762E+15,5.00347E+16
95803,9.17111E+18,9,6,74,129,2017,11,22,2,3,5,3,0,1,0,0,0,2,0,6.21159E+20,5.53957E+21,1.06905E+16,4.99962E+16
95804,9.17111E+18,9,6,78,134,2017,11,15,2,3,0,1,1,0,0,0,0,0,0,5.9704E+20,5.52802E+21,1.03512E+16,4.98967E+16
95805,9.17111E+18,9,6,71,155,2017,11,17,2,3,2,6,0,1,0,0,0,2,0,5.06215E+20,5.53422E+21,9.08665E+15,4.99603E+16
95806,9.17111E+18,9,5,63,0,2017,11,18,2,3,1,6,0,1,0,0,0,2,0,6.45153E+20,5.48316E+21,1.10041E+16,4.94837E+16
95807,9.17111E+18,9,5,74,123,2017,11,13,2,3,2,6,0,1,0,0,0,0,0,6.59318E+20,5.47458E+21,1.1196E+16,4.9403E+16
95808,9.17111E+18,9,5,74,123,2017,11,12,2,3,8,6,0,1,0,0,0,0,0,6.61616E+20,5.47914E+21,1.12296E+16,4.94434E+16
95809,9.17111E+18,9,5,64,0,2017,11,16,2,1,2,6,0,0,0,0,1,0,0,6.53222E+20,5.46932E+21,1.111E+16,4.93573E+16
95810,9.17111E+18,9,5,72,143,2017,11,19,2,3,5,3,1,1,0,0,0,2,0,6.2618E+20,5.51268E+21,1.07517E+16,4.97534E+16
95811,9.17111E+18,9,5,72,121,2017,11,7,2,3,5,3,0,1,0,0,0,0,0,6.59256E+20,5.49381E+21,1.12029E+16,4.95759E+16
95812,9.17111E+18,9,5,72,158,2017,11,18,2,2,5,3,0,1,0,0,0,2,0,6.52484E+20,5.49472E+21,1.11097E+16,4.95858E+16
95813,9.1711E+18,9,1,74,113,2017,11,8,5,1,2,6,0,1,0,0,0,0,1,6.74139E+20,5.34456E+21,1.1345E+16,4.82304E+16
95814,9.1711E+18,9,1,78,137,2017,11,9,5,3,1,6,0,1,0,0,0,0,0,6.92275E+20,5.36265E+21,1.15972E+16,4.83877E+16
95815,9.1711E+18,9,1,84,135,2017,11,17,5,3,3,6,0,1,0,1,0,2,0,6.88795E+20,5.34515E+21,1.15424E+16,4.82314E+16
95816,9.1711E+18,9,1,62,0,2017,11,9,5,3,2,6,0,1,0,0,0,0,0,6.93984E+20,5.34029E+21,1.161E+16,4.81862E+16
95817,9.1711E+18,9,1,78,116,2017,11,9,5,3,8,1,0,1,0,0,0,0,0,7.03057E+20,5.38077E+21,1.17515E+16,4.85471E+16
95818,9.17111E+18,9,5,64,0,2017,11,15,2,3,0,6,1,0,0,0,0,0,0,6.49272E+20,5.48286E+21,1.10608E+16,4.948E+16
95819,9.1711E+18,9,1,62,0,2017,11,21,4,3,4,2,0,1,0,0,0,2,0,6.94827E+20,5.33245E+21,1.16177E+16,4.81155E+16
95820,9.1711E+18,9,7,75,134,2017,11,14,4,3,0,3,1,0,0,0,1,0,0,5.84321E+20,5.36299E+21,1.01395E+16,4.84144E+16
95821,9.1711E+18,9,7,75,135,2017,11,22,4,3,2,7,0,1,0,0,0,2,0,5.76687E+20,5.3598E+21,1.00358E+16,4.83867E+16
95822,9.1711E+18,9,7,80,144,2017,11,19,4,3,8,7,0,1,0,0,0,2,0,5.8162E+20,5.27736E+21,1.00867E+16,4.76445E+16
95823,9.1711E+18,9,7,80,128,2017,11,3,4,3,9,1,0,1,0,0,0,2,1,6.10263E+20,5.27693E+21,1.04679E+16,4.76364E+16
95824,9.1711E+18,9,7,76,116,2017,11,2,4,3,8,1,0,1,0,0,0,2,0,5.50655E+20,5.26944E+21,9.67357E+15,4.75764E+16
95825,9.1711E+18,9,6,72,113,2017,11,6,4,3,7,7,0,1,1,0,0,2,1,5.55004E+20,5.57628E+21,9.7729E+15,5.0336E+16
95826,9.17111E+18,9,5,73,114,2017,11,6,2,2,4,6,0,1,0,0,0,1,1,6.34511E+20,5.47743E+21,1.08553E+16,4.94347E+16
95827,9.17111E+18,9,4,78,165,2017,11,13,2,3,8,1,0,0,0,0,1,0,0,6.4565E+20,5.55457E+21,1.10377E+16,5.01255E+16
95828,9.17111E+18,9,4,76,183,2017,11,7,2,3,2,6,0,0,0,1,1,0,1,6.70873E+20,5.57007E+21,1.13972E+16,5.0258E+16
95829,9.17111E+18,9,4,72,119,2017,11,7,2,3,3,1,0,1,0,0,1,0,1,6.87064E+20,5.5425E+21,1.16106E+16,5.00055E+16
95830,9.17111E+18,9,4,77,142,2017,11,19,2,3,4,6,0,1,0,0,0,2,0,6.81206E+20,5.54614E+21,1.15307E+16,5.00399E+16
95831,9.17111E+18,9,4,72,116,2017,11,17,2,2,8,1,0,0,0,1,0,2,1,6.94474E+20,5.54637E+21,1.17159E+16,5.00378E+16
95832,9.17111E+18,9,4,61,0,2017,11,17,2,3,5,3,0,1,0,0,0,2,0,6.37945E+20,5.52785E+21,1.09204E+16,4.98872E+16
95833,9.17111E+18,9,3,62,0,2017,11,6,2,3,3,6,0,1,0,0,1,0,0,7.24016E+20,5.43211E+21,1.2063E+16,4.90012E+16
95834,9.17111E+18,9,3,75,165,2017,11,18,2,3,2,6,0,1,0,0,0,2,0,7.26396E+20,5.43706E+21,1.20983E+16,4.90448E+16
95835,9.17111E+18,9,3,72,164,2017,11,17,2,3,0,7,0,0,0,1,0,2,0,7.66289E+20,5.45266E+21,1.26534E+16,4.91689E+16
95836,9.17111E+18,9,3,72,175,2017,11,9,2,3,8,1,0,1,0,0,0,0,1,7.67049E+20,5.46218E+21,1.26701E+16,4.9254E+16