OBJECTID,UIDENTSTLA,ULAND,UREGBEZ,UKREIS,UGEMEINDE,UJAHR,UMONAT,USTUNDE,UWOCHENTAG,UKATEGORIE,UART,UTYP1,IstRad,IstPKW,IstFuss,IstKrad,IstSonstig,LICHT,STRZUSTAND,LINREFX,LINREFY,XGCSWGS84,YGCSWGS84
95837,9.17111E+18,9,3,76,161,2017,11,12,2,3,5,3,0,1,0,0,0,0,0,7.25791E+20,5.46795E+21,1.21073E+16,4.93225E+16
95838,9.17111E+18,9,3,76,116,2017,11,5,2,3,5,2,0,1,0,0,1,2,1,7.36403E+20,5.46423E+21,1.22509E+16,4.9285E+16
95839,9.17111E+18,9,2,63,0,2017,11,22,2,1,8,1,0,1,0,0,0,2,0,7.59246E+20,5.42159E+21,1.25371E+16,4.88929E+16
95840,9.17111E+18,9,2,71,111,2017,11,5,2,2,9,1,0,0,0,0,1,2,1,7.88411E+20,5.40701E+21,1.29239E+16,4.87492E+16
95841,9.17111E+18,9,2,75,111,2017,11,17,2,3,5,2,0,1,0,0,0,2,1,8.16177E+20,5.40087E+21,1.32959E+16,4.86807E+16
95842,9.17111E+18,9,2,75,152,2017,11,6,2,2,1,6,0,1,0,0,0,2,1,8.2099E+20,5.40678E+21,1.33657E+16,4.87312E+16
95843,9.17111E+18,9,2,75,151,2017,11,16,2,3,2,6,0,1,0,0,0,1,1,8.25026E+20,5.39312E+21,1.34097E+16,4.86066E+16
95844,9.1711E+18,9,5,76,151,2017,11,15,4,3,2,6,0,1,0,0,0,0,0,6.54193E+20,5.47059E+21,1.11239E+16,4.93685E+16
95845,9.1711E+18,9,5,64,0,2017,11,16,4,3,1,7,0,1,0,0,0,2,0,6.47861E+20,5.47356E+21,1.10378E+16,4.93968E+16
95846,9.17111E+18,9,2,72,147,2017,11,6,2,3,5,2,0,1,0,0,0,2,1,8.1974E+20,5.41741E+21,1.3357E+16,4.88272E+16
95847,9.17111E+18,9,2,72,147,2017,11,9,2,3,2,6,0,1,0,0,0,0,0,8.16062E+20,5.41963E+21,1.33087E+16,4.88491E+16
95848,9.17111E+18,9,2,72,119,2017,11,16,2,3,4,1,0,1,0,0,1,0,1,8.26931E+20,5.40776E+21,1.3447E+16,4.87369E+16
95849,9.17111E+18,9,2,77,124,2017,11,16,2,3,2,6,0,1,0,0,0,2,1,7.82105E+20,5.36956E+21,1.28129E+16,4.8416E+16
95850,9.17111E+18,9,2,74,111,2017,11,11,2,3,8,1,0,1,0,0,0,0,1,7.38249E+20,5.38128E+21,1.22279E+16,4.85394E+16
95851,9.17111E+18,9,2,73,147,2017,11,5,2,2,8,7,0,1,0,0,0,2,1,7.01271E+20,5.38992E+21,1.17317E+16,4.86299E+16
95852,9.17111E+18,9,2,74,182,2017,11,16,2,3,2,6,0,1,0,0,0,0,1,7.29781E+20,5.3785E+21,1.21118E+16,4.85175E+16
95853,9.1711E+18,9,5,64,0,2017,11,17,4,3,3,6,0,1,0,0,0,2,0,6.48319E+20,5.47931E+21,1.10463E+16,4.94484E+16
95854,9.1711E+18,9,5,71,199,2017,11,10,4,3,2,6,0,1,0,0,0,0,0,5.85822E+20,5.45148E+21,1.01783E+16,4.92101E+16
95855,9.1711E+18,9,4,75,113,2017,11,9,4,3,8,1,0,1,0,0,0,0,1,6.97841E+20,5.58194E+21,1.17814E+16,5.03562E+16
95856,9.1711E+18,9,4,75,162,2017,11,23,4,3,9,1,0,1,0,0,0,2,0,7.15246E+20,5.57204E+21,1.20201E+16,5.02612E+16
95857,9.1711E+18,9,4,73,151,2017,11,15,4,3,2,3,0,1,0,0,1,0,0,6.48693E+20,5.5755E+21,1.10884E+16,5.03129E+16
95858,9.1711E+18,9,4,72,188,2017,11,17,4,2,8,1,0,1,0,0,0,2,1,6.95195E+20,5.52982E+21,1.17176E+16,4.98889E+16
95859,9.1711E+18,9,3,75,118,2017,11,11,4,3,9,1,0,1,0,0,0,0,1,7.07795E+20,5.44774E+21,1.18495E+16,4.91473E+16
95860,9.17111E+18,9,2,74,124,2017,11,21,2,3,0,1,0,0,0,1,0,2,1,7.2289E+20,5.3747E+21,1.20166E+16,4.84859E+16
95861,9.17111E+18,9,2,79,127,2017,11,9,2,3,8,1,0,1,0,0,0,0,1,7.47696E+20,5.39988E+21,1.23667E+16,4.87027E+16
95862,9.17111E+18,9,1,90,157,2017,11,10,2,3,5,3,1,1,0,0,0,0,1,6.60536E+20,5.30089E+21,1.11456E+16,4.78413E+16
95863,9.1711E+18,9,3,76,161,2017,11,19,4,3,1,1,0,1,0,0,0,2,0,7.25404E+20,5.46268E+21,1.2099E+16,4.92753E+16
95864,9.17111E+18,9,1,83,127,2017,11,22,2,3,4,2,0,1,0,0,0,2,1,7.55194E+20,5.34988E+21,1.2438E+16,4.82507E+16
95865,9.17111E+18,9,1,83,125,2017,11,8,2,3,5,3,0,1,0,0,0,0,1,7.56714E+20,5.35484E+21,1.24614E+16,4.82947E+16
95866,9.17111E+18,9,1,71,112,2017,11,20,2,3,0,1,0,1,0,0,0,2,1,7.85016E+20,5.34121E+21,1.2833E+16,4.81601E+16
95867,9.17111E+18,9,1,71,124,2017,11,18,2,3,2,6,0,1,0,0,0,2,1,7.83046E+20,5.34395E+21,1.28084E+16,4.81856E+16
95868,9.17111E+18,9,1,63,0,2017,11,14,2,3,2,1,0,1,0,0,1,0,1,7.32914E+20,5.30795E+21,1.21155E+16,4.78826E+16
95869,9.17111E+18,9,1,63,0,2017,11,17,2,3,2,6,0,1,0,0,1,2,1,7.33455E+20,5.30319E+21,1.21201E+16,4.78397E+16
95870,9.17111E+18,9,1,87,174,2017,11,16,2,3,1,6,0,1,0,0,0,2,1,7.43055E+20,5.31036E+21,1.22522E+16,4.79004E+16
95871,9.17111E+18,9,1,82,137,2017,11,22,2,3,9,1,0,1,0,0,0,2,1,7.1246E+20,5.29953E+21,1.18381E+16,4.7814E+16
95872,9.17111E+18,9,1,87,165,2017,11,18,2,3,5,3,1,1,0,0,0,2,0,7.33596E+20,5.29976E+21,1.21201E+16,4.78088E+16
95873,9.17111E+18,9,1,87,150,2017,11,17,2,3,1,1,0,1,0,0,0,1,1,7.29292E+20,5.30338E+21,1.20646E+16,4.78428E+16
95874,9.17111E+18,9,1,86,137,2017,11,17,2,3,5,3,0,1,0,0,0,2,0,6.82987E+20,5.39899E+21,1.14878E+16,4.8717E+16
95875,9.17111E+18,9,1,61,0,2017,11,17,2,3,0,7,1,0,0,0,1,2,0,6.78241E+20,5.40502E+21,1.1426E+16,4.87727E+16
95876,9.17111E+18,9,1,61,0,2017,11,15,2,3,2,6,0,1,0,0,0,0,1,6.75607E+20,5.40492E+21,1.13901E+16,4.87725E+16
95877,9.17111E+18,9,1,86,162,2017,11,17,2,3,6,4,0,1,1,0,0,2,1,6.93704E+20,5.38663E+21,1.16276E+16,4.86027E+16
95878,9.17111E+18,9,1,62,0,2017,11,8,2,3,2,6,0,1,0,0,1,2,1,6.82932E+20,5.34235E+21,1.14623E+16,4.8208E+16
95879,9.17111E+18,9,1,74,146,2017,11,6,2,3,2,6,0,1,0,0,0,2,1,6.66607E+20,5.35104E+21,1.12462E+16,4.82906E+16
95880,9.17111E+18,9,1,88,120,2017,11,13,2,3,5,7,0,1,0,0,1,0,1,6.78481E+20,5.3278E+21,1.13964E+16,4.80785E+16
95881,9.17111E+18,9,1,74,113,2017,11,17,2,2,4,7,0,1,0,0,0,2,1,6.74361E+20,5.34486E+21,1.13481E+16,4.82329E+16
95882,9.17111E+18,9,1,74,113,2017,11,16,2,2,5,7,0,1,0,0,1,2,1,6.75034E+20,5.3454E+21,1.13574E+16,4.82376E+16
95883,9.17111E+18,9,1,74,115,2017,11,6,2,3,2,6,0,1,0,0,0,0,1,6.82031E+20,5.34561E+21,1.14516E+16,4.82375E+16
95884,9.1711E+18,9,2,71,125,2017,11,17,4,3,5,7,0,1,0,0,0,2,0,7.97198E+20,5.40992E+21,1.30452E+16,4.87712E+16
95885,9.1711E+18,9,2,77,118,2017,11,13,4,3,5,3,0,1,0,0,0,0,1,8.05925E+20,5.35772E+21,1.31254E+16,4.82986E+16
95886,9.1711E+18,9,2,72,141,2017,11,17,4,3,4,6,0,1,0,0,0,2,1,8.33232E+20,5.40608E+21,1.35311E+16,4.87186E+16
95887,9.1711E+18,9,2,73,116,2017,11,18,4,3,3,6,0,1,0,0,0,2,0,7.25597E+20,5.42026E+21,1.2078E+16,4.88942E+16
95888,9.1711E+18,9,1,90,148,2017,11,16,4,2,4,3,0,1,0,0,0,0,1,6.41808E+20,5.29748E+21,1.08943E+16,4.7815E+16
95889,9.1711E+18,9,1,80,117,2017,11,9,4,3,5,3,0,1,0,0,0,0,0,6.58711E+20,5.26423E+21,1.11079E+16,4.75121E+16
95890,9.17111E+18,9,1,84,129,2017,11,18,2,3,3,6,0,1,0,0,1,2,1,7.00066E+20,5.32471E+21,1.16844E+16,4.80443E+16
95891,9.17111E+18,9,1,62,0,2017,11,11,2,3,1,6,0,1,0,0,1,0,0,6.87482E+20,5.3442E+21,1.15243E+16,4.82233E+16
95892,9.1711E+18,9,1,73,141,2017,11,18,4,3,2,6,0,1,0,0,1,2,0,6.97855E+20,5.29736E+21,1.16422E+16,4.77992E+16
95893,9.1711E+18,9,1,89,165,2017,11,14,4,3,5,3,0,1,0,0,0,0,1,7.76633E+20,5.31394E+21,1.27029E+16,4.79191E+16
95894,9.1711E+18,9,1,87,129,2017,11,18,4,3,2,6,0,1,0,0,0,2,0,7.21096E+20,5.30126E+21,1.19542E+16,4.78266E+16
95895,9.17111E+18,9,1,86,152,2017,11,6,2,3,2,6,0,1,0,0,1,2,1,6.91429E+20,5.37358E+21,1.15908E+16,4.84862E+16
95896,9.17111E+18,9,1,84,135,2017,11,12,2,3,0,6,0,1,0,0,1,0,1,6.92363E+20,5.34498E+21,1.15903E+16,4.82288E+16
95897,9.17111E+18,9,1,75,139,2017,11,21,2,3,9,1,0,1,0,0,0,2,1,7.10113E+20,5.3307E+21,1.1822E+16,4.80949E+16
95898,9.17111E+18,9,1,75,118,2017,11,14,2,3,2,2,0,1,0,0,0,0,1,7.1468E+20,5.33957E+21,1.18877E+16,4.8173E+16
95899,9.17111E+18,9,1,75,135,2017,11,18,2,3,6,2,0,1,1,0,0,2,1,7.08752E+20,5.33941E+21,1.1808E+16,4.81736E+16
95900,9.17111E+18,9,1,78,124,2017,11,10,2,3,4,2,1,1,0,0,0,0,1,7.03227E+20,5.36513E+21,1.17462E+16,4.84066E+16
95901,9.17111E+18,9,1,77,113,2017,11,7,2,3,5,3,0,1,0,0,0,0,1,7.20712E+20,5.35187E+21,1.19752E+16,4.82815E+16
95902,9.17111E+18,9,1,62,0,2017,11,19,1,3,6,4,0,1,1,0,0,2,1,6.94994E+20,5.33299E+21,1.16202E+16,4.81203E+16
95903,9.1711E+18,9,1,82,132,2017,11,13,4,3,1,1,1,1,0,0,0,0,0,7.07636E+20,5.28666E+21,1.17676E+16,4.76999E+16
95904,9.17111E+18,9,7,78,113,2017,11,9,1,2,1,7,0,1,0,0,1,0,0,6.1142E+20,5.32038E+21,1.04945E+16,4.8027E+16
95905,9.17111E+18,9,7,74,135,2017,11,22,1,3,7,7,0,1,0,0,1,2,1,5.95994E+20,5.36527E+21,1.02978E+16,4.84333E+16
95906,9.17111E+18,9,7,75,139,2017,11,4,1,2,3,6,0,1,0,0,0,2,1,5.82869E+20,5.36853E+21,1.0121E+16,4.84645E+16
95907,9.1711E+18,9,1,61,0,2017,11,19,4,3,4,2,0,1,0,0,0,2,0,6.79268E+20,5.40351E+21,1.14393E+16,4.87587E+16
95908,9.17111E+18,9,7,74,145,2017,11,14,1,3,4,6,0,1,0,0,0,0,1,6.01863E+20,5.36065E+21,1.0376E+16,4.83908E+16
95909,9.17111E+18,9,7,62,0,2017,11,11,1,3,4,6,1,0,0,0,0,0,0,6.21675E+20,5.30358E+21,1.06272E+16,4.7874E+16
95910,9.17111E+18,9,7,73,179,2017,11,13,1,3,5,3,0,1,0,0,0,0,1,6.17362E+20,5.37692E+21,1.05898E+16,4.85344E+16
95911,9.17111E+18,9,7,73,125,2017,11,21,1,3,5,3,0,1,0,0,0,2,1,6.06764E+20,5.38243E+21,1.04477E+16,4.85858E+16
95912,9.17111E+18,9,7,71,130,2017,11,17,1,3,2,6,0,1,0,0,0,2,1,6.45639E+20,5.35774E+21,1.0966E+16,4.8356E+16
95913,9.17111E+18,9,7,71,145,2017,11,14,1,3,2,2,0,1,0,0,0,0,1,6.48276E+20,5.34513E+21,1.09971E+16,4.82421E+16
95914,9.17111E+18,9,6,73,114,2017,11,14,1,3,2,6,0,1,0,0,0,0,1,5.85125E+20,5.57454E+21,1.01957E+16,5.03169E+16
95915,9.17111E+18,9,6,71,112,2017,11,16,1,3,8,1,0,1,0,0,0,0,1,5.18238E+20,5.53756E+21,9.25443E+15,4.99901E+16
95916,9.17111E+18,9,6,71,130,2017,11,12,1,3,5,3,0,1,0,0,0,0,1,5.15921E+20,5.53923E+21,9.22217E+15,5.00052E+16
95917,9.17111E+18,9,6,61,0,2017,11,3,1,3,0,1,1,0,0,0,0,2,1,5.11342E+20,5.53556E+21,9.15817E+15,4.99723E+16
95918,9.17111E+18,9,5,72,133,2017,11,15,1,3,2,6,0,1,0,0,0,0,1,6.38477E+20,5.49938E+21,1.09177E+16,4.96311E+16
95919,9.17111E+18,9,5,74,123,2017,11,17,1,3,2,6,0,1,0,0,0,2,0,6.62197E+20,5.48031E+21,1.1238E+16,4.94538E+16
95920,9.1711E+18,9,1,76,166,2017,11,6,4,3,9,7,0,1,0,0,0,1,1,6.58741E+20,5.40861E+21,1.11622E+16,4.88102E+16
95921,9.1711E+18,9,1,81,128,2017,11,19,4,3,4,2,0,1,0,0,0,2,0,6.38562E+20,5.32702E+21,1.08605E+16,4.80814E+16
95922,9.1711E+18,9,1,79,113,2017,11,23,4,3,8,1,0,0,0,1,0,2,0,6.71867E+20,5.33575E+21,1.13108E+16,4.81518E+16
95923,9.1711E+18,9,1,79,128,2017,11,2,4,2,8,1,0,1,0,0,0,2,0,6.56742E+20,5.34459E+21,1.11109E+16,4.82351E+16
95924,9.1711E+18,9,1,74,115,2017,11,18,4,3,5,3,0,1,0,0,0,2,0,6.81007E+20,5.34827E+21,1.1439E+16,4.82617E+16
95925,9.1711E+18,9,1,84,149,2017,11,15,4,3,2,6,0,1,0,0,0,0,0,6.9038E+20,5.35173E+21,1.15667E+16,4.82901E+16
95926,9.1711E+18,9,1,77,113,2017,11,12,4,3,5,3,0,1,0,0,0,0,0,7.20782E+20,5.35303E+21,1.19767E+16,4.82919E+16
95927,9.17103E+18,9,1,62,0,2017,10,8,3,3,4,2,0,1,0,0,0,0,0,7.00598E+20,5.33266E+21,1.16953E+16,4.81156E+16
95928,9.17103E+18,9,1,62,0,2017,10,13,3,3,8,6,0,1,0,0,0,0,0,6.89259E+20,5.33903E+21,1.15459E+16,4.81763E+16
95929,9.17103E+18,9,7,78,158,2017,10,4,3,2,8,1,0,1,0,0,0,2,0,6.0955E+20,5.33836E+21,1.0474E+16,4.8189E+16
95930,9.17103E+18,9,7,74,150,2017,10,11,3,2,5,3,0,1,0,0,0,0,0,6.01748E+20,5.34271E+21,1.03701E+16,4.82295E+16
95931,9.17103E+18,9,7,77,129,2017,10,2,3,3,8,1,0,0,0,1,0,2,0,6.24923E+20,5.27018E+21,1.0661E+16,4.7573E+16
95932,9.17103E+18,9,7,80,123,2017,10,15,3,2,0,1,0,0,0,1,0,0,0,6.04855E+20,5.26301E+21,1.03926E+16,4.75121E+16
95933,9.17111E+18,9,5,76,151,2017,11,15,1,2,8,1,0,1,0,0,0,0,1,6.59786E+20,5.4693E+21,1.12004E+16,4.93554E+16
95934,9.17111E+18,9,5,74,156,2017,11,18,1,3,2,6,0,1,0,0,0,2,1,6.58242E+20,5.48193E+21,1.11842E+16,4.94694E+16
95935,9.17111E+18,9,5,76,122,2017,11,10,1,3,5,3,1,1,0,0,0,0,0,6.72131E+20,5.43697E+21,1.13564E+16,4.90615E+16
95936,9.17111E+18,9,5,71,205,2017,11,23,1,3,0,7,0,1,0,0,0,2,0,5.91317E+20,5.47592E+21,1.02593E+16,4.94291E+16
95937,9.17111E+18,9,5,61,0,2017,11,16,1,3,5,3,0,1,0,0,1,0,1,6.15291E+20,5.46183E+21,1.05858E+16,4.92983E+16
95938,9.17103E+18,9,6,73,151,2017,10,12,3,2,8,1,0,0,0,1,0,0,0,5.90436E+20,5.58346E+21,1.02724E+16,5.03962E+16
95939,9.17103E+18,9,6,71,130,2017,10,19,3,3,3,2,0,1,0,0,0,2,0,5.16323E+20,5.53859E+21,9.22775E+15,4.99994E+16
95940,9.17111E+18,9,4,79,136,2017,11,15,1,2,2,6,0,1,0,0,0,0,1,7.22537E+20,5.54704E+21,1.21076E+16,5.0034E+16
95941,9.17111E+18,9,4,75,162,2017,11,13,1,2,8,1,0,1,0,0,0,0,1,7.19442E+20,5.56807E+21,1.20766E+16,5.02241E+16
95942,9.17111E+18,9,4,73,121,2017,11,21,1,3,2,6,0,1,0,0,0,2,1,6.45835E+20,5.56763E+21,1.10453E+16,5.02428E+16
95943,9.17111E+18,9,4,78,116,2017,11,16,1,3,9,1,0,1,0,0,0,2,1,6.61227E+20,5.55593E+21,1.1256E+16,5.01337E+16
95944,9.17111E+18,9,4,72,119,2017,11,8,1,3,8,1,0,1,0,0,0,0,0,6.86926E+20,5.54006E+21,1.16075E+16,4.99835E+16
95945,9.17111E+18,9,4,77,148,2017,11,12,1,3,8,1,0,1,0,0,0,0,1,6.80786E+20,5.56568E+21,1.15341E+16,5.02156E+16
95946,9.17111E+18,9,4,77,128,2017,11,10,1,3,8,1,0,1,0,0,0,0,0,6.71447E+20,5.54875E+21,1.13957E+16,5.00663E+16
95947,9.17111E+18,9,4,72,119,2017,11,21,1,2,5,3,0,1,0,1,0,2,1,6.87142E+20,5.54011E+21,1.16106E+16,4.99839E+16
95948,9.17111E+18,9,4,71,165,2017,11,17,1,3,8,1,0,1,0,0,0,2,1,6.26521E+20,5.53377E+21,1.07634E+16,4.99429E+16
95949,9.17111E+18,9,4,74,138,2017,11,13,1,3,9,1,0,1,0,0,0,0,1,6.69054E+20,5.50629E+21,1.13437E+16,4.96854E+16
95950,9.17111E+18,9,3,75,118,2017,11,6,1,2,9,1,0,1,0,0,0,2,0,7.08994E+20,5.44639E+21,1.18653E+16,4.91348E+16
95951,9.17103E+18,9,6,71,134,2017,10,19,3,3,4,2,0,1,0,0,0,2,0,5.00071E+20,5.54701E+21,9.00099E+15,5.00753E+16
95952,9.17103E+18,9,5,72,111,2017,10,18,3,3,2,6,0,1,0,0,1,2,0,6.37682E+20,5.50777E+21,1.09096E+16,4.97067E+16
95953,9.17103E+18,9,5,62,0,2017,10,16,3,2,4,2,0,1,0,1,0,0,0,6.44447E+20,5.49706E+21,1.09994E+16,4.96088E+16
95954,9.17103E+18,9,5,74,135,2017,10,4,3,3,8,7,0,1,0,0,0,2,0,6.76224E+20,5.49771E+21,1.14392E+16,4.96063E+16
95955,9.17103E+18,9,5,74,139,2017,10,0,3,3,9,7,0,1,0,0,0,2,1,6.70356E+20,5.48205E+21,1.13513E+16,4.94672E+16
95956,9.17103E+18,9,5,63,0,2017,10,3,3,2,8,1,0,1,0,0,0,2,0,6.44413E+20,5.4819E+21,1.09934E+16,4.94725E+16
95957,9.17111E+18,9,3,75,180,2017,11,22,1,3,8,1,0,1,0,0,0,2,1,7.23101E+20,5.43208E+21,1.20505E+16,4.90013E+16
95958,9.17103E+18,9,5,64,0,2017,10,18,3,3,6,1,1,0,1,0,0,2,0,6.47809E+20,5.47383E+21,1.10372E+16,4.93992E+16
95959,9.17103E+18,9,5,64,0,2017,10,12,3,3,2,6,0,1,0,0,0,0,0,6.54801E+20,5.48217E+21,1.11368E+16,4.94724E+16
95960,9.17103E+18,9,5,75,121,2017,10,9,3,2,8,1,0,1,0,0,0,0,0,6.30291E+20,5.49173E+21,1.08018E+16,4.95641E+16
95961,9.17103E+18,9,4,79,152,2017,10,16,3,2,0,1,0,0,0,1,0,1,0,7.23087E+20,5.5622E+21,1.21241E+16,5.017E+16
95962,9.17103E+18,9,4,62,0,2017,10,23,3,3,8,1,0,1,0,0,0,2,0,6.81323E+20,5.53347E+21,1.15263E+16,4.9926E+16
95963,9.17111E+18,9,3,71,151,2017,11,15,1,3,0,7,0,0,0,1,0,0,1,6.98835E+20,5.48684E+21,1.17463E+16,4.95016E+16
95964,9.17103E+18,9,3,77,154,2017,10,22,3,2,9,1,0,1,0,0,0,2,0,7.39181E+20,5.52739E+21,1.23274E+16,4.98511E+16
95965,9.17103E+18,9,3,62,0,2017,10,17,3,2,2,6,0,1,0,1,0,1,0,7.2866E+20,5.43234E+21,1.21265E+16,4.90016E+16
95966,9.17103E+18,9,3,72,171,2017,10,5,3,2,8,1,0,1,0,0,0,2,0,7.65687E+20,5.47866E+21,1.26624E+16,4.94025E+16
95967,9.17111E+18,9,2,76,148,2017,11,20,1,2,5,3,1,1,0,0,0,2,1,8.08813E+20,5.43714E+21,1.32234E+16,4.90098E+16
95968,9.17111E+18,9,2,63,0,2017,11,14,1,3,0,7,0,1,0,1,0,0,0,7.60898E+20,5.42E+21,1.25586E+16,4.8878E+16
95969,9.17111E+18,9,2,63,0,2017,11,11,1,3,5,2,1,1,0,0,0,0,0,7.62382E+20,5.42042E+21,1.25791E+16,4.88811E+16
95970,9.17111E+18,9,2,78,159,2017,11,10,1,3,0,2,1,1,0,0,0,0,0,7.81785E+20,5.42061E+21,1.28433E+16,4.88743E+16
95971,9.17111E+18,9,2,77,127,2017,11,12,1,3,5,3,0,1,0,0,0,0,0,7.89871E+20,5.35206E+21,1.29056E+16,4.82554E+16
95972,9.17111E+18,9,2,74,165,2017,11,15,1,2,0,7,0,1,0,0,0,0,1,7.16948E+20,5.3854E+21,1.19418E+16,4.85841E+16
95973,9.17111E+18,9,2,74,126,2017,11,17,1,3,5,3,0,1,0,0,0,2,1,7.35141E+20,5.38562E+21,1.21883E+16,4.85794E+16
95974,9.17111E+18,9,2,61,0,2017,11,8,1,3,8,1,0,1,0,0,0,0,0,7.25378E+20,5.37861E+21,1.20523E+16,4.85201E+16
95975,9.17111E+18,9,1,90,111,2017,11,22,1,3,9,1,0,1,0,0,0,2,1,6.39113E+20,5.29704E+21,1.08582E+16,4.78117E+16
95976,9.17111E+18,9,1,90,148,2017,11,11,1,2,2,6,0,1,0,0,0,0,0,6.41309E+20,5.29777E+21,1.08877E+16,4.78178E+16
95977,9.17111E+18,9,1,80,135,2017,11,11,1,3,2,7,0,1,0,0,0,0,0,6.52567E+20,5.27647E+21,1.10306E+16,4.76236E+16
95978,9.17111E+18,9,1,80,117,2017,11,14,1,3,2,6,0,1,0,0,0,0,1,6.61101E+20,5.26131E+21,1.11385E+16,4.74853E+16
95979,9.17111E+18,9,1,89,134,2017,11,21,1,3,3,6,0,1,0,0,0,2,1,7.75195E+20,5.32388E+21,1.26901E+16,4.80089E+16
95980,9.17111E+18,9,1,71,116,2017,11,23,1,3,8,1,0,1,0,0,0,2,1,7.66899E+20,5.33266E+21,1.25845E+16,4.80912E+16
95981,9.17103E+18,9,3,75,179,2017,10,17,3,3,1,1,0,1,1,0,0,2,0,7.32237E+20,5.4277E+21,1.21727E+16,4.89585E+16
95982,9.17111E+18,9,1,71,135,2017,11,9,1,3,8,1,0,1,0,0,0,0,0,7.67309E+20,5.34059E+21,1.2595E+16,4.81623E+16
95983,9.17111E+18,9,1,87,165,2017,11,1,1,2,2,6,0,1,0,1,0,2,0,7.34905E+20,5.29952E+21,1.21375E+16,4.78061E+16
95984,9.17111E+18,9,1,82,112,2017,11,22,1,3,8,1,0,1,0,0,0,2,1,7.2783E+20,5.28506E+21,1.20355E+16,4.76788E+16
95985,9.17111E+18,9,1,61,0,2017,11,17,1,3,5,3,0,1,0,0,0,2,1,6.76029E+20,5.40867E+21,1.13974E+16,4.8806E+16
95986,9.17111E+18,9,1,85,113,2017,11,14,1,2,9,1,0,1,0,0,0,0,1,6.70969E+20,5.37941E+21,1.13165E+16,4.85445E+16
95987,9.17111E+18,9,1,86,152,2017,11,14,1,3,5,3,0,1,0,0,0,0,1,6.90681E+20,5.37633E+21,1.15819E+16,4.85112E+16
95988,9.17111E+18,9,1,74,126,2017,11,20,1,3,8,1,0,1,0,0,0,2,1,6.82878E+20,5.34462E+21,1.14626E+16,4.82284E+16
95989,9.17111E+18,9,1,84,131,2017,11,13,1,3,8,7,0,1,0,0,0,0,0,7.03918E+20,5.33829E+21,1.17425E+16,4.81651E+16
95990,9.17111E+18,9,1,62,0,2017,11,15,1,3,8,1,0,1,0,0,0,0,1,6.89775E+20,5.34465E+21,1.15554E+16,4.82267E+16
95991,9.1711E+18,9,1,62,0,2017,11,19,7,3,5,2,0,1,0,0,0,2,0,6.8547E+20,5.33532E+21,1.14934E+16,4.8144E+16
95992,9.1711E+18,9,1,62,0,2017,11,18,7,3,5,2,1,1,0,0,0,2,1,6.87349E+20,5.33508E+21,1.15185E+16,4.81414E+16
95993,9.17103E+18,9,1,80,126,2017,10,16,3,3,0,4,0,1,1,0,0,1,0,6.61033E+20,5.27026E+21,1.11409E+16,4.75658E+16
95994,9.17103E+18,9,1,90,140,2017,10,4,3,3,0,7,0,1,0,0,0,2,0,6.45932E+20,5.29194E+21,1.09475E+16,4.77643E+16
95995,9.17103E+18,9,1,73,126,2017,10,13,3,3,5,3,0,1,0,0,0,0,0,6.85052E+20,5.30387E+21,1.14742E+16,4.78615E+16
95996,9.17103E+18,9,1,72,134,2017,10,0,3,3,8,1,0,1,0,0,0,2,0,7.8097E+20,5.30386E+21,1.27543E+16,4.78266E+16
95997,9.17103E+18,9,1,83,126,2017,10,6,3,2,1,6,0,1,0,0,0,2,1,7.27237E+20,5.33658E+21,1.20548E+16,4.81418E+16
95998,9.17103E+18,9,1,82,119,2017,10,17,3,3,5,3,1,1,0,0,0,1,0,7.12978E+20,5.29224E+21,1.18414E+16,4.77483E+16
95999,9.17103E+18,9,1,86,152,2017,10,17,3,3,5,2,0,1,0,0,0,1,0,6.91246E+20,5.38105E+21,1.15917E+16,4.85534E+16
96000,9.17103E+18,9,1,88,118,2017,10,13,3,3,5,3,0,1,0,0,1,0,0,6.69326E+20,5.3137E+21,1.1268E+16,4.79542E+16
96001,9.1711E+18,9,7,74,144,2017,11,13,7,3,9,6,0,1,0,0,0,0,0,6.06224E+20,5.36318E+21,1.04355E+16,4.84128E+16
96002,9.17103E+18,9,1,81,126,2017,10,12,3,3,5,3,0,1,0,0,0,0,0,6.36251E+20,5.33216E+21,1.08311E+16,4.81281E+16
96003,9.1711E+18,9,7,77,176,2017,11,23,7,3,8,7,0,1,0,0,0,2,0,6.01298E+20,5.30061E+21,1.03541E+16,4.78508E+16
96004,9.17103E+18,9,1,75,139,2017,10,20,3,3,9,1,0,1,0,0,0,2,0,7.10118E+20,5.33071E+21,1.18221E+16,4.8095E+16
96005,9.1711E+18,9,7,77,173,2017,11,12,7,2,2,6,1,0,0,0,0,0,0,6.38138E+20,5.27964E+21,1.08396E+16,4.76554E+16
96006,9.1711E+18,9,7,79,188,2017,11,22,7,3,4,7,0,1,0,0,1,2,0,6.16719E+20,5.41977E+21,1.05933E+16,4.89198E+16
96007,9.1711E+18,9,7,72,147,2017,11,20,7,3,2,1,0,1,0,0,0,2,0,6.28829E+20,5.36414E+21,1.07411E+16,4.84172E+16