OBJECTID,UIDENTSTLA,ULAND,UREGBEZ,UKREIS,UGEMEINDE,UJAHR,UMONAT,USTUNDE,UWOCHENTAG,UKATEGORIE,UART,UTYP1,IstRad,IstPKW,IstFuss,IstKrad,IstSonstig,LICHT,STRZUSTAND,LINREFX,LINREFY,XGCSWGS84,YGCSWGS84
96008,9.1711E+18,9,7,72,215,2017,11,17,7,3,2,6,0,1,0,0,0,2,0,6.33906E+20,5.34566E+21,1.08039E+16,4.825E+16
96009,9.1711E+18,9,6,79,117,2017,11,18,7,3,0,7,1,0,1,0,0,2,0,5.76561E+20,5.52795E+21,1.00661E+16,4.9899E+16
96010,9.1711E+18,9,6,75,147,2017,11,15,7,2,5,3,0,1,0,1,0,0,0,5.82951E+20,5.50363E+21,1.01498E+16,4.96795E+16
96011,9.1711E+18,9,6,76,123,2017,11,13,7,3,5,3,1,0,0,0,1,0,0,5.18346E+20,5.51886E+21,9.25505E+15,4.98219E+16
96012,9.1711E+18,9,6,71,111,2017,11,20,7,3,5,2,0,1,0,0,0,2,0,5.03983E+20,5.54387E+21,9.05563E+15,5.00471E+16
96013,9.1711E+18,9,5,63,0,2017,11,3,7,3,8,1,0,1,0,0,0,2,0,6.44721E+20,5.48467E+21,1.09987E+16,4.94974E+16
96014,9.1711E+18,9,5,63,0,2017,11,9,7,3,4,2,0,1,0,0,0,0,0,6.43962E+20,5.48075E+21,1.09868E+16,4.94623E+16
96015,9.1711E+18,9,5,64,0,2017,11,0,7,3,5,3,0,1,0,0,0,2,0,6.54059E+20,5.47387E+21,1.11233E+16,4.9398E+16
96016,9.17103E+18,9,1,62,0,2017,10,16,2,3,2,6,0,1,0,0,0,0,0,6.96349E+20,5.33145E+21,1.16377E+16,4.81061E+16
96017,9.17103E+18,9,1,84,119,2017,10,15,2,3,5,2,0,1,0,0,1,0,1,6.94451E+20,5.34742E+21,1.16195E+16,4.82501E+16
96018,9.1711E+18,9,5,71,114,2017,11,14,7,3,2,6,0,1,0,0,1,0,0,6.02718E+20,5.4566E+21,1.04116E+16,4.92536E+16
96019,9.1711E+18,9,4,75,182,2017,11,11,7,3,8,6,0,1,0,0,0,0,0,7.1086E+20,5.58562E+21,1.19662E+16,5.03848E+16
96020,9.1711E+18,9,4,75,136,2017,11,23,7,3,7,7,0,0,0,1,0,2,1,6.91633E+20,5.56855E+21,1.16874E+16,5.02381E+16
96021,9.1711E+18,9,4,75,168,2017,11,18,7,2,9,1,0,1,0,0,0,2,0,7.06877E+20,5.56738E+21,1.19003E+16,5.02223E+16
96022,9.1711E+18,9,4,78,165,2017,11,9,7,3,8,1,0,1,0,0,0,0,0,6.47751E+20,5.54541E+21,1.10635E+16,5.00426E+16
96023,9.1711E+18,9,4,78,145,2017,11,17,7,3,2,6,0,1,0,0,0,2,0,6.5144E+20,5.55805E+21,1.112E+16,5.01553E+16
96024,9.1711E+18,9,4,76,145,2017,11,13,7,2,5,2,0,1,0,0,0,0,0,6.6537E+20,5.56631E+21,1.13185E+16,5.02258E+16
96025,9.1711E+18,9,4,76,184,2017,11,17,7,3,8,7,0,1,0,0,0,1,0,6.80197E+20,5.57251E+21,1.15291E+16,5.02772E+16
96026,9.1711E+18,9,4,72,175,2017,11,17,7,2,5,3,0,1,0,0,0,1,0,6.80756E+20,5.51158E+21,1.15082E+16,4.97295E+16
96027,9.1711E+18,9,4,62,0,2017,11,10,7,3,5,3,1,1,0,0,0,0,1,6.85214E+20,5.53577E+21,1.15816E+16,4.99455E+16
96028,9.1711E+18,9,4,61,0,2017,11,19,7,3,6,2,0,0,1,0,1,2,0,6.36747E+20,5.53027E+21,1.09046E+16,4.99091E+16
96029,9.1711E+18,9,3,75,196,2017,11,0,7,2,9,1,0,1,0,0,0,2,1,7.31377E+20,5.41364E+21,1.2153E+16,4.88326E+16
96030,9.17103E+18,9,1,62,0,2017,10,18,2,3,5,7,0,1,0,0,1,2,0,6.8743E+20,5.34047E+21,1.1522E+16,4.81898E+16
96031,9.17103E+18,9,7,75,135,2017,10,13,2,3,2,6,0,1,0,0,0,0,0,5.77821E+20,5.36213E+21,1.00516E+16,4.84075E+16
96032,9.17103E+18,9,7,75,135,2017,10,11,2,3,5,3,0,1,0,0,0,0,0,5.80843E+20,5.36281E+21,1.00925E+16,4.84132E+16
96033,9.17103E+18,9,7,75,129,2017,10,20,2,3,5,3,0,1,0,0,0,2,0,5.82695E+20,5.34359E+21,1.01138E+16,4.82402E+16
96034,9.17103E+18,9,7,74,135,2017,10,16,2,3,5,3,0,1,0,0,0,2,0,5.94899E+20,5.36632E+21,1.02832E+16,4.84429E+16
96035,9.17103E+18,9,7,73,122,2017,10,15,2,3,4,6,0,1,0,0,0,0,0,6.30912E+20,5.3893E+21,1.07772E+16,4.8643E+16
96036,9.17103E+18,9,7,72,147,2017,10,11,2,3,2,6,0,1,0,0,0,0,0,6.38308E+20,5.36452E+21,1.08693E+16,4.84186E+16
96037,9.17103E+18,9,7,71,130,2017,10,17,2,2,4,2,0,1,0,1,0,2,0,6.44141E+20,5.36199E+21,1.09472E+16,4.83946E+16
96038,9.17103E+18,9,6,73,123,2017,10,18,2,3,9,1,0,0,0,1,0,2,0,5.8166E+20,5.59541E+21,1.01516E+16,5.0505E+16
96039,9.1711E+18,9,3,75,130,2017,11,16,7,2,9,7,0,0,0,1,0,0,0,7.37894E+20,5.43786E+21,1.22558E+16,4.90477E+16
96040,9.17103E+18,9,6,73,149,2017,10,16,2,2,9,1,0,1,0,0,0,0,0,5.81794E+20,5.5864E+21,1.01515E+16,5.04239E+16
96041,9.1711E+18,9,3,71,154,2017,11,16,7,3,4,2,0,1,0,0,0,1,0,7.00714E+20,5.4766E+21,1.1767E+16,4.94089E+16
96042,9.17103E+18,9,6,72,114,2017,10,11,2,3,6,2,0,1,1,0,0,0,1,5.77758E+20,5.56177E+21,1.00896E+16,5.0203E+16
96043,9.1711E+18,9,3,61,0,2017,11,17,7,3,1,6,0,1,0,0,0,2,0,7.0818E+20,5.47975E+21,1.18715E+16,4.94347E+16
96044,9.17103E+18,9,6,62,0,2017,10,21,2,3,5,2,0,1,0,1,0,2,0,5.87336E+20,5.54392E+21,1.02197E+16,5.00412E+16
96045,9.1711E+18,9,2,71,125,2017,11,11,7,3,5,2,0,1,0,0,1,0,0,8.00347E+20,5.40916E+21,1.30874E+16,4.87628E+16
96046,9.1711E+18,9,2,74,183,2017,11,14,7,3,8,1,0,0,0,1,0,0,0,7.43137E+20,5.35869E+21,1.22809E+16,4.83346E+16
96047,9.17103E+18,9,6,62,0,2017,10,12,2,2,6,2,0,1,1,0,0,0,1,5.87298E+20,5.54465E+21,1.02193E+16,5.00477E+16
96048,9.17103E+18,9,6,76,145,2017,10,12,2,3,0,7,0,0,0,0,1,0,0,5.10386E+20,5.52084E+21,9.14445E+15,4.98399E+16
96049,9.17103E+18,9,6,76,144,2017,10,9,2,3,0,7,1,0,0,0,0,0,1,5.09394E+20,5.5291E+21,9.13085E+15,4.99142E+16
96050,9.1711E+18,9,2,74,194,2017,11,18,7,3,9,7,0,1,0,0,0,2,0,7.18609E+20,5.38454E+21,1.19639E+16,4.85758E+16
96051,9.17103E+18,9,5,74,164,2017,10,20,2,2,3,6,0,1,0,0,1,2,0,6.66311E+20,5.47541E+21,1.12927E+16,4.94087E+16
96052,9.17103E+18,9,5,62,0,2017,10,15,2,3,6,4,0,1,1,0,0,0,0,6.4739E+20,5.49624E+21,1.10398E+16,4.96008E+16
96053,9.17103E+18,9,5,62,0,2017,10,17,2,3,5,3,1,1,0,0,0,0,1,6.44797E+20,5.49366E+21,1.1003E+16,4.95782E+16
96054,9.1711E+18,9,2,79,126,2017,11,5,7,3,0,7,0,0,0,0,1,2,1,7.58547E+20,5.38638E+21,1.25055E+16,4.85771E+16
96055,9.1711E+18,9,1,90,145,2017,11,15,7,2,6,6,0,0,1,1,0,0,0,6.49427E+20,5.28688E+21,1.09924E+16,4.7718E+16
96056,9.1711E+18,9,1,73,112,2017,11,19,7,3,4,2,0,1,0,0,0,2,1,6.93213E+20,5.29281E+21,1.15783E+16,4.77596E+16
96057,9.1711E+18,9,1,71,130,2017,11,12,7,3,4,1,0,1,0,0,0,0,0,7.88314E+20,5.35149E+21,1.28842E+16,4.82509E+16
96058,9.1711E+18,9,1,87,165,2017,11,13,7,1,1,6,0,1,0,1,0,0,0,7.32605E+20,5.2959E+21,1.21049E+16,4.77745E+16
96059,9.1711E+18,9,1,61,0,2017,11,9,7,2,9,7,0,1,0,0,0,0,0,6.79164E+20,5.40325E+21,1.14377E+16,4.87565E+16
96060,9.1711E+18,9,1,86,137,2017,11,14,7,2,9,1,0,1,0,0,0,0,0,6.84704E+20,5.39929E+21,1.15113E+16,4.87192E+16
96061,9.1711E+18,9,1,88,141,2017,11,11,7,2,4,7,0,1,0,0,0,0,0,6.68837E+20,5.3124E+21,1.12609E+16,4.79427E+16
96062,9.1711E+18,9,1,81,118,2017,11,13,7,3,9,1,0,1,0,0,0,0,0,6.50787E+20,5.32845E+21,1.1025E+16,4.80915E+16
96063,9.1711E+18,9,1,84,112,2017,11,19,7,2,9,1,0,1,0,0,1,2,0,7.02625E+20,5.33993E+21,1.17259E+16,4.81802E+16
96064,9.1711E+18,9,1,62,0,2017,11,20,6,3,6,4,1,0,1,0,0,2,0,6.85609E+20,5.3353E+21,1.14952E+16,4.81439E+16
96065,9.1711E+18,9,1,62,0,2017,11,16,6,3,4,6,1,0,0,0,0,0,0,6.85948E+20,5.33527E+21,1.14998E+16,4.81435E+16
96066,9.1711E+18,9,1,84,145,2017,11,14,6,3,2,6,0,1,0,0,0,0,0,6.95028E+20,5.32478E+21,1.16169E+16,4.80465E+16
96067,9.1711E+18,9,1,84,141,2017,11,8,6,3,4,6,0,1,0,0,1,0,0,6.93068E+20,5.3149E+21,1.15862E+16,4.79583E+16
96068,9.17103E+18,9,5,62,0,2017,10,12,2,3,5,3,0,1,0,0,0,0,0,6.46863E+20,5.4915E+21,1.10308E+16,4.95583E+16
96069,9.17103E+18,9,5,72,121,2017,10,18,2,3,2,6,0,1,0,0,0,2,0,6.59456E+20,5.49434E+21,1.12059E+16,4.95806E+16
96070,9.17103E+18,9,5,65,0,2017,10,16,2,2,5,3,1,1,0,0,0,0,0,6.46917E+20,5.46583E+21,1.1022E+16,4.93275E+16
96071,9.17103E+18,9,5,63,0,2017,10,9,2,3,5,3,1,1,0,0,0,0,0,6.44981E+20,5.48142E+21,1.1001E+16,4.94681E+16
96072,9.17103E+18,9,5,64,0,2017,10,14,2,3,2,6,0,1,0,0,0,0,0,6.47684E+20,5.47417E+21,1.10356E+16,4.94023E+16
96073,9.17103E+18,9,5,64,0,2017,10,12,2,3,5,2,0,1,0,0,0,0,0,6.50206E+20,5.47729E+21,1.10716E+16,4.94298E+16
96074,9.17103E+18,9,5,64,0,2017,10,10,2,1,6,2,0,0,1,0,1,0,0,6.50815E+20,5.48172E+21,1.10816E+16,4.94694E+16
96075,9.17103E+18,9,5,71,175,2017,10,18,2,3,2,6,0,1,0,0,0,0,0,6.22321E+20,5.45792E+21,1.06812E+16,4.92618E+16
96076,9.17103E+18,9,5,71,115,2017,10,11,2,3,8,1,0,1,0,0,0,0,0,6.14633E+20,5.44551E+21,1.05721E+16,4.91517E+16
96077,9.17103E+18,9,4,79,169,2017,10,15,2,3,4,7,0,1,0,0,0,0,0,7.14617E+20,5.54735E+21,1.19973E+16,5.00397E+16
96078,9.17103E+18,9,4,75,171,2017,10,8,2,2,8,1,0,1,1,0,0,0,1,6.96208E+20,5.57767E+21,1.17562E+16,5.03184E+16
96079,9.17103E+18,9,4,72,175,2017,10,11,2,3,8,1,0,1,0,0,0,0,1,6.77926E+20,5.50652E+21,1.14667E+16,4.96849E+16
96080,9.17103E+18,9,4,72,199,2017,10,19,2,3,0,7,0,1,0,0,0,2,0,6.90455E+20,5.53262E+21,1.1653E+16,4.99156E+16
96081,9.1711E+18,9,1,62,0,2017,11,18,6,3,2,6,0,1,0,0,0,2,0,6.94668E+20,5.33188E+21,1.16153E+16,4.81104E+16
96082,9.17103E+18,9,4,72,139,2017,10,10,2,3,4,6,0,1,0,0,0,0,1,6.98189E+20,5.55306E+21,1.17712E+16,5.00967E+16
96083,9.1711E+18,9,7,75,135,2017,11,14,6,3,1,6,0,1,0,0,0,0,0,5.74191E+20,5.35732E+21,1.00017E+16,4.83647E+16
96084,9.17103E+18,9,4,74,154,2017,10,16,2,2,2,6,0,1,0,0,1,0,0,6.53751E+20,5.49756E+21,1.11283E+16,4.9611E+16
96085,9.1711E+18,9,7,64,0,2017,11,12,6,3,2,6,0,1,0,0,0,0,0,5.8825E+20,5.31655E+21,1.0183E+16,4.79962E+16
96086,9.1711E+18,9,7,75,141,2017,11,22,6,3,5,2,0,1,0,1,0,2,1,5.88698E+20,5.3361E+21,1.0193E+16,4.81719E+16
96087,9.1711E+18,9,7,76,116,2017,11,18,6,3,5,7,1,1,0,0,0,2,0,5.53032E+20,5.26709E+21,9.70489E+15,4.75551E+16
96088,9.1711E+18,9,7,79,169,2017,11,5,6,3,1,6,0,1,0,0,0,2,0,6.31298E+20,5.40439E+21,1.07872E+16,4.87786E+16
96089,9.1711E+18,9,7,61,0,2017,11,10,6,3,4,2,0,1,0,0,0,0,0,6.43413E+20,5.36054E+21,1.09369E+16,4.83818E+16
96090,9.1711E+18,9,6,77,126,2017,11,14,6,3,2,6,0,1,0,0,0,0,0,5.38512E+20,5.5224E+21,9.53574E+15,4.98528E+16
96091,9.1711E+18,9,6,78,160,2017,11,15,6,3,2,6,0,1,0,0,0,0,0,5.82194E+20,5.54645E+21,1.01484E+16,5.00647E+16
96092,9.1711E+18,9,6,78,124,2017,11,17,6,3,2,6,0,1,0,0,1,2,0,6.01358E+20,5.53559E+21,1.04133E+16,4.99641E+16
96093,9.1711E+18,9,6,73,163,2017,11,5,6,3,9,1,0,1,0,0,0,1,1,5.78101E+20,5.57931E+21,1.0098E+16,5.03607E+16
96094,9.1711E+18,9,6,71,111,2017,11,12,6,3,5,3,0,1,0,0,0,0,0,5.07361E+20,5.54991E+21,9.10292E+15,5.01014E+16
96095,9.1711E+18,9,5,72,135,2017,11,5,6,3,8,1,0,1,0,0,0,2,0,6.49811E+20,5.48785E+21,1.10701E+16,4.95248E+16
96096,9.1711E+18,9,5,76,128,2017,11,14,6,3,2,6,0,0,0,0,1,0,0,6.43148E+20,5.46348E+21,1.09693E+16,4.93073E+16
96097,9.1711E+18,9,5,62,0,2017,11,19,6,3,2,6,0,1,0,0,0,2,0,6.4453E+20,5.49527E+21,1.09999E+16,4.95927E+16
96098,9.1711E+18,9,5,62,0,2017,11,16,6,3,0,7,1,0,0,0,0,1,0,6.44817E+20,5.4965E+21,1.10043E+16,4.96037E+16
96099,9.1711E+18,9,5,74,123,2017,11,14,6,2,4,6,0,1,0,0,1,0,0,6.61574E+20,5.4707E+21,1.12255E+16,4.93676E+16
96100,9.1711E+18,9,5,64,0,2017,11,14,6,3,5,2,0,1,0,0,0,0,0,6.49458E+20,5.47714E+21,1.10612E+16,4.94285E+16
96101,9.1711E+18,9,5,64,0,2017,11,14,6,3,5,3,1,1,0,0,0,0,0,6.47559E+20,5.47884E+21,1.10356E+16,4.94443E+16
96102,9.1711E+18,9,5,77,172,2017,11,10,6,3,8,7,0,0,0,1,0,0,0,6.32496E+20,5.43828E+21,1.08145E+16,4.90831E+16
96103,9.17103E+18,9,4,71,159,2017,10,16,2,3,4,6,1,0,0,0,0,0,0,6.39037E+20,5.53206E+21,1.09371E+16,4.99247E+16
96104,9.17111E+18,9,4,77,142,2017,11,5,3,3,7,7,1,0,0,0,0,2,1,6.7843E+20,5.5422E+21,1.14901E+16,5.00054E+16
96105,9.1711E+18,9,5,77,159,2017,11,22,6,3,8,1,0,1,0,0,0,2,1,6.32966E+20,5.44242E+21,1.08223E+16,4.91202E+16
96106,9.1711E+18,9,5,75,150,2017,11,16,6,3,0,6,0,1,0,0,0,0,0,6.15627E+20,5.49919E+21,1.06013E+16,4.96342E+16
96107,9.1711E+18,9,5,75,115,2017,11,14,6,3,5,3,0,1,0,0,0,0,0,5.94724E+20,5.4764E+21,1.03064E+16,4.94329E+16
96108,9.1711E+18,9,4,78,139,2017,11,15,6,3,2,6,0,1,0,0,1,0,0,6.45159E+20,5.55685E+21,1.10317E+16,5.01461E+16
96109,9.1711E+18,9,4,78,165,2017,11,14,6,3,3,3,0,1,0,0,1,0,0,6.43455E+20,5.55112E+21,1.10057E+16,5.0095E+16
96110,9.17103E+18,9,3,63,0,2017,10,13,2,3,2,2,0,1,0,1,0,0,0,7.27555E+20,5.50614E+21,1.21536E+16,4.96648E+16
96111,9.17103E+18,9,3,63,0,2017,10,18,2,3,2,6,0,1,0,0,1,2,0,7.27567E+20,5.50777E+21,1.21547E+16,4.96795E+16
96112,9.17103E+18,9,3,74,132,2017,10,15,2,3,2,6,0,1,0,0,0,0,0,7.35932E+20,5.4997E+21,1.22656E+16,4.96038E+16
96113,9.17103E+18,9,3,74,111,2017,10,11,2,3,2,6,0,1,0,0,0,0,0,7.27495E+20,5.51167E+21,1.21559E+16,4.97145E+16
96114,9.17103E+18,9,3,75,119,2017,10,5,2,3,2,6,0,1,0,0,0,2,0,7.37985E+20,5.44554E+21,1.22616E+16,4.91166E+16
96115,9.17103E+18,9,3,71,126,2017,10,18,2,2,6,4,0,1,1,0,0,2,0,7.02933E+20,5.49281E+21,1.18059E+16,4.95539E+16
96116,9.17103E+18,9,3,71,136,2017,10,14,2,3,4,2,0,1,0,0,0,0,1,7.08313E+20,5.47891E+21,1.18729E+16,4.94271E+16
96117,9.1711E+18,9,4,73,151,2017,11,13,6,3,2,6,0,1,0,0,1,0,0,6.50364E+20,5.5753E+21,1.11118E+16,5.03106E+16
96118,9.17103E+18,9,2,78,146,2017,10,17,2,3,2,7,0,1,0,0,0,2,0,7.56144E+20,5.41267E+21,1.24893E+16,4.88141E+16
96119,9.1711E+18,9,4,76,152,2017,11,13,6,3,2,6,0,1,0,0,0,0,0,6.66409E+20,5.59232E+21,1.13445E+16,5.04592E+16
96120,9.17103E+18,9,2,71,141,2017,10,11,2,3,6,4,0,1,1,0,0,0,1,7.959E+20,5.40197E+21,1.30219E+16,4.87005E+16
96121,9.17111E+18,9,4,72,119,2017,11,7,3,3,8,1,0,0,0,1,1,1,0,6.88398E+20,5.54247E+21,1.16292E+16,5.00047E+16
96122,9.1711E+18,9,4,77,163,2017,11,14,6,2,2,6,0,1,0,0,0,0,0,6.85797E+20,5.55334E+21,1.15982E+16,5.01033E+16
96123,9.1711E+18,9,4,74,126,2017,11,14,6,3,2,6,0,1,0,0,1,0,0,6.48716E+20,5.50709E+21,1.10623E+16,4.96979E+16
96124,9.17111E+18,9,4,62,0,2017,11,6,3,3,2,6,0,1,0,0,0,0,0,6.81758E+20,5.53408E+21,1.15327E+16,4.99314E+16
96125,9.1711E+18,9,4,74,176,2017,11,8,6,3,9,1,0,1,0,0,0,0,1,6.60247E+20,5.52128E+21,1.12279E+16,4.98225E+16
96126,9.1711E+18,9,3,75,199,2017,11,15,6,2,5,1,1,0,0,1,0,0,0,7.14732E+20,5.42873E+21,1.19345E+16,4.89741E+16
96127,9.1711E+18,9,3,75,191,2017,11,17,6,2,0,7,0,0,0,1,0,2,0,7.42564E+20,5.42262E+21,1.23105E+16,4.89089E+16
96128,9.1711E+18,9,3,76,153,2017,11,17,6,2,5,2,0,1,0,0,0,2,0,7.33155E+20,5.48923E+21,1.2221E+16,4.95108E+16
96129,9.1711E+18,9,3,71,127,2017,11,13,6,2,5,3,1,1,0,0,0,0,0,7.12097E+20,5.49162E+21,1.19318E+16,4.95401E+16
96130,9.1711E+18,9,2,78,116,2017,11,4,6,3,4,6,0,0,0,0,1,2,0,7.65461E+20,5.43377E+21,1.26297E+16,4.89997E+16
96131,9.1711E+18,9,2,77,126,2017,11,14,6,3,5,3,0,1,0,1,0,0,0,7.91376E+20,5.38294E+21,1.29472E+16,4.85318E+16
96132,9.1711E+18,9,2,62,0,2017,11,13,6,2,2,6,0,0,0,1,1,0,0,8.28677E+20,5.39005E+21,1.34566E+16,4.85772E+16
96133,9.1711E+18,9,2,75,130,2017,11,15,6,3,5,3,0,1,0,0,0,0,0,8.16508E+20,5.36411E+21,1.32725E+16,4.83507E+16
96134,9.1711E+18,9,2,74,174,2017,11,12,6,3,8,7,0,1,0,0,0,0,0,7.46544E+20,5.39802E+21,1.235E+16,4.86864E+16
96135,9.1711E+18,9,2,61,0,2017,11,17,6,3,2,6,0,1,0,0,0,1,0,7.34499E+20,5.38175E+21,1.21774E+16,4.85449E+16
96136,9.17103E+18,9,2,72,151,2017,10,10,2,3,5,2,0,1,0,0,0,0,1,8.38841E+20,5.4081E+21,1.36087E+16,4.87337E+16
96137,9.1711E+18,9,1,73,126,2017,11,18,6,3,5,3,0,1,0,0,0,2,0,6.84642E+20,5.30397E+21,1.14688E+16,4.78625E+16
96138,9.17103E+18,9,2,72,118,2017,10,19,2,3,4,2,0,1,0,0,0,2,0,8.32422E+20,5.41613E+21,1.35282E+16,4.88091E+16
96139,9.1711E+18,9,1,73,112,2017,11,5,6,3,5,3,0,1,0,0,0,2,1,6.9237E+20,5.293E+21,1.15671E+16,4.77616E+16
96140,9.1711E+18,9,1,89,157,2017,11,10,6,3,5,3,0,1,0,0,0,0,0,7.6596E+20,5.32611E+21,1.25679E+16,4.80328E+16
96141,9.1711E+18,9,1,89,154,2017,11,18,6,3,5,2,0,1,0,0,0,2,0,7.655E+20,5.31994E+21,1.25579E+16,4.79776E+16
96142,9.1711E+18,9,1,72,122,2017,11,14,6,3,4,6,1,0,0,0,1,0,0,7.93933E+20,5.31698E+21,1.2936E+16,4.79386E+16
96143,9.1711E+18,9,1,72,117,2017,11,7,6,2,5,3,0,1,0,1,0,1,1,7.96592E+20,5.28667E+21,1.29508E+16,4.76653E+16
96144,9.1711E+18,9,1,63,0,2017,11,7,6,3,4,2,0,1,0,0,0,0,1,7.33759E+20,5.30329E+21,1.21242E+16,4.78404E+16
96145,9.1711E+18,9,1,82,136,2017,11,15,6,3,2,6,0,1,0,0,0,0,0,7.03321E+20,5.30431E+21,1.17184E+16,4.786E+16
96146,9.1711E+18,9,1,86,162,2017,11,14,6,3,8,1,0,0,0,1,0,0,0,6.93436E+20,5.38263E+21,1.16221E+16,4.85669E+16
96147,9.1711E+18,9,1,76,111,2017,11,23,6,3,8,7,0,1,0,0,0,2,0,6.61193E+20,5.41302E+21,1.11973E+16,4.88492E+16
96148,9.1711E+18,9,1,79,123,2017,11,18,6,3,2,6,0,1,0,0,0,2,0,6.77961E+20,5.33219E+21,1.13912E+16,4.81181E+16
96149,9.1711E+18,9,1,62,0,2017,11,18,6,2,3,6,0,1,0,1,0,2,0,6.85501E+20,5.33313E+21,1.14928E+16,4.81243E+16
96150,9.1711E+18,9,1,88,145,2017,11,22,6,3,9,6,0,1,0,0,0,2,1,6.64544E+20,5.32821E+21,1.12095E+16,4.80859E+16
96151,9.1711E+18,9,1,79,142,2017,11,21,6,3,4,6,0,1,0,0,0,2,0,6.71823E+20,5.34255E+21,1.1313E+16,4.82129E+16
96152,9.1711E+18,9,1,79,136,2017,11,17,6,3,5,2,0,1,0,0,0,2,0,6.6103E+20,5.34162E+21,1.11675E+16,4.82073E+16
96153,9.17103E+18,9,2,77,116,2017,10,9,2,3,5,3,0,1,0,0,1,0,0,7.77589E+20,5.36722E+21,1.27504E+16,4.83969E+16
96154,9.17103E+18,9,2,79,128,2017,10,23,2,2,9,1,0,1,0,0,0,2,1,7.54425E+20,5.39623E+21,1.24558E+16,4.86672E+16
96155,9.17111E+18,9,4,71,119,2017,11,6,3,3,3,6,0,1,0,0,1,2,0,6.35938E+20,5.53494E+21,1.08949E+16,4.99513E+16
96156,9.17103E+18,9,1,87,177,2017,10,5,2,3,2,6,0,1,0,1,0,0,0,7.36093E+20,5.30434E+21,1.21559E+16,4.7849E+16
96157,9.17103E+18,9,1,82,127,2017,10,19,2,2,9,1,0,1,0,0,0,2,0,6.9898E+20,5.31109E+21,1.16635E+16,4.79222E+16
96158,9.17103E+18,9,1,82,116,2017,10,23,2,3,0,1,0,0,0,1,0,2,0,7.0522E+20,5.29253E+21,1.17382E+16,4.77534E+16
96159,9.17103E+18,9,1,61,0,2017,10,13,2,2,3,2,1,1,0,0,0,0,0,6.79258E+20,5.40429E+21,1.14395E+16,4.87658E+16
96160,9.17103E+18,9,1,61,0,2017,10,16,2,3,3,2,1,1,0,0,0,1,1,6.79251E+20,5.4044E+21,1.14394E+16,4.87668E+16
96161,9.1711E+18,9,1,78,120,2017,11,2,6,3,9,1,0,0,0,1,0,2,0,6.95115E+20,5.35516E+21,1.1632E+16,4.83195E+16
96162,9.17103E+18,9,1,61,0,2017,10,14,2,3,9,7,0,1,0,0,0,0,0,6.69396E+20,5.40532E+21,1.13058E+16,4.87778E+16
96163,9.1711E+18,9,1,77,143,2017,11,11,6,3,1,6,0,1,0,0,0,0,0,7.20306E+20,5.36457E+21,1.19763E+16,4.83957E+16
96164,9.17103E+18,9,1,86,162,2017,10,15,2,3,8,1,0,1,0,0,1,0,0,6.95584E+20,5.38714E+21,1.16533E+16,4.86068E+16
96165,9.1711E+18,9,1,77,115,2017,11,12,6,3,2,6,0,1,0,0,0,0,0,7.34091E+20,5.35108E+21,1.21548E+16,4.82696E+16
96166,9.1711E+18,9,1,84,129,2017,11,19,5,3,5,3,0,1,0,0,0,2,0,7.01761E+20,5.32653E+21,1.1708E+16,4.80601E+16
96167,9.17111E+18,9,3,63,0,2017,11,11,3,3,2,6,0,1,0,0,0,0,0,7.26614E+20,5.50143E+21,1.21378E+16,4.96229E+16
96168,9.1711E+18,9,1,62,0,2017,11,16,5,3,5,2,0,1,0,0,0,0,0,6.92115E+20,5.34002E+21,1.15847E+16,4.81843E+16
96169,9.1711E+18,9,1,62,0,2017,11,18,5,3,3,6,0,1,0,1,0,2,0,6.8635E+20,5.3318E+21,1.15037E+16,4.81122E+16
96170,9.17111E+18,9,3,62,0,2017,11,11,3,3,3,6,0,1,0,0,1,0,0,7.30914E+20,5.43216E+21,1.21572E+16,4.89991E+16
96171,9.1711E+18,9,1,84,145,2017,11,20,5,3,2,6,0,1,0,0,0,2,0,6.94322E+20,5.32325E+21,1.16068E+16,4.8033E+16
96172,9.1711E+18,9,1,62,0,2017,11,16,5,3,6,4,0,1,1,0,0,2,0,6.94425E+20,5.33186E+21,1.16121E+16,4.81103E+16
96173,9.1711E+18,9,7,78,136,2017,11,6,5,2,3,6,0,1,0,0,1,0,0,5.9849E+20,5.32019E+21,1.0321E+16,4.80274E+16
96174,9.1711E+18,9,7,75,152,2017,11,16,5,3,5,3,1,1,0,0,0,0,0,5.77579E+20,5.35261E+21,1.00465E+16,4.83219E+16
96175,9.1711E+18,9,7,64,0,2017,11,17,5,3,4,6,1,0,0,0,0,1,0,5.87727E+20,5.31699E+21,1.01761E+16,4.80002E+16
96176,9.17103E+18,9,1,86,137,2017,10,13,2,3,2,6,0,1,0,0,0,0,0,6.84632E+20,5.39925E+21,1.15103E+16,4.87189E+16
96177,9.17103E+18,9,1,81,132,2017,10,17,2,1,4,1,0,1,0,0,0,1,0,6.42038E+20,5.32993E+21,1.09081E+16,4.81068E+16
96178,9.17103E+18,9,1,81,130,2017,10,10,2,3,4,2,0,1,0,0,0,0,0,6.41986E+20,5.3221E+21,1.09048E+16,4.80364E+16
96179,9.1711E+18,9,7,80,140,2017,11,15,5,2,4,2,0,1,0,0,0,0,0,5.99714E+20,5.28206E+21,1.03287E+16,4.76842E+16