OBJECTID,UIDENTSTLA,ULAND,UREGBEZ,UKREIS,UGEMEINDE,UJAHR,UMONAT,USTUNDE,UWOCHENTAG,UKATEGORIE,UART,UTYP1,IstRad,IstPKW,IstFuss,IstKrad,IstSonstig,LICHT,STRZUSTAND,LINREFX,LINREFY,XGCSWGS84,YGCSWGS84
96351,9.17111E+18,9,7,72,147,2017,11,14,6,3,0,2,1,0,0,0,1,0,1,6.37909E+20,5.365E+21,1.08641E+16,4.84231E+16
96352,9.17111E+18,9,7,71,122,2017,11,16,6,3,8,1,0,1,0,0,0,0,1,6.48795E+20,5.36006E+21,1.10094E+16,4.83761E+16
96353,9.17111E+18,9,7,71,146,2017,11,7,6,3,0,2,1,1,0,0,0,0,1,6.4678E+20,5.34873E+21,1.09782E+16,4.82747E+16
96354,9.17111E+18,9,7,61,0,2017,11,14,6,3,4,2,0,1,0,1,0,0,1,6.37027E+20,5.36005E+21,1.08506E+16,4.83787E+16
96355,9.17111E+18,9,7,61,0,2017,11,17,6,3,2,6,0,1,0,1,0,2,1,6.42172E+20,5.3623E+21,1.09208E+16,4.83979E+16
96356,9.17111E+18,9,1,89,114,2017,11,2,1,2,8,1,0,1,0,0,0,2,1,7.6388E+20,5.30859E+21,1.25293E+16,4.78764E+16
96357,9.17111E+18,9,1,71,112,2017,11,17,1,3,5,2,1,1,0,0,0,2,1,7.84955E+20,5.34192E+21,1.28327E+16,4.81666E+16
96358,9.17111E+18,9,1,72,116,2017,11,14,1,3,4,6,0,1,0,0,0,0,0,8.005E+20,5.28248E+21,1.29999E+16,4.7626E+16
96359,9.17111E+18,9,7,79,126,2017,11,7,2,3,2,6,0,1,0,0,0,0,1,6.33541E+20,5.4061E+21,1.08183E+16,4.87936E+16
96360,9.17111E+18,9,7,79,115,2017,11,7,2,3,1,6,0,1,0,0,0,0,0,6.33299E+20,5.39486E+21,1.08114E+16,4.86926E+16
96361,9.17111E+18,9,7,73,188,2017,11,16,2,3,4,1,0,1,0,0,0,0,0,6.2116E+20,5.3771E+21,1.06413E+16,4.85353E+16
96362,9.17111E+18,9,7,73,183,2017,11,17,2,3,5,2,0,1,0,0,0,2,1,6.03829E+20,5.38709E+21,1.04091E+16,4.86282E+16
96363,9.17111E+18,9,6,75,142,2017,11,6,2,2,2,6,0,1,0,0,1,2,1,5.93623E+20,5.51487E+21,1.03004E+16,4.9779E+16
96364,9.17111E+18,9,7,61,0,2017,11,14,6,3,4,2,0,1,0,1,0,0,1,6.40991E+20,5.3604E+21,1.09042E+16,4.8381E+16
96365,9.17111E+18,9,6,63,0,2017,11,23,2,2,5,3,0,1,0,0,0,2,0,5.66629E+20,5.51675E+21,9.92587E+15,4.97995E+16
96366,9.17111E+18,9,6,63,0,2017,11,17,2,3,2,6,0,1,0,0,0,2,0,5.67177E+20,5.51686E+21,9.93349E+15,4.98005E+16
96367,9.17111E+18,9,6,77,131,2017,11,13,2,3,2,6,0,1,0,0,0,0,0,5.49485E+20,5.54497E+21,9.69128E+15,5.00549E+16
96368,9.17111E+18,9,6,75,114,2017,11,20,2,3,8,1,0,1,0,0,0,2,0,5.82341E+20,5.51225E+21,1.01432E+16,4.97571E+16
96369,9.17111E+18,9,6,72,114,2017,11,6,2,2,9,1,0,1,0,0,0,1,1,5.78304E+20,5.55669E+21,1.00962E+16,5.01572E+16
96370,9.17111E+18,9,6,72,114,2017,11,9,2,3,2,2,0,1,0,0,1,0,0,5.77246E+20,5.56052E+21,1.00822E+16,5.01918E+16
96371,9.17111E+18,9,6,78,174,2017,11,16,2,3,5,2,0,1,0,0,0,0,0,5.94118E+20,5.54414E+21,1.03144E+16,5.00421E+16
96372,9.17111E+18,9,1,71,133,2017,11,17,1,2,2,2,0,1,0,0,0,2,1,7.71557E+20,5.34634E+21,1.26557E+16,4.82121E+16
96373,9.17111E+18,9,7,71,156,2017,11,20,6,3,5,3,0,1,0,0,0,2,1,6.56236E+20,5.38404E+21,1.11188E+16,4.85899E+16
96374,9.17111E+18,9,6,79,154,2017,11,13,6,1,4,1,0,1,0,0,1,0,1,5.54574E+20,5.51284E+21,9.75782E+15,4.97655E+16
96375,9.17111E+18,9,1,87,164,2017,11,12,1,3,8,1,0,1,0,0,0,0,1,7.35861E+20,5.32168E+21,1.21623E+16,4.80048E+16
96376,9.17111E+18,9,6,75,113,2017,11,17,6,3,0,7,0,1,0,0,1,2,1,5.77573E+20,5.5102E+21,1.00766E+16,4.97393E+16
96377,9.17111E+18,9,6,75,117,2017,11,11,6,3,8,1,0,1,0,0,0,0,1,5.79443E+20,5.51776E+21,1.01041E+16,4.9807E+16
96378,9.17111E+18,9,1,82,124,2017,11,18,1,2,6,6,0,1,1,0,0,2,1,7.06704E+20,5.28529E+21,1.17545E+16,4.76879E+16
96379,9.17111E+18,9,6,77,114,2017,11,13,6,3,9,1,0,1,0,0,0,0,1,5.70162E+20,5.53626E+21,9.9785E+15,4.99746E+16
96380,9.17111E+18,9,6,72,121,2017,11,20,6,3,3,1,0,1,0,0,0,2,1,5.67906E+20,5.55517E+21,9.95039E+15,5.01449E+16
96381,9.17111E+18,9,6,77,114,2017,11,17,6,2,2,6,0,1,0,0,0,2,1,5.74212E+20,5.53603E+21,1.00349E+16,4.9972E+16
96382,9.17111E+18,9,6,78,193,2017,11,10,6,3,3,6,0,1,0,0,0,0,0,5.77655E+20,5.53407E+21,1.00825E+16,4.9954E+16
96383,9.17111E+18,9,6,78,135,2017,11,22,6,3,0,2,1,0,0,0,0,2,1,5.90917E+20,5.54229E+21,1.02693E+16,5.0026E+16
96384,9.17111E+18,9,1,72,118,2017,11,6,3,2,5,3,0,1,0,0,0,2,1,7.97993E+20,5.30631E+21,1.29829E+16,4.78409E+16
96385,9.17111E+18,9,6,77,120,2017,11,20,6,3,2,6,0,1,0,0,1,2,1,5.33804E+20,5.52384E+21,9.47038E+15,4.9866E+16
96386,9.17111E+18,9,5,76,151,2017,11,7,6,3,2,6,0,1,0,0,1,1,1,6.53877E+20,5.47286E+21,1.11204E+16,4.9389E+16
96387,9.17111E+18,9,2,75,128,2017,11,17,3,3,1,6,0,1,0,0,0,2,1,8.30281E+20,5.40467E+21,1.34899E+16,4.87075E+16
96388,9.17111E+18,9,5,64,0,2017,11,18,6,3,2,6,0,1,0,0,0,2,1,6.50506E+20,5.47406E+21,1.10745E+16,4.94006E+16
96389,9.17111E+18,9,5,74,123,2017,11,16,6,3,2,6,0,1,0,0,0,2,1,6.59349E+20,5.47452E+21,1.11964E+16,4.94025E+16
96390,9.17111E+18,9,3,62,0,2017,11,4,3,2,2,6,0,0,0,0,1,2,0,7.28212E+20,5.43142E+21,1.21199E+16,4.89935E+16
96391,9.17111E+18,9,5,64,0,2017,11,18,6,3,3,6,0,1,0,0,1,2,1,6.50506E+20,5.47406E+21,1.10745E+16,4.94006E+16
96392,9.17111E+18,9,5,77,177,2017,11,13,3,3,1,6,0,1,0,0,0,0,0,6.44927E+20,5.43234E+21,1.09826E+16,4.90269E+16
96393,9.17111E+18,9,5,76,151,2017,11,12,6,3,9,1,0,1,0,0,0,0,1,6.55064E+20,5.47138E+21,1.11362E+16,4.93754E+16
96394,9.17111E+18,9,5,74,156,2017,11,7,3,3,2,6,0,1,0,0,0,0,0,6.58009E+20,5.4824E+21,1.11811E+16,4.94737E+16
96395,9.17111E+18,9,5,72,115,2017,11,14,6,3,2,6,0,1,0,0,0,0,1,6.46869E+20,5.50295E+21,1.10351E+16,4.96611E+16
96396,9.17111E+18,9,5,65,0,2017,11,11,6,3,6,4,0,1,1,0,0,0,0,6.46842E+20,5.46582E+21,1.1021E+16,4.93274E+16
96397,9.17111E+18,9,5,74,156,2017,11,5,6,3,6,4,0,1,1,0,0,2,1,6.59412E+20,5.48226E+21,1.12004E+16,4.94721E+16
96398,9.17111E+18,9,1,61,0,2017,11,10,1,3,2,6,0,1,0,0,0,0,1,6.81337E+20,5.40131E+21,1.14664E+16,4.87384E+16
96399,9.17111E+18,9,1,76,150,2017,11,14,1,3,8,7,0,1,0,0,0,0,1,6.91897E+20,5.412E+21,1.16149E+16,4.88313E+16
96400,9.17111E+18,9,1,62,0,2017,11,18,1,3,2,6,0,1,0,0,0,2,1,6.92764E+20,5.33909E+21,1.1593E+16,4.81758E+16
96401,9.17111E+18,9,6,62,0,2017,11,15,2,3,6,2,0,1,1,0,0,0,0,5.87538E+20,5.54571E+21,1.02229E+16,5.00572E+16
96402,9.17111E+18,9,6,78,136,2017,11,11,2,3,0,3,0,1,0,0,1,0,0,5.87016E+20,5.5403E+21,1.02144E+16,5.00086E+16
96403,9.17111E+18,9,5,64,0,2017,11,16,6,3,5,3,0,1,0,0,1,1,1,6.53806E+20,5.48143E+21,1.11228E+16,4.9466E+16
96404,9.17111E+18,9,6,61,0,2017,11,12,3,3,5,3,0,1,0,0,0,0,0,5.082E+20,5.53342E+21,9.11431E+15,4.99531E+16
96405,9.17111E+18,9,5,64,0,2017,11,17,6,2,6,4,0,1,1,0,0,2,1,6.49463E+20,5.47715E+21,1.10613E+16,4.94286E+16
96406,9.17111E+18,9,5,64,0,2017,11,16,6,3,5,2,0,1,0,0,0,2,1,6.45813E+20,5.48113E+21,1.10124E+16,4.94653E+16
96407,9.17111E+18,9,5,64,0,2017,11,11,6,3,6,2,0,1,1,0,0,0,1,6.49232E+20,5.47877E+21,1.10587E+16,4.94433E+16
96408,9.17111E+18,9,5,75,121,2017,11,15,6,3,5,3,0,1,0,0,0,0,1,6.25272E+20,5.49082E+21,1.07322E+16,4.9557E+16
96409,9.17111E+18,9,5,71,166,2017,11,12,6,3,8,1,0,0,0,0,1,0,1,6.12938E+20,5.45183E+21,1.05506E+16,4.92088E+16
96410,9.17111E+18,9,5,61,0,2017,11,14,6,3,2,6,0,1,0,0,0,0,1,6.15143E+20,5.45918E+21,1.0583E+16,4.92745E+16
96411,9.17111E+18,9,6,71,111,2017,11,20,2,3,2,6,0,1,0,0,0,2,0,5.02377E+20,5.549E+21,9.03323E+15,5.00933E+16
96412,9.17111E+18,9,1,78,145,2017,11,1,1,3,3,1,0,1,0,0,0,2,1,6.99301E+20,5.35679E+21,1.16892E+16,4.83328E+16
96413,9.17111E+18,9,1,62,0,2017,11,17,7,3,0,1,0,1,0,0,0,2,1,6.9271E+20,5.33009E+21,1.15882E+16,4.80949E+16
96414,9.17111E+18,9,1,84,135,2017,11,12,7,2,5,3,0,1,0,0,0,0,1,6.92117E+20,5.34476E+21,1.15869E+16,4.82269E+16
96415,9.17111E+18,9,1,62,0,2017,11,17,7,3,6,2,0,1,1,0,0,2,1,6.87351E+20,5.33508E+21,1.15185E+16,4.81414E+16
96416,9.17111E+18,9,6,76,123,2017,11,11,2,3,2,3,1,0,0,0,1,0,0,5.18675E+20,5.5198E+21,9.25966E+15,4.98303E+16
96417,9.17111E+18,9,6,71,160,2017,11,8,2,3,8,1,0,1,0,0,0,0,1,5.25951E+20,5.52615E+21,9.36126E+15,4.98872E+16
96418,9.17111E+18,9,5,72,444,2017,11,21,2,2,2,6,0,1,0,0,1,2,0,6.47596E+20,5.489E+21,1.10399E+16,4.95356E+16
96419,9.17111E+18,9,5,62,0,2017,11,21,2,3,3,6,0,1,0,0,1,2,1,6.44062E+20,5.49485E+21,1.09933E+16,4.9589E+16
96420,9.17111E+18,9,5,65,0,2017,11,17,2,3,2,6,0,1,0,0,0,2,0,6.49208E+20,5.46591E+21,1.10535E+16,4.93277E+16
96421,9.17111E+18,9,5,74,123,2017,11,18,2,2,6,7,0,1,1,0,0,2,0,6.58917E+20,5.47355E+21,1.11901E+16,4.93939E+16
96422,9.17111E+18,9,5,61,0,2017,11,17,6,3,2,6,0,1,0,0,0,2,1,6.14498E+20,5.4609E+21,1.05746E+16,4.92901E+16
96423,9.17111E+18,9,4,75,154,2017,11,23,6,3,8,1,0,1,0,0,0,2,1,6.97186E+20,5.56312E+21,1.17624E+16,5.01874E+16
96424,9.17111E+18,9,4,72,119,2017,11,20,6,3,9,1,0,1,0,0,0,2,1,6.86966E+20,5.54223E+21,1.16091E+16,5.0003E+16
96425,9.17111E+18,9,1,84,122,2017,11,12,7,3,0,6,0,1,0,1,0,0,1,6.87997E+20,5.3238E+21,1.15222E+16,4.80397E+16
96426,9.17111E+18,9,1,62,0,2017,11,19,7,3,3,2,1,1,0,0,0,2,1,6.94764E+20,5.33715E+21,1.1619E+16,4.81577E+16
96427,9.17111E+18,9,5,76,143,2017,11,8,2,3,2,6,0,1,0,0,1,0,1,6.51785E+20,5.45401E+21,1.10845E+16,4.92201E+16
96428,9.17111E+18,9,4,72,119,2017,11,14,6,2,2,6,0,1,0,0,0,0,1,6.87174E+20,5.5388E+21,1.16104E+16,4.99722E+16
96429,9.17111E+18,9,4,71,115,2017,11,21,6,2,5,3,0,1,0,0,0,2,1,6.29282E+20,5.54049E+21,1.08041E+16,5.00027E+16
96430,9.17111E+18,9,4,71,145,2017,11,14,6,3,6,4,0,1,1,0,0,0,0,6.43001E+20,5.52029E+21,1.09879E+16,4.9818E+16
96431,9.17111E+18,9,4,61,0,2017,11,13,6,3,2,6,0,1,0,0,1,0,0,6.33405E+20,5.53086E+21,1.08582E+16,4.99152E+16
96432,9.17111E+18,9,3,74,149,2017,11,7,6,3,2,6,0,1,0,0,0,0,1,7.10585E+20,5.51617E+21,1.19241E+16,4.97611E+16
96433,9.17111E+18,9,1,90,121,2017,11,12,3,3,8,1,0,0,0,0,1,0,0,6.63209E+20,5.28802E+21,1.11764E+16,4.77249E+16
96434,9.17111E+18,9,3,72,171,2017,11,18,6,3,5,3,0,1,0,0,0,2,1,7.67178E+20,5.47306E+21,1.26792E+16,4.93516E+16
96435,9.17111E+18,9,2,78,118,2017,11,17,3,3,2,6,0,1,0,0,1,2,0,7.68603E+20,5.42688E+21,1.2668E+16,4.89365E+16
96436,9.17111E+18,9,3,75,190,2017,11,6,6,3,2,6,0,1,0,0,0,1,0,7.27409E+20,5.44491E+21,1.21165E+16,4.91149E+16
96437,9.17111E+18,9,4,78,139,2017,11,13,3,3,5,3,0,1,0,0,0,0,0,6.46119E+20,5.5554E+21,1.10446E+16,5.01329E+16
96438,9.17111E+18,9,3,73,147,2017,11,16,6,3,4,2,0,1,0,0,0,1,1,6.78089E+20,5.4597E+21,1.14479E+16,4.92641E+16
96439,9.17111E+18,9,5,74,147,2017,11,7,3,3,4,6,0,1,0,0,0,0,0,6.79837E+20,5.4888E+21,1.14851E+16,4.95251E+16
96440,9.17111E+18,9,3,73,140,2017,11,17,6,3,4,3,0,1,0,0,0,2,1,6.88888E+20,5.47043E+21,1.16012E+16,4.93573E+16
96441,9.17111E+18,9,3,72,178,2017,11,19,6,2,9,1,0,1,0,0,0,2,2,8.02105E+20,5.45142E+21,1.31426E+16,4.91412E+16
96442,9.17111E+18,9,3,72,175,2017,11,6,6,3,4,2,0,1,0,0,0,2,0,7.672E+20,5.46094E+21,1.26714E+16,4.92428E+16
96443,9.17111E+18,9,2,78,148,2017,11,16,6,3,5,3,0,1,0,0,0,1,1,7.37654E+20,5.40701E+21,1.22346E+16,4.87707E+16
96444,9.17111E+18,9,2,72,141,2017,11,22,6,3,2,6,0,1,0,0,0,2,1,8.3091E+20,5.41257E+21,1.35048E+16,4.8778E+16
96445,9.17111E+18,9,3,61,0,2017,11,14,3,3,2,6,0,1,0,0,0,0,0,7.08635E+20,5.48024E+21,1.1878E+16,4.94389E+16
96446,9.17111E+18,9,2,74,184,2017,11,16,6,3,2,6,0,1,0,0,0,2,1,7.47135E+20,5.36845E+21,1.23405E+16,4.84207E+16
96447,9.17111E+18,9,2,74,114,2017,11,12,6,3,9,1,0,1,0,0,0,0,0,7.36577E+20,5.37145E+21,1.21997E+16,4.84517E+16
96448,9.17111E+18,9,4,63,0,2017,11,8,3,3,1,6,0,1,0,0,0,0,1,6.39392E+20,5.57036E+21,1.0956E+16,5.02689E+16
96449,9.17111E+18,9,2,74,172,2017,11,14,6,3,9,1,0,1,0,0,0,0,1,7.17127E+20,5.39139E+21,1.19474E+16,4.86379E+16
96450,9.17111E+18,9,5,74,152,2017,11,15,3,3,0,1,1,0,0,0,0,0,1,6.60825E+20,5.48287E+21,1.12202E+16,4.94771E+16
96451,9.17111E+18,9,2,73,125,2017,11,6,6,3,2,6,0,1,0,0,0,2,0,7.20869E+20,5.41555E+21,1.20111E+16,4.88535E+16
96452,9.17111E+18,9,6,63,0,2017,11,15,3,3,2,6,0,1,0,0,0,1,1,5.66889E+20,5.51164E+21,9.9286E+15,4.97536E+16
96453,9.17111E+18,9,2,73,125,2017,11,6,6,3,2,6,0,1,0,0,1,2,0,7.20869E+20,5.41555E+21,1.20111E+16,4.88535E+16
96454,9.17111E+18,9,2,73,125,2017,11,6,6,3,2,6,0,1,0,0,0,0,0,7.20981E+20,5.41592E+21,1.20128E+16,4.88568E+16
96455,9.17111E+18,9,2,74,146,2017,11,17,6,3,2,6,0,1,0,0,0,2,1,7.33442E+20,5.37737E+21,1.21607E+16,4.8506E+16
96456,9.17111E+18,9,7,75,135,2017,11,17,7,3,2,6,0,1,0,0,0,1,0,5.73569E+20,5.35958E+21,9.99367E+15,4.83851E+16
96457,9.17111E+18,9,7,75,139,2017,11,11,7,3,8,1,0,1,0,0,0,0,1,5.82716E+20,5.36846E+21,1.01189E+16,4.84638E+16
96458,9.17111E+18,9,7,75,135,2017,11,13,7,3,4,3,0,1,0,0,0,0,1,5.74736E+20,5.36065E+21,1.00096E+16,4.83946E+16
96459,9.17111E+18,9,7,74,129,2017,11,8,7,3,9,1,0,1,0,0,0,0,1,5.9779E+20,5.3416E+21,1.03166E+16,4.82201E+16
96460,9.17111E+18,9,5,65,0,2017,11,17,2,3,4,2,0,1,0,1,0,2,1,6.48057E+20,5.46549E+21,1.10375E+16,4.93242E+16
96461,9.17111E+18,9,5,72,164,2017,11,11,2,3,5,3,1,1,0,0,0,0,0,6.33645E+20,5.49909E+21,1.08507E+16,4.96296E+16
96462,9.17111E+18,9,5,72,133,2017,11,8,2,3,5,3,0,1,0,0,0,0,1,6.3742E+20,5.49933E+21,1.0903E+16,4.96309E+16
96463,9.17111E+18,9,5,62,0,2017,11,15,2,3,5,3,0,1,0,0,0,0,1,6.46259E+20,5.4914E+21,1.10224E+16,4.95575E+16
96464,9.17111E+18,9,5,62,0,2017,11,6,2,3,2,6,0,1,0,0,1,2,1,6.43516E+20,5.49284E+21,1.0985E+16,4.95711E+16
96465,9.17111E+18,9,5,76,151,2017,11,6,2,3,5,3,0,1,0,0,0,1,1,6.56676E+20,5.47024E+21,1.11579E+16,4.93647E+16
96466,9.17111E+18,9,2,79,112,2017,11,16,6,3,2,6,0,1,0,0,0,1,1,7.59353E+20,5.39456E+21,1.25216E+16,4.86503E+16
96467,9.17111E+18,9,7,63,0,2017,11,9,7,3,5,3,0,1,0,0,0,0,1,5.92631E+20,5.29108E+21,1.02362E+16,4.77664E+16
96468,9.17111E+18,9,7,80,123,2017,11,14,7,3,4,7,0,1,0,0,0,0,1,6.06115E+20,5.26352E+21,1.04094E+16,4.75165E+16
96469,9.17111E+18,9,1,89,142,2017,11,15,6,2,5,3,1,1,0,0,0,0,0,7.51697E+20,5.32983E+21,1.23791E+16,4.8072E+16
96470,9.17111E+18,9,5,74,132,2017,11,19,2,3,5,3,1,1,0,0,0,2,1,6.76362E+20,5.48643E+21,1.1436E+16,4.95048E+16
96471,9.17111E+18,9,5,64,0,2017,11,18,2,2,4,2,1,1,0,0,0,2,1,6.52848E+20,5.47607E+21,1.11075E+16,4.94181E+16
96472,9.17111E+18,9,5,64,0,2017,11,18,2,3,1,5,1,1,0,0,0,2,0,6.50007E+20,5.48172E+21,1.10705E+16,4.94696E+16
96473,9.17111E+18,9,1,89,155,2017,11,16,6,3,2,6,0,1,0,0,0,2,1,7.71927E+20,5.30926E+21,1.26371E+16,4.78791E+16
96474,9.17111E+18,9,1,89,118,2017,11,9,6,2,8,1,0,1,0,0,0,0,0,7.88535E+20,5.31885E+21,1.28651E+16,4.79578E+16
96475,9.17111E+18,9,1,71,124,2017,11,16,6,3,2,6,0,1,0,0,1,2,1,7.83155E+20,5.34394E+21,1.28099E+16,4.81855E+16
96476,9.17111E+18,9,1,63,0,2017,11,13,6,3,5,3,0,1,0,0,0,0,0,7.30915E+20,5.30334E+21,1.20863E+16,4.78419E+16
96477,9.17111E+18,9,1,87,128,2017,11,15,6,3,5,3,0,1,0,0,0,0,0,7.46226E+20,5.31179E+21,1.22954E+16,4.79121E+16
96478,9.17111E+18,9,1,82,120,2017,11,18,6,3,2,6,0,1,0,0,0,2,1,7.01586E+20,5.30561E+21,1.16958E+16,4.78721E+16
96479,9.17111E+18,9,1,82,120,2017,11,17,6,3,9,1,0,1,0,0,1,2,1,6.9917E+20,5.30175E+21,1.16618E+16,4.78382E+16
96480,9.17111E+18,9,1,87,150,2017,11,8,6,3,5,3,0,0,0,1,0,1,0,7.28953E+20,5.30434E+21,1.20606E+16,4.78515E+16
96481,9.17111E+18,9,1,72,118,2017,11,2,3,3,0,1,0,0,0,0,1,2,1,7.98216E+20,5.30785E+21,1.29869E+16,4.78547E+16
96482,9.17111E+18,9,5,64,0,2017,11,7,2,3,2,6,0,1,0,0,0,0,0,6.47127E+20,5.4762E+21,1.10287E+16,4.94207E+16
96483,9.17111E+18,9,7,63,0,2017,11,19,7,3,5,3,0,1,0,0,0,2,1,5.97322E+20,5.28572E+21,1.02976E+16,4.77175E+16
96484,9.17111E+18,9,6,79,165,2017,11,11,7,3,8,1,0,1,0,0,0,0,1,5.54129E+20,5.50808E+21,9.75098E+15,4.97228E+16
96485,9.17111E+18,9,1,61,0,2017,11,8,6,3,3,2,1,1,0,0,0,0,0,6.78587E+20,5.40303E+21,1.14298E+16,4.87547E+16
96486,9.17111E+18,9,6,79,201,2017,11,12,7,1,5,3,0,1,0,0,0,0,1,5.74793E+20,5.52392E+21,1.00407E+16,4.98631E+16
96487,9.17111E+18,9,1,61,0,2017,11,20,6,3,6,2,0,1,1,0,0,2,1,6.77582E+20,5.40525E+21,1.14171E+16,4.87749E+16
96488,9.17111E+18,9,1,86,162,2017,11,16,6,3,3,1,0,1,0,0,0,2,1,6.92018E+20,5.38512E+21,1.16041E+16,4.85897E+16
96489,9.17111E+18,9,5,75,145,2017,11,17,2,3,2,2,0,1,0,0,0,1,1,6.20956E+20,5.48287E+21,1.06701E+16,4.94864E+16
96490,9.17111E+18,9,1,86,152,2017,11,5,6,3,3,6,0,1,0,0,1,2,0,6.90987E+20,5.38173E+21,1.15885E+16,4.85595E+16
96491,9.17111E+18,9,1,85,149,2017,11,18,6,3,2,6,0,1,0,0,0,2,1,6.60205E+20,5.39752E+21,1.11778E+16,4.87101E+16
96492,9.17111E+18,9,1,61,0,2017,11,7,6,3,3,2,1,1,0,0,0,1,1,6.77431E+20,5.40214E+21,1.14137E+16,4.8747E+16
96493,9.17111E+18,9,1,86,137,2017,11,13,6,3,2,6,0,1,0,0,0,0,1,6.84636E+20,5.39925E+21,1.15103E+16,4.87189E+16
96494,9.17111E+18,9,1,86,162,2017,11,6,6,3,5,2,1,1,0,0,0,1,0,6.93705E+20,5.38675E+21,1.16277E+16,4.86038E+16
96495,9.17111E+18,9,1,72,134,2017,11,6,3,3,2,6,0,1,0,0,1,1,2,7.86432E+20,5.30552E+21,1.28282E+16,4.78391E+16
96496,9.17111E+18,9,1,62,0,2017,11,11,6,3,2,6,0,1,0,0,0,0,0,6.78531E+20,5.3365E+21,1.14007E+16,4.81567E+16
96497,9.17111E+18,9,1,79,123,2017,11,11,6,3,5,2,1,1,0,0,0,0,0,6.76447E+20,5.3345E+21,1.13718E+16,4.81393E+16
96498,9.17111E+18,9,2,75,154,2017,11,19,3,3,8,6,0,1,0,0,0,2,1,8.04289E+20,5.39029E+21,1.3127E+16,4.85917E+16
96499,9.17111E+18,9,1,74,143,2017,11,14,6,2,4,6,0,1,0,0,1,0,1,6.77103E+20,5.35333E+21,1.13885E+16,4.83084E+16
96500,9.17111E+18,9,1,74,151,2017,11,20,6,3,8,1,0,1,0,0,0,2,1,6.78963E+20,5.36067E+21,1.14167E+16,4.83738E+16
96501,9.17111E+18,9,4,61,0,2017,11,7,3,3,1,6,0,1,0,0,0,0,0,6.37823E+20,5.53011E+21,1.09195E+16,4.99074E+16
96502,9.17111E+18,9,1,74,115,2017,11,14,6,3,2,6,0,1,0,0,0,0,1,6.833E+20,5.34801E+21,1.14697E+16,4.82588E+16
96503,9.17111E+18,9,5,64,0,2017,11,7,3,3,2,6,0,1,0,0,0,0,0,6.5349E+20,5.47819E+21,1.11172E+16,4.94369E+16
96504,9.17111E+18,9,1,74,151,2017,11,17,6,2,6,4,0,1,1,0,0,2,1,6.7849E+20,5.3612E+21,1.14105E+16,4.83787E+16
96505,9.17111E+18,9,6,76,126,2017,11,14,3,3,9,7,0,1,0,0,0,0,0,5.10668E+20,5.52447E+21,9.14846E+15,4.98725E+16
96506,9.17111E+18,9,1,75,111,2017,11,12,6,3,8,1,0,1,0,0,0,0,0,7.1382E+20,5.33858E+21,1.18757E+16,4.81645E+16
96507,9.17111E+18,9,6,79,202,2017,11,13,7,3,5,3,0,1,0,1,0,0,1,5.63369E+20,5.51957E+21,9.88103E+15,4.98252E+16
96508,9.17111E+18,9,6,79,205,2017,11,20,7,3,7,7,0,1,0,0,0,2,1,5.58349E+20,5.51459E+21,9.81049E+15,4.97809E+16
96509,9.17111E+18,9,6,79,176,2017,11,23,7,3,9,1,0,1,0,0,0,2,1,5.67468E+20,5.50821E+21,9.93604E+15,4.97226E+16
96510,9.17111E+18,9,5,75,153,2017,11,8,2,3,2,2,0,1,0,0,0,0,1,6.14246E+20,5.49283E+21,1.05803E+16,4.95773E+16
96511,9.17111E+18,9,5,71,208,2017,11,17,2,3,9,7,0,1,0,0,0,1,0,6.16857E+20,5.43993E+21,1.06009E+16,4.91011E+16
96512,9.17111E+18,9,4,79,136,2017,11,16,2,3,4,1,0,1,0,0,0,1,1,7.237E+20,5.54523E+21,1.21228E+16,5.00173E+16
96513,9.17111E+18,9,4,64,0,2017,11,17,2,2,6,2,0,1,1,0,0,2,0,7.07357E+20,5.57766E+21,1.19126E+16,5.03145E+16
96514,9.17111E+18,9,4,76,146,2017,11,14,2,3,2,6,0,1,0,0,0,0,1,6.63066E+20,5.56383E+21,1.12851E+16,5.02041E+16
96515,9.17111E+18,9,4,73,165,2017,11,7,2,3,0,6,0,1,0,0,1,1,1,6.3113E+20,5.56266E+21,1.08375E+16,5.02015E+16
96516,9.17111E+18,9,4,72,139,2017,11,18,2,2,5,3,0,1,0,0,1,2,1,6.98836E+20,5.5533E+21,1.17803E+16,5.00987E+16
96517,9.17111E+18,9,4,62,0,2017,11,22,2,3,5,3,0,1,0,0,0,2,0,6.82833E+20,5.53666E+21,1.15489E+16,4.99543E+16
96518,9.17111E+18,9,4,74,126,2017,11,6,2,3,2,6,0,1,0,0,0,2,1,6.48757E+20,5.50678E+21,1.10627E+16,4.96952E+16
96519,9.17111E+18,9,3,63,0,2017,11,7,2,3,5,3,1,1,0,0,0,0,1,7.27615E+20,5.50636E+21,1.21545E+16,4.96667E+16
96520,9.17111E+18,9,3,74,156,2017,11,4,2,3,4,1,0,1,0,0,1,2,1,7.14956E+20,5.51182E+21,1.19823E+16,4.97204E+16
96521,9.17111E+18,9,3,75,190,2017,11,18,2,3,3,6,0,1,0,0,1,2,1,7.26593E+20,5.44524E+21,1.21055E+16,4.91182E+16