OBJECTID,UIDENTSTLA,ULAND,UREGBEZ,UKREIS,UGEMEINDE,UJAHR,UMONAT,USTUNDE,UWOCHENTAG,UKATEGORIE,UART,UTYP1,IstRad,IstPKW,IstFuss,IstKrad,IstSonstig,LICHT,STRZUSTAND,LINREFX,LINREFY,XGCSWGS84,YGCSWGS84
97035,9.17112E+18,9,2,75,135,2017,11,21,2,2,8,1,0,1,0,0,0,2,2,8.26212E+20,5.40242E+21,1.3433E+16,4.86894E+16
97036,9.17112E+18,9,5,71,228,2017,11,15,6,3,2,6,0,1,0,0,0,0,0,5.89538E+20,5.45155E+21,1.02293E+16,4.92102E+16
97037,9.17112E+18,9,2,75,143,2017,11,7,2,1,4,1,0,1,0,0,1,0,1,8.09531E+20,5.36842E+21,1.31817E+16,4.83928E+16
97038,9.17112E+18,9,5,71,145,2017,11,7,6,3,7,7,0,1,0,0,1,1,0,5.89815E+20,5.45096E+21,1.0233E+16,4.92048E+16
97039,9.17112E+18,9,2,72,120,2017,11,20,2,3,9,1,0,1,0,0,0,2,2,8.2281E+20,5.42013E+21,1.34008E+16,4.88501E+16
97040,9.17112E+18,9,5,75,145,2017,11,7,6,3,5,3,0,1,0,0,0,0,0,6.18195E+20,5.48643E+21,1.0633E+16,4.9519E+16
97041,9.17112E+18,9,6,75,141,2017,11,17,2,3,5,3,0,1,0,0,1,1,1,5.85083E+20,5.51066E+21,1.01809E+16,4.97424E+16
97042,9.17112E+18,9,5,75,153,2017,11,13,6,3,1,7,0,1,0,1,0,0,0,6.16237E+20,5.49256E+21,1.06078E+16,4.95745E+16
97043,9.17112E+18,9,5,75,153,2017,11,18,6,2,6,2,0,1,1,0,0,2,0,6.15858E+20,5.49337E+21,1.06028E+16,4.95818E+16
97044,9.17112E+18,9,3,63,0,2017,11,12,3,3,8,6,0,1,0,0,1,0,1,7.25066E+20,5.50204E+21,1.21168E+16,4.96289E+16
97045,9.17112E+18,9,5,77,161,2017,11,9,3,3,4,2,0,1,0,0,0,1,1,6.45396E+20,5.43987E+21,1.09917E+16,4.90945E+16
97046,9.17112E+18,9,6,71,160,2017,11,21,3,3,0,1,0,1,0,0,0,2,1,5.25241E+20,5.52485E+21,9.35129E+15,4.98755E+16
97047,9.17112E+18,9,7,71,113,2017,11,7,3,3,2,6,0,1,0,0,0,0,1,6.54485E+20,5.36411E+21,1.10877E+16,4.84112E+16
97048,9.17112E+18,9,1,84,130,2017,11,8,3,3,2,6,0,1,0,0,1,0,1,6.98437E+20,5.34621E+21,1.16726E+16,4.82381E+16
97049,9.17112E+18,9,5,75,145,2017,11,12,6,3,2,2,0,1,0,0,0,0,0,6.2091E+20,5.48301E+21,1.06695E+16,4.94877E+16
97050,9.17112E+18,9,5,75,135,2017,11,13,6,2,4,2,0,1,0,0,1,0,0,6.0966E+20,5.48453E+21,1.05146E+16,4.95035E+16
97051,9.17112E+18,9,5,61,0,2017,11,13,6,3,5,3,1,1,0,0,0,0,1,6.15173E+20,5.46245E+21,1.05843E+16,4.93039E+16
97052,9.17112E+18,9,4,64,0,2017,11,13,6,3,2,6,0,1,0,0,0,0,1,7.06645E+20,5.57812E+21,1.19029E+16,5.03189E+16
97053,9.17112E+18,9,4,72,177,2017,11,12,6,3,2,6,0,1,0,0,0,0,1,6.77551E+20,5.50348E+21,1.14601E+16,4.96577E+16
97054,9.17112E+18,9,1,79,123,2017,11,17,4,3,1,6,0,1,0,0,0,2,0,6.77381E+20,5.33221E+21,1.13834E+16,4.81184E+16
97055,9.17112E+18,9,4,72,119,2017,11,14,6,3,2,6,0,1,0,0,0,0,0,6.86913E+20,5.53956E+21,1.16071E+16,4.99791E+16
97056,9.17112E+18,9,4,74,123,2017,11,16,6,3,8,7,0,1,0,0,0,2,1,6.51057E+20,5.51737E+21,1.10987E+16,4.97897E+16
97057,9.17112E+18,9,4,74,126,2017,11,18,6,3,2,6,0,1,0,0,0,2,0,6.49021E+20,5.50951E+21,1.10674E+16,4.97197E+16
97058,9.17112E+18,9,4,74,161,2017,11,12,6,3,4,2,0,1,0,0,0,0,1,6.59397E+20,5.51282E+21,1.12126E+16,4.97467E+16
97059,9.17112E+18,9,4,71,145,2017,11,16,6,3,2,6,0,1,0,0,0,0,1,6.41633E+20,5.51892E+21,1.09684E+16,4.9806E+16
97060,9.17112E+18,9,2,72,118,2017,11,22,2,3,8,1,0,1,0,0,0,2,2,8.30829E+20,5.41635E+21,1.35067E+16,4.8812E+16
97061,9.17112E+18,9,4,61,0,2017,11,7,6,3,5,3,1,0,0,0,1,2,1,6.38663E+20,5.52955E+21,1.0931E+16,4.99022E+16
97062,9.17112E+18,9,3,63,0,2017,11,12,6,3,1,1,0,1,0,0,1,0,1,7.27687E+20,5.50703E+21,1.21559E+16,4.96727E+16
97063,9.17112E+18,9,3,63,0,2017,11,17,6,3,0,2,0,0,0,1,0,2,1,7.27695E+20,5.50699E+21,1.2156E+16,4.96724E+16
97064,9.17112E+18,9,4,74,135,2017,11,4,5,2,8,1,1,0,0,0,0,2,1,6.42439E+20,5.50645E+21,1.09751E+16,4.96937E+16
97065,9.17112E+18,9,3,75,165,2017,11,12,6,3,1,6,0,1,0,0,0,0,1,7.25913E+20,5.43876E+21,1.20926E+16,4.90602E+16
97066,9.17112E+18,9,1,79,145,2017,11,14,4,2,0,7,0,0,1,0,1,0,0,6.73585E+20,5.33645E+21,1.13342E+16,4.81576E+16
97067,9.17112E+18,9,3,75,117,2017,11,14,6,3,2,6,0,1,0,0,0,0,0,7.37719E+20,5.43171E+21,1.22498E+16,4.89924E+16
97068,9.17112E+18,9,3,72,158,2017,11,13,6,3,8,1,0,1,0,0,0,0,1,7.61366E+20,5.45033E+21,1.25845E+16,4.91501E+16
97069,9.17112E+18,9,3,75,208,2017,11,7,6,3,1,6,0,1,0,0,0,0,0,7.29065E+20,5.43876E+21,1.21357E+16,4.90591E+16
97070,9.17112E+18,9,3,75,190,2017,11,17,6,3,4,2,0,1,0,0,0,2,0,7.28697E+20,5.44497E+21,1.21342E+16,4.9115E+16
97071,9.17112E+18,9,2,74,119,2017,11,8,2,3,4,6,0,1,0,0,0,0,1,7.41007E+20,5.39956E+21,1.22758E+16,4.87025E+16
97072,9.17112E+18,9,3,73,114,2017,11,14,6,3,2,6,0,1,0,0,0,0,1,6.72306E+20,5.45679E+21,1.13672E+16,4.92396E+16
97073,9.17112E+18,9,3,72,113,2017,11,9,6,2,9,1,0,1,0,0,0,0,1,7.92756E+20,5.45821E+21,1.30197E+16,4.92067E+16
97074,9.17112E+18,9,2,74,172,2017,11,15,2,2,8,1,0,1,0,0,0,0,1,7.15694E+20,5.39526E+21,1.193E+16,4.86731E+16
97075,9.17112E+18,9,3,76,161,2017,11,13,6,2,2,3,1,1,0,0,0,0,0,7.25927E+20,5.46809E+21,1.21093E+16,4.93237E+16
97076,9.17112E+18,9,3,76,144,2017,11,16,6,3,0,2,0,1,0,0,0,1,1,7.2695E+20,5.48434E+21,1.21326E+16,4.94693E+16
97077,9.17112E+18,9,2,74,126,2017,11,14,2,3,4,2,0,1,0,0,0,0,1,7.32473E+20,5.38444E+21,1.21515E+16,4.85699E+16
97078,9.17112E+18,9,2,78,141,2017,11,13,6,3,2,2,0,1,0,0,0,0,0,7.59226E+20,5.42986E+21,1.25421E+16,4.89672E+16
97079,9.17112E+18,9,1,90,153,2017,11,12,2,3,4,6,0,1,0,0,0,0,0,6.74456E+20,5.28608E+21,1.13255E+16,4.77045E+16
97080,9.17112E+18,9,2,76,146,2017,11,7,6,2,1,6,0,1,0,0,0,1,1,7.94178E+20,5.43548E+21,1.30226E+16,4.9002E+16
97081,9.17112E+18,9,1,73,123,2017,11,7,2,3,0,3,1,1,0,0,0,0,1,6.80105E+20,5.29944E+21,1.14063E+16,4.7823E+16
97082,9.17112E+18,9,2,75,154,2017,11,12,6,3,6,4,0,1,1,0,0,0,0,8.07583E+20,5.39484E+21,1.3175E+16,4.86308E+16
97083,9.17112E+18,9,1,80,135,2017,11,7,3,2,8,1,0,1,0,0,0,0,1,6.52476E+20,5.27783E+21,1.10298E+16,4.76359E+16
97084,9.17112E+18,9,3,75,117,2017,11,12,3,3,4,6,0,1,0,0,0,0,1,7.34925E+20,5.43341E+21,1.22127E+16,4.90088E+16
97085,9.17112E+18,9,4,77,128,2017,11,15,3,3,2,6,0,1,0,0,0,0,1,6.75576E+20,5.55138E+21,1.14545E+16,5.00887E+16
97086,9.17112E+18,9,5,74,138,2017,11,17,3,3,5,3,0,1,0,0,0,2,1,6.64171E+20,5.48595E+21,1.12676E+16,4.9504E+16
97087,9.17112E+18,9,6,77,203,2017,11,15,3,3,9,1,0,1,0,0,0,0,1,5.57504E+20,5.52868E+21,9.80085E+15,4.99077E+16
97088,9.17112E+18,9,4,71,123,2017,11,23,5,2,8,1,0,1,0,0,0,2,1,6.49345E+20,5.52245E+21,1.10769E+16,4.98359E+16
97089,9.17112E+18,9,7,72,147,2017,11,11,3,3,5,3,0,1,0,1,0,0,1,6.37472E+20,5.36488E+21,1.08581E+16,4.8422E+16
97090,9.17112E+18,9,4,71,207,2017,11,18,5,2,5,2,0,1,0,0,0,2,0,6.27625E+20,5.53251E+21,1.07783E+16,4.99313E+16
97091,9.17112E+18,9,4,61,0,2017,11,17,5,3,1,6,0,1,0,0,0,2,0,6.36361E+20,5.52696E+21,1.0898E+16,4.98795E+16
97092,9.17112E+18,9,3,74,168,2017,11,19,5,3,7,7,0,1,0,0,0,2,0,7.28835E+20,5.52242E+21,1.21808E+16,4.98105E+16
97093,9.17112E+18,9,3,74,121,2017,11,7,5,2,9,1,0,1,0,0,0,0,1,7.33153E+20,5.51314E+21,1.22352E+16,4.97255E+16
97094,9.17112E+18,9,3,74,144,2017,11,16,5,3,2,6,0,1,0,0,0,1,0,7.21621E+20,5.50952E+21,1.20734E+16,4.96973E+16
97095,9.17112E+18,9,3,77,132,2017,11,5,5,3,9,1,0,1,0,0,0,2,2,7.22947E+20,5.52312E+21,1.20995E+16,4.9819E+16
97096,9.17112E+18,9,3,77,129,2017,11,6,5,3,8,7,0,1,0,0,0,2,1,7.06859E+20,5.5271E+21,1.18783E+16,4.98606E+16
97097,9.17112E+18,9,7,61,0,2017,11,17,3,3,2,6,0,1,0,0,0,2,0,6.42112E+20,5.36345E+21,1.09203E+16,4.84082E+16
97098,9.17112E+18,9,1,75,135,2017,11,18,4,3,5,3,1,1,0,0,0,2,0,7.08145E+20,5.33895E+21,1.17996E+16,4.81697E+16
97099,9.17112E+18,9,3,77,132,2017,11,6,5,3,9,1,0,1,0,0,0,1,2,7.22451E+20,5.52352E+21,1.20928E+16,4.98228E+16
97100,9.17112E+18,9,3,73,147,2017,11,5,5,3,5,3,0,1,0,1,0,2,1,6.87E+20,5.46205E+21,1.15714E+16,4.92826E+16
97101,9.17112E+18,9,3,72,143,2017,11,17,5,2,5,2,0,1,0,0,0,1,1,7.74234E+20,5.45193E+21,1.27617E+16,4.91588E+16
97102,9.17112E+18,9,3,71,126,2017,11,8,5,3,2,6,0,1,0,0,0,0,1,7.04086E+20,5.49067E+21,1.18207E+16,4.95342E+16
97103,9.17112E+18,9,3,76,161,2017,11,16,5,3,5,3,0,1,0,0,0,2,1,7.24278E+20,5.46963E+21,1.20875E+16,4.93381E+16
97104,9.17112E+18,9,2,77,113,2017,11,13,6,1,2,6,0,1,0,0,1,0,0,8.03421E+20,5.3726E+21,1.31024E+16,4.84333E+16
97105,9.17112E+18,9,2,75,145,2017,11,20,6,3,5,3,1,1,0,0,0,2,1,8.20552E+20,5.37351E+21,1.33341E+16,4.84331E+16
97106,9.17112E+18,9,2,72,150,2017,11,12,6,3,5,3,0,1,0,0,1,0,1,8.14875E+20,5.41317E+21,1.32876E+16,4.87917E+16
97107,9.17112E+18,9,2,77,111,2017,11,18,6,2,6,2,0,1,1,0,0,2,0,7.82E+20,5.38569E+21,1.28223E+16,4.85608E+16
97108,9.17112E+18,9,2,79,128,2017,11,11,6,2,4,6,0,1,0,0,0,0,0,7.55337E+20,5.39854E+21,1.24696E+16,4.86876E+16
97109,9.17112E+18,9,3,76,161,2017,11,13,5,3,1,6,0,1,0,0,0,0,0,7.25766E+20,5.46788E+21,1.2107E+16,4.93219E+16
97110,9.17112E+18,9,3,76,151,2017,11,6,5,3,8,1,0,1,0,0,0,2,2,7.49664E+20,5.48968E+21,1.24489E+16,4.95083E+16
97111,9.17112E+18,9,1,80,124,2017,11,16,6,3,5,3,1,1,0,0,0,1,0,6.65271E+20,5.28328E+21,1.12021E+16,4.76818E+16
97112,9.17112E+18,9,1,89,119,2017,11,18,6,3,4,6,0,1,0,0,0,0,1,7.68763E+20,5.30904E+21,1.25947E+16,4.78784E+16
97113,9.17112E+18,9,1,89,155,2017,11,8,6,3,2,2,0,1,0,0,0,0,0,7.71523E+20,5.30778E+21,1.26308E+16,4.78659E+16
97114,9.17112E+18,9,1,71,123,2017,11,9,6,2,9,1,0,1,0,0,0,0,0,7.84492E+20,5.35061E+21,1.28323E+16,4.82448E+16
97115,9.17112E+18,9,1,87,170,2017,11,17,6,3,4,6,0,1,0,0,0,2,0,7.34762E+20,5.31963E+21,1.21465E+16,4.79868E+16
97116,9.17112E+18,9,1,87,128,2017,11,16,6,2,2,6,0,1,0,0,1,2,0,7.48519E+20,5.31152E+21,1.23259E+16,4.79088E+16
97117,9.17112E+18,9,1,82,123,2017,11,23,6,2,9,1,0,1,0,0,0,2,1,7.14421E+20,5.29879E+21,1.18639E+16,4.78067E+16
97118,9.17112E+18,9,1,73,127,2017,11,17,2,2,2,6,0,1,0,0,0,2,0,6.94823E+20,5.29292E+21,1.15998E+16,4.77602E+16
97119,9.17112E+18,9,1,82,125,2017,11,6,6,2,0,6,0,1,0,0,0,2,0,7.14004E+20,5.29857E+21,1.18582E+16,4.78049E+16
97120,9.17112E+18,9,1,82,111,2017,11,16,6,3,8,1,0,1,0,0,0,0,0,7.03766E+20,5.29017E+21,1.17177E+16,4.77327E+16
97121,9.17112E+18,9,1,83,112,2017,11,7,2,3,0,6,0,1,0,0,0,0,0,7.54277E+20,5.34954E+21,1.24254E+16,4.8248E+16
97122,9.17112E+18,9,1,85,153,2017,11,14,6,3,5,6,0,1,0,0,0,0,0,6.56209E+20,5.40131E+21,1.11249E+16,4.87452E+16
97123,9.17112E+18,9,1,89,157,2017,11,7,2,3,2,6,0,1,0,0,0,1,1,7.63524E+20,5.32568E+21,1.2535E+16,4.803E+16
97124,9.17112E+18,9,1,61,0,2017,11,19,6,3,1,6,0,1,0,0,0,2,0,6.77465E+20,5.40148E+21,1.14139E+16,4.8741E+16
97125,9.17112E+18,9,1,83,128,2017,11,16,2,2,2,6,1,1,0,0,0,1,1,7.61574E+20,5.34981E+21,1.25237E+16,4.82475E+16
97126,9.17112E+18,9,1,61,0,2017,11,19,3,3,5,2,0,1,0,0,0,2,1,6.7922E+20,5.40115E+21,1.14376E+16,4.87376E+16
97127,9.17112E+18,9,1,83,128,2017,11,23,3,2,8,7,0,1,0,0,0,2,1,7.59726E+20,5.34909E+21,1.24984E+16,4.82418E+16
97128,9.17112E+18,9,2,78,192,2017,11,8,3,2,5,3,0,1,0,0,1,0,1,7.73365E+20,5.4152E+21,1.27251E+16,4.88295E+16
97129,9.17112E+18,9,3,76,147,2017,11,6,5,3,1,1,0,1,0,0,1,1,2,7.4415E+20,5.47092E+21,1.23614E+16,4.9342E+16
97130,9.17112E+18,9,3,63,0,2017,11,5,3,3,4,2,0,1,0,0,0,2,1,7.23096E+20,5.50884E+21,1.20934E+16,4.96907E+16
97131,9.17112E+18,9,5,71,114,2017,11,23,3,2,2,6,0,0,0,0,1,2,1,5.96336E+20,5.45458E+21,1.03234E+16,4.92364E+16
97132,9.17112E+18,9,6,76,160,2017,11,9,3,3,4,2,0,1,0,0,0,0,1,5.13254E+20,5.52904E+21,9.18461E+15,4.99136E+16
97133,9.17112E+18,9,3,76,170,2017,11,5,5,3,8,1,0,1,0,0,0,2,2,7.30249E+20,5.45781E+21,1.21628E+16,4.92297E+16
97134,9.17112E+18,9,3,71,154,2017,11,16,5,3,4,2,0,1,0,0,0,1,0,7.00703E+20,5.47661E+21,1.17669E+16,4.9409E+16
97135,9.17112E+18,9,3,71,150,2017,11,19,5,3,4,6,0,1,0,0,1,2,1,7.18338E+20,5.49148E+21,1.20179E+16,4.95366E+16
97136,9.17112E+18,9,2,71,119,2017,11,17,5,3,2,6,0,1,0,0,0,2,1,7.91484E+20,5.41381E+21,1.29704E+16,4.88089E+16
97137,9.17112E+18,9,2,77,145,2017,11,9,5,2,5,3,0,1,0,0,1,0,0,7.98346E+20,5.35425E+21,1.3021E+16,4.82711E+16
97138,9.17112E+18,9,1,86,147,2017,11,18,6,3,3,3,0,1,0,0,1,2,0,6.83144E+20,5.3915E+21,1.14866E+16,4.86497E+16
97139,9.17112E+18,9,4,61,0,2017,11,16,3,3,1,6,0,1,0,0,0,2,1,6.36734E+20,5.52743E+21,1.09034E+16,4.98837E+16
97140,9.17112E+18,9,5,64,0,2017,11,13,3,3,2,6,0,1,0,0,0,0,1,6.51782E+20,5.4774E+21,1.10933E+16,4.94303E+16
97141,9.17112E+18,9,6,62,0,2017,11,6,3,3,5,3,0,1,0,0,1,1,1,5.88693E+20,5.54188E+21,1.02382E+16,5.00226E+16
97142,9.17112E+18,9,7,61,0,2017,11,6,3,3,4,2,1,1,0,0,0,2,1,6.3752E+20,5.35232E+21,1.08547E+16,4.83091E+16
97143,9.17112E+18,9,1,62,0,2017,11,15,3,3,0,1,0,0,0,1,0,0,1,6.88462E+20,5.32854E+21,1.15306E+16,4.80823E+16
97144,9.17112E+18,9,2,62,0,2017,11,18,5,3,0,7,0,1,0,0,1,2,1,8.24818E+20,5.3886E+21,1.34033E+16,4.85662E+16
97145,9.17112E+18,9,2,73,119,2017,11,12,5,2,5,3,0,1,0,0,1,0,0,7.08443E+20,5.40801E+21,1.18381E+16,4.87901E+16
97146,9.17112E+18,9,2,73,181,2017,11,6,5,3,8,1,0,1,0,0,0,1,2,7.14817E+20,5.4005E+21,1.19208E+16,4.87205E+16
97147,9.17112E+18,9,2,74,128,2017,11,16,5,3,2,6,0,1,0,0,0,2,0,7.35204E+20,5.38671E+21,1.21898E+16,4.85892E+16
97148,9.17112E+18,9,2,73,125,2017,11,7,5,3,5,2,0,1,0,0,0,0,2,7.20478E+20,5.416E+21,1.2006E+16,4.88578E+16
97149,9.17112E+18,9,1,86,139,2017,11,17,6,3,5,2,0,1,0,0,1,1,0,6.95612E+20,5.40356E+21,1.16615E+16,4.87543E+16
97150,9.17112E+18,9,1,90,131,2017,11,17,5,3,5,3,0,1,0,0,0,2,0,6.61898E+20,5.29223E+21,1.11605E+16,4.7763E+16
97151,9.17112E+18,9,1,89,111,2017,11,11,5,3,5,3,0,1,0,0,0,0,0,7.64027E+20,5.32132E+21,1.2539E+16,4.79906E+16
97152,9.17112E+18,9,1,83,129,2017,11,9,5,3,9,1,0,1,0,0,0,0,2,7.5855E+20,5.35982E+21,1.24892E+16,4.83386E+16
97153,9.17112E+18,9,1,81,130,2017,11,14,6,3,4,7,0,1,0,0,0,0,1,6.42132E+20,5.32463E+21,1.09076E+16,4.80591E+16
97154,9.17112E+18,9,1,88,139,2017,11,19,6,3,4,6,0,1,0,0,0,2,1,6.71274E+20,5.31873E+21,1.12961E+16,4.79989E+16
97155,9.17112E+18,9,1,88,126,2017,11,17,6,2,0,3,0,1,0,0,1,1,1,6.60158E+20,5.32842E+21,1.11508E+16,4.80889E+16
97156,9.17112E+18,9,1,88,121,2017,11,17,6,3,6,4,0,1,1,0,0,1,0,6.71142E+20,5.33105E+21,1.12992E+16,4.81097E+16
97157,9.17112E+18,9,1,79,121,2017,11,6,6,3,5,3,0,1,0,0,0,0,1,6.66856E+20,5.33946E+21,1.1245E+16,4.81865E+16
97158,9.17112E+18,9,1,79,123,2017,11,17,4,3,2,6,0,1,0,0,0,2,0,6.78733E+20,5.33285E+21,1.14019E+16,4.81238E+16
97159,9.17112E+18,9,1,75,133,2017,11,6,6,2,4,1,0,1,0,0,0,1,2,7.10638E+20,5.34226E+21,1.18348E+16,4.81986E+16
97160,9.17112E+18,9,1,62,0,2017,11,8,5,3,5,3,1,1,0,0,0,0,2,6.93787E+20,5.33163E+21,1.16034E+16,4.81085E+16
97161,9.17112E+18,9,1,62,0,2017,11,17,5,3,3,6,0,1,0,0,1,1,0,6.90375E+20,5.33195E+21,1.15577E+16,4.81123E+16
97162,9.17112E+18,9,7,64,0,2017,11,16,5,3,2,6,1,0,0,0,0,0,0,5.88693E+20,5.31472E+21,1.01885E+16,4.79796E+16
97163,9.17112E+18,9,7,74,133,2017,11,16,5,3,5,3,0,1,0,0,0,1,0,5.98148E+20,5.3548E+21,1.03244E+16,4.83387E+16
97164,9.17112E+18,9,1,87,170,2017,11,15,2,3,4,1,0,1,0,0,0,1,1,7.33945E+20,5.31853E+21,1.2135E+16,4.79772E+16
97165,9.17112E+18,9,7,74,144,2017,11,7,5,3,5,3,0,1,0,0,0,1,1,6.07204E+20,5.3468E+21,1.04446E+16,4.82653E+16
97166,9.17112E+18,9,1,87,174,2017,11,16,2,3,2,6,0,1,0,0,0,0,0,7.43289E+20,5.31042E+21,1.22554E+16,4.79009E+16
97167,9.17112E+18,9,6,77,116,2017,11,17,2,3,9,1,0,1,0,0,0,2,1,5.38524E+20,5.5591E+21,9.5396E+15,5.01829E+16
97168,9.17112E+18,9,7,80,124,2017,11,17,5,3,5,3,0,1,0,0,0,2,0,5.94E+20,5.26793E+21,1.02495E+16,4.7558E+16
97169,9.17112E+18,9,1,62,0,2017,11,16,2,3,5,7,1,1,0,0,0,2,0,6.89408E+20,5.34076E+21,1.15487E+16,4.81918E+16
97170,9.17112E+18,9,7,62,0,2017,11,15,5,3,2,6,0,1,0,0,0,1,1,6.23283E+20,5.30607E+21,1.06494E+16,4.78961E+16
97171,9.17112E+18,9,1,61,0,2017,11,17,3,3,2,6,0,1,0,0,0,1,0,6.7724E+20,5.4041E+21,1.1412E+16,4.87647E+16
97172,9.17112E+18,9,7,71,130,2017,11,17,5,3,2,6,0,1,0,0,0,2,1,6.48694E+20,5.36272E+21,1.1009E+16,4.84001E+16
97173,9.17112E+18,9,1,72,114,2017,11,15,5,3,4,2,0,1,0,0,0,0,0,7.94238E+20,5.29758E+21,1.29269E+16,4.77643E+16
97174,9.17112E+18,9,1,90,148,2017,11,18,3,3,0,7,1,0,0,0,0,2,1,6.42382E+20,5.29717E+21,1.09019E+16,4.78121E+16
97175,9.17112E+18,9,7,61,0,2017,11,10,5,3,2,6,0,1,0,0,0,0,1,6.4112E+20,5.35664E+21,1.09047E+16,4.83472E+16
97176,9.17112E+18,9,7,61,0,2017,11,9,5,2,5,3,0,1,0,0,0,0,0,6.39812E+20,5.35248E+21,1.08856E+16,4.831E+16
97177,9.17112E+18,9,6,79,185,2017,11,7,5,3,2,6,0,1,0,0,0,0,0,5.73453E+20,5.51517E+21,1.00204E+16,4.97845E+16
97178,9.17112E+18,9,6,63,0,2017,11,17,5,3,2,6,0,1,0,0,1,2,0,5.65657E+20,5.51731E+21,9.91246E+15,4.98046E+16
97179,9.17112E+18,9,6,77,193,2017,11,5,5,2,9,1,0,1,0,0,0,2,1,5.49363E+20,5.52823E+21,9.68743E+15,4.99044E+16
97180,9.17112E+18,9,6,77,131,2017,11,8,5,3,3,6,0,1,0,0,1,0,1,5.47445E+20,5.54716E+21,9.66306E+15,5.00748E+16
97181,9.17112E+18,9,1,82,136,2017,11,15,2,3,9,1,0,1,0,0,0,0,1,7.03477E+20,5.30254E+21,1.17196E+16,4.7844E+16
97182,9.17112E+18,9,6,75,142,2017,11,6,5,3,3,6,0,0,0,1,1,2,0,5.90941E+20,5.51249E+21,1.02626E+16,4.9758E+16
97183,9.17112E+18,9,6,74,147,2017,11,7,5,3,6,4,0,1,1,0,0,1,0,6.08452E+20,5.54364E+21,1.05144E+16,5.00352E+16
97184,9.17112E+18,9,1,61,0,2017,11,18,2,3,2,6,0,1,0,0,0,2,0,6.75488E+20,5.40482E+21,1.13884E+16,4.87716E+16
97185,9.17112E+18,9,6,74,149,2017,11,7,5,3,0,1,0,1,0,1,0,1,1,6.08206E+20,5.55206E+21,1.05134E+16,5.01109E+16
97186,9.17112E+18,9,1,61,0,2017,11,11,2,3,5,3,1,1,0,0,0,0,0,6.80472E+20,5.40468E+21,1.14562E+16,4.8769E+16
97187,9.17112E+18,9,6,74,164,2017,11,16,5,2,2,3,0,1,0,0,1,1,1,6.08978E+20,5.5493E+21,1.05234E+16,5.0086E+16
97188,9.17112E+18,9,1,85,149,2017,11,17,2,1,4,6,0,1,0,0,0,2,1,6.6338E+20,5.39862E+21,1.12213E+16,4.87192E+16
97189,9.17112E+18,9,6,78,168,2017,11,7,5,2,5,2,0,1,0,0,0,1,1,5.82797E+20,5.54957E+21,1.01575E+16,5.00926E+16
97190,9.17112E+18,9,2,73,152,2017,11,21,3,3,8,1,0,1,0,0,0,2,1,7.06495E+20,5.40991E+21,1.18125E+16,4.88078E+16
97191,9.17112E+18,9,3,75,117,2017,11,17,3,3,2,6,0,1,0,0,0,1,0,7.33713E+20,5.43216E+21,1.21954E+16,4.89981E+16
97192,9.17112E+18,9,4,78,165,2017,11,17,3,2,6,1,0,1,1,0,0,2,1,6.4347E+20,5.55216E+21,1.10063E+16,5.01043E+16
97193,9.17112E+18,9,5,62,0,2017,11,16,3,3,4,2,0,1,0,0,0,1,1,6.44443E+20,5.49514E+21,1.09987E+16,4.95916E+16
97194,9.17112E+18,9,6,77,193,2017,11,6,3,3,4,6,0,1,0,0,1,2,0,5.49255E+20,5.5284E+21,9.68595E+15,4.99059E+16
97195,9.17112E+18,9,1,71,127,2017,11,17,5,3,8,1,0,1,0,0,0,2,0,7.72481E+20,5.3582E+21,1.26757E+16,4.83182E+16
97196,9.17112E+18,9,1,87,169,2017,11,12,5,2,8,7,0,1,0,0,1,0,0,7.40186E+20,5.29864E+21,1.22074E+16,4.77963E+16
97197,9.17112E+18,9,1,87,182,2017,11,16,5,2,4,1,0,1,0,0,0,1,1,7.38197E+20,5.32887E+21,1.21976E+16,4.80686E+16
97198,9.17112E+18,9,1,87,167,2017,11,7,5,3,0,7,0,1,0,0,0,0,0,7.4405E+20,5.30076E+21,1.22601E+16,4.78139E+16
97199,9.17112E+18,9,1,87,148,2017,11,14,5,3,5,3,0,1,0,0,0,0,0,7.39413E+20,5.27901E+21,1.21863E+16,4.76202E+16
97200,9.17112E+18,9,1,87,122,2017,11,18,5,3,5,2,1,1,0,0,0,2,0,7.19776E+20,5.30517E+21,1.19386E+16,4.78622E+16
97201,9.17112E+18,9,1,61,0,2017,11,21,5,2,4,2,0,1,0,0,0,2,0,6.78963E+20,5.40486E+21,1.14357E+16,4.8771E+16
97202,9.17112E+18,9,1,86,152,2017,11,11,5,3,2,6,0,1,0,0,1,0,0,6.91075E+20,5.37592E+21,1.1587E+16,4.85073E+16
97203,9.17112E+18,9,6,71,134,2017,11,16,5,3,2,6,0,1,0,1,0,2,0,5.00396E+20,5.54592E+21,9.00554E+15,5.00656E+16
97204,9.17112E+18,9,1,86,152,2017,11,9,5,3,9,1,0,1,0,0,0,0,0,6.96454E+20,5.37539E+21,1.16596E+16,4.85009E+16
97205,9.17112E+18,9,5,62,0,2017,11,18,5,2,5,3,0,1,0,1,0,2,0,6.44233E+20,5.49467E+21,1.09956E+16,4.95874E+16
97206,9.17112E+18,9,1,61,0,2017,11,7,5,3,3,6,0,1,0,1,0,0,2,6.77856E+20,5.40711E+21,1.14216E+16,4.87915E+16