OBJECTID,UIDENTSTLA,ULAND,UREGBEZ,UKREIS,UGEMEINDE,UJAHR,UMONAT,USTUNDE,UWOCHENTAG,UKATEGORIE,UART,UTYP1,IstRad,IstPKW,IstFuss,IstKrad,IstSonstig,LICHT,STRZUSTAND,LINREFX,LINREFY,XGCSWGS84,YGCSWGS84
97378,9.17112E+18,9,3,63,0,2017,11,15,4,2,2,2,0,1,0,0,0,0,0,7.26093E+20,5.5043E+21,1.21323E+16,4.96488E+16
97379,9.17112E+18,9,3,77,143,2017,11,22,4,3,3,6,0,1,0,1,0,2,1,7.12896E+20,5.53529E+21,1.19667E+16,4.9932E+16
97380,9.17112E+18,9,3,77,148,2017,11,11,4,3,0,1,0,1,0,0,0,0,1,7.13114E+20,5.53188E+21,1.19678E+16,4.99013E+16
97381,9.17112E+18,9,3,72,153,2017,11,15,4,3,5,3,0,1,0,0,0,0,0,7.53415E+20,5.45659E+21,1.24796E+16,4.92096E+16
97382,9.17112E+18,9,3,62,0,2017,11,4,4,2,4,6,0,1,0,0,1,2,1,7.32023E+20,5.4331E+21,1.21729E+16,4.90071E+16
97383,9.17112E+18,9,1,84,146,2017,11,12,1,3,8,7,0,1,0,0,0,0,0,6.95289E+20,5.32858E+21,1.16222E+16,4.80806E+16
97384,9.17112E+18,9,3,72,116,2017,11,16,4,3,5,3,0,1,0,0,0,1,0,7.67862E+20,5.45677E+21,1.26777E+16,4.92051E+16
97385,9.17112E+18,9,7,80,128,2017,11,7,1,3,9,1,0,1,0,0,0,1,2,6.12647E+20,5.27762E+21,1.04998E+16,4.76422E+16
97386,9.17112E+18,9,3,71,150,2017,11,17,4,3,1,6,0,1,0,0,0,2,0,7.17115E+20,5.49269E+21,1.20017E+16,4.95479E+16
97387,9.17112E+18,9,5,62,0,2017,11,6,2,3,2,6,0,1,0,0,0,1,1,6.44385E+20,5.49694E+21,1.09985E+16,4.96078E+16
97388,9.17112E+18,9,3,71,136,2017,11,17,4,3,8,1,0,0,0,1,0,0,1,7.13911E+20,5.47741E+21,1.19492E+16,4.94117E+16
97389,9.17112E+18,9,7,61,0,2017,11,5,2,2,3,6,0,1,0,0,0,2,0,6.42776E+20,5.36348E+21,1.09293E+16,4.84083E+16
97390,9.17112E+18,9,2,71,143,2017,11,2,4,3,2,6,0,1,0,0,1,2,0,7.7943E+20,5.40985E+21,1.28039E+16,4.87788E+16
97391,9.17112E+18,9,1,62,0,2017,11,16,3,3,2,6,0,1,0,0,0,0,0,6.87146E+20,5.34407E+21,1.15197E+16,4.82223E+16
97392,9.17112E+18,9,2,78,146,2017,11,7,4,3,5,3,0,1,0,1,0,1,0,7.60615E+20,5.41098E+21,1.2549E+16,4.87971E+16
97393,9.17112E+18,9,1,72,117,2017,11,19,3,2,5,3,0,1,0,0,0,2,1,7.99535E+20,5.28245E+21,1.2987E+16,4.76261E+16
97394,9.17112E+18,9,2,75,141,2017,11,17,4,3,2,6,0,1,0,0,0,0,0,8.21693E+20,5.37232E+21,1.33486E+16,4.84218E+16
97395,9.17112E+18,9,3,76,149,2017,11,23,4,2,2,1,0,1,0,0,0,2,1,7.39634E+20,5.45708E+21,1.2291E+16,4.92195E+16
97396,9.17112E+18,9,2,77,128,2017,11,10,3,3,2,6,0,1,0,0,0,0,1,7.96746E+20,5.35257E+21,1.29983E+16,4.82568E+16
97397,9.17112E+18,9,3,76,119,2017,11,0,4,3,7,7,0,1,0,0,0,2,1,7.19366E+20,5.45254E+21,1.20106E+16,4.91864E+16
97398,9.17112E+18,9,3,61,0,2017,11,6,4,3,5,3,0,1,0,1,0,1,1,7.07019E+20,5.48051E+21,1.18559E+16,4.9442E+16
97399,9.17112E+18,9,2,71,146,2017,11,9,4,2,5,3,1,1,0,0,0,0,1,7.85485E+20,5.40927E+21,1.28857E+16,4.87708E+16
97400,9.17112E+18,9,1,78,130,2017,11,17,4,3,0,1,1,0,0,0,0,2,1,7.02785E+20,5.35873E+21,1.17371E+16,4.83491E+16
97401,9.17112E+18,9,2,78,116,2017,11,12,4,3,4,6,0,1,0,0,1,0,0,7.65565E+20,5.4316E+21,1.26297E+16,4.89802E+16
97402,9.17112E+18,9,2,75,145,2017,11,13,4,3,2,6,0,0,0,0,1,0,0,8.23512E+20,5.37613E+21,1.3376E+16,4.8455E+16
97403,9.17112E+18,9,2,75,154,2017,11,16,4,3,5,3,0,1,0,0,0,1,1,8.05435E+20,5.3912E+21,1.31432E+16,4.85993E+16
97404,9.17112E+18,9,2,72,149,2017,11,7,4,3,2,6,0,1,0,0,0,0,0,8.17691E+20,5.42553E+21,1.33354E+16,4.89011E+16
97405,9.17112E+18,9,2,77,145,2017,11,6,4,3,8,1,0,1,0,0,0,1,1,7.97928E+20,5.35448E+21,1.30155E+16,4.82733E+16
97406,9.17112E+18,9,2,72,136,2017,11,7,4,3,7,7,0,1,0,0,0,1,1,8.48875E+20,5.40882E+21,1.37453E+16,4.87346E+16
97407,9.17112E+18,9,2,75,152,2017,11,11,4,1,4,6,0,0,0,1,1,0,1,8.20745E+20,5.40687E+21,1.33624E+16,4.87322E+16
97408,9.17112E+18,9,2,74,135,2017,11,6,4,3,4,6,0,0,0,0,1,2,0,7.52355E+20,5.3792E+21,1.24174E+16,4.85152E+16
97409,9.17112E+18,9,2,61,0,2017,11,19,4,3,0,1,1,0,0,0,0,2,0,7.34323E+20,5.38166E+21,1.2175E+16,4.85442E+16
97410,9.17112E+18,9,1,80,116,2017,11,17,4,2,2,6,0,1,0,0,0,2,1,6.6049E+20,5.26878E+21,1.11331E+16,4.75526E+16
97411,9.17112E+18,9,1,73,147,2017,11,6,4,3,6,4,0,1,1,0,0,1,0,6.8141E+20,5.30952E+21,1.14279E+16,4.79133E+16
97412,9.17112E+18,9,1,73,147,2017,11,6,4,3,6,4,0,1,1,0,0,2,0,6.81186E+20,5.3095E+21,1.14249E+16,4.79132E+16
97413,9.17112E+18,9,1,89,149,2017,11,17,4,3,5,2,0,1,0,0,1,2,0,7.59858E+20,5.33014E+21,1.24886E+16,4.80715E+16
97414,9.17112E+18,9,1,89,155,2017,11,13,4,3,5,3,0,1,0,1,0,0,0,7.71283E+20,5.30977E+21,1.26288E+16,4.78839E+16
97415,9.17112E+18,9,1,89,119,2017,11,14,4,3,0,7,0,1,0,0,0,0,0,7.6426E+20,5.30644E+21,1.2533E+16,4.78569E+16
97416,9.17112E+18,9,1,71,118,2017,11,8,4,3,5,3,0,1,0,0,0,0,0,7.87942E+20,5.34854E+21,1.28772E+16,4.82247E+16
97417,9.17112E+18,9,2,75,128,2017,11,14,4,1,4,6,0,1,0,0,0,0,0,8.29744E+20,5.39836E+21,1.34776E+16,4.86512E+16
97418,9.17112E+18,9,2,75,122,2017,11,9,4,3,1,2,0,1,0,0,1,0,0,8.18645E+20,5.38335E+21,1.33159E+16,4.85222E+16
97419,9.17112E+18,9,2,72,118,2017,11,14,4,3,5,3,0,1,0,0,0,0,0,8.33553E+20,5.41761E+21,1.35448E+16,4.88218E+16
97420,9.17112E+18,9,1,72,116,2017,11,9,4,3,0,7,0,0,0,0,1,0,1,8.0409E+20,5.28329E+21,1.30481E+16,4.76315E+16
97421,9.17112E+18,9,2,77,134,2017,11,17,4,3,5,3,0,1,0,1,0,1,0,7.76968E+20,5.36227E+21,1.27388E+16,4.83528E+16
97422,9.17112E+18,9,1,72,114,2017,11,15,4,3,4,1,1,0,0,0,0,0,0,7.90548E+20,5.29389E+21,1.28753E+16,4.77329E+16
97423,9.17112E+18,9,2,77,151,2017,11,6,4,3,4,7,0,1,0,1,0,1,2,7.71253E+20,5.36617E+21,1.26643E+16,4.83903E+16
97424,9.17112E+18,9,1,72,114,2017,11,13,4,3,4,2,0,1,0,0,0,0,0,7.95114E+20,5.2982E+21,1.2939E+16,4.77695E+16
97425,9.17112E+18,9,1,87,142,2017,11,14,4,3,0,7,0,1,0,0,1,0,0,7.33948E+20,5.31459E+21,1.21329E+16,4.79419E+16
97426,9.17112E+18,9,1,87,118,2017,11,13,4,2,4,6,0,1,0,0,0,0,0,7.53451E+20,5.29992E+21,1.2385E+16,4.78027E+16
97427,9.17112E+18,9,1,87,148,2017,11,17,4,3,6,4,0,1,1,0,0,2,0,7.39613E+20,5.27834E+21,1.21886E+16,4.76142E+16
97428,9.17112E+18,9,1,82,137,2017,11,8,4,3,9,6,0,1,0,0,0,0,1,7.103E+20,5.30761E+21,1.18132E+16,4.78874E+16
97429,9.17112E+18,9,1,87,120,2017,11,17,4,3,5,3,0,1,0,0,0,2,0,7.31991E+20,5.29215E+21,1.20947E+16,4.77409E+16
97430,9.17112E+18,9,1,87,122,2017,11,17,4,3,5,2,0,1,0,1,0,2,1,7.16855E+20,5.30611E+21,1.19E+16,4.78717E+16
97431,9.17112E+18,9,1,85,168,2017,11,7,4,3,5,3,0,1,0,0,0,2,0,6.68532E+20,5.39857E+21,1.12913E+16,4.87173E+16
97432,9.17112E+18,9,1,86,147,2017,11,17,4,3,4,2,0,1,0,0,0,2,0,6.85499E+20,5.39118E+21,1.15184E+16,4.86461E+16
97433,9.17112E+18,9,1,76,124,2017,11,10,4,3,4,6,0,0,0,0,1,0,1,6.68619E+20,5.41159E+21,1.12978E+16,4.88344E+16
97434,9.17112E+18,9,1,62,0,2017,11,15,4,3,2,6,0,1,0,0,0,0,0,6.842E+20,5.34258E+21,1.14795E+16,4.82097E+16
97435,9.17112E+18,9,7,77,167,2017,11,9,1,3,3,6,0,1,0,0,0,0,1,6.18158E+20,5.29403E+21,1.05776E+16,4.77888E+16
97436,9.17112E+18,9,1,88,139,2017,11,14,4,1,6,3,0,1,1,0,0,0,0,6.74894E+20,5.31922E+21,1.13447E+16,4.80023E+16
97437,9.17112E+18,9,7,72,147,2017,11,15,1,3,2,6,0,1,0,0,0,0,0,6.3894E+20,5.36408E+21,1.08777E+16,4.84145E+16
97438,9.17112E+18,9,1,79,142,2017,11,7,4,3,1,6,0,1,0,0,0,0,1,6.72867E+20,5.34046E+21,1.13262E+16,4.81939E+16
97439,9.17112E+18,9,6,77,149,2017,11,14,2,3,2,6,0,0,0,0,1,0,1,5.57153E+20,5.54729E+21,9.79873E+15,5.00752E+16
97440,9.17112E+18,9,1,79,126,2017,11,18,4,3,6,2,0,1,1,0,0,2,1,6.76266E+20,5.34039E+21,1.13719E+16,4.81922E+16
97441,9.17112E+18,9,1,62,0,2017,11,23,2,3,6,4,0,1,1,0,0,2,1,6.93503E+20,5.33153E+21,1.15995E+16,4.81076E+16
97442,9.17112E+18,9,1,74,126,2017,11,18,4,3,2,6,0,1,0,0,0,2,0,6.83284E+20,5.3443E+21,1.14679E+16,4.82254E+16
97443,9.17112E+18,9,1,75,132,2017,11,22,4,3,8,1,0,1,0,0,0,2,0,7.05291E+20,5.33598E+21,1.17599E+16,4.81439E+16
97444,9.17112E+18,9,1,61,0,2017,11,6,3,3,0,1,1,0,0,0,0,2,1,6.77218E+20,5.40441E+21,1.14118E+16,4.87674E+16
97445,9.17112E+18,9,1,84,119,2017,11,9,4,3,2,6,0,1,0,0,0,0,0,6.95518E+20,5.34502E+21,1.16328E+16,4.82283E+16
97446,9.17112E+18,9,2,79,112,2017,11,15,4,3,3,6,0,1,0,0,0,0,0,7.5607E+20,5.39528E+21,1.24775E+16,4.8658E+16
97447,9.17112E+18,9,1,78,124,2017,11,18,4,3,4,1,0,1,0,0,0,2,1,7.05767E+20,5.36556E+21,1.17806E+16,4.84096E+16
97448,9.17112E+18,9,2,61,0,2017,11,9,4,2,3,2,1,1,0,0,0,0,1,7.32659E+20,5.38208E+21,1.21527E+16,4.85486E+16
97449,9.17112E+18,9,7,61,0,2017,11,16,3,3,0,2,1,1,0,0,0,1,0,6.41151E+20,5.36022E+21,1.09063E+16,4.83793E+16
97450,9.17112E+18,9,1,84,147,2017,11,6,3,3,5,3,0,1,0,0,0,2,1,6.95596E+20,5.33969E+21,1.16314E+16,4.81803E+16
97451,9.17112E+18,9,2,74,183,2017,11,15,4,3,5,3,0,1,0,0,0,0,0,7.41527E+20,5.36192E+21,1.2261E+16,4.83642E+16
97452,9.17112E+18,9,2,74,179,2017,11,12,4,3,2,2,0,1,0,0,0,0,0,7.51421E+20,5.37604E+21,1.24029E+16,4.84871E+16
97453,9.17112E+18,9,2,73,137,2017,11,15,4,3,5,2,1,1,0,0,0,0,1,7.07639E+20,5.41923E+21,1.18328E+16,4.88912E+16
97454,9.17112E+18,9,2,79,134,2017,11,6,4,3,8,1,0,1,0,0,0,2,2,7.67552E+20,5.38746E+21,1.26281E+16,4.8583E+16
97455,9.17112E+18,9,2,79,112,2017,11,17,4,3,1,5,0,1,0,0,0,2,1,7.53434E+20,5.39312E+21,1.24404E+16,4.86397E+16
97456,9.17112E+18,9,3,75,196,2017,11,17,3,3,4,2,0,1,0,0,0,2,0,7.28459E+20,5.41431E+21,1.21137E+16,4.88397E+16
97457,9.17112E+18,9,4,77,121,2017,11,17,3,3,2,6,0,1,0,0,0,2,1,6.8747E+20,5.54902E+21,1.16195E+16,5.00639E+16
97458,9.17112E+18,9,2,79,126,2017,11,14,4,3,0,7,1,0,0,0,0,0,0,7.62306E+20,5.38408E+21,1.25549E+16,4.85549E+16
97459,9.17112E+18,9,2,79,134,2017,11,7,4,3,8,1,0,1,0,0,0,0,1,7.67074E+20,5.38466E+21,1.26198E+16,4.85581E+16
97460,9.17112E+18,9,1,89,134,2017,11,15,4,3,5,3,0,1,0,0,0,0,0,7.71068E+20,5.32547E+21,1.26358E+16,4.80249E+16
97461,9.17112E+18,9,1,71,119,2017,11,17,4,2,4,6,0,1,0,0,0,1,1,7.73101E+20,5.33434E+21,1.26687E+16,4.81037E+16
97462,9.17112E+18,9,1,87,139,2017,11,17,4,2,0,3,1,0,0,0,0,1,0,7.45412E+20,5.31388E+21,1.22857E+16,4.79312E+16
97463,9.17112E+18,9,1,82,123,2017,11,16,4,3,4,2,0,1,0,0,0,1,0,7.17271E+20,5.3014E+21,1.19032E+16,4.78292E+16
97464,9.17112E+18,9,1,75,124,2017,11,7,4,3,5,3,0,1,0,0,0,0,0,7.15079E+20,5.32865E+21,1.18876E+16,4.80748E+16
97465,9.17112E+18,9,1,82,136,2017,11,17,4,3,5,3,0,1,0,0,0,2,0,7.03074E+20,5.29942E+21,1.17128E+16,4.7816E+16
97466,9.17111E+18,9,1,62,0,2017,11,9,3,3,5,3,0,1,0,0,1,0,0,6.92192E+20,5.34294E+21,1.15871E+16,4.82105E+16
97467,9.17112E+18,9,1,87,129,2017,11,13,4,3,5,3,1,1,0,0,0,0,0,7.25704E+20,5.2979E+21,1.20139E+16,4.77949E+16
97468,9.17111E+18,9,1,62,0,2017,11,7,3,3,2,6,0,1,0,0,1,0,0,6.88548E+20,5.32863E+21,1.15318E+16,4.80831E+16
97469,9.17111E+18,9,1,62,0,2017,11,15,3,2,5,3,1,1,0,0,0,0,0,7.00969E+20,5.33244E+21,1.17001E+16,4.81135E+16
97470,9.17111E+18,9,1,84,123,2017,11,17,3,3,5,3,0,1,0,0,0,2,1,7.0333E+20,5.33181E+21,1.17315E+16,4.8107E+16
97471,9.17111E+18,9,1,62,0,2017,11,13,3,3,2,6,0,1,0,0,1,0,0,6.95156E+20,5.3314E+21,1.16217E+16,4.8106E+16
97472,9.17111E+18,9,1,62,0,2017,11,8,3,3,5,3,0,1,0,0,0,0,0,6.94554E+20,5.33673E+21,1.1616E+16,4.81541E+16
97473,9.17111E+18,9,7,75,135,2017,11,17,3,3,2,6,0,1,0,0,0,2,0,5.75381E+20,5.35977E+21,1.00182E+16,4.83866E+16
97474,9.17111E+18,9,7,78,173,2017,11,7,3,3,2,6,0,1,0,0,0,0,1,6.08217E+20,5.32247E+21,1.0452E+16,4.80463E+16
97475,9.17111E+18,9,7,74,185,2017,11,5,3,3,4,3,1,1,0,0,0,2,1,6.08655E+20,5.3489E+21,1.04647E+16,4.8284E+16
97476,9.17111E+18,9,7,63,0,2017,11,13,3,3,1,6,0,1,0,0,0,0,0,5.99736E+20,5.28502E+21,1.03296E+16,4.77109E+16
97477,9.17111E+18,9,7,77,158,2017,11,5,3,2,4,2,0,1,0,0,0,2,1,6.20185E+20,5.31058E+21,1.06092E+16,4.79373E+16
97478,9.17111E+18,9,7,77,173,2017,11,8,3,3,4,1,0,1,0,0,0,0,2,6.33976E+20,5.27776E+21,1.07837E+16,4.76394E+16
97479,9.17111E+18,9,7,79,197,2017,11,14,3,2,5,3,0,1,0,1,0,0,0,6.17824E+20,5.42349E+21,1.06094E+16,4.89531E+16
97480,9.17112E+18,9,7,72,209,2017,11,5,1,3,5,3,0,1,0,0,0,2,1,6.36193E+20,5.33713E+21,1.08319E+16,4.81728E+16
97481,9.17111E+18,9,7,73,112,2017,11,9,3,2,4,6,0,1,0,0,1,0,0,6.01519E+20,5.38713E+21,1.03778E+16,4.8629E+16
97482,9.17112E+18,9,7,61,0,2017,11,12,1,3,5,3,0,1,0,0,0,0,0,6.39944E+20,5.36065E+21,1.08901E+16,4.83835E+16
97483,9.17111E+18,9,7,72,148,2017,11,17,3,3,2,6,0,1,0,0,0,2,0,6.28251E+20,5.3544E+21,1.07304E+16,4.83297E+16
97484,9.17112E+18,9,6,79,193,2017,11,20,1,3,2,1,0,1,0,0,0,2,1,5.75261E+20,5.51168E+21,1.00448E+16,4.97529E+16
97485,9.17111E+18,9,7,61,0,2017,11,16,3,2,0,1,1,0,0,0,0,0,0,6.37014E+20,5.35996E+21,1.08503E+16,4.83779E+16
97486,9.17112E+18,9,6,71,122,2017,11,23,2,2,8,1,0,1,0,0,0,2,1,5.07242E+20,5.5312E+21,9.10092E+15,4.99331E+16
97487,9.17111E+18,9,6,63,0,2017,11,17,3,3,2,6,0,1,0,0,0,2,0,5.63188E+20,5.51913E+21,9.87844E+15,4.98213E+16
97488,9.17112E+18,9,7,79,115,2017,11,15,2,1,4,7,0,1,0,0,1,0,0,6.35481E+20,5.39496E+21,1.0841E+16,4.86929E+16
97489,9.17112E+18,9,5,62,0,2017,11,13,3,3,2,6,0,1,0,0,0,0,0,6.4378E+20,5.49405E+21,1.09891E+16,4.95819E+16
97490,9.17112E+18,9,6,77,148,2017,11,7,3,2,3,6,0,1,0,0,0,0,1,5.46541E+20,5.53877E+21,9.6494E+15,4.99994E+16
97491,9.17112E+18,9,1,89,154,2017,11,17,6,3,4,6,0,1,0,0,0,2,0,7.68996E+20,5.31664E+21,1.26026E+16,4.79465E+16
97492,9.17112E+18,9,1,89,154,2017,11,12,6,3,2,6,0,1,0,0,0,0,0,7.6489E+20,5.32068E+21,1.25502E+16,4.79845E+16
97493,9.17112E+18,9,2,73,116,2017,11,8,6,3,3,6,0,1,0,0,1,0,0,7.25623E+20,5.42041E+21,1.20785E+16,4.88956E+16
97494,9.17112E+18,9,2,71,153,2017,11,6,6,3,2,6,0,1,0,0,0,0,0,7.99274E+20,5.40504E+21,1.30699E+16,4.87265E+16
97495,9.17112E+18,9,2,71,119,2017,11,18,6,3,5,2,0,1,0,1,0,2,1,7.91137E+20,5.41777E+21,1.29685E+16,4.88446E+16
97496,9.17112E+18,9,1,89,119,2017,11,7,6,3,9,1,0,0,0,0,1,0,0,7.63217E+20,5.30353E+21,1.25173E+16,4.78312E+16
97497,9.17112E+18,9,1,84,114,2017,11,8,6,3,3,6,0,1,0,0,1,0,0,6.98514E+20,5.32175E+21,1.16622E+16,4.80181E+16
97498,9.17112E+18,9,1,87,113,2017,11,7,6,3,8,1,0,1,0,0,0,0,1,7.46005E+20,5.32346E+21,1.22991E+16,4.8017E+16
97499,9.17112E+18,9,1,87,177,2017,11,18,6,3,2,6,0,1,0,0,0,2,0,7.36046E+20,5.30427E+21,1.21553E+16,4.78484E+16
97500,9.17112E+18,9,1,89,135,2017,11,10,6,3,4,6,0,1,0,0,0,0,0,7.88071E+20,5.31149E+21,1.2854E+16,4.7892E+16
97501,9.17112E+18,9,2,71,141,2017,11,23,6,2,5,3,0,1,0,0,0,2,0,7.9675E+20,5.3995E+21,1.30316E+16,4.8678E+16
97502,9.17112E+18,9,1,87,177,2017,11,17,6,3,2,6,0,1,0,0,0,2,0,7.36734E+20,5.30346E+21,1.2164E+16,4.78409E+16
97503,9.17112E+18,9,1,84,132,2017,11,11,6,3,0,6,0,1,0,0,0,0,0,6.84418E+20,5.3263E+21,1.14753E+16,4.80633E+16
97504,9.17112E+18,9,1,63,0,2017,11,17,6,3,5,3,0,1,0,0,0,2,0,7.33585E+20,5.3032E+21,1.21218E+16,4.78397E+16
97505,9.17112E+18,9,1,82,132,2017,11,18,6,3,4,1,1,0,0,0,0,2,0,7.07377E+20,5.28677E+21,1.17642E+16,4.7701E+16
97506,9.17112E+18,9,1,82,132,2017,11,18,6,3,2,6,0,1,0,0,0,2,0,7.07997E+20,5.28604E+21,1.17721E+16,4.76942E+16
97507,9.17112E+18,9,1,87,130,2017,11,23,6,2,9,1,0,1,0,0,0,2,0,7.1239E+20,5.31237E+21,1.18435E+16,4.79294E+16
97508,9.17112E+18,9,1,61,0,2017,11,17,6,3,2,6,0,1,0,0,0,1,0,6.82347E+20,5.40643E+21,1.14824E+16,4.87841E+16
97509,9.17112E+18,9,1,76,120,2017,11,13,6,3,2,6,0,1,0,0,1,0,0,6.80992E+20,5.42061E+21,1.14703E+16,4.8912E+16
97510,9.17112E+18,9,1,86,137,2017,11,14,6,2,5,3,1,1,0,0,0,0,0,6.82679E+20,5.39897E+21,1.14836E+16,4.8717E+16
97511,9.17112E+18,9,1,61,0,2017,11,20,6,3,2,6,0,1,0,0,0,2,1,6.75678E+20,5.40473E+21,1.1391E+16,4.87708E+16
97512,9.17112E+18,9,1,85,149,2017,11,18,6,3,6,4,0,1,1,0,0,2,0,6.60858E+20,5.40308E+21,1.11888E+16,4.87599E+16
97513,9.17112E+18,9,1,61,0,2017,11,11,6,3,5,3,0,1,0,0,0,0,0,6.77788E+20,5.40493E+21,1.14198E+16,4.87719E+16
97514,9.17112E+18,9,1,61,0,2017,11,13,6,3,3,2,1,1,0,0,0,0,0,6.7944E+20,5.39944E+21,1.14398E+16,4.87221E+16
97515,9.17112E+18,9,1,76,165,2017,11,16,6,2,8,1,0,0,0,1,0,2,1,6.65115E+20,5.42217E+21,1.12544E+16,4.89304E+16
97516,9.17112E+18,9,1,76,114,2017,11,15,6,3,4,6,0,1,0,0,1,0,1,6.79868E+20,5.43507E+21,1.14613E+16,4.90423E+16
97517,9.17112E+18,9,1,79,142,2017,11,8,6,3,2,6,0,1,0,0,0,0,0,6.75371E+20,5.34408E+21,1.13614E+16,4.82257E+16
97518,9.17112E+18,9,1,79,117,2017,11,9,6,3,9,1,0,1,0,0,0,0,0,6.60692E+20,5.34775E+21,1.11652E+16,4.82625E+16
97519,9.17112E+18,9,1,81,137,2017,11,18,6,3,9,6,0,1,0,0,1,2,0,6.46832E+20,5.30887E+21,1.09652E+16,4.79164E+16
97520,9.17112E+18,9,1,81,133,2017,11,7,6,2,5,2,0,1,0,0,1,0,0,6.44622E+20,5.31458E+21,1.09376E+16,4.79681E+16
97521,9.17112E+18,9,1,79,123,2017,11,16,6,3,1,6,0,1,0,0,0,1,0,6.74692E+20,5.33268E+21,1.13475E+16,4.81234E+16
97522,9.17112E+18,9,1,79,113,2017,11,18,6,3,5,3,0,1,0,0,0,2,0,6.71865E+20,5.33575E+21,1.13108E+16,4.81518E+16
97523,9.17112E+18,9,1,74,115,2017,11,8,6,3,5,3,1,1,0,0,0,0,0,6.83362E+20,5.34892E+21,1.14709E+16,4.82669E+16
97524,9.17112E+18,9,1,74,121,2017,11,17,6,2,4,7,0,1,0,0,0,2,0,6.90674E+20,5.35376E+21,1.15716E+16,4.83083E+16
97525,9.17112E+18,9,1,74,121,2017,11,11,6,3,3,3,1,1,0,0,0,0,0,6.89775E+20,5.35396E+21,1.15595E+16,4.83103E+16
97526,9.17112E+18,9,1,75,127,2017,11,23,6,3,8,1,0,1,0,0,1,2,0,7.12819E+20,5.34179E+21,1.18638E+16,4.81936E+16
97527,9.17112E+18,9,1,62,0,2017,11,10,5,3,3,6,0,1,0,0,1,0,0,6.85552E+20,5.34086E+21,1.14969E+16,4.81939E+16
97528,9.17112E+18,9,2,78,167,2017,11,12,6,3,5,3,0,1,0,0,0,0,0,7.67981E+20,5.41033E+21,1.26487E+16,4.87882E+16
97529,9.17112E+18,9,1,84,147,2017,11,16,5,3,3,6,0,0,0,0,1,2,0,6.95741E+20,5.34008E+21,1.16335E+16,4.81837E+16
97530,9.17112E+18,9,1,89,134,2017,11,7,6,3,5,3,0,1,0,0,0,1,1,7.71286E+20,5.32258E+21,1.26369E+16,4.79989E+16
97531,9.17112E+18,9,1,84,119,2017,11,19,5,3,5,3,0,1,0,1,0,0,0,6.96107E+20,5.34509E+21,1.16407E+16,4.82287E+16
97532,9.17112E+18,9,1,71,121,2017,11,6,6,2,5,3,0,1,0,1,0,2,0,7.70219E+20,5.34127E+21,1.26345E+16,4.81672E+16
97533,9.17112E+18,9,1,80,117,2017,11,13,6,3,3,6,0,1,0,0,0,0,0,6.57272E+20,5.26246E+21,1.10881E+16,4.74966E+16
97534,9.17112E+18,9,2,62,0,2017,11,17,6,2,2,6,0,1,0,0,0,2,0,8.24527E+20,5.38638E+21,1.33977E+16,4.85464E+16
97535,9.17112E+18,9,1,84,145,2017,11,11,5,3,4,2,0,1,0,0,0,0,0,6.96497E+20,5.32257E+21,1.16356E+16,4.80262E+16
97536,9.17112E+18,9,1,84,123,2017,11,6,5,3,5,3,1,1,0,0,0,1,0,7.03016E+20,5.33191E+21,1.17274E+16,4.8108E+16
97537,9.17112E+18,9,1,62,0,2017,11,1,5,3,8,1,0,1,0,0,0,2,0,6.95715E+20,5.33877E+21,1.16325E+16,4.8172E+16
97538,9.17112E+18,9,1,62,0,2017,11,8,5,3,3,6,0,1,0,0,0,0,0,6.8957E+20,5.33188E+21,1.15469E+16,4.8112E+16
97539,9.17112E+18,9,7,78,173,2017,11,11,5,3,5,3,1,1,0,0,0,0,0,6.1235E+20,5.3226E+21,1.05075E+16,4.80468E+16
97540,9.17112E+18,9,7,74,162,2017,11,14,5,2,4,6,0,1,0,0,1,0,0,6.01889E+20,5.35304E+21,1.03745E+16,4.83223E+16
97541,9.17112E+18,9,1,89,154,2017,11,11,6,3,5,3,0,1,0,0,1,0,0,7.65972E+20,5.31907E+21,1.25637E+16,4.79696E+16
97542,9.17112E+18,9,2,73,125,2017,11,9,6,3,3,6,0,1,0,0,1,0,0,7.18363E+20,5.41318E+21,1.19757E+16,4.88332E+16
97543,9.17112E+18,9,7,74,116,2017,11,11,5,3,2,6,0,1,0,0,1,0,0,6.06821E+20,5.34749E+21,1.04396E+16,4.82716E+16
97544,9.17112E+18,9,2,73,111,2017,11,20,6,2,0,1,0,0,0,1,0,2,1,7.11909E+20,5.40787E+21,1.18851E+16,4.87877E+16
97545,9.17112E+18,9,1,71,113,2017,11,21,6,3,4,6,0,1,0,0,0,2,1,7.71352E+20,5.3379E+21,1.26475E+16,4.81364E+16
97546,9.17112E+18,9,7,63,0,2017,11,18,5,3,2,6,0,1,0,0,1,1,0,5.98118E+20,5.28766E+21,1.03087E+16,4.77349E+16
97547,9.17112E+18,9,7,77,125,2017,11,19,5,3,9,1,0,0,0,1,0,2,0,6.20048E+20,5.27413E+21,1.05973E+16,4.76094E+16
97548,9.17112E+18,9,7,72,111,2017,11,9,5,3,3,6,0,1,0,0,0,0,0,6.2653E+20,5.36415E+21,1.07101E+16,4.84177E+16