OBJECTID,UIDENTSTLA,ULAND,UREGBEZ,UKREIS,UGEMEINDE,UJAHR,UMONAT,USTUNDE,UWOCHENTAG,UKATEGORIE,UART,UTYP1,IstRad,IstPKW,IstFuss,IstKrad,IstSonstig,LICHT,STRZUSTAND,LINREFX,LINREFY,XGCSWGS84,YGCSWGS84
97549,9.17112E+18,9,7,72,147,2017,11,18,5,3,9,1,0,0,0,1,0,2,0,6.38513E+20,5.36732E+21,1.0873E+16,4.84438E+16
97550,9.17112E+18,9,7,72,125,2017,11,18,5,3,2,6,0,1,0,0,0,2,0,6.34994E+20,5.34676E+21,1.08189E+16,4.82597E+16
97551,9.17112E+18,9,7,72,202,2017,11,12,5,3,6,2,0,1,1,0,0,0,0,6.36724E+20,5.35878E+21,1.08461E+16,4.83674E+16
97552,9.17112E+18,9,7,61,0,2017,11,5,5,3,1,3,0,1,0,0,0,2,0,6.42852E+20,5.36003E+21,1.09292E+16,4.83772E+16
97553,9.17112E+18,9,6,63,0,2017,11,16,5,3,5,3,1,1,0,0,0,2,0,5.67693E+20,5.51327E+21,9.94003E+15,4.97681E+16
97554,9.17112E+18,9,6,63,0,2017,11,13,5,3,2,6,0,1,0,0,0,0,0,5.67451E+20,5.5134E+21,9.93671E+15,4.97692E+16
97555,9.17112E+18,9,6,72,117,2017,11,15,5,2,6,1,0,0,1,0,1,0,0,5.70022E+20,5.57319E+21,9.98333E+15,5.03067E+16
97556,9.17112E+18,9,6,74,121,2017,11,8,5,3,8,1,0,1,0,0,0,0,2,6.17061E+20,5.55285E+21,1.06374E+16,5.01163E+16
97557,9.17112E+18,9,6,76,122,2017,11,7,5,3,2,6,0,1,0,1,0,0,0,5.11136E+20,5.51907E+21,9.15483E+15,4.98239E+16
97558,9.17112E+18,9,6,76,123,2017,11,9,5,2,4,6,0,1,0,0,0,0,0,5.20374E+20,5.52288E+21,9.28345E+15,4.9858E+16
97559,9.17112E+18,9,5,74,112,2017,11,1,5,2,5,3,0,0,0,0,1,2,1,6.69641E+20,5.4726E+21,1.13374E+16,4.93824E+16
97560,9.17113E+18,9,1,76,126,2017,11,9,2,3,2,6,0,1,0,0,0,0,2,6.73228E+20,5.40594E+21,1.13582E+16,4.87823E+16
97561,9.17113E+18,9,1,76,143,2017,11,7,2,3,5,3,0,1,0,0,0,0,0,6.80906E+20,5.40897E+21,1.1464E+16,4.88074E+16
97562,9.17113E+18,9,1,86,143,2017,11,7,2,3,2,6,0,1,0,0,0,0,1,6.85892E+20,5.3801E+21,1.15188E+16,4.85464E+16
97563,9.17113E+18,9,1,81,114,2017,11,14,2,3,2,6,0,1,0,0,0,0,0,6.57521E+20,5.31122E+21,1.11091E+16,4.79349E+16
97564,9.17113E+18,9,1,74,115,2017,11,8,2,3,1,3,1,0,0,0,1,0,0,6.80856E+20,5.34768E+21,1.14367E+16,4.82565E+16
97565,9.17113E+18,9,1,77,116,2017,11,13,2,3,5,3,0,1,0,0,0,0,0,7.11475E+20,5.36447E+21,1.18571E+16,4.83979E+16
97566,9.17113E+18,9,1,77,116,2017,11,21,2,3,9,7,0,1,0,0,0,2,0,7.14775E+20,5.36034E+21,1.18995E+16,4.83596E+16
97567,9.17113E+18,9,1,77,117,2017,11,5,2,3,8,1,0,1,0,0,0,2,0,7.16546E+20,5.35197E+21,1.19191E+16,4.82839E+16
97568,9.17113E+18,9,1,77,113,2017,11,7,2,3,6,6,0,1,1,0,0,1,0,7.23625E+20,5.35471E+21,1.20159E+16,4.8306E+16
97569,9.17113E+18,9,7,80,119,2017,11,19,1,3,9,1,0,1,0,0,0,2,1,5.96503E+20,5.29776E+21,1.02894E+16,4.78259E+16
97570,9.17113E+18,9,7,77,158,2017,11,19,1,3,4,1,0,1,0,0,0,2,2,6.19459E+20,5.30943E+21,1.05992E+16,4.79271E+16
97571,9.17113E+18,9,7,79,131,2017,11,23,1,3,8,1,0,1,0,0,0,2,1,6.34927E+20,5.39758E+21,1.08344E+16,4.87166E+16
97572,9.17113E+18,9,7,73,182,2017,11,2,1,2,8,1,0,1,0,0,0,2,1,6.27547E+20,5.37823E+21,1.07281E+16,4.85442E+16
97573,9.17113E+18,9,7,72,177,2017,11,10,1,2,8,1,0,1,0,0,0,0,0,6.35871E+20,5.37791E+21,1.08408E+16,4.85396E+16
97574,9.17113E+18,9,7,71,145,2017,11,7,1,3,9,1,0,1,0,0,0,1,0,6.51266E+20,5.34419E+21,1.1037E+16,4.82329E+16
97575,9.17113E+18,9,6,75,146,2017,11,17,1,3,8,1,0,1,0,0,0,2,0,5.78292E+20,5.51469E+21,1.00875E+16,4.97795E+16
97576,9.17113E+18,9,6,77,155,2017,11,14,1,3,9,1,0,1,0,0,0,0,1,5.43262E+20,5.53741E+21,9.6035E+15,4.99875E+16
97577,9.17113E+18,9,6,77,148,2017,11,20,1,2,4,2,0,1,0,0,0,2,0,5.54436E+20,5.5344E+21,9.75893E+15,4.99595E+16
97578,9.17113E+18,9,6,77,114,2017,11,0,1,3,2,6,0,1,0,0,0,2,1,5.73702E+20,5.53378E+21,1.00274E+16,4.99518E+16
97579,9.17113E+18,9,6,72,145,2017,11,18,1,3,8,1,0,1,0,0,0,2,1,5.61682E+20,5.57437E+21,9.86642E+15,5.03182E+16
97580,9.17113E+18,9,6,71,156,2017,11,11,1,3,9,7,0,1,0,0,0,0,1,5.2159E+20,5.53486E+21,9.30103E+15,4.99657E+16
97581,9.17113E+18,9,6,71,112,2017,11,14,1,3,5,3,0,1,0,0,0,0,1,5.17774E+20,5.53476E+21,9.24782E+15,4.99649E+16
97582,9.17113E+18,9,5,76,143,2017,11,19,1,3,2,6,0,1,0,0,0,2,0,6.51165E+20,5.45219E+21,1.10753E+16,4.92038E+16
97583,9.17113E+18,9,5,64,0,2017,11,17,1,2,0,7,0,1,0,0,1,2,1,6.46395E+20,5.47607E+21,1.10186E+16,4.94197E+16
97584,9.17112E+18,9,4,75,123,2017,11,15,5,3,2,6,0,1,0,0,1,0,0,7.05249E+20,5.58333E+21,1.18861E+16,5.03662E+16
97585,9.17112E+18,9,5,71,136,2017,11,7,5,3,9,1,0,1,0,0,0,2,2,5.98263E+20,5.43707E+21,1.03456E+16,4.90787E+16
97586,9.17113E+18,9,5,77,173,2017,11,18,1,3,0,7,1,0,0,0,0,2,1,6.39541E+20,5.42502E+21,1.09064E+16,4.89623E+16
97587,9.17113E+18,9,4,75,169,2017,11,16,1,3,8,1,0,1,0,0,0,2,1,6.89761E+20,5.57181E+21,1.16628E+16,5.02679E+16
97588,9.17113E+18,9,4,73,159,2017,11,20,1,3,1,6,0,1,0,0,0,2,1,6.43749E+20,5.57092E+21,1.10173E+16,5.02729E+16
97589,9.17113E+18,9,4,73,159,2017,11,20,1,3,7,7,0,1,0,0,0,2,1,6.43749E+20,5.57092E+21,1.10173E+16,5.02729E+16
97590,9.17113E+18,9,4,76,177,2017,11,17,1,1,6,4,0,1,1,0,0,2,1,6.75985E+20,5.57771E+21,1.14724E+16,5.03252E+16
97591,9.17113E+18,9,4,74,123,2017,11,11,1,2,2,6,0,1,0,0,0,0,0,6.46871E+20,5.51527E+21,1.10398E+16,4.97719E+16
97592,9.17113E+18,9,4,74,129,2017,11,2,1,2,8,1,0,1,0,0,0,2,1,6.68085E+20,5.51675E+21,1.13348E+16,4.97797E+16
97593,9.17113E+18,9,4,71,150,2017,11,17,1,2,4,6,0,1,0,0,0,0,0,6.35273E+20,5.53559E+21,1.08859E+16,4.99573E+16
97594,9.17113E+18,9,3,71,113,2017,11,6,1,3,8,1,0,1,0,0,0,2,1,6.90419E+20,5.50505E+21,1.1639E+16,4.96679E+16
97595,9.17113E+18,9,2,78,141,2017,11,4,1,3,2,6,0,1,0,0,0,2,1,7.55714E+20,5.43025E+21,1.24945E+16,4.89722E+16
97596,9.17113E+18,9,2,76,134,2017,11,18,1,3,9,1,0,1,0,0,0,2,1,7.91665E+20,5.43705E+21,1.29895E+16,4.90173E+16
97597,9.17112E+18,9,5,71,136,2017,11,6,5,3,3,2,0,1,0,0,1,2,1,5.99479E+20,5.43543E+21,1.03618E+16,4.90637E+16
97598,9.17113E+18,9,2,76,138,2017,11,6,1,3,9,1,0,1,0,0,0,1,2,8.06057E+20,5.4345E+21,1.31839E+16,4.89874E+16
97599,9.17112E+18,9,5,71,226,2017,11,7,5,3,9,1,0,1,0,0,0,0,2,6.35853E+20,5.45836E+21,1.08673E+16,4.92629E+16
97600,9.17113E+18,9,2,77,145,2017,11,5,1,1,9,1,0,1,0,0,0,2,1,8.00213E+20,5.35467E+21,1.30464E+16,4.8274E+16
97601,9.17113E+18,9,2,75,128,2017,11,12,1,2,4,1,0,1,0,0,0,0,1,8.32399E+20,5.40417E+21,1.35182E+16,4.87019E+16
97602,9.17113E+18,9,2,61,0,2017,11,21,1,3,4,2,0,1,0,0,0,1,1,7.30369E+20,5.38169E+21,1.21215E+16,4.8546E+16
97603,9.17113E+18,9,2,73,137,2017,11,14,1,3,5,3,0,1,0,0,0,0,1,7.11138E+20,5.42269E+21,1.18823E+16,4.89211E+16
97604,9.17113E+18,9,1,73,112,2017,11,17,1,3,5,3,0,1,0,0,0,1,1,6.92722E+20,5.29268E+21,1.15717E+16,4.77587E+16
97605,9.17113E+18,9,1,89,154,2017,11,20,1,3,8,1,0,1,0,0,0,2,1,7.67042E+20,5.3196E+21,1.25783E+16,4.79739E+16
97606,9.17113E+18,9,1,89,154,2017,11,19,1,3,5,3,0,1,0,0,0,2,1,7.68899E+20,5.31848E+21,1.26024E+16,4.79631E+16
97607,9.17113E+18,9,1,72,117,2017,11,5,1,3,9,7,0,1,0,0,0,2,2,7.95516E+20,5.2892E+21,1.29382E+16,4.76885E+16
97608,9.17113E+18,9,1,72,117,2017,11,3,1,3,9,1,0,1,0,0,0,2,1,7.99871E+20,5.28464E+21,1.2993E+16,4.76456E+16
97609,9.17113E+18,9,1,84,114,2017,11,7,1,3,9,1,0,1,0,0,0,1,1,6.9887E+20,5.32103E+21,1.16667E+16,4.80116E+16
97610,9.17113E+18,9,1,87,124,2017,11,11,1,3,2,6,0,1,0,0,0,0,0,7.35028E+20,5.32762E+21,1.21544E+16,4.80585E+16
97611,9.17113E+18,9,1,61,0,2017,11,11,1,3,4,2,1,1,0,0,0,0,0,6.78963E+20,5.40486E+21,1.14357E+16,4.8771E+16
97612,9.17113E+18,9,1,85,158,2017,11,18,1,3,4,6,0,1,0,0,0,2,1,6.66564E+20,5.37945E+21,1.12569E+16,4.8546E+16
97613,9.17112E+18,9,5,71,139,2017,11,8,5,2,9,1,0,1,0,0,0,0,2,6.04199E+20,5.43887E+21,1.04273E+16,4.90938E+16
97614,9.17113E+18,9,1,85,158,2017,11,16,1,3,2,6,0,1,0,0,0,2,2,6.66542E+20,5.38222E+21,1.12577E+16,4.85709E+16
97615,9.17113E+18,9,1,86,152,2017,11,17,1,3,4,1,0,1,0,0,0,1,2,6.94797E+20,5.37674E+21,1.16378E+16,4.85135E+16
97616,9.17113E+18,9,1,74,113,2017,11,22,1,3,2,6,0,1,0,0,0,2,1,6.7906E+20,5.34197E+21,1.14101E+16,4.82057E+16
97617,9.17112E+18,9,5,71,145,2017,11,6,5,3,8,1,0,1,0,0,0,1,2,6.00314E+20,5.4503E+21,1.03769E+16,4.91973E+16
97618,9.17113E+18,9,1,62,0,2017,11,14,1,3,0,3,0,1,0,0,0,0,0,6.78105E+20,5.33506E+21,1.13944E+16,4.81439E+16
97619,9.17113E+18,9,1,79,126,2017,11,0,1,2,8,1,0,1,0,0,0,2,1,6.76462E+20,5.34031E+21,1.13745E+16,4.81915E+16
97620,9.17112E+18,9,4,62,0,2017,11,8,5,3,5,3,1,1,0,0,0,0,0,6.83732E+20,5.53626E+21,1.15612E+16,4.99504E+16
97621,9.17112E+18,9,4,73,144,2017,11,17,5,3,5,2,0,1,0,0,0,2,0,6.35403E+20,5.57358E+21,1.09012E+16,5.02987E+16
97622,9.17113E+18,9,1,79,121,2017,11,12,1,2,0,3,1,1,0,0,0,0,0,6.6796E+20,5.33839E+21,1.12594E+16,4.81765E+16
97623,9.17113E+18,9,1,62,0,2017,11,21,1,3,3,6,0,1,0,0,0,2,1,6.89772E+20,5.34467E+21,1.15553E+16,4.82268E+16
97624,9.17113E+18,9,1,62,0,2017,11,20,1,3,2,6,0,1,0,0,0,2,1,6.92969E+20,5.33947E+21,1.1596E+16,4.81792E+16
97625,9.17113E+18,9,1,75,137,2017,11,18,1,3,2,6,0,1,0,0,0,2,1,7.27934E+20,5.33008E+21,1.20607E+16,4.80832E+16
97626,9.17113E+18,9,1,62,0,2017,11,22,7,2,5,3,0,1,0,0,0,2,0,6.87916E+20,5.34361E+21,1.15299E+16,4.82179E+16
97627,9.17113E+18,9,1,62,0,2017,11,19,7,3,1,6,0,1,0,0,0,2,0,6.88094E+20,5.335E+21,1.15285E+16,4.81405E+16
97628,9.17113E+18,9,7,75,135,2017,11,23,7,3,0,7,1,0,0,0,0,2,1,5.74889E+20,5.35719E+21,1.00111E+16,4.83635E+16
97629,9.17113E+18,9,7,78,136,2017,11,14,7,1,5,3,0,1,0,0,0,0,1,5.99572E+20,5.32049E+21,1.03356E+16,4.80299E+16
97630,9.17113E+18,9,7,77,112,2017,11,22,7,1,4,1,0,1,0,0,0,2,2,6.25058E+20,5.29801E+21,1.06708E+16,4.78233E+16
97631,9.17113E+18,9,7,62,0,2017,11,14,7,3,2,6,0,1,0,0,0,0,1,6.21648E+20,5.3044E+21,1.06271E+16,4.78814E+16
97632,9.17113E+18,9,7,80,124,2017,11,13,7,3,2,6,0,1,0,0,0,0,1,5.90726E+20,5.26821E+21,1.02061E+16,4.7561E+16
97633,9.17113E+18,9,7,72,131,2017,11,19,7,2,8,1,0,1,0,0,0,2,1,6.16112E+20,5.35309E+21,1.05663E+16,4.83203E+16
97634,9.17113E+18,9,7,61,0,2017,11,13,7,3,6,2,0,1,1,0,0,0,1,6.39222E+20,5.36087E+21,1.08805E+16,4.83857E+16
97635,9.17113E+18,9,6,79,124,2017,11,14,7,3,4,2,0,1,0,0,0,0,1,5.71405E+20,5.50984E+21,9.99096E+15,4.97368E+16
97636,9.17113E+18,9,6,63,0,2017,11,14,7,3,6,4,0,1,1,0,0,0,1,5.68137E+20,5.51671E+21,9.9468E+15,4.9799E+16
97637,9.17112E+18,9,5,71,166,2017,11,7,5,3,8,1,0,1,0,0,0,1,2,6.03229E+20,5.45062E+21,1.0417E+16,4.91997E+16
97638,9.17112E+18,9,5,71,145,2017,11,16,5,3,5,3,1,1,0,0,0,0,0,5.97031E+20,5.44669E+21,1.0331E+16,4.91654E+16
97639,9.17112E+18,9,5,75,119,2017,11,7,5,3,8,1,0,1,0,0,0,1,2,6.14026E+20,5.48919E+21,1.05762E+16,4.95445E+16
97640,9.17113E+18,9,6,79,179,2017,11,19,7,3,9,1,0,1,0,0,0,2,1,5.71489E+20,5.48987E+21,9.98848E+15,4.95572E+16
97641,9.17113E+18,9,6,62,0,2017,11,15,7,2,3,3,0,1,0,0,0,0,1,5.8821E+20,5.54194E+21,1.02314E+16,5.00232E+16
97642,9.17112E+18,9,4,75,161,2017,11,6,5,3,9,1,0,1,0,0,0,0,2,7.14144E+20,5.57592E+21,1.20068E+16,5.02965E+16
97643,9.17113E+18,9,6,74,163,2017,11,0,7,1,8,1,0,1,0,0,0,2,1,6.08811E+20,5.53947E+21,1.05182E+16,4.99976E+16
97644,9.17113E+18,9,6,74,149,2017,11,9,7,3,8,1,0,1,0,0,0,0,1,6.09287E+20,5.55748E+21,1.053E+16,5.01594E+16
97645,9.17113E+18,9,6,74,147,2017,11,8,7,3,5,3,0,1,0,0,0,0,1,6.1038E+20,5.54315E+21,1.05412E+16,5.00304E+16
97646,9.17113E+18,9,5,74,123,2017,11,9,7,3,2,6,0,1,0,0,0,0,1,6.59759E+20,5.47131E+21,1.12008E+16,4.93735E+16
97647,9.17113E+18,9,5,74,112,2017,11,10,7,3,8,1,0,1,0,0,0,0,1,6.76666E+20,5.47655E+21,1.14358E+16,4.94159E+16
97648,9.17113E+18,9,5,74,138,2017,11,8,7,3,9,1,0,1,0,0,0,0,1,6.66904E+20,5.48764E+21,1.1306E+16,4.95184E+16
97649,9.17113E+18,9,5,76,148,2017,11,16,7,2,6,2,0,1,1,0,0,2,0,6.62506E+20,5.43954E+21,1.12257E+16,4.90872E+16
97650,9.17113E+18,9,5,61,0,2017,11,21,7,3,8,1,0,1,0,0,0,2,1,6.14633E+20,5.46041E+21,1.05763E+16,4.92857E+16
97651,9.17113E+18,9,5,71,136,2017,11,15,7,3,8,1,0,1,0,0,0,0,0,5.89411E+20,5.44017E+21,1.02251E+16,4.91078E+16
97652,9.17113E+18,9,5,77,114,2017,11,15,7,3,8,7,0,1,0,0,0,0,1,6.2524E+20,5.44629E+21,1.07177E+16,4.91566E+16
97653,9.17113E+18,9,5,71,181,2017,11,11,7,3,8,6,0,1,0,0,0,0,1,5.88122E+20,5.46974E+21,1.02139E+16,4.9374E+16
97654,9.17113E+18,9,4,76,182,2017,11,1,7,3,9,1,0,1,0,0,0,2,1,6.73968E+20,5.58579E+21,1.14479E+16,5.03983E+16
97655,9.17113E+18,9,4,77,143,2017,11,17,7,3,8,1,0,1,0,0,0,2,1,6.82733E+20,5.55242E+21,1.1555E+16,5.00959E+16
97656,9.17113E+18,9,4,71,165,2017,11,12,7,2,8,1,0,1,0,0,0,0,1,6.26521E+20,5.53377E+21,1.07634E+16,4.99429E+16
97657,9.17113E+18,9,3,63,0,2017,11,15,7,2,5,3,0,1,0,0,0,0,1,7.28043E+20,5.5053E+21,1.21598E+16,4.96571E+16
97658,9.17113E+18,9,3,73,113,2017,11,13,7,2,8,1,0,0,0,0,1,0,1,6.79771E+20,5.46577E+21,1.14737E+16,4.93181E+16
97659,9.17113E+18,9,3,73,153,2017,11,10,7,3,5,2,0,1,0,0,0,0,1,6.84885E+20,5.46693E+21,1.15446E+16,4.93271E+16
97660,9.17113E+18,9,3,72,113,2017,11,16,7,3,2,2,0,1,0,0,0,1,1,7.91568E+20,5.45698E+21,1.30025E+16,4.91962E+16
97661,9.17112E+18,9,4,74,175,2017,11,18,5,3,5,3,0,1,0,0,0,2,0,6.53315E+20,5.5089E+21,1.11267E+16,4.9713E+16
97662,9.17112E+18,9,5,71,180,2017,11,9,5,3,2,6,0,0,0,0,1,0,0,6.30614E+20,5.46291E+21,1.07968E+16,4.9305E+16
97663,9.17113E+18,9,3,76,144,2017,11,14,7,3,9,6,0,1,0,0,0,0,0,7.31319E+20,5.48229E+21,1.21916E+16,4.94492E+16
97664,9.17113E+18,9,3,76,144,2017,11,15,7,1,2,6,0,1,0,0,1,0,1,7.31186E+20,5.48187E+21,1.21896E+16,4.94455E+16
97665,9.17113E+18,9,2,63,0,2017,11,18,7,3,3,6,0,1,0,0,0,1,1,7.64578E+20,5.42088E+21,1.26093E+16,4.88843E+16
97666,9.17113E+18,9,2,76,139,2017,11,12,7,3,1,7,0,1,0,0,0,0,1,8.05653E+20,5.43071E+21,1.31755E+16,4.89536E+16
97667,9.17113E+18,9,2,75,114,2017,11,10,7,3,8,1,0,1,0,0,0,0,0,7.96375E+20,5.38778E+21,1.30182E+16,4.85729E+16
97668,9.17113E+18,9,2,75,122,2017,11,10,7,3,8,1,0,0,0,0,1,0,0,8.1838E+20,5.3811E+21,1.33106E+16,4.85023E+16
97669,9.17113E+18,9,1,72,131,2017,11,7,7,3,9,1,0,1,0,0,0,1,1,7.86756E+20,5.28798E+21,1.2821E+16,4.76816E+16
97670,9.17112E+18,9,5,72,139,2017,11,18,5,3,2,6,0,1,0,0,0,2,0,6.2834E+20,5.50691E+21,1.07798E+16,4.97011E+16
97671,9.17113E+18,9,1,71,115,2017,11,16,7,3,5,2,0,1,0,0,0,2,1,7.77252E+20,5.35881E+21,1.27403E+16,4.83216E+16
97672,9.17113E+18,9,1,82,123,2017,11,18,7,2,1,5,0,1,0,0,0,2,1,7.16024E+20,5.30157E+21,1.18867E+16,4.78312E+16
97673,9.17112E+18,9,5,72,131,2017,11,16,5,3,5,3,0,1,0,0,0,2,0,6.55591E+20,5.48751E+21,1.11498E+16,4.95202E+16
97674,9.17113E+18,9,1,63,0,2017,11,18,7,3,5,3,0,1,0,0,0,2,0,7.33532E+20,5.30274E+21,1.21209E+16,4.78356E+16
97675,9.17113E+18,9,1,87,128,2017,11,18,7,3,6,4,0,1,1,0,0,2,1,7.46719E+20,5.31108E+21,1.23016E+16,4.79056E+16
97676,9.17113E+18,9,1,82,119,2017,11,17,7,2,4,2,0,1,0,1,0,2,1,7.11667E+20,5.29406E+21,1.18248E+16,4.77651E+16
97677,9.17113E+18,9,1,82,136,2017,11,17,7,3,4,2,0,1,0,0,0,2,1,7.03484E+20,5.30247E+21,1.17197E+16,4.78433E+16
97678,9.17113E+18,9,1,87,137,2017,11,1,7,3,8,1,0,0,0,1,0,2,0,7.3051E+20,5.30778E+21,1.20833E+16,4.78819E+16
97679,9.17113E+18,9,1,61,0,2017,11,18,7,3,8,1,0,1,0,0,0,1,1,6.75362E+20,5.40485E+21,1.13867E+16,4.87719E+16
97680,9.17113E+18,9,1,76,126,2017,11,11,7,2,4,2,1,1,0,0,0,0,1,6.74005E+20,5.40886E+21,1.137E+16,4.88083E+16
97681,9.17113E+18,9,1,85,116,2017,11,9,7,3,8,1,0,1,0,0,0,0,1,6.67407E+20,5.38773E+21,1.12716E+16,4.86202E+16
97682,9.17113E+18,9,1,76,124,2017,11,16,7,3,5,2,0,1,0,0,0,1,1,6.71153E+20,5.41066E+21,1.13319E+16,4.88253E+16
97683,9.17113E+18,9,1,61,0,2017,11,11,7,3,5,3,0,1,0,0,1,0,1,6.80595E+20,5.40133E+21,1.14564E+16,4.87388E+16
97684,9.17113E+18,9,1,76,166,2017,11,15,7,3,8,7,0,1,0,0,0,0,1,6.57444E+20,5.41033E+21,1.11452E+16,4.8826E+16
97685,9.17113E+18,9,1,76,114,2017,11,3,7,3,9,1,0,1,0,0,0,2,1,6.82257E+20,5.4284E+21,1.1491E+16,4.89816E+16
97686,9.17113E+18,9,1,62,0,2017,11,9,7,3,2,6,0,1,0,0,0,0,0,6.87378E+20,5.33315E+21,1.1518E+16,4.8124E+16
97687,9.17113E+18,9,1,79,134,2017,11,15,7,2,8,7,0,1,0,0,0,0,1,6.68964E+20,5.34513E+21,1.12756E+16,4.82369E+16
97688,9.17113E+18,9,1,79,142,2017,11,13,7,3,8,1,0,0,0,0,1,0,1,6.70428E+20,5.34173E+21,1.12939E+16,4.82059E+16
97689,9.17113E+18,9,1,78,130,2017,11,11,7,3,0,1,0,0,0,1,0,0,1,7.03519E+20,5.3553E+21,1.17453E+16,4.83181E+16
97690,9.17113E+18,9,1,78,124,2017,11,14,7,3,1,1,0,1,0,0,0,0,1,7.05833E+20,5.3656E+21,1.17816E+16,4.841E+16
97691,9.17112E+18,9,1,62,0,2017,11,17,6,3,0,3,1,1,0,0,0,2,0,6.88451E+20,5.34019E+21,1.15356E+16,4.8187E+16
97692,9.17112E+18,9,1,84,138,2017,11,7,6,3,1,6,0,1,0,0,0,0,1,6.78981E+20,5.33101E+21,1.14044E+16,4.81072E+16
97693,9.17112E+18,9,7,74,155,2017,11,5,6,1,4,1,0,1,0,0,1,2,0,5.88806E+20,5.36724E+21,1.0201E+16,4.8452E+16
97694,9.17112E+18,9,7,75,126,2017,11,16,6,3,5,3,0,1,0,1,0,0,0,5.81936E+20,5.35908E+21,1.01065E+16,4.83795E+16
97695,9.17112E+18,9,7,75,139,2017,11,17,6,3,3,2,0,1,0,0,1,2,0,5.80548E+20,5.36616E+21,1.00892E+16,4.84434E+16
97696,9.17112E+18,9,7,75,135,2017,11,14,6,3,5,3,0,1,0,0,0,0,0,5.74859E+20,5.3605E+21,1.00112E+16,4.83932E+16
97697,9.17112E+18,9,7,74,150,2017,11,12,6,3,8,7,0,1,0,1,0,0,0,6.03209E+20,5.34443E+21,1.03902E+16,4.82447E+16
97698,9.17112E+18,9,7,80,140,2017,11,19,6,3,5,3,0,1,0,0,0,2,1,6.01336E+20,5.27933E+21,1.03496E+16,4.76594E+16
97699,9.17112E+18,9,7,80,143,2017,11,14,6,3,5,3,0,1,0,0,0,0,0,5.97651E+20,5.28187E+21,1.03011E+16,4.76829E+16
97700,9.17112E+18,9,5,74,138,2017,11,9,5,3,2,6,0,1,0,0,0,0,1,6.64649E+20,5.48589E+21,1.12742E+16,4.95033E+16
97701,9.17112E+18,9,7,80,143,2017,11,18,6,3,2,6,0,1,0,0,0,2,0,5.98446E+20,5.28314E+21,1.0312E+16,4.76941E+16
97702,9.17112E+18,9,7,62,0,2017,11,10,6,3,2,6,0,1,0,0,0,0,0,6.2018E+20,5.30706E+21,1.06082E+16,4.79056E+16
97703,9.17112E+18,9,7,80,137,2017,11,15,6,2,5,2,0,0,0,1,1,0,0,6.00373E+20,5.27409E+21,1.03356E+16,4.76124E+16
97704,9.17112E+18,9,7,79,203,2017,11,6,6,2,5,3,0,1,0,0,1,1,0,6.13564E+20,5.40932E+21,1.05473E+16,4.88265E+16
97705,9.17112E+18,9,5,76,127,2017,11,13,5,3,0,7,0,1,0,0,0,0,0,6.59207E+20,5.4523E+21,1.11856E+16,4.92028E+16
97706,9.17112E+18,9,7,73,144,2017,11,22,6,3,7,1,0,1,0,0,0,2,1,6.04117E+20,5.38147E+21,1.04116E+16,4.85777E+16
97707,9.17112E+18,9,7,61,0,2017,11,8,6,3,2,6,0,1,0,0,0,0,0,6.40838E+20,5.36049E+21,1.09021E+16,4.83819E+16
97708,9.17112E+18,9,5,64,0,2017,11,8,5,3,2,6,0,1,0,0,0,0,0,6.5364E+20,5.47823E+21,1.11192E+16,4.94373E+16
97709,9.17112E+18,9,6,77,157,2017,11,15,6,3,2,6,0,1,0,0,0,0,1,5.43256E+20,5.52627E+21,9.60217E+15,4.98872E+16
97710,9.17112E+18,9,6,78,135,2017,11,6,6,3,7,6,0,1,0,0,1,1,0,5.94922E+20,5.54182E+21,1.03251E+16,5.00211E+16
97711,9.17112E+18,9,6,74,219,2017,11,4,6,2,9,1,0,1,0,0,0,2,1,6.03381E+20,5.53857E+21,1.04423E+16,4.99905E+16
97712,9.17112E+18,9,6,74,149,2017,11,9,6,1,6,4,0,1,1,0,0,0,1,6.08763E+20,5.5545E+21,1.05218E+16,5.01328E+16
97713,9.17112E+18,9,6,73,161,2017,11,18,6,3,5,3,0,1,0,0,0,2,1,5.8521E+20,5.57338E+21,1.01966E+16,5.03064E+16
97714,9.17112E+18,9,6,73,161,2017,11,17,6,3,2,6,0,1,0,0,0,2,1,5.84735E+20,5.57223E+21,1.01897E+16,5.02961E+16
97715,9.17112E+18,9,6,76,145,2017,11,18,6,3,1,6,0,1,0,0,0,2,1,5.10627E+20,5.52058E+21,9.14779E+15,4.98376E+16
97716,9.17112E+18,9,5,64,0,2017,11,19,5,3,5,2,0,1,0,1,0,2,0,6.44908E+20,5.47762E+21,1.09987E+16,4.9434E+16
97717,9.17112E+18,9,6,76,122,2017,11,17,6,3,2,6,0,1,0,0,0,2,1,5.11272E+20,5.51819E+21,9.15669E+15,4.9816E+16
97718,9.17112E+18,9,6,71,122,2017,11,7,6,3,5,3,0,1,0,0,0,0,1,5.04321E+20,5.52843E+21,9.06017E+15,4.99082E+16
97719,9.17112E+18,9,5,74,164,2017,11,13,6,3,9,1,0,1,0,0,0,0,0,6.70172E+20,5.47549E+21,1.13459E+16,4.94082E+16