OBJECTID,UIDENTSTLA,ULAND,UREGBEZ,UKREIS,UGEMEINDE,UJAHR,UMONAT,USTUNDE,UWOCHENTAG,UKATEGORIE,UART,UTYP1,IstRad,IstPKW,IstFuss,IstKrad,IstSonstig,LICHT,STRZUSTAND,LINREFX,LINREFY,XGCSWGS84,YGCSWGS84
97720,9.17112E+18,9,5,62,0,2017,11,16,6,3,1,6,0,1,0,0,0,2,1,6.39466E+20,5.49216E+21,1.09288E+16,4.95659E+16
97721,9.17112E+18,9,5,72,137,2017,11,5,6,2,6,6,1,0,1,0,0,2,0,6.54821E+20,5.49133E+21,1.11407E+16,4.95548E+16
97722,9.17112E+18,9,5,63,0,2017,11,14,6,3,2,6,0,1,0,0,0,0,0,6.43241E+20,5.4856E+21,1.09786E+16,4.95061E+16
97723,9.17112E+18,9,5,63,0,2017,11,8,6,3,4,2,0,1,0,0,0,0,0,6.44097E+20,5.48412E+21,1.09898E+16,4.94926E+16
97724,9.17112E+18,9,5,64,0,2017,11,17,6,3,2,6,0,1,0,0,1,2,1,6.49014E+20,5.48355E+21,1.10575E+16,4.94863E+16
97725,9.17112E+18,9,5,77,173,2017,11,12,6,3,1,7,0,1,0,0,0,0,0,6.40803E+20,5.42216E+21,1.09226E+16,4.89364E+16
97726,9.17112E+18,9,5,75,117,2017,11,11,6,3,4,2,0,1,0,0,0,0,0,6.23095E+20,5.49979E+21,1.07049E+16,4.96381E+16
97727,9.17112E+18,9,5,71,166,2017,11,17,6,3,1,3,1,1,0,0,0,2,1,6.08995E+20,5.45438E+21,1.04972E+16,4.92325E+16
97728,9.17112E+18,9,5,71,132,2017,11,18,6,3,5,3,0,1,0,0,0,1,1,6.03505E+20,5.44029E+21,1.04182E+16,4.91067E+16
97729,9.17112E+18,9,4,75,161,2017,11,6,6,2,5,3,0,1,0,0,0,2,1,7.18111E+20,5.57889E+21,1.20642E+16,5.03217E+16
97730,9.17112E+18,9,4,64,0,2017,11,19,6,3,4,2,0,1,0,0,0,2,1,7.07772E+20,5.57665E+21,1.19179E+16,5.03053E+16
97731,9.17112E+18,9,4,64,0,2017,11,12,6,3,8,1,0,1,0,0,0,0,0,7.08448E+20,5.57985E+21,1.19291E+16,5.03338E+16
97732,9.17112E+18,9,4,77,119,2017,11,14,6,3,1,6,0,1,0,0,0,0,1,6.84499E+20,5.54375E+21,1.15755E+16,5.00175E+16
97733,9.17112E+18,9,4,62,0,2017,11,15,6,3,8,1,0,1,0,0,0,0,0,6.82761E+20,5.53671E+21,1.15479E+16,4.99547E+16
97734,9.17112E+18,9,4,71,165,2017,11,8,6,3,2,6,0,1,0,0,0,0,0,6.24877E+20,5.53546E+21,1.0741E+16,4.99584E+16
97735,9.17112E+18,9,5,64,0,2017,11,16,5,3,0,7,1,0,0,0,0,2,0,6.49352E+20,5.4814E+21,1.10613E+16,4.94669E+16
97736,9.17112E+18,9,5,64,0,2017,11,15,5,3,2,6,0,1,0,0,0,0,0,6.4491E+20,5.47809E+21,1.09988E+16,4.94381E+16
97737,9.17112E+18,9,4,74,154,2017,11,10,6,2,5,3,0,1,0,0,0,0,0,6.54218E+20,5.49748E+21,1.11347E+16,4.96102E+16
97738,9.17112E+18,9,4,71,117,2017,11,21,6,3,2,6,0,1,0,0,0,2,1,6.3205E+20,5.53015E+21,1.08391E+16,4.99091E+16
97739,9.17112E+18,9,5,64,0,2017,11,7,5,3,4,2,0,1,0,0,0,1,0,6.49772E+20,5.47681E+21,1.10654E+16,4.94255E+16
97740,9.17112E+18,9,4,71,172,2017,11,22,6,2,8,1,0,1,0,0,0,2,1,6.29261E+20,5.51626E+21,1.07957E+16,4.97849E+16
97741,9.17112E+18,9,5,77,173,2017,11,13,5,3,1,7,0,0,0,0,1,0,0,6.42045E+20,5.42494E+21,1.09406E+16,4.89611E+16
97742,9.17112E+18,9,4,71,191,2017,11,18,6,3,2,6,0,1,0,0,0,2,1,6.35029E+20,5.52369E+21,1.08784E+16,4.98504E+16
97743,9.17112E+18,9,4,61,0,2017,11,22,6,3,6,2,0,1,1,0,0,2,1,6.37821E+20,5.53011E+21,1.09195E+16,4.99075E+16
97744,9.17112E+18,9,5,75,153,2017,11,19,5,2,5,2,0,1,0,1,0,2,0,6.1571E+20,5.49306E+21,1.06007E+16,4.9579E+16
97745,9.17112E+18,9,3,63,0,2017,11,15,6,3,1,1,0,1,0,0,0,0,1,7.28866E+20,5.5086E+21,1.21731E+16,4.96864E+16
97746,9.17112E+18,9,3,77,119,2017,11,13,6,3,5,3,0,1,0,0,0,0,0,7.258E+20,5.53463E+21,1.21458E+16,4.99213E+16
97747,9.17112E+18,9,3,74,124,2017,11,18,6,3,1,6,0,1,0,0,0,2,1,7.09257E+20,5.51264E+21,1.19038E+16,4.97298E+16
97748,9.17112E+18,9,3,62,0,2017,11,13,6,3,2,6,0,1,0,0,0,0,0,7.24236E+20,5.43399E+21,1.2067E+16,4.9018E+16
97749,9.17112E+18,9,3,72,171,2017,11,10,6,2,8,1,0,1,0,0,0,0,0,7.69229E+20,5.47521E+21,1.27088E+16,4.93701E+16
97750,9.17112E+18,9,3,75,190,2017,11,15,6,3,6,6,0,0,1,1,0,0,0,7.27812E+20,5.44477E+21,1.2122E+16,4.91135E+16
97751,9.17112E+18,9,3,62,0,2017,11,14,6,3,2,6,0,1,0,0,0,0,0,7.28719E+20,5.43542E+21,1.21291E+16,4.90292E+16
97752,9.17112E+18,9,3,73,155,2017,11,10,6,2,5,3,0,1,0,0,0,0,0,6.70655E+20,5.4624E+21,1.1347E+16,4.92905E+16
97753,9.17112E+18,9,3,72,116,2017,11,13,6,3,2,2,0,1,0,0,0,0,0,7.66567E+20,5.4562E+21,1.26596E+16,4.92005E+16
97754,9.17112E+18,9,3,76,162,2017,11,16,6,3,2,6,0,1,0,0,0,0,1,7.2955E+20,5.47822E+21,1.21649E+16,4.94133E+16
97755,9.17112E+18,9,3,76,147,2017,11,18,6,3,8,1,0,1,0,0,0,2,1,7.45008E+20,5.46827E+21,1.23715E+16,4.9318E+16
97756,9.17112E+18,9,3,71,132,2017,11,11,6,3,4,6,0,0,0,0,1,0,0,6.96873E+20,5.47431E+21,1.1713E+16,4.93897E+16
97757,9.17112E+18,9,2,78,167,2017,11,14,6,3,4,6,0,1,0,0,0,0,0,7.68186E+20,5.41109E+21,1.2652E+16,4.87949E+16
97758,9.17112E+18,9,2,62,0,2017,11,17,6,2,2,6,0,1,0,0,0,2,0,8.24514E+20,5.38638E+21,1.33975E+16,4.85464E+16
97759,9.17112E+18,9,1,89,114,2017,11,17,6,3,5,3,0,1,0,0,1,2,0,7.65231E+20,5.31141E+21,1.2549E+16,4.79012E+16
97760,9.17112E+18,9,2,74,127,2017,11,9,6,3,4,2,0,1,0,0,1,0,0,7.34996E+20,5.39584E+21,1.21921E+16,4.86714E+16
97761,9.17112E+18,9,1,84,114,2017,11,9,6,3,2,6,0,1,0,0,1,0,0,6.99699E+20,5.31943E+21,1.1677E+16,4.79969E+16
97762,9.17112E+18,9,4,75,136,2017,11,15,5,3,1,6,0,1,0,0,0,1,0,6.90801E+20,5.57103E+21,1.1677E+16,5.02606E+16
97763,9.17112E+18,9,4,74,123,2017,11,8,5,3,6,7,0,1,0,0,1,0,0,6.50605E+20,5.51375E+21,1.1091E+16,4.97573E+16
97764,9.17112E+18,9,4,74,126,2017,11,20,5,3,2,6,0,1,0,0,0,2,0,6.48191E+20,5.51112E+21,1.10565E+16,4.97343E+16
97765,9.17113E+18,9,2,71,119,2017,11,19,5,3,2,6,0,1,0,0,0,2,1,7.91745E+20,5.41366E+21,1.29738E+16,4.88074E+16
97766,9.17113E+18,9,2,71,119,2017,11,16,5,3,9,1,0,1,0,0,0,2,2,7.89336E+20,5.41461E+21,1.29418E+16,4.8817E+16
97767,9.17113E+18,9,2,75,153,2017,11,9,5,3,4,7,0,1,0,0,0,0,2,8.47482E+20,5.38809E+21,1.37091E+16,4.85495E+16
97768,9.17113E+18,9,2,75,135,2017,11,17,5,3,1,3,0,1,0,0,0,2,1,8.22681E+20,5.40286E+21,1.33855E+16,4.86952E+16
97769,9.17113E+18,9,2,62,0,2017,11,12,5,3,1,6,0,1,0,0,0,0,1,8.24565E+20,5.39025E+21,1.34012E+16,4.85812E+16
97770,9.17113E+18,9,2,77,133,2017,11,16,5,2,2,6,0,1,0,0,0,2,1,7.6974E+20,5.36662E+21,1.26442E+16,4.83949E+16
97771,9.17113E+18,9,1,74,131,2017,11,19,3,3,5,3,0,1,0,0,1,2,1,6.76102E+20,5.35993E+21,1.13778E+16,4.83679E+16
97772,9.17113E+18,9,1,78,113,2017,11,10,3,2,2,6,0,0,0,0,1,0,0,6.91498E+20,5.36841E+21,1.15893E+16,4.84397E+16
97773,9.17113E+18,9,1,62,0,2017,11,16,3,3,2,6,0,1,0,0,1,1,0,6.94149E+20,5.34048E+21,1.16123E+16,4.81879E+16
97774,9.17113E+18,9,2,74,154,2017,11,9,5,3,8,7,0,1,0,0,0,0,0,7.39803E+20,5.36686E+21,1.22406E+16,4.84092E+16
97775,9.17113E+18,9,2,73,147,2017,11,7,5,3,3,6,0,1,0,1,0,0,0,7.04619E+20,5.38751E+21,1.17759E+16,4.86072E+16
97776,9.17113E+18,9,1,62,0,2017,11,10,3,3,2,6,0,0,0,0,1,0,0,6.9087E+20,5.34476E+21,1.15701E+16,4.82273E+16
97777,9.17113E+18,9,2,61,0,2017,11,20,5,3,4,6,0,1,1,0,0,2,0,7.32841E+20,5.37841E+21,1.21531E+16,4.85156E+16
97778,9.17113E+18,9,1,78,155,2017,11,12,3,3,1,6,0,1,0,0,0,0,1,7.18312E+20,5.37627E+21,1.19555E+16,4.85016E+16
97779,9.17113E+18,9,1,77,116,2017,11,6,3,2,4,6,0,1,0,0,1,2,0,7.11973E+20,5.36148E+21,1.18623E+16,4.83708E+16
97780,9.17113E+18,9,1,77,142,2017,11,16,3,3,4,6,0,1,0,0,0,1,0,7.1956E+20,5.3497E+21,1.19585E+16,4.82624E+16
97781,9.17113E+18,9,1,77,135,2017,11,16,3,3,1,6,0,1,0,0,0,1,0,7.18732E+20,5.34534E+21,1.19451E+16,4.82235E+16
97782,9.17113E+18,9,1,84,139,2017,11,18,2,3,0,1,1,0,0,0,0,2,0,6.87466E+20,5.32413E+21,1.15153E+16,4.80429E+16
97783,9.17113E+18,9,1,84,148,2017,11,15,2,3,5,2,1,1,0,0,0,0,0,6.95046E+20,5.32716E+21,1.16182E+16,4.80678E+16
97784,9.17113E+18,9,1,62,0,2017,11,9,2,3,2,6,0,1,0,0,0,0,1,6.94574E+20,5.33143E+21,1.16139E+16,4.81064E+16
97785,9.17113E+18,9,7,75,152,2017,11,10,2,3,1,3,0,1,0,0,0,0,0,5.77458E+20,5.35274E+21,1.00449E+16,4.83231E+16
97786,9.17113E+18,9,7,75,135,2017,11,16,2,3,2,6,0,1,0,0,0,0,1,5.74782E+20,5.35748E+21,1.00097E+16,4.83661E+16
97787,9.17113E+18,9,7,78,173,2017,11,6,2,2,0,7,1,0,0,0,0,2,2,6.11073E+20,5.32274E+21,1.04904E+16,4.80483E+16
97788,9.17113E+18,9,7,74,116,2017,11,16,2,3,3,2,1,1,0,0,0,1,0,6.07418E+20,5.34654E+21,1.04474E+16,4.8263E+16
97789,9.17113E+18,9,7,79,131,2017,11,16,2,2,2,6,0,1,0,0,0,2,0,6.32701E+20,5.39673E+21,1.08039E+16,4.87095E+16
97790,9.17113E+18,9,7,73,182,2017,11,11,2,3,6,4,0,1,1,0,0,0,0,6.24797E+20,5.3796E+21,1.06913E+16,4.8557E+16
97791,9.17113E+18,9,7,72,159,2017,11,9,2,2,5,3,1,1,0,0,0,0,0,6.24539E+20,5.36181E+21,1.06825E+16,4.83972E+16
97792,9.17113E+18,9,7,72,202,2017,11,16,2,3,2,6,0,1,0,0,0,1,0,6.36359E+20,5.35976E+21,1.08414E+16,4.83762E+16
97793,9.17113E+18,9,6,74,147,2017,11,18,2,2,4,2,0,1,0,0,0,2,1,6.09117E+20,5.54507E+21,1.05241E+16,5.00479E+16
97794,9.17113E+18,9,6,72,127,2017,11,17,2,3,5,2,0,1,0,0,0,2,1,5.63942E+20,5.55112E+21,9.89424E+15,5.01089E+16
97795,9.17113E+18,9,6,73,117,2017,11,15,2,3,4,1,0,1,0,0,0,0,2,5.72831E+20,5.58173E+21,1.00244E+16,5.03831E+16
97796,9.17113E+18,9,6,78,190,2017,11,17,2,3,6,6,1,0,1,0,0,2,1,5.79699E+20,5.53633E+21,1.01115E+16,4.99739E+16
97797,9.17113E+18,9,6,78,193,2017,11,21,2,3,8,1,0,1,0,0,0,2,1,5.77452E+20,5.53361E+21,1.00796E+16,4.99498E+16
97798,9.17113E+18,9,6,76,144,2017,11,13,2,3,2,6,0,1,0,0,1,0,1,5.09904E+20,5.52693E+21,9.13789E+15,4.98947E+16
97799,9.17113E+18,9,6,76,144,2017,11,22,2,3,5,3,0,1,0,0,0,2,1,5.08942E+20,5.52902E+21,9.12455E+15,4.99135E+16
97800,9.17113E+18,9,6,76,122,2017,11,18,2,2,6,4,0,1,1,0,0,2,1,5.11642E+20,5.51704E+21,9.1618E+15,4.98057E+16
97801,9.17113E+18,9,6,61,0,2017,11,7,2,3,6,4,0,1,1,0,0,2,0,5.09857E+20,5.5345E+21,9.13743E+15,4.99628E+16
97802,9.17113E+18,9,2,74,121,2017,11,17,5,3,8,1,0,1,0,0,0,2,2,7.2774E+20,5.37002E+21,1.20796E+16,4.84421E+16
97803,9.17113E+18,9,5,74,155,2017,11,22,2,3,3,1,0,1,0,0,1,2,1,6.71834E+20,5.4983E+21,1.13787E+16,4.96128E+16
97804,9.17113E+18,9,2,79,128,2017,11,14,5,3,2,6,0,1,0,0,0,0,1,7.58508E+20,5.3976E+21,1.2512E+16,4.86779E+16
97805,9.17113E+18,9,5,62,0,2017,11,19,2,3,3,2,1,1,0,0,0,2,1,6.47149E+20,5.49567E+21,1.10363E+16,4.95956E+16
97806,9.17113E+18,9,2,79,134,2017,11,17,5,3,2,7,0,1,0,0,0,1,0,7.69278E+20,5.38042E+21,1.26469E+16,4.8519E+16
97807,9.17113E+18,9,1,90,145,2017,11,15,5,3,8,1,0,1,0,0,0,0,2,6.4336E+20,5.28789E+21,1.09118E+16,4.77284E+16
97808,9.17113E+18,9,1,90,148,2017,11,17,5,2,6,4,0,1,1,0,0,2,1,6.44179E+20,5.29783E+21,1.09261E+16,4.78176E+16
97809,9.17113E+18,9,5,64,0,2017,11,18,2,3,2,6,0,1,0,0,0,2,1,6.47651E+20,5.47428E+21,1.10352E+16,4.94033E+16
97810,9.17113E+18,9,5,64,0,2017,11,18,2,3,0,1,0,0,0,1,0,2,1,6.52121E+20,5.4817E+21,1.10996E+16,4.94689E+16
97811,9.17113E+18,9,5,64,0,2017,11,8,2,3,3,6,0,1,0,0,0,0,0,6.46783E+20,5.47602E+21,1.10239E+16,4.94191E+16
97812,9.17113E+18,9,5,64,0,2017,11,11,2,3,2,6,0,1,0,0,0,0,0,6.53416E+20,5.47452E+21,1.11147E+16,4.9404E+16
97813,9.17113E+18,9,5,73,133,2017,11,17,2,3,4,6,0,1,0,0,0,2,1,6.2464E+20,5.48202E+21,1.07206E+16,4.9478E+16
97814,9.17113E+18,9,5,63,0,2017,11,7,2,3,2,6,0,1,0,0,0,0,0,6.43196E+20,5.47984E+21,1.09759E+16,4.94544E+16
97815,9.17113E+18,9,7,72,121,2017,11,14,5,3,9,1,0,1,0,0,0,0,2,6.30332E+20,5.37255E+21,1.07641E+16,4.84925E+16
97816,9.17113E+18,9,6,77,157,2017,11,6,5,3,4,2,0,1,0,0,0,2,1,5.42352E+20,5.52236E+21,9.58915E+15,4.98522E+16
97817,9.17113E+18,9,6,75,139,2017,11,8,5,3,9,1,0,1,0,0,0,0,2,5.92597E+20,5.50288E+21,1.02833E+16,4.96713E+16
97818,9.17113E+18,9,6,78,170,2017,11,8,5,3,4,1,0,1,0,0,1,0,2,5.8582E+20,5.53499E+21,1.01965E+16,4.99611E+16
97819,9.17113E+18,9,1,89,155,2017,11,2,5,3,9,1,0,1,0,0,0,2,2,7.71166E+20,5.31085E+21,1.26279E+16,4.78936E+16
97820,9.17113E+18,9,1,89,162,2017,11,7,5,3,0,1,0,1,0,0,1,0,2,7.743E+20,5.31531E+21,1.26726E+16,4.79323E+16
97821,9.17113E+18,9,5,71,193,2017,11,17,2,3,2,6,0,1,0,0,0,2,1,5.86352E+20,5.46997E+21,1.01896E+16,4.93763E+16
97822,9.17113E+18,9,1,89,118,2017,11,18,5,2,4,6,0,1,0,0,1,2,0,7.82128E+20,5.32E+21,1.27803E+16,4.7971E+16
97823,9.17113E+18,9,1,87,129,2017,11,6,5,2,2,7,0,1,0,0,1,0,1,7.26312E+20,5.30062E+21,1.20234E+16,4.78191E+16
97824,9.17113E+18,9,5,71,135,2017,11,7,2,3,3,6,0,1,0,0,0,1,1,6.25869E+20,5.47695E+21,1.0736E+16,4.94322E+16
97825,9.17113E+18,9,6,72,140,2017,11,7,5,3,2,1,0,1,0,0,0,2,2,5.81465E+20,5.55712E+21,1.01405E+16,5.01607E+16
97826,9.17113E+18,9,5,71,214,2017,11,8,2,3,8,1,0,1,0,0,0,0,1,6.17701E+20,5.43227E+21,1.06103E+16,4.90321E+16
97827,9.17113E+18,9,6,72,135,2017,11,12,5,2,5,3,0,1,0,0,0,0,1,5.91588E+20,5.56759E+21,1.02848E+16,5.02534E+16
97828,9.17113E+18,9,6,78,193,2017,11,8,5,2,4,1,0,1,0,0,0,0,1,5.7745E+20,5.53361E+21,1.00796E+16,4.99498E+16
97829,9.17113E+18,9,6,76,151,2017,11,15,5,2,9,1,0,1,0,0,0,0,1,5.15603E+20,5.51259E+21,9.21666E+15,4.97656E+16
97830,9.17113E+18,9,6,76,125,2017,11,8,5,3,4,1,0,1,0,0,1,0,1,5.17538E+20,5.50689E+21,9.24327E+15,4.97142E+16
97831,9.17113E+18,9,5,72,131,2017,11,13,5,3,2,6,0,1,0,0,1,0,1,6.55112E+20,5.48487E+21,1.11421E+16,4.94966E+16
97832,9.17113E+18,9,5,74,123,2017,11,18,5,1,2,6,0,1,0,0,0,2,0,6.58822E+20,5.47351E+21,1.11888E+16,4.93935E+16
97833,9.17113E+18,9,5,76,121,2017,11,7,5,3,3,6,0,1,0,0,1,2,0,6.49596E+20,5.44761E+21,1.1052E+16,4.91631E+16
97834,9.17113E+18,9,5,77,177,2017,11,13,5,3,9,1,0,1,0,0,0,0,1,6.49741E+20,5.42712E+21,1.10464E+16,4.89788E+16
97835,9.17113E+18,9,5,71,198,2017,11,7,5,3,2,1,0,1,0,0,0,0,2,5.89947E+20,5.45825E+21,1.02365E+16,4.92704E+16
97836,9.17113E+18,9,5,75,153,2017,11,7,5,3,5,3,0,1,0,0,1,1,1,6.17149E+20,5.48944E+21,1.06195E+16,4.95463E+16
97837,9.17113E+18,9,5,75,168,2017,11,16,5,3,5,3,0,1,0,0,0,2,0,5.89119E+20,5.48889E+21,1.0232E+16,4.95461E+16
97838,9.17113E+18,9,5,61,0,2017,11,9,5,3,2,6,0,1,0,0,0,0,2,6.14981E+20,5.46155E+21,1.05814E+16,4.92958E+16
97839,9.17113E+18,9,5,71,171,2017,11,8,5,2,2,6,0,1,0,0,0,0,2,6.10516E+20,5.46562E+21,1.05212E+16,4.93332E+16
97840,9.17113E+18,9,4,79,147,2017,11,17,5,3,9,1,0,1,0,0,0,2,1,7.30376E+20,5.55319E+21,1.22206E+16,5.00863E+16
97841,9.17113E+18,9,5,75,168,2017,11,16,2,3,4,6,0,1,0,0,0,1,1,5.88474E+20,5.4892E+21,1.02231E+16,4.9549E+16
97842,9.17113E+18,9,5,75,112,2017,11,7,2,3,0,6,0,1,0,0,0,1,1,6.03866E+20,5.48404E+21,1.04345E+16,4.95001E+16
97843,9.17113E+18,9,4,79,158,2017,11,20,2,2,7,6,0,1,0,0,1,2,1,7.22187E+20,5.54848E+21,1.21036E+16,5.00471E+16
97844,9.17113E+18,9,4,64,0,2017,11,13,5,3,4,2,0,1,0,0,0,0,1,7.07387E+20,5.57869E+21,1.19136E+16,5.03238E+16
97845,9.17113E+18,9,4,64,0,2017,11,14,5,3,2,6,0,1,0,0,0,0,1,7.06857E+20,5.57776E+21,1.19057E+16,5.03156E+16
97846,9.17113E+18,9,4,79,158,2017,11,20,2,1,8,1,0,1,0,0,0,2,1,7.22187E+20,5.54848E+21,1.21036E+16,5.00471E+16
97847,9.17113E+18,9,4,77,156,2017,11,17,5,2,6,4,0,1,1,0,0,2,1,6.78757E+20,5.55982E+21,1.15029E+16,5.01636E+16
97848,9.17113E+18,9,4,75,154,2017,11,17,2,3,3,6,0,1,0,0,1,2,2,6.98186E+20,5.56531E+21,1.17775E+16,5.02068E+16
97849,9.17113E+18,9,4,62,0,2017,11,5,5,3,3,6,1,1,0,0,0,2,0,6.87402E+20,5.53782E+21,1.16131E+16,4.99633E+16
97850,9.17113E+18,9,4,74,156,2017,11,17,5,3,8,1,0,1,0,0,0,2,2,6.71301E+20,5.50677E+21,1.13751E+16,4.96891E+16
97851,9.17113E+18,9,3,77,146,2017,11,16,5,3,5,1,0,1,0,0,0,1,2,7.37893E+20,5.51964E+21,1.23048E+16,4.97821E+16
97852,9.17113E+18,9,3,74,134,2017,11,15,5,3,8,6,0,1,0,0,1,0,1,7.21246E+20,5.50504E+21,1.20656E+16,4.96572E+16
97853,9.17113E+18,9,3,74,111,2017,11,16,5,2,5,2,0,1,0,0,0,2,1,7.27599E+20,5.51194E+21,1.21575E+16,4.97169E+16
97854,9.17113E+18,9,3,75,174,2017,11,20,5,3,3,1,0,1,0,0,1,2,1,7.32489E+20,5.42939E+21,1.21771E+16,4.89736E+16
97855,9.17113E+18,9,3,75,209,2017,11,17,5,3,5,3,0,1,0,0,0,2,0,7.49046E+20,5.43519E+21,1.24065E+16,4.90192E+16
97856,9.17113E+18,9,3,72,115,2017,11,13,5,3,2,6,0,1,0,0,0,0,1,7.77073E+20,5.45222E+21,1.28007E+16,4.91602E+16
97857,9.17113E+18,9,3,61,0,2017,11,21,5,3,5,3,0,1,0,0,0,2,1,7.06562E+20,5.48063E+21,1.18496E+16,4.94432E+16
97858,9.17113E+18,9,4,79,136,2017,11,16,2,3,2,6,0,1,0,0,0,1,0,7.21714E+20,5.54484E+21,1.20949E+16,5.00146E+16
97859,9.17113E+18,9,4,64,0,2017,11,16,2,3,5,7,0,1,0,0,0,1,0,7.0741E+20,5.57836E+21,1.19137E+16,5.03208E+16
97860,9.17113E+18,9,4,78,139,2017,11,16,2,3,0,6,0,0,0,0,1,2,1,6.48706E+20,5.55708E+21,1.10814E+16,5.01472E+16
97861,9.17113E+18,9,4,78,139,2017,11,17,2,3,2,6,0,0,0,0,1,2,1,6.47833E+20,5.55837E+21,1.10697E+16,5.01591E+16
97862,9.17113E+18,9,4,77,157,2017,11,10,2,3,2,6,0,1,0,0,1,0,0,6.68666E+20,5.54235E+21,1.1354E+16,5.00095E+16
97863,9.17113E+18,9,4,62,0,2017,11,17,2,3,1,6,0,1,0,0,0,2,1,6.8512E+20,5.53584E+21,1.15803E+16,4.99462E+16
97864,9.17113E+18,9,4,74,121,2017,11,21,2,3,8,1,0,1,0,0,0,2,1,6.55646E+20,5.51927E+21,1.11632E+16,4.98057E+16
97865,9.17113E+18,9,1,87,145,2017,11,7,5,2,4,6,0,1,0,0,1,0,2,7.49479E+20,5.31721E+21,1.2342E+16,4.79595E+16
97866,9.17113E+18,9,1,82,112,2017,11,9,5,3,2,6,1,1,0,0,0,0,2,7.25168E+20,5.28513E+21,1.20002E+16,4.76803E+16
97867,9.17113E+18,9,1,82,114,2017,11,6,5,3,8,7,0,1,0,0,0,2,2,7.1968E+20,5.29408E+21,1.19317E+16,4.77626E+16
97868,9.17113E+18,9,1,82,120,2017,11,17,5,2,4,1,0,1,0,0,0,2,2,7.02723E+20,5.30499E+21,1.17107E+16,4.78662E+16
97869,9.17113E+18,9,1,86,147,2017,11,17,5,3,2,6,0,1,0,0,0,2,1,6.84861E+20,5.39312E+21,1.15107E+16,4.86638E+16
97870,9.17113E+18,9,1,61,0,2017,11,8,5,3,0,7,1,0,0,0,0,0,2,6.77598E+20,5.40491E+21,1.14172E+16,4.87718E+16
97871,9.17113E+18,9,1,76,126,2017,11,8,5,3,5,3,0,1,0,0,0,0,1,6.71138E+20,5.40636E+21,1.13299E+16,4.87866E+16
97872,9.17113E+18,9,1,85,158,2017,11,19,5,3,5,3,0,1,0,0,0,2,1,6.68438E+20,5.38214E+21,1.12833E+16,4.85697E+16
97873,9.17113E+18,9,1,86,143,2017,11,18,5,3,4,6,0,1,0,0,0,2,2,6.80124E+20,5.38162E+21,1.14414E+16,4.85618E+16
97874,9.17113E+18,9,1,85,127,2017,11,7,5,3,4,2,0,1,0,0,0,2,0,6.56665E+20,5.3924E+21,1.11277E+16,4.8665E+16
97875,9.17113E+18,9,1,61,0,2017,11,17,5,2,6,2,0,1,1,0,0,2,1,6.77763E+20,5.40492E+21,1.14194E+16,4.87719E+16
97876,9.17113E+18,9,1,62,0,2017,11,20,5,3,1,1,0,1,0,0,0,2,2,6.84077E+20,5.33301E+21,1.14737E+16,4.81237E+16
97877,9.17113E+18,9,1,88,121,2017,11,7,5,3,5,3,0,1,0,0,0,0,1,6.71949E+20,5.32972E+21,1.13095E+16,4.80976E+16
97878,9.17113E+18,9,1,84,129,2017,11,11,5,2,2,6,0,0,0,0,1,0,1,7.00304E+20,5.32521E+21,1.16878E+16,4.80487E+16
97879,9.17113E+18,9,1,84,149,2017,11,17,5,3,2,6,0,1,0,0,0,2,1,6.88773E+20,5.34981E+21,1.15442E+16,4.82733E+16
97880,9.17113E+18,9,1,84,141,2017,11,12,4,3,4,1,0,1,0,0,0,0,0,6.97927E+20,5.31448E+21,1.1651E+16,4.7953E+16
97881,9.17113E+18,9,1,62,0,2017,11,9,4,3,5,3,0,1,0,0,0,0,1,6.98092E+20,5.33332E+21,1.1662E+16,4.81223E+16
97882,9.17113E+18,9,1,84,138,2017,11,16,4,3,5,3,0,1,0,0,0,2,1,6.80349E+20,5.3309E+21,1.14227E+16,4.81058E+16
97883,9.17113E+18,9,1,62,0,2017,11,17,4,3,2,6,0,0,0,0,1,2,1,6.8288E+20,5.33594E+21,1.14589E+16,4.81504E+16
97884,9.17113E+18,9,1,62,0,2017,11,18,4,3,6,4,0,1,1,0,0,2,1,6.90859E+20,5.33912E+21,1.15675E+16,4.81767E+16
97885,9.17113E+18,9,1,84,118,2017,11,13,4,3,5,3,0,1,0,0,0,0,1,7.04221E+20,5.33603E+21,1.17455E+16,4.81447E+16
97886,9.17113E+18,9,7,74,135,2017,11,10,4,2,3,6,0,1,0,0,1,0,1,5.96457E+20,5.36547E+21,1.03041E+16,4.8435E+16
97887,9.17113E+18,9,7,75,143,2017,11,18,4,3,4,6,0,1,0,0,0,2,2,5.90035E+20,5.35594E+21,1.02152E+16,4.83502E+16
97888,9.17113E+18,9,7,78,186,2017,11,18,4,3,5,3,0,1,0,0,0,2,1,5.97991E+20,5.31129E+21,1.03123E+16,4.79474E+16
97889,9.17113E+18,9,3,74,146,2017,11,16,2,3,2,6,0,1,0,0,0,2,1,7.2731E+20,5.50265E+21,1.21481E+16,4.96335E+16
97890,9.17113E+18,9,3,74,146,2017,11,7,2,3,2,6,0,1,0,0,0,0,0,7.27431E+20,5.50196E+21,1.21494E+16,4.96273E+16