OBJECTID,UIDENTSTLA,ULAND,UREGBEZ,UKREIS,UGEMEINDE,UJAHR,UMONAT,USTUNDE,UWOCHENTAG,UKATEGORIE,UART,UTYP1,IstRad,IstPKW,IstFuss,IstKrad,IstSonstig,LICHT,STRZUSTAND,LINREFX,LINREFY,XGCSWGS84,YGCSWGS84
98578,9.17121E+18,9,7,71,111,2017,12,6,4,2,2,7,0,1,0,0,1,2,1,6.58176E+20,5.35757E+21,1.11351E+16,4.83514E+16
98579,9.17121E+18,9,7,61,0,2017,12,20,4,3,3,6,0,1,0,0,1,2,0,6.38776E+20,5.35662E+21,1.0873E+16,4.83475E+16
98580,9.17121E+18,9,7,72,149,2017,12,6,4,3,0,1,1,0,0,0,0,2,2,6.35258E+20,5.33907E+21,1.082E+16,4.81904E+16
98581,9.17121E+18,9,7,72,163,2017,12,22,4,3,9,1,0,1,0,0,0,2,0,6.39233E+20,5.34644E+21,1.08758E+16,4.82559E+16
98582,9.17121E+18,9,7,61,0,2017,12,9,4,3,3,6,0,1,0,0,1,0,0,6.41391E+20,5.35751E+21,1.09086E+16,4.83549E+16
98583,9.17121E+18,9,7,71,149,2017,12,7,4,3,5,2,0,1,0,0,0,1,1,6.53062E+20,5.36434E+21,1.10685E+16,4.84137E+16
98584,9.17121E+18,9,6,75,139,2017,12,13,4,3,2,2,0,1,0,0,1,0,0,5.97224E+20,5.5005E+21,1.03469E+16,4.96492E+16
98585,9.17121E+18,9,6,79,209,2017,12,17,4,3,1,6,0,1,0,0,0,2,0,5.63097E+20,5.51714E+21,9.87686E+15,4.98034E+16
98586,9.17121E+18,9,6,75,117,2017,12,21,4,2,8,1,0,1,0,0,0,2,0,5.83348E+20,5.51806E+21,1.01584E+16,4.98092E+16
98587,9.17121E+18,9,6,73,182,2017,12,7,4,3,5,3,0,1,0,0,1,0,0,5.88142E+20,5.59498E+21,1.02428E+16,5.05001E+16
98588,9.17121E+18,9,6,72,127,2017,12,17,4,2,5,2,0,1,0,0,0,2,0,5.66597E+20,5.55337E+21,9.93176E+15,5.01288E+16
98589,9.17121E+18,9,6,76,144,2017,12,7,4,3,5,2,0,1,0,0,0,0,0,5.08429E+20,5.52907E+21,9.11741E+15,4.99139E+16
98590,9.17121E+18,9,5,62,0,2017,12,18,4,3,2,6,0,1,0,0,0,2,0,6.44382E+20,5.49644E+21,1.09983E+16,4.96033E+16
98591,9.17121E+18,9,5,62,0,2017,12,7,4,3,2,6,0,1,0,0,0,0,0,6.43951E+20,5.49269E+21,1.0991E+16,4.95697E+16
98592,9.17121E+18,9,5,76,113,2017,12,19,4,3,2,6,0,1,0,0,0,2,1,6.60867E+20,5.45979E+21,1.12114E+16,4.92697E+16
98593,9.17121E+18,9,5,76,121,2017,12,16,4,3,0,7,1,1,0,0,0,1,1,6.46931E+20,5.45021E+21,1.10164E+16,4.91871E+16
98594,9.17121E+18,9,5,74,156,2017,12,6,4,2,9,7,0,0,0,0,1,2,1,6.59476E+20,5.48504E+21,1.12024E+16,4.9497E+16
98595,9.17121E+18,9,5,76,126,2017,12,12,4,3,4,6,0,1,0,0,1,0,0,6.55525E+20,5.44459E+21,1.11321E+16,4.91344E+16
98596,9.17121E+18,9,5,64,0,2017,12,13,4,3,6,4,0,0,1,0,1,0,0,6.48821E+20,5.46985E+21,1.10497E+16,4.93632E+16
98597,9.17121E+18,9,5,73,125,2017,12,16,4,3,4,6,0,1,0,0,0,1,0,6.35531E+20,5.47235E+21,1.08676E+16,4.93887E+16
98598,9.17121E+18,9,5,75,165,2017,12,6,4,3,4,6,0,1,0,0,1,2,0,6.03979E+20,5.49665E+21,1.04394E+16,4.96135E+16
98599,9.17121E+18,9,5,71,226,2017,12,13,4,3,8,1,0,1,0,0,0,0,0,6.3579E+20,5.45676E+21,1.08659E+16,4.92485E+16
98600,9.17121E+18,9,1,62,0,2017,12,7,6,3,6,2,0,1,1,0,0,1,1,6.88965E+20,5.32941E+21,1.15377E+16,4.809E+16
98601,9.17121E+18,9,5,71,132,2017,12,21,4,3,9,1,0,1,0,0,0,2,1,6.02772E+20,5.44583E+21,1.04095E+16,4.91567E+16
98602,9.17121E+18,9,1,84,136,2017,12,9,6,3,5,7,0,1,0,0,0,0,1,6.98855E+20,5.32578E+21,1.16687E+16,4.80543E+16
98603,9.17121E+18,9,5,71,208,2017,12,19,4,3,4,6,0,1,0,0,0,2,0,6.1964E+20,5.43923E+21,1.06388E+16,4.90943E+16
98604,9.17121E+18,9,5,75,143,2017,12,7,4,3,4,2,0,1,0,0,0,1,0,5.97978E+20,5.48044E+21,1.03523E+16,4.94687E+16
98605,9.17121E+18,9,4,79,136,2017,12,19,4,3,8,1,0,1,0,0,0,2,2,7.22957E+20,5.54745E+21,1.21137E+16,5.00375E+16
98606,9.17121E+18,9,4,78,165,2017,12,19,4,2,2,6,0,1,0,1,0,2,0,6.43579E+20,5.55057E+21,1.10072E+16,5.00901E+16
98607,9.17121E+18,9,4,78,145,2017,12,7,4,2,9,1,0,0,0,0,1,0,1,6.51356E+20,5.55995E+21,1.11196E+16,5.01724E+16
98608,9.17121E+18,9,4,76,183,2017,12,9,4,3,2,6,0,1,0,0,0,0,0,6.70021E+20,5.56853E+21,1.13846E+16,5.02445E+16
98609,9.17121E+18,9,3,74,162,2017,12,12,4,2,2,1,0,1,0,0,1,0,1,7.43401E+20,5.50166E+21,1.237E+16,4.96184E+16
98610,9.17121E+18,9,3,63,0,2017,12,7,4,3,4,6,0,1,0,0,0,1,1,7.25083E+20,5.50836E+21,1.21206E+16,4.96857E+16
98611,9.17121E+18,9,3,75,165,2017,12,20,4,3,1,6,0,1,0,0,0,2,1,7.26087E+20,5.43687E+21,1.20939E+16,4.90432E+16
98612,9.17121E+18,9,3,73,113,2017,12,7,4,2,4,2,1,1,0,0,0,2,0,6.78471E+20,5.47072E+21,1.14581E+16,4.9363E+16
98613,9.17121E+18,9,3,72,116,2017,12,7,4,3,5,3,0,1,0,0,0,0,1,7.67167E+20,5.45739E+21,1.26686E+16,4.9211E+16
98614,9.17121E+18,9,3,76,144,2017,12,11,4,3,5,3,0,1,0,0,0,0,0,7.30171E+20,5.48212E+21,1.21757E+16,4.94481E+16
98615,9.17121E+18,9,3,76,170,2017,12,5,4,2,5,2,0,1,0,0,0,1,0,7.27562E+20,5.45642E+21,1.21251E+16,4.92183E+16
98616,9.17121E+18,9,1,84,131,2017,12,7,6,3,4,2,0,1,0,0,0,1,1,7.0486E+20,5.33696E+21,1.17545E+16,4.81529E+16
98617,9.17121E+18,9,3,71,118,2017,12,8,4,3,1,6,0,1,0,0,0,0,1,7.15871E+20,5.47661E+21,1.19757E+16,4.94038E+16
98618,9.17121E+18,9,2,71,119,2017,12,20,4,3,5,2,0,1,0,0,0,2,1,7.89953E+20,5.41639E+21,1.29514E+16,4.88327E+16
98619,9.17121E+18,9,2,71,119,2017,12,19,4,3,5,7,1,1,0,0,0,2,0,7.91498E+20,5.41793E+21,1.29735E+16,4.88458E+16
98620,9.17121E+18,9,7,75,143,2017,12,12,6,3,9,1,0,1,0,0,0,0,0,5.90094E+20,5.35603E+21,1.0216E+16,4.8351E+16
98621,9.17121E+18,9,2,75,133,2017,12,18,4,3,2,2,0,1,0,0,0,2,0,8.24854E+20,5.38527E+21,1.34012E+16,4.85363E+16
98622,9.17121E+18,9,2,62,0,2017,12,18,4,3,4,2,0,1,0,0,0,2,0,8.26302E+20,5.38801E+21,1.34229E+16,4.85601E+16
98623,9.17121E+18,9,7,80,143,2017,12,13,6,3,8,1,0,1,0,0,0,0,2,5.96162E+20,5.27599E+21,1.028E+16,4.76302E+16
98624,9.17121E+18,9,7,76,125,2017,12,12,6,3,2,6,0,1,0,0,0,0,2,5.65165E+20,5.27106E+21,9.86673E+15,4.75897E+16
98625,9.17121E+18,9,2,75,130,2017,12,10,4,3,0,7,0,0,0,0,1,0,0,8.14501E+20,5.36414E+21,1.32455E+16,4.8352E+16
98626,9.17121E+18,9,1,80,129,2017,12,16,4,3,4,2,0,1,0,0,0,2,1,6.52469E+20,5.28166E+21,1.10311E+16,4.76704E+16
98627,9.17121E+18,9,1,83,128,2017,12,15,4,3,5,3,1,1,0,0,0,0,0,7.61646E+20,5.35016E+21,1.25249E+16,4.82505E+16
98628,9.17121E+18,9,1,63,0,2017,12,8,4,3,5,3,0,1,0,0,0,0,0,7.32165E+20,5.30159E+21,1.2102E+16,4.78258E+16
98629,9.17121E+18,9,1,87,159,2017,12,10,4,3,1,2,0,1,0,0,1,0,0,7.31065E+20,5.32967E+21,1.21024E+16,4.80784E+16
98630,9.17121E+18,9,1,61,0,2017,12,5,4,3,4,2,0,1,0,0,0,2,0,6.78045E+20,5.40719E+21,1.14242E+16,4.87922E+16
98631,9.17121E+18,9,1,85,168,2017,12,18,4,3,7,7,0,1,0,0,0,2,0,6.72439E+20,5.39546E+21,1.13431E+16,4.86883E+16
98632,9.17121E+18,9,1,76,120,2017,12,16,4,3,5,3,0,1,0,0,0,0,0,6.80391E+20,5.42275E+21,1.1463E+16,4.89313E+16
98633,9.17121E+18,9,7,71,111,2017,12,6,4,3,2,6,0,1,0,0,0,1,0,6.58571E+20,5.35714E+21,1.11402E+16,4.83476E+16
98634,9.17121E+18,9,1,81,130,2017,12,13,4,3,4,2,0,1,0,0,0,0,1,6.42252E+20,5.32456E+21,1.09092E+16,4.80585E+16
98635,9.17121E+18,9,1,79,123,2017,12,17,4,3,4,2,0,1,0,0,0,2,0,6.77442E+20,5.33197E+21,1.13842E+16,4.81162E+16
98636,9.17121E+18,9,1,78,140,2017,12,6,4,3,2,6,0,1,0,0,0,2,1,7.06262E+20,5.3633E+21,1.17862E+16,4.83891E+16
98637,9.17121E+18,9,1,77,117,2017,12,16,4,2,4,2,0,1,0,1,0,2,0,7.1575E+20,5.35511E+21,1.191E+16,4.83123E+16
98638,9.17121E+18,9,1,78,124,2017,12,20,4,3,4,2,0,1,0,0,0,2,0,7.00145E+20,5.35707E+21,1.17007E+16,4.83351E+16
98639,9.17121E+18,9,1,62,0,2017,12,16,3,3,5,3,0,1,1,0,0,1,1,6.94782E+20,5.33229E+21,1.1617E+16,4.8114E+16
98640,9.17121E+18,9,7,62,0,2017,12,6,6,2,6,4,0,1,1,0,0,2,2,6.22174E+20,5.30788E+21,1.06351E+16,4.79126E+16
98641,9.17121E+18,9,7,77,138,2017,12,14,6,3,8,1,0,1,0,0,0,0,2,6.07247E+20,5.2981E+21,1.0433E+16,4.78273E+16
98642,9.17121E+18,9,7,77,129,2017,12,21,6,3,8,1,0,1,0,0,0,2,2,6.27498E+20,5.26862E+21,1.06948E+16,4.75585E+16
98643,9.17121E+18,9,1,62,0,2017,12,16,3,2,6,4,0,1,1,0,0,2,0,6.88507E+20,5.33495E+21,1.1534E+16,4.81399E+16
98644,9.17121E+18,9,1,84,136,2017,12,19,3,3,5,3,1,1,0,0,0,2,0,6.9851E+20,5.32713E+21,1.16647E+16,4.80666E+16
98645,9.17121E+18,9,7,71,130,2017,12,18,6,3,2,6,0,1,0,0,0,2,1,6.48195E+20,5.36274E+21,1.10022E+16,4.84004E+16
98646,9.17121E+18,9,7,78,150,2017,12,11,3,3,2,6,0,1,0,0,1,0,1,5.86064E+20,5.32121E+21,1.01546E+16,4.80384E+16
98647,9.17121E+18,9,7,74,135,2017,12,19,3,2,2,6,0,1,0,0,0,2,0,5.97209E+20,5.36762E+21,1.03147E+16,4.84542E+16
98648,9.17121E+18,9,7,78,137,2017,12,7,3,3,8,1,0,1,0,0,0,1,2,6.24105E+20,5.32855E+21,1.06669E+16,4.80981E+16
98649,9.17121E+18,9,7,73,179,2017,12,8,3,3,9,1,0,1,0,0,0,0,1,6.19584E+20,5.37482E+21,1.06193E+16,4.85151E+16
98650,9.17121E+18,9,7,73,144,2017,12,17,3,3,1,6,0,1,0,0,0,2,0,6.04739E+20,5.38002E+21,1.04197E+16,4.85646E+16
98651,9.17121E+18,9,6,77,114,2017,12,15,3,3,9,1,0,1,0,0,0,0,1,5.74358E+20,5.53977E+21,1.00377E+16,5.00056E+16
98652,9.17121E+18,9,6,73,133,2017,12,6,3,2,4,6,0,1,0,0,0,2,1,5.88822E+20,5.57738E+21,1.02483E+16,5.03418E+16
98653,9.17121E+18,9,6,78,193,2017,12,17,3,3,2,6,0,1,0,0,0,2,0,5.80575E+20,5.54059E+21,1.01246E+16,5.00121E+16
98654,9.17121E+18,9,6,72,121,2017,12,18,3,3,1,2,0,1,0,0,0,2,0,5.68384E+20,5.55285E+21,9.95666E+15,5.0124E+16
98655,9.17121E+18,9,6,72,114,2017,12,16,3,3,2,6,0,1,0,0,0,2,1,5.77231E+20,5.56049E+21,1.0082E+16,5.01916E+16
98656,9.17121E+18,9,6,78,176,2017,12,7,3,3,1,6,0,1,0,0,0,1,1,5.88839E+20,5.5384E+21,1.02394E+16,4.99913E+16
98657,9.17121E+18,9,5,62,0,2017,12,12,3,3,3,2,1,1,0,0,0,0,0,6.46161E+20,5.49567E+21,1.10226E+16,4.95959E+16
98658,9.17121E+18,9,5,76,143,2017,12,18,3,3,0,7,1,0,0,0,0,2,1,6.51373E+20,5.45855E+21,1.10805E+16,4.9261E+16
98659,9.17121E+18,9,5,76,147,2017,12,6,3,3,1,5,0,1,0,0,0,2,1,6.4071E+20,5.44949E+21,1.09309E+16,4.91821E+16
98660,9.17121E+18,9,5,64,0,2017,12,13,3,3,2,6,0,1,0,0,1,0,0,6.47646E+20,5.47481E+21,1.10354E+16,4.94081E+16
98661,9.17121E+18,9,5,64,0,2017,12,16,3,3,4,7,0,1,0,0,0,2,1,6.47555E+20,5.47508E+21,1.10342E+16,4.94105E+16
98662,9.17121E+18,9,5,64,0,2017,12,6,3,3,5,3,1,1,0,0,0,2,1,6.50772E+20,5.47569E+21,1.10788E+16,4.94152E+16
98663,9.17121E+18,9,5,73,134,2017,12,17,3,3,2,6,0,1,0,0,0,2,1,6.40296E+20,5.47711E+21,1.09349E+16,4.94305E+16
98664,9.17121E+18,9,7,71,130,2017,12,16,6,3,2,6,0,1,0,0,0,2,1,6.48283E+20,5.36274E+21,1.10034E+16,4.84003E+16
98665,9.17121E+18,9,7,72,162,2017,12,13,6,3,4,6,0,1,0,0,1,0,1,6.36108E+20,5.33558E+21,1.08303E+16,4.81588E+16
98666,9.17121E+18,9,5,73,122,2017,12,18,3,3,2,6,0,1,0,0,0,2,1,6.43067E+20,5.4777E+21,1.09733E+16,4.94351E+16
98667,9.17121E+18,9,5,77,136,2017,12,15,3,2,5,3,0,1,0,0,0,0,0,6.25484E+20,5.44058E+21,1.07193E+16,4.91053E+16
98668,9.17121E+18,9,5,71,154,2017,12,11,3,3,4,6,0,1,0,0,1,0,1,6.09659E+20,5.43477E+21,1.0501E+16,4.9056E+16
98669,9.17121E+18,9,5,71,136,2017,12,9,3,2,4,2,0,1,0,0,0,0,1,5.96732E+20,5.43698E+21,1.03246E+16,4.90781E+16
98670,9.17121E+18,9,4,79,169,2017,12,7,3,3,8,1,0,1,0,0,0,2,1,7.08059E+20,5.54327E+21,1.19037E+16,5.00054E+16
98671,9.17121E+18,9,4,79,136,2017,12,17,3,3,4,6,0,1,0,0,0,1,0,7.20441E+20,5.543E+21,1.20761E+16,4.99985E+16
98672,9.17121E+18,9,4,78,139,2017,12,8,3,3,5,3,0,1,0,0,0,0,1,6.47882E+20,5.55615E+21,1.10695E+16,5.01391E+16
98673,9.17121E+18,9,7,61,0,2017,12,21,6,3,0,1,0,1,0,0,0,2,2,6.43566E+20,5.35759E+21,1.0938E+16,4.83551E+16
98674,9.17121E+18,9,4,76,178,2017,12,17,3,3,2,6,0,1,0,0,0,1,0,6.63571E+20,5.57323E+21,1.12963E+16,5.02885E+16
98675,9.17121E+18,9,4,72,175,2017,12,6,3,3,9,6,0,1,0,0,1,2,1,6.80752E+20,5.51136E+21,1.15081E+16,4.97276E+16
98676,9.17121E+18,9,7,61,0,2017,12,9,6,3,2,2,0,1,0,0,0,0,1,6.40219E+20,5.36055E+21,1.08938E+16,4.83825E+16
98677,9.17121E+18,9,4,62,0,2017,12,14,3,3,4,2,0,1,0,0,0,0,1,6.84911E+20,5.53594E+21,1.15775E+16,4.99472E+16
98678,9.17121E+18,9,4,71,189,2017,12,6,3,2,2,6,0,1,0,0,0,2,2,6.5171E+20,5.53944E+21,1.11164E+16,4.9988E+16
98679,9.17121E+18,9,4,71,189,2017,12,6,3,3,8,1,0,0,0,0,1,2,1,6.52E+20,5.53955E+21,1.11205E+16,4.99889E+16
98680,9.17121E+18,9,3,63,0,2017,12,16,3,3,2,2,0,1,0,0,0,1,2,7.27615E+20,5.50636E+21,1.21545E+16,4.96668E+16
98681,9.17121E+18,9,3,63,0,2017,12,16,3,3,5,2,0,1,0,0,1,2,1,7.2734E+20,5.50445E+21,1.21496E+16,4.96497E+16
98682,9.17121E+18,9,3,74,117,2017,12,17,3,3,5,2,0,1,0,0,0,2,1,7.02696E+20,5.51509E+21,1.18142E+16,4.97541E+16
98683,9.17121E+18,9,3,74,124,2017,12,7,3,3,5,3,0,1,0,0,0,2,1,7.13703E+20,5.51136E+21,1.19647E+16,4.97168E+16
98684,9.17121E+18,9,3,62,0,2017,12,9,3,3,3,6,0,1,0,0,0,0,0,7.25047E+20,5.4353E+21,1.20789E+16,4.90295E+16
98685,9.17121E+18,9,3,72,153,2017,12,17,3,3,4,2,1,1,0,0,0,2,1,7.55568E+20,5.45617E+21,1.25088E+16,4.9205E+16
98686,9.17121E+18,9,3,75,190,2017,12,23,3,2,8,1,0,1,0,0,0,2,1,7.2994E+20,5.44433E+21,1.21508E+16,4.91088E+16
98687,9.17121E+18,9,3,62,0,2017,12,10,3,3,2,6,0,1,0,0,0,0,0,7.26374E+20,5.43731E+21,1.20981E+16,4.9047E+16
98688,9.17121E+18,9,3,73,114,2017,12,14,3,3,4,2,0,1,0,0,0,0,1,6.73879E+20,5.45769E+21,1.13892E+16,4.92473E+16
98689,9.17121E+18,9,3,76,161,2017,12,16,3,3,5,3,0,1,0,0,0,2,1,7.27383E+20,5.46246E+21,1.21261E+16,4.92726E+16
98690,9.17121E+18,9,3,76,161,2017,12,7,3,2,4,2,0,1,0,0,0,0,1,7.28104E+20,5.47069E+21,1.21407E+16,4.93462E+16
98691,9.17121E+18,9,3,76,161,2017,12,14,3,3,2,6,0,1,0,0,0,0,0,7.25768E+20,5.46789E+21,1.2107E+16,4.93219E+16
98692,9.17121E+18,9,3,76,149,2017,12,6,3,3,5,2,0,1,0,0,0,2,1,7.34748E+20,5.45932E+21,1.22253E+16,4.92416E+16
98693,9.17121E+18,9,3,71,128,2017,12,17,3,3,4,6,0,1,0,0,1,2,1,6.86594E+20,5.49373E+21,1.15807E+16,4.95674E+16
98694,9.17121E+18,9,3,71,136,2017,12,18,3,3,2,2,0,1,0,0,0,2,1,7.09218E+20,5.47764E+21,1.18847E+16,4.94154E+16
98695,9.17121E+18,9,2,71,141,2017,12,16,3,2,6,4,0,1,1,0,0,2,0,7.9637E+20,5.40163E+21,1.3028E+16,4.86972E+16
98696,9.17121E+18,9,2,75,150,2017,12,13,3,3,2,2,0,1,0,0,0,0,1,8.34279E+20,5.39379E+21,1.35353E+16,4.86078E+16
98697,9.17121E+18,9,2,72,128,2017,12,5,3,3,4,6,0,1,0,0,1,2,2,8.14986E+20,5.42065E+21,1.32949E+16,4.88587E+16
98698,9.17121E+18,9,2,74,128,2017,12,10,3,3,8,1,0,1,0,0,0,0,1,7.38987E+20,5.38872E+21,1.22421E+16,4.86059E+16
98699,9.17121E+18,9,2,61,0,2017,12,18,3,3,2,6,0,1,0,0,1,2,0,7.32876E+20,5.37836E+21,1.21536E+16,4.85151E+16
98700,9.17121E+18,9,1,80,134,2017,12,14,3,3,8,1,0,0,0,0,1,0,1,6.59474E+20,5.28687E+21,1.11262E+16,4.77155E+16
98701,9.17121E+18,9,1,80,115,2017,12,22,3,3,8,1,0,1,0,0,0,2,1,6.58057E+20,5.26973E+21,1.11012E+16,4.75617E+16
98702,9.17121E+18,9,1,72,132,2017,12,23,3,3,6,6,0,1,1,0,0,2,1,7.98678E+20,5.28015E+21,1.29741E+16,4.76058E+16
98703,9.17121E+18,9,6,79,204,2017,12,17,6,2,3,6,0,1,0,0,1,2,0,5.57807E+20,5.51093E+21,9.80243E+15,4.97481E+16
98704,9.17121E+18,9,1,87,125,2017,12,5,3,3,6,7,1,0,1,0,0,2,2,7.516E+20,5.31176E+21,1.23672E+16,4.79097E+16
98705,9.17121E+18,9,1,82,120,2017,12,18,3,3,4,2,0,1,0,0,0,2,0,7.01976E+20,5.30617E+21,1.17013E+16,4.78771E+16
98706,9.17121E+18,9,1,87,129,2017,12,17,3,3,5,3,0,1,0,0,0,2,0,7.24668E+20,5.29577E+21,1.1999E+16,4.77761E+16
98707,9.17121E+18,9,1,87,130,2017,12,18,3,3,5,3,0,1,0,0,0,2,0,7.16393E+20,5.31228E+21,1.18969E+16,4.79273E+16
98708,9.17121E+18,9,6,63,0,2017,12,12,6,3,0,7,0,1,0,1,0,0,1,5.686E+20,5.51587E+21,9.9531E+15,4.97913E+16
98709,9.17121E+18,9,1,61,0,2017,12,17,3,3,5,3,1,1,0,0,0,2,0,6.79943E+20,5.40311E+21,1.14483E+16,4.8755E+16
98710,9.17121E+18,9,1,61,0,2017,12,10,3,3,5,3,1,1,0,0,0,0,0,6.81892E+20,5.4019E+21,1.14742E+16,4.87435E+16
98711,9.17121E+18,9,6,75,141,2017,12,15,6,2,8,5,0,1,0,0,0,0,1,5.85153E+20,5.50809E+21,1.01813E+16,4.97193E+16
98712,9.17121E+18,9,1,76,137,2017,12,7,3,2,2,6,0,0,0,0,1,1,1,6.75145E+20,5.42803E+21,1.13937E+16,4.89803E+16
98713,9.17121E+18,9,1,85,158,2017,12,16,3,3,5,3,1,1,0,0,0,2,1,6.66558E+20,5.3813E+21,1.12575E+16,4.85626E+16
98714,9.17121E+18,9,1,85,158,2017,12,18,3,3,5,3,0,1,0,0,0,2,1,6.68404E+20,5.38213E+21,1.12829E+16,4.85696E+16
98715,9.17121E+18,9,1,76,167,2017,12,17,3,3,0,2,0,1,0,0,0,2,1,6.78317E+20,5.40939E+21,1.14289E+16,4.88119E+16
98716,9.17121E+18,9,1,61,0,2017,12,12,3,3,5,3,0,1,0,0,0,0,1,6.79098E+20,5.40145E+21,1.14361E+16,4.87403E+16
98717,9.17121E+18,9,1,86,137,2017,12,17,3,3,4,2,0,1,0,0,0,2,0,6.84636E+20,5.39925E+21,1.15103E+16,4.87189E+16
98718,9.17121E+18,9,1,86,122,2017,12,7,3,3,1,1,0,1,0,0,0,1,1,6.93553E+20,5.39591E+21,1.16299E+16,4.86862E+16
98719,9.17121E+18,9,6,72,136,2017,12,11,6,3,4,1,0,1,0,0,1,0,1,5.79491E+20,5.56321E+21,1.01142E+16,5.02157E+16
98720,9.17121E+18,9,1,86,158,2017,12,19,3,3,8,3,0,1,0,0,0,2,0,6.9354E+20,5.40513E+21,1.1634E+16,4.8769E+16
98721,9.17121E+18,9,1,79,123,2017,12,13,3,3,0,7,1,1,0,0,0,0,0,6.77513E+20,5.33404E+21,1.1386E+16,4.81349E+16
98722,9.17121E+18,9,1,79,119,2017,12,10,3,3,5,2,1,1,0,0,0,0,1,6.70955E+20,5.33903E+21,1.12999E+16,4.81815E+16
98723,9.17121E+18,9,1,84,129,2017,12,9,3,3,2,7,0,1,0,0,1,0,1,7.01153E+20,5.32632E+21,1.16997E+16,4.80584E+16
98724,9.17121E+18,9,1,78,124,2017,12,4,3,3,2,1,0,1,0,0,0,2,1,7.03566E+20,5.36759E+21,1.17519E+16,4.84285E+16
98725,9.17121E+18,9,1,78,113,2017,12,19,3,3,1,3,1,1,0,0,0,2,1,6.92234E+20,5.36747E+21,1.15988E+16,4.8431E+16
98726,9.17121E+18,9,1,75,123,2017,12,17,3,3,2,6,0,1,0,0,0,1,0,7.25597E+20,5.33632E+21,1.20326E+16,4.81401E+16
98727,9.1712E+18,9,1,62,0,2017,12,7,2,3,6,2,0,1,1,0,0,1,1,6.87345E+20,5.33508E+21,1.15184E+16,4.81414E+16
98728,9.1712E+18,9,7,75,139,2017,12,7,2,3,2,6,0,0,0,0,1,0,1,5.78727E+20,5.36735E+21,1.00648E+16,4.84544E+16
98729,9.1712E+18,9,7,74,162,2017,12,6,2,3,8,7,0,1,0,0,0,2,2,6.05942E+20,5.34914E+21,1.04282E+16,4.82866E+16
98730,9.1712E+18,9,7,75,162,2017,12,7,2,3,5,3,0,1,0,1,0,1,1,5.82894E+20,5.34861E+21,1.01174E+16,4.82852E+16
98731,9.1712E+18,9,7,80,124,2017,12,19,2,3,5,3,0,1,0,0,0,2,1,5.93935E+20,5.26788E+21,1.02486E+16,4.75576E+16
98732,9.1712E+18,9,7,63,0,2017,12,7,2,2,2,6,0,1,0,0,0,0,0,5.99248E+20,5.28433E+21,1.0323E+16,4.77048E+16
98733,9.1712E+18,9,7,76,113,2017,12,17,2,3,8,1,0,1,0,0,0,1,2,5.75242E+20,5.27415E+21,1.00013E+16,4.76164E+16
98734,9.1712E+18,9,7,63,0,2017,12,18,2,3,2,6,0,1,0,0,0,2,1,5.94883E+20,5.29014E+21,1.02661E+16,4.77577E+16
98735,9.1712E+18,9,7,79,149,2017,12,2,2,3,4,6,0,1,0,0,1,2,2,6.38354E+20,5.39519E+21,1.08801E+16,4.86944E+16
98736,9.1712E+18,9,7,79,194,2017,12,11,2,3,5,3,0,1,0,0,0,0,0,6.07831E+20,5.41312E+21,1.04702E+16,4.88616E+16
98737,9.1712E+18,9,7,79,111,2017,12,6,2,3,9,1,0,1,0,0,0,2,1,6.20389E+20,5.41381E+21,1.06416E+16,4.88655E+16
98738,9.17121E+18,9,5,76,113,2017,12,12,6,3,2,6,0,1,0,0,0,0,0,6.6235E+20,5.4536E+21,1.12293E+16,4.92137E+16
98739,9.17121E+18,9,5,76,113,2017,12,12,6,3,2,6,0,1,0,0,0,0,0,6.62255E+20,5.45377E+21,1.1228E+16,4.92152E+16
98740,9.1712E+18,9,7,72,163,2017,12,18,2,3,5,3,0,1,0,1,0,2,1,6.41285E+20,5.34748E+21,1.09038E+16,4.82648E+16
98741,9.1712E+18,9,7,61,0,2017,12,14,2,3,3,6,0,1,0,0,1,0,0,6.41371E+20,5.35748E+21,1.09083E+16,4.83547E+16
98742,9.17121E+18,9,5,76,113,2017,12,12,6,3,2,6,0,1,0,0,0,0,0,6.61391E+20,5.45706E+21,1.12175E+16,4.9245E+16
98743,9.1712E+18,9,6,77,135,2017,12,11,2,3,2,6,0,1,0,0,0,0,1,5.43115E+20,5.52542E+21,9.60011E+15,4.98796E+16
98744,9.17121E+18,9,5,72,132,2017,12,18,6,3,3,6,0,1,0,0,0,2,1,6.3736E+20,5.49319E+21,1.09E+16,4.95757E+16
98745,9.1712E+18,9,6,72,142,2017,12,18,2,2,9,7,0,1,0,0,0,2,1,5.77125E+20,5.55434E+21,1.00792E+16,5.01363E+16
98746,9.1712E+18,9,6,73,116,2017,12,6,2,3,8,7,0,1,0,0,0,2,1,5.83826E+20,5.58546E+21,1.01799E+16,5.04152E+16
98747,9.17121E+18,9,5,72,133,2017,12,7,6,3,0,1,0,0,0,1,0,2,1,6.38015E+20,5.50061E+21,1.09117E+16,4.96422E+16
98748,9.1712E+18,9,6,71,156,2017,12,8,2,3,2,1,0,1,0,0,0,0,1,5.24325E+20,5.53238E+21,9.33902E+15,4.99433E+16