OBJECTID,UIDENTSTLA,ULAND,UREGBEZ,UKREIS,UGEMEINDE,UJAHR,UMONAT,USTUNDE,UWOCHENTAG,UKATEGORIE,UART,UTYP1,IstRad,IstPKW,IstFuss,IstKrad,IstSonstig,LICHT,STRZUSTAND,LINREFX,LINREFY,XGCSWGS84,YGCSWGS84
98749,9.1712E+18,9,6,71,157,2017,12,14,2,3,8,7,0,1,0,0,0,0,2,5.30101E+20,5.52723E+21,9.41912E+15,4.98967E+16
98750,9.1712E+18,9,5,74,156,2017,12,15,2,2,3,6,0,1,0,0,1,1,1,6.58234E+20,5.48213E+21,1.11841E+16,4.94712E+16
98751,9.1712E+18,9,5,62,0,2017,12,17,2,3,5,3,1,0,0,0,1,2,1,6.45594E+20,5.49547E+21,1.10147E+16,4.95943E+16
98752,9.1712E+18,9,5,74,164,2017,12,10,2,3,5,3,0,1,0,0,0,0,2,6.67149E+20,5.47236E+21,1.1303E+16,4.9381E+16
98753,9.1712E+18,9,5,64,0,2017,12,10,2,3,0,1,1,0,0,0,0,0,1,6.47623E+20,5.4794E+21,1.10367E+16,4.94493E+16
98754,9.1712E+18,9,5,64,0,2017,12,8,2,3,5,3,0,1,0,0,0,0,1,6.47254E+20,5.47851E+21,1.10313E+16,4.94414E+16
98755,9.1712E+18,9,5,64,0,2017,12,16,2,3,2,6,0,1,0,0,0,1,1,6.47237E+20,5.48043E+21,1.10318E+16,4.94586E+16
98756,9.1712E+18,9,5,77,168,2017,12,6,2,3,8,1,0,1,0,0,0,2,2,6.46119E+20,5.41895E+21,1.0994E+16,4.89062E+16
98757,9.1712E+18,9,5,77,136,2017,12,17,2,3,5,3,0,1,0,0,0,2,1,6.27456E+20,5.4415E+21,1.07466E+16,4.91131E+16
98758,9.1712E+18,9,5,71,136,2017,12,5,2,3,9,1,0,1,0,0,0,2,2,5.94399E+20,5.43572E+21,1.02924E+16,4.90671E+16
98759,9.1712E+18,9,5,61,0,2017,12,6,2,3,5,3,0,1,0,0,1,2,1,6.13007E+20,5.46097E+21,1.05541E+16,4.9291E+16
98760,9.1712E+18,9,4,75,123,2017,12,21,2,3,9,1,0,1,0,0,0,2,2,7.04737E+20,5.58277E+21,1.18786E+16,5.03614E+16
98761,9.1712E+18,9,4,75,154,2017,12,12,2,3,5,3,0,1,0,0,0,0,1,6.99761E+20,5.56412E+21,1.17989E+16,5.01955E+16
98762,9.1712E+18,9,4,72,179,2017,12,11,2,3,1,3,0,1,0,0,0,0,1,6.74864E+20,5.51379E+21,1.14276E+16,4.97512E+16
98763,9.1712E+18,9,4,77,129,2017,12,11,2,3,8,1,0,1,0,0,0,0,2,6.8558E+20,5.55913E+21,1.1598E+16,5.01553E+16
98764,9.1712E+18,9,4,72,199,2017,12,16,2,2,4,6,0,1,0,0,1,1,2,6.96307E+20,5.53597E+21,1.17361E+16,4.99438E+16
98765,9.17121E+18,9,7,72,145,2017,12,6,4,3,8,1,0,1,0,0,0,2,2,6.36087E+20,5.36816E+21,1.08405E+16,4.84518E+16
98766,9.17121E+18,9,7,72,156,2017,12,6,4,3,9,1,0,1,0,0,0,2,2,6.29666E+20,5.36858E+21,1.07538E+16,4.8457E+16
98767,9.17121E+18,9,7,72,145,2017,12,7,4,3,4,1,0,1,0,0,0,1,2,6.36044E+20,5.36818E+21,1.08399E+16,4.8452E+16
98768,9.17121E+18,9,7,72,145,2017,12,6,4,3,9,1,0,1,0,0,0,2,2,6.36088E+20,5.36816E+21,1.08405E+16,4.84518E+16
98769,9.17121E+18,9,7,71,130,2017,12,16,4,3,2,3,0,1,0,0,1,2,0,6.44236E+20,5.3622E+21,1.09486E+16,4.83965E+16
98770,9.17121E+18,9,7,61,0,2017,12,22,4,3,5,3,0,1,0,0,0,2,1,6.37002E+20,5.35991E+21,1.08502E+16,4.83774E+16
98771,9.17121E+18,9,6,79,193,2017,12,5,4,3,2,6,0,1,0,0,1,1,0,5.75736E+20,5.51215E+21,1.00515E+16,4.97571E+16
98772,9.17121E+18,9,5,74,156,2017,12,13,5,3,2,6,0,1,0,0,0,0,0,6.58099E+20,5.48227E+21,1.11823E+16,4.94725E+16
98773,9.17121E+18,9,6,79,175,2017,12,16,4,2,4,2,0,1,0,0,1,2,1,5.70303E+20,5.51253E+21,9.97614E+15,4.97611E+16
98774,9.17121E+18,9,5,74,156,2017,12,7,5,3,2,6,0,1,0,0,0,2,1,6.58611E+20,5.482E+21,1.11893E+16,4.94699E+16
98775,9.17121E+18,9,6,63,0,2017,12,11,4,3,2,6,0,1,0,0,0,0,1,5.66903E+20,5.51164E+21,9.9288E+15,4.97536E+16
98776,9.17121E+18,9,5,74,132,2017,12,15,5,3,2,7,0,1,0,0,0,0,0,6.75615E+20,5.48695E+21,1.1426E+16,4.95097E+16
98777,9.17121E+18,9,6,75,158,2017,12,10,4,3,5,3,0,1,0,0,1,0,0,5.97044E+20,5.52216E+21,1.03498E+16,4.9844E+16
98778,9.17121E+18,9,6,75,147,2017,12,16,4,2,2,6,0,1,0,0,0,2,1,5.82923E+20,5.50373E+21,1.01495E+16,4.96804E+16
98779,9.17121E+18,9,5,64,0,2017,12,10,5,3,2,6,0,1,0,0,0,0,0,6.48243E+20,5.47723E+21,1.10445E+16,4.94296E+16
98780,9.17121E+18,9,6,74,210,2017,12,18,4,3,8,1,0,1,0,0,0,2,2,6.30993E+20,5.55291E+21,1.08322E+16,5.01139E+16
98781,9.17121E+18,9,6,62,0,2017,12,10,4,2,6,2,0,1,1,0,0,0,0,5.88253E+20,5.54563E+21,1.02329E+16,5.00564E+16
98782,9.17121E+18,9,5,64,0,2017,12,7,5,3,5,2,0,1,0,0,0,0,1,6.56142E+20,5.47596E+21,1.11528E+16,4.94162E+16
98783,9.17121E+18,9,6,61,0,2017,12,3,4,3,1,5,0,0,0,0,1,2,1,5.07149E+20,5.53764E+21,9.09974E+15,4.99911E+16
98784,9.17121E+18,9,6,76,145,2017,12,17,4,3,6,4,0,1,1,0,0,2,1,5.08398E+20,5.52036E+21,9.11678E+15,4.98356E+16
98785,9.17121E+18,9,6,71,134,2017,12,17,4,3,6,4,0,1,1,0,0,2,1,5.00455E+20,5.54625E+21,9.00636E+15,5.00685E+16
98786,9.17121E+18,9,5,76,151,2017,12,6,4,2,2,6,0,1,0,0,1,2,0,6.56119E+20,5.47122E+21,1.11507E+16,4.93737E+16
98787,9.17121E+18,9,5,65,0,2017,12,7,4,3,0,3,0,1,0,0,0,0,0,6.51226E+20,5.4665E+21,1.10815E+16,4.93325E+16
98788,9.17121E+18,9,5,74,152,2017,12,8,4,3,2,6,0,1,0,0,0,0,0,6.60907E+20,5.4829E+21,1.12213E+16,4.94774E+16
98789,9.17121E+18,9,5,64,0,2017,12,14,4,3,1,6,0,1,0,0,1,0,0,6.49657E+20,5.47687E+21,1.10638E+16,4.94261E+16
98790,9.17121E+18,9,5,64,0,2017,12,19,4,3,5,3,1,1,0,0,0,2,1,6.52141E+20,5.47752E+21,1.10983E+16,4.94313E+16
98791,9.17121E+18,9,5,73,114,2017,12,14,4,3,5,2,0,1,0,0,0,0,0,6.34434E+20,5.48005E+21,1.08551E+16,4.94582E+16
98792,9.17121E+18,9,5,71,165,2017,12,7,4,3,3,6,0,1,0,0,0,2,1,6.29178E+20,5.4659E+21,1.0778E+16,4.93322E+16
98793,9.17121E+18,9,5,71,177,2017,12,22,4,3,9,1,0,1,0,0,0,2,2,6.21561E+20,5.4516E+21,1.06689E+16,4.92052E+16
98794,9.17121E+18,9,4,79,129,2017,12,6,4,3,0,7,0,1,0,0,0,2,1,7.09331E+20,5.55877E+21,1.19299E+16,5.01442E+16
98795,9.17121E+18,9,4,73,144,2017,12,20,4,3,9,1,0,1,0,0,0,2,1,6.37389E+20,5.57522E+21,1.09297E+16,5.03131E+16
98796,9.17121E+18,9,4,77,151,2017,12,7,4,3,5,3,0,1,0,0,0,2,1,6.76827E+20,5.56279E+21,1.14773E+16,5.01908E+16
98797,9.17121E+18,9,4,72,198,2017,12,19,4,2,4,6,0,1,0,0,0,2,2,6.98456E+20,5.54013E+21,1.17682E+16,4.99805E+16
98798,9.17121E+18,9,4,62,0,2017,12,17,4,3,4,2,1,1,0,0,0,2,0,6.84283E+20,5.53548E+21,1.15685E+16,4.99432E+16
98799,9.17121E+18,9,4,74,124,2017,12,7,4,3,9,3,0,1,0,0,0,2,1,6.65786E+20,5.50989E+21,1.13E+16,4.97187E+16
98800,9.17121E+18,9,4,71,220,2017,12,18,4,3,9,1,0,1,0,0,0,2,2,6.23081E+20,5.51698E+21,1.07101E+16,4.97926E+16
98801,9.17121E+18,9,3,77,146,2017,12,16,4,2,4,2,0,1,0,0,0,1,0,7.35112E+20,5.51844E+21,1.22655E+16,4.97724E+16
98802,9.17121E+18,9,3,62,0,2017,12,16,4,3,5,3,1,1,0,0,0,1,0,7.29204E+20,5.43373E+21,1.21347E+16,4.90139E+16
98803,9.17121E+18,9,3,75,190,2017,12,17,4,3,4,6,0,1,0,0,0,1,1,7.29727E+20,5.44482E+21,1.21482E+16,4.91133E+16
98804,9.17121E+18,9,3,62,0,2017,12,10,4,3,0,6,0,1,0,0,0,0,1,7.26658E+20,5.43661E+21,1.21016E+16,4.90407E+16
98805,9.17121E+18,9,3,73,112,2017,12,19,4,3,5,2,0,1,0,0,0,2,2,6.78528E+20,5.44195E+21,1.1446E+16,4.91044E+16
98806,9.17121E+18,9,3,72,115,2017,12,13,4,3,2,6,0,1,0,0,0,0,0,7.77759E+20,5.4521E+21,1.281E+16,4.91588E+16
98807,9.17121E+18,9,3,71,151,2017,12,12,4,2,9,1,0,1,0,0,0,0,0,6.98834E+20,5.48387E+21,1.17448E+16,4.94749E+16
98808,9.17121E+18,9,3,76,125,2017,12,20,4,3,9,1,0,1,0,0,0,2,2,7.20058E+20,5.47773E+21,1.2034E+16,4.94124E+16
98809,9.17121E+18,9,3,76,141,2017,12,8,4,3,8,1,0,1,0,0,0,0,2,7.2672E+20,5.45217E+21,1.21112E+16,4.91804E+16
98810,9.17121E+18,9,2,71,119,2017,12,16,4,3,2,6,0,1,0,0,0,2,1,7.91143E+20,5.41547E+21,1.29669E+16,4.88239E+16
98811,9.17121E+18,9,2,71,125,2017,12,14,4,3,5,7,0,1,0,0,1,0,0,7.97079E+20,5.4094E+21,1.30432E+16,4.87666E+16
98812,9.17121E+18,9,2,78,118,2017,12,8,4,3,6,4,0,1,1,0,0,0,0,7.70284E+20,5.42399E+21,1.2689E+16,4.89098E+16
98813,9.17121E+18,9,2,75,154,2017,12,14,4,3,2,6,0,1,0,0,0,0,1,8.13603E+20,5.39231E+21,1.32545E+16,4.86052E+16
98814,9.17121E+18,9,5,64,0,2017,12,11,5,3,3,6,0,1,0,1,0,0,0,6.47796E+20,5.48017E+21,1.10394E+16,4.94562E+16
98815,9.17121E+18,9,5,64,0,2017,12,17,5,3,2,6,0,1,0,0,0,2,0,6.47916E+20,5.48011E+21,1.10411E+16,4.94556E+16
98816,9.17121E+18,9,5,73,125,2017,12,12,5,3,0,3,0,1,0,0,0,0,0,6.35262E+20,5.47403E+21,1.08645E+16,4.9404E+16
98817,9.17121E+18,9,2,75,127,2017,12,5,4,2,5,3,1,1,0,0,0,2,1,8.03167E+20,5.39973E+21,1.31188E+16,4.86769E+16
98818,9.17121E+18,9,2,75,128,2017,12,14,4,3,2,6,0,0,0,0,1,0,0,8.31783E+20,5.40349E+21,1.35093E+16,4.8696E+16
98819,9.17121E+18,9,5,77,168,2017,12,8,5,3,4,1,0,1,0,0,0,0,2,6.44772E+20,5.41655E+21,1.09748E+16,4.8885E+16
98820,9.17121E+18,9,2,61,0,2017,12,17,4,3,2,6,0,1,0,0,0,2,0,7.31967E+20,5.37979E+21,1.21421E+16,4.85283E+16
98821,9.17121E+18,9,1,90,135,2017,12,10,4,3,5,3,0,1,0,0,0,0,0,6.59876E+20,5.29426E+21,1.11343E+16,4.77819E+16
98822,9.17121E+18,9,4,73,132,2017,12,10,5,2,5,3,0,1,0,0,1,0,0,6.39735E+20,5.56109E+21,1.09574E+16,5.01855E+16
98823,9.17121E+18,9,1,89,157,2017,12,11,4,3,5,3,0,1,0,0,0,0,1,7.67593E+20,5.32574E+21,1.25895E+16,4.80288E+16
98824,9.17121E+18,9,4,73,165,2017,12,15,5,3,6,4,0,1,1,0,0,0,0,6.31481E+20,5.56123E+21,1.08419E+16,5.01886E+16
98825,9.17121E+18,9,1,89,157,2017,12,16,4,3,4,2,0,1,0,0,0,0,1,7.67143E+20,5.32227E+21,1.25813E+16,4.79979E+16
98826,9.17121E+18,9,4,63,0,2017,12,15,5,3,5,2,0,1,0,0,0,2,0,6.38576E+20,5.56983E+21,1.09444E+16,5.02643E+16
98827,9.17121E+18,9,1,83,120,2017,12,8,4,2,8,1,0,1,0,0,0,0,1,7.50642E+20,5.34939E+21,1.23765E+16,4.82481E+16
98828,9.17121E+18,9,1,72,118,2017,12,15,4,3,2,6,0,1,0,0,0,0,0,7.9558E+20,5.30649E+21,1.29508E+16,4.78437E+16
98829,9.17121E+18,9,1,72,117,2017,12,6,4,3,5,3,0,1,0,0,0,2,1,7.98069E+20,5.28471E+21,1.29691E+16,4.76471E+16
98830,9.17121E+18,9,1,72,128,2017,12,11,4,3,2,6,0,1,0,0,0,0,1,7.92643E+20,5.29787E+21,1.29059E+16,4.77677E+16
98831,9.17121E+18,9,1,87,162,2017,12,9,4,3,5,3,1,1,0,0,0,0,1,7.49824E+20,5.30567E+21,1.23399E+16,4.78558E+16
98832,9.17121E+18,9,4,71,145,2017,12,6,5,3,5,2,0,1,0,0,0,2,1,6.40772E+20,5.5187E+21,1.09564E+16,4.98043E+16
98833,9.17121E+18,9,1,82,123,2017,12,16,4,3,4,2,0,1,0,0,0,1,1,7.17271E+20,5.3014E+21,1.19032E+16,4.78292E+16
98834,9.17121E+18,9,1,87,120,2017,12,12,4,3,1,6,0,1,0,1,0,0,0,7.32986E+20,5.29151E+21,1.21076E+16,4.77349E+16
98835,9.17121E+18,9,3,74,134,2017,12,5,5,3,9,6,0,1,0,0,0,2,2,7.18884E+20,5.51022E+21,1.20359E+16,4.97046E+16
98836,9.17121E+18,9,1,61,0,2017,12,21,4,3,4,6,1,0,0,0,0,2,0,6.76441E+20,5.40759E+21,1.14026E+16,4.87962E+16
98837,9.17121E+18,9,1,86,162,2017,12,5,4,2,2,6,0,1,0,0,1,1,0,6.89333E+20,5.38519E+21,1.15677E+16,4.85912E+16
98838,9.17121E+18,9,3,74,160,2017,12,16,5,2,5,3,0,1,0,0,0,1,0,7.30336E+20,5.51101E+21,1.21949E+16,4.97075E+16
98839,9.17121E+18,9,1,61,0,2017,12,1,4,3,0,7,0,1,0,0,0,2,0,6.80797E+20,5.40557E+21,1.1461E+16,4.87769E+16
98840,9.17121E+18,9,1,85,158,2017,12,7,4,2,5,3,1,1,0,0,0,1,0,6.66558E+20,5.3813E+21,1.12575E+16,4.85626E+16
98841,9.17121E+18,9,1,86,152,2017,12,7,4,3,5,3,1,1,0,0,0,0,0,6.90658E+20,5.37637E+21,1.15816E+16,4.85114E+16
98842,9.17121E+18,9,1,61,0,2017,12,9,4,3,2,6,0,1,0,0,0,0,0,6.79463E+20,5.39951E+21,1.14402E+16,4.87227E+16
98843,9.17121E+18,9,1,62,0,2017,12,15,4,3,3,6,0,1,0,0,1,0,0,6.84643E+20,5.34252E+21,1.14854E+16,4.8209E+16
98844,9.17121E+18,9,1,79,123,2017,12,17,4,3,2,6,0,1,0,0,1,2,0,6.7812E+20,5.33225E+21,1.13934E+16,4.81186E+16
98845,9.17121E+18,9,1,88,139,2017,12,15,4,3,2,6,0,1,0,0,0,0,0,6.74737E+20,5.31899E+21,1.13425E+16,4.80003E+16
98846,9.17121E+18,9,1,79,134,2017,12,12,4,2,5,3,1,1,0,0,0,0,0,6.68212E+20,5.34334E+21,1.12647E+16,4.8221E+16
98847,9.17121E+18,9,1,78,120,2017,12,5,4,3,2,6,0,1,0,0,1,2,0,6.93355E+20,5.35404E+21,1.16078E+16,4.831E+16
98848,9.17121E+18,9,1,78,120,2017,12,13,4,3,3,6,0,1,0,0,1,0,0,6.95018E+20,5.35316E+21,1.16298E+16,4.83015E+16
98849,9.17121E+18,9,1,77,126,2017,12,13,4,3,2,6,0,1,0,0,0,0,0,7.17116E+20,5.36776E+21,1.19349E+16,4.84255E+16
98850,9.17121E+18,9,1,78,138,2017,12,6,4,2,5,7,0,1,0,0,1,2,2,7.12226E+20,5.36849E+21,1.18693E+16,4.84338E+16
98851,9.17121E+18,9,1,62,0,2017,12,8,3,3,4,2,0,1,0,0,0,0,0,6.78116E+20,5.33532E+21,1.13946E+16,4.81462E+16
98852,9.17121E+18,9,1,84,131,2017,12,20,3,2,5,3,0,1,0,0,0,2,0,7.04866E+20,5.33697E+21,1.17546E+16,4.81529E+16
98853,9.17121E+18,9,1,84,129,2017,12,19,3,3,3,6,0,1,0,0,0,2,1,6.99593E+20,5.32439E+21,1.16779E+16,4.80416E+16
98854,9.17121E+18,9,7,75,162,2017,12,19,3,3,0,6,0,1,0,0,0,2,0,5.82693E+20,5.34894E+21,1.01148E+16,4.82883E+16
98855,9.17121E+18,9,3,77,143,2017,12,17,5,3,8,1,0,1,0,0,0,1,2,7.1315E+20,5.5384E+21,1.19719E+16,4.99599E+16
98856,9.17121E+18,9,3,75,190,2017,12,9,5,3,0,6,0,1,0,0,0,0,0,7.26675E+20,5.44711E+21,1.21077E+16,4.9135E+16
98857,9.17121E+18,9,3,72,124,2017,12,7,5,3,2,6,0,1,0,0,0,2,1,7.8457E+20,5.46768E+21,1.29143E+16,4.92955E+16
98858,9.17121E+18,9,7,78,173,2017,12,7,3,2,6,4,0,1,1,0,0,1,1,6.11123E+20,5.32264E+21,1.04911E+16,4.80474E+16
98859,9.17121E+18,9,3,72,116,2017,12,7,5,3,5,3,0,1,0,0,1,1,1,7.66528E+20,5.45611E+21,1.2659E+16,4.91998E+16
98860,9.17121E+18,9,7,64,0,2017,12,15,3,3,9,7,0,1,0,0,0,1,1,5.89379E+20,5.31633E+21,1.01981E+16,4.7994E+16
98861,9.17121E+18,9,7,78,144,2017,12,7,3,3,4,6,0,1,0,0,0,1,2,5.90686E+20,5.30438E+21,1.02131E+16,4.78864E+16
98862,9.17121E+18,9,3,61,0,2017,12,17,5,3,5,3,1,1,0,0,0,2,0,7.07819E+20,5.48074E+21,1.1867E+16,4.94438E+16
98863,9.17121E+18,9,7,74,148,2017,12,7,3,3,6,2,0,1,1,0,0,1,0,5.94686E+20,5.36252E+21,1.02795E+16,4.84087E+16
98864,9.17121E+18,9,7,77,153,2017,12,16,3,3,8,1,0,1,0,0,0,2,1,6.13123E+20,5.27748E+21,1.05061E+16,4.76408E+16
98865,9.17121E+18,9,2,71,138,2017,12,5,5,3,8,1,0,1,0,0,1,2,1,7.94467E+20,5.41171E+21,1.30094E+16,4.87886E+16
98866,9.17121E+18,9,7,79,192,2017,12,5,3,3,7,7,0,1,0,0,1,2,1,6.40437E+20,5.39619E+21,1.09088E+16,4.87029E+16
98867,9.17121E+18,9,7,73,183,2017,12,9,3,3,3,6,0,1,0,0,0,0,0,6.02581E+20,5.38659E+21,1.03921E+16,4.8624E+16
98868,9.17121E+18,9,7,61,0,2017,12,18,3,3,2,6,0,1,0,0,0,2,0,6.39329E+20,5.35121E+21,1.08787E+16,4.82987E+16
98869,9.17121E+18,9,7,71,130,2017,12,16,3,3,2,6,0,1,0,0,0,1,0,6.47217E+20,5.36282E+21,1.09891E+16,4.84013E+16
98870,9.17121E+18,9,7,72,147,2017,12,18,3,3,4,6,0,1,0,0,0,2,0,6.32173E+20,5.36451E+21,1.07864E+16,4.84199E+16
98871,9.17121E+18,9,6,63,0,2017,12,13,3,1,2,6,0,0,0,0,1,0,0,5.64883E+20,5.51161E+21,9.90074E+15,4.97535E+16
98872,9.17121E+18,9,6,77,137,2017,12,16,3,3,3,6,0,1,0,0,1,1,0,5.36264E+20,5.51529E+21,9.5038E+15,4.9789E+16
98873,9.17121E+18,9,6,75,131,2017,12,17,3,3,5,3,0,1,0,0,0,2,0,5.89404E+20,5.5121E+21,1.02412E+16,4.97547E+16
98874,9.17121E+18,9,6,62,0,2017,12,14,3,3,6,4,0,1,1,0,1,0,0,5.87499E+20,5.54359E+21,1.02219E+16,5.00382E+16
98875,9.17121E+18,9,6,71,157,2017,12,7,3,3,8,7,0,1,0,0,0,1,1,5.26959E+20,5.52814E+21,9.37544E+15,4.9905E+16
98876,9.17121E+18,9,6,71,121,2017,12,13,3,3,2,6,0,1,0,0,0,0,0,5.12202E+20,5.53765E+21,9.17023E+15,4.99911E+16
98877,9.17121E+18,9,5,62,0,2017,12,16,3,3,2,6,0,1,0,0,0,1,1,6.44294E+20,5.49514E+21,1.09966E+16,4.95916E+16
98878,9.17121E+18,9,5,72,142,2017,12,7,3,3,2,1,0,1,0,0,0,2,1,6.45059E+20,5.49963E+21,1.10088E+16,4.96318E+16
98879,9.17121E+18,9,5,65,0,2017,12,15,3,2,1,6,0,1,0,0,1,0,0,6.48759E+20,5.46533E+21,1.10471E+16,4.93225E+16
98880,9.17121E+18,9,2,76,138,2017,12,23,5,3,1,6,0,1,0,0,0,2,2,8.07214E+20,5.43386E+21,1.31992E+16,4.89812E+16
98881,9.17121E+18,9,2,78,197,2017,12,9,5,3,4,6,0,0,0,0,1,0,1,7.61947E+20,5.4396E+21,1.25855E+16,4.90535E+16
98882,9.17121E+18,9,2,77,148,2017,12,5,5,3,9,1,0,1,0,0,0,2,2,7.92441E+20,5.36152E+21,1.29466E+16,4.83391E+16
98883,9.17121E+18,9,5,73,114,2017,12,19,3,2,2,6,0,1,0,0,0,2,0,6.33806E+20,5.48358E+21,1.08476E+16,4.94901E+16
98884,9.17121E+18,9,5,64,0,2017,12,16,3,3,8,1,0,1,0,0,0,1,1,6.46036E+20,5.48117E+21,1.10155E+16,4.94656E+16
98885,9.17121E+18,9,5,64,0,2017,12,18,3,3,1,3,0,1,0,0,0,2,0,6.52589E+20,5.4808E+21,1.11057E+16,4.94607E+16
98886,9.17121E+18,9,5,77,161,2017,12,18,3,2,4,6,0,1,0,0,0,2,0,6.47358E+20,5.44311E+21,1.10197E+16,4.91231E+16
98887,9.17121E+18,9,2,77,113,2017,12,20,5,3,2,6,0,1,0,0,0,2,0,8.01811E+20,5.37255E+21,1.30807E+16,4.84337E+16
98888,9.17121E+18,9,2,75,151,2017,12,19,5,3,8,1,0,1,0,0,0,2,1,8.20809E+20,5.39604E+21,1.33549E+16,4.8635E+16
98889,9.17121E+18,9,2,74,156,2017,12,7,5,2,2,6,0,1,0,0,0,2,1,7.43899E+20,5.39095E+21,1.231E+16,4.8624E+16
98890,9.17121E+18,9,2,74,182,2017,12,6,5,3,5,3,0,1,0,0,0,2,1,7.2898E+20,5.37682E+21,1.21E+16,4.85027E+16
98891,9.17121E+18,9,5,71,205,2017,12,11,3,2,2,6,0,1,0,0,1,0,0,5.91328E+20,5.47612E+21,1.02595E+16,4.94309E+16
98892,9.17121E+18,9,5,75,150,2017,12,3,3,3,8,1,0,1,0,0,0,2,1,6.13451E+20,5.50191E+21,1.0572E+16,4.9659E+16
98893,9.17121E+18,9,5,71,177,2017,12,20,3,3,5,3,0,1,0,0,0,2,1,6.24274E+20,5.44914E+21,1.07053E+16,4.91824E+16
98894,9.17121E+18,9,4,79,169,2017,12,20,3,3,4,6,0,1,0,0,0,2,0,7.17881E+20,5.54732E+21,1.20428E+16,5.00382E+16
98895,9.17121E+18,9,2,73,166,2017,12,18,5,3,8,6,0,1,0,0,0,2,0,7.1797E+20,5.42015E+21,1.19741E+16,4.88959E+16
98896,9.17121E+18,9,4,79,169,2017,12,18,3,3,8,1,0,1,0,0,0,2,1,7.13257E+20,5.54597E+21,1.19776E+16,5.00278E+16
98897,9.17121E+18,9,1,90,138,2017,12,17,5,3,5,3,0,1,0,0,0,2,1,6.61862E+20,5.30727E+21,1.11657E+16,4.78983E+16
98898,9.17121E+18,9,4,62,0,2017,12,3,3,3,3,6,0,1,0,0,0,2,1,6.87187E+20,5.53783E+21,1.16101E+16,4.99635E+16
98899,9.17121E+18,9,4,74,123,2017,12,17,3,2,6,6,0,1,1,0,0,2,0,6.50163E+20,5.51431E+21,1.10851E+16,4.97625E+16
98900,9.17121E+18,9,4,61,0,2017,12,7,3,3,2,6,0,1,0,0,1,2,1,6.38087E+20,5.53141E+21,1.09236E+16,4.99191E+16
98901,9.17121E+18,9,3,77,154,2017,12,16,3,3,2,6,0,1,0,0,0,2,1,7.38967E+20,5.53087E+21,1.23266E+16,4.98824E+16
98902,9.17121E+18,9,3,72,125,2017,12,17,3,3,2,6,0,1,0,0,0,2,0,7.54465E+20,5.44418E+21,1.24862E+16,4.90978E+16
98903,9.17121E+18,9,3,76,161,2017,12,17,3,3,4,6,0,1,0,0,1,2,1,7.24904E+20,5.47095E+21,1.20968E+16,4.93497E+16
98904,9.17121E+18,9,3,76,144,2017,12,15,3,3,8,6,0,1,0,0,1,1,0,7.28898E+20,5.48395E+21,1.21592E+16,4.9465E+16
98905,9.17121E+18,9,3,76,119,2017,12,15,3,2,8,1,0,1,0,0,0,0,1,7.20409E+20,5.45087E+21,1.2024E+16,4.91711E+16
98906,9.17121E+18,9,3,71,121,2017,12,11,3,3,5,3,0,1,0,0,0,0,0,7.09692E+20,5.49969E+21,1.19029E+16,4.96134E+16
98907,9.17121E+18,9,2,63,0,2017,12,17,3,3,5,3,0,1,0,0,0,2,0,7.62775E+20,5.41989E+21,1.25841E+16,4.88762E+16
98908,9.17121E+18,9,2,75,133,2017,12,11,3,2,5,3,0,1,0,0,0,0,1,8.24685E+20,5.3852E+21,1.33989E+16,4.85358E+16
98909,9.17121E+18,9,2,77,111,2017,12,17,3,3,5,3,0,1,0,1,0,2,1,7.84867E+20,5.38743E+21,1.28623E+16,4.85751E+16
98910,9.17121E+18,9,1,71,115,2017,12,16,3,3,2,6,0,1,0,0,0,2,1,7.77285E+20,5.35889E+21,1.27408E+16,4.83223E+16
98911,9.17121E+18,9,2,74,127,2017,12,11,3,3,5,3,0,1,0,0,0,0,0,7.36481E+20,5.39557E+21,1.22121E+16,4.86684E+16
98912,9.17121E+18,9,2,61,0,2017,12,16,3,3,4,2,0,1,0,1,0,0,0,7.3273E+20,5.383E+21,1.21542E+16,4.85568E+16
98913,9.17121E+18,9,1,90,151,2017,12,16,3,3,8,1,0,1,0,0,0,1,2,6.32702E+20,5.30025E+21,1.07736E+16,4.78419E+16
98914,9.17121E+18,9,1,73,134,2017,12,17,3,3,5,3,0,1,0,0,0,2,1,6.85477E+20,5.30055E+21,1.14785E+16,4.78315E+16
98915,9.17121E+18,9,1,89,145,2017,12,20,3,3,3,3,0,1,0,0,1,2,1,7.72943E+20,5.30355E+21,1.26471E+16,4.78273E+16
98916,9.17121E+18,9,1,71,111,2017,12,1,3,3,4,6,0,1,0,0,1,2,1,7.71353E+20,5.34978E+21,1.26551E+16,4.82431E+16
98917,9.17121E+18,9,1,72,117,2017,12,18,3,2,5,2,0,1,0,0,0,2,1,7.95971E+20,5.28706E+21,1.29428E+16,4.76692E+16
98918,9.17121E+18,9,1,72,117,2017,12,8,3,2,5,3,0,1,0,0,0,0,1,7.99535E+20,5.28245E+21,1.2987E+16,4.76261E+16
98919,9.17121E+18,9,1,84,114,2017,12,23,3,1,2,6,0,1,0,0,1,2,1,6.99713E+20,5.31935E+21,1.16772E+16,4.79963E+16