OBJECTID,UIDENTSTLA,ULAND,UREGBEZ,UKREIS,UGEMEINDE,UJAHR,UMONAT,USTUNDE,UWOCHENTAG,UKATEGORIE,UART,UTYP1,IstRad,IstPKW,IstFuss,IstKrad,IstSonstig,LICHT,STRZUSTAND,LINREFX,LINREFY,XGCSWGS84,YGCSWGS84
98920,9.17121E+18,9,1,87,165,2017,12,16,3,3,4,7,0,1,0,0,0,2,1,7.33699E+20,5.2988E+21,1.2121E+16,4.78001E+16
98921,9.17121E+18,9,1,80,135,2017,12,22,5,3,4,6,0,1,0,0,0,2,2,6.52608E+20,5.27746E+21,1.10315E+16,4.76326E+16
98922,9.17121E+18,9,1,83,138,2017,12,7,5,3,8,6,0,1,0,0,0,0,1,7.46459E+20,5.35125E+21,1.23213E+16,4.82665E+16
98923,9.17121E+18,9,1,87,148,2017,12,15,5,3,1,6,0,1,0,0,1,0,1,7.40282E+20,5.2803E+21,1.21986E+16,4.76315E+16
98924,9.17121E+18,9,1,87,170,2017,12,18,5,3,1,7,0,1,0,0,0,2,1,7.33465E+20,5.31868E+21,1.21286E+16,4.79788E+16
98925,9.17121E+18,9,1,82,134,2017,12,13,3,3,9,1,0,0,0,0,1,0,1,6.99271E+20,5.29422E+21,1.16597E+16,4.77706E+16
98926,9.17121E+18,9,1,87,114,2017,12,9,5,3,9,1,0,1,0,0,0,0,2,7.46474E+20,5.28987E+21,1.22863E+16,4.77152E+16
98927,9.17121E+18,9,1,76,114,2017,12,7,5,3,4,6,0,1,0,0,0,2,0,6.81838E+20,5.42873E+21,1.14854E+16,4.89847E+16
98928,9.17121E+18,9,1,76,167,2017,12,17,3,3,5,3,0,1,0,0,0,1,1,6.77231E+20,5.4105E+21,1.14146E+16,4.88221E+16
98929,9.17121E+18,9,1,61,0,2017,12,18,3,3,1,6,0,1,0,0,0,2,1,6.74838E+20,5.40548E+21,1.13799E+16,4.87778E+16
98930,9.17121E+18,9,1,61,0,2017,12,0,3,2,7,1,1,0,0,0,0,2,1,6.77873E+20,5.40498E+21,1.14209E+16,4.87724E+16
98931,9.17121E+18,9,1,85,153,2017,12,9,3,2,5,3,0,1,0,0,1,0,0,6.50174E+20,5.40256E+21,1.10433E+16,4.87579E+16
98932,9.17121E+18,9,1,81,130,2017,12,17,3,3,2,6,0,1,0,0,0,2,0,6.4039E+20,5.32469E+21,1.08842E+16,4.80601E+16
98933,9.17121E+18,9,1,88,132,2017,12,8,3,3,5,3,0,1,0,0,0,0,1,6.63683E+20,5.32299E+21,1.1196E+16,4.80392E+16
98934,9.17121E+18,9,1,78,130,2017,12,6,3,3,3,3,0,1,0,0,0,2,1,7.02298E+20,5.35706E+21,1.17297E+16,4.83344E+16
98935,9.17121E+18,9,1,78,124,2017,12,16,3,3,4,1,0,1,0,0,0,2,1,7.05111E+20,5.36546E+21,1.17717E+16,4.84089E+16
98936,9.17121E+18,9,1,85,140,2017,12,16,5,3,2,6,0,1,0,0,1,2,0,6.76214E+20,5.39324E+21,1.13934E+16,4.86673E+16
98937,9.17121E+18,9,1,62,0,2017,12,19,2,3,5,3,0,1,0,0,0,2,0,6.95009E+20,5.33348E+21,1.16206E+16,4.81246E+16
98938,9.17121E+18,9,1,62,0,2017,12,8,2,3,3,6,0,1,0,0,0,1,1,6.85988E+20,5.33525E+21,1.15003E+16,4.81433E+16
98939,9.17121E+18,9,1,85,166,2017,12,11,5,3,5,3,0,1,0,0,1,0,1,6.72431E+20,5.38437E+21,1.13384E+16,4.85886E+16
98940,9.17121E+18,9,1,84,119,2017,12,15,2,3,5,3,0,1,0,0,0,0,1,6.95302E+20,5.34736E+21,1.1631E+16,4.82494E+16
98941,9.17121E+18,9,1,62,0,2017,12,17,5,3,2,7,0,1,0,0,0,2,1,6.7941E+20,5.33759E+21,1.14129E+16,4.81662E+16
98942,9.17121E+18,9,1,62,0,2017,12,9,2,3,5,3,1,1,0,0,0,0,1,6.9712E+20,5.33063E+21,1.16477E+16,4.80985E+16
98943,9.17121E+18,9,1,62,0,2017,12,11,2,3,2,6,0,1,0,0,1,0,0,6.94171E+20,5.33677E+21,1.16109E+16,4.81545E+16
98944,9.17121E+18,9,7,78,116,2017,12,8,2,3,2,6,0,1,0,0,1,0,0,6.17667E+20,5.32225E+21,1.05787E+16,4.80427E+16
98945,9.17121E+18,9,7,75,135,2017,12,15,2,2,4,1,0,0,0,0,1,0,1,5.80069E+20,5.36218E+21,1.00819E+16,4.84077E+16
98946,9.17121E+18,9,7,78,173,2017,12,17,2,3,2,6,0,1,0,0,0,2,1,6.12552E+20,5.3208E+21,1.05097E+16,4.80305E+16
98947,9.17121E+18,9,7,78,173,2017,12,10,2,3,2,3,0,1,0,0,1,0,1,6.14375E+20,5.32253E+21,1.05346E+16,4.80458E+16
98948,9.17121E+18,9,7,64,0,2017,12,18,2,3,5,2,1,1,0,0,0,2,1,5.85992E+20,5.31609E+21,1.01526E+16,4.79923E+16
98949,9.17121E+18,9,7,75,162,2017,12,7,2,3,1,6,0,1,0,0,1,2,1,5.79848E+20,5.34767E+21,1.00762E+16,4.82772E+16
98950,9.17121E+18,9,7,72,130,2017,12,10,2,3,5,3,0,1,0,0,0,0,1,6.3201E+20,5.35765E+21,1.07821E+16,4.83582E+16
98951,9.17121E+18,9,7,71,142,2017,12,16,2,3,3,2,1,1,0,0,0,2,1,6.4557E+20,5.35206E+21,1.09631E+16,4.8305E+16
98952,9.17121E+18,9,7,61,0,2017,12,13,2,3,5,3,0,1,0,0,0,0,0,6.38316E+20,5.36132E+21,1.08684E+16,4.83898E+16
98953,9.17121E+18,9,7,61,0,2017,12,17,2,2,6,4,0,1,1,0,0,2,1,6.39181E+20,5.36088E+21,1.08799E+16,4.83857E+16
98954,9.17121E+18,9,7,61,0,2017,12,2,2,3,2,7,0,1,0,0,1,2,1,6.42781E+20,5.35979E+21,1.09281E+16,4.83751E+16
98955,9.17121E+18,9,6,63,0,2017,12,19,2,2,1,6,0,1,0,0,1,2,1,5.69746E+20,5.51055E+21,9.96806E+15,4.97434E+16
98956,9.17121E+18,9,1,79,140,2017,12,7,5,3,0,7,0,1,0,0,0,0,1,6.61049E+20,5.34424E+21,1.11687E+16,4.82309E+16
98957,9.17121E+18,9,1,88,124,2017,12,7,5,3,7,7,0,1,0,0,0,1,0,6.59791E+20,5.32071E+21,1.1143E+16,4.80197E+16
98958,9.17121E+18,9,1,79,147,2017,12,7,5,3,7,7,0,1,0,0,0,1,1,6.63359E+20,5.33163E+21,1.1195E+16,4.81169E+16
98959,9.17121E+18,9,6,75,127,2017,12,9,2,3,3,6,0,1,0,0,1,1,1,6.09251E+20,5.51356E+21,1.05171E+16,4.97645E+16
98960,9.17121E+18,9,6,77,155,2017,12,18,2,3,5,2,0,1,0,0,0,2,1,5.41479E+20,5.53848E+21,9.57874E+15,4.99972E+16
98961,9.17121E+18,9,1,81,120,2017,12,21,5,2,8,1,0,1,0,0,0,2,1,6.52377E+20,5.31773E+21,1.10425E+16,4.79947E+16
98962,9.17121E+18,9,6,74,147,2017,12,16,2,2,6,4,0,1,1,0,0,2,1,6.0844E+20,5.5436E+21,1.05142E+16,5.00348E+16
98963,9.17121E+18,9,1,81,114,2017,12,7,5,3,0,7,0,1,0,0,0,2,1,6.56953E+20,5.31267E+21,1.1102E+16,4.79481E+16
98964,9.17121E+18,9,6,74,130,2017,12,19,2,3,9,1,0,1,0,0,0,2,2,6.24694E+20,5.5506E+21,1.07434E+16,5.00945E+16
98965,9.17121E+18,9,6,62,0,2017,12,17,2,3,6,2,0,1,1,0,0,2,1,5.862E+20,5.54483E+21,1.0204E+16,5.00495E+16
98966,9.17121E+18,9,6,78,192,2017,12,16,2,2,8,1,0,1,0,0,0,1,1,5.76537E+20,5.5458E+21,1.00693E+16,5.00596E+16
98967,9.17121E+18,9,6,61,0,2017,12,15,2,3,3,6,1,1,0,0,0,0,1,5.10808E+20,5.53627E+21,9.15074E+15,4.99787E+16
98968,9.17121E+18,9,6,71,143,2017,12,16,2,3,2,6,0,1,0,0,0,1,1,5.13715E+20,5.54463E+21,9.19159E+15,5.00538E+16
98969,9.17121E+18,9,5,74,156,2017,12,10,2,3,2,6,0,1,0,0,0,0,0,6.58944E+20,5.48156E+21,1.11937E+16,4.94659E+16
98970,9.17121E+18,9,5,74,154,2017,12,19,2,2,9,7,0,1,0,0,0,2,1,6.62193E+20,5.48466E+21,1.12398E+16,4.94929E+16
98971,9.17121E+18,9,5,64,0,2017,12,11,2,3,0,7,0,1,0,0,0,0,1,6.53524E+20,5.4783E+21,1.11177E+16,4.94379E+16
98972,9.17121E+18,9,5,64,0,2017,12,16,2,3,2,6,0,1,0,0,0,1,1,6.48823E+20,5.47727E+21,1.10525E+16,4.94299E+16
98973,9.17121E+18,9,1,84,147,2017,12,18,5,3,3,7,0,1,0,0,0,2,0,6.98689E+20,5.34176E+21,1.16739E+16,4.81979E+16
98974,9.17121E+18,9,1,75,132,2017,12,7,5,3,6,2,0,1,1,0,0,0,1,7.06318E+20,5.33149E+21,1.17715E+16,4.81032E+16
98975,9.17121E+18,9,1,75,112,2017,12,7,5,3,2,2,0,1,0,0,0,2,1,7.21729E+20,5.32003E+21,1.19723E+16,4.79951E+16
98976,9.17121E+18,9,5,64,0,2017,12,16,2,3,2,6,0,1,0,0,0,2,1,6.48843E+20,5.47726E+21,1.10528E+16,4.94298E+16
98977,9.17121E+18,9,5,64,0,2017,12,18,2,3,3,6,0,1,0,0,0,2,1,6.49718E+20,5.47708E+21,1.10647E+16,4.9428E+16
98978,9.17121E+18,9,5,73,114,2017,12,15,2,3,8,1,0,1,0,0,0,0,1,6.34276E+20,5.47772E+21,1.08521E+16,4.94373E+16
98979,9.17121E+18,9,5,75,116,2017,12,11,2,1,8,1,0,0,0,0,1,0,1,6.08199E+20,5.51186E+21,1.0502E+16,4.97495E+16
98980,9.17121E+18,9,5,71,226,2017,12,20,2,2,8,1,0,1,0,0,0,2,1,6.38124E+20,5.45623E+21,1.08977E+16,4.92433E+16
98981,9.17121E+18,9,5,71,127,2017,12,16,2,3,2,6,0,1,0,0,0,1,1,6.1681E+20,5.45564E+21,1.06049E+16,4.92423E+16
98982,9.17121E+18,9,4,75,156,2017,12,18,2,2,6,3,0,1,1,0,0,2,1,6.92979E+20,5.57876E+21,1.17115E+16,5.03293E+16
98983,9.17121E+18,9,4,76,179,2017,12,21,2,2,6,6,0,1,1,0,0,2,1,6.60785E+20,5.59199E+21,1.12652E+16,5.04578E+16
98984,9.17121E+18,9,4,76,184,2017,12,9,2,3,4,6,0,1,0,0,1,0,1,6.78056E+20,5.57113E+21,1.14984E+16,5.02655E+16
98985,9.17121E+18,9,4,76,183,2017,12,16,2,2,5,3,0,1,0,0,1,2,1,6.71124E+20,5.57025E+21,1.14008E+16,5.02596E+16
98986,9.17121E+18,9,4,77,128,2017,12,15,2,3,3,6,0,1,0,0,1,0,1,6.75226E+20,5.55334E+21,1.14505E+16,5.01064E+16
98987,9.17121E+18,9,4,62,0,2017,12,16,2,3,0,1,0,0,0,1,0,0,0,6.84405E+20,5.53559E+21,1.15703E+16,4.99442E+16
98988,9.17121E+18,9,4,62,0,2017,12,13,2,3,4,2,1,1,0,0,0,0,1,6.84917E+20,5.53594E+21,1.15775E+16,4.99471E+16
98989,9.17121E+18,9,4,71,150,2017,12,7,2,3,2,6,0,1,0,0,0,0,1,6.35113E+20,5.53594E+21,1.08838E+16,4.99605E+16
98990,9.17121E+18,9,3,63,0,2017,12,7,2,3,2,6,0,1,0,0,0,1,1,7.26143E+20,5.50686E+21,1.21344E+16,4.96718E+16
98991,9.17121E+18,9,3,75,180,2017,12,12,2,3,0,7,0,1,0,0,1,0,1,7.25395E+20,5.42847E+21,1.20798E+16,4.8968E+16
98992,9.17121E+18,9,3,75,190,2017,12,6,2,3,2,6,0,1,0,0,0,2,1,7.26786E+20,5.44618E+21,1.21087E+16,4.91265E+16
98993,9.17121E+18,9,3,75,190,2017,12,6,2,3,2,6,0,1,0,0,0,2,1,7.26786E+20,5.44618E+21,1.21087E+16,4.91265E+16
98994,9.17121E+18,9,3,72,126,2017,12,7,2,3,3,3,0,1,0,0,1,1,1,7.79993E+20,5.46805E+21,1.28517E+16,4.9301E+16
98995,9.17121E+18,9,3,75,119,2017,12,7,2,3,2,6,0,1,0,0,0,0,1,7.35714E+20,5.44126E+21,1.2228E+16,4.90791E+16
98996,9.17121E+18,9,3,72,116,2017,12,18,2,3,2,7,0,1,0,0,0,2,1,7.67474E+20,5.45927E+21,1.2674E+16,4.92277E+16
98997,9.17121E+18,9,3,71,113,2017,12,16,2,2,6,4,0,1,1,0,0,1,1,6.89619E+20,5.50768E+21,1.16292E+16,4.96917E+16
98998,9.17121E+18,9,2,76,123,2017,12,6,2,3,8,1,0,1,0,0,0,2,2,7.9109E+20,5.42996E+21,1.29765E+16,4.89539E+16
98999,9.17121E+18,9,2,75,134,2017,12,21,2,3,8,1,0,1,0,0,0,2,0,8.26641E+20,5.3784E+21,1.342E+16,4.84738E+16
99000,9.17121E+18,9,2,72,128,2017,12,18,2,3,5,3,0,1,0,0,0,2,1,8.1598E+20,5.41973E+21,1.33077E+16,4.88499E+16
99001,9.17121E+18,9,2,72,129,2017,12,7,2,3,2,6,0,1,0,0,1,0,2,8.44159E+20,5.40822E+21,1.36809E+16,4.87318E+16
99002,9.17121E+18,9,2,77,111,2017,12,14,2,3,6,4,0,1,1,0,0,0,1,7.84984E+20,5.38752E+21,1.28639E+16,4.85758E+16
99003,9.17121E+18,9,2,77,116,2017,12,6,2,3,4,6,0,1,0,0,0,2,1,7.76327E+20,5.36948E+21,1.27349E+16,4.84178E+16
99004,9.17121E+18,9,2,74,191,2017,12,19,2,3,3,6,0,1,0,0,0,2,0,7.44718E+20,5.39141E+21,1.23213E+16,4.86278E+16
99005,9.17121E+18,9,2,61,0,2017,12,17,2,3,4,2,0,1,0,0,1,2,1,7.31596E+20,5.38155E+21,1.2138E+16,4.85442E+16
99006,9.17121E+18,9,2,74,176,2017,12,15,2,2,4,6,0,1,0,0,0,0,0,7.23138E+20,5.39743E+21,1.20321E+16,4.869E+16
99007,9.17121E+18,9,2,74,172,2017,12,15,2,2,5,3,0,1,0,0,1,0,1,7.18827E+20,5.39302E+21,1.19713E+16,4.86519E+16
99008,9.17121E+18,9,3,75,205,2017,12,17,2,3,8,1,0,1,0,0,0,2,0,7.26048E+20,5.42179E+21,1.2085E+16,4.89078E+16
99009,9.17121E+18,9,1,90,154,2017,12,18,2,3,8,7,0,1,0,0,0,2,1,6.42938E+20,5.28497E+21,1.09053E+16,4.77023E+16
99010,9.17121E+18,9,1,89,155,2017,12,17,2,3,5,3,0,1,0,0,0,1,0,7.71109E+20,5.31077E+21,1.26271E+16,4.78929E+16
99011,9.17121E+18,9,1,84,135,2017,12,18,4,3,4,2,0,1,0,0,0,2,1,6.92026E+20,5.34507E+21,1.15858E+16,4.82298E+16
99012,9.17121E+18,9,1,72,116,2017,12,6,2,3,6,4,0,0,1,1,0,2,1,8.01108E+20,5.28353E+21,1.30087E+16,4.76351E+16
99013,9.17121E+18,9,1,62,0,2017,12,6,4,3,2,6,0,1,0,0,1,2,2,6.92193E+20,5.34295E+21,1.15871E+16,4.82106E+16
99014,9.17121E+18,9,1,87,169,2017,12,16,2,3,1,6,0,1,0,0,0,2,0,7.41948E+20,5.29892E+21,1.2231E+16,4.77981E+16
99015,9.17121E+18,9,1,87,177,2017,12,17,2,3,1,5,0,1,0,1,0,2,1,7.3554E+20,5.30534E+21,1.21491E+16,4.78582E+16
99016,9.17121E+18,9,1,87,130,2017,12,21,2,3,8,1,0,1,0,0,0,2,1,7.13768E+20,5.30787E+21,1.18597E+16,4.78885E+16
99017,9.17121E+18,9,1,85,150,2017,12,8,2,2,4,6,0,1,0,0,1,0,1,6.56323E+20,5.3986E+21,1.11255E+16,4.87208E+16
99018,9.17121E+18,9,1,86,147,2017,12,9,2,3,8,1,0,0,0,0,1,0,1,6.84151E+20,5.39139E+21,1.15003E+16,4.86484E+16
99019,9.17121E+18,9,1,88,121,2017,12,11,2,3,2,6,0,1,0,0,1,0,1,6.73738E+20,5.33007E+21,1.13337E+16,4.81002E+16
99020,9.17121E+18,9,1,88,118,2017,12,22,2,2,8,1,0,1,0,0,0,2,1,6.70388E+20,5.31118E+21,1.12812E+16,4.79312E+16
99021,9.17121E+18,9,1,88,139,2017,12,14,2,2,2,6,0,1,0,0,1,0,0,6.73877E+20,5.318E+21,1.13306E+16,4.79917E+16
99022,9.17121E+18,9,1,62,0,2017,12,19,2,3,2,6,0,1,0,0,0,2,1,6.94851E+20,5.34278E+21,1.16228E+16,4.82083E+16
99023,9.17121E+18,9,1,78,116,2017,12,15,2,2,5,3,0,1,0,0,0,0,1,7.02237E+20,5.38297E+21,1.17414E+16,4.85672E+16
99024,9.17121E+18,9,1,62,0,2017,12,14,1,3,1,6,0,1,0,0,0,0,2,6.87454E+20,5.34047E+21,1.15223E+16,4.81897E+16
99025,9.17121E+18,9,7,75,135,2017,12,15,1,3,9,1,0,1,0,0,0,0,2,5.76103E+20,5.35512E+21,1.00271E+16,4.83447E+16
99026,9.17121E+18,9,7,74,150,2017,12,17,1,3,9,1,0,1,0,0,0,2,2,5.99742E+20,5.34213E+21,1.0343E+16,4.82245E+16
99027,9.17121E+18,9,1,62,0,2017,12,19,4,3,2,6,0,1,0,0,0,2,1,6.90533E+20,5.33199E+21,1.15599E+16,4.81126E+16
99028,9.17121E+18,9,7,80,112,2017,12,12,1,3,5,3,0,1,0,0,0,0,2,5.86606E+20,5.29439E+21,1.01565E+16,4.7797E+16
99029,9.17121E+18,9,7,80,112,2017,12,12,1,3,8,1,0,1,0,0,0,0,2,5.86394E+20,5.29438E+21,1.01537E+16,4.7797E+16
99030,9.17121E+18,9,7,62,0,2017,12,12,1,3,5,3,0,1,0,1,0,0,2,6.22149E+20,5.30808E+21,1.06348E+16,4.79144E+16
99031,9.17121E+18,9,1,62,0,2017,12,7,4,3,2,6,0,1,0,0,0,1,1,6.93217E+20,5.33755E+21,1.15984E+16,4.81618E+16
99032,9.17121E+18,9,7,79,111,2017,12,12,1,3,9,1,0,1,0,0,0,0,2,6.20327E+20,5.4138E+21,1.06407E+16,4.88655E+16
99033,9.17121E+18,9,7,72,223,2017,12,13,1,3,3,1,0,1,0,0,0,0,2,6.18756E+20,5.36311E+21,1.06048E+16,4.84099E+16
99034,9.17121E+18,9,7,75,152,2017,12,7,4,3,2,6,0,1,0,0,0,1,1,5.80199E+20,5.35338E+21,1.0082E+16,4.83285E+16
99035,9.17121E+18,9,7,75,152,2017,12,7,4,3,8,6,0,1,0,0,0,1,1,5.80219E+20,5.35337E+21,1.00823E+16,4.83284E+16
99036,9.17121E+18,9,7,72,223,2017,12,13,1,3,2,6,0,1,0,0,0,0,2,6.16236E+20,5.36267E+21,1.05706E+16,4.84064E+16
99037,9.17121E+18,9,7,72,147,2017,12,17,1,3,9,1,0,1,0,0,0,2,2,6.35678E+20,5.36432E+21,1.08337E+16,4.84175E+16
99038,9.17121E+18,9,7,72,223,2017,12,12,1,3,2,1,0,1,0,0,0,0,2,6.18856E+20,5.36311E+21,1.06061E+16,4.84099E+16
99039,9.17121E+18,9,7,72,145,2017,12,13,1,3,8,1,0,1,0,0,0,0,2,6.34572E+20,5.36786E+21,1.08199E+16,4.84494E+16
99040,9.17121E+18,9,7,72,147,2017,12,13,1,3,9,1,0,1,0,0,0,0,2,6.3816E+20,5.36601E+21,1.08678E+16,4.84321E+16
99041,9.17121E+18,9,7,71,113,2017,12,0,1,3,8,1,0,1,0,0,0,2,0,6.58126E+20,5.37325E+21,1.11403E+16,4.84924E+16
99042,9.17121E+18,9,6,79,175,2017,12,14,1,3,3,6,0,1,0,0,0,0,2,5.71266E+20,5.51005E+21,9.98907E+15,4.97387E+16
99043,9.17121E+18,9,6,74,219,2017,12,15,1,3,9,1,0,1,0,0,0,0,2,6.0634E+20,5.54037E+21,1.0484E+16,5.00061E+16
99044,9.17121E+18,9,6,73,117,2017,12,17,1,3,6,4,0,1,1,0,0,2,2,5.70824E+20,5.58456E+21,9.99672E+15,5.04088E+16
99045,9.17121E+18,9,6,72,114,2017,12,18,1,3,3,2,0,1,0,0,1,2,1,5.77524E+20,5.56131E+21,1.00862E+16,5.01989E+16
99046,9.17121E+18,9,6,71,141,2017,12,12,1,3,8,1,0,1,0,0,0,0,2,5.21515E+20,5.52788E+21,9.2996E+15,4.99029E+16
99047,9.17121E+18,9,6,71,139,2017,12,12,1,3,4,6,0,1,0,0,0,0,2,5.19446E+20,5.53957E+21,9.27139E+15,5.00081E+16
99048,9.17121E+18,9,5,74,164,2017,12,15,1,2,8,1,0,1,0,0,0,0,2,6.69953E+20,5.47547E+21,1.13429E+16,4.94082E+16
99049,9.17121E+18,9,5,72,135,2017,12,13,1,3,8,1,0,1,0,0,0,0,2,6.30975E+20,5.50899E+21,1.0817E+16,4.97191E+16
99050,9.17121E+18,9,5,74,138,2017,12,21,1,3,1,6,0,1,0,0,1,2,1,6.66328E+20,5.48664E+21,1.12976E+16,4.95095E+16
99051,9.17121E+18,9,7,75,152,2017,12,8,4,3,8,6,0,1,0,0,0,0,2,5.8E+20,5.35345E+21,1.00793E+16,4.83292E+16
99052,9.17121E+18,9,7,75,135,2017,12,9,4,3,1,6,0,1,0,0,0,0,0,5.74636E+20,5.36077E+21,1.00083E+16,4.83957E+16
99053,9.17121E+18,9,7,78,190,2017,12,15,4,3,5,3,0,1,0,0,0,0,0,6.08413E+20,5.33376E+21,1.04575E+16,4.81478E+16
99054,9.17121E+18,9,5,71,205,2017,12,13,1,3,2,1,0,1,0,0,0,0,2,5.90623E+20,5.47796E+21,1.02502E+16,4.94475E+16
99055,9.17121E+18,9,5,75,168,2017,12,13,1,3,2,7,0,1,0,0,0,0,2,5.90032E+20,5.48816E+21,1.02444E+16,4.95394E+16
99056,9.17121E+18,9,7,75,162,2017,12,15,4,3,5,3,0,1,0,0,1,0,0,5.80268E+20,5.34765E+21,1.00818E+16,4.8277E+16
99057,9.17121E+18,9,5,75,143,2017,12,18,1,3,4,6,0,1,0,0,0,2,2,6.00643E+20,5.47551E+21,1.03878E+16,4.94239E+16
99058,9.17121E+18,9,4,79,166,2017,12,5,1,3,4,6,0,1,0,0,0,2,2,7.05874E+20,5.55328E+21,1.18786E+16,5.0096E+16
99059,9.17121E+18,9,4,75,141,2017,12,10,1,3,5,3,0,1,0,0,0,0,1,7.01038E+20,5.58074E+21,1.18256E+16,5.03444E+16
99060,9.17121E+18,9,4,76,145,2017,12,13,1,3,2,6,0,1,0,0,0,0,2,6.6434E+20,5.57118E+21,1.13062E+16,5.02699E+16
99061,9.17121E+18,9,4,72,146,2017,12,19,1,3,9,1,0,1,0,0,0,2,1,6.8269E+20,5.52781E+21,1.15427E+16,4.98748E+16
99062,9.17121E+18,9,4,77,129,2017,12,14,1,3,9,1,0,1,0,0,0,0,2,6.84929E+20,5.55844E+21,1.15886E+16,5.01493E+16
99063,9.17121E+18,9,4,62,0,2017,12,16,1,3,4,2,0,1,0,0,0,2,2,6.85149E+20,5.53582E+21,1.15807E+16,4.9946E+16
99064,9.17121E+18,9,4,74,146,2017,12,14,1,3,8,1,0,1,0,0,0,0,2,6.48141E+20,5.50126E+21,1.10521E+16,4.96457E+16
99065,9.17121E+18,9,4,71,142,2017,12,16,1,3,9,1,0,1,0,0,0,1,2,6.57732E+20,5.52311E+21,1.11937E+16,4.98396E+16
99066,9.17121E+18,9,4,71,159,2017,12,14,1,3,4,1,0,1,0,0,0,0,2,6.40385E+20,5.53404E+21,1.09566E+16,4.99422E+16
99067,9.17121E+18,9,3,74,162,2017,12,17,1,2,4,6,0,1,0,0,0,2,1,7.38635E+20,5.50407E+21,1.23056E+16,4.96419E+16
99068,9.17121E+18,9,3,77,145,2017,12,21,1,3,3,1,0,1,0,0,0,2,2,7.30029E+20,5.53813E+21,1.22067E+16,4.99512E+16
99069,9.17121E+18,9,3,74,117,2017,12,14,1,3,9,1,0,1,0,0,0,0,2,7.06079E+20,5.51658E+21,1.18619E+16,4.97663E+16
99070,9.17121E+18,9,3,75,183,2017,12,18,1,3,5,2,0,1,0,0,0,2,2,7.45526E+20,5.42818E+21,1.23542E+16,4.89577E+16
99071,9.17121E+18,9,3,73,147,2017,12,15,1,2,5,3,0,1,0,0,0,0,2,6.76854E+20,5.46255E+21,1.14322E+16,4.92901E+16
99072,9.17121E+18,9,3,73,146,2017,12,6,1,3,8,1,0,1,0,0,0,2,0,6.78291E+20,5.44902E+21,1.14459E+16,4.91681E+16
99073,9.17121E+18,9,3,72,137,2017,12,17,1,3,8,1,0,1,0,0,0,2,2,7.79835E+20,5.4587E+21,1.2843E+16,4.92171E+16
99074,9.17121E+18,9,3,76,144,2017,12,17,1,2,4,6,0,1,0,0,0,2,2,7.33862E+20,5.48268E+21,1.22269E+16,4.94517E+16
99075,9.17121E+18,9,7,80,125,2017,12,7,4,2,5,3,0,1,0,0,1,1,1,5.99514E+20,5.29144E+21,1.03281E+16,4.77686E+16
99076,9.17121E+18,9,7,80,124,2017,12,7,4,3,0,6,0,1,0,0,1,1,2,5.93389E+20,5.26903E+21,1.02416E+16,4.7568E+16
99077,9.17121E+18,9,3,71,116,2017,12,22,1,3,8,1,0,1,0,0,0,2,2,6.92227E+20,5.4785E+21,1.16511E+16,4.94288E+16
99078,9.17121E+18,9,3,76,119,2017,12,16,1,3,4,1,0,1,0,0,0,1,2,7.21068E+20,5.45427E+21,1.20349E+16,4.92013E+16
99079,9.17121E+18,9,3,75,210,2017,12,16,1,3,8,1,0,1,0,0,0,1,1,7.53188E+20,5.43133E+21,1.24607E+16,4.8983E+16
99080,9.17121E+18,9,2,71,127,2017,12,13,1,3,3,6,0,1,0,0,0,0,0,8.07211E+20,5.40309E+21,1.3176E+16,4.8705E+16
99081,9.17121E+18,9,2,77,114,2017,12,15,1,2,8,1,0,1,0,0,0,0,2,7.87865E+20,5.37602E+21,1.2895E+16,4.84714E+16
99082,9.17121E+18,9,2,72,134,2017,12,17,1,3,8,1,0,1,0,0,0,2,2,8.35784E+20,5.426E+21,1.35819E+16,4.88958E+16
99083,9.17121E+18,9,2,77,133,2017,12,15,1,1,4,6,0,1,0,0,0,0,2,7.64781E+20,5.36586E+21,1.25769E+16,4.83903E+16
99084,9.17121E+18,9,7,77,144,2017,12,10,4,3,2,6,0,1,0,0,0,0,0,6.09447E+20,5.29361E+21,1.04612E+16,4.77865E+16
99085,9.17121E+18,9,2,61,0,2017,12,17,1,3,8,1,0,1,0,0,0,2,1,7.25743E+20,5.37808E+21,1.2057E+16,4.85152E+16
99086,9.17121E+18,9,2,74,126,2017,12,15,1,3,9,1,0,1,0,0,0,0,2,7.32706E+20,5.38477E+21,1.21549E+16,4.85728E+16
99087,9.17121E+18,9,7,77,151,2017,12,7,4,3,2,7,0,1,0,0,1,1,1,6.21816E+20,5.29455E+21,1.06265E+16,4.77927E+16
99088,9.17121E+18,9,2,74,126,2017,12,17,1,3,4,2,0,1,0,0,0,1,2,7.33066E+20,5.38282E+21,1.21586E+16,4.85551E+16
99089,9.17121E+18,9,1,90,141,2017,12,8,1,3,6,2,0,1,1,0,0,0,1,6.78093E+20,5.29145E+21,1.13761E+16,4.77518E+16
99090,9.17121E+18,9,1,80,123,2017,12,10,1,3,2,6,0,1,0,0,0,0,2,6.70402E+20,5.25325E+21,1.12588E+16,4.74104E+16