OBJECTID,UIDENTSTLA,ULAND,UREGBEZ,UKREIS,UGEMEINDE,UJAHR,UMONAT,USTUNDE,UWOCHENTAG,UKATEGORIE,UART,UTYP1,IstRad,IstPKW,IstFuss,IstKrad,IstSonstig,LICHT,STRZUSTAND,LINREFX,LINREFY,XGCSWGS84,YGCSWGS84
99604,9.17121E+18,9,1,62,0,2017,12,22,5,3,1,6,0,1,0,0,0,2,1,6.93562E+20,5.33954E+21,1.1604E+16,4.81796E+16
99605,9.17121E+18,9,7,75,135,2017,12,2,5,3,8,1,0,1,0,0,0,2,1,5.76157E+20,5.36159E+21,1.0029E+16,4.84028E+16
99606,9.17122E+18,9,7,72,200,2017,12,7,3,3,9,1,0,1,0,0,0,1,1,6.31816E+20,5.34143E+21,1.07744E+16,4.82124E+16
99607,9.17121E+18,9,7,75,135,2017,12,7,5,3,1,6,0,1,0,0,0,1,1,5.73608E+20,5.35908E+21,9.99411E+15,4.83806E+16
99608,9.17122E+18,9,1,74,115,2017,12,7,4,2,5,3,1,1,0,0,0,1,1,6.82083E+20,5.35046E+21,1.14544E+16,4.82811E+16
99609,9.17121E+18,9,7,78,168,2017,12,8,5,3,9,1,0,1,0,0,0,0,2,6.04988E+20,5.31266E+21,1.04063E+16,4.79587E+16
99610,9.17122E+18,9,1,73,112,2017,12,8,4,3,8,1,0,1,0,0,0,0,1,6.90693E+20,5.29229E+21,1.15445E+16,4.77558E+16
99611,9.17121E+18,9,7,78,120,2017,12,7,5,3,8,1,0,1,0,0,0,0,1,5.87755E+20,5.32511E+21,1.01781E+16,4.80732E+16
99612,9.17122E+18,9,2,75,127,2017,12,11,4,3,8,7,0,1,0,0,0,0,1,8.02953E+20,5.40061E+21,1.31165E+16,4.86849E+16
99613,9.17121E+18,9,7,78,184,2017,12,5,5,3,7,7,0,1,0,0,0,2,0,5.96034E+20,5.33072E+21,1.02905E+16,4.81225E+16
99614,9.17121E+18,9,7,74,150,2017,12,6,5,3,7,7,0,1,0,0,0,2,2,6.04124E+20,5.34232E+21,1.0402E+16,4.82256E+16
99615,9.17121E+18,9,7,74,150,2017,12,20,5,2,6,4,0,1,1,0,0,2,1,6.01703E+20,5.34462E+21,1.037E+16,4.82467E+16
99616,9.17121E+18,9,7,75,152,2017,12,6,5,3,5,3,0,1,0,0,0,2,1,5.78416E+20,5.35106E+21,1.00575E+16,4.83078E+16
99617,9.17121E+18,9,7,74,148,2017,12,9,5,3,2,6,0,1,0,0,0,0,1,5.96343E+20,5.36174E+21,1.03017E+16,4.84015E+16
99618,9.17121E+18,9,7,63,0,2017,12,18,5,3,4,2,0,1,0,0,0,2,1,5.98861E+20,5.28647E+21,1.03183E+16,4.77241E+16
99619,9.17121E+18,9,7,63,0,2017,12,22,5,3,5,3,0,1,0,0,0,2,2,5.99279E+20,5.2846E+21,1.03234E+16,4.77071E+16
99620,9.17121E+18,9,7,80,143,2017,12,9,5,3,2,6,0,1,0,0,0,0,1,5.97927E+20,5.28159E+21,1.03047E+16,4.76803E+16
99621,9.17121E+18,9,7,77,171,2017,12,17,5,3,5,3,0,1,0,0,0,2,1,6.26609E+20,5.28846E+21,1.06887E+16,4.77371E+16
99622,9.17121E+18,9,7,76,131,2017,12,15,5,2,5,3,0,1,0,0,0,0,1,5.66625E+20,5.27928E+21,9.8874E+15,4.76635E+16
99623,9.17121E+18,9,7,76,129,2017,12,7,5,2,2,1,0,1,0,0,0,0,2,5.70692E+20,5.27068E+21,9.94017E+15,4.75856E+16
99624,9.17121E+18,9,7,77,153,2017,12,19,5,3,4,1,0,1,0,0,0,2,2,6.13737E+20,5.2749E+21,1.05136E+16,4.76175E+16
99625,9.17121E+18,9,7,79,226,2017,12,8,5,3,4,7,0,1,0,0,1,0,1,6.18008E+20,5.41721E+21,1.06101E+16,4.88966E+16
99626,9.17121E+18,9,7,73,179,2017,12,9,5,2,5,3,0,1,0,0,1,0,0,6.17362E+20,5.37692E+21,1.05898E+16,4.85344E+16
99627,9.17121E+18,9,7,71,130,2017,12,8,5,3,2,6,0,1,0,0,0,0,1,6.4513E+20,5.36295E+21,1.09609E+16,4.8403E+16
99628,9.17122E+18,9,4,61,0,2017,12,15,3,3,3,2,1,0,0,0,1,0,0,6.36738E+20,5.53027E+21,1.09044E+16,4.99091E+16
99629,9.17121E+18,9,7,72,130,2017,12,7,5,3,2,6,0,1,0,0,0,0,0,6.32172E+20,5.3578E+21,1.07843E+16,4.83595E+16
99630,9.17121E+18,9,6,79,196,2017,12,19,5,2,5,2,0,1,0,0,0,2,1,5.53606E+20,5.51684E+21,9.74492E+15,4.98016E+16
99631,9.17122E+18,9,5,64,0,2017,12,12,3,3,0,7,0,0,0,0,1,0,0,6.55895E+20,5.48137E+21,1.11516E+16,4.9465E+16
99632,9.17121E+18,9,6,77,131,2017,12,16,5,3,2,6,0,1,0,0,1,2,1,5.48514E+20,5.54596E+21,9.67784E+15,5.0064E+16
99633,9.17122E+18,9,6,79,138,2017,12,17,3,3,2,6,0,1,0,0,0,1,1,5.68412E+20,5.50111E+21,9.94789E+15,4.96587E+16
99634,9.17121E+18,9,6,75,174,2017,12,17,5,2,6,4,0,1,1,0,0,2,0,5.88359E+20,5.52305E+21,1.02292E+16,4.98533E+16
99635,9.17122E+18,9,1,62,0,2017,12,1,3,3,0,1,1,0,0,0,0,2,0,6.89109E+20,5.33098E+21,1.15403E+16,4.8104E+16
99636,9.17121E+18,9,6,78,193,2017,12,21,5,2,9,1,0,1,0,0,1,2,1,5.79774E+20,5.53935E+21,1.01132E+16,5.00011E+16
99637,9.17122E+18,9,1,85,158,2017,12,9,4,3,5,3,0,1,0,0,1,0,1,6.68502E+20,5.38323E+21,1.12846E+16,4.85795E+16
99638,9.17121E+18,9,6,78,160,2017,12,18,5,3,6,6,0,1,1,0,0,2,1,5.84909E+20,5.54576E+21,1.01862E+16,5.0058E+16
99639,9.17121E+18,9,6,62,0,2017,12,16,5,3,1,2,0,1,0,0,0,1,1,5.88117E+20,5.54617E+21,1.02311E+16,5.00612E+16
99640,9.17121E+18,9,6,72,127,2017,12,13,5,3,5,2,0,1,0,0,0,0,1,5.60432E+20,5.55047E+21,9.84506E+15,5.01034E+16
99641,9.17121E+18,9,6,72,121,2017,12,7,5,3,8,1,0,1,0,0,0,2,1,5.69501E+20,5.54884E+21,9.97156E+15,5.00877E+16
99642,9.17122E+18,9,6,78,176,2017,12,7,4,3,5,3,1,1,0,0,0,2,1,5.89337E+20,5.53869E+21,1.02464E+16,4.99938E+16
99643,9.17121E+18,9,6,71,112,2017,12,7,5,3,5,2,0,1,0,0,0,1,1,5.18703E+20,5.53705E+21,9.26089E+15,4.99855E+16
99644,9.17121E+18,9,6,61,0,2017,12,17,5,3,2,6,0,1,0,0,0,2,1,5.07031E+20,5.53239E+21,9.09799E+15,4.99438E+16
99645,9.17121E+18,9,5,72,131,2017,12,15,5,3,2,6,0,1,0,0,0,0,0,6.52471E+20,5.48622E+21,1.11062E+16,4.95094E+16
99646,9.17121E+18,9,5,72,115,2017,12,9,5,3,2,6,0,1,0,0,1,0,1,6.47989E+20,5.50459E+21,1.10513E+16,4.96757E+16
99647,9.17121E+18,9,5,74,158,2017,12,10,5,3,8,1,0,1,0,0,0,0,2,6.7081E+20,5.49702E+21,1.1364E+16,4.96016E+16
99648,9.17121E+18,9,5,74,155,2017,12,9,5,3,9,1,0,1,0,0,0,0,2,6.71407E+20,5.49805E+21,1.13727E+16,4.96107E+16
99649,9.17123E+18,9,5,74,123,2017,12,12,4,2,2,6,0,1,0,0,0,0,0,6.59007E+20,5.47357E+21,1.11914E+16,4.9394E+16
99650,9.17123E+18,9,5,76,122,2017,12,15,4,3,2,6,0,1,0,0,0,1,1,6.66794E+20,5.44089E+21,1.1285E+16,4.90982E+16
99651,9.17123E+18,9,5,76,143,2017,12,13,4,1,8,1,0,1,0,0,0,0,0,6.52582E+20,5.45931E+21,1.10974E+16,4.92675E+16
99652,9.17123E+18,9,5,74,138,2017,12,6,4,3,3,6,0,1,0,0,0,2,0,6.66744E+20,5.48731E+21,1.13037E+16,4.95155E+16
99653,9.17123E+18,9,5,65,0,2017,12,12,4,3,2,6,0,1,0,0,0,0,0,6.48696E+20,5.46503E+21,1.10462E+16,4.93199E+16
99654,9.17123E+18,9,5,64,0,2017,12,13,4,3,0,6,0,1,0,0,1,0,0,6.52856E+20,5.47607E+21,1.11076E+16,4.94181E+16
99655,9.17123E+18,9,5,77,177,2017,12,18,4,3,1,6,0,1,0,0,0,2,1,6.47117E+20,5.43025E+21,1.10117E+16,4.90076E+16
99656,9.17123E+18,9,4,75,168,2017,12,4,4,3,9,7,0,1,0,0,0,2,2,7.07214E+20,5.56758E+21,1.19051E+16,5.02241E+16
99657,9.17123E+18,9,4,62,0,2017,12,13,4,3,5,3,0,1,0,0,0,0,0,6.84308E+20,5.53439E+21,1.15683E+16,4.99334E+16
99658,9.17123E+18,9,4,71,115,2017,12,4,4,3,8,1,0,1,0,0,0,2,2,6.34237E+20,5.54106E+21,1.08734E+16,5.00067E+16
99659,9.17123E+18,9,3,74,140,2017,12,0,4,3,8,7,0,1,0,0,0,2,1,7.04251E+20,5.52399E+21,1.18404E+16,4.98335E+16
99660,9.17123E+18,9,5,72,126,2017,12,10,6,2,2,6,0,0,0,0,1,0,0,6.33755E+20,5.50694E+21,1.08549E+16,4.97001E+16
99661,9.17123E+18,9,3,73,151,2017,12,19,4,2,5,3,0,1,0,0,0,2,1,6.98996E+20,5.45065E+21,1.17305E+16,4.91764E+16
99662,9.17123E+18,9,3,72,164,2017,12,22,4,2,9,7,0,1,0,0,0,2,0,7.66525E+20,5.45236E+21,1.26564E+16,4.91661E+16
99663,9.17123E+18,9,5,72,133,2017,12,14,6,2,2,6,0,1,0,0,0,0,0,6.38171E+20,5.50021E+21,1.09137E+16,4.96386E+16
99664,9.17123E+18,9,2,71,113,2017,12,14,4,2,5,3,0,1,0,0,0,0,1,8.00418E+20,5.41419E+21,1.3092E+16,4.8808E+16
99665,9.17123E+18,9,5,72,135,2017,12,12,6,3,2,6,0,1,0,0,0,0,0,6.31635E+20,5.50949E+21,1.08264E+16,4.97235E+16
99666,9.17123E+18,9,2,77,128,2017,12,9,4,3,4,2,0,1,0,0,0,0,1,7.95854E+20,5.35182E+21,1.29858E+16,4.82505E+16
99667,9.17123E+18,9,5,65,0,2017,12,14,6,3,8,7,0,1,0,0,0,0,0,6.46994E+20,5.46903E+21,1.10242E+16,4.93563E+16
99668,9.17123E+18,9,2,72,145,2017,12,9,4,3,9,1,0,1,0,0,0,0,1,8.08992E+20,5.4195E+21,1.32125E+16,4.88514E+16
99669,9.17123E+18,9,5,76,127,2017,12,13,6,3,0,6,0,1,0,0,0,0,0,6.58292E+20,5.44696E+21,1.1171E+16,4.9155E+16
99670,9.17123E+18,9,2,72,126,2017,12,11,4,3,0,7,0,1,0,0,1,0,1,8.35505E+20,5.41847E+21,1.3572E+16,4.88284E+16
99671,9.17123E+18,9,2,74,193,2017,12,8,4,3,8,1,0,1,0,0,0,0,0,7.47002E+20,5.36322E+21,1.23356E+16,4.83738E+16
99672,9.17123E+18,9,2,74,193,2017,12,7,4,3,9,1,0,1,0,0,0,2,2,7.43222E+20,5.36005E+21,1.22828E+16,4.83467E+16
99673,9.17123E+18,9,1,73,120,2017,12,23,4,3,9,1,0,1,0,0,0,2,2,6.90528E+20,5.31184E+21,1.15509E+16,4.79315E+16
99674,9.17123E+18,9,5,73,114,2017,12,20,6,3,9,6,0,1,0,0,0,2,2,6.33781E+20,5.48358E+21,1.08473E+16,4.94901E+16
99675,9.17123E+18,9,1,80,119,2017,12,3,4,3,0,1,0,0,0,1,0,2,0,6.72942E+20,5.28318E+21,1.13042E+16,4.76789E+16
99676,9.17123E+18,9,1,83,134,2017,12,9,4,2,9,1,0,1,0,0,0,0,2,7.62412E+20,5.33914E+21,1.25284E+16,4.81513E+16
99677,9.17123E+18,9,5,64,0,2017,12,12,6,3,2,6,0,1,0,0,0,0,0,6.48048E+20,5.48537E+21,1.10448E+16,4.95029E+16
99678,9.17123E+18,9,1,72,130,2017,12,14,4,3,5,3,0,1,0,0,0,0,0,7.94384E+20,5.30814E+21,1.2936E+16,4.78591E+16
99679,9.17123E+18,9,1,63,0,2017,12,13,4,3,2,6,0,1,0,0,0,0,0,7.30359E+20,5.30329E+21,1.20788E+16,4.78416E+16
99680,9.17123E+18,9,1,82,120,2017,12,23,4,3,4,1,0,1,0,0,0,2,2,7.00201E+20,5.30787E+21,1.16784E+16,4.78929E+16
99681,9.17123E+18,9,1,86,137,2017,12,17,4,3,4,2,0,1,0,0,1,2,0,6.82992E+20,5.39817E+21,1.14875E+16,4.87097E+16
99682,9.17123E+18,9,1,74,113,2017,12,22,4,3,8,1,0,1,0,0,0,2,1,6.70863E+20,5.34742E+21,1.1302E+16,4.82569E+16
99683,9.17123E+18,9,1,74,126,2017,12,15,4,3,2,6,0,1,0,0,0,0,0,6.8373E+20,5.3439E+21,1.14737E+16,4.82217E+16
99684,9.17123E+18,9,1,78,143,2017,12,18,4,3,5,2,0,1,0,0,0,2,0,7.18983E+20,5.37292E+21,1.19628E+16,4.84712E+16
99685,9.17123E+18,9,5,64,0,2017,12,22,6,3,2,6,0,1,0,0,0,2,2,6.49324E+20,5.46859E+21,1.10561E+16,4.93517E+16
99686,9.17123E+18,9,1,77,113,2017,12,6,4,3,8,1,0,1,0,0,0,2,0,7.19645E+20,5.3532E+21,1.19615E+16,4.82939E+16
99687,9.17123E+18,9,1,77,127,2017,12,23,4,3,9,1,0,1,0,0,0,2,2,7.25411E+20,5.35312E+21,1.20391E+16,4.82911E+16
99688,9.17123E+18,9,5,73,134,2017,12,20,6,3,4,1,0,1,0,0,0,2,2,6.38444E+20,5.48055E+21,1.09106E+16,4.94618E+16
99689,9.17123E+18,9,7,75,129,2017,12,16,3,3,2,6,0,1,0,0,0,1,0,5.82718E+20,5.34665E+21,1.01147E+16,4.82676E+16
99690,9.17123E+18,9,5,77,161,2017,12,18,6,3,2,6,0,0,0,1,1,2,0,6.47657E+20,5.44351E+21,1.10239E+16,4.91266E+16
99691,9.17123E+18,9,7,74,185,2017,12,11,3,3,8,1,0,1,0,0,0,0,0,6.09278E+20,5.35001E+21,1.04734E+16,4.82938E+16
99692,9.17123E+18,9,5,75,167,2017,12,22,6,3,4,1,0,1,0,0,0,2,2,6.24059E+20,5.50325E+21,1.07193E+16,4.9669E+16
99693,9.17123E+18,9,7,79,194,2017,12,22,3,3,5,6,0,1,0,0,0,2,1,6.13888E+20,5.41724E+21,1.05539E+16,4.88976E+16
99694,9.17123E+18,9,7,72,200,2017,12,11,3,3,9,1,0,1,0,0,0,0,2,6.33263E+20,5.34011E+21,1.07935E+16,4.82003E+16
99695,9.17123E+18,9,6,77,132,2017,12,16,3,3,5,3,0,1,0,0,0,2,1,5.55956E+20,5.54109E+21,9.7811E+15,5.00195E+16
99696,9.17123E+18,9,6,62,0,2017,12,15,3,3,8,1,0,1,0,0,0,0,1,5.88826E+20,5.54207E+21,1.02401E+16,5.00243E+16
99697,9.17123E+18,9,6,76,134,2017,12,19,3,3,1,5,0,1,0,0,0,2,0,5.12873E+20,5.51504E+21,9.17884E+15,4.97877E+16
99698,9.17123E+18,9,6,71,155,2017,12,10,3,3,6,4,0,1,1,0,0,0,1,5.04616E+20,5.53633E+21,9.06437E+15,4.99793E+16
99699,9.17123E+18,9,6,71,139,2017,12,13,3,3,8,1,0,1,0,0,0,0,1,5.2356E+20,5.53906E+21,9.32877E+15,5.00034E+16
99700,9.17123E+18,9,5,74,123,2017,12,12,3,3,2,6,0,1,0,0,0,0,0,6.58852E+20,5.47352E+21,1.11892E+16,4.93936E+16
99701,9.17123E+18,9,5,64,0,2017,12,12,3,3,2,6,0,1,0,0,0,0,0,6.5993E+20,5.47663E+21,1.12053E+16,4.94213E+16
99702,9.17123E+18,9,5,76,148,2017,12,12,3,3,2,6,0,1,0,0,0,0,0,6.66505E+20,5.44195E+21,1.12815E+16,4.91079E+16
99703,9.17123E+18,9,5,64,0,2017,12,18,3,3,2,6,0,1,0,0,0,2,0,6.47791E+20,5.47651E+21,1.1038E+16,4.94233E+16
99704,9.17123E+18,9,2,73,141,2017,12,16,7,2,9,1,0,1,0,0,0,1,0,7.20398E+20,5.4115E+21,1.20025E+16,4.88174E+16
99705,9.17123E+18,9,5,77,125,2017,12,4,3,3,9,1,0,1,0,0,0,2,2,6.40306E+20,5.43641E+21,1.09208E+16,4.90646E+16
99706,9.17123E+18,9,5,71,196,2017,12,8,3,2,9,1,0,1,0,0,0,0,2,6.20765E+20,5.46361E+21,1.06616E+16,4.93132E+16
99707,9.17123E+18,9,4,79,126,2017,12,11,6,3,3,1,0,1,0,0,0,0,0,7.22058E+20,5.55259E+21,1.21041E+16,5.0084E+16
99708,9.17123E+18,9,4,75,161,2017,12,9,3,3,8,1,0,1,0,0,0,0,1,7.16065E+20,5.57289E+21,1.2032E+16,5.02685E+16
99709,9.17123E+18,9,4,75,156,2017,12,19,3,3,2,7,0,1,0,0,0,2,1,6.88989E+20,5.57611E+21,1.16541E+16,5.03068E+16
99710,9.17123E+18,9,4,73,121,2017,12,0,6,3,9,1,0,1,0,0,0,2,1,6.46228E+20,5.56542E+21,1.10499E+16,5.02228E+16
99711,9.17123E+18,9,4,73,166,2017,12,11,3,3,4,6,0,1,0,0,0,0,0,6.55501E+20,5.57036E+21,1.11819E+16,5.02649E+16
99712,9.17123E+18,9,4,77,128,2017,12,15,6,3,6,4,0,1,1,0,0,0,0,6.74902E+20,5.55269E+21,1.14457E+16,5.01007E+16
99713,9.17123E+18,9,3,77,142,2017,12,17,3,3,8,1,0,1,0,0,0,2,2,7.43537E+20,5.54038E+21,1.23961E+16,4.9966E+16
99714,9.17123E+18,9,4,71,208,2017,12,8,6,3,8,6,0,1,0,0,1,0,1,6.27913E+20,5.52578E+21,1.07801E+16,4.98708E+16
99715,9.17123E+18,9,2,78,146,2017,12,14,3,3,5,3,0,1,0,1,0,0,0,7.58133E+20,5.40817E+21,1.25135E+16,4.87729E+16
99716,9.17123E+18,9,3,72,125,2017,12,9,6,2,0,2,0,1,0,0,0,0,0,7.55307E+20,5.44501E+21,1.24982E+16,4.91049E+16
99717,9.17123E+18,9,2,78,143,2017,12,16,3,3,9,7,0,1,0,0,0,1,1,7.71324E+20,5.44081E+21,1.27144E+16,4.90603E+16
99718,9.17123E+18,9,2,77,116,2017,12,5,3,3,0,7,0,1,0,0,0,2,1,7.78912E+20,5.3669E+21,1.27681E+16,4.83935E+16
99719,9.17123E+18,9,2,73,152,2017,12,16,3,2,4,6,0,1,0,1,0,2,0,7.04851E+20,5.4098E+21,1.17901E+16,4.88074E+16
99720,9.17123E+18,9,1,73,133,2017,12,13,3,3,5,3,0,1,0,0,0,0,0,6.7424E+20,5.27355E+21,1.13176E+16,4.75919E+16
99721,9.17123E+18,9,1,72,128,2017,12,1,3,2,2,6,0,1,0,0,0,2,1,7.93724E+20,5.29784E+21,1.29202E+16,4.77669E+16
99722,9.17123E+18,9,1,87,142,2017,12,14,3,3,3,2,1,1,0,0,0,0,1,7.31172E+20,5.30981E+21,1.20932E+16,4.78999E+16
99723,9.17123E+18,9,3,73,147,2017,12,21,6,3,8,1,0,1,0,0,0,2,2,6.85956E+20,5.46203E+21,1.1557E+16,4.92827E+16
99724,9.17123E+18,9,1,82,116,2017,12,15,3,3,2,6,0,1,0,0,0,0,0,7.05214E+20,5.29083E+21,1.17373E+16,4.77382E+16
99725,9.17123E+18,9,1,76,139,2017,12,23,3,3,2,6,1,0,0,0,1,2,0,6.83642E+20,5.4097E+21,1.15015E+16,4.88132E+16
99726,9.17123E+18,9,3,76,163,2017,12,21,6,3,2,6,0,1,0,1,0,2,0,7.33698E+20,5.47281E+21,1.22188E+16,4.93632E+16
99727,9.17123E+18,9,1,86,137,2017,12,18,3,3,2,6,0,1,0,0,0,2,0,6.79755E+20,5.39844E+21,1.14437E+16,4.87131E+16
99728,9.17123E+18,9,1,76,120,2017,12,14,3,3,6,7,1,0,1,0,0,0,0,6.8005E+20,5.41825E+21,1.14564E+16,4.8891E+16
99729,9.17123E+18,9,3,76,119,2017,12,18,6,3,2,1,0,1,0,0,0,2,1,7.22043E+20,5.45453E+21,1.20484E+16,4.92033E+16
99730,9.17123E+18,9,1,62,0,2017,12,14,3,3,2,6,0,1,0,0,0,0,0,6.86538E+20,5.33329E+21,1.15068E+16,4.81256E+16
99731,9.17123E+18,9,2,63,0,2017,12,14,6,3,5,3,0,1,0,0,0,0,0,7.59177E+20,5.41885E+21,1.25344E+16,4.88684E+16
99732,9.17123E+18,9,1,79,147,2017,12,16,3,2,9,7,0,1,0,0,0,0,0,6.63889E+20,5.33476E+21,1.12033E+16,4.8145E+16
99733,9.17123E+18,9,2,75,154,2017,12,12,6,3,2,2,0,1,0,0,0,0,0,8.08516E+20,5.39446E+21,1.31873E+16,4.8627E+16
99734,9.17123E+18,9,1,84,119,2017,12,11,3,3,2,6,0,1,0,0,0,0,0,6.96373E+20,5.3479E+21,1.16456E+16,4.82539E+16
99735,9.17123E+18,9,1,78,122,2017,12,19,3,2,8,1,0,1,0,0,0,2,1,7.09198E+20,5.38452E+21,1.18365E+16,4.85788E+16
99736,9.17123E+18,9,1,78,136,2017,12,10,3,3,5,3,0,1,0,0,0,0,0,6.97405E+20,5.37391E+21,1.16717E+16,4.84872E+16
99737,9.17123E+18,9,1,77,135,2017,12,13,3,3,4,6,0,1,0,0,0,0,0,7.20279E+20,5.34384E+21,1.19652E+16,4.82095E+16
99738,9.17123E+18,9,1,75,119,2017,12,3,3,3,8,1,0,1,0,0,0,2,0,7.2717E+20,5.32517E+21,1.20478E+16,4.80394E+16
99739,9.17123E+18,9,1,77,137,2017,12,12,3,3,9,1,0,1,0,0,0,0,2,7.35968E+20,5.34435E+21,1.21763E+16,4.82085E+16
99740,9.17123E+18,9,1,62,0,2017,12,17,2,3,5,2,0,1,0,0,0,1,0,6.97503E+20,5.33359E+21,1.16542E+16,4.81249E+16
99741,9.17123E+18,9,1,84,114,2017,12,15,2,3,2,6,0,1,0,0,0,0,0,7.00513E+20,5.31744E+21,1.1687E+16,4.79788E+16
99742,9.17123E+18,9,1,62,0,2017,12,17,2,3,5,3,0,1,0,0,0,2,0,6.93353E+20,5.33744E+21,1.16002E+16,4.81608E+16
99743,9.17123E+18,9,1,84,114,2017,12,16,2,3,9,1,0,1,0,0,0,0,2,7.00617E+20,5.31929E+21,1.16893E+16,4.79954E+16
99744,9.17123E+18,9,7,74,144,2017,12,12,2,2,0,1,0,0,0,1,0,0,0,6.06565E+20,5.36048E+21,1.04394E+16,4.83885E+16
99745,9.17123E+18,9,6,71,122,2017,12,15,2,3,8,1,0,1,0,0,0,0,0,5.03107E+20,5.53144E+21,9.0433E+15,4.99353E+16
99746,9.17123E+18,9,7,78,204,2017,12,13,6,3,9,1,0,1,0,0,0,0,2,6.14962E+20,5.32577E+21,1.05434E+16,4.80749E+16
99747,9.17123E+18,9,1,85,150,2017,12,16,7,3,5,3,0,1,0,0,0,1,1,6.54772E+20,5.3978E+21,1.11041E+16,4.8714E+16
99748,9.17123E+18,9,5,73,125,2017,12,14,2,2,4,2,0,1,0,0,0,0,0,6.40527E+20,5.47162E+21,1.09361E+16,4.9381E+16
99749,9.17123E+18,9,2,62,0,2017,12,11,6,3,4,2,0,1,0,0,0,0,1,8.28169E+20,5.39002E+21,1.34497E+16,4.85772E+16
99750,9.17123E+18,9,2,75,116,2017,12,13,6,3,2,6,0,1,0,0,0,0,0,8.20668E+20,5.36141E+21,1.33264E+16,4.83244E+16
99751,9.17123E+18,9,4,72,118,2017,12,16,2,2,9,1,0,1,0,0,0,0,0,6.7886E+20,5.51047E+21,1.14815E+16,4.97202E+16
99752,9.17123E+18,9,4,78,139,2017,12,17,2,3,2,6,0,1,0,0,0,2,0,6.43839E+20,5.56019E+21,1.10145E+16,5.01765E+16
99753,9.17123E+18,9,2,74,184,2017,12,20,6,3,8,1,0,1,0,0,0,2,2,7.46832E+20,5.37102E+21,1.23379E+16,4.84439E+16
99754,9.17123E+18,9,3,74,162,2017,12,10,2,3,2,6,0,1,0,0,0,0,1,7.36467E+20,5.5064E+21,1.2277E+16,4.96637E+16
99755,9.17123E+18,9,3,75,117,2017,12,23,2,3,9,1,0,1,0,0,0,2,0,7.39466E+20,5.43194E+21,1.22738E+16,4.89939E+16
99756,9.17123E+18,9,2,74,145,2017,12,14,6,3,9,1,0,1,0,0,0,0,2,7.47341E+20,5.37654E+21,1.2348E+16,4.84933E+16
99757,9.17123E+18,9,3,75,117,2017,12,6,2,2,8,1,0,1,0,0,0,2,0,7.37154E+20,5.43165E+21,1.22421E+16,4.89921E+16
99758,9.17123E+18,9,2,61,0,2017,12,19,6,3,2,6,0,1,0,0,0,2,0,7.33003E+20,5.3821E+21,1.21574E+16,4.85487E+16
99759,9.17123E+18,9,3,76,161,2017,12,14,2,2,8,1,0,1,0,0,0,0,0,7.24858E+20,5.47185E+21,1.20967E+16,4.93578E+16
99760,9.17123E+18,9,2,79,132,2017,12,9,6,3,9,1,0,1,0,0,0,0,1,7.65182E+20,5.39938E+21,1.26036E+16,4.86911E+16
99761,9.17123E+18,9,3,76,161,2017,12,14,2,3,5,3,0,1,0,0,0,0,0,7.25604E+20,5.46899E+21,1.21054E+16,4.93319E+16
99762,9.17123E+18,9,3,76,162,2017,12,22,2,2,6,7,0,1,1,0,0,2,0,7.34092E+20,5.47842E+21,1.22275E+16,4.94134E+16
99763,9.17123E+18,9,2,73,163,2017,12,19,2,3,9,1,0,1,0,0,0,2,1,7.03042E+20,5.39656E+21,1.1759E+16,4.8689E+16
99764,9.17123E+18,9,1,90,141,2017,12,19,2,3,5,3,0,1,0,0,0,2,0,6.78099E+20,5.29145E+21,1.13762E+16,4.77518E+16
99765,9.17123E+18,9,1,82,123,2017,12,14,2,2,4,1,0,1,0,0,0,0,1,7.14407E+20,5.2988E+21,1.18637E+16,4.78068E+16
99766,9.17123E+18,9,2,73,137,2017,12,13,6,3,2,6,0,1,0,0,0,0,1,7.10208E+20,5.42234E+21,1.18694E+16,4.89183E+16
99767,9.17123E+18,9,1,82,131,2017,12,6,2,2,9,6,0,1,0,0,0,1,0,7.17719E+20,5.28752E+21,1.19022E+16,4.77044E+16
99768,9.17123E+18,9,1,82,133,2017,12,20,2,3,9,1,0,1,0,0,0,2,2,7.08329E+20,5.31189E+21,1.17889E+16,4.79264E+16
99769,9.17123E+18,9,1,72,112,2017,12,11,6,3,2,6,0,1,0,0,0,0,1,7.89786E+20,5.30006E+21,1.28693E+16,4.77886E+16
99770,9.17123E+18,9,1,87,150,2017,12,15,2,3,4,2,0,1,0,0,0,0,0,7.3032E+20,5.30341E+21,1.20784E+16,4.78427E+16
99771,9.17123E+18,9,1,86,147,2017,12,15,2,2,9,7,0,1,0,0,0,0,0,6.85123E+20,5.39195E+21,1.15137E+16,4.86532E+16
99772,9.17123E+18,9,1,85,149,2017,12,22,2,2,4,3,0,1,0,0,0,2,0,6.59637E+20,5.39854E+21,1.11704E+16,4.87194E+16
99773,9.17123E+18,9,1,76,138,2017,12,11,2,3,8,1,0,1,0,0,0,0,0,6.77698E+20,5.41741E+21,1.1424E+16,4.88841E+16
99774,9.17123E+18,9,1,61,0,2017,12,12,2,3,5,3,0,1,0,0,1,0,0,6.79364E+20,5.40432E+21,1.14409E+16,4.8766E+16