OBJECTID,UIDENTSTLA,ULAND,UREGBEZ,UKREIS,UGEMEINDE,UJAHR,UMONAT,USTUNDE,UWOCHENTAG,UKATEGORIE,UART,UTYP1,IstRad,IstPKW,IstFuss,IstKrad,IstSonstig,LICHT,STRZUSTAND,LINREFX,LINREFY,XGCSWGS84,YGCSWGS84
99775,9.17123E+18,9,1,81,130,2017,12,18,2,3,9,1,0,1,0,0,0,2,2,6.41653E+20,5.32079E+21,1.08999E+16,4.80247E+16
99776,9.17123E+18,9,1,81,133,2017,12,16,2,3,8,1,0,1,0,0,0,1,2,6.43546E+20,5.31201E+21,1.09223E+16,4.79453E+16
99777,9.17123E+18,9,1,74,121,2017,12,12,2,3,8,1,0,1,0,0,0,0,0,6.88203E+20,5.35656E+21,1.15395E+16,4.83342E+16
99778,9.17123E+18,9,1,77,133,2017,12,10,2,3,7,1,0,1,0,0,0,0,0,7.09818E+20,5.35997E+21,1.18325E+16,4.8358E+16
99779,9.17123E+18,9,1,84,120,2017,12,12,6,3,2,6,0,1,0,0,0,0,1,6.81367E+20,5.33211E+21,1.14369E+16,4.81164E+16
99780,9.17122E+18,9,7,78,219,2017,12,15,1,2,2,6,0,1,0,0,0,0,0,5.9164E+20,5.30786E+21,1.02266E+16,4.79175E+16
99781,9.17122E+18,9,7,78,173,2017,12,19,1,2,5,3,1,1,0,0,0,2,0,6.1115E+20,5.3225E+21,1.04914E+16,4.80461E+16
99782,9.17123E+18,9,1,89,155,2017,12,11,6,3,5,3,0,1,0,0,0,0,2,7.69891E+20,5.30906E+21,1.26098E+16,4.78781E+16
99783,9.17122E+18,9,7,61,0,2017,12,15,1,2,4,2,0,1,0,0,0,0,0,6.41212E+20,5.36095E+21,1.09073E+16,4.83859E+16
99784,9.17122E+18,9,6,71,155,2017,12,18,1,3,8,1,0,1,0,0,0,2,0,5.0213E+20,5.53734E+21,9.02972E+15,4.99884E+16
99785,9.17123E+18,9,1,89,162,2017,12,14,6,3,8,1,0,1,0,0,0,0,1,7.73228E+20,5.31788E+21,1.26599E+16,4.79558E+16
99786,9.17122E+18,9,5,76,143,2017,12,12,1,3,2,6,0,1,0,0,0,0,0,6.50824E+20,5.45639E+21,1.10722E+16,4.92417E+16
99787,9.17123E+18,9,1,71,113,2017,12,15,6,3,5,3,0,1,0,0,0,0,0,7.73782E+20,5.33862E+21,1.26806E+16,4.81419E+16
99788,9.17122E+18,9,5,74,157,2017,12,14,1,3,4,6,0,1,0,0,0,0,0,6.63567E+20,5.46993E+21,1.12526E+16,4.93601E+16
99789,9.17123E+18,9,1,71,113,2017,12,10,6,3,5,3,0,1,0,0,0,0,1,7.79537E+20,5.33991E+21,1.27586E+16,4.8151E+16
99790,9.17122E+18,9,5,64,0,2017,12,2,1,3,0,1,1,0,0,0,0,2,0,6.51062E+20,5.48173E+21,1.1085E+16,4.94694E+16
99791,9.17122E+18,9,5,71,136,2017,12,11,1,3,5,3,0,1,0,0,0,0,0,5.95058E+20,5.43673E+21,1.03016E+16,4.90761E+16
99792,9.17122E+18,9,4,61,0,2017,12,0,1,3,4,2,0,1,0,0,0,2,0,6.37378E+20,5.53065E+21,1.09135E+16,4.99124E+16
99793,9.17122E+18,9,3,74,133,2017,12,17,1,3,2,1,0,1,0,0,0,2,0,7.26441E+20,5.49728E+21,1.2133E+16,4.95857E+16
99794,9.17122E+18,9,3,76,161,2017,12,8,1,3,9,1,0,1,0,0,0,0,1,7.31707E+20,5.47205E+21,1.2191E+16,4.93571E+16
99795,9.17123E+18,9,1,87,177,2017,12,13,6,3,5,2,0,1,0,0,0,0,0,7.36126E+20,5.30422E+21,1.21563E+16,4.78479E+16
99796,9.17122E+18,9,2,73,166,2017,12,2,1,3,8,7,0,1,0,0,0,2,0,7.15279E+20,5.41891E+21,1.19367E+16,4.88857E+16
99797,9.17122E+18,9,1,90,148,2017,12,14,1,2,4,1,0,1,0,0,0,0,2,6.43537E+20,5.29721E+21,1.09173E+16,4.78122E+16
99798,9.17123E+18,9,1,87,117,2017,12,15,6,3,8,1,0,1,0,0,0,0,0,7.26473E+20,5.30795E+21,1.20294E+16,4.78849E+16
99799,9.17122E+18,9,1,82,124,2017,12,7,1,2,0,1,1,0,0,0,0,0,2,7.06065E+20,5.28553E+21,1.17461E+16,4.76902E+16
99800,9.17123E+18,9,1,76,131,2017,12,20,6,3,2,6,0,1,0,0,1,2,2,6.81376E+20,5.41072E+21,1.14711E+16,4.88229E+16
99801,9.17122E+18,9,1,61,0,2017,12,18,1,3,1,5,0,1,0,0,0,2,0,6.77356E+20,5.40165E+21,1.14125E+16,4.87426E+16
99802,9.17122E+18,9,1,79,142,2017,12,14,1,3,4,6,0,1,0,0,0,0,0,6.70997E+20,5.34133E+21,1.13014E+16,4.82022E+16
99803,9.17123E+18,9,1,85,158,2017,12,17,6,2,2,6,0,1,0,1,0,2,1,6.68643E+20,5.3803E+21,1.12854E+16,4.85531E+16
99804,9.17122E+18,9,1,62,0,2017,12,13,7,3,3,7,0,1,0,0,1,0,0,6.94632E+20,5.33417E+21,1.16159E+16,4.8131E+16
99805,9.17122E+18,9,1,62,0,2017,12,16,7,3,5,3,0,1,0,0,0,0,0,6.87539E+20,5.3316E+21,1.15195E+16,4.81101E+16
99806,9.17122E+18,9,7,75,139,2017,12,20,7,3,6,4,0,1,1,0,0,2,0,5.78888E+20,5.36608E+21,1.00667E+16,4.84429E+16
99807,9.17122E+18,9,7,75,129,2017,12,11,7,2,0,2,1,1,0,0,0,0,0,5.81924E+20,5.34176E+21,1.0103E+16,4.82238E+16
99808,9.17122E+18,9,7,76,116,2017,12,7,7,1,4,1,0,1,0,0,0,2,1,5.50144E+20,5.27015E+21,9.66686E+15,4.75828E+16
99809,9.17123E+18,9,1,61,0,2017,12,11,6,3,0,3,1,1,0,0,0,0,1,6.79195E+20,5.40421E+21,1.14386E+16,4.87651E+16
99810,9.17122E+18,9,7,72,111,2017,12,1,7,3,2,6,0,1,0,0,0,2,1,6.2722E+20,5.36409E+21,1.07194E+16,4.84171E+16
99811,9.17122E+18,9,7,72,217,2017,12,14,7,2,8,6,0,1,0,0,0,0,0,6.36242E+20,5.3816E+21,1.0847E+16,4.85727E+16
99812,9.17122E+18,9,7,72,163,2017,12,11,7,3,9,6,1,0,0,0,1,0,1,6.39653E+20,5.34609E+21,1.08814E+16,4.82527E+16
99813,9.17122E+18,9,6,79,201,2017,12,11,7,3,9,1,0,1,0,0,0,0,1,5.7728E+20,5.52267E+21,1.0075E+16,4.98515E+16
99814,9.17122E+18,9,6,77,125,2017,12,5,7,3,8,1,0,1,0,0,0,2,1,5.46249E+20,5.51779E+21,9.64281E+15,4.98108E+16
99815,9.17122E+18,9,6,73,171,2017,12,13,7,2,8,1,0,1,0,0,0,0,1,5.89596E+20,5.57042E+21,1.02575E+16,5.02791E+16
99816,9.17122E+18,9,6,78,192,2017,12,14,7,3,8,1,0,1,0,0,0,0,1,5.75143E+20,5.548E+21,1.00502E+16,5.00795E+16
99817,9.17123E+18,9,6,63,0,2017,12,12,6,3,1,6,0,1,0,0,0,0,0,5.68041E+20,5.51267E+21,9.94476E+15,4.97626E+16
99818,9.17123E+18,9,7,75,135,2017,12,9,6,3,4,6,0,1,0,0,1,0,0,5.79689E+20,5.35965E+21,1.00763E+16,4.8385E+16
99819,9.17123E+18,9,1,87,145,2017,12,14,7,3,9,1,0,1,0,0,0,0,2,7.46908E+20,5.31449E+21,1.23061E+16,4.79361E+16
99820,9.17122E+18,9,6,78,168,2017,12,11,7,3,4,2,0,1,0,0,0,0,1,5.84822E+20,5.54942E+21,1.01858E+16,5.0091E+16
99821,9.17123E+18,9,1,76,120,2017,12,21,6,3,8,1,0,1,0,0,0,2,2,6.80081E+20,5.42294E+21,1.14589E+16,4.89332E+16
99822,9.17123E+18,9,1,76,137,2017,12,14,6,3,2,6,0,1,0,0,0,0,0,6.72785E+20,5.4285E+21,1.13617E+16,4.89852E+16
99823,9.17122E+18,9,6,71,122,2017,12,14,7,3,4,1,0,1,0,0,0,0,1,5.06456E+20,5.53162E+21,9.08997E+15,4.99369E+16
99824,9.17123E+18,9,1,81,130,2017,12,17,6,3,4,2,0,1,0,0,0,2,1,6.42257E+20,5.32457E+21,1.09092E+16,4.80585E+16
99825,9.17122E+18,9,5,76,151,2017,12,11,7,3,2,6,0,1,0,0,1,0,0,6.56151E+20,5.4727E+21,1.11517E+16,4.93869E+16
99826,9.17122E+18,9,5,76,122,2017,12,11,7,3,2,6,0,1,0,0,0,0,0,6.72451E+20,5.43412E+21,1.13595E+16,4.90358E+16
99827,9.17123E+18,9,1,79,123,2017,12,5,6,3,0,1,0,1,0,0,0,2,2,6.76731E+20,5.33374E+21,1.13753E+16,4.81324E+16
99828,9.17122E+18,9,5,76,122,2017,12,9,7,3,9,6,0,1,0,0,0,0,1,6.71755E+20,5.43477E+21,1.13503E+16,4.90419E+16
99829,9.17122E+18,9,5,64,0,2017,12,16,7,3,2,6,0,1,0,0,0,2,1,6.49235E+20,5.4814E+21,1.10597E+16,4.94669E+16
99830,9.17123E+18,9,1,78,124,2017,12,0,6,3,8,1,0,1,0,0,0,2,2,7.03738E+20,5.36462E+21,1.17528E+16,4.84018E+16
99831,9.17122E+18,9,5,64,0,2017,12,18,7,3,6,4,0,0,1,0,1,2,1,6.47684E+20,5.47608E+21,1.10363E+16,4.94195E+16
99832,9.17123E+18,9,1,75,119,2017,12,9,6,2,9,1,0,1,0,0,0,0,1,7.255E+20,5.32437E+21,1.2025E+16,4.80328E+16
99833,9.17122E+18,9,4,75,128,2017,12,20,7,3,8,1,0,1,0,0,0,2,1,6.84113E+20,5.57993E+21,1.15876E+16,5.03426E+16
99834,9.17123E+18,9,1,84,141,2017,12,7,5,3,0,1,0,0,0,0,1,1,2,6.98212E+20,5.31233E+21,1.16538E+16,4.79336E+16
99835,9.17122E+18,9,4,73,151,2017,12,17,7,3,7,7,0,1,0,0,0,2,1,6.51729E+20,5.57521E+21,1.11309E+16,5.03095E+16
99836,9.17123E+18,9,7,74,144,2017,12,11,5,3,8,1,0,1,0,0,0,0,1,6.12715E+20,5.36245E+21,1.0523E+16,4.84051E+16
99837,9.17122E+18,9,4,78,139,2017,12,9,7,3,0,6,0,0,0,1,1,0,1,6.47789E+20,5.55832E+21,1.10691E+16,5.01586E+16
99838,9.17122E+18,9,4,76,178,2017,12,17,7,3,4,6,0,1,0,0,0,2,0,6.62387E+20,5.57637E+21,1.1281E+16,5.0317E+16
99839,9.17123E+18,9,7,74,144,2017,12,11,5,3,2,6,0,1,0,0,0,0,1,6.12708E+20,5.36244E+21,1.05229E+16,4.8405E+16
99840,9.17122E+18,9,4,62,0,2017,12,15,7,3,5,2,0,1,0,0,0,0,1,6.82491E+20,5.53456E+21,1.15431E+16,4.99355E+16
99841,9.17123E+18,9,7,75,135,2017,12,20,5,3,5,3,0,1,0,0,0,2,2,5.75522E+20,5.35964E+21,1.002E+16,4.83854E+16
99842,9.17122E+18,9,4,62,0,2017,12,15,7,3,4,2,0,1,0,1,0,0,0,6.8448E+20,5.5353E+21,1.15712E+16,4.99416E+16
99843,9.17123E+18,9,7,78,157,2017,12,9,5,3,5,3,0,1,0,0,0,0,1,5.97222E+20,5.33373E+21,1.03071E+16,4.81494E+16
99844,9.17122E+18,9,4,74,123,2017,12,4,7,3,0,1,0,1,0,0,0,2,1,6.48136E+20,5.51391E+21,1.10568E+16,4.97594E+16
99845,9.17123E+18,9,7,74,135,2017,12,10,5,3,5,3,0,1,0,0,0,0,1,5.95325E+20,5.36591E+21,1.02889E+16,4.84391E+16
99846,9.17122E+18,9,4,74,129,2017,12,0,7,3,8,1,0,1,0,0,0,2,1,6.68409E+20,5.51248E+21,1.13375E+16,4.97412E+16
99847,9.17122E+18,9,4,71,142,2017,12,10,7,2,5,2,0,1,0,0,0,0,1,6.50617E+20,5.52673E+21,1.10962E+16,4.9874E+16
99848,9.17122E+18,9,2,71,140,2017,12,18,7,3,2,6,0,1,0,0,0,2,0,7.82399E+20,5.41934E+21,1.28508E+16,4.88626E+16
99849,9.17122E+18,9,2,71,119,2017,12,16,7,3,2,6,0,1,0,0,0,2,0,7.859E+20,5.41714E+21,1.28968E+16,4.88413E+16
99850,9.17122E+18,9,2,75,154,2017,12,15,7,3,2,2,0,1,0,0,0,0,1,8.08573E+20,5.39464E+21,1.31882E+16,4.86286E+16
99851,9.17123E+18,9,7,80,143,2017,12,16,5,3,9,1,0,1,0,0,0,1,2,5.96856E+20,5.28234E+21,1.02906E+16,4.76872E+16
99852,9.17122E+18,9,2,75,145,2017,12,17,7,3,4,1,0,1,0,0,0,2,1,8.21724E+20,5.37476E+21,1.33508E+16,4.84436E+16
99853,9.17122E+18,9,1,73,118,2017,12,15,7,2,4,6,0,1,0,0,0,0,1,6.90005E+20,5.29983E+21,1.15386E+16,4.78238E+16
99854,9.17123E+18,9,7,80,113,2017,12,20,5,2,6,6,0,1,1,0,0,2,2,5.82649E+20,5.25741E+21,1.00967E+16,4.74649E+16
99855,9.17122E+18,9,1,89,152,2017,12,12,7,2,4,6,0,1,0,0,0,0,0,7.75775E+20,5.33362E+21,1.27041E+16,4.80961E+16
99856,9.17122E+18,9,1,82,137,2017,12,10,7,3,2,6,0,1,0,0,0,0,0,7.12807E+20,5.30482E+21,1.18453E+16,4.78614E+16
99857,9.17123E+18,9,7,77,175,2017,12,7,5,3,4,1,0,1,0,0,0,2,2,6.11373E+20,5.29237E+21,1.04866E+16,4.77751E+16
99858,9.17122E+18,9,1,61,0,2017,12,14,7,3,4,2,0,1,0,0,0,0,1,6.79661E+20,5.40327E+21,1.14445E+16,4.87565E+16
99859,9.17123E+18,9,5,72,126,2017,12,16,6,3,2,6,0,1,0,0,0,2,0,6.33902E+20,5.50654E+21,1.08568E+16,4.96965E+16
99860,9.17122E+18,9,1,61,0,2017,12,18,7,3,5,2,0,1,0,0,0,2,0,6.7457E+20,5.40567E+21,1.13763E+16,4.87795E+16
99861,9.17122E+18,9,1,81,130,2017,12,18,7,3,5,2,0,1,0,0,0,2,1,6.42254E+20,5.32457E+21,1.09092E+16,4.80585E+16
99862,9.17123E+18,9,7,80,134,2017,12,11,6,3,2,6,0,1,0,0,0,0,1,5.95389E+20,5.25947E+21,1.02661E+16,4.74817E+16
99863,9.17123E+18,9,1,62,0,2017,12,18,6,3,6,4,0,1,1,0,0,2,0,6.94603E+20,5.33615E+21,1.16164E+16,4.81488E+16
99864,9.17123E+18,9,7,80,122,2017,12,15,5,3,4,1,0,1,0,0,0,0,2,6.01646E+20,5.29353E+21,1.03571E+16,4.77871E+16
99865,9.17123E+18,9,1,62,0,2017,12,17,6,3,5,3,0,1,0,0,0,2,1,6.92157E+20,5.33956E+21,1.15851E+16,4.81802E+16
99866,9.17122E+18,9,1,81,146,2017,12,17,7,3,5,3,1,1,0,0,0,2,0,6.51811E+20,5.32655E+21,1.10381E+16,4.80741E+16
99867,9.17123E+18,9,7,62,0,2017,12,20,5,3,4,6,0,1,0,0,0,2,2,6.22153E+20,5.30753E+21,1.06347E+16,4.79095E+16
99868,9.17122E+18,9,1,74,126,2017,12,12,7,3,1,1,0,1,0,0,0,0,0,6.83693E+20,5.34394E+21,1.14732E+16,4.8222E+16
99869,9.17123E+18,9,7,71,122,2017,12,11,5,3,3,6,0,1,0,0,0,0,1,6.55746E+20,5.35959E+21,1.1103E+16,4.83702E+16
99870,9.17122E+18,9,1,78,130,2017,12,11,7,3,5,3,1,1,0,0,0,0,0,7.03639E+20,5.35558E+21,1.17471E+16,4.83206E+16
99871,9.17123E+18,9,7,71,122,2017,12,11,5,3,9,1,0,1,0,0,0,0,1,6.53296E+20,5.36184E+21,1.10708E+16,4.83911E+16
99872,9.17122E+18,9,1,62,0,2017,12,16,6,3,2,6,0,1,0,0,0,2,0,6.94557E+20,5.33674E+21,1.16161E+16,4.81541E+16
99873,9.17123E+18,9,7,72,217,2017,12,14,5,3,8,1,0,1,0,0,0,0,2,6.35897E+20,5.38247E+21,1.08426E+16,4.85806E+16
99874,9.17122E+18,9,1,84,122,2017,12,12,6,3,4,1,0,1,0,0,1,0,2,6.87715E+20,5.32412E+21,1.15186E+16,4.80428E+16
99875,9.17123E+18,9,7,72,163,2017,12,0,5,3,8,1,0,1,0,0,0,2,2,6.38814E+20,5.34456E+21,1.08696E+16,4.82391E+16
99876,9.17122E+18,9,1,62,0,2017,12,18,6,3,2,7,0,1,0,0,0,2,1,6.93565E+20,5.33715E+21,1.16029E+16,4.81581E+16
99877,9.17122E+18,9,1,84,145,2017,12,20,6,3,4,2,0,1,0,0,0,2,1,6.98255E+20,5.32446E+21,1.166E+16,4.80426E+16
99878,9.17122E+18,9,1,84,122,2017,12,15,6,3,5,3,0,1,0,0,0,0,1,6.87996E+20,5.3238E+21,1.15222E+16,4.80397E+16
99879,9.17122E+18,9,7,75,115,2017,12,17,6,3,2,6,0,1,0,0,0,2,1,5.82682E+20,5.3469E+21,1.01142E+16,4.82699E+16
99880,9.17122E+18,9,7,78,165,2017,12,16,6,2,0,7,1,0,0,0,0,1,1,5.84485E+20,5.30094E+21,1.01294E+16,4.78563E+16
99881,9.17123E+18,9,7,71,113,2017,12,14,5,3,4,1,0,1,0,0,0,0,2,6.57107E+20,5.37054E+21,1.11255E+16,4.84684E+16
99882,9.17122E+18,9,7,74,135,2017,12,7,6,3,5,3,0,1,0,0,0,2,1,5.97153E+20,5.36705E+21,1.03139E+16,4.84491E+16
99883,9.17122E+18,9,7,74,144,2017,12,17,6,2,5,3,0,1,0,0,0,2,1,6.06945E+20,5.35868E+21,1.04441E+16,4.83722E+16
99884,9.17123E+18,9,6,79,176,2017,12,15,5,2,9,1,0,1,0,0,0,0,1,5.67468E+20,5.50821E+21,9.93604E+15,4.97226E+16
99885,9.17123E+18,9,6,77,127,2017,12,12,5,3,5,3,0,1,0,0,0,0,1,5.57958E+20,5.53767E+21,9.80852E+15,4.99885E+16
99886,9.17123E+18,9,6,78,135,2017,12,16,5,3,2,6,0,1,0,0,0,2,0,5.90083E+20,5.5426E+21,1.02577E+16,5.00289E+16
99887,9.17123E+18,9,7,61,0,2017,12,23,6,3,8,1,0,1,0,0,0,2,2,6.37479E+20,5.35947E+21,1.08565E+16,4.83734E+16
99888,9.17123E+18,9,7,75,162,2017,12,7,6,3,2,6,0,1,0,0,0,1,1,5.81763E+20,5.35079E+21,1.01026E+16,4.8305E+16
99889,9.17123E+18,9,1,90,157,2017,12,2,7,2,4,1,0,1,0,0,0,2,2,6.56493E+20,5.30239E+21,1.10921E+16,4.78557E+16
99890,9.17123E+18,9,6,73,117,2017,12,14,5,3,9,1,0,1,0,0,0,0,1,5.69585E+20,5.58467E+21,9.97931E+15,5.04099E+16
99891,9.17123E+18,9,5,74,123,2017,12,13,5,3,2,6,0,1,0,0,0,0,1,6.58963E+20,5.47355E+21,1.11907E+16,4.93939E+16
99892,9.17123E+18,9,5,72,126,2017,12,14,5,3,5,3,0,1,0,0,0,0,0,6.33945E+20,5.50685E+21,1.08575E+16,4.96992E+16
99893,9.17122E+18,9,7,63,0,2017,12,11,6,3,1,6,0,1,0,0,0,0,1,5.98066E+20,5.28765E+21,1.0308E+16,4.77348E+16
99894,9.17122E+18,9,7,76,116,2017,12,17,6,3,6,4,0,1,1,0,0,2,1,5.51797E+20,5.26738E+21,9.6885E+15,4.75578E+16
99895,9.17122E+18,9,7,77,125,2017,12,11,6,3,5,3,0,1,0,0,0,0,1,6.20509E+20,5.27443E+21,1.06035E+16,4.7612E+16
99896,9.17122E+18,9,7,79,194,2017,12,14,6,3,5,3,0,1,0,0,1,0,1,6.12896E+20,5.41434E+21,1.05396E+16,4.88718E+16
99897,9.17123E+18,9,5,72,130,2017,12,13,5,3,2,6,0,1,0,0,0,0,0,6.39862E+20,5.50519E+21,1.09389E+16,4.9683E+16
99898,9.17122E+18,9,7,79,115,2017,12,17,6,3,5,3,0,1,0,0,0,0,0,6.33887E+20,5.39385E+21,1.0819E+16,4.86833E+16
99899,9.17122E+18,9,7,61,0,2017,12,15,6,3,2,6,0,1,0,0,0,0,1,6.42193E+20,5.36362E+21,1.09215E+16,4.84097E+16
99900,9.17123E+18,9,5,76,127,2017,12,18,5,3,9,1,0,1,0,0,0,2,1,6.65469E+20,5.44468E+21,1.12684E+16,4.91326E+16
99901,9.17122E+18,9,7,72,147,2017,12,11,6,3,3,6,0,1,0,0,1,0,1,6.38629E+20,5.36361E+21,1.08734E+16,4.84104E+16
99902,9.17122E+18,9,7,61,0,2017,12,9,6,3,2,6,0,1,0,0,0,0,1,6.38079E+20,5.36205E+21,1.08654E+16,4.83965E+16
99903,9.17123E+18,9,5,64,0,2017,12,17,5,3,5,2,0,1,0,0,0,2,1,6.54065E+20,5.47386E+21,1.11234E+16,4.93979E+16
99904,9.17122E+18,9,7,72,147,2017,12,17,6,3,5,3,0,1,0,0,0,2,1,6.38797E+20,5.36527E+21,1.08762E+16,4.84253E+16
99905,9.17123E+18,9,5,77,177,2017,12,15,5,3,2,6,0,1,0,0,0,0,1,6.449E+20,5.43201E+21,1.09821E+16,4.90239E+16
99906,9.17122E+18,9,7,72,147,2017,12,17,6,3,5,3,0,1,0,0,0,2,1,6.38802E+20,5.36527E+21,1.08762E+16,4.84253E+16
99907,9.17123E+18,9,5,75,167,2017,12,15,5,2,8,1,0,1,0,0,0,0,1,6.1763E+20,5.50325E+21,1.06303E+16,4.96703E+16
99908,9.17122E+18,9,7,71,146,2017,12,7,6,2,0,2,0,1,0,0,1,0,1,6.46781E+20,5.34872E+21,1.09783E+16,4.82747E+16
99909,9.17122E+18,9,7,72,125,2017,12,7,6,3,8,1,0,1,0,0,0,2,1,6.2662E+20,5.34554E+21,1.07057E+16,4.82504E+16
99910,9.17122E+18,9,7,61,0,2017,12,15,6,3,0,1,1,0,0,0,0,0,1,6.40687E+20,5.36036E+21,1.09001E+16,4.83807E+16
99911,9.17122E+18,9,6,79,180,2017,12,16,6,3,2,6,0,1,0,0,0,2,0,5.71448E+20,5.52359E+21,9.99408E+15,4.98604E+16
99912,9.17122E+18,9,6,75,141,2017,12,7,6,3,6,2,0,1,1,0,0,0,0,5.83328E+20,5.50919E+21,1.01562E+16,4.97294E+16
99913,9.17122E+18,9,6,75,174,2017,12,11,6,3,2,2,0,1,0,0,0,0,1,5.87736E+20,5.52306E+21,1.02205E+16,4.98536E+16
99914,9.17122E+18,9,6,73,153,2017,12,12,6,3,8,1,0,1,0,0,0,0,1,5.81466E+20,5.59027E+21,1.01477E+16,5.04588E+16
99915,9.17123E+18,9,5,71,226,2017,12,18,5,3,8,1,0,1,0,0,0,2,2,6.38412E+20,5.45745E+21,1.09021E+16,4.92541E+16
99916,9.17122E+18,9,6,74,221,2017,12,19,6,3,5,3,0,1,0,0,0,2,1,6.12311E+20,5.54241E+21,1.05679E+16,5.00234E+16
99917,9.17122E+18,9,6,74,147,2017,12,14,6,3,5,3,0,1,0,0,1,0,1,6.09912E+20,5.54332E+21,1.05347E+16,5.0032E+16
99918,9.17123E+18,9,5,71,180,2017,12,16,5,3,5,3,0,1,0,0,0,1,0,6.30511E+20,5.46048E+21,1.07946E+16,4.92832E+16
99919,9.17122E+18,9,6,74,118,2017,12,17,6,3,8,1,0,1,0,0,0,2,1,6.22957E+20,5.54298E+21,1.07167E+16,5.00264E+16
99920,9.17122E+18,9,6,78,193,2017,12,12,6,3,4,1,0,1,0,0,0,0,1,5.77438E+20,5.53357E+21,1.00794E+16,4.99494E+16
99921,9.17123E+18,9,5,71,216,2017,12,0,5,3,8,1,0,1,0,0,0,2,1,6.17368E+20,5.45507E+21,1.06123E+16,4.92371E+16
99922,9.17122E+18,9,6,61,0,2017,12,10,6,2,2,6,0,1,0,0,0,0,1,5.10303E+20,5.53622E+21,9.1437E+15,4.99782E+16
99923,9.17123E+18,9,4,77,119,2017,12,15,5,3,2,1,0,1,0,0,0,1,2,6.83766E+20,5.54534E+21,1.1566E+16,5.0032E+16
99924,9.17122E+18,9,6,76,121,2017,12,13,6,3,5,3,0,1,0,0,0,0,1,5.17378E+20,5.51801E+21,9.24155E+15,4.98143E+16
99925,9.17122E+18,9,6,71,112,2017,12,10,6,3,4,2,0,1,0,0,0,0,1,5.18139E+20,5.53727E+21,9.25303E+15,4.99875E+16
99926,9.17123E+18,9,6,73,149,2017,12,16,6,3,2,6,0,1,0,0,0,2,0,5.74795E+20,5.58528E+21,1.00527E+16,5.04148E+16
99927,9.17123E+18,9,7,63,0,2017,12,12,6,3,4,2,0,1,0,0,0,0,1,5.99323E+20,5.2848E+21,1.03241E+16,4.7709E+16
99928,9.17123E+18,9,1,77,117,2017,12,8,7,3,4,6,0,1,0,0,0,0,1,7.18033E+20,5.35814E+21,1.19423E+16,4.83388E+16
99929,9.17123E+18,9,4,77,142,2017,12,13,5,3,2,6,0,1,0,0,1,0,1,6.78287E+20,5.54607E+21,1.14899E+16,5.00402E+16
99930,9.17123E+18,9,4,72,199,2017,12,16,5,3,4,1,0,1,0,0,0,2,2,6.91483E+20,5.53898E+21,1.16705E+16,4.99724E+16
99931,9.17122E+18,9,5,74,123,2017,12,18,6,3,2,6,0,1,0,0,0,2,0,6.59058E+20,5.47358E+21,1.11921E+16,4.93941E+16
99932,9.17122E+18,9,5,72,164,2017,12,0,6,3,8,1,0,1,0,0,0,2,1,6.28992E+20,5.49782E+21,1.07859E+16,4.96191E+16
99933,9.17122E+18,9,5,72,121,2017,12,17,6,3,6,6,0,1,1,0,0,2,1,6.60559E+20,5.49569E+21,1.12217E+16,4.95925E+16
99934,9.17122E+18,9,5,64,0,2017,12,9,6,3,4,3,0,1,0,0,0,0,0,6.54007E+20,5.48153E+21,1.11256E+16,4.94669E+16
99935,9.17122E+18,9,5,64,0,2017,12,13,6,3,2,6,0,1,0,0,0,0,1,6.49327E+20,5.47718E+21,1.10594E+16,4.94289E+16
99936,9.17123E+18,9,4,61,0,2017,12,10,5,3,9,7,0,1,0,0,0,0,0,6.37688E+20,5.53041E+21,1.09177E+16,4.99102E+16
99937,9.17122E+18,9,5,64,0,2017,12,11,6,3,2,7,0,1,0,0,0,0,1,6.52602E+20,5.4808E+21,1.11059E+16,4.94606E+16
99938,9.17122E+18,9,5,71,175,2017,12,14,6,3,5,3,0,1,0,0,0,0,1,6.24641E+20,5.45757E+21,1.0713E+16,4.92582E+16
99939,9.17123E+18,9,3,75,210,2017,12,23,5,3,3,6,0,1,0,0,0,2,1,7.45425E+20,5.43281E+21,1.23557E+16,4.89993E+16
99940,9.17122E+18,9,5,75,112,2017,12,10,6,3,3,6,0,1,0,0,1,1,1,6.02313E+20,5.48964E+21,1.04145E+16,4.95507E+16
99941,9.17122E+18,9,4,76,145,2017,12,20,6,3,6,4,0,1,1,0,0,2,1,6.67784E+20,5.57108E+21,1.13544E+16,5.0268E+16
99942,9.17123E+18,9,3,75,175,2017,12,8,5,3,8,1,0,1,0,0,0,0,0,7.18334E+20,5.43608E+21,1.19876E+16,4.90389E+16
99943,9.17122E+18,9,4,76,145,2017,12,11,6,3,2,6,0,1,0,0,0,0,0,6.66188E+20,5.56734E+21,1.13304E+16,5.02348E+16
99944,9.17123E+18,9,2,76,144,2017,12,6,5,2,5,1,0,1,0,0,0,2,2,7.82937E+20,5.44334E+21,1.28748E+16,4.90778E+16
99945,9.17122E+18,9,4,63,0,2017,12,14,6,3,4,2,0,1,0,1,0,0,0,6.40046E+20,5.57041E+21,1.09652E+16,5.02692E+16