OBJECTID,UIDENTSTLA,ULAND,UREGBEZ,UKREIS,UGEMEINDE,UJAHR,UMONAT,USTUNDE,UWOCHENTAG,UKATEGORIE,UART,UTYP1,IstRad,IstPKW,IstFuss,IstKrad,IstSonstig,LICHT,STRZUSTAND,LINREFX,LINREFY,XGCSWGS84,YGCSWGS84
100115,9.17122E+18,9,2,74,184,2017,12,16,5,3,4,2,1,1,0,0,0,0,1,7.48291E+20,5.37148E+21,1.23579E+16,4.84474E+16
100116,9.17123E+18,9,2,75,133,2017,12,12,7,3,4,1,0,1,0,0,0,0,1,8.25813E+20,5.38493E+21,1.34139E+16,4.85328E+16
100117,9.17122E+18,9,2,61,0,2017,12,20,5,3,4,2,0,1,0,0,0,2,1,7.33159E+20,5.38098E+21,1.21589E+16,4.85386E+16
100118,9.17122E+18,9,2,73,137,2017,12,18,5,3,3,3,1,1,0,0,0,2,1,7.11068E+20,5.42249E+21,1.18812E+16,4.89193E+16
100119,9.17122E+18,9,1,90,141,2017,12,10,5,3,5,3,0,1,0,0,0,0,1,6.78667E+20,5.29266E+21,1.13843E+16,4.77625E+16
100120,9.17123E+18,9,7,63,0,2017,12,16,4,2,5,2,1,1,0,0,0,1,1,5.98823E+20,5.28647E+21,1.03178E+16,4.7724E+16
100121,9.17122E+18,9,1,89,155,2017,12,7,5,3,5,3,1,1,0,0,0,0,1,7.71331E+20,5.30734E+21,1.26279E+16,4.7862E+16
100122,9.17122E+18,9,1,89,154,2017,12,16,5,2,6,4,0,1,1,0,0,2,1,7.67682E+20,5.31882E+21,1.25864E+16,4.79667E+16
100123,9.17123E+18,9,7,80,120,2017,12,9,4,1,8,7,0,1,0,0,0,0,0,6.0028E+20,5.28437E+21,1.03367E+16,4.77049E+16
100124,9.17122E+18,9,1,89,134,2017,12,6,5,3,8,6,0,1,0,0,0,2,1,7.71297E+20,5.32435E+21,1.26382E+16,4.80148E+16
100125,9.17123E+18,9,7,77,151,2017,12,20,4,3,5,3,1,1,0,0,0,2,0,6.21628E+20,5.29397E+21,1.06239E+16,4.77876E+16
100126,9.17122E+18,9,1,71,112,2017,12,18,5,3,5,3,0,1,0,1,0,2,1,7.83728E+20,5.34066E+21,1.28154E+16,4.81558E+16
100127,9.17123E+18,9,7,62,0,2017,12,7,4,3,5,3,1,1,0,0,0,1,0,6.20141E+20,5.30366E+21,1.06067E+16,4.78751E+16
100128,9.17122E+18,9,1,71,125,2017,12,22,5,3,4,2,1,1,0,0,0,2,1,7.73322E+20,5.35011E+21,1.26818E+16,4.82452E+16
100129,9.17123E+18,9,7,72,223,2017,12,22,4,3,9,1,0,1,0,0,0,2,2,6.2025E+20,5.36317E+21,1.0625E+16,4.84102E+16
100130,9.17122E+18,9,1,87,138,2017,12,20,5,2,8,1,0,1,0,0,0,2,1,7.55167E+20,5.31284E+21,1.24155E+16,4.79181E+16
100131,9.17122E+18,9,1,87,132,2017,12,18,5,3,8,6,0,1,0,0,0,2,1,7.47548E+20,5.30222E+21,1.23076E+16,4.78256E+16
100132,9.17122E+18,9,1,82,111,2017,12,15,5,3,0,7,0,1,0,0,0,0,1,7.04422E+20,5.28779E+21,1.17253E+16,4.77111E+16
100133,9.17122E+18,9,1,61,0,2017,12,17,5,3,5,3,0,1,0,0,0,2,1,6.80262E+20,5.40503E+21,1.14535E+16,4.87722E+16
100134,9.17122E+18,9,1,85,158,2017,12,17,5,3,4,6,0,1,0,0,0,2,1,6.68676E+20,5.37918E+21,1.12854E+16,4.8543E+16
100135,9.17122E+18,9,1,85,125,2017,12,10,5,2,6,2,0,1,1,0,0,0,1,6.47856E+20,5.39695E+21,1.10098E+16,4.87081E+16
100136,9.17122E+18,9,1,86,147,2017,12,12,5,1,4,1,0,1,0,0,1,0,1,6.83972E+20,5.39147E+21,1.14979E+16,4.86492E+16
100137,9.17122E+18,9,1,81,142,2017,12,14,5,3,2,6,0,1,0,0,0,0,1,6.45764E+20,5.31451E+21,1.09529E+16,4.79673E+16
100138,9.17122E+18,9,1,81,130,2017,12,10,5,3,8,7,0,1,0,0,0,0,0,6.40528E+20,5.32531E+21,1.08863E+16,4.80656E+16
100139,9.17122E+18,9,1,81,130,2017,12,18,5,3,6,4,0,1,1,0,0,2,1,6.39819E+20,5.32332E+21,1.08761E+16,4.80479E+16
100140,9.17123E+18,9,2,75,145,2017,12,12,7,3,4,2,0,1,0,0,0,0,1,8.24445E+20,5.37585E+21,1.33884E+16,4.8452E+16
100141,9.17123E+18,9,2,74,183,2017,12,8,7,3,8,1,0,1,0,0,0,0,2,7.43978E+20,5.36487E+21,1.22958E+16,4.83898E+16
100142,9.17123E+18,9,6,78,193,2017,12,4,6,2,6,4,0,1,1,0,0,2,1,5.80181E+20,5.5376E+21,1.01185E+16,4.99853E+16
100143,9.17123E+18,9,7,80,124,2017,12,8,6,3,2,6,0,1,0,0,0,0,0,5.93805E+20,5.268E+21,1.02469E+16,4.75587E+16
100144,9.17122E+18,9,1,81,130,2017,12,13,5,2,6,4,0,1,1,0,0,0,0,6.38413E+20,5.3235E+21,1.08573E+16,4.80498E+16
100145,9.17122E+18,9,1,79,123,2017,12,17,5,3,6,4,0,1,1,0,0,2,1,6.77494E+20,5.33404E+21,1.13857E+16,4.81348E+16
100146,9.17123E+18,9,2,61,0,2017,12,1,7,3,4,6,0,1,0,0,0,2,2,7.32403E+20,5.38057E+21,1.21484E+16,4.85351E+16
100147,9.17122E+18,9,1,78,120,2017,12,11,5,3,8,1,0,1,0,0,0,0,1,6.9529E+20,5.35316E+21,1.16335E+16,4.83015E+16
100148,9.17123E+18,9,2,74,128,2017,12,19,7,3,2,6,0,1,0,0,0,1,0,7.35278E+20,5.38682E+21,1.21908E+16,4.85902E+16
100149,9.17122E+18,9,1,77,123,2017,12,17,5,3,5,3,1,1,0,0,0,2,1,7.26842E+20,5.34362E+21,1.20532E+16,4.82053E+16
100150,9.17122E+18,9,1,84,119,2017,12,17,4,3,5,3,0,1,0,0,0,2,0,6.95577E+20,5.34723E+21,1.16346E+16,4.82481E+16
100151,9.17123E+18,9,7,61,0,2017,12,13,4,3,6,2,0,1,1,0,0,0,0,6.41523E+20,5.35355E+21,1.09091E+16,4.83193E+16
100152,9.17123E+18,9,2,74,128,2017,12,16,7,3,5,3,0,1,0,0,0,2,1,7.35669E+20,5.38574E+21,1.21955E+16,4.85803E+16
100153,9.17122E+18,9,1,62,0,2017,12,12,4,3,3,6,0,1,0,0,1,0,0,6.92652E+20,5.33021E+21,1.15875E+16,4.8096E+16
100154,9.17122E+18,9,1,62,0,2017,12,7,4,3,5,3,0,1,0,0,0,1,1,6.8573E+20,5.33529E+21,1.14969E+16,4.81437E+16
100155,9.17123E+18,9,6,79,204,2017,12,12,4,2,9,1,0,1,0,0,0,0,1,5.56803E+20,5.51304E+21,9.7888E+15,4.97671E+16
100156,9.17122E+18,9,1,84,129,2017,12,7,4,3,4,2,0,1,0,0,0,2,1,7.01762E+20,5.32653E+21,1.1708E+16,4.80601E+16
100157,9.17123E+18,9,6,78,168,2017,12,11,4,3,9,1,0,1,0,0,0,0,1,5.82223E+20,5.55439E+21,1.01506E+16,5.0136E+16
100158,9.17122E+18,9,7,75,152,2017,12,19,4,3,0,6,0,1,0,0,1,2,1,5.80818E+20,5.35266E+21,1.00902E+16,4.83219E+16
100159,9.17123E+18,9,6,72,149,2017,12,4,4,2,2,6,0,1,0,0,0,2,2,5.62868E+20,5.5683E+21,9.88207E+15,5.02635E+16
100160,9.17122E+18,9,7,75,135,2017,12,16,4,3,2,6,0,1,0,0,0,1,1,5.75267E+20,5.35649E+21,1.0016E+16,4.83571E+16
100161,9.17123E+18,9,6,72,127,2017,12,10,4,3,1,2,0,1,0,0,0,0,1,5.62373E+20,5.55246E+21,9.87252E+15,5.01211E+16
100162,9.17122E+18,9,7,78,168,2017,12,15,4,3,5,3,0,1,0,0,0,0,1,6.04343E+20,5.30932E+21,1.03969E+16,4.79287E+16
100163,9.17122E+18,9,7,80,115,2017,12,12,4,2,6,2,0,1,1,0,0,0,0,5.94669E+20,5.26613E+21,1.0258E+16,4.75417E+16
100164,9.17122E+18,9,7,79,194,2017,12,5,4,2,4,2,0,1,0,0,0,2,1,6.07584E+20,5.41227E+21,1.04666E+16,4.8854E+16
100165,9.17122E+18,9,7,73,122,2017,12,6,4,2,5,1,0,1,0,0,0,2,1,6.25994E+20,5.38632E+21,1.07096E+16,4.86172E+16
100166,9.17123E+18,9,6,71,112,2017,12,18,4,3,2,6,0,1,0,0,0,2,0,5.1815E+20,5.53555E+21,9.25311E+15,4.9972E+16
100167,9.17122E+18,9,7,61,0,2017,12,7,4,3,2,6,0,1,0,0,1,0,1,6.39632E+20,5.35227E+21,1.08831E+16,4.83082E+16
100168,9.17123E+18,9,6,61,0,2017,12,19,6,3,3,5,0,1,0,0,1,2,1,5.1091E+20,5.53608E+21,9.15215E+15,4.99769E+16
100169,9.17122E+18,9,7,72,125,2017,12,15,4,3,2,6,0,1,0,0,1,0,1,6.36809E+20,5.34654E+21,1.08432E+16,4.82573E+16
100170,9.17122E+18,9,6,75,127,2017,12,7,4,3,9,1,0,1,0,0,0,1,0,6.03749E+20,5.51556E+21,1.04412E+16,4.97836E+16
100171,9.17122E+18,9,6,79,149,2017,12,20,4,3,4,1,0,1,0,0,0,2,1,5.46693E+20,5.51376E+21,9.6485E+15,4.97745E+16
100172,9.17122E+18,9,6,77,157,2017,12,15,4,3,2,6,0,1,0,0,0,0,0,5.43232E+20,5.52625E+21,9.60183E+15,4.98871E+16
100173,7.17011E+18,7,3,36,97,2017,1,9,6,1,8,1,0,1,0,0,0,0,1,3.80431E+20,5.49335E+21,7.3459E+15,4.95809E+16
100174,7.17011E+18,7,3,32,25,2017,1,17,6,3,6,4,0,1,1,0,0,2,0,4.46644E+20,5.46729E+21,8.26527E+15,4.9356E+16
100175,7.17011E+18,7,3,31,3,2017,1,13,6,3,5,3,0,1,0,0,0,0,1,4.35885E+20,5.51098E+21,8.11002E+15,4.97479E+16
100176,7.17011E+18,7,3,15,0,2017,1,14,6,3,1,7,0,1,0,0,0,0,1,4.46858E+20,5.53886E+21,8.25848E+15,4.99997E+16
100177,7.17011E+18,7,3,31,71,2017,1,19,6,3,2,6,0,1,0,0,1,2,0,4.44535E+20,5.50485E+21,8.23094E+15,4.96936E+16
100178,7.17011E+18,7,2,35,118,2017,1,13,6,3,2,6,0,1,0,0,0,0,0,3.23262E+20,5.49756E+21,6.55377E+15,4.96048E+16
100179,7.17011E+18,7,2,11,0,2017,1,10,6,3,4,2,0,1,0,0,0,0,1,3.28893E+20,5.51386E+21,6.62452E+15,4.97528E+16
100180,7.17011E+18,7,2,11,0,2017,1,6,6,3,2,2,0,1,0,0,1,2,1,3.29605E+20,5.51502E+21,6.63389E+15,4.97635E+16
100181,7.17011E+18,7,2,11,0,2017,1,6,6,3,2,2,0,1,0,0,0,2,1,3.29605E+20,5.51502E+21,6.63389E+15,4.97635E+16
100182,7.17011E+18,7,1,43,308,2017,1,23,6,3,6,6,0,1,1,0,0,2,2,4.25257E+20,5.59982E+21,7.94509E+15,5.05455E+16
100183,7.17011E+18,7,1,43,276,2017,1,5,6,3,4,1,0,1,0,0,0,2,2,4.1682E+20,5.61386E+21,7.82288E+15,5.06707E+16
100184,7.17011E+18,7,1,41,12,2017,1,18,6,3,9,3,0,1,0,0,1,2,2,4.2031E+20,5.56564E+21,7.88252E+15,5.02376E+16
100185,7.17011E+18,7,1,41,70,2017,1,5,6,3,4,1,0,1,0,0,0,2,2,4.11021E+20,5.56768E+21,7.75182E+15,5.02546E+16
100186,7.17011E+18,7,1,41,129,2017,1,6,6,3,4,6,0,1,0,0,0,2,2,4.17074E+20,5.56979E+21,7.83625E+15,5.02744E+16
100187,7.17011E+18,7,1,38,3,2017,1,17,6,3,5,3,0,1,0,0,0,2,2,3.88416E+20,5.61354E+21,7.42117E+15,5.0663E+16
100188,7.17011E+18,7,1,38,68,2017,1,6,6,2,7,6,0,1,1,0,0,2,2,3.8298E+20,5.60268E+21,7.34771E+15,5.05643E+16
100189,7.17011E+18,7,1,38,80,2017,1,5,6,3,4,6,0,1,0,0,1,2,2,3.88391E+20,5.61873E+21,7.41924E+15,5.07097E+16
100190,7.17011E+18,7,1,32,31,2017,1,5,6,2,8,1,0,1,0,0,0,2,2,3.94204E+20,5.61809E+21,7.50173E+15,5.0705E+16
100191,7.17011E+18,7,1,38,45,2017,1,19,6,3,4,1,0,1,0,0,0,2,2,3.92065E+20,5.59212E+21,7.47898E+15,5.04711E+16
100192,7.17011E+18,7,1,37,3,2017,1,13,6,3,8,1,0,1,0,0,0,0,1,3.89035E+20,5.58564E+21,7.43822E+15,5.04123E+16
100193,7.17011E+18,7,1,43,84,2017,1,8,6,3,8,1,0,1,0,0,0,0,2,4.10271E+20,5.59431E+21,7.73495E+15,5.04939E+16
100194,7.17011E+18,7,3,40,205,2017,1,13,5,3,0,6,0,1,0,0,0,0,1,3.89952E+20,5.44953E+21,7.48969E+15,4.91886E+16
100195,7.17011E+18,7,3,40,28,2017,1,12,5,3,9,1,0,1,0,0,0,0,1,4.04109E+20,5.44659E+21,7.68462E+15,4.91647E+16
100196,7.17011E+18,7,3,35,42,2017,1,4,5,3,9,1,0,1,0,0,0,2,2,4.10019E+20,5.48593E+21,7.7568E+15,4.95193E+16
100197,7.17011E+18,7,3,37,61,2017,1,15,5,3,1,1,0,1,0,0,0,0,0,4.40411E+20,5.45007E+21,8.18201E+15,4.92006E+16
100198,7.17011E+18,7,3,38,25,2017,1,11,5,3,5,3,1,1,0,0,0,0,0,4.55175E+20,5.46974E+21,8.38245E+15,4.93787E+16
100199,7.17011E+18,7,3,39,22,2017,1,18,5,3,9,1,0,1,0,0,0,2,1,4.23581E+20,5.53058E+21,7.93538E+15,4.99227E+16
100200,7.17011E+18,7,3,31,47,2017,1,8,5,3,9,1,0,1,0,0,0,1,2,4.46114E+20,5.50063E+21,8.25341E+15,4.96558E+16
100201,7.17011E+18,7,3,31,41,2017,1,7,5,3,5,3,0,1,0,0,0,1,1,4.44387E+20,5.49702E+21,8.23001E+15,4.96232E+16
100202,7.17011E+18,7,3,39,43,2017,1,15,5,3,2,2,0,1,0,0,0,0,1,4.53186E+20,5.52421E+21,8.34856E+15,4.98685E+16
100203,7.17011E+18,7,3,15,0,2017,1,11,5,2,9,1,0,1,0,0,0,0,1,4.42922E+20,5.53773E+21,8.20374E+15,4.99892E+16
100204,7.17011E+18,7,3,15,0,2017,1,10,5,3,5,3,1,1,0,0,0,0,0,4.48866E+20,5.53752E+21,8.28669E+15,4.99878E+16
100205,7.17011E+18,7,3,15,0,2017,1,18,5,3,2,6,0,1,0,0,0,2,1,4.41092E+20,5.53896E+21,8.17803E+15,5E+16
100206,7.17011E+18,7,2,35,82,2017,1,7,5,3,8,1,0,1,0,0,0,1,2,3.21717E+20,5.50014E+21,6.53124E+15,4.96275E+16
100207,7.17011E+18,7,1,43,238,2017,1,4,5,3,8,1,0,1,0,0,0,2,2,4.27374E+20,5.60379E+21,7.97418E+15,5.05815E+16
100208,7.17011E+18,7,1,43,227,2017,1,8,5,3,0,6,0,1,1,0,0,0,1,4.26921E+20,5.60986E+21,7.96659E+15,5.0636E+16
100209,7.17011E+18,7,1,41,8,2017,1,7,5,3,7,7,0,1,0,0,0,0,1,4.07944E+20,5.57314E+21,7.70734E+15,5.03032E+16
100210,7.17011E+18,7,1,32,50,2017,1,20,5,3,5,2,0,1,0,1,0,2,1,4.25586E+20,5.62486E+21,7.9447E+15,5.07707E+16
100211,7.17011E+18,7,1,35,82,2017,1,2,5,3,4,6,0,1,0,0,1,2,2,3.78425E+20,5.55853E+21,7.29769E+15,5.01665E+16
100212,7.17011E+18,7,1,40,501,2017,1,5,5,3,9,1,0,1,0,0,0,2,2,3.97204E+20,5.56446E+21,7.55894E+15,5.02234E+16
100213,7.17011E+18,7,3,33,4,2017,1,16,4,1,4,6,0,1,0,0,0,0,1,4.15896E+20,5.50588E+21,7.83371E+15,4.96996E+16
100214,7.17011E+18,7,3,33,55,2017,1,1,4,3,0,7,0,1,0,0,0,2,1,4.14023E+20,5.50668E+21,7.80755E+15,4.97065E+16
100215,7.17011E+18,7,3,12,0,2017,1,7,4,3,5,2,0,1,0,0,0,1,1,4.1329E+20,5.47911E+21,7.80347E+15,4.94584E+16
100216,7.17011E+18,7,3,35,17,2017,1,7,4,3,1,2,0,1,0,0,0,2,1,4.05343E+20,5.48439E+21,7.69257E+15,4.95048E+16
100217,7.17011E+18,7,3,11,0,2017,1,15,4,2,2,6,0,1,0,0,1,0,1,4.50378E+20,5.48674E+21,8.31425E+15,4.95312E+16
100218,7.17011E+18,7,3,38,23,2017,1,12,4,3,0,7,0,1,0,0,0,0,1,4.54138E+20,5.45962E+21,8.36934E+15,4.92876E+16
100219,7.17011E+18,7,3,31,30,2017,1,18,4,3,5,3,0,1,0,0,1,2,1,4.23537E+20,5.52635E+21,7.93562E+15,4.98847E+16
100220,7.17011E+18,7,2,31,134,2017,1,13,4,2,9,7,0,1,0,0,0,0,1,3.53271E+20,5.54079E+21,6.9525E+15,5.00013E+16
100221,7.17011E+18,7,1,43,67,2017,1,15,4,3,4,1,0,1,0,0,0,1,1,4.12044E+20,5.59754E+21,7.75919E+15,5.05232E+16
100222,7.17011E+18,7,1,32,63,2017,1,15,4,3,4,5,0,1,0,0,0,0,1,4.1826E+20,5.63093E+21,7.83947E+15,5.08244E+16
100223,7.17011E+18,7,1,32,82,2017,1,9,4,3,6,4,0,1,1,0,0,0,1,3.99951E+20,5.62017E+21,7.58253E+15,5.07247E+16
100224,7.17011E+18,7,1,38,45,2017,1,7,4,3,0,6,0,1,0,0,0,2,1,3.92435E+20,5.58877E+21,7.48517E+15,5.04411E+16
100225,7.17011E+18,7,1,31,90,2017,1,17,4,3,8,1,0,1,0,0,0,2,1,3.66906E+20,5.60055E+21,7.12163E+15,5.05417E+16
100226,7.17011E+18,7,1,41,501,2017,1,16,4,3,6,4,0,1,1,0,0,2,1,4.03498E+20,5.56994E+21,7.64575E+15,5.02737E+16
100227,7.17011E+18,7,1,11,0,2017,1,19,4,3,2,1,1,1,0,0,0,2,1,3.98165E+20,5.58456E+21,7.56698E+15,5.04043E+16
100228,7.17011E+18,7,1,11,0,2017,1,16,4,3,2,6,0,1,0,0,1,1,1,3.99437E+20,5.58137E+21,7.58572E+15,5.03758E+16
100229,7.17011E+18,7,1,11,0,2017,1,8,4,3,4,2,1,1,0,0,0,0,1,3.98532E+20,5.58082E+21,7.57314E+15,5.03707E+16
100230,7.17011E+18,7,3,40,30,2017,1,14,3,3,9,6,0,1,0,0,0,0,2,4.20096E+20,5.44903E+21,7.9034E+15,4.91888E+16
100231,7.17011E+18,7,3,40,502,2017,1,13,3,3,4,6,0,0,0,0,1,0,2,4.13527E+20,5.43688E+21,7.81586E+15,4.90787E+16
100232,7.17011E+18,7,3,33,48,2017,1,9,3,3,4,6,0,1,0,0,1,0,2,4.19095E+20,5.48795E+21,7.88174E+15,4.95387E+16
100233,7.17011E+18,7,3,32,1,2017,1,6,3,2,8,1,0,1,0,0,0,2,2,4.34438E+20,5.48455E+21,8.09435E+15,4.951E+16
100234,7.17011E+18,7,3,32,2,2017,1,10,3,3,9,1,0,1,0,0,0,0,2,4.29689E+20,5.47806E+21,8.02991E+15,4.94511E+16
100235,7.17011E+18,7,3,34,32,2017,1,5,3,2,2,6,0,1,0,0,1,2,2,4.46513E+20,5.45583E+21,8.26499E+15,4.92529E+16
100236,7.17011E+18,7,3,37,24,2017,1,5,3,3,9,1,0,1,0,0,0,2,2,4.25835E+20,5.45459E+21,7.98111E+15,4.92396E+16
100237,7.17011E+18,7,3,38,26,2017,1,14,3,3,9,1,0,1,0,0,0,0,1,4.60973E+20,5.47178E+21,8.46212E+15,4.93975E+16
100238,7.17011E+18,7,3,14,0,2017,1,14,3,3,3,6,0,1,0,0,0,0,1,4.58963E+20,5.47953E+21,8.43362E+15,4.94671E+16
100239,7.17011E+18,7,1,33,35,2017,1,11,3,3,9,1,0,1,0,0,0,0,2,4.17579E+20,5.52691E+21,7.85258E+15,4.98889E+16
100240,7.17011E+18,7,1,33,98,2017,1,8,3,3,9,1,0,1,0,0,0,1,2,4.1102E+20,5.52606E+21,7.76148E+15,4.98803E+16
100241,7.17011E+18,7,1,33,27,2017,1,3,3,3,9,1,0,0,0,0,1,2,2,4.08552E+20,5.51475E+21,7.7298E+15,4.97783E+16
100242,7.17011E+18,7,3,33,13,2017,1,17,3,3,8,1,0,1,0,0,0,2,2,4.22591E+20,5.49995E+21,7.92769E+15,4.96472E+16
100243,7.17011E+18,7,3,33,1,2017,1,5,3,3,9,1,0,1,0,0,0,2,2,4.3567E+20,5.49995E+21,8.10885E+15,4.96486E+16
100244,7.17011E+18,7,3,31,19,2017,1,9,3,3,4,6,0,1,0,0,0,0,2,4.36005E+20,5.51657E+21,8.11077E+15,4.97981E+16
100245,7.17011E+18,7,3,31,18,2017,1,6,3,3,9,1,0,1,0,0,0,2,2,4.55739E+20,5.51266E+21,8.3854E+15,4.97648E+16
100246,7.17011E+18,7,3,39,42,2017,1,8,3,3,5,3,0,1,0,0,0,0,2,4.43892E+20,5.52904E+21,8.21853E+15,4.99111E+16
100247,7.17011E+18,7,3,15,0,2017,1,9,3,3,1,6,0,1,0,0,0,0,2,4.46879E+20,5.53944E+21,8.25871E+15,5.00049E+16
100248,7.17011E+18,7,3,39,47,2017,1,10,3,3,8,1,0,1,0,0,0,0,2,4.42642E+20,5.53132E+21,8.2008E+15,4.99315E+16
100249,7.17011E+18,7,3,15,0,2017,1,9,3,3,8,7,0,1,0,0,1,0,2,4.41612E+20,5.53876E+21,8.18532E+15,4.99983E+16
100250,7.17011E+18,7,3,31,58,2017,1,8,3,3,2,6,0,1,0,0,0,0,2,4.40796E+20,5.52588E+21,8.17591E+15,4.98824E+16
100251,7.17011E+18,7,3,31,73,2017,1,7,3,3,8,1,0,1,0,0,0,1,2,4.38888E+20,5.52273E+21,8.14985E+15,4.98539E+16
100252,7.17011E+18,7,2,32,288,2017,1,16,3,3,3,2,0,1,0,0,1,0,1,3.18619E+20,5.5714E+21,6.45484E+15,5.02668E+16
100253,7.17011E+18,7,2,32,18,2017,1,11,3,2,5,3,0,1,0,0,1,0,2,3.2382E+20,5.53717E+21,6.54355E+15,4.99609E+16
100254,7.17011E+18,7,2,31,502,2017,1,16,3,3,4,2,0,1,0,0,0,1,1,3.6414E+20,5.51766E+21,7.11222E+15,4.9796E+16
100255,7.17011E+18,7,1,34,43,2017,1,8,3,3,9,1,0,1,0,0,0,0,2,3.75971E+20,5.52792E+21,7.27323E+15,4.98908E+16
100256,7.17011E+18,7,1,43,294,2017,1,9,3,3,4,6,0,1,0,0,1,0,2,4.15431E+20,5.607E+21,7.8048E+15,5.06088E+16
100257,7.17011E+18,7,1,41,138,2017,1,11,3,3,4,1,0,1,0,0,1,0,2,4.09376E+20,5.562E+21,7.7301E+15,5.02033E+16
100258,7.17011E+18,7,1,43,32,2017,1,17,3,3,6,4,0,1,1,0,0,2,1,4.05671E+20,5.58844E+21,7.67159E+15,5.04404E+16
100259,7.17011E+18,7,1,43,32,2017,1,7,3,3,5,3,0,1,0,0,0,2,2,4.0589E+20,5.58888E+21,7.67457E+15,5.04444E+16
100260,7.17011E+18,7,1,38,45,2017,1,16,3,3,1,6,0,1,0,0,0,0,1,3.97034E+20,5.58675E+21,7.55047E+15,5.04238E+16
100261,7.17011E+18,7,1,37,55,2017,1,8,3,3,4,1,0,1,0,0,1,0,2,3.75943E+20,5.57792E+21,7.2566E+15,5.03403E+16
100262,7.17011E+18,7,1,40,64,2017,1,9,3,3,9,1,0,1,0,0,0,0,2,3.88699E+20,5.5468E+21,7.4449E+15,5.00631E+16
100263,7.17011E+18,7,1,40,49,2017,1,5,3,3,9,1,0,0,0,0,1,2,2,3.87212E+20,5.53779E+21,7.42678E+15,4.99818E+16
100264,7.17011E+18,7,1,37,3,2017,1,23,3,3,4,6,0,1,0,0,0,2,2,3.86902E+20,5.58642E+21,7.40799E+15,5.04189E+16
100265,7.17011E+18,7,1,41,501,2017,1,17,3,3,2,6,0,1,0,0,0,2,1,4.06432E+20,5.56846E+21,7.68727E+15,5.02608E+16
100266,7.17011E+18,7,1,43,24,2017,1,2,3,3,2,6,0,0,0,0,1,2,1,4.21184E+20,5.58971E+21,7.88975E+15,5.04541E+16
100267,7.17011E+18,7,3,32,2,2017,1,22,2,3,8,1,0,1,0,0,0,2,1,4.45564E+20,5.4803E+21,8.24861E+15,4.94729E+16
100268,7.17011E+18,7,3,37,35,2017,1,12,2,3,5,3,0,1,0,0,0,0,0,4.39942E+20,5.45719E+21,8.1745E+15,4.92645E+16
100269,7.17011E+18,7,3,39,5,2017,1,17,2,2,6,4,0,1,1,0,0,2,0,4.21202E+20,5.53405E+21,7.90154E+15,4.99536E+16
100270,7.17011E+18,7,3,33,501,2017,1,7,2,3,5,3,0,1,0,0,1,2,1,4.3806E+20,5.49972E+21,8.14199E+15,4.96469E+16
100271,7.17011E+18,7,3,31,38,2017,1,1,2,3,8,1,0,1,0,0,0,2,1,4.58774E+20,5.50872E+21,8.42796E+15,4.97296E+16
100272,7.17011E+18,7,3,39,30,2017,1,17,2,3,2,6,0,1,0,0,0,2,1,4.30063E+20,5.53666E+21,8.02458E+15,4.99782E+16
100273,7.17011E+18,7,2,35,501,2017,1,7,2,3,2,6,0,1,0,0,0,2,1,3.23731E+20,5.5249E+21,6.54792E+15,4.98506E+16
100274,7.17011E+18,7,1,43,242,2017,1,16,2,3,4,1,0,1,0,0,0,2,2,4.28394E+20,5.6065E+21,7.98806E+15,5.0606E+16
100275,7.17011E+18,7,1,43,289,2017,1,7,2,3,5,3,0,0,0,1,1,1,1,4.22123E+20,5.60189E+21,7.90043E+15,5.05637E+16
100276,7.17011E+18,7,1,43,32,2017,1,17,2,3,2,6,0,1,0,0,0,2,2,4.05565E+20,5.5882E+21,7.67016E+15,5.04382E+16
100277,7.17011E+18,7,1,43,48,2017,1,18,2,2,4,6,0,1,0,0,0,2,1,4.13507E+20,5.58529E+21,7.78264E+15,5.04132E+16
100278,7.17011E+18,7,1,31,1,2017,1,20,2,2,8,7,0,1,0,0,0,2,1,3.52144E+20,5.58392E+21,6.92E+15,5.03887E+16
100279,7.17011E+18,7,1,11,0,2017,1,8,2,2,9,1,0,1,0,0,0,0,1,3.99297E+20,5.57723E+21,7.58486E+15,5.03386E+16
100280,7.17011E+18,7,1,38,44,2017,1,13,2,3,8,7,0,1,0,0,0,0,0,3.88419E+20,5.60813E+21,7.42284E+15,5.06144E+16
100281,7.17011E+18,7,3,38,17,2017,1,0,1,3,8,1,0,1,0,0,0,2,2,4.57258E+20,5.47262E+21,8.41084E+15,4.94047E+16
100282,7.17011E+18,7,3,32,12,2017,1,7,1,3,8,1,0,1,1,0,0,1,1,4.3543E+20,5.49095E+21,8.10701E+15,4.95677E+16
100283,7.17011E+18,7,3,18,0,2017,1,9,1,3,8,1,0,1,0,0,0,0,2,4.57139E+20,5.4637E+21,8.41017E+15,4.93245E+16
100284,7.17011E+18,7,2,31,51,2017,1,17,1,3,8,1,0,1,0,0,0,2,2,3.36751E+20,5.53064E+21,6.72646E+15,4.99058E+16
100285,7.17011E+18,7,1,43,237,2017,1,15,1,2,9,1,0,1,0,0,0,0,1,4.31049E+20,5.6063E+21,8.02562E+15,5.06045E+16
100286,7.17011E+18,7,1,38,80,2017,1,1,1,3,9,1,0,1,0,0,0,2,2,3.85539E+20,5.61711E+21,7.37936E+15,5.06946E+16