OBJECTID,UIDENTSTLA,ULAND,UREGBEZ,UKREIS,UGEMEINDE,UJAHR,UMONAT,USTUNDE,UWOCHENTAG,UKATEGORIE,UART,UTYP1,IstRad,IstPKW,IstFuss,IstKrad,IstSonstig,LICHT,STRZUSTAND,LINREFX,LINREFY,XGCSWGS84,YGCSWGS84
100287,7.17011E+18,7,1,31,1,2017,1,15,1,2,0,1,0,0,0,1,0,0,2,3.56478E+20,5.5836E+21,6.98105E+15,5.03869E+16
100288,7.17011E+18,7,1,40,144,2017,1,13,1,3,9,1,0,1,0,0,0,0,1,3.94915E+20,5.5395E+21,7.53372E+15,4.99986E+16
100289,7.17011E+18,7,1,37,3,2017,1,19,1,2,4,6,0,1,0,0,0,2,1,3.89266E+20,5.58556E+21,7.4415E+15,5.04116E+16
100290,7.17011E+18,7,1,37,68,2017,1,14,1,3,3,6,0,1,0,0,0,0,1,3.75317E+20,5.57218E+21,7.2497E+15,5.02885E+16
100291,7.17011E+18,7,3,40,22,2017,1,11,7,3,3,6,0,1,0,0,0,0,0,3.9909E+20,5.45958E+21,7.61253E+15,4.92806E+16
100292,7.17011E+18,7,3,37,32,2017,1,15,7,3,0,6,1,1,0,0,0,0,0,4.46428E+20,5.46032E+21,8.26323E+15,4.92933E+16
100293,7.17011E+18,7,3,37,501,2017,1,10,7,3,9,1,0,1,0,0,0,0,0,4.23126E+20,5.44985E+21,7.94482E+15,4.91966E+16
100294,7.17011E+18,7,3,31,3,2017,1,11,7,3,2,2,0,1,0,0,0,0,0,4.37031E+20,5.51051E+21,8.126E+15,4.97438E+16
100295,7.17011E+18,7,2,32,40,2017,1,6,7,3,9,1,0,1,0,0,0,2,0,3.05655E+20,5.53803E+21,6.29013E+15,4.99629E+16
100296,7.17011E+18,7,2,31,13,2017,1,10,7,3,9,1,0,1,0,0,0,0,1,3.42621E+20,5.53556E+21,6.80614E+15,4.99516E+16
100297,7.17011E+18,7,1,41,51,2017,1,16,7,3,3,6,0,1,0,0,0,0,0,4.34173E+20,5.57271E+21,8.07567E+15,5.03028E+16
100298,7.17011E+18,7,1,38,8,2017,1,17,7,3,8,1,0,0,0,0,1,2,2,3.77805E+20,5.60699E+21,7.27325E+15,5.0602E+16
100299,7.17011E+18,7,1,32,46,2017,1,12,7,3,1,2,0,1,0,0,0,0,1,3.96387E+20,5.61869E+21,7.53247E+15,5.07107E+16
100300,7.17011E+18,7,1,31,205,2017,1,16,7,3,8,1,0,1,0,0,0,1,2,3.75534E+20,5.58874E+21,7.24727E+15,5.04375E+16
100301,7.17011E+18,7,1,31,18,2017,1,16,7,3,8,1,0,1,0,0,0,1,2,3.43927E+20,5.58348E+21,6.80467E+15,5.03827E+16
100302,7.17011E+18,7,1,31,4,2017,1,15,7,3,8,1,0,1,0,0,0,0,2,3.47353E+20,5.58762E+21,6.85114E+15,5.04208E+16
100303,7.17011E+18,7,1,37,203,2017,1,22,7,3,8,1,0,1,0,0,0,2,1,4.02338E+20,5.58715E+21,7.62501E+15,5.04283E+16
100304,7.17011E+18,7,1,40,501,2017,1,18,7,3,2,6,0,1,0,0,0,2,2,3.94123E+20,5.56565E+21,7.51543E+15,5.02335E+16
100305,7.17011E+18,7,1,37,86,2017,1,16,7,3,8,1,0,1,0,0,0,2,2,3.8678E+20,5.57652E+21,7.40924E+15,5.03299E+16
100306,7.17011E+18,7,3,14,0,2017,1,20,6,3,7,7,0,1,0,0,1,2,0,4.50175E+20,5.48138E+21,8.31212E+15,4.9483E+16
100307,7.17011E+18,7,3,34,30,2017,1,22,6,2,1,5,1,1,0,0,0,2,0,4.37378E+20,5.44139E+21,8.14173E+15,4.91222E+16
100308,7.17011E+18,7,3,37,54,2017,1,17,6,3,4,1,0,1,0,0,0,2,2,4.25643E+20,5.44408E+21,7.98042E+15,4.9145E+16
100309,7.17011E+18,7,3,37,11,2017,1,10,6,2,5,3,0,1,0,0,0,0,0,4.45275E+20,5.46037E+21,8.24737E+15,4.92936E+16
100310,7.17011E+18,7,3,14,0,2017,1,20,6,3,5,2,0,1,0,0,0,2,0,4.58795E+20,5.48151E+21,8.4311E+15,4.94848E+16
100311,7.17011E+18,7,3,14,0,2017,1,14,6,3,1,2,0,1,0,0,0,0,0,4.55938E+20,5.4872E+21,8.39102E+15,4.95358E+16
100312,7.17011E+18,7,1,33,18,2017,1,19,6,3,4,6,0,1,0,0,0,2,0,4.20592E+20,5.52521E+21,7.89487E+15,4.9874E+16
100313,7.17011E+18,7,3,31,48,2017,1,21,6,3,5,3,0,1,0,0,0,2,1,4.42513E+20,5.4985E+21,8.20385E+15,4.96363E+16
100314,7.17011E+18,7,3,39,30,2017,1,17,6,3,1,2,0,1,0,0,0,2,0,4.30472E+20,5.53725E+21,8.03017E+15,4.99836E+16
100315,7.17011E+18,7,3,39,30,2017,1,8,6,3,5,2,1,0,0,0,1,0,1,4.30492E+20,5.53726E+21,8.03045E+15,4.99836E+16
100316,7.17011E+18,7,3,15,0,2017,1,16,6,3,0,1,0,0,0,1,0,0,0,4.4478E+20,5.53816E+21,8.22959E+15,4.99932E+16
100317,7.17011E+18,7,3,15,0,2017,1,7,6,3,2,6,0,1,0,0,0,1,2,4.43972E+20,5.53923E+21,8.21816E+15,5.00027E+16
100318,7.17011E+18,7,3,15,0,2017,1,6,6,3,2,6,0,1,0,0,0,2,1,4.44122E+20,5.54181E+21,8.21989E+15,5.0026E+16
100319,7.17011E+18,7,3,39,21,2017,1,19,6,3,5,3,0,1,0,0,0,2,0,4.24191E+20,5.52742E+21,7.9445E+15,4.98944E+16
100320,7.17011E+18,7,3,39,5,2017,1,14,6,3,2,7,0,1,0,0,0,0,0,4.24565E+20,5.52949E+21,7.94931E+15,4.9913E+16
100321,7.17011E+18,7,2,35,83,2017,1,16,6,3,3,6,0,1,0,0,0,0,0,3.45948E+20,5.51426E+21,6.86095E+15,4.9761E+16
100322,7.17011E+18,7,2,32,238,2017,1,15,6,2,9,1,0,1,0,0,1,0,0,3.16275E+20,5.55564E+21,6.42962E+15,5.01246E+16
100323,7.17011E+18,7,2,32,320,2017,1,14,6,3,4,1,0,1,0,0,1,0,0,3.11201E+20,5.5625E+21,6.3553E+15,5.01846E+16
100324,7.17011E+18,7,1,43,207,2017,1,11,6,2,0,7,0,1,0,0,1,0,1,4.21694E+20,5.60576E+21,7.89355E+15,5.05985E+16
100325,7.17011E+18,7,1,41,11,2017,1,13,6,3,8,1,0,1,0,0,0,0,1,4.28542E+20,5.5669E+21,7.9977E+15,5.02499E+16
100326,7.17011E+18,7,1,43,67,2017,1,14,6,3,0,7,0,1,0,0,0,0,0,4.11876E+20,5.59983E+21,7.75627E+15,5.05438E+16
100327,7.17011E+18,7,1,32,37,2017,1,14,6,3,2,2,0,1,0,0,1,0,0,4.16313E+20,5.64291E+21,7.80909E+15,5.09317E+16
100328,7.17011E+18,7,1,32,59,2017,1,14,6,3,2,2,0,1,0,0,0,0,0,4.20793E+20,5.62125E+21,7.87751E+15,5.07376E+16
100329,7.17011E+18,7,1,37,101,2017,1,15,6,3,5,3,0,1,0,0,0,0,0,3.7733E+20,5.57929E+21,7.27563E+15,5.03529E+16
100330,7.17011E+18,7,1,11,0,2017,1,14,6,3,4,2,0,1,0,0,0,0,0,3.9862E+20,5.58341E+21,7.57368E+15,5.0394E+16
100331,7.17011E+18,7,1,11,0,2017,1,14,6,3,3,6,0,1,0,0,1,0,0,3.97315E+20,5.5838E+21,7.55523E+15,5.03972E+16
100332,7.17011E+18,7,3,38,19,2017,1,6,5,3,9,1,0,1,0,0,0,2,1,4.50822E+20,5.47696E+21,8.3216E+15,4.94433E+16
100333,7.17011E+18,7,3,32,2,2017,1,2,5,3,9,7,0,1,0,0,0,2,2,4.40263E+20,5.47989E+21,8.17552E+15,4.94687E+16
100334,7.17011E+18,7,3,16,0,2017,1,2,5,3,9,1,0,1,0,0,0,2,2,4.39609E+20,5.46482E+21,8.16877E+15,4.93331E+16
100335,7.17011E+18,7,3,34,13,2017,1,18,5,3,9,1,0,1,0,0,0,2,1,4.42612E+20,5.43715E+21,8.21406E+15,4.90845E+16
100336,7.17011E+18,7,3,37,5,2017,1,6,5,3,8,1,0,1,0,0,0,2,2,4.27154E+20,5.43948E+21,8.00198E+15,4.91039E+16
100337,7.17011E+18,7,3,37,44,2017,1,23,5,2,8,1,0,1,0,0,0,2,0,4.38295E+20,5.44624E+21,8.15356E+15,4.91659E+16
100338,7.17011E+18,7,3,18,0,2017,1,17,5,3,5,3,1,0,0,1,0,1,0,4.58701E+20,5.46591E+21,8.43143E+15,4.93445E+16
100339,7.17011E+18,7,3,14,0,2017,1,19,5,3,2,6,0,1,0,0,0,2,0,4.51076E+20,5.48171E+21,8.32452E+15,4.94861E+16
100340,7.17011E+18,7,3,39,5,2017,1,5,5,3,4,1,0,1,0,0,0,2,2,4.24192E+20,5.53554E+21,7.94293E+15,4.99673E+16
100341,7.17011E+18,7,1,33,30,2017,1,5,5,3,9,1,0,1,0,0,0,2,2,4.11756E+20,5.5149E+21,7.77427E+15,4.97801E+16
100342,7.17011E+18,7,3,33,57,2017,1,3,5,2,8,1,0,1,0,0,0,2,2,4.27636E+20,5.5056E+21,7.99653E+15,4.96985E+16
100343,7.17011E+18,7,3,15,0,2017,1,7,5,3,0,1,0,0,0,1,0,0,2,4.4401E+20,5.54052E+21,8.21851E+15,5.00144E+16
100344,7.17011E+18,7,3,15,0,2017,1,16,5,2,8,1,0,1,0,0,0,0,0,4.42848E+20,5.54032E+21,8.20232E+15,5.00124E+16
100345,7.17011E+18,7,3,31,3,2017,1,4,5,3,8,7,0,0,0,0,1,2,1,4.3421E+20,5.51144E+21,8.08669E+15,4.97518E+16
100346,7.17011E+18,7,2,33,29,2017,1,13,5,3,9,6,0,1,0,0,0,0,1,3.3423E+20,5.57357E+21,6.67275E+15,5.0291E+16
100347,7.17011E+18,7,2,31,134,2017,1,14,5,3,2,2,0,1,0,0,0,0,0,3.46501E+20,5.53722E+21,6.85952E+15,4.99675E+16
100348,7.17011E+18,7,2,11,0,2017,1,18,5,3,0,1,0,0,0,1,0,2,0,3.29153E+20,5.51377E+21,6.62817E+15,4.97521E+16
100349,7.17011E+18,7,1,43,225,2017,1,12,5,3,8,1,0,0,0,0,1,0,1,4.09608E+20,5.61639E+21,7.72023E+15,5.06923E+16
100350,7.17011E+18,7,1,43,64,2017,1,18,5,2,5,3,0,1,0,0,0,2,2,4.10885E+20,5.60102E+21,7.742E+15,5.05543E+16
100351,7.17011E+18,7,1,38,57,2017,1,15,5,3,6,4,0,1,1,0,0,0,0,4.01687E+20,5.60608E+21,7.61086E+15,5.05983E+16
100352,7.17011E+18,7,1,32,2,2017,1,15,5,3,1,6,0,1,0,0,0,0,0,4.21288E+20,5.62565E+21,7.88358E+15,5.07772E+16
100353,7.17011E+18,7,1,32,18,2017,1,6,5,3,4,1,0,1,0,0,0,2,2,4.28794E+20,5.62013E+21,7.9911E+15,5.07286E+16
100354,7.17011E+18,7,1,31,6,2017,1,7,5,3,8,1,0,1,0,0,0,2,2,3.78375E+20,5.59625E+21,7.28481E+15,5.05056E+16
100355,7.1701E+18,7,3,35,38,2017,1,9,4,3,2,6,0,0,0,0,1,0,1,3.92905E+20,5.47561E+21,7.52321E+15,4.94237E+16
100356,7.1701E+18,7,3,35,47,2017,1,13,4,3,9,1,0,1,0,0,0,0,2,4.13857E+20,5.46893E+21,7.8135E+15,4.9367E+16
100357,7.1701E+18,7,3,14,0,2017,1,20,4,3,3,2,0,1,0,0,0,2,1,4.50648E+20,5.48092E+21,8.31871E+15,4.9479E+16
100358,7.1701E+18,7,3,14,0,2017,1,8,4,3,8,1,0,1,0,0,0,0,1,4.53328E+20,5.48119E+21,8.35567E+15,4.94815E+16
100359,7.1701E+18,7,3,34,501,2017,1,14,4,3,9,1,0,1,0,0,0,0,2,4.42399E+20,5.42742E+21,8.21253E+15,4.8997E+16
100360,7.1701E+18,7,3,34,501,2017,1,14,4,3,8,1,0,1,0,0,0,0,2,4.42399E+20,5.42742E+21,8.21253E+15,4.8997E+16
100361,7.1701E+18,7,3,37,73,2017,1,17,4,3,9,1,0,1,0,0,0,2,2,4.31222E+20,5.45261E+21,8.05545E+15,4.92224E+16
100362,7.1701E+18,7,3,14,0,2017,1,10,4,3,5,3,0,1,0,1,0,0,1,4.58578E+20,5.48105E+21,8.42816E+15,4.94807E+16
100363,7.1701E+18,7,1,33,6,2017,1,13,4,3,5,3,0,1,0,0,0,0,1,4.17254E+20,5.5198E+21,7.84957E+15,4.98249E+16
100364,7.1701E+18,7,1,35,1,2017,1,8,4,2,2,6,0,1,0,0,0,0,1,3.63284E+20,5.54745E+21,7.08976E+15,5.00636E+16
100365,7.1701E+18,7,2,32,209,2017,1,12,4,3,5,3,0,1,0,0,1,0,1,3.27355E+20,5.56489E+21,6.58029E+15,5.0211E+16
100366,7.1701E+18,7,2,32,10,2017,1,17,4,3,9,1,0,1,0,0,0,1,2,3.32646E+20,5.53768E+21,6.66629E+15,4.99679E+16
100367,7.1701E+18,7,2,31,1,2017,1,18,4,3,9,1,0,1,0,0,0,2,1,3.49946E+20,5.53472E+21,6.9085E+15,4.9946E+16
100368,7.1701E+18,7,2,31,56,2017,1,14,4,3,9,1,0,1,0,0,0,0,2,3.71323E+20,5.5264E+21,7.20907E+15,4.98761E+16
100369,7.1701E+18,7,2,35,148,2017,1,14,4,3,2,6,0,1,0,0,0,0,0,3.25945E+20,5.50525E+21,6.58747E+15,4.96746E+16
100370,7.1701E+18,7,2,11,0,2017,1,17,4,3,6,4,0,1,1,0,0,2,1,3.2778E+20,5.51182E+21,6.60998E+15,4.97342E+16
100371,7.1701E+18,7,1,43,263,2017,1,23,4,3,9,1,0,1,0,0,0,2,2,4.22564E+20,5.59461E+21,7.90817E+15,5.04983E+16
100372,7.1701E+18,7,1,43,314,2017,1,21,4,3,9,1,0,1,0,0,0,2,2,4.30847E+20,5.60252E+21,8.02347E+15,5.05705E+16
100373,7.1701E+18,7,1,41,6,2017,1,9,4,3,9,1,0,1,0,0,0,0,1,4.08331E+20,5.57813E+21,7.71155E+15,5.03481E+16
100374,7.1701E+18,7,1,43,79,2017,1,22,4,3,4,6,0,1,0,0,0,2,2,4.14765E+20,5.58108E+21,7.8013E+15,5.03756E+16
100375,7.1701E+18,7,1,43,25,2017,1,13,4,2,9,1,0,1,0,0,0,0,2,4.13757E+20,5.60249E+21,7.7822E+15,5.0568E+16
100376,7.1701E+18,7,1,38,50,2017,1,15,4,3,2,6,0,1,0,0,0,0,1,4.01253E+20,5.61169E+21,7.60323E+15,5.06487E+16
100377,7.1701E+18,7,1,37,68,2017,1,20,4,3,9,1,0,1,0,0,0,2,2,3.68657E+20,5.57744E+21,7.15442E+15,5.03344E+16
100378,7.1701E+18,7,1,40,120,2017,1,17,4,3,8,1,0,1,0,0,0,2,2,3.73945E+20,5.53406E+21,7.24303E+15,4.99456E+16
100379,7.1701E+18,7,1,11,0,2017,1,17,4,3,2,6,0,1,0,0,0,2,1,3.99816E+20,5.57914E+21,7.59165E+15,5.03558E+16
100380,7.1701E+18,7,3,40,38,2017,1,23,3,3,8,1,0,1,0,0,0,2,1,4.00393E+20,5.45441E+21,7.63173E+15,4.92343E+16
100381,7.1701E+18,7,3,35,204,2017,1,22,3,3,9,7,0,1,0,0,0,2,1,4.06873E+20,5.46643E+21,7.71792E+15,4.93435E+16
100382,7.1701E+18,7,3,32,46,2017,1,17,3,3,1,5,0,1,0,0,0,2,1,4.39369E+20,5.47601E+21,8.16377E+15,4.94337E+16
100383,7.1701E+18,7,3,14,0,2017,1,11,3,3,3,6,0,1,0,0,1,0,1,4.60167E+20,5.4808E+21,8.45012E+15,4.94785E+16
100384,7.1701E+18,7,1,33,101,2017,1,21,3,3,9,1,0,1,0,0,0,2,1,4.0945E+20,5.52009E+21,7.74103E+15,4.98264E+16
100385,7.1701E+18,7,3,31,15,2017,1,21,3,2,9,1,0,1,0,0,0,2,1,4.43822E+20,5.51163E+21,8.22009E+15,4.97545E+16
100386,7.1701E+18,7,3,31,7,2017,1,8,3,3,5,3,0,1,0,0,0,0,1,4.41369E+20,5.51681E+21,8.18526E+15,4.98009E+16
100387,7.1701E+18,7,3,15,0,2017,1,15,3,2,2,6,0,1,0,1,0,0,0,4.46016E+20,5.53891E+21,8.24673E+15,5.00001E+16
100388,7.1701E+18,7,3,15,0,2017,1,13,3,2,2,6,0,0,0,1,1,0,0,4.47227E+20,5.53935E+21,8.26358E+15,5.00041E+16
100389,7.1701E+18,7,3,15,0,2017,1,19,3,3,2,6,0,1,0,0,0,2,0,4.48541E+20,5.5362E+21,8.28232E+15,4.99759E+16
100390,7.1701E+18,7,3,15,0,2017,1,6,3,2,3,2,1,0,0,0,1,2,1,4.48866E+20,5.53752E+21,8.28669E+15,4.99878E+16
100391,7.1701E+18,7,1,34,1,2017,1,7,3,2,1,1,0,1,0,0,1,2,1,3.6319E+20,5.50098E+21,7.10486E+15,4.96459E+16
100392,7.1701E+18,7,1,43,289,2017,1,10,3,2,9,1,0,1,0,0,0,0,2,4.20992E+20,5.59952E+21,7.88497E+15,5.05423E+16
100393,7.1701E+18,7,1,43,205,2017,1,15,3,3,1,5,0,1,0,0,0,0,1,4.1699E+20,5.61671E+21,7.82464E+15,5.06963E+16
100394,7.1701E+18,7,1,41,135,2017,1,5,3,3,8,1,0,1,0,0,0,2,2,4.19316E+20,5.57759E+21,7.86604E+15,5.03449E+16
100395,7.1701E+18,7,3,20,0,2017,1,10,2,3,8,1,0,1,0,0,0,0,1,3.84409E+20,5.45842E+21,7.41109E+15,4.92676E+16
100396,7.1701E+18,7,3,12,0,2017,1,10,2,3,8,1,0,1,0,0,0,0,2,4.01965E+20,5.47783E+21,7.64756E+15,4.94452E+16
100397,7.1701E+18,7,3,32,2,2017,1,20,2,2,5,3,0,1,0,0,0,2,1,4.4166E+20,5.47974E+21,8.19481E+15,4.94675E+16
100398,7.1701E+18,7,3,11,0,2017,1,12,2,3,3,6,0,1,0,0,1,0,1,4.564E+20,5.48995E+21,8.39711E+15,4.95606E+16
100399,7.1701E+18,7,3,14,0,2017,1,6,2,2,3,7,0,1,0,1,0,2,1,4.57523E+20,5.48261E+21,8.41343E+15,4.94947E+16
100400,7.1701E+18,7,3,19,0,2017,1,17,2,3,5,2,0,1,0,0,0,2,1,4.51598E+20,5.50142E+21,8.32929E+15,4.96634E+16
100401,7.1701E+18,7,3,31,55,2017,1,8,2,2,4,6,0,1,0,0,0,0,2,4.50057E+20,5.50707E+21,8.30723E+15,4.97141E+16
100402,7.1701E+18,7,3,39,17,2017,1,21,2,2,8,1,0,1,0,0,0,2,1,4.40568E+20,5.53028E+21,8.17206E+15,4.9922E+16
100403,7.1701E+18,7,2,32,18,2017,1,17,2,2,6,1,0,1,1,0,0,2,1,3.22632E+20,5.53921E+21,6.52606E+15,4.99788E+16
100404,7.1701E+18,7,2,11,0,2017,1,10,2,3,1,6,0,1,0,0,1,0,1,3.29362E+20,5.51517E+21,6.63046E+15,4.97647E+16
100405,7.1701E+18,7,2,11,0,2017,1,8,2,3,4,2,0,1,0,1,0,1,1,3.33743E+20,5.51268E+21,6.6923E+15,4.97436E+16
100406,7.1701E+18,7,1,43,286,2017,1,11,2,3,0,6,0,0,0,0,1,0,2,4.34247E+20,5.60892E+21,8.07033E+15,5.06285E+16
100407,7.1701E+18,7,1,43,62,2017,1,11,2,3,9,1,0,1,0,0,0,0,2,4.08749E+20,5.59212E+21,7.71403E+15,5.0474E+16
100408,7.1701E+18,7,1,38,5,2017,1,16,2,2,8,1,0,1,0,0,0,1,1,3.92688E+20,5.5978E+21,7.48614E+15,5.05223E+16
100409,7.1701E+18,7,1,32,50,2017,1,15,2,3,6,4,0,1,1,0,0,0,1,4.2675E+20,5.62712E+21,7.96074E+15,5.07912E+16
100410,7.1701E+18,7,1,32,40,2017,1,9,2,2,8,1,0,1,0,0,0,0,2,4.05976E+20,5.6146E+21,7.66928E+15,5.06756E+16
100411,7.1701E+18,7,1,38,45,2017,1,21,2,3,8,1,0,1,0,0,0,2,2,3.92515E+20,5.59128E+21,7.48557E+15,5.04636E+16
100412,7.1701E+18,7,1,31,77,2017,1,10,2,2,5,3,0,1,0,0,0,0,2,3.74369E+20,5.60173E+21,7.2265E+15,5.0554E+16
100413,7.1701E+18,7,1,37,69,2017,1,21,2,3,5,2,0,1,0,0,0,2,1,3.7683E+20,5.58176E+21,7.26781E+15,5.0375E+16
100414,7.1701E+18,7,1,37,68,2017,1,19,2,3,2,6,0,1,0,0,1,2,0,3.74554E+20,5.57537E+21,7.23793E+15,5.03171E+16
100415,7.1701E+18,7,1,40,64,2017,1,11,2,3,8,1,0,1,0,0,0,0,2,3.86386E+20,5.54789E+21,7.41228E+15,5.00724E+16
100416,7.1701E+18,7,1,37,3,2017,1,16,2,3,2,2,0,1,0,0,0,0,0,3.86791E+20,5.5867E+21,7.40633E+15,5.04214E+16
100417,7.1701E+18,7,3,20,0,2017,1,1,1,3,5,2,0,1,0,0,1,2,1,3.83111E+20,5.45518E+21,7.3942E+15,4.92382E+16
100418,7.1701E+18,7,3,37,23,2017,1,14,1,3,5,3,0,1,0,1,0,0,1,4.40531E+20,5.45192E+21,8.18339E+15,4.92172E+16
100419,7.1701E+18,7,3,38,10,2017,1,2,1,3,9,1,0,1,0,0,0,2,1,4.51731E+20,5.46267E+21,8.33587E+15,4.93148E+16
100420,7.1701E+18,7,1,33,10,2017,1,5,1,2,8,1,0,1,0,0,0,2,2,3.92417E+20,5.51046E+21,7.50695E+15,4.9737E+16
100421,7.1701E+18,7,1,33,107,2017,1,16,1,3,8,1,0,1,0,0,0,1,0,4.07544E+20,5.5191E+21,7.71477E+15,4.98172E+16
100422,7.1701E+18,7,2,31,25,2017,1,13,1,2,8,1,0,1,0,0,0,0,1,3.46504E+20,5.55337E+21,6.8531E+15,5.01127E+16
100423,7.1701E+18,7,1,43,286,2017,1,20,1,3,9,1,0,1,0,0,0,2,0,4.34228E+20,5.60896E+21,8.07006E+15,5.06288E+16
100424,7.1701E+18,7,1,43,309,2017,1,1,1,3,8,1,0,1,0,0,0,2,2,4.36819E+20,5.60413E+21,8.10751E+15,5.05856E+16
100425,7.1701E+18,7,1,32,99,2017,1,14,1,3,8,1,0,1,0,0,0,0,1,4.01646E+20,5.61425E+21,7.6081E+15,5.06718E+16
100426,7.1701E+18,7,1,31,211,2017,1,15,1,3,2,6,0,1,0,0,0,0,0,3.67803E+20,5.58443E+21,7.13998E+15,5.0397E+16
100427,7.1701E+18,7,1,40,18,2017,1,1,1,2,8,1,0,1,0,0,0,2,1,3.94262E+20,5.54974E+21,7.52178E+15,5.00905E+16
100428,7.1701E+18,7,1,37,226,2017,1,14,1,3,8,1,0,1,0,0,0,0,0,4.02011E+20,5.58385E+21,7.62127E+15,5.03985E+16
100429,7.1701E+18,7,1,33,23,2017,1,5,1,1,4,6,0,1,0,0,0,2,1,4.10916E+20,5.53588E+21,7.75776E+15,4.99686E+16
100430,7.1701E+18,7,1,37,57,2017,1,6,1,3,9,1,0,1,0,0,0,2,0,3.80518E+20,5.58389E+21,7.31896E+15,5.03949E+16
100431,9.17123E+18,9,1,84,140,2017,12,16,1,3,5,3,0,1,0,0,0,0,0,7.00622E+20,5.32796E+21,1.16934E+16,4.80733E+16
100432,9.17123E+18,9,1,84,141,2017,12,22,1,3,0,6,0,1,0,0,0,2,0,6.96582E+20,5.3162E+21,1.16338E+16,4.79689E+16
100433,9.17123E+18,9,7,73,125,2017,12,15,1,3,5,3,0,1,0,0,0,0,0,6.11728E+20,5.38273E+21,1.05151E+16,4.85877E+16
100434,9.17123E+18,9,7,61,0,2017,12,22,1,3,0,7,1,0,0,0,0,2,0,6.41553E+20,5.35779E+21,1.09109E+16,4.83574E+16
100435,9.17123E+18,9,6,74,147,2017,12,12,1,3,5,3,0,1,0,0,0,0,1,6.11662E+20,5.54528E+21,1.05597E+16,5.00493E+16
100436,9.17123E+18,9,6,76,121,2017,12,17,1,3,5,3,0,1,0,0,0,2,0,5.11361E+20,5.52046E+21,9.15799E+15,4.98365E+16
100437,9.17123E+18,9,5,75,163,2017,12,3,1,3,3,1,0,1,0,0,0,2,1,5.84785E+20,5.48801E+21,1.01719E+16,4.95387E+16
100438,9.17123E+18,9,4,79,112,2017,12,5,1,3,9,1,0,1,0,0,0,2,1,7.27365E+20,5.55193E+21,1.21778E+16,5.00761E+16
100439,9.17123E+18,9,4,73,134,2017,12,16,1,3,2,6,0,1,0,0,0,1,0,6.4606E+20,5.56532E+21,1.10476E+16,5.0222E+16
100440,9.17123E+18,9,4,71,137,2017,12,13,1,2,0,1,0,0,0,1,0,0,1,6.3764E+20,5.53234E+21,1.09177E+16,4.99276E+16
100441,9.17123E+18,9,4,74,123,2017,12,18,1,3,1,7,0,1,0,0,0,2,1,6.48437E+20,5.51322E+21,1.10607E+16,4.97531E+16
100442,9.17123E+18,9,4,61,0,2017,12,15,1,3,5,2,0,1,0,0,0,0,0,6.34854E+20,5.53071E+21,1.08784E+16,4.99135E+16
100443,9.17123E+18,9,2,71,132,2017,12,16,1,3,9,1,0,1,0,0,0,1,1,7.87238E+20,5.42031E+21,1.29173E+16,4.88691E+16
100444,9.17123E+18,9,2,77,113,2017,12,10,1,3,5,3,0,1,0,0,0,0,0,8.04325E+20,5.37247E+21,1.31145E+16,4.84318E+16
100445,9.17123E+18,9,2,73,172,2017,12,20,1,3,7,7,0,1,0,0,0,2,0,7.11442E+20,5.40454E+21,1.18771E+16,4.87579E+16
100446,9.17123E+18,9,2,61,0,2017,12,22,1,3,5,3,0,1,0,0,0,2,0,7.32246E+20,5.38157E+21,1.21468E+16,4.85442E+16
100447,9.17123E+18,9,1,82,116,2017,12,5,1,3,7,6,0,1,0,0,0,2,1,7.0797E+20,5.29201E+21,1.17746E+16,4.77479E+16
100448,9.17123E+18,9,1,74,113,2017,12,16,1,3,1,1,0,1,0,1,0,0,0,6.74487E+20,5.34502E+21,1.13498E+16,4.82344E+16
100449,9.17123E+18,9,7,64,0,2017,12,15,7,3,2,6,0,1,0,0,0,0,1,5.8721E+20,5.31384E+21,1.01685E+16,4.79719E+16
100450,9.17123E+18,9,7,75,139,2017,12,4,7,3,0,1,1,0,0,0,0,2,2,5.77294E+20,5.36478E+21,1.00449E+16,4.84314E+16
100451,9.17123E+18,9,7,76,130,2017,12,8,7,3,9,1,0,1,0,0,0,0,2,5.5515E+20,5.27321E+21,9.73382E+15,4.761E+16
100452,9.17123E+18,9,7,62,0,2017,12,4,7,3,2,6,0,1,0,0,1,2,1,6.20829E+20,5.30444E+21,1.06161E+16,4.78819E+16
100453,9.17123E+18,9,7,73,122,2017,12,13,7,3,1,5,1,1,0,0,0,0,1,6.26285E+20,5.38538E+21,1.07132E+16,4.86088E+16
100454,9.17123E+18,9,7,71,130,2017,12,15,7,3,9,7,0,1,0,0,0,0,1,6.4575E+20,5.36282E+21,1.09693E+16,4.84017E+16
100455,9.17123E+18,9,6,77,165,2017,12,10,7,3,4,1,0,1,0,0,0,0,2,5.32969E+20,5.53689E+21,9.45987E+15,4.99835E+16
100456,9.17123E+18,9,6,77,165,2017,12,9,7,1,4,1,0,1,0,0,0,0,2,5.32741E+20,5.53644E+21,9.45665E+15,4.99794E+16
100457,9.17123E+18,9,6,77,203,2017,12,18,7,3,5,2,0,1,0,0,0,2,0,5.58577E+20,5.52895E+21,9.81583E+15,4.991E+16
100458,9.17123E+18,9,6,74,118,2017,12,7,7,3,8,6,0,1,0,0,0,2,2,6.21835E+20,5.54162E+21,1.07006E+16,5.00144E+16