OBJECTID,UIDENTSTLA,ULAND,UREGBEZ,UKREIS,UGEMEINDE,UJAHR,UMONAT,USTUNDE,UWOCHENTAG,UKATEGORIE,UART,UTYP1,IstRad,IstPKW,IstFuss,IstKrad,IstSonstig,LICHT,STRZUSTAND,LINREFX,LINREFY,XGCSWGS84,YGCSWGS84
100459,9.17123E+18,9,6,72,117,2017,12,13,7,3,9,1,0,1,0,0,0,0,1,5.68567E+20,5.56476E+21,9.96136E+15,5.0231E+16
100460,9.17123E+18,9,6,72,114,2017,12,17,7,3,2,6,0,1,0,0,0,1,0,5.77246E+20,5.56052E+21,1.00822E+16,5.01918E+16
100461,9.17123E+18,9,6,72,140,2017,12,16,7,2,9,1,0,1,0,0,0,1,1,5.82189E+20,5.55537E+21,1.01503E+16,5.01448E+16
100462,9.17123E+18,9,6,76,132,2017,12,20,7,3,4,3,0,1,0,0,0,2,1,5.14351E+20,5.50813E+21,9.19912E+15,4.97255E+16
100463,9.17123E+18,9,6,61,0,2017,12,13,7,3,2,6,0,1,0,0,1,0,1,5.09556E+20,5.53481E+21,9.13325E+15,4.99656E+16
100464,9.17123E+18,9,5,74,112,2017,12,20,7,3,5,3,0,1,0,0,0,2,1,6.68894E+20,5.47135E+21,1.13265E+16,4.93714E+16
100465,9.17123E+18,9,5,74,123,2017,12,12,7,3,1,6,0,1,0,0,0,0,1,6.59326E+20,5.47551E+21,1.11965E+16,4.94114E+16
100466,9.17123E+18,9,5,74,138,2017,12,0,7,2,8,1,0,1,0,0,1,2,2,6.6665E+20,5.48714E+21,1.13023E+16,4.9514E+16
100467,9.17123E+18,9,5,64,0,2017,12,11,7,3,8,1,0,1,0,0,0,0,1,6.49593E+20,5.48204E+21,1.10649E+16,4.94726E+16
100468,9.17123E+18,9,5,64,0,2017,12,17,7,3,2,6,0,1,0,0,0,2,1,6.4659E+20,5.48075E+21,1.1023E+16,4.94617E+16
100469,9.17123E+18,9,5,73,114,2017,12,19,7,3,8,1,0,1,0,0,0,2,1,6.34303E+20,5.4771E+21,1.08523E+16,4.94318E+16
100470,9.17123E+18,9,5,71,145,2017,12,23,7,3,9,1,0,1,0,0,0,2,1,5.95559E+20,5.45412E+21,1.03126E+16,4.92324E+16
100471,7.17013E+18,7,2,31,101,2017,1,4,2,3,8,1,0,1,0,0,0,2,2,3.51058E+20,5.54787E+21,6.91889E+15,5.00644E+16
100472,7.17013E+18,7,1,34,35,2017,1,7,2,3,9,1,0,1,0,0,0,1,2,3.84287E+20,5.52582E+21,7.3896E+15,4.98736E+16
100473,7.17013E+18,7,1,34,44,2017,1,6,2,3,8,1,0,1,0,0,0,1,2,3.76393E+20,5.52218E+21,7.28095E+15,4.98393E+16
100474,7.17013E+18,7,1,34,84,2017,1,8,2,2,9,1,0,1,0,0,0,0,2,3.73558E+20,5.50891E+21,7.24585E+15,4.97194E+16
100475,7.17013E+18,7,2,11,0,2017,1,7,2,3,6,7,0,1,1,0,0,1,1,3.30125E+20,5.51341E+21,6.64181E+15,4.97491E+16
100476,7.17013E+18,7,1,38,61,2017,1,7,2,2,4,1,0,1,0,0,0,2,1,3.92399E+20,5.59493E+21,7.48288E+15,5.04965E+16
100477,7.17013E+18,7,1,38,66,2017,1,7,2,2,2,2,0,1,0,0,0,2,1,3.98536E+20,5.59802E+21,7.56854E+15,5.05253E+16
100478,7.17013E+18,7,1,32,37,2017,1,12,2,3,4,1,0,1,0,0,0,0,1,4.16948E+20,5.64063E+21,7.81865E+15,5.09113E+16
100479,7.17013E+18,7,1,35,20,2017,1,18,2,3,5,3,0,1,0,0,1,2,1,3.69055E+20,5.55683E+21,7.16714E+15,5.01492E+16
100480,7.17013E+18,7,1,31,73,2017,1,15,2,3,3,6,1,1,0,0,0,0,1,3.66248E+20,5.59413E+21,7.11465E+15,5.04839E+16
100481,7.17013E+18,7,1,37,3,2017,1,5,2,3,1,1,0,1,0,0,0,2,2,3.86023E+20,5.58687E+21,7.39548E+15,5.04228E+16
100482,7.17013E+18,7,3,35,38,2017,1,18,1,3,2,6,0,1,0,0,0,2,0,3.93021E+20,5.47477E+21,7.52503E+15,4.94162E+16
100483,7.17013E+18,7,3,12,0,2017,1,19,1,3,3,6,0,1,0,1,0,2,0,4.09221E+20,5.47763E+21,7.74768E+15,4.94446E+16
100484,7.17013E+18,7,3,34,12,2017,1,10,1,3,5,3,0,1,0,0,0,0,0,4.47236E+20,5.43647E+21,8.27747E+15,4.90789E+16
100485,7.17013E+18,7,3,39,65,2017,1,21,1,2,8,7,0,1,0,0,0,2,0,4.24751E+20,5.52564E+21,7.95264E+15,4.98784E+16
100486,7.17013E+18,7,2,32,231,2017,1,7,1,3,8,1,0,1,0,0,0,1,1,3.07282E+20,5.56164E+21,6.30091E+15,5.01756E+16
100487,7.17013E+18,7,1,32,69,2017,1,13,1,2,8,1,0,1,0,0,0,0,1,3.95204E+20,5.61623E+21,7.51641E+15,5.06884E+16
100488,7.17013E+18,7,1,37,203,2017,1,17,1,3,6,2,0,1,1,0,0,0,0,3.98577E+20,5.58811E+21,7.57182E+15,5.04362E+16
100489,7.17013E+18,7,1,40,16,2017,1,19,1,3,2,6,0,1,0,0,0,2,0,4.00148E+20,5.55111E+21,7.60368E+15,5.01038E+16
100490,7.17013E+18,7,1,32,65,2017,1,19,1,3,8,1,0,1,0,0,0,2,0,3.93386E+20,5.60373E+21,7.49428E+15,5.05757E+16
100491,7.17013E+18,7,3,12,0,2017,1,22,7,3,8,1,0,1,0,0,0,2,2,4.10158E+20,5.4827E+21,7.75945E+15,4.94903E+16
100492,7.17013E+18,7,3,34,12,2017,1,16,7,3,2,6,0,1,0,0,0,0,0,4.48159E+20,5.43639E+21,8.29011E+15,4.90782E+16
100493,7.17013E+18,7,3,34,501,2017,1,11,7,3,2,2,0,1,0,0,0,0,0,4.40024E+20,5.42743E+21,8.18006E+15,4.89969E+16
100494,7.17013E+18,7,3,37,49,2017,1,9,7,2,4,1,0,1,0,0,0,0,1,4.28159E+20,5.44504E+21,8.01475E+15,4.9154E+16
100495,7.17013E+18,7,3,38,12,2017,1,8,7,2,9,1,0,1,0,0,0,0,2,4.47846E+20,5.48734E+21,8.27918E+15,4.95365E+16
100496,7.17013E+18,7,3,14,0,2017,1,19,7,3,5,2,0,1,0,0,0,2,0,4.55978E+20,5.48227E+21,8.39212E+15,4.94915E+16
100497,7.17013E+18,7,3,33,57,2017,1,22,7,3,9,1,0,1,0,0,0,2,0,4.27324E+20,5.50382E+21,7.99253E+15,4.96825E+16
100498,7.17013E+18,7,3,39,43,2017,1,6,7,1,7,6,0,1,1,0,0,2,0,4.51595E+20,5.52439E+21,8.3264E+15,4.987E+16
100499,7.17013E+18,7,3,15,0,2017,1,14,7,3,2,6,0,1,0,0,0,0,0,4.47274E+20,5.53561E+21,8.26474E+15,4.99705E+16
100500,7.17013E+18,7,2,35,69,2017,1,11,7,3,9,1,0,1,0,0,0,0,2,3.29067E+20,5.52473E+21,6.62214E+15,4.98506E+16
100501,7.17013E+18,7,1,38,19,2017,1,12,7,3,2,6,0,1,0,0,0,0,0,3.75947E+20,5.60465E+21,7.24779E+15,5.05806E+16
100502,7.17013E+18,7,1,32,66,2017,1,6,7,3,8,1,0,1,0,0,0,2,1,4.16297E+20,5.61938E+21,7.81424E+15,5.07202E+16
100503,7.17013E+18,7,1,11,0,2017,1,19,7,3,5,3,0,1,0,0,0,2,0,4.03597E+20,5.58075E+21,7.64437E+15,5.03709E+16
100504,7.17013E+18,7,3,12,0,2017,1,7,6,3,2,6,0,1,0,0,0,2,0,4.12584E+20,5.47767E+21,7.79405E+15,4.94454E+16
100505,7.17013E+18,7,3,37,79,2017,1,13,6,3,5,3,0,1,0,0,0,0,0,4.17305E+20,5.44121E+21,7.86671E+15,4.91181E+16
100506,7.17013E+18,7,3,37,74,2017,1,7,6,2,8,1,0,1,0,0,0,2,0,4.21524E+20,5.44252E+21,7.92425E+15,4.91305E+16
100507,7.17013E+18,7,3,39,5,2017,1,19,6,2,5,2,0,0,0,0,1,2,0,4.22133E+20,5.5315E+21,7.91503E+15,4.99308E+16
100508,7.17013E+18,7,3,19,0,2017,1,13,6,3,6,7,0,1,1,0,0,0,0,4.53649E+20,5.50071E+21,8.3578E+15,4.96571E+16
100509,7.17013E+18,7,3,15,0,2017,1,14,6,3,6,4,0,0,1,0,1,0,0,4.46878E+20,5.53886E+21,8.25877E+15,4.99997E+16
100510,7.17013E+18,7,3,19,0,2017,1,16,6,3,2,6,0,0,0,0,1,0,0,4.48365E+20,5.50067E+21,8.2846E+15,4.96563E+16
100511,7.17013E+18,7,2,31,7,2017,1,14,6,3,9,7,0,1,0,0,0,0,0,3.44752E+20,5.53777E+21,6.83492E+15,4.99721E+16
100512,7.17013E+18,7,1,34,45,2017,1,20,6,3,9,1,0,1,0,0,0,2,1,3.79523E+20,5.50713E+21,7.32911E+15,4.97046E+16
100513,7.17013E+18,7,1,34,41,2017,1,12,6,3,4,1,0,1,0,0,0,0,1,3.82063E+20,5.51127E+21,7.36307E+15,4.97424E+16
100514,7.17013E+18,7,2,35,146,2017,1,21,6,3,5,3,0,1,0,0,0,2,1,3.15665E+20,5.50564E+21,6.44493E+15,4.96751E+16
100515,7.17013E+18,7,2,35,118,2017,1,11,6,3,4,6,0,1,0,0,0,0,0,3.21122E+20,5.49715E+21,6.52438E+15,4.96005E+16
100516,7.17013E+18,7,2,11,0,2017,1,9,6,3,6,2,0,1,1,0,0,0,0,3.29375E+20,5.51363E+21,6.63131E+15,4.97509E+16
100517,7.17013E+18,7,1,41,97,2017,1,21,6,2,8,1,0,1,0,0,0,2,2,4.15104E+20,5.55836E+21,7.81117E+15,5.01713E+16
100518,7.17013E+18,7,1,41,1,2017,1,7,6,3,9,1,0,1,0,0,0,2,2,4.27831E+20,5.56837E+21,7.98745E+15,5.02631E+16
100519,7.17013E+18,7,1,43,81,2017,1,11,6,3,2,6,0,1,0,0,0,0,0,4.1465E+20,5.59138E+21,7.79733E+15,5.04682E+16
100520,7.17013E+18,7,1,38,34,2017,1,12,6,2,4,2,0,1,0,0,0,0,0,4.01692E+20,5.59643E+21,7.61348E+15,5.05116E+16
100521,7.17013E+18,7,1,31,202,2017,1,21,6,3,5,3,0,1,0,0,0,2,1,3.78918E+20,5.59089E+21,7.29421E+15,5.04575E+16
100522,7.17013E+18,7,1,31,77,2017,1,2,6,3,9,1,0,1,0,0,0,2,0,3.76506E+20,5.60082E+21,7.25696E+15,5.05462E+16
100523,7.17013E+18,7,1,37,216,2017,1,21,6,3,2,6,0,1,0,0,0,2,1,3.94328E+20,5.58416E+21,7.51311E+15,5.04E+16
100524,7.17013E+18,7,1,37,226,2017,1,7,6,3,6,4,0,1,1,0,0,1,0,4.01377E+20,5.58385E+21,7.61235E+15,5.03984E+16
100525,7.17013E+18,7,1,11,0,2017,1,11,6,3,5,3,0,1,0,1,0,0,0,3.97501E+20,5.57978E+21,7.55893E+15,5.03612E+16
100526,7.17013E+18,7,3,20,0,2017,1,8,5,3,5,3,0,1,0,0,0,0,0,3.82269E+20,5.45702E+21,7.3821E+15,4.92546E+16
100527,7.17013E+18,7,3,40,38,2017,1,13,5,3,2,6,0,1,0,0,0,0,0,4.01336E+20,5.45535E+21,7.64444E+15,4.9243E+16
100528,7.17013E+18,7,3,12,0,2017,1,17,5,3,1,2,0,1,0,0,0,2,0,4.09315E+20,5.47559E+21,7.74944E+15,4.94262E+16
100529,7.17013E+18,7,3,35,35,2017,1,9,5,3,4,6,0,1,0,0,1,0,0,4.1364E+20,5.48396E+21,7.80724E+15,4.95021E+16
100530,7.17013E+18,7,3,37,23,2017,1,7,5,3,0,3,0,1,0,0,0,1,0,4.41094E+20,5.45371E+21,8.19084E+15,4.92334E+16
100531,7.17013E+18,7,3,38,19,2017,1,10,5,3,8,1,0,1,0,0,0,0,0,4.53502E+20,5.47722E+21,8.35854E+15,4.94458E+16
100532,7.17013E+18,7,3,14,0,2017,1,8,5,3,2,2,0,1,0,0,0,0,0,4.583E+20,5.4807E+21,8.42436E+15,4.94776E+16
100533,7.17013E+18,7,3,14,0,2017,1,22,5,2,8,1,0,1,0,0,0,2,2,4.55822E+20,5.47806E+21,8.39045E+15,4.94536E+16
100534,7.17013E+18,7,1,33,94,2017,1,16,5,2,8,1,0,1,0,0,0,0,2,3.95464E+20,5.52321E+21,7.54579E+15,4.98522E+16
100535,7.17013E+18,7,3,31,30,2017,1,8,5,3,1,6,0,1,0,0,0,0,0,4.2263E+20,5.52653E+21,7.92296E+15,4.98862E+16
100536,7.17013E+18,7,3,31,30,2017,1,7,5,3,0,1,0,0,0,1,0,1,0,4.29827E+20,5.52074E+21,8.02417E+15,4.9835E+16
100537,7.17013E+18,7,3,31,6,2017,1,20,5,3,9,1,0,1,0,0,0,2,1,4.46328E+20,5.50777E+21,8.25541E+15,4.972E+16
100538,7.17013E+18,7,3,39,30,2017,1,18,5,3,2,6,0,1,0,0,0,2,0,4.33707E+20,5.53759E+21,8.07522E+15,4.99869E+16
100539,7.17013E+18,7,3,39,27,2017,1,17,5,3,6,4,0,0,1,0,1,0,0,4.36124E+20,5.53916E+21,8.10868E+15,5.00014E+16
100540,7.17013E+18,7,2,31,503,2017,1,18,5,2,3,6,0,0,0,0,1,2,0,3.40736E+20,5.54022E+21,6.77795E+15,4.9993E+16
100541,7.17013E+18,7,1,35,1,2017,1,8,5,2,4,6,0,1,0,0,0,0,2,3.63859E+20,5.54738E+21,7.09782E+15,5.00631E+16
100542,7.17013E+18,7,2,31,110,2017,1,8,5,3,9,1,0,1,0,0,1,0,0,3.6403E+20,5.54469E+21,7.10117E+15,5.00389E+16
100543,7.17013E+18,7,1,35,92,2017,1,7,5,3,2,6,0,1,0,0,0,1,2,3.73276E+20,5.54335E+21,7.23066E+15,5.00289E+16
100544,7.17013E+18,7,2,33,42,2017,1,17,5,3,8,1,0,1,0,0,0,0,1,3.50721E+20,5.55858E+21,6.91E+15,5.01606E+16
100545,7.17013E+18,7,2,33,26,2017,1,11,5,3,4,2,0,1,0,0,0,0,0,3.31547E+20,5.56566E+21,6.63864E+15,5.02191E+16
100546,7.17013E+18,7,2,32,296,2017,1,10,5,3,4,1,0,1,0,0,0,0,1,3.16535E+20,5.56476E+21,6.42886E+15,5.02065E+16
100547,7.17013E+18,7,1,34,42,2017,1,9,5,3,8,1,0,1,0,0,0,0,1,3.69792E+20,5.49752E+21,7.19742E+15,4.96162E+16
100548,7.17013E+18,7,2,11,0,2017,1,16,5,2,2,6,0,1,0,0,0,0,0,3.34595E+20,5.5209E+21,6.70062E+15,4.98177E+16
100549,7.17013E+18,7,1,32,9,2017,1,13,5,3,5,3,0,1,0,0,0,0,0,3.99576E+20,5.61842E+21,7.57768E+15,5.07089E+16
100550,7.17013E+18,7,1,32,501,2017,1,12,5,3,1,6,0,1,0,0,0,0,0,4.03838E+20,5.61718E+21,7.63836E+15,5.06985E+16
100551,7.17013E+18,7,1,35,20,2017,1,17,5,3,9,1,0,1,0,0,0,1,2,3.67713E+20,5.55546E+21,7.14884E+15,5.01366E+16
100552,7.17013E+18,7,1,40,502,2017,1,7,5,3,8,1,0,1,0,0,0,0,1,3.82852E+20,5.55463E+21,7.36084E+15,5.01324E+16
100553,7.17013E+18,7,1,31,77,2017,1,17,5,2,6,4,0,1,1,0,0,0,0,3.76269E+20,5.6008E+21,7.25362E+15,5.05461E+16
100554,7.17013E+18,7,1,41,75,2017,1,13,5,3,5,3,0,1,0,0,0,0,0,4.02184E+20,5.57145E+21,7.62691E+15,5.02871E+16
100555,7.17013E+18,7,1,11,0,2017,1,19,5,3,5,3,0,1,0,1,0,2,0,3.98527E+20,5.58082E+21,7.57307E+15,5.03707E+16
100556,7.17013E+18,7,1,37,202,2017,1,19,5,3,2,1,0,1,0,0,1,2,1,3.91613E+20,5.57905E+21,7.47639E+15,5.03536E+16
100557,7.17013E+18,7,3,33,502,2017,1,22,4,2,9,1,0,1,0,0,0,2,1,4.17071E+20,5.49956E+21,7.85132E+15,4.96429E+16
100558,7.17013E+18,7,3,35,38,2017,1,5,4,3,0,5,0,1,0,0,0,2,0,3.95355E+20,5.47957E+21,7.55594E+15,4.94597E+16
100559,7.17013E+18,7,3,32,2,2017,1,14,4,2,9,1,0,1,0,0,0,0,1,4.35486E+20,5.47953E+21,8.10964E+15,4.9465E+16
100560,7.17013E+18,7,3,37,76,2017,1,15,4,3,4,6,0,1,0,0,1,0,0,4.2968E+20,5.4336E+21,8.0376E+15,4.90512E+16
100561,7.17013E+18,7,3,13,0,2017,1,17,4,3,5,3,0,1,0,0,0,2,0,4.32634E+20,5.45126E+21,8.07507E+15,4.92104E+16
100562,7.17013E+18,7,3,37,22,2017,1,12,4,3,4,2,0,1,0,0,0,0,0,4.28268E+20,5.44695E+21,8.01591E+15,4.91712E+16
100563,7.17013E+18,7,3,14,0,2017,1,11,4,3,1,2,0,1,0,0,1,0,0,4.55341E+20,5.482E+21,8.38337E+15,4.9489E+16
100564,7.17013E+18,7,3,31,55,2017,1,13,4,3,8,1,0,1,0,0,0,0,0,4.51268E+20,5.50625E+21,8.32412E+15,4.97068E+16
100565,7.17013E+18,7,3,19,0,2017,1,12,4,3,2,6,0,1,0,0,0,0,0,4.52896E+20,5.49723E+21,8.34778E+15,4.96258E+16
100566,7.17013E+18,7,3,19,0,2017,1,7,4,3,2,6,0,1,0,0,0,0,0,4.53222E+20,5.50534E+21,8.35133E+15,4.96988E+16
100567,7.17013E+18,7,3,39,30,2017,1,17,4,3,2,2,0,1,0,0,0,1,0,4.30441E+20,5.53725E+21,8.02973E+15,4.99835E+16
100568,7.17013E+18,7,2,32,296,2017,1,19,4,3,5,7,0,1,0,0,0,2,2,3.17434E+20,5.56539E+21,6.44113E+15,5.02125E+16
100569,7.17013E+18,7,2,31,134,2017,1,18,4,3,9,1,0,1,0,0,0,2,0,3.49376E+20,5.5422E+21,6.89763E+15,5.0013E+16
100570,7.17013E+18,7,2,11,0,2017,1,13,4,3,2,6,0,1,0,0,0,0,0,3.31209E+20,5.51492E+21,6.65619E+15,4.9763E+16
100571,7.17013E+18,7,1,43,308,2017,1,17,4,3,0,1,0,0,0,1,0,2,2,4.2588E+20,5.60231E+21,7.95338E+15,5.0568E+16
100572,7.17013E+18,7,1,40,18,2017,1,19,4,3,4,6,0,1,0,0,0,2,1,3.93325E+20,5.55011E+21,7.50859E+15,5.00937E+16
100573,7.17013E+18,7,1,40,9,2017,1,18,4,3,9,1,0,1,0,0,0,2,1,3.86963E+20,5.5469E+21,7.42063E+15,5.00636E+16
100574,7.17013E+18,7,1,37,3,2017,1,10,4,3,2,6,0,0,0,1,1,0,0,3.83872E+20,5.58679E+21,7.36524E+15,5.04217E+16
100575,7.17013E+18,7,1,37,229,2017,1,7,4,3,0,6,0,1,0,0,0,0,0,4.01245E+20,5.58583E+21,7.60997E+15,5.04162E+16
100576,7.17012E+18,7,3,40,24,2017,1,7,3,3,2,6,0,1,0,0,0,2,1,3.9553E+20,5.45605E+21,7.56452E+15,4.92483E+16
100577,7.17012E+18,7,3,35,26,2017,1,0,3,3,9,1,0,1,0,0,0,2,0,4.15359E+20,5.48378E+21,7.83101E+15,4.95008E+16
100578,7.17012E+18,7,3,18,0,2017,1,17,3,3,5,3,1,1,0,0,0,2,0,4.58574E+20,5.46413E+21,8.42987E+15,4.93285E+16
100579,7.17012E+18,7,3,39,51,2017,1,8,3,2,6,4,0,1,1,0,0,2,0,4.35195E+20,5.5314E+21,8.09702E+15,4.99315E+16
100580,7.17012E+18,7,2,35,45,2017,1,19,3,3,3,6,0,1,0,0,0,2,0,3.50076E+20,5.50275E+21,6.92265E+15,4.96586E+16
100581,7.17012E+18,7,1,38,3,2017,1,13,3,3,3,6,0,1,0,0,0,0,0,3.89183E+20,5.61413E+21,7.43183E+15,5.06684E+16
100582,7.17012E+18,7,1,32,65,2017,1,11,3,2,5,3,0,1,0,0,0,0,0,3.93062E+20,5.60415E+21,7.48959E+15,5.05794E+16
100583,7.17012E+18,7,1,38,45,2017,1,12,3,3,3,6,0,1,0,0,0,0,0,3.94764E+20,5.58809E+21,7.51814E+15,5.04354E+16
100584,7.17012E+18,7,1,37,69,2017,1,7,3,2,4,2,0,1,0,0,1,1,1,3.76987E+20,5.58304E+21,7.26959E+15,5.03865E+16
100585,7.17012E+18,7,1,37,203,2017,1,10,3,2,6,4,0,1,1,0,0,0,0,3.98524E+20,5.58772E+21,7.57118E+15,5.04327E+16
100586,7.17012E+18,7,1,37,43,2017,1,6,3,3,8,1,0,1,0,0,0,2,1,3.7361E+20,5.56979E+21,7.22655E+15,5.02667E+16
100587,7.17012E+18,7,3,17,0,2017,1,12,2,3,2,6,0,1,0,0,0,0,0,3.97455E+20,5.45054E+21,7.59237E+15,4.91991E+16
100588,7.17012E+18,7,3,32,17,2017,1,10,2,3,4,1,0,1,0,0,0,0,1,4.42159E+20,5.47503E+21,8.20238E+15,4.94252E+16
100589,7.17012E+18,7,3,32,2,2017,1,7,2,3,6,2,0,1,1,0,0,2,0,4.40411E+20,5.47937E+21,8.17764E+15,4.94641E+16
100590,7.17012E+18,7,3,32,34,2017,1,12,2,3,9,1,0,1,0,0,0,0,1,4.34039E+20,5.46932E+21,8.09137E+15,4.9373E+16
100591,7.17012E+18,7,3,34,13,2017,1,9,2,3,8,1,0,1,0,0,0,0,0,4.39375E+20,5.43604E+21,8.1699E+15,4.90743E+16
100592,7.17012E+18,7,3,37,21,2017,1,10,2,3,1,2,0,1,0,0,0,0,0,4.36757E+20,5.4579E+21,8.13063E+15,4.92706E+16
100593,7.17012E+18,7,3,37,501,2017,1,19,2,3,4,6,0,1,0,0,1,2,2,4.2416E+20,5.45102E+21,7.95879E+15,4.92073E+16
100594,7.17012E+18,7,3,37,501,2017,1,7,2,2,4,1,0,1,0,0,0,1,0,4.22694E+20,5.45171E+21,7.93853E+15,4.92133E+16
100595,7.17012E+18,7,3,18,0,2017,1,17,2,3,1,6,0,1,0,0,0,2,1,4.58478E+20,5.46546E+21,8.4284E+15,4.93405E+16
100596,7.17012E+18,7,1,33,501,2017,1,21,2,3,5,3,0,1,0,1,0,2,2,4.01949E+20,5.51576E+21,7.63786E+15,4.97863E+16
100597,7.17012E+18,7,1,33,67,2017,1,20,2,2,8,1,0,1,0,0,0,2,1,3.97979E+20,5.51691E+21,7.58243E+15,4.9796E+16
100598,7.17012E+18,7,3,39,30,2017,1,18,2,3,2,6,0,1,0,0,0,2,0,4.30288E+20,5.53596E+21,8.02783E+15,4.99719E+16
100599,7.17012E+18,7,3,15,0,2017,1,8,2,2,4,2,0,1,0,0,0,0,0,4.42985E+20,5.53787E+21,8.20459E+15,4.99904E+16
100600,7.17012E+18,7,3,15,0,2017,1,22,2,3,4,6,0,1,0,0,0,2,1,4.46619E+20,5.53517E+21,8.25566E+15,4.99665E+16
100601,7.17012E+18,7,2,33,42,2017,1,17,2,3,9,1,0,1,0,0,0,2,0,3.48722E+20,5.55807E+21,6.88224E+15,5.01555E+16
100602,7.17012E+18,7,1,34,42,2017,1,16,2,3,1,6,0,1,0,0,0,0,0,3.68576E+20,5.49703E+21,7.18076E+15,4.96115E+16
100603,7.17012E+18,7,2,11,0,2017,1,21,2,2,5,3,1,1,0,0,0,2,0,3.33723E+20,5.5188E+21,6.68941E+15,4.97986E+16
100604,7.17012E+18,7,2,11,0,2017,1,8,2,3,3,5,0,1,0,1,0,0,1,3.27653E+20,5.51257E+21,6.60789E+15,4.97409E+16
100605,7.17012E+18,7,1,43,297,2017,1,7,2,3,4,6,0,1,0,0,1,0,0,4.29401E+20,5.61086E+21,8.00147E+15,5.06453E+16
100606,7.17012E+18,7,1,41,29,2017,1,12,2,3,2,6,0,1,0,0,0,0,1,4.31112E+20,5.57924E+21,8.03149E+15,5.03612E+16
100607,7.17012E+18,7,1,38,41,2017,1,19,2,2,4,6,0,1,0,1,0,2,1,3.79042E+20,5.6031E+21,7.292E+15,5.05673E+16
100608,7.17012E+18,7,1,32,91,2017,1,13,2,3,9,1,0,1,0,0,0,0,1,4.0388E+20,5.62343E+21,7.63733E+15,5.07547E+16
100609,7.17012E+18,7,1,32,14,2017,1,7,2,3,2,6,0,1,0,0,0,0,0,4.08942E+20,5.62308E+21,7.70915E+15,5.07523E+16
100610,7.17012E+18,7,1,31,6,2017,1,11,2,3,4,2,0,1,0,0,0,0,0,3.8014E+20,5.59574E+21,7.30986E+15,5.05014E+16
100611,7.17012E+18,7,1,37,203,2017,1,11,2,3,2,6,0,1,0,0,1,0,0,3.98515E+20,5.58769E+21,7.57106E+15,5.04324E+16
100612,7.17012E+18,7,1,11,0,2017,1,10,2,3,2,6,0,1,0,0,1,0,0,3.99605E+20,5.58043E+21,7.58833E+15,5.03674E+16
100613,7.17012E+18,7,1,37,89,2017,1,20,2,3,8,1,0,1,0,0,0,2,1,3.78016E+20,5.57372E+21,7.28707E+15,5.0303E+16
100614,7.17012E+18,7,3,32,28,2017,1,22,1,3,8,1,0,1,0,0,0,2,1,4.40267E+20,5.48272E+21,8.17514E+15,4.94942E+16
100615,7.17012E+18,7,3,32,2,2017,1,14,1,3,2,6,0,1,0,0,0,0,0,4.40028E+20,5.4797E+21,8.1723E+15,4.9467E+16
100616,7.17012E+18,7,3,18,0,2017,1,19,1,3,5,2,0,1,0,0,0,2,0,4.58527E+20,5.46346E+21,8.42928E+15,4.93225E+16
100617,7.17012E+18,7,1,33,40,2017,1,1,1,3,8,1,0,1,0,0,0,2,0,4.15019E+20,5.5248E+21,7.81741E+15,4.98696E+16
100618,7.17012E+18,7,3,31,24,2017,1,18,1,2,5,1,0,1,0,0,0,2,0,4.38696E+20,5.50434E+21,8.15007E+15,4.96884E+16
100619,7.17012E+18,7,3,39,17,2017,1,17,1,2,2,6,0,1,0,1,0,2,0,4.4008E+20,5.53063E+21,8.16521E+15,4.9925E+16
100620,7.17012E+18,7,3,15,0,2017,1,15,1,3,2,6,0,1,0,0,0,0,0,4.43768E+20,5.5379E+21,8.21552E+15,4.99908E+16
100621,7.17012E+18,7,3,15,0,2017,1,11,1,3,2,6,0,1,0,0,0,0,0,4.48217E+20,5.53872E+21,8.27747E+15,4.99985E+16
100622,7.17012E+18,7,3,39,42,2017,1,17,1,2,3,6,0,1,0,0,0,2,0,4.42013E+20,5.52898E+21,8.19238E+15,4.99104E+16
100623,7.17012E+18,7,1,35,3,2017,1,13,1,3,4,1,0,1,0,0,0,0,1,3.72594E+20,5.53967E+21,7.22236E+15,4.99957E+16
100624,7.17012E+18,7,1,35,10,2017,1,12,1,3,8,1,0,1,0,0,0,0,0,3.78323E+20,5.54744E+21,7.29979E+15,5.00668E+16
100625,7.17012E+18,7,2,31,3,2017,1,12,1,3,8,1,0,1,0,0,0,0,2,3.38422E+20,5.53586E+21,6.74752E+15,4.99532E+16
100626,7.17012E+18,7,1,34,36,2017,1,20,1,3,8,1,0,1,0,0,0,2,0,3.74366E+20,5.49755E+21,7.2607E+15,4.96174E+16
100627,7.17012E+18,7,2,11,0,2017,1,4,1,3,5,3,0,1,0,0,0,2,1,3.28928E+20,5.51425E+21,6.62483E+15,4.97564E+16
100628,7.17012E+18,7,1,43,239,2017,1,15,1,3,2,6,0,1,0,0,0,0,1,4.24418E+20,5.59601E+21,7.93401E+15,5.05112E+16
100629,7.17012E+18,7,1,32,72,2017,1,17,1,3,5,3,0,1,0,0,0,1,0,4.27253E+20,5.6327E+21,7.96678E+15,5.08414E+16
100630,7.17012E+18,7,1,11,0,2017,1,22,1,3,8,1,0,1,0,0,0,2,2,3.97726E+20,5.5825E+21,7.56137E+15,5.03857E+16