OBJECTID,UIDENTSTLA,ULAND,UREGBEZ,UKREIS,UGEMEINDE,UJAHR,UMONAT,USTUNDE,UWOCHENTAG,UKATEGORIE,UART,UTYP1,IstRad,IstPKW,IstFuss,IstKrad,IstSonstig,LICHT,STRZUSTAND,LINREFX,LINREFY,XGCSWGS84,YGCSWGS84
100631,7.17012E+18,7,3,33,9,2017,1,13,7,3,8,1,0,1,0,0,0,0,0,4.22887E+20,5.4927E+21,7.93322E+15,4.9582E+16
100632,7.17012E+18,7,3,35,3,2017,1,11,7,3,1,5,0,1,0,0,0,0,0,3.88026E+20,5.47152E+21,7.45711E+15,4.9386E+16
100633,7.17012E+18,7,3,35,501,2017,1,17,7,3,9,1,0,1,0,0,0,2,0,3.93024E+20,5.48477E+21,7.52237E+15,4.95061E+16
100634,7.17013E+18,7,2,31,124,2017,1,0,3,3,9,1,0,1,0,0,0,2,1,3.65132E+20,5.53505E+21,7.11993E+15,4.99526E+16
100635,7.17013E+18,7,2,35,152,2017,1,13,3,3,1,2,0,1,0,0,0,0,1,3.34203E+20,5.49461E+21,6.70632E+15,4.95813E+16
100636,7.17013E+18,7,2,35,62,2017,1,6,3,3,0,7,0,1,0,0,0,2,1,3.15441E+20,5.49114E+21,6.44865E+15,4.95447E+16
100637,7.17012E+18,7,3,12,0,2017,1,13,7,2,5,3,0,1,0,0,0,0,0,4.05662E+20,5.47148E+21,7.70006E+15,4.93887E+16
100638,7.17012E+18,7,3,12,0,2017,1,12,7,3,9,1,0,1,0,0,0,0,2,4.15991E+20,5.47109E+21,7.84243E+15,4.93867E+16
100639,7.17012E+18,7,3,38,7,2017,1,8,7,3,9,1,0,1,0,0,0,1,0,4.54373E+20,5.46301E+21,8.37217E+15,4.93181E+16
100640,7.17012E+18,7,3,39,5,2017,1,11,7,3,2,6,0,1,0,0,1,0,0,4.20305E+20,5.53569E+21,7.8887E+15,4.99682E+16
100641,7.17012E+18,7,1,33,40,2017,1,12,7,3,5,3,1,1,0,0,0,0,0,4.15142E+20,5.52468E+21,7.81915E+15,4.98685E+16
100642,7.17012E+18,7,3,33,39,2017,1,2,7,3,9,1,0,1,0,0,0,2,2,4.27329E+20,5.50377E+21,7.99261E+15,4.96821E+16
100643,7.17012E+18,7,3,15,0,2017,1,11,7,3,3,6,0,1,0,0,0,0,0,4.46634E+20,5.53929E+21,8.25531E+15,5.00035E+16
100644,7.17012E+18,7,3,39,5,2017,1,1,7,3,8,7,0,1,0,0,0,2,0,4.23873E+20,5.53107E+21,7.93936E+15,4.99271E+16
100645,7.17012E+18,7,2,31,134,2017,1,11,7,3,3,6,0,1,0,0,0,0,0,3.51166E+20,5.53949E+21,6.92365E+15,4.99892E+16
100646,7.17012E+18,7,2,11,0,2017,1,19,7,3,3,7,0,1,0,0,0,2,0,3.29118E+20,5.51314E+21,6.62795E+15,4.97464E+16
100647,7.17012E+18,7,1,41,108,2017,1,20,7,3,8,1,0,1,0,0,0,2,2,4.03373E+20,5.56682E+21,7.64478E+15,5.02456E+16
100648,7.17012E+18,7,1,41,108,2017,1,5,7,3,8,1,0,1,0,0,0,1,1,4.0361E+20,5.567E+21,7.64806E+15,5.02473E+16
100649,7.17012E+18,7,1,40,125,2017,1,8,7,3,5,3,0,1,0,0,0,0,0,4.03798E+20,5.53898E+21,7.65776E+15,4.99953E+16
100650,7.17012E+18,7,1,41,501,2017,1,13,7,3,2,2,0,1,0,0,0,0,0,4.03435E+20,5.56986E+21,7.64487E+15,5.0273E+16
100651,7.17012E+18,7,1,11,0,2017,1,19,7,3,2,6,0,1,0,0,0,2,0,3.97083E+20,5.58285E+21,7.55222E+15,5.03887E+16
100652,7.17012E+18,7,3,35,4,2017,1,17,6,2,2,6,0,1,0,0,0,2,0,4.18444E+20,5.47975E+21,7.87445E+15,4.94649E+16
100653,7.17012E+18,7,3,12,0,2017,1,15,6,3,5,3,0,1,0,0,0,0,0,4.02339E+20,5.47727E+21,7.65286E+15,4.94403E+16
100654,7.17012E+18,7,3,11,0,2017,1,13,6,3,2,6,0,1,0,0,1,0,0,4.50148E+20,5.48307E+21,8.31153E+15,4.94983E+16
100655,7.17012E+18,7,3,11,0,2017,1,11,6,3,2,7,0,1,0,0,0,0,0,4.50132E+20,5.48407E+21,8.31118E+15,4.95072E+16
100656,7.17012E+18,7,3,32,24,2017,1,7,6,3,5,2,1,1,0,0,0,2,0,4.39658E+20,5.49118E+21,8.16544E+15,4.95702E+16
100657,7.17012E+18,7,3,18,0,2017,1,8,6,3,5,3,1,1,0,0,0,0,0,4.57913E+20,5.46298E+21,8.42089E+15,4.93181E+16
100658,7.17012E+18,7,3,38,8,2017,1,19,6,3,6,2,0,1,1,0,0,2,0,4.4858E+20,5.4792E+21,8.29039E+15,4.94633E+16
100659,7.17012E+18,7,1,33,96,2017,1,18,6,3,4,2,0,1,0,0,0,1,0,3.93712E+20,5.5182E+21,7.52281E+15,4.98068E+16
100660,7.17012E+18,7,3,33,26,2017,1,11,6,2,5,3,0,1,0,1,0,0,0,4.30833E+20,5.49366E+21,8.04296E+15,4.95916E+16
100661,7.17012E+18,7,3,31,3,2017,1,15,6,2,5,2,0,1,0,0,0,0,0,4.35885E+20,5.51098E+21,8.11002E+15,4.97479E+16
100662,7.17012E+18,7,3,19,0,2017,1,14,6,2,6,2,0,1,1,0,0,0,0,4.54869E+20,5.49773E+21,8.37504E+15,4.96304E+16
100663,7.17012E+18,7,3,39,30,2017,1,11,6,2,6,4,0,1,1,0,0,0,0,4.29898E+20,5.53617E+21,8.02237E+15,4.99738E+16
100664,7.17012E+18,7,3,15,0,2017,1,22,6,3,4,2,0,1,0,0,0,2,0,4.47562E+20,5.53764E+21,8.26847E+15,4.99888E+16
100665,7.17012E+18,7,3,31,58,2017,1,16,6,3,2,6,0,1,0,0,0,0,0,4.39819E+20,5.5245E+21,8.16252E+15,4.98698E+16
100666,7.17012E+18,7,3,31,27,2017,1,16,6,3,8,6,0,1,0,0,0,0,0,4.33303E+20,5.5076E+21,8.07476E+15,4.97172E+16
100667,7.17012E+18,7,1,35,76,2017,1,7,6,3,8,6,0,1,0,0,0,1,1,3.66129E+20,5.54747E+21,7.12949E+15,5.00644E+16
100668,7.17012E+18,7,2,31,8,2017,1,6,6,3,8,1,0,1,0,0,0,2,2,3.71099E+20,5.54203E+21,7.20072E+15,5.00166E+16
100669,7.17012E+18,7,2,31,18,2017,1,16,6,3,4,1,0,1,0,0,1,0,2,3.60657E+20,5.51212E+21,7.06582E+15,4.97454E+16
100670,7.17012E+18,7,2,31,123,2017,1,15,6,2,4,1,0,1,0,0,0,0,0,3.55311E+20,5.51418E+21,6.9909E+15,4.97626E+16
100671,7.17012E+18,7,1,34,48,2017,1,12,6,3,4,6,0,1,0,0,1,0,0,3.748E+20,5.50225E+21,7.2652E+15,4.96598E+16
100672,7.17012E+18,7,2,35,136,2017,1,13,6,3,5,3,0,1,0,0,0,0,0,3.21053E+20,5.49433E+21,6.5247E+15,4.95751E+16
100673,7.17012E+18,7,2,11,0,2017,1,13,6,3,2,6,0,1,0,0,0,0,0,3.29588E+20,5.51497E+21,6.63367E+15,4.9763E+16
100674,7.17012E+18,7,1,43,263,2017,1,6,6,3,8,1,0,1,0,0,0,2,1,4.22071E+20,5.59401E+21,7.90134E+15,5.04928E+16
100675,7.17012E+18,7,1,43,286,2017,1,5,6,2,5,2,0,1,0,0,0,2,0,4.34644E+20,5.60871E+21,8.07598E+15,5.06266E+16
100676,7.17012E+18,7,1,43,279,2017,1,15,6,3,2,1,0,1,0,0,0,0,0,4.21229E+20,5.60888E+21,7.88633E+15,5.06265E+16
100677,7.17012E+18,7,1,43,287,2017,1,0,6,3,7,7,0,1,0,0,0,2,0,4.07579E+20,5.60777E+21,7.69367E+15,5.06145E+16
100678,7.17012E+18,7,1,41,6,2017,1,12,6,3,6,4,0,0,1,1,0,0,0,4.08947E+20,5.5777E+21,7.72031E+15,5.03444E+16
100679,7.17012E+18,7,1,43,29,2017,1,13,6,2,5,3,0,1,0,0,1,0,1,4.10836E+20,5.60343E+21,7.74073E+15,5.0576E+16
100680,7.17012E+18,7,1,38,9,2017,1,12,6,3,5,3,0,0,0,0,1,0,1,3.82786E+20,5.6032E+21,7.3448E+15,5.0569E+16
100681,7.17012E+18,7,1,35,40,2017,1,12,6,3,5,3,0,1,0,0,1,0,0,3.63779E+20,5.56746E+21,7.08953E+15,5.02436E+16
100682,7.17012E+18,7,1,31,1,2017,1,15,6,3,2,2,0,1,0,0,0,0,0,3.52319E+20,5.58363E+21,6.92257E+15,5.03861E+16
100683,7.17012E+18,7,1,31,7,2017,1,14,6,3,2,6,0,1,0,0,0,0,0,3.65406E+20,5.6009E+21,7.10034E+15,5.05446E+16
100684,7.17012E+18,7,1,37,68,2017,1,19,6,3,1,6,0,1,0,0,0,2,1,3.74574E+20,5.57533E+21,7.23823E+15,5.03168E+16
100685,7.17012E+18,7,1,37,57,2017,1,5,6,3,3,6,1,1,0,0,0,2,0,3.80443E+20,5.58197E+21,7.31852E+15,5.03776E+16
100686,7.17012E+18,7,1,11,0,2017,1,16,6,3,5,3,0,1,0,0,0,0,0,3.99384E+20,5.58065E+21,7.58517E+15,5.03693E+16
100687,7.17012E+18,7,1,11,0,2017,1,10,6,3,6,4,0,1,1,0,0,0,0,3.98223E+20,5.58104E+21,7.56875E+15,5.03726E+16
100688,7.17012E+18,7,1,31,90,2017,1,9,6,3,2,6,0,1,0,0,1,0,0,3.66119E+20,5.60431E+21,7.10917E+15,5.05753E+16
100689,7.17012E+18,7,1,31,90,2017,1,7,6,3,9,1,0,1,0,0,0,0,0,3.66279E+20,5.60448E+21,7.11138E+15,5.05769E+16
100690,7.17012E+18,7,1,38,44,2017,1,6,6,3,2,6,0,0,0,0,1,2,0,3.88607E+20,5.60792E+21,7.42556E+15,5.06125E+16
100691,7.17013E+18,7,1,43,62,2017,1,21,3,3,4,6,0,1,0,0,0,2,1,4.09639E+20,5.59131E+21,7.72677E+15,5.04668E+16
100692,7.17013E+18,7,1,38,12,2017,1,11,3,3,8,1,0,1,0,0,0,0,1,4.04597E+20,5.60163E+21,7.6531E+15,5.05588E+16
100693,7.17012E+18,7,3,20,0,2017,1,16,5,3,5,2,0,1,0,0,0,0,0,3.80519E+20,5.45675E+21,7.35813E+15,4.92519E+16
100694,7.17012E+18,7,3,18,0,2017,1,15,5,3,2,6,0,1,0,0,1,0,0,4.57644E+20,5.46404E+21,8.41708E+15,4.93276E+16
100695,7.17012E+18,7,1,33,6,2017,1,19,5,3,3,6,0,1,0,0,0,2,0,4.20454E+20,5.52327E+21,7.89334E+15,4.98566E+16
100696,7.17012E+18,7,3,19,0,2017,1,12,5,3,6,4,0,1,1,0,0,0,0,4.53532E+20,5.497E+21,8.35661E+15,4.96238E+16
100697,7.17012E+18,7,2,31,502,2017,1,18,5,3,9,1,0,1,0,0,0,2,0,3.64507E+20,5.51712E+21,7.1175E+15,4.97912E+16
100698,7.17012E+18,7,1,34,69,2017,1,10,5,3,1,5,0,1,0,0,0,0,0,3.81498E+20,5.52464E+21,7.35115E+15,4.98625E+16
100699,7.17012E+18,7,2,35,126,2017,1,11,5,3,8,1,0,1,0,0,0,0,1,3.29219E+20,5.49162E+21,6.63873E+15,4.9553E+16
100700,7.17012E+18,7,1,43,237,2017,1,12,5,3,1,6,0,1,0,0,0,0,0,4.31837E+20,5.60694E+21,8.03663E+15,5.06104E+16
100701,7.17012E+18,7,1,43,289,2017,1,12,5,3,5,3,0,1,0,0,0,0,1,4.20943E+20,5.60255E+21,7.88363E+15,5.05696E+16
100702,7.17012E+18,7,1,43,286,2017,1,11,5,2,5,3,0,1,0,0,1,0,0,4.34712E+20,5.60776E+21,8.07711E+15,5.06181E+16
100703,7.17012E+18,7,1,43,280,2017,1,17,5,3,3,6,0,1,0,0,0,2,1,4.24211E+20,5.61524E+21,7.92717E+15,5.0684E+16
100704,7.17012E+18,7,1,43,279,2017,1,10,5,3,2,6,0,1,0,0,0,0,1,4.22456E+20,5.60944E+21,7.90355E+15,5.06317E+16
100705,7.17012E+18,7,1,41,6,2017,1,20,5,3,6,2,0,1,1,0,0,2,0,4.09622E+20,5.57592E+21,7.73023E+15,5.03284E+16
100706,7.17012E+18,7,1,38,4,2017,1,21,5,3,9,1,0,1,0,0,0,2,1,3.83729E+20,5.60125E+21,7.35872E+15,5.05517E+16
100707,7.17012E+18,7,1,32,63,2017,1,11,5,3,1,6,0,1,0,0,0,0,0,4.20109E+20,5.62933E+21,7.86606E+15,5.08102E+16
100708,7.17013E+18,7,1,35,2,2017,1,19,3,3,2,6,0,1,0,0,0,2,1,3.59173E+20,5.56168E+21,7.02711E+15,5.01905E+16
100709,7.17013E+18,7,1,40,92,2017,1,22,3,3,8,1,0,1,0,0,0,2,1,3.92355E+20,5.52907E+21,7.50093E+15,4.99043E+16
100710,7.17013E+18,7,1,37,3,2017,1,7,3,3,1,2,0,1,0,0,0,1,1,3.87792E+20,5.58642E+21,7.4205E+15,5.04191E+16
100711,7.17012E+18,7,1,32,72,2017,1,6,5,2,1,6,0,1,0,0,1,2,1,4.25517E+20,5.63055E+21,7.94257E+15,5.08219E+16
100712,7.17012E+18,7,1,31,90,2017,1,7,5,3,8,1,0,1,0,0,0,0,2,3.63258E+20,5.60643E+21,7.06802E+15,5.05938E+16
100713,7.17013E+18,7,1,37,216,2017,1,7,3,3,2,6,0,1,0,0,0,2,1,3.95973E+20,5.5837E+21,7.53638E+15,5.03961E+16
100714,7.17012E+18,7,1,37,212,2017,1,6,5,3,5,3,0,1,0,0,0,2,1,3.93144E+20,5.57822E+21,7.49815E+15,5.03464E+16
100715,7.17012E+18,7,1,11,0,2017,1,8,5,3,2,6,0,1,0,0,0,1,0,3.99971E+20,5.57905E+21,7.59385E+15,5.0355E+16
100716,7.17012E+18,7,1,38,71,2017,1,8,5,3,2,6,0,1,0,0,0,0,0,3.94936E+20,5.60295E+21,7.51638E+15,5.0569E+16
100717,7.17012E+18,7,3,35,38,2017,1,7,4,3,2,6,0,1,0,0,0,1,0,3.96201E+20,5.47818E+21,7.56797E+15,4.94474E+16
100718,7.17012E+18,7,3,36,31,2017,1,6,4,2,5,3,0,1,0,0,0,2,0,3.85919E+20,5.48101E+21,7.42537E+15,4.9471E+16
100719,7.17012E+18,7,3,12,0,2017,1,13,4,3,4,2,0,1,0,0,0,0,0,4.09349E+20,5.4785E+21,7.74924E+15,4.94524E+16
100720,7.17012E+18,7,3,37,501,2017,1,17,4,1,6,4,0,1,1,0,0,2,0,4.2565E+20,5.4512E+21,7.9792E+15,4.92091E+16
100721,7.17012E+18,7,3,38,25,2017,1,7,4,2,7,1,0,1,1,0,0,1,0,4.5641E+20,5.46796E+21,8.39967E+15,4.93628E+16
100722,7.17012E+18,7,3,14,0,2017,1,5,4,3,5,3,0,1,0,0,0,2,0,4.57154E+20,5.48456E+21,8.40812E+15,4.95121E+16
100723,7.17012E+18,7,3,19,0,2017,1,13,4,3,5,3,0,1,0,0,1,0,0,4.53278E+20,5.50388E+21,8.35229E+15,4.96857E+16
100724,7.17012E+18,7,3,39,57,2017,1,15,4,3,0,6,0,1,0,0,0,0,0,4.36355E+20,5.53007E+21,8.11341E+15,4.99196E+16
100725,7.17012E+18,7,2,31,134,2017,1,19,4,3,5,1,0,1,0,0,0,2,2,3.49235E+20,5.53842E+21,6.89715E+15,4.99791E+16
100726,7.17012E+18,7,2,31,134,2017,1,16,4,3,5,3,0,1,0,0,0,0,0,3.49032E+20,5.53903E+21,6.89408E+15,4.99844E+16
100727,7.17012E+18,7,1,34,93,2017,1,17,4,3,8,1,0,1,0,0,0,2,1,3.83089E+20,5.52034E+21,7.37458E+15,4.98241E+16
100728,7.17012E+18,7,2,35,118,2017,1,8,4,2,6,4,0,1,1,0,0,0,0,3.23264E+20,5.49827E+21,6.55348E+15,4.96111E+16
100729,7.17012E+18,7,2,11,0,2017,1,7,4,3,6,4,0,1,1,0,0,2,0,3.33082E+20,5.5138E+21,6.68265E+15,4.97535E+16
100730,7.17012E+18,7,1,43,248,2017,1,15,4,3,1,6,0,1,0,0,0,0,2,4.24109E+20,5.61496E+21,7.92579E+15,5.06815E+16
100731,7.17012E+18,7,1,41,32,2017,1,9,4,3,4,6,0,1,0,0,0,0,1,4.29476E+20,5.56649E+21,8.01088E+15,5.02464E+16
100732,7.17013E+18,7,1,37,227,2017,1,16,3,1,3,6,0,1,0,0,0,1,1,3.95921E+20,5.56994E+21,7.53944E+15,5.02724E+16
100733,7.17013E+18,7,1,37,202,2017,1,18,3,3,2,6,0,0,0,0,1,2,0,3.90769E+20,5.5782E+21,7.46478E+15,5.03457E+16
100734,7.17012E+18,7,1,43,9,2017,1,9,4,3,0,7,0,1,0,0,0,1,1,4.08153E+20,5.59666E+21,7.70451E+15,5.05147E+16
100735,7.17012E+18,7,1,35,20,2017,1,14,4,3,4,2,0,1,0,0,0,0,0,3.69148E+20,5.55733E+21,7.16827E+15,5.01537E+16
100736,7.17012E+18,7,1,31,70,2017,1,9,4,3,2,2,0,1,0,0,0,0,1,3.75108E+20,5.60372E+21,7.23626E+15,5.0572E+16
100737,7.17012E+18,7,1,37,70,2017,1,18,4,3,9,1,0,1,0,0,0,2,0,3.78836E+20,5.57029E+21,7.29968E+15,5.02723E+16
100738,7.17012E+18,7,1,37,68,2017,1,16,4,3,1,3,0,1,0,0,0,0,1,3.74213E+20,5.57571E+21,7.23304E+15,5.03201E+16
100739,7.17012E+18,7,1,37,3,2017,1,9,4,2,5,3,0,1,1,0,0,0,1,3.88095E+20,5.58811E+21,7.42426E+15,5.04343E+16
100740,7.17012E+18,7,1,11,0,2017,1,6,4,3,3,6,0,1,0,0,1,0,0,3.96892E+20,5.58302E+21,7.54949E+15,5.03901E+16
100741,7.17013E+18,7,3,35,37,2017,1,18,2,3,5,2,0,1,0,0,0,1,1,4.01105E+20,5.47028E+21,7.63758E+15,4.93771E+16
100742,7.17012E+18,7,3,40,8,2017,1,12,3,3,4,6,0,1,0,0,0,0,1,3.98423E+20,5.44022E+21,7.60825E+15,4.91065E+16
100743,7.17012E+18,7,3,20,0,2017,1,1,3,2,8,7,0,1,0,0,0,2,1,3.82842E+20,5.45681E+21,7.39002E+15,4.92529E+16
100744,7.17013E+18,7,3,32,2,2017,1,6,2,3,2,6,0,1,0,0,0,2,1,4.41368E+20,5.47928E+21,8.19085E+15,4.94634E+16
100745,7.17012E+18,7,3,38,20,2017,1,16,3,3,2,6,0,1,0,0,0,0,0,4.5752E+20,5.47084E+21,8.41464E+15,4.93887E+16
100746,7.17012E+18,7,3,16,0,2017,1,12,3,3,2,6,0,1,0,0,0,0,0,4.38453E+20,5.4664E+21,8.15263E+15,4.93473E+16
100747,7.17012E+18,7,3,34,23,2017,1,21,3,2,5,3,0,1,0,0,0,2,0,4.44369E+20,5.44868E+21,8.23652E+15,4.91884E+16
100748,7.17012E+18,7,3,13,0,2017,1,16,3,3,1,6,0,1,0,0,0,0,0,4.38987E+20,5.44947E+21,8.16255E+15,4.9195E+16
100749,7.17012E+18,7,3,18,0,2017,1,11,3,3,3,2,1,1,0,0,0,0,0,4.57644E+20,5.46404E+21,8.41708E+15,4.93276E+16
100750,7.17012E+18,7,3,38,16,2017,1,7,3,2,3,6,0,1,0,1,0,2,0,4.47894E+20,5.48694E+21,8.27989E+15,4.95328E+16
100751,7.17012E+18,7,1,33,52,2017,1,14,3,3,5,3,0,1,0,0,0,0,0,3.88442E+20,5.51626E+21,7.45014E+15,4.97884E+16
100752,7.17012E+18,7,3,39,27,2017,1,11,3,2,1,5,0,1,0,0,0,0,0,4.38061E+20,5.53951E+21,8.13564E+15,5.00047E+16
100753,7.17012E+18,7,2,11,0,2017,1,18,3,3,2,6,0,1,0,0,0,2,1,3.2915E+20,5.51675E+21,6.62682E+15,4.97789E+16
100754,7.17012E+18,7,2,31,134,2017,1,16,3,3,5,3,0,1,0,0,0,0,0,3.49416E+20,5.53878E+21,6.89953E+15,4.99823E+16
100755,7.17012E+18,7,1,34,56,2017,1,17,3,3,8,1,0,1,0,0,0,2,2,3.76271E+20,5.51818E+21,7.28053E+15,4.98033E+16
100756,7.17012E+18,7,2,35,149,2017,1,16,3,3,5,3,0,1,0,0,0,0,0,3.17073E+20,5.50054E+21,6.46682E+15,4.96296E+16
100757,7.17012E+18,7,2,11,0,2017,1,17,3,2,2,6,0,1,0,0,0,2,1,3.33014E+20,5.51406E+21,6.68159E+15,4.97558E+16
100758,7.17012E+18,7,1,43,286,2017,1,16,3,3,2,6,0,1,0,0,0,0,1,4.34015E+20,5.60707E+21,8.06739E+15,5.06118E+16
100759,7.17012E+18,7,1,41,120,2017,1,12,3,3,5,3,0,1,0,0,0,0,0,4.14733E+20,5.56139E+21,7.8053E+15,5.01986E+16
100760,7.17012E+18,7,1,38,12,2017,1,10,3,2,8,1,0,1,0,0,0,0,2,4.04641E+20,5.6016E+21,7.65373E+15,5.05586E+16
100761,7.17012E+18,7,1,32,66,2017,1,20,3,3,4,2,0,1,0,0,0,2,0,4.17259E+20,5.61868E+21,7.82802E+15,5.0714E+16
100762,7.17012E+18,7,1,38,45,2017,1,16,3,3,5,3,1,1,0,0,0,0,0,3.91349E+20,5.59047E+21,7.46938E+15,5.04561E+16
100763,7.17012E+18,7,1,37,226,2017,1,16,3,3,2,6,0,1,0,0,0,0,0,4.01014E+20,5.58429E+21,7.60713E+15,5.04023E+16
100764,7.17012E+18,7,3,17,0,2017,1,16,2,3,2,6,0,1,0,0,0,0,0,3.97251E+20,5.44982E+21,7.58976E+15,4.91926E+16
100765,7.17012E+18,7,3,12,0,2017,1,16,2,3,1,6,0,1,0,0,0,0,0,4.0819E+20,5.477E+21,7.7336E+15,4.94387E+16
100766,7.17012E+18,7,3,35,34,2017,1,14,2,3,1,6,0,1,0,0,0,0,0,4.07352E+20,5.48277E+21,7.7207E+15,4.94905E+16
100767,7.17012E+18,7,3,14,0,2017,1,14,2,3,2,6,0,1,0,0,0,0,0,4.58023E+20,5.47985E+21,8.42062E+15,4.94698E+16
100768,7.17012E+18,7,3,14,0,2017,1,14,2,2,3,6,0,1,0,0,1,0,0,4.58804E+20,5.48069E+21,8.43131E+15,4.94775E+16
100769,7.17012E+18,7,3,31,70,2017,1,17,2,1,8,1,0,1,0,0,0,2,1,4.2843E+20,5.51311E+21,8.00615E+15,4.97662E+16
100770,7.17012E+18,7,3,31,3,2017,1,9,2,3,5,3,1,1,0,0,0,0,1,4.35097E+20,5.51027E+21,8.09919E+15,4.97414E+16
100771,7.17013E+18,7,3,19,0,2017,1,18,2,3,3,6,0,1,0,0,1,2,1,4.54728E+20,5.49793E+21,8.37306E+15,4.96322E+16
100772,7.17012E+18,7,3,19,0,2017,1,23,2,2,8,1,0,1,0,0,0,2,2,4.48272E+20,5.49714E+21,8.28378E+15,4.96246E+16
100773,7.17012E+18,7,3,19,0,2017,1,8,2,3,1,2,1,1,0,0,0,0,1,4.51769E+20,5.49986E+21,8.33186E+15,4.96493E+16
100774,7.17012E+18,7,3,39,42,2017,1,7,2,3,4,6,0,1,0,0,0,1,1,4.43129E+20,5.52893E+21,8.20793E+15,4.99101E+16
100775,7.17012E+18,7,3,15,0,2017,1,21,2,3,2,6,0,1,0,0,0,2,1,4.46396E+20,5.5408E+21,8.25177E+15,5.00171E+16
100776,7.17013E+18,7,2,33,64,2017,1,22,2,3,8,1,0,1,0,0,0,2,1,3.53825E+20,5.56596E+21,6.95058E+15,5.02277E+16
100777,7.17012E+18,7,2,31,1,2017,1,9,2,3,8,1,0,1,0,0,0,0,2,3.5032E+20,5.5349E+21,6.91364E+15,4.99477E+16
100778,7.17012E+18,7,2,31,87,2017,1,16,2,3,4,1,0,1,0,1,0,0,1,3.61749E+20,5.52807E+21,7.0753E+15,4.9889E+16
100779,7.17013E+18,7,2,33,501,2017,1,22,2,3,8,1,0,1,0,0,0,2,2,3.62451E+20,5.57163E+21,7.0694E+15,5.02808E+16
100780,7.17012E+18,7,2,31,123,2017,1,20,2,3,8,1,0,1,0,0,0,2,1,3.56368E+20,5.51429E+21,7.00552E+15,4.97639E+16
100781,7.17012E+18,7,2,31,502,2017,1,8,2,3,4,1,0,1,0,0,1,0,2,3.64452E+20,5.51734E+21,7.11666E+15,4.97932E+16
100782,7.17012E+18,7,1,34,75,2017,1,22,2,3,8,1,0,1,0,0,0,2,0,3.75541E+20,5.49817E+21,7.27676E+15,4.96232E+16
100783,7.17012E+18,7,1,34,45,2017,1,15,2,3,2,6,0,1,0,0,0,0,1,3.78488E+20,5.5078E+21,7.31455E+15,4.97104E+16
100784,7.17012E+18,7,1,34,45,2017,1,15,2,3,6,4,0,1,1,0,0,0,0,3.78745E+20,5.50931E+21,7.31765E+15,4.97241E+16
100785,7.17012E+18,7,1,43,242,2017,1,15,2,3,5,3,0,1,0,0,0,0,1,4.28031E+20,5.60789E+21,7.98267E+15,5.06185E+16
100786,7.17012E+18,7,1,41,63,2017,1,7,2,3,8,1,0,1,0,0,0,1,2,4.17396E+20,5.5679E+21,7.84118E+15,5.02574E+16
100787,7.17013E+18,7,2,33,79,2017,1,10,2,3,8,1,0,0,0,0,1,0,1,3.3662E+20,5.5584E+21,6.71282E+15,5.01553E+16
100788,7.17012E+18,7,1,43,32,2017,1,13,2,3,5,3,0,1,0,0,0,0,1,4.06341E+20,5.58662E+21,7.68148E+15,5.04241E+16
100789,7.17012E+18,7,1,38,41,2017,1,8,2,3,2,6,0,1,0,0,0,0,2,3.78906E+20,5.60302E+21,7.2901E+15,5.05666E+16
100790,7.17012E+18,7,1,31,6,2017,1,7,2,2,2,6,0,1,0,0,0,2,2,3.78867E+20,5.59754E+21,7.29134E+15,5.05172E+16
100791,7.17012E+18,7,1,40,154,2017,1,20,2,3,8,1,0,1,0,0,0,2,1,3.87012E+20,5.53523E+21,7.42475E+15,4.99587E+16
100792,7.17012E+18,7,1,40,107,2017,1,9,2,3,8,1,0,1,0,0,0,0,2,3.79634E+20,5.53196E+21,7.32295E+15,4.99279E+16
100793,7.17012E+18,7,1,37,81,2017,1,7,2,3,2,6,0,1,0,0,0,2,2,3.82867E+20,5.58626E+21,7.35126E+15,5.04166E+16
100794,7.17012E+18,7,1,40,85,2017,1,8,2,3,1,5,0,1,0,0,0,0,2,4.02912E+20,5.54367E+21,7.64421E+15,5.00374E+16
100795,7.17012E+18,7,1,43,48,2017,1,6,2,3,2,6,0,1,0,0,1,2,2,4.12617E+20,5.59048E+21,7.76892E+15,5.04598E+16
100796,7.17012E+18,7,3,17,0,2017,1,6,1,2,9,1,0,1,0,0,0,2,1,3.97301E+20,5.45383E+21,7.58941E+15,4.92286E+16
100797,7.17012E+18,7,3,33,55,2017,1,21,1,2,1,5,0,1,0,1,0,2,1,4.14145E+20,5.50649E+21,7.80929E+15,4.97048E+16
100798,7.17012E+18,7,3,15,0,2017,1,12,1,3,8,1,0,1,0,0,0,0,2,4.50729E+20,5.53542E+21,8.31294E+15,4.99691E+16
100799,7.17012E+18,7,2,32,50,2017,1,10,1,3,8,1,0,1,0,0,0,0,2,3.3384E+20,5.53607E+21,6.68361E+15,4.99538E+16
100800,7.17012E+18,7,2,35,101,2017,1,16,1,3,9,1,0,0,0,0,1,0,0,3.19287E+20,5.504E+21,6.49585E+15,4.96615E+16
100801,7.17012E+18,7,2,35,151,2017,1,16,1,2,5,3,0,1,0,0,0,0,1,3.35462E+20,5.53059E+21,6.70854E+15,4.9905E+16
100802,7.17011E+18,7,3,40,38,2017,1,8,7,3,8,1,0,1,0,0,0,0,2,3.99247E+20,5.45367E+21,7.61618E+15,4.92275E+16