OBJECTID,UIDENTSTLA,ULAND,UREGBEZ,UKREIS,UGEMEINDE,UJAHR,UMONAT,USTUNDE,UWOCHENTAG,UKATEGORIE,UART,UTYP1,IstRad,IstPKW,IstFuss,IstKrad,IstSonstig,LICHT,STRZUSTAND,LINREFX,LINREFY,XGCSWGS84,YGCSWGS84
101149,7.1703E+18,7,1,38,40,2017,3,3,7,3,2,6,0,1,0,0,1,2,0,3.96606E+20,5.60192E+21,7.54024E+15,5.056E+16
101150,7.1703E+18,7,3,17,0,2017,3,17,6,3,5,3,0,1,0,0,0,0,0,3.97244E+20,5.44922E+21,7.58982E+15,4.91872E+16
101151,7.17022E+18,7,3,18,0,2017,2,15,5,3,1,6,0,1,0,0,0,0,0,4.60149E+20,5.46274E+21,8.45169E+15,4.93161E+16
101152,7.1703E+18,7,3,40,32,2017,3,10,6,3,8,7,0,1,0,0,0,0,0,4.03957E+20,5.45168E+21,7.68133E+15,4.92104E+16
101153,7.1703E+18,7,3,12,0,2017,3,12,6,3,5,2,1,1,0,0,0,0,0,4.10144E+20,5.4764E+21,7.76069E+15,4.94336E+16
101154,7.1703E+18,7,3,38,19,2017,3,22,6,3,2,6,0,1,0,0,0,2,0,4.50563E+20,5.47793E+21,8.3179E+15,4.9452E+16
101155,7.1703E+18,7,3,32,24,2017,3,8,6,3,1,6,0,1,0,0,1,0,0,4.3976E+20,5.49033E+21,8.16698E+15,4.95626E+16
101156,7.1703E+18,7,3,32,24,2017,3,7,6,3,2,6,0,1,0,0,0,0,0,4.4048E+20,5.48952E+21,8.17706E+15,4.95554E+16
101157,7.1703E+18,7,3,32,2,2017,3,10,6,3,5,3,0,1,0,0,0,0,0,4.40546E+20,5.48091E+21,8.17927E+15,4.94779E+16
101158,7.1703E+18,7,3,37,501,2017,3,11,6,2,4,1,0,1,0,0,1,0,0,4.2292E+20,5.45164E+21,7.94165E+15,4.92127E+16
101159,7.1703E+18,7,3,37,22,2017,3,10,6,2,2,2,0,1,0,0,0,0,0,4.28212E+20,5.44584E+21,8.01534E+15,4.91611E+16
101160,7.1703E+18,7,3,18,0,2017,3,20,6,3,2,6,0,1,0,0,0,2,0,4.57188E+20,5.46287E+21,8.41093E+15,4.9317E+16
101161,7.1703E+18,7,1,33,6,2017,3,15,6,3,2,6,0,1,0,0,0,0,0,4.21478E+20,5.52227E+21,7.90778E+15,4.98477E+16
101162,7.1703E+18,7,2,31,134,2017,3,7,6,2,5,3,1,1,0,0,0,0,0,3.51495E+20,5.53985E+21,6.9281E+15,4.99925E+16
101163,7.1703E+18,7,1,43,62,2017,3,9,6,3,4,2,0,1,0,0,0,0,0,4.11523E+20,5.59187E+21,7.75318E+15,5.04721E+16
101164,7.1703E+18,7,1,37,69,2017,3,19,6,3,5,3,0,1,0,0,0,2,0,3.78806E+20,5.58053E+21,7.29597E+15,5.03643E+16
101165,7.1703E+18,7,3,40,17,2017,3,19,5,3,0,6,0,1,0,1,0,2,0,3.95321E+20,5.46054E+21,7.56048E+15,4.92887E+16
101166,7.17022E+18,7,3,38,25,2017,2,15,5,3,1,2,0,1,0,0,0,0,0,4.55856E+20,5.47199E+21,8.39158E+15,4.9399E+16
101167,7.17022E+18,7,3,14,0,2017,2,22,5,3,5,3,0,1,0,0,0,2,1,4.54888E+20,5.48258E+21,8.37704E+15,4.94942E+16
101168,7.17022E+18,7,3,31,73,2017,2,6,5,3,0,7,0,0,0,1,0,2,1,4.35723E+20,5.52117E+21,8.10608E+15,4.98395E+16
101169,7.1703E+18,7,3,20,0,2017,3,22,5,2,8,1,0,1,0,0,0,2,0,3.84193E+20,5.46411E+21,7.40647E+15,4.93188E+16
101170,7.17023E+18,7,2,11,0,2017,2,4,3,3,3,6,0,1,0,0,1,2,1,3.29152E+20,5.51374E+21,6.62816E+15,4.97518E+16
101171,7.17023E+18,7,1,43,229,2017,2,16,3,3,2,6,0,1,0,0,0,0,1,4.16859E+20,5.61379E+21,7.82345E+15,5.067E+16
101172,7.17023E+18,7,1,43,225,2017,2,12,3,2,4,6,0,1,0,0,0,0,0,4.08926E+20,5.61671E+21,7.7105E+15,5.06951E+16
101173,7.1703E+18,7,3,11,0,2017,3,10,5,3,3,6,0,1,0,0,1,0,0,4.53392E+20,5.48931E+21,8.35559E+15,4.95546E+16
101174,7.1703E+18,7,3,14,0,2017,3,8,5,3,2,6,0,1,0,0,0,0,0,4.53615E+20,5.48054E+21,8.3597E+15,4.94757E+16
101175,7.1703E+18,7,3,32,25,2017,3,10,5,2,0,1,0,0,0,1,0,0,0,4.4536E+20,5.4666E+21,8.24768E+15,4.93497E+16
101176,7.17022E+18,7,3,31,3,2017,2,8,5,2,2,6,0,1,0,0,0,0,0,4.33172E+20,5.51125E+21,8.07231E+15,4.975E+16
101177,7.17022E+18,7,3,15,0,2017,2,19,5,3,1,6,0,1,0,0,0,1,1,4.46418E+20,5.53988E+21,8.2522E+15,5.00089E+16
101178,7.17022E+18,7,3,15,0,2017,2,14,5,3,2,6,0,1,0,0,0,0,0,4.50027E+20,5.53708E+21,8.30294E+15,4.9984E+16
101179,7.17022E+18,7,3,15,0,2017,2,13,5,2,2,6,0,0,0,1,1,0,0,4.47002E+20,5.53549E+21,8.26096E+15,4.99694E+16
101180,7.1703E+18,7,3,32,21,2017,3,13,5,3,3,6,0,1,0,0,0,0,0,4.45419E+20,5.48853E+21,8.24547E+15,4.95469E+16
101181,7.1703E+18,7,3,34,18,2017,3,9,5,3,2,6,0,1,0,0,0,0,0,4.47411E+20,5.45491E+21,8.27746E+15,4.92447E+16
101182,7.1703E+18,7,3,37,46,2017,3,17,5,3,5,3,0,1,0,1,0,0,0,4.28001E+20,5.43294E+21,8.01474E+15,4.90452E+16
101183,7.1703E+18,7,3,38,14,2017,3,14,5,3,2,6,0,1,0,0,0,0,0,4.49566E+20,5.47551E+21,8.30446E+15,4.94302E+16
101184,7.17022E+18,7,2,32,279,2017,2,9,5,2,9,1,0,1,0,0,0,0,2,3.20101E+20,5.55124E+21,6.48515E+15,5.00862E+16
101185,7.1703E+18,7,3,31,15,2017,3,15,5,2,6,4,1,0,1,0,0,0,0,4.45702E+20,5.50988E+21,8.24642E+15,4.9739E+16
101186,7.17022E+18,7,2,33,240,2017,2,7,5,2,9,1,0,1,0,0,0,0,2,3.25404E+20,5.58059E+21,6.54572E+15,5.03514E+16
101187,7.1703E+18,7,3,31,47,2017,3,16,5,3,2,6,0,1,0,0,0,0,0,4.46442E+20,5.50096E+21,8.25792E+15,4.96588E+16
101188,7.1703E+18,7,3,31,3,2017,3,12,5,2,8,6,0,1,0,0,0,0,0,4.33846E+20,5.50926E+21,8.08201E+15,4.97322E+16
101189,7.1703E+18,7,2,33,4,2017,3,12,5,2,8,1,0,1,0,0,0,0,0,3.37554E+20,5.56678E+21,6.72229E+15,5.02308E+16
101190,7.1703E+18,7,1,31,1,2017,3,17,5,3,2,2,0,1,0,0,0,0,0,3.53702E+20,5.58312E+21,6.94222E+15,5.03819E+16
101191,7.1703E+18,7,1,11,0,2017,3,18,5,3,2,2,0,1,0,0,0,1,0,3.98708E+20,5.58194E+21,7.57532E+15,5.03808E+16
101192,7.1703E+18,7,3,20,0,2017,3,16,4,3,5,3,0,1,0,0,1,0,1,3.8359E+20,5.45769E+21,7.40004E+15,4.92609E+16
101193,7.1703E+18,7,3,12,0,2017,3,10,4,2,3,6,0,1,0,0,1,0,1,4.01605E+20,5.47706E+21,7.64279E+15,4.94382E+16
101194,7.1703E+18,7,3,35,204,2017,3,19,4,3,9,1,0,1,0,0,0,2,1,4.0346E+20,5.46561E+21,7.67115E+15,4.93356E+16
101195,7.1703E+18,7,3,37,50,2017,3,16,4,3,0,1,0,0,0,1,0,1,1,4.3807E+20,5.45524E+21,8.14909E+15,4.92468E+16
101196,7.1703E+18,7,3,13,0,2017,3,19,4,3,5,3,0,1,0,0,0,2,1,4.3624E+20,5.44958E+21,8.12484E+15,4.91957E+16
101197,7.1703E+18,7,3,38,20,2017,3,11,4,3,5,3,0,1,0,0,0,0,0,4.58249E+20,5.47444E+21,8.42431E+15,4.94212E+16
101198,7.1703E+18,7,3,11,0,2017,3,13,4,3,2,6,0,1,0,0,0,0,0,4.53285E+20,5.48663E+21,8.35443E+15,4.95305E+16
101199,7.1703E+18,7,3,14,0,2017,3,12,4,3,1,2,0,1,0,0,0,0,0,4.55341E+20,5.482E+21,8.38337E+15,4.9489E+16
101200,7.1703E+18,7,3,14,0,2017,3,14,4,3,2,6,0,1,0,0,0,0,0,4.57323E+20,5.48378E+21,8.41054E+15,4.95051E+16
101201,7.1703E+18,7,1,33,43,2017,3,17,4,3,4,6,0,1,0,0,0,0,1,3.86293E+20,5.52096E+21,7.41892E+15,4.98302E+16
101202,7.1703E+18,7,3,39,202,2017,3,13,4,3,5,3,0,1,0,0,0,0,0,4.31114E+20,5.5267E+21,8.04101E+15,4.98887E+16
101203,7.1703E+18,7,3,39,56,2017,3,5,4,3,0,7,0,1,0,0,0,2,0,4.2593E+20,5.52375E+21,7.96942E+15,4.98616E+16
101204,7.1703E+18,7,1,33,37,2017,3,18,4,3,5,3,0,1,0,0,0,2,1,4.21261E+20,5.52041E+21,7.90515E+15,4.98309E+16
101205,7.1703E+18,7,1,33,6,2017,3,9,4,3,5,3,1,1,0,0,0,0,0,4.18621E+20,5.52169E+21,7.86817E+15,4.98421E+16
101206,7.1703E+18,7,3,15,0,2017,3,17,4,3,2,6,0,1,0,0,0,1,1,4.43841E+20,5.54013E+21,8.21621E+15,5.00108E+16
101207,7.1703E+18,7,1,35,92,2017,3,11,4,2,1,6,0,1,0,0,1,0,1,3.73306E+20,5.5437E+21,7.23095E+15,5.00321E+16
101208,7.1703E+18,7,2,32,101,2017,3,20,4,2,5,3,0,1,0,0,0,2,1,3.2957E+20,5.54473E+21,6.6203E+15,5.00305E+16
101209,7.1703E+18,7,2,31,502,2017,3,20,4,3,8,1,0,1,0,0,0,2,1,3.65654E+20,5.52022E+21,7.13235E+15,4.98193E+16
101210,7.17022E+18,7,2,32,245,2017,2,7,5,3,1,6,0,1,0,0,0,0,2,2.99943E+20,5.55074E+21,6.20396E+15,5.00752E+16
101211,7.17022E+18,7,2,32,296,2017,2,6,5,3,8,6,0,1,0,0,0,2,1,3.13367E+20,5.563E+21,6.38536E+15,5.01898E+16
101212,7.17022E+18,7,1,43,48,2017,2,8,5,3,8,1,0,0,0,0,1,0,1,3.5404E+20,5.54066E+21,6.96327E+15,5.00004E+16
101213,7.17022E+18,7,2,31,69,2017,2,7,5,2,0,1,0,1,0,0,0,1,2,3.48047E+20,5.53019E+21,6.88383E+15,4.99047E+16
101214,7.1703E+18,7,2,11,0,2017,3,12,4,3,5,3,0,1,0,0,0,0,1,3.30816E+20,5.51441E+21,6.65095E+15,4.97584E+16
101215,7.17022E+18,7,2,31,107,2017,2,6,5,3,8,1,0,1,0,0,0,2,2,3.54604E+20,5.53567E+21,6.97303E+15,4.99557E+16
101216,7.17022E+18,7,1,43,203,2017,2,6,5,3,8,1,0,1,0,0,0,2,2,4.19904E+20,5.59974E+21,7.86957E+15,5.05441E+16
101217,7.1703E+18,7,1,43,229,2017,3,12,4,3,8,1,0,1,0,0,0,0,1,4.1862E+20,5.61376E+21,7.84838E+15,5.067E+16
101218,7.1703E+18,7,1,43,301,2017,3,12,4,3,4,6,0,1,0,0,0,0,0,4.09906E+20,5.61206E+21,7.7255E+15,5.06534E+16
101219,7.17023E+18,7,1,41,57,2017,2,20,3,2,9,1,0,1,0,0,0,2,1,4.24379E+20,5.58123E+21,7.93646E+15,5.03782E+16
101220,7.17023E+18,7,1,38,3,2017,2,19,3,3,7,7,0,1,0,0,0,2,1,3.90278E+20,5.60931E+21,7.44875E+15,5.06253E+16
101221,7.17023E+18,7,1,31,6,2017,2,12,3,3,5,3,0,1,0,0,0,0,0,3.79075E+20,5.59714E+21,7.2944E+15,5.05137E+16
101222,7.1703E+18,7,1,43,231,2017,3,11,4,3,9,1,0,1,0,0,0,0,1,4.24935E+20,5.60918E+21,7.93865E+15,5.06296E+16
101223,7.1703E+18,7,1,11,0,2017,3,12,4,1,6,4,0,1,1,0,0,0,0,3.99581E+20,5.57957E+21,7.58822E+15,5.03596E+16
101224,7.1703E+18,7,1,11,0,2017,3,14,4,3,2,6,0,1,0,0,0,0,0,3.99509E+20,5.57862E+21,7.58747E+15,5.03511E+16
101225,7.17023E+18,7,3,20,0,2017,2,13,3,3,5,3,0,1,0,0,0,0,1,3.79815E+20,5.45588E+21,7.34873E+15,4.92439E+16
101226,7.17023E+18,7,3,17,0,2017,2,5,3,3,5,2,1,1,0,0,0,2,1,3.98402E+20,5.45021E+21,7.60545E+15,4.91963E+16
101227,7.17023E+18,7,3,12,0,2017,2,6,3,3,2,6,0,1,0,0,1,1,1,4.0254E+20,5.47703E+21,7.65568E+15,4.94382E+16
101228,7.17022E+18,7,1,43,67,2017,2,17,5,3,4,2,0,1,0,0,0,0,1,4.12109E+20,5.59892E+21,7.75977E+15,5.05357E+16
101229,7.17023E+18,7,3,32,24,2017,2,18,3,3,6,4,0,1,1,0,0,2,1,4.39456E+20,5.48999E+21,8.16283E+15,4.95594E+16
101230,7.17023E+18,7,3,31,63,2017,2,5,3,3,8,1,0,1,0,0,0,2,1,4.32793E+20,5.52086E+21,8.0654E+15,4.98364E+16
101231,7.17022E+18,7,1,38,45,2017,2,10,5,2,5,1,1,0,0,0,0,0,1,3.91349E+20,5.59047E+21,7.46938E+15,5.04561E+16
101232,7.17023E+18,7,3,19,0,2017,2,6,3,3,5,3,0,0,0,1,1,2,1,4.53136E+20,5.49652E+21,8.35119E+15,4.96195E+16
101233,7.17022E+18,7,1,37,228,2017,2,15,5,3,1,2,0,1,0,0,0,0,1,3.89575E+20,5.58675E+21,7.44549E+15,5.04224E+16
101234,7.17023E+18,7,3,31,45,2017,2,3,3,2,8,1,0,1,0,0,0,2,1,4.50742E+20,5.50779E+21,8.31663E+15,4.97206E+16
101235,7.17023E+18,7,3,39,30,2017,2,7,3,2,4,6,0,1,0,0,0,1,1,4.3156E+20,5.53766E+21,8.04528E+15,4.99874E+16
101236,7.17023E+18,7,3,15,0,2017,2,11,3,3,6,4,0,1,1,0,0,0,1,4.47433E+20,5.5377E+21,8.26667E+15,4.99893E+16
101237,7.17023E+18,7,3,39,65,2017,2,16,3,3,2,6,0,1,0,0,1,0,1,4.24599E+20,5.5259E+21,7.95048E+15,4.98807E+16
101238,7.17023E+18,7,1,33,26,2017,2,15,3,2,9,7,0,1,0,0,0,0,1,4.19886E+20,5.53152E+21,7.88374E+15,4.99307E+16
101239,7.17023E+18,7,2,32,7,2017,2,16,3,3,8,1,0,1,0,0,0,0,2,3.2807E+20,5.54328E+21,6.60002E+15,5.0017E+16
101240,7.17023E+18,7,2,31,134,2017,2,10,3,3,1,6,0,1,0,0,0,0,1,3.48337E+20,5.53887E+21,6.88446E+15,4.99828E+16
101241,7.17023E+18,7,1,34,45,2017,2,11,3,3,9,1,0,1,0,0,0,0,1,3.7843E+20,5.51045E+21,7.31293E+15,4.97342E+16
101242,7.17023E+18,7,1,37,3,2017,2,9,3,3,5,3,0,1,0,0,0,0,0,3.88262E+20,5.5869E+21,7.42697E+15,5.04235E+16
101243,7.17023E+18,7,3,40,23,2017,2,16,2,3,2,7,0,1,0,0,1,0,0,3.95151E+20,5.45479E+21,7.55965E+15,4.92369E+16
101244,7.17023E+18,7,3,40,209,2017,2,19,2,3,1,2,0,1,0,0,0,1,0,3.86026E+20,5.46056E+21,7.4327E+15,4.92872E+16
101245,7.17023E+18,7,3,16,0,2017,2,19,2,3,2,6,0,1,0,0,0,2,0,4.38213E+20,5.46751E+21,8.14914E+15,4.93572E+16
101246,7.17022E+18,7,1,31,77,2017,2,16,5,3,2,6,0,1,0,0,0,0,1,3.74105E+20,5.59579E+21,7.22478E+15,5.05005E+16
101247,7.17022E+18,7,1,31,7,2017,2,12,5,3,8,7,0,1,0,0,1,0,0,3.68938E+20,5.6022E+21,7.14972E+15,5.0557E+16
101248,7.17022E+18,7,1,38,23,2017,2,22,5,3,8,1,0,1,0,0,0,2,1,4.03932E+20,5.59764E+21,7.64475E+15,5.05228E+16
101249,7.17023E+18,7,3,34,20,2017,2,6,2,3,8,7,0,1,0,0,0,1,0,4.36802E+20,5.43831E+21,8.13432E+15,4.90944E+16
101250,7.17023E+18,7,3,37,38,2017,2,22,2,3,1,5,0,1,0,1,0,2,1,4.42351E+20,5.44449E+21,8.20944E+15,4.91505E+16
101251,7.17022E+18,7,1,38,44,2017,2,14,5,3,8,1,0,1,0,0,0,0,1,3.85913E+20,5.60944E+21,7.38703E+15,5.06257E+16
101252,7.17023E+18,7,3,18,0,2017,2,13,2,3,4,6,0,1,0,0,1,0,0,4.61816E+20,5.46069E+21,8.47481E+15,4.92977E+16
101253,7.17022E+18,7,3,40,30,2017,2,17,4,3,2,6,0,1,0,0,1,0,0,4.19656E+20,5.44843E+21,7.89747E+15,4.91834E+16
101254,7.17023E+18,7,3,14,0,2017,2,11,2,3,2,6,0,1,0,0,0,0,0,4.54833E+20,5.4825E+21,8.37629E+15,4.94935E+16
101255,7.17023E+18,7,3,31,34,2017,2,3,2,3,8,1,0,1,0,0,0,2,0,4.53377E+20,5.51382E+21,8.35247E+15,4.9775E+16
101256,7.17023E+18,7,3,15,0,2017,2,21,2,3,3,6,0,1,0,1,0,2,1,4.46982E+20,5.53889E+21,8.26022E+15,5E+16
101257,7.17023E+18,7,2,35,103,2017,2,19,2,3,7,7,0,1,0,0,0,2,1,3.41792E+20,5.50417E+21,6.80738E+15,4.96693E+16
101258,7.17023E+18,7,2,35,50,2017,2,3,2,3,9,1,0,1,0,0,0,2,0,3.39218E+20,5.50579E+21,6.77107E+15,4.96831E+16
101259,7.17023E+18,7,2,35,68,2017,2,21,2,2,7,1,0,0,0,1,0,2,1,3.29664E+20,5.50568E+21,6.63877E+15,4.96796E+16
101260,7.17023E+18,7,1,43,237,2017,2,21,2,2,8,1,0,1,0,0,0,2,1,4.2995E+20,5.60732E+21,8.0099E+15,5.06136E+16
101261,7.17023E+18,7,1,43,248,2017,2,15,2,3,8,1,0,1,0,0,0,0,0,4.24158E+20,5.61393E+21,7.92669E+15,5.06723E+16
101262,7.17023E+18,7,1,43,37,2017,2,0,2,3,0,1,0,1,0,0,0,2,0,4.27483E+20,5.59009E+21,7.97839E+15,5.04584E+16
101263,7.17023E+18,7,1,31,90,2017,2,19,2,2,0,7,0,0,0,0,1,2,1,3.65245E+20,5.60388E+21,7.09699E+15,5.05712E+16
101264,7.17023E+18,7,3,40,51,2017,2,15,1,2,9,1,0,0,0,1,0,0,0,3.9791E+20,5.45825E+21,7.59665E+15,4.92685E+16
101265,7.17023E+18,7,3,35,38,2017,2,14,1,3,3,2,0,1,0,1,0,0,0,3.95651E+20,5.47914E+21,7.56014E+15,4.9456E+16
101266,7.17023E+18,7,3,35,30,2017,2,14,1,3,0,7,1,1,0,0,0,0,0,3.89411E+20,5.47954E+21,7.47395E+15,4.94585E+16
101267,7.17022E+18,7,3,35,38,2017,2,7,4,3,1,6,0,1,0,0,0,1,0,3.94157E+20,5.47515E+21,7.5406E+15,4.94198E+16
101268,7.17022E+18,7,3,12,0,2017,2,16,4,3,2,6,0,1,0,0,0,0,0,4.07106E+20,5.47693E+21,7.71867E+15,4.94379E+16
101269,7.17023E+18,7,3,35,34,2017,2,15,1,3,5,3,0,1,0,1,0,0,0,4.08721E+20,5.48238E+21,7.73969E+15,4.94871E+16
101270,7.17022E+18,7,3,12,0,2017,2,16,4,3,3,6,0,1,0,0,0,0,0,4.13139E+20,5.47903E+21,7.8014E+15,4.94577E+16
101271,7.17022E+18,7,3,38,20,2017,2,11,4,2,2,6,0,1,0,1,0,0,0,4.57197E+20,5.47327E+21,8.40994E+15,4.94106E+16
101272,7.17022E+18,7,3,32,37,2017,2,18,4,3,8,1,0,1,0,0,0,1,0,4.29081E+20,5.47218E+21,8.02258E+15,4.93982E+16
101273,7.17022E+18,7,3,16,0,2017,2,7,4,3,2,6,0,1,0,0,0,0,0,4.38905E+20,5.46539E+21,8.159E+15,4.93382E+16
101274,7.17022E+18,7,3,37,20,2017,2,6,4,3,2,6,0,1,0,0,0,0,0,4.38327E+20,5.45972E+21,8.15193E+15,4.92871E+16
101275,7.17023E+18,7,3,32,23,2017,2,14,1,3,3,1,0,0,0,1,0,0,0,4.4475E+20,5.48817E+21,8.23627E+15,4.95436E+16
101276,7.17023E+18,7,3,32,2,2017,2,16,1,2,2,7,0,0,0,1,0,0,0,4.27626E+20,5.47756E+21,8.00154E+15,4.94464E+16
101277,7.17023E+18,7,3,37,5,2017,2,13,1,3,4,6,0,1,0,0,0,0,0,4.26113E+20,5.43905E+21,7.9878E+15,4.90999E+16
101278,7.17023E+18,7,3,31,73,2017,2,13,1,3,5,3,0,1,0,0,0,0,0,4.37592E+20,5.52132E+21,8.13205E+15,4.9841E+16
101279,7.17023E+18,7,3,15,0,2017,2,19,1,3,5,3,0,1,0,0,0,2,0,4.47606E+20,5.53674E+21,8.26921E+15,4.99807E+16
101280,7.17023E+18,7,2,32,288,2017,2,12,1,3,5,3,0,1,0,0,1,0,0,3.16392E+20,5.57339E+21,6.42267E+15,5.0284E+16
101281,7.17023E+18,7,2,35,125,2017,2,17,1,2,0,7,0,0,0,0,1,0,0,3.38319E+20,5.52056E+21,6.75248E+15,4.98157E+16
101282,7.17023E+18,7,1,43,272,2017,2,22,1,2,6,6,0,1,1,0,0,2,0,4.31927E+20,5.60864E+21,8.03759E+15,5.06257E+16
101283,7.17023E+18,7,1,43,67,2017,2,14,1,3,5,3,1,1,0,0,0,0,0,4.11462E+20,5.59829E+21,7.75079E+15,5.05299E+16
101284,7.17023E+18,7,1,32,14,2017,2,18,1,3,8,1,0,1,0,0,0,2,0,4.08942E+20,5.62308E+21,7.70915E+15,5.07523E+16
101285,7.17023E+18,7,1,32,501,2017,2,11,1,3,4,2,0,1,0,1,0,0,0,4.04477E+20,5.61599E+21,7.64772E+15,5.06879E+16
101286,7.17023E+18,7,3,12,0,2017,2,19,7,3,5,2,0,1,0,0,0,2,0,4.10195E+20,5.47793E+21,7.76105E+15,4.94474E+16
101287,7.17023E+18,7,3,12,0,2017,2,14,7,3,2,6,0,1,0,0,0,0,0,4.10496E+20,5.47645E+21,7.76552E+15,4.94342E+16
101288,7.17023E+18,7,3,37,49,2017,2,16,7,2,4,1,0,1,0,0,0,0,0,4.28489E+20,5.44405E+21,8.01945E+15,4.91451E+16
101289,7.17023E+18,7,3,38,6,2017,2,9,7,3,1,6,0,1,0,0,0,0,0,4.50382E+20,5.47509E+21,8.31576E+15,4.94264E+16
101290,7.17023E+18,7,3,14,0,2017,2,16,7,3,2,6,0,1,0,0,0,0,0,4.55377E+20,5.47785E+21,8.38432E+15,4.94517E+16
101291,7.17023E+18,7,3,14,0,2017,2,8,7,3,5,3,0,1,0,0,0,0,0,4.57316E+20,5.47876E+21,8.41098E+15,4.946E+16
101292,7.17023E+18,7,3,31,63,2017,2,13,7,3,4,6,0,1,0,1,0,0,0,4.35173E+20,5.52123E+21,8.09842E+15,4.984E+16
101293,7.17023E+18,7,3,31,3,2017,2,13,7,3,5,3,0,1,0,0,0,0,0,4.35937E+20,5.51041E+21,8.11083E+15,4.97427E+16
101294,7.17023E+18,7,3,39,26,2017,2,14,7,3,2,6,0,1,0,0,0,0,0,4.47479E+20,5.5287E+21,8.26854E+15,4.99083E+16
101295,7.17023E+18,7,3,15,0,2017,2,10,7,3,2,2,0,1,0,0,1,0,0,4.48653E+20,5.53624E+21,8.28389E+15,4.99763E+16
101296,7.17023E+18,7,1,34,63,2017,2,15,7,2,7,7,0,1,0,0,1,0,0,3.66167E+20,5.50315E+21,7.14533E+15,4.9666E+16
101297,7.17023E+18,7,2,35,15,2017,2,18,7,3,8,1,0,1,0,0,0,1,0,3.45644E+20,5.52151E+21,6.85386E+15,4.98261E+16
101298,7.17023E+18,7,2,35,73,2017,2,16,7,3,2,6,0,1,0,0,0,0,0,3.2074E+20,5.50962E+21,6.51338E+15,4.97124E+16
101299,7.17023E+18,7,2,11,0,2017,2,9,7,3,5,3,0,1,0,0,1,0,0,3.31999E+20,5.51601E+21,6.66667E+15,4.9773E+16
101300,7.17023E+18,7,1,38,3,2017,2,13,7,3,8,1,0,1,0,0,0,0,0,3.87952E+20,5.61192E+21,7.41509E+15,5.06483E+16
101301,7.17022E+18,7,3,13,0,2017,2,16,4,3,2,6,0,1,0,0,0,0,0,4.33981E+20,5.45099E+21,8.09361E+15,4.92081E+16
101302,7.17022E+18,7,3,18,0,2017,2,17,4,3,2,6,0,1,0,0,0,0,0,4.58599E+20,5.46453E+21,8.43017E+15,4.93321E+16
101303,7.17023E+18,7,1,40,24,2017,2,2,7,3,2,6,0,1,0,0,0,2,1,3.76507E+20,5.53224E+21,7.27931E+15,4.99298E+16
101304,7.17023E+18,7,1,40,501,2017,2,16,7,3,6,7,0,0,1,0,1,0,0,4.02551E+20,5.56229E+21,7.63442E+15,5.02048E+16
101305,7.17023E+18,7,1,40,112,2017,2,12,7,3,8,1,0,1,0,0,0,0,0,4.09102E+20,5.55088E+21,7.72892E+15,5.01032E+16
101306,7.17023E+18,7,1,11,0,2017,2,13,7,3,5,3,0,1,0,0,0,0,0,3.97935E+20,5.58062E+21,7.5648E+15,5.03688E+16
101307,7.17022E+18,7,3,40,39,2017,2,7,6,3,8,1,0,1,0,0,0,0,1,4.1044E+20,5.43728E+21,7.77352E+15,4.90819E+16
101308,7.17022E+18,7,3,17,0,2017,2,6,6,3,2,6,0,1,0,0,0,0,1,3.97548E+20,5.45305E+21,7.59301E+15,4.92216E+16
101309,7.17022E+18,7,3,38,19,2017,2,7,6,3,3,6,0,1,0,0,1,0,0,4.53704E+20,5.47932E+21,8.36108E+15,4.94648E+16
101310,7.17022E+18,7,3,32,25,2017,2,6,6,3,1,2,0,1,0,0,0,1,1,4.45485E+20,5.47039E+21,8.24889E+15,4.93838E+16
101311,7.17022E+18,7,3,32,41,2017,2,18,6,3,8,7,0,1,0,0,0,2,0,4.42423E+20,5.49373E+21,8.2033E+15,4.95934E+16
101312,7.17022E+18,7,3,34,13,2017,2,6,6,3,8,1,1,0,0,0,0,2,1,4.41023E+20,5.43742E+21,8.19227E+15,4.90868E+16
101313,7.17022E+18,7,3,34,17,2017,2,15,6,3,2,1,0,1,0,0,0,0,1,4.51674E+20,5.45731E+21,8.33573E+15,4.92667E+16
101314,7.17022E+18,7,3,38,26,2017,2,13,4,2,4,2,0,1,0,0,0,0,0,4.57985E+20,5.47226E+21,8.42091E+15,4.94016E+16
101315,7.17022E+18,7,3,37,20,2017,2,3,6,3,2,1,0,1,0,0,1,2,1,4.38391E+20,5.45979E+21,8.15279E+15,4.92878E+16
101316,7.17022E+18,7,3,38,16,2017,2,7,4,2,4,6,0,1,0,0,0,0,0,4.49137E+20,5.48594E+21,8.29719E+15,4.95239E+16
101317,7.17022E+18,7,3,18,0,2017,2,5,6,2,5,3,1,1,0,0,0,2,0,4.58603E+20,5.46424E+21,8.43025E+15,4.93295E+16
101318,7.17022E+18,7,3,14,0,2017,2,16,6,3,1,6,0,1,0,0,0,0,0,4.58795E+20,5.48151E+21,8.4311E+15,4.94848E+16
101319,7.17022E+18,7,3,14,0,2017,2,17,6,3,2,6,0,1,0,0,0,0,0,4.59763E+20,5.48055E+21,8.44456E+15,4.94763E+16
101320,7.17022E+18,7,1,33,6,2017,2,12,6,3,5,3,0,1,0,0,0,0,0,4.18945E+20,5.52148E+21,7.87272E+15,4.98402E+16
101321,7.17022E+18,7,3,19,0,2017,2,17,6,2,5,3,0,1,0,1,0,0,0,4.51461E+20,5.50101E+21,8.32744E+15,4.96597E+16