OBJECTID,UIDENTSTLA,ULAND,UREGBEZ,UKREIS,UGEMEINDE,UJAHR,UMONAT,USTUNDE,UWOCHENTAG,UKATEGORIE,UART,UTYP1,IstRad,IstPKW,IstFuss,IstKrad,IstSonstig,LICHT,STRZUSTAND,LINREFX,LINREFY,XGCSWGS84,YGCSWGS84
101322,7.17022E+18,7,3,39,42,2017,2,8,6,2,8,6,0,1,0,0,1,0,0,4.41561E+20,5.52724E+21,8.18634E+15,4.98947E+16
101323,7.17022E+18,7,2,33,37,2017,2,0,6,3,8,1,0,1,0,0,0,2,1,3.52494E+20,5.56722E+21,6.93144E+15,5.02387E+16
101324,7.17022E+18,7,2,32,296,2017,2,12,6,3,1,6,0,1,0,0,1,0,1,3.17659E+20,5.5653E+21,6.44432E+15,5.02118E+16
101325,7.17022E+18,7,2,32,19,2017,2,15,6,2,9,1,0,1,0,0,0,0,1,3.0995E+20,5.5266E+21,6.35558E+15,4.98616E+16
101326,7.17022E+18,7,2,31,35,2017,2,10,6,3,8,3,0,1,0,0,1,0,1,3.56363E+20,5.51481E+21,7.00527E+15,4.97686E+16
101327,7.17022E+18,7,2,35,146,2017,2,4,6,2,4,6,0,1,0,0,0,2,1,3.14642E+20,5.50496E+21,6.4311E+15,4.96687E+16
101328,7.17022E+18,7,2,35,85,2017,2,14,6,3,7,5,0,1,1,0,0,0,0,3.36044E+20,5.51589E+21,6.72286E+15,4.97731E+16
101329,7.17022E+18,7,1,32,117,2017,2,19,6,3,2,2,0,1,0,1,0,2,0,4.11052E+20,5.62605E+21,7.73833E+15,5.07794E+16
101330,7.17022E+18,7,3,14,0,2017,2,14,4,2,3,1,1,0,0,0,1,0,0,4.59542E+20,5.48028E+21,8.44154E+15,4.94739E+16
101331,7.17022E+18,7,1,32,62,2017,2,15,6,2,9,7,0,1,0,0,0,0,0,3.92414E+20,5.61855E+21,7.47626E+15,5.07088E+16
101332,7.17022E+18,7,1,31,44,2017,2,11,6,3,1,2,0,1,0,0,0,0,0,3.52508E+20,5.5855E+21,6.9245E+15,5.0403E+16
101333,7.17022E+18,7,1,37,81,2017,2,14,6,3,5,3,1,1,0,0,0,0,0,3.8121E+20,5.58551E+21,7.32818E+15,5.04096E+16
101334,7.17022E+18,7,1,33,44,2017,2,6,4,3,0,7,0,1,0,0,0,1,0,4.12755E+20,5.5275E+21,7.78531E+15,4.98935E+16
101335,7.17022E+18,7,1,37,228,2017,2,8,6,3,0,1,0,0,0,1,0,0,1,3.91852E+20,5.58495E+21,7.47806E+15,5.04066E+16
101336,7.17022E+18,7,1,37,3,2017,2,7,6,3,5,3,0,1,0,0,0,0,0,3.82927E+20,5.58629E+21,7.35209E+15,5.0417E+16
101337,7.17022E+18,7,3,31,68,2017,2,11,4,2,5,3,0,1,0,0,1,0,0,4.32043E+20,5.52006E+21,8.05511E+15,4.98291E+16
101338,7.17022E+18,7,3,39,59,2017,2,12,4,2,4,1,1,1,0,0,0,0,1,4.48753E+20,5.51785E+21,8.28772E+15,4.98109E+16
101339,7.17022E+18,7,3,40,7,2017,2,21,5,3,7,7,0,1,0,0,0,2,1,4.00183E+20,5.45878E+21,7.62776E+15,4.92736E+16
101340,7.17022E+18,7,3,40,54,2017,2,13,5,3,6,4,0,1,1,0,0,0,0,4.02566E+20,5.46012E+21,7.66018E+15,4.9286E+16
101341,7.17022E+18,7,3,40,39,2017,2,9,5,2,8,1,0,1,0,0,0,0,1,4.07626E+20,5.4375E+21,7.73494E+15,4.90834E+16
101342,7.17022E+18,7,3,40,10,2017,2,6,5,2,8,1,0,1,0,0,0,2,1,4.19074E+20,5.44071E+21,7.89105E+15,4.91139E+16
101343,7.17022E+18,7,3,17,0,2017,2,15,5,3,2,2,0,1,0,0,0,0,0,3.98534E+20,5.44998E+21,7.60733E+15,4.91942E+16
101344,7.17022E+18,7,3,35,47,2017,2,22,5,2,7,7,0,1,0,0,0,2,0,4.14646E+20,5.466E+21,7.825E+15,4.93407E+16
101345,7.17022E+18,7,3,35,47,2017,2,22,5,3,7,7,0,1,0,0,0,2,1,4.14646E+20,5.466E+21,7.825E+15,4.93407E+16
101346,7.17022E+18,7,3,12,0,2017,2,18,5,3,5,3,1,1,0,0,0,2,1,4.09513E+20,5.47595E+21,7.75209E+15,4.94295E+16
101347,7.17022E+18,7,3,37,79,2017,2,15,5,2,8,1,0,0,0,1,0,0,1,4.21051E+20,5.44109E+21,7.91806E+15,4.91176E+16
101348,7.17022E+18,7,1,33,96,2017,2,11,5,3,2,6,0,1,0,0,0,0,0,3.94262E+20,5.51806E+21,7.53049E+15,4.98057E+16
101349,7.17022E+18,7,3,31,3,2017,2,6,5,3,1,2,0,1,0,0,1,1,0,4.34023E+20,5.51106E+21,8.08416E+15,4.97484E+16
101350,7.17022E+18,7,3,15,0,2017,2,5,5,3,9,1,0,1,0,0,0,2,0,4.38119E+20,5.53648E+21,8.13695E+15,4.99774E+16
101351,7.17022E+18,7,3,15,0,2017,2,15,5,2,0,4,0,1,1,0,0,0,0,4.47342E+20,5.53735E+21,8.26545E+15,4.99862E+16
101352,7.17022E+18,7,3,39,32,2017,2,10,5,2,1,1,0,1,0,0,1,0,0,4.43797E+20,5.53303E+21,8.21664E+15,4.9947E+16
101353,7.17022E+18,7,2,31,68,2017,2,21,5,3,0,6,0,1,0,1,0,2,1,3.60952E+20,5.53726E+21,7.06089E+15,4.99715E+16
101354,7.17022E+18,7,3,39,32,2017,2,15,4,3,2,6,0,1,0,0,0,0,0,4.44643E+20,5.53387E+21,8.22831E+15,4.99546E+16
101355,7.17022E+18,7,2,33,52,2017,2,19,4,3,0,1,0,1,0,0,0,2,1,3.41985E+20,5.55924E+21,6.78751E+15,5.01643E+16
101356,7.17022E+18,7,1,34,25,2017,2,17,4,3,9,1,0,1,0,0,0,0,0,3.85286E+20,5.51098E+21,7.40788E+15,4.97403E+16
101357,7.17022E+18,7,2,31,115,2017,2,5,5,2,4,6,0,1,0,0,1,2,1,3.51585E+20,5.51504E+21,6.93888E+15,4.97695E+16
101358,7.17022E+18,7,2,35,103,2017,2,5,5,3,0,7,0,1,0,0,0,2,1,3.42644E+20,5.50486E+21,6.8189E+15,4.96757E+16
101359,7.17022E+18,7,1,43,263,2017,2,16,4,3,2,6,1,1,0,0,1,0,0,4.21642E+20,5.5935E+21,7.8954E+15,5.04882E+16
101360,7.17022E+18,7,2,35,149,2017,2,12,5,2,6,4,0,0,1,0,1,0,0,3.14641E+20,5.49866E+21,6.43406E+15,4.9612E+16
101361,7.17022E+18,7,2,35,126,2017,2,9,5,2,6,7,0,0,1,0,1,0,0,3.24666E+20,5.4942E+21,6.5747E+15,4.95749E+16
101362,7.17022E+18,7,1,41,103,2017,2,21,5,1,6,6,0,1,1,0,0,2,0,4.18068E+20,5.57418E+21,7.84924E+15,5.0314E+16
101363,7.17022E+18,7,1,32,2,2017,2,22,5,3,8,1,0,1,0,0,0,2,1,4.22392E+20,5.62527E+21,7.89932E+15,5.0774E+16
101364,7.17022E+18,7,1,32,37,2017,2,12,5,3,8,1,0,1,0,0,0,0,1,4.13867E+20,5.63626E+21,7.77586E+15,5.08716E+16
101365,7.17022E+18,7,1,38,45,2017,2,13,5,3,5,3,0,1,0,0,1,0,0,3.89915E+20,5.58857E+21,7.44975E+15,5.04388E+16
101366,7.17022E+18,7,1,38,45,2017,2,0,5,3,7,7,0,0,0,1,0,2,1,3.92327E+20,5.593E+21,7.48242E+15,5.04791E+16
101367,7.17022E+18,7,1,40,125,2017,2,16,5,3,8,1,0,1,0,0,0,0,0,4.04347E+20,5.541E+21,7.66492E+15,5.00136E+16
101368,7.17022E+18,7,3,35,14,2017,2,12,4,3,5,3,0,1,0,0,0,0,0,4.04577E+20,5.48564E+21,7.68169E+15,4.95158E+16
101369,7.17022E+18,7,3,34,13,2017,2,11,4,3,5,3,0,1,0,0,1,0,0,4.41879E+20,5.43496E+21,8.20434E+15,4.90647E+16
101370,7.17022E+18,7,3,37,20,2017,2,19,4,3,0,1,1,0,0,0,0,2,1,4.32091E+20,5.46033E+21,8.06607E+15,4.9292E+16
101371,7.17022E+18,7,3,37,35,2017,2,10,4,3,5,3,0,1,0,0,0,0,0,4.39946E+20,5.45722E+21,8.17456E+15,4.92648E+16
101372,7.17022E+18,7,3,37,44,2017,2,16,4,3,5,3,0,1,0,0,0,0,0,4.37759E+20,5.4454E+21,8.14634E+15,4.91583E+16
101373,7.17022E+18,7,1,33,67,2017,2,16,4,3,1,6,0,1,0,0,0,0,0,3.98481E+20,5.51678E+21,7.58944E+15,4.97949E+16
101374,7.17022E+18,7,3,31,37,2017,2,21,4,3,0,2,0,1,0,0,0,2,0,4.44958E+20,5.50275E+21,8.23711E+15,4.96747E+16
101375,7.17022E+18,7,3,39,30,2017,2,16,4,3,5,3,1,1,0,0,0,0,0,4.33514E+20,5.53642E+21,8.07274E+15,4.99764E+16
101376,7.17022E+18,7,3,31,4,2017,2,13,4,3,8,7,0,1,0,0,0,0,0,4.31713E+20,5.51762E+21,8.05095E+15,4.98072E+16
101377,7.17022E+18,7,2,33,29,2017,2,19,4,3,2,2,0,1,0,0,0,2,1,3.34167E+20,5.57365E+21,6.67184E+15,5.02916E+16
101378,7.17022E+18,7,1,43,241,2017,2,17,4,3,2,6,0,1,0,0,0,0,0,4.11125E+20,5.609E+21,7.74348E+15,5.06261E+16
101379,7.17022E+18,7,1,41,131,2017,2,17,4,3,4,6,0,1,0,0,1,0,0,4.21442E+20,5.55608E+21,7.90037E+15,5.01517E+16
101380,7.17022E+18,7,2,32,288,2017,2,14,4,3,9,7,0,1,0,0,0,0,1,3.18865E+20,5.57191E+21,6.45806E+15,5.02715E+16
101381,7.17022E+18,7,1,43,265,2017,2,17,4,3,2,6,0,1,0,0,0,0,1,4.14093E+20,5.61978E+21,7.78293E+15,5.07234E+16
101382,7.17022E+18,7,1,32,6,2017,2,14,4,3,1,6,0,0,0,0,1,0,1,4.20942E+20,5.62746E+21,7.87829E+15,5.07934E+16
101383,7.17022E+18,7,1,35,51,2017,2,17,4,3,4,2,0,1,0,0,0,0,1,3.67179E+20,5.56367E+21,7.13851E+15,5.02103E+16
101384,7.17022E+18,7,1,37,3,2017,2,13,4,3,3,6,1,1,0,0,0,0,0,3.88361E+20,5.58688E+21,7.42838E+15,5.04233E+16
101385,7.17022E+18,7,1,38,44,2017,2,17,4,3,3,6,0,1,0,0,1,2,1,3.88678E+20,5.60776E+21,7.42661E+15,5.06111E+16
101386,7.17022E+18,7,3,20,0,2017,2,17,3,3,6,6,0,1,1,0,0,1,1,3.80865E+20,5.45541E+21,7.36329E+15,4.92398E+16
101387,7.17022E+18,7,1,43,53,2017,2,16,4,3,2,2,0,1,0,0,0,0,0,4.15544E+20,5.58332E+21,7.81175E+15,5.03959E+16
101388,7.17022E+18,7,3,40,214,2017,2,13,3,3,8,1,0,1,0,0,0,0,1,3.88574E+20,5.45019E+21,7.4706E+15,4.91944E+16
101389,7.17022E+18,7,3,12,0,2017,2,15,3,3,8,1,0,1,0,0,0,0,1,4.13659E+20,5.47896E+21,7.80859E+15,4.94572E+16
101390,7.17022E+18,7,1,38,44,2017,2,17,4,3,4,2,0,1,0,0,0,0,0,3.89729E+20,5.60684E+21,7.44173E+15,5.0603E+16
101391,7.17022E+18,7,3,35,22,2017,2,10,3,3,9,1,0,0,0,0,1,0,1,3.93247E+20,5.47489E+21,7.52812E+15,4.94173E+16
101392,7.17022E+18,7,3,12,0,2017,2,16,3,3,5,3,1,1,0,0,0,0,0,4.10345E+20,5.47793E+21,7.76311E+15,4.94474E+16
101393,7.17022E+18,7,3,32,24,2017,2,8,3,3,5,3,0,1,0,0,0,0,0,4.39685E+20,5.49109E+21,8.16583E+15,4.95694E+16
101394,7.17022E+18,7,3,38,7,2017,2,17,3,3,5,3,1,1,0,0,0,1,0,4.55564E+20,5.46258E+21,8.38862E+15,4.93143E+16
101395,7.17022E+18,7,3,38,5,2017,2,10,3,3,5,2,1,0,0,0,1,0,0,4.49765E+20,5.4691E+21,8.30801E+15,4.93725E+16
101396,7.17022E+18,7,3,38,19,2017,2,6,3,3,5,3,1,1,0,0,0,2,1,4.5331E+20,5.47772E+21,8.35583E+15,4.94504E+16
101397,7.17022E+18,7,1,33,38,2017,2,13,3,3,2,6,0,1,0,1,0,0,1,3.85968E+20,5.51889E+21,7.41501E+15,4.98116E+16
101398,7.17022E+18,7,1,33,6,2017,2,7,3,3,2,1,0,1,0,0,0,1,1,4.20569E+20,5.52303E+21,7.89498E+15,4.98545E+16
101399,7.17022E+18,7,3,33,39,2017,2,17,3,3,1,6,0,1,0,0,0,1,1,4.28999E+20,5.50229E+21,8.01602E+15,4.9669E+16
101400,7.17022E+18,7,3,33,38,2017,2,16,3,3,8,1,0,1,0,0,0,0,1,4.32828E+20,5.49174E+21,8.07088E+15,4.95746E+16
101401,7.17022E+18,7,3,31,48,2017,2,23,3,2,8,1,0,1,0,0,0,2,1,4.44179E+20,5.49912E+21,8.22683E+15,4.96421E+16
101402,7.17022E+18,7,3,39,57,2017,2,6,3,3,6,4,0,0,1,0,1,1,0,4.37413E+20,5.52895E+21,8.12833E+15,4.99096E+16
101403,7.17022E+18,7,3,15,0,2017,2,11,3,3,2,6,0,1,0,0,0,0,1,4.47044E+20,5.53902E+21,8.26106E+15,5.00011E+16
101404,7.17022E+18,7,3,15,0,2017,2,19,3,3,5,2,0,1,0,0,0,2,1,4.49029E+20,5.53624E+21,8.28913E+15,4.99764E+16
101405,7.17022E+18,7,2,32,295,2017,2,13,3,3,8,1,0,1,0,0,0,0,1,3.1077E+20,5.56098E+21,6.35003E+15,5.01708E+16
101406,7.17022E+18,7,2,32,311,2017,2,21,3,3,8,1,0,1,0,0,0,2,1,3.35027E+20,5.5419E+21,6.69765E+15,5.00065E+16
101407,7.17022E+18,7,2,35,2,2017,2,14,3,3,2,6,0,1,0,0,0,0,0,3.24763E+20,5.50158E+21,6.57274E+15,4.96413E+16
101408,7.17022E+18,7,1,43,238,2017,2,7,3,3,9,6,0,1,0,0,0,0,1,4.27786E+20,5.60374E+21,7.98001E+15,5.05811E+16
101409,7.17022E+18,7,1,32,72,2017,2,9,3,3,5,3,0,1,0,0,0,0,1,4.26044E+20,5.6311E+21,7.94992E+15,5.08269E+16
101410,7.17022E+18,7,1,32,115,2017,2,14,3,3,9,6,0,1,0,0,0,0,1,3.97329E+20,5.62131E+21,7.54507E+15,5.07345E+16
101411,7.17022E+18,7,1,31,70,2017,2,5,3,3,5,3,0,1,0,0,0,2,1,3.75571E+20,5.60309E+21,7.243E+15,5.05665E+16
101412,7.17022E+18,7,1,40,67,2017,2,18,3,3,4,2,0,1,0,0,0,2,1,3.8538E+20,5.53457E+21,7.4022E+15,4.99524E+16
101413,7.17022E+18,7,1,37,216,2017,2,7,3,3,5,3,0,1,0,0,0,1,1,3.92164E+20,5.58376E+21,7.48279E+15,5.0396E+16
101414,7.17022E+18,7,1,37,226,2017,2,17,3,3,9,1,0,1,0,0,0,1,1,4.0337E+20,5.58641E+21,7.63972E+15,5.04218E+16
101415,7.17022E+18,7,1,11,0,2017,2,10,3,3,2,6,0,1,0,0,1,0,1,3.99598E+20,5.57918E+21,7.58857E+15,5.03561E+16
101416,7.17022E+18,7,1,31,55,2017,2,16,3,2,8,1,0,1,0,0,0,0,1,3.7411E+20,5.58954E+21,7.22696E+15,5.04444E+16
101417,7.17022E+18,7,1,32,501,2017,2,15,4,3,4,7,0,1,0,0,1,0,0,4.03546E+20,5.6159E+21,7.63456E+15,5.06869E+16
101418,7.17022E+18,7,1,43,48,2017,2,7,3,3,1,6,0,1,0,0,0,0,1,4.16789E+20,5.58888E+21,7.82803E+15,5.04461E+16
101419,7.17022E+18,7,3,40,214,2017,2,16,2,3,5,3,0,1,0,0,0,1,1,3.88189E+20,5.45027E+21,7.46529E+15,4.9195E+16
101420,7.17022E+18,7,3,36,3,2017,2,16,2,3,4,6,0,1,0,0,0,0,1,3.90535E+20,5.4885E+21,7.48697E+15,4.95392E+16
101421,7.17022E+18,7,3,12,0,2017,2,10,2,3,2,6,0,1,0,0,0,0,0,4.12354E+20,5.47858E+21,7.79067E+15,4.94536E+16
101422,7.17022E+18,7,1,32,501,2017,2,9,4,3,2,6,0,1,0,0,0,0,0,4.03675E+20,5.61588E+21,7.63639E+15,5.06868E+16
101423,7.17022E+18,7,3,14,0,2017,2,12,2,3,2,6,0,1,0,0,1,0,0,4.5357E+20,5.48103E+21,8.35903E+15,4.94802E+16
101424,7.17022E+18,7,3,34,25,2017,2,8,2,2,8,1,0,1,0,0,0,0,0,4.4907E+20,5.44541E+21,8.30146E+15,4.91594E+16
101425,7.17022E+18,7,1,32,91,2017,2,7,4,3,4,1,0,1,0,0,1,1,1,4.05583E+20,5.62481E+21,7.66111E+15,5.07674E+16
101426,7.17022E+18,7,3,33,39,2017,2,16,2,3,1,2,0,1,0,0,0,0,1,4.29433E+20,5.50225E+21,8.02205E+15,4.96687E+16
101427,7.17022E+18,7,3,19,0,2017,2,23,2,3,6,4,0,1,1,0,0,2,0,4.53582E+20,5.49769E+21,8.35722E+15,4.963E+16
101428,7.17022E+18,7,3,39,24,2017,2,20,2,3,8,1,0,1,0,0,0,2,1,4.51831E+20,5.51686E+21,8.33062E+15,4.98023E+16
101429,7.17022E+18,7,3,15,0,2017,2,13,2,3,1,6,0,1,0,0,0,0,1,4.46813E+20,5.5389E+21,8.25786E+15,5E+16
101430,7.17022E+18,7,3,15,0,2017,2,17,2,2,5,2,1,1,0,0,0,0,1,4.4664E+20,5.53862E+21,8.25548E+15,4.99975E+16
101431,7.17022E+18,7,3,15,0,2017,2,10,2,3,1,6,0,1,0,0,0,0,0,4.48573E+20,5.53806E+21,8.28252E+15,4.99926E+16
101432,7.17022E+18,7,3,39,42,2017,2,20,2,3,2,6,0,1,0,0,0,2,1,4.42067E+20,5.52935E+21,8.19307E+15,4.99138E+16
101433,7.17022E+18,7,1,32,22,2017,2,5,4,3,4,6,0,1,0,0,1,2,0,4.08579E+20,5.61865E+21,7.70511E+15,5.07125E+16
101434,7.17022E+18,7,2,31,134,2017,2,18,2,3,2,6,0,1,0,0,0,2,1,3.50243E+20,5.53836E+21,6.91122E+15,4.99787E+16
101435,7.17022E+18,7,2,32,224,2017,2,12,2,2,9,1,0,1,0,0,0,0,0,3.18193E+20,5.56118E+21,6.45377E+15,5.01749E+16
101436,7.17022E+18,7,1,34,39,2017,2,14,2,3,5,3,0,1,0,0,0,0,1,3.79486E+20,5.5168E+21,7.3256E+15,4.97916E+16
101437,7.17022E+18,7,1,43,21,2017,2,16,2,3,4,6,0,1,0,0,0,0,1,4.24284E+20,5.58781E+21,7.93379E+15,5.04374E+16
101438,7.17022E+18,7,1,32,50,2017,2,10,2,3,0,7,0,1,0,0,0,0,1,4.25652E+20,5.62749E+21,7.94509E+15,5.07943E+16
101439,7.17022E+18,7,1,32,59,2017,2,9,2,2,4,2,0,1,0,0,0,0,1,4.20405E+20,5.62205E+21,7.87184E+15,5.07448E+16
101440,7.17022E+18,7,1,32,501,2017,2,18,2,3,6,4,0,1,1,0,0,2,1,4.04115E+20,5.61584E+21,7.64263E+15,5.06865E+16
101441,7.17022E+18,7,1,38,45,2017,2,13,2,3,4,6,0,1,0,0,1,0,1,3.95209E+20,5.5923E+21,7.52323E+15,5.04733E+16
101442,7.17022E+18,7,1,38,45,2017,2,7,2,3,9,1,0,1,0,0,0,1,1,3.92396E+20,5.59011E+21,7.48423E+15,5.04531E+16
101443,7.17022E+18,7,1,31,2,2017,2,20,2,2,8,1,0,1,0,0,0,2,1,3.56801E+20,5.59663E+21,6.98061E+15,5.05041E+16
101444,7.17022E+18,7,1,31,7,2017,2,9,2,3,9,1,0,1,0,0,0,0,0,3.66321E+20,5.5992E+21,7.11387E+15,5.05294E+16
101445,7.17022E+18,7,1,40,67,2017,2,5,2,3,8,6,0,1,0,0,0,1,0,3.86189E+20,5.5344E+21,7.41353E+15,4.99511E+16
101446,7.17022E+18,7,1,37,216,2017,2,10,2,2,2,1,0,1,0,0,1,0,1,3.944E+20,5.58412E+21,7.51413E+15,5.03997E+16
101447,7.17022E+18,7,1,37,231,2017,2,9,2,3,5,2,0,1,0,0,1,0,1,3.91423E+20,5.57792E+21,7.47405E+15,5.03434E+16
101448,7.17022E+18,7,1,11,0,2017,2,17,2,3,2,6,0,1,0,0,0,0,1,3.99221E+20,5.58165E+21,7.58262E+15,5.03783E+16
101449,7.17022E+18,7,1,40,501,2017,2,13,2,2,3,6,0,1,0,0,1,0,1,3.94065E+20,5.56654E+21,7.51436E+15,5.02415E+16
101450,7.17022E+18,7,3,40,32,2017,2,21,1,1,5,3,0,1,0,0,0,2,0,4.04988E+20,5.45196E+21,7.69541E+15,4.9213E+16
101451,7.17022E+18,7,3,40,55,2017,2,17,1,3,5,3,0,1,0,0,0,0,0,3.98762E+20,5.46865E+21,7.60572E+15,4.93622E+16
101452,7.17022E+18,7,1,31,70,2017,2,18,4,2,6,4,0,1,1,0,0,2,0,3.7332E+20,5.60849E+21,7.20941E+15,5.06145E+16
101453,7.17022E+18,7,1,31,70,2017,2,16,4,3,2,6,0,1,0,0,0,0,0,3.75239E+20,5.60357E+21,7.23816E+15,5.05707E+16
101454,7.17022E+18,7,3,35,4,2017,2,15,1,3,5,3,0,1,0,1,0,0,0,4.20452E+20,5.48172E+21,7.90175E+15,4.94829E+16
101455,7.17022E+18,7,3,37,32,2017,2,18,1,2,5,3,0,1,0,0,0,2,0,4.46426E+20,5.46035E+21,8.2632E+15,4.92936E+16
101456,7.17022E+18,7,1,37,203,2017,2,12,4,3,3,6,0,1,0,0,1,0,0,3.98925E+20,5.58574E+21,7.57734E+15,5.0415E+16
101457,7.17022E+18,7,3,38,26,2017,2,20,1,3,0,1,1,0,0,0,0,2,0,4.59442E+20,5.47138E+21,8.44107E+15,4.93938E+16
101458,7.17021E+18,7,3,20,0,2017,2,15,3,3,5,3,0,1,0,0,0,0,0,3.79725E+20,5.4569E+21,7.34718E+15,4.9253E+16
101459,7.17022E+18,7,2,31,134,2017,2,10,1,3,4,2,0,1,0,0,0,0,1,3.45876E+20,5.53637E+21,6.85115E+15,4.99598E+16
101460,7.17022E+18,7,2,35,1,2017,2,14,1,3,6,7,0,1,1,0,0,0,0,3.26929E+20,5.51818E+21,6.59535E+15,4.97911E+16
101461,7.17021E+18,7,3,14,0,2017,2,13,3,3,9,6,0,1,0,0,0,0,0,4.55457E+20,5.48075E+21,8.38511E+15,4.94778E+16
101462,7.17022E+18,7,1,43,308,2017,2,3,1,3,9,1,0,1,0,0,0,2,0,4.27139E+20,5.60199E+21,7.97122E+15,5.05653E+16
101463,7.17022E+18,7,1,43,57,2017,2,7,1,3,9,1,0,1,0,0,0,0,1,4.1554E+20,5.58286E+21,7.81179E+15,5.03917E+16
101464,7.17022E+18,7,1,37,93,2017,2,2,1,2,8,1,0,1,0,0,0,2,2,3.68658E+20,5.58293E+21,7.15252E+15,5.03838E+16
101465,7.17022E+18,7,1,37,203,2017,2,21,1,3,8,1,0,1,0,0,0,2,1,3.99033E+20,5.58961E+21,7.57783E+15,5.04498E+16
101466,7.17022E+18,7,3,20,0,2017,2,19,7,3,5,3,0,1,0,0,0,2,0,3.81236E+20,5.45703E+21,7.3679E+15,4.92545E+16
101467,7.17022E+18,7,3,20,0,2017,2,12,7,3,5,3,0,1,0,0,0,0,0,3.80592E+20,5.45412E+21,7.35992E+15,4.92282E+16
101468,7.17022E+18,7,3,32,9,2017,2,15,7,2,1,6,0,0,0,1,0,0,0,4.41279E+20,5.47356E+21,8.19047E+15,4.94119E+16
101469,7.17022E+18,7,3,32,18,2017,2,18,7,2,5,2,0,1,0,0,0,2,0,4.30062E+20,5.46886E+21,8.03668E+15,4.93684E+16
101470,7.17022E+18,7,3,37,20,2017,2,16,7,2,8,1,0,0,0,0,1,0,0,4.29425E+20,5.45826E+21,8.02978E+15,4.9273E+16
101471,7.17022E+18,7,3,39,66,2017,2,18,7,2,4,6,0,1,0,0,0,2,0,4.48943E+20,5.5135E+21,8.29093E+15,4.97718E+16
101472,7.17022E+18,7,3,15,0,2017,2,10,7,3,6,7,0,1,1,0,0,0,0,4.4602E+20,5.53886E+21,8.2468E+15,4.99996E+16
101473,7.17022E+18,7,1,43,292,2017,2,11,7,3,4,6,0,1,0,0,0,0,1,4.32037E+20,5.60392E+21,8.04002E+15,5.05833E+16
101474,7.17022E+18,7,1,32,9,2017,2,14,7,3,5,3,0,1,0,0,1,0,0,3.99593E+20,5.61841E+21,7.57794E+15,5.07088E+16
101475,7.17022E+18,7,1,32,1,2017,2,13,7,3,2,6,0,1,0,0,0,0,0,4.03262E+20,5.61462E+21,7.63088E+15,5.06754E+16
101476,7.17022E+18,7,1,35,38,2017,2,17,7,2,5,2,0,1,0,0,0,0,0,3.70782E+20,5.5659E+21,7.18822E+15,5.02311E+16
101477,7.17022E+18,7,1,37,89,2017,2,20,7,3,6,4,0,1,1,0,0,2,0,3.81991E+20,5.57301E+21,7.34309E+15,5.02974E+16
101478,7.17021E+18,7,3,16,0,2017,2,15,3,3,5,3,0,1,0,0,0,0,0,4.36958E+20,5.46505E+21,8.13226E+15,4.93349E+16
101479,7.17021E+18,7,3,31,30,2017,2,16,3,3,5,3,0,1,0,0,0,0,0,4.23518E+20,5.52635E+21,7.93534E+15,4.98847E+16
101480,7.17032E+18,7,1,38,3,2017,3,17,5,3,7,7,0,0,0,1,0,0,0,3.90282E+20,5.61284E+21,7.44776E+15,5.06571E+16
101481,7.17032E+18,7,1,31,77,2017,3,14,5,3,1,5,0,1,0,0,0,0,0,3.76374E+20,5.60082E+21,7.2551E+15,5.05462E+16
101482,7.17032E+18,7,1,40,46,2017,3,17,5,2,5,3,1,1,0,0,0,0,0,3.88526E+20,5.54394E+21,7.44331E+15,5.00373E+16
101483,7.17032E+18,7,1,11,0,2017,3,16,5,3,4,6,0,1,0,0,0,0,0,3.94877E+20,5.57966E+21,7.52209E+15,5.03597E+16
101484,7.17032E+18,7,1,37,202,2017,3,17,5,3,2,6,0,1,0,0,0,0,0,3.88541E+20,5.57779E+21,7.43361E+15,5.03416E+16
101485,7.17032E+18,7,3,17,0,2017,3,10,4,3,4,2,0,1,0,0,0,0,0,3.9771E+20,5.45212E+21,7.59546E+15,4.92134E+16
101486,7.17032E+18,7,3,32,2,2017,3,15,4,3,4,2,0,1,0,0,0,0,0,4.41249E+20,5.47925E+21,8.18922E+15,4.9463E+16
101487,7.17031E+18,7,3,17,0,2017,3,13,3,3,2,2,0,1,0,0,0,0,0,3.97921E+20,5.45115E+21,7.59861E+15,4.92047E+16
101488,7.17032E+18,7,3,14,0,2017,3,17,5,3,1,2,0,1,0,0,0,0,0,4.55938E+20,5.4872E+21,8.39102E+15,4.95358E+16
101489,7.17032E+18,7,1,40,501,2017,3,20,6,3,8,1,0,1,0,0,0,2,0,3.94163E+20,5.56693E+21,7.51563E+15,5.0245E+16
101490,7.17032E+18,7,3,13,0,2017,3,8,4,3,8,1,0,1,0,0,0,0,0,4.33927E+20,5.45094E+21,8.09286E+15,4.92077E+16
101491,7.17031E+18,7,3,17,0,2017,3,7,3,2,6,4,0,1,1,0,0,0,1,3.98135E+20,5.45157E+21,7.60144E+15,4.92085E+16
101492,7.17032E+18,7,3,13,0,2017,3,13,4,3,4,2,0,1,0,0,0,0,0,4.37966E+20,5.44963E+21,8.14852E+15,4.91963E+16
101493,7.17031E+18,7,3,38,14,2017,3,17,3,3,2,6,0,1,0,0,0,0,0,4.48589E+20,5.47431E+21,8.29114E+15,4.94193E+16