OBJECTID,UIDENTSTLA,ULAND,UREGBEZ,UKREIS,UGEMEINDE,UJAHR,UMONAT,USTUNDE,UWOCHENTAG,UKATEGORIE,UART,UTYP1,IstRad,IstPKW,IstFuss,IstKrad,IstSonstig,LICHT,STRZUSTAND,LINREFX,LINREFY,XGCSWGS84,YGCSWGS84
101494,7.17032E+18,7,3,37,42,2017,3,13,4,2,4,1,0,1,0,0,1,0,0,4.31587E+20,5.44789E+21,8.06127E+15,4.918E+16
101495,7.17032E+18,7,3,37,38,2017,3,9,4,3,0,2,0,0,0,1,1,0,1,4.41743E+20,5.44387E+21,8.20119E+15,4.91449E+16
101496,7.17031E+18,7,3,11,0,2017,3,8,3,3,2,6,0,1,0,0,0,0,0,4.50349E+20,5.48921E+21,8.31354E+15,4.95534E+16
101497,7.17032E+18,7,1,33,18,2017,3,5,4,3,2,6,0,1,0,1,0,2,0,4.20429E+20,5.525E+21,7.89264E+15,4.98721E+16
101498,7.17032E+18,7,3,15,0,2017,3,18,4,3,9,1,0,0,0,1,0,0,0,4.46541E+20,5.53863E+21,8.2541E+15,4.99976E+16
101499,7.17031E+18,7,3,37,52,2017,3,17,3,2,4,3,0,1,0,1,0,0,0,4.36817E+20,5.46133E+21,8.13091E+15,4.93015E+16
101500,7.17032E+18,7,3,31,73,2017,3,7,4,3,2,6,0,1,0,0,0,0,0,4.38491E+20,5.52127E+21,8.14456E+15,4.98407E+16
101501,7.17032E+18,7,1,43,308,2017,3,14,4,2,4,2,0,1,0,0,0,0,0,4.26587E+20,5.60084E+21,7.96365E+15,5.05548E+16
101502,7.17032E+18,7,1,43,48,2017,3,9,4,3,1,6,0,1,0,0,0,0,0,4.17826E+20,5.58898E+21,7.84261E+15,5.0447E+16
101503,7.17032E+18,7,1,38,80,2017,3,18,4,3,3,6,0,1,0,0,0,1,0,3.86278E+20,5.61604E+21,7.39016E+15,5.06851E+16
101504,7.17032E+18,7,1,38,57,2017,3,12,4,3,8,1,0,1,0,0,0,0,0,4.00422E+20,5.60568E+21,7.5931E+15,5.05945E+16
101505,7.17032E+18,7,1,32,117,2017,3,9,4,3,2,2,0,1,0,0,1,0,0,4.10089E+20,5.62893E+21,7.72397E+15,5.08051E+16
101506,7.17032E+18,7,1,32,63,2017,3,16,4,1,4,1,0,1,0,0,1,0,0,4.20693E+20,5.62937E+21,7.87434E+15,5.08106E+16
101507,7.17032E+18,7,1,37,68,2017,3,7,4,2,1,2,0,1,0,0,1,0,0,3.75541E+20,5.57691E+21,7.25128E+15,5.03312E+16
101508,7.17032E+18,7,1,37,207,2017,3,13,4,2,9,1,0,1,0,0,0,0,0,3.90661E+20,5.5731E+21,7.46475E+15,5.02999E+16
101509,7.17032E+18,7,1,11,0,2017,3,7,4,3,2,6,0,1,0,0,0,0,0,3.92926E+20,5.5804E+21,7.49446E+15,5.03659E+16
101510,7.17032E+18,7,3,35,4,2017,3,13,3,3,8,1,0,1,0,0,0,0,1,4.20319E+20,5.48044E+21,7.90018E+15,4.94714E+16
101511,7.17032E+18,7,3,35,38,2017,3,7,3,3,5,2,0,1,0,0,0,0,1,3.94672E+20,5.47838E+21,7.54684E+15,4.9449E+16
101512,7.17032E+18,7,3,32,41,2017,3,17,3,3,2,2,0,1,0,0,0,0,1,4.42472E+20,5.49353E+21,8.20401E+15,4.95916E+16
101513,7.17032E+18,7,3,16,0,2017,3,16,3,3,1,6,0,1,0,0,0,0,1,4.3841E+20,5.46783E+21,8.15181E+15,4.93601E+16
101514,7.17032E+18,7,3,34,501,2017,3,15,3,3,5,3,0,1,0,0,0,0,1,4.4188E+20,5.43496E+21,8.20435E+15,4.90647E+16
101515,7.17032E+18,7,3,38,7,2017,3,9,3,3,3,2,1,1,0,0,0,0,0,4.55563E+20,5.46313E+21,8.38854E+15,4.93192E+16
101516,7.17032E+18,7,3,38,19,2017,3,6,3,3,7,7,0,1,0,0,0,0,0,4.533E+20,5.47775E+21,8.35568E+15,4.94506E+16
101517,7.17032E+18,7,3,31,26,2017,3,13,3,2,2,2,0,1,0,0,0,0,0,4.40741E+20,5.51323E+21,8.17707E+15,4.97686E+16
101518,7.17032E+18,7,3,19,0,2017,3,19,3,2,5,3,0,1,0,1,0,2,1,4.5324E+20,5.4978E+21,8.35248E+15,4.9631E+16
101519,7.17032E+18,7,3,39,19,2017,3,16,3,3,5,3,0,1,0,0,0,0,1,4.29639E+20,5.53547E+21,8.01887E+15,4.99674E+16
101520,7.17032E+18,7,3,39,27,2017,3,12,3,3,2,6,0,1,0,0,0,0,1,4.3834E+20,5.53907E+21,8.13962E+15,5.00008E+16
101521,7.17032E+18,7,3,39,17,2017,3,16,3,3,9,1,0,1,0,0,0,0,1,4.40565E+20,5.53029E+21,8.17201E+15,4.99221E+16
101522,7.17032E+18,7,3,39,57,2017,3,8,3,3,2,6,0,1,0,0,0,0,0,4.36634E+20,5.52994E+21,8.11731E+15,4.99185E+16
101523,7.17032E+18,7,3,15,0,2017,3,20,3,3,5,3,1,1,0,0,0,2,1,4.44877E+20,5.53894E+21,8.23084E+15,5.00002E+16
101524,7.17032E+18,7,3,31,3,2017,3,8,3,3,8,7,0,0,0,0,1,0,0,4.35056E+20,5.51328E+21,8.09812E+15,4.97685E+16
101525,7.17032E+18,7,2,35,60,2017,3,17,2,3,2,6,0,1,0,0,0,0,0,3.37531E+20,5.52005E+21,6.74175E+15,4.98109E+16
101526,7.17032E+18,7,2,33,6,2017,3,14,3,3,2,2,0,1,0,0,0,0,1,3.39711E+20,5.56893E+21,6.75161E+15,5.02507E+16
101527,7.17032E+18,7,2,32,18,2017,3,6,3,2,8,7,0,1,0,0,0,1,1,3.1929E+20,5.53901E+21,6.4796E+15,4.9976E+16
101528,7.17032E+18,7,2,32,18,2017,3,0,3,2,8,1,0,1,0,0,0,2,0,3.25131E+20,5.53864E+21,6.56114E+15,4.99745E+16
101529,7.17032E+18,7,2,31,134,2017,3,16,3,3,3,6,0,1,0,0,0,0,0,3.48886E+20,5.53911E+21,6.89201E+15,4.99852E+16
101530,7.17032E+18,7,1,34,45,2017,3,7,3,3,6,4,0,1,1,0,0,0,1,3.77912E+20,5.50959E+21,7.306E+15,4.97264E+16
101531,7.17031E+18,7,3,37,44,2017,3,14,3,3,2,6,0,1,0,0,1,0,0,4.38384E+20,5.4452E+21,8.15493E+15,4.91565E+16
101532,7.17031E+18,7,3,37,14,2017,3,20,3,2,4,2,0,1,0,1,0,1,0,4.39673E+20,5.45171E+21,8.17163E+15,4.92152E+16
101533,7.17031E+18,7,3,38,5,2017,3,9,3,3,5,3,0,1,0,0,1,0,0,4.51121E+20,5.46959E+21,8.32662E+15,4.93771E+16
101534,7.17032E+18,7,3,15,0,2017,3,8,5,2,2,6,1,0,0,0,1,0,0,4.50634E+20,5.53641E+21,8.31148E+15,4.9978E+16
101535,7.17032E+18,7,3,40,35,2017,3,16,5,3,9,1,0,1,0,0,0,0,0,3.90236E+20,5.45266E+21,7.49273E+15,4.92169E+16
101536,7.17032E+18,7,2,11,0,2017,3,20,3,3,5,2,0,1,0,0,0,2,0,3.33773E+20,5.51945E+21,6.68982E+15,4.98044E+16
101537,7.17032E+18,7,1,43,248,2017,3,9,3,3,5,3,0,1,0,0,0,0,0,4.23638E+20,5.61436E+21,7.91925E+15,5.06761E+16
101538,7.17031E+18,7,3,14,0,2017,3,6,3,2,2,6,0,1,0,0,0,0,0,4.57945E+20,5.4778E+21,8.41976E+15,4.94514E+16
101539,7.17032E+18,7,1,43,67,2017,3,16,3,2,4,6,0,1,0,0,0,0,0,4.11915E+20,5.5998E+21,7.75683E+15,5.05435E+16
101540,7.17032E+18,7,1,38,4,2017,3,15,3,3,2,6,0,1,0,0,0,0,0,3.7919E+20,5.59882E+21,7.29547E+15,5.05288E+16
101541,7.17031E+18,7,3,39,5,2017,3,14,3,3,2,6,0,1,0,0,0,0,0,4.23807E+20,5.53572E+21,7.93752E+15,4.99689E+16
101542,7.17032E+18,7,1,37,57,2017,3,21,3,2,4,6,0,1,0,0,0,0,0,3.8242E+20,5.58367E+21,7.34578E+15,5.03933E+16
101543,7.17031E+18,7,3,31,45,2017,3,10,3,3,8,1,0,1,0,0,0,0,0,4.51744E+20,5.51068E+21,8.33017E+15,4.97467E+16
101544,7.17032E+18,7,1,11,0,2017,3,19,3,3,2,6,0,1,0,0,0,2,0,3.9808E+20,5.58068E+21,7.56683E+15,5.03693E+16
101545,7.17031E+18,7,3,39,53,2017,3,18,3,3,3,6,0,1,0,0,0,2,1,4.46385E+20,5.52286E+21,8.25412E+15,4.98558E+16
101546,7.17032E+18,7,1,11,0,2017,3,5,3,2,3,6,0,0,0,1,1,2,1,3.99503E+20,5.57872E+21,7.58736E+15,5.0352E+16
101547,7.17032E+18,7,1,37,229,2017,3,19,3,3,3,6,0,1,0,0,0,1,0,4.01425E+20,5.58629E+21,7.61238E+15,5.04204E+16
101548,7.17032E+18,7,3,36,76,2017,3,16,2,3,1,5,0,1,0,0,0,0,0,3.80506E+20,5.47842E+21,7.35146E+15,4.94467E+16
101549,7.17032E+18,7,3,35,49,2017,3,14,2,3,5,3,0,1,0,0,0,0,0,4.01146E+20,5.48163E+21,7.63531E+15,4.94793E+16
101550,7.17032E+18,7,3,35,34,2017,3,14,2,3,5,3,0,1,0,0,1,0,0,4.07435E+20,5.48273E+21,7.72185E+15,4.94902E+16
101551,7.17031E+18,7,3,15,0,2017,3,18,3,3,2,6,0,1,0,0,0,2,1,4.43227E+20,5.53917E+21,8.20779E+15,5.00021E+16
101552,7.17032E+18,7,3,32,24,2017,3,13,2,3,2,6,0,1,0,0,0,0,0,4.39723E+20,5.49055E+21,8.16643E+15,4.95645E+16
101553,7.17032E+18,7,3,13,0,2017,3,17,2,3,2,2,0,1,0,0,0,0,0,4.32992E+20,5.45061E+21,8.08009E+15,4.92046E+16
101554,7.17031E+18,7,3,15,0,2017,3,15,3,2,6,4,0,0,1,0,1,0,0,4.45151E+20,5.53996E+21,8.23452E+15,5.00095E+16
101555,7.17032E+18,7,3,14,0,2017,3,18,2,3,3,6,0,1,0,0,0,0,0,4.58795E+20,5.48151E+21,8.4311E+15,4.94848E+16
101556,7.17032E+18,7,3,31,73,2017,3,19,2,2,4,2,0,1,0,0,0,2,0,4.38592E+20,5.52134E+21,8.14595E+15,4.98414E+16
101557,7.17031E+18,7,3,15,0,2017,3,15,3,3,6,7,0,1,1,0,0,0,1,4.5076E+20,5.53459E+21,8.31347E+15,4.99616E+16
101558,7.17032E+18,7,3,31,70,2017,3,1,2,3,8,1,0,1,0,0,0,2,0,4.2843E+20,5.51311E+21,8.00615E+15,4.97662E+16
101559,7.17032E+18,7,3,39,33,2017,3,7,2,3,2,6,0,1,0,0,0,0,0,4.47564E+20,5.5214E+21,8.27071E+15,4.98427E+16
101560,7.17032E+18,7,3,39,27,2017,3,16,2,3,9,7,0,1,0,1,0,0,0,4.3681E+20,5.53858E+21,8.11834E+15,4.99962E+16
101561,7.17032E+18,7,1,43,270,2017,3,16,2,3,1,6,0,1,0,0,0,0,0,4.22415E+20,5.61649E+21,7.90149E+15,5.0695E+16
101562,7.17032E+18,7,1,43,229,2017,3,11,2,3,8,1,0,1,0,0,0,0,1,4.18122E+20,5.61242E+21,7.84162E+15,5.06579E+16
101563,7.17032E+18,7,1,32,117,2017,3,12,2,3,5,3,0,1,0,0,0,0,1,4.10951E+20,5.62592E+21,7.73693E+15,5.07782E+16
101564,7.17032E+18,7,1,32,50,2017,3,17,2,3,6,2,0,1,1,0,0,0,0,4.26567E+20,5.62602E+21,7.95838E+15,5.07813E+16
101565,7.17032E+18,7,1,40,125,2017,3,15,2,3,5,3,0,1,0,0,0,0,0,4.03774E+20,5.53901E+21,7.65742E+15,4.99956E+16
101566,7.17032E+18,7,1,37,88,2017,3,9,2,3,2,6,0,1,0,0,0,0,0,3.85801E+20,5.58338E+21,7.39341E+15,5.03914E+16
101567,7.17032E+18,7,1,40,161,2017,3,4,2,3,0,7,0,1,0,0,0,2,1,4.02699E+20,5.54854E+21,7.64001E+15,5.00811E+16
101568,7.17032E+18,7,3,36,54,2017,3,21,1,2,3,2,0,1,0,0,0,2,1,3.80011E+20,5.48098E+21,7.34385E+15,4.94696E+16
101569,7.17032E+18,7,3,39,5,2017,3,17,1,3,9,1,0,1,0,0,0,0,0,4.23853E+20,5.5321E+21,7.93888E+15,4.99364E+16
101570,7.17032E+18,7,2,32,101,2017,3,17,1,2,4,6,0,1,0,0,0,0,0,3.29679E+20,5.54482E+21,6.62178E+15,5.00313E+16
101571,7.17032E+18,7,2,32,88,2017,3,11,1,3,9,1,0,1,0,0,0,0,1,3.07083E+20,5.54244E+21,6.30781E+15,5.0003E+16
101572,7.17032E+18,7,2,35,5,2017,3,14,1,2,5,3,0,1,0,1,0,0,1,3.47953E+20,5.51318E+21,6.88919E+15,4.97519E+16
101573,7.17031E+18,7,2,33,240,2017,3,8,3,3,4,1,0,1,0,0,0,0,1,3.23439E+20,5.58143E+21,6.51772E+15,5.03584E+16
101574,7.17031E+18,7,2,31,113,2017,3,17,3,3,6,4,0,1,1,0,0,1,0,3.45924E+20,5.5323E+21,6.85345E+15,4.99232E+16
101575,7.17031E+18,7,2,35,94,2017,3,7,3,3,2,6,0,1,0,0,1,1,1,3.25253E+20,5.51891E+21,6.57177E+15,4.97972E+16
101576,7.17032E+18,7,2,11,0,2017,3,17,5,3,2,6,0,1,0,0,0,0,0,3.29008E+20,5.5115E+21,6.62714E+15,4.97317E+16
101577,7.17032E+18,7,3,13,0,2017,3,14,5,3,5,2,1,1,0,0,0,0,0,4.36241E+20,5.44967E+21,8.12483E+15,4.91965E+16
101578,7.17032E+18,7,1,37,3,2017,3,18,6,2,3,6,0,1,0,0,0,0,0,3.84512E+20,5.59001E+21,7.37325E+15,5.04508E+16
101579,7.17032E+18,7,2,35,26,2017,3,23,1,2,8,1,0,1,0,0,0,2,0,3.38792E+20,5.52476E+21,6.7573E+15,4.98536E+16
101580,7.17032E+18,7,1,35,54,2017,3,6,5,3,8,1,0,1,0,0,0,0,0,3.77208E+20,5.54985E+21,7.28344E+15,5.00882E+16
101581,7.17032E+18,7,3,34,9,2017,3,13,5,3,0,1,1,0,0,0,0,0,0,4.45121E+20,5.43943E+21,8.24811E+15,4.91053E+16
101582,7.17032E+18,7,1,40,21,2017,3,17,6,2,8,1,0,0,0,1,0,0,0,3.82765E+20,5.54845E+21,7.36153E+15,5.00767E+16
101583,7.17031E+18,7,1,43,31,2017,3,17,3,3,4,1,0,1,0,0,1,1,1,4.08351E+20,5.58346E+21,7.71054E+15,5.0396E+16
101584,7.17032E+18,7,2,11,0,2017,3,7,1,3,8,1,0,1,0,0,0,0,0,3.28637E+20,5.51246E+21,6.62158E+15,4.97402E+16
101585,7.17032E+18,7,1,43,268,2017,3,10,1,3,9,1,0,1,0,0,0,0,1,4.11096E+20,5.60791E+21,7.74333E+15,5.06163E+16
101586,7.17031E+18,7,1,43,78,2017,3,16,3,2,8,1,0,1,0,0,0,0,1,4.12726E+20,5.59566E+21,7.76923E+15,5.05064E+16
101587,7.17032E+18,7,1,32,6,2017,3,22,1,3,3,6,0,1,0,0,0,2,0,4.20956E+20,5.62795E+21,7.87837E+15,5.07979E+16
101588,7.17032E+18,7,1,32,32,2017,3,20,1,3,1,5,0,1,0,0,0,2,0,3.95846E+20,5.61173E+21,7.52676E+15,5.06481E+16
101589,7.17031E+18,7,1,32,84,2017,3,18,3,3,8,7,0,1,0,0,0,2,1,3.99217E+20,5.61383E+21,7.57386E+15,5.06676E+16
101590,7.17032E+18,7,1,32,94,2017,3,13,1,2,4,1,0,1,0,0,0,0,1,3.94825E+20,5.61848E+21,7.51041E+15,5.07086E+16
101591,7.17032E+18,7,1,31,54,2017,3,9,1,3,8,7,0,1,0,0,0,0,1,3.67556E+20,5.58953E+21,7.1347E+15,5.04428E+16
101592,7.17032E+18,7,3,35,18,2017,3,19,7,3,1,5,0,1,0,0,0,2,1,3.98885E+20,5.47458E+21,7.6059E+15,4.94155E+16
101593,7.17032E+18,7,3,38,16,2017,3,9,7,3,9,1,0,1,0,0,0,0,1,4.50122E+20,5.48537E+21,8.31089E+15,4.95189E+16
101594,7.17032E+18,7,3,16,0,2017,3,6,7,3,5,3,0,1,0,0,0,0,0,4.39216E+20,5.46616E+21,8.16317E+15,4.93451E+16
101595,7.17032E+18,7,3,14,0,2017,3,14,7,3,2,6,0,1,0,0,0,0,0,4.59254E+20,5.48069E+21,8.43752E+15,4.94775E+16
101596,7.17032E+18,7,1,33,12,2017,3,14,7,3,1,7,0,1,0,0,0,0,0,4.24077E+20,5.52528E+21,7.94333E+15,4.98751E+16
101597,7.17032E+18,7,3,39,49,2017,3,17,7,3,5,3,0,1,0,1,0,0,0,4.53739E+20,5.52205E+21,8.35652E+15,4.98491E+16
101598,7.17032E+18,7,3,39,27,2017,3,11,7,2,6,7,0,1,1,0,0,0,0,4.3649E+20,5.53847E+21,8.1139E+15,4.99952E+16
101599,7.17032E+18,7,3,39,42,2017,3,8,7,3,5,2,0,1,0,0,1,0,1,4.43833E+20,5.52903E+21,8.21772E+15,4.9911E+16
101600,7.17032E+18,7,3,15,0,2017,3,12,7,3,6,4,0,1,1,0,0,0,0,4.46653E+20,5.53959E+21,8.25552E+15,5.00062E+16
101601,7.17032E+18,7,2,35,141,2017,3,19,7,3,5,3,0,1,0,0,0,2,1,3.37352E+20,5.51238E+21,6.74247E+15,4.97419E+16
101602,7.17032E+18,7,1,43,248,2017,3,13,7,2,8,1,0,1,0,0,0,0,1,4.24353E+20,5.61463E+21,7.92931E+15,5.06786E+16
101603,7.17032E+18,7,1,43,78,2017,3,14,7,3,8,1,0,1,0,0,0,0,1,4.12705E+20,5.59581E+21,7.7689E+15,5.05077E+16
101604,7.17031E+18,7,1,38,45,2017,3,20,3,3,2,6,0,1,0,0,0,2,1,3.91488E+20,5.589E+21,7.47177E+15,5.0443E+16
101605,7.17031E+18,7,1,38,45,2017,3,18,3,3,2,2,0,1,0,0,0,1,1,3.92398E+20,5.59022E+21,7.48423E+15,5.04541E+16
101606,7.17031E+18,7,1,35,83,2017,3,16,3,2,5,2,0,1,0,0,0,0,1,3.5525E+20,5.5643E+21,6.97119E+15,5.02131E+16
101607,7.17032E+18,7,3,15,0,2017,3,16,5,3,2,6,0,1,0,0,0,0,0,4.47391E+20,5.53742E+21,8.26612E+15,4.99868E+16
101608,7.17032E+18,7,1,32,6,2017,3,13,7,3,0,1,0,0,0,1,0,0,1,4.20699E+20,5.6267E+21,7.875E+15,5.07866E+16
101609,7.17032E+18,7,1,32,113,2017,3,11,7,2,8,1,0,0,0,1,0,0,1,4.26101E+20,5.61983E+21,7.95301E+15,5.07256E+16
101610,7.17032E+18,7,1,31,7,2017,3,19,7,3,4,6,0,1,0,0,0,2,1,3.72325E+20,5.60013E+21,7.19821E+15,5.05392E+16
101611,7.17032E+18,7,1,11,0,2017,3,10,7,3,2,6,0,1,0,0,1,0,1,3.99711E+20,5.58148E+21,7.58955E+15,5.03768E+16
101612,7.17032E+18,7,1,11,0,2017,3,18,7,3,9,1,0,1,0,0,0,2,1,3.99553E+20,5.5791E+21,7.58796E+15,5.03554E+16
101613,7.17032E+18,7,1,11,0,2017,3,14,7,3,2,6,0,1,0,0,0,0,0,3.99401E+20,5.57508E+21,7.5869E+15,5.03192E+16
101614,7.17032E+18,7,3,40,7,2017,3,7,6,2,4,2,0,1,0,0,0,0,0,4.01785E+20,5.45722E+21,7.65015E+15,4.92598E+16
101615,7.17031E+18,7,1,31,90,2017,3,16,3,3,5,2,0,1,0,0,0,0,0,3.6854E+20,5.60638E+21,7.14261E+15,5.05945E+16
101616,7.17031E+18,7,1,31,41,2017,3,9,3,3,5,3,0,1,0,0,0,0,0,3.70838E+20,5.59543E+21,7.17886E+15,5.04966E+16
101617,7.17031E+18,7,1,37,230,2017,3,13,3,3,2,6,0,0,0,0,1,0,1,3.92541E+20,5.57448E+21,7.49074E+15,5.03126E+16
101618,7.17031E+18,7,3,40,206,2017,3,18,2,3,1,5,0,1,0,0,0,2,1,3.87592E+20,5.45559E+21,7.45561E+15,4.92428E+16
101619,7.17032E+18,7,3,19,0,2017,3,7,5,2,5,3,0,1,0,0,0,0,0,4.5313E+20,5.50613E+21,8.34996E+15,4.97059E+16
101620,7.17032E+18,7,1,32,65,2017,3,15,6,3,0,7,0,1,0,0,1,0,0,3.93286E+20,5.60379E+21,7.49286E+15,5.05763E+16
101621,7.17032E+18,7,3,17,0,2017,3,11,6,3,5,6,0,1,0,1,0,0,0,3.98836E+20,5.4499E+21,7.61149E+15,4.91935E+16
101622,7.17032E+18,7,3,32,18,2017,3,14,6,2,8,1,0,0,0,1,0,0,0,4.29215E+20,5.4679E+21,8.02519E+15,4.93597E+16
101623,7.17032E+18,7,3,37,5,2017,3,18,6,3,2,6,0,1,0,0,0,0,0,4.27153E+20,5.4394E+21,8.00198E+15,4.91031E+16
101624,7.17032E+18,7,3,37,61,2017,3,7,6,3,6,6,0,0,1,0,1,0,0,4.40991E+20,5.44937E+21,8.19008E+15,4.91943E+16
101625,7.17031E+18,7,3,12,0,2017,3,18,2,2,5,3,0,1,0,0,0,2,1,4.06174E+20,5.48103E+21,7.70485E+15,4.94747E+16
101626,7.17032E+18,7,3,38,5,2017,3,21,6,3,5,3,0,1,0,0,0,2,0,4.50205E+20,5.46855E+21,8.31414E+15,4.93676E+16
101627,7.17031E+18,7,3,32,25,2017,3,7,2,3,4,6,0,1,0,0,0,0,1,4.48578E+20,5.46786E+21,8.29183E+15,4.93613E+16
101628,7.17032E+18,7,3,14,0,2017,3,14,6,2,2,6,0,1,0,0,0,0,0,4.59028E+20,5.48101E+21,8.43437E+15,4.94804E+16
101629,7.17032E+18,7,3,33,38,2017,3,18,6,3,8,1,0,1,0,0,0,2,0,4.31185E+20,5.49105E+21,8.04829E+15,4.95682E+16
101630,7.17032E+18,7,3,31,5,2017,3,22,6,3,9,1,0,1,0,0,0,2,0,4.28129E+20,5.509E+21,8.00273E+15,4.97292E+16
101631,7.17032E+18,7,3,39,49,2017,3,10,6,2,9,1,0,0,0,1,0,0,0,4.53859E+20,5.52158E+21,8.35823E+15,4.98449E+16
101632,7.17032E+18,7,3,15,0,2017,3,11,6,3,5,3,0,1,0,0,0,0,0,4.4955E+20,5.53681E+21,8.29632E+15,4.99815E+16
101633,7.17032E+18,7,2,32,289,2017,3,21,6,2,8,1,0,1,0,0,0,2,0,3.34497E+20,5.53248E+21,6.69431E+15,4.99218E+16
101634,7.17032E+18,7,2,31,8,2017,3,7,6,3,0,1,0,0,0,1,0,0,1,3.55447E+20,5.53509E+21,6.98499E+15,4.99507E+16
101635,7.17032E+18,7,2,35,146,2017,3,5,6,3,4,2,0,1,0,0,0,2,0,3.15665E+20,5.50564E+21,6.44493E+15,4.96751E+16
101636,7.17032E+18,7,1,43,256,2017,3,6,6,2,8,1,0,1,0,0,0,0,0,4.33917E+20,5.61643E+21,8.06433E+15,5.0696E+16
101637,7.17032E+18,7,1,38,41,2017,3,16,6,3,2,6,0,1,0,0,0,0,0,3.78344E+20,5.60324E+21,7.28209E+15,5.05684E+16
101638,7.17032E+18,7,1,32,54,2017,3,20,6,3,9,1,0,0,0,1,0,2,0,4.16325E+20,5.62811E+21,7.81264E+15,5.07986E+16
101639,7.17032E+18,7,1,38,45,2017,3,11,6,3,4,2,0,1,0,0,0,0,0,3.9669E+20,5.58821E+21,7.54522E+15,5.04368E+16
101640,7.17032E+18,7,1,31,70,2017,3,10,6,3,2,6,0,1,0,0,1,0,0,3.74905E+20,5.604E+21,7.23331E+15,5.05745E+16
101641,7.17032E+18,7,1,31,7,2017,3,12,6,3,1,2,0,1,0,0,0,0,0,3.6678E+20,5.60153E+21,7.1195E+15,5.05505E+16
101642,7.17032E+18,7,1,37,7,2017,3,13,6,3,0,7,0,0,0,0,1,0,0,3.6072E+20,5.57932E+21,7.04227E+15,5.03495E+16
101643,7.17032E+18,7,1,40,112,2017,3,16,6,3,5,2,0,1,0,1,0,0,0,4.09388E+20,5.55097E+21,7.7329E+15,5.0104E+16
101644,7.17032E+18,7,1,35,43,2017,3,22,6,2,3,6,0,1,0,0,0,2,0,3.72859E+20,5.56796E+21,7.21663E+15,5.02501E+16
101645,7.17032E+18,7,3,12,0,2017,3,16,5,3,2,6,0,1,0,0,0,0,0,4.01968E+20,5.47751E+21,7.64768E+15,4.94424E+16
101646,7.17032E+18,7,3,11,0,2017,3,17,5,3,2,6,0,1,0,0,0,0,0,4.57796E+20,5.4886E+21,8.41656E+15,4.95485E+16
101647,7.17032E+18,7,3,38,6,2017,3,16,5,3,2,6,0,1,0,0,0,0,0,4.50277E+20,5.47644E+21,8.31414E+15,4.94386E+16
101648,7.17032E+18,7,3,38,19,2017,3,15,5,3,2,6,0,1,0,0,0,0,0,4.52613E+20,5.47786E+21,8.34619E+15,4.94515E+16
101649,7.17032E+18,7,3,18,0,2017,3,15,5,2,2,6,0,1,0,0,1,0,0,4.58032E+20,5.46691E+21,8.42211E+15,4.93535E+16
101650,7.17032E+18,7,3,38,8,2017,3,10,5,3,2,6,0,1,0,0,1,0,0,4.50213E+20,5.48009E+21,8.31281E+15,4.94714E+16
101651,7.17031E+18,7,3,34,33,2017,3,6,2,3,5,3,0,1,0,0,0,1,1,4.50417E+20,5.45542E+21,8.3187E+15,4.92496E+16
101652,7.17031E+18,7,3,37,52,2017,3,19,2,2,6,4,0,1,1,0,0,2,1,4.37672E+20,5.46183E+21,8.14258E+15,4.93061E+16
101653,7.17031E+18,7,3,37,84,2017,3,12,2,2,8,7,0,0,0,1,0,0,1,4.31818E+20,5.45709E+21,8.06287E+15,4.92627E+16
101654,7.17031E+18,7,3,14,0,2017,3,17,2,3,9,1,0,1,0,0,0,0,1,4.56995E+20,5.4767E+21,8.40678E+15,4.94415E+16
101655,7.17032E+18,7,3,33,39,2017,3,1,5,3,9,1,0,1,0,0,0,2,0,4.29926E+20,5.50034E+21,8.02921E+15,4.96515E+16
101656,7.17032E+18,7,3,34,4,2017,3,13,5,3,2,6,0,1,0,0,0,0,0,4.40281E+20,5.43935E+21,8.18181E+15,4.91041E+16
101657,7.17032E+18,7,3,14,0,2017,3,10,5,1,2,6,0,0,0,0,1,0,0,4.50299E+20,5.479E+21,8.31413E+15,4.94616E+16
101658,7.17031E+18,7,3,14,0,2017,3,14,2,3,3,6,0,1,0,0,1,0,0,4.58365E+20,5.4806E+21,8.42526E+15,4.94766E+16
101659,7.17031E+18,7,3,31,19,2017,3,17,2,3,5,3,0,1,0,0,0,0,0,4.36047E+20,5.51696E+21,8.11129E+15,4.98017E+16
101660,7.17032E+18,7,3,38,7,2017,3,20,5,2,6,4,0,1,1,0,0,2,0,4.55878E+20,5.46138E+21,8.39307E+15,4.93035E+16
101661,7.17032E+18,7,1,33,52,2017,3,13,5,3,4,1,0,1,0,0,0,0,0,3.88155E+20,5.51412E+21,7.44678E+15,4.97692E+16
101662,7.17032E+18,7,3,39,21,2017,3,16,5,3,9,2,0,1,0,0,0,0,0,4.23544E+20,5.52866E+21,7.93526E+15,4.99054E+16
101663,7.17032E+18,7,1,33,37,2017,3,21,5,3,1,7,1,1,0,0,0,2,0,4.20797E+20,5.51986E+21,7.89881E+15,4.98259E+16
101664,7.17032E+18,7,3,31,51,2017,3,16,5,2,5,3,0,1,0,0,1,0,0,4.26408E+20,5.51045E+21,7.97859E+15,4.9742E+16
101665,7.17032E+18,7,3,39,39,2017,3,16,5,2,4,6,0,1,0,0,0,0,0,4.53162E+20,5.52921E+21,8.34762E+15,4.99135E+16
101666,7.17032E+18,7,1,32,96,2017,3,20,6,3,8,1,0,1,0,0,0,2,0,4.09365E+20,5.6251E+21,7.71465E+15,5.07706E+16