OBJECTID,UIDENTSTLA,ULAND,UREGBEZ,UKREIS,UGEMEINDE,UJAHR,UMONAT,USTUNDE,UWOCHENTAG,UKATEGORIE,UART,UTYP1,IstRad,IstPKW,IstFuss,IstKrad,IstSonstig,LICHT,STRZUSTAND,LINREFX,LINREFY,XGCSWGS84,YGCSWGS84
101839,7.17031E+18,7,1,38,45,2017,3,12,7,3,3,1,1,1,0,0,0,0,0,3.94591E+20,5.59162E+21,7.51472E+15,5.04671E+16
101840,7.17031E+18,7,3,14,0,2017,3,19,1,3,1,6,0,1,0,0,0,2,1,4.5147E+20,5.48181E+21,8.32994E+15,4.9487E+16
101841,7.17031E+18,7,3,20,0,2017,3,14,6,3,2,6,0,1,0,0,0,0,0,3.83007E+20,5.45505E+21,7.39281E+15,4.92371E+16
101842,7.17031E+18,7,3,36,104,2017,3,14,6,3,2,6,0,1,0,0,1,0,0,3.96753E+20,5.49942E+21,7.57002E+15,4.96385E+16
101843,7.17031E+18,7,3,15,0,2017,3,23,1,3,1,5,0,1,0,0,0,2,1,4.47137E+20,5.53785E+21,8.26252E+15,4.99907E+16
101844,7.17031E+18,7,3,36,55,2017,3,15,6,3,6,4,0,1,1,0,0,0,0,3.83792E+20,5.48917E+21,7.39361E+15,4.95439E+16
101845,7.17031E+18,7,3,38,16,2017,3,13,6,3,2,6,0,1,0,0,0,0,0,4.5012E+20,5.48527E+21,8.31086E+15,4.9518E+16
101846,7.17031E+18,7,3,11,0,2017,3,13,6,3,2,6,0,1,0,0,1,0,0,4.50141E+20,5.48547E+21,8.31113E+15,4.95198E+16
101847,7.17031E+18,7,3,38,26,2017,3,8,6,2,2,6,0,1,0,0,1,0,0,4.57316E+20,5.4723E+21,8.41167E+15,4.94019E+16
101848,7.17031E+18,7,3,32,25,2017,3,16,6,3,2,6,0,1,0,0,0,0,0,4.45343E+20,5.46654E+21,8.24745E+15,4.93492E+16
101849,7.17031E+18,7,3,32,48,2017,3,12,6,3,1,6,0,1,0,0,0,0,0,4.271E+20,5.4744E+21,7.99487E+15,4.94179E+16
101850,7.17031E+18,7,3,34,30,2017,3,17,6,2,4,6,0,1,0,0,0,0,0,4.36221E+20,5.44044E+21,8.12602E+15,4.91135E+16
101851,7.17031E+18,7,3,34,8,2017,3,17,6,3,5,3,1,1,0,0,0,0,0,4.4539E+20,5.42965E+21,8.25311E+15,4.90173E+16
101852,7.17031E+18,7,3,34,7,2017,3,15,6,3,8,1,1,0,0,0,0,0,0,4.53726E+20,5.45245E+21,8.36451E+15,4.92231E+16
101853,7.17031E+18,7,3,37,20,2017,3,21,6,3,2,6,0,1,0,0,0,2,0,4.38393E+20,5.45946E+21,8.15287E+15,4.92848E+16
101854,7.17031E+18,7,3,18,0,2017,3,14,6,3,3,6,1,0,0,0,0,0,0,4.58644E+20,5.46315E+21,8.43093E+15,4.93197E+16
101855,7.17031E+18,7,3,38,19,2017,3,11,6,3,5,3,0,1,0,0,0,0,0,4.53609E+20,5.47575E+21,8.36018E+15,4.94327E+16
101856,7.17031E+18,7,3,39,4,2017,3,18,6,3,2,7,0,1,0,0,0,2,0,4.25648E+20,5.52187E+21,7.96585E+15,4.98447E+16
101857,7.17031E+18,7,3,31,3,2017,3,11,6,3,5,3,0,1,0,1,0,0,0,4.34497E+20,5.51002E+21,8.09092E+15,4.97391E+16
101858,7.17031E+18,7,3,39,49,2017,3,23,6,3,7,7,0,1,0,0,0,2,0,4.53856E+20,5.52156E+21,8.3582E+15,4.98447E+16
101859,7.17031E+18,7,3,39,42,2017,3,16,6,3,2,6,0,1,0,0,0,0,0,4.41804E+20,5.52934E+21,8.18942E+15,4.99136E+16
101860,7.17031E+18,7,3,15,0,2017,3,8,6,2,4,2,0,1,0,0,0,0,0,4.48444E+20,5.53618E+21,8.28097E+15,4.99758E+16
101861,7.17031E+18,7,3,15,0,2017,3,21,6,2,9,7,0,1,0,0,0,2,0,4.41789E+20,5.53829E+21,8.18786E+15,4.99941E+16
101862,7.17031E+18,7,3,39,5,2017,3,17,6,3,2,6,0,1,0,0,0,0,0,4.26916E+20,5.53586E+21,7.98084E+15,4.99706E+16
101863,7.17031E+18,7,2,33,218,2017,3,14,6,3,2,6,0,1,0,0,0,0,0,3.5426E+20,5.57277E+21,6.95405E+15,5.02891E+16
101864,7.17031E+18,7,2,33,4,2017,3,13,6,3,4,2,0,1,0,0,0,0,0,3.36877E+20,5.56672E+21,6.71283E+15,5.02302E+16
101865,7.17031E+18,7,1,34,38,2017,3,15,6,3,4,6,0,1,0,0,0,0,0,3.77231E+20,5.51419E+21,7.29512E+15,4.97676E+16
101866,7.17031E+18,7,1,43,32,2017,3,15,6,3,5,3,0,1,0,0,0,0,0,4.05624E+20,5.5883E+21,7.67096E+15,5.04391E+16
101867,7.17031E+18,7,1,43,53,2017,3,13,6,3,2,6,0,1,0,0,0,0,0,4.15622E+20,5.58426E+21,7.81264E+15,5.04043E+16
101868,7.17031E+18,7,1,38,40,2017,3,15,6,3,4,2,0,1,0,0,0,0,0,3.9775E+20,5.60274E+21,7.55617E+15,5.05677E+16
101869,7.17031E+18,7,1,38,5,2017,3,10,6,2,5,3,0,1,0,0,0,0,0,3.92901E+20,5.59855E+21,7.48892E+15,5.05291E+16
101870,7.17031E+18,7,2,35,45,2017,3,17,1,3,2,6,0,1,0,0,0,1,1,3.49768E+20,5.50454E+21,6.91769E+15,4.96746E+16
101871,7.17032E+18,7,1,38,23,2017,3,17,6,3,2,6,0,1,0,0,0,0,0,4.03981E+20,5.59764E+21,7.64544E+15,5.05228E+16
101872,7.17031E+18,7,1,32,111,2017,3,14,6,2,2,2,0,1,0,0,0,0,0,4.17462E+20,5.6289E+21,7.8286E+15,5.08059E+16
101873,7.17031E+18,7,1,38,45,2017,3,10,6,3,4,2,0,1,0,0,0,0,0,3.91688E+20,5.589E+21,7.47459E+15,5.0443E+16
101874,7.17031E+18,7,1,37,228,2017,3,17,6,3,1,6,0,1,0,0,0,0,0,3.91143E+20,5.58546E+21,7.46794E+15,5.04111E+16
101875,7.17031E+18,7,1,11,0,2017,3,16,6,3,2,6,0,1,0,0,0,0,0,3.98672E+20,5.582E+21,7.5748E+15,5.03814E+16
101876,7.17031E+18,7,2,32,27,2017,3,8,1,3,8,1,0,0,0,1,0,0,1,3.31659E+20,5.53736E+21,6.65267E+15,4.99648E+16
101877,7.17031E+18,7,1,11,0,2017,3,15,6,2,2,6,0,1,0,0,0,0,0,3.94349E+20,5.58122E+21,7.51423E+15,5.03735E+16
101878,7.17031E+18,7,1,11,0,2017,3,14,6,3,2,6,0,1,0,0,1,0,0,3.98517E+20,5.585E+21,7.57181E+15,5.04082E+16
101879,7.17031E+18,7,1,43,278,2017,3,18,1,3,4,2,0,1,0,0,0,2,1,4.33517E+20,5.61269E+21,8.05935E+15,5.06622E+16
101880,7.17031E+18,7,3,20,0,2017,3,7,5,3,2,6,0,1,0,0,0,0,1,3.77592E+20,5.45807E+21,7.31753E+15,4.92631E+16
101881,7.17031E+18,7,3,39,27,2017,3,8,5,3,8,1,0,1,0,0,0,0,1,4.14338E+20,5.47841E+21,7.81809E+15,4.94523E+16
101882,7.17031E+18,7,3,32,48,2017,3,14,5,3,8,1,0,1,0,0,0,0,1,4.27976E+20,5.47339E+21,8.00714E+15,4.94089E+16
101883,7.17031E+18,7,3,16,0,2017,3,11,5,3,1,6,0,1,0,0,0,0,1,4.38284E+20,5.46648E+21,8.15028E+15,4.93479E+16
101884,7.17031E+18,7,3,34,501,2017,3,17,5,3,2,6,0,1,0,0,0,1,0,4.47101E+20,5.43213E+21,8.27619E+15,4.90398E+16
101885,7.17031E+18,7,3,34,1,2017,3,17,5,3,2,6,0,1,0,0,0,0,0,4.51249E+20,5.44962E+21,8.33082E+15,4.91974E+16
101886,7.17031E+18,7,3,34,28,2017,3,17,5,2,2,6,0,1,0,0,0,0,0,4.53268E+20,5.45888E+21,8.35746E+15,4.92809E+16
101887,7.17031E+18,7,1,43,224,2017,3,11,1,3,9,1,0,1,0,0,0,0,1,4.30386E+20,5.59968E+21,8.01749E+15,5.05449E+16
101888,7.17031E+18,7,3,34,17,2017,3,15,5,3,4,2,0,1,0,0,0,0,0,4.52032E+20,5.45632E+21,8.34077E+15,4.92577E+16
101889,7.17031E+18,7,3,32,25,2017,3,23,5,2,3,6,0,1,0,0,0,2,0,4.44314E+20,5.4699E+21,8.23283E+15,4.93793E+16
101890,7.17031E+18,7,3,18,0,2017,3,17,5,3,2,6,0,1,0,0,0,0,0,4.57176E+20,5.46342E+21,8.4107E+15,4.93221E+16
101891,7.17031E+18,7,3,38,26,2017,3,21,5,2,8,1,1,0,0,0,0,2,1,4.59205E+20,5.4705E+21,8.4379E+15,4.93858E+16
101892,7.17031E+18,7,3,14,0,2017,3,17,5,3,1,2,0,1,0,0,0,0,0,4.54244E+20,5.48159E+21,8.36827E+15,4.94852E+16
101893,7.17031E+18,7,3,15,0,2017,3,13,5,3,1,6,0,1,0,0,0,0,1,4.47145E+20,5.53929E+21,8.26243E+15,5.00035E+16
101894,7.17031E+18,7,2,31,127,2017,3,11,5,3,9,1,0,1,0,0,0,0,1,3.47326E+20,5.55192E+21,6.86516E+15,5.00999E+16
101895,7.17031E+18,7,2,11,0,2017,3,18,5,3,2,6,0,1,0,0,0,0,1,3.33593E+20,5.51296E+21,6.69009E+15,4.97461E+16
101896,7.17031E+18,7,2,11,0,2017,3,9,5,3,2,2,0,1,0,0,0,0,1,3.2902E+20,5.51137E+21,6.62736E+15,4.97305E+16
101897,7.17031E+18,7,1,43,32,2017,3,10,5,3,8,1,0,1,0,0,0,0,1,4.054E+20,5.58856E+21,7.66775E+15,5.04415E+16
101898,7.17031E+18,7,1,43,78,2017,3,13,5,3,8,1,0,1,0,0,0,0,1,4.12705E+20,5.59581E+21,7.7689E+15,5.05077E+16
101899,7.17031E+18,7,1,32,63,2017,3,0,5,3,9,7,0,1,0,0,0,2,0,4.23454E+20,5.63003E+21,7.91338E+15,5.0817E+16
101900,7.17031E+18,7,1,38,45,2017,3,13,5,3,9,6,0,1,0,0,0,0,1,3.92414E+20,5.58885E+21,7.48484E+15,5.04418E+16
101901,7.17031E+18,7,1,40,85,2017,3,20,5,3,4,6,0,1,0,1,0,2,0,4.01927E+20,5.54367E+21,7.63046E+15,5.00372E+16
101902,7.17031E+18,7,1,11,0,2017,3,7,5,3,8,1,0,1,0,0,0,0,1,4.03084E+20,5.58109E+21,7.63707E+15,5.03739E+16
101903,7.17031E+18,7,1,43,62,2017,3,4,5,3,8,1,0,1,0,0,0,2,1,4.10217E+20,5.58969E+21,7.7353E+15,5.04523E+16
101904,7.17031E+18,7,3,33,3,2017,3,6,4,3,5,3,0,1,0,0,0,0,0,4.14562E+20,5.50981E+21,7.81434E+15,4.97347E+16
101905,7.17031E+18,7,3,38,16,2017,3,9,4,3,2,6,0,1,0,0,0,0,0,4.50119E+20,5.48477E+21,8.31091E+15,4.95135E+16
101906,7.17031E+18,7,1,41,77,2017,3,1,1,2,4,6,1,1,0,0,0,2,0,4.21999E+20,5.57648E+21,7.90397E+15,5.03352E+16
101907,7.17031E+18,7,1,31,70,2017,3,16,1,3,1,5,0,1,0,0,0,1,1,3.75022E+20,5.60381E+21,7.23501E+15,5.05728E+16
101908,7.17032E+18,7,3,31,47,2017,3,13,5,3,2,6,0,1,0,0,0,0,0,4.47373E+20,5.5019E+21,8.27069E+15,4.96674E+16
101909,7.17032E+18,7,3,32,14,2017,3,16,5,2,9,1,0,0,0,1,0,0,0,4.19878E+20,5.46755E+21,7.89669E+15,4.93554E+16
101910,7.17031E+18,7,3,34,17,2017,3,7,4,3,3,1,0,1,0,0,0,0,0,4.52349E+20,5.45392E+21,8.34541E+15,4.92362E+16
101911,7.17031E+18,7,3,38,25,2017,3,16,4,3,2,2,0,1,0,0,0,0,1,4.5486E+20,5.4692E+21,8.37818E+15,4.93738E+16
101912,7.17031E+18,7,1,37,216,2017,3,14,1,3,2,6,0,1,0,0,0,0,0,3.95085E+20,5.58384E+21,7.52384E+15,5.03972E+16
101913,7.17031E+18,7,3,39,4,2017,3,9,4,3,0,6,0,1,0,0,0,1,0,4.26329E+20,5.52057E+21,7.97558E+15,4.9833E+16
101914,7.17031E+18,7,1,11,0,2017,3,17,1,3,8,1,0,1,0,0,0,0,1,3.94304E+20,5.5812E+21,7.5136E+15,5.03733E+16
101915,7.17031E+18,7,3,31,3,2017,3,16,4,3,2,6,0,1,0,0,0,0,1,4.37031E+20,5.51134E+21,8.12587E+15,4.97513E+16
101916,7.17031E+18,7,3,31,3,2017,3,10,4,2,2,6,0,1,0,0,0,0,1,4.36625E+20,5.51132E+21,8.12023E+15,4.9751E+16
101917,7.1703E+18,7,3,36,3,2017,3,16,7,3,6,6,0,1,1,0,0,0,0,3.89197E+20,5.49013E+21,7.46803E+15,4.95536E+16
101918,7.17031E+18,7,2,32,27,2017,3,21,4,3,8,1,0,1,0,0,0,2,1,3.31028E+20,5.53771E+21,6.64372E+15,4.99678E+16
101919,7.17031E+18,7,2,32,137,2017,3,10,4,3,9,1,0,1,0,0,0,0,1,3.18456E+20,5.53094E+21,6.47177E+15,4.99033E+16
101920,7.17031E+18,7,2,32,18,2017,3,7,4,3,9,1,0,1,0,0,0,1,1,3.22517E+20,5.53625E+21,6.52583E+15,4.99522E+16
101921,7.17031E+18,7,2,35,105,2017,3,14,4,3,4,6,0,1,0,0,1,0,1,3.312E+20,5.50145E+21,6.66188E+15,4.9642E+16
101922,7.17031E+18,7,1,43,202,2017,3,5,4,3,8,1,0,1,0,0,0,2,1,4.19373E+20,5.61075E+21,7.85969E+15,5.0643E+16
101923,7.17031E+18,7,1,43,32,2017,3,13,4,3,5,3,0,1,0,0,0,0,1,4.05082E+20,5.58874E+21,7.66323E+15,5.0443E+16
101924,7.17031E+18,7,1,43,52,2017,3,5,4,3,8,1,0,1,0,0,0,1,1,4.07165E+20,5.5807E+21,7.69454E+15,5.0371E+16
101925,7.17031E+18,7,1,32,2,2017,3,8,4,3,2,6,0,1,0,0,0,0,1,4.20885E+20,5.62585E+21,7.87782E+15,5.0779E+16
101926,7.17031E+18,7,1,32,70,2017,3,15,4,3,1,1,0,0,0,0,1,0,1,4.05937E+20,5.61501E+21,7.66862E+15,5.06793E+16
101927,7.17031E+18,7,1,40,27,2017,3,7,4,3,9,1,0,1,0,0,0,0,1,4.05773E+20,5.5415E+21,7.68468E+15,5.00184E+16
101928,7.17031E+18,7,1,11,0,2017,3,16,4,3,5,2,0,1,0,0,0,0,1,3.99596E+20,5.57898E+21,7.5886E+15,5.03543E+16
101929,7.17031E+18,7,1,11,0,2017,3,14,4,3,3,6,0,1,0,0,0,0,1,3.99114E+20,5.58008E+21,7.58153E+15,5.03641E+16
101930,7.17031E+18,7,1,37,86,2017,3,21,4,2,4,6,0,1,0,0,0,2,1,3.84676E+20,5.57633E+21,7.37975E+15,5.03278E+16
101931,7.17031E+18,7,3,40,2,2017,3,14,3,2,9,1,0,0,0,1,0,0,1,4.16706E+20,5.44118E+21,7.85851E+15,4.91178E+16
101932,7.17031E+18,7,3,40,20,2017,3,13,3,2,5,3,0,1,0,0,0,0,1,4.11738E+20,5.45125E+21,7.78823E+15,4.92077E+16
101933,7.17031E+18,7,3,20,0,2017,3,18,3,3,5,2,0,1,0,0,0,0,0,3.80896E+20,5.45599E+21,7.36354E+15,4.92451E+16
101934,7.1703E+18,7,3,12,0,2017,3,18,7,3,5,3,0,1,0,0,0,2,1,4.12579E+20,5.4776E+21,7.794E+15,4.94448E+16
101935,7.1704E+18,7,3,38,15,2017,4,9,3,3,4,6,0,0,0,0,1,0,0,4.51597E+20,5.49407E+21,8.33019E+15,4.95973E+16
101936,7.17041E+18,7,2,11,0,2017,4,17,6,3,0,1,1,0,0,0,0,0,0,3.28854E+20,5.51383E+21,6.62398E+15,4.97526E+16
101937,7.17041E+18,7,3,14,0,2017,4,15,6,3,2,6,0,1,0,0,0,0,0,4.50213E+20,5.48009E+21,8.31281E+15,4.94714E+16
101938,7.1704E+18,7,1,33,501,2017,4,13,3,3,2,2,0,1,0,0,0,0,0,4.03007E+20,5.51535E+21,7.65266E+15,4.97828E+16
101939,7.17041E+18,7,1,37,19,2017,4,13,7,3,4,1,0,1,0,1,0,0,0,3.62797E+20,5.57226E+21,7.07401E+15,5.02865E+16
101940,7.1704E+18,7,3,39,56,2017,4,18,3,2,8,1,0,0,0,1,0,0,0,4.26956E+20,5.52448E+21,7.98356E+15,4.98683E+16
101941,7.17041E+18,7,3,15,0,2017,4,15,7,3,2,6,0,1,0,0,0,0,0,4.47305E+20,5.53947E+21,8.26464E+15,5.00052E+16
101942,7.1704E+18,7,3,33,38,2017,4,15,3,3,9,1,0,1,0,0,0,0,0,4.3154E+20,5.49141E+21,8.05313E+15,4.95714E+16
101943,7.1704E+18,7,3,19,0,2017,4,17,3,3,3,2,1,1,0,0,0,0,0,4.52903E+20,5.49724E+21,8.34788E+15,4.96259E+16
101944,7.17041E+18,7,3,35,501,2017,4,0,7,3,8,1,0,1,0,0,0,2,0,3.93697E+20,5.48445E+21,7.53176E+15,4.95034E+16
101945,7.1704E+18,7,2,11,0,2017,4,13,3,3,8,1,0,1,0,0,0,0,0,3.34778E+20,5.51705E+21,6.70479E+15,4.97832E+16
101946,7.1704E+18,7,1,43,48,2017,4,8,3,3,2,2,0,1,0,0,0,0,0,4.15136E+20,5.58787E+21,7.80498E+15,5.04367E+16
101947,7.17041E+18,7,1,34,45,2017,4,11,2,3,2,6,0,1,0,0,0,0,0,3.78873E+20,5.50697E+21,7.32015E+15,4.97031E+16
101948,7.17041E+18,7,3,36,102,2017,4,16,2,2,5,3,0,1,0,0,0,0,0,3.80653E+20,5.47147E+21,7.35558E+15,4.93843E+16
101949,7.17041E+18,7,2,11,0,2017,4,8,3,3,2,2,0,1,0,0,0,0,0,3.28988E+20,5.51111E+21,6.62704E+15,4.97282E+16
101950,7.17041E+18,7,3,39,62,2017,4,7,4,3,5,2,0,1,0,1,0,0,0,4.16372E+20,5.53389E+21,7.83427E+15,4.99515E+16
101951,7.17041E+18,7,1,33,54,2017,4,17,4,3,5,3,0,1,0,0,0,0,0,4.21794E+20,5.52732E+21,7.91116E+15,4.98931E+16
101952,7.1704E+18,7,1,38,11,2017,4,15,3,3,5,3,0,1,0,0,0,0,0,3.99797E+20,5.60055E+21,7.58565E+15,5.05483E+16
101953,7.1704E+18,7,1,38,41,2017,4,7,3,3,5,3,0,1,0,0,0,0,0,3.7811E+20,5.60278E+21,7.27895E+15,5.05642E+16
101954,7.1704E+18,7,1,38,45,2017,4,12,3,3,6,4,0,1,1,0,0,0,0,3.90505E+20,5.58845E+21,7.45808E+15,5.04379E+16
101955,7.1704E+18,7,1,31,2,2017,4,16,3,3,8,1,0,0,0,1,0,0,0,3.55044E+20,5.59556E+21,6.95626E+15,5.0494E+16
101956,7.1704E+18,7,1,40,79,2017,4,17,3,3,2,6,0,1,0,0,0,0,0,3.93839E+20,5.54536E+21,7.51709E+15,5.00511E+16
101957,7.1704E+18,7,1,40,67,2017,4,16,3,3,4,2,0,1,0,0,0,0,0,3.85698E+20,5.53394E+21,7.40682E+15,4.99468E+16
101958,7.1704E+18,7,1,11,0,2017,4,17,3,3,2,6,0,1,0,0,0,0,0,3.96892E+20,5.58302E+21,7.54949E+15,5.03901E+16
101959,7.1704E+18,7,1,11,0,2017,4,18,3,3,2,6,0,1,0,0,0,0,0,4.01386E+20,5.57962E+21,7.61359E+15,5.03604E+16
101960,7.1704E+18,7,1,11,0,2017,4,15,3,3,2,6,0,1,0,0,0,0,0,3.97025E+20,5.58361E+21,7.5512E+15,5.03955E+16
101961,7.17041E+18,7,3,31,24,2017,4,17,3,1,4,6,0,1,0,0,1,0,0,4.41021E+20,5.50561E+21,8.18211E+15,4.97001E+16
101962,7.17041E+18,7,3,12,0,2017,4,18,3,3,2,6,0,1,0,0,0,0,0,4.09321E+20,5.4777E+21,7.74904E+15,4.94452E+16
101963,7.1704E+18,7,3,12,0,2017,4,10,2,3,9,1,0,1,0,0,0,0,0,4.13019E+20,5.47753E+21,7.80008E+15,4.94442E+16
101964,7.1704E+18,7,3,12,0,2017,4,7,2,3,1,2,0,1,0,0,1,0,0,4.11013E+20,5.4767E+21,7.7726E+15,4.94364E+16
101965,7.17041E+18,7,3,35,10,2017,4,14,4,3,1,2,0,1,0,0,0,0,0,4.25972E+20,5.4767E+21,7.9789E+15,4.94384E+16
101966,7.1704E+18,7,3,14,0,2017,4,16,2,3,2,6,0,1,0,0,1,0,0,4.53481E+20,5.48194E+21,8.3577E+15,4.94883E+16
101967,7.1704E+18,7,3,13,0,2017,4,10,2,3,3,6,0,0,0,0,1,0,0,4.38097E+20,5.44767E+21,8.15062E+15,4.91787E+16
101968,7.17041E+18,7,1,38,75,2017,4,9,5,3,6,6,0,0,1,0,1,0,0,3.83013E+20,5.60876E+21,7.34626E+15,5.0619E+16
101969,7.1704E+18,7,3,37,68,2017,4,16,2,3,5,2,0,1,0,0,0,0,0,4.36629E+20,5.44302E+21,8.13121E+15,4.91368E+16
101970,7.1704E+18,7,3,14,0,2017,4,15,2,3,8,1,0,1,0,0,0,0,0,4.5698E+20,5.47655E+21,8.40659E+15,4.94401E+16
101971,7.17041E+18,7,1,33,46,2017,4,17,5,2,1,6,0,1,0,0,0,0,0,3.93478E+20,5.5179E+21,7.51964E+15,4.98041E+16
101972,7.1704E+18,7,1,33,117,2017,4,16,2,3,2,6,0,1,0,0,0,0,0,4.147E+20,5.52056E+21,7.81391E+15,4.98314E+16
101973,7.1704E+18,7,3,31,73,2017,4,7,2,3,5,3,0,1,0,0,0,0,0,4.36312E+20,5.51965E+21,8.11452E+15,4.98259E+16
101974,7.17041E+18,7,1,37,216,2017,4,15,6,3,5,2,0,1,0,0,0,0,0,3.94404E+20,5.58412E+21,7.51419E+15,5.03996E+16
101975,7.1704E+18,7,3,31,39,2017,4,18,2,3,0,2,1,1,0,0,0,0,0,4.41269E+20,5.50581E+21,8.18552E+15,4.97019E+16
101976,7.17041E+18,7,1,33,6,2017,4,7,6,3,2,6,0,1,0,0,0,0,0,4.20878E+20,5.52381E+21,7.89913E+15,4.98614E+16
101977,7.1704E+18,7,3,19,0,2017,4,10,2,3,5,3,0,0,0,1,1,0,0,4.5369E+20,5.49565E+21,8.35897E+15,4.96116E+16
101978,7.1704E+18,7,3,39,39,2017,4,16,2,3,2,6,0,1,0,0,0,0,0,4.52986E+20,5.52829E+21,8.34528E+15,4.99051E+16
101979,7.1704E+18,7,3,39,27,2017,4,9,2,3,1,6,0,1,0,0,0,0,0,4.36835E+20,5.5386E+21,8.1187E+15,4.99964E+16
101980,7.1704E+18,7,3,39,30,2017,4,9,2,3,2,6,0,1,0,0,0,0,0,4.30977E+20,5.53606E+21,8.03742E+15,4.99729E+16
101981,7.1704E+18,7,3,15,0,2017,4,11,2,3,5,3,0,1,0,0,0,0,0,4.46824E+20,5.53865E+21,8.25805E+15,4.99978E+16
101982,7.1704E+18,7,3,31,73,2017,4,9,2,3,2,6,0,1,0,0,0,0,0,4.38491E+20,5.52127E+21,8.14456E+15,4.98407E+16
101983,7.1704E+18,7,1,34,33,2017,4,12,2,3,3,6,0,1,0,0,1,2,0,3.70359E+20,5.49423E+21,7.20635E+15,4.95868E+16
101984,7.1704E+18,7,1,43,267,2017,4,10,2,3,8,7,0,1,0,0,0,0,0,4.10159E+20,5.61498E+21,7.72838E+15,5.06797E+16
101985,7.1704E+18,7,1,43,23,2017,4,17,2,3,4,2,0,1,0,0,0,0,0,4.25517E+20,5.58496E+21,7.95172E+15,5.04119E+16
101986,7.1704E+18,7,1,38,30,2017,4,16,2,3,1,2,0,1,0,0,0,0,0,3.93392E+20,5.60325E+21,7.49451E+15,5.05715E+16
101987,7.17041E+18,7,3,14,0,2017,4,12,5,3,1,1,1,1,0,0,0,0,0,4.54719E+20,5.48249E+21,8.37472E+15,4.94934E+16
101988,7.1704E+18,7,1,32,117,2017,4,18,2,3,5,3,0,1,0,1,0,0,0,4.11335E+20,5.62625E+21,7.7423E+15,5.07812E+16
101989,7.17041E+18,7,1,40,2,2017,4,15,6,3,2,6,0,0,0,1,0,0,0,3.977E+20,5.5391E+21,7.57268E+15,4.99954E+16
101990,7.1704E+18,7,1,32,72,2017,4,19,2,3,4,2,0,1,0,1,0,0,0,4.25767E+20,5.63066E+21,7.94608E+15,5.08229E+16
101991,7.17041E+18,7,3,14,0,2017,4,11,6,3,5,2,1,1,0,0,0,0,0,4.5827E+20,5.48328E+21,8.42367E+15,4.95007E+16
101992,7.1704E+18,7,1,38,45,2017,4,17,2,2,4,2,0,1,0,0,0,0,0,3.91306E+20,5.59083E+21,7.46867E+15,5.04594E+16
101993,7.17041E+18,7,3,20,0,2017,4,6,6,2,5,3,0,1,0,1,0,1,0,3.81793E+20,5.45959E+21,7.37479E+15,4.92776E+16
101994,7.1704E+18,7,1,31,27,2017,4,21,2,3,8,7,0,1,0,0,0,2,0,3.64416E+20,5.5922E+21,7.08954E+15,5.04661E+16
101995,7.17041E+18,7,2,35,114,2017,4,17,7,3,1,2,0,1,0,0,0,0,0,3.48229E+20,5.50443E+21,6.89642E+15,4.96733E+16
101996,7.1704E+18,7,1,37,68,2017,4,17,2,3,1,6,0,1,0,0,0,0,0,3.73582E+20,5.57649E+21,7.22391E+15,5.03269E+16
101997,7.1704E+18,7,1,40,100,2017,4,17,2,2,8,1,0,0,0,1,0,0,0,3.92613E+20,5.53741E+21,7.5022E+15,4.99794E+16
101998,7.1704E+18,7,1,41,23,2017,4,15,2,2,5,3,0,1,0,0,0,0,0,4.09686E+20,5.56755E+21,7.73313E+15,5.02532E+16
101999,7.1704E+18,7,1,31,55,2017,4,12,2,3,8,6,0,1,0,0,0,0,0,3.74662E+20,5.59135E+21,7.23413E+15,5.04608E+16
102000,7.1704E+18,7,1,37,202,2017,4,8,2,2,8,1,0,1,0,0,0,0,0,3.87615E+20,5.57754E+21,7.42067E+15,5.03393E+16
102001,7.17041E+18,7,3,36,97,2017,4,16,1,3,3,6,0,1,0,1,0,0,0,3.79812E+20,5.49191E+21,7.33779E+15,4.95679E+16
102002,7.17041E+18,7,1,32,9,2017,4,17,2,2,5,3,0,1,0,0,0,0,0,3.99377E+20,5.61859E+21,7.57483E+15,5.07104E+16
102003,7.17041E+18,7,3,14,0,2017,4,9,2,3,5,3,0,1,0,0,0,0,0,4.59226E+20,5.48231E+21,8.43698E+15,4.94921E+16
102004,7.17041E+18,7,1,40,108,2017,4,15,3,3,1,1,0,1,0,0,0,0,0,3.95481E+20,5.55198E+21,7.53821E+15,5.01109E+16
102005,7.17041E+18,7,1,33,26,2017,4,7,4,2,5,2,0,1,0,1,0,0,0,4.19076E+20,5.53163E+21,7.87242E+15,4.99315E+16
102006,7.17041E+18,7,3,33,60,2017,4,12,4,3,5,2,0,1,0,0,1,0,0,4.30627E+20,5.48863E+21,8.04099E+15,4.95463E+16
102007,7.1704E+18,7,1,38,44,2017,4,17,2,3,8,1,0,1,0,0,0,0,0,3.91788E+20,5.60437E+21,7.47154E+15,5.05812E+16
102008,7.1704E+18,7,3,40,27,2017,4,15,1,3,9,1,0,0,0,1,0,0,0,4.15576E+20,5.46096E+21,7.83887E+15,4.92956E+16
102009,7.1704E+18,7,3,33,503,2017,4,15,1,2,5,3,0,1,0,1,0,0,0,4.183E+20,5.48983E+21,7.87038E+15,4.95555E+16
102010,7.1704E+18,7,3,32,10,2017,4,19,1,3,8,6,0,1,0,0,0,0,0,4.45218E+20,5.49281E+21,8.2421E+15,4.95854E+16
102011,7.1704E+18,7,3,32,14,2017,4,17,1,3,8,1,0,1,0,0,0,0,0,4.22454E+20,5.466E+21,7.93246E+15,4.93418E+16