OBJECTID,UIDENTSTLA,ULAND,UREGBEZ,UKREIS,UGEMEINDE,UJAHR,UMONAT,USTUNDE,UWOCHENTAG,UKATEGORIE,UART,UTYP1,IstRad,IstPKW,IstFuss,IstKrad,IstSonstig,LICHT,STRZUSTAND,LINREFX,LINREFY,XGCSWGS84,YGCSWGS84
102012,7.1704E+18,7,3,13,0,2017,4,17,1,3,1,1,0,1,0,0,0,0,0,4.37983E+20,5.44957E+21,8.14876E+15,4.91958E+16
102013,7.1704E+18,7,3,18,0,2017,4,12,1,3,2,6,0,1,0,0,0,0,0,4.5853E+20,5.46537E+21,8.42913E+15,4.93397E+16
102014,7.17041E+18,7,3,15,0,2017,4,13,3,3,1,6,0,1,0,0,0,0,0,4.43919E+20,5.54022E+21,8.21728E+15,5.00117E+16
102015,7.1704E+18,7,3,38,4,2017,4,22,1,3,4,2,0,1,0,0,0,2,0,4.53473E+20,5.49332E+21,8.35624E+15,4.95907E+16
102016,7.17041E+18,7,3,34,7,2017,4,13,3,2,8,1,0,1,0,0,0,0,0,4.54993E+20,5.453E+21,8.38183E+15,4.92281E+16
102017,7.1704E+18,7,3,14,0,2017,4,5,1,3,5,3,1,1,0,0,0,2,0,4.58874E+20,5.48267E+21,8.43208E+15,4.94953E+16
102018,7.1704E+18,7,3,39,5,2017,4,19,1,3,6,4,0,1,1,0,0,0,0,4.20988E+20,5.53577E+21,7.89821E+15,4.9969E+16
102019,7.1704E+18,7,3,31,3,2017,4,20,1,2,0,1,0,0,0,1,0,2,0,4.39201E+20,5.51195E+21,8.15589E+15,4.9757E+16
102020,7.1704E+18,7,3,19,0,2017,4,17,1,3,5,3,1,1,0,0,0,0,0,4.51138E+20,5.49946E+21,8.32317E+15,4.96457E+16
102021,7.1704E+18,7,3,39,48,2017,4,22,1,3,8,1,0,1,0,0,0,2,0,4.26266E+20,5.5327E+21,7.97238E+15,4.99421E+16
102022,7.1704E+18,7,2,31,111,2017,4,19,1,3,2,6,0,1,0,0,0,1,0,3.45679E+20,5.52875E+21,6.85145E+15,4.98912E+16
102023,7.1704E+18,7,2,33,55,2017,4,13,1,3,0,1,0,0,0,1,0,0,0,3.41131E+20,5.55973E+21,6.77536E+15,5.01685E+16
102024,7.1704E+18,7,2,33,55,2017,4,11,1,3,5,2,0,1,0,1,0,0,0,3.40955E+20,5.5607E+21,6.77249E+15,5.01771E+16
102025,7.1704E+18,7,2,32,67,2017,4,22,1,2,8,1,0,1,0,0,0,2,0,3.05839E+20,5.53189E+21,6.29579E+15,4.99078E+16
102026,7.1704E+18,7,2,31,8,2017,4,12,1,3,3,2,1,1,0,0,0,0,0,3.58872E+20,5.53071E+21,7.0343E+15,4.99121E+16
102027,7.17041E+18,7,3,34,36,2017,4,19,3,3,2,6,1,1,0,0,0,0,0,4.45276E+20,5.45286E+21,8.24841E+15,4.92261E+16
102028,7.1704E+18,7,2,35,114,2017,4,12,1,3,5,3,0,1,0,1,0,0,0,3.47127E+20,5.50535E+21,6.8808E+15,4.96813E+16
102029,7.1704E+18,7,2,35,45,2017,4,1,1,2,9,1,0,1,0,0,0,2,0,3.49367E+20,5.50355E+21,6.91252E+15,4.96657E+16
102030,7.17041E+18,7,1,40,80,2017,4,9,5,3,8,1,0,1,0,0,0,0,0,3.99085E+20,5.5491E+21,7.58936E+15,5.00856E+16
102031,7.1704E+18,7,2,35,125,2017,4,13,1,3,2,6,0,1,0,1,0,0,0,3.38887E+20,5.52056E+21,6.76038E+15,4.98159E+16
102032,7.17041E+18,7,2,32,223,2017,4,17,5,3,2,2,0,1,0,0,1,0,0,3.20772E+20,5.56593E+21,6.48762E+15,5.02184E+16
102033,7.1704E+18,7,2,11,0,2017,4,5,1,3,9,1,0,1,0,0,0,2,0,3.2863E+20,5.51246E+21,6.62148E+15,4.97402E+16
102034,7.1704E+18,7,1,41,51,2017,4,13,1,3,5,3,0,1,0,1,0,0,0,4.33131E+20,5.57102E+21,8.06134E+15,5.02876E+16
102035,7.17041E+18,7,3,12,0,2017,4,15,5,3,2,6,0,1,0,0,0,0,0,4.12988E+20,5.47861E+21,7.79942E+15,4.94539E+16
102036,7.1704E+18,7,1,43,48,2017,4,16,1,3,8,1,0,0,0,1,0,0,0,4.19628E+20,5.58631E+21,7.86856E+15,5.04233E+16
102037,7.17041E+18,7,1,34,25,2017,4,15,6,2,8,1,0,1,0,0,0,0,0,3.84168E+20,5.51136E+21,7.39225E+15,4.97435E+16
102038,7.1704E+18,7,1,43,27,2017,4,11,1,3,5,3,1,0,0,1,0,0,0,4.19078E+20,5.58975E+21,7.86007E+15,5.04542E+16
102039,7.17041E+18,7,3,38,19,2017,4,15,6,2,2,6,0,1,0,0,0,0,0,4.50915E+20,5.47705E+21,8.32287E+15,4.94441E+16
102040,7.1704E+18,7,1,38,44,2017,4,11,1,3,3,2,0,1,0,1,0,0,0,3.85296E+20,5.60813E+21,7.37871E+15,5.06138E+16
102041,7.1704E+18,7,1,32,80,2017,4,14,1,3,1,5,0,1,0,0,0,0,0,4.16007E+20,5.62951E+21,7.80781E+15,5.08112E+16
102042,7.1704E+18,7,1,31,70,2017,4,18,1,3,2,6,0,1,0,0,0,0,0,3.7319E+20,5.60884E+21,7.20745E+15,5.06176E+16
102043,7.1704E+18,7,1,31,77,2017,4,13,1,2,2,6,0,1,0,0,0,0,0,3.77124E+20,5.59975E+21,7.26603E+15,5.05368E+16
102044,7.1704E+18,7,1,31,77,2017,4,11,1,3,2,6,0,1,0,0,0,0,0,3.76401E+20,5.60122E+21,7.25535E+15,5.05498E+16
102045,7.17041E+18,7,2,35,33,2017,4,15,1,2,8,1,0,0,0,1,0,0,0,3.37516E+20,5.49451E+21,6.75215E+15,4.95814E+16
102046,7.17041E+18,7,3,38,26,2017,4,15,1,2,4,6,1,0,0,1,0,0,0,4.62667E+20,5.47291E+21,8.48537E+15,4.94078E+16
102047,7.17041E+18,7,1,37,226,2017,4,12,2,3,2,2,0,1,0,0,0,0,0,4.01638E+20,5.5834E+21,7.61613E+15,5.03944E+16
102048,7.17041E+18,7,1,34,25,2017,4,13,2,3,2,6,0,1,0,0,0,0,0,3.85286E+20,5.51098E+21,7.40788E+15,4.97403E+16
102049,7.17041E+18,7,3,36,76,2017,4,17,2,3,2,2,0,1,0,0,0,0,0,3.80447E+20,5.4786E+21,7.35059E+15,4.94482E+16
102050,7.17041E+18,7,3,19,0,2017,4,12,4,3,2,6,0,1,0,0,0,0,0,4.53539E+20,5.49746E+21,8.35666E+15,4.96279E+16
102051,7.17041E+18,7,2,11,0,2017,4,15,3,3,5,2,0,1,0,0,0,0,0,3.31103E+20,5.51584E+21,6.65432E+15,4.97712E+16
102052,7.17041E+18,7,3,39,19,2017,4,10,4,3,6,2,0,1,1,0,0,0,0,4.29203E+20,5.53454E+21,8.01297E+15,4.9959E+16
102053,7.17041E+18,7,3,15,0,2017,4,15,4,3,2,6,0,1,0,0,0,0,0,4.44637E+20,5.53894E+21,8.22749E+15,5.00002E+16
102054,7.1704E+18,7,1,31,44,2017,4,18,1,3,2,2,0,1,0,1,0,0,0,3.52749E+20,5.58571E+21,6.9278E+15,5.0405E+16
102055,7.17041E+18,7,3,15,0,2017,4,10,2,3,2,6,0,1,0,0,1,0,0,4.50018E+20,5.53501E+21,8.30307E+15,4.99653E+16
102056,7.17041E+18,7,3,40,57,2017,4,14,2,3,9,1,0,1,0,0,0,0,0,4.19482E+20,5.45206E+21,7.89436E+15,4.9216E+16
102057,7.17041E+18,7,3,15,0,2017,4,10,4,3,1,7,1,0,0,0,1,0,0,4.45061E+20,5.53889E+21,8.23341E+15,4.99998E+16
102058,7.17041E+18,7,2,11,0,2017,4,17,3,3,5,3,0,1,0,0,0,0,0,3.29966E+20,5.51344E+21,6.63958E+15,4.97493E+16
102059,7.17041E+18,7,3,15,0,2017,4,14,4,3,2,1,0,1,0,0,0,0,0,4.47409E+20,5.53778E+21,8.26633E+15,4.999E+16
102060,7.17041E+18,7,3,31,73,2017,4,18,4,3,2,6,0,1,0,0,0,0,0,4.38491E+20,5.52127E+21,8.14456E+15,4.98407E+16
102061,7.1704E+18,7,1,31,50,2017,4,15,1,2,1,1,0,0,0,1,1,0,0,3.56E+20,5.57946E+21,6.97592E+15,5.03496E+16
102062,7.1704E+18,7,1,31,72,2017,4,13,1,3,2,6,0,1,0,1,0,0,0,3.49222E+20,5.58329E+21,6.87918E+15,5.03823E+16
102063,7.1704E+18,7,1,31,90,2017,4,19,1,3,3,6,0,1,0,0,0,0,0,3.6384E+20,5.60448E+21,7.07695E+15,5.05763E+16
102064,7.1704E+18,7,3,40,225,2017,4,10,7,3,4,6,0,1,0,0,0,0,0,3.92498E+20,5.46367E+21,7.52082E+15,4.93163E+16
102065,7.1704E+18,7,3,40,51,2017,4,9,7,3,5,3,0,1,0,0,0,0,0,3.9791E+20,5.45825E+21,7.59665E+15,4.92685E+16
102066,7.1704E+18,7,3,33,55,2017,4,19,7,2,0,7,0,0,0,1,0,0,0,4.142E+20,5.50614E+21,7.81013E+15,4.97017E+16
102067,7.17041E+18,7,1,34,62,2017,4,12,3,3,8,1,0,1,0,0,0,0,0,3.74245E+20,5.50572E+21,7.25641E+15,4.96909E+16
102068,7.17041E+18,7,3,14,0,2017,4,23,3,3,5,3,0,1,0,0,0,2,0,4.515E+20,5.47962E+21,8.33062E+15,4.94673E+16
102069,7.1704E+18,7,3,14,0,2017,4,11,7,3,2,6,0,1,0,0,0,0,0,4.53493E+20,5.48183E+21,8.35787E+15,4.94873E+16
102070,7.17041E+18,7,1,31,209,2017,4,7,4,3,5,3,0,1,0,0,0,0,0,3.77591E+20,5.58843E+21,7.27633E+15,5.04351E+16
102071,7.1704E+18,7,3,34,9,2017,4,14,7,3,5,3,1,1,0,0,0,0,0,4.45292E+20,5.44024E+21,8.25034E+15,4.91126E+16
102072,7.17041E+18,7,3,39,5,2017,4,8,4,3,5,3,0,1,0,0,0,0,0,4.22057E+20,5.53578E+21,7.91311E+15,4.99692E+16
102073,7.1704E+18,7,3,14,0,2017,4,16,7,3,5,3,0,0,0,1,0,0,0,4.51918E+20,5.48056E+21,8.33628E+15,4.94758E+16
102074,7.17041E+18,7,3,40,28,2017,4,20,4,2,8,6,0,1,0,1,0,2,0,4.01325E+20,5.44836E+21,7.64602E+15,4.91801E+16
102075,7.1704E+18,7,3,14,0,2017,4,14,7,3,2,6,0,1,0,0,0,0,0,4.59584E+20,5.48164E+21,8.44199E+15,4.9486E+16
102076,7.1704E+18,7,1,33,102,2017,4,21,7,3,4,6,0,1,0,0,0,2,0,4.0554E+20,5.51498E+21,7.68792E+15,4.97799E+16
102077,7.17041E+18,7,2,11,0,2017,4,19,5,3,0,7,0,1,0,0,0,0,0,3.31278E+20,5.51498E+21,6.65711E+15,4.97636E+16
102078,7.1704E+18,7,1,33,6,2017,4,15,7,3,2,6,0,1,0,1,0,0,0,4.2039E+20,5.52341E+21,7.89242E+15,4.98578E+16
102079,7.1704E+18,7,1,33,117,2017,4,7,7,2,5,3,0,1,0,0,1,0,0,4.15281E+20,5.52188E+21,7.82169E+15,4.98433E+16
102080,7.17041E+18,7,3,13,0,2017,4,9,5,2,6,4,0,1,1,0,0,0,0,4.35433E+20,5.44869E+21,8.11391E+15,4.91876E+16
102081,7.1704E+18,7,2,35,140,2017,4,22,7,3,8,1,0,1,0,0,0,2,0,3.31154E+20,5.5007E+21,6.66156E+15,4.96352E+16
102082,7.17041E+18,7,1,38,57,2017,4,19,6,3,8,1,0,0,0,1,0,0,0,4.02197E+20,5.60699E+21,7.61782E+15,5.06066E+16
102083,7.1704E+18,7,2,35,52,2017,4,2,7,3,9,1,0,1,0,0,0,2,0,3.27847E+20,5.49655E+21,6.61763E+15,4.9597E+16
102084,7.1704E+18,7,2,11,0,2017,4,12,7,3,5,3,1,1,0,0,0,0,0,3.30703E+20,5.51439E+21,6.64939E+15,4.97581E+16
102085,7.1704E+18,7,1,43,304,2017,4,2,7,3,8,6,0,1,0,1,0,2,0,4.26018E+20,5.59372E+21,7.95703E+15,5.04908E+16
102086,7.1704E+18,7,1,43,229,2017,4,14,7,3,5,3,0,1,0,0,0,0,0,4.15878E+20,5.61357E+21,7.80962E+15,5.06679E+16
102087,7.17041E+18,7,3,36,90,2017,4,17,7,3,9,1,0,1,0,1,0,0,0,4.00091E+20,5.49044E+21,7.61852E+15,4.95583E+16
102088,7.17041E+18,7,1,38,41,2017,4,18,1,3,0,7,0,0,0,1,0,0,0,3.79538E+20,5.60525E+21,7.29829E+15,5.05867E+16
102089,7.17041E+18,7,2,33,501,2017,4,17,1,3,3,6,0,1,0,1,0,0,0,3.46162E+20,5.56518E+21,6.84355E+15,5.02188E+16
102090,7.17041E+18,7,3,32,47,2017,4,12,1,3,8,1,0,1,0,0,0,0,0,4.32196E+20,5.48649E+21,8.06305E+15,4.95272E+16
102091,7.17041E+18,7,1,32,76,2017,4,14,2,3,1,5,0,1,0,1,0,0,0,4.20773E+20,5.63438E+21,7.8744E+15,5.08556E+16
102092,7.17041E+18,7,3,38,25,2017,4,8,2,3,1,6,1,1,0,0,0,0,0,4.55249E+20,5.46981E+21,8.38347E+15,4.93793E+16
102093,7.17041E+18,7,2,33,27,2017,4,17,4,3,1,5,0,1,0,0,0,0,0,3.50278E+20,5.55493E+21,6.90523E+15,5.01277E+16
102094,7.1704E+18,7,1,43,269,2017,4,14,7,3,1,6,0,1,0,0,0,0,0,4.13604E+20,5.61456E+21,7.77722E+15,5.06764E+16
102095,7.17041E+18,7,3,38,6,2017,4,17,6,3,8,1,0,0,0,0,1,0,0,4.49517E+20,5.47628E+21,8.30369E+15,4.94371E+16
102096,7.1704E+18,7,1,32,54,2017,4,13,7,3,8,1,1,0,0,0,0,0,0,4.12939E+20,5.62708E+21,7.76485E+15,5.07889E+16
102097,7.17041E+18,7,1,11,0,2017,4,16,7,3,5,3,0,1,0,0,0,0,0,4.02771E+20,5.58068E+21,7.63278E+15,5.03701E+16
102098,7.1704E+18,7,1,38,52,2017,4,15,7,3,2,6,0,1,0,1,0,0,0,4.04828E+20,5.60982E+21,7.65427E+15,5.06325E+16
102099,7.1704E+18,7,1,31,502,2017,4,11,7,2,9,1,0,0,0,1,0,0,0,3.66854E+20,5.5874E+21,7.12558E+15,5.04235E+16
102100,7.1704E+18,7,1,37,216,2017,4,15,7,2,2,6,0,1,0,1,0,0,0,3.95577E+20,5.58375E+21,7.53079E+15,5.03965E+16
102101,7.1704E+18,7,1,43,47,2017,4,16,7,3,2,2,0,1,0,0,0,0,0,4.11425E+20,5.59346E+21,7.75142E+15,5.04864E+16
102102,7.17033E+18,7,3,40,501,2017,3,18,6,2,8,1,0,0,0,1,0,0,0,4.12736E+20,5.44212E+21,7.80391E+15,4.91257E+16
102103,7.17041E+18,7,3,20,0,2017,4,15,1,3,2,6,0,1,0,0,0,0,0,3.81598E+20,5.45307E+21,7.37404E+15,4.92189E+16
102104,7.17041E+18,7,1,43,242,2017,4,9,2,3,5,3,0,1,0,0,0,0,0,4.28028E+20,5.60789E+21,7.98263E+15,5.06185E+16
102105,7.17041E+18,7,3,38,22,2017,4,17,2,2,8,1,0,0,0,1,0,0,0,4.4531E+20,5.4759E+21,8.24571E+15,4.94333E+16
102106,7.17041E+18,7,1,31,7,2017,4,11,3,3,1,6,0,1,0,0,0,0,0,3.68695E+20,5.6012E+21,7.14663E+15,5.05479E+16
102107,7.17041E+18,7,2,32,201,2017,4,11,4,3,2,2,0,1,0,0,0,0,0,3.0526E+20,5.55229E+21,6.2774E+15,5.00909E+16
102108,7.17041E+18,7,2,32,137,2017,4,16,4,3,5,3,0,1,0,0,0,0,0,3.18546E+20,5.53223E+21,6.47242E+15,4.99149E+16
102109,7.17033E+18,7,3,20,0,2017,3,16,6,3,2,6,0,1,0,0,0,0,0,3.82178E+20,5.45737E+21,7.38074E+15,4.92578E+16
102110,7.17033E+18,7,3,40,214,2017,3,10,6,3,5,3,0,1,0,1,0,0,0,3.88549E+20,5.45084E+21,7.47007E+15,4.92003E+16
102111,7.17033E+18,7,3,20,0,2017,3,10,6,3,0,2,0,0,0,1,0,0,0,3.85313E+20,5.45933E+21,7.42325E+15,4.9276E+16
102112,7.17033E+18,7,3,33,36,2017,3,18,6,3,8,1,0,0,0,1,0,0,0,4.16431E+20,5.5098E+21,7.84029E+15,4.97348E+16
102113,7.17033E+18,7,3,33,36,2017,3,18,6,3,8,1,0,0,0,1,0,0,0,4.16431E+20,5.5098E+21,7.84029E+15,4.97348E+16
102114,7.17033E+18,7,3,33,3,2017,3,16,6,3,2,2,0,1,0,0,0,0,0,4.14562E+20,5.50981E+21,7.81435E+15,4.97347E+16
102115,7.17033E+18,7,3,38,12,2017,3,14,6,3,2,6,0,1,0,0,0,0,0,4.5047E+20,5.48723E+21,8.31545E+15,4.95356E+16
102116,7.17041E+18,7,3,15,0,2017,4,15,3,3,2,6,0,1,0,0,0,0,0,4.44741E+20,5.53762E+21,8.22913E+15,4.99883E+16
102117,7.17033E+18,7,3,11,0,2017,3,13,6,3,2,6,0,1,0,0,0,0,0,4.50257E+20,5.48625E+21,8.31263E+15,4.95269E+16
102118,7.17041E+18,7,3,32,31,2017,4,13,3,3,3,2,1,1,0,0,0,0,0,4.38006E+20,5.4879E+21,8.14311E+15,4.95405E+16
102119,7.17033E+18,7,3,16,0,2017,3,16,6,3,2,6,0,1,0,0,1,0,0,4.40296E+20,5.46407E+21,8.17835E+15,4.93264E+16
102120,7.17033E+18,7,3,13,0,2017,3,14,6,2,2,6,0,1,0,1,0,0,0,4.38002E+20,5.44942E+21,8.14905E+15,4.91944E+16
102121,7.17033E+18,7,3,37,44,2017,3,12,6,3,2,6,0,1,0,0,0,0,0,4.38126E+20,5.44722E+21,8.15108E+15,4.91746E+16
102122,7.17041E+18,7,3,16,0,2017,4,7,4,3,5,3,0,1,0,0,0,2,0,4.37602E+20,5.46683E+21,8.14084E+15,4.9351E+16
102123,7.17033E+18,7,3,18,0,2017,3,23,6,2,5,3,1,1,0,0,0,2,0,4.57174E+20,5.46292E+21,8.41074E+15,4.93175E+16
102124,7.17033E+18,7,3,38,5,2017,3,16,6,3,1,1,0,1,0,1,0,0,0,4.50327E+20,5.46933E+21,8.31572E+15,4.93747E+16
102125,7.17041E+18,7,1,37,216,2017,4,16,5,3,1,6,0,1,0,0,0,0,0,3.93082E+20,5.58438E+21,7.49553E+15,5.04018E+16
102126,7.17033E+18,7,3,31,30,2017,3,15,6,3,5,2,0,1,0,0,0,0,0,4.22382E+20,5.52864E+21,7.91908E+15,4.99051E+16
102127,7.17041E+18,7,3,39,49,2017,4,13,5,3,3,6,0,1,0,1,0,0,0,4.53918E+20,5.5229E+21,8.35891E+15,4.98567E+16
102128,7.17033E+18,7,3,31,73,2017,3,16,6,1,4,2,0,1,0,1,0,0,0,4.38592E+20,5.52134E+21,8.14595E+15,4.98414E+16
102129,7.17033E+18,7,3,15,0,2017,3,10,6,3,2,6,0,1,0,0,1,0,0,4.47412E+20,5.53767E+21,8.26638E+15,4.99891E+16
102130,7.17041E+18,7,2,32,81,2017,4,15,7,2,8,1,0,0,0,1,0,0,0,3.26703E+20,5.53888E+21,6.58294E+15,4.99771E+16
102131,7.17041E+18,7,3,39,57,2017,4,16,3,3,1,2,0,1,0,0,0,0,0,4.37402E+20,5.52895E+21,8.12817E+15,4.99096E+16
102132,7.17041E+18,7,3,32,41,2017,4,15,3,3,8,1,1,0,0,0,0,0,0,4.41685E+20,5.49298E+21,8.1932E+15,4.95866E+16
102133,7.17033E+18,7,2,35,83,2017,3,17,6,3,3,6,0,1,0,0,1,0,0,3.45317E+20,5.51594E+21,6.85153E+15,4.9776E+16
102134,7.17033E+18,7,2,31,53,2017,3,11,6,2,4,7,0,1,0,0,0,0,0,3.41859E+20,5.52508E+21,6.79981E+15,4.98573E+16
102135,7.17041E+18,7,3,38,9,2017,4,8,4,3,2,6,0,0,0,0,1,0,0,4.49856E+20,5.49034E+21,8.30658E+15,4.95636E+16
102136,7.17033E+18,7,2,31,108,2017,3,8,6,3,7,7,0,1,0,0,0,0,0,3.47685E+20,5.54213E+21,6.87407E+15,5.0012E+16
102137,7.17041E+18,7,1,40,21,2017,4,17,5,2,1,6,0,1,0,0,0,0,0,3.862E+20,5.54793E+21,7.40967E+15,5.00728E+16
102138,7.17033E+18,7,2,35,103,2017,3,9,6,2,5,3,0,1,0,1,0,0,0,3.41802E+20,5.5106E+21,6.80492E+15,4.9727E+16
102139,7.17033E+18,7,2,35,106,2017,3,14,6,3,2,2,0,1,0,1,0,0,0,3.3193E+20,5.5052E+21,6.67037E+15,4.96759E+16
102140,7.17041E+18,7,3,19,0,2017,4,5,5,3,5,3,1,1,0,0,0,2,0,4.53433E+20,5.49775E+21,8.35516E+15,4.96305E+16
102141,7.17033E+18,7,2,35,107,2017,3,16,6,3,2,6,0,1,0,0,0,0,0,3.34912E+20,5.50678E+21,6.71101E+15,4.96909E+16
102142,7.17033E+18,7,2,11,0,2017,3,15,6,3,5,3,0,1,0,1,0,0,0,3.31999E+20,5.51601E+21,6.66667E+15,4.9773E+16
102143,7.17041E+18,7,1,11,0,2017,4,10,6,3,5,3,0,1,0,0,0,0,0,4.0412E+20,5.58043E+21,7.65181E+15,5.03681E+16
102144,7.17033E+18,7,1,41,129,2017,3,15,6,3,1,2,0,1,0,0,0,0,0,4.17052E+20,5.57009E+21,7.83587E+15,5.02771E+16
102145,7.17041E+18,7,3,15,0,2017,4,13,6,3,5,2,1,1,0,0,0,0,0,4.46803E+20,5.54047E+21,8.2575E+15,5.00141E+16
102146,7.17033E+18,7,1,43,13,2017,3,16,6,3,1,6,0,1,0,0,0,0,0,4.07029E+20,5.58064E+21,7.69264E+15,5.03705E+16
102147,7.17033E+18,7,1,43,13,2017,3,12,6,1,4,6,0,1,0,0,0,0,0,4.0714E+20,5.58065E+21,7.6942E+15,5.03706E+16
102148,7.17033E+18,7,1,32,83,2017,3,13,6,3,5,3,0,1,0,0,0,0,0,3.96177E+20,5.60887E+21,7.53225E+15,5.06225E+16
102149,7.17033E+18,7,1,32,14,2017,3,16,6,3,2,2,0,1,0,1,0,0,0,4.09284E+20,5.6222E+21,7.71421E+15,5.07445E+16
102150,7.17041E+18,7,2,31,107,2017,4,14,1,3,1,6,0,1,0,1,0,0,0,3.53192E+20,5.53519E+21,6.95353E+15,4.9951E+16
102151,7.17041E+18,7,3,37,9,2017,4,23,1,2,8,1,0,1,0,0,0,2,0,4.30393E+20,5.45089E+21,8.04437E+15,4.92069E+16
102152,7.17041E+18,7,1,41,75,2017,4,14,2,2,8,1,0,0,0,1,0,0,0,4.02369E+20,5.57115E+21,7.62959E+15,5.02844E+16
102153,7.17041E+18,7,3,15,0,2017,4,7,2,2,6,7,0,0,1,0,1,0,0,4.46975E+20,5.54032E+21,8.25992E+15,5.00129E+16
102154,7.17041E+18,7,3,40,24,2017,4,6,2,3,0,1,0,1,0,0,0,0,0,3.95027E+20,5.45494E+21,7.5579E+15,4.92383E+16
102155,7.17041E+18,7,2,35,62,2017,4,21,4,3,8,6,0,1,0,0,0,2,0,3.17715E+20,5.49167E+21,6.47981E+15,4.95502E+16
102156,7.17041E+18,7,2,35,152,2017,4,5,4,3,8,1,0,1,0,0,0,2,0,3.31836E+20,5.49782E+21,6.67223E+15,4.96095E+16
102157,7.17033E+18,7,1,31,70,2017,3,7,6,2,3,6,0,1,0,0,0,0,0,3.75782E+20,5.6023E+21,7.24626E+15,5.05594E+16
102158,7.17033E+18,7,1,37,209,2017,3,11,6,2,2,6,0,1,0,0,1,0,0,3.96268E+20,5.58356E+21,7.54057E+15,5.03949E+16
102159,7.17033E+18,7,1,40,36,2017,3,19,6,2,5,3,0,1,0,1,0,1,0,3.96946E+20,5.55709E+21,7.55731E+15,5.01571E+16
102160,7.17033E+18,7,1,40,117,2017,3,19,6,3,5,3,0,1,0,1,0,0,0,3.98264E+20,5.55256E+21,7.57697E+15,5.01166E+16
102161,7.17041E+18,7,2,31,134,2017,4,14,3,3,0,7,0,0,0,0,1,0,0,3.49607E+20,5.53868E+21,6.90223E+15,4.99815E+16
102162,7.17033E+18,7,1,37,212,2017,3,14,6,3,5,3,0,1,0,0,0,0,0,3.93164E+20,5.57822E+21,7.49843E+15,5.03464E+16
102163,7.17041E+18,7,3,38,26,2017,4,14,3,3,5,2,0,1,0,0,0,0,0,4.60095E+20,5.47194E+21,8.45001E+15,4.93988E+16
102164,7.17033E+18,7,1,37,215,2017,3,14,6,2,8,1,0,0,0,1,0,0,0,3.86314E+20,5.56012E+21,7.40762E+15,5.01823E+16
102165,7.17033E+18,7,1,35,45,2017,3,16,6,3,5,3,0,1,0,0,0,0,0,3.67593E+20,5.56519E+21,7.14377E+15,5.0224E+16
102166,7.17041E+18,7,1,43,239,2017,4,17,4,3,1,2,0,1,0,0,0,0,0,4.09733E+20,5.60343E+21,7.72516E+15,5.05758E+16
102167,7.17033E+18,7,3,40,35,2017,3,16,5,3,2,6,0,1,0,0,1,0,0,3.92847E+20,5.45256E+21,7.52861E+15,4.92165E+16
102168,7.17033E+18,7,3,40,35,2017,3,16,5,3,2,6,0,1,0,0,1,0,0,3.92847E+20,5.45256E+21,7.52861E+15,4.92165E+16
102169,7.17041E+18,7,3,39,5,2017,4,16,4,3,2,2,0,1,0,0,0,0,0,4.21299E+20,5.53376E+21,7.90295E+15,4.9951E+16
102170,7.17033E+18,7,3,32,46,2017,3,7,5,3,1,6,0,1,0,1,0,0,0,4.41989E+20,5.4771E+21,8.19974E+15,4.94438E+16
102171,7.17033E+18,7,3,32,32,2017,3,15,5,3,5,3,1,1,0,0,0,0,0,4.3298E+20,5.46932E+21,8.07678E+15,4.93729E+16
102172,7.17033E+18,7,3,34,13,2017,3,16,5,3,0,3,1,1,0,0,0,0,0,4.40509E+20,5.43658E+21,8.18535E+15,4.90792E+16
102173,7.17033E+18,7,3,34,28,2017,3,14,5,3,2,6,0,1,0,1,0,0,0,4.51749E+20,5.45781E+21,8.3367E+15,4.92711E+16
102174,7.17033E+18,7,3,13,0,2017,3,12,5,2,2,6,0,1,0,0,1,0,0,4.38083E+20,5.44792E+21,8.15039E+15,4.9181E+16
102175,7.17033E+18,7,3,37,73,2017,3,9,5,3,5,3,0,1,0,0,0,0,0,4.30326E+20,5.45107E+21,8.04341E+15,4.92085E+16
102176,7.17033E+18,7,3,18,0,2017,3,15,5,3,5,2,1,1,0,0,0,0,0,4.58545E+20,5.4653E+21,8.42935E+15,4.9339E+16
102177,7.17033E+18,7,3,38,19,2017,3,11,5,3,5,3,0,1,0,0,0,0,0,4.53611E+20,5.47575E+21,8.36021E+15,4.94326E+16
102178,7.17041E+18,7,2,33,221,2017,4,7,3,3,9,7,0,1,0,0,0,0,0,3.5644E+20,5.56751E+21,6.98664E+15,5.02422E+16
102179,7.17033E+18,7,3,38,16,2017,3,20,5,2,9,1,0,1,0,0,0,2,0,4.49424E+20,5.4861E+21,8.30114E+15,4.95254E+16
102180,7.17041E+18,7,3,37,23,2017,4,17,3,3,8,1,0,0,0,1,0,0,0,4.39636E+20,5.4539E+21,8.1708E+15,4.92349E+16
102181,7.17033E+18,7,3,14,0,2017,3,16,5,3,2,6,0,1,0,0,0,0,0,4.50326E+20,5.48158E+21,8.31418E+15,4.94848E+16
102182,7.17041E+18,7,1,43,67,2017,4,12,4,2,9,1,0,1,0,0,0,0,0,4.10803E+20,5.59742E+21,7.7417E+15,5.05219E+16
102183,7.17033E+18,7,3,14,0,2017,3,11,5,2,8,1,0,1,0,0,0,0,0,4.57452E+20,5.48362E+21,8.41233E+15,4.95037E+16