OBJECTID,UIDENTSTLA,ULAND,UREGBEZ,UKREIS,UGEMEINDE,UJAHR,UMONAT,USTUNDE,UWOCHENTAG,UKATEGORIE,UART,UTYP1,IstRad,IstPKW,IstFuss,IstKrad,IstSonstig,LICHT,STRZUSTAND,LINREFX,LINREFY,XGCSWGS84,YGCSWGS84
102528,7.17042E+18,7,1,38,12,2017,4,14,6,3,1,2,0,1,0,0,0,0,0,4.05265E+20,5.60101E+21,7.66269E+15,5.05533E+16
102529,7.17042E+18,7,1,40,46,2017,4,13,7,2,9,1,0,1,0,0,0,0,0,3.86453E+20,5.54411E+21,7.41433E+15,5.00384E+16
102530,7.17042E+18,7,3,16,0,2017,4,14,7,3,2,6,0,1,0,0,0,0,0,4.38402E+20,5.4678E+21,8.15171E+15,4.93598E+16
102531,7.17042E+18,7,3,32,2,2017,4,15,1,3,8,1,0,0,0,1,0,0,0,4.27103E+20,5.47749E+21,7.99434E+15,4.94457E+16
102532,7.17042E+18,7,1,31,7,2017,4,17,6,3,1,6,0,1,0,0,0,0,0,3.68296E+20,5.60123E+21,7.141E+15,5.05481E+16
102533,7.17042E+18,7,1,43,24,2017,4,0,2,3,7,7,0,1,0,0,0,2,0,4.20682E+20,5.58833E+21,7.88297E+15,5.04416E+16
102534,7.17042E+18,7,1,40,112,2017,4,17,6,3,2,6,1,1,0,0,0,0,0,4.08544E+20,5.5516E+21,7.72094E+15,5.01096E+16
102535,7.17042E+18,7,3,39,202,2017,4,15,2,3,5,3,0,1,0,0,0,0,0,4.31114E+20,5.5267E+21,8.04101E+15,4.98887E+16
102536,7.17042E+18,7,1,11,0,2017,4,6,6,3,1,6,0,1,0,0,0,1,0,3.99967E+20,5.57906E+21,7.59379E+15,5.03551E+16
102537,7.17042E+18,7,1,35,26,2017,4,7,6,2,2,6,0,1,0,0,1,0,0,3.62132E+20,5.56686E+21,7.06666E+15,5.02378E+16
102538,7.17042E+18,7,1,38,74,2017,4,18,6,3,2,1,0,1,0,0,0,0,0,3.97781E+20,5.60174E+21,7.55687E+15,5.05586E+16
102539,7.17043E+18,7,1,33,114,2017,4,6,5,3,2,6,0,1,0,0,0,0,0,4.15377E+20,5.52788E+21,7.82172E+15,4.98974E+16
102540,7.17043E+18,7,1,37,216,2017,4,16,6,3,5,3,0,1,0,0,0,0,0,3.93901E+20,5.58376E+21,7.50722E+15,5.03963E+16
102541,7.17042E+18,7,3,40,51,2017,4,20,5,3,0,1,0,0,0,1,0,0,0,3.9635E+20,5.45681E+21,7.57559E+15,4.92553E+16
102542,7.17042E+18,7,3,40,225,2017,4,18,5,3,2,2,0,1,0,0,0,0,0,3.91094E+20,5.46382E+21,7.50148E+15,4.93174E+16
102543,7.17042E+18,7,3,40,41,2017,4,13,5,3,0,1,0,1,0,0,0,0,0,3.94471E+20,5.46446E+21,7.54775E+15,4.93238E+16
102544,7.17042E+18,7,3,20,0,2017,4,17,5,3,2,1,0,1,0,0,0,0,0,3.83295E+20,5.46267E+21,7.39454E+15,4.93056E+16
102545,7.17042E+18,7,3,34,501,2017,4,8,5,3,2,6,0,1,0,0,0,0,0,4.41761E+20,5.43427E+21,8.20282E+15,4.90586E+16
102546,7.17042E+18,7,3,37,40,2017,4,13,5,3,2,2,0,1,0,0,1,0,0,4.31517E+20,5.44392E+21,8.06099E+15,4.91443E+16
102547,7.17042E+18,7,3,31,3,2017,4,17,5,3,2,1,0,1,1,0,0,0,0,4.36179E+20,5.5104E+21,8.11419E+15,4.97427E+16
102548,7.17042E+18,7,2,33,14,2017,4,12,5,3,5,3,0,1,0,0,0,0,0,3.4884E+20,5.56398E+21,6.88153E+15,5.02087E+16
102549,7.17042E+18,7,2,32,18,2017,4,18,5,3,1,6,0,1,0,0,0,0,0,3.21839E+20,5.53707E+21,6.516E+15,4.99594E+16
102550,7.17042E+18,7,3,36,3,2017,4,20,6,3,0,1,0,0,0,1,0,0,0,3.88746E+20,5.48904E+21,7.46211E+15,4.95437E+16
102551,7.17042E+18,7,1,34,14,2017,4,17,7,3,1,6,0,1,0,0,0,0,0,3.72246E+20,5.51794E+21,7.22469E+15,4.98003E+16
102552,7.17042E+18,7,2,31,134,2017,4,17,5,3,5,3,0,1,0,1,0,0,0,3.49272E+20,5.53848E+21,6.89764E+15,4.99796E+16
102553,7.17042E+18,7,2,35,125,2017,4,20,1,3,8,1,0,0,0,1,0,1,0,3.36049E+20,5.5216E+21,6.72051E+15,4.98244E+16
102554,7.17042E+18,7,2,35,136,2017,4,13,5,3,1,5,0,1,0,0,0,0,0,3.21087E+20,5.49465E+21,6.52503E+15,4.9578E+16
102555,7.17042E+18,7,1,31,58,2017,4,14,2,2,8,1,0,0,0,1,0,0,0,3.53495E+20,5.57816E+21,6.94124E+15,5.03373E+16
102556,7.17042E+18,7,2,35,501,2017,4,16,5,3,2,6,0,1,0,0,0,0,0,3.25191E+20,5.52188E+21,6.56956E+15,4.98239E+16
102557,7.17042E+18,7,1,43,243,2017,4,5,5,3,4,3,0,1,0,0,1,1,0,4.29076E+20,5.61336E+21,7.99639E+15,5.06677E+16
102558,7.17042E+18,7,1,41,50,2017,4,15,5,3,0,1,0,0,0,1,0,0,0,4.23809E+20,5.57484E+21,7.92973E+15,5.03207E+16
102559,7.17043E+18,7,1,38,11,2017,4,23,5,2,6,7,0,0,1,0,1,2,0,3.99871E+20,5.60022E+21,7.58678E+15,5.05454E+16
102560,7.17043E+18,7,2,31,80,2017,4,17,5,2,4,6,0,1,0,0,0,0,0,3.43198E+20,5.55026E+21,6.80818E+15,5.00839E+16
102561,7.17042E+18,7,1,38,45,2017,4,11,5,3,2,6,0,1,0,0,1,0,0,3.91056E+20,5.58875E+21,7.46575E+15,5.04406E+16
102562,7.17043E+18,7,3,16,0,2017,4,13,5,2,5,3,1,1,0,0,0,0,0,4.41254E+20,5.4652E+21,8.19136E+15,4.93367E+16
102563,7.17042E+18,7,1,38,45,2017,4,10,5,3,2,1,0,1,0,0,0,0,0,3.88756E+20,5.58943E+21,7.43318E+15,5.04463E+16
102564,7.17042E+18,7,1,37,81,2017,4,13,5,3,4,7,0,1,0,0,1,0,0,3.80989E+20,5.58438E+21,7.32543E+15,5.03994E+16
102565,7.17042E+18,7,1,38,44,2017,4,13,5,3,2,6,0,1,0,0,1,0,0,3.88714E+20,5.60764E+21,7.42715E+15,5.061E+16
102566,7.17042E+18,7,3,40,4,2017,4,17,4,3,5,3,1,1,0,0,0,0,0,4.07965E+20,5.48206E+21,7.72933E+15,4.94842E+16
102567,7.17042E+18,7,3,35,7,2017,4,16,4,2,2,6,0,1,0,0,0,0,0,4.21218E+20,5.47811E+21,7.91306E+15,4.94505E+16
102568,7.17042E+18,7,3,32,25,2017,4,5,4,3,8,7,0,1,0,0,1,1,0,4.46682E+20,5.47094E+21,8.2653E+15,4.93889E+16
102569,7.17042E+18,7,3,32,10,2017,4,12,4,3,1,5,0,1,0,0,0,0,0,4.46464E+20,5.49037E+21,8.25966E+15,4.95635E+16
102570,7.17042E+18,7,3,16,0,2017,4,5,4,3,5,3,0,1,0,0,0,2,0,4.38341E+20,5.46645E+21,8.15108E+15,4.93476E+16
102571,7.17042E+18,7,3,37,78,2017,4,19,4,3,5,3,0,1,0,0,0,0,0,4.22593E+20,5.44705E+21,7.93803E+15,4.91714E+16
102572,7.17042E+18,7,3,37,21,2017,4,5,4,1,5,3,0,0,1,0,1,1,0,4.37352E+20,5.45713E+21,8.13892E+15,4.92637E+16
102573,7.17042E+18,7,3,37,40,2017,4,1,4,3,9,1,0,1,0,0,0,2,0,4.31122E+20,5.44289E+21,8.05575E+15,4.9135E+16
102574,7.17042E+18,7,3,11,0,2017,4,17,4,3,2,6,0,1,0,0,0,0,0,4.5203E+20,5.48535E+21,8.33725E+15,4.95189E+16
102575,7.17042E+18,7,3,38,4,2017,4,14,4,3,2,2,0,1,0,0,0,0,0,4.53313E+20,5.49165E+21,8.35422E+15,4.95757E+16
102576,7.17042E+18,7,3,19,0,2017,4,23,4,3,9,1,0,0,0,1,0,2,0,4.51539E+20,5.49488E+21,8.32928E+15,4.96046E+16
102577,7.17042E+18,7,3,19,0,2017,4,22,4,2,9,1,0,1,0,0,0,2,0,4.51428E+20,5.49862E+21,8.32729E+15,4.96382E+16
102578,7.17042E+18,7,3,19,0,2017,4,20,4,3,5,3,1,1,0,0,0,0,0,4.55229E+20,5.50662E+21,8.37902E+15,4.97105E+16
102579,7.17042E+18,7,3,31,55,2017,4,17,4,3,8,1,0,0,0,1,0,0,0,4.51282E+20,5.50645E+21,8.32429E+15,4.97086E+16
102580,7.17042E+18,7,3,39,30,2017,4,11,4,3,5,3,0,1,0,0,0,0,0,4.3276E+20,5.53633E+21,8.06224E+15,4.99755E+16
102581,7.17042E+18,7,1,31,205,2017,4,13,7,3,8,1,0,1,0,0,0,0,0,3.74873E+20,5.58762E+21,7.23833E+15,5.04272E+16
102582,7.17042E+18,7,3,15,0,2017,4,19,4,3,4,6,1,1,0,0,0,0,0,4.45429E+20,5.54072E+21,8.23829E+15,5.00163E+16
102583,7.17042E+18,7,3,35,12,2017,4,12,7,3,2,6,0,1,0,0,0,0,0,3.89608E+20,5.47334E+21,7.47839E+15,4.94027E+16
102584,7.17042E+18,7,3,15,0,2017,4,13,4,3,5,3,1,1,0,0,0,0,0,4.46835E+20,5.53888E+21,8.25816E+15,4.99998E+16
102585,7.17042E+18,7,2,31,502,2017,4,14,4,3,5,3,0,1,0,0,0,0,0,3.64392E+20,5.51913E+21,7.1152E+15,4.98093E+16
102586,7.17042E+18,7,2,31,502,2017,4,13,4,3,2,6,0,1,0,0,0,0,0,3.67513E+20,5.51823E+21,7.15886E+15,4.98019E+16
102587,7.17043E+18,7,2,31,72,2017,4,17,4,3,9,1,0,0,0,1,0,0,1,3.64748E+20,5.53797E+21,7.11355E+15,4.99787E+16
102588,7.17043E+18,7,3,34,8,2017,4,6,4,3,0,1,0,0,0,1,0,0,1,4.44972E+20,5.43001E+21,8.24735E+15,4.90205E+16
102589,7.17042E+18,7,1,34,45,2017,4,14,4,3,1,2,0,1,0,0,0,0,0,3.77912E+20,5.50851E+21,7.30635E+15,4.97167E+16
102590,7.17043E+18,7,1,41,108,2017,4,17,5,2,8,1,0,0,0,1,0,0,0,4.06905E+20,5.56556E+21,7.69462E+15,5.02349E+16
102591,7.17042E+18,7,2,11,0,2017,4,13,4,3,1,6,0,1,0,0,0,0,0,3.29866E+20,5.51566E+21,6.63723E+15,4.97693E+16
102592,7.17043E+18,7,1,33,30,2017,4,15,5,3,5,3,0,1,0,0,1,0,0,4.14094E+20,5.51432E+21,7.80686E+15,4.97752E+16
102593,7.17042E+18,7,1,43,48,2017,4,11,4,3,1,2,0,1,0,0,0,0,0,4.14613E+20,5.58681E+21,7.79786E+15,5.04271E+16
102594,7.17043E+18,7,1,40,67,2017,4,17,6,3,1,6,0,1,0,0,0,0,0,3.85403E+20,5.53474E+21,7.40246E+15,4.9954E+16
102595,7.17042E+18,7,1,38,43,2017,4,19,4,3,1,6,0,1,0,0,1,0,0,3.9212E+20,5.59376E+21,7.47929E+15,5.04859E+16
102596,7.17042E+18,7,1,37,203,2017,4,19,4,3,5,3,0,1,0,0,0,0,0,3.98461E+20,5.58814E+21,7.57017E+15,5.04365E+16
102597,7.17042E+18,7,3,32,41,2017,4,14,3,3,9,1,0,1,0,0,0,0,0,4.4267E+20,5.49374E+21,8.20671E+15,4.95935E+16
102598,7.17042E+18,7,3,32,24,2017,4,10,3,3,2,6,0,1,0,0,1,0,0,4.39723E+20,5.49055E+21,8.16643E+15,4.95645E+16
102599,7.17042E+18,7,3,16,0,2017,4,19,3,3,9,1,0,1,0,0,0,0,0,4.43698E+20,5.46553E+21,8.22495E+15,4.93399E+16
102600,7.17042E+18,7,3,38,23,2017,4,20,3,2,8,1,0,1,0,0,0,2,1,4.54207E+20,5.45969E+21,8.37028E+15,4.92883E+16
102601,7.17043E+18,7,1,43,249,2017,4,18,5,3,0,2,1,1,0,0,0,0,0,4.23627E+20,5.60014E+21,7.92202E+15,5.05482E+16
102602,7.17043E+18,7,1,33,45,2017,4,20,5,2,9,1,0,1,0,0,0,1,0,4.16984E+20,5.51299E+21,7.84727E+15,4.97636E+16
102603,7.17043E+18,7,1,31,70,2017,4,16,6,3,2,6,0,1,0,0,0,0,0,3.75233E+20,5.60357E+21,7.23808E+15,5.05707E+16
102604,7.17042E+18,7,3,14,0,2017,4,17,3,3,2,6,0,1,0,0,0,0,0,4.60517E+20,5.48102E+21,8.45492E+15,4.94805E+16
102605,7.17042E+18,7,3,31,30,2017,4,9,3,3,5,3,0,1,0,0,0,0,0,4.22383E+20,5.52865E+21,7.91909E+15,4.99052E+16
102606,7.17042E+18,7,1,33,6,2017,4,9,3,3,1,6,0,1,0,0,1,0,0,4.20311E+20,5.52359E+21,7.89129E+15,4.98594E+16
102607,7.17042E+18,7,1,33,30,2017,4,9,3,3,8,1,0,1,0,0,0,0,0,4.14186E+20,5.5132E+21,7.80838E+15,4.97651E+16
102608,7.17042E+18,7,3,15,0,2017,4,16,3,3,9,1,0,1,0,0,1,0,1,4.47532E+20,5.53983E+21,8.26776E+15,5.00085E+16
102609,7.17042E+18,7,3,15,0,2017,4,19,3,3,4,6,1,0,0,0,0,0,0,4.46665E+20,5.53862E+21,8.25583E+15,4.99976E+16
102610,7.17051E+18,7,1,40,155,2017,5,5,2,2,7,7,0,0,0,1,0,1,1,4.08158E+20,5.55455E+21,7.71483E+15,5.01361E+16
102611,7.17051E+18,7,1,31,77,2017,5,9,2,3,3,6,0,1,0,0,0,0,0,3.71869E+20,5.59838E+21,7.19237E+15,5.05233E+16
102612,7.17051E+18,7,1,31,90,2017,5,7,2,3,2,6,0,1,0,0,0,0,0,3.61807E+20,5.60565E+21,7.04782E+15,5.05864E+16
102613,7.17051E+18,7,3,34,15,2017,5,0,1,3,1,7,0,1,0,0,0,2,1,4.49835E+20,5.44403E+21,8.31212E+15,4.9147E+16
102614,7.17042E+18,7,3,31,1,2017,4,16,3,3,8,1,0,1,0,0,0,0,2,4.37101E+20,5.51485E+21,8.12627E+15,4.97828E+16
102615,7.17051E+18,7,3,13,0,2017,5,22,1,3,5,3,0,1,0,0,0,2,1,4.36225E+20,5.44957E+21,8.12463E+15,4.91956E+16
102616,7.17042E+18,7,3,39,30,2017,4,11,3,3,2,6,0,1,0,0,0,0,0,4.32682E+20,5.53779E+21,8.06089E+15,4.99887E+16
102617,7.17051E+18,7,3,31,58,2017,5,3,1,3,1,1,0,1,0,0,1,2,1,4.37692E+20,5.52371E+21,8.13306E+15,4.98626E+16
102618,7.17042E+18,7,3,33,201,2017,4,12,6,3,1,6,0,1,0,0,0,0,0,4.07201E+20,5.49683E+21,7.7153E+15,4.96169E+16
102619,7.17051E+18,7,3,39,34,2017,5,9,1,3,5,3,0,1,0,0,0,0,1,4.49333E+20,5.5275E+21,8.29451E+15,4.98978E+16
102620,7.17051E+18,7,3,15,0,2017,5,18,1,3,2,6,0,1,0,0,0,0,1,4.45282E+20,5.5415E+21,8.23612E+15,5.00233E+16
102621,7.17042E+18,7,2,32,329,2017,4,16,3,3,8,1,0,1,0,0,0,0,0,2.99284E+20,5.56736E+21,6.18601E+15,5.02243E+16
102622,7.17051E+18,7,2,33,26,2017,5,16,1,3,8,1,0,0,0,0,1,0,0,3.31086E+20,5.5647E+21,6.6326E+15,5.02103E+16
102623,7.17051E+18,7,2,32,290,2017,5,7,1,3,2,6,0,1,0,0,0,0,1,3.14032E+20,5.56132E+21,6.39549E+15,5.01748E+16
102624,7.17042E+18,7,2,31,502,2017,4,6,3,3,8,1,0,1,0,0,0,0,1,3.65655E+20,5.52007E+21,7.13242E+15,4.9818E+16
102625,7.17051E+18,7,2,31,57,2017,5,0,1,3,8,1,0,1,0,0,0,2,1,3.55179E+20,5.54874E+21,6.97611E+15,5.00733E+16
102626,7.17042E+18,7,1,34,3,2017,4,6,3,2,8,1,0,1,0,0,0,1,2,3.65126E+20,5.5099E+21,7.12858E+15,4.97265E+16
102627,7.17051E+18,7,2,11,0,2017,5,20,1,2,2,6,0,1,0,0,0,2,1,3.28959E+20,5.51137E+21,6.62653E+15,4.97305E+16
102628,7.17051E+18,7,2,11,0,2017,5,11,1,3,8,1,0,1,0,0,0,0,1,3.30172E+20,5.51334E+21,6.64249E+15,4.97485E+16
102629,7.17043E+18,7,1,43,271,2017,4,4,3,3,8,1,0,1,0,0,0,2,0,4.36988E+20,5.599E+21,8.11077E+15,5.05395E+16
102630,7.17043E+18,7,3,16,0,2017,4,18,3,3,5,3,0,1,0,0,0,0,0,4.40808E+20,5.46773E+21,8.18484E+15,4.93594E+16
102631,7.17042E+18,7,2,35,68,2017,4,7,3,3,5,2,0,1,0,0,1,0,0,3.28439E+20,5.51052E+21,6.61969E+15,4.97227E+16
102632,7.17043E+18,7,3,39,5,2017,4,13,4,2,8,1,0,0,0,1,0,0,0,4.21357E+20,5.53318E+21,7.90388E+15,4.99458E+16
102633,7.17042E+18,7,1,43,276,2017,4,17,3,3,5,3,0,1,0,0,0,0,0,4.19601E+20,5.61374E+21,7.86226E+15,5.067E+16
102634,7.17042E+18,7,1,41,51,2017,4,13,3,2,2,1,1,0,0,0,1,0,0,4.33471E+20,5.57374E+21,8.06562E+15,5.0312E+16
102635,7.17051E+18,7,1,43,274,2017,5,18,1,3,8,1,0,1,0,0,0,0,1,4.32367E+20,5.60969E+21,8.04362E+15,5.06352E+16
102636,7.17042E+18,7,3,40,15,2017,4,11,6,3,2,6,0,1,0,0,1,0,0,4.0662E+20,5.46332E+21,7.71516E+15,4.93154E+16
102637,7.17051E+18,7,1,41,6,2017,5,12,1,3,1,6,0,1,0,0,0,0,1,4.0958E+20,5.57596E+21,7.72963E+15,5.03288E+16
102638,7.17042E+18,7,1,43,62,2017,4,16,3,2,5,3,0,1,0,0,0,0,0,4.10254E+20,5.59169E+21,7.73534E+15,5.04703E+16
102639,7.17042E+18,7,3,14,0,2017,4,23,7,3,4,2,0,1,0,0,0,2,0,4.55341E+20,5.482E+21,8.38337E+15,4.9489E+16
102640,7.17051E+18,7,1,38,31,2017,5,15,1,3,8,1,0,1,0,0,0,0,1,3.99634E+20,5.59228E+21,7.58558E+15,5.04739E+16
102641,7.17042E+18,7,1,32,80,2017,4,13,3,3,4,1,0,1,0,0,0,0,1,4.17238E+20,5.62915E+21,7.82536E+15,5.08082E+16
102642,7.17042E+18,7,2,32,110,2017,4,15,1,3,0,1,0,0,0,1,1,0,1,2.99234E+20,5.54151E+21,6.1989E+15,4.99921E+16
102643,7.17051E+18,7,1,35,82,2017,5,16,1,3,8,1,0,0,0,1,0,0,1,3.78163E+20,5.56088E+21,7.29326E+15,5.01876E+16
102644,7.17051E+18,7,1,35,38,2017,5,11,1,3,5,3,0,1,0,0,0,0,1,3.6944E+20,5.56546E+21,7.16956E+15,5.02269E+16
102645,7.17042E+18,7,1,32,59,2017,4,12,3,3,2,2,0,1,0,0,0,0,0,4.20793E+20,5.62125E+21,7.87751E+15,5.07376E+16
102646,7.17042E+18,7,1,32,75,2017,4,8,2,3,4,2,0,1,0,0,0,0,0,4.2416E+20,5.62241E+21,7.92498E+15,5.07485E+16
102647,7.17051E+18,7,1,37,68,2017,5,8,1,3,5,3,0,1,0,0,0,0,1,3.75562E+20,5.57227E+21,7.25311E+15,5.02894E+16
102648,7.17051E+18,7,1,37,101,2017,5,6,1,3,4,1,0,1,0,0,1,0,1,3.78027E+20,5.57902E+21,7.28551E+15,5.03506E+16
102649,7.17042E+18,7,1,32,501,2017,4,14,3,3,1,6,0,1,0,0,0,0,0,4.04028E+20,5.61583E+21,7.6414E+15,5.06864E+16
102650,7.17051E+18,7,1,43,47,2017,5,15,1,3,0,7,0,1,0,0,0,0,0,4.11406E+20,5.59329E+21,7.75119E+15,5.04849E+16
102651,7.17042E+18,7,1,31,74,2017,4,20,3,3,9,1,0,1,0,0,0,1,1,3.50398E+20,5.59012E+21,6.89299E+15,5.0444E+16
102652,7.17051E+18,7,3,40,217,2017,5,21,7,3,7,7,0,1,0,0,0,2,1,3.92548E+20,5.45877E+21,7.52282E+15,4.92723E+16
102653,7.17051E+18,7,3,40,8,2017,5,7,7,3,0,7,0,1,0,0,0,0,0,3.96052E+20,5.44206E+21,7.57531E+15,4.91226E+16
102654,7.17051E+18,7,3,35,22,2017,5,11,7,3,1,6,1,1,0,0,0,0,0,3.96885E+20,5.47295E+21,7.57877E+15,4.94005E+16
102655,7.17043E+18,7,3,14,0,2017,4,7,4,3,2,6,0,1,0,0,1,0,0,4.56167E+20,5.48853E+21,8.39404E+15,4.95478E+16
102656,7.17051E+18,7,3,12,0,2017,5,16,7,3,9,1,0,0,0,1,0,0,0,4.16122E+20,5.47265E+21,7.84391E+15,4.94008E+16
102657,7.17043E+18,7,1,32,6,2017,4,13,5,3,1,6,0,1,0,1,0,0,0,4.20934E+20,5.62747E+21,7.87817E+15,5.07936E+16
102658,7.17043E+18,7,3,39,30,2017,4,18,5,3,4,6,0,1,0,0,0,0,0,4.30482E+20,5.53726E+21,8.03031E+15,4.99836E+16
102659,7.17042E+18,7,1,37,203,2017,4,12,3,2,4,6,0,1,0,0,0,0,1,3.99487E+20,5.58553E+21,7.58531E+15,5.04132E+16
102660,7.17043E+18,7,3,35,38,2017,4,7,5,3,0,1,0,0,0,1,1,0,1,3.95381E+20,5.47798E+21,7.55671E+15,4.94455E+16
102661,7.17042E+18,7,1,11,0,2017,4,14,3,3,2,6,0,1,0,0,0,0,1,3.96451E+20,5.5834E+21,7.54318E+15,5.03935E+16
102662,7.17042E+18,7,1,11,0,2017,4,13,3,3,0,1,0,0,0,1,0,0,1,3.97439E+20,5.58231E+21,7.55738E+15,5.03839E+16
102663,7.17042E+18,7,1,40,501,2017,4,15,3,3,2,6,0,0,0,0,1,0,1,3.94215E+20,5.56547E+21,7.51676E+15,5.02319E+16
102664,7.17042E+18,7,1,40,31,2017,4,8,3,3,1,7,0,1,0,0,1,0,1,3.99616E+20,5.5592E+21,7.59412E+15,5.01765E+16
102665,7.17042E+18,7,1,31,55,2017,4,15,3,3,2,6,0,1,0,0,1,0,1,3.74604E+20,5.59096E+21,7.23343E+15,5.04572E+16
102666,7.17042E+18,7,3,40,224,2017,4,21,2,3,7,7,0,1,0,0,0,2,0,3.94631E+20,5.45822E+21,7.5516E+15,4.92677E+16
102667,7.17051E+18,7,3,11,0,2017,5,23,7,3,2,6,0,1,0,0,0,2,0,4.50145E+20,5.48327E+21,8.31146E+15,4.95E+16
102668,7.17051E+18,7,3,13,0,2017,5,23,7,3,3,1,0,1,0,0,1,2,1,4.38097E+20,5.44768E+21,8.15061E+15,4.91788E+16
102669,7.17051E+18,7,3,13,0,2017,5,16,7,2,2,6,0,1,0,0,0,0,1,4.36519E+20,5.45171E+21,8.12833E+15,4.92149E+16
102670,7.17051E+18,7,3,38,9,2017,5,16,7,2,0,1,1,0,0,0,0,0,0,4.50189E+20,5.49094E+21,8.3111E+15,4.9569E+16
102671,7.17042E+18,7,3,40,23,2017,4,18,2,2,3,7,0,1,0,0,0,0,0,3.95151E+20,5.45479E+21,7.55965E+15,4.92369E+16
102672,7.17051E+18,7,3,14,0,2017,5,14,7,2,8,1,1,0,0,0,0,0,0,4.55134E+20,5.48722E+21,8.37991E+15,4.9536E+16
102673,7.17042E+18,7,3,20,0,2017,4,5,2,3,8,1,0,1,0,0,0,2,0,3.84133E+20,5.45726E+21,7.40764E+15,4.92571E+16
102674,7.17051E+18,7,3,31,39,2017,5,18,7,3,0,7,0,0,0,1,0,0,0,4.41139E+20,5.50656E+21,8.1836E+15,4.97087E+16
102675,7.17051E+18,7,3,19,0,2017,5,13,7,3,2,2,0,1,0,0,0,0,0,4.52482E+20,5.49797E+21,8.34196E+15,4.96324E+16
102676,7.17042E+18,7,3,17,0,2017,4,13,2,3,4,1,0,1,0,0,0,0,1,3.99758E+20,5.44883E+21,7.6244E+15,4.9184E+16
102677,7.17051E+18,7,2,32,18,2017,5,14,7,3,6,4,0,1,1,0,0,0,0,3.22384E+20,5.53871E+21,6.52284E+15,4.99742E+16
102678,7.17051E+18,7,1,34,45,2017,5,14,7,2,8,1,0,0,0,1,0,0,0,3.76547E+20,5.50657E+21,7.28803E+15,4.9699E+16
102679,7.17042E+18,7,3,12,0,2017,4,18,2,3,2,6,0,1,0,0,0,0,0,4.05817E+20,5.48034E+21,7.70008E+15,4.94684E+16
102680,7.17051E+18,7,2,35,132,2017,5,13,7,3,8,1,0,0,0,1,0,0,0,3.21949E+20,5.50322E+21,6.53305E+15,4.96552E+16
102681,7.17051E+18,7,1,43,309,2017,5,15,7,2,8,1,0,0,0,1,0,0,0,4.3605E+20,5.60446E+21,8.09659E+15,5.05885E+16
102682,7.17051E+18,7,1,32,37,2017,5,11,7,2,9,1,0,0,0,1,0,0,0,4.17996E+20,5.63993E+21,7.8337E+15,5.09052E+16
102683,7.17051E+18,7,1,38,45,2017,5,9,7,3,5,3,0,1,0,0,0,0,0,3.92281E+20,5.59013E+21,7.48261E+15,5.04533E+16
102684,7.17051E+18,7,1,31,70,2017,5,15,7,3,0,1,1,0,0,0,0,0,0,3.73251E+20,5.60979E+21,7.20797E+15,5.06262E+16
102685,7.17051E+18,7,1,31,55,2017,5,9,7,3,2,6,0,1,0,0,0,0,0,3.73753E+20,5.59095E+21,7.22146E+15,5.0457E+16
102686,7.17051E+18,7,1,31,52,2017,5,18,7,2,4,1,0,1,0,1,0,0,0,3.44971E+20,5.58397E+21,6.81915E+15,5.03873E+16
102687,7.17051E+18,7,1,31,18,2017,5,17,7,2,8,1,0,0,0,1,0,0,0,3.42962E+20,5.58432E+21,6.79077E+15,5.03899E+16
102688,7.17042E+18,7,3,11,0,2017,4,17,2,3,2,6,0,1,0,0,0,0,0,4.57759E+20,5.48858E+21,8.41605E+15,4.95483E+16
102689,7.17051E+18,7,1,31,3,2017,5,11,7,2,8,1,0,0,0,1,0,0,0,3.55206E+20,5.59789E+21,6.95765E+15,5.0515E+16
102690,7.17042E+18,7,3,34,25,2017,4,20,2,3,0,1,0,0,0,1,0,2,0,4.48456E+20,5.44562E+21,8.29301E+15,4.91612E+16
102691,7.17051E+18,7,1,37,69,2017,5,9,7,3,2,2,0,1,0,0,0,0,0,3.7702E+20,5.58294E+21,7.27008E+15,5.03856E+16
102692,7.17042E+18,7,3,37,61,2017,4,14,2,2,5,3,0,1,0,0,0,0,1,4.42086E+20,5.45024E+21,8.20498E+15,4.92022E+16
102693,7.17051E+18,7,1,40,3,2017,5,6,7,3,0,7,0,1,0,0,0,1,0,4.02923E+20,5.53452E+21,7.64669E+15,4.99551E+16
102694,7.17042E+18,7,3,14,0,2017,4,18,2,3,5,3,0,1,0,0,0,0,1,4.53003E+20,5.48212E+21,8.35107E+15,4.94899E+16
102695,7.17042E+18,7,1,32,501,2017,4,13,7,3,2,2,0,1,0,0,0,0,0,4.049E+20,5.6169E+21,7.65347E+15,5.06961E+16
102696,7.17051E+18,7,1,37,228,2017,5,15,7,2,6,4,0,1,1,0,0,0,0,3.90999E+20,5.58555E+21,7.46589E+15,5.04119E+16
102697,7.17051E+18,7,3,35,22,2017,5,19,6,3,2,6,0,1,0,0,0,0,0,3.95763E+20,5.47461E+21,7.56287E+15,4.94152E+16
102698,7.17042E+18,7,3,14,0,2017,4,1,2,3,8,1,0,1,0,0,0,2,0,4.55682E+20,5.48193E+21,8.38808E+15,4.94884E+16
102699,7.17042E+18,7,1,43,48,2017,4,14,1,3,8,1,0,0,0,1,0,0,0,4.19645E+20,5.58626E+21,7.86881E+15,5.04229E+16