OBJECTID,UIDENTSTLA,ULAND,UREGBEZ,UKREIS,UGEMEINDE,UJAHR,UMONAT,USTUNDE,UWOCHENTAG,UKATEGORIE,UART,UTYP1,IstRad,IstPKW,IstFuss,IstKrad,IstSonstig,LICHT,STRZUSTAND,LINREFX,LINREFY,XGCSWGS84,YGCSWGS84
102700,7.17051E+18,7,3,32,9,2017,5,15,6,3,5,2,0,1,0,0,0,0,0,4.41398E+20,5.47383E+21,8.19207E+15,4.94143E+16
102701,7.17042E+18,7,1,33,13,2017,4,13,2,2,8,1,0,1,0,0,0,0,1,4.06438E+20,5.51997E+21,7.6992E+15,4.98249E+16
102702,7.17051E+18,7,3,32,24,2017,5,6,6,3,5,3,0,1,0,1,0,0,0,4.39751E+20,5.49034E+21,8.16685E+15,4.95626E+16
102703,7.17042E+18,7,3,31,12,2017,4,14,2,3,2,6,0,1,0,0,0,0,0,4.33593E+20,5.51615E+21,8.07732E+15,4.97941E+16
102704,7.17051E+18,7,3,34,25,2017,5,8,6,2,5,2,1,1,0,0,0,0,0,4.49029E+20,5.44536E+21,8.3009E+15,4.9159E+16
102705,7.17051E+18,7,3,37,44,2017,5,19,6,3,9,7,0,1,0,0,0,0,0,4.38941E+20,5.44375E+21,8.16279E+15,4.91435E+16
102706,7.17043E+18,7,3,14,0,2017,4,6,3,3,3,6,0,1,0,0,0,0,0,4.59622E+20,5.48178E+21,8.44249E+15,4.94873E+16
102707,7.17051E+18,7,3,13,0,2017,5,16,6,3,1,6,0,1,0,0,1,0,0,4.37453E+20,5.45197E+21,8.14111E+15,4.92173E+16
102708,7.17043E+18,7,2,33,53,2017,4,19,4,3,0,1,0,0,0,1,0,0,0,3.31412E+20,5.57444E+21,6.63284E+15,5.0298E+16
102709,7.17043E+18,7,3,40,48,2017,4,18,4,2,0,7,0,0,0,1,0,0,0,3.91616E+20,5.44331E+21,7.51419E+15,4.91331E+16
102710,7.17042E+18,7,1,43,200,2017,4,8,2,3,8,1,0,1,0,0,0,0,2,4.25712E+20,5.60617E+21,7.95023E+15,5.06027E+16
102711,7.17043E+18,7,2,11,0,2017,4,12,5,3,5,3,1,1,0,0,0,0,0,3.28905E+20,5.51405E+21,6.62459E+15,4.97546E+16
102712,7.17042E+18,7,1,43,229,2017,4,19,2,3,8,1,0,1,0,0,0,1,1,4.18388E+20,5.61374E+21,7.84509E+15,5.06697E+16
102713,7.17043E+18,7,3,14,0,2017,4,17,5,3,1,6,0,1,0,0,1,0,0,4.54874E+20,5.48268E+21,8.37685E+15,4.9495E+16
102714,7.17042E+18,7,1,31,55,2017,4,19,2,3,8,7,0,1,0,0,0,0,0,3.74204E+20,5.58733E+21,7.22903E+15,5.04245E+16
102715,7.17042E+18,7,1,31,81,2017,4,15,2,3,2,6,0,1,0,0,0,0,0,3.73615E+20,5.5942E+21,7.21842E+15,5.04862E+16
102716,7.17042E+18,7,1,41,38,2017,4,17,2,3,1,6,0,1,0,0,0,0,0,4.24522E+20,5.58505E+21,7.9377E+15,5.04126E+16
102717,7.17042E+18,7,3,40,212,2017,4,14,1,2,9,1,0,1,0,0,0,0,0,3.86037E+20,5.46493E+21,7.4316E+15,4.93265E+16
102718,7.17042E+18,7,3,36,92,2017,4,5,1,3,9,1,0,1,0,0,0,1,0,3.81522E+20,5.47562E+21,7.36631E+15,4.94217E+16
102719,7.17042E+18,7,3,34,13,2017,4,15,1,3,9,1,0,1,0,0,0,0,0,4.40391E+20,5.43933E+21,8.18332E+15,4.91039E+16
102720,7.17042E+18,7,1,33,38,2017,4,14,1,3,5,3,0,1,0,0,0,0,0,3.86173E+20,5.51872E+21,7.41791E+15,4.98102E+16
102721,7.17042E+18,7,2,32,14,2017,4,13,1,3,8,1,0,1,0,0,0,0,0,3.20435E+20,5.54715E+21,6.49173E+15,5.00495E+16
102722,7.17042E+18,7,1,43,47,2017,4,17,1,3,4,6,0,1,0,0,0,0,1,4.12608E+20,5.59465E+21,7.76781E+15,5.04973E+16
102723,7.17051E+18,7,3,13,0,2017,5,14,6,3,2,6,0,1,0,0,0,0,0,4.36766E+20,5.45184E+21,8.1317E+15,4.92161E+16
102724,7.17051E+18,7,3,32,25,2017,5,13,6,3,2,6,0,1,0,0,0,0,0,4.45102E+20,5.47004E+21,8.24366E+15,4.93806E+16
102725,7.17051E+18,7,3,18,0,2017,5,7,6,3,5,3,1,1,0,0,0,0,0,4.58766E+20,5.46622E+21,8.43229E+15,4.93473E+16
102726,7.17051E+18,7,3,38,19,2017,5,9,6,3,0,1,1,0,0,0,0,0,0,4.53307E+20,5.47685E+21,8.35589E+15,4.94425E+16
102727,7.17051E+18,7,3,38,8,2017,5,16,6,3,6,7,1,0,1,0,0,0,0,4.48612E+20,5.47911E+21,8.29084E+15,4.94624E+16
102728,7.17051E+18,7,3,19,0,2017,5,18,6,2,5,3,1,1,0,0,0,0,0,4.54284E+20,5.49732E+21,8.36699E+15,4.96267E+16
102729,7.17051E+18,7,3,31,55,2017,5,14,6,3,4,6,1,0,0,1,0,0,0,4.51566E+20,5.50291E+21,8.32867E+15,4.96768E+16
102730,7.17042E+18,7,1,43,70,2017,4,16,1,1,4,6,0,1,0,0,0,0,1,4.12996E+20,5.59299E+21,7.77366E+15,5.04824E+16
102731,7.17051E+18,7,3,39,43,2017,5,15,6,3,8,1,0,1,0,0,0,0,0,4.52665E+20,5.5252E+21,8.34119E+15,4.98773E+16
102732,7.17042E+18,7,1,32,54,2017,4,20,1,3,9,1,0,1,0,0,0,2,1,4.1218E+20,5.62717E+21,7.75407E+15,5.07896E+16
102733,7.17051E+18,7,3,15,0,2017,5,12,6,3,2,7,0,1,0,1,0,0,1,4.46145E+20,5.5394E+21,8.24847E+15,5.00044E+16
102734,7.17051E+18,7,3,15,0,2017,5,19,6,3,5,3,1,1,0,0,0,1,0,4.47326E+20,5.53733E+21,8.26523E+15,4.9986E+16
102735,7.17042E+18,7,3,40,15,2017,4,16,6,2,2,2,1,0,0,0,0,0,0,4.06292E+20,5.46313E+21,7.71069E+15,4.93137E+16
102736,7.17051E+18,7,3,15,0,2017,5,11,6,3,5,3,0,1,0,0,0,0,0,4.49029E+20,5.53594E+21,8.28917E+15,4.99737E+16
102737,7.17051E+18,7,2,35,68,2017,5,17,6,3,2,6,0,1,0,0,0,0,0,3.24736E+20,5.5079E+21,6.56954E+15,4.96981E+16
102738,7.17042E+18,7,1,35,58,2017,4,6,1,2,2,6,0,1,0,0,0,1,0,3.64839E+20,5.56515E+21,7.1052E+15,5.0223E+16
102739,7.17051E+18,7,2,35,143,2017,5,12,6,3,4,6,0,0,0,1,1,0,0,3.22893E+20,5.50906E+21,6.54348E+15,4.97079E+16
102740,7.17051E+18,7,2,11,0,2017,5,12,6,3,2,6,0,1,0,0,0,0,0,3.25784E+20,5.51028E+21,6.583E+15,4.97198E+16
102741,7.17042E+18,7,3,36,11,2017,4,15,7,1,4,6,0,1,0,0,0,0,0,3.79837E+20,5.47564E+21,7.34308E+15,4.94216E+16
102742,7.17051E+18,7,1,37,216,2017,5,15,6,3,2,6,0,1,0,0,0,0,0,3.92416E+20,5.58452E+21,7.48612E+15,5.04028E+16
102743,7.1705E+18,7,3,40,54,2017,5,16,5,2,9,1,0,1,0,1,0,0,0,4.02623E+20,5.46193E+21,7.66053E+15,4.93024E+16
102744,7.17042E+18,7,3,32,32,2017,4,17,2,3,1,6,0,1,0,0,0,0,0,4.33677E+20,5.46946E+21,8.08637E+15,4.93742E+16
102745,7.17043E+18,7,2,11,0,2017,4,17,3,3,2,6,0,1,0,0,0,0,0,3.2913E+20,5.51289E+21,6.62823E+15,4.97442E+16
102746,7.17043E+18,7,3,17,0,2017,4,14,3,3,2,6,0,1,0,0,0,0,0,3.98624E+20,5.44999E+21,7.60855E+15,4.91943E+16
102747,7.17042E+18,7,3,11,0,2017,4,19,7,3,5,3,0,1,0,0,1,1,1,4.5341E+20,5.48467E+21,8.35639E+15,4.95128E+16
102748,7.17043E+18,7,3,11,0,2017,4,16,4,3,1,5,1,1,0,0,0,0,0,4.51632E+20,5.48494E+21,8.33179E+15,4.95151E+16
102749,7.17042E+18,7,3,32,2,2017,4,15,7,2,0,6,0,0,0,1,1,0,0,4.40512E+20,5.48134E+21,8.17873E+15,4.94818E+16
102750,7.17043E+18,7,1,38,80,2017,4,16,5,2,2,2,0,1,0,0,0,0,0,3.86646E+20,5.61637E+21,7.39526E+15,5.06881E+16
102751,7.17042E+18,7,3,14,0,2017,4,20,7,3,9,1,0,1,0,0,0,1,1,4.57344E+20,5.48518E+21,8.41067E+15,4.95177E+16
102752,7.17042E+18,7,3,14,0,2017,4,14,7,3,1,5,1,1,0,0,0,0,1,4.57726E+20,5.47704E+21,8.41682E+15,4.94446E+16
102753,7.17042E+18,7,3,14,0,2017,4,11,7,3,2,6,0,1,0,0,0,0,0,4.58932E+20,5.47949E+21,8.43321E+15,4.94667E+16
102754,7.17043E+18,7,2,11,0,2017,4,13,4,3,6,4,0,1,1,0,0,0,0,3.30516E+20,5.51402E+21,6.64695E+15,4.97547E+16
102755,7.1705E+18,7,3,12,0,2017,5,16,5,3,8,1,0,1,0,0,0,0,0,4.08499E+20,5.47866E+21,7.73748E+15,4.94537E+16
102756,7.17043E+18,7,3,38,26,2017,4,21,4,3,5,3,1,1,0,0,0,2,0,4.59383E+20,5.47172E+21,8.44023E+15,4.93968E+16
102757,7.17043E+18,7,1,38,2,2017,4,23,5,3,0,1,0,0,0,1,0,2,0,3.97954E+20,5.59529E+21,7.56109E+15,5.05006E+16
102758,7.17042E+18,7,3,39,5,2017,4,15,7,2,6,4,0,0,1,1,0,0,0,4.21031E+20,5.53578E+21,7.89881E+15,4.99691E+16
102759,7.17043E+18,7,3,31,55,2017,4,19,5,3,0,1,0,0,0,1,0,0,0,4.50627E+20,5.50586E+21,8.31528E+15,4.97032E+16
102760,7.17042E+18,7,3,39,22,2017,4,5,7,3,9,1,0,1,0,0,0,2,0,4.23577E+20,5.52977E+21,7.9355E+15,4.99154E+16
102761,7.17043E+18,7,3,40,217,2017,4,16,5,3,8,1,0,0,0,1,0,0,0,3.94711E+20,5.45738E+21,7.55293E+15,4.92602E+16
102762,7.17042E+18,7,3,31,70,2017,4,12,7,3,5,2,0,1,0,0,0,0,0,4.2843E+20,5.51311E+21,8.00615E+15,4.97662E+16
102763,7.17042E+18,7,3,15,0,2017,4,13,7,3,5,3,0,1,0,0,0,0,0,4.48461E+20,5.53592E+21,8.28125E+15,4.99734E+16
102764,7.17042E+18,7,3,15,0,2017,4,13,7,3,7,1,1,0,0,0,0,0,0,4.47669E+20,5.53984E+21,8.26967E+15,5.00086E+16
102765,7.17042E+18,7,1,43,32,2017,4,10,7,3,2,6,0,1,0,0,1,0,1,4.0531E+20,5.58862E+21,7.66647E+15,5.0442E+16
102766,7.17042E+18,7,1,32,61,2017,4,17,7,3,4,6,0,1,0,0,0,0,1,4.03007E+20,5.6185E+21,7.62625E+15,5.07102E+16
102767,7.1705E+18,7,3,36,34,2017,5,7,5,3,5,3,0,1,0,0,0,0,0,3.86338E+20,5.48706E+21,7.4294E+15,4.95255E+16
102768,7.1705E+18,7,3,12,0,2017,5,9,5,3,2,6,0,1,0,0,1,0,0,4.10038E+20,5.47217E+21,7.76018E+15,4.93955E+16
102769,7.1705E+18,7,3,16,0,2017,5,20,5,3,3,6,0,1,0,0,1,0,0,4.42634E+20,5.46932E+21,8.20976E+15,4.93739E+16
102770,7.1705E+18,7,3,15,0,2017,5,19,5,3,2,6,0,1,0,0,0,1,0,4.47532E+20,5.53987E+21,8.26776E+15,5.00088E+16
102771,7.17042E+18,7,1,32,96,2017,4,13,7,3,2,2,0,1,0,0,0,0,0,4.09098E+20,5.62464E+21,7.71097E+15,5.07664E+16
102772,7.1705E+18,7,2,33,55,2017,5,14,5,3,4,2,0,1,0,0,0,0,0,3.40355E+20,5.5606E+21,6.76413E+15,5.01761E+16
102773,7.1705E+18,7,1,34,45,2017,5,8,5,2,2,6,0,1,0,0,0,0,0,3.76097E+20,5.51113E+21,7.28035E+15,4.97399E+16
102774,7.17042E+18,7,1,31,7,2017,4,11,7,3,8,1,0,1,0,0,0,0,0,3.70113E+20,5.6015E+21,7.16653E+15,5.0551E+16
102775,7.1705E+18,7,2,35,45,2017,5,20,5,3,8,1,0,1,0,0,0,0,0,3.523E+20,5.49963E+21,6.95462E+15,4.96311E+16
102776,7.1705E+18,7,1,31,205,2017,5,7,5,3,9,1,0,0,0,1,0,0,1,3.76248E+20,5.58938E+21,7.25711E+15,5.04433E+16
102777,7.1705E+18,7,1,37,89,2017,5,10,5,3,5,3,0,1,0,0,0,0,1,3.79783E+20,5.57335E+21,7.31199E+15,5.03E+16
102778,7.1705E+18,7,1,11,0,2017,5,13,5,3,8,1,0,0,0,1,0,0,1,3.98581E+20,5.57765E+21,7.57468E+15,5.03422E+16
102779,7.17042E+18,7,1,40,165,2017,4,16,7,3,4,6,0,1,0,0,0,0,1,3.77247E+20,5.5361E+21,7.28838E+15,4.99646E+16
102780,7.1705E+18,7,3,36,52,2017,5,4,4,3,2,6,0,0,0,0,1,2,0,3.8179E+20,5.48605E+21,7.36688E+15,4.95156E+16
102781,7.1705E+18,7,3,36,3,2017,5,13,4,2,6,4,0,1,1,0,0,0,0,3.88678E+20,5.48957E+21,7.46101E+15,4.95485E+16
102782,7.17042E+18,7,1,38,44,2017,4,19,2,2,6,7,1,0,1,0,0,0,0,3.89479E+20,5.60626E+21,7.43838E+15,5.05978E+16
102783,7.17042E+18,7,1,33,6,2017,4,13,2,3,3,6,0,1,0,1,0,0,0,4.18376E+20,5.52172E+21,7.86476E+15,4.98423E+16
102784,7.17043E+18,7,1,43,62,2017,4,8,3,3,2,6,0,1,0,0,0,0,1,4.11505E+20,5.59186E+21,7.75292E+15,5.04721E+16
102785,7.17042E+18,7,1,37,226,2017,4,13,7,3,2,2,0,1,0,0,0,0,0,4.01196E+20,5.58413E+21,7.60972E+15,5.04009E+16
102786,7.17043E+18,7,3,14,0,2017,4,9,3,3,1,6,0,1,0,0,1,0,0,4.5962E+20,5.48178E+21,8.44247E+15,4.94873E+16
102787,7.17042E+18,7,1,31,77,2017,4,17,7,3,3,6,0,1,0,0,0,0,0,3.7384E+20,5.59642E+21,7.22083E+15,5.05062E+16
102788,7.17043E+18,7,2,31,134,2017,4,7,4,2,2,6,0,1,0,0,0,0,0,3.5143E+20,5.54011E+21,6.92709E+15,4.99948E+16
102789,7.1705E+18,7,3,34,25,2017,5,9,4,2,9,1,0,1,0,0,0,0,0,4.4911E+20,5.44637E+21,8.30188E+15,4.91681E+16
102790,7.17041E+18,7,3,40,16,2017,4,13,6,3,0,1,0,0,0,1,0,0,0,4.01491E+20,5.46089E+21,7.64521E+15,4.92928E+16
102791,7.1705E+18,7,3,14,0,2017,5,15,4,2,5,3,0,1,0,0,0,0,0,4.5728E+20,5.48545E+21,8.40977E+15,4.95202E+16
102792,7.17041E+18,7,3,35,24,2017,4,9,6,3,8,1,0,1,0,0,0,0,0,3.97973E+20,5.48158E+21,7.59153E+15,4.94783E+16
102793,7.1705E+18,7,3,14,0,2017,5,7,4,3,2,6,0,1,0,0,0,0,0,4.56354E+20,5.48737E+21,8.39675E+15,4.95374E+16
102794,7.17041E+18,7,3,32,27,2017,4,5,6,3,2,6,0,1,0,0,0,2,0,4.34213E+20,5.48684E+21,8.09087E+15,4.95306E+16
102795,7.1705E+18,7,1,33,6,2017,5,7,4,3,3,2,1,1,0,0,0,0,1,4.18068E+20,5.5221E+21,7.8604E+15,4.98457E+16
102796,7.1705E+18,7,3,31,71,2017,5,10,4,3,0,6,0,1,0,0,0,0,0,4.45931E+20,5.50673E+21,8.25004E+15,4.97106E+16
102797,7.17042E+18,7,3,12,0,2017,4,16,6,3,3,6,0,1,0,0,1,0,0,4.06371E+20,5.47692E+21,7.70854E+15,4.94377E+16
102798,7.1705E+18,7,3,15,0,2017,5,11,4,3,1,7,1,1,0,0,0,0,0,4.43157E+20,5.53914E+21,8.20681E+15,5.00019E+16
102799,7.1705E+18,7,3,15,0,2017,5,5,4,3,5,3,0,1,0,0,0,1,1,4.4443E+20,5.53845E+21,8.22468E+15,4.99958E+16
102800,7.17041E+18,7,3,32,27,2017,4,13,6,2,4,6,0,1,0,1,0,0,0,4.34479E+20,5.48758E+21,8.09441E+15,4.95373E+16
102801,7.17042E+18,7,1,43,268,2017,4,21,7,3,7,7,0,1,0,0,0,2,0,4.10365E+20,5.60588E+21,7.73349E+15,5.05979E+16
102802,7.1705E+18,7,3,15,0,2017,5,13,4,3,6,4,0,0,1,0,1,0,0,4.48383E+20,5.53688E+21,8.28003E+15,4.9982E+16
102803,7.1705E+18,7,3,15,0,2017,5,7,4,2,8,7,0,1,0,0,0,0,0,4.455E+20,5.53496E+21,8.24009E+15,4.99645E+16
102804,7.17041E+18,7,3,32,49,2017,4,12,6,2,5,2,1,1,0,0,0,0,0,4.38923E+20,5.48451E+21,8.1563E+15,4.95101E+16
102805,7.1705E+18,7,2,31,124,2017,5,13,4,3,5,3,0,1,0,0,0,0,0,3.64917E+20,5.53684E+21,7.1163E+15,4.99686E+16
102806,7.1705E+18,7,2,32,18,2017,5,14,4,3,2,6,0,1,0,0,0,0,1,3.22934E+20,5.54041E+21,6.52972E+15,4.99897E+16
102807,7.17041E+18,7,3,34,13,2017,4,13,6,3,6,7,0,1,1,0,0,0,0,4.43114E+20,5.43762E+21,8.22088E+15,4.90888E+16
102808,7.1705E+18,7,2,35,68,2017,5,21,4,3,5,3,0,1,0,0,0,2,1,3.30168E+20,5.50734E+21,6.64503E+15,4.96946E+16
102809,7.17041E+18,7,3,37,501,2017,4,18,6,2,0,1,0,0,0,1,0,0,0,4.19726E+20,5.45665E+21,7.89679E+15,4.92573E+16
102810,7.1705E+18,7,2,11,0,2017,5,16,4,3,5,3,1,1,0,0,0,0,1,3.28882E+20,5.51372E+21,6.62443E+15,4.97516E+16
102811,7.1705E+18,7,1,43,283,2017,5,17,4,2,5,3,0,1,0,0,0,0,1,4.32112E+20,5.61161E+21,8.03966E+15,5.06524E+16
102812,7.17043E+18,7,1,41,18,2017,4,16,3,3,6,6,0,1,1,0,0,0,0,4.23159E+20,5.57333E+21,7.9209E+15,5.03071E+16
102813,7.17043E+18,7,3,38,15,2017,4,18,3,3,4,6,0,1,0,0,0,0,0,4.50926E+20,5.49274E+21,8.32107E+15,4.95852E+16
102814,7.17043E+18,7,3,15,0,2017,4,17,4,3,6,2,0,0,1,0,1,0,0,4.47175E+20,5.53783E+21,8.26305E+15,4.99905E+16
102815,7.17041E+18,7,1,33,108,2017,4,13,6,3,9,1,0,1,0,0,0,0,0,4.1526E+20,5.52985E+21,7.81965E+15,4.9915E+16
102816,7.17043E+18,7,1,11,0,2017,4,16,5,3,3,6,0,1,0,0,1,0,0,3.98112E+20,5.58456E+21,7.56624E+15,5.04042E+16
102817,7.17041E+18,7,3,15,0,2017,4,11,6,2,5,2,1,1,0,0,0,0,0,4.42966E+20,5.53912E+21,8.20414E+15,5.00017E+16
102818,7.17043E+18,7,2,35,28,2017,4,20,5,3,4,2,0,1,0,0,0,1,0,3.22057E+20,5.49085E+21,6.54016E+15,4.95441E+16
102819,7.17041E+18,7,3,15,0,2017,4,4,6,3,5,2,1,1,0,0,0,2,0,4.4714E+20,5.53928E+21,8.26236E+15,5.00035E+16
102820,7.17043E+18,7,3,37,67,2017,4,14,5,3,4,6,0,1,0,0,1,0,0,4.20652E+20,5.45298E+21,7.91024E+15,4.92245E+16
102821,7.17041E+18,7,3,15,0,2017,4,19,6,3,3,6,0,1,0,0,0,0,0,4.48292E+20,5.53854E+21,8.27854E+15,4.99969E+16
102822,7.17041E+18,7,3,31,36,2017,4,17,6,2,3,6,0,1,0,0,0,0,0,4.42423E+20,5.50575E+21,8.20154E+15,4.97015E+16
102823,7.17041E+18,7,3,39,21,2017,4,11,6,3,2,6,0,1,0,0,0,0,0,4.24206E+20,5.52702E+21,7.94479E+15,4.98908E+16
102824,7.1705E+18,7,1,43,254,2017,5,7,4,2,4,6,0,1,0,0,1,0,1,4.23369E+20,5.60467E+21,7.91744E+15,5.05889E+16
102825,7.1705E+18,7,1,43,254,2017,5,7,4,3,8,1,0,1,0,0,0,0,1,4.24063E+20,5.60402E+21,7.92737E+15,5.05832E+16
102826,7.1705E+18,7,1,43,32,2017,5,15,4,3,4,2,0,1,0,0,0,0,0,4.0648E+20,5.58749E+21,7.68323E+15,5.0432E+16
102827,7.1705E+18,7,1,43,32,2017,5,10,4,2,6,4,0,1,1,0,0,0,0,4.05465E+20,5.58843E+21,7.6687E+15,5.04403E+16
102828,7.1705E+18,7,1,32,111,2017,5,17,4,3,9,1,0,1,0,0,0,0,1,4.17376E+20,5.62807E+21,7.82756E+15,5.07984E+16
102829,7.1705E+18,7,1,31,77,2017,5,13,4,2,8,7,0,0,0,1,1,0,0,3.7683E+20,5.60039E+21,7.26167E+15,5.05425E+16
102830,7.1705E+18,7,1,40,125,2017,5,18,4,3,0,7,1,1,0,0,0,0,0,4.04941E+20,5.54016E+21,7.67342E+15,5.00061E+16
102831,7.1705E+18,7,3,17,0,2017,5,15,3,3,5,3,0,1,0,0,0,0,0,3.98405E+20,5.45021E+21,7.60549E+15,4.91962E+16
102832,7.1705E+18,7,3,12,0,2017,5,7,3,3,2,6,0,1,0,0,0,0,0,4.08203E+20,5.47848E+21,7.73344E+15,4.9452E+16
102833,7.1705E+18,7,3,35,203,2017,5,10,3,3,1,2,0,1,0,0,1,0,0,3.91032E+20,5.46905E+21,7.49919E+15,4.93644E+16
102834,7.1705E+18,7,3,35,45,2017,5,19,3,2,4,6,0,1,0,0,1,0,0,4.05801E+20,5.47054E+21,7.70219E+15,4.93803E+16
102835,7.17042E+18,7,2,11,0,2017,4,13,1,3,4,7,0,1,0,1,0,0,0,3.28122E+20,5.513E+21,6.6142E+15,4.97449E+16
102836,7.1705E+18,7,3,12,0,2017,5,5,3,3,6,2,0,1,1,0,0,1,0,4.11365E+20,5.47803E+21,7.77715E+15,4.94484E+16
102837,7.1705E+18,7,3,14,0,2017,5,8,3,3,8,1,0,0,0,1,0,0,1,4.51359E+20,5.48108E+21,8.3285E+15,4.94804E+16
102838,7.1705E+18,7,3,16,0,2017,5,10,3,3,2,6,0,1,0,0,0,0,0,4.38206E+20,5.46653E+21,8.1492E+15,4.93483E+16
102839,7.1705E+18,7,3,37,20,2017,5,16,3,3,5,2,0,1,0,0,1,0,0,4.37487E+20,5.45942E+21,8.14041E+15,4.92843E+16
102840,7.17041E+18,7,2,32,322,2017,4,11,6,2,2,4,1,0,1,0,0,0,0,3.11814E+20,5.55216E+21,6.36899E+15,5.00918E+16
102841,7.1705E+18,7,3,37,67,2017,5,19,3,3,8,1,0,1,0,0,0,0,0,4.20788E+20,5.454E+21,7.91191E+15,4.92336E+16
102842,7.1705E+18,7,3,14,0,2017,5,7,3,3,2,6,0,1,0,0,0,0,1,4.58248E+20,5.47772E+21,8.42395E+15,4.94507E+16
102843,7.17041E+18,7,2,32,66,2017,4,19,6,3,8,1,0,1,0,1,0,0,0,2.97646E+20,5.53873E+21,6.17824E+15,4.99666E+16
102844,7.1705E+18,7,1,33,106,2017,5,15,3,3,1,5,0,1,0,0,0,0,0,4.2298E+20,5.51905E+21,7.92932E+15,4.98189E+16
102845,7.1705E+18,7,3,19,0,2017,5,15,3,1,4,1,0,1,0,0,0,0,1,4.47315E+20,5.49924E+21,8.27024E+15,4.96434E+16
102846,7.1705E+18,7,3,39,30,2017,5,7,3,3,5,3,0,1,0,0,0,0,1,4.30121E+20,5.53687E+21,8.02534E+15,4.99801E+16
102847,7.1705E+18,7,3,15,0,2017,5,0,3,2,4,6,0,1,0,0,0,2,1,4.4491E+20,5.52819E+21,8.23283E+15,4.99036E+16
102848,7.17041E+18,7,1,43,267,2017,4,19,6,3,8,2,0,1,0,1,0,0,0,4.10586E+20,5.61288E+21,7.73492E+15,5.06609E+16
102849,7.1705E+18,7,3,15,0,2017,5,18,3,3,2,2,0,1,0,0,0,1,1,4.48972E+20,5.53635E+21,8.28832E+15,4.99773E+16
102850,7.17041E+18,7,1,41,30,2017,4,22,6,3,7,7,0,0,0,1,0,2,0,4.20198E+20,5.57471E+21,7.87904E+15,5.03191E+16
102851,7.1705E+18,7,1,34,45,2017,5,14,3,3,1,6,0,1,0,0,0,0,0,3.79543E+20,5.50713E+21,7.32939E+15,4.97046E+16
102852,7.1705E+18,7,1,34,10,2017,5,10,3,3,5,3,0,1,0,0,0,0,0,3.67463E+20,5.5009E+21,7.16405E+15,4.96461E+16
102853,7.17042E+18,7,3,39,27,2017,4,7,2,3,2,6,0,1,0,0,0,0,0,4.37979E+20,5.53905E+21,8.13458E+15,5.00006E+16
102854,7.17043E+18,7,1,11,0,2017,4,19,3,3,9,1,0,0,0,1,0,0,0,3.99571E+20,5.58055E+21,7.58783E+15,5.03685E+16
102855,7.17043E+18,7,3,33,10,2017,4,16,3,2,2,6,0,1,0,1,0,0,0,4.3013E+20,5.49923E+21,8.03224E+15,4.96415E+16
102856,7.17041E+18,7,1,41,32,2017,4,12,6,3,0,7,0,0,0,1,1,0,0,4.29711E+20,5.56619E+21,8.01423E+15,5.02436E+16
102857,7.17043E+18,7,1,34,45,2017,4,18,4,3,3,6,0,1,0,1,0,0,0,3.78429E+20,5.50791E+21,7.31371E+15,4.97114E+16
102858,7.17041E+18,7,1,35,45,2017,4,19,6,2,0,1,1,0,0,0,0,0,0,3.67514E+20,5.56579E+21,7.14246E+15,5.02295E+16
102859,7.17043E+18,7,3,34,501,2017,4,13,4,3,3,3,0,1,0,0,0,0,0,4.46957E+20,5.43211E+21,8.27422E+15,4.90396E+16
102860,7.1705E+18,7,2,35,68,2017,5,10,3,3,5,3,0,1,0,0,1,0,0,3.29278E+20,5.50382E+21,6.63424E+15,4.96627E+16
102861,7.17041E+18,7,1,35,51,2017,4,17,6,3,3,6,0,1,0,1,0,0,0,3.67606E+20,5.56257E+21,7.14487E+15,5.02005E+16
102862,7.17043E+18,7,1,43,21,2017,4,19,5,3,9,1,0,1,0,0,0,0,0,4.22199E+20,5.58844E+21,7.9043E+15,5.04428E+16
102863,7.17041E+18,7,1,35,46,2017,4,2,6,2,9,1,0,0,0,1,0,2,0,3.62672E+20,5.57054E+21,7.07288E+15,5.0271E+16
102864,7.17041E+18,7,1,31,83,2017,4,15,6,3,5,3,0,1,0,0,0,0,0,3.52061E+20,5.57798E+21,6.92116E+15,5.03354E+16
102865,7.1705E+18,7,2,35,126,2017,5,5,3,3,8,1,0,1,0,0,0,1,0,3.24077E+20,5.49611E+21,6.5657E+15,4.9592E+16
102866,7.1705E+18,7,2,11,0,2017,5,15,3,2,5,3,0,0,0,1,1,0,0,3.2845E+20,5.51254E+21,6.61895E+15,4.97409E+16
102867,7.1705E+18,7,2,11,0,2017,5,9,3,3,2,6,0,1,0,0,1,0,0,3.31957E+20,5.516E+21,6.6661E+15,4.97729E+16
102868,7.1705E+18,7,1,43,246,2017,5,23,3,2,8,1,0,1,0,0,0,2,1,4.33416E+20,5.60078E+21,8.06005E+15,5.05551E+16
102869,7.1705E+18,7,1,41,52,2017,5,15,3,3,9,1,0,1,0,0,0,0,1,4.27861E+20,5.58253E+21,7.98517E+15,5.03904E+16
102870,7.1705E+18,7,1,43,51,2017,5,6,3,3,8,1,0,1,0,0,0,1,1,4.23875E+20,5.58667E+21,7.92826E+15,5.04271E+16
102871,7.1705E+18,7,1,38,53,2017,5,13,3,3,4,6,0,1,0,0,0,0,1,3.96065E+20,5.60152E+21,7.53271E+15,5.05564E+16
102872,7.1705E+18,7,1,32,117,2017,5,7,3,3,5,3,0,1,0,0,0,0,1,4.11328E+20,5.62626E+21,7.74221E+15,5.07813E+16