OBJECTID,UIDENTSTLA,ULAND,UREGBEZ,UKREIS,UGEMEINDE,UJAHR,UMONAT,USTUNDE,UWOCHENTAG,UKATEGORIE,UART,UTYP1,IstRad,IstPKW,IstFuss,IstKrad,IstSonstig,LICHT,STRZUSTAND,LINREFX,LINREFY,XGCSWGS84,YGCSWGS84
102873,7.1705E+18,7,1,32,6,2017,5,14,3,3,2,6,0,1,0,0,0,0,1,4.20877E+20,5.6267E+21,7.87754E+15,5.07867E+16
102874,7.1705E+18,7,1,32,37,2017,5,12,3,3,8,1,0,1,0,0,0,0,1,4.17318E+20,5.64073E+21,7.82388E+15,5.09123E+16
102875,7.17041E+18,7,1,31,50,2017,4,14,6,3,2,6,0,1,0,0,0,0,0,3.55654E+20,5.57926E+21,6.97113E+15,5.03477E+16
102876,7.1705E+18,7,1,32,2,2017,5,11,3,3,2,7,0,1,0,0,0,0,1,4.22354E+20,5.62506E+21,7.89882E+15,5.07721E+16
102877,7.1705E+18,7,1,38,45,2017,5,20,3,3,5,3,0,1,0,0,0,1,1,3.89907E+20,5.58858E+21,7.44963E+15,5.04389E+16
102878,7.1705E+18,7,1,38,45,2017,5,13,3,3,5,2,0,1,0,0,0,0,1,3.88746E+20,5.58939E+21,7.43304E+15,5.04459E+16
102879,7.1705E+18,7,1,31,74,2017,5,13,3,3,9,1,0,1,0,0,0,0,1,3.48703E+20,5.59156E+21,6.86855E+15,5.04565E+16
102880,7.1705E+18,7,1,37,216,2017,5,8,3,2,4,2,0,1,0,0,0,0,1,3.94404E+20,5.58412E+21,7.51419E+15,5.03996E+16
102881,7.17041E+18,7,1,31,50,2017,4,13,6,3,1,6,0,1,0,1,0,0,0,3.55038E+20,5.57889E+21,6.96263E+15,5.03443E+16
102882,7.1705E+18,7,1,41,75,2017,5,22,3,2,8,1,0,1,0,0,0,2,1,4.0187E+20,5.57445E+21,7.62173E+15,5.0314E+16
102883,7.1705E+18,7,1,11,0,2017,5,14,3,3,2,6,0,1,0,0,1,0,1,3.99777E+20,5.57917E+21,7.59109E+15,5.03561E+16
102884,7.17042E+18,7,3,38,19,2017,4,19,1,3,8,1,0,0,0,1,0,0,0,4.52456E+20,5.47766E+21,8.34405E+15,4.94497E+16
102885,7.17042E+18,7,1,41,121,2017,4,18,2,3,5,7,0,1,0,1,0,0,0,4.07789E+20,5.5572E+21,7.70904E+15,5.01598E+16
102886,7.17042E+18,7,3,38,17,2017,4,15,2,3,1,6,0,1,0,0,0,0,0,4.5601E+20,5.4749E+21,8.39339E+15,4.94252E+16
102887,7.17041E+18,7,1,37,35,2017,4,12,6,3,1,5,0,1,0,1,0,0,0,3.56742E+20,5.57976E+21,6.98622E+15,5.03525E+16
102888,7.17043E+18,7,1,41,85,2017,4,19,3,3,8,1,0,1,0,0,0,0,0,4.17183E+20,5.56649E+21,7.8385E+15,5.02447E+16
102889,7.17041E+18,7,1,37,35,2017,4,9,6,3,2,1,0,1,0,0,0,0,0,3.56742E+20,5.57976E+21,6.98622E+15,5.03525E+16
102890,7.17043E+18,7,3,34,501,2017,4,9,3,3,2,2,1,1,0,0,0,0,0,4.46553E+20,5.43344E+21,8.26852E+15,4.90515E+16
102891,7.1705E+18,7,1,33,23,2017,5,13,3,2,9,7,0,0,0,0,1,0,1,4.11261E+20,5.53567E+21,7.76263E+15,4.99667E+16
102892,7.17041E+18,7,1,31,90,2017,4,13,6,2,1,7,0,1,0,0,0,0,0,3.60357E+20,5.6055E+21,7.0274E+15,5.05847E+16
102893,7.17043E+18,7,3,15,0,2017,4,17,4,3,2,6,0,1,0,0,0,0,0,4.42927E+20,5.5377E+21,8.20381E+15,4.99889E+16
102894,7.1705E+18,7,1,35,45,2017,5,16,3,2,2,6,0,0,0,0,1,0,0,3.66535E+20,5.56459E+21,7.12916E+15,5.02184E+16
102895,7.17041E+18,7,1,37,216,2017,4,22,6,3,2,6,0,1,0,0,1,2,0,3.9271E+20,5.58447E+21,7.49027E+15,5.04024E+16
102896,7.17041E+18,7,1,37,3,2017,4,13,6,3,0,1,0,0,0,1,0,0,0,3.86899E+20,5.58643E+21,7.40794E+15,5.0419E+16
102897,7.1705E+18,7,3,40,20,2017,5,12,2,3,4,6,0,1,0,0,0,0,1,4.0924E+20,5.45051E+21,7.7541E+15,4.92007E+16
102898,7.17041E+18,7,1,11,0,2017,4,22,6,3,2,6,0,1,0,0,0,2,0,3.99463E+20,5.57445E+21,7.58793E+15,5.03135E+16
102899,7.17041E+18,7,1,31,90,2017,4,17,6,3,8,1,0,0,0,1,0,0,0,3.66273E+20,5.60431E+21,7.11135E+15,5.05754E+16
102900,7.17041E+18,7,1,31,90,2017,4,6,6,2,9,1,0,1,0,0,0,0,0,3.66447E+20,5.60445E+21,7.11375E+15,5.05766E+16
102901,7.17043E+18,7,1,37,216,2017,4,17,5,3,1,5,0,1,0,0,0,0,0,3.94904E+20,5.58242E+21,7.5217E+15,5.03844E+16
102902,7.17041E+18,7,3,35,38,2017,4,21,5,3,2,6,0,1,0,0,0,2,0,3.95489E+20,5.47554E+21,7.55885E+15,4.94236E+16
102903,7.17043E+18,7,3,15,0,2017,4,22,5,2,9,6,0,1,0,0,0,2,0,4.3938E+20,5.53679E+21,8.15448E+15,4.99804E+16
102904,7.17041E+18,7,3,38,12,2017,4,12,5,3,2,6,0,1,0,0,1,0,0,4.5047E+20,5.48723E+21,8.31545E+15,4.95356E+16
102905,7.17041E+18,7,3,32,27,2017,4,16,5,2,0,2,0,1,0,1,0,0,0,4.3333E+20,5.48791E+21,8.07848E+15,4.95401E+16
102906,7.17041E+18,7,3,34,501,2017,4,17,5,3,6,5,0,1,1,0,0,0,0,4.33063E+20,5.4345E+21,8.08374E+15,4.90598E+16
102907,7.1705E+18,7,3,17,0,2017,5,11,2,3,5,3,0,1,0,0,0,0,1,3.98757E+20,5.45158E+21,7.60997E+15,4.92086E+16
102908,7.1705E+18,7,3,35,4,2017,5,16,2,3,0,1,0,0,0,1,0,0,1,4.20307E+20,5.48266E+21,7.89957E+15,4.94914E+16
102909,7.1705E+18,7,3,34,7,2017,5,15,2,3,2,6,0,1,0,0,0,0,1,4.5021E+20,5.44896E+21,8.31665E+15,4.91914E+16
102910,7.1705E+18,7,3,37,21,2017,5,15,2,3,2,6,0,1,0,0,0,0,1,4.36527E+20,5.45666E+21,8.12766E+15,4.92594E+16
102911,7.1705E+18,7,1,33,89,2017,5,16,2,3,8,1,0,1,0,0,0,0,1,4.09826E+20,5.51924E+21,7.74645E+15,4.98188E+16
102912,7.1705E+18,7,3,39,48,2017,5,14,2,3,5,3,0,1,0,0,0,0,1,4.25862E+20,5.53307E+21,7.96668E+15,4.99454E+16
102913,7.1705E+18,7,3,15,0,2017,5,20,2,3,3,1,0,1,0,0,0,1,1,4.4792E+20,5.53943E+21,8.27323E+15,5.00049E+16
102914,7.1705E+18,7,2,35,51,2017,5,10,2,3,4,6,0,1,0,0,0,0,1,3.23184E+20,5.50939E+21,6.54737E+15,4.9711E+16
102915,7.1705E+18,7,1,43,308,2017,5,4,2,2,9,1,0,1,0,0,0,2,0,4.2683E+20,5.6006E+21,7.96712E+15,5.05528E+16
102916,7.17041E+18,7,3,34,4,2017,4,10,5,3,0,1,0,0,0,1,0,0,0,4.4032E+20,5.43939E+21,8.18234E+15,4.91045E+16
102917,7.1705E+18,7,1,43,229,2017,5,2,2,3,0,1,0,1,0,0,0,2,0,4.15804E+20,5.61364E+21,7.80857E+15,5.06685E+16
102918,7.1705E+18,7,1,32,83,2017,5,12,2,3,9,1,0,0,0,1,0,0,1,3.96263E+20,5.60879E+21,7.53348E+15,5.06218E+16
102919,7.17042E+18,7,2,33,33,2017,4,10,7,3,1,6,0,1,0,0,1,0,1,3.36905E+20,5.56914E+21,6.71219E+15,5.02519E+16
102920,7.17042E+18,7,2,31,8,2017,4,12,1,3,5,3,0,1,0,0,0,0,0,3.61425E+20,5.53048E+21,7.06992E+15,4.99106E+16
102921,7.1705E+18,7,1,11,0,2017,5,11,2,3,0,3,1,1,0,0,0,0,1,3.99629E+20,5.57974E+21,7.58885E+15,5.03612E+16
102922,7.17042E+18,7,1,32,501,2017,4,21,2,3,4,6,0,1,0,0,0,2,0,4.03972E+20,5.61691E+21,7.64032E+15,5.06961E+16
102923,7.1705E+18,7,1,40,27,2017,5,22,2,3,9,1,0,1,0,0,0,2,0,4.0617E+20,5.53891E+21,7.69086E+15,4.99951E+16
102924,7.17041E+18,7,3,34,1,2017,4,15,5,3,2,6,0,1,0,0,0,0,0,4.47584E+20,5.44895E+21,8.28061E+15,4.91912E+16
102925,7.17042E+18,7,3,19,0,2017,4,16,2,3,1,1,0,1,0,0,0,0,0,4.53697E+20,5.50052E+21,8.35849E+15,4.96554E+16
102926,7.17041E+18,7,3,34,17,2017,4,11,5,3,2,6,0,1,0,1,0,0,0,4.52205E+20,5.45514E+21,8.34329E+15,4.92471E+16
102927,7.17043E+18,7,1,37,41,2017,4,8,3,3,9,1,0,1,0,0,0,0,1,3.8512E+20,5.5689E+21,7.38825E+15,5.02611E+16
102928,7.1705E+18,7,1,38,77,2017,5,19,2,3,8,1,0,1,0,0,0,0,1,3.84653E+20,5.61047E+21,7.3689E+15,5.06347E+16
102929,7.17041E+18,7,3,37,44,2017,4,14,5,3,9,1,0,1,0,0,0,0,0,4.38425E+20,5.44566E+21,8.15543E+15,4.91606E+16
102930,7.17043E+18,7,1,33,104,2017,4,7,3,3,8,1,0,0,0,1,0,0,0,4.21218E+20,5.51255E+21,7.90614E+15,4.97603E+16
102931,7.17043E+18,7,3,17,0,2017,4,7,1,3,8,1,0,1,0,0,0,0,0,4.02311E+20,5.45209E+21,7.65863E+15,4.92138E+16
102932,7.17041E+18,7,3,38,25,2017,4,15,5,3,2,2,0,1,0,0,0,0,0,4.56058E+20,5.47055E+21,8.39453E+15,4.93861E+16
102933,7.17043E+18,7,3,33,54,2017,4,23,1,3,1,1,0,1,0,0,0,2,0,4.11783E+20,5.50927E+21,7.77592E+15,4.97294E+16
102934,7.17041E+18,7,3,11,0,2017,4,16,5,3,2,6,0,1,0,0,0,0,0,4.51606E+20,5.48787E+21,8.33108E+15,4.95415E+16
102935,7.17043E+18,7,3,35,48,2017,4,14,1,3,3,7,1,0,0,1,0,0,0,4.16519E+20,5.46898E+21,7.85015E+15,4.93678E+16
102936,7.17043E+18,7,3,35,48,2017,4,14,1,3,8,1,0,0,0,1,0,0,0,4.16519E+20,5.46898E+21,7.85015E+15,4.93678E+16
102937,7.17043E+18,7,3,11,0,2017,4,17,1,3,2,6,0,1,0,1,0,0,0,4.57561E+20,5.48847E+21,8.41333E+15,4.95473E+16
102938,7.17043E+18,7,3,32,35,2017,4,4,1,3,6,4,0,0,1,0,1,2,0,4.45002E+20,5.47399E+21,8.24174E+15,4.94161E+16
102939,7.17043E+18,7,3,12,0,2017,4,17,5,3,9,1,0,0,0,1,1,0,1,4.13713E+20,5.47933E+21,7.80927E+15,4.94605E+16
102940,7.17041E+18,7,3,38,4,2017,4,6,5,3,2,6,0,1,0,0,0,1,0,4.56976E+20,5.49317E+21,8.40472E+15,4.95896E+16
102941,7.17043E+18,7,3,32,2,2017,4,15,1,3,2,6,0,1,0,0,0,0,0,4.39863E+20,5.47965E+21,8.17002E+15,4.94665E+16
102942,7.17043E+18,7,3,34,24,2017,4,1,1,2,7,7,0,1,0,0,0,2,0,4.4911E+20,5.43858E+21,8.30287E+15,4.9098E+16
102943,7.17042E+18,7,3,31,19,2017,4,7,2,2,8,1,0,1,0,0,0,0,0,4.36058E+20,5.51701E+21,8.11143E+15,4.98021E+16
102944,7.17043E+18,7,1,37,55,2017,4,15,3,3,2,6,0,1,0,0,0,0,0,3.76284E+20,5.57799E+21,7.26137E+15,5.0341E+16
102945,7.17041E+18,7,1,33,6,2017,4,8,5,3,0,1,0,0,0,1,0,0,1,4.18334E+20,5.52176E+21,7.86417E+15,4.98427E+16
102946,7.17043E+18,7,1,33,112,2017,4,18,3,3,8,1,0,1,0,0,0,0,0,4.10859E+20,5.52111E+21,7.76039E+15,4.98358E+16
102947,7.17041E+18,7,3,15,0,2017,4,11,5,3,5,3,1,1,0,0,0,0,0,4.47669E+20,5.53632E+21,8.27016E+15,4.99769E+16
102948,7.17043E+18,7,2,33,77,2017,4,16,4,2,8,1,0,0,0,1,0,0,0,3.50819E+20,5.56501E+21,6.90884E+15,5.02184E+16
102949,7.17043E+18,7,3,37,59,2017,4,15,1,2,8,6,0,1,0,1,0,0,0,4.24711E+20,5.43524E+21,7.9693E+15,4.90654E+16
102950,7.17041E+18,7,3,15,0,2017,4,8,5,3,4,2,0,1,0,0,0,0,0,4.48284E+20,5.53856E+21,8.27843E+15,4.99971E+16
102951,7.17043E+18,7,3,32,1,2017,4,16,4,3,6,4,0,1,1,0,0,0,0,4.32884E+20,5.48429E+21,8.07294E+15,4.95075E+16
102952,7.17043E+18,7,3,37,6,2017,4,14,1,2,8,6,1,0,0,0,0,0,0,4.32027E+20,5.43898E+21,8.06881E+15,4.90999E+16
102953,7.17041E+18,7,3,31,73,2017,4,17,5,3,1,6,0,1,0,0,1,0,0,4.38487E+20,5.52122E+21,8.14451E+15,4.98403E+16
102954,7.17041E+18,7,2,35,51,2017,4,22,5,2,2,6,0,1,0,0,0,2,0,3.23458E+20,5.51276E+21,6.54963E+15,4.97414E+16
102955,7.17043E+18,7,3,37,79,2017,4,13,1,3,8,1,0,0,0,1,0,0,0,4.17703E+20,5.44286E+21,7.87182E+15,4.9133E+16
102956,7.17041E+18,7,2,33,26,2017,4,9,5,3,8,1,0,1,0,0,0,0,0,3.30896E+20,5.56524E+21,6.62971E+15,5.02152E+16
102957,7.17043E+18,7,3,37,79,2017,4,13,1,3,8,1,0,0,0,1,0,0,0,4.17703E+20,5.44286E+21,7.87182E+15,4.9133E+16
102958,7.17043E+18,7,3,37,1,2017,4,17,1,2,8,1,0,0,0,1,0,0,0,4.18804E+20,5.45836E+21,7.88378E+15,4.92726E+16
102959,7.17043E+18,7,3,37,501,2017,4,15,1,2,0,1,0,0,0,1,0,0,0,4.19802E+20,5.4566E+21,7.89784E+15,4.92569E+16
102960,7.17043E+18,7,3,14,0,2017,4,17,1,3,2,6,0,1,0,0,0,0,0,4.59161E+20,5.47899E+21,8.43642E+15,4.94622E+16
102961,7.17043E+18,7,3,14,0,2017,4,8,1,3,2,6,0,1,0,0,0,0,0,4.59585E+20,5.48032E+21,8.44214E+15,4.94741E+16
102962,7.17043E+18,7,3,39,5,2017,4,10,1,3,3,2,0,1,0,0,0,0,0,4.19636E+20,5.53585E+21,7.87934E+15,4.99695E+16
102963,7.17043E+18,7,3,33,1,2017,4,18,1,3,9,1,0,1,0,0,0,0,0,4.34763E+20,5.49996E+21,8.09628E+15,4.96486E+16
102964,7.17043E+18,7,3,33,60,2017,4,16,1,2,0,4,0,0,1,1,0,0,0,4.26862E+20,5.48654E+21,7.98934E+15,4.95271E+16
102965,7.17043E+18,7,3,31,33,2017,4,20,1,2,8,1,0,0,0,1,0,0,0,4.31693E+20,5.5215E+21,8.04999E+15,4.98421E+16
102966,7.17043E+18,7,3,31,44,2017,4,17,1,3,4,5,0,1,0,0,0,0,0,4.31242E+20,5.50784E+21,8.04613E+15,4.97191E+16
102967,7.17043E+18,7,3,15,0,2017,4,13,1,3,3,6,0,1,0,0,0,0,0,4.47026E+20,5.53888E+21,8.26083E+15,4.99999E+16
102968,7.17041E+18,7,2,32,311,2017,4,22,5,2,9,1,0,1,0,0,0,2,0,3.34957E+20,5.54035E+21,6.69733E+15,4.99926E+16
102969,7.17042E+18,7,1,31,70,2017,4,14,7,3,2,6,0,1,0,0,0,0,1,3.74183E+20,5.60471E+21,7.22287E+15,5.05807E+16
102970,7.17043E+18,7,3,39,21,2017,4,19,1,3,9,1,0,1,0,0,0,0,0,4.24549E+20,5.52919E+21,7.94915E+15,4.99103E+16
102971,7.17042E+18,7,3,20,0,2017,4,21,7,3,1,2,0,1,0,0,0,2,0,3.80862E+20,5.4554E+21,7.36326E+15,4.92397E+16
102972,7.17043E+18,7,3,31,8,2017,4,17,1,2,9,7,0,0,0,0,1,0,0,4.35151E+20,5.51528E+21,8.09912E+15,4.97865E+16
102973,7.17041E+18,7,2,32,18,2017,4,16,5,3,1,1,0,1,0,0,0,0,0,3.21721E+20,5.53805E+21,6.51391E+15,4.99682E+16
102974,7.17042E+18,7,1,11,0,2017,4,7,2,3,3,6,0,1,0,0,1,0,0,3.9599E+20,5.58213E+21,7.53705E+15,5.0382E+16
102975,7.17043E+18,7,2,31,113,2017,4,10,1,3,2,6,0,1,0,0,1,0,0,3.47351E+20,5.53321E+21,6.87296E+15,4.99317E+16
102976,7.17041E+18,7,2,31,136,2017,4,7,5,3,5,2,0,1,0,1,0,0,0,3.57782E+20,5.5352E+21,7.01747E+15,4.99522E+16
102977,7.17042E+18,7,1,43,250,2017,4,17,2,3,4,2,0,1,0,0,0,0,0,4.09853E+20,5.61619E+21,7.72374E+15,5.06906E+16
102978,7.17043E+18,7,2,31,124,2017,4,13,1,3,1,2,0,1,0,0,0,0,0,3.65496E+20,5.5346E+21,7.12515E+15,4.99486E+16
102979,7.17041E+18,7,2,35,30,2017,4,20,5,3,5,1,0,1,0,0,1,1,0,3.52725E+20,5.50899E+21,6.95697E+15,4.97154E+16
102980,7.17042E+18,7,3,37,5,2017,4,16,2,3,3,6,1,1,0,0,0,0,0,4.27131E+20,5.43934E+21,8.00168E+15,4.91026E+16
102981,7.17043E+18,7,2,33,501,2017,4,11,1,2,0,1,0,0,0,1,0,0,0,3.45924E+20,5.56252E+21,6.84129E+15,5.01948E+16
102982,7.17043E+18,7,2,32,223,2017,4,8,1,3,8,1,0,1,0,0,0,0,0,3.20973E+20,5.56494E+21,6.4909E+15,5.02095E+16
102983,7.17043E+18,7,2,33,240,2017,4,13,1,2,8,1,0,0,0,1,0,0,0,3.24248E+20,5.58121E+21,6.52919E+15,5.03567E+16
102984,7.17043E+18,7,2,35,92,2017,4,19,1,3,9,1,0,0,0,1,0,0,0,3.48934E+20,5.51757E+21,6.9011E+15,4.97915E+16
102985,7.17043E+18,7,1,43,228,2017,4,15,1,3,2,2,0,1,0,0,1,0,0,4.25348E+20,5.59725E+21,7.94689E+15,5.05224E+16
102986,7.17043E+18,7,1,43,200,2017,4,9,1,1,5,2,0,1,0,1,0,0,0,4.25786E+20,5.60623E+21,7.95127E+15,5.06033E+16
102987,7.17043E+18,7,1,41,24,2017,4,16,1,3,5,3,0,1,0,1,0,0,0,4.07065E+20,5.56271E+21,7.69755E+15,5.02093E+16
102988,7.17043E+18,7,1,41,51,2017,4,16,1,3,1,1,0,0,1,1,0,0,0,4.33138E+20,5.57205E+21,8.06124E+15,5.02968E+16
102989,7.17043E+18,7,1,43,32,2017,4,15,1,3,8,1,0,0,0,0,1,0,0,4.058E+20,5.58966E+21,7.6731E+15,5.04514E+16
102990,7.17043E+18,7,1,43,281,2017,4,17,1,2,4,6,0,1,0,0,0,0,0,4.20402E+20,5.5966E+21,7.87726E+15,5.05159E+16
102991,7.17042E+18,7,1,11,0,2017,4,7,2,3,2,6,0,1,0,1,0,0,0,3.9924E+20,5.58004E+21,7.5833E+15,5.03638E+16
102992,7.17042E+18,7,2,35,26,2017,4,6,2,2,2,6,0,0,0,1,1,0,0,3.41458E+20,5.5246E+21,6.79443E+15,4.98528E+16
102993,7.17041E+18,7,2,11,0,2017,4,13,5,2,0,1,0,0,0,1,0,0,0,3.30856E+20,5.51447E+21,6.65148E+15,4.97589E+16
102994,7.17042E+18,7,3,32,32,2017,4,9,2,2,5,3,0,1,0,0,0,0,0,4.31299E+20,5.46979E+21,8.05356E+15,4.93769E+16
102995,7.17041E+18,7,1,43,501,2017,4,9,5,3,9,1,0,1,0,0,0,0,0,4.22917E+20,5.59815E+21,7.91241E+15,5.05302E+16
102996,7.17043E+18,7,2,11,0,2017,4,10,3,2,3,2,0,1,0,0,0,0,1,3.30263E+20,5.51348E+21,6.64369E+15,4.97499E+16
102997,7.17043E+18,7,1,43,48,2017,4,14,1,3,3,2,0,1,0,0,0,0,0,4.2088E+20,5.58273E+21,7.88694E+15,5.03913E+16
102998,7.17041E+18,7,1,41,51,2017,4,14,5,3,5,2,0,1,0,0,0,0,0,4.33148E+20,5.57126E+21,8.06153E+15,5.02897E+16
102999,7.17043E+18,7,3,35,501,2017,4,13,3,2,8,1,0,1,0,0,0,0,0,3.95834E+20,5.48298E+21,7.56165E+15,4.94905E+16
103000,7.17043E+18,7,1,38,65,2017,4,14,1,2,9,1,0,0,0,1,0,0,0,3.87973E+20,5.60284E+21,7.41813E+15,5.05667E+16
103001,7.17041E+18,7,1,43,32,2017,4,21,5,3,9,1,0,1,0,0,0,2,0,4.06344E+20,5.58764E+21,7.68127E+15,5.04333E+16
103002,7.17043E+18,7,1,32,62,2017,4,15,1,3,3,6,0,0,0,1,0,0,0,3.90945E+20,5.61865E+21,7.45543E+15,5.07094E+16
103003,7.17041E+18,7,1,43,57,2017,4,15,5,2,5,3,0,1,0,1,0,0,0,4.15401E+20,5.58215E+21,7.81001E+15,5.03853E+16
103004,7.17043E+18,7,1,31,47,2017,4,13,1,2,0,1,0,0,0,1,0,0,0,3.55091E+20,5.59561E+21,6.95691E+15,5.04946E+16
103005,7.17041E+18,7,1,32,501,2017,4,9,5,3,6,3,0,1,1,0,0,0,0,4.04028E+20,5.61583E+21,7.6414E+15,5.06864E+16
103006,7.17043E+18,7,1,31,2,2017,4,10,1,2,8,1,0,1,0,1,0,0,0,3.56839E+20,5.59605E+21,6.98138E+15,5.04989E+16
103007,7.17043E+18,7,1,43,28,2017,4,16,6,3,3,2,0,1,0,0,1,0,0,4.16171E+20,5.59708E+21,7.81749E+15,5.05197E+16
103008,7.17041E+18,7,1,31,6,2017,4,8,5,3,6,4,0,1,1,0,0,0,0,3.79478E+20,5.59653E+21,7.30028E+15,5.05083E+16
103009,7.17041E+18,7,1,40,85,2017,4,20,5,3,9,1,0,1,0,0,0,2,0,4.04793E+20,5.54046E+21,7.67127E+15,5.00089E+16
103010,7.17041E+18,7,1,11,0,2017,4,7,5,3,5,3,0,1,0,0,0,0,0,3.99141E+20,5.57693E+21,7.58276E+15,5.03358E+16
103011,7.17043E+18,7,1,31,7,2017,4,13,1,2,8,1,0,0,0,1,0,0,0,3.66451E+20,5.60149E+21,7.11487E+15,5.05501E+16
103012,7.17043E+18,7,1,37,86,2017,4,11,1,3,4,2,0,1,0,0,0,0,0,3.86998E+20,5.5766E+21,7.41228E+15,5.03307E+16
103013,7.17043E+18,7,1,37,8,2017,4,10,1,3,1,6,0,1,0,0,0,0,0,3.74584E+20,5.58317E+21,7.23575E+15,5.03872E+16
103014,7.17043E+18,7,1,40,23,2017,4,18,1,3,2,3,0,0,0,1,0,0,0,3.96229E+20,5.54229E+21,7.5513E+15,5.00239E+16
103015,7.17043E+18,7,1,40,125,2017,4,15,1,3,9,1,0,0,0,1,0,0,0,4.02771E+20,5.53956E+21,7.64329E+15,5.00004E+16
103016,7.17043E+18,7,1,37,203,2017,4,17,1,3,5,3,0,1,0,1,0,0,0,3.98363E+20,5.58644E+21,7.56925E+15,5.04212E+16
103017,7.17043E+18,7,1,37,203,2017,4,15,1,3,3,2,0,1,0,1,0,0,0,3.99087E+20,5.58958E+21,7.57859E+15,5.04495E+16
103018,7.17043E+18,7,1,37,212,2017,4,22,1,2,0,6,1,1,0,0,0,2,0,3.90436E+20,5.57284E+21,7.46166E+15,5.02975E+16
103019,7.17043E+18,7,1,11,0,2017,4,15,1,3,8,1,0,0,0,1,0,2,0,4.01185E+20,5.57868E+21,7.611E+15,5.03519E+16
103020,7.17043E+18,7,3,12,0,2017,4,17,7,3,8,1,0,1,0,0,0,0,0,4.0391E+20,5.47763E+21,7.67442E+15,4.94438E+16
103021,7.17043E+18,7,3,36,102,2017,4,17,7,3,5,3,1,1,0,0,0,0,0,3.79229E+20,5.47129E+21,7.33602E+15,4.93824E+16
103022,7.17043E+18,7,3,36,79,2017,4,15,7,3,5,3,1,1,0,0,0,0,0,3.87469E+20,5.48903E+21,7.44447E+15,4.95434E+16
103023,7.17043E+18,7,3,12,0,2017,4,13,7,3,3,2,0,1,0,0,0,0,0,4.09686E+20,5.478E+21,7.75401E+15,4.94479E+16
103024,7.17043E+18,7,3,16,0,2017,4,17,7,3,6,4,0,1,1,0,0,0,0,4.38418E+20,5.46668E+21,8.1521E+15,4.93497E+16
103025,7.17043E+18,7,3,14,0,2017,4,15,7,3,2,6,0,1,0,0,0,0,0,4.5962E+20,5.48178E+21,8.44247E+15,4.94873E+16
103026,7.17043E+18,7,3,39,4,2017,4,4,7,2,8,1,0,1,0,0,0,2,0,4.26426E+20,5.52088E+21,7.97686E+15,4.98358E+16
103027,7.17043E+18,7,3,31,25,2017,4,10,7,3,0,1,0,0,0,1,0,0,0,4.31435E+20,5.51505E+21,8.04754E+15,4.9784E+16
103028,7.17043E+18,7,3,19,0,2017,4,4,7,3,9,1,0,1,0,0,0,2,0,4.53697E+20,5.50052E+21,8.35849E+15,4.96554E+16
103029,7.17043E+18,7,3,39,43,2017,4,15,7,3,1,6,0,1,0,1,0,0,0,4.5287E+20,5.52457E+21,8.34412E+15,4.98717E+16
103030,7.17043E+18,7,2,31,134,2017,4,16,7,3,4,1,0,1,0,0,0,0,0,3.42285E+20,5.52463E+21,6.80592E+15,4.98533E+16
103031,7.17043E+18,7,2,31,4,2017,4,15,7,3,8,1,0,0,0,1,0,0,0,3.57104E+20,5.54236E+21,7.00537E+15,5.00164E+16
103032,7.17042E+18,7,3,11,0,2017,4,15,7,3,2,6,0,1,0,0,0,0,0,4.54156E+20,5.48703E+21,8.36642E+15,4.95341E+16
103033,7.17042E+18,7,3,34,7,2017,4,18,1,3,5,3,1,1,0,0,0,0,0,4.53285E+20,5.45092E+21,8.35863E+15,4.92093E+16
103034,7.17043E+18,7,1,34,45,2017,4,11,7,3,2,6,0,1,0,0,0,0,0,3.78936E+20,5.50965E+21,7.3202E+15,4.97271E+16
103035,7.17041E+18,7,1,43,9,2017,4,13,5,3,2,6,0,1,0,0,0,0,0,4.07887E+20,5.59655E+21,7.7008E+15,5.05137E+16
103036,7.17042E+18,7,1,32,116,2017,4,9,2,3,5,3,0,1,0,0,0,0,0,3.95215E+20,5.60337E+21,7.5202E+15,5.05728E+16
103037,7.17043E+18,7,2,35,133,2017,4,18,7,2,5,3,0,1,0,1,0,0,0,3.17132E+20,5.50714E+21,6.46456E+15,4.9689E+16
103038,7.17041E+18,7,3,12,0,2017,4,7,4,3,2,6,0,1,0,0,0,0,0,4.08203E+20,5.47848E+21,7.73344E+15,4.9452E+16
103039,7.17042E+18,7,1,33,115,2017,4,12,2,3,0,1,0,0,0,1,0,0,0,4.01863E+20,5.52582E+21,7.63412E+15,4.98767E+16
103040,7.17043E+18,7,1,43,229,2017,4,18,7,3,5,1,0,1,0,0,0,0,0,4.1575E+20,5.61366E+21,7.8078E+15,5.06687E+16
103041,7.17041E+18,7,3,36,3,2017,4,9,4,3,4,1,0,1,0,0,0,0,0,3.88879E+20,5.48915E+21,7.46391E+15,4.95448E+16
103042,7.17043E+18,7,1,32,25,2017,4,17,3,3,2,1,0,1,0,0,0,0,0,4.21568E+20,5.62031E+21,7.8887E+15,5.07293E+16
103043,7.17043E+18,7,1,43,229,2017,4,3,7,3,9,1,0,1,0,0,0,2,1,4.15722E+20,5.61367E+21,7.80739E+15,5.06688E+16
103044,7.17041E+18,7,3,35,47,2017,4,5,4,3,8,7,0,1,0,0,0,2,0,4.15025E+20,5.46716E+21,7.82996E+15,4.93512E+16