OBJECTID,UIDENTSTLA,ULAND,UREGBEZ,UKREIS,UGEMEINDE,UJAHR,UMONAT,USTUNDE,UWOCHENTAG,UKATEGORIE,UART,UTYP1,IstRad,IstPKW,IstFuss,IstKrad,IstSonstig,LICHT,STRZUSTAND,LINREFX,LINREFY,XGCSWGS84,YGCSWGS84
103045,7.17043E+18,7,1,41,102,2017,4,10,7,3,4,2,0,1,0,1,0,0,0,4.33506E+20,5.57406E+21,8.06607E+15,5.03149E+16
103046,7.17041E+18,7,3,34,12,2017,4,21,4,3,5,3,0,1,0,0,0,2,0,4.47236E+20,5.43647E+21,8.27747E+15,4.90789E+16
103047,7.17043E+18,7,1,31,502,2017,4,15,7,3,9,1,1,0,0,0,0,0,0,3.6658E+20,5.58673E+21,7.12196E+15,5.04175E+16
103048,7.17041E+18,7,3,34,28,2017,4,14,4,3,2,1,0,0,0,1,1,0,0,4.53183E+20,5.45883E+21,8.35629E+15,4.92804E+16
103049,7.17043E+18,7,1,31,39,2017,4,13,7,3,8,1,0,0,0,1,0,0,0,3.59578E+20,5.59053E+21,7.02203E+15,5.045E+16
103050,7.17043E+18,7,1,37,69,2017,4,13,7,2,6,4,0,1,1,0,0,0,0,3.78184E+20,5.58113E+21,7.28704E+15,5.03697E+16
103051,7.17043E+18,7,1,40,36,2017,4,16,7,3,2,1,0,1,0,1,0,0,0,3.96665E+20,5.55696E+21,7.55342E+15,5.01558E+16
103052,7.17043E+18,7,1,37,229,2017,4,9,7,3,0,7,0,1,0,0,1,0,0,4.00629E+20,5.58475E+21,7.60159E+15,5.04064E+16
103053,7.17043E+18,7,3,39,60,2017,4,17,5,3,5,3,0,1,0,1,0,0,0,4.43661E+20,5.52144E+21,8.21642E+15,4.98427E+16
103054,7.17043E+18,7,3,33,502,2017,4,16,5,3,5,3,0,1,0,0,0,0,0,4.14726E+20,5.49705E+21,7.81941E+15,4.962E+16
103055,7.17041E+18,7,3,18,0,2017,4,16,4,3,2,6,0,1,0,0,0,0,0,4.5819E+20,5.46289E+21,8.42471E+15,4.93173E+16
103056,7.17041E+18,7,3,38,19,2017,4,11,4,3,1,5,0,1,0,0,0,0,0,4.53134E+20,5.47729E+21,8.35346E+15,4.94464E+16
103057,7.17041E+18,7,3,11,0,2017,4,17,4,3,1,2,0,1,0,0,0,0,0,4.53193E+20,5.48994E+21,8.35276E+15,4.95602E+16
103058,7.17041E+18,7,3,14,0,2017,4,11,4,3,5,3,0,1,0,0,1,0,0,4.59191E+20,5.47908E+21,8.43682E+15,4.9463E+16
103059,7.17041E+18,7,3,14,0,2017,4,5,4,3,5,2,1,1,0,0,0,0,0,4.60557E+20,5.48031E+21,8.45555E+15,4.94741E+16
103060,7.17041E+18,7,3,39,5,2017,4,11,4,3,5,3,0,1,0,1,0,0,0,4.21296E+20,5.53377E+21,7.90291E+15,4.99511E+16
103061,7.17043E+18,7,1,31,7,2017,4,17,7,3,9,1,0,1,0,0,0,0,0,3.69228E+20,5.60171E+21,7.15398E+15,5.05526E+16
103062,7.17043E+18,7,1,38,44,2017,4,13,7,3,2,6,0,1,0,0,0,0,0,3.85768E+20,5.60963E+21,7.38492E+15,5.06273E+16
103063,7.17043E+18,7,3,20,0,2017,4,8,6,3,9,1,0,1,0,0,0,0,0,3.80509E+20,5.456E+21,7.35823E+15,4.92451E+16
103064,7.17043E+18,7,3,12,0,2017,4,7,6,3,2,6,0,1,0,0,0,0,0,4.09102E+20,5.47888E+21,7.74575E+15,4.94558E+16
103065,7.17043E+18,7,3,38,3,2017,4,17,6,3,5,3,0,1,0,0,0,0,0,4.45841E+20,5.48084E+21,8.25236E+15,4.94778E+16
103066,7.17043E+18,7,3,16,0,2017,4,15,6,2,5,3,0,1,0,0,1,0,0,4.39989E+20,5.46683E+21,8.17371E+15,4.93512E+16
103067,7.17043E+18,7,3,16,0,2017,4,12,6,3,5,3,1,1,0,0,0,0,0,4.39243E+20,5.46646E+21,8.16349E+15,4.93478E+16
103068,7.17043E+18,7,3,37,58,2017,4,14,6,3,0,7,0,1,0,0,0,0,0,4.31388E+20,5.43885E+21,8.06007E+15,4.90987E+16
103069,7.17043E+18,7,3,38,26,2017,4,16,6,3,5,7,1,1,0,0,0,0,0,4.59424E+20,5.47169E+21,8.44079E+15,4.93966E+16
103070,7.17043E+18,7,3,11,0,2017,4,7,6,3,2,6,0,1,0,0,0,0,0,4.53438E+20,5.48697E+21,8.35651E+15,4.95335E+16
103071,7.17042E+18,7,3,38,12,2017,4,14,6,3,2,6,0,1,0,0,0,0,0,4.50521E+20,5.48778E+21,8.31609E+15,4.95406E+16
103072,7.17042E+18,7,1,41,29,2017,4,17,7,3,2,6,0,1,0,0,0,0,0,4.31223E+20,5.58049E+21,8.03283E+15,5.03724E+16
103073,7.17043E+18,7,1,33,54,2017,4,13,6,2,0,6,1,0,0,0,1,0,0,4.21077E+20,5.52723E+21,7.90119E+15,4.98923E+16
103074,7.17041E+18,7,3,39,5,2017,4,9,4,3,1,6,0,1,0,0,0,0,0,4.21265E+20,5.53347E+21,7.90255E+15,4.99484E+16
103075,7.17042E+18,7,1,41,6,2017,4,13,1,3,5,3,1,1,0,0,0,0,0,4.08497E+20,5.57709E+21,7.71414E+15,5.03388E+16
103076,7.17043E+18,7,3,33,501,2017,4,16,6,3,1,7,0,1,0,0,0,0,0,4.37948E+20,5.49915E+21,8.14053E+15,4.96417E+16
103077,7.17041E+18,7,3,31,52,2017,4,5,4,3,8,7,0,1,0,0,0,2,0,4.39719E+20,5.50334E+21,8.16442E+15,4.96796E+16
103078,7.17042E+18,7,1,37,101,2017,4,8,2,3,2,6,0,1,0,0,0,0,0,3.77468E+20,5.57941E+21,7.27753E+15,5.0354E+16
103079,7.17043E+18,7,3,15,0,2017,4,18,6,3,2,6,0,1,0,0,0,0,0,4.48057E+20,5.5375E+21,8.2754E+15,4.99875E+16
103080,7.17043E+18,7,3,15,0,2017,4,7,6,3,3,6,0,1,0,1,0,0,0,4.47108E+20,5.53815E+21,8.26208E+15,4.99933E+16
103081,7.17041E+18,7,3,39,42,2017,4,13,4,3,5,3,1,1,0,0,0,0,0,4.40683E+20,5.52929E+21,8.17381E+15,4.9913E+16
103082,7.17042E+18,7,2,35,83,2017,4,17,2,2,9,1,0,0,0,1,0,0,0,3.44338E+20,5.51691E+21,6.83755E+15,4.97844E+16
103083,7.17043E+18,7,3,39,27,2017,4,14,6,3,2,6,0,1,0,0,0,0,0,4.36819E+20,5.53933E+21,8.11836E+15,5.0003E+16
103084,7.17041E+18,7,3,15,0,2017,4,12,4,3,2,6,0,1,0,0,0,0,0,4.46045E+20,5.53979E+21,8.24701E+15,5.0008E+16
103085,7.17043E+18,7,3,39,27,2017,4,11,6,2,7,6,0,1,0,0,1,0,0,4.37435E+20,5.53908E+21,8.12698E+15,5.00007E+16
103086,7.17041E+18,7,2,31,103,2017,4,7,4,2,4,6,0,1,0,0,0,0,0,3.49724E+20,5.53097E+21,6.90687E+15,4.99122E+16
103087,7.17041E+18,7,2,31,32,2017,4,8,4,3,8,7,0,1,0,0,0,0,0,3.58276E+20,5.51605E+21,7.03137E+15,4.97802E+16
103088,7.17043E+18,7,2,32,91,2017,4,6,6,3,8,6,0,1,0,0,0,0,0,3.19051E+20,5.53306E+21,6.47905E+15,4.99225E+16
103089,7.17043E+18,7,2,31,134,2017,4,7,6,3,2,6,0,0,0,1,0,0,0,3.46506E+20,5.53991E+21,6.85851E+15,4.99918E+16
103090,7.17043E+18,7,1,34,45,2017,4,6,6,3,2,6,0,1,0,0,0,0,0,3.77412E+20,5.50892E+21,7.29929E+15,4.97203E+16
103091,7.17043E+18,7,2,11,0,2017,4,17,6,3,5,2,0,1,0,0,0,0,1,3.2904E+20,5.51464E+21,6.62621E+15,4.97599E+16
103092,7.17043E+18,7,3,40,12,2017,4,7,4,3,4,2,0,1,0,0,0,0,0,4.03291E+20,5.4645E+21,7.66909E+15,4.93255E+16
103093,7.17043E+18,7,1,43,60,2017,4,18,6,3,5,3,0,1,0,0,0,0,1,4.16796E+20,5.59519E+21,7.82672E+15,5.05028E+16
103094,7.17043E+18,7,2,11,0,2017,4,16,5,3,2,6,0,1,0,0,0,0,0,3.26379E+20,5.51059E+21,6.59111E+15,4.97227E+16
103095,7.17043E+18,7,3,13,0,2017,4,17,5,3,5,3,0,1,0,0,0,0,0,4.37278E+20,5.45037E+21,8.13897E+15,4.92029E+16
103096,7.17041E+18,7,2,35,95,2017,4,17,4,3,8,7,0,0,0,1,0,0,0,3.15338E+20,5.501E+21,6.44259E+15,4.96333E+16
103097,7.17041E+18,7,1,43,308,2017,4,21,4,2,0,7,0,1,0,0,0,2,0,4.26877E+20,5.59895E+21,7.96812E+15,5.05379E+16
103098,7.17052E+18,7,1,43,13,2017,5,8,6,3,8,1,0,1,0,0,0,0,1,4.07439E+20,5.5801E+21,7.69854E+15,5.03657E+16
103099,7.17053E+18,7,1,35,66,2017,5,14,3,3,1,6,0,1,0,0,1,0,0,3.81893E+20,5.56047E+21,7.34563E+15,5.01846E+16
103100,7.17052E+18,7,1,38,61,2017,5,17,6,3,4,1,0,1,0,0,0,0,1,3.93226E+20,5.5961E+21,7.49421E+15,5.05071E+16
103101,7.17052E+18,7,1,38,3,2017,5,13,6,3,2,2,0,1,0,0,0,0,1,3.8836E+20,5.6134E+21,7.42042E+15,5.06617E+16
103102,7.17052E+18,7,1,38,80,2017,5,12,6,3,5,3,0,1,0,0,0,0,1,3.85759E+20,5.61864E+21,7.38201E+15,5.07083E+16
103103,7.17052E+18,7,1,32,501,2017,5,20,6,2,9,1,0,1,0,0,0,0,1,4.038E+20,5.61534E+21,7.6383E+15,5.06819E+16
103104,7.17052E+18,7,1,32,96,2017,5,9,6,3,4,1,0,1,0,0,1,0,1,4.09462E+20,5.62472E+21,7.71612E+15,5.07672E+16
103105,7.17053E+18,7,1,37,214,2017,5,10,3,3,5,3,0,0,0,0,1,0,0,3.88878E+20,5.56648E+21,7.44167E+15,5.024E+16
103106,7.17052E+18,7,1,32,114,2017,5,9,6,2,9,1,0,1,0,0,0,0,1,3.97334E+20,5.62126E+21,7.54515E+15,5.07341E+16
103107,7.17053E+18,7,1,11,0,2017,5,7,3,3,1,6,0,1,0,0,0,0,0,3.99579E+20,5.58005E+21,7.58808E+15,5.0364E+16
103108,7.17052E+18,7,1,32,501,2017,5,7,6,3,0,6,0,1,0,0,0,0,1,4.04124E+20,5.61585E+21,7.64276E+15,5.06866E+16
103109,7.17053E+18,7,1,35,38,2017,5,16,3,2,2,6,0,1,0,0,1,0,0,3.68963E+20,5.56535E+21,7.16291E+15,5.02258E+16
103110,7.17053E+18,7,1,35,38,2017,5,15,3,3,3,6,0,1,0,0,1,0,0,3.70697E+20,5.5658E+21,7.18705E+15,5.02302E+16
103111,7.17052E+18,7,1,31,14,2017,5,20,6,3,8,1,0,0,0,0,1,0,1,3.81267E+20,5.59304E+21,7.32659E+15,5.04773E+16
103112,7.17053E+18,7,3,40,28,2017,5,15,2,3,2,2,0,0,0,1,1,0,0,4.01762E+20,5.44813E+21,7.65206E+15,4.91781E+16
103113,7.17053E+18,7,3,32,47,2017,5,8,2,3,2,1,0,1,0,0,0,0,0,4.32225E+20,5.4865E+21,8.06346E+15,4.95273E+16
103114,7.17052E+18,7,1,37,41,2017,5,14,6,3,4,6,0,0,0,0,1,0,1,3.85329E+20,5.56917E+21,7.3911E+15,5.02636E+16
103115,7.17052E+18,7,1,40,113,2017,5,9,6,2,9,1,0,1,0,0,0,0,1,3.91818E+20,5.53648E+21,7.49138E+15,4.99709E+16
103116,7.17052E+18,7,1,40,145,2017,5,7,6,3,1,1,1,0,0,0,1,0,1,3.78581E+20,5.53237E+21,7.30815E+15,4.99314E+16
103117,7.17052E+18,7,1,37,228,2017,5,16,6,3,2,6,0,1,0,0,0,0,1,3.90405E+20,5.58602E+21,7.4574E+15,5.0416E+16
103118,7.17052E+18,7,1,37,211,2017,5,13,6,3,2,6,0,1,0,0,1,0,1,3.91759E+20,5.58465E+21,7.47684E+15,5.04039E+16
103119,7.17053E+18,7,3,35,2,2017,5,7,2,3,0,3,0,1,0,0,1,0,0,3.99785E+20,5.47138E+21,7.61912E+15,4.93869E+16
103120,7.17053E+18,7,3,32,30,2017,5,18,2,3,9,1,0,1,0,0,0,0,1,4.42511E+20,5.48902E+21,8.2052E+15,4.9551E+16
103121,7.17053E+18,7,3,32,24,2017,5,14,2,2,8,7,0,1,0,0,0,0,0,4.39447E+20,5.48997E+21,8.1627E+15,4.95593E+16
103122,7.17053E+18,7,3,32,22,2017,5,18,2,2,5,3,0,1,0,1,0,0,0,4.44391E+20,5.47988E+21,8.23248E+15,4.9469E+16
103123,7.17053E+18,7,3,16,0,2017,5,14,2,3,1,6,0,1,0,0,0,0,0,4.38404E+20,5.46781E+21,8.15173E+15,4.93599E+16
103124,7.17053E+18,7,3,13,0,2017,5,21,2,3,1,6,0,1,0,1,0,2,0,4.35809E+20,5.45108E+21,8.11868E+15,4.92091E+16
103125,7.17053E+18,7,3,18,0,2017,5,17,2,2,7,1,1,0,0,0,0,0,0,4.60325E+20,5.46032E+21,8.45434E+15,4.92943E+16
103126,7.17053E+18,7,3,14,0,2017,5,20,2,3,3,6,0,1,0,0,0,1,0,4.59173E+20,5.48236E+21,8.43623E+15,4.94925E+16
103127,7.17053E+18,7,1,33,6,2017,5,10,2,3,3,6,0,1,0,0,1,0,0,4.20472E+20,5.52324E+21,7.8936E+15,4.98563E+16
103128,7.17052E+18,7,1,11,0,2017,5,18,6,3,5,7,0,1,0,0,0,0,1,3.96975E+20,5.58188E+21,7.55098E+15,5.03799E+16
103129,7.17052E+18,7,1,11,0,2017,5,7,6,3,3,6,0,1,0,0,0,0,0,3.99564E+20,5.57902E+21,7.58814E+15,5.03547E+16
103130,7.17053E+18,7,3,31,10,2017,5,10,2,3,5,3,0,1,0,1,0,0,0,4.37182E+20,5.51597E+21,8.12722E+15,4.97929E+16
103131,7.17052E+18,7,1,35,38,2017,5,15,6,3,2,1,0,1,0,0,1,0,1,3.70697E+20,5.5658E+21,7.18705E+15,5.02302E+16
103132,7.17053E+18,7,3,31,2,2017,5,12,2,3,1,5,1,1,0,0,0,0,0,4.52505E+20,5.51281E+21,8.34047E+15,4.97659E+16
103133,7.17052E+18,7,1,37,88,2017,5,9,6,3,8,1,0,1,0,0,0,0,1,3.85178E+20,5.58209E+21,7.38505E+15,5.03796E+16
103134,7.17052E+18,7,1,11,0,2017,5,22,6,3,3,6,0,1,0,0,0,2,0,3.96932E+20,5.58357E+21,7.5499E+15,5.03952E+16
103135,7.17053E+18,7,3,39,42,2017,5,17,2,3,2,6,0,1,0,0,0,0,0,4.41656E+20,5.52935E+21,8.18735E+15,4.99137E+16
103136,7.17053E+18,7,3,31,37,2017,5,4,2,2,2,6,0,1,0,0,1,1,0,4.45632E+20,5.50384E+21,8.24629E+15,4.96846E+16
103137,7.17052E+18,7,1,37,203,2017,5,11,6,3,4,1,0,1,0,0,1,0,1,3.99452E+20,5.5853E+21,7.58488E+15,5.04111E+16
103138,7.17052E+18,7,3,32,30,2017,5,14,5,3,8,1,0,1,0,0,0,0,0,4.4061E+20,5.4892E+21,8.1789E+15,4.95525E+16
103139,7.17053E+18,7,2,33,501,2017,5,16,2,3,2,2,0,1,0,0,0,0,0,3.42847E+20,5.56326E+21,6.79791E+15,5.02007E+16
103140,7.17053E+18,7,2,33,29,2017,5,15,2,2,5,2,0,0,0,1,1,0,0,3.31716E+20,5.57368E+21,6.63744E+15,5.02912E+16
103141,7.17052E+18,7,3,11,0,2017,5,10,5,1,2,6,0,1,0,0,0,0,0,4.56146E+20,5.48854E+21,8.39375E+15,4.95479E+16
103142,7.17053E+18,7,2,31,81,2017,5,19,2,3,1,6,1,1,0,0,0,0,0,3.56446E+20,5.53245E+21,6.99988E+15,4.99272E+16
103143,7.17053E+18,7,2,31,103,2017,5,17,2,2,4,6,0,1,0,0,0,0,0,3.53503E+20,5.53097E+21,6.95947E+15,4.99131E+16
103144,7.17052E+18,7,3,18,0,2017,5,12,5,2,9,1,0,1,0,0,0,0,0,4.57909E+20,5.46611E+21,8.42051E+15,4.93463E+16
103145,7.17053E+18,7,1,43,285,2017,5,15,2,3,2,2,0,1,0,0,0,0,0,4.37474E+20,5.60945E+21,8.11587E+15,5.06335E+16
103146,7.17052E+18,7,3,11,0,2017,5,21,5,2,5,3,0,1,0,0,0,1,0,4.53295E+20,5.48586E+21,8.35466E+15,4.95235E+16
103147,7.17053E+18,7,1,41,2,2017,5,11,2,2,8,6,0,0,0,1,1,0,0,4.2534E+20,5.58079E+21,7.95005E+15,5.03745E+16
103148,7.17053E+18,7,1,41,41,2017,5,14,2,2,4,6,0,1,0,0,0,0,0,4.0558E+20,5.5768E+21,7.67324E+15,5.03357E+16
103149,7.17053E+18,7,1,43,34,2017,5,12,2,2,9,1,0,0,0,1,0,0,0,4.18141E+20,5.58173E+21,7.84863E+15,5.03819E+16
103150,7.17053E+18,7,1,43,36,2017,5,5,2,3,5,3,0,1,0,0,0,1,0,4.16093E+20,5.5797E+21,7.82028E+15,5.03634E+16
103151,7.17053E+18,7,1,32,6,2017,5,16,2,2,8,1,0,0,0,1,0,0,0,4.20792E+20,5.62687E+21,7.87628E+15,5.07882E+16
103152,7.17053E+18,7,1,32,6,2017,5,10,2,3,6,2,0,1,1,0,0,0,0,4.20262E+20,5.62726E+21,7.86869E+15,5.07916E+16
103153,7.17053E+18,7,1,31,79,2017,5,16,2,3,9,1,0,0,0,1,0,0,0,3.45675E+20,5.5808E+21,6.83034E+15,5.0359E+16
103154,7.17053E+18,7,1,31,7,2017,5,18,2,2,0,7,1,1,0,0,0,0,0,3.67333E+20,5.60141E+21,7.12734E+15,5.05496E+16
103155,7.17052E+18,7,3,14,0,2017,5,21,5,2,5,3,1,1,0,0,0,2,0,4.54093E+20,5.48073E+21,8.36628E+15,4.94775E+16
103156,7.17052E+18,7,3,39,39,2017,5,12,5,2,5,3,0,1,0,0,1,0,1,4.52124E+20,5.53078E+21,8.33297E+15,4.99274E+16
103157,7.17053E+18,7,1,37,69,2017,5,17,2,3,3,2,0,1,0,1,0,0,0,3.76116E+20,5.58191E+21,7.25771E+15,5.03762E+16
103158,7.17052E+18,7,3,15,0,2017,5,11,5,3,8,7,0,1,0,0,0,0,0,4.4178E+20,5.53609E+21,8.18806E+15,4.99743E+16
103159,7.17053E+18,7,1,40,64,2017,5,18,2,3,4,2,0,1,0,0,0,0,0,3.8812E+20,5.54869E+21,7.43626E+15,5.00799E+16
103160,7.17052E+18,7,3,15,0,2017,5,20,5,3,5,3,1,1,0,0,0,0,0,4.4457E+20,5.54186E+21,8.22613E+15,5.00265E+16
103161,7.17052E+18,7,3,15,0,2017,5,15,5,3,3,6,0,1,0,0,1,0,0,4.47982E+20,5.53593E+21,8.27457E+15,4.99735E+16
103162,7.17053E+18,7,1,37,226,2017,5,20,2,3,1,6,0,1,0,1,0,0,0,4.01409E+20,5.58381E+21,7.61281E+15,5.03981E+16
103163,7.17052E+18,7,1,34,14,2017,5,23,5,3,7,7,0,0,0,1,0,2,1,3.70754E+20,5.51816E+21,7.20389E+15,4.98019E+16
103164,7.17052E+18,7,2,35,93,2017,5,16,5,3,6,4,0,1,1,0,0,0,0,3.57773E+20,5.50164E+21,7.02964E+15,4.96505E+16
103165,7.17053E+18,7,3,40,11,2017,5,12,1,2,8,1,0,0,0,1,0,0,0,4.03237E+20,5.43928E+21,7.67442E+15,4.90988E+16
103166,7.17052E+18,7,2,35,153,2017,5,16,5,3,8,1,0,1,0,0,0,0,0,3.57043E+20,5.50244E+21,7.01923E+15,4.96576E+16
103167,7.17053E+18,7,3,36,97,2017,5,17,1,2,9,1,0,0,0,1,0,0,0,3.79797E+20,5.49187E+21,7.33759E+15,4.95675E+16
103168,7.17052E+18,7,2,11,0,2017,5,15,5,3,0,1,0,0,0,1,0,0,1,3.30011E+20,5.51342E+21,6.64021E+15,4.97492E+16
103169,7.17053E+18,7,3,35,48,2017,5,12,1,2,4,6,0,0,0,1,0,0,0,4.16519E+20,5.46895E+21,7.85015E+15,4.93676E+16
103170,7.17052E+18,7,2,11,0,2017,5,5,5,3,5,3,0,1,0,0,0,1,0,3.33695E+20,5.51279E+21,6.69158E+15,4.97445E+16
103171,7.17053E+18,7,3,32,13,2017,5,18,1,1,8,1,0,1,0,0,0,0,0,4.46262E+20,5.48027E+21,8.25825E+15,4.94727E+16
103172,7.17053E+18,7,3,38,12,2017,5,14,1,3,2,6,0,1,0,0,0,0,0,4.50494E+20,5.48741E+21,8.31577E+15,4.95373E+16
103173,7.17053E+18,7,3,13,0,2017,5,13,1,2,8,1,0,1,0,0,0,0,0,4.17906E+20,5.46212E+21,7.87066E+15,4.93063E+16
103174,7.17053E+18,7,3,13,0,2017,5,21,1,3,5,3,0,1,0,0,0,2,0,4.36225E+20,5.45044E+21,8.1245E+15,4.92034E+16
103175,7.17053E+18,7,1,33,52,2017,5,14,1,2,0,7,0,0,0,0,1,0,0,3.90966E+20,5.51587E+21,7.48531E+15,4.97854E+16
103176,7.17052E+18,7,1,43,36,2017,5,6,5,3,5,3,0,1,0,0,0,0,0,4.17411E+20,5.57935E+21,7.83888E+15,5.03604E+16
103177,7.17052E+18,7,1,38,45,2017,5,22,5,3,8,1,0,1,0,0,0,2,0,3.89924E+20,5.59043E+21,7.44932E+15,5.04555E+16
103178,7.17052E+18,7,1,38,45,2017,5,17,5,3,2,6,0,1,0,0,0,0,1,3.9204E+20,5.59118E+21,7.47891E+15,5.04627E+16
103179,7.17052E+18,7,1,31,44,2017,5,15,5,3,2,1,0,1,0,1,0,0,1,3.52932E+20,5.58705E+21,6.92986E+15,5.0417E+16
103180,7.17052E+18,7,1,31,2,2017,5,12,5,3,1,6,0,0,0,1,0,0,0,3.56764E+20,5.59641E+21,6.98018E+15,5.05021E+16
103181,7.17052E+18,7,1,37,68,2017,5,12,5,3,4,6,0,1,0,0,1,0,0,3.75854E+20,5.57615E+21,7.25592E+15,5.03244E+16
103182,7.17052E+18,7,1,40,64,2017,5,12,5,3,2,6,0,1,0,0,0,0,1,3.8859E+20,5.54726E+21,7.44324E+15,5.00672E+16
103183,7.17052E+18,7,1,37,224,2017,5,16,5,3,2,6,0,1,0,0,0,0,1,4.01128E+20,5.57947E+21,7.61E+15,5.03589E+16
103184,7.17053E+18,7,3,39,5,2017,5,4,1,3,9,7,0,1,0,0,1,2,0,4.22451E+20,5.53295E+21,7.91918E+15,4.99438E+16
103185,7.17053E+18,7,1,33,26,2017,5,16,1,3,2,6,0,1,0,0,0,0,0,4.18133E+20,5.531E+21,7.85941E+15,4.99258E+16
103186,7.17053E+18,7,3,31,3,2017,5,9,1,2,0,3,0,1,0,1,0,0,0,4.32007E+20,5.51087E+21,8.05621E+15,4.97464E+16
103187,7.17053E+18,7,3,19,0,2017,5,14,1,2,2,7,0,1,0,0,0,0,0,4.48203E+20,5.49714E+21,8.28282E+15,4.96246E+16
103188,7.17053E+18,7,3,19,0,2017,5,0,1,3,5,3,0,1,0,0,1,2,0,4.53464E+20,5.49893E+21,8.35545E+15,4.96412E+16
103189,7.17053E+18,7,2,35,125,2017,5,17,1,3,8,1,0,1,0,1,0,0,0,3.38836E+20,5.52147E+21,6.75929E+15,4.9824E+16
103190,7.17053E+18,7,2,33,226,2017,5,22,1,2,8,7,0,1,0,0,0,2,1,3.51933E+20,5.57077E+21,6.92221E+15,5.02704E+16
103191,7.17052E+18,7,1,37,203,2017,5,7,5,3,3,2,1,1,0,0,0,0,0,3.98049E+20,5.58819E+21,7.56436E+15,5.04369E+16
103192,7.17053E+18,7,2,33,218,2017,5,16,1,3,9,7,0,1,0,0,0,0,0,3.52773E+20,5.57276E+21,6.9332E+15,5.02886E+16
103193,7.17052E+18,7,1,11,0,2017,5,6,5,3,3,6,0,1,0,0,1,0,0,3.97238E+20,5.58374E+21,7.55415E+15,5.03967E+16
103194,7.17053E+18,7,2,33,81,2017,5,12,1,3,8,1,0,0,0,1,0,0,0,3.35687E+20,5.55664E+21,6.70052E+15,5.01392E+16
103195,7.17053E+18,7,2,33,19,2017,5,9,1,2,8,1,0,1,0,0,0,0,0,3.33013E+20,5.57013E+21,6.6572E+15,5.02597E+16
103196,7.17053E+18,7,2,31,134,2017,5,6,1,2,9,1,0,1,0,0,0,0,0,3.51882E+20,5.54039E+21,6.93328E+15,4.99974E+16
103197,7.17053E+18,7,1,34,46,2017,5,14,1,3,4,6,0,1,0,0,0,0,0,3.7349E+20,5.51688E+21,7.24232E+15,4.97911E+16
103198,7.17053E+18,7,1,32,501,2017,5,12,1,2,5,3,0,1,0,1,0,0,0,4.028E+20,5.61624E+21,7.62391E+15,5.06899E+16
103199,7.17053E+18,7,1,38,45,2017,5,21,1,3,2,6,0,1,0,0,0,0,0,3.96255E+20,5.59366E+21,7.53759E+15,5.04857E+16
103200,7.17053E+18,7,1,35,65,2017,5,15,1,3,9,1,0,0,0,0,1,0,0,3.8395E+20,5.56266E+21,7.37376E+15,5.02047E+16
103201,7.17053E+18,7,1,35,20,2017,5,11,1,3,4,6,1,0,0,0,0,0,0,3.70899E+20,5.55577E+21,7.1933E+15,5.01401E+16
103202,7.17053E+18,7,1,31,14,2017,5,13,1,3,2,6,0,1,0,1,0,0,0,3.80694E+20,5.59496E+21,7.31792E+15,5.04944E+16
103203,7.17053E+18,7,1,31,58,2017,5,11,1,3,6,2,0,1,1,0,0,0,0,3.53955E+20,5.57776E+21,6.94784E+15,5.03338E+16
103204,7.17052E+18,7,3,33,502,2017,5,18,4,2,7,1,0,0,0,1,0,0,0,4.15244E+20,5.49996E+21,7.82594E+15,4.96462E+16
103205,7.17052E+18,7,3,11,0,2017,5,15,4,3,2,6,0,1,0,0,1,0,0,4.50143E+20,5.48337E+21,8.31143E+15,4.95009E+16
103206,7.17053E+18,7,1,31,58,2017,5,1,1,3,6,6,0,1,1,0,0,2,0,3.54415E+20,5.57826E+21,6.95411E+15,5.03384E+16
103207,7.17052E+18,7,3,32,12,2017,5,17,4,3,5,3,1,1,0,0,0,0,0,4.35435E+20,5.49095E+21,8.10708E+15,4.95677E+16
103208,7.17053E+18,7,1,11,0,2017,5,15,1,3,0,7,0,1,0,1,0,0,0,3.98181E+20,5.58071E+21,7.56824E+15,5.03696E+16
103209,7.17052E+18,7,3,32,25,2017,5,7,4,3,2,1,0,1,0,0,0,0,0,4.43918E+20,5.46985E+21,8.22737E+15,4.93788E+16
103210,7.17052E+18,7,3,37,9,2017,5,20,4,3,6,2,0,1,1,0,0,1,0,4.30072E+20,5.4509E+21,8.03996E+15,4.92069E+16
103211,7.17053E+18,7,3,36,29,2017,5,16,7,2,1,6,1,1,0,0,0,0,0,4.02421E+20,5.50105E+21,7.64809E+15,4.96541E+16
103212,7.17052E+18,7,3,18,0,2017,5,11,4,3,5,3,1,1,0,0,0,0,0,4.5855E+20,5.46506E+21,8.42945E+15,4.93368E+16
103213,7.17052E+18,7,3,38,19,2017,5,9,4,3,5,3,0,1,0,0,0,0,0,4.53607E+20,5.47576E+21,8.36016E+15,4.94327E+16
103214,7.17053E+18,7,3,35,47,2017,5,18,7,3,5,1,0,1,0,1,0,0,0,4.10783E+20,5.46783E+21,7.77143E+15,4.93566E+16
103215,7.17053E+18,7,3,35,15,2017,5,19,7,3,2,6,0,1,0,0,0,0,0,4.22623E+20,5.47686E+21,7.93267E+15,4.94395E+16
103216,7.17052E+18,7,3,14,0,2017,5,12,4,3,5,3,0,1,0,0,0,0,0,4.56188E+20,5.47822E+21,8.39547E+15,4.94551E+16
103217,7.17053E+18,7,3,32,9,2017,5,12,7,3,6,4,0,1,1,0,0,0,0,4.41042E+20,5.47309E+21,8.18728E+15,4.94076E+16