OBJECTID,UIDENTSTLA,ULAND,UREGBEZ,UKREIS,UGEMEINDE,UJAHR,UMONAT,USTUNDE,UWOCHENTAG,UKATEGORIE,UART,UTYP1,IstRad,IstPKW,IstFuss,IstKrad,IstSonstig,LICHT,STRZUSTAND,LINREFX,LINREFY,XGCSWGS84,YGCSWGS84
103218,7.17052E+18,7,3,39,56,2017,5,18,4,3,9,1,0,0,0,1,0,0,0,4.28375E+20,5.52628E+21,8.00296E+15,4.98847E+16
103219,7.17053E+18,7,3,34,5,2017,5,9,7,3,8,1,0,1,0,0,0,0,0,4.35783E+20,5.43518E+21,8.12087E+15,4.90661E+16
103220,7.17052E+18,7,1,33,108,2017,5,18,4,3,5,2,1,1,0,0,0,0,0,4.16312E+20,5.53131E+21,7.83399E+15,4.99283E+16
103221,7.17053E+18,7,3,34,7,2017,5,16,7,3,8,1,0,1,0,0,0,0,0,4.52611E+20,5.4509E+21,8.34937E+15,4.9209E+16
103222,7.17053E+18,7,3,37,78,2017,5,1,7,3,4,1,0,1,0,0,0,2,0,4.23214E+20,5.44802E+21,7.94637E+15,4.91802E+16
103223,7.17053E+18,7,3,37,25,2017,5,21,7,3,0,1,1,0,0,0,0,2,0,4.34167E+20,5.45497E+21,8.0955E+15,4.9244E+16
103224,7.17053E+18,7,3,37,21,2017,5,18,7,3,3,2,0,1,0,1,0,0,0,4.37001E+20,5.45716E+21,8.1341E+15,4.9264E+16
103225,7.17052E+18,7,1,33,103,2017,5,7,4,3,0,1,0,0,0,1,0,0,0,4.1235E+20,5.5336E+21,7.77827E+15,4.99483E+16
103226,7.17053E+18,7,3,37,501,2017,5,17,7,3,8,1,0,0,0,1,0,0,0,4.18913E+20,5.45847E+21,7.88525E+15,4.92736E+16
103227,7.17052E+18,7,3,31,5,2017,5,19,4,3,5,3,1,1,0,0,0,0,0,4.2986E+20,5.50872E+21,8.0268E+15,4.97269E+16
103228,7.17052E+18,7,3,31,26,2017,5,6,4,3,5,3,0,1,0,0,0,0,0,4.40043E+20,5.51274E+21,8.16746E+15,4.97642E+16
103229,7.17052E+18,7,3,31,45,2017,5,18,4,2,5,3,1,1,0,0,0,0,0,4.5159E+20,5.51021E+21,8.32809E+15,4.97424E+16
103230,7.17052E+18,7,3,15,0,2017,5,7,4,3,4,2,1,1,0,0,0,0,0,4.4491E+20,5.53894E+21,8.23129E+15,5.00002E+16
103231,7.17052E+18,7,3,15,0,2017,5,6,4,3,2,6,0,1,0,0,0,0,0,4.43778E+20,5.53587E+21,8.21595E+15,4.99725E+16
103232,7.17052E+18,7,3,31,27,2017,5,14,4,2,8,6,0,1,0,0,1,0,0,4.33881E+20,5.50946E+21,8.08246E+15,4.9734E+16
103233,7.17052E+18,7,2,35,4,2017,5,4,4,3,2,6,0,1,0,0,0,2,0,3.41028E+20,5.52413E+21,6.78865E+15,4.98485E+16
103234,7.17052E+18,7,2,33,31,2017,5,8,4,2,4,2,0,1,0,0,1,0,0,3.48915E+20,5.56549E+21,6.88198E+15,5.02222E+16
103235,7.17052E+18,7,2,31,134,2017,5,16,4,2,2,6,0,1,0,0,1,0,0,3.46734E+20,5.53747E+21,6.86266E+15,4.99699E+16
103236,7.17052E+18,7,2,31,24,2017,5,8,4,3,2,2,0,1,0,0,0,0,0,3.45561E+20,5.53584E+21,6.84698E+15,4.99549E+16
103237,7.17052E+18,7,2,35,152,2017,5,15,4,3,5,3,0,1,0,0,1,0,0,3.3241E+20,5.49602E+21,6.68095E+15,4.95935E+16
103238,7.17053E+18,7,3,38,16,2017,5,12,7,3,5,2,0,1,0,0,0,0,0,4.48767E+20,5.48313E+21,8.29245E+15,4.94987E+16
103239,7.17052E+18,7,1,43,291,2017,5,7,4,3,2,2,0,1,0,0,0,0,0,4.33499E+20,5.6127E+21,8.05908E+15,5.06624E+16
103240,7.17052E+18,7,1,43,292,2017,5,6,4,2,0,6,0,0,0,1,0,1,0,4.32443E+20,5.60294E+21,8.04592E+15,5.05744E+16
103241,7.17052E+18,7,1,32,67,2017,5,17,4,3,4,6,0,1,0,0,1,0,0,4.06314E+20,5.61828E+21,7.67312E+15,5.07088E+16
103242,7.17052E+18,7,1,38,45,2017,5,18,4,3,2,6,0,1,0,0,0,0,0,3.89772E+20,5.58866E+21,7.44771E+15,5.04396E+16
103243,7.17052E+18,7,1,38,45,2017,5,11,4,3,8,1,0,0,0,1,0,0,0,3.92069E+20,5.58932E+21,7.47985E+15,5.04459E+16
103244,7.17052E+18,7,1,35,66,2017,5,13,4,2,0,6,1,1,0,0,0,0,0,3.81629E+20,5.56041E+21,7.34194E+15,5.01841E+16
103245,7.17053E+18,7,3,14,0,2017,5,21,7,3,4,6,0,1,0,0,0,2,0,4.55412E+20,5.48315E+21,8.38421E+15,4.94993E+16
103246,7.17053E+18,7,3,39,5,2017,5,13,7,3,5,3,0,1,0,0,0,0,0,4.21357E+20,5.5335E+21,7.90382E+15,4.99486E+16
103247,7.17053E+18,7,1,33,93,2017,5,20,7,2,4,6,0,1,0,1,0,1,0,4.14454E+20,5.52941E+21,7.80853E+15,4.99109E+16
103248,7.17053E+18,7,1,33,39,2017,5,16,7,2,8,1,0,0,0,1,0,0,0,4.11098E+20,5.51413E+21,7.76531E+15,4.9773E+16
103249,7.17053E+18,7,1,33,117,2017,5,11,4,3,0,7,0,1,0,0,0,0,0,4.14866E+20,5.52209E+21,7.81588E+15,4.98452E+16
103250,7.17053E+18,7,3,31,18,2017,5,21,7,3,4,6,0,1,0,0,0,0,0,4.56706E+20,5.51092E+21,8.39903E+15,4.97492E+16
103251,7.17053E+18,7,3,31,30,2017,5,15,7,3,1,2,0,1,0,0,1,0,0,4.27614E+20,5.52099E+21,7.99335E+15,4.98369E+16
103252,7.17052E+18,7,1,31,51,2017,5,16,4,3,2,6,0,1,0,1,0,0,0,3.51148E+20,5.57605E+21,6.90912E+15,5.03177E+16
103253,7.17052E+18,7,1,40,9,2017,5,16,4,3,9,7,0,1,0,0,0,0,0,3.84875E+20,5.5462E+21,7.39168E+15,5.0057E+16
103254,7.17053E+18,7,2,33,42,2017,5,9,7,3,8,1,0,0,0,1,0,0,1,3.46171E+20,5.56206E+21,6.84493E+15,5.01907E+16
103255,7.17052E+18,7,1,40,9,2017,5,15,4,3,2,6,0,1,0,0,0,0,0,3.86843E+20,5.5454E+21,7.4194E+15,5.00501E+16
103256,7.17053E+18,7,2,32,288,2017,5,17,7,2,5,3,0,1,0,1,0,0,0,3.18682E+20,5.5715E+21,6.45569E+15,5.02677E+16
103257,7.17052E+18,7,1,40,127,2017,5,6,4,3,2,6,0,1,0,0,0,0,0,3.97068E+20,5.53592E+21,7.56472E+15,4.99668E+16
103258,7.17052E+18,7,1,40,80,2017,5,16,4,3,5,2,0,1,0,1,0,0,0,4.01296E+20,5.54812E+21,7.62051E+15,5.00772E+16
103259,7.17053E+18,7,2,32,236,2017,5,10,7,2,8,1,0,0,0,1,0,0,0,3.02665E+20,5.56167E+21,6.23631E+15,5.01743E+16
103260,7.17052E+18,7,1,37,203,2017,5,14,4,3,3,6,0,1,0,1,0,0,0,3.98246E+20,5.58647E+21,7.56759E+15,5.04214E+16
103261,7.17052E+18,7,1,11,0,2017,5,10,4,3,0,7,0,1,0,0,0,0,0,3.9926E+20,5.57861E+21,7.58397E+15,5.0351E+16
103262,7.17053E+18,7,2,32,19,2017,5,14,7,2,8,1,0,0,0,1,0,0,0,3.08564E+20,5.53159E+21,6.33385E+15,4.9906E+16
103263,7.17053E+18,7,1,34,73,2017,5,23,7,3,9,1,0,1,0,0,0,1,0,3.73632E+20,5.49373E+21,7.25176E+15,4.9583E+16
103264,7.17052E+18,7,1,31,7,2017,5,23,4,3,2,6,0,1,0,0,1,2,0,3.7014E+20,5.6003E+21,7.16734E+15,5.05402E+16
103265,7.17053E+18,7,1,34,15,2017,5,11,7,2,8,1,0,0,0,1,0,0,0,3.63974E+20,5.49882E+21,7.11646E+15,4.96266E+16
103266,7.17053E+18,7,2,35,60,2017,5,16,7,2,5,3,0,1,0,1,0,0,0,3.36451E+20,5.51974E+21,6.72688E+15,4.98078E+16
103267,7.17052E+18,7,1,37,86,2017,5,15,4,3,0,7,0,1,0,0,0,0,0,3.85069E+20,5.5764E+21,7.38525E+15,5.03285E+16
103268,7.17053E+18,7,2,11,0,2017,5,22,7,3,0,6,1,1,0,0,0,2,0,3.30498E+20,5.51557E+21,6.64603E+15,4.97687E+16
103269,7.17052E+18,7,3,40,20,2017,5,13,3,3,5,3,1,1,0,0,0,0,0,4.08998E+20,5.45027E+21,7.75083E+15,4.91985E+16
103270,7.17053E+18,7,2,11,0,2017,5,10,7,3,2,6,0,1,0,0,0,0,0,3.25601E+20,5.51016E+21,6.58051E+15,4.97187E+16
103271,7.17053E+18,7,1,41,51,2017,5,17,7,2,9,1,0,0,0,1,0,0,0,4.33159E+20,5.57114E+21,8.0617E+15,5.02886E+16
103272,7.17053E+18,7,1,41,54,2017,5,16,7,3,8,1,0,0,0,1,0,0,0,4.25263E+20,5.57194E+21,7.95072E+15,5.02949E+16
103273,7.17052E+18,7,3,17,0,2017,5,16,3,3,5,3,0,1,0,1,0,0,0,3.97375E+20,5.4535E+21,7.59051E+15,4.92257E+16
103274,7.17053E+18,7,1,41,29,2017,5,11,7,3,2,1,1,1,0,0,0,0,0,4.31156E+20,5.57912E+21,8.03213E+15,5.03601E+16
103275,7.17052E+18,7,3,40,32,2017,5,15,3,2,8,1,0,0,0,0,1,0,0,4.04656E+20,5.45171E+21,7.69092E+15,4.92108E+16
103276,7.17053E+18,7,3,19,0,2017,5,12,4,3,0,2,1,0,0,0,0,0,0,4.52863E+20,5.49789E+21,8.34725E+15,4.96317E+16
103277,7.17052E+18,7,3,12,0,2017,5,16,3,3,6,4,0,1,1,0,0,0,0,4.06642E+20,5.47699E+21,7.71226E+15,4.94384E+16
103278,7.17052E+18,7,3,12,0,2017,5,14,3,3,5,3,0,1,0,1,0,0,0,4.0702E+20,5.47374E+21,7.71823E+15,4.94092E+16
103279,7.17053E+18,7,3,39,30,2017,5,13,4,3,4,6,0,1,0,0,0,0,0,4.31947E+20,5.53736E+21,8.05072E+15,4.99847E+16
103280,7.17052E+18,7,3,34,501,2017,5,20,3,3,5,3,0,1,0,0,0,0,0,4.41669E+20,5.43384E+21,8.20162E+15,4.90547E+16
103281,7.17052E+18,7,3,13,0,2017,5,9,3,2,2,6,0,1,0,1,0,0,0,4.37185E+20,5.45194E+21,8.13743E+15,4.9217E+16
103282,7.17053E+18,7,3,39,30,2017,5,9,4,3,2,2,0,1,0,0,0,0,0,4.30457E+20,5.53728E+21,8.02995E+15,4.99838E+16
103283,7.17052E+18,7,3,37,20,2017,5,7,3,3,5,2,1,0,0,1,0,0,0,4.36677E+20,5.45981E+21,8.12922E+15,4.92877E+16
103284,7.17052E+18,7,3,18,0,2017,5,22,3,3,5,3,1,1,0,0,0,2,0,4.5834E+20,5.46411E+21,8.42665E+15,4.93283E+16
103285,7.17052E+18,7,3,38,23,2017,5,10,3,3,1,5,1,0,0,0,1,0,0,4.56062E+20,5.45922E+21,8.39584E+15,4.92842E+16
103286,7.17052E+18,7,3,38,18,2017,5,11,3,3,5,3,0,1,0,1,0,0,0,4.47474E+20,5.48114E+21,8.27485E+15,4.94807E+16
103287,7.17052E+18,7,3,38,4,2017,5,6,3,3,2,6,0,1,0,1,0,0,0,4.54105E+20,5.49166E+21,8.36518E+15,4.95758E+16
103288,7.17052E+18,7,3,14,0,2017,5,15,3,2,5,2,1,0,0,1,0,0,0,4.55067E+20,5.48273E+21,8.37949E+15,4.94956E+16
103289,7.17053E+18,7,1,41,68,2017,5,11,7,2,8,1,0,0,0,1,0,0,0,4.28055E+20,5.56798E+21,7.99067E+15,5.02596E+16
103290,7.17052E+18,7,3,14,0,2017,5,12,3,3,5,2,0,1,0,0,0,0,0,4.57037E+20,5.48495E+21,8.40646E+15,4.95156E+16
103291,7.17053E+18,7,1,43,6,2017,5,12,7,3,8,1,0,0,0,1,0,0,0,4.05979E+20,5.59409E+21,7.67451E+15,5.04912E+16
103292,7.17052E+18,7,1,33,6,2017,5,17,3,3,2,6,0,1,0,0,0,0,0,4.18017E+20,5.52153E+21,7.85981E+15,4.98406E+16
103293,7.17053E+18,7,1,43,70,2017,5,21,7,3,5,3,0,1,0,1,0,1,0,4.1302E+20,5.5929E+21,7.77403E+15,5.04816E+16
103294,7.17053E+18,7,1,43,20,2017,5,15,7,3,8,7,0,0,0,1,0,0,0,4.19235E+20,5.5781E+21,7.86479E+15,5.03495E+16
103295,7.17053E+18,7,1,43,24,2017,5,11,7,1,4,1,0,1,0,0,0,0,0,4.2012E+20,5.5882E+21,7.87508E+15,5.04403E+16
103296,7.17053E+18,7,1,32,6,2017,5,10,7,3,2,2,0,1,0,0,0,0,0,4.19898E+20,5.62758E+21,7.86346E+15,5.07944E+16
103297,7.17053E+18,7,3,39,30,2017,5,15,4,2,2,6,0,1,0,0,1,0,0,4.28952E+20,5.53683E+21,8.00905E+15,4.99796E+16
103298,7.17052E+18,7,3,33,17,2017,5,15,3,3,2,2,0,1,0,0,0,0,0,4.28754E+20,5.49541E+21,8.01388E+15,4.96071E+16
103299,7.17053E+18,7,3,15,0,2017,5,8,4,3,8,1,0,1,0,0,1,0,0,4.41853E+20,5.5381E+21,8.18878E+15,4.99924E+16
103300,7.17052E+18,7,3,31,72,2017,5,18,3,3,5,3,0,1,0,0,0,0,0,4.2444E+20,5.51841E+21,7.94973E+15,4.98134E+16
103301,7.17053E+18,7,2,33,229,2017,5,23,4,2,8,1,0,1,0,0,0,2,0,3.42521E+20,5.57901E+21,6.78679E+15,5.03421E+16
103302,7.17052E+18,7,3,39,39,2017,5,17,3,3,5,3,1,1,0,0,0,0,0,4.5056E+20,5.52816E+21,8.31151E+15,4.99038E+16
103303,7.17053E+18,7,2,32,3,2017,5,15,4,3,4,6,0,1,0,0,0,0,0,3.12782E+20,5.54432E+21,6.38634E+15,5.00217E+16
103304,7.17052E+18,7,3,15,0,2017,5,16,3,2,6,4,0,1,1,0,0,0,0,4.47656E+20,5.5352E+21,8.27012E+15,4.99669E+16
103305,7.17052E+18,7,3,15,0,2017,5,8,3,3,2,6,0,1,0,0,1,0,0,4.48913E+20,5.53791E+21,8.28729E+15,4.99913E+16
103306,7.17052E+18,7,3,15,0,2017,5,9,3,3,2,6,0,1,0,0,0,0,0,4.44809E+20,5.53505E+21,8.23044E+15,4.99652E+16
103307,7.17052E+18,7,2,32,295,2017,5,17,3,3,2,1,0,1,0,0,0,0,0,3.10038E+20,5.55923E+21,6.34066E+15,5.01548E+16
103308,7.17052E+18,7,2,32,263,2017,5,10,3,3,4,6,0,0,0,1,1,0,0,2.98414E+20,5.55857E+21,6.17849E+15,5.0145E+16
103309,7.17052E+18,7,2,31,53,2017,5,16,3,3,1,6,0,1,0,0,0,0,0,3.4289E+20,5.52699E+21,6.81337E+15,4.98747E+16
103310,7.17053E+18,7,1,31,58,2017,5,10,7,3,6,2,0,1,1,0,0,0,0,3.53955E+20,5.57776E+21,6.94784E+15,5.03338E+16
103311,7.17053E+18,7,2,31,502,2017,5,19,4,1,4,1,0,1,0,1,0,0,0,3.65027E+20,5.51661E+21,7.12489E+15,4.97868E+16
103312,7.17053E+18,7,1,31,1,2017,5,16,7,3,5,3,0,1,0,0,0,0,0,3.53918E+20,5.58307E+21,6.94528E+15,5.03815E+16
103313,7.17053E+18,7,1,34,45,2017,5,13,4,3,9,1,0,1,0,0,0,0,0,3.8092E+20,5.51058E+21,7.34742E+15,4.9736E+16
103314,7.17053E+18,7,1,37,105,2017,5,12,7,2,0,1,0,0,0,1,0,0,0,3.63896E+20,5.57819E+21,7.0873E+15,5.034E+16
103315,7.17053E+18,7,1,31,3,2017,5,19,7,2,4,1,0,0,0,1,0,0,0,3.57998E+20,5.59818E+21,6.9969E+15,5.05184E+16
103316,7.17052E+18,7,2,31,134,2017,5,13,3,3,0,3,0,1,0,0,0,0,0,3.47926E+20,5.53954E+21,6.87846E+15,4.99888E+16
103317,7.17053E+18,7,1,37,214,2017,5,15,7,2,7,1,1,0,0,0,0,0,0,3.88882E+20,5.56653E+21,7.44171E+15,5.02405E+16
103318,7.17052E+18,7,2,35,58,2017,5,15,3,3,3,6,0,1,0,0,0,0,0,3.41239E+20,5.50023E+21,6.80131E+15,4.96338E+16
103319,7.17053E+18,7,1,37,212,2017,5,14,7,3,9,1,0,0,0,0,1,0,0,3.89221E+20,5.57222E+21,7.4448E+15,5.02917E+16
103320,7.17052E+18,7,2,35,118,2017,5,21,3,3,8,1,0,1,0,0,0,2,0,3.24881E+20,5.49333E+21,6.57805E+15,4.95672E+16
103321,7.17053E+18,7,1,35,45,2017,5,10,7,3,2,6,0,1,0,0,1,0,0,3.6782E+20,5.56531E+21,7.14691E+15,5.02252E+16
103322,7.17053E+18,7,3,12,0,2017,5,18,6,3,4,2,0,1,0,0,0,0,0,4.08557E+20,5.47615E+21,7.73886E+15,4.94311E+16
103323,7.17052E+18,7,1,43,301,2017,5,18,3,2,8,1,0,1,0,0,0,0,0,4.08802E+20,5.6126E+21,7.70976E+15,5.06581E+16
103324,7.17053E+18,7,3,35,24,2017,5,16,6,2,9,1,0,1,0,0,0,0,0,3.98066E+20,5.48108E+21,7.59295E+15,4.94738E+16
103325,7.17053E+18,7,3,35,33,2017,5,11,6,3,8,1,0,0,0,0,1,0,0,4.02159E+20,5.48854E+21,7.64759E+15,4.95415E+16
103326,7.17052E+18,7,1,43,299,2017,5,17,3,3,5,3,0,1,0,1,0,0,0,4.16276E+20,5.61633E+21,7.81463E+15,5.06928E+16
103327,7.17053E+18,7,3,32,2,2017,5,11,6,3,5,2,0,1,0,0,1,0,0,4.43976E+20,5.47976E+21,8.22677E+15,4.94679E+16
103328,7.17052E+18,7,1,43,265,2017,5,16,3,3,9,6,0,0,0,1,0,0,0,4.14329E+20,5.61985E+21,7.78625E+15,5.07241E+16
103329,7.17053E+18,7,3,16,0,2017,5,17,6,3,4,1,1,1,0,0,0,0,0,4.3691E+20,5.46704E+21,8.13127E+15,4.93528E+16
103330,7.17053E+18,7,3,32,34,2017,5,11,6,1,4,6,0,1,0,1,0,0,0,4.34807E+20,5.47014E+21,8.10182E+15,4.93805E+16
103331,7.17052E+18,7,1,43,280,2017,5,16,3,3,4,2,0,1,0,0,0,0,0,4.22031E+20,5.61363E+21,7.89667E+15,5.06693E+16
103332,7.17052E+18,7,1,41,47,2017,5,15,3,3,9,6,0,1,0,0,1,0,0,4.11831E+20,5.56441E+21,7.76393E+15,5.02253E+16
103333,7.17052E+18,7,1,43,81,2017,5,12,3,2,8,1,0,1,0,0,0,0,0,4.11381E+20,5.58908E+21,7.75184E+15,5.04471E+16
103334,7.17052E+18,7,1,38,57,2017,5,17,3,2,9,1,0,1,0,0,0,0,0,4.00949E+20,5.6049E+21,7.60075E+15,5.05876E+16
103335,7.17052E+18,7,1,38,45,2017,5,14,3,3,5,3,1,1,0,0,0,0,0,3.91765E+20,5.5873E+21,7.47615E+15,5.04277E+16
103336,7.17052E+18,7,1,35,65,2017,5,17,3,2,8,1,1,0,0,0,0,0,0,3.83561E+20,5.56137E+21,7.36869E+15,5.01931E+16
103337,7.17053E+18,7,3,34,22,2017,5,11,6,3,3,6,0,1,0,0,1,0,0,4.49419E+20,5.44128E+21,8.30676E+15,4.91223E+16
103338,7.17052E+18,7,1,31,77,2017,5,13,3,3,9,5,0,1,0,0,1,0,0,3.74395E+20,5.59986E+21,7.2275E+15,5.05372E+16
103339,7.17053E+18,7,3,34,17,2017,5,16,6,2,5,3,1,1,0,0,0,0,0,4.52145E+20,5.45537E+21,8.34244E+15,4.92492E+16
103340,7.17052E+18,7,1,31,37,2017,5,19,3,2,8,1,0,0,0,1,0,0,0,3.59577E+20,5.58489E+21,7.02414E+15,5.03993E+16
103341,7.17052E+18,7,1,31,52,2017,5,16,3,1,4,6,0,0,0,1,1,0,0,3.44922E+20,5.58396E+21,6.81846E+15,5.03872E+16
103342,7.17053E+18,7,3,34,32,2017,5,13,6,3,4,2,0,1,0,1,0,0,0,4.48266E+20,5.45656E+21,8.28899E+15,4.92596E+16
103343,7.17052E+18,7,1,40,112,2017,5,11,3,3,1,5,0,1,0,1,0,0,0,4.08877E+20,5.55122E+21,7.7257E+15,5.01062E+16
103344,7.17052E+18,7,1,43,81,2017,5,19,3,3,8,7,0,1,0,0,0,0,0,4.1116E+20,5.59002E+21,7.7485E+15,5.04555E+16
103345,7.17053E+18,7,3,37,5,2017,5,11,6,3,2,2,0,1,0,0,0,0,0,4.26522E+20,5.43905E+21,7.99339E+15,4.90999E+16
103346,7.17053E+18,7,3,37,70,2017,5,2,6,2,8,1,0,1,0,0,0,2,0,4.35324E+20,5.46097E+21,8.11042E+15,4.9298E+16
103347,7.17052E+18,7,3,12,0,2017,5,16,2,3,3,6,0,1,0,1,0,0,0,4.07576E+20,5.47692E+21,7.72516E+15,4.94379E+16
103348,7.17052E+18,7,3,37,35,2017,5,17,2,3,0,1,0,0,0,1,1,0,0,4.39923E+20,5.45722E+21,8.17424E+15,4.92648E+16
103349,7.17053E+18,7,3,18,0,2017,5,16,6,3,5,3,0,1,0,0,0,0,0,4.58568E+20,5.46411E+21,8.42978E+15,4.93283E+16
103350,7.17053E+18,7,3,18,0,2017,5,12,6,3,0,7,1,0,0,0,0,0,0,4.58597E+20,5.46283E+21,8.43032E+15,4.93168E+16
103351,7.17052E+18,7,3,14,0,2017,5,10,2,3,5,7,0,1,0,0,0,0,0,4.55193E+20,5.48284E+21,8.38122E+15,4.94965E+16
103352,7.17053E+18,7,3,14,0,2017,5,11,6,3,2,6,0,1,0,0,0,0,0,4.54097E+20,5.481E+21,8.36631E+15,4.94799E+16
103353,7.17052E+18,7,1,33,52,2017,5,13,2,2,1,2,0,1,0,1,1,0,0,3.88954E+20,5.51629E+21,7.45725E+15,4.97888E+16
103354,7.17053E+18,7,1,33,94,2017,5,20,6,3,8,1,0,1,0,0,0,0,0,3.9535E+20,5.52244E+21,7.54442E+15,4.98452E+16
103355,7.17053E+18,7,3,39,62,2017,5,19,6,3,0,7,0,1,0,0,0,0,0,4.15292E+20,5.53366E+21,7.81926E+15,4.99493E+16
103356,7.17053E+18,7,3,39,5,2017,5,14,6,3,0,7,0,1,1,0,0,0,0,4.253E+20,5.53127E+21,7.9592E+15,4.99291E+16
103357,7.17052E+18,7,3,39,3,2017,5,19,2,3,8,1,0,0,0,1,0,0,0,4.08732E+20,5.54395E+21,7.7254E+15,5.00408E+16
103358,7.17053E+18,7,3,15,0,2017,5,20,6,2,0,1,0,1,0,1,0,0,0,4.43217E+20,5.54091E+21,8.20739E+15,5.00178E+16
103359,7.17053E+18,7,2,35,68,2017,5,16,4,2,2,6,0,0,0,1,1,0,0,3.25688E+20,5.50899E+21,6.58223E+15,4.97082E+16
103360,7.17052E+18,7,3,31,73,2017,5,10,2,2,8,1,0,0,0,1,0,0,0,4.34871E+20,5.51987E+21,8.09446E+15,4.98278E+16
103361,7.17053E+18,7,1,43,206,2017,5,11,4,3,5,3,0,1,0,1,0,0,0,4.2396E+20,5.61057E+21,7.92459E+15,5.06421E+16
103362,7.17052E+18,7,3,19,0,2017,5,20,2,3,1,5,0,1,0,0,0,0,0,4.51976E+20,5.49511E+21,8.33531E+15,4.96067E+16
103363,7.17053E+18,7,1,41,85,2017,5,17,4,2,8,1,0,1,0,0,0,0,0,4.16756E+20,5.56426E+21,7.833E+15,5.02246E+16
103364,7.17052E+18,7,3,39,64,2017,5,15,2,2,7,6,0,1,0,1,0,0,0,4.4738E+20,5.51752E+21,8.26867E+15,4.98079E+16
103365,7.17052E+18,7,3,39,42,2017,5,19,2,3,1,6,0,1,0,0,0,0,0,4.42685E+20,5.5294E+21,8.20167E+15,4.99142E+16
103366,7.17053E+18,7,1,43,19,2017,5,18,4,3,9,1,0,1,0,0,0,0,0,4.08801E+20,5.60449E+21,7.71174E+15,5.05852E+16
103367,7.17052E+18,7,3,15,0,2017,5,8,2,3,3,2,1,1,0,0,0,0,0,4.46689E+20,5.53864E+21,8.25616E+15,4.99977E+16
103368,7.17052E+18,7,2,33,501,2017,5,13,2,2,8,1,0,0,0,1,0,0,0,3.40668E+20,5.56513E+21,6.76662E+15,5.02169E+16
103369,7.17052E+18,7,2,32,88,2017,5,17,2,3,2,2,0,1,0,0,0,0,0,3.05989E+20,5.54371E+21,6.29191E+15,5.00141E+16
103370,7.17052E+18,7,2,32,85,2017,5,3,2,3,7,7,0,1,0,0,0,2,0,3.03929E+20,5.53931E+21,6.26544E+15,4.99739E+16
103371,7.17052E+18,7,2,31,53,2017,5,19,2,3,8,1,0,1,0,0,0,0,0,3.41246E+20,5.52742E+21,6.79032E+15,4.98781E+16
103372,7.17052E+18,7,2,11,0,2017,5,18,2,3,2,6,0,1,0,0,0,0,0,3.3377E+20,5.51942E+21,6.68979E+15,4.98042E+16
103373,7.17053E+18,7,2,31,74,2017,5,18,6,3,9,1,0,1,0,0,0,0,0,3.4786E+20,5.54927E+21,6.87368E+15,5.00762E+16
103374,7.17053E+18,7,1,43,27,2017,5,7,4,3,1,6,0,1,0,0,0,0,0,4.19794E+20,5.58821E+21,7.87049E+15,5.04404E+16
103375,7.17053E+18,7,1,38,41,2017,5,16,4,3,1,3,1,1,0,0,0,0,0,3.77799E+20,5.60335E+21,7.27436E+15,5.05693E+16
103376,7.17053E+18,7,2,31,136,2017,5,10,6,3,4,6,0,1,0,0,0,0,0,3.56405E+20,5.53677E+21,6.99771E+15,4.9966E+16
103377,7.17053E+18,7,2,31,503,2017,5,20,6,3,0,3,1,1,0,0,0,0,0,3.40196E+20,5.53952E+21,6.77071E+15,4.99866E+16
103378,7.17053E+18,7,2,35,103,2017,5,11,6,2,9,2,0,0,0,1,0,0,0,3.43577E+20,5.50467E+21,6.83189E+15,4.96743E+16
103379,7.17052E+18,7,2,35,85,2017,5,10,2,2,8,7,0,1,0,0,0,0,0,3.41207E+20,5.51206E+21,6.79607E+15,4.974E+16
103380,7.17053E+18,7,2,35,132,2017,5,18,6,3,4,6,0,1,0,1,1,0,0,3.20524E+20,5.50536E+21,6.51235E+15,4.96741E+16
103381,7.17052E+18,7,2,11,0,2017,5,7,2,2,5,2,1,1,0,0,0,0,0,3.31841E+20,5.51496E+21,6.66493E+15,4.97636E+16
103382,7.17053E+18,7,2,11,0,2017,5,5,6,3,5,3,0,1,0,0,0,0,0,3.27266E+20,5.51122E+21,6.60313E+15,4.97287E+16
103383,7.17053E+18,7,1,43,214,2017,5,8,6,3,2,2,0,1,0,0,0,0,0,4.33519E+20,5.61353E+21,8.05921E+15,5.06698E+16
103384,7.17052E+18,7,1,38,41,2017,5,16,2,3,4,2,0,1,0,1,0,0,0,3.80447E+20,5.60843E+21,7.31011E+15,5.06155E+16
103385,7.17053E+18,7,1,38,4,2017,5,16,6,2,5,3,0,1,0,1,0,0,0,3.85035E+20,5.59973E+21,7.37762E+15,5.05382E+16
103386,7.17053E+18,7,1,38,45,2017,5,8,6,3,3,2,0,1,0,0,1,0,0,3.91717E+20,5.5864E+21,7.47575E+15,5.04196E+16
103387,7.17052E+18,7,1,32,63,2017,5,14,2,3,2,6,0,1,0,0,0,0,0,4.17883E+20,5.63094E+21,7.83412E+15,5.08244E+16
103388,7.17053E+18,7,1,35,20,2017,5,13,6,3,8,1,0,0,0,1,0,0,0,3.68753E+20,5.55559E+21,7.16334E+15,5.0138E+16
103389,7.17053E+18,7,1,35,17,2017,5,12,6,2,4,6,0,0,0,1,0,0,0,3.74026E+20,5.55438E+21,7.23749E+15,5.01283E+16