OBJECTID,UIDENTSTLA,ULAND,UREGBEZ,UKREIS,UGEMEINDE,UJAHR,UMONAT,USTUNDE,UWOCHENTAG,UKATEGORIE,UART,UTYP1,IstRad,IstPKW,IstFuss,IstKrad,IstSonstig,LICHT,STRZUSTAND,LINREFX,LINREFY,XGCSWGS84,YGCSWGS84
103390,7.17053E+18,7,1,35,49,2017,5,10,6,2,2,6,1,0,0,0,0,0,0,3.72575E+20,5.55891E+21,7.21569E+15,5.01687E+16
103391,7.17053E+18,7,1,38,62,2017,5,14,4,3,1,7,0,1,0,0,0,0,0,3.74003E+20,5.60944E+21,7.21873E+15,5.06232E+16
103392,7.17053E+18,7,1,35,18,2017,5,3,6,3,9,7,0,1,0,0,0,2,0,3.62573E+20,5.56016E+21,7.07526E+15,5.01777E+16
103393,7.17053E+18,7,1,31,22,2017,5,13,6,3,2,2,0,0,0,1,0,0,0,3.47388E+20,5.58867E+21,6.85121E+15,5.04302E+16
103394,7.17053E+18,7,1,32,18,2017,5,19,4,3,4,6,0,1,0,1,0,0,0,4.28795E+20,5.62019E+21,7.9911E+15,5.07291E+16
103395,7.17053E+18,7,1,31,7,2017,5,16,6,3,1,6,0,1,0,0,1,0,0,3.67906E+20,5.60131E+21,7.13546E+15,5.05488E+16
103396,7.17053E+18,7,1,31,83,2017,5,12,4,3,0,7,0,1,0,0,0,0,0,3.51556E+20,5.57838E+21,6.91392E+15,5.03387E+16
103397,7.17053E+18,7,1,37,57,2017,5,20,6,3,8,2,0,1,0,0,1,0,0,3.80673E+20,5.58334E+21,7.32131E+15,5.039E+16
103398,7.17053E+18,7,1,37,3,2017,5,15,6,3,3,6,1,1,0,0,0,0,0,3.86787E+20,5.58505E+21,7.40677E+15,5.04066E+16
103399,7.17052E+18,7,1,31,74,2017,5,7,2,2,8,1,0,1,0,0,0,0,0,3.48589E+20,5.59016E+21,6.8675E+15,5.04439E+16
103400,7.17053E+18,7,1,41,75,2017,5,16,6,2,8,1,0,1,0,0,0,0,0,4.03835E+20,5.57246E+21,7.64983E+15,5.02964E+16
103401,7.17052E+18,7,1,31,3,2017,5,9,2,3,4,6,0,1,0,0,0,0,0,3.5802E+20,5.598E+21,6.99728E+15,5.05167E+16
103402,7.17053E+18,7,1,40,205,2017,5,14,6,2,8,1,0,0,0,1,0,0,0,3.89171E+20,5.56357E+21,7.44661E+15,5.02139E+16
103403,7.17052E+18,7,1,37,216,2017,5,19,2,3,2,6,0,1,0,0,0,0,0,3.9338E+20,5.58435E+21,7.49973E+15,5.04015E+16
103404,7.17053E+18,7,1,37,203,2017,5,15,6,2,9,1,0,0,0,1,0,0,0,3.99205E+20,5.59213E+21,7.57957E+15,5.04725E+16
103405,7.17052E+18,7,1,37,228,2017,5,8,2,3,6,4,0,1,1,0,0,0,0,3.9049E+20,5.58595E+21,7.4586E+15,5.04154E+16
103406,7.17052E+18,7,1,11,0,2017,5,16,2,2,2,6,0,1,0,0,0,0,0,3.99421E+20,5.57829E+21,7.58632E+15,5.03481E+16
103407,7.17053E+18,7,3,40,4,2017,5,3,5,2,8,1,1,0,0,0,0,2,0,4.12552E+20,5.44564E+21,7.80062E+15,4.91574E+16
103408,7.17053E+18,7,3,40,8,2017,5,15,5,3,8,1,0,0,0,1,0,0,0,3.93747E+20,5.44223E+21,7.54369E+15,4.91237E+16
103409,7.17052E+18,7,1,38,23,2017,5,17,2,3,8,1,0,1,0,0,0,0,0,4.04959E+20,5.59766E+21,7.65923E+15,5.05232E+16
103410,7.17051E+18,7,3,40,32,2017,5,15,1,3,4,6,1,1,0,0,0,0,0,4.04921E+20,5.45181E+21,7.69453E+15,4.92117E+16
103411,7.17053E+18,7,3,32,5,2017,5,16,5,3,5,2,0,1,0,1,0,0,0,4.3864E+20,5.48582E+21,8.15219E+15,4.95219E+16
103412,7.17051E+18,7,3,35,3,2017,5,17,1,2,8,1,0,0,0,1,0,0,0,3.87635E+20,5.47402E+21,7.45102E+15,4.94085E+16
103413,7.17053E+18,7,3,32,2,2017,5,15,5,3,9,1,0,0,0,1,0,0,0,4.26311E+20,5.47686E+21,7.98353E+15,4.94399E+16
103414,7.17051E+18,7,3,35,38,2017,5,3,1,3,8,1,0,1,0,0,0,2,0,3.95289E+20,5.47732E+21,7.55562E+15,4.94395E+16
103415,7.17053E+18,7,3,32,19,2017,5,13,5,3,2,1,1,0,0,1,0,0,0,4.41866E+20,5.48289E+21,8.19719E+15,4.94959E+16
103416,7.17053E+18,7,3,34,13,2017,5,18,5,3,4,2,0,1,0,0,0,0,0,4.41022E+20,5.43727E+21,8.19228E+15,4.90855E+16
103417,7.17051E+18,7,3,14,0,2017,5,23,1,3,5,3,0,1,0,0,0,2,1,4.57038E+20,5.48496E+21,8.40647E+15,4.95157E+16
103418,7.17053E+18,7,3,34,9,2017,5,17,5,3,8,7,1,0,0,0,0,0,0,4.4446E+20,5.44084E+21,8.23886E+15,4.91179E+16
103419,7.17051E+18,7,3,14,0,2017,5,14,1,3,1,6,0,1,0,0,0,0,0,4.59542E+20,5.48028E+21,8.44154E+15,4.94739E+16
103420,7.17051E+18,7,1,33,46,2017,5,16,1,2,5,3,0,1,0,1,1,0,1,3.91215E+20,5.51621E+21,7.48867E+15,4.97885E+16
103421,7.17053E+18,7,1,31,90,2017,5,15,4,3,5,3,0,1,0,0,0,0,0,3.65251E+20,5.60386E+21,7.09709E+15,5.05711E+16
103422,7.17051E+18,7,1,33,99,2017,5,13,1,3,9,1,0,1,0,0,0,0,1,4.0705E+20,5.52765E+21,7.70585E+15,4.9894E+16
103423,7.17051E+18,7,3,31,3,2017,5,13,1,3,9,6,0,1,0,0,0,0,0,4.31555E+20,5.51165E+21,8.04981E+15,4.97534E+16
103424,7.17053E+18,7,1,37,65,2017,5,9,4,3,2,6,0,1,0,0,0,0,0,3.86634E+20,5.57623E+21,7.40729E+15,5.03273E+16
103425,7.17051E+18,7,3,31,55,2017,5,20,1,2,5,3,0,1,0,1,0,0,1,4.51339E+20,5.50601E+21,8.32513E+15,4.97046E+16
103426,7.17051E+18,7,3,15,0,2017,5,11,1,3,9,1,1,0,0,0,0,0,0,4.45866E+20,5.53851E+21,8.2447E+15,4.99965E+16
103427,7.17053E+18,7,1,40,10,2017,5,18,4,2,3,6,0,1,0,1,0,0,0,3.89851E+20,5.55126E+21,7.45971E+15,5.01034E+16
103428,7.17051E+18,7,2,33,83,2017,5,20,1,2,8,1,0,1,0,0,0,1,1,3.33567E+20,5.57963E+21,6.66077E+15,5.03452E+16
103429,7.17051E+18,7,2,33,218,2017,5,18,1,3,2,2,0,1,0,0,0,0,0,3.51537E+20,5.57244E+21,6.91599E+15,5.02854E+16
103430,7.17051E+18,7,2,32,36,2017,5,13,1,3,9,1,0,1,0,0,0,0,0,3.14386E+20,5.53981E+21,6.41088E+15,4.99817E+16
103431,7.17051E+18,7,2,31,502,2017,5,2,1,3,0,7,0,1,0,0,0,2,0,3.63292E+20,5.51901E+21,7.09995E+15,4.98079E+16
103432,7.17051E+18,7,2,11,0,2017,5,2,1,2,8,1,0,1,0,0,0,2,0,3.27528E+20,5.51603E+21,6.60463E+15,4.97719E+16
103433,7.17051E+18,7,1,43,232,2017,5,20,1,2,8,1,0,1,0,0,0,0,1,4.21907E+20,5.597E+21,7.8984E+15,5.05197E+16
103434,7.17051E+18,7,1,41,24,2017,5,17,1,3,4,6,0,1,0,1,0,0,1,4.07503E+20,5.56105E+21,7.7041E+15,5.01944E+16
103435,7.17051E+18,7,1,35,17,2017,5,15,1,2,8,1,0,0,0,1,0,0,0,3.76087E+20,5.55248E+21,7.26693E+15,5.01116E+16
103436,7.17051E+18,7,1,35,52,2017,5,13,1,3,1,5,0,1,0,0,0,0,0,3.62526E+20,5.56652E+21,7.07229E+15,5.02348E+16
103437,7.17053E+18,7,3,37,52,2017,5,23,5,3,0,1,1,0,0,0,0,2,0,4.37791E+20,5.46184E+21,8.14422E+15,4.93062E+16
103438,7.17053E+18,7,3,13,0,2017,5,12,5,3,0,1,0,0,0,1,0,0,0,4.38055E+20,5.44842E+21,8.14993E+15,4.91854E+16
103439,7.17053E+18,7,1,37,228,2017,5,10,4,3,2,6,0,1,0,0,1,0,0,3.89777E+20,5.58613E+21,7.44852E+15,5.04169E+16
103440,7.17053E+18,7,3,13,0,2017,5,11,5,3,2,6,0,1,0,0,0,0,0,4.37562E+20,5.45157E+21,8.14267E+15,4.92138E+16
103441,7.17053E+18,7,1,11,0,2017,5,12,4,3,2,6,0,1,0,0,0,0,0,3.99579E+20,5.58015E+21,7.58804E+15,5.03649E+16
103442,7.17053E+18,7,3,38,25,2017,5,22,5,2,4,6,1,0,0,1,0,2,0,4.54851E+20,5.46622E+21,8.37839E+15,4.9347E+16
103443,7.17053E+18,7,3,33,62,2017,5,0,5,3,7,1,0,0,0,0,1,2,0,4.33266E+20,5.50239E+21,8.07513E+15,4.96703E+16
103444,7.17053E+18,7,3,31,18,2017,5,15,5,2,3,6,1,0,0,1,0,0,0,4.58121E+20,5.51098E+21,8.41866E+15,4.97499E+16
103445,7.17053E+18,7,3,15,0,2017,5,9,5,3,3,6,0,1,0,1,0,0,0,4.44194E+20,5.54209E+21,8.22086E+15,5.00285E+16
103446,7.17051E+18,7,1,31,211,2017,5,9,1,2,2,6,1,1,0,0,0,0,0,3.70588E+20,5.58648E+21,7.17844E+15,5.04161E+16
103447,7.17053E+18,7,2,31,124,2017,5,14,5,2,3,1,1,0,0,0,0,0,0,3.65358E+20,5.53454E+21,7.12325E+15,4.99481E+16
103448,7.17051E+18,7,1,11,0,2017,5,18,1,3,0,7,0,1,0,0,0,0,0,3.99153E+20,5.58062E+21,7.58193E+15,5.0369E+16
103449,7.17053E+18,7,2,33,5,2017,5,15,5,3,7,7,0,0,0,1,0,0,0,3.35467E+20,5.57562E+21,6.68922E+15,5.03097E+16
103450,7.17053E+18,7,2,32,209,2017,5,13,5,2,2,6,0,0,0,1,0,0,0,3.26613E+20,5.56556E+21,6.56959E+15,5.02168E+16
103451,7.17051E+18,7,1,43,21,2017,5,18,1,3,2,6,0,1,0,1,0,1,1,4.22309E+20,5.58911E+21,7.90571E+15,5.04488E+16
103452,7.17053E+18,7,2,32,263,2017,5,12,5,3,8,1,0,0,0,1,0,0,0,2.98193E+20,5.5618E+21,6.17369E+15,5.0174E+16
103453,7.17053E+18,7,2,31,79,2017,5,18,5,3,5,2,0,1,0,1,0,0,0,3.54254E+20,5.50709E+21,6.97888E+15,4.96987E+16
103454,7.17051E+18,7,3,40,502,2017,5,10,7,3,1,5,0,1,0,0,0,0,0,4.12933E+20,5.43901E+21,7.80727E+15,4.90978E+16
103455,7.17053E+18,7,1,43,295,2017,5,2,5,3,4,6,0,1,0,0,0,2,0,4.33617E+20,5.61492E+21,8.06036E+15,5.06823E+16
103456,7.17053E+18,7,1,43,240,2017,5,18,5,3,0,3,1,1,0,0,0,0,0,4.12988E+20,5.61669E+21,7.76801E+15,5.06956E+16
103457,7.17051E+18,7,3,33,3,2017,5,10,7,1,4,2,0,1,0,0,0,0,0,4.14546E+20,5.50954E+21,7.81419E+15,4.97323E+16
103458,7.17053E+18,7,1,43,240,2017,5,16,5,2,4,6,0,0,0,1,0,0,0,4.13509E+20,5.61731E+21,7.77524E+15,5.07012E+16
103459,7.17053E+18,7,1,43,236,2017,5,12,5,3,2,2,0,1,0,1,0,0,0,4.11761E+20,5.61922E+21,7.75003E+15,5.0718E+16
103460,7.17051E+18,7,3,35,19,2017,5,15,7,2,8,1,0,0,0,1,0,0,0,3.97285E+20,5.48618E+21,7.58085E+15,4.95195E+16
103461,7.17051E+18,7,3,14,0,2017,5,14,7,3,2,6,0,1,0,0,0,0,0,4.53473E+20,5.48203E+21,8.35756E+15,4.94891E+16
103462,7.17051E+18,7,3,32,23,2017,5,0,7,3,9,1,0,1,0,0,0,2,0,4.44806E+20,5.48819E+21,8.23705E+15,4.95438E+16
103463,7.17051E+18,7,3,37,79,2017,5,12,7,2,8,1,0,0,0,1,0,0,0,4.19386E+20,5.44236E+21,7.89498E+15,4.91287E+16
103464,7.17051E+18,7,3,38,8,2017,5,13,7,3,1,6,0,1,0,0,0,0,0,4.48598E+20,5.47915E+21,8.29063E+15,4.94629E+16
103465,7.17053E+18,7,1,11,0,2017,5,18,4,3,2,6,0,1,0,0,0,0,0,4.00834E+20,5.57877E+21,7.60605E+15,5.03527E+16
103466,7.17051E+18,7,3,14,0,2017,5,10,7,3,2,2,0,1,0,0,0,0,0,4.53305E+20,5.48219E+21,8.35523E+15,4.94905E+16
103467,7.17051E+18,7,3,14,0,2017,5,10,7,3,1,6,0,1,0,0,0,0,0,4.52395E+20,5.482E+21,8.3427E+15,4.94888E+16
103468,7.17053E+18,7,1,38,12,2017,5,10,4,3,9,6,0,1,0,0,1,0,0,4.04979E+20,5.59768E+21,7.6595E+15,5.05234E+16
103469,7.17051E+18,7,3,39,21,2017,5,14,7,3,2,6,0,1,0,0,0,0,1,4.23556E+20,5.52868E+21,7.93541E+15,4.99056E+16
103470,7.17051E+18,7,3,31,5,2017,5,22,7,2,0,7,0,0,0,1,0,2,0,4.29046E+20,5.50909E+21,8.01545E+15,4.97301E+16
103471,7.17051E+18,7,3,39,64,2017,5,20,7,3,8,1,0,1,0,0,0,0,0,4.47627E+20,5.51807E+21,8.27204E+15,4.98128E+16
103472,7.17051E+18,7,3,15,0,2017,5,19,7,3,6,4,0,1,1,0,0,0,0,4.46808E+20,5.53882E+21,8.2578E+15,4.99994E+16
103473,7.17053E+18,7,1,41,29,2017,5,12,5,3,0,1,0,0,0,1,0,0,0,4.29306E+20,5.57987E+21,8.00599E+15,5.03667E+16
103474,7.17051E+18,7,3,15,0,2017,5,10,7,3,2,6,0,1,0,0,0,0,0,4.42002E+20,5.5395E+21,8.19065E+15,5.0005E+16
103475,7.17053E+18,7,3,40,12,2017,5,17,3,3,5,3,0,1,0,0,0,0,0,4.03332E+20,5.46455E+21,7.66964E+15,4.9326E+16
103476,7.17051E+18,7,2,32,322,2017,5,18,7,2,9,1,0,1,0,0,0,0,0,3.12072E+20,5.55235E+21,6.37249E+15,5.00937E+16
103477,7.17053E+18,7,3,35,22,2017,5,12,3,3,4,2,0,1,0,0,0,0,0,3.95271E+20,5.47272E+21,7.55659E+15,4.93982E+16
103478,7.17051E+18,7,2,32,307,2017,5,18,7,3,9,1,0,0,0,1,0,0,0,3.22146E+20,5.55772E+21,6.5107E+15,5.0145E+16
103479,7.17051E+18,7,1,38,71,2017,5,14,7,3,2,6,0,1,0,0,0,0,0,3.94756E+20,5.59969E+21,7.51476E+15,5.05397E+16
103480,7.17053E+18,7,3,35,203,2017,5,5,3,3,1,5,0,1,0,0,1,0,0,3.89176E+20,5.46914E+21,7.47361E+15,4.93649E+16
103481,7.17051E+18,7,1,32,6,2017,5,13,7,2,1,3,1,1,0,0,0,0,0,4.19871E+20,5.62767E+21,7.86305E+15,5.07952E+16
103482,7.17051E+18,7,1,32,7,2017,5,12,7,3,8,1,0,0,0,1,0,0,0,4.02566E+20,5.62277E+21,7.61887E+15,5.07486E+16
103483,7.17053E+18,7,3,12,0,2017,5,13,3,3,2,7,0,1,0,0,0,0,0,4.10045E+20,5.47641E+21,7.75932E+15,4.94337E+16
103484,7.17051E+18,7,1,35,91,2017,5,17,7,3,7,7,0,0,0,1,0,0,0,3.55175E+20,5.55795E+21,6.97255E+15,5.0156E+16
103485,7.17051E+18,7,1,31,55,2017,5,10,7,3,3,6,0,1,0,1,1,0,0,3.73916E+20,5.59114E+21,7.22369E+15,5.04587E+16
103486,7.17051E+18,7,1,37,211,2017,5,16,7,3,1,6,0,1,0,0,0,0,0,3.90598E+20,5.58488E+21,7.46044E+15,5.04058E+16
103487,7.17051E+18,7,1,38,45,2017,5,9,7,1,0,7,0,1,0,0,1,0,0,3.97325E+20,5.58741E+21,7.55437E+15,5.04298E+16
103488,7.17051E+18,7,1,38,12,2017,5,15,7,3,8,1,0,1,0,0,0,0,0,4.01038E+20,5.59859E+21,7.60369E+15,5.05309E+16
103489,7.17053E+18,7,3,12,0,2017,5,17,3,3,2,6,0,1,0,0,1,0,0,4.56142E+20,5.48854E+21,8.39369E+15,4.95479E+16
103490,7.17053E+18,7,1,43,45,2017,5,20,5,2,4,6,0,1,0,0,0,0,0,4.07741E+20,5.60366E+21,7.69697E+15,5.05775E+16
103491,7.17053E+18,7,1,38,57,2017,5,12,5,2,9,1,0,0,0,1,0,0,0,4.02502E+20,5.60498E+21,7.62266E+15,5.05885E+16
103492,7.17053E+18,7,1,38,41,2017,5,17,5,3,5,3,0,1,0,1,0,0,0,3.8037E+20,5.60795E+21,7.30917E+15,5.06112E+16
103493,7.17053E+18,7,1,38,4,2017,5,17,5,2,9,1,0,0,0,1,0,0,0,3.8491E+20,5.59953E+21,7.37592E+15,5.05364E+16
103494,7.17051E+18,7,3,40,54,2017,5,14,6,2,4,2,0,1,0,0,0,0,0,4.00598E+20,5.45919E+21,7.63335E+15,4.92774E+16
103495,7.17053E+18,7,1,38,41,2017,5,14,5,3,2,1,0,1,0,1,0,0,0,3.78058E+20,5.60295E+21,7.27815E+15,5.05658E+16
103496,7.17053E+18,7,1,38,41,2017,5,11,5,3,0,1,0,0,0,1,0,0,0,3.79792E+20,5.60578E+21,7.30172E+15,5.05916E+16
103497,7.17051E+18,7,3,40,222,2017,5,14,6,3,8,1,0,1,0,0,0,0,0,3.89743E+20,5.45555E+21,7.48517E+15,4.92428E+16
103498,7.17053E+18,7,1,32,54,2017,5,13,5,2,4,6,0,1,0,1,0,0,0,4.12641E+20,5.62707E+21,7.76062E+15,5.07888E+16
103499,7.17053E+18,7,1,32,58,2017,5,17,5,2,8,1,0,1,0,0,0,0,0,4.08878E+20,5.6197E+21,7.70908E+15,5.07219E+16
103500,7.17053E+18,7,1,35,57,2017,5,15,5,3,4,6,0,1,0,1,0,0,0,3.556E+20,5.55289E+21,6.98041E+15,5.01107E+16
103501,7.17053E+18,7,1,37,35,2017,5,14,5,3,0,3,0,1,0,1,0,0,0,3.58394E+20,5.58175E+21,7.00868E+15,5.03707E+16
103502,7.17051E+18,7,3,20,0,2017,5,7,6,3,9,1,0,1,0,0,0,0,1,3.8353E+20,5.45366E+21,7.40039E+15,4.92247E+16
103503,7.17053E+18,7,1,40,125,2017,5,19,5,3,0,7,1,0,0,0,0,0,0,4.05044E+20,5.54065E+21,7.67473E+15,5.00106E+16
103504,7.17053E+18,7,1,40,153,2017,5,19,5,2,8,1,0,0,0,1,0,0,0,3.87769E+20,5.54983E+21,7.43102E+15,5.00901E+16
103505,7.17051E+18,7,3,12,0,2017,5,13,6,3,2,6,0,1,0,0,1,0,0,4.0715E+20,5.47691E+21,7.71929E+15,4.94377E+16
103506,7.17051E+18,7,3,12,0,2017,5,8,6,3,8,1,0,1,0,0,0,1,1,4.05657E+20,5.46994E+21,7.70035E+15,4.93748E+16
103507,7.17051E+18,7,3,35,33,2017,5,13,6,3,8,1,0,0,0,0,1,0,0,4.02148E+20,5.48845E+21,7.64745E+15,4.95408E+16
103508,7.17051E+18,7,3,16,0,2017,5,13,6,3,2,6,0,1,0,0,0,0,0,4.3843E+20,5.46786E+21,8.15208E+15,4.93603E+16
103509,7.17051E+18,7,3,13,0,2017,5,17,6,3,5,2,0,1,0,0,0,0,0,4.36239E+20,5.44966E+21,8.12481E+15,4.91964E+16
103510,7.17051E+18,7,3,18,0,2017,5,14,6,3,0,1,1,0,0,0,0,0,0,4.58539E+20,5.46343E+21,8.42946E+15,4.93222E+16
103511,7.17051E+18,7,3,18,0,2017,5,8,6,3,5,3,0,1,0,0,0,0,1,4.57024E+20,5.46502E+21,8.40844E+15,4.93364E+16
103512,7.17053E+18,7,1,40,112,2017,5,14,5,2,5,2,0,1,0,1,0,0,0,4.08696E+20,5.5518E+21,7.72303E+15,5.01114E+16
103513,7.17051E+18,7,3,38,3,2017,5,7,6,3,5,3,0,1,0,0,1,0,1,4.46876E+20,5.48108E+21,8.26661E+15,4.94801E+16
103514,7.17052E+18,7,3,33,502,2017,5,7,4,3,8,1,0,1,0,0,0,0,0,4.17821E+20,5.49962E+21,7.86171E+15,4.96435E+16
103515,7.17051E+18,7,3,14,0,2017,5,14,6,3,5,7,0,1,0,0,0,0,0,4.59076E+20,5.4787E+21,8.43527E+15,4.94596E+16
103516,7.17052E+18,7,3,12,0,2017,5,15,4,3,2,6,0,1,0,0,0,0,0,4.14658E+20,5.47927E+21,7.82231E+15,4.94601E+16
103517,7.17051E+18,7,3,39,4,2017,5,14,6,2,8,1,0,1,0,0,0,0,0,4.26669E+20,5.52172E+21,7.98008E+15,4.98434E+16
103518,7.17052E+18,7,3,12,0,2017,5,13,4,2,6,2,0,1,1,0,0,0,0,4.1088E+20,5.48157E+21,7.76967E+15,4.94802E+16
103519,7.17052E+18,7,3,16,0,2017,5,13,4,2,5,3,0,1,0,1,0,0,0,4.38418E+20,5.46731E+21,8.152E+15,4.93554E+16
103520,7.17051E+18,7,1,33,6,2017,5,18,6,3,1,6,0,1,0,0,0,0,0,4.21463E+20,5.52231E+21,7.90756E+15,4.98481E+16
103521,7.17052E+18,7,3,34,28,2017,5,11,4,3,5,3,0,1,0,0,1,0,0,4.51864E+20,5.45738E+21,8.33834E+15,4.92673E+16
103522,7.17052E+18,7,3,18,0,2017,5,13,4,3,5,2,1,1,0,0,0,0,0,4.5867E+20,5.46305E+21,8.4313E+15,4.93188E+16
103523,7.17051E+18,7,1,33,13,2017,5,18,6,3,8,1,0,1,0,0,0,0,1,4.03631E+20,5.52336E+21,7.65934E+15,4.98549E+16
103524,7.17051E+18,7,1,33,35,2017,5,18,6,3,9,1,0,1,0,0,0,0,1,4.17532E+20,5.52693E+21,7.85192E+15,4.98891E+16
103525,7.17052E+18,7,3,38,5,2017,5,18,4,3,8,1,0,0,0,1,0,0,0,4.50618E+20,5.4694E+21,8.31973E+15,4.93753E+16
103526,7.17052E+18,7,3,38,20,2017,5,17,4,3,5,3,0,1,0,1,0,0,0,4.57918E+20,5.47448E+21,8.41974E+15,4.94216E+16
103527,7.17051E+18,7,3,19,0,2017,5,18,6,3,0,1,0,1,0,1,0,0,0,4.52929E+20,5.49725E+21,8.34824E+15,4.96259E+16
103528,7.17052E+18,7,1,33,6,2017,5,18,4,3,2,6,0,1,0,0,1,0,0,4.17161E+20,5.51875E+21,7.84851E+15,4.98155E+16
103529,7.17052E+18,7,3,31,55,2017,5,17,4,3,5,3,0,1,0,0,0,0,0,4.51857E+20,5.506E+21,8.33232E+15,4.97046E+16
103530,7.17051E+18,7,3,19,0,2017,5,17,6,3,5,2,1,1,0,0,0,0,0,4.52947E+20,5.49786E+21,8.34841E+15,4.96314E+16
103531,7.17052E+18,7,3,19,0,2017,5,8,4,3,2,6,0,1,0,0,0,0,0,4.50276E+20,5.4949E+21,8.31181E+15,4.96046E+16
103532,7.17051E+18,7,3,15,0,2017,5,19,6,3,0,6,0,0,0,0,1,0,0,4.50546E+20,5.5347E+21,8.31047E+15,4.99626E+16
103533,7.17052E+18,7,3,39,19,2017,5,19,4,2,3,6,0,1,0,1,0,0,0,4.2936E+20,5.53501E+21,8.01508E+15,4.99632E+16
103534,7.17052E+18,7,3,15,0,2017,5,9,4,3,5,3,0,1,0,0,1,0,0,4.44316E+20,5.53857E+21,8.22306E+15,4.99968E+16
103535,7.17051E+18,7,3,15,0,2017,5,3,6,3,2,6,0,1,0,0,1,2,1,4.49549E+20,5.53581E+21,8.29643E+15,4.99725E+16
103536,7.17051E+18,7,3,31,3,2017,5,12,6,1,2,6,0,0,0,0,1,0,0,4.34517E+20,5.51244E+21,8.09079E+15,4.97609E+16
103537,7.17051E+18,7,3,31,1,2017,5,11,6,1,8,7,0,0,0,0,1,0,0,4.36184E+20,5.51419E+21,8.11364E+15,4.97768E+16
103538,7.17051E+18,7,2,32,296,2017,5,13,6,3,2,6,0,1,0,0,0,0,0,3.15441E+20,5.56408E+21,6.41386E+15,5.02001E+16
103539,7.17051E+18,7,2,32,223,2017,5,11,6,2,8,1,0,1,0,0,0,0,0,3.2073E+20,5.56592E+21,6.48704E+15,5.02183E+16
103540,7.17053E+18,7,3,32,9,2017,5,11,3,3,9,1,0,1,0,0,0,0,0,4.41001E+20,5.47341E+21,8.18666E+15,4.94105E+16
103541,7.17051E+18,7,2,31,107,2017,5,18,6,3,8,7,0,1,0,0,0,0,0,3.53179E+20,5.53371E+21,6.95391E+15,4.99377E+16
103542,7.17051E+18,7,2,31,113,2017,5,9,6,3,5,2,1,1,0,0,0,0,0,3.4565E+20,5.53269E+21,6.84948E+15,4.99266E+16
103543,7.17053E+18,7,3,37,58,2017,5,17,3,3,8,1,0,1,0,0,0,0,0,4.31159E+20,5.43875E+21,8.05696E+15,4.90978E+16
103544,7.17051E+18,7,1,43,242,2017,5,15,6,3,2,2,0,1,0,0,0,0,0,4.28306E+20,5.60799E+21,7.98654E+15,5.06194E+16
103545,7.17051E+18,7,1,43,242,2017,5,11,6,3,4,6,0,1,0,0,1,0,0,4.28093E+20,5.60693E+21,7.98373E+15,5.06099E+16
103546,7.17051E+18,7,1,43,32,2017,5,11,6,2,8,1,0,1,0,0,1,0,0,4.05667E+20,5.58974E+21,7.67121E+15,5.04521E+16
103547,7.17051E+18,7,1,43,21,2017,5,8,6,3,5,3,0,1,0,0,0,0,0,4.24422E+20,5.58805E+21,7.93568E+15,5.04396E+16
103548,7.17051E+18,7,1,38,59,2017,5,12,6,3,2,2,0,1,0,0,0,0,0,4.02822E+20,5.60344E+21,7.62758E+15,5.05748E+16
103549,7.17052E+18,7,3,15,0,2017,5,17,4,2,2,6,0,1,0,0,0,0,0,4.47982E+20,5.53593E+21,8.27457E+15,4.99735E+16
103550,7.17052E+18,7,3,15,0,2017,5,15,4,3,5,3,0,1,0,0,0,0,0,4.38498E+20,5.52139E+21,8.14463E+15,4.98418E+16
103551,7.17052E+18,7,2,31,53,2017,5,10,4,2,2,6,0,1,0,0,1,0,0,3.44422E+20,5.52706E+21,6.83464E+15,4.98757E+16
103552,7.17052E+18,7,2,32,81,2017,5,17,4,3,8,1,0,0,0,1,0,0,0,3.26675E+20,5.53892E+21,6.58253E+15,4.99774E+16
103553,7.17052E+18,7,2,31,31,2017,5,14,4,3,2,6,0,1,0,0,0,0,0,3.46275E+20,5.52988E+21,6.8593E+15,4.99016E+16
103554,7.17052E+18,7,2,35,133,2017,5,8,4,2,5,3,0,1,0,0,0,0,0,3.17655E+20,5.50759E+21,6.47158E+15,4.96932E+16
103555,7.17052E+18,7,1,43,260,2017,5,17,4,3,2,2,0,1,0,1,0,0,0,4.17603E+20,5.61729E+21,7.83319E+15,5.07016E+16
103556,7.17052E+18,7,1,43,29,2017,5,6,4,3,0,7,0,0,0,1,1,0,1,4.101E+20,5.60465E+21,7.73005E+15,5.05869E+16
103557,7.17052E+18,7,1,38,45,2017,5,13,4,2,2,6,0,1,0,0,0,0,0,3.89933E+20,5.58856E+21,7.45E+15,5.04387E+16
103558,7.17052E+18,7,1,31,7,2017,5,7,4,3,1,6,0,1,0,0,0,0,0,3.71915E+20,5.60152E+21,7.19196E+15,5.05516E+16
103559,7.17052E+18,7,1,40,24,2017,5,12,4,3,6,4,0,1,1,0,0,0,0,3.76789E+20,5.53151E+21,7.28347E+15,4.99233E+16
103560,7.17051E+18,7,1,38,63,2017,5,12,6,3,5,3,0,1,0,0,0,0,0,3.81953E+20,5.59417E+21,7.33591E+15,5.04876E+16
103561,7.17053E+18,7,3,16,0,2017,5,17,3,3,2,6,0,1,0,0,0,0,0,4.4025E+20,5.46422E+21,8.17769E+15,4.93278E+16