OBJECTID,UIDENTSTLA,ULAND,UREGBEZ,UKREIS,UGEMEINDE,UJAHR,UMONAT,USTUNDE,UWOCHENTAG,UKATEGORIE,UART,UTYP1,IstRad,IstPKW,IstFuss,IstKrad,IstSonstig,LICHT,STRZUSTAND,LINREFX,LINREFY,XGCSWGS84,YGCSWGS84
103562,7.17052E+18,7,1,37,201,2017,5,10,4,3,0,6,1,0,0,0,1,0,0,3.8952E+20,5.56642E+21,7.45068E+15,5.02396E+16
103563,7.17053E+18,7,3,37,50,2017,5,7,3,3,9,1,0,1,0,0,0,0,0,4.38033E+20,5.45424E+21,8.14872E+15,4.92378E+16
103564,7.17052E+18,7,1,11,0,2017,5,13,4,3,2,6,0,1,0,0,0,0,0,3.98492E+20,5.58209E+21,7.57225E+15,5.03821E+16
103565,7.17052E+18,7,3,20,0,2017,5,16,3,3,5,3,1,1,0,0,0,0,0,3.81042E+20,5.45699E+21,7.36525E+15,4.92541E+16
103566,7.17052E+18,7,3,36,61,2017,5,7,3,1,6,4,0,1,1,0,0,0,0,3.99841E+20,5.50246E+21,7.612E+15,4.96664E+16
103567,7.17051E+18,7,1,38,45,2017,5,15,6,3,1,6,0,1,0,0,1,0,0,3.92456E+20,5.59015E+21,7.48506E+15,5.04534E+16
103568,7.17052E+18,7,3,35,49,2017,5,10,3,3,2,6,0,1,0,0,0,0,0,4.01407E+20,5.48131E+21,7.639E+15,4.94764E+16
103569,7.17052E+18,7,3,32,6,2017,5,17,3,3,5,3,0,1,0,1,0,0,0,4.41444E+20,5.49707E+21,8.18925E+15,4.96234E+16
103570,7.17051E+18,7,1,31,7,2017,5,16,6,3,5,3,0,1,0,0,1,0,0,3.66361E+20,5.60137E+21,7.11365E+15,5.0549E+16
103571,7.17052E+18,7,3,32,47,2017,5,12,3,3,0,7,0,1,0,0,0,0,0,4.33526E+20,5.4867E+21,8.0814E+15,4.95293E+16
103572,7.17052E+18,7,3,34,7,2017,5,17,3,3,2,6,0,1,0,0,1,0,0,4.5422E+20,5.45314E+21,8.3712E+15,4.92293E+16
103573,7.17052E+18,7,3,13,0,2017,5,17,3,2,2,2,0,1,0,1,0,0,0,4.32885E+20,5.44708E+21,8.07921E+15,4.91729E+16
103574,7.17052E+18,7,3,14,0,2017,5,11,3,2,4,2,0,1,0,0,0,0,0,4.54942E+20,5.48098E+21,8.37797E+15,4.94798E+16
103575,7.17051E+18,7,1,40,18,2017,5,14,6,3,7,7,0,0,0,1,0,0,0,3.94787E+20,5.54969E+21,7.52915E+15,5.00901E+16
103576,7.17052E+18,7,3,14,0,2017,5,15,3,3,1,6,0,1,0,0,0,0,0,4.58296E+20,5.48325E+21,8.42403E+15,4.95004E+16
103577,7.17051E+18,7,1,41,501,2017,5,17,6,3,9,1,0,0,0,1,0,0,0,4.04394E+20,5.5707E+21,7.65811E+15,5.02807E+16
103578,7.17052E+18,7,1,33,38,2017,5,20,3,3,0,6,1,1,0,0,0,0,0,3.85259E+20,5.5194E+21,7.40501E+15,4.98161E+16
103579,7.17052E+18,7,1,33,54,2017,5,8,3,3,8,1,0,0,0,1,0,0,0,4.21014E+20,5.52932E+21,7.89989E+15,4.9911E+16
103580,7.17051E+18,7,1,11,0,2017,5,16,6,3,2,6,0,1,0,0,0,0,0,3.99579E+20,5.57958E+21,7.5882E+15,5.03597E+16
103581,7.17051E+18,7,1,40,31,2017,5,18,6,3,8,6,0,1,0,0,0,0,0,3.99584E+20,5.55741E+21,7.59415E+15,5.01604E+16
103582,7.17051E+18,7,1,31,210,2017,5,10,6,3,3,6,0,0,0,0,1,0,0,3.74704E+20,5.58571E+21,7.2366E+15,5.04101E+16
103583,7.17051E+18,7,1,38,40,2017,5,20,6,2,3,6,0,1,0,0,0,1,0,3.97185E+20,5.60181E+21,7.54845E+15,5.05591E+16
103584,7.17051E+18,7,1,38,34,2017,5,17,6,3,9,1,0,1,0,0,1,0,1,4.0215E+20,5.59785E+21,7.61956E+15,5.05244E+16
103585,7.17051E+18,7,3,35,38,2017,5,15,5,3,2,6,0,1,0,0,1,0,0,3.91175E+20,5.474E+21,7.49981E+15,4.94089E+16
103586,7.17051E+18,7,3,32,24,2017,5,7,5,2,5,3,1,1,0,0,0,0,0,4.39251E+20,5.48914E+21,8.16012E+15,4.95518E+16
103587,7.17052E+18,7,3,31,30,2017,5,16,3,3,4,2,0,1,0,0,0,0,0,4.27891E+20,5.52068E+21,7.99727E+15,4.98342E+16
103588,7.17053E+18,7,3,32,25,2017,5,7,3,3,1,6,0,1,0,0,0,0,0,4.45248E+20,5.47008E+21,8.24566E+15,4.9381E+16
103589,7.17051E+18,7,3,37,20,2017,5,18,5,3,2,6,0,1,0,0,0,0,1,4.37504E+20,5.45983E+21,8.14059E+15,4.92881E+16
103590,7.17051E+18,7,3,38,14,2017,5,19,5,3,0,1,1,0,0,0,0,0,1,4.48402E+20,5.47458E+21,8.28853E+15,4.94217E+16
103591,7.17051E+18,7,1,33,54,2017,5,16,5,3,2,6,0,1,0,0,0,0,0,4.22157E+20,5.52756E+21,7.91617E+15,4.98954E+16
103592,7.17051E+18,7,1,33,112,2017,5,6,5,3,3,6,0,1,0,0,1,0,0,4.11744E+20,5.52016E+21,7.7729E+15,4.98274E+16
103593,7.17052E+18,7,3,31,68,2017,5,13,3,3,5,3,0,1,0,0,1,0,0,4.31798E+20,5.52075E+21,8.05158E+15,4.98353E+16
103594,7.17052E+18,7,3,31,70,2017,5,9,3,2,5,3,0,1,0,1,0,0,0,4.27297E+20,5.51395E+21,7.99027E+15,4.97736E+16
103595,7.17052E+18,7,3,15,0,2017,5,7,3,3,7,7,1,0,0,0,0,0,0,4.45002E+20,5.53515E+21,8.23313E+15,4.99662E+16
103596,7.17053E+18,7,3,37,82,2017,5,16,3,3,3,6,1,1,0,0,0,0,0,4.35955E+20,5.45403E+21,8.12022E+15,4.92357E+16
103597,7.17052E+18,7,3,15,0,2017,5,11,3,3,2,5,1,1,0,0,0,0,0,4.43652E+20,5.53934E+21,8.21369E+15,5.00037E+16
103598,7.17052E+18,7,3,39,68,2017,5,10,3,3,3,6,0,0,0,0,1,0,0,4.2527E+20,5.52479E+21,7.96003E+15,4.98708E+16
103599,7.17053E+18,7,3,18,0,2017,5,11,3,3,3,3,0,1,0,0,1,0,0,4.57123E+20,5.46496E+21,8.40981E+15,4.93359E+16
103600,7.17053E+18,7,3,19,0,2017,5,8,3,3,2,6,0,1,0,1,0,0,0,4.52705E+20,5.49627E+21,8.34525E+15,4.96172E+16
103601,7.17052E+18,7,2,32,207,2017,5,20,3,3,8,1,0,1,0,0,0,1,0,3.09777E+20,5.56739E+21,6.33294E+15,5.0228E+16
103602,7.17052E+18,7,2,32,108,2017,5,15,3,2,9,1,0,0,0,1,0,0,0,3.1528E+20,5.52881E+21,6.42861E+15,4.98832E+16
103603,7.17052E+18,7,2,31,113,2017,5,9,3,2,8,1,0,0,0,1,0,0,0,3.42055E+20,5.53263E+21,6.79945E+15,4.99251E+16
103604,7.17052E+18,7,2,31,134,2017,5,7,3,3,5,3,0,1,0,0,0,0,0,3.50071E+20,5.53964E+21,6.90833E+15,4.99903E+16
103605,7.17052E+18,7,2,35,143,2017,5,8,3,3,1,6,0,1,0,0,1,0,0,3.21478E+20,5.50951E+21,6.52367E+15,4.97116E+16
103606,7.17051E+18,7,3,31,3,2017,5,9,5,3,2,6,0,1,0,0,0,0,0,4.36197E+20,5.51046E+21,8.11443E+15,4.97432E+16
103607,7.17052E+18,7,2,35,60,2017,5,11,3,3,5,3,0,1,0,0,0,0,0,3.36476E+20,5.51974E+21,6.72722E+15,4.98078E+16
103608,7.17052E+18,7,2,11,0,2017,5,12,3,3,3,6,0,1,0,0,1,0,0,3.27534E+20,5.51152E+21,6.6067E+15,4.97314E+16
103609,7.17052E+18,7,1,32,96,2017,5,18,3,2,8,1,0,1,0,0,0,0,0,4.08297E+20,5.62422E+21,7.69972E+15,5.07625E+16
103610,7.17052E+18,7,1,32,35,2017,5,14,3,3,1,6,0,1,0,0,1,0,0,3.97346E+20,5.61759E+21,7.54634E+15,5.07011E+16
103611,7.17052E+18,7,1,31,41,2017,5,16,3,3,5,3,0,1,0,1,0,0,0,3.7088E+20,5.59542E+21,7.17946E+15,5.04965E+16
103612,7.17051E+18,7,3,19,0,2017,5,8,5,3,2,6,0,1,0,0,0,0,0,4.50325E+20,5.50206E+21,8.31158E+15,4.9669E+16
103613,7.17052E+18,7,1,37,68,2017,5,13,3,3,6,4,0,1,1,0,0,0,0,3.7379E+20,5.57659E+21,7.2268E+15,5.03279E+16
103614,7.17052E+18,7,1,37,68,2017,5,9,3,3,1,6,0,1,0,0,0,0,0,3.74401E+20,5.57556E+21,7.23572E+15,5.03188E+16
103615,7.17051E+18,7,3,15,0,2017,5,21,5,3,9,1,0,1,0,0,0,2,1,4.43951E+20,5.5391E+21,8.2179E+15,5.00016E+16
103616,7.17051E+18,7,3,15,0,2017,5,12,5,3,3,2,1,1,0,0,0,0,0,4.46066E+20,5.53931E+21,8.24737E+15,5.00037E+16
103617,7.17051E+18,7,1,34,16,2017,5,7,5,2,4,1,0,1,0,0,0,0,0,3.6183E+20,5.50389E+21,7.08501E+15,4.96717E+16
103618,7.17051E+18,7,1,43,315,2017,5,5,5,1,4,6,0,1,0,0,0,1,0,4.33663E+20,5.61168E+21,8.06158E+15,5.06532E+16
103619,7.17051E+18,7,1,38,3,2017,5,14,5,2,6,4,0,1,1,0,0,0,0,3.89715E+20,5.61435E+21,7.43929E+15,5.06705E+16
103620,7.17051E+18,7,1,38,12,2017,5,14,5,3,2,2,0,1,0,0,0,0,0,4.05265E+20,5.60101E+21,7.66269E+15,5.05533E+16
103621,7.17051E+18,7,1,32,63,2017,5,17,5,3,2,2,0,1,0,0,0,0,0,4.19346E+20,5.63112E+21,7.85484E+15,5.08262E+16
103622,7.17052E+18,7,1,37,228,2017,5,11,3,3,6,6,1,0,1,0,0,0,0,3.9089E+20,5.58562E+21,7.46432E+15,5.04125E+16
103623,7.17051E+18,7,1,31,70,2017,5,18,5,3,5,3,0,1,0,0,0,0,0,3.73122E+20,5.60622E+21,7.20738E+15,5.05941E+16
103624,7.17051E+18,7,1,31,70,2017,5,17,5,2,1,7,0,1,0,0,0,0,0,3.72086E+20,5.60693E+21,7.1925E+15,5.06002E+16
103625,7.17052E+18,7,1,11,0,2017,5,15,3,3,5,3,1,0,0,0,1,0,0,3.99778E+20,5.57917E+21,7.5911E+15,5.03561E+16
103626,7.17051E+18,7,1,37,27,2017,5,19,5,2,9,1,0,1,0,0,0,0,0,3.82026E+20,5.57017E+21,7.34446E+15,5.02718E+16
103627,7.17051E+18,7,1,37,89,2017,5,10,5,3,2,7,0,1,0,1,0,0,0,3.75059E+20,5.57154E+21,7.24629E+15,5.02827E+16
103628,7.17052E+18,7,1,11,0,2017,5,7,3,3,5,2,0,1,0,0,1,0,0,3.99043E+20,5.57964E+21,7.58064E+15,5.03601E+16
103629,7.17053E+18,7,3,39,43,2017,5,17,3,3,2,6,0,1,0,0,0,0,0,4.52603E+20,5.52536E+21,8.3403E+15,4.98787E+16
103630,7.17051E+18,7,1,37,3,2017,5,11,5,3,8,1,0,1,0,0,0,0,0,3.81691E+20,5.58776E+21,7.33425E+15,5.04299E+16
103631,7.17051E+18,7,1,11,0,2017,5,19,5,3,3,6,1,0,0,0,1,0,0,3.99829E+20,5.57914E+21,7.59183E+15,5.03558E+16
103632,7.17053E+18,7,3,15,0,2017,5,16,3,3,2,6,0,1,0,0,0,0,0,4.44709E+20,5.54024E+21,8.22831E+15,5.0012E+16
103633,7.17051E+18,7,3,40,4,2017,5,18,4,2,5,3,0,1,0,0,0,0,0,4.08945E+20,5.4469E+21,7.75087E+15,4.91681E+16
103634,7.17051E+18,7,3,17,0,2017,5,11,4,3,6,4,0,1,1,0,0,0,0,3.97453E+20,5.45054E+21,7.59234E+15,4.91991E+16
103635,7.17053E+18,7,3,15,0,2017,5,12,3,3,5,3,1,1,0,0,0,0,0,4.43084E+20,5.53912E+21,8.2058E+15,5.00017E+16
103636,7.17051E+18,7,3,35,3,2017,5,16,4,2,1,5,1,1,0,0,0,0,0,3.85816E+20,5.47086E+21,7.42686E+15,4.93797E+16
103637,7.17051E+18,7,3,36,98,2017,5,14,4,3,0,6,0,1,0,0,0,0,0,3.87805E+20,5.48539E+21,7.45014E+15,4.95107E+16
103638,7.17051E+18,7,3,12,0,2017,5,20,4,2,9,1,0,1,0,0,0,0,0,4.15529E+20,5.47742E+21,7.83472E+15,4.94436E+16
103639,7.17051E+18,7,3,12,0,2017,5,8,4,3,1,6,0,1,0,0,0,0,0,4.11608E+20,5.47816E+21,7.78048E+15,4.94497E+16
103640,7.17051E+18,7,3,11,0,2017,5,15,4,3,2,6,0,1,0,0,1,0,0,4.50137E+20,5.48377E+21,8.31129E+15,4.95045E+16
103641,7.17052E+18,7,1,31,90,2017,5,8,3,3,1,6,0,1,0,0,0,0,0,3.66766E+20,5.60406E+21,7.1184E+15,5.05733E+16
103642,7.17052E+18,7,1,31,90,2017,5,8,3,3,2,6,0,0,0,0,1,0,0,3.64719E+20,5.6043E+21,7.08942E+15,5.05749E+16
103643,7.17053E+18,7,2,31,134,2017,5,17,3,3,1,6,0,1,0,0,0,0,0,3.50384E+20,5.53853E+21,6.91312E+15,4.99803E+16
103644,7.17052E+18,7,3,40,51,2017,5,7,2,3,6,2,0,1,1,0,0,0,0,3.96697E+20,5.4575E+21,7.58018E+15,4.92616E+16
103645,7.17052E+18,7,3,33,80,2017,5,12,2,3,9,7,0,0,0,0,1,0,0,4.16464E+20,5.48671E+21,7.84565E+15,4.95273E+16
103646,7.17052E+18,7,3,33,65,2017,5,21,2,3,8,1,0,0,0,1,0,1,0,4.22715E+20,5.50171E+21,7.92906E+15,4.9663E+16
103647,7.17052E+18,7,3,35,3,2017,5,21,2,3,9,1,0,1,0,0,0,2,0,3.87586E+20,5.47399E+21,7.45035E+15,4.94082E+16
103648,7.17052E+18,7,3,35,2,2017,5,18,2,3,9,7,0,1,0,0,0,0,0,3.99102E+20,5.47163E+21,7.60965E+15,4.9389E+16
103649,7.17052E+18,7,3,35,22,2017,5,6,2,3,5,3,0,1,0,1,0,0,0,3.93856E+20,5.47401E+21,7.53675E+15,4.94095E+16
103650,7.17052E+18,7,3,36,76,2017,5,19,2,3,0,7,0,1,1,0,0,0,0,3.80432E+20,5.47866E+21,7.35037E+15,4.94489E+16
103651,7.17051E+18,7,3,32,2,2017,5,21,4,3,5,3,0,1,0,0,0,2,0,4.41881E+20,5.47977E+21,8.19786E+15,4.94678E+16
103652,7.17052E+18,7,3,35,33,2017,5,16,2,3,2,6,0,1,0,0,0,0,0,4.03167E+20,5.48771E+21,7.66172E+15,4.95343E+16
103653,7.17052E+18,7,3,34,13,2017,5,17,2,3,5,2,1,1,0,0,0,0,0,4.40519E+20,5.43659E+21,8.18548E+15,4.90793E+16
103654,7.17051E+18,7,3,37,1,2017,5,18,4,3,8,1,0,0,0,1,0,0,0,4.18656E+20,5.45865E+21,7.88168E+15,4.92752E+16
103655,7.17051E+18,7,3,18,0,2017,5,13,4,3,1,6,0,1,0,0,0,0,0,4.58282E+20,5.46283E+21,8.42598E+15,4.93167E+16
103656,7.17052E+18,7,3,18,0,2017,5,12,2,2,9,1,1,0,0,0,0,0,0,4.57602E+20,5.46435E+21,8.41646E+15,4.93304E+16
103657,7.17051E+18,7,3,18,0,2017,5,12,4,3,2,1,0,1,0,0,0,0,0,4.5854E+20,5.46404E+21,8.42941E+15,4.93276E+16
103658,7.17052E+18,7,3,38,5,2017,5,14,2,2,8,6,0,1,0,0,0,0,0,4.53125E+20,5.46652E+21,8.3546E+15,4.93496E+16
103659,7.17051E+18,7,3,38,6,2017,5,16,4,2,2,5,1,1,0,0,0,0,0,4.49604E+20,5.47268E+21,8.30534E+15,4.94047E+16
103660,7.17051E+18,7,3,11,0,2017,5,16,4,1,5,3,1,0,0,0,1,0,0,4.53219E+20,5.48896E+21,8.35324E+15,4.95515E+16
103661,7.17051E+18,7,3,31,72,2017,5,17,4,3,1,2,0,1,0,0,0,0,0,4.25206E+20,5.51878E+21,7.96031E+15,4.98168E+16
103662,7.17051E+18,7,3,19,0,2017,5,6,4,3,5,3,0,1,0,1,0,2,0,4.52215E+20,5.49996E+21,8.33802E+15,4.96503E+16
103663,7.17052E+18,7,1,33,76,2017,5,11,2,3,3,6,0,1,0,0,1,0,0,4.06093E+20,5.51394E+21,7.69585E+15,4.97706E+16
103664,7.17051E+18,7,3,39,30,2017,5,18,4,3,9,7,0,1,0,0,0,0,0,4.33623E+20,5.53668E+21,8.07422E+15,4.99787E+16
103665,7.17051E+18,7,3,39,30,2017,5,15,4,3,5,3,1,1,0,0,0,0,0,4.33339E+20,5.534E+21,8.07072E+15,4.99546E+16
103666,7.17052E+18,7,3,39,56,2017,5,20,2,3,8,1,0,0,0,1,0,0,0,4.28411E+20,5.5261E+21,8.0035E+15,4.9883E+16
103667,7.17051E+18,7,3,15,0,2017,5,13,4,3,2,6,0,1,0,0,1,0,0,4.42643E+20,5.53734E+21,8.1999E+15,4.99856E+16
103668,7.17052E+18,7,3,39,5,2017,5,10,2,3,5,2,0,1,0,0,0,0,0,4.23797E+20,5.53572E+21,7.93739E+15,4.9969E+16
103669,7.17051E+18,7,3,39,65,2017,5,20,4,3,3,6,0,1,0,0,1,1,0,4.24953E+20,5.5253E+21,7.95552E+15,4.98754E+16
103670,7.17052E+18,7,3,31,26,2017,5,16,2,3,2,6,0,1,0,0,1,0,0,4.40079E+20,5.51269E+21,8.16797E+15,4.97637E+16
103671,7.17052E+18,7,3,39,39,2017,5,18,2,2,5,3,1,1,0,0,0,0,0,4.52827E+20,5.52957E+21,8.34291E+15,4.99166E+16
103672,7.17052E+18,7,3,15,0,2017,5,17,2,3,1,6,0,1,0,0,0,0,0,4.44709E+20,5.53772E+21,8.22866E+15,4.99893E+16
103673,7.17052E+18,7,3,15,0,2017,5,17,2,3,5,2,1,1,0,0,0,0,0,4.45887E+20,5.53785E+21,8.24508E+15,4.99906E+16
103674,7.17053E+18,7,2,35,78,2017,5,15,3,3,9,1,0,0,0,1,0,0,0,3.38919E+20,5.51951E+21,6.76125E+15,4.98064E+16
103675,7.17051E+18,7,2,31,8,2017,5,20,4,3,8,7,0,0,0,1,0,0,1,3.63795E+20,5.52918E+21,7.10337E+15,4.98995E+16
103676,7.17053E+18,7,2,31,124,2017,5,13,3,2,0,1,1,0,0,0,1,0,0,3.65246E+20,5.53518E+21,7.12146E+15,4.99537E+16
103677,7.17051E+18,7,2,31,107,2017,5,14,4,2,5,3,0,1,0,0,0,0,0,3.53168E+20,5.53593E+21,6.95292E+15,4.99577E+16
103678,7.17052E+18,7,3,15,0,2017,5,10,2,3,2,6,0,1,0,0,0,0,0,4.43123E+20,5.54074E+21,8.2061E+15,5.00162E+16
103679,7.17052E+18,7,3,15,0,2017,5,5,2,2,5,3,0,0,0,1,1,0,0,4.50955E+20,5.53572E+21,8.31606E+15,4.99718E+16
103680,7.17051E+18,7,2,31,31,2017,5,7,4,2,5,3,0,1,0,0,1,0,0,3.45559E+20,5.52986E+21,6.84934E+15,4.99012E+16
103681,7.17051E+18,7,2,31,56,2017,5,19,4,2,3,6,0,1,0,0,0,0,0,3.71398E+20,5.52646E+21,7.21009E+15,4.98768E+16
103682,7.17051E+18,7,2,11,0,2017,5,17,4,3,2,6,0,1,0,0,0,0,0,3.29337E+20,5.5136E+21,6.63079E+15,4.97506E+16
103683,7.17051E+18,7,2,11,0,2017,5,16,4,3,1,6,0,1,0,0,0,0,0,3.30446E+20,5.51556E+21,6.64532E+15,4.97686E+16
103684,7.17051E+18,7,2,35,501,2017,5,15,4,3,2,6,0,1,0,0,0,0,0,3.24803E+20,5.52243E+21,6.56393E+15,4.98287E+16
103685,7.17051E+18,7,2,11,0,2017,5,13,4,3,0,6,0,0,0,1,0,0,0,3.29129E+20,5.51294E+21,6.62819E+15,4.97446E+16
103686,7.17052E+18,7,2,33,20,2017,5,6,2,3,5,3,0,1,0,0,1,0,0,3.45238E+20,5.5709E+21,6.82826E+15,5.02699E+16
103687,7.17051E+18,7,2,11,0,2017,5,11,4,3,1,6,0,1,0,1,0,0,0,3.30241E+20,5.51333E+21,6.64345E+15,4.97484E+16
103688,7.17051E+18,7,2,11,0,2017,5,9,4,2,5,3,0,1,0,1,0,0,0,3.34416E+20,5.51107E+21,6.70231E+15,4.97293E+16
103689,7.17052E+18,7,2,32,226,2017,5,17,2,3,2,6,0,1,0,0,0,0,0,3.19007E+20,5.56574E+21,6.46299E+15,5.02161E+16
103690,7.17051E+18,7,1,41,43,2017,5,5,4,2,9,1,0,1,0,0,0,0,0,4.3225E+20,5.57758E+21,8.04779E+15,5.03464E+16
103691,7.17051E+18,7,1,35,18,2017,5,11,4,3,8,1,0,1,0,0,0,0,0,3.62729E+20,5.56111E+21,7.0771E+15,5.01862E+16
103692,7.17052E+18,7,2,32,96,2017,5,17,2,3,5,2,0,1,0,0,0,0,0,3.05807E+20,5.5382E+21,6.29217E+15,4.99645E+16
103693,7.17051E+18,7,1,40,21,2017,5,19,4,2,8,1,0,0,0,1,0,0,0,3.85062E+20,5.54876E+21,7.39352E+15,5.008E+16
103694,7.17052E+18,7,2,31,123,2017,5,18,2,3,9,1,0,1,0,0,0,0,0,3.55936E+20,5.51552E+21,6.99908E+15,4.97749E+16
103695,7.17052E+18,7,1,34,45,2017,5,9,2,3,4,6,0,0,0,0,1,0,0,3.79099E+20,5.50947E+21,7.32251E+15,4.97256E+16
103696,7.17053E+18,7,2,32,18,2017,5,22,3,3,8,1,0,1,0,0,0,2,0,3.22775E+20,5.53978E+21,6.52779E+15,4.9984E+16
103697,7.17052E+18,7,1,43,32,2017,5,16,2,2,8,1,0,0,0,1,0,0,0,4.06548E+20,5.58637E+21,7.68446E+15,5.04219E+16
103698,7.17052E+18,7,1,31,77,2017,5,9,2,3,2,6,0,1,0,0,1,0,0,3.73854E+20,5.59961E+21,7.21995E+15,5.05348E+16
103699,7.17053E+18,7,2,31,8,2017,5,17,3,3,2,6,0,1,0,1,0,0,0,3.61297E+20,5.53064E+21,7.06809E+15,4.99121E+16
103700,7.17052E+18,7,1,11,0,2017,5,13,2,2,4,3,0,1,0,1,0,0,0,3.99068E+20,5.58251E+21,7.58023E+15,5.0386E+16
103701,7.17052E+18,7,1,37,86,2017,5,13,2,3,2,6,0,1,0,0,1,0,0,3.86907E+20,5.57685E+21,7.41094E+15,5.03329E+16
103702,7.17052E+18,7,1,37,86,2017,5,13,2,2,3,6,0,1,0,1,0,0,0,3.86986E+20,5.57677E+21,7.41207E+15,5.03322E+16
103703,7.17052E+18,7,3,40,27,2017,5,17,1,3,9,1,0,0,0,1,0,0,0,4.09797E+20,5.45936E+21,7.75976E+15,4.92804E+16
103704,7.17052E+18,7,3,40,25,2017,5,11,1,3,4,2,1,0,0,0,0,0,0,4.0213E+20,5.46521E+21,7.65294E+15,4.93318E+16
103705,7.17052E+18,7,3,40,29,2017,5,18,1,3,4,6,0,1,0,0,0,0,0,4.03658E+20,5.43741E+21,7.68063E+15,4.9082E+16
103706,7.17052E+18,7,3,33,33,2017,5,9,1,3,0,6,1,1,0,0,0,0,0,4.18E+20,5.49314E+21,7.86554E+15,4.95852E+16
103707,7.17051E+18,7,1,11,0,2017,5,16,4,3,5,2,0,1,0,1,0,0,0,3.97758E+20,5.58062E+21,7.56232E+15,5.03688E+16
103708,7.17051E+18,7,1,43,70,2017,5,22,4,2,2,6,0,0,0,1,1,2,0,4.11973E+20,5.59236E+21,7.75939E+15,5.04766E+16
103709,7.17052E+18,7,3,35,38,2017,5,12,1,3,1,6,0,1,0,1,0,0,0,3.95597E+20,5.47533E+21,7.5604E+15,4.94217E+16
103710,7.17051E+18,7,1,11,0,2017,5,12,4,3,1,6,0,1,0,0,0,0,0,3.96978E+20,5.58356E+21,7.55055E+15,5.03951E+16
103711,7.17052E+18,7,3,32,43,2017,5,17,1,3,5,3,0,1,0,0,0,0,0,4.42755E+20,5.47215E+21,8.21102E+15,4.93994E+16
103712,7.17051E+18,7,3,40,205,2017,5,7,3,3,9,1,0,1,0,0,0,0,1,3.88607E+20,5.45014E+21,7.47107E+15,4.9194E+16
103713,7.17051E+18,7,3,12,0,2017,5,17,3,3,2,6,0,1,0,0,0,0,0,4.12744E+20,5.47881E+21,7.79601E+15,4.94556E+16
103714,7.17052E+18,7,3,32,12,2017,5,11,1,2,4,2,0,1,0,1,0,0,0,4.34624E+20,5.49069E+21,8.09591E+15,4.95653E+16
103715,7.17051E+18,7,3,34,1,2017,5,11,3,2,2,2,0,1,0,0,0,0,0,4.46971E+20,5.44901E+21,8.27219E+15,4.91916E+16
103716,7.17051E+18,7,3,37,19,2017,5,15,3,2,8,1,0,1,0,0,0,0,0,4.25116E+20,5.43694E+21,7.97452E+15,4.90808E+16
103717,7.17052E+18,7,3,32,8,2017,5,18,1,3,2,6,0,1,0,1,0,0,0,4.40478E+20,5.48619E+21,8.17752E+15,4.95254E+16
103718,7.17051E+18,7,3,37,52,2017,5,15,3,3,5,3,0,1,0,0,0,0,0,4.36873E+20,5.46075E+21,8.13177E+15,4.92962E+16
103719,7.17051E+18,7,3,37,67,2017,5,18,3,2,4,6,0,1,0,0,0,0,0,4.21854E+20,5.45245E+21,7.92685E+15,4.92198E+16
103720,7.17052E+18,7,3,34,28,2017,5,12,1,3,2,6,0,1,0,0,0,0,0,4.51557E+20,5.45687E+21,8.33418E+15,4.92627E+16
103721,7.17052E+18,7,3,37,20,2017,5,4,1,3,2,6,0,1,0,0,0,1,0,4.38413E+20,5.45921E+21,8.15318E+15,4.92826E+16
103722,7.17052E+18,7,3,37,70,2017,5,3,1,1,8,1,0,0,0,1,0,2,0,4.34479E+20,5.46129E+21,8.09876E+15,4.93008E+16
103723,7.17052E+18,7,3,38,2,2017,5,18,1,3,8,1,0,1,0,0,0,0,0,4.49775E+20,5.48981E+21,8.30553E+15,4.95588E+16
103724,7.17052E+18,7,3,31,25,2017,5,10,1,3,4,6,1,1,1,0,0,0,0,4.30722E+20,5.51528E+21,8.0376E+15,4.9786E+16
103725,7.17052E+18,7,3,19,0,2017,5,10,1,2,5,3,1,1,0,0,0,0,0,4.48375E+20,5.49567E+21,8.2854E+15,4.96114E+16
103726,7.17052E+18,7,3,15,0,2017,5,18,1,3,5,3,0,1,0,0,0,0,0,4.43888E+20,5.54014E+21,8.21687E+15,5.00109E+16
103727,7.17052E+18,7,3,15,0,2017,5,12,1,2,9,7,0,1,0,0,0,0,0,4.43545E+20,5.53631E+21,8.21263E+15,4.99765E+16
103728,7.17052E+18,7,2,33,56,2017,5,18,1,2,5,3,0,1,0,0,0,0,0,3.34394E+20,5.56616E+21,6.67829E+15,5.02244E+16
103729,7.17052E+18,7,2,31,46,2017,5,7,1,2,9,1,0,1,0,0,0,0,0,3.39549E+20,5.54399E+21,6.75982E+15,5.00266E+16
103730,7.17051E+18,7,3,37,501,2017,5,15,3,3,2,6,0,1,0,0,0,0,0,4.23822E+20,5.4507E+21,7.95421E+15,4.92044E+16
103731,7.17051E+18,7,3,18,0,2017,5,10,3,2,0,1,0,0,0,1,0,0,0,4.59576E+20,5.46226E+21,8.44384E+15,4.93118E+16
103732,7.17051E+18,7,3,38,16,2017,5,13,3,3,9,1,0,0,0,0,1,0,0,4.48784E+20,5.48318E+21,8.29268E+15,4.94991E+16
103733,7.17051E+18,7,1,33,107,2017,5,17,3,3,3,6,0,1,0,0,0,0,0,4.09355E+20,5.52006E+21,7.73972E+15,4.98261E+16