OBJECTID,UIDENTSTLA,ULAND,UREGBEZ,UKREIS,UGEMEINDE,UJAHR,UMONAT,USTUNDE,UWOCHENTAG,UKATEGORIE,UART,UTYP1,IstRad,IstPKW,IstFuss,IstKrad,IstSonstig,LICHT,STRZUSTAND,LINREFX,LINREFY,XGCSWGS84,YGCSWGS84
103734,7.17051E+18,7,1,33,6,2017,5,12,3,3,5,3,0,0,0,1,1,0,0,4.18E+20,5.52238E+21,7.8594E+15,4.98482E+16
103735,7.17051E+18,7,3,31,2,2017,5,21,3,2,5,3,0,1,0,1,0,2,0,4.52599E+20,5.5132E+21,8.34174E+15,4.97694E+16
103736,7.17052E+18,7,1,34,14,2017,5,14,1,3,8,1,0,0,0,1,0,0,0,3.71301E+20,5.51907E+21,7.2112E+15,4.98103E+16
103737,7.17051E+18,7,3,19,0,2017,5,15,3,3,6,6,1,0,1,0,0,0,0,4.52943E+20,5.49788E+21,8.34836E+15,4.96316E+16
103738,7.17051E+18,7,3,15,0,2017,5,17,3,3,6,7,0,1,1,0,0,0,0,4.41E+20,5.53714E+21,8.17703E+15,4.99836E+16
103739,7.17052E+18,7,1,43,254,2017,5,13,1,3,2,6,0,1,0,0,0,0,0,4.23316E+20,5.60448E+21,7.91673E+15,5.05872E+16
103740,7.17051E+18,7,3,15,0,2017,5,16,3,3,5,2,0,1,0,0,0,0,0,4.45956E+20,5.53805E+21,8.24602E+15,4.99923E+16
103741,7.17052E+18,7,1,41,51,2017,5,16,1,2,8,1,0,0,0,1,0,0,0,4.32472E+20,5.57081E+21,8.05212E+15,5.02855E+16
103742,7.17051E+18,7,1,33,108,2017,5,8,3,2,2,6,0,1,0,0,0,0,0,4.16436E+20,5.53075E+21,7.83584E+15,4.99232E+16
103743,7.17052E+18,7,1,38,3,2017,5,21,1,3,0,7,0,0,0,1,0,2,0,3.88166E+20,5.6129E+21,7.41782E+15,5.06572E+16
103744,7.17051E+18,7,2,33,76,2017,5,8,3,3,5,3,0,1,0,0,1,0,0,3.41477E+20,5.57579E+21,6.77347E+15,5.03129E+16
103745,7.17052E+18,7,1,32,43,2017,5,3,1,2,8,1,0,1,0,0,0,2,0,3.96578E+20,5.60793E+21,7.53818E+15,5.0614E+16
103746,7.17051E+18,7,2,32,28,2017,5,22,3,3,3,2,0,1,0,0,0,2,0,3.1565E+20,5.52131E+21,6.43732E+15,4.98159E+16
103747,7.17053E+18,7,2,31,80,2017,5,9,3,3,2,6,0,1,0,0,0,0,0,3.43389E+20,5.55123E+21,6.81044E+15,5.00926E+16
103748,7.17051E+18,7,2,31,95,2017,5,17,3,2,4,1,0,1,0,0,0,0,0,3.4807E+20,5.55014E+21,6.87627E+15,5.00841E+16
103749,7.17051E+18,7,2,35,45,2017,5,18,3,3,5,3,0,1,0,0,0,0,0,3.51699E+20,5.5024E+21,6.94525E+15,4.96559E+16
103750,7.17051E+18,7,2,35,91,2017,5,7,3,3,5,3,0,1,0,0,0,0,0,3.38461E+20,5.52797E+21,6.75136E+15,4.98823E+16
103751,7.17052E+18,7,1,32,47,2017,5,12,1,3,3,6,0,0,0,1,1,0,0,4.02049E+20,5.61684E+21,7.61312E+15,5.06951E+16
103752,7.17052E+18,7,1,38,45,2017,5,13,1,2,8,1,0,0,0,1,0,0,0,3.95423E+20,5.59314E+21,7.52601E+15,5.04809E+16
103753,7.17052E+18,7,1,31,1,2017,5,17,1,3,5,2,0,1,0,0,0,0,0,3.57649E+20,5.58388E+21,6.99741E+15,5.03897E+16
103754,7.17052E+18,7,1,31,58,2017,5,11,1,2,2,2,0,1,0,0,0,0,0,3.56261E+20,5.57961E+21,6.97952E+15,5.0351E+16
103755,7.17053E+18,7,2,31,502,2017,5,18,3,3,0,3,1,1,0,0,0,0,0,3.61083E+20,5.52082E+21,7.06863E+15,4.98237E+16
103756,7.17052E+18,7,1,37,68,2017,5,13,1,3,9,1,0,1,0,1,0,0,0,3.70946E+20,5.57617E+21,7.18701E+15,5.03235E+16
103757,7.17052E+18,7,1,37,230,2017,5,0,1,2,0,6,0,1,0,0,0,2,0,3.91865E+20,5.57549E+21,7.48096E+15,5.03216E+16
103758,7.17053E+18,7,2,11,0,2017,5,19,3,3,0,7,1,0,0,0,0,0,0,3.28878E+20,5.51367E+21,6.62439E+15,4.97511E+16
103759,7.17052E+18,7,1,38,53,2017,5,11,1,3,3,6,0,1,0,0,0,0,0,3.95372E+20,5.60261E+21,7.52263E+15,5.0566E+16
103760,7.17052E+18,7,3,35,203,2017,5,15,7,3,5,3,0,1,0,0,0,0,0,3.89609E+20,5.46905E+21,7.4796E+15,4.93642E+16
103761,7.17052E+18,7,3,37,25,2017,5,19,7,3,9,1,0,0,0,1,0,0,0,4.34547E+20,5.45523E+21,8.10068E+15,4.92463E+16
103762,7.17052E+18,7,3,37,64,2017,5,15,7,3,4,1,1,1,0,0,0,0,0,4.28146E+20,5.45793E+21,8.01227E+15,4.92699E+16
103763,7.17052E+18,7,3,37,501,2017,5,14,7,3,8,1,0,0,0,1,0,0,0,4.18873E+20,5.4584E+21,7.88473E+15,4.92729E+16
103764,7.17052E+18,7,3,37,501,2017,5,11,7,2,5,3,0,1,0,0,1,0,0,4.25721E+20,5.4513E+21,7.98016E+15,4.921E+16
103765,7.17052E+18,7,3,38,5,2017,5,9,7,3,6,2,0,1,1,0,0,0,0,4.50465E+20,5.46812E+21,8.31777E+15,4.93638E+16
103766,7.17053E+18,7,1,38,6,2017,5,12,3,3,4,6,0,1,0,0,0,0,0,3.90396E+20,5.60427E+21,7.4519E+15,5.058E+16
103767,7.17052E+18,7,3,39,5,2017,5,11,7,3,5,3,1,0,0,1,0,0,0,4.26183E+20,5.53527E+21,7.97074E+15,4.99652E+16
103768,7.17052E+18,7,1,33,6,2017,5,13,7,3,5,3,0,1,0,0,0,0,0,4.18393E+20,5.52164E+21,7.86501E+15,4.98417E+16
103769,7.17052E+18,7,1,33,78,2017,5,6,7,3,2,6,0,1,0,0,0,0,0,4.24862E+20,5.52333E+21,7.95464E+15,4.98577E+16
103770,7.17052E+18,7,3,31,6,2017,5,14,7,2,2,2,0,0,0,1,1,0,0,4.47835E+20,5.50897E+21,8.27616E+15,4.9731E+16
103771,7.17052E+18,7,3,15,0,2017,5,18,7,3,4,6,1,0,0,0,0,0,0,4.45631E+20,5.54054E+21,8.24113E+15,5.00147E+16
103772,7.17052E+18,7,2,33,29,2017,5,13,7,3,5,3,0,1,0,0,0,0,0,3.34266E+20,5.57341E+21,6.67333E+15,5.02895E+16
103773,7.17052E+18,7,2,31,31,2017,5,16,7,2,2,6,0,0,0,1,0,0,0,3.4567E+20,5.53063E+21,6.85058E+15,4.99081E+16
103774,7.17052E+18,7,1,34,68,2017,5,12,7,2,9,1,0,0,0,1,0,0,0,3.74493E+20,5.49995E+21,7.26168E+15,4.96391E+16
103775,7.17051E+18,7,2,35,51,2017,5,17,3,2,0,1,1,0,0,0,0,0,0,3.23795E+20,5.5092E+21,6.55592E+15,4.97095E+16
103776,7.17051E+18,7,2,11,0,2017,5,12,3,3,6,6,1,0,1,0,0,0,0,3.30011E+20,5.51342E+21,6.64021E+15,4.97492E+16
103777,7.17052E+18,7,2,11,0,2017,5,8,7,3,5,3,0,1,0,0,0,0,0,3.31091E+20,5.51277E+21,6.65548E+15,4.97437E+16
103778,7.17051E+18,7,1,43,304,2017,5,15,3,3,5,3,0,1,0,0,0,0,0,4.25944E+20,5.59247E+21,7.95624E+15,5.04795E+16
103779,7.17051E+18,7,1,38,73,2017,5,18,3,3,2,6,0,1,0,0,0,0,0,3.741E+20,5.60748E+21,7.22076E+15,5.06056E+16
103780,7.17052E+18,7,1,41,96,2017,5,22,7,3,7,7,0,0,0,1,0,2,0,4.2202E+20,5.56839E+21,7.90593E+15,5.02625E+16
103781,7.17051E+18,7,1,32,51,2017,5,18,3,3,2,6,0,1,0,1,0,0,0,4.03146E+20,5.62055E+21,7.62767E+15,5.07287E+16
103782,7.17051E+18,7,1,31,202,2017,5,13,3,3,8,1,0,1,0,0,0,0,0,3.76464E+20,5.5895E+21,7.26011E+15,5.04445E+16
103783,7.17052E+18,7,1,38,80,2017,5,11,7,3,4,2,0,1,0,0,0,0,0,3.85143E+20,5.61525E+21,7.37435E+15,5.06777E+16
103784,7.17051E+18,7,1,40,9,2017,5,7,3,2,5,3,0,1,0,0,0,0,0,3.85532E+20,5.5433E+21,7.40172E+15,5.0031E+16
103785,7.17051E+18,7,1,41,75,2017,5,16,3,3,1,2,0,1,0,0,0,0,0,4.01365E+20,5.57319E+21,7.61498E+15,5.03025E+16
103786,7.17052E+18,7,1,38,45,2017,5,23,7,3,9,1,0,1,0,0,0,2,0,3.97152E+20,5.58768E+21,7.55187E+15,5.04322E+16
103787,7.17051E+18,7,1,11,0,2017,5,8,3,3,5,3,0,1,0,0,1,0,0,3.97877E+20,5.58137E+21,7.56378E+15,5.03755E+16
103788,7.17052E+18,7,1,38,45,2017,5,11,7,2,5,2,0,1,0,1,0,0,0,3.89846E+20,5.58997E+21,7.44836E+15,5.04514E+16
103789,7.17051E+18,7,3,40,4,2017,5,11,2,2,4,6,0,1,0,0,0,0,1,4.10716E+20,5.44509E+21,7.77557E+15,4.91521E+16
103790,7.17052E+18,7,1,40,80,2017,5,18,7,3,2,6,0,1,0,0,1,0,0,4.01678E+20,5.54773E+21,7.62595E+15,5.00737E+16
103791,7.17051E+18,7,3,17,0,2017,5,13,2,3,5,2,0,1,0,0,0,0,0,3.96411E+20,5.44964E+21,7.57828E+15,4.91908E+16
103792,7.17052E+18,7,3,36,55,2017,5,15,6,3,0,5,1,1,0,0,0,0,1,3.84572E+20,5.48848E+21,7.40459E+15,4.9538E+16
103793,7.17052E+18,7,3,12,0,2017,5,18,6,3,1,6,0,1,0,0,0,0,1,4.05328E+20,5.47127E+21,7.69551E+15,4.93868E+16
103794,7.17052E+18,7,3,12,0,2017,5,4,6,3,8,1,0,1,0,0,0,2,1,4.10244E+20,5.47923E+21,7.76142E+15,4.94591E+16
103795,7.17052E+18,7,3,38,2,2017,5,14,6,3,2,6,0,1,0,0,0,0,1,4.50349E+20,5.48921E+21,8.31354E+15,4.95534E+16
103796,7.17051E+18,7,3,36,501,2017,5,16,2,3,8,1,0,0,0,0,1,0,0,3.84833E+20,5.48301E+21,7.40979E+15,4.94888E+16
103797,7.17053E+18,7,1,38,68,2017,5,17,3,3,5,3,0,1,0,0,0,0,0,3.82413E+20,5.60521E+21,7.33891E+15,5.05869E+16
103798,7.17051E+18,7,3,34,12,2017,5,6,2,3,2,6,0,1,0,0,0,0,1,4.4766E+20,5.43559E+21,8.28338E+15,4.90709E+16
103799,7.17053E+18,7,1,32,117,2017,5,14,3,3,5,3,0,1,0,0,0,0,1,4.10168E+20,5.6268E+21,7.72563E+15,5.0786E+16
103800,7.17051E+18,7,3,32,25,2017,5,9,2,3,1,6,0,1,0,0,0,0,1,4.45373E+20,5.47014E+21,8.24738E+15,4.93815E+16
103801,7.17051E+18,7,3,37,501,2017,5,12,2,3,4,2,0,1,0,0,1,0,1,4.23391E+20,5.45068E+21,7.9483E+15,4.92042E+16
103802,7.17051E+18,7,3,37,42,2017,5,13,2,3,5,3,0,1,0,0,0,0,0,4.28513E+20,5.44825E+21,8.01903E+15,4.91829E+16
103803,7.17051E+18,7,3,37,61,2017,5,8,2,3,2,6,0,1,0,0,0,0,1,4.39445E+20,5.44954E+21,8.16883E+15,4.91957E+16
103804,7.17051E+18,7,3,14,0,2017,5,9,2,3,3,2,1,1,0,0,0,0,1,4.56896E+20,5.4786E+21,8.40521E+15,4.94585E+16
103805,7.17051E+18,7,3,39,38,2017,5,6,2,3,1,6,0,1,0,0,0,1,1,4.2113E+20,5.53323E+21,7.90071E+15,4.99463E+16
103806,7.17052E+18,7,3,37,8,2017,5,17,6,2,9,1,0,1,0,0,0,0,1,4.21952E+20,5.44075E+21,7.93046E+15,4.91146E+16
103807,7.17052E+18,7,3,14,0,2017,5,19,6,3,2,6,0,1,0,0,0,0,1,4.5385E+20,5.4823E+21,8.36275E+15,4.94915E+16
103808,7.17052E+18,7,1,33,501,2017,5,18,6,3,5,3,0,1,0,0,0,0,1,3.98864E+20,5.5248E+21,7.59267E+15,4.98671E+16
103809,7.17052E+18,7,1,33,6,2017,5,16,6,3,5,3,0,1,0,0,0,0,1,4.15757E+20,5.51771E+21,7.82922E+15,4.98059E+16
103810,7.17052E+18,7,3,31,73,2017,5,14,6,3,1,2,0,1,0,0,0,0,1,4.36668E+20,5.52196E+21,8.11909E+15,4.98467E+16
103811,7.17052E+18,7,3,31,3,2017,5,20,6,3,8,1,0,0,0,1,0,0,0,4.37368E+20,5.5114E+21,8.13053E+15,4.97518E+16
103812,7.17052E+18,7,3,31,20,2017,5,12,6,3,5,3,0,1,0,0,0,0,1,4.39998E+20,5.50589E+21,8.16788E+15,4.97025E+16
103813,7.17052E+18,7,3,39,18,2017,5,16,6,3,8,1,0,1,0,0,0,0,1,4.46579E+20,5.52076E+21,8.25711E+15,4.98369E+16
103814,7.17052E+18,7,3,15,0,2017,5,19,6,3,0,1,0,0,0,1,0,0,1,4.47157E+20,5.53921E+21,8.26261E+15,5.00028E+16
103815,7.17052E+18,7,3,15,0,2017,5,2,6,2,6,4,0,1,1,0,0,2,1,4.48989E+20,5.53737E+21,8.28842E+15,4.99865E+16
103816,7.17051E+18,7,3,19,0,2017,5,6,2,3,5,2,1,0,0,0,1,0,1,4.5328E+20,5.50439E+21,8.35224E+15,4.96902E+16
103817,7.17051E+18,7,2,33,501,2017,5,20,2,3,8,1,0,1,0,0,0,0,1,3.45669E+20,5.56142E+21,6.83816E+15,5.01849E+16
103818,7.17052E+18,7,3,15,0,2017,5,16,6,3,1,6,0,1,0,0,0,0,1,4.48462E+20,5.53605E+21,8.28125E+15,4.99746E+16
103819,7.17051E+18,7,2,33,26,2017,5,16,2,2,8,1,0,1,0,0,0,0,0,3.31528E+20,5.56586E+21,6.63828E+15,5.02209E+16
103820,7.17051E+18,7,2,31,8,2017,5,14,2,2,2,6,1,0,0,0,1,0,0,3.61566E+20,5.53161E+21,7.07147E+15,4.99208E+16
103821,7.17052E+18,7,3,15,0,2017,5,13,6,3,2,6,0,1,0,0,0,0,1,4.45164E+20,5.5346E+21,8.23546E+15,4.99613E+16
103822,7.17051E+18,7,2,35,105,2017,5,8,2,3,4,1,0,1,0,0,0,0,0,3.31126E+20,5.50085E+21,6.66112E+15,4.96365E+16
103823,7.17051E+18,7,2,35,68,2017,5,7,2,2,0,7,0,0,0,1,0,0,0,3.22951E+20,5.5053E+21,6.54598E+15,4.96742E+16
103824,7.17052E+18,7,3,15,0,2017,5,8,6,2,3,7,0,1,0,0,1,0,0,4.4654E+20,5.53505E+21,8.25459E+15,4.99654E+16
103825,7.17052E+18,7,3,31,30,2017,5,11,6,3,4,1,0,1,0,0,1,0,1,4.27374E+20,5.52093E+21,7.99003E+15,4.98364E+16
103826,7.17051E+18,7,2,35,141,2017,5,18,2,2,4,6,0,1,0,0,0,0,0,3.37617E+20,5.5122E+21,6.74622E+15,4.97404E+16
103827,7.17051E+18,7,2,35,125,2017,5,12,2,2,0,7,1,0,0,0,0,0,0,3.3761E+20,5.52104E+21,6.74244E+15,4.98198E+16
103828,7.17052E+18,7,2,33,26,2017,5,16,6,3,4,2,0,1,0,0,0,0,1,3.3306E+20,5.56603E+21,6.65967E+15,5.02229E+16
103829,7.17051E+18,7,1,43,241,2017,5,12,2,3,3,6,0,1,0,0,0,0,0,4.11177E+20,5.60964E+21,7.74405E+15,5.06319E+16
103830,7.17052E+18,7,2,32,304,2017,5,13,6,3,4,6,0,1,0,0,1,0,1,3.1855E+20,5.55875E+21,6.45992E+15,5.01532E+16
103831,7.17051E+18,7,1,41,29,2017,5,13,2,3,2,6,0,1,0,0,0,0,0,4.31112E+20,5.57924E+21,8.03149E+15,5.03612E+16
103832,7.17051E+18,7,1,38,10,2017,5,18,2,3,4,6,0,1,0,0,0,0,0,3.89312E+20,5.59616E+21,7.43902E+15,5.0507E+16
103833,7.17052E+18,7,2,32,18,2017,5,19,6,3,9,1,0,1,0,0,0,0,1,3.23085E+20,5.54133E+21,6.53141E+15,4.9998E+16
103834,7.17052E+18,7,2,31,113,2017,5,14,6,3,8,1,0,1,0,0,0,0,1,3.45928E+20,5.53102E+21,6.85402E+15,4.99117E+16
103835,7.17052E+18,7,2,11,0,2017,5,12,6,3,6,4,0,1,1,0,0,0,1,3.32297E+20,5.51471E+21,6.67137E+15,4.97615E+16
103836,7.17052E+18,7,1,43,276,2017,5,16,6,3,1,2,0,1,0,0,0,0,1,4.17143E+20,5.61407E+21,7.82741E+15,5.06726E+16
103837,7.17051E+18,7,1,32,501,2017,5,17,2,3,5,3,0,1,0,0,1,0,0,4.03744E+20,5.61587E+21,7.63738E+15,5.06867E+16
103838,7.17052E+18,7,1,41,102,2017,5,19,6,2,9,1,0,1,0,0,0,0,1,4.33373E+20,5.57537E+21,8.06396E+15,5.03267E+16
103839,7.17051E+18,7,1,35,83,2017,5,6,2,2,4,2,0,1,0,1,0,0,0,3.55249E+20,5.5643E+21,6.97117E+15,5.02131E+16
103840,7.17051E+18,7,1,31,70,2017,5,8,2,3,2,6,0,1,0,0,0,0,1,3.74434E+20,5.60444E+21,7.2265E+15,5.05784E+16
103841,7.17051E+18,7,1,31,3,2017,5,13,2,3,6,4,0,1,1,0,0,0,0,3.57738E+20,5.59802E+21,6.99329E+15,5.05168E+16
103842,7.17061E+18,7,1,37,216,2017,6,12,1,2,5,3,0,1,0,1,0,0,0,3.93148E+20,5.58339E+21,7.49674E+15,5.03928E+16
103843,7.17062E+18,7,1,11,0,2017,6,15,6,3,2,6,0,1,0,0,0,0,0,3.9861E+20,5.57765E+21,7.5751E+15,5.03422E+16
103844,7.17061E+18,7,1,40,501,2017,6,16,1,2,8,1,0,1,0,1,0,0,0,3.97636E+20,5.56457E+21,7.56495E+15,5.02245E+16
103845,7.17061E+18,7,1,40,84,2017,6,11,1,2,9,1,1,0,0,0,0,0,0,3.97551E+20,5.55486E+21,7.56637E+15,5.01371E+16
103846,7.17061E+18,7,1,37,226,2017,6,14,1,2,6,4,0,1,1,0,0,0,0,4.01721E+20,5.58306E+21,7.61739E+15,5.03913E+16
103847,7.17061E+18,7,3,40,38,2017,6,18,7,2,5,3,1,1,0,0,0,0,0,3.99349E+20,5.45613E+21,7.61696E+15,4.92496E+16
103848,7.17061E+18,7,3,17,0,2017,6,8,7,3,3,6,1,1,0,0,0,0,0,3.97638E+20,5.45275E+21,7.59432E+15,4.9219E+16
103849,7.17062E+18,7,1,11,0,2017,6,15,6,3,5,2,0,1,0,0,0,0,0,4.00272E+20,5.57887E+21,7.59812E+15,5.03535E+16
103850,7.17061E+18,7,3,35,30,2017,6,13,7,3,4,2,0,1,0,1,0,0,0,3.89981E+20,5.47938E+21,7.48186E+15,4.94571E+16
103851,7.17062E+18,7,1,37,89,2017,6,16,6,3,2,6,0,1,0,0,0,0,0,3.8304E+20,5.57524E+21,7.35712E+15,5.03176E+16
103852,7.17061E+18,7,3,35,41,2017,6,19,7,3,4,2,0,1,1,0,0,0,0,4.0712E+20,5.489E+21,7.71602E+15,4.95465E+16
103853,7.17062E+18,7,1,43,69,2017,6,14,6,3,9,7,0,1,0,0,1,0,0,4.07301E+20,5.59737E+21,7.69233E+15,5.05209E+16
103854,7.17062E+18,7,1,43,12,2017,6,1,6,3,2,6,0,0,0,0,1,2,0,4.12294E+20,5.5911E+21,7.76421E+15,5.04653E+16
103855,7.17061E+18,7,3,35,29,2017,6,13,7,3,8,1,0,0,0,1,0,0,0,4.08867E+20,5.49243E+21,7.73938E+15,4.95776E+16
103856,7.17062E+18,7,3,40,207,2017,6,17,5,3,2,2,0,1,0,0,0,0,0,3.89125E+20,5.45514E+21,7.47679E+15,4.9239E+16
103857,7.17062E+18,7,3,40,206,2017,6,14,5,3,8,1,0,0,0,1,0,0,1,3.83431E+20,5.45492E+21,7.39867E+15,4.9236E+16
103858,7.17061E+18,7,3,40,5,2017,6,13,2,3,6,4,0,0,1,1,0,0,0,4.18515E+20,5.44562E+21,7.8824E+15,4.9158E+16
103859,7.17061E+18,7,3,35,48,2017,6,0,7,3,0,7,0,0,0,1,0,2,1,4.17186E+20,5.47297E+21,7.8585E+15,4.94038E+16
103860,7.17061E+18,7,3,32,9,2017,6,2,7,3,0,1,1,0,0,0,0,2,0,4.41341E+20,5.47447E+21,8.19119E+15,4.94201E+16
103861,7.17061E+18,7,3,32,2,2017,6,11,7,3,6,6,0,1,1,0,0,0,0,4.4051E+20,5.48086E+21,8.17878E+15,4.94774E+16
103862,7.17061E+18,7,3,16,0,2017,6,14,7,2,5,2,0,1,0,1,0,0,0,4.40138E+20,5.47038E+21,8.17522E+15,4.93831E+16
103863,7.17061E+18,7,3,37,23,2017,6,12,7,3,6,3,1,0,1,0,0,0,0,4.40531E+20,5.45192E+21,8.18339E+15,4.92172E+16
103864,7.17062E+18,7,3,12,0,2017,6,16,5,3,2,6,0,1,0,0,1,0,1,4.02358E+20,5.4774E+21,7.65309E+15,4.94414E+16
103865,7.17061E+18,7,3,20,0,2017,6,12,2,1,4,1,0,1,0,0,1,0,0,3.82113E+20,5.46041E+21,7.37896E+15,4.9285E+16
103866,7.17062E+18,7,3,12,0,2017,6,16,5,3,2,6,0,1,0,0,0,0,1,4.02363E+20,5.4774E+21,7.65315E+15,4.94414E+16
103867,7.17061E+18,7,3,36,87,2017,6,15,2,1,2,6,1,1,0,0,0,0,0,3.97884E+20,5.48891E+21,7.58842E+15,4.95442E+16
103868,7.17062E+18,7,3,33,84,2017,6,4,5,2,0,7,0,0,0,1,0,2,0,4.17631E+20,5.5002E+21,7.85896E+15,4.96487E+16
103869,7.17062E+18,7,3,35,12,2017,6,12,5,3,3,6,0,0,0,1,1,0,0,3.89449E+20,5.4729E+21,7.47632E+15,4.93988E+16
103870,7.17061E+18,7,3,36,55,2017,6,7,2,3,0,3,0,1,0,1,0,0,0,3.84305E+20,5.48831E+21,7.40095E+15,4.95364E+16
103871,7.17062E+18,7,3,12,0,2017,6,22,5,2,8,1,0,0,0,1,0,1,0,4.05649E+20,5.48079E+21,7.69766E+15,4.94724E+16
103872,7.17062E+18,7,3,35,35,2017,6,13,5,2,5,3,1,0,0,0,1,0,0,4.11043E+20,5.48428E+21,7.77131E+15,4.95046E+16
103873,7.17061E+18,7,3,32,2,2017,6,9,2,3,5,3,0,1,0,0,0,0,0,4.41004E+20,5.48107E+21,8.18557E+15,4.94794E+16
103874,7.17062E+18,7,3,37,49,2017,6,10,5,3,5,3,0,1,0,1,0,0,0,4.28377E+20,5.44468E+21,8.0178E+15,4.91508E+16
103875,7.17062E+18,7,3,18,0,2017,6,18,5,3,2,6,0,1,0,0,0,0,0,4.59792E+20,5.46361E+21,8.44669E+15,4.93239E+16
103876,7.17062E+18,7,3,38,25,2017,6,21,5,3,5,3,1,1,0,0,0,0,0,4.5561E+20,5.47022E+21,8.3884E+15,4.9383E+16
103877,7.17061E+18,7,3,18,0,2017,6,17,7,3,3,2,1,1,0,0,0,0,0,4.57659E+20,5.46464E+21,8.41723E+15,4.9333E+16
103878,7.17061E+18,7,3,18,0,2017,6,4,7,3,9,1,1,0,0,0,0,2,0,4.58067E+20,5.46192E+21,8.42312E+15,4.93086E+16
103879,7.17062E+18,7,3,38,8,2017,6,8,5,3,5,3,0,1,0,0,1,0,0,4.49723E+20,5.47927E+21,8.30615E+15,4.9464E+16
103880,7.17061E+18,7,3,38,19,2017,6,7,7,2,4,1,0,0,0,0,1,0,0,4.54442E+20,5.47575E+21,8.37167E+15,4.94327E+16
103881,7.17062E+18,7,3,31,44,2017,6,19,5,3,8,1,0,0,0,1,0,0,1,4.31991E+20,5.50667E+21,8.05673E+15,4.97087E+16
103882,7.17061E+18,7,3,33,47,2017,6,11,7,2,9,1,0,1,0,0,0,0,0,4.29847E+20,5.50526E+21,8.02724E+15,4.96958E+16
103883,7.17061E+18,7,3,31,23,2017,6,15,7,2,2,6,1,1,0,0,0,0,0,4.44583E+20,5.50024E+21,8.23226E+15,4.96522E+16
103884,7.17062E+18,7,3,31,71,2017,6,11,5,3,5,3,0,1,0,1,0,0,0,4.45837E+20,5.50565E+21,8.24889E+15,4.97009E+16
103885,7.17062E+18,7,3,39,26,2017,6,6,5,3,2,6,0,1,0,0,0,0,0,4.47503E+20,5.52909E+21,8.26882E+15,4.99119E+16
103886,7.17061E+18,7,3,39,39,2017,6,8,7,3,5,3,0,1,0,0,0,0,0,4.51351E+20,5.53021E+21,8.32227E+15,4.99223E+16
103887,7.17061E+18,7,3,39,19,2017,6,21,7,2,9,1,0,0,0,1,0,0,0,4.29123E+20,5.53483E+21,8.0118E+15,4.99616E+16
103888,7.17062E+18,7,3,15,0,2017,6,8,5,3,5,3,1,1,0,0,0,0,0,4.4851E+20,5.53495E+21,8.28206E+15,4.99647E+16
103889,7.17062E+18,7,3,15,0,2017,6,9,5,2,7,7,1,0,0,0,0,0,0,4.44191E+20,5.54156E+21,8.22089E+15,5.00237E+16
103890,7.17061E+18,7,3,19,0,2017,6,12,7,3,5,3,0,1,0,0,1,0,0,4.48894E+20,5.49949E+21,8.29209E+15,4.96458E+16
103891,7.17062E+18,7,3,39,9,2017,6,7,5,3,2,2,0,1,0,1,0,0,0,4.40809E+20,5.54173E+21,8.17365E+15,5.00249E+16
103892,7.17062E+18,7,3,15,0,2017,6,13,5,3,3,6,0,1,0,0,0,0,0,4.47425E+20,5.5373E+21,8.26662E+15,4.99857E+16
103893,7.17061E+18,7,2,33,241,2017,6,11,7,3,9,7,0,1,0,0,0,0,0,3.25357E+20,5.57479E+21,6.54773E+15,5.02994E+16
103894,7.17062E+18,7,3,15,0,2017,6,4,5,3,6,4,0,1,1,0,0,0,0,4.46858E+20,5.53886E+21,8.25848E+15,4.99997E+16
103895,7.17061E+18,7,2,32,32,2017,6,17,7,3,5,3,0,1,0,1,0,0,0,3.12221E+20,5.53264E+21,6.3842E+15,4.99166E+16
103896,7.17062E+18,7,3,31,1,2017,6,17,5,3,2,6,0,1,0,0,0,0,1,4.36838E+20,5.51465E+21,8.12265E+15,4.9781E+16
103897,7.17062E+18,7,2,32,302,2017,6,19,5,3,4,6,1,1,0,0,1,0,0,3.12387E+20,5.5759E+21,6.36527E+15,5.03054E+16
103898,7.17062E+18,7,2,32,290,2017,6,17,5,2,9,1,0,0,0,1,0,0,0,3.1234E+20,5.55981E+21,6.37257E+15,5.01607E+16
103899,7.17062E+18,7,2,31,502,2017,6,16,5,3,5,3,0,0,0,0,1,0,0,3.64869E+20,5.51977E+21,7.1216E+15,4.98151E+16
103900,7.17062E+18,7,1,34,45,2017,6,18,5,3,1,5,0,1,0,0,0,0,0,3.84022E+20,5.50667E+21,7.39162E+15,4.97013E+16
103901,7.17062E+18,7,2,35,149,2017,6,7,5,3,5,3,0,1,0,0,0,0,0,3.17066E+20,5.50053E+21,6.46673E+15,4.96296E+16
103902,7.17062E+18,7,1,43,286,2017,6,6,5,3,5,3,0,1,0,0,0,0,0,4.34554E+20,5.60853E+21,8.07475E+15,5.0625E+16
103903,7.17062E+18,7,1,43,279,2017,6,16,5,3,3,2,0,1,0,0,0,0,0,4.21892E+20,5.60967E+21,7.89553E+15,5.06337E+16
103904,7.17062E+18,7,3,15,0,2017,6,11,7,3,2,6,0,1,0,0,0,0,0,4.47935E+20,5.53945E+21,8.27344E+15,5.00051E+16
103905,7.17061E+18,7,2,32,21,2017,6,4,7,3,9,1,0,1,0,0,0,1,0,3.11074E+20,5.53792E+21,6.36566E+15,4.99637E+16