OBJECTID,UIDENTSTLA,ULAND,UREGBEZ,UKREIS,UGEMEINDE,UJAHR,UMONAT,USTUNDE,UWOCHENTAG,UKATEGORIE,UART,UTYP1,IstRad,IstPKW,IstFuss,IstKrad,IstSonstig,LICHT,STRZUSTAND,LINREFX,LINREFY,XGCSWGS84,YGCSWGS84
103906,7.17062E+18,7,3,37,59,2017,6,7,7,2,9,1,0,1,0,0,0,0,0,4.28696E+20,5.43469E+21,8.02393E+15,4.90609E+16
103907,7.17061E+18,7,2,31,77,2017,6,10,7,3,9,7,0,1,0,0,0,0,0,3.6465E+20,5.52768E+21,7.11579E+15,4.98862E+16
103908,7.17062E+18,7,1,43,255,2017,6,7,5,3,5,3,0,1,0,0,0,0,0,4.26594E+20,5.61398E+21,7.96115E+15,5.0673E+16
103909,7.17061E+18,7,2,31,65,2017,6,17,7,3,4,6,0,1,0,1,0,0,0,3.41643E+20,5.5452E+21,6.78854E+15,5.0038E+16
103910,7.17062E+18,7,1,32,117,2017,6,13,5,2,4,6,0,1,0,1,0,0,0,4.09295E+20,5.62622E+21,7.71338E+15,5.07807E+16
103911,7.17061E+18,7,1,34,36,2017,6,6,7,3,9,1,0,1,0,0,0,0,0,3.7516E+20,5.49583E+21,7.27223E+15,4.96021E+16
103912,7.17061E+18,7,1,43,308,2017,6,16,7,2,4,6,0,1,0,0,0,0,0,4.28834E+20,5.60064E+21,7.9954E+15,5.05534E+16
103913,7.17062E+18,7,1,38,45,2017,6,6,5,3,2,6,0,1,0,0,0,0,0,3.92718E+20,5.59158E+21,7.48834E+15,5.04664E+16
103914,7.17061E+18,7,1,43,308,2017,6,10,7,3,6,2,0,1,1,0,0,0,0,4.26837E+20,5.60169E+21,7.96701E+15,5.05626E+16
103915,7.17061E+18,7,1,41,23,2017,6,10,7,2,8,1,0,0,0,1,0,0,0,4.07025E+20,5.56571E+21,7.69626E+15,5.02363E+16
103916,7.17062E+18,7,1,31,206,2017,6,10,5,3,5,3,0,1,0,0,1,0,0,3.6077E+20,5.58386E+21,7.0413E+15,5.03903E+16
103917,7.17061E+18,7,1,38,66,2017,6,3,7,3,9,1,0,1,0,0,0,2,0,3.98279E+20,5.59632E+21,7.56539E+15,5.051E+16
103918,7.17062E+18,7,1,31,51,2017,6,2,5,2,0,6,0,1,0,1,0,2,0,3.5133E+20,5.5762E+21,6.91161E+15,5.03191E+16
103919,7.17061E+18,7,1,38,45,2017,6,14,7,3,5,3,0,1,0,0,0,0,0,3.91189E+20,5.58713E+21,7.46809E+15,5.04261E+16
103920,7.17062E+18,7,1,40,113,2017,6,12,5,2,8,1,0,1,0,0,0,0,0,3.92079E+20,5.53639E+21,7.49505E+15,4.99701E+16
103921,7.17061E+18,7,1,35,82,2017,6,10,7,2,9,1,0,0,0,1,0,0,0,3.77619E+20,5.55774E+21,7.28665E+15,5.01592E+16
103922,7.17062E+18,7,1,40,501,2017,6,6,5,2,8,1,0,1,0,0,0,0,0,3.98385E+20,5.56106E+21,7.57639E+15,5.0193E+16
103923,7.17062E+18,7,1,37,69,2017,6,13,5,2,2,6,0,1,0,0,1,0,0,3.75869E+20,5.58348E+21,7.25373E+15,5.03902E+16
103924,7.17062E+18,7,1,43,21,2017,6,20,5,3,3,6,0,1,0,0,0,0,1,4.2307E+20,5.58812E+21,7.91664E+15,5.044E+16
103925,7.17062E+18,7,1,38,74,2017,6,17,5,3,8,1,0,1,0,0,0,0,0,3.99397E+20,5.60089E+21,7.57991E+15,5.05513E+16
103926,7.17062E+18,7,3,40,228,2017,6,17,4,3,2,6,0,1,0,0,0,0,0,3.88586E+20,5.46178E+21,7.46755E+15,4.92986E+16
103927,7.17061E+18,7,3,16,0,2017,6,22,2,3,9,1,0,1,0,0,0,2,0,4.38535E+20,5.46859E+21,8.15341E+15,4.93669E+16
103928,7.17061E+18,7,1,31,77,2017,6,9,7,3,6,2,0,1,1,0,0,0,0,3.75656E+20,5.60102E+21,7.2449E+15,5.05479E+16
103929,7.17061E+18,7,3,37,37,2017,6,15,2,3,2,1,0,1,0,0,0,0,0,4.33058E+20,5.43854E+21,8.083E+15,4.90961E+16
103930,7.17061E+18,7,1,31,32,2017,6,11,7,3,8,1,0,0,0,1,0,0,0,3.51309E+20,5.58287E+21,6.90868E+15,5.03791E+16
103931,7.17061E+18,7,3,37,22,2017,6,19,2,2,2,6,0,1,0,1,1,0,0,4.29032E+20,5.44726E+21,8.02632E+15,4.9174E+16
103932,7.17061E+18,7,1,40,125,2017,6,18,7,2,5,3,0,1,0,1,0,0,0,4.05216E+20,5.53952E+21,7.6774E+15,5.00004E+16
103933,7.17061E+18,7,1,11,0,2017,6,17,7,3,1,6,0,1,0,0,0,0,0,3.99106E+20,5.58063E+21,7.58127E+15,5.03691E+16
103934,7.17061E+18,7,1,43,32,2017,6,6,7,3,8,1,0,0,0,0,1,0,0,4.06728E+20,5.58906E+21,7.68632E+15,5.04462E+16
103935,7.17061E+18,7,3,40,207,2017,6,16,6,3,8,1,0,1,0,0,0,0,1,3.90933E+20,5.45477E+21,7.50172E+15,4.9236E+16
103936,7.17061E+18,7,3,40,23,2017,6,15,6,3,5,2,0,1,0,0,0,0,1,3.95028E+20,5.45494E+21,7.55791E+15,4.92383E+16
103937,7.17061E+18,7,3,40,4,2017,6,21,6,3,4,2,0,1,0,0,0,1,1,4.11394E+20,5.44518E+21,7.78484E+15,4.9153E+16
103938,7.17062E+18,7,3,40,29,2017,6,15,6,3,9,1,0,0,0,1,0,0,0,3.99785E+20,5.43968E+21,7.62706E+15,4.91018E+16
103939,7.17062E+18,7,3,32,25,2017,6,10,4,3,5,3,0,1,0,0,0,0,0,4.47669E+20,5.46748E+21,8.27935E+15,4.93577E+16
103940,7.17062E+18,7,3,32,6,2017,6,9,4,3,6,6,0,0,1,0,1,0,0,4.40848E+20,5.49512E+21,8.1813E+15,4.96057E+16
103941,7.17061E+18,7,3,13,0,2017,6,13,2,3,2,6,0,1,0,1,0,0,0,4.35204E+20,5.45245E+21,8.11015E+15,4.92214E+16
103942,7.17062E+18,7,3,32,50,2017,6,19,4,1,8,1,0,1,0,0,0,0,0,4.45849E+20,5.4842E+21,8.25201E+15,4.9508E+16
103943,7.17062E+18,7,3,16,0,2017,6,15,4,3,1,6,0,1,0,0,0,0,0,4.37179E+20,5.46717E+21,8.13496E+15,4.9354E+16
103944,7.17061E+18,7,3,37,7,2017,6,11,2,3,0,1,1,0,1,0,0,0,0,4.33034E+20,5.44327E+21,8.08189E+15,4.91386E+16
103945,7.17062E+18,7,3,37,38,2017,6,17,4,3,9,1,0,1,0,0,0,0,0,4.39828E+20,5.44362E+21,8.17497E+15,4.91424E+16
103946,7.17061E+18,7,3,18,0,2017,6,17,2,3,5,3,1,1,0,0,0,0,0,4.58589E+20,5.46417E+21,8.43006E+15,4.93289E+16
103947,7.17062E+18,7,3,38,26,2017,6,17,4,3,5,3,1,1,0,0,0,0,0,4.59123E+20,5.47189E+21,8.43663E+15,4.93983E+16
103948,7.17061E+18,7,3,18,0,2017,6,16,2,3,1,2,0,1,0,1,0,0,0,4.59794E+20,5.46359E+21,8.4467E+15,4.93237E+16
103949,7.17062E+18,7,1,33,54,2017,6,16,4,3,5,3,0,1,0,0,0,0,0,4.21341E+20,5.52809E+21,7.9047E+15,4.99E+16
103950,7.17061E+18,7,3,20,0,2017,6,7,6,2,4,2,0,1,0,0,0,0,0,3.83087E+20,5.45695E+21,7.39334E+15,4.92542E+16
103951,7.17062E+18,7,3,31,72,2017,6,21,4,2,9,6,0,1,0,0,0,2,0,4.2636E+20,5.52025E+21,7.97606E+15,4.98302E+16
103952,7.17061E+18,7,3,33,48,2017,6,5,6,2,0,6,0,0,0,1,0,0,0,4.1914E+20,5.48746E+21,7.88247E+15,4.95343E+16
103953,7.17062E+18,7,3,39,8,2017,6,17,4,3,8,1,0,1,0,0,0,0,0,4.33813E+20,5.52946E+21,8.07811E+15,4.99139E+16
103954,7.17062E+18,7,3,39,30,2017,6,16,4,3,2,6,0,1,0,0,1,0,0,4.32121E+20,5.53681E+21,8.05325E+15,4.99797E+16
103955,7.17062E+18,7,3,15,0,2017,6,13,4,3,4,2,0,1,0,0,1,0,0,4.46759E+20,5.53894E+21,8.25709E+15,5.00004E+16
103956,7.17061E+18,7,3,18,0,2017,6,15,2,3,5,3,1,1,0,0,0,0,0,4.56435E+20,5.46536E+21,8.40029E+15,4.93394E+16
103957,7.17062E+18,7,3,31,1,2017,6,11,4,3,2,6,0,1,0,0,0,0,0,4.34502E+20,5.51574E+21,8.09002E+15,4.97906E+16
103958,7.17062E+18,7,3,31,4,2017,6,11,4,3,0,7,0,0,0,0,1,0,0,4.31713E+20,5.51762E+21,8.05095E+15,4.98072E+16
103959,7.17062E+18,7,2,32,231,2017,6,15,4,2,7,1,0,0,0,0,1,0,0,3.05973E+20,5.56434E+21,6.28121E+15,5.01994E+16
103960,7.17062E+18,7,2,32,307,2017,6,6,4,2,8,1,0,0,0,1,0,0,0,3.22919E+20,5.55735E+21,6.52168E+15,5.01419E+16
103961,7.17062E+18,7,2,31,80,2017,6,20,4,2,5,3,0,1,0,1,0,0,0,3.42968E+20,5.55094E+21,6.80468E+15,5.009E+16
103962,7.17062E+18,7,2,31,13,2017,6,18,4,2,9,1,0,0,0,1,0,0,0,3.40433E+20,5.53618E+21,6.7754E+15,4.99567E+16
103963,7.17062E+18,7,2,35,68,2017,6,8,4,3,1,6,0,1,0,0,0,0,0,3.25177E+20,5.50862E+21,6.57533E+15,4.97047E+16
103964,7.17061E+18,7,3,16,0,2017,6,19,6,3,0,1,0,0,0,1,0,0,1,4.37531E+20,5.46734E+21,8.13978E+15,4.93555E+16
103965,7.17062E+18,7,1,41,86,2017,6,3,7,2,9,1,0,1,0,0,0,2,0,4.04478E+20,5.57514E+21,7.65818E+15,5.03206E+16
103966,7.17061E+18,7,3,16,0,2017,6,18,6,3,4,2,0,1,0,0,0,0,1,4.38219E+20,5.46752E+21,8.14922E+15,4.93572E+16
103967,7.17062E+18,7,2,35,69,2017,6,15,4,3,8,1,0,1,0,0,0,0,0,3.3125E+20,5.52229E+21,6.65355E+15,4.98292E+16
103968,7.17061E+18,7,3,34,501,2017,6,19,6,3,8,1,0,1,0,0,0,0,1,4.49332E+20,5.43976E+21,8.30576E+15,4.91086E+16
103969,7.17062E+18,7,2,35,51,2017,6,5,4,2,7,7,0,0,0,1,0,0,0,3.23032E+20,5.51057E+21,6.54472E+15,4.97216E+16
103970,7.17061E+18,7,3,34,501,2017,6,12,6,3,5,3,0,1,0,0,0,0,0,4.41621E+20,5.43368E+21,8.201E+15,4.90532E+16
103971,7.17061E+18,7,3,34,13,2017,6,8,6,3,5,2,0,1,0,1,0,0,0,4.4163E+20,5.43642E+21,8.20072E+15,4.90779E+16
103972,7.17062E+18,7,1,32,117,2017,6,8,4,3,5,2,0,1,0,0,0,0,0,4.09386E+20,5.62554E+21,7.71484E+15,5.07746E+16
103973,7.17061E+18,7,3,13,0,2017,6,15,6,3,2,6,0,1,0,0,0,0,0,4.38018E+20,5.44892E+21,8.14935E+15,4.91899E+16
103974,7.17061E+18,7,3,38,25,2017,6,20,6,3,5,3,0,1,0,1,0,0,1,4.55355E+20,5.46991E+21,8.38492E+15,4.93803E+16
103975,7.17062E+18,7,1,31,6,2017,6,9,4,3,2,2,0,1,0,0,0,0,0,3.77977E+20,5.59588E+21,7.27932E+15,5.05021E+16
103976,7.17062E+18,7,1,31,77,2017,6,9,4,2,3,2,1,1,0,0,0,0,0,3.75885E+20,5.60021E+21,7.24841E+15,5.05406E+16
103977,7.17061E+18,7,3,38,26,2017,6,20,6,3,0,3,1,1,0,0,0,0,0,4.59484E+20,5.47162E+21,8.44162E+15,4.9396E+16
103978,7.17062E+18,7,1,40,71,2017,6,16,4,3,2,6,0,1,0,0,0,0,0,3.83653E+20,5.53874E+21,7.37688E+15,4.99897E+16
103979,7.17061E+18,7,1,33,111,2017,6,18,6,3,4,1,0,1,0,0,1,0,1,3.97079E+20,5.51735E+21,7.5698E+15,4.97998E+16
103980,7.17062E+18,7,1,40,202,2017,6,0,4,3,7,7,0,0,0,1,0,2,0,3.85042E+20,5.55677E+21,7.39083E+15,5.0152E+16
103981,7.17061E+18,7,1,33,111,2017,6,17,6,3,9,1,0,1,0,0,0,0,1,3.96882E+20,5.51738E+21,7.56706E+15,4.98E+16
103982,7.17062E+18,7,1,37,202,2017,6,9,4,3,9,1,0,1,0,0,0,0,0,3.88541E+20,5.57779E+21,7.43361E+15,5.03416E+16
103983,7.17062E+18,7,1,43,27,2017,6,16,4,3,1,6,0,1,0,0,1,0,0,4.18473E+20,5.58901E+21,7.85172E+15,5.04474E+16
103984,7.17062E+18,7,1,11,0,2017,6,12,4,1,8,1,0,1,0,0,1,0,0,3.96486E+20,5.58328E+21,7.54371E+15,5.03925E+16
103985,7.17062E+18,7,3,20,0,2017,6,9,3,2,2,6,0,1,0,0,0,0,0,3.82067E+20,5.45469E+21,7.38E+15,4.92336E+16
103986,7.17061E+18,7,1,33,52,2017,6,11,6,3,2,6,0,1,0,0,0,0,1,3.87528E+20,5.51332E+21,7.4383E+15,4.97618E+16
103987,7.17062E+18,7,3,17,0,2017,6,13,3,3,1,6,0,1,0,0,0,0,0,3.9979E+20,5.4492E+21,7.62475E+15,4.91874E+16
103988,7.17061E+18,7,1,33,108,2017,6,17,6,3,8,1,0,1,0,0,0,0,1,4.17182E+20,5.53097E+21,7.84618E+15,4.99253E+16
103989,7.17061E+18,7,1,33,6,2017,6,16,6,3,2,6,0,1,0,0,0,0,0,4.18293E+20,5.52178E+21,7.8636E+15,4.98429E+16
103990,7.17061E+18,7,3,39,49,2017,6,18,6,3,9,1,0,1,0,0,0,0,0,4.53757E+20,5.52214E+21,8.35675E+15,4.98499E+16
103991,7.17061E+18,7,3,15,0,2017,6,13,6,3,5,3,0,1,0,0,0,0,0,4.47674E+20,5.53624E+21,8.27023E+15,4.99762E+16
103992,7.17061E+18,7,2,32,296,2017,6,12,6,3,4,6,0,1,0,0,1,0,1,3.15528E+20,5.56386E+21,6.41519E+15,5.01981E+16
103993,7.17061E+18,7,2,31,134,2017,6,20,6,3,1,2,0,1,0,0,0,0,0,3.4926E+20,5.53848E+21,6.89747E+15,4.99796E+16
103994,7.17061E+18,7,2,31,134,2017,6,18,6,2,5,3,0,1,0,0,0,0,0,3.52904E+20,5.53942E+21,6.9479E+15,4.9989E+16
103995,7.17061E+18,7,1,34,44,2017,6,10,6,3,9,1,0,1,0,0,0,0,0,3.7593E+20,5.52156E+21,7.2747E+15,4.98336E+16
103996,7.17061E+18,7,2,11,0,2017,6,12,6,3,5,3,0,1,0,0,0,0,0,3.34524E+20,5.52098E+21,6.69959E+15,4.98184E+16
103997,7.17061E+18,7,2,11,0,2017,6,21,6,3,8,1,0,1,0,0,0,2,0,3.31474E+20,5.51592E+21,6.65942E+15,4.97721E+16
103998,7.17062E+18,7,2,11,0,2017,6,14,6,3,1,6,0,1,0,0,0,0,0,3.28984E+20,5.5114E+21,6.62685E+15,4.97308E+16
103999,7.17061E+18,7,1,41,5,2017,6,18,6,3,0,2,0,1,0,1,0,0,1,4.29124E+20,5.58207E+21,8.00302E+15,5.03864E+16
104000,7.17062E+18,7,3,38,17,2017,6,10,6,2,5,3,0,1,0,0,1,0,0,4.57202E+20,5.47233E+21,8.41011E+15,4.94021E+16
104001,7.17062E+18,7,3,12,0,2017,6,16,3,3,3,2,0,1,0,1,0,0,0,4.06308E+20,5.47715E+21,7.70761E+15,4.94398E+16
104002,7.17061E+18,7,1,41,6,2017,6,12,6,3,1,6,0,1,0,0,0,0,1,4.0831E+20,5.57667E+21,7.71162E+15,5.0335E+16
104003,7.17061E+18,7,1,43,60,2017,6,9,6,3,5,3,0,1,0,0,0,0,0,4.168E+20,5.59519E+21,7.82678E+15,5.05027E+16
104004,7.17061E+18,7,1,38,14,2017,6,15,6,3,4,1,0,1,0,0,1,0,1,3.97861E+20,5.60291E+21,7.55768E+15,5.05692E+16
104005,7.17061E+18,7,1,38,14,2017,6,7,6,3,9,1,0,1,0,0,0,0,0,3.98388E+20,5.60356E+21,7.56494E+15,5.05751E+16
104006,7.17061E+18,7,1,32,30,2017,6,13,6,3,8,1,0,1,0,0,0,0,1,4.14181E+20,5.62156E+21,7.78375E+15,5.07395E+16
104007,7.17061E+18,7,1,35,20,2017,6,19,6,3,6,4,0,1,1,0,0,0,0,3.68768E+20,5.55664E+21,7.16319E+15,5.01474E+16
104008,7.17062E+18,7,3,35,47,2017,6,7,3,2,9,6,0,0,0,1,0,0,0,4.10537E+20,5.47131E+21,7.76725E+15,4.93879E+16
104009,7.17062E+18,7,3,38,26,2017,6,15,3,3,2,6,0,1,0,0,1,0,0,4.57469E+20,5.47157E+21,8.41386E+15,4.93953E+16
104010,7.17062E+18,7,3,38,19,2017,6,14,3,3,8,1,0,0,0,1,0,0,0,4.52079E+20,5.47424E+21,8.33926E+15,4.94189E+16
104011,7.17062E+18,7,3,32,18,2017,6,23,3,2,5,3,0,1,0,1,0,2,0,4.31349E+20,5.46973E+21,8.05425E+15,4.93764E+16
104012,7.17061E+18,7,3,38,25,2017,6,16,2,3,5,3,1,1,0,0,0,0,0,4.5561E+20,5.47022E+21,8.3884E+15,4.9383E+16
104013,7.17062E+18,7,3,34,8,2017,6,18,3,3,2,7,0,1,0,0,0,0,0,4.45552E+20,5.43059E+21,8.2552E+15,4.90258E+16
104014,7.17062E+18,7,3,37,5,2017,6,9,3,3,2,1,0,1,0,0,1,0,0,4.27031E+20,5.43915E+21,8.00035E+15,4.91009E+16
104015,7.17061E+18,7,1,37,35,2017,6,10,6,3,9,1,0,1,0,0,0,0,1,3.57429E+20,5.58008E+21,6.99576E+15,5.03555E+16
104016,7.17061E+18,7,1,31,90,2017,6,7,6,2,8,1,0,1,0,0,0,0,0,3.61226E+20,5.60522E+21,7.03977E+15,5.05824E+16
104017,7.17062E+18,7,3,13,0,2017,6,15,3,3,5,3,0,1,0,0,0,0,0,4.35818E+20,5.4511E+21,8.11881E+15,4.92093E+16
104018,7.17061E+18,7,1,37,203,2017,6,12,6,3,6,4,0,1,1,0,0,0,1,3.99151E+20,5.58615E+21,7.58042E+15,5.04187E+16
104019,7.17062E+18,7,3,13,0,2017,6,8,3,3,5,3,0,1,0,1,0,0,0,4.32354E+20,5.45136E+21,8.0712E+15,4.92113E+16
104020,7.17061E+18,7,1,37,203,2017,6,16,6,3,4,1,0,1,0,0,0,0,1,3.99452E+20,5.5853E+21,7.58488E+15,5.04111E+16
104021,7.17061E+18,7,1,38,34,2017,6,11,6,3,8,1,0,1,0,0,0,0,0,4.00551E+20,5.59914E+21,7.59667E+15,5.05358E+16
104022,7.17062E+18,7,3,18,0,2017,6,13,3,3,5,2,1,1,0,0,0,0,0,4.58591E+20,5.46461E+21,8.43005E+15,4.93328E+16
104023,7.17061E+18,7,3,40,54,2017,6,19,5,2,9,1,0,0,0,1,0,0,0,4.14838E+20,5.46489E+21,7.82788E+15,4.93308E+16
104024,7.17061E+18,7,3,40,57,2017,6,16,5,3,5,3,0,1,0,0,0,0,0,4.15281E+20,5.45033E+21,7.83706E+15,4.91999E+16
104025,7.17062E+18,7,3,11,0,2017,6,21,3,2,5,7,0,1,0,0,0,1,0,4.53216E+20,5.48886E+21,8.35322E+15,4.95506E+16
104026,7.17062E+18,7,3,14,0,2017,6,10,3,3,5,2,1,1,0,0,0,0,0,4.56857E+20,5.48241E+21,8.40425E+15,4.94928E+16
104027,7.17061E+18,7,3,16,0,2017,6,6,5,2,2,6,0,1,0,0,1,0,0,4.42984E+20,5.46311E+21,8.21547E+15,4.9318E+16
104028,7.17062E+18,7,3,14,0,2017,6,7,3,3,1,5,0,1,0,0,1,0,0,4.57616E+20,5.4827E+21,8.4147E+15,4.94954E+16
104029,7.17062E+18,7,3,19,0,2017,6,13,3,2,5,2,0,1,0,1,0,0,0,4.47966E+20,5.49789E+21,8.27944E+15,4.96313E+16
104030,7.17061E+18,7,3,16,0,2017,6,6,5,2,2,6,0,1,0,0,0,0,0,4.42984E+20,5.46311E+21,8.21547E+15,4.9318E+16
104031,7.17063E+18,7,2,32,220,2017,6,19,1,2,8,1,0,0,0,1,0,0,0,2.99832E+20,5.55536E+21,6.19999E+15,5.01167E+16
104032,7.17062E+18,7,3,15,0,2017,6,8,3,3,5,2,0,1,0,0,0,0,0,4.49295E+20,5.53659E+21,8.2928E+15,4.99795E+16
104033,7.17061E+18,7,3,34,12,2017,6,17,5,3,5,3,0,1,0,0,0,0,0,4.47236E+20,5.43647E+21,8.27747E+15,4.90789E+16
104034,7.17062E+18,7,3,15,0,2017,6,9,3,3,2,6,1,0,0,0,0,0,0,4.46021E+20,5.53838E+21,8.24688E+15,4.99953E+16
104035,7.17062E+18,7,2,31,134,2017,6,15,3,3,2,6,0,1,0,0,1,0,0,3.48809E+20,5.53704E+21,6.89176E+15,4.99665E+16
104036,7.17062E+18,7,2,31,53,2017,6,10,3,3,2,6,0,1,0,0,0,0,0,3.41595E+20,5.52462E+21,6.79633E+15,4.98531E+16
104037,7.17061E+18,7,3,34,25,2017,6,14,5,2,3,3,1,0,0,0,1,0,0,4.48451E+20,5.44469E+21,8.29306E+15,4.91528E+16
104038,7.17062E+18,7,2,33,26,2017,6,11,3,3,2,6,0,1,0,0,1,0,0,3.3281E+20,5.56742E+21,6.65556E+15,5.02353E+16
104039,7.17061E+18,7,3,34,7,2017,6,7,5,2,1,5,0,1,0,0,1,0,0,4.53806E+20,5.45161E+21,8.36569E+15,4.92155E+16
104040,7.17061E+18,7,3,38,26,2017,6,7,2,3,5,3,0,1,0,1,0,0,0,4.59251E+20,5.47076E+21,8.4385E+15,4.93882E+16
104041,7.17061E+18,7,3,37,22,2017,6,7,5,3,7,7,0,1,0,0,0,0,0,4.28177E+20,5.44573E+21,8.01488E+15,4.91602E+16
104042,7.17061E+18,7,3,18,0,2017,6,5,5,2,4,6,0,1,0,0,0,0,0,4.57621E+20,5.46297E+21,8.41687E+15,4.9318E+16
104043,7.17061E+18,7,3,14,0,2017,6,8,2,3,1,5,1,1,0,0,0,0,0,4.57838E+20,5.47907E+21,8.41815E+15,4.94628E+16
104044,7.17061E+18,7,3,38,26,2017,6,12,5,3,0,3,0,1,0,1,0,0,0,4.59013E+20,5.47267E+21,8.43503E+15,4.94054E+16
104045,7.17061E+18,7,3,14,0,2017,6,17,5,3,5,2,0,1,0,1,0,0,0,4.55338E+20,5.482E+21,8.38333E+15,4.9489E+16
104046,7.17061E+18,7,3,31,3,2017,6,7,2,3,1,6,0,1,0,0,0,0,0,4.36526E+20,5.51127E+21,8.11886E+15,4.97506E+16
104047,7.17061E+18,7,3,31,30,2017,6,21,5,3,5,3,0,1,0,0,0,1,0,4.25611E+20,5.52373E+21,7.96498E+15,4.98614E+16
104048,7.17061E+18,7,1,33,37,2017,6,15,5,3,4,2,0,1,0,0,0,0,0,4.21284E+20,5.51961E+21,7.90563E+15,4.98238E+16
104049,7.17061E+18,7,2,33,40,2017,6,17,5,3,5,2,0,1,0,0,1,0,0,3.45687E+20,5.56832E+21,6.83561E+15,5.02468E+16
104050,7.17061E+18,7,2,35,501,2017,6,15,5,2,8,1,0,0,0,1,0,0,0,3.25415E+20,5.52513E+21,6.57122E+15,4.98531E+16
104051,7.17061E+18,7,1,43,304,2017,6,15,5,3,2,6,0,1,0,0,0,0,0,4.25876E+20,5.59283E+21,7.95521E+15,5.04827E+16
104052,7.17061E+18,7,1,38,44,2017,6,7,5,3,4,1,0,1,0,0,0,0,1,3.89371E+20,5.6089E+21,7.43606E+15,5.06215E+16
104053,7.17062E+18,7,1,38,57,2017,6,20,6,3,4,6,1,1,0,0,0,0,0,4.00385E+20,5.60681E+21,7.59227E+15,5.06047E+16
104054,7.17062E+18,7,2,32,254,2017,6,7,3,3,8,7,0,1,0,0,0,0,0,3.12872E+20,5.55237E+21,6.38366E+15,5.00941E+16
104055,7.17061E+18,7,1,37,35,2017,6,15,5,2,5,1,0,1,0,0,1,0,0,3.56907E+20,5.57981E+21,6.98853E+15,5.03529E+16
104056,7.17062E+18,7,2,31,113,2017,6,16,3,3,1,6,0,1,0,0,0,0,0,3.44962E+20,5.53251E+21,6.83997E+15,4.99248E+16
104057,7.17061E+18,7,1,37,86,2017,6,17,5,2,5,3,0,1,0,0,1,0,0,3.85656E+20,5.57787E+21,7.39306E+15,5.03418E+16
104058,7.17062E+18,7,2,31,69,2017,6,8,3,3,8,1,0,0,0,0,1,0,0,3.50693E+20,5.53175E+21,6.92005E+15,4.99195E+16
104059,7.17062E+18,7,2,35,78,2017,6,13,3,2,4,2,0,1,0,0,0,0,0,3.39829E+20,5.51924E+21,6.774E+15,4.98042E+16
104060,7.17062E+18,7,1,43,291,2017,6,14,3,3,4,2,0,1,0,0,1,0,0,4.33508E+20,5.61269E+21,8.05921E+15,5.06622E+16
104061,7.17062E+18,7,1,41,135,2017,6,12,3,2,8,1,0,0,0,1,0,0,0,4.18196E+20,5.57608E+21,7.85063E+15,5.03311E+16
104062,7.17061E+18,7,3,19,0,2017,6,6,2,3,4,6,0,1,0,0,1,0,0,4.53682E+20,5.49737E+21,8.35865E+15,4.96271E+16
104063,7.17061E+18,7,1,41,23,2017,6,15,5,3,5,3,0,1,0,1,0,0,0,4.09438E+20,5.56725E+21,7.72973E+15,5.02505E+16
104064,7.17061E+18,7,3,15,0,2017,6,17,2,3,4,2,1,1,0,0,0,0,0,4.47136E+20,5.53928E+21,8.26232E+15,5.00035E+16
104065,7.17061E+18,7,1,37,203,2017,6,14,5,2,1,7,0,1,0,0,1,0,0,3.97517E+20,5.58729E+21,7.55712E+15,5.04287E+16
104066,7.17061E+18,7,3,31,37,2017,6,12,2,3,2,6,0,1,0,0,1,0,0,4.46436E+20,5.50295E+21,8.25756E+15,4.96767E+16
104067,7.17061E+18,7,1,11,0,2017,6,23,5,3,5,2,0,1,0,0,0,2,0,3.97874E+20,5.58137E+21,7.56374E+15,5.03755E+16
104068,7.17061E+18,7,2,31,124,2017,6,16,2,2,5,3,0,1,0,0,0,0,0,3.65895E+20,5.53498E+21,7.13058E+15,4.99521E+16
104069,7.17061E+18,7,1,11,0,2017,6,17,5,3,1,6,0,1,0,0,0,0,0,3.97074E+20,5.5807E+21,7.55269E+15,5.03693E+16
104070,7.17061E+18,7,1,11,0,2017,6,14,5,3,3,6,0,1,0,0,1,0,0,3.99579E+20,5.58005E+21,7.58808E+15,5.0364E+16
104071,7.17061E+18,7,1,11,0,2017,6,12,5,3,8,1,0,0,0,1,0,1,0,4.01185E+20,5.57868E+21,7.611E+15,5.03519E+16
104072,7.17061E+18,7,1,33,23,2017,6,15,5,3,2,6,0,1,0,0,0,0,0,4.0913E+20,5.53668E+21,7.73268E+15,4.99755E+16
104073,7.17061E+18,7,3,20,0,2017,6,15,4,3,6,4,0,1,1,0,0,0,0,3.79912E+20,5.45622E+21,7.34996E+15,4.9247E+16
104074,7.17061E+18,7,3,33,48,2017,6,13,4,3,0,1,0,0,0,1,0,0,1,4.19386E+20,5.48932E+21,7.88549E+15,4.95511E+16
104075,7.17062E+18,7,1,37,231,2017,6,12,7,3,5,3,1,1,0,0,0,0,0,3.89789E+20,5.57754E+21,7.4512E+15,5.03396E+16
104076,7.17062E+18,7,1,43,28,2017,6,14,3,3,4,2,0,1,0,1,0,0,0,4.15834E+20,5.59612E+21,7.81295E+15,5.0511E+16
104077,7.17061E+18,7,2,33,56,2017,6,8,2,3,5,3,0,1,0,0,0,0,0,3.34418E+20,5.56619E+21,6.67862E+15,5.02247E+16