OBJECTID,UIDENTSTLA,ULAND,UREGBEZ,UKREIS,UGEMEINDE,UJAHR,UMONAT,USTUNDE,UWOCHENTAG,UKATEGORIE,UART,UTYP1,IstRad,IstPKW,IstFuss,IstKrad,IstSonstig,LICHT,STRZUSTAND,LINREFX,LINREFY,XGCSWGS84,YGCSWGS84
104423,7.1706E+18,7,1,11,0,2017,6,13,7,3,2,6,0,1,0,0,0,0,1,4.0116E+20,5.57926E+21,7.6105E+15,5.03571E+16
104424,7.1706E+18,7,1,35,51,2017,6,21,7,3,8,1,0,1,0,0,0,1,1,3.65967E+20,5.56441E+21,7.12127E+15,5.02167E+16
104425,7.17062E+18,7,1,31,70,2017,6,8,6,3,5,3,0,1,0,0,0,0,0,3.73416E+20,5.60746E+21,7.2111E+15,5.06053E+16
104426,7.1706E+18,7,3,36,77,2017,6,14,6,2,8,1,0,1,0,0,0,0,0,3.78627E+20,5.48758E+21,7.32274E+15,4.95286E+16
104427,7.1706E+18,7,3,33,42,2017,6,9,6,3,8,6,0,1,0,0,0,0,0,4.17284E+20,5.48874E+21,7.85656E+15,4.95456E+16
104428,7.17062E+18,7,1,37,101,2017,6,12,6,3,2,2,0,1,0,0,1,0,0,3.77725E+20,5.57963E+21,7.28107E+15,5.0356E+16
104429,7.1706E+18,7,3,14,0,2017,6,9,6,3,8,1,0,0,0,1,0,0,0,4.1429E+20,5.4784E+21,7.81743E+15,4.94522E+16
104430,7.1706E+18,7,3,35,34,2017,6,8,6,3,1,7,0,1,0,0,0,0,0,4.08177E+20,5.48225E+21,7.73221E+15,4.94859E+16
104431,7.17062E+18,7,1,37,68,2017,6,11,6,3,2,6,0,1,0,0,1,0,0,3.76569E+20,5.57708E+21,7.26566E+15,5.03328E+16
104432,7.17061E+18,7,2,33,79,2017,6,14,1,2,9,1,0,1,0,0,0,0,0,3.36811E+20,5.55846E+21,6.71545E+15,5.01559E+16
104433,7.1706E+18,7,3,16,0,2017,6,11,6,3,5,3,0,1,0,1,0,0,0,4.41994E+20,5.46464E+21,8.20162E+15,4.93317E+16
104434,7.1706E+18,7,3,13,0,2017,6,13,6,3,2,6,0,1,0,0,1,0,0,4.3706E+20,5.4519E+21,8.13573E+15,4.92166E+16
104435,7.17061E+18,7,2,32,206,2017,6,14,1,3,9,1,0,0,0,1,0,0,0,3.04707E+20,5.56753E+21,6.26185E+15,5.02277E+16
104436,7.1706E+18,7,3,13,0,2017,6,8,6,3,2,6,0,1,0,0,0,0,0,4.37966E+20,5.44963E+21,8.14852E+15,4.91963E+16
104437,7.1706E+18,7,3,37,44,2017,6,7,6,3,0,1,1,0,0,0,0,0,0,4.37485E+20,5.44539E+21,8.14258E+15,4.91582E+16
104438,7.17061E+18,7,2,32,311,2017,6,8,1,2,2,6,1,1,0,0,0,0,0,3.34534E+20,5.54201E+21,6.69072E+15,5.00074E+16
104439,7.1706E+18,7,3,38,19,2017,6,16,6,3,4,2,0,1,0,0,0,0,0,4.54112E+20,5.4777E+21,8.36689E+15,4.94503E+16
104440,7.1706E+18,7,3,38,5,2017,6,12,6,2,5,3,0,1,0,0,0,0,0,4.50205E+20,5.46855E+21,8.31414E+15,4.93676E+16
104441,7.1706E+18,7,3,14,0,2017,6,16,6,2,2,6,0,1,0,0,0,0,0,4.56813E+20,5.48344E+21,8.40353E+15,4.9502E+16
104442,7.1706E+18,7,3,39,5,2017,6,10,6,3,5,2,0,1,0,0,0,0,0,4.20402E+20,5.5351E+21,7.89018E+15,4.99629E+16
104443,7.1706E+18,7,1,33,35,2017,6,10,6,2,3,2,0,0,0,0,1,0,0,4.1821E+20,5.52497E+21,7.86177E+15,4.98715E+16
104444,7.17062E+18,7,2,35,45,2017,6,11,6,3,4,6,0,1,0,1,0,0,0,3.48936E+20,5.50187E+21,6.90721E+15,4.96505E+16
104445,7.17062E+18,7,3,18,0,2017,6,10,6,3,0,6,0,1,0,0,1,0,0,4.57213E+20,5.46298E+21,8.41126E+15,4.9318E+16
104446,7.17062E+18,7,1,11,0,2017,6,17,6,3,5,3,0,1,0,0,0,0,0,3.9465E+20,5.58085E+21,7.51857E+15,5.03703E+16
104447,7.17062E+18,7,1,38,11,2017,6,17,6,3,2,6,0,1,0,0,1,0,0,3.99872E+20,5.60022E+21,7.58679E+15,5.05454E+16
104448,7.17061E+18,7,1,34,69,2017,6,13,1,3,0,3,0,1,0,1,0,0,0,3.81322E+20,5.52471E+21,7.34868E+15,4.98631E+16
104449,7.17062E+18,7,3,34,8,2017,6,21,5,3,9,1,0,0,0,1,0,0,1,4.45774E+20,5.43125E+21,8.25815E+15,4.90318E+16
104450,7.17062E+18,7,3,14,0,2017,6,12,5,3,1,6,0,0,0,1,1,0,0,4.53003E+20,5.48212E+21,8.35107E+15,4.94899E+16
104451,7.17062E+18,7,3,14,0,2017,6,14,5,3,2,2,0,1,0,0,0,0,0,4.61586E+20,5.47631E+21,8.47013E+15,4.94383E+16
104452,7.17062E+18,7,3,33,60,2017,6,11,5,2,7,7,0,0,0,1,0,0,0,4.25192E+20,5.4847E+21,7.96663E+15,4.95103E+16
104453,7.17062E+18,7,3,31,68,2017,6,17,5,3,1,5,0,1,0,0,0,0,0,4.31539E+20,5.52078E+21,8.04797E+15,4.98355E+16
104454,7.17062E+18,7,2,32,86,2017,6,10,5,3,8,1,0,0,0,1,0,0,0,3.20952E+20,5.54416E+21,6.50036E+15,5.00228E+16
104455,7.17062E+18,7,2,31,56,2017,6,6,5,3,9,1,0,1,0,0,0,1,0,3.69875E+20,5.52518E+21,7.18933E+15,4.98649E+16
104456,7.1706E+18,7,3,31,63,2017,6,15,6,3,5,2,0,0,0,1,1,0,0,4.35058E+20,5.5216E+21,8.09676E+15,4.98433E+16
104457,7.17062E+18,7,1,41,15,2017,6,15,5,2,8,1,0,0,0,1,0,0,0,4.15288E+20,5.55912E+21,7.81358E+15,5.01782E+16
104458,7.17062E+18,7,2,11,0,2017,6,15,7,2,4,6,0,1,0,1,1,0,0,3.28986E+20,5.51127E+21,6.62695E+15,4.97296E+16
104459,7.17062E+18,7,1,41,10,2017,6,13,5,3,0,1,0,0,0,1,0,0,0,4.28825E+20,5.56727E+21,8.00161E+15,5.02533E+16
104460,7.17062E+18,7,3,38,16,2017,6,17,7,3,8,1,0,0,0,1,0,0,0,4.47645E+20,5.48766E+21,8.27636E+15,4.95393E+16
104461,7.1706E+18,7,3,31,53,2017,6,15,6,2,8,1,0,0,0,1,0,0,0,4.25929E+20,5.50596E+21,7.97279E+15,4.97016E+16
104462,7.17062E+18,7,3,40,210,2017,6,16,7,3,4,6,0,1,0,0,0,0,0,3.85984E+20,5.44988E+21,7.43516E+15,4.91911E+16
104463,7.1706E+18,7,3,31,43,2017,6,15,6,3,5,3,0,1,0,0,0,0,0,4.34506E+20,5.51558E+21,8.09011E+15,4.97891E+16
104464,7.17062E+18,7,1,43,79,2017,6,12,5,2,0,1,1,0,0,0,0,0,0,4.1495E+20,5.58132E+21,7.80385E+15,5.03778E+16
104465,7.1706E+18,7,3,33,56,2017,6,0,6,3,7,7,0,0,0,1,0,2,0,4.27156E+20,5.50622E+21,7.98976E+15,4.97041E+16
104466,7.17062E+18,7,1,38,80,2017,6,18,5,3,2,2,0,1,0,0,0,0,0,3.85093E+20,5.61552E+21,7.37355E+15,5.06802E+16
104467,7.1706E+18,7,3,39,32,2017,6,16,6,2,2,6,0,1,0,1,0,0,0,4.43586E+20,5.53253E+21,8.21377E+15,4.99424E+16
104468,7.1706E+18,7,3,15,0,2017,6,15,6,3,5,2,0,1,0,0,0,0,0,4.46838E+20,5.54044E+21,8.25799E+15,5.00139E+16
104469,7.1706E+18,7,3,15,0,2017,6,14,6,3,1,6,0,1,0,0,0,0,0,4.5066E+20,5.53561E+21,8.31195E+15,4.99708E+16
104470,7.1706E+18,7,2,31,7,2017,6,19,6,2,9,1,0,1,0,0,0,0,0,3.43789E+20,5.53833E+21,6.82127E+15,4.99769E+16
104471,7.17062E+18,7,1,32,80,2017,6,0,5,3,9,1,0,1,0,0,0,2,0,4.15237E+20,5.62881E+21,7.79704E+15,5.08049E+16
104472,7.1706E+18,7,1,35,92,2017,6,4,6,3,8,1,0,1,0,0,0,2,0,3.72065E+20,5.54214E+21,7.21416E+15,5.00178E+16
104473,7.1706E+18,7,2,32,227,2017,6,14,6,2,8,1,0,1,0,0,0,0,0,3.12587E+20,5.5711E+21,6.37046E+15,5.02623E+16
104474,7.17062E+18,7,1,31,39,2017,6,15,5,3,4,1,0,1,0,1,0,0,0,3.59812E+20,5.5941E+21,7.024E+15,5.04821E+16
104475,7.1706E+18,7,2,31,75,2017,6,23,6,3,1,1,1,1,0,0,0,2,0,3.58175E+20,5.53125E+21,7.0244E+15,4.99167E+16
104476,7.17062E+18,7,1,37,6,2017,6,14,5,3,8,1,0,0,0,1,0,0,0,3.63184E+20,5.58289E+21,7.07559E+15,5.03821E+16
104477,7.1706E+18,7,2,35,103,2017,6,10,6,3,2,1,0,0,0,1,0,0,0,3.44843E+20,5.50782E+21,6.84818E+15,4.97029E+16
104478,7.17062E+18,7,1,31,3,2017,6,19,5,3,9,1,0,1,0,0,0,0,0,3.55555E+20,5.59812E+21,6.96248E+15,5.05172E+16
104479,7.17062E+18,7,1,31,3,2017,6,10,5,3,8,1,0,0,0,1,0,0,0,3.58309E+20,5.60064E+21,7.00034E+15,5.05405E+16
104480,7.17062E+18,7,1,37,81,2017,6,13,5,3,4,2,0,1,0,0,0,0,0,3.7793E+20,5.58735E+21,7.28145E+15,5.04255E+16
104481,7.17062E+18,7,1,40,501,2017,6,21,5,2,7,1,0,1,0,0,0,0,0,3.98934E+20,5.56541E+21,7.58292E+15,5.02322E+16
104482,7.17061E+18,7,2,35,43,2017,6,5,1,1,8,1,0,1,0,0,0,0,0,3.31349E+20,5.49925E+21,6.66488E+15,4.96222E+16
104483,7.1706E+18,7,2,11,0,2017,6,20,6,3,8,1,0,0,0,1,0,1,0,3.34815E+20,5.52421E+21,6.70225E+15,4.98475E+16
104484,7.17061E+18,7,2,35,140,2017,6,2,1,2,8,1,0,1,0,0,0,2,0,3.31747E+20,5.49833E+21,6.67079E+15,4.96141E+16
104485,7.1706E+18,7,1,43,270,2017,6,18,6,2,8,1,0,1,0,0,0,0,0,4.22457E+20,5.61694E+21,7.90199E+15,5.06991E+16
104486,7.17062E+18,7,3,37,501,2017,6,16,7,1,4,1,0,1,0,1,0,0,0,4.19796E+20,5.4565E+21,7.89778E+15,4.9256E+16
104487,7.17062E+18,7,1,37,203,2017,6,11,5,2,5,3,1,1,0,0,0,0,0,3.98526E+20,5.58711E+21,7.57137E+15,5.04272E+16
104488,7.17063E+18,7,1,40,112,2017,6,11,1,3,0,1,1,0,0,0,0,0,0,4.09336E+20,5.55103E+21,7.73216E+15,5.01046E+16
104489,7.17062E+18,7,1,37,69,2017,6,5,5,3,2,6,0,1,0,0,1,0,0,3.77546E+20,5.58286E+21,7.2775E+15,5.0385E+16
104490,7.1706E+18,7,1,43,205,2017,6,17,6,3,8,1,0,1,0,0,0,0,0,4.1712E+20,5.61623E+21,7.8266E+15,5.0692E+16
104491,7.1706E+18,7,1,41,121,2017,6,8,6,3,1,5,0,1,0,0,0,0,0,4.08393E+20,5.55652E+21,7.71765E+15,5.01538E+16
104492,7.1706E+18,7,1,41,14,2017,6,19,6,3,5,3,0,1,0,0,0,0,0,4.29352E+20,5.57942E+21,8.00672E+15,5.03626E+16
104493,7.1706E+18,7,1,38,62,2017,6,12,6,3,5,3,1,1,0,0,0,0,0,3.74274E+20,5.60979E+21,7.22243E+15,5.06264E+16
104494,7.1706E+18,7,1,32,18,2017,6,22,6,3,9,1,0,1,0,0,0,2,0,4.28231E+20,5.62106E+21,7.98294E+15,5.07369E+16
104495,7.1706E+18,7,1,35,93,2017,6,7,6,3,8,1,0,1,0,0,0,0,0,3.7144E+20,5.56624E+21,7.19732E+15,5.02343E+16
104496,7.17061E+18,7,3,40,1,2017,6,12,4,3,0,7,1,0,0,0,0,0,0,4.18803E+20,5.43354E+21,7.88877E+15,4.90494E+16
104497,7.1706E+18,7,1,31,77,2017,6,11,6,3,5,3,1,1,0,0,0,0,0,3.75717E+20,5.60078E+21,7.24585E+15,5.05457E+16
104498,7.1706E+18,7,1,31,2,2017,6,12,6,3,2,6,0,1,0,1,0,0,0,3.56781E+20,5.59653E+21,6.98037E+15,5.05032E+16
104499,7.17061E+18,7,3,20,0,2017,6,12,4,3,5,3,0,1,0,0,0,0,0,3.82266E+20,5.45725E+21,7.38199E+15,4.92567E+16
104500,7.1706E+18,7,1,37,95,2017,6,20,6,3,9,1,0,1,0,0,0,0,0,3.84833E+20,5.5732E+21,7.38292E+15,5.02997E+16
104501,7.1706E+18,7,1,40,501,2017,6,12,6,3,9,1,0,1,0,1,0,0,0,3.99996E+20,5.56417E+21,7.59814E+15,5.02213E+16
104502,7.17061E+18,7,3,17,0,2017,6,17,4,3,2,6,0,1,0,0,0,0,0,3.98964E+20,5.44991E+21,7.61324E+15,4.91937E+16
104503,7.1706E+18,7,1,11,0,2017,6,7,6,3,6,4,0,0,1,0,1,0,0,3.99605E+20,5.58043E+21,7.58833E+15,5.03674E+16
104504,7.17062E+18,7,1,43,46,2017,6,13,6,3,4,1,0,1,0,0,0,0,0,4.15478E+20,5.60016E+21,7.80702E+15,5.05473E+16
104505,7.17062E+18,7,3,31,4,2017,6,17,6,3,5,3,0,1,0,0,0,0,0,4.32141E+20,5.51782E+21,8.05686E+15,4.98089E+16
104506,7.17061E+18,7,3,33,9,2017,6,10,4,3,2,1,0,1,0,0,1,0,0,4.2447E+20,5.49375E+21,7.95492E+15,4.95917E+16
104507,7.17061E+18,7,3,33,503,2017,6,19,4,3,8,1,0,1,0,0,0,0,0,4.13695E+20,5.48893E+21,7.80691E+15,4.95468E+16
104508,7.17061E+18,7,2,11,0,2017,6,11,1,3,5,3,0,1,0,1,0,0,0,3.29033E+20,5.51463E+21,6.62613E+15,4.97598E+16
104509,7.17061E+18,7,3,11,0,2017,6,13,4,2,2,6,0,1,0,0,1,0,0,4.56142E+20,5.48854E+21,8.39369E+15,4.95479E+16
104510,7.17061E+18,7,3,32,27,2017,6,17,4,3,5,3,0,1,0,0,0,0,0,4.33161E+20,5.48793E+21,8.07614E+15,4.95403E+16
104511,7.17061E+18,7,1,41,42,2017,6,15,1,2,2,6,0,1,0,1,0,0,0,3.99544E+20,5.56573E+21,7.59138E+15,5.02352E+16
104512,7.17061E+18,7,3,37,6,2017,6,17,4,3,5,3,0,1,0,1,0,0,0,4.31915E+20,5.43877E+21,8.06732E+15,4.9098E+16
104513,7.17061E+18,7,3,32,9,2017,6,17,4,3,3,6,0,1,0,0,0,0,0,4.44116E+20,5.46988E+21,8.2301E+15,4.9379E+16
104514,7.17061E+18,7,3,32,25,2017,6,17,4,3,1,6,0,1,0,0,0,0,0,4.45307E+20,5.47012E+21,8.24647E+15,4.93813E+16
104515,7.17061E+18,7,3,18,0,2017,6,13,4,2,9,6,0,1,0,1,0,0,0,4.57463E+20,5.4614E+21,8.41486E+15,4.93039E+16
104516,7.17061E+18,7,3,11,0,2017,6,17,4,3,5,3,1,1,0,0,0,0,0,4.52711E+20,5.48618E+21,8.34655E+15,4.95264E+16
104517,7.17061E+18,7,3,14,0,2017,6,16,4,3,1,6,0,1,0,0,1,0,0,4.54888E+20,5.48258E+21,8.37704E+15,4.94942E+16
104518,7.17061E+18,7,3,14,0,2017,6,8,4,2,2,6,1,1,0,0,0,0,0,4.54032E+20,5.48311E+21,8.36517E+15,4.94989E+16
104519,7.17062E+18,7,1,40,14,2017,6,22,7,3,7,7,0,0,0,1,0,1,0,3.95805E+20,5.55324E+21,7.54239E+15,5.01222E+16
104520,7.1706E+18,7,1,38,44,2017,6,11,6,3,2,6,0,1,0,0,1,0,0,3.88802E+20,5.60733E+21,7.42848E+15,5.06072E+16
104521,7.17062E+18,7,3,39,67,2017,6,22,7,2,4,2,0,1,0,1,0,1,0,4.44137E+20,5.52668E+21,8.22229E+15,4.98899E+16
104522,7.1706E+18,7,1,37,203,2017,6,7,6,3,3,6,0,1,0,0,1,0,0,3.98957E+20,5.58547E+21,7.57787E+15,5.04126E+16
104523,7.17061E+18,7,1,33,96,2017,6,9,4,3,8,1,0,0,0,0,1,0,0,3.92379E+20,5.51899E+21,7.50407E+15,4.98137E+16
104524,7.1706E+18,7,3,32,47,2017,6,19,5,2,3,7,0,1,0,0,1,0,0,4.27639E+20,5.48286E+21,8.00075E+15,4.94941E+16
104525,7.17061E+18,7,3,31,55,2017,6,7,4,3,8,1,1,0,0,0,0,0,0,4.50844E+20,5.50587E+21,8.31829E+15,4.97033E+16
104526,7.1706E+18,7,3,35,38,2017,6,17,5,1,2,6,0,1,0,0,1,0,0,3.93723E+20,5.47503E+21,7.53465E+15,4.94187E+16
104527,7.1706E+18,7,3,35,22,2017,6,10,5,3,2,6,0,1,0,0,0,0,0,3.95856E+20,5.47308E+21,7.56455E+15,4.94015E+16
104528,7.17061E+18,7,3,15,0,2017,6,18,4,3,2,6,0,1,0,0,0,0,0,4.46016E+20,5.54109E+21,8.24642E+15,5.00197E+16
104529,7.1706E+18,7,3,12,0,2017,6,20,5,3,9,1,0,1,0,0,0,0,0,4.13662E+20,5.47744E+21,7.80897E+15,4.94435E+16
104530,7.1706E+18,7,3,11,0,2017,6,11,5,3,5,3,0,1,0,0,0,0,0,4.50425E+20,5.48892E+21,8.31462E+15,4.95508E+16
104531,7.17061E+18,7,3,15,0,2017,6,17,4,3,3,7,0,1,0,1,0,0,0,4.4387E+20,5.54009E+21,8.21662E+15,5.00105E+16
104532,7.1706E+18,7,3,32,21,2017,6,15,5,2,4,2,0,1,0,1,0,0,0,4.47332E+20,5.48855E+21,8.27191E+15,4.95473E+16
104533,7.1706E+18,7,3,16,0,2017,6,16,5,3,1,7,0,1,0,1,0,0,0,4.38471E+20,5.46636E+21,8.15287E+15,4.93468E+16
104534,7.17061E+18,7,3,15,0,2017,6,15,4,2,4,2,0,1,0,1,0,0,0,4.4683E+20,5.54045E+21,8.25788E+15,5.0014E+16
104535,7.17061E+18,7,3,39,5,2017,6,17,4,3,2,6,0,1,0,0,1,0,0,4.221E+20,5.53164E+21,7.91455E+15,4.99321E+16
104536,7.17061E+18,7,3,31,1,2017,6,12,4,3,2,6,0,0,0,0,1,0,0,4.36124E+20,5.51297E+21,8.11301E+15,4.97658E+16
104537,7.17061E+18,7,2,31,134,2017,6,18,4,3,1,6,0,1,0,0,0,0,0,3.50407E+20,5.53858E+21,6.91342E+15,4.99807E+16
104538,7.17061E+18,7,2,32,292,2017,6,7,4,3,8,1,0,1,0,0,0,0,0,3.1067E+20,5.56149E+21,6.34837E+15,5.01753E+16
104539,7.17061E+18,7,2,33,28,2017,6,6,4,3,9,1,0,1,0,0,0,0,0,3.29588E+20,5.57801E+21,6.60563E+15,5.03295E+16
104540,7.17061E+18,7,2,31,136,2017,6,7,4,3,2,2,0,1,0,0,0,0,0,3.56108E+20,5.53498E+21,6.99424E+15,4.99498E+16
104541,7.17061E+18,7,1,34,14,2017,6,15,4,3,5,2,0,0,0,1,0,0,0,3.70815E+20,5.51815E+21,7.20475E+15,4.98019E+16
104542,7.17062E+18,7,1,37,86,2017,6,13,7,3,5,3,0,1,0,1,0,0,0,3.85505E+20,5.57871E+21,7.39067E+15,5.03493E+16
104543,7.17061E+18,7,1,34,34,2017,6,16,4,2,9,1,0,0,0,1,0,0,0,3.66301E+20,5.50773E+21,7.14562E+15,4.97073E+16
104544,7.17062E+18,7,3,19,0,2017,6,19,7,3,9,1,0,1,0,0,0,0,0,4.54227E+20,5.49688E+21,8.36625E+15,4.96228E+16
104545,7.17061E+18,7,1,34,84,2017,6,11,4,2,4,2,0,1,0,1,0,0,0,3.72506E+20,5.51016E+21,7.23086E+15,4.97304E+16
104546,7.17062E+18,7,3,35,17,2017,6,18,7,3,5,3,0,1,0,0,0,0,0,4.06031E+20,5.48385E+21,7.70221E+15,4.95E+16
104547,7.17063E+18,7,1,43,18,2017,6,2,1,3,8,1,0,1,0,0,0,2,0,4.17382E+20,5.601E+21,7.8337E+15,5.05551E+16
104548,7.1706E+18,7,3,13,0,2017,6,1,5,3,8,7,0,1,0,0,0,2,0,4.34318E+20,5.45121E+21,8.09819E+15,4.92102E+16
104549,7.1706E+18,7,3,37,23,2017,6,14,5,3,1,6,1,1,0,0,0,0,0,4.39357E+20,5.45396E+21,8.16695E+15,4.92354E+16
104550,7.1706E+18,7,3,18,0,2017,6,8,5,3,2,6,0,1,0,0,0,0,0,4.60149E+20,5.46274E+21,8.45169E+15,4.93161E+16
104551,7.1706E+18,7,3,15,0,2017,6,18,5,3,4,2,1,1,0,0,0,0,0,4.47329E+20,5.53734E+21,8.26527E+15,4.99861E+16
104552,7.1706E+18,7,3,15,0,2017,6,15,5,3,3,6,0,1,0,0,1,0,0,4.47079E+20,5.53794E+21,8.2617E+15,4.99915E+16
104553,7.1706E+18,7,2,31,31,2017,6,21,5,3,2,6,0,1,0,0,0,1,0,3.45828E+20,5.52979E+21,6.85311E+15,4.99006E+16
104554,7.17061E+18,7,1,43,242,2017,6,16,4,3,2,6,0,1,0,0,0,0,0,4.27361E+20,5.60823E+21,7.97314E+15,5.06214E+16
104555,7.1706E+18,7,2,33,20,2017,6,8,5,3,5,3,0,1,0,0,0,0,0,3.43921E+20,5.56894E+21,6.8106E+15,5.0252E+16
104556,7.1706E+18,7,2,32,296,2017,6,13,5,3,2,2,0,1,0,0,0,0,0,3.14835E+20,5.56331E+21,6.40575E+15,5.0193E+16
104557,7.17061E+18,7,1,43,289,2017,6,15,4,3,3,6,0,1,0,0,1,0,0,4.20913E+20,5.5999E+21,7.88377E+15,5.05457E+16
104558,7.1706E+18,7,2,31,8,2017,6,18,5,3,9,1,0,1,0,0,0,0,0,3.60123E+20,5.53319E+21,7.05081E+15,4.99347E+16
104559,7.17061E+18,7,1,43,80,2017,6,17,4,3,5,3,0,1,0,0,0,0,0,4.25701E+20,5.59157E+21,7.95299E+15,5.04714E+16
104560,7.1706E+18,7,2,31,81,2017,6,15,5,3,5,1,0,1,0,1,0,0,0,3.56926E+20,5.53118E+21,7.00704E+15,4.99158E+16
104561,7.17061E+18,7,1,38,5,2017,6,21,4,3,8,1,0,1,0,0,0,1,0,3.92653E+20,5.59739E+21,7.48576E+15,5.05186E+16
104562,7.1706E+18,7,2,35,5,2017,6,18,5,2,9,1,0,0,0,1,0,0,0,3.48588E+20,5.51304E+21,6.89806E+15,4.97508E+16
104563,7.17061E+18,7,1,38,13,2017,6,19,4,3,8,1,0,0,0,1,0,0,0,3.96985E+20,5.60934E+21,7.54354E+15,5.06268E+16
104564,7.1706E+18,7,2,35,114,2017,6,12,5,2,5,3,0,1,0,0,1,0,0,3.49573E+20,5.50464E+21,6.91495E+15,4.96755E+16
104565,7.17061E+18,7,1,43,32,2017,6,13,1,3,8,1,0,1,0,0,0,0,0,4.06368E+20,5.58762E+21,7.68161E+15,5.04331E+16
104566,7.1706E+18,7,2,11,0,2017,6,20,5,3,5,3,1,1,0,0,0,1,0,3.28031E+20,5.51214E+21,6.61331E+15,4.97371E+16
104567,7.1706E+18,7,2,11,0,2017,6,9,5,3,1,1,0,1,0,0,0,0,0,3.28154E+20,5.51221E+21,6.61499E+15,4.97378E+16
104568,7.1706E+18,7,1,43,73,2017,6,20,5,3,1,2,0,1,0,0,0,0,0,4.16483E+20,5.59109E+21,7.82323E+15,5.04659E+16
104569,7.17061E+18,7,1,38,14,2017,6,12,4,3,8,1,0,1,0,0,0,0,0,3.98159E+20,5.6034E+21,7.56176E+15,5.05736E+16
104570,7.17061E+18,7,1,38,75,2017,6,6,4,2,5,2,0,1,0,1,0,0,0,3.8039E+20,5.60873E+21,7.30921E+15,5.06182E+16
104571,7.17061E+18,7,1,32,117,2017,6,11,4,3,5,3,0,1,0,0,1,0,0,4.10561E+20,5.62709E+21,7.73112E+15,5.07886E+16
104572,7.17061E+18,7,1,32,113,2017,6,11,4,3,1,2,0,1,0,0,0,0,0,4.2392E+20,5.61985E+21,7.9221E+15,5.07255E+16
104573,7.17061E+18,7,1,32,15,2017,6,17,1,2,9,1,0,0,0,1,0,0,0,3.96062E+20,5.60882E+21,7.53064E+15,5.0622E+16
104574,7.17061E+18,7,1,31,55,2017,6,19,4,3,2,6,0,1,0,0,1,0,0,3.7249E+20,5.59211E+21,7.20327E+15,5.04671E+16
104575,7.17061E+18,7,1,31,7,2017,6,16,4,3,1,6,0,1,0,0,1,0,0,3.71994E+20,5.60158E+21,7.19304E+15,5.05521E+16
104576,7.17061E+18,7,1,38,9,2017,6,11,1,2,5,3,0,1,0,1,0,0,0,3.82786E+20,5.6032E+21,7.34481E+15,5.05689E+16
104577,7.17061E+18,7,1,31,90,2017,6,14,4,3,6,6,0,1,1,0,0,0,0,3.64451E+20,5.60365E+21,7.08588E+15,5.0569E+16
104578,7.17061E+18,7,1,37,226,2017,6,17,4,2,5,3,0,1,0,0,1,0,0,4.02108E+20,5.58383E+21,7.62264E+15,5.03983E+16
104579,7.17061E+18,7,1,11,0,2017,6,8,4,3,2,6,0,1,0,0,0,0,0,3.98066E+20,5.58067E+21,7.56663E+15,5.03693E+16
104580,7.17061E+18,7,3,40,57,2017,6,18,3,3,2,6,0,1,0,0,0,0,0,4.17547E+20,5.45082E+21,7.86806E+15,4.92046E+16
104581,7.17061E+18,7,3,36,36,2017,6,13,3,2,9,1,0,0,0,1,0,0,0,4.04721E+20,5.49551E+21,7.6813E+15,4.96046E+16
104582,7.17061E+18,7,3,35,38,2017,6,7,3,3,1,6,0,1,0,0,0,0,0,3.95278E+20,5.47683E+21,7.55559E+15,4.94352E+16
104583,7.17061E+18,7,3,36,55,2017,6,15,3,2,3,6,0,1,0,0,0,0,0,3.82907E+20,5.48691E+21,7.38205E+15,4.95235E+16
104584,7.17061E+18,7,1,31,70,2017,6,17,1,3,8,1,0,1,0,0,0,0,0,3.75435E+20,5.60332E+21,7.24101E+15,5.05685E+16
104585,7.17061E+18,7,3,35,15,2017,6,7,3,2,5,2,1,1,0,0,0,0,0,4.21187E+20,5.47754E+21,7.91273E+15,4.94455E+16
104586,7.17061E+18,7,3,32,35,2017,6,15,3,3,0,1,0,0,0,1,0,0,0,4.4432E+20,5.47323E+21,8.23244E+15,4.94092E+16
104587,7.17061E+18,7,3,32,17,2017,6,12,3,3,1,1,0,1,0,0,0,0,0,4.40852E+20,5.47622E+21,8.18419E+15,4.94358E+16
104588,7.17061E+18,7,3,34,22,2017,6,16,3,3,5,3,0,1,0,1,0,0,0,4.49562E+20,5.44136E+21,8.3087E+15,4.9123E+16
104589,7.17061E+18,7,3,34,13,2017,6,14,3,3,5,3,1,1,0,0,0,0,0,4.42757E+20,5.43745E+21,8.216E+15,4.90872E+16
104590,7.17061E+18,7,3,34,13,2017,6,13,3,3,3,7,0,1,0,0,1,0,0,4.42354E+20,5.43497E+21,8.21083E+15,4.90649E+16
104591,7.17061E+18,7,3,37,501,2017,6,9,3,3,8,1,0,1,0,0,0,0,0,4.2755E+20,5.45272E+21,8.00501E+15,4.92229E+16
104592,7.17061E+18,7,3,37,73,2017,6,17,3,2,3,1,1,1,0,0,0,0,0,4.31094E+20,5.45125E+21,8.05393E+15,4.92102E+16
104593,7.17062E+18,7,1,34,55,2017,6,11,7,3,3,6,0,1,0,1,0,0,0,3.87422E+20,5.51027E+21,7.43772E+15,4.97343E+16
104594,7.17062E+18,7,3,37,1,2017,6,16,7,3,8,1,0,0,0,1,0,0,0,4.18614E+20,5.45868E+21,7.8811E+15,4.92754E+16
104595,7.1706E+18,7,1,38,12,2017,6,16,5,3,2,6,0,1,0,0,0,0,0,4.03771E+20,5.60024E+21,7.64181E+15,5.05461E+16