OBJECTID,UIDENTSTLA,ULAND,UREGBEZ,UKREIS,UGEMEINDE,UJAHR,UMONAT,USTUNDE,UWOCHENTAG,UKATEGORIE,UART,UTYP1,IstRad,IstPKW,IstFuss,IstKrad,IstSonstig,LICHT,STRZUSTAND,LINREFX,LINREFY,XGCSWGS84,YGCSWGS84
104596,7.1706E+18,7,1,38,45,2017,6,16,5,3,5,3,0,1,0,0,0,0,0,3.89608E+20,5.58879E+21,7.44536E+15,5.04408E+16
104597,7.17061E+18,7,3,18,0,2017,6,15,3,3,5,3,1,1,0,0,0,0,0,4.57914E+20,5.46163E+21,8.42104E+15,4.9306E+16
104598,7.1706E+18,7,1,38,45,2017,6,15,5,3,2,2,0,1,0,0,0,0,0,3.96603E+20,5.5877E+21,7.54413E+15,5.04322E+16
104599,7.1706E+18,7,1,35,20,2017,6,19,5,2,9,1,0,0,0,1,0,0,0,3.67799E+20,5.55547E+21,7.15003E+15,5.01367E+16
104600,7.17061E+18,7,3,11,0,2017,6,14,3,3,5,2,1,1,0,0,0,0,0,4.53284E+20,5.48651E+21,8.35443E+15,4.95294E+16
104601,7.1706E+18,7,1,35,45,2017,6,11,5,3,5,3,0,1,0,1,0,0,0,3.67597E+20,5.56615E+21,7.14349E+15,5.02326E+16
104602,7.1706E+18,7,1,35,79,2017,6,7,5,2,0,1,1,0,0,0,0,0,0,3.70899E+20,5.55002E+21,7.19523E+15,5.00884E+16
104603,7.17061E+18,7,3,14,0,2017,6,7,3,3,2,6,0,1,0,0,0,0,0,4.58551E+20,5.4828E+21,8.4276E+15,4.94964E+16
104604,7.1706E+18,7,1,31,70,2017,6,16,5,3,2,6,0,1,0,0,1,0,0,3.73476E+20,5.60548E+21,7.21262E+15,5.05875E+16
104605,7.1706E+18,7,1,31,30,2017,6,13,5,3,5,2,0,1,0,1,0,0,0,3.46279E+20,5.58218E+21,6.83827E+15,5.03716E+16
104606,7.17061E+18,7,3,14,0,2017,6,15,3,3,1,6,0,1,0,0,1,0,0,4.59193E+20,5.47909E+21,8.43684E+15,4.94631E+16
104607,7.1706E+18,7,1,31,58,2017,6,2,5,3,6,6,0,1,1,0,0,2,0,3.54354E+20,5.57818E+21,6.95329E+15,5.03377E+16
104608,7.17061E+18,7,1,33,6,2017,6,7,3,3,8,7,0,0,0,1,0,0,0,4.15937E+20,5.52222E+21,7.83075E+15,4.98465E+16
104609,7.1706E+18,7,1,37,89,2017,6,17,5,3,5,3,0,1,0,0,0,0,0,3.79532E+20,5.57286E+21,7.30863E+15,5.02955E+16
104610,7.17061E+18,7,3,31,3,2017,6,13,3,3,1,6,0,1,0,0,0,0,0,4.34681E+20,5.5101E+21,8.09346E+15,4.97398E+16
104611,7.1706E+18,7,1,37,68,2017,6,16,5,3,9,2,0,1,1,0,0,0,0,3.75485E+20,5.57649E+21,7.25064E+15,5.03274E+16
104612,7.17061E+18,7,3,39,66,2017,6,7,3,2,7,7,0,0,0,1,1,0,0,4.48274E+20,5.5147E+21,8.28148E+15,4.97825E+16
104613,7.17061E+18,7,1,34,45,2017,6,9,3,3,3,3,0,1,0,0,0,0,0,3.81393E+20,5.50777E+21,7.35484E+15,4.97108E+16
104614,7.17061E+18,7,1,34,45,2017,6,8,3,3,2,6,0,1,0,0,0,0,0,3.78205E+20,5.5081E+21,7.31054E+15,4.97131E+16
104615,7.17061E+18,7,1,34,72,2017,6,19,3,3,0,1,1,0,0,0,0,0,0,3.73782E+20,5.50804E+21,7.24923E+15,4.97116E+16
104616,7.1706E+18,7,1,40,48,2017,6,7,5,3,8,1,0,0,0,1,0,0,0,3.84563E+20,5.52956E+21,7.39232E+15,4.99073E+16
104617,7.17061E+18,7,1,31,70,2017,6,16,1,3,2,2,0,1,0,0,0,0,0,3.75226E+20,5.60358E+21,7.23797E+15,5.05708E+16
104618,7.1706E+18,7,1,11,0,2017,6,11,5,3,5,1,0,1,0,0,1,0,0,3.97397E+20,5.58268E+21,7.55668E+15,5.03872E+16
104619,7.17061E+18,7,1,37,69,2017,6,17,1,3,4,2,0,1,0,1,0,0,0,3.76987E+20,5.58304E+21,7.26959E+15,5.03865E+16
104620,7.1706E+18,7,1,11,0,2017,6,16,5,3,4,2,0,1,0,0,0,0,0,3.99971E+20,5.57905E+21,7.59385E+15,5.0355E+16
104621,7.1706E+18,7,1,40,31,2017,6,9,5,3,9,1,0,1,0,0,1,0,0,3.99589E+20,5.55711E+21,7.59429E+15,5.01577E+16
104622,7.1706E+18,7,1,37,202,2017,6,17,5,2,2,6,0,1,0,0,1,0,0,3.89434E+20,5.57769E+21,7.44618E+15,5.03409E+16
104623,7.1706E+18,7,1,38,71,2017,6,5,5,3,2,7,0,1,0,0,1,1,0,3.95286E+20,5.60267E+21,7.5214E+15,5.05666E+16
104624,7.17053E+18,7,3,40,27,2017,5,18,4,2,5,2,0,1,0,1,1,0,0,4.14267E+20,5.46001E+21,7.82107E+15,4.92868E+16
104625,7.17053E+18,7,3,40,502,2017,5,19,4,3,2,6,0,0,0,1,1,0,0,4.13262E+20,5.43864E+21,7.81187E+15,4.90945E+16
104626,7.17062E+18,7,1,43,231,2017,6,11,6,2,8,1,0,1,0,0,0,0,0,4.2472E+20,5.60906E+21,7.93563E+15,5.06286E+16
104627,7.17061E+18,7,2,35,152,2017,6,22,3,3,0,7,0,1,0,0,0,2,0,3.34152E+20,5.49481E+21,6.70554E+15,4.95831E+16
104628,7.17061E+18,7,2,35,15,2017,6,12,3,2,5,3,0,1,0,1,0,0,0,3.44979E+20,5.52126E+21,6.84472E+15,4.98237E+16
104629,7.17061E+18,7,2,35,94,2017,6,20,3,3,0,6,0,1,0,1,0,0,0,3.25428E+20,5.51997E+21,6.57371E+15,4.98068E+16
104630,7.17061E+18,7,2,11,0,2017,6,11,3,2,6,4,0,1,1,0,0,0,0,3.30977E+20,5.51466E+21,6.65308E+15,4.97606E+16
104631,7.17061E+18,7,1,41,1,2017,6,17,3,1,4,1,0,1,0,1,1,0,0,4.29936E+20,5.56998E+21,8.01668E+15,5.02778E+16
104632,7.17061E+18,7,1,32,15,2017,6,19,3,3,2,6,0,1,0,0,0,0,0,3.96271E+20,5.60869E+21,7.53362E+15,5.06209E+16
104633,7.17061E+18,7,1,38,59,2017,6,14,3,3,1,2,0,1,0,0,0,0,0,4.02983E+20,5.60316E+21,7.62992E+15,5.05723E+16
104634,7.17061E+18,7,1,38,41,2017,6,15,3,2,6,4,0,0,1,0,1,0,0,3.78116E+20,5.60277E+21,7.27903E+15,5.05641E+16
104635,7.17061E+18,7,1,32,117,2017,6,19,3,3,3,6,1,1,0,0,0,0,0,4.12286E+20,5.62208E+21,7.75678E+15,5.07439E+16
104636,7.17061E+18,7,1,32,50,2017,6,15,3,3,2,6,0,1,0,0,1,0,0,4.25592E+20,5.62582E+21,7.94459E+15,5.07794E+16
104637,7.17062E+18,7,1,32,62,2017,6,17,7,3,4,2,0,1,0,1,0,0,0,3.9099E+20,5.61865E+21,7.45607E+15,5.07094E+16
104638,7.17053E+18,7,3,20,0,2017,5,7,4,3,2,2,0,1,0,1,0,0,0,3.81892E+20,5.45725E+21,7.37684E+15,4.92567E+16
104639,7.17053E+18,7,3,35,38,2017,5,15,4,3,3,1,0,0,0,0,1,0,0,3.91913E+20,5.4743E+21,7.5099E+15,4.94118E+16
104640,7.17061E+18,7,1,38,70,2017,6,13,3,3,4,2,0,1,0,0,0,0,0,4.03673E+20,5.60874E+21,7.63822E+15,5.06225E+16
104641,7.17053E+18,7,3,35,22,2017,5,16,4,3,5,3,1,1,0,0,0,0,0,3.96574E+20,5.47467E+21,7.57404E+15,4.94159E+16
104642,7.17053E+18,7,3,36,84,2017,5,10,4,3,4,6,0,1,0,0,0,0,0,3.7629E+20,5.48995E+21,7.28972E+15,4.95495E+16
104643,7.17061E+18,7,1,31,3,2017,6,17,3,1,4,7,0,1,0,0,0,0,0,3.56833E+20,5.59739E+21,6.98077E+15,5.0511E+16
104644,7.17053E+18,7,3,35,49,2017,5,18,4,2,2,6,0,1,0,0,0,0,0,3.99124E+20,5.4815E+21,7.60743E+15,4.94778E+16
104645,7.17053E+18,7,3,12,0,2017,5,20,4,3,5,3,0,1,0,1,0,0,0,4.11441E+20,5.47859E+21,7.77808E+15,4.94535E+16
104646,7.17061E+18,7,1,37,68,2017,6,19,3,3,5,3,0,1,0,1,0,0,0,3.73486E+20,5.57699E+21,7.2224E+15,5.03314E+16
104647,7.17061E+18,7,1,37,68,2017,6,15,3,2,6,7,0,1,1,0,0,0,0,3.73658E+20,5.57646E+21,7.22498E+15,5.03267E+16
104648,7.17053E+18,7,3,34,20,2017,5,17,4,2,4,7,0,1,0,1,0,0,0,4.38493E+20,5.43511E+21,8.15796E+15,4.90658E+16
104649,7.17053E+18,7,3,34,501,2017,5,10,4,3,3,6,0,1,0,0,1,0,0,4.47713E+20,5.43211E+21,8.28456E+15,4.90396E+16
104650,7.17061E+18,7,1,40,125,2017,6,18,3,3,2,6,1,1,0,0,0,0,0,4.04149E+20,5.54053E+21,7.66227E+15,5.00094E+16
104651,7.17053E+18,7,3,34,24,2017,5,8,4,1,9,7,0,1,0,0,0,0,0,4.4591E+20,5.43975E+21,8.25887E+15,4.91082E+16
104652,7.17061E+18,7,1,40,127,2017,6,16,3,2,2,6,0,1,0,0,0,0,0,3.96332E+20,5.53541E+21,7.55459E+15,4.9962E+16
104653,7.17053E+18,7,3,34,25,2017,5,19,4,3,7,7,1,0,0,0,0,0,0,4.49115E+20,5.44543E+21,8.30207E+15,4.91596E+16
104654,7.17053E+18,7,3,37,45,2017,5,16,4,3,5,3,0,1,0,0,0,0,0,4.30017E+20,5.43909E+21,8.04125E+15,4.91007E+16
104655,7.17061E+18,7,1,37,228,2017,6,17,3,3,1,6,0,1,0,0,0,0,0,3.89456E+20,5.5857E+21,7.44414E+15,5.04129E+16
104656,7.17061E+18,7,1,11,0,2017,6,21,3,3,2,2,0,1,0,1,0,0,0,3.95258E+20,5.58108E+21,7.52705E+15,5.03724E+16
104657,7.17061E+18,7,1,11,0,2017,6,17,3,3,2,6,0,1,0,0,1,0,0,3.96973E+20,5.57791E+21,7.55204E+15,5.03442E+16
104658,7.17061E+18,7,1,11,0,2017,6,15,3,3,1,6,1,1,0,0,0,0,0,3.96945E+20,5.5779E+21,7.55164E+15,5.03441E+16
104659,7.17053E+18,7,3,13,0,2017,5,15,4,3,9,1,0,1,0,0,0,0,0,4.38975E+20,5.44925E+21,8.16243E+15,4.9193E+16
104660,7.17061E+18,7,1,37,89,2017,6,16,3,3,8,6,0,1,0,0,1,0,0,3.78905E+20,5.57499E+21,7.29914E+15,5.03146E+16
104661,7.17053E+18,7,3,18,0,2017,5,16,4,3,1,2,0,1,0,0,1,0,0,4.59528E+20,5.46241E+21,8.44317E+15,4.9313E+16
104662,7.17053E+18,7,3,39,3,2017,5,15,4,3,5,3,1,0,0,0,1,0,0,4.12054E+20,5.54542E+21,7.77145E+15,5.00545E+16
104663,7.17071E+18,7,3,32,2,2017,7,6,4,2,5,3,0,1,0,1,0,0,0,4.45842E+20,5.48084E+21,8.25237E+15,4.94778E+16
104664,7.17072E+18,7,1,11,0,2017,7,11,1,3,0,7,0,1,0,1,0,0,0,3.97838E+20,5.57602E+21,7.56469E+15,5.03274E+16
104665,7.17071E+18,7,3,34,15,2017,7,1,4,2,9,1,1,0,0,0,0,2,0,4.50148E+20,5.44227E+21,8.31663E+15,4.91312E+16
104666,7.17071E+18,7,3,37,49,2017,7,10,4,3,0,7,0,1,0,1,0,0,0,4.28505E+20,5.44397E+21,8.01969E+15,4.91444E+16
104667,7.17071E+18,7,3,37,38,2017,7,7,4,3,1,6,0,1,0,0,0,0,0,4.42166E+20,5.44475E+21,8.20686E+15,4.91529E+16
104668,7.17071E+18,7,3,14,0,2017,7,11,4,3,3,7,0,1,0,0,0,0,0,4.60554E+20,5.48042E+21,8.4555E+15,4.94751E+16
104669,7.17071E+18,7,3,14,0,2017,7,7,4,3,3,2,1,1,0,0,0,0,0,4.59188E+20,5.47907E+21,8.43678E+15,4.94629E+16
104670,7.17072E+18,7,1,43,32,2017,7,5,1,2,7,7,0,1,0,0,0,2,1,4.07862E+20,5.5894E+21,7.70221E+15,5.04494E+16
104671,7.17071E+18,7,3,33,56,2017,7,20,4,3,8,7,0,0,0,1,0,0,0,4.24842E+20,5.50505E+21,7.9579E+15,4.96933E+16
104672,7.17072E+18,7,3,40,47,2017,7,13,7,2,0,1,0,0,0,1,0,0,0,4.18258E+20,5.44672E+21,7.87865E+15,4.91678E+16
104673,7.17071E+18,7,3,31,58,2017,7,14,4,3,4,1,0,1,0,0,1,0,0,4.38286E+20,5.52396E+21,8.14128E+15,4.98649E+16
104674,7.17071E+18,7,3,20,0,2017,7,15,7,3,3,6,0,1,0,0,0,0,0,3.83609E+20,5.45447E+21,7.40124E+15,4.92319E+16
104675,7.17072E+18,7,3,40,57,2017,7,11,7,3,5,3,0,1,0,0,0,0,0,4.17412E+20,5.45093E+21,7.86617E+15,4.92056E+16
104676,7.17072E+18,7,3,40,53,2017,7,19,7,3,0,1,0,0,0,1,0,0,0,3.9175E+20,5.44743E+21,7.51492E+15,4.91701E+16
104677,7.17071E+18,7,3,19,0,2017,7,8,4,2,5,3,1,1,0,0,0,0,0,4.56441E+20,5.50765E+21,8.39571E+15,4.97198E+16
104678,7.17071E+18,7,1,34,89,2017,7,21,1,3,4,1,0,1,0,0,0,2,1,3.7801E+20,5.5125E+21,7.30646E+15,4.97526E+16
104679,7.17072E+18,7,1,33,17,2017,7,23,7,3,8,1,0,1,0,0,1,2,1,4.02132E+20,5.50598E+21,7.64286E+15,4.96984E+16
104680,7.17071E+18,7,1,40,117,2017,7,9,2,3,8,1,0,0,0,0,1,0,1,4.00085E+20,5.5526E+21,7.60242E+15,5.01172E+16
104681,7.17072E+18,7,3,32,24,2017,7,11,7,3,2,6,0,1,0,0,0,0,0,4.40823E+20,5.48903E+21,8.18187E+15,4.9551E+16
104682,7.17071E+18,7,2,11,0,2017,7,17,2,3,2,6,0,1,0,0,0,0,0,3.2916E+20,5.51386E+21,6.62821E+15,4.97529E+16
104683,7.17071E+18,7,3,39,5,2017,7,17,2,3,5,3,0,1,0,1,0,0,0,4.20609E+20,5.53576E+21,7.89293E+15,4.99689E+16
104684,7.17071E+18,7,3,15,0,2017,7,8,4,3,1,6,0,1,0,0,0,0,0,4.43389E+20,5.53923E+21,8.21004E+15,5.00027E+16
104685,7.17071E+18,7,3,15,0,2017,7,16,4,3,5,3,1,1,0,0,0,0,0,4.4747E+20,5.53768E+21,8.26719E+15,4.99892E+16
104686,7.17071E+18,7,3,39,42,2017,7,19,4,3,2,6,0,1,0,0,1,0,0,4.42606E+20,5.53123E+21,8.2003E+15,4.99307E+16
104687,7.17071E+18,7,3,15,0,2017,7,17,4,2,5,3,0,1,0,0,0,0,0,4.41885E+20,5.53351E+21,8.18992E+15,4.99512E+16
104688,7.17071E+18,7,2,32,262,2017,7,18,4,3,0,1,0,1,0,1,0,0,1,3.10496E+20,5.55757E+21,6.34789E+15,5.01401E+16
104689,7.17072E+18,7,3,34,33,2017,7,22,7,2,8,1,0,1,0,0,0,2,0,4.50844E+20,5.45607E+21,8.32447E+15,4.92554E+16
104690,7.17072E+18,7,3,37,44,2017,7,19,7,2,8,1,0,1,0,0,0,0,1,4.38365E+20,5.4449E+21,8.15472E+15,4.91538E+16
104691,7.17072E+18,7,3,38,23,2017,7,4,7,3,9,6,0,1,0,0,0,1,0,4.55011E+20,5.45735E+21,8.3816E+15,4.92673E+16
104692,7.17072E+18,7,1,33,43,2017,7,12,7,2,0,1,0,0,0,0,1,0,0,3.87889E+20,5.52067E+21,7.4412E+15,4.9828E+16
104693,7.17072E+18,7,3,39,24,2017,7,3,7,2,2,6,0,1,1,0,1,2,1,4.53408E+20,5.5163E+21,8.3526E+15,4.97973E+16
104694,7.17072E+18,7,3,15,0,2017,7,15,7,3,1,5,0,1,0,0,0,0,0,4.47156E+20,5.5393E+21,8.26258E+15,5.00037E+16
104695,7.17072E+18,7,3,15,0,2017,7,1,7,3,6,4,0,1,1,0,0,2,1,4.46888E+20,5.53886E+21,8.25891E+15,4.99997E+16
104696,7.17072E+18,7,3,39,30,2017,7,5,7,3,8,1,0,1,0,0,0,0,1,4.29151E+20,5.53683E+21,8.01183E+15,4.99796E+16
104697,7.17072E+18,7,3,31,4,2017,7,15,7,3,6,5,0,1,1,0,0,0,0,4.31815E+20,5.51735E+21,8.05241E+15,4.98047E+16
104698,7.17071E+18,7,2,32,210,2017,7,19,4,2,8,1,0,0,0,1,0,0,0,3.23988E+20,5.55453E+21,6.53792E+15,5.01169E+16
104699,7.17071E+18,7,2,31,123,2017,7,13,4,2,4,6,0,1,0,0,0,0,0,3.56734E+20,5.51253E+21,7.01126E+15,4.97482E+16
104700,7.17072E+18,7,3,19,0,2017,7,6,7,3,2,6,0,1,0,0,0,0,0,4.47104E+20,5.5022E+21,8.26692E+15,4.967E+16
104701,7.17071E+18,7,2,35,149,2017,7,13,4,2,4,6,0,1,0,0,1,0,0,3.1322E+20,5.4989E+21,6.41429E+15,4.96137E+16
104702,7.17072E+18,7,2,31,8,2017,7,15,7,3,1,6,0,0,0,1,0,0,0,3.61488E+20,5.53102E+21,7.0706E+15,4.99155E+16
104703,7.17071E+18,7,2,35,118,2017,7,12,4,3,3,2,1,1,0,0,0,0,0,3.23254E+20,5.49805E+21,6.55344E+15,4.96092E+16
104704,7.17071E+18,7,2,11,0,2017,7,20,4,2,2,2,0,1,0,1,0,0,0,3.29049E+20,5.50878E+21,6.62891E+15,4.97072E+16
104705,7.17072E+18,7,2,31,12,2017,7,14,7,3,5,3,0,1,0,0,0,0,0,3.54465E+20,5.52973E+21,6.97333E+15,4.99023E+16
104706,7.17072E+18,7,2,31,80,2017,7,16,7,2,8,1,0,0,0,1,0,0,0,3.42371E+20,5.55114E+21,6.79625E+15,5.00916E+16
104707,7.17071E+18,7,1,43,308,2017,7,9,4,3,5,3,0,1,0,0,0,0,0,4.26577E+20,5.60085E+21,7.96351E+15,5.0555E+16
104708,7.17071E+18,7,1,43,304,2017,7,6,4,3,5,2,0,1,0,0,0,0,0,4.25935E+20,5.59262E+21,7.95608E+15,5.04809E+16
104709,7.17072E+18,7,1,34,45,2017,7,19,7,3,0,1,0,0,0,1,0,0,1,3.7671E+20,5.50592E+21,7.2905E+15,4.96932E+16
104710,7.17072E+18,7,2,35,52,2017,7,18,7,3,9,1,0,0,0,1,0,0,0,3.28602E+20,5.49671E+21,6.628E+15,4.95986E+16
104711,7.17071E+18,7,1,43,276,2017,7,17,4,3,2,2,0,1,0,1,0,0,0,4.1715E+20,5.61408E+21,7.82751E+15,5.06726E+16
104712,7.17072E+18,7,2,35,501,2017,7,19,7,3,2,6,0,1,0,0,0,0,0,3.25001E+20,5.52223E+21,6.56677E+15,4.98269E+16
104713,7.17072E+18,7,1,41,95,2017,7,7,7,3,8,1,0,1,0,0,0,0,1,4.31446E+20,5.57855E+21,8.03632E+15,5.0355E+16
104714,7.17071E+18,7,1,41,47,2017,7,14,4,3,8,7,0,1,0,0,0,0,0,4.12094E+20,5.56427E+21,7.76766E+15,5.02241E+16
104715,7.17071E+18,7,3,12,0,2017,7,9,6,3,2,6,0,1,0,0,1,0,0,4.05843E+20,5.48083E+21,7.70033E+15,4.94728E+16
104716,7.17072E+18,7,1,43,6,2017,7,13,7,2,8,1,0,0,0,1,0,0,1,4.06404E+20,5.59436E+21,7.68044E+15,5.04937E+16
104717,7.17071E+18,7,1,32,98,2017,7,16,4,3,5,3,0,1,0,0,0,0,0,4.18442E+20,5.6269E+21,7.84294E+15,5.07881E+16
104718,7.17071E+18,7,1,32,80,2017,7,16,7,2,3,2,0,0,0,1,1,0,0,4.14769E+20,5.62983E+21,7.79017E+15,5.08139E+16
104719,7.17072E+18,7,1,43,51,2017,7,18,7,2,8,1,0,0,0,1,0,0,1,4.23572E+20,5.58702E+21,7.92392E+15,5.04302E+16
104720,7.17071E+18,7,1,35,4,2017,7,13,7,2,8,1,0,0,0,1,0,0,0,3.77692E+20,5.55278E+21,7.28927E+15,5.01146E+16
104721,7.17072E+18,7,1,35,82,2017,7,11,7,3,5,2,1,1,0,0,0,0,0,3.78596E+20,5.55912E+21,7.2999E+15,5.01718E+16
104722,7.17072E+18,7,1,31,4,2017,7,14,7,2,8,1,0,0,0,1,0,0,0,3.46359E+20,5.58534E+21,6.8381E+15,5.04E+16
104723,7.17072E+18,7,1,31,502,2017,7,13,7,3,8,1,0,0,0,1,0,0,0,3.66288E+20,5.58645E+21,7.11795E+15,5.04148E+16
104724,7.17072E+18,7,1,40,46,2017,7,1,7,2,9,1,0,1,0,0,0,2,1,3.88896E+20,5.54455E+21,7.44831E+15,5.00428E+16
104725,7.17072E+18,7,1,37,3,2017,7,18,7,2,5,2,0,1,0,0,0,0,0,3.87737E+20,5.58634E+21,7.41975E+15,5.04184E+16
104726,7.17072E+18,7,1,40,36,2017,7,1,7,2,7,1,0,1,1,0,0,2,0,3.95911E+20,5.55707E+21,7.54283E+15,5.01567E+16
104727,7.17072E+18,7,1,11,0,2017,7,13,7,2,8,1,0,1,0,0,0,0,0,3.97409E+20,5.57302E+21,7.55949E+15,5.03004E+16
104728,7.17071E+18,7,3,31,30,2017,7,15,6,3,8,1,0,0,0,1,0,0,0,4.15019E+20,5.48036E+21,7.82706E+15,4.94699E+16
104729,7.17071E+18,7,1,37,68,2017,7,16,4,3,4,7,0,1,0,0,1,0,0,3.71552E+20,5.57493E+21,7.19595E+15,5.03124E+16
104730,7.17071E+18,7,3,35,10,2017,7,1,6,2,0,1,1,0,0,0,0,2,1,4.255E+20,5.4768E+21,7.97236E+15,4.94393E+16
104731,7.17071E+18,7,1,40,67,2017,7,10,4,3,1,6,0,1,0,0,0,0,0,3.85455E+20,5.53444E+21,7.40329E+15,4.99513E+16
104732,7.17072E+18,7,2,32,18,2017,7,6,7,2,8,1,0,1,0,0,0,0,0,3.14734E+20,5.55109E+21,6.41029E+15,5.00832E+16
104733,7.17071E+18,7,1,37,207,2017,7,1,4,3,8,1,0,1,0,0,0,2,0,3.9219E+20,5.57343E+21,7.48612E+15,5.03031E+16
104734,7.17072E+18,7,1,38,44,2017,7,2,7,3,9,1,0,1,0,0,0,2,1,3.85691E+20,5.60975E+21,7.38379E+15,5.06284E+16
104735,7.17071E+18,7,1,43,10,2017,7,4,4,3,9,7,0,1,0,0,0,1,0,4.14029E+20,5.58907E+21,7.78912E+15,5.04473E+16
104736,7.1707E+18,7,3,17,0,2017,7,21,3,3,0,7,0,0,0,1,0,0,0,3.98364E+20,5.45032E+21,7.6049E+15,4.91972E+16
104737,7.17072E+18,7,3,12,0,2017,7,22,6,3,0,7,0,0,0,1,0,2,0,4.14548E+20,5.47627E+21,7.82144E+15,4.94331E+16
104738,7.1707E+18,7,3,17,0,2017,7,12,3,3,5,5,0,1,0,0,0,0,0,3.97209E+20,5.4492E+21,7.58934E+15,4.9187E+16
104739,7.1707E+18,7,3,36,13,2017,7,23,3,2,7,7,0,0,0,1,0,2,0,4.00288E+20,5.50008E+21,7.6188E+15,4.96451E+16
104740,7.17072E+18,7,3,32,25,2017,7,17,6,2,5,2,1,1,0,0,0,0,0,4.44161E+20,5.46813E+21,8.23096E+15,4.93633E+16
104741,7.1707E+18,7,3,35,40,2017,7,10,3,3,3,2,0,1,0,1,0,0,0,4.0137E+20,5.48035E+21,7.63872E+15,4.94678E+16
104742,7.17072E+18,7,3,37,44,2017,7,0,6,3,9,7,0,1,0,0,0,2,0,4.38404E+20,5.44585E+21,8.15511E+15,4.91624E+16
104743,7.1707E+18,7,3,38,19,2017,7,11,3,3,2,6,0,0,0,0,1,0,0,4.50987E+20,5.47689E+21,8.32389E+15,4.94427E+16
104744,7.17071E+18,7,3,19,0,2017,7,18,7,2,3,6,0,1,0,1,0,0,0,4.53274E+20,5.50617E+21,8.35195E+15,4.97062E+16
104745,7.17072E+18,7,3,37,38,2017,7,14,6,3,1,6,0,1,0,0,0,0,0,4.42546E+20,5.44347E+21,8.21225E+15,4.91414E+16
104746,7.1707E+18,7,3,14,0,2017,7,10,3,2,2,6,0,0,0,0,1,0,0,4.50201E+20,5.48064E+21,8.31257E+15,4.94764E+16
104747,7.17071E+18,7,3,35,18,2017,7,11,7,2,5,3,0,0,0,1,1,0,0,4.01691E+20,5.4755E+21,7.64435E+15,4.94243E+16
104748,7.17072E+18,7,3,11,0,2017,7,11,6,3,0,6,0,1,0,1,0,0,0,4.52449E+20,5.48595E+21,8.34295E+15,4.95243E+16
104749,7.17071E+18,7,1,31,29,2017,7,14,1,3,0,1,0,0,0,1,0,0,0,3.54418E+20,5.59189E+21,6.94888E+15,5.04609E+16
104750,7.17072E+18,7,3,14,0,2017,7,12,6,3,2,6,0,1,0,0,0,0,0,4.51046E+20,5.48173E+21,8.3241E+15,4.94862E+16
104751,7.17072E+18,7,3,14,0,2017,7,18,6,3,5,3,1,1,0,0,0,0,0,4.59126E+20,5.48242E+21,8.43558E+15,4.9493E+16
104752,7.17071E+18,7,3,16,0,2017,7,17,1,2,8,1,0,0,0,1,0,0,0,4.38735E+20,5.46631E+21,8.15652E+15,4.93464E+16
104753,7.17072E+18,7,3,31,73,2017,7,7,6,3,2,2,0,1,0,0,0,0,0,4.38381E+20,5.52132E+21,8.14302E+15,4.98411E+16
104754,7.17071E+18,7,1,31,60,2017,7,13,2,3,9,6,0,1,1,0,0,0,0,3.72377E+20,5.59032E+21,7.20229E+15,5.0451E+16
104755,7.17072E+18,7,3,15,0,2017,7,10,6,3,5,2,0,1,0,0,0,0,0,4.43955E+20,5.53911E+21,8.21795E+15,5.00017E+16
104756,7.1707E+18,7,3,32,2,2017,7,4,3,2,7,1,0,0,0,1,0,2,0,4.38892E+20,5.48096E+21,8.15642E+15,4.94782E+16
104757,7.1707E+18,7,3,16,0,2017,7,19,3,2,6,1,0,1,1,0,0,0,0,4.41819E+20,5.46245E+21,8.19954E+15,4.9312E+16
104758,7.1707E+18,7,3,34,13,2017,7,22,3,3,5,3,0,1,0,1,0,2,0,4.45275E+20,5.4392E+21,8.25025E+15,4.91032E+16
104759,7.1707E+18,7,3,18,0,2017,7,8,3,3,3,6,1,1,0,0,0,0,0,4.58711E+20,5.46596E+21,8.43156E+15,4.9345E+16
104760,7.1707E+18,7,3,38,21,2017,7,0,3,2,7,7,0,0,0,1,0,2,0,4.62707E+20,5.4694E+21,8.48626E+15,4.93762E+16
104761,7.1707E+18,7,3,38,2,2017,7,9,3,3,0,1,1,0,0,0,0,0,0,4.51846E+20,5.48928E+21,8.33422E+15,4.95542E+16
104762,7.1707E+18,7,3,14,0,2017,7,6,3,3,4,6,1,0,0,0,0,0,0,4.59148E+20,5.48114E+21,8.43601E+15,4.94816E+16
104763,7.1707E+18,7,1,33,30,2017,7,19,3,2,8,1,0,1,0,1,0,0,0,4.14237E+20,5.51354E+21,7.80902E+15,4.97682E+16
104764,7.17071E+18,7,3,14,0,2017,7,15,6,3,2,6,0,1,0,0,0,0,0,4.50206E+20,5.48029E+21,8.31269E+15,4.94732E+16
104765,7.17072E+18,7,2,32,296,2017,7,22,6,3,4,2,0,1,0,0,0,2,0,3.14285E+20,5.56295E+21,6.39823E+15,5.01896E+16
104766,7.17072E+18,7,2,32,207,2017,7,15,6,2,5,3,0,1,0,0,0,0,0,3.09221E+20,5.56758E+21,6.32506E+15,5.02295E+16
104767,7.17072E+18,7,2,32,296,2017,7,5,6,3,8,7,0,1,0,0,0,0,0,3.15602E+20,5.5626E+21,6.41684E+15,5.01869E+16