OBJECTID,UIDENTSTLA,ULAND,UREGBEZ,UKREIS,UGEMEINDE,UJAHR,UMONAT,USTUNDE,UWOCHENTAG,UKATEGORIE,UART,UTYP1,IstRad,IstPKW,IstFuss,IstKrad,IstSonstig,LICHT,STRZUSTAND,LINREFX,LINREFY,XGCSWGS84,YGCSWGS84
105114,7.17072E+18,7,3,34,13,2017,7,10,1,2,5,3,1,1,0,0,0,0,0,4.41509E+20,5.43697E+21,8.19898E+15,4.90828E+16
105115,7.17063E+18,7,3,34,1,2017,6,16,5,3,2,6,0,1,0,0,0,0,1,4.49103E+20,5.44937E+21,8.3014E+15,4.9195E+16
105116,7.17063E+18,7,3,18,0,2017,6,16,5,3,0,7,1,0,0,0,0,0,0,4.59798E+20,5.46351E+21,8.44677E+15,4.9323E+16
105117,7.17072E+18,7,3,37,68,2017,7,1,1,2,8,7,0,1,0,0,0,2,1,4.38891E+20,5.44384E+21,8.1621E+15,4.91443E+16
105118,7.17063E+18,7,3,18,0,2017,6,14,5,3,0,7,1,0,0,0,0,0,0,4.58615E+20,5.46436E+21,8.4304E+15,4.93306E+16
105119,7.17063E+18,7,3,18,0,2017,6,13,5,3,2,6,0,1,0,0,0,0,0,4.58602E+20,5.4645E+21,8.43021E+15,4.93318E+16
105120,7.17072E+18,7,3,13,0,2017,7,4,1,3,8,1,0,1,0,0,0,2,0,4.3219E+20,5.44598E+21,8.06986E+15,4.91629E+16
105121,7.17063E+18,7,3,38,25,2017,6,15,5,3,5,3,0,1,0,0,0,0,0,4.55294E+20,5.46886E+21,8.38419E+15,4.93708E+16
105122,7.17063E+18,7,3,14,0,2017,6,13,5,2,6,2,0,1,1,0,0,0,0,4.59542E+20,5.48028E+21,8.44154E+15,4.94739E+16
105123,7.17071E+18,7,3,40,226,2017,7,12,2,3,8,7,0,1,0,0,0,0,1,3.93019E+20,5.45266E+21,7.53093E+15,4.92174E+16
105124,7.17063E+18,7,3,14,0,2017,6,9,5,2,2,6,0,1,0,0,1,0,1,4.59487E+20,5.48109E+21,8.4407E+15,4.94811E+16
105125,7.17063E+18,7,1,33,6,2017,6,19,5,3,0,3,0,1,0,0,0,0,1,4.19143E+20,5.52125E+21,7.87552E+15,4.98383E+16
105126,7.17071E+18,7,1,40,10,2017,7,14,6,3,5,2,1,1,0,0,0,0,0,3.90871E+20,5.55243E+21,7.47364E+15,5.0114E+16
105127,7.17063E+18,7,1,33,26,2017,6,16,5,3,5,3,0,1,0,0,1,0,0,4.19263E+20,5.53111E+21,7.87514E+15,4.99269E+16
105128,7.17071E+18,7,3,33,33,2017,7,16,5,3,8,7,0,1,0,0,0,0,0,4.20784E+20,5.49185E+21,7.90431E+15,4.95741E+16
105129,7.17071E+18,7,3,35,501,2017,7,17,5,3,1,1,0,1,0,0,0,0,0,3.94265E+20,5.48416E+21,7.53967E+15,4.95009E+16
105130,7.17072E+18,7,3,38,11,2017,7,6,1,3,8,7,0,1,0,0,0,1,1,4.54347E+20,5.45983E+21,8.37219E+15,4.92895E+16
105131,7.17072E+18,7,1,33,6,2017,7,15,2,3,4,6,0,0,0,0,1,0,0,4.17318E+20,5.51899E+21,7.85063E+15,4.98177E+16
105132,7.17072E+18,7,3,19,0,2017,7,12,2,3,2,6,0,0,0,0,1,0,0,4.53726E+20,5.50042E+21,8.3589E+15,4.96546E+16
105133,7.17072E+18,7,3,19,0,2017,7,6,2,3,3,6,0,1,0,0,1,0,0,4.54557E+20,5.49853E+21,8.37063E+15,4.96377E+16
105134,7.17072E+18,7,3,15,0,2017,7,18,2,3,0,7,1,0,0,0,0,0,0,4.41203E+20,5.53723E+21,8.17984E+15,4.99845E+16
105135,7.17063E+18,7,1,33,6,2017,6,12,5,3,5,3,0,1,0,1,0,0,1,4.18005E+20,5.52238E+21,7.85946E+15,4.98482E+16
105136,7.17072E+18,7,3,15,0,2017,7,20,2,2,9,1,0,1,0,0,0,0,0,4.46042E+20,5.53856E+21,8.24714E+15,4.9997E+16
105137,7.17072E+18,7,2,35,83,2017,7,15,2,3,2,6,0,1,0,0,1,0,0,3.44553E+20,5.51637E+21,6.84075E+15,4.97797E+16
105138,7.17063E+18,7,1,33,107,2017,6,6,5,3,9,1,0,1,0,0,1,0,1,4.094E+20,5.52008E+21,7.74034E+15,4.98263E+16
105139,7.17072E+18,7,2,33,29,2017,7,13,2,3,2,6,0,1,0,0,0,0,0,3.32468E+20,5.57469E+21,6.64754E+15,5.03005E+16
105140,7.17072E+18,7,2,32,222,2017,7,13,2,1,7,1,0,0,0,1,0,0,0,3.17398E+20,5.55238E+21,6.44687E+15,5.00955E+16
105141,7.17072E+18,7,2,31,8,2017,7,9,2,3,1,6,0,1,0,0,0,0,0,3.59802E+20,5.53053E+21,7.04731E+15,4.99107E+16
105142,7.17072E+18,7,1,34,45,2017,7,9,2,3,2,6,0,1,0,0,0,0,0,3.78802E+20,5.50945E+21,7.3184E+15,4.97253E+16
105143,7.17063E+18,7,3,19,0,2017,6,20,5,3,3,6,1,1,0,0,0,0,1,4.51029E+20,5.49555E+21,8.32215E+15,4.96106E+16
105144,7.17071E+18,7,3,35,47,2017,7,7,5,3,8,1,0,1,0,0,0,0,0,4.15748E+20,5.46815E+21,7.83971E+15,4.93603E+16
105145,7.17072E+18,7,1,34,78,2017,7,13,2,3,0,1,0,1,0,0,0,0,0,3.69642E+20,5.50291E+21,7.19355E+15,4.96646E+16
105146,7.17071E+18,7,3,16,0,2017,7,17,5,3,5,3,0,1,0,0,0,0,0,4.38426E+20,5.46448E+21,8.15255E+15,4.93299E+16
105147,7.17072E+18,7,2,35,95,2017,7,20,2,3,8,1,0,1,0,0,0,0,0,3.15208E+20,5.50403E+21,6.43937E+15,4.96605E+16
105148,7.17071E+18,7,3,34,13,2017,7,12,5,3,1,6,0,1,0,0,0,0,0,4.42638E+20,5.4374E+21,8.21438E+15,4.90868E+16
105149,7.17063E+18,7,3,19,0,2017,6,7,5,3,5,2,0,1,0,0,1,0,1,4.5191E+20,5.49671E+21,8.3342E+15,4.9621E+16
105150,7.17071E+18,7,1,37,96,2017,7,11,7,3,0,7,0,1,1,0,0,0,0,3.87386E+20,5.58204E+21,7.41611E+15,5.03796E+16
105151,7.17063E+18,7,3,39,43,2017,6,17,5,3,2,1,0,1,0,0,0,0,1,4.52624E+20,5.52529E+21,8.34061E+15,4.98781E+16
105152,7.17063E+18,7,3,15,0,2017,6,11,5,3,5,3,0,1,0,0,0,0,0,4.4582E+20,5.53769E+21,8.24417E+15,4.9989E+16
105153,7.17063E+18,7,3,15,0,2017,6,9,5,3,5,3,1,1,0,0,0,0,1,4.4464E+20,5.53801E+21,8.22766E+15,4.99918E+16
105154,7.17063E+18,7,2,33,501,2017,6,10,5,3,6,4,0,1,1,0,0,0,0,3.45515E+20,5.56267E+21,6.83551E+15,5.01961E+16
105155,7.17063E+18,7,2,33,29,2017,6,7,5,3,4,6,0,1,0,0,1,0,1,3.35378E+20,5.57318E+21,6.68902E+15,5.02878E+16
105156,7.17063E+18,7,2,33,42,2017,6,5,5,3,0,7,0,0,0,1,0,1,0,3.50008E+20,5.56074E+21,6.89916E+15,5.01798E+16
105157,7.17072E+18,7,2,11,0,2017,7,9,2,2,5,3,0,1,0,0,0,0,0,3.2961E+20,5.51353E+21,6.63461E+15,4.97501E+16
105158,7.17063E+18,7,2,32,291,2017,6,18,5,3,5,3,0,1,0,0,0,0,1,3.11654E+20,5.55417E+21,6.36576E+15,5.01099E+16
105159,7.17072E+18,7,1,41,66,2017,7,10,2,3,1,7,0,1,0,1,0,0,0,4.01243E+20,5.56494E+21,7.61541E+15,5.02284E+16
105160,7.17063E+18,7,2,35,118,2017,6,12,5,3,2,6,0,1,0,0,1,0,0,3.23305E+20,5.49751E+21,6.55439E+15,4.96043E+16
105161,7.17071E+18,7,3,34,4,2017,7,11,1,3,5,3,1,1,0,0,0,0,0,4.4028E+20,5.43935E+21,8.1818E+15,4.91041E+16
105162,7.17072E+18,7,1,43,12,2017,7,16,2,2,0,1,1,0,0,0,0,0,0,4.12558E+20,5.59203E+21,7.76772E+15,5.04738E+16
105163,7.17063E+18,7,2,11,0,2017,6,17,5,3,1,6,0,1,0,0,0,0,0,3.3376E+20,5.5193E+21,6.68971E+15,4.98031E+16
105164,7.17071E+18,7,1,31,90,2017,7,16,2,3,0,1,0,0,0,1,0,0,1,3.6817E+20,5.60556E+21,7.13768E+15,5.05871E+16
105165,7.17072E+18,7,1,38,34,2017,7,0,2,3,8,1,0,1,0,0,0,2,0,4.01208E+20,5.59684E+21,7.60655E+15,5.05152E+16
105166,7.17072E+18,7,1,32,37,2017,7,13,2,3,9,1,0,1,0,0,0,0,1,4.14953E+20,5.63894E+21,7.79067E+15,5.08958E+16
105167,7.17063E+18,7,2,35,125,2017,6,7,5,3,2,6,0,1,0,0,0,0,0,3.38808E+20,5.5206E+21,6.75925E+15,4.98161E+16
105168,7.17072E+18,7,1,32,501,2017,7,11,2,3,5,3,0,1,0,0,0,0,0,4.03481E+20,5.61592E+21,7.63363E+15,5.06871E+16
105169,7.17072E+18,7,1,40,504,2017,7,17,2,3,3,1,1,1,0,0,0,0,0,3.85348E+20,5.55237E+21,7.39643E+15,5.01125E+16
105170,7.17063E+18,7,2,11,0,2017,6,10,5,3,5,3,1,1,0,0,0,0,0,3.28886E+20,5.51376E+21,6.62446E+15,4.97519E+16
105171,7.17063E+18,7,1,43,224,2017,6,20,5,3,8,1,0,1,0,0,0,0,1,4.30621E+20,5.59961E+21,8.02082E+15,5.05443E+16
105172,7.17072E+18,7,1,31,7,2017,7,16,2,2,5,7,1,1,0,0,0,0,0,3.68415E+20,5.60121E+21,7.14268E+15,5.0548E+16
105173,7.17072E+18,7,1,40,64,2017,7,22,2,3,8,1,0,1,0,0,0,2,0,3.88679E+20,5.54708E+21,7.44454E+15,5.00656E+16
105174,7.17063E+18,7,1,43,241,2017,6,9,5,3,5,2,0,1,0,0,1,0,1,4.11129E+20,5.60905E+21,7.74353E+15,5.06265E+16
105175,7.17072E+18,7,1,40,131,2017,7,17,2,2,3,3,0,1,0,0,0,0,0,3.89669E+20,5.54877E+21,7.45788E+15,5.00809E+16
105176,7.17072E+18,7,1,40,67,2017,7,1,2,3,8,1,0,0,0,0,1,2,0,3.82959E+20,5.53955E+21,7.36694E+15,4.99968E+16
105177,7.17063E+18,7,1,43,62,2017,6,20,5,3,2,6,0,1,0,0,0,0,0,4.09094E+20,5.59011E+21,7.71938E+15,5.04559E+16
105178,7.17071E+18,7,3,34,25,2017,7,7,5,1,1,5,0,0,0,1,1,0,0,4.48973E+20,5.44532E+21,8.30013E+15,4.91586E+16
105179,7.17072E+18,7,1,11,0,2017,7,16,2,3,1,6,0,0,0,1,1,0,0,3.99988E+20,5.58023E+21,7.59377E+15,5.03656E+16
105180,7.17063E+18,7,1,32,98,2017,6,13,5,3,5,2,0,1,0,0,0,0,0,4.19014E+20,5.62708E+21,7.85102E+15,5.07898E+16
105181,7.17072E+18,7,1,11,0,2017,7,15,2,3,5,3,0,1,0,0,0,0,0,3.97306E+20,5.58273E+21,7.55539E+15,5.03877E+16
105182,7.17071E+18,7,1,37,211,2017,7,21,7,3,9,1,0,1,0,0,0,0,0,3.91785E+20,5.58458E+21,7.47722E+15,5.04033E+16
105183,7.17072E+18,7,1,40,125,2017,7,17,2,3,3,6,0,0,0,0,1,0,0,4.0475E+20,5.54232E+21,7.67021E+15,5.00255E+16
105184,7.17071E+18,7,2,35,28,2017,7,22,7,3,1,1,0,1,0,0,0,2,0,3.21765E+20,5.49036E+21,6.53635E+15,4.95396E+16
105185,7.17063E+18,7,1,35,20,2017,6,16,5,3,8,1,0,1,0,0,0,0,0,3.6745E+20,5.55825E+21,7.14419E+15,5.01616E+16
105186,7.17071E+18,7,3,13,0,2017,7,15,7,3,8,1,0,1,0,1,0,0,0,4.17928E+20,5.46112E+21,7.87118E+15,4.92973E+16
105187,7.17063E+18,7,1,37,35,2017,6,10,5,3,5,2,0,1,0,0,1,0,0,3.57779E+20,5.58011E+21,7.00066E+15,5.03558E+16
105188,7.17063E+18,7,1,31,7,2017,6,12,5,3,1,2,0,1,0,0,1,0,0,3.70361E+20,5.60104E+21,7.1702E+15,5.0547E+16
105189,7.17063E+18,7,1,40,144,2017,6,18,5,3,3,6,0,1,0,0,1,0,1,3.71945E+20,5.52877E+21,7.21693E+15,4.98976E+16
105190,7.17063E+18,7,1,41,501,2017,6,7,5,3,9,1,0,1,0,0,0,0,1,4.07556E+20,5.56786E+21,7.70319E+15,5.02557E+16
105191,7.17072E+18,7,1,33,6,2017,7,15,1,2,9,1,0,0,0,1,0,0,0,4.18194E+20,5.52375E+21,7.8618E+15,4.98606E+16
105192,7.17063E+18,7,1,37,212,2017,6,17,5,3,5,3,0,1,0,0,0,0,1,3.90417E+20,5.57299E+21,7.46135E+15,5.02988E+16
105193,7.17063E+18,7,3,20,0,2017,6,21,4,2,5,3,0,1,0,0,0,0,0,3.83474E+20,5.4548E+21,7.39929E+15,4.92349E+16
105194,7.17072E+18,7,3,33,81,2017,7,5,1,3,8,7,0,1,0,0,0,1,0,4.2744E+20,5.49635E+21,7.99552E+15,4.96153E+16
105195,7.17063E+18,7,3,40,8,2017,6,18,4,2,0,3,0,1,0,1,0,0,0,3.94921E+20,5.44138E+21,7.55999E+15,4.91163E+16
105196,7.17063E+18,7,3,35,12,2017,6,16,4,3,1,6,0,1,0,0,0,0,0,3.90715E+20,5.47303E+21,7.49373E+15,4.94001E+16
105197,7.17063E+18,7,3,32,24,2017,6,17,4,3,2,6,0,0,0,0,1,0,0,4.40004E+20,5.48992E+21,8.17041E+15,4.95589E+16
105198,7.17071E+18,7,3,15,0,2017,7,6,2,3,2,6,0,1,0,0,0,0,1,4.4504E+20,5.53445E+21,8.23376E+15,4.99598E+16
105199,7.17063E+18,7,3,37,67,2017,6,12,4,3,5,3,0,1,0,0,1,0,0,4.20751E+20,5.45299E+21,7.9116E+15,4.92246E+16
105200,7.17071E+18,7,3,13,0,2017,7,22,2,3,5,3,0,1,0,0,0,2,0,4.35624E+20,5.45093E+21,8.11617E+15,4.92078E+16
105201,7.17071E+18,7,1,32,63,2017,7,18,3,3,5,3,0,1,0,1,0,0,0,4.21658E+20,5.62873E+21,7.88818E+15,5.0805E+16
105202,7.17063E+18,7,3,14,0,2017,6,14,4,3,5,3,1,1,0,0,0,0,0,4.53425E+20,5.48222E+21,8.35689E+15,4.94908E+16
105203,7.17071E+18,7,3,32,25,2017,7,0,5,3,8,1,0,1,0,0,0,2,0,4.44116E+20,5.46988E+21,8.2301E+15,4.9379E+16
105204,7.17071E+18,7,1,33,52,2017,7,21,5,3,8,1,0,1,0,0,0,2,1,3.88857E+20,5.51577E+21,7.45605E+15,4.97841E+16
105205,7.17072E+18,7,3,40,28,2017,7,11,1,3,8,1,0,1,0,0,0,0,0,4.03705E+20,5.44212E+21,7.68015E+15,4.91244E+16
105206,7.17072E+18,7,3,12,0,2017,7,3,1,3,2,6,0,1,0,0,0,2,0,4.05052E+20,5.47775E+21,7.69016E+15,4.9445E+16
105207,7.17072E+18,7,3,36,82,2017,7,20,1,3,0,6,0,1,0,1,0,0,0,3.87006E+20,5.48212E+21,7.44004E+15,4.94812E+16
105208,7.17072E+18,7,3,35,42,2017,7,12,1,2,4,6,0,1,0,0,0,0,0,4.09582E+20,5.4869E+21,7.75054E+15,4.9528E+16
105209,7.17072E+18,7,3,37,501,2017,7,11,1,2,5,3,1,1,0,0,0,0,0,4.2265E+20,5.45138E+21,7.93799E+15,4.92103E+16
105210,7.17072E+18,7,3,14,0,2017,7,22,1,3,3,2,0,1,0,1,0,2,0,4.58397E+20,5.47821E+21,8.42596E+15,4.94551E+16
105211,7.17072E+18,7,1,33,32,2017,7,15,1,2,8,1,0,1,0,0,0,0,0,4.20293E+20,5.51559E+21,7.89268E+15,4.97875E+16
105212,7.17072E+18,7,3,33,10,2017,7,19,1,2,5,2,0,1,0,0,0,0,0,4.28969E+20,5.50029E+21,8.01597E+15,4.9651E+16
105213,7.17072E+18,7,3,15,0,2017,7,0,1,3,5,3,0,1,0,0,0,2,0,4.43971E+20,5.53888E+21,8.21821E+15,4.99996E+16
105214,7.17072E+18,7,2,32,295,2017,7,0,1,3,9,1,0,0,0,0,1,2,0,3.10972E+20,5.56095E+21,6.35288E+15,5.01705E+16
105215,7.17071E+18,7,1,33,64,2017,7,16,5,2,0,7,1,0,0,0,0,0,0,4.00996E+20,5.51497E+21,7.62483E+15,4.9779E+16
105216,7.17072E+18,7,2,32,123,2017,7,23,1,3,8,7,0,1,0,0,0,2,0,3.32273E+20,5.53371E+21,6.66281E+15,4.99322E+16
105217,7.17071E+18,7,3,39,63,2017,7,22,5,3,8,1,0,1,0,0,0,2,1,4.18219E+20,5.53425E+21,7.85993E+15,4.9955E+16
105218,7.17071E+18,7,3,39,42,2017,7,17,5,3,2,6,0,1,0,0,0,0,0,4.41829E+20,5.52776E+21,8.19001E+15,4.98994E+16
105219,7.17063E+18,7,3,14,0,2017,6,7,4,3,2,6,0,1,0,0,0,0,1,4.60548E+20,5.48064E+21,8.45539E+15,4.94771E+16
105220,7.17071E+18,7,3,15,0,2017,7,18,5,3,5,3,1,1,0,0,0,0,0,4.45048E+20,5.54161E+21,8.23284E+15,5.00243E+16
105221,7.17072E+18,7,3,19,0,2017,7,2,1,3,8,1,0,1,0,0,0,2,1,4.5371E+20,5.50047E+21,8.35868E+15,4.9655E+16
105222,7.17072E+18,7,2,11,0,2017,7,8,1,3,5,2,0,1,0,0,0,0,0,3.34864E+20,5.52084E+21,6.70438E+15,4.98172E+16
105223,7.17072E+18,7,3,39,43,2017,7,18,1,3,8,2,1,0,0,0,0,0,0,4.52737E+20,5.52488E+21,8.34222E+15,4.98745E+16
105224,7.17072E+18,7,1,43,300,2017,7,13,1,2,4,6,0,1,0,0,0,0,0,4.2106E+20,5.61275E+21,7.8831E+15,5.06612E+16
105225,7.17072E+18,7,1,41,64,2017,7,12,1,3,0,6,0,0,0,1,0,0,0,4.20441E+20,5.58148E+21,7.88102E+15,5.038E+16
105226,7.17072E+18,7,1,43,33,2017,7,15,1,3,8,1,0,1,0,0,0,0,0,4.17077E+20,5.58535E+21,7.83286E+15,5.04143E+16
105227,7.17063E+18,7,1,33,72,2017,6,8,4,3,5,3,0,1,0,0,0,0,1,4.00312E+20,5.51651E+21,7.61493E+15,4.97928E+16
105228,7.17072E+18,7,1,43,67,2017,7,3,1,3,7,1,0,1,0,0,0,2,0,4.11183E+20,5.5984E+21,7.74683E+15,5.05308E+16
105229,7.17072E+18,7,1,32,44,2017,7,18,1,3,2,2,0,1,0,0,0,0,0,4.07188E+20,5.62411E+21,7.68403E+15,5.07613E+16
105230,7.17063E+18,7,3,39,5,2017,6,19,4,2,4,2,0,1,0,0,0,0,0,4.22193E+20,5.53181E+21,7.91581E+15,4.99336E+16
105231,7.17072E+18,7,1,38,45,2017,7,11,1,3,8,1,0,0,0,1,0,0,0,3.91083E+20,5.59503E+21,7.46431E+15,5.04971E+16
105232,7.17072E+18,7,1,40,64,2017,7,12,1,3,8,3,0,1,0,0,0,0,0,3.89413E+20,5.5487E+21,7.45433E+15,5.00803E+16
105233,7.17072E+18,7,1,37,203,2017,7,16,1,2,6,4,0,1,1,0,0,0,0,3.98331E+20,5.58808E+21,7.56836E+15,5.04359E+16
105234,7.17072E+18,7,3,40,38,2017,7,19,7,3,9,1,0,0,0,1,0,0,0,3.98467E+20,5.45398E+21,7.60539E+15,4.92302E+16
105235,7.17063E+18,7,1,33,86,2017,6,7,4,2,2,6,0,1,0,0,0,0,1,4.15059E+20,5.52288E+21,7.81839E+15,4.98524E+16
105236,7.17071E+18,7,3,15,0,2017,7,14,5,3,5,7,0,1,0,0,0,0,0,4.50796E+20,5.5347E+21,8.31396E+15,4.99626E+16
105237,7.17072E+18,7,3,33,9,2017,7,15,7,3,9,1,0,1,0,0,0,0,0,4.25363E+20,5.49403E+21,7.96722E+15,4.95942E+16
105238,7.17063E+18,7,3,31,72,2017,6,11,4,3,8,1,0,1,0,1,0,0,1,4.25316E+20,5.5182E+21,7.96195E+15,4.98116E+16
105239,7.17071E+18,7,1,33,108,2017,7,12,5,3,8,1,0,1,0,0,0,0,0,4.17528E+20,5.53087E+21,7.85102E+15,4.99245E+16
105240,7.17072E+18,7,3,33,33,2017,7,10,7,3,8,7,0,1,0,0,0,0,0,4.25229E+20,5.49396E+21,7.96538E+15,4.95936E+16
105241,7.17071E+18,7,2,31,4,2017,7,0,5,3,8,1,0,0,0,1,0,0,0,3.54477E+20,5.54376E+21,6.96819E+15,5.00284E+16
105242,7.17072E+18,7,3,34,7,2017,7,18,7,2,5,2,0,1,0,1,0,0,0,4.53678E+20,5.45118E+21,8.36399E+15,4.92117E+16
105243,7.17071E+18,7,3,20,0,2017,7,12,6,3,1,5,0,1,0,1,0,0,0,3.81316E+20,5.45677E+21,7.36908E+15,4.92522E+16
105244,7.17063E+18,7,3,31,47,2017,6,16,4,2,4,6,0,1,0,0,0,0,0,4.46588E+20,5.50099E+21,8.25993E+15,4.96591E+16
105245,7.17071E+18,7,1,38,68,2017,7,13,7,3,4,6,0,1,0,0,0,0,0,3.83669E+20,5.60439E+21,7.35689E+15,5.05798E+16
105246,7.17063E+18,7,3,31,55,2017,6,15,4,2,5,3,0,1,0,0,0,0,0,4.50212E+20,5.50587E+21,8.30953E+15,4.97033E+16
105247,7.17063E+18,7,3,19,0,2017,6,13,4,2,5,3,0,1,0,0,1,0,0,4.48377E+20,5.49566E+21,8.28543E+15,4.96113E+16
105248,7.17063E+18,7,3,19,0,2017,6,8,4,3,6,4,0,1,1,0,0,0,0,4.52967E+20,5.49786E+21,8.3487E+15,4.96315E+16
105249,7.17063E+18,7,3,15,0,2017,6,6,4,3,9,1,0,0,0,1,0,0,1,4.45771E+20,5.5402E+21,8.24313E+15,5.00117E+16
105250,7.17063E+18,7,2,32,332,2017,6,13,4,3,0,2,0,1,0,1,0,0,1,3.2229E+20,5.56024E+21,6.51153E+15,5.01677E+16
105251,7.17063E+18,7,2,32,272,2017,6,11,4,3,9,1,0,1,0,0,0,0,1,3.19816E+20,5.57359E+21,6.47058E+15,5.02869E+16
105252,7.17072E+18,7,3,37,18,2017,7,13,7,3,8,1,0,0,0,1,0,0,0,4.30506E+20,5.43668E+21,8.04837E+15,4.90791E+16
105253,7.17072E+18,7,1,33,26,2017,7,1,1,3,7,7,0,1,0,0,1,2,1,4.19886E+20,5.53152E+21,7.88374E+15,4.99307E+16
105254,7.17063E+18,7,2,32,329,2017,6,7,4,3,8,1,0,1,0,0,0,0,1,3.00185E+20,5.56704E+21,6.19879E+15,5.02218E+16
105255,7.17063E+18,7,2,33,240,2017,6,7,4,3,8,1,0,1,0,0,0,0,1,3.2347E+20,5.58134E+21,6.5182E+15,5.03576E+16
105256,7.17063E+18,7,2,31,24,2017,6,18,4,3,5,3,0,1,0,0,0,0,1,3.4547E+20,5.53556E+21,6.84582E+15,4.99523E+16
105257,7.17071E+18,7,1,40,501,2017,7,22,2,3,8,7,0,0,0,0,1,2,0,3.96461E+20,5.56359E+21,7.54876E+15,5.02154E+16
105258,7.17063E+18,7,2,31,502,2017,6,10,4,3,2,6,0,1,0,0,1,0,0,3.65874E+20,5.51952E+21,7.13564E+15,4.98132E+16
105259,7.17071E+18,7,2,35,118,2017,7,9,2,3,4,6,0,1,0,0,1,0,1,3.23362E+20,5.49724E+21,6.55531E+15,4.96019E+16
105260,7.17071E+18,7,3,39,5,2017,7,17,2,3,5,3,1,1,0,0,0,0,0,4.21645E+20,5.53359E+21,7.90781E+15,4.99496E+16
105261,7.17071E+18,7,1,43,59,2017,7,14,3,3,3,6,0,1,0,0,1,0,0,4.09487E+20,5.59553E+21,7.7236E+15,5.05047E+16
105262,7.17071E+18,7,1,34,75,2017,7,22,5,3,8,1,0,1,0,0,0,2,0,3.78408E+20,5.49561E+21,7.31723E+15,4.96008E+16
105263,7.17071E+18,7,1,34,45,2017,7,20,5,3,8,1,0,1,0,0,0,1,1,3.77648E+20,5.50891E+21,7.30256E+15,4.97203E+16
105264,7.17072E+18,7,3,31,70,2017,7,9,7,3,4,6,0,0,0,1,1,0,0,4.26986E+20,5.51283E+21,7.98616E+15,4.97635E+16
105265,7.17072E+18,7,2,35,103,2017,7,5,7,2,9,1,0,1,0,0,0,1,0,3.43028E+20,5.5088E+21,6.82263E+15,4.97112E+16
105266,7.17072E+18,7,2,35,103,2017,7,5,7,2,9,1,0,1,0,0,0,1,0,3.429E+20,5.50891E+21,6.82081E+15,4.97122E+16
105267,7.17072E+18,7,2,11,0,2017,7,3,1,3,9,1,0,1,0,0,0,2,0,3.31748E+20,5.51598E+21,6.66321E+15,4.97727E+16
105268,7.17072E+18,7,1,43,232,2017,7,11,7,2,3,3,0,1,0,0,0,0,0,4.20588E+20,5.5975E+21,7.8797E+15,5.0524E+16
105269,7.17072E+18,7,1,43,74,2017,7,1,7,2,8,1,1,0,0,0,0,2,0,4.23964E+20,5.59015E+21,7.9288E+15,5.04584E+16
105270,7.17071E+18,7,2,35,141,2017,7,6,5,3,5,3,1,1,0,0,0,0,0,3.37352E+20,5.51238E+21,6.74247E+15,4.97419E+16
105271,7.17071E+18,7,2,11,0,2017,7,15,5,2,0,6,1,0,0,0,0,0,0,3.33168E+20,5.5163E+21,6.68278E+15,4.97759E+16
105272,7.17072E+18,7,2,32,105,2017,7,3,1,2,8,1,0,1,0,0,0,2,1,3.31787E+20,5.5401E+21,6.65325E+15,4.99895E+16
105273,7.17072E+18,7,2,35,135,2017,7,13,1,2,8,1,1,0,0,0,0,0,0,3.40981E+20,5.51199E+21,6.79296E+15,4.97394E+16
105274,7.17072E+18,7,1,38,6,2017,7,15,7,3,9,1,0,0,0,1,0,0,0,3.88737E+20,5.60081E+21,7.42952E+15,5.05487E+16
105275,7.17072E+18,7,1,38,24,2017,7,6,7,3,4,6,0,1,0,0,1,0,0,3.83261E+20,5.59226E+21,7.35494E+15,5.04707E+16
105276,7.17072E+18,7,1,35,57,2017,7,16,7,2,8,1,0,0,0,1,0,0,0,3.56814E+20,5.55529E+21,6.99648E+15,5.01325E+16
105277,7.17072E+18,7,1,35,48,2017,7,13,7,2,3,2,0,0,0,1,0,0,0,3.60886E+20,5.55316E+21,7.0542E+15,5.01144E+16
105278,7.17072E+18,7,1,31,202,2017,7,16,7,2,0,1,1,0,0,0,0,0,0,3.75294E+20,5.59156E+21,7.24296E+15,5.04628E+16
105279,7.17063E+18,7,1,38,57,2017,6,7,4,3,4,6,0,1,0,0,0,0,1,4.01256E+20,5.60586E+21,7.60482E+15,5.05963E+16
105280,7.17072E+18,7,1,31,77,2017,7,3,7,3,9,1,0,1,0,0,0,2,0,3.74501E+20,5.59622E+21,7.23022E+15,5.05045E+16
105281,7.17072E+18,7,1,37,114,2017,7,11,7,3,5,2,0,1,0,0,0,0,0,3.82086E+20,5.56508E+21,7.3469E+15,5.02261E+16
105282,7.17072E+18,7,1,40,9,2017,7,15,7,3,5,3,0,1,0,0,0,0,0,3.87192E+20,5.54591E+21,7.42411E+15,5.00547E+16
105283,7.17072E+18,7,1,40,111,2017,7,12,7,3,8,1,0,0,0,1,0,0,0,3.81724E+20,5.53551E+21,7.35097E+15,4.99602E+16
105284,7.17072E+18,7,1,41,75,2017,7,16,7,2,0,1,0,0,0,1,0,0,0,4.0465E+20,5.57125E+21,7.66157E+15,5.02857E+16
105285,7.17063E+18,7,1,32,37,2017,6,22,4,3,8,1,0,1,0,0,0,2,1,4.13864E+20,5.63612E+21,7.77585E+15,5.08703E+16