OBJECTID,UIDENTSTLA,ULAND,UREGBEZ,UKREIS,UGEMEINDE,UJAHR,UMONAT,USTUNDE,UWOCHENTAG,UKATEGORIE,UART,UTYP1,IstRad,IstPKW,IstFuss,IstKrad,IstSonstig,LICHT,STRZUSTAND,LINREFX,LINREFY,XGCSWGS84,YGCSWGS84
105286,7.17071E+18,7,1,41,121,2017,7,18,5,3,8,1,0,0,0,1,0,0,1,4.09497E+20,5.55717E+21,7.73295E+15,5.01598E+16
105287,7.17072E+18,7,1,11,0,2017,7,11,7,2,2,6,0,1,0,0,0,0,0,3.99545E+20,5.5797E+21,7.58769E+15,5.03608E+16
105288,7.17071E+18,7,1,41,73,2017,7,18,5,3,9,1,0,1,0,0,0,0,1,4.25986E+20,5.57147E+21,7.96097E+15,5.02907E+16
105289,7.17072E+18,7,1,11,0,2017,7,19,7,3,9,1,0,0,0,1,0,0,0,3.96756E+20,5.58326E+21,7.54751E+15,5.03923E+16
105290,7.17071E+18,7,1,43,29,2017,7,17,5,2,2,6,0,1,0,0,1,0,1,4.09883E+20,5.60391E+21,7.72716E+15,5.05802E+16
105291,7.17063E+18,7,1,32,6,2017,6,14,4,3,8,1,0,1,0,0,0,0,0,4.19764E+20,5.62467E+21,7.86218E+15,5.07682E+16
105292,7.17063E+18,7,1,32,96,2017,6,11,4,3,8,1,0,1,0,0,0,0,1,4.09364E+20,5.62501E+21,7.71466E+15,5.07697E+16
105293,7.17063E+18,7,1,31,70,2017,6,18,4,3,8,1,0,1,0,0,0,0,0,3.75427E+20,5.60333E+21,7.2409E+15,5.05686E+16
105294,7.17063E+18,7,1,37,68,2017,6,7,4,3,2,6,0,1,0,0,0,0,1,3.75259E+20,5.57241E+21,7.24881E+15,5.02906E+16
105295,7.17063E+18,7,1,31,90,2017,6,14,4,2,9,1,0,0,0,1,0,0,0,3.66279E+20,5.60448E+21,7.11138E+15,5.05769E+16
105296,7.17063E+18,7,1,11,0,2017,6,7,4,2,5,1,0,1,0,0,0,0,1,3.93155E+20,5.57848E+21,7.49823E+15,5.03487E+16
105297,7.17063E+18,7,1,43,51,2017,6,8,4,3,3,6,0,1,0,0,1,0,1,4.23761E+20,5.5866E+21,7.92668E+15,5.04265E+16
105298,7.17071E+18,7,3,12,0,2017,7,10,6,2,9,1,0,0,0,1,0,0,0,4.09451E+20,5.47796E+21,7.75078E+15,4.94476E+16
105299,7.17063E+18,7,3,35,38,2017,6,13,3,3,5,3,0,1,0,0,0,0,0,3.95359E+20,5.47577E+21,7.557E+15,4.94256E+16
105300,7.17063E+18,7,3,36,31,2017,6,18,3,3,2,6,0,1,0,0,0,0,0,3.87505E+20,5.48082E+21,7.4473E+15,4.94696E+16
105301,7.17071E+18,7,3,16,0,2017,7,10,6,2,5,2,0,1,0,1,0,0,0,4.41969E+20,5.46123E+21,8.20178E+15,4.9301E+16
105302,7.17063E+18,7,3,35,4,2017,6,17,3,3,1,6,0,1,0,0,1,0,0,4.20678E+20,5.48134E+21,7.90496E+15,4.94796E+16
105303,7.17071E+18,7,1,31,2,2017,7,15,1,3,4,6,0,0,0,1,1,0,0,3.57318E+20,5.5957E+21,6.98825E+15,5.04958E+16
105304,7.17063E+18,7,3,34,501,2017,6,18,3,3,2,6,0,1,0,0,1,0,0,4.46777E+20,5.43212E+21,8.27176E+15,4.90397E+16
105305,7.17071E+18,7,3,14,0,2017,7,4,1,3,9,1,0,1,0,0,0,2,0,4.54797E+20,5.48089E+21,8.37598E+15,4.9479E+16
105306,7.17071E+18,7,3,32,25,2017,7,9,6,3,1,6,0,1,0,0,0,0,0,4.45481E+20,5.47017E+21,8.24886E+15,4.93818E+16
105307,7.17071E+18,7,1,43,236,2017,7,17,2,3,9,1,0,1,0,0,0,0,1,4.12072E+20,5.61867E+21,7.75457E+15,5.07132E+16
105308,7.17071E+18,7,3,39,5,2017,7,17,2,3,9,1,0,1,0,0,0,0,0,4.24414E+20,5.53409E+21,7.94631E+15,4.99544E+16
105309,7.17071E+18,7,3,13,0,2017,7,10,2,3,3,6,0,1,0,0,1,0,1,4.3787E+20,5.45106E+21,8.14698E+15,4.92092E+16
105310,7.17072E+18,7,2,35,37,2017,7,18,1,2,8,1,0,0,0,1,0,0,0,3.36758E+20,5.50891E+21,6.73568E+15,4.97106E+16
105311,7.17071E+18,7,1,38,68,2017,7,16,3,3,5,3,0,1,0,0,1,0,0,3.82529E+20,5.60468E+21,7.3407E+15,5.05822E+16
105312,7.17063E+18,7,3,34,28,2017,6,18,3,3,8,7,0,1,0,0,0,0,0,4.51771E+20,5.45811E+21,8.33697E+15,4.92739E+16
105313,7.17063E+18,7,3,34,1,2017,6,14,3,3,5,3,0,1,0,0,0,0,0,4.48913E+20,5.44937E+21,8.2988E+15,4.9195E+16
105314,7.17072E+18,7,1,43,245,2017,7,18,1,3,2,6,0,1,0,0,0,0,0,4.33951E+20,5.60292E+21,8.06722E+15,5.05745E+16
105315,7.17063E+18,7,3,37,52,2017,6,7,3,2,5,3,1,1,0,0,0,0,0,4.37494E+20,5.4607E+21,8.14031E+15,4.92958E+16
105316,7.17063E+18,7,3,13,0,2017,6,17,3,3,4,2,0,1,0,0,0,0,0,4.35809E+20,5.45108E+21,8.11868E+15,4.92091E+16
105317,7.17072E+18,7,1,43,202,2017,7,0,1,3,4,6,0,1,0,0,0,2,1,4.19047E+20,5.61113E+21,7.85499E+15,5.06464E+16
105318,7.17063E+18,7,3,18,0,2017,6,17,3,3,5,3,0,1,0,0,0,0,0,4.58278E+20,5.46283E+21,8.42593E+15,4.93168E+16
105319,7.17063E+18,7,3,14,0,2017,6,8,3,3,1,6,0,1,0,0,0,0,0,4.59678E+20,5.48043E+21,8.44341E+15,4.94752E+16
105320,7.17063E+18,7,3,39,56,2017,6,11,3,3,5,2,0,1,0,0,1,0,0,4.28231E+20,5.52374E+21,8.00143E+15,4.98617E+16
105321,7.17063E+18,7,1,33,6,2017,6,14,3,3,2,6,0,1,0,0,0,0,0,4.23042E+20,5.52569E+21,7.92885E+15,4.98787E+16
105322,7.17071E+18,7,3,15,0,2017,7,5,2,3,2,6,0,1,0,0,0,0,1,4.48573E+20,5.53806E+21,8.28252E+15,4.99926E+16
105323,7.17063E+18,7,3,39,6,2017,6,7,3,3,3,2,1,1,0,0,0,0,0,4.50506E+20,5.53113E+21,8.31039E+15,4.99305E+16
105324,7.17071E+18,7,3,34,36,2017,7,13,2,3,9,1,0,1,0,0,0,0,0,4.44376E+20,5.45667E+21,8.23552E+15,4.92602E+16
105325,7.17071E+18,7,1,43,67,2017,7,14,3,3,5,3,0,1,0,0,0,0,0,4.12171E+20,5.59748E+21,7.76098E+15,5.05227E+16
105326,7.17071E+18,7,1,43,37,2017,7,15,5,3,2,6,0,1,0,1,0,0,0,4.29087E+20,5.58961E+21,8.00107E+15,5.04542E+16
105327,7.17071E+18,7,1,38,30,2017,7,17,5,3,8,1,0,0,0,1,0,0,1,3.9219E+20,5.60396E+21,7.47734E+15,5.05776E+16
105328,7.17071E+18,7,3,38,17,2017,7,18,6,2,5,2,0,1,0,1,0,0,0,4.5709E+20,5.47461E+21,8.40832E+15,4.94226E+16
105329,7.17071E+18,7,3,14,0,2017,7,16,6,3,5,2,1,1,0,0,0,0,0,4.53292E+20,5.48128E+21,8.35516E+15,4.94823E+16
105330,7.17072E+18,7,1,41,51,2017,7,1,1,3,8,1,0,1,0,0,0,2,1,4.33143E+20,5.57165E+21,8.0614E+15,5.02932E+16
105331,7.17071E+18,7,1,33,98,2017,7,15,6,3,8,1,0,1,0,0,0,0,0,4.1091E+20,5.5263E+21,7.75989E+15,4.98825E+16
105332,7.17071E+18,7,3,31,19,2017,7,12,6,2,5,3,0,1,0,1,0,0,0,4.35957E+20,5.51607E+21,8.11017E+15,4.97937E+16
105333,7.17071E+18,7,3,31,1,2017,7,7,6,3,8,1,0,0,0,1,0,0,0,4.37036E+20,5.5153E+21,8.1253E+15,4.97868E+16
105334,7.17071E+18,7,3,39,19,2017,7,19,6,3,2,6,0,1,0,0,0,0,1,4.29657E+20,5.53552E+21,8.01911E+15,4.99679E+16
105335,7.17071E+18,7,3,15,0,2017,7,9,6,3,2,6,0,1,0,0,0,0,0,4.48338E+20,5.53844E+21,8.27919E+15,4.99961E+16
105336,7.17071E+18,7,2,31,95,2017,7,17,6,2,2,6,0,1,0,1,0,0,0,3.48081E+20,5.54877E+21,6.87697E+15,5.00718E+16
105337,7.17071E+18,7,2,32,290,2017,7,18,6,2,4,2,0,1,0,0,0,0,1,3.12603E+20,5.56082E+21,6.37575E+15,5.01699E+16
105338,7.17063E+18,7,3,39,51,2017,6,19,3,3,4,1,0,1,0,0,0,0,1,4.34979E+20,5.53162E+21,8.09398E+15,4.99334E+16
105339,7.17071E+18,7,2,32,231,2017,7,16,6,2,8,1,0,0,0,1,0,0,0,3.06198E+20,5.56264E+21,6.28523E+15,5.01842E+16
105340,7.17071E+18,7,1,38,41,2017,7,11,5,3,2,6,0,1,0,0,1,0,0,3.78132E+20,5.60273E+21,7.27928E+15,5.05637E+16
105341,7.17071E+18,7,1,34,2,2017,7,18,6,2,5,3,1,1,0,0,0,0,0,3.62017E+20,5.49861E+21,7.08946E+15,4.96243E+16
105342,7.17071E+18,7,1,38,50,2017,7,17,5,2,9,1,0,1,0,0,0,0,1,4.00216E+20,5.61052E+21,7.58888E+15,5.0638E+16
105343,7.17063E+18,7,3,39,9,2017,6,17,3,3,2,6,0,1,0,0,0,0,0,4.40278E+20,5.53971E+21,8.16656E+15,5.00067E+16
105344,7.17071E+18,7,1,31,202,2017,7,23,5,3,8,1,0,1,0,0,0,2,0,3.78301E+20,5.592E+21,7.28515E+15,5.04674E+16
105345,7.17063E+18,7,1,35,1,2017,6,16,3,3,3,6,1,0,0,0,1,0,0,3.64328E+20,5.54595E+21,7.10488E+15,5.00503E+16
105346,7.17071E+18,7,1,34,42,2017,7,15,6,3,2,6,0,1,0,0,0,0,0,3.67035E+20,5.49764E+21,7.15923E+15,4.96167E+16
105347,7.17063E+18,7,2,33,20,2017,6,13,3,3,5,3,0,1,0,0,0,0,1,3.43921E+20,5.56894E+21,6.8106E+15,5.0252E+16
105348,7.17071E+18,7,1,34,42,2017,7,10,6,3,6,5,0,1,1,0,0,0,0,3.69295E+20,5.4974E+21,7.19058E+15,4.9615E+16
105349,7.17063E+18,7,1,34,42,2017,6,17,3,3,9,1,0,1,0,0,0,0,1,3.71493E+20,5.49711E+21,7.22109E+15,4.96129E+16
105350,7.17063E+18,7,2,35,104,2017,6,22,3,3,5,3,0,1,0,0,0,2,1,3.1064E+20,5.49205E+21,6.38192E+15,4.95514E+16
105351,7.17063E+18,7,2,35,68,2017,6,16,3,3,2,6,0,1,0,0,0,0,0,3.275E+20,5.50983E+21,6.60698E+15,4.97163E+16
105352,7.17063E+18,7,2,35,501,2017,6,17,3,2,5,3,0,1,0,0,0,0,0,3.24791E+20,5.52244E+21,6.56375E+15,4.98288E+16
105353,7.17071E+18,7,2,35,103,2017,7,20,6,3,8,1,0,1,0,0,0,2,1,3.44522E+20,5.50806E+21,6.84363E+15,4.97049E+16
105354,7.17063E+18,7,1,43,286,2017,6,18,3,3,6,7,0,1,1,0,0,0,1,4.33917E+20,5.60648E+21,8.0661E+15,5.06065E+16
105355,7.17063E+18,7,1,43,289,2017,6,17,3,3,9,1,0,1,0,0,0,0,1,4.21068E+20,5.60275E+21,7.88535E+15,5.05714E+16
105356,7.17071E+18,7,1,43,206,2017,7,22,6,1,6,6,0,1,1,0,0,2,0,4.26917E+20,5.61128E+21,7.96625E+15,5.06488E+16
105357,7.17063E+18,7,1,43,279,2017,6,20,3,3,5,3,0,1,0,1,0,0,1,4.21388E+20,5.60891E+21,7.88857E+15,5.06268E+16
105358,7.17071E+18,7,3,16,0,2017,7,15,7,3,2,6,0,1,0,0,1,0,0,4.39916E+20,5.46768E+21,8.17256E+15,4.93589E+16
105359,7.17071E+18,7,1,43,62,2017,7,14,6,3,1,1,0,1,0,0,0,0,0,4.11523E+20,5.59187E+21,7.75318E+15,5.04721E+16
105360,7.17063E+18,7,1,43,279,2017,6,14,3,3,5,3,0,1,0,0,0,0,0,4.21254E+20,5.60891E+21,7.88667E+15,5.06267E+16
105361,7.17071E+18,7,1,40,85,2017,7,17,1,3,2,7,0,1,0,0,0,0,0,3.99679E+20,5.55571E+21,7.59593E+15,5.01451E+16
105362,7.17071E+18,7,1,43,81,2017,7,9,6,2,4,2,0,1,0,1,0,0,0,4.14701E+20,5.59183E+21,7.79796E+15,5.04722E+16
105363,7.17071E+18,7,1,32,117,2017,7,20,6,3,8,1,0,1,0,0,0,0,1,4.08877E+20,5.63158E+21,7.70612E+15,5.08287E+16
105364,7.17071E+18,7,2,33,20,2017,7,14,1,3,8,1,0,0,0,1,0,0,0,3.4313E+20,5.5703E+21,6.79896E+15,5.02639E+16
105365,7.17071E+18,7,1,32,18,2017,7,7,6,3,5,6,0,1,0,0,0,0,0,4.27173E+20,5.62131E+21,7.96789E+15,5.0739E+16
105366,7.17071E+18,7,1,37,229,2017,7,16,2,3,2,6,0,1,0,0,1,0,1,3.99962E+20,5.58531E+21,7.59206E+15,5.04113E+16
105367,7.17071E+18,7,1,32,201,2017,7,18,6,3,9,1,0,1,0,0,0,0,1,4.06207E+20,5.61129E+21,7.67339E+15,5.06459E+16
105368,7.17071E+18,7,2,35,28,2017,7,10,2,3,2,6,0,1,0,0,1,0,1,3.19311E+20,5.49123E+21,6.50205E+15,4.95467E+16
105369,7.17072E+18,7,1,43,30,2017,7,15,1,3,0,6,0,0,0,1,0,0,0,4.06306E+20,5.58953E+21,7.68026E+15,5.04503E+16
105370,7.17063E+18,7,1,43,32,2017,6,13,3,2,8,1,0,0,0,1,0,0,1,4.05776E+20,5.58969E+21,7.67276E+15,5.04517E+16
105371,7.17071E+18,7,1,33,501,2017,7,16,2,3,8,1,0,1,0,0,0,0,0,4.03384E+20,5.51674E+21,7.65755E+15,4.97953E+16
105372,7.17072E+18,7,1,40,503,2017,7,13,1,2,4,2,0,1,0,1,0,0,0,3.82133E+20,5.55121E+21,7.35184E+15,5.01015E+16
105373,7.17063E+18,7,1,38,66,2017,6,17,3,3,4,6,0,1,0,0,0,0,0,3.98323E+20,5.59769E+21,7.56563E+15,5.05223E+16
105374,7.17071E+18,7,1,31,211,2017,7,10,5,3,2,6,0,0,0,0,1,0,0,3.67686E+20,5.58649E+21,7.13761E+15,5.04155E+16
105375,7.17071E+18,7,1,37,97,2017,7,12,6,3,5,2,0,1,0,1,0,0,0,3.7069E+20,5.57948E+21,7.18228E+15,5.03532E+16
105376,7.17071E+18,7,1,37,27,2017,7,16,5,2,4,6,0,1,0,0,0,0,0,3.81612E+20,5.57121E+21,7.33833E+15,5.02811E+16
105377,7.17071E+18,7,1,40,161,2017,7,13,6,2,5,3,0,1,0,0,1,0,0,4.02361E+20,5.54763E+21,7.63551E+15,5.0073E+16
105378,7.17071E+18,7,1,37,207,2017,7,7,7,2,9,7,0,0,0,1,0,0,0,3.93292E+20,5.5728E+21,7.50176E+15,5.02976E+16
105379,7.17063E+18,7,1,38,9,2017,6,16,3,3,4,6,0,1,0,0,0,0,0,3.85208E+20,5.60293E+21,7.37907E+15,5.0567E+16
105380,7.17063E+18,7,1,31,77,2017,6,11,3,3,9,1,0,0,0,1,0,0,1,3.75476E+20,5.60187E+21,7.24208E+15,5.05555E+16
105381,7.17063E+18,7,1,37,7,2017,6,15,3,3,5,1,0,1,0,0,0,0,0,3.6074E+20,5.57865E+21,7.0428E+15,5.03435E+16
105382,7.17063E+18,7,1,37,68,2017,6,17,3,3,5,3,0,1,0,0,0,0,1,3.74822E+20,5.57776E+21,7.24091E+15,5.03386E+16
105383,7.17063E+18,7,1,37,68,2017,6,16,3,2,8,1,0,1,0,0,1,0,0,3.77959E+20,5.57703E+21,7.28521E+15,5.03327E+16
105384,7.17063E+18,7,1,40,11,2017,6,13,3,3,4,1,0,1,0,0,1,0,0,4.00866E+20,5.54192E+21,7.61611E+15,5.00213E+16
105385,7.17071E+18,7,1,11,0,2017,7,9,6,3,2,7,0,1,0,0,0,0,0,3.98912E+20,5.58071E+21,7.57852E+15,5.03698E+16
105386,7.17063E+18,7,1,40,27,2017,6,0,3,2,8,1,0,1,0,0,0,2,0,4.06497E+20,5.53907E+21,7.69538E+15,4.99967E+16
105387,7.17063E+18,7,1,11,0,2017,6,23,3,3,0,1,0,1,0,0,0,2,0,3.99577E+20,5.58046E+21,7.58794E+15,5.03677E+16
105388,7.17071E+18,7,1,37,89,2017,7,4,6,3,8,1,0,0,0,0,1,2,0,3.81463E+20,5.575E+21,7.33505E+15,5.03152E+16
105389,7.17063E+18,7,1,11,0,2017,6,13,3,3,5,3,1,1,0,0,0,0,1,4.01835E+20,5.58018E+21,7.61975E+15,5.03655E+16
105390,7.17063E+18,7,1,11,0,2017,6,10,3,3,5,3,0,1,0,0,1,0,1,4.01543E+20,5.57985E+21,7.61573E+15,5.03624E+16
105391,7.17071E+18,7,1,37,65,2017,7,7,2,2,4,1,0,1,0,0,0,0,1,3.84982E+20,5.57503E+21,7.38445E+15,5.03161E+16
105392,7.17071E+18,7,3,20,0,2017,7,12,5,3,2,6,0,1,0,1,0,0,0,3.81096E+20,5.45615E+21,7.36623E+15,4.92465E+16
105393,7.17063E+18,7,1,37,69,2017,6,15,3,3,0,6,0,1,0,0,1,0,0,3.77147E+20,5.58289E+21,7.27189E+15,5.03853E+16
105394,7.17071E+18,7,2,35,126,2017,7,12,2,3,8,1,0,1,0,0,0,0,1,3.27399E+20,5.49379E+21,6.61264E+15,4.95721E+16
105395,7.17071E+18,7,3,14,0,2017,7,16,2,3,4,6,0,1,0,1,0,0,0,4.54573E+20,5.47788E+21,8.37324E+15,4.94519E+16
105396,7.17071E+18,7,1,11,0,2017,7,17,3,2,5,3,1,1,0,0,0,0,0,3.9787E+20,5.57941E+21,7.56422E+15,5.03579E+16
105397,7.17071E+18,7,1,40,64,2017,7,11,5,2,0,3,0,1,0,1,0,0,0,3.89211E+20,5.54758E+21,7.45183E+15,5.00702E+16
105398,7.17071E+18,7,1,11,0,2017,7,12,5,3,2,7,0,1,0,0,0,0,0,3.99089E+20,5.58064E+21,7.58103E+15,5.03692E+16
105399,7.17071E+18,7,3,35,12,2017,7,7,5,3,0,1,1,0,0,0,0,0,0,3.91602E+20,5.47321E+21,7.5059E+15,4.9402E+16
105400,7.17071E+18,7,3,12,0,2017,7,11,5,3,1,6,0,1,0,0,0,0,0,4.0957E+20,5.47645E+21,7.75276E+15,4.9434E+16
105401,7.17072E+18,7,1,31,77,2017,7,17,1,3,1,5,1,1,0,0,0,0,0,3.76328E+20,5.60081E+21,7.25445E+15,5.05462E+16
105402,7.17071E+18,7,3,32,35,2017,7,19,5,3,5,3,0,1,0,0,0,0,0,4.45125E+20,5.47307E+21,8.24355E+15,4.94078E+16
105403,7.17071E+18,7,3,32,27,2017,7,16,5,3,5,3,0,1,0,0,0,0,0,4.33156E+20,5.48793E+21,8.07607E+15,4.95403E+16
105404,7.17072E+18,7,1,31,47,2017,7,15,1,3,2,1,0,0,0,1,0,0,0,3.51135E+20,5.59677E+21,6.90072E+15,5.05039E+16
105405,7.17071E+18,7,3,34,2,2017,7,22,5,2,2,6,1,1,0,0,0,2,0,4.41236E+20,5.42619E+21,8.19681E+15,4.89858E+16
105406,7.17071E+18,7,3,16,0,2017,7,22,5,3,9,7,0,1,0,0,0,1,0,4.41561E+20,5.46738E+21,8.19527E+15,4.93563E+16
105407,7.17071E+18,7,3,37,2,2017,7,21,5,3,8,1,0,1,0,0,0,1,0,4.43004E+20,5.45877E+21,8.21636E+15,4.92791E+16
105408,7.17071E+18,7,3,38,23,2017,7,23,5,2,8,1,0,0,0,1,0,2,0,4.54945E+20,5.45931E+21,8.38047E+15,4.92849E+16
105409,7.17071E+18,7,3,18,0,2017,7,12,5,3,9,1,0,1,0,0,0,0,0,4.57581E+20,5.46631E+21,8.41597E+15,4.9348E+16
105410,7.17071E+18,7,3,14,0,2017,7,13,5,3,3,6,0,1,0,0,1,0,0,4.58681E+20,5.48277E+21,8.4294E+15,4.94961E+16
105411,7.17071E+18,7,3,31,3,2017,7,18,5,2,5,3,0,1,0,1,0,0,0,4.35904E+20,5.51101E+21,8.11028E+15,4.97481E+16
105412,7.17071E+18,7,1,11,0,2017,7,8,5,3,3,6,0,1,0,1,0,0,0,3.97933E+20,5.5827E+21,7.56422E+15,5.03875E+16
105413,7.17063E+18,7,1,11,0,2017,6,20,3,3,9,1,0,0,0,0,1,0,1,3.92027E+20,5.57968E+21,7.48203E+15,5.03593E+16
105414,7.17071E+18,7,1,11,0,2017,7,10,5,3,2,6,0,1,0,0,0,0,0,4.00063E+20,5.57901E+21,7.59515E+15,5.03547E+16
105415,7.17063E+18,7,1,37,202,2017,6,18,3,3,9,1,0,1,0,0,0,0,1,3.88541E+20,5.57779E+21,7.43361E+15,5.03416E+16
105416,7.17071E+18,7,3,19,0,2017,7,12,5,3,5,3,0,1,0,0,0,0,0,4.47295E+20,5.49853E+21,8.27006E+15,4.96371E+16
105417,7.17063E+18,7,3,40,35,2017,6,17,2,3,5,3,0,1,0,1,0,0,0,3.90586E+20,5.45296E+21,7.49746E+15,4.92197E+16
105418,7.17071E+18,7,2,32,18,2017,7,16,5,3,2,6,0,1,0,0,0,0,0,3.22519E+20,5.53625E+21,6.52585E+15,4.99522E+16
105419,7.17063E+18,7,3,20,0,2017,6,18,2,2,5,3,0,1,0,1,0,0,0,3.80906E+20,5.45555E+21,7.36381E+15,4.92411E+16
105420,7.17063E+18,7,3,17,0,2017,6,13,2,3,2,6,0,1,0,0,0,0,0,3.9775E+20,5.45101E+21,7.59629E+15,4.92034E+16
105421,7.17071E+18,7,2,31,5,2017,7,19,5,3,8,1,0,1,0,0,0,0,0,3.61756E+20,5.54161E+21,7.07053E+15,5.00108E+16
105422,7.17063E+18,7,3,12,0,2017,6,6,2,2,5,2,0,1,0,1,0,0,0,4.05926E+20,5.47814E+21,7.70212E+15,4.94486E+16
105423,7.17063E+18,7,3,12,0,2017,6,7,2,3,2,6,0,1,0,0,0,0,0,4.12965E+20,5.47893E+21,7.79903E+15,4.94568E+16
105424,7.17071E+18,7,2,31,4,2017,7,7,5,3,9,1,0,1,0,0,0,0,0,3.57102E+20,5.54178E+21,7.00556E+15,5.00112E+16
105425,7.17063E+18,7,3,34,501,2017,6,7,2,3,5,3,1,1,0,0,0,0,0,4.47635E+20,5.43555E+21,8.28305E+15,4.90706E+16
105426,7.17063E+18,7,3,37,41,2017,6,9,2,3,1,6,0,1,0,0,0,0,0,4.42377E+20,5.45405E+21,8.20843E+15,4.92365E+16
105427,7.17071E+18,7,1,34,56,2017,7,14,5,2,8,1,0,1,0,0,0,0,0,3.7508E+20,5.51814E+21,7.26399E+15,4.98027E+16
105428,7.17071E+18,7,2,35,45,2017,7,9,5,2,5,3,0,1,0,0,0,0,0,3.52656E+20,5.50521E+21,6.95745E+15,4.96814E+16
105429,7.17071E+18,7,2,11,0,2017,7,12,5,2,8,1,0,1,0,0,0,0,0,3.34055E+20,5.51642E+21,6.69503E+15,4.97773E+16
105430,7.17071E+18,7,1,43,267,2017,7,7,5,3,5,3,1,1,0,0,0,0,0,4.10621E+20,5.6135E+21,7.73527E+15,5.06665E+16
105431,7.17071E+18,7,1,32,6,2017,7,11,5,3,0,1,1,0,0,0,0,0,0,4.2054E+20,5.62674E+21,7.87274E+15,5.0787E+16
105432,7.17071E+18,7,1,32,9,2017,7,21,5,2,8,1,0,0,0,1,0,0,0,4.0101E+20,5.61792E+21,7.59813E+15,5.07047E+16
105433,7.17071E+18,7,1,31,70,2017,7,16,5,3,1,3,1,1,0,0,0,0,0,3.73316E+20,5.6085E+21,7.20933E+15,5.06146E+16
105434,7.17071E+18,7,1,37,68,2017,7,21,5,3,9,1,0,1,0,0,0,0,0,3.74047E+20,5.57805E+21,7.22992E+15,5.03411E+16
105435,7.17071E+18,7,1,38,23,2017,7,0,5,2,0,7,0,0,0,0,1,2,0,4.0478E+20,5.59766E+21,7.6567E+15,5.05231E+16
105436,7.17071E+18,7,1,41,23,2017,7,16,5,2,8,1,0,0,0,1,0,0,0,4.09116E+20,5.56826E+21,7.72496E+15,5.02595E+16
105437,7.17071E+18,7,3,40,16,2017,7,7,4,3,5,2,0,1,0,1,0,0,0,4.00566E+20,5.46409E+21,7.6317E+15,4.93214E+16
105438,7.17071E+18,7,1,41,501,2017,7,7,5,2,8,7,0,1,0,0,0,0,0,4.03903E+20,5.56906E+21,7.65165E+15,5.02659E+16
105439,7.17071E+18,7,3,17,0,2017,7,12,4,3,4,2,0,1,0,0,0,0,0,3.98057E+20,5.44977E+21,7.60082E+15,4.91923E+16
105440,7.17071E+18,7,3,33,503,2017,7,18,4,2,5,3,0,1,0,0,0,0,0,4.19682E+20,5.49122E+21,7.88919E+15,4.95683E+16
105441,7.17063E+18,7,3,18,0,2017,6,16,2,3,5,2,1,0,0,1,0,0,0,4.58609E+20,5.46443E+21,8.43031E+15,4.93312E+16
105442,7.17063E+18,7,3,38,4,2017,6,20,2,3,0,7,0,0,0,1,0,0,1,4.55306E+20,5.4908E+21,8.38188E+15,4.95681E+16
105443,7.17063E+18,7,1,33,102,2017,6,15,2,3,5,3,0,1,0,0,0,0,0,4.0574E+20,5.51501E+21,7.69069E+15,4.97802E+16
105444,7.17063E+18,7,3,39,5,2017,6,18,2,3,5,3,1,1,0,0,0,0,0,4.25227E+20,5.53118E+21,7.95819E+15,4.99283E+16
105445,7.17063E+18,7,1,33,117,2017,6,14,2,3,5,3,0,0,0,1,1,0,0,4.15239E+20,5.52215E+21,7.82106E+15,4.98457E+16
105446,7.17063E+18,7,1,33,6,2017,6,13,2,3,2,7,0,1,0,0,0,0,0,4.23042E+20,5.52569E+21,7.92885E+15,4.98787E+16
105447,7.17071E+18,7,1,37,203,2017,7,18,5,3,6,4,0,1,1,0,0,0,0,3.98479E+20,5.58828E+21,7.57038E+15,5.04378E+16
105448,7.17063E+18,7,1,33,114,2017,6,10,2,3,2,6,0,1,0,0,0,0,0,4.15535E+20,5.52899E+21,7.82366E+15,4.99073E+16
105449,7.17063E+18,7,3,31,58,2017,6,11,2,3,0,6,1,1,0,0,0,0,0,4.39406E+20,5.52519E+21,8.15666E+15,4.9876E+16
105450,7.17071E+18,7,1,11,0,2017,7,16,5,3,2,6,0,1,0,0,0,0,0,3.98893E+20,5.58072E+21,7.57825E+15,5.03698E+16
105451,7.17063E+18,7,3,31,3,2017,6,20,2,3,5,3,1,1,0,0,0,0,0,4.34506E+20,5.51002E+21,8.09104E+15,4.97391E+16
105452,7.17071E+18,7,1,11,0,2017,7,17,5,3,2,6,0,1,0,0,0,0,0,3.9599E+20,5.58213E+21,7.53705E+15,5.0382E+16
105453,7.17063E+18,7,3,15,0,2017,6,17,2,3,5,3,1,1,0,0,0,0,0,4.41412E+20,5.5373E+21,8.18275E+15,4.99851E+16
105454,7.17071E+18,7,1,38,44,2017,7,12,1,2,8,1,0,0,0,1,0,0,0,3.84862E+20,5.60892E+21,7.37234E+15,5.06208E+16
105455,7.17071E+18,7,3,20,0,2017,7,11,4,3,1,2,0,1,0,0,0,0,1,3.81584E+20,5.45304E+21,7.37386E+15,4.92187E+16
105456,7.17063E+18,7,3,15,0,2017,6,14,2,3,0,7,0,1,0,0,0,0,0,4.44952E+20,5.53509E+21,8.23243E+15,4.99656E+16
105457,7.17071E+18,7,3,36,66,2017,7,10,1,2,8,1,0,0,0,1,0,0,0,3.90822E+20,5.48589E+21,7.49166E+15,4.95158E+16