OBJECTID,UIDENTSTLA,ULAND,UREGBEZ,UKREIS,UGEMEINDE,UJAHR,UMONAT,USTUNDE,UWOCHENTAG,UKATEGORIE,UART,UTYP1,IstRad,IstPKW,IstFuss,IstKrad,IstSonstig,LICHT,STRZUSTAND,LINREFX,LINREFY,XGCSWGS84,YGCSWGS84
105458,7.17071E+18,7,3,17,0,2017,7,13,4,3,6,4,0,1,1,0,0,0,1,3.98057E+20,5.44977E+21,7.60082E+15,4.91923E+16
105459,7.17071E+18,7,2,11,0,2017,7,9,2,2,1,3,0,1,0,0,0,0,1,3.29581E+20,5.51354E+21,6.63419E+15,4.97502E+16
105460,7.17071E+18,7,3,33,39,2017,7,9,2,2,8,1,0,1,0,0,0,0,1,4.26536E+20,5.50282E+21,7.9818E+15,4.96734E+16
105461,7.17063E+18,7,3,15,0,2017,6,18,2,3,5,2,1,0,0,0,1,0,0,4.46491E+20,5.53863E+21,8.2534E+15,4.99976E+16
105462,7.17071E+18,7,3,12,0,2017,7,15,2,3,5,7,0,1,0,0,1,0,1,4.13139E+20,5.47903E+21,7.8014E+15,4.94577E+16
105463,7.17072E+18,7,1,31,1,2017,7,14,1,3,8,1,0,0,0,1,0,0,1,3.5538E+20,5.58331E+21,6.96573E+15,5.0384E+16
105464,7.17063E+18,7,3,15,0,2017,6,21,2,3,3,2,0,1,0,0,1,0,0,4.47992E+20,5.53925E+21,8.27426E+15,5.00033E+16
105465,7.17063E+18,7,3,15,0,2017,6,19,2,2,8,1,0,1,0,0,0,0,0,4.46729E+20,5.53536E+21,8.25718E+15,4.99682E+16
105466,7.17063E+18,7,2,31,24,2017,6,15,2,3,5,3,0,1,0,0,0,0,0,3.45968E+20,5.53606E+21,6.85256E+15,4.9957E+16
105467,7.17071E+18,7,3,36,17,2017,7,14,4,3,8,7,0,1,0,0,0,0,1,3.77339E+20,5.47366E+21,7.30926E+15,4.94032E+16
105468,7.17071E+18,7,3,12,0,2017,7,21,4,2,9,1,0,0,0,1,0,0,0,4.08563E+20,5.47708E+21,7.73873E+15,4.94395E+16
105469,7.17071E+18,7,3,37,5,2017,7,11,4,3,1,2,0,1,0,0,0,0,1,4.27376E+20,5.43926E+21,8.00506E+15,4.91019E+16
105470,7.17071E+18,7,3,18,0,2017,7,22,4,3,9,1,0,1,0,0,0,2,0,4.57162E+20,5.46516E+21,8.41032E+15,4.93377E+16
105471,7.17072E+18,7,1,31,1,2017,7,12,1,3,4,6,0,1,0,0,0,0,0,3.55405E+20,5.58331E+21,6.96608E+15,5.03841E+16
105472,7.17071E+18,7,3,39,21,2017,7,11,4,3,2,6,0,1,0,0,1,0,1,4.23201E+20,5.52819E+21,7.93056E+15,4.99012E+16
105473,7.17071E+18,7,3,39,5,2017,7,9,4,3,8,1,0,0,0,0,1,0,1,4.22182E+20,5.53264E+21,7.91549E+15,4.99411E+16
105474,7.17072E+18,7,1,31,7,2017,7,14,1,3,8,1,0,0,0,1,0,0,0,3.65522E+20,5.59611E+21,7.10371E+15,5.05015E+16
105475,7.17071E+18,7,1,33,107,2017,7,22,4,3,7,7,0,1,0,0,0,2,0,4.05953E+20,5.51811E+21,7.6929E+15,4.98081E+16
105476,7.17071E+18,7,1,33,6,2017,7,13,4,3,2,6,0,0,0,0,1,0,0,4.19383E+20,5.5208E+21,7.87896E+15,4.98342E+16
105477,7.17071E+18,7,3,33,45,2017,7,21,4,2,0,1,0,0,0,1,0,2,0,4.30338E+20,5.49878E+21,8.0352E+15,4.96375E+16
105478,7.17071E+18,7,3,33,7,2017,7,18,4,2,2,7,0,1,0,0,0,0,0,4.29723E+20,5.50226E+21,8.02606E+15,4.96688E+16
105479,7.17071E+18,7,3,31,73,2017,7,18,4,2,8,1,0,1,0,0,0,0,0,4.36061E+20,5.52219E+21,8.11062E+15,4.98487E+16
105480,7.17071E+18,7,3,31,3,2017,7,12,4,3,2,6,0,1,0,0,1,0,1,4.35446E+20,5.51042E+21,8.10402E+15,4.97428E+16
105481,7.17071E+18,7,3,19,0,2017,7,6,4,2,9,1,0,1,0,0,0,0,0,4.4939E+20,5.49896E+21,8.29901E+15,4.9641E+16
105482,7.17072E+18,7,1,40,18,2017,7,10,1,2,5,3,0,1,0,0,0,0,0,3.93517E+20,5.55022E+21,7.51124E+15,5.00947E+16
105483,7.17071E+18,7,2,32,262,2017,7,12,4,3,9,1,0,1,0,0,0,0,1,3.10505E+20,5.5575E+21,6.34805E+15,5.01394E+16
105484,7.17071E+18,7,2,32,18,2017,7,13,4,2,4,6,0,1,0,0,1,0,1,3.21789E+20,5.53942E+21,6.51422E+15,4.99804E+16
105485,7.17071E+18,7,2,31,134,2017,7,15,4,3,3,1,0,1,0,0,0,0,1,3.48988E+20,5.53822E+21,6.89379E+15,4.99772E+16
105486,7.17071E+18,7,2,31,5,2017,7,10,4,3,4,1,0,1,0,0,1,0,1,3.601E+20,5.54177E+21,7.04737E+15,5.00118E+16
105487,7.17071E+18,7,1,34,42,2017,7,12,4,3,9,1,0,1,0,0,0,0,1,3.71565E+20,5.49709E+21,7.22208E+15,4.96127E+16
105488,7.17071E+18,7,2,35,148,2017,7,12,4,3,8,1,0,1,0,0,0,0,1,3.25845E+20,5.50438E+21,6.58647E+15,4.96668E+16
105489,7.17071E+18,7,1,43,218,2017,7,8,4,3,8,1,0,1,0,0,0,0,1,4.37841E+20,5.60303E+21,8.12213E+15,5.05759E+16
105490,7.17071E+18,7,1,43,78,2017,7,20,4,3,4,1,0,1,0,0,0,0,1,4.12814E+20,5.596E+21,7.77039E+15,5.05094E+16
105491,7.17071E+18,7,3,35,49,2017,7,18,4,3,5,3,0,1,0,1,0,0,0,4.00932E+20,5.48215E+21,7.63223E+15,4.94839E+16
105492,7.17071E+18,7,3,12,0,2017,7,7,4,3,1,6,0,1,0,0,0,0,0,4.05579E+20,5.48111E+21,7.69661E+15,4.94753E+16
105493,7.17063E+18,7,1,35,1,2017,6,19,2,3,9,1,0,1,0,0,0,0,0,3.66263E+20,5.54564E+21,7.132E+15,5.0048E+16
105494,7.17063E+18,7,2,33,29,2017,6,14,2,3,5,3,0,1,0,0,0,0,0,3.31792E+20,5.57519E+21,6.63783E+15,5.03048E+16
105495,7.17071E+18,7,1,43,70,2017,7,19,4,2,4,6,0,1,0,1,0,0,1,4.13006E+20,5.59293E+21,7.77381E+15,5.04819E+16
105496,7.17063E+18,7,2,32,91,2017,6,17,2,2,4,2,0,1,0,0,0,0,0,3.20139E+20,5.5343E+21,6.49362E+15,4.9934E+16
105497,7.17063E+18,7,2,32,82,2017,6,14,2,3,5,1,0,1,0,0,0,0,0,3.18025E+20,5.52213E+21,6.46991E+15,4.9824E+16
105498,7.17071E+18,7,1,38,75,2017,7,20,4,2,9,1,0,1,0,0,0,0,1,3.82384E+20,5.60763E+21,7.33773E+15,5.06087E+16
105499,7.17063E+18,7,2,31,502,2017,6,14,2,1,8,1,0,0,0,1,0,0,0,3.5838E+20,5.52078E+21,7.03108E+15,4.98227E+16
105500,7.17063E+18,7,1,34,87,2017,6,18,2,2,2,2,0,1,0,0,0,0,0,3.7815E+20,5.5244E+21,7.30466E+15,4.98596E+16
105501,7.17071E+18,7,1,32,40,2017,7,13,4,2,9,1,0,1,0,0,0,0,1,4.06001E+20,5.61441E+21,7.66968E+15,5.0674E+16
105502,7.17063E+18,7,1,34,10,2017,6,20,2,3,4,2,0,1,0,1,0,1,0,3.67134E+20,5.50004E+21,7.15978E+15,4.96383E+16
105503,7.17063E+18,7,1,34,18,2017,6,7,2,3,8,6,0,0,0,1,1,0,0,3.65196E+20,5.49895E+21,7.13333E+15,4.9628E+16
105504,7.17071E+18,7,1,38,45,2017,7,12,4,3,1,1,0,1,0,0,0,0,1,3.91888E+20,5.58899E+21,7.4774E+15,5.0443E+16
105505,7.17063E+18,7,2,35,114,2017,6,13,2,3,8,1,0,1,0,0,0,0,0,3.45945E+20,5.50318E+21,6.86528E+15,4.96615E+16
105506,7.17071E+18,7,1,35,75,2017,7,9,4,3,8,1,0,1,0,0,0,0,1,3.77564E+20,5.56666E+21,7.28301E+15,5.02394E+16
105507,7.17063E+18,7,2,35,45,2017,6,8,2,3,2,6,0,1,0,0,0,0,0,3.514E+20,5.50248E+21,6.94108E+15,4.96566E+16
105508,7.17071E+18,7,3,12,0,2017,7,1,7,3,3,1,1,1,0,0,0,2,0,4.10271E+20,5.4766E+21,7.76239E+15,4.94355E+16
105509,7.17071E+18,7,1,31,501,2017,7,15,4,2,9,1,0,1,0,0,0,0,1,3.53618E+20,5.59021E+21,6.93827E+15,5.04457E+16
105510,7.17063E+18,7,1,43,295,2017,6,16,2,1,4,2,0,1,0,1,0,0,0,4.33728E+20,5.61442E+21,8.06202E+15,5.06778E+16
105511,7.17071E+18,7,1,31,7,2017,7,11,1,3,5,3,1,1,0,0,0,0,0,3.66772E+20,5.60167E+21,7.11933E+15,5.05517E+16
105512,7.17071E+18,7,1,11,0,2017,7,17,4,3,5,3,0,1,0,0,0,0,1,3.9926E+20,5.5771E+21,7.58438E+15,5.03373E+16
105513,7.17071E+18,7,1,35,38,2017,7,16,4,3,3,1,0,1,0,0,0,0,1,3.69748E+20,5.56548E+21,7.17387E+15,5.02271E+16
105514,7.17071E+18,7,3,14,0,2017,7,17,1,3,4,1,0,1,0,0,0,0,0,4.58867E+20,5.47666E+21,8.4326E+15,4.94412E+16
105515,7.17071E+18,7,1,11,0,2017,7,6,4,2,9,1,0,1,0,0,0,2,1,3.96497E+20,5.58344E+21,7.54381E+15,5.03939E+16
105516,7.17071E+18,7,1,37,97,2017,7,11,2,3,5,2,0,1,0,0,0,0,1,3.70689E+20,5.57948E+21,7.18226E+15,5.03532E+16
105517,7.17071E+18,7,3,40,15,2017,7,6,3,3,7,1,0,0,0,1,0,0,0,4.04319E+20,5.46215E+21,7.68379E+15,4.93046E+16
105518,7.17063E+18,7,1,41,91,2017,6,6,2,2,1,7,0,1,0,1,0,0,0,4.12332E+20,5.57448E+21,7.76863E+15,5.03159E+16
105519,7.17071E+18,7,2,32,63,2017,7,11,2,3,8,1,0,1,0,0,0,0,1,3.16792E+20,5.52352E+21,6.45213E+15,4.98361E+16
105520,7.17072E+18,7,1,37,208,2017,7,13,1,3,4,6,1,1,0,0,0,0,0,3.86352E+20,5.56587E+21,7.40643E+15,5.02341E+16
105521,7.17063E+18,7,1,38,59,2017,6,15,2,3,2,6,0,1,0,0,0,0,0,4.02823E+20,5.60343E+21,7.6276E+15,5.05747E+16
105522,7.17072E+18,7,1,37,230,2017,7,6,1,3,9,1,0,1,0,0,0,0,0,3.9462E+20,5.57465E+21,7.51988E+15,5.03146E+16
105523,7.17063E+18,7,1,38,77,2017,6,13,2,3,5,3,0,1,0,1,0,0,0,3.82363E+20,5.61016E+21,7.33664E+15,5.06315E+16
105524,7.17063E+18,7,1,32,58,2017,6,16,2,3,2,6,0,1,0,0,0,0,0,4.0897E+20,5.61998E+21,7.71032E+15,5.07245E+16
105525,7.17063E+18,7,1,31,37,2017,6,13,2,2,5,3,0,1,0,1,0,0,0,3.6077E+20,5.58386E+21,7.0413E+15,5.03903E+16
105526,7.17063E+18,7,1,37,81,2017,6,22,2,3,0,1,0,0,0,1,0,1,0,3.81251E+20,5.58539E+21,7.3288E+15,5.04086E+16
105527,7.17063E+18,7,1,37,216,2017,6,18,2,3,5,3,0,1,0,0,1,0,0,3.94447E+20,5.583E+21,7.51512E+15,5.03895E+16
105528,7.17071E+18,7,2,33,26,2017,7,21,2,3,8,1,0,1,0,0,0,0,1,3.3313E+20,5.56502E+21,6.6611E+15,5.02138E+16
105529,7.17071E+18,7,3,38,19,2017,7,12,2,3,5,3,1,1,0,0,0,0,0,4.53241E+20,5.47681E+21,8.35498E+15,4.94422E+16
105530,7.17071E+18,7,1,37,92,2017,7,20,3,3,4,1,0,1,0,0,0,0,1,3.68574E+20,5.57612E+21,7.15372E+15,5.03225E+16
105531,7.17063E+18,7,1,11,0,2017,6,17,2,2,3,6,0,1,0,1,0,0,0,4.00788E+20,5.57719E+21,7.60582E+15,5.03385E+16
105532,7.17071E+18,7,3,32,25,2017,7,21,4,3,1,6,0,1,0,0,0,2,0,4.47739E+20,5.46765E+21,8.28029E+15,4.93593E+16
105533,7.17071E+18,7,3,40,210,2017,7,16,3,3,4,6,0,1,0,0,0,0,1,3.85927E+20,5.45109E+21,7.43403E+15,4.9202E+16
105534,7.17071E+18,7,3,20,0,2017,7,15,3,3,6,2,0,1,1,0,0,0,0,3.80761E+20,5.45614E+21,7.36165E+15,4.92464E+16
105535,7.17071E+18,7,3,17,0,2017,7,18,3,3,0,7,1,1,0,0,0,0,1,3.98651E+20,5.44991E+21,7.60895E+15,4.91936E+16
105536,7.17071E+18,7,3,36,55,2017,7,13,3,3,2,2,0,1,0,0,0,0,0,3.84655E+20,5.48841E+21,7.40576E+15,4.95374E+16
105537,7.17071E+18,7,3,35,26,2017,7,18,3,3,9,1,0,1,0,0,0,0,1,4.15832E+20,5.48088E+21,7.83816E+15,4.94747E+16
105538,7.17071E+18,7,3,35,15,2017,7,13,3,2,8,1,0,1,0,0,0,0,1,4.19684E+20,5.47814E+21,7.89189E+15,4.94506E+16
105539,7.17071E+18,7,3,12,0,2017,7,13,3,2,1,6,0,1,0,0,0,0,1,4.11329E+20,5.47803E+21,7.77666E+15,4.94485E+16
105540,7.17071E+18,7,3,34,13,2017,7,20,3,3,8,1,1,0,0,0,0,1,0,4.41562E+20,5.43663E+21,8.19976E+15,4.90797E+16
105541,7.17071E+18,7,3,37,38,2017,7,16,3,3,4,6,0,1,0,0,0,0,0,4.42234E+20,5.44468E+21,8.20781E+15,4.91522E+16
105542,7.17071E+18,7,3,14,0,2017,7,18,3,3,5,3,1,1,0,0,0,0,0,4.59159E+20,5.48238E+21,8.43604E+15,4.94927E+16
105543,7.17071E+18,7,3,32,31,2017,7,9,4,3,2,6,0,1,0,0,1,0,0,4.38058E+20,5.48788E+21,8.14383E+15,4.95404E+16
105544,7.17063E+18,7,1,40,112,2017,6,14,2,2,0,1,0,0,0,1,0,0,0,4.11467E+20,5.54856E+21,7.76252E+15,5.00827E+16
105545,7.17063E+18,7,1,37,203,2017,6,13,2,3,5,7,1,1,0,0,0,0,0,3.97973E+20,5.58822E+21,7.56328E+15,5.04371E+16
105546,7.17071E+18,7,3,14,0,2017,7,16,3,3,3,2,1,1,0,0,0,0,0,4.57059E+20,5.48426E+21,8.40683E+15,4.95094E+16
105547,7.17063E+18,7,1,11,0,2017,6,19,2,3,2,6,0,1,0,0,0,0,0,3.98873E+20,5.58072E+21,7.57797E+15,5.03699E+16
105548,7.17063E+18,7,1,40,501,2017,6,10,2,3,2,6,0,1,0,0,1,0,0,3.94935E+20,5.56452E+21,7.52711E+15,5.02235E+16
105549,7.17071E+18,7,3,14,0,2017,7,7,3,3,2,6,0,1,0,0,0,0,1,4.60558E+20,5.48029E+21,8.45556E+15,4.9474E+16
105550,7.17063E+18,7,1,37,230,2017,6,6,2,3,3,6,0,1,0,0,1,0,0,3.94135E+20,5.5771E+21,7.51238E+15,5.03365E+16
105551,7.17063E+18,7,3,40,223,2017,6,14,1,2,2,2,0,0,0,1,1,0,0,3.85869E+20,5.46644E+21,7.42885E+15,4.934E+16
105552,7.17071E+18,7,3,33,39,2017,7,12,3,3,5,3,1,1,0,0,0,0,0,4.29435E+20,5.50132E+21,8.02224E+15,4.96603E+16
105553,7.17071E+18,7,3,39,43,2017,7,16,3,3,2,6,0,1,0,0,0,0,1,4.52507E+20,5.52646E+21,8.33884E+15,4.98887E+16
105554,7.17063E+18,7,3,36,77,2017,6,19,1,3,5,3,0,1,0,0,1,0,0,3.79018E+20,5.48891E+21,7.32773E+15,4.95407E+16
105555,7.17063E+18,7,3,35,29,2017,6,16,1,3,5,3,0,1,0,0,0,0,0,4.05101E+20,5.49063E+21,7.68773E+15,4.95608E+16
105556,7.17071E+18,7,3,15,0,2017,7,7,3,3,3,6,1,1,0,0,0,0,1,4.32711E+20,5.52555E+21,8.06343E+15,4.98786E+16
105557,7.17063E+18,7,3,32,48,2017,6,19,1,3,8,1,0,0,0,1,0,0,0,4.28202E+20,5.47349E+21,8.01023E+15,4.94099E+16
105558,7.17071E+18,7,3,15,0,2017,7,7,3,2,1,6,0,1,0,0,0,0,1,4.46821E+20,5.53867E+21,8.258E+15,4.9998E+16
105559,7.17063E+18,7,3,38,4,2017,6,13,1,3,2,6,0,1,0,0,0,0,0,4.54865E+20,5.4909E+21,8.37578E+15,4.9569E+16
105560,7.17071E+18,7,2,35,131,2017,7,11,7,3,2,2,0,1,0,1,0,0,0,3.25837E+20,5.4929E+21,6.59145E+15,4.95636E+16
105561,7.17063E+18,7,3,14,0,2017,6,19,1,3,5,3,1,0,0,0,0,0,0,4.58792E+20,5.4815E+21,8.43106E+15,4.94847E+16
105562,7.17071E+18,7,3,37,22,2017,7,21,7,2,8,1,0,0,0,1,0,2,0,4.29184E+20,5.44726E+21,8.02842E+15,4.91741E+16
105563,7.17071E+18,7,3,15,0,2017,7,22,3,3,2,6,0,1,0,0,0,2,0,4.43552E+20,5.54253E+21,8.21182E+15,5.00324E+16
105564,7.17071E+18,7,3,40,32,2017,7,22,7,2,0,7,0,1,0,0,0,2,0,4.04963E+20,5.4539E+21,7.6946E+15,4.92305E+16
105565,7.17071E+18,7,2,31,133,2017,7,22,3,3,7,7,0,0,0,1,0,2,0,3.53664E+20,5.52583E+21,6.96365E+15,4.9867E+16
105566,7.17071E+18,7,2,31,30,2017,7,14,3,3,3,6,1,1,0,0,0,0,1,3.58128E+20,5.53848E+21,7.02108E+15,4.99818E+16
105567,7.17071E+18,7,1,34,11,2017,7,6,1,3,9,1,0,1,0,0,0,0,0,3.61754E+20,5.50486E+21,7.08362E+15,4.96804E+16
105568,7.17071E+18,7,1,34,46,2017,7,7,3,3,0,7,0,1,0,0,0,0,1,3.72786E+20,5.51539E+21,7.23302E+15,4.97775E+16
105569,7.17063E+18,7,3,39,5,2017,6,19,1,3,2,2,0,1,0,0,0,0,0,4.20907E+20,5.53576E+21,7.89709E+15,4.9969E+16
105570,7.17071E+18,7,1,37,203,2017,7,12,2,2,4,1,0,1,0,0,0,0,1,3.99386E+20,5.58523E+21,7.58397E+15,5.04105E+16
105571,7.17071E+18,7,1,34,11,2017,7,14,3,3,1,6,0,1,0,0,0,0,1,3.60733E+20,5.50528E+21,7.06932E+15,4.9684E+16
105572,7.17063E+18,7,3,19,0,2017,6,7,1,2,5,7,0,1,0,0,0,0,0,4.4978E+20,5.49707E+21,8.30466E+15,4.96241E+16
105573,7.17082E+18,7,3,39,27,2017,8,9,6,2,0,3,0,1,0,1,0,0,0,4.37943E+20,5.53905E+21,8.13407E+15,5.00005E+16
105574,7.17081E+18,7,3,39,62,2017,8,15,1,2,2,6,0,1,0,0,1,0,0,4.14706E+20,5.53236E+21,7.81138E+15,4.99375E+16
105575,7.17082E+18,7,3,15,0,2017,8,13,6,3,2,6,0,1,0,0,0,0,0,4.40545E+20,5.53708E+21,8.17068E+15,4.99831E+16
105576,7.17083E+18,7,1,40,65,2017,8,14,6,2,8,1,0,1,0,0,0,0,0,3.9178E+20,5.53921E+21,7.49008E+15,4.99954E+16
105577,7.17082E+18,7,3,15,0,2017,8,14,6,3,6,4,0,1,1,0,0,0,0,4.45674E+20,5.5386E+21,8.24201E+15,4.99972E+16
105578,7.17082E+18,7,2,33,42,2017,8,16,6,3,8,1,0,1,0,0,0,0,1,3.50075E+20,5.55853E+21,6.90098E+15,5.016E+16
105579,7.17083E+18,7,3,15,0,2017,8,12,6,2,2,6,0,1,0,0,1,0,0,4.48628E+20,5.53606E+21,8.28356E+15,4.99747E+16
105580,7.17082E+18,7,2,33,68,2017,8,16,6,3,8,1,0,1,0,0,0,0,1,3.51856E+20,5.56184E+21,6.92461E+15,5.01902E+16
105581,7.17082E+18,7,2,33,203,2017,8,13,6,3,1,6,0,1,0,0,1,0,1,3.54207E+20,5.5666E+21,6.9557E+15,5.02336E+16
105582,7.17081E+18,7,2,33,28,2017,8,0,1,1,4,1,0,1,0,0,0,2,0,3.29778E+20,5.57787E+21,6.60838E+15,5.03283E+16
105583,7.17083E+18,7,3,36,77,2017,8,0,6,3,8,1,1,0,0,0,0,2,0,3.76311E+20,5.48841E+21,7.29048E+15,4.95357E+16
105584,7.17082E+18,7,2,33,56,2017,8,12,6,3,8,1,0,1,0,0,0,0,1,3.35319E+20,5.56745E+21,6.69069E+15,5.02363E+16
105585,7.17081E+18,7,2,32,228,2017,8,12,1,3,1,7,0,1,0,1,0,0,0,3.34907E+20,5.54262E+21,6.69566E+15,5.0013E+16
105586,7.17083E+18,7,1,35,92,2017,8,14,7,3,0,6,0,1,0,1,0,0,0,3.68655E+20,5.54257E+21,7.16644E+15,5.00209E+16
105587,7.17082E+18,7,2,33,60,2017,8,6,6,3,8,1,0,1,0,0,0,0,1,3.3551E+20,5.55785E+21,6.69752E+15,5.01501E+16
105588,7.17082E+18,7,1,37,3,2017,8,8,5,3,5,3,0,1,0,1,0,0,0,3.88264E+20,5.58691E+21,7.427E+15,5.04235E+16
105589,7.17081E+18,7,1,34,10,2017,8,16,1,3,2,6,0,1,0,0,0,0,0,3.68243E+20,5.50124E+21,7.17473E+15,4.96493E+16
105590,7.17081E+18,7,2,31,79,2017,8,22,1,3,1,6,0,1,0,0,0,2,0,3.54027E+20,5.50643E+21,6.97598E+15,4.96927E+16
105591,7.17083E+18,7,3,36,102,2017,8,15,7,3,1,2,0,1,0,0,0,0,0,3.80651E+20,5.47148E+21,7.35554E+15,4.93843E+16
105592,7.17082E+18,7,2,32,207,2017,8,14,6,3,8,1,0,1,0,0,0,0,1,3.08508E+20,5.5656E+21,6.31606E+15,5.02116E+16
105593,7.17082E+18,7,1,40,45,2017,8,8,5,3,4,2,0,1,0,0,0,0,0,3.97714E+20,5.55814E+21,7.56777E+15,5.01666E+16
105594,7.17081E+18,7,2,11,0,2017,8,14,1,3,5,3,1,1,0,0,0,0,0,3.28586E+20,5.51366E+21,6.62035E+15,4.9751E+16
105595,7.17083E+18,7,1,41,14,2017,8,20,1,2,4,6,0,1,0,0,0,1,0,4.28813E+20,5.57821E+21,7.99938E+15,5.03516E+16
105596,7.17082E+18,7,1,11,0,2017,8,9,5,3,5,3,1,1,0,0,0,0,0,3.99776E+20,5.58033E+21,7.59077E+15,5.03665E+16
105597,7.17081E+18,7,1,41,51,2017,8,10,1,3,2,2,1,1,0,0,0,0,0,4.33246E+20,5.57248E+21,8.06269E+15,5.03007E+16
105598,7.17082E+18,7,1,43,21,2017,8,16,5,2,8,7,0,1,0,0,0,0,0,4.22137E+20,5.58924E+21,7.90326E+15,5.045E+16
105599,7.17082E+18,7,3,12,0,2017,8,7,4,3,2,6,0,1,0,0,0,0,0,4.06089E+20,5.47774E+21,7.70446E+15,4.94451E+16
105600,7.17081E+18,7,1,32,33,2017,8,23,3,3,7,7,0,1,0,0,0,2,0,4.02909E+20,5.61393E+21,7.62607E+15,5.06691E+16
105601,7.17082E+18,7,2,32,296,2017,8,11,6,3,0,1,0,0,0,1,0,0,1,3.16564E+20,5.56485E+21,6.42922E+15,5.02073E+16
105602,7.17083E+18,7,3,35,38,2017,8,9,2,3,1,6,0,1,0,0,0,0,0,3.95681E+20,5.47517E+21,7.5616E+15,4.94202E+16
105603,7.17082E+18,7,2,32,18,2017,8,16,6,3,2,6,0,1,0,0,0,0,1,3.22466E+20,5.53632E+21,6.52509E+15,4.99528E+16
105604,7.17083E+18,7,2,11,0,2017,8,8,3,3,2,6,0,1,0,1,0,0,0,3.30963E+20,5.51461E+21,6.6529E+15,4.97602E+16
105605,7.17082E+18,7,2,32,40,2017,8,8,6,3,8,1,0,1,0,0,0,0,1,3.04177E+20,5.53733E+21,6.2699E+15,4.99562E+16
105606,7.17082E+18,7,2,31,134,2017,8,18,6,3,5,3,0,1,0,0,0,0,0,3.52268E+20,5.53943E+21,6.93903E+15,4.99888E+16
105607,7.17082E+18,7,2,31,80,2017,8,17,6,3,0,1,0,0,0,1,0,0,1,3.42377E+20,5.55112E+21,6.79635E+15,5.00914E+16
105608,7.17081E+18,7,1,43,305,2017,8,17,1,3,5,3,0,1,0,0,0,0,0,4.18439E+20,5.601E+21,7.84861E+15,5.05553E+16
105609,7.17081E+18,7,1,32,96,2017,8,16,3,3,8,1,0,1,0,0,0,0,1,4.09298E+20,5.62502E+21,7.71372E+15,5.07699E+16
105610,7.17081E+18,7,1,38,36,2017,8,14,1,2,4,6,0,1,0,0,0,0,0,3.91824E+20,5.59939E+21,7.47348E+15,5.05364E+16
105611,7.17081E+18,7,1,35,12,2017,8,16,3,2,0,6,0,1,0,0,1,0,1,3.66544E+20,5.55088E+21,7.13409E+15,5.00952E+16
105612,7.17081E+18,7,1,38,45,2017,8,17,1,2,8,1,0,0,0,1,0,0,0,3.95309E+20,5.59255E+21,7.52456E+15,5.04756E+16
105613,7.17083E+18,7,3,14,0,2017,8,18,4,3,5,3,0,1,0,0,0,0,0,4.59579E+20,5.48031E+21,8.44205E+15,4.94741E+16
105614,7.17081E+18,7,1,35,12,2017,8,13,1,3,0,1,1,0,0,0,0,0,0,3.66495E+20,5.55084E+21,7.13341E+15,5.00948E+16
105615,7.17081E+18,7,1,37,3,2017,8,8,3,3,8,1,0,1,0,0,0,0,0,3.87417E+20,5.58412E+21,7.41592E+15,5.03984E+16
105616,7.17081E+18,7,1,31,77,2017,8,16,1,3,5,3,0,1,0,0,0,0,0,3.7603E+20,5.60032E+21,7.25041E+15,5.05417E+16
105617,7.17081E+18,7,1,31,3,2017,8,16,1,3,4,6,0,1,0,0,0,0,0,3.56781E+20,5.59653E+21,6.98037E+15,5.05032E+16
105618,7.17081E+18,7,1,40,36,2017,8,20,3,3,4,6,0,1,0,0,0,0,0,3.97695E+20,5.55698E+21,7.56783E+15,5.01562E+16
105619,7.17081E+18,7,1,31,28,2017,8,15,1,3,0,7,0,0,0,1,0,0,0,3.58417E+20,5.5818E+21,7.00899E+15,5.03712E+16
105620,7.17081E+18,7,1,37,88,2017,8,12,1,3,2,2,0,1,0,1,0,0,0,3.85263E+20,5.58396E+21,7.38567E+15,5.03965E+16
105621,7.17081E+18,7,3,40,20,2017,8,14,7,3,1,6,0,1,0,0,0,0,0,4.12116E+20,5.4512E+21,7.79342E+15,4.92072E+16
105622,7.17083E+18,7,3,37,38,2017,8,7,3,3,1,7,1,1,0,0,0,0,0,4.42551E+20,5.44356E+21,8.21231E+15,4.91422E+16
105623,7.17082E+18,7,1,34,45,2017,8,9,6,3,5,3,1,0,0,1,0,2,0,3.77671E+20,5.50895E+21,7.30287E+15,4.97206E+16
105624,7.17083E+18,7,1,31,77,2017,8,12,4,3,5,3,0,1,0,0,0,0,0,3.75656E+20,5.60101E+21,7.2449E+15,5.05478E+16
105625,7.17082E+18,7,1,34,89,2017,8,15,6,3,8,1,0,1,0,0,0,0,1,3.77341E+20,5.51318E+21,7.29696E+15,4.97586E+16
105626,7.17081E+18,7,3,36,2,2017,8,6,7,3,8,1,0,1,0,0,0,0,0,3.79218E+20,5.4872E+21,7.33101E+15,4.95254E+16
105627,7.17082E+18,7,1,34,62,2017,8,10,6,2,2,6,0,1,0,0,0,0,0,3.74578E+20,5.50649E+21,7.26076E+15,4.96979E+16
105628,7.17081E+18,7,3,36,5,2017,8,12,7,2,0,7,0,1,0,0,0,0,1,3.97104E+20,5.49544E+21,7.57592E+15,4.96028E+16
105629,7.17082E+18,7,2,35,68,2017,8,8,6,3,5,3,0,0,0,1,1,0,0,3.25081E+20,5.50788E+21,6.57432E+15,4.9698E+16