OBJECTID,UIDENTSTLA,ULAND,UREGBEZ,UKREIS,UGEMEINDE,UJAHR,UMONAT,USTUNDE,UWOCHENTAG,UKATEGORIE,UART,UTYP1,IstRad,IstPKW,IstFuss,IstKrad,IstSonstig,LICHT,STRZUSTAND,LINREFX,LINREFY,XGCSWGS84,YGCSWGS84
105630,7.17082E+18,7,1,43,216,2017,8,15,6,3,2,1,1,0,0,0,0,0,1,4.23081E+20,5.60824E+21,7.91263E+15,5.0621E+16
105631,7.17081E+18,7,3,36,85,2017,8,2,7,3,8,1,0,1,0,0,0,2,0,4.03056E+20,5.49903E+21,7.6574E+15,4.9636E+16
105632,7.17082E+18,7,2,31,113,2017,8,17,5,3,9,2,0,1,0,0,0,0,0,3.46391E+20,5.53217E+21,6.86E+15,4.99221E+16
105633,7.17081E+18,7,3,35,3,2017,8,4,7,2,8,1,0,1,0,0,0,2,0,3.86419E+20,5.47385E+21,7.43431E+15,4.94067E+16
105634,7.17082E+18,7,1,43,225,2017,8,11,6,3,2,6,0,1,0,0,1,0,1,4.09125E+20,5.61664E+21,7.71334E+15,5.06945E+16
105635,7.17082E+18,7,1,41,6,2017,8,12,6,3,0,7,1,0,0,0,0,0,0,4.0958E+20,5.57596E+21,7.72963E+15,5.03288E+16
105636,7.17081E+18,7,3,12,0,2017,8,14,7,2,5,3,0,1,0,0,0,0,0,4.10785E+20,5.47658E+21,7.76948E+15,4.94354E+16
105637,7.17082E+18,7,3,33,62,2017,8,16,5,2,8,1,0,1,0,0,0,0,0,4.32148E+20,5.50238E+21,8.05965E+15,4.96701E+16
105638,7.17081E+18,7,3,35,43,2017,8,12,7,3,5,2,0,1,0,0,0,0,0,3.97529E+20,5.48324E+21,7.58498E+15,4.94931E+16
105639,7.17082E+18,7,1,43,67,2017,8,13,6,2,4,6,0,1,0,0,1,0,1,4.1235E+20,5.59804E+21,7.76338E+15,5.05277E+16
105640,7.17081E+18,7,3,38,19,2017,8,1,7,2,2,7,0,1,0,0,1,2,0,4.5107E+20,5.47694E+21,8.32502E+15,4.94431E+16
105641,7.17082E+18,7,3,36,16,2017,8,19,5,2,2,2,1,1,0,0,0,0,0,3.79023E+20,5.47714E+21,7.3314E+15,4.94349E+16
105642,7.17081E+18,7,3,32,2,2017,8,16,7,3,2,6,0,1,0,0,0,0,0,4.39912E+20,5.47968E+21,8.1707E+15,4.94668E+16
105643,7.17082E+18,7,1,43,85,2017,8,12,6,2,9,1,0,1,0,0,0,0,1,4.18723E+20,5.6017E+21,7.85248E+15,5.05616E+16
105644,7.17082E+18,7,3,38,25,2017,8,13,4,3,2,6,0,1,0,1,0,0,0,4.52026E+20,5.47093E+21,8.33894E+15,4.93892E+16
105645,7.17081E+18,7,3,32,2,2017,8,10,7,3,5,3,0,1,0,1,0,0,0,4.40409E+20,5.47942E+21,8.17759E+15,4.94645E+16
105646,7.17083E+18,7,1,43,24,2017,8,17,6,3,2,6,0,1,0,0,0,0,0,4.21509E+20,5.58853E+21,7.89457E+15,5.04435E+16
105647,7.17082E+18,7,1,38,76,2017,8,13,6,3,1,6,0,1,0,0,0,0,1,3.87898E+20,5.60107E+21,7.4176E+15,5.05508E+16
105648,7.17082E+18,7,3,32,9,2017,8,17,4,3,5,2,1,1,0,0,0,0,0,4.41673E+20,5.47383E+21,8.19586E+15,4.94143E+16
105649,7.17081E+18,7,3,32,37,2017,8,12,7,2,9,1,1,0,0,0,0,0,0,4.31058E+20,5.47012E+21,8.05018E+15,4.93799E+16
105650,7.17082E+18,7,3,32,2,2017,8,13,4,3,3,1,1,0,0,0,0,0,0,4.37892E+20,5.47902E+21,8.14293E+15,4.94607E+16
105651,7.17081E+18,7,3,14,0,2017,8,13,7,3,5,6,0,1,0,1,0,0,1,4.57646E+20,5.48273E+21,8.4151E+15,4.94957E+16
105652,7.17081E+18,7,3,39,5,2017,8,21,7,2,4,2,0,1,0,1,0,1,0,4.22143E+20,5.53155E+21,7.91516E+15,4.99312E+16
105653,7.17083E+18,7,3,18,0,2017,8,6,5,3,1,3,0,1,0,1,0,2,1,4.57773E+20,5.46624E+21,8.41862E+15,4.93474E+16
105654,7.17081E+18,7,3,31,58,2017,8,6,7,3,8,1,0,1,0,0,0,0,0,4.38853E+20,5.52264E+21,8.14938E+15,4.98531E+16
105655,7.17081E+18,7,2,32,225,2017,8,14,7,2,7,7,0,0,0,1,0,0,0,3.22434E+20,5.52656E+21,6.52912E+15,4.98651E+16
105656,7.17081E+18,7,1,43,48,2017,8,16,7,3,8,1,0,0,0,1,0,0,0,4.19628E+20,5.58631E+21,7.86856E+15,5.04233E+16
105657,7.17081E+18,7,1,43,67,2017,8,14,7,2,8,1,0,0,0,1,0,0,0,4.10658E+20,5.59738E+21,7.73967E+15,5.05216E+16
105658,7.17081E+18,7,1,38,12,2017,8,23,7,3,2,6,0,1,0,0,0,2,0,4.04303E+20,5.60038E+21,7.64928E+15,5.05475E+16
105659,7.17082E+18,7,3,32,32,2017,8,12,4,2,4,2,1,1,0,0,0,0,0,4.31352E+20,5.46973E+21,8.0543E+15,4.93764E+16
105660,7.17082E+18,7,1,38,12,2017,8,8,6,3,0,7,0,1,0,0,0,0,1,4.03341E+20,5.6001E+21,7.63578E+15,5.05449E+16
105661,7.17082E+18,7,3,34,8,2017,8,16,4,2,8,6,0,0,0,1,0,0,0,4.45774E+20,5.43125E+21,8.25815E+15,4.90318E+16
105662,7.17082E+18,7,1,38,8,2017,8,18,6,3,8,1,0,1,0,0,0,0,1,3.79335E+20,5.60846E+21,7.29439E+15,5.06155E+16
105663,7.17081E+18,7,1,31,77,2017,8,13,7,3,5,3,0,1,0,0,0,0,0,3.76504E+20,5.60083E+21,7.25692E+15,5.05464E+16
105664,7.17082E+18,7,1,38,64,2017,8,11,6,2,8,1,0,1,0,0,0,0,1,4.03314E+20,5.6119E+21,7.63232E+15,5.0651E+16
105665,7.17082E+18,7,3,33,45,2017,8,19,5,3,2,6,0,1,0,1,0,0,0,4.31637E+20,5.4943E+21,8.05397E+15,4.95974E+16
105666,7.17081E+18,7,1,37,43,2017,8,16,7,3,0,1,0,0,0,1,0,0,0,3.73542E+20,5.57201E+21,7.22485E+15,5.02867E+16
105667,7.17082E+18,7,1,32,97,2017,8,7,6,2,8,1,0,1,0,0,0,0,1,3.94024E+20,5.61073E+21,7.5013E+15,5.06388E+16
105668,7.17082E+18,7,1,38,45,2017,8,13,6,3,2,6,0,1,0,0,0,0,1,3.96812E+20,5.58776E+21,7.54707E+15,5.04328E+16
105669,7.17082E+18,7,3,12,0,2017,8,7,5,3,2,2,0,1,0,0,0,0,0,4.02362E+20,5.47725E+21,7.65317E+15,4.94401E+16
105670,7.17081E+18,7,1,40,133,2017,8,14,7,3,2,6,0,1,0,1,0,0,0,4.07925E+20,5.55626E+21,7.71116E+15,5.01514E+16
105671,7.17082E+18,7,1,38,45,2017,8,10,6,3,2,2,0,1,0,0,0,0,1,3.91213E+20,5.59009E+21,7.46758E+15,5.04527E+16
105672,7.17082E+18,7,1,35,58,2017,8,17,6,2,9,1,0,1,0,0,0,0,1,3.64374E+20,5.56525E+21,7.09864E+15,5.02238E+16
105673,7.1708E+18,7,3,36,87,2017,8,8,6,3,2,6,0,1,0,0,1,0,0,3.97741E+20,5.48761E+21,7.58678E+15,4.95325E+16
105674,7.17083E+18,7,1,43,308,2017,8,8,6,3,5,3,0,1,0,0,0,0,0,4.26445E+20,5.60083E+21,7.96165E+15,5.05547E+16
105675,7.17082E+18,7,1,31,90,2017,8,14,6,2,4,1,0,1,0,0,0,0,1,3.60432E+20,5.60434E+21,7.02889E+15,5.05743E+16
105676,7.1708E+18,7,3,12,0,2017,8,15,6,3,2,2,0,1,0,0,0,0,0,4.05312E+20,5.4713E+21,7.69528E+15,4.9387E+16
105677,7.17083E+18,7,3,31,58,2017,8,19,6,3,9,1,0,1,0,0,0,1,1,4.35812E+20,5.52613E+21,8.1065E+15,4.98841E+16
105678,7.17082E+18,7,1,37,101,2017,8,21,6,3,3,6,1,1,0,0,0,2,1,3.78872E+20,5.57834E+21,7.2976E+15,5.03447E+16
105679,7.17082E+18,7,3,34,8,2017,8,6,4,3,7,7,0,1,0,0,0,1,0,4.42627E+20,5.42785E+21,8.21558E+15,4.90009E+16
105680,7.1708E+18,7,3,35,35,2017,8,17,6,2,5,3,1,1,0,0,0,0,0,4.14397E+20,5.48365E+21,7.81776E+15,4.94995E+16
105681,7.17083E+18,7,1,43,27,2017,8,11,7,2,9,7,0,0,0,1,0,0,0,4.1871E+20,5.58951E+21,7.85494E+15,5.04519E+16
105682,7.17082E+18,7,1,37,89,2017,8,12,6,3,2,6,0,1,0,0,0,0,1,3.79809E+20,5.57307E+21,7.31245E+15,5.02975E+16
105683,7.17082E+18,7,3,34,25,2017,8,16,4,3,1,2,0,1,0,0,0,0,0,4.4914E+20,5.44439E+21,8.30254E+15,4.91503E+16
105684,7.1708E+18,7,3,35,48,2017,8,17,6,2,4,6,0,0,0,1,0,0,0,4.16471E+20,5.47099E+21,7.84907E+15,4.93859E+16
105685,7.17083E+18,7,3,18,0,2017,8,10,7,3,5,3,0,1,0,0,0,0,0,4.57913E+20,5.46298E+21,8.42089E+15,4.93181E+16
105686,7.17082E+18,7,3,18,0,2017,8,17,4,3,3,6,0,1,0,0,0,0,0,4.5953E+20,5.46227E+21,8.44321E+15,4.93118E+16
105687,7.1708E+18,7,3,35,205,2017,8,6,6,3,0,7,0,0,0,1,0,0,0,4.1643E+20,5.48432E+21,7.84569E+15,4.95057E+16
105688,7.1708E+18,7,3,37,74,2017,8,13,6,3,0,1,1,0,0,0,0,0,0,4.2237E+20,5.44336E+21,7.93569E+15,4.91382E+16
105689,7.17082E+18,7,1,33,52,2017,8,7,4,3,2,6,0,1,0,1,0,0,0,3.88714E+20,5.51663E+21,7.45382E+15,4.97918E+16
105690,7.1708E+18,7,3,37,52,2017,8,21,6,3,7,7,0,0,0,1,0,2,0,4.3711E+20,5.46251E+21,8.13475E+15,4.93121E+16
105691,7.17082E+18,7,1,33,6,2017,8,8,4,3,1,6,0,1,0,0,0,0,0,4.20526E+20,5.52312E+21,7.89437E+15,4.98553E+16
105692,7.1708E+18,7,3,38,23,2017,8,13,6,3,2,6,0,1,0,0,0,0,0,4.56142E+20,5.46092E+21,8.39675E+15,4.92994E+16
105693,7.17081E+18,7,3,40,39,2017,8,19,2,3,5,2,0,1,0,1,0,0,0,4.12858E+20,5.43933E+21,7.80618E+15,4.91007E+16
105694,7.17082E+18,7,1,37,68,2017,8,7,6,3,0,1,0,0,0,1,0,0,1,3.74665E+20,5.57316E+21,7.24023E+15,5.02972E+16
105695,7.17081E+18,7,3,40,14,2017,8,16,2,3,2,6,0,1,0,0,0,0,0,4.17034E+20,5.44905E+21,7.86138E+15,4.91886E+16
105696,7.17082E+18,7,1,37,216,2017,8,18,6,3,2,2,0,1,0,0,0,0,1,3.94269E+20,5.58411E+21,7.51229E+15,5.03995E+16
105697,7.17082E+18,7,1,11,0,2017,8,6,6,3,3,6,0,1,0,0,0,0,0,4.01014E+20,5.57641E+21,7.6092E+15,5.03315E+16
105698,7.17083E+18,7,2,35,68,2017,8,16,2,3,2,6,0,1,0,0,0,0,0,3.26136E+20,5.50921E+21,6.58835E+15,4.97103E+16
105699,7.17082E+18,7,1,31,90,2017,8,8,6,3,3,1,0,1,0,0,1,0,1,3.6452E+20,5.60431E+21,7.0866E+15,5.0575E+16
105700,7.17083E+18,7,3,37,66,2017,8,14,2,3,5,3,0,1,0,1,0,0,0,4.35044E+20,5.45785E+21,8.10708E+15,4.92699E+16
105701,7.17082E+18,7,3,20,0,2017,8,17,5,3,8,1,0,0,0,1,0,0,0,3.81729E+20,5.45595E+21,7.37499E+15,4.92448E+16
105702,7.17083E+18,7,1,32,50,2017,8,8,3,3,1,7,0,1,0,0,0,0,0,4.26903E+20,5.62628E+21,7.96309E+15,5.07837E+16
105703,7.17082E+18,7,3,20,0,2017,8,5,5,3,5,3,0,1,0,1,0,0,0,3.83331E+20,5.45504E+21,7.39726E+15,4.9237E+16
105704,7.17083E+18,7,3,15,0,2017,8,16,3,3,0,7,0,1,1,0,0,0,0,4.49298E+20,5.53705E+21,8.29278E+15,4.99837E+16
105705,7.17082E+18,7,3,36,3,2017,8,19,5,3,9,1,0,1,0,0,0,0,0,3.89945E+20,5.48982E+21,7.47846E+15,4.9551E+16
105706,7.17082E+18,7,3,40,44,2017,8,17,5,3,5,3,0,1,0,0,0,0,0,4.0582E+20,5.47049E+21,7.70247E+15,4.93798E+16
105707,7.17082E+18,7,3,31,32,2017,8,18,4,3,2,6,0,1,0,0,0,0,0,4.426E+20,5.51397E+21,8.20277E+15,4.97754E+16
105708,7.1708E+18,7,3,11,0,2017,8,13,6,3,2,6,0,1,0,0,0,0,0,4.535E+20,5.48467E+21,8.35764E+15,4.95128E+16
105709,7.1708E+18,7,3,14,0,2017,8,14,6,3,1,6,0,1,0,0,0,0,0,4.53954E+20,5.48147E+21,8.36428E+15,4.94842E+16
105710,7.1708E+18,7,3,14,0,2017,8,18,6,2,5,3,0,1,0,1,0,0,0,4.60005E+20,5.48068E+21,8.4479E+15,4.94775E+16
105711,7.1708E+18,7,3,39,5,2017,8,15,6,3,2,7,0,1,0,0,0,0,0,4.20569E+20,5.53509E+21,7.89251E+15,4.99629E+16
105712,7.1708E+18,7,3,33,60,2017,8,11,6,3,6,6,0,1,1,0,0,0,0,4.29793E+20,5.48795E+21,8.02959E+15,4.95401E+16
105713,7.1708E+18,7,3,19,0,2017,8,7,6,3,6,2,0,1,1,0,0,0,0,4.48058E+20,5.49824E+21,8.28066E+15,4.96344E+16
105714,7.1708E+18,7,3,15,0,2017,8,15,6,2,5,3,1,1,0,0,0,0,0,4.45578E+20,5.53685E+21,8.24092E+15,4.99815E+16
105715,7.1709E+18,7,1,40,165,2017,9,15,6,2,8,1,0,1,0,0,0,0,1,3.77649E+20,5.53664E+21,7.29382E+15,4.99695E+16
105716,7.17083E+18,7,3,15,0,2017,8,11,3,3,4,2,0,1,0,0,0,0,0,4.47572E+20,5.53992E+21,8.26831E+15,5.00093E+16
105717,7.17082E+18,7,3,35,35,2017,8,18,5,3,2,6,0,1,0,1,0,0,0,4.13199E+20,5.48414E+21,7.80112E+15,4.95037E+16
105718,7.1709E+18,7,2,11,0,2017,9,22,6,3,2,6,0,1,0,0,0,2,0,3.27499E+20,5.51618E+21,6.60416E+15,4.97733E+16
105719,7.1708E+18,7,3,15,0,2017,8,15,6,3,3,6,0,1,0,0,1,0,0,4.47353E+20,5.53022E+21,8.26657E+15,4.9922E+16
105720,7.17083E+18,7,3,14,0,2017,8,9,3,3,3,6,0,1,0,0,1,0,0,4.53712E+20,5.47923E+21,8.36119E+15,4.9464E+16
105721,7.17082E+18,7,3,38,16,2017,8,22,5,3,7,7,0,1,0,0,1,0,0,4.50132E+20,5.48407E+21,8.31118E+15,4.95072E+16
105722,7.1708E+18,7,3,15,0,2017,8,12,6,3,2,6,0,1,0,0,0,0,0,4.47971E+20,5.53949E+21,8.27394E+15,5.00055E+16
105723,7.1708E+18,7,2,31,110,2017,8,22,6,2,6,2,0,1,1,0,0,2,0,3.65072E+20,5.54283E+21,7.11636E+15,5.00225E+16
105724,7.17083E+18,7,3,19,0,2017,8,16,4,2,9,1,0,1,0,0,1,0,0,4.48733E+20,5.5023E+21,8.28948E+15,4.9671E+16
105725,7.1708E+18,7,2,32,10,2017,8,8,6,2,2,2,0,1,0,1,0,0,0,3.32949E+20,5.53508E+21,6.67164E+15,4.99446E+16
105726,7.1708E+18,7,2,35,96,2017,8,23,6,2,5,3,0,1,0,0,0,2,0,3.20661E+20,5.50939E+21,6.5124E+15,4.97103E+16
105727,7.17083E+18,7,3,32,46,2017,8,9,4,3,5,3,1,1,0,0,0,0,0,4.40426E+20,5.47723E+21,8.17816E+15,4.94448E+16
105728,7.1708E+18,7,2,35,60,2017,8,14,6,3,5,3,0,1,0,0,0,0,0,3.35914E+20,5.51948E+21,6.71954E+15,4.98054E+16
105729,7.1708E+18,7,1,43,286,2017,8,18,6,3,9,1,0,1,0,0,0,0,0,4.34087E+20,5.60915E+21,8.06804E+15,5.06305E+16
105730,7.17083E+18,7,1,37,68,2017,8,13,5,3,0,1,0,0,0,1,0,0,0,3.7702E+20,5.57693E+21,7.27205E+15,5.03317E+16
105731,7.1708E+18,7,1,43,254,2017,8,10,6,3,4,6,0,1,0,0,1,0,0,4.23264E+20,5.60474E+21,7.91594E+15,5.05895E+16
105732,7.1708E+18,7,1,41,15,2017,8,9,6,1,5,3,0,1,0,0,1,0,0,4.15316E+20,5.55977E+21,7.81382E+15,5.01841E+16
105733,7.1708E+18,7,1,41,74,2017,8,14,6,3,8,1,0,1,0,0,0,0,0,4.24297E+20,5.57164E+21,7.93723E+15,5.02921E+16
105734,7.1708E+18,7,1,43,81,2017,8,19,6,3,2,6,0,1,0,0,0,0,0,4.15743E+20,5.59357E+21,7.81225E+15,5.04881E+16
105735,7.17082E+18,7,3,32,43,2017,8,12,5,3,5,3,0,1,0,0,0,0,0,4.42795E+20,5.47215E+21,8.21157E+15,4.93994E+16
105736,7.17082E+18,7,3,19,0,2017,8,7,4,2,3,7,0,1,0,1,0,0,0,4.53222E+20,5.50534E+21,8.35133E+15,4.96988E+16
105737,7.17082E+18,7,3,34,501,2017,8,15,5,2,4,6,0,1,0,0,1,0,0,4.41638E+20,5.43234E+21,8.20142E+15,4.90412E+16
105738,7.1708E+18,7,1,43,33,2017,8,11,6,3,2,6,0,1,0,0,0,0,0,4.17249E+20,5.58506E+21,7.83535E+15,5.04118E+16
105739,7.17082E+18,7,3,18,0,2017,8,10,5,2,6,2,0,1,1,0,0,0,0,4.58589E+20,5.46463E+21,8.43002E+15,4.9333E+16
105740,7.17082E+18,7,2,11,0,2017,8,15,5,3,1,6,0,1,0,0,1,0,0,3.28079E+20,5.51214E+21,6.61398E+15,4.97372E+16
105741,7.1708E+18,7,1,32,18,2017,8,18,6,3,1,6,0,1,0,0,0,0,0,4.29112E+20,5.62016E+21,7.9956E+15,5.07289E+16
105742,7.17082E+18,7,3,38,10,2017,8,7,5,3,2,6,0,1,0,0,0,0,0,4.53674E+20,5.46299E+21,8.36257E+15,4.93179E+16
105743,7.17082E+18,7,3,14,0,2017,8,17,5,3,6,2,0,1,1,0,0,0,0,4.57269E+20,5.47875E+21,8.41033E+15,4.94599E+16
105744,7.17082E+18,7,2,33,29,2017,8,22,5,3,9,1,0,1,0,0,0,2,0,3.32163E+20,5.57529E+21,6.64299E+15,5.03059E+16
105745,7.1708E+18,7,1,35,75,2017,8,20,6,2,2,1,0,1,0,0,1,0,0,3.7494E+20,5.56714E+21,7.24607E+15,5.02432E+16
105746,7.17082E+18,7,3,14,0,2017,8,9,5,3,5,3,0,1,0,0,0,0,0,4.58146E+20,5.47802E+21,8.42252E+15,4.94534E+16
105747,7.17082E+18,7,3,31,46,2017,8,7,5,3,2,1,0,1,0,1,0,0,0,4.41026E+20,5.49945E+21,8.18311E+15,4.96447E+16
105748,7.1708E+18,7,1,37,68,2017,8,19,6,3,0,1,0,0,0,1,0,0,0,3.73641E+20,5.5765E+21,7.22474E+15,5.0327E+16
105749,7.17082E+18,7,3,37,2,2017,8,16,5,3,4,2,0,1,0,0,0,0,0,4.45238E+20,5.46035E+21,8.24685E+15,4.92935E+16
105750,7.1708E+18,7,1,40,79,2017,8,10,6,3,0,1,1,0,0,0,0,0,0,3.93315E+20,5.54555E+21,7.50971E+15,5.00527E+16
105751,7.17082E+18,7,3,39,37,2017,8,13,5,3,6,6,0,0,1,0,1,0,0,4.4737E+20,5.52588E+21,8.26741E+15,4.9883E+16
105752,7.1708E+18,7,1,40,5,2017,8,20,6,2,9,1,0,0,0,1,0,0,0,4.00856E+20,5.55354E+21,7.61296E+15,5.01258E+16
105753,7.17083E+18,7,1,37,89,2017,8,14,6,3,5,3,0,1,0,1,0,0,0,3.79528E+20,5.57285E+21,7.30857E+15,5.02955E+16
105754,7.17082E+18,7,3,39,27,2017,8,9,5,3,5,3,0,1,0,0,0,0,0,4.37524E+20,5.5388E+21,8.12828E+15,4.99983E+16
105755,7.17082E+18,7,3,15,0,2017,8,16,4,3,6,4,0,0,1,1,0,0,0,4.47656E+20,5.5352E+21,8.27012E+15,4.99669E+16
105756,7.1708E+18,7,1,37,204,2017,8,16,6,2,3,6,0,1,0,1,0,0,0,4.02559E+20,5.56982E+21,7.6326E+15,5.02725E+16
105757,7.17083E+18,7,3,39,51,2017,8,9,6,3,5,2,0,1,0,0,1,0,0,4.34806E+20,5.53063E+21,8.09174E+15,4.99245E+16
105758,7.17082E+18,7,2,32,117,2017,8,16,5,2,8,1,0,0,0,1,0,0,1,3.06757E+20,5.54606E+21,6.30144E+15,5.00354E+16
105759,7.17082E+18,7,3,15,0,2017,8,17,4,3,2,6,0,1,0,0,0,0,0,4.42907E+20,5.5404E+21,8.20313E+15,5.00132E+16
105760,7.1708E+18,7,1,35,43,2017,8,14,6,3,2,6,0,1,0,0,0,0,0,3.72859E+20,5.56796E+21,7.21663E+15,5.02501E+16
105761,7.17083E+18,7,3,40,502,2017,8,19,6,2,8,1,0,0,0,1,0,0,0,4.12972E+20,5.43912E+21,7.80779E+15,4.90988E+16
105762,7.17082E+18,7,3,15,0,2017,8,7,4,3,2,6,0,1,0,1,0,0,0,4.4692E+20,5.53545E+21,8.25983E+15,4.9969E+16
105763,7.1708E+18,7,3,12,0,2017,8,17,5,3,9,1,0,0,0,1,0,0,0,4.14556E+20,5.47622E+21,7.82156E+15,4.94327E+16
105764,7.17082E+18,7,1,35,92,2017,8,16,4,2,5,3,0,1,0,1,0,0,0,3.75597E+20,5.54341E+21,7.26303E+15,5.003E+16
105765,7.1708E+18,7,3,32,2,2017,8,18,5,2,4,2,0,1,0,0,0,0,0,4.39581E+20,5.47925E+21,8.16619E+15,4.94629E+16
105766,7.17082E+18,7,1,35,92,2017,8,15,4,2,8,1,1,0,0,0,0,0,0,3.69616E+20,5.54199E+21,7.18004E+15,5.0016E+16
105767,7.1708E+18,7,3,16,0,2017,8,13,5,1,5,3,1,1,0,0,0,0,0,4.46812E+20,5.46171E+21,8.26832E+15,4.93058E+16
105768,7.17082E+18,7,2,35,140,2017,8,13,5,3,8,1,0,0,0,0,1,0,0,3.28692E+20,5.4968E+21,6.6292E+15,4.95995E+16
105769,7.1708E+18,7,3,32,18,2017,8,11,5,3,5,3,1,1,0,0,0,0,0,4.31268E+20,5.46971E+21,8.05314E+15,4.93762E+16
105770,7.17082E+18,7,1,43,308,2017,8,13,5,3,5,3,0,1,0,0,0,0,0,4.26976E+20,5.60178E+21,7.96895E+15,5.05633E+16
105771,7.17082E+18,7,1,41,68,2017,8,19,5,3,9,3,0,1,0,0,0,0,0,4.27812E+20,5.56928E+21,7.98702E+15,5.02712E+16
105772,7.17082E+18,7,1,43,60,2017,8,7,5,2,5,3,0,1,0,0,0,0,0,4.16799E+20,5.59519E+21,7.82676E+15,5.05027E+16
105773,7.17083E+18,7,3,36,61,2017,8,5,1,2,8,1,0,1,0,0,0,2,0,3.99841E+20,5.50246E+21,7.612E+15,4.96664E+16
105774,7.17082E+18,7,1,38,45,2017,8,16,5,3,2,6,0,1,0,0,0,0,0,3.9135E+20,5.59051E+21,7.46938E+15,5.04566E+16
105775,7.17083E+18,7,1,38,41,2017,8,20,2,3,4,2,0,1,0,0,1,1,0,3.78988E+20,5.6037E+21,7.29103E+15,5.05727E+16
105776,7.17082E+18,7,1,31,202,2017,8,7,5,2,0,1,1,0,0,0,0,0,0,3.77504E+20,5.59141E+21,7.27412E+15,5.04619E+16
105777,7.17083E+18,7,1,33,112,2017,8,18,2,3,3,6,1,1,0,0,0,0,0,4.1285E+20,5.5215E+21,7.78798E+15,4.98396E+16
105778,7.17082E+18,7,1,37,25,2017,8,7,5,3,5,3,0,1,0,1,0,0,0,3.73743E+20,5.57815E+21,7.22561E+15,5.03419E+16
105779,7.17083E+18,7,3,17,0,2017,8,15,2,3,2,6,0,1,0,0,0,0,0,3.98644E+20,5.44999E+21,7.60883E+15,4.91943E+16
105780,7.17082E+18,7,1,37,216,2017,8,7,5,3,5,3,0,1,0,0,1,0,0,3.9445E+20,5.58299E+21,7.51515E+15,5.03895E+16
105781,7.17083E+18,7,2,31,72,2017,8,11,3,3,5,3,1,1,0,0,0,0,0,3.63069E+20,5.5382E+21,7.09006E+15,4.99804E+16
105782,7.17082E+18,7,3,36,3,2017,8,17,4,2,9,7,0,0,0,1,0,0,0,3.92067E+20,5.48839E+21,7.50817E+15,4.95385E+16
105783,7.17082E+18,7,3,32,47,2017,8,11,4,3,6,6,0,1,1,0,0,0,0,4.32587E+20,5.48647E+21,8.06846E+15,4.95271E+16
105784,7.17082E+18,7,3,38,25,2017,8,5,4,2,8,1,0,0,0,0,1,2,1,4.52976E+20,5.46839E+21,8.35233E+15,4.93664E+16
105785,7.17082E+18,7,1,35,70,2017,8,15,4,2,9,7,0,1,0,0,1,0,0,3.77653E+20,5.54315E+21,7.2918E+15,5.00281E+16
105786,7.17082E+18,7,3,16,0,2017,8,7,4,3,4,2,0,1,0,0,0,0,0,4.46812E+20,5.46171E+21,8.26832E+15,4.93058E+16
105787,7.17082E+18,7,1,34,20,2017,8,21,4,2,0,1,0,1,0,1,0,2,0,3.68624E+20,5.49986E+21,7.18048E+15,4.9637E+16
105788,7.1708E+18,7,3,13,0,2017,8,17,5,3,8,1,0,0,0,1,0,0,0,4.17931E+20,5.4611E+21,7.87122E+15,4.92971E+16
105789,7.17083E+18,7,1,33,96,2017,8,10,2,2,8,1,0,0,0,1,0,0,0,3.92838E+20,5.51874E+21,7.51052E+15,4.98115E+16
105790,7.17082E+18,7,3,34,13,2017,8,14,4,3,5,3,1,1,0,0,0,0,0,4.40659E+20,5.43832E+21,8.18714E+15,4.90948E+16
105791,7.17083E+18,7,1,38,34,2017,8,22,3,3,2,6,0,1,0,0,0,2,0,4.01971E+20,5.59793E+21,7.61701E+15,5.05251E+16
105792,7.17082E+18,7,3,37,49,2017,8,15,4,3,6,1,0,0,1,0,1,0,0,4.28365E+20,5.44483E+21,8.01761E+15,4.91521E+16
105793,7.17083E+18,7,2,32,288,2017,8,11,3,3,2,2,0,1,0,0,1,0,0,3.18753E+20,5.57192E+21,6.45648E+15,5.02716E+16
105794,7.17082E+18,7,3,37,501,2017,8,11,4,3,2,6,0,1,0,0,0,0,0,4.24731E+20,5.45055E+21,7.96671E+15,4.92031E+16
105795,7.17082E+18,7,3,38,6,2017,8,6,4,3,0,1,0,0,0,1,0,1,1,4.50513E+20,5.476E+21,8.31745E+15,4.94347E+16
105796,7.17082E+18,7,3,33,26,2017,8,13,4,2,5,3,0,1,0,1,0,0,0,4.29762E+20,5.49414E+21,8.02806E+15,4.95958E+16
105797,7.17082E+18,7,3,33,60,2017,8,7,4,3,8,1,0,0,0,1,0,0,1,4.31032E+20,5.48774E+21,8.04676E+15,4.95384E+16
105798,7.17083E+18,7,1,32,63,2017,8,7,4,3,2,6,0,1,0,0,1,0,0,4.22268E+20,5.62987E+21,7.89659E+15,5.08153E+16
105799,7.1708E+18,7,3,38,7,2017,8,19,5,3,6,4,0,1,1,0,0,0,0,4.5597E+20,5.46275E+21,8.39418E+15,4.93159E+16
105800,7.17083E+18,7,3,11,0,2017,8,15,4,3,2,6,0,1,0,0,0,0,0,4.53334E+20,5.48684E+21,8.35508E+15,4.95324E+16
105801,7.1708E+18,7,3,14,0,2017,8,10,5,3,0,1,0,1,0,1,0,0,0,4.61463E+20,5.47632E+21,8.46844E+15,4.94383E+16
105802,7.1708E+18,7,3,31,3,2017,8,10,5,3,0,7,0,1,0,0,1,0,0,4.35937E+20,5.51041E+21,8.11083E+15,4.97427E+16