OBJECTID,UIDENTSTLA,ULAND,UREGBEZ,UKREIS,UGEMEINDE,UJAHR,UMONAT,USTUNDE,UWOCHENTAG,UKATEGORIE,UART,UTYP1,IstRad,IstPKW,IstFuss,IstKrad,IstSonstig,LICHT,STRZUSTAND,LINREFX,LINREFY,XGCSWGS84,YGCSWGS84
105803,7.1708E+18,7,3,19,0,2017,8,22,5,3,2,2,0,1,0,0,0,2,0,4.53432E+20,5.49693E+21,8.35525E+15,4.96231E+16
105804,7.1708E+18,7,2,32,293,2017,8,10,5,3,8,1,0,1,0,0,0,0,1,3.15781E+20,5.54897E+21,6.42593E+15,5.00645E+16
105805,7.1708E+18,7,2,31,134,2017,8,18,5,3,4,6,0,1,0,1,0,0,0,3.49302E+20,5.54231E+21,6.89655E+15,5.0014E+16
105806,7.17082E+18,7,3,15,0,2017,8,19,4,3,2,2,0,1,0,0,0,0,0,4.43925E+20,5.53887E+21,8.21756E+15,4.99995E+16
105807,7.1709E+18,7,1,38,53,2017,9,15,6,2,5,3,0,1,0,0,1,0,1,3.95594E+20,5.60164E+21,7.52604E+15,5.05574E+16
105808,7.17083E+18,7,3,32,26,2017,8,15,3,3,2,6,0,1,0,0,0,0,0,4.4048E+20,5.48355E+21,8.17795E+15,4.95017E+16
105809,7.17082E+18,7,3,15,0,2017,8,11,4,3,6,2,0,1,1,0,0,0,0,4.47131E+20,5.53927E+21,8.26224E+15,5.00034E+16
105810,7.1708E+18,7,2,31,26,2017,8,10,5,2,0,6,0,0,0,1,1,0,1,3.3665E+20,5.54541E+21,6.71878E+15,5.00386E+16
105811,7.17083E+18,7,1,38,45,2017,8,19,4,3,1,1,0,1,0,0,0,0,0,3.924E+20,5.59022E+21,7.48426E+15,5.04541E+16
105812,7.17082E+18,7,3,15,0,2017,8,9,4,3,5,2,1,1,0,0,0,0,0,4.4664E+20,5.53862E+21,8.25548E+15,4.99975E+16
105813,7.1708E+18,7,2,31,203,2017,8,17,5,3,1,2,0,1,0,0,0,0,0,3.48267E+20,5.51554E+21,6.89263E+15,4.97731E+16
105814,7.17082E+18,7,3,15,0,2017,8,8,4,3,2,6,0,1,0,0,0,0,0,4.48014E+20,5.53952E+21,8.27453E+15,5.00057E+16
105815,7.17082E+18,7,3,15,0,2017,8,7,4,3,2,6,0,1,0,0,1,0,0,4.49462E+20,5.53586E+21,8.29522E+15,4.9973E+16
105816,7.1708E+18,7,1,34,55,2017,8,11,5,3,8,1,0,0,0,1,0,0,1,3.86894E+20,5.51072E+21,7.43025E+15,4.97383E+16
105817,7.17082E+18,7,2,32,296,2017,8,2,4,3,8,1,0,1,0,0,0,2,1,3.17272E+20,5.56605E+21,6.43854E+15,5.02183E+16
105818,7.17082E+18,7,2,35,131,2017,8,15,4,3,8,1,0,1,0,0,0,0,0,3.26963E+20,5.49095E+21,6.60786E+15,4.95464E+16
105819,7.1708E+18,7,2,11,0,2017,8,6,5,2,3,6,0,0,0,1,1,0,0,3.3193E+20,5.51643E+21,6.66552E+15,4.97768E+16
105820,7.17082E+18,7,2,32,19,2017,8,17,5,2,4,1,0,1,0,0,0,0,0,3.12082E+20,5.52334E+21,6.38679E+15,4.9833E+16
105821,7.1708E+18,7,1,38,70,2017,8,17,5,3,5,2,0,1,0,0,0,0,0,4.0304E+20,5.60828E+21,7.6294E+15,5.06184E+16
105822,7.17082E+18,7,1,43,289,2017,8,19,4,3,2,6,0,1,0,1,0,0,0,4.21327E+20,5.60279E+21,7.88899E+15,5.05717E+16
105823,7.1708E+18,7,1,31,55,2017,8,19,5,3,5,3,0,1,0,1,0,0,0,3.73259E+20,5.59114E+21,7.21443E+15,5.04585E+16
105824,7.17082E+18,7,1,33,23,2017,8,16,5,3,2,6,0,1,0,0,1,0,0,4.11176E+20,5.5358E+21,7.76142E+15,4.99679E+16
105825,7.1708E+18,7,1,31,55,2017,8,7,5,3,5,3,0,1,0,1,0,0,0,3.73265E+20,5.59114E+21,7.21453E+15,5.04586E+16
105826,7.17082E+18,7,1,43,206,2017,8,14,4,3,5,3,0,1,0,0,0,0,0,4.26031E+20,5.61277E+21,7.95342E+15,5.06621E+16
105827,7.17082E+18,7,2,11,0,2017,8,6,4,2,2,6,0,1,0,1,0,1,0,3.28979E+20,5.51107E+21,6.62694E+15,4.97278E+16
105828,7.1708E+18,7,1,40,501,2017,8,10,5,2,4,6,0,1,0,0,1,0,1,3.96881E+20,5.56372E+21,7.55461E+15,5.02167E+16
105829,7.17082E+18,7,3,40,38,2017,8,14,5,3,4,6,0,1,0,0,0,0,0,4.00076E+20,5.45515E+21,7.62719E+15,4.9241E+16
105830,7.17082E+18,7,1,41,6,2017,8,14,4,3,2,6,0,1,0,0,0,0,0,4.09815E+20,5.57553E+21,7.73304E+15,5.0325E+16
105831,7.17082E+18,7,1,43,242,2017,8,19,4,3,2,6,0,1,0,0,0,0,0,4.2867E+20,5.60789E+21,7.99169E+15,5.06185E+16
105832,7.1708E+18,7,1,11,0,2017,8,18,5,2,8,1,0,0,0,1,0,0,0,4.05934E+20,5.58062E+21,7.67725E+15,5.03701E+16
105833,7.17083E+18,7,2,11,0,2017,8,15,6,3,2,6,0,1,0,0,0,0,1,3.30431E+20,5.51324E+21,6.64613E+15,4.97477E+16
105834,7.17082E+18,7,1,43,279,2017,8,7,4,3,5,3,0,1,0,0,0,0,0,4.20767E+20,5.60797E+21,7.87999E+15,5.06182E+16
105835,7.1708E+18,7,1,43,10,2017,8,17,5,3,2,6,0,1,0,0,0,0,0,4.13277E+20,5.58958E+21,7.77841E+15,5.04519E+16
105836,7.17082E+18,7,1,43,52,2017,8,21,4,3,2,6,0,1,0,0,0,2,0,4.07466E+20,5.5812E+21,7.69864E+15,5.03755E+16
105837,7.17082E+18,7,1,43,85,2017,8,16,4,3,8,1,0,0,0,0,1,0,0,4.19572E+20,5.6016E+21,7.86448E+15,5.05608E+16
105838,7.1708E+18,7,1,38,34,2017,8,13,5,2,3,1,0,1,0,0,1,0,0,4.02057E+20,5.59788E+21,7.61824E+15,5.05247E+16
105839,7.17082E+18,7,1,38,59,2017,8,1,4,3,8,1,0,1,0,0,0,2,1,4.01729E+20,5.60262E+21,7.61237E+15,5.05673E+16
105840,7.1708E+18,7,3,40,51,2017,8,16,4,3,3,6,0,1,0,1,0,0,0,3.96231E+20,5.45786E+21,7.57368E+15,4.92647E+16
105841,7.17082E+18,7,1,38,4,2017,8,7,4,3,8,1,0,1,0,0,0,1,1,3.83726E+20,5.59896E+21,7.3594E+15,5.05311E+16
105842,7.17081E+18,7,3,35,21,2017,8,15,2,3,5,3,0,1,0,0,0,0,0,4.0393E+20,5.46854E+21,7.6769E+15,4.9362E+16
105843,7.17082E+18,7,1,37,7,2017,8,21,4,3,8,6,0,1,0,1,0,2,0,3.62225E+20,5.57754E+21,7.06406E+15,5.03339E+16
105844,7.17082E+18,7,1,31,33,2017,8,17,4,3,8,7,0,0,0,1,0,0,0,3.47092E+20,5.59158E+21,6.84586E+15,5.04563E+16
105845,7.17083E+18,7,2,31,8,2017,8,17,1,3,0,1,0,0,0,1,0,0,0,3.56773E+20,5.53554E+21,7.00329E+15,4.9955E+16
105846,7.17081E+18,7,3,35,19,2017,8,7,2,3,0,1,0,0,0,1,0,0,1,3.97044E+20,5.48564E+21,7.57766E+15,4.95146E+16
105847,7.17082E+18,7,1,37,14,2017,8,13,4,2,8,1,0,0,0,1,0,0,0,3.59964E+20,5.57533E+21,7.03314E+15,5.03134E+16
105848,7.17082E+18,7,1,40,165,2017,8,15,4,3,0,1,0,0,0,1,0,0,0,3.77988E+20,5.5369E+21,7.29847E+15,4.9972E+16
105849,7.17083E+18,7,3,16,0,2017,8,13,1,3,6,7,1,0,1,0,0,0,0,4.37174E+20,5.46284E+21,8.13557E+15,4.9315E+16
105850,7.17081E+18,7,3,32,8,2017,8,23,2,3,0,1,1,0,0,0,0,2,0,4.40482E+20,5.48606E+21,8.1776E+15,4.95243E+16
105851,7.17082E+18,7,1,37,88,2017,8,9,4,2,5,3,0,1,0,0,1,0,0,3.85246E+20,5.5819E+21,7.38607E+15,5.03779E+16
105852,7.17082E+18,7,1,37,228,2017,8,8,4,3,1,6,0,1,0,1,0,0,0,3.89756E+20,5.5861E+21,7.44823E+15,5.04166E+16
105853,7.17083E+18,7,1,31,77,2017,8,14,2,3,5,3,0,1,0,0,0,0,0,3.75728E+20,5.60076E+21,7.246E+15,5.05456E+16
105854,7.17082E+18,7,1,43,23,2017,8,7,4,3,2,6,0,1,0,0,0,0,0,4.24862E+20,5.58504E+21,7.94249E+15,5.04126E+16
105855,7.17083E+18,7,1,34,45,2017,8,13,2,3,2,6,0,1,0,0,0,0,0,3.78348E+20,5.5086E+21,7.31237E+15,4.97176E+16
105856,7.17082E+18,7,3,40,11,2017,8,15,3,2,9,1,0,0,0,1,0,0,0,4.0278E+20,5.44105E+21,7.66774E+15,4.91146E+16
105857,7.17082E+18,7,1,38,6,2017,8,5,4,3,5,3,0,1,0,1,0,2,0,3.91392E+20,5.60327E+21,7.46627E+15,5.05712E+16
105858,7.17083E+18,7,3,37,28,2017,8,15,2,2,5,3,1,1,0,0,0,0,0,4.3251E+20,5.45483E+21,8.07276E+15,4.92425E+16
105859,7.17082E+18,7,3,35,205,2017,8,13,3,3,8,1,0,1,0,0,0,0,1,4.1622E+20,5.48325E+21,7.84302E+15,4.94961E+16
105860,7.17082E+18,7,1,33,83,2017,8,14,3,3,1,6,0,1,0,0,1,0,1,4.04966E+20,5.50981E+21,7.68121E+15,4.97333E+16
105861,7.17082E+18,7,1,38,13,2017,8,19,4,3,9,1,0,0,0,1,0,0,0,3.96819E+20,5.60942E+21,7.54117E+15,5.06275E+16
105862,7.1708E+18,7,3,40,211,2017,8,2,4,2,8,1,0,1,0,0,0,2,1,3.80793E+20,5.45049E+21,7.36376E+15,4.91956E+16
105863,7.17083E+18,7,2,32,83,2017,8,1,6,2,9,1,0,1,0,0,0,2,0,3.13926E+20,5.53821E+21,6.40524E+15,4.99672E+16
105864,7.17082E+18,7,3,37,76,2017,8,7,3,3,1,6,0,1,0,0,1,0,0,4.31539E+20,5.43405E+21,8.06296E+15,4.90556E+16
105865,7.17082E+18,7,1,38,44,2017,8,18,4,3,8,1,1,0,0,0,0,0,0,3.89547E+20,5.60832E+21,7.43872E+15,5.06163E+16
105866,7.1708E+18,7,3,36,53,2017,8,7,4,3,1,6,0,1,0,0,1,0,0,4.01741E+20,5.49107E+21,7.64117E+15,4.95643E+16
105867,7.17083E+18,7,3,34,1,2017,8,19,6,3,5,3,1,1,0,0,0,0,0,4.49328E+20,5.44851E+21,8.3046E+15,4.91873E+16
105868,7.17082E+18,7,3,18,0,2017,8,7,3,2,2,6,0,1,0,1,0,0,0,4.56841E+20,5.46283E+21,8.40615E+15,4.93167E+16
105869,7.17082E+18,7,1,38,31,2017,8,15,4,3,4,2,0,1,0,0,0,0,0,4.00099E+20,5.59244E+21,7.59207E+15,5.04755E+16
105870,7.1708E+18,7,3,35,38,2017,8,12,4,2,1,3,0,1,0,0,0,0,0,3.9621E+20,5.47908E+21,7.56786E+15,4.94555E+16
105871,7.17083E+18,7,1,43,237,2017,8,19,7,2,8,1,0,0,0,1,0,0,0,4.32077E+20,5.60687E+21,8.04004E+15,5.06098E+16
105872,7.17082E+18,7,1,38,41,2017,8,14,4,3,2,6,0,1,0,1,0,0,0,3.78086E+20,5.6028E+21,7.2786E+15,5.05644E+16
105873,7.1708E+18,7,3,32,24,2017,8,18,4,3,5,3,0,1,0,0,0,0,0,4.40396E+20,5.49032E+21,8.17577E+15,4.95626E+16
105874,7.1708E+18,7,3,34,501,2017,8,15,4,3,2,6,0,1,0,0,0,0,0,4.47264E+20,5.43259E+21,8.27836E+15,4.90439E+16
105875,7.17082E+18,7,1,32,8,2017,8,13,4,3,2,2,0,1,0,1,0,0,0,4.11642E+20,5.63117E+21,7.74547E+15,5.08255E+16
105876,7.1708E+18,7,3,14,0,2017,8,21,4,3,0,1,1,0,0,0,0,2,0,4.56082E+20,5.48185E+21,8.39361E+15,4.94877E+16
105877,7.17082E+18,7,1,32,50,2017,8,17,4,3,2,1,0,1,0,1,0,0,0,4.25595E+20,5.62485E+21,7.94482E+15,5.07707E+16
105878,7.17081E+18,7,3,16,0,2017,8,17,2,3,2,1,0,1,0,0,1,0,0,4.40432E+20,5.4639E+21,8.18024E+15,4.9325E+16
105879,7.17082E+18,7,3,38,1,2017,8,16,3,3,5,3,1,1,0,0,0,0,0,4.62626E+20,5.47592E+21,8.48452E+15,4.94348E+16
105880,7.17082E+18,7,1,35,45,2017,8,11,4,3,2,6,1,1,0,0,0,0,0,3.67632E+20,5.56569E+21,7.14414E+15,5.02286E+16
105881,7.17081E+18,7,3,34,13,2017,8,14,2,3,5,3,0,1,0,0,0,0,0,4.41881E+20,5.43496E+21,8.20436E+15,4.90648E+16
105882,7.17082E+18,7,3,14,0,2017,8,15,3,3,3,6,0,1,0,0,1,0,0,4.58584E+20,5.48279E+21,8.42806E+15,4.94963E+16
105883,7.17081E+18,7,3,34,2,2017,8,13,2,2,9,7,0,1,0,0,0,0,0,4.42177E+20,5.42701E+21,8.20955E+15,4.89933E+16
105884,7.17082E+18,7,3,31,72,2017,8,16,3,3,1,6,0,1,0,0,0,0,0,4.24887E+20,5.51854E+21,7.95592E+15,4.98146E+16
105885,7.17083E+18,7,1,38,45,2017,8,22,2,2,0,7,1,0,0,0,1,2,0,3.94615E+20,5.58752E+21,7.51621E+15,5.04302E+16
105886,7.17081E+18,7,3,34,17,2017,8,17,2,3,1,5,0,1,0,1,0,0,0,4.51718E+20,5.45545E+21,8.33656E+15,4.92499E+16
105887,7.17082E+18,7,3,31,52,2017,8,9,3,2,0,1,1,0,0,0,0,0,0,4.38968E+20,5.5039E+21,8.15392E+15,4.96845E+16
105888,7.17083E+18,7,2,31,134,2017,8,8,2,3,5,2,0,1,0,1,0,0,0,3.49266E+20,5.54089E+21,6.8966E+15,5.00013E+16
105889,7.17082E+18,7,3,19,0,2017,8,5,3,3,5,2,0,1,0,1,0,1,0,4.51512E+20,5.49805E+21,8.32852E+15,4.96331E+16
105890,7.17083E+18,7,3,32,13,2017,8,10,2,2,8,6,0,1,0,0,1,0,0,4.45624E+20,5.47838E+21,8.2497E+15,4.94556E+16
105891,7.17082E+18,7,3,15,0,2017,8,10,3,3,4,2,0,1,0,0,0,0,0,4.41831E+20,5.53638E+21,8.18873E+15,4.99769E+16
105892,7.17083E+18,7,1,43,11,2017,8,15,3,3,5,3,0,1,0,0,1,0,0,4.25727E+20,5.58827E+21,7.95401E+15,5.04418E+16
105893,7.17082E+18,7,3,15,0,2017,8,15,3,3,0,7,0,0,0,1,0,0,1,4.43944E+20,5.53905E+21,8.21781E+15,5.00011E+16
105894,7.17082E+18,7,3,15,0,2017,8,15,3,3,5,2,1,1,0,0,0,0,1,4.44905E+20,5.53894E+21,8.23123E+15,5.00003E+16
105895,7.17082E+18,7,3,15,0,2017,8,7,3,3,6,7,1,0,1,0,0,0,0,4.44771E+20,5.54179E+21,8.22895E+15,5.00258E+16
105896,7.17082E+18,7,1,37,501,2017,8,18,4,2,8,1,0,1,0,0,0,0,0,3.84227E+20,5.56776E+21,7.37607E+15,5.02506E+16
105897,7.1708E+18,7,3,14,0,2017,8,16,4,3,5,3,1,1,0,0,0,0,0,4.55988E+20,5.48228E+21,8.39226E+15,4.94915E+16
105898,7.17081E+18,7,3,37,5,2017,8,16,2,3,0,7,0,0,0,1,1,0,0,4.27124E+20,5.43929E+21,8.00159E+15,4.91021E+16
105899,7.1708E+18,7,3,39,36,2017,8,18,4,2,4,6,0,1,0,1,0,0,0,4.09559E+20,5.5432E+21,7.73712E+15,5.00342E+16
105900,7.17081E+18,7,3,37,27,2017,8,10,2,3,5,3,0,1,0,0,0,0,0,4.43154E+20,5.45764E+21,8.21859E+15,4.92688E+16
105901,7.1708E+18,7,1,33,95,2017,8,18,4,2,5,3,0,1,0,1,0,0,0,4.09657E+20,5.53505E+21,7.7404E+15,4.9961E+16
105902,7.17083E+18,7,3,37,51,2017,8,15,5,3,8,1,0,0,0,0,1,0,0,4.30083E+20,5.44839E+21,8.04054E+15,4.91843E+16
105903,7.1709E+18,7,1,31,77,2017,9,8,6,2,6,4,0,1,1,0,0,0,0,3.76526E+20,5.60061E+21,7.25731E+15,5.05444E+16
105904,7.1708E+18,7,1,33,44,2017,8,14,4,2,8,6,0,1,0,1,0,0,0,4.11411E+20,5.52843E+21,7.76638E+15,4.99016E+16
105905,7.17083E+18,7,3,11,0,2017,8,19,3,3,2,6,0,1,0,0,0,0,0,4.53954E+20,5.48791E+21,8.36352E+15,4.9542E+16
105906,7.17082E+18,7,3,15,0,2017,8,15,3,3,2,6,0,1,0,0,0,0,1,4.47982E+20,5.53593E+21,8.27457E+15,4.99735E+16
105907,7.1708E+18,7,3,19,0,2017,8,9,4,2,2,2,0,0,0,1,1,0,0,4.51544E+20,5.502E+21,8.32848E+15,4.96686E+16
105908,7.17083E+18,7,1,11,0,2017,8,7,4,3,1,6,0,1,0,0,0,0,0,3.99566E+20,5.57983E+21,7.58795E+15,5.0362E+16
105909,7.17082E+18,7,1,33,108,2017,8,16,3,3,2,6,0,1,0,0,0,0,0,4.15871E+20,5.53092E+21,7.82792E+15,4.99248E+16
105910,7.1708E+18,7,3,15,0,2017,8,11,4,3,5,3,1,0,0,0,0,0,0,4.4857E+20,5.53806E+21,8.28248E+15,4.99927E+16
105911,7.17082E+18,7,2,33,227,2017,8,15,3,2,8,1,0,0,0,1,0,0,1,3.30806E+20,5.55691E+21,6.63215E+15,5.01403E+16
105912,7.1708E+18,7,3,15,0,2017,8,9,4,3,5,3,1,1,0,0,0,0,0,4.47022E+20,5.53802E+21,8.26089E+15,4.99922E+16
105913,7.1708E+18,7,2,32,18,2017,8,17,4,3,2,2,0,1,0,0,0,0,0,3.21816E+20,5.53831E+21,6.51511E+15,4.99705E+16
105914,7.17082E+18,7,2,33,501,2017,8,10,3,3,0,1,0,0,0,1,0,0,1,3.45243E+20,5.56344E+21,6.83138E+15,5.02029E+16
105915,7.1708E+18,7,2,32,105,2017,8,15,4,3,4,6,0,1,0,0,1,0,0,3.30308E+20,5.54073E+21,6.63237E+15,4.99947E+16
105916,7.17082E+18,7,2,11,0,2017,8,17,5,3,1,6,0,1,0,0,0,0,0,3.29436E+20,5.51526E+21,6.63143E+15,4.97656E+16
105917,7.1708E+18,7,2,31,502,2017,8,13,4,2,8,1,0,1,0,1,0,0,0,3.63624E+20,5.51877E+21,7.10466E+15,4.98058E+16
105918,7.17082E+18,7,2,31,134,2017,8,9,3,3,2,6,0,1,0,0,1,0,0,3.46264E+20,5.53691E+21,6.85634E+15,4.99647E+16
105919,7.17082E+18,7,1,40,145,2017,8,8,4,3,5,3,1,1,0,0,0,0,0,3.78581E+20,5.53237E+21,7.30815E+15,4.99314E+16
105920,7.1708E+18,7,2,35,45,2017,8,15,4,1,4,6,0,1,0,0,0,0,0,3.50513E+20,5.50499E+21,6.92784E+15,4.96789E+16
105921,7.17082E+18,7,3,15,0,2017,8,15,5,3,2,6,0,1,0,0,0,0,0,4.42964E+20,5.54048E+21,8.20393E+15,5.00139E+16
105922,7.17082E+18,7,2,35,45,2017,8,7,3,3,5,3,0,1,0,1,0,0,0,3.52777E+20,5.50215E+21,6.96026E+15,4.96539E+16
105923,7.17082E+18,7,1,41,75,2017,8,8,4,3,4,2,1,1,0,0,0,0,0,4.02255E+20,5.57129E+21,7.62795E+15,5.02856E+16
105924,7.1708E+18,7,2,11,0,2017,8,14,4,3,2,6,0,1,0,0,0,0,0,3.27937E+20,5.51227E+21,6.61196E+15,4.97383E+16
105925,7.17082E+18,7,3,34,13,2017,8,18,5,3,5,3,0,1,0,0,1,0,0,4.42597E+20,5.43738E+21,8.21382E+15,4.90866E+16
105926,7.1708E+18,7,2,11,0,2017,8,5,4,3,5,3,1,1,0,0,0,1,0,3.29129E+20,5.51295E+21,6.62818E+15,4.97447E+16
105927,7.17082E+18,7,1,11,0,2017,8,12,4,3,8,1,0,1,0,0,0,0,0,4.02304E+20,5.57926E+21,7.62658E+15,5.03573E+16
105928,7.17082E+18,7,1,11,0,2017,8,7,4,3,6,4,0,1,1,0,0,0,0,3.99827E+20,5.57342E+21,7.59332E+15,5.03044E+16
105929,7.17082E+18,7,2,11,0,2017,8,12,3,3,2,6,0,1,0,0,0,0,1,3.30327E+20,5.5133E+21,6.64466E+15,4.97482E+16
105930,7.17082E+18,7,1,38,14,2017,8,10,3,2,4,6,0,1,0,0,0,0,0,3.99148E+20,5.60451E+21,7.57542E+15,5.05838E+16
105931,7.17082E+18,7,1,38,4,2017,8,9,3,3,2,6,0,1,0,0,0,0,0,3.84569E+20,5.59953E+21,7.37111E+15,5.05363E+16
105932,7.17082E+18,7,1,38,50,2017,8,14,3,3,8,1,0,1,0,0,0,0,1,4.00169E+20,5.61051E+21,7.58823E+15,5.06379E+16
105933,7.17083E+18,7,3,13,0,2017,8,11,7,3,5,3,0,1,0,1,0,0,0,4.34796E+20,5.45257E+21,8.10453E+15,4.92225E+16
105934,7.17082E+18,7,1,38,45,2017,8,13,3,3,6,4,0,1,1,0,0,0,1,3.96079E+20,5.58691E+21,7.53699E+15,5.0425E+16
105935,7.17083E+18,7,1,11,0,2017,8,12,4,3,5,3,1,0,0,0,1,0,0,4.00076E+20,5.58278E+21,7.59434E+15,5.03885E+16
105936,7.17082E+18,7,1,35,82,2017,8,13,3,3,4,1,0,1,0,1,0,0,1,3.76806E+20,5.55674E+21,7.2756E+15,5.01501E+16
105937,7.1708E+18,7,1,43,276,2017,8,9,4,3,5,3,0,1,0,0,0,0,0,4.17333E+20,5.6141E+21,7.83009E+15,5.06728E+16
105938,7.17082E+18,7,1,31,14,2017,8,7,3,3,5,3,0,1,0,0,0,0,0,3.80831E+20,5.59295E+21,7.32049E+15,5.04764E+16
105939,7.1708E+18,7,1,41,63,2017,8,17,4,3,9,1,0,1,0,0,0,0,0,4.17269E+20,5.56654E+21,7.8397E+15,5.02452E+16
105940,7.17082E+18,7,1,31,3,2017,8,19,3,3,8,1,0,0,0,1,0,0,1,3.57178E+20,5.59789E+21,6.98545E+15,5.05155E+16
105941,7.17082E+18,7,1,11,0,2017,8,15,3,3,5,3,0,1,0,0,0,0,0,3.99394E+20,5.58065E+21,7.58531E+15,5.03693E+16
105942,7.17082E+18,7,1,34,45,2017,8,19,5,3,8,1,0,1,0,0,0,0,0,3.78017E+20,5.50994E+21,7.30736E+15,4.97296E+16
105943,7.1708E+18,7,1,38,44,2017,8,13,4,3,6,4,0,1,1,0,0,0,0,3.89939E+20,5.60617E+21,7.4449E+15,5.05971E+16
105944,7.17082E+18,7,1,11,0,2017,8,23,3,3,5,3,0,1,0,1,0,2,1,3.99548E+20,5.57976E+21,7.58771E+15,5.03613E+16
105945,7.17082E+18,7,1,43,81,2017,8,9,3,2,2,6,0,1,0,0,1,0,0,4.11493E+20,5.59013E+21,7.75316E+15,5.04565E+16
105946,7.1708E+18,7,1,32,72,2017,8,0,4,3,8,1,0,0,0,1,0,2,0,4.25316E+20,5.63046E+21,7.93972E+15,5.08211E+16
105947,7.17082E+18,7,3,15,0,2017,8,7,5,3,0,1,1,1,0,0,0,0,0,4.46975E+20,5.54032E+21,8.25992E+15,5.00129E+16
105948,7.1708E+18,7,1,38,45,2017,8,6,4,3,8,1,0,1,0,0,0,0,1,3.92518E+20,5.59222E+21,7.48535E+15,5.04721E+16
105949,7.17082E+18,7,1,37,229,2017,8,7,3,3,3,6,0,1,0,0,1,0,0,4.00449E+20,5.58486E+21,7.59902E+15,5.04073E+16
105950,7.17081E+18,7,3,40,206,2017,8,15,2,3,5,3,0,1,0,0,1,0,0,3.85466E+20,5.45594E+21,7.42632E+15,4.92455E+16
105951,7.1708E+18,7,1,35,53,2017,8,1,4,3,0,1,0,1,0,0,0,2,1,3.81647E+20,5.55584E+21,7.34361E+15,5.0143E+16
105952,7.17082E+18,7,3,16,0,2017,8,18,5,3,2,2,1,1,0,0,0,0,0,4.38433E+20,5.46703E+21,8.15225E+15,4.93529E+16
105953,7.1708E+18,7,1,31,77,2017,8,13,4,2,2,6,0,1,0,0,0,0,0,3.75709E+20,5.60065E+21,7.24576E+15,5.05446E+16
105954,7.17081E+18,7,3,17,0,2017,8,11,2,3,2,6,0,1,0,1,0,0,0,3.98803E+20,5.45183E+21,7.61055E+15,4.92109E+16
105955,7.1708E+18,7,1,31,1,2017,8,19,4,3,8,1,0,0,0,1,0,0,0,3.57965E+20,5.584E+21,7.0018E+15,5.03908E+16
105956,7.17083E+18,7,1,38,2,2017,8,12,6,3,4,1,0,1,0,0,0,0,0,3.96656E+20,5.59401E+21,7.54314E+15,5.04889E+16
105957,7.17081E+18,7,3,12,0,2017,8,21,2,3,1,6,0,1,0,0,0,1,0,4.06186E+20,5.47737E+21,7.70589E+15,4.94417E+16
105958,7.17082E+18,7,1,43,81,2017,8,11,4,3,1,6,0,0,0,0,1,0,0,4.12051E+20,5.59035E+21,7.76097E+15,5.04586E+16
105959,7.1708E+18,7,1,37,68,2017,8,15,4,3,0,1,0,0,0,1,0,0,0,3.74536E+20,5.57548E+21,7.23764E+15,5.03181E+16
105960,7.17083E+18,7,3,31,36,2017,8,5,6,3,4,2,0,1,0,0,1,0,0,4.42985E+20,5.50574E+21,8.20933E+15,4.97015E+16
105961,7.17082E+18,7,3,40,45,2017,8,7,3,3,5,3,0,1,0,0,0,0,0,4.08551E+20,5.43684E+21,7.74776E+15,4.90776E+16
105962,7.1708E+18,7,1,37,88,2017,8,12,4,2,5,3,0,1,0,1,0,0,0,3.84974E+20,5.58331E+21,7.38181E+15,5.03906E+16
105963,7.17082E+18,7,3,35,16,2017,8,16,3,3,1,6,0,1,0,0,0,0,0,3.92446E+20,5.47662E+21,7.51661E+15,4.94328E+16
105964,7.17082E+18,7,3,33,9,2017,8,16,3,3,3,1,0,1,0,0,1,0,0,4.23463E+20,5.49315E+21,7.9411E+15,4.95861E+16
105965,7.1708E+18,7,1,37,226,2017,8,17,4,3,2,6,0,1,0,0,0,0,0,4.01873E+20,5.5826E+21,7.61964E+15,5.03872E+16
105966,7.17081E+18,7,3,35,4,2017,8,16,2,3,0,1,0,0,0,1,0,0,0,4.20729E+20,5.48125E+21,7.90568E+15,4.94787E+16
105967,7.17082E+18,7,3,32,14,2017,8,20,3,2,8,1,0,0,0,1,0,1,0,4.25263E+20,5.46638E+21,7.97105E+15,4.93455E+16
105968,7.1708E+18,7,1,11,0,2017,8,8,4,3,2,6,0,1,0,1,0,0,0,3.97857E+20,5.5794E+21,7.56405E+15,5.03578E+16
105969,7.17081E+18,7,3,37,1,2017,8,12,2,3,5,3,0,1,0,0,1,0,0,4.27892E+20,5.45245E+21,8.00976E+15,4.92206E+16
105970,7.17081E+18,7,3,32,35,2017,8,19,2,3,8,1,0,0,0,1,0,0,0,4.44358E+20,5.47319E+21,8.23296E+15,4.94089E+16
105971,7.17081E+18,7,3,14,0,2017,8,15,2,3,0,1,0,0,0,1,0,0,0,4.54191E+20,5.48137E+21,8.36756E+15,4.94833E+16
105972,7.17081E+18,7,3,32,2,2017,8,7,2,3,1,6,0,1,0,0,1,0,0,4.39196E+20,5.47886E+21,8.16094E+15,4.94593E+16
105973,7.17083E+18,7,3,37,73,2017,8,12,1,2,0,1,0,0,0,1,0,0,0,4.30864E+20,5.45176E+21,8.05069E+15,4.92147E+16
105974,7.17081E+18,7,3,14,0,2017,8,17,2,3,2,6,0,1,0,0,0,0,0,4.58944E+20,5.47936E+21,8.43338E+15,4.94655E+16