OBJECTID,UIDENTSTLA,ULAND,UREGBEZ,UKREIS,UGEMEINDE,UJAHR,UMONAT,USTUNDE,UWOCHENTAG,UKATEGORIE,UART,UTYP1,IstRad,IstPKW,IstFuss,IstKrad,IstSonstig,LICHT,STRZUSTAND,LINREFX,LINREFY,XGCSWGS84,YGCSWGS84
105975,7.17081E+18,7,3,32,32,2017,8,12,2,2,4,2,0,1,0,1,0,0,0,4.35099E+20,5.46867E+21,8.10608E+15,4.93673E+16
105976,7.17081E+18,7,3,13,0,2017,8,16,2,3,2,1,0,1,0,0,0,0,0,4.36321E+20,5.44958E+21,8.12595E+15,4.91957E+16
105977,7.17083E+18,7,1,11,0,2017,8,15,2,2,8,1,0,1,0,0,0,0,0,3.94441E+20,5.57699E+21,7.51671E+15,5.03356E+16
105978,7.17081E+18,7,3,31,59,2017,8,16,2,3,4,2,0,1,0,1,0,0,0,4.42915E+20,5.5217E+21,8.20601E+15,4.9845E+16
105979,7.17081E+18,7,3,18,0,2017,8,21,2,3,5,3,1,1,0,0,0,2,0,4.58567E+20,5.46486E+21,8.4297E+15,4.93351E+16
105980,7.17083E+18,7,1,43,224,2017,8,13,2,3,8,6,0,1,0,1,0,0,0,4.29995E+20,5.60202E+21,8.01153E+15,5.05659E+16
105981,7.17081E+18,7,3,14,0,2017,8,15,2,3,4,6,1,0,0,0,0,0,0,4.58731E+20,5.48133E+21,8.43023E+15,4.94832E+16
105982,7.17083E+18,7,3,14,0,2017,8,18,2,3,1,6,0,1,0,0,0,2,0,4.58294E+20,5.47789E+21,8.42457E+15,4.94522E+16
105983,7.17081E+18,7,3,14,0,2017,8,9,2,3,2,1,0,1,0,1,0,0,0,4.57861E+20,5.47916E+21,8.41846E+15,4.94637E+16
105984,7.17082E+18,7,3,16,0,2017,8,17,3,3,0,2,0,1,0,0,1,0,0,4.37199E+20,5.46447E+21,8.13567E+15,4.93297E+16
105985,7.17083E+18,7,1,37,88,2017,8,13,3,3,6,1,0,1,1,0,0,0,0,3.86455E+20,5.58379E+21,7.40248E+15,5.03952E+16
105986,7.17081E+18,7,1,33,9,2017,8,13,2,2,4,1,0,1,0,1,0,0,0,4.00158E+20,5.51149E+21,7.61408E+15,4.97476E+16
105987,7.17083E+18,7,2,33,26,2017,8,18,3,3,1,1,0,1,0,0,0,0,0,3.32944E+20,5.56618E+21,6.65797E+15,5.02242E+16
105988,7.17081E+18,7,3,31,73,2017,8,13,2,2,5,3,0,1,0,0,0,0,0,4.3702E+20,5.52127E+21,8.1241E+15,4.98406E+16
105989,7.17081E+18,7,3,19,0,2017,8,15,2,3,2,6,0,1,0,0,0,0,0,4.52827E+20,5.4972E+21,8.34684E+15,4.96255E+16
105990,7.17082E+18,7,3,38,11,2017,8,7,3,2,8,1,0,1,0,0,1,0,0,4.54344E+20,5.45983E+21,8.37215E+15,4.92895E+16
105991,7.17082E+18,7,3,18,0,2017,8,7,3,3,2,6,0,1,0,0,0,0,0,4.54241E+20,5.45973E+21,8.37074E+15,4.92886E+16
105992,7.1708E+18,7,3,17,0,2017,8,11,3,3,1,6,0,1,0,0,0,0,0,3.97249E+20,5.4498E+21,7.58973E+15,4.91924E+16
105993,7.17081E+18,7,3,31,55,2017,8,20,2,2,7,7,0,0,0,1,0,1,0,4.48141E+20,5.50597E+21,8.28079E+15,4.9704E+16
105994,7.17081E+18,7,3,15,0,2017,8,12,2,3,0,3,0,1,0,0,1,0,0,4.45972E+20,5.53814E+21,8.24623E+15,4.99931E+16
105995,7.1708E+18,7,1,33,83,2017,8,12,3,3,7,7,0,1,0,0,0,0,1,4.05842E+20,5.50998E+21,7.69333E+15,4.97349E+16
105996,7.17083E+18,7,1,31,7,2017,8,17,5,3,5,3,0,1,0,0,0,0,0,3.66355E+20,5.60118E+21,7.11363E+15,5.05473E+16
105997,7.17083E+18,7,1,33,71,2017,8,17,5,3,9,1,0,1,0,0,0,0,1,4.14657E+20,5.51889E+21,7.81368E+15,4.98164E+16
105998,7.1708E+18,7,3,12,0,2017,8,20,3,3,4,2,1,1,0,0,0,1,1,4.10217E+20,5.47653E+21,7.76166E+15,4.94348E+16
105999,7.17083E+18,7,3,40,57,2017,8,6,5,3,1,5,1,0,0,0,1,1,1,4.16628E+20,5.4506E+21,7.85548E+15,4.92026E+16
106000,7.1708E+18,7,3,14,0,2017,8,16,3,3,0,7,0,0,0,1,0,0,0,4.53864E+20,5.48105E+21,8.36309E+15,4.94804E+16
106001,7.17081E+18,7,3,31,48,2017,8,12,2,3,2,6,0,1,0,0,0,0,0,4.42022E+20,5.49772E+21,8.19717E+15,4.96293E+16
106002,7.1709E+18,7,2,32,18,2017,9,15,6,3,2,6,0,1,0,0,0,0,0,3.23308E+20,5.53756E+21,6.53624E+15,4.99642E+16
106003,7.1708E+18,7,3,32,46,2017,8,16,3,2,0,1,0,0,0,1,0,0,1,4.40454E+20,5.47691E+21,8.17859E+15,4.9442E+16
106004,7.17083E+18,7,3,32,7,2017,8,21,3,3,9,1,0,1,0,0,0,2,0,4.30274E+20,5.48349E+21,8.03703E+15,4.95E+16
106005,7.17081E+18,7,3,19,0,2017,8,10,2,3,5,3,0,1,0,0,0,0,0,4.51461E+20,5.50101E+21,8.32744E+15,4.96597E+16
106006,7.1708E+18,7,3,32,2,2017,8,13,3,3,1,6,0,1,0,0,0,0,0,4.41307E+20,5.4793E+21,8.19E+15,4.94635E+16
106007,7.1708E+18,7,3,37,32,2017,8,15,3,2,5,3,0,1,0,1,0,0,0,4.49453E+20,5.45988E+21,8.30488E+15,4.92896E+16
106008,7.17081E+18,7,3,39,9,2017,8,16,2,3,1,2,0,1,0,0,0,0,0,4.40922E+20,5.5418E+21,8.17522E+15,5.00255E+16
106009,7.1708E+18,7,1,33,38,2017,8,15,3,3,9,1,0,1,0,0,0,0,1,3.85233E+20,5.5195E+21,7.40462E+15,4.9817E+16
106010,7.1708E+18,7,3,39,5,2017,8,12,3,2,4,6,0,1,0,0,0,0,0,4.23404E+20,5.53583E+21,7.93188E+15,4.99699E+16
106011,7.17081E+18,7,3,15,0,2017,8,12,2,3,2,6,0,1,0,0,0,0,0,4.46078E+20,5.53976E+21,8.24748E+15,5.00077E+16
106012,7.17082E+18,7,3,38,17,2017,8,19,3,3,5,3,1,1,0,0,0,1,0,4.55279E+20,5.47504E+21,8.38329E+15,4.94264E+16
106013,7.1708E+18,7,1,33,54,2017,8,19,3,3,2,6,0,1,0,0,0,0,0,4.2104E+20,5.52701E+21,7.90073E+15,4.98902E+16
106014,7.1708E+18,7,3,31,3,2017,8,18,3,2,0,5,0,1,0,0,1,0,0,4.36087E+20,5.5114E+21,8.11275E+15,4.97517E+16
106015,7.17083E+18,7,2,32,88,2017,8,11,4,3,9,1,0,0,0,1,0,0,0,3.0689E+20,5.54166E+21,6.30551E+15,4.9996E+16
106016,7.1708E+18,7,3,19,0,2017,8,12,3,3,3,2,0,1,0,0,1,0,0,4.53056E+20,5.49646E+21,8.3501E+15,4.96189E+16
106017,7.17081E+18,7,3,39,32,2017,8,7,2,2,2,6,0,1,0,0,0,0,0,4.44725E+20,5.534E+21,8.22942E+15,4.99558E+16
106018,7.1708E+18,7,3,39,31,2017,8,14,3,3,9,1,0,1,0,0,0,0,1,4.31731E+20,5.52703E+21,8.04955E+15,4.98917E+16
106019,7.1708E+18,7,3,15,0,2017,8,16,3,3,2,2,0,1,0,0,0,0,1,4.46041E+20,5.53854E+21,8.24714E+15,4.99968E+16
106020,7.17081E+18,7,1,35,37,2017,8,19,2,2,9,1,0,0,0,1,0,0,0,3.72932E+20,5.54829E+21,7.22422E+15,5.00733E+16
106021,7.1708E+18,7,3,15,0,2017,8,7,3,3,3,6,0,1,0,0,0,0,0,4.51038E+20,5.53578E+21,8.3172E+15,4.99723E+16
106022,7.17081E+18,7,2,33,219,2017,8,15,2,3,1,3,0,1,0,0,1,0,0,3.22741E+20,5.58024E+21,6.50848E+15,5.03476E+16
106023,7.1708E+18,7,2,31,134,2017,8,19,3,3,2,6,0,1,0,0,1,0,0,3.51011E+20,5.53929E+21,6.92156E+15,4.99873E+16
106024,7.1708E+18,7,2,31,134,2017,8,8,3,3,9,1,0,1,0,0,0,0,1,3.51948E+20,5.54173E+21,6.93368E+15,5.00095E+16
106025,7.1709E+18,7,1,41,38,2017,9,21,6,3,7,7,0,1,0,0,0,2,0,4.24335E+20,5.58512E+21,7.93505E+15,5.04132E+16
106026,7.17081E+18,7,3,15,0,2017,8,15,2,3,3,6,0,1,0,0,0,0,0,4.47981E+20,5.53926E+21,8.27411E+15,5.00034E+16
106027,7.1709E+18,7,2,32,231,2017,9,17,6,3,8,1,0,0,0,1,0,0,1,3.06557E+20,5.56257E+21,6.29029E+15,5.01837E+16
106028,7.1708E+18,7,2,31,56,2017,8,16,3,3,2,2,0,1,0,0,1,0,0,3.71646E+20,5.52671E+21,7.21346E+15,4.9879E+16
106029,7.17083E+18,7,3,38,19,2017,8,7,3,3,2,6,0,1,0,0,0,0,0,4.51328E+20,5.47709E+21,8.32857E+15,4.94445E+16
106030,7.17081E+18,7,3,15,0,2017,8,8,2,3,5,3,0,1,0,0,1,0,0,4.50869E+20,5.53567E+21,8.31486E+15,4.99714E+16
106031,7.1708E+18,7,1,34,45,2017,8,2,3,2,1,1,0,1,0,0,0,2,1,3.7766E+20,5.50944E+21,7.30256E+15,4.9725E+16
106032,7.17081E+18,7,2,33,39,2017,8,7,2,3,2,6,0,1,0,0,0,0,0,3.38099E+20,5.5668E+21,6.72992E+15,5.02312E+16
106033,7.1708E+18,7,2,35,131,2017,8,22,3,2,8,1,0,1,0,0,0,2,0,3.256E+20,5.49202E+21,6.58857E+15,4.95556E+16
106034,7.17081E+18,7,2,32,296,2017,8,3,2,1,4,1,0,1,0,0,1,2,0,3.17704E+20,5.56533E+21,6.44495E+15,5.0212E+16
106035,7.17081E+18,7,2,35,118,2017,8,16,2,3,8,1,0,0,0,1,0,0,0,3.21112E+20,5.49718E+21,6.52422E+15,4.96007E+16
106036,7.1708E+18,7,2,11,0,2017,8,8,3,3,0,6,0,1,0,1,0,0,1,3.31922E+20,5.5159E+21,6.66566E+15,4.9772E+16
106037,7.17082E+18,7,1,37,81,2017,8,13,5,3,9,7,0,1,0,0,0,0,0,3.79698E+20,5.58349E+21,7.30756E+15,5.03911E+16
106038,7.1708E+18,7,2,11,0,2017,8,8,3,3,5,6,0,1,0,1,0,0,1,3.2904E+20,5.51464E+21,6.62621E+15,4.97599E+16
106039,7.17081E+18,7,2,35,135,2017,8,18,2,3,8,1,0,0,0,1,0,0,0,3.40716E+20,5.51185E+21,6.78935E+15,4.97381E+16
106040,7.17081E+18,7,1,43,276,2017,8,17,2,3,5,3,0,1,0,0,0,0,0,4.17131E+20,5.61408E+21,7.82723E+15,5.06726E+16
106041,7.1708E+18,7,1,43,242,2017,8,11,3,3,9,1,0,1,0,0,0,0,1,4.29053E+20,5.60898E+21,7.9969E+15,5.06283E+16
106042,7.17082E+18,7,2,32,329,2017,8,22,5,3,5,3,0,1,0,0,0,2,0,3.04283E+20,5.56553E+21,6.25695E+15,5.02095E+16
106043,7.17081E+18,7,1,43,30,2017,8,22,2,3,9,6,0,1,0,0,0,2,0,4.07736E+20,5.58971E+21,7.70035E+15,5.04521E+16
106044,7.17082E+18,7,3,38,14,2017,8,6,3,3,2,2,0,1,0,1,0,0,0,4.47969E+20,5.47431E+21,8.28259E+15,4.94192E+16
106045,7.17082E+18,7,3,14,0,2017,8,14,5,3,2,6,0,1,0,0,0,0,0,4.58749E+20,5.48139E+21,8.43049E+15,4.94837E+16
106046,7.1708E+18,7,1,41,95,2017,8,17,3,3,9,1,0,1,0,0,0,0,1,4.33024E+20,5.57572E+21,8.059E+15,5.03297E+16
106047,7.17081E+18,7,1,32,65,2017,8,23,2,3,7,1,0,1,0,0,0,2,1,3.93408E+20,5.60371E+21,7.4946E+15,5.05756E+16
106048,7.1708E+18,7,1,43,79,2017,8,15,3,3,1,6,0,1,0,0,0,0,0,4.14734E+20,5.58105E+21,7.80087E+15,5.03753E+16
106049,7.17083E+18,7,1,37,203,2017,8,17,6,3,5,3,1,1,0,0,0,0,0,3.98576E+20,5.58696E+21,7.5721E+15,5.04259E+16
106050,7.17082E+18,7,1,33,46,2017,8,19,3,3,2,6,0,1,0,0,1,0,0,3.92702E+20,5.51735E+21,7.50901E+15,4.9799E+16
106051,7.1708E+18,7,1,38,61,2017,8,18,3,2,0,7,0,1,0,0,0,0,0,3.92307E+20,5.59593E+21,7.48131E+15,5.05055E+16
106052,7.17082E+18,7,1,33,48,2017,8,6,3,2,8,1,0,1,0,0,0,1,0,4.12601E+20,5.5191E+21,7.78506E+15,4.98179E+16
106053,7.17082E+18,7,3,15,0,2017,8,16,3,3,1,6,0,1,0,0,0,0,0,4.4758E+20,5.53763E+21,8.26873E+15,4.99887E+16
106054,7.17081E+18,7,1,38,74,2017,8,7,2,3,5,3,0,1,0,0,0,0,0,4.00129E+20,5.60204E+21,7.58994E+15,5.05618E+16
106055,7.17082E+18,7,3,39,32,2017,8,22,3,3,2,2,0,1,0,0,0,2,0,4.43995E+20,5.5333E+21,8.21935E+15,4.99494E+16
106056,7.1708E+18,7,1,38,4,2017,8,20,3,3,4,1,0,1,0,0,0,0,0,3.8053E+20,5.59665E+21,7.31506E+15,5.05097E+16
106057,7.17081E+18,7,1,31,59,2017,8,15,2,3,8,1,0,0,0,1,0,0,0,3.66697E+20,5.59101E+21,7.12209E+15,5.04559E+16
106058,7.17081E+18,7,1,40,112,2017,8,19,2,3,8,1,0,0,0,1,0,0,0,4.1077E+20,5.54934E+21,7.7526E+15,5.00896E+16
106059,7.17083E+18,7,1,32,65,2017,8,22,1,3,9,1,0,1,0,0,0,2,0,3.93165E+20,5.60389E+21,7.49111E+15,5.05772E+16
106060,7.17081E+18,7,2,31,134,2017,8,17,2,3,1,6,0,1,0,0,0,0,0,3.53226E+20,5.53931E+21,6.95243E+15,4.99881E+16
106061,7.17081E+18,7,1,40,133,2017,8,16,2,2,8,1,1,0,0,0,0,0,0,4.079E+20,5.55638E+21,7.71079E+15,5.01525E+16
106062,7.17081E+18,7,1,40,133,2017,8,12,2,2,0,1,1,0,0,0,0,0,0,4.07939E+20,5.55637E+21,7.71134E+15,5.01524E+16
106063,7.17083E+18,7,2,35,5,2017,8,10,1,3,9,1,0,1,0,0,0,0,0,3.46909E+20,5.51234E+21,6.87505E+15,4.9744E+16
106064,7.17081E+18,7,2,31,123,2017,8,18,2,2,5,3,0,1,0,0,0,0,0,3.56368E+20,5.51429E+21,7.00552E+15,4.97639E+16
106065,7.17081E+18,7,1,11,0,2017,8,18,2,3,3,6,0,1,0,0,0,0,0,3.99448E+20,5.57976E+21,7.5863E+15,5.03613E+16
106066,7.17081E+18,7,1,38,44,2017,8,17,2,3,2,6,0,1,0,0,0,0,0,3.88678E+20,5.60776E+21,7.42661E+15,5.06111E+16
106067,7.17083E+18,7,3,32,8,2017,8,14,1,2,5,3,1,0,0,1,0,0,0,4.40576E+20,5.48554E+21,8.17898E+15,4.95196E+16
106068,7.17081E+18,7,1,43,241,2017,8,8,2,3,8,1,0,0,0,1,0,0,0,4.11315E+20,5.60958E+21,7.74602E+15,5.06313E+16
106069,7.17081E+18,7,1,43,21,2017,8,11,2,3,2,6,0,1,0,0,0,0,0,4.22295E+20,5.58912E+21,7.90552E+15,5.04489E+16
106070,7.17083E+18,7,1,32,91,2017,8,5,2,3,4,6,0,1,0,1,0,1,0,4.05467E+20,5.62427E+21,7.65961E+15,5.07625E+16
106071,7.17081E+18,7,3,38,19,2017,8,16,1,3,2,6,0,1,0,0,0,0,0,4.50902E+20,5.47684E+21,8.32272E+15,4.94422E+16
106072,7.17082E+18,7,3,15,0,2017,8,13,3,3,2,6,0,1,0,0,0,0,0,4.43513E+20,5.54205E+21,8.21135E+15,5.00281E+16
106073,7.17083E+18,7,1,35,92,2017,8,22,2,2,8,1,0,0,0,1,0,2,0,3.69552E+20,5.54193E+21,7.17917E+15,5.00154E+16
106074,7.17081E+18,7,3,32,25,2017,8,15,1,3,3,6,1,0,0,0,0,0,0,4.451E+20,5.46597E+21,8.24419E+15,4.9344E+16
106075,7.17082E+18,7,2,31,124,2017,8,18,3,2,8,1,0,1,0,1,0,0,0,3.6473E+20,5.53392E+21,7.11473E+15,4.99423E+16
106076,7.17083E+18,7,3,32,30,2017,8,16,2,3,2,6,0,1,0,0,0,0,0,4.40704E+20,5.48728E+21,8.18049E+15,4.95352E+16
106077,7.17081E+18,7,3,32,25,2017,8,13,1,3,4,6,1,0,0,0,0,0,0,4.45289E+20,5.46613E+21,8.24677E+15,4.93454E+16
106078,7.17082E+18,7,2,33,27,2017,8,11,3,2,0,1,1,0,0,0,0,0,0,3.50912E+20,5.55551E+21,6.91386E+15,5.01331E+16
106079,7.17082E+18,7,2,31,502,2017,8,13,3,3,1,6,0,1,0,0,0,0,0,3.6805E+20,5.52403E+21,7.16435E+15,4.98542E+16
106080,7.17081E+18,7,3,32,6,2017,8,18,1,2,5,2,0,1,0,0,0,0,0,4.40138E+20,5.49323E+21,8.17177E+15,4.95887E+16
106081,7.17083E+18,7,1,43,242,2017,8,11,3,2,3,2,1,1,0,0,0,0,0,4.29351E+20,5.60756E+21,8.00138E+15,5.06156E+16
106082,7.17081E+18,7,3,37,14,2017,8,12,1,3,1,5,1,1,0,0,0,0,0,4.39576E+20,5.45206E+21,8.17025E+15,4.92183E+16
106083,7.17081E+18,7,3,18,0,2017,8,14,1,3,5,3,0,1,0,0,0,0,0,4.59541E+20,5.46221E+21,8.44336E+15,4.93113E+16
106084,7.17081E+18,7,3,33,60,2017,8,10,1,2,8,1,0,0,0,1,0,0,1,4.31109E+20,5.48757E+21,8.04785E+15,4.95369E+16
106085,7.17081E+18,7,3,15,0,2017,8,19,1,3,5,2,1,1,0,0,0,0,0,4.4955E+20,5.53681E+21,8.29632E+15,4.99815E+16
106086,7.17082E+18,7,2,31,79,2017,8,14,3,2,5,3,0,1,0,1,0,0,0,3.53954E+20,5.50626E+21,6.97503E+15,4.96912E+16
106087,7.1708E+18,7,1,38,8,2017,8,11,3,3,9,1,0,1,0,0,0,0,1,3.75297E+20,5.60688E+21,7.23787E+15,5.06005E+16
106088,7.1708E+18,7,1,35,18,2017,8,18,3,3,2,2,0,1,0,0,0,0,0,3.62995E+20,5.55986E+21,7.08127E+15,5.01751E+16
106089,7.17081E+18,7,1,43,70,2017,8,17,2,3,5,3,0,1,0,0,0,0,0,4.13192E+20,5.59282E+21,7.77647E+15,5.04809E+16
106090,7.1708E+18,7,1,31,501,2017,8,13,3,3,8,1,0,1,0,0,0,0,1,3.53586E+20,5.59019E+21,6.93783E+15,5.04454E+16
106091,7.17081E+18,7,1,32,72,2017,8,17,2,3,2,6,0,1,0,0,0,0,0,4.27092E+20,5.63239E+21,7.96456E+15,5.08387E+16
106092,7.1708E+18,7,1,37,55,2017,8,22,3,2,6,4,0,1,1,0,0,2,0,3.76343E+20,5.57812E+21,7.26215E+15,5.03422E+16
106093,7.1708E+18,7,1,11,0,2017,8,21,3,3,9,7,0,1,0,0,0,0,0,4.02558E+20,5.57791E+21,7.6305E+15,5.03452E+16
106094,7.17083E+18,7,3,15,0,2017,8,8,5,2,0,1,1,0,0,0,0,0,1,4.47673E+20,5.53626E+21,8.27021E+15,4.99764E+16
106095,7.17083E+18,7,3,16,0,2017,8,7,5,3,5,3,1,1,0,0,0,0,1,4.38419E+20,5.46737E+21,8.152E+15,4.9356E+16
106096,7.1708E+18,7,1,11,0,2017,8,17,3,3,2,6,0,1,0,0,0,0,0,3.99902E+20,5.58138E+21,7.59226E+15,5.0376E+16
106097,7.1709E+18,7,1,32,50,2017,9,15,6,3,9,1,0,1,0,0,0,0,0,4.26519E+20,5.62738E+21,7.95742E+15,5.07935E+16
106098,7.1708E+18,7,1,37,8,2017,8,13,3,3,3,1,0,1,0,0,1,0,0,3.74939E+20,5.58476E+21,7.24022E+15,5.04015E+16
106099,7.17083E+18,7,3,18,0,2017,8,17,3,3,0,1,0,1,0,0,0,0,0,4.56498E+20,5.46778E+21,8.40089E+15,4.93612E+16
106100,7.17081E+18,7,2,33,25,2017,8,19,1,2,9,1,0,1,0,0,0,0,0,3.49918E+20,5.56735E+21,6.89529E+15,5.02392E+16
106101,7.17073E+18,7,3,40,4,2017,7,10,2,3,4,6,0,1,0,0,0,0,0,4.11848E+20,5.44376E+21,7.79138E+15,4.91403E+16
106102,7.17083E+18,7,1,40,144,2017,8,16,4,2,6,4,0,1,1,0,0,0,0,3.9469E+20,5.53909E+21,7.5307E+15,4.99949E+16
106103,7.17081E+18,7,2,32,50,2017,8,19,1,3,5,2,0,1,0,0,0,0,0,3.34386E+20,5.53525E+21,6.69157E+15,4.99466E+16
106104,7.17073E+18,7,3,40,201,2017,7,12,2,3,9,1,0,0,0,0,1,0,0,3.81566E+20,5.45095E+21,7.37424E+15,4.91999E+16
106105,7.17073E+18,7,3,12,0,2017,7,11,2,3,9,1,0,1,0,0,0,0,0,4.13498E+20,5.47911E+21,7.80635E+15,4.94585E+16
106106,7.17081E+18,7,2,32,63,2017,8,13,1,2,8,1,0,0,0,1,0,0,0,3.16859E+20,5.52341E+21,6.45312E+15,4.98351E+16
106107,7.17073E+18,7,3,36,17,2017,7,5,2,3,7,7,0,1,0,0,0,2,0,3.76451E+20,5.47416E+21,7.29687E+15,4.94075E+16
106108,7.17073E+18,7,3,34,12,2017,7,17,2,2,2,6,0,1,0,0,1,0,1,4.4766E+20,5.43559E+21,8.28338E+15,4.90709E+16
106109,7.17081E+18,7,2,31,19,2017,8,10,1,2,9,1,0,0,0,1,0,0,0,3.5393E+20,5.51014E+21,6.97324E+15,4.9726E+16
106110,7.17082E+18,7,2,35,51,2017,8,13,3,2,9,1,0,1,0,0,0,0,0,3.22181E+20,5.50975E+21,6.53329E+15,4.9714E+16
106111,7.17073E+18,7,3,37,1,2017,7,15,2,2,4,1,0,0,0,1,1,0,1,4.18802E+20,5.45834E+21,7.88376E+15,4.92724E+16
106112,7.17082E+18,7,2,31,134,2017,8,9,5,2,2,6,0,1,0,0,1,0,0,3.50516E+20,5.53743E+21,6.91538E+15,4.99705E+16
106113,7.17073E+18,7,3,18,0,2017,7,18,2,3,2,2,0,1,0,0,0,0,0,4.57206E+20,5.46489E+21,8.41096E+15,4.93352E+16
106114,7.17081E+18,7,2,35,51,2017,8,18,1,3,5,2,0,1,0,0,0,0,0,3.23709E+20,5.50917E+21,6.55474E+15,4.97092E+16
106115,7.17082E+18,7,1,43,295,2017,8,21,3,3,7,7,0,1,0,0,0,2,0,4.33656E+20,5.61531E+21,8.06083E+15,5.06859E+16
106116,7.17073E+18,7,3,18,0,2017,7,8,2,2,6,4,0,1,1,0,0,0,0,4.58511E+20,5.46264E+21,8.42915E+15,4.93151E+16
106117,7.17082E+18,7,3,15,0,2017,8,10,5,2,1,6,0,1,0,0,0,0,0,4.45483E+20,5.54138E+21,8.23894E+15,5.00222E+16
106118,7.17082E+18,7,1,43,238,2017,8,16,3,2,8,1,0,1,0,0,0,0,0,4.2811E+20,5.60403E+21,7.98453E+15,5.05837E+16
106119,7.17073E+18,7,3,39,5,2017,7,17,2,3,2,2,0,1,0,0,0,0,0,4.24207E+20,5.53433E+21,7.94338E+15,4.99565E+16
106120,7.17082E+18,7,1,43,271,2017,8,7,3,2,8,1,0,1,0,0,0,0,0,4.36424E+20,5.60031E+21,8.10258E+15,5.05513E+16
106121,7.17081E+18,7,2,11,0,2017,8,16,1,3,5,3,0,1,0,0,0,0,0,3.31999E+20,5.51601E+21,6.66667E+15,4.9773E+16
106122,7.17082E+18,7,1,43,299,2017,8,16,3,3,8,1,0,0,0,1,0,0,0,4.1601E+20,5.61535E+21,7.81108E+15,5.06839E+16
106123,7.17081E+18,7,1,41,15,2017,8,15,1,2,8,1,0,0,0,1,0,0,0,4.14048E+20,5.56008E+21,7.79599E+15,5.01867E+16
106124,7.17081E+18,7,1,41,1,2017,8,14,1,2,2,6,0,1,0,1,0,0,0,4.30272E+20,5.57009E+21,8.02138E+15,5.02788E+16
106125,7.17083E+18,7,2,33,501,2017,8,13,7,3,2,2,0,1,0,0,0,0,0,3.45693E+20,5.56254E+21,6.83804E+15,5.01949E+16
106126,7.17081E+18,7,1,41,14,2017,8,14,1,3,2,6,0,1,0,0,0,0,0,4.28985E+20,5.57858E+21,8.00171E+15,5.03551E+16
106127,7.17081E+18,7,1,38,77,2017,8,20,1,3,0,1,0,0,0,1,0,0,0,3.84044E+20,5.61111E+21,7.36009E+15,5.06403E+16
106128,7.17083E+18,7,3,32,25,2017,8,19,7,3,3,2,1,0,0,0,0,0,0,4.48782E+20,5.46796E+21,8.29462E+15,4.93622E+16
106129,7.17081E+18,7,1,32,501,2017,8,14,2,3,5,3,0,1,0,0,1,0,0,4.04525E+20,5.61603E+21,7.64838E+15,5.06882E+16
106130,7.17081E+18,7,1,32,30,2017,8,1,1,3,8,1,0,1,0,0,0,2,1,4.1359E+20,5.62185E+21,7.77531E+15,5.0742E+16
106131,7.17081E+18,7,1,35,20,2017,8,11,1,3,4,1,0,1,0,1,0,0,0,3.71126E+20,5.55812E+21,7.19568E+15,5.01613E+16
106132,7.17083E+18,7,1,38,44,2017,8,12,1,1,4,6,1,1,0,1,0,0,0,3.86165E+20,5.60538E+21,7.39184E+15,5.05892E+16
106133,7.17081E+18,7,1,38,45,2017,8,13,2,3,5,2,0,1,0,0,0,0,0,3.97322E+20,5.58889E+21,7.55393E+15,5.04431E+16
106134,7.17081E+18,7,1,31,205,2017,8,15,1,2,2,2,0,1,0,1,0,0,0,3.75785E+20,5.58744E+21,7.25124E+15,5.04259E+16
106135,7.17083E+18,7,3,13,0,2017,8,14,1,2,0,1,0,0,0,1,0,0,0,4.3322E+20,5.44763E+21,8.08371E+15,4.91779E+16
106136,7.17081E+18,7,1,37,68,2017,8,17,1,3,2,2,0,1,0,1,0,0,0,3.74405E+20,5.57556E+21,7.23577E+15,5.03188E+16
106137,7.17082E+18,7,1,43,300,2017,8,5,3,3,7,7,0,0,0,1,0,1,0,4.21614E+20,5.61147E+21,7.89122E+15,5.06498E+16
106138,7.17083E+18,7,1,37,216,2017,8,15,2,2,5,3,0,1,0,1,0,0,0,3.92164E+20,5.58376E+21,7.48279E+15,5.0396E+16
106139,7.17081E+18,7,1,37,69,2017,8,12,1,3,5,3,1,1,0,0,0,0,0,3.78511E+20,5.58086E+21,7.29173E+15,5.03672E+16
106140,7.17082E+18,7,1,43,53,2017,8,13,3,2,8,1,0,0,0,1,0,0,0,4.12613E+20,5.58436E+21,7.77028E+15,5.04048E+16
106141,7.17083E+18,7,2,11,0,2017,8,15,2,2,0,7,0,0,0,1,0,0,0,3.27667E+20,5.51167E+21,6.60848E+15,4.97328E+16
106142,7.17082E+18,7,1,31,70,2017,8,15,3,3,2,6,0,1,0,0,0,0,0,3.7322E+20,5.61064E+21,7.20726E+15,5.06338E+16
106143,7.17082E+18,7,1,41,23,2017,8,13,3,3,8,1,0,1,0,0,0,0,0,4.0925E+20,5.56721E+21,7.7271E+15,5.02501E+16
106144,7.17082E+18,7,1,37,207,2017,8,14,3,3,4,6,1,0,0,0,0,0,0,3.90661E+20,5.5731E+21,7.46475E+15,5.02999E+16
106145,7.17082E+18,7,1,11,0,2017,8,16,3,3,2,6,0,1,0,0,1,0,0,3.99759E+20,5.57919E+21,7.59083E+15,5.03562E+16
106146,7.17081E+18,7,1,40,165,2017,8,8,1,2,4,6,0,1,0,0,0,0,1,3.77596E+20,5.53657E+21,7.2931E+15,4.99689E+16
106147,7.17082E+18,7,1,11,0,2017,8,15,3,2,2,6,1,1,0,0,0,0,0,3.94305E+20,5.57394E+21,7.51566E+15,5.03081E+16