OBJECTID,UIDENTSTLA,ULAND,UREGBEZ,UKREIS,UGEMEINDE,UJAHR,UMONAT,USTUNDE,UWOCHENTAG,UKATEGORIE,UART,UTYP1,IstRad,IstPKW,IstFuss,IstKrad,IstSonstig,LICHT,STRZUSTAND,LINREFX,LINREFY,XGCSWGS84,YGCSWGS84
106320,7.17082E+18,7,1,40,76,2017,8,20,2,3,8,1,0,0,0,1,0,1,0,3.92088E+20,5.54034E+21,7.49406E+15,5.00056E+16
106321,7.17081E+18,7,2,31,81,2017,8,19,6,3,8,1,0,1,0,0,0,1,1,3.54488E+20,5.53316E+21,6.97236E+15,4.9933E+16
106322,7.17081E+18,7,2,31,134,2017,8,17,6,3,0,1,0,0,0,1,0,0,1,3.49381E+20,5.53835E+21,6.8992E+15,4.99784E+16
106323,7.17081E+18,7,2,31,18,2017,8,21,6,3,9,1,0,1,0,0,0,2,1,3.60582E+20,5.5121E+21,7.0648E+15,4.97452E+16
106324,7.17081E+18,7,2,11,0,2017,8,12,6,2,5,2,0,0,0,1,1,0,0,3.32299E+20,5.51244E+21,6.67237E+15,4.97411E+16
106325,7.17083E+18,7,3,39,9,2017,8,7,7,3,5,3,0,1,0,0,0,0,0,4.40809E+20,5.54173E+21,8.17365E+15,5.00249E+16
106326,7.17081E+18,7,2,11,0,2017,8,10,6,3,5,3,1,1,0,0,0,0,0,3.30368E+20,5.51369E+21,6.64506E+15,4.97517E+16
106327,7.17081E+18,7,1,43,229,2017,8,10,6,3,8,1,0,1,0,0,0,0,1,4.1909E+20,5.61392E+21,7.85499E+15,5.06715E+16
106328,7.17073E+18,7,3,19,0,2017,7,11,7,2,5,2,0,1,0,1,0,0,0,4.52837E+20,5.49635E+21,8.34707E+15,4.96178E+16
106329,7.17083E+18,7,3,33,502,2017,8,15,7,3,5,2,0,1,0,1,0,0,0,4.15133E+20,5.4986E+21,7.82471E+15,4.9634E+16
106330,7.17081E+18,7,1,31,55,2017,8,17,2,2,8,7,0,1,0,0,1,0,0,3.7398E+20,5.58917E+21,7.22526E+15,5.0441E+16
106331,7.17081E+18,7,1,41,78,2017,8,10,6,3,9,1,0,1,0,0,0,0,1,4.17053E+20,5.55789E+21,7.83856E+15,5.01674E+16
106332,7.17081E+18,7,1,41,13,2017,8,10,6,3,4,7,0,1,0,0,1,0,1,4.25554E+20,5.57158E+21,7.95488E+15,5.02917E+16
106333,7.17083E+18,7,2,11,0,2017,8,23,1,3,8,1,1,0,0,0,0,2,0,3.3298E+20,5.51431E+21,6.68101E+15,4.9758E+16
106334,7.17081E+18,7,1,43,18,2017,8,13,6,2,8,1,0,0,0,1,0,0,1,4.18766E+20,5.60079E+21,7.85328E+15,5.05534E+16
106335,7.17082E+18,7,1,37,228,2017,8,15,2,3,8,1,0,1,0,0,0,0,0,3.89723E+20,5.58607E+21,7.44778E+15,5.04163E+16
106336,7.17083E+18,7,3,37,28,2017,8,17,1,3,8,1,1,0,0,0,0,0,0,4.32802E+20,5.45535E+21,8.07669E+15,4.92472E+16
106337,7.17081E+18,7,1,31,90,2017,8,18,6,3,9,1,0,1,0,0,0,0,1,3.70391E+20,5.60514E+21,7.16918E+15,5.05838E+16
106338,7.17082E+18,7,1,37,209,2017,8,15,2,3,4,6,0,1,0,0,1,0,0,3.96328E+20,5.58476E+21,7.54108E+15,5.04058E+16
106339,7.17083E+18,7,1,31,47,2017,8,20,2,2,8,1,0,0,0,1,0,2,0,3.54019E+20,5.59726E+21,6.94116E+15,5.05091E+16
106340,7.17082E+18,7,1,40,501,2017,8,10,2,3,3,6,0,1,0,0,0,0,0,3.93873E+20,5.56655E+21,7.51166E+15,5.02415E+16
106341,7.17082E+18,7,3,40,11,2017,8,15,1,3,8,1,0,0,0,1,0,0,0,4.07519E+20,5.43755E+21,7.73347E+15,4.90838E+16
106342,7.17082E+18,7,3,33,25,2017,8,9,1,3,9,1,0,1,0,0,0,0,0,4.18311E+20,5.50206E+21,7.86798E+15,4.96655E+16
106343,7.17082E+18,7,3,35,38,2017,8,19,1,3,7,1,0,1,0,0,0,0,0,3.97925E+20,5.48018E+21,7.59123E+15,4.94657E+16
106344,7.17073E+18,7,3,15,0,2017,7,14,7,3,2,7,0,1,0,1,0,0,0,4.46627E+20,5.53961E+21,8.25517E+15,5.00064E+16
106345,7.17083E+18,7,3,14,0,2017,8,21,4,3,4,2,0,1,0,0,0,2,0,4.55341E+20,5.482E+21,8.38337E+15,4.9489E+16
106346,7.17073E+18,7,3,15,0,2017,7,0,7,3,3,2,1,1,0,0,0,2,0,4.4682E+20,5.53889E+21,8.25796E+15,5E+16
106347,7.17083E+18,7,1,43,23,2017,8,15,5,3,2,6,0,1,0,0,0,0,0,4.24882E+20,5.58506E+21,7.94276E+15,5.04128E+16
106348,7.17073E+18,7,2,33,26,2017,7,13,7,2,9,1,0,0,0,1,0,0,0,3.3121E+20,5.56515E+21,6.63414E+15,5.02144E+16
106349,7.17081E+18,7,3,40,28,2017,8,14,1,3,5,3,0,1,0,1,0,0,0,4.06571E+20,5.44699E+21,7.71829E+15,4.91686E+16
106350,7.17073E+18,7,2,31,126,2017,7,13,7,2,0,1,0,0,0,1,0,0,0,3.5805E+20,5.52709E+21,7.02418E+15,4.98794E+16
106351,7.17083E+18,7,1,32,117,2017,8,15,5,3,0,3,0,1,0,1,0,0,1,4.10608E+20,5.62684E+21,7.73185E+15,5.07864E+16
106352,7.17073E+18,7,2,31,107,2017,7,11,7,1,4,1,0,1,0,0,0,0,0,3.54018E+20,5.53562E+21,6.96488E+15,4.99551E+16
106353,7.17082E+18,7,3,37,501,2017,8,16,1,2,8,1,0,0,0,1,0,0,0,4.27559E+20,5.45271E+21,8.00513E+15,4.92229E+16
106354,7.17082E+18,7,3,38,7,2017,8,19,1,2,8,7,0,1,0,1,0,0,0,4.54108E+20,5.46145E+21,8.36872E+15,4.93041E+16
106355,7.17081E+18,7,3,40,211,2017,8,18,1,2,4,6,0,1,0,0,0,0,0,3.82027E+20,5.44921E+21,7.38106E+15,4.91843E+16
106356,7.17081E+18,7,3,40,210,2017,8,16,1,3,5,3,0,1,0,1,0,0,0,3.86542E+20,5.44991E+21,7.44281E+15,4.91915E+16
106357,7.17073E+18,7,2,31,502,2017,7,13,7,3,4,1,0,1,0,1,1,0,0,3.66562E+20,5.52181E+21,7.14441E+15,4.98339E+16
106358,7.17083E+18,7,1,37,43,2017,8,15,5,3,8,1,0,0,0,0,1,0,0,3.7361E+20,5.56979E+21,7.22655E+15,5.02667E+16
106359,7.17083E+18,7,2,35,96,2017,8,7,5,3,0,7,0,1,0,0,1,0,1,3.19882E+20,5.5094E+21,6.5016E+15,4.97102E+16
106360,7.17073E+18,7,2,35,140,2017,7,12,7,2,4,6,0,0,0,1,0,0,0,3.31265E+20,5.49636E+21,6.66497E+15,4.95962E+16
106361,7.17083E+18,7,3,18,0,2017,8,20,5,3,8,1,0,0,0,1,0,2,0,4.57573E+20,5.4615E+21,8.41636E+15,4.93048E+16
106362,7.17073E+18,7,2,11,0,2017,7,13,7,3,1,6,0,1,0,0,0,0,0,3.30719E+20,5.51607E+21,6.64889E+15,4.97732E+16
106363,7.17073E+18,7,1,41,59,2017,7,14,7,3,0,7,0,0,0,1,0,0,1,4.21152E+20,5.57889E+21,7.89156E+15,5.03568E+16
106364,7.1709E+18,7,1,37,60,2017,9,10,6,3,8,1,0,0,0,1,0,0,0,3.65031E+20,5.58156E+21,7.10203E+15,5.03706E+16
106365,7.17073E+18,7,1,38,59,2017,7,23,7,3,6,2,0,0,1,1,0,2,0,4.02842E+20,5.60343E+21,7.62786E+15,5.05747E+16
106366,7.17083E+18,7,3,38,2,2017,8,16,3,3,6,4,0,1,1,0,0,0,0,4.51136E+20,5.48986E+21,8.32433E+15,4.95593E+16
106367,7.17081E+18,7,1,37,69,2017,8,19,6,3,5,3,1,1,0,0,0,0,1,3.77916E+20,5.58128E+21,7.28322E+15,5.03709E+16
106368,7.17073E+18,7,1,31,37,2017,7,13,7,3,8,1,0,0,0,1,0,0,0,3.58639E+20,5.58641E+21,7.01037E+15,5.04127E+16
106369,7.17073E+18,7,1,40,109,2017,7,13,7,3,8,1,0,0,0,1,0,0,0,3.78244E+20,5.53018E+21,7.30416E+15,4.99116E+16
106370,7.17083E+18,7,1,43,59,2017,8,4,4,3,3,6,0,1,0,0,1,2,0,4.09063E+20,5.59562E+21,7.7176E+15,5.05055E+16
106371,7.17073E+18,7,1,11,0,2017,7,16,7,3,5,3,0,1,0,1,0,0,0,3.9926E+20,5.5771E+21,7.58438E+15,5.03373E+16
106372,7.17073E+18,7,1,43,10,2017,7,15,7,3,8,7,0,1,0,0,0,0,0,4.13298E+20,5.58954E+21,7.77872E+15,5.04515E+16
106373,7.17073E+18,7,3,33,20,2017,7,19,6,3,4,1,0,1,0,1,0,0,0,4.19011E+20,5.49733E+21,7.87865E+15,4.96231E+16
106374,7.17081E+18,7,1,37,68,2017,8,15,6,2,5,2,0,1,0,1,0,0,1,3.74826E+20,5.57775E+21,7.24096E+15,5.03386E+16
106375,7.17082E+18,7,3,18,0,2017,8,18,1,3,3,6,0,1,0,0,0,0,0,4.57845E+20,5.46655E+21,8.41957E+15,4.93502E+16
106376,7.17073E+18,7,3,36,102,2017,7,17,6,3,4,2,0,1,0,1,0,0,0,3.79302E+20,5.47213E+21,7.33677E+15,4.93899E+16
106377,7.17082E+18,7,3,38,8,2017,8,10,1,2,4,6,1,0,0,0,0,0,0,4.48802E+20,5.47781E+21,8.29362E+15,4.94508E+16
106378,7.17073E+18,7,3,36,2,2017,7,21,6,3,4,6,0,1,0,0,0,2,1,3.7798E+20,5.48552E+21,7.31444E+15,4.951E+16
106379,7.17082E+18,7,1,33,501,2017,8,10,1,3,9,1,0,1,0,1,0,0,0,4.04612E+20,5.51786E+21,7.67433E+15,4.98056E+16
106380,7.17081E+18,7,1,40,165,2017,8,18,6,2,5,3,0,1,0,0,0,0,1,3.78402E+20,5.537E+21,7.3042E+15,4.99729E+16
106381,7.17081E+18,7,1,37,216,2017,8,16,6,3,5,3,0,1,0,0,0,0,1,3.94044E+20,5.58418E+21,7.50911E+15,5.04001E+16
106382,7.17081E+18,7,1,37,3,2017,8,6,6,3,5,3,0,1,0,1,0,1,1,3.8506E+20,5.58731E+21,7.38179E+15,5.04266E+16
106383,7.17081E+18,7,1,41,75,2017,8,18,6,3,6,2,0,1,1,0,0,0,1,4.00804E+20,5.57297E+21,7.60715E+15,5.03005E+16
106384,7.17081E+18,7,1,37,206,2017,8,13,6,2,0,7,0,0,0,1,0,0,1,3.85733E+20,5.56247E+21,7.39878E+15,5.02034E+16
106385,7.17083E+18,7,3,37,58,2017,8,9,6,3,7,7,0,0,0,1,1,0,0,4.30671E+20,5.43876E+21,8.05027E+15,4.90978E+16
106386,7.17081E+18,7,1,37,206,2017,8,13,6,3,9,1,0,0,0,1,0,0,1,3.85733E+20,5.56247E+21,7.39878E+15,5.02034E+16
106387,7.17081E+18,7,1,11,0,2017,8,21,6,2,9,1,0,0,0,1,0,2,1,4.00232E+20,5.57894E+21,7.59754E+15,5.03541E+16
106388,7.17073E+18,7,3,35,43,2017,7,11,6,2,5,3,1,1,0,0,0,0,0,3.98607E+20,5.4835E+21,7.5998E+15,4.94956E+16
106389,7.17083E+18,7,1,41,6,2017,8,8,7,3,5,3,1,1,0,0,0,0,1,4.08497E+20,5.57709E+21,7.71414E+15,5.03388E+16
106390,7.17081E+18,7,1,43,10,2017,8,18,6,3,2,6,0,1,0,0,0,0,1,4.13832E+20,5.58911E+21,7.78634E+15,5.04477E+16
106391,7.17081E+18,7,3,20,0,2017,8,21,5,3,4,2,0,1,0,1,0,1,0,3.78411E+20,5.45171E+21,7.3307E+15,4.92061E+16
106392,7.17073E+18,7,3,38,21,2017,7,16,6,3,1,1,1,1,0,0,0,0,0,4.59844E+20,5.46839E+21,8.44691E+15,4.93669E+16
106393,7.17083E+18,7,3,18,0,2017,8,15,7,3,0,7,1,0,0,0,0,0,0,4.58069E+20,5.46506E+21,8.42282E+15,4.93368E+16
106394,7.17081E+18,7,3,17,0,2017,8,9,5,3,5,3,0,1,0,1,0,0,1,3.9836E+20,5.45033E+21,7.60485E+15,4.91973E+16
106395,7.17082E+18,7,1,33,18,2017,8,3,1,3,4,6,0,1,0,0,0,2,0,4.20749E+20,5.5254E+21,7.89701E+15,4.98758E+16
106396,7.17083E+18,7,1,31,7,2017,8,17,1,3,1,2,0,1,0,0,0,0,0,3.67221E+20,5.60144E+21,7.12576E+15,5.05498E+16
106397,7.17081E+18,7,3,32,32,2017,8,14,5,3,2,6,0,1,0,0,0,0,1,4.32724E+20,5.46929E+21,8.07326E+15,4.93726E+16
106398,7.17082E+18,7,3,31,1,2017,8,23,1,3,0,7,0,1,0,0,0,2,0,4.36026E+20,5.51442E+21,8.11141E+15,4.97788E+16
106399,7.17073E+18,7,3,11,0,2017,7,16,6,3,2,2,0,1,0,0,0,0,0,4.53507E+20,5.48467E+21,8.35773E+15,4.95129E+16
106400,7.17083E+18,7,3,38,18,2017,8,9,1,3,2,2,1,1,0,0,0,0,0,4.49079E+20,5.48135E+21,8.29699E+15,4.94826E+16
106401,7.17082E+18,7,3,15,0,2017,8,14,1,3,3,6,0,1,0,1,0,0,0,4.46819E+20,5.53883E+21,8.25795E+15,4.99995E+16
106402,7.17082E+18,7,2,33,209,2017,8,19,1,3,5,3,1,1,0,0,0,0,0,3.28595E+20,5.55541E+21,6.60191E+15,5.01262E+16
106403,7.17082E+18,7,2,32,212,2017,8,12,1,2,9,1,0,0,0,1,0,0,0,2.94203E+20,5.55254E+21,6.12288E+15,5.00894E+16
106404,7.17081E+18,7,3,36,67,2017,8,13,1,2,8,1,0,0,0,1,0,0,0,3.89042E+20,5.49505E+21,7.46449E+15,4.95979E+16
106405,7.17082E+18,7,2,35,152,2017,8,12,1,3,5,3,0,1,0,0,0,0,0,3.32411E+20,5.49604E+21,6.68095E+15,4.95937E+16
106406,7.17083E+18,7,1,38,37,2017,8,12,3,2,4,6,0,1,0,1,1,0,0,3.78392E+20,5.60136E+21,7.28338E+15,5.05515E+16
106407,7.17081E+18,7,3,13,0,2017,8,11,5,3,9,1,0,1,0,0,0,0,1,4.38112E+20,5.44742E+21,8.15086E+15,4.91765E+16
106408,7.17081E+18,7,3,32,25,2017,8,7,5,3,1,6,0,1,0,0,0,0,1,4.45405E+20,5.47026E+21,8.24781E+15,4.93826E+16
106409,7.17081E+18,7,3,35,204,2017,8,17,1,2,8,1,0,0,0,1,0,0,0,4.05441E+20,5.46705E+21,7.69806E+15,4.93488E+16
106410,7.17081E+18,7,3,38,20,2017,8,18,5,3,3,3,0,1,0,0,0,0,1,4.56892E+20,5.4746E+21,8.40558E+15,4.94226E+16
106411,7.17081E+18,7,3,38,25,2017,8,10,5,3,8,1,0,1,0,0,0,0,1,4.5692E+20,5.47082E+21,8.40638E+15,4.93886E+16
106412,7.17083E+18,7,1,31,58,2017,8,17,1,1,4,2,0,1,0,1,0,0,0,3.53055E+20,5.57756E+21,6.93529E+15,5.03318E+16
106413,7.17081E+18,7,3,35,4,2017,8,15,1,3,5,3,1,0,0,0,0,0,0,4.20601E+20,5.4825E+21,7.90366E+15,4.94899E+16
106414,7.17081E+18,7,3,11,0,2017,8,21,5,3,2,6,0,1,0,0,0,2,1,4.53937E+20,5.48793E+21,8.36329E+15,4.95422E+16
106415,7.17081E+18,7,3,14,0,2017,8,14,5,2,6,4,0,1,1,0,0,0,1,4.59322E+20,5.48223E+21,8.43831E+15,4.94913E+16
106416,7.17083E+18,7,3,38,1,2017,8,21,1,3,1,5,1,1,0,0,0,2,0,4.63762E+20,5.47558E+21,8.50023E+15,4.94318E+16
106417,7.17081E+18,7,1,33,501,2017,8,18,5,2,0,1,0,0,0,1,0,0,1,4.02524E+20,5.51576E+21,7.64585E+15,4.97864E+16
106418,7.17083E+18,7,3,36,31,2017,8,14,1,2,8,1,0,1,0,0,0,0,0,3.87934E+20,5.47998E+21,7.45346E+15,4.94621E+16
106419,7.17081E+18,7,1,33,96,2017,8,17,5,3,8,1,0,1,0,0,0,0,1,3.92559E+20,5.51884E+21,7.50661E+15,4.98124E+16
106420,7.17082E+18,7,1,38,59,2017,8,17,1,3,9,1,0,0,0,1,0,0,0,4.0277E+20,5.60248E+21,7.62709E+15,5.05661E+16
106421,7.17083E+18,7,1,43,31,2017,8,8,2,3,8,1,0,1,0,0,0,0,0,4.06437E+20,5.5838E+21,7.68353E+15,5.03988E+16
106422,7.17081E+18,7,1,33,501,2017,8,16,5,3,9,1,0,1,0,0,0,0,1,3.97274E+20,5.52486E+21,7.57053E+15,4.98673E+16
106423,7.17082E+18,7,1,32,28,2017,8,15,1,2,0,1,0,0,0,1,0,0,0,4.08555E+20,5.62469E+21,7.70327E+15,5.07667E+16
106424,7.17082E+18,7,1,32,103,2017,8,12,1,3,0,1,0,0,0,1,0,0,0,3.98288E+20,5.61058E+21,7.56162E+15,5.06382E+16
106425,7.17082E+18,7,1,31,51,2017,8,19,1,2,2,2,0,1,0,0,0,0,0,3.51165E+20,5.57456E+21,6.90994E+15,5.03044E+16
106426,7.17082E+18,7,1,37,86,2017,8,14,1,3,3,2,1,1,0,0,0,0,0,3.86818E+20,5.57919E+21,7.40899E+15,5.03539E+16
106427,7.17083E+18,7,3,31,19,2017,8,12,4,2,0,7,1,0,0,0,0,0,0,4.35261E+20,5.51583E+21,8.10054E+15,4.97915E+16
106428,7.17083E+18,7,3,40,38,2017,8,17,4,3,0,6,0,1,0,0,1,0,0,4.03089E+20,5.45504E+21,7.6686E+15,4.92405E+16
106429,7.17073E+18,7,3,14,0,2017,7,5,6,3,3,6,0,1,0,0,0,1,0,4.58546E+20,5.4828E+21,8.42753E+15,4.94964E+16
106430,7.17083E+18,7,1,31,7,2017,8,9,5,3,8,1,0,1,0,0,0,0,1,3.65772E+20,5.59624E+21,7.10719E+15,5.05027E+16
106431,7.17073E+18,7,3,39,5,2017,7,16,6,3,2,6,0,1,0,0,0,0,0,4.20419E+20,5.53508E+21,7.89042E+15,4.99628E+16
106432,7.17081E+18,7,3,35,15,2017,8,12,1,2,5,3,0,1,0,1,0,0,0,4.21187E+20,5.47754E+21,7.91273E+15,4.94455E+16
106433,7.17073E+18,7,3,31,70,2017,7,0,6,3,8,7,0,1,0,0,0,2,1,4.27658E+20,5.51205E+21,7.99563E+15,4.97566E+16
106434,7.17083E+18,7,3,19,0,2017,8,15,5,3,2,2,0,1,0,0,0,0,1,4.53456E+20,5.49755E+21,8.35549E+15,4.96287E+16
106435,7.17073E+18,7,3,39,20,2017,7,1,6,3,8,1,0,1,0,0,0,2,0,4.48435E+20,5.52825E+21,8.28191E+15,4.99044E+16
106436,7.17073E+18,7,3,15,0,2017,7,16,6,3,5,3,0,1,0,1,0,0,0,4.49644E+20,5.5374E+21,8.29755E+15,4.99868E+16
106437,7.17083E+18,7,1,33,65,2017,8,9,5,3,8,1,0,1,0,0,0,0,1,4.03812E+20,5.50846E+21,7.66554E+15,4.97209E+16
106438,7.17073E+18,7,3,15,0,2017,7,14,6,3,2,6,0,1,0,0,0,0,0,4.50412E+20,5.5367E+21,8.30836E+15,4.99806E+16
106439,7.17073E+18,7,2,33,26,2017,7,16,6,2,8,1,0,0,0,1,0,0,0,3.27789E+20,5.56885E+21,6.58456E+15,5.02467E+16
106440,7.17073E+18,7,2,31,33,2017,7,15,6,3,8,1,0,0,0,1,0,0,0,3.51047E+20,5.5437E+21,6.92035E+15,5.00269E+16
106441,7.17073E+18,7,2,31,123,2017,7,18,6,3,5,3,0,1,0,0,0,0,0,3.564E+20,5.51421E+21,7.006E+15,4.97632E+16
106442,7.17081E+18,7,3,33,39,2017,8,15,5,3,8,1,0,1,0,0,0,0,1,4.26536E+20,5.50282E+21,7.9818E+15,4.96734E+16
106443,7.17073E+18,7,2,35,146,2017,7,18,6,3,5,3,0,1,0,0,0,0,0,3.15791E+20,5.50579E+21,6.44662E+15,4.96765E+16
106444,7.17082E+18,7,1,40,125,2017,8,10,1,3,9,1,0,0,0,1,0,0,0,4.05859E+20,5.54159E+21,7.68587E+15,5.00192E+16
106445,7.17073E+18,7,2,35,26,2017,7,23,6,2,1,5,0,1,0,0,0,2,0,3.39272E+20,5.52527E+21,6.76377E+15,4.98583E+16
106446,7.17082E+18,7,1,37,212,2017,8,12,1,1,2,2,0,1,0,0,0,0,0,3.90525E+20,5.57466E+21,7.46238E+15,5.03139E+16
106447,7.17081E+18,7,3,15,0,2017,8,15,5,3,0,1,0,0,0,1,0,0,1,4.43498E+20,5.54172E+21,8.21119E+15,5.00251E+16
106448,7.17082E+18,7,1,43,10,2017,8,15,1,3,8,6,0,1,0,0,0,0,0,4.12919E+20,5.59024E+21,7.77322E+15,5.04577E+16
106449,7.17081E+18,7,2,31,7,2017,8,6,5,2,2,6,0,1,0,0,0,1,1,3.44929E+20,5.5373E+21,6.83758E+15,4.99679E+16
106450,7.17073E+18,7,2,11,0,2017,7,20,6,3,2,6,0,1,0,0,0,0,0,3.28376E+20,5.51245E+21,6.61796E+15,4.97401E+16
106451,7.17081E+18,7,2,32,18,2017,8,13,5,3,8,1,0,1,0,0,0,0,1,3.23064E+20,5.54115E+21,6.53119E+15,4.99964E+16
106452,7.17073E+18,7,2,11,0,2017,7,13,6,3,5,2,0,1,0,0,1,0,0,3.31345E+20,5.51496E+21,6.65805E+15,4.97634E+16
106453,7.17081E+18,7,2,31,502,2017,8,18,5,3,5,3,0,1,0,0,0,0,1,3.61083E+20,5.52082E+21,7.06863E+15,4.98237E+16
106454,7.17081E+18,7,2,11,0,2017,8,16,5,3,3,6,0,0,0,0,1,0,0,3.29299E+20,5.51518E+21,6.62957E+15,4.97648E+16
106455,7.17083E+18,7,1,38,5,2017,8,6,6,3,2,6,0,1,0,0,0,0,0,3.92743E+20,5.59814E+21,7.48681E+15,5.05254E+16
106456,7.17081E+18,7,1,43,310,2017,8,3,5,2,9,1,0,1,0,0,0,2,1,4.12255E+20,5.61046E+21,7.7591E+15,5.06394E+16
106457,7.17081E+18,7,1,41,92,2017,8,11,5,3,5,3,0,1,0,1,0,0,1,4.18301E+20,5.56128E+21,7.8553E+15,5.01981E+16
106458,7.17073E+18,7,1,43,18,2017,7,17,6,2,5,2,0,1,0,1,0,0,0,4.17426E+20,5.60148E+21,7.83422E+15,5.05594E+16
106459,7.17083E+18,7,3,39,24,2017,8,9,6,2,5,1,1,1,0,0,0,0,0,4.52797E+20,5.51551E+21,8.3442E+15,4.97902E+16
106460,7.17081E+18,7,1,43,23,2017,8,13,5,3,2,2,0,1,0,0,0,0,1,4.25522E+20,5.58496E+21,7.95178E+15,5.04119E+16
106461,7.17081E+18,7,1,38,66,2017,8,20,5,3,0,1,0,0,0,1,0,1,1,3.98328E+20,5.59774E+21,7.56569E+15,5.05228E+16
106462,7.17073E+18,7,1,38,3,2017,7,19,6,3,5,3,0,1,0,1,0,0,0,3.88003E+20,5.61304E+21,7.41548E+15,5.06584E+16
106463,7.17083E+18,7,1,11,0,2017,8,12,7,3,5,3,1,1,0,0,0,0,0,3.99548E+20,5.57976E+21,7.58771E+15,5.03613E+16
106464,7.17081E+18,7,1,32,55,2017,8,13,5,2,2,2,0,1,0,0,0,0,1,3.95997E+20,5.60522E+21,7.53073E+15,5.05896E+16
106465,7.17082E+18,7,1,43,48,2017,8,13,1,3,1,6,0,1,0,0,0,0,0,4.12617E+20,5.59048E+21,7.76892E+15,5.04598E+16
106466,7.17073E+18,7,1,38,74,2017,7,16,6,3,0,1,0,0,0,1,0,0,1,3.99598E+20,5.6008E+21,7.58277E+15,5.05505E+16
106467,7.17083E+18,7,3,39,66,2017,8,14,7,2,5,3,0,1,0,0,0,0,0,4.48789E+20,5.51349E+21,8.28879E+15,4.97717E+16
106468,7.17081E+18,7,1,31,70,2017,8,16,5,3,2,2,0,1,0,0,1,0,1,3.73441E+20,5.6072E+21,7.21155E+15,5.0603E+16
106469,7.17082E+18,7,3,12,0,2017,8,20,7,3,0,3,1,1,0,0,0,1,0,4.08908E+20,5.47908E+21,7.74303E+15,4.94576E+16
106470,7.17073E+18,7,1,32,72,2017,7,6,6,3,1,7,0,1,0,0,1,0,0,4.2549E+20,5.63054E+21,7.94218E+15,5.08218E+16
106471,7.17073E+18,7,1,31,77,2017,7,18,6,2,5,3,0,1,1,0,0,0,0,3.75765E+20,5.60042E+21,7.24664E+15,5.05425E+16
106472,7.17083E+18,7,3,20,0,2017,8,9,7,3,5,3,0,1,0,0,0,0,0,3.80896E+20,5.45599E+21,7.36354E+15,4.92451E+16
106473,7.17082E+18,7,3,35,35,2017,8,21,7,2,2,6,0,1,0,1,0,2,0,4.10206E+20,5.48281E+21,7.76009E+15,4.94913E+16
106474,7.17073E+18,7,1,31,58,2017,7,16,6,3,0,1,0,0,0,1,0,0,0,3.53263E+20,5.57789E+21,6.93809E+15,5.03348E+16
106475,7.17082E+18,7,3,34,501,2017,8,17,7,2,9,1,0,0,0,1,0,0,0,4.47117E+20,5.43218E+21,8.27641E+15,4.90402E+16
106476,7.17073E+18,7,1,40,125,2017,7,19,6,2,2,6,0,1,0,0,0,0,0,4.06078E+20,5.53898E+21,7.68956E+15,4.99957E+16
106477,7.17082E+18,7,3,38,11,2017,8,19,7,2,2,2,0,1,0,0,0,0,0,4.51007E+20,5.46264E+21,8.32591E+15,4.93145E+16
106478,7.17081E+18,7,3,34,25,2017,8,13,1,3,2,6,1,1,0,0,0,0,0,4.4844E+20,5.44468E+21,8.29291E+15,4.91528E+16
106479,7.17081E+18,7,1,31,211,2017,8,12,5,3,1,5,0,1,0,0,0,0,1,3.68314E+20,5.58546E+21,7.1468E+15,5.04064E+16
106480,7.17082E+18,7,3,39,5,2017,8,18,7,2,9,1,0,0,0,1,0,0,0,4.22517E+20,5.53297E+21,7.9201E+15,4.9944E+16
106481,7.17081E+18,7,3,37,71,2017,8,13,1,3,1,1,0,1,0,0,0,0,0,4.23584E+20,5.43331E+21,7.95423E+15,4.9048E+16
106482,7.17081E+18,7,1,31,7,2017,8,17,5,3,4,1,0,1,0,0,0,0,1,3.6319E+20,5.59934E+21,7.06967E+15,5.053E+16
106483,7.17082E+18,7,1,33,6,2017,8,20,7,3,3,6,0,1,0,0,0,1,0,4.18248E+20,5.52185E+21,7.86296E+15,4.98435E+16
106484,7.17073E+18,7,3,40,4,2017,7,7,5,2,9,1,0,1,0,0,0,0,1,4.17001E+20,5.44101E+21,7.86259E+15,4.91163E+16
106485,7.17082E+18,7,2,32,290,2017,8,20,5,2,4,6,0,1,0,1,0,0,0,3.13538E+20,5.56129E+21,6.3886E+15,5.01744E+16
106486,7.17082E+18,7,3,31,23,2017,8,16,7,2,5,3,1,1,0,0,0,0,0,4.43499E+20,5.50036E+21,8.21723E+15,4.96531E+16
106487,7.17073E+18,7,3,33,201,2017,7,18,5,3,0,7,0,1,0,0,0,0,0,4.08422E+20,5.49655E+21,7.73226E+15,4.96145E+16
106488,7.17082E+18,7,3,19,0,2017,8,12,7,3,1,6,0,1,0,0,0,0,0,4.5402E+20,5.4991E+21,8.36313E+15,4.96427E+16
106489,7.17081E+18,7,1,40,60,2017,8,14,5,3,5,2,0,1,0,0,1,0,1,3.99548E+20,5.55549E+21,7.59415E+15,5.01431E+16
106490,7.17081E+18,7,1,37,226,2017,8,19,5,3,5,3,0,1,0,0,0,0,1,4.01315E+20,5.58393E+21,7.61146E+15,5.03991E+16
106491,7.17081E+18,7,1,11,0,2017,8,17,5,3,4,6,0,1,0,1,0,0,1,3.99929E+20,5.58139E+21,7.59264E+15,5.03761E+16