OBJECTID,UIDENTSTLA,ULAND,UREGBEZ,UKREIS,UGEMEINDE,UJAHR,UMONAT,USTUNDE,UWOCHENTAG,UKATEGORIE,UART,UTYP1,IstRad,IstPKW,IstFuss,IstKrad,IstSonstig,LICHT,STRZUSTAND,LINREFX,LINREFY,XGCSWGS84,YGCSWGS84
106664,7.17081E+18,7,3,39,42,2017,8,15,1,2,5,2,0,1,0,1,0,0,0,4.41721E+20,5.52747E+21,8.18854E+15,4.98968E+16
106665,7.17081E+18,7,3,14,0,2017,8,15,3,3,2,2,0,1,0,0,0,0,0,4.5973E+20,5.48077E+21,8.44409E+15,4.94782E+16
106666,7.17081E+18,7,1,33,26,2017,8,18,1,3,1,6,0,1,0,0,1,0,0,4.19203E+20,5.53144E+21,7.87423E+15,4.99298E+16
106667,7.17081E+18,7,3,14,0,2017,8,10,3,3,5,3,1,1,0,0,0,0,0,4.57634E+20,5.47888E+21,8.41535E+15,4.94611E+16
106668,7.17083E+18,7,3,38,4,2017,8,16,2,3,5,2,0,1,0,1,0,0,0,4.53429E+20,5.493E+21,8.35566E+15,4.95878E+16
106669,7.17081E+18,7,1,33,6,2017,8,17,3,3,1,1,0,1,0,0,0,0,1,4.17591E+20,5.52115E+21,7.85396E+15,4.98371E+16
106670,7.17083E+18,7,1,31,210,2017,8,12,3,2,5,3,0,1,0,1,0,0,0,3.74575E+20,5.58555E+21,7.23484E+15,5.04086E+16
106671,7.17081E+18,7,1,33,6,2017,8,11,3,3,2,6,0,1,0,0,0,0,1,4.17989E+20,5.52151E+21,7.85943E+15,4.98404E+16
106672,7.17083E+18,7,2,35,47,2017,8,15,3,3,8,1,0,1,0,0,0,0,0,3.47772E+20,5.50736E+21,6.88895E+15,4.96995E+16
106673,7.17081E+18,7,3,31,5,2017,8,19,3,3,8,1,0,1,0,0,0,0,0,4.28038E+20,5.50823E+21,8.00162E+15,4.97223E+16
106674,7.17081E+18,7,3,39,43,2017,8,9,3,3,2,6,0,1,0,0,0,0,0,4.52542E+20,5.52666E+21,8.3393E+15,4.98905E+16
106675,7.17083E+18,7,3,32,24,2017,8,16,1,3,0,6,1,0,0,0,1,0,0,4.39597E+20,5.49141E+21,8.16456E+15,4.95723E+16
106676,7.17082E+18,7,3,35,38,2017,8,21,6,3,2,6,1,1,0,0,0,2,1,3.98421E+20,5.47988E+21,7.59816E+15,4.9463E+16
106677,7.17082E+18,7,3,11,0,2017,8,12,6,3,2,6,0,1,0,0,0,0,0,4.57561E+20,5.48847E+21,8.41333E+15,4.95473E+16
106678,7.17082E+18,7,3,32,49,2017,8,21,6,2,4,6,0,1,0,0,0,2,1,4.39013E+20,5.48517E+21,8.15744E+15,4.95161E+16
106679,7.17081E+18,7,3,15,0,2017,8,17,3,3,3,1,0,1,0,0,1,0,0,4.43171E+20,5.54082E+21,8.20676E+15,5.0017E+16
106680,7.17082E+18,7,3,34,12,2017,8,16,6,2,2,6,0,1,0,0,1,0,1,4.4729E+20,5.435E+21,8.27841E+15,4.90656E+16
106681,7.17083E+18,7,3,15,0,2017,8,5,3,3,9,1,0,1,0,0,1,1,0,4.4658E+20,5.53528E+21,8.25511E+15,4.99674E+16
106682,7.17073E+18,7,1,35,20,2017,7,8,3,3,8,1,0,1,0,0,0,0,1,3.67843E+20,5.55931E+21,7.14932E+15,5.01713E+16
106683,7.17083E+18,7,1,35,92,2017,8,13,4,3,2,6,0,1,0,0,0,0,0,3.66335E+20,5.54557E+21,7.13302E+15,5.00474E+16
106684,7.17073E+18,7,1,31,32,2017,7,8,3,3,9,1,0,1,0,0,0,0,1,3.51581E+20,5.58307E+21,6.91242E+15,5.03809E+16
106685,7.17083E+18,7,3,37,5,2017,8,16,4,3,1,2,0,1,0,0,0,0,0,4.27155E+20,5.43948E+21,8.00198E+15,4.91039E+16
106686,7.17073E+18,7,1,37,69,2017,7,19,3,3,9,1,0,1,0,0,0,0,1,3.78077E+20,5.58284E+21,7.28498E+15,5.03849E+16
106687,7.17073E+18,7,1,40,67,2017,7,14,3,2,8,1,0,1,0,0,0,0,1,3.84066E+20,5.53371E+21,7.38415E+15,4.99445E+16
106688,7.17083E+18,7,1,37,203,2017,8,17,5,3,1,6,0,1,0,0,0,0,0,3.99581E+20,5.5852E+21,7.58673E+15,5.04103E+16
106689,7.17073E+18,7,1,37,203,2017,7,5,3,3,5,3,0,1,0,0,0,2,1,3.98495E+20,5.58817E+21,7.57065E+15,5.04368E+16
106690,7.17073E+18,7,1,38,44,2017,7,18,3,3,3,6,0,1,0,0,1,0,1,3.86616E+20,5.60902E+21,7.39709E+15,5.0622E+16
106691,7.17073E+18,7,1,38,44,2017,7,12,3,3,3,6,0,1,0,0,1,0,1,3.85797E+20,5.60958E+21,7.38534E+15,5.06269E+16
106692,7.17073E+18,7,1,38,44,2017,7,9,3,3,8,1,0,1,0,0,1,0,1,3.85762E+20,5.60964E+21,7.38483E+15,5.06274E+16
106693,7.17072E+18,7,3,40,29,2017,7,18,2,3,9,1,0,1,0,0,0,0,0,4.03383E+20,5.43799E+21,7.67673E+15,4.90872E+16
106694,7.17072E+18,7,3,17,0,2017,7,18,2,3,0,1,0,0,0,1,0,0,1,3.97999E+20,5.45095E+21,7.59973E+15,4.92029E+16
106695,7.17082E+18,7,3,16,0,2017,8,9,6,3,0,7,0,1,0,0,1,0,0,4.41983E+20,5.46858E+21,8.20091E+15,4.93671E+16
106696,7.17081E+18,7,3,15,0,2017,8,17,3,3,2,6,0,1,0,0,0,0,0,4.42004E+20,5.53782E+21,8.19092E+15,4.99898E+16
106697,7.17081E+18,7,3,31,73,2017,8,12,3,3,2,6,0,1,0,0,0,0,1,4.38518E+20,5.52142E+21,8.14491E+15,4.9842E+16
106698,7.17072E+18,7,3,12,0,2017,7,19,2,3,3,6,0,1,0,0,1,0,1,4.09485E+20,5.47798E+21,7.75124E+15,4.94478E+16
106699,7.17081E+18,7,1,33,103,2017,8,16,3,3,8,7,0,1,0,0,0,0,0,4.13492E+20,5.53312E+21,7.79429E+15,4.99442E+16
106700,7.17081E+18,7,2,31,111,2017,8,16,3,2,9,1,0,1,0,0,0,0,1,3.44935E+20,5.52741E+21,6.84164E+15,4.9879E+16
106701,7.17082E+18,7,2,33,217,2017,8,11,5,3,8,1,0,1,0,0,0,0,0,3.59035E+20,5.56691E+21,7.02323E+15,5.02375E+16
106702,7.17072E+18,7,3,12,0,2017,7,14,2,3,4,6,0,1,0,0,0,0,1,4.04831E+20,5.48162E+21,7.68618E+15,4.94797E+16
106703,7.17081E+18,7,2,31,203,2017,8,1,3,3,0,7,0,0,0,0,1,2,0,3.48559E+20,5.51538E+21,6.89675E+15,4.97718E+16
106704,7.17081E+18,7,2,35,83,2017,8,18,3,3,4,2,0,1,0,1,0,0,0,3.44364E+20,5.51689E+21,6.83793E+15,4.97843E+16
106705,7.17072E+18,7,3,32,36,2017,7,17,2,3,5,3,1,1,0,0,0,0,1,4.37157E+20,5.49131E+21,8.13083E+15,4.95711E+16
106706,7.17082E+18,7,3,38,17,2017,8,21,5,3,1,3,0,1,0,1,0,2,0,4.56087E+20,5.47486E+21,8.39446E+15,4.94248E+16
106707,7.17072E+18,7,3,37,501,2017,7,10,2,3,3,6,1,1,0,0,0,0,0,4.254E+20,5.45092E+21,7.97583E+15,4.92065E+16
106708,7.17081E+18,7,2,11,0,2017,8,17,3,3,1,6,0,1,0,0,0,0,0,3.33736E+20,5.51895E+21,6.68952E+15,4.97999E+16
106709,7.17081E+18,7,1,41,140,2017,8,18,3,3,9,1,0,0,0,1,0,0,1,4.10695E+20,5.56513E+21,7.74785E+15,5.02315E+16
106710,7.17072E+18,7,3,37,501,2017,7,8,2,3,1,1,0,0,0,0,1,0,1,4.24477E+20,5.4507E+21,7.9632E+15,4.92044E+16
106711,7.17083E+18,7,1,41,75,2017,8,15,6,3,2,2,0,1,0,0,0,0,0,4.02255E+20,5.57129E+21,7.62795E+15,5.02856E+16
106712,7.17081E+18,7,1,41,6,2017,8,7,3,3,1,1,0,1,0,0,0,0,0,4.08437E+20,5.57702E+21,7.71331E+15,5.03381E+16
106713,7.17072E+18,7,3,37,22,2017,7,16,2,3,5,3,0,1,0,1,0,0,1,4.28889E+20,5.44723E+21,8.02437E+15,4.91738E+16
106714,7.17083E+18,7,2,31,134,2017,8,16,6,2,8,1,0,1,0,0,0,0,1,3.51865E+20,5.54155E+21,6.9326E+15,5.00078E+16
106715,7.17081E+18,7,1,32,85,2017,8,17,3,3,0,7,0,1,0,0,1,0,1,3.9387E+20,5.60598E+21,7.50047E+15,5.0596E+16
106716,7.17082E+18,7,3,37,501,2017,8,20,6,2,0,1,1,0,0,0,0,1,1,4.27294E+20,5.45205E+21,8.00162E+15,4.9217E+16
106717,7.17083E+18,7,3,32,24,2017,8,18,6,2,5,3,0,1,0,1,0,0,0,4.4032E+20,5.49031E+21,8.17472E+15,4.95624E+16
106718,7.17081E+18,7,1,32,117,2017,8,18,3,3,4,6,0,1,0,0,0,0,1,4.12458E+20,5.62523E+21,7.75847E+15,5.07722E+16
106719,7.17082E+18,7,3,38,23,2017,8,8,6,3,3,6,1,1,0,0,0,0,0,4.56468E+20,5.45761E+21,8.4016E+15,4.92697E+16
106720,7.17072E+18,7,3,38,6,2017,7,7,2,3,5,3,1,1,0,0,0,0,1,4.50476E+20,5.47599E+21,8.31694E+15,4.94345E+16
106721,7.17082E+18,7,3,11,0,2017,8,15,6,3,5,3,1,1,0,0,0,0,0,4.53432E+20,5.48471E+21,8.35669E+15,4.95132E+16
106722,7.17072E+18,7,3,14,0,2017,7,14,2,3,5,3,1,1,0,0,0,0,0,4.59678E+20,5.48043E+21,8.44341E+15,4.94752E+16
106723,7.17072E+18,7,3,19,0,2017,7,9,2,3,3,7,0,1,0,0,1,0,1,4.54626E+20,5.49821E+21,8.37163E+15,4.96348E+16
106724,7.17082E+18,7,1,33,45,2017,8,19,6,3,9,1,0,0,0,1,0,0,1,4.15257E+20,5.5122E+21,7.82347E+15,4.97563E+16
106725,7.17072E+18,7,3,15,0,2017,7,5,2,3,8,1,0,1,0,0,0,2,1,4.43626E+20,5.54179E+21,8.21296E+15,5.00257E+16
106726,7.17081E+18,7,1,32,66,2017,8,6,3,2,5,3,0,1,0,1,0,0,0,4.16248E+20,5.61974E+21,7.81345E+15,5.07235E+16
106727,7.17082E+18,7,1,33,107,2017,8,15,6,2,9,1,0,1,0,0,0,0,1,4.09542E+20,5.51916E+21,7.74252E+15,4.98181E+16
106728,7.17072E+18,7,2,31,53,2017,7,1,2,3,2,6,0,1,0,0,0,2,1,3.41841E+20,5.52487E+21,6.79964E+15,4.98554E+16
106729,7.17083E+18,7,1,32,501,2017,8,15,2,3,1,1,0,1,0,1,0,0,0,4.05276E+20,5.6155E+21,7.65915E+15,5.06836E+16
106730,7.17083E+18,7,3,31,3,2017,8,9,2,3,2,6,0,1,0,0,1,0,0,4.33611E+20,5.50829E+21,8.07892E+15,4.97234E+16
106731,7.17083E+18,7,3,35,49,2017,8,15,2,2,5,3,0,1,0,1,0,0,0,4.01146E+20,5.48163E+21,7.63531E+15,4.94793E+16
106732,7.1709E+18,7,3,15,0,2017,9,13,6,3,5,3,0,1,0,0,0,0,0,4.43845E+20,5.53959E+21,8.21635E+15,5.00059E+16
106733,7.17091E+18,7,3,15,0,2017,9,18,2,2,5,2,1,1,0,0,0,0,1,4.42882E+20,5.53902E+21,8.20299E+15,5.00008E+16
106734,7.17091E+18,7,3,15,0,2017,9,12,2,3,5,3,1,1,0,0,0,0,0,4.46817E+20,5.53904E+21,8.25789E+15,5.00013E+16
106735,7.17091E+18,7,3,39,27,2017,9,5,2,3,2,6,0,1,0,0,1,2,0,4.3574E+20,5.53893E+21,8.10336E+15,4.99992E+16
106736,7.17091E+18,7,2,11,0,2017,9,7,2,3,2,6,0,1,0,0,0,0,1,3.34673E+20,5.51903E+21,6.70249E+15,4.98009E+16
106737,7.17091E+18,7,2,33,242,2017,9,7,2,3,6,3,0,1,1,0,0,1,1,3.58385E+20,5.56896E+21,7.01336E+15,5.02558E+16
106738,7.17091E+18,7,2,31,134,2017,9,17,2,3,2,6,0,1,0,0,0,0,0,3.52661E+20,5.54059E+21,6.94406E+15,4.99994E+16
106739,7.17091E+18,7,2,31,80,2017,9,15,2,2,4,6,0,1,0,0,0,0,0,3.41815E+20,5.55334E+21,6.78758E+15,5.01112E+16
106740,7.17091E+18,7,1,34,91,2017,9,18,2,3,0,1,0,0,0,1,0,0,1,3.77399E+20,5.51745E+21,7.29641E+15,4.9797E+16
106741,7.17091E+18,7,1,34,42,2017,9,7,2,3,9,1,0,1,0,0,0,0,1,3.71516E+20,5.4971E+21,7.22141E+15,4.96128E+16
106742,7.17091E+18,7,2,35,149,2017,9,15,2,2,0,1,0,1,0,1,0,0,0,3.11561E+20,5.49561E+21,6.39294E+15,4.95837E+16
106743,7.17091E+18,7,2,35,149,2017,9,14,2,3,4,6,0,0,0,0,1,0,0,3.13692E+20,5.49926E+21,6.42065E+15,4.96172E+16
106744,7.17091E+18,7,2,35,91,2017,9,16,2,3,8,1,0,1,0,0,0,0,1,3.37231E+20,5.52777E+21,6.73434E+15,4.98802E+16
106745,7.17091E+18,7,2,11,0,2017,9,10,2,3,5,1,0,1,0,1,0,0,0,3.2941E+20,5.51451E+21,6.6314E+15,4.97589E+16
106746,7.17091E+18,7,1,43,239,2017,9,21,2,3,8,1,0,1,0,0,0,2,0,4.24513E+20,5.59472E+21,7.93561E+15,5.04996E+16
106747,7.17091E+18,7,1,41,92,2017,9,17,2,3,4,1,0,1,0,0,0,0,1,4.18395E+20,5.56111E+21,7.85665E+15,5.01965E+16
106748,7.17091E+18,7,1,32,117,2017,9,19,2,3,5,2,0,1,0,1,0,0,0,4.11307E+20,5.62632E+21,7.74189E+15,5.07818E+16
106749,7.17091E+18,7,1,32,117,2017,9,16,2,2,5,3,0,1,0,1,0,0,0,4.11063E+20,5.62606E+21,7.73849E+15,5.07795E+16
106750,7.17091E+18,7,1,32,96,2017,9,14,2,3,2,6,0,1,0,0,0,0,0,4.09113E+20,5.62466E+21,7.71119E+15,5.07666E+16
106751,7.17091E+18,7,1,35,20,2017,9,17,2,3,5,2,0,1,0,0,0,0,1,3.66503E+20,5.55549E+21,7.13191E+15,5.01366E+16
106752,7.17091E+18,7,1,37,99,2017,9,17,2,3,2,2,0,1,0,1,0,0,0,3.6036E+20,5.58286E+21,7.0359E+15,5.03812E+16
106753,7.17091E+18,7,1,31,41,2017,9,8,2,3,8,1,0,0,0,1,0,0,1,3.70005E+20,5.5956E+21,7.16706E+15,5.04979E+16
106754,7.17091E+18,7,1,37,216,2017,9,6,2,3,5,2,1,1,0,0,0,2,0,3.96161E+20,5.58368E+21,7.53902E+15,5.0396E+16
106755,7.17091E+18,7,1,11,0,2017,9,12,2,3,5,3,0,1,0,0,0,0,0,3.98614E+20,5.58078E+21,7.57431E+15,5.03704E+16
106756,7.17091E+18,7,1,43,10,2017,9,5,2,3,3,6,0,1,0,0,1,2,0,4.13181E+20,5.58982E+21,7.77701E+15,5.04539E+16
106757,7.17091E+18,7,3,40,4,2017,9,14,1,1,9,1,0,1,0,0,0,0,0,4.13022E+20,5.44447E+21,7.80731E+15,4.91469E+16
106758,7.17091E+18,7,3,19,0,2017,9,16,1,2,8,7,0,1,0,0,0,0,0,4.48852E+20,5.49618E+21,8.29194E+15,4.9616E+16
106759,7.17091E+18,7,3,14,0,2017,9,3,1,2,5,3,0,1,0,0,0,2,1,4.57088E+20,5.47551E+21,8.40818E+15,4.94307E+16
106760,7.17091E+18,7,3,31,68,2017,9,2,1,3,8,1,0,1,0,0,0,2,0,4.31799E+20,5.52093E+21,8.05156E+15,4.98369E+16
106761,7.17091E+18,7,3,19,0,2017,9,6,1,2,9,6,0,1,0,0,0,1,0,4.45228E+20,5.49735E+21,8.2416E+15,4.96262E+16
106762,7.17091E+18,7,3,39,25,2017,9,15,1,2,8,1,0,0,0,1,0,0,0,4.43727E+20,5.52474E+21,8.21687E+15,4.98724E+16
106763,7.17091E+18,7,1,33,108,2017,9,17,1,3,9,1,0,0,0,1,0,0,0,4.15901E+20,5.53087E+21,7.82836E+15,4.99243E+16
106764,7.17091E+18,7,3,31,24,2017,9,15,1,3,9,1,0,1,0,0,0,0,0,4.39991E+20,5.50552E+21,8.16784E+15,4.96992E+16
106765,7.17091E+18,7,2,33,56,2017,9,18,1,3,5,3,0,1,0,0,0,0,0,3.35319E+20,5.5672E+21,6.69079E+15,5.0234E+16
106766,7.17091E+18,7,2,33,224,2017,9,12,1,2,3,2,0,1,0,1,0,0,0,3.60233E+20,5.56898E+21,7.03925E+15,5.02564E+16
106767,7.17091E+18,7,2,32,74,2017,9,13,1,2,5,3,0,1,0,1,0,0,0,3.19333E+20,5.54325E+21,6.4782E+15,5.00141E+16
106768,7.17091E+18,7,1,32,43,2017,9,12,1,3,8,1,0,0,0,1,0,0,0,3.9619E+20,5.60738E+21,7.53285E+15,5.0609E+16
106769,7.17091E+18,7,1,31,202,2017,9,23,1,3,7,7,0,0,0,1,0,2,0,3.77245E+20,5.59118E+21,7.27056E+15,5.04598E+16
106770,7.1709E+18,7,3,39,9,2017,9,17,6,1,4,1,0,1,0,0,0,0,1,4.42142E+20,5.54211E+21,8.1922E+15,5.00285E+16
106771,7.1709E+18,7,3,19,0,2017,9,6,6,3,5,2,0,1,0,0,1,0,0,4.516E+20,5.50142E+21,8.32932E+15,4.96634E+16
106772,7.1709E+18,7,3,31,3,2017,9,13,6,3,5,2,0,1,0,0,0,0,0,4.34502E+20,5.51002E+21,8.09098E+15,4.97391E+16
106773,7.1709E+18,7,3,31,55,2017,9,16,6,3,4,7,0,1,0,0,1,0,0,4.51453E+20,5.5041E+21,8.32695E+15,4.96875E+16
106774,7.17091E+18,7,1,31,27,2017,9,15,1,3,9,1,0,0,0,1,0,0,0,3.62215E+20,5.58939E+21,7.05957E+15,5.04404E+16
106775,7.17091E+18,7,1,37,14,2017,9,11,1,2,9,1,0,0,0,1,0,0,0,3.59513E+20,5.57566E+21,7.02668E+15,5.03163E+16
106776,7.17091E+18,7,1,37,55,2017,9,14,1,3,0,2,0,1,0,1,0,0,0,3.76555E+20,5.57793E+21,7.26518E+15,5.03405E+16
106777,7.17091E+18,7,1,40,3,2017,9,2,1,3,8,1,0,1,0,0,0,2,1,4.00987E+20,5.53755E+21,7.61892E+15,4.99821E+16
106778,7.17091E+18,7,1,37,88,2017,9,13,1,1,5,3,0,1,0,0,1,0,0,3.8525E+20,5.5819E+21,7.38611E+15,5.0378E+16
106779,7.17091E+18,7,1,37,201,2017,9,10,1,1,4,6,0,0,0,1,1,0,0,3.89494E+20,5.56655E+21,7.45028E+15,5.02407E+16
106780,7.17091E+18,7,3,40,38,2017,9,14,7,3,2,6,0,1,0,0,0,0,0,3.98621E+20,5.45752E+21,7.60661E+15,4.92621E+16
106781,7.17091E+18,7,3,35,3,2017,9,18,7,3,5,3,0,1,0,0,0,0,1,3.85768E+20,5.47085E+21,7.42621E+15,4.93796E+16
106782,7.17091E+18,7,3,36,31,2017,9,16,7,1,0,1,0,0,0,0,1,0,0,3.87528E+20,5.48076E+21,7.44762E+15,4.94691E+16
106783,7.17091E+18,7,3,34,7,2017,9,20,7,3,5,3,0,1,0,0,0,2,0,4.53261E+20,5.44933E+21,8.35847E+15,4.9195E+16
106784,7.17091E+18,7,3,18,0,2017,9,15,7,3,2,6,0,1,0,0,1,0,0,4.57565E+20,5.46295E+21,8.4161E+15,4.93178E+16
106785,7.17091E+18,7,3,11,0,2017,9,14,7,3,5,3,1,1,0,0,0,0,0,4.54138E+20,5.48804E+21,8.36605E+15,4.95433E+16
106786,7.17091E+18,7,3,14,0,2017,9,16,7,3,3,2,0,1,0,1,0,0,0,4.59618E+20,5.48093E+21,8.44253E+15,4.94797E+16
106787,7.17091E+18,7,1,33,501,2017,9,9,7,3,8,1,0,0,0,0,1,0,1,3.98082E+20,5.52448E+21,7.58187E+15,4.9864E+16
106788,7.17091E+18,7,3,39,5,2017,9,21,7,2,6,4,0,1,1,0,0,2,0,4.20748E+20,5.53577E+21,7.89486E+15,4.9969E+16
106789,7.17091E+18,7,3,39,5,2017,9,12,7,3,1,6,0,1,0,0,1,0,0,4.21558E+20,5.53575E+21,7.90616E+15,4.99689E+16
106790,7.17091E+18,7,3,31,30,2017,9,12,7,3,4,2,0,1,0,0,0,0,0,4.24368E+20,5.52565E+21,7.94731E+15,4.98784E+16
106791,7.17091E+18,7,3,39,40,2017,9,7,7,2,5,3,0,1,0,1,0,0,1,4.14694E+20,5.54298E+21,7.80886E+15,5.0033E+16
106792,7.17091E+18,7,3,31,50,2017,9,15,7,3,8,7,0,1,0,0,0,0,0,4.27816E+20,5.51191E+21,7.99786E+15,4.97553E+16
106793,7.17091E+18,7,3,19,0,2017,9,15,7,3,5,2,0,1,0,1,0,0,0,4.54012E+20,5.49914E+21,8.36301E+15,4.96431E+16
106794,7.17091E+18,7,2,32,230,2017,9,8,7,3,7,1,0,1,0,0,0,0,1,3.08238E+20,5.56537E+21,6.31239E+15,5.02094E+16
106795,7.17091E+18,7,2,31,9,2017,9,18,7,2,0,1,0,0,0,1,0,0,1,3.37989E+20,5.54862E+21,6.7361E+15,5.00678E+16
106796,7.17091E+18,7,1,34,42,2017,9,21,7,3,8,1,0,1,0,0,0,2,1,3.69627E+20,5.49714E+21,7.19526E+15,4.96127E+16
106797,7.17091E+18,7,2,35,93,2017,9,20,7,3,9,1,0,1,0,0,0,2,1,3.56192E+20,5.50005E+21,7.00832E+15,4.96359E+16
106798,7.17091E+18,7,2,35,104,2017,9,18,7,3,1,6,0,1,0,0,0,0,1,3.10359E+20,5.49385E+21,6.37717E+15,4.95675E+16
106799,7.17091E+18,7,1,43,242,2017,9,9,7,3,8,1,0,1,0,0,0,0,1,4.29104E+20,5.60901E+21,7.99762E+15,5.06286E+16
106800,7.17091E+18,7,1,43,37,2017,9,22,7,3,9,7,0,1,0,0,0,2,1,4.27507E+20,5.59063E+21,7.97861E+15,5.04632E+16
106801,7.17091E+18,7,1,38,53,2017,9,16,7,3,0,1,0,0,0,1,0,0,1,3.95682E+20,5.60221E+21,7.52713E+15,5.05625E+16
106802,7.17091E+18,7,1,31,58,2017,9,10,7,3,0,1,0,0,0,1,0,0,1,3.53946E+20,5.57772E+21,6.94773E+15,5.03335E+16
106803,7.17091E+18,7,1,31,7,2017,9,16,7,2,6,4,0,1,1,0,0,0,1,3.66226E+20,5.60103E+21,7.11186E+15,5.05459E+16
106804,7.17091E+18,7,1,31,7,2017,9,14,7,3,2,2,0,1,0,0,0,0,0,3.70066E+20,5.601E+21,7.16605E+15,5.05465E+16
106805,7.17091E+18,7,1,37,203,2017,9,20,7,2,6,2,0,1,1,0,0,1,1,3.98896E+20,5.58833E+21,7.57624E+15,5.04382E+16
106806,7.17091E+18,7,1,11,0,2017,9,13,7,3,2,6,0,1,0,0,1,0,0,3.97902E+20,5.58267E+21,7.56379E+15,5.03872E+16
106807,7.17091E+18,7,3,35,2,2017,9,7,6,1,4,6,0,1,0,0,1,0,0,3.98799E+20,5.47061E+21,7.60573E+15,4.93798E+16
106808,7.17091E+18,7,3,33,16,2017,9,21,6,3,5,3,0,1,0,0,0,2,0,4.09916E+20,5.49683E+21,7.75288E+15,4.96173E+16
106809,7.17091E+18,7,3,35,27,2017,9,5,6,3,9,1,0,1,0,0,0,2,0,3.95383E+20,5.47083E+21,7.55863E+15,4.93812E+16
106810,7.17091E+18,7,3,12,0,2017,9,1,6,3,9,1,0,1,0,0,0,2,0,4.06455E+20,5.47611E+21,7.70989E+15,4.94305E+16
106811,7.17091E+18,7,3,32,25,2017,9,19,6,3,1,6,0,1,0,0,0,0,0,4.47669E+20,5.46748E+21,8.27935E+15,4.93577E+16
106812,7.17091E+18,7,3,34,25,2017,9,19,6,2,3,6,0,1,0,1,0,1,0,4.49242E+20,5.44419E+21,8.30397E+15,4.91484E+16
106813,7.17091E+18,7,3,37,20,2017,9,12,6,3,5,2,0,1,0,1,0,0,0,4.37503E+20,5.45958E+21,8.14061E+15,4.92858E+16
106814,7.17091E+18,7,3,18,0,2017,9,12,6,3,1,7,1,1,0,0,0,0,0,4.58548E+20,5.46513E+21,8.4294E+15,4.93375E+16
106815,7.17091E+18,7,3,18,0,2017,9,10,6,3,2,6,0,1,0,0,0,0,0,4.58478E+20,5.46546E+21,8.4284E+15,4.93405E+16
106816,7.17091E+18,7,3,39,5,2017,9,12,6,3,2,6,0,1,0,0,1,0,0,4.21221E+20,5.53405E+21,7.90181E+15,4.99536E+16
106817,7.17091E+18,7,3,33,41,2017,9,16,6,3,8,7,0,1,0,0,0,0,0,4.34871E+20,5.49331E+21,8.09889E+15,4.95888E+16
106818,7.17091E+18,7,3,19,0,2017,9,17,6,2,5,3,1,1,0,0,0,0,0,4.52213E+20,5.49838E+21,8.33819E+15,4.96361E+16
106819,7.17091E+18,7,3,31,47,2017,9,11,6,3,4,6,0,1,0,0,1,0,0,4.46054E+20,5.50112E+21,8.25252E+15,4.96602E+16
106820,7.17091E+18,7,3,39,24,2017,9,18,6,3,4,2,0,1,0,0,0,0,0,4.53408E+20,5.51675E+21,8.35255E+15,4.98014E+16
106821,7.17091E+18,7,2,32,111,2017,9,15,6,3,4,6,0,1,0,0,0,0,1,3.2937E+20,5.53452E+21,6.62203E+15,4.99387E+16
106822,7.1709E+18,7,3,39,57,2017,9,7,6,3,5,3,1,1,0,0,0,1,0,4.38056E+20,5.52884E+21,8.1373E+15,4.99087E+16
106823,7.1709E+18,7,3,15,0,2017,9,14,6,3,2,2,0,1,0,0,0,0,0,4.48446E+20,5.53759E+21,8.28081E+15,4.99884E+16
106824,7.17091E+18,7,2,32,95,2017,9,14,6,3,4,6,0,1,0,0,0,0,1,3.09303E+20,5.53291E+21,6.34348E+15,4.99181E+16
106825,7.17091E+18,7,2,35,81,2017,9,12,6,3,1,6,0,1,0,0,0,0,0,3.39653E+20,5.4961E+21,6.78105E+15,4.95962E+16
106826,7.17091E+18,7,2,11,0,2017,9,12,6,3,2,6,0,1,0,0,0,0,0,3.29127E+20,5.51353E+21,6.6279E+15,4.97499E+16
106827,7.17091E+18,7,2,11,0,2017,9,12,6,3,5,2,0,1,0,1,0,0,0,3.28008E+20,5.51287E+21,6.61268E+15,4.97437E+16
106828,7.17091E+18,7,1,43,242,2017,9,13,6,3,9,1,0,1,0,0,0,0,1,4.25958E+20,5.60887E+21,7.95317E+15,5.0627E+16
106829,7.17091E+18,7,1,43,308,2017,9,11,6,3,9,7,0,1,0,0,0,0,0,4.2586E+20,5.60231E+21,7.9531E+15,5.0568E+16
106830,7.17091E+18,7,1,32,117,2017,9,19,6,2,9,1,0,1,0,0,0,2,1,4.10656E+20,5.6283E+21,7.73218E+15,5.07995E+16
106831,7.17091E+18,7,1,32,117,2017,9,14,6,3,5,3,0,1,0,0,0,0,1,4.11731E+20,5.62607E+21,7.74796E+15,5.07797E+16
106832,7.17091E+18,7,1,37,3,2017,9,16,6,2,2,6,0,1,0,0,0,0,0,3.8691E+20,5.58669E+21,7.40801E+15,5.04213E+16
106833,7.17091E+18,7,1,11,0,2017,9,14,6,3,5,3,0,1,0,0,0,0,0,3.94547E+20,5.58083E+21,7.51713E+15,5.037E+16
106834,7.17091E+18,7,1,37,81,2017,9,12,6,3,2,7,0,1,0,0,1,0,0,3.81679E+20,5.58502E+21,7.33494E+15,5.04053E+16
106835,7.17091E+18,7,1,43,47,2017,9,3,6,1,6,6,0,0,1,0,1,2,0,4.10897E+20,5.59372E+21,7.74392E+15,5.04886E+16