OBJECTID,UIDENTSTLA,ULAND,UREGBEZ,UKREIS,UGEMEINDE,UJAHR,UMONAT,USTUNDE,UWOCHENTAG,UKATEGORIE,UART,UTYP1,IstRad,IstPKW,IstFuss,IstKrad,IstSonstig,LICHT,STRZUSTAND,LINREFX,LINREFY,XGCSWGS84,YGCSWGS84
107009,7.1709E+18,7,1,37,11,2017,9,22,7,3,9,1,0,0,0,0,1,2,1,3.63519E+20,5.57223E+21,7.08416E+15,5.02864E+16
107010,7.1709E+18,7,1,40,67,2017,9,23,7,3,5,3,0,1,0,0,0,2,1,3.85217E+20,5.5333E+21,7.4003E+15,4.9941E+16
107011,7.1709E+18,7,1,37,214,2017,9,11,7,3,5,1,1,1,0,0,0,0,0,3.89006E+20,5.56767E+21,7.4431E+15,5.02508E+16
107012,7.1709E+18,7,3,40,39,2017,9,15,6,2,5,3,1,1,0,0,0,0,0,4.12613E+20,5.43937E+21,7.80282E+15,4.9101E+16
107013,7.1709E+18,7,3,20,0,2017,9,15,6,3,5,3,0,1,0,1,0,0,0,3.80715E+20,5.45676E+21,7.36082E+15,4.9252E+16
107014,7.1709E+18,7,3,36,31,2017,9,14,6,3,4,6,0,1,0,0,0,0,1,3.87083E+20,5.48091E+21,7.44145E+15,4.94703E+16
107015,7.1709E+18,7,3,32,28,2017,9,17,6,3,0,1,1,0,0,0,0,0,0,4.40269E+20,5.48297E+21,8.17513E+15,4.94964E+16
107016,7.1709E+18,7,3,16,0,2017,9,16,6,3,2,6,0,1,0,0,0,0,0,4.39321E+20,5.46516E+21,8.16476E+15,4.93361E+16
107017,7.1709E+18,7,3,18,0,2017,9,14,6,3,2,6,0,1,0,0,0,0,0,4.60191E+20,5.46277E+21,8.45226E+15,4.93163E+16
107018,7.1709E+18,7,3,31,37,2017,9,12,6,3,3,6,0,0,0,0,1,0,0,4.46102E+20,5.50332E+21,8.25289E+15,4.968E+16
107019,7.1709E+18,7,3,38,25,2017,9,19,6,3,5,3,1,1,0,0,0,1,0,4.55164E+20,5.46894E+21,8.3824E+15,4.93715E+16
107020,7.1709E+18,7,3,38,26,2017,9,15,6,3,8,1,0,0,0,1,0,0,0,4.61319E+20,5.47182E+21,8.46689E+15,4.93978E+16
107021,7.1709E+18,7,3,14,0,2017,9,16,6,3,3,6,0,1,0,0,1,0,0,4.58851E+20,5.48269E+21,8.43175E+15,4.94954E+16
107022,7.1709E+18,7,1,33,36,2017,9,12,6,3,5,3,0,1,0,0,0,0,0,4.15086E+20,5.5264E+21,7.81799E+15,4.9884E+16
107023,7.1709E+18,7,3,31,3,2017,9,13,6,2,4,6,0,1,0,0,0,0,0,4.32123E+20,5.51033E+21,8.05792E+15,4.97416E+16
107024,7.17092E+18,7,1,43,215,2017,9,19,1,3,0,1,1,0,0,0,0,1,0,4.1749E+20,5.60505E+21,7.83433E+15,5.05915E+16
107025,7.17092E+18,7,1,38,73,2017,9,9,1,3,5,3,0,1,0,0,0,0,0,3.74273E+20,5.60675E+21,7.22345E+15,5.05991E+16
107026,7.17092E+18,7,1,32,63,2017,9,9,1,3,2,6,0,1,0,0,0,0,0,4.22258E+20,5.62987E+21,7.89645E+15,5.08154E+16
107027,7.17092E+18,7,1,35,82,2017,9,22,1,3,9,1,0,1,0,0,0,2,0,3.76927E+20,5.55408E+21,7.27816E+15,5.01262E+16
107028,7.17092E+18,7,1,35,20,2017,9,14,1,3,0,1,0,0,0,1,0,0,0,3.66638E+20,5.55574E+21,7.13371E+15,5.01389E+16
107029,7.17092E+18,7,1,31,90,2017,9,13,1,3,2,6,0,1,0,1,0,0,0,3.66719E+20,5.6057E+21,7.11715E+15,5.0588E+16
107030,7.17092E+18,7,1,31,36,2017,9,11,1,2,8,1,0,0,0,1,0,0,0,3.58316E+20,5.60064E+21,7.00045E+15,5.05405E+16
107031,7.17092E+18,7,1,37,501,2017,9,17,1,3,4,7,0,1,0,0,0,0,0,3.83744E+20,5.56773E+21,7.36931E+15,5.02503E+16
107032,7.17092E+18,7,1,40,96,2017,9,18,1,3,5,3,0,1,0,1,0,0,0,4.01581E+20,5.54107E+21,7.6263E+15,5.00138E+16
107033,7.17092E+18,7,1,37,205,2017,9,14,1,3,2,6,0,1,0,0,0,0,0,3.89079E+20,5.56503E+21,7.4449E+15,5.02271E+16
107034,7.17092E+18,7,1,37,201,2017,9,14,1,2,9,1,0,0,0,1,0,0,0,3.89544E+20,5.56687E+21,7.45088E+15,5.02436E+16
107035,7.17092E+18,7,1,11,0,2017,9,20,1,2,5,3,0,1,0,1,0,2,0,3.97798E+20,5.58142E+21,7.56266E+15,5.03759E+16
107036,7.17092E+18,7,1,37,202,2017,9,14,1,3,3,1,0,1,0,0,1,0,0,3.89051E+20,5.58021E+21,7.44006E+15,5.03635E+16
107037,7.17092E+18,7,3,20,0,2017,9,22,7,3,5,3,0,1,0,0,0,2,0,3.8058E+20,5.45635E+21,7.35909E+15,4.92483E+16
107038,7.17092E+18,7,3,32,24,2017,9,17,7,2,5,3,0,1,0,1,0,0,0,4.3975E+20,5.49034E+21,8.16683E+15,4.95626E+16
107039,7.17092E+18,7,3,32,26,2017,9,12,7,3,1,1,1,1,0,0,0,0,0,4.40623E+20,5.48442E+21,8.1798E+15,4.95095E+16
107040,7.17092E+18,7,3,16,0,2017,9,16,7,2,9,1,0,0,0,1,0,0,0,4.42841E+20,5.46541E+21,8.21317E+15,4.93387E+16
107041,7.17092E+18,7,3,18,0,2017,9,18,7,3,5,3,1,1,0,0,0,0,0,4.58522E+20,5.46541E+21,8.42902E+15,4.934E+16
107042,7.17092E+18,7,3,18,0,2017,9,16,7,3,2,6,0,1,0,0,1,0,0,4.60172E+20,5.46275E+21,8.45199E+15,4.93162E+16
107043,7.17092E+18,7,3,18,0,2017,9,15,7,3,1,6,0,1,0,0,0,0,0,4.59559E+20,5.46221E+21,8.44362E+15,4.93113E+16
107044,7.17092E+18,7,3,38,19,2017,9,9,7,3,2,2,0,1,0,0,1,0,0,4.52526E+20,5.47661E+21,8.34514E+15,4.94403E+16
107045,7.17092E+18,7,3,38,4,2017,9,12,7,3,5,3,1,1,0,0,0,0,0,4.52678E+20,5.49305E+21,8.34527E+15,4.95882E+16
107046,7.17092E+18,7,3,39,5,2017,9,2,7,2,4,7,0,1,0,0,1,2,0,4.18317E+20,5.53727E+21,7.86065E+15,4.99822E+16
107047,7.17092E+18,7,3,33,26,2017,9,1,7,3,1,1,0,1,0,0,0,2,0,4.30815E+20,5.49364E+21,8.04271E+15,4.95913E+16
107048,7.17092E+18,7,3,31,30,2017,9,10,7,3,5,3,0,1,0,1,0,0,0,4.28919E+20,5.52066E+21,8.01156E+15,4.98341E+16
107049,7.17092E+18,7,3,31,1,2017,9,23,7,3,9,1,0,1,0,0,0,2,0,4.36072E+20,5.5143E+21,8.11207E+15,4.97777E+16
107050,7.17092E+18,7,3,39,54,2017,9,2,7,3,6,6,0,1,1,0,0,2,0,4.42628E+20,5.52602E+21,8.20139E+15,4.98839E+16
107051,7.17092E+18,7,3,39,21,2017,9,17,7,1,9,1,0,0,0,1,0,0,0,4.24153E+20,5.52726E+21,7.94401E+15,4.98929E+16
107052,7.17092E+18,7,2,31,124,2017,9,16,7,3,2,1,0,1,0,0,0,0,0,3.6618E+20,5.53354E+21,7.13505E+15,4.99392E+16
107053,7.17092E+18,7,2,32,329,2017,9,2,7,1,9,1,0,1,0,0,0,2,0,3.03583E+20,5.56366E+21,6.24811E+15,5.01925E+16
107054,7.17092E+18,7,2,32,123,2017,9,15,7,2,9,1,0,1,0,1,0,0,0,3.30582E+20,5.53517E+21,6.63862E+15,4.99449E+16
107055,7.17092E+18,7,1,43,271,2017,9,1,7,2,9,1,0,1,0,0,0,2,0,4.34797E+20,5.60104E+21,8.07949E+15,5.05576E+16
107056,7.17092E+18,7,1,43,243,2017,9,23,7,3,3,6,0,1,0,1,0,0,0,4.29928E+20,5.61294E+21,8.00852E+15,5.06641E+16
107057,7.17092E+18,7,1,32,89,2017,9,16,7,2,8,1,1,0,0,0,0,0,0,3.9223E+20,5.60793E+21,7.47674E+15,5.06132E+16
107058,7.17092E+18,7,1,38,11,2017,9,11,7,3,9,1,0,0,0,0,1,0,0,3.98651E+20,5.5996E+21,7.56975E+15,5.05395E+16
107059,7.17092E+18,7,1,32,63,2017,9,19,7,3,6,4,0,0,1,1,0,1,0,4.22404E+20,5.62817E+21,7.89888E+15,5.08001E+16
107060,7.17092E+18,7,1,32,501,2017,9,17,7,3,4,6,0,1,0,0,0,0,0,4.03678E+20,5.61491E+21,7.63668E+15,5.0678E+16
107061,7.17092E+18,7,1,35,20,2017,9,13,7,3,8,1,1,0,0,0,0,0,0,3.71645E+20,5.56985E+21,7.19897E+15,5.02668E+16
107062,7.17092E+18,7,1,31,6,2017,9,14,7,3,2,6,0,1,0,0,0,0,0,3.79036E+20,5.59723E+21,7.29382E+15,5.05145E+16
107063,7.17092E+18,7,1,31,62,2017,9,14,7,3,4,1,0,1,0,0,0,0,0,3.41497E+20,5.59009E+21,6.76773E+15,5.04414E+16
107064,7.17092E+18,7,1,31,211,2017,9,14,7,3,0,1,0,0,0,1,0,0,0,3.6718E+20,5.58612E+21,7.13062E+15,5.04121E+16
107065,7.17092E+18,7,1,11,0,2017,9,17,7,2,2,6,0,1,0,0,0,0,1,3.99825E+20,5.57343E+21,7.59328E+15,5.03045E+16
107066,7.17092E+18,7,3,40,207,2017,9,17,6,2,4,2,0,1,0,0,1,0,0,3.88136E+20,5.45413E+21,7.4635E+15,4.92297E+16
107067,7.17092E+18,7,3,17,0,2017,9,18,6,3,8,1,0,0,0,1,0,0,0,3.97766E+20,5.44303E+21,7.59855E+15,4.91316E+16
107068,7.17092E+18,7,3,40,53,2017,9,17,6,3,8,1,0,0,0,1,0,0,0,3.91513E+20,5.44777E+21,7.51158E+15,4.91731E+16
107069,7.17092E+18,7,3,36,56,2017,9,17,6,3,1,7,0,0,0,1,1,0,0,3.80102E+20,5.48344E+21,7.34437E+15,4.94917E+16
107070,7.17092E+18,7,3,36,55,2017,9,12,6,3,5,3,0,1,0,0,0,0,0,3.83877E+20,5.48908E+21,7.39481E+15,4.95432E+16
107071,7.17092E+18,7,3,32,49,2017,9,8,6,3,4,2,0,1,0,0,0,0,0,4.38907E+20,5.48454E+21,8.15607E+15,4.95104E+16
107072,7.17092E+18,7,3,32,14,2017,9,14,6,2,8,1,0,0,0,1,0,0,0,4.16952E+20,5.46693E+21,7.85654E+15,4.93495E+16
107073,7.17092E+18,7,3,37,56,2017,9,18,6,2,8,1,0,0,0,1,0,0,0,4.3031E+20,5.43594E+21,8.04581E+15,4.90723E+16
107074,7.17092E+18,7,3,37,70,2017,9,14,6,3,4,2,0,0,0,1,0,0,0,4.35337E+20,5.46128E+21,8.11056E+15,4.93009E+16
107075,7.17092E+18,7,3,13,0,2017,9,14,6,2,4,6,0,1,0,0,1,0,0,4.34825E+20,5.45136E+21,8.10513E+15,4.92115E+16
107076,7.17092E+18,7,3,37,1,2017,9,18,6,2,8,1,0,0,0,1,0,0,0,4.18802E+20,5.45834E+21,7.88376E+15,4.92724E+16
107077,7.17092E+18,7,3,33,39,2017,9,12,6,3,5,3,0,1,0,1,0,0,0,4.29314E+20,5.50249E+21,8.02036E+15,4.96708E+16
107078,7.17092E+18,7,3,39,67,2017,9,18,6,2,5,3,1,1,0,0,0,0,0,4.44029E+20,5.52672E+21,8.22079E+15,4.98902E+16
107079,7.17092E+18,7,2,32,282,2017,9,21,6,3,8,1,0,1,0,0,0,2,0,3.31845E+20,5.54562E+21,6.65165E+15,5.00391E+16
107080,7.17092E+18,7,2,32,313,2017,9,15,6,3,5,3,0,1,0,0,0,0,0,3.30403E+20,5.54892E+21,6.63006E+15,5.00684E+16
107081,7.17092E+18,7,2,32,18,2017,9,8,6,2,5,3,0,0,0,1,1,0,0,3.23212E+20,5.53762E+21,6.53487E+15,4.99647E+16
107082,7.17092E+18,7,2,31,51,2017,9,12,6,3,7,7,0,0,0,1,0,0,0,3.36035E+20,5.53043E+21,6.71659E+15,4.99038E+16
107083,7.17092E+18,7,2,35,94,2017,9,16,6,3,4,2,0,1,0,1,0,0,0,3.25605E+20,5.52098E+21,6.57572E+15,4.98159E+16
107084,7.17092E+18,7,2,35,78,2017,9,16,6,2,5,3,0,1,0,1,0,0,0,3.40159E+20,5.51966E+21,6.77841E+15,4.98081E+16
107085,7.17092E+18,7,1,41,92,2017,9,16,6,3,2,6,0,1,0,0,1,0,0,4.21218E+20,5.56121E+21,7.89617E+15,5.01978E+16
107086,7.17092E+18,7,1,41,40,2017,9,7,6,3,8,1,0,1,0,0,0,0,0,4.08798E+20,5.56128E+21,7.72218E+15,5.01967E+16
107087,7.17092E+18,7,1,43,53,2017,9,17,6,3,4,2,0,1,0,1,0,0,0,4.15623E+20,5.58455E+21,7.81259E+15,5.04069E+16
107088,7.17092E+18,7,1,43,60,2017,9,14,6,3,5,3,1,1,0,0,0,0,0,4.16789E+20,5.59519E+21,7.82663E+15,5.05028E+16
107089,7.17092E+18,7,1,43,60,2017,9,14,6,2,9,1,1,0,0,0,0,0,0,4.18721E+20,5.59655E+21,7.85357E+15,5.05153E+16
107090,7.17092E+18,7,1,38,80,2017,9,18,6,3,8,6,0,1,0,0,0,0,0,3.87174E+20,5.61533E+21,7.40305E+15,5.06788E+16
107091,7.17092E+18,7,1,32,66,2017,9,12,6,3,1,5,0,1,0,0,1,0,0,4.17035E+20,5.61912E+21,7.82475E+15,5.0718E+16
107092,7.17092E+18,7,1,31,74,2017,9,11,6,3,4,2,0,1,0,0,1,0,0,3.5014E+20,5.59047E+21,6.88921E+15,5.0447E+16
107093,7.17092E+18,7,1,37,216,2017,9,15,6,3,3,6,0,1,0,1,0,0,0,3.94291E+20,5.58413E+21,7.5126E+15,5.03997E+16
107094,7.17092E+18,7,1,31,90,2017,9,8,6,2,2,6,0,1,0,0,1,0,0,3.6185E+20,5.60562E+21,7.04843E+15,5.05862E+16
107095,7.17092E+18,7,3,33,502,2017,9,22,5,2,9,1,0,1,0,0,0,2,1,4.13455E+20,5.49753E+21,7.80171E+15,4.96242E+16
107096,7.17092E+18,7,3,35,4,2017,9,11,5,3,8,6,0,0,0,0,1,0,0,4.22716E+20,5.48422E+21,7.93252E+15,4.95057E+16
107097,7.17092E+18,7,3,32,12,2017,9,13,5,3,2,6,0,1,0,1,0,0,0,4.34725E+20,5.49074E+21,8.09729E+15,4.95657E+16
107098,7.17092E+18,7,3,34,22,2017,9,2,5,3,1,1,0,1,0,0,0,2,0,4.50555E+20,5.44076E+21,8.32238E+15,4.91177E+16
107099,7.17092E+18,7,3,34,7,2017,9,13,5,3,2,7,0,1,0,0,0,0,0,4.52505E+20,5.45061E+21,8.34795E+15,4.92064E+16
107100,7.17092E+18,7,3,38,19,2017,9,16,5,2,2,2,0,0,0,1,1,0,0,4.53493E+20,5.47854E+21,8.35826E+15,4.94578E+16
107101,7.17092E+18,7,3,14,0,2017,9,15,5,2,3,2,0,1,0,1,0,0,0,4.60112E+20,5.48075E+21,8.44936E+15,4.94781E+16
107102,7.17092E+18,7,3,14,0,2017,9,14,5,3,2,6,0,1,0,0,0,0,0,4.59164E+20,5.47899E+21,8.43646E+15,4.94622E+16
107103,7.17092E+18,7,3,14,0,2017,9,8,5,3,2,7,1,0,0,0,0,0,0,4.59716E+20,5.48046E+21,8.44393E+15,4.94755E+16
107104,7.17092E+18,7,3,39,5,2017,9,18,5,3,5,2,1,1,0,0,0,0,0,4.21275E+20,5.53347E+21,7.90268E+15,4.99484E+16
107105,7.17092E+18,7,1,33,6,2017,9,14,5,3,4,6,0,1,0,0,0,0,0,4.16213E+20,5.51735E+21,7.83563E+15,4.98027E+16
107106,7.17092E+18,7,3,31,56,2017,9,18,5,3,8,6,0,1,0,0,0,0,0,4.3565E+20,5.52603E+21,8.10426E+15,4.98832E+16
107107,7.17092E+18,7,3,31,68,2017,9,16,5,2,2,6,1,0,0,0,1,0,0,4.32219E+20,5.5197E+21,8.05761E+15,4.98259E+16
107108,7.17092E+18,7,3,19,0,2017,9,19,5,3,5,3,0,1,0,0,0,0,0,4.52486E+20,5.50083E+21,8.34167E+15,4.96581E+16
107109,7.17092E+18,7,3,39,19,2017,9,8,5,2,4,6,0,1,0,0,0,0,0,4.27673E+20,5.53557E+21,7.99146E+15,4.9968E+16
107110,7.17092E+18,7,3,15,0,2017,9,15,5,3,3,2,1,0,0,0,0,0,0,4.45701E+20,5.53858E+21,8.24239E+15,4.99971E+16
107111,7.17092E+18,7,2,33,68,2017,9,8,5,3,6,7,0,0,0,0,1,0,0,3.51757E+20,5.56203E+21,6.92314E+15,5.01919E+16
107112,7.17092E+18,7,2,31,8,2017,9,11,5,3,6,6,0,0,1,0,1,0,0,3.61413E+20,5.53121E+21,7.06949E+15,4.99172E+16
107113,7.17092E+18,7,2,31,103,2017,9,14,5,3,2,2,0,1,0,0,0,0,0,3.5231E+20,5.53205E+21,6.94245E+15,4.99226E+16
107114,7.17092E+18,7,2,31,54,2017,9,18,5,3,0,6,0,1,0,1,0,0,0,3.5649E+20,5.51164E+21,7.0082E+15,4.97401E+16
107115,7.17092E+18,7,2,35,118,2017,9,17,5,2,3,1,0,1,0,0,1,0,0,3.20097E+20,5.49685E+21,6.51034E+15,4.95975E+16
107116,7.17092E+18,7,2,11,0,2017,9,20,5,2,5,3,0,1,0,0,0,2,0,3.30193E+20,5.51339E+21,6.64275E+15,4.9749E+16
107117,7.17092E+18,7,2,35,51,2017,9,19,5,3,9,1,0,1,0,1,0,1,1,3.23216E+20,5.50986E+21,6.5476E+15,4.97152E+16
107118,7.17092E+18,7,1,41,132,2017,9,21,5,3,9,1,0,1,0,1,0,2,0,4.11255E+20,5.57304E+21,7.75384E+15,5.03028E+16
107119,7.17092E+18,7,1,43,62,2017,9,13,5,2,4,2,0,1,0,0,0,0,0,4.11767E+20,5.59196E+21,7.75659E+15,5.0473E+16
107120,7.17092E+18,7,1,43,5,2017,9,14,5,3,2,6,0,1,0,0,0,0,0,4.19902E+20,5.59228E+21,7.87114E+15,5.0477E+16
107121,7.17092E+18,7,1,38,75,2017,9,11,5,3,5,3,0,1,0,0,0,0,0,3.81554E+20,5.60745E+21,7.32606E+15,5.06069E+16
107122,7.17092E+18,7,1,38,8,2017,9,7,5,3,7,7,0,0,0,1,0,1,0,3.75722E+20,5.60694E+21,7.24385E+15,5.06011E+16
107123,7.17092E+18,7,1,32,67,2017,9,17,5,2,1,6,0,1,0,1,0,0,0,4.07024E+20,5.61845E+21,7.68314E+15,5.07104E+16
107124,7.17092E+18,7,1,38,45,2017,9,14,5,3,1,1,0,1,0,0,0,0,0,3.925E+20,5.58883E+21,7.48606E+15,5.04416E+16
107125,7.17092E+18,7,1,31,6,2017,9,14,5,3,2,6,0,1,0,0,0,0,0,3.77799E+20,5.59882E+21,7.27585E+15,5.05285E+16
107126,7.17092E+18,7,1,31,202,2017,9,11,5,3,5,3,0,1,0,0,0,0,0,3.76984E+20,5.59106E+21,7.26692E+15,5.04586E+16
107127,7.17092E+18,7,1,31,82,2017,9,16,5,2,2,2,0,0,0,1,0,0,0,3.45234E+20,5.5901E+21,6.82031E+15,5.04424E+16
107128,7.17092E+18,7,1,37,48,2017,9,16,5,2,8,1,0,0,0,1,0,0,0,3.82975E+20,5.57482E+21,7.35634E+15,5.03138E+16
107129,7.17092E+18,7,1,37,228,2017,9,15,5,3,5,3,1,1,0,0,0,0,0,3.91084E+20,5.5855E+21,7.4671E+15,5.04114E+16
107130,7.17092E+18,7,1,11,0,2017,9,14,5,3,2,6,0,1,0,0,0,0,0,3.99565E+20,5.57993E+21,7.5879E+15,5.03629E+16
107131,7.17092E+18,7,1,11,0,2017,9,14,5,2,0,7,0,1,0,1,0,0,0,3.96964E+20,5.5779E+21,7.5519E+15,5.03442E+16
107132,7.17092E+18,7,3,40,57,2017,9,12,4,3,0,1,0,0,0,1,1,0,0,4.19009E+20,5.45162E+21,7.88796E+15,4.9212E+16
107133,7.17092E+18,7,3,12,0,2017,9,7,4,3,2,6,0,1,0,0,1,0,0,4.08414E+20,5.47861E+21,7.73633E+15,4.94532E+16
107134,7.17092E+18,7,3,32,25,2017,9,9,4,3,5,3,0,1,0,0,0,0,0,4.4999E+20,5.46257E+21,8.31193E+15,4.93138E+16
107135,7.17092E+18,7,3,37,5,2017,9,12,4,2,5,3,0,1,0,1,0,0,0,4.26376E+20,5.43878E+21,7.99144E+15,4.90974E+16
107136,7.17092E+18,7,3,18,0,2017,9,21,4,2,3,6,0,1,0,0,1,2,0,4.57766E+20,5.46167E+21,8.41901E+15,4.93063E+16
107137,7.17092E+18,7,3,11,0,2017,9,14,4,3,5,3,0,1,0,0,0,0,0,4.53219E+20,5.48896E+21,8.35324E+15,4.95515E+16
107138,7.17092E+18,7,3,11,0,2017,9,11,4,3,1,6,0,1,0,0,0,0,0,4.52026E+20,5.48789E+21,8.33688E+15,4.95417E+16
107139,7.17092E+18,7,3,14,0,2017,9,17,4,3,5,3,1,1,0,0,0,0,0,4.59024E+20,5.47961E+21,8.43446E+15,4.94678E+16
107140,7.17092E+18,7,1,33,52,2017,9,6,4,3,9,7,0,1,0,0,0,1,0,3.89892E+20,5.51786E+21,7.46983E+15,4.98031E+16
107141,7.17092E+18,7,3,31,64,2017,9,22,4,3,8,6,0,1,0,1,0,2,0,4.40031E+20,5.52437E+21,8.16549E+15,4.98687E+16
107142,7.17092E+18,7,3,39,30,2017,9,8,4,3,2,6,0,1,0,0,0,0,0,4.30779E+20,5.53603E+21,8.03467E+15,4.99726E+16
107143,7.17092E+18,7,3,15,0,2017,9,8,4,3,2,6,0,1,0,0,0,0,0,4.44049E+20,5.53796E+21,8.21943E+15,4.99914E+16
107144,7.17092E+18,7,2,11,0,2017,9,5,4,2,8,1,0,1,0,0,0,2,0,3.34871E+20,5.51775E+21,6.70579E+15,4.97895E+16
107145,7.17092E+18,7,2,32,88,2017,9,11,4,3,4,2,0,1,0,0,0,0,0,3.06189E+20,5.54323E+21,6.29496E+15,5.00098E+16
107146,7.17092E+18,7,2,31,16,2017,9,8,4,3,5,2,0,1,0,0,1,0,0,3.56334E+20,5.52726E+21,7.00026E+15,4.98805E+16
107147,7.17092E+18,7,2,31,95,2017,9,1,4,3,9,1,0,1,0,0,0,2,0,3.49448E+20,5.5483E+21,6.89623E+15,5.00679E+16
107148,7.17092E+18,7,2,35,104,2017,9,13,4,2,8,1,0,0,0,1,0,0,0,3.10359E+20,5.49385E+21,6.37717E+15,4.95675E+16
107149,7.17092E+18,7,2,35,501,2017,9,20,4,3,8,1,0,1,0,0,0,2,0,3.24407E+20,5.5229E+21,6.55821E+15,4.98328E+16
107150,7.17092E+18,7,2,11,0,2017,9,12,4,3,5,3,0,1,1,0,0,0,0,3.31949E+20,5.51583E+21,6.66605E+15,4.97715E+16
107151,7.17092E+18,7,1,43,32,2017,9,9,4,2,5,3,0,1,0,0,0,0,0,4.05888E+20,5.58888E+21,7.67453E+15,5.04444E+16
107152,7.17092E+18,7,1,38,68,2017,9,21,4,3,2,6,0,1,0,0,0,2,0,3.82215E+20,5.60443E+21,7.33636E+15,5.05799E+16
107153,7.17092E+18,7,1,35,65,2017,9,6,4,3,9,1,0,1,0,0,0,1,0,3.83439E+20,5.56093E+21,7.36713E+15,5.0189E+16
107154,7.17092E+18,7,1,31,202,2017,9,19,4,3,0,1,0,0,0,1,0,0,0,3.77665E+20,5.59073E+21,7.27661E+15,5.04558E+16
107155,7.17092E+18,7,1,31,6,2017,9,17,4,2,0,6,0,1,0,0,1,0,0,3.78897E+20,5.59748E+21,7.29177E+15,5.05168E+16
107156,7.17092E+18,7,1,31,58,2017,9,21,4,2,9,1,0,0,0,1,0,2,0,3.54179E+20,5.57716E+21,6.95122E+15,5.03285E+16
107157,7.17092E+18,7,1,43,23,2017,9,9,4,3,2,6,0,1,0,0,1,0,0,4.24882E+20,5.58506E+21,7.94276E+15,5.04128E+16
107158,7.17092E+18,7,3,32,33,2017,9,14,3,3,9,1,0,1,0,0,0,0,1,4.44294E+20,5.48877E+21,8.22988E+15,4.9549E+16
107159,7.17092E+18,7,3,14,0,2017,9,1,3,3,8,7,0,1,0,0,0,2,0,4.53525E+20,5.48151E+21,8.35835E+15,4.94844E+16
107160,7.17092E+18,7,3,32,38,2017,9,17,3,3,8,1,0,1,0,0,0,0,1,4.35996E+20,5.48725E+21,8.11543E+15,4.95344E+16
107161,7.17092E+18,7,3,32,24,2017,9,7,3,3,2,6,0,1,0,0,0,1,1,4.39433E+20,5.49194E+21,8.16221E+15,4.9577E+16
107162,7.17092E+18,7,3,18,0,2017,9,18,3,3,2,6,0,1,0,0,0,0,0,4.5782E+20,5.46177E+21,8.41974E+15,4.93072E+16
107163,7.17092E+18,7,3,18,0,2017,9,14,3,2,5,2,0,1,0,1,0,0,0,4.58603E+20,5.46424E+21,8.43025E+15,4.93295E+16
107164,7.17092E+18,7,3,14,0,2017,9,17,3,3,2,6,0,1,0,0,0,0,0,4.5932E+20,5.48067E+21,8.43844E+15,4.94773E+16
107165,7.17092E+18,7,1,33,40,2017,9,19,3,3,8,1,0,1,0,0,0,0,1,4.15106E+20,5.52617E+21,7.81832E+15,4.98819E+16
107166,7.17092E+18,7,1,33,69,2017,9,17,3,2,8,6,0,1,0,0,0,0,1,4.21838E+20,5.51702E+21,7.91385E+15,4.98006E+16
107167,7.17092E+18,7,3,33,19,2017,9,7,3,3,4,2,0,1,0,0,0,0,1,4.3108E+20,5.48874E+21,8.04724E+15,4.95473E+16
107168,7.17092E+18,7,3,19,0,2017,9,5,3,2,8,1,0,1,0,0,0,2,0,4.50517E+20,5.502E+21,8.31424E+15,4.96685E+16
107169,7.17092E+18,7,3,39,19,2017,9,12,3,3,3,3,1,1,0,0,0,0,0,4.295E+20,5.53515E+21,8.017E+15,4.99645E+16
107170,7.17092E+18,7,3,39,19,2017,9,7,3,3,2,6,0,1,0,0,0,0,0,4.29819E+20,5.53589E+21,8.02132E+15,4.99712E+16
107171,7.17092E+18,7,3,15,0,2017,9,14,3,3,8,1,0,1,0,0,0,0,1,4.47072E+20,5.53288E+21,8.2623E+15,4.99459E+16
107172,7.17092E+18,7,3,15,0,2017,9,13,3,3,2,6,0,1,0,0,0,0,1,4.46608E+20,5.53916E+21,8.25496E+15,5.00024E+16
107173,7.17092E+18,7,3,15,0,2017,9,11,3,3,5,3,0,1,0,1,0,0,0,4.43911E+20,5.53937E+21,8.2173E+15,5.00041E+16
107174,7.17092E+18,7,3,15,0,2017,9,12,3,3,6,4,0,1,1,0,0,0,0,4.49547E+20,5.5368E+21,8.29627E+15,4.99814E+16
107175,7.17092E+18,7,3,15,0,2017,9,6,3,3,2,6,0,1,0,0,0,1,0,4.40477E+20,5.53899E+21,8.16944E+15,5.00002E+16
107176,7.17092E+18,7,2,31,7,2017,9,15,3,2,8,1,0,1,0,0,0,0,1,3.45236E+20,5.53691E+21,6.84201E+15,4.99644E+16
107177,7.17092E+18,7,2,31,7,2017,9,15,3,3,2,1,0,1,0,0,1,0,1,3.45363E+20,5.53676E+21,6.84385E+15,4.99631E+16
107178,7.17092E+18,7,2,33,240,2017,9,14,3,2,9,1,0,1,0,0,0,0,0,3.22552E+20,5.57766E+21,6.50704E+15,5.03243E+16
107179,7.17092E+18,7,2,31,57,2017,9,14,3,2,5,3,0,1,0,0,0,0,0,3.56343E+20,5.54822E+21,6.99255E+15,5.00689E+16
107180,7.17092E+18,7,2,31,502,2017,9,18,3,3,4,1,0,1,0,0,0,0,1,3.64104E+20,5.51835E+21,7.11147E+15,4.98022E+16
107181,7.17092E+18,7,1,34,25,2017,9,9,3,3,2,2,0,1,0,0,1,0,0,3.84111E+20,5.51036E+21,7.39176E+15,4.97345E+16