OBJECTID,UIDENTSTLA,ULAND,UREGBEZ,UKREIS,UGEMEINDE,UJAHR,UMONAT,USTUNDE,UWOCHENTAG,UKATEGORIE,UART,UTYP1,IstRad,IstPKW,IstFuss,IstKrad,IstSonstig,LICHT,STRZUSTAND,LINREFX,LINREFY,XGCSWGS84,YGCSWGS84
107182,7.17092E+18,7,2,35,68,2017,9,7,3,3,6,4,0,1,1,0,0,0,1,3.2453E+20,5.50784E+21,6.56671E+15,4.96975E+16
107183,7.17092E+18,7,2,11,0,2017,9,10,3,3,0,7,0,1,0,0,0,0,0,3.29586E+20,5.51354E+21,6.63427E+15,4.97502E+16
107184,7.17092E+18,7,1,43,276,2017,9,14,3,3,5,3,0,1,0,0,0,0,1,4.17147E+20,5.61407E+21,7.82746E+15,5.06725E+16
107185,7.17092E+18,7,1,43,300,2017,9,7,3,2,2,2,0,1,0,0,0,0,1,4.22377E+20,5.61042E+21,7.90223E+15,5.06404E+16
107186,7.17092E+18,7,1,43,229,2017,9,7,3,3,5,3,0,1,0,1,0,0,0,4.17415E+20,5.61292E+21,7.83151E+15,5.06623E+16
107187,7.17092E+18,7,1,43,6,2017,9,7,3,3,4,6,0,1,0,0,0,0,1,4.07186E+20,5.59394E+21,7.69156E+15,5.049E+16
107188,7.17092E+18,7,1,32,70,2017,9,12,3,3,4,1,0,1,0,0,0,0,1,4.06003E+20,5.61456E+21,7.66967E+15,5.06753E+16
107189,7.17092E+18,7,1,38,45,2017,9,16,3,3,8,1,0,1,0,0,0,0,1,3.92539E+20,5.58984E+21,7.48632E+15,5.04507E+16
107190,7.17092E+18,7,1,37,86,2017,9,17,3,3,4,2,0,1,0,0,0,0,1,3.86977E+20,5.57662E+21,7.41199E+15,5.03308E+16
107191,7.17092E+18,7,1,11,0,2017,9,17,3,3,2,6,0,1,0,0,1,0,0,3.99034E+20,5.58067E+21,7.58024E+15,5.03694E+16
107192,7.17092E+18,7,1,11,0,2017,9,13,3,2,5,3,0,1,0,0,0,0,0,3.9926E+20,5.57709E+21,7.58437E+15,5.03373E+16
107193,7.17092E+18,7,1,35,58,2017,9,6,3,3,9,1,0,1,0,0,0,2,1,3.63743E+20,5.56631E+21,7.08943E+15,5.02333E+16
107194,7.17092E+18,7,3,20,0,2017,9,14,2,2,8,1,0,1,0,0,0,0,0,3.83333E+20,5.45678E+21,7.39678E+15,4.92527E+16
107195,7.17092E+18,7,3,35,201,2017,9,15,2,3,5,3,0,1,0,0,1,0,0,3.87519E+20,5.46897E+21,7.45085E+15,4.9363E+16
107196,7.17092E+18,7,3,35,38,2017,9,8,2,3,5,3,0,1,0,0,0,0,0,3.95593E+20,5.47534E+21,7.56033E+15,4.94218E+16
107197,7.17092E+18,7,3,32,2,2017,9,8,2,3,1,2,0,1,0,0,0,0,0,4.40995E+20,5.48006E+21,8.18559E+15,4.94703E+16
107198,7.17092E+18,7,3,32,2,2017,9,20,2,1,6,6,0,1,1,0,0,2,0,4.40268E+20,5.48047E+21,8.17549E+15,4.94739E+16
107199,7.17092E+18,7,3,19,0,2017,9,12,2,3,2,2,0,1,0,0,0,0,0,4.54285E+20,5.49733E+21,8.36701E+15,4.96268E+16
107200,7.17092E+18,7,3,15,0,2017,9,13,2,3,2,6,0,1,0,0,0,0,0,4.48297E+20,5.53852E+21,8.27862E+15,4.99968E+16
107201,7.17092E+18,7,2,32,18,2017,9,8,2,3,2,6,0,1,1,0,0,0,0,3.21312E+20,5.53854E+21,6.50798E+15,4.99724E+16
107202,7.17092E+18,7,1,43,305,2017,9,8,2,3,5,3,0,1,0,0,0,0,0,4.18451E+20,5.601E+21,7.84878E+15,5.05553E+16
107203,7.17092E+18,7,1,37,70,2017,9,21,2,3,5,3,0,1,0,0,0,2,0,3.78804E+20,5.57015E+21,7.29927E+15,5.0271E+16
107204,7.17092E+18,7,1,40,45,2017,9,16,2,3,5,3,0,1,0,1,0,0,0,3.97663E+20,5.55807E+21,7.56709E+15,5.0166E+16
107205,7.17092E+18,7,3,40,17,2017,9,16,1,3,2,6,0,1,0,1,0,0,1,3.93265E+20,5.46256E+21,7.53167E+15,4.93065E+16
107206,7.17092E+18,7,3,34,2,2017,9,20,1,3,4,2,0,1,0,1,0,2,0,4.40206E+20,5.42572E+21,8.18281E+15,4.89815E+16
107207,7.17092E+18,7,3,39,5,2017,9,2,1,2,8,1,0,0,0,1,0,2,0,4.20321E+20,5.53522E+21,7.88902E+15,4.9964E+16
107208,7.17092E+18,7,3,15,0,2017,9,8,1,3,9,1,0,1,0,0,0,0,0,4.47145E+20,5.53919E+21,8.26244E+15,5.00027E+16
107209,7.17092E+18,7,3,15,0,2017,9,0,1,3,2,6,0,1,0,0,0,2,1,4.47572E+20,5.53992E+21,8.26831E+15,5.00093E+16
107210,7.17092E+18,7,3,15,0,2017,9,0,1,3,0,2,0,1,0,0,1,2,0,4.47992E+20,5.53925E+21,8.27426E+15,5.00033E+16
107211,7.17092E+18,7,2,32,329,2017,9,16,1,2,8,3,0,1,0,0,0,0,0,2.99844E+20,5.56741E+21,6.19382E+15,5.02249E+16
107212,7.17092E+18,7,2,35,132,2017,9,9,1,3,4,2,0,1,0,0,0,0,0,3.21694E+20,5.50356E+21,6.52937E+15,4.96582E+16
107213,7.17092E+18,7,2,35,207,2017,9,15,1,3,2,2,0,0,0,1,1,0,0,3.48917E+20,5.52155E+21,6.89932E+15,4.98273E+16
107214,7.17092E+18,7,1,43,300,2017,9,11,1,3,8,1,0,1,0,0,1,0,0,4.22763E+20,5.61106E+21,7.90755E+15,5.06462E+16
107215,7.17092E+18,7,1,43,280,2017,9,1,1,3,4,1,0,1,0,0,0,2,1,4.22105E+20,5.61311E+21,7.89782E+15,5.06646E+16
107216,7.17092E+18,7,1,38,12,2017,9,16,1,3,1,6,0,1,0,0,0,0,0,4.0282E+20,5.59993E+21,7.62846E+15,5.05432E+16
107217,7.17092E+18,7,3,40,16,2017,9,18,7,3,8,1,0,1,0,0,0,0,1,4.01122E+20,5.46311E+21,7.63959E+15,4.93127E+16
107218,7.17092E+18,7,3,32,10,2017,9,14,7,3,8,1,0,1,0,0,0,0,0,4.45248E+20,5.49262E+21,8.24255E+15,4.95837E+16
107219,7.17092E+18,7,3,32,2,2017,9,18,7,3,4,6,0,1,0,0,0,1,0,4.39499E+20,5.48207E+21,8.16463E+15,4.94882E+16
107220,7.17092E+18,7,3,37,501,2017,9,5,7,3,1,1,0,1,0,0,0,2,0,4.25325E+20,5.45087E+21,7.9748E+15,4.92061E+16
107221,7.17092E+18,7,3,14,0,2017,9,19,7,2,8,1,0,1,0,0,0,1,0,4.5962E+20,5.48178E+21,8.44247E+15,4.94873E+16
107222,7.17092E+18,7,2,35,83,2017,9,16,7,2,3,6,0,1,0,1,0,0,1,3.43105E+20,5.51695E+21,6.82042E+15,4.97845E+16
107223,7.17092E+18,7,2,31,501,2017,9,12,7,2,5,3,0,1,0,1,0,0,0,3.71844E+20,5.52997E+21,7.21513E+15,4.99084E+16
107224,7.17092E+18,7,2,32,81,2017,9,14,7,2,4,1,0,1,0,0,0,0,0,3.26856E+20,5.53824E+21,6.58536E+15,4.99714E+16
107225,7.17092E+18,7,2,11,0,2017,9,14,7,3,1,6,0,1,0,0,1,0,0,3.29556E+20,5.51488E+21,6.63327E+15,4.97622E+16
107226,7.17092E+18,7,1,43,263,2017,9,14,7,3,9,1,0,1,0,0,0,0,0,4.2354E+20,5.59296E+21,7.92226E+15,5.04837E+16
107227,7.17092E+18,7,1,41,71,2017,9,23,7,3,8,1,0,1,0,0,0,2,1,4.10718E+20,5.57733E+21,7.74529E+15,5.03413E+16
107228,7.17092E+18,7,1,43,305,2017,9,13,7,3,8,1,0,0,0,1,0,0,0,4.16645E+20,5.59989E+21,7.82354E+15,5.0545E+16
107229,7.17092E+18,7,1,32,6,2017,9,18,7,2,5,2,0,1,0,1,0,0,1,4.20946E+20,5.62745E+21,7.87834E+15,5.07934E+16
107230,7.17092E+18,7,1,31,77,2017,9,20,7,3,5,2,0,1,0,0,0,2,0,3.72215E+20,5.59955E+21,7.19686E+15,5.05339E+16
107231,7.17092E+18,7,1,37,56,2017,9,12,7,2,5,3,0,1,0,0,0,0,0,3.82725E+20,5.58368E+21,7.35007E+15,5.03935E+16
107232,7.17092E+18,7,1,11,0,2017,9,12,7,3,5,7,0,1,0,0,0,0,0,3.99368E+20,5.57996E+21,7.58513E+15,5.03631E+16
107233,7.17092E+18,7,1,38,40,2017,9,9,7,3,3,6,0,1,0,0,0,0,1,3.97185E+20,5.60181E+21,7.54845E+15,5.05591E+16
107234,7.17092E+18,7,3,35,38,2017,9,17,6,3,5,3,0,1,0,0,0,0,0,3.95777E+20,5.47902E+21,7.5619E+15,4.94549E+16
107235,7.17092E+18,7,3,14,0,2017,9,20,6,3,2,6,0,1,0,0,0,2,0,4.53481E+20,5.48114E+21,8.35778E+15,4.94811E+16
107236,7.17092E+18,7,3,32,24,2017,9,14,6,3,6,2,0,1,1,0,0,0,0,4.39889E+20,5.49006E+21,8.1688E+15,4.95601E+16
107237,7.17092E+18,7,3,34,13,2017,9,11,6,3,2,6,0,1,0,0,0,0,0,4.41915E+20,5.43561E+21,8.20474E+15,4.90706E+16
107238,7.17092E+18,7,3,13,0,2017,9,17,6,2,4,2,0,1,0,0,0,0,1,4.38987E+20,5.44947E+21,8.16255E+15,4.9195E+16
107239,7.17092E+18,7,3,13,0,2017,9,16,6,3,8,1,0,1,0,0,0,0,1,4.33099E+20,5.45061E+21,8.08156E+15,4.92047E+16
107240,7.17092E+18,7,3,14,0,2017,9,10,6,3,6,2,0,1,1,0,0,0,0,4.53968E+20,5.48232E+21,8.36438E+15,4.94917E+16
107241,7.17092E+18,7,1,33,25,2017,9,15,6,3,9,6,0,1,0,0,0,0,0,4.10742E+20,5.53292E+21,7.75603E+15,4.9942E+16
107242,7.17092E+18,7,3,31,73,2017,9,9,6,2,4,2,0,1,0,0,0,0,0,4.38592E+20,5.52134E+21,8.14595E+15,4.98414E+16
107243,7.17092E+18,7,3,31,34,2017,9,8,6,3,5,2,0,0,0,0,1,0,0,4.53374E+20,5.51365E+21,8.35245E+15,4.97735E+16
107244,7.17092E+18,7,3,39,42,2017,9,18,6,3,1,6,0,1,0,0,1,0,0,4.4174E+20,5.52751E+21,8.18879E+15,4.98972E+16
107245,7.17092E+18,7,3,39,27,2017,9,6,6,3,2,6,0,1,0,0,0,1,1,4.34889E+20,5.53852E+21,8.09156E+15,4.99954E+16
107246,7.17092E+18,7,2,33,209,2017,9,7,6,3,9,1,0,1,0,0,0,0,1,3.28402E+20,5.55592E+21,6.59899E+15,5.01307E+16
107247,7.17092E+18,7,2,35,85,2017,9,19,6,2,0,2,0,1,0,1,0,0,0,3.35795E+20,5.51573E+21,6.71946E+15,4.97716E+16
107248,7.17092E+18,7,1,41,92,2017,9,17,6,3,9,1,0,1,0,0,0,0,1,4.17971E+20,5.5601E+21,7.85093E+15,5.01874E+16
107249,7.17092E+18,7,1,43,32,2017,9,7,6,3,8,1,0,0,0,1,0,1,1,4.03805E+20,5.58861E+21,7.64528E+15,5.04416E+16
107250,7.17092E+18,7,1,43,53,2017,9,13,6,2,9,1,0,1,0,0,0,0,1,4.15791E+20,5.58547E+21,7.81474E+15,5.04152E+16
107251,7.17092E+18,7,1,31,7,2017,9,7,6,1,8,1,0,0,0,1,0,1,1,3.65772E+20,5.59624E+21,7.10719E+15,5.05027E+16
107252,7.17092E+18,7,1,37,3,2017,9,14,6,3,3,1,0,1,0,0,0,0,0,3.84088E+20,5.59046E+21,7.36714E+15,5.04547E+16
107253,7.17092E+18,7,1,40,133,2017,9,16,6,2,9,1,1,0,0,0,0,0,1,4.07472E+20,5.55683E+21,7.70469E+15,5.01565E+16
107254,7.17092E+18,7,1,40,501,2017,9,15,6,3,2,6,0,1,0,0,0,0,0,3.99659E+20,5.5588E+21,7.59484E+15,5.01729E+16
107255,7.17092E+18,7,1,37,212,2017,9,17,6,3,5,3,0,1,0,0,0,0,0,3.86895E+20,5.57665E+21,7.41083E+15,5.03311E+16
107256,7.17091E+18,7,3,35,22,2017,9,9,5,3,9,1,0,0,0,1,0,0,1,3.93991E+20,5.4725E+21,7.53902E+15,4.93959E+16
107257,7.17091E+18,7,3,35,3,2017,9,7,5,3,6,4,0,1,1,0,0,1,1,3.86596E+20,5.4723E+21,7.4372E+15,4.93928E+16
107258,7.17091E+18,7,3,35,43,2017,9,13,5,3,3,6,0,1,0,0,0,0,0,3.96866E+20,5.48327E+21,7.57582E+15,4.94933E+16
107259,7.17091E+18,7,3,38,19,2017,9,16,5,2,2,6,0,1,0,0,1,0,0,4.51E+20,5.47686E+21,8.32407E+15,4.94424E+16
107260,7.17091E+18,7,3,34,22,2017,9,6,5,3,2,6,0,1,0,0,0,2,1,4.49313E+20,5.43961E+21,8.30551E+15,4.91072E+16
107261,7.17091E+18,7,3,34,25,2017,9,5,5,3,5,3,0,1,0,0,0,2,1,4.48543E+20,5.44518E+21,8.29426E+15,4.91573E+16
107262,7.17091E+18,7,3,13,0,2017,9,7,5,3,9,1,0,1,0,0,0,0,1,4.37924E+20,5.44717E+21,8.14832E+15,4.91742E+16
107263,7.17091E+18,7,3,18,0,2017,9,7,5,3,3,6,0,1,0,0,0,0,1,4.57465E+20,5.4659E+21,8.41442E+15,4.93443E+16
107264,7.17091E+18,7,3,38,8,2017,9,7,5,3,2,6,0,1,0,0,1,0,1,4.48626E+20,5.47906E+21,8.29104E+15,4.9462E+16
107265,7.17091E+18,7,3,14,0,2017,9,7,5,3,2,6,0,1,0,0,0,0,1,4.58674E+20,5.48119E+21,8.42947E+15,4.9482E+16
107266,7.17091E+18,7,3,14,0,2017,9,15,5,3,2,2,0,1,0,0,1,0,1,4.57111E+20,5.47693E+21,8.40835E+15,4.94435E+16
107267,7.17091E+18,7,3,14,0,2017,9,13,5,2,5,3,0,1,0,0,0,0,0,4.59631E+20,5.48089E+21,8.44271E+15,4.94793E+16
107268,7.17091E+18,7,1,33,9,2017,9,18,5,3,8,1,0,1,0,0,0,1,1,3.97865E+20,5.51001E+21,7.58265E+15,4.97339E+16
107269,7.17091E+18,7,1,33,6,2017,9,7,5,3,3,6,0,1,0,0,0,0,1,4.22835E+20,5.5254E+21,7.92603E+15,4.9876E+16
107270,7.17091E+18,7,3,31,48,2017,9,21,5,3,9,1,0,1,0,0,0,2,0,4.4436E+20,5.49732E+21,8.22959E+15,4.96259E+16
107271,7.17091E+18,7,3,31,18,2017,9,12,5,2,6,4,0,1,1,0,0,0,1,4.56109E+20,5.51066E+21,8.39076E+15,4.97468E+16
107272,7.17091E+18,7,3,19,0,2017,9,7,5,3,0,1,0,0,0,1,0,0,1,4.52067E+20,5.50296E+21,8.33561E+15,4.96772E+16
107273,7.17091E+18,7,3,15,0,2017,9,20,5,3,1,5,0,1,0,1,0,2,1,4.46946E+20,5.5394E+21,8.25964E+15,5.00045E+16
107274,7.17091E+18,7,3,15,0,2017,9,15,5,3,3,6,0,1,0,0,0,0,0,4.47067E+20,5.5392E+21,8.26135E+15,5.00027E+16
107275,7.17091E+18,7,3,15,0,2017,9,5,5,3,5,3,0,1,0,0,0,2,1,4.4955E+20,5.53681E+21,8.29632E+15,4.99815E+16
107276,7.17091E+18,7,3,31,27,2017,9,17,5,2,8,1,0,1,0,0,0,0,0,4.3231E+20,5.50629E+21,8.06121E+15,4.97054E+16
107277,7.17091E+18,7,1,35,71,2017,9,9,5,3,8,7,0,1,0,0,0,0,1,3.79044E+20,5.54086E+21,7.31194E+15,5.00078E+16
107278,7.17091E+18,7,2,33,76,2017,9,14,5,2,5,3,0,0,0,1,1,0,0,3.41476E+20,5.57579E+21,6.77346E+15,5.03129E+16
107279,7.17091E+18,7,1,34,41,2017,9,10,5,3,8,1,0,1,0,0,0,0,1,3.8092E+20,5.51058E+21,7.34742E+15,4.9736E+16
107280,7.17091E+18,7,1,34,42,2017,9,7,5,3,9,1,0,1,0,0,0,0,1,3.71516E+20,5.4971E+21,7.22141E+15,4.96128E+16
107281,7.17091E+18,7,2,35,28,2017,9,13,5,3,0,1,0,0,0,0,1,0,1,3.21241E+20,5.49083E+21,6.5289E+15,4.95436E+16
107282,7.17091E+18,7,2,11,0,2017,9,14,5,3,0,1,0,0,0,1,0,0,1,3.30173E+20,5.5134E+21,6.64248E+15,4.9749E+16
107283,7.17091E+18,7,1,43,306,2017,9,15,5,3,8,7,0,1,0,0,0,0,0,4.08795E+20,5.60881E+21,7.71059E+15,5.0624E+16
107284,7.17091E+18,7,1,43,204,2017,9,7,5,3,7,7,0,0,0,1,0,1,0,4.14196E+20,5.61627E+21,7.7852E+15,5.06919E+16
107285,7.17091E+18,7,1,38,10,2017,9,13,5,2,4,6,0,1,0,0,0,0,0,3.8929E+20,5.59618E+21,7.4387E+15,5.05071E+16
107286,7.17091E+18,7,2,32,18,2017,9,17,5,3,8,6,0,1,0,1,0,0,1,4.00866E+20,5.61194E+21,7.59769E+15,5.06509E+16
107287,7.17091E+18,7,1,38,45,2017,9,19,5,3,9,1,0,1,0,0,0,2,1,3.92423E+20,5.58882E+21,7.48499E+15,5.04415E+16
107288,7.17091E+18,7,1,35,67,2017,9,14,5,2,9,1,0,1,0,0,0,0,1,3.61513E+20,5.56372E+21,7.05912E+15,5.02094E+16
107289,7.17091E+18,7,1,40,21,2017,9,6,5,3,5,3,0,1,0,0,0,2,1,3.85304E+20,5.54824E+21,7.39706E+15,5.00754E+16
107290,7.17091E+18,7,1,37,43,2017,9,10,5,3,2,6,0,1,0,0,1,0,1,3.73378E+20,5.56947E+21,7.2234E+15,5.02637E+16
107291,7.17091E+18,7,1,38,40,2017,9,10,5,3,8,1,0,1,0,0,0,0,1,3.96218E+20,5.60205E+21,7.53473E+15,5.05611E+16
107292,7.17091E+18,7,1,43,21,2017,9,7,5,3,2,6,0,0,0,0,1,0,1,4.23041E+20,5.58822E+21,7.91621E+15,5.04409E+16
107293,7.17091E+18,7,3,40,27,2017,9,17,4,3,9,1,0,1,0,0,0,0,1,4.14942E+20,5.46043E+21,7.83026E+15,4.92907E+16
107294,7.17091E+18,7,3,33,74,2017,9,20,4,2,3,6,0,1,0,0,0,2,1,4.26374E+20,5.49457E+21,7.98111E+15,4.95992E+16
107295,7.17091E+18,7,3,35,4,2017,9,16,4,2,9,1,0,1,0,0,0,0,1,4.22412E+20,5.48137E+21,7.92888E+15,4.948E+16
107296,7.17091E+18,7,3,33,84,2017,9,15,4,2,9,1,0,1,0,0,0,0,0,4.17641E+20,5.50058E+21,7.85901E+15,4.96521E+16
107297,7.17091E+18,7,3,36,55,2017,9,17,4,2,9,1,0,1,0,0,0,0,1,3.85488E+20,5.488E+21,7.41738E+15,4.95338E+16
107298,7.17091E+18,7,3,16,0,2017,9,13,4,3,1,6,0,1,0,0,0,0,0,4.35045E+20,5.46756E+21,8.10551E+15,4.93573E+16
107299,7.17091E+18,7,3,34,15,2017,9,7,4,3,9,1,1,0,0,0,0,1,1,4.50767E+20,5.4436E+21,8.32495E+15,4.91433E+16
107300,7.17091E+18,7,3,37,35,2017,9,17,4,3,1,2,0,1,0,1,0,0,1,4.40047E+20,5.45791E+21,8.17584E+15,4.9271E+16
107301,7.17091E+18,7,3,18,0,2017,9,15,4,3,8,6,0,0,0,1,1,0,1,4.57783E+20,5.46168E+21,8.41924E+15,4.93064E+16
107302,7.17091E+18,7,3,11,0,2017,9,17,4,2,0,7,1,0,0,0,0,0,0,4.53291E+20,5.48605E+21,8.35459E+15,4.95253E+16
107303,7.17091E+18,7,3,31,73,2017,9,17,4,3,5,3,0,1,0,0,0,0,1,4.3702E+20,5.52127E+21,8.1241E+15,4.98406E+16
107304,7.17091E+18,7,3,31,26,2017,9,9,4,3,9,7,0,1,0,0,0,0,1,4.39742E+20,5.51253E+21,8.1633E+15,4.97623E+16
107305,7.17091E+18,7,3,19,0,2017,9,7,4,2,4,6,0,1,0,0,0,0,0,4.49377E+20,5.50254E+21,8.29838E+15,4.96732E+16
107306,7.17091E+18,7,3,15,0,2017,9,18,4,3,0,1,0,0,0,1,0,1,1,4.45139E+20,5.53661E+21,8.23483E+15,4.99793E+16
107307,7.17091E+18,7,3,15,0,2017,9,17,4,2,6,4,0,1,1,0,0,0,1,4.45405E+20,5.53595E+21,8.23863E+15,4.99734E+16
107308,7.17091E+18,7,3,15,0,2017,9,18,4,3,5,3,1,1,0,0,0,1,1,4.46086E+20,5.53933E+21,8.24765E+15,5.00039E+16
107309,7.17091E+18,7,3,15,0,2017,9,7,4,3,0,1,0,1,0,1,0,0,1,4.44142E+20,5.54146E+21,8.22021E+15,5.00228E+16
107310,7.17091E+18,7,1,34,27,2017,9,7,4,3,1,1,0,1,0,1,0,0,1,3.76291E+20,5.50309E+21,7.28559E+15,4.96676E+16
107311,7.17091E+18,7,2,11,0,2017,9,17,4,3,4,6,0,1,0,0,0,0,1,3.2227E+20,5.50971E+21,6.53455E+15,4.97136E+16
107312,7.17091E+18,7,2,35,52,2017,9,11,4,3,8,1,0,1,0,0,0,0,1,3.35167E+20,5.51121E+21,6.71266E+15,4.97308E+16
107313,7.17091E+18,7,2,35,1,2017,9,10,4,3,8,1,0,1,0,0,0,0,1,3.25359E+20,5.51748E+21,6.57388E+15,4.97844E+16
107314,7.17091E+18,7,1,41,66,2017,9,12,4,3,9,1,0,1,0,0,0,0,1,4.03814E+20,5.56372E+21,7.65175E+15,5.02178E+16
107315,7.17091E+18,7,1,43,73,2017,9,7,4,3,5,3,0,1,0,0,0,0,1,4.15701E+20,5.59075E+21,7.81229E+15,5.04627E+16
107316,7.17091E+18,7,1,35,51,2017,9,21,4,3,4,6,0,1,0,0,1,2,1,3.68322E+20,5.56185E+21,7.15514E+15,5.01942E+16
107317,7.17091E+18,7,1,31,7,2017,9,8,4,3,1,6,0,1,0,0,0,0,0,3.69784E+20,5.6009E+21,7.1621E+15,5.05455E+16
107318,7.17091E+18,7,1,37,106,2017,9,19,4,2,8,7,0,0,0,1,0,1,1,3.67015E+20,5.58244E+21,7.12961E+15,5.0379E+16
107319,7.17091E+18,7,1,40,144,2017,9,21,4,3,5,3,0,1,0,0,1,2,1,3.93721E+20,5.53712E+21,7.51773E+15,4.99769E+16
107320,7.17091E+18,7,1,11,0,2017,9,16,4,3,0,6,0,1,0,1,0,0,0,3.98396E+20,5.57988E+21,7.5715E+15,5.03622E+16
107321,7.17091E+18,7,1,33,23,2017,9,22,4,3,8,1,0,1,0,0,0,2,1,4.11815E+20,5.53498E+21,7.77051E+15,4.99606E+16
107322,7.17091E+18,7,3,20,0,2017,9,13,3,3,1,2,0,1,0,0,0,0,1,3.79562E+20,5.45698E+21,7.34493E+15,4.92537E+16
107323,7.17091E+18,7,3,12,0,2017,9,11,3,3,1,2,0,1,0,0,0,0,0,4.04493E+20,5.47642E+21,7.68276E+15,4.9433E+16
107324,7.17091E+18,7,3,12,0,2017,9,13,3,3,5,3,0,1,0,0,0,0,0,4.13281E+20,5.47911E+21,7.80335E+15,4.94584E+16
107325,7.17091E+18,7,3,32,2,2017,9,20,3,3,4,2,0,1,0,0,0,1,0,4.41253E+20,5.47925E+21,8.18927E+15,4.94631E+16
107326,7.17091E+18,7,3,16,0,2017,9,7,3,2,5,3,1,1,0,0,0,0,0,4.37082E+20,5.46678E+21,8.13368E+15,4.93505E+16
107327,7.17091E+18,7,3,38,21,2017,9,20,3,3,2,6,0,0,0,1,1,2,0,4.59108E+20,5.46873E+21,8.43674E+15,4.93699E+16
107328,7.17091E+18,7,3,18,0,2017,9,15,3,3,0,1,0,0,0,1,0,0,1,4.58023E+20,5.46188E+21,8.42251E+15,4.93082E+16
107329,7.17091E+18,7,3,18,0,2017,9,7,3,3,5,3,1,1,0,0,0,0,0,4.58615E+20,5.46436E+21,8.4304E+15,4.93306E+16
107330,7.17091E+18,7,3,38,26,2017,9,7,3,2,9,1,0,1,0,0,0,0,0,4.57999E+20,5.47099E+21,8.42123E+15,4.93902E+16
107331,7.17091E+18,7,3,14,0,2017,9,15,3,3,0,7,0,0,0,0,1,0,0,4.56906E+20,5.48242E+21,8.40493E+15,4.94928E+16
107332,7.17091E+18,7,1,33,6,2017,9,16,3,3,5,3,1,1,0,0,0,0,0,4.18182E+20,5.52169E+21,7.86207E+15,4.98421E+16
107333,7.17091E+18,7,3,15,0,2017,9,18,3,3,0,5,1,1,0,0,0,0,0,4.46194E+20,5.54024E+21,8.24903E+15,5.00121E+16
107334,7.17091E+18,7,3,15,0,2017,9,14,3,2,2,6,0,1,0,0,1,0,0,4.42052E+20,5.53745E+21,8.19165E+15,4.99866E+16
107335,7.17091E+18,7,2,32,76,2017,9,11,3,2,8,1,0,1,0,0,0,0,1,3.23963E+20,5.54818E+21,6.54049E+15,5.00598E+16
107336,7.17091E+18,7,1,34,45,2017,9,15,3,2,0,5,0,1,0,0,0,0,0,3.77896E+20,5.50958E+21,7.30579E+15,4.97263E+16
107337,7.17091E+18,7,2,35,119,2017,9,12,3,2,8,1,0,0,0,1,0,0,1,3.36212E+20,5.50118E+21,6.73135E+15,4.96409E+16
107338,7.17091E+18,7,2,35,118,2017,9,9,3,3,9,1,0,1,0,0,0,0,1,3.21844E+20,5.49958E+21,6.53325E+15,4.96225E+16
107339,7.17091E+18,7,2,11,0,2017,9,10,3,3,5,3,0,1,0,0,1,0,1,3.33723E+20,5.5188E+21,6.68941E+15,4.97986E+16
107340,7.17091E+18,7,2,11,0,2017,9,16,3,3,2,6,0,1,0,0,0,0,0,3.29128E+20,5.51297E+21,6.62816E+15,4.97449E+16
107341,7.17091E+18,7,1,41,31,2017,9,21,3,2,8,7,0,1,0,0,0,2,1,4.11454E+20,5.55112E+21,7.76175E+15,5.01057E+16
107342,7.17091E+18,7,1,41,6,2017,9,10,3,2,0,1,1,0,0,0,0,0,1,4.09376E+20,5.57593E+21,7.72677E+15,5.03285E+16
107343,7.17091E+18,7,1,43,79,2017,9,7,3,3,1,6,0,1,0,0,0,0,1,4.14503E+20,5.58063E+21,7.79772E+15,5.03715E+16
107344,7.17091E+18,7,1,38,59,2017,9,13,3,2,8,1,0,1,0,0,0,0,1,4.01703E+20,5.60257E+21,7.61201E+15,5.05668E+16
107345,7.17091E+18,7,1,32,117,2017,9,13,3,3,2,6,0,1,0,1,0,0,1,4.1039E+20,5.6265E+21,7.72883E+15,5.07834E+16
107346,7.17091E+18,7,1,32,117,2017,9,11,3,3,3,6,0,1,0,0,1,0,1,4.10089E+20,5.62893E+21,7.72397E+15,5.08051E+16
107347,7.17091E+18,7,1,35,36,2017,9,21,3,3,9,1,0,1,0,0,0,2,1,3.67715E+20,5.55911E+21,7.1476E+15,5.01694E+16
107348,7.17091E+18,7,1,31,208,2017,9,16,3,2,8,1,0,0,0,1,0,0,1,3.66972E+20,5.59057E+21,7.12612E+15,5.0452E+16
107349,7.17091E+18,7,1,40,125,2017,9,15,3,3,5,2,0,1,0,0,0,0,0,4.05214E+20,5.53952E+21,7.67738E+15,5.00005E+16
107350,7.17091E+18,7,1,40,145,2017,9,9,3,3,8,1,0,0,0,0,1,0,0,3.76919E+20,5.53243E+21,7.28499E+15,4.99315E+16
107351,7.17091E+18,7,1,11,0,2017,9,19,3,3,5,3,1,1,0,0,0,0,1,3.98389E+20,5.58316E+21,7.57051E+15,5.03917E+16
107352,7.17091E+18,7,1,37,207,2017,9,16,3,3,9,1,0,1,0,0,0,0,1,3.94196E+20,5.56877E+21,7.51557E+15,5.02616E+16
107353,7.17091E+18,7,1,43,69,2017,9,15,3,3,2,6,0,1,0,0,0,0,1,4.05679E+20,5.59769E+21,7.66937E+15,5.05236E+16