OBJECTID,UIDENTSTLA,ULAND,UREGBEZ,UKREIS,UGEMEINDE,UJAHR,UMONAT,USTUNDE,UWOCHENTAG,UKATEGORIE,UART,UTYP1,IstRad,IstPKW,IstFuss,IstKrad,IstSonstig,LICHT,STRZUSTAND,LINREFX,LINREFY,XGCSWGS84,YGCSWGS84
107354,7.17091E+18,7,3,35,22,2017,9,15,2,3,5,3,0,1,0,0,0,0,0,3.91969E+20,5.47053E+21,7.51169E+15,4.93779E+16
107355,7.17091E+18,7,3,12,0,2017,9,18,2,2,2,2,0,1,0,0,0,0,0,4.05813E+20,5.48038E+21,7.70002E+15,4.94688E+16
107356,7.17091E+18,7,3,32,26,2017,9,16,2,2,4,6,0,1,0,0,1,0,0,4.41297E+20,5.48445E+21,8.1891E+15,4.95099E+16
107357,7.17091E+18,7,3,34,28,2017,9,10,2,2,4,6,0,1,0,0,0,0,0,4.54027E+20,5.45756E+21,8.36805E+15,4.92691E+16
107358,7.17091E+18,7,3,37,5,2017,9,8,2,3,8,1,0,0,0,1,0,0,1,4.26191E+20,5.43832E+21,7.98899E+15,4.90933E+16
107359,7.17091E+18,7,3,13,0,2017,9,6,2,3,3,6,0,1,0,0,1,2,0,4.37487E+20,5.45196E+21,8.14158E+15,4.92173E+16
107360,7.17091E+18,7,3,18,0,2017,9,17,2,3,5,3,1,1,0,0,0,0,0,4.58591E+20,5.46283E+21,8.43024E+15,4.93168E+16
107361,7.17091E+18,7,1,33,59,2017,9,15,2,3,8,6,0,1,0,0,1,0,0,3.94819E+20,5.50987E+21,7.54044E+15,4.97321E+16
107362,7.17091E+18,7,3,31,48,2017,9,17,2,3,1,2,0,1,0,0,1,0,0,4.42038E+20,5.49771E+21,8.19739E+15,4.96292E+16
107363,7.17091E+18,7,3,19,0,2017,9,16,2,3,5,3,1,1,0,0,0,0,0,4.53834E+20,5.49999E+21,8.36045E+15,4.96507E+16
107364,7.17091E+18,7,3,15,0,2017,9,8,2,3,2,6,0,1,0,0,0,0,1,4.44802E+20,5.53744E+21,8.23001E+15,4.99867E+16
107365,7.17101E+18,7,1,41,29,2017,10,10,6,2,5,3,0,1,0,0,0,0,1,4.30987E+20,5.57941E+21,8.02971E+15,5.03627E+16
107366,7.17101E+18,7,1,41,6,2017,10,22,6,3,9,1,0,1,0,0,0,2,1,4.10903E+20,5.57642E+21,7.74811E+15,5.03331E+16
107367,7.17101E+18,7,1,43,39,2017,10,11,6,3,2,2,0,1,0,0,0,0,1,4.09557E+20,5.5833E+21,7.72754E+15,5.03948E+16
107368,7.17101E+18,7,1,32,44,2017,10,11,6,3,5,3,0,1,0,0,0,0,1,4.05507E+20,5.62499E+21,7.65998E+15,5.0769E+16
107369,7.17101E+18,7,1,11,0,2017,10,16,2,3,0,1,1,0,0,0,0,0,1,3.9668E+20,5.58206E+21,7.54678E+15,5.03816E+16
107370,7.17101E+18,7,1,11,0,2017,10,16,2,3,2,6,0,1,0,0,1,0,1,3.98103E+20,5.57969E+21,7.56742E+15,5.03605E+16
107371,7.17101E+18,7,1,38,45,2017,10,19,6,3,2,6,0,1,0,0,0,2,0,3.97617E+20,5.58712E+21,7.55857E+15,5.04271E+16
107372,7.17101E+18,7,1,37,43,2017,10,17,2,3,2,6,0,1,0,0,0,0,0,3.74374E+20,5.57044E+21,7.23704E+15,5.02727E+16
107373,7.17101E+18,7,1,38,45,2017,10,11,6,2,5,3,0,1,0,0,1,0,1,3.91038E+20,5.5887E+21,7.46552E+15,5.04402E+16
107374,7.17101E+18,7,1,38,45,2017,10,8,6,3,0,1,0,1,0,0,0,1,1,3.91035E+20,5.5887E+21,7.46548E+15,5.04402E+16
107375,7.17101E+18,7,3,20,0,2017,10,10,1,2,5,3,0,1,0,1,0,0,1,3.80644E+20,5.45586E+21,7.36012E+15,4.92439E+16
107376,7.17101E+18,7,1,31,77,2017,10,18,6,2,4,1,0,1,0,0,0,1,1,3.73196E+20,5.59934E+21,7.21077E+15,5.05322E+16
107377,7.17101E+18,7,1,31,77,2017,10,18,6,3,2,6,0,1,0,0,1,0,1,3.75673E+20,5.60188E+21,7.24485E+15,5.05556E+16
107378,7.17101E+18,7,3,12,0,2017,10,22,1,2,2,6,0,1,0,0,0,2,1,4.15694E+20,5.47856E+21,7.83675E+15,4.94538E+16
107379,7.17101E+18,7,1,31,77,2017,10,14,6,3,2,4,0,1,1,0,1,0,1,3.76494E+20,5.60083E+21,7.25678E+15,5.05464E+16
107380,7.17101E+18,7,1,11,0,2017,10,10,6,3,2,6,0,1,0,0,1,0,1,3.98873E+20,5.57634E+21,7.57915E+15,5.03305E+16
107381,7.17101E+18,7,1,40,87,2017,10,7,6,3,8,1,0,1,0,0,0,1,1,3.9838E+20,5.55016E+21,7.57923E+15,5.0095E+16
107382,7.17101E+18,7,1,43,48,2017,10,9,2,3,5,3,0,1,0,1,0,0,0,4.1591E+20,5.58638E+21,7.81622E+15,5.04234E+16
107383,7.17101E+18,7,1,11,0,2017,10,14,6,3,2,6,0,1,0,0,0,0,1,3.98083E+20,5.58283E+21,7.5663E+15,5.03887E+16
107384,7.17101E+18,7,1,11,0,2017,10,13,6,3,2,6,0,1,0,0,0,0,1,3.98865E+20,5.58192E+21,7.57753E+15,5.03806E+16
107385,7.17101E+18,7,1,11,0,2017,10,8,6,3,9,1,0,1,0,0,0,0,1,3.9678E+20,5.58311E+21,7.54788E+15,5.0391E+16
107386,7.17101E+18,7,1,11,0,2017,10,16,6,3,0,1,1,0,0,0,0,0,1,3.988E+20,5.57765E+21,7.57777E+15,5.03422E+16
107387,7.17101E+18,7,3,32,5,2017,10,12,5,3,8,1,0,0,0,1,0,0,1,4.38649E+20,5.48591E+21,8.15231E+15,4.95227E+16
107388,7.17101E+18,7,3,32,20,2017,10,9,5,3,1,5,0,1,0,0,0,0,0,4.43963E+20,5.47751E+21,8.22691E+15,4.94476E+16
107389,7.17101E+18,7,3,34,501,2017,10,4,5,3,8,1,0,1,0,0,0,2,0,4.44483E+20,5.43315E+21,8.24023E+15,4.90488E+16
107390,7.17101E+18,7,3,34,16,2017,10,7,5,2,8,1,0,0,0,1,0,0,0,4.52064E+20,5.44152E+21,8.34298E+15,4.91247E+16
107391,7.17101E+18,7,3,18,0,2017,10,16,5,2,5,2,1,1,0,0,0,0,1,4.58515E+20,5.46415E+21,8.42905E+15,4.93286E+16
107392,7.17101E+18,7,3,14,0,2017,10,16,5,3,1,2,0,1,0,0,0,0,1,4.55435E+20,5.48197E+21,8.38467E+15,4.94887E+16
107393,7.17101E+18,7,3,31,30,2017,10,10,5,3,2,6,0,1,0,0,0,0,0,4.22405E+20,5.52741E+21,7.91965E+15,4.9894E+16
107394,7.17101E+18,7,3,31,28,2017,10,14,5,3,8,1,0,1,0,0,0,0,1,4.46196E+20,5.51169E+21,8.25303E+15,4.97553E+16
107395,7.17101E+18,7,3,31,32,2017,10,11,5,3,1,2,0,1,0,1,0,0,0,4.426E+20,5.51397E+21,8.20277E+15,4.97754E+16
107396,7.17101E+18,7,3,19,0,2017,10,16,5,2,2,1,0,1,0,1,0,1,1,4.538E+20,5.50019E+21,8.35996E+15,4.96525E+16
107397,7.17101E+18,7,3,15,0,2017,10,19,5,3,8,1,0,1,0,0,0,2,0,4.43754E+20,5.54189E+21,8.21474E+15,5.00267E+16
107398,7.17101E+18,7,3,15,0,2017,10,13,5,3,8,7,0,1,0,0,0,0,0,4.428E+20,5.54026E+21,8.20166E+15,5.00119E+16
107399,7.17101E+18,7,1,43,229,2017,10,12,2,3,5,3,0,1,0,0,0,0,1,4.16492E+20,5.61306E+21,7.81843E+15,5.06634E+16
107400,7.17101E+18,7,2,32,77,2017,10,17,5,3,5,3,0,1,0,1,0,0,1,3.23524E+20,5.53043E+21,6.54251E+15,4.99002E+16
107401,7.17101E+18,7,2,31,81,2017,10,11,5,3,5,3,0,1,0,1,0,0,0,3.55409E+20,5.53216E+21,6.98555E+15,4.99243E+16
107402,7.17101E+18,7,1,34,76,2017,10,14,5,3,5,3,0,1,0,1,0,0,0,3.73028E+20,5.51901E+21,7.2352E+15,4.98101E+16
107403,7.17101E+18,7,1,34,45,2017,10,12,5,3,2,6,0,1,0,0,0,0,0,3.77864E+20,5.5086E+21,7.30565E+15,4.97175E+16
107404,7.17101E+18,7,2,11,0,2017,10,16,5,3,2,6,0,1,0,0,0,0,1,3.28948E+20,5.51133E+21,6.62639E+15,4.97301E+16
107405,7.17101E+18,7,1,43,289,2017,10,15,5,3,4,6,0,0,0,0,1,0,0,4.20974E+20,5.5996E+21,7.88469E+15,5.0543E+16
107406,7.17101E+18,7,1,43,307,2017,10,6,5,3,4,6,0,1,0,0,0,1,0,4.25644E+20,5.59666E+21,7.95117E+15,5.05171E+16
107407,7.17101E+18,7,1,41,60,2017,10,3,5,2,1,5,0,1,0,0,0,2,0,4.22356E+20,5.5631E+21,7.91173E+15,5.0215E+16
107408,7.17101E+18,7,1,38,57,2017,10,17,5,3,4,2,0,1,0,0,0,0,0,4.01762E+20,5.60617E+21,7.61189E+15,5.05991E+16
107409,7.17101E+18,7,1,38,53,2017,10,13,5,3,1,6,0,1,0,0,1,0,1,3.95637E+20,5.60085E+21,7.52686E+15,5.05503E+16
107410,7.17101E+18,7,1,38,19,2017,10,13,5,2,4,1,0,1,0,0,1,0,1,3.7851E+20,5.60823E+21,7.28281E+15,5.06133E+16
107411,7.17101E+18,7,1,32,99,2017,10,16,5,2,4,1,0,1,0,1,0,0,0,4.01616E+20,5.61397E+21,7.60777E+15,5.06693E+16
107412,7.17101E+18,7,3,35,38,2017,10,22,1,3,0,1,0,1,0,0,0,2,1,3.93262E+20,5.47697E+21,7.52776E+15,4.9436E+16
107413,7.17101E+18,7,3,37,48,2017,10,14,1,3,5,3,0,1,0,0,1,0,0,4.39946E+20,5.45722E+21,8.17456E+15,4.92648E+16
107414,7.17101E+18,7,3,38,26,2017,10,20,6,2,0,7,1,0,0,0,0,2,1,4.59185E+20,5.47031E+21,8.43764E+15,4.93841E+16
107415,7.17101E+18,7,1,38,45,2017,10,17,5,2,5,3,0,1,0,0,0,1,0,3.95633E+20,5.58943E+21,7.53E+15,5.04476E+16
107416,7.17101E+18,7,1,31,77,2017,10,20,5,3,9,1,0,1,0,0,0,2,1,3.75787E+20,5.60234E+21,7.24631E+15,5.05597E+16
107417,7.17101E+18,7,3,37,52,2017,10,11,6,3,5,3,0,1,0,1,0,0,1,4.3768E+20,5.46189E+21,8.14269E+15,4.93065E+16
107418,7.17101E+18,7,1,31,70,2017,10,11,5,3,2,2,0,1,0,0,0,0,1,3.73299E+20,5.6101E+21,7.20855E+15,5.0629E+16
107419,7.17101E+18,7,1,11,0,2017,10,17,5,3,1,6,0,1,0,0,0,0,0,3.99579E+20,5.58015E+21,7.58804E+15,5.03649E+16
107420,7.17101E+18,7,1,43,289,2017,10,9,6,3,5,3,0,1,0,0,0,0,1,4.20974E+20,5.60259E+21,7.88406E+15,5.05699E+16
107421,7.171E+18,7,3,40,55,2017,10,17,4,3,5,3,0,1,0,0,0,0,0,3.99055E+20,5.46674E+21,7.61024E+15,4.9345E+16
107422,7.17101E+18,7,2,11,0,2017,10,9,6,3,5,3,0,1,0,0,1,0,1,3.34376E+20,5.52025E+21,6.69785E+15,4.98118E+16
107423,7.171E+18,7,3,17,0,2017,10,20,4,3,4,2,0,1,0,0,0,2,0,3.97804E+20,5.45226E+21,7.59673E+15,4.92146E+16
107424,7.17101E+18,7,3,15,0,2017,10,13,6,3,4,2,0,1,0,1,0,0,1,4.44172E+20,5.54127E+21,8.22067E+15,5.00211E+16
107425,7.171E+18,7,3,35,30,2017,10,22,4,3,8,1,0,1,0,0,0,2,0,3.88464E+20,5.4793E+21,7.46096E+15,4.94561E+16
107426,7.171E+18,7,3,35,38,2017,10,15,4,3,4,6,0,1,0,0,0,0,0,3.99731E+20,5.47813E+21,7.61667E+15,4.94476E+16
107427,7.171E+18,7,3,35,45,2017,10,16,4,2,8,1,0,1,0,0,0,0,0,4.08251E+20,5.46867E+21,7.73636E+15,4.93639E+16
107428,7.171E+18,7,3,34,13,2017,10,9,4,3,2,6,0,1,0,0,0,0,0,4.4232E+20,5.43725E+21,8.21004E+15,4.90854E+16
107429,7.171E+18,7,3,34,1,2017,10,15,4,2,8,1,0,1,0,0,0,0,0,4.49652E+20,5.45044E+21,8.30881E+15,4.92047E+16
107430,7.17101E+18,7,3,15,0,2017,10,15,6,3,2,6,0,1,0,0,0,0,0,4.43912E+20,5.54021E+21,8.2172E+15,5.00115E+16
107431,7.171E+18,7,3,18,0,2017,10,16,4,2,1,6,0,1,0,1,1,0,0,4.59958E+20,5.46261E+21,8.44906E+15,4.93149E+16
107432,7.171E+18,7,3,18,0,2017,10,15,4,2,5,3,0,1,0,0,0,0,0,4.57971E+20,5.46796E+21,8.42117E+15,4.93629E+16
107433,7.17101E+18,7,3,15,0,2017,10,12,6,3,3,2,0,1,0,1,0,0,1,4.43949E+20,5.53909E+21,8.21787E+15,5.00015E+16
107434,7.171E+18,7,3,38,16,2017,10,17,4,2,8,1,0,1,0,0,0,0,0,4.4936E+20,5.48354E+21,8.30059E+15,4.95024E+16
107435,7.17101E+18,7,3,38,14,2017,10,7,6,3,5,3,0,1,0,0,1,0,0,4.48031E+20,5.47434E+21,8.28345E+15,4.94195E+16
107436,7.171E+18,7,3,14,0,2017,10,6,4,3,5,2,0,1,0,0,1,2,0,4.5806E+20,5.4834E+21,8.42076E+15,4.95017E+16
107437,7.17101E+18,7,1,31,90,2017,10,9,2,3,9,1,0,1,0,0,0,0,1,3.73369E+20,5.60445E+21,7.21146E+15,5.05782E+16
107438,7.171E+18,7,3,33,62,2017,10,16,4,2,4,6,0,1,0,0,0,0,0,4.32545E+20,5.50236E+21,8.06515E+15,4.967E+16
107439,7.171E+18,7,3,39,19,2017,10,17,4,3,1,3,0,1,0,0,0,0,0,4.2964E+20,5.53547E+21,8.01889E+15,4.99675E+16
107440,7.171E+18,7,3,15,0,2017,10,8,4,3,3,6,0,1,0,0,1,0,0,4.49161E+20,5.536E+21,8.291E+15,4.99741E+16
107441,7.171E+18,7,2,32,124,2017,10,22,4,2,4,6,0,1,0,0,1,2,0,3.12268E+20,5.53436E+21,6.38402E+15,4.99321E+16
107442,7.171E+18,7,2,31,113,2017,10,8,4,2,4,1,0,1,0,0,0,0,0,3.45893E+20,5.53093E+21,6.85356E+15,4.99109E+16
107443,7.171E+18,7,2,35,45,2017,10,18,4,3,6,4,0,1,1,0,0,1,0,3.50538E+20,5.50279E+21,6.92903E+15,4.96591E+16
107444,7.171E+18,7,2,11,0,2017,10,14,4,3,5,3,0,1,0,0,0,0,0,3.32045E+20,5.51591E+21,6.66735E+15,4.97722E+16
107445,7.171E+18,7,1,43,288,2017,10,17,4,3,8,6,0,0,0,0,1,0,0,4.20853E+20,5.60654E+21,7.8815E+15,5.06054E+16
107446,7.171E+18,7,1,43,222,2017,10,18,4,3,2,6,1,0,0,0,1,1,0,4.29173E+20,5.61116E+21,7.99818E+15,5.0648E+16
107447,7.171E+18,7,1,43,225,2017,10,9,4,2,5,3,0,1,0,1,0,0,0,4.10058E+20,5.61765E+21,7.72629E+15,5.07037E+16
107448,7.171E+18,7,1,32,501,2017,10,15,4,3,2,2,0,1,0,0,0,0,0,4.02194E+20,5.61481E+21,7.61572E+15,5.06769E+16
107449,7.171E+18,7,1,38,45,2017,10,6,4,3,9,1,0,1,0,0,0,2,1,3.99242E+20,5.59175E+21,7.5802E+15,5.04691E+16
107450,7.17101E+18,7,3,37,49,2017,10,18,6,3,4,1,0,1,0,0,0,0,1,4.25626E+20,5.44412E+21,7.98018E+15,4.91454E+16
107451,7.17101E+18,7,3,37,20,2017,10,9,6,3,4,2,0,1,0,0,1,0,0,4.36416E+20,5.45985E+21,8.12562E+15,4.92881E+16
107452,7.17101E+18,7,1,34,36,2017,10,7,6,3,4,1,0,1,0,0,1,1,1,3.75339E+20,5.49796E+21,7.27403E+15,4.96213E+16
107453,7.171E+18,7,1,40,204,2017,10,19,4,3,2,6,0,1,0,0,0,1,0,3.81201E+20,5.5453E+21,7.34066E+15,5.00481E+16
107454,7.17101E+18,7,2,32,501,2017,10,6,6,3,1,7,0,1,0,0,0,2,1,3.16032E+20,5.54183E+21,6.43285E+15,5.00004E+16
107455,7.171E+18,7,1,40,145,2017,10,13,4,3,6,4,0,1,1,0,0,0,0,3.78317E+20,5.53205E+21,7.30458E+15,4.99284E+16
107456,7.171E+18,7,1,40,133,2017,10,6,4,2,6,4,0,1,1,0,0,2,0,4.07502E+20,5.55688E+21,7.70511E+15,5.01569E+16
107457,7.17101E+18,7,3,12,0,2017,10,10,6,2,5,3,0,1,0,0,0,0,1,4.08672E+20,5.47625E+21,7.74042E+15,4.9432E+16
107458,7.171E+18,7,1,11,0,2017,10,15,4,3,5,3,1,1,0,0,0,0,0,4.00035E+20,5.58022E+21,7.59444E+15,5.03656E+16
107459,7.171E+18,7,1,11,0,2017,10,11,4,3,8,1,0,1,0,0,0,0,0,3.99552E+20,5.57909E+21,7.58795E+15,5.03553E+16
107460,7.17101E+18,7,1,43,283,2017,10,0,6,3,9,1,0,1,0,0,0,2,1,4.32505E+20,5.61154E+21,8.04524E+15,5.06518E+16
107461,7.171E+18,7,1,43,32,2017,10,13,4,3,2,6,0,1,0,0,1,0,0,4.05105E+20,5.58883E+21,7.66353E+15,5.04438E+16
107462,7.171E+18,7,3,36,30,2017,10,14,3,3,2,6,0,1,0,0,0,0,0,3.9387E+20,5.49675E+21,7.53083E+15,4.9614E+16
107463,7.171E+18,7,3,16,0,2017,10,14,3,3,5,2,0,1,0,1,0,0,0,4.49299E+20,5.46237E+21,8.30245E+15,4.9312E+16
107464,7.171E+18,7,3,34,13,2017,10,13,3,3,8,2,1,1,0,0,0,0,0,4.4151E+20,5.43697E+21,8.19899E+15,4.90828E+16
107465,7.171E+18,7,3,37,18,2017,10,11,3,3,6,7,0,1,1,0,0,0,0,4.31996E+20,5.43696E+21,8.06872E+15,4.90817E+16
107466,7.171E+18,7,3,18,0,2017,10,13,3,3,1,6,0,1,0,0,0,0,0,4.57621E+20,5.46297E+21,8.41687E+15,4.9318E+16
107467,7.171E+18,7,3,38,25,2017,10,18,3,3,2,3,0,1,0,0,0,1,0,4.54255E+20,5.47255E+21,8.36946E+15,4.94039E+16
107468,7.171E+18,7,3,14,0,2017,10,17,3,3,9,1,0,1,0,0,0,0,1,4.5036E+20,5.47982E+21,8.31487E+15,4.9469E+16
107469,7.171E+18,7,3,39,5,2017,10,10,3,3,1,6,0,1,0,0,0,0,0,4.19832E+20,5.53522E+21,7.88221E+15,4.99639E+16
107470,7.171E+18,7,2,31,134,2017,10,6,3,3,1,6,0,1,0,0,0,1,0,3.50401E+20,5.53856E+21,6.91334E+15,4.99806E+16
107471,7.171E+18,7,2,11,0,2017,10,23,3,3,2,2,0,1,0,0,0,2,0,3.29314E+20,5.5152E+21,6.62976E+15,4.97651E+16
107472,7.171E+18,7,1,32,72,2017,10,15,3,3,2,2,0,1,0,0,0,0,0,4.26763E+20,5.63343E+21,7.95966E+15,5.08479E+16
107473,7.171E+18,7,1,32,93,2017,10,18,3,2,5,3,0,1,0,1,0,1,1,3.96653E+20,5.61248E+21,7.53797E+15,5.0655E+16
107474,7.171E+18,7,1,35,43,2017,10,11,3,3,4,6,0,1,0,0,1,0,0,3.73511E+20,5.56745E+21,7.22594E+15,5.02457E+16
107475,7.17101E+18,7,3,18,0,2017,10,16,1,3,2,6,0,1,0,0,0,0,1,4.60191E+20,5.46277E+21,8.45226E+15,4.93163E+16
107476,7.17101E+18,7,3,18,0,2017,10,11,1,3,0,1,0,0,0,1,0,0,1,4.59542E+20,5.4622E+21,8.44339E+15,4.93112E+16
107477,7.17101E+18,7,3,18,0,2017,10,9,1,3,4,2,1,1,0,0,0,0,1,4.57626E+20,5.46415E+21,8.41682E+15,4.93286E+16
107478,7.171E+18,7,1,31,6,2017,10,10,3,3,8,1,0,1,0,0,0,0,0,3.77949E+20,5.59872E+21,7.278E+15,5.05277E+16
107479,7.171E+18,7,1,31,2,2017,10,6,3,2,9,1,0,0,0,0,1,2,1,3.56286E+20,5.59514E+21,6.97394E+15,5.04906E+16
107480,7.171E+18,7,1,31,7,2017,10,12,3,3,5,2,0,1,0,0,0,0,0,3.70378E+20,5.60104E+21,7.17044E+15,5.0547E+16
107481,7.171E+18,7,1,37,49,2017,10,15,3,3,8,1,0,0,0,1,0,0,0,3.69234E+20,5.58164E+21,7.16107E+15,5.03723E+16
107482,7.171E+18,7,3,17,0,2017,10,9,2,3,6,2,0,1,1,0,0,0,1,3.98343E+20,5.45037E+21,7.6046E+15,4.91977E+16
107483,7.171E+18,7,3,12,0,2017,10,9,2,3,4,1,0,1,0,0,1,0,1,4.06106E+20,5.47824E+21,7.70457E+15,4.94496E+16
107484,7.171E+18,7,3,35,30,2017,10,6,2,3,8,1,0,1,0,0,0,2,1,3.88602E+20,5.47911E+21,7.46292E+15,4.94544E+16
107485,7.17101E+18,7,3,18,0,2017,10,5,1,3,0,1,0,1,0,0,0,2,1,4.58253E+20,5.46157E+21,8.42572E+15,4.93055E+16
107486,7.17101E+18,7,1,33,46,2017,10,7,1,2,8,1,0,0,0,1,0,1,1,3.93107E+20,5.51767E+21,7.51454E+15,4.98019E+16
107487,7.17101E+18,7,3,39,43,2017,10,12,1,3,0,2,0,0,0,1,0,0,0,4.53403E+20,5.5238E+21,8.35163E+15,4.98648E+16
107488,7.17101E+18,7,2,35,78,2017,10,20,1,3,9,1,0,1,0,0,0,2,1,3.38824E+20,5.51969E+21,6.75986E+15,4.9808E+16
107489,7.171E+18,7,3,32,41,2017,10,17,2,3,2,6,0,1,0,0,0,0,0,4.40095E+20,5.49324E+21,8.17117E+15,4.95887E+16
107490,7.171E+18,7,3,32,34,2017,10,8,2,3,9,1,0,1,0,0,0,0,1,4.34382E+20,5.469E+21,8.09615E+15,4.93701E+16
107491,7.171E+18,7,3,34,12,2017,10,14,2,3,2,2,0,1,0,0,0,0,0,4.45318E+20,5.43924E+21,8.25083E+15,4.91036E+16
107492,7.171E+18,7,3,37,70,2017,10,18,2,2,0,1,1,0,0,0,0,1,1,4.3525E+20,5.46081E+21,8.10944E+15,4.92966E+16
107493,7.17101E+18,7,2,33,29,2017,10,2,1,3,9,1,0,1,0,0,0,2,1,3.32189E+20,5.57528E+21,6.64336E+15,5.03057E+16
107494,7.171E+18,7,3,13,0,2017,10,11,2,3,9,1,0,1,0,0,0,0,0,4.3562E+20,5.45094E+21,8.11611E+15,4.92079E+16
107495,7.17101E+18,7,2,32,43,2017,10,7,1,3,8,7,0,1,0,0,0,0,1,3.32084E+20,5.54347E+21,6.65593E+15,5.00199E+16
107496,7.171E+18,7,3,14,0,2017,10,8,2,3,2,6,0,1,0,0,1,0,1,4.54942E+20,5.48098E+21,8.37797E+15,4.94798E+16
107497,7.171E+18,7,1,33,48,2017,10,15,2,3,8,1,0,1,0,0,0,0,0,4.12791E+20,5.51915E+21,7.78767E+15,4.98185E+16
107498,7.171E+18,7,3,33,57,2017,10,18,2,3,8,1,0,0,0,1,0,1,1,4.27327E+20,5.50374E+21,7.99258E+15,4.96818E+16
107499,7.171E+18,7,3,33,19,2017,10,13,2,3,2,6,0,1,0,0,0,0,1,4.3289E+20,5.48957E+21,8.07211E+15,4.9555E+16
107500,7.171E+18,7,3,31,3,2017,10,16,2,3,5,3,0,1,0,0,0,0,0,4.38033E+20,5.51023E+21,8.13995E+15,4.97413E+16
107501,7.171E+18,7,3,39,51,2017,10,13,2,2,8,1,0,1,0,0,0,0,1,4.35011E+20,5.53159E+21,8.09444E+15,4.99331E+16
107502,7.171E+18,7,2,31,134,2017,10,7,2,3,9,1,0,1,0,0,0,0,1,3.46368E+20,5.53986E+21,6.85661E+15,4.99913E+16
107503,7.171E+18,7,2,31,502,2017,10,15,2,3,2,6,0,1,0,0,0,0,1,3.68003E+20,5.52398E+21,7.16371E+15,4.98537E+16
107504,7.171E+18,7,1,34,45,2017,10,12,2,3,5,3,0,1,0,0,0,0,1,3.78219E+20,5.5081E+21,7.31073E+15,4.9713E+16
107505,7.171E+18,7,1,34,47,2017,10,9,2,3,8,7,0,1,0,0,0,0,1,3.73112E+20,5.51367E+21,7.23811E+15,4.97621E+16
107506,7.171E+18,7,2,35,101,2017,10,15,2,3,8,1,0,1,0,0,0,0,1,3.18559E+20,5.50286E+21,6.48629E+15,4.9651E+16
107507,7.17101E+18,7,1,43,48,2017,10,5,2,3,7,7,0,1,0,0,0,1,0,4.13494E+20,5.58528E+21,7.78247E+15,5.04132E+16
107508,7.171E+18,7,2,35,207,2017,10,12,2,3,1,5,0,1,0,1,0,0,1,3.48947E+20,5.52135E+21,6.89981E+15,4.98256E+16
107509,7.171E+18,7,1,41,126,2017,10,15,2,2,0,7,0,1,0,0,1,0,1,4.2913E+20,5.57405E+21,8.0046E+15,5.03143E+16
107510,7.171E+18,7,1,43,49,2017,10,12,2,2,4,2,0,1,0,0,0,0,1,4.15497E+20,5.59207E+21,7.80912E+15,5.04745E+16
107511,7.171E+18,7,1,32,2,2017,10,13,2,3,9,1,0,1,0,0,0,0,1,4.2228E+20,5.62418E+21,7.89797E+15,5.07642E+16
107512,7.171E+18,7,1,32,92,2017,10,12,2,3,5,2,0,1,0,1,0,0,1,4.07707E+20,5.6211E+21,7.69215E+15,5.07343E+16
107513,7.171E+18,7,1,38,45,2017,10,10,2,3,2,2,0,1,0,0,1,0,1,3.89915E+20,5.58857E+21,7.44975E+15,5.04388E+16
107514,7.171E+18,7,1,31,6,2017,10,13,2,3,2,6,0,1,0,0,0,0,0,3.79368E+20,5.59668E+21,7.29867E+15,5.05096E+16
107515,7.171E+18,7,1,37,8,2017,10,15,2,2,9,1,0,0,0,1,0,0,1,3.73549E+20,5.58273E+21,7.22135E+15,5.03831E+16
107516,7.171E+18,7,1,11,0,2017,10,19,2,2,6,4,0,1,1,0,0,2,0,3.98607E+20,5.57938E+21,7.57459E+15,5.03577E+16
107517,7.171E+18,7,3,40,43,2017,10,15,1,3,2,6,0,1,0,0,0,0,0,4.13588E+20,5.4432E+21,7.81535E+15,4.91356E+16
107518,7.171E+18,7,3,12,0,2017,10,20,1,3,5,3,0,1,0,0,0,2,0,4.10093E+20,5.47213E+21,7.76095E+15,4.93953E+16
107519,7.171E+18,7,3,35,47,2017,10,14,1,2,8,1,0,1,0,0,0,0,0,4.09009E+20,5.47234E+21,7.74597E+15,4.93969E+16
107520,7.17101E+18,7,1,34,20,2017,10,3,1,3,9,1,0,1,0,0,0,2,1,3.68591E+20,5.49989E+21,7.18E+15,4.96373E+16
107521,7.17101E+18,7,1,41,113,2017,10,12,1,3,4,6,0,1,0,0,0,0,1,4.30997E+20,5.56422E+21,8.03262E+15,5.02262E+16
107522,7.17101E+18,7,1,31,70,2017,10,3,1,2,9,7,0,1,0,0,0,2,1,3.73375E+20,5.60782E+21,7.21041E+15,5.06085E+16
107523,7.17101E+18,7,1,37,102,2017,10,14,1,3,8,1,0,1,0,0,0,0,1,3.78899E+20,5.57567E+21,7.29884E+15,5.03207E+16
107524,7.171E+18,7,3,37,20,2017,10,16,1,3,2,6,0,0,0,1,0,0,0,4.37504E+20,5.45996E+21,8.14056E+15,4.92892E+16
107525,7.17101E+18,7,1,40,14,2017,10,18,1,3,5,2,0,1,0,0,0,1,1,3.95841E+20,5.55299E+21,7.54297E+15,5.012E+16