OBJECTID,UIDENTSTLA,ULAND,UREGBEZ,UKREIS,UGEMEINDE,UJAHR,UMONAT,USTUNDE,UWOCHENTAG,UKATEGORIE,UART,UTYP1,IstRad,IstPKW,IstFuss,IstKrad,IstSonstig,LICHT,STRZUSTAND,LINREFX,LINREFY,XGCSWGS84,YGCSWGS84
107526,7.17101E+18,7,1,40,112,2017,10,12,1,3,5,3,0,1,0,0,0,0,0,4.09336E+20,5.55103E+21,7.73216E+15,5.01046E+16
107527,7.171E+18,7,3,37,23,2017,10,13,1,3,1,6,0,1,0,0,0,0,0,4.39321E+20,5.45314E+21,8.16659E+15,4.9228E+16
107528,7.171E+18,7,3,18,0,2017,10,17,1,3,2,6,0,1,0,0,0,0,0,4.58531E+20,5.46269E+21,8.42942E+15,4.93155E+16
107529,7.171E+18,7,3,38,10,2017,10,0,1,3,9,1,0,1,0,0,0,2,1,4.51729E+20,5.46267E+21,8.33584E+15,4.93149E+16
107530,7.171E+18,7,3,31,30,2017,10,14,1,3,5,3,1,1,0,0,0,0,0,4.26835E+20,5.5219E+21,7.98235E+15,4.98451E+16
107531,7.171E+18,7,3,31,12,2017,10,13,1,2,2,2,0,1,0,0,0,0,0,4.33805E+20,5.51534E+21,8.08041E+15,4.97869E+16
107532,7.171E+18,7,3,15,0,2017,10,14,1,3,2,3,0,1,0,0,0,0,0,4.45237E+20,5.53496E+21,8.23643E+15,4.99645E+16
107533,7.171E+18,7,2,32,247,2017,10,12,1,2,5,3,0,1,0,1,0,0,0,3.032E+20,5.56046E+21,6.24441E+15,5.01636E+16
107534,7.171E+18,7,1,34,41,2017,10,4,1,3,8,1,0,1,0,0,0,2,1,3.82524E+20,5.51185E+21,7.36929E+15,4.97476E+16
107535,7.171E+18,7,1,31,28,2017,10,13,1,2,8,1,0,0,0,1,0,0,0,3.55668E+20,5.57974E+21,6.97115E+15,5.0352E+16
107536,7.171E+18,7,1,31,7,2017,10,18,1,3,0,1,0,0,0,1,0,0,0,3.65723E+20,5.59949E+21,7.10533E+15,5.05319E+16
107537,7.171E+18,7,1,31,11,2017,10,15,1,2,4,6,0,1,0,1,0,0,0,3.55569E+20,5.59806E+21,6.9627E+15,5.05166E+16
107538,7.17101E+18,7,1,11,0,2017,10,12,1,3,8,7,0,1,0,0,0,0,1,3.94437E+20,5.57701E+21,7.51665E+15,5.03357E+16
107539,7.171E+18,7,1,40,67,2017,10,13,1,3,9,1,0,1,0,0,0,0,0,3.86399E+20,5.5353E+21,7.41618E+15,4.99593E+16
107540,7.17093E+18,7,3,12,0,2017,9,16,7,3,2,2,0,1,0,0,0,0,1,4.05808E+20,5.48043E+21,7.69994E+15,4.94692E+16
107541,7.17101E+18,7,1,11,0,2017,10,21,1,3,5,2,0,1,0,0,0,2,1,3.99971E+20,5.57905E+21,7.59385E+15,5.0355E+16
107542,7.17093E+18,7,3,12,0,2017,9,16,7,3,5,3,0,1,0,0,1,0,0,4.03373E+20,5.47651E+21,7.6673E+15,4.94336E+16
107543,7.17101E+18,7,1,11,0,2017,10,15,1,3,4,6,0,1,0,0,0,0,0,3.9953E+20,5.5742E+21,7.58894E+15,5.03114E+16
107544,7.17093E+18,7,3,32,27,2017,9,11,7,3,2,2,0,1,0,1,0,0,0,4.32949E+20,5.48834E+21,8.07315E+15,4.95439E+16
107545,7.17093E+18,7,3,32,48,2017,9,13,7,3,5,2,0,1,0,0,0,0,0,4.33578E+20,5.46946E+21,8.085E+15,4.93742E+16
107546,7.17093E+18,7,3,13,0,2017,9,23,7,3,8,1,0,1,0,0,0,2,1,4.31658E+20,5.45076E+21,8.06176E+15,4.92058E+16
107547,7.17093E+18,7,3,37,83,2017,9,21,7,3,8,1,0,1,0,0,0,2,1,4.22801E+20,5.44815E+21,7.94069E+15,4.91813E+16
107548,7.17093E+18,7,3,38,7,2017,9,13,7,3,3,6,1,1,0,0,0,0,0,4.55687E+20,5.46278E+21,8.39028E+15,4.93162E+16
107549,7.17093E+18,7,3,14,0,2017,9,15,7,3,3,6,0,1,0,0,0,0,0,4.60067E+20,5.48139E+21,8.44867E+15,4.94839E+16
107550,7.17093E+18,7,1,33,23,2017,9,20,7,3,8,1,0,1,0,0,0,2,1,4.0649E+20,5.53909E+21,7.69529E+15,4.99968E+16
107551,7.17093E+18,7,1,33,6,2017,9,18,7,3,2,1,0,1,0,0,0,1,1,4.21577E+20,5.52209E+21,7.9092E+15,4.98461E+16
107552,7.17093E+18,7,3,31,20,2017,9,13,7,3,5,7,1,0,0,0,0,0,0,4.39756E+20,5.50625E+21,8.16448E+15,4.97057E+16
107553,7.17093E+18,7,3,39,19,2017,9,10,7,2,2,1,1,1,0,0,0,0,0,4.28665E+20,5.53377E+21,8.00561E+15,4.9952E+16
107554,7.17093E+18,7,3,15,0,2017,9,15,7,3,5,3,1,1,0,0,0,0,0,4.47346E+20,5.53953E+21,8.26521E+15,5.00058E+16
107555,7.17093E+18,7,2,31,117,2017,9,12,7,3,3,6,0,1,0,0,0,0,1,3.45987E+20,5.53112E+21,6.85479E+15,4.99126E+16
107556,7.17093E+18,7,2,33,213,2017,9,21,7,2,8,1,0,1,0,0,0,2,1,3.55699E+20,5.56892E+21,6.97572E+15,5.02548E+16
107557,7.17093E+18,7,2,32,207,2017,9,11,7,3,8,1,0,1,0,0,0,0,1,3.08513E+20,5.56565E+21,6.31611E+15,5.0212E+16
107558,7.17101E+18,7,3,40,5,2017,10,1,7,3,7,7,0,1,0,0,0,2,1,4.18704E+20,5.44494E+21,7.88512E+15,4.91519E+16
107559,7.17101E+18,7,3,20,0,2017,10,22,7,2,8,1,0,1,0,0,0,2,1,3.82122E+20,5.45729E+21,7.37999E+15,4.9257E+16
107560,7.17101E+18,7,3,36,31,2017,10,18,7,2,8,7,0,1,0,0,0,0,0,3.87913E+20,5.48E+21,7.45315E+15,4.94623E+16
107561,7.17093E+18,7,2,31,134,2017,9,8,7,3,5,1,1,1,0,0,0,0,1,3.51687E+20,5.53984E+21,6.93077E+15,4.99924E+16
107562,7.17093E+18,7,2,35,96,2017,9,10,7,1,0,1,0,0,0,1,0,0,1,3.20562E+20,5.50939E+21,6.51102E+15,4.97103E+16
107563,7.17101E+18,7,3,35,22,2017,10,20,7,3,4,6,0,1,0,0,0,2,0,3.96789E+20,5.47312E+21,7.5774E+15,4.9402E+16
107564,7.17093E+18,7,2,35,137,2017,9,14,7,3,8,1,0,1,0,0,0,0,1,3.23125E+20,5.51457E+21,6.5442E+15,4.97576E+16
107565,7.17101E+18,7,3,35,26,2017,10,13,7,3,5,3,0,1,0,1,0,0,0,4.16482E+20,5.4835E+21,7.84659E+15,4.94984E+16
107566,7.17093E+18,7,1,43,241,2017,9,10,7,3,8,1,0,1,0,0,0,0,1,4.11438E+20,5.60916E+21,7.74787E+15,5.06276E+16
107567,7.17093E+18,7,1,41,53,2017,9,13,7,3,2,6,0,1,0,0,0,0,0,4.28972E+20,5.58095E+21,8.00109E+15,5.03763E+16
107568,7.17093E+18,7,1,43,50,2017,9,2,7,2,9,1,0,1,0,0,0,2,0,4.0225E+20,5.59143E+21,7.62266E+15,5.04667E+16
107569,7.17093E+18,7,1,43,51,2017,9,18,7,3,4,2,0,1,0,0,0,0,1,4.2487E+20,5.58521E+21,7.94255E+15,5.04141E+16
107570,7.17093E+18,7,1,32,66,2017,9,8,7,3,9,1,0,1,0,0,0,0,0,4.16272E+20,5.61878E+21,7.81401E+15,5.07148E+16
107571,7.17093E+18,7,1,31,70,2017,9,15,7,3,2,6,0,1,0,0,0,0,1,3.73099E+20,5.6118E+21,7.20514E+15,5.06442E+16
107572,7.17093E+18,7,1,37,216,2017,9,15,7,3,5,3,0,1,0,0,0,0,1,3.9445E+20,5.58299E+21,7.51515E+15,5.03895E+16
107573,7.17093E+18,7,1,37,88,2017,9,14,7,3,5,3,0,1,0,0,0,0,1,3.85246E+20,5.5819E+21,7.38607E+15,5.03779E+16
107574,7.17093E+18,7,1,40,112,2017,9,18,7,3,8,1,0,1,0,0,0,1,1,4.089E+20,5.55364E+21,7.72545E+15,5.0128E+16
107575,7.17093E+18,7,1,11,0,2017,9,19,7,3,5,3,1,1,0,0,0,2,1,3.98685E+20,5.57942E+21,7.57567E+15,5.03582E+16
107576,7.17093E+18,7,3,20,0,2017,9,11,6,3,1,3,1,1,0,0,0,0,0,3.82749E+20,5.45702E+21,7.38869E+15,4.92547E+16
107577,7.17093E+18,7,3,36,86,2017,9,8,6,3,9,1,0,0,0,1,0,0,0,4.0417E+20,5.49426E+21,7.67398E+15,4.95933E+16
107578,7.17093E+18,7,3,35,3,2017,9,7,6,3,5,3,1,1,0,0,0,0,0,3.867E+20,5.47353E+21,7.43828E+15,4.94039E+16
107579,7.17101E+18,7,3,12,0,2017,10,9,7,3,5,3,0,1,0,0,0,0,0,4.11551E+20,5.47705E+21,7.77994E+15,4.94397E+16
107580,7.17101E+18,7,3,32,46,2017,10,10,7,3,2,6,0,1,0,0,1,0,0,4.40634E+20,5.47658E+21,8.18113E+15,4.9439E+16
107581,7.17093E+18,7,3,12,0,2017,9,15,6,3,2,2,0,1,0,0,1,0,0,4.10208E+20,5.4764E+21,7.76157E+15,4.94336E+16
107582,7.17101E+18,7,3,37,74,2017,10,20,7,3,9,1,0,0,0,0,1,2,1,4.21488E+20,5.44249E+21,7.92377E+15,4.91302E+16
107583,7.17101E+18,7,3,37,9,2017,10,9,7,3,5,3,0,1,0,0,0,0,0,4.30335E+20,5.45091E+21,8.04357E+15,4.9207E+16
107584,7.17101E+18,7,3,13,0,2017,10,23,7,3,9,1,0,1,0,0,0,2,0,4.32628E+20,5.44961E+21,8.07527E+15,4.91956E+16
107585,7.17101E+18,7,3,37,7,2017,10,13,7,2,8,7,0,1,0,0,0,0,0,4.32121E+20,5.44252E+21,8.06951E+15,4.91317E+16
107586,7.17101E+18,7,3,11,0,2017,10,12,7,3,3,2,0,1,0,1,0,0,0,4.52142E+20,5.48673E+21,8.33863E+15,4.95313E+16
107587,7.17093E+18,7,3,35,29,2017,9,10,6,2,6,4,0,1,1,0,0,0,0,4.05639E+20,5.49242E+21,7.69475E+15,4.9577E+16
107588,7.17093E+18,7,3,12,0,2017,9,10,6,3,2,6,0,1,0,0,0,0,0,4.10842E+20,5.47793E+21,7.76997E+15,4.94475E+16
107589,7.17093E+18,7,3,32,25,2017,9,15,6,3,0,1,1,0,0,0,0,0,0,4.45314E+20,5.46645E+21,8.24707E+15,4.93483E+16
107590,7.17093E+18,7,3,32,24,2017,9,13,6,3,4,7,0,1,0,0,0,0,0,4.38529E+20,5.48838E+21,8.15026E+15,4.95449E+16
107591,7.17093E+18,7,3,16,0,2017,9,16,6,3,2,1,0,1,0,0,0,0,0,4.40279E+20,5.4677E+21,8.17756E+15,4.93591E+16
107592,7.17093E+18,7,3,16,0,2017,9,11,6,3,6,2,0,1,1,0,0,0,0,4.376E+20,5.46683E+21,8.14081E+15,4.9351E+16
107593,7.17093E+18,7,3,34,7,2017,9,11,6,3,5,3,1,1,0,0,0,0,0,4.53706E+20,5.45058E+21,8.36444E+15,4.92063E+16
107594,7.17093E+18,7,3,18,0,2017,9,6,6,3,1,5,1,1,0,0,0,1,0,4.58323E+20,5.46226E+21,8.42661E+15,4.93116E+16
107595,7.17093E+18,7,3,38,26,2017,9,12,6,3,1,6,0,1,0,0,1,0,0,4.59228E+20,5.47067E+21,8.43819E+15,4.93874E+16
107596,7.17093E+18,7,3,14,0,2017,9,16,6,3,2,6,0,1,0,0,0,0,0,4.58302E+20,5.48324E+21,8.42412E+15,4.95004E+16
107597,7.17093E+18,7,1,33,501,2017,9,12,6,3,9,7,0,1,0,0,0,0,0,4.04477E+20,5.51535E+21,7.67307E+15,4.9783E+16
107598,7.17093E+18,7,1,33,75,2017,9,18,6,2,2,6,1,1,0,0,0,0,0,4.06281E+20,5.51706E+21,7.69771E+15,4.97987E+16
107599,7.17093E+18,7,1,33,70,2017,9,16,6,2,0,7,0,0,0,1,0,0,0,4.11089E+20,5.5162E+21,7.7647E+15,4.97917E+16
107600,7.17093E+18,7,3,31,68,2017,9,15,6,1,4,6,0,1,0,0,0,0,0,4.30996E+20,5.52128E+21,8.04033E+15,4.984E+16
107601,7.17093E+18,7,3,31,71,2017,9,14,6,3,2,6,0,1,0,0,0,0,0,4.44374E+20,5.50497E+21,8.2287E+15,4.96947E+16
107602,7.17093E+18,7,3,33,39,2017,9,11,6,3,3,6,0,1,0,0,0,0,0,4.29666E+20,5.5013E+21,8.02545E+15,4.96602E+16
107603,7.17093E+18,7,2,32,119,2017,9,18,6,2,5,2,0,1,0,1,0,0,0,3.21171E+20,5.54924E+21,6.50103E+15,5.00685E+16
107604,7.17093E+18,7,2,31,70,2017,9,15,6,2,4,1,0,1,0,0,1,0,0,3.71852E+20,5.52807E+21,7.21587E+15,4.98913E+16
107605,7.17093E+18,7,1,34,45,2017,9,12,6,3,5,3,0,1,0,1,0,0,0,3.78942E+20,5.50966E+21,7.32027E+15,4.97272E+16
107606,7.17093E+18,7,2,35,37,2017,9,7,6,2,3,6,1,1,0,0,0,1,0,3.34713E+20,5.50818E+21,6.70766E+15,4.97034E+16
107607,7.17093E+18,7,1,43,237,2017,9,20,6,3,8,1,0,1,0,0,0,2,0,4.31933E+20,5.60692E+21,8.03799E+15,5.06102E+16
107608,7.17093E+18,7,1,43,271,2017,9,6,6,3,8,1,0,1,0,0,0,1,0,4.34209E+20,5.60264E+21,8.07092E+15,5.0572E+16
107609,7.17093E+18,7,1,43,301,2017,9,14,6,2,5,3,0,1,0,1,0,0,0,4.09356E+20,5.61188E+21,7.71776E+15,5.06517E+16
107610,7.17093E+18,7,1,41,41,2017,9,6,6,1,4,2,0,1,0,1,0,2,0,4.06414E+20,5.57712E+21,7.68487E+15,5.03387E+16
107611,7.17093E+18,7,1,43,78,2017,9,6,6,3,2,6,0,1,0,1,0,1,1,4.12456E+20,5.59863E+21,7.76473E+15,5.0533E+16
107612,7.17093E+18,7,1,38,40,2017,9,7,6,3,0,1,0,0,0,1,0,0,1,3.98125E+20,5.6032E+21,7.56133E+15,5.05718E+16
107613,7.17101E+18,7,3,14,0,2017,10,10,7,3,5,3,1,1,0,0,0,0,0,4.58965E+20,5.48189E+21,8.43342E+15,4.94882E+16
107614,7.17101E+18,7,3,14,0,2017,10,23,7,3,5,3,0,1,0,0,0,2,1,4.5992E+20,5.47935E+21,8.44686E+15,4.94655E+16
107615,7.17093E+18,7,1,32,117,2017,9,10,6,3,9,1,1,0,0,0,0,0,0,4.10307E+20,5.62657E+21,7.72765E+15,5.07839E+16
107616,7.17093E+18,7,1,32,44,2017,9,7,6,3,5,3,0,1,0,0,0,0,0,4.0693E+20,5.62443E+21,7.6803E+15,5.07641E+16
107617,7.17093E+18,7,1,38,45,2017,9,13,6,3,2,6,0,1,0,0,0,0,0,3.9353E+20,5.58778E+21,7.50086E+15,5.04323E+16
107618,7.17093E+18,7,1,38,45,2017,9,9,6,2,5,3,0,0,0,0,1,0,0,3.89908E+20,5.58858E+21,7.44965E+15,5.04389E+16
107619,7.17093E+18,7,1,31,7,2017,9,21,6,3,4,2,0,1,0,0,0,2,0,3.6883E+20,5.60117E+21,7.14855E+15,5.05478E+16
107620,7.17093E+18,7,1,31,36,2017,9,16,6,2,9,1,0,0,0,1,0,0,0,3.58455E+20,5.60079E+21,7.00235E+15,5.05419E+16
107621,7.17093E+18,7,1,31,7,2017,9,14,6,3,4,6,0,1,0,0,0,0,0,3.66385E+20,5.60127E+21,7.11402E+15,5.05481E+16
107622,7.17101E+18,7,1,37,203,2017,10,0,2,3,5,3,1,1,0,0,0,2,1,3.97476E+20,5.58668E+21,7.5567E+15,5.04232E+16
107623,7.17093E+18,7,1,37,228,2017,9,12,6,3,6,4,0,1,1,0,0,0,0,3.90804E+20,5.58568E+21,7.46311E+15,5.0413E+16
107624,7.17093E+18,7,1,40,501,2017,9,16,6,2,4,1,0,1,0,0,1,0,0,4.02118E+20,5.56718E+21,7.6271E+15,5.02487E+16
107625,7.17093E+18,7,1,37,207,2017,9,9,6,2,8,1,0,1,0,0,0,0,0,3.90634E+20,5.57336E+21,7.4643E+15,5.03022E+16
107626,7.17093E+18,7,1,11,0,2017,9,6,6,3,6,6,1,0,1,0,0,2,0,3.99577E+20,5.57914E+21,7.58828E+15,5.03558E+16
107627,7.17101E+18,7,2,33,16,2017,10,21,7,2,8,1,0,1,0,0,0,2,1,3.53492E+20,5.56125E+21,6.94773E+15,5.01853E+16
107628,7.17093E+18,7,1,37,89,2017,9,8,6,3,9,7,0,1,0,0,0,0,0,3.83544E+20,5.57555E+21,7.3641E+15,5.03206E+16
107629,7.17101E+18,7,2,33,501,2017,10,17,7,3,5,3,0,1,0,0,0,0,1,3.44832E+20,5.56324E+21,6.82571E+15,5.0201E+16
107630,7.17093E+18,7,3,32,24,2017,9,13,5,2,5,2,0,1,0,1,0,0,0,4.39858E+20,5.4901E+21,8.16837E+15,4.95605E+16
107631,7.17093E+18,7,3,32,2,2017,9,18,5,3,2,6,0,1,0,0,0,0,0,4.40316E+20,5.47994E+21,8.17623E+15,4.94692E+16
107632,7.17093E+18,7,3,32,16,2017,9,18,5,2,0,1,0,0,0,1,0,0,0,4.28224E+20,5.46656E+21,8.01178E+15,4.93476E+16
107633,7.17093E+18,7,3,34,13,2017,9,16,5,3,5,3,0,1,0,1,0,0,0,4.40674E+20,5.43833E+21,8.18735E+15,4.90949E+16
107634,7.17093E+18,7,3,34,7,2017,9,17,5,3,5,3,0,1,0,0,0,0,0,4.52721E+20,5.45417E+21,8.3505E+15,4.92384E+16
107635,7.17093E+18,7,3,13,0,2017,9,16,5,2,0,1,1,0,0,0,0,0,0,4.32726E+20,5.45114E+21,8.07634E+15,4.92094E+16
107636,7.17093E+18,7,3,37,23,2017,9,13,5,3,1,6,0,1,0,0,0,0,0,4.40139E+20,5.45315E+21,8.17782E+15,4.92282E+16
107637,7.17093E+18,7,3,18,0,2017,9,21,5,3,0,1,0,0,0,1,0,2,0,4.58597E+20,5.46283E+21,8.43032E+15,4.93168E+16
107638,7.17093E+18,7,3,38,23,2017,9,6,5,2,9,5,0,1,0,1,0,2,0,4.56404E+20,5.45971E+21,8.40049E+15,4.92886E+16
107639,7.17093E+18,7,3,14,0,2017,9,18,5,3,0,7,0,0,0,0,1,0,0,4.56042E+20,5.48832E+21,8.39234E+15,4.95458E+16
107640,7.17093E+18,7,3,14,0,2017,9,13,5,3,0,7,1,0,0,0,0,0,0,4.56602E+20,5.48311E+21,8.40065E+15,4.94991E+16
107641,7.17093E+18,7,3,31,19,2017,9,15,5,3,5,3,1,1,0,0,0,0,0,4.35957E+20,5.51607E+21,8.11017E+15,4.97937E+16
107642,7.17093E+18,7,3,31,3,2017,9,20,5,3,2,6,1,1,0,0,0,1,0,4.35988E+20,5.5111E+21,8.11142E+15,4.9749E+16
107643,7.17101E+18,7,2,31,1,2017,10,9,7,2,4,6,0,1,0,0,0,0,0,3.51193E+20,5.53507E+21,6.92573E+15,4.99495E+16
107644,7.17093E+18,7,3,31,3,2017,9,18,5,2,3,1,0,1,0,0,1,0,0,4.33017E+20,5.51128E+21,8.07016E+15,4.97503E+16
107645,7.17093E+18,7,3,15,0,2017,9,18,5,3,6,4,0,1,1,0,0,0,0,4.47387E+20,5.5397E+21,8.26576E+15,5.00073E+16
107646,7.17093E+18,7,2,33,501,2017,9,16,5,3,8,1,0,1,0,0,0,2,1,3.47488E+20,5.56297E+21,6.863E+15,5.01992E+16
107647,7.17101E+18,7,2,35,141,2017,10,22,7,2,0,1,0,0,0,1,0,2,1,3.3696E+20,5.5138E+21,6.73644E+15,4.97546E+16
107648,7.17093E+18,7,2,32,209,2017,9,16,5,3,4,6,0,1,0,0,0,0,0,3.27613E+20,5.56592E+21,6.58342E+15,5.02203E+16
107649,7.17093E+18,7,2,32,95,2017,9,23,5,3,5,3,0,1,0,0,0,2,0,3.09145E+20,5.53319E+21,6.34114E+15,4.99206E+16
107650,7.17101E+18,7,2,11,0,2017,10,10,7,3,2,6,0,1,0,0,0,0,0,3.33819E+20,5.51251E+21,6.69343E+15,4.97421E+16
107651,7.17101E+18,7,2,11,0,2017,10,0,7,3,1,5,0,1,0,1,0,2,0,3.2901E+20,5.51453E+21,6.62584E+15,4.97589E+16
107652,7.17093E+18,7,2,35,103,2017,9,8,5,3,5,2,0,1,0,0,0,0,0,3.4143E+20,5.5097E+21,6.80012E+15,4.97189E+16
107653,7.17093E+18,7,1,31,7,2017,9,14,5,3,2,6,0,1,0,0,0,0,0,3.65785E+20,5.60101E+21,7.10565E+15,5.05456E+16
107654,7.17093E+18,7,1,40,150,2017,9,17,5,3,3,2,0,1,0,1,0,0,0,3.95821E+20,5.53189E+21,7.54842E+15,4.99303E+16
107655,7.17093E+18,7,1,40,501,2017,9,15,5,3,5,2,0,1,0,0,0,0,0,4.00317E+20,5.56418E+21,7.60263E+15,5.02214E+16
107656,7.17093E+18,7,1,37,43,2017,9,8,5,3,2,6,0,1,0,0,1,0,1,3.7361E+20,5.56979E+21,7.22655E+15,5.02667E+16
107657,7.17093E+18,7,3,40,28,2017,9,8,4,3,1,7,0,1,0,0,1,0,0,4.06665E+20,5.44719E+21,7.71954E+15,4.91704E+16
107658,7.17093E+18,7,3,12,0,2017,9,16,4,3,2,6,0,1,0,0,0,0,0,4.11061E+20,5.47918E+21,7.77271E+15,4.94588E+16
107659,7.17093E+18,7,3,33,503,2017,9,8,4,2,4,6,0,0,0,0,1,0,0,4.16825E+20,5.49182E+21,7.84957E+15,4.95732E+16
107660,7.17093E+18,7,3,35,22,2017,9,17,4,2,5,3,0,1,0,1,0,0,0,3.94695E+20,5.47252E+21,7.54871E+15,4.93962E+16
107661,7.17093E+18,7,3,12,0,2017,9,16,4,3,2,6,0,1,0,0,0,0,0,4.11013E+20,5.4767E+21,7.7726E+15,4.94364E+16
107662,7.17093E+18,7,3,11,0,2017,9,13,4,3,2,6,0,1,0,0,0,0,0,4.57185E+20,5.48832E+21,8.40814E+15,4.95459E+16
107663,7.17093E+18,7,3,32,2,2017,9,5,4,3,5,3,0,1,0,0,1,2,0,4.41881E+20,5.47977E+21,8.19786E+15,4.94678E+16
107664,7.17093E+18,7,3,34,2,2017,9,17,4,1,2,6,1,0,0,0,0,0,0,4.44628E+20,5.42478E+21,8.24335E+15,4.89734E+16
107665,7.17093E+18,7,3,34,17,2017,9,19,4,3,9,1,0,0,0,1,0,2,0,4.51879E+20,5.45689E+21,8.3386E+15,4.92629E+16
107666,7.17093E+18,7,3,37,66,2017,9,18,4,3,8,1,0,1,0,0,0,1,0,4.35878E+20,5.45822E+21,8.11849E+15,4.92734E+16
107667,7.17101E+18,7,1,41,53,2017,10,13,7,3,0,1,0,1,0,0,0,0,0,4.28973E+20,5.58088E+21,8.00111E+15,5.03756E+16
107668,7.17101E+18,7,1,43,62,2017,10,15,7,3,5,3,0,0,0,1,1,0,1,4.08136E+20,5.58992E+21,7.70593E+15,5.0454E+16
107669,7.17101E+18,7,1,43,48,2017,10,10,7,2,2,6,0,1,0,0,1,0,1,4.12819E+20,5.58491E+21,7.77305E+15,5.04098E+16
107670,7.17093E+18,7,3,37,39,2017,9,13,4,3,0,1,0,0,0,1,0,0,0,4.45632E+20,5.44464E+21,8.2544E+15,4.91522E+16
107671,7.17093E+18,7,3,38,4,2017,9,9,4,3,2,6,0,1,0,0,0,0,0,4.53312E+20,5.49165E+21,8.35421E+15,4.95757E+16
107672,7.17101E+18,7,1,38,13,2017,10,13,7,3,9,7,0,1,0,0,0,0,0,3.97374E+20,5.60855E+21,7.54925E+15,5.06198E+16
107673,7.17093E+18,7,3,14,0,2017,9,8,4,3,3,6,0,1,0,1,0,0,0,4.59303E+20,5.48068E+21,8.43821E+15,4.94774E+16
107674,7.17093E+18,7,3,39,56,2017,9,18,4,3,8,1,0,0,0,1,1,0,0,4.28424E+20,5.52628E+21,8.00365E+15,4.98847E+16
107675,7.17093E+18,7,3,39,5,2017,9,17,4,3,2,6,0,1,0,0,0,0,0,4.21329E+20,5.53367E+21,7.90339E+15,4.99502E+16
107676,7.17093E+18,7,3,31,30,2017,9,7,4,2,3,6,1,1,0,0,0,0,0,4.24274E+20,5.52575E+21,7.94598E+15,4.98794E+16
107677,7.17093E+18,7,1,33,6,2017,9,17,4,3,2,2,0,1,0,0,0,0,0,4.17368E+20,5.51956E+21,7.85121E+15,4.98228E+16
107678,7.17093E+18,7,3,19,0,2017,9,10,4,3,2,6,0,1,0,0,0,0,0,4.534E+20,5.49906E+21,8.35455E+15,4.96423E+16
107679,7.17101E+18,7,1,38,41,2017,10,21,2,2,0,1,1,0,0,0,0,2,1,3.80425E+20,5.60855E+21,7.30975E+15,5.06166E+16
107680,7.17093E+18,7,3,19,0,2017,9,8,4,2,2,6,0,1,0,0,1,0,0,4.53259E+20,5.50477E+21,8.35191E+15,4.96936E+16
107681,7.17093E+18,7,2,32,18,2017,9,20,4,3,1,3,0,1,0,1,0,2,0,3.2192E+20,5.53953E+21,6.516E+15,4.99815E+16
107682,7.17093E+18,7,2,31,136,2017,9,23,4,2,8,1,0,0,0,1,0,2,0,3.55447E+20,5.53509E+21,6.98499E+15,4.99507E+16
107683,7.17093E+18,7,1,34,5,2017,9,7,4,2,5,1,0,1,0,0,0,0,1,3.77643E+20,5.49528E+21,7.30675E+15,4.95977E+16
107684,7.17093E+18,7,2,35,118,2017,9,18,4,3,5,3,1,1,0,0,0,0,0,3.22077E+20,5.49697E+21,6.53767E+15,4.95991E+16
107685,7.17093E+18,7,2,11,0,2017,9,7,4,3,2,6,0,1,0,0,0,1,0,3.25406E+20,5.50998E+21,6.57789E+15,4.9717E+16
107686,7.17093E+18,7,1,43,261,2017,9,15,4,2,4,6,0,1,0,0,0,0,0,4.12823E+20,5.61499E+21,7.76607E+15,5.06802E+16
107687,7.17093E+18,7,1,43,206,2017,9,12,4,3,6,4,0,1,1,0,0,0,0,4.26067E+20,5.61212E+21,7.95407E+15,5.06562E+16
107688,7.17093E+18,7,1,41,114,2017,9,7,4,2,8,1,0,0,0,1,0,2,0,4.11947E+20,5.55722E+21,7.76724E+15,5.01606E+16
107689,7.17093E+18,7,1,43,273,2017,9,16,4,3,4,1,1,1,0,0,0,0,0,4.19269E+20,5.59377E+21,7.8619E+15,5.04903E+16
107690,7.17093E+18,7,1,31,55,2017,9,14,4,2,6,4,0,1,1,0,0,0,0,3.73945E+20,5.59142E+21,7.224E+15,5.04612E+16
107691,7.17093E+18,7,1,31,7,2017,9,18,4,3,4,2,0,1,0,0,0,0,0,3.68839E+20,5.60126E+21,7.14865E+15,5.05485E+16
107692,7.17101E+18,7,1,31,2,2017,10,14,7,3,5,2,0,1,0,0,0,0,1,3.56263E+20,5.59455E+21,6.97384E+15,5.04852E+16
107693,7.17101E+18,7,1,31,7,2017,10,23,7,3,8,1,0,1,0,0,0,2,1,3.65881E+20,5.59432E+21,7.10941E+15,5.04855E+16
107694,7.17093E+18,7,1,37,27,2017,9,14,4,3,5,2,0,1,0,0,1,0,0,3.81945E+20,5.57046E+21,7.34324E+15,5.02745E+16
107695,7.17093E+18,7,1,40,18,2017,9,6,4,3,2,2,0,1,0,1,0,1,0,3.93731E+20,5.54773E+21,7.51492E+15,5.00724E+16
107696,7.17093E+18,7,1,37,226,2017,9,14,4,3,3,2,1,1,0,0,0,0,0,4.01014E+20,5.58429E+21,7.60713E+15,5.04023E+16
107697,7.17093E+18,7,1,11,0,2017,9,7,4,3,2,6,0,1,0,0,0,0,0,3.96586E+20,5.58214E+21,7.54543E+15,5.03822E+16