OBJECTID,UIDENTSTLA,ULAND,UREGBEZ,UKREIS,UGEMEINDE,UJAHR,UMONAT,USTUNDE,UWOCHENTAG,UKATEGORIE,UART,UTYP1,IstRad,IstPKW,IstFuss,IstKrad,IstSonstig,LICHT,STRZUSTAND,LINREFX,LINREFY,XGCSWGS84,YGCSWGS84
107698,7.17093E+18,7,1,11,0,2017,9,20,4,3,5,3,1,1,0,0,0,2,0,3.99609E+20,5.57974E+21,7.58858E+15,5.03612E+16
107699,7.17093E+18,7,1,31,90,2017,9,9,4,2,2,6,0,0,0,0,1,0,0,3.62276E+20,5.60536E+21,7.05454E+15,5.05839E+16
107700,7.17093E+18,7,3,40,225,2017,9,15,3,2,4,1,0,1,0,1,0,0,0,3.92604E+20,5.46439E+21,7.52209E+15,4.93228E+16
107701,7.17101E+18,7,1,37,68,2017,10,16,7,3,9,1,0,1,0,0,0,0,1,3.67267E+20,5.57753E+21,7.13487E+15,5.03349E+16
107702,7.17093E+18,7,3,40,11,2017,9,19,3,3,8,1,0,0,0,1,0,0,1,4.03487E+20,5.4384E+21,7.67806E+15,4.90909E+16
107703,7.17093E+18,7,3,33,72,2017,9,19,3,3,9,1,0,1,0,0,0,2,0,4.11877E+20,5.50654E+21,7.77783E+15,4.97049E+16
107704,7.17101E+18,7,1,11,0,2017,10,14,7,3,2,6,0,1,0,0,0,0,1,3.95434E+20,5.58111E+21,7.52952E+15,5.03728E+16
107705,7.17093E+18,7,3,35,47,2017,9,15,3,3,5,2,0,1,0,0,0,0,0,4.10093E+20,5.47213E+21,7.76095E+15,4.93953E+16
107706,7.17093E+18,7,3,12,0,2017,9,21,3,3,5,2,0,1,0,0,0,2,0,4.10212E+20,5.47837E+21,7.76118E+15,4.94514E+16
107707,7.17093E+18,7,3,34,501,2017,9,14,3,3,2,6,0,1,0,0,1,0,0,4.44682E+20,5.43308E+21,8.24296E+15,4.90482E+16
107708,7.17093E+18,7,3,34,501,2017,9,12,3,3,5,3,0,1,0,0,0,0,0,4.41621E+20,5.43368E+21,8.201E+15,4.90532E+16
107709,7.17093E+18,7,3,38,18,2017,9,18,3,2,2,6,0,1,0,0,0,0,0,4.5017E+20,5.48155E+21,8.31202E+15,4.94845E+16
107710,7.17093E+18,7,3,11,0,2017,9,18,3,3,2,6,0,1,0,0,1,0,0,4.52344E+20,5.48809E+21,8.34125E+15,4.95435E+16
107711,7.17093E+18,7,3,14,0,2017,9,9,3,3,5,3,1,1,0,0,0,0,0,4.59672E+20,5.48042E+21,8.44333E+15,4.94751E+16
107712,7.17093E+18,7,3,14,0,2017,9,8,3,3,6,4,0,1,1,0,0,0,0,4.57933E+20,5.47947E+21,8.41943E+15,4.94664E+16
107713,7.17093E+18,7,3,14,0,2017,9,7,3,3,2,6,0,1,0,0,0,0,0,4.59355E+20,5.48005E+21,8.43899E+15,4.94717E+16
107714,7.17093E+18,7,1,33,96,2017,9,7,3,3,5,3,0,1,0,1,0,0,0,3.9372E+20,5.51819E+21,7.52292E+15,4.98067E+16
107715,7.17093E+18,7,3,31,30,2017,9,20,3,3,5,3,0,1,0,0,0,2,0,4.24436E+20,5.52557E+21,7.94828E+15,4.98777E+16
107716,7.17093E+18,7,3,33,41,2017,9,20,3,3,8,1,0,1,0,0,0,2,0,4.34893E+20,5.49237E+21,8.09935E+15,4.95804E+16
107717,7.17093E+18,7,3,31,67,2017,9,11,3,3,5,7,0,1,0,0,0,0,0,4.3524E+20,5.50776E+21,8.1016E+15,4.97188E+16
107718,7.17093E+18,7,3,39,19,2017,9,21,3,2,2,6,0,1,0,1,0,2,0,4.27828E+20,5.53394E+21,7.99391E+15,4.99534E+16
107719,7.17093E+18,7,3,15,0,2017,9,15,3,3,2,6,0,1,0,0,1,0,0,4.4137E+20,5.53728E+21,8.18217E+15,4.9985E+16
107720,7.17093E+18,7,3,15,0,2017,9,11,3,3,2,6,0,1,0,0,1,0,0,4.47227E+20,5.53935E+21,8.26358E+15,5.00041E+16
107721,7.17093E+18,7,3,39,21,2017,9,17,3,2,3,6,0,1,0,0,1,0,0,4.24549E+20,5.52919E+21,7.94915E+15,4.99103E+16
107722,7.17093E+18,7,2,35,60,2017,9,7,3,3,2,6,0,1,0,0,1,0,0,3.3762E+20,5.52003E+21,6.743E+15,4.98107E+16
107723,7.17093E+18,7,2,35,22,2017,9,7,3,2,1,7,0,1,0,0,0,1,0,3.40063E+20,5.51796E+21,6.77777E+15,4.97928E+16
107724,7.17093E+18,7,2,32,18,2017,9,17,3,3,1,6,0,1,0,0,0,0,0,3.25129E+20,5.53864E+21,6.56112E+15,4.99745E+16
107725,7.17093E+18,7,2,32,101,2017,9,6,3,2,4,6,0,1,0,0,1,2,0,3.29111E+20,5.544E+21,6.61422E+15,5.00238E+16
107726,7.17093E+18,7,1,34,45,2017,9,14,3,3,5,3,0,1,0,0,0,0,0,3.79621E+20,5.50711E+21,7.33047E+15,4.97045E+16
107727,7.17093E+18,7,2,35,148,2017,9,20,3,3,4,2,0,1,0,0,0,2,0,3.25894E+20,5.50385E+21,6.58738E+15,4.9662E+16
107728,7.17093E+18,7,2,35,68,2017,9,17,3,3,1,5,0,1,0,0,0,0,0,3.29749E+20,5.50576E+21,6.63993E+15,4.96803E+16
107729,7.17093E+18,7,2,11,0,2017,9,18,3,2,5,3,1,1,0,0,0,0,0,3.31484E+20,5.51592E+21,6.65956E+15,4.97721E+16
107730,7.17093E+18,7,1,43,286,2017,9,19,3,2,6,4,0,1,1,0,0,1,0,4.34162E+20,5.60719E+21,8.06945E+15,5.06129E+16
107731,7.17101E+18,7,1,11,0,2017,10,20,7,3,2,6,0,1,0,0,1,2,1,3.93421E+20,5.57818E+21,7.50206E+15,5.0346E+16
107732,7.17093E+18,7,1,43,202,2017,9,12,3,3,5,3,0,1,0,0,0,0,0,4.21388E+20,5.60891E+21,7.88857E+15,5.06268E+16
107733,7.17093E+18,7,1,41,43,2017,9,19,3,2,0,6,0,0,0,1,1,0,0,4.3226E+20,5.57777E+21,8.0479E+15,5.03481E+16
107734,7.17093E+18,7,1,38,44,2017,9,18,3,2,8,1,0,0,0,1,0,0,1,3.8878E+20,5.60783E+21,7.42803E+15,5.06117E+16
107735,7.17093E+18,7,1,38,41,2017,9,19,3,1,5,2,0,1,0,1,0,2,0,3.77982E+20,5.60312E+21,7.27703E+15,5.05673E+16
107736,7.17101E+18,7,3,20,0,2017,10,21,6,3,0,1,0,1,0,1,0,2,0,3.80185E+20,5.45411E+21,7.35434E+15,4.9228E+16
107737,7.17093E+18,7,1,32,2,2017,9,19,3,2,9,1,0,1,0,0,0,2,1,4.26067E+20,5.62246E+21,7.952E+15,5.07492E+16
107738,7.17093E+18,7,1,37,68,2017,9,19,3,3,1,6,0,1,0,0,0,2,0,3.73481E+20,5.57645E+21,7.2225E+15,5.03266E+16
107739,7.17101E+18,7,3,33,14,2017,10,18,6,2,8,1,0,1,0,0,0,2,1,4.13449E+20,5.50254E+21,7.80052E+15,4.96692E+16
107740,7.17093E+18,7,1,37,89,2017,9,7,3,2,2,6,0,1,0,0,0,0,0,3.80474E+20,5.57514E+21,7.32112E+15,5.03162E+16
107741,7.17093E+18,7,1,43,62,2017,9,23,3,3,9,7,0,1,0,0,0,2,0,4.09724E+20,5.58965E+21,7.72836E+15,5.04519E+16
107742,7.17093E+18,7,3,40,57,2017,9,5,2,2,2,6,0,1,0,0,1,1,0,4.18489E+20,5.45098E+21,7.88095E+15,4.92062E+16
107743,7.17093E+18,7,3,20,0,2017,9,19,2,3,5,3,1,1,0,0,0,1,0,3.82183E+20,5.45729E+21,7.38083E+15,4.92571E+16
107744,7.17093E+18,7,3,17,0,2017,9,9,2,3,5,3,0,1,0,0,0,0,0,3.98338E+20,5.45038E+21,7.60453E+15,4.91978E+16
107745,7.17093E+18,7,3,17,0,2017,9,8,2,3,5,2,0,1,0,1,0,0,0,3.97803E+20,5.45106E+21,7.59701E+15,4.92038E+16
107746,7.17093E+18,7,3,33,503,2017,9,8,2,1,4,6,0,1,0,0,1,0,0,4.18895E+20,5.49029E+21,7.87851E+15,4.95598E+16
107747,7.17101E+18,7,3,35,16,2017,10,23,6,3,1,5,0,1,0,0,0,2,0,3.90436E+20,5.47541E+21,7.48923E+15,4.94215E+16
107748,7.17093E+18,7,3,12,0,2017,9,17,2,3,4,6,0,1,0,1,0,0,0,4.1613E+20,5.47255E+21,7.84403E+15,4.93999E+16
107749,7.17093E+18,7,3,14,0,2017,9,17,2,3,2,1,0,1,0,1,0,0,0,4.50935E+20,5.48103E+21,8.32265E+15,4.94799E+16
107750,7.17093E+18,7,3,32,17,2017,9,18,2,3,4,6,0,1,0,0,0,0,0,4.41327E+20,5.47453E+21,8.19099E+15,4.94206E+16
107751,7.17093E+18,7,3,32,25,2017,9,18,2,3,2,6,0,1,0,1,0,0,0,4.4546E+20,5.47037E+21,8.24854E+15,4.93836E+16
107752,7.17093E+18,7,3,32,46,2017,9,14,2,3,5,3,1,0,0,0,1,0,0,4.40467E+20,5.47699E+21,8.17876E+15,4.94426E+16
107753,7.17093E+18,7,3,32,46,2017,9,8,2,3,0,3,1,1,0,0,0,0,0,4.40438E+20,5.47713E+21,8.17834E+15,4.94439E+16
107754,7.17101E+18,7,1,43,52,2017,10,7,2,3,2,2,0,1,0,0,0,0,0,4.07552E+20,5.5822E+21,7.6996E+15,5.03846E+16
107755,7.17093E+18,7,3,32,48,2017,9,12,2,2,8,1,0,0,0,1,0,0,0,4.26252E+20,5.47516E+21,7.98304E+15,4.94246E+16
107756,7.17093E+18,7,3,13,0,2017,9,15,2,3,1,6,0,1,0,0,0,0,0,4.36175E+20,5.45132E+21,8.12367E+15,4.92113E+16
107757,7.17093E+18,7,3,18,0,2017,9,7,2,3,5,3,1,1,0,0,0,0,0,4.57045E+20,5.46281E+21,8.40896E+15,4.93165E+16
107758,7.17093E+18,7,1,33,501,2017,9,6,2,2,3,6,0,1,0,0,0,1,0,4.03703E+20,5.51694E+21,7.66193E+15,4.97972E+16
107759,7.17093E+18,7,3,39,30,2017,9,16,2,2,2,6,0,1,0,0,0,0,0,4.349E+20,5.53828E+21,8.09176E+15,4.99933E+16
107760,7.17093E+18,7,3,15,0,2017,9,15,2,2,4,2,0,1,0,1,0,0,0,4.4683E+20,5.54045E+21,8.25788E+15,5.0014E+16
107761,7.17093E+18,7,3,15,0,2017,9,14,2,3,3,6,0,1,0,0,1,0,0,4.47098E+20,5.53911E+21,8.2618E+15,5.0002E+16
107762,7.17093E+18,7,2,32,27,2017,9,17,2,3,4,1,0,1,0,0,0,0,0,3.29913E+20,5.53833E+21,6.62792E+15,4.9973E+16
107763,7.17093E+18,7,2,32,60,2017,9,6,2,3,8,1,0,1,0,0,0,1,0,3.25581E+20,5.53144E+21,6.57068E+15,4.99099E+16
107764,7.17093E+18,7,1,43,239,2017,9,12,2,3,2,6,0,0,0,1,1,0,0,4.10078E+20,5.60464E+21,7.72973E+15,5.05867E+16
107765,7.17093E+18,7,1,38,41,2017,9,8,2,3,2,6,0,1,0,0,0,0,0,3.77798E+20,5.60335E+21,7.27435E+15,5.05693E+16
107766,7.17093E+18,7,1,38,45,2017,9,17,2,3,0,1,0,0,0,1,0,0,0,3.94944E+20,5.59293E+21,7.51932E+15,5.04789E+16
107767,7.17101E+18,7,3,35,16,2017,10,11,6,2,6,4,0,1,1,0,0,0,0,3.91331E+20,5.47586E+21,7.50144E+15,4.94257E+16
107768,7.17101E+18,7,3,35,24,2017,10,16,6,3,2,6,0,1,0,0,0,0,0,3.97798E+20,5.48125E+21,7.5892E+15,4.94753E+16
107769,7.17093E+18,7,1,11,0,2017,9,19,2,3,8,1,0,1,0,0,0,2,0,4.01714E+20,5.57679E+21,7.61894E+15,5.0335E+16
107770,7.17092E+18,7,3,40,51,2017,9,18,1,3,1,1,1,1,0,0,0,0,0,3.97283E+20,5.45757E+21,7.58821E+15,4.92623E+16
107771,7.17101E+18,7,3,37,5,2017,10,14,6,3,2,6,0,1,0,0,1,0,0,4.2721E+20,5.43933E+21,8.00276E+15,4.91025E+16
107772,7.17092E+18,7,3,40,222,2017,9,16,1,3,6,7,0,1,1,0,0,0,0,3.91456E+20,5.45627E+21,7.5085E+15,4.92496E+16
107773,7.17101E+18,7,2,32,262,2017,10,13,6,2,4,1,0,1,0,0,1,0,1,3.1123E+20,5.55857E+21,6.35766E+15,5.01493E+16
107774,7.17092E+18,7,3,33,30,2017,9,14,1,3,9,2,0,0,0,1,0,0,0,4.13392E+20,5.491E+21,7.80228E+15,4.95654E+16
107775,7.17092E+18,7,3,32,6,2017,9,15,1,3,9,1,0,1,0,1,0,0,0,4.40879E+20,5.496E+21,8.18159E+15,4.96137E+16
107776,7.17101E+18,7,3,34,32,2017,10,11,6,3,6,7,0,1,1,0,0,0,0,4.4839E+20,5.45662E+21,8.29068E+15,4.92602E+16
107777,7.17092E+18,7,3,34,13,2017,9,18,1,3,3,6,0,1,0,0,0,0,0,4.42605E+20,5.43728E+21,8.21394E+15,4.90857E+16
107778,7.17092E+18,7,3,34,22,2017,9,10,1,3,5,3,0,1,0,1,0,0,0,4.502E+20,5.44086E+21,8.31751E+15,4.91186E+16
107779,7.17092E+18,7,3,34,7,2017,9,0,1,3,2,6,0,1,0,0,0,2,0,4.52051E+20,5.45012E+21,8.34178E+15,4.9202E+16
107780,7.17092E+18,7,3,37,12,2017,9,5,1,2,7,7,0,0,0,1,0,2,0,4.34213E+20,5.45429E+21,8.09624E+15,4.92379E+16
107781,7.17092E+18,7,1,33,102,2017,9,3,1,2,9,1,0,1,0,0,0,2,0,4.05758E+20,5.51586E+21,7.69073E+15,4.97878E+16
107782,7.17092E+18,7,1,33,36,2017,9,20,1,2,4,6,0,1,0,0,0,2,0,4.1361E+20,5.52608E+21,7.79751E+15,4.98809E+16
107783,7.17092E+18,7,3,19,0,2017,9,19,1,2,5,3,0,1,0,0,1,2,0,4.53705E+20,5.50049E+21,8.3586E+15,4.96552E+16
107784,7.17092E+18,7,3,19,0,2017,9,12,1,3,3,2,0,1,0,1,0,0,0,4.517E+20,5.49805E+21,8.33112E+15,4.96331E+16
107785,7.17092E+18,7,3,39,25,2017,9,13,1,3,5,3,1,1,0,0,0,0,0,4.45249E+20,5.52353E+21,8.23822E+15,4.98616E+16
107786,7.17092E+18,7,2,33,501,2017,9,14,1,3,0,3,0,1,0,1,0,0,0,3.44877E+20,5.56319E+21,6.82635E+15,5.02006E+16
107787,7.17092E+18,7,2,32,282,2017,9,22,1,3,8,7,0,1,0,0,0,2,0,3.34452E+20,5.54509E+21,6.68824E+15,5.00351E+16
107788,7.17092E+18,7,2,32,14,2017,9,18,1,3,2,6,0,1,0,0,0,0,0,3.20829E+20,5.54669E+21,6.49745E+15,5.00455E+16
107789,7.17092E+18,7,2,35,8,2017,9,11,1,2,5,3,0,1,0,1,0,0,0,3.5003E+20,5.51022E+21,6.91914E+15,4.97258E+16
107790,7.17092E+18,7,2,11,0,2017,9,14,1,2,2,6,0,1,0,0,0,0,0,3.29129E+20,5.51294E+21,6.62819E+15,4.97446E+16
107791,7.17092E+18,7,1,43,289,2017,9,20,1,3,6,6,0,1,1,0,0,2,0,4.21117E+20,5.60043E+21,7.88654E+15,5.05505E+16
107792,7.17101E+18,7,3,16,0,2017,10,20,6,3,2,6,0,1,0,0,0,2,0,4.38315E+20,5.46549E+21,8.15086E+15,4.93391E+16
107793,7.17101E+18,7,1,43,279,2017,10,8,6,3,5,3,0,1,0,0,0,0,0,4.2142E+20,5.60898E+21,7.889E+15,5.06274E+16
107794,7.17101E+18,7,2,35,78,2017,10,19,6,2,9,1,0,0,0,1,0,2,0,3.40272E+20,5.51956E+21,6.78003E+15,4.98072E+16
107795,7.17101E+18,7,3,34,25,2017,10,2,5,3,8,1,0,1,0,0,0,2,0,4.49403E+20,5.44205E+21,8.30644E+15,4.91292E+16
107796,7.17102E+18,7,3,19,0,2017,10,8,4,3,5,3,0,1,0,0,0,0,0,4.5093E+20,5.49556E+21,8.32077E+15,4.96107E+16
107797,7.17102E+18,7,3,35,205,2017,10,20,4,3,5,3,0,1,0,0,0,2,0,4.16723E+20,5.48472E+21,7.84965E+15,4.95094E+16
107798,7.17101E+18,7,3,12,0,2017,10,23,6,3,1,6,0,1,0,0,0,2,0,4.09E+20,5.47737E+21,7.74468E+15,4.94422E+16
107799,7.17102E+18,7,1,40,108,2017,10,5,5,2,5,3,0,1,0,0,1,2,0,3.95904E+20,5.55319E+21,7.54379E+15,5.01218E+16
107800,7.17101E+18,7,1,38,64,2017,10,19,7,3,1,5,0,1,0,0,1,1,0,4.04719E+20,5.61072E+21,7.65249E+15,5.06406E+16
107801,7.17102E+18,7,2,31,111,2017,10,6,5,3,8,1,0,0,0,1,0,2,1,3.4491E+20,5.52812E+21,6.841E+15,4.98854E+16
107802,7.17101E+18,7,2,32,213,2017,10,12,7,2,4,6,0,1,0,0,1,0,0,2.98087E+20,5.54889E+21,6.17903E+15,5.0058E+16
107803,7.17101E+18,7,3,31,58,2017,10,6,7,3,1,7,0,1,0,0,1,1,0,4.37742E+20,5.52374E+21,8.13375E+15,4.98628E+16
107804,7.17102E+18,7,1,35,61,2017,10,17,6,2,7,1,0,1,0,1,0,0,0,3.77285E+20,5.55002E+21,7.28446E+15,5.00898E+16
107805,7.17102E+18,7,3,37,7,2017,10,13,6,3,5,3,0,1,0,0,0,0,0,4.34497E+20,5.44308E+21,8.10198E+15,4.91371E+16
107806,7.17102E+18,7,1,31,7,2017,10,15,7,3,1,2,0,1,0,0,0,0,0,3.66729E+20,5.60159E+21,7.11876E+15,5.05511E+16
107807,7.17102E+18,7,1,38,19,2017,10,9,2,3,2,6,0,1,0,0,1,0,0,3.75192E+20,5.60483E+21,7.23708E+15,5.0582E+16
107808,7.17102E+18,7,2,35,51,2017,10,11,7,3,2,6,0,1,0,0,0,0,1,3.24364E+20,5.50944E+21,6.56368E+15,4.97118E+16
107809,7.17101E+18,7,3,37,83,2017,10,15,5,1,5,3,0,0,0,1,1,0,0,4.22901E+20,5.44923E+21,7.94185E+15,4.9191E+16
107810,7.17102E+18,7,3,15,0,2017,10,18,2,3,6,4,0,1,1,0,0,1,0,4.44018E+20,5.54055E+21,8.21862E+15,5.00146E+16
107811,7.17102E+18,7,1,40,503,2017,10,2,1,3,6,6,0,1,1,0,0,2,0,3.82575E+20,5.55085E+21,7.35813E+15,5.00983E+16
107812,7.17101E+18,7,3,38,26,2017,10,17,5,3,9,1,0,1,0,0,0,0,0,4.60973E+20,5.47178E+21,8.46212E+15,4.93975E+16
107813,7.17102E+18,7,3,16,0,2017,10,17,2,3,5,3,1,1,0,0,0,0,0,4.39181E+20,5.46608E+21,8.16269E+15,4.93444E+16
107814,7.17101E+18,7,1,33,103,2017,10,7,5,3,8,1,0,1,0,0,0,0,1,4.07885E+20,5.53677E+21,7.7153E+15,4.99761E+16
107815,7.17102E+18,7,1,31,7,2017,10,12,3,3,5,3,1,1,0,0,0,0,0,3.64941E+20,5.59468E+21,7.09604E+15,5.04885E+16
107816,7.17101E+18,7,3,31,55,2017,10,15,5,2,0,6,1,1,0,0,0,0,0,4.51573E+20,5.50598E+21,8.32839E+15,4.97044E+16
107817,7.17102E+18,7,2,32,206,2017,10,12,3,3,9,7,0,1,0,0,0,0,0,3.0123E+20,5.56712E+21,6.21338E+15,5.02228E+16
107818,7.17101E+18,7,1,41,75,2017,10,13,6,3,1,6,0,1,0,0,0,0,0,4.01889E+20,5.57448E+21,7.62199E+15,5.03142E+16
107819,7.17102E+18,7,3,11,0,2017,10,21,3,2,8,1,0,1,0,0,0,2,0,4.53775E+20,5.48503E+21,8.36139E+15,4.95161E+16
107820,7.17102E+18,7,1,35,33,2017,10,10,4,3,3,6,0,1,0,0,1,0,0,3.7252E+20,5.56658E+21,7.21233E+15,5.02377E+16
107821,7.17101E+18,7,1,11,0,2017,10,23,6,3,8,1,0,1,0,0,0,2,0,3.97955E+20,5.58236E+21,7.56462E+15,5.03844E+16
107822,7.17101E+18,7,2,33,240,2017,10,8,6,3,8,6,0,1,0,0,0,0,1,3.2346E+20,5.58135E+21,6.51805E+15,5.03577E+16
107823,7.17101E+18,7,3,38,5,2017,10,23,6,2,1,5,0,1,0,0,0,2,0,4.49744E+20,5.46851E+21,8.3078E+15,4.93673E+16
107824,7.17101E+18,7,3,19,0,2017,10,13,5,3,0,2,0,1,0,0,0,0,0,4.53456E+20,5.49755E+21,8.35549E+15,4.96287E+16
107825,7.17101E+18,7,3,15,0,2017,10,6,5,3,5,2,1,1,0,0,0,2,0,4.47329E+20,5.53734E+21,8.26527E+15,4.99861E+16
107826,7.17101E+18,7,1,35,92,2017,10,17,5,3,1,1,0,1,0,0,1,0,0,3.68336E+20,5.54485E+21,7.1612E+15,5.00414E+16
107827,7.17102E+18,7,3,37,52,2017,10,13,4,3,2,6,0,1,0,0,0,0,0,4.37493E+20,5.46109E+21,8.14025E+15,4.92994E+16
107828,7.17102E+18,7,1,11,0,2017,10,0,5,2,6,6,0,1,1,0,0,2,0,3.99469E+20,5.57442E+21,7.58803E+15,5.03133E+16
107829,7.17101E+18,7,1,37,68,2017,10,14,7,3,2,3,0,1,0,0,0,0,0,3.74777E+20,5.57384E+21,7.24157E+15,5.03034E+16
107830,7.17101E+18,7,1,43,240,2017,10,11,7,3,9,1,0,1,0,0,0,0,1,4.13493E+20,5.61732E+21,7.775E+15,5.07013E+16
107831,7.17102E+18,7,1,11,0,2017,10,17,6,2,6,7,0,1,1,0,0,0,0,3.98192E+20,5.58071E+21,7.56839E+15,5.03696E+16
107832,7.17102E+18,7,2,11,0,2017,10,15,6,3,1,6,0,1,0,0,0,0,0,3.32402E+20,5.51608E+21,6.67224E+15,4.97738E+16
107833,7.17102E+18,7,3,19,0,2017,10,12,6,3,3,6,1,1,0,0,0,0,0,4.53365E+20,5.49685E+21,8.35433E+15,4.96224E+16
107834,7.17102E+18,7,3,32,48,2017,10,16,1,1,2,2,0,1,0,1,0,0,0,4.28782E+20,5.47292E+21,8.01833E+15,4.94048E+16
107835,7.17102E+18,7,3,40,202,2017,10,19,6,3,6,6,0,1,1,0,0,2,0,3.89798E+20,5.45998E+21,7.48471E+15,4.92826E+16
107836,7.17102E+18,7,1,37,68,2017,10,20,2,3,0,7,0,1,0,0,0,2,0,3.73971E+20,5.57506E+21,7.22986E+15,5.03142E+16
107837,7.17102E+18,7,1,38,73,2017,10,1,7,3,8,1,0,1,0,0,0,2,0,3.74949E+20,5.60691E+21,7.23295E+15,5.06007E+16
107838,7.17102E+18,7,2,32,63,2017,10,11,2,3,8,1,0,1,0,0,0,0,0,3.16862E+20,5.5234E+21,6.45316E+15,4.9835E+16
107839,7.17101E+18,7,2,33,54,2017,10,9,5,3,2,6,0,1,0,0,0,0,0,3.40628E+20,5.57187E+21,6.76321E+15,5.02774E+16
107840,7.17102E+18,7,1,33,6,2017,10,17,2,2,8,1,0,0,0,1,0,0,0,4.22315E+20,5.52525E+21,7.91882E+15,4.98747E+16
107841,7.17101E+18,7,2,32,18,2017,10,12,5,3,2,6,0,1,0,0,0,0,0,3.22451E+20,5.53884E+21,6.52371E+15,4.99754E+16
107842,7.17102E+18,7,1,11,0,2017,10,6,3,3,9,7,0,1,0,0,0,2,0,3.97285E+20,5.58065E+21,7.55566E+15,5.0369E+16
107843,7.17101E+18,7,2,31,42,2017,10,14,5,3,5,3,0,1,0,0,0,0,0,3.54264E+20,5.51814E+21,6.97489E+15,4.9798E+16
107844,7.17101E+18,7,2,11,0,2017,10,17,5,3,1,2,0,1,0,1,0,0,0,3.28156E+20,5.51303E+21,6.61466E+15,4.97452E+16
107845,7.17102E+18,7,2,31,113,2017,10,0,4,3,7,7,0,1,0,0,0,2,0,3.46373E+20,5.53219E+21,6.85974E+15,4.99223E+16
107846,7.17102E+18,7,3,19,0,2017,10,14,6,3,2,6,0,1,0,0,1,0,0,4.53949E+20,5.49959E+21,8.36209E+15,4.96471E+16
107847,7.17102E+18,7,3,40,54,2017,10,18,6,3,9,1,0,1,0,0,0,0,0,3.99985E+20,5.45876E+21,7.62504E+15,4.92734E+16
107848,7.17102E+18,7,1,43,261,2017,10,3,7,3,9,1,0,1,0,0,0,2,0,4.1053E+20,5.61557E+21,7.73349E+15,5.0685E+16
107849,7.17102E+18,7,2,32,18,2017,10,18,2,3,8,1,0,1,0,0,0,2,0,3.20696E+20,5.53902E+21,6.49917E+15,4.99766E+16
107850,7.17102E+18,7,3,37,7,2017,10,6,7,3,9,1,0,1,0,0,0,2,0,4.32259E+20,5.44369E+21,8.0712E+15,4.91423E+16
107851,7.17102E+18,7,3,14,0,2017,10,6,2,3,1,6,0,1,0,0,0,2,0,4.56027E+20,5.48827E+21,8.39213E+15,4.95454E+16
107852,7.17102E+18,7,2,35,106,2017,10,14,1,2,9,1,0,0,0,1,0,0,1,3.31896E+20,5.50275E+21,6.67095E+15,4.96538E+16
107853,7.17101E+18,7,2,11,0,2017,10,17,5,3,5,2,0,1,0,1,0,0,0,3.31452E+20,5.51493E+21,6.65954E+15,4.97632E+16
107854,7.17102E+18,7,1,11,0,2017,10,7,3,3,3,6,0,1,0,0,0,1,0,3.99579E+20,5.58016E+21,7.58804E+15,5.0365E+16
107855,7.17101E+18,7,1,43,309,2017,10,21,5,3,9,1,0,0,0,0,1,2,0,4.35704E+20,5.60453E+21,8.0917E+15,5.05892E+16
107856,7.17102E+18,7,1,43,241,2017,10,6,3,3,2,6,0,1,0,0,0,1,0,4.11298E+20,5.60982E+21,7.74573E+15,5.06335E+16
107857,7.17101E+18,7,1,32,37,2017,10,16,5,2,8,7,0,1,0,0,0,0,0,4.13331E+20,5.63598E+21,7.76831E+15,5.0869E+16
107858,7.17102E+18,7,3,31,64,2017,10,16,3,3,1,2,0,1,0,0,1,0,0,4.39983E+20,5.52485E+21,8.16475E+15,4.9873E+16
107859,7.17101E+18,7,1,11,0,2017,10,12,6,3,5,2,0,1,0,0,1,0,0,3.99981E+20,5.57905E+21,7.59399E+15,5.0355E+16
107860,7.17101E+18,7,1,32,501,2017,10,20,6,3,5,3,0,1,0,0,0,2,0,4.03715E+20,5.61746E+21,7.63655E+15,5.0701E+16
107861,7.17101E+18,7,1,38,45,2017,10,8,5,3,5,3,0,1,0,0,0,0,1,3.92454E+20,5.5883E+21,7.48557E+15,5.04368E+16
107862,7.17101E+18,7,1,31,6,2017,10,8,5,3,5,3,0,1,0,0,1,0,0,3.79193E+20,5.5969E+21,7.29614E+15,5.05116E+16
107863,7.17101E+18,7,1,31,25,2017,10,8,5,3,8,6,0,1,0,0,1,0,1,3.78693E+20,5.59353E+21,7.29018E+15,5.04811E+16
107864,7.17102E+18,7,3,31,41,2017,10,15,4,3,5,2,0,1,0,0,0,0,0,4.4433E+20,5.49732E+21,8.22917E+15,4.96259E+16
107865,7.17101E+18,7,3,33,65,2017,10,14,6,2,8,1,0,0,0,1,0,0,0,4.19809E+20,5.5001E+21,7.88913E+15,4.96481E+16
107866,7.17102E+18,7,3,14,0,2017,10,21,5,3,2,6,0,1,0,0,0,2,0,4.57953E+20,5.47955E+21,8.41969E+15,4.94672E+16
107867,7.17102E+18,7,3,35,22,2017,10,7,5,3,2,6,0,1,0,0,0,0,0,3.93856E+20,5.47401E+21,7.53675E+15,4.94095E+16
107868,7.17102E+18,7,1,32,72,2017,10,23,6,3,5,3,0,1,0,1,0,2,0,4.25961E+20,5.63108E+21,7.94876E+15,5.08267E+16
107869,7.17102E+18,7,2,35,152,2017,10,13,1,2,8,6,0,0,0,1,0,0,0,3.32274E+20,5.49633E+21,6.67893E+15,4.95962E+16