OBJECTID,UIDENTSTLA,ULAND,UREGBEZ,UKREIS,UGEMEINDE,UJAHR,UMONAT,USTUNDE,UWOCHENTAG,UKATEGORIE,UART,UTYP1,IstRad,IstPKW,IstFuss,IstKrad,IstSonstig,LICHT,STRZUSTAND,LINREFX,LINREFY,XGCSWGS84,YGCSWGS84
107870,7.17102E+18,7,3,15,0,2017,10,9,6,3,1,6,0,1,0,0,0,0,1,4.47712E+20,5.53978E+21,8.27028E+15,5.0008E+16
107871,7.17102E+18,7,3,37,21,2017,10,14,1,3,2,6,0,1,0,0,0,0,0,4.3839E+20,5.45822E+21,8.15302E+15,4.92736E+16
107872,7.17102E+18,7,3,12,0,2017,10,20,6,3,3,6,0,1,0,0,0,2,0,4.1158E+20,5.47814E+21,7.7801E+15,4.94495E+16
107873,7.17102E+18,7,1,43,51,2017,10,7,2,3,3,6,0,1,0,0,1,2,1,4.2391E+20,5.58552E+21,7.92899E+15,5.04168E+16
107874,7.17102E+18,7,1,43,28,2017,10,17,2,3,8,1,0,1,0,0,0,0,0,4.13846E+20,5.59713E+21,7.78468E+15,5.05198E+16
107875,7.17102E+18,7,1,34,9,2017,10,17,4,2,9,1,0,0,0,1,0,0,0,3.84201E+20,5.51429E+21,7.39184E+15,4.977E+16
107876,7.17102E+18,7,3,36,91,2017,10,15,4,2,2,6,0,1,0,0,1,0,0,3.82883E+20,5.48604E+21,7.38199E+15,4.95157E+16
107877,7.17101E+18,7,1,11,0,2017,10,15,7,3,5,2,0,1,0,0,0,0,0,3.97871E+20,5.57941E+21,7.56424E+15,5.03579E+16
107878,7.17102E+18,7,1,32,501,2017,10,13,5,3,5,1,0,1,0,0,0,0,0,4.06949E+20,5.61631E+21,7.68261E+15,5.06912E+16
107879,7.17101E+18,7,1,32,25,2017,10,21,7,3,8,1,0,1,0,0,0,2,0,4.20745E+20,5.62139E+21,7.87681E+15,5.07389E+16
107880,7.17101E+18,7,2,33,26,2017,10,16,7,2,8,1,1,0,0,0,0,0,1,3.35565E+20,5.56231E+21,6.69637E+15,5.01901E+16
107881,7.17101E+18,7,3,33,45,2017,10,13,7,3,0,1,0,0,0,1,0,0,0,4.29518E+20,5.49654E+21,8.02425E+15,4.96173E+16
107882,7.17102E+18,7,1,41,115,2017,10,17,6,3,8,1,0,0,0,1,0,0,0,4.12811E+20,5.55824E+21,7.7791E+15,5.01699E+16
107883,7.17102E+18,7,3,15,0,2017,10,14,6,3,6,4,1,0,1,0,0,0,0,4.47348E+20,5.53736E+21,8.26553E+15,4.99863E+16
107884,7.17102E+18,7,3,12,0,2017,10,6,6,3,3,2,1,1,0,0,0,1,0,4.09946E+20,5.47642E+21,7.75795E+15,4.94338E+16
107885,7.17102E+18,7,1,11,0,2017,10,16,2,3,5,3,1,1,0,0,0,0,0,4.00077E+20,5.58161E+21,7.59466E+15,5.03781E+16
107886,7.17102E+18,7,1,35,82,2017,10,11,7,3,0,1,1,0,0,0,0,0,1,3.78607E+20,5.56058E+21,7.29958E+15,5.01849E+16
107887,7.17102E+18,7,1,41,8,2017,10,15,2,3,2,1,0,1,0,1,0,0,0,4.08481E+20,5.57208E+21,7.71513E+15,5.02937E+16
107888,7.17102E+18,7,2,31,72,2017,10,11,7,3,0,7,0,0,0,1,1,0,1,3.63139E+20,5.53875E+21,7.09084E+15,4.99853E+16
107889,7.17102E+18,7,3,15,0,2017,10,16,2,3,7,1,1,0,0,0,1,0,0,4.45473E+20,5.53653E+21,8.2395E+15,4.99786E+16
107890,7.17102E+18,7,1,37,69,2017,10,19,1,3,4,1,0,1,0,0,0,2,0,3.78423E+20,5.58286E+21,7.28983E+15,5.03852E+16
107891,7.17101E+18,7,1,37,68,2017,10,12,5,2,5,3,0,1,0,1,0,0,0,3.78421E+20,5.57693E+21,7.29172E+15,5.03319E+16
107892,7.17102E+18,7,3,36,55,2017,10,10,2,3,1,5,0,1,0,0,0,0,0,3.84592E+20,5.48848E+21,7.40486E+15,4.95379E+16
107893,7.17101E+18,7,1,40,35,2017,10,20,5,2,3,6,0,1,0,0,0,2,0,4.01085E+20,5.53764E+21,7.62026E+15,4.99829E+16
107894,7.17102E+18,7,1,35,57,2017,10,16,3,3,1,5,0,1,0,1,0,0,0,3.57415E+20,5.55465E+21,7.00513E+15,5.01269E+16
107895,7.17101E+18,7,1,40,67,2017,10,13,5,3,9,7,0,0,0,0,1,0,0,3.87856E+20,5.53436E+21,7.43676E+15,4.99511E+16
107896,7.17101E+18,7,1,37,228,2017,10,13,5,3,2,3,0,1,0,0,0,0,0,3.89742E+20,5.58609E+21,7.44804E+15,5.04165E+16
107897,7.17101E+18,7,1,37,43,2017,10,14,5,3,2,6,0,1,0,0,0,0,0,3.74374E+20,5.57044E+21,7.23704E+15,5.02727E+16
107898,7.17101E+18,7,3,36,22,2017,10,9,4,2,5,3,0,1,0,0,1,0,0,3.87393E+20,5.49245E+21,7.44244E+15,4.95742E+16
107899,7.17102E+18,7,3,15,0,2017,10,16,5,3,2,6,0,1,0,0,0,0,0,4.47176E+20,5.53559E+21,8.26338E+15,4.99703E+16
107900,7.17101E+18,7,3,12,0,2017,10,20,4,3,8,1,0,0,0,1,0,2,0,4.12546E+20,5.47749E+21,7.79356E+15,4.94438E+16
107901,7.17101E+18,7,3,34,501,2017,10,8,4,3,2,6,0,1,0,0,0,0,1,4.44272E+20,5.43325E+21,8.23732E+15,4.90496E+16
107902,7.17101E+18,7,3,13,0,2017,10,20,4,3,5,2,0,1,0,0,0,2,0,4.36271E+20,5.44958E+21,8.12526E+15,4.91957E+16
107903,7.17101E+18,7,3,33,60,2017,10,14,4,3,8,1,0,0,0,1,0,0,0,4.25406E+20,5.48472E+21,7.96957E+15,4.95105E+16
107904,7.17102E+18,7,3,37,5,2017,10,17,4,3,5,3,0,1,0,1,0,0,0,4.26074E+20,5.43858E+21,7.98734E+15,4.90956E+16
107905,7.17101E+18,7,1,35,20,2017,10,14,7,3,5,3,0,1,0,1,0,0,0,3.70227E+20,5.55554E+21,7.18397E+15,5.01379E+16
107906,7.17101E+18,7,2,35,146,2017,10,12,7,3,5,3,0,1,0,0,0,0,0,3.15532E+20,5.50556E+21,6.44314E+15,4.96743E+16
107907,7.17102E+18,7,3,14,0,2017,10,17,5,3,1,6,0,1,0,0,0,0,0,4.53576E+20,5.48113E+21,8.3591E+15,4.94811E+16
107908,7.17102E+18,7,1,11,0,2017,10,7,6,3,3,6,0,1,0,0,1,0,1,4.00725E+20,5.57587E+21,7.60528E+15,5.03266E+16
107909,7.17102E+18,7,2,31,79,2017,10,21,6,2,8,7,0,1,0,0,0,2,0,3.54552E+20,5.50761E+21,6.98282E+15,4.97034E+16
107910,7.17102E+18,7,3,39,5,2017,10,11,1,2,5,2,0,1,0,0,0,0,0,4.22133E+20,5.5315E+21,7.91503E+15,4.99308E+16
107911,7.17102E+18,7,1,33,52,2017,10,13,6,3,6,4,0,1,1,0,0,0,1,3.88955E+20,5.5162E+21,7.45729E+15,4.9788E+16
107912,7.17102E+18,7,3,32,25,2017,10,19,1,2,5,3,0,1,0,1,0,2,1,4.4989E+20,5.46265E+21,8.31055E+15,4.93146E+16
107913,7.17102E+18,7,1,43,48,2017,10,18,7,3,2,6,0,1,0,0,0,2,1,4.13834E+20,5.58911E+21,7.78637E+15,5.04477E+16
107914,7.17102E+18,7,1,31,7,2017,10,21,2,3,0,3,1,1,0,0,0,2,0,3.65451E+20,5.60007E+21,7.10129E+15,5.0537E+16
107915,7.17102E+18,7,1,43,254,2017,10,15,7,3,8,1,0,1,0,0,0,0,1,4.24057E+20,5.6051E+21,7.92707E+15,5.05928E+16
107916,7.17102E+18,7,2,33,29,2017,10,11,2,3,8,1,0,1,0,0,0,0,1,3.32179E+20,5.57526E+21,6.64323E+15,5.03055E+16
107917,7.17102E+18,7,3,14,0,2017,10,12,2,3,5,3,0,1,0,0,0,0,0,4.56185E+20,5.4823E+21,8.39499E+15,4.94918E+16
107918,7.17101E+18,7,3,19,0,2017,10,19,4,3,2,2,0,1,0,0,0,2,0,4.53269E+20,5.5031E+21,8.35225E+15,4.96786E+16
107919,7.17101E+18,7,3,19,0,2017,10,11,4,2,4,2,0,1,0,0,0,0,0,4.5369E+20,5.49565E+21,8.35897E+15,4.96116E+16
107920,7.17102E+18,7,2,32,111,2017,10,10,4,2,8,1,0,1,0,0,0,0,1,3.29357E+20,5.53446E+21,6.62189E+15,4.99381E+16
107921,7.17101E+18,7,3,37,41,2017,10,17,6,2,2,6,0,1,0,0,0,0,0,4.43368E+20,5.4544E+21,8.22198E+15,4.92397E+16
107922,7.17101E+18,7,3,20,0,2017,10,19,5,2,6,6,0,1,1,0,0,2,0,3.77424E+20,5.45573E+21,7.31594E+15,4.9242E+16
107923,7.17101E+18,7,3,39,32,2017,10,8,4,2,3,6,0,1,0,0,1,0,0,4.42979E+20,5.53241E+21,8.20533E+15,4.99414E+16
107924,7.17101E+18,7,2,33,56,2017,10,8,4,3,2,6,0,1,0,0,0,0,0,3.34954E+20,5.5666E+21,6.68595E+15,5.02285E+16
107925,7.17101E+18,7,2,31,31,2017,10,5,4,3,1,7,0,1,0,0,0,2,0,3.45773E+20,5.52985E+21,6.85232E+15,4.99011E+16
107926,7.17101E+18,7,1,34,68,2017,10,4,4,3,1,6,0,1,0,0,0,2,0,3.75891E+20,5.50184E+21,7.28045E+15,4.96563E+16
107927,7.17101E+18,7,1,37,203,2017,10,14,7,3,2,6,0,1,0,0,0,0,0,3.98871E+20,5.58854E+21,7.57584E+15,5.04401E+16
107928,7.17102E+18,7,3,31,48,2017,10,8,5,2,5,3,0,1,0,0,0,0,0,4.42518E+20,5.49852E+21,8.20391E+15,4.96365E+16
107929,7.17102E+18,7,3,13,0,2017,10,18,5,3,5,2,0,1,0,0,0,0,0,4.38992E+20,5.44947E+21,8.16263E+15,4.9195E+16
107930,7.17102E+18,7,1,11,0,2017,10,15,6,3,1,6,0,1,0,0,0,0,0,3.99569E+20,5.57963E+21,7.58804E+15,5.03602E+16
107931,7.17102E+18,7,1,38,45,2017,10,13,1,3,0,1,0,1,0,1,1,0,0,3.91425E+20,5.59366E+21,7.46952E+15,5.04849E+16
107932,7.17102E+18,7,1,43,260,2017,10,9,6,3,9,1,0,0,0,1,0,0,1,4.17613E+20,5.61805E+21,7.83317E+15,5.07084E+16
107933,7.17102E+18,7,2,35,143,2017,10,16,1,2,5,3,0,1,0,1,0,0,0,3.22018E+20,5.50954E+21,6.53114E+15,4.97121E+16
107934,7.17102E+18,7,3,15,0,2017,10,14,6,3,3,6,0,1,0,1,0,0,1,4.43976E+20,5.54184E+21,8.21784E+15,5.00262E+16
107935,7.17102E+18,7,3,37,18,2017,10,18,1,3,4,2,0,1,0,0,0,0,0,4.31049E+20,5.43785E+21,8.0556E+15,4.90896E+16
107936,7.17102E+18,7,3,35,22,2017,10,2,6,3,2,6,0,1,0,0,1,2,0,3.92835E+20,5.47469E+21,7.5225E+15,4.94154E+16
107937,7.17102E+18,7,1,40,133,2017,10,13,2,3,0,1,1,1,0,0,0,0,0,4.08509E+20,5.556E+21,7.71941E+15,5.01491E+16
107938,7.17102E+18,7,1,41,92,2017,10,5,2,3,0,1,0,1,0,0,0,2,0,4.17905E+20,5.56153E+21,7.8497E+15,5.02003E+16
107939,7.17101E+18,7,2,35,104,2017,10,16,4,3,4,1,0,1,0,0,0,0,0,3.10374E+20,5.49386E+21,6.37737E+15,4.95676E+16
107940,7.17101E+18,7,2,35,38,2017,10,6,4,3,4,6,0,1,0,0,1,2,0,3.36165E+20,5.50961E+21,6.72718E+15,4.97167E+16
107941,7.17102E+18,7,3,35,22,2017,10,15,3,3,9,1,0,1,0,0,0,0,0,3.92618E+20,5.47294E+21,7.51998E+15,4.93997E+16
107942,7.17102E+18,7,2,35,107,2017,10,9,4,3,2,2,0,1,0,0,0,0,0,3.36015E+20,5.5056E+21,6.72677E+15,4.96806E+16
107943,7.17101E+18,7,1,43,53,2017,10,17,6,3,8,1,0,0,0,1,0,0,1,4.13738E+20,5.58334E+21,7.78634E+15,5.03957E+16
107944,7.17101E+18,7,3,14,0,2017,10,7,6,3,5,2,1,1,0,0,0,0,0,4.57482E+20,5.48158E+21,8.41296E+15,4.94854E+16
107945,7.17102E+18,7,3,40,38,2017,10,7,6,3,1,6,0,1,0,1,0,2,1,4.00673E+20,5.45451E+21,7.63555E+15,4.92353E+16
107946,7.17102E+18,7,1,40,64,2017,10,19,2,3,4,2,0,1,0,0,0,2,0,3.89213E+20,5.54758E+21,7.45186E+15,5.00702E+16
107947,7.17102E+18,7,1,32,70,2017,10,12,7,3,9,1,0,1,0,0,0,0,1,4.05976E+20,5.6146E+21,7.66928E+15,5.06756E+16
107948,7.17102E+18,7,2,11,0,2017,10,16,2,3,4,2,1,1,0,0,0,0,0,3.28871E+20,5.51357E+21,6.62434E+15,4.97502E+16
107949,7.17102E+18,7,2,32,18,2017,10,11,7,2,8,1,0,1,0,0,0,0,1,3.22608E+20,5.53607E+21,6.52718E+15,4.99507E+16
107950,7.17102E+18,7,3,31,71,2017,10,15,2,2,8,1,0,1,0,0,0,0,0,4.45291E+20,5.50478E+21,8.24143E+15,4.96931E+16
107951,7.17101E+18,7,1,32,65,2017,10,7,4,3,5,7,0,1,0,0,1,0,0,3.94877E+20,5.60331E+21,7.51544E+15,5.05722E+16
107952,7.17102E+18,7,1,43,70,2017,10,17,3,3,3,6,0,1,0,0,1,0,0,4.11723E+20,5.5929E+21,7.75575E+15,5.04815E+16
107953,7.17101E+18,7,1,32,116,2017,10,7,4,3,5,3,0,1,0,0,1,1,1,3.95225E+20,5.60334E+21,7.52035E+15,5.05726E+16
107954,7.17102E+18,7,1,32,63,2017,10,15,3,3,8,7,0,0,0,1,0,0,0,4.2252E+20,5.62819E+21,7.90052E+15,5.08003E+16
107955,7.17101E+18,7,1,11,0,2017,10,17,4,3,2,6,0,1,0,0,0,0,0,3.99582E+20,5.57942E+21,7.58828E+15,5.03583E+16
107956,7.17101E+18,7,1,11,0,2017,10,7,4,3,3,2,0,1,0,0,0,1,1,3.98629E+20,5.57997E+21,7.57474E+15,5.0363E+16
107957,7.17101E+18,7,1,37,202,2017,10,9,4,3,2,6,0,1,0,0,1,0,0,3.90482E+20,5.57792E+21,7.46083E+15,5.03432E+16
107958,7.17101E+18,7,3,40,28,2017,10,7,3,2,5,2,0,1,0,1,0,0,0,4.01257E+20,5.44844E+21,7.64506E+15,4.91808E+16
107959,7.17102E+18,7,1,38,80,2017,10,7,5,2,2,2,0,1,0,0,1,2,0,3.89783E+20,5.6187E+21,7.43895E+15,5.07097E+16
107960,7.17102E+18,7,3,15,0,2017,10,13,5,3,2,6,0,1,0,1,0,0,0,4.45942E+20,5.53799E+21,8.24584E+15,4.99918E+16
107961,7.17102E+18,7,3,33,38,2017,10,7,5,3,8,1,0,1,0,0,0,1,0,4.32828E+20,5.49174E+21,8.07088E+15,4.95746E+16
107962,7.17101E+18,7,3,11,0,2017,10,17,7,3,2,6,0,1,0,0,0,0,0,4.57651E+20,5.48851E+21,8.41456E+15,4.95477E+16
107963,7.17102E+18,7,3,12,0,2017,10,15,5,3,4,1,0,1,0,1,0,0,0,4.14548E+20,5.47627E+21,7.82144E+15,4.94331E+16
107964,7.17102E+18,7,1,37,201,2017,10,12,1,2,2,6,1,1,0,0,0,0,0,3.89217E+20,5.56668E+21,7.44635E+15,5.02418E+16
107965,7.17102E+18,7,1,37,216,2017,10,7,6,3,1,6,0,1,0,0,0,0,1,3.95872E+20,5.5837E+21,7.53496E+15,5.03961E+16
107966,7.17102E+18,7,1,41,92,2017,10,12,1,2,5,3,0,1,0,1,0,0,0,4.17895E+20,5.56043E+21,7.84979E+15,5.01904E+16
107967,7.17102E+18,7,1,34,15,2017,10,6,6,3,7,3,0,1,0,0,1,2,1,3.64008E+20,5.50009E+21,7.11649E+15,4.96381E+16
107968,7.17102E+18,7,1,33,42,2017,10,13,1,3,8,1,0,0,0,1,0,0,0,3.91446E+20,5.52052E+21,7.49068E+15,4.98273E+16
107969,7.17102E+18,7,3,35,24,2017,10,1,1,2,0,1,0,0,0,1,0,2,1,3.98112E+20,5.48037E+21,7.59377E+15,4.94674E+16
107970,7.17102E+18,7,1,32,9,2017,10,22,1,2,9,1,0,1,0,0,0,2,1,3.99719E+20,5.61834E+21,7.57974E+15,5.07082E+16
107971,7.17101E+18,7,1,38,45,2017,10,17,7,3,8,1,0,1,0,0,0,0,0,3.91508E+20,5.59465E+21,7.47041E+15,5.04938E+16
107972,7.17102E+18,7,3,35,45,2017,10,13,5,2,4,6,0,1,0,1,0,0,0,4.05439E+20,5.46972E+21,7.6974E+15,4.93728E+16
107973,7.17102E+18,7,1,31,17,2017,10,16,6,2,5,3,0,1,0,1,0,0,0,3.61307E+20,5.59968E+21,7.04298E+15,5.05326E+16
107974,7.17102E+18,7,1,41,94,2017,10,21,1,3,8,1,0,1,0,0,0,2,0,4.11701E+20,5.56744E+21,7.76142E+15,5.02525E+16
107975,7.17102E+18,7,2,32,310,2017,10,19,6,3,6,6,0,1,1,0,0,2,0,2.97506E+20,5.55664E+21,6.16681E+15,5.01274E+16
107976,7.17102E+18,7,3,11,0,2017,10,11,1,3,5,3,0,1,0,0,0,0,0,4.53955E+20,5.48791E+21,8.36353E+15,4.9542E+16
107977,7.17102E+18,7,3,38,25,2017,10,9,6,3,5,3,0,1,0,0,1,0,0,4.534E+20,5.47163E+21,8.35779E+15,4.93956E+16
107978,7.17102E+18,7,3,17,0,2017,10,16,1,1,9,1,0,0,0,1,0,0,1,3.97423E+20,5.4479E+21,7.59261E+15,4.91753E+16
107979,7.17102E+18,7,1,37,101,2017,10,23,7,2,6,4,0,1,1,0,0,2,1,3.78341E+20,5.58009E+21,7.28958E+15,5.03603E+16
107980,7.17102E+18,7,1,35,9,2017,10,10,2,3,5,3,0,1,0,0,0,0,0,3.7709E+20,5.56321E+21,7.27748E+15,5.02083E+16
107981,7.17102E+18,7,3,15,0,2017,10,19,2,3,8,1,0,0,0,1,0,2,0,4.47817E+20,5.53954E+21,8.27178E+15,5.00059E+16
107982,7.17101E+18,7,3,12,0,2017,10,13,3,3,2,6,0,1,0,0,0,0,1,4.06642E+20,5.47699E+21,7.71226E+15,4.94384E+16
107983,7.17102E+18,7,3,13,0,2017,10,12,2,2,5,3,0,1,0,1,0,0,0,4.32726E+20,5.45027E+21,8.0765E+15,4.92016E+16
107984,7.17101E+18,7,3,35,17,2017,10,7,3,3,4,6,0,1,0,0,0,0,0,4.06086E+20,5.48377E+21,7.70298E+15,4.94993E+16
107985,7.17102E+18,7,1,32,117,2017,10,15,4,3,5,7,0,1,0,0,0,0,0,4.11335E+20,5.62629E+21,7.7423E+15,5.07816E+16
107986,7.17102E+18,7,3,15,0,2017,10,3,4,2,6,4,0,1,1,0,0,2,0,4.49069E+20,5.53783E+21,8.28948E+15,4.99907E+16
107987,7.17101E+18,7,3,37,501,2017,10,18,6,2,9,1,0,0,0,1,0,1,0,4.19795E+20,5.45649E+21,7.89777E+15,4.9256E+16
107988,7.17101E+18,7,3,32,24,2017,10,17,3,3,2,2,0,1,0,0,0,0,0,4.3938E+20,5.48975E+21,8.16181E+15,4.95573E+16
107989,7.17101E+18,7,3,37,68,2017,10,13,3,2,2,1,0,1,0,0,1,0,0,4.39115E+20,5.44339E+21,8.16523E+15,4.91403E+16
107990,7.17102E+18,7,3,40,4,2017,10,9,4,2,2,6,0,1,0,1,0,0,0,4.08144E+20,5.48186E+21,7.73184E+15,4.94825E+16
107991,7.17102E+18,7,1,37,203,2017,10,17,5,3,0,6,0,0,0,1,0,0,0,3.98602E+20,5.58684E+21,7.5725E+15,5.04248E+16
107992,7.17102E+18,7,1,34,45,2017,10,11,5,2,6,4,0,1,1,0,0,0,0,3.78857E+20,5.50953E+21,7.31914E+15,4.97261E+16
107993,7.17101E+18,7,2,31,32,2017,10,17,7,2,9,1,0,0,0,1,0,0,0,3.58246E+20,5.51616E+21,7.0309E+15,4.97812E+16
107994,7.17102E+18,7,3,31,18,2017,10,16,5,3,2,6,0,1,0,0,0,0,0,4.53948E+20,5.50966E+21,8.36088E+15,4.97377E+16
107995,7.17101E+18,7,3,31,2,2017,10,21,7,3,5,2,0,1,0,0,0,2,0,4.53375E+20,5.51369E+21,8.35245E+15,4.97738E+16
107996,7.17102E+18,7,3,37,23,2017,10,18,5,3,0,3,1,1,0,0,0,1,0,4.40531E+20,5.45192E+21,8.18339E+15,4.92172E+16
107997,7.17101E+18,7,3,37,501,2017,10,11,3,3,0,1,0,0,0,1,0,0,1,4.24053E+20,5.45075E+21,7.95737E+15,4.92049E+16
107998,7.17101E+18,7,3,38,26,2017,10,11,3,3,4,6,0,0,0,0,1,0,0,4.60238E+20,5.4719E+21,8.452E+15,4.93985E+16
107999,7.17101E+18,7,3,14,0,2017,10,7,3,3,2,6,0,1,0,0,0,0,0,4.60461E+20,5.48099E+21,8.45416E+15,4.94802E+16
108000,7.17101E+18,7,3,19,0,2017,10,9,3,3,2,2,0,1,1,0,0,0,1,4.53585E+20,5.4977E+21,8.35727E+15,4.963E+16
108001,7.17102E+18,7,3,19,0,2017,10,17,5,2,5,2,1,1,0,0,0,0,0,4.52943E+20,5.49788E+21,8.34836E+15,4.96316E+16
108002,7.17102E+18,7,3,37,23,2017,10,18,5,3,4,1,0,1,0,0,0,2,0,4.40247E+20,5.45284E+21,8.17934E+15,4.92254E+16
108003,7.17101E+18,7,3,40,23,2017,10,23,7,1,4,6,0,1,0,0,0,2,0,3.9554E+20,5.45432E+21,7.56512E+15,4.92327E+16
108004,7.17102E+18,7,1,11,0,2017,10,15,6,3,2,6,0,1,0,0,0,0,0,3.99565E+20,5.57988E+21,7.58792E+15,5.03624E+16
108005,7.17102E+18,7,1,38,62,2017,10,17,1,3,5,3,0,1,0,1,0,0,0,3.74037E+20,5.60982E+21,7.21908E+15,5.06266E+16
108006,7.17102E+18,7,2,11,0,2017,10,14,6,2,3,6,0,1,0,0,0,0,0,3.30537E+20,5.51405E+21,6.64723E+15,4.9755E+16
108007,7.17102E+18,7,2,32,103,2017,10,17,1,2,0,7,0,0,0,1,0,0,0,3.12294E+20,5.53257E+21,6.38525E+15,4.9916E+16
108008,7.17102E+18,7,3,19,0,2017,10,5,6,2,6,4,0,1,1,0,0,2,0,4.53732E+20,5.49698E+21,8.35939E+15,4.96236E+16
108009,7.17102E+18,7,3,32,16,2017,10,14,1,2,0,1,0,0,0,1,0,0,0,4.27888E+20,5.46628E+21,8.00721E+15,4.93449E+16
108010,7.17102E+18,7,1,37,68,2017,10,10,2,3,2,6,0,1,0,0,0,0,0,3.746E+20,5.57528E+21,7.23861E+15,5.03163E+16
108011,7.17102E+18,7,2,31,8,2017,10,7,2,3,8,1,0,0,0,1,0,0,0,3.58743E+20,5.53073E+21,7.0325E+15,4.99122E+16
108012,7.17101E+18,7,3,15,0,2017,10,7,3,3,6,7,1,0,1,0,0,1,0,4.46435E+20,5.54077E+21,8.25232E+15,5.00168E+16
108013,7.17102E+18,7,2,33,80,2017,10,11,1,3,4,6,0,1,0,0,0,0,1,3.3629E+20,5.5726E+21,6.70206E+15,5.02828E+16
108014,7.17102E+18,7,3,39,58,2017,10,11,3,3,2,6,0,1,0,0,1,0,0,4.17448E+20,5.54051E+21,7.84784E+15,5.00112E+16
108015,7.17102E+18,7,3,20,0,2017,10,15,3,2,5,3,0,1,0,1,0,0,0,3.81064E+20,5.45701E+21,7.36554E+15,4.92543E+16
108016,7.17102E+18,7,1,34,24,2017,10,19,4,2,6,4,0,1,1,0,0,2,0,3.6598E+20,5.49608E+21,7.14517E+15,4.96024E+16
108017,7.17101E+18,7,2,32,101,2017,10,7,6,3,8,1,0,1,0,0,0,0,1,3.29034E+20,5.54394E+21,6.61318E+15,5.00232E+16
108018,7.17101E+18,7,3,38,6,2017,10,19,6,2,5,2,0,1,0,1,0,2,0,4.49834E+20,5.4759E+21,8.30811E+15,4.94337E+16
108019,7.17101E+18,7,2,31,1,2017,10,17,3,3,2,6,0,1,0,0,0,0,0,3.48109E+20,5.53519E+21,6.88272E+15,4.99498E+16
108020,7.17101E+18,7,1,35,71,2017,10,13,3,3,1,6,0,1,0,0,0,0,0,3.80387E+20,5.54226E+21,7.33023E+15,5.00206E+16
108021,7.17102E+18,7,1,43,32,2017,10,16,5,2,5,3,0,1,0,1,0,0,0,4.04794E+20,5.58759E+21,7.65946E+15,5.04326E+16
108022,7.17102E+18,7,3,15,0,2017,10,5,5,3,5,3,0,1,0,1,0,1,0,4.44212E+20,5.54179E+21,8.22115E+15,5.00258E+16
108023,7.17101E+18,7,3,39,6,2017,10,12,7,3,5,3,0,1,0,1,0,0,0,4.5059E+20,5.53103E+21,8.31157E+15,4.99296E+16
108024,7.17102E+18,7,3,31,30,2017,10,7,5,3,5,3,0,1,0,0,0,0,0,4.22737E+20,5.52788E+21,7.92417E+15,4.98983E+16
108025,7.17101E+18,7,3,12,0,2017,10,22,7,3,5,3,0,1,0,0,0,2,0,4.08553E+20,5.4759E+21,7.73886E+15,4.94289E+16
108026,7.17102E+18,7,3,12,0,2017,10,15,5,2,4,6,0,1,0,0,0,0,0,4.09228E+20,5.47811E+21,7.74767E+15,4.94489E+16
108027,7.17102E+18,7,1,40,501,2017,10,21,1,3,7,1,0,1,0,0,0,2,0,3.99508E+20,5.56521E+21,7.59102E+15,5.02305E+16
108028,7.17102E+18,7,1,38,45,2017,10,16,6,3,2,6,0,1,0,1,0,0,0,3.90635E+20,5.58673E+21,7.46042E+15,5.04224E+16
108029,7.17102E+18,7,1,43,286,2017,10,14,1,3,6,4,0,1,1,0,0,0,0,4.34171E+20,5.60618E+21,8.06975E+15,5.06038E+16
108030,7.17102E+18,7,3,38,23,2017,10,6,1,3,1,1,0,1,0,1,0,2,0,4.56543E+20,5.45881E+21,8.4025E+15,4.92805E+16
108031,7.17102E+18,7,3,40,225,2017,10,13,1,3,8,1,0,0,0,1,0,0,0,3.92746E+20,5.46417E+21,7.5241E+15,4.93209E+16
108032,7.17102E+18,7,3,15,0,2017,10,17,7,2,4,2,0,1,0,0,0,0,0,4.44261E+20,5.53861E+21,8.2223E+15,4.99972E+16
108033,7.17102E+18,7,2,11,0,2017,10,12,1,2,4,1,0,1,0,0,0,0,1,3.34837E+20,5.52417E+21,6.70258E+15,4.98472E+16
108034,7.17102E+18,7,1,43,30,2017,10,20,3,3,5,3,0,1,0,0,0,2,0,4.06314E+20,5.58953E+21,7.68037E+15,5.04503E+16
108035,7.17102E+18,7,3,39,42,2017,10,14,3,1,4,1,0,1,0,0,1,0,0,4.40054E+20,5.529E+21,8.1651E+15,4.99104E+16
108036,7.17102E+18,7,3,16,0,2017,10,19,3,3,5,1,1,1,0,0,0,2,0,4.38418E+20,5.4673E+21,8.152E+15,4.93553E+16
108037,7.17101E+18,7,3,20,0,2017,10,16,5,2,5,3,0,1,0,0,0,0,0,3.80284E+20,5.45478E+21,7.35549E+15,4.92341E+16
108038,7.17102E+18,7,1,38,6,2017,10,7,4,3,6,6,0,1,1,0,0,2,0,3.91235E+20,5.60314E+21,7.46408E+15,5.057E+16
108039,7.17101E+18,7,1,32,69,2017,10,12,6,3,4,1,0,1,0,0,0,0,1,3.94657E+20,5.61604E+21,7.50873E+15,5.06866E+16
108040,7.17101E+18,7,3,39,68,2017,10,14,6,2,9,1,0,0,0,1,0,0,0,4.2558E+20,5.52533E+21,7.96424E+15,4.98758E+16