OBJECTID,UIDENTSTLA,ULAND,UREGBEZ,UKREIS,UGEMEINDE,UJAHR,UMONAT,USTUNDE,UWOCHENTAG,UKATEGORIE,UART,UTYP1,IstRad,IstPKW,IstFuss,IstKrad,IstSonstig,LICHT,STRZUSTAND,LINREFX,LINREFY,XGCSWGS84,YGCSWGS84
108041,7.17102E+18,7,3,15,0,2017,10,16,2,3,2,6,0,1,0,0,0,0,0,4.45996E+20,5.53565E+21,8.24691E+15,4.99708E+16
108042,7.17101E+18,7,2,32,293,2017,10,17,3,3,6,1,0,1,1,0,0,0,0,3.16014E+20,5.55352E+21,6.42699E+15,5.01054E+16
108043,7.17101E+18,7,2,31,134,2017,10,10,3,3,4,2,0,1,0,0,0,0,1,3.5E+20,5.53972E+21,6.9073E+15,4.99909E+16
108044,7.17102E+18,7,3,32,2,2017,10,8,3,3,2,7,0,1,0,0,0,0,0,4.41833E+20,5.47767E+21,8.19751E+15,4.94489E+16
108045,7.17102E+18,7,1,43,229,2017,10,17,4,3,2,6,0,1,0,0,0,0,0,4.15447E+20,5.61393E+21,7.80345E+15,5.06711E+16
108046,7.17101E+18,7,3,39,56,2017,10,15,6,3,6,6,0,1,1,0,0,0,0,4.27169E+20,5.52375E+21,7.98665E+15,4.98617E+16
108047,7.17101E+18,7,2,31,35,2017,10,18,3,2,9,1,0,1,0,0,1,0,1,3.56023E+20,5.51547E+21,7.0003E+15,4.97745E+16
108048,7.17102E+18,7,3,33,502,2017,10,16,4,3,5,2,0,1,0,0,0,0,0,4.15282E+20,5.49889E+21,7.82671E+15,4.96366E+16
108049,7.17102E+18,7,1,37,211,2017,10,15,5,3,2,6,0,1,0,0,0,0,0,3.91377E+20,5.5847E+21,7.47145E+15,5.04043E+16
108050,7.17101E+18,7,1,32,18,2017,10,6,7,3,1,5,0,1,0,0,0,2,0,4.26651E+20,5.62194E+21,7.96037E+15,5.07446E+16
108051,7.17102E+18,7,2,33,26,2017,10,14,5,3,4,2,0,0,0,1,1,0,0,3.32328E+20,5.56612E+21,6.64938E+15,5.02235E+16
108052,7.17101E+18,7,2,33,501,2017,10,10,7,2,4,6,0,1,0,1,0,0,1,3.45837E+20,5.56137E+21,6.84054E+15,5.01845E+16
108053,7.17102E+18,7,3,31,15,2017,10,7,5,3,9,1,0,1,0,0,0,0,1,4.43779E+20,5.5117E+21,8.21948E+15,4.97551E+16
108054,7.17101E+18,7,3,31,72,2017,10,18,7,3,2,6,0,1,0,0,0,1,0,4.29211E+20,5.52072E+21,8.01562E+15,4.98348E+16
108055,7.17102E+18,7,3,37,6,2017,10,18,5,3,9,1,0,1,0,0,0,0,0,4.31251E+20,5.43819E+21,8.05831E+15,4.90927E+16
108056,7.17101E+18,7,3,20,0,2017,10,19,7,3,5,2,0,1,0,0,0,0,0,3.81512E+20,5.4563E+21,7.37191E+15,4.9248E+16
108057,7.17102E+18,7,1,43,6,2017,10,11,1,2,9,1,0,0,0,1,0,0,1,4.06379E+20,5.59435E+21,7.68008E+15,5.04936E+16
108058,7.17102E+18,7,2,33,61,2017,10,17,1,3,9,1,0,0,0,1,0,0,1,3.48852E+20,5.56683E+21,6.88056E+15,5.02343E+16
108059,7.17102E+18,7,1,37,35,2017,10,10,7,2,5,2,0,1,0,1,0,0,0,3.57743E+20,5.58095E+21,6.99984E+15,5.03634E+16
108060,7.17102E+18,7,2,11,0,2017,10,12,7,3,1,6,0,1,0,0,1,0,1,3.29527E+20,5.51478E+21,6.6329E+15,4.97613E+16
108061,7.17102E+18,7,1,40,35,2017,10,10,1,3,8,1,0,1,0,0,0,0,1,4.01204E+20,5.53773E+21,7.6219E+15,4.99837E+16
108062,7.17102E+18,7,3,35,49,2017,10,8,2,3,5,2,0,1,0,0,1,0,0,4.0125E+20,5.48152E+21,7.63678E+15,4.94783E+16
108063,7.17102E+18,7,3,39,32,2017,10,1,1,2,9,1,0,1,0,0,0,2,1,4.43721E+20,5.53306E+21,8.21557E+15,4.99472E+16
108064,7.17102E+18,7,1,31,6,2017,10,14,3,3,2,6,0,1,0,0,1,0,0,3.79385E+20,5.59666E+21,7.29891E+15,5.05094E+16
108065,7.17101E+18,7,2,35,149,2017,10,9,3,3,3,6,0,1,0,0,0,0,1,3.11281E+20,5.49607E+21,6.38884E+15,4.95878E+16
108066,7.17102E+18,7,1,35,1,2017,10,22,3,2,5,2,1,1,0,0,0,2,0,3.66131E+20,5.54589E+21,7.13006E+15,5.00502E+16
108067,7.17102E+18,7,3,31,21,2017,10,8,5,2,5,2,0,1,0,0,1,0,1,4.30177E+20,5.51243E+21,8.03054E+15,4.97603E+16
108068,7.17102E+18,7,3,38,16,2017,10,7,5,3,2,6,0,1,0,0,1,1,0,4.50257E+20,5.48625E+21,8.31263E+15,4.95269E+16
108069,7.17102E+18,7,1,11,0,2017,10,16,1,3,2,6,0,1,0,0,0,0,0,3.99543E+20,5.58065E+21,7.58741E+15,5.03693E+16
108070,7.17102E+18,7,1,37,212,2017,10,12,6,3,8,1,0,1,0,0,0,0,1,3.9264E+20,5.57819E+21,7.49107E+15,5.0346E+16
108071,7.17102E+18,7,1,41,91,2017,10,14,1,2,9,1,0,0,0,1,0,0,0,4.1532E+20,5.57247E+21,7.81104E+15,5.02983E+16
108072,7.17102E+18,7,2,35,68,2017,10,7,6,2,3,6,0,0,0,1,1,2,1,3.26136E+20,5.50921E+21,6.58835E+15,4.97103E+16
108073,7.17102E+18,7,3,31,64,2017,10,18,1,3,5,3,0,1,0,0,1,0,0,4.40404E+20,5.52339E+21,8.17084E+15,4.986E+16
108074,7.17102E+18,7,3,32,33,2017,10,14,1,2,8,1,0,0,0,1,0,0,0,4.43738E+20,5.48997E+21,8.22203E+15,4.95597E+16
108075,7.17102E+18,7,1,31,7,2017,10,7,2,3,5,3,0,1,0,0,0,1,0,3.66655E+20,5.6015E+21,7.11775E+15,5.05502E+16
108076,7.17101E+18,7,1,43,229,2017,10,21,3,3,9,1,0,1,0,0,0,2,1,4.16191E+20,5.61071E+21,7.8147E+15,5.06422E+16
108077,7.17101E+18,7,1,32,37,2017,10,14,3,2,8,1,0,1,0,0,0,0,1,4.13232E+20,5.6359E+21,7.76692E+15,5.08683E+16
108078,7.17102E+18,7,3,39,5,2017,10,20,1,2,8,1,0,1,0,0,0,2,0,4.2407E+20,5.53111E+21,7.9421E+15,4.99275E+16
108079,7.17102E+18,7,3,39,5,2017,10,9,3,1,2,6,0,0,0,1,0,0,0,4.22365E+20,5.53162E+21,7.91824E+15,4.99319E+16
108080,7.17102E+18,7,3,13,0,2017,10,19,3,3,1,6,0,1,0,0,0,2,0,4.36321E+20,5.44958E+21,8.12595E+15,4.91957E+16
108081,7.17102E+18,7,1,11,0,2017,10,6,4,3,1,6,0,1,0,0,0,2,0,3.96651E+20,5.58323E+21,7.54604E+15,5.0392E+16
108082,7.17102E+18,7,2,32,112,2017,10,5,4,2,9,1,0,1,0,0,0,2,1,3.0081E+20,5.534E+21,6.22474E+15,4.99251E+16
108083,7.17101E+18,7,3,31,4,2017,10,21,6,2,8,1,0,1,0,0,0,2,0,4.31862E+20,5.51726E+21,8.05308E+15,4.98039E+16
108084,7.17101E+18,7,3,13,0,2017,10,15,6,3,6,4,0,1,1,0,0,0,0,4.36763E+20,5.45062E+21,8.13185E+15,4.92052E+16
108085,7.17101E+18,7,1,38,45,2017,10,12,3,3,4,2,0,1,0,0,0,0,0,3.92567E+20,5.59147E+21,7.48625E+15,5.04654E+16
108086,7.17102E+18,7,3,37,77,2017,10,17,4,3,8,6,0,1,0,0,0,0,0,4.38417E+20,5.45901E+21,8.15326E+15,4.92808E+16
108087,7.17102E+18,7,1,11,0,2017,10,10,5,3,2,6,0,1,0,0,0,0,0,3.99579E+20,5.58003E+21,7.58808E+15,5.03638E+16
108088,7.17101E+18,7,1,37,68,2017,10,17,7,3,5,2,0,1,0,0,0,0,0,3.72485E+20,5.57617E+21,7.20862E+15,5.03238E+16
108089,7.17102E+18,7,1,41,201,2017,10,17,5,2,8,1,0,1,0,0,0,0,0,4.09381E+20,5.5795E+21,7.72598E+15,5.03606E+16
108090,7.17101E+18,7,1,43,229,2017,10,16,7,3,5,2,0,1,0,1,0,0,0,4.15072E+20,5.61216E+21,7.79854E+15,5.06551E+16
108091,7.17102E+18,7,3,15,0,2017,10,20,5,3,2,6,0,1,0,0,0,2,0,4.4664E+20,5.53862E+21,8.25548E+15,4.99975E+16
108092,7.17101E+18,7,3,39,11,2017,10,19,7,2,9,7,0,1,0,0,0,2,0,4.49231E+20,5.52191E+21,8.29383E+15,4.98475E+16
108093,7.17101E+18,7,3,36,3,2017,10,13,7,3,2,6,0,1,0,0,0,0,0,3.88789E+20,5.48836E+21,7.46288E+15,4.95377E+16
108094,7.17102E+18,7,1,31,66,2017,10,16,1,3,8,1,0,0,0,1,0,0,0,3.52538E+20,5.57852E+21,6.92766E+15,5.03403E+16
108095,7.17101E+18,7,1,37,68,2017,10,21,3,3,5,3,0,1,0,0,0,1,0,3.73721E+20,5.57623E+21,7.22594E+15,5.03247E+16
108096,7.17101E+18,7,1,11,0,2017,10,15,3,2,8,5,0,1,0,0,0,0,0,3.98797E+20,5.58341E+21,7.57617E+15,5.0394E+16
108097,7.17102E+18,7,1,11,0,2017,10,6,5,3,3,6,1,1,0,0,0,2,0,3.96338E+20,5.58236E+21,7.54188E+15,5.03841E+16
108098,7.17102E+18,7,1,41,14,2017,10,17,5,2,5,3,0,1,0,1,0,0,0,4.29352E+20,5.57942E+21,8.00672E+15,5.03626E+16
108099,7.17102E+18,7,3,39,19,2017,10,14,5,2,4,6,0,1,0,0,0,0,0,4.28846E+20,5.53439E+21,8.00803E+15,4.99576E+16
108100,7.17101E+18,7,3,19,0,2017,10,11,7,2,2,6,0,1,0,0,0,0,0,4.53235E+20,5.50517E+21,8.35154E+15,4.96972E+16
108101,7.17102E+18,7,3,37,7,2017,10,8,5,3,8,1,0,1,0,0,0,0,0,4.3403E+20,5.44213E+21,8.09573E+15,4.91285E+16
108102,7.17101E+18,7,3,35,202,2017,10,17,7,3,3,6,0,1,0,1,0,0,0,3.90135E+20,5.4703E+21,7.4865E+15,4.93755E+16
108103,7.17102E+18,7,1,11,0,2017,10,14,6,3,5,3,0,1,0,0,0,0,0,3.97873E+20,5.57942E+21,7.56426E+15,5.0358E+16
108104,7.17102E+18,7,1,35,52,2017,10,19,1,3,0,2,0,1,0,1,0,2,0,3.63708E+20,5.56545E+21,7.08924E+15,5.02255E+16
108105,7.17102E+18,7,2,35,132,2017,10,14,1,2,5,2,0,1,0,1,0,0,0,3.21694E+20,5.50356E+21,6.52937E+15,4.96582E+16
108106,7.17102E+18,7,3,37,11,2017,10,17,1,2,2,6,1,0,0,1,0,0,0,4.44177E+20,5.45887E+21,8.23248E+15,4.928E+16
108107,7.17102E+18,7,3,40,39,2017,10,11,7,3,6,7,0,1,1,0,0,0,0,4.11617E+20,5.43899E+21,7.78926E+15,4.90974E+16
108108,7.17102E+18,7,1,34,45,2017,10,14,1,3,4,1,0,1,0,0,0,0,1,3.85134E+20,5.51039E+21,7.40593E+15,4.9735E+16
108109,7.17102E+18,7,1,11,0,2017,10,13,3,3,5,3,0,1,0,0,1,0,0,3.99605E+20,5.58321E+21,7.58759E+15,5.03924E+16
108110,7.17102E+18,7,2,35,45,2017,10,19,3,2,0,1,1,0,0,0,0,1,0,3.51933E+20,5.50337E+21,6.94812E+15,4.96647E+16
108111,7.17101E+18,7,1,11,0,2017,10,8,3,3,3,3,0,1,0,0,0,0,1,3.96813E+20,5.58308E+21,7.54836E+15,5.03907E+16
108112,7.17102E+18,7,3,33,19,2017,10,5,3,2,5,2,0,1,0,1,0,2,0,4.33532E+20,5.48965E+21,8.08098E+15,4.95558E+16
108113,7.17102E+18,7,3,38,12,2017,10,5,3,2,8,1,0,1,0,0,1,2,0,4.49555E+20,5.48927E+21,8.30255E+15,4.95539E+16
108114,7.17101E+18,7,3,32,24,2017,10,6,5,3,5,2,1,1,0,0,0,2,0,4.40465E+20,5.48954E+21,8.17685E+15,4.95555E+16
108115,7.17102E+18,7,1,43,289,2017,10,14,4,3,5,3,0,1,0,0,0,0,0,4.20969E+20,5.60258E+21,7.88398E+15,5.05698E+16
108116,7.17101E+18,7,1,38,11,2017,10,14,6,3,2,6,0,1,0,0,0,0,1,4.00768E+20,5.59918E+21,7.59971E+15,5.05361E+16
108117,7.17101E+18,7,3,14,0,2017,10,15,6,2,5,3,0,1,0,1,0,0,0,4.57511E+20,5.4804E+21,8.41349E+15,4.94748E+16
108118,7.17101E+18,7,1,11,0,2017,10,19,3,3,0,7,1,0,0,0,0,1,0,4.0011E+20,5.57899E+21,7.59581E+15,5.03545E+16
108119,7.17101E+18,7,3,35,47,2017,10,8,2,2,4,2,0,1,0,0,1,0,1,4.10093E+20,5.47213E+21,7.76095E+15,4.93953E+16
108120,7.17102E+18,7,3,14,0,2017,10,0,4,3,3,6,0,1,0,0,1,2,0,4.57724E+20,5.47759E+21,8.41674E+15,4.94495E+16
108121,7.17102E+18,7,3,20,0,2017,10,13,4,3,7,7,0,1,0,0,1,0,0,3.81273E+20,5.45637E+21,7.3686E+15,4.92486E+16
108122,7.17102E+18,7,1,32,72,2017,10,13,5,3,8,7,0,1,0,0,0,0,0,4.266E+20,5.63175E+21,7.9577E+15,5.08328E+16
108123,7.17101E+18,7,1,32,54,2017,10,15,7,3,2,6,0,1,0,0,0,0,0,4.14782E+20,5.62672E+21,7.79108E+15,5.0786E+16
108124,7.17102E+18,7,3,15,0,2017,10,12,5,2,0,6,0,0,0,1,0,0,0,4.47646E+20,5.53638E+21,8.26982E+15,4.99774E+16
108125,7.17101E+18,7,3,31,4,2017,10,22,7,3,9,1,0,1,0,0,0,2,0,4.31713E+20,5.51762E+21,8.05095E+15,4.98072E+16
108126,7.17102E+18,7,3,31,71,2017,10,13,5,2,4,6,0,1,0,0,0,0,0,4.47361E+20,5.50611E+21,8.26996E+15,4.97052E+16
108127,7.17101E+18,7,3,14,0,2017,10,9,7,3,6,2,0,1,1,0,0,0,0,4.54706E+20,5.4822E+21,8.37458E+15,4.94907E+16
108128,7.17102E+18,7,1,11,0,2017,10,19,1,3,5,3,0,1,0,1,0,2,0,3.97798E+20,5.58142E+21,7.56266E+15,5.03759E+16
108129,7.17102E+18,7,1,41,103,2017,10,16,1,2,0,1,0,0,0,1,0,0,1,4.18463E+20,5.574E+21,7.85483E+15,5.03125E+16
108130,7.17102E+18,7,1,32,69,2017,10,0,7,3,8,1,0,1,0,0,0,2,0,3.94844E+20,5.61594E+21,7.5114E+15,5.06857E+16
108131,7.17102E+18,7,2,31,81,2017,10,13,7,2,8,1,0,0,0,1,0,0,1,3.54432E+20,5.53318E+21,6.97156E+15,4.99332E+16
108132,7.17102E+18,7,3,15,0,2017,10,18,2,3,0,1,1,0,0,0,0,2,0,4.45375E+20,5.53654E+21,8.23813E+15,4.99787E+16
108133,7.17102E+18,7,1,38,45,2017,10,16,1,2,9,1,0,1,0,0,0,0,1,3.92505E+20,5.58994E+21,7.48581E+15,5.04516E+16
108134,7.17102E+18,7,1,33,51,2017,10,12,2,2,4,6,0,1,0,0,0,0,0,4.00062E+20,5.50647E+21,7.61403E+15,4.97025E+16
108135,7.17102E+18,7,3,39,9,2017,10,17,1,2,9,6,0,1,0,0,0,0,1,4.42923E+20,5.54188E+21,8.20313E+15,5.00265E+16
108136,7.17101E+18,7,3,37,67,2017,10,14,2,2,4,1,0,1,0,0,1,0,0,4.22222E+20,5.45213E+21,7.93197E+15,4.9217E+16
108137,7.17102E+18,7,1,32,61,2017,10,17,3,2,5,3,0,1,0,0,0,0,0,4.03709E+20,5.61747E+21,7.63645E+15,5.07011E+16
108138,7.17101E+18,7,3,37,40,2017,10,17,2,3,4,6,0,1,0,0,0,0,0,4.3181E+20,5.44498E+21,8.06483E+15,4.91539E+16
108139,7.17102E+18,7,3,39,32,2017,10,8,3,3,2,3,0,1,0,0,0,0,0,4.44348E+20,5.53347E+21,8.22426E+15,4.9951E+16
108140,7.17102E+18,7,3,34,12,2017,10,15,3,3,2,6,0,1,0,0,0,0,0,4.47819E+20,5.43584E+21,8.28553E+15,4.90732E+16
108141,7.17102E+18,7,1,37,228,2017,10,16,4,3,0,1,0,0,0,1,0,0,0,3.90792E+20,5.58568E+21,7.46293E+15,5.0413E+16
108142,7.17101E+18,7,3,31,73,2017,10,5,6,3,2,6,0,1,0,0,0,2,0,4.38558E+20,5.52119E+21,8.14551E+15,4.984E+16
108143,7.17102E+18,7,3,14,0,2017,10,16,1,3,1,6,0,1,0,0,0,1,1,4.59733E+20,5.48052E+21,8.44415E+15,4.9476E+16
108144,7.17102E+18,7,3,15,0,2017,10,16,3,3,2,6,0,1,0,1,0,0,0,4.5133E+20,5.53601E+21,8.32125E+15,4.99744E+16
108145,7.17102E+18,7,3,34,501,2017,10,18,3,3,5,2,0,1,0,0,0,1,0,4.41621E+20,5.43368E+21,8.201E+15,4.90532E+16
108146,7.17102E+18,7,1,31,7,2017,10,14,4,3,2,6,0,1,0,0,0,0,0,3.65173E+20,5.60044E+21,7.09723E+15,5.05404E+16
108147,7.17101E+18,7,1,37,68,2017,10,9,6,2,5,3,0,1,0,0,0,0,0,3.76129E+20,5.57657E+21,7.25965E+15,5.03282E+16
108148,7.17102E+18,7,3,39,32,2017,10,22,4,3,9,1,0,1,0,0,0,2,0,4.42305E+20,5.53038E+21,8.19624E+15,4.9923E+16
108149,7.17101E+18,7,3,15,0,2017,10,14,6,3,5,3,0,1,0,0,1,0,0,4.45924E+20,5.54043E+21,8.24523E+15,5.00137E+16
108150,7.17101E+18,7,3,37,44,2017,10,17,6,3,1,2,0,1,0,0,0,0,0,4.38464E+20,5.44517E+21,8.15603E+15,4.91562E+16
108151,7.17102E+18,7,3,32,50,2017,10,15,3,3,8,1,0,1,0,0,0,0,0,4.458E+20,5.48426E+21,8.25133E+15,4.95086E+16
108152,7.17102E+18,7,3,37,69,2017,10,13,3,3,3,6,0,0,0,1,1,0,0,4.36595E+20,5.4556E+21,8.12876E+15,4.92499E+16
108153,7.17102E+18,7,3,16,0,2017,10,7,3,3,3,6,0,1,0,0,1,0,0,4.41539E+20,5.46728E+21,8.19497E+15,4.93555E+16
108154,7.17102E+18,7,3,37,61,2017,10,19,3,3,2,6,0,1,0,0,0,2,0,4.40924E+20,5.44757E+21,8.18942E+15,4.91781E+16
108155,7.17101E+18,7,3,18,0,2017,10,19,2,3,5,3,0,0,0,0,1,2,1,4.6031E+20,5.46219E+21,8.45395E+15,4.93111E+16
108156,7.17102E+18,7,3,32,24,2017,10,16,4,3,6,4,0,1,1,0,0,0,0,4.39726E+20,5.4905E+21,8.16648E+15,4.95641E+16
108157,7.17102E+18,7,1,11,0,2017,10,7,5,2,2,6,0,1,0,0,0,2,0,3.96817E+20,5.58308E+21,7.54842E+15,5.03907E+16
108158,7.17101E+18,7,1,35,17,2017,10,17,7,3,0,1,0,0,0,1,0,0,1,3.74306E+20,5.55403E+21,7.24151E+15,5.01252E+16
108159,7.17102E+18,7,2,11,0,2017,10,8,5,3,2,6,0,1,0,0,0,0,0,3.30566E+20,5.51409E+21,6.64762E+15,4.97554E+16
108160,7.17101E+18,7,2,35,146,2017,10,22,7,3,5,6,0,1,0,0,0,2,0,3.15665E+20,5.50564E+21,6.44493E+15,4.96751E+16
108161,7.17101E+18,7,3,19,0,2017,10,15,7,3,2,6,0,1,0,0,0,0,0,4.53243E+20,5.50088E+21,8.35215E+15,4.96587E+16
108162,7.17101E+18,7,3,36,23,2017,10,8,7,3,1,5,0,1,0,0,1,0,0,3.96585E+20,5.49028E+21,7.5701E+15,4.95563E+16
108163,7.17102E+18,7,3,11,0,2017,10,13,6,3,2,6,0,1,0,0,0,0,0,4.53289E+20,5.48633E+21,8.35452E+15,4.95278E+16
108164,7.17102E+18,7,1,11,0,2017,10,11,7,3,8,1,0,1,0,0,0,0,1,3.99552E+20,5.57909E+21,7.58795E+15,5.03553E+16
108165,7.17102E+18,7,3,37,44,2017,10,11,3,3,4,6,0,0,0,0,1,0,0,4.38765E+20,5.44506E+21,8.16019E+15,4.91553E+16
108166,7.17102E+18,7,1,31,2,2017,10,14,2,2,0,1,0,0,0,1,0,0,0,3.55946E+20,5.59399E+21,6.96958E+15,5.04802E+16
108167,7.17102E+18,7,1,43,237,2017,10,22,7,3,8,1,0,1,0,0,0,2,1,4.31084E+20,5.60605E+21,8.02616E+15,5.06023E+16
108168,7.17102E+18,7,3,18,0,2017,10,19,3,3,5,5,1,1,0,0,0,2,0,4.58593E+20,5.46459E+21,8.43008E+15,4.93326E+16
108169,7.17102E+18,7,2,33,29,2017,10,13,2,2,4,6,0,1,0,0,0,0,0,3.33758E+20,5.57237E+21,6.66666E+15,5.028E+16
108170,7.17102E+18,7,1,37,227,2017,10,16,1,3,9,1,0,1,0,0,0,0,1,3.95898E+20,5.5699E+21,7.53913E+15,5.02721E+16
108171,7.17102E+18,7,3,14,0,2017,10,16,3,3,2,2,0,1,0,0,0,0,0,4.54126E+20,5.48117E+21,8.36669E+15,4.94814E+16
108172,7.17102E+18,7,1,33,6,2017,10,6,3,3,2,6,0,1,0,0,0,2,0,4.19143E+20,5.52125E+21,7.87552E+15,4.98383E+16
108173,7.17102E+18,7,3,38,25,2017,10,22,2,3,9,1,0,1,0,0,0,2,0,4.56227E+20,5.47062E+21,8.39685E+15,4.93867E+16
108174,7.17102E+18,7,2,31,134,2017,10,17,1,3,8,1,0,0,0,1,0,0,1,3.46374E+20,5.54023E+21,6.85655E+15,4.99946E+16
108175,7.17101E+18,7,3,38,10,2017,10,6,2,3,0,7,0,1,0,0,0,2,1,4.54472E+20,5.46302E+21,8.37354E+15,4.93182E+16
108176,7.17102E+18,7,1,33,112,2017,10,5,3,3,8,1,0,1,0,0,0,2,1,4.11567E+20,5.52007E+21,7.77046E+15,4.98265E+16
108177,7.17102E+18,7,3,33,26,2017,10,9,3,3,5,3,0,1,0,0,0,0,0,4.31701E+20,5.49379E+21,8.05494E+15,4.95928E+16
108178,7.17102E+18,7,1,40,501,2017,10,7,3,3,5,3,0,1,0,0,0,0,0,3.98252E+20,5.56171E+21,7.57435E+15,5.01989E+16
108179,7.17101E+18,7,3,11,0,2017,10,6,2,3,2,6,0,1,0,0,1,2,1,4.54182E+20,5.48667E+21,8.36682E+15,4.95309E+16
108180,7.17102E+18,7,3,39,42,2017,10,17,3,3,2,6,0,1,0,0,0,0,0,4.41668E+20,5.52738E+21,8.18781E+15,4.9896E+16
108181,7.17102E+18,7,3,15,0,2017,10,17,3,3,2,6,0,1,0,0,0,0,1,4.45089E+20,5.53617E+21,8.23419E+15,4.99754E+16
108182,7.17102E+18,7,2,31,502,2017,10,8,3,3,3,6,0,1,0,0,1,0,0,3.6189E+20,5.51667E+21,7.08131E+15,4.97866E+16
108183,7.17102E+18,7,3,15,0,2017,10,9,3,3,3,6,0,1,0,0,0,0,0,4.47145E+20,5.53919E+21,8.26244E+15,5.00027E+16
108184,7.17102E+18,7,1,33,6,2017,10,7,3,2,6,4,0,1,1,0,0,1,0,4.17595E+20,5.52116E+21,7.85402E+15,4.98372E+16
108185,7.17102E+18,7,3,15,0,2017,10,5,3,3,4,2,0,1,0,0,1,2,1,4.43538E+20,5.54173E+21,8.21174E+15,5.00252E+16
108186,7.17102E+18,7,3,31,73,2017,10,9,3,3,8,7,0,0,0,0,1,0,0,4.3838E+20,5.52026E+21,8.14318E+15,4.98316E+16
108187,7.17101E+18,7,3,17,0,2017,10,22,7,3,9,1,0,1,0,0,0,2,0,3.98054E+20,5.45219E+21,7.60017E+15,4.9214E+16
108188,7.17102E+18,7,1,11,0,2017,10,15,6,3,2,1,0,1,0,0,0,0,0,3.97723E+20,5.5792E+21,7.56222E+15,5.0356E+16
108189,7.17102E+18,7,1,38,41,2017,10,11,1,3,8,1,0,0,0,1,0,0,1,3.80858E+20,5.60295E+21,7.31767E+15,5.05663E+16
108190,7.17102E+18,7,2,31,80,2017,10,15,1,3,8,1,0,0,0,1,0,0,0,3.42371E+20,5.55114E+21,6.79625E+15,5.00916E+16
108191,7.17102E+18,7,2,11,0,2017,10,10,7,3,2,6,0,1,0,0,0,0,1,3.2887E+20,5.51355E+21,6.62433E+15,4.975E+16
108192,7.17102E+18,7,1,41,501,2017,10,0,1,3,0,7,0,1,0,0,0,2,1,4.06309E+20,5.57221E+21,7.68462E+15,5.02946E+16
108193,7.17102E+18,7,3,31,47,2017,10,18,3,3,8,1,0,1,0,0,0,2,0,4.47702E+20,5.50179E+21,8.27526E+15,4.96664E+16
108194,7.17102E+18,7,2,31,8,2017,10,16,1,3,0,7,1,0,0,0,0,0,1,3.60983E+20,5.53199E+21,7.06323E+15,4.99241E+16
108195,7.17102E+18,7,2,11,0,2017,10,6,3,2,5,3,0,0,0,1,1,2,1,3.34016E+20,5.5192E+21,6.6933E+15,4.98022E+16
108196,7.17102E+18,7,1,37,228,2017,10,15,3,2,5,3,0,1,0,0,0,0,0,3.91394E+20,5.58519E+21,7.47154E+15,5.04087E+16
108197,7.17101E+18,7,3,39,30,2017,10,15,2,3,1,6,0,1,0,0,0,0,0,4.30342E+20,5.53719E+21,8.02837E+15,4.9983E+16
108198,7.17102E+18,7,2,31,124,2017,10,12,3,3,2,2,0,1,0,0,1,0,0,3.64149E+20,5.53675E+21,7.10564E+15,4.99676E+16
108199,7.17102E+18,7,2,31,53,2017,10,20,3,3,8,1,0,1,0,0,0,2,0,3.40678E+20,5.52753E+21,6.78239E+15,4.98789E+16
108200,7.17102E+18,7,2,35,104,2017,10,9,3,3,9,7,0,1,0,0,0,0,0,3.10644E+20,5.49458E+21,6.38076E+15,4.95742E+16
108201,7.17102E+18,7,2,11,0,2017,10,15,3,3,2,6,0,1,0,0,0,0,1,3.30419E+20,5.51378E+21,6.64572E+15,4.97526E+16
108202,7.17102E+18,7,1,33,6,2017,10,13,3,3,9,1,0,1,0,0,0,0,0,4.17498E+20,5.52079E+21,7.85275E+15,4.98339E+16
108203,7.17102E+18,7,1,43,278,2017,10,6,3,3,4,6,0,1,0,0,0,2,1,4.33892E+20,5.61255E+21,8.06467E+15,5.0661E+16
108204,7.17102E+18,7,1,43,225,2017,10,17,3,3,5,3,0,1,0,0,0,0,1,4.1012E+20,5.6173E+21,7.72726E+15,5.07006E+16
108205,7.17102E+18,7,1,33,60,2017,10,15,3,3,8,1,0,1,0,0,0,0,0,3.98971E+20,5.50648E+21,7.5989E+15,4.97024E+16
108206,7.17102E+18,7,1,43,229,2017,10,7,3,2,4,6,0,1,0,0,1,2,1,4.1691E+20,5.61396E+21,7.82413E+15,5.06715E+16
108207,7.17101E+18,7,3,34,13,2017,10,16,5,2,2,6,0,1,0,1,0,0,0,4.45103E+20,5.43905E+21,8.24791E+15,4.91018E+16
108208,7.17102E+18,7,2,35,60,2017,10,13,4,3,0,1,1,0,0,0,0,0,0,3.352E+20,5.51907E+21,6.70979E+15,4.98014E+16
108209,7.17102E+18,7,1,43,48,2017,10,13,3,3,9,1,0,1,0,0,0,0,0,4.14955E+20,5.58734E+21,7.80255E+15,5.04319E+16
108210,7.17101E+18,7,2,11,0,2017,10,17,6,3,1,7,0,1,1,0,0,0,0,3.34364E+20,5.52084E+21,6.69743E+15,4.98171E+16