OBJECTID,UIDENTSTLA,ULAND,UREGBEZ,UKREIS,UGEMEINDE,UJAHR,UMONAT,USTUNDE,UWOCHENTAG,UKATEGORIE,UART,UTYP1,IstRad,IstPKW,IstFuss,IstKrad,IstSonstig,LICHT,STRZUSTAND,LINREFX,LINREFY,XGCSWGS84,YGCSWGS84
108211,7.17102E+18,7,1,38,45,2017,10,7,3,3,5,3,0,1,0,0,0,2,0,3.91018E+20,5.58866E+21,7.46525E+15,5.04398E+16
108212,7.17101E+18,7,3,11,0,2017,10,8,6,3,5,3,1,1,0,0,0,0,0,4.51832E+20,5.48502E+21,8.33455E+15,4.95158E+16
108213,7.17102E+18,7,1,37,68,2017,10,17,3,3,5,3,0,1,0,0,0,0,0,3.70831E+20,5.57567E+21,7.18557E+15,5.03189E+16
108214,7.17102E+18,7,1,40,62,2017,10,15,3,3,4,6,0,1,0,0,1,0,1,3.82168E+20,5.54242E+21,7.35503E+15,5.00224E+16
108215,7.17102E+18,7,1,40,501,2017,10,11,3,3,5,2,0,1,0,0,0,0,0,4.03771E+20,5.55887E+21,7.65238E+15,5.01742E+16
108216,7.17102E+18,7,1,11,0,2017,10,22,3,3,5,2,0,1,0,1,0,2,0,4.00003E+20,5.58143E+21,7.59366E+15,5.03764E+16
108217,7.17102E+18,7,3,16,0,2017,10,12,2,3,1,2,0,1,0,0,0,0,1,4.49684E+20,5.46244E+21,8.30774E+15,4.93126E+16
108218,7.17102E+18,7,3,32,32,2017,10,6,2,3,5,2,1,1,0,0,0,2,1,4.31349E+20,5.46973E+21,8.05426E+15,4.93764E+16
108219,7.17102E+18,7,3,34,501,2017,10,7,2,3,2,6,0,1,0,1,0,2,0,4.44801E+20,5.43299E+21,8.2446E+15,4.90473E+16
108220,7.17102E+18,7,3,16,0,2017,10,20,2,3,9,1,0,1,0,0,0,2,0,4.41112E+20,5.46564E+21,8.18933E+15,4.93406E+16
108221,7.17102E+18,7,3,38,6,2017,10,8,2,3,5,3,1,1,0,0,0,0,0,4.50152E+20,5.47581E+21,8.3125E+15,4.94329E+16
108222,7.17102E+18,7,3,38,12,2017,10,23,2,3,8,1,0,1,0,0,0,2,0,4.49498E+20,5.48901E+21,8.30179E+15,4.95516E+16
108223,7.17101E+18,7,3,15,0,2017,10,11,2,3,8,1,0,0,0,1,0,0,1,4.44802E+20,5.53744E+21,8.23001E+15,4.99867E+16
108224,7.17101E+18,7,3,15,0,2017,10,17,2,3,5,2,1,0,0,0,1,1,1,4.43916E+20,5.54022E+21,8.21724E+15,5.00116E+16
108225,7.17102E+18,7,3,11,0,2017,10,17,4,3,2,6,0,1,0,0,0,0,0,4.53227E+20,5.48818E+21,8.35344E+15,4.95444E+16
108226,7.17102E+18,7,3,40,51,2017,10,12,4,3,8,1,0,0,0,1,0,0,0,3.97695E+20,5.45909E+21,7.59349E+15,4.9276E+16
108227,7.17101E+18,7,1,40,201,2017,10,16,7,3,5,3,0,1,0,1,0,0,0,3.89555E+20,5.55895E+21,7.45334E+15,5.01725E+16
108228,7.17101E+18,7,1,38,6,2017,10,16,7,3,9,1,0,1,0,0,0,0,1,3.91021E+20,5.60336E+21,7.46099E+15,5.0572E+16
108229,7.17101E+18,7,3,39,27,2017,10,9,7,3,5,2,0,1,0,0,0,0,0,4.35517E+20,5.53965E+21,8.10013E+15,5.00057E+16
108230,7.17102E+18,7,1,43,229,2017,10,12,6,3,2,6,0,1,0,0,0,0,1,4.16376E+20,5.61315E+21,7.81676E+15,5.06642E+16
108231,7.17102E+18,7,3,39,57,2017,10,7,6,3,2,2,0,1,0,0,0,2,0,4.37249E+20,5.52893E+21,8.12604E+15,4.99095E+16
108232,7.17102E+18,7,3,34,13,2017,10,17,1,2,3,7,0,1,0,1,0,0,0,4.4162E+20,5.43645E+21,8.20057E+15,4.90781E+16
108233,7.17102E+18,7,3,18,0,2017,10,16,4,2,5,3,0,1,0,1,1,0,0,4.59771E+20,5.4616E+21,8.4466E+15,4.93058E+16
108234,7.17102E+18,7,1,35,43,2017,10,6,5,3,2,6,0,1,0,0,0,2,1,3.7293E+20,5.56835E+21,7.21749E+15,5.02536E+16
108235,7.17101E+18,7,1,41,501,2017,10,17,7,2,8,1,0,0,0,1,0,0,0,4.03333E+20,5.56988E+21,7.64344E+15,5.02731E+16
108236,7.17102E+18,7,1,43,29,2017,10,16,5,2,3,6,1,1,0,0,0,0,0,4.11379E+20,5.60348E+21,7.74839E+15,5.05765E+16
108237,7.17101E+18,7,1,43,49,2017,10,15,7,3,2,1,0,1,0,0,1,0,0,4.18392E+20,5.59177E+21,7.84997E+15,5.04722E+16
108238,7.17102E+18,7,3,15,0,2017,10,19,5,3,0,3,1,0,0,0,0,2,0,4.46911E+20,5.53887E+21,8.25923E+15,4.99998E+16
108239,7.17101E+18,7,3,39,49,2017,10,10,7,3,2,6,0,1,0,0,0,0,0,4.53868E+20,5.52166E+21,8.35836E+15,4.98456E+16
108240,7.17102E+18,7,1,33,95,2017,10,13,5,2,0,1,0,0,0,1,0,0,0,4.07639E+20,5.53498E+21,7.71229E+15,4.996E+16
108241,7.17101E+18,7,3,12,0,2017,10,11,7,2,1,5,0,1,0,0,1,0,0,4.07761E+20,5.4795E+21,7.7271E+15,4.94611E+16
108242,7.17102E+18,7,1,37,207,2017,10,16,1,2,5,3,0,1,0,1,0,0,0,3.90943E+20,5.57433E+21,7.46834E+15,5.0311E+16
108243,7.17102E+18,7,3,17,0,2017,10,19,6,2,6,7,0,1,1,0,0,2,0,3.98566E+20,5.45134E+21,7.60741E+15,4.92064E+16
108244,7.17102E+18,7,1,32,99,2017,10,13,7,3,4,6,0,1,0,1,0,0,1,4.01159E+20,5.61375E+21,7.60135E+15,5.06672E+16
108245,7.17102E+18,7,1,33,6,2017,10,2,2,3,8,1,0,1,0,0,0,2,0,4.19605E+20,5.52398E+21,7.88138E+15,4.98628E+16
108246,7.17102E+18,7,3,15,0,2017,10,12,7,3,2,6,0,1,0,0,0,0,0,4.43501E+20,5.54192E+21,8.21121E+15,5.00269E+16
108247,7.17102E+18,7,3,15,0,2017,10,20,2,3,0,1,0,0,0,1,1,2,0,4.47438E+20,5.53747E+21,8.26677E+15,4.99873E+16
108248,7.17102E+18,7,1,33,31,2017,10,16,2,3,2,6,0,1,0,0,0,0,0,4.21291E+20,5.51826E+21,7.906E+15,4.98116E+16
108249,7.17102E+18,7,2,35,151,2017,10,2,1,3,8,1,0,0,0,1,0,2,1,3.35816E+20,5.52691E+21,6.71504E+15,4.98721E+16
108250,7.17101E+18,7,2,33,21,2017,10,0,2,2,9,7,0,1,0,0,0,2,1,3.52113E+20,5.5569E+21,6.93011E+15,5.01459E+16
108251,7.17102E+18,7,3,15,0,2017,10,10,2,3,2,6,0,1,0,0,1,0,0,4.46882E+20,5.53821E+21,8.25892E+15,4.99938E+16
108252,7.17102E+18,7,1,31,90,2017,10,12,3,3,2,6,0,1,0,0,0,0,0,3.61E+20,5.60615E+21,7.03623E+15,5.05907E+16
108253,7.17102E+18,7,3,37,67,2017,10,17,1,2,4,6,0,1,0,0,0,0,0,4.20554E+20,5.45296E+21,7.90891E+15,4.92242E+16
108254,7.17101E+18,7,2,32,280,2017,10,6,2,2,5,3,0,1,0,1,0,2,1,3.17821E+20,5.55731E+21,6.45042E+15,5.014E+16
108255,7.17102E+18,7,2,32,18,2017,10,6,2,3,2,6,0,1,0,0,0,2,1,3.20334E+20,5.53897E+21,6.49417E+15,4.99759E+16
108256,7.17102E+18,7,2,31,8,2017,10,17,2,3,0,7,1,0,0,0,0,0,0,3.60298E+20,5.53297E+21,7.05332E+15,4.99328E+16
108257,7.17102E+18,7,1,32,72,2017,10,19,3,2,4,6,0,1,0,0,0,2,0,4.27212E+20,5.63261E+21,7.96621E+15,5.08406E+16
108258,7.17101E+18,7,2,32,288,2017,10,5,2,2,4,6,0,1,0,0,1,2,1,3.19446E+20,5.57334E+21,6.46551E+15,5.02845E+16
108259,7.17102E+18,7,1,34,45,2017,10,9,2,3,0,1,0,0,0,1,0,0,1,3.78964E+20,5.51054E+21,7.32031E+15,4.97351E+16
108260,7.17102E+18,7,2,35,141,2017,10,7,2,3,8,1,0,1,0,0,0,0,1,3.37108E+20,5.51116E+21,6.7396E+15,4.97309E+16
108261,7.17102E+18,7,3,15,0,2017,10,16,3,2,6,4,0,1,1,0,0,0,0,4.50806E+20,5.53473E+21,8.3141E+15,4.99629E+16
108262,7.17102E+18,7,1,43,227,2017,10,10,2,3,5,3,0,1,0,0,1,0,0,4.27038E+20,5.60962E+21,7.96829E+15,5.06339E+16
108263,7.17102E+18,7,3,16,0,2017,10,6,3,3,9,1,0,1,0,0,0,2,0,4.38976E+20,5.46685E+21,8.15975E+15,4.93513E+16
108264,7.17102E+18,7,1,38,3,2017,10,6,2,2,8,6,0,1,0,0,1,2,0,3.84297E+20,5.61427E+21,7.36268E+15,5.06687E+16
108265,7.17102E+18,7,1,38,80,2017,10,16,2,3,4,2,0,1,0,0,0,0,0,3.88061E+20,5.61912E+21,7.41445E+15,5.07131E+16
108266,7.17101E+18,7,1,31,70,2017,10,15,6,3,5,3,0,1,0,0,0,0,0,3.73141E+20,5.61118E+21,7.20595E+15,5.06387E+16
108267,7.17101E+18,7,3,39,42,2017,10,13,6,2,4,2,0,1,0,0,0,0,0,4.416E+20,5.52731E+21,8.18688E+15,4.98953E+16
108268,7.17102E+18,7,1,32,58,2017,10,8,2,2,1,2,0,1,0,1,0,0,1,4.08984E+20,5.62002E+21,7.7105E+15,5.07249E+16
108269,7.17102E+18,7,1,38,45,2017,10,9,2,3,0,7,0,0,0,0,1,0,0,3.97205E+20,5.58725E+21,7.55274E+15,5.04283E+16
108270,7.17102E+18,7,1,35,20,2017,10,12,2,2,8,1,0,1,0,0,0,0,1,3.6754E+20,5.55626E+21,7.14614E+15,5.01437E+16
108271,7.17102E+18,7,1,37,25,2017,10,6,2,3,9,1,0,1,0,0,1,2,0,3.72845E+20,5.58143E+21,7.2119E+15,5.03712E+16
108272,7.17102E+18,7,1,37,216,2017,10,7,2,3,2,6,0,1,0,0,0,1,0,3.96022E+20,5.58368E+21,7.53707E+15,5.0396E+16
108273,7.17102E+18,7,1,11,0,2017,10,19,2,3,1,7,0,1,0,0,0,2,0,3.96857E+20,5.58355E+21,7.54885E+15,5.03949E+16
108274,7.17102E+18,7,1,38,44,2017,10,1,2,3,2,6,0,0,0,0,1,2,0,3.85513E+20,5.61001E+21,7.38119E+15,5.06307E+16
108275,7.17102E+18,7,3,33,9,2017,10,22,1,3,8,7,0,1,0,0,0,2,1,4.21183E+20,5.4919E+21,7.90982E+15,4.95745E+16
108276,7.17102E+18,7,3,36,11,2017,10,22,1,2,9,6,0,1,0,0,0,2,1,3.81408E+20,5.47603E+21,7.3646E+15,4.94254E+16
108277,7.17102E+18,7,3,34,7,2017,10,3,1,2,8,1,0,1,0,0,0,2,1,4.51418E+20,5.44972E+21,8.33313E+15,4.91984E+16
108278,7.17101E+18,7,2,31,122,2017,10,17,2,2,4,6,0,1,0,0,1,0,0,3.52932E+20,5.51464E+21,6.95771E+15,4.97662E+16
108279,7.17101E+18,7,2,11,0,2017,10,17,2,3,4,6,0,1,0,0,1,1,0,3.33696E+20,5.51835E+21,6.68922E+15,4.97945E+16
108280,7.17102E+18,7,3,15,0,2017,10,7,4,3,5,3,0,1,0,0,0,0,0,4.42853E+20,5.53419E+21,8.2033E+15,4.99574E+16
108281,7.17101E+18,7,3,12,0,2017,10,7,6,2,5,7,0,0,0,0,1,1,0,4.07447E+20,5.4769E+21,7.72338E+15,4.94377E+16
108282,7.17111E+18,7,3,16,0,2017,11,17,3,3,5,3,0,1,0,0,0,2,0,4.38987E+20,5.46549E+21,8.16012E+15,4.93391E+16
108283,7.17111E+18,7,3,37,20,2017,11,9,3,3,2,2,0,1,0,0,0,0,0,4.36731E+20,5.45989E+21,8.12995E+15,4.92885E+16
108284,7.17111E+18,7,3,18,0,2017,11,21,3,3,8,1,0,1,0,0,0,2,1,4.57661E+20,5.46623E+21,8.41708E+15,4.93473E+16
108285,7.17111E+18,7,3,38,7,2017,11,13,3,3,5,7,0,1,0,0,0,0,0,4.55197E+20,5.46307E+21,8.38352E+15,4.93187E+16
108286,7.17111E+18,7,3,14,0,2017,11,17,3,3,2,6,0,1,0,0,0,2,0,4.58506E+20,5.48065E+21,8.42721E+15,4.94771E+16
108287,7.17111E+18,7,1,33,6,2017,11,15,3,3,8,1,0,0,0,1,0,1,0,4.18434E+20,5.52156E+21,7.8656E+15,4.9841E+16
108288,7.17111E+18,7,1,33,117,2017,11,7,3,3,2,6,0,1,0,0,0,0,0,4.16931E+20,5.52309E+21,7.84437E+15,4.98545E+16
108289,7.17111E+18,7,3,39,24,2017,11,8,3,2,4,7,0,1,0,0,0,0,0,4.53397E+20,5.5165E+21,8.35242E+15,4.97992E+16
108290,7.17111E+18,7,3,15,0,2017,11,7,3,3,2,6,0,1,0,0,0,0,0,4.44698E+20,5.53396E+21,8.22905E+15,4.99554E+16
108291,7.17111E+18,7,3,31,1,2017,11,17,3,3,2,6,0,1,0,0,0,2,0,4.34673E+20,5.51564E+21,8.09242E+15,4.97896E+16
108292,7.17111E+18,7,3,31,1,2017,11,17,3,3,2,6,0,1,0,0,1,2,0,4.34673E+20,5.51564E+21,8.09242E+15,4.97896E+16
108293,7.17111E+18,7,2,33,501,2017,11,15,3,2,8,1,0,0,0,1,0,0,0,3.47572E+20,5.56501E+21,6.86337E+15,5.02176E+16
108294,7.17111E+18,7,2,33,7,2017,11,6,3,3,9,1,0,1,0,0,0,2,0,3.32163E+20,5.57529E+21,6.64299E+15,5.03059E+16
108295,7.17111E+18,7,2,11,0,2017,11,13,3,3,6,4,0,1,1,0,0,0,0,3.29764E+20,5.5135E+21,6.63676E+15,4.97498E+16
108296,7.17111E+18,7,1,32,116,2017,11,7,3,3,2,6,0,1,0,0,0,1,0,3.95643E+20,5.6024E+21,7.52652E+15,5.05642E+16
108297,7.17111E+18,7,1,31,90,2017,11,8,3,3,9,1,0,1,0,0,0,1,1,3.70346E+20,5.60519E+21,7.16854E+15,5.05842E+16
108298,7.17111E+18,7,1,37,202,2017,11,7,3,3,5,3,0,1,0,1,0,0,0,3.90622E+20,5.57968E+21,7.46229E+15,5.03591E+16
108299,7.17111E+18,7,1,37,228,2017,11,7,3,3,1,6,0,1,0,0,0,1,0,3.89755E+20,5.58609E+21,7.44822E+15,5.04165E+16
108300,7.17111E+18,7,1,37,3,2017,11,7,3,3,2,6,0,1,0,0,0,1,0,3.86228E+20,5.58428E+21,7.39915E+15,5.03995E+16
108301,7.17111E+18,7,1,37,203,2017,11,18,3,3,1,5,0,1,0,0,0,2,0,3.97656E+20,5.58767E+21,7.55897E+15,5.04321E+16
108302,7.17111E+18,7,1,37,226,2017,11,14,3,3,8,1,0,1,0,0,0,0,0,4.02509E+20,5.5849E+21,7.628E+15,5.0408E+16
108303,7.17112E+18,7,2,32,289,2017,11,16,3,1,4,1,0,1,0,0,0,1,1,3.34462E+20,5.53251E+21,6.69381E+15,4.9922E+16
108304,7.17111E+18,7,1,11,0,2017,11,7,3,2,6,4,0,1,1,0,0,0,0,3.94572E+20,5.58082E+21,7.51748E+15,5.037E+16
108305,7.17112E+18,7,2,35,141,2017,11,18,3,3,1,5,0,1,0,0,0,2,0,3.36936E+20,5.51384E+21,6.73609E+15,4.97549E+16
108306,7.17111E+18,7,1,35,51,2017,11,17,3,3,7,7,0,1,0,0,1,1,0,3.65578E+20,5.56449E+21,7.11579E+15,5.02173E+16
108307,7.17111E+18,7,3,20,0,2017,11,16,2,3,0,1,1,0,0,0,0,0,0,3.7893E+20,5.45242E+21,7.33762E+15,4.92126E+16
108308,7.17112E+18,7,1,43,269,2017,11,10,3,3,2,6,0,1,0,0,0,0,1,4.1366E+20,5.61457E+21,7.77801E+15,5.06765E+16
108309,7.17112E+18,7,1,43,255,2017,11,10,3,2,5,3,0,1,0,0,0,0,1,4.26889E+20,5.61318E+21,7.96548E+15,5.06659E+16
108310,7.17112E+18,7,1,43,10,2017,11,17,3,3,6,4,0,1,1,0,0,2,1,4.1393E+20,5.59009E+21,7.7875E+15,5.04565E+16
108311,7.17112E+18,7,1,32,117,2017,11,17,3,3,2,6,0,1,0,0,0,2,1,4.10752E+20,5.62653E+21,7.73397E+15,5.07837E+16
108312,7.17112E+18,7,1,32,80,2017,11,7,3,3,6,4,0,1,1,0,0,2,1,4.16752E+20,5.63277E+21,7.81764E+15,5.08407E+16
108313,7.17112E+18,7,1,31,7,2017,11,16,3,3,1,6,0,1,0,0,0,1,0,3.6673E+20,5.60174E+21,7.11872E+15,5.05524E+16
108314,7.17112E+18,7,1,37,3,2017,11,17,3,3,2,6,0,1,0,0,1,2,1,3.83564E+20,5.58673E+21,7.36092E+15,5.0421E+16
108315,7.17112E+18,7,1,11,0,2017,11,13,3,2,0,1,0,0,0,1,0,0,1,4.01119E+20,5.57965E+21,7.60982E+15,5.03606E+16
108316,7.17112E+18,7,1,11,0,2017,11,7,3,3,6,4,0,1,1,0,0,2,1,3.99045E+20,5.58007E+21,7.58056E+15,5.03641E+16
108317,7.17112E+18,7,3,20,0,2017,11,5,2,3,5,3,0,1,0,0,0,2,1,3.80534E+20,5.45651E+21,7.35842E+15,4.92496E+16
108318,7.17112E+18,7,3,17,0,2017,11,13,2,2,2,6,0,1,0,0,1,0,0,3.96762E+20,5.44904E+21,7.58324E+15,4.91855E+16
108319,7.17111E+18,7,3,40,206,2017,11,7,2,3,4,6,0,1,0,0,0,0,0,3.84958E+20,5.45741E+21,7.41892E+15,4.92586E+16
108320,7.17111E+18,7,3,35,16,2017,11,17,2,3,2,6,0,0,0,1,0,2,0,3.90188E+20,5.4753E+21,7.48585E+15,4.94205E+16
108321,7.17111E+18,7,3,12,0,2017,11,12,2,2,3,6,0,1,0,0,1,0,0,4.09922E+20,5.47798E+21,7.75727E+15,4.94478E+16
108322,7.17111E+18,7,3,32,2,2017,11,17,2,3,9,1,0,1,0,0,0,1,0,4.45788E+20,5.47031E+21,8.25307E+15,4.93831E+16
108323,7.17111E+18,7,3,14,0,2017,11,6,2,3,2,6,0,1,0,0,0,1,0,4.5286E+20,5.48124E+21,8.3492E+15,4.9482E+16
108324,7.17111E+18,7,3,18,0,2017,11,10,2,2,6,2,0,1,1,0,0,0,0,4.58522E+20,5.46267E+21,8.42931E+15,4.93154E+16
108325,7.17111E+18,7,3,18,0,2017,11,5,2,3,3,7,0,1,0,0,0,2,0,4.58487E+20,5.46362E+21,8.42872E+15,4.93239E+16
108326,7.17111E+18,7,3,14,0,2017,11,7,2,3,8,7,0,1,0,0,0,0,0,4.5659E+20,5.48142E+21,8.40067E+15,4.94839E+16
108327,7.17111E+18,7,3,19,0,2017,11,17,2,2,4,2,0,1,0,0,0,2,0,4.47245E+20,5.49805E+21,8.26943E+15,4.96327E+16
108328,7.17112E+18,7,3,35,3,2017,11,14,2,3,5,2,0,1,0,0,0,0,0,3.86858E+20,5.47184E+21,7.44094E+15,4.93887E+16
108329,7.17111E+18,7,3,19,0,2017,11,9,2,1,2,7,0,1,0,0,1,0,0,4.54892E+20,5.49548E+21,8.37562E+15,4.96102E+16
108330,7.17111E+18,7,3,39,42,2017,11,18,2,3,0,7,0,0,0,1,0,2,0,4.43329E+20,5.52894E+21,8.21072E+15,4.99102E+16
108331,7.17112E+18,7,3,12,0,2017,11,11,2,3,5,3,0,1,0,0,1,0,0,4.10678E+20,5.47681E+21,7.76796E+15,4.94374E+16
108332,7.17111E+18,7,3,15,0,2017,11,17,2,3,1,6,0,1,0,0,0,2,0,4.4593E+20,5.53557E+21,8.24601E+15,4.997E+16
108333,7.17112E+18,7,3,34,24,2017,11,21,2,2,8,1,0,1,0,0,0,2,1,4.49398E+20,5.4404E+21,8.30659E+15,4.91144E+16
108334,7.17112E+18,7,3,37,21,2017,11,17,2,3,6,4,0,1,1,0,0,1,0,4.37001E+20,5.45716E+21,8.1341E+15,4.9264E+16
108335,7.17111E+18,7,3,15,0,2017,11,15,2,3,9,1,0,1,0,0,0,0,0,4.48428E+20,5.5383E+21,8.28047E+15,4.99948E+16
108336,7.17112E+18,7,3,14,0,2017,11,18,2,3,6,7,0,1,1,0,0,2,0,4.58726E+20,5.48131E+21,8.43017E+15,4.94831E+16
108337,7.17111E+18,7,3,15,0,2017,11,7,2,3,6,4,0,0,1,0,1,0,0,4.46903E+20,5.53887E+21,8.25911E+15,4.99998E+16
108338,7.17112E+18,7,3,14,0,2017,11,17,2,3,2,6,0,1,0,0,0,2,1,4.59737E+20,5.48199E+21,8.44406E+15,4.94892E+16
108339,7.17112E+18,7,1,33,103,2017,11,15,2,3,2,6,0,1,0,0,0,0,1,4.12868E+20,5.53355E+21,7.7855E+15,4.99479E+16
108340,7.17112E+18,7,3,39,30,2017,11,18,2,3,1,2,0,1,0,0,0,2,1,4.30171E+20,5.53594E+21,8.02621E+15,4.99717E+16
108341,7.17111E+18,7,2,11,0,2017,11,7,2,3,2,6,0,1,0,0,0,0,0,3.34875E+20,5.51765E+21,6.70589E+15,4.97886E+16
108342,7.17111E+18,7,2,31,113,2017,11,12,2,3,5,3,0,1,0,0,0,0,0,3.45109E+20,5.53266E+21,6.84195E+15,4.99262E+16
108343,7.17111E+18,7,2,31,103,2017,11,5,2,3,7,7,0,1,0,0,0,2,0,3.54285E+20,5.53095E+21,6.97037E+15,4.99131E+16
108344,7.17112E+18,7,3,15,0,2017,11,22,2,3,5,3,0,1,0,1,0,2,1,4.46963E+20,5.53939E+21,8.25988E+15,5.00045E+16
108345,7.17111E+18,7,1,34,27,2017,11,22,2,3,9,1,0,1,0,0,0,2,1,3.76167E+20,5.50294E+21,7.28392E+15,4.96662E+16
108346,7.17112E+18,7,3,15,0,2017,11,17,2,2,5,3,1,1,0,0,0,2,1,4.4755E+20,5.53993E+21,8.268E+15,5.00094E+16
108347,7.17111E+18,7,1,34,22,2017,11,21,2,3,7,7,0,1,0,0,0,2,0,3.7051E+20,5.50375E+21,7.2053E+15,4.96724E+16
108348,7.17111E+18,7,2,35,118,2017,11,12,2,3,7,6,1,1,0,0,0,0,0,3.19217E+20,5.49637E+21,6.4984E+15,4.95929E+16
108349,7.17112E+18,7,3,15,0,2017,11,7,2,3,2,6,0,1,0,0,0,1,1,4.45585E+20,5.54063E+21,8.24048E+15,5.00155E+16
108350,7.17111E+18,7,2,11,0,2017,11,9,2,2,5,3,0,1,0,0,0,0,0,3.2905E+20,5.50886E+21,6.62889E+15,4.9708E+16
108351,7.17111E+18,7,1,43,254,2017,11,19,2,3,2,6,0,1,0,0,0,2,0,4.2338E+20,5.60419E+21,7.9177E+15,5.05846E+16
108352,7.17112E+18,7,3,15,0,2017,11,6,2,3,2,6,0,1,0,0,0,2,1,4.39929E+20,5.53917E+21,8.16177E+15,5.00018E+16
108353,7.17112E+18,7,2,32,99,2017,11,15,2,3,8,1,0,1,0,0,0,1,1,3.1929E+20,5.53901E+21,6.4796E+15,4.9976E+16
108354,7.17111E+18,7,1,41,59,2017,11,19,2,3,8,6,0,1,0,0,0,2,0,4.21168E+20,5.57888E+21,7.89179E+15,5.03567E+16
108355,7.17112E+18,7,2,31,134,2017,11,8,2,3,9,1,0,1,0,0,1,0,1,3.49292E+20,5.54277E+21,6.89623E+15,5.00182E+16
108356,7.17111E+18,7,1,38,45,2017,11,14,2,3,4,2,0,1,0,0,0,0,0,3.93837E+20,5.58782E+21,7.50517E+15,5.04328E+16
108357,7.17111E+18,7,1,41,75,2017,11,8,2,3,2,3,0,1,0,0,1,0,0,4.00854E+20,5.57288E+21,7.60788E+15,5.02997E+16
108358,7.17112E+18,7,2,35,149,2017,11,6,2,2,5,3,0,1,0,0,1,2,0,3.11032E+20,5.49664E+21,6.38512E+15,4.95928E+16
108359,7.17111E+18,7,3,35,4,2017,11,6,1,3,3,6,0,1,0,0,0,0,1,4.21385E+20,5.48114E+21,7.91475E+15,4.94778E+16
108360,7.17111E+18,7,3,32,24,2017,11,11,1,3,2,6,0,1,0,0,0,0,1,4.39735E+20,5.49037E+21,8.16662E+15,4.9563E+16
108361,7.17112E+18,7,1,43,200,2017,11,7,2,3,7,7,0,1,0,0,0,1,1,4.24827E+20,5.60652E+21,7.93766E+15,5.06057E+16
108362,7.17112E+18,7,1,43,300,2017,11,16,2,3,6,4,0,1,1,0,1,1,1,4.2243E+20,5.61248E+21,7.90255E+15,5.0659E+16
108363,7.17112E+18,7,1,38,57,2017,11,17,2,2,6,2,0,1,1,0,0,2,1,4.01545E+20,5.60558E+21,7.60898E+15,5.05938E+16
108364,7.17112E+18,7,1,38,41,2017,11,7,2,3,6,4,0,1,1,0,0,2,1,3.78301E+20,5.60326E+21,7.28148E+15,5.05685E+16
108365,7.17112E+18,7,1,32,50,2017,11,17,2,3,2,6,0,1,0,0,0,2,1,4.26196E+20,5.62581E+21,7.95314E+15,5.07793E+16
108366,7.17112E+18,7,1,32,76,2017,11,17,2,2,4,2,0,1,0,1,0,2,1,4.21515E+20,5.63502E+21,7.88479E+15,5.08615E+16
108367,7.17112E+18,7,1,38,45,2017,11,9,2,3,5,3,0,1,0,0,0,0,1,3.89915E+20,5.58857E+21,7.44975E+15,5.04388E+16
108368,7.17112E+18,7,1,35,38,2017,11,17,2,2,3,2,0,1,0,0,0,2,1,3.70947E+20,5.56542E+21,7.19069E+15,5.02269E+16
108369,7.17112E+18,7,1,35,83,2017,11,15,2,3,4,6,0,1,0,0,0,0,1,3.55761E+20,5.5631E+21,6.9788E+15,5.02025E+16
108370,7.17112E+18,7,1,35,29,2017,11,10,2,3,1,6,0,1,0,0,0,0,1,3.66404E+20,5.55609E+21,7.1303E+15,5.0142E+16
108371,7.17112E+18,7,1,31,70,2017,11,17,2,3,2,2,0,1,0,0,0,2,1,3.73181E+20,5.60886E+21,7.2073E+15,5.06179E+16
108372,7.17112E+18,7,1,31,77,2017,11,15,2,3,2,6,0,1,0,0,0,0,1,3.7565E+20,5.60112E+21,7.24478E+15,5.05488E+16
108373,7.17111E+18,7,3,32,44,2017,11,1,1,3,9,1,0,1,0,0,0,2,0,4.35976E+20,5.48775E+21,8.11507E+15,4.9539E+16
108374,7.17111E+18,7,3,13,0,2017,11,20,1,3,3,6,0,1,0,0,0,2,0,4.37935E+20,5.45087E+21,8.1479E+15,4.92075E+16
108375,7.17111E+18,7,3,39,43,2017,11,15,1,3,5,3,0,1,0,0,0,0,0,4.52781E+20,5.52469E+21,8.34287E+15,4.98727E+16
108376,7.17111E+18,7,2,32,80,2017,11,15,1,2,9,1,0,0,0,1,0,0,0,3.0783E+20,5.53731E+21,6.32079E+15,4.99571E+16
108377,7.17111E+18,7,1,43,267,2017,11,16,1,3,8,1,0,1,0,0,0,1,1,4.1064E+20,5.61382E+21,7.73546E+15,5.06693E+16
108378,7.17111E+18,7,1,43,72,2017,11,17,1,3,5,3,0,1,0,0,1,2,0,4.18558E+20,5.58344E+21,7.85413E+15,5.03973E+16
108379,7.17111E+18,7,1,31,7,2017,11,10,1,3,8,1,0,1,0,0,0,0,1,3.69393E+20,5.60361E+21,7.15564E+15,5.05698E+16
108380,7.17111E+18,7,1,31,90,2017,11,9,1,3,5,3,0,1,0,0,0,0,1,3.69023E+20,5.60467E+21,7.15004E+15,5.05792E+16
108381,7.17111E+18,7,1,11,0,2017,11,20,1,2,5,3,0,1,0,0,0,2,0,3.97855E+20,5.58264E+21,7.56313E+15,5.03869E+16