OBJECTID,UIDENTSTLA,ULAND,UREGBEZ,UKREIS,UGEMEINDE,UJAHR,UMONAT,USTUNDE,UWOCHENTAG,UKATEGORIE,UART,UTYP1,IstRad,IstPKW,IstFuss,IstKrad,IstSonstig,LICHT,STRZUSTAND,LINREFX,LINREFY,XGCSWGS84,YGCSWGS84
108382,7.1711E+18,7,3,12,0,2017,11,14,7,3,2,6,0,1,0,0,0,0,0,4.0577E+20,5.47797E+21,7.7E+15,4.94471E+16
108383,7.17112E+18,7,1,31,7,2017,11,16,2,3,1,6,0,1,0,0,0,0,1,3.66455E+20,5.6014E+21,7.11496E+15,5.05493E+16
108384,7.1711E+18,7,3,35,16,2017,11,13,7,3,1,6,0,1,0,0,0,0,1,3.91657E+20,5.47607E+21,7.50588E+15,4.94276E+16
108385,7.1711E+18,7,3,12,0,2017,11,19,7,2,6,4,0,1,0,0,1,2,0,4.12555E+20,5.47752E+21,7.79369E+15,4.9444E+16
108386,7.1711E+18,7,3,14,0,2017,11,18,7,3,4,6,0,1,0,0,1,2,0,4.14537E+20,5.47839E+21,7.82084E+15,4.94522E+16
108387,7.1711E+18,7,3,35,34,2017,11,13,7,3,5,3,1,1,0,0,0,0,0,4.07715E+20,5.48235E+21,7.7258E+15,4.94868E+16
108388,7.1711E+18,7,3,32,24,2017,11,14,7,3,5,3,0,1,0,0,0,0,0,4.40095E+20,5.48984E+21,8.17169E+15,4.95582E+16
108389,7.1711E+18,7,3,34,501,2017,11,18,7,3,2,6,0,1,0,0,0,2,0,4.45878E+20,5.43138E+21,8.25956E+15,4.90329E+16
108390,7.1711E+18,7,3,34,9,2017,11,13,7,2,8,1,0,0,0,1,0,0,0,4.43397E+20,5.44065E+21,8.22432E+15,4.91161E+16
108391,7.1711E+18,7,3,34,501,2017,11,0,7,3,9,1,0,1,0,0,0,2,0,4.43916E+20,5.43377E+21,8.23238E+15,4.90542E+16
108392,7.1711E+18,7,3,37,52,2017,11,11,7,3,2,1,0,1,0,1,0,0,0,4.37483E+20,5.46108E+21,8.14011E+15,4.92993E+16
108393,7.1711E+18,7,3,11,0,2017,11,16,7,3,5,3,1,1,0,0,0,1,0,4.50051E+20,5.48467E+21,8.30998E+15,4.95126E+16
108394,7.1711E+18,7,3,14,0,2017,11,5,7,3,0,3,1,1,0,0,0,2,0,4.55341E+20,5.482E+21,8.38337E+15,4.9489E+16
108395,7.1711E+18,7,3,19,0,2017,11,10,7,2,8,1,0,1,0,0,0,0,0,4.56606E+20,5.49411E+21,8.3995E+15,4.9598E+16
108396,7.1711E+18,7,3,39,19,2017,11,13,7,2,0,7,1,0,0,0,0,0,0,4.28741E+20,5.53434E+21,8.00657E+15,4.99572E+16
108397,7.1711E+18,7,2,35,126,2017,11,9,7,3,5,3,0,1,0,0,0,0,0,3.25181E+20,5.49413E+21,6.58184E+15,4.95745E+16
108398,7.1711E+18,7,2,35,60,2017,11,18,7,2,4,2,0,1,0,1,0,2,0,3.35914E+20,5.51948E+21,6.71954E+15,4.98054E+16
108399,7.1711E+18,7,2,35,125,2017,11,15,7,3,2,6,0,1,0,0,0,0,0,3.37089E+20,5.52256E+21,6.73456E+15,4.98333E+16
108400,7.1711E+18,7,2,35,51,2017,11,6,7,3,8,1,0,1,0,0,0,2,0,3.21659E+20,5.50985E+21,6.52601E+15,4.97147E+16
108401,7.17112E+18,7,1,31,7,2017,11,15,2,3,8,1,0,1,0,0,0,0,1,3.67572E+20,5.59992E+21,7.13125E+15,5.05362E+16
108402,7.17112E+18,7,1,37,68,2017,11,18,2,2,4,6,0,1,0,0,0,2,1,3.78196E+20,5.57695E+21,7.28856E+15,5.03321E+16
108403,7.1711E+18,7,1,43,286,2017,11,12,7,2,0,1,0,0,0,1,0,0,0,4.33746E+20,5.6059E+21,8.0638E+15,5.06012E+16
108404,7.17112E+18,7,1,37,68,2017,11,14,2,3,2,6,0,1,0,0,0,0,1,3.7571E+20,5.5765E+21,7.2538E+15,5.03275E+16
108405,7.17112E+18,7,1,37,88,2017,11,22,2,2,8,1,0,0,0,1,0,2,1,3.85363E+20,5.58257E+21,7.38751E+15,5.0384E+16
108406,7.1711E+18,7,1,43,52,2017,11,15,7,3,4,6,0,1,0,0,0,0,0,4.08256E+20,5.58289E+21,7.70934E+15,5.03909E+16
108407,7.17112E+18,7,1,37,216,2017,11,16,2,3,5,3,0,1,0,0,0,2,1,3.93823E+20,5.58335E+21,7.50624E+15,5.03926E+16
108408,7.17112E+18,7,1,37,209,2017,11,7,2,3,2,6,0,1,0,0,0,1,1,3.96032E+20,5.58368E+21,7.53721E+15,5.0396E+16
108409,7.17112E+18,7,1,11,0,2017,11,16,2,3,5,3,0,1,0,0,0,1,1,3.97798E+20,5.58142E+21,7.56266E+15,5.03759E+16
108410,7.17112E+18,7,1,11,0,2017,11,14,2,3,3,6,0,1,0,0,1,0,1,3.99389E+20,5.58065E+21,7.58524E+15,5.03693E+16
108411,7.17112E+18,7,1,11,0,2017,11,9,2,3,3,6,0,1,0,1,0,0,1,3.99981E+20,5.57905E+21,7.59399E+15,5.0355E+16
108412,7.17112E+18,7,1,38,77,2017,11,12,2,3,3,6,0,1,0,0,1,0,1,3.83853E+20,5.61076E+21,7.3575E+15,5.06372E+16
108413,7.17112E+18,7,3,35,22,2017,11,22,1,3,8,1,0,1,0,0,0,2,1,4.15561E+20,5.46323E+21,7.83817E+15,4.9316E+16
108414,7.17112E+18,7,3,32,21,2017,11,4,1,2,0,1,0,1,0,0,0,2,1,4.4506E+20,5.4888E+21,8.24047E+15,4.95493E+16
108415,7.17112E+18,7,3,32,33,2017,11,4,1,3,2,6,0,1,0,0,0,2,1,4.45038E+20,5.48879E+21,8.24017E+15,4.95493E+16
108416,7.17112E+18,7,3,14,0,2017,11,18,1,3,5,3,0,1,0,0,0,2,0,4.59631E+20,5.48089E+21,8.44271E+15,4.94793E+16
108417,7.17112E+18,7,1,33,6,2017,11,5,1,3,9,1,0,1,0,0,0,2,1,4.23618E+20,5.52648E+21,7.93672E+15,4.98858E+16
108418,7.17112E+18,7,3,39,57,2017,11,11,1,3,1,5,0,1,0,0,0,0,0,4.37236E+20,5.52992E+21,8.1257E+15,4.99184E+16
108419,7.17112E+18,7,2,32,70,2017,11,18,1,1,4,6,0,1,0,1,0,2,1,3.30024E+20,5.54572E+21,6.62619E+15,5.00395E+16
108420,7.17112E+18,7,1,41,11,2017,11,12,1,3,4,6,0,1,0,0,0,0,1,4.25111E+20,5.56548E+21,7.94987E+15,5.02367E+16
108421,7.1711E+18,7,1,38,53,2017,11,11,7,3,5,3,0,1,0,0,1,0,0,3.95597E+20,5.60165E+21,7.52608E+15,5.05575E+16
108422,7.17112E+18,7,1,41,51,2017,11,0,1,3,9,1,0,1,0,0,0,2,1,4.33178E+20,5.57225E+21,8.06178E+15,5.02985E+16
108423,7.17112E+18,7,3,12,0,2017,11,12,7,3,2,6,0,1,0,0,0,0,0,4.05433E+20,5.47667E+21,7.69566E+15,4.94354E+16
108424,7.17112E+18,7,3,34,28,2017,11,9,7,3,7,7,0,1,0,0,0,0,0,4.49859E+20,5.45948E+21,8.31052E+15,4.9286E+16
108425,7.17112E+18,7,3,37,26,2017,11,15,7,2,8,1,0,0,0,1,0,0,0,4.31222E+20,5.45261E+21,8.05545E+15,4.92224E+16
108426,7.17112E+18,7,3,18,0,2017,11,17,7,3,1,6,0,1,0,0,0,2,0,4.57798E+20,5.46621E+21,8.41896E+15,4.93471E+16
108427,7.17112E+18,7,1,33,18,2017,11,12,7,3,8,1,0,1,0,0,0,0,0,4.1994E+20,5.5242E+21,7.88599E+15,4.98648E+16
108428,7.17112E+18,7,3,31,60,2017,11,14,7,3,1,5,0,1,0,1,0,0,0,4.24839E+20,5.51668E+21,7.95561E+15,4.97978E+16
108429,7.1711E+18,7,1,31,2,2017,11,14,7,2,0,1,0,0,0,1,0,0,0,3.55653E+20,5.59472E+21,6.96517E+15,5.04867E+16
108430,7.1711E+18,7,1,31,37,2017,11,14,7,2,4,1,0,1,0,1,0,0,0,3.59083E+20,5.58397E+21,7.01754E+15,5.03909E+16
108431,7.1711E+18,7,1,31,74,2017,11,11,7,2,0,7,0,0,0,1,0,0,0,3.50087E+20,5.59044E+21,6.88849E+15,5.04468E+16
108432,7.1711E+18,7,1,40,41,2017,11,21,7,3,7,7,0,1,0,0,0,2,0,3.88867E+20,5.52831E+21,7.45259E+15,4.98969E+16
108433,7.1711E+18,7,1,37,203,2017,11,16,7,3,5,3,0,1,0,0,0,0,0,3.97819E+20,5.58836E+21,7.56108E+15,5.04383E+16
108434,7.1711E+18,7,1,43,32,2017,11,16,7,3,2,6,0,1,0,0,0,1,0,4.05105E+20,5.58883E+21,7.66353E+15,5.04438E+16
108435,7.1711E+18,7,3,17,0,2017,11,22,6,3,4,2,0,1,0,0,0,2,0,3.97804E+20,5.45226E+21,7.59673E+15,4.92146E+16
108436,7.1711E+18,7,3,35,17,2017,11,14,6,3,0,6,0,1,0,0,0,0,0,4.05895E+20,5.4849E+21,7.70008E+15,4.95094E+16
108437,7.1711E+18,7,3,13,0,2017,11,17,6,2,0,1,0,1,0,1,0,2,0,4.35406E+20,5.44905E+21,8.11347E+15,4.91909E+16
108438,7.1711E+18,7,3,38,15,2017,11,18,6,3,6,6,0,0,1,0,1,2,0,4.5169E+20,5.49294E+21,8.33162E+15,4.95871E+16
108439,7.17112E+18,7,3,15,0,2017,11,18,7,3,6,4,0,1,1,0,0,2,0,4.45781E+20,5.53759E+21,8.24364E+15,4.99882E+16
108440,7.1711E+18,7,3,11,0,2017,11,17,6,3,5,3,1,1,0,0,0,1,0,4.53235E+20,5.48896E+21,8.35347E+15,4.95514E+16
108441,7.1711E+18,7,3,14,0,2017,11,12,6,3,5,2,0,1,0,1,0,0,0,4.56719E+20,5.47853E+21,8.40277E+15,4.94579E+16
108442,7.17112E+18,7,2,32,63,2017,11,9,7,3,9,1,0,1,0,0,0,0,0,3.1642E+20,5.52576E+21,6.4459E+15,4.98561E+16
108443,7.1711E+18,7,1,33,96,2017,11,17,6,2,5,2,0,1,0,0,0,2,0,3.93728E+20,5.51818E+21,7.52303E+15,4.98067E+16
108444,7.17112E+18,7,2,35,1,2017,11,20,7,3,3,6,0,1,0,0,0,2,1,3.25226E+20,5.5194E+21,6.57117E+15,4.98016E+16
108445,7.17112E+18,7,2,11,0,2017,11,16,7,2,0,1,0,0,0,1,0,0,1,3.30303E+20,5.51553E+21,6.64334E+15,4.97683E+16
108446,7.1711E+18,7,1,33,501,2017,11,15,6,2,8,1,0,1,0,0,0,0,0,4.02789E+20,5.51645E+21,7.64935E+15,4.97927E+16
108447,7.17112E+18,7,1,43,308,2017,11,18,7,3,1,1,0,1,0,0,0,2,1,4.26582E+20,5.60169E+21,7.96341E+15,5.05625E+16
108448,7.17112E+18,7,1,43,32,2017,11,11,7,3,2,6,0,1,0,0,0,0,0,4.05895E+20,5.58888E+21,7.67464E+15,5.04444E+16
108449,7.17112E+18,7,1,38,73,2017,11,15,7,3,2,6,0,1,0,0,0,0,0,3.74174E+20,5.60612E+21,7.22226E+15,5.05934E+16
108450,7.17112E+18,7,1,40,6,2017,11,18,7,2,4,1,0,1,0,0,0,2,1,3.77152E+20,5.53551E+21,7.28726E+15,4.99593E+16
108451,7.1711E+18,7,3,31,10,2017,11,16,6,3,0,1,0,0,0,1,0,0,0,4.39975E+20,5.51616E+21,8.16599E+15,4.97949E+16
108452,7.17112E+18,7,3,36,87,2017,11,16,6,3,5,2,0,1,0,0,0,1,0,3.97814E+20,5.4883E+21,7.5876E+15,4.95387E+16
108453,7.17112E+18,7,3,35,26,2017,11,23,6,3,9,1,0,1,0,0,0,2,0,4.18232E+20,5.48239E+21,7.87098E+15,4.94886E+16
108454,7.17112E+18,7,3,32,10,2017,11,10,6,3,2,6,0,1,0,0,0,0,0,4.4652E+20,5.49053E+21,8.26043E+15,4.9565E+16
108455,7.1711E+18,7,3,39,30,2017,11,13,6,3,5,3,0,1,0,0,0,0,0,4.31893E+20,5.53744E+21,8.04996E+15,4.99854E+16
108456,7.17112E+18,7,3,32,2,2017,11,18,6,3,2,6,0,1,0,0,0,2,1,4.41249E+20,5.47925E+21,8.18922E+15,4.9463E+16
108457,7.17112E+18,7,3,38,15,2017,11,6,6,2,4,6,0,1,0,0,1,2,1,4.51788E+20,5.49292E+21,8.33298E+15,4.9587E+16
108458,7.17112E+18,7,1,33,117,2017,11,18,6,3,2,6,0,1,0,0,0,2,0,4.13725E+20,5.5223E+21,7.79997E+15,4.98469E+16
108459,7.17112E+18,7,3,31,3,2017,11,7,6,3,2,1,0,1,0,0,0,2,1,4.33906E+20,5.51109E+21,8.08254E+15,4.97486E+16
108460,7.17112E+18,7,3,31,3,2017,11,6,6,2,5,2,0,1,0,0,0,2,1,4.34195E+20,5.51102E+21,8.08655E+15,4.97481E+16
108461,7.1711E+18,7,3,15,0,2017,11,11,6,3,2,6,0,1,0,0,0,0,0,4.46928E+20,5.53814E+21,8.25957E+15,4.99932E+16
108462,7.17112E+18,7,3,19,0,2017,11,16,6,3,3,6,1,1,0,0,0,2,0,4.52938E+20,5.49787E+21,8.34829E+15,4.96316E+16
108463,7.17112E+18,7,3,31,2,2017,11,13,6,2,4,2,0,1,0,0,0,0,0,4.53375E+20,5.51369E+21,8.35245E+15,4.97738E+16
108464,7.17112E+18,7,3,15,0,2017,11,8,6,3,5,2,1,1,0,0,0,1,1,4.45947E+20,5.53801E+21,8.2459E+15,4.9992E+16
108465,7.17112E+18,7,3,15,0,2017,11,18,6,3,2,6,0,1,0,0,1,2,0,4.42003E+20,5.53784E+21,8.1909E+15,4.99901E+16
108466,7.17112E+18,7,2,33,42,2017,11,9,6,3,8,7,0,1,0,0,1,0,1,3.48703E+20,5.55857E+21,6.88176E+15,5.016E+16
108467,7.17112E+18,7,2,32,296,2017,11,18,6,3,6,6,0,1,1,0,0,2,0,3.14011E+20,5.56258E+21,6.39459E+15,5.01862E+16
108468,7.17112E+18,7,1,34,10,2017,11,17,6,2,3,6,0,0,0,1,1,2,1,3.69111E+20,5.50189E+21,7.18653E+15,4.96553E+16
108469,7.17112E+18,7,1,43,222,2017,11,17,6,3,8,1,0,0,0,0,1,2,1,4.29831E+20,5.61024E+21,8.00766E+15,5.06398E+16
108470,7.17112E+18,7,1,41,120,2017,11,17,6,2,1,3,0,1,0,1,0,2,1,4.14488E+20,5.56164E+21,7.8018E+15,5.02007E+16
108471,7.17112E+18,7,1,41,29,2017,11,14,6,3,2,3,0,1,0,0,1,0,0,4.31112E+20,5.57924E+21,8.03149E+15,5.03612E+16
108472,7.17112E+18,7,1,38,11,2017,11,17,6,3,5,3,0,1,0,0,0,2,0,4.00323E+20,5.59958E+21,7.59333E+15,5.05397E+16
108473,7.17112E+18,7,1,38,74,2017,11,12,6,3,0,1,0,0,0,1,0,0,1,3.99598E+20,5.6008E+21,7.58277E+15,5.05505E+16
108474,7.1711E+18,7,2,33,43,2017,11,6,6,3,8,7,0,1,0,0,0,1,0,3.34319E+20,5.5532E+21,6.68289E+15,5.01079E+16
108475,7.1711E+18,7,2,32,103,2017,11,21,6,3,7,7,0,1,0,0,0,2,0,3.1341E+20,5.53274E+21,6.40071E+15,4.99179E+16
108476,7.1711E+18,7,2,32,18,2017,11,18,6,3,2,6,0,1,0,0,0,2,0,3.19878E+20,5.53889E+21,6.48784E+15,4.99751E+16
108477,7.1711E+18,7,1,34,69,2017,11,17,6,2,5,3,0,1,0,1,0,2,0,3.79656E+20,5.52492E+21,7.32545E+15,4.98645E+16
108478,7.1711E+18,7,1,34,87,2017,11,2,6,2,9,1,0,1,0,0,0,2,1,3.75879E+20,5.522E+21,7.27386E+15,4.98376E+16
108479,7.1711E+18,7,1,34,94,2017,11,6,6,3,9,1,0,1,0,0,0,2,0,3.71318E+20,5.5076E+21,7.21522E+15,4.97072E+16
108480,7.1711E+18,7,2,35,62,2017,11,9,6,2,4,6,0,1,0,0,0,0,0,3.18064E+20,5.49146E+21,6.48472E+15,4.95484E+16
108481,7.1711E+18,7,2,11,0,2017,11,16,6,3,5,3,0,1,0,1,0,0,0,3.28984E+20,5.51446E+21,6.62552E+15,4.97582E+16
108482,7.1711E+18,7,1,41,129,2017,11,17,6,2,5,3,0,0,0,0,1,2,0,4.17817E+20,5.5686E+21,7.84692E+15,5.02638E+16
108483,7.1711E+18,7,1,38,77,2017,11,13,6,3,5,2,0,1,0,0,0,0,0,3.83813E+20,5.61328E+21,7.35615E+15,5.06598E+16
108484,7.1711E+18,7,1,32,501,2017,11,15,6,3,4,2,0,1,0,0,0,0,0,4.0375E+20,5.61528E+21,7.6376E+15,5.06814E+16
108485,7.17112E+18,7,1,32,83,2017,11,8,6,3,8,1,0,1,0,0,0,0,1,3.95691E+20,5.6081E+21,7.5256E+15,5.06155E+16
108486,7.1711E+18,7,1,35,25,2017,11,23,6,3,8,1,0,1,0,0,0,2,0,3.73093E+20,5.55416E+21,7.22451E+15,5.01261E+16
108487,7.17112E+18,7,1,38,75,2017,11,5,6,3,1,5,0,1,0,1,0,2,1,3.8246E+20,5.60799E+21,7.33869E+15,5.0612E+16
108488,7.17112E+18,7,1,32,6,2017,11,15,6,3,0,7,1,0,1,0,0,0,0,4.20926E+20,5.62791E+21,7.87797E+15,5.07975E+16
108489,7.17112E+18,7,1,38,45,2017,11,6,6,3,2,1,0,1,0,0,0,2,1,3.92618E+20,5.58802E+21,7.48795E+15,5.04344E+16
108490,7.1711E+18,7,1,37,203,2017,11,18,6,3,2,6,0,1,0,0,0,2,0,3.99733E+20,5.58511E+21,7.58889E+15,5.04095E+16
108491,7.17112E+18,7,1,11,0,2017,11,12,6,3,2,6,0,1,0,0,1,0,1,4.03849E+20,5.57835E+21,7.64852E+15,5.03493E+16
108492,7.1711E+18,7,3,36,18,2017,11,18,5,3,2,2,0,1,0,0,0,2,0,3.82494E+20,5.48625E+21,7.37654E+15,4.95175E+16
108493,7.17112E+18,7,1,40,87,2017,11,23,6,3,8,1,0,1,0,0,0,2,0,3.97889E+20,5.55008E+21,7.57238E+15,5.00942E+16
108494,7.17112E+18,7,1,37,203,2017,11,11,6,3,2,6,0,1,0,0,0,0,1,3.98583E+20,5.58791E+21,7.57195E+15,5.04344E+16
108495,7.1711E+18,7,3,35,26,2017,11,11,5,3,5,3,0,1,0,0,1,0,0,4.166E+20,5.48281E+21,7.84836E+15,4.94922E+16
108496,7.17112E+18,7,3,17,0,2017,11,19,5,2,8,1,0,1,0,0,0,2,1,3.98273E+20,5.4522E+21,7.60318E+15,4.92141E+16
108497,7.17112E+18,7,3,35,38,2017,11,15,5,3,2,6,0,1,0,0,0,1,0,3.92849E+20,5.47679E+21,7.52211E+15,4.94343E+16
108498,7.1711E+18,7,3,11,0,2017,11,8,5,3,2,6,0,1,0,0,1,0,0,4.56384E+20,5.48834E+21,8.39706E+15,4.95461E+16
108499,7.17112E+18,7,3,12,0,2017,11,8,5,3,3,2,1,1,0,0,0,0,0,4.10997E+20,5.47679E+21,7.77235E+15,4.94373E+16
108500,7.1711E+18,7,3,37,76,2017,11,17,5,3,5,3,0,1,1,0,0,0,0,4.2953E+20,5.43337E+21,8.03559E+15,4.90492E+16
108501,7.1711E+18,7,3,14,0,2017,11,9,5,3,8,1,0,1,0,0,0,0,0,4.57562E+20,5.47748E+21,8.41451E+15,4.94485E+16
108502,7.1711E+18,7,3,39,5,2017,11,12,5,3,5,2,0,1,1,0,0,0,0,4.21277E+20,5.534E+21,7.9026E+15,4.99531E+16
108503,7.17112E+18,7,3,35,34,2017,11,7,5,3,5,3,0,1,0,0,0,0,0,4.07212E+20,5.48292E+21,7.71873E+15,4.94919E+16
108504,7.1711E+18,7,3,33,81,2017,11,15,5,3,5,3,0,1,0,0,0,0,0,4.28018E+20,5.49563E+21,8.00365E+15,4.9609E+16
108505,7.1711E+18,7,3,31,55,2017,11,18,5,2,6,4,0,1,1,0,0,2,0,4.52843E+20,5.5061E+21,8.34598E+15,4.97055E+16
108506,7.17112E+18,7,3,32,35,2017,11,5,5,2,1,5,0,1,0,0,1,2,1,4.44994E+20,5.47237E+21,8.24185E+15,4.94016E+16
108507,7.1711E+18,7,3,31,55,2017,11,15,5,3,2,6,1,1,0,1,0,0,0,4.51224E+20,5.50594E+21,8.32355E+15,4.9704E+16
108508,7.17112E+18,7,3,32,2,2017,11,16,5,3,5,3,0,1,0,0,0,2,0,4.40393E+20,5.47949E+21,8.17736E+15,4.94651E+16
108509,7.17112E+18,7,3,34,12,2017,11,6,5,3,2,6,0,1,0,0,0,0,0,4.47951E+20,5.43605E+21,8.28731E+15,4.90751E+16
108510,7.1711E+18,7,3,39,30,2017,11,16,5,2,6,1,0,1,1,0,0,0,0,4.33304E+20,5.53707E+21,8.0697E+15,4.99822E+16
108511,7.17112E+18,7,3,37,5,2017,11,18,5,3,5,3,0,1,0,0,0,2,0,4.27263E+20,5.4393E+21,8.0035E+15,4.91022E+16
108512,7.1711E+18,7,3,39,57,2017,11,17,5,3,2,6,0,1,0,1,0,2,0,4.36589E+20,5.52858E+21,8.11691E+15,4.99062E+16
108513,7.17112E+18,7,3,37,27,2017,11,19,5,3,3,2,0,1,0,0,0,2,0,4.43145E+20,5.4573E+21,8.21851E+15,4.92658E+16
108514,7.17112E+18,7,3,14,0,2017,11,3,5,3,9,1,0,1,0,0,0,2,0,4.54126E+20,5.48118E+21,8.36668E+15,4.94815E+16
108515,7.17112E+18,7,3,14,0,2017,11,7,5,2,6,4,0,1,1,0,0,1,0,4.58986E+20,5.48191E+21,8.4337E+15,4.94884E+16
108516,7.17112E+18,7,1,33,110,2017,11,11,5,3,7,7,0,1,0,0,0,0,1,4.12911E+20,5.53529E+21,7.78571E+15,4.99636E+16
108517,7.17112E+18,7,3,31,48,2017,11,9,5,3,4,1,0,1,0,0,0,0,0,4.42022E+20,5.49772E+21,8.19717E+15,4.96293E+16
108518,7.17112E+18,7,2,35,125,2017,11,10,5,3,8,7,0,0,0,0,1,0,0,3.38736E+20,5.52082E+21,6.75817E+15,4.98182E+16
108519,7.17112E+18,7,2,31,72,2017,11,12,5,2,4,7,0,1,0,1,0,0,0,3.62869E+20,5.53775E+21,7.08744E+15,4.99763E+16
108520,7.17112E+18,7,2,31,57,2017,11,17,5,3,9,1,0,1,0,0,0,2,1,3.57621E+20,5.54832E+21,7.01036E+15,5.00701E+16
108521,7.17112E+18,7,2,31,127,2017,11,6,5,3,5,3,0,1,0,0,0,2,1,3.47875E+20,5.55114E+21,6.87315E+15,5.0093E+16
108522,7.17112E+18,7,2,31,502,2017,11,7,5,2,6,2,0,1,1,0,0,2,0,3.64669E+20,5.51923E+21,7.11901E+15,4.98102E+16
108523,7.17112E+18,7,1,34,76,2017,11,9,5,3,2,2,0,1,0,0,0,0,1,3.74463E+20,5.51804E+21,7.25545E+15,4.98017E+16
108524,7.17112E+18,7,2,35,118,2017,11,2,5,3,9,1,0,1,0,0,0,2,1,3.23779E+20,5.49895E+21,6.56031E+15,4.96174E+16
108525,7.17112E+18,7,2,35,1,2017,11,16,5,2,1,6,0,1,0,0,0,1,0,3.25361E+20,5.51763E+21,6.57384E+15,4.97857E+16
108526,7.17112E+18,7,1,40,159,2017,11,22,5,3,9,1,0,1,0,0,0,2,1,3.74579E+20,5.52971E+21,7.25328E+15,4.99066E+16
108527,7.1711E+18,7,3,15,0,2017,11,15,5,3,4,2,1,0,0,0,1,0,0,4.45025E+20,5.53524E+21,8.23344E+15,4.9967E+16
108528,7.1711E+18,7,3,15,0,2017,11,10,5,3,4,7,0,1,0,0,0,0,0,4.45048E+20,5.53609E+21,8.23363E+15,4.99746E+16
108529,7.1711E+18,7,3,39,5,2017,11,7,5,3,2,6,0,1,0,0,0,1,0,4.26916E+20,5.53586E+21,7.98084E+15,4.99706E+16
108530,7.1711E+18,7,2,33,38,2017,11,8,5,3,4,6,0,1,0,0,0,0,0,3.38426E+20,5.57514E+21,6.73095E+15,5.03062E+16
108531,7.1711E+18,7,2,35,81,2017,11,17,5,3,1,2,0,1,0,1,0,2,0,3.36297E+20,5.4947E+21,6.73524E+15,4.95827E+16
108532,7.1711E+18,7,2,35,45,2017,11,9,5,3,0,1,0,1,0,0,0,0,0,3.518E+20,5.50224E+21,6.94672E+15,4.96544E+16
108533,7.1711E+18,7,2,11,0,2017,11,18,5,3,5,2,0,1,0,1,0,2,0,3.33704E+20,5.51277E+21,6.69171E+15,4.97444E+16
108534,7.1711E+18,7,2,35,70,2017,11,9,5,3,4,2,0,1,0,0,0,0,0,3.35048E+20,5.51049E+21,6.71132E+15,4.97243E+16
108535,7.1711E+18,7,1,43,286,2017,11,17,5,3,5,2,0,1,0,0,0,2,0,4.34661E+20,5.60872E+21,8.07622E+15,5.06267E+16
108536,7.1711E+18,7,1,43,292,2017,11,16,5,3,1,2,0,1,0,0,0,0,0,4.31454E+20,5.60241E+21,8.03206E+15,5.05695E+16
108537,7.1711E+18,7,1,43,77,2017,11,18,5,3,1,6,0,1,0,1,0,2,0,4.17707E+20,5.58418E+21,7.84198E+15,5.04039E+16
108538,7.1711E+18,7,1,38,3,2017,11,13,5,3,8,1,0,1,0,0,0,0,0,3.90181E+20,5.61599E+21,7.4454E+15,5.06853E+16
108539,7.1711E+18,7,1,32,6,2017,11,13,5,3,2,6,0,1,0,1,0,0,0,4.21131E+20,5.62813E+21,7.88083E+15,5.07995E+16
108540,7.1711E+18,7,1,31,7,2017,11,17,5,3,6,2,0,1,1,0,0,1,0,3.6871E+20,5.60119E+21,7.14684E+15,5.05479E+16
108541,7.1711E+18,7,1,31,7,2017,11,9,5,2,0,1,0,0,0,1,0,0,0,3.63468E+20,5.59927E+21,7.0736E+15,5.05294E+16
108542,7.1711E+18,7,1,37,3,2017,11,18,5,3,1,3,0,1,0,0,1,2,0,3.85323E+20,5.58723E+21,7.38552E+15,5.04258E+16
108543,7.1711E+18,7,1,11,0,2017,11,17,5,3,2,6,0,1,0,1,0,2,0,3.97567E+20,5.58065E+21,7.55963E+15,5.0369E+16
108544,7.1711E+18,7,1,11,0,2017,11,13,5,3,2,6,0,1,0,0,0,0,0,3.99566E+20,5.57983E+21,7.58795E+15,5.0362E+16
108545,7.1711E+18,7,1,38,30,2017,11,6,5,3,2,6,0,1,0,0,1,2,0,3.92925E+20,5.60412E+21,7.48766E+15,5.05792E+16
108546,7.1711E+18,7,3,35,16,2017,11,17,4,3,5,3,0,1,0,0,0,1,0,3.8987E+20,5.47522E+21,7.48149E+15,4.94197E+16
108547,7.1711E+18,7,3,32,2,2017,11,14,4,2,5,3,0,1,0,0,1,0,0,4.40714E+20,5.47881E+21,8.1819E+15,4.9459E+16
108548,7.17112E+18,7,1,37,203,2017,11,7,5,3,2,6,0,1,0,0,0,0,0,3.98963E+20,5.58571E+21,7.5779E+15,5.04147E+16
108549,7.1711E+18,7,1,33,52,2017,11,11,4,3,5,3,0,1,0,0,1,0,0,3.88728E+20,5.51462E+21,7.45458E+15,4.97738E+16
108550,7.17112E+18,7,1,11,0,2017,11,17,5,3,2,6,0,1,0,0,0,2,0,3.98313E+20,5.58218E+21,7.56969E+15,5.03829E+16
108551,7.1711E+18,7,1,33,107,2017,11,16,4,3,9,1,0,1,0,0,0,0,0,4.06744E+20,5.51861E+21,7.70377E+15,4.98127E+16
108552,7.17112E+18,7,1,11,0,2017,11,17,5,3,2,6,0,1,0,0,0,2,0,3.98053E+20,5.58231E+21,7.56601E+15,5.0384E+16
108553,7.1711E+18,7,3,31,55,2017,11,2,4,1,6,6,0,1,1,0,0,2,1,4.53142E+20,5.50815E+21,8.34988E+15,4.97241E+16