OBJECTID,UIDENTSTLA,ULAND,UREGBEZ,UKREIS,UGEMEINDE,UJAHR,UMONAT,USTUNDE,UWOCHENTAG,UKATEGORIE,UART,UTYP1,IstRad,IstPKW,IstFuss,IstKrad,IstSonstig,LICHT,STRZUSTAND,LINREFX,LINREFY,XGCSWGS84,YGCSWGS84
108896,7.17103E+18,7,1,33,40,2017,10,7,4,3,5,2,0,1,0,0,0,1,1,4.14995E+20,5.52281E+21,7.81751E+15,4.98516E+16
108897,7.17103E+18,7,3,33,45,2017,10,16,4,3,5,2,1,1,0,0,0,0,0,4.30338E+20,5.49878E+21,8.0352E+15,4.96375E+16
108898,7.17103E+18,7,3,33,13,2017,10,7,4,3,4,6,0,1,0,0,0,2,1,4.25574E+20,5.49702E+21,7.96957E+15,4.96211E+16
108899,7.17103E+18,7,3,33,76,2017,10,5,4,3,9,6,0,1,0,0,1,2,1,4.32545E+20,5.50236E+21,8.06515E+15,4.967E+16
108900,7.17103E+18,7,3,31,3,2017,10,14,4,3,5,2,1,0,0,0,1,0,0,4.35651E+20,5.51051E+21,8.10684E+15,4.97436E+16
108901,7.17103E+18,7,3,15,0,2017,10,19,4,3,2,1,0,1,0,0,1,2,0,4.509E+20,5.53527E+21,8.31535E+15,4.99677E+16
108902,7.17103E+18,7,3,15,0,2017,10,6,4,3,2,6,0,1,0,0,0,2,0,4.25263E+20,5.53473E+21,7.95801E+15,4.99603E+16
108903,7.17103E+18,7,2,33,53,2017,10,21,4,2,8,1,0,1,0,0,0,2,0,3.32381E+20,5.57343E+21,6.64688E+15,5.02892E+16
108904,7.17103E+18,7,2,32,48,2017,10,8,4,1,2,6,0,1,0,0,1,0,1,3.19465E+20,5.54879E+21,6.47743E+15,5.0064E+16
108905,7.17103E+18,7,1,34,68,2017,10,19,4,3,9,1,0,1,0,0,0,2,0,3.74779E+20,5.50113E+21,7.26527E+15,4.96497E+16
108906,7.17103E+18,7,2,35,146,2017,10,14,4,1,4,6,0,1,0,0,1,0,0,3.14328E+20,5.50428E+21,6.42707E+15,4.96624E+16
108907,7.17103E+18,7,2,11,0,2017,10,6,4,3,2,6,0,1,0,0,1,2,1,3.2905E+20,5.50883E+21,6.6289E+15,4.97077E+16
108908,7.17103E+18,7,2,11,0,2017,10,6,4,3,8,1,0,1,0,0,0,2,1,3.29082E+20,5.50903E+21,6.62925E+15,4.97095E+16
108909,7.17103E+18,7,1,41,92,2017,10,17,4,2,8,1,0,0,0,1,0,0,0,4.17895E+20,5.55907E+21,7.85009E+15,5.01781E+16
108910,7.17103E+18,7,1,43,30,2017,10,9,4,3,5,3,0,1,0,0,0,0,0,4.06321E+20,5.58954E+21,7.68047E+15,5.04504E+16
108911,7.17111E+18,7,1,34,57,2017,11,6,4,3,5,3,0,1,0,0,0,2,1,3.73485E+20,5.50526E+21,7.24602E+15,4.96866E+16
108912,7.17103E+18,7,1,43,48,2017,10,11,4,3,5,3,0,1,0,0,0,0,0,4.16855E+20,5.58822E+21,7.82911E+15,5.04401E+16
108913,7.17111E+18,7,2,35,27,2017,11,9,4,3,5,3,0,1,0,0,0,0,1,3.33921E+20,5.50626E+21,6.6975E+15,4.96859E+16
108914,7.17103E+18,7,1,38,44,2017,10,7,4,3,5,3,0,1,0,0,0,1,1,3.9061E+20,5.60586E+21,7.45446E+15,5.05944E+16
108915,7.17103E+18,7,1,32,40,2017,10,0,4,3,8,1,0,1,0,0,0,2,1,4.05934E+20,5.61462E+21,7.66868E+15,5.06758E+16
108916,7.17111E+18,7,2,11,0,2017,11,9,4,2,2,6,0,1,0,0,0,0,1,3.31958E+20,5.51599E+21,6.66611E+15,4.97728E+16
108917,7.17103E+18,7,1,31,205,2017,10,9,4,2,9,1,0,1,0,0,0,0,0,3.74573E+20,5.58613E+21,7.23462E+15,5.04138E+16
108918,7.17103E+18,7,1,31,77,2017,10,7,4,3,5,2,0,1,0,0,0,1,0,3.76519E+20,5.60067E+21,7.25718E+15,5.05449E+16
108919,7.17111E+18,7,1,41,29,2017,11,18,4,3,5,3,0,1,0,0,0,1,0,4.30981E+20,5.58038E+21,8.02944E+15,5.03714E+16
108920,7.17111E+18,7,1,43,73,2017,11,16,4,3,9,1,0,1,0,0,0,1,1,4.17298E+20,5.59061E+21,7.83481E+15,5.04616E+16
108921,7.17103E+18,7,1,31,7,2017,10,8,4,3,8,1,0,1,0,0,0,0,0,3.71795E+20,5.60094E+21,7.19046E+15,5.05464E+16
108922,7.17111E+18,7,1,35,20,2017,11,14,4,3,5,5,1,1,0,0,0,0,1,3.68567E+20,5.5568E+21,7.16032E+15,5.01489E+16
108923,7.17111E+18,7,1,31,7,2017,11,13,4,3,4,6,0,1,0,0,1,0,1,3.63472E+20,5.59927E+21,7.07366E+15,5.05294E+16
108924,7.17103E+18,7,1,37,224,2017,10,18,4,3,3,2,0,1,0,1,0,0,0,4.01748E+20,5.58167E+21,7.61813E+15,5.03789E+16
108925,7.17111E+18,7,1,31,7,2017,11,7,4,3,4,6,0,1,0,0,0,1,1,3.6678E+20,5.60153E+21,7.1195E+15,5.05505E+16
108926,7.17103E+18,7,1,37,229,2017,10,15,4,3,2,6,0,1,0,0,0,0,0,3.99919E+20,5.58538E+21,7.59144E+15,5.04119E+16
108927,7.17111E+18,7,1,37,70,2017,11,14,4,2,9,1,0,1,0,0,0,0,0,3.79611E+20,5.57119E+21,7.31027E+15,5.02805E+16
108928,7.17111E+18,7,1,37,68,2017,11,11,4,2,8,1,0,1,0,0,0,0,1,3.67152E+20,5.57746E+21,7.13328E+15,5.03342E+16
108929,7.17102E+18,7,3,20,0,2017,10,11,3,3,8,1,0,1,0,0,0,0,1,3.8315E+20,5.45702E+21,7.39419E+15,4.92548E+16
108930,7.17102E+18,7,3,35,15,2017,10,13,3,3,4,6,0,1,0,0,0,0,0,4.17949E+20,5.47717E+21,7.86815E+15,4.94416E+16
108931,7.17111E+18,7,1,40,21,2017,11,9,4,3,4,2,0,1,0,0,0,0,1,3.86156E+20,5.54797E+21,7.40903E+15,5.00731E+16
108932,7.17111E+18,7,1,37,216,2017,11,16,4,3,5,3,0,1,0,0,0,2,1,3.92164E+20,5.58376E+21,7.48279E+15,5.0396E+16
108933,7.17111E+18,7,1,11,0,2017,11,17,4,3,5,3,0,1,0,1,0,2,1,4.01543E+20,5.57985E+21,7.61573E+15,5.03624E+16
108934,7.17111E+18,7,1,11,0,2017,11,6,4,3,2,6,0,1,0,0,0,2,1,4.0128E+20,5.58021E+21,7.61194E+15,5.03657E+16
108935,7.17111E+18,7,1,38,12,2017,11,17,4,3,2,6,0,1,0,0,0,2,1,4.04979E+20,5.59768E+21,7.6595E+15,5.05234E+16
108936,7.17111E+18,7,3,20,0,2017,11,15,3,3,1,6,0,1,0,0,0,0,0,3.79015E+20,5.45749E+21,7.33725E+15,4.92582E+16
108937,7.17111E+18,7,3,17,0,2017,11,18,3,3,2,6,0,1,0,0,0,2,1,3.97811E+20,5.45225E+21,7.59682E+15,4.92145E+16
108938,7.17111E+18,7,3,35,38,2017,11,7,3,3,2,1,0,1,0,0,0,1,1,3.94941E+20,5.4753E+21,7.55136E+15,4.94213E+16
108939,7.17111E+18,7,3,33,48,2017,11,7,3,3,5,3,0,1,0,0,0,1,0,4.19008E+20,5.4885E+21,7.88043E+15,4.95437E+16
108940,7.17111E+18,7,1,33,65,2017,11,15,3,3,5,3,0,1,0,1,0,0,0,4.04193E+20,5.50768E+21,7.67101E+15,4.9714E+16
108941,7.17102E+18,7,3,32,33,2017,10,20,3,3,2,6,0,0,0,0,1,2,0,4.44762E+20,5.48876E+21,8.23636E+15,4.95489E+16
108942,7.1712E+18,7,3,38,5,2017,12,17,2,2,5,2,0,1,0,0,0,2,1,4.49795E+20,5.46912E+21,8.30843E+15,4.93727E+16
108943,7.17122E+18,7,3,37,68,2017,12,17,4,3,3,3,0,1,0,0,1,2,1,4.39285E+20,5.44296E+21,8.16763E+15,4.91364E+16
108944,7.17122E+18,7,1,31,77,2017,12,22,5,3,5,2,0,1,0,0,0,2,1,3.76519E+20,5.60067E+21,7.25719E+15,5.05449E+16
108945,7.1712E+18,7,3,38,19,2017,12,14,2,2,5,3,1,1,0,0,0,0,1,4.53847E+20,5.47592E+21,8.36345E+15,4.94342E+16
108946,7.1712E+18,7,1,33,86,2017,12,18,2,3,5,3,0,1,0,0,0,2,1,4.14785E+20,5.52296E+21,7.81456E+15,4.9853E+16
108947,7.1712E+18,7,3,39,43,2017,12,18,2,3,4,6,0,1,0,0,0,2,1,4.49581E+20,5.52354E+21,8.29849E+15,4.98622E+16
108948,7.17122E+18,7,1,38,37,2017,12,8,4,3,0,6,0,1,0,0,1,0,1,3.78857E+20,5.59981E+21,7.29045E+15,5.05377E+16
108949,7.17122E+18,7,3,19,0,2017,12,18,7,3,5,3,0,1,0,0,0,2,0,4.5191E+20,5.49805E+21,8.33403E+15,4.96331E+16
108950,7.17122E+18,7,3,15,0,2017,12,9,7,3,4,2,1,1,0,0,0,0,1,4.47224E+20,5.54012E+21,8.26342E+15,5.00111E+16
108951,7.17122E+18,7,1,34,45,2017,12,14,7,2,6,4,0,1,1,0,0,0,1,3.79005E+20,5.50964E+21,7.32115E+15,4.97271E+16
108952,7.17122E+18,7,1,34,30,2017,12,3,7,3,9,1,0,1,0,0,0,2,1,3.80021E+20,5.52741E+21,7.32976E+15,4.9887E+16
108953,7.17122E+18,7,2,35,68,2017,12,18,7,2,1,6,0,1,0,0,0,2,1,3.25678E+20,5.50899E+21,6.58211E+15,4.97081E+16
108954,7.17122E+18,7,2,35,501,2017,12,13,7,3,2,6,0,1,0,0,0,0,1,3.24874E+20,5.52236E+21,6.56494E+15,4.98281E+16
108955,7.17122E+18,7,1,43,277,2017,12,16,7,3,4,1,0,1,0,0,0,1,2,4.28488E+20,5.61325E+21,7.98809E+15,5.06667E+16
108956,7.17122E+18,7,1,41,43,2017,12,11,7,3,4,6,0,1,0,0,0,0,1,4.32369E+20,5.57729E+21,8.04952E+15,5.03438E+16
108957,7.17122E+18,7,3,31,54,2017,12,9,5,2,5,3,0,1,0,1,0,0,1,4.44909E+20,5.49506E+21,8.23751E+15,4.96056E+16
108958,7.17122E+18,7,1,37,69,2017,12,13,6,3,0,1,0,1,0,0,0,0,1,3.77921E+20,5.58128E+21,7.28329E+15,5.03709E+16
108959,7.17122E+18,7,1,38,45,2017,12,16,7,2,1,7,0,1,0,0,0,1,1,3.91726E+20,5.59285E+21,7.474E+15,5.04776E+16
108960,7.17122E+18,7,1,35,45,2017,12,10,7,3,5,3,0,1,0,1,0,0,1,3.67892E+20,5.56627E+21,7.14759E+15,5.02338E+16
108961,7.17122E+18,7,1,31,70,2017,12,1,7,3,8,1,0,1,0,0,0,2,1,3.72348E+20,5.60694E+21,7.19621E+15,5.06004E+16
108962,7.17122E+18,7,1,31,7,2017,12,20,7,3,1,1,0,1,0,0,0,2,1,3.66497E+20,5.60151E+21,7.11552E+15,5.05503E+16
108963,7.17122E+18,7,1,31,90,2017,12,12,7,3,2,2,0,1,0,0,0,0,1,3.60236E+20,5.60558E+21,7.02567E+15,5.05854E+16
108964,7.17122E+18,7,1,32,96,2017,12,18,4,3,4,6,0,1,0,0,0,2,1,4.09413E+20,5.62502E+21,7.71535E+15,5.07699E+16
108965,7.1712E+18,7,3,15,0,2017,12,10,2,3,2,6,0,1,0,0,0,0,0,4.44737E+20,5.53763E+21,8.22907E+15,4.99884E+16
108966,7.17122E+18,7,1,40,36,2017,12,17,7,2,8,1,0,1,0,0,0,2,2,3.94401E+20,5.55721E+21,7.52167E+15,5.01577E+16
108967,7.17122E+18,7,1,40,501,2017,12,8,7,2,6,4,0,1,1,0,0,1,1,3.9855E+20,5.56668E+21,7.5772E+15,5.02436E+16
108968,7.17122E+18,7,1,11,0,2017,12,17,4,3,2,6,0,1,0,0,0,2,1,3.98672E+20,5.582E+21,7.5748E+15,5.03814E+16
108969,7.1712E+18,7,3,15,0,2017,12,15,2,3,5,3,0,1,0,0,0,0,0,4.43532E+20,5.54172E+21,8.21166E+15,5.00251E+16
108970,7.1712E+18,7,3,15,0,2017,12,12,2,3,5,3,1,1,0,0,0,0,1,4.46452E+20,5.53784E+21,8.25297E+15,4.99905E+16
108971,7.17122E+18,7,1,40,31,2017,12,14,7,3,1,1,0,1,0,0,0,0,2,3.9965E+20,5.5567E+21,7.59526E+15,5.0154E+16
108972,7.17122E+18,7,1,11,0,2017,12,17,4,3,1,6,0,1,0,0,0,2,1,3.99928E+20,5.57908E+21,7.59324E+15,5.03553E+16
108973,7.1712E+18,7,3,15,0,2017,12,18,2,3,2,6,0,1,0,0,0,2,0,4.47365E+20,5.53565E+21,8.266E+15,4.99709E+16
108974,7.1712E+18,7,2,33,36,2017,12,19,2,2,8,1,0,1,0,0,0,2,1,3.28469E+20,5.57114E+21,6.59305E+15,5.02674E+16
108975,7.17122E+18,7,3,40,23,2017,12,12,6,3,0,1,0,0,0,0,1,0,1,3.95027E+20,5.45494E+21,7.5579E+15,4.92383E+16
108976,7.17122E+18,7,1,43,48,2017,12,16,4,3,9,1,0,1,0,0,0,2,1,4.17163E+20,5.58884E+21,7.8333E+15,5.04457E+16
108977,7.1712E+18,7,2,32,202,2017,12,21,2,2,8,1,0,1,0,0,0,2,2,3.09498E+20,5.57404E+21,6.32568E+15,5.02877E+16
108978,7.17122E+18,7,3,20,0,2017,12,11,6,3,6,4,0,1,1,0,0,0,1,3.82016E+20,5.45729E+21,7.37853E+15,4.9257E+16
108979,7.1712E+18,7,2,32,18,2017,12,17,2,3,1,1,0,1,0,0,0,2,1,3.21877E+20,5.53698E+21,6.51658E+15,4.99585E+16
108980,7.1712E+18,7,2,35,45,2017,12,5,2,2,5,3,0,1,0,0,0,2,1,3.49732E+20,5.5047E+21,6.91713E+15,4.96761E+16
108981,7.17122E+18,7,3,40,226,2017,12,16,6,2,9,1,0,1,0,0,0,2,1,3.89659E+20,5.45295E+21,7.48473E+15,4.92194E+16
108982,7.1712E+18,7,2,35,82,2017,12,15,2,3,4,6,0,1,0,0,1,0,1,3.19549E+20,5.50122E+21,6.50076E+15,4.96366E+16
108983,7.1712E+18,7,2,11,0,2017,12,18,2,3,5,3,0,1,0,0,0,1,0,3.31049E+20,5.51475E+21,6.65404E+15,4.97615E+16
108984,7.1712E+18,7,2,11,0,2017,12,16,2,3,3,6,0,1,0,0,1,0,0,3.306E+20,5.51414E+21,6.64808E+15,4.97559E+16
108985,7.1712E+18,7,1,43,229,2017,12,17,2,3,2,6,0,1,0,0,0,2,1,4.16246E+20,5.61326E+21,7.8149E+15,5.06652E+16
108986,7.1712E+18,7,1,43,229,2017,12,15,2,3,9,6,0,1,0,0,0,1,1,4.1567E+20,5.61313E+21,7.80678E+15,5.06639E+16
108987,7.1712E+18,7,1,31,77,2017,12,7,2,3,2,6,0,1,0,0,1,1,1,3.75595E+20,5.60201E+21,7.24371E+15,5.05568E+16
108988,7.1712E+18,7,1,31,7,2017,12,8,2,3,1,2,0,1,0,0,0,0,1,3.66497E+20,5.60151E+21,7.11552E+15,5.05503E+16
108989,7.1712E+18,7,1,37,228,2017,12,16,2,2,5,3,0,1,0,0,0,1,1,3.89572E+20,5.58676E+21,7.44546E+15,5.04224E+16
108990,7.1712E+18,7,1,37,88,2017,12,16,2,3,9,1,0,0,0,0,1,0,1,3.85481E+20,5.58198E+21,7.38934E+15,5.03787E+16
108991,7.1712E+18,7,3,40,27,2017,12,15,1,3,9,1,0,1,0,0,0,1,2,4.0939E+20,5.45731E+21,7.75463E+15,4.92619E+16
108992,7.1712E+18,7,3,40,7,2017,12,14,1,3,8,1,0,1,0,0,0,0,2,3.9972E+20,5.45725E+21,7.62177E+15,4.92598E+16
108993,7.17122E+18,7,3,38,19,2017,12,21,6,3,3,6,0,1,0,0,1,2,1,4.50807E+20,5.47733E+21,8.32134E+15,4.94466E+16
108994,7.17122E+18,7,3,34,7,2017,12,6,6,3,8,1,0,1,0,0,0,2,1,4.52099E+20,5.45394E+21,8.34198E+15,4.92363E+16
108995,7.1712E+18,7,3,40,14,2017,12,14,1,3,9,6,0,1,0,0,0,0,2,4.12852E+20,5.4511E+21,7.80356E+15,4.92065E+16
108996,7.17122E+18,7,3,37,1,2017,12,13,6,2,2,6,0,1,0,0,0,0,1,4.29743E+20,5.45122E+21,8.03538E+15,4.92098E+16
108997,7.1712E+18,7,3,36,10,2017,12,15,1,3,8,1,0,1,0,0,0,0,2,3.75692E+20,5.47702E+21,7.28552E+15,4.94331E+16
108998,7.17122E+18,7,3,38,19,2017,12,10,6,2,4,2,0,1,0,0,1,0,1,4.54079E+20,5.47768E+21,8.36644E+15,4.94501E+16
108999,7.17122E+18,7,3,14,0,2017,12,17,6,3,2,2,0,1,0,0,0,2,0,4.55348E+20,5.48199E+21,8.38346E+15,4.94889E+16
109000,7.1712E+18,7,3,35,45,2017,12,16,1,3,4,1,0,1,0,0,0,2,2,4.08743E+20,5.47088E+21,7.74263E+15,4.93838E+16
109001,7.1712E+18,7,3,14,0,2017,12,15,1,2,3,6,0,1,0,0,0,0,1,4.55358E+20,5.48076E+21,8.38373E+15,4.94778E+16
109002,7.17122E+18,7,2,35,125,2017,12,7,4,3,4,2,0,1,0,0,0,2,1,3.37229E+20,5.52152E+21,6.73694E+15,4.9824E+16
109003,7.1712E+18,7,3,34,501,2017,12,18,1,1,4,6,0,1,0,0,0,2,2,4.42177E+20,5.42701E+21,8.20955E+15,4.89933E+16
109004,7.1712E+18,7,3,37,78,2017,12,16,1,3,9,6,0,1,0,0,0,1,2,4.21658E+20,5.44758E+21,7.92511E+15,4.9176E+16
109005,7.1712E+18,7,1,33,76,2017,12,12,1,3,9,1,0,1,0,0,0,0,2,4.06886E+20,5.51222E+21,7.70727E+15,4.97552E+16
109006,7.1712E+18,7,2,32,227,2017,12,16,1,2,8,1,0,1,0,0,0,0,2,3.17019E+20,5.56855E+21,6.4338E+15,5.02408E+16
109007,7.1712E+18,7,2,31,57,2017,12,15,1,3,8,1,0,1,0,0,0,0,2,3.55946E+20,5.54736E+21,6.98733E+15,5.00611E+16
109008,7.1712E+18,7,2,31,502,2017,12,18,1,3,8,1,0,1,0,0,0,2,2,3.65009E+20,5.51666E+21,7.12463E+15,4.97872E+16
109009,7.1712E+18,7,2,11,0,2017,12,17,1,2,6,2,0,1,1,0,0,2,1,3.29375E+20,5.51363E+21,6.63131E+15,4.97509E+16
109010,7.1712E+18,7,1,43,308,2017,12,13,1,3,9,1,0,1,0,0,0,0,2,4.27341E+20,5.6029E+21,7.97388E+15,5.05735E+16
109011,7.1712E+18,7,1,43,268,2017,12,16,1,3,1,6,0,1,0,0,0,1,2,4.11069E+20,5.60787E+21,7.74296E+15,5.06159E+16
109012,7.17122E+18,7,3,40,501,2017,12,20,3,3,8,1,0,1,0,0,0,2,1,4.12719E+20,5.4415E+21,7.80381E+15,4.91201E+16
109013,7.17122E+18,7,3,33,42,2017,12,7,3,2,4,2,0,1,0,0,0,1,1,4.18579E+20,5.49015E+21,7.87416E+15,4.95584E+16
109014,7.17122E+18,7,3,12,0,2017,12,19,3,3,4,6,0,1,0,0,0,2,1,4.05301E+20,5.48148E+21,7.69269E+15,4.94786E+16
109015,7.17122E+18,7,3,14,0,2017,12,20,6,3,0,6,0,1,0,0,1,2,0,4.57941E+20,5.47951E+21,8.41953E+15,4.94667E+16
109016,7.17122E+18,7,3,15,0,2017,12,18,6,3,5,2,0,1,0,0,1,2,1,4.47922E+20,5.53937E+21,8.27327E+15,5.00044E+16
109017,7.17122E+18,7,3,39,5,2017,12,15,6,3,9,1,0,1,0,0,0,0,1,4.24109E+20,5.5309E+21,7.94268E+15,4.99256E+16
109018,7.17122E+18,7,2,11,0,2017,12,19,6,3,2,2,0,1,0,0,0,2,1,3.25715E+20,5.51024E+21,6.58205E+15,4.97194E+16
109019,7.17122E+18,7,2,11,0,2017,12,13,5,3,2,6,0,1,0,0,0,0,1,3.32551E+20,5.51451E+21,6.67498E+15,4.97597E+16
109020,7.17122E+18,7,2,11,0,2017,12,13,6,2,4,6,0,1,0,0,0,0,1,3.28597E+20,5.50845E+21,6.6228E+15,4.97041E+16
109021,7.17122E+18,7,1,41,126,2017,12,5,6,2,4,1,0,1,0,0,0,2,2,4.28219E+20,5.572E+21,7.99221E+15,5.02958E+16
109022,7.17122E+18,7,1,43,51,2017,12,11,6,3,4,6,0,1,0,0,1,0,2,4.23924E+20,5.58661E+21,7.92897E+15,5.04266E+16
109023,7.17122E+18,7,1,32,85,2017,12,16,6,3,8,5,0,1,0,0,0,1,1,3.93806E+20,5.60519E+21,7.4998E+15,5.05889E+16
109024,7.17122E+18,7,1,32,116,2017,12,7,6,2,5,3,0,1,0,0,0,1,2,3.95225E+20,5.60334E+21,7.52035E+15,5.05726E+16
109025,7.1712E+18,7,1,31,6,2017,12,18,1,3,2,6,0,1,0,0,0,2,1,3.7938E+20,5.59666E+21,7.29884E+15,5.05095E+16
109026,7.17122E+18,7,1,32,86,2017,12,15,6,2,5,3,0,1,0,0,0,0,1,4.04873E+20,5.6128E+21,7.65413E+15,5.06592E+16
109027,7.17122E+18,7,1,35,18,2017,12,5,6,3,9,1,0,1,0,0,0,2,2,3.62385E+20,5.56144E+21,7.07216E+15,5.01892E+16
109028,7.1712E+18,7,1,37,228,2017,12,15,1,3,4,6,0,1,0,0,0,0,1,3.89596E+20,5.58588E+21,7.44606E+15,5.04146E+16
109029,7.17122E+18,7,1,37,69,2017,12,19,6,3,3,2,0,1,0,0,1,2,1,3.77059E+20,5.58275E+21,7.27069E+15,5.03839E+16
109030,7.17122E+18,7,3,12,0,2017,12,15,3,3,9,1,0,1,0,0,0,0,1,4.05343E+20,5.47401E+21,7.69506E+15,4.94114E+16
109031,7.1712E+18,7,1,35,51,2017,12,13,1,3,9,1,0,1,0,0,0,0,1,3.65769E+20,5.56444E+21,7.11848E+15,5.02169E+16
109032,7.1712E+18,7,3,12,0,2017,12,14,7,3,2,6,0,1,0,0,0,0,0,4.07042E+20,5.47695E+21,7.71778E+15,4.94381E+16
109033,7.17122E+18,7,1,37,68,2017,12,13,6,3,2,6,0,1,0,0,0,0,1,3.74678E+20,5.57506E+21,7.23978E+15,5.03144E+16
109034,7.17122E+18,7,3,12,0,2017,12,6,3,3,9,1,0,1,0,0,0,2,1,4.09113E+20,5.47663E+21,7.74642E+15,4.94356E+16
109035,7.1712E+18,7,3,14,0,2017,12,11,7,3,5,3,0,1,0,1,0,0,1,4.57164E+20,5.4857E+21,8.40813E+15,4.95224E+16
109036,7.17122E+18,7,1,38,53,2017,12,0,1,1,9,1,0,1,0,0,0,2,1,3.95329E+20,5.60129E+21,7.5224E+15,5.05541E+16
109037,7.17122E+18,7,1,37,81,2017,12,5,6,3,9,1,0,1,0,0,0,2,2,3.8197E+20,5.586E+21,7.33871E+15,5.04142E+16
109038,7.17122E+18,7,3,14,0,2017,12,17,3,3,4,2,0,1,0,1,0,0,1,4.54942E+20,5.48098E+21,8.37797E+15,4.94798E+16
109039,7.1712E+18,7,3,39,5,2017,12,3,7,3,9,1,0,1,0,0,0,2,1,4.22509E+20,5.53299E+21,7.91997E+15,4.99443E+16
109040,7.17122E+18,7,3,14,0,2017,12,15,3,2,6,4,0,0,1,0,1,0,1,4.58692E+20,5.48132E+21,8.42971E+15,4.94831E+16
109041,7.1712E+18,7,3,33,38,2017,12,13,7,3,5,3,0,1,0,0,0,0,0,4.31889E+20,5.49156E+21,8.05793E+15,4.95728E+16
109042,7.1712E+18,7,3,39,27,2017,12,16,7,3,9,6,0,1,0,0,0,0,0,4.37084E+20,5.53927E+21,8.12205E+15,5.00024E+16
109043,7.17122E+18,7,1,11,0,2017,12,16,6,3,2,6,0,1,0,0,0,0,1,3.99573E+20,5.57947E+21,7.58815E+15,5.03587E+16
109044,7.17122E+18,7,3,17,0,2017,12,19,5,3,4,2,0,1,0,0,0,2,1,3.97811E+20,5.45225E+21,7.59682E+15,4.92145E+16
109045,7.17122E+18,7,1,43,295,2017,12,11,6,3,8,1,0,1,0,0,0,0,1,4.33656E+20,5.61531E+21,8.06083E+15,5.06859E+16
109046,7.17122E+18,7,1,37,202,2017,12,15,6,3,3,6,0,1,0,0,1,0,1,3.92502E+20,5.57926E+21,7.48883E+15,5.03556E+16
109047,7.17122E+18,7,1,33,6,2017,12,8,6,3,2,6,0,1,0,0,1,0,0,4.20437E+20,5.52349E+21,7.89305E+15,4.98586E+16
109048,7.17121E+18,7,3,40,206,2017,12,5,5,3,7,1,0,1,0,0,0,2,1,3.84475E+20,5.45747E+21,7.41227E+15,4.9259E+16
109049,7.1712E+18,7,2,11,0,2017,12,14,7,3,1,6,0,1,0,0,0,0,0,3.32935E+20,5.51436E+21,6.68037E+15,4.97585E+16
109050,7.17121E+18,7,3,36,102,2017,12,20,5,3,8,1,0,1,0,0,0,2,1,3.81639E+20,5.46992E+21,7.36962E+15,4.93705E+16
109051,7.1712E+18,7,1,43,73,2017,12,17,7,3,5,1,0,1,0,0,0,2,1,4.18379E+20,5.59019E+21,7.85013E+15,5.0458E+16
109052,7.17121E+18,7,3,35,38,2017,12,17,5,3,2,1,0,1,0,0,1,2,1,3.96927E+20,5.4752E+21,7.57877E+15,4.94207E+16
109053,7.17121E+18,7,3,35,38,2017,12,7,5,3,2,6,0,1,0,0,0,2,1,3.93363E+20,5.47487E+21,7.52972E+15,4.94171E+16
109054,7.1712E+18,7,1,43,27,2017,12,1,7,3,8,1,0,1,0,0,0,2,2,4.18255E+20,5.59031E+21,7.84836E+15,5.04591E+16
109055,7.17121E+18,7,3,16,0,2017,12,7,5,3,8,1,0,0,0,0,1,2,1,4.39105E+20,5.46574E+21,8.16169E+15,4.93414E+16
109056,7.17121E+18,7,3,34,13,2017,12,20,5,3,4,2,0,1,0,0,0,2,1,4.42702E+20,5.43743E+21,8.21525E+15,4.9087E+16
109057,7.17122E+18,7,1,33,46,2017,12,20,3,3,0,7,0,1,0,0,1,2,1,3.91121E+20,5.51646E+21,7.4873E+15,4.97907E+16
109058,7.1712E+18,7,1,37,207,2017,12,6,7,3,8,1,0,1,0,0,0,2,1,3.90819E+20,5.57468E+21,7.46651E+15,5.03141E+16
109059,7.1712E+18,7,1,11,0,2017,12,17,7,3,6,4,0,1,1,0,0,2,0,3.99106E+20,5.57967E+21,7.58153E+15,5.03604E+16
109060,7.17121E+18,7,3,34,13,2017,12,19,5,3,8,1,0,1,0,0,0,2,1,4.39603E+20,5.43818E+21,8.1727E+15,4.90935E+16
109061,7.17122E+18,7,1,33,67,2017,12,5,3,3,1,6,0,1,0,0,0,2,1,3.98356E+20,5.51674E+21,7.58771E+15,4.97945E+16
109062,7.1712E+18,7,3,40,38,2017,12,7,6,2,2,6,0,1,0,0,0,1,0,4.00947E+20,5.45485E+21,7.63923E+15,4.92384E+16
109063,7.17121E+18,7,3,18,0,2017,12,8,5,3,5,3,1,1,0,0,0,0,0,4.58575E+20,5.46279E+21,8.43002E+15,4.93164E+16
109064,7.17122E+18,7,1,33,6,2017,12,12,3,3,6,4,0,1,1,0,0,0,0,4.18182E+20,5.52169E+21,7.86207E+15,4.98421E+16
109065,7.17121E+18,7,3,39,5,2017,12,16,5,3,5,3,1,1,0,0,0,2,1,4.21275E+20,5.53347E+21,7.90268E+15,4.99484E+16
109066,7.1712E+18,7,3,32,47,2017,12,14,6,3,2,6,0,1,0,0,1,0,1,4.32293E+20,5.48655E+21,8.06438E+15,4.95278E+16