OBJECTID,UIDENTSTLA,ULAND,UREGBEZ,UKREIS,UGEMEINDE,UJAHR,UMONAT,USTUNDE,UWOCHENTAG,UKATEGORIE,UART,UTYP1,IstRad,IstPKW,IstFuss,IstKrad,IstSonstig,LICHT,STRZUSTAND,LINREFX,LINREFY,XGCSWGS84,YGCSWGS84
109067,7.17121E+18,7,1,33,6,2017,12,9,5,2,5,3,0,1,0,0,0,0,0,4.21466E+20,5.5223E+21,7.90761E+15,4.9848E+16
109068,7.17121E+18,7,3,19,0,2017,12,8,5,3,4,7,0,1,0,0,0,0,0,4.5218E+20,5.49995E+21,8.33754E+15,4.96502E+16
109069,7.1712E+18,7,3,35,16,2017,12,5,6,3,2,1,0,1,0,0,0,2,1,3.92117E+20,5.47689E+21,7.512E+15,4.94351E+16
109070,7.1712E+18,7,3,35,3,2017,12,15,6,3,2,6,0,1,0,0,0,0,1,3.86813E+20,5.47163E+21,7.44037E+15,4.93868E+16
109071,7.1712E+18,7,3,12,0,2017,12,14,6,2,4,6,0,1,0,0,0,0,1,4.07764E+20,5.47445E+21,7.72832E+15,4.94157E+16
109072,7.1712E+18,7,3,11,0,2017,12,17,6,3,2,6,0,1,0,0,0,2,1,4.50465E+20,5.48872E+21,8.3152E+15,4.95491E+16
109073,7.1712E+18,7,3,32,2,2017,12,21,6,3,5,3,0,1,0,0,0,2,1,4.41881E+20,5.47977E+21,8.19786E+15,4.94678E+16
109074,7.1712E+18,7,3,34,13,2017,12,17,6,3,2,6,0,1,0,0,0,2,0,4.39588E+20,5.4419E+21,8.17194E+15,4.91269E+16
109075,7.1712E+18,7,3,14,0,2017,12,12,6,3,2,6,0,1,0,0,0,0,1,4.59254E+20,5.48069E+21,8.43752E+15,4.94775E+16
109076,7.1712E+18,7,3,31,59,2017,12,16,6,3,2,6,0,1,0,0,0,1,0,4.41112E+20,5.52145E+21,8.18098E+15,4.98425E+16
109077,7.1712E+18,7,3,31,4,2017,12,7,6,3,6,4,0,1,1,0,0,0,1,4.32166E+20,5.51793E+21,8.05719E+15,4.981E+16
109078,7.1712E+18,7,3,19,0,2017,12,20,6,3,1,2,0,1,0,0,0,2,1,4.54319E+20,5.49744E+21,8.36746E+15,4.96278E+16
109079,7.1712E+18,7,2,33,29,2017,12,14,6,2,9,1,0,1,0,0,0,0,1,3.32186E+20,5.57527E+21,6.64333E+15,5.03056E+16
109080,7.1712E+18,7,2,33,38,2017,12,8,6,3,4,6,0,1,0,0,0,0,2,3.37577E+20,5.57424E+21,6.7194E+15,5.02979E+16
109081,7.17122E+18,7,3,33,39,2017,12,14,3,3,5,3,0,1,0,0,0,0,1,4.2977E+20,5.50224E+21,8.02671E+15,4.96686E+16
109082,7.17122E+18,7,3,31,3,2017,12,17,3,3,5,2,0,1,0,0,0,2,1,4.34033E+20,5.51106E+21,8.08429E+15,4.97484E+16
109083,7.17122E+18,7,3,19,0,2017,12,17,3,3,2,6,0,1,0,0,0,2,1,4.53196E+20,5.4993E+21,8.35169E+15,4.96444E+16
109084,7.17121E+18,7,3,39,30,2017,12,17,5,3,5,3,0,1,0,0,0,2,1,4.34876E+20,5.53827E+21,8.09142E+15,4.99932E+16
109085,7.17121E+18,7,3,15,0,2017,12,14,5,3,2,6,0,1,0,0,0,0,0,4.44754E+20,5.53758E+21,8.22932E+15,4.9988E+16
109086,7.17121E+18,7,3,15,0,2017,12,10,5,2,5,3,0,1,0,0,1,0,1,4.4477E+20,5.53753E+21,8.22954E+15,4.99876E+16
109087,7.17121E+18,7,3,15,0,2017,12,14,5,3,0,1,0,0,0,1,0,0,1,4.46776E+20,5.53912E+21,8.25731E+15,5.0002E+16
109088,7.17121E+18,7,3,15,0,2017,12,12,5,3,6,4,0,1,1,0,0,0,0,4.44185E+20,5.53954E+21,8.2211E+15,5.00056E+16
109089,7.17121E+18,7,2,33,26,2017,12,9,5,3,9,1,0,1,0,0,0,0,1,3.33246E+20,5.56605E+21,6.66227E+15,5.0223E+16
109090,7.17121E+18,7,2,32,213,2017,12,8,5,2,4,6,0,1,0,0,0,0,1,2.98253E+20,5.54912E+21,6.18123E+15,5.00601E+16
109091,7.17121E+18,7,2,35,125,2017,12,16,5,3,4,2,0,1,0,0,0,1,1,3.37229E+20,5.52152E+21,6.73694E+15,4.9824E+16
109092,7.17121E+18,7,1,43,62,2017,12,8,5,3,7,7,0,1,0,0,0,0,0,4.10794E+20,5.59261E+21,7.74273E+15,5.04786E+16
109093,7.17121E+18,7,1,32,2,2017,12,21,5,3,9,1,0,1,0,0,0,2,1,4.22365E+20,5.62537E+21,7.89891E+15,5.07749E+16
109094,7.1712E+18,7,2,33,76,2017,12,7,6,3,4,1,0,0,0,0,1,1,2,3.41582E+20,5.57602E+21,6.77486E+15,5.0315E+16
109095,7.17121E+18,7,1,32,36,2017,12,6,5,3,8,1,0,1,0,0,0,2,2,4.25842E+20,5.61906E+21,7.9495E+15,5.07186E+16
109096,7.17121E+18,7,1,32,63,2017,12,5,5,3,4,6,0,1,0,0,0,2,1,4.21304E+20,5.62831E+21,7.88324E+15,5.08011E+16
109097,7.17121E+18,7,1,31,6,2017,12,15,5,3,2,6,0,1,0,0,1,0,1,3.78991E+20,5.59732E+21,7.29315E+15,5.05153E+16
109098,7.17121E+18,7,1,11,0,2017,12,20,5,3,9,1,0,1,0,0,0,2,1,3.97999E+20,5.58233E+21,7.56525E+15,5.03842E+16
109099,7.17121E+18,7,1,11,0,2017,12,17,5,3,2,6,0,1,0,0,0,2,1,3.99571E+20,5.58055E+21,7.58783E+15,5.03685E+16
109100,7.17121E+18,7,1,11,0,2017,12,6,5,3,8,1,0,1,0,0,0,2,1,3.96391E+20,5.58337E+21,7.54235E+15,5.03932E+16
109101,7.17121E+18,7,3,36,48,2017,12,15,4,3,9,1,0,1,0,0,0,2,2,3.96363E+20,5.48778E+21,7.5677E+15,4.95337E+16
109102,7.17121E+18,7,3,35,22,2017,12,16,4,3,5,3,0,1,0,0,0,1,1,3.97646E+20,5.47342E+21,7.58914E+15,4.94049E+16
109103,7.17122E+18,7,1,32,40,2017,12,9,5,3,8,1,0,1,0,0,0,0,1,4.05989E+20,5.61446E+21,7.66949E+15,5.06744E+16
109104,7.17122E+18,7,3,19,0,2017,12,14,5,3,1,1,0,1,0,0,0,0,1,4.53697E+20,5.50052E+21,8.35849E+15,4.96554E+16
109105,7.17121E+18,7,3,36,102,2017,12,13,4,2,9,1,0,1,0,0,0,0,2,3.76962E+20,5.47394E+21,7.30397E+15,4.94057E+16
109106,7.17122E+18,7,1,35,45,2017,12,11,6,3,6,4,0,1,1,0,0,0,0,3.67414E+20,5.56586E+21,7.14103E+15,5.023E+16
109107,7.17121E+18,7,3,35,43,2017,12,16,4,3,4,2,0,1,0,0,0,0,2,3.97542E+20,5.48323E+21,7.58516E+15,4.9493E+16
109108,7.17121E+18,7,3,35,26,2017,12,8,4,3,5,3,0,1,0,1,0,0,1,4.16187E+20,5.48163E+21,7.84291E+15,4.94815E+16
109109,7.17121E+18,7,3,14,0,2017,12,6,4,3,2,6,0,1,0,0,1,2,1,4.53619E+20,5.48049E+21,8.35977E+15,4.94753E+16
109110,7.17121E+18,7,3,37,35,2017,12,7,4,2,8,1,0,0,0,0,1,2,2,4.39942E+20,5.45662E+21,8.17459E+15,4.92594E+16
109111,7.17121E+18,7,3,13,0,2017,12,12,4,3,2,6,0,1,0,0,0,0,0,4.35408E+20,5.44902E+21,8.11351E+15,4.91906E+16
109112,7.17121E+18,7,3,18,0,2017,12,16,4,3,0,5,1,1,0,0,0,0,1,4.58567E+20,5.46336E+21,8.42985E+15,4.93215E+16
109113,7.17121E+18,7,3,18,0,2017,12,9,4,3,0,1,0,0,0,1,0,0,2,4.58329E+20,5.4641E+21,8.4265E+15,4.93282E+16
109114,7.17121E+18,7,3,18,0,2017,12,6,4,3,4,2,0,1,0,0,0,2,2,4.57822E+20,5.46169E+21,8.41977E+15,4.93065E+16
109115,7.17122E+18,7,3,39,10,2017,12,15,3,2,4,2,0,1,0,0,0,1,1,4.49704E+20,5.52047E+21,8.3006E+15,4.98345E+16
109116,7.1712E+18,7,2,32,294,2017,12,10,6,3,8,1,0,1,0,0,0,0,2,2.96379E+20,5.54801E+21,6.15568E+15,5.00495E+16
109117,7.1712E+18,7,2,31,69,2017,12,9,6,3,9,1,0,1,0,0,0,0,2,3.47428E+20,5.53198E+21,6.87451E+15,4.99207E+16
109118,7.17121E+18,7,3,18,0,2017,12,5,4,3,8,1,0,1,0,0,0,2,2,4.57179E+20,5.46681E+21,8.41038E+15,4.93525E+16
109119,7.17122E+18,7,3,15,0,2017,12,15,3,3,5,3,1,1,0,0,0,0,1,4.46501E+20,5.53863E+21,8.25353E+15,4.99976E+16
109120,7.1712E+18,7,1,34,45,2017,12,15,6,3,2,1,0,1,0,0,0,0,1,3.78857E+20,5.50953E+21,7.31914E+15,4.97261E+16
109121,7.1712E+18,7,2,11,0,2017,12,7,6,3,5,3,1,1,0,0,0,0,2,3.29774E+20,5.51349E+21,6.63689E+15,4.97498E+16
109122,7.17121E+18,7,3,38,26,2017,12,16,4,3,8,1,0,0,0,1,0,2,1,4.59178E+20,5.47026E+21,8.43755E+15,4.93837E+16
109123,7.17122E+18,7,2,32,290,2017,12,7,3,3,1,6,0,1,0,0,1,2,1,3.13803E+20,5.56134E+21,6.39228E+15,5.0175E+16
109124,7.1712E+18,7,1,43,48,2017,12,15,6,3,4,6,0,1,0,0,0,0,1,4.15587E+20,5.58824E+21,7.81124E+15,5.04401E+16
109125,7.1712E+18,7,1,43,44,2017,12,14,6,3,8,1,0,1,0,0,0,0,1,4.09068E+20,5.59958E+21,7.7167E+15,5.05411E+16
109126,7.1712E+18,7,1,32,67,2017,12,7,6,3,2,6,0,1,0,0,0,1,1,4.05726E+20,5.61741E+21,7.66502E+15,5.07008E+16
109127,7.1712E+18,7,1,38,45,2017,12,7,6,2,5,3,1,1,0,0,0,2,1,3.92524E+20,5.58841E+21,7.48652E+15,5.04379E+16
109128,7.1712E+18,7,1,31,208,2017,12,17,6,3,4,1,0,1,0,0,1,2,2,3.66975E+20,5.59051E+21,7.12617E+15,5.04515E+16
109129,7.1712E+18,7,1,40,14,2017,12,9,6,3,5,2,0,1,0,0,0,0,1,3.94648E+20,5.55094E+21,7.52685E+15,5.01014E+16
109130,7.1712E+18,7,1,11,0,2017,12,15,6,3,1,6,0,1,0,0,0,0,0,3.99543E+20,5.58065E+21,7.58741E+15,5.03693E+16
109131,7.17113E+18,7,3,33,502,2017,11,8,5,3,6,4,0,1,0,0,1,0,1,4.1492E+20,5.4983E+21,7.82182E+15,4.96313E+16
109132,7.17113E+18,7,3,36,38,2017,11,14,5,3,4,6,0,1,0,0,1,0,1,3.99359E+20,5.49794E+21,7.60648E+15,4.96256E+16
109133,7.17113E+18,7,3,32,2,2017,11,8,5,2,6,4,0,1,1,0,0,1,1,4.39804E+20,5.479E+21,8.16931E+15,4.94607E+16
109134,7.17113E+18,7,3,32,14,2017,11,22,5,3,4,6,0,1,0,0,0,2,2,4.28377E+20,5.46669E+21,8.01386E+15,4.93487E+16
109135,7.17113E+18,7,3,16,0,2017,11,17,5,3,5,3,0,1,0,0,0,1,1,4.38577E+20,5.46799E+21,8.15409E+15,4.93615E+16
109136,7.17113E+18,7,3,37,5,2017,11,13,5,3,6,4,0,1,1,0,0,0,1,4.26461E+20,5.43895E+21,7.99257E+15,4.9099E+16
109137,7.17113E+18,7,3,37,76,2017,11,11,5,2,5,3,1,1,0,0,0,0,1,4.29497E+20,5.43352E+21,8.0351E+15,4.90505E+16
109138,7.17122E+18,7,2,11,0,2017,12,17,3,3,2,1,0,1,0,0,0,1,1,3.32281E+20,5.51472E+21,6.67114E+15,4.97616E+16
109139,7.17122E+18,7,2,35,27,2017,12,17,3,3,4,6,0,1,0,0,0,2,1,3.33389E+20,5.50601E+21,6.69023E+15,4.96836E+16
109140,7.17122E+18,7,2,11,0,2017,12,15,3,3,1,6,0,1,0,0,1,0,1,3.2905E+20,5.50888E+21,6.62888E+15,4.97081E+16
109141,7.17121E+18,7,3,33,10,2017,12,14,4,3,8,1,0,1,0,0,0,0,2,4.22732E+20,5.5002E+21,7.9296E+15,4.96494E+16
109142,7.17113E+18,7,3,18,0,2017,11,7,5,3,0,1,0,0,0,1,0,1,1,4.59792E+20,5.46364E+21,8.44667E+15,4.93241E+16
109143,7.17113E+18,7,3,14,0,2017,11,17,5,3,5,2,0,1,0,0,0,2,1,4.597E+20,5.48081E+21,8.44366E+15,4.94786E+16
109144,7.17113E+18,7,1,33,102,2017,11,6,5,3,5,3,0,1,0,1,0,2,1,4.06172E+20,5.51518E+21,7.69665E+15,4.97817E+16
109145,7.17113E+18,7,3,19,0,2017,11,9,5,2,1,1,0,1,0,0,0,0,1,4.53271E+20,5.50327E+21,8.35226E+15,4.96802E+16
109146,7.17113E+18,7,3,39,43,2017,11,18,5,3,4,7,0,1,0,0,0,2,1,4.53612E+20,5.5236E+21,8.35456E+15,4.9863E+16
109147,7.17113E+18,7,3,15,0,2017,11,13,5,3,5,2,0,1,0,0,0,0,0,4.43407E+20,5.53458E+21,8.21097E+15,4.99609E+16
109148,7.17113E+18,7,3,15,0,2017,11,21,5,2,5,3,0,1,0,0,0,2,1,4.46145E+20,5.5394E+21,8.24847E+15,5.00044E+16
109149,7.17122E+18,7,1,41,29,2017,12,15,3,3,5,3,0,1,0,0,1,0,1,4.31273E+20,5.58048E+21,8.03352E+15,5.03724E+16
109150,7.17122E+18,7,1,43,73,2017,12,19,3,3,5,3,0,1,0,0,0,2,1,4.17934E+20,5.59048E+21,7.8438E+15,5.04606E+16
109151,7.17122E+18,7,1,32,51,2017,12,14,3,3,5,1,0,1,0,0,0,0,1,4.02514E+20,5.62022E+21,7.61881E+15,5.07255E+16
109152,7.17122E+18,7,1,38,45,2017,12,19,3,3,1,1,0,1,0,0,0,2,1,3.92438E+20,5.59017E+21,7.4848E+15,5.04536E+16
109153,7.17121E+18,7,3,31,15,2017,12,7,4,3,8,1,0,1,0,0,0,2,2,4.442E+20,5.51153E+21,8.22535E+15,4.97537E+16
109154,7.17121E+18,7,3,19,0,2017,12,17,4,3,6,4,0,1,1,0,0,2,1,4.5402E+20,5.4991E+21,8.36313E+15,4.96427E+16
109155,7.17121E+18,7,3,19,0,2017,12,17,4,3,6,2,0,1,1,0,0,2,1,4.53519E+20,5.49762E+21,8.35636E+15,4.96293E+16
109156,7.17121E+18,7,3,19,0,2017,12,16,4,3,1,6,0,1,0,0,0,1,1,4.53979E+20,5.49733E+21,8.36277E+15,4.96268E+16
109157,7.17122E+18,7,2,35,60,2017,12,12,5,2,8,1,0,1,0,0,0,0,1,3.34863E+20,5.5179E+21,6.70562E+15,4.97908E+16
109158,7.17121E+18,7,2,31,25,2017,12,12,4,3,8,1,0,1,0,0,1,0,2,3.46526E+20,5.55405E+21,6.85313E+15,5.01189E+16
109159,7.17121E+18,7,2,33,20,2017,12,6,4,3,4,6,0,1,0,0,0,2,0,3.41953E+20,5.57076E+21,6.78226E+15,5.02678E+16
109160,7.17121E+18,7,2,32,52,2017,12,13,4,3,9,1,0,1,0,0,0,0,2,3.11074E+20,5.53792E+21,6.36566E+15,4.99637E+16
109161,7.17121E+18,7,2,31,77,2017,12,15,4,3,8,1,0,1,0,0,0,0,2,3.6495E+20,5.52729E+21,7.1201E+15,4.98827E+16
109162,7.17121E+18,7,1,34,4,2017,12,7,4,3,6,6,0,1,1,0,0,2,1,3.7636E+20,5.51827E+21,7.28173E+15,4.98042E+16
109163,7.17121E+18,7,1,34,22,2017,12,15,4,3,9,1,0,1,0,0,0,0,2,3.7013E+20,5.50377E+21,7.20002E+15,4.96725E+16
109164,7.17113E+18,7,3,15,0,2017,11,11,5,3,1,6,0,1,0,0,0,0,1,4.48003E+20,5.5392E+21,8.27442E+15,5.00029E+16
109165,7.17121E+18,7,1,34,2,2017,12,13,4,3,9,1,0,1,0,0,0,0,2,3.61338E+20,5.49813E+21,7.08024E+15,4.96198E+16
109166,7.17121E+18,7,2,35,112,2017,12,15,4,3,2,6,0,1,0,0,0,0,2,3.49991E+20,5.50485E+21,6.92066E+15,4.96775E+16
109167,7.17113E+18,7,2,32,231,2017,11,13,5,2,2,6,0,1,0,0,0,0,1,3.05817E+20,5.56429E+21,6.27907E+15,5.01989E+16
109168,7.17121E+18,7,1,43,36,2017,12,17,4,3,4,1,0,1,0,0,0,2,2,4.16482E+20,5.57962E+21,7.82577E+15,5.03627E+16
109169,7.17113E+18,7,2,32,18,2017,11,16,5,2,6,4,0,1,1,0,0,1,1,3.22163E+20,5.5385E+21,6.51986E+15,4.99723E+16
109170,7.17113E+18,7,2,31,126,2017,11,17,5,3,7,7,0,1,0,0,0,1,1,3.57565E+20,5.52866E+21,7.01686E+15,4.98934E+16
109171,7.17122E+18,7,1,33,6,2017,12,7,7,2,9,1,0,1,0,0,0,2,1,4.18123E+20,5.52251E+21,7.86108E+15,4.98494E+16
109172,7.17121E+18,7,1,32,2,2017,12,13,4,2,8,1,0,1,0,0,0,0,1,4.22019E+20,5.6255E+21,7.89399E+15,5.0776E+16
109173,7.17122E+18,7,1,31,6,2017,12,11,3,3,3,6,0,1,0,0,1,0,1,3.78932E+20,5.59742E+21,7.29229E+15,5.05162E+16
109174,7.17113E+18,7,2,31,134,2017,11,14,5,2,5,3,0,1,0,1,0,0,1,3.50819E+20,5.54006E+21,6.91858E+15,4.99941E+16
109175,7.17122E+18,7,1,37,228,2017,12,12,3,3,1,5,0,1,0,0,0,0,0,3.90141E+20,5.5862E+21,7.45362E+15,5.04176E+16
109176,7.17113E+18,7,1,34,34,2017,11,15,5,3,4,1,0,1,0,0,0,0,2,3.65485E+20,5.5093E+21,7.13378E+15,4.97211E+16
109177,7.17113E+18,7,2,35,5,2017,11,16,5,3,8,1,0,1,0,0,0,0,2,3.47153E+20,5.51247E+21,6.87836E+15,4.97453E+16
109178,7.17113E+18,7,2,35,60,2017,11,16,5,3,5,3,0,1,0,0,0,1,1,3.3647E+20,5.51974E+21,6.72714E+15,4.98078E+16
109179,7.17121E+18,7,1,37,216,2017,12,10,4,3,2,6,0,1,0,0,0,0,0,3.95577E+20,5.58375E+21,7.53079E+15,5.03965E+16
109180,7.17113E+18,7,2,11,0,2017,11,21,5,3,6,4,0,1,1,0,0,2,1,3.35027E+20,5.51045E+21,6.71104E+15,4.9724E+16
109181,7.17113E+18,7,1,43,216,2017,11,5,5,3,4,6,0,1,0,0,0,2,2,4.24466E+20,5.60775E+21,7.93231E+15,5.06168E+16
109182,7.17113E+18,7,1,41,6,2017,11,17,5,2,6,4,0,1,1,0,0,2,1,4.09592E+20,5.5759E+21,7.72981E+15,5.03283E+16
109183,7.17121E+18,7,1,37,3,2017,12,7,4,3,2,6,0,1,0,0,0,1,0,3.86913E+20,5.5864E+21,7.40814E+15,5.04187E+16
109184,7.17113E+18,7,1,43,46,2017,11,17,5,3,4,1,0,1,0,0,0,2,2,4.16561E+20,5.60058E+21,7.82221E+15,5.05512E+16
109185,7.17113E+18,7,1,38,3,2017,11,13,5,3,8,1,0,1,0,0,0,0,1,3.87366E+20,5.61414E+21,7.40613E+15,5.06682E+16
109186,7.17113E+18,7,1,38,41,2017,11,8,5,3,4,1,0,1,0,0,1,1,2,3.79994E+20,5.60681E+21,7.30424E+15,5.06008E+16
109187,7.17113E+18,7,1,32,54,2017,11,15,5,3,1,6,0,1,0,0,0,0,1,4.15789E+20,5.62816E+21,7.80503E+15,5.0799E+16
109188,7.17113E+18,7,1,31,70,2017,11,19,5,3,5,2,1,1,0,0,0,2,1,3.7319E+20,5.60884E+21,7.20744E+15,5.06177E+16
109189,7.17122E+18,7,1,34,42,2017,12,14,4,3,2,6,0,1,0,0,0,0,1,3.67025E+20,5.49772E+21,7.15907E+15,4.96174E+16
109190,7.17122E+18,7,1,32,65,2017,12,21,5,1,9,1,0,1,0,0,0,2,1,3.93301E+20,5.60378E+21,7.49306E+15,5.05762E+16
109191,7.17121E+18,7,1,37,228,2017,12,5,4,3,5,3,0,1,0,1,0,2,1,3.91578E+20,5.58516E+21,7.47414E+15,5.04084E+16
109192,7.17113E+18,7,1,31,2,2017,11,6,5,3,2,6,0,1,0,0,0,2,2,3.56717E+20,5.59535E+21,6.97992E+15,5.04926E+16
109193,7.17113E+18,7,1,37,89,2017,11,7,5,1,6,4,0,1,1,0,0,1,2,3.79697E+20,5.57351E+21,7.31074E+15,5.03014E+16
109194,7.17113E+18,7,1,37,25,2017,11,6,5,3,4,1,0,1,0,0,0,2,2,3.7401E+20,5.57963E+21,7.22888E+15,5.03553E+16
109195,7.17113E+18,7,1,40,133,2017,11,1,5,2,8,1,0,1,0,0,0,2,1,4.07515E+20,5.5565E+21,7.70537E+15,5.01535E+16
109196,7.17113E+18,7,1,11,0,2017,11,16,5,3,6,4,0,1,1,0,0,2,1,3.98229E+20,5.58072E+21,7.56892E+15,5.03697E+16
109197,7.17113E+18,7,1,11,0,2017,11,7,5,3,5,3,1,1,0,0,0,1,1,3.96501E+20,5.57778E+21,7.54544E+15,5.0343E+16
109198,7.17113E+18,7,1,11,0,2017,11,13,5,3,1,6,0,1,0,1,0,0,1,4.00211E+20,5.57864E+21,7.59733E+15,5.03514E+16
109199,7.17113E+18,7,3,40,27,2017,11,7,4,3,9,1,0,1,0,0,0,2,1,4.15577E+20,5.46089E+21,7.83889E+15,4.92949E+16
109200,7.17113E+18,7,3,40,502,2017,11,6,4,2,8,7,0,1,0,0,0,2,1,4.13E+20,5.43931E+21,7.80812E+15,4.91005E+16
109201,7.17113E+18,7,3,40,20,2017,11,4,4,3,4,6,0,0,0,0,1,2,1,4.09035E+20,5.45052E+21,7.7513E+15,4.92007E+16
109202,7.17113E+18,7,3,35,3,2017,11,20,4,2,2,6,0,1,0,0,1,2,1,3.86436E+20,5.47168E+21,7.43517E+15,4.93872E+16
109203,7.17113E+18,7,3,35,38,2017,11,18,4,1,1,6,0,1,0,0,1,2,1,3.92493E+20,5.47455E+21,7.51782E+15,4.94141E+16
109204,7.17122E+18,7,3,35,38,2017,12,6,2,3,4,2,0,1,0,0,0,2,1,3.95513E+20,5.4755E+21,7.55919E+15,4.94232E+16
109205,7.17122E+18,7,3,35,15,2017,12,5,2,3,9,1,0,1,0,0,0,2,2,4.19327E+20,5.47509E+21,7.88758E+15,4.94231E+16
109206,7.17122E+18,7,3,34,32,2017,12,5,2,3,1,1,0,1,0,0,0,2,2,4.47862E+20,5.45621E+21,8.28348E+15,4.92565E+16
109207,7.17122E+18,7,3,37,79,2017,12,8,2,3,8,1,0,1,0,0,0,0,2,4.2024E+20,5.44199E+21,7.90677E+15,4.91256E+16
109208,7.17121E+18,7,3,40,501,2017,12,11,3,2,8,1,0,1,0,0,0,0,1,4.12728E+20,5.44152E+21,7.80392E+15,4.91203E+16
109209,7.17121E+18,7,3,19,0,2017,12,15,3,2,2,6,0,0,0,0,1,0,0,4.48773E+20,5.49579E+21,8.29089E+15,4.96125E+16
109210,7.17121E+18,7,3,14,0,2017,12,6,3,3,2,6,0,1,0,0,0,2,0,4.55328E+20,5.48076E+21,8.38332E+15,4.94779E+16
109211,7.17121E+18,7,3,16,0,2017,12,17,3,2,6,4,0,1,1,0,0,2,0,4.42056E+20,5.46539E+21,8.20237E+15,4.93385E+16
109212,7.17121E+18,7,3,32,18,2017,12,16,3,3,9,1,0,1,0,0,0,2,0,4.29411E+20,5.46792E+21,8.02787E+15,4.93599E+16
109213,7.17121E+18,7,3,34,12,2017,12,13,3,3,5,3,0,1,0,0,0,0,0,4.47236E+20,5.43647E+21,8.27747E+15,4.90789E+16
109214,7.17121E+18,7,3,37,40,2017,12,7,3,2,8,1,0,1,0,0,0,0,1,4.31776E+20,5.44489E+21,8.06437E+15,4.9153E+16
109215,7.17121E+18,7,3,38,19,2017,12,17,3,3,5,3,0,1,0,1,0,2,1,4.53996E+20,5.475E+21,8.36561E+15,4.94259E+16
109216,7.17121E+18,7,3,14,0,2017,12,17,3,3,3,6,0,1,0,0,1,2,0,4.58745E+20,5.47837E+21,8.43074E+15,4.94566E+16
109217,7.17121E+18,7,3,33,39,2017,12,11,3,3,4,2,0,1,0,0,0,0,0,4.29723E+20,5.50226E+21,8.02606E+15,4.96688E+16
109218,7.17121E+18,7,3,19,0,2017,12,20,3,3,5,2,0,1,0,0,1,2,0,4.5369E+20,5.49565E+21,8.35897E+15,4.96116E+16
109219,7.17113E+18,7,3,35,22,2017,11,10,4,3,0,6,1,0,0,0,1,0,1,3.962E+20,5.47469E+21,7.56887E+15,4.94161E+16
109220,7.17122E+18,7,3,37,38,2017,12,11,6,3,4,2,0,1,0,0,0,0,0,4.44008E+20,5.44446E+21,8.23216E+15,4.91504E+16
109221,7.17121E+18,7,3,15,0,2017,12,16,3,3,1,6,0,1,0,0,1,2,0,4.49793E+20,5.53726E+21,8.29964E+15,4.99856E+16
109222,7.17122E+18,7,3,18,0,2017,12,7,2,3,0,7,0,0,1,0,1,0,1,4.58632E+20,5.46287E+21,8.43079E+15,4.93171E+16
109223,7.17122E+18,7,1,38,45,2017,12,6,7,3,5,3,0,1,0,0,0,2,1,3.89915E+20,5.58857E+21,7.44975E+15,5.04388E+16
109224,7.17122E+18,7,3,19,0,2017,12,6,2,3,1,1,0,1,0,0,0,2,2,4.53682E+20,5.49737E+21,8.35865E+15,4.96271E+16
109225,7.17113E+18,7,3,34,13,2017,11,17,4,2,2,6,0,1,0,0,1,2,1,4.42684E+20,5.43742E+21,8.215E+15,4.9087E+16
109226,7.17122E+18,7,3,12,0,2017,12,11,7,2,5,3,0,1,0,0,1,0,1,4.05661E+20,5.47146E+21,7.70004E+15,4.93886E+16
109227,7.17113E+18,7,3,34,34,2017,11,12,4,3,2,6,0,1,0,0,0,0,1,4.35969E+20,5.43877E+21,8.12283E+15,4.90985E+16
109228,7.17113E+18,7,3,34,15,2017,11,12,4,3,5,3,0,1,0,0,0,0,0,4.49364E+20,5.44432E+21,8.30562E+15,4.91496E+16
109229,7.17121E+18,7,3,15,0,2017,12,9,3,3,1,6,0,1,0,0,0,0,1,4.46911E+20,5.53816E+21,8.25932E+15,4.99934E+16
109230,7.17113E+18,7,3,37,83,2017,11,4,4,3,8,1,0,1,0,0,0,2,1,4.20898E+20,5.44982E+21,7.91425E+15,4.91961E+16
109231,7.17121E+18,7,3,15,0,2017,12,8,3,3,0,6,0,1,0,0,1,0,0,4.48324E+20,5.53767E+21,8.2791E+15,4.99891E+16
109232,7.17113E+18,7,3,14,0,2017,11,7,4,3,5,3,0,1,0,0,0,0,1,4.54438E+20,5.48241E+21,8.37085E+15,4.94927E+16
109233,7.17113E+18,7,3,31,18,2017,11,8,4,3,1,6,0,1,0,0,0,0,1,4.56175E+20,5.51195E+21,8.39153E+15,4.97584E+16
109234,7.17121E+18,7,2,32,111,2017,12,8,3,3,9,1,0,1,0,0,0,1,2,3.27263E+20,5.53419E+21,6.59286E+15,4.99351E+16
109235,7.17113E+18,7,3,39,30,2017,11,8,4,3,5,2,1,1,0,0,0,0,1,4.31078E+20,5.53605E+21,8.03883E+15,4.99728E+16
109236,7.17113E+18,7,3,15,0,2017,11,7,4,3,0,7,1,0,0,0,0,1,1,4.43422E+20,5.53925E+21,8.21049E+15,5.00028E+16
109237,7.17121E+18,7,1,34,69,2017,12,10,3,2,8,1,0,1,0,0,0,0,1,3.80701E+20,5.52639E+21,7.33953E+15,4.9878E+16