OBJECTID,UIDENTSTLA,ULAND,UREGBEZ,UKREIS,UGEMEINDE,UJAHR,UMONAT,USTUNDE,UWOCHENTAG,UKATEGORIE,UART,UTYP1,IstRad,IstPKW,IstFuss,IstKrad,IstSonstig,LICHT,STRZUSTAND,LINREFX,LINREFY,XGCSWGS84,YGCSWGS84
109238,7.17113E+18,7,3,15,0,2017,11,23,4,3,3,6,0,1,0,1,0,2,1,4.46974E+20,5.53888E+21,8.2601E+15,4.99999E+16
109239,7.17121E+18,7,1,43,260,2017,12,22,3,3,9,1,0,1,0,0,0,2,2,4.18458E+20,5.61774E+21,7.8452E+15,5.07058E+16
109240,7.17121E+18,7,1,41,121,2017,12,12,3,3,9,1,0,1,0,0,0,0,2,4.09566E+20,5.55626E+21,7.73413E+15,5.01517E+16
109241,7.17121E+18,7,1,43,79,2017,12,16,3,3,8,1,1,0,0,0,1,1,1,4.16688E+20,5.58208E+21,7.82812E+15,5.03849E+16
109242,7.17113E+18,7,2,32,256,2017,11,7,4,3,5,3,0,1,0,0,1,2,1,3.19039E+20,5.55436E+21,6.46884E+15,5.01139E+16
109243,7.17121E+18,7,1,38,3,2017,12,15,3,3,8,1,0,1,0,0,0,0,2,3.92418E+20,5.61134E+21,7.47841E+15,5.0644E+16
109244,7.17121E+18,7,1,32,96,2017,12,7,3,3,1,6,0,1,0,0,0,1,1,4.09367E+20,5.62483E+21,7.71475E+15,5.07681E+16
109245,7.17113E+18,7,2,31,90,2017,11,16,4,3,5,3,0,1,0,0,0,1,1,3.5771E+20,5.53087E+21,7.01806E+15,4.99132E+16
109246,7.17121E+18,7,1,31,7,2017,12,20,3,3,5,3,0,1,0,0,0,2,1,3.66808E+20,5.60109E+21,7.12005E+15,5.05466E+16
109247,7.17122E+18,7,3,31,47,2017,12,4,2,3,4,6,0,1,0,0,0,2,2,4.46491E+20,5.50097E+21,8.2586E+15,4.96589E+16
109248,7.17113E+18,7,2,31,87,2017,11,11,4,2,5,3,0,1,0,0,0,0,0,3.62478E+20,5.52785E+21,7.08552E+15,4.98872E+16
109249,7.17113E+18,7,2,31,126,2017,11,8,4,3,9,1,0,1,0,0,0,0,1,3.58337E+20,5.52724E+21,7.02812E+15,4.98808E+16
109250,7.17122E+18,7,3,20,0,2017,12,17,7,3,3,6,0,1,0,0,0,2,1,3.83606E+20,5.45389E+21,7.40136E+15,4.92268E+16
109251,7.17121E+18,7,1,37,68,2017,12,22,3,3,9,1,0,1,0,0,0,2,1,3.71647E+20,5.57591E+21,7.19694E+15,5.03213E+16
109252,7.17122E+18,7,3,15,0,2017,12,6,2,1,6,4,0,0,1,0,1,2,1,4.45007E+20,5.53522E+21,8.23318E+15,4.99668E+16
109253,7.17113E+18,7,2,31,9,2017,11,14,4,3,9,1,0,1,0,0,0,0,2,3.38021E+20,5.54914E+21,6.73633E+15,5.00725E+16
109254,7.17121E+18,7,1,37,57,2017,12,13,3,3,5,3,0,1,0,0,0,0,1,3.80467E+20,5.58203E+21,7.31884E+15,5.03781E+16
109255,7.17122E+18,7,3,31,73,2017,12,22,2,3,3,6,0,1,0,0,1,2,1,4.38405E+20,5.52076E+21,8.14345E+15,4.98361E+16
109256,7.17113E+18,7,2,11,0,2017,11,7,4,3,2,6,0,1,0,0,0,1,0,3.29135E+20,5.51264E+21,6.62841E+15,4.9742E+16
109257,7.17113E+18,7,1,38,45,2017,11,7,4,3,2,6,0,1,0,0,0,1,1,3.9046E+20,5.58661E+21,7.45799E+15,5.04213E+16
109258,7.17113E+18,7,1,31,70,2017,11,17,4,3,2,6,0,1,0,0,0,2,1,3.75427E+20,5.60333E+21,7.2409E+15,5.05686E+16
109259,7.17113E+18,7,1,31,7,2017,11,13,4,3,5,3,1,1,0,0,0,0,0,3.6598E+20,5.60097E+21,7.10842E+15,5.05453E+16
109260,7.17113E+18,7,1,31,90,2017,11,7,4,3,5,1,0,1,0,1,0,1,1,3.64327E+20,5.60357E+21,7.08416E+15,5.05683E+16
109261,7.17113E+18,7,1,37,81,2017,11,5,4,3,2,6,0,1,0,0,0,2,1,3.82867E+20,5.58626E+21,7.35126E+15,5.04166E+16
109262,7.17113E+18,7,1,40,161,2017,11,19,4,3,8,1,0,1,0,0,0,2,2,4.02198E+20,5.54688E+21,7.63343E+15,5.00661E+16
109263,7.17113E+18,7,1,11,0,2017,11,23,4,3,5,3,0,1,0,0,0,2,0,3.98532E+20,5.58082E+21,7.57314E+15,5.03707E+16
109264,7.17113E+18,7,3,33,502,2017,11,12,3,3,0,1,1,0,0,0,0,0,1,4.14965E+20,5.49834E+21,7.82243E+15,4.96317E+16
109265,7.17113E+18,7,3,16,0,2017,11,7,3,3,2,6,0,1,0,0,0,0,1,4.40458E+20,5.46387E+21,8.1806E+15,4.93247E+16
109266,7.17113E+18,7,3,34,7,2017,11,14,3,3,2,6,0,0,0,0,1,0,0,4.5309E+20,5.45238E+21,8.35578E+15,4.92224E+16
109267,7.17113E+18,7,3,34,7,2017,11,14,3,3,3,6,0,1,0,0,1,0,0,4.5309E+20,5.4524E+21,8.35577E+15,4.92226E+16
109268,7.17113E+18,7,3,38,19,2017,11,14,3,3,5,3,1,1,0,0,0,0,0,4.53465E+20,5.47616E+21,8.35815E+15,4.94363E+16
109269,7.17113E+18,7,3,15,0,2017,11,20,3,2,1,1,0,1,0,0,1,2,1,4.45278E+20,5.54149E+21,8.23608E+15,5.00232E+16
109270,7.17122E+18,7,3,15,0,2017,12,10,2,3,3,6,0,1,0,0,1,0,1,4.45926E+20,5.53502E+21,8.24603E+15,4.9965E+16
109271,7.17122E+18,7,3,31,3,2017,12,17,2,3,9,1,0,1,0,0,0,2,1,4.35866E+20,5.51383E+21,8.10929E+15,4.97735E+16
109272,7.17122E+18,7,2,31,503,2017,12,7,2,3,9,1,0,1,0,0,0,2,1,3.41049E+20,5.53992E+21,6.78243E+15,4.99904E+16
109273,7.17121E+18,7,1,11,0,2017,12,23,3,3,2,6,0,1,0,0,0,2,0,3.99545E+20,5.58064E+21,7.58744E+15,5.03692E+16
109274,7.17121E+18,7,1,11,0,2017,12,18,3,3,2,6,0,1,0,0,0,2,0,3.96892E+20,5.58302E+21,7.54949E+15,5.03901E+16
109275,7.17121E+18,7,1,11,0,2017,12,18,3,3,2,6,0,1,0,0,0,2,1,3.97162E+20,5.58279E+21,7.55335E+15,5.03882E+16
109276,7.17121E+18,7,3,40,222,2017,12,13,2,2,9,1,0,1,0,0,0,0,1,3.907E+20,5.45693E+21,7.49794E+15,4.92553E+16
109277,7.17121E+18,7,3,36,92,2017,12,12,2,3,4,7,0,1,0,0,0,0,1,3.80887E+20,5.47375E+21,7.35811E+15,4.94048E+16
109278,7.17121E+18,7,3,36,39,2017,12,10,2,3,1,7,0,1,0,0,0,0,1,3.76742E+20,5.48597E+21,7.29721E+15,4.95138E+16
109279,7.17121E+18,7,3,32,25,2017,12,8,2,3,4,2,1,1,0,0,0,0,1,4.46144E+20,5.46731E+21,8.25838E+15,4.93561E+16
109280,7.17121E+18,7,3,32,29,2017,12,11,2,3,8,1,0,0,0,0,1,0,1,4.38817E+20,5.49536E+21,8.15315E+15,4.96078E+16
109281,7.17121E+18,7,3,13,0,2017,12,11,2,3,1,6,0,1,0,0,0,0,1,4.35761E+20,5.44946E+21,8.11828E+15,4.91946E+16
109282,7.17121E+18,7,3,13,0,2017,12,7,2,3,6,6,1,0,1,0,0,2,0,4.35409E+20,5.449E+21,8.11353E+15,4.91904E+16
109283,7.17122E+18,7,1,38,73,2017,12,16,6,3,4,6,0,1,0,0,0,2,1,3.74137E+20,5.60739E+21,7.22132E+15,5.06048E+16
109284,7.17121E+18,7,3,18,0,2017,12,13,2,3,1,6,0,0,1,0,1,0,1,4.59832E+20,5.46381E+21,8.44722E+15,4.93257E+16
109285,7.17122E+18,7,3,39,12,2017,12,5,6,3,8,7,0,1,0,0,0,2,1,4.5258E+20,5.51922E+21,8.34074E+15,4.98235E+16
109286,7.17122E+18,7,3,12,0,2017,12,17,6,3,5,3,0,1,0,0,0,2,1,4.06068E+20,5.47804E+21,7.70409E+15,4.94478E+16
109287,7.17122E+18,7,3,37,18,2017,12,11,7,3,5,3,0,1,0,0,0,0,0,4.30511E+20,5.43665E+21,8.04844E+15,4.90788E+16
109288,7.17121E+18,7,3,38,6,2017,12,18,2,3,1,2,0,1,0,0,0,2,0,4.50176E+20,5.47547E+21,8.31288E+15,4.94299E+16
109289,7.17121E+18,7,3,38,26,2017,12,13,2,3,5,3,0,1,0,0,0,0,1,4.59462E+20,5.47149E+21,8.44133E+15,4.93948E+16
109290,7.17121E+18,7,3,14,0,2017,12,17,2,3,5,2,0,1,0,0,1,1,1,4.51147E+20,5.48129E+21,8.32554E+15,4.94823E+16
109291,7.17121E+18,7,3,14,0,2017,12,12,2,3,1,6,0,1,0,0,0,0,1,4.58652E+20,5.48116E+21,8.42917E+15,4.94817E+16
109292,7.17121E+18,7,1,33,62,2017,12,6,2,3,2,6,0,1,0,0,0,2,1,3.94681E+20,5.51791E+21,7.53635E+15,4.98044E+16
109293,7.17121E+18,7,3,33,26,2017,12,13,2,3,2,6,0,1,0,0,0,0,1,4.29704E+20,5.49412E+21,8.02726E+15,4.95956E+16
109294,7.17121E+18,7,2,35,78,2017,12,11,2,2,2,6,0,1,0,0,1,0,1,3.38677E+20,5.52032E+21,6.75756E+15,4.98136E+16
109295,7.17121E+18,7,2,31,110,2017,12,20,2,3,2,2,0,1,0,0,0,2,1,3.65287E+20,5.54302E+21,7.11929E+15,5.00243E+16
109296,7.17121E+18,7,2,31,72,2017,12,16,2,2,4,6,0,1,0,0,0,1,1,3.63081E+20,5.53919E+21,7.08988E+15,4.99893E+16
109297,7.17121E+18,7,1,34,41,2017,12,15,2,3,4,1,0,1,0,0,0,0,1,3.8092E+20,5.51058E+21,7.34742E+15,4.9736E+16
109298,7.17113E+18,7,2,32,292,2017,11,20,3,2,5,3,0,1,0,1,0,2,1,3.10514E+20,5.56125E+21,6.34631E+15,5.01732E+16
109299,7.17121E+18,7,1,43,299,2017,12,7,2,3,5,3,0,1,0,0,0,2,1,4.16262E+20,5.61534E+21,7.81466E+15,5.06838E+16
109300,7.17113E+18,7,2,32,111,2017,11,15,3,2,5,3,0,1,0,0,0,0,0,3.26447E+20,5.53405E+21,6.58155E+15,4.99336E+16
109301,7.17122E+18,7,3,36,10,2017,12,5,6,3,8,1,0,1,0,0,0,2,1,3.75756E+20,5.47633E+21,7.28662E+15,4.94269E+16
109302,7.17121E+18,7,1,32,6,2017,12,19,2,3,8,1,0,1,0,0,0,2,1,4.20131E+20,5.62539E+21,7.86724E+15,5.07748E+16
109303,7.17122E+18,7,2,33,501,2017,12,16,2,3,1,6,0,1,0,0,0,1,1,3.45182E+20,5.56349E+21,6.83051E+15,5.02033E+16
109304,7.17113E+18,7,2,31,134,2017,11,14,3,3,5,3,0,1,0,0,0,0,1,3.45911E+20,5.53642E+21,6.85161E+15,4.99602E+16
109305,7.17122E+18,7,3,34,13,2017,12,23,7,2,0,1,1,0,0,0,0,2,1,4.40491E+20,5.43895E+21,8.18476E+15,4.91006E+16
109306,7.17121E+18,7,1,32,6,2017,12,10,2,2,2,7,0,1,0,0,1,0,1,4.20369E+20,5.6272E+21,7.87022E+15,5.07911E+16
109307,7.17122E+18,7,2,33,39,2017,12,7,2,3,9,1,0,1,0,0,0,2,2,3.38049E+20,5.56681E+21,6.72922E+15,5.02313E+16
109308,7.17113E+18,7,2,35,45,2017,11,15,3,2,8,1,0,0,0,1,0,0,1,3.5202E+20,5.50275E+21,6.94957E+15,4.96591E+16
109309,7.17113E+18,7,2,11,0,2017,11,7,3,3,3,6,0,1,0,1,0,0,0,3.34051E+20,5.51221E+21,6.69677E+15,4.97395E+16
109310,7.17113E+18,7,1,43,225,2017,11,9,3,3,5,3,0,1,0,0,0,0,1,4.10058E+20,5.61765E+21,7.72629E+15,5.07037E+16
109311,7.17113E+18,7,1,43,67,2017,11,15,3,3,5,3,0,1,0,0,0,0,0,4.11905E+20,5.59865E+21,7.75695E+15,5.05331E+16
109312,7.17121E+18,7,1,31,2,2017,12,6,2,3,4,6,0,1,0,0,0,2,1,3.5694E+20,5.59594E+21,6.98284E+15,5.04979E+16
109313,7.17113E+18,7,1,40,145,2017,11,7,3,2,5,2,0,1,0,0,0,2,1,3.7727E+20,5.5316E+21,7.29014E+15,4.99242E+16
109314,7.17121E+18,7,1,37,3,2017,12,22,2,3,2,6,0,1,0,0,0,2,1,3.87698E+20,5.58623E+21,7.41924E+15,5.04174E+16
109315,7.17113E+18,7,1,40,501,2017,11,7,3,3,8,1,0,1,0,0,0,0,1,3.93342E+20,5.56239E+21,7.50539E+15,5.02041E+16
109316,7.17113E+18,7,1,11,0,2017,11,16,3,3,2,6,0,1,0,0,0,0,0,3.98865E+20,5.58192E+21,7.57753E+15,5.03806E+16
109317,7.17113E+18,7,1,11,0,2017,11,11,3,3,2,6,0,1,0,0,0,0,0,3.98303E+20,5.5792E+21,7.57037E+15,5.03561E+16
109318,7.17113E+18,7,1,11,0,2017,11,17,3,3,3,6,0,1,0,0,1,2,0,3.9427E+20,5.58118E+21,7.51314E+15,5.03732E+16
109319,7.17121E+18,7,1,37,3,2017,12,16,2,1,4,6,0,1,0,0,0,2,1,3.79295E+20,5.59034E+21,7.2997E+15,5.04526E+16
109320,7.17113E+18,7,3,20,0,2017,11,17,2,3,2,6,0,1,0,0,0,2,1,3.82076E+20,5.45729E+21,7.37936E+15,4.9257E+16
109321,7.17113E+18,7,3,35,34,2017,11,10,2,3,2,6,0,1,0,0,0,0,1,4.0789E+20,5.48222E+21,7.72825E+15,4.94857E+16
109322,7.17113E+18,7,3,13,0,2017,11,7,2,3,0,7,1,0,0,0,0,0,1,4.36221E+20,5.45054E+21,8.12443E+15,4.92043E+16
109323,7.17113E+18,7,3,18,0,2017,11,14,2,3,1,6,0,1,0,0,0,0,1,4.58587E+20,5.46466E+21,8.42999E+15,4.93332E+16
109324,7.17122E+18,7,1,33,6,2017,12,17,4,3,2,6,0,1,0,0,0,2,1,4.17762E+20,5.52131E+21,7.85631E+15,4.98386E+16
109325,7.17122E+18,7,1,37,56,2017,12,17,5,3,5,3,0,1,0,0,0,2,1,3.83787E+20,5.5841E+21,7.36487E+15,5.03975E+16
109326,7.17122E+18,7,2,32,288,2017,12,23,2,3,1,7,0,1,0,0,1,2,1,3.1629E+20,5.57472E+21,6.42059E+15,5.02959E+16
109327,7.17122E+18,7,2,33,7,2017,12,8,2,3,4,6,0,1,0,0,1,1,2,3.30927E+20,5.57688E+21,6.62494E+15,5.03197E+16
109328,7.17121E+18,7,1,41,75,2017,12,7,2,3,2,6,0,1,0,0,0,2,1,4.00712E+20,5.57562E+21,7.60516E+15,5.03243E+16
109329,7.17121E+18,7,1,40,501,2017,12,18,2,3,0,7,0,1,0,0,0,2,0,3.95075E+20,5.56426E+21,7.52916E+15,5.02212E+16
109330,7.17121E+18,7,1,37,203,2017,12,5,2,2,8,1,0,1,0,0,0,2,1,3.9942E+20,5.58565E+21,7.58434E+15,5.04143E+16
109331,7.17121E+18,7,3,17,0,2017,12,17,1,3,4,6,0,1,0,0,0,2,1,3.95272E+20,5.45041E+21,7.56245E+15,4.91975E+16
109332,7.17121E+18,7,3,36,52,2017,12,0,1,3,8,1,0,1,0,0,0,2,1,3.79801E+20,5.48363E+21,7.34016E+15,4.94934E+16
109333,7.17121E+18,7,3,12,0,2017,12,14,1,3,9,1,0,1,0,0,0,0,2,4.16508E+20,5.47686E+21,7.84834E+15,4.94387E+16
109334,7.17121E+18,7,3,32,47,2017,12,14,1,3,9,1,0,1,0,0,0,0,2,4.31702E+20,5.48622E+21,8.05628E+15,4.95247E+16
109335,7.17113E+18,7,3,14,0,2017,11,15,2,3,2,6,0,1,0,0,0,0,0,4.57357E+20,5.48374E+21,8.41101E+15,4.95048E+16
109336,7.17122E+18,7,2,32,83,2017,12,1,2,3,8,1,0,1,0,0,0,2,2,3.1339E+20,5.53811E+21,6.39783E+15,4.99661E+16
109337,7.17122E+18,7,2,31,77,2017,12,17,2,3,9,1,0,1,0,0,0,2,1,3.64792E+20,5.52744E+21,7.11785E+15,4.98841E+16
109338,7.17122E+18,7,2,31,103,2017,12,12,2,3,2,1,0,1,0,0,0,0,1,3.55688E+20,5.5321E+21,6.98946E+15,4.99238E+16
109339,7.17122E+18,7,2,11,0,2017,12,18,2,3,6,4,0,1,1,0,0,2,1,3.28212E+20,5.51309E+21,6.61541E+15,4.97457E+16
109340,7.17121E+18,7,3,34,34,2017,12,12,1,2,5,3,0,1,0,0,0,0,2,4.36073E+20,5.4387E+21,8.12427E+15,4.90978E+16
109341,7.17121E+18,7,3,34,501,2017,12,11,1,3,8,1,0,1,0,0,0,0,2,4.34218E+20,5.4329E+21,8.09981E+15,4.90455E+16
109342,7.17121E+18,7,3,13,0,2017,12,16,1,2,4,1,0,1,0,0,0,1,2,4.36674E+20,5.45248E+21,8.13034E+15,4.92219E+16
109343,7.17121E+18,7,3,38,26,2017,12,13,1,3,1,6,0,1,0,0,0,0,2,4.58818E+20,5.47207E+21,8.4324E+15,4.93999E+16
109344,7.17121E+18,7,3,14,0,2017,12,6,1,3,9,1,0,1,0,0,0,2,0,4.57208E+20,5.48394E+21,8.40894E+15,4.95066E+16
109345,7.17121E+18,7,3,39,5,2017,12,15,1,3,9,1,0,1,0,0,0,0,2,4.18575E+20,5.53662E+21,7.86438E+15,4.99764E+16
109346,7.17121E+18,7,3,39,58,2017,12,11,1,3,1,5,0,1,0,0,0,0,2,4.17448E+20,5.54051E+21,7.84784E+15,5.00112E+16
109347,7.17121E+18,7,1,33,93,2017,12,11,1,3,9,1,0,1,0,0,0,0,2,4.15467E+20,5.53094E+21,7.82229E+15,4.99248E+16
109348,7.17121E+18,7,3,31,73,2017,12,11,1,2,4,1,0,1,0,0,0,0,2,4.36296E+20,5.5192E+21,8.11437E+15,4.98218E+16
109349,7.17122E+18,7,1,34,45,2017,12,20,6,2,5,3,0,1,0,0,1,2,1,3.80122E+20,5.50687E+21,7.33749E+15,4.97024E+16
109350,7.17121E+18,7,3,39,43,2017,12,0,1,3,9,1,0,1,0,0,0,2,1,4.52772E+20,5.5247E+21,8.34274E+15,4.98729E+16
109351,7.17122E+18,7,3,38,16,2017,12,16,6,3,2,6,0,1,0,0,0,2,1,4.50222E+20,5.48616E+21,8.31216E+15,4.9526E+16
109352,7.17121E+18,7,3,39,1,2017,12,12,1,3,2,6,0,1,0,0,0,0,2,4.30724E+20,5.53108E+21,8.0348E+15,4.99281E+16
109353,7.17122E+18,7,1,41,68,2017,12,6,2,3,8,1,0,1,0,0,0,2,2,4.27665E+20,5.5685E+21,7.9851E+15,5.02642E+16
109354,7.17122E+18,7,1,43,32,2017,12,10,7,3,1,1,0,1,0,0,0,0,1,4.05062E+20,5.58867E+21,7.66296E+15,5.04423E+16
109355,7.17113E+18,7,3,39,56,2017,11,9,2,2,4,1,0,1,0,0,0,0,1,4.26859E+20,5.5245E+21,7.9822E+15,4.98684E+16
109356,7.17122E+18,7,3,40,49,2017,12,2,7,3,8,1,0,1,0,0,0,2,1,4.19077E+20,5.45011E+21,7.8892E+15,4.91985E+16
109357,7.17121E+18,7,3,15,0,2017,12,11,1,3,1,6,0,1,0,0,0,0,2,4.46505E+20,5.54071E+21,8.25331E+15,5.00163E+16
109358,7.17113E+18,7,3,31,25,2017,11,7,2,2,6,4,0,1,1,0,0,0,0,4.30517E+20,5.5151E+21,8.03477E+15,4.97843E+16
109359,7.17113E+18,7,3,31,65,2017,11,23,2,3,9,1,0,1,0,0,0,2,1,4.33809E+20,5.5241E+21,8.07896E+15,4.98656E+16
109360,7.17121E+18,7,2,33,14,2017,12,12,1,3,4,2,0,1,0,0,0,0,2,3.48715E+20,5.56378E+21,6.87986E+15,5.02068E+16
109361,7.17113E+18,7,3,39,1,2017,11,16,2,3,8,1,0,1,0,0,0,1,1,4.30068E+20,5.53228E+21,8.02545E+15,4.99387E+16
109362,7.17121E+18,7,2,32,236,2017,12,11,1,3,9,1,0,1,0,0,0,0,2,3.02848E+20,5.56089E+21,6.23927E+15,5.01674E+16
109363,7.17113E+18,7,3,15,0,2017,11,19,2,3,3,7,0,1,0,0,1,2,0,4.43917E+20,5.53945E+21,8.21737E+15,5.00047E+16
109364,7.17113E+18,7,3,39,30,2017,11,6,2,3,2,6,0,1,0,0,0,2,0,4.30063E+20,5.53666E+21,8.02458E+15,4.99782E+16
109365,7.17121E+18,7,1,34,5,2017,12,19,1,3,7,7,0,1,0,0,0,2,1,3.77558E+20,5.49754E+21,7.30487E+15,4.9618E+16
109366,7.17113E+18,7,2,31,81,2017,11,12,2,2,8,1,0,1,0,0,0,0,1,3.54936E+20,5.5329E+21,6.97868E+15,4.99309E+16
109367,7.17113E+18,7,2,31,134,2017,11,17,2,2,6,2,0,1,1,0,0,2,1,3.48503E+20,5.539E+21,6.88672E+15,4.99841E+16
109368,7.17121E+18,7,1,43,232,2017,12,10,1,3,9,1,0,1,0,0,0,0,2,4.20847E+20,5.59796E+21,7.88325E+15,5.05282E+16
109369,7.17113E+18,7,1,34,68,2017,11,7,2,3,0,7,0,1,0,0,0,1,1,3.76539E+20,5.50119E+21,7.28962E+15,4.96506E+16
109370,7.17113E+18,7,1,34,42,2017,11,15,2,3,8,1,1,0,0,0,0,0,1,3.67959E+20,5.4965E+21,7.1724E+15,4.96067E+16
109371,7.17121E+18,7,1,32,25,2017,12,14,1,3,4,1,0,1,0,0,0,0,2,4.2081E+20,5.62119E+21,7.87777E+15,5.07371E+16
109372,7.17113E+18,7,2,35,68,2017,11,16,2,3,5,3,0,1,0,1,0,0,1,3.24835E+20,5.50791E+21,6.5709E+15,4.96982E+16
109373,7.17113E+18,7,2,11,0,2017,11,17,2,3,5,2,1,1,0,0,0,2,1,3.30051E+20,5.51341E+21,6.64078E+15,4.97491E+16
109374,7.17122E+18,7,1,43,81,2017,12,7,4,3,6,2,0,1,1,0,0,1,1,4.14848E+20,5.59192E+21,7.80001E+15,5.0473E+16
109375,7.17122E+18,7,3,36,85,2017,12,9,4,2,4,6,0,1,0,0,1,0,1,4.03759E+20,5.49857E+21,7.66723E+15,4.9632E+16
109376,7.17113E+18,7,2,11,0,2017,11,17,2,3,0,1,0,0,0,1,0,2,1,3.33143E+20,5.51629E+21,6.68243E+15,4.97759E+16
109377,7.17113E+18,7,2,11,0,2017,11,16,2,3,5,3,0,1,0,0,0,2,1,3.3214E+20,5.51594E+21,6.66865E+15,4.97725E+16
109378,7.17113E+18,7,1,38,45,2017,11,14,2,3,2,7,0,1,0,0,1,0,1,3.92394E+20,5.58915E+21,7.48448E+15,5.04445E+16
109379,7.17113E+18,7,1,38,45,2017,11,6,2,2,2,2,1,1,0,0,0,2,1,3.928E+20,5.59047E+21,7.48982E+15,5.04564E+16
109380,7.17113E+18,7,1,37,216,2017,11,17,2,3,5,3,0,1,0,0,0,2,0,3.92164E+20,5.58376E+21,7.48279E+15,5.0396E+16
109381,7.17113E+18,7,3,34,16,2017,11,22,1,2,8,1,0,1,0,0,0,2,1,4.5149E+20,5.44201E+21,8.33505E+15,4.9129E+16
109382,7.17113E+18,7,3,37,81,2017,11,5,1,3,9,1,0,1,0,0,0,2,1,4.23943E+20,5.44728E+21,7.95652E+15,4.91736E+16
109383,7.17113E+18,7,3,37,50,2017,11,17,1,3,8,1,0,1,0,0,0,2,0,4.38033E+20,5.45424E+21,8.14872E+15,4.92378E+16
109384,7.17113E+18,7,3,37,21,2017,11,14,1,2,7,7,1,0,1,0,0,0,0,4.36829E+20,5.45679E+21,8.13178E+15,4.92606E+16
109385,7.17113E+18,7,3,14,0,2017,11,17,1,3,5,3,0,1,0,0,0,2,0,4.58054E+20,5.48311E+21,8.42071E+15,4.94992E+16
109386,7.17113E+18,7,3,14,0,2017,11,13,1,3,5,2,1,1,0,0,0,0,1,4.58009E+20,5.47979E+21,8.42044E+15,4.94693E+16
109387,7.17113E+18,7,3,33,39,2017,11,14,1,2,8,7,0,1,0,0,0,0,1,4.27201E+20,5.50306E+21,7.99096E+15,4.96757E+16
109388,7.17113E+18,7,3,15,0,2017,11,13,1,3,3,7,0,1,0,0,1,0,1,4.46556E+20,5.53507E+21,8.2548E+15,4.99656E+16
109389,7.17113E+18,7,3,31,43,2017,11,17,1,3,8,7,0,1,0,0,0,2,0,4.34999E+20,5.51541E+21,8.09698E+15,4.97876E+16
109390,7.17122E+18,7,3,33,30,2017,12,16,4,3,8,1,0,1,0,0,0,2,1,4.13045E+20,5.48782E+21,7.79818E+15,4.95368E+16
109391,7.17122E+18,7,1,32,18,2017,12,17,2,3,5,3,0,1,0,0,0,2,1,4.27157E+20,5.62132E+21,7.96767E+15,5.07391E+16
109392,7.17122E+18,7,1,38,45,2017,12,18,2,3,5,3,0,1,0,0,0,2,1,3.96722E+20,5.5877E+21,7.54582E+15,5.04322E+16
109393,7.17121E+18,7,1,31,6,2017,12,13,1,3,4,6,0,1,0,0,1,0,2,3.78229E+20,5.59627E+21,7.28276E+15,5.05057E+16
109394,7.17121E+18,7,1,37,69,2017,12,11,1,2,4,1,0,1,0,0,0,0,2,3.76766E+20,5.58362E+21,7.26628E+15,5.03917E+16
109395,7.17121E+18,7,1,40,112,2017,12,11,1,2,8,1,0,1,0,0,0,0,2,4.09483E+20,5.55013E+21,7.73442E+15,5.00965E+16
109396,7.17121E+18,7,1,40,133,2017,12,8,1,3,8,1,0,1,0,0,0,0,1,4.06497E+20,5.55474E+21,7.69156E+15,5.01375E+16
109397,7.17121E+18,7,1,37,207,2017,12,14,1,3,8,1,0,1,0,0,0,0,2,3.92681E+20,5.5747E+21,7.49264E+15,5.03146E+16
109398,7.17121E+18,7,1,11,0,2017,12,16,1,3,9,1,0,1,0,0,0,1,2,3.98937E+20,5.57637E+21,7.58004E+15,5.03307E+16
109399,7.17121E+18,7,1,37,69,2017,12,17,1,3,8,1,0,1,0,0,0,2,2,3.78145E+20,5.58287E+21,7.28592E+15,5.03852E+16
109400,7.17121E+18,7,3,35,45,2017,12,17,7,3,2,6,0,1,0,0,0,2,1,4.08416E+20,5.47115E+21,7.73807E+15,4.93861E+16
109401,7.17121E+18,7,3,32,21,2017,12,16,7,2,5,3,0,1,0,0,0,1,0,4.47337E+20,5.48855E+21,8.27198E+15,4.95473E+16
109402,7.17122E+18,7,3,18,0,2017,12,20,5,3,6,6,0,1,1,0,0,2,1,4.57785E+20,5.46647E+21,8.41876E+15,4.93495E+16
109403,7.17121E+18,7,3,34,2,2017,12,11,7,2,2,6,0,1,0,0,0,0,1,4.42442E+20,5.4275E+21,8.2131E+15,4.89977E+16
109404,7.17122E+18,7,1,43,222,2017,12,9,6,3,5,2,0,1,0,0,0,0,1,4.29466E+20,5.61081E+21,8.0024E+15,5.06449E+16
109405,7.17121E+18,7,3,18,0,2017,12,14,7,2,5,3,1,1,0,0,0,0,0,4.59711E+20,5.46316E+21,8.44562E+15,4.93198E+16
109406,7.17122E+18,7,1,33,6,2017,12,1,6,1,6,4,0,1,1,0,0,2,1,4.20182E+20,5.5238E+21,7.88944E+15,4.98613E+16
109407,7.17122E+18,7,1,11,0,2017,12,22,7,3,9,1,0,1,0,0,0,2,0,3.97682E+20,5.58249E+21,7.56075E+15,5.03856E+16
109408,7.17122E+18,7,3,32,2,2017,12,11,7,3,2,6,0,1,0,0,0,0,0,4.41864E+20,5.47979E+21,8.19762E+15,4.94679E+16