OBJECTID,UIDENTSTLA,ULAND,UREGBEZ,UKREIS,UGEMEINDE,UJAHR,UMONAT,USTUNDE,UWOCHENTAG,UKATEGORIE,UART,UTYP1,IstRad,IstPKW,IstFuss,IstKrad,IstSonstig,LICHT,STRZUSTAND,LINREFX,LINREFY,XGCSWGS84,YGCSWGS84
109409,7.17121E+18,7,3,11,0,2017,12,16,7,3,2,6,0,1,0,0,0,2,0,4.53292E+20,5.48604E+21,8.35459E+15,4.95252E+16
109410,7.17121E+18,7,1,33,76,2017,12,19,7,2,0,1,0,0,0,1,0,2,0,4.06638E+20,5.51358E+21,7.70351E+15,4.97674E+16
109411,7.17113E+18,7,2,31,123,2017,11,17,1,3,2,2,0,1,0,0,0,2,1,3.56402E+20,5.51422E+21,7.00602E+15,4.97633E+16
109412,7.17113E+18,7,1,32,107,2017,11,3,1,2,9,1,0,0,0,1,0,2,1,4.17463E+20,5.62186E+21,7.83019E+15,5.07426E+16
109413,7.17121E+18,7,1,33,86,2017,12,14,7,3,5,3,0,1,0,1,0,0,0,4.14815E+20,5.52296E+21,7.81497E+15,4.9853E+16
109414,7.17113E+18,7,1,37,74,2017,11,11,1,3,5,2,0,1,0,0,0,0,0,3.68613E+20,5.57326E+21,7.15526E+15,5.02968E+16
109415,7.17121E+18,7,3,31,34,2017,12,18,7,2,5,2,0,1,0,0,0,2,0,4.53375E+20,5.51369E+21,8.35245E+15,4.97738E+16
109416,7.17113E+18,7,1,40,165,2017,11,17,1,3,5,1,0,1,0,0,0,2,1,3.77204E+20,5.53606E+21,7.28781E+15,4.99643E+16
109417,7.17113E+18,7,1,37,203,2017,11,2,1,2,8,1,0,1,0,0,0,2,1,3.99463E+20,5.59117E+21,7.58346E+15,5.04639E+16
109418,7.17121E+18,7,3,19,0,2017,12,2,7,3,4,2,1,1,0,0,0,2,0,4.53548E+20,5.49701E+21,8.35684E+15,4.96238E+16
109419,7.17113E+18,7,1,37,214,2017,11,18,1,3,2,2,0,1,0,0,0,2,0,3.88894E+20,5.5663E+21,7.44194E+15,5.02384E+16
109420,7.17113E+18,7,1,43,32,2017,11,0,1,2,3,1,0,1,0,0,0,2,0,4.07269E+20,5.58928E+21,7.69388E+15,5.04482E+16
109421,7.17121E+18,7,2,35,137,2017,12,19,7,3,2,6,0,1,0,0,0,2,1,3.23284E+20,5.51266E+21,6.54727E+15,4.97404E+16
109422,7.17121E+18,7,2,33,501,2017,12,13,7,3,8,1,0,1,0,0,0,0,1,3.47221E+20,5.56284E+21,6.85931E+15,5.0198E+16
109423,7.17113E+18,7,3,17,0,2017,11,19,7,3,8,1,0,1,0,0,0,2,1,3.99141E+20,5.45188E+21,7.61517E+15,4.92114E+16
109424,7.17113E+18,7,3,12,0,2017,11,8,7,1,6,4,0,1,1,0,0,1,1,4.08718E+20,5.47627E+21,7.74106E+15,4.94322E+16
109425,7.17121E+18,7,1,35,57,2017,12,0,7,3,0,7,0,1,1,0,0,2,2,3.57276E+20,5.55414E+21,7.00337E+15,5.01223E+16
109426,7.17113E+18,7,3,12,0,2017,11,17,7,3,8,1,0,1,0,0,0,2,1,4.14212E+20,5.47745E+21,7.81655E+15,4.94436E+16
109427,7.17121E+18,7,2,31,40,2017,12,3,7,3,8,1,0,1,0,0,0,2,1,3.6213E+20,5.52401E+21,7.08204E+15,4.98526E+16
109428,7.17113E+18,7,3,16,0,2017,11,16,7,3,2,6,0,1,0,0,0,0,1,4.40009E+20,5.46745E+21,8.17388E+15,4.93568E+16
109429,7.17122E+18,7,1,31,77,2017,12,13,7,3,9,1,0,1,0,0,0,0,1,3.76174E+20,5.59814E+21,7.25316E+15,5.05221E+16
109430,7.17121E+18,7,2,35,68,2017,12,10,7,3,6,4,0,1,1,0,0,0,0,3.2506E+20,5.5079E+21,6.57403E+15,4.96982E+16
109431,7.17122E+18,7,1,31,77,2017,12,6,2,3,2,6,0,1,0,0,0,2,2,3.76016E+20,5.60198E+21,7.24966E+15,5.05566E+16
109432,7.17113E+18,7,3,34,501,2017,11,14,7,3,4,6,0,1,0,0,1,0,1,4.39511E+20,5.43032E+21,8.17262E+15,4.90228E+16
109433,7.17122E+18,7,3,32,35,2017,12,13,7,3,5,3,1,1,0,0,0,0,0,4.45065E+20,5.47272E+21,8.24277E+15,4.94046E+16
109434,7.17122E+18,7,1,31,41,2017,12,19,2,3,8,1,0,1,0,0,0,2,1,3.70434E+20,5.5963E+21,7.17287E+15,5.05043E+16
109435,7.17113E+18,7,3,37,70,2017,11,3,7,3,9,1,0,1,0,0,0,2,1,4.35848E+20,5.46136E+21,8.11758E+15,4.93016E+16
109436,7.17113E+18,7,3,38,12,2017,11,21,7,2,5,3,0,1,0,0,0,2,0,4.49215E+20,5.4886E+21,8.29794E+15,4.95479E+16
109437,7.17121E+18,7,1,43,302,2017,12,22,7,3,8,1,0,1,0,0,0,2,2,4.34842E+20,5.60985E+21,8.07859E+15,5.06368E+16
109438,7.17113E+18,7,3,14,0,2017,11,23,7,3,5,2,0,1,0,0,0,2,1,4.59631E+20,5.48089E+21,8.44271E+15,4.94793E+16
109439,7.17121E+18,7,1,41,71,2017,12,17,7,3,9,1,0,1,0,0,0,2,2,4.11751E+20,5.57911E+21,7.75938E+15,5.03574E+16
109440,7.17113E+18,7,3,33,57,2017,11,9,7,2,8,1,0,1,0,0,0,0,1,4.27322E+20,5.50384E+21,7.9925E+15,4.96827E+16
109441,7.17113E+18,7,3,31,3,2017,11,22,7,3,2,1,0,1,0,0,0,2,1,4.33203E+20,5.51124E+21,8.07275E+15,4.97499E+16
109442,7.17113E+18,7,3,31,1,2017,11,18,7,3,5,3,0,1,0,0,0,2,0,4.37187E+20,5.51597E+21,8.12729E+15,4.97929E+16
109443,7.17113E+18,7,3,31,3,2017,11,11,7,3,5,3,0,1,0,0,0,0,1,4.36861E+20,5.51052E+21,8.12364E+15,4.97438E+16
109444,7.17121E+18,7,1,43,74,2017,12,18,7,3,5,3,0,1,0,0,0,2,2,4.25034E+20,5.59022E+21,7.94387E+15,5.04592E+16
109445,7.17113E+18,7,3,15,0,2017,11,16,7,3,5,3,1,1,0,0,0,2,0,4.4457E+20,5.54186E+21,8.22613E+15,5.00265E+16
109446,7.17113E+18,7,3,15,0,2017,11,15,7,3,3,6,0,1,0,0,0,0,0,4.44147E+20,5.54181E+21,8.22023E+15,5.0026E+16
109447,7.17113E+18,7,3,15,0,2017,11,5,7,3,6,4,0,1,1,0,0,2,1,4.4647E+20,5.53863E+21,8.2531E+15,4.99976E+16
109448,7.17113E+18,7,2,32,296,2017,11,19,7,3,9,1,0,0,0,0,1,2,1,3.12833E+20,5.56279E+21,6.37799E+15,5.01877E+16
109449,7.17113E+18,7,2,32,302,2017,11,4,7,3,8,1,0,1,0,0,0,2,1,3.15683E+20,5.57426E+21,6.4123E+15,5.02917E+16
109450,7.17122E+18,7,3,34,9,2017,12,17,4,3,9,1,0,1,0,0,0,2,1,4.44237E+20,5.44123E+21,8.23575E+15,4.91214E+16
109451,7.17122E+18,7,1,38,45,2017,12,21,5,3,4,6,0,1,0,0,0,2,1,3.91587E+20,5.5936E+21,7.47182E+15,5.04844E+16
109452,7.17113E+18,7,2,11,0,2017,11,8,7,3,8,1,0,1,0,0,0,0,1,3.34526E+20,5.52097E+21,6.69963E+15,4.98183E+16
109453,7.17122E+18,7,1,40,133,2017,12,13,2,3,8,1,0,1,0,0,0,0,1,4.09751E+20,5.5539E+21,7.73729E+15,5.01304E+16
109454,7.17121E+18,7,1,38,65,2017,12,12,7,3,4,6,0,1,0,0,0,0,2,3.87161E+20,5.60317E+21,7.40656E+15,5.05695E+16
109455,7.17121E+18,7,1,32,6,2017,12,22,7,3,5,6,0,1,0,0,0,2,2,4.19776E+20,5.62671E+21,7.8619E+15,5.07866E+16
109456,7.17121E+18,7,1,32,115,2017,12,14,7,3,4,6,0,1,0,0,0,0,2,3.97376E+20,5.62107E+21,7.54581E+15,5.07324E+16
109457,7.17121E+18,7,1,32,40,2017,12,13,7,3,9,1,0,1,0,0,0,0,2,4.07128E+20,5.6137E+21,7.6858E+15,5.06677E+16
109458,7.17121E+18,7,1,32,96,2017,12,13,7,3,3,1,0,1,0,0,0,0,2,4.08811E+20,5.62473E+21,7.70688E+15,5.07671E+16
109459,7.17121E+18,7,1,35,20,2017,12,18,7,3,6,2,0,1,1,0,0,2,0,3.69047E+20,5.55682E+21,7.16703E+15,5.01492E+16
109460,7.17121E+18,7,1,11,0,2017,12,22,7,2,2,6,0,1,0,0,0,2,1,3.9678E+20,5.58311E+21,7.54788E+15,5.0391E+16
109461,7.17121E+18,7,1,11,0,2017,12,17,7,3,3,7,0,1,0,0,0,2,0,3.9868E+20,5.58077E+21,7.57524E+15,5.03703E+16
109462,7.17121E+18,7,1,43,47,2017,12,9,7,3,3,1,0,1,0,0,1,0,2,4.11406E+20,5.59329E+21,7.75119E+15,5.04849E+16
109463,7.17122E+18,7,1,32,501,2017,12,7,5,2,4,2,0,1,0,0,0,2,1,4.03097E+20,5.61611E+21,7.62815E+15,5.06888E+16
109464,7.17121E+18,7,3,40,54,2017,12,13,6,2,1,7,0,1,0,0,0,0,1,4.00991E+20,5.45971E+21,7.63863E+15,4.92821E+16
109465,7.17122E+18,7,3,31,23,2017,12,12,5,3,8,1,0,1,0,0,0,0,1,4.42365E+20,5.50188E+21,8.20129E+15,4.96667E+16
109466,7.17121E+18,7,3,40,38,2017,12,18,6,3,8,1,0,1,0,0,0,2,1,4.03278E+20,5.45427E+21,7.67138E+15,4.92336E+16
109467,7.17122E+18,7,1,31,202,2017,12,7,6,3,2,6,0,1,0,0,0,2,1,3.77601E+20,5.59086E+21,7.27567E+15,5.0457E+16
109468,7.17122E+18,7,3,15,0,2017,12,17,6,3,0,1,0,0,0,1,0,2,1,4.46701E+20,5.53865E+21,8.25633E+15,4.99978E+16
109469,7.17122E+18,7,3,35,45,2017,12,9,6,2,9,1,0,1,0,0,0,0,1,4.05711E+20,5.47004E+21,7.70106E+15,4.93758E+16
109470,7.17121E+18,7,3,17,0,2017,12,11,6,3,5,2,0,1,0,0,1,0,1,3.97855E+20,5.45216E+21,7.59745E+15,4.92137E+16
109471,7.17122E+18,7,3,15,0,2017,12,16,7,3,5,3,0,1,0,0,0,0,1,4.44219E+20,5.54178E+21,8.22125E+15,5.00257E+16
109472,7.17121E+18,7,3,12,0,2017,12,21,6,3,1,6,0,1,0,0,0,2,1,4.09373E+20,5.47778E+21,7.74974E+15,4.94459E+16
109473,7.17113E+18,7,2,35,111,2017,11,18,7,3,9,1,0,1,0,0,0,2,1,3.20859E+20,5.5201E+21,6.51021E+15,4.98066E+16
109474,7.17121E+18,7,3,32,6,2017,12,5,6,3,9,1,0,1,0,0,0,2,1,4.40399E+20,5.49361E+21,8.17532E+15,4.95922E+16
109475,7.17113E+18,7,1,43,269,2017,11,14,7,3,9,1,0,1,0,0,0,0,1,4.15131E+20,5.61414E+21,7.79893E+15,5.0673E+16
109476,7.17121E+18,7,3,32,2,2017,12,7,6,2,5,3,0,1,0,0,1,1,1,4.37727E+20,5.47903E+21,8.14065E+15,4.94607E+16
109477,7.17121E+18,7,3,34,5,2017,12,23,6,2,9,1,0,1,0,0,0,2,1,4.39107E+20,5.43342E+21,8.16663E+15,4.90506E+16
109478,7.17113E+18,7,1,43,29,2017,11,8,7,3,2,2,0,1,0,0,0,0,1,4.09793E+20,5.60332E+21,7.72603E+15,5.05748E+16
109479,7.17121E+18,7,3,34,501,2017,12,14,6,2,4,2,0,1,0,0,0,0,1,4.43247E+20,5.43114E+21,8.2236E+15,4.90306E+16
109480,7.17122E+18,7,1,11,0,2017,12,17,2,2,4,6,0,1,0,0,0,2,1,3.97119E+20,5.5775E+21,7.55419E+15,5.03406E+16
109481,7.17113E+18,7,1,38,41,2017,11,15,7,3,5,3,0,1,0,0,0,0,1,3.78761E+20,5.60344E+21,7.28791E+15,5.05702E+16
109482,7.17113E+18,7,1,31,7,2017,11,15,7,3,9,1,0,1,0,0,0,1,1,3.65772E+20,5.59624E+21,7.10719E+15,5.05027E+16
109483,7.17121E+18,7,3,34,7,2017,12,14,6,3,8,1,0,1,0,0,0,0,1,4.52496E+20,5.45059E+21,8.34783E+15,4.92063E+16
109484,7.17121E+18,7,3,37,72,2017,12,16,6,2,2,1,0,0,0,1,1,1,1,4.24962E+20,5.43216E+21,7.9733E+15,4.90377E+16
109485,7.17121E+18,7,3,37,9,2017,12,18,6,3,5,3,0,1,0,0,0,2,1,4.30335E+20,5.45091E+21,8.04357E+15,4.9207E+16
109486,7.17121E+18,7,3,38,6,2017,12,6,6,3,0,4,0,0,1,1,0,2,1,4.507E+20,5.47471E+21,8.32019E+15,4.94231E+16
109487,7.17121E+18,7,3,38,16,2017,12,19,6,2,5,3,0,1,0,0,0,2,0,4.48959E+20,5.48574E+21,8.29477E+15,4.95221E+16
109488,7.17121E+18,7,3,11,0,2017,12,18,6,3,2,6,0,1,0,0,0,2,1,4.53376E+20,5.48845E+21,8.35547E+15,4.95468E+16
109489,7.17121E+18,7,3,14,0,2017,12,8,6,2,0,7,0,0,1,0,1,0,0,4.55032E+20,5.4822E+21,8.37908E+15,4.94908E+16
109490,7.17121E+18,7,3,14,0,2017,12,21,6,3,2,2,0,1,0,0,0,2,1,4.56123E+20,5.48662E+21,8.39365E+15,4.95306E+16
109491,7.17121E+18,7,3,14,0,2017,12,11,6,3,1,6,0,1,0,0,0,0,0,4.55932E+20,5.48717E+21,8.39094E+15,4.95356E+16
109492,7.17122E+18,7,3,15,0,2017,12,19,6,3,4,2,0,1,0,0,0,2,1,4.46145E+20,5.5394E+21,8.24847E+15,5.00044E+16
109493,7.17121E+18,7,3,33,26,2017,12,12,6,3,1,7,0,1,0,0,1,0,2,4.31235E+20,5.49227E+21,8.04877E+15,4.95791E+16
109494,7.17122E+18,7,1,43,48,2017,12,23,2,1,8,1,0,1,0,0,1,2,1,4.17394E+20,5.58886E+21,7.83655E+15,5.04459E+16
109495,7.17122E+18,7,3,35,37,2017,12,11,6,3,5,2,0,1,0,0,0,0,1,4.00466E+20,5.47006E+21,7.62884E+15,4.93751E+16
109496,7.17122E+18,7,1,43,59,2017,12,3,2,3,1,1,0,1,0,0,1,2,2,4.09537E+20,5.59552E+21,7.7243E+15,5.05047E+16
109497,7.17113E+18,7,1,37,203,2017,11,9,7,3,9,1,0,1,0,0,0,2,1,3.98263E+20,5.58634E+21,7.56788E+15,5.04203E+16
109498,7.17122E+18,7,3,39,30,2017,12,8,7,3,5,2,0,1,0,0,0,0,0,4.30359E+20,5.5372E+21,8.02861E+15,4.99831E+16
109499,7.17121E+18,7,3,31,3,2017,12,16,6,1,5,3,0,1,0,0,0,0,0,4.32048E+20,5.51148E+21,8.05667E+15,4.97519E+16
109500,7.17113E+18,7,1,37,89,2017,11,15,7,3,8,1,0,1,0,0,0,0,1,3.79749E+20,5.57523E+21,7.31091E+15,5.03169E+16
109501,7.17121E+18,7,3,39,49,2017,12,19,6,3,2,6,0,1,0,0,0,2,0,4.53934E+20,5.52285E+21,8.35913E+15,4.98563E+16
109502,7.17112E+18,7,3,40,54,2017,11,19,6,2,6,4,0,1,1,0,0,2,1,4.01702E+20,5.45999E+21,7.64834E+15,4.92847E+16
109503,7.17121E+18,7,3,39,30,2017,12,20,6,3,8,1,0,1,0,0,1,2,0,4.31436E+20,5.53728E+21,8.04361E+15,4.99839E+16
109504,7.17112E+18,7,3,12,0,2017,11,7,6,3,2,6,0,1,0,0,0,0,1,4.06268E+20,5.47808E+21,7.70684E+15,4.94481E+16
109505,7.17112E+18,7,3,35,16,2017,11,6,6,3,5,3,1,1,0,0,0,2,0,3.92378E+20,5.47659E+21,7.51568E+15,4.94324E+16
109506,7.17121E+18,7,3,31,4,2017,12,14,6,3,1,6,0,1,0,0,0,0,0,4.31655E+20,5.51813E+21,8.05005E+15,4.98117E+16
109507,7.17112E+18,7,3,36,55,2017,11,9,6,3,2,2,0,1,0,0,0,0,1,3.84656E+20,5.48841E+21,7.40578E+15,4.95373E+16
109508,7.17112E+18,7,3,12,0,2017,11,20,6,2,6,2,0,1,1,0,0,2,1,4.11608E+20,5.47816E+21,7.78048E+15,4.94497E+16
109509,7.17121E+18,7,3,39,65,2017,12,14,6,3,2,6,0,1,0,0,1,0,0,4.29106E+20,5.52035E+21,8.01422E+15,4.98314E+16
109510,7.17112E+18,7,3,35,205,2017,11,17,6,3,5,2,0,1,0,0,0,2,1,4.16718E+20,5.48472E+21,7.84958E+15,4.95094E+16
109511,7.17112E+18,7,3,38,19,2017,11,7,6,3,2,6,0,1,0,0,1,0,0,4.50902E+20,5.47684E+21,8.32272E+15,4.94422E+16
109512,7.17121E+18,7,2,35,8,2017,12,11,6,3,0,1,0,1,0,0,1,0,2,3.48127E+20,5.50933E+21,6.8931E+15,4.97173E+16
109513,7.17112E+18,7,3,32,24,2017,11,15,6,3,8,1,0,1,0,0,0,0,0,4.38412E+20,5.49172E+21,8.14812E+15,4.95749E+16
109514,7.17121E+18,7,2,33,18,2017,12,17,6,3,1,6,0,1,0,0,0,2,2,3.45002E+20,5.56875E+21,6.82584E+15,5.02505E+16
109515,7.17112E+18,7,3,16,0,2017,11,13,6,3,1,6,0,1,0,0,0,0,0,4.37378E+20,5.46734E+21,8.13768E+15,4.93556E+16
109516,7.17112E+18,7,3,34,34,2017,11,12,6,3,1,5,0,1,0,0,0,0,1,4.35058E+20,5.43866E+21,8.11038E+15,4.90973E+16
109517,7.17122E+18,7,2,35,136,2017,12,1,4,3,7,1,0,1,0,0,0,2,1,3.21017E+20,5.49427E+21,6.52423E+15,4.95745E+16
109518,7.17122E+18,7,3,35,38,2017,12,9,4,3,9,6,0,1,0,1,0,0,1,3.93193E+20,5.47501E+21,7.52734E+15,4.94184E+16
109519,7.17112E+18,7,3,37,5,2017,11,19,6,2,5,3,0,1,0,0,0,2,1,4.28103E+20,5.43983E+21,8.01491E+15,4.91071E+16
109520,7.17112E+18,7,3,37,83,2017,11,18,6,2,8,1,0,1,0,0,0,2,1,4.20221E+20,5.44927E+21,7.90506E+15,4.91911E+16
109521,7.17112E+18,7,3,14,0,2017,11,16,6,3,5,2,0,1,0,0,0,0,0,4.57653E+20,5.48273E+21,8.41521E+15,4.94957E+16
109522,7.17122E+18,7,3,40,14,2017,12,0,1,3,7,7,0,1,0,0,1,2,1,4.1507E+20,5.45045E+21,7.83414E+15,4.92009E+16
109523,7.17121E+18,7,2,32,296,2017,12,16,6,3,2,6,0,1,0,0,0,1,1,3.15434E+20,5.56395E+21,6.41384E+15,5.01989E+16
109524,7.17121E+18,7,2,31,134,2017,12,18,6,3,2,6,0,1,0,0,0,2,2,3.49224E+20,5.53886E+21,6.89682E+15,4.9983E+16
109525,7.17121E+18,7,1,34,45,2017,12,11,6,3,4,6,0,1,0,0,0,0,2,3.8476E+20,5.51034E+21,7.40077E+15,4.97345E+16
109526,7.17121E+18,7,1,34,45,2017,12,11,6,3,2,6,0,1,0,0,1,0,2,3.77412E+20,5.50892E+21,7.29929E+15,4.97203E+16
109527,7.17121E+18,7,2,35,107,2017,12,10,6,3,9,1,0,0,0,0,1,0,2,3.35182E+20,5.50727E+21,6.71454E+15,4.96953E+16
109528,7.17121E+18,7,2,11,0,2017,12,10,6,3,0,1,0,0,0,1,0,0,2,3.27056E+20,5.511E+21,6.6003E+15,4.97267E+16
109529,7.17121E+18,7,2,11,0,2017,12,6,6,3,2,6,0,1,0,0,0,2,0,3.31521E+20,5.51493E+21,6.66051E+15,4.97632E+16
109530,7.17121E+18,7,1,43,242,2017,12,4,6,3,7,7,0,1,0,0,0,2,1,4.29155E+20,5.60763E+21,7.9986E+15,5.06163E+16
109531,7.17121E+18,7,1,41,133,2017,12,18,6,3,0,6,0,1,0,0,0,2,2,4.29075E+20,5.57509E+21,8.00365E+15,5.03236E+16
109532,7.17122E+18,7,2,31,53,2017,12,19,5,3,9,1,0,0,0,0,1,2,1,3.41565E+20,5.52656E+21,6.79511E+15,4.98705E+16
109533,7.17122E+18,7,3,32,9,2017,12,13,1,3,6,7,0,1,1,0,0,0,0,4.41016E+20,5.47342E+21,8.18687E+15,4.94106E+16
109534,7.17122E+18,7,3,33,46,2017,12,5,1,3,9,1,0,1,0,0,0,2,1,4.22424E+20,5.50987E+21,7.92341E+15,4.97363E+16
109535,7.17121E+18,7,1,41,126,2017,12,17,6,3,4,6,0,1,0,0,0,2,2,4.28477E+20,5.57571E+21,7.99512E+15,5.03291E+16
109536,7.17121E+18,7,1,41,102,2017,12,15,6,3,4,7,0,1,0,0,0,0,0,4.33713E+20,5.57453E+21,8.06889E+15,5.03191E+16
109537,7.17121E+18,7,1,43,305,2017,12,20,6,3,8,1,0,1,0,0,0,2,2,4.18451E+20,5.59946E+21,7.84912E+15,5.05413E+16
109538,7.17121E+18,7,1,38,44,2017,12,15,6,3,4,6,0,1,0,0,0,0,2,3.90712E+20,5.60578E+21,7.45593E+15,5.05937E+16
109539,7.17121E+18,7,1,38,3,2017,12,13,6,2,4,1,0,1,0,0,0,0,1,3.84916E+20,5.6145E+21,7.37136E+15,5.0671E+16
109540,7.17121E+18,7,1,38,40,2017,12,10,6,2,8,6,0,1,0,0,1,0,2,3.98388E+20,5.60356E+21,7.56494E+15,5.05751E+16
109541,7.17121E+18,7,1,38,45,2017,12,8,6,3,5,2,0,1,0,0,0,0,0,3.899E+20,5.59045E+21,7.44898E+15,5.04557E+16
109542,7.17121E+18,7,1,31,86,2017,12,23,6,3,5,3,0,1,0,0,0,2,2,3.46271E+20,5.58203E+21,6.83822E+15,5.03703E+16
109543,7.17121E+18,7,1,31,32,2017,12,18,6,3,4,6,0,1,0,0,0,2,2,3.50339E+20,5.58282E+21,6.89506E+15,5.03784E+16
109544,7.17122E+18,7,1,31,90,2017,12,17,6,3,1,6,0,1,0,0,0,2,1,3.65519E+20,5.6043E+21,7.10071E+15,5.05751E+16
109545,7.17121E+18,7,1,37,80,2017,12,18,6,3,9,1,0,1,0,0,0,1,2,3.80058E+20,5.56882E+21,7.31728E+15,5.02593E+16
109546,7.17122E+18,7,2,11,0,2017,12,1,6,2,0,1,1,0,0,0,0,2,1,3.32446E+20,5.51222E+21,6.6745E+15,4.97391E+16
109547,7.17122E+18,7,3,39,5,2017,12,12,6,3,3,7,0,1,0,0,0,0,1,4.21868E+20,5.5314E+21,7.91137E+15,4.99298E+16
109548,7.17122E+18,7,1,31,77,2017,12,14,7,3,2,6,0,1,0,0,0,0,0,3.7575E+20,5.60041E+21,7.24643E+15,5.05424E+16
109549,7.17122E+18,7,3,38,19,2017,12,19,7,3,2,6,0,1,0,0,0,2,0,4.51671E+20,5.47542E+21,8.3335E+15,4.94296E+16
109550,7.17121E+18,7,1,37,74,2017,12,8,6,3,4,1,0,1,0,0,1,1,2,3.6797E+20,5.57318E+21,7.14627E+15,5.0296E+16
109551,7.17121E+18,7,1,11,0,2017,12,15,6,3,2,7,0,1,0,0,0,0,0,3.98957E+20,5.58177E+21,7.57887E+15,5.03793E+16
109552,7.17112E+18,7,3,39,62,2017,11,7,6,3,5,2,0,1,0,1,0,1,1,4.15895E+20,5.5338E+21,7.82764E+15,4.99506E+16
109553,7.17121E+18,7,1,11,0,2017,12,11,6,3,2,6,0,1,0,0,0,0,0,3.99652E+20,5.58054E+21,7.58896E+15,5.03684E+16
109554,7.17112E+18,7,3,31,4,2017,11,17,6,3,1,6,0,1,0,0,0,2,1,4.32405E+20,5.51928E+21,8.06028E+15,4.98221E+16
109555,7.17121E+18,7,3,35,38,2017,12,11,5,3,6,4,0,1,1,0,0,0,0,3.95082E+20,5.47826E+21,7.55252E+15,4.94479E+16
109556,7.17122E+18,7,3,15,0,2017,12,19,1,3,8,1,0,1,0,0,0,2,1,4.51032E+20,5.53577E+21,8.31712E+15,4.99723E+16
109557,7.17112E+18,7,3,31,55,2017,11,17,6,2,1,5,0,1,0,0,0,1,1,4.50312E+20,5.50587E+21,8.31091E+15,4.97033E+16
109558,7.17112E+18,7,3,39,39,2017,11,18,6,3,4,2,0,1,0,0,0,2,1,4.51351E+20,5.53021E+21,8.32227E+15,4.99223E+16
109559,7.17121E+18,7,3,11,0,2017,12,11,5,3,9,7,0,1,0,0,0,0,0,4.53374E+20,5.48943E+21,8.35533E+15,4.95557E+16
109560,7.17112E+18,7,3,15,0,2017,11,23,6,2,6,4,0,1,1,0,0,2,1,4.47656E+20,5.5352E+21,8.27012E+15,4.99669E+16
109561,7.17112E+18,7,3,15,0,2017,11,5,6,3,5,2,1,1,0,0,0,2,1,4.46736E+20,5.53897E+21,8.25676E+15,5.00007E+16
109562,7.17121E+18,7,3,34,13,2017,12,10,5,3,2,6,0,1,0,0,1,0,0,4.39751E+20,5.44112E+21,8.17429E+15,4.91199E+16
109563,7.17112E+18,7,3,15,0,2017,11,14,6,3,2,6,0,1,0,0,0,1,1,4.47628E+20,5.53656E+21,8.26955E+15,4.9979E+16
109564,7.17112E+18,7,1,35,37,2017,11,20,6,3,8,1,0,1,0,0,0,2,1,3.74991E+20,5.54548E+21,7.25389E+15,5.00485E+16
109565,7.17121E+18,7,3,34,1,2017,12,7,5,2,2,6,0,1,0,0,0,1,0,4.50379E+20,5.44907E+21,8.31896E+15,4.91924E+16
109566,7.17121E+18,7,3,38,25,2017,12,15,5,3,1,2,0,1,0,0,0,0,0,4.54056E+20,5.47256E+21,8.36672E+15,4.9404E+16
109567,7.17112E+18,7,2,32,280,2017,11,14,6,3,9,1,0,0,0,0,1,0,1,3.1737E+20,5.5564E+21,6.44455E+15,5.01317E+16
109568,7.17121E+18,7,3,11,0,2017,12,7,5,3,5,2,1,1,0,0,0,1,0,4.53275E+20,5.48674E+21,8.35428E+15,4.95315E+16
109569,7.17112E+18,7,1,34,45,2017,11,18,6,3,5,3,0,1,0,0,0,2,1,3.824E+20,5.50813E+21,7.36869E+15,4.97142E+16
109570,7.17121E+18,7,3,39,62,2017,12,11,5,2,4,6,0,1,0,1,0,0,0,4.15364E+20,5.53261E+21,7.82049E+15,4.99399E+16
109571,7.17112E+18,7,1,34,10,2017,11,17,6,2,6,4,0,1,1,0,0,2,1,3.68092E+20,5.50137E+21,7.1726E+15,4.96505E+16
109572,7.17112E+18,7,2,35,81,2017,11,7,6,3,5,3,0,1,0,0,0,0,1,3.39546E+20,5.49793E+21,6.77883E+15,4.96126E+16
109573,7.17112E+18,7,2,11,0,2017,11,13,6,3,1,6,0,1,0,0,0,0,1,3.33723E+20,5.5188E+21,6.68941E+15,4.97986E+16
109574,7.17122E+18,7,3,16,0,2017,12,18,4,3,2,1,0,1,0,0,0,2,1,4.39327E+20,5.46852E+21,8.16433E+15,4.93663E+16
109575,7.17112E+18,7,1,43,23,2017,11,6,6,3,4,2,0,1,0,0,0,2,1,4.2501E+20,5.58483E+21,7.94461E+15,5.04107E+16
109576,7.17112E+18,7,1,32,63,2017,11,7,6,3,4,2,0,1,0,0,0,2,1,4.19269E+20,5.63153E+21,7.85365E+15,5.08299E+16
109577,7.17112E+18,7,1,38,50,2017,11,16,6,2,9,1,0,1,0,0,0,2,1,4.00169E+20,5.61051E+21,7.58823E+15,5.06379E+16
109578,7.17112E+18,7,1,32,32,2017,11,12,6,3,4,1,0,1,0,0,0,0,1,3.92944E+20,5.61104E+21,7.48593E+15,5.06414E+16