OBJECTID,UIDENTSTLA,ULAND,UREGBEZ,UKREIS,UGEMEINDE,UJAHR,UMONAT,USTUNDE,UWOCHENTAG,UKATEGORIE,UART,UTYP1,IstRad,IstPKW,IstFuss,IstKrad,IstSonstig,LICHT,STRZUSTAND,LINREFX,LINREFY,XGCSWGS84,YGCSWGS84
109579,7.17112E+18,7,1,38,45,2017,11,17,6,3,5,3,0,1,0,0,0,2,1,3.92544E+20,5.58752E+21,7.48705E+15,5.04298E+16
109580,7.17112E+18,7,1,35,28,2017,11,20,6,2,8,1,0,1,0,0,0,2,1,3.68582E+20,5.56746E+21,7.15684E+15,5.02446E+16
109581,7.17112E+18,7,1,37,203,2017,11,21,6,3,5,3,0,1,0,0,0,2,1,3.98444E+20,5.58746E+21,7.57012E+15,5.04304E+16
109582,7.17122E+18,7,3,15,0,2017,12,6,1,3,8,7,0,1,0,0,0,2,1,4.45369E+20,5.53486E+21,8.23828E+15,4.99636E+16
109583,7.17122E+18,7,2,35,8,2017,12,8,1,2,8,1,0,1,0,0,0,0,2,3.47791E+20,5.50771E+21,6.88908E+15,4.97026E+16
109584,7.17112E+18,7,1,37,212,2017,11,15,6,2,4,6,0,1,0,0,1,0,1,3.89553E+20,5.57449E+21,7.44879E+15,5.03122E+16
109585,7.17112E+18,7,1,11,0,2017,11,16,6,3,6,2,0,0,1,0,1,2,1,3.96053E+20,5.58087E+21,7.53829E+15,5.03707E+16
109586,7.17122E+18,7,3,12,0,2017,12,15,4,3,2,6,0,1,0,0,0,0,1,4.05459E+20,5.47668E+21,7.69602E+15,4.94354E+16
109587,7.17112E+18,7,1,11,0,2017,11,14,6,3,2,6,0,1,0,0,0,0,1,3.99488E+20,5.58109E+21,7.58652E+15,5.03733E+16
109588,7.17112E+18,7,1,11,0,2017,11,13,6,3,6,6,0,1,1,0,0,0,0,3.94398E+20,5.58082E+21,7.51503E+15,5.037E+16
109589,7.17112E+18,7,1,11,0,2017,11,8,6,2,8,1,0,1,0,0,0,0,1,4.02659E+20,5.58072E+21,7.63119E+15,5.03704E+16
109590,7.17121E+18,7,1,33,103,2017,12,22,5,3,4,1,0,1,0,0,0,2,1,4.11355E+20,5.53378E+21,7.76438E+15,4.99498E+16
109591,7.17121E+18,7,3,31,8,2017,12,17,5,1,4,6,0,1,0,0,0,1,0,4.35941E+20,5.5159E+21,8.10998E+15,4.97922E+16
109592,7.17121E+18,7,3,19,0,2017,12,15,5,2,5,2,0,1,0,1,0,0,0,4.53269E+20,5.49673E+21,8.35301E+15,4.96213E+16
109593,7.17121E+18,7,3,39,32,2017,12,19,5,3,5,3,0,1,0,0,0,2,1,4.44007E+20,5.5333E+21,8.21951E+15,4.99494E+16
109594,7.17121E+18,7,3,39,47,2017,12,11,5,2,5,2,0,1,0,0,0,0,0,4.41885E+20,5.53351E+21,8.18992E+15,4.99512E+16
109595,7.17121E+18,7,3,31,58,2017,12,17,5,2,3,6,0,1,0,0,0,2,0,4.39298E+20,5.52364E+21,8.15541E+15,4.98621E+16
109596,7.17121E+18,7,3,15,0,2017,12,7,5,3,2,6,0,1,0,0,0,2,0,4.41465E+20,5.53914E+21,8.18321E+15,5.00017E+16
109597,7.17121E+18,7,3,31,3,2017,12,17,5,3,9,1,0,0,0,1,0,2,0,4.34031E+20,5.51093E+21,8.08429E+15,4.97472E+16
109598,7.17121E+18,7,3,31,30,2017,12,5,5,2,8,7,0,1,0,0,0,2,0,4.31024E+20,5.51991E+21,8.04097E+15,4.98277E+16
109599,7.17122E+18,7,1,32,501,2017,12,12,5,3,6,2,0,1,1,0,0,0,1,4.03913E+20,5.61585E+21,7.63977E+15,5.06865E+16
109600,7.17121E+18,7,2,33,243,2017,12,16,5,2,8,6,0,1,0,0,0,1,1,3.51823E+20,5.56945E+21,6.92118E+15,5.02586E+16
109601,7.17122E+18,7,3,14,0,2017,12,15,5,3,2,6,0,1,0,0,0,0,1,4.59866E+20,5.48162E+21,8.44588E+15,4.94859E+16
109602,7.17122E+18,7,1,32,6,2017,12,0,6,3,8,1,0,0,0,1,0,2,1,4.20792E+20,5.62687E+21,7.87628E+15,5.07882E+16
109603,7.17122E+18,7,3,15,0,2017,12,18,6,3,5,2,0,1,0,0,0,2,1,4.44655E+20,5.5356E+21,8.22822E+15,4.99702E+16
109604,7.17122E+18,7,3,12,0,2017,12,13,6,3,9,1,0,1,0,0,0,0,1,4.07242E+20,5.47534E+21,7.72092E+15,4.94236E+16
109605,7.17121E+18,7,2,32,63,2017,12,18,5,3,5,5,0,1,0,0,0,2,1,3.17109E+20,5.52455E+21,6.45605E+15,4.98454E+16
109606,7.17121E+18,7,2,31,111,2017,12,17,5,2,9,1,0,1,0,0,0,2,1,3.44956E+20,5.52812E+21,6.84165E+15,4.98854E+16
109607,7.17112E+18,7,1,33,83,2017,11,18,5,3,8,7,0,1,0,0,0,2,1,4.06038E+20,5.51122E+21,7.69575E+15,4.97462E+16
109608,7.17121E+18,7,2,31,134,2017,12,0,5,3,8,1,0,1,0,0,0,2,1,3.473E+20,5.53971E+21,6.86967E+15,4.99901E+16
109609,7.17121E+18,7,1,34,10,2017,12,14,5,3,4,2,1,1,0,0,0,0,0,3.67448E+20,5.50088E+21,7.16385E+15,4.96459E+16
109610,7.17112E+18,7,3,32,24,2017,11,8,5,3,8,1,0,0,0,1,0,0,0,4.4125E+20,5.49074E+21,8.18752E+15,4.95664E+16
109611,7.17121E+18,7,1,34,10,2017,12,13,5,3,1,6,0,1,0,0,0,0,0,3.67718E+20,5.50086E+21,7.1676E+15,4.96458E+16
109612,7.17121E+18,7,2,11,0,2017,12,19,5,3,4,2,0,1,0,0,0,2,1,3.27403E+20,5.51606E+21,6.60288E+15,4.97722E+16
109613,7.17122E+18,7,2,32,272,2017,12,5,1,3,8,1,0,1,0,0,0,2,2,3.20307E+20,5.57401E+21,6.47727E+15,5.02908E+16
109614,7.17112E+18,7,3,34,13,2017,11,10,5,3,0,1,1,0,0,0,0,0,0,4.41049E+20,5.43683E+21,8.1927E+15,4.90815E+16
109615,7.17112E+18,7,3,18,0,2017,11,22,5,3,5,3,0,1,0,1,0,2,1,4.58567E+20,5.46486E+21,8.4297E+15,4.93351E+16
109616,7.17121E+18,7,1,43,206,2017,12,8,5,3,5,3,0,1,0,0,0,0,0,4.26111E+20,5.61198E+21,7.95471E+15,5.0655E+16
109617,7.17122E+18,7,2,32,137,2017,12,18,1,3,5,3,0,1,0,0,0,2,1,3.18542E+20,5.53221E+21,6.47237E+15,4.99147E+16
109618,7.17112E+18,7,3,38,26,2017,11,23,5,3,9,1,0,1,0,0,0,2,0,4.598E+20,5.47221E+21,8.44593E+15,4.94012E+16
109619,7.17112E+18,7,3,38,6,2017,11,13,5,3,3,6,1,1,0,0,0,0,0,4.49412E+20,5.47646E+21,8.30221E+15,4.94387E+16
109620,7.17121E+18,7,1,32,18,2017,12,13,5,3,6,4,0,1,1,0,0,0,0,4.27071E+20,5.62143E+21,7.96642E+15,5.074E+16
109621,7.17112E+18,7,3,14,0,2017,11,7,5,3,5,2,1,1,0,0,0,0,0,4.57729E+20,5.47892E+21,8.41666E+15,4.94614E+16
109622,7.17112E+18,7,1,33,114,2017,11,15,5,3,2,6,0,1,0,0,1,0,0,4.15009E+20,5.52854E+21,7.81644E+15,4.99032E+16
109623,7.17121E+18,7,1,37,228,2017,12,16,5,2,4,2,0,1,0,0,0,2,0,3.89732E+20,5.58594E+21,7.44795E+15,5.04151E+16
109624,7.17112E+18,7,3,31,49,2017,11,13,5,3,3,6,0,1,0,0,0,0,0,4.45163E+20,5.50782E+21,8.23924E+15,4.97204E+16
109625,7.17121E+18,7,1,11,0,2017,12,14,5,2,8,1,0,1,1,0,0,0,0,3.99158E+20,5.57858E+21,7.58254E+15,5.03506E+16
109626,7.17112E+18,7,3,15,0,2017,11,17,5,3,3,6,0,1,0,0,0,2,0,4.45747E+20,5.53534E+21,8.24349E+15,4.9968E+16
109627,7.17112E+18,7,3,39,42,2017,11,7,5,3,4,2,0,1,0,0,0,0,0,4.416E+20,5.52731E+21,8.18688E+15,4.98953E+16
109628,7.17121E+18,7,3,20,0,2017,12,9,4,3,5,3,0,1,0,0,1,0,1,3.79454E+20,5.45561E+21,7.34385E+15,4.92414E+16
109629,7.17112E+18,7,3,15,0,2017,11,17,5,3,5,3,1,1,0,0,0,2,0,4.44219E+20,5.54178E+21,8.22125E+15,5.00257E+16
109630,7.17112E+18,7,2,33,53,2017,11,13,5,3,7,6,0,1,0,0,0,0,0,3.30613E+20,5.57313E+21,6.62222E+15,5.02859E+16
109631,7.17112E+18,7,1,34,45,2017,11,20,5,3,9,1,0,1,0,0,0,2,1,3.7889E+20,5.50684E+21,7.32043E+15,4.97019E+16
109632,7.17112E+18,7,1,34,45,2017,11,18,5,3,2,6,0,1,0,0,0,2,1,3.77363E+20,5.50916E+21,7.29853E+15,4.97224E+16
109633,7.17121E+18,7,3,12,0,2017,12,16,4,3,2,6,0,1,0,0,0,2,0,4.05798E+20,5.48053E+21,7.69977E+15,4.94701E+16
109634,7.17112E+18,7,2,35,68,2017,11,18,5,3,2,6,0,1,0,0,0,0,0,3.26271E+20,5.50928E+21,6.59019E+15,4.97109E+16
109635,7.17121E+18,7,3,35,43,2017,12,7,4,3,2,6,0,1,0,0,0,2,0,3.9785E+20,5.48231E+21,7.58965E+15,4.94848E+16
109636,7.17121E+18,7,3,34,28,2017,12,7,4,3,2,6,0,1,0,0,0,1,0,4.52829E+20,5.45864E+21,8.35146E+15,4.92787E+16
109637,7.17121E+18,7,3,34,1,2017,12,4,4,3,7,7,0,1,0,0,0,2,0,4.51249E+20,5.44962E+21,8.33082E+15,4.91974E+16
109638,7.17121E+18,7,3,38,26,2017,12,11,4,3,8,1,0,1,0,0,0,0,0,4.60973E+20,5.47178E+21,8.46212E+15,4.93975E+16
109639,7.17121E+18,7,3,11,0,2017,12,11,4,2,5,3,1,1,0,0,0,0,0,4.53775E+20,5.48779E+21,8.36106E+15,4.95409E+16
109640,7.17121E+18,7,3,38,12,2017,12,6,4,3,3,6,0,1,0,0,0,1,0,4.4923E+20,5.48938E+21,8.29805E+15,4.95549E+16
109641,7.17121E+18,7,3,14,0,2017,12,17,4,3,2,2,0,1,0,0,0,2,0,4.55348E+20,5.48199E+21,8.38346E+15,4.94889E+16
109642,7.17122E+18,7,3,15,0,2017,12,7,4,3,2,6,0,1,0,0,1,0,1,4.46729E+20,5.53536E+21,8.25718E+15,4.99682E+16
109643,7.17122E+18,7,1,11,0,2017,12,22,5,3,8,1,1,0,0,0,0,2,1,3.95398E+20,5.57788E+21,7.5299E+15,5.03437E+16
109644,7.17112E+18,7,1,43,242,2017,11,18,5,3,5,3,0,1,0,0,0,2,1,4.28028E+20,5.60789E+21,7.98263E+15,5.06185E+16
109645,7.17112E+18,7,1,41,201,2017,11,12,5,3,1,5,0,1,0,0,0,0,0,4.11314E+20,5.58193E+21,7.75257E+15,5.03828E+16
109646,7.17112E+18,7,1,38,68,2017,11,8,5,3,3,6,0,1,0,0,0,0,0,3.82007E+20,5.60715E+21,7.33255E+15,5.06043E+16
109647,7.17112E+18,7,1,32,117,2017,11,7,5,3,0,2,0,1,0,1,0,0,0,4.10506E+20,5.62678E+21,7.73041E+15,5.07859E+16
109648,7.17122E+18,7,1,43,280,2017,12,11,1,3,8,6,0,1,0,0,0,0,2,4.22283E+20,5.6151E+21,7.89992E+15,5.06825E+16
109649,7.17121E+18,7,3,14,0,2017,12,15,4,3,5,3,0,1,0,0,0,0,0,4.55067E+20,5.48273E+21,8.37949E+15,4.94956E+16
109650,7.17121E+18,7,1,33,6,2017,12,16,4,3,2,1,0,1,0,0,0,2,0,4.18763E+20,5.52167E+21,7.87015E+15,4.9842E+16
109651,7.17121E+18,7,1,33,23,2017,12,16,4,2,9,1,0,1,0,0,0,1,0,4.12169E+20,5.53583E+21,7.77524E+15,4.99684E+16
109652,7.17121E+18,7,1,33,6,2017,12,15,4,2,9,1,0,0,0,1,0,0,0,4.20752E+20,5.52265E+21,7.89762E+15,4.9851E+16
109653,7.17121E+18,7,1,33,6,2017,12,10,4,3,2,6,1,1,0,0,0,0,0,4.18705E+20,5.52335E+21,7.869E+15,4.98571E+16
109654,7.17121E+18,7,3,31,43,2017,12,19,4,3,5,2,0,1,0,0,0,2,0,4.34468E+20,5.51557E+21,8.08958E+15,4.9789E+16
109655,7.17121E+18,7,3,15,0,2017,12,19,4,3,1,6,0,1,0,0,0,2,0,4.44394E+20,5.54195E+21,8.22366E+15,5.00273E+16
109656,7.17122E+18,7,3,39,42,2017,12,16,5,3,2,2,0,1,0,0,0,2,1,4.42992E+20,5.5278E+21,8.20619E+15,4.98999E+16
109657,7.17122E+18,7,1,37,216,2017,12,13,6,2,2,2,0,1,0,0,1,0,1,3.94138E+20,5.58393E+21,7.51051E+15,5.03979E+16
109658,7.17122E+18,7,2,35,68,2017,12,17,6,2,4,6,0,1,0,0,0,2,1,3.31224E+20,5.50591E+21,6.66028E+15,4.96821E+16
109659,7.17121E+18,7,3,15,0,2017,12,17,4,3,6,4,0,1,1,0,0,2,0,4.45509E+20,5.54073E+21,8.2394E+15,5.00164E+16
109660,7.17121E+18,7,3,15,0,2017,12,7,4,3,0,3,1,1,0,0,0,2,0,4.45029E+20,5.53891E+21,8.23297E+15,4.99999E+16
109661,7.17112E+18,7,1,32,117,2017,11,7,5,3,1,6,0,1,0,0,0,1,0,4.10639E+20,5.62668E+21,7.73233E+15,5.07849E+16
109662,7.17121E+18,7,2,33,29,2017,12,17,4,3,7,7,0,1,1,0,0,2,0,3.31894E+20,5.57157E+21,6.64087E+15,5.02723E+16
109663,7.17121E+18,7,1,34,10,2017,12,15,4,2,2,6,0,1,0,0,0,0,0,3.68221E+20,5.50124E+21,7.17444E+15,4.96493E+16
109664,7.17112E+18,7,1,32,117,2017,11,7,5,3,5,2,0,1,0,0,1,0,0,4.10307E+20,5.6263E+21,7.72771E+15,5.07815E+16
109665,7.17121E+18,7,2,11,0,2017,12,13,4,3,1,6,0,1,0,0,0,0,0,3.30243E+20,5.51341E+21,6.64343E+15,4.97492E+16
109666,7.17121E+18,7,1,43,283,2017,12,18,4,3,5,3,0,1,0,0,0,2,0,4.32112E+20,5.61161E+21,8.03966E+15,5.06524E+16
109667,7.17112E+18,7,1,32,44,2017,11,14,5,2,1,2,0,1,0,0,0,0,0,4.07176E+20,5.62426E+21,7.68382E+15,5.07627E+16
109668,7.17112E+18,7,1,38,45,2017,11,15,5,3,3,6,0,1,0,0,0,0,0,3.92529E+20,5.59209E+21,7.48554E+15,5.04709E+16
109669,7.17121E+18,7,1,43,250,2017,12,13,4,3,5,3,0,1,0,0,0,0,0,4.10128E+20,5.61597E+21,7.72769E+15,5.06886E+16
109670,7.17121E+18,7,1,43,48,2017,12,7,4,3,1,6,0,1,0,0,0,1,1,4.17791E+20,5.58888E+21,7.84213E+15,5.04462E+16
109671,7.17122E+18,7,1,37,114,2017,12,1,1,3,8,1,0,1,0,0,0,2,1,3.82945E+20,5.56597E+21,7.35865E+15,5.02343E+16
109672,7.17112E+18,7,1,35,36,2017,11,18,5,3,7,7,0,1,0,0,0,2,1,3.68629E+20,5.56054E+21,7.1599E+15,5.01825E+16
109673,7.17112E+18,7,1,35,18,2017,11,6,5,2,8,1,0,1,0,0,0,2,1,3.62163E+20,5.5614E+21,7.06906E+15,5.01888E+16
109674,7.17121E+18,7,1,38,12,2017,12,12,4,2,2,6,0,1,0,0,0,0,0,4.04543E+20,5.60042E+21,7.65265E+15,5.05479E+16
109675,7.17122E+18,7,1,40,501,2017,12,7,1,3,9,1,0,1,0,0,0,1,1,3.99912E+20,5.56757E+21,7.59605E+15,5.02518E+16
109676,7.17112E+18,7,1,37,55,2017,11,22,5,3,8,1,0,1,0,0,0,2,1,3.76642E+20,5.57857E+21,7.2662E+15,5.03462E+16
109677,7.17112E+18,7,1,41,75,2017,11,17,5,2,2,6,0,1,0,1,0,2,0,4.0329E+20,5.57398E+21,7.64179E+15,5.031E+16
109678,7.17121E+18,7,1,38,4,2017,12,6,4,3,8,6,0,1,0,0,0,2,1,3.82397E+20,5.59916E+21,7.3406E+15,5.05325E+16
109679,7.17112E+18,7,1,37,221,2017,11,15,5,1,2,6,1,1,0,0,0,0,0,4.00574E+20,5.57184E+21,7.60423E+15,5.02903E+16
109680,7.17121E+18,7,1,35,51,2017,12,14,4,3,4,6,0,1,0,0,0,0,0,3.68049E+20,5.56214E+21,7.15123E+15,5.01967E+16
109681,7.17112E+18,7,1,37,203,2017,11,16,5,2,2,6,0,1,0,0,0,1,0,3.99972E+20,5.58497E+21,7.59229E+15,5.04082E+16
109682,7.17112E+18,7,1,31,81,2017,11,17,5,3,2,6,0,1,0,0,0,1,0,3.73884E+20,5.59326E+21,7.22252E+15,5.04777E+16
109683,7.17121E+18,7,1,37,11,2017,12,16,4,3,4,2,0,1,0,0,0,0,1,3.63029E+20,5.57208E+21,7.07733E+15,5.02849E+16
109684,7.17121E+18,7,1,37,216,2017,12,11,4,3,0,7,0,0,0,1,1,0,0,3.93327E+20,5.58538E+21,7.49869E+15,5.04107E+16
109685,7.17121E+18,7,1,37,216,2017,12,8,4,3,5,3,0,1,0,0,0,0,0,3.94698E+20,5.58248E+21,7.51879E+15,5.0385E+16
109686,7.17122E+18,7,3,39,37,2017,12,17,5,3,2,6,0,1,0,0,0,2,1,4.4709E+20,5.52725E+21,8.26332E+15,4.98953E+16
109687,7.17121E+18,7,1,40,45,2017,12,10,4,3,6,4,0,1,1,0,0,0,1,3.97371E+20,5.55728E+21,7.56322E+15,5.01588E+16
109688,7.17122E+18,7,1,40,46,2017,12,20,6,2,9,1,0,1,0,0,0,2,1,3.8858E+20,5.54403E+21,7.44405E+15,5.00381E+16
109689,7.17122E+18,7,1,34,45,2017,12,15,6,3,2,6,0,1,0,0,0,0,1,3.75562E+20,5.51214E+21,7.2726E+15,4.97488E+16
109690,7.17122E+18,7,3,34,12,2017,12,23,6,2,8,7,0,1,0,0,0,2,1,4.48864E+20,5.43777E+21,8.2996E+15,4.90907E+16
109691,7.17122E+18,7,1,38,12,2017,12,4,7,1,9,1,0,1,0,0,0,2,1,4.00896E+20,5.59882E+21,7.60161E+15,5.05329E+16
109692,7.17121E+18,7,1,11,0,2017,12,7,4,3,4,6,1,0,0,0,0,0,0,3.97453E+20,5.57956E+21,7.55832E+15,5.03592E+16
109693,7.17121E+18,7,3,17,0,2017,12,14,3,3,1,6,0,1,0,0,0,0,0,3.97741E+20,5.45221E+21,7.59588E+15,4.92141E+16
109694,7.17112E+18,7,1,31,7,2017,11,13,5,2,2,6,0,1,0,0,1,0,0,3.69705E+20,5.60097E+21,7.16097E+15,5.05461E+16
109695,7.17121E+18,7,3,12,0,2017,12,17,3,3,2,6,0,1,0,0,0,2,0,4.12983E+20,5.47894E+21,7.79927E+15,4.94569E+16
109696,7.17112E+18,7,1,31,90,2017,11,9,5,3,2,6,0,1,0,0,1,0,0,3.6185E+20,5.60562E+21,7.04843E+15,5.05862E+16
109697,7.17121E+18,7,3,32,24,2017,12,16,3,2,5,3,0,1,0,0,0,2,0,4.40138E+20,5.49323E+21,8.17177E+15,4.95887E+16
109698,7.17122E+18,7,1,32,65,2017,12,10,1,2,8,1,0,1,0,0,0,0,1,3.93301E+20,5.60378E+21,7.49306E+15,5.05762E+16
109699,7.17112E+18,7,1,43,12,2017,11,9,5,3,3,6,0,1,0,0,1,0,0,4.12256E+20,5.59041E+21,7.76384E+15,5.04591E+16
109700,7.17121E+18,7,3,38,7,2017,12,17,3,3,5,3,1,1,0,0,0,2,0,4.55523E+20,5.46224E+21,8.38809E+15,4.93113E+16
109701,7.17112E+18,7,1,37,202,2017,11,8,5,3,1,6,0,1,0,0,1,0,0,3.91806E+20,5.57929E+21,7.47905E+15,5.03557E+16
109702,7.17112E+18,7,3,12,0,2017,11,17,4,3,2,6,0,1,0,0,1,2,0,4.04309E+20,5.47766E+21,7.67992E+15,4.94441E+16
109703,7.17121E+18,7,3,18,0,2017,12,16,3,3,2,6,0,1,0,0,0,1,0,4.58563E+20,5.46491E+21,8.42963E+15,4.93355E+16
109704,7.17112E+18,7,3,36,105,2017,11,19,4,3,7,6,0,1,1,0,0,2,0,4.00269E+20,5.49251E+21,7.62045E+15,4.95769E+16
109705,7.17112E+18,7,3,35,38,2017,11,20,4,3,5,3,0,1,0,0,0,2,0,3.95268E+20,5.47644E+21,7.55556E+15,4.94316E+16
109706,7.17121E+18,7,3,18,0,2017,12,13,3,3,1,2,0,1,0,0,0,0,0,4.59694E+20,5.46295E+21,8.4454E+15,4.9318E+16
109707,7.17112E+18,7,3,35,22,2017,11,13,4,2,5,2,1,1,0,0,0,0,0,3.96823E+20,5.4727E+21,7.57797E+15,4.93983E+16
109708,7.17121E+18,7,1,33,68,2017,12,11,3,3,5,3,0,1,0,0,0,0,0,4.0533E+20,5.5284E+21,7.68173E+15,4.99005E+16
109709,7.17121E+18,7,1,33,31,2017,12,10,3,3,2,2,0,0,0,0,1,0,1,4.23825E+20,5.51791E+21,7.94128E+15,4.98088E+16
109710,7.17112E+18,7,3,36,92,2017,11,18,4,2,9,7,0,1,0,0,0,2,0,3.80294E+20,5.47319E+21,7.35012E+15,4.93996E+16
109711,7.17121E+18,7,1,33,23,2017,12,5,3,2,9,1,0,1,0,0,0,2,1,4.08012E+20,5.53663E+21,7.7171E+15,4.99749E+16
109712,7.17112E+18,7,3,35,24,2017,11,14,4,3,2,2,0,1,0,0,1,0,0,3.9793E+20,5.48164E+21,7.59092E+15,4.94788E+16
109713,7.17121E+18,7,3,31,3,2017,12,13,3,3,5,3,0,1,0,1,0,0,0,4.37253E+20,5.51051E+21,8.12909E+15,4.97438E+16
109714,7.17112E+18,7,3,32,24,2017,11,16,4,2,8,6,0,1,0,0,0,0,0,4.38422E+20,5.48923E+21,8.14865E+15,4.95525E+16
109715,7.17112E+18,7,3,18,0,2017,11,8,4,3,2,6,0,1,0,0,1,0,0,4.56288E+20,5.46094E+21,8.39876E+15,4.92996E+16
109716,7.17122E+18,7,3,35,3,2017,12,7,4,3,6,4,0,1,1,0,0,2,1,3.87068E+20,5.47123E+21,7.44399E+15,4.93833E+16
109717,7.17112E+18,7,1,33,52,2017,11,12,4,3,2,6,0,1,0,0,0,0,0,3.89677E+20,5.51609E+21,7.46735E+15,4.97871E+16
109718,7.17112E+18,7,1,33,103,2017,11,17,4,3,5,3,0,1,0,1,0,2,0,4.11792E+20,5.53313E+21,7.77061E+15,4.9944E+16
109719,7.17112E+18,7,3,31,73,2017,11,17,4,3,5,2,0,1,0,0,1,2,0,4.37002E+20,5.52278E+21,8.1236E+15,4.98541E+16
109720,7.17112E+18,7,3,31,10,2017,11,19,4,3,5,3,0,1,0,0,1,2,0,4.3809E+20,5.51599E+21,8.13982E+15,4.97931E+16
109721,7.17112E+18,7,3,31,32,2017,11,17,4,3,1,5,0,1,0,0,0,2,0,4.4198E+20,5.51473E+21,8.19405E+15,4.97822E+16
109722,7.17112E+18,7,3,31,55,2017,11,13,4,3,2,2,0,1,0,0,0,0,0,4.52665E+20,5.50608E+21,8.34351E+15,4.97054E+16
109723,7.17112E+18,7,2,32,86,2017,11,11,4,3,4,6,0,0,0,0,1,0,0,3.23067E+20,5.54399E+21,6.52993E+15,5.00219E+16
109724,7.17112E+18,7,2,35,68,2017,11,21,4,3,0,7,0,1,0,0,0,2,0,3.22735E+20,5.50505E+21,6.54311E+15,4.96719E+16
109725,7.17122E+18,7,3,32,27,2017,12,22,7,2,8,1,0,1,0,0,0,2,1,4.34042E+20,5.48673E+21,8.08851E+15,4.95296E+16
109726,7.17122E+18,7,3,32,32,2017,12,6,7,3,8,1,0,1,0,0,0,2,1,4.31048E+20,5.47016E+21,8.05003E+15,4.93802E+16
109727,7.17121E+18,7,3,31,25,2017,12,7,3,2,6,4,0,1,1,0,0,2,0,4.30683E+20,5.51525E+21,8.03706E+15,4.97857E+16
109728,7.17121E+18,7,3,39,24,2017,12,16,3,3,4,2,0,1,0,0,1,2,0,4.53457E+20,5.51576E+21,8.35335E+15,4.97925E+16
109729,7.17121E+18,7,3,15,0,2017,12,18,3,3,0,2,0,1,0,0,1,2,0,4.48332E+20,5.53755E+21,8.27923E+15,4.9988E+16
109730,7.17121E+18,7,3,31,61,2017,12,16,3,3,3,6,0,1,0,0,1,2,1,4.38429E+20,5.51737E+21,8.14431E+15,4.98056E+16
109731,7.17121E+18,7,3,31,3,2017,12,7,3,3,3,1,0,1,0,0,0,1,1,4.35307E+20,5.51353E+21,8.10157E+15,4.97707E+16
109732,7.17122E+18,7,1,38,70,2017,12,21,5,3,7,7,0,1,0,0,0,2,1,4.045E+20,5.60944E+21,7.64972E+15,5.0629E+16
109733,7.17122E+18,7,3,14,0,2017,12,17,5,3,6,4,0,1,1,0,0,2,1,4.51297E+20,5.48053E+21,8.32771E+15,4.94755E+16
109734,7.17121E+18,7,3,31,3,2017,12,7,3,2,2,6,0,1,0,0,0,1,1,4.35307E+20,5.51353E+21,8.10157E+15,4.97707E+16
109735,7.17121E+18,7,2,35,60,2017,12,7,3,3,2,6,0,1,0,0,0,2,1,3.35665E+20,5.51945E+21,6.71609E+15,4.9805E+16
109736,7.17121E+18,7,2,32,230,2017,12,18,3,3,2,2,0,1,0,0,0,2,0,3.03999E+20,5.56656E+21,6.25245E+15,5.02187E+16
109737,7.17121E+18,7,2,32,123,2017,12,9,3,3,8,1,0,1,0,0,0,0,1,3.33529E+20,5.53517E+21,6.67967E+15,4.99457E+16
109738,7.17121E+18,7,1,34,39,2017,12,8,3,3,8,1,0,1,0,0,0,2,1,3.8106E+20,5.51634E+21,7.34761E+15,4.97877E+16
109739,7.17121E+18,7,1,34,34,2017,12,14,3,3,4,6,0,1,0,0,1,0,1,3.6594E+20,5.50832E+21,7.14041E+15,4.97124E+16
109740,7.17121E+18,7,2,35,68,2017,12,15,3,3,2,6,0,1,0,0,0,1,0,3.25603E+20,5.50728E+21,6.58182E+15,4.96928E+16
109741,7.17121E+18,7,1,38,31,2017,12,10,3,3,8,1,0,1,0,0,0,0,1,3.99653E+20,5.59228E+21,7.58584E+15,5.0474E+16
109742,7.17121E+18,7,1,32,6,2017,12,17,3,2,2,6,0,1,0,1,0,2,1,4.19874E+20,5.62493E+21,7.86369E+15,5.07706E+16
109743,7.17121E+18,7,1,38,80,2017,12,9,3,2,2,2,0,1,0,0,0,0,1,3.88061E+20,5.61912E+21,7.41445E+15,5.07131E+16
109744,7.17121E+18,7,1,32,100,2017,12,7,3,3,4,6,0,1,0,0,0,1,0,3.97163E+20,5.61355E+21,7.54488E+15,5.06647E+16
109745,7.17121E+18,7,1,35,86,2017,12,7,3,3,2,2,0,1,0,0,1,0,0,3.70819E+20,5.55596E+21,7.1921E+15,5.01418E+16
109746,7.17121E+18,7,1,31,17,2017,12,12,3,3,9,1,0,1,0,0,0,0,1,3.62242E+20,5.59996E+21,7.05606E+15,5.05353E+16
109747,7.17122E+18,7,1,38,12,2017,12,7,5,3,1,2,0,1,0,0,0,1,1,4.04107E+20,5.60034E+21,7.64653E+15,5.05472E+16
109748,7.17122E+18,7,3,34,7,2017,12,17,5,3,5,3,0,1,0,0,0,1,1,4.53702E+20,5.45264E+21,8.36414E+15,4.92248E+16
109749,7.17122E+18,7,1,38,41,2017,12,19,6,3,2,3,0,1,0,0,0,2,1,3.78061E+20,5.60294E+21,7.2782E+15,5.05656E+16