OBJECTID,UIDENTSTLA,ULAND,UREGBEZ,UKREIS,UGEMEINDE,UJAHR,UMONAT,USTUNDE,UWOCHENTAG,UKATEGORIE,UART,UTYP1,IstRad,IstPKW,IstFuss,IstKrad,IstSonstig,LICHT,STRZUSTAND,LINREFX,LINREFY,XGCSWGS84,YGCSWGS84
109750,7.17122E+18,7,3,39,11,2017,12,15,6,3,0,1,0,0,0,1,0,0,1,4.51163E+20,5.52175E+21,8.32072E+15,4.98462E+16
109751,7.17121E+18,7,1,11,0,2017,12,17,3,3,2,6,0,1,0,0,0,2,0,3.9954E+20,5.58067E+21,7.58736E+15,5.03695E+16
109752,7.17121E+18,7,1,40,501,2017,12,14,3,3,2,1,0,1,0,0,1,0,0,3.94218E+20,5.5671E+21,7.51635E+15,5.02466E+16
109753,7.17112E+18,7,1,43,232,2017,11,23,4,3,2,6,0,1,0,0,1,2,0,4.21022E+20,5.59852E+21,7.8856E+15,5.05333E+16
109754,7.1712E+18,7,3,20,0,2017,12,17,2,3,5,2,0,1,0,0,0,2,1,3.80576E+20,5.45636E+21,7.35903E+15,4.92484E+16
109755,7.17112E+18,7,1,43,225,2017,11,7,4,2,5,3,0,1,0,0,0,2,0,4.10125E+20,5.61732E+21,7.72732E+15,5.07007E+16
109756,7.1712E+18,7,3,35,38,2017,12,17,2,3,2,1,0,1,0,0,1,2,1,3.92687E+20,5.47606E+21,7.52009E+15,4.94278E+16
109757,7.1712E+18,7,3,35,205,2017,12,13,2,3,1,2,0,1,0,0,0,0,1,4.16445E+20,5.48472E+21,7.84581E+15,4.95094E+16
109758,7.17122E+18,7,3,34,5,2017,12,12,7,3,5,3,0,1,0,0,0,0,1,4.36094E+20,5.43533E+21,8.1251E+15,4.90676E+16
109759,7.17112E+18,7,1,32,6,2017,11,18,4,2,4,6,1,0,0,0,0,2,0,4.20893E+20,5.62669E+21,7.87775E+15,5.07866E+16
109760,7.1712E+18,7,3,35,38,2017,12,12,2,3,1,6,0,1,0,0,0,0,1,3.95509E+20,5.47549E+21,7.55915E+15,4.94231E+16
109761,7.1712E+18,7,3,12,0,2017,12,18,2,3,0,1,0,0,0,1,0,2,1,4.10892E+20,5.47683E+21,7.77091E+15,4.94376E+16
109762,7.17122E+18,7,3,37,2,2017,12,5,7,3,5,3,0,1,0,0,1,2,0,4.42973E+20,5.45958E+21,8.21582E+15,4.92863E+16
109763,7.17112E+18,7,1,32,32,2017,11,13,4,2,4,6,0,1,0,0,0,0,0,3.96422E+20,5.61224E+21,7.53477E+15,5.06528E+16
109764,7.17112E+18,7,1,38,45,2017,11,13,4,3,2,6,0,1,0,0,0,0,0,3.91956E+20,5.58641E+21,7.4791E+15,5.04198E+16
109765,7.1712E+18,7,3,16,0,2017,12,17,2,2,6,2,0,1,1,0,0,2,0,4.3765E+20,5.46732E+21,8.14142E+15,4.93554E+16
109766,7.17122E+18,7,3,18,0,2017,12,12,7,3,2,6,0,1,0,0,0,0,1,4.58444E+20,5.4625E+21,8.42824E+15,4.93138E+16
109767,7.17112E+18,7,1,31,7,2017,11,13,4,3,2,6,0,1,0,0,0,0,0,3.6657E+20,5.60145E+21,7.11657E+15,5.05498E+16
109768,7.17112E+18,7,1,31,7,2017,11,13,4,3,2,6,0,1,0,0,0,0,0,3.6795E+20,5.6013E+21,7.13609E+15,5.05487E+16
109769,7.1712E+18,7,3,16,0,2017,12,16,2,3,4,2,1,1,0,0,0,0,0,4.38341E+20,5.46645E+21,8.15108E+15,4.93476E+16
109770,7.17112E+18,7,1,37,216,2017,11,9,4,2,5,2,0,1,0,0,0,0,0,3.94404E+20,5.58412E+21,7.51419E+15,5.03996E+16
109771,7.1712E+18,7,3,34,28,2017,12,15,2,2,8,1,0,1,0,0,0,0,1,4.53673E+20,5.45917E+21,8.363E+15,4.92835E+16
109772,7.17112E+18,7,1,37,203,2017,11,15,4,3,6,4,0,1,1,0,0,0,0,3.98457E+20,5.58814E+21,7.57011E+15,5.04365E+16
109773,7.17112E+18,7,1,11,0,2017,11,15,4,3,2,6,0,1,0,0,1,0,0,3.98179E+20,5.58463E+21,7.56715E+15,5.04049E+16
109774,7.1712E+18,7,3,34,25,2017,12,15,2,3,3,6,0,1,0,0,0,1,0,4.49242E+20,5.44419E+21,8.30397E+15,4.91484E+16
109775,7.1712E+18,7,3,34,17,2017,12,7,2,3,3,6,1,1,0,0,0,2,0,4.52161E+20,5.45525E+21,8.34267E+15,4.92482E+16
109776,7.17112E+18,7,3,40,225,2017,11,14,3,3,8,1,0,1,0,0,0,0,1,3.91329E+20,5.46425E+21,7.50458E+15,4.93213E+16
109777,7.17112E+18,7,3,40,7,2017,11,9,3,3,2,6,0,1,0,0,0,0,1,3.98411E+20,5.45638E+21,7.60401E+15,4.92517E+16
109778,7.17112E+18,7,3,37,73,2017,11,17,3,3,2,6,0,1,0,0,0,2,0,4.31167E+20,5.4507E+21,8.05502E+15,4.92052E+16
109779,7.17112E+18,7,3,14,0,2017,11,13,3,3,3,6,0,1,0,0,1,0,1,4.57977E+20,5.47965E+21,8.42001E+15,4.94681E+16
109780,7.17112E+18,7,3,33,38,2017,11,10,3,3,9,1,0,1,0,0,0,0,1,4.33786E+20,5.49107E+21,8.08425E+15,4.95686E+16
109781,7.17112E+18,7,3,19,0,2017,11,7,3,3,8,1,0,1,0,0,0,2,1,4.53438E+20,5.50205E+21,8.35472E+15,4.96692E+16
109782,7.17112E+18,7,3,39,57,2017,11,7,3,2,6,4,0,1,1,0,0,1,1,4.37413E+20,5.52895E+21,8.12833E+15,4.99096E+16
109783,7.17112E+18,7,3,15,0,2017,11,18,3,3,5,3,0,1,0,0,0,2,0,4.43606E+20,5.53932E+21,8.21305E+15,5.00036E+16
109784,7.17112E+18,7,3,15,0,2017,11,14,3,3,5,3,0,1,0,0,0,0,0,4.46946E+20,5.5394E+21,8.25964E+15,5.00045E+16
109785,7.17112E+18,7,2,31,501,2017,11,10,3,3,2,6,0,1,0,0,0,0,1,3.69594E+20,5.53233E+21,7.18301E+15,4.99291E+16
109786,7.17122E+18,7,3,14,0,2017,12,4,7,2,7,1,1,0,0,0,0,2,0,4.57819E+20,5.48288E+21,8.41748E+15,4.94971E+16
109787,7.17122E+18,7,1,33,6,2017,12,17,7,3,1,1,0,1,0,0,0,2,1,4.16786E+20,5.51832E+21,7.84338E+15,4.98115E+16
109788,,12,0,69,485,2017,1,16,4,3,8,6,0,1,0,0,0,1,2,7.48121E+20,5.771E+21,1.26176E+16,5.2034E+16
109789,,12,0,69,345,2017,1,16,4,2,9,1,0,1,0,0,1,0,2,7.63181E+20,5.78893E+21,1.28505E+16,5.21879E+16
109790,7.17123E+18,7,3,14,0,2017,12,9,6,2,4,6,0,1,0,0,1,0,0,4.60325E+20,5.48116E+21,8.45226E+15,4.94818E+16
109791,,12,0,72,426,2017,1,18,4,2,8,1,0,1,0,0,0,2,1,7.91763E+20,5.79312E+21,1.32711E+16,5.22111E+16
109792,,12,0,63,36,2017,1,4,4,3,5,3,0,1,0,0,0,2,0,7.69296E+20,5.83226E+21,1.29745E+16,5.25736E+16
109793,7.17123E+18,7,1,33,94,2017,12,19,6,3,8,1,0,1,0,0,0,2,2,3.95376E+20,5.52267E+21,7.54472E+15,4.98473E+16
109794,7.17123E+18,7,3,31,27,2017,12,19,6,2,9,1,0,1,0,0,0,2,2,4.32583E+20,5.50705E+21,8.06487E+15,4.97121E+16
109795,7.17123E+18,7,3,39,64,2017,12,17,6,3,4,6,0,1,0,0,0,2,2,4.47609E+20,5.51802E+21,8.2718E+15,4.98124E+16
109796,7.17123E+18,7,2,31,124,2017,12,16,6,3,6,2,0,1,1,0,0,2,1,3.6491E+20,5.53487E+21,7.11689E+15,4.99509E+16
109797,,12,0,66,304,2017,1,13,5,3,9,1,0,1,0,0,0,0,2,8.4177E+20,5.71496E+21,1.39232E+16,5.14823E+16
109798,,12,0,71,301,2017,1,15,6,2,8,1,0,1,0,0,0,0,2,8.70839E+20,5.7353E+21,1.43615E+16,5.16461E+16
109799,,12,0,72,17,2017,1,21,6,2,5,3,0,1,0,0,0,2,0,7.99346E+20,5.80701E+21,1.33941E+16,5.23316E+16
109800,,12,0,66,41,2017,1,16,7,3,2,6,0,1,0,0,0,0,1,8.40578E+20,5.73469E+21,1.39252E+16,5.16598E+16
109801,,12,0,60,5,2017,1,18,2,2,5,3,0,1,0,0,0,2,1,8.07053E+20,5.83887E+21,1.35361E+16,5.26128E+16
109802,,12,0,72,240,2017,1,13,6,3,9,1,0,1,0,0,0,0,0,7.85455E+20,5.80263E+21,1.3187E+16,5.22997E+16
109803,,12,0,51,0,2017,1,7,7,3,9,1,0,1,0,0,0,2,0,7.41578E+20,5.81483E+21,1.25537E+16,5.24302E+16
109804,,12,0,71,76,2017,1,15,2,3,8,1,0,1,0,0,0,0,1,8.85557E+20,5.75008E+21,1.45895E+16,5.17684E+16
109805,,12,0,62,24,2017,1,15,3,2,5,3,1,1,0,0,0,0,0,8.03899E+20,5.71622E+21,1.33806E+16,5.15152E+16
109806,,12,0,68,181,2017,1,14,4,3,8,1,0,0,0,0,1,0,2,7.22975E+20,5.89656E+21,1.23363E+16,5.31716E+16
109807,,12,0,69,616,2017,1,15,4,3,9,1,0,0,0,1,0,0,1,7.90339E+20,5.80953E+21,1.32644E+16,5.2359E+16
109808,7.17123E+18,7,2,31,124,2017,12,16,6,2,4,1,0,1,0,0,0,1,2,3.66126E+20,5.53362E+21,7.13426E+15,4.99399E+16
109809,7.17123E+18,7,2,33,39,2017,12,15,6,2,8,1,0,1,0,0,0,0,2,3.38837E+20,5.56655E+21,6.74037E+15,5.02291E+16
109810,7.17123E+18,7,2,32,296,2017,12,17,6,3,0,1,0,0,0,1,0,2,2,3.15232E+20,5.56343E+21,6.41126E+15,5.01942E+16
109811,,12,0,66,285,2017,1,0,4,3,3,1,0,1,0,0,1,2,2,8.40338E+20,5.71864E+21,1.39062E+16,5.15161E+16
109812,7.17123E+18,7,2,32,14,2017,12,18,6,3,1,1,0,1,0,0,0,2,2,3.20922E+20,5.54127E+21,6.50127E+15,4.99968E+16
109813,7.17123E+18,7,2,32,137,2017,12,16,6,3,5,3,0,1,0,0,1,2,2,3.18546E+20,5.53223E+21,6.47242E+15,4.99149E+16
109814,,12,0,66,196,2017,1,7,4,3,8,7,0,1,0,0,0,0,1,8.45422E+20,5.75295E+21,1.40131E+16,5.18204E+16
109815,7.17123E+18,7,2,32,81,2017,12,16,6,2,4,1,0,1,0,0,0,0,2,3.2801E+20,5.53982E+21,6.60073E+15,4.99859E+16
109816,,12,0,60,5,2017,1,2,5,3,8,1,0,0,0,1,0,2,2,8.14758E+20,5.83471E+21,1.36456E+16,5.25712E+16
109817,7.17123E+18,7,2,31,77,2017,12,16,6,3,4,6,0,1,0,0,0,2,2,3.65239E+20,5.52837E+21,7.12375E+15,4.98925E+16
109818,,12,0,69,656,2017,1,2,5,3,8,1,0,1,0,0,0,2,2,7.66224E+20,5.81472E+21,1.29153E+16,5.24178E+16
109819,,12,0,69,656,2017,1,14,6,3,6,4,0,1,1,0,0,0,1,7.66159E+20,5.80835E+21,1.29093E+16,5.23607E+16
109820,,12,0,65,225,2017,1,3,7,3,8,7,0,0,0,0,1,2,1,7.94296E+20,5.84579E+21,1.33544E+16,5.26819E+16
109821,,12,0,61,164,2017,1,2,4,3,7,7,0,1,0,0,0,2,1,8.14827E+20,5.76857E+21,1.35849E+16,5.19784E+16
109822,,12,0,61,17,2017,1,9,4,3,3,2,1,1,0,0,0,0,1,8.29069E+20,5.76635E+21,1.37894E+16,5.19503E+16
109823,,12,0,61,332,2017,1,1,4,3,9,1,0,1,0,0,0,2,1,8.11484E+20,5.79778E+21,1.35631E+16,5.22421E+16
109824,7.17123E+18,7,1,34,42,2017,12,16,6,3,8,1,0,1,0,0,0,1,2,3.67768E+20,5.49597E+21,7.16994E+15,4.96018E+16
109825,7.17123E+18,7,2,11,0,2017,12,3,6,2,6,4,0,1,1,0,0,2,0,3.33994E+20,5.52049E+21,6.69244E+15,4.98139E+16
109826,7.17123E+18,7,2,11,0,2017,12,14,6,3,6,4,0,1,1,0,0,0,1,3.30773E+20,5.51435E+21,6.65038E+15,4.97578E+16
109827,,12,0,68,320,2017,1,9,6,3,2,6,0,1,0,0,0,0,1,7.57386E+20,5.87069E+21,1.28293E+16,5.2924E+16
109828,,12,0,72,240,2017,1,6,6,3,4,6,0,1,0,0,0,2,1,7.88455E+20,5.80482E+21,1.32328E+16,5.23177E+16
109829,,12,0,64,125,2017,1,16,7,2,5,3,1,1,0,0,0,2,2,8.35773E+20,5.86126E+21,1.39816E+16,5.27964E+16
109830,,12,0,69,454,2017,1,20,1,3,5,3,0,1,0,0,0,2,0,7.83563E+20,5.80779E+21,1.31637E+16,5.2347E+16
109831,,12,0,70,173,2017,1,15,3,3,4,6,0,1,0,0,1,0,1,6.84972E+20,5.89967E+21,1.17703E+16,5.32141E+16
109832,7.17123E+18,7,1,43,299,2017,12,10,6,3,4,6,0,1,0,0,0,0,1,4.1611E+20,5.61556E+21,7.81245E+15,5.06858E+16
109833,7.17123E+18,7,1,41,16,2017,12,17,6,3,8,1,0,0,0,1,0,2,2,4.13124E+20,5.55472E+21,7.78428E+15,5.01383E+16
109834,7.17123E+18,7,1,41,95,2017,12,9,6,3,2,6,0,1,0,0,0,0,1,4.32916E+20,5.57588E+21,8.05745E+15,5.03312E+16
109835,,12,0,62,124,2017,1,17,4,3,5,3,0,1,0,0,0,2,1,8.14011E+20,5.7111E+21,1.35213E+16,5.14638E+16
109836,,12,0,62,425,2017,1,6,4,3,9,6,0,1,0,0,0,2,2,8.35408E+20,5.73129E+21,1.38475E+16,5.16324E+16
109837,,12,0,62,140,2017,1,15,4,3,9,1,0,1,0,0,0,0,2,8.30683E+20,5.72198E+21,1.37707E+16,5.15518E+16
109838,7.17123E+18,7,1,41,82,2017,12,17,6,3,8,1,0,1,0,0,0,2,2,4.19845E+20,5.56753E+21,7.87561E+15,5.02545E+16
109839,7.17123E+18,7,1,38,75,2017,12,14,6,3,5,3,0,1,0,0,0,0,1,3.80375E+20,5.60885E+21,7.30895E+15,5.06192E+16
109840,,12,0,64,472,2017,1,6,5,3,9,1,0,1,0,0,0,2,2,8.31928E+20,5.83535E+21,1.38987E+16,5.25667E+16
109841,7.17123E+18,7,1,38,73,2017,12,6,6,3,7,7,0,1,0,0,0,2,0,3.73986E+20,5.60821E+21,7.21891E+15,5.06122E+16
109842,,12,0,69,397,2017,1,12,5,3,2,6,0,1,0,0,0,0,1,7.74491E+20,5.80215E+21,1.30263E+16,5.2301E+16
109843,,12,0,61,20,2017,1,9,6,3,5,3,0,1,0,0,0,0,2,8.16083E+20,5.79919E+21,1.36315E+16,5.22521E+16
109844,,12,0,69,397,2017,1,9,6,3,3,6,0,1,0,0,1,0,0,7.77203E+20,5.80225E+21,1.3066E+16,5.23005E+16
109845,,12,0,69,306,2017,1,23,7,2,4,6,0,1,0,0,0,2,2,7.55747E+20,5.80443E+21,1.27537E+16,5.23304E+16
109846,7.17123E+18,7,1,37,69,2017,12,8,6,3,9,1,0,1,0,0,0,0,2,3.75217E+20,5.58272E+21,7.2448E+15,5.03833E+16
109847,7.17123E+18,7,1,40,80,2017,12,18,6,3,8,1,0,1,0,0,0,2,2,4.00153E+20,5.54801E+21,7.60457E+15,5.0076E+16
109848,7.17123E+18,7,1,40,36,2017,12,11,6,3,2,2,0,1,0,0,0,0,0,3.96849E+20,5.55696E+21,7.55599E+15,5.01559E+16
109849,7.17123E+18,7,1,11,0,2017,12,12,6,3,5,3,0,1,0,0,0,0,0,3.97037E+20,5.57425E+21,7.55393E+15,5.03114E+16
109850,7.17123E+18,7,1,38,71,2017,12,9,6,3,2,6,0,1,0,0,0,0,1,3.95585E+20,5.60244E+21,7.52569E+15,5.05645E+16
109851,7.17123E+18,7,3,17,0,2017,12,11,5,3,4,2,0,1,0,0,0,0,1,3.99242E+20,5.44949E+21,7.61716E+15,4.91899E+16
109852,7.17123E+18,7,3,35,43,2017,12,20,5,3,8,1,0,1,0,0,0,2,0,3.97444E+20,5.48443E+21,7.58349E+15,4.95039E+16
109853,,12,0,67,40,2017,1,21,4,3,8,1,0,1,0,0,0,2,2,8.52095E+20,5.81168E+21,1.41701E+16,5.23421E+16
109854,,12,0,73,8,2017,1,5,4,2,9,1,0,1,0,0,0,2,1,8.37359E+20,5.88323E+21,1.40278E+16,5.29921E+16
109855,7.17123E+18,7,3,38,6,2017,12,13,5,3,8,1,0,1,0,0,0,0,0,4.49714E+20,5.47595E+21,8.30645E+15,4.94341E+16
109856,7.17123E+18,7,3,32,2,2017,12,19,5,3,5,3,0,1,0,0,0,2,0,4.40387E+20,5.4795E+21,8.17728E+15,4.94652E+16
109857,,12,0,62,128,2017,1,4,5,2,9,1,0,1,0,0,1,2,2,7.94144E+20,5.72228E+21,1.32454E+16,5.15747E+16
109858,,12,0,68,320,2017,1,12,6,3,5,3,0,1,0,0,0,0,1,7.56115E+20,5.87173E+21,1.28113E+16,5.2934E+16
109859,,12,0,72,426,2017,1,14,6,3,2,6,0,1,0,0,0,0,0,7.88679E+20,5.79523E+21,1.32279E+16,5.22317E+16
109860,,12,0,73,8,2017,1,5,4,1,8,1,0,1,0,0,0,2,2,8.3213E+20,5.88923E+21,1.39563E+16,5.30491E+16
109861,,12,0,73,532,2017,1,5,4,3,4,6,0,1,0,0,0,2,1,8.46542E+20,5.89834E+21,1.41803E+16,5.31215E+16
109862,,12,0,73,97,2017,1,15,7,2,4,6,0,1,0,0,1,0,2,8.4818E+20,5.90662E+21,1.42137E+16,5.31947E+16
109863,,12,0,70,316,2017,1,17,2,2,5,3,0,1,0,0,0,2,0,7.11599E+20,5.89479E+21,1.21652E+16,5.31604E+16
109864,,12,0,64,428,2017,1,10,3,2,4,6,0,1,0,0,0,0,1,8.25634E+20,5.82817E+21,1.37991E+16,5.25062E+16
109865,7.17123E+18,7,3,32,19,2017,12,12,5,2,4,1,0,1,0,0,1,0,1,4.43273E+20,5.48596E+21,8.21618E+15,4.95236E+16
109866,7.17123E+18,7,3,18,0,2017,12,1,5,2,0,1,1,0,0,0,0,2,1,4.58216E+20,5.46518E+21,8.42483E+15,4.93379E+16
109867,7.17123E+18,7,1,33,108,2017,12,15,5,1,3,1,0,1,0,0,1,0,0,4.16436E+20,5.53075E+21,7.83584E+15,4.99232E+16
109868,7.17123E+18,7,2,32,332,2017,12,6,5,3,9,1,0,1,0,0,0,2,2,3.22225E+20,5.56107E+21,6.51024E+15,5.01751E+16
109869,,12,0,60,52,2017,1,11,4,2,5,3,1,1,0,0,0,0,1,8.24633E+20,5.86561E+21,1.38213E+16,5.28421E+16
109870,7.17123E+18,7,2,35,58,2017,12,10,5,2,4,6,0,1,0,0,0,0,2,3.44968E+20,5.50195E+21,6.85224E+15,4.96502E+16
109871,,12,0,67,528,2017,1,17,4,2,8,1,0,1,0,0,0,1,2,8.81214E+20,5.80047E+21,1.45829E+16,5.22224E+16
109872,7.17123E+18,7,1,32,501,2017,12,15,5,3,5,3,0,1,0,0,0,0,0,4.03707E+20,5.61748E+21,7.63642E+15,5.07011E+16
109873,,12,0,65,251,2017,1,15,4,3,9,1,0,1,0,0,0,0,2,7.73189E+20,5.84665E+21,1.30437E+16,5.27007E+16
109874,,12,0,64,44,2017,1,9,5,3,1,5,0,1,0,0,0,0,1,8.40026E+20,5.85976E+21,1.40429E+16,5.27803E+16
109875,,12,0,54,0,2017,1,14,5,3,5,3,1,1,0,0,0,0,1,7.76562E+20,5.8122E+21,1.30648E+16,5.23901E+16
109876,,12,0,70,173,2017,1,13,4,2,9,1,0,0,0,0,1,0,2,6.84464E+20,5.89643E+21,1.17608E+16,5.31852E+16
109877,7.17123E+18,7,1,32,28,2017,12,14,5,2,5,2,0,1,0,0,0,0,0,4.08543E+20,5.62465E+21,7.7031E+15,5.07664E+16
109878,,12,0,72,477,2017,1,8,3,3,5,6,0,1,0,0,0,0,1,8.04301E+20,5.79391E+21,1.34547E+16,5.22114E+16
109879,7.17123E+18,7,1,31,77,2017,12,13,5,2,6,4,0,1,1,0,0,0,0,3.76278E+20,5.60081E+21,7.25375E+15,5.05461E+16
109880,,12,0,64,222,2017,1,21,5,3,9,1,0,1,0,0,0,2,2,8.30557E+20,5.85062E+21,1.38938E+16,5.27043E+16
109881,7.17123E+18,7,1,31,37,2017,12,10,5,3,8,1,0,1,0,0,0,0,2,3.59367E+20,5.58522E+21,7.02106E+15,5.04022E+16
109882,,12,0,63,244,2017,1,17,5,3,5,3,1,1,0,0,0,2,0,7.26751E+20,5.82514E+21,1.2343E+16,5.25291E+16
109883,,12,0,61,433,2017,1,10,6,3,2,2,0,1,0,0,0,0,2,8.07348E+20,5.81477E+21,1.35182E+16,5.23967E+16
109884,,12,0,70,149,2017,1,18,7,2,8,1,0,1,0,0,0,2,2,7.22727E+20,5.87937E+21,1.23207E+16,5.30174E+16
109885,,12,0,64,539,2017,1,23,1,1,8,1,0,1,0,0,0,2,1,8.66149E+20,5.82412E+21,1.4389E+16,5.24442E+16
109886,7.17123E+18,7,1,11,0,2017,12,15,5,3,2,6,0,1,0,0,0,0,0,3.96268E+20,5.58357E+21,7.54056E+15,5.0395E+16
109887,7.17123E+18,7,1,37,43,2017,12,15,5,3,3,7,0,1,0,0,0,0,0,3.74374E+20,5.57044E+21,7.23704E+15,5.02727E+16
109888,7.17123E+18,7,3,40,32,2017,12,18,4,3,8,1,1,0,0,0,0,2,1,4.04909E+20,5.45177E+21,7.69438E+15,4.92113E+16
109889,,12,0,63,80,2017,1,18,3,3,3,6,1,1,0,0,0,2,1,7.77663E+20,5.83217E+21,1.30976E+16,5.25686E+16
109890,,12,0,69,656,2017,1,6,3,3,3,6,0,1,0,0,0,2,1,7.68971E+20,5.80843E+21,1.29505E+16,5.236E+16
109891,,12,0,69,397,2017,1,16,3,3,2,6,0,1,0,0,0,1,1,7.74446E+20,5.80199E+21,1.30255E+16,5.22995E+16
109892,,12,0,61,320,2017,1,13,3,3,8,1,0,1,0,0,0,0,1,8.30184E+20,5.75519E+21,1.37949E+16,5.18496E+16
109893,,12,0,60,24,2017,1,12,3,2,2,6,0,1,0,0,1,0,1,8.09389E+20,5.85875E+21,1.35892E+16,5.27896E+16
109894,7.17123E+18,7,3,12,0,2017,12,8,4,3,5,3,0,1,0,0,0,2,1,4.11007E+20,5.47797E+21,7.77223E+15,4.94479E+16
109895,,12,0,60,198,2017,1,9,3,2,8,1,0,1,0,0,0,0,1,8.17063E+20,5.87124E+21,1.37148E+16,5.28971E+16
109896,7.17123E+18,7,3,34,13,2017,12,17,4,3,1,6,0,1,0,0,0,2,1,4.41975E+20,5.43537E+21,8.20559E+15,4.90685E+16
109897,,12,0,61,260,2017,1,3,5,3,9,1,0,1,0,0,0,2,1,8.16143E+20,5.80094E+21,1.36341E+16,5.22677E+16
109898,,12,0,67,124,2017,1,13,6,3,5,3,1,1,0,0,0,0,2,8.23018E+20,5.81959E+21,1.37524E+16,5.24308E+16
109899,,12,0,72,17,2017,1,7,6,3,2,6,0,1,0,0,0,2,0,8.00352E+20,5.81104E+21,1.34124E+16,5.23672E+16
109900,,12,0,73,452,2017,1,8,4,3,1,2,0,1,0,0,0,0,0,8.24572E+20,5.91914E+21,1.38744E+16,5.33217E+16
109901,,12,0,60,5,2017,1,22,3,3,8,1,0,1,0,0,0,2,1,8.12622E+20,5.83865E+21,1.36179E+16,5.26077E+16
109902,,12,0,60,5,2017,1,16,3,2,8,1,0,1,0,0,0,1,1,8.11186E+20,5.83271E+21,1.35912E+16,5.25553E+16
109903,7.17123E+18,7,3,38,25,2017,12,13,4,3,9,1,0,1,0,0,0,0,1,4.5359E+20,5.47161E+21,8.3604E+15,4.93954E+16
109904,7.17123E+18,7,3,38,4,2017,12,15,4,3,1,5,1,1,0,0,0,0,0,4.53495E+20,5.49352E+21,8.35651E+15,4.95925E+16
109905,7.17123E+18,7,1,33,114,2017,12,22,4,3,7,7,0,1,0,0,0,2,1,4.15158E+20,5.52722E+21,7.81881E+15,4.98914E+16
109906,7.17123E+18,7,3,39,42,2017,12,11,4,3,1,1,0,1,0,1,0,0,1,4.42786E+20,5.52941E+21,8.20308E+15,4.99143E+16
109907,7.17123E+18,7,3,15,0,2017,12,6,4,3,6,4,0,1,1,0,0,2,1,4.40948E+20,5.53714E+21,8.1763E+15,4.99837E+16
109908,7.17123E+18,7,2,32,19,2017,12,20,4,2,6,4,0,1,1,0,0,2,1,3.10065E+20,5.52564E+21,6.35765E+15,4.9853E+16
109909,,12,0,70,145,2017,1,10,3,2,5,3,0,1,0,0,0,0,1,6.92206E+20,5.89637E+21,1.18765E+16,5.31819E+16
109910,,12,0,72,426,2017,1,20,2,2,1,7,0,1,0,0,0,2,2,7.9003E+20,5.78693E+21,1.32405E+16,5.21565E+16
109911,7.17123E+18,7,1,34,45,2017,12,15,4,3,2,6,0,1,0,0,0,0,0,3.79592E+20,5.50712E+21,7.33007E+15,4.97045E+16
109912,,12,0,72,426,2017,1,20,2,3,8,1,0,1,0,0,0,2,2,7.9003E+20,5.78693E+21,1.32405E+16,5.21565E+16
109913,,12,0,72,240,2017,1,16,2,3,2,6,0,1,0,0,0,1,1,7.89513E+20,5.8038E+21,1.32474E+16,5.23081E+16
109914,,12,0,64,336,2017,1,9,5,3,5,3,0,1,0,0,0,0,2,8.16606E+20,5.83073E+21,1.3669E+16,5.25344E+16
109915,,12,0,63,244,2017,1,11,5,3,4,1,0,1,0,0,0,0,2,7.31742E+20,5.82378E+21,1.24155E+16,5.25148E+16
109916,,12,0,52,0,2017,1,10,3,3,2,6,0,1,0,0,0,0,1,8.666E+20,5.74729E+21,1.43131E+16,5.17562E+16
109917,,12,0,65,256,2017,1,16,4,3,8,1,0,1,0,0,0,1,2,7.87884E+20,5.85424E+21,1.32673E+16,5.27611E+16
109918,,12,0,63,148,2017,1,22,2,3,8,1,0,1,0,0,0,2,2,7.60432E+20,5.82648E+21,1.28395E+16,5.25261E+16
109919,,12,0,54,0,2017,1,19,2,3,5,3,0,1,0,0,0,2,1,7.76849E+20,5.81361E+21,1.30702E+16,5.24026E+16
109920,,12,0,51,0,2017,1,23,2,3,9,1,0,1,0,0,0,2,1,7.40108E+20,5.81486E+21,1.25321E+16,5.24311E+16
109921,7.17123E+18,7,2,11,0,2017,12,13,4,3,5,3,0,1,0,1,0,0,1,3.28697E+20,5.51373E+21,6.62185E+15,4.97516E+16
109922,7.17123E+18,7,1,43,241,2017,12,12,4,3,5,3,0,1,0,0,0,0,1,4.1117E+20,5.60968E+21,7.74396E+15,5.06322E+16
109923,,12,0,51,0,2017,1,8,2,2,6,2,0,1,1,0,0,1,1,7.37953E+20,5.81291E+21,1.24991E+16,5.24146E+16
109924,,12,0,66,116,2017,1,21,2,3,8,1,0,0,0,0,1,2,2,8.28499E+20,5.71724E+21,1.37349E+16,5.15106E+16
109925,,12,0,61,260,2017,1,7,2,3,2,6,0,1,0,0,0,2,1,8.14203E+20,5.80233E+21,1.3607E+16,5.22813E+16
109926,,12,0,62,24,2017,1,21,2,2,8,1,0,1,0,0,0,2,2,8.06871E+20,5.71825E+21,1.3425E+16,5.15318E+16
109927,,12,0,62,24,2017,1,8,2,3,9,1,0,1,0,0,0,0,2,8.07103E+20,5.71188E+21,1.34228E+16,5.14745E+16
109928,,12,0,68,353,2017,1,7,5,3,6,4,0,1,1,0,0,2,2,7.60692E+20,5.89035E+21,1.28942E+16,5.30988E+16