OBJECTID,UIDENTSTLA,ULAND,UREGBEZ,UKREIS,UGEMEINDE,UJAHR,UMONAT,USTUNDE,UWOCHENTAG,UKATEGORIE,UART,UTYP1,IstRad,IstPKW,IstFuss,IstKrad,IstSonstig,LICHT,STRZUSTAND,LINREFX,LINREFY,XGCSWGS84,YGCSWGS84
109929,,12,0,69,20,2017,1,16,1,3,8,1,0,0,0,0,1,1,2,7.43036E+20,5.78395E+21,1.25528E+16,5.21525E+16
109930,,12,0,68,468,2017,1,11,3,3,5,2,0,1,0,0,0,0,0,7.34135E+20,5.89596E+21,1.25025E+16,5.31615E+16
109931,,12,0,69,397,2017,1,17,3,3,2,6,0,1,0,0,0,2,0,7.77903E+20,5.80228E+21,1.30763E+16,5.23004E+16
109932,,12,0,73,8,2017,1,12,4,2,9,7,0,1,0,0,0,0,2,8.3821E+20,5.89242E+21,1.40501E+16,5.30739E+16
109933,,12,0,71,32,2017,1,8,2,3,5,3,0,1,0,0,0,0,2,8.52536E+20,5.75225E+21,1.41152E+16,5.18097E+16
109934,7.17123E+18,7,1,38,4,2017,12,16,4,3,2,6,0,1,0,0,0,2,1,3.79336E+20,5.59845E+21,7.29764E+15,5.05255E+16
109935,,12,0,60,128,2017,1,7,2,3,4,1,0,1,0,0,1,2,1,8.33618E+20,5.86815E+21,1.39568E+16,5.28594E+16
109936,7.17123E+18,7,1,32,2,2017,12,17,4,3,5,3,0,1,0,0,0,2,1,4.21121E+20,5.62578E+21,7.88119E+15,5.07784E+16
109937,,12,0,68,353,2017,1,17,5,2,4,6,0,1,0,0,1,2,0,7.584E+20,5.88898E+21,1.2859E+16,5.30876E+16
109938,,12,0,61,433,2017,1,8,5,3,3,1,0,1,0,0,1,0,2,8.12305E+20,5.80649E+21,1.35831E+16,5.23197E+16
109939,,12,0,71,372,2017,1,13,6,3,6,4,0,1,1,0,0,0,1,8.72345E+20,5.72618E+21,1.43735E+16,5.15635E+16
109940,,12,0,63,208,2017,1,7,3,3,9,1,0,1,0,0,0,0,1,7.6904E+20,5.83715E+21,1.29747E+16,5.26175E+16
109941,,12,0,62,134,2017,1,13,4,3,8,1,0,1,0,0,0,0,2,8.09829E+20,5.73723E+21,1.34843E+16,5.17003E+16
109942,,12,0,64,227,2017,1,14,2,3,5,3,0,1,0,0,0,0,1,8.15572E+20,5.82821E+21,1.36514E+16,5.25124E+16
109943,,12,0,64,205,2017,1,11,2,3,5,3,0,1,0,0,1,0,1,8.26899E+20,5.85466E+21,1.38439E+16,5.27427E+16
109944,7.17123E+18,7,1,31,1,2017,12,12,4,3,0,1,0,0,0,1,0,0,1,3.53918E+20,5.58307E+21,6.94528E+15,5.03815E+16
109945,,12,0,64,393,2017,1,5,2,3,8,1,0,1,0,0,0,2,2,8.34331E+20,5.84423E+21,1.3943E+16,5.26448E+16
109946,,12,0,53,0,2017,1,18,2,3,5,3,1,1,0,0,0,2,0,8.75289E+20,5.81623E+21,1.45141E+16,5.23675E+16
109947,,12,0,65,100,2017,1,19,2,3,2,6,0,1,0,0,1,2,1,7.80002E+20,5.8908E+21,1.31823E+16,5.30931E+16
109948,,12,0,61,433,2017,1,19,1,2,9,1,0,1,0,0,0,2,0,8.10378E+20,5.80644E+21,1.35549E+16,5.23204E+16
109949,,12,0,66,196,2017,1,13,1,3,2,6,0,1,0,0,0,0,1,8.40332E+20,5.75479E+21,1.39413E+16,5.184E+16
109950,,12,0,71,372,2017,1,14,1,3,2,1,0,1,0,0,0,0,2,8.78067E+20,5.72732E+21,1.44569E+16,5.15698E+16
109951,7.17123E+18,7,1,37,229,2017,12,9,4,3,8,1,0,0,0,1,0,0,1,4.03419E+20,5.58643E+21,7.64041E+15,5.04219E+16
109952,,12,0,71,372,2017,1,14,1,3,9,1,0,1,0,0,0,0,2,8.78067E+20,5.72732E+21,1.44569E+16,5.15698E+16
109953,7.17123E+18,7,1,11,0,2017,12,10,4,3,9,1,0,1,0,0,0,0,1,3.9864E+20,5.57765E+21,7.57551E+15,5.03422E+16
109954,,12,0,60,20,2017,1,16,1,3,2,6,0,1,0,0,0,2,1,8.08961E+20,5.84319E+21,1.35683E+16,5.26505E+16
109955,7.17123E+18,7,3,33,54,2017,12,5,3,2,9,1,0,1,0,0,0,2,0,4.11617E+20,5.50882E+21,7.77372E+15,4.97254E+16
109956,,12,0,64,136,2017,1,13,1,3,9,1,0,1,0,0,0,0,1,8.2254E+20,5.82676E+21,1.37523E+16,5.24954E+16
109957,,12,0,71,57,2017,1,6,5,3,4,1,0,1,0,0,1,2,2,8.63809E+20,5.73369E+21,1.42586E+16,5.16363E+16
109958,,12,0,62,224,2017,1,20,2,2,3,6,1,0,0,0,1,2,1,7.90214E+20,5.73172E+21,1.31967E+16,5.16614E+16
109959,,12,0,62,445,2017,1,18,3,3,3,7,0,1,0,0,1,2,0,8.01156E+20,5.74423E+21,1.33652E+16,5.17678E+16
109960,,12,0,67,408,2017,1,16,4,2,9,1,0,1,0,0,0,1,2,8.41453E+20,5.80857E+21,1.40113E+16,5.2321E+16
109961,,12,0,60,269,2017,1,8,1,3,8,1,0,1,0,0,0,1,0,8.04257E+20,5.85924E+21,1.35138E+16,5.27969E+16
109962,,12,0,64,136,2017,1,3,1,2,9,1,0,1,0,0,0,2,1,8.21872E+20,5.82674E+21,1.37425E+16,5.24956E+16
109963,7.17123E+18,7,3,32,18,2017,12,23,3,2,5,3,0,1,0,0,0,2,1,4.30765E+20,5.46947E+21,8.04626E+15,4.9374E+16
109964,,12,0,51,0,2017,1,14,3,3,2,6,0,1,0,0,0,0,1,7.44308E+20,5.81169E+21,1.25915E+16,5.24008E+16
109965,,12,0,64,428,2017,1,20,3,3,3,6,0,1,0,0,1,2,1,8.22658E+20,5.82636E+21,1.37537E+16,5.24917E+16
109966,,12,0,60,192,2017,1,14,3,2,2,2,0,1,0,0,1,0,1,8.11936E+20,5.85043E+21,1.36189E+16,5.27136E+16
109967,,12,0,60,5,2017,1,7,3,3,3,6,0,1,0,0,0,1,1,8.11316E+20,5.83198E+21,1.35924E+16,5.25487E+16
109968,,12,0,64,29,2017,1,10,3,3,2,6,0,1,0,0,0,0,1,8.18417E+20,5.83267E+21,1.36974E+16,5.25507E+16
109969,,12,0,53,0,2017,1,18,3,3,6,2,0,1,1,0,0,2,1,8.77138E+20,5.81285E+21,1.45373E+16,5.23359E+16
109970,7.17123E+18,7,1,33,95,2017,12,7,1,3,8,7,0,1,0,0,0,1,1,4.0993E+20,5.53493E+21,7.74424E+15,4.99599E+16
109971,7.17123E+18,7,3,15,0,2017,12,16,3,3,2,6,0,1,0,0,0,2,1,4.48035E+20,5.5392E+21,8.27487E+15,5.00029E+16
109972,7.17123E+18,7,3,15,0,2017,12,15,3,3,3,6,0,1,0,0,0,0,1,4.51038E+20,5.53578E+21,8.3172E+15,4.99723E+16
109973,,12,0,67,124,2017,1,11,3,3,1,3,1,0,0,0,1,0,0,8.23018E+20,5.81959E+21,1.37524E+16,5.24308E+16
109974,,12,0,65,225,2017,1,20,3,2,4,1,0,1,0,0,0,2,1,7.9601E+20,5.84465E+21,1.33787E+16,5.26708E+16
109975,,12,0,63,357,2017,1,21,2,3,9,7,0,1,0,0,0,2,1,7.69089E+20,5.82865E+21,1.29686E+16,5.25413E+16
109976,,12,0,63,208,2017,1,15,2,2,5,3,1,1,0,0,0,0,1,7.65971E+20,5.8383E+21,1.29304E+16,5.26294E+16
109977,,12,0,63,56,2017,1,9,2,3,5,3,1,1,0,0,0,0,1,7.7534E+20,5.82818E+21,1.30601E+16,5.2534E+16
109978,,12,0,51,0,2017,1,7,2,3,7,7,0,1,0,0,0,1,1,7.37324E+20,5.81756E+21,1.24932E+16,5.24566E+16
109979,,12,0,66,112,2017,1,18,2,3,8,1,0,1,0,0,0,2,0,8.47134E+20,5.72761E+21,1.40126E+16,5.15924E+16
109980,,12,0,61,329,2017,1,7,2,2,8,1,0,1,0,0,0,0,0,8.39671E+20,5.77877E+21,1.39554E+16,5.20552E+16
109981,,12,0,61,492,2017,1,10,2,3,8,1,0,1,0,0,0,0,0,8.15372E+20,5.78573E+21,1.36086E+16,5.21319E+16
109982,7.17123E+18,7,2,35,501,2017,12,13,1,2,5,3,0,1,0,0,1,0,0,3.24797E+20,5.52244E+21,6.56385E+15,4.98287E+16
109983,,12,0,61,260,2017,1,8,2,3,8,1,0,1,0,0,0,0,0,8.20107E+20,5.80333E+21,1.36942E+16,5.22869E+16
109984,7.17123E+18,7,1,43,48,2017,12,17,1,3,2,6,0,1,0,0,0,1,0,4.17631E+20,5.58861E+21,7.83994E+15,5.04437E+16
109985,7.17123E+18,7,1,31,74,2017,12,14,1,3,8,1,0,1,0,0,0,0,1,3.52216E+20,5.58971E+21,6.91874E+15,5.04408E+16
109986,7.17123E+18,7,1,37,208,2017,12,15,1,3,5,3,1,1,0,0,0,0,0,3.86782E+20,5.56511E+21,7.41268E+15,5.02274E+16
109987,7.17123E+18,7,3,14,0,2017,12,18,7,3,5,2,0,1,0,0,0,2,1,4.57269E+20,5.47875E+21,8.41033E+15,4.94599E+16
109988,,12,0,61,260,2017,1,14,2,3,2,2,0,1,0,0,0,0,0,8.15786E+20,5.80534E+21,1.3633E+16,5.23074E+16
109989,,12,0,64,336,2017,1,5,2,3,3,2,1,1,0,0,0,2,1,8.19471E+20,5.82902E+21,1.37094E+16,5.25175E+16
109990,,12,0,64,428,2017,1,13,2,3,2,6,0,1,0,0,0,0,1,8.24291E+20,5.82442E+21,1.37757E+16,5.24734E+16
109991,,12,0,67,120,2017,1,10,2,1,5,3,1,0,0,0,1,0,0,8.85474E+20,5.7916E+21,1.46348E+16,5.214E+16
109992,7.17123E+18,7,2,31,107,2017,12,15,3,3,8,1,0,1,0,0,0,0,0,3.53903E+20,5.53568E+21,6.96324E+15,4.99556E+16
109993,,12,0,62,461,2017,1,16,1,3,8,1,0,1,0,0,0,0,0,7.88613E+20,5.74603E+21,1.31855E+16,5.17905E+16
109994,,12,0,67,120,2017,1,14,1,3,5,3,0,1,0,0,0,0,0,8.83742E+20,5.7929E+21,1.46111E+16,5.21529E+16
109995,,12,0,70,96,2017,1,11,1,2,2,6,0,1,0,0,0,0,0,7.15815E+20,5.90168E+21,1.22328E+16,5.32205E+16
109996,,12,0,64,227,2017,1,18,7,3,2,6,0,1,0,0,0,2,2,8.14563E+20,5.83114E+21,1.36394E+16,5.25393E+16
109997,,12,0,70,96,2017,1,12,1,3,2,6,0,1,0,0,0,0,0,7.16137E+20,5.90143E+21,1.22374E+16,5.32181E+16
109998,,12,0,67,469,2017,1,1,7,2,8,1,0,1,0,0,0,2,1,8.34248E+20,5.80753E+21,1.3905E+16,5.23161E+16
109999,,12,0,68,264,2017,1,7,2,2,5,3,1,0,0,0,0,0,1,7.28193E+20,5.87075E+21,1.23959E+16,5.29378E+16
110000,,12,0,69,656,2017,1,0,6,3,8,6,0,0,0,0,1,2,0,7.67024E+20,5.81532E+21,1.29275E+16,5.24228E+16
110001,,12,0,70,280,2017,1,17,3,2,2,2,0,1,0,0,0,2,0,7.15272E+20,5.90993E+21,1.22303E+16,5.32948E+16
110002,,12,0,70,296,2017,1,17,4,3,8,1,0,1,0,0,0,2,2,6.92229E+20,5.87965E+21,1.18668E+16,5.30317E+16
110003,,12,0,61,17,2017,1,18,4,3,8,1,0,1,0,0,0,2,2,8.28387E+20,5.76332E+21,1.37766E+16,5.19236E+16
110004,7.17123E+18,7,1,33,6,2017,12,15,7,3,2,6,0,1,0,1,0,0,1,4.18243E+20,5.52186E+21,7.86288E+15,4.98436E+16
110005,7.17123E+18,7,2,35,125,2017,12,7,3,3,8,1,0,1,0,0,0,2,1,3.36233E+20,5.52717E+21,6.72072E+15,4.98745E+16
110006,7.17123E+18,7,3,38,25,2017,12,19,2,3,8,1,0,1,0,0,0,2,0,4.5693E+20,5.47083E+21,8.40652E+15,4.93886E+16
110007,,12,0,61,260,2017,1,21,4,3,2,6,0,1,0,0,1,2,1,8.19922E+20,5.80705E+21,1.36951E+16,5.23203E+16
110008,7.17123E+18,7,3,33,19,2017,12,17,7,3,5,2,0,1,0,0,0,2,1,4.33015E+20,5.4894E+21,8.07387E+15,4.95535E+16
110009,,12,0,69,604,2017,1,20,6,2,2,6,0,1,0,0,0,2,1,7.83087E+20,5.81268E+21,1.31609E+16,5.2391E+16
110010,,12,0,69,590,2017,1,8,6,3,2,6,0,1,0,0,1,0,0,7.68596E+20,5.80118E+21,1.29393E+16,5.22952E+16
110011,,12,0,71,301,2017,1,18,6,3,8,1,0,1,0,0,0,2,0,8.76655E+20,5.74502E+21,1.44556E+16,5.17292E+16
110012,,12,0,61,260,2017,1,7,6,3,2,6,0,1,0,0,0,1,1,8.13929E+20,5.80325E+21,1.36039E+16,5.22897E+16
110013,,12,0,64,336,2017,1,5,6,2,6,2,0,1,1,0,0,2,1,8.19175E+20,5.82936E+21,1.37054E+16,5.25206E+16
110014,,12,0,64,227,2017,1,13,6,3,9,1,0,1,0,0,0,0,0,8.15247E+20,5.83171E+21,1.36499E+16,5.2544E+16
110015,,12,0,67,144,2017,1,17,6,3,8,1,0,1,0,0,0,2,1,8.46236E+20,5.81471E+21,1.40875E+16,5.2373E+16
110016,,12,0,65,84,2017,1,19,6,3,4,6,0,1,0,0,1,2,1,7.76996E+20,5.90107E+21,1.31464E+16,5.31867E+16
110017,,12,0,70,236,2017,1,17,6,3,4,2,0,1,0,0,0,2,1,6.75923E+20,5.88327E+21,1.16259E+16,5.30699E+16
110018,7.17123E+18,7,3,33,5,2017,12,2,7,3,8,1,0,1,0,0,0,2,2,4.25478E+20,5.49705E+21,7.96823E+15,4.96214E+16
110019,,12,0,51,0,2017,1,13,5,3,5,3,0,1,0,0,0,0,0,7.41432E+20,5.81142E+21,1.25491E+16,5.23997E+16
110020,7.17123E+18,7,3,31,3,2017,12,15,7,3,5,3,0,1,0,0,0,0,0,4.36568E+20,5.51077E+21,8.11953E+15,4.9746E+16
110021,7.17123E+18,7,1,35,83,2017,12,22,7,3,8,1,0,1,0,0,0,2,1,3.54437E+20,5.56304E+21,6.96028E+15,5.02016E+16
110022,7.17123E+18,7,2,33,209,2017,12,12,7,2,8,1,0,1,0,0,0,0,1,3.28837E+20,5.55679E+21,6.60468E+15,5.01386E+16
110023,7.17123E+18,7,2,32,39,2017,12,21,7,2,4,1,0,1,0,0,0,2,1,3.2289E+20,5.54434E+21,6.52729E+15,5.0025E+16
110024,,12,0,73,532,2017,1,10,5,2,6,7,0,1,1,0,0,0,1,8.53903E+20,5.8923E+21,1.42832E+16,5.30626E+16
110025,,12,0,64,428,2017,1,5,5,3,5,3,0,1,0,0,0,2,2,8.2906E+20,5.82856E+21,1.38498E+16,5.25076E+16
110026,,12,0,67,336,2017,1,17,5,3,5,3,0,1,0,0,0,2,1,8.7032E+20,5.80374E+21,1.44277E+16,5.2259E+16
110027,,12,0,67,288,2017,1,8,5,3,2,3,0,1,0,0,1,0,0,8.47995E+20,5.81081E+21,1.41092E+16,5.23369E+16
110028,,12,0,65,251,2017,1,8,5,3,3,6,0,0,0,0,1,0,0,7.74202E+20,5.84719E+21,1.30591E+16,5.2705E+16
110029,,12,0,65,251,2017,1,6,5,3,2,6,0,1,0,0,0,2,0,7.73326E+20,5.84739E+21,1.30464E+16,5.27073E+16
110030,7.17123E+18,7,1,33,52,2017,12,21,2,3,5,3,0,1,0,0,0,2,0,3.87672E+20,5.51328E+21,7.44032E+15,4.97615E+16
110031,,12,0,65,332,2017,1,17,5,3,2,2,0,1,0,0,0,2,2,7.8237E+20,5.84513E+21,1.31779E+16,5.26823E+16
110032,7.17123E+18,7,3,19,0,2017,12,15,2,2,8,1,0,1,0,0,0,0,0,4.45028E+20,5.49736E+21,8.23884E+15,4.96263E+16
110033,,12,0,68,320,2017,1,7,5,3,2,6,0,1,0,0,0,0,0,7.55132E+20,5.86939E+21,1.27949E+16,5.29134E+16
110034,,12,0,66,112,2017,1,15,6,3,8,1,0,1,0,0,0,0,2,8.49564E+20,5.72613E+21,1.40461E+16,5.15776E+16
110035,,12,0,72,477,2017,1,17,4,3,5,3,0,1,0,0,0,2,0,8.03544E+20,5.79617E+21,1.34457E+16,5.22321E+16
110036,,12,0,69,402,2017,1,11,6,3,1,7,0,1,0,0,0,0,0,7.5689E+20,5.78245E+21,1.27538E+16,5.21327E+16
110037,,12,0,69,454,2017,1,15,4,3,2,6,0,1,0,0,0,0,1,7.80237E+20,5.80445E+21,1.31122E+16,5.23187E+16
110038,,12,0,64,380,2017,1,22,1,3,8,1,0,1,0,0,0,2,2,8.27188E+20,5.83121E+21,1.38249E+16,5.25325E+16
110039,,12,0,54,0,2017,1,2,4,3,8,6,0,1,0,0,0,2,0,7.7856E+20,5.82134E+21,1.31017E+16,5.2471E+16
110040,,12,0,54,0,2017,1,7,2,3,6,4,0,1,1,0,0,2,1,7.78788E+20,5.80941E+21,1.30951E+16,5.23639E+16
110041,,12,0,69,20,2017,1,11,3,3,4,6,0,1,0,0,1,0,0,7.41281E+20,5.78161E+21,1.25256E+16,5.21323E+16
110042,,12,0,64,428,2017,1,15,4,3,2,6,0,1,0,0,0,0,2,8.29122E+20,5.82603E+21,1.38482E+16,5.24849E+16
110043,,12,0,61,492,2017,1,8,4,3,8,1,0,1,0,0,0,0,2,8.1886E+20,5.7841E+21,1.36579E+16,5.21153E+16
110044,,12,0,71,372,2017,1,9,4,3,5,3,0,1,0,0,0,0,0,8.73307E+20,5.72781E+21,1.4389E+16,5.15774E+16
110045,,12,0,60,5,2017,1,9,4,3,2,6,0,1,0,0,0,0,0,8.11869E+20,5.83778E+21,1.3606E+16,5.26003E+16
110046,,12,0,70,280,2017,1,15,4,2,4,6,0,1,0,0,1,0,0,7.11167E+20,5.91225E+21,1.21703E+16,5.33173E+16
110047,,12,0,68,320,2017,1,17,4,3,2,6,0,1,0,0,0,2,0,7.55463E+20,5.86711E+21,1.2798E+16,5.28929E+16
110048,,12,0,63,148,2017,1,14,3,2,4,2,1,1,0,0,0,0,1,7.60976E+20,5.82123E+21,1.28434E+16,5.24787E+16
110049,,12,0,64,136,2017,1,16,3,2,2,6,0,0,0,0,1,0,2,8.20981E+20,5.82854E+21,1.37312E+16,5.25122E+16
110050,,12,0,69,604,2017,1,7,2,3,6,4,0,1,1,0,0,2,1,7.87218E+20,5.81302E+21,1.32217E+16,5.23919E+16
110051,,12,0,65,225,2017,1,18,3,3,8,6,0,1,0,0,0,2,1,7.97769E+20,5.84454E+21,1.34045E+16,5.26688E+16
110052,,12,0,63,273,2017,1,15,3,3,2,6,0,1,0,0,0,0,1,7.78709E+20,5.83629E+21,1.31165E+16,5.2605E+16
110053,,12,0,60,198,2017,1,14,4,2,4,6,0,1,0,0,0,0,2,8.12534E+20,5.86627E+21,1.36429E+16,5.28553E+16
110054,7.17123E+18,7,2,35,125,2017,12,16,7,2,5,3,0,1,0,0,0,0,1,3.37241E+20,5.52151E+21,6.73712E+15,4.98239E+16
110055,7.17123E+18,7,2,35,83,2017,12,12,7,3,8,1,0,1,0,0,0,0,1,3.44765E+20,5.51661E+21,6.8436E+15,4.97819E+16
110056,7.17123E+18,7,3,15,0,2017,12,21,2,3,0,6,0,1,0,1,0,2,0,4.45498E+20,5.52911E+21,8.24089E+15,4.99119E+16
110057,,12,0,65,144,2017,1,14,3,3,2,6,0,1,0,0,0,0,0,7.87245E+20,5.84227E+21,1.32474E+16,5.26542E+16
110058,,12,0,70,280,2017,1,10,3,3,0,1,0,0,0,1,0,0,1,7.16966E+20,5.91216E+21,1.22572E+16,5.33141E+16
110059,,12,0,72,17,2017,1,7,2,3,9,1,0,1,0,0,0,0,2,8.02725E+20,5.80888E+21,1.34452E+16,5.23465E+16
110060,,12,0,54,0,2017,1,7,2,3,1,6,0,1,0,0,0,0,1,7.77007E+20,5.81183E+21,1.30711E+16,5.23865E+16
110061,,12,0,51,0,2017,1,16,2,3,2,6,0,1,0,0,0,1,0,7.43069E+20,5.81207E+21,1.25736E+16,5.24048E+16
110062,,12,0,61,192,2017,1,7,2,3,9,1,0,0,0,0,1,1,2,8.15878E+20,5.79122E+21,1.36211E+16,5.21808E+16
110063,,12,0,61,448,2017,1,3,2,3,8,1,0,1,0,0,0,2,1,8.17998E+20,5.78807E+21,1.36491E+16,5.21514E+16
110064,7.17123E+18,7,1,41,16,2017,12,11,7,3,9,1,0,1,0,0,0,0,1,4.13035E+20,5.55467E+21,7.78303E+15,5.01379E+16
110065,7.17123E+18,7,1,43,32,2017,12,2,7,3,8,1,0,1,0,0,0,2,2,4.04629E+20,5.58745E+21,7.65717E+15,5.04313E+16
110066,7.17123E+18,7,1,43,81,2017,12,2,7,3,8,1,0,1,0,0,0,0,2,4.1425E+20,5.59158E+21,7.79166E+15,5.04699E+16
110067,,12,0,66,196,2017,1,9,2,3,0,1,0,1,0,0,0,0,2,8.40891E+20,5.75518E+21,1.39498E+16,5.18431E+16
110068,,12,0,61,316,2017,1,8,2,3,6,6,0,1,1,0,0,0,1,8.3772E+20,5.76603E+21,1.39145E+16,5.19422E+16
110069,,12,0,61,540,2017,1,7,2,3,6,4,0,1,1,0,0,1,1,8.15814E+20,5.80665E+21,1.36346E+16,5.23191E+16
110070,,12,0,60,181,2017,1,16,2,2,8,1,0,1,0,0,0,0,0,8.08949E+20,5.83906E+21,1.35642E+16,5.26134E+16
110071,,12,0,60,20,2017,1,9,2,2,5,3,0,1,0,0,0,0,2,8.07885E+20,5.84638E+21,1.35554E+16,5.26797E+16
110072,,12,0,64,153,2017,1,8,2,2,8,1,0,1,0,0,0,0,2,8.34819E+20,5.83307E+21,1.39389E+16,5.25445E+16
110073,,12,0,67,552,2017,1,12,2,3,9,7,0,1,0,0,0,0,1,8.85498E+20,5.79987E+21,1.46446E+16,5.2214E+16
110074,,12,0,70,96,2017,1,15,2,2,9,1,0,1,0,0,1,0,0,7.17143E+20,5.90062E+21,1.22519E+16,5.32105E+16
110075,7.17123E+18,7,1,32,115,2017,12,18,2,3,8,6,0,1,0,1,0,1,0,3.97409E+20,5.61818E+21,7.54708E+15,5.07063E+16
110076,,12,0,65,256,2017,1,22,2,3,9,1,0,1,0,0,0,2,2,7.86786E+20,5.86102E+21,1.3257E+16,5.28225E+16
110077,7.17123E+18,7,1,31,90,2017,12,6,2,2,8,1,0,1,0,0,0,2,0,3.60619E+20,5.60153E+21,7.03259E+15,5.05491E+16
110078,,12,0,61,260,2017,1,5,5,3,8,6,0,1,0,0,0,2,2,8.16887E+20,5.80654E+21,1.36502E+16,5.23175E+16
110079,,12,0,65,256,2017,1,15,2,3,6,3,0,1,1,0,0,0,0,7.86951E+20,5.85386E+21,1.32531E+16,5.27582E+16
110080,,12,0,67,481,2017,1,16,6,3,1,5,0,1,0,0,0,1,2,8.35917E+20,5.80064E+21,1.39225E+16,5.22534E+16
110081,,12,0,70,280,2017,1,10,2,3,1,7,0,0,0,0,1,0,0,7.15906E+20,5.91222E+21,1.22413E+16,5.3315E+16
110082,,12,0,72,426,2017,1,15,6,3,2,6,0,1,0,0,0,0,0,7.89586E+20,5.79742E+21,1.3243E+16,5.22508E+16
110083,,12,0,72,298,2017,1,11,1,3,9,1,0,1,0,0,0,0,2,7.91903E+20,5.76575E+21,1.32497E+16,5.19657E+16
110084,,12,0,69,304,2017,1,10,1,3,2,6,0,1,0,0,0,0,2,7.8728E+20,5.81308E+21,1.32227E+16,5.23925E+16
110085,,12,0,62,24,2017,1,23,1,3,8,1,0,1,0,0,0,2,2,8.07204E+20,5.71629E+21,1.34281E+16,5.1514E+16
110086,7.17123E+18,7,1,37,11,2017,12,5,7,2,8,1,0,1,0,0,0,2,2,3.64163E+20,5.57225E+21,7.09319E+15,5.02868E+16
110087,,12,0,62,410,2017,1,17,1,3,9,1,0,1,0,0,0,2,2,8.07553E+20,5.71103E+21,1.34286E+16,5.14667E+16
110088,7.17123E+18,7,1,37,202,2017,12,18,7,2,5,3,0,1,0,0,0,2,1,3.92004E+20,5.57888E+21,7.48194E+15,5.03521E+16
110089,7.17123E+18,7,1,11,0,2017,12,19,7,3,5,3,0,1,0,0,0,2,0,3.99303E+20,5.58E+21,7.5842E+15,5.03634E+16
110090,7.17123E+18,7,3,40,24,2017,12,19,6,3,4,6,0,1,0,0,0,2,2,3.96057E+20,5.45653E+21,7.57164E+15,4.92527E+16
110091,7.17123E+18,7,3,40,211,2017,12,17,6,3,2,6,0,1,0,0,0,2,2,3.82329E+20,5.45027E+21,7.3849E+15,4.9194E+16
110092,,12,0,62,219,2017,1,18,1,3,9,7,0,1,0,0,0,2,2,8.19501E+20,5.72769E+21,1.36151E+16,5.16094E+16
110093,,12,0,60,269,2017,1,8,1,2,8,1,0,1,0,0,0,0,2,8.06653E+20,5.85504E+21,1.35453E+16,5.2758E+16
110094,,12,0,60,5,2017,1,12,1,2,9,6,0,1,0,0,0,0,1,8.10189E+20,5.83496E+21,1.35786E+16,5.2576E+16
110095,,12,0,65,36,2017,1,14,1,3,2,6,0,1,0,0,0,0,1,7.88769E+20,5.84753E+21,1.32744E+16,5.27005E+16
110096,7.17123E+18,7,1,38,44,2017,12,22,2,3,8,1,0,1,0,0,0,2,0,3.85513E+20,5.61001E+21,7.38119E+15,5.06307E+16
110097,,12,0,65,332,2017,1,14,1,3,2,2,0,1,0,0,0,0,1,7.85053E+20,5.84403E+21,1.32166E+16,5.26711E+16
110098,,12,0,70,302,2017,1,12,1,3,5,3,0,1,0,0,0,0,1,6.97592E+20,5.88091E+21,1.19474E+16,5.30412E+16
110099,,12,0,68,264,2017,1,6,1,3,8,1,0,1,0,0,0,2,2,7.26064E+20,5.87455E+21,1.2367E+16,5.29728E+16
110100,,12,0,68,426,2017,1,23,1,3,8,7,0,1,0,0,0,2,0,7.42477E+20,5.86452E+21,1.26034E+16,5.28756E+16
110101,,12,0,61,265,2017,1,8,7,3,8,1,0,1,0,0,0,0,2,8.25669E+20,5.77515E+21,1.37485E+16,5.20312E+16
110102,,12,0,69,656,2017,1,17,7,3,2,6,0,1,0,0,0,2,1,7.66165E+20,5.80871E+21,1.29096E+16,5.23639E+16
110103,,12,0,61,332,2017,1,7,7,3,8,1,0,1,0,0,0,1,0,8.09506E+20,5.80125E+21,1.35374E+16,5.22743E+16
110104,,12,0,67,24,2017,1,2,2,3,2,6,0,1,0,0,0,2,2,8.43625E+20,5.80497E+21,1.40394E+16,5.22874E+16
110105,,12,0,71,57,2017,1,17,7,3,5,3,1,1,0,0,0,2,1,8.60617E+20,5.736E+21,1.42151E+16,5.1659E+16
110106,,12,0,73,8,2017,1,16,3,3,2,6,0,1,0,0,0,2,1,8.33384E+20,5.8806E+21,1.39661E+16,5.29711E+16
110107,,12,0,70,8,2017,1,13,4,3,9,1,0,1,0,0,0,0,1,6.98509E+20,5.87396E+21,1.19568E+16,5.29784E+16
110108,7.17123E+18,7,3,35,3,2017,12,16,6,3,9,1,0,1,0,0,0,1,2,3.87671E+20,5.47141E+21,7.45225E+15,4.9385E+16
110109,7.17122E+18,7,3,36,52,2017,12,14,1,3,9,1,0,1,0,0,0,0,1,3.8169E+20,5.48604E+21,7.36551E+15,4.95155E+16
110110,7.17122E+18,7,3,37,21,2017,12,17,1,3,1,6,0,1,0,0,0,2,0,4.3685E+20,5.45761E+21,8.13195E+15,4.9268E+16
110111,,12,0,64,428,2017,1,10,7,3,2,6,0,1,0,0,0,0,1,8.25093E+20,5.82656E+21,1.37896E+16,5.2492E+16