OBJECTID,UIDENTSTLA,ULAND,UREGBEZ,UKREIS,UGEMEINDE,UJAHR,UMONAT,USTUNDE,UWOCHENTAG,UKATEGORIE,UART,UTYP1,IstRad,IstPKW,IstFuss,IstKrad,IstSonstig,LICHT,STRZUSTAND,LINREFX,LINREFY,XGCSWGS84,YGCSWGS84
110112,,12,0,69,306,2017,1,14,6,3,2,6,0,1,0,0,1,0,1,7.47587E+20,5.80524E+21,1.26348E+16,5.23415E+16
110113,,12,0,72,17,2017,1,9,6,2,0,1,1,0,0,0,0,0,1,8.00107E+20,5.80946E+21,1.34074E+16,5.23531E+16
110114,,12,0,72,120,2017,1,18,6,2,1,5,0,1,0,0,0,2,1,7.9438E+20,5.81202E+21,1.33258E+16,5.23792E+16
110115,,12,0,72,120,2017,1,18,6,3,5,3,0,1,0,0,0,2,1,7.94392E+20,5.81206E+21,1.3326E+16,5.23795E+16
110116,7.17123E+18,7,3,35,49,2017,12,18,6,3,4,6,0,1,0,0,1,2,2,3.99303E+20,5.48149E+21,7.60991E+15,4.94777E+16
110117,7.17123E+18,7,3,32,2,2017,12,14,6,3,5,3,0,1,0,0,0,0,0,4.41649E+20,5.47975E+21,8.19466E+15,4.94676E+16
110118,,12,0,54,0,2017,1,14,6,3,3,6,1,0,0,0,0,0,1,7.77209E+20,5.8116E+21,1.30738E+16,5.23844E+16
110119,,12,0,66,272,2017,1,6,6,3,6,4,0,1,1,0,0,2,1,8.3799E+20,5.70894E+21,1.38632E+16,5.14306E+16
110120,,12,0,61,540,2017,1,14,6,3,2,2,0,1,0,0,0,0,1,8.13591E+20,5.80603E+21,1.36015E+16,5.23148E+16
110121,,12,0,73,578,2017,1,9,6,3,9,1,0,1,0,0,0,0,2,8.32636E+20,5.91476E+21,1.39904E+16,5.32774E+16
110122,,12,0,73,578,2017,1,6,6,3,8,1,0,1,0,0,0,0,2,8.36192E+20,5.91372E+21,1.40424E+16,5.32659E+16
110123,,12,0,64,336,2017,1,6,6,3,9,6,0,1,0,0,1,2,1,8.1874E+20,5.83114E+21,1.37007E+16,5.25368E+16
110124,,12,0,64,336,2017,1,6,6,3,3,6,0,1,0,0,0,2,1,8.18936E+20,5.83091E+21,1.37034E+16,5.25347E+16
110125,,12,0,64,336,2017,1,6,6,3,9,6,0,1,0,0,1,2,1,8.18729E+20,5.83112E+21,1.37005E+16,5.25366E+16
110126,,12,0,73,384,2017,1,10,6,3,8,1,0,1,0,0,0,0,2,7.8958E+20,5.90052E+21,1.33337E+16,5.31751E+16
110127,,12,0,73,261,2017,1,8,6,2,4,6,0,1,0,0,0,0,2,8.29828E+20,5.91844E+21,1.39523E+16,5.33122E+16
110128,,12,0,60,52,2017,1,12,6,3,5,3,1,1,0,0,0,0,1,8.22849E+20,5.86726E+21,1.37965E+16,5.2858E+16
110129,,12,0,64,205,2017,1,7,6,3,9,1,0,1,0,0,0,1,2,8.29081E+20,5.85276E+21,1.38742E+16,5.27244E+16
110130,,12,0,68,468,2017,1,6,6,3,8,1,0,0,0,0,1,1,2,7.30508E+20,5.89626E+21,1.24486E+16,5.31657E+16
110131,7.17123E+18,7,3,16,0,2017,12,14,6,3,5,7,0,1,0,1,0,0,0,4.38388E+20,5.46643E+21,8.15173E+15,4.93475E+16
110132,7.17123E+18,7,3,37,81,2017,12,18,6,3,4,6,0,1,0,0,0,2,2,4.23688E+20,5.44753E+21,7.95297E+15,4.91758E+16
110133,7.17123E+18,7,3,13,0,2017,12,16,6,3,5,3,1,0,0,0,1,0,0,4.38985E+20,5.44947E+21,8.16253E+15,4.9195E+16
110134,7.17123E+18,7,3,18,0,2017,12,18,6,3,2,6,0,1,0,0,1,2,1,4.589E+20,5.46677E+21,8.43408E+15,4.93522E+16
110135,,12,0,70,125,2017,1,13,6,3,8,1,0,1,0,0,1,0,1,6.92623E+20,5.89417E+21,1.18814E+16,5.3162E+16
110136,,12,0,70,316,2017,1,9,6,3,9,1,0,1,0,0,0,0,2,7.19361E+20,5.89278E+21,1.22797E+16,5.31391E+16
110137,,12,0,69,397,2017,1,20,5,3,1,6,0,1,0,0,0,2,1,7.77703E+20,5.80226E+21,1.30733E+16,5.23003E+16
110138,,12,0,72,477,2017,1,8,5,3,5,3,0,1,0,0,0,0,1,8.03789E+20,5.79764E+21,1.34506E+16,5.22451E+16
110139,,12,0,63,80,2017,1,6,5,2,6,4,0,1,1,0,0,2,1,7.80715E+20,5.83098E+21,1.31415E+16,5.25563E+16
110140,7.17122E+18,7,3,16,0,2017,12,0,1,2,2,6,0,1,0,0,0,2,0,4.40559E+20,5.46447E+21,8.1819E+15,4.933E+16
110141,,12,0,61,433,2017,1,17,5,2,3,6,0,1,0,0,0,2,0,8.10339E+20,5.80649E+21,1.35544E+16,5.23208E+16
110142,,12,0,62,92,2017,1,10,5,3,9,6,0,1,0,0,0,0,2,8.18559E+20,5.72695E+21,1.36009E+16,5.16033E+16
110143,7.17122E+18,7,3,31,73,2017,12,3,1,3,8,1,0,1,0,0,0,2,0,4.38416E+20,5.51837E+21,8.14397E+15,4.98146E+16
110144,,12,0,53,0,2017,1,7,5,3,0,7,0,0,0,0,1,1,1,8.76931E+20,5.81156E+21,1.45328E+16,5.23245E+16
110145,7.17122E+18,7,2,33,501,2017,12,9,1,3,4,2,0,1,0,0,0,0,1,3.45683E+20,5.56254E+21,6.83791E+15,5.01949E+16
110146,,12,0,70,222,2017,1,19,5,2,9,1,0,1,0,0,1,2,2,7.10541E+20,5.90576E+21,1.21566E+16,5.32592E+16
110147,,12,0,69,20,2017,1,14,6,3,5,2,0,1,0,0,0,0,0,7.45228E+20,5.78305E+21,1.25842E+16,5.21434E+16
110148,,12,0,69,397,2017,1,15,4,3,2,6,0,1,0,0,0,0,1,7.74911E+20,5.80218E+21,1.30324E+16,5.2301E+16
110149,,12,0,70,325,2017,1,13,7,3,8,1,0,1,0,0,0,0,2,7.00859E+20,5.9095E+21,1.2014E+16,5.32966E+16
110150,,12,0,51,0,2017,1,10,4,2,5,2,0,1,0,0,0,0,0,7.39612E+20,5.81572E+21,1.25255E+16,5.24391E+16
110151,,12,0,69,17,2017,1,11,1,3,9,1,0,1,0,0,0,0,2,7.63201E+20,5.79995E+21,1.28594E+16,5.22868E+16
110152,,12,0,61,572,2017,1,15,4,2,3,6,0,1,0,0,1,0,2,8.13427E+20,5.80597E+21,1.35991E+16,5.23144E+16
110153,,12,0,72,426,2017,1,8,2,3,8,1,0,1,0,0,0,0,2,7.86857E+20,5.79853E+21,1.32041E+16,5.22622E+16
110154,,12,0,72,169,2017,1,7,3,2,8,1,0,0,0,0,1,1,1,7.80822E+20,5.76783E+21,1.30905E+16,5.199E+16
110155,7.17122E+18,7,2,35,152,2017,12,14,1,3,8,1,0,1,0,0,0,0,1,3.32132E+20,5.49675E+21,6.67679E+15,4.96E+16
110156,,12,0,73,393,2017,2,14,3,3,2,6,0,1,0,0,1,0,0,8.6032E+20,5.91711E+21,1.44064E+16,5.32804E+16
110157,,12,0,60,192,2017,2,14,3,3,9,1,0,1,0,0,0,0,0,8.12167E+20,5.85106E+21,1.36229E+16,5.27192E+16
110158,,12,0,64,227,2017,3,13,5,3,5,3,0,1,0,0,0,0,0,8.15036E+20,5.82698E+21,1.36424E+16,5.25017E+16
110159,,12,0,64,472,2017,3,13,5,3,2,6,0,1,0,0,0,0,0,8.29822E+20,5.83393E+21,1.38663E+16,5.25552E+16
110160,,12,0,67,201,2017,3,17,5,3,5,3,0,1,0,0,0,0,0,8.34705E+20,5.81674E+21,1.39208E+16,5.23983E+16
110161,,12,0,67,124,2017,3,13,5,3,2,6,0,0,0,1,1,0,0,8.23076E+20,5.81882E+21,1.37525E+16,5.24239E+16
110162,,12,0,65,225,2017,3,12,5,3,0,7,0,0,0,0,1,0,0,7.93732E+20,5.84286E+21,1.33435E+16,5.26559E+16
110163,,12,0,65,198,2017,3,16,5,3,2,6,0,1,0,0,0,0,0,7.84698E+20,5.8595E+21,1.32247E+16,5.281E+16
110164,,12,0,65,356,2017,3,15,5,3,9,1,0,0,0,1,0,0,0,7.85896E+20,5.87282E+21,1.32542E+16,5.29287E+16
110165,,12,0,70,302,2017,3,12,5,3,5,3,0,1,0,0,1,0,0,7.01678E+20,5.87835E+21,1.20067E+16,5.30166E+16
110166,,12,0,60,5,2017,2,5,3,2,5,3,1,1,0,0,0,2,2,8.05775E+20,5.83756E+21,1.35161E+16,5.26018E+16
110167,,12,0,64,380,2017,2,13,3,3,2,6,0,1,0,0,0,0,0,8.28605E+20,5.8334E+21,1.38479E+16,5.25512E+16
110168,,12,0,70,173,2017,3,12,5,3,5,3,0,1,0,0,1,0,0,6.80201E+20,5.8868E+21,1.16917E+16,5.31002E+16
110169,,12,0,63,56,2017,3,7,4,3,2,6,0,1,0,0,0,0,0,7.79352E+20,5.82785E+21,1.31188E+16,5.2529E+16
110170,,12,0,54,0,2017,3,8,4,3,2,6,0,1,0,0,0,0,0,7.79793E+20,5.81076E+21,1.3111E+16,5.23755E+16
110171,,12,0,69,596,2017,3,13,4,3,2,6,0,1,0,1,0,0,0,7.72698E+20,5.79815E+21,1.29968E+16,5.2266E+16
110172,,12,0,51,0,2017,3,12,4,3,8,6,0,1,0,0,0,0,0,7.32019E+20,5.81218E+21,1.24115E+16,5.24106E+16
110173,,12,0,66,304,2017,3,14,4,2,5,3,1,1,0,0,0,0,0,8.48016E+20,5.71957E+21,1.40173E+16,5.15198E+16
110174,,12,0,61,316,2017,3,18,4,3,2,6,0,1,0,0,0,2,0,8.3658E+20,5.76254E+21,1.38946E+16,5.19116E+16
110175,,12,0,71,74,2017,3,16,4,3,5,3,0,1,0,0,1,0,0,8.82433E+20,5.73004E+21,1.45225E+16,5.15912E+16
110176,,12,0,60,198,2017,3,20,4,2,8,1,0,1,0,0,0,2,0,8.15463E+20,5.86585E+21,1.36858E+16,5.28497E+16
110177,,12,0,63,252,2017,2,14,2,2,3,6,0,1,0,0,0,0,0,7.29563E+20,5.83273E+21,1.23896E+16,5.2596E+16
110178,,12,0,60,52,2017,3,15,4,3,5,3,0,1,0,0,0,0,0,8.23652E+20,5.86429E+21,1.38055E+16,5.2831E+16
110179,,12,0,69,397,2017,2,19,2,3,1,7,0,1,0,0,0,2,0,7.75342E+20,5.80502E+21,1.30411E+16,5.23263E+16
110180,,12,0,51,0,2017,2,10,2,3,5,3,0,1,0,0,0,0,0,7.40292E+20,5.81339E+21,1.25338E+16,5.24179E+16
110181,,12,0,60,5,2017,3,16,4,3,4,6,0,1,0,0,0,0,0,8.13194E+20,5.83863E+21,1.36263E+16,5.26072E+16
110182,,12,0,61,444,2017,2,8,2,3,4,2,0,1,0,0,1,0,0,8.13139E+20,5.80907E+21,1.35977E+16,5.23424E+16
110183,,12,0,71,341,2017,2,18,2,3,4,6,0,1,0,0,0,1,0,8.61094E+20,5.75759E+21,1.42444E+16,5.1852E+16
110184,,12,0,60,269,2017,3,9,4,3,4,2,0,1,0,0,0,0,0,8.05033E+20,5.86616E+21,1.35317E+16,5.28586E+16
110185,,12,0,64,44,2017,2,15,2,2,8,1,0,1,0,0,0,0,0,8.42799E+20,5.86357E+21,1.40878E+16,5.28126E+16
110186,,12,0,64,227,2017,3,8,4,3,5,3,1,0,0,0,1,0,0,8.14512E+20,5.83135E+21,1.36388E+16,5.25412E+16
110187,,12,0,64,44,2017,3,13,4,3,2,6,0,1,0,0,1,0,0,8.40159E+20,5.86144E+21,1.40466E+16,5.27953E+16
110188,,12,0,64,472,2017,2,13,2,2,5,3,1,1,0,0,0,0,0,8.29766E+20,5.83431E+21,1.38659E+16,5.25587E+16
110189,,12,0,53,0,2017,3,9,4,3,2,6,0,1,0,0,0,0,0,8.75553E+20,5.81138E+21,1.45125E+16,5.23239E+16
110190,,12,0,67,288,2017,2,6,2,3,5,3,0,1,0,0,1,2,0,8.48248E+20,5.81051E+21,1.41126E+16,5.23341E+16
110191,,12,0,67,124,2017,3,16,4,3,2,6,0,1,0,0,0,0,0,8.23053E+20,5.81981E+21,1.37531E+16,5.24328E+16
110192,,12,0,65,225,2017,2,15,2,3,4,3,1,1,0,0,0,0,0,7.96028E+20,5.84111E+21,1.33758E+16,5.26391E+16
110193,,12,0,69,345,2017,2,20,1,3,8,7,0,1,0,0,0,2,0,7.59914E+20,5.78648E+21,1.28009E+16,5.21675E+16
110194,,12,0,61,433,2017,2,22,1,3,5,3,0,1,0,0,0,2,0,8.07719E+20,5.81437E+21,1.35233E+16,5.23929E+16
110195,,12,0,65,136,2017,3,7,4,3,5,3,1,1,0,0,0,0,0,7.84224E+20,5.83682E+21,1.31981E+16,5.26069E+16
110196,,12,0,65,136,2017,3,16,4,3,3,6,0,1,0,1,0,0,0,7.83808E+20,5.84164E+21,1.31961E+16,5.26503E+16
110197,,12,0,68,320,2017,3,13,4,3,3,2,0,1,0,0,0,0,0,7.53614E+20,5.87025E+21,1.2773E+16,5.29219E+16
110198,,12,0,54,0,2017,3,8,3,3,3,6,1,0,0,0,0,0,0,7.75903E+20,5.81273E+21,1.30556E+16,5.23952E+16
110199,,12,0,73,458,2017,2,2,1,3,8,1,0,1,0,0,0,2,0,8.40983E+20,5.91721E+21,1.41177E+16,5.32941E+16
110200,,12,0,69,17,2017,3,16,3,3,5,2,1,1,0,0,0,0,0,7.71045E+20,5.79482E+21,1.297E+16,5.2237E+16
110201,,12,0,60,20,2017,3,15,3,2,4,6,0,1,0,0,1,0,0,8.04755E+20,5.85112E+21,1.35136E+16,5.2724E+16
110202,,12,0,64,340,2017,3,12,3,3,5,3,0,1,0,0,0,0,0,8.54444E+20,5.84031E+21,1.42348E+16,5.25969E+16
110203,,12,0,65,144,2017,3,13,3,3,5,2,1,1,0,0,0,0,0,7.89459E+20,5.84402E+21,1.32815E+16,5.26686E+16
110204,,12,0,68,353,2017,3,8,3,3,8,1,0,0,0,1,0,0,0,7.60829E+20,5.8914E+21,1.28972E+16,5.31082E+16
110205,,12,0,69,17,2017,3,18,2,3,8,1,0,0,0,0,1,2,0,7.67362E+20,5.7952E+21,1.29165E+16,5.22422E+16
110206,,12,0,72,17,2017,3,9,2,3,8,7,0,0,0,0,1,0,0,7.97447E+20,5.80423E+21,1.33638E+16,5.23077E+16
110207,,12,0,72,169,2017,3,12,2,3,5,3,0,1,0,1,0,0,0,7.77953E+20,5.76824E+21,1.30492E+16,5.19951E+16
110208,,12,0,63,80,2017,3,18,2,2,6,4,0,0,1,0,1,2,0,7.79736E+20,5.83137E+21,1.31274E+16,5.25603E+16
110209,,12,0,60,20,2017,2,3,1,1,8,1,0,1,0,0,0,2,0,8.13306E+20,5.84923E+21,1.3638E+16,5.27021E+16
110210,,12,0,63,80,2017,3,15,2,3,2,6,0,1,0,0,1,0,0,7.80352E+20,5.83112E+21,1.31363E+16,5.25578E+16
110211,,12,0,67,544,2017,2,12,1,3,2,2,0,1,0,0,0,0,0,8.23193E+20,5.82133E+21,1.37566E+16,5.24463E+16
110212,,12,0,69,454,2017,2,3,7,3,9,1,0,1,0,0,0,2,0,7.82596E+20,5.80805E+21,1.31498E+16,5.23497E+16
110213,,12,0,69,19,2017,2,12,7,2,8,1,0,1,0,0,0,0,0,7.46615E+20,5.82363E+21,1.26341E+16,5.2507E+16
110214,,12,0,60,20,2017,2,17,7,3,5,3,1,1,0,0,0,0,0,8.09579E+20,5.84601E+21,1.358E+16,5.26754E+16
110215,,12,0,54,0,2017,3,7,2,3,1,6,0,1,0,0,0,0,0,7.72215E+20,5.81547E+21,1.30038E+16,5.24216E+16
110216,,12,0,64,472,2017,2,16,7,3,8,1,0,1,0,0,0,0,0,8.31203E+20,5.8386E+21,1.38913E+16,5.25962E+16
110217,,12,0,72,340,2017,2,12,6,2,2,6,0,1,0,0,0,0,0,8.03048E+20,5.80561E+21,1.3447E+16,5.2317E+16
110218,,12,0,51,0,2017,3,9,2,3,5,2,1,0,0,0,1,0,0,7.40106E+20,5.81484E+21,1.25321E+16,5.2431E+16
110219,,12,0,69,616,2017,2,18,6,3,6,4,0,1,1,0,0,2,0,7.91662E+20,5.81509E+21,1.32886E+16,5.24081E+16
110220,,12,0,73,505,2017,3,8,2,3,4,6,0,0,0,0,1,0,0,8.40426E+20,5.88873E+21,1.40791E+16,5.30394E+16
110221,,12,0,73,216,2017,3,4,2,3,8,7,0,1,0,0,0,2,0,8.26987E+20,5.92999E+21,1.39217E+16,5.34174E+16
110222,,12,0,64,266,2017,3,16,2,3,9,1,0,1,0,0,0,0,0,8.76926E+20,5.83772E+21,1.45623E+16,5.25586E+16
110223,,12,0,64,428,2017,3,11,2,3,2,2,0,1,0,0,0,0,0,8.24365E+20,5.8267E+21,1.3779E+16,5.24937E+16
110224,,12,0,67,201,2017,3,18,2,2,5,2,0,0,0,1,1,1,0,8.26315E+20,5.81849E+21,1.37996E+16,5.2419E+16
110225,,12,0,67,144,2017,3,17,2,3,5,3,0,1,0,0,0,0,0,8.45214E+20,5.81524E+21,1.40731E+16,5.23784E+16
110226,,12,0,65,256,2017,3,14,2,3,3,2,1,1,0,0,0,0,0,7.87186E+20,5.85237E+21,1.32553E+16,5.27447E+16
110227,,12,0,63,252,2017,3,16,1,2,4,1,0,1,0,0,0,0,0,7.25373E+20,5.83683E+21,1.23307E+16,5.26346E+16
110228,,12,0,61,219,2017,2,17,6,3,2,7,0,1,0,0,1,1,0,8.13086E+20,5.74864E+21,1.35416E+16,5.18008E+16
110229,,12,0,67,124,2017,3,14,1,3,9,6,0,1,0,0,0,0,0,8.25385E+20,5.81804E+21,1.37856E+16,5.24156E+16
110230,,12,0,61,260,2017,2,14,6,3,5,3,0,1,0,0,0,0,0,8.16861E+20,5.80602E+21,1.36493E+16,5.23128E+16
110231,,12,0,60,45,2017,3,13,1,2,8,1,0,0,0,1,0,0,0,8.2779E+20,5.86764E+21,1.387E+16,5.28585E+16
110232,,12,0,71,337,2017,2,14,6,3,8,1,0,1,0,0,0,0,1,8.81485E+20,5.77285E+21,1.45559E+16,5.1975E+16
110233,,12,0,60,20,2017,3,12,1,3,5,2,1,1,0,0,0,0,0,8.0989E+20,5.84714E+21,1.35857E+16,5.26854E+16
110234,,12,0,64,336,2017,2,12,6,3,2,2,0,1,0,0,0,0,0,8.18347E+20,5.82996E+21,1.36938E+16,5.25265E+16
110235,,12,0,64,336,2017,2,10,6,3,2,6,0,1,0,0,1,0,0,8.21062E+20,5.83344E+21,1.37371E+16,5.25561E+16
110236,,12,0,64,317,2017,3,21,1,2,8,7,0,1,0,0,0,2,0,8.50084E+20,5.83263E+21,1.41626E+16,5.2531E+16
110237,,12,0,67,469,2017,3,13,1,3,2,2,0,1,0,0,0,0,0,8.34051E+20,5.80788E+21,1.39024E+16,5.23194E+16
110238,,12,0,68,181,2017,3,14,1,3,2,6,0,1,0,0,0,0,0,7.30618E+20,5.89685E+21,1.24506E+16,5.3171E+16
110239,,12,0,61,428,2017,3,13,7,3,5,2,0,1,0,1,0,0,0,8.36198E+20,5.77537E+21,1.39016E+16,5.20268E+16
110240,,12,0,52,0,2017,3,15,7,3,8,7,0,1,0,0,0,0,0,8.69718E+20,5.74351E+21,1.4354E+16,5.17203E+16
110241,,12,0,64,448,2017,3,5,7,3,4,6,0,1,0,0,0,2,0,8.62946E+20,5.83297E+21,1.43518E+16,5.25256E+16
110242,,12,0,64,336,2017,3,22,7,3,0,7,0,1,0,0,0,2,0,8.19189E+20,5.82935E+21,1.37056E+16,5.25205E+16
110243,,12,0,69,306,2017,3,23,6,3,2,6,0,1,0,0,1,2,0,7.57974E+20,5.80551E+21,1.27872E+16,5.23391E+16
110244,,12,0,69,590,2017,3,20,6,2,3,6,0,0,0,0,1,2,0,7.64173E+20,5.80264E+21,1.28757E+16,5.23104E+16
110245,,12,0,51,0,2017,3,14,6,3,2,6,0,1,0,0,0,0,0,7.44314E+20,5.81168E+21,1.25916E+16,5.24007E+16
110246,,12,0,62,92,2017,3,6,6,3,2,6,0,1,0,1,0,1,1,8.15693E+20,5.73001E+21,1.35624E+16,5.16323E+16
110247,,12,0,53,0,2017,3,14,6,2,2,6,0,0,0,0,1,0,0,8.74217E+20,5.81086E+21,1.44924E+16,5.23201E+16
110248,,12,0,73,8,2017,3,18,6,2,9,7,0,1,0,0,0,0,0,8.33642E+20,5.88129E+21,1.39706E+16,5.29771E+16
110249,,12,0,60,52,2017,3,18,6,2,4,2,0,1,0,1,0,2,0,8.2362E+20,5.86459E+21,1.38053E+16,5.28336E+16
110250,,12,0,67,144,2017,3,13,6,3,8,1,0,1,0,0,0,0,1,8.46161E+20,5.81684E+21,1.40886E+16,5.2392E+16
110251,,12,0,69,485,2017,3,8,5,2,2,6,0,1,0,0,1,0,0,7.43661E+20,5.76655E+21,1.25495E+16,5.19961E+16
110252,,12,0,72,17,2017,3,9,5,3,2,6,0,1,0,0,1,0,0,7.99238E+20,5.81102E+21,1.3396E+16,5.23675E+16
110253,,12,0,72,477,2017,3,13,5,3,8,7,0,1,0,0,0,0,0,8.06536E+20,5.78617E+21,1.34804E+16,5.21408E+16
110254,,12,0,64,472,2017,2,6,6,3,2,6,0,1,0,1,0,1,2,8.31505E+20,5.83768E+21,1.38948E+16,5.25878E+16
110255,,12,0,63,189,2017,2,18,5,2,9,1,0,1,0,0,0,0,0,7.17162E+20,5.82916E+21,1.22045E+16,5.25691E+16
110256,,12,0,63,80,2017,3,7,5,3,2,2,0,1,0,0,0,0,0,7.78364E+20,5.83191E+21,1.31077E+16,5.25659E+16
110257,,12,0,63,357,2017,2,20,5,3,7,7,0,1,0,0,0,2,0,7.6685E+20,5.82529E+21,1.29329E+16,5.25123E+16
110258,,12,0,69,648,2017,3,6,5,3,8,6,0,1,0,0,0,1,0,7.3551E+20,5.79982E+21,1.24541E+16,5.22981E+16
110259,,12,0,61,217,2017,3,6,5,3,4,6,0,1,0,0,0,1,1,8.26563E+20,5.8048E+21,1.379E+16,5.22963E+16
110260,,12,0,61,540,2017,3,19,5,3,2,6,1,0,0,0,0,2,0,8.13599E+20,5.80604E+21,1.36016E+16,5.23149E+16
110261,,12,0,62,24,2017,3,8,5,3,5,3,0,1,0,0,0,0,1,8.07016E+20,5.71223E+21,1.34219E+16,5.14777E+16
110262,,12,0,60,24,2017,3,15,5,3,2,2,0,1,0,0,0,0,0,8.13113E+20,5.85636E+21,1.3642E+16,5.27661E+16
110263,,12,0,60,20,2017,3,9,5,3,5,3,1,1,0,0,0,0,0,8.11198E+20,5.84615E+21,1.3604E+16,5.26758E+16
110264,,12,0,64,380,2017,3,5,5,3,5,3,1,1,0,0,0,2,1,8.23555E+20,5.82954E+21,1.37699E+16,5.25197E+16
110265,,12,0,64,408,2017,3,10,5,3,5,3,1,1,0,0,0,0,0,8.3357E+20,5.83143E+21,1.39189E+16,5.25306E+16
110266,,12,0,68,280,2017,3,13,5,2,5,3,0,1,0,0,1,0,0,7.67391E+20,5.87519E+21,1.29815E+16,5.29596E+16
110267,,12,0,54,0,2017,2,7,5,3,5,3,1,1,0,0,0,0,0,7.75715E+20,5.81394E+21,1.30538E+16,5.24061E+16
110268,,12,0,68,280,2017,3,21,5,2,1,5,1,0,0,0,1,2,1,7.67912E+20,5.87583E+21,1.29898E+16,5.2965E+16
110269,,12,0,61,216,2017,2,17,5,1,2,7,0,1,0,0,0,2,0,8.18084E+20,5.78367E+21,1.36462E+16,5.21119E+16
110270,,12,0,66,52,2017,2,7,5,2,3,7,0,1,0,0,1,0,0,8.36723E+20,5.75055E+21,1.3885E+16,5.18041E+16
110271,,12,0,66,304,2017,2,9,5,3,2,2,0,1,0,0,0,0,0,8.47681E+20,5.71989E+21,1.40128E+16,5.15229E+16
110272,,12,0,60,20,2017,2,14,5,2,6,4,0,0,1,0,1,0,0,8.09556E+20,5.84057E+21,1.35746E+16,5.26266E+16
110273,,12,0,68,117,2017,3,17,5,3,7,7,0,1,0,0,0,1,0,7.5906E+20,5.86179E+21,1.28471E+16,5.28434E+16
110274,,12,0,63,202,2017,3,6,4,3,7,7,0,1,0,0,0,1,0,7.41396E+20,5.84441E+21,1.25725E+16,5.26957E+16
110275,,12,0,66,196,2017,3,23,4,3,3,6,0,1,0,0,0,2,1,8.37501E+20,5.75699E+21,1.39025E+16,5.18614E+16
110276,,12,0,61,540,2017,3,15,4,3,5,3,1,1,0,0,0,0,0,8.14483E+20,5.80701E+21,1.36155E+16,5.23231E+16
110277,,12,0,61,260,2017,3,8,4,3,5,3,1,1,0,0,0,0,0,8.12505E+20,5.80369E+21,1.35835E+16,5.22945E+16
110278,,12,0,65,165,2017,2,15,5,3,6,4,0,1,1,0,0,0,0,7.71684E+20,5.8537E+21,1.30273E+16,5.27647E+16
110279,,12,0,64,227,2017,3,11,4,3,2,2,0,1,0,0,0,0,0,8.15401E+20,5.82865E+21,1.36493E+16,5.25165E+16
110280,,12,0,63,189,2017,3,16,3,2,8,1,0,0,0,0,1,0,0,7.16136E+20,5.82747E+21,1.21883E+16,5.25543E+16
110281,,12,0,69,656,2017,3,10,3,3,5,2,0,1,0,0,0,0,0,7.6786E+20,5.80996E+21,1.29355E+16,5.23743E+16
110282,,12,0,51,0,2017,3,5,3,2,5,2,1,1,0,0,0,2,1,7.40107E+20,5.81485E+21,1.25321E+16,5.2431E+16
110283,,12,0,66,296,2017,3,12,3,2,5,2,0,1,0,0,1,0,1,8.36758E+20,5.71322E+21,1.38496E+16,5.14697E+16
110284,,12,0,60,269,2017,3,9,3,2,2,2,0,1,0,0,0,0,0,8.04343E+20,5.85921E+21,1.3515E+16,5.27967E+16
110285,,12,0,64,29,2017,3,13,3,3,5,3,0,1,0,0,0,0,0,8.18782E+20,5.83138E+21,1.37016E+16,5.25389E+16
110286,,12,0,67,336,2017,3,20,3,3,8,1,0,1,0,0,0,2,0,8.6767E+20,5.80497E+21,1.43904E+16,5.22718E+16
110287,,12,0,65,136,2017,3,14,3,3,8,7,0,1,0,0,0,0,0,7.84492E+20,5.83907E+21,1.3204E+16,5.26269E+16
110288,,12,0,70,280,2017,2,11,5,2,5,3,0,1,0,0,1,0,0,7.15911E+20,5.9122E+21,1.22414E+16,5.33149E+16
110289,,12,0,69,402,2017,3,9,2,3,3,6,0,1,0,0,1,0,0,7.57063E+20,5.78284E+21,1.27566E+16,5.21362E+16
110290,,12,0,72,232,2017,2,8,4,2,5,3,0,1,0,0,0,0,0,7.86254E+20,5.77917E+21,1.31789E+16,5.20889E+16
110291,,12,0,67,124,2017,2,15,4,3,5,3,1,1,0,0,0,0,0,8.23054E+20,5.81982E+21,1.37531E+16,5.24329E+16
110292,,12,0,65,144,2017,2,6,4,3,5,3,1,1,0,0,0,2,0,7.89344E+20,5.84497E+21,1.32807E+16,5.26772E+16
110293,,12,0,69,17,2017,3,12,2,3,8,1,0,0,0,0,1,0,1,7.67362E+20,5.7952E+21,1.29165E+16,5.22422E+16
110294,,12,0,63,244,2017,3,15,2,2,5,3,1,1,0,0,0,0,1,7.29824E+20,5.82432E+21,1.23877E+16,5.25205E+16
110295,,12,0,65,36,2017,2,16,4,2,2,6,0,1,0,0,0,0,0,7.88688E+20,5.84765E+21,1.32733E+16,5.27016E+16
110296,,12,0,61,316,2017,2,6,3,3,5,2,0,1,0,0,0,2,1,8.34031E+20,5.7618E+21,1.3857E+16,5.19065E+16
110297,,12,0,69,304,2017,3,7,2,3,0,1,0,0,0,0,1,0,1,7.88622E+20,5.8157E+21,1.32446E+16,5.24152E+16
110298,,12,0,60,192,2017,2,10,3,3,5,3,0,1,0,0,0,0,0,8.1241E+20,5.85152E+21,1.3627E+16,5.27231E+16
110299,,12,0,64,472,2017,2,13,3,3,5,3,1,1,0,0,0,0,0,8.28702E+20,5.83168E+21,1.38476E+16,5.25358E+16