OBJECTID,UIDENTSTLA,ULAND,UREGBEZ,UKREIS,UGEMEINDE,UJAHR,UMONAT,USTUNDE,UWOCHENTAG,UKATEGORIE,UART,UTYP1,IstRad,IstPKW,IstFuss,IstKrad,IstSonstig,LICHT,STRZUSTAND,LINREFX,LINREFY,XGCSWGS84,YGCSWGS84
110300,,12,0,67,338,2017,2,16,3,3,1,5,1,1,0,0,0,0,1,8.88436E+20,5.78468E+21,1.467E+16,5.2076E+16
110301,,12,0,54,0,2017,3,17,2,3,2,6,0,1,0,0,0,1,1,7.75182E+20,5.81285E+21,1.30451E+16,5.23966E+16
110302,,12,0,54,0,2017,3,14,2,3,5,3,0,1,0,0,0,0,0,7.72057E+20,5.81605E+21,1.30019E+16,5.24269E+16
110303,,12,0,61,435,2017,3,19,2,3,3,6,0,1,0,0,1,2,0,8.2275E+20,5.77281E+21,1.37039E+16,5.20118E+16
110304,,12,0,61,405,2017,3,8,2,2,2,6,0,1,0,0,0,0,0,8.22218E+20,5.77317E+21,1.36965E+16,5.20154E+16
110305,,12,0,61,164,2017,3,13,2,2,5,3,0,1,0,0,0,0,1,8.16699E+20,5.76782E+21,1.36114E+16,5.19706E+16
110306,,12,0,61,260,2017,3,21,2,3,5,3,1,1,0,0,0,2,0,8.13803E+20,5.80385E+21,1.36026E+16,5.22952E+16
110307,,12,0,62,500,2017,3,2,2,3,9,1,0,1,0,0,0,2,0,8.01955E+20,5.72761E+21,1.33624E+16,5.16184E+16
110308,,12,0,73,578,2017,3,15,2,2,8,1,0,1,0,0,0,0,1,8.33474E+20,5.91261E+21,1.40007E+16,5.32577E+16
110309,,12,0,73,578,2017,3,16,2,3,3,6,0,1,0,0,1,0,1,8.35038E+20,5.91224E+21,1.40236E+16,5.32533E+16
110310,,12,0,73,572,2017,3,11,2,3,8,6,0,0,0,0,1,0,0,8.09893E+20,5.90045E+21,1.36366E+16,5.3163E+16
110311,,12,0,73,532,2017,3,11,2,3,3,2,1,1,0,0,0,0,0,8.53663E+20,5.8925E+21,1.42798E+16,5.30646E+16
110312,,12,0,67,201,2017,2,9,3,3,4,6,0,1,0,0,0,0,1,8.28707E+20,5.82047E+21,1.38366E+16,5.24353E+16
110313,,12,0,73,458,2017,3,14,2,2,9,7,0,1,0,0,0,0,1,8.38284E+20,5.9176E+21,1.40778E+16,5.32994E+16
110314,,12,0,70,96,2017,2,10,3,3,3,6,0,1,0,0,1,0,0,7.12721E+20,5.90381E+21,1.2188E+16,5.32409E+16
110315,,12,0,63,273,2017,2,21,2,2,8,1,0,1,0,0,0,2,0,7.69135E+20,5.84229E+21,1.29803E+16,5.26636E+16
110316,,12,0,69,656,2017,2,15,2,3,2,6,0,1,0,0,0,0,0,7.68337E+20,5.80883E+21,1.29416E+16,5.23639E+16
110317,,12,0,60,181,2017,2,6,2,3,2,6,0,1,0,0,0,1,0,8.08874E+20,5.83904E+21,1.35631E+16,5.26134E+16
110318,,12,0,67,124,2017,3,11,2,3,2,2,0,1,0,0,0,0,0,8.25004E+20,5.8189E+21,1.37808E+16,5.24235E+16
110319,,12,0,65,144,2017,3,21,2,1,3,6,0,1,0,0,1,2,1,7.91238E+20,5.84684E+21,1.33103E+16,5.2693E+16
110320,,12,0,72,477,2017,3,16,1,3,9,1,0,0,0,1,0,0,0,8.10009E+20,5.78855E+21,1.35331E+16,5.21602E+16
110321,,12,0,61,316,2017,3,9,1,2,5,2,0,1,0,0,0,0,0,8.4384E+20,5.76638E+21,1.40036E+16,5.19416E+16
110322,,12,0,60,20,2017,2,16,2,3,5,3,0,1,0,0,0,0,0,8.07885E+20,5.84638E+21,1.35554E+16,5.26797E+16
110323,,12,0,64,29,2017,3,19,1,3,2,6,0,1,0,0,0,2,0,8.17006E+20,5.83259E+21,1.36766E+16,5.25509E+16
110324,,12,0,64,125,2017,3,14,1,3,8,1,0,0,0,1,0,0,0,8.37023E+20,5.85823E+21,1.39969E+16,5.27685E+16
110325,,12,0,64,349,2017,3,17,1,2,8,1,0,0,0,1,0,0,0,8.5319E+20,5.86075E+21,1.42383E+16,5.27807E+16
110326,,12,0,72,340,2017,3,21,7,3,2,6,0,1,0,0,0,2,0,8.03862E+20,5.80324E+21,1.34567E+16,5.22953E+16
110327,,12,0,63,252,2017,3,16,7,3,6,4,0,1,1,0,0,0,0,7.26025E+20,5.8337E+21,1.23382E+16,5.26062E+16
110328,,12,0,54,0,2017,3,4,7,3,5,3,0,1,0,0,1,2,0,7.75069E+20,5.81287E+21,1.30435E+16,5.23968E+16
110329,,12,0,65,251,2017,2,17,2,3,2,6,0,1,0,0,1,2,0,7.77854E+20,5.84767E+21,1.31135E+16,5.27075E+16
110330,,12,0,69,17,2017,3,14,7,3,9,1,0,0,0,1,0,0,0,7.76629E+20,5.7912E+21,1.30486E+16,5.22017E+16
110331,,12,0,68,353,2017,2,14,2,2,5,3,1,1,0,0,0,0,1,7.60484E+20,5.89051E+21,1.28913E+16,5.31004E+16
110332,,12,0,61,260,2017,3,1,7,2,3,6,0,1,0,0,1,2,0,8.19685E+20,5.80692E+21,1.36915E+16,5.23193E+16
110333,,12,0,69,665,2017,2,15,1,1,8,1,0,0,0,1,0,0,1,7.37311E+20,5.77987E+21,1.24665E+16,5.21184E+16
110334,,12,0,61,433,2017,2,18,1,3,2,6,0,1,0,0,0,2,1,8.04058E+20,5.81129E+21,1.34669E+16,5.23673E+16
110335,,12,0,62,410,2017,2,5,1,3,9,1,0,1,0,0,0,2,2,8.13794E+20,5.70448E+21,1.35123E+16,5.14045E+16
110336,,12,0,60,20,2017,2,11,1,3,5,2,1,1,0,0,0,0,0,8.10651E+20,5.84683E+21,1.35966E+16,5.26821E+16
110337,,12,0,61,405,2017,3,11,7,2,4,6,0,1,0,1,0,0,0,8.24041E+20,5.77442E+21,1.37241E+16,5.20256E+16
110338,,12,0,61,352,2017,3,18,7,3,9,7,0,1,0,0,0,1,0,8.48865E+20,5.76586E+21,1.40759E+16,5.19338E+16
110339,,12,0,60,5,2017,3,11,7,3,2,6,0,1,0,0,1,0,0,8.14104E+20,5.83568E+21,1.36369E+16,5.25802E+16
110340,,12,0,60,5,2017,3,9,7,2,2,6,0,1,0,0,0,0,0,8.117E+20,5.83807E+21,1.36038E+16,5.2603E+16
110341,,12,0,73,572,2017,3,8,7,2,2,6,0,1,0,0,0,0,0,8.04709E+20,5.89986E+21,1.35587E+16,5.31608E+16
110342,,12,0,60,20,2017,3,12,7,2,5,3,0,1,0,1,0,0,0,8.09855E+20,5.84549E+21,1.35836E+16,5.26706E+16
110343,,12,0,64,125,2017,3,16,7,3,5,2,0,0,0,1,1,0,0,8.33772E+20,5.85939E+21,1.39501E+16,5.27809E+16
110344,,12,0,67,137,2017,3,16,7,2,8,1,1,0,0,0,0,0,0,8.64427E+20,5.78902E+21,1.43259E+16,5.21312E+16
110345,,12,0,67,144,2017,3,16,7,2,5,3,1,1,0,0,0,0,0,8.45588E+20,5.81092E+21,1.40742E+16,5.23395E+16
110346,,12,0,70,325,2017,3,7,7,2,9,1,0,1,0,0,0,0,0,7.05725E+20,5.90772E+21,1.20858E+16,5.32787E+16
110347,,12,0,63,80,2017,2,11,7,3,2,6,0,1,0,0,0,0,0,7.80008E+20,5.83126E+21,1.31313E+16,5.25592E+16
110348,,12,0,65,165,2017,3,14,7,3,5,3,1,0,0,1,0,0,0,7.81053E+20,5.85733E+21,1.3169E+16,5.27924E+16
110349,,12,0,51,0,2017,2,11,7,2,1,6,0,1,0,0,0,0,0,7.40586E+20,5.81211E+21,1.25372E+16,5.24062E+16
110350,,12,0,71,372,2017,2,14,7,3,2,6,1,0,0,0,1,0,1,8.7355E+20,5.72915E+21,1.43939E+16,5.15892E+16
110351,,12,0,67,124,2017,2,15,7,3,9,1,0,1,0,0,0,0,1,8.25556E+20,5.81477E+21,1.37849E+16,5.23862E+16
110352,,12,0,63,252,2017,3,13,6,2,5,3,1,1,0,0,0,0,0,7.26092E+20,5.83224E+21,1.23382E+16,5.25931E+16
110353,,12,0,63,252,2017,3,6,6,3,4,1,0,1,0,0,0,0,2,7.20205E+20,5.83468E+21,1.2253E+16,5.26174E+16
110354,,12,0,63,36,2017,3,15,6,3,0,7,0,0,0,0,1,0,0,7.70106E+20,5.83347E+21,1.29874E+16,5.2584E+16
110355,,12,0,69,590,2017,3,8,6,3,4,6,0,1,0,0,0,0,0,7.71622E+20,5.80681E+21,1.29881E+16,5.23442E+16
110356,,12,0,54,0,2017,3,8,6,3,3,2,1,0,0,0,1,0,0,7.77855E+20,5.81091E+21,1.30827E+16,5.23779E+16
110357,,12,0,69,20,2017,3,7,6,3,8,1,0,1,0,0,0,0,2,7.39263E+20,5.78113E+21,1.24958E+16,5.21288E+16
110358,,12,0,51,0,2017,3,15,6,3,9,7,0,1,0,0,0,0,0,7.44585E+20,5.81121E+21,1.25952E+16,5.23964E+16
110359,,12,0,61,433,2017,3,8,6,3,5,2,0,1,0,0,0,0,0,8.1065E+20,5.81205E+21,1.35641E+16,5.23704E+16
110360,,12,0,73,69,2017,3,7,6,3,9,1,0,1,0,0,0,1,1,7.97481E+20,5.90886E+21,1.34593E+16,5.32455E+16
110361,,12,0,60,12,2017,3,7,6,3,4,1,0,1,0,0,1,0,2,8.22711E+20,5.87779E+21,1.38049E+16,5.29525E+16
110362,,12,0,60,5,2017,3,6,6,3,5,3,1,1,0,0,0,1,1,8.10772E+20,5.83495E+21,1.35872E+16,5.25756E+16
110363,,12,0,60,5,2017,2,11,7,2,9,1,0,1,0,0,0,0,1,8.11882E+20,5.83792E+21,1.36063E+16,5.26015E+16
110364,,12,0,60,20,2017,3,11,6,3,5,2,1,0,0,0,1,0,0,8.09237E+20,5.84701E+21,1.35759E+16,5.26846E+16
110365,,12,0,65,136,2017,2,17,7,3,2,6,0,1,0,0,0,2,1,7.85415E+20,5.84017E+21,1.32186E+16,5.26363E+16
110366,,12,0,64,227,2017,3,12,6,3,5,3,1,1,0,0,0,0,0,8.15296E+20,5.82757E+21,1.36467E+16,5.25069E+16
110367,,12,0,72,17,2017,2,16,6,3,8,6,0,0,0,0,1,0,1,7.98149E+20,5.80428E+21,1.33741E+16,5.23078E+16
110368,,12,0,63,36,2017,2,21,6,2,7,7,0,1,0,0,0,2,1,7.67348E+20,5.83449E+21,1.29476E+16,5.25945E+16
110369,,12,0,73,532,2017,2,9,6,2,0,2,1,1,0,0,0,0,1,8.5425E+20,5.89193E+21,1.42879E+16,5.30591E+16
110370,,12,0,67,357,2017,3,8,6,2,0,7,1,0,0,0,0,0,1,8.88011E+20,5.77856E+21,1.46569E+16,5.20216E+16
110371,,12,0,65,144,2017,3,6,6,3,4,1,0,1,0,0,1,1,2,7.85383E+20,5.84741E+21,1.32244E+16,5.27012E+16
110372,,12,0,70,266,2017,3,11,6,2,9,1,0,1,0,0,0,0,0,7.13435E+20,5.91249E+21,1.22045E+16,5.33185E+16
110373,,12,0,60,198,2017,2,13,6,3,4,6,0,1,0,0,0,0,1,8.05466E+20,5.86988E+21,1.35416E+16,5.28917E+16
110374,,12,0,60,52,2017,2,17,6,3,6,7,0,1,1,0,0,2,1,8.24262E+20,5.86474E+21,1.38149E+16,5.28346E+16
110375,,12,0,64,393,2017,2,6,6,3,8,1,0,1,0,0,0,2,2,8.35737E+20,5.84423E+21,1.39637E+16,5.26439E+16
110376,,12,0,70,316,2017,3,6,6,3,9,1,0,1,0,0,0,1,2,7.12847E+20,5.89055E+21,1.2181E+16,5.31218E+16
110377,,12,0,68,477,2017,3,7,6,2,8,1,0,1,0,0,0,0,1,7.38155E+20,5.85849E+21,1.25349E+16,5.28235E+16
110378,,12,0,68,426,2017,3,6,6,2,8,1,0,1,0,0,0,1,2,7.46659E+20,5.86636E+21,1.26668E+16,5.28903E+16
110379,,12,0,63,252,2017,3,6,6,3,7,7,0,1,0,0,0,0,0,7.24089E+20,5.82935E+21,1.23067E+16,5.25679E+16
110380,,12,0,63,36,2017,3,10,5,3,2,2,0,1,0,0,0,0,1,7.73602E+20,5.83577E+21,1.30408E+16,5.26029E+16
110381,,12,0,54,0,2017,3,17,5,3,4,2,0,1,0,0,0,0,1,7.77849E+20,5.81092E+21,1.30826E+16,5.23779E+16
110382,,12,0,69,696,2017,3,15,5,3,1,2,0,1,0,0,0,0,1,7.2534E+20,5.79613E+21,1.23027E+16,5.22693E+16
110383,,12,0,51,0,2017,3,8,5,3,9,1,0,0,0,0,1,0,1,7.44678E+20,5.80879E+21,1.25948E+16,5.23746E+16
110384,,12,0,51,0,2017,3,15,5,3,2,6,0,1,0,0,0,0,1,7.40119E+20,5.81307E+21,1.2531E+16,5.2415E+16
110385,,12,0,61,244,2017,3,22,5,1,8,1,0,1,0,0,0,2,1,8.24971E+20,5.76444E+21,1.37282E+16,5.19356E+16
110386,,12,0,53,0,2017,3,9,5,3,2,6,0,1,0,0,0,0,1,8.75586E+20,5.8109E+21,1.45125E+16,5.23196E+16
110387,,12,0,73,572,2017,3,16,5,3,3,2,1,1,0,0,0,0,1,8.01428E+20,5.89484E+21,1.35051E+16,5.31176E+16
110388,,12,0,60,100,2017,3,10,5,3,5,3,0,1,0,0,1,0,1,8.20515E+20,5.87887E+21,1.37734E+16,5.29634E+16
110389,,12,0,53,0,2017,3,20,5,3,8,1,0,1,0,0,0,2,1,8.78769E+20,5.80678E+21,1.45543E+16,5.22805E+16
110390,,12,0,67,124,2017,3,19,5,3,5,3,1,1,0,0,0,2,1,8.22938E+20,5.81913E+21,1.37508E+16,5.24268E+16
110391,,12,0,65,256,2017,3,21,5,3,9,6,0,1,0,0,0,2,1,7.82103E+20,5.85118E+21,1.31792E+16,5.27367E+16
110392,,12,0,67,357,2017,2,22,6,2,8,1,0,1,0,0,0,2,1,8.8328E+20,5.7801E+21,1.459E+16,5.20387E+16
110393,,12,0,72,120,2017,3,15,4,3,8,6,0,1,0,0,1,0,1,7.91947E+20,5.80858E+21,1.32871E+16,5.23496E+16
110394,,12,0,65,144,2017,2,11,6,2,5,3,1,1,0,0,0,0,0,7.91895E+20,5.84434E+21,1.33177E+16,5.26702E+16
110395,,12,0,63,80,2017,3,15,4,3,1,6,0,1,0,0,0,0,1,7.80352E+20,5.83112E+21,1.31363E+16,5.25578E+16
110396,,12,0,65,198,2017,2,14,6,2,4,6,0,1,0,0,0,0,1,7.78876E+20,5.87475E+21,1.31517E+16,5.29497E+16
110397,,12,0,61,164,2017,2,7,6,3,7,7,0,1,0,0,0,0,1,8.13021E+20,5.76977E+21,1.35598E+16,5.19902E+16
110398,,12,0,63,88,2017,2,10,5,3,5,3,0,1,0,0,0,0,0,7.41281E+20,5.85031E+21,1.25752E+16,5.27487E+16
110399,,12,0,61,332,2017,3,14,4,3,2,6,0,1,0,0,0,0,0,8.06494E+20,5.80587E+21,1.34976E+16,5.23174E+16
110400,,12,0,63,88,2017,2,15,5,2,9,1,0,1,0,0,0,0,1,7.40168E+20,5.8488E+21,1.25576E+16,5.27356E+16
110401,,12,0,61,320,2017,3,11,4,3,9,1,0,0,0,0,1,0,1,8.29741E+20,5.75976E+21,1.37929E+16,5.18909E+16
110402,,12,0,61,20,2017,3,19,4,3,5,3,0,1,0,0,0,2,0,8.14239E+20,5.79818E+21,1.36037E+16,5.22441E+16
110403,,12,0,62,196,2017,3,7,4,2,4,6,0,1,0,0,1,0,0,8.17497E+20,5.70467E+21,1.35656E+16,5.14042E+16
110404,,12,0,62,124,2017,3,7,4,2,3,6,0,1,0,0,0,0,0,8.10182E+20,5.7147E+21,1.34695E+16,5.14981E+16
110405,,12,0,67,469,2017,3,16,4,3,9,1,0,1,0,0,0,0,1,8.23851E+20,5.81E+21,1.37553E+16,5.23444E+16
110406,,12,0,63,252,2017,2,10,5,3,5,3,1,0,0,0,1,0,0,7.2597E+20,5.83351E+21,1.23372E+16,5.26046E+16
110407,,12,0,63,36,2017,2,22,5,2,5,3,0,1,0,0,0,2,1,7.69312E+20,5.83227E+21,1.29748E+16,5.25737E+16
110408,,12,0,66,304,2017,2,14,5,2,9,1,0,1,0,0,0,0,2,8.46147E+20,5.71388E+21,1.39849E+16,5.14699E+16
110409,,12,0,61,329,2017,2,20,5,2,9,1,0,1,0,0,0,2,2,8.42456E+20,5.77754E+21,1.39947E+16,5.20424E+16
110410,,12,0,61,492,2017,2,17,5,3,9,1,0,1,0,0,0,2,2,8.14219E+20,5.78504E+21,1.35912E+16,5.21264E+16
110411,,12,0,60,52,2017,3,16,4,3,6,6,1,0,1,0,0,0,1,8.24231E+20,5.86472E+21,1.38144E+16,5.28344E+16
110412,,12,0,60,20,2017,3,11,4,3,5,3,1,1,0,0,0,0,0,8.09579E+20,5.84601E+21,1.358E+16,5.26754E+16
110413,,12,0,64,472,2017,3,17,4,3,1,6,0,1,0,0,0,1,1,8.29626E+20,5.83326E+21,1.38628E+16,5.25494E+16
110414,,12,0,65,100,2017,3,5,4,3,8,1,0,1,0,0,0,2,0,7.80085E+20,5.88897E+21,1.31819E+16,5.30766E+16
110415,,12,0,68,353,2017,3,17,4,3,8,7,0,1,0,0,0,1,0,7.61925E+20,5.89058E+21,1.29128E+16,5.31003E+16
110416,,12,0,68,117,2017,3,7,4,2,5,2,0,1,0,0,0,0,0,7.54918E+20,5.85754E+21,1.27824E+16,5.28073E+16
110417,,12,0,63,80,2017,2,17,3,3,5,3,0,1,0,0,0,0,0,7.77677E+20,5.83216E+21,1.30978E+16,5.25684E+16
110418,,12,0,54,0,2017,2,23,3,3,5,3,0,1,0,0,0,2,1,7.75911E+20,5.81122E+21,1.30545E+16,5.23816E+16
110419,,12,0,61,332,2017,2,10,3,3,5,3,0,1,0,0,0,0,0,8.13063E+20,5.79836E+21,1.35867E+16,5.22464E+16
110420,,12,0,73,532,2017,2,17,5,3,5,3,0,1,0,0,0,2,0,8.54132E+20,5.89205E+21,1.42863E+16,5.30603E+16
110421,,12,0,71,414,2017,2,15,3,3,2,6,1,1,0,0,0,0,0,8.8318E+20,5.73878E+21,1.45428E+16,5.1669E+16
110422,,12,0,64,274,2017,2,9,5,3,5,3,0,1,0,0,0,0,1,8.57603E+20,5.85396E+21,1.4296E+16,5.2717E+16
110423,,12,0,60,52,2017,2,13,3,3,2,6,0,1,0,0,0,0,0,8.2324E+20,5.86463E+21,1.37997E+16,5.28342E+16
110424,,12,0,64,512,2017,2,12,5,3,4,6,0,1,0,0,0,0,0,8.42783E+20,5.84791E+21,1.40712E+16,5.26724E+16
110425,,12,0,53,0,2017,2,13,5,3,5,2,0,1,0,0,0,0,1,8.72197E+20,5.81875E+21,1.44717E+16,5.23922E+16
110426,,12,0,65,332,2017,2,18,5,3,2,6,0,1,0,0,0,2,0,7.81148E+20,5.84766E+21,1.31621E+16,5.27056E+16
110427,,12,0,60,20,2017,2,12,3,3,5,3,0,1,0,0,0,0,0,8.11236E+20,5.84375E+21,1.36023E+16,5.26542E+16
110428,,12,0,68,353,2017,2,13,5,2,3,6,1,0,0,0,1,0,0,7.58448E+20,5.88901E+21,1.28597E+16,5.30879E+16
110429,,12,0,68,72,2017,2,11,3,1,8,1,0,1,0,0,0,0,0,7.52297E+20,5.86689E+21,1.27508E+16,5.28923E+16
110430,,12,0,68,181,2017,2,10,3,3,2,6,0,1,0,0,0,0,1,7.2471E+20,5.89633E+21,1.2362E+16,5.31689E+16
110431,,12,0,70,300,2017,2,13,3,2,8,1,0,0,0,0,1,0,0,6.90791E+20,5.89562E+21,1.18549E+16,5.31756E+16
110432,,12,0,68,409,2017,2,8,3,2,4,6,0,1,0,0,1,0,0,7.30627E+20,5.85832E+21,1.24233E+16,5.28252E+16
110433,,12,0,72,340,2017,2,13,2,3,5,3,1,1,0,0,0,0,0,8.0439E+20,5.80171E+21,1.34631E+16,5.22813E+16
110434,,12,0,72,426,2017,2,15,2,3,2,6,0,1,0,0,0,0,0,7.87766E+20,5.79327E+21,1.32129E+16,5.22146E+16
110435,,12,0,54,0,2017,2,15,2,3,2,6,0,1,0,0,1,0,0,7.75474E+20,5.81278E+21,1.30494E+16,5.23958E+16
110436,,12,0,68,320,2017,2,10,5,2,6,4,0,1,1,0,0,0,0,7.55212E+20,5.86925E+21,1.27959E+16,5.29122E+16
110437,,12,0,51,0,2017,2,10,2,3,2,6,0,1,0,0,0,0,0,7.37332E+20,5.81301E+21,1.24901E+16,5.24157E+16
110438,,12,0,63,273,2017,2,6,4,3,8,1,0,0,0,0,1,2,0,7.70318E+20,5.84028E+21,1.29961E+16,5.2645E+16
110439,,12,0,72,240,2017,2,13,4,3,5,3,0,1,0,0,0,0,1,7.92028E+20,5.80622E+21,1.32863E+16,5.23284E+16
110440,,12,0,63,252,2017,2,14,4,3,0,7,1,0,0,0,0,0,0,7.25868E+20,5.83444E+21,1.23364E+16,5.26129E+16
110441,,12,0,63,36,2017,2,18,4,3,5,3,0,1,0,0,0,2,1,7.70125E+20,5.83346E+21,1.29877E+16,5.25839E+16
110442,,12,0,62,224,2017,2,12,2,2,5,3,0,1,0,0,0,0,0,7.88655E+20,5.72911E+21,1.31721E+16,5.16388E+16
110443,,12,0,69,17,2017,2,20,4,3,7,7,0,1,0,0,0,2,0,7.75926E+20,5.78927E+21,1.30367E+16,5.21847E+16
110444,,12,0,66,41,2017,2,16,4,2,9,1,0,1,0,0,0,0,2,8.40857E+20,5.73302E+21,1.39276E+16,5.16446E+16
110445,,12,0,73,452,2017,2,13,4,3,4,7,1,1,0,0,0,0,2,8.23477E+20,5.91811E+21,1.38569E+16,5.33131E+16
110446,,12,0,60,5,2017,2,20,4,3,5,2,0,1,0,0,0,2,1,8.11365E+20,5.83197E+21,1.35931E+16,5.25486E+16
110447,,12,0,73,8,2017,2,12,2,3,2,6,0,1,0,0,1,0,0,8.36421E+20,5.88586E+21,1.40166E+16,5.30163E+16
110448,,12,0,60,5,2017,2,19,2,2,5,3,0,1,0,0,0,2,0,8.06299E+20,5.83788E+21,1.35241E+16,5.26044E+16
110449,,12,0,64,136,2017,2,12,2,2,8,1,0,1,0,0,0,0,0,8.20688E+20,5.82724E+21,1.37256E+16,5.25008E+16
110450,,12,0,60,20,2017,2,6,4,3,0,3,1,1,0,0,0,1,1,8.10344E+20,5.84678E+21,1.3592E+16,5.26818E+16
110451,,12,0,64,29,2017,2,20,4,2,9,1,0,1,0,0,0,2,2,8.21998E+20,5.83876E+21,1.3756E+16,5.26032E+16
110452,,12,0,53,0,2017,2,17,4,3,6,4,0,0,1,0,1,2,1,8.72386E+20,5.81652E+21,1.44719E+16,5.2372E+16
110453,,12,0,67,173,2017,2,5,4,3,9,1,0,1,0,0,0,2,2,8.2188E+20,5.81449E+21,1.37308E+16,5.23858E+16
110454,,12,0,67,120,2017,2,15,2,2,6,4,0,1,1,0,0,0,0,8.85413E+20,5.79179E+21,1.46342E+16,5.21418E+16
110455,,12,0,67,426,2017,2,10,2,3,4,6,0,1,0,0,0,0,0,8.49231E+20,5.80759E+21,1.41239E+16,5.23073E+16
110456,,12,0,67,473,2017,2,10,2,3,9,7,0,1,0,0,0,0,0,8.47041E+20,5.81607E+21,1.41007E+16,5.23847E+16
110457,,12,0,65,144,2017,2,7,2,3,6,4,0,1,1,0,0,0,0,7.89203E+20,5.84433E+21,1.3278E+16,5.26716E+16
110458,,12,0,65,36,2017,2,10,2,3,6,4,0,1,1,0,0,0,0,7.89377E+20,5.84625E+21,1.32823E+16,5.26887E+16
110459,,12,0,65,356,2017,2,14,2,3,8,6,0,0,0,0,1,0,0,7.94652E+20,5.88687E+21,1.33968E+16,5.305E+16
110460,,12,0,68,264,2017,2,14,2,3,8,1,0,1,0,0,0,0,0,7.28997E+20,5.87074E+21,1.24079E+16,5.29374E+16
110461,,12,0,68,426,2017,2,6,2,2,8,1,0,1,0,0,0,1,0,7.4552E+20,5.86107E+21,1.26459E+16,5.28433E+16
110462,,12,0,72,14,2017,2,17,1,2,4,6,0,1,0,0,0,1,0,8.06723E+20,5.77176E+21,1.34701E+16,5.20115E+16
110463,,12,0,69,696,2017,1,5,3,2,5,6,0,0,0,0,1,2,1,7.26303E+20,5.79451E+21,1.23157E+16,5.22543E+16
110464,,12,0,54,0,2017,2,15,1,3,5,2,1,1,0,0,0,0,0,7.75098E+20,5.81285E+21,1.30439E+16,5.23966E+16
110465,,12,0,69,696,2017,1,11,3,3,2,6,0,1,0,0,1,0,0,7.3055E+20,5.79647E+21,1.23792E+16,5.22701E+16
110466,,12,0,71,32,2017,2,17,1,3,5,3,1,1,0,0,0,1,0,8.51764E+20,5.75862E+21,1.41105E+16,5.18672E+16
110467,,12,0,72,17,2017,1,12,3,3,2,6,0,1,0,0,0,0,1,8.03356E+20,5.80556E+21,1.34514E+16,5.23164E+16
110468,,12,0,72,120,2017,1,8,3,3,8,1,0,1,0,0,0,0,1,7.94689E+20,5.81251E+21,1.33307E+16,5.23834E+16
110469,,12,0,72,120,2017,1,9,3,3,9,1,0,1,0,0,0,0,2,7.96748E+20,5.81004E+21,1.33587E+16,5.23602E+16
110470,,12,0,60,45,2017,2,13,1,2,8,1,0,1,0,0,0,0,1,8.30123E+20,5.87511E+21,1.39121E+16,5.29239E+16
110471,,12,0,72,240,2017,1,8,3,3,9,6,0,1,0,0,0,0,2,7.92922E+20,5.8072E+21,1.33002E+16,5.23367E+16
110472,,12,0,64,268,2017,2,9,1,3,8,1,0,1,0,0,0,0,1,8.7586E+20,5.82187E+21,1.45287E+16,5.24175E+16
110473,,12,0,68,264,2017,2,21,1,3,5,3,0,1,0,0,0,2,0,7.27344E+20,5.87166E+21,1.2384E+16,5.29463E+16
110474,,12,0,72,477,2017,2,6,7,2,8,1,0,1,0,0,0,0,2,8.0521E+20,5.78832E+21,1.3463E+16,5.21608E+16
110475,,12,0,72,426,2017,2,9,7,3,8,1,0,1,0,0,0,0,2,7.90704E+20,5.79123E+21,1.3254E+16,5.21947E+16
110476,,12,0,72,426,2017,2,7,7,3,8,1,0,1,0,0,0,0,2,7.90673E+20,5.79069E+21,1.32531E+16,5.21899E+16
110477,,12,0,63,357,2017,2,5,7,2,9,1,0,1,0,0,0,2,2,7.64093E+20,5.82965E+21,1.28959E+16,5.25528E+16
110478,,12,0,69,656,2017,2,9,7,3,2,6,0,1,0,0,0,0,1,7.66949E+20,5.80944E+21,1.29217E+16,5.23701E+16
110479,,12,0,69,656,2017,2,0,7,2,8,1,1,0,0,0,0,2,1,7.67722E+20,5.8106E+21,1.2934E+16,5.23801E+16
110480,,12,0,51,0,2017,2,6,7,3,8,1,0,1,0,0,0,2,2,7.33444E+20,5.81236E+21,1.24326E+16,5.24116E+16
110481,,12,0,61,216,2017,2,9,7,3,8,1,0,1,0,0,0,0,2,8.19096E+20,5.78398E+21,1.36612E+16,5.2114E+16
110482,,12,0,71,304,2017,2,7,7,3,9,1,0,1,0,0,0,0,2,8.72287E+20,5.75854E+21,1.44072E+16,5.18532E+16
110483,,12,0,71,57,2017,2,6,7,3,8,1,0,1,0,0,0,1,2,8.60504E+20,5.73365E+21,1.4211E+16,5.1638E+16
110484,,12,0,52,0,2017,2,13,7,3,2,6,0,1,0,0,0,0,1,8.68812E+20,5.74768E+21,1.43454E+16,5.17583E+16
110485,,12,0,60,20,2017,2,12,7,2,2,6,0,1,0,0,0,0,0,8.09105E+20,5.84348E+21,1.35706E+16,5.2653E+16
110486,,12,0,72,53,2017,1,10,3,3,4,6,0,0,0,0,1,0,2,8.07805E+20,5.7587E+21,1.34742E+16,5.18938E+16
110487,,12,0,64,44,2017,2,5,7,2,9,1,0,1,0,0,0,2,2,8.44515E+20,5.85745E+21,1.41067E+16,5.27567E+16