OBJECTID,UIDENTSTLA,ULAND,UREGBEZ,UKREIS,UGEMEINDE,UJAHR,UMONAT,USTUNDE,UWOCHENTAG,UKATEGORIE,UART,UTYP1,IstRad,IstPKW,IstFuss,IstKrad,IstSonstig,LICHT,STRZUSTAND,LINREFX,LINREFY,XGCSWGS84,YGCSWGS84
110676,,12,0,68,181,2017,4,13,7,3,2,6,0,1,0,0,0,0,0,7.31879E+20,5.89106E+21,1.24653E+16,5.31185E+16
110677,,12,0,70,173,2017,4,13,7,3,2,2,0,1,0,0,0,0,0,6.74714E+20,5.90056E+21,1.16173E+16,5.32256E+16
110678,,12,0,73,261,2017,5,11,5,2,2,6,0,1,0,0,1,0,1,8.31771E+20,5.92117E+21,1.39842E+16,5.33354E+16
110679,,12,0,60,269,2017,5,13,5,3,8,1,0,0,0,0,1,0,1,8.07972E+20,5.85703E+21,1.35666E+16,5.2775E+16
110680,,12,0,73,532,2017,5,14,5,3,3,6,0,0,0,1,1,0,1,8.5356E+20,5.89248E+21,1.42783E+16,5.30645E+16
110681,,12,0,64,222,2017,5,15,5,3,2,6,0,1,0,0,0,0,1,8.30113E+20,5.8505E+21,1.38871E+16,5.27035E+16
110682,,12,0,67,481,2017,5,7,5,3,2,2,0,1,0,1,0,0,1,8.36694E+20,5.80087E+21,1.39341E+16,5.22549E+16
110683,,12,0,65,332,2017,5,15,5,3,5,2,0,1,0,0,0,0,1,7.82645E+20,5.84571E+21,1.31825E+16,5.26874E+16
110684,,12,0,68,188,2017,5,17,5,3,9,1,0,1,0,0,0,0,1,7.6729E+20,5.86826E+21,1.29743E+16,5.28974E+16
110685,,12,0,51,0,2017,5,15,4,3,3,7,0,1,0,0,1,0,0,7.40045E+20,5.80523E+21,1.25243E+16,5.23447E+16
110686,,12,0,72,312,2017,5,17,4,2,8,1,0,0,0,1,0,0,0,7.78786E+20,5.78703E+21,1.30766E+16,5.21633E+16
110687,,12,0,72,169,2017,5,10,4,2,5,3,1,1,0,0,0,0,0,7.78966E+20,5.76806E+21,1.30638E+16,5.1993E+16
110688,,12,0,69,397,2017,5,10,4,3,5,3,1,1,0,0,0,0,0,7.76779E+20,5.80469E+21,1.30618E+16,5.23226E+16
110689,,12,0,61,433,2017,5,10,4,3,2,6,0,0,0,0,1,0,0,8.12307E+20,5.8065E+21,1.35832E+16,5.23198E+16
110690,,12,0,66,196,2017,5,5,4,2,5,3,0,1,0,1,0,0,0,8.38482E+20,5.75791E+21,1.39176E+16,5.1869E+16
110691,,12,0,69,485,2017,4,5,6,3,8,6,0,1,0,1,0,2,1,7.49881E+20,5.77129E+21,1.26434E+16,5.20358E+16
110692,,12,0,71,57,2017,5,4,4,3,5,3,0,1,0,0,0,1,0,8.5867E+20,5.73291E+21,1.41839E+16,5.16326E+16
110693,,12,0,52,0,2017,5,15,4,3,5,2,1,1,0,0,0,0,0,8.68544E+20,5.74773E+21,1.43416E+16,5.17588E+16
110694,,12,0,69,20,2017,4,13,6,3,1,6,0,1,0,1,0,0,0,7.46013E+20,5.78281E+21,1.25954E+16,5.21409E+16
110695,,12,0,61,316,2017,4,7,6,2,4,2,0,1,0,0,0,0,0,8.3403E+20,5.7618E+21,1.38569E+16,5.19065E+16
110696,,12,0,60,52,2017,5,18,4,2,2,2,0,1,0,1,0,0,0,8.18183E+20,5.86557E+21,1.37258E+16,5.28457E+16
110697,,12,0,73,572,2017,4,16,6,3,5,3,1,1,0,0,0,0,1,8.0099E+20,5.89468E+21,1.34984E+16,5.31164E+16
110698,,12,0,73,452,2017,4,6,6,1,4,6,0,1,0,0,1,1,1,8.19203E+20,5.9187E+21,1.37936E+16,5.3321E+16
110699,,12,0,60,269,2017,5,16,4,3,2,2,0,1,0,0,0,0,0,8.05485E+20,5.85174E+21,1.3525E+16,5.27291E+16
110700,,12,0,60,185,2017,4,21,6,3,9,7,0,1,0,0,0,2,0,8.38272E+20,5.87916E+21,1.40371E+16,5.29552E+16
110701,,12,0,60,20,2017,5,16,4,3,2,6,0,1,0,0,0,0,0,8.11534E+20,5.84313E+21,1.36061E+16,5.26485E+16
110702,,12,0,60,52,2017,4,15,6,2,8,1,0,1,0,0,0,0,1,8.19516E+20,5.85989E+21,1.374E+16,5.2794E+16
110703,,12,0,61,433,2017,5,11,1,3,2,6,0,1,0,0,0,0,0,8.07612E+20,5.81446E+21,1.35218E+16,5.23937E+16
110704,,12,0,60,20,2017,4,7,6,3,4,2,0,1,0,0,1,0,1,8.08125E+20,5.84764E+21,1.35601E+16,5.26908E+16
110705,,12,0,66,285,2017,5,15,1,2,8,1,0,1,0,0,0,0,1,8.40263E+20,5.72026E+21,1.39067E+16,5.15307E+16
110706,,12,0,60,20,2017,5,14,4,2,5,3,1,1,0,0,0,0,0,8.07489E+20,5.84835E+21,1.35514E+16,5.26975E+16
110707,,12,0,52,0,2017,5,13,1,3,9,7,0,1,0,0,0,0,0,8.73618E+20,5.74239E+21,1.4409E+16,5.17077E+16
110708,,12,0,62,492,2017,5,17,1,3,9,7,0,1,0,0,0,0,0,8.06862E+20,5.72555E+21,1.34313E+16,5.15972E+16
110709,,12,0,53,0,2017,4,7,6,3,5,2,0,1,0,0,0,0,1,8.77255E+20,5.81311E+21,1.45393E+16,5.23382E+16
110710,,12,0,67,144,2017,4,22,6,3,5,3,1,1,0,0,0,2,0,8.44561E+20,5.8132E+21,1.40615E+16,5.23605E+16
110711,,12,0,67,144,2017,4,15,6,3,0,7,0,0,0,1,0,0,0,8.45485E+20,5.81138E+21,1.40731E+16,5.23437E+16
110712,,12,0,65,256,2017,4,11,6,3,5,3,1,1,0,0,0,0,0,7.85206E+20,5.85294E+21,1.32265E+16,5.27509E+16
110713,,12,0,70,302,2017,4,13,6,2,4,2,0,1,0,0,0,0,0,7.07392E+20,5.87052E+21,1.20867E+16,5.29441E+16
110714,,12,0,69,656,2017,4,8,5,3,5,3,1,0,0,0,1,0,0,7.67421E+20,5.81116E+21,1.293E+16,5.23853E+16
110715,,12,0,51,0,2017,4,21,5,3,5,3,0,1,0,0,0,2,0,7.44238E+20,5.81178E+21,1.25905E+16,5.24017E+16
110716,,12,0,51,0,2017,4,19,5,3,8,2,0,0,0,1,0,0,1,7.36569E+20,5.81318E+21,1.2479E+16,5.24176E+16
110717,,12,0,61,260,2017,4,6,5,3,8,7,0,0,0,0,1,1,0,8.21232E+20,5.80762E+21,1.37148E+16,5.23247E+16
110718,,12,0,61,260,2017,4,11,5,2,2,6,0,1,0,0,0,0,0,8.16128E+20,5.80013E+21,1.36331E+16,5.22605E+16
110719,,12,0,67,72,2017,4,8,5,3,8,7,0,1,0,0,0,0,0,8.60418E+20,5.81031E+21,1.42903E+16,5.23244E+16
110720,,12,0,64,428,2017,5,17,4,3,4,3,0,1,0,1,0,0,0,8.24138E+20,5.82455E+21,1.37736E+16,5.24746E+16
110721,,12,0,62,469,2017,5,12,1,2,8,1,0,0,0,1,0,0,0,8.19763E+20,5.73819E+21,1.36285E+16,5.17033E+16
110722,,12,0,53,0,2017,5,14,4,3,4,6,0,1,0,0,0,0,0,8.74665E+20,5.81554E+21,1.45042E+16,5.23617E+16
110723,,12,0,73,396,2017,4,10,5,3,8,1,0,1,0,0,0,0,0,8.10519E+20,5.89428E+21,1.36399E+16,5.31074E+16
110724,,12,0,67,144,2017,5,14,4,2,6,4,0,1,1,0,0,0,0,8.43931E+20,5.81512E+21,1.40542E+16,5.23781E+16
110725,,12,0,62,88,2017,5,11,1,2,8,1,0,1,0,0,0,0,0,8.25336E+20,5.74221E+21,1.37126E+16,5.17362E+16
110726,,12,0,73,8,2017,4,14,5,2,9,6,0,1,0,0,1,0,0,8.33903E+20,5.882E+21,1.39752E+16,5.29833E+16
110727,,12,0,70,316,2017,5,14,4,2,9,1,0,1,0,0,0,0,0,7.18962E+20,5.89874E+21,1.22778E+16,5.31929E+16
110728,,12,0,71,414,2017,5,13,1,3,8,1,0,1,0,0,0,0,0,8.81374E+20,5.73919E+21,1.45173E+16,5.16738E+16
110729,,12,0,72,17,2017,5,6,3,3,9,6,0,1,0,0,1,0,0,8.02163E+20,5.8092E+21,1.34372E+16,5.23497E+16
110730,,12,0,73,430,2017,5,13,1,2,4,1,0,1,0,1,0,0,0,8.22012E+20,5.90729E+21,1.38241E+16,5.32171E+16
110731,,12,0,60,5,2017,5,13,1,2,2,6,0,1,0,0,0,0,0,8.10692E+20,5.83552E+21,1.35866E+16,5.25807E+16
110732,,12,0,60,154,2017,4,13,5,3,1,6,0,1,0,0,1,0,0,8.06206E+20,5.86459E+21,1.35476E+16,5.28438E+16
110733,,12,0,60,161,2017,4,20,5,3,6,6,0,1,1,0,0,2,1,8.18453E+20,5.85868E+21,1.37231E+16,5.27838E+16
110734,,12,0,60,5,2017,5,15,1,3,3,2,0,1,0,1,0,0,0,8.10466E+20,5.83509E+21,1.35828E+16,5.2577E+16
110735,,12,0,60,24,2017,4,15,5,3,6,2,0,1,1,0,0,0,0,8.12772E+20,5.8564E+21,1.3637E+16,5.27666E+16
110736,,12,0,64,227,2017,4,20,5,2,5,3,0,1,0,0,0,2,0,8.15317E+20,5.8267E+21,1.36462E+16,5.24991E+16
110737,,12,0,67,120,2017,4,12,5,3,2,6,0,1,0,0,0,0,0,8.86074E+20,5.78978E+21,1.46415E+16,5.21234E+16
110738,,12,0,67,144,2017,4,14,5,3,0,7,0,0,0,0,1,0,0,8.43162E+20,5.81384E+21,1.40417E+16,5.23671E+16
110739,,12,0,65,144,2017,4,10,5,3,2,2,0,1,0,0,0,0,0,7.88263E+20,5.84304E+21,1.3263E+16,5.26605E+16
110740,,12,0,65,136,2017,4,7,5,2,2,2,0,1,0,0,0,0,0,7.84531E+20,5.83921E+21,1.32047E+16,5.26282E+16
110741,,12,0,65,356,2017,4,7,5,3,8,7,0,1,0,0,0,0,0,7.92662E+20,5.8824E+21,1.33632E+16,5.30109E+16
110742,,12,0,68,468,2017,4,16,5,3,8,1,0,0,0,1,0,0,0,7.25905E+20,5.90624E+21,1.23869E+16,5.32572E+16
110743,,12,0,69,632,2017,4,14,4,2,3,2,1,0,0,0,1,0,0,7.65245E+20,5.77905E+21,1.28729E+16,5.20983E+16
110744,,12,0,72,120,2017,5,16,3,2,9,1,0,1,0,0,1,0,0,7.93658E+20,5.81211E+21,1.33153E+16,5.23803E+16
110745,,12,0,72,53,2017,5,17,3,3,5,2,0,1,0,0,0,0,0,8.04633E+20,5.75577E+21,1.34256E+16,5.18694E+16
110746,,12,0,63,228,2017,5,6,3,3,3,6,0,1,0,0,0,0,0,7.50177E+20,5.8382E+21,1.26975E+16,5.2636E+16
110747,,12,0,63,189,2017,5,18,3,3,9,1,0,1,0,0,0,0,1,7.21899E+20,5.82616E+21,1.22723E+16,5.25403E+16
110748,,12,0,68,320,2017,5,13,1,3,9,1,0,1,0,0,0,0,0,7.58036E+20,5.86734E+21,1.28363E+16,5.28937E+16
110749,,12,0,69,590,2017,5,14,3,3,5,2,1,1,0,0,0,0,1,7.7005E+20,5.80884E+21,1.29667E+16,5.23632E+16
110750,,12,0,69,590,2017,5,13,3,3,5,3,0,1,0,0,0,0,1,7.64978E+20,5.80518E+21,1.28895E+16,5.23328E+16
110751,,12,0,54,0,2017,5,18,3,3,6,6,0,1,1,0,0,0,1,7.72927E+20,5.82048E+21,1.30183E+16,5.24661E+16
110752,,12,0,51,0,2017,5,15,3,3,5,3,1,1,0,0,0,0,1,7.41267E+20,5.81358E+21,1.25482E+16,5.24191E+16
110753,,12,0,72,17,2017,5,16,3,3,3,6,0,1,0,0,1,0,1,8.0327E+20,5.80456E+21,1.34493E+16,5.23074E+16
110754,,12,0,61,332,2017,4,12,4,3,2,6,0,1,0,0,0,0,0,8.116E+20,5.80181E+21,1.35685E+16,5.22781E+16
110755,,12,0,61,433,2017,5,14,3,3,2,6,0,1,0,0,1,0,1,8.12785E+20,5.80636E+21,1.359E+16,5.23182E+16
110756,,12,0,61,540,2017,5,15,3,3,5,3,0,1,0,0,1,0,1,8.13581E+20,5.80604E+21,1.36014E+16,5.23149E+16
110757,,12,0,61,540,2017,4,7,4,3,6,4,0,1,1,0,0,0,0,8.15814E+20,5.80665E+21,1.36346E+16,5.23191E+16
110758,,12,0,61,316,2017,5,17,3,2,5,3,1,1,0,0,0,0,0,8.38357E+20,5.76601E+21,1.39237E+16,5.19417E+16
110759,,12,0,71,301,2017,4,20,4,3,0,1,0,1,0,0,0,2,0,8.77025E+20,5.74689E+21,1.4463E+16,5.17457E+16
110760,,12,0,52,0,2017,4,11,4,3,5,3,1,1,0,0,0,0,0,8.68844E+20,5.74761E+21,1.43458E+16,5.17576E+16
110761,,12,0,52,0,2017,5,23,3,3,6,4,0,1,1,0,0,2,0,8.68253E+20,5.74296E+21,1.43323E+16,5.17163E+16
110762,,12,0,60,198,2017,4,17,4,3,9,1,0,1,0,0,0,0,0,8.14115E+20,5.86539E+21,1.36654E+16,5.28465E+16
110763,,12,0,69,680,2017,5,0,7,3,3,6,0,1,0,0,1,2,0,7.3364E+20,5.79729E+21,1.2425E+16,5.22763E+16
110764,,12,0,52,0,2017,5,10,3,3,5,3,1,1,0,0,0,0,0,8.68473E+20,5.74769E+21,1.43405E+16,5.17586E+16
110765,,12,0,60,181,2017,4,8,4,2,3,2,1,1,0,0,0,0,0,8.07501E+20,5.84043E+21,1.35442E+16,5.26266E+16
110766,,12,0,72,17,2017,5,17,7,3,6,2,0,1,1,0,0,0,0,7.99346E+20,5.80701E+21,1.33941E+16,5.23316E+16
110767,,12,0,60,20,2017,4,15,4,3,5,3,1,1,0,0,0,0,0,8.09275E+20,5.84699E+21,1.35765E+16,5.26843E+16
110768,,12,0,61,433,2017,5,5,7,1,2,6,0,1,0,0,1,1,1,8.11251E+20,5.80639E+21,1.35676E+16,5.23193E+16
110769,,12,0,61,344,2017,5,8,7,2,8,1,0,1,0,0,0,0,1,8.28768E+20,5.78584E+21,1.38038E+16,5.21251E+16
110770,,12,0,61,332,2017,5,19,7,3,5,3,0,1,0,0,0,0,0,8.0688E+20,5.79776E+21,1.34959E+16,5.22445E+16
110771,,12,0,64,128,2017,4,20,4,3,7,7,0,1,0,0,0,2,0,8.62782E+20,5.82208E+21,1.43375E+16,5.24283E+16
110772,,12,0,67,469,2017,5,11,3,3,2,6,0,1,0,0,1,0,0,8.25083E+20,5.80754E+21,1.3771E+16,5.23217E+16
110773,,12,0,52,0,2017,5,11,7,3,9,1,0,1,0,0,0,0,1,8.64888E+20,5.74984E+21,1.4291E+16,5.17801E+16
110774,,12,0,60,198,2017,5,11,7,3,4,6,0,1,0,0,0,0,1,8.14251E+20,5.86601E+21,1.3668E+16,5.28519E+16
110775,,12,0,73,8,2017,5,11,3,3,1,6,0,0,0,0,1,0,0,8.37545E+20,5.88646E+21,1.40339E+16,5.3021E+16
110776,,12,0,60,45,2017,5,15,7,3,5,2,0,1,0,1,0,0,0,8.31033E+20,5.87639E+21,1.39269E+16,5.29348E+16
110777,,12,0,60,5,2017,5,8,3,3,3,3,0,1,0,1,1,0,0,8.12327E+20,5.83829E+21,1.36132E+16,5.26046E+16
110778,,12,0,64,227,2017,4,17,4,3,0,7,1,0,0,0,0,0,0,8.16306E+20,5.8282E+21,1.36622E+16,5.25119E+16
110779,,12,0,60,269,2017,5,12,3,3,0,1,0,0,0,1,0,0,0,8.03621E+20,5.8563E+21,1.35017E+16,5.2771E+16
110780,,12,0,65,225,2017,4,15,4,2,2,6,0,0,0,0,1,0,0,7.97709E+20,5.84385E+21,1.3403E+16,5.26627E+16
110781,,12,0,64,428,2017,5,9,3,3,2,6,0,1,0,0,0,0,0,8.25146E+20,5.82653E+21,1.37903E+16,5.24918E+16
110782,,12,0,67,120,2017,5,7,3,3,5,3,0,1,0,0,0,0,0,8.85581E+20,5.7925E+21,1.46374E+16,5.2148E+16
110783,,12,0,68,264,2017,4,14,4,2,8,1,0,0,0,0,1,0,0,7.2297E+20,5.87105E+21,1.23185E+16,5.29427E+16
110784,,12,0,67,173,2017,5,15,3,3,1,5,0,1,0,0,0,0,1,8.22555E+20,5.81482E+21,1.3741E+16,5.23884E+16
110785,,12,0,68,181,2017,5,21,3,2,2,6,0,1,0,0,1,2,1,7.26305E+20,5.89563E+21,1.23854E+16,5.31619E+16
110786,,12,0,69,306,2017,4,0,3,3,2,6,0,1,0,0,1,2,0,7.57378E+20,5.80558E+21,1.27785E+16,5.234E+16
110787,,12,0,69,656,2017,4,15,3,3,2,6,0,1,0,0,1,0,0,7.66756E+20,5.8122E+21,1.29211E+16,5.2395E+16
110788,,12,0,65,96,2017,5,15,3,3,2,7,0,1,0,0,0,0,0,7.91959E+20,5.83994E+21,1.33148E+16,5.26308E+16
110789,,12,0,61,433,2017,4,6,3,3,2,6,0,1,0,0,1,0,0,8.10242E+20,5.80862E+21,1.35549E+16,5.23399E+16
110790,,12,0,65,225,2017,5,14,3,3,0,7,1,0,0,0,0,0,1,7.95904E+20,5.84132E+21,1.33741E+16,5.2641E+16
110791,,12,0,60,52,2017,5,9,7,3,0,1,1,0,0,0,0,0,1,8.18247E+20,5.86486E+21,1.37261E+16,5.28393E+16
110792,,12,0,65,251,2017,5,8,3,2,5,3,0,1,0,1,0,0,0,7.81461E+20,5.84453E+21,1.3164E+16,5.26774E+16
110793,,12,0,60,5,2017,5,14,7,3,4,2,0,1,0,0,0,0,0,8.11365E+20,5.83197E+21,1.35931E+16,5.25486E+16
110794,,12,0,60,192,2017,4,14,3,3,6,4,0,1,1,0,0,0,0,8.12936E+20,5.85185E+21,1.3635E+16,5.27258E+16
110795,,12,0,70,266,2017,5,13,3,3,8,1,0,1,0,0,0,0,0,7.12595E+20,5.91226E+21,1.21917E+16,5.33168E+16
110796,,12,0,60,20,2017,5,9,7,2,5,3,0,1,0,0,0,0,1,8.11196E+20,5.84616E+21,1.3604E+16,5.26758E+16
110797,,12,0,70,296,2017,5,15,3,3,2,6,0,1,0,0,0,0,1,6.91266E+20,5.88396E+21,1.1855E+16,5.30708E+16
110798,,12,0,64,538,2017,5,13,7,3,3,6,1,1,0,0,0,0,0,8.63885E+20,5.84563E+21,1.43794E+16,5.26383E+16
110799,,12,0,64,380,2017,5,10,7,3,5,3,0,1,0,0,0,0,1,8.26385E+20,5.83171E+21,1.38136E+16,5.25374E+16
110800,,12,0,64,227,2017,4,13,3,3,5,2,0,1,0,0,0,0,0,8.15925E+20,5.83114E+21,1.36594E+16,5.25385E+16
110801,,12,0,64,222,2017,4,9,3,2,3,6,0,1,0,0,0,0,0,8.33369E+20,5.85286E+21,1.39375E+16,5.27226E+16
110802,,12,0,64,472,2017,4,9,3,3,6,4,0,1,1,0,0,0,0,8.2967E+20,5.83338E+21,1.38635E+16,5.25504E+16
110803,,12,0,53,0,2017,4,11,3,3,2,6,0,1,0,0,1,0,0,8.78064E+20,5.81419E+21,1.45523E+16,5.23473E+16
110804,,12,0,67,124,2017,4,11,3,3,5,3,1,1,0,0,0,0,0,8.22931E+20,5.81911E+21,1.37507E+16,5.24266E+16
110805,,12,0,65,136,2017,4,13,3,3,3,2,1,1,0,0,0,0,0,7.84578E+20,5.838E+21,1.32044E+16,5.26173E+16
110806,,12,0,68,320,2017,4,18,3,3,5,3,1,1,0,0,0,0,0,7.55066E+20,5.87035E+21,1.27946E+16,5.29221E+16
110807,,12,0,72,17,2017,4,21,2,3,9,6,0,1,0,0,1,2,0,7.99944E+20,5.80421E+21,1.34003E+16,5.23061E+16
110808,,12,0,72,312,2017,4,13,2,3,7,7,0,1,0,0,0,0,0,7.93529E+20,5.77935E+21,1.3285E+16,5.20867E+16
110809,,12,0,69,304,2017,4,13,2,3,4,6,1,0,0,0,0,0,0,7.87731E+20,5.8143E+21,1.32303E+16,5.24032E+16
110810,,12,0,51,0,2017,4,15,2,3,1,6,0,1,0,0,0,0,0,7.41306E+20,5.81151E+21,1.25473E+16,5.24005E+16
110811,,12,0,61,260,2017,4,17,2,3,2,6,0,1,0,0,0,0,0,8.13676E+20,5.80555E+21,1.36023E+16,5.23104E+16
110812,,12,0,68,264,2017,5,12,3,2,8,7,0,0,0,0,1,0,0,7.31323E+20,5.88075E+21,1.24496E+16,5.30262E+16
110813,,12,0,68,264,2017,5,12,3,2,8,7,0,0,0,0,1,0,1,7.2626E+20,5.8725E+21,1.23684E+16,5.29544E+16
110814,,12,0,72,120,2017,5,23,2,1,8,7,0,1,0,0,0,2,0,7.95903E+20,5.80831E+21,1.33448E+16,5.23451E+16
110815,,12,0,63,357,2017,5,14,2,3,5,2,0,1,0,0,0,0,1,7.66075E+20,5.8305E+21,1.29257E+16,5.25594E+16
110816,,12,0,66,196,2017,5,16,2,3,2,6,0,1,0,0,1,0,0,8.33928E+20,5.75639E+21,1.38502E+16,5.18581E+16
110817,,12,0,71,301,2017,5,6,2,2,8,1,0,1,0,0,0,0,0,8.70341E+20,5.73952E+21,1.43588E+16,5.16842E+16
110818,,12,0,60,100,2017,5,14,2,2,7,7,0,0,0,1,0,0,0,8.19282E+20,5.87836E+21,1.37546E+16,5.29596E+16
110819,,12,0,60,52,2017,5,16,2,2,3,2,0,1,0,1,0,0,0,8.24632E+20,5.8656E+21,1.38213E+16,5.28421E+16
110820,,12,0,60,5,2017,5,17,2,3,5,3,0,1,0,0,0,0,0,8.12137E+20,5.83809E+21,1.36102E+16,5.2603E+16
110821,,12,0,64,380,2017,5,14,2,3,4,2,0,1,0,0,0,0,0,8.27252E+20,5.832E+21,1.38266E+16,5.25395E+16
110822,,12,0,66,196,2017,4,9,2,3,2,6,0,1,0,0,0,0,0,8.427E+20,5.754E+21,1.39748E+16,5.18314E+16
110823,,12,0,68,117,2017,5,18,2,2,9,1,0,1,0,0,0,0,0,7.62516E+20,5.85123E+21,1.28898E+16,5.2747E+16
110824,,12,0,54,0,2017,4,15,1,3,8,1,0,1,0,0,0,0,0,7.69042E+20,5.8229E+21,1.29632E+16,5.24898E+16
110825,,12,0,69,656,2017,4,20,1,3,5,3,1,1,0,0,0,1,0,7.66167E+20,5.80879E+21,1.29097E+16,5.23646E+16
110826,,12,0,69,656,2017,4,22,1,3,0,6,1,0,0,0,1,2,0,7.68073E+20,5.80929E+21,1.29381E+16,5.23681E+16
110827,,12,0,69,270,2017,4,13,1,2,8,1,0,1,0,0,0,0,0,7.33328E+20,5.81631E+21,1.24336E+16,5.2447E+16
110828,,12,0,66,196,2017,4,16,1,2,9,1,0,1,0,0,0,0,0,8.41289E+20,5.7465E+21,1.3947E+16,5.17651E+16
110829,,12,0,66,112,2017,4,11,1,1,4,7,0,1,0,1,0,0,0,8.53016E+20,5.72584E+21,1.40954E+16,5.15728E+16
110830,,12,0,61,20,2017,4,10,1,1,4,1,1,1,0,0,0,0,0,8.15078E+20,5.7966E+21,1.36145E+16,5.22295E+16
110831,,12,0,64,29,2017,5,15,7,3,5,3,1,1,0,0,0,0,0,8.19407E+20,5.83264E+21,1.3712E+16,5.25499E+16
110832,,12,0,67,357,2017,5,8,7,2,9,1,0,1,0,0,0,0,1,8.81604E+20,5.78088E+21,1.45666E+16,5.20468E+16
110833,,12,0,61,332,2017,4,14,1,3,5,3,0,1,0,1,0,0,0,8.10792E+20,5.80323E+21,1.3558E+16,5.22913E+16
110834,,12,0,67,173,2017,5,11,7,3,2,6,0,1,0,0,0,0,1,8.21054E+20,5.81562E+21,1.37198E+16,5.23965E+16
110835,,12,0,62,124,2017,4,19,1,3,2,6,0,1,0,0,0,0,0,8.14576E+20,5.7112E+21,1.35295E+16,5.14643E+16
110836,,12,0,60,198,2017,4,11,1,3,2,6,0,1,0,0,0,0,0,8.14024E+20,5.86458E+21,1.36633E+16,5.28392E+16
110837,,12,0,60,269,2017,4,14,1,2,0,1,0,0,0,1,0,0,0,7.98603E+20,5.85722E+21,1.34284E+16,5.2782E+16
110838,,12,0,64,428,2017,4,14,1,3,0,7,0,0,0,1,0,0,0,8.28818E+20,5.82852E+21,1.38462E+16,5.25074E+16
110839,,12,0,65,136,2017,4,15,1,3,2,2,0,1,0,0,0,0,0,7.84352E+20,5.84211E+21,1.32046E+16,5.26542E+16
110840,,12,0,65,165,2017,4,13,1,2,5,1,0,0,0,1,0,0,0,7.81109E+20,5.85733E+21,1.31698E+16,5.27924E+16
110841,,12,0,65,256,2017,4,14,1,3,2,6,1,0,0,0,0,0,0,7.89942E+20,5.85126E+21,1.3295E+16,5.27333E+16
110842,,12,0,63,293,2017,4,20,7,2,3,6,1,0,0,0,1,0,0,7.35347E+20,5.8385E+21,1.2479E+16,5.26453E+16
110843,,12,0,66,285,2017,4,21,2,3,6,6,0,1,1,0,0,2,0,8.39587E+20,5.72115E+21,1.38978E+16,5.1539E+16
110844,,12,0,61,260,2017,4,15,2,3,5,2,0,1,0,0,0,0,0,8.13576E+20,5.80381E+21,1.35992E+16,5.22949E+16
110845,,12,0,62,128,2017,4,11,7,2,5,3,1,1,0,0,0,0,0,7.93415E+20,5.7236E+21,1.3236E+16,5.15869E+16
110846,,12,0,71,76,2017,4,14,2,3,5,3,1,0,0,0,1,0,0,8.88571E+20,5.74612E+21,1.46286E+16,5.1731E+16
110847,,12,0,71,244,2017,4,2,2,3,8,1,0,1,0,0,0,2,0,8.60891E+20,5.74621E+21,1.42296E+16,5.17502E+16
110848,,12,0,67,201,2017,5,8,7,1,6,4,0,0,1,0,1,0,1,8.34742E+20,5.81694E+21,1.39216E+16,5.24001E+16
110849,,12,0,62,425,2017,4,14,7,2,8,1,0,0,0,1,0,0,0,8.35803E+20,5.72645E+21,1.38485E+16,5.15888E+16
110850,,12,0,60,5,2017,4,13,2,3,2,6,0,1,0,0,0,0,0,8.12058E+20,5.83801E+21,1.3609E+16,5.26022E+16
110851,,12,0,65,136,2017,5,14,7,2,4,7,0,1,0,0,0,0,0,7.84678E+20,5.84051E+21,1.3208E+16,5.26397E+16
110852,,12,0,67,144,2017,4,8,2,2,5,3,0,0,0,1,1,0,0,8.44619E+20,5.81234E+21,1.40614E+16,5.23527E+16
110853,,12,0,70,296,2017,5,10,7,2,5,3,0,1,0,1,0,0,0,6.92597E+20,5.8845E+21,1.18752E+16,5.30752E+16
110854,,12,0,68,468,2017,5,0,7,3,0,7,1,1,0,0,0,2,0,7.30074E+20,5.8951E+21,1.24412E+16,5.31555E+16
110855,,12,0,69,485,2017,5,11,6,3,2,6,0,1,0,0,0,0,0,7.49029E+20,5.77216E+21,1.26316E+16,5.20441E+16
110856,,12,0,65,256,2017,4,10,2,3,2,6,0,1,0,0,0,0,0,7.86583E+20,5.85371E+21,1.32476E+16,5.27571E+16
110857,,12,0,70,125,2017,4,17,2,3,3,6,0,1,0,0,0,0,0,6.97284E+20,5.88793E+21,1.19472E+16,5.31043E+16
110858,,12,0,70,316,2017,4,17,2,1,5,3,1,0,0,0,1,0,0,7.12602E+20,5.89215E+21,1.21784E+16,5.31362E+16
110859,,12,0,70,296,2017,4,15,2,3,8,1,0,0,0,0,1,0,0,6.95692E+20,5.88211E+21,1.19199E+16,5.30526E+16
110860,,12,0,68,117,2017,4,6,2,3,9,1,0,1,0,0,0,0,0,7.60775E+20,5.85285E+21,1.28654E+16,5.27624E+16
110861,,12,0,72,169,2017,4,10,1,3,5,3,0,1,0,0,0,0,0,7.81873E+20,5.76648E+21,1.31047E+16,5.19774E+16
110862,,12,0,69,397,2017,4,13,1,2,2,2,0,1,0,1,0,0,0,7.74904E+20,5.80234E+21,1.30325E+16,5.23025E+16
110863,,12,0,61,433,2017,4,14,1,2,6,4,0,1,1,0,0,0,0,8.07365E+20,5.81423E+21,1.3518E+16,5.23919E+16
110864,,12,0,66,304,2017,4,7,1,2,8,1,0,1,0,0,0,0,0,8.45982E+20,5.72087E+21,1.39894E+16,5.15327E+16