OBJECTID,UIDENTSTLA,ULAND,UREGBEZ,UKREIS,UGEMEINDE,UJAHR,UMONAT,USTUNDE,UWOCHENTAG,UKATEGORIE,UART,UTYP1,IstRad,IstPKW,IstFuss,IstKrad,IstSonstig,LICHT,STRZUSTAND,LINREFX,LINREFY,XGCSWGS84,YGCSWGS84
111053,,12,0,65,225,2017,4,8,2,3,8,6,0,1,0,0,0,0,0,7.95979E+20,5.8436E+21,1.33773E+16,5.26614E+16
111054,,12,0,70,416,2017,4,9,2,3,5,3,0,1,0,0,1,0,0,6.85763E+20,5.8784E+21,1.17698E+16,5.30228E+16
111055,,12,0,72,14,2017,4,13,1,2,8,7,0,1,0,0,0,0,1,8.07485E+20,5.76878E+21,1.34785E+16,5.19844E+16
111056,,12,0,61,572,2017,4,15,1,3,5,2,0,1,0,0,0,0,0,8.1529E+20,5.80979E+21,1.36299E+16,5.23475E+16
111057,,12,0,67,544,2017,4,13,1,3,9,1,0,1,0,0,0,0,1,8.25753E+20,5.82E+21,1.37929E+16,5.24329E+16
111058,,12,0,73,532,2017,3,13,3,2,2,2,0,1,0,0,0,0,0,8.45065E+20,5.89952E+21,1.41596E+16,5.3133E+16
111059,,12,0,64,136,2017,4,12,1,2,2,6,0,1,0,0,0,0,1,8.21921E+20,5.82752E+21,1.3744E+16,5.25026E+16
111060,,12,0,73,572,2017,4,5,1,3,8,1,0,1,0,0,0,0,0,7.96962E+20,5.88925E+21,1.34334E+16,5.307E+16
111061,,12,0,73,458,2017,4,14,1,2,5,3,0,1,0,0,0,0,0,8.39831E+20,5.91759E+21,1.41009E+16,5.32982E+16
111062,,12,0,64,317,2017,4,13,1,3,2,6,0,1,0,0,0,0,0,8.40403E+20,5.82759E+21,1.40153E+16,5.2492E+16
111063,,12,0,67,120,2017,4,18,1,3,7,1,1,0,0,0,0,0,0,8.85481E+20,5.79159E+21,1.46349E+16,5.21399E+16
111064,,12,0,68,468,2017,4,9,1,3,0,1,0,0,0,1,0,0,0,7.3305E+20,5.89497E+21,1.24856E+16,5.31531E+16
111065,,12,0,60,20,2017,4,20,7,1,4,6,0,1,0,0,0,2,1,8.09316E+20,5.84405E+21,1.35743E+16,5.26579E+16
111066,,12,0,67,440,2017,4,21,7,2,4,6,0,1,0,0,1,2,1,8.18935E+20,5.82668E+21,1.36993E+16,5.24968E+16
111067,,12,0,67,473,2017,4,13,7,2,5,3,0,1,0,0,0,0,1,8.53804E+20,5.82438E+21,1.42085E+16,5.24547E+16
111068,,12,0,71,372,2017,5,17,5,2,0,7,0,0,0,1,0,0,0,8.82916E+20,5.72748E+21,1.45267E+16,5.1568E+16
111069,,12,0,65,251,2017,4,12,7,2,9,6,0,1,0,0,0,0,0,7.70963E+20,5.84699E+21,1.30111E+16,5.27049E+16
111070,,12,0,71,372,2017,5,14,5,2,2,6,0,1,0,1,1,0,0,8.715E+20,5.7261E+21,1.43612E+16,5.15633E+16
111071,,12,0,65,165,2017,4,11,7,3,9,1,0,1,0,0,0,0,0,7.61654E+20,5.84765E+21,1.28742E+16,5.27153E+16
111072,,12,0,52,0,2017,5,16,5,3,2,6,0,1,0,1,0,0,0,8.66649E+20,5.74731E+21,1.43138E+16,5.17563E+16
111073,,12,0,73,458,2017,3,12,3,3,5,3,0,1,0,0,0,0,0,8.39832E+20,5.91759E+21,1.41009E+16,5.32982E+16
111074,,12,0,60,269,2017,5,10,5,2,5,7,0,1,0,0,1,0,0,7.97987E+20,5.84525E+21,1.34084E+16,5.26751E+16
111075,,12,0,60,181,2017,5,10,5,3,4,2,0,1,0,0,0,0,0,8.0639E+20,5.84064E+21,1.3528E+16,5.26291E+16
111076,,12,0,63,80,2017,4,21,6,3,5,3,0,1,0,0,1,2,1,7.8029E+20,5.83115E+21,1.31354E+16,5.25581E+16
111077,,12,0,60,181,2017,5,9,5,2,6,2,0,1,1,0,0,0,0,8.07094E+20,5.84312E+21,1.35407E+16,5.26509E+16
111078,,12,0,73,452,2017,3,15,3,2,6,4,0,1,1,0,0,0,0,8.23802E+20,5.91819E+21,1.38619E+16,5.33136E+16
111079,,12,0,60,176,2017,3,17,3,3,9,1,0,0,0,1,0,0,0,8.37276E+20,5.86889E+21,1.40117E+16,5.28638E+16
111080,,12,0,61,20,2017,4,11,6,3,5,3,0,1,0,0,1,0,0,8.1874E+20,5.79714E+21,1.36684E+16,5.22322E+16
111081,,12,0,64,274,2017,3,16,3,3,5,3,0,1,0,0,1,0,0,8.65709E+20,5.84479E+21,1.44053E+16,5.26296E+16
111082,,12,0,73,404,2017,4,15,6,2,2,2,0,1,0,0,0,0,0,8.1132E+20,5.90145E+21,1.36588E+16,5.31712E+16
111083,,12,0,64,29,2017,3,13,3,3,2,6,0,1,0,0,1,0,0,8.20997E+20,5.83339E+21,1.37361E+16,5.25557E+16
111084,,12,0,64,428,2017,3,10,3,3,2,2,0,1,0,0,1,0,0,8.33349E+20,5.82584E+21,1.391E+16,5.24807E+16
111085,,12,0,60,280,2017,4,16,6,3,5,3,0,1,0,0,0,0,0,8.2025E+20,5.84165E+21,1.37331E+16,5.26301E+16
111086,,12,0,64,472,2017,3,17,3,2,5,2,1,1,0,0,0,0,0,8.31492E+20,5.83769E+21,1.38946E+16,5.2588E+16
111087,,12,0,67,180,2017,3,17,3,2,2,6,0,0,0,1,0,0,0,8.77618E+20,5.80183E+21,1.4532E+16,5.2237E+16
111088,,12,0,67,24,2017,4,21,6,3,8,7,0,1,0,0,0,2,1,8.45765E+20,5.80861E+21,1.40744E+16,5.23187E+16
111089,,12,0,65,96,2017,3,7,3,3,3,2,0,1,0,0,1,0,0,7.91643E+20,5.83996E+21,1.33102E+16,5.26311E+16
111090,,12,0,65,225,2017,3,9,3,1,9,7,0,1,0,0,0,0,0,7.94884E+20,5.85141E+21,1.33681E+16,5.2732E+16
111091,,12,0,65,332,2017,4,12,6,3,3,6,0,1,0,0,0,0,0,7.81971E+20,5.84772E+21,1.31743E+16,5.27058E+16
111092,,12,0,64,227,2017,5,6,5,3,5,3,0,1,0,1,0,0,0,8.15016E+20,5.82692E+21,1.3642E+16,5.25012E+16
111093,,12,0,65,256,2017,3,10,3,1,5,3,1,1,0,0,0,0,0,7.86643E+20,5.85374E+21,1.32485E+16,5.27573E+16
111094,,12,0,67,124,2017,5,11,5,3,3,6,1,0,0,0,0,0,0,8.23072E+20,5.81883E+21,1.37525E+16,5.2424E+16
111095,,12,0,68,468,2017,3,7,3,2,2,6,1,0,0,0,0,0,0,7.33664E+20,5.89677E+21,1.2496E+16,5.31689E+16
111096,,12,0,67,124,2017,5,17,5,3,5,2,1,0,0,0,1,0,0,8.23146E+20,5.81861E+21,1.37533E+16,5.2422E+16
111097,,12,0,65,136,2017,5,20,5,3,1,3,1,1,0,0,0,1,0,7.84264E+20,5.8413E+21,1.32026E+16,5.26471E+16
111098,,12,0,72,426,2017,3,16,2,2,1,5,0,1,0,0,0,0,0,7.87374E+20,5.79351E+21,1.32073E+16,5.22169E+16
111099,,12,0,72,426,2017,3,17,2,3,5,3,0,1,0,1,0,0,0,7.91011E+20,5.79328E+21,1.32602E+16,5.2213E+16
111100,,12,0,63,88,2017,3,15,2,3,4,6,0,1,0,0,1,0,0,7.42736E+20,5.84638E+21,1.25938E+16,5.27128E+16
111101,,12,0,63,56,2017,3,16,2,2,4,3,0,0,0,1,1,0,0,7.79297E+20,5.82785E+21,1.3118E+16,5.2529E+16
111102,,12,0,69,590,2017,3,9,2,3,6,7,0,1,1,0,0,0,0,7.70891E+20,5.80888E+21,1.2979E+16,5.23631E+16
111103,,12,0,69,20,2017,3,10,2,3,3,2,1,1,0,0,0,0,0,7.46916E+20,5.78562E+21,1.26106E+16,5.21657E+16
111104,,12,0,51,0,2017,3,13,2,3,5,3,1,1,0,0,0,0,0,7.41586E+20,5.81482E+21,1.25538E+16,5.24301E+16
111105,,12,0,61,332,2017,3,13,2,3,2,6,0,1,0,0,1,0,0,8.10601E+20,5.80438E+21,1.35563E+16,5.23017E+16
111106,,12,0,71,304,2017,3,9,2,3,5,3,0,1,0,0,0,0,0,8.72797E+20,5.75963E+21,1.44157E+16,5.18626E+16
111107,,12,0,73,532,2017,3,16,2,3,4,2,0,1,0,0,0,0,0,8.53527E+20,5.89637E+21,1.42821E+16,5.30994E+16
111108,,12,0,64,227,2017,3,7,2,3,2,6,0,1,0,0,0,0,0,8.16462E+20,5.82838E+21,1.36646E+16,5.25135E+16
111109,,12,0,64,53,2017,3,9,2,2,2,6,0,1,0,0,1,0,0,8.26672E+20,5.85117E+21,1.38371E+16,5.27116E+16
111110,,12,0,67,397,2017,3,0,2,2,8,7,0,1,0,0,0,2,0,8.65233E+20,5.79673E+21,1.43459E+16,5.21997E+16
111111,,12,0,68,320,2017,3,8,2,3,2,6,0,1,0,0,1,0,0,7.53648E+20,5.86932E+21,1.27728E+16,5.29136E+16
111112,,12,0,70,316,2017,5,15,5,3,9,1,0,1,0,0,0,0,0,7.13055E+20,5.89629E+21,1.21879E+16,5.31733E+16
111113,,12,0,65,136,2017,4,14,6,3,2,6,0,1,0,0,0,0,0,7.86968E+20,5.842E+21,1.3243E+16,5.26518E+16
111114,,12,0,65,256,2017,4,0,6,2,8,7,0,1,0,0,0,2,0,7.89762E+20,5.85135E+21,1.32925E+16,5.27342E+16
111115,,12,0,65,256,2017,4,22,6,2,7,7,0,1,0,0,0,2,0,7.82043E+20,5.84921E+21,1.31766E+16,5.27191E+16
111116,,12,0,70,393,2017,4,17,6,3,5,3,0,0,0,1,1,0,1,7.08643E+20,5.90617E+21,1.21285E+16,5.32637E+16
111117,,12,0,70,424,2017,4,17,6,3,4,6,0,1,0,0,0,0,0,6.82956E+20,5.87715E+21,1.17273E+16,5.30126E+16
111118,,12,0,70,173,2017,4,17,6,3,2,6,0,1,0,0,0,0,1,6.84388E+20,5.89194E+21,1.17571E+16,5.31449E+16
111119,,12,0,68,468,2017,4,18,6,2,9,7,0,0,0,0,1,0,0,7.38155E+20,5.8948E+21,1.25616E+16,5.31493E+16
111120,,12,0,72,240,2017,4,3,5,2,2,6,0,1,0,0,0,2,1,7.91507E+20,5.80048E+21,1.32737E+16,5.22773E+16
111121,,12,0,63,244,2017,4,15,5,2,5,3,1,1,0,0,0,0,0,7.2654E+20,5.82527E+21,1.234E+16,5.25304E+16
111122,,12,0,68,425,2017,5,11,5,2,8,7,0,1,0,0,0,0,0,7.42167E+20,5.8822E+21,1.2612E+16,5.30344E+16
111123,,12,0,69,17,2017,4,12,5,3,7,7,0,1,0,1,0,0,0,7.66278E+20,5.79812E+21,1.29029E+16,5.22689E+16
111124,,12,0,68,117,2017,5,15,5,3,5,3,0,1,0,0,0,0,0,7.54481E+20,5.85779E+21,1.27761E+16,5.28097E+16
111125,,12,0,61,164,2017,4,13,5,3,5,3,0,1,0,0,0,0,0,8.16703E+20,5.76782E+21,1.36114E+16,5.19706E+16
111126,,12,0,68,320,2017,5,11,5,2,5,3,0,1,0,0,0,0,0,7.53529E+20,5.86925E+21,1.2771E+16,5.2913E+16
111127,,12,0,69,397,2017,5,9,4,3,2,6,0,1,0,0,1,0,0,7.72271E+20,5.80231E+21,1.29939E+16,5.23035E+16
111128,,12,0,72,120,2017,5,10,4,3,5,3,1,1,0,0,0,0,0,7.92022E+20,5.80879E+21,1.32884E+16,5.23515E+16
111129,,12,0,62,134,2017,4,6,5,3,3,6,1,1,0,0,0,0,0,8.08342E+20,5.73505E+21,1.34609E+16,5.16816E+16
111130,,12,0,69,474,2017,5,15,4,2,5,3,0,1,0,0,1,0,0,7.52656E+20,5.7783E+21,1.2689E+16,5.20975E+16
111131,,12,0,62,140,2017,4,14,5,3,5,3,1,0,0,0,1,0,0,8.24406E+20,5.7307E+21,1.36885E+16,5.16335E+16
111132,,12,0,72,169,2017,3,13,1,2,5,3,0,1,0,0,0,0,0,7.81875E+20,5.76649E+21,1.31047E+16,5.19774E+16
111133,,12,0,51,0,2017,3,15,1,3,2,6,0,1,0,0,0,0,0,7.36515E+20,5.81318E+21,1.24782E+16,5.24176E+16
111134,,12,0,73,572,2017,4,11,5,3,1,7,0,0,0,1,1,0,0,8.01246E+20,5.89499E+21,1.35025E+16,5.31191E+16
111135,,12,0,66,52,2017,3,6,1,2,8,1,0,1,0,0,0,1,0,8.4318E+20,5.74554E+21,1.39733E+16,5.17554E+16
111136,,12,0,73,572,2017,4,9,5,3,9,6,0,1,0,0,1,0,0,8.08155E+20,5.90001E+21,1.36102E+16,5.31601E+16
111137,,12,0,60,198,2017,3,22,1,3,2,6,0,1,0,0,0,2,0,8.11941E+20,5.86122E+21,1.36293E+16,5.28103E+16
111138,,12,0,60,5,2017,3,18,1,3,3,6,0,1,0,1,0,0,0,8.10992E+20,5.83851E+21,1.35938E+16,5.26074E+16
111139,,12,0,64,288,2017,4,12,5,3,3,2,1,1,0,0,0,0,0,8.62823E+20,5.82704E+21,1.43435E+16,5.24726E+16
111140,,12,0,73,569,2017,3,11,1,3,5,3,1,1,0,0,0,0,0,8.15934E+20,5.88937E+21,1.37157E+16,5.30602E+16
111141,,12,0,73,532,2017,3,13,1,3,5,3,0,1,0,0,0,0,0,8.54551E+20,5.89712E+21,1.42981E+16,5.31053E+16
111142,,12,0,67,493,2017,4,15,5,3,5,3,1,1,0,0,0,0,0,8.4934E+20,5.79628E+21,1.41139E+16,5.22059E+16
111143,,12,0,65,144,2017,4,19,5,2,9,1,0,0,0,0,1,0,0,7.868E+20,5.84729E+21,1.32452E+16,5.26994E+16
111144,,12,0,73,452,2017,3,14,1,3,2,2,0,1,0,0,0,0,0,8.23207E+20,5.91797E+21,1.38528E+16,5.3312E+16
111145,,12,0,60,24,2017,3,13,1,2,5,3,0,1,0,1,0,0,0,8.14431E+20,5.8557E+21,1.36608E+16,5.27594E+16
111146,,12,0,68,320,2017,4,15,5,2,9,1,0,1,0,0,0,0,0,7.63892E+20,5.87151E+21,1.29265E+16,5.29283E+16
111147,,12,0,61,244,2017,5,19,4,3,0,1,0,0,0,1,0,0,0,8.23719E+20,5.7631E+21,1.37088E+16,5.19243E+16
111148,,12,0,60,5,2017,3,17,1,3,2,6,0,1,0,0,0,0,0,8.10902E+20,5.83603E+21,1.35901E+16,5.25852E+16
111149,,12,0,69,454,2017,4,8,4,1,2,6,0,0,0,0,1,0,0,7.79741E+20,5.80268E+21,1.31035E+16,5.2303E+16
111150,,12,0,71,76,2017,5,13,4,2,9,1,0,1,0,0,0,0,0,8.86307E+20,5.74502E+21,1.45947E+16,5.17227E+16
111151,,12,0,53,0,2017,3,12,1,3,6,4,0,1,1,0,0,0,0,8.7801E+20,5.81418E+21,1.45516E+16,5.23473E+16
111152,,12,0,73,572,2017,5,10,4,3,9,1,0,1,0,0,0,0,1,8.06188E+20,5.89867E+21,1.35796E+16,5.31492E+16
111153,,12,0,60,52,2017,5,17,4,3,6,2,0,1,1,0,0,0,0,8.18993E+20,5.86481E+21,1.3737E+16,5.28383E+16
111154,,12,0,60,24,2017,5,4,4,3,5,3,1,1,0,0,0,2,1,8.13282E+20,5.85642E+21,1.36445E+16,5.27665E+16
111155,,12,0,54,0,2017,4,20,4,2,8,1,0,0,0,1,0,2,0,7.75555E+20,5.81993E+21,1.30564E+16,5.24598E+16
111156,,12,0,67,24,2017,3,15,1,3,8,1,0,0,0,1,0,0,0,8.43939E+20,5.80551E+21,1.40445E+16,5.2292E+16
111157,,12,0,60,20,2017,5,15,4,2,9,1,0,1,0,0,0,0,0,8.09233E+20,5.84382E+21,1.35729E+16,5.2656E+16
111158,,12,0,72,240,2017,3,17,7,2,8,1,0,0,0,1,0,0,0,7.92201E+20,5.80528E+21,1.3288E+16,5.23199E+16
111159,,12,0,53,0,2017,5,6,4,3,2,6,0,1,0,0,1,0,0,8.7331E+20,5.80856E+21,1.44766E+16,5.23001E+16
111160,,12,0,67,336,2017,5,13,4,2,5,3,0,1,0,0,0,0,0,8.69258E+20,5.80368E+21,1.44121E+16,5.22592E+16
111161,,12,0,72,169,2017,5,7,3,3,4,2,0,1,0,0,0,0,0,7.82278E+20,5.76714E+21,1.31111E+16,5.19831E+16
111162,,12,0,72,312,2017,3,14,7,3,0,7,1,1,0,0,0,0,0,7.93533E+20,5.77504E+21,1.32813E+16,5.20481E+16
111163,,12,0,51,0,2017,4,14,4,3,3,6,0,1,0,0,0,0,0,7.4011E+20,5.81488E+21,1.25322E+16,5.24313E+16
111164,,12,0,66,272,2017,3,0,7,3,8,1,0,1,0,0,0,2,0,8.35776E+20,5.70974E+21,1.38322E+16,5.14391E+16
111165,,12,0,61,492,2017,4,5,4,2,8,1,0,1,0,0,0,1,0,8.13749E+20,5.78671E+21,1.35859E+16,5.21416E+16
111166,,12,0,66,196,2017,3,17,7,3,4,2,1,1,0,0,0,0,0,8.39624E+20,5.75753E+21,1.39338E+16,5.1865E+16
111167,,12,0,61,405,2017,3,13,7,3,0,1,0,0,0,1,0,0,0,8.24041E+20,5.77442E+21,1.37241E+16,5.20256E+16
111168,,12,0,61,332,2017,3,14,7,3,9,1,0,1,0,0,0,0,0,8.10569E+20,5.79917E+21,1.3551E+16,5.2255E+16
111169,,12,0,60,198,2017,3,9,7,3,2,6,0,1,0,0,0,0,0,8.1663E+20,5.86497E+21,1.37022E+16,5.28412E+16
111170,,12,0,61,540,2017,4,11,4,3,2,6,0,1,0,1,0,0,0,8.15896E+20,5.80696E+21,1.36361E+16,5.23218E+16
111171,,12,0,60,280,2017,3,13,7,2,2,6,0,1,0,0,0,0,0,8.27425E+20,5.84818E+21,1.38452E+16,5.26844E+16
111172,,12,0,60,20,2017,3,11,7,3,2,2,0,1,0,0,0,0,0,8.09037E+20,5.8433E+21,1.35695E+16,5.26514E+16
111173,,12,0,63,252,2017,5,15,3,3,5,3,1,1,0,0,0,0,0,7.25968E+20,5.83351E+21,1.23372E+16,5.26045E+16
111174,,12,0,64,29,2017,3,15,7,2,2,6,0,1,0,1,0,0,0,8.21292E+20,5.83357E+21,1.37406E+16,5.25571E+16
111175,,12,0,54,0,2017,5,7,3,3,0,1,0,0,0,1,0,0,0,7.70148E+20,5.81531E+21,1.29733E+16,5.24211E+16
111176,,12,0,65,193,2017,3,20,7,2,5,2,0,1,0,0,0,2,0,7.98272E+20,5.8675E+21,1.34328E+16,5.28743E+16
111177,,12,0,72,17,2017,3,8,6,3,5,2,0,1,0,0,0,0,0,7.99391E+20,5.80713E+21,1.33948E+16,5.23326E+16
111178,,12,0,51,0,2017,5,18,3,2,5,2,1,0,0,1,0,0,0,7.43224E+20,5.81399E+21,1.25772E+16,5.24219E+16
111179,,12,0,61,332,2017,5,16,3,3,2,2,0,1,0,0,1,0,0,8.07958E+20,5.80082E+21,1.35144E+16,5.22714E+16
111180,,12,0,72,169,2017,3,9,6,3,2,6,0,1,0,0,0,0,0,7.81866E+20,5.76847E+21,1.31062E+16,5.19952E+16
111181,,12,0,71,189,2017,4,13,4,3,1,6,0,1,0,0,0,0,1,8.91085E+20,5.72854E+21,1.46452E+16,5.15719E+16
111182,,12,0,53,0,2017,4,12,4,2,5,2,0,1,0,0,0,0,0,8.75793E+20,5.81161E+21,1.45163E+16,5.23257E+16
111183,,12,0,67,440,2017,4,7,4,3,2,6,0,1,0,0,1,0,0,8.19015E+20,5.82714E+21,1.37009E+16,5.25008E+16
111184,,12,0,70,316,2017,4,11,4,2,2,6,0,1,0,0,1,0,0,7.17926E+20,5.9E+21,1.22632E+16,5.32046E+16
111185,,12,0,68,181,2017,4,10,4,2,8,7,0,1,0,0,0,0,0,7.26817E+20,5.88588E+21,1.23861E+16,5.30742E+16
111186,,12,0,68,117,2017,4,21,4,2,8,1,0,1,0,0,0,2,0,7.54408E+20,5.86023E+21,1.2777E+16,5.28316E+16
111187,,12,0,72,2,2017,4,17,3,3,5,3,0,1,0,0,0,0,0,8.00833E+20,5.78995E+21,1.34006E+16,5.21779E+16
111188,,12,0,72,477,2017,4,14,3,3,2,2,0,1,0,0,0,0,1,8.03234E+20,5.79476E+21,1.34399E+16,5.22196E+16
111189,,12,0,69,656,2017,4,17,3,3,5,3,0,1,0,0,0,0,0,7.65201E+20,5.81429E+21,1.28999E+16,5.24144E+16
111190,,12,0,62,224,2017,5,14,3,3,9,1,0,1,0,0,0,0,0,7.90633E+20,5.7335E+21,1.32042E+16,5.16771E+16
111191,,12,0,69,76,2017,4,17,3,3,9,1,0,1,0,0,0,0,1,7.56494E+20,5.78995E+21,1.27537E+16,5.22002E+16
111192,,12,0,62,372,2017,5,2,3,3,7,7,0,0,0,1,0,2,0,8.24599E+20,5.71014E+21,1.36723E+16,5.14492E+16
111193,,12,0,61,492,2017,4,8,3,2,3,7,0,1,0,0,0,0,0,8.18038E+20,5.78468E+21,1.36465E+16,5.21209E+16
111194,,12,0,53,0,2017,5,10,3,2,2,6,0,0,0,0,1,0,0,8.74635E+20,5.81089E+21,1.44986E+16,5.23202E+16
111195,,12,0,60,192,2017,5,18,3,2,8,1,0,1,0,0,0,0,0,8.11921E+20,5.85038E+21,1.36187E+16,5.27132E+16
111196,,12,0,67,36,2017,5,13,3,3,5,3,1,1,0,0,0,0,1,8.5748E+20,5.79252E+21,1.42285E+16,5.21671E+16
111197,,12,0,66,285,2017,4,10,3,3,2,1,0,1,0,0,1,0,0,8.40256E+20,5.72023E+21,1.39066E+16,5.15304E+16
111198,,12,0,67,124,2017,5,16,3,2,5,3,1,1,0,0,0,0,0,8.2292E+20,5.81914E+21,1.37505E+16,5.24269E+16
111199,,12,0,66,52,2017,4,4,3,3,6,2,0,1,1,0,0,2,0,8.42478E+20,5.74412E+21,1.39618E+16,5.17431E+16
111200,,12,0,63,357,2017,3,15,6,3,2,6,0,1,0,0,0,0,0,7.66056E+20,5.83053E+21,1.29254E+16,5.25596E+16
111201,,12,0,61,260,2017,4,14,3,3,5,7,0,1,0,0,0,0,0,8.1578E+20,5.80522E+21,1.36328E+16,5.23063E+16
111202,,12,0,63,80,2017,3,15,6,3,5,3,0,1,0,1,0,0,0,7.78129E+20,5.83244E+21,1.31047E+16,5.25708E+16
111203,,12,0,62,24,2017,4,9,3,3,2,6,0,1,0,0,0,0,0,8.0679E+20,5.71306E+21,1.34194E+16,5.14853E+16
111204,,12,0,60,52,2017,4,13,3,3,2,6,0,1,0,0,0,0,0,8.22474E+20,5.86481E+21,1.37886E+16,5.28363E+16
111205,,12,0,54,0,2017,3,14,6,3,5,3,1,0,0,1,0,0,0,7.77048E+20,5.81399E+21,1.30734E+16,5.24058E+16
111206,,12,0,67,173,2017,4,12,3,3,0,7,1,0,0,0,0,0,1,8.21174E+20,5.81528E+21,1.37212E+16,5.23933E+16
111207,,12,0,54,0,2017,3,17,6,3,5,2,1,1,0,0,0,0,0,7.73589E+20,5.81491E+21,1.30235E+16,5.24158E+16
111208,,12,0,69,20,2017,3,12,6,2,9,1,0,1,0,0,0,0,0,7.46056E+20,5.79014E+21,1.26014E+16,5.22067E+16
111209,,12,0,67,124,2017,4,17,3,3,3,6,1,1,0,0,0,0,0,8.23222E+20,5.81836E+21,1.37542E+16,5.24198E+16
111210,,12,0,68,117,2017,4,16,3,2,2,6,0,1,0,0,0,0,0,7.63528E+20,5.85078E+21,1.29044E+16,5.27425E+16
111211,,12,0,65,332,2017,4,13,3,3,4,6,0,1,0,0,0,0,0,7.83114E+20,5.84475E+21,1.31886E+16,5.26786E+16
111212,,12,0,70,325,2017,4,7,3,3,8,1,0,1,0,0,0,0,1,7.01607E+20,5.90599E+21,1.2023E+16,5.32648E+16
111213,,12,0,69,590,2017,4,16,2,2,2,6,0,1,0,0,0,0,0,7.65958E+20,5.80134E+21,1.29008E+16,5.22979E+16
111214,,12,0,63,189,2017,4,17,2,2,5,2,1,1,0,0,0,0,0,7.27084E+20,5.8204E+21,1.23447E+16,5.24864E+16
111215,,12,0,61,572,2017,4,9,2,3,4,2,0,1,0,0,0,0,0,8.13908E+20,5.80882E+21,1.36088E+16,5.23396E+16
111216,,12,0,73,8,2017,4,5,2,2,8,1,0,1,0,0,0,1,1,8.24453E+20,5.89162E+21,1.38447E+16,5.30753E+16
111217,,12,0,60,198,2017,4,15,2,2,8,1,0,1,0,0,0,0,1,8.1798E+20,5.87136E+21,1.37285E+16,5.28977E+16
111218,,12,0,67,144,2017,5,6,3,3,5,3,1,1,0,0,0,0,1,8.44561E+20,5.81319E+21,1.40615E+16,5.23604E+16
111219,,12,0,60,198,2017,4,16,2,2,4,6,0,1,0,0,0,0,1,8.07699E+20,5.88026E+21,1.35846E+16,5.29833E+16
111220,,12,0,69,454,2017,5,8,2,2,2,1,0,1,0,0,1,0,1,7.83138E+20,5.80264E+21,1.31532E+16,5.2301E+16
111221,,12,0,69,306,2017,3,14,6,2,5,3,1,0,0,1,0,0,0,7.54762E+20,5.80813E+21,1.27421E+16,5.23641E+16
111222,,12,0,69,665,2017,5,15,2,2,6,2,0,1,1,0,0,0,1,7.36467E+20,5.77933E+21,1.24538E+16,5.21138E+16
111223,,12,0,69,397,2017,5,23,2,2,5,3,0,1,0,0,0,2,0,7.74915E+20,5.8022E+21,1.30325E+16,5.23012E+16
111224,,12,0,60,20,2017,4,17,2,2,4,6,0,1,0,0,0,0,1,8.03627E+20,5.85189E+21,1.34977E+16,5.27314E+16
111225,,12,0,69,306,2017,3,9,6,3,2,2,0,1,0,1,0,0,0,7.55183E+20,5.80312E+21,1.27445E+16,5.2319E+16
111226,,12,0,61,332,2017,3,10,6,3,3,6,0,0,0,0,1,0,0,8.12026E+20,5.8009E+21,1.35739E+16,5.22698E+16
111227,,12,0,66,285,2017,3,3,6,2,2,6,0,1,0,0,1,2,0,8.40244E+20,5.71928E+21,1.39054E+16,5.15219E+16
111228,,12,0,66,120,2017,3,20,6,2,3,6,1,0,0,0,1,2,0,8.44914E+20,5.70688E+21,1.39604E+16,5.1408E+16
111229,,12,0,66,112,2017,3,6,6,1,4,1,0,1,0,0,1,0,0,8.47343E+20,5.72661E+21,1.40146E+16,5.15832E+16
111230,,12,0,61,217,2017,3,16,6,3,3,6,1,1,0,0,0,0,0,8.25597E+20,5.79682E+21,1.37682E+16,5.22253E+16
111231,,12,0,61,260,2017,3,19,6,3,5,2,1,1,0,0,0,2,0,8.16138E+20,5.80033E+21,1.36334E+16,5.22623E+16
111232,,12,0,62,461,2017,3,12,6,2,5,3,0,1,0,1,0,0,0,7.85436E+20,5.75129E+21,1.31438E+16,5.18393E+16
111233,,12,0,51,0,2017,5,0,2,3,7,7,0,0,0,0,1,2,0,7.37152E+20,5.81792E+21,1.24909E+16,5.24599E+16
111234,,12,0,62,453,2017,3,7,6,2,8,1,0,1,1,0,1,0,0,8.08895E+20,5.72614E+21,1.34611E+16,5.16014E+16
111235,,12,0,61,428,2017,5,12,2,2,8,1,0,1,0,0,0,0,1,8.33182E+20,5.77602E+21,1.38585E+16,5.20344E+16
111236,,12,0,67,124,2017,3,13,6,3,5,2,1,1,0,0,0,0,0,8.23161E+20,5.81856E+21,1.37535E+16,5.24216E+16
111237,,12,0,61,260,2017,5,6,2,2,5,3,1,1,0,0,0,0,1,8.20325E+20,5.8047E+21,1.36987E+16,5.22991E+16
111238,,12,0,67,493,2017,3,10,6,2,1,5,0,1,0,0,1,0,0,8.54816E+20,5.78524E+21,1.41821E+16,5.21036E+16
111239,,12,0,62,461,2017,5,18,2,2,8,1,0,1,0,0,0,0,1,7.96692E+20,5.74079E+21,1.32978E+16,5.17393E+16
111240,,12,0,62,177,2017,5,20,2,2,9,7,0,1,0,0,0,2,1,8.22263E+20,5.71958E+21,1.36474E+16,5.15351E+16
111241,,12,0,67,481,2017,3,11,6,3,4,6,0,0,0,0,1,0,0,8.40616E+20,5.79672E+21,1.39871E+16,5.22153E+16