OBJECTID,UIDENTSTLA,ULAND,UREGBEZ,UKREIS,UGEMEINDE,UJAHR,UMONAT,USTUNDE,UWOCHENTAG,UKATEGORIE,UART,UTYP1,IstRad,IstPKW,IstFuss,IstKrad,IstSonstig,LICHT,STRZUSTAND,LINREFX,LINREFY,XGCSWGS84,YGCSWGS84
111618,,12,0,54,0,2017,5,13,6,3,4,6,0,1,0,0,0,0,0,7.68509E+20,5.81661E+21,1.29503E+16,5.24336E+16
111619,,12,0,51,0,2017,5,22,6,2,7,7,0,0,0,1,0,2,0,7.4487E+20,5.80768E+21,1.25968E+16,5.23645E+16
111620,,12,0,61,260,2017,5,14,6,3,2,6,0,1,0,0,0,0,0,8.2068E+20,5.80739E+21,1.37065E+16,5.23229E+16
111621,,12,0,61,405,2017,5,18,6,3,8,7,0,1,0,0,0,0,0,8.21258E+20,5.77413E+21,1.36834E+16,5.20245E+16
111622,,12,0,61,216,2017,5,16,6,3,5,3,0,1,0,0,0,0,0,8.21816E+20,5.78333E+21,1.37002E+16,5.21066E+16
111623,,12,0,62,219,2017,5,13,6,3,5,3,1,1,0,0,0,0,0,8.20709E+20,5.72784E+21,1.36326E+16,5.161E+16
111624,,12,0,71,57,2017,5,2,6,3,9,1,0,1,0,0,0,2,0,8.63986E+20,5.73987E+21,1.42676E+16,5.16914E+16
111625,,12,0,60,20,2017,5,11,6,3,5,3,1,1,0,0,0,0,0,8.082E+20,5.84507E+21,1.35588E+16,5.26677E+16
111626,,12,0,64,428,2017,5,20,6,3,6,6,0,1,1,0,0,0,0,8.33565E+20,5.82637E+21,1.39137E+16,5.24852E+16
111627,,12,0,67,473,2017,5,11,6,1,4,6,0,1,0,1,0,0,0,8.5763E+20,5.82117E+21,1.42611E+16,5.24235E+16
111628,,12,0,67,144,2017,5,10,6,2,0,3,1,1,0,0,0,0,0,8.45252E+20,5.81187E+21,1.40702E+16,5.23481E+16
111629,,12,0,65,332,2017,5,8,6,3,2,2,0,1,0,0,0,0,0,7.82644E+20,5.84572E+21,1.31825E+16,5.26875E+16
111630,,12,0,65,356,2017,5,15,6,3,2,2,0,0,0,1,0,0,0,7.90147E+20,5.88485E+21,1.3328E+16,5.30343E+16
111631,,12,0,70,241,2017,5,12,6,3,8,1,0,0,0,1,0,0,0,7.03441E+20,5.86549E+21,1.20249E+16,5.29006E+16
111632,,12,0,72,477,2017,5,11,5,3,1,5,0,0,0,1,1,0,0,8.02764E+20,5.79212E+21,1.34307E+16,5.21962E+16
111633,,12,0,72,17,2017,5,19,5,3,0,7,0,0,0,1,0,0,0,7.99665E+20,5.80807E+21,1.33997E+16,5.23409E+16
111634,,12,0,72,426,2017,5,15,5,3,3,6,0,1,0,0,0,0,0,7.8635E+20,5.79263E+21,1.31917E+16,5.22096E+16
111635,,12,0,72,240,2017,5,5,5,3,9,7,0,1,0,0,0,1,0,7.91691E+20,5.80078E+21,1.32766E+16,5.22798E+16
111636,,12,0,72,240,2017,5,10,5,3,0,7,0,0,0,1,0,0,0,7.91975E+20,5.80206E+21,1.32819E+16,5.22912E+16
111637,,12,0,72,240,2017,5,10,5,3,0,6,0,0,0,1,0,0,0,7.91975E+20,5.80206E+21,1.32819E+16,5.22912E+16
111638,,12,0,63,148,2017,5,17,5,3,1,5,1,0,0,0,1,0,0,7.61597E+20,5.82052E+21,1.2852E+16,5.2472E+16
111639,,12,0,54,0,2017,5,19,5,2,2,6,1,0,0,0,0,0,0,7.76202E+20,5.81193E+21,1.30593E+16,5.23878E+16
111640,,12,0,69,306,2017,5,19,5,3,9,1,0,1,0,0,0,0,0,7.4495E+20,5.80711E+21,1.25976E+16,5.23594E+16
111641,,12,0,51,0,2017,5,12,5,3,5,3,0,1,0,0,0,0,0,7.44127E+20,5.82007E+21,1.25949E+16,5.24761E+16
111642,,12,0,61,433,2017,5,12,5,2,3,6,0,1,0,0,0,0,0,8.11111E+20,5.80637E+21,1.35656E+16,5.23193E+16
111643,,12,0,61,260,2017,5,19,5,3,2,6,0,1,0,0,0,0,0,8.18048E+20,5.80616E+21,1.36668E+16,5.23134E+16
111644,,12,0,71,372,2017,5,12,5,3,2,6,0,0,0,1,0,0,0,8.74514E+20,5.72836E+21,1.44069E+16,5.15815E+16
111645,,12,0,60,5,2017,5,15,5,2,9,1,0,1,0,0,0,0,0,8.11885E+20,5.83791E+21,1.36064E+16,5.26015E+16
111646,,12,0,60,20,2017,5,10,5,2,5,3,0,1,0,0,1,0,0,8.09704E+20,5.8461E+21,1.35819E+16,5.26761E+16
111647,,12,0,64,266,2017,5,4,5,1,9,7,0,1,0,0,0,2,0,8.7481E+20,5.83706E+21,1.45304E+16,5.25542E+16
111648,,12,0,64,9,2017,5,6,5,3,0,7,0,1,0,0,1,0,0,8.73665E+20,5.8367E+21,1.45132E+16,5.25518E+16
111649,,12,0,53,0,2017,5,13,5,2,2,6,0,1,0,1,0,0,0,8.76816E+20,5.80963E+21,1.4529E+16,5.23074E+16
111650,,12,0,67,397,2017,5,15,5,2,4,6,0,1,0,1,0,0,0,8.63421E+20,5.79809E+21,1.4321E+16,5.22131E+16
111651,,12,0,65,144,2017,5,9,5,2,9,1,0,0,0,1,0,0,0,7.84233E+20,5.84758E+21,1.32075E+16,5.27033E+16
111652,,12,0,65,198,2017,5,12,5,3,2,6,0,1,0,0,0,0,0,7.80221E+20,5.86628E+21,1.31643E+16,5.28731E+16
111653,,12,0,65,193,2017,5,18,5,3,3,6,1,1,0,0,0,0,0,7.95983E+20,5.86603E+21,1.33976E+16,5.28624E+16
111654,,12,0,68,280,2017,5,12,5,3,2,6,1,1,0,0,0,0,0,7.68581E+20,5.88397E+21,1.30065E+16,5.30377E+16
111655,,12,0,68,320,2017,5,23,5,3,6,7,0,0,1,0,1,2,0,7.55191E+20,5.87436E+21,1.27996E+16,5.2958E+16
111656,,12,0,72,240,2017,5,1,4,2,0,7,0,1,0,0,0,2,0,7.87958E+20,5.80294E+21,1.32239E+16,5.23012E+16
111657,,12,0,72,17,2017,5,15,4,3,0,7,1,0,0,0,0,0,0,8.00331E+20,5.80685E+21,1.34083E+16,5.23296E+16
111658,,12,0,63,36,2017,5,7,4,3,5,3,0,1,0,1,0,0,0,7.71329E+20,5.83288E+21,1.3005E+16,5.25781E+16
111659,,12,0,63,80,2017,5,14,4,3,2,6,0,1,0,0,0,0,0,7.77108E+20,5.83249E+21,1.30897E+16,5.25717E+16
111660,,12,0,69,454,2017,5,13,4,3,5,2,1,0,0,0,1,0,0,7.79331E+20,5.80849E+21,1.31023E+16,5.23554E+16
111661,,12,0,69,616,2017,5,10,4,3,3,6,0,1,0,1,0,0,0,7.88693E+20,5.81362E+21,1.32438E+16,5.23965E+16
111662,,12,0,61,332,2017,5,13,4,3,4,3,0,1,0,0,1,0,0,8.13595E+20,5.79416E+21,1.35906E+16,5.22085E+16
111663,,12,0,62,208,2017,5,17,4,3,5,3,0,1,0,0,0,0,0,8.25728E+20,5.70248E+21,1.36815E+16,5.13799E+16
111664,,12,0,71,294,2017,5,16,4,3,0,7,0,1,0,0,1,0,0,8.85061E+20,5.73493E+21,1.45657E+16,5.16332E+16
111665,,12,0,52,0,2017,5,5,4,1,8,1,0,1,0,0,0,1,0,8.70597E+20,5.74685E+21,1.43703E+16,5.17496E+16
111666,,12,0,73,8,2017,5,23,4,2,8,7,0,1,0,0,0,2,0,8.33326E+20,5.88498E+21,1.39697E+16,5.30103E+16
111667,,12,0,60,52,2017,5,16,4,3,6,4,0,1,1,0,0,0,0,8.23819E+20,5.86407E+21,1.38077E+16,5.28289E+16
111668,,12,0,60,181,2017,5,17,4,3,3,2,0,1,0,1,0,0,0,8.07153E+20,5.84329E+21,1.35417E+16,5.26524E+16
111669,,12,0,64,317,2017,5,15,4,3,5,3,0,1,0,0,1,0,0,8.54675E+20,5.83069E+21,1.42279E+16,5.25107E+16
111670,,12,0,65,256,2017,5,13,4,2,9,7,0,1,0,0,0,0,0,7.89545E+20,5.86224E+21,1.32989E+16,5.28319E+16
111671,,12,0,65,256,2017,5,15,4,3,3,2,1,0,0,0,1,0,0,7.85826E+20,5.85321E+21,1.3236E+16,5.2753E+16
111672,,12,0,65,256,2017,5,12,4,2,5,3,0,1,0,0,0,0,0,7.88079E+20,5.85439E+21,1.32703E+16,5.27624E+16
111673,,12,0,70,8,2017,5,12,4,3,5,3,0,1,0,0,0,0,0,6.98016E+20,5.87122E+21,1.19478E+16,5.2954E+16
111674,,12,0,70,173,2017,5,11,4,3,5,3,0,1,0,0,0,0,0,6.74674E+20,5.9004E+21,1.16166E+16,5.32241E+16
111675,,12,0,61,308,2017,5,9,4,3,5,2,0,1,0,0,1,0,0,8.6453E+20,5.7786E+21,1.43163E+16,5.20379E+16
111676,,12,0,63,208,2017,5,17,3,2,9,1,0,0,0,1,0,0,0,7.69091E+20,5.83709E+21,1.29754E+16,5.2617E+16
111677,,12,0,72,17,2017,5,6,3,2,5,3,0,1,0,0,0,0,0,8.02043E+20,5.8085E+21,1.34348E+16,5.23434E+16
111678,,12,0,69,604,2017,5,17,3,3,6,4,0,1,1,0,0,0,0,7.87137E+20,5.81297E+21,1.32205E+16,5.23915E+16
111679,,12,0,69,20,2017,5,9,3,3,5,3,0,0,0,1,1,0,0,7.45123E+20,5.78289E+21,1.25825E+16,5.2142E+16
111680,,12,0,66,196,2017,5,15,3,3,2,6,0,1,0,0,0,0,0,8.41851E+20,5.75695E+21,1.39654E+16,5.18584E+16
111681,,12,0,61,428,2017,5,10,3,2,4,6,0,0,0,1,1,0,0,8.33152E+20,5.77602E+21,1.3858E+16,5.20344E+16
111682,,12,0,61,20,2017,5,9,3,3,5,5,0,1,0,0,0,0,0,8.16297E+20,5.79782E+21,1.36334E+16,5.22397E+16
111683,,12,0,71,408,2017,5,17,3,3,5,3,1,1,0,0,0,0,0,8.58388E+20,5.72617E+21,1.41729E+16,5.15724E+16
111684,,12,0,73,32,2017,5,7,3,1,0,7,0,1,0,0,0,0,0,8.50944E+20,5.89013E+21,1.42369E+16,5.30452E+16
111685,,12,0,60,20,2017,5,22,3,3,4,1,0,1,0,1,0,2,1,8.0817E+20,5.84431E+21,1.35577E+16,5.2661E+16
111686,,12,0,60,20,2017,5,9,3,2,4,6,0,1,0,0,0,0,0,8.11656E+20,5.84957E+21,1.3614E+16,5.27061E+16
111687,,12,0,67,336,2017,5,8,3,3,2,2,0,1,0,0,0,0,0,8.70924E+20,5.80511E+21,1.4438E+16,5.22709E+16
111688,,12,0,67,144,2017,5,8,3,2,4,6,0,1,0,0,1,0,0,8.41323E+20,5.81408E+21,1.4015E+16,5.23704E+16
111689,,12,0,68,468,2017,5,18,3,2,9,1,0,0,0,0,1,0,1,7.30482E+20,5.89576E+21,1.24478E+16,5.31612E+16
111690,,12,0,65,198,2017,5,13,3,3,1,5,0,1,0,0,1,0,0,7.81027E+20,5.86373E+21,1.31741E+16,5.28499E+16
111691,,12,0,70,125,2017,5,4,3,3,7,7,0,1,0,0,0,1,0,6.92929E+20,5.89165E+21,1.18844E+16,5.31393E+16
111692,,12,0,63,36,2017,5,18,2,3,2,6,0,1,0,0,0,0,0,7.69141E+20,5.83306E+21,1.29729E+16,5.25808E+16
111693,,12,0,72,240,2017,5,20,2,3,8,1,0,1,0,0,0,0,0,7.86848E+20,5.80087E+21,1.32059E+16,5.22832E+16
111694,,12,0,72,53,2017,5,13,2,3,3,6,1,0,0,0,1,0,0,8.0436E+20,5.75564E+21,1.34216E+16,5.18683E+16
111695,,12,0,72,169,2017,5,8,2,2,4,6,0,1,0,1,0,0,0,7.81645E+20,5.77296E+21,1.31067E+16,5.20356E+16
111696,,12,0,63,273,2017,5,22,2,2,8,1,0,1,0,0,0,2,0,7.69059E+20,5.84245E+21,1.29793E+16,5.26651E+16
111697,,12,0,63,80,2017,5,18,2,3,2,6,0,1,0,0,0,0,0,7.8105E+20,5.83085E+21,1.31463E+16,5.2555E+16
111698,,12,0,54,0,2017,5,14,2,3,5,3,0,1,0,0,1,0,0,7.74441E+20,5.81227E+21,1.30338E+16,5.23917E+16
111699,,12,0,51,0,2017,5,18,2,3,5,3,1,0,0,0,0,0,0,7.39609E+20,5.81282E+21,1.25234E+16,5.2413E+16
111700,,12,0,51,0,2017,5,16,2,2,5,3,1,1,0,0,0,0,0,7.3967E+20,5.80924E+21,1.25217E+16,5.23809E+16
111701,,12,0,61,216,2017,5,3,2,3,1,1,0,1,0,0,1,2,0,8.18076E+20,5.78402E+21,1.36464E+16,5.21151E+16
111702,,12,0,66,196,2017,5,8,2,1,4,2,1,1,0,0,0,0,0,8.41536E+20,5.75739E+21,1.39613E+16,5.18625E+16
111703,,12,0,67,469,2017,5,7,2,3,2,6,0,1,0,0,1,0,0,8.3006E+20,5.80671E+21,1.38429E+16,5.23113E+16
111704,,12,0,60,12,2017,5,14,2,2,5,3,0,1,0,1,0,0,0,8.21808E+20,5.87613E+21,1.37899E+16,5.29381E+16
111705,,12,0,60,52,2017,5,15,2,2,5,3,1,1,0,0,0,0,0,8.2656E+20,5.864E+21,1.38482E+16,5.28266E+16
111706,,12,0,60,250,2017,5,4,2,1,8,1,0,1,0,0,0,1,0,8.18005E+20,5.84988E+21,1.3708E+16,5.27052E+16
111707,,12,0,60,20,2017,5,6,2,3,5,3,0,1,0,1,0,0,0,8.09476E+20,5.84678E+21,1.35792E+16,5.26824E+16
111708,,12,0,60,20,2017,5,18,2,3,0,1,0,0,0,1,0,0,0,8.09584E+20,5.84977E+21,1.35836E+16,5.27091E+16
111709,,12,0,64,428,2017,5,18,2,2,9,6,0,0,0,1,1,0,0,8.22115E+20,5.82498E+21,1.37444E+16,5.24797E+16
111710,,12,0,64,472,2017,5,12,2,3,0,1,1,0,0,0,0,0,0,8.323E+20,5.83808E+21,1.39069E+16,5.25909E+16
111711,,12,0,53,0,2017,5,17,2,3,2,2,0,1,0,0,0,0,0,8.74608E+20,5.814E+21,1.45016E+16,5.2348E+16
111712,,12,0,67,440,2017,5,22,2,2,9,1,0,1,0,0,0,2,0,8.18673E+20,5.82502E+21,1.36939E+16,5.2482E+16
111713,,12,0,67,413,2017,5,14,2,3,2,6,0,1,0,0,0,0,0,8.39953E+20,5.80533E+21,1.39861E+16,5.22929E+16
111714,,12,0,65,332,2017,5,8,2,2,8,1,0,0,0,1,0,0,0,7.83671E+20,5.84748E+21,1.31992E+16,5.27028E+16
111715,,12,0,65,332,2017,5,14,2,2,5,3,1,0,0,0,0,0,0,7.83419E+20,5.84434E+21,1.31927E+16,5.26747E+16
111716,,12,0,70,316,2017,5,9,2,2,4,6,1,0,0,0,0,0,0,7.12098E+20,5.89355E+21,1.21718E+16,5.31491E+16
111717,,12,0,68,264,2017,5,11,2,2,5,3,0,1,0,0,0,0,0,7.27342E+20,5.87166E+21,1.23839E+16,5.29463E+16
111718,,12,0,68,320,2017,5,13,2,3,5,3,1,0,0,0,1,0,0,7.56041E+20,5.87165E+21,1.28101E+16,5.29333E+16
111719,,12,0,63,208,2017,5,17,1,2,8,7,0,1,0,1,0,0,0,7.53639E+20,5.8372E+21,1.27478E+16,5.26254E+16
111720,,12,0,69,20,2017,5,18,1,2,5,2,1,1,0,0,0,0,0,7.43919E+20,5.79399E+21,1.25729E+16,5.22421E+16
111721,,12,0,66,41,2017,5,15,1,3,9,1,0,1,0,0,0,0,0,8.38716E+20,5.73773E+21,1.39013E+16,5.16881E+16
111722,,12,0,60,52,2017,5,13,1,3,5,3,1,0,0,0,1,0,0,8.24714E+20,5.86463E+21,1.38215E+16,5.28334E+16
111723,,12,0,64,336,2017,5,11,1,3,5,3,0,1,0,0,0,0,0,8.19353E+20,5.82813E+21,1.37068E+16,5.25095E+16
111724,,12,0,64,222,2017,5,16,1,2,0,7,1,0,0,0,0,0,0,8.3053E+20,5.85061E+21,1.38934E+16,5.27043E+16
111725,,12,0,67,124,2017,5,2,1,1,9,1,0,0,0,0,1,2,0,8.23089E+20,5.82003E+21,1.37539E+16,5.24348E+16
111726,,12,0,67,124,2017,5,13,1,3,5,2,1,1,0,0,0,0,0,8.23429E+20,5.81845E+21,1.37573E+16,5.24204E+16
111727,,12,0,67,440,2017,5,17,1,3,2,6,1,1,0,0,0,0,0,8.18775E+20,5.82478E+21,1.36952E+16,5.24799E+16
111728,,12,0,67,144,2017,5,16,1,2,5,3,0,1,0,0,1,0,0,8.46098E+20,5.81564E+21,1.40865E+16,5.23814E+16
111729,,12,0,65,225,2017,5,12,1,3,2,2,0,1,0,1,0,0,0,7.95886E+20,5.84518E+21,1.33773E+16,5.26756E+16
111730,,12,0,65,256,2017,5,20,1,2,8,1,0,0,0,1,0,0,0,7.79578E+20,5.85217E+21,1.31427E+16,5.2747E+16
111731,,12,0,69,696,2017,5,22,7,2,8,1,0,1,0,0,0,2,0,7.24516E+20,5.79358E+21,1.2289E+16,5.22467E+16
111732,,12,0,72,477,2017,5,11,7,3,4,6,0,1,0,0,1,0,0,8.04445E+20,5.78803E+21,1.34516E+16,5.21586E+16
111733,,12,0,72,240,2017,5,18,7,3,9,7,0,0,0,1,0,0,0,7.92287E+20,5.80397E+21,1.32881E+16,5.23081E+16
111734,,12,0,54,0,2017,5,10,7,3,5,3,1,1,0,0,0,0,0,7.74093E+20,5.8119E+21,1.30284E+16,5.23886E+16
111735,,12,0,69,18,2017,5,10,7,2,5,3,0,1,0,1,0,0,0,7.40276E+20,5.81828E+21,1.25371E+16,5.24617E+16
111736,,12,0,51,0,2017,5,20,7,3,4,2,0,1,0,0,0,0,0,7.40105E+20,5.81484E+21,1.25321E+16,5.24309E+16
111737,,12,0,52,0,2017,5,14,7,3,5,3,1,1,0,0,0,0,0,8.6643E+20,5.75037E+21,1.43139E+16,5.17839E+16
111738,,12,0,73,458,2017,5,7,7,3,4,6,0,1,0,0,0,0,0,8.39945E+20,5.91679E+21,1.41017E+16,5.3291E+16
111739,,12,0,73,532,2017,5,13,7,3,5,3,0,1,0,0,0,0,0,8.53684E+20,5.89249E+21,1.42801E+16,5.30645E+16
111740,,12,0,60,24,2017,5,13,7,3,5,2,1,1,0,0,0,0,0,8.13108E+20,5.85637E+21,1.36419E+16,5.27662E+16
111741,,12,0,60,20,2017,5,17,7,3,9,1,0,1,0,0,0,0,0,8.04355E+20,5.85149E+21,1.35081E+16,5.27275E+16
111742,,12,0,67,144,2017,5,14,7,2,7,7,0,0,0,0,1,0,0,8.38147E+20,5.81537E+21,1.39698E+16,5.23839E+16
111743,,12,0,72,477,2017,5,19,6,2,9,7,0,1,0,0,0,0,0,8.00652E+20,5.79525E+21,1.34027E+16,5.22255E+16
111744,,12,0,72,232,2017,5,15,6,3,5,2,1,1,0,0,0,0,0,7.8564E+20,5.77959E+21,1.31703E+16,5.2093E+16
111745,,12,0,63,186,2017,5,21,6,2,7,7,0,1,0,0,0,2,0,7.42337E+20,5.8265E+21,1.25733E+16,5.25346E+16
111746,,12,0,63,252,2017,5,10,6,2,5,3,0,1,0,0,0,0,0,7.25468E+20,5.83604E+21,1.23315E+16,5.26274E+16
111747,,12,0,63,208,2017,5,13,6,3,2,6,0,1,0,1,0,0,0,7.63483E+20,5.83393E+21,1.28903E+16,5.25915E+16
111748,,12,0,69,454,2017,5,13,6,3,5,2,1,1,0,0,0,0,0,7.79467E+20,5.80805E+21,1.3104E+16,5.23514E+16
111749,,12,0,69,616,2017,5,8,6,3,2,6,0,1,0,1,0,0,0,7.91025E+20,5.81459E+21,1.32788E+16,5.2404E+16
111750,,12,0,54,0,2017,5,19,6,3,6,4,0,0,1,0,1,0,0,7.75002E+20,5.81283E+21,1.30425E+16,5.23965E+16
111751,,12,0,61,217,2017,5,9,6,3,9,6,0,1,0,1,0,0,0,8.19826E+20,5.79835E+21,1.36854E+16,5.22424E+16
111752,,12,0,61,332,2017,5,17,6,3,5,3,0,1,0,1,0,0,0,8.09732E+20,5.79956E+21,1.35391E+16,5.2259E+16
111753,,12,0,62,140,2017,5,20,6,3,2,6,0,1,0,0,0,0,0,8.26632E+20,5.73104E+21,1.37209E+16,5.16353E+16
111754,,12,0,71,76,2017,5,12,6,2,2,6,0,1,0,1,0,0,0,8.8865E+20,5.74535E+21,1.46289E+16,5.1724E+16
111755,,12,0,52,0,2017,5,18,6,3,5,3,0,1,0,0,0,0,0,8.67976E+20,5.74609E+21,1.43316E+16,5.17445E+16
111756,,12,0,73,572,2017,5,16,6,3,0,1,0,0,0,1,0,0,0,7.96841E+20,5.88938E+21,1.34317E+16,5.30712E+16
111757,,12,0,73,8,2017,5,15,6,3,5,3,0,1,1,0,0,0,0,8.34527E+20,5.8854E+21,1.3988E+16,5.30134E+16
111758,,12,0,60,52,2017,5,10,6,3,0,7,0,1,0,0,0,0,0,8.24556E+20,5.86503E+21,1.38196E+16,5.2837E+16
111759,,12,0,60,20,2017,5,14,6,3,5,2,1,1,0,0,0,0,0,8.09892E+20,5.84715E+21,1.35857E+16,5.26854E+16
111760,,12,0,64,380,2017,5,16,6,2,5,3,0,1,0,1,0,0,0,8.24358E+20,5.83023E+21,1.37824E+16,5.25254E+16
111761,,12,0,64,393,2017,5,14,6,3,8,1,0,1,0,0,0,0,0,8.34323E+20,5.84423E+21,1.39428E+16,5.26448E+16
111762,,12,0,64,44,2017,5,7,6,3,8,7,0,0,0,1,0,0,0,8.39955E+20,5.86267E+21,1.40448E+16,5.28064E+16
111763,,12,0,67,201,2017,5,14,6,3,2,2,0,1,0,1,0,0,0,8.35996E+20,5.81628E+21,1.39393E+16,5.23934E+16
111764,,12,0,65,225,2017,5,14,6,3,2,6,0,1,0,0,0,0,0,7.97992E+20,5.84409E+21,1.34074E+16,5.26647E+16
111765,,12,0,65,225,2017,5,9,6,3,5,3,0,1,0,0,0,0,0,7.96051E+20,5.84382E+21,1.33786E+16,5.26633E+16
111766,,12,0,65,256,2017,5,17,6,3,0,7,1,0,0,0,0,0,0,7.86017E+20,5.85348E+21,1.3239E+16,5.27553E+16
111767,,12,0,70,173,2017,5,13,6,2,5,3,0,1,0,0,0,0,0,6.74674E+20,5.9004E+21,1.16166E+16,5.32241E+16
111768,,12,0,69,696,2017,5,4,5,2,1,6,0,0,0,0,1,2,0,7.30312E+20,5.79638E+21,1.23756E+16,5.22695E+16
111769,,12,0,63,357,2017,5,8,5,2,3,6,0,1,0,0,1,0,0,7.68905E+20,5.83088E+21,1.29677E+16,5.25614E+16
111770,,12,0,72,477,2017,5,14,5,3,4,5,0,1,0,1,0,0,0,8.03662E+20,5.79683E+21,1.3448E+16,5.2238E+16
111771,,12,0,72,477,2017,5,9,5,3,5,3,0,1,0,0,0,0,0,8.03256E+20,5.79487E+21,1.34404E+16,5.22206E+16
111772,,12,0,72,426,2017,5,9,5,3,5,3,1,1,0,0,0,0,0,7.88603E+20,5.79346E+21,1.32252E+16,5.22158E+16
111773,,12,0,54,0,2017,5,12,5,2,5,3,1,1,0,0,0,0,0,7.76232E+20,5.81208E+21,1.30599E+16,5.23892E+16
111774,,12,0,69,76,2017,5,7,5,3,5,3,0,1,0,0,1,0,0,7.66611E+20,5.79225E+21,1.29032E+16,5.22161E+16
111775,,12,0,69,397,2017,5,9,5,3,2,3,0,1,0,0,0,0,0,7.74904E+20,5.80234E+21,1.30325E+16,5.23025E+16
111776,,12,0,61,192,2017,5,15,5,2,8,1,0,1,0,0,0,0,0,8.15645E+20,5.79167E+21,1.36181E+16,5.21849E+16
111777,,12,0,61,572,2017,5,10,5,2,2,6,0,1,0,0,1,0,0,8.13529E+20,5.8059E+21,1.36005E+16,5.23137E+16
111778,,12,0,61,405,2017,5,9,5,3,8,1,0,0,0,1,0,0,0,8.22081E+20,5.77325E+21,1.36946E+16,5.20162E+16
111779,,12,0,66,228,2017,5,16,5,3,9,7,0,1,0,0,0,0,0,8.57314E+20,5.73189E+21,1.41633E+16,5.16243E+16
111780,,12,0,71,372,2017,5,7,5,3,5,3,0,1,0,0,0,0,0,8.73554E+20,5.72666E+21,1.43913E+16,5.15669E+16
111781,,12,0,72,477,2017,5,19,2,2,5,2,0,1,0,0,1,0,0,8.03783E+20,5.79758E+21,1.34505E+16,5.22446E+16
111782,,12,0,72,240,2017,5,18,2,2,8,7,0,1,0,0,0,0,0,7.94184E+20,5.80386E+21,1.33158E+16,5.23061E+16
111783,,12,0,71,153,2017,5,16,2,2,5,3,1,1,0,0,0,0,0,8.87515E+20,5.74154E+21,1.46083E+16,5.16907E+16
111784,,12,0,71,304,2017,5,11,2,3,2,6,0,1,0,0,0,0,0,8.74686E+20,5.75849E+21,1.44418E+16,5.18511E+16
111785,,12,0,61,260,2017,5,16,2,3,0,2,1,1,0,0,0,0,0,8.15972E+20,5.80169E+21,1.36323E+16,5.22745E+16
111786,,12,0,60,100,2017,5,9,2,2,3,6,1,1,0,0,0,0,0,8.18819E+20,5.88043E+21,1.37498E+16,5.29784E+16
111787,,12,0,64,336,2017,5,15,2,3,2,6,0,1,0,0,0,0,0,8.19048E+20,5.82945E+21,1.37036E+16,5.25215E+16
111788,,12,0,64,227,2017,5,10,2,3,2,6,0,1,0,0,0,0,0,8.13544E+20,5.83158E+21,1.36248E+16,5.25438E+16
111789,,12,0,65,96,2017,5,13,2,3,5,3,1,1,0,0,0,0,0,7.9215E+20,5.84107E+21,1.33186E+16,5.26408E+16
111790,,12,0,68,320,2017,5,17,2,2,4,6,0,1,0,0,0,0,0,7.52111E+20,5.88235E+21,1.27601E+16,5.30312E+16
111791,,12,0,73,578,2017,5,18,5,2,8,1,0,1,0,0,0,0,0,8.33881E+20,5.91075E+21,1.40048E+16,5.32408E+16
111792,,12,0,64,136,2017,5,12,5,2,9,1,0,1,0,0,0,0,0,8.2162E+20,5.82783E+21,1.37398E+16,5.25055E+16
111793,,12,0,73,572,2017,5,16,5,3,5,3,1,0,0,0,0,0,0,8.00119E+20,5.89508E+21,1.34858E+16,5.31205E+16
111794,,12,0,60,36,2017,5,20,5,3,3,2,0,1,0,0,0,0,0,8.2428E+20,5.86933E+21,1.38198E+16,5.28757E+16
111795,,12,0,60,52,2017,5,9,5,2,5,3,0,0,0,0,1,0,0,8.22028E+20,5.86495E+21,1.37821E+16,5.28378E+16
111796,,12,0,60,52,2017,5,14,5,2,2,6,0,1,0,0,1,0,0,8.22134E+20,5.86512E+21,1.37838E+16,5.28393E+16
111797,,12,0,64,317,2017,5,15,5,2,5,2,0,1,0,0,0,0,0,8.44709E+20,5.82859E+21,1.40795E+16,5.24982E+16
111798,,12,0,64,472,2017,5,6,5,3,3,3,1,1,0,0,0,0,0,8.31451E+20,5.83629E+21,1.38926E+16,5.25754E+16
111799,,12,0,67,552,2017,5,7,5,3,5,2,0,1,0,0,1,0,0,8.8536E+20,5.79974E+21,1.46424E+16,5.22129E+16
111800,,12,0,67,201,2017,5,18,5,3,5,3,1,1,0,0,0,0,0,8.26313E+20,5.81849E+21,1.37996E+16,5.24191E+16
111801,,12,0,67,124,2017,5,18,5,3,5,2,1,1,0,0,0,0,0,8.23025E+20,5.81893E+21,1.37519E+16,5.2425E+16
111802,,12,0,67,413,2017,5,10,5,1,4,6,0,1,0,1,0,0,0,8.41169E+20,5.80078E+21,1.39993E+16,5.22514E+16
111803,,12,0,70,325,2017,5,16,5,3,8,7,0,0,0,0,1,0,0,6.98724E+20,5.90932E+21,1.1982E+16,5.32958E+16
111804,,12,0,65,96,2017,5,18,5,3,1,5,0,1,0,0,0,0,0,7.91955E+20,5.83994E+21,1.33147E+16,5.26308E+16
111805,,12,0,65,256,2017,5,9,5,2,5,2,1,1,0,0,0,0,0,7.87568E+20,5.8521E+21,1.32607E+16,5.27421E+16