OBJECTID,UIDENTSTLA,ULAND,UREGBEZ,UKREIS,UGEMEINDE,UJAHR,UMONAT,USTUNDE,UWOCHENTAG,UKATEGORIE,UART,UTYP1,IstRad,IstPKW,IstFuss,IstKrad,IstSonstig,LICHT,STRZUSTAND,LINREFX,LINREFY,XGCSWGS84,YGCSWGS84
111806,,12,0,70,393,2017,5,18,5,2,0,6,0,1,0,0,1,0,0,7.04941E+20,5.90198E+21,1.20704E+16,5.32275E+16
111807,,12,0,68,320,2017,5,11,5,2,0,1,0,0,0,1,0,0,0,7.54695E+20,5.87014E+21,1.2789E+16,5.29204E+16
111808,,12,0,68,320,2017,5,12,5,3,5,6,0,1,0,0,1,0,0,7.61961E+20,5.87882E+21,1.29038E+16,5.29948E+16
111809,,12,0,72,312,2017,5,11,4,2,8,1,0,0,0,1,0,0,0,7.82413E+20,5.78409E+21,1.31271E+16,5.2135E+16
111810,,12,0,63,208,2017,5,6,4,3,3,6,0,1,0,1,0,0,0,7.56804E+20,5.83676E+21,1.27941E+16,5.262E+16
111811,,12,0,63,273,2017,5,7,4,3,2,6,0,1,0,0,0,0,0,7.79284E+20,5.83748E+21,1.31259E+16,5.26154E+16
111812,,12,0,54,0,2017,5,16,4,3,2,6,0,1,0,0,0,0,0,7.81565E+20,5.80851E+21,1.31351E+16,5.23545E+16
111813,,12,0,51,0,2017,5,15,4,2,5,2,1,1,0,0,0,0,0,7.43156E+20,5.81385E+21,1.25761E+16,5.24207E+16
111814,,12,0,61,260,2017,5,7,4,2,5,3,1,1,0,0,0,0,0,8.18432E+20,5.80317E+21,1.36696E+16,5.22864E+16
111815,,12,0,60,198,2017,5,18,4,2,2,6,0,1,0,0,0,0,0,8.13071E+20,5.86251E+21,1.36472E+16,5.28213E+16
111816,,12,0,73,452,2017,5,14,4,3,8,1,0,1,0,0,0,0,0,8.24731E+20,5.92246E+21,1.38802E+16,5.33514E+16
111817,,12,0,67,292,2017,5,14,4,3,2,6,0,1,0,0,0,0,0,8.86189E+20,5.78938E+21,1.46427E+16,5.21197E+16
111818,,12,0,67,408,2017,5,19,4,2,2,6,1,1,0,0,0,0,0,8.41028E+20,5.80767E+21,1.40042E+16,5.23131E+16
111819,,12,0,65,96,2017,5,16,4,3,5,3,0,1,0,1,0,0,0,7.9183E+20,5.84035E+21,1.33133E+16,5.26345E+16
111820,,12,0,65,256,2017,5,15,4,3,5,2,0,1,0,0,0,0,0,7.83306E+20,5.85277E+21,1.31983E+16,5.27503E+16
111821,,12,0,68,324,2017,5,7,4,3,5,2,1,1,0,0,0,0,0,7.31206E+20,5.86204E+21,1.24345E+16,5.28583E+16
111822,,12,0,68,320,2017,5,21,4,3,8,1,0,0,0,1,0,1,0,7.54483E+20,5.86458E+21,1.27815E+16,5.28707E+16
111823,,12,0,69,345,2017,5,11,3,2,1,6,0,0,0,0,1,0,0,7.64069E+20,5.78955E+21,1.28639E+16,5.21931E+16
111824,,12,0,69,17,2017,5,9,3,2,2,6,0,0,0,0,1,0,0,7.66781E+20,5.79287E+21,1.29061E+16,5.22215E+16
111825,,12,0,72,120,2017,5,3,3,3,5,3,0,1,0,0,0,2,0,7.95277E+20,5.81336E+21,1.33401E+16,5.23907E+16
111826,,12,0,72,120,2017,5,17,3,3,3,6,0,1,0,0,1,0,0,7.9168E+20,5.80863E+21,1.32833E+16,5.23502E+16
111827,,12,0,72,120,2017,5,18,3,2,0,7,0,1,0,0,1,0,0,7.91662E+20,5.80877E+21,1.32831E+16,5.23515E+16
111828,,12,0,72,169,2017,5,14,3,2,5,2,0,1,0,0,1,0,0,7.85022E+20,5.76759E+21,1.31513E+16,5.19857E+16
111829,,12,0,69,20,2017,5,14,3,2,2,5,0,1,0,1,1,0,1,7.41336E+20,5.78432E+21,1.25283E+16,5.21565E+16
111830,,12,0,51,0,2017,5,12,3,3,1,2,0,1,0,0,0,0,0,7.36581E+20,5.81318E+21,1.24792E+16,5.24176E+16
111831,,12,0,71,304,2017,5,14,3,2,6,4,0,1,1,0,0,0,0,8.7256E+20,5.75917E+21,1.44118E+16,5.18586E+16
111832,,12,0,71,304,2017,5,6,3,2,5,3,0,1,0,1,0,0,0,8.72511E+20,5.75892E+21,1.44108E+16,5.18564E+16
111833,,12,0,52,0,2017,5,6,3,3,5,3,1,1,0,0,0,0,0,8.67234E+20,5.7494E+21,1.43244E+16,5.17747E+16
111834,,12,0,73,452,2017,5,15,3,3,5,7,1,1,0,0,0,0,0,8.23783E+20,5.91839E+21,1.38618E+16,5.33155E+16
111835,,12,0,60,100,2017,5,14,3,2,9,1,0,1,0,0,0,0,0,8.20601E+20,5.87885E+21,1.37747E+16,5.29632E+16
111836,,12,0,60,5,2017,5,15,3,3,2,6,0,1,0,0,0,0,0,8.1229E+20,5.83825E+21,1.36126E+16,5.26043E+16
111837,,12,0,60,20,2017,5,6,3,2,4,2,0,1,0,0,0,0,0,8.08129E+20,5.84763E+21,1.35601E+16,5.26908E+16
111838,,12,0,60,20,2017,5,15,3,2,6,4,0,1,1,0,0,0,0,8.06748E+20,5.84896E+21,1.3541E+16,5.27035E+16
111839,,12,0,64,9,2017,5,21,3,2,4,2,0,1,0,0,1,2,0,8.75646E+20,5.83732E+21,1.4543E+16,5.25559E+16
111840,,12,0,64,227,2017,5,8,3,3,5,3,1,1,0,0,0,0,0,8.15341E+20,5.82881E+21,1.36486E+16,5.25179E+16
111841,,12,0,64,227,2017,5,18,3,3,2,6,0,1,0,0,0,0,0,8.14851E+20,5.83018E+21,1.36427E+16,5.25305E+16
111842,,12,0,67,408,2017,5,10,3,2,5,2,0,1,0,1,0,0,0,8.43849E+20,5.81169E+21,1.40495E+16,5.23474E+16
111843,,12,0,70,244,2017,5,14,3,2,9,1,0,1,0,0,0,0,1,6.70687E+20,5.88976E+21,1.15513E+16,5.31299E+16
111844,,12,0,68,320,2017,5,10,3,3,5,2,0,1,0,0,0,0,1,7.55597E+20,5.87107E+21,1.28031E+16,5.29283E+16
111845,,12,0,69,604,2017,5,10,1,3,0,1,1,0,0,0,0,0,0,7.87153E+20,5.81298E+21,1.32207E+16,5.23916E+16
111846,,12,0,69,397,2017,5,7,2,3,2,2,0,1,0,0,0,0,0,7.74904E+20,5.80234E+21,1.30325E+16,5.23025E+16
111847,,12,0,64,227,2017,6,14,1,3,2,6,0,1,0,0,0,0,0,8.13784E+20,5.83156E+21,1.36283E+16,5.25435E+16
111848,,12,0,68,320,2017,6,8,1,3,5,3,1,1,0,0,0,0,0,7.57695E+20,5.87376E+21,1.28364E+16,5.29515E+16
111849,,12,0,69,485,2017,6,14,7,2,8,7,0,1,0,0,0,0,0,7.44516E+20,5.76766E+21,1.25628E+16,5.20056E+16
111850,,12,0,72,240,2017,6,14,7,2,8,7,0,1,0,0,0,0,0,7.93684E+20,5.80192E+21,1.33068E+16,5.2289E+16
111851,,12,0,54,0,2017,6,19,7,3,0,1,1,0,0,0,0,0,0,7.75421E+20,5.81279E+21,1.30486E+16,5.23959E+16
111852,,12,0,69,270,2017,6,18,7,3,3,2,0,1,0,0,0,0,0,7.32795E+20,5.8235E+21,1.24308E+16,5.25118E+16
111853,,12,0,65,256,2017,6,16,5,3,5,3,0,1,0,0,1,0,0,7.85566E+20,5.85742E+21,1.32358E+16,5.27908E+16
111854,,12,0,66,196,2017,6,11,6,2,8,1,0,0,0,1,0,0,0,8.42277E+20,5.75175E+21,1.39664E+16,5.18115E+16
111855,,12,0,51,0,2017,6,16,6,3,3,6,0,0,0,1,1,0,0,7.40135E+20,5.80527E+21,1.25257E+16,5.2345E+16
111856,,12,0,52,0,2017,6,22,7,3,5,3,0,1,0,0,0,2,0,8.66874E+20,5.74987E+21,1.43197E+16,5.17791E+16
111857,,12,0,73,452,2017,6,17,1,2,9,1,0,1,0,0,0,0,1,8.18541E+20,5.92413E+21,1.37892E+16,5.337E+16
111858,,12,0,61,192,2017,6,22,7,3,7,7,0,0,0,1,0,2,0,8.24181E+20,5.78897E+21,1.374E+16,5.21558E+16
111859,,12,0,67,124,2017,6,18,5,3,2,6,0,1,0,0,0,0,1,8.25362E+20,5.81883E+21,1.3786E+16,5.24227E+16
111860,,12,0,68,320,2017,6,18,5,3,2,2,0,1,0,0,0,0,1,7.55125E+20,5.87455E+21,1.27988E+16,5.29598E+16
111861,,12,0,69,17,2017,6,10,4,2,9,7,0,1,0,0,1,0,0,7.6667E+20,5.79791E+21,1.29085E+16,5.22668E+16
111862,,12,0,69,89,2017,6,6,4,3,2,6,0,1,0,0,1,0,0,7.28717E+20,5.79595E+21,1.2352E+16,5.22663E+16
111863,,12,0,72,477,2017,6,15,4,2,8,7,0,1,0,0,0,0,0,8.09656E+20,5.7955E+21,1.35343E+16,5.22227E+16
111864,,12,0,64,136,2017,6,6,5,3,8,1,0,0,0,0,1,0,0,8.21713E+20,5.82773E+21,1.37411E+16,5.25046E+16
111865,,12,0,62,461,2017,6,16,7,2,3,6,0,1,0,1,0,0,0,7.87977E+20,5.7465E+21,1.31767E+16,5.17951E+16
111866,,12,0,60,198,2017,6,13,7,3,2,2,0,1,0,0,0,0,0,8.14458E+20,5.86597E+21,1.36711E+16,5.28514E+16
111867,,12,0,60,20,2017,6,12,7,3,5,3,1,1,0,0,0,0,0,8.08779E+20,5.84672E+21,1.35689E+16,5.26822E+16
111868,,12,0,64,44,2017,6,18,7,2,7,7,1,0,0,0,1,0,0,8.39447E+20,5.86094E+21,1.40355E+16,5.27912E+16
111869,,12,0,65,144,2017,6,19,7,3,5,3,1,1,0,0,0,0,0,7.88312E+20,5.84815E+21,1.32682E+16,5.27063E+16
111870,,12,0,70,246,2017,6,13,7,2,8,1,0,0,0,1,0,0,0,6.55361E+20,5.88355E+21,1.13194E+16,5.30788E+16
111871,,12,0,68,353,2017,6,11,7,2,2,6,1,0,0,0,0,0,0,7.56372E+20,5.89958E+21,1.28373E+16,5.31837E+16
111872,,12,0,69,397,2017,6,15,6,3,3,6,0,1,0,0,1,0,1,7.73373E+20,5.80237E+21,1.30101E+16,5.23035E+16
111873,,12,0,62,410,2017,6,16,5,3,0,7,0,1,0,0,0,0,1,8.13705E+20,5.7085E+21,1.35146E+16,5.14406E+16
111874,,12,0,72,120,2017,6,22,6,3,0,7,1,0,0,0,0,2,0,7.93533E+20,5.80998E+21,1.33116E+16,5.23613E+16
111875,,12,0,63,273,2017,6,19,5,3,2,6,0,1,0,0,1,0,0,7.69644E+20,5.83861E+21,1.29848E+16,5.26303E+16
111876,,12,0,60,24,2017,6,17,6,2,9,1,0,1,0,0,0,0,0,8.11548E+20,5.86086E+21,1.36231E+16,5.28074E+16
111877,,12,0,72,120,2017,6,15,6,3,5,3,0,1,0,1,0,0,1,7.93719E+20,5.81053E+21,1.33148E+16,5.23662E+16
111878,,12,0,72,240,2017,6,9,6,3,0,7,0,0,0,0,1,0,0,7.89847E+20,5.80353E+21,1.3252E+16,5.23055E+16
111879,,12,0,63,80,2017,6,7,6,3,6,7,0,1,1,0,0,0,0,7.76927E+20,5.83257E+21,1.30871E+16,5.25725E+16
111880,,12,0,69,590,2017,6,17,6,3,5,3,0,1,0,0,0,0,0,7.64984E+20,5.80519E+21,1.28896E+16,5.23329E+16
111881,,12,0,69,590,2017,6,9,6,2,4,6,0,1,0,0,1,0,1,7.70476E+20,5.80224E+21,1.29676E+16,5.23038E+16
111882,,12,0,69,656,2017,6,16,6,3,3,6,1,0,0,0,1,0,0,7.66173E+20,5.80814E+21,1.29093E+16,5.23588E+16
111883,,12,0,54,0,2017,6,13,6,3,1,6,0,1,0,1,0,0,0,7.76507E+20,5.81227E+21,1.30641E+16,5.23907E+16
111884,,12,0,54,0,2017,6,10,6,3,2,6,0,1,0,0,1,0,0,7.75683E+20,5.81582E+21,1.30549E+16,5.24229E+16
111885,,12,0,69,20,2017,6,22,6,2,9,1,0,0,0,0,1,2,0,7.46468E+20,5.78932E+21,1.26068E+16,5.21991E+16
111886,,12,0,61,433,2017,6,13,6,3,9,1,0,1,0,0,0,0,1,8.01045E+20,5.81128E+21,1.34227E+16,5.23689E+16
111887,,12,0,66,196,2017,6,14,6,2,2,6,0,1,0,0,1,0,0,8.4251E+20,5.75542E+21,1.39734E+16,5.18443E+16
111888,,12,0,63,244,2017,6,17,4,3,3,6,1,0,0,0,0,0,0,7.25826E+20,5.82557E+21,1.23297E+16,5.25333E+16
111889,,12,0,63,80,2017,6,18,4,3,3,6,1,0,0,0,1,0,0,7.77432E+20,5.83238E+21,1.30944E+16,5.25705E+16
111890,,12,0,54,0,2017,6,16,4,3,2,6,0,1,0,0,1,0,0,7.75091E+20,5.81285E+21,1.30438E+16,5.23967E+16
111891,,12,0,63,148,2017,6,3,6,3,9,1,0,1,0,0,0,1,1,7.61161E+20,5.82149E+21,1.28463E+16,5.24809E+16
111892,,12,0,60,20,2017,6,9,7,2,5,3,1,1,0,0,0,0,0,8.08896E+20,5.84582E+21,1.35698E+16,5.26741E+16
111893,,12,0,69,454,2017,6,14,4,3,5,3,1,1,0,0,0,0,0,7.79144E+20,5.80873E+21,1.30998E+16,5.23576E+16
111894,,12,0,66,196,2017,6,9,6,3,5,3,1,1,0,0,0,0,0,8.40497E+20,5.75765E+21,1.39465E+16,5.18654E+16
111895,,12,0,64,29,2017,6,6,5,3,2,6,0,1,0,0,1,0,0,8.23826E+20,5.8339E+21,1.37782E+16,5.25586E+16
111896,,12,0,62,224,2017,6,18,6,2,0,4,0,1,1,1,0,0,0,7.92974E+20,5.73565E+21,1.32398E+16,5.16952E+16
111897,,12,0,63,80,2017,6,13,5,3,2,2,0,1,0,0,0,0,1,7.74212E+20,5.83496E+21,1.30491E+16,5.25953E+16
111898,,12,0,54,0,2017,6,21,4,2,0,1,1,0,0,0,0,0,0,7.75195E+20,5.81348E+21,1.30458E+16,5.24022E+16
111899,,12,0,62,410,2017,6,11,6,2,4,6,0,1,0,0,0,0,0,8.11177E+20,5.71361E+21,1.34828E+16,5.14878E+16
111900,,12,0,62,124,2017,6,20,6,3,4,2,0,1,0,0,1,0,0,8.13515E+20,5.71108E+21,1.35142E+16,5.14638E+16
111901,,12,0,69,485,2017,6,17,4,3,8,7,0,0,0,0,1,0,0,7.49509E+20,5.77042E+21,1.26374E+16,5.20282E+16
111902,,12,0,62,140,2017,6,7,6,3,2,6,1,1,0,0,0,0,0,8.25174E+20,5.73153E+21,1.37003E+16,5.16405E+16
111903,,12,0,66,304,2017,6,12,4,3,0,2,1,1,0,0,0,0,0,8.46895E+20,5.72033E+21,1.4002E+16,5.15273E+16
111904,,12,0,60,5,2017,6,16,6,3,2,6,0,1,0,0,0,0,1,8.10709E+20,5.83556E+21,1.35868E+16,5.25811E+16
111905,,12,0,61,219,2017,6,9,4,2,8,1,0,1,0,0,0,0,0,8.22611E+20,5.74941E+21,1.368E+16,5.18023E+16
111906,,12,0,64,222,2017,6,14,6,2,4,6,0,1,0,0,0,0,0,8.34267E+20,5.85442E+21,1.39524E+16,5.2736E+16
111907,,12,0,64,44,2017,6,17,6,3,0,1,0,0,0,1,0,0,1,8.40818E+20,5.8655E+21,1.40605E+16,5.28312E+16
111908,,12,0,64,408,2017,6,20,6,2,5,3,0,1,0,0,0,0,1,8.35604E+20,5.82594E+21,1.39432E+16,5.24801E+16
111909,,12,0,68,72,2017,6,13,6,3,2,6,0,1,0,0,0,0,0,7.50621E+20,5.86902E+21,1.27276E+16,5.29123E+16
111910,,12,0,63,252,2017,6,8,5,3,5,2,0,1,1,0,0,0,0,7.26041E+20,5.83272E+21,1.23377E+16,5.25974E+16
111911,,12,0,65,144,2017,6,13,6,3,0,7,0,0,0,1,0,0,1,7.89371E+20,5.84532E+21,1.32814E+16,5.26803E+16
111912,,12,0,62,224,2017,6,7,4,2,0,1,0,0,0,1,0,0,0,7.92077E+20,5.7352E+21,1.32265E+16,5.16916E+16
111913,,12,0,65,36,2017,6,13,6,3,5,3,0,1,0,0,0,0,0,7.88949E+20,5.84675E+21,1.32764E+16,5.26934E+16
111914,,12,0,70,60,2017,6,15,6,2,8,1,0,1,0,0,0,0,1,6.80876E+20,5.878E+21,1.16968E+16,5.30209E+16
111915,,12,0,52,0,2017,6,8,4,2,5,3,1,1,0,0,0,0,0,8.68186E+20,5.74563E+21,1.43342E+16,5.17403E+16
111916,,12,0,69,485,2017,6,11,5,3,2,6,0,1,0,0,0,0,0,7.46131E+20,5.76925E+21,1.25874E+16,5.20192E+16
111917,,12,0,72,340,2017,6,17,5,3,0,1,0,0,0,1,0,0,0,8.03663E+20,5.80372E+21,1.34542E+16,5.22997E+16
111918,,12,0,60,280,2017,6,9,4,2,4,2,0,1,0,0,0,0,0,8.23239E+20,5.8445E+21,1.37799E+16,5.26539E+16
111919,,12,0,72,477,2017,6,15,5,3,5,3,1,1,0,0,0,0,0,8.04746E+20,5.79219E+21,1.34597E+16,5.21958E+16
111920,,12,0,72,477,2017,6,16,5,3,2,2,0,1,0,0,0,0,0,8.03254E+20,5.79487E+21,1.34403E+16,5.22206E+16
111921,,12,0,63,36,2017,6,9,5,3,5,3,1,0,0,0,1,0,0,7.7093E+20,5.83314E+21,1.29993E+16,5.25807E+16
111922,,12,0,69,616,2017,6,11,5,3,1,5,0,1,0,0,1,0,0,7.9224E+20,5.81552E+21,1.32975E+16,5.24117E+16
111923,,12,0,64,428,2017,6,16,5,2,4,1,0,1,0,0,1,0,1,8.23642E+20,5.8246E+21,1.37664E+16,5.24754E+16
111924,,12,0,63,56,2017,6,6,5,3,5,3,1,1,0,0,0,0,0,7.78803E+20,5.82772E+21,1.31106E+16,5.25281E+16
111925,,12,0,69,616,2017,6,7,5,3,5,2,0,1,0,0,0,0,0,7.90575E+20,5.81435E+21,1.32721E+16,5.24021E+16
111926,,12,0,69,590,2017,6,7,5,3,5,3,1,1,0,0,0,0,0,7.72219E+20,5.80719E+21,1.29971E+16,5.23473E+16
111927,,12,0,54,0,2017,6,17,5,3,2,6,0,1,0,0,0,0,0,7.74829E+20,5.81266E+21,1.30398E+16,5.2395E+16
111928,,12,0,51,0,2017,6,16,5,3,3,6,0,0,0,1,1,0,0,7.41763E+20,5.81354E+21,1.25555E+16,5.24185E+16
111929,,12,0,61,433,2017,6,4,5,3,2,6,0,1,0,0,1,1,0,8.11706E+20,5.80644E+21,1.35743E+16,5.23195E+16
111930,,12,0,61,260,2017,6,15,5,3,5,2,1,1,0,0,0,0,0,8.15966E+20,5.80172E+21,1.36322E+16,5.22748E+16
111931,,12,0,62,224,2017,6,12,5,3,5,3,1,1,0,0,0,0,0,7.91845E+20,5.73507E+21,1.3223E+16,5.16906E+16
111932,,12,0,73,532,2017,6,11,5,3,2,6,0,1,0,0,0,0,0,8.51471E+20,5.89342E+21,1.42483E+16,5.30743E+16
111933,,12,0,73,452,2017,6,17,5,3,3,2,1,1,0,0,0,0,0,8.23875E+20,5.91873E+21,1.38635E+16,5.33185E+16
111934,,12,0,60,280,2017,6,20,5,3,8,1,0,0,0,0,1,0,0,8.16965E+20,5.84519E+21,1.36881E+16,5.26638E+16
111935,,12,0,64,428,2017,6,16,5,3,4,6,0,1,0,0,0,0,0,8.25673E+20,5.82648E+21,1.3798E+16,5.2491E+16
111936,,12,0,64,428,2017,6,14,5,2,9,7,0,1,0,0,0,0,0,8.27115E+20,5.82615E+21,1.38189E+16,5.24872E+16
111937,,12,0,60,280,2017,6,15,4,2,8,1,0,1,0,0,0,0,0,8.21471E+20,5.84298E+21,1.37523E+16,5.26413E+16
111938,,12,0,60,154,2017,6,19,4,2,4,2,0,0,0,1,1,0,0,8.09746E+20,5.86496E+21,1.36004E+16,5.28451E+16
111939,,12,0,60,20,2017,6,7,4,3,5,3,1,1,0,0,0,0,0,8.09282E+20,5.84593E+21,1.35756E+16,5.26748E+16
111940,,12,0,54,0,2017,6,15,6,3,5,3,1,0,0,0,1,0,0,7.72076E+20,5.81611E+21,1.30023E+16,5.24274E+16
111941,,12,0,62,461,2017,6,12,3,3,0,1,0,0,0,1,0,0,0,7.86943E+20,5.74878E+21,1.31636E+16,5.18161E+16
111942,,12,0,71,386,2017,6,14,4,3,8,7,0,0,0,0,1,0,0,8.71127E+20,5.75482E+21,1.43864E+16,5.18206E+16
111943,,12,0,68,353,2017,6,22,5,3,8,7,0,1,0,0,0,2,1,7.56866E+20,5.88791E+21,1.28353E+16,5.30788E+16
111944,,12,0,67,24,2017,6,15,5,3,5,3,0,1,0,0,0,0,0,8.45226E+20,5.80585E+21,1.40637E+16,5.22943E+16
111945,,12,0,73,261,2017,6,10,5,3,8,1,0,1,0,0,0,0,1,8.32168E+20,5.91686E+21,1.39856E+16,5.32966E+16
111946,,12,0,54,0,2017,6,10,6,3,2,6,0,1,0,0,0,0,0,7.74261E+20,5.81209E+21,1.3031E+16,5.23903E+16
111947,,12,0,65,36,2017,6,11,7,3,2,6,0,1,0,0,0,0,1,7.88769E+20,5.84753E+21,1.32744E+16,5.27005E+16
111948,,12,0,51,0,2017,6,18,7,3,5,2,1,1,0,0,0,0,0,7.41839E+20,5.814E+21,1.25569E+16,5.24226E+16
111949,,12,0,63,357,2017,6,11,1,3,2,6,0,1,0,1,0,0,0,7.66466E+20,5.82802E+21,1.29295E+16,5.2537E+16
111950,,12,0,67,413,2017,6,16,5,3,8,1,0,1,0,0,0,0,1,8.41304E+20,5.8023E+21,1.40028E+16,5.22649E+16
111951,,12,0,66,320,2017,6,15,5,3,5,3,0,1,0,0,0,0,1,8.46347E+20,5.75226E+21,1.40258E+16,5.18136E+16
111952,,12,0,64,370,2017,6,15,4,3,8,1,0,1,0,0,0,0,0,8.43114E+20,5.83859E+21,1.40664E+16,5.25888E+16
111953,,12,0,65,136,2017,6,7,5,3,5,3,0,1,0,0,0,0,0,7.8447E+20,5.83857E+21,1.32033E+16,5.26224E+16
111954,,12,0,70,173,2017,6,16,5,2,4,2,0,1,0,0,0,0,0,6.85014E+20,5.89189E+21,1.17664E+16,5.31442E+16
111955,,12,0,64,472,2017,6,9,4,3,5,2,1,1,0,0,0,0,0,8.29037E+20,5.83207E+21,1.38529E+16,5.2539E+16
111956,,12,0,68,477,2017,6,22,5,2,8,7,0,1,0,0,0,2,1,7.35682E+20,5.86944E+21,1.25062E+16,5.29228E+16
111957,,12,0,63,252,2017,6,11,4,3,5,3,1,1,0,0,0,0,0,7.26286E+20,5.83246E+21,1.23412E+16,5.2595E+16
111958,,12,0,67,458,2017,6,7,4,2,5,2,0,1,0,1,0,0,0,8.75345E+20,5.79444E+21,1.44907E+16,5.21724E+16
111959,,12,0,63,80,2017,6,14,4,3,5,3,0,1,0,0,1,0,0,7.77404E+20,5.83239E+21,1.3094E+16,5.25706E+16
111960,,12,0,69,604,2017,6,17,4,3,5,3,1,1,0,0,0,0,0,7.87045E+20,5.81285E+21,1.3219E+16,5.23905E+16
111961,,12,0,54,0,2017,6,17,4,3,5,2,1,1,0,0,0,0,0,7.73546E+20,5.81493E+21,1.30229E+16,5.2416E+16
111962,,12,0,69,20,2017,6,9,4,3,8,6,1,1,0,0,0,0,0,7.49852E+20,5.78321E+21,1.26517E+16,5.21428E+16
111963,,12,0,69,17,2017,6,16,4,3,6,4,0,1,1,0,0,0,0,7.64425E+20,5.79959E+21,1.2877E+16,5.2283E+16
111964,,12,0,69,17,2017,6,17,4,2,5,2,0,1,0,1,1,0,0,7.66612E+20,5.79225E+21,1.29032E+16,5.22161E+16
111965,,12,0,51,0,2017,6,17,4,3,2,6,0,1,0,0,0,0,0,7.40988E+20,5.81165E+21,1.25427E+16,5.24019E+16
111966,,12,0,61,572,2017,6,14,4,2,4,6,0,1,0,0,0,0,0,8.11262E+20,5.80853E+21,1.35698E+16,5.23385E+16
111967,,12,0,61,20,2017,6,10,4,3,5,3,1,1,0,0,0,0,0,8.1639E+20,5.79816E+21,1.36351E+16,5.22427E+16
111968,,12,0,61,332,2017,6,9,4,2,5,2,1,0,0,0,1,0,0,8.12312E+20,5.80045E+21,1.35777E+16,5.22656E+16
111969,,12,0,61,316,2017,6,16,4,3,6,4,0,1,1,0,0,0,0,8.36965E+20,5.76584E+21,1.39034E+16,5.1941E+16
111970,,12,0,60,52,2017,6,19,4,2,2,2,0,0,0,1,0,0,0,8.2491E+20,5.86567E+21,1.38254E+16,5.28425E+16
111971,,12,0,60,280,2017,6,17,4,3,5,3,1,1,0,0,0,0,0,8.20109E+20,5.84172E+21,1.37311E+16,5.26309E+16
111972,,12,0,60,24,2017,6,13,4,2,5,2,1,1,0,0,0,0,0,8.14533E+20,5.85318E+21,1.36599E+16,5.27367E+16
111973,,12,0,68,306,2017,6,19,4,2,2,6,0,1,0,0,1,0,0,7.46801E+20,5.87221E+21,1.26734E+16,5.29427E+16
111974,,12,0,65,198,2017,6,11,4,2,5,2,0,1,0,1,0,0,0,7.80955E+20,5.86438E+21,1.31736E+16,5.28556E+16
111975,,12,0,70,296,2017,6,16,4,2,2,6,0,1,0,0,0,0,0,6.89555E+20,5.88731E+21,1.18315E+16,5.31015E+16
111976,,12,0,60,5,2017,6,17,4,3,4,2,1,0,0,0,1,0,0,8.06614E+20,5.83829E+21,1.35291E+16,5.26079E+16
111977,,12,0,60,269,2017,6,16,4,3,2,6,0,1,0,0,0,0,0,8.01385E+20,5.85277E+21,1.34654E+16,5.27406E+16
111978,,12,0,60,20,2017,6,7,4,3,4,6,0,1,0,0,1,0,0,8.04478E+20,5.84588E+21,1.35047E+16,5.26771E+16
111979,,12,0,53,0,2017,6,11,4,3,2,6,0,1,0,0,0,0,0,8.77296E+20,5.81354E+21,1.45404E+16,5.2342E+16
111980,,12,0,53,0,2017,6,22,4,3,7,7,0,0,0,1,0,2,0,8.74852E+20,5.81071E+21,1.45015E+16,5.23183E+16
111981,,12,0,65,144,2017,6,15,4,3,5,3,0,1,0,1,0,0,0,7.8834E+20,5.84812E+21,1.32686E+16,5.27061E+16
111982,,12,0,65,256,2017,6,20,4,3,5,2,0,1,0,1,0,0,0,7.83011E+20,5.85255E+21,1.31938E+16,5.27486E+16
111983,,12,0,68,324,2017,6,14,4,1,9,1,0,1,0,0,0,0,0,7.3286E+20,5.85772E+21,1.24559E+16,5.28189E+16
111984,,12,0,68,324,2017,6,16,4,2,8,1,0,1,0,0,0,0,0,7.23145E+20,5.85601E+21,1.23108E+16,5.28076E+16
111985,,12,0,69,304,2017,6,18,3,2,8,1,0,0,0,1,0,0,0,7.85029E+20,5.81441E+21,1.31908E+16,5.24055E+16
111986,,12,0,72,240,2017,6,15,3,3,3,6,0,1,0,0,1,0,0,7.93187E+20,5.80393E+21,1.33012E+16,5.23073E+16
111987,,12,0,72,240,2017,6,16,6,3,5,2,0,1,0,0,0,0,0,7.85679E+20,5.80024E+21,1.31883E+16,5.22781E+16
111988,,12,0,73,216,2017,6,23,7,2,5,3,0,1,0,1,0,2,1,8.29604E+20,5.92786E+21,1.39587E+16,5.33967E+16
111989,,12,0,67,120,2017,6,17,4,3,5,2,1,1,0,0,0,0,0,8.86726E+20,5.79029E+21,1.46516E+16,5.21274E+16
111990,,12,0,63,148,2017,6,16,4,3,0,7,1,0,0,0,0,0,1,7.6129E+20,5.82452E+21,1.28506E+16,5.25081E+16
111991,,12,0,72,477,2017,6,14,3,3,5,3,1,1,0,0,0,0,0,8.03341E+20,5.79518E+21,1.34419E+16,5.22233E+16
111992,,12,0,60,52,2017,6,10,5,3,2,6,0,1,0,0,0,0,1,8.17693E+20,5.86487E+21,1.37179E+16,5.28396E+16
111993,,12,0,72,240,2017,6,17,3,3,9,7,1,0,0,0,0,0,0,7.87162E+20,5.79934E+21,1.32092E+16,5.22693E+16