OBJECTID,UIDENTSTLA,ULAND,UREGBEZ,UKREIS,UGEMEINDE,UJAHR,UMONAT,USTUNDE,UWOCHENTAG,UKATEGORIE,UART,UTYP1,IstRad,IstPKW,IstFuss,IstKrad,IstSonstig,LICHT,STRZUSTAND,LINREFX,LINREFY,XGCSWGS84,YGCSWGS84
111994,,12,0,69,604,2017,6,9,5,3,2,6,0,1,0,0,0,0,0,7.82338E+20,5.80992E+21,1.31476E+16,5.23667E+16
111995,,12,0,63,80,2017,6,8,3,3,5,2,1,1,0,0,0,0,0,7.76595E+20,5.8329E+21,1.30825E+16,5.25757E+16
111996,,12,0,54,0,2017,6,13,3,3,2,6,0,1,0,1,0,0,0,7.76144E+20,5.81269E+21,1.30591E+16,5.23946E+16
111997,,12,0,69,616,2017,6,16,3,3,5,2,1,1,0,0,0,0,0,7.88695E+20,5.81361E+21,1.32439E+16,5.23965E+16
111998,,12,0,69,20,2017,6,12,3,2,8,7,0,1,0,0,0,0,0,7.50857E+20,5.78379E+21,1.26668E+16,5.21475E+16
111999,,12,0,69,590,2017,6,17,3,3,5,3,1,1,0,0,0,0,0,7.70528E+20,5.80882E+21,1.29737E+16,5.23627E+16
112000,,12,0,66,228,2017,6,7,3,3,1,6,0,1,0,0,0,0,0,8.57163E+20,5.73185E+21,1.41611E+16,5.16241E+16
112001,,12,0,61,320,2017,6,17,3,3,2,2,0,1,0,1,0,0,0,8.30629E+20,5.76059E+21,1.38065E+16,5.18977E+16
112002,,12,0,61,428,2017,6,14,3,3,5,2,0,1,0,1,0,0,0,8.35718E+20,5.77552E+21,1.38948E+16,5.20285E+16
112003,,12,0,62,124,2017,6,21,3,2,5,3,0,1,0,0,0,0,0,8.12142E+20,5.71155E+21,1.34949E+16,5.14688E+16
112004,,12,0,52,0,2017,6,15,3,2,6,4,0,1,1,0,0,0,0,8.67541E+20,5.74807E+21,1.43275E+16,5.17626E+16
112005,,12,0,67,469,2017,6,8,3,2,8,6,0,1,0,0,0,0,0,8.24233E+20,5.81253E+21,1.37634E+16,5.23669E+16
112006,,12,0,62,124,2017,6,7,6,3,5,2,0,1,0,0,0,0,0,8.12484E+20,5.71121E+21,1.34995E+16,5.14656E+16
112007,,12,0,60,198,2017,6,14,3,3,5,3,1,1,0,0,0,0,0,8.15238E+20,5.86588E+21,1.36825E+16,5.28501E+16
112008,,12,0,60,52,2017,6,14,3,3,5,3,1,1,0,0,0,0,0,8.18392E+20,5.86486E+21,1.37282E+16,5.28392E+16
112009,,12,0,64,44,2017,6,11,3,2,5,3,0,1,0,0,0,0,0,8.44463E+20,5.8671E+21,1.41161E+16,5.28432E+16
112010,,12,0,53,0,2017,6,16,3,3,2,2,0,1,0,0,0,0,0,8.74601E+20,5.8147E+21,1.45023E+16,5.23543E+16
112011,,12,0,65,225,2017,6,13,3,3,4,7,0,1,0,0,0,0,0,7.95856E+20,5.84526E+21,1.3377E+16,5.26763E+16
112012,,12,0,60,20,2017,6,16,5,3,5,3,0,1,0,0,0,0,1,8.09207E+20,5.84676E+21,1.35752E+16,5.26823E+16
112013,,12,0,65,136,2017,6,16,3,3,3,7,0,1,0,1,0,0,0,7.84487E+20,5.83884E+21,1.32037E+16,5.26248E+16
112014,,12,0,68,324,2017,6,23,3,3,8,1,0,1,0,0,0,2,0,7.31919E+20,5.8599E+21,1.24435E+16,5.28389E+16
112015,,12,0,68,320,2017,6,21,3,2,9,1,0,1,0,0,0,0,0,7.52568E+20,5.86844E+21,1.27561E+16,5.29062E+16
112016,,12,0,69,454,2017,6,13,2,3,2,6,0,0,0,0,1,0,0,7.81836E+20,5.80266E+21,1.31341E+16,5.23018E+16
112017,,12,0,72,17,2017,6,10,2,3,5,3,1,1,0,0,0,0,0,8.01538E+20,5.81003E+21,1.34288E+16,5.23574E+16
112018,,12,0,63,208,2017,6,12,2,2,1,5,0,1,0,0,1,0,0,7.67261E+20,5.84608E+21,1.29558E+16,5.26985E+16
112019,,12,0,54,0,2017,6,21,2,3,2,6,0,1,0,0,0,2,0,7.7523E+20,5.81716E+21,1.30494E+16,5.24352E+16
112020,,12,0,54,0,2017,6,7,2,3,5,3,1,1,0,0,0,0,0,7.73633E+20,5.81488E+21,1.30241E+16,5.24156E+16
112021,,12,0,62,410,2017,6,13,2,2,9,1,0,1,0,0,0,0,0,8.13665E+20,5.70831E+21,1.35139E+16,5.14389E+16
112022,,12,0,60,5,2017,6,0,2,3,9,1,0,1,0,0,0,2,1,8.06603E+20,5.8392E+21,1.35298E+16,5.2616E+16
112023,,12,0,73,645,2017,6,20,2,2,8,1,0,1,0,0,0,0,0,8.3783E+20,5.90394E+21,1.40565E+16,5.31773E+16
112024,,12,0,64,336,2017,6,18,2,3,5,3,0,1,0,1,0,0,0,8.19269E+20,5.82921E+21,1.37066E+16,5.25192E+16
112025,,12,0,51,0,2017,6,8,3,2,3,7,0,1,0,1,0,0,0,7.43111E+20,5.81213E+21,1.25742E+16,5.24053E+16
112026,,12,0,51,0,2017,6,14,3,3,5,3,0,1,0,0,0,0,0,7.41829E+20,5.8138E+21,1.25566E+16,5.24209E+16
112027,,12,0,62,461,2017,6,11,3,2,8,1,0,1,0,0,0,0,0,7.90019E+20,5.75343E+21,1.3212E+16,5.18562E+16
112028,,12,0,62,461,2017,6,8,3,3,7,7,0,1,0,0,0,0,0,8.01312E+20,5.7507E+21,1.33731E+16,5.18257E+16
112029,,12,0,54,0,2017,6,15,6,3,5,2,0,1,0,0,1,0,0,7.75057E+20,5.81286E+21,1.30433E+16,5.23967E+16
112030,,12,0,72,120,2017,6,18,2,2,8,1,0,1,0,0,0,0,0,7.9501E+20,5.81287E+21,1.33358E+16,5.23865E+16
112031,,12,0,54,0,2017,6,9,3,3,5,2,0,1,0,0,0,0,0,7.78531E+20,5.80992E+21,1.30918E+16,5.23686E+16
112032,,12,0,61,332,2017,6,22,4,3,2,6,0,1,0,0,0,2,0,8.11323E+20,5.8024E+21,1.3565E+16,5.22836E+16
112033,,12,0,67,120,2017,6,16,5,2,4,6,0,1,0,0,0,0,0,8.8794E+20,5.79413E+21,1.46736E+16,5.21609E+16
112034,,12,0,64,44,2017,6,15,2,3,8,1,0,1,0,0,0,0,0,8.43954E+20,5.87194E+21,1.41137E+16,5.28869E+16
112035,,12,0,51,0,2017,6,14,5,3,2,6,0,1,0,0,0,0,1,7.40038E+20,5.81421E+21,1.25306E+16,5.24253E+16
112036,,12,0,71,372,2017,6,13,3,3,4,6,0,1,0,0,0,0,0,8.73482E+20,5.7279E+21,1.43916E+16,5.15781E+16
112037,,12,0,67,469,2017,6,13,3,3,8,7,0,1,0,0,0,0,0,8.24169E+20,5.81222E+21,1.37621E+16,5.23642E+16
112038,,12,0,64,428,2017,6,10,2,2,5,3,0,1,0,1,0,0,0,8.24318E+20,5.82555E+21,1.37772E+16,5.24835E+16
112039,,12,0,64,472,2017,6,5,2,3,7,7,0,1,0,0,0,0,1,8.28803E+20,5.83342E+21,1.38508E+16,5.25513E+16
112040,,12,0,67,481,2017,6,13,2,3,9,7,0,1,0,0,0,0,0,8.35842E+20,5.80245E+21,1.39232E+16,5.22696E+16
112041,,12,0,65,165,2017,6,3,2,1,8,1,0,0,0,0,1,1,0,7.68369E+20,5.8483E+21,1.29739E+16,5.27179E+16
112042,,12,0,65,225,2017,6,10,2,3,5,2,1,1,0,0,0,0,0,7.93416E+20,5.84285E+21,1.33388E+16,5.26561E+16
112043,,12,0,65,256,2017,6,14,2,3,5,3,1,1,0,0,0,0,0,7.89228E+20,5.85473E+21,1.32876E+16,5.27648E+16
112044,,12,0,63,244,2017,6,14,5,3,5,3,0,1,0,0,0,0,1,7.25983E+20,5.82527E+21,1.23318E+16,5.25306E+16
112045,,12,0,70,244,2017,6,10,2,3,5,3,0,0,0,0,1,0,0,6.65322E+20,5.88497E+21,1.14687E+16,5.30886E+16
112046,,12,0,72,240,2017,6,10,1,3,5,3,0,1,0,1,0,0,0,7.86588E+20,5.80079E+21,1.3202E+16,5.22826E+16
112047,,12,0,60,20,2017,6,16,6,3,6,4,0,1,1,0,0,0,0,8.10224E+20,5.84675E+21,1.35902E+16,5.26816E+16
112048,,12,0,72,169,2017,6,14,1,2,4,6,0,1,0,0,0,0,0,7.72815E+20,5.77127E+21,1.29769E+16,5.20248E+16
112049,,12,0,64,472,2017,6,14,5,3,5,3,1,1,0,0,0,0,1,8.31502E+20,5.83767E+21,1.38947E+16,5.25878E+16
112050,,12,0,69,616,2017,6,15,1,3,5,3,1,1,0,0,0,0,0,7.90582E+20,5.81436E+21,1.32722E+16,5.24022E+16
112051,,12,0,51,0,2017,6,15,5,2,5,2,0,1,0,0,0,0,1,7.41349E+20,5.81524E+21,1.25506E+16,5.2434E+16
112052,,12,0,54,0,2017,6,17,1,3,5,3,1,0,0,0,0,0,0,7.74635E+20,5.81246E+21,1.30368E+16,5.23934E+16
112053,,12,0,53,0,2017,6,13,3,3,2,6,0,0,0,0,1,0,0,8.79679E+20,5.81071E+21,1.4572E+16,5.2315E+16
112054,,12,0,54,0,2017,6,9,1,2,0,1,1,0,0,0,0,0,0,7.75189E+20,5.81348E+21,1.30458E+16,5.24023E+16
112055,,12,0,54,0,2017,6,13,1,3,5,3,1,1,0,0,0,0,0,7.78635E+20,5.82167E+21,1.31031E+16,5.24739E+16
112056,,12,0,60,52,2017,6,14,3,3,8,6,0,0,0,1,1,0,0,8.22299E+20,5.86188E+21,1.37831E+16,5.28101E+16
112057,,12,0,69,17,2017,6,10,1,2,2,6,1,0,0,0,0,0,0,7.76715E+20,5.79166E+21,1.30502E+16,5.22057E+16
112058,,12,0,60,20,2017,6,21,3,3,5,3,0,1,0,1,0,1,0,8.06973E+20,5.84879E+21,1.35442E+16,5.27018E+16
112059,,12,0,61,433,2017,6,11,1,3,3,7,0,1,0,0,0,0,0,8.10495E+20,5.81185E+21,1.35616E+16,5.23688E+16
112060,,12,0,66,168,2017,6,5,1,3,9,1,0,1,0,0,0,0,0,8.3602E+20,5.70435E+21,1.38306E+16,5.13906E+16
112061,,12,0,61,20,2017,6,16,1,3,2,6,0,1,0,1,0,0,0,8.14664E+20,5.79798E+21,1.36097E+16,5.22421E+16
112062,,12,0,62,224,2017,6,13,1,3,9,1,0,1,0,0,0,0,0,7.88834E+20,5.72935E+21,1.31748E+16,5.16409E+16
112063,,12,0,71,193,2017,6,23,1,2,7,7,0,1,0,0,0,2,1,8.81703E+20,5.76153E+21,1.45465E+16,5.18736E+16
112064,,12,0,60,172,2017,6,9,1,2,5,2,0,1,0,1,0,0,0,8.31588E+20,5.86734E+21,1.39259E+16,5.28534E+16
112065,,12,0,60,280,2017,6,18,1,2,8,1,0,0,0,1,0,0,0,8.1974E+20,5.84336E+21,1.37272E+16,5.26457E+16
112066,,12,0,64,317,2017,6,10,1,3,4,7,0,1,0,1,0,0,0,8.47167E+20,5.83041E+21,1.41175E+16,5.25129E+16
112067,,12,0,70,96,2017,6,12,1,2,9,7,0,1,0,0,0,0,0,7.13689E+20,5.90308E+21,1.2202E+16,5.32339E+16
112068,,12,0,65,256,2017,6,13,1,3,4,6,1,0,0,0,0,0,0,7.89327E+20,5.85471E+21,1.3289E+16,5.27646E+16
112069,,12,0,68,425,2017,6,17,1,2,9,1,0,0,0,1,0,0,0,7.45343E+20,5.87996E+21,1.26576E+16,5.30129E+16
112070,,12,0,72,477,2017,6,11,7,2,2,6,1,1,0,0,0,0,0,8.02883E+20,5.78802E+21,1.34288E+16,5.21594E+16
112071,,12,0,72,297,2017,6,11,7,2,5,3,0,1,0,0,0,0,0,7.80997E+20,5.75986E+21,1.30866E+16,5.19184E+16
112072,,12,0,63,252,2017,6,18,7,2,4,2,1,1,0,0,0,0,0,7.25591E+20,5.8348E+21,1.23325E+16,5.26163E+16
112073,,12,0,64,290,2017,6,13,3,2,9,1,0,1,0,0,0,0,0,8.68613E+20,5.8286E+21,1.44301E+16,5.24827E+16
112074,,12,0,67,120,2017,6,8,3,3,5,2,1,1,0,0,0,0,0,8.85877E+20,5.79032E+21,1.46393E+16,5.21283E+16
112075,,12,0,65,251,2017,6,14,3,3,5,3,0,1,0,1,0,0,0,7.80189E+20,5.84161E+21,1.31428E+16,5.26519E+16
112076,,12,0,69,306,2017,6,13,1,3,3,1,0,1,0,0,0,0,1,7.45734E+20,5.806E+21,1.26082E+16,5.23491E+16
112077,,12,0,61,320,2017,6,7,2,3,2,6,0,1,0,0,1,0,0,8.27863E+20,5.75796E+21,1.3764E+16,5.18758E+16
112078,,12,0,73,393,2017,6,6,3,3,5,3,0,1,0,0,0,0,0,8.60071E+20,5.91539E+21,1.44008E+16,5.32652E+16
112079,,12,0,64,29,2017,6,21,4,3,5,3,0,1,0,0,0,1,0,8.16969E+20,5.83257E+21,1.36761E+16,5.25507E+16
112080,,12,0,72,120,2017,6,13,4,2,5,2,1,1,0,0,0,0,0,7.92035E+20,5.80879E+21,1.32886E+16,5.23514E+16
112081,,12,0,72,17,2017,6,0,6,3,8,1,0,1,0,0,0,2,1,8.00211E+20,5.80976E+21,1.34092E+16,5.23557E+16
112082,,12,0,73,8,2017,6,6,3,3,4,6,0,1,0,0,0,0,0,8.31256E+20,5.88494E+21,1.3939E+16,5.30113E+16
112083,,12,0,60,280,2017,6,16,4,2,6,6,1,0,1,0,0,0,0,8.20786E+20,5.84127E+21,1.37406E+16,5.26264E+16
112084,,12,0,72,340,2017,6,9,4,3,5,3,1,1,0,0,0,0,0,8.04438E+20,5.80042E+21,1.34626E+16,5.22697E+16
112085,,12,0,69,656,2017,6,22,7,1,5,3,0,1,0,0,0,2,0,7.61498E+20,5.81142E+21,1.28434E+16,5.23905E+16
112086,,12,0,73,532,2017,6,23,5,2,8,1,0,0,0,1,0,2,1,8.44908E+20,5.89879E+21,1.41565E+16,5.31267E+16
112087,,12,0,60,24,2017,6,14,7,1,5,3,0,1,0,0,0,0,0,8.1338E+20,5.85512E+21,1.36447E+16,5.27549E+16
112088,,12,0,65,198,2017,6,23,6,2,0,7,1,0,0,0,0,2,1,7.7261E+20,5.86889E+21,1.30537E+16,5.29004E+16
112089,,12,0,65,256,2017,6,18,3,3,2,6,0,1,0,0,0,0,0,7.86088E+20,5.85351E+21,1.32401E+16,5.27555E+16
112090,,12,0,64,190,2017,6,17,7,2,9,1,0,0,0,1,0,0,0,8.62693E+20,5.83758E+21,1.43531E+16,5.2567E+16
112091,,12,0,68,353,2017,6,15,3,3,8,1,0,0,0,1,0,0,0,7.47728E+20,5.89628E+21,1.27056E+16,5.31581E+16
112092,,12,0,64,44,2017,6,13,7,3,5,3,0,1,0,0,0,0,0,8.38584E+20,5.85962E+21,1.40214E+16,5.278E+16
112093,,12,0,64,44,2017,6,9,7,3,8,1,0,1,0,0,0,0,0,8.39733E+20,5.86156E+21,1.40404E+16,5.27966E+16
112094,,12,0,64,408,2017,6,16,7,3,5,3,0,1,0,1,0,0,0,8.35608E+20,5.82594E+21,1.39433E+16,5.24801E+16
112095,,12,0,65,144,2017,6,10,7,3,8,1,0,0,0,0,1,0,0,7.92026E+20,5.84651E+21,1.33216E+16,5.26897E+16
112096,,12,0,65,144,2017,6,10,7,2,2,6,0,1,0,0,0,0,0,7.92319E+20,5.84639E+21,1.33258E+16,5.26884E+16
112097,,12,0,65,96,2017,6,14,7,3,1,6,0,1,0,0,0,0,0,7.9164E+20,5.83997E+21,1.33101E+16,5.26312E+16
112098,,12,0,65,225,2017,6,14,7,3,2,6,1,1,0,0,0,0,0,7.96125E+20,5.84078E+21,1.33769E+16,5.2636E+16
112099,,12,0,65,144,2017,6,20,7,3,2,6,0,1,0,1,0,0,0,7.85875E+20,5.84754E+21,1.32317E+16,5.27021E+16
112100,,12,0,65,144,2017,6,19,7,2,5,3,1,1,0,0,0,0,0,7.88885E+20,5.84384E+21,1.32729E+16,5.26673E+16
112101,,12,0,61,332,2017,6,23,6,3,9,7,0,0,0,1,0,2,0,8.12967E+20,5.79511E+21,1.35823E+16,5.22173E+16
112102,,12,0,65,144,2017,6,15,7,3,4,2,1,1,0,0,0,0,0,7.89331E+20,5.84431E+21,1.32799E+16,5.26713E+16
112103,,12,0,65,256,2017,6,11,7,2,5,2,0,1,0,1,0,0,0,7.82638E+20,5.85244E+21,1.31882E+16,5.27478E+16
112104,,12,0,72,426,2017,6,13,6,2,5,2,0,1,0,1,0,0,0,7.89953E+20,5.79795E+21,1.32488E+16,5.22554E+16
112105,,12,0,72,53,2017,6,15,6,3,5,2,0,1,0,0,1,0,0,8.09186E+20,5.75442E+21,1.34903E+16,5.18548E+16
112106,,12,0,68,320,2017,6,13,3,3,2,6,0,1,0,0,0,0,0,7.55067E+20,5.87035E+21,1.27946E+16,5.29221E+16
112107,,12,0,72,340,2017,6,15,2,3,7,7,0,1,0,0,0,0,0,8.04309E+20,5.80027E+21,1.34606E+16,5.22684E+16
112108,,12,0,67,237,2017,6,9,7,3,2,6,0,0,0,0,1,0,0,8.65776E+20,5.81036E+21,1.43686E+16,5.23214E+16
112109,,12,0,60,20,2017,6,6,1,2,2,6,1,0,0,0,1,0,0,8.10875E+20,5.84629E+21,1.35994E+16,5.26772E+16
112110,,12,0,72,169,2017,6,8,6,3,4,6,0,1,0,0,1,0,0,7.81773E+20,5.76885E+21,1.31052E+16,5.19987E+16
112111,,12,0,72,240,2017,6,8,2,3,2,6,0,1,0,0,0,0,0,7.92241E+20,5.80446E+21,1.32879E+16,5.23125E+16
112112,,12,0,63,244,2017,6,15,2,3,5,3,0,1,0,1,0,0,0,7.2583E+20,5.82556E+21,1.23297E+16,5.25332E+16
112113,,12,0,54,0,2017,6,7,2,3,2,6,1,1,0,0,0,0,0,7.75683E+20,5.81373E+21,1.30532E+16,5.24042E+16
112114,,12,0,54,0,2017,6,7,2,3,2,6,0,1,0,0,0,0,0,7.72187E+20,5.81549E+21,1.30034E+16,5.24218E+16
112115,,12,0,71,160,2017,6,15,2,2,9,1,0,1,0,0,0,0,0,8.91446E+20,5.77454E+21,1.47022E+16,5.19832E+16
112116,,12,0,70,125,2017,6,14,3,3,2,6,0,1,0,0,0,0,0,7.07795E+20,5.88505E+21,1.21021E+16,5.30745E+16
112117,,12,0,72,477,2017,6,12,3,3,2,6,0,0,0,0,1,0,0,8.04816E+20,5.79199E+21,1.34605E+16,5.21939E+16
112118,,12,0,54,0,2017,6,16,4,3,0,7,0,0,0,1,1,0,1,7.76397E+20,5.81243E+21,1.30626E+16,5.23922E+16
112119,,12,0,64,227,2017,6,16,5,3,0,7,1,0,0,0,0,0,1,8.15473E+20,5.82844E+21,1.36502E+16,5.25146E+16
112120,,12,0,54,0,2017,6,6,5,3,7,1,1,0,0,0,0,0,0,7.74131E+20,5.81194E+21,1.3029E+16,5.2389E+16
112121,,12,0,69,648,2017,6,14,2,3,2,6,0,1,0,0,1,0,0,7.35629E+20,5.79979E+21,1.24558E+16,5.22978E+16
112122,,12,0,72,232,2017,6,15,6,3,2,2,1,1,0,0,0,0,0,7.85952E+20,5.77939E+21,1.31747E+16,5.20911E+16
112123,,12,0,69,604,2017,6,18,6,3,5,3,1,1,0,0,0,0,0,7.8627E+20,5.81128E+21,1.32063E+16,5.23768E+16
112124,,12,0,54,0,2017,6,17,6,3,3,6,0,1,0,1,0,0,0,7.75359E+20,5.81315E+21,1.3048E+16,5.23992E+16
112125,,12,0,66,52,2017,6,11,6,2,8,1,0,0,0,1,0,0,0,8.41138E+20,5.74541E+21,1.39437E+16,5.17555E+16
112126,,12,0,61,316,2017,6,9,6,3,8,1,0,1,0,0,0,0,0,8.3635E+20,5.76563E+21,1.38943E+16,5.19394E+16
112127,,12,0,62,92,2017,6,10,6,2,5,2,1,0,0,0,1,0,0,8.15655E+20,5.72845E+21,1.35604E+16,5.16184E+16
112128,,12,0,65,144,2017,6,10,6,2,2,6,0,1,0,0,1,0,0,7.8699E+20,5.84138E+21,1.32428E+16,5.26463E+16
112129,,12,0,65,256,2017,6,14,6,3,2,2,0,1,0,0,0,0,0,7.81034E+20,5.85299E+21,1.31649E+16,5.27535E+16
112130,,12,0,72,17,2017,6,19,5,2,5,2,1,1,0,0,0,0,0,8.00405E+20,5.81105E+21,1.34131E+16,5.23672E+16
112131,,12,0,54,0,2017,6,11,5,2,5,3,0,1,0,0,1,0,0,7.76439E+20,5.81246E+21,1.30632E+16,5.23925E+16
112132,,12,0,51,0,2017,6,19,5,3,5,3,1,1,0,0,0,0,0,7.41829E+20,5.8138E+21,1.25566E+16,5.24209E+16
112133,,12,0,53,0,2017,6,19,6,3,3,6,0,1,0,0,0,0,0,8.70415E+20,5.81061E+21,1.44366E+16,5.23205E+16
112134,,12,0,61,164,2017,6,13,5,2,8,1,0,1,0,0,0,0,0,8.20278E+20,5.76649E+21,1.36621E+16,5.19567E+16
112135,,12,0,52,0,2017,6,7,5,3,0,1,0,1,0,0,0,0,1,8.69662E+20,5.74843E+21,1.43584E+16,5.17644E+16
112136,,12,0,73,452,2017,6,15,5,3,6,4,0,1,1,0,0,0,0,8.23922E+20,5.91885E+21,1.38644E+16,5.33195E+16
112137,,12,0,60,280,2017,6,13,5,3,8,1,0,1,0,0,0,0,0,8.27728E+20,5.84838E+21,1.38499E+16,5.2686E+16
112138,,12,0,60,280,2017,6,0,5,2,9,1,0,0,0,1,0,2,0,8.16053E+20,5.84036E+21,1.367E+16,5.26211E+16
112139,,12,0,64,227,2017,6,6,5,3,6,4,0,1,1,0,0,0,0,8.15412E+20,5.82863E+21,1.36494E+16,5.25163E+16
112140,,12,0,64,61,2017,6,17,5,3,5,3,0,1,0,1,0,0,0,8.47273E+20,5.85044E+21,1.414E+16,5.26922E+16
112141,,12,0,65,144,2017,6,9,5,3,2,2,0,1,0,0,0,0,0,7.89211E+20,5.84433E+21,1.32781E+16,5.26715E+16
112142,,12,0,65,136,2017,6,15,5,3,5,3,1,1,0,0,0,0,0,7.84066E+20,5.8414E+21,1.31997E+16,5.2648E+16
112143,,12,0,72,17,2017,6,16,4,3,5,3,0,1,0,0,0,0,0,8.02043E+20,5.8085E+21,1.34348E+16,5.23434E+16
112144,,12,0,72,232,2017,6,13,4,2,4,2,0,1,0,0,0,0,0,7.86382E+20,5.77874E+21,1.31804E+16,5.2085E+16
112145,,12,0,63,88,2017,6,7,4,3,3,6,0,1,0,0,1,0,0,7.42661E+20,5.84507E+21,1.25917E+16,5.2701E+16
112146,,12,0,63,186,2017,6,17,4,2,8,1,0,1,0,0,0,0,1,7.44576E+20,5.82888E+21,1.2608E+16,5.25549E+16
112147,,12,0,69,216,2017,6,13,4,3,8,1,0,0,0,1,0,0,0,7.45509E+20,5.79723E+21,1.25985E+16,5.22705E+16
112148,,12,0,61,405,2017,6,9,4,3,0,6,0,1,0,0,1,0,0,8.22082E+20,5.77325E+21,1.36946E+16,5.20162E+16
112149,,12,0,66,8,2017,6,9,4,2,0,1,0,1,0,0,0,0,0,8.48082E+20,5.73421E+21,1.40328E+16,5.16509E+16
112150,,12,0,69,306,2017,6,15,2,3,0,3,0,1,0,0,1,0,0,7.51861E+20,5.80521E+21,1.26974E+16,5.23392E+16
112151,,12,0,51,0,2017,6,20,2,3,8,7,0,0,0,1,0,0,0,7.41749E+20,5.81456E+21,1.2556E+16,5.24277E+16
112152,,12,0,70,416,2017,6,20,1,3,8,1,0,1,0,0,0,0,1,6.85868E+20,5.87818E+21,1.17712E+16,5.30208E+16
112153,,12,0,68,280,2017,6,6,2,3,9,7,0,0,0,0,1,0,1,7.70966E+20,5.87786E+21,1.30368E+16,5.29817E+16
112154,,12,0,61,540,2017,6,16,2,3,5,3,0,1,0,0,0,0,0,8.13575E+20,5.80603E+21,1.36013E+16,5.23148E+16
112155,,12,0,71,76,2017,6,11,3,3,5,2,0,1,0,0,0,0,0,8.89219E+20,5.74777E+21,1.46398E+16,5.17452E+16
112156,,12,0,60,20,2017,6,16,4,3,8,1,0,1,0,0,0,0,0,8.09549E+20,5.83894E+21,1.35729E+16,5.2612E+16
112157,,12,0,68,320,2017,6,12,5,3,2,6,0,1,0,0,0,0,1,7.56289E+20,5.87092E+21,1.28132E+16,5.29266E+16
112158,,12,0,61,219,2017,6,16,4,3,5,2,0,1,0,0,0,0,0,8.22705E+20,5.75188E+21,1.36836E+16,5.18244E+16
112159,,12,0,61,192,2017,6,6,4,2,9,7,0,1,0,0,0,0,0,8.24682E+20,5.78791E+21,1.37463E+16,5.2146E+16
112160,,12,0,62,341,2017,6,16,4,3,9,1,0,1,0,0,0,0,0,7.95099E+20,5.70597E+21,1.32455E+16,5.14279E+16
112161,,12,0,73,452,2017,6,15,4,3,2,6,0,1,0,0,0,0,1,8.22303E+20,5.91751E+21,1.38388E+16,5.33085E+16
112162,,12,0,60,52,2017,6,15,4,3,5,2,1,0,0,0,1,0,0,8.24917E+20,5.86444E+21,1.38243E+16,5.28315E+16
112163,,12,0,64,266,2017,6,16,4,3,5,3,0,1,0,1,0,0,0,8.75911E+20,5.83871E+21,1.45485E+16,5.25682E+16
112164,,12,0,64,268,2017,6,1,4,3,8,1,0,1,0,0,0,2,1,8.76043E+20,5.82338E+21,1.45331E+16,5.24309E+16
112165,,12,0,65,144,2017,6,13,5,2,5,3,1,1,0,0,0,0,0,7.87962E+20,5.84918E+21,1.3264E+16,5.27157E+16
112166,,12,0,64,44,2017,6,18,4,3,2,2,0,1,0,0,0,0,0,8.42765E+20,5.86599E+21,1.40898E+16,5.28343E+16
112167,,12,0,65,136,2017,6,11,4,2,8,3,1,1,0,0,0,0,0,7.86526E+20,5.84157E+21,1.32362E+16,5.26483E+16
112168,,12,0,69,656,2017,6,10,5,3,1,6,0,0,0,0,1,0,0,7.61311E+20,5.80423E+21,1.2835E+16,5.2326E+16
112169,,12,0,65,310,2017,6,13,4,3,5,3,0,1,0,0,1,0,0,7.71553E+20,5.8959E+21,1.30608E+16,5.31431E+16
112170,,12,0,53,0,2017,6,14,6,2,2,6,0,1,0,0,0,0,0,8.75662E+20,5.81176E+21,1.45145E+16,5.23272E+16
112171,,12,0,72,120,2017,6,17,3,2,5,3,0,1,0,1,0,0,1,7.92898E+20,5.809E+21,1.33014E+16,5.23529E+16
112172,,12,0,61,332,2017,6,13,2,2,9,1,0,1,0,0,1,0,0,8.15481E+20,5.79213E+21,1.36162E+16,5.21892E+16
112173,,12,0,72,232,2017,6,19,3,3,8,1,0,1,0,0,0,0,0,7.84806E+20,5.77642E+21,1.31555E+16,5.2065E+16
112174,,12,0,61,540,2017,6,16,2,3,2,6,0,1,0,0,0,0,0,8.17636E+20,5.80601E+21,1.36607E+16,5.23124E+16
112175,,12,0,63,212,2017,6,15,3,2,9,1,0,1,0,0,0,0,0,7.43892E+20,5.83503E+21,1.26025E+16,5.26104E+16
112176,,12,0,69,590,2017,6,16,3,3,4,1,0,1,0,0,0,0,0,7.71242E+20,5.80892E+21,1.29842E+16,5.23633E+16
112177,,12,0,69,656,2017,6,17,3,3,5,3,0,1,0,0,0,0,1,7.64268E+20,5.80989E+21,1.28828E+16,5.23754E+16
112178,,12,0,69,345,2017,6,17,3,3,5,3,0,1,0,0,1,0,0,7.58974E+20,5.78501E+21,1.27861E+16,5.21547E+16
112179,,12,0,69,306,2017,6,7,3,3,2,6,0,0,0,0,1,0,0,7.53067E+20,5.8094E+21,1.27182E+16,5.23763E+16
112180,,12,0,69,397,2017,6,8,3,2,2,2,0,1,0,0,0,0,0,7.75519E+20,5.80709E+21,1.30453E+16,5.23447E+16
112181,,12,0,62,24,2017,6,7,3,3,2,2,0,1,0,1,0,0,1,8.07186E+20,5.71631E+21,1.34279E+16,5.15142E+16
112182,,12,0,64,408,2017,6,14,6,2,5,2,1,1,0,0,0,0,0,8.3393E+20,5.8314E+21,1.39241E+16,5.25301E+16