OBJECTID,UIDENTSTLA,ULAND,UREGBEZ,UKREIS,UGEMEINDE,UJAHR,UMONAT,USTUNDE,UWOCHENTAG,UKATEGORIE,UART,UTYP1,IstRad,IstPKW,IstFuss,IstKrad,IstSonstig,LICHT,STRZUSTAND,LINREFX,LINREFY,XGCSWGS84,YGCSWGS84
112183,,12,0,73,393,2017,6,15,3,2,2,2,0,1,0,0,0,0,0,8.60322E+20,5.91707E+21,1.44064E+16,5.32801E+16
112184,,12,0,60,154,2017,6,13,3,2,5,3,0,1,0,0,0,0,0,8.07772E+20,5.86408E+21,1.35703E+16,5.28383E+16
112185,,12,0,60,20,2017,6,20,3,2,4,6,0,1,0,0,0,0,1,8.08595E+20,5.84563E+21,1.35651E+16,5.26725E+16
112186,,12,0,64,227,2017,6,9,3,3,5,3,1,1,0,0,0,0,0,8.16085E+20,5.82797E+21,1.36587E+16,5.251E+16
112187,,12,0,64,371,2017,6,11,3,3,5,3,0,1,0,0,1,0,0,8.4824E+20,5.85837E+21,1.41627E+16,5.27626E+16
112188,,12,0,64,428,2017,6,14,3,3,5,3,0,1,0,1,0,0,0,8.23003E+20,5.82438E+21,1.37568E+16,5.24738E+16
112189,,12,0,67,469,2017,6,21,2,3,8,6,0,1,0,0,0,1,0,8.23191E+20,5.80762E+21,1.37434E+16,5.23235E+16
112190,,12,0,68,306,2017,6,3,7,2,8,1,0,0,0,0,1,2,1,7.49755E+20,5.86924E+21,1.27149E+16,5.29147E+16
112191,,12,0,66,320,2017,6,14,7,2,8,1,1,0,0,0,0,0,0,8.49658E+20,5.75536E+21,1.40767E+16,5.18393E+16
112192,,12,0,66,132,2017,6,2,1,2,8,7,0,1,0,0,0,2,0,8.47689E+20,5.70895E+21,1.40022E+16,5.14249E+16
112193,,12,0,62,140,2017,6,12,2,3,5,3,1,1,0,0,0,0,1,8.25882E+20,5.73E+21,1.37091E+16,5.16264E+16
112194,,12,0,65,36,2017,6,7,3,3,5,3,1,1,0,0,0,0,0,7.88931E+20,5.84692E+21,1.32763E+16,5.26949E+16
112195,,12,0,65,165,2017,6,17,4,2,3,6,0,1,0,0,1,0,0,7.68526E+20,5.84829E+21,1.29762E+16,5.27177E+16
112196,,12,0,65,256,2017,6,7,3,3,5,3,1,1,0,0,0,0,0,7.82644E+20,5.85244E+21,1.31883E+16,5.27478E+16
112197,,12,0,70,125,2017,6,12,3,2,9,1,0,1,0,0,0,0,0,6.94264E+20,5.89372E+21,1.19056E+16,5.31573E+16
112198,,12,0,69,306,2017,6,12,2,3,8,7,0,1,0,0,0,0,0,7.48241E+20,5.805E+21,1.26442E+16,5.2339E+16
112199,,12,0,61,433,2017,6,7,2,3,0,3,0,1,0,1,0,0,0,8.07331E+20,5.81479E+21,1.3518E+16,5.23969E+16
112200,,12,0,69,656,2017,6,3,2,3,7,7,0,1,0,0,0,1,0,7.6123E+20,5.81189E+21,1.28398E+16,5.23948E+16
112201,,12,0,72,17,2017,6,17,2,1,0,7,1,0,0,0,0,0,0,8.03271E+20,5.80653E+21,1.3451E+16,5.23251E+16
112202,,12,0,61,260,2017,6,7,2,3,2,2,0,1,0,0,1,0,1,8.15318E+20,5.80442E+21,1.36253E+16,5.22994E+16
112203,,12,0,65,144,2017,6,18,3,3,5,2,0,1,0,1,0,0,0,7.89369E+20,5.8442E+21,1.32804E+16,5.26703E+16
112204,,12,0,67,440,2017,6,13,4,3,5,2,0,1,0,0,0,0,0,8.1909E+20,5.82713E+21,1.3702E+16,5.25007E+16
112205,,12,0,63,80,2017,6,9,4,3,5,3,1,1,0,0,0,0,0,7.78187E+20,5.83308E+21,1.31061E+16,5.25765E+16
112206,,12,0,60,5,2017,6,18,5,3,5,3,0,1,0,0,0,0,1,8.10976E+20,5.83205E+21,1.35875E+16,5.25495E+16
112207,,12,0,61,332,2017,6,8,2,3,8,1,0,0,0,0,1,0,0,8.12112E+20,5.79665E+21,1.35712E+16,5.22316E+16
112208,,12,0,61,316,2017,6,9,2,3,5,2,1,0,0,0,1,0,0,8.35911E+20,5.76508E+21,1.38874E+16,5.19348E+16
112209,,12,0,63,208,2017,6,19,2,3,9,1,0,1,0,0,0,0,0,7.6199E+20,5.83704E+21,1.28708E+16,5.262E+16
112210,,12,0,69,306,2017,6,15,2,2,3,6,1,1,0,0,0,0,0,7.59567E+20,5.80102E+21,1.2807E+16,5.2298E+16
112211,,12,0,51,0,2017,6,17,2,3,5,3,1,1,0,0,0,0,1,7.40899E+20,5.81089E+21,1.25409E+16,5.23951E+16
112212,,12,0,62,453,2017,6,18,2,3,5,3,1,1,0,0,0,0,0,8.1106E+20,5.72603E+21,1.34921E+16,5.15992E+16
112213,,12,0,52,0,2017,6,16,2,3,5,3,1,1,0,0,0,0,0,8.67539E+20,5.74809E+21,1.43275E+16,5.17628E+16
112214,,12,0,73,384,2017,6,15,2,3,5,3,1,1,0,0,0,0,0,7.88273E+20,5.90428E+21,1.33176E+16,5.32094E+16
112215,,12,0,73,8,2017,6,22,2,2,0,7,0,0,0,1,0,2,0,8.38473E+20,5.88153E+21,1.40426E+16,5.29762E+16
112216,,12,0,62,461,2017,6,6,5,2,3,6,0,1,0,0,0,0,0,7.90205E+20,5.74281E+21,1.32058E+16,5.17608E+16
112217,,12,0,60,52,2017,6,14,2,3,5,3,1,1,0,0,0,0,0,8.18221E+20,5.86568E+21,1.37265E+16,5.28466E+16
112218,,12,0,64,136,2017,6,18,2,3,5,2,0,1,0,1,0,0,0,8.22079E+20,5.82895E+21,1.37477E+16,5.25153E+16
112219,,12,0,65,100,2017,6,18,6,2,4,6,0,1,0,1,0,0,0,7.8029E+20,5.8879E+21,1.31841E+16,5.30669E+16
112220,,12,0,64,336,2017,6,11,2,3,2,6,0,1,0,0,0,0,0,8.17516E+20,5.82973E+21,1.36814E+16,5.2525E+16
112221,,12,0,73,458,2017,6,20,6,3,9,1,0,1,0,0,0,0,0,8.37966E+20,5.9154E+21,1.40707E+16,5.32798E+16
112222,,12,0,64,222,2017,6,14,2,3,1,6,0,1,0,0,0,0,0,8.29861E+20,5.85041E+21,1.38833E+16,5.27029E+16
112223,,12,0,67,438,2017,6,12,2,2,0,7,0,0,0,1,0,0,0,8.79207E+20,5.79076E+21,1.45428E+16,5.21369E+16
112224,,12,0,67,120,2017,6,22,2,3,5,3,1,1,0,0,0,2,1,8.85236E+20,5.79288E+21,1.46328E+16,5.21516E+16
112225,,12,0,67,201,2017,6,12,2,3,8,6,1,0,0,0,1,0,0,8.28592E+20,5.82033E+21,1.38348E+16,5.24342E+16
112226,,12,0,67,124,2017,6,20,2,3,2,2,0,1,0,0,0,0,1,8.23243E+20,5.81836E+21,1.37545E+16,5.24197E+16
112227,,12,0,71,57,2017,6,15,2,2,2,6,0,1,0,0,1,0,0,8.64587E+20,5.74049E+21,1.42769E+16,5.16967E+16
112228,,12,0,72,312,2017,6,14,6,3,4,7,0,1,0,0,0,0,0,7.8816E+20,5.7822E+21,1.32092E+16,5.21151E+16
112229,,12,0,60,154,2017,6,13,7,3,9,1,0,1,0,0,0,0,1,8.08011E+20,5.86427E+21,1.3574E+16,5.28399E+16
112230,,12,0,64,428,2017,6,5,1,3,8,1,0,1,0,0,0,1,1,8.23503E+20,5.82445E+21,1.37642E+16,5.24741E+16
112231,,12,0,64,428,2017,6,17,2,3,8,1,0,0,0,1,0,0,0,8.30618E+20,5.82247E+21,1.38666E+16,5.24521E+16
112232,,12,0,69,665,2017,6,11,2,3,8,1,0,0,0,0,1,0,0,7.35325E+20,5.77971E+21,1.24374E+16,5.21178E+16
112233,,12,0,52,0,2017,6,16,2,3,1,5,1,1,0,0,0,0,0,8.71314E+20,5.74367E+21,1.43772E+16,5.17207E+16
112234,,12,0,73,189,2017,6,10,2,2,3,6,0,1,0,0,0,0,0,8.5794E+20,5.90826E+21,1.4361E+16,5.32028E+16
112235,,12,0,64,317,2017,6,16,1,3,0,1,0,0,0,1,0,0,1,8.45597E+20,5.83147E+21,1.40955E+16,5.25235E+16
112236,,12,0,64,336,2017,6,19,2,3,2,6,0,1,0,0,0,0,0,8.18198E+20,5.82709E+21,1.36889E+16,5.25009E+16
112237,,12,0,63,80,2017,6,15,2,2,5,2,0,1,0,1,0,0,0,7.79794E+20,5.83134E+21,1.31283E+16,5.25601E+16
112238,,12,0,71,244,2017,6,20,3,3,9,7,0,1,0,0,0,0,0,8.61934E+20,5.74342E+21,1.42417E+16,5.17246E+16
112239,,12,0,61,433,2017,6,11,4,3,6,7,0,1,1,0,0,0,0,8.07387E+20,5.81423E+21,1.35183E+16,5.23919E+16
112240,,12,0,65,84,2017,6,12,2,3,2,2,0,0,0,1,0,0,0,7.76884E+20,5.90021E+21,1.3144E+16,5.3179E+16
112241,,12,0,65,356,2017,6,11,2,3,5,3,0,1,0,0,0,0,0,7.90539E+20,5.87839E+21,1.3328E+16,5.29762E+16
112242,,12,0,73,452,2017,6,10,2,3,3,6,0,1,0,0,0,0,0,8.26186E+20,5.9257E+21,1.39053E+16,5.33795E+16
112243,,12,0,68,280,2017,6,2,2,2,8,1,0,1,0,0,0,2,0,7.71175E+20,5.87787E+21,1.30399E+16,5.29817E+16
112244,,12,0,51,0,2017,6,5,1,2,8,6,0,1,0,0,0,1,0,7.38923E+20,5.80426E+21,1.25072E+16,5.23365E+16
112245,,12,0,63,80,2017,6,18,1,1,8,2,0,1,0,0,0,0,1,7.77576E+20,5.83446E+21,1.30982E+16,5.25891E+16
112246,,12,0,69,590,2017,6,11,1,3,9,1,0,1,0,0,0,0,1,7.69209E+20,5.80374E+21,1.29503E+16,5.23178E+16
112247,,12,0,69,632,2017,6,16,1,3,0,1,0,0,0,1,0,0,0,7.64587E+20,5.77847E+21,1.28629E+16,5.20934E+16
112248,,12,0,61,433,2017,6,10,1,3,5,3,0,1,0,0,1,0,1,8.10232E+20,5.81093E+21,1.35569E+16,5.23606E+16
112249,,12,0,64,130,2017,6,15,5,2,4,6,0,1,0,0,1,0,1,8.70641E+20,5.82509E+21,1.44559E+16,5.24499E+16
112250,,12,0,61,217,2017,6,0,1,1,9,1,0,1,0,0,0,2,0,8.22865E+20,5.8026E+21,1.37338E+16,5.22788E+16
112251,,12,0,63,208,2017,6,14,5,3,7,7,0,1,0,0,0,0,1,7.56993E+20,5.8332E+21,1.27941E+16,5.25879E+16
112252,,12,0,60,181,2017,6,18,1,2,8,1,0,1,0,0,0,0,0,8.07918E+20,5.83913E+21,1.35491E+16,5.26147E+16
112253,,12,0,64,227,2017,6,8,6,3,5,3,0,1,0,0,0,0,1,8.14552E+20,5.83149E+21,1.36395E+16,5.25424E+16
112254,,12,0,53,0,2017,6,14,1,3,5,3,0,1,0,0,0,0,1,8.78087E+20,5.80715E+21,1.45448E+16,5.22843E+16
112255,,12,0,67,493,2017,6,16,1,2,4,6,0,1,0,0,1,0,0,8.48141E+20,5.79659E+21,1.40967E+16,5.22095E+16
112256,,12,0,70,149,2017,6,14,1,2,5,3,0,1,0,0,0,0,1,7.16748E+20,5.88322E+21,1.22343E+16,5.30545E+16
112257,,12,0,68,117,2017,6,22,1,2,4,6,0,1,0,0,1,2,0,7.64268E+20,5.85125E+21,1.29157E+16,5.27464E+16
112258,,12,0,54,0,2017,6,14,7,2,8,1,0,1,0,0,0,0,1,7.69116E+20,5.8224E+21,1.29639E+16,5.24853E+16
112259,,12,0,63,148,2017,6,15,7,3,2,2,0,1,0,0,0,0,1,7.61151E+20,5.82159E+21,1.28462E+16,5.24818E+16
112260,,12,0,69,17,2017,6,22,7,3,8,1,0,0,0,1,0,2,1,7.70473E+20,5.79495E+21,1.29617E+16,5.22384E+16
112261,,12,0,61,20,2017,6,18,7,2,8,1,0,1,0,0,0,0,0,8.13804E+20,5.79604E+21,1.35953E+16,5.22252E+16
112262,,12,0,61,540,2017,6,14,7,3,2,6,0,1,0,0,0,0,0,8.15807E+20,5.80566E+21,1.36336E+16,5.23103E+16
112263,,12,0,66,41,2017,6,14,7,2,9,1,0,1,0,0,0,0,0,8.39724E+20,5.73503E+21,1.39132E+16,5.16633E+16
112264,,12,0,60,100,2017,6,19,2,3,8,1,0,1,0,0,0,0,0,8.18978E+20,5.87712E+21,1.37489E+16,5.29487E+16
112265,,12,0,68,264,2017,6,5,2,3,5,3,1,1,0,0,0,1,0,7.28004E+20,5.87084E+21,1.23932E+16,5.29387E+16
112266,,12,0,61,433,2017,6,13,7,3,2,6,0,1,0,0,1,0,1,8.01991E+20,5.81564E+21,1.34405E+16,5.24074E+16
112267,,12,0,66,52,2017,6,17,7,3,5,3,1,1,0,0,0,0,0,8.42527E+20,5.74409E+21,1.39625E+16,5.17428E+16
112268,,12,0,62,461,2017,6,11,7,3,0,2,0,1,0,1,0,0,1,7.956E+20,5.73809E+21,1.32797E+16,5.17157E+16
112269,,12,0,62,224,2017,6,10,7,2,4,6,0,0,0,0,1,0,1,7.94806E+20,5.73744E+21,1.32677E+16,5.17103E+16
112270,,12,0,60,176,2017,6,15,7,2,8,1,0,1,0,0,0,0,0,8.40194E+20,5.87297E+21,1.40591E+16,5.28985E+16
112271,,12,0,67,144,2017,6,21,7,3,5,3,0,1,0,0,0,1,0,8.46099E+20,5.81564E+21,1.40865E+16,5.23813E+16
112272,,12,0,72,240,2017,6,21,7,3,6,2,0,1,1,0,0,0,0,7.90142E+20,5.80329E+21,1.32561E+16,5.23031E+16
112273,,12,0,72,17,2017,6,16,1,2,4,1,0,1,0,0,0,0,1,8.0204E+20,5.80635E+21,1.34329E+16,5.23242E+16
112274,,12,0,61,308,2017,6,21,2,3,8,7,0,0,0,0,1,1,0,8.65441E+20,5.77329E+21,1.43239E+16,5.19898E+16
112275,,12,0,64,472,2017,6,17,3,3,4,6,1,0,0,0,0,0,0,8.29799E+20,5.83412E+21,1.38662E+16,5.25569E+16
112276,,12,0,60,280,2017,6,10,7,3,2,6,0,1,0,0,0,0,0,8.25649E+20,5.84657E+21,1.38174E+16,5.2671E+16
112277,,12,0,67,120,2017,6,12,7,3,5,2,0,1,0,0,1,0,0,8.82733E+20,5.79472E+21,1.45985E+16,5.21698E+16
112278,,12,0,72,426,2017,6,16,1,3,5,3,0,1,0,0,0,0,0,7.83219E+20,5.79287E+21,1.31462E+16,5.22133E+16
112279,,12,0,65,96,2017,6,17,7,2,3,6,1,0,0,0,0,0,0,7.91704E+20,5.83973E+21,1.33108E+16,5.2629E+16
112280,,12,0,65,36,2017,6,16,7,3,2,6,0,1,0,1,0,0,0,7.88764E+20,5.84754E+21,1.32744E+16,5.27006E+16
112281,,12,0,73,157,2017,6,13,1,3,2,6,0,1,0,0,1,0,0,8.26212E+20,5.89723E+21,1.38765E+16,5.31245E+16
112282,,12,0,70,424,2017,6,17,7,3,8,1,0,1,0,0,0,0,0,6.83603E+20,5.87989E+21,1.17385E+16,5.30369E+16
112283,,12,0,68,320,2017,6,10,7,2,5,3,1,1,0,0,0,0,0,7.54946E+20,5.86963E+21,1.27923E+16,5.29157E+16
112284,,12,0,69,306,2017,6,6,6,3,2,6,0,0,0,0,1,0,0,7.52516E+20,5.80527E+21,1.2707E+16,5.23395E+16
112285,,12,0,72,17,2017,6,16,6,3,5,2,1,1,0,0,0,0,0,7.99387E+20,5.80712E+21,1.33947E+16,5.23325E+16
112286,,12,0,72,17,2017,6,12,6,3,0,7,0,0,0,1,0,0,0,8.01099E+20,5.80661E+21,1.34193E+16,5.2327E+16
112287,,12,0,63,357,2017,6,11,6,3,2,6,0,1,0,0,1,0,0,7.69665E+20,5.82828E+21,1.29767E+16,5.25377E+16
112288,,12,0,61,320,2017,6,13,5,1,8,1,0,1,0,0,0,0,0,8.31366E+20,5.75157E+21,1.38086E+16,5.18165E+16
112289,,12,0,63,56,2017,6,14,6,2,6,4,0,1,1,0,0,0,0,7.79021E+20,5.82654E+21,1.31129E+16,5.25174E+16
112290,,12,0,65,136,2017,6,7,6,3,2,6,0,1,0,0,0,0,1,7.8448E+20,5.83874E+21,1.32036E+16,5.26239E+16
112291,,12,0,63,273,2017,6,17,6,2,0,2,1,1,0,0,0,0,0,7.78969E+20,5.83655E+21,1.31205E+16,5.26072E+16
112292,,12,0,69,656,2017,6,17,6,3,2,7,0,1,0,0,0,0,0,7.6772E+20,5.81023E+21,1.29336E+16,5.23768E+16
112293,,12,0,54,0,2017,6,17,6,3,5,3,0,1,0,1,0,0,0,7.82252E+20,5.81055E+21,1.31468E+16,5.23723E+16
112294,,12,0,54,0,2017,6,10,6,3,3,2,0,1,0,0,1,0,0,7.7853E+20,5.80992E+21,1.30918E+16,5.23687E+16
112295,,12,0,69,448,2017,6,18,6,3,8,2,0,0,0,1,0,0,0,7.52843E+20,5.7755E+21,1.26896E+16,5.20723E+16
112296,,12,0,69,306,2017,6,13,6,3,4,6,0,1,0,0,1,0,0,7.56142E+20,5.80604E+21,1.27607E+16,5.23447E+16
112297,,12,0,69,17,2017,6,18,6,3,3,6,0,1,0,0,0,0,0,7.77563E+20,5.79289E+21,1.30636E+16,5.22164E+16
112298,,12,0,51,0,2017,6,16,6,3,5,3,0,1,0,0,0,0,0,7.39606E+20,5.81573E+21,1.25254E+16,5.24391E+16
112299,,12,0,61,332,2017,6,14,6,2,1,1,0,1,0,0,0,0,0,8.11515E+20,5.80199E+21,1.35674E+16,5.22798E+16
112300,,12,0,61,435,2017,6,18,6,3,2,6,0,1,0,0,0,0,0,8.23254E+20,5.77249E+21,1.37109E+16,5.20087E+16
112301,,12,0,61,164,2017,6,16,6,1,5,3,1,1,0,0,0,0,0,8.16361E+20,5.76808E+21,1.36067E+16,5.19732E+16
112302,,12,0,69,270,2017,6,15,5,2,4,1,0,1,0,0,0,0,1,7.32902E+20,5.81576E+21,1.2427E+16,5.24423E+16
112303,,12,0,62,92,2017,6,11,6,2,0,3,1,1,0,0,0,0,0,8.1565E+20,5.72844E+21,1.35604E+16,5.16183E+16
112304,,12,0,67,124,2017,6,15,6,3,5,3,0,1,0,0,0,0,0,8.23236E+20,5.81816E+21,1.37542E+16,5.24179E+16
112305,,12,0,71,160,2017,6,6,6,3,8,1,0,1,0,0,0,0,0,8.88306E+20,5.77467E+21,1.46568E+16,5.19866E+16
112306,,12,0,61,332,2017,6,6,6,3,8,1,0,0,0,0,1,0,1,8.12818E+20,5.80163E+21,1.35861E+16,5.22758E+16
112307,,12,0,71,44,2017,6,18,6,2,9,1,0,1,0,0,0,0,0,8.87156E+20,5.73332E+21,1.4594E+16,5.16174E+16
112308,,12,0,52,0,2017,6,6,6,3,5,3,1,0,0,0,0,0,0,8.68596E+20,5.74775E+21,1.43423E+16,5.1759E+16
112309,,12,0,73,452,2017,6,13,6,3,6,4,0,1,1,0,0,0,0,8.23575E+20,5.91855E+21,1.38589E+16,5.3317E+16
112310,,12,0,60,5,2017,6,6,6,3,5,2,1,1,0,0,0,0,0,8.1137E+20,5.83197E+21,1.35932E+16,5.25486E+16
112311,,12,0,60,269,2017,6,7,6,3,0,7,0,1,1,0,0,0,0,8.02167E+20,5.85949E+21,1.34831E+16,5.28004E+16
112312,,12,0,60,181,2017,6,15,6,3,5,2,0,1,0,1,0,0,0,8.0639E+20,5.84064E+21,1.3528E+16,5.26291E+16
112313,,12,0,51,0,2017,6,14,1,3,1,7,0,1,0,1,0,0,0,7.40121E+20,5.8151E+21,1.25325E+16,5.24332E+16
112314,,12,0,72,17,2017,6,14,6,3,2,7,0,1,0,0,0,0,0,8.03392E+20,5.80438E+21,1.34509E+16,5.23058E+16
112315,,12,0,67,237,2017,6,0,7,1,2,6,0,0,0,0,1,2,0,8.67565E+20,5.81039E+21,1.43947E+16,5.23204E+16
112316,,12,0,60,20,2017,6,15,1,2,9,1,0,1,0,0,0,0,0,8.09546E+20,5.84467E+21,1.35783E+16,5.26634E+16
112317,,12,0,73,458,2017,6,22,2,3,2,6,0,1,0,0,0,2,0,8.40453E+20,5.91729E+21,1.41099E+16,5.32952E+16
112318,,12,0,64,136,2017,6,7,6,2,4,2,0,1,0,1,0,0,0,8.22083E+20,5.82896E+21,1.37477E+16,5.25153E+16
112319,,12,0,60,198,2017,6,13,5,2,0,1,0,0,0,1,0,0,1,8.04809E+20,5.8714E+21,1.35333E+16,5.29056E+16
112320,,12,0,64,227,2017,6,19,6,3,8,1,0,1,0,0,0,0,0,8.15304E+20,5.83147E+21,1.36506E+16,5.25418E+16
112321,,12,0,70,153,2017,6,17,6,2,9,1,0,1,0,0,0,0,1,7.19602E+20,5.90042E+21,1.22886E+16,5.32076E+16
112322,,12,0,64,227,2017,6,12,6,3,4,6,0,0,0,0,1,0,0,8.15325E+20,5.82604E+21,1.36457E+16,5.24931E+16
112323,,12,0,67,76,2017,6,12,6,3,5,2,0,1,0,0,0,0,0,8.80464E+20,5.80291E+21,1.45747E+16,5.22447E+16
112324,,12,0,65,251,2017,6,7,2,3,2,2,0,1,0,0,0,0,0,7.77424E+20,5.84739E+21,1.31069E+16,5.27051E+16
112325,,12,0,68,117,2017,6,15,6,3,2,6,0,1,0,0,1,0,0,7.55634E+20,5.85916E+21,1.27943E+16,5.28215E+16
112326,,12,0,68,306,2017,6,11,6,2,2,6,0,1,0,0,0,0,0,7.49566E+20,5.87029E+21,1.27129E+16,5.29241E+16
112327,,12,0,64,266,2017,6,9,1,2,4,6,0,1,0,1,0,0,0,8.80845E+20,5.83991E+21,1.46223E+16,5.25755E+16
112328,,12,0,65,96,2017,6,14,6,2,0,7,0,0,0,1,0,0,0,7.92126E+20,5.84101E+21,1.33182E+16,5.26402E+16
112329,,12,0,65,225,2017,6,15,6,3,2,6,0,1,0,0,0,0,0,7.96018E+20,5.84081E+21,1.33754E+16,5.26364E+16
112330,,12,0,65,165,2017,6,12,6,3,8,1,0,1,0,0,0,0,0,7.72854E+20,5.85497E+21,1.30457E+16,5.27755E+16
112331,,12,0,63,208,2017,6,8,5,3,2,6,0,1,0,0,1,0,0,7.60048E+20,5.83602E+21,1.28413E+16,5.26118E+16
112332,,12,0,63,208,2017,6,14,5,2,6,4,0,1,1,0,0,0,0,7.62613E+20,5.83529E+21,1.28785E+16,5.2604E+16
112333,,12,0,71,76,2017,6,5,2,3,0,6,1,0,0,0,1,1,0,8.9033E+20,5.74534E+21,1.46531E+16,5.17228E+16
112334,,12,0,69,604,2017,6,17,2,3,9,7,0,0,0,0,1,0,0,7.82457E+20,5.81023E+21,1.31496E+16,5.23694E+16
112335,,12,0,63,36,2017,6,17,3,2,5,3,0,1,0,0,1,0,0,7.70128E+20,5.83346E+21,1.29878E+16,5.25839E+16
112336,,12,0,69,656,2017,6,9,5,3,1,5,0,1,0,0,1,0,0,7.66833E+20,5.81204E+21,1.29221E+16,5.23935E+16
112337,,12,0,51,0,2017,6,18,5,2,1,6,0,1,0,0,0,0,0,7.41567E+20,5.81487E+21,1.25536E+16,5.24306E+16
112338,,12,0,73,157,2017,6,16,1,3,4,6,0,1,0,0,0,0,0,8.25824E+20,5.89871E+21,1.38722E+16,5.31379E+16
112339,,12,0,61,332,2017,6,18,5,3,0,7,0,0,0,1,0,0,0,8.14168E+20,5.80214E+21,1.36063E+16,5.22797E+16
112340,,12,0,61,260,2017,6,0,5,3,7,7,0,0,0,1,0,2,0,8.18674E+20,5.81123E+21,1.36808E+16,5.23585E+16
112341,,12,0,71,304,2017,6,18,5,3,5,3,0,1,0,0,0,1,0,8.72783E+20,5.7596E+21,1.44155E+16,5.18624E+16
112342,,12,0,71,153,2017,6,8,5,2,2,6,0,1,0,0,0,0,0,8.87116E+20,5.74151E+21,1.46025E+16,5.16907E+16
112343,,12,0,67,469,2017,6,13,5,3,3,6,0,1,0,0,0,0,0,8.24023E+20,5.81119E+21,1.3759E+16,5.2355E+16
112344,,12,0,73,8,2017,6,21,5,2,4,6,0,1,0,0,1,0,0,8.34593E+20,5.88396E+21,1.39875E+16,5.30004E+16
112345,,12,0,60,20,2017,6,12,5,3,0,7,0,0,0,1,0,0,0,8.09989E+20,5.84744E+21,1.35874E+16,5.26879E+16
112346,,12,0,60,176,2017,6,6,5,2,8,1,0,1,0,0,0,0,0,8.39919E+20,5.87384E+21,1.40559E+16,5.29064E+16
112347,,12,0,72,298,2017,6,12,5,3,2,2,0,1,0,0,1,0,0,7.83261E+20,5.76179E+21,1.3121E+16,5.19346E+16
112348,,12,0,60,52,2017,6,10,5,3,5,3,1,1,0,0,0,0,0,8.25545E+20,5.86419E+21,1.38334E+16,5.28289E+16
112349,,12,0,60,5,2017,6,17,6,3,2,2,0,1,0,0,0,0,0,8.11089E+20,5.83397E+21,1.35909E+16,5.25666E+16
112350,,12,0,64,274,2017,6,13,5,2,8,1,0,1,0,0,0,0,0,8.59204E+20,5.85252E+21,1.43181E+16,5.27031E+16
112351,,12,0,64,472,2017,6,13,5,2,5,3,0,1,1,0,0,0,0,8.29822E+20,5.83393E+21,1.38663E+16,5.25553E+16
112352,,12,0,67,413,2017,6,7,5,3,4,6,0,1,0,0,1,0,0,8.40356E+20,5.80632E+21,1.3993E+16,5.23015E+16
112353,,12,0,65,225,2017,6,13,5,2,9,7,0,1,0,0,0,0,0,7.95842E+20,5.8453E+21,1.33768E+16,5.26767E+16
112354,,12,0,65,144,2017,6,19,5,3,5,2,0,1,0,0,0,0,0,7.89382E+20,5.84547E+21,1.32817E+16,5.26817E+16
112355,,12,0,65,36,2017,6,12,5,3,2,2,0,1,0,0,1,0,0,7.88945E+20,5.8468E+21,1.32764E+16,5.26938E+16
112356,,12,0,65,356,2017,6,11,5,3,5,3,0,1,0,0,0,0,0,7.90445E+20,5.87765E+21,1.3326E+16,5.29696E+16
112357,,12,0,65,256,2017,6,9,5,3,2,2,1,1,0,0,0,0,0,7.85204E+20,5.85294E+21,1.32265E+16,5.27509E+16
112358,,12,0,68,353,2017,6,9,5,3,3,6,1,0,0,0,1,0,0,7.60748E+20,5.89034E+21,1.28951E+16,5.30987E+16
112359,,12,0,72,120,2017,5,16,4,2,5,3,1,1,0,0,0,0,0,7.94274E+20,5.8118E+21,1.3324E+16,5.23772E+16
112360,,12,0,63,252,2017,6,6,2,3,0,1,0,0,0,1,0,0,0,7.23168E+20,5.83277E+21,1.22954E+16,5.2599E+16
112361,,12,0,69,604,2017,6,15,1,3,3,6,1,0,0,0,0,0,0,7.8597E+20,5.81077E+21,1.32015E+16,5.23724E+16
112362,,12,0,69,590,2017,6,6,6,2,9,1,0,1,0,0,0,1,1,7.69308E+20,5.81091E+21,1.29575E+16,5.23821E+16
112363,,12,0,67,440,2017,6,11,7,3,5,3,0,1,0,0,0,0,0,8.1865E+20,5.8243E+21,1.36929E+16,5.24756E+16
112364,,12,0,69,402,2017,6,11,7,3,2,6,0,1,0,0,0,0,0,7.61731E+20,5.78731E+21,1.28281E+16,5.2174E+16
112365,,12,0,69,696,2017,6,17,4,2,5,3,0,1,0,0,1,0,0,7.25138E+20,5.79612E+21,1.22998E+16,5.22693E+16
112366,,12,0,63,80,2017,6,0,6,3,1,6,0,1,0,0,0,2,1,7.81008E+20,5.83086E+21,1.31457E+16,5.25551E+16
112367,,12,0,67,120,2017,6,3,7,2,9,1,0,1,0,0,0,2,1,8.83433E+20,5.79809E+21,1.46125E+16,5.21995E+16
112368,,12,0,68,306,2017,6,14,1,2,4,1,0,1,0,1,0,0,1,7.49291E+20,5.87267E+21,1.27107E+16,5.29457E+16
112369,,12,0,69,648,2017,6,16,1,3,1,6,0,1,0,0,0,0,0,7.36026E+20,5.79911E+21,1.24611E+16,5.22916E+16
112370,,12,0,66,196,2017,6,17,2,2,5,3,1,1,0,0,0,0,0,8.41217E+20,5.75757E+21,1.39568E+16,5.18643E+16