OBJECTID,UIDENTSTLA,ULAND,UREGBEZ,UKREIS,UGEMEINDE,UJAHR,UMONAT,USTUNDE,UWOCHENTAG,UKATEGORIE,UART,UTYP1,IstRad,IstPKW,IstFuss,IstKrad,IstSonstig,LICHT,STRZUSTAND,LINREFX,LINREFY,XGCSWGS84,YGCSWGS84
112371,,12,0,72,240,2017,5,16,4,2,5,2,0,1,0,0,0,0,0,7.85678E+20,5.80023E+21,1.31883E+16,5.22781E+16
112372,,12,0,72,312,2017,5,16,4,3,5,3,0,1,0,0,0,0,0,7.85223E+20,5.78331E+21,1.31674E+16,5.21265E+16
112373,,12,0,60,24,2017,6,21,2,3,8,1,0,1,0,0,0,1,0,8.12997E+20,5.85322E+21,1.36373E+16,5.2738E+16
112374,,12,0,63,357,2017,5,16,4,3,3,6,0,1,0,0,0,0,0,7.71407E+20,5.8279E+21,1.3002E+16,5.25334E+16
112375,,12,0,60,198,2017,6,11,2,2,9,1,0,1,0,0,0,0,0,8.18879E+20,5.86954E+21,1.374E+16,5.28808E+16
112376,,12,0,69,590,2017,5,9,4,3,3,1,1,1,0,0,0,0,0,7.70519E+20,5.80886E+21,1.29735E+16,5.23631E+16
112377,,12,0,54,0,2017,5,17,4,3,2,6,0,1,0,0,0,0,0,7.7614E+20,5.81269E+21,1.30591E+16,5.23947E+16
112378,,12,0,64,268,2017,6,10,1,3,9,1,0,1,0,0,0,0,0,8.72258E+20,5.82303E+21,1.44773E+16,5.24304E+16
112379,,12,0,66,304,2017,5,19,4,3,7,7,0,0,0,1,0,0,0,8.48267E+20,5.71183E+21,1.40133E+16,5.14503E+16
112380,,12,0,61,20,2017,5,17,4,3,2,6,0,1,0,0,0,0,0,8.15914E+20,5.7985E+21,1.36284E+16,5.2246E+16
112381,,12,0,61,260,2017,5,8,4,3,3,2,1,1,0,0,0,0,0,8.18236E+20,5.80314E+21,1.36667E+16,5.22862E+16
112382,,12,0,62,500,2017,5,16,4,2,9,1,0,1,0,0,0,0,0,8.01829E+20,5.72425E+21,1.33577E+16,5.15883E+16
112383,,12,0,71,57,2017,5,20,4,3,7,7,0,0,0,1,0,1,0,8.60134E+20,5.74026E+21,1.42125E+16,5.16975E+16
112384,,12,0,54,0,2017,6,7,5,3,5,2,0,1,0,1,0,0,0,7.75734E+20,5.81408E+21,1.30542E+16,5.24073E+16
112385,,12,0,67,397,2017,6,11,6,3,4,6,0,0,0,0,1,0,0,8.64612E+20,5.79945E+21,1.43398E+16,5.22245E+16
112386,,12,0,60,198,2017,5,8,4,3,2,6,0,1,0,1,0,0,1,8.2011E+20,5.86727E+21,1.3756E+16,5.28597E+16
112387,,12,0,60,192,2017,5,8,4,3,5,2,0,1,0,1,0,0,0,8.1224E+20,5.85121E+21,1.36242E+16,5.27205E+16
112388,,12,0,64,380,2017,5,20,4,3,3,6,1,0,0,0,1,0,0,8.26421E+20,5.83172E+21,1.38141E+16,5.25375E+16
112389,,12,0,53,0,2017,5,11,4,3,5,2,1,1,0,0,0,0,0,8.77128E+20,5.81403E+21,1.45385E+16,5.23465E+16
112390,,12,0,53,0,2017,5,19,4,3,5,3,0,1,0,1,0,0,0,8.74932E+20,5.81631E+21,1.45089E+16,5.23684E+16
112391,,12,0,67,336,2017,5,10,4,2,5,3,1,1,0,0,0,0,0,8.69883E+20,5.80218E+21,1.44196E+16,5.22454E+16
112392,,12,0,67,124,2017,5,9,4,3,1,5,1,1,0,0,0,0,0,8.23126E+20,5.81867E+21,1.37531E+16,5.24225E+16
112393,,12,0,67,24,2017,5,18,4,3,2,6,1,1,0,0,0,0,0,8.45178E+20,5.80781E+21,1.4065E+16,5.23119E+16
112394,,12,0,65,332,2017,5,15,4,3,2,6,0,1,0,0,0,0,0,7.85022E+20,5.84403E+21,1.32161E+16,5.26711E+16
112395,,12,0,65,136,2017,5,11,4,2,5,3,1,1,0,0,0,0,0,7.84074E+20,5.8414E+21,1.31999E+16,5.2648E+16
112396,,12,0,63,273,2017,6,15,1,2,9,1,0,0,0,1,0,0,0,7.72332E+20,5.83857E+21,1.30244E+16,5.26287E+16
112397,,12,0,65,136,2017,6,18,2,3,1,2,0,1,0,1,0,0,1,7.84482E+20,5.83844E+21,1.32033E+16,5.26213E+16
112398,,12,0,69,397,2017,6,13,1,3,2,6,0,1,0,0,0,0,0,7.75128E+20,5.80223E+21,1.30357E+16,5.23014E+16
112399,,12,0,61,329,2017,6,17,6,3,2,6,0,1,0,0,0,0,0,8.4676E+20,5.77394E+21,1.40535E+16,5.20075E+16
112400,,12,0,64,428,2017,8,12,6,3,2,2,0,1,0,0,0,0,0,8.24622E+20,5.82665E+21,1.37828E+16,5.24931E+16
112401,,12,0,68,117,2017,8,15,6,3,9,6,0,1,0,0,0,0,0,7.55151E+20,5.86104E+21,1.27886E+16,5.28385E+16
112402,,12,0,65,356,2017,8,17,6,3,2,2,0,1,0,1,0,0,0,7.91019E+20,5.8785E+21,1.33352E+16,5.29769E+16
112403,,12,0,65,251,2017,8,13,6,3,4,6,0,1,0,0,0,0,0,7.80636E+20,5.84059E+21,1.31485E+16,5.26425E+16
112404,,12,0,69,590,2017,8,15,5,3,1,7,0,0,0,1,1,0,0,7.71139E+20,5.80648E+21,1.29807E+16,5.23415E+16
112405,,12,0,51,0,2017,8,13,5,3,2,6,0,1,0,0,0,0,0,7.40285E+20,5.81254E+21,1.25331E+16,5.24102E+16
112406,,12,0,62,469,2017,7,10,3,3,5,3,0,1,0,0,0,0,0,8.19954E+20,5.7368E+21,1.363E+16,5.16908E+16
112407,,12,0,63,80,2017,7,14,6,2,5,3,0,1,0,1,0,0,0,7.76595E+20,5.8329E+21,1.30825E+16,5.25757E+16
112408,,12,0,60,52,2017,7,8,7,3,2,6,0,1,0,0,0,0,0,8.18516E+20,5.86486E+21,1.37301E+16,5.28391E+16
112409,,12,0,60,269,2017,7,16,3,3,8,1,0,0,0,0,1,0,0,8.04903E+20,5.85901E+21,1.35231E+16,5.27945E+16
112410,,12,0,65,356,2017,7,17,1,3,2,2,0,1,0,0,0,0,0,7.91617E+20,5.87885E+21,1.33445E+16,5.29797E+16
112411,,12,0,61,433,2017,8,13,6,3,2,2,0,1,0,0,0,0,0,8.07501E+20,5.81521E+21,1.35209E+16,5.24005E+16
112412,,12,0,60,20,2017,7,14,3,2,8,1,0,0,0,1,0,0,0,8.03914E+20,5.84624E+21,1.34967E+16,5.26807E+16
112413,,12,0,62,289,2017,7,12,1,2,5,2,0,1,0,0,0,0,0,8.03445E+20,5.74648E+21,1.34003E+16,5.17867E+16
112414,,12,0,73,384,2017,8,8,7,2,9,1,0,1,0,0,0,0,1,7.88252E+20,5.90534E+21,1.33182E+16,5.3219E+16
112415,,12,0,64,336,2017,7,17,3,3,5,3,1,1,0,0,0,0,0,8.19349E+20,5.82804E+21,1.37067E+16,5.25087E+16
112416,,12,0,73,578,2017,8,11,1,3,2,6,0,1,0,0,0,0,0,8.33265E+20,5.90997E+21,1.39948E+16,5.32342E+16
112417,,12,0,64,512,2017,7,8,3,2,4,6,0,1,0,0,0,0,0,8.45214E+20,5.85476E+21,1.41142E+16,5.27322E+16
112418,,12,0,64,428,2017,7,14,4,2,2,6,0,1,0,0,1,0,0,8.23382E+20,5.82439E+21,1.37624E+16,5.24736E+16
112419,,12,0,62,500,2017,7,6,4,3,8,1,0,1,0,0,0,0,0,7.9826E+20,5.72497E+21,1.33069E+16,5.15966E+16
112420,,12,0,64,472,2017,8,11,4,3,5,3,0,1,0,0,0,0,1,8.31775E+20,5.83601E+21,1.38971E+16,5.25727E+16
112421,,12,0,69,696,2017,7,14,4,2,2,6,0,0,0,0,1,0,0,7.29778E+20,5.79625E+21,1.23677E+16,5.22686E+16
112422,,12,0,66,196,2017,8,14,4,3,0,3,1,0,0,0,1,0,0,8.38132E+20,5.75571E+21,1.39104E+16,5.18495E+16
112423,,12,0,61,320,2017,8,6,5,2,8,1,0,0,0,0,1,0,0,8.26373E+20,5.75453E+21,1.37392E+16,5.18459E+16
112424,,12,0,67,357,2017,7,14,3,2,5,3,0,1,0,0,0,0,0,8.76631E+20,5.78469E+21,1.44986E+16,5.20843E+16
112425,,12,0,68,280,2017,7,17,6,3,5,3,1,1,0,0,0,0,0,7.67758E+20,5.87668E+21,1.29882E+16,5.29727E+16
112426,,12,0,62,140,2017,7,16,3,3,5,2,0,1,0,1,0,0,0,8.2523E+20,5.73093E+21,1.37006E+16,5.16352E+16
112427,,12,0,61,316,2017,7,14,6,2,4,1,0,1,0,0,0,0,0,8.34568E+20,5.76251E+21,1.38654E+16,5.19126E+16
112428,,12,0,52,0,2017,7,8,3,3,2,6,0,1,0,0,0,0,0,8.66875E+20,5.74987E+21,1.43198E+16,5.17791E+16
112429,,12,0,61,433,2017,7,14,3,1,2,6,0,0,0,0,1,0,0,8.12307E+20,5.8065E+21,1.35832E+16,5.23198E+16
112430,,12,0,60,20,2017,7,17,3,3,5,3,0,1,0,0,0,0,0,8.07119E+20,5.84596E+21,1.35437E+16,5.26764E+16
112431,,12,0,67,144,2017,7,6,4,3,5,3,1,1,0,0,0,0,0,8.45029E+20,5.81233E+21,1.40674E+16,5.23524E+16
112432,,12,0,64,370,2017,7,17,3,3,5,3,0,1,0,0,0,0,0,8.42949E+20,5.84213E+21,1.40677E+16,5.26206E+16
112433,,12,0,69,448,2017,7,15,4,3,5,3,0,1,0,0,0,0,0,7.52891E+20,5.77534E+21,1.26902E+16,5.20708E+16
112434,,12,0,65,84,2017,7,16,3,3,2,6,0,1,0,0,0,0,0,7.78144E+20,5.9024E+21,1.31647E+16,5.3198E+16
112435,,12,0,61,444,2017,8,20,5,3,5,3,0,1,0,1,0,0,0,8.11496E+20,5.81067E+21,1.35752E+16,5.23576E+16
112436,,12,0,62,410,2017,8,9,5,3,5,3,0,1,0,0,1,0,0,8.07494E+20,5.70986E+21,1.34267E+16,5.14562E+16
112437,,12,0,52,0,2017,8,8,5,3,5,3,0,1,0,1,0,0,0,8.7007E+20,5.74706E+21,1.43629E+16,5.17519E+16
112438,,12,0,60,20,2017,8,9,5,3,9,6,0,1,0,0,1,0,0,8.08907E+20,5.84137E+21,1.35658E+16,5.26342E+16
112439,,12,0,64,428,2017,8,2,5,3,9,7,0,0,0,0,1,2,0,8.25641E+20,5.82315E+21,1.37943E+16,5.24612E+16
112440,,12,0,73,452,2017,7,12,5,2,5,2,0,1,0,1,0,0,0,8.23221E+20,5.91798E+21,1.3853E+16,5.33121E+16
112441,,12,0,60,52,2017,8,12,5,3,4,2,0,1,0,1,0,0,0,8.25015E+20,5.8657E+21,1.3827E+16,5.28428E+16
112442,,12,0,64,172,2017,8,14,5,3,5,3,0,1,0,0,0,0,0,8.71865E+20,5.83939E+21,1.44898E+16,5.25771E+16
112443,,12,0,72,120,2017,7,6,5,3,5,3,0,1,0,1,0,0,0,7.92202E+20,5.80868E+21,1.3291E+16,5.23504E+16
112444,,12,0,64,205,2017,8,15,5,2,9,1,0,1,0,0,0,0,0,8.26573E+20,5.85341E+21,1.38378E+16,5.27317E+16
112445,,12,0,70,325,2017,7,9,3,3,5,3,0,1,0,1,0,0,0,7.03089E+20,5.90416E+21,1.20441E+16,5.32478E+16
112446,,12,0,64,472,2017,8,7,5,3,8,3,0,1,0,0,0,0,0,8.31463E+20,5.83628E+21,1.38928E+16,5.25753E+16
112447,,12,0,70,173,2017,7,12,3,3,5,2,0,1,0,0,1,0,0,6.87141E+20,5.88999E+21,1.1797E+16,5.31264E+16
112448,,12,0,72,2,2017,7,13,2,2,9,1,0,1,0,0,0,0,1,8.00318E+20,5.79278E+21,1.33956E+16,5.22035E+16
112449,,12,0,65,144,2017,8,4,5,2,8,1,0,0,0,0,1,2,1,7.91847E+20,5.84659E+21,1.3319E+16,5.26904E+16
112450,,12,0,68,320,2017,8,19,5,3,6,4,0,1,1,0,0,0,0,7.54493E+20,5.86997E+21,1.27858E+16,5.2919E+16
112451,,12,0,68,320,2017,8,15,5,3,0,7,0,1,0,0,0,0,0,7.55493E+20,5.87352E+21,1.28035E+16,5.29504E+16
112452,,12,0,72,477,2017,8,11,4,3,5,3,0,1,0,0,0,0,0,8.03404E+20,5.79443E+21,1.34421E+16,5.22165E+16
112453,,12,0,72,477,2017,8,14,4,3,5,3,0,1,0,0,0,0,0,8.00805E+20,5.79533E+21,1.3405E+16,5.22261E+16
112454,,12,0,63,273,2017,8,11,4,2,9,7,0,1,0,0,0,0,0,7.74135E+20,5.83955E+21,1.30518E+16,5.26365E+16
112455,,12,0,63,80,2017,8,13,4,3,5,3,1,1,0,0,0,0,0,7.79614E+20,5.83139E+21,1.31256E+16,5.25606E+16
112456,,12,0,69,656,2017,8,21,4,3,3,6,1,0,0,1,0,2,0,7.66159E+20,5.80836E+21,1.29093E+16,5.23607E+16
112457,,12,0,61,320,2017,8,8,4,3,5,3,0,1,0,0,0,0,0,8.27231E+20,5.75402E+21,1.37511E+16,5.18409E+16
112458,,12,0,73,97,2017,8,12,4,1,8,1,0,1,0,0,0,0,0,8.48106E+20,5.90708E+21,1.42131E+16,5.31988E+16
112459,,12,0,73,429,2017,8,15,4,2,8,7,0,1,0,0,0,0,0,8.17119E+20,5.91439E+21,1.37581E+16,5.32836E+16
112460,,12,0,65,144,2017,7,17,3,2,2,6,0,1,0,0,1,0,0,7.85398E+20,5.84737E+21,1.32245E+16,5.27008E+16
112461,,12,0,65,332,2017,7,16,3,3,3,6,0,1,0,0,1,0,0,7.81247E+20,5.84768E+21,1.31635E+16,5.27058E+16
112462,,12,0,68,320,2017,7,0,3,3,3,7,0,1,0,0,0,2,1,7.53354E+20,5.86401E+21,1.27643E+16,5.28661E+16
112463,,12,0,65,84,2017,7,10,7,3,8,1,0,0,0,1,0,0,0,7.76256E+20,5.90242E+21,1.31365E+16,5.31992E+16
112464,,12,0,66,52,2017,7,14,7,3,5,2,0,1,0,0,0,0,0,8.41238E+20,5.74472E+21,1.39445E+16,5.17492E+16
112465,,12,0,64,44,2017,8,10,6,3,4,6,0,1,0,0,0,0,1,8.44335E+20,5.86315E+21,1.41101E+16,5.28079E+16
112466,,12,0,72,477,2017,7,9,2,3,5,3,0,1,0,0,0,0,0,8.0327E+20,5.7946E+21,1.34403E+16,5.22181E+16
112467,,12,0,67,473,2017,8,11,7,2,8,1,0,1,0,0,0,0,1,8.43295E+20,5.82232E+21,1.40523E+16,5.2443E+16
112468,,12,0,63,88,2017,7,14,2,2,9,1,0,1,0,0,0,0,0,7.43478E+20,5.84486E+21,1.26036E+16,5.26988E+16
112469,,12,0,66,196,2017,7,16,3,3,5,3,1,1,0,0,0,0,0,8.41491E+20,5.75741E+21,1.39607E+16,5.18627E+16
112470,,12,0,70,125,2017,7,6,4,2,8,1,0,0,0,0,1,0,0,6.98402E+20,5.88817E+21,1.1964E+16,5.3106E+16
112471,,12,0,60,198,2017,8,7,3,2,9,1,0,0,0,0,1,0,0,8.07162E+20,5.87864E+21,1.3575E+16,5.29691E+16
112472,,12,0,60,20,2017,7,11,4,3,5,3,1,1,0,0,0,0,0,8.09282E+20,5.84593E+21,1.35756E+16,5.26748E+16
112473,,12,0,54,0,2017,8,13,3,3,5,2,1,1,0,0,0,0,0,7.76579E+20,5.81207E+21,1.3065E+16,5.23889E+16
112474,,12,0,63,252,2017,7,7,2,3,2,2,0,1,0,0,0,0,0,7.26005E+20,5.83313E+21,1.23375E+16,5.26011E+16
112475,,12,0,63,252,2017,7,7,4,3,5,3,1,1,0,0,0,0,0,7.26331E+20,5.83526E+21,1.23437E+16,5.26201E+16
112476,,12,0,73,452,2017,8,13,4,3,8,6,0,1,0,0,0,0,0,8.18874E+20,5.92183E+21,1.37918E+16,5.33493E+16
112477,,12,0,60,154,2017,8,15,4,3,2,6,0,1,0,0,0,0,0,8.10477E+20,5.86588E+21,1.36121E+16,5.28529E+16
112478,,12,0,63,357,2017,7,13,2,2,8,1,0,0,0,0,1,0,1,7.6658E+20,5.83025E+21,1.29329E+16,5.25569E+16
112479,,12,0,73,572,2017,7,16,5,1,5,3,0,1,0,0,1,0,0,7.97002E+20,5.88914E+21,1.34339E+16,5.3069E+16
112480,,12,0,60,161,2017,8,15,4,3,2,2,0,1,0,0,0,0,0,8.17326E+20,5.85773E+21,1.37055E+16,5.2776E+16
112481,,12,0,63,208,2017,7,15,2,3,1,6,0,1,0,0,1,0,1,7.62422E+20,5.83182E+21,1.2873E+16,5.2573E+16
112482,,12,0,69,306,2017,7,13,2,3,8,7,0,1,0,0,0,0,0,7.40554E+20,5.80554E+21,1.2532E+16,5.23473E+16
112483,,12,0,60,269,2017,8,11,4,3,5,3,0,1,0,0,1,0,0,8.04438E+20,5.86472E+21,1.35216E+16,5.2846E+16
112484,,12,0,60,269,2017,8,17,4,2,4,2,1,0,0,0,1,0,0,8.02282E+20,5.85283E+21,1.34787E+16,5.27406E+16
112485,,12,0,69,604,2017,7,9,2,3,4,6,0,1,0,0,0,0,0,7.84874E+20,5.81392E+21,1.31881E+16,5.24012E+16
112486,,12,0,64,227,2017,8,21,4,3,2,6,0,1,0,0,0,1,0,8.15372E+20,5.8267E+21,1.3647E+16,5.2499E+16
112487,,12,0,63,273,2017,7,14,3,2,5,3,0,1,0,1,0,0,0,7.80674E+20,5.83573E+21,1.31449E+16,5.25989E+16
112488,,12,0,69,604,2017,7,8,2,3,1,6,0,1,0,0,0,0,0,7.82504E+20,5.81035E+21,1.31504E+16,5.23704E+16
112489,,12,0,64,227,2017,8,9,4,3,2,6,0,1,0,0,0,0,0,8.13046E+20,5.83162E+21,1.36175E+16,5.25445E+16
112490,,12,0,72,340,2017,7,7,2,3,5,3,0,1,0,0,0,0,0,8.04488E+20,5.80058E+21,1.34635E+16,5.22711E+16
112491,,12,0,67,336,2017,8,13,4,3,2,7,0,1,0,0,0,0,0,8.69912E+20,5.80295E+21,1.44209E+16,5.22522E+16
112492,,12,0,67,120,2017,8,12,4,2,2,2,0,1,0,0,0,0,0,8.88014E+20,5.7939E+21,1.46744E+16,5.21588E+16
112493,,12,0,62,224,2017,7,14,6,3,2,6,0,1,0,0,0,0,0,7.89671E+20,5.73041E+21,1.31878E+16,5.16499E+16
112494,,12,0,60,100,2017,7,14,4,3,9,1,0,1,0,0,0,0,0,8.13085E+20,5.87257E+21,1.36571E+16,5.29114E+16
112495,,12,0,72,232,2017,7,10,4,2,5,3,1,1,0,0,0,0,0,7.85552E+20,5.77964E+21,1.31691E+16,5.20934E+16
112496,,12,0,65,225,2017,8,20,4,3,9,1,0,1,0,0,0,0,0,7.94884E+20,5.85016E+21,1.3367E+16,5.27208E+16
112497,,12,0,61,216,2017,7,11,5,2,8,7,0,1,0,0,0,0,0,8.20113E+20,5.78377E+21,1.36759E+16,5.21116E+16
112498,,12,0,69,17,2017,8,9,3,2,2,6,0,0,0,0,1,0,0,7.66737E+20,5.79835E+21,1.29098E+16,5.22707E+16
112499,,12,0,63,80,2017,7,14,2,1,3,6,0,1,0,1,0,0,1,7.80227E+20,5.83117E+21,1.31345E+16,5.25583E+16
112500,,12,0,73,189,2017,7,14,6,2,8,1,0,1,0,0,0,0,0,8.57554E+20,5.90768E+21,1.43546E+16,5.31979E+16
112501,,12,0,72,477,2017,8,14,3,3,2,2,0,1,0,1,0,0,0,8.06533E+20,5.79544E+21,1.34887E+16,5.22238E+16
112502,,12,0,71,372,2017,7,11,3,2,8,1,0,1,0,0,0,0,0,8.7909E+20,5.73155E+21,1.44761E+16,5.1607E+16
112503,,12,0,69,304,2017,7,15,6,3,2,2,0,1,0,0,0,0,0,7.84896E+20,5.81398E+21,1.31885E+16,5.24017E+16
112504,,12,0,72,17,2017,7,15,2,3,2,2,0,1,0,0,1,0,0,8.00332E+20,5.80687E+21,1.34083E+16,5.23297E+16
112505,,12,0,63,244,2017,8,11,3,3,5,3,1,1,0,0,0,0,0,7.25864E+20,5.82545E+21,1.23302E+16,5.25322E+16
112506,,12,0,54,0,2017,8,6,3,3,2,6,0,1,0,0,1,0,0,7.72813E+20,5.81044E+21,1.30084E+16,5.23761E+16
112507,,12,0,72,120,2017,7,18,3,3,4,6,1,0,0,0,0,0,0,7.92013E+20,5.80879E+21,1.32883E+16,5.23515E+16
112508,,12,0,72,426,2017,7,13,2,3,1,6,0,1,0,0,0,0,0,7.89084E+20,5.79656E+21,1.32349E+16,5.22434E+16
112509,,12,0,69,17,2017,8,6,3,3,5,3,0,1,0,0,1,0,0,7.66612E+20,5.79225E+21,1.29032E+16,5.22161E+16
112510,,12,0,61,433,2017,8,12,3,3,5,3,0,1,0,0,0,0,0,8.10385E+20,5.81174E+21,1.35599E+16,5.23678E+16
112511,,12,0,66,226,2017,7,5,4,3,7,7,0,1,0,0,0,0,0,8.55554E+20,5.73002E+21,1.41361E+16,5.16087E+16
112512,,12,0,72,120,2017,7,5,2,3,5,3,1,0,0,0,1,0,0,7.93279E+20,5.80908E+21,1.33071E+16,5.23534E+16
112513,,12,0,66,320,2017,8,8,3,3,2,6,0,1,0,0,1,0,0,8.46355E+20,5.75227E+21,1.40259E+16,5.18137E+16
112514,,12,0,61,260,2017,8,13,3,3,5,3,1,1,0,0,0,0,0,8.13214E+20,5.8038E+21,1.35939E+16,5.22951E+16
112515,,12,0,65,356,2017,7,17,5,3,5,3,1,1,0,0,0,0,0,7.91559E+20,5.87878E+21,1.33435E+16,5.29791E+16
112516,,12,0,67,469,2017,8,7,3,3,7,7,0,0,0,1,1,0,0,8.24049E+20,5.81138E+21,1.37596E+16,5.23567E+16
112517,,12,0,60,20,2017,8,7,3,3,5,2,0,1,0,0,0,0,0,8.09781E+20,5.84664E+21,1.35836E+16,5.26809E+16
112518,,12,0,54,0,2017,7,11,2,3,5,3,0,0,0,0,1,0,1,7.81615E+20,5.80852E+21,1.31358E+16,5.23545E+16
112519,,12,0,69,306,2017,7,20,2,3,8,1,0,0,0,1,0,0,1,7.53142E+20,5.80475E+21,1.27158E+16,5.23345E+16
112520,,12,0,64,29,2017,8,14,3,3,9,6,0,1,0,0,1,0,0,8.20587E+20,5.83259E+21,1.37293E+16,5.25488E+16
112521,,12,0,64,227,2017,8,10,3,3,5,3,1,1,0,0,0,0,0,8.14111E+20,5.83068E+21,1.36323E+16,5.25355E+16
112522,,12,0,67,469,2017,8,17,3,1,9,1,0,0,0,0,1,0,0,8.39328E+20,5.8108E+21,1.39825E+16,5.23422E+16
112523,,12,0,67,426,2017,8,11,3,3,2,6,0,1,0,0,1,0,0,8.50575E+20,5.80594E+21,1.41419E+16,5.22916E+16
112524,,12,0,67,473,2017,8,12,3,3,6,4,0,1,1,0,0,0,0,8.53458E+20,5.8165E+21,1.41951E+16,5.23844E+16
112525,,12,0,68,264,2017,8,10,3,2,2,6,0,1,0,0,0,0,0,7.2343E+20,5.87357E+21,1.23271E+16,5.29651E+16
112526,,12,0,51,0,2017,8,13,2,2,2,6,0,1,0,0,1,0,0,7.42749E+20,5.80607E+21,1.25645E+16,5.23511E+16
112527,,12,0,63,357,2017,8,11,2,3,2,6,0,1,0,0,1,0,0,7.68702E+20,5.82512E+21,1.296E+16,5.25099E+16
112528,,12,0,63,357,2017,8,11,2,3,2,6,0,1,0,0,0,0,0,7.68702E+20,5.82512E+21,1.296E+16,5.25099E+16
112529,,12,0,72,477,2017,8,14,2,3,2,2,0,1,0,0,0,0,0,8.0359E+20,5.79643E+21,1.34466E+16,5.22344E+16
112530,,12,0,72,120,2017,8,13,2,2,9,2,0,1,0,0,0,0,0,7.95292E+20,5.81338E+21,1.33403E+16,5.23909E+16
112531,,12,0,54,0,2017,8,14,2,2,5,3,1,0,0,1,0,0,0,7.79982E+20,5.80907E+21,1.31123E+16,5.23602E+16
112532,,12,0,63,56,2017,7,12,2,2,9,7,0,0,0,0,1,0,0,7.76815E+20,5.82821E+21,1.30818E+16,5.25335E+16
112533,,12,0,63,56,2017,7,9,2,3,5,3,0,1,0,1,0,0,0,7.78791E+20,5.82771E+21,1.31105E+16,5.2528E+16
112534,,12,0,69,656,2017,7,19,2,3,5,3,1,1,0,0,0,0,0,7.65534E+20,5.81384E+21,1.29045E+16,5.24103E+16
112535,,12,0,69,656,2017,7,17,6,2,3,6,0,1,0,0,1,0,0,7.61488E+20,5.80413E+21,1.28376E+16,5.23251E+16
112536,,12,0,69,596,2017,7,14,2,2,9,7,0,1,0,0,0,0,0,7.73336E+20,5.79957E+21,1.30073E+16,5.22784E+16
112537,,12,0,68,181,2017,7,20,3,2,8,3,0,1,0,0,0,1,0,7.27549E+20,5.89422E+21,1.24029E+16,5.31487E+16
112538,,12,0,52,0,2017,7,16,3,3,5,2,1,1,0,0,0,0,0,8.68087E+20,5.74585E+21,1.4333E+16,5.17423E+16
112539,,12,0,53,0,2017,8,5,2,3,5,3,0,1,0,0,0,0,0,8.76983E+20,5.81256E+21,1.45347E+16,5.23335E+16
112540,,12,0,54,0,2017,7,15,3,3,2,6,0,1,0,0,0,0,0,7.7408E+20,5.81188E+21,1.30282E+16,5.23884E+16
112541,,12,0,69,656,2017,8,8,2,3,5,3,0,1,0,0,1,0,0,7.68284E+20,5.80885E+21,1.29408E+16,5.23642E+16
112542,,12,0,61,17,2017,7,15,2,2,2,6,0,0,0,0,1,0,0,8.27595E+20,5.76421E+21,1.3766E+16,5.1932E+16
112543,,12,0,64,44,2017,7,10,4,3,5,2,1,1,0,0,0,0,0,8.39314E+20,5.86075E+21,1.40334E+16,5.27896E+16
112544,,12,0,61,164,2017,8,20,3,2,5,3,0,1,0,0,0,1,0,8.2173E+20,5.76794E+21,1.36845E+16,5.19688E+16
112545,,12,0,61,320,2017,7,11,2,2,5,3,0,1,0,0,0,0,0,8.22722E+20,5.75512E+21,1.36869E+16,5.18534E+16
112546,,12,0,51,0,2017,7,6,4,3,5,2,1,1,0,0,0,0,0,7.35928E+20,5.81322E+21,1.24696E+16,5.24182E+16
112547,,12,0,64,428,2017,8,19,4,3,2,2,0,1,0,1,0,0,0,8.2461E+20,5.82665E+21,1.37826E+16,5.24932E+16
112548,,12,0,73,69,2017,7,11,2,3,5,3,0,1,0,0,0,0,0,8.09201E+20,5.90798E+21,1.36335E+16,5.32309E+16
112549,,12,0,66,272,2017,8,13,4,2,9,7,0,0,0,0,1,0,0,8.34664E+20,5.70801E+21,1.38147E+16,5.14243E+16
112550,,12,0,54,0,2017,8,8,2,3,9,1,0,1,0,0,0,0,0,7.74236E+20,5.81623E+21,1.3034E+16,5.24273E+16
112551,,12,0,60,5,2017,7,9,2,3,2,6,0,1,0,0,0,0,0,8.11555E+20,5.83731E+21,1.36009E+16,5.25963E+16
112552,,12,0,69,345,2017,7,17,6,3,2,6,0,1,0,0,0,0,0,7.62532E+20,5.78804E+21,1.28403E+16,5.21803E+16
112553,,12,0,67,469,2017,7,15,7,3,9,1,0,0,0,0,1,0,1,8.23674E+20,5.80847E+21,1.37513E+16,5.23308E+16
112554,,12,0,60,269,2017,7,3,2,3,8,1,0,0,0,1,0,2,0,8.0042E+20,5.84584E+21,1.34448E+16,5.2679E+16
112555,,12,0,67,144,2017,7,12,1,3,2,6,0,1,0,0,0,0,0,8.461E+20,5.81563E+21,1.40865E+16,5.23813E+16
112556,,12,0,72,14,2017,8,8,6,2,5,6,0,1,0,0,1,0,0,8.05275E+20,5.77176E+21,1.34491E+16,5.20123E+16
112557,,12,0,60,20,2017,7,11,2,3,5,3,1,1,0,0,0,0,0,8.09012E+20,5.84587E+21,1.35715E+16,5.26745E+16
112558,,12,0,52,0,2017,8,10,7,3,5,3,0,1,0,1,0,0,0,8.67517E+20,5.7452E+21,1.43241E+16,5.17369E+16