OBJECTID,UIDENTSTLA,ULAND,UREGBEZ,UKREIS,UGEMEINDE,UJAHR,UMONAT,USTUNDE,UWOCHENTAG,UKATEGORIE,UART,UTYP1,IstRad,IstPKW,IstFuss,IstKrad,IstSonstig,LICHT,STRZUSTAND,LINREFX,LINREFY,XGCSWGS84,YGCSWGS84
112747,,12,0,66,52,2017,8,17,6,2,9,7,0,1,0,0,0,0,1,8.3379E+20,5.74101E+21,1.38335E+16,5.17205E+16
112748,,12,0,69,17,2017,7,15,7,3,5,2,0,1,0,0,0,0,0,7.7128E+20,5.79476E+21,1.29734E+16,5.22363E+16
112749,,12,0,60,198,2017,7,14,3,3,0,2,0,1,0,0,0,0,0,8.16503E+20,5.87255E+21,1.37077E+16,5.29092E+16
112750,,12,0,69,17,2017,7,15,3,2,2,6,0,1,0,0,1,0,0,7.71779E+20,5.79468E+21,1.29806E+16,5.22353E+16
112751,,12,0,69,397,2017,8,21,2,2,5,3,0,1,0,0,0,2,0,7.74929E+20,5.80448E+21,1.30346E+16,5.23216E+16
112752,,12,0,69,17,2017,7,11,7,3,1,6,0,1,0,0,0,0,0,7.7209E+20,5.79659E+21,1.29867E+16,5.22523E+16
112753,,12,0,53,0,2017,7,16,4,3,5,2,0,1,0,0,0,0,0,8.76208E+20,5.81588E+21,1.45271E+16,5.23637E+16
112754,,12,0,62,140,2017,8,20,3,3,5,3,0,1,0,0,0,1,0,8.26655E+20,5.73104E+21,1.37212E+16,5.16353E+16
112755,,12,0,69,19,2017,7,22,7,2,8,1,0,0,0,1,0,2,0,7.46934E+20,5.82386E+21,1.2639E+16,5.25088E+16
112756,,12,0,62,24,2017,7,11,4,3,1,5,0,1,0,0,0,0,0,8.04917E+20,5.71633E+21,1.33953E+16,5.15156E+16
112757,,12,0,65,225,2017,8,16,4,3,9,6,1,0,0,0,1,0,0,7.96411E+20,5.84407E+21,1.33841E+16,5.26653E+16
112758,,12,0,71,76,2017,7,9,7,3,8,1,0,1,0,0,0,0,0,8.85881E+20,5.74383E+21,1.45873E+16,5.17123E+16
112759,,12,0,72,240,2017,7,18,4,2,8,1,0,0,0,1,0,0,0,7.85932E+20,5.79962E+21,1.31915E+16,5.22725E+16
112760,,12,0,66,304,2017,8,5,4,3,2,6,0,1,0,1,0,0,1,8.45999E+20,5.71316E+21,1.39821E+16,5.14636E+16
112761,,12,0,52,0,2017,8,15,4,3,2,6,0,1,0,0,0,0,0,8.67492E+20,5.7491E+21,1.43278E+16,5.17718E+16
112762,,12,0,66,320,2017,7,14,7,2,3,6,0,1,0,0,1,0,0,8.46511E+20,5.75199E+21,1.40279E+16,5.18111E+16
112763,,12,0,60,5,2017,8,13,4,2,4,6,0,1,0,0,0,0,0,8.10307E+20,5.83501E+21,1.35804E+16,5.25764E+16
112764,,12,0,66,296,2017,7,15,7,3,5,3,0,1,0,0,0,0,0,8.39612E+20,5.71349E+21,1.38908E+16,5.14704E+16
112765,,12,0,51,0,2017,7,12,1,2,5,3,1,1,0,0,0,0,0,7.41586E+20,5.81482E+21,1.25538E+16,5.24301E+16
112766,,12,0,64,227,2017,8,13,4,2,5,3,0,0,0,1,1,0,0,8.15777E+20,5.83122E+21,1.36573E+16,5.25393E+16
112767,,12,0,61,260,2017,7,17,3,3,2,6,0,1,0,0,1,0,0,8.18326E+20,5.80628E+21,1.3671E+16,5.23143E+16
112768,,12,0,61,320,2017,7,12,1,3,3,6,1,1,0,0,0,0,0,8.32632E+20,5.74436E+21,1.38199E+16,5.17512E+16
112769,,12,0,64,227,2017,8,19,4,3,5,3,1,1,0,0,0,0,0,8.14515E+20,5.83135E+21,1.36388E+16,5.25412E+16
112770,,12,0,67,201,2017,8,15,4,3,5,3,0,1,0,0,1,0,0,8.28012E+20,5.81837E+21,1.38244E+16,5.24169E+16
112771,,12,0,65,136,2017,8,14,4,3,8,7,0,0,0,1,0,0,0,7.84422E+20,5.84165E+21,1.32052E+16,5.26501E+16
112772,,12,0,68,353,2017,8,10,4,3,3,6,1,0,0,0,1,0,0,7.52797E+20,5.8944E+21,1.27798E+16,5.3139E+16
112773,,12,0,64,136,2017,7,17,6,3,2,6,0,1,0,0,1,0,0,8.22263E+20,5.82924E+21,1.37507E+16,5.25178E+16
112774,,12,0,69,76,2017,8,17,3,3,1,6,0,1,0,0,0,0,0,7.61462E+20,5.78718E+21,1.28241E+16,5.21731E+16
112775,,12,0,54,0,2017,7,15,6,3,2,6,0,1,0,0,1,0,0,7.75862E+20,5.81274E+21,1.3055E+16,5.23953E+16
112776,,12,0,54,0,2017,8,18,3,2,3,6,1,1,0,0,0,0,0,7.76942E+20,5.82028E+21,1.30771E+16,5.24623E+16
112777,,12,0,51,0,2017,8,15,3,3,5,2,1,0,0,0,1,0,0,7.41839E+20,5.814E+21,1.25569E+16,5.24226E+16
112778,,12,0,71,372,2017,8,13,3,3,8,1,0,1,0,0,0,0,0,8.76807E+20,5.72721E+21,1.44387E+16,5.15697E+16
112779,,12,0,67,469,2017,8,18,3,2,2,6,0,1,0,0,1,0,0,8.24129E+20,5.80767E+21,1.37572E+16,5.23234E+16
112780,,12,0,66,296,2017,7,9,7,3,4,3,0,1,0,0,0,0,0,8.39505E+20,5.71598E+21,1.38917E+16,5.14928E+16
112781,,12,0,60,269,2017,8,13,3,2,5,3,0,1,0,1,0,0,0,8.01946E+20,5.85912E+21,1.34795E+16,5.27972E+16
112782,,12,0,60,20,2017,8,15,3,3,2,6,0,1,0,0,0,0,0,8.1041E+20,5.84658E+21,1.35928E+16,5.268E+16
112783,,12,0,65,136,2017,8,10,3,3,5,3,0,1,0,0,0,0,0,7.84501E+20,5.8358E+21,1.32013E+16,5.25976E+16
112784,,12,0,72,240,2017,7,12,2,3,3,6,0,1,0,0,1,0,0,7.93082E+20,5.80394E+21,1.32997E+16,5.23074E+16
112785,,12,0,61,20,2017,7,18,1,3,6,4,0,1,1,0,0,0,1,8.18731E+20,5.79716E+21,1.36683E+16,5.22324E+16
112786,,12,0,62,445,2017,7,15,1,3,7,7,0,0,0,1,0,0,0,8.02466E+20,5.73917E+21,1.33798E+16,5.17217E+16
112787,,12,0,60,280,2017,7,11,7,2,2,6,0,1,0,0,0,0,0,8.20604E+20,5.84176E+21,1.37384E+16,5.26309E+16
112788,,12,0,65,256,2017,7,11,1,3,2,6,1,0,0,0,0,0,0,7.89424E+20,5.85469E+21,1.32904E+16,5.27644E+16
112789,,12,0,62,24,2017,7,16,1,2,5,3,0,1,0,1,0,0,0,8.05981E+20,5.7175E+21,1.34116E+16,5.15256E+16
112790,,12,0,60,5,2017,8,11,7,3,2,6,0,1,0,0,0,0,1,8.12637E+20,5.83847E+21,1.36179E+16,5.2606E+16
112791,,12,0,66,196,2017,7,10,7,3,1,6,1,1,0,0,0,0,0,8.40773E+20,5.75609E+21,1.3949E+16,5.18513E+16
112792,,12,0,60,36,2017,7,15,2,2,5,3,1,1,0,0,0,0,0,8.24479E+20,5.86893E+21,1.38223E+16,5.2872E+16
112793,,12,0,60,52,2017,8,13,1,2,4,6,0,1,0,1,0,0,0,8.28472E+20,5.86343E+21,1.38759E+16,5.28203E+16
112794,,12,0,61,476,2017,7,23,7,3,8,1,0,1,0,0,0,2,0,8.53769E+20,5.76301E+21,1.4144E+16,5.19053E+16
112795,,12,0,65,251,2017,7,4,3,3,5,2,0,1,0,0,0,1,0,7.77237E+20,5.84777E+21,1.31044E+16,5.27087E+16
112796,,12,0,68,117,2017,8,18,2,3,8,1,0,0,0,0,1,0,0,7.49804E+20,5.86109E+21,1.27094E+16,5.28415E+16
112797,,12,0,72,120,2017,7,19,2,2,2,6,0,1,0,0,1,0,0,7.90714E+20,5.80813E+21,1.32687E+16,5.23462E+16
112798,,12,0,62,128,2017,7,20,1,2,8,1,0,0,0,1,0,0,1,7.9495E+20,5.72104E+21,1.3256E+16,5.15631E+16
112799,,12,0,73,85,2017,7,17,1,2,4,6,0,1,0,0,0,0,0,8.39976E+20,5.92932E+21,1.41157E+16,5.34032E+16
112800,,12,0,64,61,2017,7,16,1,3,4,2,0,1,0,1,0,0,0,8.4747E+20,5.8501E+21,1.41426E+16,5.26891E+16
112801,,12,0,67,201,2017,7,17,1,3,8,6,0,1,0,0,0,0,0,8.33085E+20,5.82311E+21,1.39034E+16,5.24564E+16
112802,,12,0,60,198,2017,7,13,2,3,5,2,1,1,0,0,0,0,0,8.16193E+20,5.86506E+21,1.36959E+16,5.28423E+16
112803,,12,0,67,440,2017,7,2,3,3,8,1,0,1,0,0,0,2,0,8.17762E+20,5.82351E+21,1.36791E+16,5.24691E+16
112804,,12,0,68,188,2017,8,12,2,2,0,7,1,0,0,0,0,0,0,7.67321E+20,5.86914E+21,1.29755E+16,5.29053E+16
112805,,12,0,60,176,2017,7,18,7,2,8,1,0,0,0,1,0,0,0,8.36701E+20,5.86867E+21,1.40029E+16,5.28622E+16
112806,,12,0,61,476,2017,7,9,3,2,7,1,1,0,0,0,0,0,0,8.52044E+20,5.76364E+21,1.41197E+16,5.1912E+16
112807,,12,0,73,572,2017,8,13,2,2,9,1,0,1,0,0,0,0,0,7.97268E+20,5.88982E+21,1.34385E+16,5.30749E+16
112808,,12,0,64,472,2017,7,2,7,1,9,1,0,1,0,0,0,2,1,8.29846E+20,5.8327E+21,1.38654E+16,5.25442E+16
112809,,12,0,69,656,2017,7,10,3,3,2,6,0,1,0,0,0,0,0,7.59898E+20,5.81048E+21,1.28192E+16,5.23828E+16
112810,,12,0,65,332,2017,8,19,3,3,4,7,1,0,0,0,0,0,0,7.84241E+20,5.84289E+21,1.32036E+16,5.26613E+16
112811,,12,0,53,0,2017,7,16,7,3,5,3,0,1,0,0,0,0,0,8.7713E+20,5.81401E+21,1.45385E+16,5.23463E+16
112812,,12,0,60,20,2017,7,15,4,2,5,3,0,1,0,0,0,0,0,8.07882E+20,5.84638E+21,1.35553E+16,5.26797E+16
112813,,12,0,54,0,2017,8,20,3,3,5,3,1,1,0,0,0,1,0,7.7473E+20,5.81256E+21,1.30383E+16,5.23942E+16
112814,,12,0,65,332,2017,7,12,7,3,5,3,0,1,0,0,0,0,0,7.85804E+20,5.84453E+21,1.32281E+16,5.26752E+16
112815,,12,0,73,452,2017,8,14,4,2,6,7,0,0,1,0,1,0,0,8.23215E+20,5.91798E+21,1.38529E+16,5.33121E+16
112816,,12,0,68,117,2017,7,12,7,2,8,1,0,0,0,1,0,0,0,7.64317E+20,5.85122E+21,1.29164E+16,5.27461E+16
112817,,12,0,72,14,2017,7,12,6,2,8,1,0,1,0,0,0,0,1,8.06434E+20,5.77784E+21,1.34714E+16,5.20662E+16
112818,,12,0,72,426,2017,7,13,7,3,8,1,0,1,0,0,0,0,1,7.86862E+20,5.79823E+21,1.32039E+16,5.22595E+16
112819,,12,0,54,0,2017,7,14,2,3,5,3,1,0,0,0,0,0,0,7.76835E+20,5.81361E+21,1.307E+16,5.24026E+16
112820,,12,0,72,17,2017,7,22,6,2,5,3,0,1,0,1,0,2,0,7.99345E+20,5.80701E+21,1.3394E+16,5.23316E+16
112821,,12,0,51,0,2017,7,12,2,3,2,6,0,1,0,0,0,0,0,7.4094E+20,5.81092E+21,1.25415E+16,5.23954E+16
112822,,12,0,66,320,2017,7,11,2,2,5,3,0,1,0,1,0,0,0,8.50309E+20,5.7498E+21,1.40805E+16,5.17891E+16
112823,,12,0,60,52,2017,7,19,5,3,0,1,1,0,0,0,0,0,0,8.20842E+20,5.86511E+21,1.37647E+16,5.284E+16
112824,,12,0,62,134,2017,7,12,2,3,5,3,1,1,0,0,0,0,0,8.0872E+20,5.73687E+21,1.3468E+16,5.16977E+16
112825,,12,0,63,252,2017,7,14,5,2,5,3,0,1,0,1,0,0,0,7.27954E+20,5.83346E+21,1.23664E+16,5.26033E+16
112826,,12,0,71,57,2017,7,17,2,3,3,6,1,1,0,0,0,0,0,8.59348E+20,5.73783E+21,1.41987E+16,5.16762E+16
112827,,12,0,52,0,2017,7,8,2,3,5,3,1,1,0,0,0,0,1,8.69303E+20,5.74709E+21,1.43518E+16,5.17526E+16
112828,,12,0,62,24,2017,7,7,6,3,2,6,0,1,0,0,0,0,0,8.04309E+20,5.70883E+21,1.33801E+16,5.14487E+16
112829,,12,0,52,0,2017,7,21,2,3,0,1,1,0,0,0,0,2,0,8.67561E+20,5.74844E+21,1.43282E+16,5.17659E+16
112830,,12,0,60,280,2017,7,19,2,2,5,3,1,1,0,0,0,0,0,8.20467E+20,5.84162E+21,1.37362E+16,5.26297E+16
112831,,12,0,72,312,2017,7,11,6,2,0,1,0,0,0,1,0,0,1,7.82425E+20,5.78408E+21,1.31272E+16,5.21349E+16
112832,,12,0,60,269,2017,7,9,2,3,5,3,0,1,0,0,0,0,0,7.98755E+20,5.85378E+21,1.34275E+16,5.27511E+16
112833,,12,0,64,227,2017,7,14,2,3,2,6,0,1,0,0,1,0,0,8.14233E+20,5.83091E+21,1.36343E+16,5.25375E+16
112834,,12,0,63,208,2017,7,11,6,2,2,6,0,1,0,0,0,0,0,7.6352E+20,5.83397E+21,1.28909E+16,5.25917E+16
112835,,12,0,53,0,2017,7,12,2,3,2,6,0,1,0,0,1,0,0,8.73239E+20,5.80848E+21,1.44755E+16,5.22995E+16
112836,,12,0,67,397,2017,7,16,2,2,2,6,0,1,0,0,1,0,0,8.62126E+20,5.79626E+21,1.43001E+16,5.21975E+16
112837,,12,0,68,468,2017,7,13,2,3,9,1,0,1,0,0,0,0,1,7.33679E+20,5.89565E+21,1.24955E+16,5.31588E+16
112838,,12,0,68,324,2017,7,11,2,3,5,3,1,1,0,0,0,0,0,7.31898E+20,5.86175E+21,1.24445E+16,5.28555E+16
112839,,12,0,68,320,2017,7,13,2,2,5,3,1,1,0,0,0,0,0,7.55472E+20,5.86676E+21,1.27978E+16,5.28897E+16
112840,,12,0,72,240,2017,7,5,1,3,9,1,0,1,0,0,0,0,0,7.89752E+20,5.80299E+21,1.32502E+16,5.23007E+16
112841,,12,0,63,56,2017,7,11,1,2,4,2,0,1,0,1,0,0,0,7.75818E+20,5.81989E+21,1.30603E+16,5.24594E+16
112842,,12,0,69,76,2017,7,12,1,3,2,6,0,1,0,0,0,0,0,7.5817E+20,5.78997E+21,1.27781E+16,5.21996E+16
112843,,12,0,69,345,2017,7,11,1,3,8,1,0,0,0,1,0,0,0,7.63539E+20,5.78668E+21,1.2854E+16,5.21676E+16
112844,,12,0,69,460,2017,7,17,1,3,7,7,0,0,0,1,0,0,0,7.50857E+20,5.82458E+21,1.26972E+16,5.25135E+16
112845,,12,0,69,460,2017,7,2,1,1,9,1,0,1,0,0,0,2,0,7.52375E+20,5.82456E+21,1.27195E+16,5.25126E+16
112846,,12,0,66,228,2017,7,6,1,2,9,1,0,1,0,0,0,0,0,8.56397E+20,5.7302E+21,1.41484E+16,5.16097E+16
112847,,12,0,61,320,2017,7,0,1,2,9,7,0,1,0,0,0,2,0,8.29356E+20,5.75518E+21,1.37829E+16,5.18501E+16
112848,,12,0,62,224,2017,7,16,1,2,8,1,0,1,0,0,0,0,0,7.9122E+20,5.73427E+21,1.32133E+16,5.16837E+16
112849,,12,0,73,578,2017,7,18,1,2,9,1,0,1,0,0,0,0,1,8.33191E+20,5.91344E+21,1.39973E+16,5.32653E+16
112850,,12,0,53,0,2017,7,17,1,2,2,6,0,1,0,1,0,0,0,8.79771E+20,5.81073E+21,1.45734E+16,5.23152E+16
112851,,12,0,63,274,2017,7,16,7,1,9,1,0,1,0,0,0,0,1,7.26983E+20,5.84223E+21,1.23582E+16,5.26824E+16
112852,,12,0,54,0,2017,7,13,7,3,2,6,0,1,0,0,0,0,1,7.75259E+20,5.81756E+21,1.30501E+16,5.24387E+16
112853,,12,0,60,269,2017,7,17,1,3,5,3,0,1,0,0,0,0,0,8.07691E+20,5.85689E+21,1.35624E+16,5.27739E+16
112854,,12,0,53,0,2017,7,7,2,3,2,6,0,1,0,0,0,0,0,8.7725E+20,5.81309E+21,1.45392E+16,5.2338E+16
112855,,12,0,70,316,2017,8,14,1,2,3,2,0,0,0,1,1,0,0,7.14349E+20,5.89971E+21,1.22096E+16,5.32034E+16
112856,,12,0,69,590,2017,7,15,6,3,1,6,0,1,0,1,0,0,0,7.70957E+20,5.80888E+21,1.298E+16,5.23631E+16
112857,,12,0,54,0,2017,7,12,2,3,9,1,1,0,0,0,0,0,0,7.74116E+20,5.81192E+21,1.30288E+16,5.23888E+16
112858,,12,0,51,0,2017,8,16,1,3,5,3,1,1,0,0,0,0,0,7.42442E+20,5.81158E+21,1.2564E+16,5.24007E+16
112859,,12,0,69,656,2017,7,9,6,2,5,3,1,1,0,0,0,0,1,7.69528E+20,5.80811E+21,1.29584E+16,5.23569E+16
112860,,12,0,52,0,2017,7,11,3,3,8,7,0,0,0,1,1,0,0,8.69551E+20,5.74889E+21,1.43573E+16,5.17686E+16
112861,,12,0,67,440,2017,8,19,2,2,5,3,0,1,0,1,0,0,0,8.19111E+20,5.8247E+21,1.37E+16,5.24789E+16
112862,,12,0,54,0,2017,7,14,6,3,5,3,1,0,0,0,1,0,0,7.76447E+20,5.81245E+21,1.30634E+16,5.23924E+16
112863,,12,0,69,596,2017,7,18,3,2,5,2,1,1,0,0,0,0,0,7.7295E+20,5.7988E+21,1.3001E+16,5.22717E+16
112864,,12,0,69,20,2017,8,23,2,3,6,1,1,0,1,0,0,2,0,7.46799E+20,5.78247E+21,1.26066E+16,5.21376E+16
112865,,12,0,54,0,2017,7,3,6,3,0,7,1,0,0,0,0,2,0,7.75853E+20,5.81039E+21,1.3053E+16,5.23742E+16
112866,,12,0,61,308,2017,8,6,3,3,5,3,0,1,0,0,0,0,0,8.65075E+20,5.77058E+21,1.43156E+16,5.19657E+16
112867,,12,0,61,433,2017,7,15,6,3,3,6,0,1,0,0,0,0,0,8.10368E+20,5.80622E+21,1.35546E+16,5.23184E+16
112868,,12,0,61,433,2017,7,17,6,3,2,6,0,1,0,0,1,0,0,8.10415E+20,5.80629E+21,1.35553E+16,5.2319E+16
112869,,12,0,73,69,2017,7,18,6,2,9,1,0,1,0,0,0,0,0,8.04705E+20,5.90369E+21,1.35623E+16,5.31951E+16
112870,,12,0,54,0,2017,7,8,6,3,5,3,1,0,0,0,0,0,0,7.78396E+20,5.81016E+21,1.309E+16,5.23709E+16
112871,,12,0,60,5,2017,7,15,1,3,2,6,0,1,0,0,0,0,0,8.11832E+20,5.83772E+21,1.36054E+16,5.25998E+16
112872,,12,0,67,201,2017,7,16,1,3,4,2,0,1,0,1,0,0,0,8.28009E+20,5.81837E+21,1.38244E+16,5.2417E+16
112873,,12,0,73,572,2017,7,7,4,3,8,1,0,1,0,0,0,0,1,8.05739E+20,5.89803E+21,1.35723E+16,5.31437E+16
112874,,12,0,68,117,2017,7,10,1,2,2,6,0,1,0,0,0,0,0,7.55744E+20,5.85728E+21,1.27944E+16,5.28046E+16
112875,,12,0,65,256,2017,7,19,5,3,0,7,0,1,0,1,0,0,0,7.86246E+20,5.85357E+21,1.32425E+16,5.2756E+16
112876,,12,0,65,100,2017,7,17,1,3,2,6,0,1,0,0,0,0,0,7.78814E+20,5.8781E+21,1.31536E+16,5.29798E+16
112877,,12,0,65,84,2017,7,14,1,1,0,7,1,0,0,0,0,0,0,7.76571E+20,5.9E+21,1.31391E+16,5.31773E+16
112878,,12,0,62,92,2017,7,16,5,3,2,2,0,1,0,0,0,0,0,8.15287E+20,5.72781E+21,1.35546E+16,5.16129E+16
112879,,12,0,65,256,2017,7,7,1,3,7,7,0,1,0,0,0,0,0,7.84627E+20,5.8558E+21,1.32205E+16,5.27768E+16
112880,,12,0,70,173,2017,7,4,1,3,9,1,0,1,0,0,0,2,1,6.86576E+20,5.89038E+21,1.17888E+16,5.31301E+16
112881,,12,0,61,433,2017,7,17,6,3,2,6,0,1,0,0,0,0,0,8.12E+20,5.80647E+21,1.35787E+16,5.23197E+16
112882,,12,0,64,380,2017,7,12,6,3,5,3,1,1,0,0,0,0,0,8.24542E+20,5.83033E+21,1.37852E+16,5.25262E+16
112883,,12,0,70,173,2017,7,15,1,3,9,1,0,0,0,1,0,0,1,6.81197E+20,5.89464E+21,1.17109E+16,5.31702E+16
112884,,12,0,68,117,2017,7,15,1,3,5,2,0,1,0,0,0,0,0,7.5559E+20,5.85718E+21,1.27921E+16,5.28037E+16
112885,,12,0,61,308,2017,7,22,6,2,9,1,0,1,0,0,0,2,1,8.64387E+20,5.77448E+21,1.43098E+16,5.2001E+16
112886,,12,0,69,306,2017,7,16,7,3,2,6,0,1,0,0,0,0,0,7.40388E+20,5.80543E+21,1.25295E+16,5.23464E+16
112887,,12,0,61,328,2017,7,17,6,3,9,1,0,1,0,0,0,0,0,8.25542E+20,5.78352E+21,1.37546E+16,5.21062E+16
112888,,12,0,69,306,2017,7,15,7,2,8,1,0,1,0,0,0,0,0,7.40902E+20,5.80574E+21,1.25372E+16,5.23489E+16
112889,,12,0,69,17,2017,7,22,7,2,5,3,0,1,0,0,0,2,1,7.72243E+20,5.79458E+21,1.29873E+16,5.22342E+16
112890,,12,0,69,306,2017,7,11,7,3,2,6,0,1,0,0,0,0,0,7.46752E+20,5.80558E+21,1.26228E+16,5.23449E+16
112891,,12,0,61,20,2017,7,5,7,2,8,1,0,1,0,0,0,0,0,8.1373E+20,5.79644E+21,1.35946E+16,5.22288E+16
112892,,12,0,69,397,2017,7,11,7,3,2,6,0,1,0,0,0,0,0,7.78202E+20,5.80228E+21,1.30807E+16,5.23002E+16
112893,,12,0,72,298,2017,7,22,7,3,2,6,0,1,0,0,0,2,0,7.85203E+20,5.7554E+21,1.31439E+16,5.18763E+16
112894,,12,0,62,240,2017,7,13,5,3,8,7,0,1,0,0,0,0,0,8.15586E+20,5.71403E+21,1.35465E+16,5.14892E+16
112895,,12,0,69,656,2017,7,10,7,3,2,6,0,1,0,0,0,0,0,7.68887E+20,5.8085E+21,1.29494E+16,5.23607E+16
112896,,12,0,60,5,2017,7,14,6,2,5,3,0,1,0,1,0,0,0,8.10776E+20,5.83495E+21,1.35873E+16,5.25756E+16
112897,,12,0,69,20,2017,7,14,7,2,8,1,0,1,0,0,0,0,0,7.45396E+20,5.79524E+21,1.25954E+16,5.22527E+16
112898,,12,0,71,57,2017,7,4,7,3,8,6,0,1,0,0,0,1,0,8.60136E+20,5.7435E+21,1.42159E+16,5.17265E+16
112899,,12,0,66,296,2017,7,16,7,2,5,3,1,0,0,0,0,0,0,8.38111E+20,5.71328E+21,1.38691E+16,5.14694E+16
112900,,12,0,61,20,2017,7,13,7,2,1,6,0,1,0,1,0,0,0,8.18127E+20,5.79848E+21,1.36607E+16,5.22445E+16
112901,,12,0,61,217,2017,7,14,6,3,5,2,0,1,0,0,0,0,0,8.26371E+20,5.80448E+21,1.37869E+16,5.22935E+16
112902,,12,0,61,316,2017,7,11,7,2,5,3,0,1,0,1,0,0,0,8.35681E+20,5.76626E+21,1.38852E+16,5.19456E+16
112903,,12,0,71,337,2017,7,17,7,2,5,3,1,1,0,0,0,0,0,8.89317E+20,5.76403E+21,1.46594E+16,5.18907E+16
112904,,12,0,71,32,2017,7,12,7,1,6,2,0,1,1,0,0,0,0,8.54452E+20,5.75524E+21,1.41459E+16,5.18352E+16
112905,,12,0,60,269,2017,7,8,7,3,2,6,0,1,0,0,0,0,0,8.08422E+20,5.85755E+21,1.35738E+16,5.27795E+16
112906,,12,0,73,452,2017,7,15,7,2,0,1,0,0,0,1,0,0,0,8.23191E+20,5.91796E+21,1.38525E+16,5.3312E+16
112907,,12,0,60,198,2017,7,15,7,3,2,6,0,1,0,0,0,0,0,8.15189E+20,5.86588E+21,1.36818E+16,5.28502E+16
112908,,12,0,61,260,2017,7,13,7,3,2,6,0,1,0,0,0,0,0,8.204E+20,5.80728E+21,1.37023E+16,5.23221E+16
112909,,12,0,60,52,2017,7,14,7,3,0,1,0,0,0,1,0,0,0,8.25326E+20,5.86783E+21,1.38337E+16,5.28616E+16
112910,,12,0,65,165,2017,7,11,1,3,2,6,0,1,0,0,0,0,0,7.68421E+20,5.8483E+21,1.29747E+16,5.27178E+16
112911,,12,0,54,0,2017,8,9,6,3,1,7,0,1,0,0,1,0,0,7.75026E+20,5.81803E+21,1.30471E+16,5.24431E+16
112912,,12,0,52,0,2017,7,17,6,3,0,6,1,1,0,0,0,0,0,8.67159E+20,5.74954E+21,1.43235E+16,5.1776E+16
112913,,12,0,51,0,2017,7,13,1,3,9,1,0,1,0,0,0,0,0,7.38341E+20,5.8064E+21,1.25002E+16,5.2356E+16
112914,,12,0,60,68,2017,8,11,7,3,2,6,0,1,0,0,0,0,1,8.23905E+20,5.88706E+21,1.38319E+16,5.30348E+16
112915,,12,0,73,393,2017,7,16,6,3,4,1,0,1,0,0,0,0,1,8.62063E+20,5.91569E+21,1.44308E+16,5.32665E+16
112916,,12,0,52,0,2017,7,14,2,3,5,2,1,0,0,0,1,0,0,8.68292E+20,5.74535E+21,1.43354E+16,5.17378E+16
112917,,12,0,71,372,2017,8,12,1,3,2,6,0,1,0,0,0,0,0,8.72369E+20,5.7267E+21,1.43744E+16,5.1568E+16
112918,,12,0,73,452,2017,7,17,6,3,5,3,0,1,0,0,0,0,0,8.19028E+20,5.91429E+21,1.37866E+16,5.32816E+16
112919,,12,0,64,336,2017,7,20,3,2,5,2,0,1,0,1,0,0,0,8.18952E+20,5.82952E+21,1.37023E+16,5.25222E+16
112920,,12,0,70,296,2017,8,15,2,3,4,6,0,1,0,0,0,0,0,6.91788E+20,5.88599E+21,1.1864E+16,5.30888E+16
112921,,12,0,60,52,2017,7,11,6,3,5,3,1,1,0,0,0,0,1,8.23825E+20,5.86461E+21,1.38083E+16,5.28337E+16
112922,,12,0,52,0,2017,8,16,2,3,8,6,0,1,0,0,0,0,0,8.70846E+20,5.74675E+21,1.43737E+16,5.17486E+16
112923,,12,0,60,20,2017,7,13,6,3,4,2,0,1,0,1,0,0,0,8.08997E+20,5.84712E+21,1.35725E+16,5.26856E+16
112924,,12,0,60,20,2017,7,6,6,3,4,3,0,1,0,0,0,0,0,8.07894E+20,5.84779E+21,1.35568E+16,5.26923E+16
112925,,12,0,68,117,2017,7,13,5,3,5,3,0,1,0,0,0,0,0,7.5559E+20,5.85718E+21,1.27921E+16,5.28037E+16
112926,,12,0,68,264,2017,7,16,6,3,0,1,0,0,0,1,0,0,0,7.17336E+20,5.86668E+21,1.22319E+16,5.29058E+16
112927,,12,0,60,280,2017,7,10,7,3,5,2,0,1,0,1,0,0,0,8.16129E+20,5.8404E+21,1.36712E+16,5.26213E+16
112928,,12,0,61,316,2017,7,15,6,3,2,6,0,1,0,0,1,0,0,8.34913E+20,5.76327E+21,1.38712E+16,5.19192E+16
112929,,12,0,60,280,2017,7,14,7,2,8,1,0,1,0,0,0,0,0,8.21438E+20,5.84294E+21,1.37518E+16,5.2641E+16
112930,,12,0,61,332,2017,7,7,3,3,8,7,0,1,0,0,0,0,0,8.11602E+20,5.8018E+21,1.35685E+16,5.22781E+16
112931,,12,0,68,320,2017,7,17,7,3,2,6,0,1,0,0,1,0,1,7.53664E+20,5.86933E+21,1.2773E+16,5.29136E+16
112932,,12,0,67,36,2017,7,21,7,3,4,6,0,1,0,0,0,1,0,8.57448E+20,5.79645E+21,1.42322E+16,5.22023E+16
112933,,12,0,67,144,2017,7,13,4,2,5,3,1,1,0,0,0,0,1,8.44732E+20,5.81242E+21,1.40632E+16,5.23534E+16
112934,,12,0,66,112,2017,7,9,7,3,9,1,0,1,0,0,1,0,0,8.41673E+20,5.72555E+21,1.39321E+16,5.15772E+16
112935,,12,0,65,144,2017,7,8,7,2,5,2,0,1,0,1,0,0,0,7.89773E+20,5.84415E+21,1.32863E+16,5.26697E+16