OBJECTID,UIDENTSTLA,ULAND,UREGBEZ,UKREIS,UGEMEINDE,UJAHR,UMONAT,USTUNDE,UWOCHENTAG,UKATEGORIE,UART,UTYP1,IstRad,IstPKW,IstFuss,IstKrad,IstSonstig,LICHT,STRZUSTAND,LINREFX,LINREFY,XGCSWGS84,YGCSWGS84
112936,,12,0,65,144,2017,7,15,7,3,8,1,0,1,0,0,0,0,0,7.8979E+20,5.84333E+21,1.32858E+16,5.26623E+16
112937,,12,0,54,0,2017,7,19,4,3,8,1,0,1,0,0,0,0,1,7.77777E+20,5.8124E+21,1.30828E+16,5.23912E+16
112938,,12,0,62,425,2017,7,7,2,3,2,6,0,1,0,0,0,0,0,8.33922E+20,5.72551E+21,1.38206E+16,5.15815E+16
112939,,12,0,62,469,2017,8,0,1,2,1,5,1,1,0,0,0,2,0,8.21153E+20,5.73746E+21,1.36479E+16,5.1696E+16
112940,,12,0,60,20,2017,7,16,3,3,0,1,0,0,0,1,0,0,0,8.09562E+20,5.84675E+21,1.35804E+16,5.2682E+16
112941,,12,0,65,251,2017,8,14,2,3,2,6,0,1,0,1,0,0,0,7.79538E+20,5.84433E+21,1.31355E+16,5.26766E+16
112942,,12,0,64,472,2017,7,8,6,2,2,2,0,1,0,0,1,0,0,8.29262E+20,5.83258E+21,1.38567E+16,5.25435E+16
112943,,12,0,61,433,2017,7,12,3,3,8,1,0,1,0,0,0,0,0,8.03465E+20,5.81089E+21,1.34578E+16,5.23641E+16
112944,,12,0,71,304,2017,8,15,2,3,2,6,0,1,0,0,0,0,0,8.72491E+20,5.75882E+21,1.44104E+16,5.18555E+16
112945,,12,0,67,120,2017,7,22,6,3,4,6,0,1,0,0,0,2,1,8.82537E+20,5.79546E+21,1.45965E+16,5.21766E+16
112946,,12,0,65,225,2017,7,18,4,3,3,6,1,1,0,0,0,0,0,7.95643E+20,5.84583E+21,1.33743E+16,5.26815E+16
112947,,12,0,60,198,2017,8,8,3,3,5,3,1,1,0,0,0,0,0,8.19522E+20,5.86829E+21,1.37483E+16,5.28693E+16
112948,,12,0,67,201,2017,7,12,6,3,5,2,0,1,0,0,0,0,0,8.25505E+20,5.81892E+21,1.37882E+16,5.24234E+16
112949,,12,0,72,120,2017,8,14,3,3,5,2,0,1,0,0,0,0,0,7.9116E+20,5.80842E+21,1.32755E+16,5.23486E+16
112950,,12,0,67,124,2017,7,13,6,3,2,2,0,1,0,0,0,0,0,8.23126E+20,5.81746E+21,1.37519E+16,5.24117E+16
112951,,12,0,73,532,2017,8,9,4,2,8,1,0,1,0,0,0,0,0,8.55617E+20,5.89002E+21,1.43061E+16,5.30411E+16
112952,,12,0,65,251,2017,7,18,6,3,2,6,0,1,0,0,0,0,1,7.79347E+20,5.84761E+21,1.31354E+16,5.27061E+16
112953,,12,0,61,332,2017,7,16,7,3,8,6,0,1,0,0,0,0,1,8.08834E+20,5.79908E+21,1.35256E+16,5.22552E+16
112954,,12,0,67,237,2017,7,14,7,3,2,6,0,1,0,0,0,0,1,8.66584E+20,5.81038E+21,1.43804E+16,5.23209E+16
112955,,12,0,70,52,2017,7,12,7,2,9,1,0,1,0,0,0,0,0,6.88329E+20,5.87639E+21,1.18068E+16,5.30039E+16
112956,,12,0,65,256,2017,7,22,7,3,8,1,0,1,0,0,0,2,1,7.84901E+20,5.85628E+21,1.32249E+16,5.2781E+16
112957,,12,0,68,320,2017,7,21,7,3,0,3,0,1,0,1,0,1,0,7.54821E+20,5.86982E+21,1.27906E+16,5.29175E+16
112958,,12,0,69,590,2017,7,16,4,3,3,6,0,1,0,0,0,0,1,7.7089E+20,5.80218E+21,1.29736E+16,5.2303E+16
112959,,12,0,68,320,2017,7,21,7,3,7,7,0,1,0,0,0,2,0,7.52021E+20,5.86831E+21,1.27479E+16,5.29053E+16
112960,,12,0,73,532,2017,7,17,5,3,2,6,0,1,0,1,0,0,0,8.50735E+20,5.89403E+21,1.4238E+16,5.30802E+16
112961,,12,0,69,590,2017,7,8,6,3,2,6,0,1,0,0,1,0,0,7.66363E+20,5.80105E+21,1.29065E+16,5.22951E+16
112962,,12,0,63,186,2017,7,16,6,2,3,2,0,1,0,0,0,0,0,7.45029E+20,5.82979E+21,1.26154E+16,5.25629E+16
112963,,12,0,69,696,2017,7,8,5,1,2,6,0,0,0,0,1,0,0,7.31132E+20,5.79661E+21,1.23878E+16,5.22712E+16
112964,,12,0,66,320,2017,7,17,6,2,8,1,0,1,0,0,0,0,0,8.46887E+20,5.74787E+21,1.40292E+16,5.1774E+16
112965,,12,0,61,572,2017,7,12,6,3,0,1,0,0,0,1,0,0,0,8.14433E+20,5.80903E+21,1.36166E+16,5.23412E+16
112966,,12,0,65,100,2017,7,16,6,3,8,1,0,1,0,0,0,0,0,7.77807E+20,5.88176E+21,1.31418E+16,5.30131E+16
112967,,12,0,61,260,2017,7,14,6,3,5,3,1,0,0,0,1,0,0,8.12708E+20,5.80375E+21,1.35865E+16,5.22949E+16
112968,,12,0,62,140,2017,7,15,6,2,3,6,1,0,0,0,1,0,0,8.26281E+20,5.72912E+21,1.3714E+16,5.16183E+16
112969,,12,0,71,372,2017,7,19,6,3,4,6,0,1,0,0,0,0,0,8.70628E+20,5.72879E+21,1.43516E+16,5.15879E+16
112970,,12,0,65,198,2017,7,13,6,2,5,3,0,1,0,1,0,0,0,7.84556E+20,5.85985E+21,1.3223E+16,5.28131E+16
112971,,12,0,60,198,2017,7,15,6,3,9,1,1,0,0,0,0,0,0,8.05137E+20,5.87045E+21,1.35373E+16,5.28969E+16
112972,,12,0,68,264,2017,7,7,6,2,8,1,0,0,0,0,1,0,0,7.30834E+20,5.87595E+21,1.24389E+16,5.29833E+16
112973,,12,0,60,36,2017,7,18,6,3,5,2,0,1,0,0,0,0,0,8.23999E+20,5.86964E+21,1.38159E+16,5.28786E+16
112974,,12,0,60,280,2017,7,21,6,1,9,7,0,0,0,1,0,2,1,8.27508E+20,5.8454E+21,1.38436E+16,5.26594E+16
112975,,12,0,64,274,2017,7,16,6,2,9,1,0,1,0,0,0,0,0,8.58689E+20,5.85247E+21,1.43104E+16,5.2703E+16
112976,,12,0,67,124,2017,7,10,6,3,0,3,1,0,0,0,1,0,0,8.23228E+20,5.81822E+21,1.37541E+16,5.24185E+16
112977,,12,0,68,117,2017,7,12,6,3,2,6,0,1,0,0,0,0,0,7.55514E+20,5.86005E+21,1.27932E+16,5.28295E+16
112978,,12,0,67,237,2017,7,2,7,2,2,6,0,0,0,0,1,2,0,8.66439E+20,5.81037E+21,1.43783E+16,5.2321E+16
112979,,12,0,65,100,2017,7,15,7,3,2,6,0,1,0,0,0,0,0,7.81026E+20,5.88465E+21,1.31922E+16,5.30374E+16
112980,,12,0,69,17,2017,7,19,7,3,7,1,0,1,0,0,0,0,0,7.69171E+20,5.79589E+21,1.29434E+16,5.22474E+16
112981,,12,0,64,512,2017,8,17,6,3,5,3,0,1,0,0,1,0,0,8.46627E+20,5.85357E+21,1.41338E+16,5.27207E+16
112982,,12,0,68,117,2017,7,18,6,3,4,6,0,1,0,0,0,0,1,7.54477E+20,5.86036E+21,1.27781E+16,5.28328E+16
112983,,12,0,60,280,2017,7,16,1,3,2,6,0,1,0,0,0,0,0,8.19124E+20,5.84143E+21,1.37163E+16,5.26289E+16
112984,,12,0,64,472,2017,8,11,7,3,2,6,1,1,0,0,0,0,1,8.29025E+20,5.83379E+21,1.38545E+16,5.25545E+16
112985,,12,0,68,320,2017,7,15,6,3,5,3,0,1,0,1,0,0,0,7.54835E+20,5.8698E+21,1.27908E+16,5.29173E+16
112986,,12,0,53,0,2017,7,9,2,3,5,3,1,1,0,0,0,0,0,8.77046E+20,5.81268E+21,1.45358E+16,5.23345E+16
112987,,12,0,65,256,2017,8,12,1,3,5,2,1,1,0,0,0,0,0,7.91751E+20,5.85527E+21,1.33253E+16,5.27683E+16
112988,,12,0,72,169,2017,7,13,5,3,5,3,0,1,0,0,0,0,0,7.81136E+20,5.77028E+21,1.30971E+16,5.20118E+16
112989,,12,0,54,0,2017,8,5,1,3,0,1,1,0,0,0,0,1,1,7.75926E+20,5.81153E+21,1.3055E+16,5.23843E+16
112990,,12,0,72,232,2017,7,6,5,3,5,5,0,1,0,0,0,0,0,7.8467E+20,5.78048E+21,1.3157E+16,5.21014E+16
112991,,12,0,54,0,2017,7,18,5,3,5,3,1,1,0,0,0,0,0,7.75385E+20,5.81281E+21,1.30481E+16,5.23961E+16
112992,,12,0,64,428,2017,7,22,7,3,8,1,0,1,0,0,0,2,1,8.23498E+20,5.82444E+21,1.37641E+16,5.2474E+16
112993,,12,0,72,17,2017,6,7,6,3,3,2,0,1,0,0,0,0,0,8.02012E+20,5.80637E+21,1.34325E+16,5.23244E+16
112994,,12,0,69,402,2017,7,22,7,3,7,7,0,1,0,0,0,2,0,7.56146E+20,5.77719E+21,1.2739E+16,5.20859E+16
112995,,12,0,73,8,2017,7,16,1,2,2,6,0,1,0,0,0,0,0,8.24783E+20,5.89396E+21,1.38519E+16,5.3096E+16
112996,,12,0,64,29,2017,8,9,7,3,5,3,0,1,0,0,0,0,1,8.18259E+20,5.83275E+21,1.36952E+16,5.25515E+16
112997,,12,0,60,269,2017,7,13,2,2,2,6,0,1,0,0,0,0,0,8.05904E+20,5.85182E+21,1.35312E+16,5.27295E+16
112998,,12,0,65,100,2017,8,20,1,2,5,2,0,1,0,1,0,1,0,7.79586E+20,5.89248E+21,1.31776E+16,5.31084E+16
112999,,12,0,54,0,2017,7,15,5,3,5,2,1,1,0,0,0,0,0,7.76848E+20,5.81363E+21,1.30702E+16,5.24027E+16
113000,,12,0,70,60,2017,7,17,3,3,3,6,1,1,0,0,0,0,0,6.79413E+20,5.87846E+21,1.16753E+16,5.30255E+16
113001,,12,0,63,208,2017,8,22,1,2,8,1,0,0,0,0,1,2,0,7.60009E+20,5.83987E+21,1.28438E+16,5.26464E+16
113002,,12,0,51,0,2017,7,16,5,3,5,2,1,1,0,0,0,0,0,7.41839E+20,5.81399E+21,1.25569E+16,5.24226E+16
113003,,12,0,71,32,2017,7,8,3,3,5,2,0,1,0,0,0,0,0,8.54995E+20,5.75801E+21,1.41566E+16,5.18597E+16
113004,,12,0,64,53,2017,8,18,2,3,0,7,0,0,0,1,0,0,0,8.22058E+20,5.84853E+21,1.37664E+16,5.26907E+16
113005,,12,0,51,0,2017,7,13,5,3,3,6,0,1,0,1,0,0,0,7.42451E+20,5.81159E+21,1.25642E+16,5.24007E+16
113006,,12,0,69,656,2017,8,13,2,3,2,3,1,1,0,0,0,0,0,7.64661E+20,5.80973E+21,1.28884E+16,5.23738E+16
113007,,12,0,62,140,2017,7,17,5,3,2,6,1,1,0,0,0,0,0,8.26454E+20,5.72794E+21,1.37154E+16,5.16076E+16
113008,,12,0,61,433,2017,8,7,3,3,2,2,0,1,0,0,1,0,0,8.07619E+20,5.81433E+21,1.35218E+16,5.23926E+16
113009,,12,0,71,76,2017,7,15,5,3,5,3,1,1,0,0,0,0,0,8.89296E+20,5.74692E+21,1.46399E+16,5.17376E+16
113010,,12,0,61,217,2017,7,6,6,2,2,7,0,1,0,0,1,0,0,8.25451E+20,5.80743E+21,1.37763E+16,5.23205E+16
113011,,12,0,69,604,2017,7,17,6,2,4,6,0,1,0,1,0,0,0,7.90469E+20,5.80949E+21,1.32663E+16,5.23585E+16
113012,,12,0,65,225,2017,7,13,6,3,5,3,1,1,0,0,0,0,0,7.96031E+20,5.8409E+21,1.33756E+16,5.26372E+16
113013,,12,0,72,340,2017,7,12,3,2,8,7,0,0,0,0,1,0,0,8.04221E+20,5.80237E+21,1.34612E+16,5.22873E+16
113014,,12,0,65,198,2017,7,7,6,3,5,3,0,1,0,0,0,0,0,7.86439E+20,5.86086E+21,1.32517E+16,5.28213E+16
113015,,12,0,61,433,2017,7,12,4,3,0,1,1,0,0,1,0,0,1,8.05355E+20,5.81247E+21,1.34869E+16,5.23772E+16
113016,,12,0,54,0,2017,6,17,6,2,2,6,0,1,0,1,0,0,1,7.76446E+20,5.8124E+21,1.30633E+16,5.23919E+16
113017,,12,0,65,356,2017,7,11,6,3,2,7,1,0,0,0,1,0,0,7.91591E+20,5.88177E+21,1.33467E+16,5.30059E+16
113018,,12,0,68,320,2017,7,9,6,2,5,3,1,1,0,0,0,0,0,7.56183E+20,5.87179E+21,1.28123E+16,5.29345E+16
113019,,12,0,65,225,2017,7,0,5,2,8,7,0,1,0,0,0,2,1,7.95035E+20,5.84721E+21,1.33666E+16,5.26942E+16
113020,,12,0,68,320,2017,7,12,6,2,1,5,0,1,0,0,0,0,0,7.5601E+20,5.87204E+21,1.281E+16,5.29369E+16
113021,,12,0,69,604,2017,7,14,5,3,3,6,0,1,0,0,0,0,1,7.8243E+20,5.81139E+21,1.31502E+16,5.23798E+16
113022,,12,0,62,500,2017,7,16,5,2,2,2,0,1,0,0,1,0,0,8.01992E+20,5.72262E+21,1.33587E+16,5.15736E+16
113023,,12,0,72,298,2017,7,7,5,3,8,7,0,1,0,0,0,0,0,7.91034E+20,5.76432E+21,1.32359E+16,5.19532E+16
113024,,12,0,54,0,2017,7,16,5,3,2,6,0,0,0,1,1,0,0,7.78677E+20,5.81161E+21,1.30953E+16,5.23837E+16
113025,,12,0,73,572,2017,7,8,5,2,2,2,0,1,0,0,0,0,0,8.06906E+20,5.88801E+21,1.35801E+16,5.30533E+16
113026,,12,0,71,392,2017,7,11,6,3,5,3,0,1,0,0,0,0,0,8.85949E+20,5.72935E+21,1.45723E+16,5.15827E+16
113027,,12,0,69,632,2017,7,6,5,3,8,1,0,1,0,0,0,0,0,7.61216E+20,5.77235E+21,1.28091E+16,5.20402E+16
113028,,12,0,73,579,2017,7,15,5,3,4,6,0,1,0,0,0,0,0,8.16508E+20,5.92871E+21,1.37633E+16,5.34122E+16
113029,,12,0,69,345,2017,7,13,5,3,8,7,0,1,0,0,1,0,1,7.59069E+20,5.78465E+21,1.27872E+16,5.21515E+16
113030,,12,0,60,52,2017,7,10,5,3,3,6,1,1,0,0,0,0,0,8.24937E+20,5.86443E+21,1.38246E+16,5.28314E+16
113031,,12,0,69,17,2017,7,9,5,3,3,2,0,1,0,0,1,0,0,7.63556E+20,5.79977E+21,1.28644E+16,5.2285E+16
113032,,12,0,69,270,2017,7,9,5,2,8,7,0,1,0,0,0,0,0,7.35995E+20,5.81955E+21,1.24751E+16,5.2475E+16
113033,,12,0,51,0,2017,7,17,5,2,5,3,1,1,0,0,0,0,0,7.33528E+20,5.81241E+21,1.24338E+16,5.24119E+16
113034,,12,0,51,0,2017,7,17,5,2,1,6,0,0,0,0,1,0,0,7.33978E+20,5.81268E+21,1.24406E+16,5.24142E+16
113035,,12,0,71,76,2017,7,16,5,2,8,1,0,1,0,0,0,0,0,8.85912E+20,5.74382E+21,1.45877E+16,5.17122E+16
113036,,12,0,71,244,2017,7,7,5,2,2,6,0,0,0,0,1,0,0,8.58431E+20,5.7436E+21,1.41914E+16,5.17285E+16
113037,,12,0,71,74,2017,7,14,5,3,5,3,0,1,0,0,0,0,0,8.83614E+20,5.73597E+21,1.4546E+16,5.16435E+16
113038,,12,0,60,198,2017,7,14,5,2,3,6,0,1,0,0,0,0,0,8.18011E+20,5.8714E+21,1.3729E+16,5.2898E+16
113039,,12,0,73,572,2017,7,6,5,3,4,6,0,1,0,0,0,0,1,8.05739E+20,5.89803E+21,1.35723E+16,5.31437E+16
113040,,12,0,60,52,2017,7,14,5,3,0,1,1,0,0,0,0,0,0,8.24556E+20,5.86492E+21,1.38195E+16,5.2836E+16
113041,,12,0,54,0,2017,6,17,6,3,4,6,0,1,0,0,0,0,1,7.76422E+20,5.8124E+21,1.30629E+16,5.2392E+16
113042,,12,0,54,0,2017,6,18,6,3,9,1,0,0,0,1,0,0,1,7.76506E+20,5.8123E+21,1.30641E+16,5.2391E+16
113043,,12,0,60,269,2017,7,19,5,3,5,2,1,1,0,0,0,0,0,8.0121E+20,5.85344E+21,1.34634E+16,5.27467E+16
113044,,12,0,64,274,2017,7,20,5,2,2,6,1,1,0,0,0,0,0,8.65877E+20,5.84471E+21,1.44077E+16,5.26287E+16
113045,,12,0,68,468,2017,7,18,5,2,8,1,0,1,0,0,0,0,0,7.38772E+20,5.88234E+21,1.25616E+16,5.30372E+16
113046,,12,0,65,144,2017,7,12,5,3,0,3,1,1,0,0,0,0,0,7.8988E+20,5.84319E+21,1.3287E+16,5.2661E+16
113047,,12,0,70,8,2017,7,12,5,3,0,7,1,0,0,0,0,0,1,6.92576E+20,5.87459E+21,1.1869E+16,5.29862E+16
113048,,12,0,69,474,2017,7,16,6,3,1,6,0,1,0,0,0,0,0,7.55151E+20,5.78057E+21,1.2727E+16,5.21167E+16
113049,,12,0,52,0,2017,7,16,7,3,3,6,0,1,0,0,0,0,1,8.67755E+20,5.74748E+21,1.43299E+16,5.17572E+16
113050,,12,0,67,469,2017,7,7,1,2,9,7,0,1,0,0,0,0,0,8.33915E+20,5.80833E+21,1.39009E+16,5.23235E+16
113051,,12,0,72,298,2017,8,22,6,2,8,7,0,1,0,0,0,2,1,7.86217E+20,5.75897E+21,1.31615E+16,5.19078E+16
113052,,12,0,60,269,2017,7,4,5,3,0,7,0,0,0,1,0,1,0,8.03567E+20,5.85918E+21,1.35035E+16,5.27968E+16
113053,,12,0,65,256,2017,7,9,2,2,3,2,1,1,0,0,0,0,0,7.83006E+20,5.85255E+21,1.31937E+16,5.27485E+16
113054,,12,0,61,332,2017,8,12,7,2,2,6,0,1,0,0,1,0,0,8.12377E+20,5.80018E+21,1.35783E+16,5.22631E+16
113055,,12,0,60,269,2017,7,6,5,3,3,2,0,1,0,1,0,0,0,8.02112E+20,5.85844E+21,1.34813E+16,5.2791E+16
113056,,12,0,66,296,2017,7,16,2,1,5,3,1,0,0,0,1,0,0,8.39085E+20,5.71515E+21,1.38848E+16,5.14856E+16
113057,,12,0,62,24,2017,8,14,1,2,8,1,0,1,0,0,0,0,0,8.01975E+20,5.71582E+21,1.33526E+16,5.15126E+16
113058,,12,0,64,317,2017,7,16,5,3,5,3,0,1,0,1,0,0,0,8.47639E+20,5.83014E+21,1.41241E+16,5.25103E+16
113059,,12,0,65,198,2017,8,17,2,3,5,3,0,1,0,1,0,0,0,7.84556E+20,5.85985E+21,1.32229E+16,5.28132E+16
113060,,12,0,65,225,2017,7,4,5,2,2,6,0,1,0,0,1,1,0,7.94001E+20,5.84583E+21,1.33501E+16,5.26824E+16
113061,,12,0,71,372,2017,8,6,2,3,5,3,0,1,0,0,0,0,0,8.72337E+20,5.72621E+21,1.43734E+16,5.15637E+16
113062,,12,0,65,36,2017,7,13,5,3,0,7,1,1,1,0,0,0,0,7.89648E+20,5.8462E+21,1.32862E+16,5.26881E+16
113063,,12,0,64,227,2017,7,13,5,3,2,6,0,1,0,0,0,0,0,8.13414E+20,5.83158E+21,1.36229E+16,5.25439E+16
113064,,12,0,65,225,2017,7,12,6,3,2,2,0,1,0,0,0,0,0,7.93696E+20,5.84287E+21,1.3343E+16,5.26561E+16
113065,,12,0,70,296,2017,7,13,5,3,2,6,0,1,0,0,0,0,0,6.91481E+20,5.88386E+21,1.18582E+16,5.30698E+16
113066,,12,0,61,433,2017,7,11,6,3,5,2,1,1,0,0,0,0,0,8.07439E+20,5.8149E+21,1.35197E+16,5.23978E+16
113067,,12,0,68,426,2017,7,18,5,2,0,1,0,0,0,1,0,0,0,7.47827E+20,5.86443E+21,1.26827E+16,5.28724E+16
113068,,12,0,51,0,2017,7,14,3,3,5,3,1,1,0,0,0,0,1,7.41585E+20,5.81482E+21,1.25538E+16,5.24301E+16
113069,,12,0,68,468,2017,7,9,7,3,2,6,0,1,0,0,0,0,0,7.38264E+20,5.88283E+21,1.25544E+16,5.30418E+16
113070,,12,0,51,0,2017,6,8,6,3,0,2,0,0,0,1,0,0,1,7.40571E+20,5.81214E+21,1.2537E+16,5.24065E+16
113071,,12,0,69,696,2017,7,10,5,2,5,3,0,1,0,0,0,0,0,7.28412E+20,5.79671E+21,1.23481E+16,5.22732E+16
113072,,12,0,69,76,2017,7,17,4,3,2,6,0,1,0,0,1,0,1,7.61549E+20,5.78722E+21,1.28253E+16,5.21734E+16
113073,,12,0,67,458,2017,7,6,4,2,5,3,0,1,0,0,0,0,0,8.82482E+20,5.79732E+21,1.45978E+16,5.21933E+16
113074,,12,0,61,192,2017,6,18,6,3,2,6,0,1,0,0,0,0,0,8.15927E+20,5.79113E+21,1.36218E+16,5.218E+16
113075,,12,0,63,357,2017,7,12,4,2,8,1,0,0,0,1,0,0,1,7.69294E+20,5.82865E+21,1.29716E+16,5.25412E+16
113076,,12,0,72,17,2017,7,18,4,3,8,1,0,1,0,0,0,0,1,8.03227E+20,5.80638E+21,1.34503E+16,5.23238E+16
113077,,12,0,72,240,2017,7,19,4,3,5,3,0,1,0,0,0,0,1,7.92705E+20,5.80085E+21,1.32915E+16,5.22799E+16
113078,,12,0,69,632,2017,7,13,4,3,5,3,0,1,0,0,1,0,1,7.56621E+20,5.7702E+21,1.27406E+16,5.20229E+16
113079,,12,0,61,433,2017,7,13,4,3,1,6,0,1,0,0,0,0,1,8.07777E+20,5.81431E+21,1.35241E+16,5.23924E+16
113080,,12,0,73,572,2017,7,17,5,2,8,7,0,1,0,0,0,0,0,8.04459E+20,5.89735E+21,1.35526E+16,5.31384E+16
113081,,12,0,62,469,2017,7,6,4,3,5,3,0,1,0,0,0,0,0,8.26398E+20,5.73742E+21,1.37235E+16,5.16926E+16
113082,,12,0,68,181,2017,7,8,6,3,5,3,0,1,0,0,0,0,0,7.32774E+20,5.88565E+21,1.24747E+16,5.30695E+16
113083,,12,0,73,572,2017,7,22,4,3,9,1,0,1,0,0,0,2,1,8.04572E+20,5.89692E+21,1.35539E+16,5.31345E+16
113084,,12,0,65,256,2017,7,10,5,3,3,6,1,1,0,0,0,0,0,7.96491E+20,5.85803E+21,1.33979E+16,5.27905E+16
113085,,12,0,73,69,2017,7,14,4,3,4,6,0,1,0,0,0,0,1,8.02646E+20,5.91139E+21,1.35389E+16,5.32652E+16
113086,,12,0,68,320,2017,7,12,5,3,2,6,0,1,0,0,0,0,0,7.55099E+20,5.86941E+21,1.27944E+16,5.29137E+16
113087,,12,0,67,336,2017,7,7,4,3,5,3,0,1,0,0,0,0,0,8.69699E+20,5.80223E+21,1.4417E+16,5.2246E+16
113088,,12,0,65,356,2017,7,9,4,3,0,1,0,0,0,1,0,0,1,7.91742E+20,5.87903E+21,1.33465E+16,5.29813E+16
113089,,12,0,54,0,2017,7,5,3,2,9,6,0,1,0,0,0,1,1,7.82018E+20,5.80954E+21,1.31426E+16,5.23634E+16
113090,,12,0,72,17,2017,7,5,3,3,9,1,0,1,0,0,0,0,1,7.96543E+20,5.8042E+21,1.33506E+16,5.23079E+16
113091,,12,0,65,144,2017,7,21,7,2,0,7,0,0,0,0,1,2,0,7.91473E+20,5.84675E+21,1.33137E+16,5.26921E+16
113092,,12,0,63,202,2017,7,9,3,2,8,1,0,1,0,0,0,0,1,7.48115E+20,5.84429E+21,1.26717E+16,5.26916E+16
113093,,12,0,63,357,2017,7,23,3,3,3,6,0,1,0,0,1,2,0,7.72228E+20,5.82793E+21,1.30141E+16,5.25333E+16
113094,,12,0,70,316,2017,7,9,5,2,5,2,0,0,0,1,0,0,0,7.1169E+20,5.89466E+21,1.21665E+16,5.31592E+16
113095,,12,0,63,208,2017,7,7,3,2,5,2,0,1,0,0,0,0,1,7.6003E+20,5.83604E+21,1.28411E+16,5.2612E+16
113096,,12,0,73,569,2017,7,23,5,2,9,1,0,1,0,0,0,2,0,8.15786E+20,5.88706E+21,1.37113E+16,5.30396E+16
113097,,12,0,54,0,2017,7,10,3,3,2,6,0,1,0,0,1,0,1,7.73567E+20,5.81492E+21,1.30231E+16,5.24159E+16
113098,,12,0,71,57,2017,7,18,3,2,3,1,0,1,0,0,0,0,1,8.60434E+20,5.7435E+21,1.42202E+16,5.17263E+16
113099,,12,0,68,468,2017,7,11,6,3,0,7,0,1,0,0,0,0,0,7.38894E+20,5.88219E+21,1.25633E+16,5.30358E+16
113100,,12,0,61,332,2017,7,6,3,3,2,2,0,1,0,0,0,0,1,8.12058E+20,5.80033E+21,1.35738E+16,5.22646E+16
113101,,12,0,62,24,2017,7,9,3,3,5,3,0,1,0,0,0,0,0,8.07198E+20,5.7163E+21,1.3428E+16,5.15141E+16
113102,,12,0,68,320,2017,7,10,5,3,5,3,1,1,0,0,0,0,0,7.57696E+20,5.87376E+21,1.28364E+16,5.29515E+16
113103,,12,0,69,648,2017,7,15,6,3,3,6,0,1,0,0,0,0,0,7.36497E+20,5.80065E+21,1.24691E+16,5.23051E+16
113104,,12,0,67,124,2017,7,15,3,3,2,2,0,1,0,0,0,0,1,8.2302E+20,5.81945E+21,1.37523E+16,5.24296E+16
113105,,12,0,63,244,2017,7,16,4,3,4,6,0,1,0,0,0,0,0,7.25968E+20,5.82527E+21,1.23316E+16,5.25306E+16
113106,,12,0,70,325,2017,7,15,3,3,2,6,0,1,0,0,0,0,1,7.06727E+20,5.90723E+21,1.21005E+16,5.3274E+16
113107,,12,0,69,304,2017,7,7,4,3,0,1,1,0,0,0,0,0,0,7.87552E+20,5.81384E+21,1.32273E+16,5.23991E+16
113108,,12,0,65,144,2017,7,11,3,3,2,2,0,1,0,0,1,0,1,7.89333E+20,5.8447E+21,1.32803E+16,5.26748E+16
113109,,12,0,65,356,2017,7,10,3,3,5,3,1,1,0,0,0,0,1,7.90557E+20,5.8785E+21,1.33284E+16,5.29771E+16
113110,,12,0,70,302,2017,7,12,3,2,5,3,0,1,0,0,0,0,1,7.07392E+20,5.87052E+21,1.20867E+16,5.29441E+16
113111,,12,0,68,280,2017,7,16,3,3,5,3,1,1,0,0,0,0,1,7.67591E+20,5.87605E+21,1.29852E+16,5.29672E+16
113112,,12,0,69,397,2017,7,16,2,3,2,6,0,1,0,0,0,0,0,7.74515E+20,5.80203E+21,1.30265E+16,5.22999E+16
113113,,12,0,72,232,2017,7,14,2,3,6,4,0,0,1,0,1,0,0,7.85902E+20,5.77946E+21,1.3174E+16,5.20917E+16
113114,,12,0,61,540,2017,6,15,6,3,2,6,0,1,0,0,0,0,1,8.13564E+20,5.80597E+21,1.36011E+16,5.23143E+16
113115,,12,0,65,251,2017,7,21,7,3,9,1,0,0,0,1,0,0,1,7.77085E+20,5.84768E+21,1.31021E+16,5.2708E+16
113116,,12,0,63,134,2017,7,15,7,2,8,6,0,1,0,1,0,0,0,7.2388E+20,5.84441E+21,1.23138E+16,5.27032E+16
113117,,12,0,62,500,2017,8,18,6,3,4,1,0,1,0,0,0,0,1,8.02119E+20,5.72222E+21,1.33601E+16,5.157E+16
113118,,12,0,54,0,2017,7,18,4,3,0,1,1,0,0,0,0,0,0,7.74922E+20,5.81866E+21,1.30461E+16,5.24488E+16
113119,,12,0,71,304,2017,7,11,1,3,5,3,0,1,0,0,0,0,0,8.73618E+20,5.75835E+21,1.44262E+16,5.18506E+16
113120,,12,0,60,5,2017,8,12,7,2,4,6,0,1,0,0,0,0,1,8.12604E+20,5.83921E+21,1.36182E+16,5.26128E+16
113121,,12,0,61,540,2017,7,17,4,2,2,6,0,0,0,0,1,0,0,8.14856E+20,5.80564E+21,1.36197E+16,5.23106E+16
113122,,12,0,53,0,2017,8,15,1,2,7,7,0,0,0,1,0,0,0,8.77659E+20,5.80825E+21,1.45398E+16,5.22944E+16
113123,,12,0,62,24,2017,7,15,4,3,4,2,0,1,0,0,0,0,0,8.05717E+20,5.71886E+21,1.3409E+16,5.15379E+16