OBJECTID,UIDENTSTLA,ULAND,UREGBEZ,UKREIS,UGEMEINDE,UJAHR,UMONAT,USTUNDE,UWOCHENTAG,UKATEGORIE,UART,UTYP1,IstRad,IstPKW,IstFuss,IstKrad,IstSonstig,LICHT,STRZUSTAND,LINREFX,LINREFY,XGCSWGS84,YGCSWGS84
113312,,12,0,63,252,2017,10,7,6,3,5,3,1,1,0,0,0,1,0,7.26036E+20,5.83373E+21,1.23383E+16,5.26065E+16
113313,,12,0,67,144,2017,9,15,6,3,3,6,0,1,0,0,1,0,0,8.45781E+20,5.8104E+21,1.40764E+16,5.23346E+16
113314,,12,0,54,0,2017,8,4,2,3,5,3,0,1,0,0,1,2,0,7.73339E+20,5.81503E+21,1.30199E+16,5.24171E+16
113315,,12,0,62,224,2017,8,14,2,3,6,2,0,1,1,0,0,0,0,7.92258E+20,5.73533E+21,1.32292E+16,5.16926E+16
113316,,12,0,73,452,2017,10,14,7,3,5,3,1,0,0,0,0,0,0,8.24057E+20,5.91777E+21,1.38653E+16,5.33097E+16
113317,,12,0,73,578,2017,9,14,6,3,2,2,0,1,0,0,0,0,0,8.32645E+20,5.91012E+21,1.39857E+16,5.32359E+16
113318,,12,0,72,17,2017,9,11,7,3,3,6,0,1,0,0,0,0,1,7.99017E+20,5.80543E+21,1.33878E+16,5.23175E+16
113319,,12,0,73,69,2017,9,16,6,2,8,1,0,0,0,1,0,0,0,8.09598E+20,5.90887E+21,1.36403E+16,5.32386E+16
113320,,12,0,65,144,2017,11,11,5,3,2,6,0,0,0,0,1,0,0,7.91473E+20,5.84675E+21,1.33137E+16,5.26921E+16
113321,,12,0,70,28,2017,11,6,6,3,8,1,0,1,0,0,0,2,1,6.93015E+20,5.90157E+21,1.18917E+16,5.32283E+16
113322,,12,0,62,341,2017,11,13,6,2,5,3,0,1,0,0,0,0,0,7.94384E+20,5.70624E+21,1.32355E+16,5.14307E+16
113323,,12,0,72,120,2017,10,17,4,3,3,6,0,1,0,0,1,0,0,7.96998E+20,5.81119E+21,1.33634E+16,5.23703E+16
113324,,12,0,66,196,2017,11,11,7,3,9,7,0,1,0,0,0,0,0,8.36964E+20,5.75806E+21,1.38958E+16,5.18713E+16
113325,,12,0,68,477,2017,10,22,6,3,8,1,0,1,0,0,0,2,0,7.34398E+20,5.86675E+21,1.24852E+16,5.28992E+16
113326,,12,0,65,256,2017,11,11,2,2,6,4,0,1,1,0,0,0,0,7.86329E+20,5.85361E+21,1.32437E+16,5.27563E+16
113327,,12,0,63,189,2017,10,20,6,3,7,7,0,1,0,0,0,1,0,7.22474E+20,5.83237E+21,1.22849E+16,5.25957E+16
113328,,12,0,54,0,2017,11,16,2,3,2,6,0,1,0,0,0,0,0,7.76422E+20,5.8124E+21,1.3063E+16,5.2392E+16
113329,,12,0,73,572,2017,10,16,7,2,8,1,0,1,0,0,0,0,1,7.95539E+20,5.88781E+21,1.34109E+16,5.30579E+16
113330,,12,0,63,80,2017,10,14,1,3,5,2,0,1,0,0,0,0,0,7.76595E+20,5.8329E+21,1.30825E+16,5.25757E+16
113331,,12,0,65,96,2017,10,14,4,3,5,3,0,1,0,0,0,0,0,7.91489E+20,5.8403E+21,1.33082E+16,5.26343E+16
113332,,12,0,65,136,2017,10,7,4,3,2,6,0,1,0,0,1,0,0,7.84646E+20,5.83996E+21,1.32071E+16,5.26348E+16
113333,,12,0,65,100,2017,10,22,4,3,4,6,0,0,0,0,1,2,0,7.78822E+20,5.8789E+21,1.31544E+16,5.2987E+16
113334,,12,0,60,5,2017,8,19,3,3,3,6,1,0,0,0,0,0,0,8.05649E+20,5.8374E+21,1.35141E+16,5.26005E+16
113335,,12,0,65,356,2017,10,11,4,2,5,3,1,1,0,0,0,0,0,7.91059E+20,5.87851E+21,1.33359E+16,5.2977E+16
113336,,12,0,70,296,2017,10,16,4,3,2,6,0,1,0,0,0,0,0,6.92597E+20,5.8845E+21,1.18752E+16,5.30752E+16
113337,,12,0,67,426,2017,10,16,1,3,8,1,0,0,0,1,0,0,0,8.56704E+20,5.79743E+21,1.42224E+16,5.22115E+16
113338,,12,0,60,52,2017,9,14,6,2,4,2,0,0,0,1,1,0,0,8.2063E+20,5.86648E+21,1.37629E+16,5.28524E+16
113339,,12,0,54,0,2017,8,9,3,3,5,2,1,1,0,0,0,0,0,7.72078E+20,5.81611E+21,1.30023E+16,5.24274E+16
113340,,12,0,72,240,2017,10,7,3,3,2,2,0,1,0,0,0,0,0,7.92083E+20,5.80526E+21,1.32862E+16,5.23198E+16
113341,,12,0,72,297,2017,10,8,3,3,9,7,0,1,0,0,0,0,0,7.74629E+20,5.77004E+21,1.30023E+16,5.20129E+16
113342,,12,0,60,20,2017,10,14,2,3,2,2,0,1,0,0,0,0,1,8.12979E+20,5.84556E+21,1.36297E+16,5.26694E+16
113343,,12,0,60,52,2017,9,8,6,3,4,2,0,1,0,0,0,0,0,8.20626E+20,5.86649E+21,1.37629E+16,5.28524E+16
113344,,12,0,54,0,2017,10,9,3,3,5,2,1,1,0,0,0,0,0,7.7644E+20,5.81246E+21,1.30633E+16,5.23925E+16
113345,,12,0,60,5,2017,9,15,6,3,5,3,1,1,0,0,0,0,0,8.12133E+20,5.83809E+21,1.36102E+16,5.26029E+16
113346,,12,0,51,0,2017,10,14,3,2,2,6,0,0,0,1,1,0,0,7.44434E+20,5.81147E+21,1.25932E+16,5.23988E+16
113347,,12,0,60,5,2017,9,10,6,3,5,2,0,1,0,0,0,0,0,8.11365E+20,5.83197E+21,1.35931E+16,5.25486E+16
113348,,12,0,64,340,2017,9,6,6,3,4,2,0,1,0,0,0,1,0,8.52252E+20,5.84199E+21,1.42044E+16,5.26134E+16
113349,,12,0,51,0,2017,11,17,7,3,5,3,0,1,0,0,0,2,1,7.40106E+20,5.81484E+21,1.25321E+16,5.2431E+16
113350,,12,0,65,356,2017,11,8,2,3,5,3,0,1,0,0,0,0,1,7.90446E+20,5.87766E+21,1.3326E+16,5.29697E+16
113351,,12,0,51,0,2017,10,17,3,3,2,6,0,1,0,0,0,0,0,7.41538E+20,5.81492E+21,1.25532E+16,5.24311E+16
113352,,12,0,72,232,2017,10,4,6,3,9,1,0,1,0,0,0,2,1,7.82061E+20,5.77985E+21,1.31184E+16,5.20972E+16
113353,,12,0,63,208,2017,11,9,2,2,8,1,0,1,0,0,0,0,1,7.57653E+20,5.83356E+21,1.28041E+16,5.25909E+16
113354,,12,0,61,216,2017,10,12,3,3,5,2,0,1,0,0,0,0,0,8.23414E+20,5.78348E+21,1.37236E+16,5.21071E+16
113355,,12,0,73,572,2017,10,15,7,2,5,3,1,1,0,0,0,0,1,8.004E+20,5.8843E+21,1.34799E+16,5.30237E+16
113356,,12,0,64,336,2017,11,16,3,3,5,3,1,1,0,0,0,2,0,8.1739E+20,5.82959E+21,1.36794E+16,5.25237E+16
113357,,12,0,61,260,2017,10,11,3,3,5,2,0,1,0,0,1,0,0,8.20751E+20,5.81336E+21,1.37132E+16,5.23764E+16
113358,,12,0,69,397,2017,10,11,1,3,9,6,0,1,0,0,0,0,1,7.78601E+20,5.80232E+21,1.30865E+16,5.23004E+16
113359,,12,0,62,124,2017,11,9,3,3,2,6,0,1,0,0,0,0,0,8.13531E+20,5.71107E+21,1.35144E+16,5.14638E+16
113360,,12,0,62,341,2017,10,9,3,3,6,2,0,1,1,0,0,0,0,7.93539E+20,5.70657E+21,1.32237E+16,5.14341E+16
113361,,12,0,54,0,2017,10,11,2,3,2,6,0,1,0,0,0,0,0,7.77141E+20,5.8134E+21,1.30743E+16,5.24005E+16
113362,,12,0,62,24,2017,10,6,3,3,2,2,0,1,0,0,0,2,0,8.02794E+20,5.7156E+21,1.33642E+16,5.15102E+16
113363,,12,0,60,269,2017,11,8,4,3,2,6,0,1,0,0,0,0,1,7.99016E+20,5.84226E+21,1.34209E+16,5.26477E+16
113364,,12,0,71,244,2017,10,15,3,2,5,2,0,1,0,1,0,0,0,8.61398E+20,5.7477E+21,1.42384E+16,5.17633E+16
113365,,12,0,60,52,2017,10,16,3,2,5,3,0,1,0,0,0,0,0,8.22848E+20,5.86727E+21,1.37965E+16,5.28581E+16
113366,,12,0,60,20,2017,10,17,3,3,5,3,0,1,0,0,0,0,0,8.14026E+20,5.84542E+21,1.3645E+16,5.26675E+16
113367,,12,0,64,336,2017,10,15,3,3,0,6,0,0,0,1,0,0,0,8.18368E+20,5.83076E+21,1.36949E+16,5.25337E+16
113368,,12,0,64,227,2017,10,15,3,3,5,3,1,1,0,0,0,0,0,8.15426E+20,5.8286E+21,1.36496E+16,5.2516E+16
113369,,12,0,62,128,2017,11,17,6,3,6,3,0,1,1,0,0,2,0,7.93437E+20,5.72366E+21,1.32364E+16,5.15875E+16
113370,,12,0,64,227,2017,10,8,3,2,5,3,0,1,0,1,0,0,0,8.15418E+20,5.82503E+21,1.36461E+16,5.2484E+16
113371,,12,0,61,433,2017,11,16,7,3,5,3,0,1,0,0,0,1,1,8.10173E+20,5.81104E+21,1.35562E+16,5.23617E+16
113372,,12,0,62,341,2017,8,6,2,2,9,1,0,1,0,0,0,0,0,7.95443E+20,5.70586E+21,1.32504E+16,5.14268E+16
113373,,12,0,70,296,2017,11,8,2,3,2,1,0,1,0,0,0,0,1,6.9251E+20,5.88592E+21,1.18747E+16,5.3088E+16
113374,,12,0,62,140,2017,8,10,2,3,5,3,1,1,0,0,0,0,0,8.2606E+20,5.73044E+21,1.37121E+16,5.16303E+16
113375,,12,0,61,433,2017,11,15,2,3,6,4,0,1,1,0,0,1,1,8.01862E+20,5.81624E+21,1.34392E+16,5.24129E+16
113376,,12,0,69,17,2017,8,16,4,3,3,6,1,1,0,0,0,0,0,7.6978E+20,5.79477E+21,1.29514E+16,5.22371E+16
113377,,12,0,71,160,2017,8,6,2,3,5,3,1,1,0,0,0,1,0,8.91814E+20,5.77071E+21,1.47031E+16,5.19487E+16
113378,,12,0,64,136,2017,9,16,6,3,5,3,0,1,0,1,0,0,0,8.22738E+20,5.82969E+21,1.37581E+16,5.25215E+16
113379,,12,0,64,371,2017,9,17,6,3,5,3,0,1,0,0,0,0,0,8.48452E+20,5.85863E+21,1.41661E+16,5.27648E+16
113380,,12,0,69,306,2017,8,14,7,2,5,2,0,1,0,0,0,0,0,7.54569E+20,5.80235E+21,1.27349E+16,5.23123E+16
113381,,12,0,67,440,2017,9,10,6,3,2,2,0,1,0,0,0,0,0,8.20202E+20,5.82416E+21,1.37155E+16,5.24735E+16
113382,,12,0,62,417,2017,8,15,7,3,6,7,0,1,1,0,0,0,0,8.1682E+20,5.72299E+21,1.35723E+16,5.15688E+16
113383,,12,0,67,426,2017,9,6,6,3,7,7,0,1,0,0,0,1,0,8.49708E+20,5.79904E+21,1.41221E+16,5.22304E+16
113384,,12,0,60,20,2017,9,12,1,3,2,6,0,1,0,0,0,0,0,8.08524E+20,5.84617E+21,1.35646E+16,5.26774E+16
113385,,12,0,65,36,2017,9,3,6,3,2,6,0,1,0,0,1,2,0,7.90744E+20,5.84705E+21,1.33032E+16,5.26952E+16
113386,,12,0,67,76,2017,11,17,4,3,2,6,0,1,0,0,1,2,1,8.79994E+20,5.8054E+21,1.45706E+16,5.22673E+16
113387,,12,0,65,198,2017,9,10,2,3,3,2,0,1,0,0,1,0,0,7.84001E+20,5.86068E+21,1.32155E+16,5.28209E+16
113388,,12,0,65,251,2017,9,15,6,2,2,6,0,1,0,0,1,0,0,7.7845E+20,5.84766E+21,1.31222E+16,5.2707E+16
113389,,12,0,62,293,2017,8,12,7,2,2,2,0,1,0,1,0,0,0,8.33562E+20,5.72951E+21,1.38192E+16,5.16176E+16
113390,,12,0,66,240,2017,9,18,2,3,0,1,0,0,0,1,0,0,0,8.30885E+20,5.70325E+21,1.3756E+16,5.13838E+16
113391,,12,0,65,165,2017,11,7,5,3,3,2,0,1,0,0,1,0,1,7.65368E+20,5.85122E+21,1.2932E+16,5.27455E+16
113392,,12,0,68,468,2017,9,19,6,3,2,6,0,1,0,0,0,2,0,7.38041E+20,5.88303E+21,1.25512E+16,5.30437E+16
113393,,12,0,73,225,2017,8,13,7,3,8,1,0,0,0,1,0,0,0,8.34415E+20,5.90703E+21,1.40089E+16,5.32072E+16
113394,,12,0,67,413,2017,9,10,3,2,4,6,0,1,0,1,0,0,0,8.41174E+20,5.80082E+21,1.39994E+16,5.22517E+16
113395,,12,0,68,468,2017,9,16,6,3,6,7,0,1,1,0,0,0,0,7.33333E+20,5.88945E+21,1.24858E+16,5.31034E+16
113396,,12,0,69,590,2017,11,1,5,2,3,6,0,0,0,0,1,2,1,7.63169E+20,5.80338E+21,1.28616E+16,5.23176E+16
113397,,12,0,68,468,2017,9,15,6,3,2,6,0,1,0,0,0,0,0,7.36077E+20,5.88672E+21,1.25247E+16,5.30776E+16
113398,,12,0,73,69,2017,8,22,7,3,8,7,0,1,0,0,0,2,0,8.14007E+20,5.90781E+21,1.37051E+16,5.32266E+16
113399,,12,0,67,469,2017,9,10,3,3,2,6,0,0,0,0,1,0,0,8.37386E+20,5.80725E+21,1.39506E+16,5.23117E+16
113400,,12,0,64,472,2017,10,7,3,3,2,2,0,1,0,0,0,0,0,8.34882E+20,5.83385E+21,1.39406E+16,5.25515E+16
113401,,12,0,65,144,2017,9,18,6,3,5,3,0,1,0,1,0,0,0,7.88392E+20,5.84807E+21,1.32693E+16,5.27055E+16
113402,,12,0,54,0,2017,11,11,6,3,0,6,0,1,0,0,0,0,0,7.76763E+20,5.82016E+21,1.30744E+16,5.24614E+16
113403,,12,0,68,109,2017,9,13,6,2,8,1,0,1,0,0,0,0,0,7.329E+20,5.85748E+21,1.24564E+16,5.28167E+16
113404,,12,0,64,472,2017,10,21,3,2,8,1,0,1,0,0,0,2,0,8.29364E+20,5.83461E+21,1.38602E+16,5.25616E+16
113405,,12,0,66,196,2017,10,13,5,3,1,6,1,1,0,0,0,0,0,8.41945E+20,5.75705E+21,1.39669E+16,5.18592E+16
113406,,12,0,72,17,2017,9,7,5,3,8,7,0,1,0,0,0,0,0,8.02644E+20,5.80439E+21,1.344E+16,5.23063E+16
113407,,12,0,60,198,2017,8,9,1,2,5,3,0,1,0,0,0,0,0,8.17445E+20,5.87059E+21,1.37198E+16,5.2891E+16
113408,,12,0,60,198,2017,8,13,2,3,5,2,0,1,0,0,1,0,1,8.14017E+20,5.86606E+21,1.36646E+16,5.28525E+16
113409,,12,0,67,469,2017,10,14,3,2,5,2,0,1,0,1,0,0,0,8.32462E+20,5.81027E+21,1.38816E+16,5.23417E+16
113410,,12,0,67,24,2017,10,15,3,2,5,3,1,1,0,0,0,0,0,8.43798E+20,5.80351E+21,1.40404E+16,5.22742E+16
113411,,12,0,65,198,2017,10,12,6,2,9,7,0,1,0,0,0,0,0,7.81612E+20,5.86923E+21,1.31875E+16,5.28988E+16
113412,,12,0,68,320,2017,8,15,2,3,4,6,0,0,0,1,1,0,0,7.5429E+20,5.86977E+21,1.27827E+16,5.29173E+16
113413,,12,0,64,44,2017,8,15,2,3,2,6,0,1,0,0,1,0,1,8.37236E+20,5.86049E+21,1.40024E+16,5.27886E+16
113414,,12,0,65,225,2017,10,21,3,3,7,7,0,0,0,1,0,2,0,7.93825E+20,5.84282E+21,1.33448E+16,5.26555E+16
113415,,12,0,66,296,2017,10,12,6,3,1,6,0,1,0,0,1,0,0,8.39819E+20,5.71374E+21,1.3894E+16,5.14725E+16
113416,,12,0,72,240,2017,9,10,5,3,0,7,1,0,0,1,1,0,1,7.91062E+20,5.8025E+21,1.32689E+16,5.22956E+16
113417,,12,0,68,117,2017,8,11,2,3,2,6,0,1,0,0,0,0,0,7.55698E+20,5.85796E+21,1.27943E+16,5.28107E+16
113418,,12,0,65,225,2017,10,17,3,3,2,6,0,1,0,1,0,0,0,7.96028E+20,5.84107E+21,1.33758E+16,5.26386E+16
113419,,12,0,65,136,2017,8,13,2,3,2,2,0,1,0,0,0,0,0,7.84614E+20,5.83763E+21,1.32046E+16,5.2614E+16
113420,,12,0,65,225,2017,10,10,3,3,2,6,0,1,0,0,0,0,0,7.95717E+20,5.84563E+21,1.33753E+16,5.26797E+16
113421,,12,0,63,208,2017,9,14,6,3,1,6,0,1,0,0,1,0,1,7.5575E+20,5.83658E+21,1.27784E+16,5.26189E+16
113422,,12,0,72,297,2017,11,20,3,3,5,3,0,1,0,0,0,2,1,7.82943E+20,5.76304E+21,1.31174E+16,5.1946E+16
113423,,12,0,67,120,2017,9,14,7,3,5,2,0,1,0,0,0,0,0,8.85655E+20,5.79278E+21,1.46388E+16,5.21505E+16
113424,,12,0,54,0,2017,11,19,4,2,6,4,0,1,1,0,0,2,0,7.75311E+20,5.81312E+21,1.30473E+16,5.2399E+16
113425,,12,0,73,452,2017,11,16,5,3,4,2,0,1,0,0,0,2,0,8.23807E+20,5.91855E+21,1.38623E+16,5.33168E+16
113426,,12,0,60,5,2017,8,19,4,3,4,2,1,1,0,0,0,0,0,8.10258E+20,5.83499E+21,1.35797E+16,5.25762E+16
113427,,12,0,65,36,2017,10,8,3,3,1,5,0,1,0,1,0,0,0,7.89995E+20,5.84609E+21,1.32913E+16,5.2687E+16
113428,,12,0,65,36,2017,10,6,3,3,2,6,0,1,0,0,1,2,1,7.8892E+20,5.84702E+21,1.32762E+16,5.26959E+16
113429,,12,0,72,169,2017,9,14,5,2,0,7,1,0,0,0,0,0,0,7.79064E+20,5.76803E+21,1.30652E+16,5.19927E+16
113430,,12,0,60,52,2017,11,15,6,2,6,4,0,1,1,0,0,0,1,8.25372E+20,5.86422E+21,1.38308E+16,5.28293E+16
113431,,12,0,66,296,2017,9,21,2,3,7,7,0,1,0,0,0,2,0,8.3924E+20,5.7155E+21,1.38874E+16,5.14886E+16
113432,,12,0,67,120,2017,11,18,5,3,0,7,1,0,0,0,0,2,1,8.84376E+20,5.79301E+21,1.46205E+16,5.21534E+16
113433,,12,0,63,273,2017,9,16,5,3,5,3,1,0,0,0,1,0,0,7.79275E+20,5.83748E+21,1.31258E+16,5.26153E+16
113434,,12,0,67,544,2017,9,17,3,2,5,3,0,1,0,1,0,0,0,8.23164E+20,5.82183E+21,1.37567E+16,5.24509E+16
113435,,12,0,69,590,2017,11,1,5,2,1,6,0,1,0,0,1,2,1,7.63158E+20,5.80337E+21,1.28614E+16,5.23174E+16
113436,,12,0,54,0,2017,9,9,5,3,2,6,0,1,0,0,0,0,0,7.75362E+20,5.8128E+21,1.30477E+16,5.23961E+16
113437,,12,0,51,0,2017,9,10,3,3,1,6,0,1,0,0,0,0,0,7.3275E+20,5.81242E+21,1.24224E+16,5.24124E+16
113438,,12,0,65,136,2017,10,15,3,2,2,6,0,1,0,0,0,0,0,7.84606E+20,5.83985E+21,1.32064E+16,5.26338E+16
113439,,12,0,54,0,2017,11,9,6,3,1,5,0,1,0,0,1,0,0,7.75635E+20,5.81277E+21,1.30517E+16,5.23957E+16
113440,,12,0,69,20,2017,9,15,5,3,5,3,0,1,0,0,0,0,0,7.41706E+20,5.78422E+21,1.25336E+16,5.21555E+16
113441,,12,0,68,320,2017,9,16,4,3,5,3,1,1,0,0,0,0,0,7.55073E+20,5.87035E+21,1.27947E+16,5.29222E+16
113442,,12,0,65,256,2017,10,19,3,3,0,7,0,0,0,1,0,2,0,7.86078E+20,5.8535E+21,1.32399E+16,5.27555E+16
113443,,12,0,61,332,2017,10,20,5,3,2,6,0,1,0,0,1,2,0,8.1211E+20,5.80072E+21,1.3575E+16,5.22681E+16
113444,,12,0,51,0,2017,9,10,5,3,5,3,1,1,0,0,0,0,0,7.41603E+20,5.81337E+21,1.2553E+16,5.24171E+16
113445,,12,0,54,0,2017,11,10,7,3,5,2,1,1,0,0,0,0,0,7.74839E+20,5.81267E+21,1.304E+16,5.23951E+16
113446,,12,0,66,296,2017,9,10,5,3,2,6,0,1,0,0,0,0,0,8.38092E+20,5.71296E+21,1.38685E+16,5.14666E+16
113447,,12,0,62,341,2017,8,4,1,3,9,7,0,1,0,0,0,2,0,7.96186E+20,5.70356E+21,1.32591E+16,5.14058E+16
113448,,12,0,54,0,2017,9,3,4,3,5,3,1,0,0,0,1,2,0,7.75662E+20,5.81357E+21,1.30528E+16,5.24028E+16
113449,,12,0,69,306,2017,10,7,2,3,8,7,0,0,0,0,1,1,0,7.40464E+20,5.8055E+21,1.25306E+16,5.2347E+16
113450,,12,0,65,136,2017,10,18,6,3,2,2,0,1,0,0,0,2,1,7.83144E+20,5.84229E+21,1.31869E+16,5.26565E+16
113451,,12,0,61,164,2017,9,14,5,2,0,7,0,0,0,0,1,0,0,8.19064E+20,5.7657E+21,1.36437E+16,5.19503E+16
113452,,12,0,67,124,2017,11,9,2,2,6,4,0,0,1,0,1,0,0,8.23114E+20,5.8187E+21,1.37529E+16,5.24229E+16
113453,,12,0,61,332,2017,9,15,5,3,4,6,0,1,0,0,1,0,0,8.08207E+20,5.79879E+21,1.35162E+16,5.2253E+16
113454,,12,0,68,477,2017,8,9,2,3,2,2,0,0,0,0,1,0,0,7.41952E+20,5.86441E+21,1.25955E+16,5.28749E+16
113455,,12,0,69,306,2017,8,9,1,3,2,6,0,1,0,0,0,0,0,7.58168E+20,5.80551E+21,1.279E+16,5.2339E+16
113456,,12,0,72,298,2017,10,7,2,3,7,7,0,1,0,0,0,1,0,7.85323E+20,5.76354E+21,1.31523E+16,5.19493E+16
113457,,12,0,69,454,2017,10,11,2,3,5,3,1,1,0,0,0,0,0,7.81287E+20,5.80456E+21,1.31277E+16,5.23191E+16
113458,,12,0,61,260,2017,10,16,6,3,9,1,0,1,0,0,0,0,0,8.18869E+20,5.80653E+21,1.36792E+16,5.23163E+16
113459,,12,0,62,140,2017,9,8,5,3,5,3,1,1,0,0,0,0,0,8.25851E+20,5.72999E+21,1.37086E+16,5.16263E+16
113460,,12,0,61,444,2017,8,10,2,3,8,6,0,1,0,0,1,0,0,8.13051E+20,5.80862E+21,1.3596E+16,5.23384E+16
113461,,12,0,69,590,2017,8,5,1,3,8,7,0,1,0,0,0,1,0,7.63165E+20,5.80339E+21,1.28615E+16,5.23176E+16
113462,,12,0,69,616,2017,10,10,2,3,5,2,0,1,0,1,0,0,0,7.90691E+20,5.80963E+21,1.32697E+16,5.23597E+16
113463,,12,0,69,665,2017,10,9,2,3,2,6,0,1,0,0,0,0,0,7.34945E+20,5.77727E+21,1.24302E+16,5.20961E+16
113464,,12,0,67,357,2017,10,17,7,3,2,2,0,0,0,1,1,1,0,8.86888E+20,5.78604E+21,1.46491E+16,5.20893E+16
113465,,12,0,71,337,2017,9,19,5,2,8,1,0,1,0,0,0,2,0,8.78639E+20,5.77299E+21,1.45148E+16,5.19782E+16
113466,,12,0,53,0,2017,8,9,3,2,5,3,1,0,0,0,1,0,0,8.73246E+20,5.80849E+21,1.44756E+16,5.22995E+16
113467,,12,0,72,240,2017,8,15,1,3,9,6,1,0,0,0,0,0,0,7.89771E+20,5.8036E+21,1.3251E+16,5.23061E+16
113468,,12,0,51,0,2017,10,10,2,3,2,6,0,1,0,0,1,0,0,7.45395E+20,5.81279E+21,1.26082E+16,5.24102E+16
113469,,12,0,62,140,2017,10,9,2,3,5,2,1,1,0,0,0,0,0,8.25612E+20,5.73112E+21,1.37063E+16,5.16366E+16
113470,,12,0,63,256,2017,10,7,7,3,8,1,0,0,0,0,1,0,0,7.49283E+20,5.83846E+21,1.26845E+16,5.26388E+16
113471,,12,0,52,0,2017,9,6,5,3,5,3,1,1,0,0,0,1,0,8.66105E+20,5.7471E+21,1.43057E+16,5.17548E+16
113472,,12,0,52,0,2017,10,17,2,2,5,3,1,1,0,0,0,0,0,8.69315E+20,5.74706E+21,1.4352E+16,5.17523E+16
113473,,12,0,67,144,2017,10,5,2,3,9,6,0,1,0,0,0,2,0,8.45623E+20,5.8104E+21,1.40741E+16,5.23347E+16
113474,,12,0,60,20,2017,9,16,5,3,5,2,1,1,0,0,0,0,0,8.09762E+20,5.84616E+21,1.35828E+16,5.26766E+16
113475,,12,0,64,472,2017,9,12,5,3,2,6,0,1,0,0,0,0,0,8.29419E+20,5.83498E+21,1.38614E+16,5.25649E+16
113476,,12,0,73,452,2017,11,7,6,3,4,2,1,1,0,0,0,1,0,8.23413E+20,5.91809E+21,1.3856E+16,5.3313E+16
113477,,12,0,72,426,2017,11,11,6,3,9,1,0,1,0,0,0,0,0,7.88955E+20,5.79533E+21,1.3232E+16,5.22324E+16
113478,,12,0,73,532,2017,10,12,2,3,4,2,1,1,0,0,0,0,0,8.53231E+20,5.89238E+21,1.42733E+16,5.30638E+16
113479,,12,0,73,572,2017,10,15,5,2,8,1,0,1,0,0,0,0,0,8.04459E+20,5.88129E+21,1.35374E+16,5.29945E+16
113480,,12,0,62,140,2017,11,19,1,3,5,3,1,1,0,0,0,2,0,8.2606E+20,5.73044E+21,1.37121E+16,5.16303E+16
113481,,12,0,64,317,2017,10,11,2,2,5,3,0,1,0,0,0,0,0,8.50012E+20,5.82836E+21,1.41571E+16,5.24928E+16
113482,,12,0,62,140,2017,10,21,6,3,3,2,1,0,0,0,1,2,1,8.26278E+20,5.72915E+21,1.3714E+16,5.16186E+16
113483,,12,0,51,0,2017,11,6,2,2,5,3,1,1,0,0,0,2,1,7.38846E+20,5.8165E+21,1.25148E+16,5.24464E+16
113484,,12,0,67,544,2017,10,7,2,3,5,3,0,0,0,1,1,1,0,8.23081E+20,5.82263E+21,1.37563E+16,5.24581E+16
113485,,12,0,65,251,2017,10,6,7,3,9,1,0,1,0,0,0,2,1,7.79178E+20,5.84119E+21,1.31275E+16,5.26487E+16
113486,,12,0,65,332,2017,11,16,3,3,2,2,0,1,0,1,0,1,0,7.82412E+20,5.84654E+21,1.31798E+16,5.2695E+16
113487,,12,0,67,144,2017,10,14,2,3,3,6,1,0,0,0,1,0,0,8.43172E+20,5.81414E+21,1.40421E+16,5.23698E+16
113488,,12,0,70,296,2017,10,16,2,3,5,3,0,1,0,1,0,0,0,6.92726E+20,5.88405E+21,1.18768E+16,5.30711E+16
113489,,12,0,71,372,2017,10,15,1,3,5,3,0,1,0,0,0,0,0,8.7195E+20,5.72684E+21,1.43685E+16,5.15696E+16
113490,,12,0,68,320,2017,10,13,2,2,5,3,0,1,0,1,0,0,0,7.5591E+20,5.87235E+21,1.28087E+16,5.29397E+16
113491,,12,0,70,316,2017,10,14,2,2,8,1,0,1,0,0,0,0,0,7.18992E+20,5.89895E+21,1.22784E+16,5.31947E+16
113492,,12,0,72,477,2017,10,18,1,3,5,3,0,1,0,0,0,0,0,8.05963E+20,5.78862E+21,1.34742E+16,5.21631E+16
113493,,12,0,67,426,2017,10,18,3,3,7,7,0,1,0,0,0,2,1,8.54102E+20,5.79822E+21,1.41853E+16,5.22203E+16
113494,,12,0,72,312,2017,10,13,1,3,8,7,0,0,0,1,0,0,0,7.9475E+20,5.77919E+21,1.33026E+16,5.20846E+16
113495,,12,0,72,312,2017,10,13,1,2,8,1,0,0,0,1,0,0,0,7.85608E+20,5.788E+21,1.31769E+16,5.21685E+16
113496,,12,0,63,244,2017,10,2,1,2,9,1,0,1,0,0,0,2,0,7.28135E+20,5.82451E+21,1.2363E+16,5.25229E+16
113497,,12,0,51,0,2017,11,16,5,3,5,3,0,1,0,0,0,0,0,7.42193E+20,5.81148E+21,1.25603E+16,5.23998E+16
113498,,12,0,63,208,2017,10,15,1,3,2,2,0,1,0,0,0,0,0,7.55113E+20,5.83149E+21,1.27651E+16,5.25735E+16