OBJECTID,UIDENTSTLA,ULAND,UREGBEZ,UKREIS,UGEMEINDE,UJAHR,UMONAT,USTUNDE,UWOCHENTAG,UKATEGORIE,UART,UTYP1,IstRad,IstPKW,IstFuss,IstKrad,IstSonstig,LICHT,STRZUSTAND,LINREFX,LINREFY,XGCSWGS84,YGCSWGS84
113499,,12,0,53,0,2017,11,18,6,3,5,2,0,1,0,1,0,2,0,8.77731E+20,5.81414E+21,1.45474E+16,5.2347E+16
113500,,12,0,63,56,2017,10,12,1,2,4,6,1,0,0,0,0,0,1,7.76117E+20,5.81992E+21,1.30647E+16,5.24595E+16
113501,,12,0,69,656,2017,11,7,6,2,5,3,1,1,0,0,0,1,1,7.67214E+20,5.81665E+21,1.29314E+16,5.24346E+16
113502,,12,0,63,252,2017,8,22,1,2,0,7,1,0,0,0,0,2,0,7.26139E+20,5.83406E+21,1.23401E+16,5.26094E+16
113503,,12,0,69,397,2017,11,19,1,3,8,7,0,1,0,0,0,2,1,7.78987E+20,5.80404E+21,1.30936E+16,5.23156E+16
113504,,12,0,63,148,2017,8,3,1,3,9,1,0,1,0,0,0,2,0,7.61052E+20,5.82189E+21,1.2845E+16,5.24846E+16
113505,,12,0,64,472,2017,11,7,2,3,2,6,0,1,0,0,0,1,1,8.32334E+20,5.83585E+21,1.39051E+16,5.25709E+16
113506,,12,0,69,656,2017,8,16,1,3,1,6,0,1,0,1,0,0,0,7.65118E+20,5.80955E+21,1.2895E+16,5.23719E+16
113507,,12,0,67,426,2017,9,13,5,2,5,3,0,1,0,0,0,0,0,8.47314E+20,5.79669E+21,1.40847E+16,5.22109E+16
113508,,12,0,65,332,2017,9,19,5,3,6,7,0,1,1,0,0,2,0,7.84424E+20,5.84398E+21,1.32072E+16,5.26709E+16
113509,,12,0,68,320,2017,9,0,7,2,3,6,0,1,0,1,0,2,0,7.5288E+20,5.86528E+21,1.27582E+16,5.28777E+16
113510,,12,0,65,256,2017,9,15,5,3,3,2,1,1,0,0,0,0,0,7.85559E+20,5.85293E+21,1.32317E+16,5.27506E+16
113511,,12,0,69,306,2017,9,11,7,3,2,6,0,1,0,0,0,0,0,7.41176E+20,5.80586E+21,1.25413E+16,5.23498E+16
113512,,12,0,72,240,2017,9,12,4,3,3,6,0,1,0,0,0,0,0,7.93083E+20,5.80394E+21,1.32997E+16,5.23074E+16
113513,,12,0,60,154,2017,8,13,7,2,5,3,0,1,0,1,0,0,0,8.10461E+20,5.86587E+21,1.36118E+16,5.28528E+16
113514,,12,0,72,14,2017,9,12,1,3,7,7,0,0,0,1,1,0,0,8.07155E+20,5.77608E+21,1.34803E+16,5.205E+16
113515,,12,0,72,426,2017,9,8,4,3,5,3,0,1,0,0,0,0,0,7.89748E+20,5.79766E+21,1.32455E+16,5.22529E+16
113516,,12,0,65,36,2017,8,14,7,3,5,3,0,1,0,0,0,0,0,7.88945E+20,5.84679E+21,1.32764E+16,5.26938E+16
113517,,12,0,73,393,2017,9,7,2,3,4,6,0,1,0,0,0,0,0,8.60248E+20,5.91855E+21,1.4407E+16,5.32934E+16
113518,,12,0,72,120,2017,9,8,4,3,8,7,0,1,0,0,0,0,1,7.9572E+20,5.80836E+21,1.33422E+16,5.23457E+16
113519,,12,0,61,20,2017,9,5,4,2,5,3,1,0,0,0,1,2,1,8.16098E+20,5.79817E+21,1.36308E+16,5.2243E+16
113520,,12,0,68,353,2017,8,10,7,2,8,1,0,0,0,1,0,0,0,7.62992E+20,5.89092E+21,1.2929E+16,5.31028E+16
113521,,12,0,63,244,2017,9,13,2,2,6,4,0,1,1,0,0,0,0,7.26433E+20,5.82534E+21,1.23385E+16,5.2531E+16
113522,,12,0,62,445,2017,9,15,4,2,5,3,0,1,0,0,1,0,0,8.04595E+20,5.73962E+21,1.34109E+16,5.17246E+16
113523,,12,0,62,128,2017,11,8,5,2,2,2,0,1,0,0,0,0,0,7.94185E+20,5.72375E+21,1.32473E+16,5.15878E+16
113524,,12,0,67,124,2017,9,17,4,3,0,3,1,1,0,0,0,0,0,8.22984E+20,5.81919E+21,1.37515E+16,5.24273E+16
113525,,12,0,69,306,2017,8,13,6,3,3,6,0,1,0,0,1,0,0,7.45829E+20,5.80596E+21,1.26096E+16,5.23487E+16
113526,,12,0,67,124,2017,9,15,4,3,5,3,1,0,0,0,1,0,0,8.23538E+20,5.81851E+21,1.3759E+16,5.24209E+16
113527,,12,0,63,357,2017,8,22,6,3,8,7,0,1,0,0,0,2,0,7.68803E+20,5.8305E+21,1.29658E+16,5.2558E+16
113528,,12,0,66,296,2017,10,18,1,3,3,6,0,1,0,0,0,0,0,8.37637E+20,5.71305E+21,1.38621E+16,5.14677E+16
113529,,12,0,68,426,2017,10,13,5,3,0,1,0,0,0,0,1,0,0,7.43247E+20,5.86474E+21,1.2615E+16,5.28772E+16
113530,,12,0,65,225,2017,9,18,4,3,5,2,1,1,0,0,0,0,0,7.96115E+20,5.84078E+21,1.33768E+16,5.26361E+16
113531,,12,0,65,136,2017,8,13,1,3,5,3,1,1,0,0,0,0,0,7.84237E+20,5.83667E+21,1.31982E+16,5.26056E+16
113532,,12,0,65,251,2017,9,7,4,3,5,3,1,1,0,0,0,0,1,7.80596E+20,5.84261E+21,1.31496E+16,5.26607E+16
113533,,12,0,60,52,2017,8,18,5,3,2,6,0,1,0,0,0,0,1,8.22519E+20,5.8648E+21,1.37892E+16,5.28362E+16
113534,,12,0,65,193,2017,9,10,4,3,0,1,1,0,0,0,0,0,0,7.95058E+20,5.86678E+21,1.33846E+16,5.28697E+16
113535,,12,0,63,208,2017,8,14,5,3,1,6,0,1,0,0,0,0,0,7.62856E+20,5.83621E+21,1.28829E+16,5.26121E+16
113536,,12,0,65,256,2017,9,6,4,3,7,7,0,1,0,0,0,1,1,7.89942E+20,5.85126E+21,1.3295E+16,5.27333E+16
113537,,12,0,65,256,2017,9,12,4,2,6,4,1,0,1,0,0,0,0,7.86422E+20,5.85365E+21,1.32451E+16,5.27566E+16
113538,,12,0,63,80,2017,8,9,6,3,3,6,0,1,0,0,1,0,0,7.79294E+20,5.83031E+21,1.312E+16,5.25511E+16
113539,,12,0,69,397,2017,9,11,3,3,3,6,0,1,0,0,1,0,0,7.77703E+20,5.80228E+21,1.30734E+16,5.23005E+16
113540,,12,0,63,80,2017,8,9,6,3,5,3,1,1,0,0,0,0,0,7.75885E+20,5.8336E+21,1.30726E+16,5.25823E+16
113541,,12,0,72,120,2017,9,18,3,3,5,3,0,1,0,0,1,0,0,7.91945E+20,5.80871E+21,1.32872E+16,5.23508E+16
113542,,12,0,72,297,2017,9,10,3,2,8,1,0,1,0,0,0,0,0,7.80905E+20,5.76335E+21,1.30881E+16,5.19498E+16
113543,,12,0,72,14,2017,9,13,1,3,2,6,0,1,0,0,0,0,0,8.07395E+20,5.77607E+21,1.34838E+16,5.20498E+16
113544,,12,0,69,604,2017,9,15,3,3,5,3,1,1,0,0,0,0,0,7.87045E+20,5.81285E+21,1.3219E+16,5.23905E+16
113545,,12,0,73,309,2017,9,4,2,3,7,7,0,1,0,0,0,2,0,8.56621E+20,5.90416E+21,1.43367E+16,5.3167E+16
113546,,12,0,69,474,2017,9,16,3,2,2,2,0,1,0,0,0,0,0,7.49059E+20,5.77857E+21,1.26368E+16,5.21016E+16
113547,,12,0,72,232,2017,9,13,2,3,2,6,0,1,0,0,1,0,0,7.8238E+20,5.78141E+21,1.31244E+16,5.2111E+16
113548,,12,0,72,169,2017,11,6,5,3,5,3,0,1,0,0,0,1,1,7.82291E+20,5.76605E+21,1.31104E+16,5.19733E+16
113549,,12,0,69,224,2017,9,17,3,3,0,1,1,0,0,0,0,0,0,7.30742E+20,5.78554E+21,1.23745E+16,5.2172E+16
113550,,12,0,54,0,2017,8,16,6,3,0,1,1,0,0,0,0,0,0,7.74815E+20,5.81264E+21,1.30396E+16,5.23949E+16
113551,,12,0,60,269,2017,9,14,3,3,5,3,1,1,0,0,0,0,0,8.0025E+20,5.85192E+21,1.34478E+16,5.27336E+16
113552,,12,0,69,20,2017,9,13,3,2,5,2,0,1,0,0,1,0,0,7.45898E+20,5.78335E+21,1.25941E+16,5.21458E+16
113553,,12,0,60,52,2017,11,19,6,3,5,3,0,1,0,0,0,2,1,8.25346E+20,5.86786E+21,1.38341E+16,5.28619E+16
113554,,12,0,69,17,2017,9,14,3,2,8,1,1,0,0,0,0,0,0,7.67283E+20,5.79829E+21,1.29178E+16,5.22699E+16
113555,,12,0,69,632,2017,8,13,6,3,0,7,1,0,0,0,0,0,0,7.6768E+20,5.78351E+21,1.29119E+16,5.21372E+16
113556,,12,0,72,477,2017,9,11,3,3,3,6,0,1,0,0,1,0,0,8.11141E+20,5.79472E+21,1.35553E+16,5.22149E+16
113557,,12,0,68,280,2017,10,13,5,3,5,3,1,0,0,0,1,0,0,7.67758E+20,5.87675E+21,1.29882E+16,5.29733E+16
113558,,12,0,61,435,2017,9,18,3,3,3,6,0,0,0,0,1,1,0,8.22918E+20,5.7727E+21,1.37062E+16,5.20107E+16
113559,,12,0,65,96,2017,11,13,7,3,5,3,0,1,0,0,0,0,0,7.91833E+20,5.84038E+21,1.33133E+16,5.26348E+16
113560,,12,0,66,296,2017,9,19,3,3,8,7,0,1,0,0,0,2,0,8.35896E+20,5.71328E+21,1.38373E+16,5.14708E+16
113561,,12,0,68,425,2017,8,0,1,3,2,6,0,1,0,0,0,2,0,7.40101E+20,5.88023E+21,1.25798E+16,5.30177E+16
113562,,12,0,72,477,2017,10,15,5,2,4,6,0,1,0,0,1,0,0,8.05481E+20,5.79005E+21,1.34685E+16,5.21761E+16
113563,,12,0,66,176,2017,9,12,3,2,0,7,1,1,0,0,0,0,0,8.32802E+20,5.71617E+21,1.37956E+16,5.14985E+16
113564,,12,0,54,0,2017,8,0,1,3,0,1,1,0,0,0,0,2,0,7.75677E+20,5.81369E+21,1.30531E+16,5.24039E+16
113565,,12,0,54,0,2017,8,16,1,2,4,6,0,1,0,1,0,0,0,7.71832E+20,5.80952E+21,1.29933E+16,5.23684E+16
113566,,12,0,66,52,2017,10,20,1,2,9,7,0,1,0,0,1,2,0,8.36055E+20,5.7477E+21,1.38726E+16,5.17791E+16
113567,,12,0,61,433,2017,10,16,1,3,2,6,0,1,0,0,0,0,0,8.07405E+20,5.81425E+21,1.35186E+16,5.2392E+16
113568,,12,0,60,5,2017,10,11,6,2,2,6,0,1,0,0,0,0,0,8.13088E+20,5.83667E+21,1.36229E+16,5.25897E+16
113569,,12,0,61,219,2017,9,14,3,2,4,6,0,1,0,0,1,0,0,8.22416E+20,5.75025E+21,1.36779E+16,5.18099E+16
113570,,12,0,60,149,2017,8,13,2,2,9,1,0,1,0,0,0,0,0,8.42668E+20,5.87618E+21,1.40991E+16,5.29256E+16
113571,,12,0,51,0,2017,8,11,1,3,5,3,1,1,0,0,0,0,0,7.43322E+20,5.81219E+21,1.25774E+16,5.24058E+16
113572,,12,0,61,329,2017,10,1,1,2,0,1,0,0,0,1,0,2,0,8.39492E+20,5.7755E+21,1.39496E+16,5.2026E+16
113573,,12,0,61,448,2017,10,15,1,2,5,3,1,0,0,0,1,0,0,8.16808E+20,5.78725E+21,1.3631E+16,5.21447E+16
113574,,12,0,72,17,2017,10,9,6,3,2,2,0,1,0,1,0,0,0,8.02588E+20,5.80886E+21,1.34432E+16,5.23464E+16
113575,,12,0,61,192,2017,9,18,3,3,7,7,0,1,0,0,0,0,1,8.18954E+20,5.78926E+21,1.36641E+16,5.21614E+16
113576,,12,0,72,340,2017,8,19,1,3,2,6,0,1,0,0,0,1,1,8.05453E+20,5.80543E+21,1.3482E+16,5.23141E+16
113577,,12,0,61,260,2017,10,11,1,3,1,5,1,1,0,0,0,0,0,8.20221E+20,5.80467E+21,1.36972E+16,5.22988E+16
113578,,12,0,62,341,2017,10,16,1,2,8,1,0,0,0,1,0,0,0,7.9316E+20,5.71489E+21,1.32251E+16,5.15089E+16
113579,,12,0,65,256,2017,9,12,1,3,0,2,1,0,0,0,0,0,0,7.85922E+20,5.85332E+21,1.32375E+16,5.2754E+16
113580,,12,0,64,29,2017,11,7,5,3,0,7,0,0,0,1,1,1,1,8.20613E+20,5.83437E+21,1.37314E+16,5.25647E+16
113581,,12,0,65,96,2017,11,10,6,3,6,4,0,0,1,0,1,0,1,7.91646E+20,5.83995E+21,1.33102E+16,5.2631E+16
113582,,12,0,66,304,2017,8,15,4,2,2,6,0,1,0,0,1,0,0,8.50332E+20,5.71896E+21,1.405E+16,5.15128E+16
113583,,12,0,71,401,2017,10,12,1,3,3,6,0,1,0,0,0,0,0,8.69492E+20,5.76232E+21,1.43708E+16,5.18889E+16
113584,,12,0,71,301,2017,10,16,3,3,4,6,0,1,0,0,1,0,0,8.80963E+20,5.73983E+21,1.45121E+16,5.16798E+16
113585,,12,0,69,17,2017,11,9,6,2,5,3,0,1,0,0,0,0,1,7.66563E+20,5.79817E+21,1.29071E+16,5.22691E+16
113586,,12,0,73,572,2017,10,16,1,2,5,3,0,1,0,1,0,0,0,7.907E+20,5.89827E+21,1.33484E+16,5.31543E+16
113587,,12,0,64,428,2017,10,14,5,3,5,3,0,1,0,0,0,0,0,8.23E+20,5.82438E+21,1.37568E+16,5.24738E+16
113588,,12,0,69,665,2017,11,15,7,2,2,6,0,1,0,0,0,0,1,7.35238E+20,5.7783E+21,1.24352E+16,5.21052E+16
113589,,12,0,60,296,2017,10,14,1,3,7,7,0,0,0,1,0,0,0,8.28749E+20,5.87849E+21,1.38952E+16,5.29551E+16
113590,,12,0,60,5,2017,10,6,6,2,6,2,0,1,1,0,0,2,0,8.11368E+20,5.83197E+21,1.35932E+16,5.25486E+16
113591,,12,0,67,124,2017,11,16,2,2,5,3,1,1,0,0,0,2,1,8.22927E+20,5.81911E+21,1.37506E+16,5.24266E+16
113592,,12,0,60,100,2017,10,11,1,3,8,1,0,0,0,1,0,0,0,8.16967E+20,5.87646E+21,1.37184E+16,5.29439E+16
113593,,12,0,60,45,2017,10,11,1,2,9,1,0,0,0,1,0,0,0,8.27552E+20,5.86759E+21,1.38665E+16,5.28581E+16
113594,,12,0,72,232,2017,10,5,6,2,7,7,0,1,0,0,1,2,1,7.82036E+20,5.78025E+21,1.31184E+16,5.21008E+16
113595,,12,0,60,5,2017,10,12,1,2,8,1,0,0,0,1,0,0,0,8.12649E+20,5.83906E+21,1.36187E+16,5.26113E+16
113596,,12,0,60,269,2017,10,23,1,2,7,7,0,0,0,1,0,2,0,7.98285E+20,5.84551E+21,1.3413E+16,5.26772E+16
113597,,12,0,71,244,2017,10,4,7,3,8,7,0,1,0,0,0,2,1,8.58953E+20,5.75021E+21,1.42058E+16,5.17873E+16
113598,,12,0,60,269,2017,10,15,1,2,0,1,0,0,0,1,0,0,0,8.05573E+20,5.85481E+21,1.35291E+16,5.27565E+16
113599,,12,0,69,306,2017,10,17,1,3,2,6,0,1,0,0,0,2,1,7.45248E+20,5.80612E+21,1.26012E+16,5.23504E+16
113600,,12,0,64,512,2017,10,13,1,3,8,1,0,0,0,1,0,0,0,8.3673E+20,5.85538E+21,1.39897E+16,5.27431E+16
113601,,12,0,64,408,2017,10,10,1,3,0,7,1,0,0,0,0,0,0,8.32681E+20,5.83007E+21,1.39045E+16,5.25189E+16
113602,,12,0,63,252,2017,11,17,4,2,9,1,0,1,0,0,0,2,1,7.25586E+20,5.83453E+21,1.23323E+16,5.26139E+16
113603,,12,0,65,332,2017,10,10,1,2,2,6,0,1,0,0,0,0,0,7.84145E+20,5.8462E+21,1.3205E+16,5.2691E+16
113604,,12,0,73,579,2017,11,6,5,2,8,1,0,0,0,0,1,1,1,8.16771E+20,5.93092E+21,1.37695E+16,5.34319E+16
113605,,12,0,65,251,2017,10,16,1,2,5,2,0,1,0,1,0,0,0,7.77011E+20,5.8483E+21,1.31015E+16,5.27135E+16
113606,,12,0,72,340,2017,11,11,5,3,2,2,0,1,0,0,1,0,0,8.04431E+20,5.80041E+21,1.34625E+16,5.22696E+16
113607,,12,0,61,260,2017,11,18,6,3,2,2,0,1,0,0,0,2,1,8.16863E+20,5.80603E+21,1.36494E+16,5.23129E+16
113608,,12,0,71,408,2017,8,15,1,2,8,7,0,0,0,1,0,0,0,8.58811E+20,5.72578E+21,1.41786E+16,5.15686E+16
113609,,12,0,54,0,2017,11,14,7,3,2,6,0,1,0,0,0,0,0,7.75151E+20,5.81286E+21,1.30447E+16,5.23966E+16
113610,,12,0,67,72,2017,8,2,1,3,3,6,0,1,0,0,0,2,0,8.57244E+20,5.81135E+21,1.4245E+16,5.23358E+16
113611,,12,0,73,189,2017,8,4,1,3,8,7,0,1,0,0,0,1,0,8.54518E+20,5.90855E+21,1.43103E+16,5.32077E+16
113612,,12,0,60,269,2017,9,7,6,2,2,6,0,1,0,0,1,0,0,8.08487E+20,5.85763E+21,1.35748E+16,5.27802E+16
113613,,12,0,62,224,2017,9,17,3,2,5,3,1,1,0,0,0,0,0,7.93227E+20,5.73565E+21,1.32434E+16,5.1695E+16
113614,,12,0,68,264,2017,10,13,1,3,5,3,1,1,0,0,0,0,0,7.27343E+20,5.87166E+21,1.23839E+16,5.29463E+16
113615,,12,0,69,590,2017,10,9,2,2,5,3,0,1,0,0,0,0,1,7.668E+20,5.80335E+21,1.29147E+16,5.23155E+16
113616,,12,0,68,280,2017,10,14,1,3,4,6,0,1,0,1,0,0,0,7.67332E+20,5.8776E+21,1.29826E+16,5.29812E+16
113617,,12,0,53,0,2017,11,14,4,2,9,7,0,1,0,0,1,0,1,8.76986E+20,5.81245E+21,1.45347E+16,5.23325E+16
113618,,12,0,68,72,2017,10,17,1,3,0,1,1,0,0,0,0,0,0,7.5135E+20,5.86831E+21,1.27379E+16,5.29056E+16
113619,,12,0,69,306,2017,10,13,7,3,2,6,0,1,0,0,0,0,0,7.40813E+20,5.80569E+21,1.25359E+16,5.23485E+16
113620,,12,0,72,477,2017,10,15,7,2,5,3,0,1,0,1,0,0,0,8.0663E+20,5.78459E+21,1.34803E+16,5.21266E+16
113621,,12,0,72,232,2017,10,2,7,2,8,1,0,1,0,0,0,2,0,7.85499E+20,5.77966E+21,1.31683E+16,5.20937E+16
113622,,12,0,69,397,2017,11,9,5,3,3,6,0,0,0,0,1,0,0,7.77803E+20,5.80226E+21,1.30748E+16,5.23003E+16
113623,,12,0,54,0,2017,10,13,7,3,6,4,0,0,1,0,1,0,0,7.76452E+20,5.81245E+21,1.30634E+16,5.23923E+16
113624,,12,0,61,332,2017,11,6,6,2,6,4,0,0,1,0,1,2,1,8.13001E+20,5.79145E+21,1.35794E+16,5.21845E+16
113625,,12,0,60,154,2017,8,10,1,3,0,1,0,0,0,1,0,0,0,8.10468E+20,5.86587E+21,1.36119E+16,5.28529E+16
113626,,12,0,68,501,2017,11,19,1,2,2,6,0,1,0,0,0,2,1,7.26557E+20,5.86459E+21,1.23673E+16,5.28833E+16
113627,,12,0,60,20,2017,8,12,1,3,6,4,0,1,1,0,0,0,0,8.10708E+20,5.84631E+21,1.35969E+16,5.26774E+16
113628,,12,0,65,136,2017,11,11,2,3,6,4,0,1,1,0,0,0,0,7.83227E+20,5.84222E+21,1.31881E+16,5.26558E+16
113629,,12,0,65,136,2017,8,14,1,3,5,3,0,1,0,0,0,0,0,7.83066E+20,5.84235E+21,1.31858E+16,5.26571E+16
113630,,12,0,63,357,2017,8,19,4,3,8,6,1,0,0,1,0,0,0,7.71437E+20,5.82791E+21,1.30025E+16,5.25335E+16
113631,,12,0,65,136,2017,8,14,1,3,2,6,0,1,0,0,0,0,0,7.83584E+20,5.84182E+21,1.3193E+16,5.2652E+16
113632,,12,0,73,8,2017,9,16,3,3,5,3,1,0,0,0,0,0,0,8.35001E+20,5.88526E+21,1.39949E+16,5.30118E+16
113633,,12,0,69,249,2017,8,16,6,2,5,3,1,1,0,0,0,0,0,7.52838E+20,5.8131E+21,1.27177E+16,5.24096E+16
113634,,12,0,60,296,2017,9,10,3,2,2,2,0,0,0,0,1,0,1,8.26035E+20,5.87808E+21,1.38545E+16,5.2953E+16
113635,,12,0,60,20,2017,9,12,3,3,6,2,0,1,1,0,0,0,0,8.0916E+20,5.84592E+21,1.35737E+16,5.26748E+16
113636,,12,0,66,285,2017,9,10,7,2,5,3,0,1,0,0,0,0,0,8.41073E+20,5.72242E+21,1.39204E+16,5.15495E+16
113637,,12,0,64,29,2017,9,17,3,3,0,7,1,1,0,0,0,0,0,8.19906E+20,5.83488E+21,1.37215E+16,5.25696E+16
113638,,12,0,62,500,2017,9,12,1,3,5,3,0,1,0,0,0,0,0,8.03548E+20,5.72033E+21,1.33791E+16,5.15522E+16
113639,,12,0,64,472,2017,9,13,3,3,2,6,0,1,0,1,0,0,0,8.30996E+20,5.83816E+21,1.38878E+16,5.25924E+16
113640,,12,0,64,448,2017,11,13,4,2,8,1,0,1,0,0,0,0,1,8.64697E+20,5.83655E+21,1.43814E+16,5.25565E+16
113641,,12,0,64,472,2017,9,13,2,3,2,6,0,1,0,0,0,0,0,8.32184E+20,5.83802E+21,1.39051E+16,5.25905E+16
113642,,12,0,68,468,2017,9,22,3,3,5,3,1,1,0,0,0,2,0,7.31464E+20,5.89583E+21,1.24625E+16,5.31615E+16
113643,,12,0,51,0,2017,8,17,6,2,5,3,1,1,0,0,0,0,0,7.43322E+20,5.81219E+21,1.25774E+16,5.24058E+16
113644,,12,0,61,433,2017,9,5,2,2,2,6,0,1,0,0,1,1,0,8.07945E+20,5.81407E+21,1.35263E+16,5.23901E+16
113645,,12,0,69,680,2017,9,1,2,2,8,1,0,1,0,0,0,2,1,7.33206E+20,5.79718E+21,1.24185E+16,5.22754E+16
113646,,12,0,64,472,2017,11,15,5,3,8,3,0,1,0,0,1,0,0,8.29286E+20,5.83422E+21,1.38587E+16,5.25581E+16
113647,,12,0,72,120,2017,9,17,2,3,8,7,0,1,0,0,0,0,0,7.92055E+20,5.80862E+21,1.32888E+16,5.23499E+16
113648,,12,0,66,41,2017,8,18,6,3,2,6,0,1,0,0,0,0,0,8.40852E+20,5.73457E+21,1.3929E+16,5.16585E+16
113649,,12,0,64,428,2017,9,13,3,2,4,6,1,0,0,0,0,0,0,8.22929E+20,5.82438E+21,1.37557E+16,5.24738E+16
113650,,12,0,54,0,2017,9,7,2,3,5,3,1,0,0,0,0,0,0,7.75715E+20,5.81394E+21,1.30538E+16,5.24061E+16
113651,,12,0,70,145,2017,11,13,6,2,8,1,0,1,0,0,0,0,0,6.92161E+20,5.8977E+21,1.18766E+16,5.31938E+16
113652,,12,0,69,249,2017,9,16,2,3,5,3,1,1,0,0,0,0,0,7.56828E+20,5.81266E+21,1.27759E+16,5.24038E+16
113653,,12,0,66,112,2017,8,17,6,3,2,6,0,1,0,1,0,0,0,8.47059E+20,5.72716E+21,1.40111E+16,5.15883E+16
113654,,12,0,61,540,2017,10,13,7,3,2,6,0,1,0,0,0,0,0,8.14316E+20,5.80729E+21,1.36133E+16,5.23257E+16
113655,,12,0,61,316,2017,9,10,2,3,0,4,0,0,1,1,0,0,1,8.35384E+20,5.76635E+21,1.3881E+16,5.19465E+16
113656,,12,0,62,500,2017,9,9,2,2,0,1,0,0,0,1,0,0,1,8.02392E+20,5.7217E+21,1.33636E+16,5.15652E+16
113657,,12,0,62,24,2017,10,11,7,2,2,6,0,1,0,1,0,0,0,8.03094E+20,5.71565E+21,1.33685E+16,5.15105E+16
113658,,12,0,51,0,2017,10,12,5,3,4,6,1,0,0,0,0,0,0,7.4059E+20,5.81207E+21,1.25372E+16,5.24059E+16
113659,,12,0,53,0,2017,9,12,2,3,2,6,0,1,0,0,1,0,0,8.72069E+20,5.81077E+21,1.4461E+16,5.23208E+16
113660,,12,0,61,219,2017,8,21,1,3,7,7,0,1,0,0,0,2,0,8.2332E+20,5.74776E+21,1.36887E+16,5.1787E+16
113661,,12,0,62,140,2017,10,11,7,3,5,3,1,1,0,0,0,0,1,8.25876E+20,5.72998E+21,1.3709E+16,5.16263E+16
113662,,12,0,73,384,2017,10,17,7,3,1,5,0,1,0,0,0,0,0,7.88504E+20,5.90381E+21,1.33206E+16,5.32052E+16
113663,,12,0,67,426,2017,10,11,6,3,2,6,0,1,0,0,0,0,0,8.55235E+20,5.79748E+21,1.4201E+16,5.22129E+16
113664,,12,0,73,8,2017,9,17,2,3,9,1,0,1,0,0,0,0,1,8.37141E+20,5.89104E+21,1.40327E+16,5.30622E+16
113665,,12,0,65,251,2017,8,12,1,3,5,2,1,1,0,0,0,0,0,7.7548E+20,5.85097E+21,1.30812E+16,5.27383E+16
113666,,12,0,64,408,2017,10,4,7,3,0,7,0,1,0,0,0,2,0,8.32593E+20,5.82998E+21,1.39031E+16,5.25182E+16
113667,,12,0,69,306,2017,8,1,7,3,1,6,0,1,0,0,0,2,1,7.54698E+20,5.80544E+21,1.27391E+16,5.234E+16
113668,,12,0,64,428,2017,10,10,7,3,5,3,0,1,0,1,0,0,0,8.24646E+20,5.82689E+21,1.37834E+16,5.24953E+16
113669,,12,0,63,252,2017,9,14,6,2,6,4,0,0,1,0,1,0,1,7.26024E+20,5.8337E+21,1.23381E+16,5.26062E+16
113670,,12,0,70,60,2017,11,17,4,2,6,4,0,1,1,0,0,2,0,6.79427E+20,5.87844E+21,1.16754E+16,5.30254E+16
113671,,12,0,60,20,2017,9,16,7,3,2,2,0,1,0,0,0,0,1,8.08894E+20,5.84291E+21,1.3567E+16,5.2648E+16
113672,,12,0,69,590,2017,11,18,4,3,2,6,0,1,0,0,0,2,0,7.70291E+20,5.8022E+21,1.29649E+16,5.23035E+16
113673,,12,0,63,208,2017,8,17,3,3,3,6,1,0,0,0,1,0,0,7.62896E+20,5.83627E+21,1.28835E+16,5.26127E+16
113674,,12,0,67,528,2017,10,22,7,3,7,7,0,1,0,0,0,2,0,8.81943E+20,5.79994E+21,1.45929E+16,5.22171E+16
113675,,12,0,52,0,2017,10,10,2,2,2,6,1,0,0,1,0,0,0,8.67056E+20,5.74486E+21,1.43171E+16,5.17341E+16
113676,,12,0,52,0,2017,11,13,5,3,1,6,0,1,0,0,0,0,0,8.69262E+20,5.74709E+21,1.43513E+16,5.17527E+16
113677,,12,0,60,280,2017,8,14,4,3,2,6,0,1,0,1,0,0,0,8.15522E+20,5.8399E+21,1.36618E+16,5.26172E+16
113678,,12,0,67,473,2017,10,16,7,2,5,3,0,1,0,1,0,0,0,8.53611E+20,5.82518E+21,1.42065E+16,5.2462E+16
113679,,12,0,53,0,2017,10,6,3,2,8,1,0,1,0,0,1,2,1,8.72156E+20,5.80695E+21,1.4458E+16,5.22866E+16
113680,,12,0,73,93,2017,9,11,2,3,9,1,0,1,0,0,0,0,0,8.37017E+20,5.92417E+21,1.40658E+16,5.33589E+16
113681,,12,0,60,198,2017,11,23,6,3,2,6,0,1,0,0,0,2,1,8.15785E+20,5.86872E+21,1.36934E+16,5.28753E+16
113682,,12,0,65,251,2017,10,18,7,2,8,1,0,1,0,0,0,0,0,7.7932E+20,5.84451E+21,1.31324E+16,5.26784E+16
113683,,12,0,63,36,2017,10,19,4,3,1,5,0,1,0,0,1,2,0,7.70538E+20,5.83336E+21,1.29937E+16,5.25828E+16
113684,,12,0,70,96,2017,11,14,7,2,9,1,0,1,0,0,0,0,1,7.14345E+20,5.90272E+21,1.22115E+16,5.32304E+16
113685,,12,0,72,426,2017,10,11,6,2,3,6,1,0,0,0,0,0,0,7.86459E+20,5.79927E+21,1.31989E+16,5.2269E+16