OBJECTID,UIDENTSTLA,ULAND,UREGBEZ,UKREIS,UGEMEINDE,UJAHR,UMONAT,USTUNDE,UWOCHENTAG,UKATEGORIE,UART,UTYP1,IstRad,IstPKW,IstFuss,IstKrad,IstSonstig,LICHT,STRZUSTAND,LINREFX,LINREFY,XGCSWGS84,YGCSWGS84
113874,,12,0,63,186,2017,11,7,1,3,9,7,0,1,0,0,0,0,1,7.45302E+20,5.83108E+21,1.26203E+16,5.25744E+16
113875,,12,0,65,84,2017,9,16,7,2,5,3,1,1,0,0,0,0,0,7.7695E+20,5.9009E+21,1.31456E+16,5.31852E+16
113876,,12,0,68,425,2017,8,13,6,3,2,6,0,1,0,0,0,0,0,7.4194E+20,5.87786E+21,1.26054E+16,5.29956E+16
113877,,12,0,65,256,2017,9,18,7,3,0,1,0,0,0,1,0,0,1,7.86014E+20,5.85347E+21,1.3239E+16,5.27553E+16
113878,,12,0,69,306,2017,9,13,6,3,3,6,0,1,0,0,1,0,0,7.52677E+20,5.8053E+21,1.27094E+16,5.23397E+16
113879,,12,0,72,426,2017,9,11,7,2,8,1,0,0,0,1,0,0,0,7.79828E+20,5.79237E+21,1.30962E+16,5.22106E+16
113880,,12,0,70,52,2017,9,11,7,3,8,1,0,0,0,0,1,0,0,6.91098E+20,5.87517E+21,1.18473E+16,5.2992E+16
113881,,12,0,69,249,2017,9,12,1,3,5,2,0,1,0,1,0,0,0,7.61553E+20,5.8191E+21,1.28502E+16,5.24593E+16
113882,,12,0,68,264,2017,9,12,7,2,8,1,0,1,0,0,0,0,0,7.28012E+20,5.87327E+21,1.2395E+16,5.29605E+16
113883,,12,0,60,52,2017,11,5,4,3,7,7,0,1,0,0,0,2,1,8.19804E+20,5.86017E+21,1.37445E+16,5.27963E+16
113884,,12,0,68,425,2017,8,12,6,3,2,6,0,1,0,0,0,0,0,7.4194E+20,5.87786E+21,1.26054E+16,5.29956E+16
113885,,12,0,64,336,2017,9,13,2,3,2,6,0,1,0,0,1,0,0,8.18436E+20,5.83086E+21,1.3696E+16,5.25345E+16
113886,,12,0,72,477,2017,9,9,6,3,2,6,0,1,0,0,0,0,0,8.0429E+20,5.7942E+21,1.34548E+16,5.2214E+16
113887,,12,0,72,120,2017,9,16,6,3,5,3,0,1,0,0,0,0,0,7.93284E+20,5.80912E+21,1.33072E+16,5.23537E+16
113888,,12,0,65,96,2017,8,12,6,3,0,1,1,0,0,0,0,0,0,7.91529E+20,5.84024E+21,1.33087E+16,5.26337E+16
113889,,12,0,54,0,2017,9,16,2,2,0,1,1,0,0,0,0,0,0,7.75643E+20,5.81631E+21,1.30547E+16,5.24273E+16
113890,,12,0,72,240,2017,9,14,6,3,5,2,0,1,0,0,0,0,0,7.8687E+20,5.80305E+21,1.32081E+16,5.23027E+16
113891,,12,0,64,29,2017,11,6,5,3,2,6,0,0,0,1,1,2,1,8.19161E+20,5.83214E+21,1.37079E+16,5.25456E+16
113892,,12,0,69,632,2017,9,13,6,2,8,7,0,1,0,0,0,0,0,7.69894E+20,5.77256E+21,1.29355E+16,5.20379E+16
113893,,12,0,65,144,2017,8,17,6,3,3,2,1,1,0,0,0,0,0,7.88345E+20,5.84812E+21,1.32687E+16,5.2706E+16
113894,,12,0,64,53,2017,9,14,3,3,5,3,0,1,0,0,0,0,0,8.26722E+20,5.84998E+21,1.38366E+16,5.27009E+16
113895,,12,0,61,260,2017,9,12,6,2,1,1,0,1,0,0,1,0,0,8.15982E+20,5.80158E+21,1.36323E+16,5.22736E+16
113896,,12,0,65,332,2017,11,16,6,3,5,3,0,1,0,0,1,2,0,7.82632E+20,5.84585E+21,1.31824E+16,5.26887E+16
113897,,12,0,62,341,2017,9,6,6,2,8,1,0,0,0,0,1,0,0,7.93508E+20,5.70734E+21,1.32239E+16,5.14411E+16
113898,,12,0,65,332,2017,8,14,6,3,2,6,0,1,0,0,0,0,0,7.82032E+20,5.84484E+21,1.31727E+16,5.26799E+16
113899,,12,0,60,181,2017,10,18,4,3,4,2,1,1,0,0,0,2,1,8.086E+20,5.8421E+21,1.35619E+16,5.26409E+16
113900,,12,0,71,337,2017,9,6,6,3,4,6,0,0,0,0,1,1,0,8.8511E+20,5.76448E+21,1.45991E+16,5.18976E+16
113901,,12,0,70,296,2017,8,14,1,3,2,2,0,1,0,1,0,0,0,6.94519E+20,5.88614E+21,1.19048E+16,5.30892E+16
113902,,12,0,65,36,2017,10,11,4,3,3,2,1,0,0,0,1,0,0,7.89417E+20,5.84618E+21,1.32828E+16,5.2688E+16
113903,,12,0,69,306,2017,10,10,5,3,4,6,0,0,0,0,1,0,0,7.54059E+20,5.80812E+21,1.27318E+16,5.23644E+16
113904,,12,0,60,198,2017,9,21,6,3,4,6,0,1,0,0,1,2,0,8.08112E+20,5.8815E+21,1.35919E+16,5.29943E+16
113905,,12,0,65,193,2017,8,12,7,2,8,1,0,0,0,1,0,0,0,7.94924E+20,5.86673E+21,1.33825E+16,5.28693E+16
113906,,12,0,72,426,2017,10,22,3,2,8,1,0,1,0,0,0,2,1,7.90769E+20,5.79182E+21,1.32555E+16,5.22E+16
113907,,12,0,60,198,2017,9,11,6,3,0,1,1,0,0,0,0,0,0,8.12397E+20,5.87196E+21,1.36463E+16,5.29063E+16
113908,,12,0,69,448,2017,8,14,6,3,2,6,0,1,0,0,1,0,0,7.54098E+20,5.77966E+21,1.2711E+16,5.2109E+16
113909,,12,0,72,120,2017,10,22,3,2,5,3,1,1,0,0,0,2,0,7.92019E+20,5.80879E+21,1.32884E+16,5.23515E+16
113910,,12,0,63,244,2017,10,15,3,2,4,6,0,1,0,0,0,0,1,7.2513E+20,5.82561E+21,1.23195E+16,5.2534E+16
113911,,12,0,65,256,2017,9,19,6,3,5,2,1,0,0,0,1,1,1,7.87574E+20,5.85211E+21,1.32608E+16,5.27422E+16
113912,,12,0,64,9,2017,11,16,3,3,6,4,0,0,1,0,1,2,0,8.76086E+20,5.83369E+21,1.45454E+16,5.25232E+16
113913,,12,0,72,477,2017,9,5,6,2,4,6,0,1,0,0,1,2,0,8.03839E+20,5.79416E+21,1.34482E+16,5.22139E+16
113914,,12,0,65,332,2017,11,6,4,3,2,6,0,1,0,0,0,0,0,7.85068E+20,5.84403E+21,1.32168E+16,5.26711E+16
113915,,12,0,54,0,2017,9,14,7,2,2,6,0,1,0,0,0,0,1,7.75724E+20,5.81276E+21,1.3053E+16,5.23955E+16
113916,,12,0,54,0,2017,10,8,3,3,5,2,0,1,0,0,0,0,1,7.75724E+20,5.8155E+21,1.30553E+16,5.242E+16
113917,,12,0,65,198,2017,11,8,5,3,5,3,0,1,0,0,0,0,0,7.84552E+20,5.85986E+21,1.32229E+16,5.28132E+16
113918,,12,0,69,590,2017,8,10,3,1,2,6,0,1,0,0,1,0,0,7.66525E+20,5.80093E+21,1.29088E+16,5.2294E+16
113919,,12,0,61,405,2017,10,14,3,2,2,6,0,1,0,0,1,0,0,8.21202E+20,5.77418E+21,1.36827E+16,5.2025E+16
113920,,12,0,61,433,2017,10,15,2,3,5,3,1,1,0,0,0,0,1,8.07474E+20,5.81507E+21,1.35203E+16,5.23993E+16
113921,,12,0,60,149,2017,9,12,6,3,8,1,0,1,0,0,0,0,0,8.41643E+20,5.87655E+21,1.40843E+16,5.29296E+16
113922,,12,0,68,320,2017,11,15,6,3,2,6,0,1,0,0,0,0,1,7.52823E+20,5.86866E+21,1.276E+16,5.2908E+16
113923,,12,0,52,0,2017,8,18,4,3,5,3,1,1,0,0,0,0,0,8.67624E+20,5.74745E+21,1.4328E+16,5.1757E+16
113924,,12,0,61,320,2017,10,16,3,3,5,2,0,1,0,0,0,0,0,8.25227E+20,5.75514E+21,1.37232E+16,5.18521E+16
113925,,12,0,64,472,2017,10,16,3,3,5,3,1,0,0,1,0,0,0,8.29337E+20,5.83299E+21,1.38582E+16,5.25471E+16
113926,,12,0,60,52,2017,9,10,6,3,6,4,0,1,1,0,0,0,0,8.23197E+20,5.86464E+21,1.37991E+16,5.28343E+16
113927,,12,0,62,124,2017,11,7,6,2,2,6,0,1,0,0,0,0,1,8.12551E+20,5.7112E+21,1.35004E+16,5.14655E+16
113928,,12,0,61,352,2017,10,5,3,3,7,7,0,1,0,0,0,2,1,8.46722E+20,5.76654E+21,1.40455E+16,5.19413E+16
113929,,12,0,61,316,2017,10,16,3,3,2,6,0,1,0,0,1,0,1,8.36026E+20,5.76527E+21,1.38892E+16,5.19364E+16
113930,,12,0,72,232,2017,10,9,4,2,5,3,0,1,0,0,0,0,0,7.87211E+20,5.78131E+21,1.31947E+16,5.21077E+16
113931,,12,0,73,429,2017,10,17,3,2,8,1,0,1,0,0,0,0,1,8.13075E+20,5.91901E+21,1.37022E+16,5.33274E+16
113932,,12,0,60,20,2017,10,7,3,3,2,2,0,1,0,0,0,1,0,8.07891E+20,5.84779E+21,1.35568E+16,5.26923E+16
113933,,12,0,64,380,2017,9,7,6,3,2,6,0,1,0,0,0,0,0,8.28633E+20,5.83328E+21,1.38482E+16,5.25502E+16
113934,,12,0,72,232,2017,10,8,5,3,0,7,1,0,0,0,0,0,0,7.86197E+20,5.77921E+21,1.31781E+16,5.20893E+16
113935,,12,0,64,512,2017,10,10,3,3,2,6,0,1,0,0,0,0,1,8.46709E+20,5.85359E+21,1.4135E+16,5.27209E+16
113936,,12,0,67,201,2017,10,7,3,3,2,6,0,1,0,0,0,0,1,8.34387E+20,5.81689E+21,1.39163E+16,5.23998E+16
113937,,12,0,69,604,2017,10,18,6,3,0,1,0,0,0,1,0,1,1,7.89475E+20,5.80734E+21,1.32499E+16,5.23398E+16
113938,,12,0,68,117,2017,10,16,3,2,9,1,0,1,0,0,0,0,1,7.55789E+20,5.85729E+21,1.27951E+16,5.28046E+16
113939,,12,0,68,320,2017,10,12,3,2,2,6,0,1,0,0,0,0,1,7.53086E+20,5.86472E+21,1.27609E+16,5.28726E+16
113940,,12,0,63,293,2017,11,10,3,3,2,6,0,1,0,0,1,0,0,7.35534E+20,5.83881E+21,1.2482E+16,5.2648E+16
113941,,12,0,54,0,2017,11,18,4,3,0,7,0,1,0,0,0,2,1,7.74856E+20,5.81685E+21,1.30436E+16,5.24326E+16
113942,,12,0,67,481,2017,11,9,5,3,5,3,0,1,0,0,1,0,0,8.36478E+20,5.80036E+21,1.39304E+16,5.22505E+16
113943,,12,0,60,5,2017,11,5,4,3,2,6,0,1,0,0,0,2,1,8.12174E+20,5.83813E+21,1.36108E+16,5.26033E+16
113944,,12,0,63,244,2017,11,6,5,3,0,7,0,0,0,1,0,1,1,7.26638E+20,5.82521E+21,1.23414E+16,5.25298E+16
113945,,12,0,60,20,2017,11,16,6,3,5,2,0,1,0,0,0,0,0,8.08902E+20,5.84673E+21,1.35707E+16,5.26822E+16
113946,,12,0,72,120,2017,8,21,6,2,2,6,0,1,0,0,0,2,1,7.92369E+20,5.80964E+21,1.32942E+16,5.23589E+16
113947,,12,0,63,212,2017,8,8,6,2,5,3,0,1,0,0,0,0,0,7.36257E+20,5.83029E+21,1.24866E+16,5.25712E+16
113948,,12,0,68,425,2017,8,16,5,3,2,6,0,1,0,0,0,0,0,7.4286E+20,5.87668E+21,1.26182E+16,5.29846E+16
113949,,12,0,64,227,2017,9,15,6,3,2,6,0,1,0,0,0,0,0,8.15981E+20,5.83111E+21,1.36602E+16,5.25382E+16
113950,,12,0,54,0,2017,8,9,5,3,5,2,0,1,0,0,1,0,0,7.77088E+20,5.81175E+21,1.30722E+16,5.23858E+16
113951,,12,0,65,225,2017,9,14,6,3,2,6,0,1,0,0,0,0,0,7.97869E+20,5.84436E+21,1.34058E+16,5.26672E+16
113952,,12,0,60,5,2017,9,22,6,3,5,3,0,1,0,0,0,2,0,8.07055E+20,5.83887E+21,1.35362E+16,5.26128E+16
113953,,12,0,65,198,2017,9,14,6,3,2,6,0,1,0,0,1,0,0,7.81008E+20,5.86374E+21,1.31738E+16,5.28499E+16
113954,,12,0,65,198,2017,8,12,6,3,2,2,0,1,0,0,0,0,0,7.82848E+20,5.86233E+21,1.31998E+16,5.28363E+16
113955,,12,0,69,656,2017,9,11,6,3,9,6,0,1,0,1,0,0,0,7.67666E+20,5.81081E+21,1.29333E+16,5.2382E+16
113956,,12,0,65,356,2017,9,4,6,3,7,7,0,0,0,0,1,2,0,7.83517E+20,5.88051E+21,1.32256E+16,5.2999E+16
113957,,12,0,65,356,2017,9,9,6,2,5,2,0,1,0,0,0,0,0,7.91617E+20,5.87885E+21,1.33445E+16,5.29797E+16
113958,,12,0,68,468,2017,8,16,6,2,5,3,0,0,0,1,1,0,0,7.32675E+20,5.89546E+21,1.24803E+16,5.31576E+16
113959,,12,0,64,482,2017,9,17,7,2,8,1,0,1,0,0,0,0,0,8.58396E+20,5.83085E+21,1.42827E+16,5.25096E+16
113960,,12,0,68,468,2017,9,9,6,3,8,1,0,1,0,0,0,0,0,7.3888E+20,5.90085E+21,1.2577E+16,5.32032E+16
113961,,12,0,72,477,2017,9,18,5,3,2,6,0,1,0,0,0,0,0,8.0367E+20,5.79422E+21,1.34458E+16,5.22145E+16
113962,,12,0,68,320,2017,8,20,6,3,5,3,0,1,0,0,0,2,0,7.55372E+20,5.8707E+21,1.27994E+16,5.29251E+16
113963,,12,0,53,0,2017,11,18,5,3,5,2,0,1,0,0,0,2,0,8.77941E+20,5.81417E+21,1.45505E+16,5.23472E+16
113964,,12,0,65,136,2017,10,6,3,3,5,2,1,1,0,0,0,2,1,7.84059E+20,5.84141E+21,1.31996E+16,5.26481E+16
113965,,12,0,72,17,2017,11,8,5,3,2,6,0,1,0,0,0,0,0,8.02864E+20,5.80568E+21,1.34443E+16,5.23177E+16
113966,,12,0,67,40,2017,11,13,6,3,2,6,0,1,0,0,0,0,0,8.51727E+20,5.81148E+21,1.41645E+16,5.23405E+16
113967,,12,0,51,0,2017,8,16,6,3,5,3,1,1,0,0,0,0,1,7.41552E+20,5.81488E+21,1.25533E+16,5.24306E+16
113968,,12,0,60,34,2017,11,9,7,2,8,1,0,1,0,0,0,0,1,8.26153E+20,5.85994E+21,1.38381E+16,5.27904E+16
113969,,12,0,66,176,2017,8,17,6,2,3,6,0,1,0,0,0,0,0,8.26506E+20,5.71236E+21,1.37017E+16,5.1468E+16
113970,,12,0,70,296,2017,11,8,2,3,2,1,0,1,0,0,0,0,2,6.9251E+20,5.88592E+21,1.18747E+16,5.3088E+16
113971,,12,0,61,164,2017,8,17,6,3,5,3,0,1,0,1,0,0,0,8.1525E+20,5.76651E+21,1.35892E+16,5.19597E+16
113972,,12,0,61,216,2017,8,23,6,3,5,2,1,0,0,0,1,2,1,8.21167E+20,5.78348E+21,1.36909E+16,5.21084E+16
113973,,12,0,60,52,2017,9,12,6,3,0,3,0,1,0,0,1,0,0,8.18427E+20,5.86486E+21,1.37287E+16,5.28392E+16
113974,,12,0,72,312,2017,9,6,6,3,9,7,0,1,0,0,0,0,0,7.94107E+20,5.76839E+21,1.3284E+16,5.19882E+16
113975,,12,0,72,477,2017,9,6,5,2,3,6,1,1,0,0,0,1,0,8.03633E+20,5.79409E+21,1.34452E+16,5.22134E+16
113976,,12,0,73,8,2017,9,8,7,2,4,6,0,1,0,0,0,0,0,8.37069E+20,5.88616E+21,1.40265E+16,5.30185E+16
113977,,12,0,72,240,2017,9,5,5,3,5,3,0,1,0,0,1,1,0,7.91886E+20,5.80155E+21,1.32802E+16,5.22866E+16
113978,,12,0,69,306,2017,8,10,6,2,2,6,0,1,0,0,1,0,0,7.57869E+20,5.80552E+21,1.27856E+16,5.23393E+16
113979,,12,0,65,332,2017,9,11,1,2,2,6,0,1,0,0,0,0,0,7.81147E+20,5.84767E+21,1.31621E+16,5.27058E+16
113980,,12,0,54,0,2017,9,15,5,3,0,7,0,1,0,0,0,0,0,7.7793E+20,5.81261E+21,1.30852E+16,5.23931E+16
113981,,12,0,54,0,2017,9,17,5,3,0,1,1,0,0,0,0,0,0,7.76051E+20,5.8127E+21,1.30578E+16,5.23948E+16
113982,,12,0,69,306,2017,8,18,5,3,3,6,0,1,0,0,1,0,0,7.48609E+20,5.80485E+21,1.26495E+16,5.23375E+16
113983,,12,0,68,320,2017,9,7,2,3,2,6,0,1,0,0,0,0,0,7.54948E+20,5.86962E+21,1.27923E+16,5.29157E+16
113984,,12,0,54,0,2017,9,16,5,3,5,3,1,1,0,0,0,0,0,7.73798E+20,5.81154E+21,1.30238E+16,5.23855E+16
113985,,12,0,51,0,2017,9,17,5,3,2,6,0,1,0,0,0,0,0,7.40101E+20,5.81481E+21,1.2532E+16,5.24306E+16
113986,,12,0,69,590,2017,8,12,5,2,8,1,0,1,0,0,0,0,0,7.67721E+20,5.8008E+21,1.29261E+16,5.22922E+16
113987,,12,0,62,128,2017,9,7,2,3,5,2,1,1,0,0,0,0,0,7.93723E+20,5.72369E+21,1.32405E+16,5.15875E+16
113988,,12,0,61,540,2017,9,5,5,3,5,3,1,1,0,0,0,2,0,8.15831E+20,5.80561E+21,1.36339E+16,5.23098E+16
113989,,12,0,68,320,2017,11,10,5,2,0,1,0,0,0,1,0,0,1,7.54351E+20,5.86985E+21,1.27836E+16,5.29179E+16
113990,,12,0,62,224,2017,9,14,5,3,2,6,0,1,0,0,1,0,0,7.92266E+20,5.73533E+21,1.32293E+16,5.16927E+16
113991,,12,0,72,240,2017,8,6,5,3,5,3,1,1,0,0,0,0,0,7.90709E+20,5.80282E+21,1.3264E+16,5.22986E+16
113992,,12,0,73,452,2017,9,12,5,3,3,2,0,0,0,1,1,0,0,8.21949E+20,5.92699E+21,1.38431E+16,5.33936E+16
113993,,12,0,63,252,2017,8,18,5,2,5,2,0,1,0,0,0,0,0,7.26114E+20,5.83204E+21,1.23383E+16,5.25913E+16
113994,,12,0,64,380,2017,9,20,5,2,5,2,0,1,0,1,0,2,0,8.26159E+20,5.82942E+21,1.3808E+16,5.25171E+16
113995,,12,0,64,29,2017,9,11,5,2,5,2,0,1,0,1,0,0,0,8.26572E+20,5.83406E+21,1.38187E+16,5.25584E+16
113996,,12,0,61,444,2017,8,10,6,3,5,3,1,1,0,0,0,0,0,8.12937E+20,5.81152E+21,1.35971E+16,5.23644E+16
113997,,12,0,63,357,2017,10,20,2,3,3,1,0,1,0,0,1,2,1,7.68705E+20,5.83E+21,1.2964E+16,5.25536E+16
113998,,12,0,72,17,2017,9,16,4,3,4,6,1,1,0,0,0,0,1,7.99488E+20,5.80699E+21,1.33961E+16,5.23313E+16
113999,,12,0,71,372,2017,11,6,2,3,2,6,0,1,0,0,0,2,1,8.69833E+20,5.73213E+21,1.43437E+16,5.16184E+16
114000,,12,0,64,472,2017,9,17,5,3,0,6,1,1,0,1,0,0,1,8.31501E+20,5.83767E+21,1.38947E+16,5.25877E+16
114001,,12,0,61,433,2017,9,12,5,1,8,1,0,1,0,0,0,0,0,8.02354E+20,5.81122E+21,1.34418E+16,5.23677E+16
114002,,12,0,65,256,2017,11,5,3,1,4,6,0,1,0,1,0,2,1,7.83473E+20,5.85287E+21,1.32009E+16,5.27511E+16
114003,,12,0,66,296,2017,9,9,6,2,1,5,0,1,0,0,0,0,0,8.38611E+20,5.71434E+21,1.38773E+16,5.14786E+16
114004,,12,0,72,240,2017,10,7,2,3,5,2,1,1,0,0,0,0,0,7.89843E+20,5.80354E+21,1.3252E+16,5.23055E+16
114005,,12,0,63,252,2017,11,17,3,3,5,3,1,1,0,0,0,1,0,7.26091E+20,5.83225E+21,1.23381E+16,5.25932E+16
114006,,12,0,60,5,2017,8,18,3,3,2,6,0,1,0,0,0,0,0,8.09866E+20,5.83481E+21,1.35737E+16,5.25749E+16
114007,,12,0,65,136,2017,9,13,7,2,5,3,0,1,0,0,0,0,1,7.84625E+20,5.83992E+21,1.32067E+16,5.26345E+16
114008,,12,0,69,604,2017,10,7,2,3,9,1,0,1,0,0,0,0,0,7.85609E+20,5.81056E+21,1.3196E+16,5.23707E+16
114009,,12,0,68,320,2017,10,10,1,3,2,6,0,1,0,0,1,0,0,7.53384E+20,5.86398E+21,1.27647E+16,5.28658E+16
114010,,12,0,67,124,2017,9,3,5,3,7,7,0,1,0,0,0,2,0,8.2412E+20,5.81861E+21,1.37676E+16,5.24215E+16
114011,,12,0,51,0,2017,11,12,4,3,5,2,1,0,0,0,1,0,0,7.41548E+20,5.81488E+21,1.25533E+16,5.24307E+16
114012,,12,0,69,17,2017,8,7,3,3,1,6,0,1,0,0,0,0,0,7.71042E+20,5.79482E+21,1.29699E+16,5.2237E+16
114013,,12,0,69,656,2017,10,14,2,3,2,6,0,1,0,0,0,0,0,7.66174E+20,5.80902E+21,1.291E+16,5.23667E+16
114014,,12,0,53,0,2017,10,12,2,3,5,3,1,1,0,0,0,0,0,8.7623E+20,5.81109E+21,1.45221E+16,5.23208E+16
114015,,12,0,65,84,2017,9,11,5,3,1,5,0,1,0,0,0,0,0,7.7643E+20,5.89981E+21,1.31369E+16,5.31757E+16
114016,,12,0,60,52,2017,11,8,5,3,2,2,0,1,0,0,0,0,0,8.18637E+20,5.86486E+21,1.37318E+16,5.2839E+16
114017,,12,0,64,227,2017,8,20,4,3,0,1,0,1,0,1,0,2,0,8.15305E+20,5.82759E+21,1.36469E+16,5.2507E+16
114018,,12,0,54,0,2017,10,10,2,3,2,6,0,1,0,0,0,0,1,7.74913E+20,5.81883E+21,1.30461E+16,5.24504E+16
114019,,12,0,69,20,2017,10,5,2,3,7,7,0,1,0,0,0,2,1,7.44999E+20,5.79265E+21,1.25878E+16,5.22297E+16
114020,,12,0,65,136,2017,10,8,3,3,2,2,0,1,0,0,1,0,1,7.84504E+20,5.83914E+21,1.32043E+16,5.26275E+16
114021,,12,0,68,181,2017,9,1,5,2,8,1,0,1,0,0,0,2,0,7.32517E+20,5.88488E+21,1.24703E+16,5.30627E+16
114022,,12,0,69,397,2017,10,12,2,3,5,6,0,1,0,0,1,0,0,7.75083E+20,5.80515E+21,1.30374E+16,5.23276E+16
114023,,12,0,51,0,2017,10,12,2,2,5,2,1,1,0,0,0,0,0,7.37373E+20,5.81299E+21,1.24907E+16,5.24155E+16
114024,,12,0,68,117,2017,9,17,5,3,5,3,1,1,0,0,0,0,0,7.53653E+20,5.85817E+21,1.27642E+16,5.28136E+16
114025,,12,0,69,306,2017,10,16,3,2,5,3,0,1,0,0,0,1,0,7.45085E+20,5.80626E+21,1.25989E+16,5.23517E+16
114026,,12,0,51,0,2017,10,8,2,2,3,6,0,1,0,0,0,0,0,7.40151E+20,5.81391E+21,1.25321E+16,5.24225E+16
114027,,12,0,61,433,2017,10,18,2,2,3,6,0,1,0,0,0,1,1,8.10238E+20,5.80734E+21,1.35537E+16,5.23284E+16
114028,,12,0,72,477,2017,9,7,4,3,6,4,0,0,1,1,0,0,1,8.05111E+20,5.79458E+21,1.34672E+16,5.2217E+16
114029,,12,0,60,5,2017,10,8,5,2,8,1,0,0,0,0,1,0,0,8.1208E+20,5.84008E+21,1.36113E+16,5.26208E+16
114030,,12,0,61,216,2017,10,13,2,2,2,6,0,1,0,0,1,0,0,8.18604E+20,5.7797E+21,1.36501E+16,5.2076E+16
114031,,12,0,66,304,2017,10,7,2,2,9,1,0,1,0,0,0,0,0,8.51985E+20,5.71525E+21,1.407E+16,5.14786E+16
114032,,12,0,64,61,2017,11,10,3,1,8,7,0,1,0,0,0,0,1,8.48286E+20,5.84903E+21,1.41535E+16,5.2679E+16
114033,,12,0,71,32,2017,11,4,3,3,9,1,0,1,0,0,0,2,1,8.54215E+20,5.75204E+21,1.41392E+16,5.18067E+16
114034,,12,0,73,69,2017,11,21,4,2,9,1,0,1,0,0,0,2,1,8.01555E+20,5.91842E+21,1.35292E+16,5.33289E+16
114035,,12,0,61,433,2017,10,11,2,3,2,6,0,1,0,0,0,0,0,8.10276E+20,5.81071E+21,1.35574E+16,5.23586E+16
114036,,12,0,72,312,2017,11,13,4,3,5,3,0,1,0,0,1,0,0,7.87979E+20,5.78214E+21,1.32065E+16,5.21146E+16
114037,,12,0,65,136,2017,11,13,4,3,5,3,1,1,0,0,0,0,0,7.84261E+20,5.83696E+21,1.31988E+16,5.26081E+16
114038,,12,0,60,5,2017,11,12,5,3,3,6,0,1,0,0,1,0,0,8.13733E+20,5.83603E+21,1.36318E+16,5.25835E+16
114039,,12,0,61,316,2017,10,13,2,3,5,2,1,1,0,0,0,0,0,8.36254E+20,5.76587E+21,1.38931E+16,5.19417E+16
114040,,12,0,62,341,2017,10,13,2,3,1,5,1,0,0,0,1,0,0,7.93204E+20,5.71002E+21,1.32217E+16,5.14653E+16
114041,,12,0,71,372,2017,10,15,2,2,5,2,1,1,0,0,0,0,0,8.72281E+20,5.72639E+21,1.43728E+16,5.15654E+16
114042,,12,0,60,52,2017,10,11,2,3,3,6,0,1,0,0,0,0,0,8.21996E+20,5.86496E+21,1.37816E+16,5.2838E+16
114043,,12,0,60,5,2017,10,8,2,3,5,3,1,1,0,0,0,0,0,8.12317E+20,5.83828E+21,1.36131E+16,5.26046E+16
114044,,12,0,60,24,2017,10,10,4,3,5,3,0,1,0,0,0,0,1,8.12374E+20,5.85619E+21,1.36309E+16,5.2765E+16
114045,,12,0,72,426,2017,11,8,6,3,2,3,0,1,0,0,1,0,1,7.88337E+20,5.79353E+21,1.32214E+16,5.22166E+16
114046,,12,0,64,393,2017,10,6,2,3,2,6,0,1,0,0,1,1,0,8.3594E+20,5.84177E+21,1.39641E+16,5.26217E+16
114047,,12,0,67,144,2017,10,9,2,3,5,3,0,1,0,0,0,0,0,8.45729E+20,5.81028E+21,1.40756E+16,5.23336E+16
114048,,12,0,73,225,2017,10,7,5,2,7,7,0,0,0,1,0,2,1,8.3281E+20,5.90312E+21,1.39808E+16,5.31731E+16
114049,,12,0,60,24,2017,11,14,1,3,8,1,0,1,0,0,0,0,0,8.12321E+20,5.86155E+21,1.36352E+16,5.28131E+16
114050,,12,0,67,144,2017,10,13,2,3,2,6,0,1,0,1,0,0,0,8.45627E+20,5.81049E+21,1.40743E+16,5.23355E+16
114051,,12,0,68,452,2017,10,11,2,2,2,6,0,1,0,0,0,0,1,7.43465E+20,5.8757E+21,1.26264E+16,5.29755E+16
114052,,12,0,73,225,2017,10,14,6,3,9,1,0,1,0,0,0,0,1,8.34438E+20,5.91137E+21,1.40138E+16,5.32459E+16
114053,,12,0,65,144,2017,10,8,2,3,2,6,0,1,0,0,0,0,0,7.88433E+20,5.84311E+21,1.32656E+16,5.26611E+16
114054,,12,0,65,256,2017,10,10,2,3,2,2,0,1,0,0,0,0,0,7.88067E+20,5.85438E+21,1.32701E+16,5.27623E+16
114055,,12,0,70,325,2017,10,18,7,3,9,1,0,1,0,0,0,2,1,7.01689E+20,5.90592E+21,1.20242E+16,5.32641E+16
114056,,12,0,69,402,2017,10,19,1,3,1,6,0,1,0,0,0,0,0,7.56582E+20,5.78208E+21,1.2749E+16,5.21296E+16
114057,,12,0,69,397,2017,10,13,1,3,2,6,0,1,0,0,0,0,0,7.74989E+20,5.80189E+21,1.30333E+16,5.22984E+16
114058,,12,0,69,590,2017,10,12,1,3,5,2,0,1,0,0,0,0,1,7.69261E+20,5.81081E+21,1.29567E+16,5.23812E+16
114059,,12,0,73,429,2017,11,21,4,3,8,1,0,1,0,0,0,2,1,8.16295E+20,5.917E+21,1.37484E+16,5.33075E+16
114060,,12,0,68,320,2017,11,15,5,3,2,6,0,1,0,0,0,0,0,7.55012E+20,5.86953E+21,1.27932E+16,5.29148E+16