OBJECTID,UIDENTSTLA,ULAND,UREGBEZ,UKREIS,UGEMEINDE,UJAHR,UMONAT,USTUNDE,UWOCHENTAG,UKATEGORIE,UART,UTYP1,IstRad,IstPKW,IstFuss,IstKrad,IstSonstig,LICHT,STRZUSTAND,LINREFX,LINREFY,XGCSWGS84,YGCSWGS84
114061,,12,0,62,232,2017,11,14,5,3,5,3,0,1,0,0,0,0,0,8.2118E+20,5.70298E+21,1.36168E+16,5.1387E+16
114062,,12,0,67,24,2017,11,17,6,2,6,4,0,1,1,0,0,2,0,8.45231E+20,5.80557E+21,1.40634E+16,5.22917E+16
114063,,12,0,69,306,2017,11,7,6,3,5,3,1,1,0,0,0,1,0,7.54532E+20,5.80342E+21,1.27352E+16,5.23219E+16
114064,,12,0,73,572,2017,8,2,6,2,8,1,0,0,0,1,0,2,1,7.97593E+20,5.89812E+21,1.3451E+16,5.31491E+16
114065,,12,0,73,8,2017,8,13,6,2,2,6,0,1,0,0,0,0,0,8.34728E+20,5.88461E+21,1.39902E+16,5.30061E+16
114066,,12,0,61,332,2017,8,12,5,2,8,1,0,1,0,0,0,0,0,8.06594E+20,5.80496E+21,1.34982E+16,5.23092E+16
114067,,12,0,65,198,2017,9,13,6,2,2,6,0,1,0,0,1,0,0,7.79479E+20,5.86925E+21,1.31559E+16,5.29001E+16
114068,,12,0,72,232,2017,9,11,4,3,5,3,0,1,0,1,0,0,1,7.86112E+20,5.77928E+21,1.31769E+16,5.20899E+16
114069,,12,0,62,500,2017,9,6,6,3,1,5,0,1,0,0,0,0,0,8.06323E+20,5.71951E+21,1.34183E+16,5.15434E+16
114070,,12,0,63,208,2017,9,18,4,2,0,7,1,0,0,0,0,0,0,7.66047E+20,5.84417E+21,1.29363E+16,5.2682E+16
114071,,12,0,54,0,2017,8,17,5,2,5,2,1,1,0,0,0,0,0,7.76861E+20,5.81363E+21,1.30704E+16,5.24028E+16
114072,,12,0,65,251,2017,9,12,7,2,9,1,0,1,0,0,0,0,0,7.74638E+20,5.85009E+21,1.3068E+16,5.27308E+16
114073,,12,0,63,273,2017,9,19,4,3,0,7,1,0,0,0,0,2,0,7.77749E+20,5.83553E+21,1.31017E+16,5.25986E+16
114074,,12,0,69,454,2017,9,16,4,3,5,3,0,1,0,0,0,0,0,7.83523E+20,5.8065E+21,1.3162E+16,5.23354E+16
114075,,12,0,54,0,2017,8,7,5,3,8,1,1,0,0,0,0,0,0,7.74121E+20,5.81193E+21,1.30288E+16,5.23889E+16
114076,,12,0,72,477,2017,9,13,7,3,2,6,0,1,0,0,0,0,0,8.04323E+20,5.79376E+21,1.34549E+16,5.22101E+16
114077,,12,0,69,656,2017,9,15,4,3,5,2,1,1,0,0,0,0,0,7.66868E+20,5.81197E+21,1.29225E+16,5.23928E+16
114078,,12,0,54,0,2017,9,13,4,3,5,3,1,1,0,0,0,0,1,7.75293E+20,5.81312E+21,1.3047E+16,5.23989E+16
114079,,12,0,61,192,2017,8,11,5,2,2,6,0,1,0,0,0,0,0,8.16927E+20,5.79004E+21,1.36353E+16,5.21696E+16
114080,,12,0,69,397,2017,9,13,1,3,2,2,0,1,0,1,0,0,0,7.76942E+20,5.80363E+21,1.30633E+16,5.2313E+16
114081,,12,0,69,470,2017,9,20,4,2,7,7,0,0,0,1,0,2,0,7.50542E+20,5.80014E+21,1.26743E+16,5.22944E+16
114082,,12,0,66,41,2017,9,16,4,2,8,1,0,1,0,0,0,0,1,8.40851E+20,5.73457E+21,1.3929E+16,5.16585E+16
114083,,12,0,66,176,2017,8,17,5,3,2,2,0,1,0,0,1,0,0,8.28689E+20,5.71374E+21,1.37343E+16,5.14791E+16
114084,,12,0,60,12,2017,9,16,4,3,2,6,0,1,0,0,1,0,0,8.22967E+20,5.87783E+21,1.38088E+16,5.29526E+16
114085,,12,0,71,244,2017,8,13,5,2,9,1,0,1,0,0,0,0,0,8.54111E+20,5.74439E+21,1.41299E+16,5.17383E+16
114086,,12,0,60,52,2017,9,9,4,2,8,1,0,1,0,0,0,0,0,8.25595E+20,5.86283E+21,1.38327E+16,5.28167E+16
114087,,12,0,60,24,2017,9,18,4,2,5,3,1,1,0,0,0,0,0,8.10707E+20,5.85614E+21,1.36062E+16,5.27655E+16
114088,,12,0,51,0,2017,9,12,3,2,2,6,0,1,0,0,1,0,0,7.38607E+20,5.80363E+21,1.25021E+16,5.2331E+16
114089,,12,0,61,540,2017,11,19,7,3,5,3,0,1,0,0,1,2,0,8.13581E+20,5.80604E+21,1.36014E+16,5.23149E+16
114090,,12,0,60,181,2017,9,12,4,3,5,3,0,1,0,0,0,0,0,8.07154E+20,5.8433E+21,1.35417E+16,5.26525E+16
114091,,12,0,69,306,2017,9,6,4,2,0,7,0,0,0,0,1,0,0,7.4598E+20,5.80645E+21,1.26122E+16,5.2353E+16
114092,,12,0,65,251,2017,11,15,2,3,6,4,0,1,1,0,0,0,0,7.77025E+20,5.84913E+21,1.31024E+16,5.2721E+16
114093,,12,0,60,20,2017,9,18,4,2,5,3,0,1,0,1,0,0,0,8.0712E+20,5.84596E+21,1.35437E+16,5.26764E+16
114094,,12,0,64,172,2017,9,17,5,2,8,1,0,0,0,1,0,0,0,8.70487E+20,5.84027E+21,1.44706E+16,5.25859E+16
114095,,12,0,61,448,2017,10,9,1,3,8,1,0,1,0,0,0,0,1,8.18038E+20,5.78767E+21,1.36493E+16,5.21477E+16
114096,,12,0,54,0,2017,11,8,2,3,0,1,1,0,0,0,0,0,1,7.75765E+20,5.81431E+21,1.30549E+16,5.24094E+16
114097,,12,0,62,24,2017,8,9,2,2,5,3,1,0,0,0,1,0,0,8.05267E+20,5.716E+21,1.34E+16,5.15125E+16
114098,,12,0,64,205,2017,9,16,6,3,5,3,0,1,0,0,0,0,1,8.26469E+20,5.8541E+21,1.3837E+16,5.27379E+16
114099,,12,0,61,433,2017,10,0,1,2,5,3,0,1,0,0,0,2,1,8.06481E+20,5.80767E+21,1.3499E+16,5.23335E+16
114100,,12,0,65,136,2017,10,18,7,3,2,5,0,1,0,0,1,2,0,7.84608E+20,5.83755E+21,1.32044E+16,5.26133E+16
114101,,12,0,64,268,2017,9,16,4,2,0,1,1,0,0,0,0,0,0,8.75662E+20,5.82087E+21,1.45247E+16,5.24087E+16
114102,,12,0,60,20,2017,11,9,3,3,5,3,0,1,0,0,0,0,0,8.09702E+20,5.8461E+21,1.35819E+16,5.26761E+16
114103,,12,0,67,493,2017,8,3,3,3,8,6,0,0,0,0,1,2,0,8.53629E+20,5.78892E+21,1.41687E+16,5.21373E+16
114104,,12,0,69,397,2017,9,5,6,3,8,1,0,0,0,0,1,1,0,7.77495E+20,5.80228E+21,1.30703E+16,5.23006E+16
114105,,12,0,66,320,2017,10,7,1,1,8,1,0,1,0,0,0,0,1,8.46891E+20,5.74936E+21,1.40307E+16,5.17873E+16
114106,,12,0,66,285,2017,10,21,7,3,6,7,0,0,1,0,1,2,1,8.41425E+20,5.72444E+21,1.39274E+16,5.15674E+16
114107,,12,0,64,380,2017,9,18,4,3,0,3,0,1,0,1,0,0,0,8.24905E+20,5.83049E+21,1.37907E+16,5.25274E+16
114108,,12,0,67,124,2017,11,7,4,3,2,2,0,1,0,0,0,0,0,8.23238E+20,5.81832E+21,1.37544E+16,5.24193E+16
114109,,12,0,61,332,2017,8,16,3,1,2,6,0,1,0,0,0,0,0,8.10811E+20,5.79965E+21,1.3555E+16,5.22593E+16
114110,,12,0,62,500,2017,10,11,1,2,9,1,0,1,0,0,0,0,1,8.01512E+20,5.72527E+21,1.3354E+16,5.15976E+16
114111,,12,0,67,469,2017,10,8,1,3,8,1,0,1,0,0,0,0,1,8.34295E+20,5.80754E+21,1.39057E+16,5.23162E+16
114112,,12,0,63,88,2017,10,18,1,2,8,1,0,1,0,0,0,2,0,7.37465E+20,5.84875E+21,1.25176E+16,5.27364E+16
114113,,12,0,67,426,2017,9,13,4,3,2,6,0,1,0,0,0,0,0,8.5058E+20,5.80593E+21,1.41419E+16,5.22916E+16
114114,,12,0,65,225,2017,8,20,4,2,9,1,0,0,0,1,0,2,0,7.95358E+20,5.84572E+21,1.337E+16,5.26807E+16
114115,,12,0,73,532,2017,10,13,1,2,5,3,0,1,0,0,0,0,0,8.53671E+20,5.89249E+21,1.42799E+16,5.30645E+16
114116,,12,0,64,340,2017,10,17,1,2,5,2,0,1,0,0,0,0,0,8.56784E+20,5.83981E+21,1.42687E+16,5.25909E+16
114117,,12,0,65,144,2017,9,11,4,3,0,3,1,1,0,0,0,0,0,7.8933E+20,5.84431E+21,1.32799E+16,5.26714E+16
114118,,12,0,51,0,2017,10,10,2,3,5,2,1,1,0,0,0,0,1,7.39639E+20,5.81282E+21,1.25238E+16,5.2413E+16
114119,,12,0,65,165,2017,9,12,4,3,8,1,0,0,0,0,1,0,0,7.70823E+20,5.85238E+21,1.30135E+16,5.27533E+16
114120,,12,0,62,24,2017,8,14,4,3,5,3,0,1,0,0,1,0,0,8.0803E+20,5.71323E+21,1.34373E+16,5.14862E+16
114121,,12,0,67,473,2017,10,15,1,3,5,3,0,1,0,1,0,0,0,8.47644E+20,5.81639E+21,1.41099E+16,5.23871E+16
114122,,12,0,68,468,2017,10,22,1,3,2,6,0,1,0,0,1,2,0,7.30359E+20,5.90293E+21,1.24511E+16,5.32256E+16
114123,,12,0,70,8,2017,9,13,4,3,2,2,0,0,0,1,1,0,0,6.98663E+20,5.8729E+21,1.19585E+16,5.29688E+16
114124,,12,0,64,380,2017,10,14,3,3,2,2,0,1,0,0,0,0,0,8.23682E+20,5.82892E+21,1.37712E+16,5.25141E+16
114125,,12,0,63,165,2017,10,23,7,2,9,1,0,1,0,0,0,2,1,7.36743E+20,5.84025E+21,1.25008E+16,5.26604E+16
114126,,12,0,63,228,2017,9,13,3,3,2,2,0,1,0,0,1,0,0,7.51202E+20,5.8379E+21,1.27124E+16,5.26328E+16
114127,,12,0,69,454,2017,10,15,7,1,9,1,0,1,0,0,0,0,1,7.82069E+20,5.80541E+21,1.31399E+16,5.23264E+16
114128,,12,0,66,52,2017,11,6,2,3,7,7,0,1,0,0,0,1,1,8.40399E+20,5.74359E+21,1.39313E+16,5.17396E+16
114129,,12,0,72,477,2017,10,14,5,3,2,2,0,1,0,0,0,0,0,8.03402E+20,5.7954E+21,1.3443E+16,5.22252E+16
114130,,12,0,73,452,2017,8,13,6,3,5,2,1,1,0,0,0,0,0,8.23174E+20,5.91865E+21,1.3853E+16,5.33182E+16
114131,,12,0,69,17,2017,10,11,7,3,5,6,0,1,0,0,1,0,1,7.65646E+20,5.7918E+21,1.28887E+16,5.22124E+16
114132,,12,0,60,36,2017,8,15,6,3,5,3,1,1,0,0,0,0,0,8.24428E+20,5.86903E+21,1.38217E+16,5.28729E+16
114133,,12,0,51,0,2017,10,11,7,3,2,6,0,1,0,0,1,0,1,7.44735E+20,5.80845E+21,1.25954E+16,5.23716E+16
114134,,12,0,60,24,2017,9,17,5,3,2,2,0,1,0,0,0,0,0,8.13099E+20,5.85637E+21,1.36418E+16,5.27662E+16
114135,,12,0,63,80,2017,11,5,2,3,5,3,1,1,0,0,0,2,0,7.77675E+20,5.83216E+21,1.30978E+16,5.25685E+16
114136,,12,0,62,128,2017,9,14,6,3,5,3,0,1,0,0,1,0,0,7.93409E+20,5.72556E+21,1.32376E+16,5.16045E+16
114137,,12,0,73,452,2017,11,12,3,3,5,3,1,1,0,0,0,0,0,8.22992E+20,5.91782E+21,1.38494E+16,5.33108E+16
114138,,12,0,69,17,2017,9,14,6,3,3,6,0,1,0,0,1,0,1,7.67406E+20,5.79511E+21,1.2917E+16,5.22413E+16
114139,,12,0,64,512,2017,11,16,4,3,0,7,1,1,0,0,0,0,0,8.46543E+20,5.85369E+21,1.41327E+16,5.27218E+16
114140,,12,0,61,320,2017,8,13,3,2,5,2,0,1,0,0,0,0,0,8.23731E+20,5.75639E+21,1.37027E+16,5.18641E+16
114141,,12,0,72,17,2017,9,18,7,3,2,6,0,1,0,0,0,0,0,7.99721E+20,5.80696E+21,1.33995E+16,5.23309E+16
114142,,12,0,61,332,2017,10,15,7,3,8,1,0,0,0,0,1,0,1,8.15408E+20,5.79265E+21,1.36156E+16,5.21939E+16
114143,,12,0,72,240,2017,10,15,1,3,5,3,0,1,0,0,0,0,0,7.9225E+20,5.80521E+21,1.32886E+16,5.23192E+16
114144,,12,0,63,260,2017,9,0,3,2,8,1,0,1,0,0,0,2,0,7.18215E+20,5.85118E+21,1.22346E+16,5.27663E+16
114145,,12,0,64,317,2017,11,17,5,3,7,7,0,1,0,0,0,2,0,8.5231E+20,5.82992E+21,1.41924E+16,5.25053E+16
114146,,12,0,67,440,2017,8,18,4,3,5,3,0,1,0,1,0,0,0,8.21253E+20,5.82415E+21,1.37309E+16,5.24728E+16
114147,,12,0,61,260,2017,10,16,7,2,9,1,0,0,0,1,0,0,1,8.17689E+20,5.80606E+21,1.36615E+16,5.23128E+16
114148,,12,0,69,232,2017,10,8,2,3,8,6,0,1,0,0,0,0,1,7.33958E+20,5.79091E+21,1.24252E+16,5.22188E+16
114149,,12,0,54,0,2017,9,7,3,3,1,6,0,1,0,1,0,0,0,7.7338E+20,5.81501E+21,1.30205E+16,5.24169E+16
114150,,12,0,70,125,2017,11,17,6,3,4,1,0,1,0,0,0,2,1,7.01325E+20,5.88949E+21,1.20084E+16,5.31168E+16
114151,,12,0,61,260,2017,8,22,4,2,5,2,0,1,0,0,0,2,0,8.13737E+20,5.80467E+21,1.36024E+16,5.23026E+16
114152,,12,0,66,52,2017,10,17,7,2,5,3,1,1,0,0,0,0,1,8.43487E+20,5.74351E+21,1.39758E+16,5.1737E+16
114153,,12,0,61,444,2017,10,9,7,3,1,5,0,1,0,0,0,0,1,8.12549E+20,5.80955E+21,1.35896E+16,5.2347E+16
114154,,12,0,73,8,2017,10,8,3,3,9,2,0,1,0,0,0,0,1,8.3507E+20,5.88557E+21,1.39962E+16,5.30145E+16
114155,,12,0,61,217,2017,11,19,6,2,8,6,0,1,0,1,0,2,1,8.24394E+20,5.8038E+21,1.37573E+16,5.22886E+16
114156,,12,0,62,224,2017,10,16,7,2,5,3,0,1,0,0,0,0,1,7.92799E+20,5.73154E+21,1.32338E+16,5.16584E+16
114157,,12,0,71,57,2017,10,0,7,2,8,7,0,0,0,1,0,2,1,8.63051E+20,5.73396E+21,1.4248E+16,5.16392E+16
114158,,12,0,51,0,2017,9,6,3,3,1,6,0,1,0,0,0,1,0,7.41056E+20,5.81578E+21,1.25467E+16,5.24389E+16
114159,,12,0,65,332,2017,10,14,5,3,5,3,0,1,0,0,0,0,0,7.82013E+20,5.84483E+21,1.31724E+16,5.26799E+16
114160,,12,0,64,227,2017,10,10,7,3,2,6,0,1,0,0,0,0,1,8.13066E+20,5.83162E+21,1.36178E+16,5.25444E+16
114161,,12,0,64,227,2017,10,10,7,3,2,6,0,1,0,0,0,0,1,8.13066E+20,5.83162E+21,1.36178E+16,5.25444E+16
114162,,12,0,53,0,2017,10,13,6,3,2,6,0,1,0,0,1,0,1,8.72668E+20,5.80758E+21,1.44662E+16,5.22918E+16
114163,,12,0,64,227,2017,10,10,7,3,2,6,0,1,0,0,0,0,1,8.13066E+20,5.83162E+21,1.36178E+16,5.25444E+16
114164,,12,0,64,84,2017,10,11,7,3,6,6,0,1,1,0,0,0,0,8.4361E+20,5.83652E+21,1.40716E+16,5.25699E+16
114165,,12,0,67,120,2017,10,21,7,2,1,5,0,1,0,1,0,2,1,8.8339E+20,5.79345E+21,1.46066E+16,5.21581E+16
114166,,12,0,67,408,2017,11,12,3,3,9,1,0,1,0,0,0,0,0,8.41067E+20,5.80839E+21,1.40055E+16,5.23196E+16
114167,,12,0,72,17,2017,11,5,3,3,2,6,0,1,0,0,1,2,0,7.97649E+20,5.80424E+21,1.33668E+16,5.23077E+16
114168,,12,0,63,80,2017,11,12,4,3,5,2,0,1,0,0,0,0,0,7.79331E+20,5.83041E+21,1.31207E+16,5.25519E+16
114169,,12,0,60,52,2017,11,8,5,3,2,6,0,1,0,1,0,0,1,8.22045E+20,5.86495E+21,1.37823E+16,5.28378E+16
114170,,12,0,71,414,2017,11,11,4,3,9,1,0,1,0,0,0,0,1,8.78028E+20,5.745E+21,1.44754E+16,5.17281E+16
114171,,12,0,72,17,2017,11,8,5,3,5,2,1,1,0,0,0,0,0,8.00191E+20,5.80689E+21,1.34063E+16,5.233E+16
114172,,12,0,68,117,2017,10,19,7,3,9,1,0,1,0,0,0,2,1,7.55302E+20,5.86071E+21,1.27906E+16,5.28356E+16
114173,,12,0,64,380,2017,8,18,6,3,5,3,1,1,0,0,0,0,0,8.26381E+20,5.83171E+21,1.38136E+16,5.25374E+16
114174,,12,0,60,24,2017,8,13,5,2,1,1,0,1,0,0,0,0,0,8.12204E+20,5.85635E+21,1.36285E+16,5.27665E+16
114175,,12,0,61,405,2017,9,11,3,3,2,6,0,1,0,0,1,0,0,8.22256E+20,5.77315E+21,1.3697E+16,5.20152E+16
114176,,12,0,69,616,2017,8,1,5,1,9,1,0,1,0,0,0,2,0,7.90301E+20,5.81062E+21,1.32648E+16,5.23688E+16
114177,,12,0,61,316,2017,9,13,3,3,2,6,0,1,0,1,0,0,0,8.36498E+20,5.76565E+21,1.38964E+16,5.19396E+16
114178,,12,0,73,452,2017,8,8,5,2,4,2,1,1,0,0,0,0,0,8.23262E+20,5.91862E+21,1.38542E+16,5.33179E+16
114179,,12,0,67,124,2017,9,9,6,3,2,6,0,1,0,0,1,0,0,8.25324E+20,5.81875E+21,1.37854E+16,5.2422E+16
114180,,12,0,62,24,2017,9,9,3,3,5,3,1,1,0,0,0,0,0,8.04793E+20,5.71622E+21,1.33934E+16,5.15147E+16
114181,,12,0,71,44,2017,9,18,3,3,5,3,1,1,0,0,0,0,0,8.87181E+20,5.73328E+21,1.45943E+16,5.1617E+16
114182,,12,0,60,176,2017,8,20,5,2,8,1,0,0,0,1,0,1,0,8.39508E+20,5.86927E+21,1.40451E+16,5.28658E+16
114183,,12,0,72,120,2017,9,16,6,3,2,6,0,0,0,1,1,0,0,7.91801E+20,5.80823E+21,1.32847E+16,5.23466E+16
114184,,12,0,67,469,2017,9,12,3,3,2,6,0,1,0,0,0,0,0,8.40574E+20,5.80812E+21,1.3998E+16,5.23175E+16
114185,,12,0,64,44,2017,9,11,3,3,2,6,0,1,0,0,0,0,0,8.41217E+20,5.85917E+21,1.40598E+16,5.27742E+16
114186,,12,0,64,222,2017,8,17,5,2,3,7,1,1,0,0,0,0,0,8.28127E+20,5.84995E+21,1.38573E+16,5.26998E+16
114187,,12,0,73,8,2017,9,20,7,3,8,1,0,1,0,0,0,2,0,8.36836E+20,5.88987E+21,1.4027E+16,5.30519E+16
114188,,12,0,64,472,2017,9,15,3,3,8,1,0,0,0,1,0,0,0,8.39823E+20,5.83719E+21,1.40166E+16,5.25783E+16
114189,,12,0,70,393,2017,9,10,3,3,9,1,0,1,0,0,0,0,0,7.09753E+20,5.90619E+21,1.21451E+16,5.32635E+16
114190,,12,0,53,0,2017,8,16,5,3,2,6,0,1,0,0,1,0,0,8.73023E+20,5.80817E+21,1.4472E+16,5.22969E+16
114191,,12,0,65,144,2017,9,8,3,3,5,3,0,1,0,0,0,0,0,7.89599E+20,5.84374E+21,1.32833E+16,5.26661E+16
114192,,12,0,67,440,2017,8,15,5,3,5,3,1,1,0,0,0,0,0,8.19118E+20,5.8247E+21,1.37001E+16,5.24789E+16
114193,,12,0,65,332,2017,9,15,3,2,0,1,1,0,0,0,0,0,0,7.83292E+20,5.84451E+21,1.3191E+16,5.26763E+16
114194,,12,0,65,332,2017,9,9,3,2,5,2,0,1,0,0,1,0,0,7.82673E+20,5.8455E+21,1.31827E+16,5.26855E+16
114195,,12,0,60,269,2017,9,17,3,3,5,2,1,1,0,0,0,0,0,8.02282E+20,5.85283E+21,1.34787E+16,5.27406E+16
114196,,12,0,64,512,2017,11,10,6,2,9,1,0,1,0,0,0,0,1,8.36748E+20,5.85532E+21,1.39899E+16,5.27426E+16
114197,,12,0,65,332,2017,9,11,3,3,5,3,0,1,0,0,1,0,0,7.82259E+20,5.84498E+21,1.31762E+16,5.2681E+16
114198,,12,0,72,120,2017,9,11,3,3,5,2,0,1,0,1,0,0,0,7.9116E+20,5.80842E+21,1.32755E+16,5.23486E+16
114199,,12,0,69,397,2017,11,0,6,2,3,6,0,0,0,0,1,2,0,7.77703E+20,5.80226E+21,1.30733E+16,5.23003E+16
114200,,12,0,70,280,2017,9,17,3,3,5,3,1,1,0,0,0,0,0,7.15969E+20,5.91205E+21,1.22421E+16,5.33136E+16
114201,,12,0,60,269,2017,9,17,4,3,5,3,0,1,0,0,1,0,1,8.00597E+20,5.85248E+21,1.34535E+16,5.27385E+16
114202,,12,0,72,477,2017,10,12,6,3,5,3,0,1,0,0,0,0,0,8.0571E+20,5.78937E+21,1.34712E+16,5.21699E+16
114203,,12,0,73,452,2017,11,18,1,3,4,2,1,1,0,0,0,2,1,8.21768E+20,5.91734E+21,1.38306E+16,5.33072E+16
114204,,12,0,69,89,2017,9,3,2,3,1,6,0,0,0,0,1,2,0,7.28716E+20,5.79595E+21,1.2352E+16,5.22663E+16
114205,,12,0,69,249,2017,8,9,1,2,1,6,0,1,0,1,0,0,0,7.57892E+20,5.81247E+21,1.27913E+16,5.24016E+16
114206,,12,0,65,225,2017,9,14,5,3,2,6,0,1,0,0,0,0,0,7.96025E+20,5.84369E+21,1.33781E+16,5.26622E+16
114207,,12,0,72,120,2017,10,19,6,3,8,1,0,1,0,0,0,2,1,7.93912E+20,5.81233E+21,1.33192E+16,5.23822E+16
114208,,12,0,73,572,2017,10,17,6,3,5,2,1,1,0,0,0,1,1,8.01416E+20,5.89484E+21,1.35049E+16,5.31176E+16
114209,,12,0,72,120,2017,9,14,2,2,8,7,0,1,0,0,0,0,0,7.92366E+20,5.80867E+21,1.32934E+16,5.23502E+16
114210,,12,0,71,372,2017,11,11,2,3,5,3,0,1,0,0,1,0,0,8.73273E+20,5.72668E+21,1.43873E+16,5.15673E+16
114211,,12,0,63,252,2017,9,17,2,3,5,2,0,0,0,0,1,0,0,7.23318E+20,5.8314E+21,1.22967E+16,5.25867E+16
114212,,12,0,60,280,2017,8,13,2,2,2,6,0,1,0,0,1,0,0,8.1554E+20,5.83992E+21,1.36621E+16,5.26174E+16
114213,,12,0,61,433,2017,9,20,5,3,3,6,1,1,0,0,0,1,0,8.07021E+20,5.81525E+21,1.35139E+16,5.24012E+16
114214,,12,0,72,120,2017,10,23,6,2,2,6,0,1,0,0,0,2,1,7.96528E+20,5.8084E+21,1.3354E+16,5.23455E+16
114215,,12,0,72,232,2017,10,21,6,2,2,6,1,1,0,0,0,2,1,7.84107E+20,5.78099E+21,1.31492E+16,5.21064E+16
114216,,12,0,63,208,2017,9,7,2,3,4,6,1,0,0,0,0,0,0,7.628E+20,5.83566E+21,1.28816E+16,5.26072E+16
114217,,12,0,65,136,2017,11,15,3,2,6,4,0,1,1,0,0,0,0,7.83198E+20,5.84225E+21,1.31877E+16,5.26561E+16
114218,,12,0,72,477,2017,8,10,2,3,4,6,0,0,0,0,1,0,0,8.03409E+20,5.79543E+21,1.34431E+16,5.22255E+16
114219,,12,0,67,201,2017,8,19,6,3,1,5,0,1,0,0,0,0,0,8.27574E+20,5.81923E+21,1.38188E+16,5.24249E+16
114220,,12,0,63,80,2017,10,14,6,3,2,6,0,1,0,0,0,0,1,7.76287E+20,5.83316E+21,1.30782E+16,5.25781E+16
114221,,12,0,54,0,2017,10,5,6,2,7,1,1,0,0,0,0,2,1,7.77927E+20,5.81261E+21,1.30852E+16,5.2393E+16
114222,,12,0,73,490,2017,10,9,7,3,5,3,0,1,0,0,1,0,0,8.31273E+20,5.92376E+21,1.39794E+16,5.33589E+16
114223,,12,0,54,0,2017,9,9,2,3,1,6,0,1,0,0,1,0,0,7.69954E+20,5.81984E+21,1.29741E+16,5.24619E+16
114224,,12,0,72,477,2017,9,11,6,3,1,6,0,1,0,1,0,0,0,8.04507E+20,5.79288E+21,1.34568E+16,5.22021E+16
114225,,12,0,51,0,2017,9,10,2,3,8,7,0,0,0,1,0,0,0,7.41128E+20,5.81363E+21,1.25462E+16,5.24197E+16
114226,,12,0,65,144,2017,8,16,5,3,5,7,1,1,0,0,0,0,0,7.89429E+20,5.84426E+21,1.32813E+16,5.26709E+16
114227,,12,0,61,217,2017,9,13,7,2,2,6,0,1,0,0,0,0,0,8.2658E+20,5.80715E+21,1.37925E+16,5.23173E+16
114228,,12,0,66,272,2017,9,14,2,2,3,6,0,1,0,0,1,0,0,8.37078E+20,5.7121E+21,1.38531E+16,5.14595E+16
114229,,12,0,65,332,2017,8,5,5,3,2,2,0,1,0,0,1,2,0,7.83915E+20,5.84379E+21,1.31996E+16,5.26695E+16
114230,,12,0,62,92,2017,9,7,1,1,9,1,0,1,0,0,0,0,0,8.13304E+20,5.7324E+21,1.35301E+16,5.16551E+16
114231,,12,0,61,433,2017,9,11,2,3,4,6,0,1,0,0,1,0,0,8.02523E+20,5.81284E+21,1.34458E+16,5.23821E+16
114232,,12,0,66,176,2017,9,7,2,3,2,6,0,1,0,0,1,0,0,8.29478E+20,5.71205E+21,1.37441E+16,5.14635E+16
114233,,12,0,70,316,2017,8,13,5,3,5,3,0,1,0,0,1,0,0,7.19064E+20,5.89891E+21,1.22795E+16,5.31943E+16
114234,,12,0,67,72,2017,9,18,2,3,0,7,1,0,0,0,0,0,0,8.59349E+20,5.81237E+21,1.42768E+16,5.23436E+16
114235,,12,0,61,217,2017,9,8,2,3,9,7,0,1,0,0,0,0,0,8.26336E+20,5.80608E+21,1.37879E+16,5.23078E+16
114236,,12,0,61,260,2017,9,12,2,2,4,6,0,1,0,0,0,0,0,8.21192E+20,5.81385E+21,1.37201E+16,5.23805E+16
114237,,12,0,68,188,2017,8,13,5,3,5,3,1,1,0,0,0,0,0,7.67091E+20,5.86891E+21,1.29719E+16,5.29034E+16
114238,,12,0,62,224,2017,9,18,2,3,8,1,0,1,0,0,0,0,0,7.94842E+20,5.7336E+21,1.3265E+16,5.16758E+16
114239,,12,0,69,397,2017,8,13,4,3,3,6,0,1,0,0,1,0,0,7.76702E+20,5.80228E+21,1.30587E+16,5.2301E+16
114240,,12,0,60,192,2017,9,17,2,2,6,4,0,1,1,0,0,0,0,8.14659E+20,5.8489E+21,1.36577E+16,5.26984E+16
114241,,12,0,51,0,2017,8,15,4,3,4,6,1,0,0,0,0,0,0,7.41799E+20,5.81451E+21,1.25567E+16,5.24273E+16
114242,,12,0,64,268,2017,9,10,2,3,8,7,0,0,0,1,0,0,0,8.72338E+20,5.82378E+21,1.44793E+16,5.24371E+16
114243,,12,0,67,237,2017,8,13,6,3,1,5,0,1,0,0,0,0,0,8.64503E+20,5.81268E+21,1.43525E+16,5.23429E+16
114244,,12,0,65,225,2017,8,20,6,3,1,5,0,1,0,0,1,2,1,7.96051E+20,5.84142E+21,1.33764E+16,5.26418E+16
114245,,12,0,54,0,2017,10,14,6,3,1,7,0,1,0,0,0,0,0,7.75766E+20,5.81534E+21,1.30557E+16,5.24187E+16
114246,,12,0,67,469,2017,9,14,4,2,8,1,0,0,0,0,1,0,0,8.3524E+20,5.80732E+21,1.39192E+16,5.23136E+16
114247,,12,0,62,410,2017,11,20,1,3,7,7,0,1,0,0,0,2,1,8.11265E+20,5.70514E+21,1.34766E+16,5.14118E+16
114248,,12,0,67,144,2017,9,11,5,3,6,4,1,0,1,0,0,0,0,8.4585E+20,5.80999E+21,1.4077E+16,5.2331E+16