OBJECTID,UIDENTSTLA,ULAND,UREGBEZ,UKREIS,UGEMEINDE,UJAHR,UMONAT,USTUNDE,UWOCHENTAG,UKATEGORIE,UART,UTYP1,IstRad,IstPKW,IstFuss,IstKrad,IstSonstig,LICHT,STRZUSTAND,LINREFX,LINREFY,XGCSWGS84,YGCSWGS84
114436,,12,0,68,320,2017,9,15,3,2,2,2,0,1,0,0,0,0,0,7.56598E+20,5.87248E+21,1.2819E+16,5.29405E+16
114437,,12,0,72,240,2017,11,6,5,3,2,7,0,1,0,1,0,0,1,7.90633E+20,5.80288E+21,1.3263E+16,5.22992E+16
114438,,12,0,60,52,2017,9,12,3,3,4,6,0,1,0,0,0,0,0,8.19454E+20,5.85981E+21,1.3739E+16,5.27933E+16
114439,,12,0,73,429,2017,11,14,6,3,4,6,0,1,0,0,0,0,0,8.17002E+20,5.92669E+21,1.37687E+16,5.33939E+16
114440,,12,0,71,294,2017,9,6,6,2,7,7,0,1,0,0,0,1,1,8.86526E+20,5.73782E+21,1.45899E+16,5.16581E+16
114441,,12,0,72,340,2017,9,16,3,3,2,2,0,1,0,0,0,0,0,8.04438E+20,5.80042E+21,1.34626E+16,5.22697E+16
114442,,12,0,60,52,2017,11,9,7,3,2,6,0,1,0,0,1,0,0,8.17638E+20,5.86487E+21,1.37171E+16,5.28397E+16
114443,,12,0,73,261,2017,9,15,6,2,1,5,0,1,0,0,0,0,0,8.32448E+20,5.91954E+21,1.39926E+16,5.33204E+16
114444,,12,0,67,201,2017,8,16,1,3,5,3,0,1,0,0,0,0,0,8.28035E+20,5.81835E+21,1.38247E+16,5.24167E+16
114445,,12,0,52,0,2017,9,20,4,2,5,2,1,1,0,0,0,2,1,8.6829E+20,5.74535E+21,1.43354E+16,5.17378E+16
114446,,12,0,64,9,2017,10,7,5,3,6,4,0,0,1,0,1,2,1,8.75822E+20,5.83185E+21,1.45394E+16,5.25069E+16
114447,,12,0,69,590,2017,10,23,5,3,2,6,0,1,0,0,0,2,0,7.66363E+20,5.80105E+21,1.29065E+16,5.22951E+16
114448,,12,0,63,252,2017,11,17,1,3,6,4,0,1,1,0,0,2,1,7.26172E+20,5.83445E+21,1.23408E+16,5.26129E+16
114449,,12,0,73,458,2017,9,12,6,3,2,6,0,1,0,0,0,0,0,8.41085E+20,5.91722E+21,1.41192E+16,5.32941E+16
114450,,12,0,63,208,2017,8,13,1,3,5,2,1,1,0,0,0,0,0,7.63232E+20,5.83446E+21,1.2887E+16,5.25963E+16
114451,,12,0,67,473,2017,9,16,5,3,5,2,0,1,0,0,0,0,0,8.5244E+20,5.8226E+21,1.41866E+16,5.24396E+16
114452,,12,0,64,227,2017,10,18,5,3,2,6,0,1,0,0,1,1,1,8.13365E+20,5.83159E+21,1.36222E+16,5.2544E+16
114453,,12,0,71,76,2017,10,18,6,2,4,5,0,1,0,0,0,2,0,8.89489E+20,5.74649E+21,1.46422E+16,5.17336E+16
114454,,12,0,64,480,2017,9,22,6,3,5,3,0,1,0,0,0,2,0,8.66959E+20,5.8189E+21,1.43952E+16,5.2397E+16
114455,,12,0,61,17,2017,11,17,2,3,9,1,0,1,0,0,0,2,0,8.24094E+20,5.76752E+21,1.37184E+16,5.19637E+16
114456,,12,0,68,501,2017,9,17,6,2,8,1,0,0,0,1,0,0,0,7.20564E+20,5.86026E+21,1.22755E+16,5.28469E+16
114457,,12,0,60,176,2017,8,17,2,3,8,1,1,0,0,0,0,0,0,8.39623E+20,5.87017E+21,1.40477E+16,5.28738E+16
114458,,12,0,63,56,2017,8,7,5,3,2,6,0,1,0,0,0,0,0,7.78788E+20,5.82799E+21,1.31107E+16,5.25305E+16
114459,,12,0,67,120,2017,10,8,5,3,5,3,1,1,0,0,0,0,1,8.85523E+20,5.79238E+21,1.46365E+16,5.2147E+16
114460,,12,0,54,0,2017,9,4,5,2,0,7,0,0,0,1,0,2,1,7.70288E+20,5.81962E+21,1.29789E+16,5.24597E+16
114461,,12,0,67,481,2017,10,11,5,3,6,2,0,1,1,0,0,0,1,8.36607E+20,5.80074E+21,1.39327E+16,5.22538E+16
114462,,12,0,69,402,2017,10,19,6,3,1,6,0,1,0,0,0,2,1,7.56203E+20,5.7815E+21,1.2743E+16,5.21245E+16
114463,,12,0,72,17,2017,9,17,5,3,1,6,0,1,0,0,0,0,1,7.97649E+20,5.80424E+21,1.33668E+16,5.23077E+16
114464,,12,0,64,428,2017,11,15,3,3,5,3,1,1,0,0,0,0,0,8.24137E+20,5.82523E+21,1.37743E+16,5.24807E+16
114465,,12,0,68,320,2017,8,15,3,3,2,6,0,1,0,0,0,0,0,7.55122E+20,5.87456E+21,1.27988E+16,5.29598E+16
114466,,12,0,54,0,2017,8,13,5,3,0,1,1,0,0,0,0,0,0,7.74353E+20,5.81218E+21,1.30324E+16,5.2391E+16
114467,,12,0,68,306,2017,10,12,5,3,2,6,0,1,0,0,0,0,1,7.48557E+20,5.87126E+21,1.26987E+16,5.29333E+16
114468,,12,0,68,181,2017,10,17,5,3,2,6,0,1,0,0,0,0,1,7.21338E+20,5.89282E+21,1.23093E+16,5.31387E+16
114469,,12,0,73,572,2017,10,17,7,2,5,3,1,1,0,0,0,0,0,8.00657E+20,5.89545E+21,1.34942E+16,5.31235E+16
114470,,12,0,72,120,2017,9,15,5,3,5,3,0,1,0,1,0,0,1,7.93279E+20,5.80908E+21,1.33071E+16,5.23534E+16
114471,,12,0,73,532,2017,8,12,3,3,5,2,1,1,0,0,0,0,0,8.53928E+20,5.89227E+21,1.42835E+16,5.30624E+16
114472,,12,0,68,477,2017,10,15,5,3,4,6,0,1,0,0,1,0,1,7.36651E+20,5.86025E+21,1.25139E+16,5.28399E+16
114473,,12,0,68,320,2017,10,19,5,2,2,6,0,0,0,1,1,2,1,7.55099E+20,5.86941E+21,1.27944E+16,5.29137E+16
114474,,12,0,73,572,2017,10,18,1,2,8,7,0,1,0,0,0,2,0,8.07587E+20,5.88786E+21,1.35901E+16,5.30516E+16
114475,,12,0,54,0,2017,9,20,5,3,0,1,0,0,0,0,1,2,0,7.74835E+20,5.81266E+21,1.30399E+16,5.23951E+16
114476,,12,0,68,320,2017,10,6,5,3,3,6,1,1,0,0,0,2,1,7.5556E+20,5.8689E+21,1.28008E+16,5.29089E+16
114477,,12,0,51,0,2017,9,7,5,2,5,2,1,1,0,0,0,0,0,7.41352E+20,5.81132E+21,1.25478E+16,5.23988E+16
114478,,12,0,69,454,2017,10,15,4,2,2,6,0,0,0,0,1,0,0,7.83739E+20,5.80263E+21,1.31619E+16,5.23006E+16
114479,,12,0,71,76,2017,9,12,5,3,8,7,0,1,0,0,0,0,1,8.94689E+20,5.73991E+21,1.47097E+16,5.16712E+16
114480,,12,0,69,454,2017,10,4,4,2,2,6,0,0,0,0,1,2,0,7.82936E+20,5.80263E+21,1.31502E+16,5.2301E+16
114481,,12,0,71,76,2017,9,20,5,2,1,6,0,1,0,0,1,2,1,8.85301E+20,5.75564E+21,1.4592E+16,5.18184E+16
114482,,12,0,63,80,2017,11,15,6,3,4,7,0,1,0,0,0,0,1,7.7954E+20,5.83144E+21,1.31246E+16,5.25611E+16
114483,,12,0,69,656,2017,11,9,7,3,2,6,0,1,0,0,0,0,1,7.6799E+20,5.80957E+21,1.29371E+16,5.23707E+16
114484,,12,0,72,17,2017,10,19,4,3,2,6,0,0,0,0,1,2,0,8.01795E+20,5.80431E+21,1.34275E+16,5.23061E+16
114485,,12,0,67,36,2017,11,12,2,2,2,2,0,1,0,0,1,0,0,8.62539E+20,5.7918E+21,1.43014E+16,5.21573E+16
114486,,12,0,72,14,2017,10,5,4,2,7,7,0,0,0,0,1,2,1,8.05188E+20,5.77161E+21,1.34477E+16,5.2011E+16
114487,,12,0,72,2,2017,10,9,6,3,5,7,1,1,0,0,0,0,0,8.00802E+20,5.79007E+21,1.34003E+16,5.21789E+16
114488,,12,0,72,232,2017,11,7,2,3,2,2,0,1,0,0,1,0,1,7.85426E+20,5.7797E+21,1.31673E+16,5.20941E+16
114489,,12,0,63,252,2017,10,11,4,2,5,3,0,1,0,1,0,0,0,7.26114E+20,5.83204E+21,1.23383E+16,5.25913E+16
114490,,12,0,61,572,2017,10,12,7,3,5,3,0,1,0,0,0,0,0,8.13673E+20,5.80564E+21,1.36024E+16,5.23113E+16
114491,,12,0,60,20,2017,11,18,3,3,5,2,1,1,0,0,0,2,0,8.09209E+20,5.84676E+21,1.35752E+16,5.26823E+16
114492,,12,0,63,208,2017,10,7,4,3,2,6,0,1,0,0,0,0,0,7.53773E+20,5.83716E+21,1.27497E+16,5.2625E+16
114493,,12,0,68,324,2017,10,11,2,3,5,3,0,1,0,0,0,0,0,7.22454E+20,5.85934E+21,1.23029E+16,5.28378E+16
114494,,12,0,64,472,2017,9,16,5,3,2,6,0,0,0,0,1,0,0,8.31244E+20,5.8383E+21,1.38916E+16,5.25935E+16
114495,,12,0,61,320,2017,11,16,2,3,7,7,0,0,0,1,0,2,0,8.30863E+20,5.74408E+21,1.37941E+16,5.17497E+16
114496,,12,0,71,32,2017,9,16,5,3,5,3,0,1,0,0,0,0,0,8.54438E+20,5.75412E+21,1.41446E+16,5.18252E+16
114497,,12,0,52,0,2017,8,18,2,3,5,3,1,1,0,0,0,0,0,8.67281E+20,5.7474E+21,1.4323E+16,5.17568E+16
114498,,12,0,54,0,2017,9,18,5,3,0,1,0,0,0,1,0,0,1,7.76726E+20,5.81209E+21,1.30671E+16,5.23889E+16
114499,,12,0,54,0,2017,10,15,4,3,2,6,0,1,0,0,0,0,0,7.75441E+20,5.81711E+21,1.30524E+16,5.24346E+16
114500,,12,0,70,8,2017,10,15,7,2,0,1,1,0,0,0,0,0,0,6.98608E+20,5.87362E+21,1.19581E+16,5.29754E+16
114501,,12,0,64,227,2017,11,6,3,3,2,2,0,1,0,0,0,1,0,8.15426E+20,5.82506E+21,1.36463E+16,5.24843E+16
114502,,12,0,68,280,2017,8,15,3,3,4,6,1,1,0,0,0,0,0,7.70506E+20,5.8778E+21,1.30299E+16,5.29813E+16
114503,,12,0,72,240,2017,9,10,6,3,9,2,0,1,0,0,1,0,0,7.85061E+20,5.80534E+21,1.31836E+16,5.23242E+16
114504,,12,0,69,306,2017,10,14,4,3,5,3,0,1,0,0,0,0,0,7.58824E+20,5.80797E+21,1.28015E+16,5.23608E+16
114505,,12,0,62,124,2017,10,16,7,2,5,3,0,1,0,0,1,0,0,8.12141E+20,5.71155E+21,1.34949E+16,5.14688E+16
114506,,12,0,52,0,2017,9,16,5,3,1,6,0,1,0,1,0,0,0,8.68657E+20,5.74673E+21,1.43421E+16,5.17498E+16
114507,,12,0,65,198,2017,11,4,4,2,8,1,0,1,0,0,0,2,0,7.80276E+20,5.86615E+21,1.3165E+16,5.28719E+16
114508,,12,0,71,32,2017,8,14,3,3,5,3,1,1,0,0,0,0,0,8.54609E+20,5.7551E+21,1.4148E+16,5.18339E+16
114509,,12,0,69,17,2017,9,14,7,3,2,6,0,1,0,0,1,0,1,7.6874E+20,5.7944E+21,1.2936E+16,5.22343E+16
114510,,12,0,51,0,2017,10,7,4,3,2,6,1,1,0,0,0,0,0,7.42096E+20,5.81336E+21,1.25602E+16,5.24168E+16
114511,,12,0,61,260,2017,10,16,1,3,5,3,1,1,0,0,0,0,0,8.17897E+20,5.81035E+21,1.36686E+16,5.23511E+16
114512,,12,0,60,181,2017,9,6,5,1,6,7,0,0,1,0,1,0,0,8.07472E+20,5.83916E+21,1.35426E+16,5.26152E+16
114513,,12,0,68,264,2017,11,6,5,2,5,2,0,0,0,1,1,2,0,7.30831E+20,5.86855E+21,1.24335E+16,5.29169E+16
114514,,12,0,63,357,2017,8,9,3,2,4,6,0,0,0,1,1,0,0,7.65358E+20,5.83031E+21,1.2915E+16,5.2558E+16
114515,,12,0,51,0,2017,10,22,4,3,5,3,0,1,0,0,0,2,0,7.38707E+20,5.80833E+21,1.25069E+16,5.23731E+16
114516,,12,0,62,224,2017,10,6,4,2,5,3,0,1,0,0,0,2,0,7.9225E+20,5.73532E+21,1.32291E+16,5.16926E+16
114517,,12,0,66,240,2017,10,12,2,3,5,3,1,1,0,0,0,0,1,8.31056E+20,5.70268E+21,1.3758E+16,5.13786E+16
114518,,12,0,60,280,2017,9,18,5,2,8,1,0,1,0,0,0,0,1,8.16399E+20,5.84051E+21,1.36753E+16,5.26222E+16
114519,,12,0,73,532,2017,8,6,4,3,5,3,0,1,0,0,0,0,0,8.54557E+20,5.89712E+21,1.42982E+16,5.31054E+16
114520,,12,0,71,153,2017,10,4,4,3,8,7,0,0,0,0,1,2,1,8.87384E+20,5.74309E+21,1.46081E+16,5.17046E+16
114521,,12,0,73,458,2017,10,15,4,2,3,2,0,1,0,0,0,0,0,8.3588E+20,5.91791E+21,1.40422E+16,5.33036E+16
114522,,12,0,64,9,2017,9,2,5,2,9,7,0,1,0,0,0,2,0,8.69947E+20,5.83556E+21,1.44574E+16,5.2544E+16
114523,,12,0,64,472,2017,10,7,3,2,4,6,0,1,0,1,0,0,1,8.29011E+20,5.832E+21,1.38525E+16,5.25385E+16
114524,,12,0,67,201,2017,9,17,5,3,3,6,0,1,0,0,0,0,0,8.28563E+20,5.8203E+21,1.38344E+16,5.24339E+16
114525,,12,0,73,429,2017,10,13,4,2,4,2,0,1,0,0,0,0,1,8.184E+20,5.91334E+21,1.37762E+16,5.32735E+16
114526,,12,0,67,124,2017,9,14,5,3,2,6,0,1,0,1,0,0,1,8.23247E+20,5.81809E+21,1.37543E+16,5.24173E+16
114527,,12,0,63,148,2017,10,11,4,2,8,1,0,0,0,0,1,0,0,7.58776E+20,5.8247E+21,1.28137E+16,5.25109E+16
114528,,12,0,60,20,2017,10,19,4,2,6,4,0,1,1,0,0,2,0,8.09281E+20,5.84699E+21,1.35765E+16,5.26843E+16
114529,,12,0,65,225,2017,9,15,5,2,2,6,0,1,0,0,0,0,1,7.94799E+20,5.84578E+21,1.33618E+16,5.26815E+16
114530,,12,0,60,20,2017,10,8,4,3,5,3,1,0,0,0,1,0,0,8.08778E+20,5.84672E+21,1.35689E+16,5.26822E+16
114531,,12,0,64,472,2017,11,20,2,3,9,1,0,1,0,0,0,2,1,8.29773E+20,5.83726E+21,1.38689E+16,5.25851E+16
114532,,12,0,72,17,2017,11,9,2,2,2,6,0,1,0,0,1,0,1,8.02341E+20,5.80436E+21,1.34355E+16,5.23061E+16
114533,,12,0,60,20,2017,11,17,3,3,2,6,0,1,0,0,0,2,0,8.09861E+20,5.84695E+21,1.3585E+16,5.26836E+16
114534,,12,0,68,468,2017,10,9,2,3,3,6,1,0,0,0,1,0,0,7.33439E+20,5.89619E+21,1.24923E+16,5.31638E+16
114535,,12,0,54,0,2017,11,18,3,2,3,6,0,1,0,0,0,2,0,7.75231E+20,5.81284E+21,1.30459E+16,5.23965E+16
114536,,12,0,51,0,2017,11,11,4,3,5,2,1,1,0,0,0,0,0,7.40106E+20,5.81484E+21,1.25321E+16,5.2431E+16
114537,,12,0,69,454,2017,10,11,2,3,5,2,0,1,0,0,1,0,0,7.80233E+20,5.80445E+21,1.31122E+16,5.23187E+16
114538,,12,0,67,440,2017,10,14,4,3,5,3,0,1,0,0,0,0,0,8.18652E+20,5.8243E+21,1.36929E+16,5.24757E+16
114539,,12,0,64,336,2017,11,13,4,3,6,2,0,1,1,0,0,0,1,8.18666E+20,5.82973E+21,1.36983E+16,5.25242E+16
114540,,12,0,67,481,2017,10,12,4,2,5,3,1,1,0,0,0,0,0,8.33739E+20,5.80307E+21,1.38931E+16,5.22764E+16
114541,,12,0,69,454,2017,10,15,3,3,5,3,0,1,0,0,0,0,1,7.80309E+20,5.80588E+21,1.31145E+16,5.23315E+16
114542,,12,0,51,0,2017,10,21,3,3,1,6,0,1,0,0,0,2,0,7.44909E+20,5.8124E+21,1.26008E+16,5.24069E+16
114543,,12,0,61,20,2017,10,17,3,2,0,1,0,0,0,1,0,0,1,8.1827E+20,5.79816E+21,1.36625E+16,5.22416E+16
114544,,12,0,65,144,2017,11,10,2,3,1,1,0,1,0,0,1,0,0,7.91955E+20,5.84425E+21,1.33185E+16,5.26694E+16
114545,,12,0,65,301,2017,8,15,5,2,9,1,0,1,0,0,0,0,1,7.73157E+20,5.88348E+21,1.30741E+16,5.3031E+16
114546,,12,0,61,433,2017,8,11,5,3,2,6,0,1,0,0,0,0,0,8.0245E+20,5.81248E+21,1.34444E+16,5.23789E+16
114547,,12,0,65,96,2017,9,7,5,3,5,3,0,1,0,1,0,0,0,7.91317E+20,5.84063E+21,1.33059E+16,5.26373E+16
114548,,12,0,69,448,2017,8,12,5,2,5,3,0,1,0,1,0,0,0,7.53233E+20,5.77664E+21,1.26961E+16,5.20823E+16
114549,,12,0,65,332,2017,9,5,5,3,2,6,0,1,0,1,0,2,0,7.83174E+20,5.84467E+21,1.31894E+16,5.26778E+16
114550,,12,0,54,0,2017,8,9,3,3,5,3,0,1,0,1,0,0,0,7.72971E+20,5.8152E+21,1.30146E+16,5.24187E+16
114551,,12,0,64,448,2017,9,9,6,3,0,6,0,1,0,0,0,0,0,8.65895E+20,5.8355E+21,1.43978E+16,5.25463E+16
114552,,12,0,65,136,2017,9,17,5,2,6,4,0,1,1,0,0,0,1,7.84841E+20,5.84029E+21,1.32102E+16,5.26376E+16
114553,,12,0,65,356,2017,9,22,5,2,7,7,0,0,0,1,0,2,1,7.88852E+20,5.88007E+21,1.33045E+16,5.29921E+16
114554,,12,0,69,474,2017,8,6,3,2,5,3,0,1,0,0,1,0,0,7.52918E+20,5.7779E+21,1.26925E+16,5.20937E+16
114555,,12,0,68,320,2017,9,15,5,3,5,3,1,1,0,0,0,0,1,7.57693E+20,5.87376E+21,1.28363E+16,5.29515E+16
114556,,12,0,69,402,2017,8,5,3,1,7,7,0,1,0,0,1,0,0,7.61922E+20,5.77846E+21,1.2824E+16,5.20946E+16
114557,,12,0,72,477,2017,9,12,4,3,8,6,0,1,0,1,0,0,1,8.03541E+20,5.79867E+21,1.34479E+16,5.22545E+16
114558,,12,0,51,0,2017,8,9,3,3,5,3,1,1,0,0,0,0,0,7.39493E+20,5.80906E+21,1.2519E+16,5.23794E+16
114559,,12,0,72,120,2017,9,14,4,3,5,3,1,1,0,0,0,0,0,7.92022E+20,5.80879E+21,1.32884E+16,5.23515E+16
114560,,12,0,60,20,2017,11,8,4,2,5,3,1,0,0,0,1,0,0,8.11472E+20,5.84612E+21,1.3608E+16,5.26753E+16
114561,,12,0,64,227,2017,9,17,2,3,2,6,0,1,0,0,0,0,0,8.13565E+20,5.83158E+21,1.36251E+16,5.25438E+16
114562,,12,0,69,20,2017,9,15,2,3,5,3,0,1,0,0,0,0,0,7.46204E+20,5.7827E+21,1.25981E+16,5.21399E+16
114563,,12,0,64,370,2017,11,19,5,3,7,7,0,0,0,0,1,2,1,8.3452E+20,5.83972E+21,1.39412E+16,5.26042E+16
114564,,12,0,72,298,2017,9,18,4,2,5,2,0,1,0,0,1,0,1,7.83696E+20,5.76044E+21,1.31262E+16,5.19223E+16
114565,,12,0,64,408,2017,9,7,3,2,5,3,1,1,0,0,0,0,0,8.32801E+20,5.83144E+21,1.39076E+16,5.25312E+16
114566,,12,0,65,100,2017,11,17,6,2,7,7,0,0,0,1,0,2,0,7.7976E+20,5.89172E+21,1.31795E+16,5.31014E+16
114567,,12,0,63,244,2017,9,10,4,3,2,6,0,1,0,0,1,0,1,7.26439E+20,5.82534E+21,1.23386E+16,5.2531E+16
114568,,12,0,61,492,2017,8,13,3,2,3,6,0,1,0,0,1,0,0,8.18045E+20,5.78457E+21,1.36465E+16,5.212E+16
114569,,12,0,69,696,2017,9,18,3,3,5,3,0,1,0,1,0,0,0,7.24469E+20,5.79635E+21,1.22901E+16,5.22717E+16
114570,,12,0,73,429,2017,10,15,3,1,9,1,0,1,0,0,0,0,0,8.11164E+20,5.92352E+21,1.36781E+16,5.3369E+16
114571,,12,0,69,656,2017,9,12,4,3,5,3,1,1,0,0,0,0,1,7.6569E+20,5.81337E+21,1.29064E+16,5.2406E+16
114572,,12,0,72,297,2017,11,15,6,3,5,3,0,1,0,0,0,0,0,7.73506E+20,5.76395E+21,1.29812E+16,5.19589E+16
114573,,12,0,54,0,2017,9,15,4,3,4,2,1,1,0,0,0,0,0,7.77811E+20,5.81245E+21,1.30834E+16,5.23917E+16
114574,,12,0,65,225,2017,9,16,4,3,2,6,0,1,0,0,0,1,1,7.9595E+20,5.84345E+21,1.33767E+16,5.26601E+16
114575,,12,0,68,306,2017,10,16,3,3,3,6,0,1,0,0,0,0,1,7.45707E+20,5.87331E+21,1.26579E+16,5.2953E+16
114576,,12,0,51,0,2017,10,10,5,3,2,6,0,1,0,0,1,0,0,7.40562E+20,5.81048E+21,1.25357E+16,5.23917E+16
114577,,12,0,54,0,2017,9,7,4,3,3,2,1,1,0,0,0,0,0,7.75297E+20,5.81745E+21,1.30506E+16,5.24378E+16
114578,,12,0,70,325,2017,11,0,1,2,7,7,0,1,0,0,0,2,0,7.02149E+20,5.90933E+21,1.20333E+16,5.32946E+16
114579,,12,0,69,632,2017,9,10,4,2,4,6,0,1,0,0,1,0,1,7.58979E+20,5.76754E+21,1.27729E+16,5.19981E+16
114580,,12,0,66,112,2017,8,11,1,2,4,2,0,1,0,1,0,0,0,8.44796E+20,5.72649E+21,1.39779E+16,5.15837E+16
114581,,12,0,68,181,2017,10,14,3,3,2,6,0,1,0,0,0,0,1,7.22677E+20,5.8966E+21,1.23319E+16,5.31721E+16
114582,,12,0,69,454,2017,9,14,4,3,5,3,1,1,0,0,0,0,0,7.79084E+20,5.80882E+21,1.3099E+16,5.23585E+16
114583,,12,0,68,468,2017,10,15,3,2,4,6,0,1,0,0,0,0,1,7.33697E+20,5.89569E+21,1.24958E+16,5.31592E+16
114584,,12,0,64,448,2017,10,15,6,2,8,1,0,1,0,0,0,0,0,8.64168E+20,5.83508E+21,1.4372E+16,5.25437E+16
114585,,12,0,69,17,2017,9,14,4,2,4,6,0,1,0,1,0,0,0,7.67107E+20,5.79246E+21,1.29106E+16,5.22177E+16
114586,,12,0,64,268,2017,11,16,2,3,7,7,0,1,1,0,0,1,0,8.75385E+20,5.82295E+21,1.4523E+16,5.24275E+16
114587,,12,0,69,270,2017,9,8,4,2,4,6,0,1,0,0,1,0,1,7.33274E+20,5.81605E+21,1.24326E+16,5.24448E+16
114588,,12,0,64,428,2017,8,10,2,3,5,3,1,1,0,0,0,0,0,8.29579E+20,5.82493E+21,1.38538E+16,5.24748E+16
114589,,12,0,71,76,2017,8,5,5,3,7,7,0,1,0,0,0,1,0,8.82558E+20,5.74501E+21,1.45407E+16,5.17252E+16
114590,,12,0,63,56,2017,10,20,2,3,8,1,0,1,0,0,0,2,1,7.7714E+20,5.82787E+21,1.30863E+16,5.25303E+16
114591,,12,0,69,656,2017,10,8,2,3,6,4,1,0,1,0,0,0,0,7.67405E+20,5.8093E+21,1.29283E+16,5.23686E+16
114592,,12,0,69,249,2017,10,13,6,2,5,3,1,1,0,0,0,0,0,7.5924E+20,5.81228E+21,1.28109E+16,5.23992E+16
114593,,12,0,61,192,2017,9,13,4,3,3,6,0,1,0,0,0,0,0,8.18023E+20,5.78567E+21,1.36472E+16,5.21299E+16
114594,,12,0,61,448,2017,8,13,2,2,2,6,0,0,0,0,1,0,0,8.18025E+20,5.78717E+21,1.36486E+16,5.21433E+16
114595,,12,0,71,76,2017,8,9,5,3,1,5,1,1,0,0,0,0,0,8.89569E+20,5.7476E+21,1.46446E+16,5.17435E+16
114596,,12,0,54,0,2017,10,8,2,3,9,1,0,1,0,0,0,0,1,7.7706E+20,5.81178E+21,1.30718E+16,5.2386E+16
114597,,12,0,51,0,2017,10,14,2,2,5,3,1,1,0,0,0,0,1,7.41258E+20,5.81359E+21,1.25481E+16,5.24192E+16
114598,,12,0,64,274,2017,10,17,7,3,9,7,0,1,0,0,0,0,1,8.63512E+20,5.84782E+21,1.43764E+16,5.26581E+16
114599,,12,0,73,532,2017,9,15,4,2,5,2,1,1,0,0,0,0,1,8.52164E+20,5.89286E+21,1.42579E+16,5.30688E+16
114600,,12,0,61,433,2017,10,14,2,3,2,6,0,1,0,1,0,0,1,8.00728E+20,5.81197E+21,1.34187E+16,5.23753E+16
114601,,12,0,60,176,2017,9,19,4,3,8,1,0,1,0,0,0,1,1,8.36928E+20,5.86876E+21,1.40064E+16,5.28629E+16
114602,,12,0,61,17,2017,10,16,2,3,2,6,0,1,0,0,0,1,1,8.27306E+20,5.76669E+21,1.37642E+16,5.19543E+16
114603,,12,0,60,52,2017,10,9,2,2,4,2,1,0,0,1,0,0,0,8.23616E+20,5.86459E+21,1.38052E+16,5.28336E+16
114604,,12,0,60,52,2017,9,12,4,3,6,4,0,1,1,0,0,0,0,8.19723E+20,5.86482E+21,1.37479E+16,5.2838E+16
114605,,12,0,60,181,2017,9,15,4,3,2,6,0,1,0,0,0,0,1,8.07214E+20,5.84346E+21,1.35428E+16,5.26539E+16
114606,,12,0,62,24,2017,8,9,3,2,6,4,0,1,1,0,0,0,0,8.04907E+20,5.71633E+21,1.33951E+16,5.15156E+16
114607,,12,0,67,124,2017,9,15,4,3,5,3,1,1,0,0,0,0,0,8.23243E+20,5.81836E+21,1.37545E+16,5.24197E+16
114608,,12,0,61,217,2017,8,12,3,3,2,6,0,1,0,0,0,0,0,8.27111E+20,5.80699E+21,1.38001E+16,5.23155E+16
114609,,12,0,67,481,2017,9,9,4,3,5,3,1,1,0,0,0,0,1,8.37751E+20,5.80169E+21,1.39503E+16,5.22617E+16
114610,,12,0,54,0,2017,9,14,3,3,5,2,0,1,0,0,0,0,0,7.73728E+20,5.81483E+21,1.30254E+16,5.24151E+16
114611,,12,0,72,240,2017,11,11,6,3,2,2,0,1,0,0,0,0,0,7.91909E+20,5.80176E+21,1.32807E+16,5.22885E+16
114612,,12,0,65,251,2017,9,15,4,3,2,6,0,1,0,0,0,0,1,7.80848E+20,5.84764E+21,1.31576E+16,5.27056E+16
114613,,12,0,67,124,2017,9,11,4,3,2,6,0,1,0,0,0,0,1,8.24995E+20,5.8189E+21,1.37807E+16,5.24235E+16
114614,,12,0,60,5,2017,11,17,1,3,2,6,0,1,0,0,0,2,0,8.10632E+20,5.83537E+21,1.35855E+16,5.25795E+16
114615,,12,0,68,468,2017,9,11,4,3,3,6,0,1,0,0,0,0,1,7.30563E+20,5.89496E+21,1.24485E+16,5.31541E+16
114616,,12,0,61,433,2017,8,18,1,3,3,6,1,0,0,1,0,0,0,8.12327E+20,5.80711E+21,1.3584E+16,5.23252E+16
114617,,12,0,63,357,2017,9,11,4,2,4,2,0,1,0,0,0,0,0,7.67108E+20,5.82931E+21,1.29399E+16,5.25482E+16
114618,,12,0,60,5,2017,10,18,2,1,4,6,0,1,0,0,1,1,1,8.13122E+20,5.83863E+21,1.36252E+16,5.26072E+16
114619,,12,0,60,52,2017,10,17,6,3,3,2,1,1,0,0,0,1,1,8.23928E+20,5.86463E+21,1.38099E+16,5.28338E+16
114620,,12,0,71,160,2017,11,19,2,2,8,7,0,0,0,0,1,2,0,8.91735E+20,5.76678E+21,1.46975E+16,5.19136E+16
114621,,12,0,68,320,2017,9,16,4,3,2,6,0,1,0,0,0,0,0,7.55587E+20,5.86878E+21,1.28011E+16,5.29078E+16
114622,,12,0,64,222,2017,8,7,2,2,9,1,0,1,0,0,0,0,0,8.32669E+20,5.85164E+21,1.3926E+16,5.27122E+16
114623,,12,0,66,304,2017,9,9,5,2,5,3,0,1,0,0,1,0,0,8.49029E+20,5.71211E+21,1.40245E+16,5.14523E+16