OBJECTID,UIDENTSTLA,ULAND,UREGBEZ,UKREIS,UGEMEINDE,UJAHR,UMONAT,USTUNDE,UWOCHENTAG,UKATEGORIE,UART,UTYP1,IstRad,IstPKW,IstFuss,IstKrad,IstSonstig,LICHT,STRZUSTAND,LINREFX,LINREFY,XGCSWGS84,YGCSWGS84
114624,,12,0,60,20,2017,10,4,2,1,8,1,0,0,0,0,1,2,1,8.12353E+20,5.84834E+21,1.36231E+16,5.26947E+16
114625,,12,0,69,616,2017,10,17,6,3,5,2,0,1,0,1,0,0,1,7.92116E+20,5.81543E+21,1.32956E+16,5.24109E+16
114626,,12,0,69,454,2017,9,0,3,2,8,1,0,1,0,0,0,2,1,7.79066E+20,5.80886E+21,1.30987E+16,5.23588E+16
114627,,12,0,69,397,2017,11,16,2,2,3,6,0,1,0,0,1,1,0,7.77802E+20,5.80227E+21,1.30748E+16,5.23004E+16
114628,,12,0,69,17,2017,8,6,2,3,5,3,1,1,0,0,0,0,0,7.71149E+20,5.7948E+21,1.29715E+16,5.22367E+16
114629,,12,0,60,52,2017,8,16,5,3,4,2,0,1,0,0,0,0,0,8.20628E+20,5.86648E+21,1.37629E+16,5.28524E+16
114630,,12,0,66,8,2017,9,6,6,3,7,7,0,1,0,0,0,0,0,8.51838E+20,5.73853E+21,1.40912E+16,5.16872E+16
114631,,12,0,64,336,2017,10,5,2,3,5,3,0,1,0,0,0,0,0,8.1903E+20,5.82946E+21,1.37034E+16,5.25216E+16
114632,,12,0,60,52,2017,10,9,7,3,2,2,0,1,0,0,0,0,0,8.25763E+20,5.86415E+21,1.38365E+16,5.28284E+16
114633,,12,0,69,616,2017,9,16,3,3,5,3,0,1,0,1,0,0,1,7.91631E+20,5.81507E+21,1.32881E+16,5.2408E+16
114634,,12,0,54,0,2017,11,9,3,3,0,1,0,0,0,1,0,0,0,7.79049E+20,5.80889E+21,1.30985E+16,5.23592E+16
114635,,12,0,60,181,2017,8,16,3,2,2,6,0,1,0,1,0,0,0,8.06606E+20,5.84276E+21,1.35331E+16,5.2648E+16
114636,,12,0,64,227,2017,10,19,2,3,2,6,0,1,0,0,1,2,0,8.13344E+20,5.83159E+21,1.36219E+16,5.2544E+16
114637,,12,0,64,472,2017,10,11,2,3,9,1,0,0,0,1,0,0,0,8.29399E+20,5.83297E+21,1.38591E+16,5.25469E+16
114638,,12,0,68,117,2017,10,20,1,1,6,6,0,0,1,0,1,2,1,7.48831E+20,5.86126E+21,1.26951E+16,5.28435E+16
114639,,12,0,69,590,2017,9,16,3,3,5,3,1,1,0,0,0,0,0,7.72221E+20,5.80719E+21,1.29971E+16,5.23473E+16
114640,,12,0,61,216,2017,8,2,3,2,1,6,0,1,0,0,1,2,0,8.18049E+20,5.78445E+21,1.36464E+16,5.21189E+16
114641,,12,0,67,120,2017,10,13,2,3,2,6,0,1,0,1,1,0,0,8.86101E+20,5.78969E+21,1.46418E+16,5.21225E+16
114642,,12,0,65,144,2017,10,9,2,3,5,3,0,1,0,0,0,0,0,7.89344E+20,5.84497E+21,1.32807E+16,5.26772E+16
114643,,12,0,65,165,2017,10,9,2,3,3,2,0,1,0,0,1,0,1,7.78422E+20,5.8583E+21,1.31309E+16,5.28025E+16
114644,,12,0,54,0,2017,9,12,3,3,1,6,1,1,0,0,0,0,0,7.75756E+20,5.81424E+21,1.30547E+16,5.24087E+16
114645,,12,0,64,472,2017,8,15,4,3,5,3,0,1,0,0,0,0,0,8.29557E+20,5.83293E+21,1.38614E+16,5.25465E+16
114646,,12,0,65,165,2017,10,17,2,3,5,3,0,1,0,0,0,1,1,7.70432E+20,5.85189E+21,1.30073E+16,5.27491E+16
114647,,12,0,54,0,2017,9,17,3,3,5,3,1,1,0,0,0,0,0,7.72989E+20,5.81519E+21,1.30149E+16,5.24187E+16
114648,,12,0,65,198,2017,10,20,3,3,7,7,0,1,0,0,0,2,0,7.8003E+20,5.86685E+21,1.3162E+16,5.28783E+16
114649,,12,0,54,0,2017,9,7,3,3,2,6,0,1,0,0,0,0,0,7.75118E+20,5.81785E+21,1.30483E+16,5.24415E+16
114650,,12,0,65,256,2017,10,17,2,2,5,3,1,1,0,0,0,0,1,7.84678E+20,5.853E+21,1.32188E+16,5.27517E+16
114651,,12,0,69,632,2017,9,13,3,3,8,7,0,1,0,0,0,0,0,7.58834E+20,5.7671E+21,1.27705E+16,5.19941E+16
114652,,12,0,70,325,2017,10,19,2,2,8,1,0,0,0,0,1,2,1,7.01438E+20,5.90614E+21,1.20206E+16,5.32662E+16
114653,,12,0,52,0,2017,9,16,3,3,9,1,0,1,0,0,0,0,0,8.67967E+20,5.7461E+21,1.43315E+16,5.17447E+16
114654,,12,0,61,316,2017,11,14,7,3,5,3,1,1,0,0,0,0,0,8.34777E+20,5.76645E+21,1.38723E+16,5.19477E+16
114655,,12,0,68,320,2017,11,8,2,3,5,3,1,1,0,0,0,0,1,7.55583E+20,5.86867E+21,1.2801E+16,5.29068E+16
114656,,12,0,69,448,2017,11,17,2,2,9,1,0,1,0,0,0,2,0,7.53316E+20,5.77397E+21,1.26954E+16,5.20583E+16
114657,,12,0,68,468,2017,10,22,2,2,7,7,0,1,0,0,0,2,1,7.25084E+20,5.90758E+21,1.23756E+16,5.32696E+16
114658,,12,0,60,52,2017,10,10,7,3,3,2,1,1,0,0,0,0,1,8.24046E+20,5.86464E+21,1.38116E+16,5.28338E+16
114659,,12,0,67,408,2017,11,14,3,3,5,2,0,1,0,0,0,0,0,8.41071E+20,5.80776E+21,1.40049E+16,5.23139E+16
114660,,12,0,72,477,2017,10,16,1,3,0,1,0,0,0,1,0,0,1,8.04496E+20,5.79432E+21,1.34579E+16,5.22149E+16
114661,,12,0,54,0,2017,10,2,1,3,9,1,0,1,0,0,0,2,1,7.71977E+20,5.81589E+21,1.30006E+16,5.24254E+16
114662,,12,0,52,0,2017,11,10,3,3,2,7,0,1,0,0,0,0,0,8.6926E+20,5.74703E+21,1.43512E+16,5.17521E+16
114663,,12,0,72,477,2017,10,16,1,3,0,1,0,0,0,1,0,0,1,8.04489E+20,5.79432E+21,1.34578E+16,5.22149E+16
114664,,12,0,66,196,2017,10,9,2,3,1,6,0,1,0,0,1,0,0,8.41621E+20,5.75734E+21,1.39625E+16,5.1862E+16
114665,,12,0,70,296,2017,11,12,4,2,8,1,0,1,0,0,0,0,1,6.90216E+20,5.88647E+21,1.18409E+16,5.30938E+16
114666,,12,0,63,357,2017,10,14,1,3,2,6,0,1,0,0,0,0,0,7.69691E+20,5.82852E+21,1.29773E+16,5.25399E+16
114667,,12,0,65,356,2017,11,18,4,2,5,3,0,1,0,0,0,2,1,7.90535E+20,5.87839E+21,1.3328E+16,5.29762E+16
114668,,12,0,63,208,2017,10,13,1,2,0,1,1,0,0,0,0,0,1,7.61291E+20,5.82454E+21,1.28506E+16,5.25082E+16
114669,,12,0,51,0,2017,11,12,4,2,3,6,0,1,0,0,1,0,0,7.43349E+20,5.80608E+21,1.25733E+16,5.23509E+16
114670,,12,0,61,216,2017,10,19,1,3,9,1,0,1,0,0,0,2,0,8.22329E+20,5.7833E+21,1.37076E+16,5.21061E+16
114671,,12,0,62,461,2017,10,13,1,3,8,1,0,1,0,0,0,0,1,7.89124E+20,5.74537E+21,1.31923E+16,5.17844E+16
114672,,12,0,62,500,2017,10,16,1,3,0,7,1,0,0,0,0,0,0,7.98553E+20,5.7257E+21,1.33118E+16,5.1603E+16
114673,,12,0,71,244,2017,10,17,1,3,4,6,0,1,0,0,0,0,0,8.63537E+20,5.74406E+21,1.42655E+16,5.17293E+16
114674,,12,0,65,225,2017,10,12,1,1,8,1,0,1,0,0,0,0,1,7.95157E+20,5.84664E+21,1.33679E+16,5.2689E+16
114675,,12,0,64,428,2017,11,17,7,3,2,6,0,1,0,0,0,2,1,8.24413E+20,5.82669E+21,1.37797E+16,5.24936E+16
114676,,12,0,65,251,2017,9,14,1,3,2,6,0,1,0,0,0,0,0,7.70947E+20,5.84591E+21,1.301E+16,5.26952E+16
114677,,12,0,69,696,2017,11,18,1,3,3,6,0,1,0,0,0,2,1,7.26264E+20,5.79448E+21,1.23151E+16,5.22541E+16
114678,,12,0,60,5,2017,8,14,5,3,2,6,0,1,0,0,0,0,0,8.09542E+20,5.83468E+21,1.35689E+16,5.25739E+16
114679,,12,0,60,269,2017,11,11,2,3,5,3,1,1,0,0,0,0,0,8.0171E+20,5.85422E+21,1.34715E+16,5.27534E+16
114680,,12,0,61,216,2017,8,4,4,3,3,6,0,1,0,0,1,2,0,8.18882E+20,5.77824E+21,1.36528E+16,5.20628E+16
114681,,12,0,60,5,2017,8,14,5,3,2,6,0,1,0,0,0,0,0,8.09511E+20,5.83466E+21,1.35684E+16,5.25737E+16
114682,,12,0,52,0,2017,9,19,3,3,9,2,0,1,0,0,0,1,0,8.68016E+20,5.74657E+21,1.43327E+16,5.17488E+16
114683,,12,0,67,40,2017,8,9,5,2,2,6,0,1,0,0,0,0,0,8.52354E+20,5.81182E+21,1.4174E+16,5.23432E+16
114684,,12,0,73,572,2017,9,19,3,3,8,1,0,0,0,0,1,1,1,8.04248E+20,5.8965E+21,1.35486E+16,5.31309E+16
114685,,12,0,60,52,2017,9,8,3,2,2,6,0,1,0,0,1,0,0,8.19357E+20,5.86482E+21,1.37424E+16,5.28382E+16
114686,,12,0,73,393,2017,8,20,3,2,8,1,0,0,0,1,0,0,0,8.60325E+20,5.917E+21,1.44064E+16,5.32794E+16
114687,,12,0,60,5,2017,9,16,3,3,5,3,0,1,0,0,0,0,0,8.10774E+20,5.83495E+21,1.35872E+16,5.25756E+16
114688,,12,0,60,5,2017,8,14,3,2,5,3,0,1,0,0,0,0,0,8.11321E+20,5.83198E+21,1.35925E+16,5.25487E+16
114689,,12,0,67,288,2017,9,9,3,2,5,3,0,1,0,0,0,0,0,8.47993E+20,5.81081E+21,1.41092E+16,5.23369E+16
114690,,12,0,65,136,2017,9,0,1,3,5,3,0,1,0,0,0,2,0,7.846E+20,5.84061E+21,1.32069E+16,5.26406E+16
114691,,12,0,65,100,2017,11,8,4,3,4,7,0,1,0,0,0,0,1,7.80519E+20,5.88225E+21,1.31825E+16,5.30161E+16
114692,,12,0,69,448,2017,9,14,1,2,2,6,0,1,0,0,0,0,0,7.53666E+20,5.77911E+21,1.27043E+16,5.21043E+16
114693,,12,0,65,310,2017,9,5,3,2,8,7,0,1,0,0,0,2,0,7.7144E+20,5.89277E+21,1.30564E+16,5.31151E+16
114694,,12,0,71,414,2017,9,10,2,2,3,6,0,1,0,0,0,0,0,8.81622E+20,5.74511E+21,1.45273E+16,5.17267E+16
114695,,12,0,69,402,2017,11,12,4,3,2,6,0,1,0,0,0,0,1,7.61986E+20,5.78746E+21,1.28319E+16,5.21753E+16
114696,,12,0,65,356,2017,9,12,3,3,5,3,0,1,0,0,0,0,0,7.9046E+20,5.87857E+21,1.3327E+16,5.29778E+16
114697,,12,0,64,227,2017,8,17,3,3,2,6,0,1,0,0,0,0,0,8.13364E+20,5.83159E+21,1.36222E+16,5.2544E+16
114698,,12,0,68,353,2017,9,11,3,3,2,2,0,1,0,0,0,0,0,7.60357E+20,5.89262E+21,1.28911E+16,5.31193E+16
114699,,12,0,68,264,2017,9,14,3,3,3,6,1,1,0,0,0,0,1,7.27639E+20,5.87178E+21,1.23884E+16,5.29472E+16
114700,,12,0,72,240,2017,11,15,5,3,2,6,0,1,0,0,0,0,1,7.90254E+20,5.8032E+21,1.32577E+16,5.23022E+16
114701,,12,0,67,112,2017,9,7,1,3,9,1,0,1,0,0,0,0,0,8.45314E+20,5.79891E+21,1.40579E+16,5.22321E+16
114702,,12,0,73,572,2017,11,17,2,3,7,7,0,1,0,0,0,2,1,8.04879E+20,5.90206E+21,1.35633E+16,5.31804E+16
114703,,12,0,61,433,2017,8,9,4,3,2,6,0,1,0,0,0,0,0,8.07516E+20,5.81466E+21,1.35206E+16,5.23956E+16
114704,,12,0,51,0,2017,9,12,2,2,2,6,0,0,0,0,1,0,0,7.38283E+20,5.803E+21,1.24969E+16,5.23255E+16
114705,,12,0,52,0,2017,8,12,5,3,0,7,1,0,0,0,1,0,0,8.67619E+20,5.74745E+21,1.43279E+16,5.1757E+16
114706,,12,0,54,0,2017,9,10,2,3,0,7,0,1,0,0,1,0,0,7.77888E+20,5.81223E+21,1.30843E+16,5.23897E+16
114707,,12,0,65,256,2017,9,10,6,3,5,2,1,1,0,0,0,0,0,7.86131E+20,5.85352E+21,1.32407E+16,5.27556E+16
114708,,12,0,54,0,2017,9,8,2,3,0,6,0,1,0,0,0,0,0,7.75061E+20,5.81358E+21,1.3044E+16,5.24032E+16
114709,,12,0,51,0,2017,9,14,2,3,2,6,0,1,0,0,0,0,0,7.4215E+20,5.81145E+21,1.25596E+16,5.23996E+16
114710,,12,0,67,469,2017,8,17,3,3,2,6,0,1,0,0,0,0,0,8.34048E+20,5.80782E+21,1.39023E+16,5.23188E+16
114711,,12,0,62,92,2017,9,17,6,3,6,2,0,1,1,0,0,0,1,8.15768E+20,5.72887E+21,1.35624E+16,5.1622E+16
114712,,12,0,66,196,2017,9,10,2,2,2,6,0,1,0,0,1,0,0,8.38917E+20,5.75565E+21,1.39217E+16,5.18485E+16
114713,,12,0,66,285,2017,9,7,2,3,0,7,0,0,0,0,1,0,0,8.40454E+20,5.71918E+21,1.39084E+16,5.15209E+16
114714,,12,0,70,325,2017,8,12,3,3,7,7,0,1,0,0,0,0,0,7.01656E+20,5.90942E+21,1.20259E+16,5.32956E+16
114715,,12,0,66,304,2017,9,12,2,3,6,7,1,0,1,0,0,0,0,8.51462E+20,5.7175E+21,1.40648E+16,5.14991E+16
114716,,12,0,61,320,2017,9,11,2,2,8,1,0,1,0,0,0,0,0,8.22712E+20,5.75527E+21,1.36869E+16,5.18547E+16
114717,,12,0,65,198,2017,8,9,3,3,5,3,0,1,0,0,0,0,0,7.84556E+20,5.85985E+21,1.32229E+16,5.28132E+16
114718,,12,0,71,386,2017,9,5,2,2,3,6,0,0,0,1,0,2,0,8.71081E+20,5.75613E+21,1.43872E+16,5.18324E+16
114719,,12,0,65,256,2017,8,6,3,3,4,6,1,0,0,0,0,0,0,7.87262E+20,5.85226E+21,1.32563E+16,5.27437E+16
114720,,12,0,67,173,2017,9,11,2,3,8,7,0,1,0,0,0,0,0,8.25243E+20,5.81426E+21,1.37798E+16,5.23818E+16
114721,,12,0,67,408,2017,11,13,4,3,2,6,0,1,0,0,0,0,1,8.40873E+20,5.80736E+21,1.40016E+16,5.23105E+16
114722,,12,0,68,468,2017,9,10,3,2,4,6,0,0,0,0,1,0,0,7.49287E+20,5.90253E+21,1.27338E+16,5.32135E+16
114723,,12,0,72,477,2017,11,13,5,3,9,1,0,1,0,0,0,0,1,8.10059E+20,5.78857E+21,1.35339E+16,5.21603E+16
114724,,12,0,64,472,2017,9,8,2,3,5,3,0,1,0,0,0,0,0,8.31608E+20,5.83773E+21,1.38964E+16,5.25882E+16
114725,,12,0,73,532,2017,9,11,3,3,2,2,0,1,0,0,0,0,0,8.44811E+20,5.89888E+21,1.41551E+16,5.31275E+16
114726,,12,0,61,320,2017,11,20,6,2,7,7,0,1,0,0,0,2,1,8.22282E+20,5.75315E+21,1.36787E+16,5.18359E+16
114727,,12,0,53,0,2017,9,10,2,3,2,6,0,1,0,0,0,0,0,8.75609E+20,5.81143E+21,1.45134E+16,5.23243E+16
114728,,12,0,69,306,2017,9,2,3,2,2,6,0,0,0,0,1,2,0,7.49482E+20,5.80463E+21,1.26621E+16,5.23352E+16
114729,,12,0,72,17,2017,9,6,7,3,2,6,0,1,0,0,0,0,0,8.02937E+20,5.80445E+21,1.34443E+16,5.23066E+16
114730,,12,0,61,332,2017,10,7,5,3,7,7,0,1,0,0,0,0,0,8.11676E+20,5.79739E+21,1.35655E+16,5.22385E+16
114731,,12,0,61,20,2017,11,12,7,3,5,3,0,1,0,1,0,0,0,8.17835E+20,5.79916E+21,1.36571E+16,5.22508E+16
114732,,12,0,67,120,2017,9,14,2,3,5,2,1,1,0,0,0,0,0,8.85654E+20,5.79277E+21,1.46388E+16,5.21504E+16
114733,,12,0,64,448,2017,8,12,1,3,0,1,0,0,0,1,0,0,0,8.63366E+20,5.83682E+21,1.43621E+16,5.25598E+16
114734,,12,0,61,332,2017,9,11,4,2,9,1,0,1,0,0,0,0,1,8.07336E+20,5.80613E+21,1.35101E+16,5.23193E+16
114735,,12,0,72,17,2017,9,17,7,3,2,5,0,1,0,1,0,0,0,7.99242E+20,5.80658E+21,1.33921E+16,5.23277E+16
114736,,12,0,65,251,2017,10,19,6,3,4,7,0,1,0,0,0,2,0,7.78551E+20,5.8454E+21,1.31218E+16,5.26867E+16
114737,,12,0,70,348,2017,11,16,2,2,1,5,0,1,0,1,0,0,0,6.92361E+20,5.86935E+21,1.18627E+16,5.29393E+16
114738,,12,0,67,201,2017,9,15,2,3,2,6,0,1,0,0,0,0,0,8.28459E+20,5.81564E+21,1.38283E+16,5.23922E+16
114739,,12,0,69,590,2017,8,17,1,2,1,6,0,1,0,0,0,0,0,7.68046E+20,5.80093E+21,1.2931E+16,5.22932E+16
114740,,12,0,64,428,2017,8,6,5,3,5,3,1,1,0,0,0,0,0,8.24507E+20,5.82581E+21,1.37803E+16,5.24857E+16
114741,,12,0,64,336,2017,9,12,5,3,5,3,1,1,0,0,0,0,0,8.18783E+20,5.83138E+21,1.37016E+16,5.2539E+16
114742,,12,0,72,477,2017,9,14,7,2,7,7,0,0,0,1,0,0,0,7.98467E+20,5.79518E+21,1.33707E+16,5.2226E+16
114743,,12,0,62,289,2017,10,14,6,2,9,7,0,1,0,0,0,0,0,8.04782E+20,5.74894E+21,1.34218E+16,5.18081E+16
114744,,12,0,67,144,2017,9,15,2,2,4,6,0,1,0,0,0,0,0,8.4633E+20,5.81575E+21,1.409E+16,5.23822E+16
114745,,12,0,61,433,2017,11,18,2,3,0,7,0,0,0,0,1,2,0,8.02932E+20,5.80901E+21,1.34483E+16,5.23475E+16
114746,,12,0,65,100,2017,9,8,2,3,4,6,0,1,0,0,0,0,0,7.76885E+20,5.88724E+21,1.31328E+16,5.30628E+16
114747,,12,0,71,244,2017,8,5,2,2,8,1,0,1,0,0,0,0,0,8.54111E+20,5.74439E+21,1.41299E+16,5.17383E+16
114748,,12,0,67,397,2017,8,19,5,2,9,6,0,1,0,1,0,0,0,8.62321E+20,5.79657E+21,1.43033E+16,5.22002E+16
114749,,12,0,72,240,2017,9,12,7,3,5,2,1,1,0,0,0,0,0,7.89839E+20,5.80354E+21,1.32519E+16,5.23055E+16
114750,,12,0,72,312,2017,9,16,7,2,9,1,0,0,0,1,0,0,0,7.70489E+20,5.78445E+21,1.29536E+16,5.21442E+16
114751,,12,0,65,251,2017,10,17,7,3,2,6,0,1,0,0,0,2,1,7.76174E+20,5.85067E+21,1.30912E+16,5.27352E+16
114752,,12,0,72,477,2017,9,11,1,2,8,1,0,0,0,1,0,0,0,8.05215E+20,5.78833E+21,1.34631E+16,5.21609E+16
114753,,12,0,70,149,2017,8,11,3,3,2,2,0,1,0,0,1,0,0,7.07419E+20,5.87623E+21,1.20908E+16,5.29954E+16
114754,,12,0,67,124,2017,8,16,5,3,5,2,1,0,0,0,0,0,0,8.23013E+20,5.81954E+21,1.37523E+16,5.24304E+16
114755,,12,0,54,0,2017,9,12,7,3,2,6,0,1,0,1,0,0,0,7.76611E+20,5.81216E+21,1.30655E+16,5.23896E+16
114756,,12,0,71,193,2017,9,1,7,2,7,7,0,0,0,0,1,2,0,8.86638E+20,5.76204E+21,1.46185E+16,5.18748E+16
114757,,12,0,61,316,2017,10,17,7,3,6,3,1,0,1,0,0,0,0,8.35745E+20,5.76625E+21,1.38861E+16,5.19454E+16
114758,,12,0,61,540,2017,9,14,1,2,2,5,0,1,0,1,0,0,0,8.15789E+20,5.80655E+21,1.36341E+16,5.23183E+16
114759,,12,0,71,76,2017,8,12,3,3,0,7,1,1,0,0,0,0,0,8.89364E+20,5.7471E+21,1.46411E+16,5.17392E+16
114760,,12,0,66,196,2017,9,10,7,3,3,6,0,1,0,0,0,0,0,8.37715E+20,5.75654E+21,1.39052E+16,5.18572E+16
114761,,12,0,63,208,2017,10,16,1,3,2,6,0,1,0,0,0,0,1,7.53641E+20,5.8372E+21,1.27478E+16,5.26254E+16
114762,,12,0,52,0,2017,9,16,1,3,1,6,0,1,0,0,0,0,0,8.68015E+20,5.74601E+21,1.43321E+16,5.17438E+16
114763,,12,0,66,196,2017,9,10,7,3,2,6,0,1,0,0,0,0,0,8.37716E+20,5.75654E+21,1.39052E+16,5.18572E+16
114764,,12,0,61,476,2017,9,4,7,3,8,7,0,1,0,0,0,2,0,8.53681E+20,5.76312E+21,1.41428E+16,5.19063E+16
114765,,12,0,64,274,2017,9,13,1,3,0,3,0,1,0,1,0,0,0,8.62515E+20,5.84631E+21,1.436E+16,5.26453E+16
114766,,12,0,64,393,2017,9,15,1,3,5,3,0,1,0,1,0,0,0,8.36538E+20,5.84392E+21,1.39751E+16,5.26406E+16
114767,,12,0,60,280,2017,11,13,6,3,2,6,0,1,0,0,0,0,1,8.23435E+20,5.84466E+21,1.37829E+16,5.26553E+16
114768,,12,0,72,14,2017,11,12,6,3,8,6,0,1,0,0,0,0,1,8.05499E+20,5.77214E+21,1.34527E+16,5.20156E+16
114769,,12,0,67,36,2017,11,10,1,3,5,3,1,1,0,0,0,0,0,8.57589E+20,5.7925E+21,1.42301E+16,5.21669E+16
114770,,12,0,60,24,2017,9,4,7,3,3,6,0,1,0,0,0,2,0,8.1192E+20,5.86118E+21,1.36289E+16,5.281E+16
114771,,12,0,67,469,2017,10,18,6,3,2,6,0,1,0,0,0,2,0,8.39497E+20,5.80767E+21,1.39818E+16,5.23142E+16
114772,,12,0,61,260,2017,11,18,2,3,5,2,0,1,0,0,0,0,0,8.13738E+20,5.80469E+21,1.36024E+16,5.23028E+16
114773,,12,0,60,20,2017,9,12,7,2,2,6,0,1,0,0,0,0,0,8.08755E+20,5.8455E+21,1.35674E+16,5.26713E+16
114774,,12,0,68,353,2017,10,14,7,3,9,1,0,1,0,0,0,0,1,7.6288E+20,5.89089E+21,1.29273E+16,5.31026E+16
114775,,12,0,68,117,2017,11,15,3,3,5,3,1,1,0,0,0,0,1,7.54192E+20,5.85799E+21,1.2772E+16,5.28116E+16
114776,,12,0,60,269,2017,9,16,7,3,0,1,0,0,0,1,0,0,0,8.00856E+20,5.8529E+21,1.34577E+16,5.27421E+16
114777,,12,0,60,20,2017,9,15,7,3,4,2,0,1,0,0,0,0,0,8.10441E+20,5.8468E+21,1.35935E+16,5.2682E+16
114778,,12,0,70,266,2017,10,5,1,3,7,7,0,0,0,0,1,2,1,7.09194E+20,5.90875E+21,1.21384E+16,5.32866E+16
114779,,12,0,73,645,2017,11,15,3,3,6,4,0,1,1,0,0,0,1,8.36332E+20,5.9015E+21,1.40316E+16,5.31564E+16
114780,,12,0,60,20,2017,9,13,7,3,5,3,0,1,0,1,0,0,0,8.09032E+20,5.84328E+21,1.35694E+16,5.26513E+16
114781,,12,0,68,181,2017,10,18,2,2,8,1,0,1,0,0,0,2,0,7.22479E+20,5.89296E+21,1.23264E+16,5.31395E+16
114782,,12,0,64,428,2017,9,17,7,3,0,3,1,1,0,0,0,0,0,8.29374E+20,5.82551E+21,1.38514E+16,5.24801E+16
114783,,12,0,69,648,2017,10,15,2,2,2,6,0,1,0,0,1,0,0,7.35666E+20,5.79865E+21,1.24555E+16,5.22876E+16
114784,,12,0,64,428,2017,9,17,7,2,3,6,0,1,0,1,0,0,0,8.26579E+20,5.82627E+21,1.38111E+16,5.24885E+16
114785,,12,0,67,173,2017,9,6,7,3,1,5,1,1,0,0,0,1,0,8.22365E+20,5.81495E+21,1.37384E+16,5.23897E+16
114786,,12,0,65,165,2017,9,9,7,3,2,6,0,1,0,0,0,0,0,7.6867E+20,5.84827E+21,1.29783E+16,5.27175E+16
114787,,12,0,65,165,2017,9,9,7,3,2,6,0,1,0,0,0,0,0,7.6867E+20,5.84827E+21,1.29783E+16,5.27175E+16
114788,,12,0,68,117,2017,11,16,6,3,2,6,0,1,0,0,0,0,0,7.5486E+20,5.8615E+21,1.27847E+16,5.28429E+16
114789,,12,0,61,219,2017,11,6,6,3,8,6,0,1,0,0,1,2,1,8.13873E+20,5.74934E+21,1.35536E+16,5.18066E+16
114790,,12,0,65,165,2017,8,15,5,3,5,7,0,1,0,0,0,0,0,7.705E+20,5.852E+21,1.30084E+16,5.275E+16
114791,,12,0,60,198,2017,11,16,1,3,8,1,0,1,0,0,0,2,1,8.1406E+20,5.86605E+21,1.36653E+16,5.28524E+16
114792,,12,0,72,17,2017,8,12,4,3,2,6,0,1,0,0,1,0,1,7.98942E+20,5.80423E+21,1.33857E+16,5.23069E+16
114793,,12,0,67,144,2017,11,12,2,3,5,2,1,1,0,0,0,0,0,8.44682E+20,5.81272E+21,1.40627E+16,5.23561E+16
114794,,12,0,72,55,2017,8,13,4,2,8,1,0,0,0,0,1,0,1,8.06963E+20,5.76228E+21,1.34652E+16,5.19265E+16
114795,,12,0,60,181,2017,12,16,6,3,5,3,0,1,0,0,0,1,1,8.08602E+20,5.84211E+21,1.3562E+16,5.2641E+16
114796,,12,0,54,0,2017,11,14,6,3,5,2,0,1,0,0,1,0,1,7.73673E+20,5.81139E+21,1.30218E+16,5.23842E+16
114797,,12,0,65,256,2017,12,17,3,3,6,2,0,1,1,0,0,2,1,7.8757E+20,5.8521E+21,1.32607E+16,5.27421E+16
114798,,12,0,61,540,2017,12,16,3,3,6,2,0,0,1,0,1,1,1,8.14458E+20,5.80703E+21,1.36151E+16,5.23233E+16
114799,,12,0,64,336,2017,12,7,4,3,5,3,1,1,0,0,0,1,0,8.17634E+20,5.82988E+21,1.36833E+16,5.25262E+16
114800,,12,0,61,192,2017,11,16,6,3,2,6,0,1,0,0,0,2,0,8.17E+20,5.78996E+21,1.36363E+16,5.21689E+16
114801,,12,0,68,264,2017,12,21,5,3,9,1,0,1,0,0,0,2,1,7.26353E+20,5.86693E+21,1.23659E+16,5.29043E+16
114802,,12,0,61,433,2017,11,10,6,3,2,6,0,1,0,0,0,0,0,8.10354E+20,5.80628E+21,1.35544E+16,5.23189E+16
114803,,12,0,63,36,2017,12,20,5,2,5,3,1,1,0,0,0,2,1,7.70932E+20,5.83314E+21,1.29993E+16,5.25806E+16
114804,,12,0,71,372,2017,12,17,6,3,5,3,0,1,0,0,0,2,1,8.68621E+20,5.72167E+21,1.43153E+16,5.15255E+16
114805,,10,0,45,114,2017,1,7,3,3,5,2,0,1,0,0,0,1,0,3.77515E+20,5.46019E+21,7.31582E+15,4.92822E+16
114806,,12,0,69,306,2017,11,19,6,3,2,6,0,1,0,0,0,2,1,7.46664E+20,5.80563E+21,1.26216E+16,5.23454E+16
114807,,10,0,42,111,2017,1,17,3,3,1,5,0,1,0,0,0,2,0,3.35688E+20,5.47792E+21,6.7338E+15,4.94317E+16
114808,,12,0,67,40,2017,11,8,1,3,3,1,0,1,0,0,0,0,2,8.51462E+20,5.81134E+21,1.41605E+16,5.23395E+16
114809,,10,0,42,115,2017,1,14,3,3,0,5,0,1,0,0,0,0,0,3.10542E+20,5.49079E+21,6.38117E+15,4.95401E+16
114810,,10,0,41,519,2017,1,15,3,3,5,5,0,1,0,0,0,0,0,3.42666E+20,5.45664E+21,6.83835E+15,4.92423E+16