OBJECTID,UIDENTSTLA,ULAND,UREGBEZ,UKREIS,UGEMEINDE,UJAHR,UMONAT,USTUNDE,UWOCHENTAG,UKATEGORIE,UART,UTYP1,IstRad,IstPKW,IstFuss,IstKrad,IstSonstig,LICHT,STRZUSTAND,LINREFX,LINREFY,XGCSWGS84,YGCSWGS84
114811,,10,0,41,100,2017,1,14,3,3,1,6,0,1,0,0,0,1,0,3.47509E+20,5.45685E+21,6.90477E+15,4.92454E+16
114812,,12,0,61,433,2017,12,13,2,2,6,4,0,1,1,0,0,0,1,8.08437E+20,5.81463E+21,1.35341E+16,5.23948E+16
114813,,10,0,46,117,2017,1,15,2,3,4,7,0,1,0,0,0,0,0,3.65931E+20,5.47749E+21,7.1508E+15,4.94353E+16
114814,,10,0,45,117,2017,1,20,2,3,1,6,0,1,0,0,0,2,1,3.66197E+20,5.45976E+21,7.16042E+15,4.92759E+16
114815,,10,0,45,114,2017,1,15,2,3,5,3,0,1,0,0,0,0,0,3.78676E+20,5.46427E+21,7.33054E+15,4.93191E+16
114816,,10,0,45,114,2017,1,10,2,3,1,5,0,1,0,0,0,0,0,3.79227E+20,5.46348E+21,7.33836E+15,4.93121E+16
114817,,10,0,45,114,2017,1,7,2,3,2,6,0,1,0,0,0,1,0,3.77116E+20,5.46286E+21,7.30951E+15,4.93061E+16
114818,,10,0,41,517,2017,1,9,2,3,9,1,0,1,0,0,0,0,1,3.5227E+20,5.4633E+21,6.96777E+15,4.93045E+16
114819,,10,0,41,100,2017,1,7,2,3,1,6,0,1,0,0,0,0,0,3.55962E+20,5.45251E+21,7.02239E+15,4.92085E+16
114820,,10,0,42,113,2017,1,13,1,3,5,3,0,1,0,0,0,0,0,3.29803E+20,5.47965E+21,6.65195E+15,4.94456E+16
114821,,10,0,43,111,2017,1,13,1,2,4,1,0,1,0,0,0,0,0,3.50626E+20,5.47604E+21,6.94039E+15,4.94187E+16
114822,,10,0,43,114,2017,1,19,1,3,4,1,0,1,0,0,0,2,2,3.6949E+20,5.47038E+21,7.2022E+15,4.93721E+16
114823,,10,0,44,115,2017,1,16,1,3,0,1,0,1,0,0,0,0,0,3.39026E+20,5.46721E+21,6.78414E+15,4.93363E+16
114824,,10,0,41,100,2017,1,5,1,3,0,7,0,1,0,0,0,2,0,3.47708E+20,5.45685E+21,6.9075E+15,4.92455E+16
114825,,12,0,65,356,2017,12,12,4,2,9,1,0,1,0,0,0,0,1,7.90907E+20,5.87297E+21,1.33286E+16,5.29274E+16
114826,,12,0,64,222,2017,12,14,7,3,5,3,0,1,0,0,1,0,0,8.30044E+20,5.85047E+21,1.38861E+16,5.27033E+16
114827,,12,0,67,72,2017,12,16,1,2,8,1,0,1,0,0,0,2,0,8.61197E+20,5.8103E+21,1.43016E+16,5.23239E+16
114828,,12,0,65,332,2017,12,15,2,3,5,3,0,1,0,0,0,0,1,7.82015E+20,5.84483E+21,1.31724E+16,5.26799E+16
114829,,10,0,45,114,2017,1,9,7,3,9,1,0,1,0,0,0,0,2,3.83029E+20,5.4642E+21,7.39043E+15,4.93193E+16
114830,,10,0,44,119,2017,1,18,7,3,2,2,0,1,0,0,0,2,0,3.32398E+20,5.45768E+21,6.69696E+15,4.9249E+16
114831,,12,0,65,225,2017,12,7,2,3,2,6,0,1,0,0,1,2,1,7.96017E+20,5.84368E+21,1.33779E+16,5.2662E+16
114832,,12,0,63,208,2017,12,8,2,3,0,7,1,0,0,0,0,0,1,7.63053E+20,5.8347E+21,1.28846E+16,5.25985E+16
114833,,12,0,60,280,2017,12,16,3,3,4,6,0,1,0,0,1,1,1,8.24374E+20,5.84547E+21,1.37975E+16,5.26619E+16
114834,,12,0,61,433,2017,11,6,6,3,2,6,0,1,0,0,1,2,0,8.13197E+20,5.80609E+21,1.35958E+16,5.23156E+16
114835,,12,0,72,426,2017,12,17,3,3,3,6,1,1,0,0,0,2,1,7.93834E+20,5.79416E+21,1.33022E+16,5.22193E+16
114836,,12,0,61,260,2017,11,6,6,2,2,7,0,1,0,0,1,2,0,8.15318E+20,5.80562E+21,1.36264E+16,5.23102E+16
114837,,12,0,66,285,2017,12,16,4,3,4,6,0,1,0,0,0,2,0,8.39338E+20,5.72342E+21,1.38964E+16,5.15596E+16
114838,,12,0,61,320,2017,11,19,6,2,8,7,0,1,0,0,0,2,1,8.25728E+20,5.75491E+21,1.37302E+16,5.18497E+16
114839,,12,0,73,69,2017,12,10,5,3,5,3,0,1,0,0,0,0,0,8.07366E+20,5.91122E+21,1.36092E+16,5.32609E+16
114840,,12,0,61,20,2017,11,10,6,3,4,6,0,1,0,0,1,0,0,8.15552E+20,5.79815E+21,1.36228E+16,5.22431E+16
114841,,10,0,46,117,2017,1,11,6,3,1,6,0,1,0,0,0,0,0,3.63455E+20,5.48402E+21,7.11441E+15,4.94934E+16
114842,,10,0,45,114,2017,1,15,6,3,2,6,0,1,0,0,0,0,0,3.77411E+20,5.45815E+21,7.31501E+15,4.92639E+16
114843,,10,0,45,114,2017,1,14,6,3,3,6,0,1,0,0,1,0,0,3.77366E+20,5.46049E+21,7.31368E+15,4.92848E+16
114844,,12,0,72,312,2017,12,21,1,2,9,1,0,1,0,0,0,2,2,7.88715E+20,5.78259E+21,1.32176E+16,5.21183E+16
114845,,12,0,73,8,2017,12,11,2,3,8,1,0,1,0,0,0,0,1,8.38263E+20,5.87926E+21,1.40371E+16,5.2956E+16
114846,,12,0,65,332,2017,12,8,3,3,2,2,0,1,0,0,0,1,1,7.85801E+20,5.84453E+21,1.3228E+16,5.26752E+16
114847,,10,0,43,116,2017,1,17,6,3,5,3,0,1,0,0,0,1,0,3.61705E+20,5.46841E+21,7.0957E+15,4.93527E+16
114848,,12,0,71,301,2017,11,21,4,3,9,1,0,1,0,0,0,2,1,8.81443E+20,5.74318E+21,1.45226E+16,5.17095E+16
114849,,10,0,46,118,2017,1,5,6,3,3,7,0,1,0,0,0,2,1,3.54641E+20,5.4854E+21,6.99227E+15,4.95038E+16
114850,,12,0,67,144,2017,11,13,5,3,0,2,0,1,0,0,1,0,0,8.44544E+20,5.81321E+21,1.40612E+16,5.23606E+16
114851,,10,0,46,118,2017,1,5,6,2,9,1,0,1,0,0,0,2,0,3.54637E+20,5.48537E+21,6.99223E+15,4.95035E+16
114852,,10,0,44,121,2017,1,10,6,1,8,1,0,1,0,0,0,0,0,3.29363E+20,5.46201E+21,6.65345E+15,4.9287E+16
114853,,10,0,44,115,2017,1,10,6,3,5,3,0,1,0,0,0,0,0,3.3519E+20,5.46554E+21,6.73205E+15,4.93203E+16
114854,,10,0,41,515,2017,1,7,6,3,5,3,0,1,0,0,0,2,0,3.46168E+20,5.46071E+21,6.88488E+15,4.92798E+16
114855,,10,0,41,100,2017,1,15,6,3,1,3,0,1,0,0,0,0,0,3.52956E+20,5.45728E+21,6.9794E+15,4.92507E+16
114856,,10,0,45,112,2017,1,14,5,3,8,1,0,1,0,0,0,0,0,3.71728E+20,5.45445E+21,7.23813E+15,4.92293E+16
114857,,10,0,45,114,2017,1,16,5,2,2,6,0,1,0,1,0,1,0,3.77049E+20,5.46642E+21,7.3075E+15,4.93381E+16
114858,,10,0,45,114,2017,1,12,5,3,9,1,0,1,0,0,0,0,2,3.83029E+20,5.4642E+21,7.39043E+15,4.93193E+16
114859,,10,0,43,112,2017,1,13,5,3,5,3,0,1,0,0,0,0,0,3.58722E+20,5.47151E+21,7.05355E+15,4.93799E+16
114860,,10,0,43,114,2017,1,14,5,3,6,3,0,1,1,0,0,0,0,3.67378E+20,5.46705E+21,7.17423E+15,4.93417E+16
114861,,10,0,43,114,2017,1,18,5,3,1,5,0,1,0,0,0,2,0,3.67504E+20,5.46781E+21,7.17571E+15,4.93486E+16
114862,,10,0,43,114,2017,1,14,5,3,5,3,0,1,0,0,0,0,0,3.6932E+20,5.4669E+21,7.201E+15,4.93409E+16
114863,,10,0,43,114,2017,1,7,5,2,9,1,0,1,0,0,0,1,1,3.68874E+20,5.4663E+21,7.19507E+15,4.93353E+16
114864,,10,0,41,519,2017,1,5,5,3,1,1,0,1,0,0,0,2,0,3.45793E+20,5.45712E+21,6.8811E+15,4.92474E+16
114865,,10,0,41,514,2017,1,11,5,3,4,2,0,1,0,0,0,0,0,3.56755E+20,5.44795E+21,7.03491E+15,4.91676E+16
114866,,10,0,46,115,2017,1,22,4,2,9,1,0,1,0,0,0,2,2,3.5417E+20,5.49373E+21,6.98269E+15,4.95786E+16
114867,,10,0,46,111,2017,1,6,4,3,5,2,0,1,0,0,1,2,0,3.7485E+20,5.48572E+21,7.27115E+15,4.95111E+16
114868,,10,0,45,117,2017,1,23,4,3,9,1,0,1,0,0,0,2,0,3.63499E+20,5.45714E+21,7.12424E+15,4.92518E+16
114869,,10,0,45,112,2017,1,7,4,3,2,1,0,1,0,0,0,2,0,3.74252E+20,5.45572E+21,7.27239E+15,4.92413E+16
114870,,10,0,42,113,2017,1,6,4,3,7,7,0,1,0,0,0,2,1,3.3296E+20,5.48158E+21,6.69466E+15,4.94639E+16
114871,,12,0,72,232,2017,12,23,7,3,8,1,0,1,0,0,0,2,1,7.80871E+20,5.77987E+21,1.31011E+16,5.2098E+16
114872,,12,0,68,477,2017,12,11,2,3,5,3,0,1,0,0,1,0,1,7.34945E+20,5.86288E+21,1.24905E+16,5.28643E+16
114873,,12,0,61,260,2017,12,9,2,3,5,2,0,1,0,0,0,0,1,8.13936E+20,5.8039E+21,1.36046E+16,5.22955E+16
114874,,12,0,61,332,2017,11,16,6,3,2,6,0,1,0,0,0,2,1,8.11998E+20,5.8003E+21,1.35729E+16,5.22644E+16
114875,,12,0,65,356,2017,12,12,3,3,5,3,0,1,0,0,0,0,0,7.87993E+20,5.87931E+21,1.3291E+16,5.29858E+16
114876,,12,0,62,224,2017,11,17,6,3,4,6,0,1,0,0,0,2,1,7.92674E+20,5.73239E+21,1.32327E+16,5.16661E+16
114877,,12,0,61,320,2017,12,19,3,2,5,3,0,1,0,0,0,2,0,8.31177E+20,5.76072E+21,1.38146E+16,5.18986E+16
114878,,12,0,62,92,2017,11,13,6,3,5,3,1,1,0,0,0,0,0,8.1543E+20,5.72798E+21,1.35568E+16,5.16143E+16
114879,,12,0,64,380,2017,12,16,4,3,2,6,0,1,0,0,0,1,0,8.28751E+20,5.83338E+21,1.385E+16,5.2551E+16
114880,,12,0,67,237,2017,11,18,6,3,3,6,0,1,0,0,1,2,1,8.65391E+20,5.81036E+21,1.4363E+16,5.23216E+16
114881,,12,0,60,198,2017,11,7,6,2,5,3,0,1,0,0,1,0,1,8.14266E+20,5.87323E+21,1.36752E+16,5.29166E+16
114882,,12,0,61,260,2017,12,17,7,3,2,2,0,1,0,0,0,2,0,8.13729E+20,5.8047E+21,1.36023E+16,5.23028E+16
114883,,12,0,64,428,2017,12,22,1,3,8,1,0,0,0,0,1,2,2,8.22772E+20,5.82538E+21,1.37544E+16,5.24829E+16
114884,,12,0,67,481,2017,12,8,2,3,8,1,0,1,0,0,0,0,2,8.37746E+20,5.79866E+21,1.39472E+16,5.22345E+16
114885,,10,0,42,113,2017,1,5,4,3,5,3,0,1,0,0,0,2,0,3.27658E+20,5.48169E+21,6.62151E+15,4.94634E+16
114886,,12,0,65,144,2017,11,10,3,3,2,6,0,1,0,0,0,0,1,7.89369E+20,5.8453E+21,1.32813E+16,5.26802E+16
114887,,12,0,66,196,2017,12,17,2,3,8,1,0,0,0,0,1,2,1,8.4497E+20,5.75334E+21,1.40069E+16,5.18241E+16
114888,,10,0,43,115,2017,1,18,4,3,1,5,0,1,0,0,0,2,0,3.66191E+20,5.4736E+21,7.1557E+15,4.94004E+16
114889,,12,0,64,44,2017,11,11,4,3,2,6,0,1,0,0,0,0,0,8.41843E+20,5.86558E+21,1.40758E+16,5.28313E+16
114890,,10,0,43,115,2017,1,14,4,3,0,7,0,1,0,0,1,0,0,3.6549E+20,5.47088E+21,7.14696E+15,4.93758E+16
114891,,10,0,41,100,2017,1,15,4,3,1,6,0,1,0,0,0,0,0,3.56259E+20,5.45695E+21,7.02489E+15,4.92484E+16
114892,,12,0,63,189,2017,11,12,4,3,2,6,0,1,0,0,1,0,0,7.19821E+20,5.8311E+21,1.2245E+16,5.25854E+16
114893,,10,0,41,100,2017,1,9,4,3,2,6,0,1,0,0,0,0,0,3.569E+20,5.45741E+21,7.03352E+15,4.92527E+16
114894,,10,0,44,120,2017,1,14,3,3,6,4,0,1,1,0,0,0,0,3.40912E+20,5.45832E+21,6.81361E+15,4.92569E+16
114895,,10,0,41,100,2017,1,7,3,3,3,6,0,1,0,0,1,0,0,3.49935E+20,5.45603E+21,6.93838E+15,4.92386E+16
114896,,10,0,45,114,2017,1,22,2,3,1,6,0,1,0,0,0,2,0,3.77977E+20,5.46551E+21,7.32055E+15,4.93301E+16
114897,,10,0,45,114,2017,1,16,2,3,3,2,1,1,0,0,0,0,0,3.79108E+20,5.46393E+21,7.33658E+15,4.93161E+16
114898,,10,0,42,116,2017,1,18,2,3,5,7,0,1,0,0,0,1,0,3.46847E+20,5.48927E+21,6.88319E+15,4.95367E+16
114899,,10,0,42,113,2017,1,12,2,3,8,1,0,1,0,0,0,0,2,3.33165E+20,5.48141E+21,6.69755E+15,4.94624E+16
114900,,10,0,41,511,2017,1,15,2,3,2,6,0,1,0,0,0,0,0,3.61308E+20,5.46475E+21,7.09151E+15,4.93197E+16
114901,,12,0,67,124,2017,11,19,7,3,5,3,0,1,0,0,0,2,1,8.23225E+20,5.81837E+21,1.37542E+16,5.24198E+16
114902,,10,0,41,516,2017,1,6,2,3,5,3,0,1,0,0,0,2,1,3.58249E+20,5.46714E+21,7.04859E+15,4.93405E+16
114903,,12,0,61,329,2017,11,1,1,2,9,7,0,1,0,0,0,2,1,8.47239E+20,5.78156E+21,1.40682E+16,5.20755E+16
114904,,10,0,41,511,2017,1,2,2,3,9,1,0,1,0,0,0,2,2,3.6185E+20,5.46632E+21,7.09843E+15,4.93339E+16
114905,,10,0,41,519,2017,1,6,2,2,6,4,0,1,1,0,0,2,1,3.40985E+20,5.45475E+21,6.81603E+15,4.92249E+16
114906,,12,0,67,24,2017,12,16,2,3,2,6,0,1,0,0,0,2,1,8.45232E+20,5.80556E+21,1.40635E+16,5.22917E+16
114907,,12,0,61,260,2017,12,16,2,3,2,6,0,1,0,0,1,2,1,8.17617E+20,5.80603E+21,1.36604E+16,5.23125E+16
114908,,10,0,41,100,2017,1,12,2,3,2,2,0,1,0,0,0,0,0,3.47377E+20,5.45532E+21,6.90354E+15,4.92316E+16
114909,,12,0,72,17,2017,11,6,4,3,2,6,0,1,0,0,0,2,0,8.03246E+20,5.80477E+21,1.34491E+16,5.23094E+16
114910,,10,0,41,100,2017,1,16,2,3,2,6,0,1,0,0,1,0,0,3.53837E+20,5.45514E+21,6.99229E+15,4.92315E+16
114911,,10,0,42,116,2017,1,14,1,3,2,2,0,1,0,0,0,0,1,3.43455E+20,5.48407E+21,6.8384E+15,4.94891E+16
114912,,10,0,45,116,2017,1,16,7,3,1,7,0,1,0,0,0,0,0,3.6575E+20,5.44715E+21,7.1585E+15,4.91625E+16
114913,,10,0,43,116,2017,1,20,7,3,8,7,0,1,0,0,0,2,2,3.61529E+20,5.46994E+21,7.09275E+15,4.93664E+16
114914,,10,0,43,114,2017,1,14,7,3,5,3,0,1,0,0,0,0,0,3.70836E+20,5.46793E+21,7.22152E+15,4.93504E+16
114915,,10,0,43,115,2017,1,8,7,3,8,1,0,1,0,0,0,0,2,3.65856E+20,5.47233E+21,7.15151E+15,4.93889E+16
114916,,10,0,44,115,2017,1,2,7,3,5,3,0,1,0,0,0,2,0,3.36829E+20,5.46443E+21,6.75505E+15,4.93108E+16
114917,,10,0,41,517,2017,1,22,7,3,6,2,0,1,1,0,0,2,1,3.50752E+20,5.46284E+21,6.94706E+15,4.93001E+16
114918,,10,0,41,100,2017,1,19,7,3,1,6,0,1,0,0,1,2,1,3.57251E+20,5.46076E+21,7.03714E+15,4.9283E+16
114919,,10,0,42,116,2017,1,21,6,3,8,1,0,1,0,0,0,2,2,3.47557E+20,5.48964E+21,6.89286E+15,4.95401E+16
114920,,10,0,42,113,2017,1,15,6,3,2,6,0,1,0,0,0,0,0,3.29944E+20,5.47976E+21,6.65386E+15,4.94467E+16
114921,,12,0,65,251,2017,12,22,4,3,7,7,0,1,0,0,0,2,1,7.73665E+20,5.84731E+21,1.30513E+16,5.27064E+16
114922,,12,0,60,12,2017,12,14,6,3,9,1,0,1,0,0,0,0,1,8.22873E+20,5.87789E+21,1.38074E+16,5.29532E+16
114923,,12,0,60,280,2017,12,15,7,3,9,1,0,1,0,0,0,0,1,8.19316E+20,5.84402E+21,1.37216E+16,5.26519E+16
114924,,12,0,61,433,2017,12,20,1,3,6,6,0,1,1,0,0,2,1,8.02422E+20,5.8132E+21,1.34446E+16,5.23854E+16
114925,,12,0,64,266,2017,11,12,6,2,5,2,0,1,0,0,1,0,0,8.74484E+20,5.83696E+21,1.45255E+16,5.25535E+16
114926,,12,0,67,36,2017,12,9,2,3,2,6,0,1,0,0,0,0,1,8.57413E+20,5.79253E+21,1.42276E+16,5.21672E+16
114927,,12,0,64,125,2017,11,23,6,2,9,1,0,0,0,1,0,2,1,8.33936E+20,5.86205E+21,1.39553E+16,5.28046E+16
114928,,12,0,72,120,2017,12,13,2,3,5,3,0,1,0,1,0,0,1,7.93284E+20,5.80924E+21,1.33073E+16,5.23548E+16
114929,,12,0,64,472,2017,11,17,6,3,8,1,0,1,0,0,0,2,1,8.3141E+20,5.83632E+21,1.3892E+16,5.25757E+16
114930,,12,0,60,12,2017,12,9,3,3,5,3,0,1,0,0,1,0,1,8.22061E+20,5.876E+21,1.37935E+16,5.29367E+16
114931,,12,0,64,472,2017,11,11,6,3,0,2,1,1,0,0,0,0,0,8.29494E+20,5.83295E+21,1.38605E+16,5.25467E+16
114932,,12,0,67,201,2017,11,21,6,3,7,7,0,1,0,0,0,2,1,8.32356E+20,5.81718E+21,1.38868E+16,5.24036E+16
114933,,12,0,61,435,2017,12,12,6,2,8,1,0,1,0,0,1,0,2,8.2653E+20,5.76843E+21,1.37546E+16,5.19704E+16
114934,,12,0,60,269,2017,12,19,7,2,5,3,0,0,0,1,1,2,0,8.0328E+20,5.85903E+21,1.34992E+16,5.27956E+16
114935,,12,0,64,227,2017,12,16,1,3,2,2,0,1,0,0,0,2,0,8.15363E+20,5.8267E+21,1.36469E+16,5.2499E+16
114936,,10,0,44,117,2017,1,17,6,3,2,6,0,1,0,0,0,2,1,3.43985E+20,5.47591E+21,6.84894E+15,4.94158E+16
114937,,12,0,60,52,2017,12,12,2,3,8,1,0,1,0,0,0,0,1,8.25738E+20,5.8621E+21,1.38341E+16,5.281E+16
114938,,12,0,69,604,2017,12,16,2,3,2,6,0,1,0,0,0,2,0,7.82416E+20,5.81119E+21,1.31498E+16,5.2378E+16
114939,,12,0,68,117,2017,11,16,6,2,2,6,0,1,0,0,0,0,0,7.54127E+20,5.86251E+21,1.27746E+16,5.28523E+16
114940,,12,0,73,452,2017,12,13,3,3,5,3,1,1,0,0,0,0,1,8.2379E+20,5.91826E+21,1.38618E+16,5.33142E+16
114941,,12,0,65,225,2017,11,14,6,3,6,4,0,1,1,0,0,0,1,7.96066E+20,5.84416E+21,1.33791E+16,5.26663E+16
114942,,12,0,70,316,2017,12,11,4,3,8,1,0,1,0,0,0,0,0,7.10088E+20,5.88752E+21,1.21379E+16,5.30957E+16
114943,,12,0,65,144,2017,11,15,6,3,5,3,1,1,0,0,0,0,1,7.89332E+20,5.84444E+21,1.328E+16,5.26725E+16
114944,,12,0,69,656,2017,12,17,4,3,5,3,0,1,0,0,0,1,1,7.6264E+20,5.81078E+21,1.28596E+16,5.23842E+16
114945,,12,0,65,36,2017,11,15,6,3,5,2,1,1,0,0,0,0,1,7.89417E+20,5.84618E+21,1.32828E+16,5.2688E+16
114946,,10,0,44,120,2017,1,19,6,3,5,3,0,1,0,0,0,2,1,3.39709E+20,5.459E+21,6.79682E+15,4.92627E+16
114947,,12,0,69,454,2017,11,7,6,3,5,2,1,1,0,0,0,1,1,7.79489E+20,5.80787E+21,1.31041E+16,5.23498E+16
114948,,10,0,44,115,2017,1,16,6,3,4,6,0,1,0,0,0,0,1,3.35987E+20,5.46409E+21,6.74362E+15,4.93075E+16
114949,,12,0,60,20,2017,12,20,1,3,0,1,0,0,0,1,0,2,2,8.09091E+20,5.8459E+21,1.35727E+16,5.26747E+16
114950,,12,0,69,485,2017,12,18,1,3,8,1,0,1,0,0,0,2,2,7.50431E+20,5.77427E+21,1.26536E+16,5.20623E+16
114951,,12,0,62,24,2017,12,16,2,3,2,6,1,1,0,0,0,2,1,8.06745E+20,5.71318E+21,1.34188E+16,5.14864E+16
114952,,10,0,41,519,2017,1,15,6,3,2,6,0,1,0,0,0,0,1,3.44693E+20,5.45809E+21,6.86563E+15,4.92559E+16
114953,,12,0,62,333,2017,11,6,3,2,5,3,0,1,0,0,0,2,1,8.26253E+20,5.73482E+21,1.37189E+16,5.16694E+16
114954,,12,0,60,161,2017,12,17,3,2,8,1,0,1,0,0,0,2,1,8.18603E+20,5.85877E+21,1.37254E+16,5.27845E+16
114955,,10,0,41,100,2017,1,7,6,3,5,3,0,1,0,0,0,0,1,3.49477E+20,5.46014E+21,6.93056E+15,4.92754E+16
114956,,12,0,69,17,2017,11,8,4,3,2,6,0,1,0,0,0,0,0,7.6587E+20,5.79842E+21,1.28972E+16,5.22717E+16
114957,,10,0,45,114,2017,1,9,5,3,4,3,0,1,0,0,0,0,1,3.7899E+20,5.46356E+21,7.33508E+15,4.93127E+16
114958,,12,0,73,572,2017,11,7,5,3,5,3,1,1,0,0,0,2,1,8.00707E+20,5.89536E+21,1.34948E+16,5.31226E+16
114959,,10,0,42,116,2017,1,7,5,3,2,6,0,1,0,0,0,1,1,3.4603E+20,5.48747E+21,6.87261E+15,4.95203E+16
114960,,10,0,43,116,2017,1,14,5,3,1,6,0,1,0,0,0,0,1,3.61923E+20,5.4683E+21,7.09874E+15,4.93518E+16
114961,,10,0,43,114,2017,1,17,5,3,1,5,0,1,0,0,0,2,1,3.68124E+20,5.46947E+21,7.1837E+15,4.93636E+16
114962,,10,0,46,114,2017,1,17,4,3,2,2,0,1,0,0,1,2,1,3.67852E+20,5.49145E+21,7.17262E+15,4.95613E+16
114963,,10,0,43,117,2017,1,16,4,3,2,6,0,1,0,0,0,0,1,3.62736E+20,5.46071E+21,7.11254E+15,4.92837E+16
114964,,10,0,41,100,2017,1,15,4,3,3,6,0,1,0,0,1,0,1,3.52957E+20,5.45566E+21,6.98002E+15,4.92361E+16
114965,,10,0,45,114,2017,1,22,3,3,5,2,0,1,0,0,0,2,0,3.78045E+20,5.45843E+21,7.32365E+15,4.92665E+16
114966,,10,0,42,111,2017,1,19,3,3,4,1,0,1,0,0,0,2,2,3.32306E+20,5.47281E+21,6.68935E+15,4.93849E+16
114967,,10,0,43,111,2017,1,21,3,3,8,1,0,1,0,0,1,2,1,3.53973E+20,5.4717E+21,6.9881E+15,4.93805E+16
114968,,10,0,43,116,2017,1,10,3,3,8,1,0,1,1,0,0,0,2,3.6303E+20,5.47229E+21,7.11261E+15,4.93879E+16
114969,,12,0,68,468,2017,12,8,4,3,4,6,0,0,0,0,1,1,2,7.31579E+20,5.89567E+21,1.24641E+16,5.316E+16
114970,,12,0,53,0,2017,12,13,6,3,6,2,0,1,1,0,0,0,0,8.77937E+20,5.81417E+21,1.45505E+16,5.23472E+16
114971,,12,0,65,165,2017,12,17,7,3,9,1,0,1,0,0,0,2,0,7.77551E+20,5.85798E+21,1.31177E+16,5.28001E+16
114972,,12,0,72,477,2017,12,3,7,3,1,7,0,1,0,0,0,2,1,7.98562E+20,5.79858E+21,1.33751E+16,5.22564E+16
114973,,12,0,65,100,2017,11,6,6,3,5,3,0,1,0,1,0,1,0,7.77537E+20,5.88121E+21,1.31373E+16,5.30084E+16
114974,,12,0,65,251,2017,12,9,2,2,5,3,0,1,0,0,0,0,0,7.7493E+20,5.85015E+21,1.30723E+16,5.27312E+16
114975,,12,0,65,193,2017,11,16,6,3,2,6,0,1,0,0,0,2,1,7.91865E+20,5.86684E+21,1.33373E+16,5.28719E+16
114976,,12,0,61,265,2017,12,12,2,3,8,1,0,1,0,0,0,0,1,8.23858E+20,5.77441E+21,1.37215E+16,5.20256E+16
114977,,12,0,69,17,2017,11,2,5,3,8,1,0,0,0,0,1,2,0,7.66722E+20,5.79836E+21,1.29096E+16,5.22708E+16
114978,,12,0,72,426,2017,11,13,5,3,4,2,0,1,0,0,0,0,0,7.84829E+20,5.79584E+21,1.31722E+16,5.22392E+16
114979,,12,0,65,165,2017,12,12,1,3,2,6,0,1,0,0,0,0,1,7.63673E+20,5.8507E+21,1.29065E+16,5.27417E+16
114980,,12,0,65,84,2017,12,13,2,3,9,1,0,1,0,0,0,0,0,7.75726E+20,5.90363E+21,1.31296E+16,5.32103E+16
114981,,12,0,72,297,2017,11,8,5,2,3,6,1,1,0,0,0,1,0,7.71598E+20,5.76619E+21,1.29552E+16,5.19799E+16
114982,,12,0,66,320,2017,12,15,2,3,8,7,0,1,0,0,0,0,1,8.49751E+20,5.74039E+21,1.4063E+16,5.17052E+16
114983,,12,0,63,240,2017,11,13,5,3,4,6,0,1,0,0,1,0,0,7.48593E+20,5.83867E+21,1.26745E+16,5.2641E+16
114984,,12,0,53,0,2017,12,5,3,2,5,2,0,1,0,0,0,2,1,8.72771E+20,5.81394E+21,1.44747E+16,5.23487E+16
114985,,12,0,63,273,2017,11,15,5,3,9,7,0,1,0,0,0,0,0,7.77431E+20,5.84058E+21,1.31012E+16,5.26441E+16
114986,,12,0,51,0,2017,12,7,3,3,6,4,0,1,1,0,0,1,1,7.39378E+20,5.81284E+21,1.252E+16,5.24133E+16
114987,,12,0,69,454,2017,11,13,5,2,4,5,1,1,0,0,0,0,1,7.82773E+20,5.80777E+21,1.31521E+16,5.23471E+16
114988,,12,0,51,0,2017,11,12,5,3,5,3,1,1,0,0,0,0,0,7.41774E+20,5.8145E+21,1.25563E+16,5.24272E+16
114989,,12,0,51,0,2017,11,16,5,3,5,3,1,1,0,0,0,1,1,7.41263E+20,5.81358E+21,1.25482E+16,5.24192E+16
114990,,12,0,60,269,2017,12,6,7,3,9,7,0,1,0,0,0,2,1,7.9842E+20,5.84322E+21,1.34129E+16,5.26566E+16
114991,,12,0,61,17,2017,12,5,7,2,8,1,0,1,0,0,0,2,1,8.27485E+20,5.76444E+21,1.37646E+16,5.19341E+16
114992,,12,0,71,337,2017,12,13,1,3,5,2,0,1,0,0,0,0,0,8.90633E+20,5.76551E+21,1.46801E+16,5.1903E+16
114993,,10,0,43,114,2017,1,13,3,3,5,3,0,0,0,1,1,0,2,3.67963E+20,5.46797E+21,7.18198E+15,4.93502E+16
114994,,12,0,52,0,2017,11,19,2,3,5,2,1,1,0,0,0,2,1,8.67556E+20,5.74795E+21,1.43276E+16,5.17615E+16
114995,,12,0,67,173,2017,12,1,2,2,8,1,0,1,0,0,0,2,2,8.20581E+20,5.81572E+21,1.3713E+16,5.23976E+16
114996,,10,0,43,115,2017,1,13,2,3,1,6,0,1,0,0,0,0,0,3.66726E+20,5.47359E+21,7.16307E+15,4.94004E+16
114997,,12,0,65,144,2017,11,20,3,3,8,7,0,1,0,0,0,2,1,7.86822E+20,5.84322E+21,1.3242E+16,5.26629E+16