OBJECTID,UIDENTSTLA,ULAND,UREGBEZ,UKREIS,UGEMEINDE,UJAHR,UMONAT,USTUNDE,UWOCHENTAG,UKATEGORIE,UART,UTYP1,IstRad,IstPKW,IstFuss,IstKrad,IstSonstig,LICHT,STRZUSTAND,LINREFX,LINREFY,XGCSWGS84,YGCSWGS84
114998,,12,0,72,120,2017,12,17,2,3,5,2,1,1,0,0,0,2,1,7.936E+20,5.81017E+21,1.33127E+16,5.2363E+16
114999,,10,0,43,114,2017,1,1,1,2,9,1,0,1,0,0,0,2,2,3.63851E+20,5.46673E+21,7.12582E+15,4.93381E+16
115000,,12,0,73,452,2017,11,10,4,3,4,6,1,1,0,0,0,0,0,8.22864E+20,5.91772E+21,1.38474E+16,5.331E+16
115001,,10,0,41,518,2017,1,2,1,3,8,1,0,1,0,0,0,2,2,3.58637E+20,5.46307E+21,7.05537E+15,4.9304E+16
115002,,10,0,46,118,2017,1,17,7,3,2,2,0,1,0,0,0,1,2,3.57191E+20,5.48476E+21,7.0277E+15,4.94987E+16
115003,,12,0,68,320,2017,11,7,5,2,0,7,1,0,0,0,0,1,0,7.57952E+20,5.86907E+21,1.28364E+16,5.29092E+16
115004,,10,0,43,112,2017,1,12,7,3,2,2,0,1,0,0,0,0,0,3.59318E+20,5.47006E+21,7.06227E+15,4.9367E+16
115005,,10,0,43,114,2017,1,13,7,3,2,2,0,1,0,0,0,0,2,3.6962E+20,5.46506E+21,7.20573E+15,4.93243E+16
115006,,10,0,43,111,2017,1,23,7,3,9,1,0,1,0,0,0,2,2,3.55634E+20,5.47285E+21,7.01054E+15,4.93913E+16
115007,,10,0,44,111,2017,1,12,7,3,2,6,0,1,0,0,0,0,0,3.34855E+20,5.46912E+21,6.72598E+15,4.93524E+16
115008,,10,0,44,123,2017,1,14,7,3,1,6,0,1,0,0,0,0,0,3.38226E+20,5.46402E+21,6.77442E+15,4.93075E+16
115009,,10,0,41,100,2017,1,17,7,3,1,6,0,1,0,0,0,2,2,3.50315E+20,5.45589E+21,6.94365E+15,4.92374E+16
115010,,10,0,46,115,2017,1,5,6,2,8,7,0,1,0,0,0,2,1,3.53594E+20,5.48903E+21,6.97647E+15,4.95362E+16
115011,,10,0,45,115,2017,1,19,6,3,0,5,0,1,0,0,0,2,0,3.74515E+20,5.46312E+21,7.27367E+15,4.9308E+16
115012,,10,0,44,112,2017,1,11,6,3,4,6,0,1,0,0,0,0,0,3.51216E+20,5.47741E+21,6.948E+15,4.94311E+16
115013,,10,0,44,120,2017,1,7,6,3,2,6,0,1,0,0,0,2,2,3.36367E+20,5.45765E+21,6.75147E+15,4.92497E+16
115014,,10,0,41,100,2017,1,17,6,3,2,6,1,1,0,0,0,2,1,3.51681E+20,5.45625E+21,6.96229E+15,4.9241E+16
115015,,10,0,41,100,2017,1,11,6,3,4,2,0,1,0,0,0,0,1,3.48425E+20,5.4569E+21,6.91732E+15,4.92461E+16
115016,,10,0,41,100,2017,1,7,6,3,6,4,0,1,1,0,0,2,0,3.51536E+20,5.45454E+21,6.96092E+15,4.92256E+16
115017,,12,0,54,0,2017,12,18,3,3,2,6,0,1,0,0,1,1,1,7.75677E+20,5.81586E+21,1.30549E+16,5.24233E+16
115018,,10,0,43,111,2017,1,15,5,3,1,7,0,1,0,0,0,0,0,3.50693E+20,5.47531E+21,6.94157E+15,4.94122E+16
115019,,10,0,43,114,2017,1,10,5,3,0,5,0,1,0,0,0,0,0,3.67884E+20,5.46794E+21,7.1809E+15,4.93498E+16
115020,,10,0,44,115,2017,1,9,5,3,1,6,0,1,0,0,0,0,1,3.35532E+20,5.46361E+21,6.73756E+15,4.93031E+16
115021,,10,0,41,100,2017,1,13,5,3,2,6,0,1,0,0,0,0,0,3.54852E+20,5.4567E+21,7.00566E+15,4.92458E+16
115022,,10,0,41,100,2017,1,7,4,3,2,6,0,1,0,0,1,2,1,3.51675E+20,5.45764E+21,6.96169E+15,4.92535E+16
115023,,10,0,41,100,2017,1,8,4,3,2,6,0,1,0,0,1,0,1,3.50427E+20,5.45582E+21,6.94522E+15,4.92368E+16
115024,,10,0,41,100,2017,1,17,4,3,3,6,0,1,0,0,0,2,2,3.54548E+20,5.45626E+21,7.00164E+15,4.92419E+16
115025,,10,0,46,117,2017,1,19,3,3,2,6,0,1,0,0,0,1,1,3.67128E+20,5.48114E+21,7.16608E+15,4.94683E+16
115026,,12,0,54,0,2017,12,17,3,3,6,4,0,1,1,0,0,2,1,7.78523E+20,5.80994E+21,1.30917E+16,5.23688E+16
115027,,12,0,64,472,2017,12,6,4,3,4,1,0,0,0,0,1,2,2,8.26775E+20,5.83107E+21,1.38187E+16,5.25315E+16
115028,,12,0,69,454,2017,12,6,6,3,1,6,0,1,0,0,1,2,1,7.81815E+20,5.80839E+21,1.31386E+16,5.23533E+16
115029,,12,0,73,404,2017,12,14,7,2,5,3,0,1,0,0,0,0,1,8.11327E+20,5.90146E+21,1.36589E+16,5.31712E+16
115030,,12,0,63,80,2017,12,18,1,3,5,2,0,1,0,0,0,2,1,7.78056E+20,5.83202E+21,1.31033E+16,5.2567E+16
115031,,12,0,73,572,2017,11,17,5,2,5,3,0,1,0,1,0,2,1,8.02503E+20,5.89538E+21,1.35216E+16,5.31219E+16
115032,,12,0,60,20,2017,12,7,2,3,5,3,1,1,0,0,0,2,1,8.0878E+20,5.84672E+21,1.35689E+16,5.26822E+16
115033,,12,0,73,452,2017,11,19,5,3,5,3,1,1,0,0,0,2,0,8.23785E+20,5.91831E+21,1.38618E+16,5.33147E+16
115034,,12,0,68,320,2017,12,17,3,3,2,6,0,1,0,0,0,1,1,7.54833E+20,5.86979E+21,1.27907E+16,5.29172E+16
115035,,12,0,60,269,2017,11,5,5,3,5,3,0,1,0,0,0,2,1,8.02275E+20,5.85282E+21,1.34786E+16,5.27406E+16
115036,,12,0,64,44,2017,11,11,5,3,2,6,0,1,0,0,1,0,0,8.40157E+20,5.86146E+21,1.40466E+16,5.27954E+16
115037,,12,0,64,317,2017,11,18,5,2,9,1,0,1,0,0,0,2,0,8.54207E+20,5.83038E+21,1.42208E+16,5.25082E+16
115038,,12,0,65,356,2017,12,14,6,2,1,5,0,1,0,0,1,0,1,7.9148E+20,5.88021E+21,1.33436E+16,5.2992E+16
115039,,12,0,54,0,2017,12,10,6,3,1,6,0,1,0,0,1,0,1,7.79668E+20,5.81084E+21,1.31092E+16,5.23763E+16
115040,,12,0,71,244,2017,12,10,7,3,8,1,0,1,0,0,1,0,2,8.54285E+20,5.7473E+21,1.41354E+16,5.17643E+16
115041,,10,0,42,115,2017,1,18,3,3,3,3,0,1,0,0,0,2,1,3.10542E+20,5.48495E+21,6.38397E+15,4.94876E+16
115042,,12,0,63,80,2017,11,18,1,3,5,3,0,1,0,0,0,2,1,7.78789E+20,5.82797E+21,1.31106E+16,5.25304E+16
115043,,12,0,60,5,2017,12,17,1,3,5,3,0,1,0,0,0,2,0,8.12138E+20,5.83809E+21,1.36102E+16,5.2603E+16
115044,,10,0,44,111,2017,1,16,3,3,2,6,0,1,0,0,0,0,1,3.34082E+20,5.47028E+21,6.71485E+15,4.93626E+16
115045,,12,0,67,144,2017,11,10,2,3,1,7,0,1,0,0,0,0,0,8.44574E+20,5.81302E+21,1.40615E+16,5.23589E+16
115046,,12,0,68,477,2017,12,6,2,2,9,1,0,1,0,0,0,2,2,7.36257E+20,5.87167E+21,1.25164E+16,5.29425E+16
115047,,10,0,41,100,2017,1,9,3,3,2,6,0,1,0,0,1,0,1,3.54617E+20,5.45639E+21,7.00253E+15,4.9243E+16
115048,,12,0,63,80,2017,11,15,2,2,5,3,1,0,0,0,1,0,1,7.76926E+20,5.83257E+21,1.30871E+16,5.25725E+16
115049,,10,0,42,116,2017,1,16,2,3,5,3,0,1,0,0,0,0,1,3.43544E+20,5.48371E+21,6.83978E+15,4.94858E+16
115050,,12,0,61,332,2017,12,11,2,3,4,6,0,1,0,0,0,0,1,8.13245E+20,5.7927E+21,1.35841E+16,5.21955E+16
115051,,10,0,42,113,2017,1,15,2,3,0,1,1,0,0,0,0,0,1,3.28258E+20,5.47919E+21,6.63086E+15,4.94411E+16
115052,,12,0,61,112,2017,11,4,3,3,5,3,1,1,0,0,0,2,1,8.15686E+20,5.81243E+21,1.36382E+16,5.2371E+16
115053,,10,0,42,115,2017,1,7,2,3,5,3,0,1,0,0,0,2,2,3.15641E+20,5.48786E+21,6.45294E+15,4.95153E+16
115054,,10,0,43,117,2017,1,15,2,3,5,3,0,1,0,0,0,0,0,3.66637E+20,5.46537E+21,7.16459E+15,4.93264E+16
115055,,12,0,69,596,2017,11,11,4,3,5,2,0,0,0,0,1,0,0,7.7335E+20,5.79959E+21,1.30075E+16,5.22786E+16
115056,,10,0,42,112,2017,1,3,1,2,9,1,0,1,0,0,0,2,1,3.39216E+20,5.48924E+21,6.77781E+15,4.95344E+16
115057,,10,0,43,111,2017,1,17,1,3,3,6,0,1,0,0,0,2,1,3.53647E+20,5.47556E+21,6.98218E+15,4.94151E+16
115058,,10,0,41,511,2017,1,15,1,3,1,2,0,1,0,0,0,0,1,3.61175E+20,5.46615E+21,7.0892E+15,4.93323E+16
115059,,12,0,72,298,2017,12,14,1,2,8,7,0,1,0,0,0,0,1,7.86725E+20,5.7617E+21,1.31712E+16,5.19321E+16
115060,,12,0,61,244,2017,12,12,1,2,8,1,0,1,0,0,0,0,1,8.17756E+20,5.76264E+21,1.36219E+16,5.19236E+16
115061,,12,0,73,532,2017,12,20,1,3,8,7,0,1,0,0,0,2,1,8.55775E+20,5.88979E+21,1.43082E+16,5.3039E+16
115062,,12,0,65,225,2017,12,5,2,2,9,6,0,1,0,0,0,2,2,7.94926E+20,5.84784E+21,1.33656E+16,5.27E+16
115063,,12,0,60,52,2017,12,12,1,3,5,3,0,1,0,0,0,0,1,8.23707E+20,5.86418E+21,1.38062E+16,5.283E+16
115064,,12,0,68,320,2017,11,17,3,3,2,6,0,1,0,0,0,2,0,7.58522E+20,5.87343E+21,1.28484E+16,5.29481E+16
115065,,12,0,61,329,2017,12,16,2,2,4,6,0,1,0,0,0,2,1,8.47281E+20,5.77329E+21,1.40604E+16,5.20014E+16
115066,,12,0,51,0,2017,12,16,7,2,6,4,0,1,1,0,0,2,1,7.40045E+20,5.81443E+21,1.25309E+16,5.24273E+16
115067,,12,0,51,0,2017,11,17,3,3,5,3,0,1,0,1,0,2,0,7.40877E+20,5.81087E+21,1.25405E+16,5.23949E+16
115068,,12,0,61,61,2017,12,12,7,3,5,3,0,1,0,0,0,0,0,8.55358E+20,5.76114E+21,1.41651E+16,5.18875E+16
115069,,12,0,63,357,2017,11,13,4,3,8,1,0,1,0,0,0,0,1,7.7009E+20,5.82655E+21,1.29816E+16,5.2522E+16
115070,,12,0,73,8,2017,12,15,7,3,9,7,0,1,0,0,0,0,1,8.24922E+20,5.89483E+21,1.38549E+16,5.31037E+16
115071,,12,0,60,280,2017,12,10,7,2,4,6,0,1,0,0,0,0,0,8.23238E+20,5.8445E+21,1.37799E+16,5.26539E+16
115072,,12,0,67,481,2017,12,17,7,1,6,7,0,1,1,0,0,2,1,8.36127E+20,5.79337E+21,1.39183E+16,5.21881E+16
115073,,12,0,67,144,2017,12,11,7,3,2,2,0,1,0,0,0,0,0,8.45104E+20,5.81218E+21,1.40684E+16,5.2351E+16
115074,,12,0,65,225,2017,12,12,7,2,4,7,0,1,0,0,0,0,1,7.95451E+20,5.84628E+21,1.33719E+16,5.26857E+16
115075,,12,0,65,144,2017,12,6,7,3,4,7,0,1,0,0,0,2,1,7.88375E+20,5.84809E+21,1.32691E+16,5.27057E+16
115076,,12,0,65,332,2017,12,9,7,3,0,6,0,1,0,0,1,0,1,7.84593E+20,5.84852E+21,1.32137E+16,5.27116E+16
115077,,12,0,65,136,2017,12,10,7,3,2,6,0,1,0,0,0,0,1,7.84471E+20,5.83851E+21,1.32032E+16,5.26219E+16
115078,,12,0,65,251,2017,12,14,7,3,5,2,0,1,0,0,0,0,1,7.78558E+20,5.84539E+21,1.31219E+16,5.26867E+16
115079,,12,0,65,256,2017,12,12,7,3,6,4,0,1,1,0,0,0,0,7.86016E+20,5.85348E+21,1.3239E+16,5.27553E+16
115080,,12,0,67,469,2017,12,14,6,3,8,6,0,1,0,0,0,0,0,8.2315E+20,5.8077E+21,1.37429E+16,5.23242E+16
115081,,12,0,71,244,2017,12,20,6,3,2,6,0,1,0,0,1,2,0,8.52427E+20,5.74722E+21,1.41085E+16,5.17646E+16
115082,,12,0,73,429,2017,12,12,6,3,5,3,0,1,0,0,0,0,0,8.13355E+20,5.91943E+21,1.37068E+16,5.3331E+16
115083,,12,0,73,189,2017,12,15,3,2,8,1,0,1,0,0,0,0,1,8.57942E+20,5.90827E+21,1.4361E+16,5.32029E+16
115084,,12,0,65,251,2017,12,6,4,3,8,6,0,0,0,0,1,2,2,7.71689E+20,5.84339E+21,1.30189E+16,5.26722E+16
115085,,12,0,61,492,2017,11,16,5,2,2,6,1,1,0,0,0,2,0,8.16692E+20,5.78541E+21,1.36276E+16,5.21283E+16
115086,,12,0,60,181,2017,12,15,6,3,2,6,0,1,0,0,0,0,1,8.07468E+20,5.84015E+21,1.35434E+16,5.26241E+16
115087,,12,0,67,124,2017,12,12,7,3,2,6,0,1,0,0,0,0,0,8.23095E+20,5.81876E+21,1.37527E+16,5.24234E+16
115088,,12,0,53,0,2017,12,8,1,3,5,3,0,1,0,0,1,0,0,8.77733E+20,5.81414E+21,1.45474E+16,5.2347E+16
115089,,12,0,67,469,2017,11,13,5,3,4,6,0,1,0,0,1,0,0,8.34053E+20,5.8079E+21,1.39025E+16,5.23196E+16
115090,,12,0,65,332,2017,12,12,2,3,5,3,1,0,0,0,1,0,0,7.82556E+20,5.84621E+21,1.31816E+16,5.2692E+16
115091,,12,0,67,144,2017,11,15,5,3,2,6,0,1,0,0,0,0,0,8.43066E+20,5.81831E+21,1.40448E+16,5.24072E+16
115092,,12,0,65,251,2017,11,18,5,3,4,2,0,1,0,0,0,2,0,7.77236E+20,5.84777E+21,1.31044E+16,5.27087E+16
115093,,12,0,68,181,2017,11,16,5,3,5,3,0,1,0,0,0,2,1,7.34532E+20,5.88641E+21,1.25014E+16,5.30756E+16
115094,,12,0,72,240,2017,12,16,4,3,2,2,0,1,0,0,0,2,0,7.91285E+20,5.80226E+21,1.3272E+16,5.22933E+16
115095,,12,0,54,0,2017,12,8,5,3,3,2,0,1,0,0,1,1,0,7.76437E+20,5.81247E+21,1.30632E+16,5.23925E+16
115096,,12,0,60,181,2017,12,19,6,3,8,7,0,1,0,0,0,2,1,8.08807E+20,5.83995E+21,1.3563E+16,5.26215E+16
115097,,12,0,60,24,2017,12,13,6,3,0,7,1,1,0,0,0,0,0,8.12128E+20,5.85634E+21,1.36274E+16,5.27665E+16
115098,,12,0,72,2,2017,11,11,6,3,5,3,0,1,0,0,0,0,0,8.02183E+20,5.7912E+21,1.34214E+16,5.21883E+16
115099,,12,0,53,0,2017,12,23,7,2,5,2,0,1,0,0,0,2,1,8.761E+20,5.81107E+21,1.45202E+16,5.23208E+16
115100,,12,0,68,117,2017,12,12,6,3,2,6,0,1,0,0,0,0,0,7.55713E+20,5.85771E+21,1.27943E+16,5.28085E+16
115101,,12,0,64,428,2017,11,21,1,3,8,1,0,1,0,0,0,2,1,8.23443E+20,5.8244E+21,1.37633E+16,5.24737E+16
115102,,12,0,68,320,2017,12,18,1,3,8,1,0,1,0,0,0,2,2,7.52852E+20,5.88197E+21,1.27708E+16,5.30274E+16
115103,,12,0,68,117,2017,12,16,6,3,2,6,0,1,0,0,0,1,0,7.54003E+20,5.86273E+21,1.27729E+16,5.28543E+16
115104,,12,0,69,656,2017,11,9,1,2,8,1,0,1,0,0,0,0,2,7.62513E+20,5.80374E+21,1.28523E+16,5.23211E+16
115105,,12,0,68,117,2017,12,16,6,3,2,6,0,1,0,0,0,1,0,7.54003E+20,5.86273E+21,1.27729E+16,5.28543E+16
115106,,12,0,61,329,2017,12,18,1,3,4,6,0,1,0,0,0,2,2,8.47302E+20,5.77327E+21,1.40607E+16,5.20012E+16
115107,,12,0,68,117,2017,12,16,6,3,2,6,0,1,0,0,0,0,0,7.54003E+20,5.86273E+21,1.27729E+16,5.28543E+16
115108,,12,0,71,392,2017,11,8,2,3,5,3,0,1,0,0,1,0,0,8.85945E+20,5.72935E+21,1.45722E+16,5.15827E+16
115109,,12,0,68,468,2017,12,15,6,3,2,6,0,1,0,0,1,0,0,7.24714E+20,5.90809E+21,1.23704E+16,5.32743E+16
115110,,12,0,72,240,2017,12,9,5,3,5,3,0,1,0,0,1,0,1,7.92703E+20,5.80085E+21,1.32915E+16,5.228E+16
115111,,12,0,53,0,2017,11,10,3,3,2,6,0,1,0,0,0,0,0,8.76262E+20,5.81044E+21,1.45218E+16,5.2315E+16
115112,,12,0,61,316,2017,12,2,5,3,8,1,0,1,0,0,0,2,1,8.34094E+20,5.76183E+21,1.38579E+16,5.19068E+16
115113,,12,0,69,17,2017,11,13,4,2,8,7,0,0,0,0,1,0,1,7.67429E+20,5.79501E+21,1.29173E+16,5.22404E+16
115114,,12,0,69,304,2017,12,22,2,3,9,1,0,1,0,0,0,2,1,7.88224E+20,5.81498E+21,1.32381E+16,5.2409E+16
115115,,12,0,72,120,2017,11,3,4,2,8,7,0,0,0,0,1,2,1,7.93629E+20,5.81209E+21,1.33148E+16,5.23802E+16
115116,,12,0,64,336,2017,12,14,3,3,5,3,0,1,0,0,1,0,0,8.19354E+20,5.82813E+21,1.37069E+16,5.25095E+16
115117,,12,0,69,590,2017,11,19,4,2,8,1,0,1,0,0,0,2,0,7.7042E+20,5.80522E+21,1.29692E+16,5.23305E+16
115118,,12,0,54,0,2017,11,20,4,2,6,4,0,0,1,0,1,2,0,7.75033E+20,5.81286E+21,1.3043E+16,5.23967E+16
115119,,12,0,67,469,2017,11,16,4,3,1,7,0,1,0,0,1,2,0,8.34045E+20,5.80754E+21,1.3902E+16,5.23163E+16
115120,,12,0,64,380,2017,12,4,7,2,9,1,0,1,0,0,0,2,2,8.26176E+20,5.82946E+21,1.38083E+16,5.25174E+16
115121,,12,0,65,84,2017,12,19,1,3,8,1,0,1,0,0,0,2,2,7.75471E+20,5.90422E+21,1.31263E+16,5.32157E+16
115122,,12,0,62,24,2017,12,21,5,2,8,1,0,1,0,0,0,2,0,7.96531E+20,5.71003E+21,1.32695E+16,5.14636E+16
115123,,12,0,69,402,2017,11,16,1,3,1,6,0,1,0,0,0,1,1,7.56477E+20,5.78192E+21,1.27473E+16,5.21282E+16
115124,,12,0,61,265,2017,12,19,1,2,9,1,0,1,0,0,0,2,2,8.30489E+20,5.77563E+21,1.3819E+16,5.20325E+16
115125,,12,0,65,256,2017,12,16,5,3,6,4,0,1,1,0,0,2,0,7.84692E+20,5.853E+21,1.3219E+16,5.27517E+16
115126,,12,0,51,0,2017,11,18,2,3,2,6,0,1,0,0,0,2,1,7.45075E+20,5.81256E+21,1.26034E+16,5.24082E+16
115127,,12,0,60,269,2017,12,12,2,3,8,6,0,1,0,0,1,0,1,8.05822E+20,5.85181E+21,1.353E+16,5.27295E+16
115128,,12,0,72,17,2017,12,6,4,3,9,1,0,0,0,0,1,2,2,8.02161E+20,5.8092E+21,1.34372E+16,5.23497E+16
115129,,12,0,64,44,2017,11,15,3,2,8,1,0,1,0,0,0,0,1,8.36833E+20,5.86061E+21,1.39966E+16,5.27899E+16
115130,,12,0,72,426,2017,12,5,4,2,9,1,0,1,0,0,0,2,2,7.81234E+20,5.79256E+21,1.31169E+16,5.22116E+16
115131,,12,0,65,251,2017,12,7,3,3,5,3,1,1,0,0,0,1,1,7.80245E+20,5.84145E+21,1.31435E+16,5.26505E+16
115132,,12,0,69,604,2017,12,6,4,3,8,1,0,1,0,0,0,2,2,7.87335E+20,5.81003E+21,1.32209E+16,5.23651E+16
115133,,12,0,66,304,2017,11,7,4,3,8,1,0,1,0,0,0,1,1,8.46076E+20,5.71472E+21,1.39847E+16,5.14775E+16
115134,,12,0,61,405,2017,12,11,4,3,2,7,0,1,0,0,0,0,0,8.21219E+20,5.77419E+21,1.36829E+16,5.20251E+16
115135,,12,0,66,296,2017,12,12,4,3,2,6,0,1,0,0,1,0,0,8.37938E+20,5.71356E+21,1.38669E+16,5.14721E+16
115136,,12,0,65,225,2017,11,7,5,3,5,3,1,1,0,0,0,1,1,7.95894E+20,5.84295E+21,1.33755E+16,5.26556E+16
115137,,12,0,62,461,2017,12,17,4,2,9,1,0,1,0,0,0,2,0,7.88811E+20,5.74576E+21,1.31881E+16,5.1788E+16
115138,,12,0,71,372,2017,12,14,4,3,1,6,0,1,0,1,0,0,0,8.72374E+20,5.7267E+21,1.43744E+16,5.15681E+16
115139,,12,0,60,100,2017,12,11,4,2,2,6,0,1,0,0,0,0,0,8.23631E+20,5.88408E+21,1.38249E+16,5.30082E+16
115140,,12,0,60,181,2017,12,5,4,2,2,6,0,1,0,0,1,2,0,8.0504E+20,5.83947E+21,1.3507E+16,5.26193E+16
115141,,12,0,73,532,2017,12,16,4,2,7,7,1,1,0,0,0,2,0,8.54041E+20,5.89215E+21,1.42851E+16,5.30612E+16
115142,,12,0,73,93,2017,12,8,4,2,8,1,0,1,0,0,0,0,2,8.36218E+20,5.92753E+21,1.40574E+16,5.33896E+16
115143,,12,0,64,340,2017,12,14,4,1,0,1,0,0,0,1,0,0,1,8.52473E+20,5.8449E+21,1.42107E+16,5.26393E+16
115144,,12,0,64,136,2017,12,14,4,3,2,6,0,1,0,0,0,0,0,8.22159E+20,5.82711E+21,1.37471E+16,5.24987E+16
115145,,12,0,64,29,2017,12,11,4,3,5,3,0,1,0,0,0,0,0,8.16971E+20,5.83257E+21,1.36761E+16,5.25507E+16
115146,,12,0,65,36,2017,12,6,4,3,5,3,1,1,0,0,0,2,0,7.88643E+20,5.84771E+21,1.32727E+16,5.27022E+16
115147,,12,0,65,198,2017,12,15,4,3,8,1,0,1,0,0,0,0,0,7.83432E+20,5.86134E+21,1.32076E+16,5.28271E+16
115148,,12,0,72,14,2017,12,6,3,1,8,7,0,1,0,0,0,2,1,8.05917E+20,5.77583E+21,1.34621E+16,5.20484E+16
115149,,12,0,68,320,2017,12,16,6,2,5,3,0,1,0,0,0,2,1,7.51808E+20,5.88599E+21,1.27585E+16,5.3064E+16
115150,,12,0,72,14,2017,12,6,6,3,5,2,1,1,0,0,0,2,0,8.08088E+20,5.7758E+21,1.34936E+16,5.2047E+16
115151,,12,0,62,237,2017,12,14,7,3,5,3,0,1,0,0,0,0,1,8.08523E+20,5.74422E+21,1.34717E+16,5.17636E+16
115152,,12,0,60,52,2017,11,5,4,2,6,2,0,1,1,0,0,2,1,8.1896E+20,5.86481E+21,1.37366E+16,5.28384E+16
115153,,12,0,64,539,2017,11,12,4,3,4,6,0,1,0,0,1,0,1,8.64306E+20,5.81924E+21,1.43567E+16,5.24018E+16
115154,,12,0,53,0,2017,11,7,4,3,2,6,0,1,0,0,0,0,1,8.77259E+20,5.81312E+21,1.45394E+16,5.23383E+16
115155,,12,0,69,616,2017,12,5,3,3,5,2,0,1,0,0,1,2,1,7.90048E+20,5.81156E+21,1.32619E+16,5.23773E+16
115156,,12,0,69,590,2017,12,8,3,2,2,6,0,0,0,0,1,0,0,7.68502E+20,5.80114E+21,1.29378E+16,5.22949E+16
115157,,12,0,70,173,2017,12,14,6,3,1,5,0,0,0,0,1,0,1,6.8505E+20,5.89798E+21,1.17704E+16,5.31989E+16
115158,,12,0,65,256,2017,12,7,7,3,2,6,0,1,0,0,0,2,0,7.8473E+20,5.84948E+21,1.32165E+16,5.27202E+16
115159,,12,0,63,208,2017,12,22,7,3,8,1,0,1,0,0,0,2,0,7.6318E+20,5.83451E+21,1.28863E+16,5.25968E+16
115160,,12,0,67,124,2017,11,7,4,3,5,3,1,1,0,0,0,0,1,8.22908E+20,5.81913E+21,1.37503E+16,5.24268E+16
115161,,12,0,69,590,2017,12,22,1,3,9,6,0,1,0,0,0,2,1,7.65158E+20,5.80194E+21,1.28896E+16,5.23037E+16
115162,,12,0,65,225,2017,11,8,4,3,1,7,0,1,0,0,0,0,1,7.96194E+20,5.85125E+21,1.33873E+16,5.27298E+16
115163,,12,0,62,140,2017,12,15,2,3,5,3,1,1,0,0,0,0,1,8.26262E+20,5.72929E+21,1.37139E+16,5.16199E+16
115164,,12,0,70,316,2017,11,21,4,2,8,1,0,1,0,0,0,2,1,7.138E+20,5.89909E+21,1.22009E+16,5.31981E+16
115165,,12,0,54,0,2017,11,7,3,3,5,2,1,0,0,0,1,0,0,7.76847E+20,5.81363E+21,1.30702E+16,5.24027E+16
115166,,12,0,69,89,2017,11,5,3,2,8,1,0,0,0,0,1,2,1,7.27202E+20,5.79105E+21,1.23266E+16,5.22229E+16
115167,,12,0,60,20,2017,12,16,6,3,2,6,0,1,0,0,0,1,0,8.09811E+20,5.84595E+21,1.35834E+16,5.26747E+16
115168,,12,0,63,208,2017,12,23,6,3,9,1,0,1,0,0,0,2,0,7.59272E+20,5.83632E+21,1.28301E+16,5.26148E+16
115169,,12,0,69,696,2017,12,3,3,2,8,7,0,1,0,0,0,2,0,7.30162E+20,5.79636E+21,1.23734E+16,5.22694E+16
115170,,12,0,71,337,2017,11,12,7,3,7,7,0,1,0,0,0,0,1,8.74516E+20,5.77309E+21,1.44552E+16,5.19819E+16
115171,,12,0,62,445,2017,12,8,7,3,5,1,0,1,0,0,1,0,2,8.02442E+20,5.73917E+21,1.33794E+16,5.17217E+16
115172,,12,0,66,196,2017,12,17,3,3,9,6,0,1,0,0,0,2,0,8.36986E+20,5.75805E+21,1.38961E+16,5.18712E+16
115173,,12,0,63,88,2017,11,4,1,3,8,1,0,1,0,0,0,2,1,7.41307E+20,5.85031E+21,1.25756E+16,5.27486E+16
115174,,12,0,64,336,2017,12,8,1,3,9,1,0,1,0,0,0,0,2,8.18446E+20,5.83145E+21,1.36967E+16,5.25398E+16
115175,,12,0,66,176,2017,12,16,3,3,6,6,1,0,1,0,0,1,0,8.34839E+20,5.71819E+21,1.38268E+16,5.15154E+16
115176,,12,0,67,137,2017,11,13,2,2,8,7,0,1,0,0,0,0,0,8.59752E+20,5.78834E+21,1.42572E+16,5.21282E+16
115177,,12,0,73,85,2017,12,14,3,3,0,7,0,1,0,0,0,0,0,8.38171E+20,5.93094E+21,1.40903E+16,5.34188E+16
115178,,12,0,67,144,2017,12,16,2,3,5,3,0,1,0,0,0,2,1,8.47408E+20,5.81147E+21,1.41013E+16,5.23432E+16
115179,,12,0,64,482,2017,12,16,3,3,4,6,0,1,0,0,0,1,1,8.61732E+20,5.83137E+21,1.43322E+16,5.25121E+16
115180,,12,0,68,320,2017,11,21,3,2,9,1,0,1,0,0,0,2,1,7.5355E+20,5.87923E+21,1.27791E+16,5.30025E+16
115181,,12,0,67,124,2017,12,13,3,3,5,3,1,1,0,0,0,0,0,8.23021E+20,5.81945E+21,1.37523E+16,5.24296E+16
115182,,12,0,65,332,2017,12,11,3,3,2,6,0,1,0,0,0,0,0,7.81845E+20,5.84771E+21,1.31724E+16,5.27058E+16
115183,,12,0,67,288,2017,11,15,4,2,5,3,0,1,0,1,0,0,0,8.47995E+20,5.8108E+21,1.41092E+16,5.23369E+16
115184,,12,0,68,117,2017,12,18,3,3,2,6,0,1,0,0,0,2,0,7.59251E+20,5.85216E+21,1.28423E+16,5.2757E+16