OBJECTID,UIDENTSTLA,ULAND,UREGBEZ,UKREIS,UGEMEINDE,UJAHR,UMONAT,USTUNDE,UWOCHENTAG,UKATEGORIE,UART,UTYP1,IstRad,IstPKW,IstFuss,IstKrad,IstSonstig,LICHT,STRZUSTAND,LINREFX,LINREFY,XGCSWGS84,YGCSWGS84
115371,,12,0,65,251,2017,12,15,3,3,2,2,0,1,0,0,0,1,1,7.80894E+20,5.84913E+21,1.31596E+16,5.2719E+16
115372,,12,0,68,468,2017,12,15,3,3,5,3,1,0,0,0,1,0,0,7.32662E+20,5.89544E+21,1.24801E+16,5.31575E+16
115373,,10,0,42,111,2017,2,7,4,3,1,5,0,1,0,0,0,1,0,3.34062E+20,5.47488E+21,6.71265E+15,4.9404E+16
115374,,12,0,72,240,2017,12,11,2,3,5,2,0,1,0,0,1,0,0,7.89198E+20,5.80402E+21,1.3243E+16,5.23102E+16
115375,,10,0,44,114,2017,2,7,4,3,8,1,0,1,0,0,0,0,2,3.26729E+20,5.47265E+21,6.61264E+15,4.93819E+16
115376,,12,0,63,80,2017,12,12,2,3,5,3,1,1,0,0,0,0,0,7.78167E+20,5.83284E+21,1.31056E+16,5.25743E+16
115377,,10,0,46,117,2017,2,16,3,2,2,6,0,1,0,0,0,0,0,3.65663E+20,5.48122E+21,7.14584E+15,4.94688E+16
115378,,10,0,45,111,2017,2,9,3,2,8,7,0,1,0,0,0,0,0,3.73004E+20,5.46718E+21,7.2516E+15,4.93441E+16
115379,,10,0,43,112,2017,2,11,3,2,4,7,0,1,0,0,0,0,0,3.58841E+20,5.47077E+21,7.05546E+15,4.93733E+16
115380,,10,0,44,112,2017,2,17,3,3,5,3,0,1,0,0,0,0,0,3.52956E+20,5.47956E+21,6.97118E+15,4.94509E+16
115381,,12,0,62,461,2017,12,16,3,3,7,7,0,1,0,0,0,2,1,7.85441E+20,5.75215E+21,1.31446E+16,5.1847E+16
115382,,12,0,69,397,2017,11,16,5,3,5,2,0,1,0,0,0,2,1,7.75803E+20,5.80375E+21,1.30468E+16,5.23146E+16
115383,,12,0,65,96,2017,12,18,3,3,0,5,0,1,0,1,0,2,1,7.91876E+20,5.84046E+21,1.3314E+16,5.26355E+16
115384,,12,0,51,0,2017,12,6,3,3,5,3,1,1,0,0,0,2,0,7.42427E+20,5.81159E+21,1.25638E+16,5.24007E+16
115385,,12,0,73,572,2017,11,20,3,3,0,7,1,1,0,0,0,2,1,8.01304E+20,5.89479E+21,1.35032E+16,5.31172E+16
115386,,12,0,64,268,2017,12,9,4,2,5,3,0,1,0,0,0,0,1,8.74951E+20,5.82299E+21,1.45167E+16,5.24281E+16
115387,,12,0,60,52,2017,11,8,3,3,6,7,0,1,1,0,0,0,1,8.23746E+20,5.8646E+21,1.38072E+16,5.28337E+16
115388,,12,0,65,225,2017,12,12,5,3,5,2,1,1,0,0,0,0,0,7.96058E+20,5.84405E+21,1.33789E+16,5.26654E+16
115389,,12,0,60,5,2017,11,18,3,3,4,2,1,1,0,0,0,2,1,8.12512E+20,5.83843E+21,1.36161E+16,5.26057E+16
115390,,12,0,70,8,2017,12,19,6,1,5,3,0,1,0,0,0,2,1,6.97326E+20,5.87147E+21,1.19377E+16,5.29565E+16
115391,,12,0,64,472,2017,12,16,4,3,9,1,0,1,0,0,0,2,1,8.28898E+20,5.83306E+21,1.38519E+16,5.2548E+16
115392,,12,0,54,0,2017,11,12,5,3,5,3,1,1,0,0,0,0,0,7.77366E+20,5.8144E+21,1.30784E+16,5.24093E+16
115393,,12,0,51,0,2017,12,21,6,3,9,1,0,0,0,1,0,2,1,7.44292E+20,5.81475E+21,1.25935E+16,5.24283E+16
115394,,12,0,60,198,2017,12,19,7,2,4,6,0,1,0,0,0,2,1,8.12353E+20,5.86632E+21,1.36402E+16,5.28558E+16
115395,,12,0,61,192,2017,12,14,1,3,8,7,0,1,0,0,0,0,0,8.15415E+20,5.79257E+21,1.36156E+16,5.21932E+16
115396,,12,0,65,144,2017,11,0,3,3,9,1,0,1,0,0,0,2,1,7.86147E+20,5.84436E+21,1.3233E+16,5.26735E+16
115397,,12,0,68,320,2017,11,3,3,3,2,6,0,1,0,0,1,2,0,7.52834E+20,5.86545E+21,1.27577E+16,5.28792E+16
115398,,12,0,64,29,2017,12,8,4,3,2,6,0,1,0,0,0,0,1,8.16872E+20,5.83274E+21,1.36748E+16,5.25523E+16
115399,,12,0,68,425,2017,12,3,5,2,2,6,0,0,0,0,1,2,0,7.39609E+20,5.88108E+21,1.25731E+16,5.30255E+16
115400,,12,0,65,193,2017,12,17,6,3,9,1,0,1,0,0,0,2,1,7.96898E+20,5.86266E+21,1.34081E+16,5.28317E+16
115401,,10,0,44,113,2017,2,14,3,3,1,6,0,1,0,0,0,0,0,3.41345E+20,5.47302E+21,6.81371E+15,4.93892E+16
115402,,12,0,61,435,2017,12,12,6,3,1,6,0,1,0,0,0,0,0,8.26118E+20,5.76869E+21,1.37489E+16,5.1973E+16
115403,,12,0,54,0,2017,12,8,2,3,5,2,1,1,0,0,0,0,1,7.74449E+20,5.81228E+21,1.30339E+16,5.23918E+16
115404,,10,0,41,512,2017,2,17,3,3,5,3,1,1,0,0,0,0,0,3.42783E+20,5.45267E+21,6.84152E+15,4.92066E+16
115405,,12,0,60,52,2017,11,8,7,3,2,2,0,1,0,0,0,0,1,8.26566E+20,5.864E+21,1.38483E+16,5.28265E+16
115406,,12,0,71,32,2017,12,11,7,3,5,3,0,1,0,0,1,0,1,8.51631E+20,5.75796E+21,1.41079E+16,5.18614E+16
115407,,12,0,69,306,2017,12,19,2,3,5,3,0,1,0,0,0,2,0,7.56379E+20,5.80795E+21,1.27657E+16,5.23617E+16
115408,,10,0,43,117,2017,2,13,1,2,5,3,0,1,0,0,0,0,0,3.65088E+20,5.46357E+21,7.1439E+15,4.931E+16
115409,,12,0,61,433,2017,11,7,1,3,8,1,0,1,0,0,0,0,2,8.10364E+20,5.80971E+21,1.35577E+16,5.23496E+16
115410,,12,0,51,0,2017,12,14,2,3,1,6,0,1,0,0,1,0,0,7.44496E+20,5.812E+21,1.25945E+16,5.24036E+16
115411,,12,0,51,0,2017,12,16,2,3,2,6,0,1,0,0,0,2,0,7.41322E+20,5.81127E+21,1.25474E+16,5.23984E+16
115412,,10,0,41,100,2017,2,2,1,2,8,1,0,1,0,0,0,2,1,3.49601E+20,5.4614E+21,6.93179E+15,4.92868E+16
115413,,10,0,45,114,2017,2,14,7,3,8,1,0,1,0,0,0,0,1,3.79618E+20,5.46729E+21,7.34259E+15,4.93464E+16
115414,,12,0,65,144,2017,11,19,2,3,5,2,1,1,0,0,0,2,1,7.88048E+20,5.84843E+21,1.32646E+16,5.27089E+16
115415,,12,0,61,219,2017,12,14,2,3,5,3,0,1,0,0,1,0,0,8.22363E+20,5.75111E+21,1.3678E+16,5.18176E+16
115416,,12,0,71,372,2017,12,13,2,2,8,1,0,1,0,0,0,0,1,8.71903E+20,5.72695E+21,1.43679E+16,5.15706E+16
115417,,10,0,42,116,2017,2,10,7,3,5,3,0,1,0,0,0,0,1,3.48089E+20,5.48827E+21,6.90073E+15,4.9528E+16
115418,,10,0,44,118,2017,2,7,7,2,8,1,0,1,0,0,0,0,2,3.41525E+20,5.46631E+21,6.81886E+15,4.93289E+16
115419,,12,0,69,616,2017,11,11,2,3,6,4,0,1,1,0,0,0,0,7.88688E+20,5.81364E+21,1.32438E+16,5.23967E+16
115420,,12,0,73,8,2017,12,7,2,3,6,4,0,1,1,0,0,2,0,8.37519E+20,5.88645E+21,1.40335E+16,5.30208E+16
115421,,10,0,46,118,2017,2,23,6,3,8,1,0,1,0,0,0,2,2,3.50238E+20,5.48351E+21,6.93222E+15,4.94857E+16
115422,,12,0,60,198,2017,12,9,2,3,2,2,0,1,0,0,0,0,0,8.14455E+20,5.86597E+21,1.3671E+16,5.28514E+16
115423,,10,0,43,113,2017,2,14,6,3,2,2,0,1,0,0,0,0,0,3.61054E+20,5.47002E+21,7.08618E+15,4.9367E+16
115424,,12,0,60,280,2017,12,12,2,3,2,6,0,1,0,0,0,0,0,8.20558E+20,5.84169E+21,1.37376E+16,5.26303E+16
115425,,10,0,43,117,2017,2,11,6,3,5,3,0,1,0,1,0,0,1,3.65286E+20,5.4645E+21,7.14631E+15,4.93184E+16
115426,,12,0,65,144,2017,12,8,2,3,2,6,0,1,0,0,0,0,2,7.87307E+20,5.84233E+21,1.32483E+16,5.26546E+16
115427,,12,0,65,332,2017,12,16,2,3,2,2,0,1,0,0,1,1,1,7.82578E+20,5.84613E+21,1.31819E+16,5.26912E+16
115428,,10,0,44,112,2017,2,22,6,3,0,2,0,1,0,0,0,2,1,3.46992E+20,5.4746E+21,6.89087E+15,4.94048E+16
115429,,12,0,65,251,2017,12,6,2,3,4,6,0,1,0,0,1,2,2,7.80519E+20,5.84247E+21,1.31484E+16,5.26595E+16
115430,,10,0,44,116,2017,2,6,6,3,5,7,0,1,0,0,1,2,0,3.41195E+20,5.46892E+21,6.81329E+15,4.93523E+16
115431,,12,0,65,256,2017,12,11,2,3,2,2,0,1,0,0,1,0,1,7.91493E+20,5.85516E+21,1.33214E+16,5.27675E+16
115432,,12,0,70,266,2017,12,9,2,3,5,3,0,1,0,0,0,0,0,7.11749E+20,5.91209E+21,1.21789E+16,5.33156E+16
115433,,10,0,41,100,2017,2,10,6,2,7,1,0,1,0,0,0,0,0,3.57498E+20,5.46075E+21,7.04055E+15,4.92829E+16
115434,,12,0,69,696,2017,12,2,1,3,2,6,0,1,0,0,1,2,1,7.29782E+20,5.79624E+21,1.23678E+16,5.22684E+16
115435,,12,0,51,0,2017,12,16,1,2,8,7,0,1,0,0,0,1,0,7.3948E+20,5.80481E+21,1.25157E+16,5.23412E+16
115436,,10,0,41,100,2017,2,10,6,3,2,2,0,1,0,0,0,0,1,3.53154E+20,5.45568E+21,6.98271E+15,4.92363E+16
115437,,10,0,44,118,2017,2,20,5,3,9,7,0,1,0,0,0,2,0,3.40924E+20,5.46647E+21,6.81053E+15,4.93302E+16
115438,,12,0,63,80,2017,12,3,1,3,9,6,0,1,0,0,0,2,1,7.80422E+20,5.8311E+21,1.31373E+16,5.25575E+16
115439,,12,0,62,237,2017,12,18,1,3,5,3,0,1,0,0,0,2,1,8.08523E+20,5.74421E+21,1.34717E+16,5.17636E+16
115440,,10,0,41,512,2017,2,19,5,3,9,1,0,1,0,0,0,2,1,3.39932E+20,5.45081E+21,6.80315E+15,4.91892E+16
115441,,12,0,73,572,2017,12,20,1,2,6,4,0,1,1,0,0,2,1,8.01457E+20,5.89486E+21,1.35055E+16,5.31178E+16
115442,,10,0,41,512,2017,2,14,5,3,6,4,0,1,1,0,0,0,0,3.42581E+20,5.45268E+21,6.83875E+15,4.92067E+16
115443,,12,0,64,539,2017,12,11,1,3,4,6,0,1,0,0,0,0,0,8.63997E+20,5.8191E+21,1.43521E+16,5.24008E+16
115444,,10,0,41,519,2017,2,13,5,3,1,2,0,1,0,0,0,0,0,3.41604E+20,5.45528E+21,6.82432E+15,4.92298E+16
115445,,10,0,42,111,2017,2,21,4,3,0,7,0,1,0,0,0,2,0,3.36728E+20,5.47726E+21,6.7484E+15,4.94261E+16
115446,,10,0,45,116,2017,2,7,3,3,9,1,0,0,0,0,1,1,0,3.63853E+20,5.44871E+21,7.13197E+15,4.91761E+16
115447,,10,0,46,115,2017,2,14,3,3,2,6,0,0,0,0,1,0,1,3.53411E+20,5.49264E+21,6.9726E+15,4.95685E+16
115448,,12,0,64,428,2017,12,15,1,3,9,1,0,1,0,0,0,0,1,8.24674E+20,5.8269E+21,1.37838E+16,5.24953E+16
115449,,10,0,43,111,2017,2,17,3,3,5,3,1,1,0,0,0,0,1,3.53807E+20,5.47074E+21,6.98616E+15,4.93718E+16
115450,,12,0,53,0,2017,12,13,1,3,4,6,0,1,0,0,0,0,0,8.74864E+20,5.81072E+21,1.45017E+16,5.23184E+16
115451,,12,0,65,144,2017,12,16,1,2,2,6,0,1,0,0,0,2,1,7.93492E+20,5.84593E+21,1.33427E+16,5.26836E+16
115452,,12,0,65,251,2017,12,18,1,3,2,6,0,1,0,0,0,2,1,7.81062E+20,5.84765E+21,1.31608E+16,5.27056E+16
115453,,12,0,72,17,2017,12,18,7,3,2,6,0,1,0,0,0,2,1,8.02277E+20,5.80914E+21,1.34389E+16,5.23491E+16
115454,,10,0,41,100,2017,2,20,3,3,2,6,0,1,0,0,0,2,1,3.54812E+20,5.45438E+21,7.00594E+15,4.9225E+16
115455,,12,0,71,76,2017,12,18,7,3,5,3,0,1,0,0,0,2,1,8.89284E+20,5.74689E+21,1.46397E+16,5.17374E+16
115456,,12,0,71,76,2017,12,20,7,3,6,3,0,1,1,0,0,2,1,8.89596E+20,5.7477E+21,1.46451E+16,5.17444E+16
115457,,10,0,41,100,2017,2,17,3,3,2,6,0,1,0,0,0,0,0,3.52978E+20,5.45566E+21,6.9803E+15,4.92361E+16
115458,,12,0,67,469,2017,12,15,7,3,8,1,0,1,0,0,0,0,1,8.238E+20,5.80961E+21,1.37542E+16,5.23409E+16
115459,,10,0,45,117,2017,2,22,2,3,3,6,0,1,0,0,0,2,0,3.70983E+20,5.46197E+21,7.22547E+15,4.92969E+16
115460,,12,0,73,572,2017,12,0,7,3,0,1,1,0,0,0,0,2,0,8.00876E+20,5.89519E+21,1.34972E+16,5.31211E+16
115461,,10,0,42,116,2017,2,16,2,2,4,6,0,1,0,0,0,0,0,3.45381E+20,5.48445E+21,6.86483E+15,4.9493E+16
115462,,10,0,42,114,2017,2,18,2,3,1,2,0,1,0,0,0,2,0,3.19161E+20,5.4866E+21,6.5021E+15,4.9505E+16
115463,,10,0,43,114,2017,2,12,2,3,9,1,0,1,0,0,0,0,0,3.68675E+20,5.47053E+21,7.19092E+15,4.93733E+16
115464,,10,0,43,115,2017,2,10,2,3,2,6,0,1,0,0,0,0,0,3.66954E+20,5.47363E+21,7.16619E+15,4.94008E+16
115465,,12,0,73,532,2017,12,15,3,3,3,6,0,1,0,0,1,0,1,8.50458E+20,5.89426E+21,1.42341E+16,5.30825E+16
115466,,12,0,65,251,2017,12,7,4,3,1,7,0,1,0,0,1,2,2,7.71688E+20,5.84338E+21,1.30189E+16,5.26722E+16
115467,,12,0,61,316,2017,11,14,5,3,5,3,1,1,0,0,0,0,0,8.36323E+20,5.76562E+21,1.38939E+16,5.19394E+16
115468,,12,0,64,317,2017,12,5,6,2,7,7,0,1,0,0,1,2,0,8.56164E+20,5.83063E+21,1.42497E+16,5.25091E+16
115469,,12,0,65,356,2017,12,23,7,3,9,6,0,1,0,0,1,2,1,7.85245E+20,5.88611E+21,1.32562E+16,5.30483E+16
115470,,12,0,68,477,2017,11,10,3,2,6,7,0,0,1,0,1,0,1,7.33034E+20,5.86471E+21,1.24635E+16,5.28815E+16
115471,,12,0,62,140,2017,12,7,3,3,6,4,0,1,1,0,0,1,1,8.26043E+20,5.731E+21,1.37124E+16,5.16353E+16
115472,,12,0,65,36,2017,12,6,4,3,2,2,0,1,0,0,0,2,0,7.88949E+20,5.84675E+21,1.32764E+16,5.26934E+16
115473,,12,0,72,312,2017,12,18,4,2,7,7,0,1,0,0,0,2,0,7.93561E+20,5.77935E+21,1.32854E+16,5.20867E+16
115474,,12,0,68,264,2017,11,12,3,2,2,6,0,1,0,0,0,0,1,7.27544E+20,5.8726E+21,1.23876E+16,5.29547E+16
115475,,12,0,61,260,2017,12,16,5,3,2,6,0,1,0,0,1,0,0,8.18961E+20,5.80658E+21,1.36806E+16,5.23166E+16
115476,,12,0,73,452,2017,12,7,6,3,6,4,0,1,1,0,0,2,1,8.23908E+20,5.91881E+21,1.38641E+16,5.33192E+16
115477,,12,0,73,532,2017,12,18,7,2,6,4,0,1,1,0,0,2,1,8.54317E+20,5.89155E+21,1.42885E+16,5.30556E+16
115478,,10,0,45,112,2017,2,5,1,2,4,1,0,1,0,0,0,2,2,3.75084E+20,5.45733E+21,7.28331E+15,4.9256E+16
115479,,12,0,63,244,2017,11,19,6,3,5,2,0,1,0,0,0,2,1,7.26756E+20,5.82514E+21,1.23431E+16,5.25291E+16
115480,,12,0,64,317,2017,12,11,7,3,2,2,0,1,0,0,0,0,1,8.48276E+20,5.82983E+21,1.41331E+16,5.25071E+16
115481,,10,0,44,118,2017,2,17,1,2,9,1,0,1,0,0,0,2,1,3.40122E+20,5.46249E+21,6.80109E+15,4.92942E+16
115482,,12,0,53,0,2017,11,15,1,2,6,4,0,1,1,0,0,0,0,8.77197E+20,5.81295E+21,1.45383E+16,5.23368E+16
115483,,12,0,67,201,2017,12,21,7,3,8,1,0,0,0,0,1,2,1,8.31602E+20,5.82266E+21,1.38812E+16,5.24533E+16
115484,,12,0,68,181,2017,12,14,7,2,8,1,0,1,0,0,0,0,0,7.20784E+20,5.89266E+21,1.23009E+16,5.31375E+16
115485,,10,0,46,118,2017,2,18,7,3,1,7,0,1,0,0,0,2,1,3.54877E+20,5.48088E+21,6.99719E+15,4.94632E+16
115486,,10,0,45,114,2017,2,10,7,3,8,7,0,1,0,0,0,0,1,3.76999E+20,5.47168E+21,7.30518E+15,4.93854E+16
115487,,12,0,72,426,2017,11,9,1,3,8,1,0,1,0,0,0,0,2,7.89904E+20,5.78777E+21,1.32394E+16,5.21641E+16
115488,,12,0,69,454,2017,12,7,6,3,3,6,0,1,0,0,0,0,1,7.80674E+20,5.80602E+21,1.31199E+16,5.23326E+16
115489,,10,0,41,100,2017,2,18,7,3,0,3,1,1,0,0,0,2,1,3.50482E+20,5.45628E+21,6.94581E+15,4.9241E+16
115490,,12,0,63,274,2017,12,3,6,3,8,7,0,1,0,0,0,2,2,7.26872E+20,5.84205E+21,1.23564E+16,5.26808E+16
115491,,10,0,41,100,2017,2,23,7,3,4,2,0,1,0,0,0,2,1,3.51651E+20,5.45272E+21,6.96317E+15,4.92093E+16
115492,,12,0,63,252,2017,12,0,6,3,8,1,0,1,0,0,0,2,2,7.2533E+20,5.83709E+21,1.23302E+16,5.26369E+16
115493,,10,0,41,100,2017,2,21,7,2,5,2,0,1,0,0,0,2,1,3.53154E+20,5.45542E+21,6.9828E+15,4.9234E+16
115494,,12,0,60,52,2017,12,9,3,3,2,6,0,1,0,0,0,0,1,8.2476E+20,5.86456E+21,1.38221E+16,5.28327E+16
115495,,12,0,61,332,2017,12,16,6,3,2,6,0,1,0,0,1,1,1,8.06941E+20,5.80603E+21,1.35043E+16,5.23186E+16
115496,,12,0,62,24,2017,11,13,5,3,6,2,0,1,1,0,0,0,0,8.05013E+20,5.71638E+21,1.33967E+16,5.1516E+16
115497,,12,0,61,320,2017,12,6,6,3,8,1,0,1,0,0,0,2,1,8.33758E+20,5.75951E+21,1.38508E+16,5.18862E+16
115498,,10,0,41,100,2017,2,0,7,2,2,6,0,1,0,0,0,2,1,3.54991E+20,5.45429E+21,7.00843E+15,4.92242E+16
115499,,12,0,61,260,2017,12,5,6,3,8,1,0,1,0,0,0,2,1,8.21699E+20,5.81433E+21,1.3728E+16,5.23845E+16
115500,,10,0,45,114,2017,2,7,6,3,2,6,0,1,0,0,0,1,1,3.78004E+20,5.46419E+21,7.32132E+15,4.93182E+16
115501,,12,0,61,260,2017,12,22,6,3,8,1,0,1,0,0,0,2,1,8.17178E+20,5.80324E+21,1.36513E+16,5.22877E+16
115502,,12,0,61,260,2017,12,15,6,3,5,3,1,1,0,0,0,0,1,8.1582E+20,5.80415E+21,1.36324E+16,5.22967E+16
115503,,10,0,44,115,2017,2,20,6,3,2,6,0,1,0,0,0,2,1,3.35939E+20,5.46464E+21,6.74272E+15,4.93125E+16
115504,,10,0,44,115,2017,2,10,6,3,8,2,0,1,0,0,0,0,1,3.33648E+20,5.46312E+21,6.71187E+15,4.92981E+16
115505,,12,0,61,260,2017,12,17,6,3,2,6,0,1,0,0,0,2,1,8.13792E+20,5.80389E+21,1.36025E+16,5.22955E+16
115506,,10,0,41,100,2017,2,7,6,3,6,4,0,1,1,0,0,2,1,3.51928E+20,5.4562E+21,6.96568E+15,4.92407E+16
115507,,10,0,46,112,2017,2,13,5,3,5,3,0,1,0,0,0,0,0,3.5969E+20,5.48186E+21,7.06322E+15,4.94732E+16
115508,,12,0,62,232,2017,12,15,6,3,8,1,0,1,0,0,0,0,1,8.22154E+20,5.70277E+21,1.36306E+16,5.13845E+16
115509,,12,0,71,164,2017,12,13,6,3,5,3,0,1,0,0,0,0,1,8.6007E+20,5.75265E+21,1.42244E+16,5.18084E+16
115510,,10,0,46,115,2017,2,15,5,1,4,7,0,1,0,0,0,0,0,3.54713E+20,5.48899E+21,6.99194E+15,4.95361E+16
115511,,10,0,44,114,2017,2,11,5,3,2,6,0,1,0,0,0,0,0,3.32904E+20,5.4696E+21,6.69893E+15,4.93562E+16
115512,,12,0,60,24,2017,12,14,6,3,0,7,0,0,0,1,0,0,1,8.09958E+20,5.85941E+21,1.35982E+16,5.27953E+16
115513,,10,0,44,115,2017,2,15,5,3,1,7,0,1,0,0,1,0,0,3.35647E+20,5.46377E+21,6.73907E+15,4.93045E+16
115514,,12,0,73,8,2017,12,7,6,2,5,3,1,1,0,0,0,2,1,8.34966E+20,5.88521E+21,1.39943E+16,5.30114E+16
115515,,10,0,41,100,2017,2,17,5,3,2,6,0,1,0,0,0,0,0,3.50751E+20,5.4563E+21,6.9495E+15,4.92412E+16
115516,,10,0,45,117,2017,2,13,4,3,1,2,0,1,0,0,1,0,1,3.67176E+20,5.45722E+21,7.17473E+15,4.92533E+16
115517,,10,0,44,116,2017,2,16,4,3,6,4,0,1,1,0,0,0,0,3.40663E+20,5.4691E+21,6.80589E+15,4.93538E+16
115518,,10,0,41,100,2017,2,21,4,3,5,3,0,1,0,0,1,2,0,3.5372E+20,5.45534E+21,6.9906E+15,4.92334E+16
115519,,12,0,67,36,2017,12,15,6,2,8,1,0,1,0,0,0,0,1,8.60793E+20,5.79224E+21,1.42765E+16,5.21624E+16
115520,,10,0,41,100,2017,2,20,4,3,2,6,0,1,0,0,0,2,0,3.54784E+20,5.45657E+21,7.00477E+15,4.92446E+16
115521,,12,0,65,332,2017,12,17,6,2,8,1,0,1,0,0,0,2,1,7.83751E+20,5.84684E+21,1.31998E+16,5.26969E+16
115522,,10,0,46,111,2017,1,15,3,2,5,3,0,1,0,0,0,0,0,3.72706E+20,5.49023E+21,7.2401E+15,4.95513E+16
115523,,12,0,68,117,2017,12,16,6,3,2,6,0,1,0,0,0,1,1,7.55648E+20,5.85866E+21,1.27941E+16,5.2817E+16
115524,,10,0,45,112,2017,1,17,3,3,5,3,0,1,0,0,0,2,0,3.69465E+20,5.45617E+21,7.2065E+15,4.92444E+16
115525,,12,0,65,144,2017,12,18,6,3,1,5,0,1,0,0,0,2,1,7.91487E+20,5.84503E+21,1.33123E+16,5.26766E+16
115526,,10,0,42,116,2017,1,16,3,3,2,6,0,1,0,0,1,0,0,3.45085E+20,5.48597E+21,6.86016E+15,4.95065E+16
115527,,12,0,63,36,2017,12,16,5,3,2,6,0,1,0,0,0,2,1,7.74206E+20,5.83495E+21,1.3049E+16,5.25953E+16
115528,,12,0,69,17,2017,12,17,5,3,2,6,0,1,0,0,0,2,1,7.71994E+20,5.79623E+21,1.2985E+16,5.22491E+16
115529,,10,0,45,114,2017,1,14,3,3,5,3,0,1,0,0,1,0,1,3.78954E+20,5.46429E+21,7.33436E+15,4.93194E+16
115530,,12,0,71,76,2017,12,10,5,2,9,1,0,1,0,0,0,0,1,8.85787E+20,5.74379E+21,1.45859E+16,5.17121E+16
115531,,12,0,66,320,2017,12,6,5,3,4,2,0,1,0,0,0,2,1,8.49675E+20,5.74815E+21,1.40697E+16,5.17747E+16
115532,,10,0,44,114,2017,1,7,3,3,2,6,0,1,0,0,0,1,1,3.32104E+20,5.47109E+21,6.68729E+15,4.93694E+16
115533,,12,0,61,540,2017,12,7,5,3,5,3,1,1,0,0,0,2,1,8.15751E+20,5.80642E+21,1.36335E+16,5.23171E+16
115534,,12,0,61,260,2017,12,17,5,3,5,2,1,1,0,0,0,2,1,8.15966E+20,5.80171E+21,1.36322E+16,5.22748E+16
115535,,10,0,44,115,2017,1,15,3,3,5,3,0,1,0,0,0,0,0,3.3761E+20,5.46602E+21,6.76514E+15,4.93253E+16
115536,,12,0,62,24,2017,12,9,5,1,3,6,1,0,0,0,1,0,1,8.0539E+20,5.71628E+21,1.3402E+16,5.15149E+16
115537,,10,0,41,519,2017,1,9,3,3,6,4,0,1,1,0,0,0,1,3.42224E+20,5.45723E+21,6.83206E+15,4.92475E+16
115538,,12,0,71,76,2017,12,18,5,3,5,2,0,1,0,0,0,2,1,8.89453E+20,5.74731E+21,1.46426E+16,5.17409E+16
115539,,10,0,41,100,2017,1,16,3,3,2,6,0,1,0,0,0,0,0,3.49412E+20,5.45663E+21,6.93098E+15,4.92439E+16
115540,,12,0,64,428,2017,12,5,5,2,8,1,0,1,0,0,0,0,2,8.25846E+20,5.82281E+21,1.3797E+16,5.24581E+16
115541,,10,0,46,115,2017,1,19,2,3,8,1,0,1,0,0,0,2,1,3.5269E+20,5.49901E+21,6.96025E+15,4.96257E+16
115542,,10,0,46,112,2017,1,7,2,3,4,2,0,1,0,1,0,0,1,3.59211E+20,5.4796E+21,7.05741E+15,4.94528E+16
115543,,10,0,44,120,2017,1,17,2,3,5,3,0,1,0,0,0,1,1,3.39746E+20,5.45884E+21,6.79738E+15,4.92613E+16
115544,,10,0,41,100,2017,1,9,2,2,5,3,1,1,0,0,0,0,1,3.57374E+20,5.46025E+21,7.03902E+15,4.92784E+16
115545,,12,0,54,0,2017,11,5,5,3,5,3,1,0,0,0,1,2,1,7.80143E+20,5.80866E+21,1.31144E+16,5.23565E+16
115546,,12,0,54,0,2017,12,6,2,2,6,4,0,1,1,0,0,0,1,7.7854E+20,5.80991E+21,1.30919E+16,5.23685E+16
115547,,12,0,64,472,2017,12,12,3,3,6,2,0,1,1,0,0,0,1,8.32505E+20,5.83819E+21,1.391E+16,5.25918E+16
115548,,12,0,69,17,2017,12,21,3,3,5,3,0,1,0,0,0,2,1,7.68577E+20,5.78528E+21,1.29263E+16,5.21525E+16
115549,,12,0,68,306,2017,11,5,3,3,2,6,0,1,0,0,0,2,1,7.48965E+20,5.8726E+21,1.27058E+16,5.29452E+16
115550,,12,0,71,193,2017,12,17,4,3,4,6,0,1,0,0,0,2,1,8.78648E+20,5.76708E+21,1.45085E+16,5.19253E+16
115551,,12,0,67,237,2017,12,11,5,3,2,6,0,0,0,0,1,0,1,8.67513E+20,5.81039E+21,1.4394E+16,5.23204E+16
115552,,12,0,68,320,2017,11,8,3,3,5,3,0,1,0,0,0,0,1,7.60782E+20,5.86359E+21,1.2874E+16,5.28588E+16
115553,,12,0,67,173,2017,12,16,5,3,4,6,1,0,0,0,0,2,0,8.22738E+20,5.81526E+21,1.37441E+16,5.23923E+16
115554,,12,0,69,680,2017,11,10,2,3,9,7,0,1,0,0,0,0,0,7.37846E+20,5.80211E+21,1.24899E+16,5.23177E+16
115555,,12,0,73,505,2017,12,13,5,2,9,1,0,1,0,0,0,0,1,8.4655E+20,5.88818E+21,1.41695E+16,5.30306E+16
115556,,10,0,41,512,2017,1,7,2,2,0,1,0,0,0,1,0,1,1,3.42803E+20,5.45257E+21,6.84184E+15,4.92057E+16
115557,,12,0,73,8,2017,12,22,5,3,9,1,0,1,0,0,0,2,1,8.36881E+20,5.88383E+21,1.40213E+16,5.29978E+16