OBJECTID,UIDENTSTLA,ULAND,UREGBEZ,UKREIS,UGEMEINDE,UJAHR,UMONAT,USTUNDE,UWOCHENTAG,UKATEGORIE,UART,UTYP1,IstRad,IstPKW,IstFuss,IstKrad,IstSonstig,LICHT,STRZUSTAND,LINREFX,LINREFY,XGCSWGS84,YGCSWGS84
115558,,10,0,45,117,2017,1,21,1,3,8,6,0,1,0,0,0,2,1,3.71641E+20,5.46221E+21,7.23445E+15,4.92991E+16
115559,,12,0,60,24,2017,11,1,7,2,8,7,0,1,0,0,0,2,0,8.11547E+20,5.86084E+21,1.36231E+16,5.28072E+16
115560,,10,0,42,111,2017,1,14,1,3,5,3,0,1,0,0,0,0,0,3.32332E+20,5.47284E+21,6.68969E+15,4.93852E+16
115561,,12,0,73,429,2017,12,11,5,3,4,6,0,1,0,0,0,0,1,8.12884E+20,5.91973E+21,1.37001E+16,5.3334E+16
115562,,10,0,44,114,2017,1,4,1,3,9,1,0,1,0,0,0,2,1,3.32592E+20,5.47042E+21,6.69429E+15,4.93635E+16
115563,,12,0,64,482,2017,12,10,5,1,4,6,0,1,0,0,1,0,1,8.59092E+20,5.83093E+21,1.4293E+16,5.25099E+16
115564,,10,0,46,114,2017,1,19,7,3,2,6,0,1,0,0,0,2,0,3.67846E+20,5.4909E+21,7.17272E+15,4.95563E+16
115565,,12,0,64,317,2017,12,9,2,3,8,1,0,1,0,0,0,0,2,8.54022E+20,5.83394E+21,1.42218E+16,5.25401E+16
115566,,12,0,69,306,2017,12,15,2,3,9,1,0,1,0,0,1,0,1,7.56681E+20,5.80565E+21,1.27683E+16,5.2341E+16
115567,,12,0,67,469,2017,12,11,5,3,8,1,0,1,0,0,0,0,1,8.34063E+20,5.80803E+21,1.39027E+16,5.23206E+16
115568,,12,0,62,461,2017,11,6,4,2,5,3,0,1,0,0,1,2,0,7.85519E+20,5.75212E+21,1.31457E+16,5.18467E+16
115569,,12,0,67,440,2017,12,17,5,3,5,3,1,1,0,0,0,2,1,8.19113E+20,5.8247E+21,1.37E+16,5.24789E+16
115570,,10,0,45,111,2017,1,11,7,3,5,3,1,1,0,0,0,0,0,3.7356E+20,5.46762E+21,7.25911E+15,4.93482E+16
115571,,12,0,68,468,2017,11,16,5,3,5,3,1,1,0,0,0,1,1,7.33757E+20,5.89716E+21,1.24977E+16,5.31724E+16
115572,,12,0,68,117,2017,12,16,5,2,2,6,0,1,0,0,1,1,1,7.54802E+20,5.86159E+21,1.27839E+16,5.28436E+16
115573,,10,0,42,113,2017,1,23,7,3,9,1,0,1,0,0,0,2,2,3.31176E+20,5.48457E+21,6.66878E+15,4.94903E+16
115574,,12,0,68,181,2017,12,3,5,3,8,7,0,0,0,0,1,2,2,7.24019E+20,5.89645E+21,1.23518E+16,5.31702E+16
115575,,12,0,70,280,2017,12,7,5,3,6,4,0,0,1,0,1,2,1,7.15908E+20,5.91221E+21,1.22413E+16,5.3315E+16
115576,,10,0,44,115,2017,1,2,7,2,3,6,1,1,0,0,0,2,1,3.36879E+20,5.46423E+21,6.75581E+15,4.9309E+16
115577,,12,0,62,140,2017,12,16,4,2,6,3,0,1,1,0,0,2,1,8.25896E+20,5.73E+21,1.37093E+16,5.16264E+16
115578,,12,0,70,149,2017,12,10,5,2,8,1,0,0,0,0,1,0,1,7.18657E+20,5.88174E+21,1.22617E+16,5.30404E+16
115579,,12,0,67,357,2017,12,19,5,3,4,6,0,1,0,0,1,2,1,8.84407E+20,5.78702E+21,1.46142E+16,5.20998E+16
115580,,12,0,69,397,2017,11,0,2,2,2,6,0,0,0,0,1,2,1,7.77903E+20,5.80228E+21,1.30763E+16,5.23004E+16
115581,,12,0,64,9,2017,12,17,6,3,1,5,0,0,0,1,0,2,1,8.74571E+20,5.83448E+21,1.4524E+16,5.25312E+16
115582,,12,0,68,477,2017,12,14,5,2,9,1,0,1,0,0,0,0,0,7.35488E+20,5.86203E+21,1.2498E+16,5.28564E+16
115583,,10,0,44,114,2017,1,0,7,3,8,1,0,1,0,0,0,2,0,3.28818E+20,5.46977E+21,6.64264E+15,4.93566E+16
115584,,12,0,69,454,2017,12,9,6,3,6,4,0,0,1,0,1,0,1,7.79157E+20,5.80871E+21,1.31E+16,5.23575E+16
115585,,12,0,69,604,2017,12,16,4,3,2,6,0,1,0,0,0,2,1,7.82437E+20,5.81089E+21,1.31498E+16,5.23753E+16
115586,,10,0,46,115,2017,1,21,6,3,2,6,0,1,0,0,0,2,0,3.53333E+20,5.49685E+21,6.96996E+15,4.96064E+16
115587,,12,0,71,160,2017,11,9,7,3,5,3,1,1,0,0,0,0,1,8.91701E+20,5.77162E+21,1.47025E+16,5.19569E+16
115588,,12,0,62,469,2017,12,9,7,3,8,1,0,1,0,0,0,0,2,8.17536E+20,5.73791E+21,1.35961E+16,5.17021E+16
115589,,12,0,63,244,2017,12,18,4,2,4,6,0,1,0,0,0,2,1,7.25624E+20,5.8267E+21,1.23275E+16,5.25436E+16
115590,,10,0,46,115,2017,1,20,6,3,9,1,0,1,0,0,0,2,1,3.54051E+20,5.49358E+21,6.9811E+15,4.95772E+16
115591,,10,0,43,114,2017,1,7,6,3,4,6,0,1,0,0,0,0,0,3.65205E+20,5.46734E+21,7.14423E+15,4.93439E+16
115592,,12,0,63,148,2017,11,8,1,2,4,6,0,1,0,0,0,0,2,7.57971E+20,5.82283E+21,1.28005E+16,5.24945E+16
115593,,12,0,63,208,2017,12,12,4,2,2,6,0,1,0,0,1,0,1,7.60721E+20,5.83489E+21,1.28504E+16,5.26014E+16
115594,,12,0,54,0,2017,12,13,4,3,5,2,0,1,0,0,1,0,0,7.7642E+20,5.81246E+21,1.3063E+16,5.23924E+16
115595,,10,0,44,120,2017,1,11,6,3,8,1,0,1,0,0,0,0,0,3.39965E+20,5.45948E+21,6.80014E+15,4.92671E+16
115596,,10,0,44,118,2017,1,10,6,3,0,7,0,0,0,0,1,0,0,3.40706E+20,5.4633E+21,6.8088E+15,4.93016E+16
115597,,12,0,67,124,2017,11,9,2,3,2,2,0,1,0,0,0,0,1,8.24997E+20,5.8189E+21,1.37807E+16,5.24235E+16
115598,,12,0,69,56,2017,12,9,4,2,4,1,0,1,0,0,1,0,2,7.61473E+20,5.79912E+21,1.28334E+16,5.22801E+16
115599,,10,0,41,518,2017,1,21,6,3,5,2,0,1,0,1,0,2,0,3.58566E+20,5.46313E+21,7.05438E+15,4.93046E+16
115600,,10,0,41,100,2017,1,8,6,3,1,5,0,1,0,0,0,0,0,3.58282E+20,5.45994E+21,7.0516E+15,4.92758E+16
115601,,12,0,61,433,2017,12,8,4,3,3,1,0,1,0,0,0,0,1,8.09615E+20,5.81148E+21,1.35484E+16,5.23659E+16
115602,,10,0,41,519,2017,1,10,6,3,2,6,0,1,0,0,0,0,0,3.42525E+20,5.45723E+21,6.83619E+15,4.92476E+16
115603,,12,0,61,433,2017,12,8,4,3,1,6,0,1,0,0,0,0,2,8.06241E+20,5.81342E+21,1.35008E+16,5.23852E+16
115604,,10,0,41,100,2017,1,6,6,3,4,2,0,1,0,0,0,2,0,3.48205E+20,5.45695E+21,6.91428E+15,4.92465E+16
115605,,12,0,61,572,2017,12,5,4,2,0,1,1,0,0,0,0,2,2,8.11548E+20,5.80815E+21,1.35736E+16,5.2335E+16
115606,,10,0,45,117,2017,1,7,5,3,0,1,0,1,0,0,0,1,2,3.67534E+20,5.46016E+21,7.17866E+15,4.92798E+16
115607,,12,0,71,372,2017,12,13,4,3,5,3,1,1,0,0,0,0,0,8.71498E+20,5.72769E+21,1.43629E+16,5.15775E+16
115608,,10,0,45,112,2017,1,1,5,2,9,1,0,1,0,0,0,2,0,3.73703E+20,5.45294E+21,7.26572E+15,4.92163E+16
115609,,12,0,71,76,2017,12,9,4,3,6,4,0,1,1,0,0,0,0,8.89529E+20,5.74748E+21,1.46439E+16,5.17425E+16
115610,,10,0,43,116,2017,1,5,5,2,9,6,0,1,0,0,1,2,2,3.64258E+20,5.46943E+21,7.13049E+15,4.93625E+16
115611,,12,0,52,0,2017,12,9,4,2,0,2,1,1,0,0,0,0,0,8.67496E+20,5.74518E+21,1.43238E+16,5.17368E+16
115612,,12,0,52,0,2017,12,7,4,3,5,2,1,1,0,0,0,0,0,8.67542E+20,5.74807E+21,1.43275E+16,5.17625E+16
115613,,10,0,44,117,2017,1,15,5,2,8,7,0,0,0,0,1,0,0,3.44014E+20,5.47531E+21,6.84956E+15,4.94105E+16
115614,,12,0,60,5,2017,12,17,4,2,3,6,0,1,0,0,0,2,0,8.11718E+20,5.83805E+21,1.3604E+16,5.26029E+16
115615,,12,0,60,20,2017,12,6,4,2,4,6,0,1,0,0,0,2,0,8.11178E+20,5.84835E+21,1.36058E+16,5.26954E+16
115616,,10,0,41,513,2017,1,10,5,3,1,6,0,1,0,0,0,0,0,3.49915E+20,5.46911E+21,6.93321E+15,4.93562E+16
115617,,10,0,45,112,2017,1,7,4,3,2,2,0,1,0,0,0,1,1,3.73024E+20,5.45511E+21,7.25571E+15,4.92356E+16
115618,,12,0,64,340,2017,12,17,4,2,6,4,0,0,1,0,1,2,0,8.54658E+20,5.84025E+21,1.42379E+16,5.25963E+16
115619,,10,0,45,112,2017,1,6,4,3,7,7,0,1,0,0,0,2,0,3.75602E+20,5.4575E+21,7.29037E+15,4.92576E+16
115620,,12,0,64,274,2017,12,5,4,3,7,7,0,1,0,0,0,2,0,8.62278E+20,5.84452E+21,1.43546E+16,5.26294E+16
115621,,10,0,43,113,2017,1,8,4,3,8,1,0,1,0,0,0,0,2,3.60165E+20,5.46865E+21,7.07442E+15,4.93546E+16
115622,,12,0,64,29,2017,12,9,4,3,8,1,1,0,0,0,0,0,2,8.23993E+20,5.83298E+21,1.37797E+16,5.25503E+16
115623,,10,0,43,114,2017,1,19,4,3,6,2,0,1,1,0,0,2,0,3.68324E+20,5.47052E+21,7.1861E+15,4.93732E+16
115624,,10,0,44,118,2017,1,8,4,3,0,1,0,0,0,1,0,0,2,3.40926E+20,5.46334E+21,6.81181E+15,4.93021E+16
115625,,10,0,45,111,2017,1,14,3,3,5,2,0,1,0,1,0,0,0,3.73464E+20,5.46759E+21,7.25781E+15,4.93479E+16
115626,,12,0,63,36,2017,12,14,1,3,5,3,0,1,0,0,0,0,1,7.67322E+20,5.83452E+21,1.29473E+16,5.25948E+16
115627,,12,0,60,52,2017,12,17,2,3,5,3,1,1,0,0,0,2,0,8.20991E+20,5.86521E+21,1.3767E+16,5.28407E+16
115628,,12,0,70,316,2017,12,5,3,2,5,3,0,1,0,0,1,2,1,7.106E+20,5.89362E+21,1.21495E+16,5.31502E+16
115629,,12,0,72,240,2017,11,16,2,3,6,4,0,1,1,0,0,2,1,7.8981E+20,5.80356E+21,1.32515E+16,5.23058E+16
115630,,12,0,61,260,2017,12,19,3,3,1,5,0,1,0,0,0,2,0,8.14965E+20,5.80431E+21,1.362E+16,5.22987E+16
115631,,12,0,72,240,2017,11,17,2,3,5,2,1,1,0,0,0,2,1,7.90122E+20,5.80331E+21,1.32559E+16,5.23033E+16
115632,,12,0,64,472,2017,12,6,4,3,5,2,1,1,0,0,0,2,1,8.29766E+20,5.83431E+21,1.38659E+16,5.25587E+16
115633,,12,0,54,0,2017,11,7,2,3,2,6,0,1,0,0,1,1,1,7.75287E+20,5.81342E+21,1.30472E+16,5.24017E+16
115634,,12,0,61,320,2017,11,18,2,2,3,3,0,1,0,0,1,2,1,8.31198E+20,5.7607E+21,1.38149E+16,5.18984E+16
115635,,10,0,45,114,2017,4,22,6,3,1,6,0,1,0,0,0,2,0,3.77871E+20,5.46139E+21,7.32034E+15,4.92931E+16
115636,,10,0,45,114,2017,4,12,6,3,2,6,0,1,0,0,1,0,0,3.77055E+20,5.45855E+21,7.31001E+15,4.92673E+16
115637,,10,0,46,114,2017,4,22,6,3,9,7,0,1,0,0,0,2,0,3.67043E+20,5.49331E+21,7.1608E+15,4.95778E+16
115638,,10,0,43,114,2017,4,18,6,3,5,3,0,1,0,0,0,0,0,3.68348E+20,5.47063E+21,7.18639E+15,4.93741E+16
115639,,10,0,43,114,2017,4,11,6,3,5,3,1,1,0,0,0,0,0,3.69815E+20,5.46808E+21,7.20743E+15,4.93515E+16
115640,,10,0,44,111,2017,4,19,6,3,2,6,0,1,0,0,0,0,1,3.3696E+20,5.4709E+21,6.75421E+15,4.9369E+16
115641,,10,0,41,100,2017,4,13,6,3,5,7,0,1,0,1,0,0,0,3.57001E+20,5.46017E+21,7.03392E+15,4.92775E+16
115642,,10,0,41,100,2017,4,12,6,2,0,1,0,0,0,1,0,0,0,3.57187E+20,5.46085E+21,7.03623E+15,4.92837E+16
115643,,10,0,41,100,2017,4,9,6,2,3,5,0,1,0,1,0,0,0,3.48753E+20,5.45682E+21,6.92187E+15,4.92454E+16
115644,,10,0,41,511,2017,6,15,2,3,2,7,0,1,0,0,0,0,0,3.61264E+20,5.46473E+21,7.09092E+15,4.93195E+16
115645,,10,0,46,117,2017,4,7,5,3,2,2,0,1,0,1,0,0,0,3.67868E+20,5.48061E+21,7.17646E+15,4.94637E+16
115646,,10,0,41,512,2017,6,16,2,3,8,1,0,1,0,0,0,0,0,3.39853E+20,5.44904E+21,6.80277E+15,4.91733E+16
115647,,10,0,45,114,2017,4,15,5,3,0,7,0,1,0,0,0,0,0,3.79088E+20,5.4638E+21,7.33635E+15,4.9315E+16
115648,,10,0,41,100,2017,6,17,2,3,3,6,1,1,0,0,0,0,0,3.52119E+20,5.45615E+21,6.96833E+15,4.92402E+16
115649,,10,0,42,115,2017,6,17,1,3,9,1,0,0,0,1,0,0,0,3.14492E+20,5.48911E+21,6.4365E+15,4.95262E+16
115650,,10,0,43,114,2017,4,14,5,3,2,6,0,1,0,0,0,0,0,3.65849E+20,5.46806E+21,7.15285E+15,4.93505E+16
115651,,10,0,46,118,2017,6,13,7,2,8,1,0,1,0,0,0,0,0,3.5323E+20,5.48155E+21,6.97422E+15,4.94689E+16
115652,,10,0,46,117,2017,6,10,7,2,7,7,0,0,0,1,0,0,0,3.74258E+20,5.48212E+21,7.26413E+15,4.94787E+16
115653,,10,0,43,113,2017,6,22,7,3,5,3,0,1,0,0,0,2,0,3.59564E+20,5.4696E+21,7.06582E+15,4.93629E+16
115654,,10,0,44,112,2017,6,15,7,3,0,2,1,1,0,0,0,0,0,3.52504E+20,5.47921E+21,6.96508E+15,4.94477E+16
115655,,10,0,44,112,2017,4,17,5,3,5,3,1,1,0,0,0,0,0,3.526E+20,5.48195E+21,6.96539E+15,4.94723E+16
115656,,10,0,44,113,2017,6,16,7,2,5,2,0,1,0,1,0,0,0,3.43099E+20,5.47317E+21,6.8378E+15,4.9391E+16
115657,,10,0,41,518,2017,6,20,7,3,0,6,1,1,0,0,0,0,0,3.59484E+20,5.46276E+21,7.06713E+15,4.93014E+16
115658,,10,0,41,519,2017,6,0,7,3,8,1,0,1,0,0,0,2,0,3.45199E+20,5.45747E+21,6.87281E+15,4.92504E+16
115659,,10,0,44,113,2017,6,21,6,2,0,7,0,0,0,1,0,1,0,3.42967E+20,5.47311E+21,6.83601E+15,4.93904E+16
115660,,10,0,44,113,2017,6,15,6,3,2,6,0,1,0,0,0,0,0,3.38758E+20,5.47127E+21,6.77879E+15,4.93728E+16
115661,,10,0,41,513,2017,6,16,6,3,1,5,0,1,0,0,0,0,0,3.5438E+20,5.46656E+21,6.99559E+15,4.93343E+16
115662,,10,0,41,519,2017,6,11,6,3,2,6,0,1,0,0,0,0,0,3.42839E+20,5.4571E+21,6.84055E+15,4.92465E+16
115663,,10,0,41,100,2017,6,14,6,3,1,3,1,1,0,0,0,0,0,3.5835E+20,5.45216E+21,7.05529E+15,4.92059E+16
115664,,10,0,46,118,2017,6,10,5,2,8,1,0,0,0,1,0,0,0,3.58177E+20,5.4841E+21,7.04154E+15,4.94929E+16
115665,,10,0,43,114,2017,6,10,5,3,3,6,1,1,0,0,0,0,0,3.68294E+20,5.46412E+21,7.1878E+15,4.93156E+16
115666,,10,0,44,114,2017,4,14,5,3,5,3,1,1,0,0,0,0,0,3.301E+20,5.47028E+21,6.66006E+15,4.93615E+16
115667,,10,0,41,100,2017,4,18,5,3,1,5,0,1,0,0,0,0,0,3.5469E+20,5.45832E+21,7.00284E+15,4.92604E+16
115668,,10,0,41,519,2017,4,13,5,3,5,3,1,1,0,0,0,0,0,3.40261E+20,5.45428E+21,6.80629E+15,4.92204E+16
115669,,10,0,41,100,2017,4,23,5,3,2,6,0,1,0,0,0,2,0,3.53126E+20,5.45644E+21,6.98205E+15,4.92431E+16
115670,,10,0,44,111,2017,6,5,5,3,5,3,0,1,0,1,0,0,0,3.35248E+20,5.46891E+21,6.73147E+15,4.93506E+16
115671,,10,0,41,517,2017,6,19,5,3,5,3,0,1,0,0,0,0,0,3.49856E+20,5.46604E+21,6.93355E+15,4.93286E+16
115672,,10,0,41,511,2017,6,17,5,2,3,1,0,1,0,0,0,0,1,3.6254E+20,5.46461E+21,7.10851E+15,4.93187E+16
115673,,10,0,41,100,2017,6,20,5,3,8,1,0,1,0,0,0,1,1,3.51651E+20,5.45942E+21,6.96069E+15,4.92695E+16
115674,,10,0,46,112,2017,6,16,4,3,0,7,0,1,0,0,0,0,0,3.60092E+20,5.48171E+21,7.06882E+15,4.94719E+16
115675,,10,0,41,100,2017,4,15,5,3,3,6,0,1,0,0,1,0,0,3.51553E+20,5.45542E+21,6.96083E+15,4.92335E+16
115676,,10,0,42,111,2017,4,9,4,3,8,7,0,1,0,0,0,0,0,3.38127E+20,5.47995E+21,6.76658E+15,4.94506E+16
115677,,10,0,45,117,2017,4,8,3,3,2,6,0,1,0,0,0,0,0,3.60957E+20,5.45871E+21,7.08879E+15,4.92653E+16
115678,,10,0,45,112,2017,4,16,3,3,2,7,0,1,0,0,0,0,0,3.74113E+20,5.45524E+21,7.27062E+15,4.9237E+16
115679,,10,0,43,112,2017,4,15,3,3,8,1,0,1,0,0,0,0,0,3.5484E+20,5.47054E+21,7.00046E+15,4.93703E+16
115680,,10,0,44,112,2017,4,7,3,3,2,6,0,1,0,0,0,0,0,3.48544E+20,5.47491E+21,6.91212E+15,4.9408E+16
115681,,10,0,41,100,2017,4,18,3,2,2,6,1,0,0,0,1,0,0,3.58684E+20,5.46228E+21,7.05631E+15,4.92969E+16
115682,,10,0,41,519,2017,4,7,3,3,3,6,0,1,0,0,1,0,0,3.44276E+20,5.45732E+21,6.8602E+15,4.92488E+16
115683,,10,0,43,117,2017,4,15,2,3,2,6,0,1,0,0,1,0,0,3.60335E+20,5.46469E+21,7.07815E+15,4.9319E+16
115684,,10,0,44,118,2017,4,16,2,3,2,6,0,1,0,1,0,0,0,3.4152E+20,5.46502E+21,6.81931E+15,4.93173E+16
115685,,10,0,43,115,2017,6,12,4,3,8,1,0,1,0,0,0,0,0,3.73981E+20,5.47509E+21,7.26254E+15,4.94154E+16
115686,,10,0,42,112,2017,6,12,4,3,2,6,0,1,0,1,0,0,0,3.41162E+20,5.48511E+21,6.80634E+15,4.94978E+16
115687,,10,0,43,116,2017,6,22,4,3,0,7,0,1,0,1,0,2,0,3.6399E+20,5.46859E+21,7.12709E+15,4.93549E+16
115688,,10,0,41,517,2017,6,16,4,3,5,3,1,0,0,0,1,0,0,3.49389E+20,5.46185E+21,6.92871E+15,4.92908E+16
115689,,10,0,44,115,2017,4,9,2,3,2,6,0,1,0,0,0,0,0,3.37161E+20,5.46316E+21,6.76014E+15,4.92994E+16
115690,,10,0,41,100,2017,4,5,2,3,4,2,0,1,0,0,0,0,0,3.58379E+20,5.45214E+21,7.05569E+15,4.92056E+16
115691,,10,0,43,114,2017,4,17,1,3,5,2,0,1,0,1,0,0,0,3.67665E+20,5.46784E+21,7.17792E+15,4.93489E+16
115692,,10,0,41,511,2017,6,17,4,3,1,6,0,1,0,0,0,0,0,3.58982E+20,5.46682E+21,7.05879E+15,4.93378E+16
115693,,10,0,43,114,2017,4,15,1,3,2,6,0,1,0,0,0,0,0,3.65847E+20,5.46806E+21,7.15282E+15,4.93505E+16
115694,,10,0,41,100,2017,6,12,4,3,0,1,1,0,0,0,0,0,0,3.52346E+20,5.45656E+21,6.97129E+15,4.9244E+16
115695,,10,0,44,120,2017,4,13,1,2,3,6,1,0,0,0,1,0,0,3.39513E+20,5.45815E+21,6.79446E+15,4.92551E+16
115696,,10,0,41,100,2017,6,10,4,3,0,2,0,1,0,0,1,0,0,3.53526E+20,5.45525E+21,6.98797E+15,4.92325E+16
115697,,10,0,46,117,2017,6,15,3,3,6,4,0,1,1,0,0,0,0,3.67202E+20,5.48097E+21,7.16716E+15,4.94669E+16
115698,,10,0,46,117,2017,6,14,3,3,5,3,0,1,0,1,0,0,0,3.7338E+20,5.48676E+21,7.25053E+15,4.95202E+16
115699,,10,0,45,116,2017,6,14,3,3,5,3,0,1,0,0,0,0,0,3.64305E+20,5.45256E+21,7.13686E+15,4.92108E+16
115700,,10,0,42,112,2017,6,17,3,3,5,3,0,1,0,0,0,0,0,3.36825E+20,5.4833E+21,6.74725E+15,4.94804E+16
115701,,10,0,43,111,2017,6,15,3,3,0,7,1,0,0,0,0,0,0,3.54109E+20,5.47537E+21,6.98862E+15,4.94135E+16
115702,,10,0,43,114,2017,6,17,3,3,6,4,0,0,1,1,0,0,0,3.6735E+20,5.46782E+21,7.17359E+15,4.93486E+16
115703,,10,0,44,115,2017,6,22,3,3,2,6,0,1,0,0,0,2,0,3.35214E+20,5.46742E+21,6.73162E+15,4.93372E+16
115704,,10,0,41,517,2017,6,19,3,3,0,7,0,1,0,0,0,0,0,3.49562E+20,5.46042E+21,6.93162E+15,4.9278E+16
115705,,10,0,41,513,2017,6,17,3,2,0,1,1,0,0,0,0,0,0,3.48112E+20,5.46712E+21,6.90915E+15,4.93378E+16
115706,,10,0,41,518,2017,6,19,3,2,1,5,0,1,0,1,0,0,0,3.59734E+20,5.46302E+21,7.07047E+15,4.93038E+16
115707,,10,0,41,511,2017,6,11,3,3,1,5,0,1,0,0,0,0,0,3.61778E+20,5.46512E+21,7.09785E+15,4.93231E+16
115708,,10,0,41,100,2017,6,14,3,3,4,7,0,1,0,1,0,0,0,3.56425E+20,5.45124E+21,7.0292E+15,4.91971E+16
115709,,10,0,45,115,2017,6,16,2,2,2,6,0,1,0,0,0,0,0,3.74407E+20,5.464E+21,7.27191E+15,4.93158E+16
115710,,10,0,45,114,2017,6,6,2,3,9,7,0,1,0,0,0,0,0,3.778E+20,5.46777E+21,7.31742E+15,4.93504E+16
115711,,10,0,42,116,2017,6,19,2,2,8,1,0,0,0,1,0,0,0,3.46535E+20,5.49605E+21,6.87624E+15,4.95976E+16
115712,,10,0,43,114,2017,6,4,2,2,8,1,0,1,0,0,0,2,0,3.67729E+20,5.46828E+21,7.17865E+15,4.93529E+16
115713,,10,0,41,518,2017,6,17,2,2,6,4,0,1,1,0,0,0,0,3.58614E+20,5.46267E+21,7.0552E+15,4.93004E+16
115714,,10,0,41,100,2017,6,16,2,3,0,1,0,0,0,1,0,0,0,3.55364E+20,5.45914E+21,7.01181E+15,4.92679E+16
115715,,10,0,41,518,2017,6,10,2,3,8,1,0,1,0,0,1,0,0,3.58628E+20,5.4625E+21,7.05545E+15,4.92989E+16
115716,,10,0,41,513,2017,4,4,1,3,8,1,0,1,0,0,0,2,0,3.55124E+20,5.46389E+21,7.00679E+15,4.93105E+16
115717,,10,0,45,116,2017,4,17,7,3,9,7,0,1,0,0,0,0,0,3.66093E+20,5.45327E+21,7.16116E+15,4.92176E+16
115718,,10,0,46,114,2017,4,13,7,3,5,3,0,1,0,0,0,0,0,3.68024E+20,5.49205E+21,7.17479E+15,4.95666E+16
115719,,10,0,42,113,2017,4,22,7,2,9,1,0,1,0,0,0,2,0,3.20108E+20,5.47999E+21,6.51819E+15,4.94459E+16
115720,,10,0,43,114,2017,4,20,7,2,8,1,0,1,0,0,0,2,0,3.65819E+20,5.46931E+21,7.15202E+15,4.93617E+16
115721,,10,0,43,114,2017,4,16,7,3,2,6,0,1,0,0,0,0,0,3.69211E+20,5.46556E+21,7.19994E+15,4.93287E+16
115722,,10,0,42,113,2017,4,23,7,2,2,6,0,1,0,0,1,2,0,3.28088E+20,5.47791E+21,6.62907E+15,4.94295E+16
115723,,10,0,41,511,2017,4,15,7,3,1,6,0,1,0,0,0,0,1,3.61064E+20,5.46588E+21,7.08777E+15,4.93298E+16
115724,,10,0,41,100,2017,4,21,7,3,3,6,1,1,0,0,0,2,0,3.55737E+20,5.45131E+21,7.01975E+15,4.91976E+16
115725,,10,0,43,116,2017,4,13,6,2,4,6,0,1,0,0,0,0,0,3.63066E+20,5.47296E+21,7.11286E+15,4.93939E+16
115726,,10,0,43,114,2017,4,16,6,3,7,7,0,0,0,1,1,0,0,3.65909E+20,5.46506E+21,7.15469E+15,4.93236E+16
115727,,10,0,41,100,2017,6,15,2,3,1,6,0,1,0,0,0,0,0,3.52148E+20,5.45614E+21,6.96872E+15,4.92402E+16
115728,,10,0,41,100,2017,6,0,2,2,7,7,0,0,0,1,0,2,0,3.52357E+20,5.46338E+21,6.96893E+15,4.93053E+16
115729,,10,0,43,114,2017,4,16,6,3,2,6,0,1,0,0,0,0,0,3.65853E+20,5.46806E+21,7.15291E+15,4.93505E+16
115730,,10,0,44,115,2017,4,13,6,2,6,7,0,1,1,0,0,0,0,3.37039E+20,5.46602E+21,6.75729E+15,4.93251E+16
115731,,10,0,44,118,2017,4,12,6,3,0,1,0,0,0,1,0,0,1,3.45042E+20,5.46513E+21,6.86769E+15,4.93192E+16
115732,,10,0,41,100,2017,6,15,2,3,2,6,0,1,0,0,0,0,0,3.51517E+20,5.45446E+21,6.96069E+15,4.9225E+16
115733,,10,0,41,514,2017,4,13,6,3,9,1,0,1,0,0,0,0,0,3.56694E+20,5.44797E+21,7.03406E+15,4.91678E+16
115734,,10,0,41,514,2017,4,9,6,3,2,6,0,1,0,0,1,0,0,3.5659E+20,5.44667E+21,7.0331E+15,4.91561E+16
115735,,10,0,46,113,2017,6,17,1,3,5,3,0,1,0,0,0,0,0,3.64934E+20,5.48725E+21,7.13373E+15,4.95228E+16
115736,,10,0,43,114,2017,4,14,5,3,3,6,0,1,0,0,1,0,0,3.65561E+20,5.46804E+21,7.1489E+15,4.93503E+16
115737,,10,0,43,117,2017,6,12,1,3,1,5,0,1,0,0,0,0,0,3.65789E+20,5.46387E+21,7.15344E+15,4.93128E+16
115738,,10,0,44,115,2017,4,11,5,2,5,3,1,1,0,0,0,0,0,3.37338E+20,5.466E+21,6.76141E+15,4.9325E+16
115739,,10,0,44,114,2017,6,15,1,2,8,1,0,1,0,0,0,0,0,3.2878E+20,5.46972E+21,6.64213E+15,4.93561E+16
115740,,10,0,41,515,2017,6,13,1,3,3,7,0,1,0,0,0,0,0,3.48786E+20,5.46242E+21,6.92019E+15,4.92958E+16
115741,,10,0,45,114,2017,6,3,7,2,9,1,0,1,0,0,0,2,0,3.76642E+20,5.46682E+21,7.30177E+15,4.93416E+16
115742,,10,0,42,112,2017,6,17,7,3,5,7,1,1,0,0,0,0,0,3.36514E+20,5.48628E+21,6.74172E+15,4.95071E+16
115743,,10,0,42,113,2017,6,22,7,2,9,1,0,0,0,1,0,2,0,3.26057E+20,5.47859E+21,6.60078E+15,4.94351E+16
115744,,10,0,43,113,2017,6,19,7,3,1,5,0,1,0,0,0,0,0,3.60936E+20,5.47074E+21,7.08431E+15,4.93735E+16
115745,,10,0,43,114,2017,6,19,7,2,5,3,0,1,0,1,0,0,0,3.68073E+20,5.46801E+21,7.18347E+15,4.93506E+16