OBJECTID,UIDENTSTLA,ULAND,UREGBEZ,UKREIS,UGEMEINDE,UJAHR,UMONAT,USTUNDE,UWOCHENTAG,UKATEGORIE,UART,UTYP1,IstRad,IstPKW,IstFuss,IstKrad,IstSonstig,LICHT,STRZUSTAND,LINREFX,LINREFY,XGCSWGS84,YGCSWGS84
115746,,10,0,43,114,2017,6,13,7,3,2,6,0,1,0,0,0,0,0,3.6811E+20,5.46946E+21,7.1835E+15,4.93635E+16
115747,,10,0,41,515,2017,4,15,5,2,5,3,1,1,0,0,0,0,0,3.46177E+20,5.46066E+21,6.88502E+15,4.92793E+16
115748,,10,0,44,116,2017,6,2,7,3,9,1,0,1,0,0,1,2,0,3.45513E+20,5.46973E+21,6.87238E+15,4.93607E+16
115749,,10,0,41,100,2017,6,4,7,2,9,1,0,1,0,0,1,1,0,3.53764E+20,5.45545E+21,6.99117E+15,4.92344E+16
115750,,10,0,41,519,2017,4,14,5,3,5,3,0,1,0,0,1,0,0,3.44292E+20,5.45737E+21,6.8604E+15,4.92493E+16
115751,,10,0,45,114,2017,6,12,6,3,9,1,0,0,0,1,0,0,0,3.79507E+20,5.46585E+21,7.34149E+15,4.93335E+16
115752,,10,0,46,115,2017,6,13,6,3,4,1,0,1,0,0,0,0,1,3.52168E+20,5.48819E+21,6.95709E+15,4.95282E+16
115753,,10,0,44,117,2017,6,12,6,3,2,6,0,1,0,0,0,0,0,3.44972E+20,5.4786E+21,6.86148E+15,4.94403E+16
115754,,10,0,41,100,2017,4,22,5,2,9,7,0,1,0,0,0,2,0,3.53155E+20,5.45572E+21,6.98271E+15,4.92366E+16
115755,,10,0,46,111,2017,4,6,4,3,2,7,0,1,0,0,1,0,0,3.72635E+20,5.49027E+21,7.2391E+15,4.95516E+16
115756,,10,0,44,111,2017,6,6,6,3,5,2,1,1,0,0,0,0,0,3.36585E+20,5.47052E+21,6.7492E+15,4.93655E+16
115757,,10,0,44,114,2017,4,15,4,3,2,2,0,1,0,0,0,0,0,3.31294E+20,5.47059E+21,6.67635E+15,4.93647E+16
115758,,10,0,41,100,2017,6,17,6,2,5,3,0,1,0,0,0,0,1,3.49477E+20,5.46014E+21,6.93056E+15,4.92755E+16
115759,,10,0,45,117,2017,6,16,5,3,2,6,0,1,0,0,0,0,0,3.6985E+20,5.46158E+21,7.21002E+15,4.92931E+16
115760,,10,0,45,111,2017,6,10,5,3,5,3,0,1,0,0,0,0,0,3.77753E+20,5.47138E+21,7.31566E+15,4.93829E+16
115761,,10,0,44,112,2017,6,17,5,3,5,3,1,1,0,0,0,0,0,3.48534E+20,5.47509E+21,6.91192E+15,4.94096E+16
115762,,10,0,44,117,2017,6,16,5,3,1,6,0,1,0,0,1,0,0,3.44031E+20,5.47585E+21,6.84959E+15,4.94154E+16
115763,,10,0,41,511,2017,6,15,5,3,5,3,0,1,0,0,1,0,0,3.60501E+20,5.46616E+21,7.07993E+15,4.93322E+16
115764,,10,0,41,514,2017,6,19,5,2,8,1,0,0,0,1,0,0,0,3.57199E+20,5.44782E+21,7.04104E+15,4.91666E+16
115765,,10,0,41,100,2017,6,15,5,3,5,3,0,1,0,0,0,0,0,3.56787E+20,5.44955E+21,7.03478E+15,4.9182E+16
115766,,10,0,41,100,2017,6,13,5,3,5,3,0,1,0,0,0,0,0,3.52119E+20,5.45615E+21,6.96833E+15,4.92402E+16
115767,,10,0,41,100,2017,4,17,4,2,6,6,1,0,1,0,0,0,0,3.56337E+20,5.45699E+21,7.02594E+15,4.92488E+16
115768,,10,0,46,117,2017,4,14,3,3,2,6,0,1,0,0,0,0,0,3.67129E+20,5.48115E+21,7.16609E+15,4.94684E+16
115769,,10,0,45,115,2017,4,17,3,3,6,7,0,1,1,0,0,0,0,3.7121E+20,5.46073E+21,7.22899E+15,4.92857E+16
115770,,10,0,45,114,2017,4,10,3,2,2,6,0,1,0,0,1,0,0,3.78361E+20,5.46819E+21,7.32501E+15,4.93543E+16
115771,,10,0,42,113,2017,4,9,3,2,1,2,0,1,0,0,0,0,0,3.26772E+20,5.47947E+21,6.61026E+15,4.94432E+16
115772,,10,0,44,115,2017,4,3,3,3,5,3,0,1,0,0,1,2,0,3.36109E+20,5.46651E+21,6.7443E+15,4.93293E+16
115773,,10,0,41,100,2017,4,16,3,3,6,4,0,1,1,0,0,0,0,3.50481E+20,5.45628E+21,6.9458E+15,4.9241E+16
115774,,10,0,45,114,2017,4,18,2,3,2,6,0,1,0,0,0,0,0,3.77559E+20,5.46053E+21,7.31632E+15,4.92853E+16
115775,,10,0,43,115,2017,4,12,2,3,5,3,0,1,0,1,0,0,1,3.66966E+20,5.47363E+21,7.16637E+15,4.94008E+16
115776,,10,0,46,115,2017,4,23,1,2,8,1,0,1,0,0,0,2,0,3.52862E+20,5.49814E+21,6.96295E+15,4.96179E+16
115777,,10,0,43,115,2017,4,23,1,2,9,1,0,1,0,0,0,2,0,3.73418E+20,5.4753E+21,7.25472E+15,4.94172E+16
115778,,10,0,41,100,2017,4,18,7,3,9,1,0,1,0,0,0,0,1,3.5898E+20,5.4529E+21,7.06367E+15,4.92127E+16
115779,,10,0,44,117,2017,4,16,7,3,5,3,0,1,0,0,1,0,0,3.44265E+20,5.47913E+21,6.85152E+15,4.94449E+16
115780,,10,0,41,513,2017,4,23,7,3,1,1,0,1,0,0,0,2,0,3.50283E+20,5.46623E+21,6.93935E+15,4.93304E+16
115781,,10,0,41,512,2017,4,14,7,3,3,7,1,1,0,0,0,0,0,3.40826E+20,5.45119E+21,6.81527E+15,4.91928E+16
115782,,10,0,41,100,2017,6,16,5,3,2,6,0,1,0,0,1,0,0,3.53621E+20,5.45567E+21,6.98913E+15,4.92363E+16
115783,,10,0,41,519,2017,4,12,7,3,2,6,0,1,0,0,0,0,0,3.43595E+20,5.4574E+21,6.85081E+15,4.92494E+16
115784,,10,0,41,100,2017,4,20,7,3,4,1,0,1,0,0,0,2,1,3.5693E+20,5.4462E+21,7.03792E+15,4.9152E+16
115785,,10,0,45,117,2017,4,15,6,3,8,7,0,1,0,0,0,0,0,3.60974E+20,5.46281E+21,7.08759E+15,4.93022E+16
115786,,10,0,44,117,2017,4,20,6,3,8,1,0,1,0,0,0,1,0,3.45376E+20,5.48266E+21,6.86547E+15,4.94769E+16
115787,,10,0,43,113,2017,4,17,5,3,1,1,0,1,0,0,1,0,0,3.58981E+20,5.46914E+21,7.05796E+15,4.93587E+16
115788,,10,0,43,111,2017,4,15,5,3,5,2,1,1,0,0,0,0,0,3.53314E+20,5.46936E+21,6.97988E+15,4.93593E+16
115789,,10,0,44,116,2017,4,16,5,3,2,6,0,1,0,0,0,0,0,3.40682E+20,5.4691E+21,6.80616E+15,4.93538E+16
115790,,10,0,44,119,2017,4,15,5,3,2,6,0,1,0,1,0,0,0,3.31736E+20,5.46291E+21,6.68568E+15,4.92958E+16
115791,,10,0,44,118,2017,4,16,5,3,4,2,0,1,0,0,0,0,0,3.42133E+20,5.46396E+21,6.82816E+15,4.9308E+16
115792,,10,0,45,112,2017,6,12,4,3,5,3,0,1,0,0,0,0,1,3.76814E+20,5.45774E+21,7.30694E+15,4.926E+16
115793,,10,0,41,512,2017,4,9,5,3,5,3,0,1,0,1,0,0,0,3.42785E+20,5.45267E+21,6.84155E+15,4.92067E+16
115794,,10,0,42,113,2017,6,17,4,3,2,6,0,1,0,0,0,0,0,3.28233E+20,5.4792E+21,6.63051E+15,4.94412E+16
115795,,10,0,42,113,2017,6,17,4,3,2,6,0,1,0,0,0,0,0,3.30547E+20,5.47398E+21,6.66463E+15,4.93949E+16
115796,,10,0,45,114,2017,4,11,4,3,5,3,0,1,0,0,0,0,0,3.78294E+20,5.46423E+21,7.32531E+15,4.93186E+16
115797,,10,0,42,116,2017,4,9,4,3,5,3,0,1,0,0,0,0,0,3.47784E+20,5.48899E+21,6.89623E+15,4.95344E+16
115798,,10,0,44,115,2017,4,13,4,3,1,2,0,1,0,0,0,0,0,3.35736E+20,5.46384E+21,6.74026E+15,4.93052E+16
115799,,10,0,43,111,2017,6,17,4,2,6,4,0,1,1,0,0,0,1,3.5598E+20,5.47576E+21,7.01426E+15,4.94174E+16
115800,,10,0,41,517,2017,4,14,4,3,2,7,1,1,0,0,0,0,0,3.51723E+20,5.46242E+21,6.96057E+15,4.92965E+16
115801,,10,0,46,117,2017,4,11,3,3,3,6,0,1,0,0,0,0,0,3.67241E+20,5.48097E+21,7.16769E+15,4.94668E+16
115802,,10,0,41,100,2017,6,19,4,2,5,3,1,1,0,0,0,0,0,3.57409E+20,5.4606E+21,7.03937E+15,4.92815E+16
115803,,10,0,46,117,2017,4,6,3,3,5,3,0,1,0,0,0,1,0,3.6795E+20,5.48183E+21,7.17719E+15,4.94747E+16
115804,,10,0,45,114,2017,6,12,3,3,1,2,0,1,0,0,0,0,0,3.79115E+20,5.46394E+21,7.33668E+15,4.93162E+16
115805,,10,0,45,112,2017,4,18,3,3,8,1,0,0,0,1,0,0,0,3.72147E+20,5.45441E+21,7.2439E+15,4.92291E+16
115806,,10,0,42,111,2017,6,10,3,3,1,6,0,1,0,0,0,0,1,3.32306E+20,5.47281E+21,6.68935E+15,4.93849E+16
115807,,10,0,43,113,2017,6,14,3,3,2,2,0,1,0,0,0,0,0,3.59354E+20,5.46943E+21,7.063E+15,4.93614E+16
115808,,10,0,43,117,2017,6,17,3,3,2,6,0,1,0,0,0,0,0,3.65515E+20,5.46394E+21,7.14964E+15,4.93133E+16
115809,,10,0,43,115,2017,6,17,3,3,3,7,0,1,0,1,0,0,1,3.67165E+20,5.47334E+21,7.1692E+15,4.93982E+16
115810,,10,0,43,117,2017,6,13,3,3,4,6,0,1,0,0,0,0,0,3.62864E+20,5.46495E+21,7.11285E+15,4.93218E+16
115811,,10,0,44,111,2017,6,17,3,3,2,6,0,1,0,0,0,0,0,3.34456E+20,5.46963E+21,6.72028E+15,4.93569E+16
115812,,10,0,44,120,2017,6,11,3,3,1,6,0,1,0,0,0,0,0,3.40955E+20,5.45825E+21,6.81423E+15,4.92563E+16
115813,,10,0,41,511,2017,6,16,3,3,2,6,0,1,0,0,0,0,0,3.59368E+20,5.46392E+21,7.06513E+15,4.93118E+16
115814,,10,0,46,117,2017,6,17,2,3,2,2,0,1,0,0,0,0,0,3.66014E+20,5.47973E+21,7.15119E+15,4.94554E+16
115815,,10,0,45,112,2017,6,16,2,3,4,2,0,1,0,1,0,0,0,3.73024E+20,5.45511E+21,7.25571E+15,4.92356E+16
115816,,10,0,42,112,2017,4,20,3,2,4,6,0,1,0,0,0,2,0,3.37191E+20,5.48728E+21,6.75066E+15,4.95162E+16
115817,,10,0,42,116,2017,4,15,3,3,1,2,0,1,0,0,0,0,0,3.46381E+20,5.48841E+21,6.87709E+15,4.95288E+16
115818,,10,0,45,115,2017,4,18,3,3,2,6,0,1,0,0,0,0,0,3.72832E+20,5.463E+21,7.25057E+15,4.93065E+16
115819,,10,0,44,116,2017,4,18,3,3,5,3,0,1,0,0,0,0,0,3.40234E+20,5.47005E+21,6.79961E+15,4.93622E+16
115820,,10,0,44,114,2017,4,21,3,3,9,1,0,1,0,0,0,2,0,3.29951E+20,5.47455E+21,6.65618E+15,4.93999E+16
115821,,10,0,46,117,2017,4,10,2,3,6,7,0,1,1,0,0,0,0,3.66976E+20,5.48129E+21,7.16392E+15,4.94697E+16
115822,,10,0,46,117,2017,4,7,2,3,2,6,0,1,0,0,0,0,0,3.65626E+20,5.47872E+21,7.14618E+15,4.94463E+16
115823,,10,0,45,114,2017,4,19,2,3,2,6,0,1,0,0,0,1,0,3.78128E+20,5.468E+21,7.32186E+15,4.93525E+16
115824,,10,0,41,100,2017,4,12,2,3,6,6,0,0,1,0,1,0,0,3.5426E+20,5.45589E+21,6.99782E+15,4.92384E+16
115825,,10,0,46,117,2017,4,16,1,2,6,4,0,1,1,0,0,0,0,3.67966E+20,5.48185E+21,7.17741E+15,4.94749E+16
115826,,10,0,45,115,2017,6,13,2,3,1,3,1,1,0,0,0,0,0,3.71194E+20,5.46072E+21,7.22878E+15,4.92857E+16
115827,,10,0,43,112,2017,4,13,1,3,0,7,1,0,0,0,0,0,0,3.57434E+20,5.46989E+21,7.03641E+15,4.9365E+16
115828,,10,0,43,113,2017,4,1,1,2,0,1,0,0,0,1,0,2,0,3.59752E+20,5.46941E+21,7.06847E+15,4.93612E+16
115829,,10,0,43,114,2017,4,18,1,3,9,1,1,0,0,0,0,0,0,3.68164E+20,5.4652E+21,7.18566E+15,4.93253E+16
115830,,10,0,41,519,2017,4,18,1,3,9,1,0,1,0,0,0,0,0,3.38754E+20,5.45243E+21,6.78635E+15,4.92034E+16
115831,,10,0,41,519,2017,4,14,1,2,8,1,0,0,0,1,0,0,0,3.36414E+20,5.45375E+21,6.75371E+15,4.92147E+16
115832,,10,0,41,100,2017,4,5,1,3,5,3,0,1,0,0,0,2,0,3.53755E+20,5.45535E+21,6.99109E+15,4.92335E+16
115833,,10,0,44,114,2017,4,14,7,3,3,6,0,1,0,0,0,0,0,3.32652E+20,5.47006E+21,6.69528E+15,4.93602E+16
115834,,10,0,44,118,2017,4,19,7,3,3,2,0,1,0,1,0,0,0,3.41646E+20,5.46371E+21,6.82155E+15,4.93056E+16
115835,,10,0,41,519,2017,4,15,7,3,2,6,0,1,0,0,0,0,0,3.4282E+20,5.45709E+21,6.8403E+15,4.92464E+16
115836,,10,0,41,100,2017,4,17,7,3,1,6,0,1,0,0,0,0,0,3.51074E+20,5.45313E+21,6.9551E+15,4.92128E+16
115837,,10,0,41,100,2017,4,2,7,3,1,6,0,1,0,1,0,2,0,3.51488E+20,5.4524E+21,6.96105E+15,4.92064E+16
115838,,10,0,45,115,2017,6,0,2,3,1,1,0,1,0,0,0,2,0,3.75394E+20,5.46428E+21,7.2854E+15,4.93185E+16
115839,,10,0,45,114,2017,4,18,6,3,2,6,0,1,0,0,1,0,0,3.75867E+20,5.46633E+21,7.29127E+15,4.9337E+16
115840,,10,0,43,117,2017,4,15,6,3,3,6,0,1,0,0,0,0,0,3.64228E+20,5.46515E+21,7.13153E+15,4.9324E+16
115841,,10,0,44,112,2017,4,20,6,3,8,1,0,1,0,0,0,1,0,3.52297E+20,5.47943E+21,6.96214E+15,4.94496E+16
115842,,10,0,42,113,2017,6,11,2,2,5,3,1,1,0,0,0,0,0,3.28318E+20,5.4792E+21,6.63168E+15,4.94412E+16
115843,,10,0,44,112,2017,4,12,6,3,1,6,0,1,0,0,0,0,0,3.46188E+20,5.47829E+21,6.87837E+15,4.94378E+16
115844,,10,0,44,111,2017,4,15,6,1,4,2,1,0,0,0,1,0,0,3.37359E+20,5.47061E+21,6.75982E+15,4.93664E+16
115845,,10,0,43,117,2017,6,0,2,3,9,1,0,1,0,0,0,2,0,3.61188E+20,5.46616E+21,7.08937E+15,4.93323E+16
115846,,10,0,44,118,2017,4,15,6,3,2,2,0,1,0,0,0,0,0,3.42791E+20,5.46238E+21,6.83782E+15,4.92939E+16
115847,,10,0,44,115,2017,4,16,6,3,1,6,0,1,0,0,0,0,0,3.35736E+20,5.46384E+21,6.74026E+15,4.93052E+16
115848,,10,0,41,100,2017,6,15,2,3,2,1,0,1,0,1,0,0,0,3.63296E+20,5.45662E+21,7.12164E+15,4.92471E+16
115849,,10,0,41,100,2017,4,18,6,3,9,1,0,1,0,0,0,0,0,3.59185E+20,5.45955E+21,7.06415E+15,4.92725E+16
115850,,10,0,46,117,2017,6,17,1,3,8,7,0,0,0,1,0,0,0,3.6652E+20,5.48041E+21,7.15793E+15,4.94617E+16
115851,,10,0,42,113,2017,6,8,1,3,7,1,0,1,0,0,0,0,0,3.23676E+20,5.48102E+21,6.5669E+15,4.94562E+16
115852,,10,0,46,118,2017,4,19,5,3,5,3,0,1,0,1,0,1,0,3.57187E+20,5.48477E+21,7.02764E+15,4.94987E+16
115853,,10,0,44,111,2017,6,17,1,3,4,2,0,1,0,0,0,0,0,3.35243E+20,5.46892E+21,6.73139E+15,4.93508E+16
115854,,10,0,44,111,2017,6,14,1,3,0,2,1,1,0,0,0,0,0,3.35249E+20,5.4689E+21,6.73149E+15,4.93505E+16
115855,,10,0,41,519,2017,6,18,1,3,9,1,0,1,0,0,0,0,0,3.47282E+20,5.45697E+21,6.90161E+15,4.92464E+16
115856,,10,0,41,519,2017,6,17,1,2,0,6,1,1,0,0,0,0,0,3.42301E+20,5.45576E+21,6.8337E+15,4.92343E+16
115857,,10,0,41,100,2017,6,23,1,3,3,6,0,1,0,0,0,2,0,3.54145E+20,5.45566E+21,6.99633E+15,4.92364E+16
115858,,10,0,45,112,2017,6,15,7,3,0,7,1,0,0,0,0,0,0,3.73873E+20,5.45461E+21,7.26752E+15,4.92313E+16
115859,,10,0,42,116,2017,6,15,7,2,9,1,0,1,0,0,0,0,0,3.51392E+20,5.4926E+21,6.94471E+15,4.95677E+16
115860,,10,0,42,112,2017,6,14,7,3,0,3,0,1,0,0,0,0,0,3.37427E+20,5.48677E+21,6.75412E+15,4.95117E+16
115861,,10,0,43,111,2017,6,20,7,3,5,3,0,1,0,0,0,0,0,3.56021E+20,5.47569E+21,7.01485E+15,4.94168E+16
115862,,10,0,43,114,2017,6,19,7,3,6,4,0,1,1,0,0,0,0,3.70787E+20,5.46756E+21,7.22097E+15,4.9347E+16
115863,,10,0,45,111,2017,4,12,5,2,6,4,0,1,1,0,0,0,0,3.73693E+20,5.46768E+21,7.26093E+15,4.93487E+16
115864,,10,0,45,117,2017,6,16,6,3,5,3,0,1,0,0,0,0,1,3.61693E+20,5.4581E+21,7.09912E+15,4.926E+16
115865,,10,0,45,114,2017,6,18,6,3,2,6,0,1,0,0,0,0,1,3.79347E+20,5.46514E+21,7.33951E+15,4.93271E+16
115866,,10,0,45,114,2017,6,14,6,3,5,2,0,1,0,0,0,0,0,3.79733E+20,5.46509E+21,7.34483E+15,4.93267E+16
115867,,10,0,42,116,2017,6,16,6,3,2,6,0,1,0,0,0,0,0,3.43554E+20,5.4838E+21,6.83988E+15,4.94867E+16
115868,,10,0,44,114,2017,6,13,6,2,9,1,0,0,0,1,0,0,0,3.29893E+20,5.47463E+21,6.65535E+15,4.94006E+16
115869,,10,0,41,512,2017,6,16,6,3,9,1,0,1,0,0,0,0,0,3.41148E+20,5.45312E+21,6.81891E+15,4.92103E+16
115870,,10,0,46,117,2017,6,16,5,3,9,1,0,1,0,0,0,0,0,3.65307E+20,5.4794E+21,7.14154E+15,4.94523E+16
115871,,10,0,44,112,2017,4,18,5,3,5,3,0,1,0,0,0,0,0,3.47013E+20,5.47957E+21,6.88923E+15,4.94495E+16
115872,,10,0,44,118,2017,4,15,5,3,5,7,0,1,0,0,0,0,0,3.41496E+20,5.46512E+21,6.81894E+15,4.93182E+16
115873,,10,0,46,117,2017,4,8,4,3,1,6,0,1,0,1,0,0,0,3.65965E+20,5.47962E+21,7.15054E+15,4.94545E+16
115874,,10,0,45,117,2017,4,17,4,3,2,6,0,1,0,0,0,0,0,3.66013E+20,5.46061E+21,7.15761E+15,4.92836E+16
115875,,10,0,45,113,2017,4,16,4,2,4,1,1,1,0,0,0,0,0,3.74963E+20,5.44473E+21,7.28556E+15,4.91426E+16
115876,,10,0,42,111,2017,4,18,4,3,9,1,0,0,0,1,0,0,0,3.34291E+20,5.4787E+21,6.71421E+15,4.94384E+16
115877,,10,0,42,114,2017,4,11,4,3,5,3,0,1,0,0,0,0,0,3.25966E+20,5.4847E+21,6.59685E+15,4.94899E+16
115878,,10,0,43,116,2017,4,13,4,3,6,7,0,1,1,0,0,0,0,3.64241E+20,5.46948E+21,7.13024E+15,4.93629E+16
115879,,10,0,44,113,2017,4,16,4,3,5,3,0,1,0,1,0,0,0,3.39678E+20,5.47167E+21,6.7913E+15,4.93767E+16
115880,,10,0,44,120,2017,4,19,4,3,0,7,0,1,0,0,0,1,0,3.40313E+20,5.45929E+21,6.805E+15,4.92655E+16
115881,,10,0,44,118,2017,4,7,4,3,6,4,0,1,1,0,0,0,0,3.41183E+20,5.46351E+21,6.81527E+15,4.93037E+16
115882,,10,0,46,112,2017,4,18,3,2,8,1,0,1,0,0,0,0,0,3.61261E+20,5.48209E+21,7.08481E+15,4.94756E+16
115883,,10,0,46,117,2017,4,11,3,3,1,6,0,1,0,0,0,0,0,3.67098E+20,5.48114E+21,7.16566E+15,4.94684E+16
115884,,10,0,45,112,2017,4,18,3,3,5,3,1,1,0,0,0,0,0,3.68016E+20,5.45311E+21,7.18761E+15,4.92165E+16
115885,,10,0,44,116,2017,4,13,3,3,1,2,0,1,0,0,0,0,0,3.40034E+20,5.46828E+21,6.79757E+15,4.93463E+16
115886,,10,0,45,112,2017,6,17,5,3,2,2,0,1,0,0,0,0,0,3.73182E+20,5.45653E+21,7.25743E+15,4.92484E+16
115887,,10,0,44,122,2017,4,15,3,3,2,6,0,1,0,0,0,0,0,3.39821E+20,5.46029E+21,6.79784E+15,4.92744E+16
115888,,10,0,44,122,2017,4,10,3,3,1,7,0,1,0,0,0,0,0,3.39188E+20,5.46102E+21,6.78885E+15,4.92808E+16
115889,,10,0,45,112,2017,6,16,5,3,3,6,1,1,0,0,0,0,0,3.74074E+20,5.45507E+21,7.27014E+15,4.92354E+16
115890,,10,0,41,519,2017,4,0,3,2,8,1,0,1,0,0,0,2,0,3.40649E+20,5.45466E+21,6.81146E+15,4.92239E+16
115891,,10,0,41,100,2017,4,10,3,1,1,1,0,1,0,0,0,0,0,3.57813E+20,5.45257E+21,7.04778E+15,4.92095E+16
115892,,10,0,45,114,2017,6,19,5,3,4,6,0,1,0,0,0,0,0,3.82646E+20,5.4684E+21,7.38392E+15,4.9357E+16
115893,,10,0,45,114,2017,4,8,2,2,5,3,0,1,0,0,0,0,0,3.78915E+20,5.4643E+21,7.33382E+15,4.93194E+16
115894,,10,0,42,113,2017,4,9,2,3,1,6,0,1,0,0,0,0,0,3.27922E+20,5.47931E+21,6.62617E+15,4.94421E+16
115895,,10,0,42,113,2017,6,16,5,3,2,6,0,1,0,0,0,0,0,3.21755E+20,5.48058E+21,6.54061E+15,4.94517E+16
115896,,10,0,43,115,2017,6,7,5,2,5,3,0,1,0,0,0,0,0,3.70553E+20,5.47299E+21,7.21599E+15,4.93958E+16
115897,,10,0,44,114,2017,4,22,2,3,0,7,0,1,0,0,0,2,0,3.32622E+20,5.47025E+21,6.69477E+15,4.9362E+16
115898,,10,0,41,518,2017,6,18,5,2,5,2,0,1,0,1,0,0,0,3.5877E+20,5.46235E+21,7.05746E+15,4.92975E+16
115899,,10,0,41,519,2017,6,17,5,3,2,6,0,1,0,0,0,0,0,3.42602E+20,5.45591E+21,6.83777E+15,4.92357E+16
115900,,10,0,44,114,2017,4,20,2,3,9,1,0,1,0,0,0,1,0,3.2909E+20,5.47569E+21,6.64384E+15,4.94099E+16
115901,,10,0,46,111,2017,5,16,4,2,8,3,0,1,0,1,0,0,0,3.71493E+20,5.48748E+21,7.22423E+15,4.95263E+16
115902,,10,0,44,112,2017,5,17,4,3,5,2,0,1,0,0,0,0,0,3.49365E+20,5.47285E+21,6.92422E+15,4.93897E+16
115903,,10,0,41,511,2017,5,17,4,2,5,7,1,1,0,0,0,0,0,3.61671E+20,5.46618E+21,7.096E+15,4.93327E+16
115904,,10,0,41,518,2017,5,17,4,3,1,7,1,1,0,0,1,0,0,3.58789E+20,5.46297E+21,7.05751E+15,4.93031E+16
115905,,10,0,41,100,2017,5,8,4,2,6,4,1,0,1,0,0,0,0,3.52408E+20,5.45604E+21,6.97234E+15,4.92393E+16
115906,,10,0,41,100,2017,5,7,4,2,8,1,0,1,0,0,0,0,0,3.55522E+20,5.4565E+21,7.01492E+15,4.92443E+16
115907,,10,0,41,513,2017,4,11,2,3,6,6,0,1,1,0,0,0,0,3.52594E+20,5.46726E+21,6.97075E+15,4.93403E+16
115908,,10,0,41,519,2017,4,14,2,3,3,6,0,1,0,0,0,0,0,3.44461E+20,5.45701E+21,6.86286E+15,4.92461E+16
115909,,10,0,46,117,2017,4,14,1,3,0,1,0,0,0,1,0,0,0,3.60943E+20,5.48202E+21,7.08045E+15,4.94749E+16
115910,,10,0,45,114,2017,4,16,1,3,2,6,0,1,0,0,1,0,0,3.7796E+20,5.46789E+21,7.31959E+15,4.93515E+16
115911,,10,0,45,114,2017,5,18,3,3,2,6,0,1,0,0,0,0,0,3.79024E+20,5.46364E+21,7.33551E+15,4.93135E+16
115912,,10,0,45,114,2017,4,15,1,3,5,3,0,1,0,1,0,0,0,3.79543E+20,5.4666E+21,7.34176E+15,4.93402E+16
115913,,10,0,44,116,2017,5,13,3,3,4,6,0,1,0,0,0,0,0,3.42481E+20,5.47051E+21,6.83035E+15,4.93669E+16
115914,,10,0,43,116,2017,4,17,1,2,8,7,0,1,0,0,0,0,0,3.61525E+20,5.46962E+21,7.0928E+15,4.93635E+16
115915,,10,0,41,518,2017,5,12,3,3,2,6,0,0,0,1,0,0,0,3.58622E+20,5.46223E+21,7.05547E+15,4.92964E+16
115916,,10,0,45,112,2017,5,16,2,3,2,2,0,0,0,1,0,0,0,3.74855E+20,5.45808E+21,7.27992E+15,4.92626E+16
115917,,10,0,46,115,2017,5,16,2,2,5,3,0,1,0,1,0,0,0,3.51005E+20,5.49659E+21,6.93785E+15,4.96035E+16
115918,,10,0,43,116,2017,5,14,2,3,6,4,0,1,1,0,0,0,0,3.6288E+20,5.46803E+21,7.112E+15,4.93495E+16
115919,,10,0,44,112,2017,5,14,2,3,2,6,0,1,0,0,0,0,0,3.48567E+20,5.47471E+21,6.91252E+15,4.94062E+16
115920,,10,0,44,112,2017,5,12,2,3,1,7,0,1,0,0,1,0,0,3.4927E+20,5.47609E+21,6.92168E+15,4.94188E+16
115921,,10,0,44,120,2017,5,7,2,3,2,6,0,1,0,0,0,0,0,3.41322E+20,5.45766E+21,6.8195E+15,4.92512E+16
115922,,10,0,41,517,2017,5,11,2,3,1,6,0,1,0,0,0,0,0,3.51586E+20,5.46241E+21,6.95869E+15,4.92964E+16
115923,,10,0,41,516,2017,5,18,2,3,5,3,1,1,0,0,0,0,0,3.5846E+20,5.46536E+21,7.05214E+15,4.93245E+16
115924,,10,0,41,511,2017,5,14,2,2,1,5,0,1,0,0,0,0,0,3.61448E+20,5.46618E+21,7.09294E+15,4.93326E+16
115925,,10,0,41,519,2017,5,18,2,3,3,7,0,1,0,1,0,0,0,3.44293E+20,5.45768E+21,6.86029E+15,4.92521E+16
115926,,10,0,46,117,2017,5,5,1,3,9,7,0,0,0,0,1,0,0,3.67866E+20,5.48107E+21,7.17629E+15,4.94679E+16
115927,,10,0,43,114,2017,4,19,1,2,0,1,1,0,0,0,0,1,0,3.67792E+20,5.46857E+21,7.17943E+15,4.93555E+16
115928,,10,0,46,117,2017,4,13,7,3,2,6,0,1,0,0,0,0,0,3.6291E+20,5.48476E+21,7.10664E+15,4.95E+16
115929,,10,0,46,117,2017,4,0,7,3,9,1,0,1,0,0,0,2,0,3.69775E+20,5.48345E+21,7.20183E+15,4.94897E+16
115930,,10,0,45,115,2017,4,14,7,2,7,3,1,1,0,0,0,0,0,3.73993E+20,5.46273E+21,7.26661E+15,4.93043E+16
115931,,10,0,43,111,2017,4,15,7,3,5,3,0,1,0,1,0,0,0,3.53442E+20,5.47088E+21,6.98108E+15,4.9373E+16
115932,,10,0,46,111,2017,4,3,7,2,9,1,0,1,0,0,0,2,0,3.69227E+20,5.49023E+21,7.19202E+15,4.95506E+16