OBJECTID,UIDENTSTLA,ULAND,UREGBEZ,UKREIS,UGEMEINDE,UJAHR,UMONAT,USTUNDE,UWOCHENTAG,UKATEGORIE,UART,UTYP1,IstRad,IstPKW,IstFuss,IstKrad,IstSonstig,LICHT,STRZUSTAND,LINREFX,LINREFY,XGCSWGS84,YGCSWGS84
116120,,10,0,45,114,2017,3,7,2,3,1,6,0,1,0,0,1,0,0,3.778E+20,5.46777E+21,7.31742E+15,4.93504E+16
116121,,10,0,41,519,2017,5,14,3,3,1,5,0,1,0,0,0,0,0,3.41616E+20,5.45528E+21,6.82447E+15,4.92298E+16
116122,,10,0,41,519,2017,5,7,3,3,2,2,0,0,0,0,1,0,0,3.4165E+20,5.45389E+21,6.8255E+15,4.92173E+16
116123,,10,0,43,114,2017,3,13,2,3,4,7,0,1,0,0,1,0,0,3.70602E+20,5.47276E+21,7.21674E+15,4.93938E+16
116124,,10,0,41,100,2017,5,23,3,3,9,5,1,1,0,0,0,2,0,3.50332E+20,5.45634E+21,6.94373E+15,4.92416E+16
116125,,10,0,41,100,2017,5,15,3,3,5,2,1,1,0,0,0,0,0,3.52061E+20,5.4536E+21,6.96848E+15,4.92173E+16
116126,,10,0,41,100,2017,3,17,2,3,6,4,0,0,1,0,1,0,0,3.51816E+20,5.45724E+21,6.96376E+15,4.925E+16
116127,,10,0,46,117,2017,5,17,2,3,5,3,0,1,0,1,0,0,0,3.67308E+20,5.48238E+21,7.16815E+15,4.94796E+16
116128,,10,0,45,114,2017,5,19,2,3,2,6,0,1,0,1,0,0,0,3.7736E+20,5.46611E+21,7.31187E+15,4.93354E+16
116129,,10,0,42,112,2017,5,15,2,3,0,1,0,0,0,1,0,0,0,3.39108E+20,5.48558E+21,6.77782E+15,4.95015E+16
116130,,10,0,46,113,2017,3,18,1,3,0,7,0,1,0,0,0,0,0,3.67853E+20,5.48853E+21,7.17361E+15,4.9535E+16
116131,,10,0,45,113,2017,3,7,1,2,8,1,0,1,0,0,0,0,0,3.70948E+20,5.44583E+21,7.23019E+15,4.91518E+16
116132,,10,0,42,114,2017,3,15,1,3,9,1,0,0,0,1,0,0,0,3.29699E+20,5.48615E+21,6.64773E+15,4.9504E+16
116133,,10,0,42,113,2017,3,12,1,3,1,6,0,1,0,0,0,0,0,3.28437E+20,5.47913E+21,6.63336E+15,4.94406E+16
116134,,10,0,42,114,2017,5,15,2,3,1,6,0,0,0,0,1,0,0,3.25232E+20,5.48518E+21,6.58651E+15,4.94941E+16
116135,,10,0,44,120,2017,3,19,1,3,1,7,0,1,0,1,0,2,0,3.39733E+20,5.45952E+21,6.79694E+15,4.92674E+16
116136,,10,0,41,100,2017,3,14,1,2,3,6,0,1,0,0,0,0,0,3.55631E+20,5.4538E+21,7.01739E+15,4.922E+16
116137,,10,0,43,113,2017,5,18,2,3,8,7,0,0,0,1,0,0,0,3.607E+20,5.46899E+21,7.08167E+15,4.93577E+16
116138,,10,0,42,117,2017,3,9,7,3,2,2,0,1,0,0,0,0,0,3.40565E+20,5.48979E+21,6.79622E+15,4.95397E+16
116139,,10,0,42,111,2017,3,11,7,3,5,3,0,1,0,0,0,0,0,3.36058E+20,5.48037E+21,6.73788E+15,4.94538E+16
116140,,10,0,43,113,2017,5,0,2,2,1,5,0,1,0,0,0,2,0,3.61225E+20,5.47029E+21,7.08845E+15,4.93695E+16
116141,,10,0,43,113,2017,3,19,7,2,4,2,0,1,0,1,0,2,0,3.58447E+20,5.46834E+21,7.05089E+15,4.93513E+16
116142,,10,0,43,114,2017,5,19,2,3,1,6,0,1,0,0,0,0,0,3.67817E+20,5.47107E+21,7.17893E+15,4.9378E+16
116143,,10,0,44,111,2017,5,13,2,3,0,5,0,1,0,0,1,0,0,3.348E+20,5.46919E+21,6.72519E+15,4.9353E+16
116144,,10,0,43,112,2017,3,7,7,3,5,3,0,1,0,0,0,0,0,3.60147E+20,5.47259E+21,7.07279E+15,4.93899E+16
116145,,10,0,44,118,2017,5,10,2,3,5,3,0,1,0,0,1,0,0,3.45372E+20,5.46552E+21,6.87207E+15,4.93228E+16
116146,,10,0,44,122,2017,5,7,2,3,3,6,0,1,0,0,0,0,0,3.40803E+20,5.46147E+21,6.81086E+15,4.92852E+16
116147,,10,0,41,518,2017,3,21,7,3,5,3,0,1,0,1,0,2,0,3.59197E+20,5.46383E+21,7.06281E+15,4.9311E+16
116148,,10,0,44,120,2017,5,7,2,3,1,6,1,1,0,0,0,0,0,3.39737E+20,5.45889E+21,6.79724E+15,4.92618E+16
116149,,10,0,44,115,2017,5,17,2,3,4,2,0,1,0,0,0,0,0,3.35696E+20,5.46381E+21,6.73973E+15,4.93049E+16
116150,,10,0,41,518,2017,5,16,2,3,5,2,0,1,0,0,0,0,0,3.58811E+20,5.46308E+21,7.05777E+15,4.93041E+16
116151,,10,0,46,117,2017,5,15,1,3,1,2,0,1,0,0,0,0,0,3.67004E+20,5.48321E+21,7.16367E+15,4.94869E+16
116152,,10,0,46,118,2017,5,9,1,3,9,1,0,1,0,0,0,0,0,3.54546E+20,5.48247E+21,6.99204E+15,4.94774E+16
116153,,10,0,44,119,2017,5,20,1,2,5,2,0,1,0,1,0,0,0,3.32463E+20,5.45706E+21,6.69811E+15,4.92434E+16
116154,,10,0,41,513,2017,5,19,1,2,3,3,0,1,0,0,0,0,0,3.50305E+20,5.46835E+21,6.93886E+15,4.93494E+16
116155,,10,0,42,115,2017,5,17,1,2,2,1,0,1,0,1,0,0,0,3.1477E+20,5.48903E+21,6.44037E+15,4.95255E+16
116156,,10,0,42,113,2017,5,17,7,3,1,6,0,1,0,0,0,0,0,3.2787E+20,5.47928E+21,6.62547E+15,4.94418E+16
116157,,10,0,44,116,2017,5,23,7,3,9,1,0,0,0,1,0,2,0,3.40411E+20,5.46853E+21,6.80266E+15,4.93485E+16
116158,,10,0,44,121,2017,5,16,7,3,8,5,0,1,0,0,0,0,0,3.3027E+20,5.46714E+21,6.66374E+15,4.93333E+16
116159,,10,0,41,100,2017,5,15,7,3,0,7,1,0,0,0,0,0,0,3.50661E+20,5.45626E+21,6.94828E+15,4.92409E+16
116160,,10,0,46,117,2017,5,14,6,3,5,3,0,1,0,0,0,0,0,3.71862E+20,5.47851E+21,7.23223E+15,4.94457E+16
116161,,10,0,41,100,2017,3,11,7,3,0,1,0,1,0,1,0,0,0,3.57545E+20,5.46028E+21,7.04136E+15,4.92787E+16
116162,,10,0,46,118,2017,3,14,6,2,3,6,0,1,0,0,1,0,0,3.53524E+20,5.48109E+21,6.97846E+15,4.94647E+16
116163,,10,0,45,117,2017,3,19,6,3,8,7,0,1,0,0,0,2,0,3.60243E+20,5.45461E+21,7.08041E+15,4.92283E+16
116164,,10,0,42,113,2017,3,15,6,2,6,4,0,1,1,0,0,0,0,3.28949E+20,5.47935E+21,6.64032E+15,4.94427E+16
116165,,10,0,43,114,2017,3,12,6,3,0,6,0,1,0,0,0,0,0,3.69495E+20,5.46808E+21,7.20302E+15,4.93515E+16
116166,,10,0,44,111,2017,3,19,6,3,6,4,0,1,1,0,0,2,0,3.34404E+20,5.46969E+21,6.71952E+15,4.93574E+16
116167,,10,0,44,111,2017,3,5,6,3,5,3,1,1,0,0,0,2,0,3.35013E+20,5.46893E+21,6.72823E+15,4.93508E+16
116168,,10,0,41,513,2017,3,11,6,3,1,6,0,1,0,0,0,0,0,3.49903E+20,5.46916E+21,6.93302E+15,4.93567E+16
116169,,10,0,41,100,2017,3,16,6,3,5,3,0,1,0,0,0,0,0,3.5376E+20,5.45536E+21,6.99115E+15,4.92335E+16
116170,,10,0,45,114,2017,3,16,5,2,8,1,0,1,0,0,0,0,1,3.7729E+20,5.46095E+21,7.3125E+15,4.9289E+16
116171,,10,0,43,113,2017,3,20,5,3,2,6,0,1,0,0,0,2,0,3.58682E+20,5.46872E+21,7.05399E+15,4.93548E+16
116172,,10,0,43,111,2017,3,16,5,3,4,6,0,1,0,0,1,0,0,3.52002E+20,5.47271E+21,6.96058E+15,4.93891E+16
116173,,10,0,41,517,2017,3,7,5,3,6,4,0,1,1,0,0,0,1,3.50604E+20,5.46338E+21,6.94483E+15,4.93049E+16
116174,,10,0,46,113,2017,3,7,4,3,8,1,0,1,0,0,0,0,0,3.68537E+20,5.48809E+21,7.18321E+15,4.95311E+16
116175,,10,0,42,116,2017,3,18,4,1,9,1,0,1,0,0,0,2,1,3.4476E+20,5.48561E+21,6.85581E+15,4.95032E+16
116176,,10,0,42,113,2017,3,16,4,3,1,2,0,1,0,0,0,0,1,3.27613E+20,5.47932E+21,6.62192E+15,4.9442E+16
116177,,10,0,42,113,2017,3,9,4,3,2,6,0,1,0,0,0,0,0,3.28466E+20,5.47913E+21,6.63376E+15,4.94406E+16
116178,,10,0,43,117,2017,3,13,4,3,8,1,0,1,0,0,0,0,1,3.64741E+20,5.46493E+21,7.13867E+15,4.93221E+16
116179,,10,0,44,111,2017,3,17,4,3,5,3,0,1,0,0,0,0,1,3.35865E+20,5.47007E+21,6.73947E+15,4.93612E+16
116180,,10,0,44,123,2017,3,17,4,3,2,2,0,1,0,0,0,0,1,3.37893E+20,5.46381E+21,6.76992E+15,4.93055E+16
116181,,10,0,46,117,2017,5,11,6,3,1,5,0,1,0,0,0,0,0,3.67136E+20,5.48119E+21,7.16617E+15,4.94688E+16
116182,,10,0,44,115,2017,3,10,4,1,0,7,0,1,0,0,0,0,1,3.3789E+20,5.46625E+21,6.7689E+15,4.93274E+16
116183,,10,0,45,112,2017,5,15,6,2,6,4,0,1,1,0,0,0,0,3.67766E+20,5.45291E+21,7.18424E+15,4.92147E+16
116184,,10,0,45,117,2017,3,9,3,3,2,2,0,1,0,0,1,0,0,3.64084E+20,5.46013E+21,7.13126E+15,4.92788E+16
116185,,10,0,45,114,2017,3,18,3,3,2,6,0,1,0,0,1,1,1,3.74881E+20,5.46548E+21,7.27796E+15,4.93292E+16
116186,,10,0,45,114,2017,5,15,6,2,8,1,0,1,0,0,0,0,1,3.79913E+20,5.46346E+21,7.3478E+15,4.93121E+16
116187,,10,0,42,117,2017,3,19,3,3,0,7,0,1,0,0,1,2,0,3.42902E+20,5.48794E+21,6.82923E+15,4.95237E+16
116188,,10,0,42,112,2017,5,22,6,3,9,1,0,1,0,0,0,2,0,3.39406E+20,5.48599E+21,6.78176E+15,4.95052E+16
116189,,10,0,44,117,2017,5,7,6,3,2,6,0,1,0,0,0,0,1,3.45336E+20,5.47851E+21,6.86653E+15,4.94395E+16
116190,,10,0,43,114,2017,3,14,3,2,9,7,0,1,0,0,0,0,0,3.64087E+20,5.46514E+21,7.1296E+15,4.93239E+16
116191,,10,0,44,111,2017,5,17,6,3,6,4,0,1,1,0,0,0,0,3.34272E+20,5.46986E+21,6.71764E+15,4.93589E+16
116192,,10,0,41,100,2017,5,20,6,3,6,2,0,1,1,0,0,0,1,3.50475E+20,5.45628E+21,6.94571E+15,4.9241E+16
116193,,10,0,44,112,2017,3,7,3,3,2,2,0,1,0,0,0,0,1,3.48566E+20,5.47475E+21,6.91249E+15,4.94066E+16
116194,,10,0,41,100,2017,5,19,6,3,5,7,0,1,0,0,1,0,0,3.52187E+20,5.45673E+21,6.96905E+15,4.92455E+16
116195,,10,0,41,100,2017,5,14,6,3,6,4,0,1,1,0,0,0,0,3.50261E+20,5.45681E+21,6.94257E+15,4.92457E+16
116196,,10,0,41,100,2017,5,13,6,3,1,5,0,1,0,0,1,0,0,3.52262E+20,5.45609E+21,6.97032E+15,4.92397E+16
116197,,10,0,41,100,2017,5,22,6,3,3,6,0,1,0,0,0,2,0,3.5177E+20,5.45543E+21,6.96381E+15,4.92337E+16
116198,,10,0,46,112,2017,5,14,5,3,2,6,0,1,0,0,0,0,0,3.59088E+20,5.48212E+21,7.05482E+15,4.94754E+16
116199,,10,0,44,117,2017,5,18,5,3,0,1,1,0,0,0,0,0,1,3.44359E+20,5.48105E+21,6.85206E+15,4.94621E+16
116200,,10,0,44,122,2017,5,17,5,3,1,5,0,1,0,0,0,0,0,3.3986E+20,5.46028E+21,6.79839E+15,4.92743E+16
116201,,10,0,42,116,2017,5,22,4,2,7,7,0,0,0,1,0,2,0,3.51324E+20,5.49252E+21,6.94381E+15,4.9567E+16
116202,,10,0,44,117,2017,5,12,4,3,2,2,0,1,0,1,0,0,0,3.44683E+20,5.47866E+21,6.85748E+15,4.94407E+16
116203,,10,0,45,116,2017,6,16,5,2,0,7,1,0,0,0,0,0,1,3.66381E+20,5.45231E+21,7.16543E+15,4.9209E+16
116204,,10,0,44,116,2017,5,8,4,3,4,1,0,1,0,0,1,0,0,3.42621E+20,5.47054E+21,6.83227E+15,4.93672E+16
116205,,10,0,45,115,2017,6,16,5,3,8,1,0,1,0,0,0,0,1,3.72768E+20,5.46351E+21,7.24953E+15,4.93111E+16
116206,,10,0,44,123,2017,5,16,4,3,2,6,0,1,0,0,0,0,0,3.39093E+20,5.46367E+21,6.78648E+15,4.93045E+16
116207,,10,0,41,513,2017,5,21,4,3,0,7,0,1,0,1,0,2,0,3.49925E+20,5.46829E+21,6.93365E+15,4.93489E+16
116208,,10,0,41,100,2017,5,16,4,3,2,6,0,1,0,0,0,0,0,3.58374E+20,5.45213E+21,7.05562E+15,4.92056E+16
116209,,10,0,45,114,2017,5,13,3,3,9,7,1,0,0,0,0,0,0,3.77928E+20,5.46159E+21,7.32107E+15,4.92948E+16
116210,,10,0,45,114,2017,6,15,5,3,1,6,0,1,0,0,0,0,1,3.79326E+20,5.46527E+21,7.33918E+15,4.93282E+16
116211,,10,0,45,114,2017,5,6,3,3,2,2,0,1,0,0,0,0,0,3.77055E+20,5.45855E+21,7.31001E+15,4.92673E+16
116212,,10,0,42,114,2017,6,15,5,3,5,3,0,1,0,0,0,0,0,3.20511E+20,5.48612E+21,6.52095E+15,4.95011E+16
116213,,10,0,43,114,2017,6,16,5,3,2,6,0,1,0,0,0,0,1,3.67911E+20,5.46547E+21,7.18208E+15,4.93277E+16
116214,,10,0,44,115,2017,6,14,5,3,2,6,0,1,0,0,0,0,1,3.35894E+20,5.46776E+21,6.74083E+15,4.93405E+16
116215,,10,0,44,115,2017,6,12,5,3,2,2,0,1,0,0,1,0,0,3.34494E+20,5.46129E+21,6.72425E+15,4.92819E+16
116216,,10,0,44,114,2017,5,19,3,3,5,2,0,1,0,0,0,0,0,3.31644E+20,5.47178E+21,6.68067E+15,4.93755E+16
116217,,10,0,41,513,2017,6,12,5,3,1,6,0,1,0,0,0,0,0,3.54808E+20,5.46779E+21,7.00102E+15,4.93455E+16
116218,,10,0,46,117,2017,6,15,4,2,2,2,0,1,0,0,0,0,0,3.71358E+20,5.47939E+21,7.225E+15,4.94535E+16
116219,,10,0,44,119,2017,5,15,3,3,5,2,0,1,0,0,0,0,0,3.33318E+20,5.45684E+21,6.70994E+15,4.92416E+16
116220,,10,0,45,114,2017,6,22,4,3,5,3,0,1,0,0,0,1,0,3.78266E+20,5.46974E+21,7.32324E+15,4.93682E+16
116221,,10,0,44,115,2017,5,17,3,3,3,6,0,1,0,0,0,0,0,3.36395E+20,5.46606E+21,6.74842E+15,4.93253E+16
116222,,10,0,46,115,2017,6,6,4,2,8,1,0,1,0,0,0,0,1,3.52694E+20,5.4968E+21,6.96114E+15,4.96058E+16
116223,,10,0,44,115,2017,5,9,3,3,5,3,0,1,0,1,0,0,0,3.36794E+20,5.46603E+21,6.75392E+15,4.93251E+16
116224,,10,0,41,516,2017,5,19,3,2,4,3,0,1,0,1,0,0,0,3.58116E+20,5.46546E+21,7.04737E+15,4.93254E+16
116225,,10,0,41,100,2017,5,18,3,3,5,2,0,1,0,1,0,0,0,3.56307E+20,5.4597E+21,7.02455E+15,4.92731E+16
116226,,10,0,41,514,2017,5,14,3,3,3,7,0,1,0,0,0,0,0,3.57108E+20,5.44597E+21,7.04045E+15,4.91499E+16
116227,,10,0,41,515,2017,3,16,3,3,2,6,0,1,0,0,0,0,1,3.46168E+20,5.46071E+21,6.88488E+15,4.92798E+16
116228,,10,0,41,516,2017,3,5,3,3,5,3,0,1,0,0,0,2,1,3.58259E+20,5.46713E+21,7.04873E+15,4.93404E+16
116229,,10,0,41,519,2017,3,11,3,3,2,6,0,1,0,0,0,0,1,3.4363E+20,5.45758E+21,6.85123E+15,4.9251E+16
116230,,10,0,41,100,2017,3,9,3,3,0,1,0,1,0,0,0,0,1,3.53917E+20,5.45539E+21,6.99329E+15,4.92339E+16
116231,,10,0,46,113,2017,3,7,2,3,2,6,0,1,0,0,0,0,1,3.66049E+20,5.48462E+21,7.15002E+15,4.94994E+16
116232,,10,0,44,112,2017,3,8,2,3,2,6,0,1,0,0,0,0,0,3.47096E+20,5.47597E+21,6.89177E+15,4.94172E+16
116233,,10,0,44,122,2017,3,17,2,3,2,6,0,1,0,0,0,0,0,3.38833E+20,5.46183E+21,6.78365E+15,4.9288E+16
116234,,10,0,44,117,2017,3,11,1,3,8,1,0,1,0,0,0,0,1,3.4472E+20,5.47869E+21,6.85796E+15,4.94411E+16
116235,,10,0,43,111,2017,3,0,1,3,9,1,0,1,0,0,0,2,1,3.55546E+20,5.474E+21,7.00892E+15,4.94016E+16
116236,,10,0,41,511,2017,3,10,7,2,9,1,0,0,0,0,1,0,0,3.60646E+20,5.46478E+21,7.0824E+15,4.93198E+16
116237,,10,0,41,519,2017,3,2,7,3,9,1,0,1,0,0,0,2,0,3.42596E+20,5.4559E+21,6.8377E+15,4.92356E+16
116238,,10,0,42,116,2017,3,14,6,3,2,2,0,1,0,0,0,0,0,3.50426E+20,5.48814E+21,6.93305E+15,4.95274E+16
116239,,10,0,42,113,2017,6,13,4,2,3,7,1,1,0,0,0,0,1,3.26832E+20,5.47937E+21,6.61113E+15,4.94423E+16
116240,,10,0,41,100,2017,5,11,3,3,2,6,0,1,0,0,0,0,0,3.54163E+20,5.45569E+21,6.99656E+15,4.92366E+16
116241,,10,0,44,115,2017,3,18,6,3,3,7,0,1,0,0,0,1,0,3.38475E+20,5.46869E+21,6.77595E+15,4.93495E+16
116242,,10,0,44,116,2017,6,16,4,3,1,6,0,1,0,0,0,0,0,3.40406E+20,5.4694E+21,6.80224E+15,4.93564E+16
116243,,10,0,45,114,2017,5,14,2,3,5,3,1,1,0,0,0,0,0,3.79271E+20,5.4654E+21,7.33838E+15,4.93294E+16
116244,,10,0,41,516,2017,3,13,6,3,4,6,0,0,0,1,1,0,0,3.5663E+20,5.46281E+21,7.02788E+15,4.93012E+16
116245,,10,0,41,517,2017,6,17,4,3,2,6,0,1,0,0,0,0,0,3.51022E+20,5.46247E+21,6.95091E+15,4.92968E+16
116246,,10,0,41,513,2017,6,10,4,3,4,2,0,1,0,0,0,0,0,3.49913E+20,5.46829E+21,6.93349E+15,4.93489E+16
116247,,10,0,41,515,2017,5,18,2,3,1,6,0,1,0,0,0,0,0,3.48484E+20,5.46467E+21,6.91519E+15,4.9316E+16
116248,,10,0,41,513,2017,5,5,2,3,9,1,0,1,0,0,0,0,0,3.54593E+20,5.4684E+21,6.99784E+15,4.9351E+16
116249,,10,0,41,514,2017,3,16,6,3,0,1,0,0,0,1,0,0,0,3.58874E+20,5.44217E+21,7.06598E+15,4.91162E+16
116250,,10,0,41,100,2017,6,14,4,3,4,7,1,1,0,0,0,0,0,3.57079E+20,5.46039E+21,7.03491E+15,4.92796E+16
116251,,10,0,41,518,2017,5,16,2,3,0,7,1,1,0,0,0,0,0,3.58692E+20,5.46229E+21,7.05641E+15,4.9297E+16
116252,,10,0,41,514,2017,6,20,4,2,6,4,0,1,1,0,0,0,0,3.57481E+20,5.44522E+21,7.04583E+15,4.91432E+16
116253,,10,0,41,100,2017,5,12,2,3,2,6,0,1,0,0,0,0,0,3.48303E+20,5.45693E+21,6.91564E+15,4.92464E+16
116254,,10,0,41,100,2017,6,17,4,2,2,6,0,1,0,0,0,0,0,3.56771E+20,5.44996E+21,7.03441E+15,4.91857E+16
116255,,10,0,45,117,2017,5,8,1,3,9,1,0,1,0,0,0,0,1,3.66219E+20,5.45834E+21,7.1612E+15,4.92632E+16
116256,,10,0,41,100,2017,3,15,6,3,2,6,0,1,0,0,0,0,0,3.53807E+20,5.45607E+21,6.99154E+15,4.92399E+16
116257,,10,0,41,100,2017,6,16,4,3,5,3,1,1,0,0,0,0,0,3.57546E+20,5.4528E+21,7.04404E+15,4.92114E+16
116258,,10,0,46,117,2017,3,18,5,2,2,6,0,1,0,0,0,2,0,3.6502E+20,5.48128E+21,7.13695E+15,4.94691E+16
116259,,10,0,44,123,2017,6,10,3,3,0,1,0,0,0,1,0,0,1,3.38765E+20,5.46196E+21,6.78266E+15,4.92891E+16
116260,,10,0,45,116,2017,5,10,1,3,9,1,0,0,0,1,0,0,1,3.69164E+20,5.44974E+21,7.20446E+15,4.91865E+16
116261,,10,0,41,516,2017,6,14,3,3,9,1,0,1,0,0,0,0,1,3.51743E+20,5.46257E+21,6.96079E+15,4.92979E+16
116262,,10,0,45,114,2017,5,17,1,3,5,3,0,1,0,0,0,0,1,3.7844E+20,5.46424E+21,7.32731E+15,4.93188E+16
116263,,10,0,41,100,2017,6,14,3,3,2,6,0,1,0,0,0,0,1,3.54784E+20,5.45657E+21,7.00477E+15,4.92446E+16
116264,,10,0,45,114,2017,6,20,2,3,8,6,0,1,0,0,1,0,0,3.76999E+20,5.47168E+21,7.30518E+15,4.93854E+16
116265,,10,0,44,111,2017,5,17,1,3,0,7,0,0,0,1,0,0,1,3.34085E+20,5.47027E+21,6.71489E+15,4.93625E+16
116266,,10,0,44,123,2017,5,19,1,3,5,7,0,1,0,0,0,0,1,3.38199E+20,5.464E+21,6.77406E+15,4.93073E+16
116267,,10,0,45,115,2017,6,10,2,3,2,6,0,1,0,0,0,0,0,3.73083E+20,5.46331E+21,7.25392E+15,4.93093E+16
116268,,10,0,44,118,2017,5,18,1,2,0,1,0,0,0,1,0,0,1,3.39732E+20,5.46138E+21,6.79618E+15,4.92841E+16
116269,,10,0,41,100,2017,5,23,1,3,0,1,0,1,0,0,0,2,1,3.52912E+20,5.45566E+21,6.97939E+15,4.9236E+16
116270,,10,0,43,117,2017,6,12,2,3,1,5,0,1,0,1,0,0,0,3.65544E+20,5.46394E+21,7.15004E+15,4.93134E+16
116271,,10,0,43,115,2017,6,17,2,3,4,6,0,1,0,1,0,0,0,3.70434E+20,5.47313E+21,7.21431E+15,4.9397E+16
116272,,10,0,41,100,2017,5,10,1,3,0,1,0,1,0,0,0,0,1,3.52858E+20,5.45566E+21,6.97865E+15,4.92361E+16
116273,,10,0,41,519,2017,5,12,7,2,6,4,0,1,1,0,0,0,0,3.40426E+20,5.45443E+21,6.80849E+15,4.92219E+16
116274,,10,0,44,115,2017,6,10,2,3,0,6,0,1,0,0,0,0,0,3.359E+20,5.46773E+21,6.74093E+15,4.93402E+16
116275,,10,0,45,116,2017,5,16,6,3,8,1,0,0,0,1,0,0,0,3.64091E+20,5.44785E+21,7.13552E+15,4.91684E+16
116276,,10,0,44,115,2017,6,7,2,3,1,7,0,1,0,0,0,0,0,3.33709E+20,5.46316E+21,6.71269E+15,4.92986E+16
116277,,10,0,42,115,2017,5,12,6,3,4,7,0,1,0,0,0,0,0,3.09688E+20,5.48499E+21,6.37217E+15,4.94877E+16
116278,,10,0,43,116,2017,5,23,6,3,1,5,0,1,0,0,0,2,0,3.63978E+20,5.47106E+21,7.12608E+15,4.9377E+16
116279,,10,0,44,111,2017,5,9,6,3,2,6,0,1,0,0,0,0,0,3.34974E+20,5.46896E+21,6.72767E+15,4.9351E+16
116280,,10,0,44,115,2017,5,12,6,3,0,4,0,0,1,0,1,0,0,3.36976E+20,5.46386E+21,6.7573E+15,4.93057E+16
116281,,10,0,41,513,2017,6,14,2,3,1,5,0,1,0,1,0,0,0,3.54741E+20,5.46772E+21,7.00012E+15,4.93449E+16
116282,,10,0,41,519,2017,5,13,6,3,2,6,0,1,0,0,0,0,0,3.44294E+20,5.45758E+21,6.86034E+15,4.92511E+16
116283,,10,0,45,112,2017,6,5,1,3,8,1,0,1,0,0,0,0,0,3.74767E+20,5.45687E+21,7.27909E+15,4.92517E+16
116284,,10,0,41,519,2017,5,13,6,1,6,4,0,0,1,0,1,0,0,3.44252E+20,5.4572E+21,6.85991E+15,4.92478E+16
116285,,10,0,42,112,2017,6,15,1,3,1,5,1,1,0,0,0,0,0,3.37488E+20,5.48583E+21,6.75535E+15,4.95033E+16
116286,,10,0,42,114,2017,5,15,5,3,4,1,0,1,0,0,0,0,1,3.25096E+20,5.48581E+21,6.58436E+15,4.94997E+16
116287,,10,0,42,113,2017,6,14,1,2,9,7,0,1,0,0,0,0,0,3.25751E+20,5.48139E+21,6.59533E+15,4.94602E+16
116288,,10,0,43,113,2017,5,11,5,3,0,4,0,1,1,0,0,0,0,3.596E+20,5.46955E+21,7.06634E+15,4.93625E+16
116289,,10,0,43,112,2017,6,16,1,3,1,2,0,1,0,0,0,0,0,3.55018E+20,5.4696E+21,7.00325E+15,4.93619E+16
116290,,10,0,41,100,2017,6,15,1,3,9,7,0,1,0,0,0,0,0,3.54731E+20,5.45977E+21,7.00288E+15,4.92734E+16
116291,,10,0,44,111,2017,5,15,5,3,4,7,0,1,0,0,1,0,0,3.36095E+20,5.47029E+21,6.74254E+15,4.93633E+16
116292,,10,0,45,111,2017,6,18,7,2,0,7,0,1,0,0,0,0,0,3.73679E+20,5.46408E+21,7.26187E+15,4.93164E+16
116293,,10,0,43,116,2017,6,13,7,2,4,2,0,1,0,1,0,0,0,3.63162E+20,5.47271E+21,7.11428E+15,4.93917E+16
116294,,10,0,44,123,2017,5,9,4,3,1,5,1,1,0,0,0,0,0,3.38218E+20,5.46402E+21,6.77431E+15,4.93075E+16
116295,,10,0,44,122,2017,6,14,7,3,0,1,0,0,0,1,0,0,0,3.39642E+20,5.46041E+21,6.79533E+15,4.92754E+16
116296,,10,0,41,519,2017,6,14,7,3,2,2,0,1,0,0,0,0,0,3.41576E+20,5.45727E+21,6.82314E+15,4.92477E+16
116297,,10,0,41,515,2017,5,16,4,3,5,3,0,1,0,0,0,0,0,3.46074E+20,5.46134E+21,6.88334E+15,4.92854E+16
116298,,10,0,41,519,2017,6,21,7,3,5,3,1,0,0,1,0,0,0,3.47733E+20,5.45708E+21,6.90776E+15,4.92476E+16
116299,,10,0,41,100,2017,5,21,4,3,2,6,0,1,0,0,0,2,0,3.54938E+20,5.46035E+21,7.00552E+15,4.92787E+16
116300,,10,0,41,100,2017,6,20,7,3,5,3,1,1,0,0,0,0,0,3.53775E+20,5.4554E+21,6.99134E+15,4.92339E+16
116301,,10,0,41,516,2017,5,16,4,3,2,6,0,1,0,0,0,0,1,3.59073E+20,5.46678E+21,7.06006E+15,4.93375E+16
116302,,10,0,46,113,2017,6,10,6,2,8,1,0,0,0,1,0,0,0,3.6986E+20,5.48714E+21,7.20179E+15,4.95229E+16
116303,,10,0,41,519,2017,5,15,4,3,1,7,0,1,0,0,1,0,0,3.41588E+20,5.45527E+21,6.8241E+15,4.92297E+16
116304,,10,0,41,100,2017,5,6,4,3,1,2,0,1,0,0,0,0,0,3.58593E+20,5.45198E+21,7.05869E+15,4.92043E+16
116305,,10,0,46,118,2017,5,13,3,3,2,2,0,1,0,0,0,0,0,3.54593E+20,5.48072E+21,6.99333E+15,4.94617E+16
116306,,10,0,42,116,2017,5,6,3,3,1,6,0,1,0,0,1,0,0,3.43451E+20,5.48323E+21,6.83869E+15,4.94815E+16
116307,,10,0,42,114,2017,3,12,5,3,1,6,0,1,0,0,0,0,0,3.28347E+20,5.48467E+21,6.62971E+15,4.94903E+16