OBJECTID,UIDENTSTLA,ULAND,UREGBEZ,UKREIS,UGEMEINDE,UJAHR,UMONAT,USTUNDE,UWOCHENTAG,UKATEGORIE,UART,UTYP1,IstRad,IstPKW,IstFuss,IstKrad,IstSonstig,LICHT,STRZUSTAND,LINREFX,LINREFY,XGCSWGS84,YGCSWGS84
117049,,10,0,46,117,2017,9,17,4,3,5,3,0,1,0,1,0,0,0,3.65926E+20,5.4812E+21,7.14947E+15,4.94686E+16
117050,,10,0,43,116,2017,11,10,3,3,6,7,0,1,1,0,0,0,0,3.6314E+20,5.47261E+21,7.11401E+15,4.93908E+16
117051,,10,0,42,113,2017,9,23,4,3,0,7,1,0,0,0,0,2,0,3.28549E+20,5.47929E+21,6.63482E+15,4.94421E+16
117052,1.1701E+18,1,0,2,0,2017,1,3,1,2,5,3,1,0,0,0,0,2,1,5.73309E+20,6.02302E+21,1.01279E+16,5.43497E+16
117053,,10,0,41,100,2017,9,16,4,3,1,6,0,1,0,0,0,0,0,3.52959E+20,5.45646E+21,6.97974E+15,4.92433E+16
117054,,10,0,46,117,2017,9,14,3,3,5,3,1,1,0,0,0,0,0,3.67782E+20,5.48079E+21,7.17521E+15,4.94654E+16
117055,,10,0,41,100,2017,12,10,7,3,1,6,0,1,0,0,0,0,1,3.5659E+20,5.4618E+21,7.02769E+15,4.92921E+16
117056,,10,0,43,114,2017,11,20,3,3,5,3,0,1,0,1,0,2,0,3.68349E+20,5.47063E+21,7.18641E+15,4.93741E+16
117057,,10,0,45,111,2017,9,22,3,3,5,3,0,1,0,0,0,2,0,3.76482E+20,5.46694E+21,7.29954E+15,4.93427E+16
117058,,10,0,41,513,2017,9,23,3,3,8,1,0,0,0,0,1,2,0,3.47266E+20,5.46686E+21,6.8976E+15,4.93353E+16
117059,,10,0,41,512,2017,12,12,7,3,6,4,0,1,1,0,0,0,0,3.42734E+20,5.4526E+21,6.84087E+15,4.9206E+16
117060,,10,0,43,115,2017,11,15,3,3,1,5,0,1,0,0,0,0,0,3.6595E+20,5.47446E+21,7.15209E+15,4.9408E+16
117061,,10,0,41,100,2017,9,17,3,3,2,6,0,1,0,0,0,0,0,3.54701E+20,5.45645E+21,7.00367E+15,4.92436E+16
117062,,10,0,41,100,2017,12,0,7,3,2,2,0,1,0,0,0,2,1,3.51729E+20,5.45286E+21,6.96419E+15,4.92105E+16
117063,,10,0,46,118,2017,12,16,6,3,8,1,0,1,0,0,0,0,2,3.53324E+20,5.48307E+21,6.97495E+15,4.94826E+16
117064,,10,0,44,115,2017,11,19,3,3,3,6,0,1,0,0,1,2,0,3.35238E+20,5.46745E+21,6.73193E+15,4.93375E+16
117065,,10,0,46,118,2017,9,12,2,3,5,3,0,1,0,0,0,0,0,3.49578E+20,5.48317E+21,6.92324E+15,4.94825E+16
117066,,10,0,45,114,2017,12,17,6,3,9,1,0,1,0,0,0,2,2,3.78291E+20,5.46406E+21,7.32531E+15,4.93172E+16
117067,,10,0,43,114,2017,12,17,6,3,4,6,0,1,0,0,0,0,2,3.68198E+20,5.4656E+21,7.186E+15,4.93289E+16
117068,,10,0,41,518,2017,11,18,3,3,2,7,0,1,0,0,0,2,1,3.62682E+20,5.46072E+21,7.1118E+15,4.92838E+16
117069,,10,0,41,100,2017,11,14,3,3,2,6,0,1,0,0,0,0,0,3.5397E+20,5.45546E+21,6.99399E+15,4.92344E+16
117070,,10,0,44,112,2017,9,17,2,3,2,6,0,1,0,0,0,0,0,3.47061E+20,5.47627E+21,6.89118E+15,4.94198E+16
117071,,10,0,41,100,2017,12,14,6,3,4,7,0,1,0,1,0,0,1,3.58717E+20,5.45662E+21,7.05876E+15,4.9246E+16
117072,,10,0,45,114,2017,12,17,5,3,2,6,0,1,0,0,0,2,1,3.80484E+20,5.46968E+21,7.35379E+15,4.93681E+16
117073,,10,0,45,111,2017,11,7,2,3,5,3,0,1,0,0,0,0,0,3.75045E+20,5.46722E+21,7.27968E+15,4.93449E+16
117074,,10,0,43,114,2017,12,1,5,2,5,3,0,1,0,0,0,2,1,3.67409E+20,5.4674E+21,7.17454E+15,4.93449E+16
117075,,10,0,43,112,2017,11,16,2,3,4,2,0,1,0,0,0,1,0,3.62719E+20,5.47407E+21,7.10771E+15,4.94038E+16
117076,,10,0,45,116,2017,12,14,4,3,5,3,0,1,0,0,0,0,1,3.6383E+20,5.45081E+21,7.13094E+15,4.9195E+16
117077,,10,0,45,114,2017,7,11,7,3,1,6,0,1,0,0,1,0,0,3.77216E+20,5.45881E+21,7.31214E+15,4.92697E+16
117078,,10,0,42,114,2017,7,11,7,3,8,1,0,0,0,1,0,0,1,3.26613E+20,5.48462E+21,6.60581E+15,4.94895E+16
117079,,10,0,44,120,2017,12,8,4,3,1,7,0,1,0,0,0,1,1,3.39373E+20,5.45957E+21,6.79197E+15,4.92678E+16
117080,,10,0,41,517,2017,12,22,4,3,2,6,0,1,0,0,0,2,1,3.51046E+20,5.46247E+21,6.95125E+15,4.92968E+16
117081,,10,0,44,119,2017,9,20,2,3,6,4,0,1,1,0,0,2,0,3.32562E+20,5.45625E+21,6.69981E+15,4.92361E+16
117082,,10,0,41,513,2017,9,7,2,3,1,6,0,1,0,0,0,0,0,3.49911E+20,5.46913E+21,6.93314E+15,4.93564E+16
117083,,10,0,41,518,2017,9,16,2,3,4,2,0,1,0,0,0,0,0,3.58762E+20,5.46236E+21,7.05735E+15,4.92976E+16
117084,,10,0,41,519,2017,9,6,2,3,2,6,0,1,0,0,0,0,0,3.44375E+20,5.45682E+21,6.86176E+15,4.92443E+16
117085,,10,0,41,100,2017,9,16,2,3,0,7,0,1,0,0,1,0,0,3.56329E+20,5.45119E+21,7.02791E+15,4.91966E+16
117086,,10,0,41,100,2017,12,16,4,2,5,2,0,1,0,0,0,0,1,3.56783E+20,5.44952E+21,7.03473E+15,4.91818E+16
117087,,10,0,44,112,2017,11,17,2,3,2,6,0,1,0,0,0,0,0,3.48566E+20,5.47477E+21,6.91248E+15,4.94068E+16
117088,,10,0,41,100,2017,9,16,1,3,4,1,0,1,0,0,0,0,0,3.53119E+20,5.45645E+21,6.98195E+15,4.92432E+16
117089,,10,0,41,100,2017,12,17,4,3,0,1,0,0,0,1,0,2,1,3.52478E+20,5.45641E+21,6.97316E+15,4.92427E+16
117090,,10,0,44,120,2017,11,17,2,3,4,2,1,1,0,0,0,2,0,3.39945E+20,5.45948E+21,6.79987E+15,4.92672E+16
117091,,10,0,41,100,2017,9,6,1,2,9,1,0,1,0,0,0,2,1,3.49061E+20,5.45625E+21,6.9263E+15,4.92404E+16
117092,,10,0,44,114,2017,12,5,3,2,8,1,0,1,0,0,0,2,1,3.32653E+20,5.47229E+21,6.69435E+15,4.93803E+16
117093,,10,0,41,100,2017,12,13,3,3,0,1,0,0,0,1,0,0,1,3.514E+20,5.45234E+21,6.95987E+15,4.92058E+16
117094,,10,0,43,112,2017,12,21,2,3,0,2,0,1,0,0,0,2,1,3.59572E+20,5.47221E+21,7.06501E+15,4.93864E+16
117095,,10,0,41,100,2017,12,0,2,3,0,1,0,1,0,0,0,2,1,3.50761E+20,5.4556E+21,6.94989E+15,4.9235E+16
117096,,10,0,41,519,2017,11,8,2,3,2,6,0,1,0,0,0,0,0,3.4442E+20,5.45691E+21,6.86233E+15,4.92452E+16
117097,,10,0,45,117,2017,12,14,1,3,8,1,0,1,0,0,0,0,1,3.66557E+20,5.45939E+21,7.16549E+15,4.92727E+16
117098,,10,0,42,116,2017,12,9,1,3,3,7,1,1,0,0,0,1,1,3.47282E+20,5.48831E+21,6.88957E+15,4.95281E+16
117099,,10,0,41,100,2017,7,11,7,3,2,2,0,1,0,0,0,0,0,3.56081E+20,5.45957E+21,7.02149E+15,4.92719E+16
117100,,10,0,43,114,2017,12,6,1,3,5,3,0,1,0,0,0,2,0,3.68259E+20,5.46626E+21,7.18662E+15,4.93348E+16
117101,,10,0,41,515,2017,7,18,7,3,1,3,0,1,0,1,0,0,0,3.46724E+20,5.46224E+21,6.89192E+15,4.92937E+16
117102,,10,0,44,112,2017,12,4,7,3,8,1,0,1,0,0,0,2,1,3.4891E+20,5.47692E+21,6.91641E+15,4.94262E+16
117103,,10,0,41,100,2017,7,15,7,3,2,6,0,1,0,1,0,0,0,3.49021E+20,5.45669E+21,6.9256E+15,4.92443E+16
117104,,10,0,46,113,2017,12,14,6,3,5,3,0,1,0,0,0,0,0,3.65627E+20,5.48711E+21,7.14334E+15,4.95217E+16
117105,,10,0,41,100,2017,7,14,7,3,0,6,0,0,0,1,0,0,0,3.49531E+20,5.46033E+21,6.93123E+15,4.92772E+16
117106,,10,0,46,111,2017,7,17,6,3,1,1,0,1,0,1,0,0,0,3.75946E+20,5.48831E+21,7.28548E+15,4.95347E+16
117107,,10,0,46,113,2017,7,13,6,2,2,6,0,1,0,0,0,0,0,3.67009E+20,5.48319E+21,7.16374E+15,4.94868E+16
117108,,10,0,44,112,2017,7,7,6,3,3,3,0,1,0,0,0,0,0,3.49457E+20,5.47273E+21,6.92553E+15,4.93887E+16
117109,,10,0,44,111,2017,7,12,6,3,1,6,0,1,0,0,0,0,0,3.33051E+20,5.46883E+21,6.70126E+15,4.93494E+16
117110,,10,0,44,115,2017,7,8,6,3,8,1,0,0,0,1,0,0,0,3.36909E+20,5.46204E+21,6.75712E+15,4.92893E+16
117111,,10,0,45,112,2017,12,12,6,3,5,3,0,1,0,0,0,0,0,3.73237E+20,5.45512E+21,7.25863E+15,4.92357E+16
117112,,10,0,41,513,2017,7,14,6,1,8,1,0,1,0,0,0,0,0,3.49902E+20,5.46895E+21,6.93309E+15,4.93548E+16
117113,,10,0,41,100,2017,7,9,6,3,1,6,0,1,0,0,1,0,0,3.51237E+20,5.45631E+21,6.95616E+15,4.92415E+16
117114,,10,0,41,100,2017,7,17,6,3,2,6,0,1,0,0,0,0,0,3.5202E+20,5.45351E+21,6.96794E+15,4.92165E+16
117115,,10,0,41,100,2017,9,3,1,3,9,7,0,1,0,0,0,2,0,3.51672E+20,5.45529E+21,6.9625E+15,4.92324E+16
117116,,10,0,46,117,2017,11,4,1,3,9,1,0,1,0,0,0,2,1,3.66268E+20,5.48064E+21,7.15439E+15,4.94637E+16
117117,,10,0,45,117,2017,7,5,5,3,8,6,0,1,0,0,1,1,0,3.66236E+20,5.46213E+21,7.16017E+15,4.92973E+16
117118,,10,0,45,111,2017,7,18,5,3,2,6,1,1,0,0,0,0,0,3.74425E+20,5.47208E+21,7.26961E+15,4.93885E+16
117119,,10,0,46,118,2017,9,15,7,2,4,1,0,1,0,1,0,0,0,3.55059E+20,5.48122E+21,6.99957E+15,4.94664E+16
117120,,10,0,43,112,2017,11,17,1,3,4,6,0,1,0,0,0,2,0,3.54949E+20,5.46952E+21,7.00233E+15,4.93611E+16
117121,,10,0,45,114,2017,7,14,5,2,5,3,1,1,0,0,0,0,0,3.81144E+20,5.46733E+21,7.36357E+15,4.93471E+16
117122,,10,0,45,117,2017,9,1,7,3,8,1,0,1,0,0,0,2,0,3.61711E+20,5.45808E+21,7.09936E+15,4.92598E+16
117123,,10,0,44,117,2017,7,2,5,3,6,4,0,0,1,0,1,2,0,3.44138E+20,5.47841E+21,6.85005E+15,4.94384E+16
117124,,10,0,43,114,2017,9,12,7,3,1,2,0,1,0,0,0,0,0,3.70993E+20,5.4679E+21,7.22369E+15,4.93501E+16
117125,,10,0,44,117,2017,11,19,1,3,9,7,0,1,0,0,0,2,0,3.43934E+20,5.478E+21,6.84741E+15,4.94346E+16
117126,,10,0,44,115,2017,11,16,1,3,5,3,0,1,0,0,0,0,1,3.37442E+20,5.46146E+21,6.76468E+15,4.92843E+16
117127,,10,0,41,513,2017,7,7,5,3,5,3,1,1,0,0,0,1,0,3.48129E+20,5.46712E+21,6.90939E+15,4.93379E+16
117128,,10,0,44,116,2017,9,13,7,3,4,6,0,1,0,0,0,0,0,3.40691E+20,5.4691E+21,6.80628E+15,4.93537E+16
117129,,10,0,44,116,2017,9,2,7,3,8,1,0,1,0,0,0,2,1,3.41616E+20,5.46884E+21,6.81911E+15,4.93516E+16
117130,,10,0,41,519,2017,11,18,1,3,4,2,0,1,0,0,0,2,1,3.42359E+20,5.45582E+21,6.83446E+15,4.92349E+16
117131,,10,0,41,100,2017,11,14,1,3,1,6,0,1,0,0,0,0,0,3.51551E+20,5.4546E+21,6.96111E+15,4.92262E+16
117132,,10,0,41,519,2017,7,12,5,3,3,5,0,1,0,0,0,0,0,3.4346E+20,5.45799E+21,6.84874E+15,4.92546E+16
117133,,10,0,44,111,2017,9,13,7,3,2,6,0,1,0,0,0,0,0,3.35497E+20,5.46853E+21,6.73505E+15,4.93473E+16
117134,,10,0,46,117,2017,9,7,6,3,2,6,0,1,0,0,0,0,0,3.67987E+20,5.48205E+21,7.17762E+15,4.94767E+16
117135,,10,0,41,100,2017,11,13,1,3,1,6,0,1,0,0,0,0,0,3.53708E+20,5.45534E+21,6.99044E+15,4.92334E+16
117136,,10,0,44,117,2017,11,16,7,2,6,4,0,0,1,0,1,0,0,3.43622E+20,5.47662E+21,6.84364E+15,4.94222E+16
117137,,10,0,41,100,2017,7,18,5,2,0,7,1,0,0,0,0,0,0,3.54142E+20,5.45552E+21,6.99633E+15,4.92351E+16
117138,,10,0,45,112,2017,9,18,6,2,5,3,0,1,0,0,1,0,0,3.69029E+20,5.45326E+21,7.20146E+15,4.92182E+16
117139,,10,0,41,100,2017,11,22,7,3,9,7,0,1,0,0,0,2,1,3.54084E+20,5.45845E+21,6.99447E+15,4.92614E+16
117140,,10,0,44,123,2017,9,20,6,3,0,6,0,1,0,0,0,1,1,3.37782E+20,5.46105E+21,6.76952E+15,4.92806E+16
117141,,10,0,42,112,2017,11,5,6,3,0,7,0,1,0,0,1,2,0,3.32543E+20,5.48451E+21,6.68766E+15,4.94901E+16
117142,,10,0,44,111,2017,11,19,6,3,6,4,0,1,1,0,0,2,0,3.37524E+20,5.47116E+21,6.76186E+15,4.93714E+16
117143,,10,0,44,114,2017,9,17,6,3,9,7,0,1,0,0,0,0,0,3.32037E+20,5.47065E+21,6.68655E+15,4.93654E+16
117144,,10,0,44,115,2017,11,13,6,3,2,6,0,1,0,0,0,0,0,3.37119E+20,5.46601E+21,6.75839E+15,4.93251E+16
117145,,10,0,41,100,2017,9,16,6,3,2,6,0,1,0,0,1,0,0,3.50124E+20,5.45597E+21,6.94101E+15,4.92381E+16
117146,,10,0,41,513,2017,11,15,6,3,5,3,0,1,0,0,0,0,0,3.56061E+20,5.46723E+21,7.01847E+15,4.93408E+16
117147,,10,0,41,100,2017,9,11,6,3,3,5,0,1,0,0,1,0,0,3.51711E+20,5.45751E+21,6.96222E+15,4.92524E+16
117148,,10,0,45,114,2017,12,8,6,3,6,4,0,1,1,0,0,0,1,3.77934E+20,5.45854E+21,7.32208E+15,4.92674E+16
117149,,10,0,41,100,2017,11,19,6,3,5,2,0,1,0,1,0,2,0,3.56061E+20,5.45956E+21,7.02123E+15,4.92718E+16
117150,,10,0,41,100,2017,9,19,6,3,2,6,0,1,0,0,0,1,0,3.53815E+20,5.45516E+21,6.99197E+15,4.92318E+16
117151,,10,0,41,100,2017,9,14,6,2,1,6,0,1,0,0,1,0,0,3.52188E+20,5.45553E+21,6.9695E+15,4.92347E+16
117152,,10,0,42,115,2017,12,15,6,3,1,2,0,1,0,0,0,0,0,3.09586E+20,5.48347E+21,6.3715E+15,4.9474E+16
117153,,10,0,41,511,2017,11,17,6,3,3,6,0,1,0,0,0,2,0,3.61816E+20,5.4642E+21,7.09869E+15,4.93149E+16
117154,,10,0,41,518,2017,11,15,6,3,5,2,0,1,0,0,0,0,0,3.58548E+20,5.46216E+21,7.05448E+15,4.92958E+16
117155,,10,0,45,116,2017,9,15,5,3,9,1,0,1,0,0,0,0,1,3.63869E+20,5.45118E+21,7.13135E+15,4.91983E+16
117156,,10,0,42,112,2017,9,10,5,3,8,1,0,1,0,0,0,0,1,3.30292E+20,5.4874E+21,6.65537E+15,4.95155E+16
117157,,10,0,44,117,2017,12,18,6,3,2,6,0,1,0,0,0,2,1,3.44341E+20,5.47886E+21,6.85268E+15,4.94425E+16
117158,,10,0,41,514,2017,11,14,6,2,4,6,0,1,0,0,1,0,0,3.56324E+20,5.44853E+21,7.02879E+15,4.91727E+16
117159,,10,0,42,113,2017,9,21,5,3,5,7,0,1,0,0,0,2,0,3.28693E+20,5.47912E+21,6.63689E+15,4.94405E+16
117160,,10,0,44,114,2017,12,12,6,3,8,1,0,1,0,0,0,0,0,3.30213E+20,5.47118E+21,6.66123E+15,4.93697E+16
117161,,10,0,44,120,2017,12,10,6,2,9,1,0,1,0,0,0,0,1,3.41917E+20,5.45913E+21,6.8271E+15,4.92645E+16
117162,,10,0,41,100,2017,11,13,6,2,6,4,1,0,1,0,0,0,0,3.51815E+20,5.45724E+21,6.96375E+15,4.925E+16
117163,,10,0,41,100,2017,7,15,5,3,3,6,0,1,0,0,0,0,0,3.54581E+20,5.45636E+21,7.00205E+15,4.92428E+16
117164,,10,0,46,117,2017,7,18,4,2,3,6,0,1,0,1,0,0,0,3.63258E+20,5.48434E+21,7.11159E+15,4.94962E+16
117165,,10,0,43,117,2017,9,8,5,3,0,1,0,1,0,0,0,0,1,3.64614E+20,5.46501E+21,7.1369E+15,4.93228E+16
117166,,10,0,46,114,2017,11,19,5,3,4,6,0,1,0,0,0,2,0,3.60957E+20,5.49444E+21,7.07627E+15,4.95865E+16
117167,,10,0,41,100,2017,7,11,4,3,9,1,0,0,0,0,1,0,0,3.59722E+20,5.45356E+21,7.07362E+15,4.92188E+16
117168,,10,0,44,117,2017,9,14,5,3,5,3,0,1,0,1,0,0,1,3.45737E+20,5.47849E+21,6.87207E+15,4.94395E+16
117169,,10,0,45,115,2017,7,19,4,2,5,2,0,1,0,1,0,0,0,3.72053E+20,5.46128E+21,7.24041E+15,4.92909E+16
117170,,10,0,44,115,2017,9,16,5,3,1,6,0,1,0,0,0,0,0,3.36094E+20,5.46674E+21,6.744E+15,4.93314E+16
117171,,10,0,44,115,2017,11,7,5,3,3,2,1,1,0,0,0,0,0,3.37119E+20,5.46601E+21,6.75839E+15,4.93251E+16
117172,,10,0,42,117,2017,7,10,4,2,5,3,0,1,0,0,1,0,0,3.42245E+20,5.49125E+21,6.81885E+15,4.95533E+16
117173,,10,0,44,115,2017,9,11,5,3,2,6,0,1,0,0,0,0,1,3.37628E+20,5.46609E+21,6.76536E+15,4.9326E+16
117174,,10,0,41,100,2017,9,12,5,3,9,1,0,1,0,0,0,0,0,3.56186E+20,5.46144E+21,7.02226E+15,4.92887E+16
117175,,10,0,41,518,2017,11,18,5,3,2,6,0,1,0,0,0,2,0,3.59667E+20,5.4641E+21,7.06917E+15,4.93135E+16
117176,,10,0,41,100,2017,11,7,5,3,6,4,0,1,1,0,0,0,0,3.49442E+20,5.45662E+21,6.9314E+15,4.92439E+16
117177,,10,0,42,113,2017,7,15,4,3,2,6,0,1,0,0,0,0,0,3.19197E+20,5.48044E+21,6.50542E+15,4.94497E+16
117178,,10,0,41,519,2017,9,10,5,3,2,6,0,1,0,0,0,0,1,3.41947E+20,5.45553E+21,6.82893E+15,4.92322E+16
117179,,10,0,41,100,2017,9,14,5,3,2,6,0,1,0,0,0,0,0,3.52203E+20,5.45612E+21,6.9695E+15,4.924E+16
117180,,10,0,41,100,2017,11,17,5,3,1,6,0,1,0,0,0,2,0,3.5225E+20,5.45557E+21,6.97034E+15,4.9235E+16
117181,,10,0,41,100,2017,11,10,5,3,3,6,0,1,0,0,1,0,0,3.53849E+20,5.4554E+21,6.99235E+15,4.92339E+16
117182,,10,0,44,114,2017,7,17,4,3,0,6,0,1,0,0,0,0,0,3.30937E+20,5.47327E+21,6.6703E+15,4.93886E+16
117183,,10,0,45,114,2017,9,22,4,3,9,1,0,1,0,0,0,2,1,3.78065E+20,5.4578E+21,7.32411E+15,4.92608E+16
117184,,10,0,41,100,2017,11,6,5,3,2,6,0,1,0,0,0,0,0,3.51353E+20,5.45541E+21,6.95809E+15,4.92334E+16
117185,,10,0,45,115,2017,9,16,4,3,1,6,0,1,0,0,0,0,1,3.76406E+20,5.46247E+21,7.29988E+15,4.93025E+16
117186,,10,0,45,116,2017,11,16,4,3,5,2,1,1,0,0,0,0,0,3.67182E+20,5.45215E+21,7.17648E+15,4.92077E+16
117187,,10,0,45,111,2017,9,9,4,3,5,3,0,1,0,0,0,0,0,3.75454E+20,5.46691E+21,7.2854E+15,4.93422E+16
117188,,10,0,45,114,2017,11,13,4,3,5,3,0,1,0,0,0,0,0,3.75454E+20,5.46691E+21,7.2854E+15,4.93422E+16
117189,,10,0,41,518,2017,12,14,6,3,5,3,0,1,0,0,0,0,1,3.59216E+20,5.45964E+21,7.06455E+15,4.92733E+16
117190,,10,0,46,115,2017,9,17,4,3,3,6,0,1,0,0,0,0,1,3.54301E+20,5.49581E+21,6.98373E+15,4.95973E+16
117191,,10,0,43,117,2017,9,17,4,2,2,6,0,1,0,0,0,0,1,3.64657E+20,5.46499E+21,7.13749E+15,4.93226E+16
117192,,10,0,43,114,2017,11,15,4,2,0,1,0,0,0,1,0,0,0,3.68657E+20,5.46581E+21,7.19223E+15,4.93309E+16
117193,,10,0,43,117,2017,9,16,4,3,8,1,0,1,0,0,0,0,1,3.64614E+20,5.46501E+21,7.1369E+15,4.93228E+16
117194,,10,0,44,114,2017,9,20,4,3,9,1,0,1,0,0,0,2,1,3.31445E+20,5.47296E+21,6.67744E+15,4.9386E+16
117195,,10,0,41,517,2017,9,8,4,3,2,6,0,1,0,0,1,0,1,3.43896E+20,5.46373E+21,6.85248E+15,4.93063E+16
117196,,10,0,41,519,2017,12,17,6,3,5,2,0,1,0,0,0,2,1,3.40265E+20,5.45428E+21,6.80634E+15,4.92205E+16
117197,,10,0,43,114,2017,11,13,4,3,3,6,0,1,0,1,0,0,0,3.68313E+20,5.47049E+21,7.18596E+15,4.93729E+16
117198,,10,0,46,116,2017,9,12,3,2,8,7,0,1,0,0,0,0,0,3.61992E+20,5.48611E+21,7.0935E+15,4.95119E+16
117199,,10,0,43,114,2017,9,5,3,3,2,6,0,1,0,0,0,2,0,3.71257E+20,5.46655E+21,7.22776E+15,4.93381E+16
117200,,10,0,41,519,2017,12,12,6,3,0,7,0,1,0,0,0,0,0,3.42684E+20,5.45684E+21,6.83853E+15,4.92441E+16
117201,,10,0,44,116,2017,11,18,4,3,4,2,0,1,0,1,0,2,0,3.40081E+20,5.47037E+21,6.79738E+15,4.9365E+16
117202,,10,0,44,114,2017,9,6,3,3,2,6,0,1,0,0,0,2,0,3.32699E+20,5.47052E+21,6.69572E+15,4.93644E+16
117203,,10,0,41,519,2017,12,11,6,2,3,6,0,1,0,0,1,0,1,3.44292E+20,5.45737E+21,6.8604E+15,4.92493E+16
117204,,10,0,41,100,2017,12,21,6,3,9,1,0,1,0,0,0,2,1,3.46922E+20,5.45668E+21,6.89678E+15,4.92437E+16
117205,,10,0,41,100,2017,11,5,4,3,9,1,0,1,0,0,0,2,0,3.53515E+20,5.45515E+21,6.98786E+15,4.92316E+16
117206,,10,0,41,514,2017,9,4,3,2,9,1,0,1,0,0,0,2,1,3.5752E+20,5.44378E+21,7.04687E+15,4.91303E+16
117207,,10,0,44,120,2017,12,10,5,3,1,5,0,1,0,0,0,0,1,3.40795E+20,5.4585E+21,6.81194E+15,4.92586E+16
117208,,10,0,44,123,2017,12,0,5,3,1,5,0,1,0,0,0,2,1,3.39093E+20,5.46367E+21,6.78648E+15,4.93045E+16
117209,,10,0,42,112,2017,10,16,3,3,8,1,0,1,0,0,0,0,0,3.33738E+20,5.48549E+21,6.70374E+15,4.94993E+16
117210,,10,0,43,114,2017,10,13,3,1,4,1,0,1,0,1,0,0,0,3.64563E+20,5.46682E+21,7.13557E+15,4.93391E+16
117211,,10,0,41,100,2017,12,17,5,3,6,2,0,1,1,0,0,2,1,3.5727E+20,5.45984E+21,7.03774E+15,4.92747E+16
117212,,10,0,41,100,2017,12,17,5,3,6,7,1,0,1,0,0,1,1,3.52231E+20,5.45667E+21,6.96968E+15,4.92449E+16
117213,,10,0,46,118,2017,10,14,2,3,2,2,0,1,0,0,0,0,0,3.57901E+20,5.48306E+21,7.03811E+15,4.94835E+16
117214,,10,0,45,117,2017,12,12,4,3,5,3,0,1,0,0,0,0,1,3.61911E+20,5.45994E+21,7.10148E+15,4.92766E+16
117215,,10,0,46,117,2017,10,6,2,2,5,3,0,1,0,0,0,1,0,3.68052E+20,5.4797E+21,7.1793E+15,4.94556E+16
117216,,10,0,43,112,2017,12,18,4,3,5,3,0,1,0,0,0,2,1,3.5701E+20,5.47155E+21,7.02997E+15,4.93798E+16
117217,,10,0,44,118,2017,7,7,4,3,1,6,0,1,0,0,0,0,0,3.45315E+20,5.46528E+21,6.87138E+15,4.93206E+16
117218,,10,0,43,114,2017,12,6,4,3,8,1,0,1,0,0,0,2,1,3.68264E+20,5.46424E+21,7.18735E+15,4.93167E+16
117219,,10,0,41,513,2017,7,6,4,3,5,3,0,1,0,0,0,0,0,3.49903E+20,5.46916E+21,6.93302E+15,4.93567E+16
117220,,10,0,41,511,2017,7,15,4,3,2,6,0,1,0,0,0,0,0,3.60412E+20,5.46493E+21,7.07913E+15,4.93211E+16
117221,,10,0,42,116,2017,7,19,3,3,0,1,1,0,0,0,0,0,0,3.44301E+20,5.48434E+21,6.84998E+15,4.94917E+16
117222,,10,0,43,113,2017,7,19,3,2,8,1,0,1,0,0,0,0,0,3.61095E+20,5.47061E+21,7.08654E+15,4.93724E+16
117223,,10,0,43,114,2017,12,5,4,3,2,6,0,1,0,0,1,2,1,3.67759E+20,5.46542E+21,7.18002E+15,4.93272E+16
117224,,10,0,41,519,2017,12,23,4,3,8,1,0,1,0,0,0,2,1,3.41638E+20,5.45722E+21,6.82401E+15,4.92473E+16
117225,,10,0,45,116,2017,12,7,3,3,6,4,0,1,1,0,0,2,1,3.64561E+20,5.45113E+21,7.14085E+15,4.9198E+16
117226,,10,0,44,118,2017,7,19,3,3,2,2,0,1,0,0,0,0,0,3.41676E+20,5.46439E+21,6.8217E+15,4.93117E+16
117227,,10,0,41,517,2017,7,21,3,3,5,3,0,1,0,0,0,0,0,3.48817E+20,5.46544E+21,6.91949E+15,4.93229E+16
117228,,10,0,41,511,2017,7,15,3,3,1,7,0,1,0,0,0,0,0,3.6041E+20,5.46504E+21,7.07907E+15,4.93221E+16
117229,,10,0,41,100,2017,7,11,3,2,0,2,1,1,0,0,0,0,0,3.5641E+20,5.46058E+21,7.02565E+15,4.92811E+16
117230,,10,0,41,100,2017,7,8,3,3,3,6,0,1,0,0,1,0,0,3.53379E+20,5.45567E+21,6.9858E+15,4.92362E+16
117231,,10,0,46,114,2017,9,18,2,2,9,1,0,1,0,0,0,0,1,3.65022E+20,5.49395E+21,7.13265E+15,4.95831E+16
117232,,10,0,42,113,2017,10,17,2,3,1,6,0,1,0,0,0,1,0,3.27643E+20,5.47932E+21,6.62233E+15,4.94421E+16
117233,,10,0,41,100,2017,7,15,3,3,1,5,1,1,0,0,0,0,0,3.54875E+20,5.45728E+21,7.00576E+15,4.92511E+16
117234,,10,0,46,117,2017,7,17,2,3,2,6,0,1,0,0,0,0,0,3.72048E+20,5.47667E+21,7.2354E+15,4.94292E+16