OBJECTID,UIDENTSTLA,ULAND,UREGBEZ,UKREIS,UGEMEINDE,UJAHR,UMONAT,USTUNDE,UWOCHENTAG,UKATEGORIE,UART,UTYP1,IstRad,IstPKW,IstFuss,IstKrad,IstSonstig,LICHT,STRZUSTAND,LINREFX,LINREFY,XGCSWGS84,YGCSWGS84
117235,,10,0,43,117,2017,9,17,2,2,9,1,0,0,0,1,0,0,1,3.65908E+20,5.46336E+21,7.15524E+15,4.93083E+16
117236,,10,0,42,113,2017,10,6,2,2,5,2,0,1,0,0,0,2,0,3.28056E+20,5.48224E+21,6.62675E+15,4.94685E+16
117237,,10,0,44,114,2017,7,16,2,3,5,1,0,1,0,0,1,0,0,3.28282E+20,5.46953E+21,6.63537E+15,4.93542E+16
117238,,10,0,44,117,2017,9,8,2,3,4,2,0,1,0,0,0,1,1,3.44551E+20,5.4788E+21,6.85559E+15,4.9442E+16
117239,,10,0,44,119,2017,9,22,2,2,7,7,0,0,0,1,0,2,0,3.34637E+20,5.45741E+21,6.72781E+15,4.92471E+16
117240,,10,0,43,114,2017,10,15,2,3,2,6,0,1,0,0,0,0,0,3.68373E+20,5.47028E+21,7.18685E+15,4.9371E+16
117241,,10,0,44,111,2017,10,9,2,3,2,6,0,1,0,0,0,0,0,3.3425E+20,5.46989E+21,6.71733E+15,4.93592E+16
117242,,10,0,44,113,2017,7,10,2,3,5,2,0,1,0,0,0,0,0,3.39762E+20,5.4712E+21,6.79265E+15,4.93724E+16
117243,,10,0,41,518,2017,9,21,2,2,5,7,0,1,0,1,0,2,0,3.58891E+20,5.46366E+21,7.05866E+15,4.93094E+16
117244,,10,0,45,112,2017,9,15,1,2,9,1,0,1,0,1,0,0,0,3.72539E+20,5.45473E+21,7.24917E+15,4.92321E+16
117245,,10,0,41,515,2017,10,14,2,3,3,6,0,1,0,0,1,0,0,3.46464E+20,5.46093E+21,6.88886E+15,4.92818E+16
117246,,10,0,41,518,2017,10,16,2,3,2,6,0,1,0,0,0,0,1,3.58825E+20,5.46357E+21,7.05778E+15,4.93086E+16
117247,,10,0,44,115,2017,7,15,2,3,5,2,1,0,0,0,1,0,0,3.36868E+20,5.46445E+21,6.75558E+15,4.9311E+16
117248,,10,0,42,116,2017,9,18,1,3,2,7,0,1,0,0,0,1,0,3.51787E+20,5.48812E+21,6.95186E+15,4.95275E+16
117249,,10,0,46,117,2017,10,2,1,1,7,7,0,1,1,0,0,2,1,3.65941E+20,5.47957E+21,7.15023E+15,4.9454E+16
117250,,10,0,42,112,2017,9,0,1,3,8,7,0,1,0,0,0,2,1,3.36818E+20,5.48228E+21,6.74757E+15,4.94713E+16
117251,,10,0,43,117,2017,10,18,1,3,3,6,0,1,0,0,0,2,0,3.64224E+20,5.46515E+21,7.13148E+15,4.9324E+16
117252,,10,0,43,117,2017,10,9,1,3,9,1,0,0,0,0,1,0,1,3.6522E+20,5.46481E+21,7.1453E+15,4.93211E+16
117253,,10,0,45,112,2017,7,18,1,3,0,1,0,0,0,1,0,0,0,3.7241E+20,5.45467E+21,7.24742E+15,4.92315E+16
117254,,10,0,44,120,2017,7,7,1,3,9,1,0,1,0,0,0,2,0,3.393E+20,5.45768E+21,6.79173E+15,4.92508E+16
117255,,10,0,41,100,2017,7,2,1,3,5,3,0,1,0,0,0,2,0,3.50246E+20,5.45654E+21,6.94247E+15,4.92433E+16
117256,,10,0,46,117,2017,7,14,7,3,8,7,0,0,0,1,0,0,0,3.65668E+20,5.47769E+21,7.14711E+15,4.9437E+16
117257,,10,0,44,111,2017,9,22,1,3,8,3,0,1,0,0,0,2,0,3.34402E+20,5.4697E+21,6.7195E+15,4.93575E+16
117258,,10,0,43,114,2017,10,8,1,3,8,1,0,1,0,0,0,0,1,3.6969E+20,5.47098E+21,7.20475E+15,4.93775E+16
117259,,10,0,45,115,2017,7,22,7,3,9,1,0,1,0,0,0,2,0,3.72911E+20,5.46342E+21,7.25152E+15,4.93103E+16
117260,,10,0,44,115,2017,7,15,7,2,0,1,0,0,0,1,0,0,0,3.35498E+20,5.4677E+21,6.73541E+15,4.93398E+16
117261,,10,0,41,100,2017,9,21,1,3,0,7,0,0,0,0,1,2,0,3.54132E+20,5.45565E+21,6.99615E+15,4.92362E+16
117262,,10,0,45,117,2017,10,1,7,3,8,1,0,1,0,0,0,2,0,3.604E+20,5.45559E+21,7.08223E+15,4.92372E+16
117263,,10,0,41,511,2017,7,11,7,3,2,2,0,1,0,0,0,0,0,3.62569E+20,5.46548E+21,7.10861E+15,4.93266E+16
117264,,10,0,46,117,2017,9,14,7,3,1,6,0,1,0,0,0,0,1,3.69911E+20,5.47905E+21,7.20515E+15,4.94502E+16
117265,,10,0,45,117,2017,7,13,6,3,1,6,0,1,0,0,1,0,0,3.67629E+20,5.45994E+21,7.18004E+15,4.92779E+16
117266,,10,0,46,118,2017,9,11,7,3,8,7,0,0,0,1,0,0,1,3.5336E+20,5.48304E+21,6.97546E+15,4.94823E+16
117267,,10,0,42,115,2017,10,8,7,3,8,1,0,1,0,0,0,2,1,3.09618E+20,5.48339E+21,6.37198E+15,4.94733E+16
117268,,10,0,46,114,2017,7,11,6,3,3,6,0,0,0,0,1,0,0,3.61674E+20,5.49422E+21,7.08626E+15,4.95847E+16
117269,,10,0,45,115,2017,9,14,7,3,0,7,0,0,0,1,0,0,1,3.72757E+20,5.46354E+21,7.24936E+15,4.93113E+16
117270,,10,0,42,115,2017,9,0,7,3,8,1,0,0,0,1,0,2,1,3.09967E+20,5.49102E+21,6.37313E+15,4.95419E+16
117271,,10,0,44,114,2017,10,1,7,2,2,6,0,1,0,0,0,2,0,3.30551E+20,5.47397E+21,6.66469E+15,4.93948E+16
117272,,10,0,44,115,2017,10,7,7,2,9,1,0,1,0,0,0,2,0,3.37186E+20,5.46178E+21,6.76104E+15,4.9287E+16
117273,,10,0,43,114,2017,7,9,6,3,3,6,0,1,0,0,1,0,0,3.68265E+20,5.46559E+21,7.18692E+15,4.93289E+16
117274,,10,0,43,116,2017,9,19,7,3,2,6,0,1,0,0,0,0,0,3.64532E+20,5.47293E+21,7.13307E+15,4.9394E+16
117275,,10,0,43,114,2017,9,7,7,3,4,7,0,1,0,0,0,0,1,3.68386E+20,5.47027E+21,7.18703E+15,4.93709E+16
117276,,10,0,46,113,2017,10,11,6,2,5,3,0,1,0,0,0,0,0,3.66819E+20,5.48562E+21,7.1603E+15,4.95086E+16
117277,,10,0,45,117,2017,10,23,6,2,4,7,0,1,0,0,1,2,0,3.63654E+20,5.45872E+21,7.12584E+15,4.9266E+16
117278,,10,0,44,122,2017,7,12,6,3,2,6,0,1,0,0,0,0,0,3.38948E+20,5.46157E+21,6.78534E+15,4.92856E+16
117279,,10,0,44,114,2017,9,22,7,2,9,1,0,1,0,0,0,2,1,3.29899E+20,5.47462E+21,6.65544E+15,4.94005E+16
117280,,10,0,45,112,2017,10,8,6,3,5,2,0,1,0,0,0,1,1,3.73128E+20,5.45673E+21,7.25663E+15,4.92502E+16
117281,,10,0,44,114,2017,9,18,7,3,9,1,0,1,0,0,0,0,1,3.2947E+20,5.47546E+21,6.64917E+15,4.94079E+16
117282,,10,0,45,114,2017,10,13,6,2,2,6,0,1,0,0,1,0,0,3.76566E+20,5.464E+21,7.3016E+15,4.93163E+16
117283,,10,0,44,122,2017,9,17,7,3,2,6,0,1,0,0,0,0,1,3.39055E+20,5.46133E+21,6.78691E+15,4.92835E+16
117284,,10,0,44,117,2017,10,18,6,3,0,1,0,0,0,1,0,2,0,3.4457E+20,5.47879E+21,6.85587E+15,4.94419E+16
117285,,10,0,41,519,2017,9,14,7,3,9,1,0,1,0,0,0,0,1,3.42334E+20,5.45727E+21,6.83355E+15,4.92479E+16
117286,,10,0,45,114,2017,9,19,6,3,9,7,0,1,0,0,0,0,0,3.77591E+20,5.45807E+21,7.31752E+15,4.92631E+16
117287,,10,0,44,115,2017,10,17,6,3,3,6,0,1,0,1,0,1,0,3.36059E+20,5.46793E+21,6.74303E+15,4.93421E+16
117288,,10,0,43,116,2017,9,6,6,3,9,1,0,0,0,0,1,2,0,3.62488E+20,5.47219E+21,7.10517E+15,4.93869E+16
117289,,10,0,44,111,2017,10,10,6,3,1,7,0,1,0,0,0,0,0,3.34468E+20,5.46961E+21,6.72044E+15,4.93567E+16
117290,,10,0,46,118,2017,9,14,5,3,6,4,0,1,1,0,0,0,0,3.54661E+20,5.48076E+21,6.99426E+15,4.94621E+16
117291,,10,0,45,117,2017,9,11,5,3,5,2,0,1,0,0,0,0,0,3.66091E+20,5.46132E+21,7.15844E+15,4.92899E+16
117292,,10,0,45,114,2017,12,15,3,3,2,6,0,1,0,0,0,0,0,3.78898E+20,5.46332E+21,7.33388E+15,4.93106E+16
117293,,10,0,41,100,2017,10,18,6,3,1,6,0,1,0,0,0,2,0,3.53134E+20,5.4564E+21,6.98217E+15,4.92428E+16
117294,,10,0,45,114,2017,9,21,5,3,5,3,0,1,0,1,0,2,0,3.81302E+20,5.46215E+21,7.36729E+15,4.93006E+16
117295,,10,0,45,112,2017,9,19,5,3,1,5,0,1,0,0,0,2,0,3.72804E+20,5.45771E+21,7.25187E+15,4.92589E+16
117296,,10,0,44,114,2017,12,17,3,2,7,5,0,1,0,0,0,2,1,3.31002E+20,5.47062E+21,6.67232E+15,4.93649E+16
117297,,10,0,46,117,2017,10,15,5,3,1,6,0,1,0,0,0,0,0,3.67466E+20,5.48098E+21,7.1708E+15,4.9467E+16
117298,,10,0,42,112,2017,9,20,5,3,2,6,0,1,0,0,0,2,0,3.36825E+20,5.48755E+21,6.74549E+15,4.95186E+16
117299,,10,0,41,100,2017,12,21,3,3,2,6,0,1,0,0,0,2,1,3.51653E+20,5.45272E+21,6.96319E+15,4.92093E+16
117300,,10,0,43,114,2017,9,11,5,2,1,2,0,1,0,0,0,0,0,3.69741E+20,5.46696E+21,7.20677E+15,4.93415E+16
117301,,10,0,45,115,2017,12,6,2,3,3,1,0,1,0,0,1,2,2,3.71838E+20,5.46228E+21,7.23714E+15,4.92998E+16
117302,,10,0,45,114,2017,10,20,5,3,8,1,0,1,0,0,0,2,1,3.81846E+20,5.46495E+21,7.37394E+15,4.93258E+16
117303,,10,0,44,117,2017,9,15,5,3,3,3,1,1,0,0,0,0,0,3.4408E+20,5.47832E+21,6.84929E+15,4.94376E+16
117304,,10,0,42,111,2017,12,15,2,2,9,1,0,1,0,0,0,0,1,3.36962E+20,5.47715E+21,6.75167E+15,4.94252E+16
117305,,10,0,43,112,2017,12,8,2,3,2,6,0,1,0,0,1,1,2,3.54918E+20,5.47204E+21,7.00099E+15,4.93838E+16
117306,,10,0,42,112,2017,10,17,5,3,3,6,0,0,0,1,1,0,0,3.33235E+20,5.48484E+21,6.69708E+15,4.94932E+16
117307,,10,0,44,118,2017,9,16,5,3,1,6,0,1,0,0,0,0,0,3.45439E+20,5.46538E+21,6.87306E+15,4.93216E+16
117308,,10,0,44,122,2017,12,17,2,3,1,6,0,1,0,0,0,2,1,3.3957E+20,5.46028E+21,6.7944E+15,4.92742E+16
117309,,10,0,41,100,2017,12,13,2,3,1,2,0,1,0,0,1,0,1,3.57563E+20,5.46085E+21,7.0414E+15,4.92838E+16
117310,,10,0,44,111,2017,10,15,5,2,5,3,0,1,0,1,0,0,0,3.3588E+20,5.47009E+21,6.73968E+15,4.93614E+16
117311,,10,0,44,118,2017,10,6,5,2,6,4,0,1,1,0,0,2,0,3.4177E+20,5.46388E+21,6.82319E+15,4.93071E+16
117312,,10,0,41,519,2017,12,12,2,3,3,2,0,1,0,0,0,0,1,3.44281E+20,5.45737E+21,6.86025E+15,4.92493E+16
117313,,10,0,41,513,2017,10,18,5,3,4,2,0,1,0,0,1,0,0,3.49336E+20,5.47011E+21,6.92486E+15,4.93651E+16
117314,,10,0,41,100,2017,12,15,2,2,5,3,0,1,0,0,0,0,0,3.52764E+20,5.45644E+21,6.97708E+15,4.9243E+16
117315,,10,0,41,519,2017,10,21,5,3,1,5,0,1,0,0,0,2,0,3.45923E+20,5.45767E+21,6.88268E+15,4.92524E+16
117316,,10,0,46,114,2017,12,15,1,3,3,1,0,1,0,0,0,0,1,3.62158E+20,5.49408E+21,7.09301E+15,4.95836E+16
117317,,10,0,44,115,2017,7,16,6,3,4,6,0,1,0,0,0,0,0,3.37193E+20,5.46394E+21,6.76025E+15,4.93065E+16
117318,,10,0,41,519,2017,7,21,6,3,5,3,1,1,0,0,0,1,0,3.42689E+20,5.4564E+21,6.83877E+15,4.92402E+16
117319,,10,0,46,115,2017,12,11,1,2,8,1,0,1,0,0,0,0,1,3.54874E+20,5.48804E+21,6.99452E+15,4.95275E+16
117320,,10,0,42,113,2017,12,1,1,3,1,5,0,1,0,0,0,2,0,3.27321E+20,5.47911E+21,6.61798E+15,4.94401E+16
117321,,10,0,43,113,2017,12,5,1,2,6,6,0,0,1,0,1,2,1,3.61564E+20,5.46975E+21,7.09329E+15,4.93648E+16
117322,,10,0,46,117,2017,12,15,1,2,9,1,0,1,0,0,0,1,1,3.74001E+20,5.48164E+21,7.26073E+15,4.94743E+16
117323,,10,0,44,119,2017,12,17,1,2,4,6,0,1,0,0,0,2,0,3.35336E+20,5.45923E+21,6.73667E+15,4.92637E+16
117324,,10,0,41,511,2017,12,14,1,3,5,3,0,1,0,0,0,0,0,3.6205E+20,5.46636E+21,7.10116E+15,4.93343E+16
117325,,10,0,41,512,2017,12,4,1,3,8,1,0,1,0,0,0,2,2,3.43269E+20,5.45143E+21,6.84867E+15,4.91957E+16
117326,,10,0,41,100,2017,7,19,6,3,1,6,0,1,0,0,0,0,0,3.56695E+20,5.45227E+21,7.03254E+15,4.92065E+16
117327,,10,0,41,519,2017,12,2,1,3,9,1,0,1,0,0,0,2,1,3.45042E+20,5.4574E+21,6.87069E+15,4.92498E+16
117328,,10,0,41,100,2017,7,14,6,3,0,7,0,0,0,0,1,0,0,3.51574E+20,5.45627E+21,6.9608E+15,4.92412E+16
117329,,10,0,41,100,2017,12,18,1,2,5,3,0,1,0,0,0,2,0,3.5656E+20,5.45106E+21,7.03112E+15,4.91956E+16
117330,,10,0,46,117,2017,7,17,5,2,8,1,0,0,0,1,0,0,0,3.69116E+20,5.48328E+21,7.1928E+15,4.9488E+16
117331,,10,0,45,113,2017,7,17,5,1,4,1,0,1,0,1,0,0,0,3.68978E+20,5.44985E+21,7.20188E+15,4.91874E+16
117332,,10,0,45,113,2017,7,10,5,3,0,7,1,0,0,0,1,0,1,3.69413E+20,5.44534E+21,7.2093E+15,4.9147E+16
117333,,10,0,42,117,2017,7,7,5,3,2,2,0,1,0,0,0,0,0,3.44625E+20,5.48993E+21,6.85224E+15,4.9542E+16
117334,,10,0,41,513,2017,7,10,5,3,1,2,0,1,0,0,0,0,0,3.49866E+20,5.46888E+21,6.93261E+15,4.93541E+16
117335,,10,0,46,118,2017,7,16,4,2,8,1,0,1,0,0,0,0,1,3.53772E+20,5.47958E+21,6.98243E+15,4.94513E+16
117336,,10,0,45,112,2017,12,17,7,3,3,3,0,1,0,0,0,1,1,3.73413E+20,5.45524E+21,7.26102E+15,4.92368E+16
117337,,10,0,45,113,2017,7,12,4,3,4,6,0,0,0,0,1,0,1,3.69873E+20,5.44674E+21,7.21516E+15,4.91597E+16
117338,,10,0,44,117,2017,12,6,7,3,1,7,0,1,0,0,0,2,1,3.4637E+20,5.48276E+21,6.87914E+15,4.9478E+16
117339,,10,0,44,119,2017,7,17,4,3,1,6,0,1,0,0,1,0,1,3.34118E+20,5.46083E+21,6.71928E+15,4.92777E+16
117340,,10,0,41,100,2017,7,15,4,3,8,1,0,0,0,0,1,0,1,3.59259E+20,5.44945E+21,7.06871E+15,4.91817E+16
117341,,10,0,41,100,2017,7,0,4,3,5,3,0,1,0,0,0,2,0,3.54251E+20,5.45587E+21,6.99771E+15,4.92382E+16
117342,,10,0,41,100,2017,7,14,4,3,1,2,0,1,0,0,0,0,1,3.53151E+20,5.45553E+21,6.98273E+15,4.92349E+16
117343,,10,0,45,114,2017,7,17,3,3,0,7,0,0,0,1,0,0,1,3.75944E+20,5.46677E+21,7.29219E+15,4.9341E+16
117344,,10,0,42,112,2017,7,16,3,3,2,6,0,1,0,0,0,0,1,3.37162E+20,5.48628E+21,6.75067E+15,4.95073E+16
117345,,10,0,41,516,2017,12,21,7,3,8,1,0,1,0,0,0,2,1,3.59043E+20,5.46672E+21,7.05966E+15,4.93369E+16
117346,,10,0,41,518,2017,12,17,7,3,1,5,0,1,0,1,0,2,0,3.60827E+20,5.46411E+21,7.08512E+15,4.93139E+16
117347,,10,0,41,100,2017,12,17,7,3,2,6,0,1,0,0,0,2,1,3.50209E+20,5.45641E+21,6.94201E+15,4.92421E+16
117348,,10,0,44,115,2017,7,16,3,3,1,6,0,1,0,0,0,0,1,3.35973E+20,5.46753E+21,6.74201E+15,4.93384E+16
117349,,10,0,46,117,2017,7,14,2,3,0,6,0,1,0,1,0,0,0,3.66487E+20,5.48023E+21,7.15754E+15,4.94601E+16
117350,,10,0,44,112,2017,7,18,2,3,3,6,0,1,0,1,0,0,0,3.48131E+20,5.4748E+21,6.90648E+15,4.94069E+16
117351,,10,0,41,514,2017,10,13,5,3,2,2,0,1,0,0,1,0,0,3.5673E+20,5.44796E+21,7.03456E+15,4.91677E+16
117352,,10,0,45,117,2017,7,4,1,3,0,1,1,0,0,0,0,2,0,3.64228E+20,5.46086E+21,7.133E+15,4.92854E+16
117353,,10,0,45,114,2017,9,7,4,3,0,1,0,0,0,1,0,0,1,3.78837E+20,5.46446E+21,7.3327E+15,4.93208E+16
117354,,10,0,46,117,2017,10,21,4,3,0,7,0,1,0,0,0,2,0,3.69599E+20,5.48334E+21,7.19944E+15,4.94887E+16
117355,,10,0,45,114,2017,7,5,1,3,9,7,0,1,0,0,0,2,0,3.78424E+20,5.46424E+21,7.32709E+15,4.93188E+16
117356,,10,0,42,112,2017,7,13,1,1,2,2,0,1,0,1,0,0,0,3.32424E+20,5.48835E+21,6.6844E+15,4.95246E+16
117357,,10,0,42,115,2017,9,19,4,3,8,1,0,1,0,0,0,0,0,3.10783E+20,5.48502E+21,6.38727E+15,4.94883E+16
117358,,10,0,45,114,2017,10,10,4,3,1,6,0,1,0,0,1,0,1,3.79002E+20,5.46359E+21,7.33523E+15,4.9313E+16
117359,,10,0,41,511,2017,7,20,1,3,8,6,0,1,0,0,0,1,1,3.59953E+20,5.46588E+21,7.07249E+15,4.93296E+16
117360,,10,0,43,116,2017,9,10,4,2,5,3,0,1,0,0,0,0,0,3.6157E+20,5.46856E+21,7.0938E+15,4.9354E+16
117361,,10,0,44,112,2017,9,15,4,3,2,2,0,1,0,0,0,0,0,3.46589E+20,5.47453E+21,6.88534E+15,4.94041E+16
117362,,10,0,43,113,2017,10,7,4,3,9,1,0,1,0,0,0,1,1,3.61236E+20,5.47008E+21,7.08867E+15,4.93676E+16
117363,,10,0,43,112,2017,10,7,4,3,3,6,0,1,0,0,0,2,1,3.56102E+20,5.46849E+21,7.01857E+15,4.93522E+16
117364,,10,0,43,114,2017,7,15,1,3,8,1,1,0,0,1,0,0,0,3.67726E+20,5.46826E+21,7.17862E+15,4.93527E+16
117365,,10,0,46,113,2017,9,14,3,2,5,3,1,1,0,0,0,0,0,3.66806E+20,5.48563E+21,7.16012E+15,4.95087E+16
117366,,10,0,45,117,2017,9,19,3,3,2,6,0,1,0,0,1,0,0,3.66938E+20,5.45951E+21,7.17068E+15,4.92739E+16
117367,,10,0,43,112,2017,10,7,4,3,1,6,0,1,0,0,0,2,1,3.55881E+20,5.46944E+21,7.01518E+15,4.93606E+16
117368,,10,0,43,114,2017,10,19,4,3,2,6,0,1,0,0,0,2,1,3.69575E+20,5.46511E+21,7.20509E+15,4.93248E+16
117369,,10,0,41,513,2017,7,20,1,3,5,2,0,1,0,1,0,1,1,3.55911E+20,5.46749E+21,7.01631E+15,4.93431E+16
117370,,10,0,45,114,2017,9,13,3,3,2,6,0,1,0,0,0,0,0,3.76745E+20,5.46672E+21,7.30322E+15,4.93408E+16
117371,,10,0,41,516,2017,10,16,4,3,2,6,0,1,0,0,0,0,1,3.55842E+20,5.46238E+21,7.0172E+15,4.92972E+16
117372,,10,0,42,113,2017,9,23,3,3,2,6,0,1,0,0,0,2,0,3.28343E+20,5.47925E+21,6.63201E+15,4.94416E+16
117373,,10,0,41,100,2017,10,6,4,2,4,6,0,1,0,0,0,2,1,3.57142E+20,5.46029E+21,7.03582E+15,4.92786E+16
117374,,10,0,44,123,2017,9,14,3,3,2,6,0,1,0,0,0,0,0,3.38494E+20,5.46433E+21,6.77798E+15,4.93104E+16
117375,,10,0,41,100,2017,10,7,4,3,0,4,0,0,1,0,1,2,0,3.61257E+20,5.4505E+21,7.09575E+15,4.91916E+16
117376,,10,0,44,115,2017,9,10,3,3,2,6,0,1,0,0,0,0,0,3.36005E+20,5.46793E+21,6.74228E+15,4.9342E+16
117377,,10,0,41,519,2017,9,7,3,3,0,7,0,0,0,0,1,0,0,3.42683E+20,5.45684E+21,6.83852E+15,4.92441E+16
117378,,10,0,41,100,2017,10,9,4,3,0,6,0,1,0,1,0,0,1,3.52664E+20,5.45642E+21,6.97571E+15,4.92428E+16
117379,,10,0,41,514,2017,9,8,3,3,4,7,0,1,0,0,0,0,0,3.57594E+20,5.44431E+21,7.0477E+15,4.91351E+16
117380,,10,0,45,114,2017,10,21,3,3,8,1,0,1,0,0,0,2,1,3.78265E+20,5.4576E+21,7.32691E+15,4.92591E+16
117381,,10,0,45,114,2017,9,21,2,3,5,3,0,1,0,0,0,2,0,3.77076E+20,5.45848E+21,7.31031E+15,4.92668E+16
117382,,10,0,46,117,2017,12,18,6,2,5,2,0,1,0,0,0,2,1,3.63997E+20,5.48342E+21,7.1221E+15,4.94882E+16
117383,,10,0,42,116,2017,10,17,3,3,8,1,0,1,0,0,0,0,1,3.51166E+20,5.49241E+21,6.94165E+15,4.9566E+16
117384,,10,0,45,117,2017,12,16,6,3,2,6,0,1,0,0,0,2,1,3.69097E+20,5.46131E+21,7.19977E+15,4.92905E+16
117385,,10,0,42,112,2017,10,8,3,3,2,6,0,1,0,0,0,1,1,3.33374E+20,5.48501E+21,6.69892E+15,4.94949E+16
117386,,10,0,43,111,2017,10,7,3,3,0,7,0,0,0,0,1,2,1,3.52969E+20,5.47107E+21,6.97451E+15,4.93746E+16
117387,,10,0,46,114,2017,12,20,6,3,3,6,0,1,0,0,0,2,2,3.58523E+20,5.49557E+21,7.0422E+15,4.95961E+16
117388,,10,0,44,117,2017,12,11,6,3,1,7,0,1,0,0,0,0,1,3.4444E+20,5.47883E+21,6.85406E+15,4.94422E+16
117389,,10,0,43,114,2017,10,17,3,3,5,6,0,1,0,0,0,0,1,3.71953E+20,5.46447E+21,7.23801E+15,4.93196E+16
117390,,10,0,43,111,2017,9,23,2,2,1,1,1,1,0,0,0,2,0,3.55704E+20,5.47614E+21,7.01031E+15,4.94208E+16
117391,,10,0,44,123,2017,12,22,6,3,9,1,0,1,0,0,0,2,1,3.38399E+20,5.46223E+21,6.77752E+15,4.92914E+16
117392,,10,0,41,100,2017,12,17,6,3,3,6,0,1,0,0,1,2,1,3.5201E+20,5.45544E+21,6.96709E+15,4.92338E+16
117393,,10,0,44,118,2017,10,7,3,3,6,4,0,1,1,0,0,2,1,3.41639E+20,5.46371E+21,6.82146E+15,4.93056E+16
117394,,10,0,44,117,2017,9,14,2,2,5,2,0,1,0,1,0,0,0,3.43848E+20,5.47747E+21,6.84643E+15,4.94298E+16
117395,,10,0,42,113,2017,12,17,5,2,4,6,0,1,0,0,0,2,1,3.27838E+20,5.47913E+21,6.6251E+15,4.94404E+16
117396,,10,0,46,113,2017,12,20,5,3,0,2,0,1,0,0,0,2,1,3.6683E+20,5.48704E+21,7.15997E+15,4.95213E+16
117397,,10,0,44,115,2017,10,7,3,3,2,6,0,1,0,0,0,2,1,3.36954E+20,5.46529E+21,6.75642E+15,4.93185E+16
117398,,10,0,45,117,2017,12,5,5,3,2,6,0,1,0,0,0,2,1,3.61771E+20,5.45803E+21,7.10021E+15,4.92594E+16
117399,,10,0,41,100,2017,10,19,3,3,6,2,0,1,1,0,0,2,1,3.56357E+20,5.45973E+21,7.02523E+15,4.92735E+16
117400,,10,0,45,114,2017,12,18,5,3,5,3,0,1,0,0,0,2,1,3.78274E+20,5.46966E+21,7.32337E+15,4.93675E+16
117401,,10,0,41,511,2017,10,16,3,3,4,5,0,1,0,0,0,0,0,3.61519E+20,5.46496E+21,7.09434E+15,4.93216E+16
117402,,10,0,46,115,2017,12,15,5,3,9,6,0,1,0,0,0,0,1,3.53924E+20,5.49336E+21,6.97942E+15,4.95752E+16
117403,,10,0,41,516,2017,10,7,3,3,2,6,0,1,0,0,0,0,1,3.59206E+20,5.46671E+21,7.06191E+15,4.93369E+16
117404,,10,0,43,114,2017,12,16,5,3,5,3,0,1,0,0,0,1,1,3.66816E+20,5.46763E+21,7.16631E+15,4.93469E+16
117405,,10,0,43,117,2017,12,11,5,3,4,6,0,1,0,0,1,0,1,3.66354E+20,5.46528E+21,7.16073E+15,4.93256E+16
117406,,10,0,41,518,2017,12,8,5,3,5,3,0,1,0,0,0,0,0,3.58613E+20,5.46304E+21,7.05506E+15,4.93038E+16
117407,,10,0,46,117,2017,12,14,4,3,2,6,0,1,0,0,0,0,2,3.70182E+20,5.4837E+21,7.20736E+15,4.94921E+16
117408,,10,0,44,112,2017,9,6,2,2,4,2,0,1,0,1,0,1,0,3.46589E+20,5.47453E+21,6.88534E+15,4.94041E+16
117409,,10,0,41,100,2017,10,8,3,2,6,4,0,1,1,0,0,1,1,3.53281E+20,5.45542E+21,6.98455E+15,4.9234E+16
117410,,10,0,41,513,2017,9,7,2,3,0,5,0,1,0,0,0,0,0,3.53463E+20,5.46623E+21,6.98309E+15,4.93312E+16
117411,,10,0,41,511,2017,9,6,2,3,1,3,0,1,0,0,0,0,0,3.61121E+20,5.46602E+21,7.0885E+15,4.93311E+16
117412,,10,0,45,117,2017,12,10,4,3,5,3,0,1,0,0,0,0,1,3.62758E+20,5.46135E+21,7.11262E+15,4.92895E+16
117413,,10,0,46,117,2017,9,19,1,2,6,4,0,1,1,0,0,0,0,3.67132E+20,5.48117E+21,7.16612E+15,4.94686E+16
117414,,10,0,45,117,2017,9,19,1,2,0,1,0,0,0,1,0,0,0,3.61003E+20,5.45873E+21,7.08941E+15,4.92655E+16
117415,,10,0,42,113,2017,12,16,4,3,2,2,0,1,0,0,0,1,1,3.28303E+20,5.47919E+21,6.63148E+15,4.94411E+16
117416,,10,0,41,100,2017,10,14,3,3,2,6,0,1,0,0,0,0,0,3.54547E+20,5.45626E+21,7.00162E+15,4.92419E+16
117417,,10,0,41,515,2017,9,4,1,3,9,1,0,1,0,0,0,2,0,3.48002E+20,5.46091E+21,6.90999E+15,4.92821E+16
117418,,10,0,41,514,2017,9,15,1,3,4,6,0,1,0,0,0,0,0,3.574E+20,5.44568E+21,7.04456E+15,4.91474E+16
117419,,10,0,42,113,2017,12,14,4,3,4,6,0,1,0,0,0,0,2,3.21381E+20,5.47993E+21,6.53575E+15,4.94458E+16
117420,,10,0,46,117,2017,10,22,2,3,0,7,1,0,0,0,0,2,1,3.74019E+20,5.48077E+21,7.26126E+15,4.94665E+16
117421,,10,0,46,117,2017,9,17,7,3,1,5,0,1,0,0,0,0,0,3.67169E+20,5.48097E+21,7.1667E+15,4.94669E+16