OBJECTID,UIDENTSTLA,ULAND,UREGBEZ,UKREIS,UGEMEINDE,UJAHR,UMONAT,USTUNDE,UWOCHENTAG,UKATEGORIE,UART,UTYP1,IstRad,IstPKW,IstFuss,IstKrad,IstSonstig,LICHT,STRZUSTAND,LINREFX,LINREFY,XGCSWGS84,YGCSWGS84
117785,1.17013E+18,1,0,56,49,2017,1,22,1,3,5,3,0,1,0,0,0,2,1,5.44303E+20,5.949E+21,9.67087E+15,5.36878E+16
117786,1.17013E+18,1,0,53,57,2017,1,9,1,3,9,1,0,1,0,0,0,0,2,6.16223E+20,5.9431E+21,1.07573E+16,5.36237E+16
117787,1.17013E+18,1,0,3,0,2017,1,12,1,3,5,3,1,1,0,0,0,0,1,6.13215E+20,5.9699E+21,1.07217E+16,5.38652E+16
117788,1.17013E+18,1,0,55,41,2017,1,6,1,3,9,1,0,1,0,0,0,2,2,6.11688E+20,5.99537E+21,1.07078E+16,5.40944E+16
117789,1.17013E+18,1,0,57,62,2017,1,20,1,3,2,6,0,1,0,0,0,2,1,5.83522E+20,6.01052E+21,1.02815E+16,5.42358E+16
117790,1.17013E+18,1,0,54,56,2017,1,6,1,3,0,1,1,0,0,0,0,2,2,5.0356E+20,6.03728E+21,9.05495E+15,5.44832E+16
117791,1.17013E+18,1,0,62,53,2017,1,14,7,3,5,2,1,1,0,0,0,0,0,5.76605E+20,5.93392E+21,1.01562E+16,5.35486E+16
117792,1.17013E+18,1,0,61,46,2017,1,7,6,3,6,4,0,1,1,0,0,1,0,5.34249E+20,5.97526E+21,9.52155E+15,5.39246E+16
117793,1.17013E+18,1,0,61,46,2017,1,12,6,3,6,2,0,1,1,0,0,0,0,5.31814E+20,5.97336E+21,9.48427E+15,5.39076E+16
117794,1.17013E+18,1,0,56,39,2017,1,10,6,3,2,6,0,1,0,0,0,0,0,5.52546E+20,5.94109E+21,9.79434E+15,5.3616E+16
117795,1.17013E+18,1,0,60,63,2017,1,10,6,3,5,6,0,1,0,0,0,0,1,5.65223E+20,5.94718E+21,9.98723E+15,5.36693E+16
117796,1.17013E+18,1,0,53,90,2017,1,11,6,3,6,2,0,1,1,0,0,0,0,6.11662E+20,5.94253E+21,1.06882E+16,5.36197E+16
117797,1.17013E+18,1,0,62,60,2017,1,11,6,3,0,2,0,0,0,1,1,0,0,5.82545E+20,5.931E+21,1.02451E+16,5.35214E+16
117798,1.17013E+18,1,0,62,4,2017,1,22,6,3,8,1,0,1,0,0,0,2,1,5.9096E+20,5.96246E+21,1.03812E+16,5.38028E+16
117799,1.17013E+18,1,0,55,42,2017,1,8,6,3,8,1,1,0,0,0,0,0,0,6.16011E+20,5.98393E+21,1.07695E+16,5.39907E+16
117800,1.17013E+18,1,0,3,0,2017,1,14,6,3,5,3,1,1,0,0,0,0,0,6.11668E+20,5.96881E+21,1.06978E+16,5.38558E+16
117801,1.17013E+18,1,0,55,4,2017,1,12,6,3,6,4,0,1,1,0,0,0,0,6.11368E+20,5.97581E+21,1.06958E+16,5.39187E+16
117802,1.17013E+18,1,0,3,0,2017,1,11,6,3,3,6,0,1,0,0,0,0,0,6.06891E+20,5.96914E+21,1.06253E+16,5.38598E+16
117803,1.17013E+18,1,0,54,88,2017,1,13,6,2,6,7,0,0,1,0,1,0,0,4.88805E+20,6.07086E+21,8.82592E+15,5.47848E+16
117804,1.17013E+18,1,0,54,56,2017,1,13,6,3,5,3,1,1,0,0,0,0,0,5.03644E+20,6.03803E+21,9.05626E+15,5.44899E+16
117805,1.17013E+18,1,0,60,63,2017,1,16,5,3,0,7,0,1,0,0,0,0,0,5.63901E+20,5.94879E+21,9.96755E+15,5.36839E+16
117806,1.17013E+18,1,0,62,61,2017,1,22,5,3,2,6,0,1,0,0,0,2,1,5.99032E+20,5.96509E+21,1.05045E+16,5.38249E+16
117807,1.17013E+18,1,0,3,0,2017,1,17,5,3,6,4,0,1,1,0,0,2,0,6.11394E+20,5.97103E+21,1.06944E+16,5.38758E+16
117808,1.17013E+18,1,0,2,0,2017,1,22,5,3,5,7,0,1,0,0,0,2,1,5.73752E+20,6.02188E+21,1.01344E+16,5.43394E+16
117809,1.17013E+18,1,0,2,0,2017,1,7,5,2,5,3,1,1,0,0,0,2,1,5.75974E+20,6.03054E+21,1.01708E+16,5.44169E+16
117810,1.17013E+18,1,0,60,63,2017,1,19,4,3,2,6,0,1,0,0,0,2,1,5.65934E+20,5.94867E+21,9.9983E+15,5.36826E+16
117811,1.17013E+18,1,0,56,50,2017,1,8,4,3,5,3,1,1,0,0,0,0,0,5.46888E+20,5.9367E+21,9.70816E+15,5.3577E+16
117812,1.17013E+18,1,0,3,0,2017,1,19,4,3,0,7,1,0,0,0,0,2,1,6.11142E+20,5.96932E+21,1.069E+16,5.38605E+16
117813,1.17013E+18,1,0,55,12,2017,1,20,4,3,6,3,0,1,1,0,0,2,0,6.05448E+20,5.99941E+21,1.06139E+16,5.4132E+16
117814,1.17012E+18,1,0,61,46,2017,1,16,3,3,2,6,0,1,0,1,0,0,1,5.35348E+20,5.9759E+21,9.53837E+15,5.39303E+16
117815,1.17012E+18,1,0,51,74,2017,1,19,3,2,6,3,0,1,1,0,0,2,0,5.054E+20,5.99344E+21,9.08256E+15,5.40891E+16
117816,1.17012E+18,1,0,56,18,2017,1,17,3,3,5,3,0,1,0,0,0,2,1,5.56977E+20,5.9418E+21,9.86144E+15,5.36219E+16
117817,1.17012E+18,1,0,56,15,2017,1,14,3,3,2,6,0,1,0,0,0,0,1,5.42891E+20,5.9557E+21,9.65042E+15,5.37482E+16
117818,1.17012E+18,1,0,60,4,2017,1,12,3,3,5,3,1,1,0,0,0,0,0,5.57935E+20,5.97543E+21,9.88223E+15,5.3924E+16
117819,1.17012E+18,1,0,56,39,2017,1,8,3,3,0,5,1,1,0,0,0,0,1,5.52235E+20,5.94722E+21,9.79067E+15,5.36711E+16
117820,1.17012E+18,1,0,62,9,2017,1,15,3,3,2,6,0,1,0,1,0,0,1,5.77006E+20,5.9362E+21,1.01628E+16,5.3569E+16
117821,1.17012E+18,1,0,55,12,2017,1,15,3,3,0,1,1,0,0,0,0,0,1,6.05345E+20,6.00008E+21,1.06125E+16,5.4138E+16
117822,1.17012E+18,1,0,55,4,2017,1,17,3,3,5,2,0,1,0,0,0,2,0,6.10559E+20,5.9756E+21,1.06834E+16,5.3917E+16
117823,1.17012E+18,1,0,57,51,2017,1,17,3,3,0,1,1,0,0,0,0,2,1,5.77012E+20,6.02315E+21,1.01849E+16,5.43503E+16
117824,1.17012E+18,1,0,56,15,2017,1,7,2,3,5,3,1,0,0,0,0,2,1,5.43988E+20,5.95582E+21,9.66707E+15,5.37492E+16
117825,1.17012E+18,1,0,56,49,2017,1,13,2,3,4,6,1,0,0,0,0,0,0,5.43732E+20,5.94869E+21,9.66218E+15,5.36851E+16
117826,1.17012E+18,1,0,53,90,2017,1,13,2,3,5,3,0,1,0,1,0,0,1,6.11467E+20,5.94169E+21,1.06849E+16,5.36121E+16
117827,1.17012E+18,1,0,62,60,2017,1,15,2,3,6,6,1,0,1,0,0,0,0,5.82045E+20,5.93041E+21,1.02374E+16,5.35162E+16
117828,1.17012E+18,1,0,3,0,2017,1,17,2,3,2,6,0,1,0,0,0,2,0,6.11666E+20,5.96983E+21,1.06981E+16,5.3865E+16
117829,1.17012E+18,1,0,3,0,2017,1,9,2,3,2,6,0,1,0,0,0,0,1,6.12212E+20,5.97091E+21,1.07068E+16,5.38745E+16
117830,1.17012E+18,1,0,2,0,2017,1,8,2,3,1,6,0,1,0,0,1,0,0,5.70493E+20,6.02029E+21,1.00839E+16,5.43256E+16
117831,1.17012E+18,1,0,56,50,2017,1,16,1,3,0,1,0,0,0,1,0,0,1,5.47737E+20,5.93637E+21,9.72093E+15,5.3574E+16
117832,1.17012E+18,1,0,3,0,2017,1,20,7,3,1,5,0,1,0,0,0,0,0,6.09157E+20,5.96908E+21,1.06597E+16,5.38588E+16
117833,1.17012E+18,1,0,57,43,2017,1,23,7,3,8,1,0,1,0,0,0,2,0,5.79344E+20,6.02958E+21,1.02225E+16,5.44077E+16
117834,1.17012E+18,1,0,51,44,2017,1,22,6,3,0,7,1,0,0,0,0,2,0,5.06327E+20,6.00572E+21,9.09698E+15,5.41995E+16
117835,1.17012E+18,1,0,60,63,2017,1,8,6,3,5,3,0,1,0,0,1,0,0,5.65476E+20,5.95357E+21,9.9924E+15,5.37267E+16
117836,1.17012E+18,1,0,62,1,2017,1,18,6,3,0,7,1,0,0,0,0,2,1,5.81683E+20,5.94794E+21,1.02365E+16,5.36738E+16
117837,1.17012E+18,1,0,62,1,2017,1,11,6,3,6,4,1,0,1,0,0,0,1,5.80823E+20,5.94855E+21,1.02237E+16,5.36794E+16
117838,1.17012E+18,1,0,55,12,2017,1,12,6,3,5,3,0,1,0,0,0,0,1,6.03606E+20,5.99912E+21,1.05856E+16,5.41297E+16
117839,1.17012E+18,1,0,3,0,2017,1,22,6,3,3,6,1,1,0,0,0,2,0,6.10364E+20,5.97205E+21,1.06791E+16,5.38851E+16
117840,1.17012E+18,1,0,58,58,2017,1,17,6,2,6,4,0,1,1,0,0,2,1,5.64585E+20,6.02888E+21,9.99495E+15,5.44036E+16
117841,1.17012E+18,1,0,59,75,2017,1,12,6,3,5,2,0,1,0,0,0,0,0,5.35404E+20,6.04076E+21,9.54686E+15,5.45132E+16
117842,1.17012E+18,1,0,61,107,2017,1,18,5,3,5,3,0,1,0,0,1,2,1,5.24779E+20,5.98588E+21,9.37821E+15,5.40206E+16
117843,1.17012E+18,1,0,51,13,2017,1,14,5,2,5,3,1,1,0,0,0,0,0,4.90801E+20,5.99834E+21,8.85921E+15,5.41331E+16
117844,1.17012E+18,1,0,56,15,2017,1,16,5,3,5,3,1,1,0,0,0,0,1,5.44365E+20,5.95536E+21,9.67272E+15,5.3745E+16
117845,1.17012E+18,1,0,56,41,2017,1,7,5,3,0,1,1,0,0,0,0,1,1,5.58868E+20,5.95408E+21,9.89236E+15,5.37321E+16
117846,1.17012E+18,1,0,56,44,2017,1,8,5,3,5,3,1,1,0,0,0,0,0,5.54475E+20,5.9395E+21,9.82322E+15,5.36015E+16
117847,1.17012E+18,1,0,53,83,2017,1,8,5,3,2,6,0,1,0,0,0,0,0,6.03521E+20,5.91522E+21,1.05562E+16,5.33759E+16
117848,1.17012E+18,1,0,57,62,2017,1,7,5,3,6,7,1,0,1,0,0,1,0,5.83203E+20,6.00972E+21,1.02764E+16,5.42287E+16
117849,1.17012E+18,1,0,60,5,2017,1,7,4,3,5,3,0,1,0,0,0,1,0,5.85901E+20,5.97688E+21,1.03084E+16,5.39332E+16
117850,1.17012E+18,1,0,60,44,2017,1,15,4,3,6,7,0,1,1,0,0,0,0,5.63218E+20,5.96589E+21,9.96072E+15,5.38377E+16
117851,1.17012E+18,1,0,53,20,2017,1,11,4,3,4,7,0,1,0,0,1,0,1,6.06418E+20,5.92732E+21,1.06038E+16,5.34841E+16
117852,1.17012E+18,1,0,3,0,2017,1,18,4,3,2,6,0,1,0,0,0,2,0,6.22083E+20,5.98136E+21,1.0861E+16,5.39661E+16
117853,1.17012E+18,1,0,58,43,2017,1,14,4,2,5,3,1,1,0,0,0,0,0,5.53699E+20,6.03485E+21,9.82836E+15,5.44585E+16
117854,1.17012E+18,1,0,54,56,2017,1,14,4,3,6,4,0,1,1,0,0,0,0,5.03468E+20,6.03753E+21,9.05353E+15,5.44853E+16
117855,1.17012E+18,1,0,51,137,2017,1,11,3,3,9,1,0,1,0,0,0,0,2,5.0286E+20,5.99519E+21,9.04373E+15,5.41049E+16
117856,1.17012E+18,1,0,56,39,2017,1,15,3,3,5,2,1,0,0,0,1,0,1,5.52404E+20,5.94619E+21,9.79305E+15,5.36619E+16
117857,1.17012E+18,1,0,60,63,2017,1,14,3,3,5,3,1,1,0,0,0,0,0,5.65883E+20,5.9528E+21,9.9984E+15,5.37197E+16
117858,1.17012E+18,1,0,56,41,2017,1,15,3,3,0,5,0,0,0,0,1,0,0,5.62321E+20,5.95549E+21,9.94497E+15,5.37443E+16
117859,1.17012E+18,1,0,56,39,2017,1,7,3,3,5,3,1,1,0,0,0,1,2,5.52578E+20,5.94675E+21,9.79578E+15,5.36668E+16
117860,1.17012E+18,1,0,55,12,2017,1,0,3,2,5,3,1,1,0,0,0,2,0,6.04964E+20,5.99996E+21,1.06066E+16,5.4137E+16
117861,1.17012E+18,1,0,4,0,2017,1,20,3,3,5,3,0,1,0,0,0,2,1,5.63677E+20,5.99186E+21,9.97311E+15,5.4071E+16
117862,1.17012E+18,1,0,58,54,2017,1,11,3,3,5,3,0,1,0,0,0,0,0,5.39204E+20,6.01778E+21,9.60251E+15,5.43064E+16
117863,1.17012E+18,1,0,58,135,2017,1,10,3,3,6,2,0,1,1,0,0,0,1,5.43229E+20,6.01748E+21,9.66432E+15,5.43034E+16
117864,1.17012E+18,1,0,4,0,2017,1,17,3,3,6,4,0,1,1,0,0,2,0,5.64163E+20,5.99196E+21,9.98056E+15,5.40718E+16
117865,1.17012E+18,1,0,56,49,2017,1,10,2,3,6,2,0,1,1,0,0,0,0,5.44408E+20,5.94884E+21,9.67243E+15,5.36864E+16
117866,1.17012E+18,1,0,60,63,2017,1,14,2,3,2,6,0,1,0,0,0,0,1,5.66539E+20,5.95148E+21,1.00081E+16,5.37077E+16
117867,1.17012E+18,1,0,56,18,2017,1,15,2,3,6,4,0,1,1,0,0,0,0,5.55309E+20,5.94246E+21,9.83635E+15,5.3628E+16
117868,1.17012E+18,1,0,56,50,2017,1,11,2,3,2,6,0,1,0,0,0,0,1,5.47123E+20,5.93756E+21,9.71182E+15,5.35847E+16
117869,1.17012E+18,1,0,3,0,2017,1,14,2,3,0,1,1,0,0,0,0,0,2,6.21839E+20,5.9814E+21,1.08573E+16,5.39665E+16
117870,1.17012E+18,1,0,58,135,2017,1,16,2,3,2,6,0,1,0,0,0,0,1,5.43445E+20,6.01648E+21,9.6675E+15,5.42944E+16
117871,1.17012E+18,1,0,57,62,2017,1,18,2,3,6,2,0,1,1,0,0,2,1,5.82875E+20,6.00963E+21,1.02713E+16,5.4228E+16
117872,1.17012E+18,1,0,2,0,2017,1,7,2,3,0,1,1,0,0,0,0,1,2,5.74172E+20,6.01913E+21,1.01402E+16,5.43146E+16
117873,1.17012E+18,1,0,2,0,2017,1,8,2,3,2,6,0,1,0,0,0,0,0,5.68306E+20,6.01959E+21,1.00501E+16,5.43196E+16
117874,1.17012E+18,1,0,2,0,2017,1,17,2,3,6,2,0,1,1,0,0,2,0,5.76942E+20,6.02043E+21,1.01831E+16,5.43259E+16
117875,1.17012E+18,1,0,1,0,2017,1,17,2,3,1,5,1,1,0,0,0,1,0,5.29382E+20,6.07212E+21,9.45699E+15,5.47954E+16
117876,1.17012E+18,1,0,54,56,2017,1,16,2,3,5,3,1,1,0,0,0,0,0,5.04781E+20,6.03748E+21,9.0738E+15,5.4485E+16
117877,1.17012E+18,1,0,61,46,2017,1,18,1,3,5,2,0,1,0,0,0,2,1,5.3426E+20,5.97492E+21,9.52168E+15,5.39216E+16
117878,1.17012E+18,1,0,56,23,2017,1,14,1,3,0,1,1,0,0,0,0,0,2,5.46358E+20,5.95053E+21,9.70221E+15,5.37014E+16
117879,1.17012E+18,1,0,58,92,2017,1,18,1,3,5,3,1,1,0,0,0,2,1,5.71609E+20,6.02207E+21,1.01015E+16,5.43414E+16
117880,1.17012E+18,1,0,59,127,2017,1,10,1,3,9,1,0,1,0,0,0,0,2,5.37893E+20,6.06726E+21,9.58873E+15,5.47511E+16
117881,1.17011E+18,1,0,51,44,2017,1,10,7,2,5,2,1,1,0,0,0,0,2,5.06421E+20,6.00452E+21,9.0984E+15,5.41887E+16
117882,1.17011E+18,1,0,60,63,2017,1,21,7,3,5,3,0,1,0,0,0,2,2,5.65674E+20,5.95137E+21,9.99494E+15,5.37069E+16
117883,1.17011E+18,1,0,55,44,2017,1,16,7,2,4,6,1,0,0,0,0,1,0,6.1518E+20,5.98781E+21,1.07583E+16,5.40257E+16
117884,1.17011E+18,1,0,3,0,2017,1,5,7,3,8,6,1,1,0,0,0,2,1,6.13699E+20,5.97072E+21,1.07293E+16,5.38724E+16
117885,1.17011E+18,1,0,4,0,2017,1,13,7,3,6,4,0,1,1,0,0,0,1,5.65941E+20,5.99095E+21,1.00075E+16,5.40625E+16
117886,1.17011E+18,1,0,59,183,2017,1,15,7,3,0,1,1,0,0,0,0,0,2,5.27964E+20,6.06573E+21,9.43432E+15,5.4738E+16
117887,1.17011E+18,1,0,61,29,2017,1,13,6,3,1,5,1,1,0,0,0,0,1,5.27903E+20,5.96124E+21,9.42364E+15,5.3799E+16
117888,1.17011E+18,1,0,51,26,2017,1,12,6,2,8,6,0,1,0,0,1,0,1,5.17253E+20,5.98857E+21,9.2635E+15,5.40451E+16
117889,1.17011E+18,1,0,60,89,2017,1,16,6,3,5,3,0,1,0,0,0,1,2,5.79601E+20,5.98866E+21,1.02156E+16,5.40401E+16
117890,1.17011E+18,1,0,56,49,2017,1,12,6,3,5,2,1,1,0,0,0,0,1,5.44797E+20,5.94851E+21,9.67828E+15,5.36834E+16
117891,1.17011E+18,1,0,53,129,2017,1,18,6,3,5,3,1,1,0,0,0,2,2,5.82996E+20,5.92755E+21,1.0251E+16,5.34903E+16
117892,1.17011E+18,1,0,55,4,2017,1,18,6,3,0,1,1,0,0,0,0,2,2,6.10632E+20,5.97592E+21,1.06846E+16,5.39198E+16
117893,1.17011E+18,1,0,55,12,2017,1,17,6,3,0,1,1,0,0,0,0,2,2,6.05458E+20,5.99957E+21,1.06141E+16,5.41334E+16
117894,1.17011E+18,1,0,57,62,2017,1,12,6,3,5,3,1,1,0,0,0,0,1,5.82654E+20,6.00944E+21,1.02679E+16,5.42263E+16
117895,1.17011E+18,1,0,59,75,2017,1,16,6,3,5,3,1,1,0,0,0,1,2,5.37542E+20,6.04071E+21,9.57987E+15,5.45126E+16
117896,1.17011E+18,1,0,54,88,2017,1,7,6,3,2,6,0,1,0,0,0,2,1,4.90582E+20,6.0717E+21,8.85352E+15,5.47924E+16
117897,1.17011E+18,1,0,54,164,2017,1,8,6,3,0,1,1,0,0,0,0,0,2,4.71028E+20,6.06008E+21,8.55058E+15,5.46873E+16
117898,1.17011E+18,1,0,54,164,2017,1,10,6,3,0,7,1,0,0,0,0,0,2,4.71934E+20,6.06016E+21,8.56463E+15,5.4688E+16
117899,1.17011E+18,1,0,60,63,2017,1,13,5,3,5,3,0,1,0,1,0,0,1,5.665E+20,5.94913E+21,1.0007E+16,5.36866E+16
117900,1.17011E+18,1,0,56,39,2017,1,14,5,3,6,7,0,1,1,0,0,0,1,5.53402E+20,5.94589E+21,9.80811E+15,5.3659E+16
117901,1.17011E+18,1,0,53,116,2017,1,17,5,3,5,3,1,1,0,0,0,2,1,5.99587E+20,5.92969E+21,1.05016E+16,5.35067E+16
117902,1.17011E+18,1,0,62,60,2017,1,15,5,1,0,7,0,1,0,0,1,0,0,5.82965E+20,5.92999E+21,1.02511E+16,5.35123E+16
117903,1.17011E+18,1,0,55,32,2017,1,7,5,3,8,1,0,1,0,0,0,2,2,6.21518E+20,5.99643E+21,1.08585E+16,5.41016E+16
117904,1.17011E+18,1,0,55,16,2017,1,8,5,3,0,1,1,0,0,0,0,1,2,6.27522E+20,6.00143E+21,1.09523E+16,5.41451E+16
117905,1.17011E+18,1,0,3,0,2017,1,6,5,3,5,3,1,1,0,0,0,2,2,6.12176E+20,5.96672E+21,1.07047E+16,5.38369E+16
117906,1.17011E+18,1,0,55,12,2017,1,17,5,2,6,4,0,1,1,0,0,2,1,6.05523E+20,5.9991E+21,1.06149E+16,5.41292E+16
117907,1.17011E+18,1,0,55,16,2017,1,8,5,3,0,1,1,0,0,0,0,1,2,6.27522E+20,6.00143E+21,1.09523E+16,5.41451E+16
117908,1.17011E+18,1,0,57,48,2017,1,16,5,3,5,3,0,1,0,0,0,1,1,6.04045E+20,6.01708E+21,1.05985E+16,5.4291E+16
117909,1.17011E+18,1,0,57,39,2017,1,18,5,3,9,1,0,1,0,0,0,2,2,5.93989E+20,6.02036E+21,1.04451E+16,5.43225E+16
117910,1.17011E+18,1,0,2,0,2017,1,9,5,3,0,3,0,1,0,1,0,0,1,5.72516E+20,6.01927E+21,1.01148E+16,5.43161E+16
117911,1.17011E+18,1,0,59,120,2017,1,10,5,3,6,4,0,1,1,0,0,0,1,5.2551E+20,6.07279E+21,9.39683E+15,5.48017E+16
117912,1.17011E+18,1,0,54,76,2017,1,16,5,3,5,3,0,1,0,0,0,1,1,4.98289E+20,6.06895E+21,8.97341E+15,5.47677E+16
117913,1.17011E+18,1,0,61,46,2017,1,12,4,3,1,5,0,1,0,0,0,0,0,5.33986E+20,5.97587E+21,9.51761E+15,5.39301E+16
117914,1.17011E+18,1,0,51,16,2017,1,6,4,3,9,4,0,1,1,0,0,2,1,5.17183E+20,5.98319E+21,9.26212E+15,5.39967E+16
117915,1.17011E+18,1,0,56,15,2017,1,17,4,3,5,3,1,1,0,0,0,2,1,5.44316E+20,5.95728E+21,9.67225E+15,5.37622E+16
117916,1.17011E+18,1,0,62,1,2017,1,7,4,3,0,1,1,0,0,0,0,1,0,5.82002E+20,5.94557E+21,1.02407E+16,5.36524E+16
117917,1.17032E+18,1,0,60,11,2017,3,11,6,3,0,1,1,0,0,0,0,0,0,5.66453E+20,5.98563E+21,1.00142E+16,5.40147E+16
117918,1.17032E+18,1,0,60,63,2017,3,11,6,3,5,2,0,1,0,0,0,0,0,5.67558E+20,5.9532E+21,1.00239E+16,5.37231E+16
117919,1.17032E+18,1,0,60,4,2017,3,7,6,3,6,4,0,0,1,0,1,0,0,5.58431E+20,5.97511E+21,9.88973E+15,5.39211E+16
117920,1.17032E+18,1,0,62,4,2017,3,5,6,3,9,1,0,1,0,0,0,1,0,5.90543E+20,5.96795E+21,1.03765E+16,5.38521E+16
117921,1.17032E+18,1,0,53,32,2017,3,18,6,2,0,1,0,1,0,1,0,0,0,5.89757E+20,5.92146E+21,1.03511E+16,5.34346E+16
117922,1.17032E+18,1,0,3,0,2017,3,21,6,3,0,7,0,0,0,1,0,2,0,6.10404E+20,5.97324E+21,1.06802E+16,5.38958E+16
117923,1.17032E+18,1,0,55,42,2017,3,14,6,3,5,3,1,1,0,0,0,0,0,6.19032E+20,5.98424E+21,1.08157E+16,5.39927E+16
117924,1.17032E+18,1,0,55,12,2017,3,16,6,3,5,3,0,1,0,0,0,0,0,6.05139E+20,5.99974E+21,1.06092E+16,5.4135E+16
117925,1.17032E+18,1,0,3,0,2017,3,10,6,3,2,6,0,1,0,0,0,0,0,6.1076E+20,5.97026E+21,1.06845E+16,5.3869E+16
117926,1.17032E+18,1,0,55,4,2017,3,14,6,3,2,2,0,1,0,0,0,0,0,6.10646E+20,5.97619E+21,1.06849E+16,5.39223E+16
117927,1.17032E+18,1,0,58,135,2017,3,7,6,3,5,3,1,1,0,0,0,0,0,5.43231E+20,6.01719E+21,9.66432E+15,5.43007E+16
117928,1.17032E+18,1,0,58,58,2017,3,16,6,3,8,7,1,0,0,0,0,0,0,5.63099E+20,6.02855E+21,9.97199E+15,5.44008E+16
117929,1.17032E+18,1,0,2,0,2017,3,10,6,3,5,6,0,1,0,0,1,0,0,5.74374E+20,6.01871E+21,1.01432E+16,5.43109E+16
117930,1.17032E+18,1,0,2,0,2017,3,7,6,3,5,3,1,1,0,0,0,0,0,5.73701E+20,6.0221E+21,1.01337E+16,5.43414E+16
117931,1.17032E+18,1,0,61,46,2017,3,10,5,3,5,2,1,0,0,0,1,0,0,5.33373E+20,5.97624E+21,9.50832E+15,5.39335E+16
117932,1.17032E+18,1,0,61,29,2017,3,12,5,3,5,3,1,1,0,0,0,0,0,5.27608E+20,5.96128E+21,9.41917E+15,5.37993E+16
117933,1.17032E+18,1,0,60,63,2017,3,18,5,3,5,3,1,1,0,0,0,0,0,5.68573E+20,5.94996E+21,1.00385E+16,5.36939E+16
117934,1.17032E+18,1,0,60,5,2017,3,7,5,3,6,7,1,0,1,0,0,0,0,5.8577E+20,5.97774E+21,1.03067E+16,5.39409E+16
117935,1.17032E+18,1,0,60,39,2017,3,14,5,3,2,6,1,0,0,0,0,0,0,5.65567E+20,5.95704E+21,9.99452E+15,5.37579E+16
117936,1.17032E+18,1,0,62,18,2017,3,7,5,3,5,3,1,1,0,0,0,0,0,5.81754E+20,5.93328E+21,1.02337E+16,5.35421E+16
117937,1.17032E+18,1,0,53,129,2017,3,6,5,3,3,6,1,1,0,0,0,0,0,5.8388E+20,5.92874E+21,1.02646E+16,5.35009E+16
117938,1.17032E+18,1,0,55,4,2017,3,14,5,2,3,6,1,1,0,0,0,0,0,6.10812E+20,5.97539E+21,1.06872E+16,5.39151E+16
117939,1.17032E+18,1,0,55,12,2017,3,7,5,3,1,5,1,1,0,0,0,0,0,6.05388E+20,5.9993E+21,1.06129E+16,5.4131E+16
117940,1.17032E+18,1,0,55,12,2017,3,12,5,3,2,6,0,1,0,0,0,0,0,6.05371E+20,6.0001E+21,1.06129E+16,5.41382E+16
117941,1.17032E+18,1,0,59,45,2017,3,6,5,3,5,2,1,1,0,0,0,0,0,5.61051E+20,6.0568E+21,9.94631E+15,5.46548E+16
117942,1.17032E+18,1,0,51,24,2017,3,14,4,2,4,6,0,1,0,1,0,0,0,5.103E+20,5.97825E+21,9.15695E+15,5.39525E+16
117943,1.17032E+18,1,0,51,44,2017,3,10,4,3,5,3,0,1,0,0,0,0,0,5.08128E+20,6.00563E+21,9.1246E+15,5.41987E+16
117944,1.17032E+18,1,0,56,24,2017,3,13,4,3,9,1,0,0,0,0,1,0,0,5.43025E+20,5.94441E+21,9.65088E+15,5.36467E+16
117945,1.17032E+18,1,0,62,6,2017,3,16,4,3,0,1,1,0,0,0,0,0,0,5.83118E+20,5.95337E+21,1.02597E+16,5.37224E+16
117946,1.17032E+18,1,0,53,32,2017,3,11,4,3,0,1,1,0,0,0,0,0,0,5.90005E+20,5.92204E+21,1.0355E+16,5.34397E+16
117947,1.17032E+18,1,0,53,23,2017,3,17,4,2,0,1,1,0,0,0,0,0,0,5.89821E+20,5.92782E+21,1.03539E+16,5.34916E+16
117948,1.17032E+18,1,0,58,43,2017,3,11,4,2,0,7,1,0,0,0,0,0,0,5.53939E+20,6.03716E+21,9.83248E+15,5.44793E+16
117949,1.17032E+18,1,0,2,0,2017,3,12,4,3,5,3,1,1,0,0,0,0,0,5.73548E+20,6.02016E+21,1.01308E+16,5.4324E+16
117950,1.17032E+18,1,0,54,149,2017,3,16,4,2,0,7,0,0,0,1,0,0,0,4.55999E+20,6.08723E+21,8.31334E+15,5.49301E+16
117951,1.17032E+18,1,0,56,49,2017,3,14,3,2,9,1,1,0,0,0,0,0,0,5.45636E+20,5.94829E+21,9.69095E+15,5.36814E+16
117952,1.17032E+18,1,0,56,29,2017,3,7,3,3,0,7,1,1,0,0,0,0,1,5.43693E+20,5.95336E+21,9.66225E+15,5.37271E+16
117953,1.17032E+18,1,0,56,39,2017,3,6,3,2,5,3,1,1,0,0,0,0,1,5.53348E+20,5.94575E+21,9.80726E+15,5.36578E+16
117954,1.17032E+18,1,0,56,39,2017,3,8,3,3,4,6,0,1,0,0,0,0,0,5.51434E+20,5.94461E+21,9.77811E+15,5.36477E+16
117955,1.17032E+18,1,0,62,18,2017,3,11,3,3,0,7,0,0,0,0,1,0,0,5.81459E+20,5.93321E+21,1.02293E+16,5.35415E+16
117956,1.17032E+18,1,0,3,0,2017,3,13,3,3,0,3,1,1,0,0,0,0,0,6.11764E+20,5.96786E+21,1.06989E+16,5.38472E+16