OBJECTID,UIDENTSTLA,ULAND,UREGBEZ,UKREIS,UGEMEINDE,UJAHR,UMONAT,USTUNDE,UWOCHENTAG,UKATEGORIE,UART,UTYP1,IstRad,IstPKW,IstFuss,IstKrad,IstSonstig,LICHT,STRZUSTAND,LINREFX,LINREFY,XGCSWGS84,YGCSWGS84
118130,1.17023E+18,1,0,3,0,2017,2,3,7,3,0,1,1,0,0,0,0,2,2,6.10524E+20,5.97066E+21,1.06811E+16,5.38726E+16
118131,1.17023E+18,1,0,59,171,2017,2,18,7,3,5,3,0,1,0,0,1,1,1,5.25522E+20,6.05806E+21,9.39574E+15,5.46693E+16
118132,1.17022E+18,1,0,61,46,2017,2,18,6,2,6,4,0,1,1,0,0,2,0,5.33872E+20,5.97465E+21,9.51574E+15,5.39191E+16
118133,1.17022E+18,1,0,51,11,2017,2,14,6,3,4,6,1,1,0,0,0,0,1,5.09568E+20,5.97244E+21,9.14562E+15,5.39003E+16
118134,1.17022E+18,1,0,61,46,2017,2,7,6,3,5,3,1,1,0,0,0,0,1,5.32832E+20,5.97571E+21,9.50002E+15,5.39287E+16
118135,1.17022E+18,1,0,56,39,2017,2,8,6,3,3,6,0,1,0,0,1,0,1,5.53493E+20,5.9443E+21,9.8092E+15,5.36447E+16
118136,1.17022E+18,1,0,56,18,2017,2,15,6,3,5,3,1,1,0,0,0,0,0,5.57804E+20,5.9417E+21,9.87393E+15,5.36209E+16
118137,1.17022E+18,1,0,62,1,2017,2,8,6,3,1,5,1,1,0,0,0,0,1,5.80491E+20,5.94915E+21,1.02188E+16,5.36849E+16
118138,1.17022E+18,1,0,2,0,2017,2,22,6,3,6,4,0,1,1,0,0,2,0,5.7375E+20,6.02186E+21,1.01344E+16,5.43392E+16
118139,1.17022E+18,1,0,2,0,2017,2,14,6,3,5,3,1,1,0,0,0,0,1,5.711E+20,6.01883E+21,1.00929E+16,5.43124E+16
118140,1.17022E+18,1,0,1,0,2017,2,10,6,3,4,2,1,1,0,0,0,0,0,5.27524E+20,6.07226E+21,9.42811E+15,5.47968E+16
118141,1.17022E+18,1,0,51,11,2017,2,7,5,3,5,2,1,1,0,0,0,1,1,5.09201E+20,5.97203E+21,9.14002E+15,5.38966E+16
118142,1.17022E+18,1,0,56,15,2017,2,10,5,3,5,3,0,1,0,0,1,0,1,5.43469E+20,5.9555E+21,9.65915E+15,5.37463E+16
118143,1.17022E+18,1,0,53,32,2017,2,9,5,3,5,3,0,1,0,1,0,0,1,5.89758E+20,5.92146E+21,1.03511E+16,5.34346E+16
118144,1.17022E+18,1,0,58,58,2017,2,22,5,3,2,6,0,1,0,0,0,2,1,5.63937E+20,6.02935E+21,9.98506E+15,5.44079E+16
118145,1.17022E+18,1,0,57,74,2017,2,16,5,3,6,4,0,1,1,0,0,0,1,5.7932E+20,6.02148E+21,1.02199E+16,5.4335E+16
118146,1.17022E+18,1,0,1,0,2017,2,15,5,3,2,6,0,1,0,0,0,0,1,5.24648E+20,6.07002E+21,9.38319E+15,5.47768E+16
118147,1.17022E+18,1,0,54,134,2017,2,14,5,3,9,6,0,1,0,0,0,0,1,4.79042E+20,6.0193E+21,8.67779E+15,5.43211E+16
118148,1.17022E+18,1,0,59,75,2017,2,20,5,3,0,1,0,1,1,0,0,2,0,5.36909E+20,6.04096E+21,9.57013E+15,5.45149E+16
118149,1.17022E+18,1,0,1,0,2017,2,7,5,3,5,3,1,1,0,0,0,0,0,5.29497E+20,6.07332E+21,9.45892E+15,5.48061E+16
118150,1.17022E+18,1,0,59,75,2017,2,22,5,3,2,6,0,1,0,0,0,2,1,5.36945E+20,6.04186E+21,9.57079E+15,5.4523E+16
118151,1.17022E+18,1,0,61,46,2017,2,7,4,3,6,4,1,0,1,0,0,0,1,5.34613E+20,5.97599E+21,9.52717E+15,5.39311E+16
118152,1.17022E+18,1,0,56,41,2017,2,8,4,3,5,3,0,1,0,0,1,0,1,5.60089E+20,5.95367E+21,9.91079E+15,5.37282E+16
118153,1.17022E+18,1,0,60,63,2017,2,9,4,3,0,7,0,1,0,0,1,0,1,5.68093E+20,5.94911E+21,1.00311E+16,5.36862E+16
118154,1.17022E+18,1,0,53,100,2017,2,17,4,3,2,6,0,1,0,0,0,0,0,6.14339E+20,5.95183E+21,1.07321E+16,5.37026E+16
118155,1.17022E+18,1,0,58,135,2017,2,18,4,2,4,6,1,1,0,0,0,2,0,5.42397E+20,6.01857E+21,9.6517E+15,5.43132E+16
118156,1.17022E+18,1,0,2,0,2017,2,8,4,3,5,3,0,1,0,1,0,0,1,5.71955E+20,6.02372E+21,1.01072E+16,5.43562E+16
118157,1.17022E+18,1,0,2,0,2017,2,7,4,3,5,2,1,1,0,0,0,1,1,5.72328E+20,6.01857E+21,1.01117E+16,5.43099E+16
118158,1.17022E+18,1,0,54,168,2017,2,15,4,3,0,3,1,1,0,0,0,1,1,4.55327E+20,6.08519E+21,8.30316E+15,5.49117E+16
118159,1.17022E+18,1,0,56,39,2017,2,18,3,3,7,7,1,0,1,0,0,2,0,5.53491E+20,5.94428E+21,9.80917E+15,5.36446E+16
118160,1.17022E+18,1,0,56,39,2017,2,12,3,3,0,7,1,0,0,0,0,0,1,5.5265E+20,5.94532E+21,9.79663E+15,5.3654E+16
118161,1.17022E+18,1,0,62,1,2017,2,16,3,3,9,1,0,1,0,0,0,0,0,5.81269E+20,5.94549E+21,1.02296E+16,5.36518E+16
118162,1.17022E+18,1,0,3,0,2017,2,13,3,3,5,3,1,1,0,0,0,0,0,6.09865E+20,5.97028E+21,1.06709E+16,5.38694E+16
118163,1.17022E+18,1,0,58,77,2017,2,6,3,3,5,3,1,1,0,0,0,2,1,5.42804E+20,5.99384E+21,9.65444E+15,5.4091E+16
118164,1.17022E+18,1,0,2,0,2017,2,17,3,3,0,7,1,0,0,0,0,0,0,5.72836E+20,6.0194E+21,1.01197E+16,5.43173E+16
118165,1.17022E+18,1,0,59,75,2017,2,7,3,3,0,1,1,1,0,0,0,1,0,5.36566E+20,6.04153E+21,9.5649E+15,5.452E+16
118166,1.17022E+18,1,0,3,0,2017,2,15,2,3,6,4,0,1,1,0,0,0,1,6.0726E+20,5.96712E+21,1.06302E+16,5.38415E+16
118167,1.17022E+18,1,0,53,90,2017,2,22,1,2,0,1,0,0,0,1,0,2,1,6.11452E+20,5.94331E+21,1.06853E+16,5.36267E+16
118168,1.17022E+18,1,0,59,75,2017,2,4,1,3,0,7,1,0,0,0,0,2,1,5.36886E+20,6.04211E+21,9.56991E+15,5.45252E+16
118169,1.17022E+18,1,0,61,42,2017,2,16,7,3,5,3,0,1,0,1,0,0,0,5.41082E+20,5.98007E+21,9.62625E+15,5.39673E+16
118170,1.17022E+18,1,0,56,44,2017,2,10,7,3,0,1,1,0,0,0,0,0,0,5.55463E+20,5.93924E+21,9.83809E+15,5.3599E+16
118171,1.17022E+18,1,0,53,83,2017,2,14,7,2,6,7,0,1,1,0,0,0,0,6.03251E+20,5.91482E+21,1.0552E+16,5.33724E+16
118172,1.17022E+18,1,0,56,15,2017,2,12,6,3,0,1,0,0,0,1,0,0,1,5.44037E+20,5.95412E+21,9.66757E+15,5.37339E+16
118173,1.17022E+18,1,0,56,39,2017,2,7,6,3,5,3,1,1,0,0,0,0,1,5.52721E+20,5.94552E+21,9.79773E+15,5.36558E+16
118174,1.17022E+18,1,0,60,5,2017,2,15,6,3,2,6,0,1,0,0,0,0,0,5.85242E+20,5.97682E+21,1.02984E+16,5.39328E+16
118175,1.17022E+18,1,0,56,9,2017,2,5,6,3,8,1,0,1,0,0,0,2,1,5.55396E+20,5.95013E+21,9.83903E+15,5.3697E+16
118176,1.17022E+18,1,0,60,64,2017,2,16,6,1,5,3,1,0,0,0,1,0,0,5.60091E+20,5.96898E+21,9.91381E+15,5.38658E+16
118177,1.17022E+18,1,0,56,18,2017,2,13,6,3,5,3,1,1,0,0,0,0,1,5.57293E+20,5.94071E+21,9.86602E+15,5.3612E+16
118178,1.17022E+18,1,0,62,6,2017,2,10,6,3,1,5,0,1,0,0,0,0,1,5.83398E+20,5.95418E+21,1.02641E+16,5.37296E+16
118179,1.17022E+18,1,0,3,0,2017,2,13,6,3,2,6,0,1,0,0,0,0,0,6.11295E+20,5.97356E+21,1.06938E+16,5.38985E+16
118180,1.17022E+18,1,0,58,5,2017,2,14,6,3,5,3,1,0,0,0,1,0,0,5.73727E+20,6.02777E+21,1.01355E+16,5.43924E+16
118181,1.17022E+18,1,0,2,0,2017,2,14,6,2,0,7,1,0,0,0,0,0,0,5.76004E+20,6.02895E+21,1.01708E+16,5.44026E+16
118182,1.17022E+18,1,0,54,56,2017,2,18,6,3,0,1,1,0,0,0,0,2,0,5.0307E+20,6.03753E+21,9.04738E+15,5.44854E+16
118183,1.17022E+18,1,0,54,56,2017,2,15,6,3,8,1,1,0,0,0,0,0,0,5.04453E+20,6.03711E+21,9.06872E+15,5.44816E+16
118184,1.17022E+18,1,0,60,63,2017,2,17,5,3,5,2,0,1,0,0,0,1,1,5.6595E+20,5.95168E+21,9.99918E+15,5.37096E+16
118185,1.17033E+18,1,0,57,57,2017,3,21,2,2,5,6,0,1,0,1,0,2,0,5.92725E+20,6.00221E+21,1.04201E+16,5.41596E+16
118186,1.17033E+18,1,0,3,0,2017,3,14,1,3,4,6,1,1,0,0,0,0,0,6.14245E+20,5.97382E+21,1.07388E+16,5.39002E+16
118187,1.17033E+18,1,0,60,5,2017,3,17,2,3,0,1,1,0,0,0,0,0,0,5.86181E+20,5.97721E+21,1.03128E+16,5.39361E+16
118188,1.17032E+18,1,0,56,43,2017,3,10,6,3,5,3,1,1,0,0,0,0,0,5.54861E+20,5.94479E+21,9.82998E+15,5.3649E+16
118189,1.17033E+18,1,0,4,0,2017,3,11,7,3,5,2,0,1,0,0,0,0,0,5.65118E+20,5.99462E+21,9.99572E+15,5.40956E+16
118190,1.17033E+18,1,0,58,22,2017,3,15,1,3,4,6,1,1,0,0,0,0,0,5.65861E+20,6.00369E+21,1.0009E+16,5.41771E+16
118191,1.17033E+18,1,0,3,0,2017,3,11,1,3,1,5,1,1,0,0,0,0,0,6.07791E+20,5.97099E+21,1.06396E+16,5.38762E+16
118192,1.17033E+18,1,0,3,0,2017,3,13,7,3,6,4,0,1,1,0,0,0,0,6.10578E+20,5.96996E+21,1.06816E+16,5.38663E+16
118193,1.17033E+18,1,0,55,32,2017,3,13,7,3,0,7,1,0,0,0,0,0,0,6.19492E+20,5.99741E+21,1.08279E+16,5.41109E+16
118194,1.17033E+18,1,0,56,36,2017,3,10,7,2,5,3,0,1,0,0,1,0,0,5.44594E+20,5.94742E+21,9.67505E+15,5.36736E+16
118195,1.17033E+18,1,0,56,49,2017,3,11,1,3,6,7,0,1,1,0,0,0,0,5.46565E+20,5.94978E+21,9.70523E+15,5.36947E+16
118196,1.17033E+18,1,0,56,50,2017,3,14,7,3,0,7,1,1,0,0,0,0,0,5.46605E+20,5.93697E+21,9.70393E+15,5.35795E+16
118197,1.17033E+18,1,0,60,63,2017,3,21,7,3,0,1,1,0,0,0,0,2,0,5.64623E+20,5.95205E+21,9.97916E+15,5.37132E+16
118198,1.17033E+18,1,0,3,0,2017,3,2,7,3,3,7,0,1,0,1,0,2,0,6.10477E+20,5.97114E+21,1.06805E+16,5.3877E+16
118199,1.17043E+18,1,0,62,23,2017,4,10,3,3,5,3,0,1,0,0,0,0,1,5.84481E+20,5.94475E+21,1.0278E+16,5.36447E+16
118200,1.17043E+18,1,0,2,0,2017,4,7,3,3,0,7,1,0,0,0,0,0,0,5.73274E+20,6.01916E+21,1.01264E+16,5.4315E+16
118201,1.17042E+18,1,0,60,63,2017,4,18,2,3,5,3,1,1,0,0,0,0,1,5.64477E+20,5.94832E+21,9.97617E+15,5.36796E+16
118202,1.17042E+18,1,0,3,0,2017,4,13,2,2,5,7,0,1,0,1,0,0,0,6.12025E+20,5.97215E+21,1.07044E+16,5.38857E+16
118203,1.17042E+18,1,0,55,12,2017,4,18,2,3,5,7,1,1,0,0,0,0,0,6.05662E+20,5.99978E+21,1.06173E+16,5.41353E+16
118204,1.17042E+18,1,0,2,0,2017,4,14,2,3,5,3,1,1,0,0,0,0,1,5.70272E+20,6.02297E+21,1.00811E+16,5.43497E+16
118205,1.17042E+18,1,0,59,184,2017,4,14,2,2,5,3,0,1,0,0,0,0,0,5.25444E+20,6.06179E+21,9.39485E+15,5.47028E+16
118206,1.17042E+18,1,0,1,0,2017,4,15,2,3,6,4,0,1,1,0,0,0,0,5.2735E+20,6.07219E+21,9.4254E+15,5.47961E+16
118207,1.17042E+18,1,0,60,63,2017,4,7,1,2,1,5,0,1,0,0,0,0,0,5.65135E+20,5.94814E+21,9.9861E+15,5.3678E+16
118208,1.17042E+18,1,0,55,16,2017,4,8,1,3,0,7,1,0,0,0,0,0,0,6.27579E+20,6.00129E+21,1.09532E+16,5.41439E+16
118209,1.17042E+18,1,0,3,0,2017,4,19,1,3,6,4,0,1,1,0,0,0,0,6.08603E+20,5.97061E+21,1.06518E+16,5.38726E+16
118210,1.17042E+18,1,0,55,12,2017,4,3,1,3,5,3,1,1,0,0,0,2,0,6.05525E+20,6.00031E+21,1.06154E+16,5.414E+16
118211,1.17042E+18,1,0,1,0,2017,4,11,1,3,1,5,1,1,0,0,0,0,0,5.3046E+20,6.07213E+21,9.47376E+15,5.47954E+16
118212,1.17042E+18,1,0,1,0,2017,4,20,1,2,0,7,0,1,0,0,0,1,0,5.31137E+20,6.07483E+21,9.48459E+15,5.48196E+16
118213,1.17042E+18,1,0,56,43,2017,4,18,7,3,2,6,0,1,0,0,0,0,1,5.57764E+20,5.94284E+21,9.87353E+15,5.36311E+16
118214,1.17042E+18,1,0,55,4,2017,4,11,7,3,5,3,0,1,0,0,0,0,0,6.1056E+20,5.9756E+21,1.06834E+16,5.3917E+16
118215,1.17042E+18,1,0,56,39,2017,4,23,6,3,0,7,1,0,0,0,0,2,0,5.52953E+20,5.94506E+21,9.80116E+15,5.36517E+16
118216,1.17042E+18,1,0,60,39,2017,4,16,6,3,5,6,1,1,0,0,0,0,0,5.64737E+20,5.96104E+21,9.98277E+15,5.37939E+16
118217,1.17042E+18,1,0,56,39,2017,4,10,6,3,3,6,1,1,0,0,0,0,0,5.52106E+20,5.94476E+21,9.7883E+15,5.3649E+16
118218,1.17042E+18,1,0,62,4,2017,4,12,6,3,5,2,1,1,0,0,0,0,0,5.9073E+20,5.96291E+21,1.03778E+16,5.38068E+16
118219,1.17042E+18,1,0,55,4,2017,4,13,6,3,5,3,0,1,0,0,0,0,0,6.0959E+20,5.97478E+21,1.06683E+16,5.39098E+16
118220,1.17042E+18,1,0,2,0,2017,4,12,6,3,5,2,1,1,0,0,0,0,1,5.7387E+20,6.0255E+21,1.01371E+16,5.43719E+16
118221,1.17042E+18,1,0,54,163,2017,4,13,6,3,5,7,1,1,0,0,0,0,0,4.70991E+20,6.06107E+21,8.5499E+15,5.46961E+16
118222,1.17042E+18,1,0,3,0,2017,4,8,5,2,8,1,0,1,0,0,0,0,0,6.10519E+20,5.96186E+21,1.06778E+16,5.37936E+16
118223,1.17042E+18,1,0,58,135,2017,4,11,5,3,5,3,0,1,0,0,0,0,0,5.4165E+20,6.0191E+21,9.64029E+15,5.4318E+16
118224,1.17042E+18,1,0,61,116,2017,4,17,4,3,5,3,1,1,0,0,0,0,0,5.49568E+20,5.97644E+21,9.755E+15,5.39339E+16
118225,1.17042E+18,1,0,53,32,2017,4,16,4,2,2,6,0,1,0,0,1,0,0,5.91128E+20,5.92131E+21,1.03717E+16,5.34329E+16
118226,1.17042E+18,1,0,62,18,2017,4,11,4,3,1,5,0,1,0,0,1,0,0,5.8076E+20,5.9336E+21,1.02188E+16,5.35451E+16
118227,1.17042E+18,1,0,62,4,2017,4,15,4,3,2,6,0,1,0,1,0,0,0,5.90779E+20,5.96263E+21,1.03785E+16,5.38043E+16
118228,1.17042E+18,1,0,55,2,2017,4,13,4,3,9,7,0,1,0,0,0,0,0,6.16519E+20,5.99989E+21,1.07834E+16,5.41339E+16
118229,1.17042E+18,1,0,55,41,2017,4,17,4,3,3,6,1,0,0,0,1,0,0,6.12303E+20,5.99353E+21,1.07165E+16,5.40777E+16
118230,1.17042E+18,1,0,2,0,2017,4,15,4,2,6,4,0,1,1,0,0,0,0,5.75707E+20,6.03193E+21,1.0167E+16,5.44294E+16
118231,1.17042E+18,1,0,59,186,2017,4,15,4,3,6,1,0,0,1,0,1,0,0,5.49063E+20,6.06802E+21,9.76239E+15,5.4757E+16
118232,1.17042E+18,1,0,51,44,2017,4,15,3,3,6,7,0,1,1,0,0,0,0,5.06189E+20,6.00539E+21,9.09487E+15,5.41965E+16
118233,1.17042E+18,1,0,62,60,2017,4,14,3,3,2,2,0,1,0,0,0,0,0,5.81894E+20,5.9313E+21,1.02353E+16,5.35242E+16
118234,1.17042E+18,1,0,58,34,2017,4,22,3,3,5,3,1,0,0,0,0,2,0,5.42657E+20,6.01906E+21,9.65577E+15,5.43177E+16
118235,1.17042E+18,1,0,56,39,2017,4,21,2,3,0,1,0,1,0,0,0,2,1,5.54346E+20,5.94471E+21,9.82217E+15,5.36483E+16
118236,1.17042E+18,1,0,55,46,2017,4,18,2,3,6,1,0,1,1,0,0,0,0,6.422E+20,6.03268E+21,1.11917E+16,5.44219E+16
118237,1.17042E+18,1,0,3,0,2017,4,9,2,3,5,2,0,1,0,0,0,0,0,6.08799E+20,5.96854E+21,1.06541E+16,5.3854E+16
118238,1.17042E+18,1,0,54,164,2017,4,15,2,3,0,1,1,0,0,0,0,0,0,4.71633E+20,6.06036E+21,8.55994E+15,5.46897E+16
118239,1.17042E+18,1,0,60,63,2017,4,21,1,2,5,2,0,1,0,0,0,2,1,5.65495E+20,5.952E+21,9.99235E+15,5.37125E+16
118240,1.17042E+18,1,0,62,1,2017,4,13,7,3,6,2,0,1,1,0,0,0,0,5.81878E+20,5.948E+21,1.02395E+16,5.36744E+16
118241,1.17042E+18,1,0,53,90,2017,4,10,7,3,0,7,0,1,0,0,0,0,1,6.11298E+20,5.94169E+21,1.06824E+16,5.36122E+16
118242,1.17042E+18,1,0,62,1,2017,4,16,7,3,2,2,0,1,0,0,0,0,1,5.8307E+20,5.94884E+21,1.02577E+16,5.36817E+16
118243,1.17042E+18,1,0,54,168,2017,4,17,7,3,5,2,0,1,0,1,0,0,0,4.55776E+20,6.08496E+21,8.3102E+15,5.49097E+16
118244,1.17041E+18,1,0,61,73,2017,4,18,6,2,8,1,0,1,0,0,0,0,0,5.32232E+20,5.96794E+21,9.49007E+15,5.38589E+16
118245,1.17041E+18,1,0,56,27,2017,4,15,6,3,6,4,0,1,1,0,0,0,1,5.41724E+20,5.94062E+21,9.63069E+15,5.36127E+16
118246,1.17041E+18,1,0,53,116,2017,4,15,6,3,1,6,0,1,0,0,0,0,1,5.97858E+20,5.92862E+21,1.04752E+16,5.34974E+16
118247,1.17041E+18,1,0,54,56,2017,4,13,6,3,6,7,0,1,1,0,0,0,0,5.03092E+20,6.03639E+21,9.04772E+15,5.44751E+16
118248,1.17041E+18,1,0,54,168,2017,4,21,6,2,9,7,1,0,0,0,0,2,0,4.57223E+20,6.08361E+21,8.33297E+15,5.48977E+16
118249,1.17041E+18,1,0,61,46,2017,4,10,5,3,5,3,1,1,0,0,0,0,1,5.33229E+20,5.97618E+21,9.50612E+15,5.39329E+16
118250,1.17041E+18,1,0,61,46,2017,4,18,5,3,5,3,1,1,0,0,0,0,0,5.328E+20,5.97703E+21,9.49967E+15,5.39407E+16
118251,1.17041E+18,1,0,56,49,2017,4,18,5,3,5,2,0,1,0,0,0,0,1,5.43184E+20,5.94961E+21,9.65401E+15,5.36934E+16
118252,1.17041E+18,1,0,60,63,2017,4,11,5,3,5,3,1,1,0,0,0,0,0,5.65843E+20,5.94931E+21,9.99707E+15,5.36883E+16
118253,1.17041E+18,1,0,60,63,2017,4,10,5,2,7,7,1,0,0,0,0,0,1,5.66654E+20,5.94881E+21,1.00092E+16,5.36837E+16
118254,1.17041E+18,1,0,60,63,2017,4,14,5,3,2,6,0,1,0,0,0,0,1,5.6581E+20,5.95356E+21,9.99747E+15,5.37265E+16
118255,1.17041E+18,1,0,62,23,2017,4,9,5,3,5,3,0,1,0,0,1,0,1,5.83395E+20,5.94575E+21,1.02618E+16,5.36538E+16
118256,1.17041E+18,1,0,55,46,2017,4,12,5,3,5,3,0,1,0,0,1,0,0,6.42476E+20,6.0331E+21,1.11962E+16,5.44256E+16
118257,1.17041E+18,1,0,55,16,2017,4,10,5,3,0,1,0,0,0,1,0,0,0,6.26279E+20,6.00091E+21,1.09331E+16,5.41408E+16
118258,1.17041E+18,1,0,2,0,2017,4,23,5,3,6,2,0,1,1,0,0,2,1,5.74793E+20,6.01854E+21,1.01496E+16,5.43092E+16
118259,1.17041E+18,1,0,2,0,2017,4,23,5,3,1,5,0,1,0,0,0,2,1,5.73321E+20,6.0193E+21,1.01271E+16,5.43163E+16
118260,1.17041E+18,1,0,54,88,2017,4,14,5,3,0,7,1,0,0,0,0,0,0,4.89007E+20,6.07151E+21,8.82903E+15,5.47906E+16
118261,1.17041E+18,1,0,54,88,2017,4,5,5,3,0,1,1,0,0,0,0,2,1,4.89104E+20,6.07134E+21,8.83056E+15,5.47892E+16
118262,1.17041E+18,1,0,60,5,2017,4,9,4,3,2,6,0,1,0,0,0,0,1,5.85319E+20,5.97785E+21,1.02998E+16,5.3942E+16
118263,1.17041E+18,1,0,56,39,2017,4,13,4,2,3,2,0,1,0,1,0,0,1,5.52349E+20,5.94637E+21,9.79224E+15,5.36634E+16
118264,1.17041E+18,1,0,56,15,2017,4,14,4,3,5,3,0,1,0,0,0,0,1,5.44388E+20,5.95424E+21,9.67291E+15,5.37349E+16
118265,1.17041E+18,1,0,55,17,2017,4,14,4,3,5,3,1,1,0,0,0,0,1,6.35437E+20,6.02634E+21,1.10847E+16,5.43668E+16
118266,1.17041E+18,1,0,3,0,2017,4,12,4,3,8,6,0,1,0,1,0,0,0,6.1177E+20,5.96703E+21,1.06987E+16,5.38398E+16
118267,1.17041E+18,1,0,58,72,2017,4,11,4,3,5,3,0,1,0,0,0,0,1,5.27089E+20,5.99759E+21,9.41451E+15,5.41257E+16
118268,1.17041E+18,1,0,58,135,2017,4,17,4,3,0,3,0,1,0,1,0,0,1,5.43783E+20,6.0165E+21,9.6727E+15,5.42945E+16
118269,1.17041E+18,1,0,57,62,2017,4,11,4,3,0,1,1,0,0,0,0,0,1,5.84099E+20,6.00968E+21,1.02901E+16,5.42282E+16
118270,1.17041E+18,1,0,1,0,2017,4,11,4,3,8,1,0,1,0,0,0,0,1,5.26552E+20,6.07315E+21,9.41308E+15,5.48048E+16
118271,1.17041E+18,1,0,54,56,2017,4,16,4,3,5,3,0,1,0,0,0,0,1,5.05465E+20,6.03845E+21,9.08437E+15,5.44937E+16
118272,1.17041E+18,1,0,56,41,2017,4,16,3,3,3,6,0,1,0,0,1,0,0,5.62302E+20,5.95549E+21,9.9447E+15,5.37443E+16
118273,1.17041E+18,1,0,56,41,2017,4,11,3,3,5,3,0,1,0,0,0,0,0,5.60572E+20,5.95368E+21,9.91811E+15,5.37282E+16
118274,1.17041E+18,1,0,53,90,2017,4,15,3,3,0,7,0,0,0,1,0,0,0,6.12218E+20,5.94052E+21,1.06959E+16,5.36015E+16
118275,1.17041E+18,1,0,3,0,2017,4,17,3,3,5,3,1,1,0,0,0,0,0,6.10309E+20,5.97046E+21,1.06777E+16,5.38709E+16
118276,1.17041E+18,1,0,3,0,2017,4,19,3,3,5,2,0,1,0,1,0,1,0,6.1238E+20,5.9671E+21,1.0708E+16,5.38403E+16
118277,1.17041E+18,1,0,3,0,2017,4,9,3,3,5,3,0,1,0,0,1,0,0,6.09719E+20,5.9696E+21,1.06684E+16,5.38633E+16
118278,1.17041E+18,1,0,58,22,2017,4,18,3,3,5,3,1,1,0,0,0,0,0,5.68167E+20,6.00338E+21,1.00443E+16,5.41739E+16
118279,1.17041E+18,1,0,2,0,2017,4,8,3,3,5,3,1,1,0,0,0,0,1,5.74127E+20,6.0199E+21,1.01397E+16,5.43216E+16
118280,1.17041E+18,1,0,2,0,2017,4,16,3,3,2,6,0,1,0,0,0,0,0,5.73599E+20,6.01862E+21,1.01312E+16,5.43101E+16
118281,1.17041E+18,1,0,51,44,2017,4,14,2,2,5,3,1,1,0,0,0,0,0,5.07226E+20,6.00605E+21,9.11078E+15,5.42024E+16
118282,1.17041E+18,1,0,56,49,2017,4,20,2,3,9,1,0,1,0,0,0,0,1,5.44825E+20,5.9485E+21,9.6787E+15,5.36833E+16
118283,1.17041E+18,1,0,56,15,2017,4,9,2,3,6,3,1,0,1,0,0,0,0,5.43324E+20,5.95637E+21,9.65708E+15,5.37542E+16
118284,1.17041E+18,1,0,53,32,2017,4,13,2,3,0,1,1,0,0,0,0,0,0,5.91572E+20,5.92146E+21,1.03784E+16,5.34342E+16
118285,1.17041E+18,1,0,62,18,2017,4,12,2,3,0,7,1,0,0,0,0,0,0,5.81151E+20,5.9321E+21,1.02243E+16,5.35315E+16
118286,1.17041E+18,1,0,55,16,2017,4,14,2,2,6,4,1,0,1,0,0,0,0,6.27545E+20,6.00098E+21,1.09525E+16,5.41411E+16
118287,1.17041E+18,1,0,3,0,2017,4,12,2,2,0,4,0,0,1,0,1,0,0,6.2146E+20,5.97848E+21,1.08504E+16,5.39404E+16
118288,1.17041E+18,1,0,2,0,2017,4,11,2,3,5,3,0,1,0,0,0,0,0,5.73649E+20,6.01982E+21,1.01323E+16,5.4321E+16
118289,1.17041E+18,1,0,1,0,2017,4,7,2,3,5,3,1,1,0,0,0,0,0,5.27067E+20,6.07274E+21,9.42105E+15,5.48011E+16
118290,1.17041E+18,1,0,54,164,2017,4,11,2,3,8,1,1,0,0,0,0,0,0,4.71949E+20,6.06014E+21,8.56486E+15,5.46878E+16
118291,1.17041E+18,1,0,60,92,2017,4,21,1,3,5,2,0,1,0,0,0,2,0,5.78801E+20,5.97818E+21,1.02006E+16,5.3946E+16
118292,1.17041E+18,1,0,55,24,2017,4,13,1,2,8,1,0,0,0,1,0,0,0,6.12291E+20,5.99808E+21,1.0718E+16,5.41185E+16
118293,1.17041E+18,1,0,3,0,2017,4,16,1,3,1,6,0,1,0,1,0,0,0,6.07311E+20,5.96691E+21,1.06309E+16,5.38396E+16
118294,1.17041E+18,1,0,55,12,2017,4,18,1,3,2,6,0,1,0,1,0,0,0,6.05134E+20,5.99974E+21,1.06092E+16,5.4135E+16
118295,1.17041E+18,1,0,55,44,2017,4,17,1,2,1,5,0,1,0,0,0,0,0,6.11459E+20,5.98757E+21,1.07014E+16,5.40244E+16
118296,1.17041E+18,1,0,55,17,2017,4,14,1,3,5,2,1,1,0,0,0,0,0,6.35434E+20,6.02652E+21,1.10847E+16,5.43684E+16
118297,1.17041E+18,1,0,57,91,2017,4,15,1,3,5,3,0,1,0,0,0,0,0,5.79439E+20,6.01673E+21,1.02205E+16,5.42923E+16
118298,1.17041E+18,1,0,59,101,2017,4,16,1,3,8,1,1,0,0,0,0,0,0,5.30711E+20,6.06871E+21,9.4773E+15,5.47647E+16
118299,1.17041E+18,1,0,60,63,2017,4,19,7,3,6,7,0,1,1,0,0,1,0,5.63309E+20,5.94834E+21,9.9585E+15,5.368E+16
118300,1.17041E+18,1,0,60,63,2017,4,15,7,3,0,1,1,0,0,0,0,0,0,5.65478E+20,5.95372E+21,9.99246E+15,5.3728E+16
118301,1.17041E+18,1,0,56,41,2017,4,13,7,3,2,2,0,1,0,0,0,0,0,5.62185E+20,5.95439E+21,9.94269E+15,5.37344E+16
118302,1.17041E+18,1,0,53,116,2017,4,10,7,3,0,7,0,0,0,1,0,0,0,5.98156E+20,5.92907E+21,1.04799E+16,5.35014E+16