OBJECTID,UIDENTSTLA,ULAND,UREGBEZ,UKREIS,UGEMEINDE,UJAHR,UMONAT,USTUNDE,UWOCHENTAG,UKATEGORIE,UART,UTYP1,IstRad,IstPKW,IstFuss,IstKrad,IstSonstig,LICHT,STRZUSTAND,LINREFX,LINREFY,XGCSWGS84,YGCSWGS84
118476,1.17052E+18,1,0,53,98,2017,5,15,5,3,3,6,1,1,0,0,0,0,0,6.1314E+20,5.95478E+21,1.0715E+16,5.37294E+16
118477,1.17052E+18,1,0,55,46,2017,5,18,5,3,0,7,1,0,0,0,0,0,0,6.40227E+20,6.03088E+21,1.11605E+16,5.44063E+16
118478,1.17052E+18,1,0,3,0,2017,5,10,5,2,6,4,1,0,1,0,0,0,0,6.11053E+20,5.9703E+21,1.0689E+16,5.38693E+16
118479,1.17052E+18,1,0,55,12,2017,5,18,5,3,0,7,1,0,0,0,0,0,0,6.04941E+20,6.00016E+21,1.06064E+16,5.41389E+16
118480,1.17052E+18,1,0,4,0,2017,5,13,5,3,5,3,1,1,0,0,0,0,0,5.61599E+20,5.99099E+21,9.94118E+15,5.40635E+16
118481,1.17052E+18,1,0,58,166,2017,5,7,5,3,5,3,1,0,0,0,0,0,0,5.64244E+20,6.04306E+21,9.99279E+15,5.4531E+16
118482,1.17052E+18,1,0,58,43,2017,5,9,5,3,2,6,0,1,0,0,1,0,0,5.53807E+20,6.03646E+21,9.83031E+15,5.44729E+16
118483,1.17052E+18,1,0,2,0,2017,5,18,5,3,5,3,1,1,0,0,0,0,0,5.77496E+20,6.01628E+21,1.01905E+16,5.42885E+16
118484,1.17052E+18,1,0,2,0,2017,5,14,5,3,5,2,1,1,0,0,0,0,0,5.72896E+20,6.01983E+21,1.01207E+16,5.43212E+16
118485,1.17052E+18,1,0,59,183,2017,5,12,5,2,6,3,0,1,1,0,0,0,0,5.24463E+20,6.06689E+21,9.38004E+15,5.47486E+16
118486,1.17052E+18,1,0,54,113,2017,5,15,5,3,6,7,0,1,1,0,0,0,0,4.77081E+20,6.01771E+21,8.64776E+15,5.43067E+16
118487,1.17052E+18,1,0,59,75,2017,5,18,5,3,6,4,1,0,1,0,0,0,0,5.36198E+20,6.04164E+21,9.55923E+15,5.4521E+16
118488,1.17052E+18,1,0,61,55,2017,5,17,4,3,6,6,0,1,1,0,0,0,0,5.32274E+20,5.96546E+21,9.49044E+15,5.38367E+16
118489,1.17052E+18,1,0,61,55,2017,5,18,4,3,6,4,0,1,1,0,0,0,0,5.32308E+20,5.96547E+21,9.49096E+15,5.38367E+16
118490,1.17052E+18,1,0,60,63,2017,5,14,4,3,5,3,1,0,0,0,1,0,0,5.65671E+20,5.9535E+21,9.99535E+15,5.3726E+16
118491,1.17052E+18,1,0,56,41,2017,5,8,4,3,5,3,0,1,0,0,0,0,0,5.60342E+20,5.9535E+21,9.91459E+15,5.37267E+16
118492,1.17052E+18,1,0,60,5,2017,5,17,4,3,2,6,0,1,0,0,0,0,0,5.85348E+20,5.97793E+21,1.03003E+16,5.39427E+16
118493,1.17052E+18,1,0,56,15,2017,5,18,4,3,4,6,1,0,0,0,0,0,0,5.43285E+20,5.95651E+21,9.65651E+15,5.37554E+16
118494,1.17052E+18,1,0,56,36,2017,5,21,4,2,0,7,0,0,0,1,0,1,0,5.44968E+20,5.94646E+21,9.68057E+15,5.36649E+16
118495,1.17052E+18,1,0,53,129,2017,5,16,4,3,2,3,0,1,0,0,0,0,0,5.83393E+20,5.92764E+21,1.0257E+16,5.34911E+16
118496,1.17052E+18,1,0,62,1,2017,5,10,4,2,5,3,1,1,0,0,0,0,0,5.81305E+20,5.94786E+21,1.02308E+16,5.36731E+16
118497,1.17052E+18,1,0,55,40,2017,5,13,4,3,5,3,1,0,0,0,1,0,0,6.08189E+20,5.97339E+21,1.06465E+16,5.38976E+16
118498,1.17052E+18,1,0,3,0,2017,5,9,4,3,0,7,1,0,0,0,0,0,0,6.1286E+20,5.97007E+21,1.07164E+16,5.38669E+16
118499,1.17052E+18,1,0,3,0,2017,5,13,4,2,5,3,1,1,0,0,0,0,0,6.09664E+20,5.97111E+21,1.06681E+16,5.38768E+16
118500,1.17052E+18,1,0,57,91,2017,5,16,4,3,2,6,0,1,0,0,0,0,0,5.80225E+20,6.01612E+21,1.02324E+16,5.42867E+16
118501,1.17052E+18,1,0,54,168,2017,5,15,4,2,2,6,1,0,0,0,0,0,0,4.54705E+20,6.07796E+21,8.2946E+15,5.48467E+16
118502,1.17052E+18,1,0,59,24,2017,5,23,4,2,9,1,0,1,0,0,0,2,0,5.2038E+20,6.01782E+21,9.31323E+15,5.43078E+16
118503,1.17052E+18,1,0,54,61,2017,5,11,4,2,7,1,1,0,0,0,0,0,0,4.58917E+20,6.09397E+21,8.3579E+15,5.49909E+16
118504,1.17052E+18,1,0,54,168,2017,5,7,4,3,3,6,1,1,0,0,0,0,0,4.55522E+20,6.08438E+21,8.30633E+15,5.49045E+16
118505,1.17052E+18,1,0,60,63,2017,5,7,3,3,0,1,1,0,0,0,0,0,1,5.6529E+20,5.94654E+21,9.98811E+15,5.36635E+16
118506,1.17052E+18,1,0,62,6,2017,5,17,3,3,0,6,1,1,0,0,0,0,1,5.83735E+20,5.95463E+21,1.02694E+16,5.37336E+16
118507,1.17052E+18,1,0,55,33,2017,5,7,3,3,1,7,0,1,0,0,0,0,1,6.22082E+20,6.01799E+21,1.08758E+16,5.42952E+16
118508,1.17052E+18,1,0,58,117,2017,5,8,3,3,6,2,0,1,1,0,0,0,0,5.55894E+20,6.00244E+21,9.85614E+15,5.4167E+16
118509,1.17052E+18,1,0,57,91,2017,5,16,3,3,1,6,0,1,0,0,0,0,1,5.7992E+20,6.01623E+21,1.02277E+16,5.42877E+16
118510,1.17052E+18,1,0,1,0,2017,5,13,3,3,4,6,1,0,0,0,0,0,1,5.30145E+20,6.07274E+21,9.46894E+15,5.4801E+16
118511,1.17052E+18,1,0,61,46,2017,5,7,2,3,5,3,1,1,0,0,0,0,0,5.3329E+20,5.97629E+21,9.50706E+15,5.39339E+16
118512,1.17052E+18,1,0,60,39,2017,5,19,2,3,5,3,1,1,0,0,0,0,0,5.64648E+20,5.96162E+21,9.98154E+15,5.37992E+16
118513,1.17052E+18,1,0,56,43,2017,5,13,2,3,5,3,1,1,0,0,0,0,0,5.57652E+20,5.94286E+21,9.87185E+15,5.36313E+16
118514,1.17052E+18,1,0,53,116,2017,5,7,2,3,5,2,1,1,0,0,0,0,0,5.98304E+20,5.92947E+21,1.04822E+16,5.3505E+16
118515,1.17052E+18,1,0,53,32,2017,5,14,2,3,5,7,0,1,0,0,0,0,0,5.8988E+20,5.92138E+21,1.03529E+16,5.34338E+16
118516,1.17052E+18,1,0,58,107,2017,5,18,2,3,9,1,0,0,0,1,0,0,0,5.68877E+20,6.01402E+21,1.00576E+16,5.42694E+16
118517,1.17052E+18,1,0,2,0,2017,5,8,2,3,6,2,1,0,1,0,0,0,0,5.74099E+20,6.02155E+21,1.01397E+16,5.43364E+16
118518,1.17052E+18,1,0,59,75,2017,5,12,2,2,1,1,0,1,0,1,0,0,0,5.34916E+20,6.03938E+21,9.53916E+15,5.45008E+16
118519,1.17051E+18,1,0,61,46,2017,5,22,1,3,5,3,0,1,0,0,0,2,1,5.34264E+20,5.97492E+21,9.52174E+15,5.39216E+16
118520,1.17051E+18,1,0,56,50,2017,5,9,1,3,5,3,1,1,0,0,0,0,0,5.47192E+20,5.93649E+21,9.71272E+15,5.35752E+16
118521,1.17051E+18,1,0,56,22,2017,5,0,1,3,9,1,0,1,0,0,0,2,1,5.52253E+20,5.95998E+21,9.7931E+15,5.37858E+16
118522,1.17051E+18,1,0,62,6,2017,5,7,1,3,6,6,0,1,1,0,0,0,0,5.82291E+20,5.95424E+21,1.02474E+16,5.37303E+16
118523,1.17051E+18,1,0,53,75,2017,5,1,1,3,1,5,0,1,0,1,0,2,0,6.07753E+20,5.96023E+21,1.06353E+16,5.37795E+16
118524,1.17051E+18,1,0,55,4,2017,5,15,1,2,1,5,1,1,0,0,0,0,0,6.1155E+20,5.97854E+21,1.06995E+16,5.39432E+16
118525,1.17051E+18,1,0,2,0,2017,5,20,1,3,0,7,1,0,0,0,0,0,0,5.73671E+20,6.02393E+21,1.01337E+16,5.43579E+16
118526,1.17051E+18,1,0,60,63,2017,5,23,7,1,6,4,0,1,1,0,0,2,1,5.65725E+20,5.95442E+21,9.99637E+15,5.37343E+16
118527,1.17051E+18,1,0,3,0,2017,5,10,7,3,1,5,0,1,0,1,0,0,0,6.0923E+20,5.9699E+21,1.06611E+16,5.3866E+16
118528,1.17051E+18,1,0,58,135,2017,5,18,7,2,0,7,1,0,0,0,0,0,1,5.44009E+20,6.01727E+21,9.67628E+15,5.43014E+16
118529,1.17051E+18,1,0,58,77,2017,5,14,7,3,8,1,0,0,0,1,0,0,0,5.42106E+20,5.99473E+21,9.64388E+15,5.4099E+16
118530,1.17051E+18,1,0,1,0,2017,5,23,7,3,8,7,0,0,0,1,0,2,1,5.26602E+20,6.06997E+21,9.41357E+15,5.47763E+16
118531,1.17051E+18,1,0,61,29,2017,5,16,6,3,2,2,0,1,0,0,1,0,0,5.27536E+20,5.96123E+21,9.41807E+15,5.37989E+16
118532,1.17051E+18,1,0,56,44,2017,5,8,6,3,5,3,0,1,0,0,0,0,0,5.54453E+20,5.93946E+21,9.82288E+15,5.36011E+16
118533,1.17051E+18,1,0,62,18,2017,5,10,6,3,4,7,1,0,0,0,1,0,0,5.81855E+20,5.9331E+21,1.02352E+16,5.35404E+16
118534,1.17051E+18,1,0,3,0,2017,5,14,6,3,2,6,0,1,0,0,1,0,0,6.10974E+20,5.97081E+21,1.0688E+16,5.38739E+16
118535,1.17051E+18,1,0,55,46,2017,5,6,6,3,5,3,1,0,0,0,1,0,0,6.38964E+20,6.03983E+21,1.11453E+16,5.4487E+16
118536,1.17051E+18,1,0,58,140,2017,5,7,6,3,1,3,1,1,0,0,0,0,0,5.46757E+20,6.01764E+21,9.71856E+15,5.43045E+16
118537,1.17051E+18,1,0,57,43,2017,5,12,6,3,8,7,0,1,0,0,0,0,0,5.79474E+20,6.02924E+21,1.02244E+16,5.44047E+16
118538,1.17051E+18,1,0,54,168,2017,5,14,6,3,5,3,0,1,0,0,0,0,1,4.55751E+20,6.08515E+21,8.30978E+15,5.49114E+16
118539,1.17051E+18,1,0,54,168,2017,5,15,6,3,0,2,1,0,0,0,0,0,0,4.55631E+20,6.08462E+21,8.30799E+15,5.49066E+16
118540,1.17051E+18,1,0,54,164,2017,5,15,6,2,7,7,1,0,0,0,0,0,1,4.71276E+20,6.05971E+21,8.55446E+15,5.46839E+16
118541,1.17051E+18,1,0,54,113,2017,5,11,6,3,2,6,1,0,0,0,0,0,1,4.74519E+20,6.01852E+21,8.60832E+15,5.43139E+16
118542,1.17051E+18,1,0,51,127,2017,5,11,5,3,2,6,1,1,0,0,0,0,0,4.94852E+20,6.00708E+21,8.92106E+15,5.42117E+16
118543,1.17051E+18,1,0,53,32,2017,5,17,5,3,2,6,0,1,0,0,0,0,0,5.90337E+20,5.92303E+21,1.03603E+16,5.34486E+16
118544,1.17051E+18,1,0,62,1,2017,5,15,5,3,5,3,1,1,0,0,0,0,0,5.82004E+20,5.94764E+21,1.02413E+16,5.36711E+16
118545,1.17051E+18,1,0,3,0,2017,5,11,5,3,1,5,1,1,0,0,0,0,0,6.11072E+20,5.96982E+21,1.06891E+16,5.38649E+16
118546,1.17051E+18,1,0,55,32,2017,5,13,5,3,6,4,0,1,1,0,0,0,0,6.18526E+20,5.9967E+21,1.08128E+16,5.41048E+16
118547,1.17051E+18,1,0,3,0,2017,5,15,5,3,6,4,0,1,1,0,0,0,0,6.13212E+20,5.96994E+21,1.07217E+16,5.38656E+16
118548,1.17051E+18,1,0,58,82,2017,5,7,5,3,9,1,1,0,0,0,0,0,0,5.59289E+20,6.04578E+21,9.91676E+15,5.45561E+16
118549,1.17051E+18,1,0,58,92,2017,5,13,5,3,2,6,0,1,0,0,0,0,0,5.7165E+20,6.02204E+21,1.01021E+16,5.43412E+16
118550,1.17051E+18,1,0,59,75,2017,5,10,5,3,5,2,1,1,0,0,0,0,0,5.36175E+20,6.0411E+21,9.55881E+15,5.45162E+16
118551,1.17051E+18,1,0,54,88,2017,5,5,5,3,5,3,0,1,0,1,0,1,0,4.88564E+20,6.07054E+21,8.82219E+15,5.47819E+16
118552,1.17051E+18,1,0,62,1,2017,5,13,4,3,1,5,1,0,0,0,1,0,1,5.81492E+20,5.9481E+21,1.02337E+16,5.36753E+16
118553,1.17051E+18,1,0,62,6,2017,5,11,4,3,8,7,0,1,0,0,0,0,0,5.82516E+20,5.95279E+21,1.02504E+16,5.37172E+16
118554,1.17051E+18,1,0,55,42,2017,5,12,4,3,5,3,0,1,0,0,1,0,0,6.15993E+20,5.98449E+21,1.07694E+16,5.39956E+16
118555,1.17051E+18,1,0,3,0,2017,5,16,4,3,5,3,1,1,0,0,0,0,0,6.11373E+20,5.96743E+21,1.06928E+16,5.38434E+16
118556,1.17051E+18,1,0,58,43,2017,5,4,4,3,5,3,0,1,0,0,0,2,1,5.55223E+20,6.03764E+21,9.85238E+15,5.44834E+16
118557,1.17051E+18,1,0,57,48,2017,5,15,4,3,5,3,0,1,0,0,0,0,0,6.03988E+20,6.01712E+21,1.05976E+16,5.42914E+16
118558,1.17051E+18,1,0,54,56,2017,5,9,4,3,0,7,1,0,0,0,0,0,0,5.03022E+20,6.0367E+21,9.04664E+15,5.44779E+16
118559,1.17051E+18,1,0,1,0,2017,5,9,4,3,5,2,1,1,0,0,0,0,0,5.28935E+20,6.07075E+21,9.44991E+15,5.47831E+16
118560,1.17051E+18,1,0,56,15,2017,5,12,3,3,5,2,0,1,0,0,0,0,0,5.43685E+20,5.95715E+21,9.66266E+15,5.37611E+16
118561,1.17051E+18,1,0,56,15,2017,5,17,3,3,5,3,1,0,0,0,1,0,0,5.4424E+20,5.95518E+21,9.67079E+15,5.37434E+16
118562,1.17051E+18,1,0,56,15,2017,5,11,3,2,0,7,1,0,0,0,0,0,0,5.43533E+20,5.95663E+21,9.66028E+15,5.37565E+16
118563,1.17051E+18,1,0,56,36,2017,5,15,3,3,3,2,1,0,0,0,0,0,0,5.43617E+20,5.94693E+21,9.66019E+15,5.36693E+16
118564,1.17051E+18,1,0,55,46,2017,5,11,3,3,9,7,0,1,0,0,0,0,0,6.42339E+20,6.03486E+21,1.11949E+16,5.44415E+16
118565,1.17051E+18,1,0,3,0,2017,5,9,3,3,5,7,0,1,0,0,0,0,0,6.06134E+20,5.96942E+21,1.06139E+16,5.38624E+16
118566,1.17051E+18,1,0,3,0,2017,5,13,3,3,5,3,0,1,0,0,0,0,0,6.07256E+20,5.9686E+21,1.06307E+16,5.38548E+16
118567,1.17051E+18,1,0,57,91,2017,5,16,3,3,5,3,0,1,0,1,0,0,0,5.78218E+20,6.01706E+21,1.02018E+16,5.42955E+16
118568,1.17051E+18,1,0,2,0,2017,5,2,3,3,1,1,1,1,0,0,0,2,0,5.7501E+20,6.01903E+21,1.0153E+16,5.43136E+16
118569,1.17051E+18,1,0,60,63,2017,5,14,2,3,2,6,0,1,0,0,1,0,0,5.6404E+20,5.94737E+21,9.96936E+15,5.36712E+16
118570,1.17051E+18,1,0,60,4,2017,5,9,2,3,0,1,1,0,0,0,0,0,1,5.579E+20,5.975E+21,9.88163E+15,5.39202E+16
118571,1.17051E+18,1,0,56,48,2017,5,7,2,3,1,5,1,1,0,0,0,0,1,5.47132E+20,5.95086E+21,9.71398E+15,5.37043E+16
118572,1.17051E+18,1,0,56,50,2017,5,17,2,3,2,6,0,1,0,0,0,0,0,5.46622E+20,5.93692E+21,9.70417E+15,5.35791E+16
118573,1.17051E+18,1,0,53,32,2017,5,17,2,2,6,4,1,0,1,0,0,0,0,5.91041E+20,5.92157E+21,1.03704E+16,5.34353E+16
118574,1.17051E+18,1,0,3,0,2017,5,12,2,3,5,3,0,1,0,0,0,0,0,6.10506E+20,5.97225E+21,1.06814E+16,5.38869E+16
118575,1.17051E+18,1,0,55,4,2017,5,7,2,3,0,3,1,0,0,1,0,0,0,6.12046E+20,5.97586E+21,1.07061E+16,5.39191E+16
118576,1.17051E+18,1,0,2,0,2017,5,15,2,3,5,3,1,1,0,0,0,0,0,5.76819E+20,6.01768E+21,1.01805E+16,5.43012E+16
118577,1.17051E+18,1,0,1,0,2017,5,7,2,3,0,3,1,1,0,0,0,0,0,5.29875E+20,6.07276E+21,9.46473E+15,5.48011E+16
118578,1.17051E+18,1,0,51,34,2017,5,15,1,3,0,7,1,0,0,0,0,0,0,4.92092E+20,5.98344E+21,8.87936E+15,5.39992E+16
118579,1.17051E+18,1,0,56,49,2017,5,13,1,3,5,3,1,1,0,0,0,0,0,5.44096E+20,5.94846E+21,9.66765E+15,5.3683E+16
118580,1.17051E+18,1,0,60,63,2017,5,14,1,2,4,6,1,0,0,0,0,0,0,5.65719E+20,5.95136E+21,9.99562E+15,5.37068E+16
118581,1.17051E+18,1,0,56,15,2017,5,14,1,3,5,3,1,1,0,0,0,0,0,5.44194E+20,5.95449E+21,9.67001E+15,5.37372E+16
118582,1.17051E+18,1,0,53,86,2017,5,13,1,3,5,7,1,1,0,0,0,0,0,6.00797E+20,5.94994E+21,1.05264E+16,5.36884E+16
118583,1.17051E+18,1,0,55,4,2017,5,10,1,3,7,7,1,0,0,0,0,0,0,6.11616E+20,5.97625E+21,1.06997E+16,5.39226E+16
118584,1.17051E+18,1,0,4,0,2017,5,16,1,3,2,6,0,1,0,0,0,0,0,5.64093E+20,5.9903E+21,9.97913E+15,5.40569E+16
118585,1.17051E+18,1,0,57,25,2017,5,14,1,2,3,6,1,0,0,0,0,0,0,5.7777E+20,6.02591E+21,1.01973E+16,5.43751E+16
118586,1.17051E+18,1,0,54,168,2017,5,15,1,3,0,7,1,1,0,0,0,0,0,4.55298E+20,6.08466E+21,8.3028E+15,5.49069E+16
118587,1.17051E+18,1,0,59,184,2017,5,12,1,3,8,1,0,1,0,0,0,0,0,5.28912E+20,6.06368E+21,9.44885E+15,5.47196E+16
118588,1.17051E+18,1,0,51,99,2017,5,19,7,2,0,7,0,1,1,0,0,0,0,5.19591E+20,5.99285E+21,9.29948E+15,5.40835E+16
118589,1.17051E+18,1,0,56,43,2017,5,12,7,3,2,6,0,0,0,1,0,0,0,5.58423E+20,5.94245E+21,9.88342E+15,5.36276E+16
118590,1.17051E+18,1,0,56,50,2017,5,20,7,3,6,7,0,1,1,0,0,1,0,5.47704E+20,5.93672E+21,9.72048E+15,5.35772E+16
118591,1.17051E+18,1,0,62,36,2017,5,10,7,3,0,7,1,0,0,0,0,0,0,5.80329E+20,5.95327E+21,1.02174E+16,5.37219E+16
118592,1.17051E+18,1,0,55,42,2017,5,15,7,3,2,6,1,1,0,0,0,0,0,6.16927E+20,5.98458E+21,1.07837E+16,5.39963E+16
118593,1.17051E+18,1,0,55,16,2017,5,12,7,3,2,5,1,1,0,0,0,0,0,6.27729E+20,6.00128E+21,1.09554E+16,5.41438E+16
118594,1.17051E+18,1,0,55,25,2017,5,16,7,3,0,1,1,0,0,0,0,0,0,6.34636E+20,6.00687E+21,1.10636E+16,5.41922E+16
118595,1.17051E+18,1,0,57,60,2017,5,13,7,3,6,4,1,0,1,0,0,0,0,5.83854E+20,6.02732E+21,1.02913E+16,5.43867E+16
118596,1.17051E+18,1,0,2,0,2017,5,19,7,3,0,7,1,0,0,0,0,0,0,5.73035E+20,6.02033E+21,1.0123E+16,5.43256E+16
118597,1.17051E+18,1,0,56,44,2017,5,14,6,3,5,3,1,0,0,0,1,0,1,5.54196E+20,5.93933E+21,9.81897E+15,5.36E+16
118598,1.17051E+18,1,0,56,48,2017,5,7,6,3,5,2,1,1,0,0,0,0,0,5.46675E+20,5.94984E+21,9.7069E+15,5.36952E+16
118599,1.17051E+18,1,0,56,1,2017,5,21,6,3,8,7,0,1,0,0,0,2,0,5.47692E+20,5.94643E+21,9.72179E+15,5.36644E+16
118600,1.17051E+18,1,0,56,39,2017,5,9,6,3,1,5,1,0,0,0,1,0,0,5.52585E+20,5.94673E+21,9.79588E+15,5.36666E+16
118601,1.17051E+18,1,0,62,4,2017,5,12,6,3,0,7,1,0,0,0,0,0,1,5.90339E+20,5.96322E+21,1.0372E+16,5.38097E+16
118602,1.17051E+18,1,0,62,6,2017,5,8,6,3,4,6,1,0,0,0,0,0,1,5.82408E+20,5.95448E+21,1.02492E+16,5.37325E+16
118603,1.17051E+18,1,0,55,12,2017,5,13,6,3,2,6,0,1,0,0,0,0,0,6.06196E+20,5.99906E+21,1.06252E+16,5.41287E+16
118604,1.17051E+18,1,0,3,0,2017,5,14,6,3,1,7,1,1,0,0,0,0,0,6.11135E+20,5.97061E+21,1.06903E+16,5.3872E+16
118605,1.17051E+18,1,0,55,12,2017,5,11,6,3,5,3,0,1,0,0,0,0,1,6.05979E+20,5.99911E+21,1.06219E+16,5.41292E+16
118606,1.17051E+18,1,0,58,5,2017,5,18,6,3,0,1,1,0,0,0,0,0,0,5.73863E+20,6.02707E+21,1.01374E+16,5.43861E+16
118607,1.1705E+18,1,0,60,5,2017,5,14,5,3,5,2,0,1,0,0,0,0,0,5.86423E+20,5.9769E+21,1.03164E+16,5.39333E+16
118608,1.1705E+18,1,0,53,90,2017,5,15,5,3,6,4,0,1,1,0,0,0,1,6.11713E+20,5.94307E+21,1.06892E+16,5.36245E+16
118609,1.1705E+18,1,0,62,82,2017,5,14,5,3,4,6,0,1,0,1,0,0,1,5.92177E+20,5.94195E+21,1.03935E+16,5.36182E+16
118610,1.1705E+18,1,0,53,100,2017,5,14,5,3,5,3,1,1,0,0,0,0,1,6.15121E+20,5.95137E+21,1.07437E+16,5.36983E+16
118611,1.1705E+18,1,0,3,0,2017,5,16,5,3,0,7,1,0,0,0,0,0,1,6.09818E+20,5.97099E+21,1.06704E+16,5.38758E+16
118612,1.1705E+18,1,0,55,32,2017,5,12,5,3,5,3,1,1,0,0,0,0,0,6.19793E+20,5.99658E+21,1.08322E+16,5.41034E+16
118613,1.1705E+18,1,0,58,135,2017,5,14,5,2,6,4,0,1,1,0,0,0,0,5.41728E+20,6.01936E+21,9.64153E+15,5.43204E+16
118614,1.1705E+18,1,0,2,0,2017,5,18,5,3,5,3,1,1,0,0,0,0,0,5.68811E+20,6.02015E+21,1.0058E+16,5.43246E+16
118615,1.1705E+18,1,0,54,88,2017,5,15,5,2,6,7,0,0,1,0,1,0,0,4.88907E+20,6.06978E+21,8.82754E+15,5.47751E+16
118616,1.1705E+18,1,0,61,29,2017,5,13,4,3,5,3,1,1,0,0,0,0,0,5.28021E+20,5.95983E+21,9.42531E+15,5.37863E+16
118617,1.1705E+18,1,0,61,46,2017,5,5,4,3,5,3,0,1,0,0,0,1,0,5.34669E+20,5.97508E+21,9.52793E+15,5.3923E+16
118618,1.1705E+18,1,0,60,63,2017,5,8,4,3,5,2,1,1,0,0,0,0,0,5.66483E+20,5.95112E+21,1.00071E+16,5.37045E+16
118619,1.1705E+18,1,0,60,5,2017,5,7,4,2,5,3,0,1,0,0,0,0,0,5.85451E+20,5.97648E+21,1.03015E+16,5.39296E+16
118620,1.1705E+18,1,0,62,61,2017,5,7,4,3,5,3,0,1,0,0,0,0,0,5.97898E+20,5.96565E+21,1.04875E+16,5.38301E+16
118621,1.1705E+18,1,0,62,18,2017,5,11,4,3,6,4,0,1,1,0,0,0,0,5.80268E+20,5.93292E+21,1.02112E+16,5.3539E+16
118622,1.1705E+18,1,0,3,0,2017,5,8,4,3,5,3,1,1,0,0,0,0,0,6.11304E+20,5.97017E+21,1.06927E+16,5.38681E+16
118623,1.1705E+18,1,0,2,0,2017,5,15,4,3,2,6,0,1,0,0,0,0,0,5.72302E+20,6.02122E+21,1.0112E+16,5.43337E+16
118624,1.1705E+18,1,0,1,0,2017,5,12,4,3,5,3,0,1,0,0,1,0,0,5.28386E+20,6.07281E+21,9.44158E+15,5.48016E+16
118625,1.1705E+18,1,0,54,76,2017,5,7,4,3,0,7,1,0,0,0,0,0,0,4.98087E+20,6.06966E+21,8.97026E+15,5.47742E+16
118626,1.1705E+18,1,0,1,0,2017,5,16,4,3,6,4,0,0,1,0,1,0,0,5.28756E+20,6.07091E+21,9.44714E+15,5.47846E+16
118627,1.1705E+18,1,0,56,15,2017,5,15,3,3,5,3,1,0,0,0,0,0,0,5.44778E+20,5.9564E+21,9.67913E+15,5.37543E+16
118628,1.1705E+18,1,0,56,50,2017,5,8,3,3,0,7,0,1,0,0,0,0,0,5.46169E+20,5.93689E+21,9.69733E+15,5.35789E+16
118629,1.1705E+18,1,0,56,49,2017,5,13,3,3,6,3,0,1,1,0,0,0,0,5.44422E+20,5.94884E+21,9.67265E+15,5.36864E+16
118630,1.1705E+18,1,0,56,50,2017,5,16,3,3,3,6,0,1,0,0,0,0,0,5.48411E+20,5.93632E+21,9.73109E+15,5.35735E+16
118631,1.1705E+18,1,0,53,100,2017,5,14,3,3,5,3,0,1,0,0,0,0,0,6.18518E+20,5.95167E+21,1.07953E+16,5.37003E+16
118632,1.1705E+18,1,0,3,0,2017,5,22,3,3,0,3,0,1,0,1,0,2,1,6.10906E+20,5.96976E+21,1.06865E+16,5.38645E+16
118633,1.1705E+18,1,0,4,0,2017,5,17,3,3,6,2,0,1,1,0,0,0,0,5.64153E+20,5.99207E+21,9.98043E+15,5.40729E+16
118634,1.1705E+18,1,0,58,43,2017,5,18,3,3,5,3,1,1,0,0,0,0,0,5.53546E+20,6.03741E+21,9.82645E+15,5.44815E+16
118635,1.1705E+18,1,0,2,0,2017,5,15,3,3,4,2,1,1,0,0,0,0,0,5.72436E+20,6.02098E+21,1.01139E+16,5.43315E+16
118636,1.1705E+18,1,0,54,56,2017,5,11,3,3,5,3,1,1,0,0,0,0,0,5.0312E+20,6.03682E+21,9.04816E+15,5.4479E+16
118637,1.1705E+18,1,0,56,50,2017,5,16,2,3,4,6,1,0,1,0,0,0,0,5.46306E+20,5.93629E+21,9.69931E+15,5.35734E+16
118638,1.1705E+18,1,0,57,1,2017,5,15,2,1,4,1,0,1,0,1,0,0,0,5.86537E+20,6.00301E+21,1.03255E+16,5.41678E+16
118639,1.1705E+18,1,0,2,0,2017,5,20,2,3,5,3,1,1,0,0,0,0,0,5.73243E+20,6.01885E+21,1.01258E+16,5.43123E+16
118640,1.1705E+18,1,0,59,75,2017,5,15,2,3,5,3,1,1,0,0,0,0,0,5.3689E+20,6.041E+21,9.56985E+15,5.45153E+16
118641,1.1705E+18,1,0,59,177,2017,5,16,2,2,8,1,1,0,0,0,0,0,0,5.09598E+20,6.07594E+21,9.14941E+15,5.48305E+16
118642,1.17043E+18,1,0,51,87,2017,4,20,1,3,2,6,0,1,0,1,0,0,0,5.08224E+20,6.00742E+21,9.12611E+15,5.42148E+16
118643,1.17043E+18,1,0,60,5,2017,4,13,1,3,2,2,0,1,0,1,0,0,0,5.85908E+20,5.97851E+21,1.0309E+16,5.39478E+16
118644,1.17043E+18,1,0,60,24,2017,4,19,1,2,0,1,0,0,0,1,0,0,0,5.94846E+20,5.97546E+21,1.04442E+16,5.39189E+16
118645,1.17043E+18,1,0,53,90,2017,4,15,1,3,5,3,0,1,0,1,0,0,0,6.11844E+20,5.94453E+21,1.06917E+16,5.36376E+16
118646,1.17043E+18,1,0,55,4,2017,4,13,1,2,5,3,0,1,0,1,0,0,0,6.12561E+20,5.9758E+21,1.07139E+16,5.39184E+16
118647,1.17043E+18,1,0,58,134,2017,4,13,1,3,4,6,0,1,0,1,0,0,0,5.43279E+20,5.9959E+21,9.66198E+15,5.41094E+16
118648,1.17043E+18,1,0,59,75,2017,4,2,1,2,0,1,0,0,0,1,0,2,0,5.34615E+20,6.03853E+21,9.53441E+15,5.44932E+16