OBJECTID,UIDENTSTLA,ULAND,UREGBEZ,UKREIS,UGEMEINDE,UJAHR,UMONAT,USTUNDE,UWOCHENTAG,UKATEGORIE,UART,UTYP1,IstRad,IstPKW,IstFuss,IstKrad,IstSonstig,LICHT,STRZUSTAND,LINREFX,LINREFY,XGCSWGS84,YGCSWGS84
118649,1.17043E+18,1,0,54,56,2017,4,15,1,2,0,1,1,0,0,0,0,0,0,5.0302E+20,6.03696E+21,9.04661E+15,5.44803E+16
118650,1.17043E+18,1,0,60,44,2017,4,9,7,3,0,1,1,0,0,0,0,0,1,5.63962E+20,5.96623E+21,9.97209E+15,5.38406E+16
118651,1.17043E+18,1,0,3,0,2017,4,18,7,3,3,2,0,1,0,0,0,0,0,6.09186E+20,5.97016E+21,1.06605E+16,5.38684E+16
118652,1.17043E+18,1,0,58,171,2017,4,16,7,3,5,3,1,1,0,0,0,0,0,5.61599E+20,6.01438E+21,9.94597E+15,5.42737E+16
118653,1.17043E+18,1,0,58,21,2017,4,15,7,3,5,3,0,1,0,0,1,0,0,5.5161E+20,6.00801E+21,9.79148E+15,5.42175E+16
118654,1.17043E+18,1,0,2,0,2017,4,15,7,3,2,6,0,1,0,0,0,0,0,5.77156E+20,6.01687E+21,1.01855E+16,5.42939E+16
118655,1.17043E+18,1,0,2,0,2017,4,16,7,3,0,1,1,0,0,0,0,0,0,5.73194E+20,6.01918E+21,1.01252E+16,5.43153E+16
118656,1.17043E+18,1,0,57,46,2017,4,17,7,3,5,3,0,1,0,1,0,0,0,5.89275E+20,6.0089E+21,1.03692E+16,5.42203E+16
118657,1.17043E+18,1,0,59,75,2017,4,18,7,3,0,1,0,0,0,1,0,0,0,5.36377E+20,6.0416E+21,9.56199E+15,5.45206E+16
118658,1.17043E+18,1,0,59,120,2017,4,14,7,3,5,3,0,1,0,0,0,0,0,5.25709E+20,6.07314E+21,9.39996E+15,5.48048E+16
118659,1.17043E+18,1,0,61,55,2017,4,20,6,3,4,7,0,1,0,1,0,1,0,5.3224E+20,5.9654E+21,9.48991E+15,5.38361E+16
118660,1.17043E+18,1,0,56,50,2017,4,8,6,3,2,6,0,1,0,0,0,0,1,5.48532E+20,5.93599E+21,9.73287E+15,5.35705E+16
118661,1.17043E+18,1,0,56,18,2017,4,15,6,3,5,3,0,1,0,0,0,0,0,5.55549E+20,5.94338E+21,9.84014E+15,5.36363E+16
118662,1.17043E+18,1,0,60,44,2017,4,22,6,3,6,4,0,1,1,0,0,2,1,5.61897E+20,5.96498E+21,9.94046E+15,5.38296E+16
118663,1.17043E+18,1,0,56,39,2017,4,11,6,3,5,2,1,1,0,0,0,0,0,5.54005E+20,5.9445E+21,9.81699E+15,5.36465E+16
118664,1.17043E+18,1,0,53,90,2017,4,9,6,3,6,4,0,1,1,0,0,0,0,6.1166E+20,5.94255E+21,1.06882E+16,5.36198E+16
118665,1.17043E+18,1,0,53,32,2017,4,13,6,3,0,3,1,1,0,0,0,0,0,5.91094E+20,5.92135E+21,1.03712E+16,5.34333E+16
118666,1.17043E+18,1,0,3,0,2017,4,12,6,3,4,1,0,1,0,0,1,0,1,6.11932E+20,5.96726E+21,1.07012E+16,5.38418E+16
118667,1.17043E+18,1,0,55,44,2017,4,13,6,3,4,2,1,1,0,0,0,0,0,6.13973E+20,5.98749E+21,1.07398E+16,5.4023E+16
118668,1.17043E+18,1,0,58,135,2017,4,15,6,3,2,6,0,1,0,0,1,0,0,5.42007E+20,6.01973E+21,9.64587E+15,5.43237E+16
118669,1.17043E+18,1,0,2,0,2017,4,13,6,3,5,2,1,1,0,0,0,0,0,5.7443E+20,6.01871E+21,1.0144E+16,5.43109E+16
118670,1.17043E+18,1,0,54,78,2017,4,7,6,3,1,5,1,1,0,0,0,0,0,4.63413E+20,6.09676E+21,8.42781E+15,5.50164E+16
118671,1.17043E+18,1,0,61,46,2017,4,11,5,3,2,6,0,1,0,0,0,0,0,5.32449E+20,5.97822E+21,9.49445E+15,5.39514E+16
118672,1.17043E+18,1,0,51,74,2017,4,11,5,3,5,3,0,1,0,0,0,0,1,5.0514E+20,5.99348E+21,9.07859E+15,5.40895E+16
118673,1.17043E+18,1,0,51,44,2017,4,12,5,3,5,3,1,1,0,0,0,0,0,5.06276E+20,6.00558E+21,9.09619E+15,5.41982E+16
118674,1.17043E+18,1,0,60,5,2017,4,18,5,3,5,3,0,1,0,0,1,0,0,5.8581E+20,5.9774E+21,1.03072E+16,5.39379E+16
118675,1.17043E+18,1,0,60,63,2017,4,7,5,2,0,7,1,0,0,0,0,0,0,5.64849E+20,5.94711E+21,9.98155E+15,5.36687E+16
118676,1.17043E+18,1,0,56,15,2017,4,7,5,2,3,2,1,0,0,0,1,0,1,5.44435E+20,5.956E+21,9.67387E+15,5.37507E+16
118677,1.17043E+18,1,0,60,92,2017,4,6,5,3,5,3,1,1,0,0,0,0,1,5.79767E+20,5.97924E+21,1.02156E+16,5.39554E+16
118678,1.17043E+18,1,0,60,4,2017,4,15,5,2,0,1,0,0,0,1,0,0,0,5.58391E+20,5.97465E+21,9.88904E+15,5.3917E+16
118679,1.17043E+18,1,0,53,35,2017,4,5,5,3,0,7,1,0,0,0,0,1,0,6.12882E+20,5.93301E+21,1.07032E+16,5.35338E+16
118680,1.17043E+18,1,0,53,129,2017,4,10,5,3,5,3,0,1,0,0,0,0,0,5.83069E+20,5.92765E+21,1.02521E+16,5.34912E+16
118681,1.17043E+18,1,0,3,0,2017,4,16,5,3,3,7,0,1,0,0,0,0,0,6.12088E+20,5.97191E+21,1.07053E+16,5.38835E+16
118682,1.17043E+18,1,0,58,135,2017,4,16,5,3,5,3,1,1,0,0,0,0,0,5.43593E+20,6.01756E+21,9.66993E+15,5.4304E+16
118683,1.17043E+18,1,0,2,0,2017,4,16,5,3,5,3,1,1,0,0,0,0,0,5.73266E+20,6.01898E+21,1.01262E+16,5.43134E+16
118684,1.17043E+18,1,0,2,0,2017,4,12,5,3,5,3,1,1,0,0,0,0,0,5.71994E+20,6.02158E+21,1.01073E+16,5.43369E+16
118685,1.17043E+18,1,0,61,44,2017,4,20,5,3,3,6,1,1,0,0,0,1,0,5.41304E+20,5.96288E+21,9.62731E+15,5.38129E+16
118686,1.17043E+18,1,0,56,50,2017,4,15,4,3,6,4,1,0,1,0,0,0,1,5.46977E+20,5.93667E+21,9.7095E+15,5.35767E+16
118687,1.17043E+18,1,0,56,2,2017,4,12,4,3,8,3,1,0,0,0,0,0,0,5.50768E+20,5.96029E+21,9.77061E+15,5.37887E+16
118688,1.17043E+18,1,0,56,15,2017,4,6,4,3,5,2,0,1,0,0,0,0,0,5.44203E+20,5.95459E+21,9.67014E+15,5.37381E+16
118689,1.17043E+18,1,0,53,12,2017,4,20,4,3,4,6,0,1,0,0,1,0,1,5.8526E+20,5.92592E+21,1.02846E+16,5.34753E+16
118690,1.17043E+18,1,0,53,90,2017,4,16,4,3,0,7,1,0,0,0,0,0,0,6.11195E+20,5.94265E+21,1.06812E+16,5.36208E+16
118691,1.17043E+18,1,0,55,44,2017,4,8,4,3,5,7,0,1,0,0,0,0,0,6.1426E+20,5.99086E+21,1.07454E+16,5.40533E+16
118692,1.17043E+18,1,0,55,12,2017,4,7,4,2,5,2,0,1,0,1,0,0,0,6.05972E+20,5.99911E+21,1.06218E+16,5.41292E+16
118693,1.17043E+18,1,0,55,21,2017,4,10,4,3,1,5,0,1,0,0,1,0,0,6.30465E+20,6.02588E+21,1.1008E+16,5.4364E+16
118694,1.17043E+18,1,0,3,0,2017,4,10,4,3,2,6,0,1,0,0,0,0,0,6.11713E+20,5.97012E+21,1.06989E+16,5.38675E+16
118695,1.17043E+18,1,0,2,0,2017,4,15,4,3,5,2,1,1,0,0,0,0,0,5.73187E+20,6.02001E+21,1.01253E+16,5.43227E+16
118696,1.17043E+18,1,0,59,45,2017,4,12,4,3,2,2,0,1,0,0,0,0,0,5.59422E+20,6.05772E+21,9.92124E+15,5.46633E+16
118697,1.17043E+18,1,0,56,39,2017,4,15,3,3,5,2,1,0,0,0,0,0,0,5.53223E+20,5.94402E+21,9.80507E+15,5.36423E+16
118698,1.17043E+18,1,0,56,39,2017,4,11,3,3,5,3,0,1,0,0,1,0,1,5.52208E+20,5.94653E+21,9.79015E+15,5.36649E+16
118699,1.17043E+18,1,0,56,13,2017,4,17,3,3,5,3,0,1,0,0,0,0,0,5.5851E+20,5.94411E+21,9.88504E+15,5.36425E+16
118700,1.17043E+18,1,0,56,5,2017,4,17,3,3,5,2,0,1,0,1,0,0,1,5.60434E+20,5.94752E+21,9.91482E+15,5.36729E+16
118701,1.17043E+18,1,0,60,92,2017,4,13,3,3,5,3,0,1,0,0,1,0,1,5.78803E+20,5.97813E+21,1.02007E+16,5.39456E+16
118702,1.17061E+18,1,0,62,60,2017,6,6,2,3,5,3,0,1,0,0,0,0,0,5.82532E+20,5.9311E+21,1.02449E+16,5.35224E+16
118703,1.17061E+18,1,0,3,0,2017,6,18,2,3,5,2,1,1,0,0,0,0,0,6.10813E+20,5.96871E+21,1.06847E+16,5.38551E+16
118704,1.17061E+18,1,0,3,0,2017,6,10,2,3,2,6,0,1,0,0,0,0,0,6.15691E+20,5.97367E+21,1.07607E+16,5.38986E+16
118705,1.17061E+18,1,0,58,92,2017,6,7,2,3,0,7,1,0,0,0,0,0,0,5.71549E+20,6.02202E+21,1.01006E+16,5.4341E+16
118706,1.17061E+18,1,0,58,22,2017,6,4,2,2,0,1,1,0,0,0,0,0,0,5.67876E+20,6.0033E+21,1.00398E+16,5.41733E+16
118707,1.17061E+18,1,0,57,43,2017,6,9,2,3,0,7,0,0,0,1,0,0,0,5.80224E+20,6.02841E+21,1.02357E+16,5.43971E+16
118708,1.17061E+18,1,0,57,48,2017,6,13,2,3,0,1,1,0,0,0,0,0,0,6.0307E+20,6.01726E+21,1.05836E+16,5.42928E+16
118709,1.17061E+18,1,0,57,74,2017,6,13,2,3,0,1,1,0,0,0,0,0,0,5.78381E+20,6.02061E+21,1.02053E+16,5.43273E+16
118710,1.17061E+18,1,0,1,0,2017,6,17,2,3,0,7,1,0,0,0,0,0,1,5.26697E+20,6.07355E+21,9.41537E+15,5.48084E+16
118711,1.17061E+18,1,0,54,113,2017,6,12,2,2,5,2,1,1,0,0,0,0,0,4.77054E+20,6.0176E+21,8.64735E+15,5.43058E+16
118712,1.17061E+18,1,0,56,39,2017,6,18,1,3,4,6,1,0,0,0,0,0,0,5.53449E+20,5.94466E+21,9.8086E+15,5.3648E+16
118713,1.17061E+18,1,0,56,2,2017,6,23,1,3,0,1,0,0,0,1,0,2,1,5.51261E+20,5.96038E+21,9.77811E+15,5.37895E+16
118714,1.17061E+18,1,0,55,44,2017,6,10,1,3,0,7,1,0,0,0,0,0,0,6.13834E+20,5.98872E+21,1.07381E+16,5.40341E+16
118715,1.17061E+18,1,0,55,28,2017,6,13,1,3,1,5,0,1,0,0,0,0,0,6.0183E+20,6.00438E+21,1.05602E+16,5.41774E+16
118716,1.17061E+18,1,0,60,63,2017,6,14,2,3,2,6,0,1,0,0,0,0,0,5.64989E+20,5.94939E+21,9.98415E+15,5.36892E+16
118717,1.17061E+18,1,0,56,39,2017,6,14,2,3,5,2,1,0,0,0,1,0,1,5.51346E+20,5.94494E+21,9.77684E+15,5.36507E+16
118718,1.17061E+18,1,0,56,15,2017,6,17,2,3,2,6,0,1,0,0,0,0,0,5.43558E+20,5.95511E+21,9.66044E+15,5.37428E+16
118719,1.17061E+18,1,0,60,40,2017,6,12,2,2,5,3,1,1,0,0,0,0,0,5.56921E+20,5.97588E+21,9.86688E+15,5.39282E+16
118720,1.17061E+18,1,0,60,63,2017,6,8,2,3,5,3,0,1,0,0,0,0,0,5.64883E+20,5.95242E+21,9.98317E+15,5.37164E+16
118721,1.17061E+18,1,0,56,39,2017,6,22,2,2,1,5,0,1,0,1,0,2,1,5.53436E+20,5.94468E+21,9.8084E+15,5.36481E+16
118722,1.17061E+18,1,0,62,5,2017,6,14,2,3,5,3,1,1,0,0,0,0,0,5.78298E+20,5.95834E+21,1.01879E+16,5.37678E+16
118723,1.17061E+18,1,0,55,12,2017,6,13,1,3,0,1,1,0,0,0,0,0,0,6.05393E+20,6.00048E+21,1.06134E+16,5.41416E+16
118724,1.17061E+18,1,0,58,64,2017,6,15,1,3,6,7,0,1,1,0,0,0,0,5.70794E+20,6.00216E+21,1.00843E+16,5.41627E+16
118725,1.17061E+18,1,0,58,39,2017,6,9,1,3,7,7,0,0,1,1,0,0,0,5.47907E+20,6.03058E+21,9.73832E+15,5.44207E+16
118726,1.17061E+18,1,0,58,68,2017,6,14,1,3,5,2,0,1,0,0,0,0,0,5.35764E+20,6.00266E+21,9.54785E+15,5.41708E+16
118727,1.17061E+18,1,0,57,62,2017,6,18,1,3,9,7,1,0,0,0,0,0,0,5.84826E+20,6.01119E+21,1.03017E+16,5.42416E+16
118728,1.17061E+18,1,0,59,185,2017,6,14,1,3,4,6,0,0,0,1,1,0,0,5.38024E+20,6.0607E+21,9.58992E+15,5.46922E+16
118729,1.17061E+18,1,0,59,75,2017,6,17,1,3,6,7,1,0,1,0,0,0,0,5.36428E+20,6.04113E+21,9.56273E+15,5.45165E+16
118730,1.17061E+18,1,0,61,46,2017,6,1,7,3,8,1,0,1,0,0,0,2,1,5.3453E+20,5.97473E+21,9.52577E+15,5.39198E+16
118731,1.17061E+18,1,0,61,46,2017,6,18,7,3,5,3,0,1,0,0,0,0,0,5.32955E+20,5.97639E+21,9.50198E+15,5.39349E+16
118732,1.17061E+18,1,0,60,63,2017,6,10,7,3,2,6,0,1,0,1,0,0,0,5.64484E+20,5.9504E+21,9.97671E+15,5.36983E+16
118733,1.17061E+18,1,0,56,49,2017,6,23,7,3,1,5,1,1,0,0,0,2,1,5.44231E+20,5.94835E+21,9.66969E+15,5.3682E+16
118734,1.17061E+18,1,0,60,54,2017,6,14,7,3,5,3,1,0,0,0,1,0,0,5.58034E+20,5.97014E+21,9.88274E+15,5.38765E+16
118735,1.17061E+18,1,0,62,60,2017,6,15,7,3,5,3,0,1,0,1,0,0,0,5.82607E+20,5.93038E+21,1.02458E+16,5.35159E+16
118736,1.17061E+18,1,0,58,43,2017,6,1,7,3,5,3,0,1,0,0,0,2,1,5.53944E+20,6.03648E+21,9.83243E+15,5.44731E+16
118737,1.17061E+18,1,0,2,0,2017,6,18,7,3,7,1,1,0,0,0,0,0,0,5.77382E+20,6.02079E+21,1.01899E+16,5.43291E+16
118738,1.17061E+18,1,0,2,0,2017,6,17,7,3,1,5,0,1,0,0,0,0,0,5.75159E+20,6.01678E+21,1.01548E+16,5.42933E+16
118739,1.17061E+18,1,0,61,46,2017,6,13,6,3,5,2,1,1,0,0,0,0,0,5.32633E+20,5.97707E+21,9.49713E+15,5.39409E+16
118740,1.17061E+18,1,0,60,4,2017,6,18,6,3,2,6,0,1,0,0,0,0,1,5.57943E+20,5.97484E+21,9.88225E+15,5.39187E+16
118741,1.17061E+18,1,0,56,39,2017,6,7,6,3,5,3,1,1,0,0,0,0,0,5.52723E+20,5.94463E+21,9.79762E+15,5.36477E+16
118742,1.17061E+18,1,0,60,5,2017,6,15,6,2,9,1,1,0,0,0,0,0,0,5.86106E+20,5.97711E+21,1.03116E+16,5.39352E+16
118743,1.17061E+18,1,0,56,35,2017,6,19,6,3,9,1,0,1,0,0,0,0,1,5.50957E+20,5.96607E+21,9.77443E+15,5.38406E+16
118744,1.17061E+18,1,0,3,0,2017,6,7,6,3,5,3,1,1,0,0,0,0,0,6.12844E+20,5.96952E+21,1.07159E+16,5.38619E+16
118745,1.17061E+18,1,0,4,0,2017,6,11,6,2,0,2,1,1,0,0,0,0,0,5.64499E+20,5.98918E+21,9.9851E+15,5.40468E+16
118746,1.17061E+18,1,0,57,91,2017,6,14,6,3,6,6,1,0,1,0,0,0,0,5.81156E+20,6.01526E+21,1.02465E+16,5.42789E+16
118747,1.17061E+18,1,0,57,57,2017,6,15,6,3,0,7,1,0,0,0,0,0,0,5.94315E+20,6.00214E+21,1.04444E+16,5.41587E+16
118748,1.17061E+18,1,0,54,164,2017,6,20,6,3,0,7,1,0,0,0,0,0,0,4.72223E+20,6.06072E+21,8.56906E+15,5.4693E+16
118749,1.17061E+18,1,0,54,56,2017,6,12,6,3,5,3,0,1,0,0,0,0,1,5.05437E+20,6.03734E+21,9.08391E+15,5.44836E+16
118750,1.17061E+18,1,0,61,46,2017,6,8,5,2,6,4,0,0,1,0,1,0,1,5.34051E+20,5.97475E+21,9.51847E+15,5.39201E+16
118751,1.17061E+18,1,0,61,42,2017,6,11,5,3,6,3,0,0,1,0,1,0,0,5.40469E+20,5.97992E+21,9.61688E+15,5.3966E+16
118752,1.17061E+18,1,0,61,46,2017,6,17,5,3,5,3,0,1,0,1,0,0,1,5.34849E+20,5.97531E+21,9.5307E+15,5.3925E+16
118753,1.17061E+18,1,0,51,71,2017,6,8,5,3,0,1,1,0,0,0,0,0,1,5.02018E+20,6.02004E+21,9.03102E+15,5.43282E+16
118754,1.17061E+18,1,0,56,50,2017,6,18,5,3,5,3,0,1,0,0,0,0,1,5.47251E+20,5.93726E+21,9.71371E+15,5.3582E+16
118755,1.17061E+18,1,0,56,15,2017,6,16,5,3,6,4,0,1,1,0,0,0,1,5.43898E+20,5.95637E+21,9.66578E+15,5.37541E+16
118756,1.17061E+18,1,0,60,63,2017,6,8,5,3,8,7,0,1,0,0,0,0,0,5.64497E+20,5.95015E+21,9.97685E+15,5.3696E+16
118757,1.17061E+18,1,0,62,60,2017,6,16,5,3,6,4,0,1,1,0,0,0,1,5.81864E+20,5.93028E+21,1.02346E+16,5.35151E+16
118758,1.17061E+18,1,0,3,0,2017,6,13,5,3,5,2,1,1,0,0,0,0,0,6.13216E+20,5.9699E+21,1.07217E+16,5.38652E+16
118759,1.17061E+18,1,0,3,0,2017,6,6,5,3,0,7,0,0,0,0,1,0,0,6.10988E+20,5.9674E+21,1.06869E+16,5.38432E+16
118760,1.17061E+18,1,0,55,42,2017,6,11,5,2,6,7,0,1,1,0,0,0,0,6.2036E+20,5.98401E+21,1.08358E+16,5.39903E+16
118761,1.17061E+18,1,0,58,135,2017,6,8,5,3,5,2,1,1,0,0,0,0,1,5.42602E+20,6.01835E+21,9.65481E+15,5.43112E+16
118762,1.17061E+18,1,0,2,0,2017,6,7,5,3,6,2,0,1,1,0,0,0,0,5.74728E+20,6.01916E+21,1.01487E+16,5.43148E+16
118763,1.17061E+18,1,0,2,0,2017,6,16,5,3,5,3,1,1,0,0,0,0,0,5.73673E+20,6.02011E+21,1.01328E+16,5.43235E+16
118764,1.17061E+18,1,0,2,0,2017,6,16,5,3,5,3,1,1,0,0,0,0,1,5.75133E+20,6.02173E+21,1.01556E+16,5.43379E+16
118765,1.17061E+18,1,0,57,48,2017,6,16,5,3,5,3,1,1,0,0,0,0,0,6.03088E+20,6.01706E+21,1.05838E+16,5.4291E+16
118766,1.17061E+18,1,0,59,120,2017,6,17,5,3,7,7,0,0,0,0,1,0,1,5.2571E+20,6.07402E+21,9.40005E+15,5.48127E+16
118767,1.17061E+18,1,0,60,63,2017,6,14,4,3,5,3,1,1,0,0,0,0,1,5.65785E+20,5.95315E+21,9.99699E+15,5.37229E+16
118768,1.17061E+18,1,0,60,63,2017,6,7,4,3,2,6,0,1,0,0,0,0,0,5.64385E+20,5.94664E+21,9.97443E+15,5.36646E+16
118769,1.17061E+18,1,0,56,36,2017,6,10,4,3,5,3,0,1,0,0,1,0,1,5.44315E+20,5.94701E+21,9.67077E+15,5.36699E+16
118770,1.17061E+18,1,0,62,69,2017,6,18,4,2,2,6,0,1,0,0,0,0,1,5.83983E+20,5.94303E+21,1.027E+16,5.36293E+16
118771,1.17061E+18,1,0,53,90,2017,6,13,4,3,0,7,1,0,0,0,0,0,1,6.10958E+20,5.9414E+21,1.06772E+16,5.36097E+16
118772,1.17061E+18,1,0,53,129,2017,6,7,4,3,2,6,1,1,0,0,0,0,0,5.82648E+20,5.92854E+21,1.0246E+16,5.34993E+16
118773,1.17061E+18,1,0,53,32,2017,6,16,4,3,5,3,0,1,0,0,0,0,1,5.91752E+20,5.92131E+21,1.03811E+16,5.34328E+16
118774,1.17061E+18,1,0,55,18,2017,6,10,4,3,0,1,0,0,0,1,0,0,0,6.33634E+20,6.0113E+21,1.10502E+16,5.42322E+16
118775,1.17061E+18,1,0,3,0,2017,6,13,4,3,0,3,0,1,0,1,0,0,1,6.13121E+20,5.97049E+21,1.07205E+16,5.38706E+16
118776,1.17061E+18,1,0,1,0,2017,6,15,4,2,0,1,1,0,0,0,0,0,1,5.29231E+20,6.07349E+21,9.45479E+15,5.48077E+16
118777,1.17061E+18,1,0,1,0,2017,6,17,4,3,3,6,0,1,0,0,0,0,1,5.26672E+20,6.07001E+21,9.41466E+15,5.47766E+16
118778,1.17061E+18,1,0,51,44,2017,6,8,3,3,1,5,0,1,0,0,0,0,0,5.06399E+20,6.00476E+21,9.09807E+15,5.41908E+16
118779,1.17061E+18,1,0,56,43,2017,6,15,3,3,4,6,0,1,0,0,0,0,0,5.5871E+20,5.9419E+21,9.88767E+15,5.36226E+16
118780,1.17061E+18,1,0,56,41,2017,6,12,3,2,5,3,1,1,0,0,0,0,0,5.59647E+20,5.95416E+21,9.90418E+15,5.37327E+16
118781,1.17061E+18,1,0,56,41,2017,6,9,3,2,5,3,1,1,0,0,0,0,0,5.62129E+20,5.95333E+21,9.94164E+15,5.37249E+16
118782,1.17061E+18,1,0,62,18,2017,6,18,3,3,5,7,0,1,1,0,0,0,1,5.81245E+20,5.93259E+21,1.02259E+16,5.35359E+16
118783,1.17061E+18,1,0,62,69,2017,6,7,3,3,5,3,1,1,0,0,0,0,0,5.85818E+20,5.94373E+21,1.02979E+16,5.36353E+16
118784,1.17061E+18,1,0,53,116,2017,6,7,3,3,5,3,0,1,0,0,1,0,0,5.99543E+20,5.9304E+21,1.05012E+16,5.35131E+16
118785,1.17061E+18,1,0,62,6,2017,6,16,3,2,6,4,0,1,1,0,0,0,0,5.83316E+20,5.95404E+21,1.02629E+16,5.37284E+16
118786,1.17061E+18,1,0,55,32,2017,6,20,3,2,5,3,0,1,0,1,0,0,0,6.19088E+20,5.9963E+21,1.08213E+16,5.41011E+16
118787,1.17061E+18,1,0,57,8,2017,6,18,3,2,5,2,1,1,0,0,0,0,1,5.67846E+20,5.99383E+21,1.00372E+16,5.40882E+16
118788,1.17061E+18,1,0,58,135,2017,6,16,3,3,2,6,0,1,0,0,0,0,0,5.42889E+20,6.01809E+21,9.65919E+15,5.43089E+16
118789,1.17061E+18,1,0,57,63,2017,6,4,3,3,0,7,0,0,0,0,1,1,0,5.83927E+20,6.02489E+21,1.02917E+16,5.43649E+16
118790,1.17061E+18,1,0,57,9,2017,6,7,3,3,5,3,1,1,0,0,0,0,0,5.95034E+20,6.00074E+21,1.04549E+16,5.4146E+16
118791,1.17061E+18,1,0,61,42,2017,6,11,2,3,5,3,0,1,0,1,0,0,0,5.39627E+20,5.98395E+21,9.60457E+15,5.40023E+16
118792,1.17061E+18,1,0,56,50,2017,6,14,2,3,0,7,0,0,0,1,0,0,0,5.46059E+20,5.93714E+21,9.69569E+15,5.35811E+16
118793,1.17061E+18,1,0,56,50,2017,6,14,2,3,2,2,1,0,0,0,0,0,0,5.46705E+20,5.93675E+21,9.70539E+15,5.35775E+16
118794,1.17061E+18,1,0,56,50,2017,6,14,2,3,0,5,1,1,0,0,0,0,0,5.46567E+20,5.93716E+21,9.70338E+15,5.35812E+16
118795,1.17061E+18,1,0,55,44,2017,6,15,2,3,2,6,0,1,0,1,0,0,0,6.14682E+20,5.99058E+21,1.07518E+16,5.40507E+16
118796,1.17061E+18,1,0,55,35,2017,6,17,2,3,3,6,1,1,0,0,0,0,0,6.1671E+20,5.97762E+21,1.07777E+16,5.39338E+16
118797,1.17061E+18,1,0,55,32,2017,6,18,2,3,5,2,0,1,0,0,0,0,0,6.18436E+20,5.99675E+21,1.08115E+16,5.41053E+16
118798,1.17061E+18,1,0,3,0,2017,6,18,2,2,0,7,0,1,0,0,0,0,0,6.13791E+20,5.9755E+21,1.07325E+16,5.39154E+16
118799,1.17061E+18,1,0,55,44,2017,6,15,2,3,0,7,1,0,0,0,0,0,0,6.15049E+20,5.98807E+21,1.07564E+16,5.40281E+16
118800,1.17061E+18,1,0,58,135,2017,6,14,2,3,5,7,1,0,0,0,1,0,0,5.43678E+20,6.01633E+21,9.67106E+15,5.4293E+16
118801,1.17061E+18,1,0,57,17,2017,6,13,2,2,4,6,0,1,0,1,0,0,0,5.88169E+20,6.00292E+21,1.03505E+16,5.41668E+16
118802,1.17061E+18,1,0,54,113,2017,6,13,2,3,8,7,0,1,0,0,0,0,0,4.77624E+20,6.01794E+21,8.65609E+15,5.43089E+16
118803,1.17061E+18,1,0,54,88,2017,6,17,2,3,5,3,1,1,0,0,0,0,0,4.89147E+20,6.07101E+21,8.83124E+15,5.47862E+16
118804,1.17061E+18,1,0,59,45,2017,6,12,2,2,2,1,1,0,0,0,0,0,0,5.65626E+20,6.05645E+21,1.00171E+16,5.46512E+16
118805,1.17061E+18,1,0,54,168,2017,6,16,2,3,5,2,0,1,0,0,0,0,0,4.55778E+20,6.08494E+21,8.31024E+15,5.49095E+16
118806,1.1706E+18,1,0,56,15,2017,6,16,1,3,5,3,1,1,0,0,0,0,0,5.44035E+20,5.95369E+21,9.66748E+15,5.373E+16
118807,1.1706E+18,1,0,53,129,2017,6,22,1,3,9,7,0,0,0,1,0,1,0,5.83665E+20,5.92817E+21,1.02612E+16,5.34958E+16
118808,1.1706E+18,1,0,53,90,2017,6,19,1,3,0,7,1,0,0,0,0,0,0,6.11788E+20,5.94377E+21,1.06906E+16,5.36307E+16
118809,1.1706E+18,1,0,3,0,2017,6,9,1,3,1,5,1,0,0,0,1,0,1,6.105E+20,5.97044E+21,1.06806E+16,5.38706E+16
118810,1.1706E+18,1,0,55,27,2017,6,10,1,3,5,3,0,1,0,0,1,0,0,6.22913E+20,6.00917E+21,1.0885E+16,5.42158E+16
118811,1.1706E+18,1,0,3,0,2017,6,5,1,3,1,5,0,1,0,1,0,0,1,6.09886E+20,5.97076E+21,1.06714E+16,5.38737E+16
118812,1.1706E+18,1,0,55,37,2017,6,15,1,2,1,7,0,0,0,1,1,0,0,6.24244E+20,5.99734E+21,1.09005E+16,5.41092E+16
118813,1.1706E+18,1,0,58,77,2017,6,20,1,3,9,1,0,1,0,0,0,0,0,5.41547E+20,5.99556E+21,9.63546E+15,5.41066E+16
118814,1.1706E+18,1,0,58,93,2017,6,18,1,3,0,6,0,1,0,1,0,0,0,5.57285E+20,6.02172E+21,9.88113E+15,5.43401E+16
118815,1.1706E+18,1,0,59,120,2017,6,19,1,3,2,6,0,1,0,0,0,0,0,5.24753E+20,6.07268E+21,9.38506E+15,5.48007E+16
118816,1.1706E+18,1,0,60,63,2017,6,11,7,2,5,3,1,1,0,0,0,0,1,5.66548E+20,5.9518E+21,1.00083E+16,5.37106E+16
118817,1.1706E+18,1,0,62,18,2017,6,13,7,3,2,2,0,1,0,0,0,0,1,5.81586E+20,5.93119E+21,1.02307E+16,5.35233E+16
118818,1.1706E+18,1,0,55,28,2017,6,11,7,2,6,4,0,1,1,0,0,0,0,6.01696E+20,6.00368E+21,1.05579E+16,5.41711E+16
118819,1.1706E+18,1,0,54,20,2017,6,5,7,3,1,2,1,0,0,1,0,0,0,4.99424E+20,6.05211E+21,8.99109E+15,5.46164E+16
118820,1.1706E+18,1,0,54,164,2017,6,11,7,3,0,7,1,0,0,0,0,0,0,4.7014E+20,6.05942E+21,8.53688E+15,5.46813E+16