OBJECTID,UIDENTSTLA,ULAND,UREGBEZ,UKREIS,UGEMEINDE,UJAHR,UMONAT,USTUNDE,UWOCHENTAG,UKATEGORIE,UART,UTYP1,IstRad,IstPKW,IstFuss,IstKrad,IstSonstig,LICHT,STRZUSTAND,LINREFX,LINREFY,XGCSWGS84,YGCSWGS84
118994,1.1707E+18,1,0,62,9,2017,7,15,7,3,2,2,0,1,0,0,0,0,1,5.77156E+20,5.93623E+21,1.01651E+16,5.35693E+16
118995,1.1707E+18,1,0,55,16,2017,7,14,7,2,9,1,0,1,0,0,0,0,1,6.29589E+20,6.00346E+21,1.09848E+16,5.41629E+16
118996,1.1707E+18,1,0,4,0,2017,7,16,7,3,5,3,0,1,0,0,0,0,0,5.63764E+20,5.99447E+21,9.97498E+15,5.40944E+16
118997,1.1707E+18,1,0,59,92,2017,7,19,7,3,6,7,1,0,1,0,0,0,0,5.20915E+20,6.04119E+21,9.32309E+15,5.45179E+16
118998,1.1707E+18,1,0,1,0,2017,7,11,7,3,0,7,1,0,0,0,0,0,0,5.28807E+20,6.07161E+21,9.44801E+15,5.47909E+16
118999,1.17063E+18,1,0,61,50,2017,6,2,6,3,8,1,0,1,0,0,0,2,1,5.40182E+20,5.95958E+21,9.60984E+15,5.37832E+16
119000,1.17063E+18,1,0,51,16,2017,6,5,6,3,6,3,0,1,1,0,0,0,0,5.17133E+20,5.98334E+21,9.26137E+15,5.3998E+16
119001,1.17063E+18,1,0,56,44,2017,6,6,6,3,5,3,0,0,0,1,1,0,1,5.56189E+20,5.93916E+21,9.84905E+15,5.35982E+16
119002,1.17063E+18,1,0,56,39,2017,6,7,6,3,2,6,1,1,0,0,0,0,1,5.53844E+20,5.94409E+21,9.81448E+15,5.36428E+16
119003,1.17063E+18,1,0,56,22,2017,6,12,6,3,4,6,0,1,0,0,0,0,1,5.53244E+20,5.9599E+21,9.80812E+15,5.3785E+16
119004,1.17063E+18,1,0,53,90,2017,6,13,6,3,5,2,0,1,0,0,0,0,1,6.11598E+20,5.94268E+21,1.06873E+16,5.3621E+16
119005,1.17063E+18,1,0,53,90,2017,6,12,6,3,5,3,0,1,0,0,0,0,1,6.11001E+20,5.94179E+21,1.06779E+16,5.36132E+16
119006,1.17063E+18,1,0,53,36,2017,6,16,6,3,2,6,0,1,0,0,0,0,1,6.00599E+20,5.93046E+21,1.05171E+16,5.35135E+16
119007,1.17063E+18,1,0,55,42,2017,6,13,6,3,5,3,0,1,0,0,0,0,1,6.17624E+20,5.9841E+21,1.07942E+16,5.39918E+16
119008,1.17063E+18,1,0,3,0,2017,6,16,6,3,5,3,0,1,0,0,1,0,1,6.09829E+20,5.96997E+21,1.06702E+16,5.38666E+16
119009,1.17063E+18,1,0,3,0,2017,6,20,6,3,6,7,0,1,1,0,0,1,1,6.10297E+20,5.97029E+21,1.06775E+16,5.38693E+16
119010,1.17063E+18,1,0,3,0,2017,6,15,6,3,8,1,0,1,0,0,0,0,1,6.19019E+20,5.9735E+21,1.08113E+16,5.38963E+16
119011,1.17063E+18,1,0,58,92,2017,6,9,6,3,4,6,1,0,0,0,0,0,1,5.69701E+20,6.02017E+21,1.00717E+16,5.43246E+16
119012,1.17063E+18,1,0,57,91,2017,6,19,6,3,4,1,0,1,0,0,0,0,1,5.7928E+20,6.01633E+21,1.02179E+16,5.42887E+16
119013,1.17063E+18,1,0,2,0,2017,6,21,6,2,0,1,0,0,0,1,0,2,1,5.72644E+20,6.0187E+21,1.01166E+16,5.4311E+16
119014,1.17063E+18,1,0,1,0,2017,6,8,6,3,5,3,0,1,0,1,0,0,1,5.27035E+20,6.07271E+21,9.42055E+15,5.48008E+16
119015,1.17063E+18,1,0,60,39,2017,6,8,5,3,5,3,1,0,0,0,1,0,0,5.65244E+20,5.95669E+21,9.98954E+15,5.37547E+16
119016,1.17063E+18,1,0,56,15,2017,6,8,5,3,5,3,0,1,0,1,0,0,0,5.437E+20,5.95823E+21,9.66305E+15,5.37709E+16
119017,1.17063E+18,1,0,56,15,2017,6,14,5,3,5,3,1,1,0,0,0,0,0,5.447E+20,5.95574E+21,9.67785E+15,5.37484E+16
119018,1.17063E+18,1,0,62,1,2017,6,16,5,3,5,3,1,1,0,0,0,0,0,5.83109E+20,5.94967E+21,1.02586E+16,5.36891E+16
119019,1.17063E+18,1,0,3,0,2017,6,18,5,3,5,3,0,1,0,0,0,0,1,6.16989E+20,5.97442E+21,1.07808E+16,5.3905E+16
119020,1.17063E+18,1,0,55,41,2017,6,14,5,3,8,6,0,1,0,1,0,0,0,6.13043E+20,5.99756E+21,1.07293E+16,5.41137E+16
119021,1.17063E+18,1,0,57,80,2017,6,14,5,3,8,7,0,1,0,1,0,0,0,5.80501E+20,6.00024E+21,1.02324E+16,5.41439E+16
119022,1.17063E+18,1,0,2,0,2017,6,8,5,3,5,3,0,1,0,0,0,0,0,5.71862E+20,6.02059E+21,1.0105E+16,5.43281E+16
119023,1.17063E+18,1,0,2,0,2017,6,9,5,3,5,3,0,1,0,0,1,0,0,5.74577E+20,6.01827E+21,1.01462E+16,5.43068E+16
119024,1.17063E+18,1,0,2,0,2017,6,18,5,3,6,4,1,0,1,0,0,0,1,5.7351E+20,6.01999E+21,1.01302E+16,5.43224E+16
119025,1.17063E+18,1,0,2,0,2017,6,9,5,2,1,5,1,0,0,0,1,0,0,5.71185E+20,6.01725E+21,1.00938E+16,5.42982E+16
119026,1.17063E+18,1,0,2,0,2017,6,17,5,3,5,2,0,1,0,0,0,0,0,5.76572E+20,6.02048E+21,1.01774E+16,5.43264E+16
119027,1.17063E+18,1,0,54,164,2017,6,13,5,3,0,1,1,0,0,0,0,0,0,4.71799E+20,6.05994E+21,8.56256E+15,5.4686E+16
119028,1.17063E+18,1,0,54,168,2017,6,13,5,2,5,2,1,0,0,0,1,0,0,4.60066E+20,6.08301E+21,8.37738E+15,5.48925E+16
119029,1.17063E+18,1,0,54,160,2017,6,15,5,3,0,7,1,0,0,0,0,0,0,4.60771E+20,6.05343E+21,8.39237E+15,5.46268E+16
119030,1.17063E+18,1,0,51,44,2017,6,10,4,3,3,6,1,0,0,0,1,0,0,5.05002E+20,6.00602E+21,9.07669E+15,5.42022E+16
119031,1.17063E+18,1,0,56,41,2017,6,13,4,3,5,3,1,1,0,0,0,0,0,5.62995E+20,5.95664E+21,9.95543E+15,5.37546E+16
119032,1.17063E+18,1,0,60,63,2017,6,23,4,2,5,3,0,1,0,1,0,2,0,5.65844E+20,5.95317E+21,9.99789E+15,5.3723E+16
119033,1.17063E+18,1,0,60,11,2017,6,16,4,3,2,6,0,1,0,1,0,0,0,5.67091E+20,5.98528E+21,1.00238E+16,5.40114E+16
119034,1.17063E+18,1,0,60,63,2017,6,12,4,3,5,3,1,1,0,0,0,0,0,5.66504E+20,5.95255E+21,1.00078E+16,5.37174E+16
119035,1.17063E+18,1,0,62,90,2017,6,17,4,3,0,7,1,0,0,0,0,0,0,5.80002E+20,5.95183E+21,1.02121E+16,5.37091E+16
119036,1.17063E+18,1,0,55,46,2017,6,15,4,3,4,6,1,1,0,0,0,0,0,6.33999E+20,6.03881E+21,1.10682E+16,5.44793E+16
119037,1.17063E+18,1,0,55,25,2017,6,14,4,3,5,3,1,0,0,0,0,0,1,6.35168E+20,6.00789E+21,1.10722E+16,5.42012E+16
119038,1.17063E+18,1,0,2,0,2017,6,18,4,3,5,7,1,1,0,0,0,0,0,5.71688E+20,6.01842E+21,1.01018E+16,5.43086E+16
119039,1.17063E+18,1,0,1,0,2017,6,14,4,3,0,7,1,0,0,0,0,0,0,5.27267E+20,6.07252E+21,9.42414E+15,5.47991E+16
119040,1.17063E+18,1,0,60,63,2017,6,15,3,3,5,3,1,1,0,0,0,0,0,5.65447E+20,5.95409E+21,9.99207E+15,5.37313E+16
119041,1.17063E+18,1,0,60,69,2017,6,17,3,3,4,6,1,1,0,0,0,0,0,5.90475E+20,5.98209E+21,1.03796E+16,5.39792E+16
119042,1.17063E+18,1,0,56,50,2017,6,22,3,3,8,1,1,0,0,0,0,1,1,5.48079E+20,5.93621E+21,9.72606E+15,5.35726E+16
119043,1.17063E+18,1,0,56,49,2017,6,7,3,3,5,3,1,1,0,0,0,0,0,5.45457E+20,5.94827E+21,9.68823E+15,5.36812E+16
119044,1.17063E+18,1,0,56,15,2017,6,19,3,3,0,1,1,0,0,0,0,0,1,5.4412E+20,5.95372E+21,9.66876E+15,5.37302E+16
119045,1.17063E+18,1,0,53,59,2017,6,14,3,3,4,6,0,1,0,0,1,0,0,6.03604E+20,5.93436E+21,1.05637E+16,5.35479E+16
119046,1.17063E+18,1,0,62,1,2017,6,19,3,3,5,2,0,1,0,1,0,0,0,5.83582E+20,5.9491E+21,1.02656E+16,5.36839E+16
119047,1.17063E+18,1,0,62,23,2017,6,8,3,3,5,3,1,1,0,0,0,0,0,5.84763E+20,5.94651E+21,1.02827E+16,5.36604E+16
119048,1.17063E+18,1,0,55,40,2017,6,14,3,3,0,7,1,0,1,0,0,0,0,6.0782E+20,5.97318E+21,1.06408E+16,5.38959E+16
119049,1.17063E+18,1,0,3,0,2017,6,17,3,3,2,6,0,1,0,0,0,0,0,6.10396E+20,5.96997E+21,1.06789E+16,5.38665E+16
119050,1.17063E+18,1,0,4,0,2017,6,17,3,3,5,3,0,1,0,0,0,0,0,5.64761E+20,5.99672E+21,9.99071E+15,5.41145E+16
119051,1.17063E+18,1,0,58,105,2017,6,16,3,3,5,3,0,1,0,0,0,0,0,5.68633E+20,6.01703E+21,1.00546E+16,5.42965E+16
119052,1.17063E+18,1,0,2,0,2017,6,18,3,3,5,3,0,1,0,1,0,0,0,5.77686E+20,6.02089E+21,1.01946E+16,5.43299E+16
119053,1.17063E+18,1,0,59,120,2017,6,13,3,3,5,3,1,1,0,0,0,0,0,5.23937E+20,6.07303E+21,9.37238E+15,5.48038E+16
119054,1.17063E+18,1,0,1,0,2017,6,21,3,3,6,7,0,1,1,0,0,0,0,5.30038E+20,6.06954E+21,9.46694E+15,5.47722E+16
119055,1.17063E+18,1,0,51,13,2017,6,14,2,3,5,3,0,1,0,0,0,0,0,4.91759E+20,5.99901E+21,8.87386E+15,5.41392E+16
119056,1.17063E+18,1,0,51,23,2017,6,17,2,2,4,6,0,1,0,1,0,0,0,5.19885E+20,6.01278E+21,9.30529E+15,5.42625E+16
119057,1.17063E+18,1,0,56,39,2017,6,15,2,3,2,6,0,1,0,0,0,0,0,5.51316E+20,5.94489E+21,9.77637E+15,5.36503E+16
119058,1.17063E+18,1,0,56,41,2017,6,14,2,3,2,6,0,1,0,0,0,0,0,5.6423E+20,5.95672E+21,9.97417E+15,5.37551E+16
119059,1.17063E+18,1,0,60,63,2017,6,16,2,3,0,2,1,1,0,0,0,0,0,5.65652E+20,5.95524E+21,9.99542E+15,5.37417E+16
119060,1.17063E+18,1,0,60,63,2017,6,13,2,3,2,6,0,1,0,0,0,0,0,5.65007E+20,5.94898E+21,9.98434E+15,5.36855E+16
119061,1.17063E+18,1,0,56,39,2017,6,8,2,3,5,2,1,1,0,0,0,0,0,5.52182E+20,5.94602E+21,9.78967E+15,5.36603E+16
119062,1.17063E+18,1,0,60,39,2017,6,8,2,3,2,6,1,1,0,0,0,0,0,5.64655E+20,5.95785E+21,9.98085E+15,5.37652E+16
119063,1.17063E+18,1,0,62,6,2017,6,7,2,3,1,5,1,1,0,0,0,0,0,5.83517E+20,5.95414E+21,1.02659E+16,5.37293E+16
119064,1.17063E+18,1,0,62,1,2017,6,10,2,2,0,7,0,1,0,0,0,0,0,5.81774E+20,5.94801E+21,1.02379E+16,5.36744E+16
119065,1.17063E+18,1,0,55,32,2017,6,15,2,2,0,2,1,1,0,0,0,0,0,6.17258E+20,5.99604E+21,1.07932E+16,5.40992E+16
119066,1.17063E+18,1,0,58,92,2017,6,11,2,3,5,3,1,1,0,0,0,0,0,5.70058E+20,6.02155E+21,1.00775E+16,5.43369E+16
119067,1.17063E+18,1,0,58,127,2017,6,12,2,3,5,2,1,1,0,0,0,0,0,5.38213E+20,6.02787E+21,9.58859E+15,5.43972E+16
119068,1.17063E+18,1,0,4,0,2017,6,7,2,3,5,3,1,1,0,0,0,0,0,5.63256E+20,5.99257E+21,9.96681E+15,5.40774E+16
119069,1.17063E+18,1,0,2,0,2017,6,12,2,3,0,7,1,0,0,0,0,0,0,5.75406E+20,6.02852E+21,1.01615E+16,5.43988E+16
119070,1.17063E+18,1,0,54,157,2017,6,8,2,3,5,3,0,1,0,0,0,0,0,5.0971E+20,6.03003E+21,9.14964E+15,5.44179E+16
119071,1.17063E+18,1,0,56,35,2017,6,0,1,2,9,1,0,1,0,0,0,2,1,5.50966E+20,5.96607E+21,9.77457E+15,5.38407E+16
119072,1.17063E+18,1,0,55,42,2017,6,13,1,3,0,1,1,0,0,0,0,0,0,6.16532E+20,5.9852E+21,1.07779E+16,5.40019E+16
119073,1.17063E+18,1,0,58,43,2017,6,1,1,3,0,2,1,0,0,0,0,2,0,5.54765E+20,6.0371E+21,9.84521E+15,5.44786E+16
119074,1.17063E+18,1,0,2,0,2017,6,14,1,3,6,4,0,1,1,0,0,0,0,5.74613E+20,6.01859E+21,1.01468E+16,5.43098E+16
119075,1.17063E+18,1,0,54,168,2017,6,18,1,3,4,7,1,0,0,0,0,0,0,4.55419E+20,6.0837E+21,8.30483E+15,5.48984E+16
119076,1.17062E+18,1,0,51,26,2017,6,22,7,3,9,1,0,1,0,0,0,2,1,5.17228E+20,5.98865E+21,9.26311E+15,5.40458E+16
119077,1.17062E+18,1,0,56,24,2017,6,12,7,3,5,3,0,1,0,0,0,0,1,5.44282E+20,5.94527E+21,9.67002E+15,5.36543E+16
119078,1.17062E+18,1,0,62,6,2017,6,16,7,3,0,7,1,1,0,0,0,0,1,5.82383E+20,5.95363E+21,1.02486E+16,5.37248E+16
119079,1.17062E+18,1,0,3,0,2017,6,12,7,3,5,2,0,1,0,0,0,0,1,6.09266E+20,5.96923E+21,1.06614E+16,5.38601E+16
119080,1.17062E+18,1,0,3,0,2017,6,23,7,3,0,4,0,1,1,0,0,2,0,6.17091E+20,5.97194E+21,1.07814E+16,5.38827E+16
119081,1.17062E+18,1,0,55,46,2017,6,7,7,3,5,3,0,1,0,0,0,0,1,6.3896E+20,6.03986E+21,1.11452E+16,5.44873E+16
119082,1.17062E+18,1,0,4,0,2017,6,16,7,3,5,3,0,1,0,0,0,0,0,5.64896E+20,5.99402E+21,9.9922E+15,5.40903E+16
119083,1.17062E+18,1,0,57,62,2017,6,11,7,3,5,2,1,1,0,0,0,0,1,5.82709E+20,6.01089E+21,1.02691E+16,5.42393E+16
119084,1.17062E+18,1,0,57,57,2017,6,9,7,3,3,6,0,1,0,0,0,0,1,5.92685E+20,6.00219E+21,1.04194E+16,5.41594E+16
119085,1.17062E+18,1,0,2,0,2017,6,9,7,3,5,3,0,1,0,0,0,0,1,5.73354E+20,6.01992E+21,1.01278E+16,5.43219E+16
119086,1.17062E+18,1,0,57,25,2017,6,22,7,3,6,7,0,1,1,0,0,2,0,5.80303E+20,6.02576E+21,1.02362E+16,5.43733E+16
119087,1.17062E+18,1,0,2,0,2017,6,11,7,3,2,6,0,1,0,0,0,0,0,5.7352E+20,6.01945E+21,1.01302E+16,5.43176E+16
119088,1.17062E+18,1,0,59,45,2017,6,12,7,3,5,3,0,1,0,0,1,0,1,5.59575E+20,6.05821E+21,9.92372E+15,5.46677E+16
119089,1.17062E+18,1,0,56,49,2017,6,11,6,3,5,3,1,1,0,0,0,0,1,5.44478E+20,5.94815E+21,9.67339E+15,5.36802E+16
119090,1.17062E+18,1,0,60,4,2017,6,14,6,3,4,6,1,0,0,0,0,0,0,5.57902E+20,5.97511E+21,9.88168E+15,5.39212E+16
119091,1.17062E+18,1,0,56,44,2017,6,13,6,3,4,6,1,0,0,0,0,0,0,5.55334E+20,5.94019E+21,9.83632E+15,5.36076E+16
119092,1.17062E+18,1,0,56,15,2017,6,9,6,3,5,3,1,1,0,0,0,0,0,5.42981E+20,5.95789E+21,9.65209E+15,5.37678E+16
119093,1.17062E+18,1,0,62,18,2017,6,7,6,3,5,2,1,1,0,0,0,0,1,5.81333E+20,5.93318E+21,1.02274E+16,5.35412E+16
119094,1.17062E+18,1,0,62,1,2017,6,15,6,3,0,7,1,0,0,0,0,0,0,5.81867E+20,5.94791E+21,1.02393E+16,5.36735E+16
119095,1.17062E+18,1,0,62,9,2017,6,20,6,3,0,7,1,1,0,0,0,0,1,5.78069E+20,5.93657E+21,1.0179E+16,5.35722E+16
119096,1.17062E+18,1,0,55,12,2017,6,7,6,3,5,3,1,1,0,0,0,0,0,6.03607E+20,5.99911E+21,1.05856E+16,5.41297E+16
119097,1.17062E+18,1,0,3,0,2017,6,14,6,3,5,2,1,1,0,0,0,0,0,6.10532E+20,5.96995E+21,1.06809E+16,5.38663E+16
119098,1.17062E+18,1,0,3,0,2017,6,15,6,3,8,1,0,0,0,1,0,0,0,6.21391E+20,5.98236E+21,1.08509E+16,5.39753E+16
119099,1.17062E+18,1,0,3,0,2017,6,16,6,3,5,3,0,1,0,0,1,0,0,6.10711E+20,5.973E+21,1.06847E+16,5.38936E+16
119100,1.17062E+18,1,0,55,2,2017,6,6,6,3,7,7,0,0,0,1,0,0,0,6.17043E+20,6.00141E+21,1.0792E+16,5.41475E+16
119101,1.17062E+18,1,0,58,127,2017,6,17,6,3,8,7,0,0,0,1,0,0,0,5.43374E+20,6.02517E+21,9.66768E+15,5.43725E+16
119102,1.17062E+18,1,0,2,0,2017,6,8,6,3,3,6,1,1,0,0,0,0,1,5.74534E+20,6.01347E+21,1.01443E+16,5.42637E+16
119103,1.17062E+18,1,0,2,0,2017,6,17,6,3,0,7,0,0,0,1,0,0,0,5.72088E+20,6.01809E+21,1.01079E+16,5.43056E+16
119104,1.17062E+18,1,0,57,57,2017,6,17,6,3,5,3,1,1,0,0,0,0,0,5.94288E+20,6.00195E+21,1.04439E+16,5.4157E+16
119105,1.17062E+18,1,0,1,0,2017,6,20,6,3,5,3,1,1,0,0,0,0,1,5.27298E+20,6.07249E+21,9.42463E+15,5.47988E+16
119106,1.17062E+18,1,0,61,61,2017,6,18,5,3,6,4,0,1,1,0,0,0,0,5.37757E+20,5.97158E+21,9.57452E+15,5.38913E+16
119107,1.17062E+18,1,0,51,1,2017,6,18,5,3,0,7,0,0,0,1,0,0,0,5.18681E+20,5.99921E+21,9.28596E+15,5.41407E+16
119108,1.17062E+18,1,0,56,50,2017,6,15,5,3,5,3,1,1,0,0,0,0,0,5.47184E+20,5.93699E+21,9.71267E+15,5.35796E+16
119109,1.17062E+18,1,0,56,18,2017,6,4,5,3,8,7,0,1,0,0,0,0,0,5.56448E+20,5.94125E+21,9.85334E+15,5.3617E+16
119110,1.17062E+18,1,0,56,49,2017,6,14,5,3,4,6,1,0,0,0,0,0,0,5.44796E+20,5.94851E+21,9.67826E+15,5.36834E+16
119111,1.17062E+18,1,0,62,60,2017,6,14,5,3,5,3,1,1,0,0,0,0,0,5.8298E+20,5.93117E+21,1.02517E+16,5.35229E+16
119112,1.17062E+18,1,0,62,61,2017,6,17,5,3,5,3,1,1,0,0,0,0,0,5.98268E+20,5.96547E+21,1.04931E+16,5.38284E+16
119113,1.17062E+18,1,0,3,0,2017,6,15,5,3,3,6,1,0,0,0,0,0,0,6.11898E+20,5.97176E+21,1.07024E+16,5.38822E+16
119114,1.17062E+18,1,0,3,0,2017,6,12,5,2,5,3,1,1,0,0,0,0,1,6.11376E+20,5.96743E+21,1.06928E+16,5.38434E+16
119115,1.17062E+18,1,0,3,0,2017,6,14,5,3,0,2,1,1,0,0,0,0,0,6.11267E+20,5.9691E+21,1.06918E+16,5.38585E+16
119116,1.17062E+18,1,0,3,0,2017,6,20,5,3,4,6,0,1,0,0,0,1,1,6.10402E+20,5.97058E+21,1.06792E+16,5.38719E+16
119117,1.17062E+18,1,0,58,58,2017,6,13,5,3,5,2,1,1,0,0,0,0,0,5.63661E+20,6.02918E+21,9.98078E+15,5.44064E+16
119118,1.17062E+18,1,0,58,77,2017,6,21,5,3,8,6,0,1,0,1,0,1,0,5.4199E+20,5.99513E+21,9.64217E+15,5.41026E+16
119119,1.17062E+18,1,0,57,57,2017,6,18,5,3,8,1,0,0,0,1,0,0,0,5.96281E+20,6.00466E+21,1.04753E+16,5.41809E+16
119120,1.17062E+18,1,0,51,48,2017,6,5,4,3,4,6,0,1,0,0,0,0,0,5.05575E+20,6.00171E+21,9.08539E+15,5.41634E+16
119121,1.17062E+18,1,0,51,44,2017,6,11,4,3,2,6,0,1,0,0,0,0,0,5.06184E+20,6.00502E+21,9.09478E+15,5.41932E+16
119122,1.17062E+18,1,0,56,44,2017,6,17,4,3,2,6,0,1,0,0,1,0,0,5.56419E+20,5.94022E+21,9.85272E+15,5.36078E+16
119123,1.17062E+18,1,0,60,4,2017,6,14,4,3,6,4,0,0,1,0,1,0,0,5.58518E+20,5.97602E+21,9.89122E+15,5.39292E+16
119124,1.17062E+18,1,0,56,20,2017,6,16,4,3,9,1,0,0,0,1,0,0,0,5.40328E+20,5.94286E+21,9.60988E+15,5.3633E+16
119125,1.17062E+18,1,0,62,1,2017,6,14,4,2,5,3,1,0,0,0,1,0,0,5.80763E+20,5.94713E+21,1.02224E+16,5.36667E+16
119126,1.17062E+18,1,0,62,9,2017,6,7,4,3,5,3,1,1,0,0,0,0,0,5.76371E+20,5.93624E+21,1.01532E+16,5.35694E+16
119127,1.17062E+18,1,0,53,83,2017,6,18,4,3,0,1,1,0,0,0,0,0,0,6.03629E+20,5.91491E+21,1.05577E+16,5.33731E+16
119128,1.17062E+18,1,0,57,25,2017,6,7,4,3,5,3,1,1,0,0,0,0,0,5.78387E+20,6.02582E+21,1.02067E+16,5.43742E+16
119129,1.17062E+18,1,0,54,164,2017,6,10,4,3,8,1,1,0,0,0,0,0,0,4.71409E+20,6.05947E+21,8.55655E+15,5.46818E+16
119130,1.17062E+18,1,0,59,45,2017,6,23,4,3,0,7,1,0,0,0,0,2,0,5.59243E+20,6.05842E+21,9.91861E+15,5.46697E+16
119131,1.17062E+18,1,0,1,0,2017,6,18,4,3,5,2,1,1,0,0,0,0,0,5.28516E+20,6.07076E+21,9.44339E+15,5.47832E+16
119132,1.17062E+18,1,0,54,168,2017,6,17,4,3,9,3,1,0,0,0,1,0,0,4.55107E+20,6.08421E+21,8.29989E+15,5.49029E+16
119133,1.17062E+18,1,0,54,168,2017,6,15,4,3,0,7,1,0,0,0,0,0,0,4.59343E+20,6.0835E+21,8.36604E+15,5.48969E+16
119134,1.17062E+18,1,0,59,75,2017,6,14,4,3,5,3,1,0,0,0,1,0,0,5.35107E+20,6.04197E+21,9.54242E+15,5.45241E+16
119135,1.17062E+18,1,0,60,63,2017,6,16,3,3,0,7,1,0,0,0,0,0,0,5.65648E+20,5.9505E+21,9.99436E+15,5.36991E+16
119136,1.17062E+18,1,0,56,41,2017,6,7,3,3,2,6,0,1,0,0,0,0,0,5.61578E+20,5.95526E+21,9.93366E+15,5.37423E+16
119137,1.17062E+18,1,0,56,15,2017,6,8,3,3,5,3,1,1,0,0,0,0,0,5.43911E+20,5.95418E+21,9.66567E+15,5.37344E+16
119138,1.17062E+18,1,0,53,12,2017,6,16,3,3,5,3,1,1,0,0,0,0,0,5.85379E+20,5.92638E+21,1.02866E+16,5.34795E+16
119139,1.17062E+18,1,0,62,76,2017,6,17,3,3,5,3,0,1,0,0,0,0,0,5.71566E+20,5.95428E+21,1.00849E+16,5.37322E+16
119140,1.17062E+18,1,0,55,12,2017,6,11,3,3,0,1,0,0,0,1,0,0,0,6.05505E+20,6.00018E+21,1.0615E+16,5.41389E+16
119141,1.17062E+18,1,0,55,21,2017,6,12,3,3,0,1,0,0,0,1,0,0,0,6.30011E+20,6.02647E+21,1.10013E+16,5.43694E+16
119142,1.17062E+18,1,0,58,43,2017,6,16,3,3,5,3,1,1,0,0,0,0,0,5.54712E+20,6.03701E+21,9.84437E+15,5.44778E+16
119143,1.17062E+18,1,0,58,39,2017,6,17,3,3,3,3,0,1,0,1,0,0,0,5.47659E+20,6.03061E+21,9.73451E+15,5.4421E+16
119144,1.17062E+18,1,0,4,0,2017,6,13,3,3,0,7,1,0,0,0,0,0,0,5.65637E+20,5.99049E+21,1.00028E+16,5.40584E+16
119145,1.17062E+18,1,0,54,88,2017,6,12,3,3,0,1,1,0,0,0,0,0,0,4.8905E+20,6.07138E+21,8.82971E+15,5.47894E+16
119146,1.17062E+18,1,0,59,127,2017,6,17,3,2,0,7,1,0,0,0,0,0,0,5.36956E+20,6.0692E+21,9.57443E+15,5.47686E+16
119147,1.17062E+18,1,0,1,0,2017,6,7,3,3,6,7,1,0,1,0,0,0,0,5.30094E+20,6.07127E+21,9.46799E+15,5.47877E+16
119148,1.17062E+18,1,0,60,5,2017,6,18,2,2,5,3,0,1,0,0,0,0,0,5.8664E+20,5.97639E+21,1.03195E+16,5.39286E+16
119149,1.17062E+18,1,0,60,5,2017,6,14,2,3,0,7,1,0,0,0,0,0,0,5.84843E+20,5.97936E+21,1.0293E+16,5.39557E+16
119150,1.17062E+18,1,0,56,30,2017,6,19,2,3,0,7,1,0,0,0,0,0,0,5.4467E+20,5.96001E+21,9.67802E+15,5.37868E+16
119151,1.17062E+18,1,0,53,32,2017,6,14,2,3,5,3,0,1,0,0,0,0,0,5.91652E+20,5.92119E+21,1.03795E+16,5.34317E+16
119152,1.17062E+18,1,0,62,23,2017,6,17,2,3,5,2,1,1,0,0,0,0,0,5.84452E+20,5.9448E+21,1.02776E+16,5.36452E+16
119153,1.17062E+18,1,0,55,44,2017,6,14,2,3,6,6,1,0,1,0,0,0,0,6.16027E+20,5.98599E+21,1.07705E+16,5.40092E+16
119154,1.17062E+18,1,0,58,124,2017,6,20,2,3,2,6,0,0,0,0,1,0,0,5.44122E+20,6.01588E+21,9.67782E+15,5.42889E+16
119155,1.17062E+18,1,0,57,62,2017,6,9,2,3,1,5,0,1,0,0,0,0,0,5.82975E+20,6.00961E+21,1.02728E+16,5.42277E+16
119156,1.17062E+18,1,0,59,120,2017,6,10,2,3,0,6,0,1,0,1,0,0,0,5.24731E+20,6.07262E+21,9.3847E+15,5.48002E+16
119157,1.17062E+18,1,0,60,63,2017,6,12,1,3,5,2,0,1,0,0,0,0,0,5.6741E+20,5.95505E+21,1.0022E+16,5.37397E+16
119158,1.17062E+18,1,0,56,49,2017,6,15,1,3,5,3,1,1,0,0,0,0,0,5.43389E+20,5.94836E+21,9.65694E+15,5.36821E+16
119159,1.17062E+18,1,0,62,36,2017,6,14,1,3,5,2,1,1,0,0,0,0,0,5.81442E+20,5.95623E+21,1.0235E+16,5.37483E+16
119160,1.17062E+18,1,0,55,12,2017,6,10,1,3,4,6,1,0,0,0,0,0,0,6.05542E+20,6.0001E+21,1.06155E+16,5.41382E+16
119161,1.17062E+18,1,0,58,135,2017,6,20,1,3,4,6,1,1,0,0,0,0,0,5.43243E+20,6.01787E+21,9.6646E+15,5.43068E+16
119162,1.17062E+18,1,0,57,73,2017,6,17,1,3,0,3,1,1,0,0,0,0,0,5.89659E+20,6.02902E+21,1.03812E+16,5.4401E+16
119163,1.17062E+18,1,0,2,0,2017,6,0,1,3,5,3,0,1,0,0,0,2,0,5.74708E+20,6.01909E+21,1.01484E+16,5.43142E+16
119164,1.17062E+18,1,0,57,73,2017,6,12,1,3,0,7,1,0,0,0,0,0,0,5.91292E+20,6.02996E+21,1.04066E+16,5.44092E+16
119165,1.17062E+18,1,0,59,75,2017,6,0,1,3,9,1,0,1,0,0,0,2,0,5.33967E+20,6.03883E+21,9.52444E+15,5.4496E+16
119166,1.17062E+18,1,0,54,168,2017,6,17,1,3,4,6,1,0,0,0,0,0,0,4.55261E+20,6.08514E+21,8.30214E+15,5.49112E+16