OBJECTID,UIDENTSTLA,ULAND,UREGBEZ,UKREIS,UGEMEINDE,UJAHR,UMONAT,USTUNDE,UWOCHENTAG,UKATEGORIE,UART,UTYP1,IstRad,IstPKW,IstFuss,IstKrad,IstSonstig,LICHT,STRZUSTAND,LINREFX,LINREFY,XGCSWGS84,YGCSWGS84
119167,1.17062E+18,1,0,54,96,2017,6,12,1,3,4,1,0,1,0,1,0,0,0,5.10583E+20,6.03331E+21,9.1632E+15,5.44474E+16
119168,1.17062E+18,1,0,51,13,2017,6,19,7,3,5,3,0,1,0,0,0,0,0,4.90784E+20,5.99858E+21,8.85894E+15,5.41353E+16
119169,1.17062E+18,1,0,61,46,2017,6,10,7,2,2,2,1,1,0,0,0,0,0,5.33946E+20,5.97655E+21,9.51708E+15,5.39363E+16
119170,1.17062E+18,1,0,56,43,2017,6,20,7,2,1,5,0,1,0,0,0,0,0,5.56004E+20,5.94389E+21,9.84711E+15,5.36408E+16
119171,1.17062E+18,1,0,62,33,2017,6,11,7,3,2,6,0,0,0,1,0,0,0,5.97434E+20,5.94343E+21,1.04735E+16,5.36306E+16
119172,1.17062E+18,1,0,55,32,2017,6,12,7,3,5,3,1,1,0,0,0,0,0,6.18034E+20,5.99664E+21,1.08053E+16,5.41044E+16
119173,1.17062E+18,1,0,3,0,2017,6,18,7,3,0,7,1,0,0,0,0,0,0,6.105E+20,5.97065E+21,1.06807E+16,5.38726E+16
119174,1.17062E+18,1,0,55,16,2017,6,18,7,2,0,1,1,0,0,0,0,0,0,6.2727E+20,6.00065E+21,1.09482E+16,5.41382E+16
119175,1.17062E+18,1,0,55,18,2017,6,18,7,3,0,1,1,0,0,0,0,0,0,6.32445E+20,6.01163E+21,1.10322E+16,5.42355E+16
119176,1.17062E+18,1,0,2,0,2017,6,3,7,2,0,1,1,0,0,0,0,2,0,5.72932E+20,6.01926E+21,1.01212E+16,5.4316E+16
119177,1.17062E+18,1,0,59,92,2017,6,19,7,2,1,5,1,1,0,0,0,0,0,5.20768E+20,6.04102E+21,9.32081E+15,5.45163E+16
119178,1.17062E+18,1,0,54,168,2017,6,12,7,2,0,7,1,0,0,0,0,0,0,4.59305E+20,6.08293E+21,8.36554E+15,5.48917E+16
119179,1.17062E+18,1,0,61,116,2017,6,7,6,3,2,6,0,1,0,0,0,0,0,5.49232E+20,5.97675E+21,9.74993E+15,5.39368E+16
119180,1.17062E+18,1,0,60,44,2017,6,9,6,3,2,6,0,1,0,0,0,0,0,5.64224E+20,5.96511E+21,9.97584E+15,5.38305E+16
119181,1.17062E+18,1,0,56,21,2017,6,18,6,3,5,3,1,1,0,0,0,0,0,5.60337E+20,5.9495E+21,9.91374E+15,5.36907E+16
119182,1.17062E+18,1,0,62,23,2017,6,6,6,3,0,1,0,0,0,1,0,0,1,5.83172E+20,5.94638E+21,1.02586E+16,5.36596E+16
119183,1.17062E+18,1,0,3,0,2017,6,20,6,2,0,1,0,0,0,1,0,0,1,6.11759E+20,5.9682E+21,1.06989E+16,5.38503E+16
119184,1.17062E+18,1,0,55,42,2017,6,14,6,3,0,1,1,0,0,0,0,0,1,6.16396E+20,5.98509E+21,1.07758E+16,5.40009E+16
119185,1.17062E+18,1,0,58,92,2017,6,18,6,3,0,7,1,0,0,0,0,0,0,5.71515E+20,6.02169E+21,1.01E+16,5.4338E+16
119186,1.17062E+18,1,0,58,170,2017,6,13,6,3,5,7,1,1,0,0,0,0,0,5.68664E+20,6.00343E+21,1.00519E+16,5.41744E+16
119187,1.17062E+18,1,0,2,0,2017,6,21,6,3,5,2,1,1,0,0,0,0,0,5.74143E+20,6.01874E+21,1.01396E+16,5.43112E+16
119188,1.17062E+18,1,0,2,0,2017,6,19,6,3,5,3,1,1,0,0,0,0,0,5.74919E+20,6.01822E+21,1.01514E+16,5.43064E+16
119189,1.17062E+18,1,0,54,168,2017,6,9,6,3,5,3,1,1,0,0,0,0,0,4.56583E+20,6.08388E+21,8.32295E+15,5.49001E+16
119190,1.17062E+18,1,0,54,168,2017,6,14,6,3,0,7,1,0,0,0,0,0,0,4.55175E+20,6.08495E+21,8.30083E+15,5.49095E+16
119191,1.17062E+18,1,0,1,0,2017,6,14,6,1,6,7,0,1,1,0,0,0,0,5.2781E+20,6.07157E+21,9.43249E+15,5.47906E+16
119192,1.17062E+18,1,0,54,168,2017,6,17,6,2,0,7,1,0,0,0,0,0,0,4.55897E+20,6.08332E+21,8.31234E+15,5.4895E+16
119193,1.17062E+18,1,0,60,63,2017,6,19,5,3,5,3,1,1,0,0,0,1,1,5.65046E+20,5.94856E+21,9.98484E+15,5.36817E+16
119194,1.17062E+18,1,0,60,44,2017,6,12,5,3,1,5,0,1,0,0,1,0,0,5.64253E+20,5.9645E+21,9.97614E+15,5.3825E+16
119195,1.17062E+18,1,0,62,1,2017,6,15,5,3,0,1,0,0,0,1,0,0,0,5.82711E+20,5.94518E+21,1.02513E+16,5.36488E+16
119196,1.17062E+18,1,0,62,9,2017,6,17,5,3,5,3,1,0,0,0,0,0,0,5.78006E+20,5.93621E+21,1.01779E+16,5.35689E+16
119197,1.17062E+18,1,0,62,18,2017,6,15,5,3,5,3,1,1,0,0,0,0,0,5.81215E+20,5.93236E+21,1.02254E+16,5.35339E+16
119198,1.17062E+18,1,0,53,110,2017,6,11,5,3,4,6,0,1,0,0,1,0,0,6.17033E+20,5.9458E+21,1.07706E+16,5.36479E+16
119199,1.17062E+18,1,0,3,0,2017,6,19,5,2,5,7,1,1,0,0,0,0,0,6.09679E+20,5.9692E+21,1.06677E+16,5.38597E+16
119200,1.17062E+18,1,0,58,43,2017,6,15,5,3,2,7,0,1,0,0,0,0,0,5.53369E+20,6.03809E+21,9.82384E+15,5.44876E+16
119201,1.17062E+18,1,0,58,40,2017,6,10,5,3,1,5,0,1,0,0,0,0,0,5.65783E+20,6.0491E+21,1.00179E+16,5.45851E+16
119202,1.17062E+18,1,0,57,91,2017,6,16,5,3,1,5,0,1,0,0,1,0,0,5.79106E+20,6.01812E+21,1.02157E+16,5.43049E+16
119203,1.17062E+18,1,0,2,0,2017,6,9,5,3,3,6,1,1,0,0,0,0,0,5.72976E+20,6.01933E+21,1.01218E+16,5.43166E+16
119204,1.17062E+18,1,0,57,79,2017,6,7,5,3,5,3,0,1,0,0,1,0,0,5.82357E+20,6.03041E+21,1.02691E+16,5.44147E+16
119205,1.17062E+18,1,0,54,56,2017,6,18,5,3,0,7,0,0,0,0,1,0,0,5.04558E+20,6.03723E+21,9.07035E+15,5.44827E+16
119206,1.17062E+18,1,0,54,56,2017,6,14,5,2,5,2,0,1,0,1,0,0,0,5.0575E+20,6.03565E+21,9.08873E+15,5.44685E+16
119207,1.17062E+18,1,0,54,168,2017,6,13,5,3,0,7,1,0,0,0,0,0,0,4.59274E+20,6.08408E+21,8.36489E+15,5.4902E+16
119208,1.17062E+18,1,0,54,164,2017,6,12,5,3,5,2,1,1,0,0,0,0,0,4.71878E+20,6.06064E+21,8.56371E+15,5.46923E+16
119209,1.17062E+18,1,0,1,0,2017,6,17,5,3,5,3,1,1,0,0,0,0,0,5.28386E+20,6.07263E+21,9.44155E+15,5.48001E+16
119210,1.17061E+18,1,0,61,29,2017,6,14,4,3,0,7,1,0,0,0,0,0,0,5.27905E+20,5.95992E+21,9.42355E+15,5.37871E+16
119211,1.17061E+18,1,0,56,49,2017,6,18,4,3,0,1,1,1,0,0,0,0,0,5.45587E+20,5.94832E+21,9.69021E+15,5.36816E+16
119212,1.17061E+18,1,0,56,15,2017,6,11,4,3,0,7,1,0,0,0,0,0,0,5.43078E+20,5.95571E+21,9.65325E+15,5.37482E+16
119213,1.17061E+18,1,0,62,18,2017,6,14,4,3,5,3,1,1,0,0,0,0,0,5.8148E+20,5.93119E+21,1.02291E+16,5.35233E+16
119214,1.17061E+18,1,0,62,60,2017,6,15,4,3,5,2,1,1,0,0,0,0,0,5.83153E+20,5.92988E+21,1.02539E+16,5.35113E+16
119215,1.17061E+18,1,0,62,60,2017,6,7,4,3,2,6,0,1,0,0,0,0,0,5.83144E+20,5.93186E+21,1.02543E+16,5.3529E+16
119216,1.17061E+18,1,0,3,0,2017,6,16,4,3,0,1,1,0,0,0,0,0,0,6.09285E+20,5.96936E+21,1.06618E+16,5.38612E+16
119217,1.17061E+18,1,0,3,0,2017,6,17,4,3,5,7,1,1,0,0,0,0,0,6.09321E+20,5.97039E+21,1.06627E+16,5.38704E+16
119218,1.17061E+18,1,0,55,21,2017,6,9,4,3,5,3,0,1,0,1,0,0,0,6.29E+20,6.02669E+21,1.09858E+16,5.43716E+16
119219,1.17061E+18,1,0,3,0,2017,6,21,4,3,5,6,0,1,0,1,0,1,0,6.11675E+20,5.96988E+21,1.06983E+16,5.38654E+16
119220,1.17061E+18,1,0,58,43,2017,6,7,4,3,1,6,0,1,0,0,0,0,0,5.53903E+20,6.03447E+21,9.83143E+15,5.44551E+16
119221,1.17061E+18,1,0,58,157,2017,6,18,4,3,6,4,0,1,1,0,0,0,0,5.76172E+20,6.03286E+21,1.01744E+16,5.44377E+16
119222,1.17061E+18,1,0,58,32,2017,6,6,4,3,4,6,0,0,0,1,1,0,0,5.6592E+20,6.054E+21,1.00211E+16,5.46291E+16
119223,1.17061E+18,1,0,58,34,2017,6,18,4,3,5,2,0,1,0,1,0,0,0,5.43514E+20,6.01923E+21,9.66896E+15,5.43191E+16
119224,1.17061E+18,1,0,4,0,2017,6,13,4,2,1,5,0,1,0,0,0,0,0,5.65142E+20,5.99382E+21,9.99591E+15,5.40884E+16
119225,1.17061E+18,1,0,2,0,2017,6,11,4,3,0,5,1,1,0,0,0,0,0,5.73839E+20,6.0211E+21,1.01356E+16,5.43324E+16
119226,1.17061E+18,1,0,59,176,2017,6,7,4,3,5,2,0,1,0,1,0,0,0,5.33134E+20,6.0734E+21,9.5155E+15,5.48067E+16
119227,1.17061E+18,1,0,54,78,2017,6,19,4,3,4,2,1,1,0,0,0,0,0,4.63807E+20,6.09721E+21,8.43391E+15,5.50204E+16
119228,1.17061E+18,1,0,56,49,2017,6,17,3,3,6,6,0,1,1,0,0,0,0,5.43899E+20,5.94844E+21,9.66467E+15,5.36828E+16
119229,1.17061E+18,1,0,60,44,2017,6,17,3,3,6,2,0,1,1,0,0,0,0,5.63377E+20,5.96579E+21,9.96311E+15,5.38368E+16
119230,1.17061E+18,1,0,60,63,2017,6,10,3,3,2,6,0,1,0,0,0,0,0,5.66102E+20,5.95165E+21,1.00015E+16,5.37093E+16
119231,1.17061E+18,1,0,3,0,2017,6,7,3,3,5,2,0,1,0,1,0,0,0,6.10943E+20,5.97208E+21,1.0688E+16,5.38853E+16
119232,1.17061E+18,1,0,57,73,2017,6,18,3,3,5,3,0,1,0,1,0,0,0,5.89144E+20,6.02799E+21,1.03729E+16,5.43919E+16
119233,1.17061E+18,1,0,2,0,2017,6,15,3,3,6,7,1,0,1,0,0,0,0,5.74142E+20,6.02238E+21,1.01405E+16,5.43438E+16
119234,1.17061E+18,1,0,57,62,2017,6,19,3,3,5,3,1,1,0,0,0,0,0,5.83644E+20,6.01114E+21,1.02835E+16,5.42414E+16
119235,1.17061E+18,1,0,2,0,2017,6,20,3,3,0,7,1,1,0,0,0,0,0,5.73464E+20,6.02259E+21,1.01301E+16,5.43459E+16
119236,1.17061E+18,1,0,2,0,2017,6,15,3,3,0,7,1,0,0,0,0,0,0,5.7396E+20,6.02472E+21,1.01383E+16,5.43649E+16
119237,1.17061E+18,1,0,2,0,2017,6,11,3,3,0,7,0,1,0,0,0,0,0,5.77279E+20,6.01668E+21,1.01873E+16,5.42922E+16
119238,1.17061E+18,1,0,54,164,2017,6,15,3,3,0,7,1,0,0,0,0,0,0,4.72189E+20,6.05979E+21,8.56862E+15,5.46847E+16
119239,1.17061E+18,1,0,59,171,2017,6,14,3,3,5,3,1,0,0,0,1,0,0,5.26599E+20,6.05811E+21,9.41243E+15,5.46697E+16
119240,1.17061E+18,1,0,54,109,2017,6,13,3,3,8,1,0,1,0,0,0,0,0,4.90202E+20,6.06973E+21,8.84768E+15,5.47747E+16
119241,1.17061E+18,1,0,51,44,2017,6,18,2,3,5,3,1,1,0,0,0,0,0,5.06119E+20,6.00398E+21,9.09376E+15,5.41838E+16
119242,1.17061E+18,1,0,61,79,2017,6,23,2,3,8,1,1,0,0,0,0,2,0,5.36168E+20,5.97563E+21,9.55082E+15,5.39278E+16
119243,1.17073E+18,1,0,60,92,2017,7,10,4,3,2,6,0,1,0,0,0,0,0,5.79674E+20,5.9789E+21,1.02141E+16,5.39524E+16
119244,1.17073E+18,1,0,60,63,2017,7,19,4,3,3,6,1,1,0,0,0,0,0,5.69739E+20,5.95153E+21,1.00565E+16,5.37078E+16
119245,1.17073E+18,1,0,56,41,2017,7,12,4,3,9,1,0,1,0,0,0,0,0,5.59934E+20,5.95441E+21,9.90858E+15,5.37349E+16
119246,1.17073E+18,1,0,60,63,2017,7,15,5,2,8,1,0,0,0,1,0,0,0,5.68419E+20,5.95071E+21,1.00364E+16,5.37006E+16
119247,1.17073E+18,1,0,60,63,2017,7,12,5,3,5,2,0,1,0,0,0,0,0,5.6482E+20,5.94612E+21,9.98091E+15,5.36598E+16
119248,1.17073E+18,1,0,3,0,2017,7,16,5,3,5,3,0,1,0,1,0,0,0,6.10649E+20,5.97033E+21,1.06828E+16,5.38697E+16
119249,1.17073E+18,1,0,62,4,2017,7,15,4,3,0,3,1,0,0,0,0,0,0,5.90482E+20,5.96329E+21,1.03742E+16,5.38103E+16
119250,1.17073E+18,1,0,53,116,2017,7,7,4,3,5,3,1,1,0,0,0,0,1,5.98068E+20,5.92987E+21,1.04788E+16,5.35086E+16
119251,1.17073E+18,1,0,4,0,2017,7,13,4,3,5,3,1,1,0,0,0,0,0,5.65685E+20,5.9896E+21,1.00033E+16,5.40504E+16
119252,1.17073E+18,1,0,2,0,2017,7,8,4,3,5,3,0,1,0,0,0,0,0,5.73975E+20,6.02143E+21,1.01377E+16,5.43353E+16
119253,1.17073E+18,1,0,54,85,2017,7,18,4,3,0,7,1,0,0,0,0,0,0,4.58301E+20,6.0561E+21,8.35373E+15,5.46505E+16
119254,1.17073E+18,1,0,54,113,2017,7,13,4,3,0,7,1,0,0,0,0,0,0,4.76335E+20,6.0177E+21,8.6363E+15,5.43066E+16
119255,1.17073E+18,1,0,54,168,2017,7,15,4,3,5,3,0,1,0,1,0,0,0,4.55501E+20,6.08416E+21,8.30603E+15,5.49025E+16
119256,1.17073E+18,1,0,4,0,2017,7,10,5,3,5,2,1,1,0,0,0,0,0,5.64405E+20,5.98879E+21,9.98357E+15,5.40434E+16
119257,1.17073E+18,1,0,58,43,2017,7,16,5,3,6,7,0,1,1,0,0,0,0,5.54276E+20,6.036E+21,9.83746E+15,5.44688E+16
119258,1.17073E+18,1,0,1,0,2017,7,14,5,3,2,6,0,1,0,0,0,0,0,5.27351E+20,6.0702E+21,9.42523E+15,5.47782E+16
119259,1.17073E+18,1,0,54,56,2017,7,21,5,3,0,1,1,0,0,0,0,1,0,5.03435E+20,6.03644E+21,9.05301E+15,5.44756E+16
119260,1.17073E+18,1,0,61,46,2017,7,18,4,2,0,6,1,1,0,0,0,0,0,5.32799E+20,5.97823E+21,9.49979E+15,5.39514E+16
119261,1.17073E+18,1,0,59,18,2017,7,15,4,3,0,1,1,0,0,0,0,0,0,5.35205E+20,6.03769E+21,9.54343E+15,5.44856E+16
119262,1.17073E+18,1,0,54,116,2017,7,18,4,3,5,7,1,1,0,0,0,0,0,5.11506E+20,6.02807E+21,9.17723E+15,5.44003E+16
119263,1.17073E+18,1,0,61,49,2017,7,19,3,3,5,3,1,1,0,0,0,0,0,5.47669E+20,5.97703E+21,9.72617E+15,5.39394E+16
119264,1.17073E+18,1,0,56,44,2017,7,17,3,3,5,2,0,1,0,0,0,0,1,5.56192E+20,5.93923E+21,9.84912E+15,5.35989E+16
119265,1.17073E+18,1,0,56,49,2017,7,13,3,3,0,1,0,0,0,1,0,0,1,5.45208E+20,5.94835E+21,9.68447E+15,5.3682E+16
119266,1.17073E+18,1,0,60,63,2017,7,16,3,3,5,2,1,1,0,0,0,0,0,5.65851E+20,5.95317E+21,9.99801E+15,5.37231E+16
119267,1.17073E+18,1,0,62,76,2017,7,7,3,3,5,3,0,1,0,0,0,0,1,5.69985E+20,5.95364E+21,1.00608E+16,5.37267E+16
119268,1.17073E+18,1,0,53,90,2017,7,16,3,3,9,7,1,1,0,0,0,0,1,6.1194E+20,5.94378E+21,1.06929E+16,5.36308E+16
119269,1.17073E+18,1,0,62,4,2017,7,9,3,2,0,1,1,0,0,0,0,0,1,5.91572E+20,5.96427E+21,1.0391E+16,5.38189E+16
119270,1.17073E+18,1,0,55,44,2017,7,13,3,3,5,3,0,1,0,0,0,0,1,6.11689E+20,5.98834E+21,1.07052E+16,5.40312E+16
119271,1.17073E+18,1,0,58,9,2017,7,5,3,3,6,4,0,1,1,0,0,0,1,5.52371E+20,5.9934E+21,9.80061E+15,5.40861E+16
119272,1.17073E+18,1,0,58,172,2017,7,14,3,3,8,1,0,1,0,0,0,0,1,5.43157E+20,6.01469E+21,9.66282E+15,5.42783E+16
119273,1.17073E+18,1,0,57,62,2017,7,14,3,3,0,1,1,0,0,0,0,0,1,5.83544E+20,6.01045E+21,1.02818E+16,5.42352E+16
119274,1.17073E+18,1,0,1,0,2017,7,16,3,3,2,6,0,1,0,1,0,0,1,5.27538E+20,6.07304E+21,9.4284E+15,5.48038E+16
119275,1.17073E+18,1,0,54,56,2017,7,14,3,3,8,1,1,0,0,0,0,0,1,5.03346E+20,6.03621E+21,9.05163E+15,5.44735E+16
119276,1.17072E+18,1,0,56,50,2017,7,7,2,3,5,3,1,1,0,0,0,0,0,5.46773E+20,5.93639E+21,9.70637E+15,5.35743E+16
119277,1.17072E+18,1,0,56,18,2017,7,9,2,3,0,7,1,1,0,0,0,0,0,5.55739E+20,5.94125E+21,9.84263E+15,5.36171E+16
119278,1.17072E+18,1,0,55,21,2017,7,9,2,3,4,6,0,1,0,0,0,0,0,6.28024E+20,6.02624E+21,1.09706E+16,5.43678E+16
119279,1.17072E+18,1,0,55,28,2017,7,8,2,3,1,5,0,1,0,0,0,0,0,6.01504E+20,6.00346E+21,1.05549E+16,5.41691E+16
119280,1.17072E+18,1,0,55,42,2017,7,15,2,3,0,1,1,0,0,0,0,0,0,6.16091E+20,5.98462E+21,1.0771E+16,5.39968E+16
119281,1.17072E+18,1,0,3,0,2017,7,17,2,3,5,3,1,1,0,0,0,0,0,6.11835E+20,5.96656E+21,1.06995E+16,5.38355E+16
119282,1.17072E+18,1,0,2,0,2017,7,8,2,3,2,2,0,1,0,0,0,0,0,5.74182E+20,6.01874E+21,1.01402E+16,5.43112E+16
119283,1.17072E+18,1,0,57,50,2017,7,17,2,2,4,6,0,1,0,0,1,0,0,5.90712E+20,6.01431E+21,1.03929E+16,5.42687E+16
119284,1.17072E+18,1,0,60,80,2017,7,15,1,2,6,7,0,1,1,0,0,0,1,5.87367E+20,5.99435E+21,1.03358E+16,5.40899E+16
119285,1.17072E+18,1,0,60,5,2017,7,13,1,3,0,1,1,1,0,0,0,0,1,5.86134E+20,5.97722E+21,1.03121E+16,5.39362E+16
119286,1.17072E+18,1,0,62,76,2017,7,19,1,3,8,3,0,1,0,0,0,0,1,5.69937E+20,5.95269E+21,1.00598E+16,5.37182E+16
119287,1.17072E+18,1,0,58,118,2017,7,4,1,3,9,7,0,1,0,0,0,2,1,5.40485E+20,6.01412E+21,9.6217E+15,5.42734E+16
119288,1.17072E+18,1,0,54,113,2017,7,14,1,3,0,7,1,0,0,0,0,0,0,4.75927E+20,6.0177E+21,8.63003E+15,5.43066E+16
119289,1.17072E+18,1,0,61,50,2017,7,12,7,2,5,3,1,0,0,0,0,0,1,5.40318E+20,5.9594E+21,9.61188E+15,5.37816E+16
119290,1.17072E+18,1,0,61,46,2017,7,17,7,3,5,3,0,1,0,0,0,0,0,5.32437E+20,5.97836E+21,9.49429E+15,5.39526E+16
119291,1.17072E+18,1,0,60,39,2017,7,11,7,3,5,3,0,1,0,0,0,0,1,5.64946E+20,5.9585E+21,9.98541E+15,5.37711E+16
119292,1.17072E+18,1,0,62,22,2017,7,5,7,3,5,3,0,1,0,0,0,0,0,5.85535E+20,5.94135E+21,1.0293E+16,5.3614E+16
119293,1.17072E+18,1,0,53,90,2017,7,15,7,3,5,3,0,1,0,0,0,0,1,6.11592E+20,5.94324E+21,1.06874E+16,5.36261E+16
119294,1.17072E+18,1,0,3,0,2017,7,17,7,3,4,6,1,0,0,0,0,0,1,6.10432E+20,5.96938E+21,1.06792E+16,5.38612E+16
119295,1.17072E+18,1,0,3,0,2017,7,1,7,3,1,6,1,1,0,0,0,2,0,6.10921E+20,5.96961E+21,1.06867E+16,5.38632E+16
119296,1.17072E+18,1,0,61,46,2017,7,11,6,3,3,6,1,1,0,0,0,0,0,5.34037E+20,5.97559E+21,9.51836E+15,5.39276E+16
119297,1.17072E+18,1,0,51,137,2017,7,13,6,3,6,5,0,1,1,0,0,0,0,5.03294E+20,5.99473E+21,9.05038E+15,5.41007E+16
119298,1.17072E+18,1,0,61,29,2017,7,17,6,2,0,1,1,0,0,0,0,0,0,5.27486E+20,5.95976E+21,9.41718E+15,5.37857E+16
119299,1.17072E+18,1,0,51,69,2017,7,15,6,3,1,5,0,1,0,0,0,0,0,5.05282E+20,6.00483E+21,9.08096E+15,5.41915E+16
119300,1.17072E+18,1,0,60,63,2017,7,14,6,3,5,3,0,1,0,0,0,0,0,5.659E+20,5.95272E+21,9.99865E+15,5.3719E+16
119301,1.17072E+18,1,0,56,15,2017,7,10,6,3,5,3,1,1,0,0,0,0,0,5.42863E+20,5.95629E+21,9.65007E+15,5.37534E+16
119302,1.17072E+18,1,0,60,63,2017,7,23,6,3,0,7,1,0,0,0,0,2,0,5.65736E+20,5.95225E+21,9.99607E+15,5.37148E+16
119303,1.17072E+18,1,0,56,39,2017,7,21,6,3,2,6,0,1,0,1,0,2,0,5.51557E+20,5.94404E+21,9.77988E+15,5.36426E+16
119304,1.17072E+18,1,0,60,39,2017,7,22,6,3,0,7,1,0,0,0,0,2,0,5.64407E+20,5.96224E+21,9.97801E+15,5.38047E+16
119305,1.17072E+18,1,0,3,0,2017,7,16,6,3,6,4,0,1,1,0,0,0,0,6.11089E+20,5.9699E+21,1.06894E+16,5.38657E+16
119306,1.17072E+18,1,0,3,0,2017,7,12,6,3,5,3,0,1,0,0,1,0,0,6.1348E+20,5.97314E+21,1.07269E+16,5.38943E+16
119307,1.17072E+18,1,0,55,46,2017,7,11,6,3,6,4,0,1,1,0,0,0,0,6.4232E+20,6.0344E+21,1.11944E+16,5.44374E+16
119308,1.17072E+18,1,0,55,16,2017,7,20,6,3,0,1,1,0,0,0,0,0,0,6.28127E+20,6.0015E+21,1.09616E+16,5.41456E+16
119309,1.17072E+18,1,0,55,1,2017,7,16,6,3,0,1,1,0,0,0,0,0,0,6.02926E+20,5.98569E+21,1.05706E+16,5.40092E+16
119310,1.17072E+18,1,0,58,4,2017,7,5,6,3,8,7,0,1,0,0,0,0,0,5.60269E+20,6.03455E+21,9.92962E+15,5.44551E+16
119311,1.17072E+18,1,0,58,29,2017,7,15,6,2,6,7,0,1,1,0,0,0,0,5.33821E+20,6.00621E+21,9.51849E+15,5.42028E+16
119312,1.17072E+18,1,0,58,43,2017,7,17,6,3,0,7,1,0,0,0,0,0,0,5.54885E+20,6.03754E+21,9.84714E+15,5.44825E+16
119313,1.17072E+18,1,0,58,34,2017,7,17,6,3,0,7,1,0,0,0,0,0,0,5.44655E+20,6.01925E+21,9.6865E+15,5.43191E+16
119314,1.17072E+18,1,0,57,62,2017,7,16,6,3,2,6,0,1,0,1,0,0,0,5.84049E+20,6.01163E+21,1.02899E+16,5.42457E+16
119315,1.17072E+18,1,0,54,56,2017,7,21,6,3,5,3,1,1,0,0,0,1,0,5.03565E+20,6.03655E+21,9.05501E+15,5.44766E+16
119316,1.17072E+18,1,0,59,120,2017,7,15,6,3,5,3,1,1,0,0,0,0,0,5.26913E+20,6.07562E+21,9.41893E+15,5.4827E+16
119317,1.17072E+18,1,0,59,112,2017,7,23,6,2,7,7,1,0,0,0,0,2,0,5.57659E+20,6.06669E+21,9.89568E+15,5.47441E+16
119318,1.17072E+18,1,0,54,19,2017,7,12,6,3,5,3,1,1,0,0,0,0,0,4.97321E+20,6.05312E+21,8.9585E+15,5.46255E+16
119319,1.17072E+18,1,0,1,0,2017,7,17,6,3,6,4,0,1,1,0,0,0,0,5.28517E+20,6.07047E+21,9.44338E+15,5.47806E+16
119320,1.17072E+18,1,0,53,90,2017,7,9,5,3,3,6,0,1,0,1,0,0,0,6.12117E+20,5.943E+21,1.06952E+16,5.36238E+16
119321,1.17072E+18,1,0,62,4,2017,7,8,5,3,0,7,1,0,0,0,0,0,0,5.90827E+20,5.96252E+21,1.03792E+16,5.38033E+16
119322,1.17072E+18,1,0,3,0,2017,7,15,5,3,5,3,1,1,0,0,0,0,0,6.13536E+20,5.96986E+21,1.07265E+16,5.38648E+16
119323,1.17072E+18,1,0,55,37,2017,7,22,5,2,8,1,0,0,0,1,0,2,1,6.24376E+20,5.99752E+21,1.09026E+16,5.41107E+16
119324,1.17072E+18,1,0,2,0,2017,7,19,5,3,4,6,1,1,0,0,0,0,0,5.75821E+20,6.03133E+21,1.01686E+16,5.4424E+16
119325,1.17072E+18,1,0,57,91,2017,7,11,5,3,5,3,1,1,0,0,0,0,0,5.8107E+20,6.01526E+21,1.02451E+16,5.42788E+16
119326,1.17072E+18,1,0,54,56,2017,7,11,5,3,5,2,0,1,0,0,1,0,0,5.0359E+20,6.03644E+21,9.0554E+15,5.44756E+16
119327,1.17072E+18,1,0,54,88,2017,7,18,5,2,6,7,0,1,1,0,0,0,0,4.8933E+20,6.0714E+21,8.83406E+15,5.47896E+16
119328,1.17072E+18,1,0,51,24,2017,7,6,4,3,1,1,0,1,0,0,0,0,0,5.08709E+20,5.97861E+21,9.13272E+15,5.39558E+16
119329,1.17072E+18,1,0,56,43,2017,7,5,4,3,1,2,1,1,0,0,0,1,0,5.56182E+20,5.94534E+21,9.85006E+15,5.36538E+16
119330,1.17072E+18,1,0,60,12,2017,7,11,4,3,5,3,1,0,0,0,1,0,0,5.80346E+20,5.99193E+21,1.02278E+16,5.40693E+16
119331,1.17072E+18,1,0,56,50,2017,7,11,4,3,0,1,1,0,0,0,0,0,0,5.46751E+20,5.93704E+21,9.70614E+15,5.35802E+16
119332,1.17072E+18,1,0,56,39,2017,7,11,4,2,5,3,1,1,0,0,0,0,0,5.53548E+20,5.94389E+21,9.80997E+15,5.36411E+16
119333,1.17072E+18,1,0,62,6,2017,7,8,4,3,0,7,0,1,0,0,1,0,0,5.83698E+20,5.95423E+21,1.02687E+16,5.373E+16
119334,1.17072E+18,1,0,62,6,2017,7,17,4,3,5,3,0,1,0,0,0,0,0,5.84308E+20,5.9536E+21,1.02778E+16,5.37243E+16
119335,1.17072E+18,1,0,62,6,2017,7,11,4,3,0,1,1,0,0,0,0,0,0,5.83339E+20,5.95391E+21,1.02632E+16,5.37272E+16
119336,1.17072E+18,1,0,53,129,2017,7,7,4,3,5,3,0,1,0,1,0,0,0,5.83408E+20,5.92764E+21,1.02572E+16,5.34911E+16
119337,1.17072E+18,1,0,55,44,2017,7,15,4,3,8,1,1,0,0,0,0,0,0,6.1171E+20,5.98938E+21,1.07059E+16,5.40406E+16
119338,1.17072E+18,1,0,55,32,2017,7,17,4,3,5,3,0,1,0,1,0,0,0,6.21223E+20,5.99526E+21,1.08535E+16,5.40912E+16