OBJECTID,UIDENTSTLA,ULAND,UREGBEZ,UKREIS,UGEMEINDE,UJAHR,UMONAT,USTUNDE,UWOCHENTAG,UKATEGORIE,UART,UTYP1,IstRad,IstPKW,IstFuss,IstKrad,IstSonstig,LICHT,STRZUSTAND,LINREFX,LINREFY,XGCSWGS84,YGCSWGS84
119512,1.1707E+18,1,0,51,44,2017,7,20,3,3,4,6,1,1,0,0,0,0,0,5.06442E+20,6.00523E+21,9.09874E+15,5.4195E+16
119513,1.1707E+18,1,0,56,15,2017,7,21,3,3,5,3,0,1,0,0,0,0,0,5.43098E+20,5.9568E+21,9.65371E+15,5.3758E+16
119514,1.1707E+18,1,0,56,23,2017,7,8,3,3,5,3,1,1,0,0,0,0,0,5.4335E+20,5.95061E+21,9.65666E+15,5.37024E+16
119515,1.1707E+18,1,0,56,49,2017,7,14,3,3,5,3,1,0,0,0,0,0,0,5.43943E+20,5.9492E+21,9.66545E+15,5.36896E+16
119516,1.1707E+18,1,0,60,4,2017,7,14,3,3,5,2,1,1,0,0,0,0,0,5.57941E+20,5.97484E+21,9.88222E+15,5.39187E+16
119517,1.1707E+18,1,0,62,1,2017,7,11,3,2,5,2,0,1,0,1,0,0,0,5.80632E+20,5.94779E+21,1.02206E+16,5.36726E+16
119518,1.1707E+18,1,0,3,0,2017,7,17,3,3,5,3,1,1,0,0,0,0,0,6.11259E+20,5.97126E+21,1.06925E+16,5.38778E+16
119519,1.1707E+18,1,0,55,46,2017,7,15,3,3,6,1,0,1,1,0,0,0,0,6.42426E+20,6.03454E+21,1.11961E+16,5.44386E+16
119520,1.1707E+18,1,0,54,56,2017,7,9,3,3,0,7,1,0,0,0,0,0,0,5.04101E+20,6.03763E+21,9.06331E+15,5.44862E+16
119521,1.1707E+18,1,0,59,159,2017,7,15,3,3,3,7,1,0,0,1,0,0,0,5.30336E+20,6.05497E+21,9.47006E+15,5.46413E+16
119522,1.17082E+18,1,0,55,32,2017,8,11,5,3,2,6,0,1,0,0,0,0,0,6.21746E+20,5.99644E+21,1.0862E+16,5.41017E+16
119523,1.17082E+18,1,0,55,21,2017,8,17,5,3,5,3,0,1,0,0,0,0,0,6.28462E+20,6.02623E+21,1.09774E+16,5.43676E+16
119524,1.17083E+18,1,0,59,75,2017,8,13,7,3,0,1,1,0,0,0,0,0,0,5.36523E+20,6.04108E+21,9.56419E+15,5.4516E+16
119525,1.17083E+18,1,0,51,11,2017,8,18,6,3,0,1,1,0,0,0,0,0,0,5.096E+20,5.97286E+21,9.14612E+15,5.39041E+16
119526,1.17083E+18,1,0,61,46,2017,8,6,6,3,2,6,0,1,0,0,1,0,1,5.31714E+20,5.9762E+21,9.48305E+15,5.39333E+16
119527,1.17083E+18,1,0,60,4,2017,8,14,6,3,5,2,1,1,0,0,0,0,0,5.57818E+20,5.97366E+21,9.88012E+15,5.39081E+16
119528,1.17083E+18,1,0,62,53,2017,8,10,6,3,0,1,1,0,0,0,0,0,0,5.78961E+20,5.9329E+21,1.01915E+16,5.35391E+16
119529,1.17083E+18,1,0,55,16,2017,8,18,6,3,0,5,1,1,0,0,0,0,0,6.28832E+20,6.00205E+21,1.09726E+16,5.41503E+16
119530,1.17083E+18,1,0,55,32,2017,8,12,6,3,5,3,1,1,0,0,0,0,0,6.17258E+20,5.99603E+21,1.07932E+16,5.40991E+16
119531,1.17083E+18,1,0,55,16,2017,8,21,6,3,6,4,0,1,1,0,0,2,0,6.26841E+20,6.00076E+21,1.09416E+16,5.41393E+16
119532,1.17083E+18,1,0,54,91,2017,8,13,6,3,0,1,1,0,0,0,0,0,0,4.92052E+20,6.03827E+21,8.87729E+15,5.4492E+16
119533,1.17083E+18,1,0,54,59,2017,8,10,6,3,5,3,1,1,0,0,0,0,0,5.08468E+20,6.05637E+21,9.13125E+15,5.46547E+16
119534,1.17083E+18,1,0,59,77,2017,8,15,6,3,5,3,1,1,0,0,0,0,0,5.30508E+20,6.04096E+21,9.47127E+15,5.45153E+16
119535,1.17083E+18,1,0,1,0,2017,8,14,6,3,5,2,1,0,0,1,0,0,0,5.27379E+20,6.07239E+21,9.42587E+15,5.47979E+16
119536,1.17082E+18,1,0,55,4,2017,8,16,5,3,5,2,1,0,0,0,1,0,0,6.10629E+20,5.97591E+21,1.06846E+16,5.39198E+16
119537,1.17082E+18,1,0,56,50,2017,8,12,5,3,3,2,1,0,0,0,1,0,0,5.47309E+20,5.93661E+21,9.7145E+15,5.35763E+16
119538,1.17082E+18,1,0,56,2,2017,8,18,5,3,6,2,0,1,1,0,0,0,0,5.5071E+20,5.96027E+21,9.76972E+15,5.37885E+16
119539,1.17082E+18,1,0,60,63,2017,8,10,5,3,0,7,1,0,0,0,0,0,0,5.64864E+20,5.94881E+21,9.98213E+15,5.3684E+16
119540,1.17082E+18,1,0,60,92,2017,8,18,5,3,5,3,1,1,0,0,0,0,0,5.79527E+20,5.97884E+21,1.02119E+16,5.39518E+16
119541,1.17082E+18,1,0,62,1,2017,8,12,5,3,0,2,1,1,0,0,0,0,0,5.81656E+20,5.94749E+21,1.0236E+16,5.36697E+16
119542,1.17082E+18,1,0,55,16,2017,8,16,5,3,4,2,0,1,0,0,0,0,0,6.27592E+20,6.00117E+21,1.09533E+16,5.41428E+16
119543,1.17082E+18,1,0,4,0,2017,8,8,5,3,5,3,1,1,0,0,0,0,0,5.65081E+20,5.98886E+21,9.99391E+15,5.40439E+16
119544,1.17082E+18,1,0,57,1,2017,8,17,5,2,5,2,0,1,0,1,0,0,0,5.87668E+20,6.0011E+21,1.03423E+16,5.41505E+16
119545,1.17082E+18,1,0,54,168,2017,8,11,5,3,6,6,0,1,1,0,0,0,0,4.55367E+20,6.08505E+21,8.30381E+15,5.49105E+16
119546,1.17082E+18,1,0,54,85,2017,8,13,5,3,5,3,1,0,0,0,0,0,0,4.58251E+20,6.05661E+21,8.35288E+15,5.46552E+16
119547,1.17082E+18,1,0,61,49,2017,8,15,4,3,2,6,0,1,0,0,0,0,0,5.47233E+20,5.97845E+21,9.71975E+15,5.39522E+16
119548,1.17082E+18,1,0,53,32,2017,8,10,4,3,5,2,1,1,0,0,0,0,0,5.90818E+20,5.92182E+21,1.03672E+16,5.34376E+16
119549,1.17082E+18,1,0,62,4,2017,8,12,4,3,0,7,1,0,0,0,0,0,0,5.91216E+20,5.96367E+21,1.03854E+16,5.38136E+16
119550,1.17082E+18,1,0,55,12,2017,8,10,4,3,5,3,0,1,0,1,0,0,0,6.05084E+20,5.99982E+21,1.06084E+16,5.41357E+16
119551,1.17082E+18,1,0,55,44,2017,8,0,4,2,0,7,1,0,0,0,0,2,0,6.14694E+20,5.99061E+21,1.0752E+16,5.4051E+16
119552,1.17082E+18,1,0,2,0,2017,8,20,4,3,5,3,1,0,0,0,1,1,0,5.73687E+20,6.01926E+21,1.01328E+16,5.43159E+16
119553,1.17082E+18,1,0,54,85,2017,8,18,4,3,0,1,1,0,0,0,0,0,0,4.586E+20,6.05405E+21,8.35866E+15,5.46321E+16
119554,1.17082E+18,1,0,51,75,2017,8,19,3,3,8,1,0,1,0,0,0,0,0,5.02013E+20,6.00766E+21,9.03087E+15,5.4217E+16
119555,1.17082E+18,1,0,61,46,2017,8,6,3,3,5,2,0,1,0,0,0,0,0,5.32583E+20,5.97586E+21,9.49625E+15,5.39301E+16
119556,1.17082E+18,1,0,60,63,2017,8,15,3,3,0,3,0,1,0,0,1,0,0,5.67481E+20,5.95151E+21,1.00223E+16,5.37079E+16
119557,1.17082E+18,1,0,60,39,2017,8,11,3,3,4,6,1,0,0,0,0,0,0,5.65203E+20,5.95669E+21,9.98893E+15,5.37548E+16
119558,1.17082E+18,1,0,60,5,2017,8,12,3,3,0,1,1,0,0,0,0,0,0,5.85992E+20,5.97862E+21,1.03103E+16,5.39488E+16
119559,1.17082E+18,1,0,55,12,2017,8,11,3,3,0,7,1,0,0,0,0,0,0,6.05519E+20,5.99954E+21,1.0615E+16,5.41331E+16
119560,1.17082E+18,1,0,55,12,2017,8,17,3,3,3,6,1,0,0,0,0,0,0,6.05864E+20,5.99915E+21,1.06201E+16,5.41296E+16
119561,1.17082E+18,1,0,2,0,2017,8,7,3,3,5,3,1,1,0,0,0,0,0,5.71606E+20,6.01876E+21,1.01007E+16,5.43117E+16
119562,1.17082E+18,1,0,2,0,2017,8,19,3,3,2,6,0,1,0,0,1,0,0,5.78606E+20,6.02042E+21,1.02087E+16,5.43256E+16
119563,1.17082E+18,1,0,2,0,2017,8,16,3,3,6,4,0,1,1,0,0,0,0,5.73053E+20,6.01918E+21,1.0123E+16,5.43153E+16
119564,1.17082E+18,1,0,54,88,2017,8,18,3,2,9,7,0,0,0,1,0,0,0,4.88775E+20,6.07117E+21,8.82545E+15,5.47876E+16
119565,1.17082E+18,1,0,54,149,2017,8,11,3,3,0,7,1,0,0,0,0,0,0,4.56989E+20,6.08826E+21,8.32864E+15,5.49394E+16
119566,1.17082E+18,1,0,56,43,2017,8,22,2,2,5,3,0,1,0,0,0,2,0,5.55658E+20,5.9443E+21,9.84195E+15,5.36445E+16
119567,1.17082E+18,1,0,60,5,2017,8,6,2,3,5,3,1,1,0,0,0,0,1,5.85908E+20,5.97688E+21,1.03085E+16,5.39332E+16
119568,1.17082E+18,1,0,56,15,2017,8,18,2,3,5,3,1,1,0,0,0,0,0,5.42927E+20,5.95616E+21,9.65102E+15,5.37523E+16
119569,1.17082E+18,1,0,60,39,2017,8,14,2,3,5,3,1,1,0,0,0,0,0,5.64321E+20,5.96102E+21,9.97646E+15,5.37938E+16
119570,1.17082E+18,1,0,62,1,2017,8,14,2,3,5,2,1,1,0,0,0,0,1,5.81703E+20,5.94812E+21,1.02369E+16,5.36754E+16
119571,1.17082E+18,1,0,55,40,2017,8,7,2,3,5,3,1,1,0,0,0,0,0,6.08633E+20,5.97206E+21,1.06528E+16,5.38856E+16
119572,1.17082E+18,1,0,4,0,2017,8,19,2,3,0,7,0,0,0,1,0,0,0,5.64565E+20,5.98806E+21,9.98587E+15,5.40368E+16
119573,1.17082E+18,1,0,58,22,2017,8,10,2,3,6,7,1,0,0,0,1,0,0,5.68036E+20,6.00326E+21,1.00423E+16,5.41729E+16
119574,1.17082E+18,1,0,2,0,2017,8,18,2,2,5,3,0,1,0,0,0,0,0,5.7347E+20,6.02052E+21,1.01297E+16,5.43272E+16
119575,1.17082E+18,1,0,54,56,2017,8,10,2,3,5,3,0,1,0,0,1,0,0,5.00084E+20,6.04068E+21,9.0013E+15,5.45137E+16
119576,1.17082E+18,1,0,59,120,2017,8,17,2,2,6,4,0,1,1,0,0,0,0,5.25019E+20,6.07317E+21,9.38923E+15,5.48051E+16
119577,1.17082E+18,1,0,54,113,2017,8,14,2,3,0,1,1,0,0,0,0,0,0,4.74143E+20,6.0199E+21,8.60243E+15,5.43263E+16
119578,1.17082E+18,1,0,61,46,2017,8,17,1,3,5,3,0,1,0,0,0,0,1,5.33715E+20,5.97592E+21,9.5135E+15,5.39306E+16
119579,1.17082E+18,1,0,51,13,2017,8,9,1,3,0,1,1,0,0,0,0,0,1,4.90171E+20,5.99886E+21,8.84955E+15,5.41378E+16
119580,1.17082E+18,1,0,56,18,2017,8,10,1,3,2,2,0,1,0,1,0,0,0,5.5359E+20,5.94153E+21,9.8102E+15,5.36198E+16
119581,1.17082E+18,1,0,58,117,2017,8,13,1,3,6,6,1,0,1,0,0,0,0,5.56068E+20,6.00236E+21,9.85879E+15,5.41663E+16
119582,1.17082E+18,1,0,2,0,2017,8,16,1,3,0,7,1,0,0,0,0,0,0,5.7563E+20,6.02865E+21,1.0165E+16,5.44E+16
119583,1.17082E+18,1,0,57,70,2017,8,17,1,3,8,7,0,1,0,0,0,0,0,5.85017E+20,6.00964E+21,1.03041E+16,5.42277E+16
119584,1.17082E+18,1,0,57,80,2017,8,21,1,2,0,1,0,0,0,1,0,2,1,5.80491E+20,6.00074E+21,1.02324E+16,5.41485E+16
119585,1.17082E+18,1,0,2,0,2017,8,8,1,3,6,4,0,1,1,0,0,0,0,5.73662E+20,6.01927E+21,1.01324E+16,5.4316E+16
119586,1.17082E+18,1,0,54,78,2017,8,15,1,3,0,7,1,0,0,0,0,0,0,4.62765E+20,6.09608E+21,8.41776E+15,5.50102E+16
119587,1.17082E+18,1,0,54,168,2017,8,16,1,3,0,7,0,0,0,1,0,0,0,4.55577E+20,6.0856E+21,8.307E+15,5.49154E+16
119588,1.17082E+18,1,0,60,39,2017,8,5,7,3,9,7,0,1,0,0,0,0,1,5.657E+20,5.95679E+21,9.99649E+15,5.37556E+16
119589,1.17082E+18,1,0,62,6,2017,8,9,7,3,6,7,0,1,1,0,0,0,0,5.83518E+20,5.95413E+21,1.0266E+16,5.37291E+16
119590,1.17082E+18,1,0,55,2,2017,8,10,7,2,9,1,0,1,0,0,0,0,0,6.15389E+20,6.00069E+21,1.07664E+16,5.41413E+16
119591,1.17082E+18,1,0,3,0,2017,8,20,7,3,6,4,0,1,1,0,0,1,0,6.1091E+20,5.96989E+21,1.06867E+16,5.38656E+16
119592,1.17082E+18,1,0,3,0,2017,8,11,7,3,0,7,0,1,1,0,0,0,0,6.22237E+20,5.98034E+21,1.0863E+16,5.39569E+16
119593,1.17082E+18,1,0,3,0,2017,8,11,7,3,5,3,1,1,0,0,0,0,0,6.13211E+20,5.96995E+21,1.07216E+16,5.38657E+16
119594,1.17082E+18,1,0,58,43,2017,8,18,7,3,5,3,1,0,0,0,0,0,0,5.54376E+20,6.03649E+21,9.8391E+15,5.44731E+16
119595,1.17082E+18,1,0,2,0,2017,8,17,7,3,6,2,0,1,1,0,0,0,1,5.73468E+20,6.01989E+21,1.01296E+16,5.43216E+16
119596,1.17082E+18,1,0,2,0,2017,8,23,7,3,3,6,1,1,0,0,0,2,1,5.75745E+20,6.03029E+21,1.01672E+16,5.44147E+16
119597,1.17082E+18,1,0,57,91,2017,8,18,7,3,5,3,1,1,0,0,0,0,1,5.79356E+20,6.01631E+21,1.02191E+16,5.42885E+16
119598,1.17082E+18,1,0,57,91,2017,8,23,7,3,2,6,0,1,0,0,0,2,1,5.79472E+20,6.01629E+21,1.02209E+16,5.42883E+16
119599,1.17082E+18,1,0,59,75,2017,8,12,7,3,8,1,1,0,0,0,0,0,0,5.36952E+20,6.04152E+21,9.57087E+15,5.45199E+16
119600,1.17082E+18,1,0,61,46,2017,8,19,6,3,5,3,0,1,0,0,0,1,1,5.34432E+20,5.97517E+21,9.52433E+15,5.39238E+16
119601,1.17082E+18,1,0,51,44,2017,8,17,6,3,0,5,1,1,0,0,0,0,0,5.06251E+20,6.00552E+21,9.09581E+15,5.41977E+16
119602,1.17082E+18,1,0,56,50,2017,8,20,6,3,6,4,0,1,1,0,0,0,1,5.47593E+20,5.93613E+21,9.71871E+15,5.35718E+16
119603,1.17082E+18,1,0,60,63,2017,8,22,6,3,2,6,0,1,0,0,0,2,1,5.65932E+20,5.94869E+21,9.99828E+15,5.36827E+16
119604,1.17082E+18,1,0,56,44,2017,8,21,6,3,0,7,1,0,0,0,0,2,1,5.55784E+20,5.93997E+21,9.84308E+15,5.36056E+16
119605,1.17082E+18,1,0,62,60,2017,8,14,6,3,2,6,0,1,0,0,0,0,0,5.8165E+20,5.93118E+21,1.02316E+16,5.35232E+16
119606,1.17082E+18,1,0,3,0,2017,8,16,6,3,5,3,1,1,0,0,0,0,1,6.12357E+20,5.9725E+21,1.07096E+16,5.38887E+16
119607,1.17082E+18,1,0,54,56,2017,8,5,6,3,1,5,0,1,0,0,0,1,0,5.02983E+20,6.03669E+21,9.04604E+15,5.44778E+16
119608,1.17082E+18,1,0,59,63,2017,8,9,6,3,0,7,1,0,1,0,0,0,0,5.49717E+20,6.05608E+21,9.77051E+15,5.46497E+16
119609,1.17082E+18,1,0,60,44,2017,8,16,5,2,8,1,0,0,0,1,0,0,1,5.62904E+20,5.96518E+21,9.95579E+15,5.38313E+16
119610,1.17082E+18,1,0,60,44,2017,8,11,5,3,6,6,1,0,1,0,0,0,1,5.6282E+20,5.9652E+21,9.95452E+15,5.38315E+16
119611,1.17082E+18,1,0,53,20,2017,8,15,5,3,0,4,0,0,1,1,0,0,0,6.07182E+20,5.92679E+21,1.06151E+16,5.34792E+16
119612,1.17082E+18,1,0,55,21,2017,8,11,5,3,0,3,0,1,0,1,0,0,0,6.29E+20,6.02669E+21,1.09858E+16,5.43716E+16
119613,1.17082E+18,1,0,3,0,2017,8,6,5,2,6,4,0,0,1,1,0,0,0,6.10848E+20,5.97267E+21,1.06867E+16,5.38906E+16
119614,1.17082E+18,1,0,55,27,2017,8,20,5,3,1,5,1,1,0,0,0,0,1,6.22526E+20,6.00879E+21,1.08789E+16,5.42125E+16
119615,1.17082E+18,1,0,2,0,2017,8,20,5,3,0,7,1,0,0,0,0,1,1,5.70453E+20,6.01768E+21,1.00827E+16,5.43021E+16
119616,1.17082E+18,1,0,57,73,2017,8,17,5,3,5,3,1,1,0,0,0,0,1,5.89178E+20,6.02789E+21,1.03734E+16,5.4391E+16
119617,1.17082E+18,1,0,57,91,2017,8,12,5,3,5,3,1,1,0,0,0,0,0,5.80585E+20,6.01557E+21,1.02378E+16,5.42817E+16
119618,1.17082E+18,1,0,54,56,2017,8,17,5,3,0,7,1,0,0,0,0,0,1,5.03622E+20,6.03705E+21,9.0559E+15,5.44811E+16
119619,1.17082E+18,1,0,54,88,2017,8,12,5,3,0,1,1,0,0,0,0,0,0,4.89233E+20,6.07153E+21,8.83254E+15,5.47909E+16
119620,1.17082E+18,1,0,54,164,2017,8,10,5,3,8,1,1,0,0,0,0,0,0,4.72142E+20,6.06059E+21,8.56781E+15,5.46918E+16
119621,1.17082E+18,1,0,62,76,2017,8,6,4,3,5,3,0,1,0,0,0,0,1,5.69985E+20,5.95364E+21,1.00608E+16,5.37267E+16
119622,1.17082E+18,1,0,3,0,2017,8,11,4,3,8,2,1,1,0,0,0,0,0,6.12489E+20,5.97263E+21,1.07117E+16,5.38899E+16
119623,1.17082E+18,1,0,3,0,2017,8,15,4,3,5,3,1,1,0,0,0,0,0,6.08037E+20,5.96451E+21,1.06411E+16,5.38179E+16
119624,1.17082E+18,1,0,55,21,2017,8,12,4,2,3,6,0,0,0,0,1,0,0,6.2879E+20,6.027E+21,1.09827E+16,5.43745E+16
119625,1.17082E+18,1,0,55,16,2017,8,22,4,3,0,7,1,0,0,0,0,2,0,6.30007E+20,6.00275E+21,1.09909E+16,5.41564E+16
119626,1.17082E+18,1,0,55,33,2017,8,21,4,2,0,1,1,0,0,0,0,2,0,6.22946E+20,6.0176E+21,1.0889E+16,5.42915E+16
119627,1.17082E+18,1,0,54,168,2017,8,18,4,3,5,2,1,1,0,0,0,0,0,4.55174E+20,6.0825E+21,8.3012E+15,5.48876E+16
119628,1.17082E+18,1,0,61,46,2017,8,17,3,3,4,6,1,1,0,0,0,0,0,5.33766E+20,5.97482E+21,9.51415E+15,5.39207E+16
119629,1.17082E+18,1,0,60,5,2017,8,7,3,3,2,7,0,1,0,0,1,0,0,5.84729E+20,5.97668E+21,1.02905E+16,5.39316E+16
119630,1.17082E+18,1,0,56,41,2017,8,10,3,3,5,3,0,1,0,0,0,0,0,5.59602E+20,5.95404E+21,9.90348E+15,5.37316E+16
119631,1.17082E+18,1,0,3,0,2017,8,16,3,3,0,1,1,0,0,0,0,0,0,6.10469E+20,5.97033E+21,1.06801E+16,5.38697E+16
119632,1.17082E+18,1,0,55,46,2017,8,18,3,3,6,4,0,1,1,0,0,0,0,6.4256E+20,6.03401E+21,1.11979E+16,5.44338E+16
119633,1.17082E+18,1,0,2,0,2017,8,16,3,3,5,3,0,1,0,1,0,0,0,5.76941E+20,6.02043E+21,1.01831E+16,5.43259E+16
119634,1.17082E+18,1,0,57,57,2017,8,12,3,3,0,1,1,0,0,0,0,0,0,5.92862E+20,6.00224E+21,1.04222E+16,5.41599E+16
119635,1.17082E+18,1,0,59,75,2017,8,16,3,3,5,3,1,1,0,0,0,0,0,5.35903E+20,6.04193E+21,9.55472E+15,5.45237E+16
119636,1.17082E+18,1,0,54,149,2017,8,17,3,3,5,3,1,1,0,0,0,0,0,4.56598E+20,6.08779E+21,8.3226E+15,5.49352E+16
119637,1.17082E+18,1,0,54,56,2017,8,16,3,3,5,3,1,1,0,0,0,0,0,5.0456E+20,6.03851E+21,9.0704E+15,5.44942E+16
119638,1.17082E+18,1,0,54,149,2017,8,15,3,2,8,1,1,0,0,0,0,0,0,4.5623E+20,6.08795E+21,8.31683E+15,5.49366E+16
119639,1.17081E+18,1,0,60,5,2017,8,14,2,3,1,5,0,1,0,0,1,0,0,5.87293E+20,5.97678E+21,1.03296E+16,5.39321E+16
119640,1.17081E+18,1,0,62,60,2017,8,14,2,2,9,1,0,1,0,0,0,0,0,5.84325E+20,5.93376E+21,1.02727E+16,5.3546E+16
119641,1.17081E+18,1,0,55,44,2017,8,13,2,3,5,3,1,1,0,0,0,0,0,6.1489E+20,5.988E+21,1.0754E+16,5.40274E+16
119642,1.17081E+18,1,0,3,0,2017,8,17,2,2,5,3,1,1,0,0,0,0,0,6.11275E+20,5.971E+21,1.06926E+16,5.38756E+16
119643,1.17081E+18,1,0,4,0,2017,8,18,2,2,5,2,1,1,0,0,0,0,0,5.65054E+20,5.99067E+21,9.99389E+15,5.40601E+16
119644,1.17081E+18,1,0,57,78,2017,8,1,2,2,9,1,0,1,0,0,0,2,0,5.92065E+20,6.02783E+21,1.04178E+16,5.43899E+16
119645,1.17081E+18,1,0,54,88,2017,8,17,2,3,0,7,1,0,0,0,0,0,0,4.88237E+20,6.07091E+21,8.81709E+15,5.47853E+16
119646,1.17081E+18,1,0,54,168,2017,8,9,2,3,5,3,0,1,0,1,0,0,0,4.59611E+20,6.08272E+21,8.37033E+15,5.48899E+16
119647,1.17081E+18,1,0,54,113,2017,8,18,2,3,5,3,1,1,0,0,0,0,0,4.76163E+20,6.01777E+21,8.63365E+15,5.43072E+16
119648,1.17081E+18,1,0,61,78,2017,8,18,1,3,5,3,0,1,0,1,0,0,0,5.25409E+20,5.98212E+21,9.38751E+15,5.39868E+16
119649,1.17081E+18,1,0,60,5,2017,8,14,1,3,5,3,1,1,0,0,0,0,0,5.85258E+20,5.97773E+21,1.02989E+16,5.39409E+16
119650,1.17081E+18,1,0,51,127,2017,8,17,7,3,1,1,0,1,0,0,0,0,1,4.95242E+20,6.00661E+21,8.92706E+15,5.42075E+16
119651,1.17081E+18,1,0,51,129,2017,8,17,7,3,6,4,0,1,1,0,0,0,1,4.89972E+20,6.01283E+21,8.84605E+15,5.42633E+16
119652,1.17081E+18,1,0,3,0,2017,8,12,7,3,5,3,1,1,0,0,0,0,0,6.18528E+20,5.97509E+21,1.08045E+16,5.39107E+16
119653,1.17081E+18,1,0,58,58,2017,8,12,7,3,6,4,0,1,1,0,0,0,1,5.63239E+20,6.02951E+21,9.97435E+15,5.44094E+16
119654,1.17081E+18,1,0,54,168,2017,8,15,7,3,5,3,1,1,0,0,0,0,0,4.5557E+20,6.08443E+21,8.30707E+15,5.49049E+16
119655,1.17081E+18,1,0,56,15,2017,8,15,6,3,2,6,0,1,0,0,0,0,1,5.44183E+20,5.95624E+21,9.67008E+15,5.37529E+16
119656,1.17081E+18,1,0,53,83,2017,8,15,6,3,8,7,1,0,0,0,0,0,1,6.03149E+20,5.91463E+21,1.05504E+16,5.33707E+16
119657,1.17081E+18,1,0,62,94,2017,8,11,6,3,0,1,0,0,0,1,0,0,1,5.99301E+20,5.96562E+21,1.05088E+16,5.38296E+16
119658,1.17081E+18,1,0,62,4,2017,8,19,6,3,0,1,1,0,0,0,0,0,1,5.91156E+20,5.96357E+21,1.03845E+16,5.38127E+16
119659,1.17081E+18,1,0,3,0,2017,8,14,6,3,2,7,0,1,0,0,0,0,1,6.07922E+20,5.96891E+21,1.06409E+16,5.38574E+16
119660,1.17081E+18,1,0,55,35,2017,8,14,6,3,0,1,0,0,0,1,0,0,1,6.14231E+20,5.97628E+21,1.07395E+16,5.39223E+16
119661,1.17081E+18,1,0,55,16,2017,8,18,6,2,5,2,1,0,0,0,0,0,0,6.28629E+20,6.00214E+21,1.09696E+16,5.41513E+16
119662,1.17081E+18,1,0,55,16,2017,8,20,6,3,0,7,1,0,0,0,0,1,0,6.28329E+20,6.00161E+21,1.09648E+16,5.41466E+16
119663,1.17081E+18,1,0,58,135,2017,8,12,6,3,0,7,1,0,0,0,0,0,0,5.44145E+20,6.01722E+21,9.67837E+15,5.4301E+16
119664,1.17081E+18,1,0,4,0,2017,8,11,6,3,5,2,0,1,0,0,0,0,1,5.64196E+20,5.99202E+21,9.98107E+15,5.40724E+16
119665,1.17081E+18,1,0,57,78,2017,8,11,6,3,2,6,0,1,0,0,0,0,0,5.92243E+20,6.02709E+21,1.04204E+16,5.43833E+16
119666,1.17081E+18,1,0,54,168,2017,8,12,6,3,6,6,0,1,1,0,0,0,0,4.59554E+20,6.08321E+21,8.36936E+15,5.48943E+16
119667,1.17081E+18,1,0,54,149,2017,8,15,6,3,5,3,1,1,0,0,0,0,0,4.57103E+20,6.08784E+21,8.33047E+15,5.49357E+16
119668,1.17081E+18,1,0,54,33,2017,8,6,6,3,5,3,1,1,0,0,0,0,0,5.06173E+20,6.0251E+21,9.09502E+15,5.43736E+16
119669,1.17081E+18,1,0,54,19,2017,8,12,6,3,5,3,0,1,0,0,0,0,0,4.97194E+20,6.05352E+21,8.95653E+15,5.46291E+16
119670,1.17081E+18,1,0,51,44,2017,8,17,5,3,5,3,1,1,0,0,0,0,0,5.05465E+20,6.00488E+21,9.08376E+15,5.41919E+16
119671,1.17081E+18,1,0,51,44,2017,8,8,5,3,5,3,1,0,0,0,0,0,0,5.06015E+20,6.00431E+21,9.09217E+15,5.41868E+16
119672,1.17081E+18,1,0,62,60,2017,8,15,5,3,5,3,0,1,0,1,0,0,0,5.82547E+20,5.93461E+21,1.0246E+16,5.35538E+16
119673,1.17081E+18,1,0,53,100,2017,8,16,5,3,5,3,1,1,0,0,0,0,0,6.15054E+20,5.95175E+21,1.07429E+16,5.37017E+16
119674,1.17081E+18,1,0,62,90,2017,8,10,5,3,5,3,1,1,0,0,0,0,0,5.79937E+20,5.9501E+21,1.02106E+16,5.36935E+16
119675,1.17081E+18,1,0,55,12,2017,8,15,5,3,3,6,1,0,0,0,0,0,0,6.0489E+20,6.00203E+21,1.06062E+16,5.41556E+16
119676,1.17081E+18,1,0,55,7,2017,8,10,5,2,2,6,1,0,0,0,0,0,0,5.9368E+20,5.99658E+21,1.04329E+16,5.41089E+16
119677,1.17081E+18,1,0,57,73,2017,8,19,5,3,3,6,1,0,0,0,0,0,0,5.89074E+20,6.02813E+21,1.03719E+16,5.43932E+16
119678,1.17081E+18,1,0,2,0,2017,8,15,5,3,6,7,1,0,1,0,0,0,0,5.74617E+20,6.01881E+21,1.01469E+16,5.43117E+16
119679,1.17081E+18,1,0,54,168,2017,8,10,5,3,8,7,1,0,0,0,0,0,0,4.60214E+20,6.08293E+21,8.3797E+15,5.48918E+16
119680,1.17081E+18,1,0,54,168,2017,8,11,5,3,5,3,1,1,0,0,0,0,0,4.55758E+20,6.0851E+21,8.30989E+15,5.49109E+16
119681,1.17081E+18,1,0,54,88,2017,8,11,5,3,4,6,1,0,0,0,0,0,0,4.89236E+20,6.07144E+21,8.8326E+15,5.479E+16
119682,1.17081E+18,1,0,60,53,2017,8,21,4,3,8,1,0,1,0,0,0,2,1,5.82644E+20,5.96946E+21,1.02568E+16,5.3867E+16
119683,1.17081E+18,1,0,56,39,2017,8,18,4,2,5,3,1,1,0,0,0,0,0,5.52061E+20,5.94651E+21,9.78792E+15,5.36647E+16