OBJECTID,UIDENTSTLA,ULAND,UREGBEZ,UKREIS,UGEMEINDE,UJAHR,UMONAT,USTUNDE,UWOCHENTAG,UKATEGORIE,UART,UTYP1,IstRad,IstPKW,IstFuss,IstKrad,IstSonstig,LICHT,STRZUSTAND,LINREFX,LINREFY,XGCSWGS84,YGCSWGS84
119684,1.17081E+18,1,0,62,9,2017,8,9,4,3,5,3,1,1,0,0,0,0,0,5.78687E+20,5.93699E+21,1.01884E+16,5.35759E+16
119685,1.17081E+18,1,0,53,32,2017,8,17,4,3,0,7,1,0,0,0,0,0,0,5.90274E+20,5.92303E+21,1.03593E+16,5.34485E+16
119686,1.17081E+18,1,0,55,42,2017,8,8,4,3,0,1,1,0,0,0,1,0,1,6.20318E+20,5.98405E+21,1.08352E+16,5.39907E+16
119687,1.17081E+18,1,0,58,22,2017,8,18,4,3,2,6,0,1,0,0,0,0,0,5.67793E+20,6.0033E+21,1.00386E+16,5.41733E+16
119688,1.17081E+18,1,0,58,135,2017,8,14,4,3,4,7,1,0,0,0,1,0,0,5.44632E+20,6.01711E+21,9.68583E+15,5.42999E+16
119689,1.17081E+18,1,0,58,43,2017,8,16,4,3,5,2,1,1,0,0,0,0,0,5.53989E+20,6.03664E+21,9.83315E+15,5.44746E+16
119690,1.17081E+18,1,0,2,0,2017,8,14,4,3,2,6,0,1,0,1,0,0,0,5.73886E+20,6.02025E+21,1.01361E+16,5.43248E+16
119691,1.17081E+18,1,0,61,29,2017,8,10,3,3,1,5,1,0,0,0,1,0,0,5.27869E+20,5.96026E+21,9.42304E+15,5.37902E+16
119692,1.17081E+18,1,0,56,15,2017,8,18,3,3,6,7,0,1,1,0,0,0,0,5.42688E+20,5.95468E+21,9.64719E+15,5.37391E+16
119693,1.17081E+18,1,0,3,0,2017,8,18,3,3,8,1,1,0,0,0,0,0,1,6.11474E+20,5.96967E+21,1.06951E+16,5.38636E+16
119694,1.17081E+18,1,0,3,0,2017,8,12,3,3,5,2,1,1,0,0,0,0,0,6.11613E+20,5.96817E+21,1.06967E+16,5.38501E+16
119695,1.17081E+18,1,0,2,0,2017,8,13,3,3,5,3,1,1,0,0,0,0,0,5.77368E+20,6.01709E+21,1.01888E+16,5.42959E+16
119696,1.17081E+18,1,0,54,94,2017,8,11,3,3,0,7,1,0,0,0,0,0,0,4.69913E+20,6.06246E+21,8.53304E+15,5.47086E+16
119697,1.17081E+18,1,0,51,13,2017,8,11,2,3,1,7,1,1,0,0,0,0,0,4.91203E+20,5.99839E+21,8.86536E+15,5.41335E+16
119698,1.17081E+18,1,0,61,7,2017,8,14,2,2,9,1,0,0,0,1,0,0,0,5.25223E+20,5.97053E+21,9.38371E+15,5.38827E+16
119699,1.17081E+18,1,0,56,18,2017,8,12,2,2,5,2,0,1,0,1,0,0,0,5.55304E+20,5.94247E+21,9.83627E+15,5.36281E+16
119700,1.17081E+18,1,0,3,0,2017,8,15,2,2,5,3,0,1,0,1,0,0,0,6.09266E+20,5.96923E+21,1.06614E+16,5.38601E+16
119701,1.17081E+18,1,0,55,32,2017,8,7,2,3,5,3,1,1,0,0,0,0,0,6.18249E+20,5.99673E+21,1.08086E+16,5.41051E+16
119702,1.17081E+18,1,0,55,12,2017,8,10,2,2,0,1,0,0,0,1,0,0,0,6.05499E+20,6.00017E+21,1.06149E+16,5.41388E+16
119703,1.17081E+18,1,0,3,0,2017,8,18,2,3,5,2,0,1,0,1,0,0,0,6.10974E+20,5.97213E+21,1.06884E+16,5.38857E+16
119704,1.17081E+18,1,0,55,40,2017,8,16,2,3,2,7,0,1,0,0,0,0,0,6.07818E+20,5.97241E+21,1.06405E+16,5.38889E+16
119705,1.17081E+18,1,0,4,0,2017,8,11,2,3,2,6,0,1,0,0,0,0,0,5.63938E+20,5.99053E+21,9.97681E+15,5.4059E+16
119706,1.17081E+18,1,0,58,34,2017,8,18,2,3,0,3,1,1,0,0,0,0,1,5.44394E+20,6.01895E+21,9.68245E+15,5.43165E+16
119707,1.17081E+18,1,0,59,45,2017,8,13,2,3,2,6,0,1,0,0,0,0,0,5.59489E+20,6.05738E+21,9.92221E+15,5.46602E+16
119708,1.17081E+18,1,0,54,56,2017,8,15,2,3,0,6,1,0,0,0,1,0,0,5.03646E+20,6.03675E+21,9.05627E+15,5.44783E+16
119709,1.17081E+18,1,0,1,0,2017,8,14,2,3,5,3,1,1,0,0,0,0,0,5.27489E+20,6.0732E+21,9.42766E+15,5.48052E+16
119710,1.17081E+18,1,0,60,63,2017,8,17,1,3,0,7,1,0,0,0,0,0,0,5.67124E+20,5.95172E+21,1.0017E+16,5.37099E+16
119711,1.17081E+18,1,0,56,50,2017,8,11,1,3,0,2,1,1,0,0,0,0,0,5.46661E+20,5.93588E+21,9.70461E+15,5.35697E+16
119712,1.17081E+18,1,0,56,35,2017,8,11,1,2,9,1,0,0,0,1,0,0,1,5.50959E+20,5.96607E+21,9.77447E+15,5.38407E+16
119713,1.17081E+18,1,0,62,1,2017,8,14,1,3,0,7,1,0,0,0,0,0,0,5.817E+20,5.94808E+21,1.02368E+16,5.36751E+16
119714,1.17081E+18,1,0,55,12,2017,8,11,1,3,2,6,0,1,0,0,1,0,0,6.05796E+20,5.99917E+21,1.06191E+16,5.41297E+16
119715,1.17081E+18,1,0,3,0,2017,8,16,1,3,1,7,0,1,0,1,0,0,0,6.12013E+20,5.96993E+21,1.07034E+16,5.38657E+16
119716,1.17081E+18,1,0,57,57,2017,8,12,1,3,5,3,1,0,0,0,0,0,0,5.96363E+20,6.00205E+21,1.04757E+16,5.41575E+16
119717,1.17081E+18,1,0,57,7,2017,8,0,1,2,5,3,1,1,0,0,0,2,0,6.06797E+20,6.01706E+21,1.06408E+16,5.42902E+16
119718,1.17081E+18,1,0,54,149,2017,8,10,1,3,0,7,1,0,0,0,0,0,0,4.56208E+20,6.08781E+21,8.3165E+15,5.49353E+16
119719,1.17081E+18,1,0,61,46,2017,8,17,7,3,5,3,0,1,0,0,0,0,0,5.32369E+20,5.97868E+21,9.49329E+15,5.39555E+16
119720,1.17081E+18,1,0,61,107,2017,8,13,7,3,6,6,0,0,1,0,1,0,0,5.24666E+20,5.98801E+21,9.37666E+15,5.40397E+16
119721,1.17081E+18,1,0,61,31,2017,8,7,7,2,0,7,0,0,0,1,0,0,0,5.22744E+20,5.98684E+21,9.34721E+15,5.40294E+16
119722,1.17081E+18,1,0,60,39,2017,8,13,7,3,0,7,0,0,0,1,0,0,0,5.64121E+20,5.96207E+21,9.97364E+15,5.38032E+16
119723,1.17081E+18,1,0,54,168,2017,8,5,7,3,5,3,0,1,0,0,0,0,1,4.5545E+20,6.08516E+21,8.30508E+15,5.49115E+16
119724,1.1708E+18,1,0,61,29,2017,8,11,6,3,6,4,0,1,1,0,0,0,0,5.27925E+20,5.95998E+21,9.42385E+15,5.37876E+16
119725,1.1708E+18,1,0,60,5,2017,8,11,6,2,5,2,1,1,0,0,0,0,0,5.86077E+20,5.97705E+21,1.03111E+16,5.39347E+16
119726,1.1708E+18,1,0,62,60,2017,8,13,6,3,8,7,0,1,0,0,0,0,0,5.83407E+20,5.92961E+21,1.02577E+16,5.35088E+16
119727,1.1708E+18,1,0,3,0,2017,8,7,6,3,4,3,0,1,0,1,0,0,0,6.23473E+20,5.9798E+21,1.08816E+16,5.39518E+16
119728,1.1708E+18,1,0,2,0,2017,8,16,6,3,1,5,1,1,0,0,0,0,0,5.77339E+20,6.01657E+21,1.01882E+16,5.42912E+16
119729,1.1708E+18,1,0,54,143,2017,8,11,6,3,0,7,1,0,0,0,0,0,0,4.61742E+20,6.06288E+21,8.40617E+15,5.47118E+16
119730,1.1708E+18,1,0,56,15,2017,8,21,5,3,4,2,1,1,0,0,0,2,0,5.43338E+20,5.95653E+21,9.65731E+15,5.37556E+16
119731,1.1708E+18,1,0,53,32,2017,8,4,5,3,0,7,1,0,0,0,0,2,1,5.91297E+20,5.92095E+21,1.03741E+16,5.34297E+16
119732,1.1708E+18,1,0,55,35,2017,8,14,5,3,5,3,1,1,0,0,0,0,0,6.16242E+20,5.97903E+21,1.07712E+16,5.39466E+16
119733,1.1708E+18,1,0,3,0,2017,8,15,5,3,5,3,0,1,0,0,0,0,0,6.13039E+20,5.97072E+21,1.07193E+16,5.38726E+16
119734,1.1708E+18,1,0,4,0,2017,8,17,5,2,0,7,1,0,0,0,0,0,0,5.6248E+20,5.99432E+21,9.95532E+15,5.40933E+16
119735,1.1708E+18,1,0,4,0,2017,8,22,5,3,6,4,0,1,1,0,0,2,0,5.64384E+20,5.9888E+21,9.98325E+15,5.40434E+16
119736,1.1708E+18,1,0,59,75,2017,8,5,5,3,5,3,0,1,0,0,0,1,1,5.36886E+20,6.04216E+21,9.56993E+15,5.45257E+16
119737,1.1708E+18,1,0,54,168,2017,8,23,5,3,0,1,1,0,0,0,0,2,1,4.59265E+20,6.08341E+21,8.36483E+15,5.4896E+16
119738,1.1708E+18,1,0,54,168,2017,8,16,5,3,1,5,1,1,0,0,0,0,0,4.55361E+20,6.08519E+21,8.30369E+15,5.49117E+16
119739,1.1708E+18,1,0,51,88,2017,8,15,4,3,0,7,1,0,0,0,0,0,0,5.19658E+20,6.01361E+21,9.30186E+15,5.427E+16
119740,1.1708E+18,1,0,51,127,2017,8,11,4,3,5,3,1,1,0,0,0,0,0,4.95018E+20,6.00739E+21,8.9236E+15,5.42145E+16
119741,1.1708E+18,1,0,56,43,2017,8,16,4,2,0,1,0,0,0,1,0,0,1,5.58121E+20,5.94266E+21,9.8789E+15,5.36295E+16
119742,1.1708E+18,1,0,56,50,2017,8,16,4,3,0,1,1,0,0,0,0,0,1,5.47439E+20,5.937E+21,9.71653E+15,5.35797E+16
119743,1.1708E+18,1,0,56,44,2017,8,18,4,3,6,1,1,0,1,0,0,0,0,5.55557E+20,5.9403E+21,9.83971E+15,5.36085E+16
119744,1.1708E+18,1,0,60,63,2017,8,16,4,3,5,3,0,1,0,0,0,0,0,5.654E+20,5.94687E+21,9.98983E+15,5.36665E+16
119745,1.1708E+18,1,0,56,15,2017,8,8,4,3,5,3,1,1,0,0,0,0,0,5.42543E+20,5.95654E+21,9.64525E+15,5.37558E+16
119746,1.1708E+18,1,0,60,39,2017,8,18,4,3,6,7,0,1,1,0,0,0,0,5.64564E+20,5.9617E+21,9.98029E+15,5.37999E+16
119747,1.1708E+18,1,0,62,78,2017,8,5,4,3,4,6,1,1,0,0,0,1,1,5.87475E+20,5.95039E+21,1.03249E+16,5.36949E+16
119748,1.1708E+18,1,0,55,4,2017,8,18,4,3,4,2,0,1,0,0,0,0,0,6.09621E+20,5.97479E+21,1.06688E+16,5.39099E+16
119749,1.1708E+18,1,0,55,40,2017,8,21,4,3,0,6,1,1,0,0,0,1,0,6.07667E+20,5.97214E+21,1.06381E+16,5.38865E+16
119750,1.1708E+18,1,0,3,0,2017,8,19,4,3,5,3,1,1,0,0,0,0,0,6.21656E+20,5.98192E+21,1.08548E+16,5.39713E+16
119751,1.1708E+18,1,0,2,0,2017,8,16,4,3,5,3,0,1,0,1,0,0,0,5.7587E+20,6.01905E+21,1.01663E+16,5.43137E+16
119752,1.1708E+18,1,0,54,149,2017,8,19,4,3,0,7,1,0,0,0,0,0,0,4.567E+20,6.08824E+21,8.32413E+15,5.49392E+16
119753,1.1708E+18,1,0,1,0,2017,8,15,4,3,0,7,1,0,0,0,0,0,0,5.28517E+20,6.07315E+21,9.44364E+15,5.48047E+16
119754,1.1708E+18,1,0,61,46,2017,8,11,3,3,6,4,0,1,1,0,0,0,0,5.33589E+20,5.9748E+21,9.51145E+15,5.39205E+16
119755,1.1708E+18,1,0,51,44,2017,8,5,3,2,5,3,0,1,0,1,0,0,0,5.05654E+20,6.00592E+21,9.08667E+15,5.42012E+16
119756,1.1708E+18,1,0,56,49,2017,8,14,3,3,0,2,0,0,0,0,1,0,0,5.45621E+20,5.94829E+21,9.69071E+15,5.36813E+16
119757,1.1708E+18,1,0,56,44,2017,8,21,3,2,8,1,0,0,0,1,0,2,1,5.55341E+20,5.93993E+21,9.83638E+15,5.36053E+16
119758,1.1708E+18,1,0,60,5,2017,8,18,3,2,8,7,0,0,0,1,0,0,1,5.85822E+20,5.97835E+21,1.03076E+16,5.39464E+16
119759,1.1708E+18,1,0,60,89,2017,8,16,3,3,5,3,1,1,0,0,0,0,0,5.79636E+20,5.98857E+21,1.02161E+16,5.40392E+16
119760,1.1708E+18,1,0,53,100,2017,8,10,3,3,2,6,0,1,0,0,0,0,0,6.17154E+20,5.95149E+21,1.07746E+16,5.36989E+16
119761,1.1708E+18,1,0,53,38,2017,8,5,3,2,9,1,0,1,0,0,0,1,0,6.02048E+20,5.96001E+21,1.05487E+16,5.37787E+16
119762,1.1708E+18,1,0,3,0,2017,8,18,3,3,5,7,1,1,0,0,0,0,0,6.10816E+20,5.96668E+21,1.06841E+16,5.38368E+16
119763,1.1708E+18,1,0,55,12,2017,8,9,3,3,5,3,0,1,0,1,0,0,1,6.05684E+20,5.99925E+21,1.06174E+16,5.41305E+16
119764,1.1708E+18,1,0,3,0,2017,8,10,3,2,6,1,0,1,1,0,0,0,0,6.10908E+20,5.97033E+21,1.06868E+16,5.38696E+16
119765,1.1708E+18,1,0,55,17,2017,8,11,3,3,5,2,1,1,0,0,0,0,0,6.35467E+20,6.02565E+21,1.10849E+16,5.43607E+16
119766,1.17073E+18,1,0,61,46,2017,7,13,2,3,5,3,1,1,0,0,0,0,0,5.32439E+20,5.97836E+21,9.49432E+15,5.39526E+16
119767,1.17073E+18,1,0,51,74,2017,7,16,2,3,3,6,1,0,0,0,0,0,0,5.00182E+20,5.99386E+21,9.00278E+15,5.40929E+16
119768,1.17073E+18,1,0,56,50,2017,7,6,2,3,4,2,0,1,0,0,0,0,0,5.47777E+20,5.93656E+21,9.72155E+15,5.35757E+16
119769,1.17073E+18,1,0,56,39,2017,7,12,2,3,5,3,1,1,0,0,0,0,0,5.52634E+20,5.94628E+21,9.79654E+15,5.36626E+16
119770,1.17073E+18,1,0,56,41,2017,7,11,2,2,0,7,1,0,0,0,0,0,0,5.59639E+20,5.95369E+21,9.90397E+15,5.37285E+16
119771,1.17073E+18,1,0,62,1,2017,7,9,2,3,5,2,0,1,0,0,0,0,0,5.82461E+20,5.94672E+21,1.0248E+16,5.36627E+16
119772,1.17073E+18,1,0,62,53,2017,7,18,2,2,5,3,1,0,0,1,0,0,0,5.77405E+20,5.93295E+21,1.0168E+16,5.35397E+16
119773,1.17073E+18,1,0,53,100,2017,7,18,2,3,0,7,1,0,0,0,0,0,0,6.18724E+20,5.95114E+21,1.07982E+16,5.36955E+16
119774,1.17073E+18,1,0,62,6,2017,7,14,2,3,0,7,0,0,0,1,0,0,0,5.83255E+20,5.95417E+21,1.0262E+16,5.37295E+16
119775,1.17073E+18,1,0,53,90,2017,7,16,2,3,6,7,0,0,1,0,1,0,0,6.11764E+20,5.94358E+21,1.06901E+16,5.3629E+16
119776,1.17073E+18,1,0,55,16,2017,7,14,2,3,0,7,1,0,0,0,0,0,0,6.27754E+20,6.00132E+21,1.09559E+16,5.41441E+16
119777,1.17073E+18,1,0,59,123,2017,7,20,2,3,7,7,1,0,0,0,1,0,0,5.05103E+20,6.0634E+21,9.07922E+15,5.47179E+16
119778,1.17073E+18,1,0,54,164,2017,7,13,2,3,6,7,1,0,1,0,0,0,0,4.72345E+20,6.06034E+21,8.57098E+15,5.46896E+16
119779,1.17073E+18,1,0,59,45,2017,7,14,2,3,5,3,1,1,0,0,0,0,0,5.59841E+20,6.05666E+21,9.92753E+15,5.46538E+16
119780,1.17073E+18,1,0,1,0,2017,7,8,2,3,5,2,1,1,0,0,0,0,0,5.30221E+20,6.07189E+21,9.47002E+15,5.47932E+16
119781,1.17073E+18,1,0,51,98,2017,7,6,1,3,6,6,0,1,1,0,0,1,1,5.11647E+20,5.99676E+21,9.17819E+15,5.41189E+16
119782,1.17073E+18,1,0,56,14,2017,7,8,1,3,0,7,0,0,0,1,0,0,0,5.51385E+20,5.95375E+21,9.77888E+15,5.37299E+16
119783,1.17073E+18,1,0,62,60,2017,7,12,1,3,5,2,1,1,0,0,0,0,1,5.81942E+20,5.93149E+21,1.02361E+16,5.35259E+16
119784,1.17073E+18,1,0,3,0,2017,7,17,1,3,0,7,1,0,0,0,0,0,0,6.23365E+20,5.98103E+21,1.08804E+16,5.39629E+16
119785,1.17073E+18,1,0,3,0,2017,7,6,1,2,0,1,1,0,0,0,0,0,0,6.22793E+20,5.98047E+21,1.08715E+16,5.3958E+16
119786,1.17073E+18,1,0,2,0,2017,7,5,1,3,1,5,1,1,0,0,0,1,1,5.77111E+20,6.02114E+21,1.01859E+16,5.43322E+16
119787,1.17073E+18,1,0,2,0,2017,7,15,1,2,1,5,1,1,0,0,0,0,0,5.7595E+20,6.01654E+21,1.01668E+16,5.42911E+16
119788,1.17073E+18,1,0,57,10,2017,7,14,1,2,0,1,1,0,0,0,0,0,0,5.73152E+20,6.01128E+21,1.01226E+16,5.42442E+16
119789,1.17073E+18,1,0,54,168,2017,7,12,1,3,0,7,1,0,0,0,0,0,0,4.55338E+20,6.08541E+21,8.3033E+15,5.49137E+16
119790,1.17073E+18,1,0,61,46,2017,7,10,7,3,2,6,0,1,0,0,1,0,1,5.32432E+20,5.97844E+21,9.49422E+15,5.39533E+16
119791,1.17073E+18,1,0,56,49,2017,7,1,7,3,8,1,0,1,0,0,0,2,0,5.44717E+20,5.94813E+21,9.677E+15,5.368E+16
119792,1.17073E+18,1,0,56,15,2017,7,9,7,3,0,7,1,0,0,0,0,0,1,5.4427E+20,5.95536E+21,9.67127E+15,5.3745E+16
119793,1.17073E+18,1,0,53,100,2017,7,14,7,3,0,1,0,0,0,1,0,0,1,6.17765E+20,5.95134E+21,1.07838E+16,5.36974E+16
119794,1.17073E+18,1,0,3,0,2017,7,17,7,3,5,3,0,0,0,1,0,0,0,6.17588E+20,5.972E+21,1.0789E+16,5.38831E+16
119795,1.17073E+18,1,0,58,58,2017,7,14,7,3,0,1,0,0,0,1,0,0,0,5.63324E+20,6.0305E+21,9.97587E+15,5.44182E+16
119796,1.17073E+18,1,0,58,135,2017,7,15,7,3,7,7,1,0,0,0,0,0,0,5.44108E+20,6.01728E+21,9.67781E+15,5.43015E+16
119797,1.17073E+18,1,0,4,0,2017,7,4,7,3,0,3,0,1,0,0,0,1,1,5.63635E+20,5.9906E+21,9.97219E+15,5.40597E+16
119798,1.17073E+18,1,0,2,0,2017,7,21,7,3,5,2,0,1,0,1,0,1,0,5.73037E+20,6.01808E+21,1.01225E+16,5.43054E+16
119799,1.17073E+18,1,0,54,88,2017,7,1,7,3,0,1,1,0,0,0,0,2,1,4.895E+20,6.07159E+21,8.8367E+15,5.47913E+16
119800,1.17073E+18,1,0,54,56,2017,7,13,7,3,5,3,1,1,0,0,0,0,1,5.04679E+20,6.03662E+21,9.07222E+15,5.44772E+16
119801,1.17073E+18,1,0,54,113,2017,7,21,7,3,0,7,1,0,0,0,0,1,0,4.74521E+20,6.01876E+21,8.60833E+15,5.43161E+16
119802,1.17073E+18,1,0,51,44,2017,7,20,6,2,9,7,0,1,0,0,0,0,0,5.05901E+20,6.00619E+21,9.09047E+15,5.42037E+16
119803,1.17073E+18,1,0,56,39,2017,7,11,6,3,5,3,0,1,0,1,0,0,0,5.50927E+20,5.94423E+21,9.77037E+15,5.36444E+16
119804,1.17073E+18,1,0,56,15,2017,7,19,6,3,2,6,0,1,0,0,0,0,1,5.43954E+20,5.95631E+21,9.66661E+15,5.37535E+16
119805,1.17073E+18,1,0,60,11,2017,7,15,6,3,4,6,1,1,0,0,0,0,1,5.68092E+20,5.98459E+21,1.00389E+16,5.40051E+16
119806,1.17073E+18,1,0,62,1,2017,7,14,6,3,5,2,0,1,0,0,0,0,0,5.81643E+20,5.94747E+21,1.02358E+16,5.36696E+16
119807,1.17073E+18,1,0,62,4,2017,7,16,6,3,0,7,0,0,0,0,1,0,1,5.92331E+20,5.96248E+21,1.0402E+16,5.38027E+16
119808,1.17073E+18,1,0,53,90,2017,7,17,6,3,2,6,0,1,0,0,0,0,1,6.11594E+20,5.94324E+21,1.06874E+16,5.3626E+16
119809,1.17073E+18,1,0,55,42,2017,7,10,6,3,5,3,1,1,0,0,0,0,0,6.1894E+20,5.98411E+21,1.08142E+16,5.39916E+16
119810,1.17073E+18,1,0,3,0,2017,7,13,6,3,0,6,0,1,0,1,0,0,0,6.06682E+20,5.97032E+21,1.06225E+16,5.38704E+16
119811,1.17073E+18,1,0,58,86,2017,7,0,6,3,8,7,0,1,0,0,0,2,0,5.43295E+20,6.00958E+21,9.66421E+15,5.42323E+16
119812,1.17073E+18,1,0,2,0,2017,7,13,6,3,0,7,1,0,1,0,0,0,0,5.74502E+20,6.02101E+21,1.01457E+16,5.43315E+16
119813,1.17073E+18,1,0,54,168,2017,7,17,6,2,0,1,0,0,0,1,0,0,0,4.54665E+20,6.07941E+21,8.29375E+15,5.48597E+16
119814,1.17073E+18,1,0,59,120,2017,7,14,6,3,5,3,0,1,0,0,0,0,0,5.2483E+20,6.0727E+21,9.38625E+15,5.48008E+16
119815,1.17073E+18,1,0,51,44,2017,7,18,5,3,5,2,0,1,0,1,0,0,0,5.06365E+20,6.0051E+21,9.09756E+15,5.41939E+16
119816,1.17073E+18,1,0,51,44,2017,7,8,5,3,0,1,0,1,0,0,0,0,1,5.05715E+20,6.006E+21,9.0876E+15,5.4202E+16
119817,1.17092E+18,1,0,4,0,2017,9,8,5,3,8,6,1,0,0,0,0,0,0,5.65429E+20,5.99006E+21,9.99949E+15,5.40546E+16
119818,1.17092E+18,1,0,2,0,2017,9,16,5,2,0,1,1,0,0,0,0,0,0,5.7337E+20,6.02047E+21,1.01282E+16,5.43268E+16
119819,1.17092E+18,1,0,56,29,2017,9,13,5,3,5,3,0,1,0,0,0,0,0,5.43521E+20,5.9526E+21,9.65953E+15,5.37203E+16
119820,1.17092E+18,1,0,60,92,2017,9,9,5,3,5,3,0,1,0,0,1,0,0,5.79194E+20,5.97815E+21,1.02066E+16,5.39457E+16
119821,1.17092E+18,1,0,56,50,2017,9,17,5,3,2,6,0,1,0,1,0,0,0,5.46164E+20,5.93743E+21,9.69732E+15,5.35837E+16
119822,1.17092E+18,1,0,3,0,2017,9,15,5,3,4,6,1,1,0,0,0,0,0,6.07897E+20,5.96711E+21,1.06399E+16,5.38413E+16
119823,1.17092E+18,1,0,55,32,2017,9,15,5,3,2,6,0,1,0,0,0,0,0,6.17811E+20,5.99656E+21,1.08018E+16,5.41037E+16
119824,1.17092E+18,1,0,54,36,2017,9,17,5,3,4,5,0,1,1,0,0,0,0,4.85969E+20,6.02041E+21,8.78424E+15,5.43313E+16
119825,1.17092E+18,1,0,59,121,2017,9,21,5,3,8,7,1,0,0,0,0,2,0,5.61195E+20,6.06396E+21,9.95004E+15,5.47192E+16
119826,1.17092E+18,1,0,61,46,2017,9,16,4,3,5,3,0,1,0,0,0,0,1,5.33541E+20,5.97602E+21,9.51085E+15,5.39315E+16
119827,1.17092E+18,1,0,61,49,2017,9,15,4,3,5,3,0,1,0,0,0,0,1,5.48234E+20,5.97702E+21,9.73478E+15,5.39394E+16
119828,1.17092E+18,1,0,60,63,2017,9,16,4,3,5,3,1,1,0,0,0,0,0,5.68422E+20,5.94889E+21,1.0036E+16,5.36842E+16
119829,1.17092E+18,1,0,53,90,2017,9,13,4,2,0,7,1,1,0,0,0,0,0,6.12413E+20,5.94327E+21,1.06998E+16,5.36261E+16
119830,1.17092E+18,1,0,53,100,2017,9,17,4,3,5,3,1,1,0,0,0,0,0,6.18224E+20,5.95108E+21,1.07906E+16,5.3695E+16
119831,1.17092E+18,1,0,3,0,2017,9,16,4,3,6,4,0,1,1,0,0,0,0,6.11094E+20,5.97052E+21,1.06897E+16,5.38712E+16
119832,1.17092E+18,1,0,55,4,2017,9,7,4,3,0,1,1,0,0,0,0,0,1,6.1056E+20,5.9756E+21,1.06834E+16,5.3917E+16
119833,1.17092E+18,1,0,4,0,2017,9,17,4,3,5,3,0,1,0,0,0,0,0,5.65521E+20,5.99497E+21,1.00019E+16,5.40987E+16
119834,1.17092E+18,1,0,2,0,2017,9,7,4,2,0,1,1,0,0,0,0,0,1,5.73121E+20,6.01911E+21,1.0124E+16,5.43146E+16
119835,1.17092E+18,1,0,59,182,2017,9,12,4,3,4,6,1,1,0,0,0,0,1,5.33419E+20,6.06439E+21,9.5189E+15,5.47257E+16
119836,1.17092E+18,1,0,54,88,2017,9,8,4,3,0,1,1,0,0,0,0,0,1,4.88887E+20,6.07098E+21,8.82719E+15,5.47859E+16
119837,1.17092E+18,1,0,54,168,2017,9,11,4,3,5,3,0,1,0,0,0,0,1,4.55453E+20,6.08517E+21,8.30513E+15,5.49115E+16
119838,1.17092E+18,1,0,56,2,2017,9,12,3,3,4,2,1,1,0,0,0,0,0,5.50309E+20,5.96004E+21,9.7636E+15,5.37865E+16
119839,1.17092E+18,1,0,60,39,2017,9,17,3,3,2,2,0,1,0,0,0,0,0,5.65697E+20,5.95664E+21,9.9964E+15,5.37543E+16
119840,1.17092E+18,1,0,56,39,2017,9,7,3,3,0,1,0,0,0,1,0,0,0,5.52829E+20,5.94577E+21,9.79941E+15,5.3658E+16
119841,1.17092E+18,1,0,62,60,2017,9,12,3,3,1,5,0,1,0,0,0,0,0,5.82102E+20,5.93007E+21,1.02381E+16,5.35131E+16
119842,1.17092E+18,1,0,53,83,2017,9,16,3,3,2,6,0,1,0,0,0,0,0,6.02908E+20,5.91561E+21,1.05471E+16,5.33796E+16
119843,1.17092E+18,1,0,53,129,2017,9,7,3,3,4,2,1,1,0,0,0,0,0,5.8293E+20,5.92851E+21,1.02502E+16,5.3499E+16
119844,1.17092E+18,1,0,62,1,2017,9,10,3,2,9,1,1,0,0,0,0,0,0,5.81573E+20,5.94834E+21,1.02349E+16,5.36774E+16
119845,1.17092E+18,1,0,3,0,2017,9,21,3,3,0,6,1,1,0,0,0,2,0,6.10968E+20,5.97007E+21,1.06876E+16,5.38672E+16
119846,1.17092E+18,1,0,3,0,2017,9,17,3,3,0,7,1,0,1,0,0,0,0,6.08433E+20,5.96967E+21,1.06489E+16,5.38642E+16
119847,1.17092E+18,1,0,3,0,2017,9,12,3,3,3,2,1,0,0,0,0,0,0,6.11727E+20,5.97028E+21,1.06992E+16,5.3869E+16
119848,1.17092E+18,1,0,58,135,2017,9,17,3,3,0,1,1,1,0,0,0,0,1,5.43389E+20,6.0165E+21,9.66664E+15,5.42946E+16
119849,1.17092E+18,1,0,2,0,2017,9,23,3,3,4,6,0,1,0,0,0,2,0,5.69046E+20,6.01973E+21,1.00615E+16,5.43208E+16
119850,1.17092E+18,1,0,59,120,2017,9,13,3,3,6,6,1,0,1,0,0,0,0,5.25074E+20,6.07322E+21,9.39008E+15,5.48055E+16
119851,1.17092E+18,1,0,54,75,2017,9,18,3,2,5,2,1,1,0,0,0,0,0,4.94034E+20,6.0581E+21,8.90749E+15,5.46702E+16
119852,1.17092E+18,1,0,54,56,2017,9,14,3,3,6,7,0,1,1,0,0,0,0,5.042E+20,6.03819E+21,9.06483E+15,5.44913E+16
119853,1.17092E+18,1,0,51,129,2017,9,8,2,3,6,6,0,1,1,0,0,0,0,4.89723E+20,6.01106E+21,8.84228E+15,5.42474E+16
119854,1.17092E+18,1,0,60,89,2017,9,15,2,3,6,7,0,1,1,0,0,0,0,5.7993E+20,5.98835E+21,1.02205E+16,5.40372E+16
119855,1.17092E+18,1,0,60,63,2017,9,11,2,3,2,6,0,1,0,0,0,0,0,5.6598E+20,5.95167E+21,9.99963E+15,5.37095E+16
119856,1.17092E+18,1,0,56,40,2017,9,9,2,3,2,6,0,1,0,0,0,0,0,5.50447E+20,5.94796E+21,9.76373E+15,5.3678E+16