OBJECTID,UIDENTSTLA,ULAND,UREGBEZ,UKREIS,UGEMEINDE,UJAHR,UMONAT,USTUNDE,UWOCHENTAG,UKATEGORIE,UART,UTYP1,IstRad,IstPKW,IstFuss,IstKrad,IstSonstig,LICHT,STRZUSTAND,LINREFX,LINREFY,XGCSWGS84,YGCSWGS84
119857,1.17092E+18,1,0,60,63,2017,9,15,2,3,1,5,1,0,0,0,1,0,0,5.65914E+20,5.95012E+21,9.9983E+15,5.36956E+16
119858,1.17092E+18,1,0,62,60,2017,9,17,2,3,5,2,1,1,0,0,0,0,0,5.82603E+20,5.93058E+21,1.02458E+16,5.35177E+16
119859,1.17092E+18,1,0,3,0,2017,9,14,2,3,3,2,1,1,0,0,0,0,0,6.11757E+20,5.96808E+21,1.06989E+16,5.38492E+16
119860,1.17092E+18,1,0,2,0,2017,9,21,2,3,7,7,1,0,0,0,0,2,0,5.72414E+20,6.01811E+21,1.01129E+16,5.43057E+16
119861,1.17092E+18,1,0,56,49,2017,9,15,1,3,3,6,1,0,0,0,0,0,0,5.45766E+20,5.94827E+21,9.69291E+15,5.36812E+16
119862,1.17092E+18,1,0,62,60,2017,9,17,1,2,0,7,1,0,0,0,0,0,0,5.83103E+20,5.93016E+21,1.02533E+16,5.35138E+16
119863,1.17092E+18,1,0,55,16,2017,9,7,1,3,0,7,1,0,0,0,1,0,0,6.27866E+20,6.00117E+21,1.09575E+16,5.41427E+16
119864,1.17092E+18,1,0,3,0,2017,9,11,1,2,5,2,0,1,0,1,0,0,0,6.21651E+20,5.98192E+21,1.08547E+16,5.39713E+16
119865,1.17092E+18,1,0,54,57,2017,9,7,1,3,5,3,0,1,0,0,0,0,0,5.10199E+20,6.04381E+21,9.15764E+15,5.45417E+16
119866,1.17092E+18,1,0,56,41,2017,9,11,7,3,0,7,1,1,0,0,0,0,0,5.59645E+20,5.95417E+21,9.90416E+15,5.37327E+16
119867,1.17092E+18,1,0,56,41,2017,9,16,7,3,5,3,1,1,0,0,0,0,0,5.59652E+20,5.95421E+21,9.90426E+15,5.37332E+16
119868,1.17092E+18,1,0,60,63,2017,9,10,7,3,0,7,1,0,0,0,0,0,0,5.65005E+20,5.94892E+21,9.9843E+15,5.3685E+16
119869,1.17092E+18,1,0,4,0,2017,9,20,7,3,5,3,0,1,0,0,1,2,1,5.63307E+20,5.99418E+21,9.96793E+15,5.40919E+16
119870,1.17092E+18,1,0,58,135,2017,9,19,7,2,8,1,1,0,0,0,0,1,1,5.44191E+20,6.01755E+21,9.67912E+15,5.43039E+16
119871,1.17092E+18,1,0,51,44,2017,9,7,6,3,2,6,0,1,0,0,0,0,1,5.06546E+20,6.00606E+21,9.10035E+15,5.42025E+16
119872,1.17092E+18,1,0,56,15,2017,9,7,6,3,0,7,1,0,0,0,0,0,1,5.44554E+20,5.95435E+21,9.67544E+15,5.37359E+16
119873,1.17092E+18,1,0,60,92,2017,9,14,6,3,5,3,1,1,0,0,0,0,0,5.8045E+20,5.97944E+21,1.02261E+16,5.39571E+16
119874,1.17092E+18,1,0,56,18,2017,9,16,6,3,6,7,0,1,1,0,0,0,0,5.55529E+20,5.94331E+21,9.83983E+15,5.36356E+16
119875,1.17092E+18,1,0,62,90,2017,9,16,6,3,5,3,1,1,0,0,0,0,0,5.80004E+20,5.95183E+21,1.02121E+16,5.3709E+16
119876,1.17092E+18,1,0,53,90,2017,9,9,6,3,2,6,0,1,0,0,1,0,0,6.11382E+20,5.94315E+21,1.06842E+16,5.36253E+16
119877,1.17092E+18,1,0,55,32,2017,9,7,6,3,5,2,1,1,0,0,0,0,0,6.1892E+20,5.99572E+21,1.08185E+16,5.40959E+16
119878,1.17092E+18,1,0,55,12,2017,9,12,6,3,2,6,0,1,0,0,0,0,0,6.04464E+20,5.99962E+21,1.05989E+16,5.41341E+16
119879,1.17092E+18,1,0,4,0,2017,9,7,6,3,2,6,1,1,0,0,0,0,1,5.62418E+20,5.99295E+21,9.9541E+15,5.4081E+16
119880,1.17092E+18,1,0,58,22,2017,9,20,6,3,5,3,1,1,0,0,0,2,1,5.67886E+20,6.00331E+21,1.004E+16,5.41734E+16
119881,1.17092E+18,1,0,2,0,2017,9,12,6,3,2,6,0,1,0,1,0,0,1,5.77373E+20,6.02132E+21,1.01899E+16,5.43338E+16
119882,1.17092E+18,1,0,1,0,2017,9,17,6,3,0,1,1,0,0,0,0,0,1,5.29793E+20,6.07256E+21,9.46343E+15,5.47993E+16
119883,1.17092E+18,1,0,1,0,2017,9,4,6,3,0,3,0,0,0,1,1,2,1,5.25422E+20,6.06961E+21,9.39519E+15,5.47731E+16
119884,1.17091E+18,1,0,56,39,2017,9,6,5,3,7,7,0,0,0,1,0,0,0,5.52702E+20,5.94189E+21,9.79683E+15,5.36231E+16
119885,1.17091E+18,1,0,56,15,2017,9,6,5,3,5,3,1,1,0,0,0,0,0,5.44701E+20,5.95574E+21,9.67786E+15,5.37484E+16
119886,1.17091E+18,1,0,56,15,2017,9,8,5,3,5,3,1,1,0,0,0,0,1,5.44391E+20,5.95423E+21,9.67295E+15,5.37348E+16
119887,1.17091E+18,1,0,60,4,2017,9,12,5,3,5,2,1,1,0,0,0,0,0,5.57997E+20,5.97487E+21,9.88308E+15,5.3919E+16
119888,1.17091E+18,1,0,56,15,2017,9,15,5,3,2,6,0,1,0,0,0,0,1,5.42896E+20,5.95452E+21,9.65033E+15,5.37376E+16
119889,1.17091E+18,1,0,56,39,2017,9,14,5,3,3,6,1,0,0,0,0,0,0,5.53438E+20,5.94407E+21,9.80833E+15,5.36426E+16
119890,1.17091E+18,1,0,53,100,2017,9,9,5,3,5,3,0,1,0,0,0,0,0,6.1858E+20,5.95112E+21,1.0796E+16,5.36953E+16
119891,1.17091E+18,1,0,3,0,2017,9,10,5,3,7,1,1,0,0,0,0,0,0,6.11786E+20,5.97168E+21,1.07006E+16,5.38815E+16
119892,1.17091E+18,1,0,55,28,2017,9,9,5,3,5,3,1,0,0,0,0,0,0,6.01979E+20,6.00395E+21,1.05623E+16,5.41735E+16
119893,1.17091E+18,1,0,4,0,2017,9,13,5,3,5,2,1,1,0,0,0,0,0,5.63976E+20,5.99176E+21,9.97765E+15,5.40701E+16
119894,1.17091E+18,1,0,58,135,2017,9,7,5,3,5,3,1,1,0,0,0,0,0,5.43209E+20,6.01622E+21,9.66385E+15,5.4292E+16
119895,1.17091E+18,1,0,54,56,2017,9,13,5,3,5,3,0,1,0,0,0,0,1,5.03973E+20,6.03823E+21,9.06134E+15,5.44917E+16
119896,1.17091E+18,1,0,54,113,2017,9,7,5,3,0,1,1,0,0,0,0,0,1,4.76336E+20,6.01759E+21,8.63632E+15,5.43056E+16
119897,1.17091E+18,1,0,59,45,2017,9,16,5,3,5,3,0,1,0,0,0,0,1,5.60019E+20,6.0577E+21,9.93049E+15,5.46631E+16
119898,1.17091E+18,1,0,60,63,2017,9,12,4,3,2,6,0,1,0,0,0,0,1,5.64294E+20,5.94679E+21,9.97308E+15,5.36659E+16
119899,1.17091E+18,1,0,56,15,2017,9,8,4,3,5,3,1,1,0,0,0,0,1,5.43595E+20,5.95859E+21,9.6615E+15,5.37741E+16
119900,1.17091E+18,1,0,53,20,2017,9,13,4,3,0,7,1,0,0,0,0,0,1,6.07448E+20,5.92683E+21,1.06191E+16,5.34795E+16
119901,1.17091E+18,1,0,53,32,2017,9,13,4,3,6,4,1,0,1,0,0,0,0,5.90771E+20,5.92177E+21,1.03664E+16,5.34371E+16
119902,1.17091E+18,1,0,55,32,2017,9,15,4,3,7,7,1,0,0,0,0,0,1,6.18706E+20,5.99698E+21,1.08157E+16,5.41072E+16
119903,1.17091E+18,1,0,55,12,2017,9,10,4,3,6,7,0,1,1,0,0,0,0,6.05471E+20,5.99996E+21,1.06144E+16,5.41369E+16
119904,1.17091E+18,1,0,58,68,2017,9,16,4,3,0,2,0,1,0,0,1,0,1,5.36094E+20,6.00278E+21,9.55293E+15,5.41718E+16
119905,1.17091E+18,1,0,54,168,2017,9,14,4,3,3,2,0,1,0,0,1,0,1,4.55905E+20,6.08416E+21,8.31234E+15,5.49025E+16
119906,1.17091E+18,1,0,60,63,2017,9,14,3,3,4,2,0,1,0,0,1,0,1,5.67562E+20,5.95319E+21,1.00239E+16,5.3723E+16
119907,1.17091E+18,1,0,60,63,2017,9,15,3,3,2,6,0,1,0,0,0,0,0,5.65255E+20,5.94788E+21,9.98785E+15,5.36755E+16
119908,1.17091E+18,1,0,56,41,2017,9,13,3,3,3,2,1,1,0,0,0,0,0,5.59462E+20,5.95407E+21,9.90136E+15,5.37319E+16
119909,1.17091E+18,1,0,62,1,2017,9,17,3,3,3,7,0,1,0,0,0,1,0,5.82082E+20,5.94854E+21,1.02427E+16,5.36791E+16
119910,1.17091E+18,1,0,3,0,2017,9,10,3,3,6,7,1,0,1,0,0,0,0,6.11327E+20,5.96776E+21,1.06922E+16,5.38464E+16
119911,1.17091E+18,1,0,2,0,2017,9,19,3,3,0,5,0,1,0,1,0,1,1,5.73242E+20,6.02105E+21,1.01264E+16,5.4332E+16
119912,1.17091E+18,1,0,1,0,2017,9,17,3,3,2,6,1,1,0,0,0,0,1,5.29115E+20,6.07132E+21,9.45277E+15,5.47882E+16
119913,1.17091E+18,1,0,1,0,2017,9,13,3,3,6,7,1,0,1,0,0,0,1,5.26973E+20,6.0731E+21,9.41963E+15,5.48044E+16
119914,1.17091E+18,1,0,51,11,2017,9,14,2,3,1,5,1,1,0,0,0,0,0,5.08902E+20,5.97195E+21,9.13547E+15,5.38959E+16
119915,1.17091E+18,1,0,51,21,2017,9,5,2,3,8,7,0,0,0,1,0,2,1,5.01346E+20,5.97741E+21,9.02051E+15,5.39451E+16
119916,1.17091E+18,1,0,51,44,2017,9,7,2,3,5,3,1,1,0,0,0,0,1,5.07004E+20,6.00575E+21,9.10737E+15,5.41997E+16
119917,1.17091E+18,1,0,56,43,2017,9,21,2,3,8,7,0,1,0,0,0,2,0,5.5628E+20,5.94493E+21,9.85147E+15,5.36501E+16
119918,1.17091E+18,1,0,56,15,2017,9,13,2,2,0,1,1,0,0,0,0,0,0,5.42345E+20,5.95684E+21,9.64228E+15,5.37585E+16
119919,1.17091E+18,1,0,62,76,2017,9,14,2,3,4,6,0,1,0,0,1,0,0,5.70446E+20,5.95272E+21,1.00675E+16,5.37184E+16
119920,1.17091E+18,1,0,56,18,2017,9,6,2,3,5,3,1,1,0,0,0,1,0,5.5545E+20,5.94086E+21,9.83819E+15,5.36136E+16
119921,1.17091E+18,1,0,55,46,2017,9,16,2,3,0,7,1,0,0,0,0,0,0,6.43503E+20,6.03177E+21,1.12114E+16,5.44134E+16
119922,1.17091E+18,1,0,55,27,2017,9,9,2,3,6,7,0,1,1,0,0,0,0,6.2365E+20,6.0095E+21,1.08964E+16,5.42186E+16
119923,1.17091E+18,1,0,3,0,2017,9,15,2,3,3,6,1,0,0,0,1,0,0,6.10769E+20,5.96994E+21,1.06845E+16,5.38661E+16
119924,1.17091E+18,1,0,58,58,2017,9,8,2,3,2,6,0,1,0,1,0,0,1,5.63316E+20,6.0293E+21,9.9755E+15,5.44075E+16
119925,1.17091E+18,1,0,58,43,2017,9,6,2,3,5,3,1,1,0,0,0,1,1,5.5474E+20,6.03707E+21,9.84482E+15,5.44783E+16
119926,1.17091E+18,1,0,2,0,2017,9,16,2,3,5,3,0,1,0,0,0,0,0,5.72259E+20,6.02113E+21,1.01113E+16,5.43329E+16
119927,1.17091E+18,1,0,57,85,2017,9,10,2,3,5,3,0,1,0,0,0,0,1,5.78377E+20,5.99624E+21,1.01988E+16,5.41083E+16
119928,1.17091E+18,1,0,57,9,2017,9,22,2,3,9,1,0,1,0,0,0,2,0,5.95371E+20,5.99876E+21,1.04595E+16,5.41281E+16
119929,1.17091E+18,1,0,2,0,2017,9,9,2,3,5,3,1,1,0,0,0,0,0,5.76141E+20,6.02824E+21,1.01728E+16,5.43962E+16
119930,1.17091E+18,1,0,1,0,2017,9,16,2,2,5,3,0,1,0,0,0,0,0,5.28725E+20,6.06841E+21,9.44642E+15,5.47621E+16
119931,1.17091E+18,1,0,54,168,2017,9,12,2,3,5,3,1,1,0,0,0,0,1,4.55328E+20,6.0852E+21,8.30317E+15,5.49118E+16
119932,1.17091E+18,1,0,51,12,2017,9,13,1,2,3,6,1,0,0,0,0,0,0,5.1475E+20,5.98195E+21,9.22494E+15,5.39857E+16
119933,1.17091E+18,1,0,56,41,2017,9,12,1,3,0,1,0,0,0,1,0,0,1,5.63886E+20,5.95467E+21,9.96853E+15,5.37368E+16
119934,1.17091E+18,1,0,56,31,2017,9,18,1,3,1,7,1,1,1,0,0,0,0,5.45435E+20,5.95702E+21,9.68919E+15,5.37598E+16
119935,1.17091E+18,1,0,62,6,2017,9,16,1,3,0,7,1,0,0,0,0,0,0,5.83581E+20,5.95421E+21,1.02669E+16,5.37298E+16
119936,1.17091E+18,1,0,53,90,2017,9,12,1,3,6,4,0,1,1,0,0,0,0,6.1192E+20,5.94368E+21,1.06925E+16,5.36299E+16
119937,1.17091E+18,1,0,55,32,2017,9,15,1,3,1,5,1,1,0,0,0,0,0,6.1865E+20,5.99691E+21,1.08148E+16,5.41067E+16
119938,1.17091E+18,1,0,55,27,2017,9,15,1,2,6,4,0,1,1,0,0,0,0,6.23042E+20,6.00975E+21,1.08872E+16,5.4221E+16
119939,1.17091E+18,1,0,58,43,2017,9,19,1,3,2,6,0,1,0,0,0,1,0,5.54013E+20,6.03674E+21,9.83354E+15,5.44754E+16
119940,1.17091E+18,1,0,2,0,2017,9,20,1,2,6,4,0,1,1,0,0,2,1,5.73034E+20,6.01807E+21,1.01224E+16,5.43053E+16
119941,1.17091E+18,1,0,59,187,2017,9,14,1,3,0,7,1,0,0,0,0,0,0,5.53398E+20,6.04989E+21,9.82644E+15,5.45937E+16
119942,1.17091E+18,1,0,1,0,2017,9,17,1,3,5,3,1,1,0,0,0,0,0,5.28181E+20,6.07236E+21,9.43835E+15,5.47976E+16
119943,1.17091E+18,1,0,1,0,2017,9,6,1,3,9,1,1,0,0,0,0,0,1,5.29209E+20,6.0736E+21,9.45446E+15,5.48087E+16
119944,1.17091E+18,1,0,56,15,2017,9,14,7,3,2,6,0,1,0,0,0,0,1,5.44382E+20,5.95606E+21,9.67307E+15,5.37513E+16
119945,1.17091E+18,1,0,53,32,2017,9,13,7,3,4,2,0,1,0,0,0,0,1,5.89199E+20,5.92148E+21,1.03427E+16,5.34348E+16
119946,1.17091E+18,1,0,53,100,2017,9,15,7,2,2,2,1,1,0,0,0,0,1,6.17897E+20,5.95128E+21,1.07857E+16,5.36969E+16
119947,1.17091E+18,1,0,62,1,2017,9,12,7,3,4,6,1,1,0,0,0,0,1,5.8175E+20,5.94764E+21,1.02374E+16,5.36711E+16
119948,1.17091E+18,1,0,3,0,2017,9,20,7,3,6,4,0,1,1,0,0,2,0,6.11143E+20,5.96771E+21,1.06894E+16,5.3846E+16
119949,1.17091E+18,1,0,3,0,2017,9,14,7,3,0,1,0,0,0,1,0,0,1,6.10678E+20,5.96971E+21,1.06831E+16,5.38641E+16
119950,1.17091E+18,1,0,55,12,2017,9,11,7,3,2,6,0,1,0,0,0,0,1,6.05325E+20,5.99951E+21,1.0612E+16,5.41329E+16
119951,1.17091E+18,1,0,58,135,2017,9,15,7,3,2,2,0,1,0,0,0,0,1,5.40785E+20,6.01952E+21,9.62706E+15,5.43219E+16
119952,1.17091E+18,1,0,58,135,2017,9,0,7,3,0,1,0,0,0,1,0,2,1,5.40757E+20,6.01908E+21,9.62656E+15,5.43179E+16
119953,1.17091E+18,1,0,4,0,2017,9,3,7,2,0,7,1,0,0,0,0,2,1,5.67545E+20,5.99047E+21,1.00319E+16,5.4058E+16
119954,1.17091E+18,1,0,2,0,2017,9,10,7,3,6,4,1,0,1,0,0,0,1,5.77111E+20,6.01739E+21,1.01849E+16,5.42986E+16
119955,1.17091E+18,1,0,2,0,2017,9,9,7,3,5,3,0,1,0,1,0,0,1,5.74223E+20,6.0231E+21,1.0142E+16,5.43503E+16
119956,1.17091E+18,1,0,2,0,2017,9,12,7,3,0,7,0,0,0,1,0,0,1,5.77346E+20,6.02158E+21,1.01896E+16,5.43362E+16
119957,1.17091E+18,1,0,60,63,2017,9,13,6,3,2,6,0,1,0,0,0,0,1,5.65394E+20,5.94627E+21,9.98962E+15,5.3661E+16
119958,1.17091E+18,1,0,53,133,2017,9,14,6,3,0,1,1,0,0,0,0,0,1,5.86857E+20,5.93089E+21,1.03101E+16,5.35198E+16
119959,1.17091E+18,1,0,62,1,2017,9,19,6,3,1,5,1,1,0,0,0,2,1,5.80382E+20,5.94842E+21,1.02169E+16,5.36783E+16
119960,1.17091E+18,1,0,62,60,2017,9,15,6,3,5,3,1,0,0,0,1,0,1,5.82048E+20,5.93345E+21,1.02382E+16,5.35435E+16
119961,1.17091E+18,1,0,3,0,2017,9,18,6,3,5,3,1,1,0,0,0,1,1,6.09397E+20,5.97026E+21,1.06638E+16,5.38693E+16
119962,1.17091E+18,1,0,58,43,2017,9,18,6,3,6,7,0,0,1,0,1,0,1,5.54348E+20,6.03667E+21,9.83869E+15,5.44747E+16
119963,1.17091E+18,1,0,58,61,2017,9,15,6,2,5,3,1,1,0,0,0,0,0,5.3064E+20,5.9961E+21,9.46869E+15,5.41122E+16
119964,1.17091E+18,1,0,58,166,2017,9,23,6,3,8,7,1,0,0,0,0,2,1,5.64144E+20,6.04311E+21,9.99124E+15,5.45315E+16
119965,1.17091E+18,1,0,58,136,2017,9,14,6,3,4,1,0,1,0,0,1,0,1,5.43725E+20,6.02113E+21,9.67248E+15,5.43361E+16
119966,1.17091E+18,1,0,2,0,2017,9,16,6,3,5,3,1,1,0,0,0,0,1,5.72013E+20,6.02112E+21,1.01075E+16,5.43329E+16
119967,1.17091E+18,1,0,2,0,2017,9,13,6,3,1,5,1,1,0,0,0,0,1,5.73587E+20,6.0202E+21,1.01314E+16,5.43244E+16
119968,1.17091E+18,1,0,1,0,2017,9,18,6,3,6,5,0,1,1,0,0,0,1,5.2739E+20,6.07228E+21,9.42603E+15,5.4797E+16
119969,1.17091E+18,1,0,59,183,2017,9,15,6,3,5,3,0,1,0,0,0,0,0,5.27968E+20,6.06569E+21,9.43438E+15,5.47377E+16
119970,1.17091E+18,1,0,54,113,2017,9,12,6,3,5,3,0,1,0,0,0,0,1,4.76752E+20,6.0171E+21,8.64274E+15,5.43013E+16
119971,1.17091E+18,1,0,59,75,2017,9,15,6,3,0,1,1,0,0,0,0,0,1,5.36603E+20,6.04111E+21,9.56542E+15,5.45162E+16
119972,1.17091E+18,1,0,59,35,2017,9,12,6,3,5,3,0,1,0,0,0,0,0,5.28048E+20,6.03265E+21,9.43247E+15,5.44408E+16
119973,1.17091E+18,1,0,56,15,2017,9,10,5,3,5,3,1,0,0,0,1,0,1,5.45699E+20,5.95551E+21,9.69296E+15,5.37463E+16
119974,1.17091E+18,1,0,60,63,2017,9,16,5,3,5,3,1,1,0,0,0,0,0,5.64986E+20,5.94922E+21,9.98407E+15,5.36877E+16
119975,1.17091E+18,1,0,62,60,2017,9,16,5,3,0,7,1,0,0,0,0,0,0,5.87409E+20,5.93133E+21,1.03185E+16,5.35236E+16
119976,1.17091E+18,1,0,62,82,2017,9,8,5,3,5,3,1,1,0,0,0,0,0,5.92206E+20,5.94195E+21,1.0394E+16,5.36182E+16
119977,1.17091E+18,1,0,3,0,2017,9,16,5,3,5,2,0,1,0,0,0,0,0,6.09149E+20,5.96909E+21,1.06596E+16,5.38588E+16
119978,1.17091E+18,1,0,3,0,2017,9,9,5,3,4,2,1,1,0,0,0,0,0,6.07256E+20,5.9686E+21,1.06307E+16,5.38548E+16
119979,1.17091E+18,1,0,3,0,2017,9,7,5,3,5,3,0,0,0,0,1,0,0,6.10822E+20,5.96992E+21,1.06853E+16,5.38659E+16
119980,1.17091E+18,1,0,3,0,2017,9,16,5,3,3,7,0,1,0,0,0,0,0,6.06968E+20,5.96895E+21,1.06264E+16,5.3858E+16
119981,1.17091E+18,1,0,58,43,2017,9,7,5,3,8,7,1,0,0,0,0,0,0,5.53686E+20,6.0344E+21,9.82806E+15,5.44544E+16
119982,1.17091E+18,1,0,4,0,2017,9,14,5,3,1,5,1,1,0,0,0,0,0,5.62707E+20,5.99504E+21,9.95894E+15,5.40997E+16
119983,1.17091E+18,1,0,58,24,2017,9,16,5,3,5,3,0,1,0,0,1,0,0,5.45081E+20,6.02099E+21,9.69332E+15,5.43347E+16
119984,1.17091E+18,1,0,2,0,2017,9,18,5,3,3,2,1,1,0,0,0,0,0,5.7317E+20,6.02179E+21,1.01254E+16,5.43387E+16
119985,1.17091E+18,1,0,54,113,2017,9,18,5,1,5,3,1,0,0,0,1,0,0,4.77719E+20,6.01748E+21,8.65759E+15,5.43047E+16
119986,1.17091E+18,1,0,1,0,2017,9,8,5,2,8,1,1,0,0,0,0,0,0,5.27405E+20,6.06912E+21,9.42597E+15,5.47685E+16
119987,1.17091E+18,1,0,60,39,2017,9,19,4,3,2,6,0,1,0,0,0,1,1,5.65464E+20,5.95854E+21,9.99327E+15,5.37713E+16
119988,1.17091E+18,1,0,60,63,2017,9,12,4,3,2,6,0,1,0,0,0,0,1,5.64567E+20,5.9495E+21,9.97777E+15,5.36902E+16
119989,1.17091E+18,1,0,56,15,2017,9,16,4,3,5,7,1,0,0,0,0,0,1,5.44414E+20,5.95601E+21,9.67356E+15,5.37509E+16
119990,1.17091E+18,1,0,60,5,2017,9,14,4,3,5,2,0,1,0,0,1,0,1,5.85604E+20,5.97853E+21,1.03043E+16,5.3948E+16
119991,1.17091E+18,1,0,56,50,2017,9,16,4,3,5,3,0,1,0,0,0,0,1,5.48588E+20,5.93723E+21,9.73391E+15,5.35817E+16
119992,1.17091E+18,1,0,60,19,2017,9,16,4,3,1,5,1,1,0,0,0,0,1,5.60904E+20,5.95638E+21,9.92367E+15,5.37525E+16
119993,1.17091E+18,1,0,60,63,2017,9,5,4,2,6,2,0,1,1,0,0,2,1,5.67469E+20,5.95362E+21,1.00226E+16,5.37269E+16
119994,1.17091E+18,1,0,62,60,2017,9,20,4,3,5,3,0,1,0,0,0,2,1,5.82535E+20,5.93109E+21,1.02449E+16,5.35222E+16
119995,1.17091E+18,1,0,62,18,2017,9,7,4,3,5,3,1,1,0,0,0,0,1,5.81337E+20,5.93341E+21,1.02275E+16,5.35433E+16
119996,1.17091E+18,1,0,53,90,2017,9,15,4,3,6,6,0,0,1,0,1,0,0,6.1194E+20,5.94379E+21,1.06928E+16,5.36309E+16
119997,1.17091E+18,1,0,3,0,2017,9,9,4,3,5,3,0,1,0,0,0,0,1,6.23048E+20,5.98144E+21,1.08758E+16,5.39667E+16
119998,1.17091E+18,1,0,58,135,2017,9,10,4,3,2,6,0,1,0,0,0,0,1,5.42221E+20,6.01854E+21,9.64899E+15,5.4313E+16
119999,1.17091E+18,1,0,2,0,2017,9,15,4,3,0,3,1,1,0,0,0,0,1,5.73354E+20,6.01992E+21,1.01278E+16,5.43219E+16
120000,1.17091E+18,1,0,57,43,2017,9,13,4,3,0,7,1,0,0,0,0,0,0,5.79585E+20,6.02863E+21,1.02259E+16,5.43992E+16
120001,1.17091E+18,1,0,2,0,2017,9,7,4,2,7,1,1,0,0,0,0,1,1,5.73898E+20,6.02209E+21,1.01367E+16,5.43413E+16
120002,1.17091E+18,1,0,2,0,2017,9,17,4,3,0,1,1,0,0,0,0,0,1,5.69967E+20,6.01958E+21,1.00757E+16,5.43193E+16
120003,1.17091E+18,1,0,60,5,2017,9,11,3,3,5,3,0,1,0,0,0,0,0,5.84749E+20,5.9788E+21,1.02914E+16,5.39506E+16
120004,1.17091E+18,1,0,62,18,2017,9,12,3,3,5,2,0,1,0,0,0,0,0,5.81479E+20,5.93119E+21,1.0229E+16,5.35233E+16
120005,1.17091E+18,1,0,55,16,2017,9,15,3,3,0,1,1,0,0,0,0,0,0,6.27208E+20,6.00078E+21,1.09473E+16,5.41394E+16
120006,1.17091E+18,1,0,55,37,2017,9,6,3,3,0,7,0,0,0,1,0,0,0,6.1887E+20,6.0056E+21,1.08216E+16,5.41847E+16
120007,1.17091E+18,1,0,3,0,2017,9,10,3,3,5,3,1,1,0,0,0,0,0,6.09546E+20,5.96875E+21,1.06655E+16,5.38556E+16
120008,1.17091E+18,1,0,55,46,2017,9,19,3,3,0,1,1,0,0,0,0,2,0,6.42388E+20,6.03358E+21,1.11951E+16,5.44299E+16
120009,1.17091E+18,1,0,58,135,2017,9,10,3,2,6,2,0,1,1,0,0,0,0,5.42814E+20,6.01817E+21,9.65806E+15,5.43096E+16
120010,1.17091E+18,1,0,58,58,2017,9,18,3,3,5,2,1,1,0,0,0,0,0,5.63937E+20,6.02935E+21,9.98506E+15,5.44079E+16
120011,1.17091E+18,1,0,58,24,2017,9,9,3,2,1,7,1,0,0,0,1,0,0,5.46158E+20,6.02081E+21,9.70985E+15,5.43331E+16
120012,1.17091E+18,1,0,58,137,2017,9,19,3,3,7,1,1,0,0,0,0,0,0,5.52585E+20,6.044E+21,9.81279E+15,5.45408E+16
120013,1.17091E+18,1,0,54,164,2017,9,7,3,3,0,1,1,0,0,0,0,0,0,4.71491E+20,6.06078E+21,8.55769E+15,5.46935E+16
120014,1.17091E+18,1,0,54,56,2017,9,18,3,3,0,7,1,0,0,0,0,0,0,5.03251E+20,6.03636E+21,9.05017E+15,5.44748E+16
120015,1.1709E+18,1,0,51,44,2017,9,10,2,3,1,6,0,1,0,0,0,0,0,5.05825E+20,6.00489E+21,9.08928E+15,5.41921E+16
120016,1.1709E+18,1,0,56,2,2017,9,13,2,3,5,3,1,1,0,0,0,0,0,5.50623E+20,5.96046E+21,9.76844E+15,5.37902E+16
120017,1.1709E+18,1,0,60,63,2017,9,14,2,3,8,6,0,0,0,1,1,0,0,5.65982E+20,5.95232E+21,9.9998E+15,5.37154E+16
120018,1.1709E+18,1,0,53,32,2017,9,15,2,3,4,6,0,1,0,0,1,0,0,5.9098E+20,5.92096E+21,1.03694E+16,5.34298E+16
120019,1.1709E+18,1,0,53,32,2017,9,13,2,2,6,7,0,1,1,0,0,0,0,5.90828E+20,5.92175E+21,1.03673E+16,5.34369E+16
120020,1.1709E+18,1,0,62,6,2017,9,13,2,3,5,2,1,1,0,0,0,0,0,5.83378E+20,5.95434E+21,1.02639E+16,5.37311E+16
120021,1.1709E+18,1,0,53,86,2017,9,12,2,2,8,6,0,1,0,0,0,0,0,6.00616E+20,5.94942E+21,1.05235E+16,5.36838E+16
120022,1.1709E+18,1,0,62,53,2017,9,15,2,3,5,3,1,0,0,0,1,0,0,5.76369E+20,5.93353E+21,1.01525E+16,5.35451E+16
120023,1.1709E+18,1,0,55,17,2017,9,14,2,3,0,1,1,0,0,0,0,0,0,6.35452E+20,6.0267E+21,1.10851E+16,5.43701E+16
120024,1.1709E+18,1,0,3,0,2017,9,12,2,3,6,7,0,1,1,0,0,0,0,6.12606E+20,5.96669E+21,1.07113E+16,5.38365E+16
120025,1.1709E+18,1,0,55,46,2017,9,17,2,3,6,2,0,1,1,0,0,0,0,6.42437E+20,6.03448E+21,1.11963E+16,5.44381E+16
120026,1.1709E+18,1,0,55,12,2017,9,16,2,3,2,6,0,1,0,0,0,0,0,6.04974E+20,5.99875E+21,1.06064E+16,5.41261E+16
120027,1.1709E+18,1,0,55,16,2017,9,18,2,3,6,4,1,0,1,0,0,0,0,6.282E+20,6.00206E+21,1.0963E+16,5.41507E+16
120028,1.1709E+18,1,0,3,0,2017,9,14,2,3,5,2,1,0,0,0,0,0,0,6.09009E+20,5.96918E+21,1.06575E+16,5.38596E+16
120029,1.1709E+18,1,0,55,35,2017,9,7,2,3,0,3,0,1,0,0,0,0,0,6.14814E+20,5.97621E+21,1.07484E+16,5.39215E+16