OBJECTID,UIDENTSTLA,ULAND,UREGBEZ,UKREIS,UGEMEINDE,UJAHR,UMONAT,USTUNDE,UWOCHENTAG,UKATEGORIE,UART,UTYP1,IstRad,IstPKW,IstFuss,IstKrad,IstSonstig,LICHT,STRZUSTAND,LINREFX,LINREFY,XGCSWGS84,YGCSWGS84
120030,1.1709E+18,1,0,3,0,2017,9,10,2,3,2,2,0,1,0,0,0,0,0,6.10721E+20,5.96996E+21,1.06838E+16,5.38663E+16
120031,1.1709E+18,1,0,58,124,2017,9,7,2,3,1,5,0,1,0,0,1,0,0,5.4513E+20,6.01618E+21,9.69335E+15,5.42916E+16
120032,1.1709E+18,1,0,2,0,2017,9,8,2,3,4,6,1,0,0,0,0,0,0,5.73965E+20,6.01914E+21,1.0137E+16,5.43148E+16
120033,1.1709E+18,1,0,57,43,2017,9,9,2,3,0,7,1,0,0,0,0,0,0,5.7909E+20,6.02887E+21,1.02184E+16,5.44015E+16
120034,1.1709E+18,1,0,57,91,2017,9,16,2,2,0,1,0,0,0,1,0,0,0,5.78963E+20,6.017E+21,1.02133E+16,5.42948E+16
120035,1.1709E+18,1,0,61,56,2017,9,3,1,3,6,6,0,1,1,0,0,2,0,5.31559E+20,5.97064E+21,9.48011E+15,5.38832E+16
120036,1.1709E+18,1,0,55,12,2017,9,3,1,3,8,1,0,1,0,0,0,2,0,6.05244E+20,5.99956E+21,1.06108E+16,5.41334E+16
120037,1.1709E+18,1,0,55,33,2017,9,17,1,3,0,7,1,0,0,0,0,0,0,6.23822E+20,6.01808E+21,1.09026E+16,5.42956E+16
120038,1.1709E+18,1,0,3,0,2017,9,17,1,3,2,6,0,1,0,1,0,0,0,6.10908E+20,5.96987E+21,1.06866E+16,5.38655E+16
120039,1.1709E+18,1,0,57,81,2017,9,2,1,3,6,6,0,1,1,0,0,2,0,5.89077E+20,6.02267E+21,1.03703E+16,5.43441E+16
120040,1.1709E+18,1,0,57,91,2017,9,15,1,3,5,3,0,1,0,0,0,0,0,5.79222E+20,6.01635E+21,1.02171E+16,5.42889E+16
120041,1.1709E+18,1,0,59,158,2017,9,14,1,3,2,2,0,1,0,0,0,0,0,5.11571E+20,6.06806E+21,9.17981E+15,5.47596E+16
120042,1.1709E+18,1,0,59,73,2017,9,14,1,3,1,5,0,1,0,0,0,0,0,5.40909E+20,6.04449E+21,9.63241E+15,5.45463E+16
120043,1.1709E+18,1,0,60,44,2017,9,18,7,3,5,3,1,1,0,0,0,0,0,5.62826E+20,5.965E+21,9.95456E+15,5.38297E+16
120044,1.1709E+18,1,0,53,35,2017,9,22,7,3,8,2,0,1,0,0,0,2,0,6.14314E+20,5.93312E+21,1.07248E+16,5.35346E+16
120045,1.1709E+18,1,0,58,44,2017,9,11,7,2,8,1,0,0,0,1,0,0,0,5.56022E+20,5.98895E+21,9.8556E+15,5.40457E+16
120046,1.1709E+18,1,0,58,92,2017,9,20,7,3,0,7,1,0,0,0,0,2,0,5.70006E+20,6.02152E+21,1.00767E+16,5.43368E+16
120047,1.1709E+18,1,0,2,0,2017,9,19,7,3,5,3,1,1,0,0,0,0,0,5.73167E+20,6.01537E+21,1.01238E+16,5.4281E+16
120048,1.1709E+18,1,0,2,0,2017,9,11,7,3,5,2,1,1,0,0,0,0,0,5.73918E+20,6.02074E+21,1.01367E+16,5.43291E+16
120049,1.1709E+18,1,0,59,83,2017,9,18,7,3,5,3,0,1,0,1,0,0,0,5.49161E+20,6.05518E+21,9.76175E+15,5.46416E+16
120050,1.1709E+18,1,0,59,75,2017,9,16,7,3,6,3,0,1,1,0,0,0,0,5.36892E+20,6.04129E+21,9.5699E+15,5.45178E+16
120051,1.1709E+18,1,0,54,149,2017,9,20,7,3,0,7,1,0,0,0,0,0,0,4.56464E+20,6.08821E+21,8.32044E+15,5.4939E+16
120052,1.1709E+18,1,0,1,0,2017,9,17,7,3,5,3,1,1,0,0,0,0,0,5.30926E+20,6.07345E+21,9.48116E+15,5.48073E+16
120053,1.1709E+18,1,0,54,168,2017,9,23,7,3,8,7,1,0,0,0,0,2,0,4.54405E+20,6.07908E+21,8.28975E+15,5.48568E+16
120054,1.1709E+18,1,0,61,92,2017,9,17,6,2,0,1,0,0,0,1,0,0,0,5.37827E+20,5.96944E+21,9.57532E+15,5.38721E+16
120055,1.1709E+18,1,0,56,39,2017,9,14,6,3,2,6,0,1,0,0,0,0,0,5.53228E+20,5.9443E+21,9.8052E+15,5.36447E+16
120056,1.1709E+18,1,0,60,63,2017,9,17,6,3,2,6,0,1,0,0,1,0,0,5.64202E+20,5.94694E+21,9.97172E+15,5.36672E+16
120057,1.1709E+18,1,0,53,32,2017,9,10,6,3,5,3,0,0,0,1,1,0,0,5.90772E+20,5.92183E+21,1.03665E+16,5.34376E+16
120058,1.1709E+18,1,0,3,0,2017,9,9,6,3,5,3,0,1,0,0,0,0,0,6.08659E+20,5.96617E+21,1.06511E+16,5.38327E+16
120059,1.1709E+18,1,0,3,0,2017,9,8,6,3,5,3,1,1,0,0,0,0,0,6.0999E+20,5.96769E+21,1.06719E+16,5.3846E+16
120060,1.1709E+18,1,0,2,0,2017,9,16,6,3,2,6,0,1,0,1,0,0,0,5.68041E+20,6.01916E+21,1.0046E+16,5.43158E+16
120061,1.1709E+18,1,0,2,0,2017,9,13,6,3,3,6,1,1,0,0,0,0,0,5.73838E+20,6.02119E+21,1.01356E+16,5.43332E+16
120062,1.1709E+18,1,0,59,142,2017,9,12,6,3,0,7,1,0,0,0,0,0,0,5.63897E+20,6.06034E+21,9.99119E+15,5.46864E+16
120063,1.17083E+18,1,0,61,40,2017,8,9,5,3,0,1,1,0,0,0,0,0,0,5.3472E+20,5.98261E+21,9.52956E+15,5.39906E+16
120064,1.17083E+18,1,0,61,46,2017,8,16,5,3,6,4,0,1,1,0,0,0,0,5.34208E+20,5.97497E+21,9.52089E+15,5.3922E+16
120065,1.17083E+18,1,0,60,5,2017,8,12,5,3,3,6,0,1,0,0,0,0,0,5.85179E+20,5.97928E+21,1.02981E+16,5.39549E+16
120066,1.17083E+18,1,0,56,50,2017,8,13,5,3,2,6,1,1,0,0,0,0,0,5.46788E+20,5.93673E+21,9.70664E+15,5.35774E+16
120067,1.17083E+18,1,0,53,50,2017,8,12,5,3,0,7,1,0,0,0,0,0,0,5.94064E+20,5.9234E+21,1.04165E+16,5.34512E+16
120068,1.17083E+18,1,0,58,117,2017,8,10,5,3,5,3,0,1,0,0,0,0,1,5.5626E+20,6.00161E+21,9.86159E+15,5.41595E+16
120069,1.17083E+18,1,0,54,56,2017,8,15,5,3,2,6,0,1,0,0,0,0,1,5.03656E+20,6.03685E+21,9.05643E+15,5.44793E+16
120070,1.17083E+18,1,0,54,168,2017,8,15,5,3,0,7,1,0,0,0,0,0,1,4.55442E+20,6.08508E+21,8.30498E+15,5.49107E+16
120071,1.17083E+18,1,0,54,113,2017,8,11,5,2,5,3,0,1,0,0,0,0,1,4.76755E+20,6.0171E+21,8.6428E+15,5.43013E+16
120072,1.17083E+18,1,0,56,15,2017,8,14,4,3,6,7,1,0,1,0,0,0,0,5.435E+20,5.95663E+21,9.65978E+15,5.37564E+16
120073,1.17083E+18,1,0,56,43,2017,8,18,4,3,6,1,1,0,1,0,0,0,0,5.54688E+20,5.94483E+21,9.82738E+15,5.36494E+16
120074,1.17083E+18,1,0,56,18,2017,8,9,4,3,5,3,1,1,0,0,0,0,0,5.55524E+20,5.94329E+21,9.83975E+15,5.36354E+16
120075,1.17083E+18,1,0,53,100,2017,8,15,4,3,8,1,0,1,0,0,0,0,0,6.16935E+20,5.95E+21,1.07707E+16,5.36856E+16
120076,1.17083E+18,1,0,55,35,2017,8,12,4,3,5,7,1,1,0,0,0,0,0,6.13869E+20,5.97602E+21,1.07339E+16,5.39201E+16
120077,1.17083E+18,1,0,55,46,2017,8,15,4,3,3,6,1,1,0,0,0,0,0,6.42262E+20,6.03486E+21,1.11937E+16,5.44415E+16
120078,1.17083E+18,1,0,58,135,2017,8,13,4,3,5,3,1,1,0,0,0,0,0,5.44469E+20,6.01718E+21,9.68334E+15,5.43006E+16
120079,1.17083E+18,1,0,59,120,2017,8,14,4,3,5,3,0,1,0,0,0,0,1,5.24831E+20,6.07269E+21,9.38626E+15,5.48008E+16
120080,1.17083E+18,1,0,61,13,2017,8,16,3,3,0,1,1,0,0,0,0,0,0,5.28171E+20,5.98837E+21,9.43021E+15,5.40428E+16
120081,1.17083E+18,1,0,61,46,2017,8,13,3,3,6,4,1,0,1,0,0,0,0,5.33719E+20,5.97543E+21,9.5135E+15,5.39262E+16
120082,1.17083E+18,1,0,60,63,2017,8,10,3,3,0,1,1,0,0,0,0,0,0,5.64581E+20,5.94846E+21,9.97778E+15,5.36808E+16
120083,1.17083E+18,1,0,60,63,2017,8,16,3,3,5,2,1,1,0,0,0,0,0,5.63963E+20,5.94759E+21,9.96825E+15,5.36732E+16
120084,1.17083E+18,1,0,56,2,2017,8,20,3,3,0,7,1,0,0,0,0,1,0,5.50409E+20,5.96021E+21,9.76515E+15,5.3788E+16
120085,1.17083E+18,1,0,53,90,2017,8,16,3,2,5,2,0,1,0,1,0,0,0,6.11878E+20,5.94205E+21,1.06913E+16,5.36153E+16
120086,1.17083E+18,1,0,3,0,2017,8,10,3,3,5,3,1,1,0,0,0,0,0,6.13535E+20,5.96986E+21,1.07265E+16,5.38648E+16
120087,1.17083E+18,1,0,2,0,2017,8,16,3,3,5,2,0,1,0,0,0,0,0,5.72449E+20,6.01894E+21,1.01137E+16,5.43131E+16
120088,1.17083E+18,1,0,54,164,2017,8,14,3,3,0,7,1,0,0,0,0,0,0,4.72134E+20,6.06057E+21,8.56769E+15,5.46917E+16
120089,1.17083E+18,1,0,54,33,2017,8,10,3,3,5,3,0,1,0,0,1,0,0,5.05791E+20,6.02503E+21,9.08914E+15,5.4373E+16
120090,1.17083E+18,1,0,56,15,2017,8,16,2,3,2,6,0,1,0,0,0,0,0,5.4661E+20,5.95523E+21,9.70673E+15,5.37436E+16
120091,1.17083E+18,1,0,56,15,2017,8,12,2,3,3,6,1,0,0,0,0,0,0,5.43607E+20,5.9566E+21,9.6614E+15,5.37562E+16
120092,1.17083E+18,1,0,62,9,2017,8,14,2,3,5,2,0,1,0,1,0,0,0,5.77253E+20,5.93622E+21,1.01665E+16,5.35692E+16
120093,1.17083E+18,1,0,55,12,2017,8,15,2,3,0,7,1,0,0,0,0,0,0,6.05293E+20,5.99953E+21,1.06115E+16,5.41331E+16
120094,1.17083E+18,1,0,55,12,2017,8,11,2,3,0,7,1,1,0,0,0,0,1,6.0567E+20,5.99964E+21,1.06173E+16,5.4134E+16
120095,1.17083E+18,1,0,55,16,2017,8,6,2,3,7,7,1,0,0,0,0,0,1,6.26932E+20,6.00446E+21,1.09446E+16,5.41724E+16
120096,1.17083E+18,1,0,55,46,2017,8,8,2,3,2,6,0,1,0,1,0,0,0,6.42535E+20,6.03411E+21,1.11976E+16,5.44347E+16
120097,1.17083E+18,1,0,55,21,2017,8,11,2,3,5,7,1,1,0,0,0,0,0,6.28853E+20,6.02684E+21,1.09836E+16,5.4373E+16
120098,1.17083E+18,1,0,55,32,2017,8,13,2,3,5,3,0,1,0,0,0,0,0,6.21124E+20,5.9964E+21,1.08524E+16,5.41015E+16
120099,1.17083E+18,1,0,2,0,2017,8,18,2,2,0,7,1,0,0,0,0,0,0,5.77836E+20,6.0172E+21,1.0196E+16,5.42968E+16
120100,1.17083E+18,1,0,2,0,2017,8,13,2,3,5,2,0,1,0,0,1,0,0,5.76547E+20,6.02093E+21,1.01771E+16,5.43305E+16
120101,1.17083E+18,1,0,2,0,2017,8,19,2,3,2,6,0,1,0,0,0,0,0,5.71122E+20,6.02279E+21,1.00942E+16,5.4348E+16
120102,1.17083E+18,1,0,1,0,2017,8,10,2,3,4,6,1,0,0,0,0,0,0,5.27912E+20,6.0711E+21,9.43404E+15,5.47863E+16
120103,1.17083E+18,1,0,54,95,2017,8,12,2,3,0,7,1,0,0,0,0,0,0,4.98425E+20,6.02176E+21,8.97577E+15,5.43437E+16
120104,1.17083E+18,1,0,62,36,2017,8,12,1,2,2,6,1,0,0,0,0,0,0,5.81139E+20,5.95309E+21,1.02296E+16,5.37201E+16
120105,1.17083E+18,1,0,55,7,2017,8,12,1,3,5,3,1,0,0,1,0,0,0,5.96615E+20,5.99529E+21,1.04774E+16,5.40967E+16
120106,1.17083E+18,1,0,58,42,2017,8,12,1,3,5,2,1,1,0,0,0,0,0,5.63949E+20,6.05057E+21,9.98985E+15,5.45986E+16
120107,1.17083E+18,1,0,2,0,2017,8,2,1,3,0,1,1,0,0,0,0,2,1,5.73152E+20,6.02102E+21,1.0125E+16,5.43318E+16
120108,1.17083E+18,1,0,54,113,2017,8,15,1,3,0,1,0,0,0,1,0,0,0,4.75767E+20,6.01857E+21,8.6275E+15,5.43144E+16
120109,1.17083E+18,1,0,60,44,2017,8,12,7,2,5,2,1,1,0,0,0,0,0,5.64248E+20,5.96509E+21,9.9762E+15,5.38304E+16
120110,1.17083E+18,1,0,62,16,2017,8,12,7,3,5,3,0,1,0,0,1,0,0,5.85291E+20,5.95826E+21,1.02939E+16,5.3766E+16
120111,1.17083E+18,1,0,55,16,2017,8,0,7,3,1,6,0,1,0,0,0,2,0,6.29241E+20,6.00229E+21,1.0979E+16,5.41525E+16
120112,1.17083E+18,1,0,3,0,2017,8,19,7,3,2,6,1,1,0,0,0,0,0,6.11194E+20,5.96978E+21,1.06909E+16,5.38646E+16
120113,1.17083E+18,1,0,55,16,2017,8,12,7,2,0,1,1,0,0,0,0,0,0,6.2718E+20,6.00281E+21,1.09477E+16,5.41576E+16
120114,1.17083E+18,1,0,4,0,2017,8,17,7,3,6,2,0,0,1,0,1,0,0,5.65022E+20,5.99212E+21,9.99372E+15,5.40732E+16
120115,1.17083E+18,1,0,57,25,2017,8,16,7,3,5,2,1,0,0,0,0,0,0,5.77721E+20,6.02626E+21,1.01966E+16,5.43782E+16
120116,1.17102E+18,1,0,62,6,2017,10,9,2,3,5,2,1,1,0,0,0,0,1,5.83355E+20,5.95418E+21,1.02635E+16,5.37296E+16
120117,1.17103E+18,1,0,58,169,2017,10,15,4,3,2,6,0,1,0,0,0,0,0,5.60977E+20,5.99209E+21,9.9319E+15,5.40734E+16
120118,1.17102E+18,1,0,62,60,2017,10,11,3,3,5,3,0,1,0,1,0,0,0,5.81438E+20,5.93E+21,1.02281E+16,5.35126E+16
120119,1.17102E+18,1,0,55,10,2017,10,13,3,3,0,7,0,1,1,0,0,0,1,6.35785E+20,6.01054E+21,1.10829E+16,5.42248E+16
120120,1.17102E+18,1,0,58,77,2017,10,18,3,3,0,7,1,0,0,0,0,2,1,5.43E+20,5.99452E+21,9.65752E+15,5.40971E+16
120121,1.17102E+18,1,0,54,59,2017,10,16,3,3,8,1,0,0,0,0,1,0,1,5.09308E+20,6.05466E+21,9.14421E+15,5.46393E+16
120122,1.17102E+18,1,0,60,5,2017,10,17,2,3,5,3,1,1,0,0,0,0,1,5.85818E+20,5.97742E+21,1.03073E+16,5.39381E+16
120123,1.17102E+18,1,0,56,39,2017,10,19,2,3,5,3,0,1,0,0,0,2,1,5.53669E+20,5.94549E+21,9.81207E+15,5.36554E+16
120124,1.17102E+18,1,0,56,39,2017,10,7,2,3,4,6,1,1,0,0,0,0,1,5.52633E+20,5.9462E+21,9.79652E+15,5.36619E+16
120125,1.17102E+18,1,0,60,4,2017,10,16,2,3,5,3,1,1,0,0,0,0,1,5.5714E+20,5.9748E+21,9.87002E+15,5.39185E+16
120126,1.17102E+18,1,0,53,90,2017,10,6,2,2,5,3,0,1,0,0,0,2,1,6.11924E+20,5.94194E+21,1.06919E+16,5.36143E+16
120127,1.17102E+18,1,0,53,32,2017,10,14,2,3,2,6,0,1,0,0,0,0,1,5.897E+20,5.92173E+21,1.03503E+16,5.3437E+16
120128,1.17102E+18,1,0,3,0,2017,10,16,2,3,5,3,0,1,0,0,0,0,1,6.11003E+20,5.96826E+21,1.06875E+16,5.3851E+16
120129,1.17102E+18,1,0,2,0,2017,10,12,2,3,0,7,1,0,0,0,0,0,1,5.72424E+20,6.01775E+21,1.0113E+16,5.43025E+16
120130,1.17102E+18,1,0,2,0,2017,10,8,2,3,0,6,1,1,0,0,0,0,1,5.73566E+20,6.02E+21,1.01311E+16,5.43225E+16
120131,1.17102E+18,1,0,54,65,2017,10,5,2,3,4,2,1,1,0,0,0,2,1,4.79212E+20,6.0796E+21,8.67614E+15,5.48631E+16
120132,1.17102E+18,1,0,54,56,2017,10,15,2,3,5,3,0,1,0,0,1,0,0,5.03685E+20,6.03587E+21,9.05686E+15,5.44705E+16
120133,1.17102E+18,1,0,60,65,2017,10,4,1,3,9,1,0,1,0,0,0,2,1,5.75774E+20,5.96424E+21,1.01511E+16,5.38212E+16
120134,1.17102E+18,1,0,56,41,2017,10,17,1,3,0,7,1,0,0,0,0,1,1,5.6199E+20,5.95654E+21,9.94017E+15,5.37538E+16
120135,1.17102E+18,1,0,56,51,2017,10,8,1,3,6,4,0,0,1,0,1,0,1,5.44858E+20,5.96791E+21,9.68202E+15,5.38578E+16
120136,1.17102E+18,1,0,53,28,2017,10,19,1,2,5,3,0,1,0,0,0,2,1,5.87392E+20,5.92384E+21,1.03162E+16,5.34564E+16
120137,1.17102E+18,1,0,58,43,2017,10,17,1,3,3,6,1,1,0,0,0,1,1,5.549E+20,6.03692E+21,9.84725E+15,5.44769E+16
120138,1.17102E+18,1,0,60,39,2017,10,19,7,3,1,5,0,0,0,0,1,2,1,5.64422E+20,5.96207E+21,9.9782E+15,5.38032E+16
120139,1.17102E+18,1,0,53,90,2017,10,10,7,3,0,3,1,1,0,0,0,0,1,6.116E+20,5.94268E+21,1.06873E+16,5.3621E+16
120140,1.17102E+18,1,0,61,46,2017,10,19,6,3,2,6,0,1,0,0,0,2,1,5.32374E+20,5.97867E+21,9.49336E+15,5.39553E+16
120141,1.17102E+18,1,0,56,50,2017,10,15,6,3,5,3,0,1,0,0,0,0,1,5.48513E+20,5.93685E+21,9.73272E+15,5.35782E+16
120142,1.17102E+18,1,0,60,63,2017,10,22,6,3,4,6,0,1,0,1,0,2,1,5.67105E+20,5.94922E+21,1.00161E+16,5.36874E+16
120143,1.17102E+18,1,0,53,32,2017,10,16,6,3,6,7,0,1,1,0,0,0,1,5.91192E+20,5.92151E+21,1.03727E+16,5.34348E+16
120144,1.17102E+18,1,0,55,21,2017,10,12,6,3,0,7,1,1,0,0,0,0,0,6.3027E+20,6.02613E+21,1.10051E+16,5.43663E+16
120145,1.17102E+18,1,0,3,0,2017,10,9,6,3,3,6,1,0,0,0,1,0,0,6.0578E+20,5.96999E+21,1.06087E+16,5.38676E+16
120146,1.17102E+18,1,0,4,0,2017,10,14,6,2,5,3,1,1,0,0,0,0,1,5.64684E+20,5.99149E+21,9.98841E+15,5.40676E+16
120147,1.17102E+18,1,0,54,168,2017,10,14,6,3,3,6,1,1,0,0,0,0,0,4.5527E+20,6.08414E+21,8.30243E+15,5.49023E+16
120148,1.17102E+18,1,0,56,43,2017,10,10,5,3,5,3,0,1,0,0,0,0,0,5.54191E+20,5.94547E+21,9.81996E+15,5.36552E+16
120149,1.17102E+18,1,0,60,39,2017,10,12,5,3,0,7,1,0,0,0,0,0,0,5.64691E+20,5.96043E+21,9.98195E+15,5.37884E+16
120150,1.17102E+18,1,0,56,15,2017,10,16,5,3,4,2,0,1,0,0,0,1,0,5.43898E+20,5.95637E+21,9.66577E+15,5.37541E+16
120151,1.17102E+18,1,0,62,4,2017,10,17,5,3,6,7,1,0,1,0,0,1,0,5.90264E+20,5.96317E+21,1.03708E+16,5.38093E+16
120152,1.17102E+18,1,0,62,61,2017,10,13,5,3,5,2,0,1,0,0,0,0,0,5.98249E+20,5.96548E+21,1.04928E+16,5.38286E+16
120153,1.17102E+18,1,0,58,43,2017,10,6,5,3,6,4,0,1,1,0,0,1,0,5.54227E+20,6.036E+21,9.83671E+15,5.44688E+16
120154,1.17102E+18,1,0,4,0,2017,10,12,5,2,0,7,0,1,0,0,0,0,0,5.64541E+20,5.99168E+21,9.98627E+15,5.40693E+16
120155,1.17102E+18,1,0,57,25,2017,10,15,5,3,5,3,1,1,0,0,0,0,0,5.78309E+20,6.0254E+21,1.02054E+16,5.43704E+16
120156,1.17102E+18,1,0,2,0,2017,10,6,5,3,5,2,1,0,0,0,1,2,0,5.73211E+20,6.01845E+21,1.01252E+16,5.43087E+16
120157,1.17102E+18,1,0,2,0,2017,10,16,5,3,0,7,1,0,0,0,0,0,0,5.73834E+20,6.02185E+21,1.01357E+16,5.43392E+16
120158,1.17102E+18,1,0,1,0,2017,10,16,5,3,5,2,1,1,0,0,0,0,0,5.28116E+20,6.07103E+21,9.4372E+15,5.47857E+16
120159,1.17102E+18,1,0,54,168,2017,10,20,5,3,0,1,1,0,0,0,0,2,0,4.56562E+20,6.0839E+21,8.32262E+15,5.49002E+16
120160,1.17102E+18,1,0,56,18,2017,10,11,4,3,5,3,0,1,0,0,0,0,0,5.55739E+20,5.9434E+21,9.84302E+15,5.36365E+16
120161,1.17102E+18,1,0,56,50,2017,10,19,4,3,0,1,1,0,0,0,0,2,0,5.46262E+20,5.93666E+21,9.6987E+15,5.35767E+16
120162,1.17102E+18,1,0,60,63,2017,10,12,4,3,5,2,0,1,0,0,0,0,0,5.67552E+20,5.95319E+21,1.00238E+16,5.3723E+16
120163,1.17102E+18,1,0,53,90,2017,10,18,4,3,5,2,0,1,0,1,0,2,0,6.11475E+20,5.9427E+21,1.06854E+16,5.36213E+16
120164,1.17102E+18,1,0,62,27,2017,10,13,4,3,8,7,0,0,0,1,0,0,0,5.87103E+20,5.952E+21,1.03197E+16,5.37094E+16
120165,1.17102E+18,1,0,55,12,2017,10,12,4,3,5,3,1,1,0,0,0,0,0,6.0496E+20,5.99996E+21,1.06066E+16,5.4137E+16
120166,1.17102E+18,1,0,3,0,2017,10,8,4,3,0,7,1,0,0,0,0,0,1,6.11315E+20,5.9686E+21,1.06923E+16,5.38539E+16
120167,1.17102E+18,1,0,3,0,2017,10,16,4,3,0,2,0,1,0,0,1,0,0,6.11938E+20,5.96715E+21,1.07013E+16,5.38408E+16
120168,1.17102E+18,1,0,2,0,2017,10,9,4,3,0,3,0,0,0,1,1,0,0,5.74437E+20,6.0187E+21,1.01441E+16,5.43107E+16
120169,1.17102E+18,1,0,54,56,2017,10,9,4,3,1,6,0,1,0,0,0,0,0,5.0433E+20,6.03817E+21,9.06685E+15,5.44911E+16
120170,1.17102E+18,1,0,56,43,2017,10,8,3,3,2,6,0,1,0,0,0,0,0,5.5405E+20,5.9455E+21,9.81784E+15,5.36555E+16
120171,1.17102E+18,1,0,60,19,2017,10,8,3,3,0,7,1,1,0,0,0,0,0,5.60393E+20,5.95682E+21,9.91601E+15,5.37565E+16
120172,1.17102E+18,1,0,56,41,2017,10,11,3,3,5,3,0,1,0,0,0,0,0,5.63269E+20,5.95625E+21,9.95951E+15,5.37511E+16
120173,1.17102E+18,1,0,62,6,2017,10,13,3,3,2,6,0,1,0,0,0,0,0,5.83258E+20,5.95477E+21,1.02622E+16,5.37349E+16
120174,1.17102E+18,1,0,62,23,2017,10,16,3,3,6,4,0,1,1,0,0,0,0,5.83535E+20,5.94563E+21,1.02639E+16,5.36528E+16
120175,1.17102E+18,1,0,62,4,2017,10,16,3,3,5,2,1,1,0,0,0,0,0,5.91E+20,5.96224E+21,1.03817E+16,5.38007E+16
120176,1.17102E+18,1,0,58,135,2017,10,15,3,3,5,3,1,1,0,0,0,0,0,5.44129E+20,6.01728E+21,9.67813E+15,5.43015E+16
120177,1.17102E+18,1,0,58,152,2017,10,20,3,2,9,1,0,0,0,1,0,2,0,5.53233E+20,6.02533E+21,9.81945E+15,5.4373E+16
120178,1.17102E+18,1,0,58,170,2017,10,18,3,2,0,7,0,0,0,1,0,1,1,5.68619E+20,6.00342E+21,1.00512E+16,5.41743E+16
120179,1.17102E+18,1,0,51,44,2017,10,9,2,2,1,5,1,1,0,0,0,0,0,5.06472E+20,6.00647E+21,9.09923E+15,5.42062E+16
120180,1.17102E+18,1,0,51,44,2017,10,14,2,3,3,2,1,1,0,0,0,0,0,5.05407E+20,6.00523E+21,9.08288E+15,5.41951E+16
120181,1.17102E+18,1,0,60,5,2017,10,15,2,3,5,3,0,1,0,0,0,0,0,5.85447E+20,5.97912E+21,1.03021E+16,5.39534E+16
120182,1.17102E+18,1,0,60,63,2017,10,12,2,3,5,3,1,1,0,0,0,0,0,5.63931E+20,5.94879E+21,9.96801E+15,5.36839E+16
120183,1.17102E+18,1,0,62,33,2017,10,19,2,3,0,7,0,0,0,1,0,2,0,5.98162E+20,5.94339E+21,1.04844E+16,5.363E+16
120184,1.17102E+18,1,0,62,4,2017,10,8,2,3,2,6,0,1,0,0,0,0,0,5.90752E+20,5.96292E+21,1.03781E+16,5.38069E+16
120185,1.17102E+18,1,0,3,0,2017,10,16,2,3,5,3,0,1,0,0,0,0,0,6.12355E+20,5.96785E+21,1.07079E+16,5.3847E+16
120186,1.17102E+18,1,0,58,135,2017,10,22,2,3,9,1,0,0,0,1,0,2,0,5.43457E+20,6.01647E+21,9.66768E+15,5.42943E+16
120187,1.17102E+18,1,0,57,43,2017,10,14,2,3,6,7,1,0,1,0,0,0,0,5.79202E+20,6.0293E+21,1.02202E+16,5.44053E+16
120188,1.17102E+18,1,0,54,89,2017,10,16,2,2,5,3,1,1,0,0,0,0,0,4.5686E+20,6.05942E+21,8.3309E+15,5.46803E+16
120189,1.17102E+18,1,0,54,56,2017,10,15,2,3,1,6,0,0,0,1,1,0,0,5.03348E+20,6.03604E+21,9.05166E+15,5.4472E+16
120190,1.17102E+18,1,0,55,15,2017,10,16,1,3,3,6,1,1,0,0,0,0,0,6.27031E+20,6.02337E+21,1.09541E+16,5.43423E+16
120191,1.17102E+18,1,0,3,0,2017,10,14,1,3,1,1,1,1,0,0,0,0,0,6.12988E+20,5.97246E+21,1.07192E+16,5.38882E+16
120192,1.17102E+18,1,0,57,8,2017,10,15,1,2,9,1,0,0,0,1,0,0,0,5.6779E+20,5.99393E+21,1.00364E+16,5.40891E+16
120193,1.17102E+18,1,0,57,91,2017,10,3,1,3,9,1,0,1,0,0,0,2,1,5.79191E+20,6.01637E+21,1.02166E+16,5.42891E+16
120194,1.17102E+18,1,0,54,168,2017,10,11,1,3,0,7,0,1,0,0,1,0,0,4.55623E+20,6.08492E+21,8.30782E+15,5.49093E+16
120195,1.17101E+18,1,0,60,63,2017,10,20,7,3,9,7,0,1,0,0,0,2,0,5.65679E+20,5.95103E+21,9.99495E+15,5.37038E+16
120196,1.17101E+18,1,0,53,9,2017,10,12,7,3,5,3,1,1,0,0,0,0,0,6.08157E+20,5.95502E+21,1.06396E+16,5.37326E+16
120197,1.17101E+18,1,0,3,0,2017,10,19,7,3,5,3,1,1,0,0,0,2,1,6.11315E+20,5.96782E+21,1.06921E+16,5.38469E+16
120198,1.17101E+18,1,0,59,75,2017,10,17,7,3,9,1,1,0,0,0,0,1,1,5.34392E+20,6.03909E+21,9.53104E+15,5.44983E+16
120199,1.17101E+18,1,0,54,106,2017,10,11,7,3,4,2,1,1,0,0,0,0,1,5.08178E+20,6.03248E+21,9.1261E+15,5.44399E+16
120200,1.17101E+18,1,0,61,46,2017,10,7,6,2,5,2,0,1,0,1,0,0,0,5.32062E+20,5.97884E+21,9.48862E+15,5.39569E+16
120201,1.17101E+18,1,0,51,11,2017,10,14,6,3,2,6,0,1,0,0,0,0,0,5.09723E+20,5.97417E+21,9.14803E+15,5.39159E+16