OBJECTID,UIDENTSTLA,ULAND,UREGBEZ,UKREIS,UGEMEINDE,UJAHR,UMONAT,USTUNDE,UWOCHENTAG,UKATEGORIE,UART,UTYP1,IstRad,IstPKW,IstFuss,IstKrad,IstSonstig,LICHT,STRZUSTAND,LINREFX,LINREFY,XGCSWGS84,YGCSWGS84
120202,1.17101E+18,1,0,56,44,2017,10,11,6,3,2,6,0,1,0,0,0,0,0,5.5649E+20,5.93969E+21,9.8537E+15,5.3603E+16
120203,1.17101E+18,1,0,56,41,2017,10,17,6,3,4,2,0,1,0,0,0,0,0,5.6125E+20,5.95341E+21,9.92832E+15,5.37258E+16
120204,1.17101E+18,1,0,56,41,2017,10,14,6,3,5,3,0,1,0,1,0,0,0,5.59259E+20,5.95397E+21,9.89827E+15,5.3731E+16
120205,1.17101E+18,1,0,60,19,2017,10,6,6,3,3,6,1,1,0,0,0,2,0,5.61886E+20,5.95722E+21,9.93873E+15,5.37599E+16
120206,1.17101E+18,1,0,53,90,2017,10,11,6,3,2,6,0,1,0,0,1,0,0,6.12052E+20,5.94163E+21,1.06938E+16,5.36115E+16
120207,1.17101E+18,1,0,53,90,2017,10,1,6,2,9,1,0,0,0,0,1,2,0,6.10731E+20,5.94196E+21,1.06739E+16,5.36147E+16
120208,1.17101E+18,1,0,62,4,2017,10,17,6,2,0,7,1,0,0,0,0,0,0,5.90762E+20,5.9628E+21,1.03783E+16,5.38058E+16
120209,1.17101E+18,1,0,55,44,2017,10,12,6,3,8,7,1,0,0,0,0,0,0,6.1542E+20,5.98726E+21,1.07618E+16,5.40207E+16
120210,1.17101E+18,1,0,55,46,2017,10,15,6,3,4,7,0,1,0,0,0,0,0,6.40186E+20,6.03197E+21,1.11604E+16,5.44161E+16
120211,1.17101E+18,1,0,3,0,2017,10,12,6,3,5,2,1,0,0,0,1,0,0,6.10013E+20,5.97009E+21,1.06731E+16,5.38676E+16
120212,1.17101E+18,1,0,2,0,2017,10,9,6,3,5,3,1,1,0,0,0,0,0,5.70863E+20,6.01965E+21,1.00895E+16,5.43198E+16
120213,1.17101E+18,1,0,2,0,2017,10,13,6,3,2,6,1,1,0,0,0,0,0,5.72725E+20,6.01958E+21,1.0118E+16,5.43189E+16
120214,1.17101E+18,1,0,59,120,2017,10,16,6,3,2,1,0,1,0,0,1,0,0,5.25508E+20,6.07279E+21,9.39681E+15,5.48016E+16
120215,1.17101E+18,1,0,61,46,2017,10,7,5,3,6,4,0,1,1,0,0,0,0,5.34273E+20,5.97705E+21,9.52211E+15,5.39407E+16
120216,1.17101E+18,1,0,60,44,2017,10,18,5,3,5,3,1,1,0,0,0,1,0,5.62292E+20,5.96518E+21,9.9465E+15,5.38314E+16
120217,1.17101E+18,1,0,60,5,2017,10,17,5,3,2,6,0,1,0,0,0,0,0,5.85735E+20,5.9782E+21,1.03063E+16,5.39451E+16
120218,1.17101E+18,1,0,56,48,2017,10,9,5,3,5,3,1,1,0,0,0,0,1,5.46675E+20,5.94984E+21,9.7069E+15,5.36952E+16
120219,1.17101E+18,1,0,53,90,2017,10,6,5,2,6,4,0,0,1,0,1,2,1,6.11188E+20,5.94262E+21,1.06811E+16,5.36206E+16
120220,1.17101E+18,1,0,62,1,2017,10,8,5,3,0,1,1,0,0,0,0,0,1,5.81804E+20,5.94747E+21,1.02382E+16,5.36695E+16
120221,1.17101E+18,1,0,3,0,2017,10,12,5,3,5,3,0,1,0,0,0,0,0,6.05743E+20,5.96895E+21,1.06078E+16,5.38582E+16
120222,1.17101E+18,1,0,3,0,2017,10,21,5,3,0,7,1,0,0,0,0,2,0,6.10465E+20,5.97031E+21,1.068E+16,5.38695E+16
120223,1.17101E+18,1,0,55,32,2017,10,11,5,2,6,4,0,1,1,0,0,0,1,6.18615E+20,5.99697E+21,1.08143E+16,5.41072E+16
120224,1.17101E+18,1,0,4,0,2017,10,15,5,3,5,2,1,1,0,0,0,0,1,5.64423E+20,5.99313E+21,9.98477E+15,5.40823E+16
120225,1.17101E+18,1,0,59,120,2017,10,19,5,2,6,4,0,1,1,0,0,2,1,5.25163E+20,6.07271E+21,9.39143E+15,5.48009E+16
120226,1.17101E+18,1,0,1,0,2017,10,8,5,3,0,1,1,0,0,0,0,0,1,5.27847E+20,6.07104E+21,9.43302E+15,5.47858E+16
120227,1.17101E+18,1,0,1,0,2017,10,7,5,3,5,2,0,1,0,0,0,1,1,5.29108E+20,6.07331E+21,9.45286E+15,5.48061E+16
120228,1.17101E+18,1,0,51,44,2017,10,16,4,3,2,2,0,1,0,0,0,0,1,5.06789E+20,6.00581E+21,9.10407E+15,5.42003E+16
120229,1.17101E+18,1,0,51,26,2017,10,6,4,3,9,1,0,1,0,0,0,1,1,5.17076E+20,5.98881E+21,9.2608E+15,5.40473E+16
120230,1.17101E+18,1,0,60,63,2017,10,17,4,3,5,3,0,1,0,0,0,0,0,5.65716E+20,5.94976E+21,9.99523E+15,5.36924E+16
120231,1.17101E+18,1,0,60,5,2017,10,8,4,3,5,3,1,1,0,0,0,0,1,5.85306E+20,5.97782E+21,1.02996E+16,5.39417E+16
120232,1.17101E+18,1,0,60,63,2017,10,13,4,3,5,3,1,1,0,0,0,0,1,5.66535E+20,5.95114E+21,1.00079E+16,5.37047E+16
120233,1.17101E+18,1,0,60,63,2017,10,14,4,3,2,6,0,1,0,0,1,0,1,5.64573E+20,5.94945E+21,9.97786E+15,5.36898E+16
120234,1.17101E+18,1,0,62,18,2017,10,17,4,3,5,2,0,1,0,0,0,0,0,5.81479E+20,5.93119E+21,1.0229E+16,5.35233E+16
120235,1.17101E+18,1,0,62,1,2017,10,16,4,3,6,7,1,0,1,0,0,0,0,5.81221E+20,5.94802E+21,1.02295E+16,5.36746E+16
120236,1.17101E+18,1,0,3,0,2017,10,15,4,2,5,3,1,1,0,0,0,0,1,6.11847E+20,5.96666E+21,1.06997E+16,5.38364E+16
120237,1.17101E+18,1,0,3,0,2017,10,10,4,3,5,7,0,1,0,0,0,0,1,6.10307E+20,5.97089E+21,1.06778E+16,5.38748E+16
120238,1.17101E+18,1,0,58,92,2017,10,12,4,3,5,3,1,1,0,0,0,0,1,5.69747E+20,6.02068E+21,1.00725E+16,5.43292E+16
120239,1.17101E+18,1,0,2,0,2017,10,12,4,3,5,3,0,1,0,0,0,0,1,5.73481E+20,6.023E+21,1.01305E+16,5.43496E+16
120240,1.17101E+18,1,0,54,168,2017,10,14,4,3,0,7,1,0,0,0,0,0,1,4.56218E+20,6.08516E+21,8.31707E+15,5.49115E+16
120241,1.17101E+18,1,0,56,39,2017,10,16,3,3,0,7,1,0,0,0,0,0,1,5.52534E+20,5.94576E+21,9.79494E+15,5.3658E+16
120242,1.17101E+18,1,0,56,50,2017,10,17,3,3,3,2,1,1,0,0,0,0,0,5.47837E+20,5.9371E+21,9.72254E+15,5.35805E+16
120243,1.17101E+18,1,0,60,49,2017,10,16,3,3,6,4,0,1,1,0,0,0,0,5.86284E+20,5.97934E+21,1.03149E+16,5.39552E+16
120244,1.17101E+18,1,0,62,4,2017,10,16,3,3,5,3,1,1,0,0,0,0,1,5.90717E+20,5.96337E+21,1.03777E+16,5.3811E+16
120245,1.17101E+18,1,0,3,0,2017,10,15,3,2,0,7,1,0,0,0,0,0,1,6.22465E+20,5.9808E+21,1.08666E+16,5.3961E+16
120246,1.17101E+18,1,0,3,0,2017,10,14,3,3,0,4,1,0,1,0,0,0,1,6.22729E+20,5.9805E+21,1.08705E+16,5.39583E+16
120247,1.17101E+18,1,0,59,75,2017,10,6,3,3,5,2,1,1,0,0,0,2,1,5.36943E+20,6.04141E+21,9.57071E+15,5.45189E+16
120248,1.17101E+18,1,0,54,88,2017,10,15,3,3,5,2,1,1,0,0,0,0,1,4.89182E+20,6.07221E+21,8.83173E+15,5.47969E+16
120249,1.17101E+18,1,0,51,11,2017,10,11,2,3,0,7,0,1,0,0,0,0,0,5.09002E+20,5.97191E+21,9.13699E+15,5.38955E+16
120250,1.17101E+18,1,0,60,63,2017,10,15,2,3,5,3,1,1,0,0,0,0,1,5.65878E+20,5.95125E+21,9.998E+15,5.37058E+16
120251,1.17101E+18,1,0,56,15,2017,10,15,2,2,6,4,0,1,1,0,0,0,0,5.4612E+20,5.95494E+21,9.69927E+15,5.37411E+16
120252,1.17101E+18,1,0,62,82,2017,10,12,2,3,5,3,0,1,0,1,0,0,0,5.92683E+20,5.9424E+21,1.04013E+16,5.36222E+16
120253,1.17101E+18,1,0,55,21,2017,10,8,2,3,5,3,0,1,0,0,0,0,0,6.2852E+20,6.02659E+21,1.09784E+16,5.43709E+16
120254,1.17101E+18,1,0,2,0,2017,10,0,2,3,6,2,0,1,1,0,0,2,0,5.74164E+20,6.02E+21,1.01403E+16,5.43224E+16
120255,1.17101E+18,1,0,2,0,2017,10,11,2,3,5,3,1,1,0,0,0,0,0,5.73401E+20,6.0212E+21,1.01288E+16,5.43334E+16
120256,1.17101E+18,1,0,51,44,2017,10,13,1,3,6,7,0,1,1,0,0,0,0,5.07178E+20,6.00515E+21,9.11002E+15,5.41943E+16
120257,1.17101E+18,1,0,61,46,2017,10,15,1,3,6,7,0,1,1,0,0,0,0,5.33646E+20,5.97739E+21,9.5126E+15,5.39438E+16
120258,1.17101E+18,1,0,60,63,2017,10,14,1,2,7,7,0,0,0,1,0,0,1,5.63342E+20,5.94881E+21,9.95909E+15,5.36842E+16
120259,1.17101E+18,1,0,56,18,2017,10,15,1,3,0,1,0,0,0,1,0,0,1,5.55381E+20,5.94341E+21,9.8376E+15,5.36365E+16
120260,1.17101E+18,1,0,55,38,2017,10,14,1,3,4,6,0,1,0,0,1,0,0,6.14656E+20,6.00596E+21,1.07572E+16,5.41889E+16
120261,1.17101E+18,1,0,3,0,2017,10,13,1,2,4,6,1,0,0,0,0,0,1,6.09352E+20,5.9699E+21,1.0663E+16,5.3866E+16
120262,1.17101E+18,1,0,58,26,2017,10,18,1,3,9,7,0,1,0,0,0,0,0,5.54046E+20,6.02074E+21,9.83114E+15,5.43316E+16
120263,1.17101E+18,1,0,56,44,2017,10,19,7,3,6,4,0,1,1,0,0,2,1,5.55042E+20,5.9384E+21,9.83159E+15,5.35915E+16
120264,1.17101E+18,1,0,56,43,2017,10,16,7,3,8,1,0,1,0,1,0,0,1,5.58922E+20,5.94364E+21,9.89119E+15,5.36382E+16
120265,1.17101E+18,1,0,62,1,2017,10,12,7,3,5,3,1,1,0,0,0,0,1,5.81877E+20,5.94799E+21,1.02395E+16,5.36743E+16
120266,1.17101E+18,1,0,3,0,2017,10,10,7,3,6,4,0,1,1,0,0,0,1,6.11083E+20,5.97227E+21,1.06901E+16,5.3887E+16
120267,1.17101E+18,1,0,4,0,2017,10,10,7,3,2,2,0,1,0,0,0,0,1,5.64118E+20,5.98887E+21,9.9792E+15,5.40441E+16
120268,1.17101E+18,1,0,60,63,2017,10,13,6,3,9,1,0,1,0,0,0,0,1,5.69187E+20,5.95043E+21,1.00479E+16,5.3698E+16
120269,1.17101E+18,1,0,60,44,2017,10,13,6,3,2,6,0,1,0,1,0,0,0,5.6428E+20,5.96554E+21,9.97677E+15,5.38344E+16
120270,1.17101E+18,1,0,62,36,2017,10,13,6,2,5,3,0,1,0,0,1,0,1,5.8063E+20,5.95235E+21,1.02217E+16,5.37136E+16
120271,1.17101E+18,1,0,55,46,2017,10,17,6,3,5,3,1,0,0,1,0,0,0,6.41702E+20,6.03519E+21,1.11853E+16,5.44446E+16
120272,1.17101E+18,1,0,55,4,2017,10,13,6,3,6,4,0,1,1,0,0,0,0,6.12032E+20,5.97591E+21,1.07059E+16,5.39195E+16
120273,1.17101E+18,1,0,58,135,2017,10,16,6,3,5,3,0,1,0,0,0,0,0,5.41887E+20,6.01816E+21,9.6438E+15,5.43096E+16
120274,1.17101E+18,1,0,58,43,2017,10,13,6,3,5,2,1,1,0,0,0,0,0,5.54289E+20,6.03535E+21,9.83754E+15,5.44629E+16
120275,1.17101E+18,1,0,57,46,2017,10,15,6,2,8,1,0,0,0,1,0,0,0,5.87478E+20,6.00929E+21,1.03418E+16,5.42241E+16
120276,1.17101E+18,1,0,2,0,2017,10,12,6,3,5,2,1,1,0,0,0,0,0,5.76885E+20,6.02041E+21,1.01822E+16,5.43257E+16
120277,1.17101E+18,1,0,54,56,2017,10,15,6,3,3,6,0,1,0,1,0,0,0,5.03008E+20,6.03717E+21,9.04642E+15,5.44821E+16
120278,1.17101E+18,1,0,56,15,2017,10,16,5,3,2,6,0,1,0,0,1,0,0,5.43835E+20,5.95642E+21,9.66483E+15,5.37546E+16
120279,1.17101E+18,1,0,60,44,2017,10,18,5,3,5,3,1,1,0,0,0,0,1,5.6425E+20,5.9651E+21,9.97623E+15,5.38304E+16
120280,1.17101E+18,1,0,56,39,2017,10,7,5,3,5,3,1,1,0,0,0,2,1,5.5211E+20,5.9461E+21,9.78859E+15,5.3661E+16
120281,1.17101E+18,1,0,56,39,2017,10,9,5,3,6,4,0,1,1,0,0,0,1,5.52788E+20,5.9462E+21,9.79886E+15,5.36619E+16
120282,1.17101E+18,1,0,53,90,2017,10,6,5,3,6,4,0,1,1,0,0,2,1,6.11477E+20,5.94341E+21,1.06857E+16,5.36276E+16
120283,1.17101E+18,1,0,57,91,2017,10,15,5,3,4,6,0,1,0,0,1,0,1,5.79252E+20,6.01633E+21,1.02175E+16,5.42888E+16
120284,1.17101E+18,1,0,54,88,2017,10,17,5,3,5,3,1,0,0,0,0,0,0,4.88496E+20,6.07017E+21,8.82114E+15,5.47786E+16
120285,1.171E+18,1,0,56,50,2017,10,12,4,3,5,3,1,1,0,0,0,0,1,5.46849E+20,5.93679E+21,9.70758E+15,5.35779E+16
120286,1.171E+18,1,0,56,50,2017,10,9,4,2,6,4,1,0,1,0,0,0,0,5.46757E+20,5.93655E+21,9.70615E+15,5.35758E+16
120287,1.171E+18,1,0,56,49,2017,10,21,4,3,9,1,0,0,0,1,0,2,1,5.45628E+20,5.94944E+21,9.691E+15,5.36917E+16
120288,1.171E+18,1,0,62,60,2017,10,19,4,3,5,3,0,1,0,0,0,2,1,5.82998E+20,5.93185E+21,1.02521E+16,5.3529E+16
120289,1.171E+18,1,0,3,0,2017,10,10,4,3,6,6,0,1,1,0,0,0,0,6.10981E+20,5.97003E+21,1.06878E+16,5.38669E+16
120290,1.171E+18,1,0,58,34,2017,10,8,4,3,5,3,1,1,0,0,0,0,1,5.43247E+20,6.01876E+21,9.66479E+15,5.43148E+16
120291,1.171E+18,1,0,2,0,2017,10,15,4,3,5,3,1,1,0,0,0,0,1,5.77346E+20,6.02158E+21,1.01896E+16,5.43362E+16
120292,1.171E+18,1,0,57,25,2017,10,7,4,3,5,3,1,1,0,0,0,0,1,5.78993E+20,6.02568E+21,1.0216E+16,5.43728E+16
120293,1.171E+18,1,0,2,0,2017,10,9,4,3,0,1,1,0,0,0,0,0,1,5.7194E+20,6.017E+21,1.01054E+16,5.42958E+16
120294,1.171E+18,1,0,2,0,2017,10,9,4,3,5,2,1,1,0,0,0,0,1,5.73574E+20,6.02158E+21,1.01316E+16,5.43367E+16
120295,1.171E+18,1,0,2,0,2017,10,8,4,3,5,3,0,1,0,1,0,0,1,5.74698E+20,6.01858E+21,1.01481E+16,5.43096E+16
120296,1.171E+18,1,0,54,168,2017,10,17,4,2,5,3,0,1,0,1,0,0,1,4.56297E+20,6.08453E+21,8.31839E+15,5.49059E+16
120297,1.171E+18,1,0,54,56,2017,10,17,4,3,5,3,0,1,0,0,0,0,1,5.03588E+20,6.03644E+21,9.05536E+15,5.44756E+16
120298,1.171E+18,1,0,54,88,2017,10,12,4,2,0,7,1,0,0,0,0,0,1,4.88576E+20,6.07122E+21,8.82235E+15,5.4788E+16
120299,1.171E+18,1,0,60,28,2017,10,15,3,2,5,3,0,1,0,0,0,0,1,5.73902E+20,5.9886E+21,1.01285E+16,5.40404E+16
120300,1.171E+18,1,0,56,50,2017,10,12,3,3,0,1,1,0,0,0,0,0,1,5.4778E+20,5.93603E+21,9.72152E+15,5.3571E+16
120301,1.171E+18,1,0,60,63,2017,10,9,3,3,5,3,0,1,0,0,0,0,1,5.64964E+20,5.94949E+21,9.98379E+15,5.369E+16
120302,1.171E+18,1,0,60,57,2017,10,16,3,3,9,1,0,1,0,0,0,0,1,5.82892E+20,5.97401E+21,1.02618E+16,5.39079E+16
120303,1.171E+18,1,0,62,6,2017,10,10,3,3,0,1,1,0,0,0,0,0,1,5.82737E+20,5.95394E+21,1.02541E+16,5.37275E+16
120304,1.171E+18,1,0,55,33,2017,10,4,3,3,0,1,1,1,0,0,0,2,1,6.23627E+20,6.01847E+21,1.08998E+16,5.42992E+16
120305,1.171E+18,1,0,55,16,2017,10,19,3,3,6,4,0,1,1,0,0,2,0,6.27932E+20,6.00153E+21,1.09587E+16,5.41459E+16
120306,1.171E+18,1,0,55,42,2017,10,16,3,3,0,7,1,0,0,0,0,0,1,6.16449E+20,5.98533E+21,1.07767E+16,5.40031E+16
120307,1.171E+18,1,0,58,32,2017,10,12,3,2,8,1,1,0,0,0,0,0,1,5.62984E+20,6.05436E+21,9.97573E+15,5.46327E+16
120308,1.171E+18,1,0,57,68,2017,10,21,3,3,0,7,0,0,0,1,0,2,1,5.73349E+20,5.99324E+21,1.01212E+16,5.40822E+16
120309,1.171E+18,1,0,57,22,2017,10,11,3,3,5,3,1,1,0,0,0,0,1,5.97446E+20,6.00659E+21,1.04938E+16,5.41981E+16
120310,1.171E+18,1,0,54,88,2017,10,9,3,3,9,7,1,0,0,0,0,0,1,4.88569E+20,6.07072E+21,8.82226E+15,5.47835E+16
120311,1.171E+18,1,0,61,46,2017,10,17,2,3,2,6,0,1,0,0,0,0,1,5.33017E+20,5.97562E+21,9.50284E+15,5.3928E+16
120312,1.171E+18,1,0,60,4,2017,10,13,2,3,0,1,1,0,0,0,0,0,1,5.57924E+20,5.97537E+21,9.88207E+15,5.39235E+16
120313,1.171E+18,1,0,56,15,2017,10,7,2,3,5,2,1,1,0,0,0,1,1,5.43879E+20,5.95614E+21,9.66546E+15,5.3752E+16
120314,1.171E+18,1,0,60,63,2017,10,16,2,3,2,2,0,1,0,0,0,0,0,5.66535E+20,5.95112E+21,1.00079E+16,5.37045E+16
120315,1.171E+18,1,0,62,78,2017,10,17,2,3,4,6,0,1,0,0,0,0,1,5.88038E+20,5.95022E+21,1.03333E+16,5.36932E+16
120316,1.171E+18,1,0,53,41,2017,10,7,2,3,2,2,1,1,0,0,0,0,1,6.14422E+20,5.96448E+21,1.0738E+16,5.38163E+16
120317,1.171E+18,1,0,53,32,2017,10,17,2,3,3,6,1,0,0,0,0,0,0,5.90927E+20,5.92175E+21,1.03688E+16,5.34369E+16
120318,1.171E+18,1,0,3,0,2017,10,8,2,3,5,2,1,0,0,0,1,0,1,6.05454E+20,5.96942E+21,1.06035E+16,5.38625E+16
120319,1.171E+18,1,0,3,0,2017,10,8,2,3,5,3,0,1,0,1,0,0,1,6.08759E+20,5.97152E+21,1.06545E+16,5.38807E+16
120320,1.171E+18,1,0,58,43,2017,10,13,2,2,0,1,1,0,0,0,0,0,1,5.54038E+20,6.03742E+21,9.83404E+15,5.44815E+16
120321,1.171E+18,1,0,4,0,2017,10,10,2,3,5,3,0,1,0,0,0,0,1,5.64048E+20,5.9918E+21,9.97877E+15,5.40705E+16
120322,1.171E+18,1,0,57,62,2017,10,13,2,3,1,5,0,1,0,0,1,0,1,5.82799E+20,6.00906E+21,1.027E+16,5.42229E+16
120323,1.171E+18,1,0,54,149,2017,10,16,2,3,0,7,1,0,0,0,0,0,0,4.56696E+20,6.08704E+21,8.32424E+15,5.49285E+16
120324,1.171E+18,1,0,61,46,2017,10,10,1,3,2,6,0,1,1,0,0,0,1,5.33768E+20,5.97746E+21,9.51447E+15,5.39444E+16
120325,1.171E+18,1,0,51,78,2017,10,18,1,3,1,5,1,1,0,0,0,1,0,5.06352E+20,5.99318E+21,9.09711E+15,5.40868E+16
120326,1.171E+18,1,0,60,20,2017,10,15,1,3,5,3,0,1,0,1,0,0,0,5.8204E+20,5.97856E+21,1.02501E+16,5.39489E+16
120327,1.171E+18,1,0,56,50,2017,10,14,1,3,0,6,1,1,0,0,0,0,0,5.46286E+20,5.93612E+21,9.69897E+15,5.35719E+16
120328,1.171E+18,1,0,55,35,2017,10,20,1,3,0,7,1,0,0,0,0,2,0,6.13665E+20,5.97616E+21,1.07308E+16,5.39214E+16
120329,1.17093E+18,1,0,51,13,2017,9,11,7,3,0,6,1,1,0,0,0,0,0,4.91074E+20,5.99863E+21,8.86338E+15,5.41357E+16
120330,1.17093E+18,1,0,56,41,2017,9,17,7,2,0,7,1,0,0,0,0,0,0,5.63079E+20,5.95581E+21,9.95653E+15,5.37471E+16
120331,1.17093E+18,1,0,60,19,2017,9,17,7,3,5,3,0,1,0,0,0,0,0,5.6271E+20,5.9571E+21,9.9512E+15,5.37587E+16
120332,1.17093E+18,1,0,60,5,2017,9,12,7,2,6,3,0,1,1,0,0,0,0,5.86072E+20,5.97877E+21,1.03116E+16,5.39501E+16
120333,1.17093E+18,1,0,53,83,2017,9,17,7,3,8,1,0,1,0,0,0,0,0,6.0249E+20,5.9154E+21,1.05407E+16,5.33777E+16
120334,1.17093E+18,1,0,53,23,2017,9,10,7,3,6,4,0,1,1,0,0,0,0,5.90281E+20,5.92918E+21,1.03612E+16,5.35038E+16
120335,1.17093E+18,1,0,55,12,2017,9,12,7,3,5,3,1,1,0,0,0,0,0,6.05659E+20,5.99972E+21,1.06172E+16,5.41347E+16
120336,1.17093E+18,1,0,58,92,2017,9,10,7,3,5,2,1,1,0,0,0,0,1,5.70755E+20,6.02171E+21,1.00883E+16,5.43383E+16
120337,1.17093E+18,1,0,54,113,2017,9,16,7,3,5,3,0,1,0,1,0,0,1,4.77054E+20,6.01761E+21,8.64736E+15,5.43058E+16
120338,1.17093E+18,1,0,54,168,2017,9,21,7,3,0,1,1,0,0,0,0,2,1,4.5532E+20,6.08474E+21,8.30313E+15,5.49077E+16
120339,1.17093E+18,1,0,54,168,2017,9,23,7,3,6,4,0,1,1,0,0,2,1,4.5533E+20,6.0852E+21,8.30321E+15,5.49118E+16
120340,1.17093E+18,1,0,51,1,2017,9,13,6,3,6,4,0,1,1,0,0,0,0,5.18655E+20,5.99987E+21,9.2856E+15,5.41466E+16
120341,1.17093E+18,1,0,56,18,2017,9,10,6,3,3,2,1,1,0,0,0,0,0,5.55279E+20,5.9425E+21,9.83589E+15,5.36284E+16
120342,1.17093E+18,1,0,60,39,2017,9,7,6,3,5,3,0,1,0,0,0,1,1,5.65582E+20,5.95803E+21,9.99495E+15,5.37668E+16
120343,1.17093E+18,1,0,60,63,2017,9,13,6,3,1,7,1,1,0,0,0,0,0,5.66022E+20,5.95244E+21,1.00004E+16,5.37164E+16
120344,1.17093E+18,1,0,56,15,2017,9,12,6,3,5,3,0,1,0,0,0,0,0,5.46035E+20,5.95548E+21,9.69806E+15,5.37459E+16
120345,1.17093E+18,1,0,60,4,2017,9,13,6,3,0,1,1,0,0,0,0,0,0,5.58135E+20,5.97561E+21,9.88532E+15,5.39256E+16
120346,1.17093E+18,1,0,56,48,2017,9,8,6,3,5,2,1,1,0,0,0,1,1,5.47324E+20,5.95039E+21,9.71682E+15,5.37E+16
120347,1.17093E+18,1,0,55,32,2017,9,17,6,3,8,7,1,0,0,0,0,0,0,6.18811E+20,5.9973E+21,1.08174E+16,5.41102E+16
120348,1.17093E+18,1,0,3,0,2017,9,16,6,3,0,6,1,1,0,0,0,0,0,6.23048E+20,5.98149E+21,1.08758E+16,5.39671E+16
120349,1.17093E+18,1,0,58,92,2017,9,16,6,3,5,2,1,1,0,0,0,0,0,5.70614E+20,6.02124E+21,1.0086E+16,5.43342E+16
120350,1.17093E+18,1,0,57,48,2017,9,10,6,3,6,4,0,1,1,0,0,0,0,6.03503E+20,6.01724E+21,1.05902E+16,5.42926E+16
120351,1.17093E+18,1,0,56,15,2017,9,16,5,3,5,3,1,1,0,0,0,0,0,5.42859E+20,5.95628E+21,9.65002E+15,5.37534E+16
120352,1.17093E+18,1,0,60,63,2017,9,17,5,3,6,3,0,1,1,0,0,0,0,5.65349E+20,5.94701E+21,9.98909E+15,5.36677E+16
120353,1.17093E+18,1,0,60,63,2017,9,16,5,3,5,2,0,1,0,1,0,0,0,5.67449E+20,5.95465E+21,1.00225E+16,5.37361E+16
120354,1.17093E+18,1,0,60,5,2017,9,21,5,2,5,3,1,1,0,0,0,2,0,5.856E+20,5.97852E+21,1.03043E+16,5.3948E+16
120355,1.17093E+18,1,0,62,1,2017,9,15,5,3,6,4,1,0,1,0,0,0,0,5.81855E+20,5.94781E+21,1.02391E+16,5.36726E+16
120356,1.17093E+18,1,0,3,0,2017,9,7,5,3,0,1,1,1,0,0,0,1,1,6.10839E+20,5.97058E+21,1.06858E+16,5.38718E+16
120357,1.17093E+18,1,0,3,0,2017,9,17,5,3,4,6,0,1,0,0,0,0,0,6.06125E+20,5.96356E+21,1.06117E+16,5.38097E+16
120358,1.17093E+18,1,0,55,35,2017,9,17,5,3,8,6,0,0,0,1,1,0,1,6.11108E+20,5.98115E+21,1.06938E+16,5.39668E+16
120359,1.17093E+18,1,0,58,135,2017,9,17,5,3,2,6,1,1,0,0,0,0,0,5.42157E+20,6.0178E+21,9.6479E+15,5.43064E+16
120360,1.17093E+18,1,0,2,0,2017,9,1,5,3,5,2,0,1,0,0,0,0,0,5.71968E+20,6.0186E+21,1.01062E+16,5.43102E+16
120361,1.17093E+18,1,0,56,49,2017,9,20,4,2,0,7,1,0,0,0,0,2,1,5.44124E+20,5.94917E+21,9.66818E+15,5.36894E+16
120362,1.17093E+18,1,0,56,39,2017,9,21,4,3,5,3,0,1,0,0,0,2,1,5.53099E+20,5.94603E+21,9.80354E+15,5.36603E+16
120363,1.17093E+18,1,0,56,44,2017,9,19,4,3,2,6,0,1,0,0,0,2,1,5.55582E+20,5.94062E+21,9.84015E+15,5.36114E+16
120364,1.17093E+18,1,0,60,63,2017,9,9,4,2,5,3,0,1,0,0,0,0,0,5.66618E+20,5.95228E+21,1.00094E+16,5.3715E+16
120365,1.17093E+18,1,0,55,42,2017,9,18,4,3,5,3,0,1,0,0,0,0,0,6.16169E+20,5.98438E+21,1.07721E+16,5.39946E+16
120366,1.17093E+18,1,0,58,43,2017,9,18,4,2,3,2,1,1,0,0,0,1,0,5.54043E+20,6.03698E+21,9.83405E+15,5.44775E+16
120367,1.17093E+18,1,0,54,57,2017,9,6,4,2,2,6,0,1,0,1,0,1,0,5.10017E+20,6.04392E+21,9.15484E+15,5.45427E+16
120368,1.17093E+18,1,0,51,16,2017,9,7,3,3,6,4,0,1,1,0,0,0,0,5.17133E+20,5.98339E+21,9.26137E+15,5.39985E+16
120369,1.17093E+18,1,0,56,15,2017,9,18,3,3,5,3,1,1,0,0,0,0,0,5.43662E+20,5.95646E+21,9.66222E+15,5.37549E+16
120370,1.17093E+18,1,0,56,41,2017,9,17,3,3,5,3,1,1,0,0,0,0,0,5.58599E+20,5.95428E+21,9.88833E+15,5.37339E+16
120371,1.17093E+18,1,0,56,15,2017,9,16,3,1,3,2,1,0,0,0,0,0,0,5.45145E+20,5.95503E+21,9.6845E+15,5.3742E+16
120372,1.17093E+18,1,0,3,0,2017,9,19,3,3,2,1,0,1,0,0,0,1,0,6.11052E+20,5.96943E+21,1.06886E+16,5.38614E+16
120373,1.17093E+18,1,0,3,0,2017,9,6,3,3,5,3,0,1,0,0,1,1,0,6.11841E+20,5.96752E+21,1.06999E+16,5.38441E+16