OBJECTID,UIDENTSTLA,ULAND,UREGBEZ,UKREIS,UGEMEINDE,UJAHR,UMONAT,USTUNDE,UWOCHENTAG,UKATEGORIE,UART,UTYP1,IstRad,IstPKW,IstFuss,IstKrad,IstSonstig,LICHT,STRZUSTAND,LINREFX,LINREFY,XGCSWGS84,YGCSWGS84
120374,1.17093E+18,1,0,4,0,2017,9,7,3,3,5,3,0,1,0,1,0,0,0,5.65516E+20,5.99034E+21,1.00009E+16,5.40571E+16
120375,1.17093E+18,1,0,58,172,2017,9,7,3,3,5,3,1,0,0,0,1,0,0,5.42738E+20,6.01486E+21,9.6564E+15,5.42799E+16
120376,1.17093E+18,1,0,58,58,2017,9,11,3,3,0,1,1,0,0,0,0,0,0,5.63931E+20,6.02936E+21,9.98498E+15,5.44079E+16
120377,1.17093E+18,1,0,2,0,2017,9,16,3,3,5,2,1,1,0,0,0,0,0,5.76133E+20,6.01731E+21,1.01698E+16,5.4298E+16
120378,1.17093E+18,1,0,57,25,2017,9,13,3,3,4,6,1,0,0,0,0,0,0,5.78806E+20,6.02517E+21,1.0213E+16,5.43682E+16
120379,1.17093E+18,1,0,2,0,2017,9,6,3,3,5,2,1,0,0,0,0,1,0,5.7408E+20,6.01903E+21,1.01387E+16,5.43138E+16
120380,1.17093E+18,1,0,57,74,2017,9,6,3,3,0,1,1,0,0,0,0,1,1,5.78087E+20,6.02063E+21,1.02007E+16,5.43276E+16
120381,1.17093E+18,1,0,51,44,2017,9,14,2,3,1,5,1,0,0,0,1,0,0,5.06769E+20,6.0039E+21,9.10372E+15,5.41831E+16
120382,1.17093E+18,1,0,56,15,2017,9,13,2,3,2,6,0,1,0,0,0,0,0,5.4443E+20,5.95599E+21,9.67379E+15,5.37506E+16
120383,1.17093E+18,1,0,62,76,2017,9,10,2,2,0,7,1,0,0,0,0,0,1,5.70508E+20,5.95406E+21,1.00688E+16,5.37304E+16
120384,1.17093E+18,1,0,62,78,2017,9,0,2,3,9,1,0,1,0,0,0,2,1,5.88928E+20,5.95028E+21,1.03468E+16,5.36936E+16
120385,1.17093E+18,1,0,3,0,2017,9,16,2,3,5,2,1,1,0,0,0,0,0,6.10927E+20,5.97197E+21,1.06877E+16,5.38843E+16
120386,1.17093E+18,1,0,3,0,2017,9,18,2,2,9,1,0,1,0,0,0,0,0,6.10432E+20,5.96768E+21,1.06786E+16,5.38459E+16
120387,1.17093E+18,1,0,55,11,2017,9,16,2,3,2,6,0,1,0,0,0,0,0,6.23458E+20,6.01401E+21,1.08953E+16,5.42591E+16
120388,1.17093E+18,1,0,58,34,2017,9,7,2,3,0,1,1,0,0,0,0,0,0,5.43024E+20,6.0186E+21,9.66134E+15,5.43134E+16
120389,1.17093E+18,1,0,2,0,2017,9,11,2,3,5,2,1,1,0,0,0,0,0,5.73548E+20,6.02016E+21,1.01308E+16,5.4324E+16
120390,1.17093E+18,1,0,2,0,2017,9,15,2,3,5,2,1,1,0,0,0,0,0,5.73906E+20,6.01826E+21,1.01359E+16,5.43069E+16
120391,1.17093E+18,1,0,54,19,2017,9,14,2,3,0,7,1,0,0,0,0,0,0,4.97655E+20,6.05229E+21,8.96369E+15,5.4618E+16
120392,1.17093E+18,1,0,54,19,2017,9,10,2,2,0,7,1,0,0,0,0,0,0,4.97734E+20,6.05231E+21,8.96491E+15,5.46183E+16
120393,1.17092E+18,1,0,61,46,2017,9,13,1,3,0,1,1,0,0,0,0,0,0,5.34304E+20,5.9753E+21,9.5224E+15,5.3925E+16
120394,1.17092E+18,1,0,51,13,2017,9,13,1,3,6,6,0,1,1,0,0,0,0,4.9092E+20,5.99763E+21,8.86106E+15,5.41267E+16
120395,1.17092E+18,1,0,56,44,2017,9,15,1,3,5,3,1,0,0,1,0,0,1,5.55619E+20,5.94083E+21,9.84075E+15,5.36134E+16
120396,1.17092E+18,1,0,55,33,2017,9,6,1,2,8,7,0,1,0,0,0,1,1,6.22791E+20,6.01639E+21,1.08861E+16,5.42806E+16
120397,1.17092E+18,1,0,59,183,2017,9,0,1,3,0,1,1,0,0,0,0,2,0,5.2105E+20,6.06959E+21,9.32723E+15,5.47731E+16
120398,1.17092E+18,1,0,51,127,2017,9,9,7,3,1,5,0,1,0,1,0,0,0,4.94943E+20,6.00727E+21,8.92246E+15,5.42135E+16
120399,1.17092E+18,1,0,60,5,2017,9,18,7,3,5,3,1,1,0,0,0,0,0,5.85301E+20,5.97781E+21,1.02995E+16,5.39417E+16
120400,1.17092E+18,1,0,60,63,2017,9,19,7,3,2,6,0,1,0,0,0,2,0,5.6567E+20,5.94989E+21,9.99456E+15,5.36936E+16
120401,1.17092E+18,1,0,60,5,2017,9,0,7,3,0,1,0,0,0,1,0,2,0,5.85293E+20,5.9773E+21,1.02993E+16,5.39371E+16
120402,1.17092E+18,1,0,56,39,2017,9,15,7,3,1,5,0,1,0,0,0,0,0,5.51124E+20,5.94523E+21,9.77353E+15,5.36533E+16
120403,1.17092E+18,1,0,55,46,2017,9,16,7,3,0,7,1,0,0,0,0,0,0,6.4139E+20,6.03501E+21,1.11804E+16,5.44431E+16
120404,1.17092E+18,1,0,58,24,2017,9,11,7,3,8,7,1,0,0,0,0,0,0,5.44755E+20,6.02094E+21,9.68831E+15,5.43344E+16
120405,1.17092E+18,1,0,2,0,2017,9,13,7,3,5,3,1,1,0,0,0,0,0,5.73717E+20,6.02393E+21,1.01344E+16,5.43579E+16
120406,1.17092E+18,1,0,54,168,2017,9,21,7,2,0,1,1,0,0,0,0,2,0,4.55772E+20,6.0862E+21,8.30995E+15,5.49208E+16
120407,1.17092E+18,1,0,59,120,2017,9,10,7,2,8,1,0,0,0,1,0,0,0,5.24145E+20,6.07201E+21,9.37554E+15,5.47947E+16
120408,1.17092E+18,1,0,51,44,2017,9,16,6,3,0,1,0,0,0,1,0,0,0,5.07002E+20,6.00396E+21,9.10729E+15,5.41837E+16
120409,1.17092E+18,1,0,60,19,2017,9,6,6,3,5,3,1,1,0,0,0,2,0,5.62195E+20,5.95671E+21,9.94332E+15,5.37553E+16
120410,1.17092E+18,1,0,60,5,2017,9,6,6,3,0,1,1,0,0,0,0,0,0,5.84999E+20,5.97822E+21,1.02951E+16,5.39453E+16
120411,1.17092E+18,1,0,56,39,2017,9,8,6,3,2,6,0,1,0,0,0,0,0,5.51844E+20,5.94472E+21,9.78433E+15,5.36487E+16
120412,1.17092E+18,1,0,62,23,2017,9,7,6,3,5,7,1,1,0,0,0,0,0,5.84978E+20,5.94669E+21,1.0286E+16,5.36621E+16
120413,1.17092E+18,1,0,3,0,2017,9,7,6,3,5,3,1,1,0,0,0,0,0,6.09955E+20,5.96941E+21,1.0672E+16,5.38615E+16
120414,1.17092E+18,1,0,4,0,2017,9,8,6,3,5,3,0,1,0,1,0,0,0,5.65968E+20,5.991E+21,1.00079E+16,5.4063E+16
120415,1.17092E+18,1,0,4,0,2017,9,21,6,3,1,7,1,1,0,0,0,2,0,5.6513E+20,5.99368E+21,9.9957E+15,5.40871E+16
120416,1.17092E+18,1,0,4,0,2017,9,11,6,3,9,1,0,1,0,0,0,0,0,5.61426E+20,5.99132E+21,9.9386E+15,5.40664E+16
120417,1.17092E+18,1,0,58,43,2017,9,13,6,3,1,5,1,0,0,0,1,0,0,5.53519E+20,6.03743E+21,9.82603E+15,5.44817E+16
120418,1.17092E+18,1,0,2,0,2017,9,10,6,3,0,7,1,0,0,0,0,0,0,5.68317E+20,6.01958E+21,1.00503E+16,5.43195E+16
120419,1.17092E+18,1,0,59,120,2017,9,17,6,3,5,3,1,1,0,0,0,0,0,5.25502E+20,6.07276E+21,9.39671E+15,5.48013E+16
120420,1.17092E+18,1,0,51,44,2017,9,19,5,3,5,3,1,1,0,0,0,1,0,5.07512E+20,6.00507E+21,9.11514E+15,5.41936E+16
120421,1.17092E+18,1,0,61,46,2017,9,19,5,2,0,7,1,0,0,0,0,2,0,5.33937E+20,5.97655E+21,9.51694E+15,5.39362E+16
120422,1.17092E+18,1,0,51,14,2017,9,11,5,3,6,6,0,0,1,0,1,0,0,4.93291E+20,5.99915E+21,8.8973E+15,5.41404E+16
120423,1.17113E+18,1,0,56,50,2017,11,8,5,3,6,4,1,0,1,0,0,0,0,5.47509E+20,5.93845E+21,9.7178E+15,5.35928E+16
120424,1.17113E+18,1,0,56,15,2017,11,12,5,3,2,6,0,1,0,0,0,0,0,5.44487E+20,5.9559E+21,9.67464E+15,5.37499E+16
120425,1.1712E+18,1,0,53,116,2017,12,14,6,3,0,1,1,0,0,0,0,0,0,5.98077E+20,5.92935E+21,1.04787E+16,5.35039E+16
120426,1.17113E+18,1,0,53,100,2017,11,14,5,2,0,7,1,0,0,0,0,0,0,6.17845E+20,5.95131E+21,1.0785E+16,5.36971E+16
120427,1.17113E+18,1,0,62,1,2017,11,9,5,3,9,7,1,0,0,0,0,0,1,5.80632E+20,5.94833E+21,1.02207E+16,5.36775E+16
120428,1.17113E+18,1,0,55,33,2017,11,10,5,3,5,2,0,1,0,0,0,0,0,6.22865E+20,6.01774E+21,1.08878E+16,5.42928E+16
120429,1.17113E+18,1,0,55,4,2017,11,11,5,3,5,2,1,1,0,0,0,0,0,6.11195E+20,5.97582E+21,1.06931E+16,5.39188E+16
120430,1.17113E+18,1,0,3,0,2017,11,14,5,2,1,7,0,1,0,0,1,0,1,6.10936E+20,5.97033E+21,1.06872E+16,5.38696E+16
120431,1.17113E+18,1,0,3,0,2017,11,10,5,3,6,4,1,0,1,0,0,0,1,6.10985E+20,5.96741E+21,1.06869E+16,5.38433E+16
120432,1.17113E+18,1,0,58,22,2017,11,13,5,3,6,4,0,1,1,0,0,0,1,5.6736E+20,6.00341E+21,1.00319E+16,5.41743E+16
120433,1.17113E+18,1,0,60,92,2017,11,18,4,3,5,3,0,1,0,0,0,2,1,5.78852E+20,5.97916E+21,1.02017E+16,5.39548E+16
120434,1.17113E+18,1,0,4,0,2017,11,7,5,3,5,2,1,1,0,0,0,2,0,5.6406E+20,5.99221E+21,9.97903E+15,5.40741E+16
120435,1.17113E+18,1,0,61,46,2017,11,17,4,3,2,6,0,1,0,0,0,2,1,5.34326E+20,5.97487E+21,9.52269E+15,5.39211E+16
120436,1.17113E+18,1,0,60,63,2017,11,21,4,3,2,6,0,1,0,0,0,2,1,5.64567E+20,5.9495E+21,9.97778E+15,5.36902E+16
120437,1.1712E+18,1,0,2,0,2017,12,12,6,3,6,4,0,1,1,0,0,0,0,5.74694E+20,6.01858E+21,1.01481E+16,5.43096E+16
120438,1.1712E+18,1,0,2,0,2017,12,16,6,3,5,3,0,1,0,0,0,2,1,5.70321E+20,6.02395E+21,1.00821E+16,5.43585E+16
120439,1.1712E+18,1,0,2,0,2017,12,13,6,3,1,5,0,1,0,0,0,0,0,5.74741E+20,6.01867E+21,1.01488E+16,5.43105E+16
120440,1.1712E+18,1,0,2,0,2017,12,15,6,3,5,3,1,0,0,0,0,0,1,5.73466E+20,6.02166E+21,1.013E+16,5.43375E+16
120441,1.1712E+18,1,0,59,120,2017,12,12,6,3,2,6,0,1,0,0,0,0,1,5.25078E+20,6.07322E+21,9.39016E+15,5.48055E+16
120442,1.1712E+18,1,0,2,0,2017,12,8,6,3,5,3,0,1,0,0,1,0,1,5.73842E+20,6.02115E+21,1.01356E+16,5.43328E+16
120443,1.1712E+18,1,0,58,70,2017,12,17,7,3,8,7,0,1,0,0,0,2,1,5.32182E+20,6.00701E+21,9.49345E+15,5.42101E+16
120444,1.1712E+18,1,0,58,135,2017,12,22,7,3,6,4,1,0,1,0,0,2,1,5.43204E+20,6.01724E+21,9.66391E+15,5.43012E+16
120445,1.1712E+18,1,0,3,0,2017,12,12,6,3,6,4,0,1,1,0,0,0,0,6.10831E+20,5.96977E+21,1.06854E+16,5.38646E+16
120446,1.1712E+18,1,0,51,44,2017,12,16,6,2,6,4,0,1,1,0,0,2,0,5.05949E+20,6.00491E+21,9.09118E+15,5.41922E+16
120447,1.1712E+18,1,0,56,39,2017,12,7,6,2,5,3,1,1,0,0,0,1,1,5.52868E+20,5.94323E+21,9.79957E+15,5.36352E+16
120448,1.1712E+18,1,0,3,0,2017,12,15,6,3,5,7,0,1,0,0,0,0,0,6.0689E+20,5.96892E+21,1.06252E+16,5.38577E+16
120449,1.17113E+18,1,0,56,15,2017,11,17,4,3,5,3,1,1,0,0,0,2,1,5.43827E+20,5.95697E+21,9.66479E+15,5.37595E+16
120450,1.1712E+18,1,0,56,2,2017,12,14,1,3,5,3,1,1,0,0,0,0,1,5.50585E+20,5.96047E+21,9.76787E+15,5.37903E+16
120451,1.1712E+18,1,0,51,11,2017,12,18,1,3,3,6,1,1,0,0,0,2,1,5.08448E+20,5.97217E+21,9.12857E+15,5.38979E+16
120452,1.1712E+18,1,0,61,46,2017,12,10,7,3,5,3,1,1,0,0,0,0,0,5.33692E+20,5.97562E+21,9.51311E+15,5.39279E+16
120453,1.1712E+18,1,0,62,6,2017,12,17,6,3,1,5,0,1,0,0,0,2,0,5.83448E+20,5.95419E+21,1.02649E+16,5.37297E+16
120454,1.17113E+18,1,0,60,63,2017,11,12,4,3,0,7,1,0,0,0,0,0,1,5.66595E+20,5.9522E+21,1.00091E+16,5.37142E+16
120455,1.17113E+18,1,0,60,4,2017,11,15,4,3,1,1,0,1,0,0,0,0,1,5.57913E+20,5.97494E+21,9.88181E+15,5.39196E+16
120456,1.17113E+18,1,0,53,100,2017,11,17,4,3,5,3,0,1,0,0,0,2,1,6.14453E+20,5.95157E+21,1.07337E+16,5.37003E+16
120457,1.17113E+18,1,0,53,90,2017,11,13,4,3,5,3,1,1,0,0,0,0,1,6.11867E+20,5.94207E+21,1.06911E+16,5.36154E+16
120458,1.17113E+18,1,0,55,21,2017,11,9,4,2,6,4,0,1,1,0,0,0,1,6.27056E+20,6.02719E+21,1.09561E+16,5.43766E+16
120459,1.17113E+18,1,0,55,20,2017,11,20,4,3,8,7,0,1,0,0,0,2,1,6.19684E+20,6.01304E+21,1.0837E+16,5.42513E+16
120460,1.17113E+18,1,0,3,0,2017,11,7,4,3,1,5,1,1,0,0,0,1,1,6.11241E+20,5.96819E+21,1.06911E+16,5.38503E+16
120461,1.17113E+18,1,0,58,92,2017,11,16,4,3,5,2,1,1,0,0,0,1,1,5.71403E+20,6.02238E+21,1.00984E+16,5.43443E+16
120462,1.17113E+18,1,0,4,0,2017,11,7,4,3,5,2,0,1,0,0,0,1,1,5.65314E+20,5.99118E+21,9.99797E+15,5.40647E+16
120463,1.17113E+18,1,0,2,0,2017,11,20,4,2,1,5,0,1,0,0,0,2,1,5.75187E+20,6.01482E+21,1.01547E+16,5.42758E+16
120464,1.17113E+18,1,0,51,44,2017,11,16,3,3,5,3,1,1,0,0,0,1,1,5.05414E+20,6.00523E+21,9.08298E+15,5.41951E+16
120465,1.17113E+18,1,0,56,49,2017,11,13,3,3,1,5,0,1,0,1,0,0,0,5.43433E+20,5.94888E+21,9.65768E+15,5.36869E+16
120466,1.17113E+18,1,0,60,44,2017,11,22,3,3,3,6,1,1,0,0,0,2,1,5.63384E+20,5.96578E+21,9.96321E+15,5.38367E+16
120467,1.17113E+18,1,0,56,15,2017,11,6,3,3,2,6,0,1,0,0,0,2,0,5.44601E+20,5.95583E+21,9.67637E+15,5.37492E+16
120468,1.17113E+18,1,0,56,50,2017,11,10,3,3,6,2,0,1,1,0,0,0,1,5.46744E+20,5.93638E+21,9.70593E+15,5.35742E+16
120469,1.17113E+18,1,0,62,82,2017,11,11,3,2,0,1,1,0,0,0,0,0,1,5.93444E+20,5.94068E+21,1.04123E+16,5.36066E+16
120470,1.17113E+18,1,0,62,1,2017,11,13,3,3,6,4,0,1,1,0,0,0,1,5.8075E+20,5.94784E+21,1.02224E+16,5.36731E+16
120471,1.17113E+18,1,0,3,0,2017,11,16,3,3,5,2,1,1,0,0,0,2,1,6.13314E+20,5.96988E+21,1.07232E+16,5.3865E+16
120472,1.17113E+18,1,0,3,0,2017,11,13,3,3,5,3,0,1,0,1,0,0,1,6.10369E+20,5.96837E+21,1.06779E+16,5.3852E+16
120473,1.17113E+18,1,0,3,0,2017,11,11,3,3,5,3,0,1,0,0,0,0,1,6.06998E+20,5.96883E+21,1.06268E+16,5.38569E+16
120474,1.17113E+18,1,0,2,0,2017,11,7,3,3,5,3,1,1,0,0,0,1,1,5.73832E+20,6.02185E+21,1.01356E+16,5.43392E+16
120475,1.17113E+18,1,0,2,0,2017,11,7,3,2,6,4,0,0,1,0,1,2,1,5.68511E+20,6.02011E+21,1.00534E+16,5.43243E+16
120476,1.17113E+18,1,0,2,0,2017,11,8,3,3,6,4,0,1,1,0,0,0,1,5.73345E+20,6.02269E+21,1.01284E+16,5.43468E+16
120477,1.17113E+18,1,0,57,62,2017,11,19,3,3,6,4,1,0,1,0,0,2,1,5.83745E+20,6.01046E+21,1.02849E+16,5.42353E+16
120478,1.17113E+18,1,0,2,0,2017,11,14,3,3,5,3,0,1,0,0,0,0,1,5.75615E+20,6.01936E+21,1.01624E+16,5.43165E+16
120479,1.17113E+18,1,0,3,0,2017,11,16,2,3,6,4,0,1,1,0,0,1,1,6.11895E+20,5.96837E+21,1.07011E+16,5.38518E+16
120480,1.17113E+18,1,0,4,0,2017,11,12,2,3,2,2,0,1,0,0,0,0,1,5.6391E+20,5.99171E+21,9.97663E+15,5.40696E+16
120481,1.17113E+18,1,0,4,0,2017,11,13,2,3,5,2,1,1,0,0,0,0,1,5.63892E+20,5.99219E+21,9.97645E+15,5.40739E+16
120482,1.17113E+18,1,0,2,0,2017,11,13,2,3,6,3,0,1,1,0,0,0,1,5.75874E+20,6.02774E+21,1.01685E+16,5.43918E+16
120483,1.17113E+18,1,0,1,0,2017,11,15,2,3,6,4,0,0,1,0,1,0,1,5.28319E+20,6.07027E+21,9.44028E+15,5.47788E+16
120484,1.17113E+18,1,0,56,43,2017,11,16,7,3,0,1,0,0,0,1,0,2,0,5.54608E+20,5.94489E+21,9.82618E+15,5.36499E+16
120485,1.17113E+18,1,0,53,32,2017,11,18,7,3,5,3,1,1,0,0,0,2,0,5.90638E+20,5.92253E+21,1.03647E+16,5.3444E+16
120486,1.17113E+18,1,0,3,0,2017,11,17,7,3,6,4,1,0,1,0,0,2,1,6.10454E+20,5.96993E+21,1.06797E+16,5.38661E+16
120487,1.17113E+18,1,0,55,42,2017,11,22,7,3,5,3,0,1,0,0,0,2,0,6.16918E+20,5.98457E+21,1.07836E+16,5.39962E+16
120488,1.17113E+18,1,0,59,45,2017,11,17,7,3,9,1,0,1,0,0,0,2,1,5.60069E+20,6.05772E+21,9.93128E+15,5.46633E+16
120489,1.17113E+18,1,0,54,163,2017,11,22,7,2,6,4,0,1,1,0,0,2,1,4.70755E+20,6.06089E+21,8.54626E+15,5.46945E+16
120490,1.17113E+18,1,0,59,75,2017,11,21,7,3,6,4,0,0,1,1,0,2,0,5.36491E+20,6.04195E+21,9.5638E+15,5.45238E+16
120491,1.17112E+18,1,0,60,19,2017,11,8,6,3,1,7,0,1,0,0,0,0,1,5.61319E+20,5.95645E+21,9.92998E+15,5.3753E+16
120492,1.17112E+18,1,0,60,63,2017,11,13,6,3,4,6,0,1,0,0,1,0,0,5.65648E+20,5.95051E+21,9.99437E+15,5.36992E+16
120493,1.17112E+18,1,0,60,20,2017,11,7,6,3,1,5,1,1,0,0,0,2,1,5.82158E+20,5.97821E+21,1.02518E+16,5.39457E+16
120494,1.17112E+18,1,0,60,44,2017,11,22,6,3,5,3,0,1,0,0,0,2,1,5.64492E+20,5.96564E+21,9.98002E+15,5.38353E+16
120495,1.17112E+18,1,0,53,32,2017,11,20,6,3,6,4,0,1,1,0,0,2,0,5.90898E+20,5.92257E+21,1.03686E+16,5.34443E+16
120496,1.17112E+18,1,0,3,0,2017,11,15,6,3,5,3,0,1,0,0,0,0,1,6.073E+20,5.96854E+21,1.06313E+16,5.38542E+16
120497,1.17112E+18,1,0,58,124,2017,11,13,6,3,5,2,1,1,0,0,0,0,1,5.45383E+20,6.01562E+21,9.69715E+15,5.42865E+16
120498,1.17112E+18,1,0,2,0,2017,11,19,6,3,6,3,0,1,1,0,0,2,1,5.72865E+20,6.01925E+21,1.01201E+16,5.43159E+16
120499,1.17112E+18,1,0,57,62,2017,11,13,6,3,6,7,0,1,1,0,0,0,1,5.83524E+20,6.01053E+21,1.02815E+16,5.42359E+16
120500,1.17112E+18,1,0,59,75,2017,11,16,6,3,5,2,1,1,0,0,0,1,1,5.35692E+20,6.04151E+21,9.5514E+15,5.45199E+16
120501,1.17112E+18,1,0,61,46,2017,11,13,5,3,5,3,0,1,0,0,0,0,1,5.34277E+20,5.97523E+21,9.52197E+15,5.39243E+16
120502,1.17112E+18,1,0,60,5,2017,11,18,5,3,2,6,0,1,0,0,0,2,1,5.855E+20,5.97683E+21,1.03023E+16,5.39328E+16
120503,1.17112E+18,1,0,56,15,2017,11,12,5,3,5,2,1,1,0,0,0,0,0,5.44276E+20,5.9562E+21,9.67149E+15,5.37525E+16
120504,1.17112E+18,1,0,56,15,2017,11,11,5,3,8,1,0,0,0,1,0,0,1,5.43085E+20,5.9585E+21,9.65375E+15,5.37733E+16
120505,1.17112E+18,1,0,62,18,2017,11,14,5,3,5,3,1,1,0,0,0,0,0,5.80691E+20,5.93311E+21,1.02177E+16,5.35407E+16
120506,1.17112E+18,1,0,58,34,2017,11,20,5,3,0,4,1,0,0,0,1,2,1,5.42999E+20,6.01853E+21,9.66095E+15,5.43129E+16
120507,1.17112E+18,1,0,58,34,2017,11,17,5,3,5,2,1,1,0,0,0,2,1,5.4351E+20,6.01924E+21,9.66891E+15,5.43192E+16
120508,1.17112E+18,1,0,2,0,2017,11,18,5,3,1,5,0,1,0,0,0,2,1,5.73628E+20,6.02025E+21,1.01321E+16,5.43248E+16
120509,1.17112E+18,1,0,59,182,2017,11,4,5,3,8,1,0,1,0,0,0,2,1,5.33308E+20,6.06438E+21,9.51717E+15,5.47256E+16
120510,1.17112E+18,1,0,54,56,2017,11,7,5,3,5,3,1,1,0,0,0,2,0,5.03575E+20,6.0365E+21,9.05518E+15,5.44761E+16
120511,1.17112E+18,1,0,61,46,2017,11,17,4,2,6,4,0,1,1,0,0,2,1,5.33134E+20,5.97675E+21,9.50474E+15,5.39381E+16
120512,1.17112E+18,1,0,56,15,2017,11,17,4,3,6,4,0,1,1,0,0,1,0,5.43917E+20,5.95777E+21,9.66627E+15,5.37667E+16
120513,1.17112E+18,1,0,60,4,2017,11,13,4,3,0,1,1,0,0,0,0,0,1,5.58267E+20,5.975E+21,9.88722E+15,5.39201E+16
120514,1.17112E+18,1,0,58,66,2017,11,7,4,2,6,4,0,1,1,0,0,2,1,5.49971E+20,6.02882E+21,9.76983E+15,5.44047E+16
120515,1.1712E+18,1,0,56,36,2017,12,17,7,3,1,1,0,1,0,0,1,2,0,5.45262E+20,5.94636E+21,9.68501E+15,5.36641E+16
120516,1.1712E+18,1,0,60,63,2017,12,12,7,3,2,6,0,1,0,0,0,0,0,5.65204E+20,5.94947E+21,9.98742E+15,5.36898E+16
120517,1.17113E+18,1,0,60,44,2017,11,19,5,3,5,3,1,0,0,0,0,2,1,5.63804E+20,5.96548E+21,9.96953E+15,5.38339E+16
120518,1.17112E+18,1,0,4,0,2017,11,18,4,3,8,1,0,1,0,0,0,2,1,5.6314E+20,5.99507E+21,9.96558E+15,5.40999E+16
120519,1.17112E+18,1,0,58,135,2017,11,0,4,3,5,2,0,1,0,1,0,2,1,5.43211E+20,6.01621E+21,9.66388E+15,5.4292E+16
120520,1.17112E+18,1,0,51,75,2017,11,19,3,3,8,6,0,1,0,0,0,2,1,5.02199E+20,6.00773E+21,9.03372E+15,5.42176E+16
120521,1.17112E+18,1,0,60,63,2017,11,11,3,3,2,6,0,1,0,0,1,0,1,5.65228E+20,5.94518E+21,9.98688E+15,5.36513E+16
120522,1.17112E+18,1,0,60,5,2017,11,18,3,3,5,7,0,1,0,0,0,2,1,5.85512E+20,5.97683E+21,1.03025E+16,5.39328E+16
120523,1.17112E+18,1,0,60,63,2017,11,9,3,3,6,4,0,1,1,0,0,0,1,5.65981E+20,5.95234E+21,9.9998E+15,5.37155E+16
120524,1.17112E+18,1,0,53,100,2017,11,8,3,3,5,3,0,1,0,0,0,0,1,6.18075E+20,5.95157E+21,1.07885E+16,5.36995E+16
120525,1.17112E+18,1,0,62,14,2017,11,17,3,3,3,6,1,1,0,0,0,1,1,5.82007E+20,5.95041E+21,1.02421E+16,5.3696E+16
120526,1.17112E+18,1,0,55,16,2017,11,21,3,3,5,3,0,1,0,0,0,2,1,6.27773E+20,6.00213E+21,1.09565E+16,5.41513E+16
120527,1.17112E+18,1,0,2,0,2017,11,20,3,3,6,2,0,1,1,0,0,2,1,5.74711E+20,6.01909E+21,1.01485E+16,5.43142E+16
120528,1.17112E+18,1,0,56,15,2017,11,17,2,3,5,2,1,1,0,0,0,2,1,5.44264E+20,5.95524E+21,9.67116E+15,5.37439E+16
120529,1.17112E+18,1,0,56,48,2017,11,7,2,3,5,3,1,1,0,0,0,0,1,5.47212E+20,5.94974E+21,9.71502E+15,5.36942E+16
120530,1.17112E+18,1,0,56,2,2017,11,17,2,3,8,1,0,1,0,0,0,2,1,5.51605E+20,5.96143E+21,9.7835E+15,5.37988E+16
120531,1.17112E+18,1,0,56,49,2017,11,8,2,1,5,2,1,0,0,0,1,0,1,5.4442E+20,5.94884E+21,9.67262E+15,5.36864E+16
120532,1.17112E+18,1,0,60,63,2017,11,15,2,2,5,3,0,1,0,1,0,1,1,5.64987E+20,5.94926E+21,9.98409E+15,5.3688E+16
120533,1.17112E+18,1,0,62,18,2017,11,13,2,3,5,3,1,1,0,0,0,0,1,5.81062E+20,5.93316E+21,1.02233E+16,5.35411E+16
120534,1.17112E+18,1,0,53,116,2017,11,7,2,3,5,3,1,1,0,0,0,1,0,5.98304E+20,5.92947E+21,1.04822E+16,5.3505E+16
120535,1.17112E+18,1,0,62,69,2017,11,17,2,3,6,4,0,1,1,0,0,2,1,5.85489E+20,5.94387E+21,1.0293E+16,5.36366E+16
120536,1.17112E+18,1,0,62,4,2017,11,8,2,3,5,2,1,1,0,0,0,0,0,5.90733E+20,5.96292E+21,1.03779E+16,5.38069E+16
120537,1.17112E+18,1,0,53,12,2017,11,7,2,3,0,1,0,0,0,1,0,2,1,5.85164E+20,5.92578E+21,1.02832E+16,5.34741E+16
120538,1.17112E+18,1,0,58,92,2017,11,7,2,2,0,1,1,0,0,0,0,0,2,5.70542E+20,6.02256E+21,1.00852E+16,5.43459E+16
120539,1.17112E+18,1,0,2,0,2017,11,7,2,3,0,7,1,0,0,0,0,0,2,5.74402E+20,6.02137E+21,1.01443E+16,5.43347E+16
120540,1.17112E+18,1,0,59,185,2017,11,5,2,3,8,1,0,1,0,0,0,2,2,5.38785E+20,6.06213E+21,9.6019E+15,5.4705E+16
120541,1.17112E+18,1,0,1,0,2017,11,7,2,3,4,1,0,1,0,0,0,1,2,5.24411E+20,6.06741E+21,9.37929E+15,5.47533E+16
120542,1.17112E+18,1,0,54,56,2017,11,7,2,3,0,7,1,0,0,0,0,1,1,5.0474E+20,6.03756E+21,9.07317E+15,5.44857E+16
120543,1.17112E+18,1,0,59,127,2017,11,13,2,3,5,3,0,1,0,0,0,0,0,5.37142E+20,6.06738E+21,9.57708E+15,5.47523E+16
120544,1.17112E+18,1,0,54,88,2017,11,7,2,3,5,3,1,1,0,0,0,0,1,4.88597E+20,6.07069E+21,8.8227E+15,5.47833E+16
120545,1.17112E+18,1,0,2,0,2017,11,16,1,3,6,7,0,1,1,0,0,2,1,5.74729E+20,6.01828E+21,1.01485E+16,5.43069E+16