OBJECTID,UIDENTSTLA,ULAND,UREGBEZ,UKREIS,UGEMEINDE,UJAHR,UMONAT,USTUNDE,UWOCHENTAG,UKATEGORIE,UART,UTYP1,IstRad,IstPKW,IstFuss,IstKrad,IstSonstig,LICHT,STRZUSTAND,LINREFX,LINREFY,XGCSWGS84,YGCSWGS84
120546,1.17112E+18,1,0,60,63,2017,11,13,7,3,5,2,0,1,0,0,0,0,1,5.69121E+20,5.94849E+21,1.00465E+16,5.36806E+16
120547,1.17112E+18,1,0,56,44,2017,11,15,7,3,5,2,0,1,0,0,0,0,1,5.55557E+20,5.9403E+21,9.83971E+15,5.36086E+16
120548,1.17112E+18,1,0,62,1,2017,11,0,7,3,6,7,0,1,1,0,0,2,1,5.81907E+20,5.94794E+21,1.02399E+16,5.36738E+16
120549,1.17112E+18,1,0,62,1,2017,11,17,7,3,5,3,1,1,0,0,0,2,1,5.831E+20,5.94845E+21,1.02581E+16,5.36782E+16
120550,1.17112E+18,1,0,2,0,2017,11,19,7,3,1,5,1,1,0,0,0,2,1,5.74225E+20,6.01866E+21,1.01409E+16,5.43104E+16
120551,1.17112E+18,1,0,54,56,2017,11,16,7,3,2,6,0,1,0,0,0,2,1,5.04353E+20,6.0375E+21,9.06719E+15,5.44851E+16
120552,1.17112E+18,1,0,59,120,2017,11,15,7,3,5,3,0,1,0,0,0,0,1,5.24281E+20,6.07345E+21,9.37778E+15,5.48076E+16
120553,1.17112E+18,1,0,56,41,2017,11,11,6,3,2,6,0,1,0,0,0,0,0,5.60048E+20,5.95369E+21,9.91017E+15,5.37284E+16
120554,1.17112E+18,1,0,60,5,2017,11,7,6,3,5,3,0,0,0,1,1,0,1,5.84998E+20,5.97696E+21,1.02947E+16,5.3934E+16
120555,1.17112E+18,1,0,56,50,2017,11,21,6,3,5,3,0,1,0,0,1,2,0,5.47808E+20,5.93671E+21,9.72205E+15,5.35771E+16
120556,1.17112E+18,1,0,3,0,2017,11,11,6,3,3,6,0,1,0,0,0,0,1,6.13845E+20,5.97533E+21,1.07333E+16,5.39139E+16
120557,1.17112E+18,1,0,3,0,2017,11,22,6,3,2,2,1,1,0,0,0,2,1,6.10902E+20,5.96988E+21,1.06865E+16,5.38655E+16
120558,1.17112E+18,1,0,3,0,2017,11,1,6,3,5,2,1,1,0,0,0,2,1,6.10219E+20,5.97068E+21,1.06764E+16,5.38728E+16
120559,1.17112E+18,1,0,58,43,2017,11,12,6,3,6,6,1,0,1,0,0,0,0,5.54513E+20,6.03384E+21,9.84073E+15,5.44493E+16
120560,1.17112E+18,1,0,2,0,2017,11,15,6,3,5,3,1,1,0,0,0,1,1,5.7286E+20,6.02246E+21,1.01208E+16,5.43448E+16
120561,1.17112E+18,1,0,2,0,2017,11,12,6,3,5,3,0,1,0,0,0,0,1,5.77528E+20,6.01715E+21,1.01912E+16,5.42963E+16
120562,1.17112E+18,1,0,1,0,2017,11,7,6,3,2,6,0,1,0,0,0,0,1,5.30413E+20,6.07148E+21,9.47296E+15,5.47896E+16
120563,1.17112E+18,1,0,56,2,2017,11,7,5,3,5,3,1,1,0,0,0,1,1,5.51041E+20,5.96086E+21,9.77484E+15,5.37938E+16
120564,1.17112E+18,1,0,60,39,2017,11,16,5,3,2,7,0,1,0,0,0,1,1,5.65538E+20,5.95812E+21,9.9943E+15,5.37676E+16
120565,1.17112E+18,1,0,60,52,2017,11,11,5,3,9,1,0,0,0,1,0,0,1,5.7058E+20,5.98313E+21,1.00765E+16,5.39916E+16
120566,1.17112E+18,1,0,56,44,2017,11,16,5,3,2,6,0,1,0,0,0,1,1,5.55671E+20,5.94014E+21,9.84141E+15,5.36071E+16
120567,1.17112E+18,1,0,53,90,2017,11,7,5,3,5,3,1,1,0,0,0,2,1,6.11889E+20,5.94203E+21,1.06914E+16,5.36151E+16
120568,1.17112E+18,1,0,4,0,2017,11,19,5,3,2,7,1,1,0,0,0,2,0,5.63958E+20,5.99209E+21,9.97744E+15,5.4073E+16
120569,1.17112E+18,1,0,54,56,2017,11,7,5,3,6,3,0,1,1,0,0,2,0,5.04647E+20,6.03848E+21,9.07175E+15,5.44939E+16
120570,1.17112E+18,1,0,1,0,2017,11,18,5,2,5,2,0,0,0,1,1,2,1,5.30612E+20,6.07151E+21,9.47606E+15,5.47899E+16
120571,1.17112E+18,1,0,51,69,2017,11,10,4,3,5,3,1,1,0,0,0,0,1,5.04215E+20,6.00433E+21,9.06459E+15,5.4187E+16
120572,1.17112E+18,1,0,60,63,2017,11,11,4,3,0,7,0,0,1,0,1,0,0,5.65125E+20,5.95268E+21,9.9869E+15,5.37188E+16
120573,1.17112E+18,1,0,60,39,2017,11,17,4,3,5,2,1,1,0,0,0,2,1,5.65696E+20,5.95655E+21,9.99637E+15,5.37534E+16
120574,1.17112E+18,1,0,56,15,2017,11,7,4,3,5,2,1,1,0,0,0,1,1,5.43692E+20,5.95711E+21,9.66276E+15,5.37608E+16
120575,1.17112E+18,1,0,3,0,2017,11,9,4,3,5,3,0,1,0,0,0,0,1,6.12713E+20,5.97041E+21,1.07142E+16,5.387E+16
120576,1.17112E+18,1,0,3,0,2017,11,15,4,3,0,7,1,0,0,0,0,0,1,6.11433E+20,5.96812E+21,1.0694E+16,5.38496E+16
120577,1.17112E+18,1,0,55,7,2017,11,11,4,2,2,6,0,1,0,0,1,0,1,5.94859E+20,5.99401E+21,1.04502E+16,5.40855E+16
120578,1.17112E+18,1,0,3,0,2017,11,17,4,3,0,1,1,0,0,0,0,2,0,6.10655E+20,5.97274E+21,1.06838E+16,5.38913E+16
120579,1.17112E+18,1,0,58,22,2017,11,11,4,3,6,7,0,1,1,0,0,1,1,5.67606E+20,6.00331E+21,1.00357E+16,5.41734E+16
120580,1.17112E+18,1,0,58,54,2017,11,14,4,2,5,3,1,1,0,0,0,0,1,5.40263E+20,6.01702E+21,9.61869E+15,5.42995E+16
120581,1.17112E+18,1,0,57,62,2017,11,19,4,3,0,3,0,1,0,1,0,2,1,5.83132E+20,6.01047E+21,1.02755E+16,5.42355E+16
120582,1.17112E+18,1,0,54,88,2017,11,11,4,3,5,3,1,1,0,0,0,0,0,4.89036E+20,6.07122E+21,8.8295E+15,5.47881E+16
120583,1.17112E+18,1,0,59,75,2017,11,11,4,3,5,3,0,1,0,0,0,0,1,5.37538E+20,6.0412E+21,9.57988E+15,5.4517E+16
120584,1.17111E+18,1,0,56,39,2017,11,16,3,3,5,3,1,1,0,0,0,2,1,5.5284E+20,5.94579E+21,9.79957E+15,5.36582E+16
120585,1.17111E+18,1,0,3,0,2017,11,15,3,3,0,1,1,0,0,0,0,0,1,6.10516E+20,5.97002E+21,1.06807E+16,5.38669E+16
120586,1.17111E+18,1,0,3,0,2017,11,14,3,3,5,3,0,1,0,1,0,0,1,6.09432E+20,5.96719E+21,1.06632E+16,5.38417E+16
120587,1.17111E+18,1,0,58,34,2017,11,13,3,3,5,3,1,1,0,0,0,0,1,5.44001E+20,6.01928E+21,9.67645E+15,5.43195E+16
120588,1.17111E+18,1,0,2,0,2017,11,16,3,3,5,2,1,1,0,0,0,2,0,5.73215E+20,6.01949E+21,1.01256E+16,5.4318E+16
120589,1.17111E+18,1,0,1,0,2017,11,15,3,3,5,2,1,1,0,0,0,0,0,5.30996E+20,6.07397E+21,9.4823E+15,5.48119E+16
120590,1.17111E+18,1,0,56,15,2017,11,13,2,3,2,6,0,1,0,0,0,0,0,5.44719E+20,5.95572E+21,9.67813E+15,5.37482E+16
120591,1.17111E+18,1,0,60,89,2017,11,16,2,3,2,6,0,1,0,0,0,0,0,5.80636E+20,5.98866E+21,1.02314E+16,5.40399E+16
120592,1.17111E+18,1,0,60,5,2017,11,8,2,3,5,3,0,1,0,0,0,0,1,5.85921E+20,5.97852E+21,1.03092E+16,5.39479E+16
120593,1.17111E+18,1,0,60,63,2017,11,8,2,3,5,2,0,1,0,0,0,0,1,5.64883E+20,5.95242E+21,9.98317E+15,5.37164E+16
120594,1.17111E+18,1,0,60,44,2017,11,7,2,3,5,3,1,1,0,0,0,0,1,5.63639E+20,5.96558E+21,9.96704E+15,5.38349E+16
120595,1.17111E+18,1,0,55,21,2017,11,18,2,3,5,3,0,0,0,1,0,2,0,6.29095E+20,6.02658E+21,1.09872E+16,5.43707E+16
120596,1.17111E+18,1,0,3,0,2017,11,9,2,3,2,6,0,1,0,0,1,0,1,6.11801E+20,5.96757E+21,1.06993E+16,5.38446E+16
120597,1.17111E+18,1,0,3,0,2017,11,16,2,3,9,7,0,1,0,0,0,1,0,6.13126E+20,5.97046E+21,1.07205E+16,5.38703E+16
120598,1.17111E+18,1,0,58,135,2017,11,7,2,3,0,1,1,0,0,0,0,1,2,5.42596E+20,6.01833E+21,9.65473E+15,5.43111E+16
120599,1.17111E+18,1,0,58,140,2017,11,8,2,3,0,1,1,0,0,0,0,1,2,5.46916E+20,6.01732E+21,9.72095E+15,5.43016E+16
120600,1.17111E+18,1,0,58,43,2017,11,8,2,2,0,7,1,0,0,0,0,1,2,5.54145E+20,6.03837E+21,9.83587E+15,5.449E+16
120601,1.17111E+18,1,0,4,0,2017,11,8,2,3,0,1,1,0,0,0,0,0,2,5.6367E+20,5.99095E+21,9.97281E+15,5.40629E+16
120602,1.17111E+18,1,0,58,34,2017,11,7,2,3,0,1,1,0,0,0,0,0,2,5.4426E+20,6.01933E+21,9.68045E+15,5.43199E+16
120603,1.17111E+18,1,0,4,0,2017,11,9,2,3,0,7,1,0,0,0,0,0,2,5.65794E+20,5.99471E+21,1.00061E+16,5.40963E+16
120604,1.17111E+18,1,0,58,44,2017,11,21,2,3,8,7,0,1,0,0,0,2,0,5.5717E+20,5.98972E+21,9.87327E+15,5.40525E+16
120605,1.17111E+18,1,0,58,135,2017,11,7,2,2,0,4,1,0,1,0,0,1,2,5.42211E+20,6.01912E+21,9.64892E+15,5.43182E+16
120606,1.17111E+18,1,0,58,77,2017,11,7,2,2,0,7,1,0,0,0,0,0,2,5.42804E+20,5.99384E+21,9.65444E+15,5.4091E+16
120607,1.17111E+18,1,0,2,0,2017,11,9,2,3,0,7,0,0,0,1,0,0,2,5.74208E+20,6.01912E+21,1.01407E+16,5.43145E+16
120608,1.17111E+18,1,0,57,33,2017,11,14,2,3,8,1,0,1,0,0,0,0,0,5.74832E+20,6.00803E+21,1.01475E+16,5.42148E+16
120609,1.17111E+18,1,0,1,0,2017,11,7,2,3,0,7,1,0,0,0,0,1,2,5.26919E+20,6.07054E+21,9.41855E+15,5.47813E+16
120610,1.17111E+18,1,0,54,56,2017,11,7,2,3,0,1,1,0,0,0,0,1,2,5.03608E+20,6.0374E+21,9.05569E+15,5.44842E+16
120611,1.17111E+18,1,0,54,88,2017,11,7,2,3,0,1,1,0,0,0,0,2,2,4.89035E+20,6.07122E+21,8.82948E+15,5.47881E+16
120612,1.17111E+18,1,0,54,88,2017,11,7,2,3,0,1,1,0,0,0,0,2,2,4.89193E+20,6.07141E+21,8.83193E+15,5.47898E+16
120613,1.17111E+18,1,0,60,63,2017,11,11,1,3,2,6,0,1,0,0,0,0,1,5.65749E+20,5.94966E+21,9.99572E+15,5.36915E+16
120614,1.17111E+18,1,0,59,161,2017,11,13,1,3,5,3,0,1,0,0,1,0,1,5.40791E+20,6.06521E+21,9.63348E+15,5.47325E+16
120615,1.17111E+18,1,0,61,46,2017,11,12,7,3,2,6,0,1,0,0,0,0,1,5.33254E+20,5.97601E+21,9.50648E+15,5.39314E+16
120616,1.17111E+18,1,0,55,33,2017,11,10,7,2,5,3,0,1,0,1,0,0,1,6.2263E+20,6.01747E+21,1.0884E+16,5.42904E+16
120617,1.17111E+18,1,0,4,0,2017,11,14,7,3,5,3,0,1,0,0,0,0,1,5.65203E+20,5.99181E+21,9.99641E+15,5.40704E+16
120618,1.17111E+18,1,0,54,56,2017,11,0,7,3,5,3,0,1,0,0,0,2,1,5.05238E+20,6.03799E+21,9.08085E+15,5.44895E+16
120619,1.17111E+18,1,0,60,44,2017,11,5,6,3,5,3,0,1,0,0,1,2,1,5.63712E+20,5.96553E+21,9.96814E+15,5.38343E+16
120620,1.17111E+18,1,0,60,39,2017,11,17,6,3,4,6,1,1,0,0,0,1,1,5.64043E+20,5.96215E+21,9.97246E+15,5.3804E+16
120621,1.17111E+18,1,0,62,23,2017,11,18,6,3,2,6,1,1,0,0,0,2,1,5.8476E+20,5.94586E+21,1.02825E+16,5.36546E+16
120622,1.17111E+18,1,0,3,0,2017,11,13,6,3,5,3,1,0,0,1,0,0,1,6.09848E+20,5.97157E+21,1.06711E+16,5.3881E+16
120623,1.17111E+18,1,0,58,135,2017,11,17,6,3,5,2,1,1,0,0,0,2,1,5.43184E+20,6.01655E+21,9.66351E+15,5.42951E+16
120624,1.17111E+18,1,0,58,53,2017,11,7,6,3,5,2,1,1,0,0,0,1,1,5.69193E+20,6.01111E+21,1.00618E+16,5.42433E+16
120625,1.17111E+18,1,0,4,0,2017,11,15,6,2,0,3,0,1,0,1,0,0,1,5.64532E+20,5.98928E+21,9.98561E+15,5.40478E+16
120626,1.17111E+18,1,0,59,120,2017,11,8,6,3,0,7,1,0,0,0,0,1,1,5.25017E+20,6.07232E+21,9.38913E+15,5.47975E+16
120627,1.17111E+18,1,0,54,56,2017,11,14,6,3,5,3,1,1,0,0,0,0,1,5.04355E+20,6.03766E+21,9.06722E+15,5.44865E+16
120628,1.17111E+18,1,0,59,120,2017,11,7,6,3,5,2,1,1,0,0,0,2,1,5.2538E+20,6.07343E+21,9.39487E+15,5.48074E+16
120629,1.17111E+18,1,0,56,15,2017,11,9,5,3,5,3,0,1,0,0,0,0,0,5.44391E+20,5.95423E+21,9.67296E+15,5.37349E+16
120630,1.17111E+18,1,0,62,61,2017,11,17,5,3,2,6,0,1,0,0,0,1,1,5.99015E+20,5.96517E+21,1.05043E+16,5.38257E+16
120631,1.17111E+18,1,0,53,32,2017,11,11,5,3,6,4,1,0,1,0,0,0,0,5.91984E+20,5.92254E+21,1.03849E+16,5.34439E+16
120632,1.17111E+18,1,0,3,0,2017,11,7,5,3,6,4,0,1,1,0,0,1,0,6.09956E+20,5.97005E+21,1.06722E+16,5.38673E+16
120633,1.17111E+18,1,0,54,56,2017,11,9,5,3,0,7,1,1,0,0,0,0,0,5.04364E+20,6.03693E+21,9.06735E+15,5.448E+16
120634,1.17111E+18,1,0,59,45,2017,11,17,5,3,5,3,1,1,0,0,0,2,1,5.59936E+20,6.05731E+21,9.92913E+15,5.46596E+16
120635,1.17111E+18,1,0,54,164,2017,11,15,5,3,0,7,1,0,0,0,0,0,0,4.72175E+20,6.05981E+21,8.56839E+15,5.46849E+16
120636,1.17111E+18,1,0,1,0,2017,11,14,5,3,0,1,1,0,0,0,0,0,1,5.28249E+20,6.07123E+21,9.43929E+15,5.47874E+16
120637,1.17111E+18,1,0,59,75,2017,11,17,5,2,5,2,1,1,0,0,0,2,1,5.36634E+20,6.04112E+21,9.5659E+15,5.45163E+16
120638,1.17111E+18,1,0,54,56,2017,11,15,5,3,5,2,0,1,0,1,0,1,1,5.05193E+20,6.03817E+21,9.08017E+15,5.44911E+16
120639,1.17111E+18,1,0,61,46,2017,11,9,4,3,5,3,1,1,0,0,0,0,0,5.32948E+20,5.97641E+21,9.50186E+15,5.3935E+16
120640,1.17111E+18,1,0,60,63,2017,11,17,4,3,5,3,0,1,0,0,0,2,0,5.64236E+20,5.94793E+21,9.97244E+15,5.36761E+16
120641,1.17111E+18,1,0,60,63,2017,11,10,4,3,2,6,0,1,0,0,0,0,0,5.64742E+20,5.95255E+21,9.98107E+15,5.37176E+16
120642,1.17111E+18,1,0,53,12,2017,11,16,4,3,2,6,0,1,0,0,0,2,0,5.84818E+20,5.92526E+21,1.02778E+16,5.34695E+16
120643,1.17111E+18,1,0,3,0,2017,11,13,4,3,0,7,1,0,0,0,0,0,0,6.09469E+20,5.97023E+21,1.06649E+16,5.3869E+16
120644,1.17111E+18,1,0,3,0,2017,11,14,4,3,5,3,0,1,0,0,0,0,0,6.09439E+20,5.96719E+21,1.06633E+16,5.38417E+16
120645,1.17111E+18,1,0,3,0,2017,11,7,4,3,8,1,1,0,0,0,0,0,0,6.10549E+20,5.96995E+21,1.06812E+16,5.38663E+16
120646,1.17111E+18,1,0,58,135,2017,11,13,4,3,4,6,1,0,0,0,0,0,1,5.41337E+20,6.01719E+21,9.63521E+15,5.4301E+16
120647,1.17111E+18,1,0,58,54,2017,11,16,4,3,6,7,0,1,1,0,0,1,0,5.39444E+20,6.01832E+21,9.60628E+15,5.43113E+16
120648,1.17111E+18,1,0,2,0,2017,11,14,4,3,0,1,1,0,0,0,0,0,0,5.77071E+20,6.02044E+21,1.01851E+16,5.4326E+16
120649,1.17111E+18,1,0,2,0,2017,11,15,4,3,6,4,0,1,1,0,0,0,0,5.70107E+20,6.02401E+21,1.00789E+16,5.43591E+16
120650,1.17111E+18,1,0,57,62,2017,11,16,4,2,5,3,1,1,0,0,0,0,0,5.83102E+20,6.01168E+21,1.02753E+16,5.42463E+16
120651,1.17111E+18,1,0,59,75,2017,11,6,4,3,8,7,1,0,0,0,0,2,1,5.35354E+20,6.04109E+21,9.54613E+15,5.45162E+16
120652,1.17111E+18,1,0,51,11,2017,11,16,3,2,5,3,1,1,0,0,0,1,0,5.08376E+20,5.9723E+21,9.12747E+15,5.38991E+16
120653,1.17111E+18,1,0,53,32,2017,11,10,3,3,5,3,1,1,0,0,0,0,0,5.90835E+20,5.92175E+21,1.03674E+16,5.3437E+16
120654,1.17111E+18,1,0,55,12,2017,11,18,3,3,5,3,1,1,0,0,0,2,0,6.06123E+20,5.99906E+21,1.06241E+16,5.41287E+16
120655,1.17111E+18,1,0,54,88,2017,11,17,3,3,0,1,1,0,0,0,0,2,0,4.89014E+20,6.07169E+21,8.82915E+15,5.47923E+16
120656,1.17111E+18,1,0,1,0,2017,11,7,3,3,1,5,1,1,0,0,0,0,0,5.29976E+20,6.07058E+21,9.46608E+15,5.47815E+16
120657,1.17111E+18,1,0,51,11,2017,11,19,2,3,5,3,0,1,0,0,0,2,0,5.09324E+20,5.97252E+21,9.14191E+15,5.39011E+16
120658,1.17111E+18,1,0,56,50,2017,11,9,2,3,4,6,0,1,0,0,0,0,0,5.47209E+20,5.93738E+21,9.7131E+15,5.35832E+16
120659,1.17111E+18,1,0,60,63,2017,11,19,2,3,4,2,1,1,0,0,0,2,1,5.65665E+20,5.94991E+21,9.99448E+15,5.36937E+16
120660,1.17111E+18,1,0,56,15,2017,11,6,2,3,1,5,0,1,0,0,0,2,1,5.43699E+20,5.95722E+21,9.66289E+15,5.37617E+16
120661,1.17111E+18,1,0,56,50,2017,11,7,2,3,2,6,0,1,0,0,0,0,0,5.47706E+20,5.93631E+21,9.72044E+15,5.35734E+16
120662,1.17111E+18,1,0,53,77,2017,11,13,2,3,5,7,0,0,0,0,1,0,0,6.06618E+20,5.94923E+21,1.06143E+16,5.36809E+16
120663,1.17111E+18,1,0,62,1,2017,11,15,2,3,5,2,1,1,0,0,0,0,1,5.81575E+20,5.94773E+21,1.02348E+16,5.36719E+16
120664,1.17111E+18,1,0,55,12,2017,11,12,2,3,5,3,1,1,0,0,0,0,0,6.04644E+20,5.99977E+21,1.06017E+16,5.41353E+16
120665,1.17111E+18,1,0,55,12,2017,11,8,2,3,2,6,0,1,0,0,0,0,1,6.0551E+20,5.99937E+21,1.06148E+16,5.41316E+16
120666,1.17111E+18,1,0,58,43,2017,11,13,2,3,0,7,1,0,0,0,0,0,0,5.53684E+20,6.03776E+21,9.82864E+15,5.44847E+16
120667,1.17111E+18,1,0,2,0,2017,11,7,2,3,5,3,1,1,0,0,0,0,1,5.73321E+20,6.02267E+21,1.0128E+16,5.43466E+16
120668,1.17111E+18,1,0,56,45,2017,11,19,1,3,5,3,0,1,0,0,0,2,0,5.37454E+20,5.95075E+21,9.56737E+15,5.37041E+16
120669,1.17111E+18,1,0,53,32,2017,11,15,1,3,0,7,1,0,0,0,0,0,1,5.9519E+20,5.91844E+21,1.04319E+16,5.34065E+16
120670,1.17111E+18,1,0,54,168,2017,11,14,1,3,0,1,1,0,0,0,0,0,1,4.55305E+20,6.08476E+21,8.3029E+15,5.49078E+16
120671,1.17111E+18,1,0,59,44,2017,11,15,1,2,0,7,1,0,0,0,0,0,1,5.26181E+20,6.04584E+21,9.40486E+15,5.45594E+16
120672,1.1711E+18,1,0,61,102,2017,11,11,7,3,8,6,0,1,0,1,0,0,0,5.26781E+20,5.97369E+21,9.40769E+15,5.3911E+16
120673,1.1711E+18,1,0,62,23,2017,11,15,7,3,1,5,1,1,0,0,0,0,0,5.84023E+20,5.9452E+21,1.02712E+16,5.36488E+16
120674,1.1711E+18,1,0,51,13,2017,11,8,6,3,5,3,1,1,0,0,0,0,1,4.90963E+20,5.99881E+21,8.86169E+15,5.41374E+16
120675,1.1711E+18,1,0,56,39,2017,11,12,6,3,0,7,1,0,0,0,1,0,0,5.53576E+20,5.94419E+21,9.81045E+15,5.36437E+16
120676,1.1711E+18,1,0,60,63,2017,11,7,6,3,5,2,1,1,0,0,0,0,0,5.66535E+20,5.95113E+21,1.00079E+16,5.37046E+16
120677,1.1711E+18,1,0,60,63,2017,11,16,6,3,3,7,1,1,0,0,0,1,0,5.66544E+20,5.95275E+21,1.00084E+16,5.37192E+16
120678,1.1711E+18,1,0,60,44,2017,11,14,6,3,0,7,0,1,0,0,0,0,0,5.63384E+20,5.96585E+21,9.96322E+15,5.38373E+16
120679,1.1711E+18,1,0,56,15,2017,11,8,6,3,2,6,0,1,0,0,0,0,0,5.45836E+20,5.95552E+21,9.69505E+15,5.37463E+16
120680,1.1711E+18,1,0,55,12,2017,11,16,6,3,5,3,0,1,0,0,0,1,0,6.05852E+20,5.99899E+21,1.06199E+16,5.41281E+16
120681,1.1711E+18,1,0,58,117,2017,11,7,6,3,0,1,0,0,0,1,0,0,0,5.5549E+20,6.00232E+21,9.84994E+15,5.4166E+16
120682,1.1711E+18,1,0,4,0,2017,11,17,6,2,3,6,0,1,0,1,0,2,0,5.61912E+20,5.99101E+21,9.94596E+15,5.40635E+16
120683,1.1711E+18,1,0,58,43,2017,11,12,6,3,0,1,0,0,0,1,0,0,1,5.5469E+20,6.03696E+21,9.84403E+15,5.44773E+16
120684,1.1711E+18,1,0,2,0,2017,11,17,6,3,5,2,1,1,0,0,0,2,0,5.73958E+20,6.01783E+21,1.01366E+16,5.4303E+16
120685,1.1711E+18,1,0,2,0,2017,11,8,6,3,5,3,0,1,0,0,1,0,0,5.7543E+20,6.01498E+21,1.01585E+16,5.42772E+16
120686,1.1711E+18,1,0,2,0,2017,11,12,6,3,1,5,0,1,0,0,1,0,0,5.73572E+20,6.02541E+21,1.01325E+16,5.43712E+16
120687,1.1711E+18,1,0,54,168,2017,11,18,6,3,5,3,1,1,0,0,0,2,1,4.55512E+20,6.0854E+21,8.30602E+15,5.49136E+16
120688,1.1711E+18,1,0,51,11,2017,11,15,5,2,0,1,1,0,0,0,0,0,0,5.08601E+20,5.97171E+21,9.13088E+15,5.38938E+16
120689,1.1711E+18,1,0,62,90,2017,11,12,5,3,0,7,1,0,0,0,1,0,0,5.77397E+20,5.94917E+21,1.01719E+16,5.36855E+16
120690,1.1711E+18,1,0,55,12,2017,11,14,5,3,5,3,0,1,0,0,0,0,0,6.05139E+20,5.99974E+21,1.06092E+16,5.4135E+16
120691,1.1711E+18,1,0,55,12,2017,11,17,5,3,5,3,1,0,0,0,0,2,0,6.05335E+20,6.00057E+21,1.06125E+16,5.41424E+16
120692,1.1711E+18,1,0,58,22,2017,11,7,5,3,5,3,1,1,0,0,0,1,1,5.6738E+20,6.00347E+21,1.00323E+16,5.41749E+16
120693,1.1711E+18,1,0,58,135,2017,11,7,5,3,0,1,1,0,0,0,0,0,1,5.44474E+20,6.01751E+21,9.68346E+15,5.43035E+16
120694,1.1711E+18,1,0,2,0,2017,11,13,5,3,3,6,0,1,0,1,0,0,0,5.72943E+20,6.01931E+21,1.01213E+16,5.43164E+16
120695,1.1711E+18,1,0,54,84,2017,11,15,5,3,3,6,1,0,0,0,0,0,0,5.06272E+20,6.03516E+21,9.09676E+15,5.44641E+16
120696,1.1711E+18,1,0,61,49,2017,11,11,4,3,3,2,1,0,0,0,1,0,1,5.47192E+20,5.97828E+21,9.71909E+15,5.39507E+16
120697,1.1711E+18,1,0,60,44,2017,11,21,4,3,2,6,0,1,0,0,0,2,1,5.62887E+20,5.96518E+21,9.95554E+15,5.38314E+16
120698,1.1711E+18,1,0,60,63,2017,11,8,4,3,2,6,0,1,0,0,0,0,1,5.65741E+20,5.94968E+21,9.9956E+15,5.36917E+16
120699,1.1711E+18,1,0,56,18,2017,11,11,4,3,2,6,0,1,0,0,0,0,1,5.56306E+20,5.94316E+21,9.85155E+15,5.36342E+16
120700,1.1711E+18,1,0,62,1,2017,11,10,4,3,6,4,0,1,1,0,0,0,1,5.81774E+20,5.94791E+21,1.02379E+16,5.36735E+16
120701,1.1711E+18,1,0,62,6,2017,11,17,4,3,4,6,1,0,0,0,1,1,1,5.83729E+20,5.95461E+21,1.02693E+16,5.37334E+16
120702,1.1711E+18,1,0,62,1,2017,11,10,4,3,2,2,0,1,0,0,0,0,1,5.81897E+20,5.94815E+21,1.02398E+16,5.36756E+16
120703,1.1711E+18,1,0,55,12,2017,11,17,4,3,5,3,0,1,0,0,0,2,1,6.0605E+20,5.99909E+21,1.0623E+16,5.4129E+16
120704,1.1711E+18,1,0,3,0,2017,11,16,4,3,5,7,1,1,0,0,0,0,1,6.07602E+20,5.96711E+21,1.06354E+16,5.38414E+16
120705,1.1711E+18,1,0,58,43,2017,11,16,4,3,5,3,1,1,0,0,0,1,1,5.53843E+20,6.03432E+21,9.83047E+15,5.44537E+16
120706,1.1711E+18,1,0,1,0,2017,11,11,4,3,2,6,0,1,0,0,0,0,1,5.27791E+20,6.07058E+21,9.43211E+15,5.47817E+16
120707,1.17103E+18,1,0,56,39,2017,10,17,3,3,3,2,1,1,0,0,0,2,1,5.52578E+20,5.94675E+21,9.79578E+15,5.36668E+16
120708,1.17103E+18,1,0,60,63,2017,10,16,3,3,5,3,1,1,0,0,0,1,0,5.65737E+20,5.95244E+21,9.99613E+15,5.37165E+16
120709,1.17103E+18,1,0,60,63,2017,10,13,3,3,5,3,0,1,0,1,0,0,1,5.65718E+20,5.94976E+21,9.99525E+15,5.36924E+16
120710,1.17103E+18,1,0,53,32,2017,10,15,3,3,0,7,0,1,0,0,0,0,1,5.90991E+20,5.92119E+21,1.03696E+16,5.34319E+16
120711,1.17103E+18,1,0,58,146,2017,10,6,3,3,9,1,0,1,0,0,0,2,0,5.47465E+20,6.01721E+21,9.72939E+15,5.43006E+16
120712,1.17103E+18,1,0,54,164,2017,10,16,3,3,0,1,1,0,0,0,0,2,1,4.72494E+20,6.06083E+21,8.57325E+15,5.46941E+16
120713,1.17103E+18,1,0,51,11,2017,10,14,2,3,5,3,1,1,0,0,0,0,0,5.09661E+20,5.97293E+21,9.14705E+15,5.39047E+16
120714,1.17103E+18,1,0,56,41,2017,10,17,2,3,2,6,0,1,0,0,0,2,0,5.62346E+20,5.95547E+21,9.94535E+15,5.37442E+16
120715,1.17103E+18,1,0,60,44,2017,10,10,2,3,5,3,0,1,0,1,0,0,0,5.62428E+20,5.96471E+21,9.94847E+15,5.38272E+16
120716,1.17103E+18,1,0,62,6,2017,10,13,2,3,1,5,1,1,0,0,0,0,0,5.82508E+20,5.95374E+21,1.02505E+16,5.37258E+16