OBJECTID,UIDENTSTLA,ULAND,UREGBEZ,UKREIS,UGEMEINDE,UJAHR,UMONAT,USTUNDE,UWOCHENTAG,UKATEGORIE,UART,UTYP1,IstRad,IstPKW,IstFuss,IstKrad,IstSonstig,LICHT,STRZUSTAND,LINREFX,LINREFY,XGCSWGS84,YGCSWGS84
120717,1.17103E+18,1,0,53,100,2017,10,10,2,3,5,2,0,1,0,1,0,0,0,6.17992E+20,5.95097E+21,1.0787E+16,5.36941E+16
120718,1.17103E+18,1,0,55,32,2017,10,13,2,3,5,3,1,1,0,0,0,0,0,6.19066E+20,5.99686E+21,1.08212E+16,5.41061E+16
120719,1.17103E+18,1,0,3,0,2017,10,7,2,3,5,3,0,1,0,0,0,0,0,6.09264E+20,5.97207E+21,1.06624E+16,5.38856E+16
120720,1.17103E+18,1,0,55,46,2017,10,11,2,3,1,5,0,1,0,0,0,0,0,6.42153E+20,6.03539E+21,1.11923E+16,5.44463E+16
120721,1.17103E+18,1,0,4,0,2017,10,14,2,2,6,4,0,1,1,0,0,0,0,5.64158E+20,5.99236E+21,9.98055E+15,5.40754E+16
120722,1.17103E+18,1,0,2,0,2017,10,15,2,3,5,3,0,1,0,1,0,0,0,5.77061E+20,6.02078E+21,1.0185E+16,5.4329E+16
120723,1.17103E+18,1,0,1,0,2017,10,15,2,3,5,3,1,1,0,0,0,0,0,5.30376E+20,6.07147E+21,9.47239E+15,5.47895E+16
120724,1.17103E+18,1,0,54,164,2017,10,9,2,3,5,3,1,1,0,0,0,0,0,4.72231E+20,6.06071E+21,8.56917E+15,5.4693E+16
120725,1.17103E+18,1,0,1,0,2017,10,14,2,3,6,4,0,1,1,1,0,0,0,5.28075E+20,6.07114E+21,9.43657E+15,5.47867E+16
120726,1.17103E+18,1,0,54,76,2017,10,7,2,3,4,6,1,0,0,0,0,0,1,4.98464E+20,6.0697E+21,8.97613E+15,5.47745E+16
120727,1.17103E+18,1,0,58,77,2017,10,9,1,3,1,5,0,1,0,0,1,0,0,5.4375E+20,5.99449E+21,9.66899E+15,5.40968E+16
120728,1.17103E+18,1,0,54,16,2017,10,15,1,3,2,2,1,0,0,0,0,0,0,4.90944E+20,6.07507E+21,8.85905E+15,5.48227E+16
120729,1.17103E+18,1,0,59,75,2017,10,2,1,2,0,1,1,0,0,0,0,2,1,5.35049E+20,6.04076E+21,9.54138E+15,5.45132E+16
120730,1.17103E+18,1,0,51,44,2017,10,18,7,2,5,3,1,1,0,0,0,2,1,5.06399E+20,6.00521E+21,9.09808E+15,5.41949E+16
120731,1.17103E+18,1,0,61,42,2017,10,20,7,2,5,2,0,1,0,0,0,2,1,5.40453E+20,5.9809E+21,9.61677E+15,5.39748E+16
120732,1.17103E+18,1,0,60,5,2017,10,13,7,3,2,6,0,1,0,0,0,0,0,5.85666E+20,5.97866E+21,1.03053E+16,5.39492E+16
120733,1.17103E+18,1,0,60,5,2017,10,11,7,3,0,7,1,0,0,0,0,0,1,5.85419E+20,5.97731E+21,1.03012E+16,5.39371E+16
120734,1.17103E+18,1,0,56,15,2017,10,11,7,3,5,3,0,1,0,1,0,0,0,5.44604E+20,5.95583E+21,9.67641E+15,5.37492E+16
120735,1.17103E+18,1,0,3,0,2017,10,15,7,3,5,3,0,1,0,1,0,0,1,6.10547E+20,5.96988E+21,1.06811E+16,5.38656E+16
120736,1.17103E+18,1,0,2,0,2017,10,14,7,2,0,7,1,0,0,0,0,0,1,5.71546E+20,6.01875E+21,1.00997E+16,5.43116E+16
120737,1.17103E+18,1,0,51,69,2017,10,10,6,3,0,7,1,0,0,0,0,0,1,5.05056E+20,6.00476E+21,9.07748E+15,5.41908E+16
120738,1.17103E+18,1,0,56,15,2017,10,11,6,3,2,6,0,1,0,0,0,0,0,5.4443E+20,5.95599E+21,9.67379E+15,5.37506E+16
120739,1.17103E+18,1,0,60,63,2017,10,12,6,3,6,2,0,1,1,0,0,0,0,5.65262E+20,5.95144E+21,9.98871E+15,5.37076E+16
120740,1.17103E+18,1,0,56,15,2017,10,5,6,3,6,4,0,1,1,0,0,2,0,5.43264E+20,5.95599E+21,9.65611E+15,5.37507E+16
120741,1.17103E+18,1,0,56,15,2017,10,15,6,2,5,3,1,1,0,0,0,0,0,5.43595E+20,5.95858E+21,9.6615E+15,5.3774E+16
120742,1.17103E+18,1,0,53,90,2017,10,13,6,3,6,2,0,1,1,0,0,0,0,6.11921E+20,5.94368E+21,1.06925E+16,5.36299E+16
120743,1.17103E+18,1,0,53,90,2017,10,17,6,2,0,7,1,0,0,0,0,0,1,6.11935E+20,5.94388E+21,1.06928E+16,5.36317E+16
120744,1.17103E+18,1,0,62,61,2017,10,13,6,2,5,3,0,0,0,1,1,0,0,5.98956E+20,5.96493E+21,1.05033E+16,5.38234E+16
120745,1.17103E+18,1,0,55,4,2017,10,13,6,3,5,3,0,1,0,1,0,0,0,6.11396E+20,5.97524E+21,1.0696E+16,5.39136E+16
120746,1.17103E+18,1,0,55,39,2017,10,15,6,3,2,6,1,1,0,0,0,0,0,6.16605E+20,5.99659E+21,1.07834E+16,5.41042E+16
120747,1.17103E+18,1,0,4,0,2017,10,18,6,3,6,3,0,1,1,0,0,2,0,5.64608E+20,5.99261E+21,9.98748E+15,5.40776E+16
120748,1.17103E+18,1,0,2,0,2017,10,13,6,3,5,3,1,1,0,0,0,0,0,5.72175E+20,6.01765E+21,1.01091E+16,5.43016E+16
120749,1.17103E+18,1,0,2,0,2017,10,15,6,3,4,1,1,1,0,0,0,0,0,5.74201E+20,6.02559E+21,1.01422E+16,5.43727E+16
120750,1.17103E+18,1,0,56,39,2017,10,17,5,3,0,7,1,0,0,0,0,0,0,5.52637E+20,5.94702E+21,9.79671E+15,5.36692E+16
120751,1.17103E+18,1,0,56,44,2017,10,6,5,3,5,3,1,1,0,0,0,2,1,5.55435E+20,5.93915E+21,9.83767E+15,5.35983E+16
120752,1.17103E+18,1,0,3,0,2017,10,16,5,3,6,6,0,0,1,0,1,0,0,6.10843E+20,5.96991E+21,1.06856E+16,5.38658E+16
120753,1.17103E+18,1,0,2,0,2017,10,14,5,3,5,3,1,1,0,0,0,0,0,5.74237E+20,6.01875E+21,1.01411E+16,5.43112E+16
120754,1.17103E+18,1,0,57,24,2017,10,17,5,3,8,1,0,1,0,0,0,0,1,5.70094E+20,5.99661E+21,1.00723E+16,5.41128E+16
120755,1.17103E+18,1,0,54,85,2017,10,12,5,3,0,7,1,0,0,0,0,0,0,4.58565E+20,6.05574E+21,8.35788E+15,5.46474E+16
120756,1.17103E+18,1,0,61,46,2017,10,16,4,3,4,6,0,1,0,0,0,0,1,5.35339E+20,5.97576E+21,9.53821E+15,5.3929E+16
120757,1.17103E+18,1,0,61,29,2017,10,16,4,3,5,3,1,1,0,0,0,0,0,5.27768E+20,5.96046E+21,9.42153E+15,5.3792E+16
120758,1.17103E+18,1,0,60,89,2017,10,18,4,3,5,3,1,1,0,0,0,2,0,5.7936E+20,5.98854E+21,1.02119E+16,5.4039E+16
120759,1.1712E+18,1,0,54,56,2017,12,17,2,3,6,2,0,1,1,0,0,2,1,5.03673E+20,6.03756E+21,9.0567E+15,5.44856E+16
120760,1.17103E+18,1,0,3,0,2017,10,14,4,3,4,6,1,0,0,0,0,0,0,6.10432E+20,5.96997E+21,1.06794E+16,5.38665E+16
120761,1.1712E+18,1,0,54,56,2017,12,15,2,3,2,6,0,1,0,0,0,0,0,5.02857E+20,6.03635E+21,9.04408E+15,5.44748E+16
120762,1.1712E+18,1,0,62,60,2017,12,13,6,3,5,3,1,1,0,0,0,0,0,5.82523E+20,5.93114E+21,1.02448E+16,5.35227E+16
120763,1.1712E+18,1,0,59,183,2017,12,9,2,2,6,4,0,0,1,0,1,0,0,5.20016E+20,6.0722E+21,9.31134E+15,5.47966E+16
120764,1.1712E+18,1,0,61,113,2017,12,6,1,3,0,1,1,0,0,0,0,2,1,5.24661E+20,5.97489E+21,9.37552E+15,5.39219E+16
120765,1.1712E+18,1,0,60,76,2017,12,23,6,2,5,2,1,1,0,0,0,2,1,5.77226E+20,5.96792E+21,1.01741E+16,5.38541E+16
120766,1.17121E+18,1,0,51,44,2017,12,12,4,3,0,6,1,1,0,0,0,0,0,5.05738E+20,6.00562E+21,9.08796E+15,5.41986E+16
120767,1.17121E+18,1,0,56,24,2017,12,23,4,3,9,1,0,1,0,0,0,2,0,5.43085E+20,5.94499E+21,9.65186E+15,5.36519E+16
120768,1.17121E+18,1,0,56,15,2017,12,17,4,3,5,2,0,1,0,0,0,2,0,5.45517E+20,5.95502E+21,9.69013E+15,5.37419E+16
120769,1.17121E+18,1,0,62,4,2017,12,14,4,3,6,4,0,1,1,0,0,0,0,5.90925E+20,5.96408E+21,1.03811E+16,5.38173E+16
120770,1.17121E+18,1,0,53,116,2017,12,8,4,3,6,7,0,0,1,0,1,1,0,5.98538E+20,5.92928E+21,1.04857E+16,5.35032E+16
120771,1.17121E+18,1,0,2,0,2017,12,17,4,3,6,4,0,1,1,0,0,2,0,5.7417E+20,6.01834E+21,1.014E+16,5.43076E+16
120772,1.17121E+18,1,0,57,91,2017,12,17,4,3,6,2,0,1,1,0,0,2,0,5.78947E+20,6.0178E+21,1.02132E+16,5.4302E+16
120773,1.17121E+18,1,0,60,63,2017,12,7,3,3,5,3,1,1,0,0,0,1,1,5.65495E+20,5.94956E+21,9.99185E+15,5.36907E+16
120774,1.17121E+18,1,0,56,15,2017,12,16,3,3,2,6,0,1,0,0,0,2,0,5.45304E+20,5.95505E+21,9.6869E+15,5.37422E+16
120775,1.17121E+18,1,0,53,32,2017,12,17,3,3,5,3,0,1,0,1,0,2,1,5.91758E+20,5.92131E+21,1.03812E+16,5.34328E+16
120776,1.17121E+18,1,0,62,1,2017,12,7,3,3,5,2,0,1,0,0,0,1,1,5.80915E+20,5.9479E+21,1.02249E+16,5.36736E+16
120777,1.17121E+18,1,0,62,4,2017,12,14,3,3,0,6,1,1,0,0,0,0,0,5.9069E+20,5.96394E+21,1.03775E+16,5.38161E+16
120778,1.17121E+18,1,0,55,12,2017,12,14,3,3,5,3,0,1,0,0,0,0,1,6.03606E+20,5.99912E+21,1.05856E+16,5.41297E+16
120779,1.17121E+18,1,0,58,140,2017,12,6,3,2,8,1,0,1,0,0,0,2,1,5.46933E+20,6.01786E+21,9.72131E+15,5.43065E+16
120780,1.17121E+18,1,0,57,76,2017,12,15,3,3,5,2,1,1,0,0,0,1,0,5.96046E+20,6.0244E+21,1.0478E+16,5.43584E+16
120781,1.17121E+18,1,0,2,0,2017,12,11,3,3,5,3,1,1,0,0,0,0,1,5.74284E+20,6.02027E+21,1.01422E+16,5.43249E+16
120782,1.17121E+18,1,0,54,106,2017,12,18,3,3,0,7,1,0,0,0,0,2,1,5.08184E+20,6.03202E+21,9.12617E+15,5.44358E+16
120783,2.17011E+18,2,4,2,405,2017,1,23,5,3,4,2,0,1,0,0,0,2,0,5.65111E+20,5.93899E+21,9.98382E+15,5.35957E+16
120784,2.17011E+18,2,3,2,312,2017,1,15,5,3,0,7,0,1,0,0,1,0,0,5.65939E+20,5.9359E+21,9.99567E+15,5.35678E+16
120785,2.17011E+18,2,1,5,114,2017,1,14,5,3,1,5,1,0,0,0,1,0,1,5.66765E+20,5.93415E+21,1.00078E+16,5.3552E+16
120786,2.1701E+18,2,1,11,128,2017,1,5,4,2,6,4,0,1,1,0,0,2,1,5.72109E+20,5.9341E+21,1.00884E+16,5.35508E+16
120787,2.1701E+18,2,4,10,429,2017,1,10,4,3,5,3,0,1,0,0,0,0,1,5.69454E+20,5.93973E+21,1.00496E+16,5.36018E+16
120788,1.17121E+18,1,0,54,36,2017,12,10,3,3,0,7,1,0,0,0,0,0,1,4.86138E+20,6.02011E+21,8.78684E+15,5.43287E+16
120789,1.1712E+18,1,0,60,63,2017,12,13,2,3,0,7,1,0,0,0,0,0,0,5.65709E+20,5.9511E+21,9.9954E+15,5.37044E+16
120790,1.1712E+18,1,0,56,39,2017,12,21,2,3,0,7,1,0,0,0,0,2,1,5.51523E+20,5.94481E+21,9.7795E+15,5.36495E+16
120791,2.1701E+18,2,4,5,411,2017,1,18,4,3,0,7,0,0,0,0,1,2,1,5.67826E+20,5.93782E+21,1.00246E+16,5.35849E+16
120792,2.1701E+18,2,4,10,429,2017,1,20,4,3,1,6,0,1,0,0,1,2,1,5.68459E+20,5.93963E+21,1.00345E+16,5.36011E+16
120793,2.1701E+18,2,4,10,426,2017,1,11,4,3,2,6,0,1,0,0,0,0,0,5.69524E+20,5.93795E+21,1.00503E+16,5.35858E+16
120794,2.1701E+18,2,4,6,414,2017,1,15,4,3,1,6,0,1,0,0,0,0,0,5.67213E+20,5.9366E+21,1.00151E+16,5.35739E+16
120795,2.1701E+18,2,3,8,320,2017,1,11,4,3,1,5,1,1,0,0,0,0,1,5.60108E+20,5.94007E+21,9.90844E+15,5.3606E+16
120796,2.1701E+18,2,3,6,318,2017,1,18,4,3,2,6,0,1,0,0,0,2,1,5.62114E+20,5.94279E+21,9.93929E+15,5.36302E+16
120797,2.1701E+18,2,2,4,214,2017,1,13,4,3,1,6,0,1,0,0,1,0,0,5.6134E+20,5.9336E+21,9.92578E+15,5.35477E+16
120798,2.1701E+18,2,1,5,114,2017,1,14,4,3,6,4,0,1,1,0,0,0,0,5.66949E+20,5.93404E+21,1.00105E+16,5.3551E+16
120799,2.1701E+18,2,7,2,703,2017,1,19,3,3,2,6,0,1,0,0,1,2,1,5.66573E+20,5.92425E+21,1.00028E+16,5.3463E+16
120800,2.1701E+18,2,7,9,710,2017,1,7,3,3,0,3,0,1,1,0,0,1,1,5.62195E+20,5.92328E+21,9.93664E+15,5.34548E+16
120801,2.1701E+18,2,1,12,130,2017,1,18,3,3,3,6,0,1,0,0,1,2,1,5.72909E+20,5.93297E+21,1.01002E+16,5.35406E+16
120802,2.1701E+18,2,1,12,130,2017,1,7,3,3,6,2,0,0,1,0,1,2,1,5.73856E+20,5.93353E+21,1.01146E+16,5.35454E+16
120803,2.1701E+18,2,5,4,512,2017,1,13,3,3,2,6,0,1,0,0,0,0,1,5.73148E+20,5.93656E+21,1.01047E+16,5.35728E+16
120804,2.1701E+18,2,5,18,526,2017,1,18,3,3,6,4,0,1,1,0,0,2,1,5.7643E+20,5.94027E+21,1.01551E+16,5.36057E+16
120805,2.1701E+18,2,5,6,514,2017,1,18,3,3,2,2,0,1,0,0,1,2,1,5.74195E+20,5.94023E+21,1.01213E+16,5.36056E+16
120806,2.1701E+18,2,4,9,425,2017,1,18,3,2,6,2,0,1,1,0,0,2,1,5.70489E+20,5.93803E+21,1.00648E+16,5.35863E+16
120807,2.1701E+18,2,4,12,431,2017,1,15,3,2,6,3,0,1,1,0,0,0,1,5.66567E+20,5.94317E+21,1.00067E+16,5.36331E+16
120808,2.1701E+18,2,4,12,431,2017,1,11,3,3,2,6,0,1,0,0,0,0,1,5.67152E+20,5.9435E+21,1.00156E+16,5.3636E+16
120809,2.1701E+18,2,5,1,504,2017,1,17,3,2,6,4,0,1,1,0,0,2,1,5.69998E+20,5.93616E+21,1.0057E+16,5.35696E+16
120810,2.1701E+18,2,3,8,320,2017,1,19,3,2,6,2,0,1,1,0,0,2,1,5.59778E+20,5.94039E+21,9.90352E+15,5.36089E+16
120811,2.1701E+18,2,2,9,221,2017,1,17,3,3,5,3,0,1,0,0,1,2,1,5.56379E+20,5.93791E+21,9.8517E+15,5.3587E+16
120812,2.1701E+18,2,2,9,221,2017,1,18,3,3,6,2,0,1,1,0,0,2,1,5.57291E+20,5.93603E+21,9.86513E+15,5.357E+16
120813,2.1701E+18,2,3,2,312,2017,1,19,3,3,6,4,0,1,1,0,0,2,1,5.65479E+20,5.93525E+21,9.98858E+15,5.35621E+16
120814,2.1701E+18,2,1,5,114,2017,1,16,3,3,1,6,0,1,0,0,0,2,1,5.66408E+20,5.93467E+21,1.00025E+16,5.35567E+16
120815,2.1701E+18,2,1,16,137,2017,1,7,3,2,5,3,1,1,0,0,0,2,1,5.64205E+20,5.92971E+21,9.96822E+15,5.35124E+16
120816,2.1701E+18,2,7,13,714,2017,1,16,2,2,6,2,0,1,1,0,0,1,1,5.58059E+20,5.92573E+21,9.87481E+15,5.34773E+16
120817,2.1701E+18,2,1,12,130,2017,1,19,2,2,6,4,0,1,1,0,0,2,1,5.74377E+20,5.93198E+21,1.01221E+16,5.35314E+16
120818,2.1701E+18,2,5,18,526,2017,1,22,2,2,5,3,1,1,0,0,0,2,1,5.76334E+20,5.94127E+21,1.01539E+16,5.36146E+16
120819,2.1701E+18,2,4,5,409,2017,1,22,2,3,8,1,0,1,0,0,0,2,1,5.66707E+20,5.93874E+21,1.00079E+16,5.35932E+16
120820,2.1701E+18,2,4,5,409,2017,1,9,2,3,8,7,0,1,0,0,0,0,2,5.65772E+20,5.93937E+21,9.99388E+15,5.3599E+16
120821,2.1701E+18,2,4,10,426,2017,1,6,2,3,5,2,0,1,0,0,1,2,1,5.69896E+20,5.93858E+21,1.0056E+16,5.35914E+16
120822,2.1701E+18,2,3,6,318,2017,1,8,2,3,8,1,0,1,0,0,0,1,2,5.62141E+20,5.94303E+21,9.93976E+15,5.36324E+16
120823,2.1701E+18,2,3,7,319,2017,1,10,2,3,8,1,0,0,0,1,0,0,2,5.59909E+20,5.94232E+21,9.90586E+15,5.36262E+16
120824,2.1701E+18,2,2,1,203,2017,1,16,2,3,5,3,1,1,0,0,0,1,0,5.62751E+20,5.934E+21,9.94716E+15,5.35511E+16
120825,2.1701E+18,2,7,14,715,2017,1,19,1,3,4,2,0,1,0,0,0,2,1,5.58068E+20,5.92573E+21,9.87494E+15,5.34773E+16
120826,2.1701E+18,2,7,9,710,2017,1,3,1,3,6,7,0,1,1,0,0,2,1,5.62137E+20,5.92267E+21,9.93564E+15,5.34494E+16
120827,2.1701E+18,2,1,12,130,2017,1,15,1,3,2,2,0,1,0,0,0,0,0,5.754E+20,5.93269E+21,1.01377E+16,5.35377E+16
120828,2.1701E+18,2,1,13,131,2017,1,0,1,2,6,4,0,1,1,0,0,2,0,5.71844E+20,5.93009E+21,1.00835E+16,5.35148E+16
120829,2.1701E+18,2,5,18,526,2017,1,10,1,3,9,1,0,1,0,0,0,0,0,5.74421E+20,5.94007E+21,1.01247E+16,5.36042E+16
120830,2.1701E+18,2,4,4,407,2017,1,18,1,3,5,3,0,1,0,0,0,2,1,5.66898E+20,5.94059E+21,1.00112E+16,5.36099E+16
120831,2.1701E+18,2,3,1,305,2017,1,7,1,2,6,3,0,1,1,0,0,2,0,5.63499E+20,5.93663E+21,9.95898E+15,5.35747E+16
120832,2.1701E+18,2,3,2,311,2017,1,5,1,3,5,3,0,1,0,0,0,2,0,5.64846E+20,5.93568E+21,9.97912E+15,5.3566E+16
120833,1.17123E+18,1,0,60,63,2017,12,17,1,2,5,3,0,1,0,0,0,2,1,5.6581E+20,5.95356E+21,9.99746E+15,5.37266E+16
120834,1.17123E+18,1,0,58,169,2017,12,16,7,3,5,3,1,1,0,0,0,2,1,5.58422E+20,5.99212E+21,9.89286E+15,5.4074E+16
120835,1.17123E+18,1,0,58,43,2017,12,18,7,3,6,4,0,1,1,0,0,2,1,5.53973E+20,6.03747E+21,9.83305E+15,5.4482E+16
120836,1.17123E+18,1,0,56,44,2017,12,11,6,3,5,3,0,1,0,0,0,0,0,5.55475E+20,5.93953E+21,9.83833E+15,5.36017E+16
120837,1.17123E+18,1,0,60,63,2017,12,14,6,3,2,6,0,1,0,0,0,0,0,5.64193E+20,5.94696E+21,9.97159E+15,5.36675E+16
120838,1.17123E+18,1,0,2,0,2017,12,9,6,3,5,3,0,1,0,0,1,0,0,5.77051E+20,6.01713E+21,1.01839E+16,5.42963E+16
120839,1.17123E+18,1,0,59,120,2017,12,11,6,3,1,5,0,1,1,0,1,0,1,5.24611E+20,6.07307E+21,9.38288E+15,5.48042E+16
120840,1.17123E+18,1,0,1,0,2017,12,18,6,3,0,1,1,0,0,0,0,2,1,5.29022E+20,6.07339E+21,9.45153E+15,5.48069E+16
120841,1.17123E+18,1,0,59,75,2017,12,9,6,3,5,2,1,1,0,0,0,0,0,5.34845E+20,6.03932E+21,9.53805E+15,5.45003E+16
120842,1.17123E+18,1,0,56,15,2017,12,11,5,3,0,1,1,0,0,0,0,0,1,5.44118E+20,5.95425E+21,9.66881E+15,5.37351E+16
120843,1.17123E+18,1,0,62,60,2017,12,14,5,3,0,7,0,0,0,1,0,0,0,5.83051E+20,5.92944E+21,1.02523E+16,5.35074E+16
120844,1.17123E+18,1,0,53,90,2017,12,23,5,2,8,1,0,1,0,0,0,2,1,6.11523E+20,5.94289E+21,1.06862E+16,5.36229E+16
120845,1.17123E+18,1,0,55,12,2017,12,22,5,2,5,3,0,1,0,0,0,2,1,6.05615E+20,5.99929E+21,1.06164E+16,5.41309E+16
120846,1.17123E+18,1,0,57,73,2017,12,12,5,3,5,3,0,1,0,0,0,0,0,5.89353E+20,6.02735E+21,1.03759E+16,5.4386E+16
120847,1.17123E+18,1,0,54,88,2017,12,10,5,3,1,1,0,1,0,0,0,0,1,4.89157E+20,6.07139E+21,8.83138E+15,5.47896E+16
120848,1.17123E+18,1,0,51,74,2017,12,10,4,3,0,3,0,1,0,0,0,0,0,5.04834E+20,5.99314E+21,9.0739E+15,5.40864E+16
120849,1.17123E+18,1,0,56,36,2017,12,10,4,3,1,5,1,1,0,0,0,0,0,5.43937E+20,5.94728E+21,9.66508E+15,5.36724E+16
120850,1.17123E+18,1,0,3,0,2017,12,20,4,2,2,2,0,1,0,0,0,2,0,6.1091E+20,5.97033E+21,1.06868E+16,5.38696E+16
120851,1.17123E+18,1,0,54,56,2017,12,13,4,3,5,2,1,1,0,0,0,0,1,5.03507E+20,6.03753E+21,9.05413E+15,5.44854E+16
120852,1.17123E+18,1,0,54,168,2017,12,18,4,3,5,3,1,1,0,0,0,2,1,4.57729E+20,6.08368E+21,8.34085E+15,5.48984E+16
120853,1.17123E+18,1,0,61,55,2017,12,5,3,2,8,6,0,1,0,0,0,2,0,5.32395E+20,5.96547E+21,9.49228E+15,5.38368E+16
120854,1.17123E+18,1,0,3,0,2017,12,12,3,2,6,4,0,1,1,0,0,0,1,6.08195E+20,5.9687E+21,1.0645E+16,5.38555E+16
120855,1.17122E+18,1,0,51,44,2017,12,13,1,3,5,3,0,1,0,0,0,0,1,5.0642E+20,6.00452E+21,9.09839E+15,5.41887E+16
120856,1.17122E+18,1,0,56,39,2017,12,20,7,2,6,2,0,0,1,0,1,2,1,5.53912E+20,5.94437E+21,9.81556E+15,5.36454E+16
120857,1.17122E+18,1,0,60,63,2017,12,15,7,3,9,1,1,1,0,0,0,0,1,5.64783E+20,5.95299E+21,9.98178E+15,5.37216E+16
120858,1.17122E+18,1,0,56,18,2017,12,10,7,3,2,6,0,1,0,0,0,0,1,5.56594E+20,5.94097E+21,9.85551E+15,5.36145E+16
120859,1.17122E+18,1,0,56,50,2017,12,16,7,3,6,2,0,1,1,0,0,2,1,5.4725E+20,5.93728E+21,9.71371E+15,5.35822E+16
120860,1.17122E+18,1,0,62,82,2017,12,22,7,3,1,5,0,1,0,0,0,2,1,5.9285E+20,5.94019E+21,1.04032E+16,5.36023E+16
120861,1.17122E+18,1,0,55,12,2017,12,5,7,3,6,3,0,1,1,0,0,2,1,6.05402E+20,5.99945E+21,1.06132E+16,5.41324E+16
120862,1.17122E+18,1,0,55,35,2017,12,13,7,3,9,6,0,1,0,1,0,0,1,6.20194E+20,5.97969E+21,1.08316E+16,5.39516E+16
120863,1.17122E+18,1,0,51,11,2017,12,8,6,3,1,5,0,1,0,0,1,0,1,5.07985E+20,5.97236E+21,9.12153E+15,5.38996E+16
120864,1.17122E+18,1,0,61,56,2017,12,21,6,3,5,2,1,1,0,0,0,2,0,5.31951E+20,5.97215E+21,9.48623E+15,5.38968E+16
120865,1.17122E+18,1,0,60,39,2017,12,17,6,3,5,2,1,1,0,0,0,2,0,5.6465E+20,5.96162E+21,9.98157E+15,5.37992E+16
120866,1.17122E+18,1,0,56,49,2017,12,21,6,3,4,3,0,1,0,0,0,2,1,5.44066E+20,5.94915E+21,9.6673E+15,5.36892E+16
120867,1.17122E+18,1,0,56,48,2017,12,18,6,3,2,6,0,1,0,0,0,2,0,5.47363E+20,5.95029E+21,9.71739E+15,5.36992E+16
120868,1.17122E+18,1,0,56,39,2017,12,15,6,3,0,7,1,0,0,0,0,0,0,5.5264E+20,5.94636E+21,9.79665E+15,5.36633E+16
120869,1.17122E+18,1,0,62,61,2017,12,18,6,3,6,4,0,1,1,0,0,2,0,5.98267E+20,5.96547E+21,1.0493E+16,5.38284E+16
120870,1.17122E+18,1,0,3,0,2017,12,16,6,3,0,3,0,1,0,1,0,2,0,6.07306E+20,5.96914E+21,1.06316E+16,5.38597E+16
120871,1.17122E+18,1,0,3,0,2017,12,18,6,3,0,7,0,0,0,1,0,2,0,6.07375E+20,5.96843E+21,1.06324E+16,5.38533E+16
120872,1.17122E+18,1,0,56,39,2017,12,8,5,3,3,6,0,1,0,0,0,0,1,5.53432E+20,5.94432E+21,9.80829E+15,5.36449E+16
120873,1.17122E+18,1,0,56,50,2017,12,7,5,3,5,2,1,1,0,0,0,2,1,5.47323E+20,5.93647E+21,9.71468E+15,5.3575E+16
120874,1.17122E+18,1,0,53,32,2017,12,11,5,3,6,7,0,1,1,0,0,0,0,5.91196E+20,5.92141E+21,1.03727E+16,5.34339E+16
120875,1.17122E+18,1,0,55,33,2017,12,11,5,3,6,7,1,0,1,0,0,0,0,6.22136E+20,6.01785E+21,1.08766E+16,5.4294E+16
120876,1.17122E+18,1,0,3,0,2017,12,20,5,3,6,4,1,0,1,0,0,2,0,6.10543E+20,5.96995E+21,1.06811E+16,5.38663E+16
120877,1.17122E+18,1,0,59,120,2017,12,14,5,3,6,3,0,1,1,0,0,0,0,5.25745E+20,6.07262E+21,9.40047E+15,5.48001E+16
120878,1.17122E+18,1,0,54,56,2017,12,18,5,2,6,7,0,1,1,0,0,2,1,5.0355E+20,6.03645E+21,9.05478E+15,5.44757E+16
120879,1.17122E+18,1,0,59,53,2017,12,21,5,3,8,1,0,1,0,0,0,2,1,5.36142E+20,6.03063E+21,9.55702E+15,5.44221E+16
120880,1.17122E+18,1,0,51,13,2017,12,10,4,3,5,3,0,0,0,0,1,0,1,4.91253E+20,5.99787E+21,8.86614E+15,5.41289E+16
120881,1.17122E+18,1,0,60,4,2017,12,15,4,3,5,3,1,1,0,0,0,1,1,5.58853E+20,5.9751E+21,9.89616E+15,5.39209E+16
120882,1.17122E+18,1,0,56,41,2017,12,19,4,2,1,5,0,1,0,1,0,2,1,5.60518E+20,5.95392E+21,9.91733E+15,5.37304E+16
120883,1.17122E+18,1,0,62,1,2017,12,12,4,3,5,2,1,1,0,0,0,0,1,5.81576E+20,5.94773E+21,1.02348E+16,5.36719E+16
120884,1.17122E+18,1,0,62,60,2017,12,17,4,3,5,3,1,1,0,0,0,2,0,5.8303E+20,5.92974E+21,1.02521E+16,5.351E+16
120885,1.17122E+18,1,0,55,46,2017,12,14,4,3,5,3,0,1,0,0,1,0,1,6.37456E+20,6.03299E+21,1.11188E+16,5.4426E+16
120886,1.17122E+18,1,0,55,12,2017,12,17,4,3,6,2,0,1,1,0,0,2,1,6.05602E+20,5.9993E+21,1.06162E+16,5.41309E+16
120887,1.17122E+18,1,0,2,0,2017,12,11,4,3,6,2,0,1,1,0,0,0,0,5.73426E+20,6.01951E+21,1.01288E+16,5.43182E+16
120888,1.17122E+18,1,0,54,56,2017,12,12,4,3,5,3,1,1,0,0,0,0,1,5.04324E+20,6.03718E+21,9.06674E+15,5.44822E+16