OBJECTID,UIDENTSTLA,ULAND,UREGBEZ,UKREIS,UGEMEINDE,UJAHR,UMONAT,USTUNDE,UWOCHENTAG,UKATEGORIE,UART,UTYP1,IstRad,IstPKW,IstFuss,IstKrad,IstSonstig,LICHT,STRZUSTAND,LINREFX,LINREFY,XGCSWGS84,YGCSWGS84
121232,2.17011E+18,2,3,8,320,2017,1,14,4,3,5,3,1,1,0,0,0,0,1,5.6032E+20,5.94032E+21,9.9117E+15,5.36082E+16
121233,2.17011E+18,2,2,7,219,2017,1,7,4,3,5,3,1,1,0,0,0,1,1,5.59011E+20,5.93441E+21,9.8908E+15,5.35553E+16
121234,2.17011E+18,2,3,5,317,2017,1,7,4,3,6,4,0,1,1,0,0,0,0,5.63412E+20,5.93935E+21,9.95821E+15,5.35992E+16
121235,2.17011E+18,2,7,4,705,2017,1,18,3,3,5,3,0,1,0,0,0,2,1,5.65654E+20,5.92286E+21,9.98864E+15,5.34506E+16
121236,2.17011E+18,2,1,16,136,2017,1,19,3,3,1,1,0,1,0,0,0,2,1,5.67055E+20,5.92801E+21,1.00108E+16,5.34968E+16
121237,2.17011E+18,2,1,7,120,2017,1,7,3,2,2,6,0,1,0,0,0,1,1,5.68694E+20,5.93491E+21,1.0037E+16,5.35586E+16
121238,2.17011E+18,2,1,8,125,2017,1,18,3,3,4,2,0,1,0,0,0,2,0,5.70549E+20,5.934E+21,1.00648E+16,5.35502E+16
121239,2.17011E+18,2,4,7,417,2017,1,18,3,3,0,6,0,1,0,0,1,2,1,5.6794E+20,5.93502E+21,1.00257E+16,5.35596E+16
121240,2.17011E+18,2,4,7,417,2017,1,17,3,3,5,3,0,1,0,0,0,2,1,5.68223E+20,5.93523E+21,1.003E+16,5.35615E+16
121241,2.17011E+18,2,2,9,221,2017,1,11,3,3,6,2,0,0,1,0,1,0,1,5.56858E+20,5.9368E+21,9.85873E+15,5.35769E+16
121242,2.17011E+18,2,2,8,220,2017,1,15,3,3,6,3,0,1,1,0,0,0,0,5.56971E+20,5.93914E+21,9.86086E+15,5.3598E+16
121243,2.17011E+18,2,4,2,403,2017,1,13,3,3,0,2,1,1,0,0,0,0,1,5.65344E+20,5.93839E+21,9.98721E+15,5.35903E+16
121244,2.17011E+18,2,4,2,404,2017,1,11,3,3,5,3,1,0,0,0,0,0,1,5.65841E+20,5.93822E+21,9.99468E+15,5.35887E+16
121245,2.17011E+18,2,1,4,111,2017,1,14,3,3,2,6,0,1,0,0,0,0,0,5.64523E+20,5.93449E+21,9.974E+15,5.35553E+16
121246,2.17011E+18,2,1,4,112,2017,1,9,3,3,3,6,1,1,0,0,0,0,0,5.63591E+20,5.93383E+21,9.95981E+15,5.35495E+16
121247,2.17011E+18,2,1,3,108,2017,1,20,3,3,5,2,0,1,0,0,0,2,0,5.65531E+20,5.93483E+21,9.98929E+15,5.35583E+16
121248,2.17011E+18,2,1,1,101,2017,1,19,3,2,6,2,0,1,1,0,0,2,0,5.66634E+20,5.9341E+21,1.00058E+16,5.35516E+16
121249,2.17011E+18,2,1,5,114,2017,1,23,3,3,5,3,1,1,0,0,0,2,0,5.66669E+20,5.93446E+21,1.00064E+16,5.35547E+16
121250,2.17011E+18,2,1,5,113,2017,1,19,3,3,3,6,0,1,0,0,0,2,1,5.67563E+20,5.93426E+21,1.00198E+16,5.35528E+16
121251,2.17011E+18,2,7,2,703,2017,1,18,2,3,2,6,0,1,0,0,0,2,1,5.67111E+20,5.92408E+21,1.00108E+16,5.34615E+16
121252,2.17011E+18,2,5,18,526,2017,1,17,2,3,1,5,0,1,0,0,1,2,0,5.75657E+20,5.9408E+21,1.01436E+16,5.36105E+16
121253,2.17011E+18,2,5,5,513,2017,1,15,2,3,2,2,0,1,0,0,0,0,1,5.75227E+20,5.93876E+21,1.01366E+16,5.35923E+16
121254,2.17011E+18,2,5,5,513,2017,1,6,2,3,5,2,0,1,0,0,1,2,1,5.74423E+20,5.93827E+21,1.01243E+16,5.3588E+16
121255,2.17011E+18,2,5,7,515,2017,1,10,2,2,6,4,0,1,1,0,0,0,1,5.7131E+20,5.94149E+21,1.0078E+16,5.36173E+16
121256,2.17011E+18,2,5,7,515,2017,1,17,2,3,2,6,0,1,0,0,0,2,1,5.70209E+20,5.93898E+21,1.00608E+16,5.3595E+16
121257,2.17011E+18,2,5,7,515,2017,1,14,2,3,5,3,0,1,0,0,1,0,1,5.71079E+20,5.93934E+21,1.00741E+16,5.35981E+16
121258,2.17011E+18,2,4,10,429,2017,1,22,2,2,6,4,0,0,1,1,0,2,0,5.68624E+20,5.93958E+21,1.0037E+16,5.36006E+16
121259,2.17011E+18,2,4,8,421,2017,1,9,2,3,2,6,0,1,0,0,0,0,0,5.68478E+20,5.93728E+21,1.00343E+16,5.35799E+16
121260,2.17011E+18,2,4,10,428,2017,1,7,2,3,1,6,0,1,0,0,0,0,1,5.68994E+20,5.93926E+21,1.00425E+16,5.35977E+16
121261,2.17011E+18,2,2,4,212,2017,1,10,2,3,6,6,1,0,1,0,0,0,0,5.60494E+20,5.93373E+21,9.91304E+15,5.3549E+16
121262,2.17011E+18,2,3,6,318,2017,1,18,2,3,2,6,0,1,0,0,0,2,1,5.63462E+20,5.94247E+21,9.95962E+15,5.36272E+16
121263,2.17011E+18,2,2,1,202,2017,1,9,2,3,2,6,0,1,0,0,0,0,0,5.62012E+20,5.93345E+21,9.9359E+15,5.35463E+16
121264,2.17011E+18,2,6,1,601,2017,1,2,1,3,1,1,0,1,0,0,0,2,2,5.78844E+20,5.92969E+21,1.01889E+16,5.35103E+16
121265,2.17011E+18,2,5,1,501,2017,1,19,1,3,5,2,0,1,0,0,0,2,1,5.69191E+20,5.93589E+21,1.00448E+16,5.35673E+16
121266,2.17011E+18,2,2,5,217,2017,1,17,1,3,5,2,0,1,0,1,0,2,1,5.59441E+20,5.93571E+21,9.89754E+15,5.35669E+16
121267,2.17011E+18,2,1,5,114,2017,1,2,1,2,6,4,0,1,1,0,0,2,1,5.67171E+20,5.93442E+21,1.0014E+16,5.35543E+16
121268,2.17011E+18,2,5,2,506,2017,1,18,7,3,5,2,0,1,0,0,0,2,2,5.70824E+20,5.93727E+21,1.00697E+16,5.35795E+16
121269,2.17011E+18,2,4,11,430,2017,1,13,7,3,2,2,0,1,0,0,0,0,2,5.69015E+20,5.94036E+21,1.00431E+16,5.36075E+16
121270,2.17011E+18,2,5,10,518,2017,1,14,7,3,2,6,0,1,0,0,0,0,2,5.72888E+20,5.94483E+21,1.01027E+16,5.36471E+16
121271,2.17011E+18,2,5,12,520,2017,1,11,7,3,9,1,0,1,0,0,0,0,2,5.69052E+20,5.94683E+21,1.00451E+16,5.36656E+16
121272,2.17011E+18,2,3,8,320,2017,1,17,7,3,5,7,0,0,0,0,1,2,2,5.5934E+20,5.93993E+21,9.89681E+15,5.36048E+16
121273,2.17011E+18,2,2,8,220,2017,1,20,7,3,1,5,0,1,0,0,0,2,1,5.57323E+20,5.93882E+21,9.86613E+15,5.35951E+16
121274,2.17011E+18,2,3,1,307,2017,1,12,7,3,1,7,1,1,0,0,0,0,2,5.63024E+20,5.93597E+21,9.95168E+15,5.35688E+16
121275,2.17011E+18,2,7,13,714,2017,1,14,6,3,5,3,0,1,0,0,0,0,0,5.60009E+20,5.92615E+21,9.90427E+15,5.34809E+16
121276,2.17011E+18,2,1,11,128,2017,1,19,6,3,0,7,0,1,0,0,0,2,0,5.71654E+20,5.93389E+21,1.00815E+16,5.3549E+16
121277,2.17011E+18,2,1,12,130,2017,1,15,6,3,6,2,0,1,1,0,0,0,0,5.73894E+20,5.93486E+21,1.01155E+16,5.35574E+16
121278,2.17011E+18,2,1,7,119,2017,1,14,6,3,5,3,1,1,0,0,0,0,0,5.68685E+20,5.93423E+21,1.00368E+16,5.35524E+16
121279,2.17011E+18,2,5,4,512,2017,1,14,6,2,5,3,0,1,0,0,0,0,0,5.74389E+20,5.93614E+21,1.01233E+16,5.35688E+16
121280,2.17011E+18,2,5,2,506,2017,1,20,6,3,5,3,0,1,0,0,0,2,0,5.70813E+20,5.93727E+21,1.00696E+16,5.35795E+16
121281,2.17011E+18,2,4,10,429,2017,1,18,6,3,2,6,0,1,0,0,0,2,0,5.68777E+20,5.94018E+21,1.00395E+16,5.3606E+16
121282,2.17011E+18,2,4,10,429,2017,1,15,6,3,2,6,0,1,0,0,0,0,0,5.68851E+20,5.93992E+21,1.00405E+16,5.36035E+16
121283,2.17011E+18,2,4,5,410,2017,1,20,6,3,5,3,0,1,0,0,1,2,0,5.66046E+20,5.93817E+21,9.99776E+15,5.35882E+16
121284,2.17011E+18,2,4,5,413,2017,1,19,6,3,2,6,0,1,0,0,0,2,1,5.6638E+20,5.93805E+21,1.00028E+16,5.35871E+16
121285,2.17011E+18,2,4,10,427,2017,1,14,6,3,0,4,0,0,1,0,1,0,0,5.69111E+20,5.93817E+21,1.00441E+16,5.35878E+16
121286,2.17011E+18,2,4,6,414,2017,1,8,6,3,0,7,1,0,0,0,0,0,0,5.67239E+20,5.93645E+21,1.00154E+16,5.35726E+16
121287,2.17011E+18,2,2,5,216,2017,1,14,6,2,5,3,1,1,0,0,0,0,0,5.60663E+20,5.9354E+21,9.91591E+15,5.35639E+16
121288,2.17011E+18,2,2,3,208,2017,1,7,6,3,4,2,0,1,0,0,0,0,0,5.62836E+20,5.93524E+21,9.94869E+15,5.35622E+16
121289,2.17011E+18,2,1,16,137,2017,1,6,6,3,4,7,0,1,0,0,0,2,0,5.64872E+20,5.92636E+21,9.97758E+15,5.34823E+16
121290,2.17011E+18,2,1,16,137,2017,1,7,5,3,5,2,0,1,0,1,0,1,0,5.65431E+20,5.92951E+21,9.98667E+15,5.35105E+16
121291,2.17011E+18,2,5,4,512,2017,1,15,5,3,2,6,0,1,0,0,0,0,0,5.74357E+20,5.93598E+21,1.01228E+16,5.35675E+16
121292,2.17011E+18,2,1,12,130,2017,1,17,5,2,6,4,0,1,1,0,0,2,0,5.7317E+20,5.93275E+21,1.01041E+16,5.35386E+16
121293,2.17011E+18,2,5,6,514,2017,1,18,5,2,6,2,0,1,1,0,0,2,0,5.73658E+20,5.94143E+21,1.01135E+16,5.36165E+16
121294,2.17011E+18,2,5,18,526,2017,1,14,5,3,4,6,0,1,0,0,0,0,2,5.74555E+20,5.94002E+21,1.01267E+16,5.36037E+16
121295,2.17011E+18,2,4,9,424,2017,1,9,5,3,3,6,1,1,0,0,0,0,0,5.70053E+20,5.93687E+21,1.0058E+16,5.3576E+16
121296,2.17011E+18,2,5,10,518,2017,1,15,5,3,4,2,0,1,0,0,0,0,0,5.73847E+20,5.9451E+21,1.01172E+16,5.36494E+16
121297,2.17011E+18,2,4,13,432,2017,1,10,5,3,5,3,1,0,0,0,1,0,0,5.67389E+20,5.94543E+21,1.00196E+16,5.36533E+16
121298,2.17011E+18,2,4,4,407,2017,1,10,5,3,5,3,0,0,1,0,1,0,0,5.68153E+20,5.94164E+21,1.00304E+16,5.36192E+16
121299,2.17011E+18,2,3,9,321,2017,1,9,5,3,5,3,0,0,0,0,1,0,0,5.60863E+20,5.93833E+21,9.91951E+15,5.35902E+16
121300,2.17011E+18,2,2,11,223,2017,1,14,5,3,1,7,0,1,0,0,0,0,0,5.52526E+20,5.93476E+21,9.79297E+15,5.35591E+16
121301,2.17011E+18,2,2,14,227,2017,1,1,5,3,1,1,0,1,0,0,0,2,0,5.49672E+20,5.93654E+21,9.75017E+15,5.35753E+16
121302,2.17011E+18,2,2,7,219,2017,1,17,5,3,8,1,0,1,0,0,0,2,0,5.58942E+20,5.93463E+21,9.88979E+15,5.35572E+16
121303,2.17012E+18,2,4,5,408,2017,1,22,3,3,2,6,0,1,0,0,0,2,0,5.67828E+20,5.93954E+21,1.0025E+16,5.36003E+16
121304,2.17022E+18,2,1,3,108,2017,2,12,7,3,0,4,0,0,1,0,1,0,0,5.65509E+20,5.93481E+21,9.98895E+15,5.35581E+16
121305,2.17022E+18,2,1,3,108,2017,2,6,7,3,2,6,0,1,0,0,1,2,1,5.65846E+20,5.93476E+21,9.99403E+15,5.35576E+16
121306,2.17022E+18,2,1,1,101,2017,2,0,7,2,6,4,0,1,1,0,0,2,0,5.66437E+20,5.93393E+21,1.00028E+16,5.35501E+16
121307,2.17022E+18,2,7,13,714,2017,2,14,6,3,6,2,0,1,1,0,0,0,1,5.58274E+20,5.92578E+21,9.87807E+15,5.34778E+16
121308,2.17022E+18,2,1,20,141,2017,2,13,6,3,6,4,0,1,1,0,0,0,1,5.58249E+20,5.93183E+21,9.87881E+15,5.35322E+16
121309,2.17022E+18,2,7,1,701,2017,2,16,6,3,5,3,0,1,0,0,0,0,1,5.64364E+20,5.92374E+21,9.96939E+15,5.34587E+16
121310,2.17022E+18,2,6,2,603,2017,2,16,6,3,2,6,0,1,0,0,0,0,0,5.80182E+20,5.9265E+21,1.02083E+16,5.34814E+16
121311,2.17022E+18,2,1,12,130,2017,2,1,6,3,1,5,0,1,0,0,0,2,1,5.73295E+20,5.93478E+21,1.01065E+16,5.35568E+16
121312,2.17022E+18,2,1,8,123,2017,2,19,6,3,5,2,1,1,0,0,0,2,0,5.70372E+20,5.93463E+21,1.00623E+16,5.35558E+16
121313,2.17022E+18,2,1,8,123,2017,2,19,6,3,2,6,0,1,0,0,0,2,0,5.70011E+20,5.93554E+21,1.00571E+16,5.35641E+16
121314,2.17022E+18,2,5,11,519,2017,2,15,6,3,2,6,0,1,0,0,0,0,1,5.71856E+20,5.94534E+21,1.00872E+16,5.36519E+16
121315,2.17022E+18,2,5,9,517,2017,2,8,6,3,6,7,0,1,1,0,0,0,1,5.71698E+20,5.94405E+21,1.00845E+16,5.36403E+16
121316,2.17022E+18,2,4,13,432,2017,2,12,6,3,0,7,0,1,0,0,0,0,1,5.66529E+20,5.94547E+21,1.00066E+16,5.36538E+16
121317,2.17022E+18,2,3,8,320,2017,2,17,6,3,6,4,0,1,1,0,0,1,1,5.59519E+20,5.94047E+21,9.89961E+15,5.36097E+16
121318,2.17022E+18,2,2,6,218,2017,2,12,6,3,5,3,1,1,0,0,0,0,0,5.57572E+20,5.93522E+21,9.86923E+15,5.35627E+16
121319,2.17022E+18,2,2,5,216,2017,2,15,6,2,0,7,1,0,0,0,0,0,1,5.60645E+20,5.93539E+21,9.91565E+15,5.35639E+16
121320,2.17022E+18,2,3,7,319,2017,2,19,6,2,6,4,0,1,1,0,0,2,0,5.60806E+20,5.94252E+21,9.91947E+15,5.3628E+16
121321,2.17022E+18,2,5,18,526,2017,2,18,2,3,4,6,0,1,0,0,1,2,1,5.76476E+20,5.94035E+21,1.01558E+16,5.36064E+16
121322,2.17022E+18,2,5,5,513,2017,2,17,2,3,5,3,0,1,0,1,0,2,1,5.75002E+20,5.93851E+21,1.01331E+16,5.35901E+16
121323,2.17022E+18,2,5,18,526,2017,2,7,2,3,6,4,0,1,1,0,0,0,1,5.75181E+20,5.94094E+21,1.01364E+16,5.36119E+16
121324,2.17022E+18,2,5,3,510,2017,2,15,2,3,3,6,0,1,0,0,1,0,1,5.7094E+20,5.93643E+21,1.00713E+16,5.35719E+16
121325,2.17022E+18,2,5,7,515,2017,2,14,2,3,6,4,0,1,1,0,0,0,1,5.71468E+20,5.94047E+21,1.00802E+16,5.36082E+16
121326,2.17022E+18,2,5,11,519,2017,2,17,2,2,4,1,0,1,0,0,0,0,1,5.71365E+20,5.94557E+21,1.00798E+16,5.3654E+16
121327,2.17022E+18,2,4,13,432,2017,2,7,2,3,5,2,1,1,0,0,0,1,1,5.65734E+20,5.94673E+21,9.99486E+15,5.36652E+16
121328,2.17022E+18,2,4,4,407,2017,2,16,2,3,1,5,1,1,0,0,0,2,1,5.66567E+20,5.94052E+21,1.00061E+16,5.36093E+16
121329,2.17022E+18,2,5,1,503,2017,2,13,2,3,6,4,0,1,1,0,0,0,1,5.69327E+20,5.93553E+21,1.00467E+16,5.35641E+16
121330,2.17022E+18,2,3,8,320,2017,2,19,2,3,6,4,0,1,1,0,0,2,1,5.60084E+20,5.94009E+21,9.90808E+15,5.36062E+16
121331,2.17022E+18,2,2,1,203,2017,2,16,2,3,4,2,0,1,0,0,0,1,1,5.62153E+20,5.9339E+21,9.93812E+15,5.35503E+16
121332,2.17022E+18,2,2,4,213,2017,2,7,2,3,1,5,1,1,0,0,0,1,1,5.61889E+20,5.9343E+21,9.93421E+15,5.35539E+16
121333,2.17022E+18,2,2,2,207,2017,2,14,2,3,1,7,1,1,0,0,0,0,1,5.64322E+20,5.93545E+21,9.97117E+15,5.3564E+16
121334,2.17022E+18,2,6,2,602,2017,2,6,1,3,1,6,0,1,0,0,0,2,1,5.78682E+20,5.92724E+21,1.01859E+16,5.34882E+16
121335,2.17022E+18,2,4,11,430,2017,2,17,1,3,3,2,0,1,0,0,0,2,1,5.68508E+20,5.94276E+21,1.0036E+16,5.36292E+16
121336,2.17022E+18,2,4,13,432,2017,2,12,1,3,0,7,1,0,0,0,0,0,1,5.67563E+20,5.94857E+21,1.00229E+16,5.36815E+16
121337,2.17022E+18,2,4,4,407,2017,2,13,1,3,2,6,0,1,0,0,0,0,1,5.67462E+20,5.94107E+21,1.00198E+16,5.36141E+16
121338,2.17022E+18,2,5,1,501,2017,2,6,1,2,1,6,0,1,0,0,0,2,0,5.69259E+20,5.93554E+21,1.00457E+16,5.35642E+16
121339,2.17022E+18,2,2,5,216,2017,2,12,1,3,5,3,1,1,0,0,0,0,1,5.60739E+20,5.93607E+21,9.91719E+15,5.357E+16
121340,2.17022E+18,2,3,1,307,2017,2,10,1,2,3,2,1,1,0,0,0,0,1,5.63129E+20,5.93596E+21,9.95325E+15,5.35687E+16
121341,2.17022E+18,2,7,8,709,2017,2,19,7,3,5,3,0,1,0,0,0,2,0,5.63663E+20,5.92181E+21,9.95846E+15,5.34415E+16
121342,2.17022E+18,2,6,2,602,2017,2,12,7,3,5,3,0,1,0,0,0,0,0,5.79376E+20,5.92593E+21,1.0196E+16,5.34763E+16
121343,2.17022E+18,2,1,8,121,2017,2,17,7,3,0,2,0,1,0,0,1,1,0,5.69313E+20,5.93489E+21,1.00464E+16,5.35583E+16
121344,2.17022E+18,2,5,4,512,2017,2,13,7,3,5,2,0,1,0,0,1,0,1,5.74475E+20,5.93638E+21,1.01247E+16,5.3571E+16
121345,2.17022E+18,2,5,18,526,2017,2,11,7,3,2,6,0,1,0,0,0,0,1,5.76163E+20,5.94063E+21,1.01512E+16,5.3609E+16
121346,2.17022E+18,2,4,9,425,2017,2,19,7,3,5,2,0,1,0,0,0,2,0,5.70688E+20,5.93758E+21,1.00678E+16,5.35823E+16
121347,2.17022E+18,2,4,12,431,2017,2,10,7,3,5,7,0,1,0,0,0,0,0,5.6755E+20,5.9429E+21,1.00215E+16,5.36305E+16
121348,2.17022E+18,2,4,5,413,2017,2,18,7,3,6,6,1,0,1,0,0,1,0,5.67037E+20,5.93741E+21,1.00126E+16,5.35813E+16
121349,2.17022E+18,2,4,8,422,2017,2,22,7,3,4,2,0,1,0,0,0,2,0,5.6857E+20,5.93674E+21,1.00356E+16,5.3575E+16
121350,2.17022E+18,2,4,8,421,2017,2,14,7,3,3,6,0,1,0,0,0,0,0,5.68677E+20,5.93688E+21,1.00372E+16,5.35762E+16
121351,2.17022E+18,2,2,8,220,2017,2,20,7,3,5,3,0,1,0,0,0,2,0,5.57744E+20,5.94012E+21,9.87273E+15,5.36068E+16
121352,2.17022E+18,2,2,1,204,2017,2,13,7,3,2,6,0,1,0,0,0,0,0,5.62927E+20,5.93467E+21,9.94995E+15,5.35572E+16
121353,2.17022E+18,2,3,2,311,2017,2,7,7,3,5,7,0,1,0,0,0,1,1,5.64301E+20,5.93587E+21,9.97094E+15,5.35678E+16
121354,2.17022E+18,2,1,4,111,2017,2,12,7,3,3,2,1,1,0,0,0,0,0,5.63695E+20,5.93418E+21,9.96144E+15,5.35526E+16
121355,2.17022E+18,2,3,1,306,2017,2,23,6,3,5,3,0,1,0,0,0,2,0,5.63648E+20,5.93655E+21,9.96121E+15,5.3574E+16
121356,2.17022E+18,2,4,2,404,2017,2,6,6,3,6,4,1,0,1,0,0,2,1,5.65568E+20,5.93829E+21,9.99057E+15,5.35894E+16
121357,2.17022E+18,2,3,1,301,2017,2,21,6,3,1,5,0,1,0,1,0,2,1,5.62387E+20,5.93734E+21,9.94233E+15,5.35812E+16
121358,2.17022E+18,2,3,1,303,2017,2,21,6,3,5,3,0,1,0,0,0,2,0,5.62749E+20,5.93695E+21,9.94772E+15,5.35776E+16
121359,2.17022E+18,2,3,1,310,2017,2,19,6,3,6,7,0,1,1,0,0,2,0,5.63919E+20,5.93576E+21,9.96514E+15,5.35668E+16
121360,2.17022E+18,2,3,2,312,2017,2,18,6,2,6,4,0,1,1,0,0,2,0,5.65634E+20,5.93506E+21,9.99089E+15,5.35603E+16
121361,2.17022E+18,2,3,3,314,2017,2,11,6,3,4,2,0,1,0,0,1,0,0,5.65811E+20,5.93722E+21,9.99401E+15,5.35797E+16
121362,2.17022E+18,2,7,14,715,2017,2,14,5,3,2,6,0,1,0,0,1,0,0,5.58072E+20,5.92552E+21,9.87497E+15,5.34754E+16
121363,2.17022E+18,2,1,20,141,2017,2,6,5,3,6,4,0,1,1,0,0,2,0,5.57159E+20,5.93264E+21,9.86252E+15,5.35395E+16
121364,2.17022E+18,2,7,1,702,2017,2,6,5,2,5,3,0,1,0,0,1,2,0,5.65566E+20,5.92331E+21,9.9874E+15,5.34547E+16
121365,2.17022E+18,2,1,16,137,2017,2,4,5,2,0,7,0,0,0,1,0,2,0,5.66171E+20,5.928E+21,9.99751E+15,5.34968E+16
121366,2.17022E+18,2,6,1,601,2017,2,7,5,3,5,3,0,1,0,0,0,0,0,5.79817E+20,5.92836E+21,1.02033E+16,5.34981E+16
121367,2.17022E+18,2,6,2,602,2017,2,11,5,3,0,7,1,0,0,0,0,0,0,5.7886E+20,5.92747E+21,1.01886E+16,5.34903E+16
121368,2.17022E+18,2,1,12,130,2017,2,9,5,3,5,3,0,1,0,0,1,0,1,5.75043E+20,5.93374E+21,1.01326E+16,5.35472E+16
121369,2.17022E+18,2,5,11,519,2017,2,17,5,3,2,6,0,1,0,0,0,2,1,5.71809E+20,5.94462E+21,1.00863E+16,5.36454E+16
121370,2.17022E+18,2,4,13,432,2017,2,22,5,2,8,5,0,1,0,0,0,2,1,5.66946E+20,5.94412E+21,1.00126E+16,5.36415E+16
121371,2.17022E+18,2,4,13,432,2017,2,12,5,3,5,3,1,0,0,0,1,0,0,5.66411E+20,5.94623E+21,1.0005E+16,5.36606E+16
121372,2.17022E+18,2,4,5,409,2017,2,16,5,3,5,3,0,1,0,1,0,0,1,5.66177E+20,5.93912E+21,9.99995E+15,5.35967E+16
121373,2.17022E+18,2,4,8,423,2017,2,18,5,3,6,4,0,1,1,0,0,2,1,5.68801E+20,5.9371E+21,1.00392E+16,5.35782E+16
121374,2.17022E+18,2,3,8,320,2017,2,19,5,3,5,3,0,1,0,0,0,2,1,5.6003E+20,5.94139E+21,9.90752E+15,5.36178E+16
121375,2.17022E+18,2,3,8,320,2017,2,10,5,3,6,2,0,0,1,0,1,0,0,5.59742E+20,5.94065E+21,9.90301E+15,5.36113E+16
121376,2.17022E+18,2,2,5,215,2017,2,18,5,3,5,3,0,1,0,0,0,2,1,5.60831E+20,5.93636E+21,9.91864E+15,5.35726E+16
121377,2.17022E+18,2,2,7,219,2017,2,14,5,3,2,6,0,1,0,0,0,0,0,5.57869E+20,5.9335E+21,9.87339E+15,5.35472E+16
121378,2.17022E+18,2,4,2,404,2017,2,11,5,3,1,7,0,1,0,0,1,0,0,5.6583E+20,5.93787E+21,9.99444E+15,5.35855E+16
121379,2.17022E+18,2,4,2,404,2017,2,7,5,3,5,3,0,1,0,0,1,0,0,5.65913E+20,5.9382E+21,9.99577E+15,5.35885E+16
121380,2.17022E+18,2,4,2,405,2017,2,15,5,3,2,6,0,1,0,0,0,0,1,5.64913E+20,5.93962E+21,9.98095E+15,5.36014E+16
121381,2.17022E+18,2,3,2,311,2017,2,15,5,3,5,2,1,1,0,0,0,0,0,5.64274E+20,5.93583E+21,9.97052E+15,5.35674E+16
121382,2.17022E+18,2,1,1,101,2017,2,15,5,3,2,6,0,1,0,0,1,0,0,5.66286E+20,5.93455E+21,1.00006E+16,5.35556E+16
121383,2.17022E+18,2,1,3,108,2017,2,0,5,3,4,2,0,1,0,0,0,2,0,5.6551E+20,5.93481E+21,9.98896E+15,5.35581E+16
121384,2.17022E+18,2,1,5,114,2017,2,10,5,3,5,3,0,1,0,0,0,0,0,5.66393E+20,5.93471E+21,1.00023E+16,5.3557E+16
121385,2.17022E+18,2,7,1,701,2017,2,12,4,3,2,6,0,1,0,0,0,0,0,5.64843E+20,5.92396E+21,9.97665E+15,5.34606E+16
121386,2.17022E+18,2,7,9,710,2017,2,7,4,3,2,6,0,1,0,0,0,0,1,5.63413E+20,5.92276E+21,9.95487E+15,5.345E+16
121387,2.17022E+18,2,1,15,134,2017,2,22,4,3,6,2,0,0,1,0,1,2,0,5.67481E+20,5.93142E+21,1.0018E+16,5.35273E+16
121388,2.17022E+18,2,6,2,602,2017,2,15,4,3,2,2,0,1,0,0,1,0,0,5.78199E+20,5.92748E+21,1.01787E+16,5.34905E+16
121389,2.17022E+18,2,6,2,602,2017,2,14,4,3,0,1,0,0,0,1,0,0,0,5.78201E+20,5.92594E+21,1.01783E+16,5.34766E+16
121390,2.17022E+18,2,1,11,129,2017,2,13,4,2,4,1,0,1,0,0,1,0,0,5.72791E+20,5.9348E+21,1.00989E+16,5.3557E+16
121391,2.17022E+18,2,1,12,130,2017,2,10,4,3,2,2,0,1,0,0,0,0,0,5.74625E+20,5.93184E+21,1.01258E+16,5.35302E+16
121392,2.17022E+18,2,1,6,117,2017,2,20,4,2,0,7,0,1,0,0,0,2,0,5.67665E+20,5.93395E+21,1.00213E+16,5.355E+16
121393,2.17022E+18,2,1,14,133,2017,2,11,4,3,0,1,0,0,0,1,0,0,0,5.68547E+20,5.93248E+21,1.00343E+16,5.35367E+16
121394,2.17022E+18,2,5,5,513,2017,2,6,4,3,3,6,1,0,0,0,0,2,0,5.73715E+20,5.93769E+21,1.01135E+16,5.35829E+16
121395,2.17022E+18,2,5,3,511,2017,2,16,4,3,5,3,1,1,0,0,0,0,0,5.72626E+20,5.93614E+21,1.00967E+16,5.35691E+16
121396,2.17022E+18,2,5,12,520,2017,2,17,4,3,5,3,1,1,0,0,0,1,0,5.70044E+20,5.94613E+21,1.00599E+16,5.36592E+16
121397,2.17022E+18,2,5,9,517,2017,2,16,4,3,2,6,0,1,0,0,0,0,0,5.7149E+20,5.94422E+21,1.00814E+16,5.36419E+16
121398,2.17022E+18,2,4,5,409,2017,2,20,4,3,5,3,0,1,0,0,0,2,0,5.66318E+20,5.93859E+21,1.0002E+16,5.35919E+16
121399,2.17022E+18,2,4,5,412,2017,2,7,4,3,0,1,0,0,0,1,0,0,1,5.6709E+20,5.93752E+21,1.00134E+16,5.35822E+16
121400,2.17022E+18,2,5,1,504,2017,2,18,4,2,6,4,0,1,1,0,0,2,0,5.69876E+20,5.93656E+21,1.00553E+16,5.35733E+16
121401,2.17022E+18,2,5,1,504,2017,2,9,4,3,2,6,0,1,0,0,0,0,0,5.69933E+20,5.93613E+21,1.0056E+16,5.35694E+16
121402,2.17022E+18,2,3,8,320,2017,2,15,4,3,1,2,0,1,0,0,0,0,0,5.58727E+20,5.94156E+21,9.88785E+15,5.36196E+16