OBJECTID,UIDENTSTLA,ULAND,UREGBEZ,UKREIS,UGEMEINDE,UJAHR,UMONAT,USTUNDE,UWOCHENTAG,UKATEGORIE,UART,UTYP1,IstRad,IstPKW,IstFuss,IstKrad,IstSonstig,LICHT,STRZUSTAND,LINREFX,LINREFY,XGCSWGS84,YGCSWGS84
121575,2.17013E+18,2,1,17,138,2017,1,12,2,3,2,2,0,1,0,0,1,0,1,5.65048E+20,5.93141E+21,9.98128E+15,5.35276E+16
121576,2.17013E+18,2,1,19,140,2017,1,15,2,3,2,6,0,1,0,0,1,0,1,5.61315E+20,5.93057E+21,9.92482E+15,5.35205E+16
121577,2.17013E+18,2,1,12,130,2017,1,17,1,3,6,2,0,1,1,0,0,1,0,5.73071E+20,5.9329E+21,1.01026E+16,5.35399E+16
121578,2.17013E+18,2,1,8,123,2017,1,4,1,3,2,6,0,1,0,0,0,2,1,5.70615E+20,5.93506E+21,1.00661E+16,5.35597E+16
121579,2.17013E+18,2,3,5,317,2017,1,14,1,3,2,6,0,1,0,0,0,0,1,5.6369E+20,5.93984E+21,9.96252E+15,5.36035E+16
121580,2.17013E+18,2,1,1,101,2017,1,19,1,3,4,3,0,1,0,0,0,2,1,5.66294E+20,5.93454E+21,1.00007E+16,5.35555E+16
121581,2.17013E+18,2,7,8,709,2017,1,14,7,3,5,2,0,1,0,0,0,0,0,5.62116E+20,5.92061E+21,9.93493E+15,5.34309E+16
121582,2.17013E+18,2,1,16,137,2017,1,11,7,3,0,6,0,1,0,0,1,0,0,5.6621E+20,5.92862E+21,9.99822E+15,5.35024E+16
121583,2.17013E+18,2,1,12,130,2017,1,14,7,3,2,6,0,1,0,0,0,0,0,5.73468E+20,5.93397E+21,1.01089E+16,5.35495E+16
121584,2.17013E+18,2,1,13,131,2017,1,12,7,3,2,2,0,1,0,0,0,0,0,5.72237E+20,5.92972E+21,1.00893E+16,5.35115E+16
121585,2.17013E+18,2,1,6,117,2017,1,6,7,3,5,3,0,1,0,0,0,2,0,5.67631E+20,5.93399E+21,1.00208E+16,5.35504E+16
121586,2.17013E+18,2,1,8,121,2017,1,17,7,3,5,3,1,1,0,0,0,2,0,5.69137E+20,5.93471E+21,1.00437E+16,5.35567E+16
121587,2.17013E+18,2,5,5,513,2017,1,19,7,3,2,6,0,1,0,0,0,2,0,5.74564E+20,5.93813E+21,1.01264E+16,5.35867E+16
121588,2.17013E+18,2,5,7,515,2017,1,0,7,3,6,4,0,1,1,0,0,2,0,5.70883E+20,5.94028E+21,1.00713E+16,5.36066E+16
121589,2.17013E+18,2,4,11,430,2017,1,3,7,3,9,7,0,1,0,0,0,2,0,5.68426E+20,5.9415E+21,1.00345E+16,5.36178E+16
121590,2.17013E+18,2,3,1,307,2017,1,14,7,2,5,3,1,1,0,0,0,0,0,5.63227E+20,5.93604E+21,9.95475E+15,5.35694E+16
121591,2.17013E+18,2,3,3,314,2017,1,17,7,3,0,7,0,1,0,0,0,0,0,5.64901E+20,5.93727E+21,9.98028E+15,5.35803E+16
121592,2.17013E+18,2,6,2,603,2017,1,6,6,3,2,6,0,1,0,0,0,2,1,5.80055E+20,5.92604E+21,1.02063E+16,5.34772E+16
121593,2.17013E+18,2,1,8,122,2017,1,13,6,3,3,2,1,0,0,0,0,0,0,5.70012E+20,5.93555E+21,1.00571E+16,5.35642E+16
121594,2.17013E+18,2,5,6,514,2017,1,21,6,3,5,3,0,1,0,0,0,2,0,5.73224E+20,5.94025E+21,1.01067E+16,5.36059E+16
121595,2.17013E+18,2,5,18,526,2017,1,14,6,3,9,1,0,1,0,0,0,0,0,5.77216E+20,5.93855E+21,1.01666E+16,5.35901E+16
121596,2.17013E+18,2,5,6,514,2017,1,7,6,3,6,4,0,1,1,0,0,2,0,5.73798E+20,5.94092E+21,1.01155E+16,5.36119E+16
121597,2.17013E+18,2,4,9,424,2017,1,20,6,3,2,2,0,1,0,0,0,2,0,5.69875E+20,5.93761E+21,1.00555E+16,5.35827E+16
121598,2.17013E+18,2,5,7,515,2017,1,13,6,3,2,6,0,1,0,0,0,0,0,5.701E+20,5.93904E+21,1.00592E+16,5.35955E+16
121599,2.17013E+18,2,4,11,430,2017,1,9,6,3,5,3,0,1,0,0,0,0,0,5.68712E+20,5.94045E+21,1.00385E+16,5.36084E+16
121600,2.17013E+18,2,5,7,515,2017,1,9,6,3,5,3,0,1,0,0,0,0,0,5.70111E+20,5.93907E+21,1.00594E+16,5.35958E+16
121601,2.17013E+18,2,5,9,517,2017,1,10,6,3,5,3,1,1,0,0,0,0,0,5.7235E+20,5.94389E+21,1.00943E+16,5.36387E+16
121602,2.17013E+18,2,4,12,431,2017,1,7,6,3,6,4,1,0,1,0,0,0,0,5.67869E+20,5.94302E+21,1.00264E+16,5.36316E+16
121603,2.17013E+18,2,4,5,409,2017,1,9,6,3,1,5,0,1,0,0,0,0,0,5.65853E+20,5.93897E+21,9.99502E+15,5.35954E+16
121604,2.17013E+18,2,2,11,224,2017,1,13,6,3,0,7,1,0,0,0,0,0,0,5.52616E+20,5.93606E+21,9.79455E+15,5.35708E+16
121605,2.17013E+18,2,2,12,225,2017,1,8,6,3,2,6,0,1,0,0,0,0,0,5.54519E+20,5.93662E+21,9.82338E+15,5.35756E+16
121606,2.17013E+18,2,2,5,216,2017,1,18,6,3,4,6,0,1,0,0,1,2,0,5.6002E+20,5.93516E+21,9.90617E+15,5.35619E+16
121607,2.17013E+18,2,2,4,212,2017,1,13,6,3,5,3,1,1,0,0,0,0,0,5.60823E+20,5.93462E+21,9.91819E+15,5.35569E+16
121608,2.17013E+18,2,2,8,220,2017,1,14,6,3,1,7,0,1,0,1,0,0,0,5.57682E+20,5.93851E+21,9.87149E+15,5.35923E+16
121609,2.17013E+18,2,3,1,310,2017,1,17,6,3,1,5,1,1,0,0,0,2,0,5.63415E+20,5.93575E+21,9.95754E+15,5.35668E+16
121610,2.17013E+18,2,3,5,317,2017,1,10,6,3,5,3,0,1,0,0,0,0,0,5.64126E+20,5.93792E+21,9.96872E+15,5.35862E+16
121611,2.17013E+18,2,4,2,404,2017,1,8,6,3,1,5,1,1,0,0,0,0,0,5.65397E+20,5.93836E+21,9.98801E+15,5.359E+16
121612,2.17013E+18,2,3,2,312,2017,1,13,6,3,5,3,1,1,0,0,0,0,0,5.65611E+20,5.93507E+21,9.99055E+15,5.35604E+16
121613,2.17013E+18,2,1,4,112,2017,1,8,6,3,3,6,1,1,0,0,0,0,2,5.63606E+20,5.93353E+21,9.95997E+15,5.35468E+16
121614,2.17013E+18,2,1,1,101,2017,1,9,6,3,0,4,0,0,1,0,1,0,0,5.66394E+20,5.93407E+21,1.00022E+16,5.35513E+16
121615,2.17013E+18,2,6,2,602,2017,1,13,5,3,5,3,1,1,0,0,0,0,0,5.78683E+20,5.92735E+21,1.01859E+16,5.34892E+16
121616,2.17013E+18,2,6,1,601,2017,1,10,5,3,6,4,0,1,1,0,0,0,0,5.79823E+20,5.92835E+21,1.02033E+16,5.3498E+16
121617,2.17013E+18,2,1,12,130,2017,1,17,5,3,5,3,0,1,0,0,0,2,0,5.75904E+20,5.93345E+21,1.01455E+16,5.35444E+16
121618,2.17013E+18,2,5,4,512,2017,1,17,5,3,6,4,0,1,1,0,0,2,0,5.75241E+20,5.9362E+21,1.01362E+16,5.35693E+16
121619,2.17013E+18,2,5,5,513,2017,1,7,5,3,2,6,0,1,0,0,1,0,0,5.74442E+20,5.93817E+21,1.01246E+16,5.35871E+16
121620,2.17013E+18,2,4,4,407,2017,1,20,5,3,3,6,1,1,0,0,0,2,0,5.67382E+20,5.94113E+21,1.00186E+16,5.36147E+16
121621,2.17032E+18,2,4,12,431,2017,3,8,5,3,3,6,1,0,0,0,1,0,0,5.66985E+20,5.94251E+21,1.00129E+16,5.36271E+16
121622,2.17032E+18,2,4,12,431,2017,3,18,5,3,1,5,1,1,0,0,0,0,0,5.67629E+20,5.9428E+21,1.00227E+16,5.36296E+16
121623,2.17032E+18,2,4,7,416,2017,3,9,5,3,1,6,0,1,0,0,0,0,0,5.67613E+20,5.93503E+21,1.00208E+16,5.35598E+16
121624,2.17032E+18,2,3,5,317,2017,3,8,4,3,5,3,1,0,0,0,1,0,0,5.64104E+20,5.93791E+21,9.96839E+15,5.35861E+16
121625,2.17032E+18,2,3,6,318,2017,3,15,5,3,6,7,0,1,1,0,0,0,0,5.64513E+20,5.94371E+21,9.97576E+15,5.36382E+16
121626,2.17032E+18,2,3,5,317,2017,3,16,5,3,2,2,0,1,0,0,1,0,0,5.64019E+20,5.93786E+21,9.96708E+15,5.35857E+16
121627,2.17032E+18,2,2,1,205,2017,3,18,5,3,4,2,1,1,0,0,0,2,0,5.63291E+20,5.93407E+21,9.95533E+15,5.35517E+16
121628,2.17032E+18,2,2,1,205,2017,3,16,5,3,3,6,0,1,0,0,1,0,0,5.63316E+20,5.93392E+21,9.95567E+15,5.35503E+16
121629,2.17032E+18,2,3,1,309,2017,3,18,4,3,6,6,1,0,1,0,0,0,0,5.64108E+20,5.93574E+21,9.96799E+15,5.35667E+16
121630,2.17031E+18,2,7,12,713,2017,3,13,3,3,0,1,0,0,0,1,0,0,0,5.58705E+20,5.93025E+21,9.88539E+15,5.35179E+16
121631,2.17031E+18,2,1,16,136,2017,3,12,3,3,5,3,0,1,0,0,0,0,0,5.67756E+20,5.9278E+21,1.00214E+16,5.34948E+16
121632,2.17031E+18,2,1,16,137,2017,3,14,3,3,9,1,0,0,0,0,1,0,0,5.66042E+20,5.92811E+21,9.99559E+15,5.34978E+16
121633,2.17031E+18,2,4,4,407,2017,3,7,3,3,5,3,0,1,0,0,0,0,0,5.66931E+20,5.94063E+21,1.00117E+16,5.36102E+16
121634,2.17031E+18,2,2,7,219,2017,3,15,3,3,4,6,1,0,0,0,1,0,0,5.60249E+20,5.93396E+21,9.9094E+15,5.3551E+16
121635,2.17031E+18,2,2,3,209,2017,3,18,3,3,2,6,0,1,0,0,0,1,0,5.62655E+20,5.9353E+21,9.94598E+15,5.35629E+16
121636,2.17031E+18,2,1,5,114,2017,3,14,3,3,0,6,0,1,0,0,1,0,0,5.66975E+20,5.93474E+21,1.00111E+16,5.35573E+16
121637,2.17031E+18,2,7,6,707,2017,3,9,2,2,5,3,0,1,0,0,0,0,0,5.65403E+20,5.92106E+21,9.98448E+15,5.34345E+16
121638,2.17031E+18,2,1,8,126,2017,3,19,2,3,4,2,1,1,0,0,0,2,0,5.70244E+20,5.93382E+21,1.00602E+16,5.35485E+16
121639,2.17031E+18,2,5,3,510,2017,3,18,2,3,5,3,1,1,0,0,0,1,0,5.71343E+20,5.93625E+21,1.00773E+16,5.35703E+16
121640,2.17031E+18,2,5,2,509,2017,3,7,2,2,6,4,0,1,1,0,0,0,0,5.72305E+20,5.93823E+21,1.00923E+16,5.35879E+16
121641,2.17031E+18,2,4,12,431,2017,3,21,2,3,5,3,1,1,0,0,0,2,1,5.67137E+20,5.94315E+21,1.00153E+16,5.36328E+16
121642,2.17031E+18,2,4,13,432,2017,3,14,2,3,6,7,0,1,1,0,0,0,0,5.67293E+20,5.94516E+21,1.00181E+16,5.36509E+16
121643,2.17031E+18,2,4,6,414,2017,3,7,2,3,0,7,0,1,0,0,0,0,0,5.67452E+20,5.93671E+21,1.00187E+16,5.35749E+16
121644,2.17031E+18,2,2,11,223,2017,3,19,2,3,1,5,1,1,0,0,0,2,0,5.53891E+20,5.93524E+21,9.81366E+15,5.35633E+16
121645,2.17032E+18,2,3,3,313,2017,3,20,5,3,1,5,0,1,0,0,0,2,0,5.65239E+20,5.93642E+21,9.98521E+15,5.35726E+16
121646,2.17032E+18,2,3,3,314,2017,3,19,5,3,5,2,1,1,0,0,0,2,0,5.64846E+20,5.93724E+21,9.97945E+15,5.358E+16
121647,2.17032E+18,2,1,4,111,2017,3,15,5,3,5,2,1,1,0,0,0,0,0,5.63693E+20,5.93385E+21,9.96135E+15,5.35497E+16
121648,2.17032E+18,2,7,13,714,2017,3,20,4,3,1,6,0,1,0,0,0,2,0,5.58085E+20,5.92573E+21,9.87521E+15,5.34774E+16
121649,2.17032E+18,2,1,16,137,2017,3,13,4,3,5,3,0,0,0,0,1,0,0,5.64747E+20,5.92916E+21,9.97628E+15,5.35074E+16
121650,2.17032E+18,2,1,11,129,2017,3,9,4,3,2,6,0,1,0,0,0,0,0,5.73158E+20,5.93499E+21,1.01044E+16,5.35587E+16
121651,2.17032E+18,2,1,14,132,2017,3,8,4,3,5,3,0,0,0,0,1,0,0,5.70382E+20,5.93252E+21,1.0062E+16,5.35369E+16
121652,2.17032E+18,2,5,18,526,2017,3,14,4,2,6,6,1,0,1,0,0,0,0,5.758E+20,5.94031E+21,1.01456E+16,5.36061E+16
121653,2.17032E+18,2,5,5,513,2017,3,11,4,3,5,2,0,1,0,0,0,0,0,5.72737E+20,5.93834E+21,1.00989E+16,5.35889E+16
121654,2.17032E+18,2,4,10,429,2017,3,16,4,3,5,3,1,1,0,0,0,0,0,5.6928E+20,5.93983E+21,1.0047E+16,5.36027E+16
121655,2.17032E+18,2,4,8,421,2017,3,17,4,3,5,3,0,1,0,0,0,0,0,5.68571E+20,5.93731E+21,1.00357E+16,5.35802E+16
121656,2.17032E+18,2,5,1,501,2017,3,13,4,3,1,1,0,1,0,0,1,0,0,5.69001E+20,5.93556E+21,1.00418E+16,5.35644E+16
121657,2.17032E+18,2,4,8,421,2017,3,16,4,3,0,1,0,0,0,1,0,0,0,5.68478E+20,5.93728E+21,1.00343E+16,5.35799E+16
121658,2.17032E+18,2,2,11,223,2017,3,23,4,3,4,2,0,1,1,0,0,2,0,5.54259E+20,5.93509E+21,9.81918E+15,5.35619E+16
121659,2.17032E+18,2,2,5,215,2017,3,2,4,2,1,7,0,1,0,0,1,2,1,5.61063E+20,5.93582E+21,9.92204E+15,5.35677E+16
121660,2.17032E+18,2,3,6,318,2017,3,21,4,3,5,3,0,1,0,0,0,2,0,5.63146E+20,5.94207E+21,9.95475E+15,5.36236E+16
121661,2.17031E+18,2,2,3,210,2017,3,16,2,3,2,6,0,1,0,0,0,0,0,5.62876E+20,5.93486E+21,9.94922E+15,5.35588E+16
121662,2.17031E+18,2,3,2,312,2017,3,22,2,3,2,6,1,1,0,0,0,2,0,5.65431E+20,5.93643E+21,9.98811E+15,5.35727E+16
121663,2.17031E+18,2,3,1,309,2017,3,11,2,3,3,2,1,1,0,0,0,0,0,5.6424E+20,5.93585E+21,9.97001E+15,5.35676E+16
121664,2.17031E+18,2,1,5,113,2017,3,17,2,2,3,6,1,1,0,0,0,0,0,5.67953E+20,5.93463E+21,1.00258E+16,5.35562E+16
121665,2.17031E+18,2,5,18,526,2017,3,13,1,2,1,5,1,1,0,0,0,0,0,5.76234E+20,5.94247E+21,1.01527E+16,5.36254E+16
121666,2.17031E+18,2,5,4,512,2017,3,13,1,3,1,6,0,1,0,0,1,0,0,5.7502E+20,5.93791E+21,1.01333E+16,5.35847E+16
121667,2.17031E+18,2,5,7,515,2017,3,12,1,3,5,3,1,1,0,0,0,0,0,5.70663E+20,5.94066E+21,1.00681E+16,5.361E+16
121668,2.17031E+18,2,3,9,321,2017,3,22,1,3,1,5,1,1,0,0,0,2,0,5.61001E+20,5.93933E+21,9.92179E+15,5.35993E+16
121669,2.17031E+18,2,3,8,320,2017,3,16,1,3,2,6,0,1,0,1,0,0,0,5.59383E+20,5.93996E+21,9.89747E+15,5.36051E+16
121670,2.17031E+18,2,3,1,301,2017,3,15,1,3,0,7,0,1,0,0,0,0,0,5.62252E+20,5.93711E+21,9.94024E+15,5.35792E+16
121671,2.17031E+18,2,2,4,214,2017,3,11,1,3,3,6,0,1,0,1,0,0,0,5.61597E+20,5.93392E+21,9.92972E+15,5.35505E+16
121672,2.17031E+18,2,1,1,102,2017,3,16,1,3,2,6,0,1,0,1,0,0,0,5.65379E+20,5.93374E+21,9.98677E+15,5.35485E+16
121673,2.17031E+18,2,7,8,709,2017,3,13,7,3,5,3,1,1,0,0,0,0,0,5.64138E+20,5.92105E+21,9.96544E+15,5.34346E+16
121674,2.17031E+18,2,1,12,130,2017,3,16,7,2,5,3,1,1,0,0,0,0,0,5.73115E+20,5.93328E+21,1.01034E+16,5.35433E+16
121675,2.17031E+18,2,5,18,526,2017,3,10,7,3,6,4,1,0,1,0,0,0,0,5.76438E+20,5.93972E+21,1.01551E+16,5.36008E+16
121676,2.17031E+18,2,5,5,513,2017,3,16,7,3,2,6,0,1,0,0,0,0,0,5.74275E+20,5.93795E+21,1.0122E+16,5.35851E+16
121677,2.17031E+18,2,5,18,526,2017,3,14,7,3,1,7,0,1,1,0,0,0,0,5.7694E+20,5.94254E+21,1.01634E+16,5.3626E+16
121678,2.17031E+18,2,5,11,519,2017,3,14,7,3,5,3,0,1,0,0,0,0,0,5.71704E+20,5.9467E+21,1.00852E+16,5.36641E+16
121679,2.17031E+18,2,4,13,432,2017,3,11,7,3,5,2,0,1,0,0,0,0,0,5.67297E+20,5.94518E+21,1.00182E+16,5.3651E+16
121680,2.17031E+18,2,4,8,422,2017,3,21,7,3,6,4,0,1,1,0,0,2,0,5.69147E+20,5.93674E+21,1.00443E+16,5.35749E+16
121681,2.17031E+18,2,2,5,217,2017,3,12,7,3,3,7,0,1,0,0,0,0,0,5.58359E+20,5.9375E+21,9.88152E+15,5.35831E+16
121682,2.17031E+18,2,2,8,220,2017,3,8,7,2,5,2,1,1,0,0,0,0,0,5.57741E+20,5.93769E+21,9.87224E+15,5.35849E+16
121683,2.17031E+18,2,2,4,213,2017,3,14,7,3,5,3,0,0,0,1,1,0,0,5.61628E+20,5.93436E+21,9.93027E+15,5.35545E+16
121684,2.17031E+18,2,1,4,109,2017,3,15,7,3,5,6,1,0,0,0,0,0,0,5.64551E+20,5.93483E+21,9.9745E+15,5.35584E+16
121685,2.17031E+18,2,1,20,141,2017,3,17,6,3,5,3,0,1,0,0,0,0,0,5.57163E+20,5.93263E+21,9.86258E+15,5.35395E+16
121686,2.17031E+18,2,7,13,714,2017,3,5,6,2,5,3,0,1,0,0,1,2,0,5.58077E+20,5.92573E+21,9.87509E+15,5.34774E+16
121687,2.17031E+18,2,5,6,514,2017,3,22,6,3,6,7,1,0,1,0,0,2,0,5.73962E+20,5.94038E+21,1.01179E+16,5.3607E+16
121688,2.17031E+18,2,5,3,511,2017,3,15,6,3,5,3,0,1,0,0,1,0,0,5.72275E+20,5.93609E+21,1.00914E+16,5.35687E+16
121689,2.17031E+18,2,5,10,518,2017,3,13,6,3,1,5,0,1,0,0,0,0,0,5.73261E+20,5.94537E+21,1.01084E+16,5.3652E+16
121690,2.17031E+18,2,5,12,520,2017,3,9,6,3,5,3,1,1,0,0,0,0,0,5.70139E+20,5.94575E+21,1.00613E+16,5.36558E+16
121691,2.17031E+18,2,4,12,431,2017,3,1,6,3,0,7,0,1,0,0,0,2,1,5.66723E+20,5.94256E+21,1.00089E+16,5.36276E+16
121692,2.17031E+18,2,4,12,431,2017,3,12,6,3,0,1,1,0,0,0,0,0,0,5.67853E+20,5.94267E+21,1.0026E+16,5.36284E+16
121693,2.17031E+18,2,4,11,430,2017,3,1,6,3,8,7,0,1,0,0,0,2,1,5.68176E+20,5.9424E+21,1.00309E+16,5.3626E+16
121694,2.17031E+18,2,4,5,413,2017,3,18,6,3,1,5,1,1,0,0,0,1,0,5.66955E+20,5.93717E+21,1.00113E+16,5.35791E+16
121695,2.17031E+18,2,2,14,227,2017,3,20,6,3,5,3,1,1,0,0,0,2,0,5.50921E+20,5.93679E+21,9.76907E+15,5.35775E+16
121696,2.17031E+18,2,2,5,215,2017,3,16,6,3,5,3,0,1,0,0,0,0,0,5.61346E+20,5.93546E+21,9.92624E+15,5.35644E+16
121697,2.17031E+18,2,3,8,320,2017,3,0,6,3,5,3,0,1,0,0,0,2,0,5.60119E+20,5.93846E+21,9.9083E+15,5.35915E+16
121698,2.17031E+18,2,2,3,210,2017,3,16,6,3,3,7,0,1,0,0,1,0,0,5.62105E+20,5.93417E+21,9.93745E+15,5.35528E+16
121699,2.17031E+18,2,3,2,312,2017,3,14,6,3,5,7,1,1,0,0,0,0,0,5.65483E+20,5.93525E+21,9.98865E+15,5.3562E+16
121700,2.17031E+18,2,3,2,312,2017,3,13,6,3,0,4,0,0,1,0,1,0,0,5.6559E+20,5.93514E+21,9.99025E+15,5.35611E+16
121701,2.17031E+18,2,1,4,111,2017,3,23,6,3,6,4,0,1,1,0,0,2,0,5.63684E+20,5.93383E+21,9.9612E+15,5.35495E+16
121702,2.17031E+18,2,1,3,108,2017,3,20,6,3,1,6,0,1,0,0,0,2,0,5.64992E+20,5.93462E+21,9.98111E+15,5.35565E+16
121703,2.17031E+18,2,1,5,114,2017,3,22,6,3,2,6,0,1,0,0,0,2,0,5.67125E+20,5.93434E+21,1.00132E+16,5.35537E+16
121704,2.17031E+18,2,7,8,709,2017,3,17,5,3,1,2,0,1,0,0,0,0,1,5.61955E+20,5.92063E+21,9.93251E+15,5.34311E+16
121705,2.17031E+18,2,7,1,701,2017,3,19,5,2,6,2,0,1,1,0,0,2,1,5.64484E+20,5.9238E+21,9.97121E+15,5.34593E+16
121706,2.17031E+18,2,1,13,131,2017,3,16,5,3,2,6,0,1,0,0,0,0,1,5.7223E+20,5.92971E+21,1.00892E+16,5.35114E+16
121707,2.17031E+18,2,1,12,130,2017,3,19,5,3,6,2,0,1,1,0,0,2,1,5.73499E+20,5.9331E+21,1.01092E+16,5.35417E+16
121708,2.17031E+18,2,1,12,130,2017,3,21,5,3,1,6,0,1,0,0,0,2,1,5.73562E+20,5.93275E+21,1.011E+16,5.35385E+16
121709,2.17031E+18,2,1,14,133,2017,3,6,5,3,2,6,0,1,0,0,1,1,0,5.68288E+20,5.93246E+21,1.00304E+16,5.35366E+16
121710,2.17031E+18,2,1,8,123,2017,3,12,5,3,3,6,0,1,0,0,1,0,0,5.69965E+20,5.93518E+21,1.00563E+16,5.35608E+16
121711,2.17031E+18,2,5,4,512,2017,3,7,5,3,3,6,0,0,0,0,1,0,1,5.74567E+20,5.93638E+21,1.0126E+16,5.3571E+16
121712,2.17031E+18,2,5,18,526,2017,3,8,5,3,2,6,0,1,0,0,0,0,1,5.78322E+20,5.94046E+21,1.01838E+16,5.36071E+16
121713,2.17031E+18,2,5,18,526,2017,3,5,5,3,4,2,0,1,0,0,1,0,0,5.76471E+20,5.94124E+21,1.0156E+16,5.36143E+16
121714,2.17031E+18,2,5,2,507,2017,3,19,5,3,5,3,0,1,0,0,0,2,1,5.70836E+20,5.93714E+21,1.00699E+16,5.35783E+16
121715,2.17031E+18,2,5,2,509,2017,3,14,5,2,4,6,0,1,0,0,1,0,0,5.71094E+20,5.93891E+21,1.00742E+16,5.35942E+16
121716,2.17031E+18,2,5,11,519,2017,3,11,5,2,0,7,0,0,1,0,1,0,0,5.72205E+20,5.94533E+21,1.00925E+16,5.36518E+16
121717,2.17031E+18,2,4,11,430,2017,3,12,5,3,5,7,0,1,0,0,0,0,0,5.67894E+20,5.94239E+21,1.00266E+16,5.36259E+16
121718,2.17031E+18,2,4,5,411,2017,3,14,5,2,5,3,1,1,0,0,0,0,0,5.67822E+20,5.93782E+21,1.00245E+16,5.35848E+16
121719,2.17031E+18,2,4,10,426,2017,3,19,5,3,1,6,0,1,0,0,0,2,1,5.69574E+20,5.93802E+21,1.0051E+16,5.35864E+16
121720,2.17031E+18,2,4,10,428,2017,3,5,5,3,5,3,0,1,0,0,0,2,1,5.69494E+20,5.93888E+21,1.005E+16,5.35941E+16
121721,2.17031E+18,2,2,9,221,2017,3,11,5,3,0,2,0,1,1,0,0,0,1,5.56495E+20,5.93757E+21,9.8534E+15,5.35839E+16
121722,2.17031E+18,2,2,7,219,2017,3,8,5,3,5,3,1,1,0,0,0,0,0,5.57817E+20,5.93351E+21,9.87261E+15,5.35473E+16
121723,2.17031E+18,2,2,3,210,2017,3,15,5,3,5,3,1,1,0,0,0,0,1,5.62402E+20,5.93447E+21,9.94199E+15,5.35554E+16
121724,2.17031E+18,2,1,5,114,2017,3,16,5,3,2,6,0,1,0,0,0,0,1,5.66557E+20,5.93479E+21,1.00048E+16,5.35577E+16
121725,2.17031E+18,2,1,5,114,2017,3,10,5,3,5,3,1,1,0,0,0,0,0,5.66988E+20,5.93404E+21,1.00111E+16,5.35509E+16
121726,2.17031E+18,2,1,13,131,2017,3,7,4,3,4,2,0,1,0,0,0,0,0,5.7165E+20,5.93199E+21,1.0081E+16,5.3532E+16
121727,2.17031E+18,2,5,18,526,2017,3,6,4,3,5,2,1,1,0,0,0,0,0,5.75536E+20,5.94279E+21,1.01422E+16,5.36284E+16
121728,2.17031E+18,2,4,8,420,2017,3,23,4,3,5,3,0,1,0,0,0,2,0,5.68296E+20,5.93686E+21,1.00315E+16,5.35762E+16
121729,2.17031E+18,2,2,8,220,2017,3,17,4,3,5,3,0,1,0,0,0,0,1,5.58793E+20,5.9395E+21,9.88846E+15,5.3601E+16
121730,2.17031E+18,2,3,5,317,2017,3,20,4,3,4,2,0,1,0,0,0,2,1,5.63431E+20,5.93935E+21,9.95851E+15,5.35992E+16
121731,2.17031E+18,2,3,2,311,2017,3,11,4,3,1,5,0,1,0,0,0,0,0,5.64694E+20,5.93604E+21,9.97691E+15,5.35692E+16
121732,2.17031E+18,2,2,1,201,2017,3,9,4,3,6,4,0,0,1,0,1,0,0,5.63271E+20,5.93374E+21,9.95496E+15,5.35487E+16
121733,2.17031E+18,2,1,1,102,2017,3,13,4,3,0,7,0,1,0,0,1,0,0,5.66035E+20,5.9338E+21,9.99667E+15,5.35489E+16
121734,2.17031E+18,2,1,3,106,2017,3,19,4,3,3,6,0,1,0,0,0,2,1,5.64742E+20,5.93432E+21,9.97727E+15,5.35538E+16
121735,2.17031E+18,2,7,9,710,2017,3,19,3,3,1,5,0,1,0,0,0,2,1,5.62223E+20,5.92189E+21,9.93679E+15,5.34424E+16
121736,2.17031E+18,2,6,2,602,2017,3,5,3,3,5,2,0,1,0,0,1,2,0,5.79743E+20,5.92734E+21,1.02019E+16,5.3489E+16
121737,2.17031E+18,2,1,8,121,2017,3,17,3,3,0,7,0,1,0,0,1,0,0,5.69381E+20,5.93515E+21,1.00475E+16,5.35606E+16
121738,2.17031E+18,2,5,5,513,2017,3,15,3,3,2,2,0,1,0,0,1,0,0,5.74869E+20,5.93836E+21,1.01311E+16,5.35887E+16
121739,2.17031E+18,2,5,18,526,2017,3,11,3,3,5,3,0,1,0,0,0,0,0,5.77994E+20,5.93863E+21,1.01783E+16,5.35907E+16
121740,2.17031E+18,2,5,17,525,2017,3,10,3,3,5,3,0,1,0,0,0,0,0,5.76786E+20,5.94501E+21,1.01617E+16,5.36482E+16
121741,2.17031E+18,2,4,13,432,2017,3,12,3,3,0,4,0,0,1,0,1,0,0,5.67352E+20,5.94397E+21,1.00188E+16,5.36402E+16
121742,2.17031E+18,2,4,13,432,2017,3,13,3,1,6,4,0,0,1,0,1,0,0,5.66095E+20,5.94822E+21,1.00006E+16,5.36785E+16
121743,2.17031E+18,2,3,8,320,2017,3,19,3,3,5,3,0,1,0,0,1,2,0,5.59253E+20,5.93986E+21,9.89548E+15,5.36042E+16
121744,2.17031E+18,2,1,5,114,2017,3,17,3,3,3,7,0,1,0,0,0,2,0,5.66911E+20,5.93418E+21,1.001E+16,5.35523E+16
121745,2.17031E+18,2,7,12,713,2017,3,5,2,3,2,6,0,1,0,0,1,2,0,5.60493E+20,5.9297E+21,9.91225E+15,5.35127E+16
121746,2.17031E+18,2,1,16,137,2017,3,14,2,3,5,3,0,1,0,0,1,0,0,5.64741E+20,5.92916E+21,9.97619E+15,5.35074E+16