OBJECTID,UIDENTSTLA,ULAND,UREGBEZ,UKREIS,UGEMEINDE,UJAHR,UMONAT,USTUNDE,UWOCHENTAG,UKATEGORIE,UART,UTYP1,IstRad,IstPKW,IstFuss,IstKrad,IstSonstig,LICHT,STRZUSTAND,LINREFX,LINREFY,XGCSWGS84,YGCSWGS84
121747,2.17031E+18,2,1,12,130,2017,3,15,2,3,2,6,0,1,0,0,1,0,1,5.73304E+20,5.93365E+21,1.01063E+16,5.35466E+16
121748,2.17031E+18,2,1,6,117,2017,3,22,2,3,5,3,0,1,0,0,0,2,0,5.67632E+20,5.93399E+21,1.00208E+16,5.35504E+16
121749,2.17031E+18,2,5,4,512,2017,3,12,2,3,5,3,1,1,0,0,0,0,0,5.74866E+20,5.93723E+21,1.01308E+16,5.35786E+16
121750,2.17031E+18,2,4,13,432,2017,3,13,2,3,5,2,1,0,0,0,1,0,1,5.66233E+20,5.94521E+21,1.00021E+16,5.36514E+16
121751,2.17031E+18,2,4,12,431,2017,3,11,2,3,2,6,0,1,0,0,0,0,0,5.67881E+20,5.94276E+21,1.00265E+16,5.36292E+16
121752,2.17031E+18,2,5,1,501,2017,3,10,2,3,5,3,0,1,0,0,0,0,1,5.69043E+20,5.93567E+21,1.00425E+16,5.35654E+16
121753,2.17031E+18,2,4,8,419,2017,3,8,2,3,5,3,0,1,0,0,0,0,1,5.68393E+20,5.93759E+21,1.00331E+16,5.35827E+16
121754,2.17031E+18,2,2,12,225,2017,3,15,2,3,5,2,0,0,1,0,1,0,1,5.54452E+20,5.93756E+21,9.82253E+15,5.3584E+16
121755,2.17031E+18,2,4,4,407,2017,3,23,2,3,9,1,0,0,0,1,0,2,0,5.65578E+20,5.93967E+21,9.99101E+15,5.36017E+16
121756,2.17031E+18,2,3,2,311,2017,3,8,2,3,3,2,1,1,0,0,0,0,1,5.64716E+20,5.93547E+21,9.97712E+15,5.35641E+16
121757,2.17031E+18,2,6,2,602,2017,3,16,1,3,2,6,0,1,0,1,0,0,0,5.78445E+20,5.92613E+21,1.0182E+16,5.34783E+16
121758,2.1703E+18,2,7,15,716,2017,3,23,7,2,8,1,0,0,0,1,0,2,0,5.58347E+20,5.93007E+21,9.87996E+15,5.35163E+16
121759,2.1703E+18,2,7,13,714,2017,3,22,7,3,9,7,0,1,0,0,1,2,0,5.59484E+20,5.92574E+21,9.89628E+15,5.34773E+16
121760,2.1703E+18,2,7,1,702,2017,3,9,7,3,1,5,1,1,0,0,0,0,0,5.65279E+20,5.92358E+21,9.98314E+15,5.34572E+16
121761,2.1703E+18,2,1,12,130,2017,3,14,7,3,2,6,0,1,0,0,0,0,0,5.76092E+20,5.93156E+21,1.01479E+16,5.35274E+16
121762,2.1703E+18,2,1,8,126,2017,3,11,7,3,5,3,0,1,0,1,0,0,0,5.69291E+20,5.93378E+21,1.00458E+16,5.35483E+16
121763,2.1703E+18,2,1,6,117,2017,3,6,7,3,3,6,0,1,0,0,0,2,1,5.68036E+20,5.93412E+21,1.0027E+16,5.35516E+16
121764,2.1703E+18,2,5,2,506,2017,3,15,7,2,6,2,0,1,1,0,0,0,0,5.71543E+20,5.93746E+21,1.00806E+16,5.35811E+16
121765,2.1703E+18,2,4,9,425,2017,3,16,7,3,2,2,0,1,0,0,0,0,0,5.7068E+20,5.93758E+21,1.00676E+16,5.35823E+16
121766,2.1703E+18,2,4,13,432,2017,3,12,7,3,1,5,0,1,0,1,0,0,0,5.67289E+20,5.94635E+21,1.00183E+16,5.36616E+16
121767,2.1703E+18,2,2,8,220,2017,3,14,7,3,2,6,0,1,0,0,0,0,0,5.56828E+20,5.93914E+21,9.85871E+15,5.35981E+16
121768,2.1703E+18,2,2,8,220,2017,3,5,7,3,4,6,0,1,0,0,0,2,0,5.57907E+20,5.93822E+21,9.87484E+15,5.35897E+16
121769,2.1703E+18,2,2,8,220,2017,3,14,7,3,5,3,0,1,0,0,0,0,0,5.5773E+20,5.93846E+21,9.8722E+15,5.35918E+16
121770,2.1703E+18,2,1,4,112,2017,3,20,7,3,6,4,0,1,1,0,0,2,0,5.63689E+20,5.93348E+21,9.96121E+15,5.35464E+16
121771,2.1703E+18,2,1,20,141,2017,3,18,6,3,5,2,1,1,0,0,0,2,0,5.57893E+20,5.932E+21,9.87347E+15,5.35337E+16
121772,2.1703E+18,2,7,9,710,2017,3,8,6,2,5,3,1,1,0,0,0,0,0,5.62348E+20,5.92276E+21,9.93885E+15,5.34502E+16
121773,2.1703E+18,2,7,4,705,2017,3,14,6,3,5,2,1,1,0,0,0,0,0,5.65768E+20,5.92211E+21,9.9902E+15,5.34439E+16
121774,2.1703E+18,2,1,16,137,2017,3,16,6,3,5,3,0,1,0,0,1,0,0,5.6474E+20,5.92916E+21,9.97618E+15,5.35074E+16
121775,2.1703E+18,2,6,6,607,2017,3,12,6,3,4,6,0,1,0,0,0,0,0,5.78963E+20,5.91752E+21,1.01877E+16,5.34009E+16
121776,2.1703E+18,2,6,6,607,2017,3,7,6,3,1,5,0,1,0,0,0,0,1,5.75514E+20,5.9204E+21,1.01365E+16,5.34272E+16
121777,2.1703E+18,2,1,12,130,2017,3,13,6,3,5,3,1,1,0,0,0,0,0,5.72791E+20,5.93307E+21,1.00985E+16,5.35415E+16
121778,2.1703E+18,2,1,13,131,2017,3,11,6,3,2,6,0,1,0,0,1,0,0,5.70907E+20,5.93135E+21,1.00696E+16,5.35263E+16
121779,2.1703E+18,2,1,8,123,2017,3,15,6,3,2,6,0,1,0,0,1,0,0,5.70469E+20,5.93445E+21,1.00637E+16,5.35542E+16
121780,2.1703E+18,2,5,4,512,2017,3,6,6,2,6,4,0,1,1,0,1,2,1,5.73531E+20,5.93679E+21,1.01105E+16,5.35748E+16
121781,2.1703E+18,2,5,5,513,2017,3,12,6,3,2,2,0,1,0,0,0,0,0,5.7343E+20,5.93756E+21,1.01091E+16,5.35817E+16
121782,2.1703E+18,2,5,2,508,2017,3,15,6,3,5,2,0,1,0,0,1,0,0,5.72508E+20,5.93827E+21,1.00954E+16,5.35882E+16
121783,2.1703E+18,2,4,10,429,2017,3,12,6,3,6,4,0,1,1,0,0,0,0,5.69328E+20,5.93981E+21,1.00477E+16,5.36025E+16
121784,2.1703E+18,2,5,7,515,2017,3,11,6,2,0,3,1,0,0,0,1,0,0,5.71908E+20,5.94209E+21,1.00872E+16,5.36227E+16
121785,2.1703E+18,2,5,11,519,2017,3,14,6,3,6,7,0,1,1,0,0,0,0,5.71713E+20,5.94636E+21,1.00852E+16,5.36611E+16
121786,2.1703E+18,2,5,11,519,2017,3,10,6,3,6,4,0,1,1,0,0,0,0,5.71167E+20,5.94573E+21,1.00768E+16,5.36555E+16
121787,2.1703E+18,2,4,5,411,2017,3,8,6,3,5,3,0,1,0,0,0,0,1,5.67825E+20,5.93807E+21,1.00246E+16,5.35871E+16
121788,2.1703E+18,2,4,8,420,2017,3,20,6,3,5,7,0,1,0,0,0,2,0,5.6846E+20,5.93687E+21,1.00339E+16,5.35763E+16
121789,2.1703E+18,2,4,8,420,2017,3,10,6,3,5,3,1,1,0,0,0,0,0,5.68523E+20,5.93673E+21,1.00349E+16,5.35749E+16
121790,2.1703E+18,2,2,14,227,2017,3,5,6,3,8,1,0,1,0,0,0,2,1,5.50246E+20,5.93675E+21,9.75887E+15,5.35772E+16
121791,2.1703E+18,2,2,5,215,2017,3,14,6,3,2,6,0,1,0,0,1,0,0,5.60808E+20,5.9362E+21,9.91826E+15,5.35711E+16
121792,2.1703E+18,2,3,6,318,2017,3,19,6,3,5,2,0,1,0,0,0,2,0,5.63959E+20,5.94343E+21,9.96732E+15,5.36357E+16
121793,2.1703E+18,2,4,2,404,2017,3,13,6,3,3,6,0,1,0,0,1,0,0,5.65046E+20,5.93788E+21,9.9826E+15,5.35857E+16
121794,2.1703E+18,2,2,1,201,2017,3,21,6,3,3,6,1,1,0,0,0,2,0,5.63189E+20,5.93356E+21,9.95369E+15,5.35471E+16
121795,2.1703E+18,2,1,4,109,2017,3,8,6,3,2,6,0,1,0,0,0,0,0,5.64614E+20,5.93492E+21,9.97546E+15,5.35592E+16
121796,2.1703E+18,2,1,2,103,2017,3,15,6,3,0,1,1,0,0,0,0,0,0,5.65261E+20,5.9331E+21,9.98485E+15,5.35427E+16
121797,2.1703E+18,2,1,5,114,2017,3,23,6,3,6,2,0,1,1,0,0,2,1,5.66758E+20,5.93448E+21,1.00077E+16,5.3555E+16
121798,2.1703E+18,2,1,5,113,2017,3,9,6,3,3,6,1,1,0,0,0,0,0,5.6715E+20,5.93498E+21,1.00138E+16,5.35594E+16
121799,2.1703E+18,2,7,2,703,2017,3,11,5,3,0,3,0,1,0,0,0,0,1,5.66992E+20,5.92365E+21,1.00089E+16,5.34576E+16
121800,2.1703E+18,2,1,16,137,2017,3,14,5,3,2,6,0,1,0,0,0,0,1,5.66171E+20,5.92654E+21,9.9972E+15,5.34837E+16
121801,2.1703E+18,2,1,6,118,2017,3,13,5,3,6,4,0,0,1,0,1,0,0,5.68796E+20,5.93369E+21,1.00383E+16,5.35476E+16
121802,2.1703E+18,2,5,6,514,2017,3,17,5,3,6,4,0,1,1,0,0,0,1,5.73422E+20,5.94089E+21,1.01098E+16,5.36116E+16
121803,2.1703E+18,2,5,7,515,2017,3,6,5,3,3,7,0,1,0,0,0,2,1,5.71197E+20,5.9412E+21,1.00763E+16,5.36147E+16
121804,2.1703E+18,2,5,16,524,2017,3,17,5,3,5,3,0,1,0,0,0,0,0,5.74344E+20,5.94727E+21,1.01253E+16,5.36689E+16
121805,2.1703E+18,2,4,13,432,2017,3,11,5,3,4,2,0,1,0,0,0,0,0,5.67771E+20,5.94725E+21,1.00258E+16,5.36696E+16
121806,2.1703E+18,2,4,7,416,2017,3,10,5,2,3,6,0,1,0,0,1,0,1,5.67371E+20,5.93525E+21,1.00171E+16,5.35618E+16
121807,2.1703E+18,2,4,8,419,2017,3,9,5,3,1,5,0,1,0,0,0,0,1,5.67853E+20,5.93696E+21,1.00248E+16,5.35771E+16
121808,2.1703E+18,2,2,10,222,2017,3,11,5,3,6,7,0,1,1,0,0,0,0,5.55957E+20,5.93425E+21,9.84466E+15,5.35541E+16
121809,2.1703E+18,2,2,5,216,2017,3,14,5,2,5,3,1,1,0,0,0,0,1,5.59902E+20,5.93529E+21,9.90442E+15,5.35631E+16
121810,2.1703E+18,2,3,7,319,2017,3,15,5,3,2,6,0,1,0,0,0,0,1,5.60424E+20,5.94431E+21,9.91403E+15,5.36441E+16
121811,2.1703E+18,2,3,1,302,2017,3,20,5,3,0,5,0,1,0,1,0,2,1,5.63075E+20,5.93696E+21,9.95264E+15,5.35777E+16
121812,2.1703E+18,2,2,4,213,2017,3,11,5,3,5,6,1,1,0,0,0,0,1,5.61808E+20,5.93429E+21,9.93299E+15,5.35539E+16
121813,2.1703E+18,2,2,1,203,2017,3,10,5,1,6,4,0,1,1,0,0,0,1,5.62303E+20,5.93363E+21,9.94032E+15,5.35478E+16
121814,2.1703E+18,2,1,1,102,2017,3,9,5,3,4,2,1,1,0,0,0,0,1,5.65707E+20,5.93382E+21,9.99174E+15,5.35492E+16
121815,2.1703E+18,2,1,5,114,2017,3,11,5,2,0,1,0,0,0,1,0,0,1,5.66656E+20,5.93484E+21,1.00063E+16,5.35582E+16
121816,2.1703E+18,2,1,20,141,2017,3,21,4,3,0,7,1,0,0,0,0,2,0,5.57593E+20,5.93202E+21,9.86895E+15,5.35339E+16
121817,2.1703E+18,2,6,2,602,2017,3,20,4,3,1,5,0,1,0,0,0,2,1,5.8029E+20,5.9275E+21,1.02102E+16,5.34904E+16
121818,2.1703E+18,2,5,2,508,2017,3,18,4,3,5,2,0,1,0,0,0,2,0,5.72824E+20,5.93801E+21,1.01001E+16,5.35858E+16
121819,2.1703E+18,2,5,7,515,2017,3,13,4,2,5,3,1,1,0,0,0,0,0,5.70773E+20,5.93959E+21,1.00695E+16,5.36004E+16
121820,2.1703E+18,2,5,7,515,2017,3,15,4,3,6,4,0,1,1,0,0,0,0,5.72086E+20,5.94157E+21,1.00898E+16,5.3618E+16
121821,2.1703E+18,2,5,17,525,2017,3,8,4,3,3,6,1,0,0,0,1,0,0,5.76953E+20,5.94538E+21,1.01643E+16,5.36515E+16
121822,2.1703E+18,2,4,13,432,2017,3,19,4,3,1,5,1,1,0,0,0,2,0,5.67566E+20,5.94642E+21,1.00225E+16,5.36622E+16
121823,2.1703E+18,2,4,5,413,2017,3,18,4,3,6,3,0,1,1,0,0,1,0,5.66862E+20,5.93775E+21,1.001E+16,5.35843E+16
121824,2.1703E+18,2,4,6,415,2017,3,18,4,3,5,2,0,1,0,0,0,2,0,5.67309E+20,5.9359E+21,1.00163E+16,5.35676E+16
121825,2.1703E+18,2,3,7,319,2017,3,14,4,3,5,2,1,0,0,0,1,0,0,5.59405E+20,5.94219E+21,9.89822E+15,5.36251E+16
121826,2.1703E+18,2,4,2,405,2017,3,17,4,3,6,4,0,1,1,0,0,0,0,5.65586E+20,5.93933E+21,9.99107E+15,5.35987E+16
121827,2.1703E+18,2,2,4,213,2017,3,17,4,3,0,5,1,1,0,0,0,1,0,5.61841E+20,5.93422E+21,9.93347E+15,5.35532E+16
121828,2.1703E+18,2,3,2,312,2017,3,19,4,3,5,7,0,1,0,1,0,2,0,5.65502E+20,5.93523E+21,9.98894E+15,5.35619E+16
121829,2.1703E+18,2,1,5,114,2017,3,19,4,3,6,4,0,1,1,0,0,2,0,5.66886E+20,5.93402E+21,1.00096E+16,5.35508E+16
121830,2.17023E+18,2,1,19,140,2017,2,15,3,3,2,6,0,1,0,0,0,0,0,5.60611E+20,5.92993E+21,9.91408E+15,5.35148E+16
121831,2.17023E+18,2,7,4,705,2017,2,21,3,3,5,3,0,1,0,0,0,2,1,5.66215E+20,5.92199E+21,9.9969E+15,5.34428E+16
121832,2.17023E+18,2,7,1,701,2017,2,19,3,2,6,7,0,1,1,0,0,2,1,5.64772E+20,5.92391E+21,9.97558E+15,5.34602E+16
121833,2.17023E+18,2,1,16,137,2017,2,13,3,3,6,4,0,1,1,0,0,0,1,5.65072E+20,5.93072E+21,9.98151E+15,5.35213E+16
121834,2.17023E+18,2,1,16,136,2017,2,8,3,3,2,2,0,1,0,0,0,0,0,5.67711E+20,5.92609E+21,1.00203E+16,5.34794E+16
121835,2.17023E+18,2,6,1,601,2017,2,8,3,3,1,6,0,1,0,0,0,0,0,5.80138E+20,5.92813E+21,1.0208E+16,5.3496E+16
121836,2.17023E+18,2,1,11,129,2017,2,19,3,3,6,2,0,1,1,0,0,2,1,5.72213E+20,5.93447E+21,1.00901E+16,5.35542E+16
121837,2.17023E+18,2,1,12,130,2017,2,9,3,2,4,6,0,1,0,0,0,0,0,5.73791E+20,5.93491E+21,1.0114E+16,5.35579E+16
121838,2.17032E+18,2,2,9,221,2017,3,11,7,3,2,6,0,1,0,0,0,0,0,5.56093E+20,5.93687E+21,9.84719E+15,5.35777E+16
121839,2.17023E+18,2,5,4,512,2017,2,6,3,2,6,4,0,1,1,0,0,0,1,5.75545E+20,5.93784E+21,1.01412E+16,5.3584E+16
121840,2.17023E+18,2,5,18,526,2017,2,12,3,3,6,7,0,1,1,0,0,0,0,5.76625E+20,5.94026E+21,1.01581E+16,5.36056E+16
121841,2.17032E+18,2,7,7,708,2017,3,14,6,3,6,4,0,1,1,0,0,0,0,5.6403E+20,5.91984E+21,9.96357E+15,5.34237E+16
121842,2.17032E+18,2,7,2,703,2017,3,12,6,3,1,6,0,1,0,0,1,0,0,5.67111E+20,5.92404E+21,1.00108E+16,5.34611E+16
121843,2.17023E+18,2,5,8,516,2017,2,14,3,3,4,2,0,1,0,0,0,0,0,5.7027E+20,5.94052E+21,1.00621E+16,5.36088E+16
121844,2.17023E+18,2,5,8,516,2017,2,5,3,3,5,2,0,1,0,0,0,2,1,5.69952E+20,5.94049E+21,1.00573E+16,5.36085E+16
121845,2.17023E+18,2,4,11,430,2017,2,7,3,3,6,7,0,1,1,0,0,0,0,5.69361E+20,5.94292E+21,1.00489E+16,5.36304E+16
121846,2.17023E+18,2,5,12,520,2017,2,17,3,3,5,3,1,1,0,0,0,0,0,5.69479E+20,5.94474E+21,1.00511E+16,5.36468E+16
121847,2.17023E+18,2,4,5,408,2017,2,13,3,3,2,6,0,0,0,0,1,0,1,5.67825E+20,5.93958E+21,1.00249E+16,5.36006E+16
121848,2.17023E+18,2,5,1,503,2017,2,21,3,3,0,3,0,1,0,0,1,2,1,5.69644E+20,5.93557E+21,1.00515E+16,5.35644E+16
121849,2.17023E+18,2,4,6,415,2017,2,7,3,3,0,7,1,0,0,0,1,0,0,5.68139E+20,5.93628E+21,1.0029E+16,5.35709E+16
121850,2.17023E+18,2,4,8,421,2017,2,13,3,3,6,4,0,1,1,0,0,0,1,5.68918E+20,5.93732E+21,1.0041E+16,5.35802E+16
121851,2.17023E+18,2,2,5,217,2017,2,6,3,3,1,6,0,1,0,0,0,0,1,5.59429E+20,5.93561E+21,9.89734E+15,5.3566E+16
121852,2.17023E+18,2,3,5,317,2017,2,10,3,3,2,6,0,1,0,0,1,0,0,5.62985E+20,5.9393E+21,9.95176E+15,5.35987E+16
121853,2.17023E+18,2,2,3,210,2017,2,13,3,3,4,2,1,1,0,0,0,0,0,5.62677E+20,5.93521E+21,9.94629E+15,5.3562E+16
121854,2.17023E+18,2,3,2,312,2017,2,10,3,3,5,3,0,1,0,0,1,0,0,5.65466E+20,5.93643E+21,9.98864E+15,5.35726E+16
121855,2.17023E+18,2,1,1,101,2017,2,8,3,3,6,4,0,1,1,0,0,0,0,5.66642E+20,5.93394E+21,1.00059E+16,5.35501E+16
121856,2.17023E+18,2,1,19,140,2017,2,14,2,3,2,6,0,1,0,0,0,0,0,5.59286E+20,5.93006E+21,9.89412E+15,5.35161E+16
121857,2.17023E+18,2,7,1,702,2017,2,13,2,3,6,4,0,0,1,0,1,0,0,5.65365E+20,5.92379E+21,9.98448E+15,5.3459E+16
121858,2.17032E+18,2,1,16,137,2017,3,10,6,3,5,3,1,1,0,0,0,0,0,5.65637E+20,5.93022E+21,9.98992E+15,5.35168E+16
121859,2.17032E+18,2,6,5,606,2017,3,21,6,3,4,6,0,1,0,0,0,2,1,5.82115E+20,5.92168E+21,1.02361E+16,5.34377E+16
121860,2.17032E+18,2,1,14,132,2017,3,11,6,3,0,7,0,1,0,0,1,0,0,5.7043E+20,5.93184E+21,1.00626E+16,5.35308E+16
121861,2.17023E+18,2,7,10,711,2017,2,6,2,3,4,2,0,1,0,1,0,2,0,5.61411E+20,5.92575E+21,9.92532E+15,5.34771E+16
121862,2.17023E+18,2,1,12,130,2017,2,15,2,2,6,4,0,1,1,0,0,0,0,5.7437E+20,5.93198E+21,1.0122E+16,5.35315E+16
121863,2.17032E+18,2,5,6,514,2017,3,20,6,3,1,6,0,1,0,0,1,2,1,5.7396E+20,5.94038E+21,1.01178E+16,5.3607E+16
121864,2.17023E+18,2,1,8,123,2017,2,9,2,3,5,3,1,1,0,0,0,0,0,5.70254E+20,5.9353E+21,1.00607E+16,5.35619E+16
121865,2.17023E+18,2,4,10,429,2017,2,14,2,3,6,6,1,0,1,0,0,0,0,5.68966E+20,5.93974E+21,1.00422E+16,5.36019E+16
121866,2.17023E+18,2,5,12,520,2017,2,9,2,2,5,3,1,1,0,0,0,0,0,5.69041E+20,5.94423E+21,1.00444E+16,5.36423E+16
121867,2.17023E+18,2,5,17,525,2017,2,15,2,3,0,3,0,1,0,0,1,0,0,5.76554E+20,5.94562E+21,1.01583E+16,5.36537E+16
121868,2.17023E+18,2,4,10,427,2017,2,8,2,3,3,2,1,1,0,0,0,0,0,5.68992E+20,5.93831E+21,1.00423E+16,5.3589E+16
121869,2.17023E+18,2,2,5,215,2017,2,19,2,3,5,3,1,1,0,0,0,2,0,5.60952E+20,5.9353E+21,9.92026E+15,5.3563E+16
121870,2.17023E+18,2,3,7,319,2017,2,19,2,3,2,7,0,1,0,0,0,2,0,5.60886E+20,5.94253E+21,9.92068E+15,5.36281E+16
121871,2.17023E+18,2,2,4,211,2017,2,16,2,3,1,5,1,1,0,0,0,0,0,5.61652E+20,5.93462E+21,9.9307E+15,5.35568E+16
121872,2.17023E+18,2,2,4,214,2017,2,8,2,3,3,6,1,1,0,0,0,0,0,5.61482E+20,5.93378E+21,9.92796E+15,5.35493E+16
121873,2.17023E+18,2,3,2,312,2017,2,17,2,3,2,6,1,0,0,0,0,1,0,5.66081E+20,5.93479E+21,9.99759E+15,5.35578E+16
121874,2.17023E+18,2,3,1,309,2017,2,21,2,3,6,4,1,0,1,0,0,2,1,5.63932E+20,5.93572E+21,9.96533E+15,5.35665E+16
121875,2.17023E+18,2,1,1,101,2017,2,16,2,3,2,6,0,1,0,0,0,0,0,5.66147E+20,5.93465E+21,9.99854E+15,5.35565E+16
121876,2.17023E+18,2,1,3,106,2017,2,8,2,3,5,3,1,1,0,0,0,0,0,5.64882E+20,5.93456E+21,9.97944E+15,5.35559E+16
121877,2.17023E+18,2,1,5,114,2017,2,17,2,3,2,6,0,1,0,0,0,1,0,5.66734E+20,5.93489E+21,1.00075E+16,5.35587E+16
121878,2.17023E+18,2,1,5,113,2017,2,18,2,3,2,6,0,1,0,0,0,2,0,5.67168E+20,5.93523E+21,1.00141E+16,5.35617E+16
121879,2.17023E+18,2,1,12,130,2017,2,13,1,3,8,1,0,1,0,0,0,0,1,5.74455E+20,5.93277E+21,1.01235E+16,5.35385E+16
121880,2.17023E+18,2,5,5,513,2017,2,19,1,3,5,2,0,1,0,0,0,2,0,5.74417E+20,5.93828E+21,1.01242E+16,5.35881E+16
121881,2.17023E+18,2,5,7,515,2017,2,2,1,3,6,4,0,1,1,0,0,2,1,5.71221E+20,5.94133E+21,1.00767E+16,5.3616E+16
121882,2.17032E+18,2,5,4,512,2017,3,12,6,3,3,6,0,1,0,0,1,0,0,5.74688E+20,5.93729E+21,1.01281E+16,5.35792E+16
121883,2.17032E+18,2,4,9,424,2017,3,19,6,3,6,3,0,1,1,0,0,2,1,5.70236E+20,5.93698E+21,1.00608E+16,5.3577E+16
121884,2.17023E+18,2,3,9,321,2017,2,16,1,3,4,2,0,1,0,0,0,2,1,5.61492E+20,5.93855E+21,9.92905E+15,5.35922E+16
121885,2.17023E+18,2,2,11,223,2017,2,7,1,3,7,1,0,1,0,0,0,1,1,5.52227E+20,5.93545E+21,9.78857E+15,5.35653E+16
121886,2.17023E+18,2,2,5,215,2017,2,1,1,3,5,2,1,1,0,0,0,2,1,5.61444E+20,5.93498E+21,9.92763E+15,5.35601E+16
121887,2.17023E+18,2,3,7,319,2017,2,17,1,3,0,7,1,0,0,0,1,1,1,5.61023E+20,5.94295E+21,9.92283E+15,5.36318E+16
121888,2.17023E+18,2,3,2,311,2017,2,14,1,3,2,6,0,1,0,0,0,0,1,5.64799E+20,5.93549E+21,9.97838E+15,5.35643E+16
121889,2.17023E+18,2,3,3,313,2017,2,13,1,3,6,4,0,0,1,0,1,0,1,5.64775E+20,5.93635E+21,9.9782E+15,5.3572E+16
121890,2.17023E+18,2,1,1,101,2017,2,17,1,3,6,7,0,1,1,0,0,2,1,5.66561E+20,5.93431E+21,1.00047E+16,5.35535E+16
121891,2.17032E+18,2,5,7,515,2017,3,11,6,3,2,2,0,1,0,1,0,0,0,5.71581E+20,5.94189E+21,1.00822E+16,5.36209E+16
121892,2.17023E+18,2,7,9,710,2017,2,16,7,3,0,6,0,1,0,0,1,0,1,5.62838E+20,5.92331E+21,9.94633E+15,5.34551E+16
121893,2.17023E+18,2,7,4,705,2017,2,15,7,3,5,3,0,1,0,1,0,0,1,5.6561E+20,5.92281E+21,9.98796E+15,5.34502E+16
121894,2.17032E+18,2,5,12,520,2017,3,20,6,3,6,2,0,1,1,0,0,2,1,5.68623E+20,5.94416E+21,1.0038E+16,5.36417E+16
121895,2.17023E+18,2,4,13,432,2017,2,21,7,3,5,3,0,1,0,0,0,2,1,5.67538E+20,5.94634E+21,1.00221E+16,5.36614E+16
121896,2.17023E+18,2,4,11,430,2017,2,14,7,2,3,6,1,1,0,0,0,0,1,5.67535E+20,5.94214E+21,1.00211E+16,5.36237E+16
121897,2.17023E+18,2,4,7,416,2017,2,20,7,3,0,6,0,1,0,0,1,2,1,5.67354E+20,5.9353E+21,1.00169E+16,5.35623E+16
121898,2.17023E+18,2,2,9,221,2017,2,9,7,2,1,6,1,1,0,0,0,0,1,5.56005E+20,5.9353E+21,9.84558E+15,5.35636E+16
121899,2.17023E+18,2,2,5,217,2017,2,5,7,3,4,2,0,1,0,0,1,2,2,5.59499E+20,5.93616E+21,9.89849E+15,5.3571E+16
121900,2.17023E+18,2,1,3,108,2017,2,20,7,3,6,2,0,1,1,0,0,2,1,5.65681E+20,5.93433E+21,9.99144E+15,5.35538E+16
121901,2.17023E+18,2,1,5,114,2017,2,1,7,3,6,7,0,1,1,0,0,2,1,5.67101E+20,5.93442E+21,1.00129E+16,5.35544E+16
121902,2.17023E+18,2,1,19,140,2017,2,13,7,3,8,1,0,0,0,0,1,0,1,5.61411E+20,5.93011E+21,9.92617E+15,5.35163E+16
121903,2.17022E+18,2,7,10,711,2017,2,6,6,3,6,4,0,0,1,0,1,1,1,5.63044E+20,5.92416E+21,9.9496E+15,5.34627E+16
121904,2.17022E+18,2,7,4,705,2017,2,16,6,3,1,5,1,1,0,0,0,0,1,5.66508E+20,5.92202E+21,1.00013E+16,5.3443E+16
121905,2.17022E+18,2,7,10,711,2017,2,20,6,3,6,2,0,1,1,0,0,2,1,5.63467E+20,5.92431E+21,9.95601E+15,5.34639E+16
121906,2.17022E+18,2,1,12,130,2017,2,6,6,3,0,3,0,1,0,1,0,2,1,5.73434E+20,5.93534E+21,1.01087E+16,5.35618E+16
121907,2.17022E+18,2,5,3,510,2017,2,5,6,3,2,6,0,1,0,0,0,2,1,5.70963E+20,5.93641E+21,1.00716E+16,5.35717E+16
121908,2.17022E+18,2,5,3,510,2017,2,9,6,3,4,2,0,1,0,0,0,0,1,5.71285E+20,5.93587E+21,1.00764E+16,5.35669E+16
121909,2.17022E+18,2,5,2,509,2017,2,14,6,3,6,4,0,1,1,0,0,0,0,5.71144E+20,5.9388E+21,1.00749E+16,5.35932E+16
121910,2.17022E+18,2,5,11,519,2017,2,18,6,2,6,2,0,0,1,0,1,2,1,5.71205E+20,5.94545E+21,1.00774E+16,5.3653E+16
121911,2.17022E+18,2,4,3,406,2017,2,12,6,3,4,2,0,1,0,0,0,0,0,5.66265E+20,5.94153E+21,1.00018E+16,5.36184E+16
121912,2.17022E+18,2,4,6,414,2017,2,12,6,3,2,6,0,1,0,0,0,0,0,5.67185E+20,5.9368E+21,1.00147E+16,5.35758E+16
121913,2.17022E+18,2,2,9,221,2017,2,18,6,2,6,3,0,1,1,0,0,2,0,5.56071E+20,5.93651E+21,9.8468E+15,5.35745E+16
121914,2.17022E+18,2,2,10,222,2017,2,13,6,3,2,6,0,1,0,1,0,0,0,5.56175E+20,5.93378E+21,9.84787E+15,5.35499E+16
121915,2.17022E+18,2,1,1,101,2017,2,12,6,3,5,3,1,1,0,0,0,0,0,5.66319E+20,5.93457E+21,1.00011E+16,5.35558E+16
121916,2.17022E+18,2,1,1,101,2017,2,9,6,3,2,6,0,1,0,0,0,0,0,5.6663E+20,5.93375E+21,1.00057E+16,5.35484E+16
121917,2.17022E+18,2,1,5,114,2017,2,14,6,3,6,4,0,1,1,0,0,0,0,5.67373E+20,5.93449E+21,1.0017E+16,5.3555E+16
121918,2.17022E+18,2,1,5,114,2017,2,9,6,3,0,4,0,0,1,0,1,0,1,5.66969E+20,5.93473E+21,1.0011E+16,5.35572E+16