OBJECTID,UIDENTSTLA,ULAND,UREGBEZ,UKREIS,UGEMEINDE,UJAHR,UMONAT,USTUNDE,UWOCHENTAG,UKATEGORIE,UART,UTYP1,IstRad,IstPKW,IstFuss,IstKrad,IstSonstig,LICHT,STRZUSTAND,LINREFX,LINREFY,XGCSWGS84,YGCSWGS84
122090,2.17041E+18,2,1,14,133,2017,4,16,5,2,4,2,0,1,0,1,0,0,0,5.68665E+20,5.93238E+21,1.0036E+16,5.35359E+16
122091,2.17041E+18,2,5,7,515,2017,4,12,5,2,4,2,1,1,0,0,0,0,0,5.70626E+20,5.94048E+21,1.00675E+16,5.36084E+16
122092,2.17041E+18,2,5,9,517,2017,4,11,5,3,0,4,0,1,1,0,0,0,0,5.72526E+20,5.9442E+21,1.0097E+16,5.36415E+16
122093,2.17032E+18,2,4,3,406,2017,3,9,4,3,2,6,0,1,0,0,0,0,0,5.64848E+20,5.9402E+21,9.9801E+15,5.36066E+16
122094,2.17041E+18,2,5,9,517,2017,4,12,5,3,5,2,1,0,0,0,1,0,0,5.71375E+20,5.94413E+21,1.00796E+16,5.3641E+16
122095,2.17032E+18,2,2,1,204,2017,3,18,4,3,5,2,0,1,0,1,0,1,0,5.62638E+20,5.93464E+21,9.94558E+15,5.35569E+16
122096,2.17041E+18,2,4,13,432,2017,4,15,5,3,6,4,0,1,1,0,0,0,0,5.6718E+20,5.94782E+21,1.0017E+16,5.36748E+16
122097,2.17041E+18,2,4,3,406,2017,4,7,5,3,5,3,0,1,0,1,0,0,0,5.66063E+20,5.94164E+21,9.99876E+15,5.36194E+16
122098,2.17041E+18,2,4,6,414,2017,4,10,5,3,0,7,1,0,0,0,0,0,0,5.66911E+20,5.9369E+21,1.00106E+16,5.35767E+16
122099,2.17041E+18,2,5,1,504,2017,4,16,5,3,1,6,0,1,0,0,0,0,0,5.70156E+20,5.93623E+21,1.00594E+16,5.35703E+16
122100,2.17041E+18,2,2,5,216,2017,4,13,5,3,5,7,0,1,0,0,0,0,0,5.60257E+20,5.93564E+21,9.90984E+15,5.35662E+16
122101,2.17041E+18,2,3,6,318,2017,4,13,5,3,5,3,0,1,0,0,0,0,0,5.63307E+20,5.9406E+21,9.95688E+15,5.36104E+16
122102,2.17041E+18,2,2,3,209,2017,4,8,5,3,5,3,1,1,0,0,0,0,0,5.62406E+20,5.93558E+21,9.94227E+15,5.35654E+16
122103,2.17041E+18,2,3,2,312,2017,4,9,5,3,4,2,0,1,0,1,0,0,0,5.65463E+20,5.93625E+21,9.98856E+15,5.3571E+16
122104,2.17041E+18,2,3,1,310,2017,4,23,5,3,4,2,0,1,0,1,0,2,0,5.6376E+20,5.93549E+21,9.96269E+15,5.35644E+16
122105,2.17041E+18,2,1,1,101,2017,4,10,5,3,4,2,0,1,0,0,0,0,0,5.66297E+20,5.93454E+21,1.00008E+16,5.35556E+16
122106,2.17041E+18,2,1,3,108,2017,4,14,5,3,0,2,1,0,0,0,0,0,0,5.6553E+20,5.93449E+21,9.9892E+15,5.35552E+16
122107,2.17041E+18,2,1,19,140,2017,4,9,5,2,3,6,0,1,0,0,1,0,0,5.61207E+20,5.93006E+21,9.92308E+15,5.35159E+16
122108,2.17041E+18,2,6,1,601,2017,4,13,4,3,0,7,0,1,1,0,0,0,0,5.80204E+20,5.9279E+21,1.0209E+16,5.3494E+16
122109,2.17041E+18,2,6,3,604,2017,4,14,4,2,2,6,0,1,0,0,1,0,0,5.81847E+20,5.92348E+21,1.02326E+16,5.3454E+16
122110,2.17041E+18,2,1,11,129,2017,4,7,4,3,5,3,1,1,0,0,0,0,0,5.73127E+20,5.93439E+21,1.01038E+16,5.35533E+16
122111,2.17041E+18,2,5,18,526,2017,4,13,4,3,2,6,0,1,0,0,0,0,1,5.76078E+20,5.93809E+21,1.01493E+16,5.35862E+16
122112,2.17041E+18,2,5,18,526,2017,4,8,4,3,4,6,0,1,0,1,0,0,0,5.75346E+20,5.9397E+21,1.01386E+16,5.36007E+16
122113,2.17041E+18,2,5,4,512,2017,4,21,4,3,1,5,0,1,0,0,1,2,1,5.74217E+20,5.93638E+21,1.01208E+16,5.3571E+16
122114,2.17041E+18,2,5,4,512,2017,4,20,4,3,6,2,0,1,1,0,0,2,1,5.75112E+20,5.93684E+21,1.01344E+16,5.3575E+16
122115,2.17041E+18,2,5,1,502,2017,4,11,4,3,5,3,0,1,0,0,0,0,0,5.69611E+20,5.93639E+21,1.00512E+16,5.35718E+16
122116,2.17041E+18,2,4,10,427,2017,4,9,4,3,1,5,1,1,0,0,0,0,0,5.69241E+20,5.93858E+21,1.00461E+16,5.35915E+16
122117,2.17041E+18,2,3,9,321,2017,4,7,4,3,1,6,0,1,0,0,0,0,0,5.62295E+20,5.9364E+21,9.94076E+15,5.35728E+16
122118,2.17041E+18,2,3,7,319,2017,4,13,4,2,6,4,0,1,1,0,0,0,0,5.6092E+20,5.94301E+21,9.92128E+15,5.36324E+16
122119,2.17032E+18,2,3,2,312,2017,3,8,4,3,5,3,1,0,0,0,1,0,0,5.65207E+20,5.93547E+21,9.98454E+15,5.35641E+16
122120,2.17032E+18,2,1,4,112,2017,3,22,4,3,5,3,0,1,0,0,0,2,0,5.63703E+20,5.93349E+21,9.96142E+15,5.35464E+16
122121,2.17032E+18,2,7,12,713,2017,3,16,3,3,1,6,0,1,0,0,1,0,0,5.60483E+20,5.92968E+21,9.9121E+15,5.35125E+16
122122,2.17032E+18,2,7,13,714,2017,3,14,3,3,5,3,1,1,0,0,0,0,0,5.58453E+20,5.92582E+21,9.88076E+15,5.34781E+16
122123,2.17041E+18,2,3,5,317,2017,4,7,4,3,5,3,1,1,0,0,0,0,0,5.6234E+20,5.93934E+21,9.94202E+15,5.35991E+16
122124,2.17032E+18,2,7,15,716,2017,3,15,3,3,1,6,0,1,0,0,0,0,0,5.56972E+20,5.92909E+21,9.85905E+15,5.35077E+16
122125,2.17032E+18,2,7,7,708,2017,3,7,3,2,5,2,1,1,0,0,0,0,1,5.65174E+20,5.91993E+21,9.9808E+15,5.34244E+16
122126,2.17041E+18,2,3,1,303,2017,4,8,4,3,6,4,0,0,1,1,0,0,0,5.62902E+20,5.93661E+21,9.94996E+15,5.35745E+16
122127,2.17041E+18,2,2,1,202,2017,4,16,4,3,0,7,1,0,0,0,0,0,0,5.62665E+20,5.93325E+21,9.94571E+15,5.35444E+16
122128,2.17041E+18,2,2,3,208,2017,4,23,4,3,6,7,1,0,1,0,0,2,0,5.63187E+20,5.93516E+21,9.95398E+15,5.35615E+16
122129,2.1704E+18,2,7,4,705,2017,4,13,3,3,2,6,1,1,0,0,0,0,0,5.65574E+20,5.92278E+21,9.98742E+15,5.345E+16
122130,2.1704E+18,2,6,2,602,2017,4,14,3,3,4,2,0,1,0,1,0,0,0,5.78294E+20,5.9282E+21,1.01803E+16,5.34969E+16
122131,2.1704E+18,2,1,12,130,2017,4,18,3,3,5,7,1,1,0,0,0,0,0,5.72791E+20,5.93307E+21,1.00985E+16,5.35415E+16
122132,2.1704E+18,2,1,8,124,2017,4,16,3,3,1,6,0,1,0,0,0,0,0,5.69636E+20,5.93456E+21,1.00512E+16,5.35553E+16
122133,2.1704E+18,2,1,8,126,2017,4,15,3,3,0,3,1,0,0,0,1,0,0,5.69081E+20,5.93394E+21,1.00427E+16,5.35498E+16
122134,2.1704E+18,2,1,6,116,2017,4,17,3,3,2,6,0,1,0,0,0,0,0,5.67908E+20,5.93343E+21,1.00249E+16,5.35454E+16
122135,2.1704E+18,2,5,18,526,2017,4,11,3,3,2,6,0,1,0,0,0,0,0,5.78586E+20,5.94056E+21,1.01878E+16,5.3608E+16
122136,2.1704E+18,2,5,5,513,2017,4,12,3,3,5,2,1,1,0,0,0,0,0,5.74388E+20,5.93735E+21,1.01236E+16,5.35797E+16
122137,2.17032E+18,2,1,16,136,2017,3,12,3,3,5,3,0,1,0,0,0,0,0,5.6732E+20,5.93043E+21,1.00153E+16,5.35185E+16
122138,2.1704E+18,2,5,18,526,2017,4,15,3,3,0,7,1,0,0,0,0,0,0,5.76874E+20,5.94019E+21,1.01618E+16,5.36049E+16
122139,2.1704E+18,2,5,18,526,2017,4,14,3,3,5,3,1,1,0,0,0,0,0,5.76878E+20,5.94265E+21,1.01625E+16,5.3627E+16
122140,2.17032E+18,2,1,16,137,2017,3,6,3,3,2,6,0,1,0,0,1,0,0,5.66188E+20,5.92827E+21,9.99782E+15,5.34992E+16
122141,2.1704E+18,2,4,9,424,2017,4,14,3,3,0,2,1,1,0,0,0,0,0,5.69988E+20,5.93734E+21,1.00571E+16,5.35802E+16
122142,2.17032E+18,2,1,12,130,2017,3,11,3,3,2,2,0,1,0,0,0,0,0,5.73329E+20,5.93269E+21,1.01065E+16,5.3538E+16
122143,2.1704E+18,2,5,3,510,2017,4,17,3,3,6,2,0,1,1,0,0,0,0,5.71089E+20,5.93574E+21,1.00734E+16,5.35657E+16
122144,2.1704E+18,2,4,11,430,2017,4,19,3,3,4,6,0,1,0,0,0,1,0,5.68612E+20,5.94075E+21,1.00371E+16,5.36111E+16
122145,2.1704E+18,2,5,7,515,2017,4,13,3,3,5,2,1,1,0,0,0,0,0,5.70896E+20,5.94019E+21,1.00715E+16,5.36057E+16
122146,2.1704E+18,2,5,7,515,2017,4,13,3,3,1,6,0,1,0,0,0,0,0,5.70664E+20,5.9405E+21,1.00681E+16,5.36085E+16
122147,2.1704E+18,2,5,7,515,2017,4,15,3,3,4,2,1,1,0,0,0,0,0,5.71224E+20,5.9411E+21,1.00767E+16,5.36139E+16
122148,2.1704E+18,2,5,16,524,2017,4,16,3,3,1,6,0,1,0,0,0,0,0,5.73761E+20,5.94637E+21,1.01162E+16,5.36608E+16
122149,2.1704E+18,2,5,16,524,2017,4,15,3,3,5,3,0,1,0,0,0,0,0,5.7565E+20,5.9473E+21,1.0145E+16,5.3669E+16
122150,2.1704E+18,2,4,8,418,2017,4,16,3,3,3,6,1,0,0,0,0,0,0,5.68071E+20,5.93626E+21,1.00279E+16,5.35708E+16
122151,2.1704E+18,2,4,10,426,2017,4,12,3,3,3,7,1,0,0,0,0,0,0,5.6935E+20,5.93776E+21,1.00476E+16,5.35841E+16
122152,2.1704E+18,2,5,1,501,2017,4,20,3,3,1,6,0,1,0,0,0,2,0,5.68537E+20,5.93555E+21,1.00348E+16,5.35644E+16
122153,2.1704E+18,2,2,8,220,2017,4,7,3,3,1,7,1,1,0,0,0,0,0,5.57833E+20,5.93913E+21,9.87389E+15,5.35978E+16
122154,2.1704E+18,2,3,6,318,2017,4,13,3,3,2,6,0,1,0,0,1,0,0,5.63542E+20,5.94292E+21,9.96091E+15,5.36312E+16
122155,2.1704E+18,2,3,1,303,2017,4,18,3,3,6,4,1,1,1,0,0,0,0,5.62472E+20,5.93679E+21,9.94351E+15,5.35763E+16
122156,2.1704E+18,2,3,1,309,2017,4,11,3,3,1,6,0,1,0,0,0,0,0,5.64293E+20,5.93587E+21,9.97082E+15,5.35677E+16
122157,2.17032E+18,2,1,7,120,2017,3,19,3,3,2,2,0,1,0,0,0,2,0,5.6848E+20,5.9348E+21,1.00338E+16,5.35577E+16
122158,2.17032E+18,2,1,14,132,2017,3,9,3,3,0,5,0,1,0,0,1,0,0,5.70427E+20,5.93184E+21,1.00625E+16,5.35308E+16
122159,2.17032E+18,2,1,14,132,2017,3,8,3,2,5,3,0,1,0,0,1,0,0,5.70696E+20,5.93237E+21,1.00667E+16,5.35355E+16
122160,2.1704E+18,2,1,1,101,2017,4,12,3,3,2,6,0,1,0,0,0,0,0,5.66453E+20,5.93439E+21,1.00031E+16,5.35542E+16
122161,2.1704E+18,2,1,3,108,2017,4,3,3,3,5,3,0,1,0,0,0,2,0,5.65532E+20,5.93483E+21,9.9893E+15,5.35583E+16
122162,2.17032E+18,2,5,6,514,2017,3,9,3,3,2,6,0,1,0,0,0,0,0,5.73434E+20,5.93884E+21,1.01095E+16,5.35932E+16
122163,2.1704E+18,2,7,12,713,2017,4,10,2,2,8,1,0,0,0,1,0,0,0,5.59418E+20,5.92885E+21,9.89589E+15,5.35052E+16
122164,2.17032E+18,2,5,18,526,2017,3,10,3,3,6,4,0,1,1,0,0,0,0,5.75423E+20,5.94264E+21,1.01405E+16,5.36271E+16
122165,2.1704E+18,2,7,4,705,2017,4,18,2,2,2,6,0,1,0,0,0,0,0,5.65554E+20,5.92145E+21,9.98684E+15,5.3438E+16
122166,2.1704E+18,2,1,16,137,2017,4,22,2,3,4,2,1,1,0,0,0,2,0,5.65481E+20,5.93027E+21,9.98758E+15,5.35173E+16
122167,2.1704E+18,2,1,16,137,2017,4,13,2,3,0,3,1,0,0,0,1,0,0,5.65777E+20,5.92868E+21,9.99171E+15,5.35029E+16
122168,2.1704E+18,2,6,2,602,2017,4,11,2,3,5,3,1,1,0,0,0,0,0,5.78198E+20,5.9281E+21,1.01788E+16,5.3496E+16
122169,2.1704E+18,2,1,12,130,2017,4,15,2,3,2,6,0,1,0,0,0,0,0,5.74797E+20,5.93531E+21,1.01293E+16,5.35614E+16
122170,2.1704E+18,2,5,6,514,2017,4,15,2,3,1,6,0,1,0,0,0,0,0,5.73562E+20,5.94197E+21,1.01122E+16,5.36214E+16
122171,2.1704E+18,2,4,13,432,2017,4,17,2,3,2,2,0,1,0,0,1,0,0,5.66382E+20,5.94587E+21,1.00045E+16,5.36574E+16
122172,2.1704E+18,2,4,4,407,2017,4,5,2,1,5,3,0,1,0,1,0,2,0,5.67384E+20,5.94116E+21,1.00186E+16,5.36149E+16
122173,2.1704E+18,2,5,1,501,2017,4,20,2,2,5,3,0,1,0,0,0,2,0,5.69039E+20,5.93567E+21,1.00424E+16,5.35654E+16
122174,2.1704E+18,2,4,10,427,2017,4,13,2,2,0,5,0,1,0,1,1,0,0,5.69316E+20,5.93774E+21,1.00471E+16,5.35839E+16
122175,2.1704E+18,2,4,7,416,2017,4,16,2,3,2,6,0,1,0,0,0,0,0,5.67274E+20,5.9354E+21,1.00157E+16,5.35632E+16
122176,2.1704E+18,2,2,8,220,2017,4,17,2,3,5,3,1,1,0,0,0,0,0,5.57467E+20,5.93886E+21,9.86831E+15,5.35954E+16
122177,2.1704E+18,2,2,7,219,2017,4,21,2,3,5,2,0,1,0,0,0,2,0,5.58966E+20,5.93345E+21,9.88993E+15,5.35466E+16
122178,2.17032E+18,2,5,7,515,2017,3,15,3,3,5,3,0,1,0,0,0,0,0,5.7153E+20,5.94165E+21,1.00814E+16,5.36188E+16
122179,2.17032E+18,2,4,4,407,2017,3,8,3,3,5,3,1,1,0,0,0,0,0,5.67071E+20,5.94164E+21,1.0014E+16,5.36192E+16
122180,2.1704E+18,2,3,5,317,2017,4,16,2,3,5,2,1,1,0,0,0,0,0,5.62692E+20,5.93877E+21,9.94723E+15,5.3594E+16
122181,2.17032E+18,2,4,8,419,2017,3,8,3,3,5,3,1,1,0,0,0,0,0,5.67983E+20,5.93735E+21,1.00268E+16,5.35806E+16
122182,2.17032E+18,2,2,14,227,2017,3,18,3,3,5,3,1,1,0,0,0,1,0,5.51407E+20,5.93705E+21,9.77645E+15,5.35797E+16
122183,2.17032E+18,2,3,3,313,2017,3,13,3,3,0,7,0,1,0,1,0,0,0,5.64483E+20,5.93656E+21,9.97383E+15,5.35739E+16
122184,2.17032E+18,2,1,1,102,2017,3,12,3,3,2,6,0,1,0,0,0,0,0,5.65805E+20,5.93335E+21,9.99311E+15,5.35449E+16
122185,2.17032E+18,2,1,1,101,2017,3,8,3,3,2,6,0,1,0,0,0,0,0,5.66278E+20,5.93456E+21,1.00005E+16,5.35558E+16
122186,2.1704E+18,2,2,4,213,2017,4,5,2,3,5,3,1,0,0,0,1,2,0,5.61276E+20,5.93395E+21,9.92489E+15,5.35509E+16
122187,2.1704E+18,2,2,3,210,2017,4,12,2,3,5,2,0,0,0,0,1,0,0,5.62134E+20,5.93421E+21,9.93789E+15,5.35531E+16
122188,2.1704E+18,2,3,3,313,2017,4,17,2,3,5,2,1,1,0,0,0,0,0,5.65809E+20,5.93645E+21,9.99383E+15,5.35728E+16
122189,2.1704E+18,2,1,4,111,2017,4,17,2,3,3,2,1,1,0,0,0,0,0,5.64444E+20,5.93434E+21,9.97278E+15,5.3554E+16
122190,2.1704E+18,2,1,5,114,2017,4,17,2,3,0,3,0,1,0,0,1,1,0,5.66687E+20,5.93396E+21,1.00066E+16,5.35503E+16
122191,2.1704E+18,2,1,1,101,2017,4,16,2,3,3,2,0,1,0,0,0,0,0,5.66311E+20,5.93455E+21,1.0001E+16,5.35556E+16
122192,2.1704E+18,2,7,1,702,2017,4,19,1,2,1,5,1,1,0,0,0,0,0,5.65221E+20,5.92337E+21,9.98223E+15,5.34553E+16
122193,2.1704E+18,2,6,1,601,2017,4,15,1,3,2,6,0,1,0,0,0,0,0,5.80452E+20,5.92904E+21,1.0213E+16,5.35041E+16
122194,2.1704E+18,2,5,4,512,2017,4,11,1,3,2,6,0,1,0,0,0,0,0,5.74482E+20,5.9364E+21,1.01248E+16,5.35712E+16
122195,2.1704E+18,2,5,5,513,2017,4,8,1,2,5,3,0,1,0,0,0,0,0,5.74459E+20,5.93807E+21,1.01248E+16,5.35862E+16
122196,2.1704E+18,2,5,7,515,2017,4,13,1,3,5,3,0,1,0,0,0,0,0,5.71848E+20,5.94183E+21,1.00862E+16,5.36203E+16
122197,2.1704E+18,2,5,11,519,2017,4,12,1,3,1,7,1,1,0,0,0,0,0,5.71111E+20,5.94584E+21,1.0076E+16,5.36564E+16
122198,2.1704E+18,2,5,1,502,2017,4,18,1,3,3,6,0,1,0,0,0,0,0,5.69369E+20,5.93644E+21,1.00476E+16,5.35722E+16
122199,2.1704E+18,2,4,10,426,2017,4,15,1,3,2,6,0,1,0,0,0,0,0,5.69907E+20,5.93861E+21,1.00562E+16,5.35917E+16
122200,2.1704E+18,2,2,5,216,2017,4,18,1,3,6,7,0,1,1,0,0,0,0,5.60004E+20,5.93599E+21,9.90608E+15,5.35694E+16
122201,2.1704E+18,2,1,4,112,2017,4,12,1,3,2,6,0,1,0,1,0,0,0,5.64101E+20,5.93347E+21,9.96742E+15,5.35462E+16
122202,2.1704E+18,2,1,5,113,2017,4,1,1,2,6,4,0,1,1,0,0,2,1,5.67603E+20,5.93475E+21,1.00206E+16,5.35573E+16
122203,2.1704E+18,2,1,16,137,2017,4,13,7,3,6,4,0,1,1,0,0,0,0,5.65406E+20,5.93032E+21,9.98646E+15,5.35177E+16
122204,2.1704E+18,2,1,16,137,2017,4,11,7,2,5,3,0,1,0,1,0,0,0,5.6584E+20,5.92969E+21,9.99287E+15,5.3512E+16
122205,2.1704E+18,2,1,12,130,2017,4,19,7,3,6,3,0,0,1,0,1,1,1,5.73429E+20,5.93547E+21,1.01087E+16,5.3563E+16
122206,2.1704E+18,2,1,13,131,2017,4,16,7,3,4,2,0,1,0,1,0,0,0,5.70914E+20,5.93136E+21,1.00698E+16,5.35264E+16
122207,2.1704E+18,2,5,2,509,2017,4,20,7,2,4,6,1,0,0,0,0,2,0,5.71074E+20,5.93773E+21,1.00736E+16,5.35836E+16
122208,2.1704E+18,2,4,10,429,2017,4,21,7,2,0,7,1,0,0,0,0,2,0,5.69066E+20,5.93976E+21,1.00437E+16,5.36021E+16
122209,2.1704E+18,2,5,10,518,2017,4,12,7,2,1,6,0,1,0,0,0,0,0,5.73023E+20,5.94521E+21,1.01048E+16,5.36505E+16
122210,2.1704E+18,2,4,13,432,2017,4,13,7,3,3,6,0,1,0,0,1,0,0,5.6624E+20,5.94625E+21,1.00024E+16,5.36608E+16
122211,2.1704E+18,2,4,10,427,2017,4,21,7,3,2,6,0,1,0,0,0,2,0,5.69415E+20,5.93822E+21,1.00487E+16,5.35882E+16
122212,2.17032E+18,2,6,10,611,2017,3,7,2,3,5,3,1,1,0,0,0,0,1,5.77069E+20,5.92926E+21,1.01621E+16,5.35066E+16
122213,2.17032E+18,2,5,18,526,2017,3,18,2,3,1,7,0,1,0,0,0,2,1,5.75215E+20,5.94047E+21,1.01368E+16,5.36077E+16
122214,2.1704E+18,2,5,1,502,2017,4,20,7,2,5,3,0,1,0,1,0,2,0,5.69613E+20,5.93639E+21,1.00512E+16,5.35717E+16
122215,2.1704E+18,2,3,5,317,2017,4,18,7,3,0,5,0,1,0,0,0,0,0,5.63114E+20,5.93962E+21,9.95378E+15,5.36016E+16
122216,2.1704E+18,2,2,1,206,2017,4,23,7,3,3,2,1,1,0,0,0,2,0,5.62899E+20,5.93485E+21,9.94956E+15,5.35587E+16
122217,2.1704E+18,2,1,4,112,2017,4,23,7,3,6,3,1,0,1,0,0,2,0,5.6381E+20,5.9335E+21,9.96304E+15,5.35465E+16
122218,2.1704E+18,2,1,1,102,2017,4,13,7,3,6,4,1,0,1,0,0,0,0,5.65964E+20,5.93399E+21,9.99565E+15,5.35506E+16
122219,2.1704E+18,2,1,1,101,2017,4,0,7,3,2,6,0,1,0,0,0,2,0,5.66022E+20,5.93426E+21,9.99657E+15,5.35531E+16
122220,2.17033E+18,2,7,14,715,2017,3,17,6,3,0,5,0,1,0,1,0,0,0,5.57535E+20,5.9254E+21,9.86686E+15,5.34744E+16
122221,2.17033E+18,2,7,14,715,2017,3,20,6,3,3,7,0,1,0,0,0,2,0,5.57879E+20,5.92568E+21,9.87209E+15,5.34769E+16
122222,2.17033E+18,2,7,1,702,2017,3,18,6,3,0,2,0,0,0,0,1,0,0,5.65195E+20,5.92428E+21,9.98203E+15,5.34635E+16
122223,2.17033E+18,2,6,11,612,2017,3,15,6,2,5,2,0,1,0,1,0,0,0,5.71678E+20,5.92871E+21,1.00807E+16,5.35025E+16
122224,2.17033E+18,2,6,2,603,2017,3,9,6,3,1,6,0,1,0,0,1,0,0,5.80144E+20,5.92638E+21,1.02077E+16,5.34803E+16
122225,2.17032E+18,2,5,7,515,2017,3,16,2,3,3,2,0,1,0,0,0,0,0,5.71831E+20,5.94157E+21,1.00859E+16,5.3618E+16
122226,2.17033E+18,2,1,11,129,2017,3,22,6,3,6,4,0,1,1,0,0,2,0,5.72123E+20,5.93438E+21,1.00887E+16,5.35533E+16
122227,2.17032E+18,2,5,10,518,2017,3,12,2,3,1,6,0,1,0,0,0,0,1,5.73623E+20,5.94553E+21,1.01139E+16,5.36534E+16
122228,2.17033E+18,2,1,8,124,2017,3,19,6,2,5,3,1,1,0,0,0,1,0,5.69063E+20,5.93457E+21,1.00425E+16,5.35554E+16
122229,2.17033E+18,2,5,18,526,2017,3,16,6,2,5,3,1,1,0,0,0,0,0,5.76966E+20,5.9385E+21,1.01628E+16,5.35897E+16
122230,2.17033E+18,2,5,6,514,2017,3,7,6,3,5,3,1,1,0,0,0,0,0,5.73787E+20,5.93907E+21,1.01149E+16,5.35952E+16
122231,2.17033E+18,2,5,2,505,2017,3,14,6,3,1,5,0,1,0,0,0,0,0,5.7041E+20,5.9366E+21,1.00633E+16,5.35736E+16
122232,2.17033E+18,2,4,10,429,2017,3,10,6,3,3,7,0,1,0,0,1,0,0,5.68789E+20,5.94015E+21,1.00396E+16,5.36056E+16
122233,2.17033E+18,2,4,13,432,2017,3,18,6,3,0,7,0,1,0,0,1,0,0,5.66456E+20,5.9449E+21,1.00054E+16,5.36487E+16
122234,2.17033E+18,2,4,10,427,2017,3,22,6,2,0,1,0,0,0,1,0,2,0,5.6855E+20,5.93853E+21,1.00357E+16,5.35911E+16
122235,2.17033E+18,2,2,9,221,2017,3,8,6,3,6,4,0,1,1,0,0,0,0,5.57367E+20,5.93535E+21,9.86615E+15,5.35638E+16
122236,2.17033E+18,2,3,6,318,2017,3,18,6,3,3,6,0,1,0,0,1,0,0,5.63003E+20,5.94154E+21,9.95249E+15,5.36188E+16
122237,2.17033E+18,2,3,7,319,2017,3,9,6,3,4,2,0,1,0,0,0,0,0,5.60811E+20,5.94357E+21,9.91975E+15,5.36373E+16
122238,2.17033E+18,2,4,2,405,2017,3,11,6,3,2,6,0,1,0,0,0,0,0,5.64543E+20,5.93964E+21,9.97537E+15,5.36016E+16
122239,2.17033E+18,2,3,2,311,2017,3,13,6,2,6,4,0,1,1,0,0,0,0,5.65104E+20,5.93561E+21,9.983E+15,5.35653E+16
122240,2.17033E+18,2,3,2,311,2017,3,11,6,3,5,3,0,0,0,1,1,0,0,5.64837E+20,5.93611E+21,9.97908E+15,5.35698E+16
122241,2.17033E+18,2,1,5,114,2017,3,18,6,3,4,2,1,1,0,0,0,0,0,5.67454E+20,5.93423E+21,1.00182E+16,5.35526E+16
122242,2.17033E+18,2,7,16,717,2017,3,20,5,2,4,6,0,1,0,0,0,1,0,5.5481E+20,5.92964E+21,9.82654E+15,5.35128E+16
122243,2.17033E+18,2,7,2,703,2017,3,17,5,3,4,2,0,1,0,1,0,0,0,5.66118E+20,5.92441E+21,9.99595E+15,5.34646E+16
122244,2.17032E+18,2,5,10,518,2017,3,18,2,3,6,4,0,1,1,0,0,0,1,5.73584E+20,5.94553E+21,1.01134E+16,5.36534E+16
122245,2.17033E+18,2,6,9,610,2017,3,15,5,3,5,3,0,1,0,0,0,0,0,5.73117E+20,5.92792E+21,1.01022E+16,5.34952E+16
122246,2.17033E+18,2,1,12,130,2017,3,7,5,3,5,3,0,0,0,1,1,0,1,5.72936E+20,5.93294E+21,1.01006E+16,5.35403E+16
122247,2.17032E+18,2,4,5,408,2017,3,13,2,3,2,6,0,1,0,0,0,0,1,5.67993E+20,5.94021E+21,1.00276E+16,5.36063E+16
122248,2.17032E+18,2,4,5,408,2017,3,10,2,3,2,6,0,1,0,0,0,0,1,5.67826E+20,5.93976E+21,1.0025E+16,5.36023E+16
122249,2.17033E+18,2,1,14,132,2017,3,6,5,2,4,2,0,1,0,0,1,0,1,5.69411E+20,5.93297E+21,1.00474E+16,5.3541E+16
122250,2.17033E+18,2,1,6,115,2017,3,6,5,3,3,7,0,1,0,1,0,1,1,5.67466E+20,5.93379E+21,1.00183E+16,5.35487E+16
122251,2.17033E+18,2,5,18,526,2017,3,17,5,3,1,6,0,1,0,0,0,0,0,5.76047E+20,5.94182E+21,1.01497E+16,5.36196E+16
122252,2.17033E+18,2,5,2,508,2017,3,17,5,3,5,3,0,1,0,0,0,0,0,5.72789E+20,5.93694E+21,1.00993E+16,5.35762E+16
122253,2.17033E+18,2,4,11,430,2017,3,7,5,2,5,3,1,1,0,0,0,0,1,5.6837E+20,5.94176E+21,1.00337E+16,5.36202E+16
122254,2.17033E+18,2,4,5,408,2017,3,13,5,3,6,7,1,0,1,0,0,0,0,5.67085E+20,5.94004E+21,1.00139E+16,5.36049E+16
122255,2.17033E+18,2,4,7,416,2017,3,17,5,3,0,6,0,1,0,0,1,0,0,5.67486E+20,5.93561E+21,1.0019E+16,5.35651E+16
122256,2.17033E+18,2,4,8,422,2017,3,7,5,3,4,7,0,1,0,0,0,0,0,5.68619E+20,5.93669E+21,1.00363E+16,5.35746E+16
122257,2.17033E+18,2,3,9,321,2017,3,15,5,3,1,7,0,1,0,0,0,0,0,5.60838E+20,5.93881E+21,9.91922E+15,5.35946E+16
122258,2.17033E+18,2,3,9,321,2017,3,18,5,3,5,3,1,1,0,0,0,0,0,5.61946E+20,5.93632E+21,9.93547E+15,5.35721E+16
122259,2.17033E+18,2,1,16,137,2017,3,14,5,3,5,3,1,1,0,0,0,0,0,5.62473E+20,5.93074E+21,9.94231E+15,5.35219E+16
122260,2.17033E+18,2,7,7,708,2017,3,17,4,3,3,7,0,1,0,0,0,0,1,5.64539E+20,5.91994E+21,9.97125E+15,5.34246E+16
122261,2.17033E+18,2,1,16,136,2017,3,16,4,3,6,4,0,1,1,0,0,0,0,5.67604E+20,5.92666E+21,1.00188E+16,5.34846E+16