OBJECTID,UIDENTSTLA,ULAND,UREGBEZ,UKREIS,UGEMEINDE,UJAHR,UMONAT,USTUNDE,UWOCHENTAG,UKATEGORIE,UART,UTYP1,IstRad,IstPKW,IstFuss,IstKrad,IstSonstig,LICHT,STRZUSTAND,LINREFX,LINREFY,XGCSWGS84,YGCSWGS84
122777,2.17042E+18,2,2,8,220,2017,4,18,4,3,5,3,1,1,0,0,0,0,0,5.56453E+20,5.93862E+21,9.85295E+15,5.35933E+16
122778,2.17042E+18,2,3,6,318,2017,4,7,4,3,2,6,0,1,0,0,0,0,0,5.63259E+20,5.94076E+21,9.9562E+15,5.36118E+16
122779,2.17042E+18,2,3,7,319,2017,4,12,4,3,6,4,0,1,1,0,0,0,0,5.60781E+20,5.94325E+21,9.91923E+15,5.36345E+16
122780,2.17042E+18,2,4,2,403,2017,4,12,4,3,0,7,1,0,0,0,0,0,0,5.65196E+20,5.93839E+21,9.98498E+15,5.35903E+16
122781,2.17042E+18,2,3,3,313,2017,4,6,4,3,5,3,1,0,0,0,0,0,0,5.64622E+20,5.93703E+21,9.97603E+15,5.35781E+16
122782,2.17042E+18,2,2,1,201,2017,4,8,4,3,6,7,0,1,1,0,0,0,0,5.63258E+20,5.93373E+21,9.95475E+15,5.35486E+16
122783,2.17042E+18,2,1,16,137,2017,4,19,3,3,5,3,1,1,0,0,0,0,0,5.65393E+20,5.93012E+21,9.98622E+15,5.3516E+16
122784,2.17042E+18,2,1,16,137,2017,4,16,3,3,5,3,0,1,0,0,0,0,0,5.65335E+20,5.92858E+21,9.98503E+15,5.35021E+16
122785,2.17042E+18,2,6,2,603,2017,4,17,3,2,6,4,1,0,1,0,0,0,0,5.81045E+20,5.92646E+21,1.02213E+16,5.34809E+16
122786,2.17042E+18,2,6,14,615,2017,4,21,3,3,0,7,1,1,0,0,0,2,1,5.78164E+20,5.92689E+21,1.0178E+16,5.34852E+16
122787,2.17042E+18,2,5,18,526,2017,4,7,3,3,5,3,1,1,0,0,0,0,1,5.75897E+20,5.94096E+21,1.01472E+16,5.3612E+16
122788,2.17041E+18,2,3,2,311,2017,4,14,4,3,6,4,1,0,1,0,0,0,1,5.64708E+20,5.93605E+21,9.97712E+15,5.35694E+16
122789,2.17041E+18,2,3,2,312,2017,4,9,4,3,1,5,1,0,0,0,1,0,1,5.66277E+20,5.93574E+21,1.00007E+16,5.35663E+16
122790,2.17042E+18,2,4,9,424,2017,4,23,3,3,3,2,0,1,0,0,0,2,0,5.69878E+20,5.9376E+21,1.00555E+16,5.35826E+16
122791,2.17042E+18,2,4,9,425,2017,4,17,3,3,3,6,0,1,0,0,0,0,0,5.70575E+20,5.93787E+21,1.00661E+16,5.35849E+16
122792,2.17041E+18,2,1,4,109,2017,4,15,4,3,3,6,1,0,0,0,1,0,1,5.6427E+20,5.9347E+21,9.97022E+15,5.35573E+16
122793,2.17042E+18,2,5,7,515,2017,4,18,3,3,2,6,0,1,0,0,0,0,0,5.71656E+20,5.94204E+21,1.00834E+16,5.36223E+16
122794,2.17041E+18,2,1,1,101,2017,4,21,4,3,3,6,0,1,0,0,0,2,1,5.66619E+20,5.93419E+21,1.00056E+16,5.35523E+16
122795,2.17042E+18,2,5,7,515,2017,4,20,3,3,4,7,1,1,0,0,0,0,0,5.73736E+20,5.94304E+21,1.01151E+16,5.3631E+16
122796,2.17042E+18,2,4,11,430,2017,4,16,3,3,1,6,0,1,0,0,0,0,0,5.68373E+20,5.94035E+21,1.00334E+16,5.36075E+16
122797,2.17041E+18,2,1,1,101,2017,4,15,4,3,4,2,1,1,0,0,0,0,1,5.66657E+20,5.93392E+21,1.00061E+16,5.355E+16
122798,2.17042E+18,2,4,5,411,2017,4,7,3,3,5,2,1,1,0,0,0,0,0,5.68388E+20,5.93809E+21,1.00331E+16,5.35872E+16
122799,2.17042E+18,2,4,6,415,2017,4,7,3,3,4,2,1,1,0,0,0,0,0,5.68648E+20,5.93629E+21,1.00367E+16,5.3571E+16
122800,2.17042E+18,2,4,7,416,2017,4,14,3,3,1,6,0,1,0,0,0,0,0,5.67358E+20,5.93553E+21,1.0017E+16,5.35643E+16
122801,2.17042E+18,2,2,11,224,2017,4,11,3,3,5,3,0,1,0,1,0,0,0,5.54034E+20,5.93567E+21,9.81589E+15,5.35671E+16
122802,2.17042E+18,2,2,8,220,2017,4,18,3,3,1,6,0,1,0,0,0,0,0,5.58072E+20,5.93819E+21,9.87733E+15,5.35893E+16
122803,2.17042E+18,2,2,8,220,2017,4,8,3,3,2,6,0,1,0,0,1,0,0,5.57785E+20,5.9384E+21,9.87302E+15,5.35912E+16
122804,2.17042E+18,2,3,1,306,2017,4,15,3,3,0,2,1,1,0,0,0,0,0,5.63247E+20,5.9367E+21,9.9552E+15,5.35753E+16
122805,2.17042E+18,2,4,2,404,2017,4,11,3,3,5,7,1,0,0,0,1,0,0,5.65456E+20,5.93846E+21,9.98892E+15,5.35909E+16
122806,2.17042E+18,2,3,1,305,2017,4,14,3,3,1,6,0,1,0,0,0,0,0,5.63797E+20,5.93693E+21,9.96354E+15,5.35773E+16
122807,2.17042E+18,2,3,1,307,2017,4,19,3,3,5,3,1,1,0,0,0,0,0,5.63399E+20,5.93612E+21,9.95737E+15,5.35701E+16
122808,2.17042E+18,2,3,5,317,2017,4,18,3,3,5,3,1,1,0,0,0,0,0,5.6329E+20,5.93784E+21,9.95608E+15,5.35856E+16
122809,2.17042E+18,2,2,1,206,2017,4,9,3,2,5,3,1,0,0,0,1,0,0,5.6275E+20,5.93513E+21,9.94737E+15,5.35613E+16
122810,2.17042E+18,2,3,1,309,2017,4,21,3,3,6,4,0,1,1,0,0,2,0,5.6452E+20,5.93605E+21,9.97427E+15,5.35693E+16
122811,2.17042E+18,2,6,1,601,2017,4,18,2,3,5,3,1,1,0,0,0,0,1,5.80319E+20,5.92944E+21,1.02111E+16,5.35077E+16
122812,2.17041E+18,2,7,1,702,2017,4,16,4,3,2,6,0,1,0,0,0,0,1,5.65299E+20,5.92454E+21,9.98364E+15,5.34658E+16
122813,2.17053E+18,2,4,10,426,2017,5,16,6,3,4,2,0,1,0,0,0,0,0,5.69593E+20,5.93806E+21,1.00513E+16,5.35867E+16
122814,2.17053E+18,2,5,1,501,2017,5,13,2,2,0,7,1,1,0,0,0,0,0,5.69134E+20,5.93598E+21,1.00439E+16,5.35681E+16
122815,2.17053E+18,2,3,9,321,2017,5,12,6,3,3,6,0,1,0,1,0,0,0,5.60855E+20,5.93923E+21,9.91957E+15,5.35984E+16
122816,2.17053E+18,2,1,1,102,2017,5,12,3,3,3,7,0,1,0,0,0,0,0,5.65531E+20,5.93333E+21,9.98898E+15,5.35448E+16
122817,2.17053E+18,2,2,7,219,2017,5,21,6,3,5,7,1,0,0,0,1,0,0,5.57716E+20,5.93436E+21,9.87124E+15,5.35549E+16
122818,2.17053E+18,2,5,12,520,2017,5,15,3,3,5,3,1,1,0,0,0,0,0,5.68321E+20,5.94502E+21,1.00336E+16,5.36494E+16
122819,2.17053E+18,2,3,5,317,2017,5,12,6,3,6,3,0,0,1,0,1,0,0,5.63988E+20,5.93981E+21,9.96702E+15,5.36032E+16
122820,2.17053E+18,2,4,2,403,2017,5,15,6,3,5,3,1,1,0,0,0,0,0,5.65176E+20,5.93806E+21,9.98461E+15,5.35873E+16
122821,2.17053E+18,2,1,20,141,2017,5,16,3,3,5,3,1,0,0,0,1,0,1,5.57846E+20,5.93236E+21,9.87284E+15,5.3537E+16
122822,2.17053E+18,2,1,5,114,2017,5,16,6,3,1,5,0,1,0,0,0,0,0,5.67205E+20,5.93422E+21,1.00144E+16,5.35525E+16
122823,2.17053E+18,2,5,1,503,2017,5,15,4,2,5,3,1,1,0,0,0,0,0,5.69499E+20,5.93599E+21,1.00494E+16,5.35681E+16
122824,2.17053E+18,2,7,16,717,2017,5,13,5,3,5,3,1,1,0,0,0,0,0,5.51767E+20,5.93052E+21,9.78081E+15,5.3521E+16
122825,2.17053E+18,2,1,11,129,2017,5,6,4,3,5,3,1,1,0,0,0,0,0,5.72251E+20,5.93441E+21,1.00906E+16,5.35536E+16
122826,2.17053E+18,2,1,20,141,2017,5,3,5,2,4,1,0,1,0,0,0,2,0,5.5586E+20,5.93228E+21,9.84285E+15,5.35365E+16
122827,2.17053E+18,2,6,1,601,2017,5,23,5,3,0,7,1,0,0,0,0,2,0,5.80272E+20,5.92851E+21,1.02101E+16,5.34994E+16
122828,2.17053E+18,2,5,18,526,2017,5,17,5,3,0,7,1,0,0,0,1,0,0,5.76197E+20,5.9396E+21,1.01514E+16,5.35997E+16
122829,2.17053E+18,2,5,5,513,2017,5,20,5,3,4,2,0,1,0,0,0,0,0,5.72832E+20,5.9379E+21,1.01002E+16,5.35849E+16
122830,2.17053E+18,2,4,11,430,2017,5,16,5,3,3,2,1,0,0,1,0,0,0,5.68546E+20,5.9428E+21,1.00366E+16,5.36295E+16
122831,2.17053E+18,2,2,10,222,2017,5,12,5,2,5,2,0,1,0,1,0,0,0,5.56757E+20,5.93364E+21,9.85663E+15,5.35486E+16
122832,2.17053E+18,2,3,2,312,2017,5,14,5,3,5,3,1,1,0,0,0,0,0,5.66041E+20,5.93649E+21,9.99734E+15,5.35731E+16
122833,2.17052E+18,2,7,1,702,2017,5,8,4,2,6,3,1,0,1,0,0,0,0,5.65189E+20,5.92361E+21,9.98179E+15,5.34574E+16
122834,2.17052E+18,2,6,2,602,2017,5,19,4,3,5,2,0,1,0,0,0,0,0,5.78533E+20,5.9275E+21,1.01837E+16,5.34906E+16
122835,2.17052E+18,2,1,12,130,2017,5,15,4,3,5,3,0,1,0,0,0,0,0,5.7353E+20,5.93271E+21,1.01095E+16,5.35381E+16
122836,2.17053E+18,2,1,3,108,2017,5,19,7,3,5,3,0,1,0,0,0,0,0,5.65785E+20,5.93476E+21,9.9931E+15,5.35576E+16
122837,2.17052E+18,2,1,12,130,2017,5,10,4,3,3,2,1,0,0,0,1,0,0,5.7309E+20,5.93323E+21,1.0103E+16,5.35429E+16
122838,2.17052E+18,2,1,8,121,2017,5,8,4,3,5,3,0,1,0,1,0,0,0,5.69244E+20,5.9349E+21,1.00453E+16,5.35584E+16
122839,2.17053E+18,2,4,13,432,2017,5,7,7,3,1,5,1,1,0,0,0,0,0,5.67147E+20,5.94777E+21,1.00165E+16,5.36744E+16
122840,2.17052E+18,2,5,18,526,2017,5,18,4,3,3,6,1,1,0,0,0,0,0,5.76776E+20,5.93982E+21,1.01602E+16,5.36016E+16
122841,2.17052E+18,2,5,6,514,2017,5,15,4,3,5,3,0,1,0,0,0,0,0,5.74586E+20,5.94206E+21,1.01277E+16,5.3622E+16
122842,2.17053E+18,2,4,9,425,2017,5,20,1,3,5,2,1,1,0,0,0,0,0,5.70758E+20,5.93743E+21,1.00688E+16,5.35809E+16
122843,2.17052E+18,2,5,18,526,2017,5,17,4,3,5,3,0,1,0,1,0,0,0,5.7778E+20,5.94043E+21,1.01756E+16,5.36069E+16
122844,2.17053E+18,2,4,4,407,2017,5,13,2,3,3,2,0,1,0,0,1,0,0,5.6554E+20,5.93977E+21,9.99046E+15,5.36027E+16
122845,2.17052E+18,2,5,2,507,2017,5,16,4,3,2,6,0,1,0,0,0,0,0,5.70839E+20,5.93712E+21,1.00699E+16,5.35781E+16
122846,2.17053E+18,2,5,4,512,2017,5,10,2,3,5,3,1,1,0,0,0,0,0,5.73876E+20,5.93639E+21,1.01156E+16,5.35711E+16
122847,2.17052E+18,2,5,2,508,2017,5,9,4,2,2,7,0,1,0,0,0,0,0,5.72193E+20,5.93713E+21,1.00904E+16,5.35781E+16
122848,2.17052E+18,2,4,9,425,2017,5,13,4,3,5,3,0,1,0,1,0,0,0,5.70501E+20,5.93723E+21,1.00648E+16,5.35792E+16
122849,2.17052E+18,2,5,11,519,2017,5,16,4,3,5,3,1,1,0,0,0,0,0,5.70357E+20,5.94727E+21,1.00649E+16,5.36694E+16
122850,2.17052E+18,2,4,10,427,2017,5,19,4,2,5,2,1,1,0,0,0,0,0,5.69185E+20,5.9384E+21,1.00452E+16,5.35898E+16
122851,2.17052E+18,2,2,12,225,2017,5,17,4,3,5,3,1,1,0,0,0,0,0,5.54448E+20,5.93756E+21,9.82247E+15,5.35841E+16
122852,2.17052E+18,2,2,5,215,2017,5,14,4,3,5,3,1,1,0,0,0,0,0,5.61287E+20,5.93507E+21,9.92528E+15,5.35609E+16
122853,2.17052E+18,2,2,1,203,2017,5,12,4,3,5,3,0,1,0,0,1,0,0,5.62526E+20,5.93392E+21,9.94374E+15,5.35504E+16
122854,2.17052E+18,2,7,1,702,2017,5,12,3,3,4,6,0,1,0,0,0,0,0,5.64991E+20,5.92399E+21,9.97888E+15,5.34609E+16
122855,2.17052E+18,2,5,18,526,2017,5,20,3,3,5,3,1,1,0,0,0,0,0,5.76223E+20,5.93964E+21,1.01518E+16,5.36001E+16
122856,2.17052E+18,2,5,2,505,2017,5,17,3,3,1,5,1,1,0,0,0,0,0,5.70469E+20,5.93645E+21,1.00642E+16,5.35722E+16
122857,2.17053E+18,2,5,2,508,2017,5,22,1,3,3,7,0,1,0,0,0,2,0,5.73005E+20,5.93727E+21,1.01027E+16,5.35792E+16
122858,2.17052E+18,2,5,2,506,2017,5,16,3,3,2,6,0,1,0,1,0,0,0,5.70801E+20,5.93732E+21,1.00694E+16,5.358E+16
122859,2.17053E+18,2,3,1,303,2017,5,11,2,3,5,2,0,1,0,0,0,0,0,5.62339E+20,5.93697E+21,9.94154E+15,5.35779E+16
122860,2.17052E+18,2,4,13,432,2017,5,7,3,3,5,3,1,1,0,0,0,0,0,5.67544E+20,5.94634E+21,1.00222E+16,5.36614E+16
122861,2.17053E+18,2,5,6,514,2017,5,16,2,3,3,2,1,1,0,0,0,0,0,5.74203E+20,5.94022E+21,1.01215E+16,5.36055E+16
122862,2.17052E+18,2,4,13,432,2017,5,14,3,3,5,3,1,1,0,0,0,0,0,5.67382E+20,5.94545E+21,1.00195E+16,5.36534E+16
122863,2.17053E+18,2,3,1,306,2017,5,18,3,3,3,2,1,1,0,0,0,0,1,5.63247E+20,5.9367E+21,9.95519E+15,5.35753E+16
122864,2.17052E+18,2,4,4,407,2017,5,8,3,3,5,3,1,1,0,0,0,0,0,5.66707E+20,5.94104E+21,1.00084E+16,5.36139E+16
122865,2.17053E+18,2,1,11,129,2017,5,13,3,3,2,6,0,0,0,0,1,0,0,5.71533E+20,5.93529E+21,1.008E+16,5.35616E+16
122866,2.17053E+18,2,2,4,211,2017,5,21,4,3,1,7,0,1,0,0,0,1,0,5.6149E+20,5.93457E+21,9.92824E+15,5.35564E+16
122867,2.17052E+18,2,4,6,415,2017,5,16,3,3,6,7,0,1,1,0,1,0,0,5.67391E+20,5.93602E+21,1.00176E+16,5.35687E+16
122868,2.17052E+18,2,4,8,420,2017,5,16,3,3,5,3,0,1,0,0,0,0,0,5.6812E+20,5.93631E+21,1.00287E+16,5.35712E+16
122869,2.17052E+18,2,5,1,502,2017,5,18,3,3,5,2,1,1,0,0,0,0,0,5.69771E+20,5.93607E+21,1.00536E+16,5.35689E+16
122870,2.17052E+18,2,3,5,317,2017,5,19,3,3,2,6,0,1,0,0,0,0,0,5.62726E+20,5.93753E+21,9.94749E+15,5.35829E+16
122871,2.17052E+18,2,3,8,320,2017,5,15,3,3,6,6,1,0,1,0,0,0,1,5.59896E+20,5.9403E+21,9.90528E+15,5.36081E+16
122872,2.17052E+18,2,3,7,319,2017,5,17,3,3,8,7,0,1,0,0,0,0,0,5.61069E+20,5.9437E+21,9.92367E+15,5.36385E+16
122873,2.17052E+18,2,3,5,317,2017,5,15,3,3,6,3,1,0,1,0,0,0,1,5.62652E+20,5.93934E+21,9.94673E+15,5.35992E+16
122874,2.17052E+18,2,3,4,315,2017,5,23,3,3,0,7,0,0,0,1,0,2,0,5.64611E+20,5.93708E+21,9.97587E+15,5.35786E+16
122875,2.17052E+18,2,2,1,203,2017,5,19,3,3,5,3,1,1,0,0,0,0,0,5.62258E+20,5.93375E+21,9.93966E+15,5.3549E+16
122876,2.17052E+18,2,3,2,312,2017,5,16,3,3,1,5,1,1,0,0,0,0,0,5.66251E+20,5.93584E+21,1.00004E+16,5.35672E+16
122877,2.17052E+18,2,1,4,109,2017,5,18,3,3,6,3,1,0,1,0,0,0,0,5.64637E+20,5.93483E+21,9.9758E+15,5.35584E+16
122878,2.17052E+18,2,1,5,113,2017,5,19,3,3,4,7,1,1,0,0,0,0,0,5.67069E+20,5.93486E+21,1.00125E+16,5.35583E+16
122879,2.17052E+18,2,1,18,139,2017,5,17,3,3,3,2,0,0,0,1,1,0,0,5.64264E+20,5.93173E+21,9.96953E+15,5.35306E+16
122880,2.17052E+18,2,1,18,139,2017,5,14,3,3,1,6,0,1,0,0,1,0,0,5.64024E+20,5.93014E+21,9.96558E+15,5.35163E+16
122881,2.17052E+18,2,7,4,705,2017,5,18,2,3,5,3,0,1,0,0,0,0,0,5.6573E+20,5.9227E+21,9.98975E+15,5.34492E+16
122882,2.17052E+18,2,7,9,710,2017,5,11,2,3,5,3,0,1,0,0,0,0,0,5.62147E+20,5.92338E+21,9.93594E+15,5.34558E+16
122883,2.17052E+18,2,1,15,134,2017,5,12,2,3,1,7,0,1,0,0,0,0,0,5.67508E+20,5.93133E+21,1.00184E+16,5.35265E+16
122884,2.17052E+18,2,1,16,136,2017,5,11,2,3,0,7,0,0,0,1,0,0,0,5.67914E+20,5.92812E+21,1.00238E+16,5.34976E+16
122885,2.17052E+18,2,6,1,601,2017,5,17,2,3,5,3,0,1,0,1,0,0,0,5.8027E+20,5.92968E+21,1.02104E+16,5.35099E+16
122886,2.17052E+18,2,6,1,601,2017,5,15,2,3,3,2,1,0,0,0,1,0,0,5.80089E+20,5.92801E+21,1.02073E+16,5.3495E+16
122887,2.17052E+18,2,1,11,129,2017,5,11,2,2,2,2,0,1,0,0,0,0,0,5.71526E+20,5.93531E+21,1.00799E+16,5.35618E+16
122888,2.17052E+18,2,1,8,123,2017,5,8,2,3,6,7,0,1,1,0,0,0,0,5.70492E+20,5.93507E+21,1.00642E+16,5.35598E+16
122889,2.17052E+18,2,5,5,513,2017,5,14,2,2,6,4,0,1,1,0,0,0,0,5.75169E+20,5.9387E+21,1.01357E+16,5.35917E+16
122890,2.17052E+18,2,5,18,526,2017,5,8,2,3,2,6,0,1,0,0,1,0,0,5.76271E+20,5.94084E+21,1.01529E+16,5.36108E+16
122891,2.17052E+18,2,5,2,506,2017,5,13,2,3,5,3,0,1,0,0,0,0,0,5.71383E+20,5.93743E+21,1.00782E+16,5.35809E+16
122892,2.17053E+18,2,2,5,217,2017,5,15,1,3,3,2,1,1,0,0,0,0,0,5.59038E+20,5.9365E+21,9.89159E+15,5.3574E+16
122893,2.17052E+18,2,4,4,407,2017,5,8,2,3,5,3,0,1,0,1,0,0,0,5.66335E+20,5.94045E+21,1.00026E+16,5.36086E+16
122894,2.17053E+18,2,3,2,312,2017,5,8,2,3,3,6,0,1,0,1,0,0,0,5.65476E+20,5.93577E+21,9.98866E+15,5.35667E+16
122895,2.17052E+18,2,4,8,423,2017,5,17,2,3,1,6,0,1,0,0,0,0,0,5.68835E+20,5.93718E+21,1.00397E+16,5.3579E+16
122896,2.17053E+18,2,5,10,518,2017,5,18,2,3,1,6,0,1,0,1,0,0,0,5.72645E+20,5.94439E+21,1.00989E+16,5.36432E+16
122897,2.17052E+18,2,5,1,504,2017,5,7,2,3,6,4,1,0,1,0,0,0,0,5.70105E+20,5.93621E+21,1.00586E+16,5.35701E+16
122898,2.17053E+18,2,1,3,108,2017,5,19,3,3,2,6,0,1,0,1,0,0,0,5.6517E+20,5.93477E+21,9.98383E+15,5.35578E+16
122899,2.17052E+18,2,5,1,504,2017,5,13,2,3,0,7,1,0,0,0,0,0,0,5.69975E+20,5.93609E+21,1.00567E+16,5.3569E+16
122900,2.17053E+18,2,4,13,432,2017,5,16,3,3,3,6,1,1,0,0,0,0,0,5.6657E+20,5.94853E+21,1.00079E+16,5.36812E+16
122901,2.17052E+18,2,3,9,321,2017,5,15,2,3,3,5,1,1,0,0,0,0,0,5.60988E+20,5.93928E+21,9.92159E+15,5.35988E+16
122902,2.17052E+18,2,3,8,320,2017,5,12,2,3,5,3,0,1,0,0,0,0,0,5.58246E+20,5.94102E+21,9.88048E+15,5.36147E+16
122903,2.17052E+18,2,3,8,320,2017,5,10,2,3,2,6,0,1,0,0,0,0,0,5.59891E+20,5.94031E+21,9.90521E+15,5.36082E+16
122904,2.17052E+18,2,2,8,220,2017,5,11,2,2,0,3,0,1,0,0,1,0,0,5.56447E+20,5.9385E+21,9.85283E+15,5.35923E+16
122905,2.17052E+18,2,2,7,219,2017,5,8,2,3,0,6,1,0,0,0,1,0,0,5.58019E+20,5.93346E+21,9.87565E+15,5.35468E+16
122906,2.17053E+18,2,7,14,715,2017,5,12,6,3,1,5,0,1,0,0,0,0,0,5.56842E+20,5.92421E+21,9.85621E+15,5.34638E+16
122907,2.17052E+18,2,4,2,404,2017,5,15,2,3,6,3,1,0,1,0,0,0,0,5.65609E+20,5.93816E+21,9.99116E+15,5.35881E+16
122908,2.17052E+18,2,3,1,308,2017,5,13,2,3,5,3,1,1,0,0,0,0,0,5.63764E+20,5.93608E+21,9.96287E+15,5.35697E+16
122909,2.17052E+18,2,2,4,214,2017,5,13,2,3,3,2,1,1,0,0,0,0,0,5.61653E+20,5.93382E+21,9.93055E+15,5.35496E+16
122910,2.17053E+18,2,6,2,603,2017,5,11,7,3,5,3,0,1,0,0,0,0,0,5.8018E+20,5.92649E+21,1.02083E+16,5.34813E+16
122911,2.17052E+18,2,3,2,312,2017,5,20,2,3,0,7,0,1,0,0,0,0,0,5.65466E+20,5.93636E+21,9.98862E+15,5.3572E+16
122912,2.17053E+18,2,6,2,602,2017,5,23,1,3,0,7,1,0,0,0,0,2,0,5.79743E+20,5.92692E+21,1.02018E+16,5.34852E+16
122913,2.17052E+18,2,1,3,108,2017,5,16,2,3,1,5,1,1,0,0,0,0,0,5.65825E+20,5.93421E+21,9.99359E+15,5.35526E+16
122914,2.17053E+18,2,2,8,220,2017,5,16,2,3,6,4,0,1,1,0,0,0,0,5.57757E+20,5.93785E+21,9.8725E+15,5.35863E+16
122915,2.17052E+18,2,1,2,104,2017,5,11,2,3,0,6,0,1,0,1,0,0,0,5.66634E+20,5.9329E+21,1.00055E+16,5.35407E+16
122916,2.17053E+18,2,1,12,130,2017,5,16,2,3,5,3,0,1,0,0,1,0,0,5.72842E+20,5.93274E+21,1.00992E+16,5.35385E+16
122917,2.17052E+18,2,1,5,114,2017,5,10,2,2,0,7,0,1,0,0,0,0,0,5.67088E+20,5.93422E+21,1.00127E+16,5.35526E+16
122918,2.17052E+18,2,1,13,131,2017,5,14,1,2,1,5,0,1,0,0,1,0,0,5.72491E+20,5.93074E+21,1.00934E+16,5.35205E+16
122919,2.17053E+18,2,1,11,129,2017,5,18,4,3,2,2,0,1,0,0,0,0,0,5.70941E+20,5.93495E+21,1.0071E+16,5.35586E+16
122920,2.17052E+18,2,1,12,130,2017,5,14,1,3,6,3,0,1,1,0,0,0,0,5.73654E+20,5.93542E+21,1.0112E+16,5.35625E+16
122921,2.17053E+18,2,2,5,215,2017,5,12,2,3,3,2,1,1,0,0,0,0,0,5.61001E+20,5.93582E+21,9.92111E+15,5.35677E+16
122922,2.17052E+18,2,5,11,519,2017,5,19,1,1,5,3,0,1,0,1,0,0,0,5.71497E+20,5.94632E+21,1.0082E+16,5.36607E+16
122923,2.17053E+18,2,7,8,709,2017,5,8,2,3,4,2,0,1,0,0,0,0,0,5.62117E+20,5.92061E+21,9.93494E+15,5.34309E+16
122924,2.17052E+18,2,4,5,409,2017,5,18,1,3,2,6,0,1,0,1,0,0,0,5.67111E+20,5.93882E+21,1.0014E+16,5.35939E+16
122925,2.17053E+18,2,2,8,220,2017,5,7,3,2,3,6,0,0,0,1,1,0,1,5.57533E+20,5.93874E+21,9.86928E+15,5.35944E+16
122926,2.17052E+18,2,4,5,409,2017,5,15,1,3,2,6,0,1,0,0,1,0,0,5.68268E+20,5.93923E+21,1.00316E+16,5.35974E+16
122927,2.17052E+18,2,2,12,225,2017,5,11,1,3,8,1,0,0,0,1,0,0,0,5.54514E+20,5.93694E+21,9.82335E+15,5.35785E+16
122928,2.17053E+18,2,1,16,135,2017,5,6,3,2,9,5,0,1,0,0,1,0,1,5.70406E+20,5.92479E+21,1.00606E+16,5.34674E+16
122929,2.17052E+18,2,2,11,223,2017,5,12,1,3,8,1,1,0,0,0,0,0,0,5.52267E+20,5.93485E+21,9.78908E+15,5.35599E+16
122930,2.17052E+18,2,2,8,220,2017,5,15,1,3,0,3,0,1,0,1,0,0,0,5.57381E+20,5.94013E+21,9.86725E+15,5.36069E+16
122931,2.17052E+18,2,2,2,207,2017,5,3,1,3,6,4,0,1,1,0,0,2,0,5.63674E+20,5.93528E+21,9.96135E+15,5.35625E+16
122932,2.17052E+18,2,1,3,108,2017,5,19,1,3,3,7,0,1,0,1,0,0,0,5.65816E+20,5.93421E+21,9.99346E+15,5.35527E+16
122933,2.17052E+18,2,1,4,112,2017,5,8,1,3,2,6,0,1,0,0,1,0,0,5.63837E+20,5.9335E+21,9.96344E+15,5.35465E+16
122934,2.17052E+18,2,7,1,702,2017,5,18,1,3,2,2,0,1,0,0,1,0,0,5.65294E+20,5.92451E+21,9.98355E+15,5.34655E+16
122935,2.17052E+18,2,7,11,712,2017,5,19,7,3,8,1,0,1,0,0,0,0,0,5.62582E+20,5.92712E+21,9.94324E+15,5.34894E+16
122936,2.17052E+18,2,6,6,607,2017,5,21,7,3,3,6,0,0,0,1,1,1,0,5.79663E+20,5.92123E+21,1.01991E+16,5.34341E+16
122937,2.17052E+18,2,6,2,603,2017,5,18,7,2,6,4,0,1,1,0,0,0,0,5.81804E+20,5.9263E+21,1.02327E+16,5.34793E+16
122938,2.17052E+18,2,1,11,129,2017,5,10,7,3,2,6,0,1,0,0,0,0,0,5.71527E+20,5.9353E+21,1.00799E+16,5.35617E+16
122939,2.17052E+18,2,1,11,129,2017,5,8,7,3,6,4,0,1,1,0,0,0,1,5.7343E+20,5.93541E+21,1.01086E+16,5.35624E+16
122940,2.17052E+18,2,1,8,125,2017,5,23,7,3,1,7,1,1,0,0,0,2,0,5.7071E+20,5.93434E+21,1.00673E+16,5.35532E+16
122941,2.17052E+18,2,1,14,132,2017,5,0,7,3,5,3,0,1,0,0,0,2,1,5.69144E+20,5.93311E+21,1.00434E+16,5.35423E+16
122942,2.17052E+18,2,5,18,526,2017,5,14,7,3,5,3,1,1,0,0,0,0,0,5.77875E+20,5.94014E+21,1.01769E+16,5.36043E+16
122943,2.17052E+18,2,5,4,512,2017,5,20,7,3,4,2,0,1,0,0,1,0,0,5.7447E+20,5.93638E+21,1.01246E+16,5.3571E+16
122944,2.17053E+18,2,6,2,602,2017,5,11,6,3,5,3,0,1,0,0,0,0,0,5.80022E+20,5.92712E+21,1.0206E+16,5.3487E+16
122945,2.17052E+18,2,5,18,526,2017,5,19,7,3,5,3,0,1,0,0,0,0,0,5.75158E+20,5.94115E+21,1.01361E+16,5.36138E+16
122946,2.17052E+18,2,5,18,526,2017,5,12,7,3,0,3,0,1,0,0,1,0,0,5.75241E+20,5.9405E+21,1.01372E+16,5.3608E+16
122947,2.17053E+18,2,4,7,416,2017,5,12,1,3,1,5,1,0,1,0,0,0,0,5.67707E+20,5.93565E+21,1.00223E+16,5.35654E+16
122948,2.17052E+18,2,4,9,425,2017,5,16,7,3,1,6,0,1,0,0,0,0,0,5.70676E+20,5.93762E+21,1.00676E+16,5.35827E+16