OBJECTID,UIDENTSTLA,ULAND,UREGBEZ,UKREIS,UGEMEINDE,UJAHR,UMONAT,USTUNDE,UWOCHENTAG,UKATEGORIE,UART,UTYP1,IstRad,IstPKW,IstFuss,IstKrad,IstSonstig,LICHT,STRZUSTAND,LINREFX,LINREFY,XGCSWGS84,YGCSWGS84
122949,2.17053E+18,2,3,2,311,2017,5,16,2,3,1,5,1,1,0,0,0,0,0,5.649E+20,5.93595E+21,9.97999E+15,5.35684E+16
122950,2.17052E+18,2,4,5,412,2017,5,10,7,3,6,4,1,0,1,0,0,0,0,5.67067E+20,5.93724E+21,1.0013E+16,5.35798E+16
122951,2.17052E+18,2,5,1,501,2017,5,12,7,3,5,3,0,1,0,0,0,0,0,5.68785E+20,5.93604E+21,1.00387E+16,5.35687E+16
122952,2.17052E+18,2,3,8,320,2017,5,11,7,3,0,7,0,0,0,0,1,0,0,5.60032E+20,5.94013E+21,9.9073E+15,5.36065E+16
122953,2.17052E+18,2,2,5,217,2017,5,10,7,3,1,6,0,1,0,0,0,0,0,5.58598E+20,5.93718E+21,9.88508E+15,5.35802E+16
122954,2.17052E+18,2,2,3,210,2017,5,19,7,3,5,3,1,1,0,0,0,0,0,5.62824E+20,5.93497E+21,9.94846E+15,5.35598E+16
122955,2.17053E+18,2,2,14,227,2017,5,15,7,3,1,1,0,1,0,1,0,0,0,5.50323E+20,5.93602E+21,9.75991E+15,5.35706E+16
122956,2.17052E+18,2,2,4,213,2017,5,5,7,3,5,3,0,1,0,0,0,1,1,5.61331E+20,5.93403E+21,9.92573E+15,5.35516E+16
122957,2.17052E+18,2,1,4,112,2017,5,14,7,3,6,7,1,0,1,0,0,0,0,5.63932E+20,5.93382E+21,9.96495E+15,5.35494E+16
122958,2.17053E+18,2,4,12,431,2017,5,16,1,3,2,6,0,1,0,0,0,0,0,5.6719E+20,5.94339E+21,1.00162E+16,5.3635E+16
122959,2.17052E+18,2,1,5,114,2017,5,2,7,3,3,6,0,1,0,0,0,2,1,5.66464E+20,5.93471E+21,1.00033E+16,5.35571E+16
122960,2.17053E+18,2,2,1,206,2017,5,18,2,3,1,5,1,1,0,0,0,0,0,5.63128E+20,5.93502E+21,9.95305E+15,5.35603E+16
122961,2.17052E+18,2,7,14,715,2017,5,14,6,3,2,6,0,1,0,0,1,0,0,5.5576E+20,5.9251E+21,9.84006E+15,5.3472E+16
122962,2.17053E+18,2,5,2,506,2017,5,15,2,3,5,3,1,0,0,0,1,0,0,5.71125E+20,5.93757E+21,1.00744E+16,5.35822E+16
122963,2.17052E+18,2,6,2,602,2017,5,17,6,2,5,3,1,1,0,0,0,0,0,5.78726E+20,5.92743E+21,1.01866E+16,5.349E+16
122964,2.17053E+18,2,4,4,407,2017,5,7,3,3,2,6,0,1,0,0,0,0,1,5.65517E+20,5.93978E+21,9.99011E+15,5.36028E+16
122965,2.17052E+18,2,1,12,130,2017,5,20,6,3,6,4,0,1,1,0,0,1,1,5.74851E+20,5.93253E+21,1.01294E+16,5.35363E+16
122966,2.17052E+18,2,6,1,601,2017,5,14,6,3,0,4,1,0,1,0,0,0,0,5.75657E+20,5.93115E+21,1.01412E+16,5.35238E+16
122967,2.17052E+18,2,1,13,131,2017,5,4,6,3,4,2,0,1,0,0,0,1,0,5.71867E+20,5.93007E+21,1.00838E+16,5.35146E+16
122968,2.17052E+18,2,5,6,514,2017,5,13,6,3,6,7,0,1,1,0,0,0,0,5.7413E+20,5.9419E+21,1.01208E+16,5.36207E+16
122969,2.17052E+18,2,5,7,515,2017,5,18,6,3,3,5,1,1,0,0,0,0,0,5.71338E+20,5.93992E+21,1.00781E+16,5.36032E+16
122970,2.17052E+18,2,4,12,431,2017,5,7,6,3,5,3,1,1,0,0,0,0,0,5.67443E+20,5.94324E+21,1.002E+16,5.36336E+16
122971,2.17052E+18,2,5,1,504,2017,5,19,6,3,5,3,0,1,0,0,0,1,1,5.70023E+20,5.93575E+21,1.00573E+16,5.3566E+16
122972,2.17052E+18,2,3,8,320,2017,5,11,6,3,4,6,0,1,0,0,1,0,0,5.59582E+20,5.94149E+21,9.90077E+15,5.36189E+16
122973,2.17052E+18,2,2,5,215,2017,5,21,6,3,5,3,0,1,0,0,0,2,1,5.60799E+20,5.93616E+21,9.91812E+15,5.35708E+16
122974,2.17052E+18,2,2,5,215,2017,5,14,6,3,6,3,1,0,1,0,0,0,0,5.61509E+20,5.93515E+21,9.92864E+15,5.35616E+16
122975,2.17052E+18,2,3,6,318,2017,5,18,6,3,2,6,0,1,0,0,0,0,0,5.63411E+20,5.94081E+21,9.9585E+15,5.36122E+16
122976,2.17052E+18,2,3,5,317,2017,5,15,6,3,6,3,0,1,1,0,0,0,0,5.63442E+20,5.93912E+21,9.95863E+15,5.35971E+16
122977,2.17052E+18,2,3,1,304,2017,5,11,6,2,4,2,0,1,0,0,0,0,0,5.62809E+20,5.93651E+21,9.94853E+15,5.35737E+16
122978,2.17052E+18,2,2,4,211,2017,5,22,6,3,0,2,0,1,0,1,0,2,1,5.615E+20,5.93455E+21,9.92839E+15,5.35562E+16
122979,2.17052E+18,2,2,1,201,2017,5,19,6,3,5,2,1,1,0,0,0,1,1,5.63295E+20,5.93385E+21,9.95534E+15,5.35497E+16
122980,2.17052E+18,2,3,1,309,2017,5,9,6,3,4,2,0,1,0,0,1,0,0,5.63988E+20,5.93604E+21,9.96625E+15,5.35693E+16
122981,2.17052E+18,2,3,2,312,2017,5,16,6,3,5,3,0,1,0,1,0,0,0,5.65561E+20,5.93534E+21,9.98985E+15,5.35628E+16
122982,2.17052E+18,2,7,4,705,2017,5,17,5,3,5,3,0,1,0,0,1,0,0,5.65434E+20,5.92188E+21,9.98511E+15,5.34418E+16
122983,2.17052E+18,2,7,2,703,2017,5,17,5,3,5,3,0,1,0,0,0,0,0,5.67112E+20,5.92415E+21,1.00109E+16,5.34621E+16
122984,2.17052E+18,2,1,16,137,2017,5,12,5,3,4,2,0,1,0,0,1,0,0,5.6576E+20,5.92843E+21,9.9914E+15,5.35007E+16
122985,2.17052E+18,2,6,9,610,2017,5,13,5,3,5,2,1,1,0,0,0,0,0,5.73688E+20,5.9283E+21,1.01109E+16,5.34985E+16
122986,2.17052E+18,2,1,12,130,2017,5,15,5,3,0,3,1,0,0,0,1,0,0,5.73608E+20,5.93323E+21,1.01108E+16,5.35428E+16
122987,2.17052E+18,2,1,12,130,2017,5,7,5,3,0,7,1,0,0,0,0,0,0,5.72883E+20,5.93284E+21,1.00998E+16,5.35394E+16
122988,2.17052E+18,2,1,6,117,2017,5,17,5,3,5,2,1,1,0,0,0,0,0,5.67662E+20,5.93393E+21,1.00213E+16,5.35499E+16
122989,2.17053E+18,2,5,5,513,2017,5,17,6,3,2,6,0,1,0,0,0,0,0,5.74176E+20,5.93805E+21,1.01205E+16,5.3586E+16
122990,2.17052E+18,2,1,6,117,2017,5,16,5,3,2,6,0,1,0,0,1,0,0,5.67785E+20,5.93401E+21,1.00231E+16,5.35506E+16
122991,2.17052E+18,2,5,3,510,2017,5,16,5,3,4,2,1,0,0,0,0,0,0,5.71056E+20,5.93537E+21,1.00728E+16,5.35624E+16
122992,2.17052E+18,2,5,2,507,2017,5,18,5,3,5,3,0,1,0,0,0,0,0,5.71708E+20,5.93689E+21,1.0083E+16,5.3576E+16
122993,2.17052E+18,2,5,17,525,2017,5,20,5,3,1,7,0,1,0,0,0,1,1,5.76551E+20,5.94562E+21,1.01583E+16,5.36537E+16
122994,2.17053E+18,2,1,6,115,2017,5,13,1,3,3,6,0,1,0,0,0,0,0,5.66675E+20,5.93377E+21,1.00063E+16,5.35486E+16
122995,2.17052E+18,2,4,12,431,2017,5,16,5,3,0,6,0,0,0,1,1,0,0,5.67174E+20,5.94345E+21,1.00159E+16,5.36355E+16
122996,2.17053E+18,2,7,12,713,2017,5,17,1,3,2,6,0,1,0,1,0,0,0,5.60491E+20,5.92969E+21,9.91222E+15,5.35127E+16
122997,2.17052E+18,2,4,6,415,2017,5,7,5,3,5,3,0,1,0,0,0,0,0,5.67684E+20,5.93604E+21,1.0022E+16,5.35688E+16
122998,2.17053E+18,2,2,10,222,2017,5,13,2,3,1,5,1,0,0,0,1,0,0,5.56852E+20,5.93465E+21,9.85825E+15,5.35577E+16
122999,2.17052E+18,2,4,10,426,2017,5,17,5,3,5,2,1,1,0,0,0,0,0,5.70296E+20,5.93827E+21,1.0062E+16,5.35885E+16
123000,2.17053E+18,2,5,8,516,2017,5,14,4,2,5,3,1,1,0,0,0,0,0,5.69962E+20,5.94041E+21,1.00574E+16,5.36078E+16
123001,2.17052E+18,2,5,1,501,2017,5,20,5,3,0,3,0,1,0,1,0,0,1,5.68938E+20,5.93566E+21,1.00409E+16,5.35652E+16
123002,2.17052E+18,2,2,10,222,2017,5,13,5,3,5,7,0,1,0,0,0,0,0,5.56552E+20,5.93398E+21,9.8536E+15,5.35516E+16
123003,2.17052E+18,2,2,4,212,2017,5,9,5,3,1,5,1,1,0,0,0,0,0,5.60419E+20,5.93375E+21,9.91192E+15,5.35491E+16
123004,2.17052E+18,2,3,6,318,2017,5,11,5,3,1,5,1,1,0,0,0,0,0,5.62914E+20,5.94197E+21,9.95122E+15,5.36227E+16
123005,2.17052E+18,2,3,7,319,2017,5,7,5,3,6,4,0,1,1,0,0,0,0,5.60414E+20,5.94218E+21,9.91347E+15,5.3625E+16
123006,2.17052E+18,2,2,4,213,2017,5,15,5,3,3,2,1,1,0,0,1,0,0,5.61529E+20,5.93392E+21,9.92871E+15,5.35506E+16
123007,2.17052E+18,2,3,3,313,2017,5,18,5,3,5,3,1,1,0,0,0,0,0,5.65003E+20,5.93664E+21,9.98169E+15,5.35746E+16
123008,2.17052E+18,2,3,3,313,2017,5,17,5,3,3,6,1,0,0,0,1,0,0,5.64968E+20,5.9364E+21,9.98112E+15,5.35725E+16
123009,2.17052E+18,2,1,5,114,2017,5,21,5,1,6,4,0,1,1,0,0,1,1,5.66733E+20,5.93489E+21,1.00074E+16,5.35587E+16
123010,2.17052E+18,2,1,5,114,2017,5,11,5,3,1,7,1,1,0,0,0,0,0,5.67378E+20,5.93449E+21,1.00171E+16,5.35549E+16
123011,2.17052E+18,2,6,14,615,2017,5,19,4,3,4,6,1,0,0,0,0,0,0,5.78241E+20,5.92699E+21,1.01792E+16,5.34861E+16
123012,2.17052E+18,2,1,8,124,2017,5,19,4,2,6,4,0,0,1,1,0,0,0,5.69067E+20,5.93457E+21,1.00426E+16,5.35554E+16
123013,2.17052E+18,2,4,10,429,2017,5,17,4,3,3,6,0,0,0,1,1,0,0,5.6953E+20,5.93972E+21,1.00507E+16,5.36017E+16
123014,2.17052E+18,2,4,10,429,2017,5,19,4,3,9,7,1,1,0,0,0,0,0,5.69192E+20,5.93989E+21,1.00457E+16,5.36033E+16
123015,2.17053E+18,2,5,4,512,2017,5,15,6,3,5,7,0,1,0,0,0,0,0,5.7458E+20,5.93638E+21,1.01262E+16,5.3571E+16
123016,2.17052E+18,2,5,9,517,2017,5,7,4,3,5,3,1,1,0,0,0,0,0,5.71546E+20,5.94409E+21,1.00822E+16,5.36407E+16
123017,2.17053E+18,2,4,13,432,2017,5,13,7,3,4,6,1,1,0,0,0,0,0,5.65878E+20,5.9444E+21,9.99655E+15,5.36443E+16
123018,2.17052E+18,2,4,5,409,2017,5,10,4,3,5,3,1,1,0,0,0,0,0,5.65861E+20,5.93893E+21,9.99514E+15,5.35951E+16
123019,2.17053E+18,2,5,14,522,2017,5,10,1,2,2,6,0,0,0,1,0,0,0,5.72785E+20,5.95061E+21,1.01025E+16,5.36991E+16
123020,2.17053E+18,2,7,13,714,2017,5,8,3,3,4,6,0,1,0,0,0,0,1,5.59862E+20,5.92613E+21,9.90205E+15,5.34807E+16
123021,2.17053E+18,2,4,8,423,2017,5,10,4,3,4,2,0,1,0,0,0,0,0,5.6946E+20,5.93716E+21,1.00491E+16,5.35787E+16
123022,2.17053E+18,2,1,6,116,2017,5,11,4,3,5,3,1,1,0,0,0,0,0,5.67401E+20,5.93393E+21,1.00173E+16,5.35499E+16
123023,2.17052E+18,2,4,6,414,2017,5,13,4,3,1,5,1,1,0,0,0,0,0,5.67156E+20,5.937E+21,1.00143E+16,5.35776E+16
123024,2.17052E+18,2,5,1,504,2017,5,16,4,3,6,7,0,0,1,0,1,0,0,5.70099E+20,5.93621E+21,1.00585E+16,5.357E+16
123025,2.17052E+18,2,4,10,426,2017,5,8,4,3,1,6,0,1,0,0,1,0,0,5.69904E+20,5.93861E+21,1.00561E+16,5.35916E+16
123026,2.17052E+18,2,5,1,501,2017,5,2,4,3,8,7,0,1,0,0,0,2,0,5.69032E+20,5.93608E+21,1.00424E+16,5.35691E+16
123027,2.17052E+18,2,4,8,420,2017,5,15,4,3,4,2,0,1,0,0,0,0,0,5.68407E+20,5.9366E+21,1.00331E+16,5.35738E+16
123028,2.17052E+18,2,2,10,222,2017,5,14,4,2,5,3,1,1,0,0,0,0,0,5.54555E+20,5.93496E+21,9.82363E+15,5.35606E+16
123029,2.17052E+18,2,2,8,220,2017,5,10,4,3,5,3,0,1,0,0,0,0,0,5.5832E+20,5.93848E+21,9.88112E+15,5.35919E+16
123030,2.17052E+18,2,3,6,318,2017,5,14,4,3,5,3,1,1,0,0,0,0,0,5.62945E+20,5.94353E+21,9.95201E+15,5.36368E+16
123031,2.17052E+18,2,4,1,401,2017,5,17,4,3,5,2,1,0,0,0,0,0,0,5.64388E+20,5.93748E+21,9.97257E+15,5.35822E+16
123032,2.17052E+18,2,2,3,210,2017,5,20,4,2,0,5,1,1,0,0,0,1,0,5.62384E+20,5.93472E+21,9.94176E+15,5.35577E+16
123033,2.17052E+18,2,1,4,109,2017,5,13,4,3,6,7,0,1,1,0,0,0,0,5.64306E+20,5.9347E+21,9.97077E+15,5.35572E+16
123034,2.17052E+18,2,1,3,105,2017,5,8,4,3,0,7,1,1,0,0,0,0,0,5.6447E+20,5.93361E+21,9.97302E+15,5.35474E+16
123035,2.17053E+18,2,5,18,526,2017,5,13,6,3,6,4,1,0,1,0,0,0,0,5.7542E+20,5.94234E+21,1.01404E+16,5.36244E+16
123036,2.17052E+18,2,1,5,114,2017,5,16,4,2,5,3,1,1,0,0,0,0,0,5.66389E+20,5.93474E+21,1.00022E+16,5.35573E+16
123037,2.17053E+18,2,3,1,306,2017,5,16,3,3,1,5,1,1,0,0,0,0,0,5.63014E+20,5.9368E+21,9.9517E+15,5.35763E+16
123038,2.17052E+18,2,7,16,717,2017,5,11,3,3,3,6,0,1,0,0,1,0,1,5.54618E+20,5.93108E+21,9.8239E+15,5.35258E+16
123039,2.17053E+18,2,1,8,122,2017,5,19,3,3,3,6,0,1,0,0,0,0,0,5.6965E+20,5.93512E+21,1.00515E+16,5.35603E+16
123040,2.17052E+18,2,7,10,711,2017,5,14,3,2,4,2,0,1,0,0,0,0,1,5.63489E+20,5.92431E+21,9.95634E+15,5.3464E+16
123041,2.17053E+18,2,3,2,311,2017,5,17,4,3,2,6,0,1,0,0,0,0,0,5.65216E+20,5.93642E+21,9.98486E+15,5.35726E+16
123042,2.17052E+18,2,1,16,136,2017,5,19,3,3,5,3,1,0,0,0,0,0,1,5.66959E+20,5.92729E+21,1.00092E+16,5.34903E+16
123043,2.17053E+18,2,5,2,507,2017,5,15,4,3,3,6,0,1,0,0,0,0,0,5.71149E+20,5.93676E+21,1.00745E+16,5.35749E+16
123044,2.17052E+18,2,6,10,611,2017,5,16,3,3,0,7,0,0,0,1,0,0,0,5.75104E+20,5.92821E+21,1.01322E+16,5.34975E+16
123045,2.17052E+18,2,1,12,130,2017,5,9,3,3,2,6,0,1,0,0,1,0,1,5.73196E+20,5.93343E+21,1.01046E+16,5.35447E+16
123046,2.17052E+18,2,1,12,130,2017,5,8,3,3,0,7,0,0,0,1,0,0,1,5.74185E+20,5.93204E+21,1.01192E+16,5.35321E+16
123047,2.17052E+18,2,1,14,133,2017,5,17,3,3,5,3,0,1,0,0,0,0,0,5.68815E+20,5.93243E+21,1.00383E+16,5.35362E+16
123048,2.17052E+18,2,1,8,123,2017,5,7,3,3,2,6,0,1,0,0,1,0,1,5.69928E+20,5.93518E+21,1.00557E+16,5.35608E+16
123049,2.17052E+18,2,5,18,526,2017,5,13,3,3,5,3,1,1,0,0,0,0,1,5.75347E+20,5.93964E+21,1.01386E+16,5.36002E+16
123050,2.17053E+18,2,4,9,425,2017,5,11,6,3,2,6,0,1,0,1,0,0,0,5.70525E+20,5.93797E+21,1.00654E+16,5.35858E+16
123051,2.17052E+18,2,5,6,514,2017,5,14,3,3,2,2,0,1,0,0,1,0,1,5.74019E+20,5.93974E+21,1.01186E+16,5.36012E+16
123052,2.17052E+18,2,4,9,424,2017,5,10,3,3,2,6,0,1,0,0,0,0,1,5.69981E+20,5.93736E+21,1.0057E+16,5.35804E+16
123053,2.17052E+18,2,5,7,515,2017,5,20,3,3,5,4,1,0,1,0,0,0,0,5.7164E+20,5.94201E+21,1.00831E+16,5.3622E+16
123054,2.17053E+18,2,3,9,321,2017,5,14,1,3,1,7,0,1,0,1,0,0,0,5.62745E+20,5.93777E+21,9.94783E+15,5.35851E+16
123055,2.17052E+18,2,5,10,518,2017,5,8,3,3,0,7,1,1,0,0,0,0,1,5.72774E+20,5.94603E+21,1.01012E+16,5.3658E+16
123056,2.17053E+18,2,1,4,112,2017,5,16,2,3,2,6,0,1,0,0,0,0,0,5.63843E+20,5.93384E+21,9.9636E+15,5.35496E+16
123057,2.17052E+18,2,4,13,432,2017,5,20,3,2,5,3,0,1,0,0,0,0,0,5.66967E+20,5.94449E+21,1.0013E+16,5.36449E+16
123058,2.17053E+18,2,5,2,505,2017,5,21,4,2,5,2,1,0,0,1,0,1,0,5.70859E+20,5.93653E+21,1.00701E+16,5.35729E+16
123059,2.17052E+18,2,4,4,407,2017,5,15,3,3,5,3,1,1,0,0,0,0,1,5.65785E+20,5.93967E+21,9.99414E+15,5.36017E+16
123060,2.17052E+18,2,4,6,415,2017,5,16,3,3,0,6,0,1,0,1,1,0,1,5.6734E+20,5.93569E+21,1.00168E+16,5.35657E+16
123061,2.17052E+18,2,3,8,320,2017,5,12,3,3,6,4,0,1,1,0,0,0,1,5.60072E+20,5.93965E+21,9.90782E+15,5.36023E+16
123062,2.17052E+18,2,2,9,221,2017,5,10,3,3,2,6,0,1,0,0,0,0,1,5.5726E+20,5.9364E+21,9.86473E+15,5.35733E+16
123063,2.17052E+18,2,2,6,218,2017,5,9,3,3,2,6,0,1,0,0,0,0,1,5.57857E+20,5.93545E+21,9.87357E+15,5.35647E+16
123064,2.17052E+18,2,2,4,212,2017,5,7,3,3,1,5,0,1,0,0,1,0,1,5.61061E+20,5.93366E+21,9.92159E+15,5.35483E+16
123065,2.17052E+18,2,3,2,312,2017,5,11,3,3,1,6,0,1,0,0,0,0,1,5.65352E+20,5.93536E+21,9.9867E+15,5.3563E+16
123066,2.17052E+18,2,2,2,207,2017,5,14,3,3,0,3,1,1,0,0,0,0,1,5.64076E+20,5.93572E+21,9.96751E+15,5.35664E+16
123067,2.17052E+18,2,1,1,102,2017,5,17,3,3,0,7,1,0,0,0,0,0,0,5.65387E+20,5.93368E+21,9.98687E+15,5.35479E+16
123068,2.17052E+18,2,1,3,106,2017,5,15,3,3,4,2,1,1,0,0,0,0,1,5.64755E+20,5.93408E+21,9.97741E+15,5.35516E+16
123069,2.17052E+18,2,1,1,102,2017,5,14,3,3,6,2,0,1,1,0,0,0,1,5.65982E+20,5.93398E+21,9.99591E+15,5.35505E+16
123070,2.17053E+18,2,5,7,515,2017,5,9,6,3,2,2,0,1,0,0,0,0,0,5.71544E+20,5.94024E+21,1.00813E+16,5.36061E+16
123071,2.17052E+18,2,7,12,713,2017,5,9,2,3,3,6,0,1,0,0,0,0,0,5.60646E+20,5.92964E+21,9.91455E+15,5.35122E+16
123072,2.17052E+18,2,7,10,711,2017,5,22,2,3,6,2,0,1,1,0,0,2,0,5.63043E+20,5.92416E+21,9.94959E+15,5.34627E+16
123073,2.17052E+18,2,7,1,702,2017,5,18,2,3,0,4,0,0,1,0,1,0,0,5.65502E+20,5.92355E+21,9.9865E+15,5.34569E+16
123074,2.17052E+18,2,7,10,711,2017,5,10,2,3,6,4,0,1,1,0,0,0,0,5.63069E+20,5.92367E+21,9.94988E+15,5.34583E+16
123075,2.17052E+18,2,1,16,137,2017,5,14,2,3,2,6,0,1,0,0,0,0,0,5.65697E+20,5.92699E+21,9.99014E+15,5.34878E+16
123076,2.17052E+18,2,1,16,137,2017,5,13,2,3,1,5,0,1,0,1,0,0,0,5.65439E+20,5.92963E+21,9.98681E+15,5.35115E+16
123077,2.17052E+18,2,1,12,130,2017,5,9,2,3,2,2,0,1,0,0,0,0,0,5.76221E+20,5.93136E+21,1.01498E+16,5.35256E+16
123078,2.17052E+18,2,1,6,118,2017,5,15,2,2,1,7,1,1,0,0,0,0,0,5.68926E+20,5.9334E+21,1.00402E+16,5.35449E+16
123079,2.17052E+18,2,1,7,120,2017,5,15,2,3,3,6,0,1,0,1,0,0,0,5.6879E+20,5.93497E+21,1.00385E+16,5.35591E+16
123080,2.17052E+18,2,1,7,119,2017,5,8,2,3,3,6,0,1,0,0,1,0,0,5.68794E+20,5.93423E+21,1.00384E+16,5.35525E+16
123081,2.17053E+18,2,5,9,517,2017,5,15,6,2,0,3,1,1,0,0,0,0,0,5.72268E+20,5.94367E+21,1.0093E+16,5.36368E+16
123082,2.17052E+18,2,5,18,526,2017,5,7,2,3,1,5,1,0,0,0,1,0,0,5.76106E+20,5.94168E+21,1.01506E+16,5.36184E+16
123083,2.17053E+18,2,4,5,411,2017,5,11,6,3,1,5,1,0,0,0,1,0,0,5.68063E+20,5.93792E+21,1.00282E+16,5.35857E+16
123084,2.17052E+18,2,5,5,513,2017,5,8,2,3,6,3,0,1,1,0,0,0,0,5.735E+20,5.93759E+21,1.01102E+16,5.3582E+16
123085,2.17053E+18,2,5,2,507,2017,5,23,7,3,6,3,0,0,1,0,1,2,0,5.71661E+20,5.93682E+21,1.00823E+16,5.35754E+16
123086,2.17052E+18,2,5,7,515,2017,5,15,2,2,6,4,0,1,1,0,0,0,0,5.70317E+20,5.93975E+21,1.00626E+16,5.36018E+16
123087,2.17052E+18,2,5,7,515,2017,5,9,2,3,5,3,1,0,0,0,0,0,0,5.73159E+20,5.94306E+21,1.01064E+16,5.36312E+16
123088,2.17053E+18,2,1,5,114,2017,5,11,4,3,2,6,0,1,0,0,0,0,0,5.66547E+20,5.93478E+21,1.00046E+16,5.35577E+16
123089,2.17053E+18,2,4,4,407,2017,5,14,4,3,2,6,0,1,0,0,0,0,0,5.67081E+20,5.94162E+21,1.00141E+16,5.36191E+16
123090,2.17053E+18,2,1,11,129,2017,5,17,4,3,6,4,0,1,1,0,0,0,0,5.71513E+20,5.93508E+21,1.00796E+16,5.35597E+16
123091,2.17052E+18,2,5,12,520,2017,5,17,2,3,1,6,0,1,0,1,1,0,0,5.69888E+20,5.94407E+21,1.00571E+16,5.36408E+16
123092,2.17052E+18,2,5,11,519,2017,5,17,2,3,8,1,0,1,0,0,0,0,0,5.71667E+20,5.94586E+21,1.00844E+16,5.36566E+16
123093,2.17052E+18,2,4,11,430,2017,5,16,2,3,5,3,1,1,0,0,0,0,0,5.67862E+20,5.942E+21,1.0026E+16,5.36224E+16
123094,2.17052E+18,2,4,5,413,2017,5,8,2,3,1,5,1,1,0,0,0,0,0,5.6687E+20,5.93745E+21,1.00101E+16,5.35816E+16
123095,2.17052E+18,2,3,8,320,2017,5,17,2,3,3,6,0,1,0,0,0,0,0,5.60353E+20,5.9397E+21,9.91207E+15,5.36026E+16
123096,2.17052E+18,2,3,8,320,2017,5,7,2,2,5,3,0,1,0,0,0,0,0,5.57941E+20,5.94113E+21,9.87589E+15,5.36158E+16
123097,2.17052E+18,2,2,4,212,2017,5,16,2,3,4,6,1,0,0,0,0,0,0,5.60434E+20,5.93391E+21,9.91218E+15,5.35506E+16
123098,2.17052E+18,2,2,4,212,2017,5,10,2,3,4,2,1,1,0,0,0,0,0,5.60492E+20,5.93479E+21,9.91322E+15,5.35585E+16
123099,2.17052E+18,2,3,9,321,2017,5,18,2,3,5,2,1,1,0,0,0,0,0,5.62739E+20,5.9376E+21,9.9477E+15,5.35835E+16
123100,2.17052E+18,2,3,3,313,2017,5,20,2,3,5,3,1,0,0,0,0,0,0,5.6474E+20,5.93663E+21,9.97772E+15,5.35746E+16
123101,2.17052E+18,2,3,2,312,2017,5,17,2,3,5,3,0,1,0,0,0,0,0,5.65867E+20,5.93489E+21,9.99438E+15,5.35587E+16
123102,2.17052E+18,2,1,1,102,2017,5,12,2,3,0,7,0,1,0,0,1,0,0,5.65353E+20,5.93362E+21,9.98635E+15,5.35474E+16
123103,2.17052E+18,2,1,5,113,2017,5,19,2,3,5,3,1,1,0,0,0,0,0,5.67858E+20,5.93436E+21,1.00243E+16,5.35537E+16
123104,2.17051E+18,2,1,16,136,2017,5,19,1,3,5,3,0,1,0,0,0,0,0,5.66909E+20,5.92824E+21,1.00087E+16,5.34988E+16
123105,2.17051E+18,2,1,16,137,2017,5,17,1,3,6,4,0,1,1,0,0,0,0,5.66413E+20,5.92838E+21,1.00012E+16,5.35002E+16
123106,2.17051E+18,2,5,18,526,2017,5,9,1,2,8,1,0,0,0,1,0,0,0,5.75521E+20,5.93936E+21,1.01412E+16,5.35977E+16
123107,2.17053E+18,2,4,8,422,2017,5,19,6,3,5,3,0,1,0,0,0,0,0,5.69143E+20,5.93657E+21,1.00442E+16,5.35734E+16
123108,2.17051E+18,2,5,6,514,2017,5,19,1,3,2,6,1,1,0,0,0,0,0,5.73895E+20,5.93925E+21,1.01166E+16,5.35969E+16
123109,2.17051E+18,2,4,5,410,2017,5,19,1,3,4,2,1,1,0,0,0,1,1,5.66469E+20,5.93821E+21,1.00042E+16,5.35886E+16
123110,2.17053E+18,2,3,6,318,2017,5,10,3,3,0,7,1,0,0,0,1,0,0,5.64239E+20,5.94417E+21,9.97172E+15,5.36423E+16
123111,2.17051E+18,2,4,6,415,2017,5,19,1,3,6,7,0,1,1,0,0,0,0,5.67321E+20,5.93626E+21,1.00166E+16,5.35709E+16
123112,2.17053E+18,2,6,3,604,2017,5,10,3,3,2,6,0,1,0,0,1,0,0,5.81684E+20,5.92289E+21,1.023E+16,5.34487E+16
123113,2.17053E+18,2,4,2,404,2017,5,8,4,3,3,6,0,1,0,0,1,0,0,5.65689E+20,5.93855E+21,9.99245E+15,5.35916E+16
123114,2.17051E+18,2,3,1,305,2017,5,13,1,3,5,2,1,1,0,0,0,0,0,5.63109E+20,5.93698E+21,9.95316E+15,5.35779E+16
123115,2.17053E+18,2,5,2,506,2017,5,9,4,3,5,3,0,1,0,0,0,0,0,5.71547E+20,5.93745E+21,1.00807E+16,5.3581E+16
123116,2.17053E+18,2,2,11,223,2017,5,13,4,3,0,7,0,1,0,1,0,0,0,5.52721E+20,5.93556E+21,9.79604E+15,5.35662E+16
123117,2.17053E+18,2,5,6,514,2017,5,13,4,3,3,6,1,1,0,0,0,0,0,5.73719E+20,5.94194E+21,1.01145E+16,5.36211E+16
123118,2.17051E+18,2,2,4,212,2017,5,12,1,3,5,2,0,1,0,1,0,0,0,5.60799E+20,5.93398E+21,9.9177E+15,5.35512E+16
123119,2.17051E+18,2,1,4,111,2017,5,22,1,3,0,7,1,0,0,0,0,2,1,5.64589E+20,5.9346E+21,9.97502E+15,5.35563E+16