OBJECTID,UIDENTSTLA,ULAND,UREGBEZ,UKREIS,UGEMEINDE,UJAHR,UMONAT,USTUNDE,UWOCHENTAG,UKATEGORIE,UART,UTYP1,IstRad,IstPKW,IstFuss,IstKrad,IstSonstig,LICHT,STRZUSTAND,LINREFX,LINREFY,XGCSWGS84,YGCSWGS84
123120,2.17051E+18,2,7,1,702,2017,5,13,1,3,5,3,1,1,0,0,0,0,0,5.65389E+20,5.92423E+21,9.98493E+15,5.3463E+16
123121,2.17051E+18,2,6,7,608,2017,5,9,7,2,4,6,0,0,0,1,0,0,1,5.72487E+20,5.92614E+21,1.00923E+16,5.34792E+16
123122,2.17051E+18,2,5,18,526,2017,5,13,7,3,2,6,0,1,0,0,0,0,0,5.76023E+20,5.94035E+21,1.0149E+16,5.36064E+16
123123,2.17051E+18,2,5,11,519,2017,5,12,7,3,2,6,0,1,0,0,0,0,0,5.70784E+20,5.94687E+21,1.00713E+16,5.36658E+16
123124,2.17051E+18,2,4,8,419,2017,5,17,7,3,4,7,1,1,0,0,0,0,1,5.67907E+20,5.93736E+21,1.00257E+16,5.35807E+16
123125,2.17051E+18,2,4,2,405,2017,5,15,7,3,1,7,0,1,0,0,0,0,1,5.64728E+20,5.939E+21,9.97803E+15,5.35959E+16
123126,2.17051E+18,2,1,3,108,2017,5,1,7,3,5,3,0,1,0,0,0,2,1,5.64901E+20,5.93453E+21,9.97971E+15,5.35556E+16
123127,2.17051E+18,2,1,16,136,2017,5,14,6,2,8,1,0,1,0,0,0,0,0,5.6863E+20,5.92905E+21,1.00348E+16,5.3506E+16
123128,2.17051E+18,2,1,6,115,2017,5,17,6,3,0,7,1,0,0,0,1,0,0,5.67775E+20,5.93282E+21,1.00227E+16,5.35399E+16
123129,2.17051E+18,2,5,6,514,2017,5,16,6,3,1,7,1,1,0,0,0,0,0,5.74525E+20,5.93974E+21,1.01262E+16,5.36012E+16
123130,2.17051E+18,2,5,18,526,2017,5,16,6,3,0,3,1,1,0,0,0,0,0,5.75729E+20,5.94164E+21,1.01449E+16,5.36181E+16
123131,2.17051E+18,2,5,6,514,2017,5,7,6,2,1,5,0,1,0,0,1,0,0,5.7417E+20,5.93952E+21,1.01208E+16,5.35992E+16
123132,2.17053E+18,2,5,7,515,2017,5,13,2,3,5,2,1,0,0,0,1,0,0,5.70792E+20,5.94051E+21,1.007E+16,5.36086E+16
123133,2.17051E+18,2,5,2,508,2017,5,14,6,3,5,3,0,1,0,0,0,0,0,5.72235E+20,5.93817E+21,1.00912E+16,5.35874E+16
123134,2.17053E+18,2,2,4,212,2017,5,15,3,3,1,7,1,1,0,0,0,0,0,5.60941E+20,5.93487E+21,9.92002E+15,5.35592E+16
123135,2.17051E+18,2,4,11,430,2017,5,20,6,3,3,6,0,1,0,0,1,2,1,5.68377E+20,5.94174E+21,1.00338E+16,5.362E+16
123136,2.17053E+18,2,5,8,516,2017,5,6,3,3,0,7,0,0,0,1,0,0,1,5.70031E+20,5.94049E+21,1.00585E+16,5.36085E+16
123137,2.17051E+18,2,5,12,520,2017,5,21,6,3,4,2,0,1,0,0,1,2,1,5.68845E+20,5.94484E+21,1.00415E+16,5.36478E+16
123138,2.17051E+18,2,4,12,431,2017,5,13,6,3,3,6,1,1,0,0,0,0,0,5.66974E+20,5.9432E+21,1.00129E+16,5.36333E+16
123139,2.17053E+18,2,1,2,103,2017,5,19,4,3,4,2,0,1,0,0,0,0,0,5.66115E+20,5.93327E+21,9.99777E+15,5.35442E+16
123140,2.17051E+18,2,4,8,422,2017,5,18,6,3,5,2,0,1,0,0,0,0,0,5.68573E+20,5.93674E+21,1.00356E+16,5.3575E+16
123141,2.17053E+18,2,4,13,432,2017,5,17,4,2,0,3,1,0,0,0,1,0,0,5.66919E+20,5.94497E+21,1.00124E+16,5.36492E+16
123142,2.17051E+18,2,3,8,320,2017,5,16,6,3,0,5,1,1,0,0,0,0,0,5.59806E+20,5.93981E+21,9.90382E+15,5.36037E+16
123143,2.17053E+18,2,5,1,501,2017,5,17,6,2,4,2,1,1,0,0,0,0,0,5.6854E+20,5.93556E+21,1.00349E+16,5.35644E+16
123144,2.17051E+18,2,2,5,216,2017,5,10,6,3,5,2,1,1,0,0,0,0,1,5.60791E+20,5.93581E+21,9.91793E+15,5.35676E+16
123145,2.17051E+18,2,2,5,217,2017,5,8,6,3,2,6,0,1,0,0,0,0,0,5.595E+20,5.93616E+21,9.8985E+15,5.3571E+16
123146,2.17053E+18,2,1,4,112,2017,5,9,1,3,3,6,1,0,0,0,1,0,0,5.63878E+20,5.93343E+21,9.96405E+15,5.35459E+16
123147,2.17051E+18,2,2,5,215,2017,5,7,6,3,3,6,0,1,0,0,0,0,0,5.61297E+20,5.93561E+21,9.92554E+15,5.35658E+16
123148,2.17053E+18,2,5,6,514,2017,5,6,3,3,1,6,0,1,0,0,1,0,1,5.73966E+20,5.94037E+21,1.01179E+16,5.3607E+16
123149,2.17051E+18,2,3,6,318,2017,5,11,6,3,1,5,1,1,0,0,0,0,1,5.6313E+20,5.94226E+21,9.95455E+15,5.36253E+16
123150,2.17053E+18,2,1,4,109,2017,5,17,4,3,2,6,0,1,0,0,1,0,0,5.64284E+20,5.9347E+21,9.97045E+15,5.35573E+16
123151,2.17053E+18,2,5,12,520,2017,5,14,4,3,2,6,0,1,0,0,1,0,0,5.68465E+20,5.94376E+21,1.00355E+16,5.36381E+16
123152,2.17051E+18,2,3,4,315,2017,5,14,6,3,6,4,0,1,1,0,0,0,0,5.64507E+20,5.93722E+21,9.97432E+15,5.35799E+16
123153,2.17053E+18,2,6,2,602,2017,5,14,4,3,0,3,1,0,0,0,0,0,0,5.78399E+20,5.92777E+21,1.01817E+16,5.34931E+16
123154,2.17051E+18,2,3,4,315,2017,5,14,6,3,3,6,0,1,0,1,0,0,0,5.64334E+20,5.93697E+21,9.97167E+15,5.35777E+16
123155,2.17051E+18,2,3,5,317,2017,5,11,6,3,0,1,0,0,0,1,0,0,1,5.63749E+20,5.93984E+21,9.96342E+15,5.36035E+16
123156,2.17051E+18,2,4,1,402,2017,5,7,6,3,5,3,1,1,0,0,0,0,0,5.6444E+20,5.93767E+21,9.9734E+15,5.35839E+16
123157,2.17051E+18,2,1,4,109,2017,5,15,6,3,5,3,1,1,0,0,0,0,0,5.64414E+20,5.93469E+21,9.9724E+15,5.35571E+16
123158,2.17051E+18,2,1,5,113,2017,5,13,6,3,0,7,1,0,0,0,0,0,0,5.67159E+20,5.93499E+21,1.00139E+16,5.35595E+16
123159,2.17051E+18,2,1,16,137,2017,5,14,5,3,6,4,0,1,1,0,0,0,0,5.6547E+20,5.92994E+21,9.98735E+15,5.35143E+16
123160,2.17051E+18,2,6,1,601,2017,5,16,5,3,3,6,0,1,0,0,0,0,0,5.80278E+20,5.92837E+21,1.02102E+16,5.34981E+16
123161,2.17051E+18,2,6,2,602,2017,5,9,5,3,0,7,1,0,1,0,0,0,0,5.80241E+20,5.92702E+21,1.02093E+16,5.3486E+16
123162,2.17051E+18,2,1,12,130,2017,5,16,5,3,4,1,1,0,0,0,1,0,0,5.7423E+20,5.93561E+21,1.01208E+16,5.35641E+16
123163,2.17051E+18,2,1,11,129,2017,5,14,5,3,2,2,0,1,0,0,1,0,0,5.71734E+20,5.93459E+21,1.00829E+16,5.35553E+16
123164,2.17051E+18,2,1,12,130,2017,5,8,5,2,5,3,1,1,0,0,0,0,0,5.7321E+20,5.93348E+21,1.01049E+16,5.35451E+16
123165,2.17051E+18,2,1,13,131,2017,5,17,5,2,5,2,0,1,0,0,0,0,0,5.72146E+20,5.92978E+21,1.0088E+16,5.3512E+16
123166,2.17051E+18,2,1,14,132,2017,5,17,5,3,3,6,0,0,0,1,1,0,0,5.69348E+20,5.93214E+21,1.00463E+16,5.35336E+16
123167,2.17051E+18,2,1,8,125,2017,5,13,5,3,3,2,0,1,0,0,1,0,0,5.70466E+20,5.93423E+21,1.00636E+16,5.35523E+16
123168,2.17051E+18,2,1,8,121,2017,5,18,5,3,4,2,0,1,0,1,0,0,0,5.68941E+20,5.93524E+21,1.00409E+16,5.35615E+16
123169,2.17053E+18,2,1,20,141,2017,5,14,1,3,3,6,1,1,0,0,0,0,0,5.58247E+20,5.93186E+21,9.87878E+15,5.35324E+16
123170,2.17051E+18,2,5,18,526,2017,5,12,5,3,1,6,0,1,0,0,0,0,0,5.78043E+20,5.94297E+21,1.01802E+16,5.36297E+16
123171,2.17051E+18,2,5,2,509,2017,5,13,5,3,5,3,0,1,0,0,0,0,0,5.71877E+20,5.93892E+21,1.0086E+16,5.35941E+16
123172,2.17051E+18,2,5,7,515,2017,5,15,5,3,1,6,0,1,0,0,0,0,0,5.71961E+20,5.94301E+21,1.00882E+16,5.36309E+16
123173,2.17051E+18,2,5,12,520,2017,5,14,5,3,3,6,0,1,0,1,0,0,0,5.68887E+20,5.94446E+21,1.00421E+16,5.36444E+16
123174,2.17051E+18,2,4,4,407,2017,5,12,5,3,2,6,0,1,0,0,0,0,0,5.67085E+20,5.94161E+21,1.00142E+16,5.3619E+16
123175,2.17051E+18,2,4,5,413,2017,5,15,5,3,3,6,1,1,0,0,0,0,0,5.66953E+20,5.93746E+21,1.00113E+16,5.35817E+16
123176,2.17051E+18,2,4,10,428,2017,5,16,5,3,2,6,0,1,0,0,0,0,0,5.69091E+20,5.93894E+21,1.00439E+16,5.35948E+16
123177,2.17051E+18,2,3,9,321,2017,5,11,5,3,6,7,0,1,1,0,0,0,0,5.62076E+20,5.93684E+21,9.93754E+15,5.35767E+16
123178,2.17051E+18,2,2,5,215,2017,5,17,5,3,5,3,1,1,0,0,0,0,0,5.61784E+20,5.93573E+21,9.93291E+15,5.35668E+16
123179,2.17051E+18,2,3,1,305,2017,5,16,5,3,0,6,1,1,0,0,0,0,0,5.63725E+20,5.93669E+21,9.96241E+15,5.35752E+16
123180,2.17053E+18,2,4,7,417,2017,5,19,6,3,0,5,1,1,0,0,0,0,0,5.67876E+20,5.93541E+21,1.00248E+16,5.35631E+16
123181,2.17051E+18,2,4,2,404,2017,5,11,5,3,5,3,0,1,0,0,1,0,0,5.65434E+20,5.93786E+21,9.98846E+15,5.35855E+16
123182,2.17053E+18,2,7,4,705,2017,5,12,2,3,1,2,0,1,0,0,0,0,0,5.65823E+20,5.92226E+21,9.99106E+15,5.34453E+16
123183,2.17051E+18,2,3,1,306,2017,5,8,5,3,0,7,1,0,0,0,0,0,0,5.631E+20,5.9365E+21,9.95293E+15,5.35736E+16
123184,2.17053E+18,2,2,5,215,2017,5,19,3,3,4,2,0,1,0,0,0,0,0,5.60546E+20,5.9375E+21,9.91456E+15,5.35828E+16
123185,2.17051E+18,2,2,4,213,2017,5,13,5,3,0,4,0,0,1,0,1,0,0,5.61924E+20,5.93397E+21,9.93467E+15,5.3551E+16
123186,2.17053E+18,2,7,8,709,2017,5,7,3,3,2,6,0,1,0,0,0,0,0,5.64388E+20,5.92089E+21,9.96917E+15,5.34331E+16
123187,2.17051E+18,2,3,1,310,2017,5,21,5,3,4,2,0,1,0,1,0,0,0,5.63587E+20,5.93542E+21,9.96006E+15,5.35638E+16
123188,2.17053E+18,2,4,6,415,2017,5,13,4,3,0,5,1,1,0,0,0,0,0,5.67461E+20,5.93591E+21,1.00187E+16,5.35677E+16
123189,2.17051E+18,2,1,3,105,2017,5,23,5,3,0,5,0,0,0,1,1,2,0,5.64577E+20,5.93343E+21,9.97461E+15,5.35458E+16
123190,2.17053E+18,2,5,4,512,2017,5,19,4,3,0,4,0,0,1,0,1,0,0,5.74457E+20,5.93638E+21,1.01244E+16,5.3571E+16
123191,2.17051E+18,2,1,3,107,2017,5,19,5,3,5,3,1,1,0,0,0,0,0,5.65302E+20,5.93402E+21,9.98566E+15,5.3551E+16
123192,2.17051E+18,2,1,5,114,2017,5,22,5,1,6,4,0,1,1,0,0,2,0,5.66941E+20,5.93403E+21,1.00104E+16,5.35509E+16
123193,2.17051E+18,2,1,5,113,2017,5,19,5,3,2,6,0,1,0,0,0,0,0,5.66823E+20,5.93496E+21,1.00088E+16,5.35592E+16
123194,2.17051E+18,2,7,14,715,2017,5,7,4,3,5,3,1,1,0,0,0,0,0,5.57511E+20,5.92391E+21,9.86623E+15,5.3461E+16
123195,2.17051E+18,2,7,1,701,2017,5,13,4,3,5,3,0,1,0,0,0,0,0,5.6515E+20,5.92369E+21,9.98122E+15,5.34582E+16
123196,2.17051E+18,2,1,16,137,2017,5,8,4,2,4,7,1,0,0,0,0,0,0,5.65525E+20,5.92896E+21,9.98796E+15,5.35055E+16
123197,2.17051E+18,2,1,11,129,2017,5,19,4,3,5,2,1,1,0,0,0,0,0,5.72268E+20,5.93391E+21,1.00908E+16,5.35491E+16
123198,2.17051E+18,2,1,12,130,2017,5,17,4,3,2,6,0,1,0,0,0,0,0,5.73176E+20,5.93339E+21,1.01043E+16,5.35443E+16
123199,2.17051E+18,2,1,12,130,2017,5,12,4,3,4,6,1,0,0,0,0,0,0,5.72923E+20,5.93296E+21,1.01004E+16,5.35405E+16
123200,2.17051E+18,2,1,6,118,2017,5,22,4,3,3,6,0,1,0,0,1,2,0,5.68947E+20,5.93374E+21,1.00406E+16,5.3548E+16
123201,2.17051E+18,2,1,7,119,2017,5,9,4,3,3,7,0,1,0,1,0,0,1,5.68291E+20,5.9342E+21,1.00308E+16,5.35522E+16
123202,2.17051E+18,2,5,4,512,2017,5,18,4,3,5,3,1,1,0,0,0,0,0,5.7488E+20,5.93786E+21,1.01311E+16,5.35842E+16
123203,2.17051E+18,2,5,18,526,2017,5,16,4,3,2,6,0,1,0,0,0,0,0,5.75968E+20,5.94198E+21,1.01486E+16,5.36211E+16
123204,2.17051E+18,2,5,18,526,2017,5,7,4,2,4,2,1,0,0,0,1,0,0,5.76219E+20,5.94222E+21,1.01524E+16,5.36233E+16
123205,2.17051E+18,2,5,2,507,2017,5,14,4,3,5,3,0,1,0,1,0,0,0,5.71393E+20,5.93727E+21,1.00783E+16,5.35794E+16
123206,2.17051E+18,2,4,11,430,2017,5,18,4,3,2,6,0,1,0,0,0,0,0,5.68511E+20,5.94111E+21,1.00356E+16,5.36144E+16
123207,2.17051E+18,2,4,6,414,2017,5,8,4,3,5,3,1,1,0,0,0,0,0,5.67507E+20,5.93744E+21,1.00197E+16,5.35815E+16
123208,2.17051E+18,2,5,1,503,2017,5,14,4,3,5,3,1,1,0,0,0,0,0,5.69925E+20,5.93569E+21,1.00558E+16,5.35655E+16
123209,2.17051E+18,2,3,9,321,2017,5,8,4,3,0,7,1,0,0,0,0,0,0,5.61532E+20,5.93856E+21,9.92967E+15,5.35923E+16
123210,2.17051E+18,2,3,1,304,2017,5,20,4,3,6,7,1,0,1,0,0,0,0,5.62316E+20,5.93661E+21,9.94112E+15,5.35746E+16
123211,2.17051E+18,2,3,3,313,2017,5,6,4,3,6,2,0,0,1,0,1,0,0,5.64851E+20,5.93697E+21,9.97947E+15,5.35776E+16
123212,2.17051E+18,2,1,3,106,2017,5,14,4,3,6,4,0,1,1,0,0,0,0,5.6456E+20,5.93378E+21,9.97441E+15,5.35489E+16
123213,2.17051E+18,2,1,5,113,2017,5,12,4,3,5,7,0,1,0,0,0,0,0,5.67395E+20,5.93459E+21,1.00174E+16,5.35558E+16
123214,2.17051E+18,2,1,17,138,2017,5,12,4,3,5,3,0,1,0,0,0,0,0,5.65047E+20,5.93141E+21,9.98127E+15,5.35276E+16
123215,2.17053E+18,2,2,1,203,2017,5,10,2,3,3,6,0,1,0,1,0,0,0,5.62282E+20,5.93388E+21,9.94005E+15,5.35501E+16
123216,2.17051E+18,2,7,9,710,2017,5,7,3,2,5,3,0,1,0,1,0,0,0,5.63433E+20,5.92297E+21,9.95522E+15,5.34519E+16
123217,2.17053E+18,2,5,3,510,2017,5,16,2,3,5,3,1,1,0,0,0,0,0,5.71026E+20,5.93622E+21,1.00725E+16,5.357E+16
123218,2.17051E+18,2,1,14,132,2017,5,10,3,3,5,2,1,0,0,0,1,0,0,5.69096E+20,5.93276E+21,1.00426E+16,5.35392E+16
123219,2.17053E+18,2,4,2,403,2017,5,11,3,3,6,2,0,1,1,0,0,0,0,5.65142E+20,5.93865E+21,9.98422E+15,5.35927E+16
123220,2.17051E+18,2,5,5,513,2017,5,9,3,3,0,7,0,1,0,0,1,0,0,5.73936E+20,5.93708E+21,1.01167E+16,5.35773E+16
123221,2.17053E+18,2,5,6,514,2017,5,13,3,3,2,6,0,1,0,0,0,0,0,5.75348E+20,5.94301E+21,1.01394E+16,5.36304E+16
123222,2.17051E+18,2,5,6,514,2017,5,8,3,3,2,6,0,1,0,1,0,0,0,5.7262E+20,5.94024E+21,1.00975E+16,5.36059E+16
123223,2.17051E+18,2,4,9,425,2017,5,10,3,2,3,6,0,1,0,0,1,0,0,5.70723E+20,5.93748E+21,1.00683E+16,5.35814E+16
123224,2.17053E+18,2,3,3,314,2017,5,15,4,3,4,2,1,1,0,0,0,0,0,5.64869E+20,5.93711E+21,9.97977E+15,5.35788E+16
123225,2.17051E+18,2,4,11,430,2017,5,7,3,3,3,6,1,1,0,0,0,0,0,5.68748E+20,5.94028E+21,1.0039E+16,5.36068E+16
123226,2.17051E+18,2,5,8,516,2017,5,16,3,3,2,6,1,1,0,0,0,0,0,5.69517E+20,5.94094E+21,1.00508E+16,5.36127E+16
123227,2.17051E+18,2,4,5,409,2017,5,10,3,3,0,6,0,1,0,1,1,0,0,5.68325E+20,5.93876E+21,1.00323E+16,5.35932E+16
123228,2.17051E+18,2,5,1,501,2017,5,15,3,2,1,5,0,1,0,0,0,0,0,5.68592E+20,5.9356E+21,1.00357E+16,5.35647E+16
123229,2.17051E+18,2,4,6,415,2017,5,15,3,3,5,3,1,1,0,0,0,0,0,5.67446E+20,5.93595E+21,1.00184E+16,5.35681E+16
123230,2.17051E+18,2,5,1,501,2017,5,18,3,3,5,3,0,1,0,0,0,0,0,5.69038E+20,5.93568E+21,1.00424E+16,5.35654E+16
123231,2.17051E+18,2,2,5,216,2017,5,14,3,3,1,5,0,1,0,0,0,0,0,5.60664E+20,5.93536E+21,9.91593E+15,5.35636E+16
123232,2.17051E+18,2,4,1,402,2017,5,12,3,3,3,6,1,0,0,0,1,0,0,5.64459E+20,5.93814E+21,9.9738E+15,5.35881E+16
123233,2.17051E+18,2,4,2,404,2017,5,12,3,3,5,3,0,1,0,0,1,0,0,5.65762E+20,5.93788E+21,9.99342E+15,5.35857E+16
123234,2.17051E+18,2,1,4,111,2017,5,12,3,3,5,3,0,1,0,1,0,0,0,5.63743E+20,5.93393E+21,9.96212E+15,5.35504E+16
123235,2.17051E+18,2,1,3,108,2017,5,10,3,3,2,6,0,1,0,0,0,0,0,5.65557E+20,5.93483E+21,9.98968E+15,5.35583E+16
123236,2.17051E+18,2,7,14,715,2017,5,16,2,3,5,3,1,1,0,0,0,0,0,5.57753E+20,5.92563E+21,9.87018E+15,5.34765E+16
123237,2.17051E+18,2,7,7,708,2017,5,15,2,3,2,6,0,1,0,0,0,0,0,5.65203E+20,5.91953E+21,9.98115E+15,5.34208E+16
123238,2.17051E+18,2,6,14,615,2017,5,13,2,3,6,4,0,1,1,0,0,0,0,5.76878E+20,5.92674E+21,1.01586E+16,5.3484E+16
123239,2.17051E+18,2,1,14,132,2017,5,7,2,3,5,2,1,1,0,0,0,0,1,5.68605E+20,5.933E+21,1.00353E+16,5.35414E+16
123240,2.17051E+18,2,5,2,509,2017,5,17,2,3,2,6,0,1,0,0,0,0,0,5.71379E+20,5.93835E+21,1.00784E+16,5.35891E+16
123241,2.17053E+18,2,2,1,201,2017,5,21,1,3,4,2,0,1,0,0,0,2,0,5.63155E+20,5.93348E+21,9.95315E+15,5.35464E+16
123242,2.17051E+18,2,5,7,515,2017,5,17,2,3,1,6,0,1,0,0,0,0,0,5.70997E+20,5.94053E+21,1.00731E+16,5.36087E+16
123243,2.17053E+18,2,1,5,114,2017,5,7,2,3,5,3,0,1,0,0,0,0,0,5.66398E+20,5.93472E+21,1.00023E+16,5.35571E+16
123244,2.17051E+18,2,4,3,406,2017,5,8,2,3,5,3,1,1,0,0,0,0,1,5.66169E+20,5.94188E+21,1.00004E+16,5.36216E+16
123245,2.17053E+18,2,4,6,414,2017,5,15,2,3,6,4,0,0,1,1,0,0,0,5.67123E+20,5.93713E+21,1.00138E+16,5.35788E+16
123246,2.17051E+18,2,5,12,520,2017,5,13,2,3,6,3,1,0,1,0,0,0,0,5.68702E+20,5.9449E+21,1.00394E+16,5.36483E+16
123247,2.17053E+18,2,7,9,710,2017,5,4,2,3,3,2,1,1,0,0,0,2,0,5.6338E+20,5.9234E+21,9.95451E+15,5.34558E+16
123248,2.17051E+18,2,4,13,432,2017,5,22,2,2,6,4,0,1,1,0,0,2,0,5.66357E+20,5.94594E+21,1.00041E+16,5.3658E+16
123249,2.17053E+18,2,4,10,428,2017,5,13,3,3,2,6,0,1,0,0,0,0,0,5.68992E+20,5.93927E+21,1.00425E+16,5.35977E+16
123250,2.17051E+18,2,4,5,409,2017,5,18,2,3,5,3,1,1,0,0,0,0,0,5.66329E+20,5.93848E+21,1.00021E+16,5.3591E+16
123251,2.17061E+18,2,6,9,610,2017,6,17,1,3,2,2,0,1,0,0,0,0,0,5.74909E+20,5.9265E+21,1.01288E+16,5.34821E+16
123252,2.17061E+18,2,4,13,432,2017,6,13,2,3,5,3,1,1,0,0,0,0,0,5.6748E+20,5.94486E+21,1.00209E+16,5.36481E+16
123253,2.17061E+18,2,5,17,525,2017,6,9,2,3,5,3,0,1,0,0,0,0,0,5.75928E+20,5.94669E+21,1.01491E+16,5.36634E+16
123254,2.17061E+18,2,2,3,209,2017,6,10,3,3,5,3,1,1,0,0,0,0,1,5.63031E+20,5.93566E+21,9.95171E+15,5.3566E+16
123255,2.17061E+18,2,4,4,407,2017,6,18,2,3,2,6,0,1,0,0,0,0,0,5.65397E+20,5.93983E+21,9.98831E+15,5.36032E+16
123256,2.17061E+18,2,2,9,221,2017,6,21,3,2,2,6,0,1,0,0,1,0,0,5.57377E+20,5.93736E+21,9.86667E+15,5.3582E+16
123257,2.17061E+18,2,1,1,101,2017,6,17,2,2,6,4,0,1,1,0,0,0,0,5.66642E+20,5.93394E+21,1.00059E+16,5.35501E+16
123258,2.17061E+18,2,1,12,130,2017,6,15,3,3,2,6,0,1,0,0,0,0,0,5.72983E+20,5.93301E+21,1.01013E+16,5.35409E+16
123259,2.17061E+18,2,1,5,114,2017,6,16,2,2,6,3,1,0,1,0,0,0,0,5.66721E+20,5.93414E+21,1.00071E+16,5.35519E+16
123260,2.1706E+18,2,7,14,715,2017,6,16,1,2,8,1,0,0,0,1,0,0,0,5.56947E+20,5.92551E+21,9.85803E+15,5.34755E+16
123261,2.1706E+18,2,6,2,603,2017,6,17,1,3,5,3,1,1,0,0,0,0,0,5.80185E+20,5.92651E+21,1.02083E+16,5.34815E+16
123262,2.17062E+18,2,2,1,206,2017,6,3,6,3,0,7,1,0,0,0,0,2,0,5.63201E+20,5.93509E+21,9.95417E+15,5.35608E+16
123263,2.17062E+18,2,5,9,517,2017,6,15,6,3,2,6,0,1,0,0,0,0,0,5.7234E+20,5.94382E+21,1.00941E+16,5.36382E+16
123264,2.17062E+18,2,1,16,136,2017,6,9,6,3,3,2,0,1,0,0,0,0,0,5.66555E+20,5.9263E+21,1.00029E+16,5.34814E+16
123265,2.17061E+18,2,6,1,601,2017,6,16,4,2,5,7,0,1,0,1,0,0,1,5.80275E+20,5.92958E+21,1.02105E+16,5.3509E+16
123266,2.17061E+18,2,4,10,427,2017,6,16,5,3,0,6,0,1,0,1,0,0,1,5.69175E+20,5.93826E+21,1.0045E+16,5.35887E+16
123267,2.17061E+18,2,3,1,310,2017,6,9,6,3,2,6,0,1,0,0,0,0,0,5.63535E+20,5.93555E+21,9.95931E+15,5.35649E+16
123268,2.17061E+18,2,1,8,121,2017,6,20,6,3,0,2,0,0,0,1,0,1,1,5.69398E+20,5.93529E+21,1.00478E+16,5.35619E+16
123269,2.17061E+18,2,3,2,311,2017,6,12,7,3,5,3,0,1,0,0,1,0,0,5.6462E+20,5.93614E+21,9.97581E+15,5.35701E+16
123270,2.1706E+18,2,1,11,129,2017,6,19,1,3,5,3,1,1,0,0,0,0,0,5.71821E+20,5.93456E+21,1.00842E+16,5.3555E+16
123271,2.17061E+18,2,1,11,129,2017,6,0,7,3,1,6,0,1,0,0,1,2,1,5.72519E+20,5.93343E+21,1.00944E+16,5.35448E+16
123272,2.1706E+18,2,1,14,133,2017,6,18,1,3,5,3,0,1,0,1,0,0,0,5.68472E+20,5.9324E+21,1.00332E+16,5.35361E+16
123273,2.17061E+18,2,3,7,319,2017,6,20,1,3,4,6,0,1,0,0,1,0,1,5.60219E+20,5.94453E+21,9.91098E+15,5.36461E+16
123274,2.1706E+18,2,5,6,514,2017,6,15,1,3,2,6,0,1,0,0,0,0,0,5.73346E+20,5.94029E+21,1.01085E+16,5.36063E+16
123275,2.17061E+18,2,2,3,208,2017,6,14,2,3,4,2,1,1,0,0,0,0,0,5.63374E+20,5.93524E+21,9.95681E+15,5.35622E+16
123276,2.1706E+18,2,5,18,526,2017,6,10,1,3,3,2,0,1,0,0,0,0,1,5.76155E+20,5.93814E+21,1.01504E+16,5.35865E+16
123277,2.1706E+18,2,5,5,513,2017,6,13,1,3,2,6,0,1,0,0,0,0,0,5.74427E+20,5.93826E+21,1.01244E+16,5.35879E+16
123278,2.17061E+18,2,1,12,130,2017,6,18,7,3,6,4,0,1,1,0,0,0,0,5.73591E+20,5.93534E+21,1.01111E+16,5.35618E+16
123279,2.17061E+18,2,2,6,218,2017,6,10,1,3,5,2,0,1,0,0,0,0,0,5.58758E+20,5.9349E+21,9.88707E+15,5.35597E+16
123280,2.1706E+18,2,5,6,514,2017,6,19,1,2,5,3,1,1,0,0,0,0,0,5.73888E+20,5.94048E+21,1.01168E+16,5.3608E+16
123281,2.17061E+18,2,3,2,312,2017,6,12,2,3,6,4,0,1,1,0,0,0,0,5.65009E+20,5.93574E+21,9.98159E+15,5.35665E+16
123282,2.1706E+18,2,5,7,515,2017,6,16,1,3,6,4,0,1,1,0,0,0,0,5.71756E+20,5.94108E+21,1.00847E+16,5.36136E+16
123283,2.17061E+18,2,7,10,711,2017,6,6,2,3,6,2,0,1,1,0,0,0,0,5.63885E+20,5.92504E+21,9.96244E+15,5.34705E+16
123284,2.1706E+18,2,4,11,430,2017,6,10,1,3,5,3,0,1,0,0,0,0,1,5.69909E+20,5.94361E+21,1.00573E+16,5.36366E+16
123285,2.17061E+18,2,3,1,307,2017,6,14,3,3,1,5,1,1,0,0,0,0,0,5.63338E+20,5.93586E+21,9.95639E+15,5.35678E+16
123286,2.1706E+18,2,5,13,521,2017,6,18,1,3,5,2,1,1,0,0,0,0,0,5.72216E+20,5.94801E+21,1.00932E+16,5.36759E+16
123287,2.1706E+18,2,4,5,409,2017,6,10,1,3,2,6,0,1,0,0,0,0,1,5.68351E+20,5.9386E+21,1.00327E+16,5.35918E+16
123288,2.1706E+18,2,5,1,501,2017,6,1,1,3,0,7,0,1,1,0,0,2,1,5.68478E+20,5.9359E+21,1.0034E+16,5.35675E+16
123289,2.17062E+18,2,4,9,425,2017,6,19,5,3,4,2,0,1,0,1,0,0,0,5.70925E+20,5.93766E+21,1.00713E+16,5.3583E+16
123290,2.17062E+18,2,7,4,705,2017,6,18,5,3,2,6,0,1,0,0,1,0,0,5.65701E+20,5.9216E+21,9.98909E+15,5.34393E+16
123291,2.17062E+18,2,2,4,212,2017,6,19,6,3,4,6,1,1,0,0,0,0,0,5.60491E+20,5.93492E+21,9.91323E+15,5.35596E+16