OBJECTID,UIDENTSTLA,ULAND,UREGBEZ,UKREIS,UGEMEINDE,UJAHR,UMONAT,USTUNDE,UWOCHENTAG,UKATEGORIE,UART,UTYP1,IstRad,IstPKW,IstFuss,IstKrad,IstSonstig,LICHT,STRZUSTAND,LINREFX,LINREFY,XGCSWGS84,YGCSWGS84
123635,2.17061E+18,2,2,5,217,2017,6,16,5,3,2,6,0,1,0,0,1,0,1,5.5856E+20,5.93722E+21,9.88451E+15,5.35806E+16
123636,2.17062E+18,2,2,5,215,2017,6,9,4,3,4,2,1,1,0,0,0,0,0,5.61311E+20,5.93626E+21,9.92586E+15,5.35716E+16
123637,2.17062E+18,2,4,2,405,2017,6,17,4,3,5,3,0,1,0,0,0,0,0,5.6445E+20,5.93965E+21,9.97396E+15,5.36017E+16
123638,2.17062E+18,2,3,4,315,2017,6,7,4,3,4,6,1,0,0,0,0,0,0,5.64226E+20,5.93682E+21,9.97E+15,5.35763E+16
123639,2.17062E+18,2,3,2,311,2017,6,8,4,3,1,6,1,0,0,0,0,0,0,5.65128E+20,5.93558E+21,9.98336E+15,5.3565E+16
123640,2.17062E+18,2,1,3,108,2017,6,16,4,3,3,6,0,0,0,1,1,0,0,5.65793E+20,5.93476E+21,9.99322E+15,5.35576E+16
123641,2.17062E+18,2,1,5,114,2017,6,16,4,3,4,6,1,0,0,0,0,0,0,5.66596E+20,5.93427E+21,1.00052E+16,5.35531E+16
123642,2.17062E+18,2,1,16,137,2017,6,16,3,3,3,6,0,1,0,0,1,0,0,5.66032E+20,5.92832E+21,9.99548E+15,5.34996E+16
123643,2.17062E+18,2,1,11,129,2017,6,16,3,3,3,6,0,0,0,0,1,0,0,5.70898E+20,5.93493E+21,1.00703E+16,5.35585E+16
123644,2.17062E+18,2,1,12,130,2017,6,6,3,3,6,3,1,0,1,0,0,1,0,5.73684E+20,5.93331E+21,1.0112E+16,5.35435E+16
123645,2.17062E+18,2,5,6,514,2017,6,13,3,2,5,3,0,1,0,0,1,0,0,5.7433E+20,5.94117E+21,1.01236E+16,5.3614E+16
123646,2.17062E+18,2,5,2,505,2017,6,11,3,3,2,6,0,1,0,0,1,0,0,5.70558E+20,5.93639E+21,1.00655E+16,5.35716E+16
123647,2.17062E+18,2,5,10,518,2017,6,19,3,3,5,3,1,1,0,0,0,0,0,5.72282E+20,5.94497E+21,1.00935E+16,5.36485E+16
123648,2.17062E+18,2,5,12,520,2017,6,10,3,3,2,6,0,1,0,0,0,0,0,5.70128E+20,5.94516E+21,1.0061E+16,5.36505E+16
123649,2.17062E+18,2,5,16,524,2017,6,13,3,3,3,6,1,1,0,0,0,0,0,5.74749E+20,5.94748E+21,1.01315E+16,5.36707E+16
123650,2.17062E+18,2,4,5,410,2017,6,19,3,3,4,2,0,1,0,0,1,0,0,5.66601E+20,5.93793E+21,1.00061E+16,5.3586E+16
123651,2.17062E+18,2,4,5,411,2017,6,16,3,3,6,3,0,1,1,0,0,0,0,5.67823E+20,5.93782E+21,1.00245E+16,5.35848E+16
123652,2.17062E+18,2,4,6,415,2017,6,9,3,3,3,2,1,0,0,1,0,0,0,5.67155E+20,5.93632E+21,1.00141E+16,5.35715E+16
123653,2.17062E+18,2,2,9,221,2017,6,7,3,3,4,2,1,1,0,0,0,0,0,5.57074E+20,5.9369E+21,9.86201E+15,5.35778E+16
123654,2.17062E+18,2,3,6,318,2017,6,16,3,2,4,2,0,1,0,0,0,0,0,5.63923E+20,5.94335E+21,9.96676E+15,5.3635E+16
123655,2.17062E+18,2,3,5,317,2017,6,13,3,3,4,2,0,1,0,0,0,0,0,5.63438E+20,5.93935E+21,9.95862E+15,5.35991E+16
123656,2.17062E+18,2,2,2,207,2017,6,7,3,3,5,3,1,0,0,0,0,0,0,5.63649E+20,5.93514E+21,9.96095E+15,5.35613E+16
123657,2.17061E+18,2,5,4,512,2017,6,10,7,3,5,3,1,1,0,0,0,0,0,5.75595E+20,5.93634E+21,1.01416E+16,5.35705E+16
123658,2.17062E+18,2,1,1,101,2017,6,19,3,3,5,3,0,1,0,1,0,0,0,5.66659E+20,5.93395E+21,1.00061E+16,5.35502E+16
123659,2.17061E+18,2,4,2,403,2017,6,15,1,3,6,6,1,1,1,0,0,0,0,5.65387E+20,5.9386E+21,9.9879E+15,5.35921E+16
123660,2.17062E+18,2,1,3,108,2017,6,17,3,3,5,3,1,1,0,0,0,0,0,5.65198E+20,5.93464E+21,9.98423E+15,5.35566E+16
123661,2.17061E+18,2,1,4,112,2017,6,9,2,3,1,6,0,1,0,0,1,0,0,5.64349E+20,5.9334E+21,9.97115E+15,5.35456E+16
123662,2.17062E+18,2,7,10,711,2017,6,9,3,3,8,1,0,1,0,0,0,0,0,5.64569E+20,5.92492E+21,9.97272E+15,5.34694E+16
123663,2.1706E+18,2,4,3,406,2017,6,7,5,3,5,3,1,1,0,0,0,0,0,5.64939E+20,5.94013E+21,9.98145E+15,5.36059E+16
123664,2.17061E+18,2,5,18,526,2017,6,9,2,3,6,4,0,1,1,0,0,0,0,5.78037E+20,5.93875E+21,1.0179E+16,5.35918E+16
123665,2.17062E+18,2,1,20,141,2017,6,16,2,2,0,7,1,0,0,0,0,0,0,5.5727E+20,5.93202E+21,9.86408E+15,5.3534E+16
123666,2.1706E+18,2,2,1,206,2017,6,14,5,3,2,6,1,0,0,0,0,0,0,5.63193E+20,5.93508E+21,9.95404E+15,5.35608E+16
123667,2.17061E+18,2,4,2,404,2017,6,10,3,3,6,4,0,1,1,0,0,0,1,5.65418E+20,5.93866E+21,9.98839E+15,5.35927E+16
123668,2.17062E+18,2,1,11,129,2017,6,10,2,3,1,6,0,1,0,0,1,0,0,5.71752E+20,5.93461E+21,1.00831E+16,5.35554E+16
123669,2.1706E+18,2,3,3,314,2017,6,9,5,3,2,6,0,1,0,0,0,0,0,5.65807E+20,5.93717E+21,9.99395E+15,5.35793E+16
123670,2.17061E+18,2,4,3,406,2017,6,16,3,3,5,2,0,1,0,0,0,0,0,5.66164E+20,5.94148E+21,1.00002E+16,5.36179E+16
123671,2.17062E+18,2,1,7,120,2017,6,12,2,3,5,2,1,1,0,0,0,0,0,5.68794E+20,5.93497E+21,1.00386E+16,5.35591E+16
123672,2.1706E+18,2,2,2,207,2017,6,14,5,2,5,2,1,1,0,0,0,0,0,5.64066E+20,5.93471E+21,9.96714E+15,5.35573E+16
123673,2.17062E+18,2,5,3,511,2017,6,0,2,2,6,7,0,1,1,0,0,2,0,5.73326E+20,5.93583E+21,1.01072E+16,5.35662E+16
123674,2.17062E+18,2,5,18,526,2017,6,13,2,3,8,1,0,0,0,1,0,0,0,5.7441E+20,5.94107E+21,1.01248E+16,5.36131E+16
123675,2.1706E+18,2,1,3,108,2017,6,16,5,2,0,7,1,0,0,0,0,0,0,5.6533E+20,5.93389E+21,9.98606E+15,5.35499E+16
123676,2.17062E+18,2,5,13,521,2017,6,16,2,3,8,1,0,0,0,1,0,0,0,5.72148E+20,5.9478E+21,1.00922E+16,5.3674E+16
123677,2.17062E+18,2,3,9,321,2017,6,8,2,3,0,7,1,0,0,0,0,0,0,5.61E+20,5.93794E+21,9.9215E+15,5.35867E+16
123678,2.17062E+18,2,7,1,702,2017,6,11,5,3,0,3,0,1,0,0,1,0,0,5.65372E+20,5.9237E+21,9.98457E+15,5.34582E+16
123679,2.17062E+18,2,4,2,404,2017,6,14,6,2,5,3,1,1,0,0,0,0,0,5.65802E+20,5.9378E+21,9.994E+15,5.35849E+16
123680,2.17062E+18,2,5,5,513,2017,6,18,6,2,0,7,0,1,0,1,0,0,0,5.75187E+20,5.93892E+21,1.0136E+16,5.35937E+16
123681,2.17061E+18,2,4,8,421,2017,6,17,4,2,5,3,1,1,0,0,0,0,1,5.68802E+20,5.93714E+21,1.00392E+16,5.35786E+16
123682,2.17062E+18,2,3,1,307,2017,6,19,7,3,3,2,1,1,0,0,0,0,0,5.63224E+20,5.93604E+21,9.95471E+15,5.35694E+16
123683,2.17061E+18,2,1,5,113,2017,6,17,5,2,6,6,1,0,1,0,0,0,0,5.67052E+20,5.9351E+21,1.00123E+16,5.35605E+16
123684,2.17061E+18,2,5,7,515,2017,6,17,5,2,6,4,0,1,1,0,0,0,1,5.7124E+20,5.94113E+21,1.00769E+16,5.36141E+16
123685,2.17061E+18,2,1,8,125,2017,6,14,2,3,2,6,0,1,0,0,1,0,0,5.70534E+20,5.93443E+21,1.00647E+16,5.3554E+16
123686,2.17061E+18,2,5,1,501,2017,6,10,3,3,6,6,0,1,1,0,0,0,0,5.69005E+20,5.93556E+21,1.00419E+16,5.35644E+16
123687,2.17062E+18,2,1,7,119,2017,6,14,6,3,1,6,0,1,0,0,0,0,0,5.68823E+20,5.93424E+21,1.00388E+16,5.35525E+16
123688,2.17062E+18,2,2,8,220,2017,6,10,2,3,1,5,0,0,0,0,1,0,0,5.57943E+20,5.93806E+21,9.87535E+15,5.35881E+16
123689,2.17062E+18,2,3,6,318,2017,6,19,2,3,5,3,1,1,0,0,0,0,0,5.63606E+20,5.94259E+21,9.96182E+15,5.36282E+16
123690,2.17062E+18,2,3,1,308,2017,6,19,2,3,3,6,0,1,0,0,0,0,0,5.6377E+20,5.93607E+21,9.96296E+15,5.35697E+16
123691,2.17062E+18,2,3,1,308,2017,6,8,2,3,2,6,1,1,0,0,0,0,0,5.63619E+20,5.9365E+21,9.96077E+15,5.35735E+16
123692,2.17062E+18,2,2,1,202,2017,6,15,2,3,3,6,0,1,0,0,0,0,0,5.62375E+20,5.93347E+21,9.94139E+15,5.35464E+16
123693,2.17062E+18,2,2,3,210,2017,6,14,2,3,5,3,1,1,0,0,0,0,0,5.62502E+20,5.935E+21,9.94359E+15,5.35601E+16
123694,2.17062E+18,2,1,4,112,2017,6,15,2,2,4,2,0,1,0,1,0,0,0,5.64236E+20,5.93346E+21,9.96945E+15,5.35461E+16
123695,2.17062E+18,2,1,1,102,2017,6,9,2,3,3,7,0,1,0,0,0,0,0,5.65988E+20,5.93383E+21,9.99598E+15,5.35492E+16
123696,2.17062E+18,2,7,1,702,2017,6,11,2,3,0,7,1,0,0,0,0,0,0,5.65227E+20,5.92438E+21,9.98252E+15,5.34643E+16
123697,2.17062E+18,2,1,20,141,2017,6,20,1,3,3,6,0,1,0,1,0,0,0,5.58055E+20,5.93198E+21,9.87591E+15,5.35335E+16
123698,2.17061E+18,2,7,13,714,2017,6,17,6,3,4,6,0,1,0,0,0,0,1,5.59509E+20,5.92574E+21,9.89666E+15,5.34773E+16
123699,2.17062E+18,2,6,2,602,2017,6,12,1,3,0,3,1,0,0,0,1,0,0,5.79741E+20,5.92735E+21,1.02019E+16,5.34891E+16
123700,2.17061E+18,2,4,8,420,2017,6,20,7,2,5,3,1,1,0,0,0,0,0,5.68171E+20,5.93652E+21,1.00295E+16,5.35731E+16
123701,2.17062E+18,2,1,12,130,2017,6,22,1,2,6,4,0,1,1,0,0,2,0,5.72638E+20,5.93316E+21,1.00962E+16,5.35423E+16
123702,2.17061E+18,2,7,1,702,2017,6,13,7,3,2,7,0,1,0,0,1,0,0,5.66099E+20,5.92443E+21,9.99567E+15,5.34647E+16
123703,2.17062E+18,2,1,8,124,2017,6,20,1,3,5,3,1,1,0,0,0,0,0,5.68948E+20,5.93457E+21,1.00408E+16,5.35555E+16
123704,2.17062E+18,2,5,3,510,2017,6,23,1,3,4,7,0,1,0,0,0,2,0,5.70853E+20,5.93642E+21,1.007E+16,5.35718E+16
123705,2.1706E+18,2,1,3,108,2017,6,16,5,3,3,6,0,0,0,0,1,0,0,5.64914E+20,5.9345E+21,9.97991E+15,5.35554E+16
123706,2.17061E+18,2,6,11,612,2017,6,12,1,2,0,7,1,0,0,0,0,0,0,5.71927E+20,5.92946E+21,1.00846E+16,5.35091E+16
123707,2.17062E+18,2,5,7,515,2017,6,16,1,3,6,5,0,1,1,0,0,0,0,5.7343E+20,5.94197E+21,1.01102E+16,5.36214E+16
123708,2.1706E+18,2,1,3,107,2017,6,15,5,3,1,5,1,1,0,0,0,0,0,5.65122E+20,5.9343E+21,9.98301E+15,5.35535E+16
123709,2.17061E+18,2,4,13,432,2017,6,13,2,3,0,1,0,0,0,1,0,0,1,5.67864E+20,5.94507E+21,1.00267E+16,5.365E+16
123710,2.17062E+18,2,5,8,516,2017,6,13,1,3,4,2,0,1,0,0,0,0,0,5.7041E+20,5.94093E+21,1.00643E+16,5.36125E+16
123711,2.1706E+18,2,1,3,108,2017,6,14,5,3,0,2,0,1,0,0,1,0,0,5.65514E+20,5.93482E+21,9.98903E+15,5.35582E+16
123712,2.17061E+18,2,3,2,312,2017,6,17,3,3,1,7,0,1,0,0,0,0,0,5.65933E+20,5.93593E+21,9.99559E+15,5.35681E+16
123713,2.17062E+18,2,5,7,515,2017,6,13,1,3,0,7,1,0,0,0,0,0,0,5.72466E+20,5.94093E+21,1.00954E+16,5.36122E+16
123714,2.1706E+18,2,1,1,101,2017,6,12,5,3,5,3,1,1,0,0,0,0,0,5.66376E+20,5.93451E+21,1.0002E+16,5.35552E+16
123715,2.17062E+18,2,4,8,421,2017,6,0,1,2,6,4,0,1,1,0,0,2,0,5.68437E+20,5.93782E+21,1.00338E+16,5.35847E+16
123716,2.1706E+18,2,4,7,416,2017,6,9,5,3,4,2,1,1,0,0,0,0,0,5.67979E+20,5.93467E+21,1.00262E+16,5.35565E+16
123717,2.17062E+18,2,3,1,302,2017,6,17,5,3,4,7,1,1,0,0,0,0,0,5.63122E+20,5.93742E+21,9.95344E+15,5.35819E+16
123718,2.17062E+18,2,1,8,121,2017,6,8,5,3,5,3,0,1,0,0,0,0,0,5.69304E+20,5.93539E+21,1.00464E+16,5.35628E+16
123719,2.17062E+18,2,3,2,312,2017,6,13,6,3,5,3,1,0,0,0,1,0,0,5.6548E+20,5.93525E+21,9.98861E+15,5.35621E+16
123720,2.17061E+18,2,5,5,513,2017,6,13,3,3,2,6,0,1,0,0,0,0,0,5.74412E+20,5.93826E+21,1.01242E+16,5.35879E+16
123721,2.17062E+18,2,4,13,432,2017,6,17,6,3,5,2,0,1,0,0,0,0,0,5.66848E+20,5.94478E+21,1.00113E+16,5.36475E+16
123722,2.17071E+18,2,2,3,208,2017,7,14,4,3,3,2,1,1,0,0,0,0,1,5.63572E+20,5.9354E+21,9.95983E+15,5.35636E+16
123723,2.17071E+18,2,7,12,713,2017,7,10,4,2,5,7,0,1,0,0,1,0,1,5.60984E+20,5.92959E+21,9.91964E+15,5.35117E+16
123724,2.17071E+18,2,1,19,140,2017,7,9,3,3,1,2,0,1,0,0,0,0,1,5.60491E+20,5.92987E+21,9.91225E+15,5.35143E+16
123725,2.17071E+18,2,1,16,137,2017,7,9,3,3,4,2,0,1,0,0,0,0,1,5.66063E+20,5.9283E+21,9.99595E+15,5.34995E+16
123726,2.17071E+18,2,6,1,601,2017,7,16,3,1,6,4,0,1,1,0,0,0,0,5.79768E+20,5.92844E+21,1.02025E+16,5.34988E+16
123727,2.17071E+18,2,1,12,130,2017,7,15,3,3,1,6,0,1,0,0,0,0,0,5.7347E+20,5.93259E+21,1.01086E+16,5.35371E+16
123728,2.17071E+18,2,1,12,130,2017,7,17,3,3,6,4,0,1,1,0,0,0,0,5.73825E+20,5.93354E+21,1.01142E+16,5.35456E+16
123729,2.17071E+18,2,1,12,130,2017,7,19,3,3,5,3,0,1,0,0,0,0,1,5.76228E+20,5.93141E+21,1.01499E+16,5.3526E+16
123730,2.17071E+18,2,1,11,129,2017,7,10,3,3,1,6,0,1,0,0,0,0,1,5.71764E+20,5.93463E+21,1.00833E+16,5.35556E+16
123731,2.17071E+18,2,5,4,512,2017,7,17,3,2,0,6,0,0,0,1,1,0,1,5.75077E+20,5.93651E+21,1.01338E+16,5.3572E+16
123732,2.17071E+18,2,5,4,512,2017,7,11,3,3,5,3,1,1,0,0,0,0,0,5.7579E+20,5.93745E+21,1.01448E+16,5.35804E+16
123733,2.17071E+18,2,5,8,516,2017,7,15,3,3,3,6,1,0,0,0,0,0,1,5.69273E+20,5.94044E+21,1.0047E+16,5.36082E+16
123734,2.17071E+18,2,5,7,515,2017,7,18,3,3,1,5,1,1,0,0,0,0,0,5.70859E+20,5.93926E+21,1.00707E+16,5.35974E+16
123735,2.17071E+18,2,5,17,525,2017,7,16,3,3,5,3,1,1,0,0,0,0,1,5.76687E+20,5.94481E+21,1.01601E+16,5.36464E+16
123736,2.17071E+18,2,5,14,522,2017,7,8,3,3,5,3,1,1,0,0,0,0,0,5.72962E+20,5.95167E+21,1.01054E+16,5.37086E+16
123737,2.17071E+18,2,5,14,522,2017,7,14,3,3,5,3,1,1,0,0,0,0,1,5.73307E+20,5.95127E+21,1.01105E+16,5.37049E+16
123738,2.17071E+18,2,4,13,432,2017,7,17,3,3,2,6,0,1,0,0,0,0,0,5.67881E+20,5.94509E+21,1.0027E+16,5.36502E+16
123739,2.17071E+18,2,4,6,415,2017,7,12,3,3,1,5,1,1,0,0,0,0,1,5.67762E+20,5.93604E+21,1.00232E+16,5.35689E+16
123740,2.17071E+18,2,4,6,414,2017,7,17,3,3,5,3,1,1,0,0,0,0,0,5.67459E+20,5.93733E+21,1.00189E+16,5.35805E+16
123741,2.17071E+18,2,3,8,320,2017,7,14,3,3,4,6,0,1,0,0,1,0,1,5.58897E+20,5.9413E+21,9.89038E+15,5.36172E+16
123742,2.17071E+18,2,2,10,222,2017,7,8,3,3,5,2,0,1,0,1,0,0,1,5.55784E+20,5.93393E+21,9.842E+15,5.35513E+16
123743,2.17071E+18,2,2,5,215,2017,7,16,3,3,4,6,1,0,0,0,0,0,0,5.6057E+20,5.93747E+21,9.91492E+15,5.35826E+16
123744,2.17071E+18,2,2,7,219,2017,7,9,3,3,2,6,0,1,0,0,0,0,1,5.59951E+20,5.93379E+21,9.90486E+15,5.35495E+16
123745,2.17071E+18,2,2,4,212,2017,7,18,3,3,6,3,1,0,1,0,0,0,1,5.60355E+20,5.93431E+21,9.91106E+15,5.35542E+16
123746,2.17071E+18,2,2,7,219,2017,7,15,3,3,5,3,1,1,0,0,0,0,0,5.5759E+20,5.93436E+21,9.86933E+15,5.35549E+16
123747,2.17071E+18,2,3,5,317,2017,7,12,3,3,6,7,1,0,1,0,0,0,0,5.62985E+20,5.93928E+21,9.95175E+15,5.35985E+16
123748,2.17071E+18,2,2,4,211,2017,7,6,3,3,5,3,1,0,0,0,1,0,1,5.61473E+20,5.93464E+21,9.92799E+15,5.3557E+16
123749,2.17071E+18,2,2,3,209,2017,7,8,3,3,4,6,1,0,0,0,0,0,1,5.62362E+20,5.93553E+21,9.94159E+15,5.3565E+16
123750,2.17071E+18,2,1,3,106,2017,7,21,3,3,3,2,1,1,0,0,0,1,0,5.64248E+20,5.9339E+21,9.96974E+15,5.35501E+16
123751,2.17071E+18,2,1,16,137,2017,7,12,2,3,5,3,0,1,0,0,1,0,1,5.65102E+20,5.93068E+21,9.98195E+15,5.3521E+16
123752,2.17071E+18,2,1,12,130,2017,7,20,2,3,9,1,0,1,0,0,0,0,1,5.73556E+20,5.93274E+21,1.01099E+16,5.35384E+16
123753,2.17071E+18,2,5,6,514,2017,7,17,2,3,2,6,0,1,0,0,0,0,1,5.75342E+20,5.94301E+21,1.01394E+16,5.36305E+16
123754,2.17071E+18,2,5,6,514,2017,7,13,2,3,5,3,1,1,0,0,0,0,1,5.73188E+20,5.94079E+21,1.01062E+16,5.36108E+16
123755,2.17071E+18,2,5,6,514,2017,7,15,2,3,4,2,0,1,0,0,0,0,1,5.75439E+20,5.94287E+21,1.01408E+16,5.36291E+16
123756,2.17071E+18,2,5,3,511,2017,7,16,2,3,0,6,0,1,0,0,1,0,1,5.71683E+20,5.93635E+21,1.00825E+16,5.35711E+16
123757,2.17071E+18,2,3,9,321,2017,7,11,2,3,0,7,1,0,0,0,0,0,1,5.62186E+20,5.93865E+21,9.93956E+15,5.3593E+16
123758,2.17071E+18,2,3,8,320,2017,7,17,2,3,9,7,0,1,0,0,1,0,1,5.5987E+20,5.93845E+21,9.90453E+15,5.35914E+16
123759,2.17071E+18,2,3,7,319,2017,7,12,2,3,0,7,1,0,0,0,0,0,1,5.60624E+20,5.94405E+21,9.91701E+15,5.36417E+16
123760,2.17071E+18,2,3,5,317,2017,7,18,2,3,2,6,0,1,0,0,0,0,0,5.62615E+20,5.93872E+21,9.94606E+15,5.35936E+16
123761,2.17071E+18,2,3,2,311,2017,7,9,2,3,6,4,0,1,1,0,0,0,0,5.64925E+20,5.93589E+21,9.98037E+15,5.35679E+16
123762,2.17071E+18,2,1,4,112,2017,7,18,2,3,6,4,1,0,1,0,0,0,1,5.63778E+20,5.93383E+21,9.96262E+15,5.35495E+16
123763,2.17071E+18,2,1,3,108,2017,7,22,2,3,4,2,0,1,0,0,0,2,0,5.65532E+20,5.93483E+21,9.98931E+15,5.35583E+16
123764,2.17071E+18,2,1,5,113,2017,7,7,2,3,5,3,1,1,0,0,0,0,0,5.67522E+20,5.93422E+21,1.00192E+16,5.35525E+16
123765,2.17071E+18,2,7,14,715,2017,7,21,1,3,0,3,1,0,0,0,1,0,0,5.57282E+20,5.92486E+21,9.86295E+15,5.34696E+16
123766,2.17071E+18,2,1,16,137,2017,7,18,1,3,8,1,0,1,0,0,0,0,0,5.6591E+20,5.92598E+21,9.99314E+15,5.34786E+16
123767,2.17071E+18,2,6,11,612,2017,7,14,1,3,3,6,1,0,0,1,0,0,0,5.71416E+20,5.92919E+21,1.00768E+16,5.35068E+16
123768,2.17071E+18,2,6,9,610,2017,7,23,1,3,1,5,1,1,0,0,0,2,0,5.7472E+20,5.9277E+21,1.01263E+16,5.34929E+16
123769,2.17071E+18,2,6,9,610,2017,7,14,1,3,2,6,0,0,0,1,0,0,0,5.75276E+20,5.92641E+21,1.01343E+16,5.34813E+16
123770,2.17071E+18,2,1,6,115,2017,7,9,1,3,3,6,0,1,0,0,0,0,0,5.67219E+20,5.93348E+21,1.00145E+16,5.35459E+16
123771,2.17071E+18,2,5,4,512,2017,7,0,1,3,6,3,0,1,1,0,0,2,0,5.73318E+20,5.9366E+21,1.01072E+16,5.35732E+16
123772,2.17071E+18,2,5,4,512,2017,7,18,1,3,2,6,0,1,0,0,0,0,0,5.74482E+20,5.9364E+21,1.01248E+16,5.35712E+16
123773,2.17071E+18,2,5,7,515,2017,7,13,1,3,5,3,0,1,0,1,0,0,0,5.72604E+20,5.94182E+21,1.00977E+16,5.36202E+16
123774,2.17071E+18,2,4,12,431,2017,7,5,1,3,1,5,0,1,0,0,1,1,0,5.67696E+20,5.94271E+21,1.00237E+16,5.36288E+16
123775,2.17071E+18,2,4,5,409,2017,7,17,1,3,6,4,0,1,1,0,0,0,0,5.67096E+20,5.93905E+21,1.00138E+16,5.3596E+16
123776,2.17071E+18,2,4,5,413,2017,7,15,1,3,5,2,1,1,0,0,0,0,0,5.6695E+20,5.93747E+21,1.00113E+16,5.35818E+16
123777,2.17071E+18,2,3,7,319,2017,7,17,1,3,5,3,0,1,0,0,0,0,0,5.60443E+20,5.94383E+21,9.91424E+15,5.36397E+16
123778,2.17071E+18,2,3,1,306,2017,7,11,1,3,0,4,1,0,1,0,0,0,0,5.6319E+20,5.93655E+21,9.9543E+15,5.3574E+16
123779,2.17071E+18,2,4,2,405,2017,7,15,1,3,2,6,0,1,0,0,0,0,0,5.65145E+20,5.93897E+21,9.98432E+15,5.35956E+16
123780,2.17071E+18,2,3,3,314,2017,7,18,1,3,5,3,0,1,0,0,0,0,0,5.64673E+20,5.93703E+21,9.97679E+15,5.35781E+16
123781,2.17071E+18,2,1,6,117,2017,7,9,7,3,6,6,0,0,1,0,1,0,0,5.67958E+20,5.93415E+21,1.00258E+16,5.35518E+16
123782,2.17071E+18,2,5,5,513,2017,7,6,7,3,4,6,0,1,0,0,0,0,0,5.74308E+20,5.93872E+21,1.01227E+16,5.3592E+16
123783,2.17071E+18,2,5,6,514,2017,7,19,7,3,2,2,0,1,0,0,0,0,0,5.74914E+20,5.94231E+21,1.01327E+16,5.36242E+16
123784,2.17071E+18,2,4,12,431,2017,7,22,7,3,5,3,1,1,0,0,0,2,0,5.67779E+20,5.94255E+21,1.00249E+16,5.36273E+16
123785,2.17071E+18,2,3,4,315,2017,7,18,7,2,3,6,0,0,0,1,0,0,0,5.64573E+20,5.93713E+21,9.9753E+15,5.35791E+16
123786,2.17071E+18,2,2,3,210,2017,7,14,7,3,5,3,0,1,0,1,0,0,0,5.62425E+20,5.93447E+21,9.94234E+15,5.35554E+16
123787,2.17071E+18,2,2,3,208,2017,7,4,7,3,7,7,0,1,1,0,0,1,0,5.63117E+20,5.93519E+21,9.95292E+15,5.35618E+16
123788,2.17071E+18,2,7,1,702,2017,7,20,6,3,4,6,1,1,0,0,0,0,0,5.65181E+20,5.9238E+21,9.98172E+15,5.34591E+16
123789,2.17071E+18,2,6,1,601,2017,7,9,6,3,3,6,1,1,0,0,0,0,0,5.80082E+20,5.92898E+21,1.02074E+16,5.35037E+16
123790,2.17071E+18,2,4,7,416,2017,7,7,6,3,6,4,0,0,1,0,1,0,0,5.67979E+20,5.93468E+21,1.00262E+16,5.35566E+16
123791,2.17071E+18,2,1,6,117,2017,7,5,6,2,5,3,1,1,0,0,0,0,0,5.67937E+20,5.93414E+21,1.00255E+16,5.35518E+16
123792,2.17071E+18,2,5,18,526,2017,7,13,6,3,2,6,0,1,0,0,1,0,0,5.75113E+20,5.94153E+21,1.01355E+16,5.36171E+16
123793,2.17071E+18,2,5,9,517,2017,7,11,6,3,4,7,0,1,0,0,1,0,0,5.72267E+20,5.94393E+21,1.00931E+16,5.36392E+16
123794,2.17071E+18,2,4,12,431,2017,7,15,6,3,4,6,1,0,0,0,0,0,0,5.67513E+20,5.94295E+21,1.0021E+16,5.3631E+16
123795,2.17071E+18,2,4,13,432,2017,7,15,6,2,2,7,0,1,0,1,0,0,0,5.66203E+20,5.94713E+21,1.00021E+16,5.36687E+16
123796,2.17071E+18,2,4,13,432,2017,7,20,6,3,5,2,0,1,0,0,0,0,0,5.67378E+20,5.94543E+21,1.00195E+16,5.36533E+16
123797,2.17071E+18,2,4,5,413,2017,7,8,6,2,1,5,1,0,0,0,1,0,0,5.66449E+20,5.93715E+21,1.00036E+16,5.35789E+16
123798,2.17071E+18,2,4,10,426,2017,7,8,6,3,1,2,0,1,0,0,0,0,0,5.69714E+20,5.93832E+21,1.00532E+16,5.35891E+16
123799,2.17071E+18,2,3,9,321,2017,7,14,6,3,4,6,1,0,0,1,0,0,0,5.61914E+20,5.93753E+21,9.93523E+15,5.3583E+16
123800,2.17071E+18,2,2,5,215,2017,7,17,6,3,0,3,1,1,0,0,0,0,0,5.60309E+20,5.93761E+21,9.91099E+15,5.35838E+16
123801,2.17071E+18,2,3,7,319,2017,7,13,6,3,5,3,1,1,0,0,0,0,0,5.60734E+20,5.94336E+21,9.91855E+15,5.36355E+16
123802,2.17071E+18,2,2,1,205,2017,7,15,6,3,3,6,0,1,0,0,0,0,0,5.63061E+20,5.93441E+21,9.95191E+15,5.35548E+16
123803,2.17071E+18,2,7,12,713,2017,7,14,5,3,5,3,1,1,0,0,0,0,0,5.58687E+20,5.93024E+21,9.88512E+15,5.35179E+16
123804,2.17071E+18,2,6,6,607,2017,7,15,5,3,9,5,0,1,0,1,0,0,0,5.74243E+20,5.9207E+21,1.01174E+16,5.34301E+16
123805,2.17071E+18,2,1,12,130,2017,7,14,5,3,6,4,1,0,1,0,0,0,0,5.73622E+20,5.93428E+21,1.01113E+16,5.35522E+16
123806,2.17071E+18,2,1,12,130,2017,7,11,5,3,0,7,0,0,0,0,1,0,0,5.73621E+20,5.93324E+21,1.0111E+16,5.35429E+16