OBJECTID,UIDENTSTLA,ULAND,UREGBEZ,UKREIS,UGEMEINDE,UJAHR,UMONAT,USTUNDE,UWOCHENTAG,UKATEGORIE,UART,UTYP1,IstRad,IstPKW,IstFuss,IstKrad,IstSonstig,LICHT,STRZUSTAND,LINREFX,LINREFY,XGCSWGS84,YGCSWGS84
123979,2.17063E+18,2,2,3,210,2017,6,17,5,3,2,6,0,1,0,0,0,0,0,5.62713E+20,5.93515E+21,9.94682E+15,5.35615E+16
123980,2.17063E+18,2,3,3,314,2017,6,17,5,3,4,2,1,1,0,0,0,0,0,5.66043E+20,5.9371E+21,9.99749E+15,5.35786E+16
123981,2.17072E+18,2,1,8,121,2017,7,8,3,3,0,6,0,0,0,0,1,0,0,5.68985E+20,5.93457E+21,1.00414E+16,5.35555E+16
123982,2.17072E+18,2,5,18,526,2017,7,10,3,3,5,3,0,1,0,0,0,0,0,5.76883E+20,5.94364E+21,1.01628E+16,5.36359E+16
123983,2.17072E+18,2,5,6,514,2017,7,14,3,3,2,2,0,1,0,0,0,0,0,5.74929E+20,5.94231E+21,1.01329E+16,5.36242E+16
123984,2.17072E+18,2,5,6,514,2017,7,7,3,3,5,3,1,1,0,0,0,0,0,5.74678E+20,5.9393E+21,1.01284E+16,5.35972E+16
123985,2.17072E+18,2,5,7,515,2017,7,12,3,3,5,3,1,0,0,0,1,0,0,5.70808E+20,5.93951E+21,1.007E+16,5.35996E+16
123986,2.17072E+18,2,5,12,520,2017,7,15,3,3,2,6,0,1,0,0,1,0,0,5.6906E+20,5.94703E+21,1.00453E+16,5.36674E+16
123987,2.17072E+18,2,5,10,518,2017,7,9,3,3,2,2,0,1,0,0,0,0,0,5.72887E+20,5.94555E+21,1.01028E+16,5.36536E+16
123988,2.17063E+18,2,1,4,110,2017,6,20,5,3,4,3,1,0,0,0,0,1,1,5.63771E+20,5.93459E+21,9.96268E+15,5.35563E+16
123989,2.17072E+18,2,4,13,432,2017,7,7,3,3,5,3,1,0,0,0,1,0,0,5.67388E+20,5.94553E+21,1.00196E+16,5.36542E+16
123990,2.17072E+18,2,4,5,409,2017,7,9,3,3,0,5,1,1,0,0,0,0,0,5.66037E+20,5.93902E+21,9.99782E+15,5.35958E+16
123991,2.17072E+18,2,2,11,223,2017,7,9,3,3,2,6,0,1,0,0,0,0,0,5.52721E+20,5.93562E+21,9.79606E+15,5.35668E+16
123992,2.17063E+18,2,3,1,310,2017,6,15,5,3,4,2,1,1,0,0,0,0,0,5.63595E+20,5.9354E+21,9.96018E+15,5.35636E+16
123993,2.17072E+18,2,2,11,223,2017,7,0,3,2,9,1,0,0,0,1,0,2,0,5.5337E+20,5.93523E+21,9.80579E+15,5.35632E+16
123994,2.17072E+18,2,2,5,215,2017,7,16,3,3,1,7,1,1,0,0,0,0,0,5.60823E+20,5.93689E+21,9.91863E+15,5.35773E+16
123995,2.17063E+18,2,2,3,208,2017,6,12,5,3,3,2,1,1,0,0,0,0,0,5.63396E+20,5.93526E+21,9.95715E+15,5.35624E+16
123996,2.17072E+18,2,2,8,220,2017,7,17,3,3,3,2,1,1,0,0,0,0,0,5.57915E+20,5.93803E+21,9.87493E+15,5.35879E+16
123997,2.17072E+18,2,3,5,317,2017,7,11,3,3,3,6,0,1,0,0,0,0,0,5.62574E+20,5.93871E+21,9.94544E+15,5.35935E+16
123998,2.17063E+18,2,1,4,111,2017,6,2,5,3,4,6,1,0,0,0,0,2,0,5.63813E+20,5.93477E+21,9.96334E+15,5.35579E+16
123999,2.17072E+18,2,1,4,111,2017,7,19,3,3,5,2,0,1,0,0,0,0,0,5.64409E+20,5.93427E+21,9.97224E+15,5.35534E+16
124000,2.17063E+18,2,1,1,101,2017,6,10,5,3,0,4,0,0,1,0,1,0,0,5.66015E+20,5.93399E+21,9.99641E+15,5.35506E+16
124001,2.17063E+18,2,1,3,108,2017,6,9,5,3,3,5,1,1,0,0,0,0,0,5.65376E+20,5.93454E+21,9.98689E+15,5.35556E+16
124002,2.17063E+18,2,1,17,138,2017,6,9,5,3,3,2,0,1,0,0,1,0,0,5.66833E+20,5.93097E+21,1.00081E+16,5.35234E+16
124003,2.17072E+18,2,3,1,309,2017,7,8,3,3,0,7,1,0,0,0,0,0,0,5.64128E+20,5.93577E+21,9.9683E+15,5.35669E+16
124004,2.17063E+18,2,5,18,526,2017,6,17,4,2,6,7,0,1,1,0,0,0,0,5.76504E+20,5.93965E+21,1.01561E+16,5.36E+16
124005,2.17063E+18,2,5,5,513,2017,6,7,4,3,6,2,0,0,1,0,1,0,0,5.74458E+20,5.93808E+21,1.01248E+16,5.35863E+16
124006,2.17072E+18,2,1,5,113,2017,7,9,3,3,4,6,1,0,0,0,0,0,0,5.67663E+20,5.93466E+21,1.00214E+16,5.35565E+16
124007,2.17063E+18,2,5,18,526,2017,6,20,4,3,5,3,0,1,0,0,0,0,0,5.78238E+20,5.93953E+21,1.01823E+16,5.35987E+16
124008,2.17063E+18,2,5,7,515,2017,6,14,4,2,2,6,1,1,0,0,0,0,0,5.72718E+20,5.94186E+21,1.00994E+16,5.36205E+16
124009,2.17063E+18,2,5,10,518,2017,6,7,4,3,2,2,0,1,0,0,0,0,0,5.72858E+20,5.94486E+21,1.01022E+16,5.36474E+16
124010,2.17072E+18,2,7,1,701,2017,7,17,2,3,2,6,0,1,0,1,0,0,0,5.6453E+20,5.92427E+21,9.972E+15,5.34634E+16
124011,2.17063E+18,2,5,11,519,2017,6,13,4,3,5,3,1,1,0,0,0,0,0,5.72387E+20,5.94582E+21,1.00953E+16,5.36562E+16
124012,2.17063E+18,2,5,17,525,2017,6,11,4,3,9,1,0,1,0,0,0,0,0,5.77787E+20,5.94522E+21,1.01769E+16,5.365E+16
124013,2.17063E+18,2,4,4,407,2017,6,17,4,3,3,6,1,0,0,0,0,0,1,5.66716E+20,5.94104E+21,1.00085E+16,5.36139E+16
124014,2.17063E+18,2,4,5,409,2017,6,9,4,2,0,5,1,1,0,0,0,0,0,5.66027E+20,5.93904E+21,9.99767E+15,5.3596E+16
124015,2.17063E+18,2,4,5,412,2017,6,9,4,3,1,5,1,1,0,0,0,0,0,5.67111E+20,5.93784E+21,1.00138E+16,5.35851E+16
124016,2.17063E+18,2,5,1,501,2017,6,17,4,3,1,5,1,1,0,0,0,0,1,5.6897E+20,5.93542E+21,1.00413E+16,5.35632E+16
124017,2.17063E+18,2,2,9,221,2017,6,18,4,3,3,6,0,1,0,0,1,0,1,5.57315E+20,5.93604E+21,9.86549E+15,5.35701E+16
124018,2.17063E+18,2,3,6,318,2017,6,12,4,3,3,6,0,1,0,0,0,0,0,5.6436E+20,5.94438E+21,9.97358E+15,5.36442E+16
124019,2.17063E+18,2,3,1,307,2017,6,14,4,3,2,6,0,1,0,0,1,0,0,5.63233E+20,5.93603E+21,9.95485E+15,5.35693E+16
124020,2.17063E+18,2,2,4,212,2017,6,22,4,3,4,3,0,1,0,0,0,2,0,5.60807E+20,5.93428E+21,9.91787E+15,5.35539E+16
124021,2.17063E+18,2,2,3,210,2017,6,20,4,3,9,1,1,0,0,0,0,1,1,5.62024E+20,5.93441E+21,9.93627E+15,5.35549E+16
124022,2.17063E+18,2,3,1,309,2017,6,21,4,3,4,2,1,1,0,0,0,1,0,5.64461E+20,5.93609E+21,9.97339E+15,5.35697E+16
124023,2.17063E+18,2,3,2,311,2017,6,9,4,3,3,6,1,1,0,0,0,0,0,5.64326E+20,5.93589E+21,9.97132E+15,5.35679E+16
124024,2.17072E+18,2,1,16,137,2017,7,7,2,3,4,2,1,1,0,0,0,0,0,5.65779E+20,5.9287E+21,9.99174E+15,5.35031E+16
124025,2.17072E+18,2,6,9,610,2017,7,18,2,3,1,5,1,1,0,0,0,0,0,5.75517E+20,5.92607E+21,1.01379E+16,5.34782E+16
124026,2.17072E+18,2,6,7,608,2017,7,18,2,2,4,6,1,0,0,0,0,0,0,5.71837E+20,5.92567E+21,1.00824E+16,5.34751E+16
124027,2.17072E+18,2,1,12,130,2017,7,17,2,3,3,2,1,1,0,0,0,0,0,5.73917E+20,5.93487E+21,1.01159E+16,5.35575E+16
124028,2.17072E+18,2,1,13,131,2017,7,16,2,3,5,3,0,1,0,0,0,0,0,5.72773E+20,5.93237E+21,1.0098E+16,5.35352E+16
124029,2.17072E+18,2,1,8,123,2017,7,21,2,3,1,5,0,1,0,0,1,1,0,5.70611E+20,5.93442E+21,1.00659E+16,5.35539E+16
124030,2.17072E+18,2,1,14,132,2017,7,17,2,3,5,3,1,1,0,0,0,0,0,5.68784E+20,5.93297E+21,1.0038E+16,5.35412E+16
124031,2.17072E+18,2,1,6,117,2017,7,7,2,2,6,4,0,0,1,0,1,0,0,5.67625E+20,5.934E+21,1.00207E+16,5.35506E+16
124032,2.17072E+18,2,5,18,526,2017,7,12,2,3,2,2,0,1,0,0,0,0,0,5.76415E+20,5.93998E+21,1.01548E+16,5.36031E+16
124033,2.17072E+18,2,5,18,526,2017,7,14,2,3,5,3,0,1,0,0,0,0,0,5.75116E+20,5.94151E+21,1.01356E+16,5.3617E+16
124034,2.17072E+18,2,5,5,513,2017,7,7,2,3,6,4,0,1,1,0,0,0,0,5.72741E+20,5.93833E+21,1.00989E+16,5.35888E+16
124035,2.17072E+18,2,5,7,515,2017,7,17,2,3,5,2,1,1,0,0,0,0,0,5.73437E+20,5.94218E+21,1.01103E+16,5.36232E+16
124036,2.17063E+18,2,1,4,110,2017,6,3,4,3,6,3,0,1,1,0,0,1,0,5.6378E+20,5.9346E+21,9.96282E+15,5.35564E+16
124037,2.17072E+18,2,5,7,515,2017,7,9,2,3,6,4,0,1,1,0,0,0,0,5.71452E+20,5.94049E+21,1.00799E+16,5.36084E+16
124038,2.17063E+18,2,1,4,111,2017,6,9,4,3,1,7,0,1,0,1,0,0,0,5.63728E+20,5.93393E+21,9.9619E+15,5.35504E+16
124039,2.17063E+18,2,1,3,108,2017,6,17,4,3,5,3,1,1,0,0,0,0,1,5.65781E+20,5.93478E+21,9.99305E+15,5.35578E+16
124040,2.17072E+18,2,5,16,524,2017,7,6,2,3,5,3,0,1,0,0,0,0,0,5.75038E+20,5.94859E+21,1.01361E+16,5.36807E+16
124041,2.17063E+18,2,1,5,114,2017,6,8,4,3,5,2,1,1,0,0,0,0,0,5.67522E+20,5.93427E+21,1.00192E+16,5.3553E+16
124042,2.17063E+18,2,7,16,717,2017,6,12,3,3,4,2,0,1,0,0,0,0,0,5.52591E+20,5.92989E+21,9.79313E+15,5.35153E+16
124043,2.17072E+18,2,5,17,525,2017,7,10,2,3,5,3,1,1,0,0,0,0,0,5.76789E+20,5.94526E+21,1.01618E+16,5.36505E+16
124044,2.17063E+18,2,7,1,702,2017,6,18,3,3,6,4,0,1,1,0,0,0,0,5.65145E+20,5.92369E+21,9.98114E+15,5.34582E+16
124045,2.17063E+18,2,1,16,137,2017,6,16,3,3,5,3,0,1,0,1,0,0,0,5.66028E+20,5.92591E+21,9.9949E+15,5.3478E+16
124046,2.17072E+18,2,4,12,431,2017,7,8,2,3,2,2,0,1,0,0,0,0,0,5.67204E+20,5.94334E+21,1.00164E+16,5.36345E+16
124047,2.17063E+18,2,1,11,128,2017,6,11,3,3,2,6,0,1,0,0,0,0,0,5.71775E+20,5.93349E+21,1.00832E+16,5.35454E+16
124048,2.17072E+18,2,4,5,413,2017,7,11,2,3,5,3,0,1,0,0,0,0,0,5.66612E+20,5.93756E+21,1.00062E+16,5.35826E+16
124049,2.17072E+18,2,4,6,415,2017,7,15,2,2,5,3,1,1,0,0,0,0,0,5.67516E+20,5.93573E+21,1.00194E+16,5.35661E+16
124050,2.17063E+18,2,5,18,526,2017,6,13,3,3,8,1,0,1,0,0,0,0,0,5.76808E+20,5.94118E+21,1.01611E+16,5.36138E+16
124051,2.17072E+18,2,5,1,503,2017,7,10,2,3,5,3,0,1,0,0,0,0,0,5.69648E+20,5.93558E+21,1.00516E+16,5.35644E+16
124052,2.17063E+18,2,5,4,512,2017,6,14,3,3,6,4,1,0,1,0,0,0,0,5.75105E+20,5.9364E+21,1.01342E+16,5.35711E+16
124053,2.17072E+18,2,2,9,221,2017,7,13,2,3,5,2,1,1,0,0,0,0,0,5.57351E+20,5.93774E+21,9.86635E+15,5.35853E+16
124054,2.17063E+18,2,5,2,508,2017,6,11,3,3,5,3,0,1,0,0,0,0,0,5.72928E+20,5.93773E+21,1.01016E+16,5.35833E+16
124055,2.17072E+18,2,2,1,203,2017,7,11,2,3,1,6,0,1,0,1,0,0,0,5.6202E+20,5.93385E+21,9.9361E+15,5.35499E+16
124056,2.17072E+18,2,3,2,312,2017,7,18,2,3,5,3,1,0,0,0,1,0,0,5.6543E+20,5.9353E+21,9.98786E+15,5.35624E+16
124057,2.17063E+18,2,5,17,525,2017,6,16,3,2,2,6,0,1,0,0,0,0,0,5.76453E+20,5.94631E+21,1.0157E+16,5.366E+16
124058,2.17063E+18,2,5,11,519,2017,6,14,3,3,2,6,0,1,0,0,0,0,0,5.69715E+20,5.94786E+21,1.00554E+16,5.36748E+16
124059,2.17063E+18,2,5,10,518,2017,6,12,3,3,5,3,1,1,0,0,0,0,0,5.73434E+20,5.94599E+21,1.01112E+16,5.36575E+16
124060,2.17063E+18,2,5,11,519,2017,6,14,3,3,0,2,1,1,0,0,0,0,0,5.72233E+20,5.94569E+21,1.0093E+16,5.3655E+16
124061,2.17072E+18,2,1,3,108,2017,7,18,2,3,3,2,1,1,0,0,0,0,0,5.6553E+20,5.93482E+21,9.98926E+15,5.35581E+16
124062,2.17063E+18,2,5,17,525,2017,6,7,3,2,4,7,1,0,0,0,0,0,0,5.76488E+20,5.944E+21,1.01569E+16,5.36391E+16
124063,2.17063E+18,2,4,12,431,2017,6,7,3,3,1,5,1,1,0,0,0,0,0,5.67234E+20,5.94291E+21,1.00167E+16,5.36306E+16
124064,2.17072E+18,2,1,17,138,2017,7,18,2,3,0,7,0,0,0,1,1,0,0,5.67037E+20,5.93093E+21,1.00112E+16,5.3523E+16
124065,2.17063E+18,2,3,8,320,2017,6,9,3,3,6,7,0,0,1,0,1,0,0,5.5941E+20,5.94106E+21,9.89808E+15,5.3615E+16
124066,2.17063E+18,2,2,10,222,2017,6,10,3,3,2,6,0,1,0,0,0,0,0,5.55E+20,5.93462E+21,9.83029E+15,5.35576E+16
124067,2.17063E+18,2,2,5,215,2017,6,19,3,3,4,2,1,1,0,0,0,0,0,5.61446E+20,5.93498E+21,9.92765E+15,5.35601E+16
124068,2.17072E+18,2,5,4,512,2017,7,20,1,3,2,6,0,1,0,0,0,0,1,5.75246E+20,5.93787E+21,1.01367E+16,5.35843E+16
124069,2.17063E+18,2,2,5,215,2017,6,14,3,3,5,3,1,1,0,0,0,0,0,5.61413E+20,5.93549E+21,9.92725E+15,5.35647E+16
124070,2.17063E+18,2,3,7,319,2017,6,16,3,3,5,3,1,1,0,0,0,0,0,5.60029E+20,5.94237E+21,9.90768E+15,5.36267E+16
124071,2.17063E+18,2,3,7,319,2017,6,15,3,3,6,7,1,0,1,0,0,0,0,5.60757E+20,5.94292E+21,9.91881E+15,5.36316E+16
124072,2.17063E+18,2,3,7,319,2017,6,13,3,3,6,6,1,0,1,0,0,0,0,5.60544E+20,5.94332E+21,9.91567E+15,5.36351E+16
124073,2.17072E+18,2,4,11,430,2017,7,0,1,3,5,3,0,1,0,0,0,2,0,5.67863E+20,5.94205E+21,1.00261E+16,5.36228E+16
124074,2.17072E+18,2,4,6,415,2017,7,13,1,3,2,6,0,1,0,0,0,0,1,5.68036E+20,5.93622E+21,1.00274E+16,5.35704E+16
124075,2.17072E+18,2,4,8,423,2017,7,20,1,3,2,6,0,1,0,1,0,1,1,5.69499E+20,5.93716E+21,1.00497E+16,5.35787E+16
124076,2.17072E+18,2,2,8,220,2017,7,16,1,3,4,2,0,1,0,1,0,0,1,5.57982E+20,5.93809E+21,9.87594E+15,5.35884E+16
124077,2.17072E+18,2,2,6,218,2017,7,1,1,2,0,4,0,1,1,0,0,2,0,5.5894E+20,5.93493E+21,9.88982E+15,5.35599E+16
124078,2.17072E+18,2,2,4,213,2017,7,11,1,3,0,6,1,1,0,0,0,0,1,5.61567E+20,5.93408E+21,9.92931E+15,5.3552E+16
124079,2.17072E+18,2,2,3,208,2017,7,2,1,2,6,5,0,1,1,0,0,2,0,5.63225E+20,5.93524E+21,9.95457E+15,5.35623E+16
124080,2.17072E+18,2,7,4,705,2017,7,10,7,3,4,2,1,1,0,0,0,0,0,5.65426E+20,5.92189E+21,9.98501E+15,5.34419E+16
124081,2.17072E+18,2,1,16,137,2017,7,15,7,3,6,4,0,1,1,0,0,0,0,5.65074E+20,5.93072E+21,9.98153E+15,5.35214E+16
124082,2.17072E+18,2,6,2,602,2017,7,20,7,3,1,1,1,1,0,0,0,0,0,5.79167E+20,5.92623E+21,1.01929E+16,5.34791E+16
124083,2.17072E+18,2,6,1,601,2017,7,5,7,3,9,1,0,0,0,1,0,1,0,5.7893E+20,5.92774E+21,1.01897E+16,5.34927E+16
124084,2.17072E+18,2,1,11,128,2017,7,11,7,3,3,6,0,1,0,0,0,0,0,5.71807E+20,5.93453E+21,1.00839E+16,5.35547E+16
124085,2.17063E+18,2,3,1,306,2017,6,11,3,3,1,6,0,1,0,0,0,0,0,5.63407E+20,5.93611E+21,9.95749E+15,5.357E+16
124086,2.17072E+18,2,5,8,516,2017,7,19,7,3,6,6,1,0,1,0,0,0,0,5.69881E+20,5.94029E+21,1.00562E+16,5.36067E+16
124087,2.17063E+18,2,3,5,317,2017,6,0,3,3,7,1,0,1,0,0,0,2,0,5.64189E+20,5.93972E+21,9.97004E+15,5.36023E+16
124088,2.17072E+18,2,5,10,518,2017,7,15,7,3,5,3,1,1,0,0,0,0,0,5.73484E+20,5.94499E+21,1.01117E+16,5.36485E+16
124089,2.17063E+18,2,3,1,303,2017,6,13,3,3,4,6,1,0,0,0,0,0,0,5.62628E+20,5.93682E+21,9.94587E+15,5.35765E+16
124090,2.17072E+18,2,5,9,517,2017,7,10,7,3,0,7,1,1,0,0,0,0,0,5.70245E+20,5.94381E+21,1.00625E+16,5.36383E+16
124091,2.17063E+18,2,2,4,212,2017,6,7,3,3,6,6,1,0,1,0,0,0,0,5.60842E+20,5.93398E+21,9.91834E+15,5.35512E+16
124092,2.17063E+18,2,2,4,214,2017,6,7,3,3,2,6,0,1,0,0,1,0,0,5.61682E+20,5.93348E+21,9.93092E+15,5.35466E+16
124093,2.17072E+18,2,5,10,518,2017,7,12,7,2,5,3,1,1,0,0,0,0,0,5.74068E+20,5.94587E+21,1.01208E+16,5.36563E+16
124094,2.17072E+18,2,4,6,414,2017,7,9,7,3,1,5,1,1,0,0,0,0,0,5.67198E+20,5.93671E+21,1.00149E+16,5.3575E+16
124095,2.17072E+18,2,4,7,417,2017,7,13,7,3,5,3,1,0,0,0,1,0,0,5.68518E+20,5.93553E+21,1.00345E+16,5.35641E+16
124096,2.17072E+18,2,3,5,317,2017,7,13,7,2,5,3,1,1,0,0,0,0,0,5.63326E+20,5.938E+21,9.95665E+15,5.3587E+16
124097,2.17072E+18,2,2,3,209,2017,7,1,7,3,4,6,1,0,0,0,1,2,1,5.63031E+20,5.93566E+21,9.95172E+15,5.3566E+16
124098,2.17072E+18,2,3,1,309,2017,7,18,7,2,4,2,0,1,0,1,0,0,0,5.6451E+20,5.93604E+21,9.97412E+15,5.35692E+16
124099,2.17071E+18,2,1,16,136,2017,7,22,6,3,4,2,1,1,0,0,0,2,0,5.66963E+20,5.92746E+21,1.00093E+16,5.34918E+16
124100,2.17063E+18,2,2,1,201,2017,6,14,3,3,5,2,0,1,0,0,0,0,0,5.63145E+20,5.93347E+21,9.953E+15,5.35464E+16
124101,2.17071E+18,2,5,5,513,2017,7,15,6,3,2,6,0,1,0,0,0,0,0,5.7299E+20,5.93737E+21,1.01025E+16,5.35801E+16
124102,2.17071E+18,2,5,5,513,2017,7,17,6,3,1,6,0,1,0,0,0,0,0,5.74461E+20,5.93804E+21,1.01248E+16,5.35859E+16
124103,2.17071E+18,2,5,18,526,2017,7,8,6,3,5,3,1,1,0,0,0,0,0,5.76224E+20,5.93965E+21,1.01519E+16,5.36001E+16
124104,2.17063E+18,2,1,3,106,2017,6,23,3,3,5,3,1,0,0,0,0,2,0,5.6461E+20,5.93408E+21,9.97522E+15,5.35517E+16
124105,2.17063E+18,2,1,1,102,2017,6,16,3,2,5,3,1,0,0,0,0,0,0,5.65832E+20,5.93356E+21,9.99356E+15,5.35468E+16
124106,2.17063E+18,2,1,5,113,2017,6,9,3,3,2,7,1,1,0,0,0,0,0,5.67611E+20,5.93472E+21,1.00207E+16,5.3557E+16
124107,2.17063E+18,2,1,16,136,2017,6,19,2,3,5,3,0,1,0,1,0,0,0,5.66912E+20,5.92829E+21,1.00087E+16,5.34993E+16
124108,2.17071E+18,2,5,18,526,2017,7,10,6,3,9,7,0,0,0,1,0,0,0,5.75667E+20,5.94179E+21,1.0144E+16,5.36195E+16
124109,2.17063E+18,2,1,12,130,2017,6,19,2,3,2,6,0,1,0,0,0,0,0,5.73401E+20,5.93384E+21,1.01078E+16,5.35483E+16
124110,2.17063E+18,2,1,13,131,2017,6,16,2,3,4,2,0,0,0,0,1,0,0,5.71761E+20,5.93239E+21,1.00828E+16,5.35355E+16
124111,2.17071E+18,2,4,9,425,2017,7,14,6,2,2,6,1,1,0,0,0,0,0,5.70708E+20,5.93814E+21,1.00682E+16,5.35874E+16
124112,2.17063E+18,2,1,12,130,2017,6,15,2,3,3,6,0,1,0,0,1,0,0,5.72864E+20,5.933E+21,1.00995E+16,5.35409E+16
124113,2.17063E+18,2,5,18,526,2017,6,5,2,3,0,3,0,0,0,1,1,0,1,5.75513E+20,5.93935E+21,1.0141E+16,5.35976E+16
124114,2.17071E+18,2,5,5,513,2017,7,14,6,3,5,3,1,1,0,0,0,0,0,5.72692E+20,5.93863E+21,1.00983E+16,5.35915E+16
124115,2.17063E+18,2,5,2,507,2017,6,8,2,3,2,6,0,1,0,0,0,0,0,5.70837E+20,5.93677E+21,1.00698E+16,5.3575E+16
124116,2.17071E+18,2,4,9,424,2017,7,9,6,3,7,1,0,0,0,1,0,0,0,5.70323E+20,5.93744E+21,1.00622E+16,5.35811E+16
124117,2.17063E+18,2,5,3,510,2017,6,11,2,3,0,7,0,1,0,0,0,0,0,5.70289E+20,5.93607E+21,1.00614E+16,5.35688E+16
124118,2.17063E+18,2,5,17,525,2017,6,19,2,3,0,6,0,1,0,0,1,0,0,5.76348E+20,5.94403E+21,1.01548E+16,5.36395E+16
124119,2.17071E+18,2,5,3,510,2017,7,12,6,3,5,3,1,1,0,0,0,0,0,5.71406E+20,5.93564E+21,1.00782E+16,5.35647E+16
124120,2.17063E+18,2,5,17,525,2017,6,13,2,3,5,3,1,1,0,0,0,0,0,5.78241E+20,5.9447E+21,1.01836E+16,5.36452E+16
124121,2.17063E+18,2,5,17,525,2017,6,10,2,2,5,3,1,1,0,0,0,0,0,5.76841E+20,5.94543E+21,1.01626E+16,5.3652E+16
124122,2.17063E+18,2,5,10,518,2017,6,12,2,3,5,3,0,1,0,1,0,0,0,5.73213E+20,5.94576E+21,1.01078E+16,5.36555E+16
124123,2.17063E+18,2,4,13,432,2017,6,17,2,3,0,7,1,0,0,0,1,0,0,5.68012E+20,5.94685E+21,1.00294E+16,5.3666E+16
124124,2.17071E+18,2,5,3,510,2017,7,18,6,3,5,3,1,1,0,0,0,0,0,5.71461E+20,5.93548E+21,1.00789E+16,5.35633E+16
124125,2.17071E+18,2,5,7,515,2017,7,8,6,3,5,3,0,1,0,0,0,0,0,5.7179E+20,5.9426E+21,1.00855E+16,5.36273E+16
124126,2.17071E+18,2,5,16,524,2017,7,16,6,2,0,1,0,1,0,1,0,0,0,5.75304E+20,5.94801E+21,1.014E+16,5.36754E+16
124127,2.17071E+18,2,5,12,520,2017,7,14,6,3,2,2,1,1,0,0,0,0,0,5.68663E+20,5.94437E+21,1.00387E+16,5.36436E+16
124128,2.17071E+18,2,4,5,410,2017,7,14,6,3,4,6,1,0,0,0,0,0,0,5.66531E+20,5.93829E+21,1.00051E+16,5.35892E+16
124129,2.17071E+18,2,4,5,408,2017,7,8,6,3,3,2,1,1,0,0,0,0,0,5.67859E+20,5.93998E+21,1.00255E+16,5.36042E+16
124130,2.17071E+18,2,4,5,413,2017,7,9,6,3,5,2,1,1,0,0,0,0,0,5.6684E+20,5.93707E+21,1.00095E+16,5.35782E+16
124131,2.17071E+18,2,4,8,420,2017,7,9,6,3,5,3,1,1,0,0,0,0,0,5.6855E+20,5.93675E+21,1.00353E+16,5.35751E+16
124132,2.17071E+18,2,3,8,320,2017,7,11,6,2,5,3,1,1,0,0,0,0,0,5.59445E+20,5.94051E+21,9.8985E+15,5.36101E+16
124133,2.17071E+18,2,2,11,224,2017,7,8,6,3,5,3,1,1,0,0,0,0,0,5.52529E+20,5.93577E+21,9.79318E+15,5.35681E+16
124134,2.17071E+18,2,2,9,221,2017,7,13,6,3,0,7,1,0,1,0,0,0,0,5.56421E+20,5.93704E+21,9.85218E+15,5.35791E+16
124135,2.17071E+18,2,2,4,212,2017,7,18,6,3,5,6,1,0,0,0,0,0,0,5.60831E+20,5.9343E+21,9.91824E+15,5.35541E+16
124136,2.17071E+18,2,2,1,205,2017,7,15,6,3,4,6,1,0,0,0,0,0,0,5.63124E+20,5.93399E+21,9.95279E+15,5.3551E+16
124137,2.17071E+18,2,3,3,314,2017,7,2,6,2,0,1,1,0,0,0,0,2,0,5.65376E+20,5.93749E+21,9.9875E+15,5.35822E+16
124138,2.17071E+18,2,1,1,101,2017,7,18,6,3,1,6,0,1,0,1,0,0,0,5.6658E+20,5.9336E+21,1.00049E+16,5.35471E+16
124139,2.17071E+18,2,1,5,113,2017,7,15,6,3,6,4,0,1,1,0,0,0,0,5.67052E+20,5.93477E+21,1.00122E+16,5.35575E+16
124140,2.17071E+18,2,7,9,710,2017,7,14,5,3,2,6,0,1,0,0,0,0,0,5.63556E+20,5.92283E+21,9.95705E+15,5.34506E+16
124141,2.17071E+18,2,1,12,130,2017,7,6,5,3,4,7,1,1,0,0,0,0,0,5.7285E+20,5.93301E+21,1.00993E+16,5.3541E+16
124142,2.17071E+18,2,1,12,130,2017,7,15,5,3,2,6,0,1,0,0,0,0,0,5.72962E+20,5.93297E+21,1.0101E+16,5.35405E+16
124143,2.17071E+18,2,1,14,132,2017,7,10,5,3,3,2,1,1,0,0,0,0,0,5.68795E+20,5.93297E+21,1.00381E+16,5.35411E+16
124144,2.17071E+18,2,5,18,526,2017,7,16,5,3,5,3,0,1,0,0,1,0,0,5.76222E+20,5.94142E+21,1.01523E+16,5.3616E+16
124145,2.17063E+18,2,4,12,431,2017,6,15,2,3,5,3,1,1,0,0,0,0,0,5.66883E+20,5.94215E+21,1.00113E+16,5.36239E+16
124146,2.17071E+18,2,5,18,526,2017,7,17,5,2,6,4,0,1,1,0,0,0,0,5.7705E+20,5.94284E+21,1.01651E+16,5.36287E+16
124147,2.17063E+18,2,5,1,502,2017,6,15,2,2,3,2,1,1,0,0,0,0,0,5.6977E+20,5.93607E+21,1.00536E+16,5.35689E+16
124148,2.17071E+18,2,4,11,430,2017,7,17,5,3,5,3,1,1,0,0,0,0,0,5.68394E+20,5.94037E+21,1.00337E+16,5.36077E+16
124149,2.17063E+18,2,4,8,419,2017,6,19,2,3,4,2,1,1,0,0,0,0,0,5.68211E+20,5.9373E+21,1.00303E+16,5.35801E+16