OBJECTID,UIDENTSTLA,ULAND,UREGBEZ,UKREIS,UGEMEINDE,UJAHR,UMONAT,USTUNDE,UWOCHENTAG,UKATEGORIE,UART,UTYP1,IstRad,IstPKW,IstFuss,IstKrad,IstSonstig,LICHT,STRZUSTAND,LINREFX,LINREFY,XGCSWGS84,YGCSWGS84
124323,2.17073E+18,2,1,12,130,2017,7,12,6,3,1,3,0,1,0,0,1,0,1,5.76167E+20,5.93112E+21,1.01489E+16,5.35235E+16
124324,2.17073E+18,2,1,14,133,2017,7,17,6,3,3,2,0,1,0,0,1,0,1,5.68559E+20,5.93247E+21,1.00345E+16,5.35367E+16
124325,2.17073E+18,2,5,18,526,2017,7,10,6,3,4,2,1,0,0,0,1,0,0,5.76226E+20,5.93965E+21,1.01519E+16,5.36001E+16
124326,2.17073E+18,2,4,9,424,2017,7,13,6,3,5,3,1,1,0,0,0,0,1,5.7002E+20,5.93772E+21,1.00577E+16,5.35836E+16
124327,2.17073E+18,2,4,9,424,2017,7,8,6,3,2,6,0,1,0,0,1,0,0,5.70326E+20,5.93706E+21,1.00622E+16,5.35777E+16
124328,2.17073E+18,2,4,11,430,2017,7,10,6,3,5,3,1,1,0,0,0,0,0,5.67627E+20,5.94162E+21,1.00224E+16,5.36191E+16
124329,2.17073E+18,2,4,8,423,2017,7,14,6,3,0,7,0,0,0,1,0,0,1,5.69288E+20,5.93763E+21,1.00466E+16,5.3583E+16
124330,2.17073E+18,2,3,9,321,2017,7,6,6,3,5,3,1,1,0,0,0,0,0,5.60866E+20,5.93832E+21,9.91956E+15,5.35902E+16
124331,2.17072E+18,2,4,13,432,2017,7,14,4,2,5,3,0,1,0,1,0,0,0,5.65521E+20,5.94681E+21,9.99165E+15,5.36659E+16
124332,2.17073E+18,2,2,8,220,2017,7,20,6,3,1,6,0,1,0,0,0,0,1,5.56993E+20,5.93913E+21,9.8612E+15,5.35979E+16
124333,2.17073E+18,2,2,8,220,2017,7,11,6,3,3,6,0,1,0,1,0,0,0,5.58003E+20,5.93807E+21,9.87626E+15,5.35883E+16
124334,2.17073E+18,2,4,2,404,2017,7,19,6,3,6,2,0,1,1,0,0,0,1,5.65366E+20,5.93845E+21,9.98755E+15,5.35908E+16
124335,2.17073E+18,2,2,1,202,2017,7,17,6,3,1,6,1,1,0,0,0,0,0,5.61542E+20,5.93327E+21,9.92877E+15,5.35447E+16
124336,2.17073E+18,2,3,1,309,2017,7,16,6,3,5,2,0,1,0,1,0,0,1,5.63875E+20,5.93588E+21,9.96451E+15,5.35679E+16
124337,2.17073E+18,2,1,4,112,2017,7,7,6,3,5,3,1,1,0,0,0,0,0,5.64082E+20,5.93388E+21,9.96722E+15,5.35499E+16
124338,2.17073E+18,2,1,19,140,2017,7,14,5,3,2,6,0,1,0,0,1,0,0,5.60282E+20,5.92979E+21,9.90909E+15,5.35136E+16
124339,2.17073E+18,2,1,6,117,2017,7,12,5,3,5,3,0,1,0,0,0,0,0,5.67963E+20,5.93324E+21,1.00257E+16,5.35437E+16
124340,2.17073E+18,2,5,18,526,2017,7,11,5,3,2,6,0,1,0,0,1,0,0,5.78777E+20,5.94067E+21,1.01907E+16,5.36089E+16
124341,2.17073E+18,2,5,9,517,2017,7,13,5,3,3,2,1,1,0,0,0,0,0,5.72386E+20,5.94393E+21,1.00949E+16,5.36391E+16
124342,2.17073E+18,2,5,11,519,2017,7,8,5,3,2,6,0,1,0,1,0,0,0,5.71101E+20,5.94662E+21,1.0076E+16,5.36635E+16
124343,2.17073E+18,2,4,8,420,2017,7,16,5,3,5,3,0,1,0,0,0,0,0,5.68317E+20,5.9368E+21,1.00318E+16,5.35756E+16
124344,2.17073E+18,2,4,6,415,2017,7,20,5,3,5,3,1,1,0,0,0,0,0,5.67939E+20,5.93629E+21,1.0026E+16,5.35711E+16
124345,2.17072E+18,2,4,6,415,2017,7,21,4,3,5,3,1,1,0,0,0,0,0,5.68375E+20,5.93649E+21,1.00326E+16,5.35728E+16
124346,2.17073E+18,2,2,6,218,2017,7,15,5,3,3,6,0,0,0,1,1,0,0,5.58822E+20,5.93565E+21,9.88818E+15,5.35664E+16
124347,2.17073E+18,2,3,5,317,2017,7,14,5,2,6,4,0,0,1,1,0,0,0,5.62738E+20,5.9376E+21,9.94769E+15,5.35835E+16
124348,2.17073E+18,2,7,5,706,2017,7,21,4,3,5,3,0,1,0,0,0,2,0,5.6674E+20,5.92098E+21,1.00046E+16,5.34336E+16
124349,2.17073E+18,2,6,2,602,2017,7,9,4,3,6,7,0,1,1,0,0,0,0,5.80217E+20,5.92746E+21,1.02091E+16,5.349E+16
124350,2.17073E+18,2,1,11,128,2017,7,8,4,3,2,6,0,1,0,0,0,0,1,5.71368E+20,5.93406E+21,1.00772E+16,5.35506E+16
124351,2.17073E+18,2,1,13,131,2017,7,7,4,3,2,6,0,0,0,0,1,0,1,5.73227E+20,5.93097E+21,1.01045E+16,5.35226E+16
124352,2.17073E+18,2,5,6,514,2017,7,13,4,3,4,2,1,1,0,0,0,0,1,5.73417E+20,5.94031E+21,1.01096E+16,5.36065E+16
124353,2.17073E+18,2,5,5,513,2017,7,12,4,3,4,2,0,1,0,0,0,0,0,5.74462E+20,5.93806E+21,1.01249E+16,5.35861E+16
124354,2.17073E+18,2,5,18,526,2017,7,16,4,3,3,6,1,1,0,0,0,0,0,5.76165E+20,5.94115E+21,1.01513E+16,5.36136E+16
124355,2.17073E+18,2,5,5,513,2017,7,18,4,3,2,6,0,1,0,0,0,0,0,5.72831E+20,5.93791E+21,1.01002E+16,5.3585E+16
124356,2.17073E+18,2,4,9,425,2017,7,17,4,3,2,6,0,1,0,0,0,0,0,5.70232E+20,5.93789E+21,1.00609E+16,5.35852E+16
124357,2.17073E+18,2,5,7,515,2017,7,8,4,3,4,2,1,1,0,0,0,0,1,5.71272E+20,5.9395E+21,1.0077E+16,5.35994E+16
124358,2.17073E+18,2,5,15,523,2017,7,17,4,2,6,4,0,1,1,0,0,0,0,5.75079E+20,5.94987E+21,1.0137E+16,5.36921E+16
124359,2.17073E+18,2,4,10,427,2017,7,16,4,3,5,3,1,1,0,0,0,0,0,5.69045E+20,5.9384E+21,1.00431E+16,5.35899E+16
124360,2.17073E+18,2,2,10,222,2017,7,15,4,2,5,3,1,0,0,1,0,0,0,5.55763E+20,5.93394E+21,9.84169E+15,5.35514E+16
124361,2.17073E+18,2,2,10,222,2017,7,15,4,3,2,6,0,1,0,0,0,0,0,5.56688E+20,5.93365E+21,9.8556E+15,5.35487E+16
124362,2.17073E+18,2,2,5,215,2017,7,14,4,3,5,2,0,1,0,0,0,0,0,5.61052E+20,5.9354E+21,9.9218E+15,5.35639E+16
124363,2.17073E+18,2,3,5,317,2017,7,16,4,2,6,4,0,0,1,0,1,0,0,5.62445E+20,5.9387E+21,9.94348E+15,5.35934E+16
124364,2.17073E+18,2,4,1,401,2017,7,7,4,3,6,2,1,0,1,0,0,0,1,5.64578E+20,5.93757E+21,9.97547E+15,5.3583E+16
124365,2.17073E+18,2,3,3,314,2017,7,8,4,3,1,5,1,1,0,0,0,0,1,5.65798E+20,5.93707E+21,9.99378E+15,5.35783E+16
124366,2.17073E+18,2,7,10,711,2017,7,9,4,3,2,6,0,1,0,0,1,0,0,5.64976E+20,5.92448E+21,9.97877E+15,5.34653E+16
124367,2.17073E+18,2,7,1,702,2017,7,13,3,2,5,3,1,1,0,0,0,0,1,5.65457E+20,5.92387E+21,9.98588E+15,5.34597E+16
124368,2.17073E+18,2,6,1,601,2017,7,12,3,3,0,3,0,0,0,0,1,0,0,5.80194E+20,5.92779E+21,1.02088E+16,5.3493E+16
124369,2.17073E+18,2,6,14,615,2017,7,15,3,3,0,7,0,0,0,0,1,0,0,5.76467E+20,5.92682E+21,1.01524E+16,5.34848E+16
124370,2.17073E+18,2,1,8,122,2017,7,15,3,3,5,3,1,1,0,0,0,0,1,5.69707E+20,5.93516E+21,1.00524E+16,5.35607E+16
124371,2.17073E+18,2,1,6,117,2017,7,18,3,2,4,7,0,1,0,0,1,0,1,5.68109E+20,5.93416E+21,1.00281E+16,5.35519E+16
124372,2.17073E+18,2,1,6,116,2017,7,6,3,3,3,6,0,1,0,0,1,0,0,5.67422E+20,5.93388E+21,1.00176E+16,5.35495E+16
124373,2.17073E+18,2,5,18,526,2017,7,16,3,3,4,2,0,1,0,0,0,0,0,5.7702E+20,5.93852E+21,1.01636E+16,5.35898E+16
124374,2.17073E+18,2,5,6,514,2017,7,14,3,3,2,6,0,1,0,0,0,0,1,5.74341E+20,5.9409E+21,1.01237E+16,5.36116E+16
124375,2.17073E+18,2,5,8,516,2017,7,13,3,3,2,6,0,1,0,0,0,0,1,5.69033E+20,5.94039E+21,1.00434E+16,5.36078E+16
124376,2.17073E+18,2,5,8,516,2017,7,14,3,3,5,3,1,1,0,0,0,0,1,5.69768E+20,5.94048E+21,1.00545E+16,5.36084E+16
124377,2.17073E+18,2,5,7,515,2017,7,9,3,3,2,6,0,1,0,0,0,0,1,5.70401E+20,5.93921E+21,1.00638E+16,5.3597E+16
124378,2.17073E+18,2,5,11,519,2017,7,14,3,3,5,3,1,1,0,0,0,0,1,5.72556E+20,5.94578E+21,1.00979E+16,5.36558E+16
124379,2.17073E+18,2,5,12,520,2017,7,15,3,3,5,2,0,1,0,1,0,0,1,5.68833E+20,5.94483E+21,1.00413E+16,5.36477E+16
124380,2.17073E+18,2,4,13,432,2017,7,13,3,3,5,3,0,1,0,0,0,0,1,5.67651E+20,5.94531E+21,1.00236E+16,5.36522E+16
124381,2.17073E+18,2,4,5,408,2017,7,15,3,3,2,6,0,1,0,0,0,0,1,5.67929E+20,5.94026E+21,1.00267E+16,5.36067E+16
124382,2.17073E+18,2,4,5,409,2017,7,12,3,3,4,2,0,1,0,0,0,0,1,5.65902E+20,5.93881E+21,9.99573E+15,5.35939E+16
124383,2.17073E+18,2,4,4,407,2017,7,8,3,3,3,6,0,1,0,0,1,0,1,5.66971E+20,5.94039E+21,1.00122E+16,5.3608E+16
124384,2.17073E+18,2,4,8,420,2017,7,15,3,3,2,6,0,1,0,1,0,0,1,5.68343E+20,5.93722E+21,1.00322E+16,5.35794E+16
124385,2.17073E+18,2,4,8,421,2017,7,15,3,3,4,5,1,1,0,0,0,0,1,5.68567E+20,5.93731E+21,1.00357E+16,5.35801E+16
124386,2.17073E+18,2,2,5,217,2017,7,9,3,3,2,6,0,1,0,0,0,0,1,5.58938E+20,5.93662E+21,9.8901E+15,5.35752E+16
124387,2.17073E+18,2,2,5,217,2017,7,19,3,3,2,6,0,1,0,0,1,0,1,5.59037E+20,5.93641E+21,9.89156E+15,5.35732E+16
124388,2.17073E+18,2,2,1,204,2017,7,16,3,3,1,5,0,1,0,0,0,0,1,5.62135E+20,5.93419E+21,9.9379E+15,5.35529E+16
124389,2.17073E+18,2,2,3,210,2017,7,7,3,3,3,2,1,1,0,0,0,0,1,5.62132E+20,5.9342E+21,9.93786E+15,5.3553E+16
124390,2.17073E+18,2,3,2,312,2017,7,13,3,3,6,7,0,1,1,0,0,0,1,5.6533E+20,5.93585E+21,9.98646E+15,5.35674E+16
124391,2.17073E+18,2,3,2,311,2017,7,9,3,3,5,3,0,1,0,0,1,0,1,5.64957E+20,5.9358E+21,9.98083E+15,5.3567E+16
124392,2.17073E+18,2,1,1,101,2017,7,10,3,3,0,7,0,1,1,0,0,0,1,5.66491E+20,5.93409E+21,1.00036E+16,5.35515E+16
124393,2.17073E+18,2,1,1,101,2017,7,17,3,3,6,4,0,1,1,0,0,0,1,5.66563E+20,5.93411E+21,1.00047E+16,5.35516E+16
124394,2.17073E+18,2,1,1,102,2017,7,6,3,3,4,2,0,1,0,0,0,0,1,5.66059E+20,5.93352E+21,9.99699E+15,5.35464E+16
124395,2.17073E+18,2,1,3,107,2017,7,8,3,3,5,3,1,1,0,0,0,0,1,5.65158E+20,5.93425E+21,9.98353E+15,5.35531E+16
124396,2.17073E+18,2,1,5,114,2017,7,16,3,3,5,3,0,1,0,0,0,0,1,5.6737E+20,5.93399E+21,1.00169E+16,5.35505E+16
124397,2.17073E+18,2,1,16,137,2017,7,13,3,3,3,3,0,1,0,0,1,0,1,5.64509E+20,5.92792E+21,9.97243E+15,5.34963E+16
124398,2.17073E+18,2,1,19,140,2017,7,14,3,3,3,2,0,1,0,0,0,0,1,5.60619E+20,5.92993E+21,9.9142E+15,5.35148E+16
124399,2.17072E+18,2,1,16,136,2017,7,18,2,2,6,6,0,1,1,0,0,0,0,5.68009E+20,5.92761E+21,1.00251E+16,5.3493E+16
124400,2.17072E+18,2,6,1,601,2017,7,16,2,3,5,3,1,1,0,0,0,0,0,5.77354E+20,5.93011E+21,1.01666E+16,5.35142E+16
124401,2.17072E+18,2,1,13,131,2017,7,12,2,2,4,2,0,1,0,0,1,0,0,5.7164E+20,5.93199E+21,1.00808E+16,5.3532E+16
124402,2.17072E+18,2,1,12,130,2017,7,10,2,3,1,6,0,1,0,0,1,0,0,5.74021E+20,5.93507E+21,1.01175E+16,5.35593E+16
124403,2.17072E+18,2,1,11,129,2017,7,9,2,3,5,3,0,1,0,0,1,0,0,5.70827E+20,5.93505E+21,1.00693E+16,5.35595E+16
124404,2.17072E+18,2,1,6,115,2017,7,20,2,3,2,6,0,1,0,0,0,0,1,5.67724E+20,5.93325E+21,1.0022E+16,5.35438E+16
124405,2.17072E+18,2,5,3,510,2017,7,17,2,3,6,2,0,1,1,0,0,0,1,5.70255E+20,5.93625E+21,1.00609E+16,5.35704E+16
124406,2.17072E+18,2,5,8,516,2017,7,11,2,3,1,5,0,1,0,0,0,0,0,5.69498E+20,5.94039E+21,1.00504E+16,5.36077E+16
124407,2.17072E+18,2,5,7,515,2017,7,13,2,3,2,6,0,1,0,0,0,0,0,5.70994E+20,5.94053E+21,1.0073E+16,5.36087E+16
124408,2.17072E+18,2,4,5,408,2017,7,9,2,3,2,6,0,1,0,0,0,0,0,5.66989E+20,5.93948E+21,1.00123E+16,5.35999E+16
124409,2.17072E+18,2,4,5,408,2017,7,17,2,3,2,6,0,1,0,0,0,0,1,5.66663E+20,5.93944E+21,1.00074E+16,5.35995E+16
124410,2.17072E+18,2,4,10,427,2017,7,12,2,3,5,3,0,1,0,0,1,0,0,5.69259E+20,5.93812E+21,1.00463E+16,5.35874E+16
124411,2.17072E+18,2,4,8,421,2017,7,20,2,2,9,1,0,1,0,0,0,2,1,5.68922E+20,5.93732E+21,1.0041E+16,5.35802E+16
124412,2.17072E+18,2,5,12,520,2017,7,10,4,3,3,3,1,1,0,0,0,0,0,5.69866E+20,5.94484E+21,1.0057E+16,5.36476E+16
124413,2.17072E+18,2,3,6,318,2017,7,9,2,3,0,1,0,0,0,1,0,0,0,5.63627E+20,5.94288E+21,9.96219E+15,5.36308E+16
124414,2.17072E+18,2,3,1,310,2017,7,18,2,3,5,7,1,1,0,0,0,0,1,5.63432E+20,5.93573E+21,9.95779E+15,5.35666E+16
124415,2.17072E+18,2,3,1,307,2017,7,18,2,3,0,3,0,1,0,1,0,0,1,5.63206E+20,5.93574E+21,9.95438E+15,5.35667E+16
124416,2.17072E+18,2,3,2,312,2017,7,18,2,3,2,6,0,1,0,0,1,0,1,5.65235E+20,5.93545E+21,9.98495E+15,5.35639E+16
124417,2.17072E+18,2,3,1,310,2017,7,19,2,3,6,4,1,0,1,0,0,0,1,5.63945E+20,5.9356E+21,9.96551E+15,5.35653E+16
124418,2.17072E+18,2,1,1,101,2017,7,14,2,2,6,6,1,0,1,0,0,0,0,5.66617E+20,5.93412E+21,1.00055E+16,5.35517E+16
124419,2.17072E+18,2,1,4,109,2017,7,11,2,2,6,4,0,1,1,0,0,0,0,5.64617E+20,5.93511E+21,9.97555E+15,5.35609E+16
124420,2.17072E+18,2,7,2,703,2017,7,17,1,3,1,6,0,1,0,0,0,0,0,5.67937E+20,5.92424E+21,1.00233E+16,5.34628E+16
124421,2.17072E+18,2,1,16,137,2017,7,16,1,3,1,6,0,1,0,1,0,0,0,5.66279E+20,5.92823E+21,9.99918E+15,5.34988E+16
124422,2.17072E+18,2,6,3,604,2017,7,17,1,3,1,6,0,1,0,0,0,0,0,5.82028E+20,5.92442E+21,1.02356E+16,5.34624E+16
124423,2.17072E+18,2,5,18,526,2017,7,18,1,3,6,7,0,1,1,0,0,0,0,5.78073E+20,5.94297E+21,1.01806E+16,5.36297E+16
124424,2.17072E+18,2,5,7,515,2017,7,19,1,3,5,3,1,1,0,0,0,0,0,5.703E+20,5.93911E+21,1.00622E+16,5.35961E+16
124425,2.17072E+18,2,4,11,430,2017,7,1,1,3,4,6,1,1,0,0,0,2,0,5.69245E+20,5.94306E+21,1.00472E+16,5.36317E+16
124426,2.17072E+18,2,4,6,415,2017,7,22,1,3,5,3,0,1,0,0,0,2,0,5.68117E+20,5.9363E+21,1.00286E+16,5.35712E+16
124427,2.17072E+18,2,2,1,201,2017,7,10,1,3,2,6,0,1,0,0,1,0,1,5.6331E+20,5.93388E+21,9.95557E+15,5.355E+16
124428,2.17072E+18,2,3,2,311,2017,7,12,1,3,5,7,0,1,0,0,0,0,0,5.64616E+20,5.93614E+21,9.97575E+15,5.35701E+16
124429,2.17072E+18,2,1,4,112,2017,7,15,1,3,5,2,1,1,0,0,0,0,0,5.63364E+20,5.93384E+21,9.95639E+15,5.35497E+16
124430,2.17072E+18,2,1,5,114,2017,7,7,1,2,8,1,0,1,0,0,0,0,1,5.66241E+20,5.93473E+21,9.99999E+15,5.35573E+16
124431,2.17072E+18,2,7,4,705,2017,7,12,7,3,4,6,0,1,0,0,0,0,1,5.66248E+20,5.92203E+21,9.9974E+15,5.34431E+16
124432,2.17072E+18,2,6,1,601,2017,7,12,7,3,2,6,0,1,1,0,0,0,1,5.79064E+20,5.92928E+21,1.01921E+16,5.35065E+16
124433,2.17072E+18,2,1,8,123,2017,7,20,7,3,3,6,0,1,0,0,1,1,0,5.69946E+20,5.93519E+21,1.0056E+16,5.35609E+16
124434,2.17072E+18,2,5,18,526,2017,7,10,7,3,5,3,1,1,0,0,0,0,1,5.78155E+20,5.94305E+21,1.01819E+16,5.36304E+16
124435,2.17072E+18,2,5,5,513,2017,7,13,7,3,2,6,0,1,0,0,0,0,1,5.72812E+20,5.93811E+21,1.01E+16,5.35868E+16
124436,2.17072E+18,2,5,2,507,2017,7,11,7,3,5,3,0,1,0,0,0,0,1,5.70863E+20,5.93727E+21,1.00703E+16,5.35795E+16
124437,2.17072E+18,2,5,7,515,2017,7,16,7,3,1,7,0,1,0,0,0,0,1,5.70904E+20,5.94052E+21,1.00717E+16,5.36087E+16
124438,2.17072E+18,2,5,10,518,2017,7,18,7,3,5,3,0,1,0,0,0,0,0,5.73718E+20,5.9463E+21,1.01156E+16,5.36603E+16
124439,2.17072E+18,2,4,13,432,2017,7,18,7,3,2,6,0,1,0,0,0,0,0,5.66861E+20,5.94476E+21,1.00115E+16,5.36473E+16
124440,2.17072E+18,2,4,5,409,2017,7,19,7,2,5,3,0,1,0,1,0,0,0,5.65985E+20,5.93915E+21,9.99705E+15,5.3597E+16
124441,2.17072E+18,2,4,4,407,2017,7,20,7,3,1,6,0,1,0,0,0,0,0,5.65785E+20,5.93971E+21,9.99416E+15,5.36021E+16
124442,2.17072E+18,2,4,8,421,2017,7,22,7,3,4,2,0,1,0,0,0,2,0,5.69279E+20,5.93764E+21,1.00465E+16,5.35831E+16
124443,2.17072E+18,2,2,12,225,2017,7,4,7,3,6,4,0,1,1,0,0,2,0,5.545E+20,5.93706E+21,9.82317E+15,5.35796E+16
124444,2.17072E+18,2,2,8,220,2017,7,15,7,3,5,3,1,1,0,0,0,0,1,5.5697E+20,5.93914E+21,9.86085E+15,5.3598E+16
124445,2.17072E+18,2,2,8,220,2017,7,14,7,3,6,6,0,1,1,0,0,0,1,5.56977E+20,5.93916E+21,9.86096E+15,5.35982E+16
124446,2.17072E+18,2,2,5,217,2017,7,12,7,3,1,6,0,1,0,0,0,0,1,5.59374E+20,5.93816E+21,9.89698E+15,5.35889E+16
124447,2.17072E+18,2,2,4,212,2017,7,15,7,3,0,3,1,1,0,0,0,0,1,5.60795E+20,5.93396E+21,9.91764E+15,5.3551E+16
124448,2.17072E+18,2,1,5,114,2017,7,19,7,3,6,6,1,0,1,0,0,0,0,5.67273E+20,5.93414E+21,1.00154E+16,5.35518E+16
124449,2.17072E+18,2,7,4,705,2017,7,12,6,3,2,6,0,1,0,0,0,0,0,5.65571E+20,5.92149E+21,9.9871E+15,5.34384E+16
124450,2.17072E+18,2,6,5,606,2017,7,16,6,3,1,5,1,1,0,0,0,0,0,5.8274E+20,5.91815E+21,1.02446E+16,5.34059E+16
124451,2.17072E+18,2,1,6,117,2017,7,12,6,3,6,3,1,0,1,0,0,0,0,5.67839E+20,5.93385E+21,1.00239E+16,5.35491E+16
124452,2.17072E+18,2,5,12,520,2017,7,17,6,3,6,4,0,1,1,0,0,0,0,5.68923E+20,5.94375E+21,1.00425E+16,5.3638E+16
124453,2.17072E+18,2,4,3,406,2017,7,0,6,3,5,3,0,1,0,0,0,2,0,5.65968E+20,5.94177E+21,9.99735E+15,5.36205E+16
124454,2.17072E+18,2,4,12,431,2017,7,7,6,3,5,3,1,0,0,0,0,0,0,5.66994E+20,5.94255E+21,1.0013E+16,5.36275E+16
124455,2.17072E+18,2,4,4,407,2017,7,23,6,3,2,6,0,1,0,0,0,2,0,5.67453E+20,5.94106E+21,1.00196E+16,5.3614E+16
124456,2.17072E+18,2,4,5,408,2017,7,15,6,3,2,6,0,1,0,0,0,0,0,5.66119E+20,5.93967E+21,9.99919E+15,5.36017E+16
124457,2.17072E+18,2,4,4,407,2017,7,14,6,3,6,7,1,0,1,0,0,0,0,5.66962E+20,5.94046E+21,1.00121E+16,5.36087E+16
124458,2.17072E+18,2,4,8,419,2017,7,15,6,3,0,5,1,1,0,0,0,0,0,5.68094E+20,5.93722E+21,1.00285E+16,5.35794E+16
124459,2.17072E+18,2,2,11,223,2017,7,10,6,3,2,3,0,1,0,1,0,0,0,5.53718E+20,5.93524E+21,9.81104E+15,5.35633E+16
124460,2.17072E+18,2,2,11,223,2017,7,8,6,3,4,2,0,1,0,0,0,0,0,5.53849E+20,5.93524E+21,9.81302E+15,5.35633E+16
124461,2.17072E+18,2,3,1,303,2017,7,14,6,3,1,5,1,1,0,0,0,0,0,5.62734E+20,5.93671E+21,9.94745E+15,5.35755E+16
124462,2.17072E+18,2,3,1,303,2017,7,0,6,3,0,1,1,0,0,0,0,2,1,5.62615E+20,5.93683E+21,9.94567E+15,5.35766E+16
124463,2.17072E+18,2,2,3,209,2017,7,13,6,3,2,2,1,1,0,0,0,0,0,5.62346E+20,5.93538E+21,9.94132E+15,5.35636E+16
124464,2.17072E+18,2,1,5,114,2017,7,15,6,3,5,3,1,1,0,0,0,0,0,5.6711E+20,5.93392E+21,1.00129E+16,5.35498E+16
124465,2.17072E+18,2,1,13,131,2017,7,1,5,3,1,6,0,1,0,0,1,2,1,5.72413E+20,5.93E+21,1.0092E+16,5.3514E+16
124466,2.17072E+18,2,6,2,602,2017,7,15,5,3,5,3,0,1,0,0,0,0,0,5.80306E+20,5.92708E+21,1.02103E+16,5.34866E+16
124467,2.17072E+18,2,1,12,130,2017,7,16,5,3,5,3,1,1,0,0,0,0,1,5.74147E+20,5.93544E+21,1.01195E+16,5.35626E+16
124468,2.17072E+18,2,1,12,130,2017,7,9,5,3,1,2,0,1,0,0,0,0,1,5.7357E+20,5.93418E+21,1.01105E+16,5.35513E+16
124469,2.17072E+18,2,1,12,130,2017,7,16,5,3,0,7,1,0,0,0,0,0,0,5.73746E+20,5.93271E+21,1.01128E+16,5.35381E+16
124470,2.17072E+18,2,5,4,512,2017,7,16,5,3,5,3,0,1,0,0,1,0,0,5.75245E+20,5.93656E+21,1.01363E+16,5.35725E+16
124471,2.17072E+18,2,5,4,512,2017,7,16,5,3,2,6,0,1,0,0,1,0,0,5.75241E+20,5.93656E+21,1.01363E+16,5.35725E+16
124472,2.17072E+18,2,4,10,429,2017,7,18,5,3,2,6,0,1,0,0,0,0,0,5.68443E+20,5.94017E+21,1.00344E+16,5.36059E+16
124473,2.17072E+18,2,5,8,516,2017,7,14,5,2,4,2,0,1,0,0,0,0,0,5.6985E+20,5.94025E+21,1.00557E+16,5.36064E+16
124474,2.17072E+18,2,5,7,515,2017,7,13,5,3,0,3,1,1,0,0,0,0,0,5.71613E+20,5.94142E+21,1.00826E+16,5.36166E+16
124475,2.17072E+18,2,5,7,515,2017,7,18,5,3,4,3,1,1,0,0,0,0,0,5.70775E+20,5.94123E+21,1.00699E+16,5.36151E+16
124476,2.17072E+18,2,4,13,432,2017,7,22,5,3,5,3,1,1,0,0,0,2,1,5.66071E+20,5.94838E+21,1.00003E+16,5.36799E+16
124477,2.17072E+18,2,4,12,431,2017,7,7,5,3,0,1,0,0,0,1,0,0,0,5.6718E+20,5.94343E+21,1.0016E+16,5.36354E+16
124478,2.17072E+18,2,3,1,301,2017,7,12,5,3,1,5,0,1,0,1,0,0,1,5.62585E+20,5.93716E+21,9.94529E+15,5.35796E+16
124479,2.17072E+18,2,1,16,137,2017,7,6,4,3,6,4,0,0,1,1,0,0,0,5.65979E+20,5.92918E+21,9.99486E+15,5.35075E+16
124480,2.17072E+18,2,6,1,601,2017,7,16,4,3,5,3,0,1,0,0,0,0,0,5.78477E+20,5.9296E+21,1.01834E+16,5.35095E+16
124481,2.17072E+18,2,1,12,130,2017,7,9,4,3,0,7,1,0,1,0,0,0,0,5.74745E+20,5.93281E+21,1.01279E+16,5.35389E+16
124482,2.17072E+18,2,5,3,510,2017,7,18,4,3,0,7,0,0,0,1,0,0,0,5.71278E+20,5.93588E+21,1.00763E+16,5.35669E+16
124483,2.17083E+18,2,5,7,515,2017,8,14,6,3,4,2,1,1,0,0,0,0,0,5.70512E+20,5.93932E+21,1.00655E+16,5.3598E+16
124484,2.17083E+18,2,5,10,518,2017,8,16,6,3,5,3,1,1,0,0,0,0,0,5.73209E+20,5.94578E+21,1.01078E+16,5.36557E+16
124485,2.17083E+18,2,5,10,518,2017,8,17,6,3,5,3,0,1,0,0,0,0,0,5.73559E+20,5.94612E+21,1.01131E+16,5.36587E+16
124486,2.17083E+18,2,4,5,408,2017,8,13,6,2,4,6,1,0,0,0,0,0,0,5.67868E+20,5.94015E+21,1.00257E+16,5.36057E+16
124487,2.17082E+18,2,6,6,607,2017,8,19,4,2,0,7,1,0,0,0,0,0,0,5.77011E+20,5.92269E+21,1.01596E+16,5.34476E+16
124488,2.17083E+18,2,4,8,421,2017,8,10,6,3,0,6,0,0,0,1,1,0,0,5.68837E+20,5.93722E+21,1.00397E+16,5.35793E+16
124489,2.17083E+18,2,4,6,415,2017,8,18,6,3,4,6,1,0,0,0,0,0,0,5.6734E+20,5.93568E+21,1.00168E+16,5.35657E+16
124490,2.17083E+18,2,4,6,415,2017,8,9,6,3,3,2,1,1,0,0,0,0,0,5.67391E+20,5.9361E+21,1.00176E+16,5.35694E+16
124491,2.17083E+18,2,2,8,220,2017,8,16,6,3,5,2,1,1,0,0,0,0,0,5.57823E+20,5.93835E+21,9.8736E+15,5.35908E+16
124492,2.17083E+18,2,2,8,220,2017,8,15,6,3,6,7,0,1,1,0,0,0,0,5.58902E+20,5.9396E+21,9.89012E+15,5.36019E+16
124493,2.17083E+18,2,4,2,405,2017,8,13,6,3,5,2,1,1,0,0,0,0,0,5.645E+20,5.93926E+21,9.97464E+15,5.35982E+16