OBJECTID,UIDENTSTLA,ULAND,UREGBEZ,UKREIS,UGEMEINDE,UJAHR,UMONAT,USTUNDE,UWOCHENTAG,UKATEGORIE,UART,UTYP1,IstRad,IstPKW,IstFuss,IstKrad,IstSonstig,LICHT,STRZUSTAND,LINREFX,LINREFY,XGCSWGS84,YGCSWGS84
124494,2.17083E+18,2,3,1,309,2017,8,19,6,3,5,3,1,1,0,0,0,1,0,5.63822E+20,5.93606E+21,9.96375E+15,5.35695E+16
124495,2.17083E+18,2,3,3,313,2017,8,18,6,3,3,6,0,1,0,0,1,0,0,5.64772E+20,5.93635E+21,9.97814E+15,5.3572E+16
124496,2.17083E+18,2,3,2,312,2017,8,20,6,3,6,6,1,0,1,0,0,1,0,5.66048E+20,5.93521E+21,9.99717E+15,5.35616E+16
124497,2.17083E+18,2,3,2,311,2017,8,14,6,2,6,4,0,1,1,0,0,0,0,5.64586E+20,5.93559E+21,9.97518E+15,5.35652E+16
124498,2.17082E+18,2,7,13,714,2017,8,17,5,3,6,4,0,1,1,0,0,0,0,5.5828E+20,5.92591E+21,9.87817E+15,5.34789E+16
124499,2.17082E+18,2,7,9,710,2017,8,18,5,3,5,3,0,1,0,1,0,0,0,5.62184E+20,5.92274E+21,9.93637E+15,5.345E+16
124500,2.17082E+18,2,6,1,601,2017,8,14,5,3,5,3,0,1,0,0,1,0,0,5.78608E+20,5.92949E+21,1.01853E+16,5.35085E+16
124501,2.17082E+18,2,5,18,526,2017,8,10,5,3,0,6,0,1,0,0,1,0,1,5.76287E+20,5.93926E+21,1.01527E+16,5.35966E+16
124502,2.17082E+18,2,5,5,513,2017,8,19,5,3,5,3,0,1,0,0,0,0,0,5.73391E+20,5.93754E+21,1.01086E+16,5.35816E+16
124503,2.17082E+18,2,5,2,508,2017,8,14,5,3,4,2,0,1,0,0,0,0,0,5.72764E+20,5.93826E+21,1.00993E+16,5.35882E+16
124504,2.17082E+18,2,5,8,516,2017,8,14,5,3,1,6,0,1,0,0,0,0,0,5.70205E+20,5.9405E+21,1.00611E+16,5.36086E+16
124505,2.17082E+18,2,4,11,430,2017,8,17,5,3,4,2,0,1,0,0,0,0,0,5.68372E+20,5.94174E+21,1.00337E+16,5.362E+16
124506,2.17082E+18,2,4,13,432,2017,8,17,5,3,5,3,1,1,0,0,0,0,0,5.67294E+20,5.94499E+21,1.00181E+16,5.36494E+16
124507,2.17082E+18,2,3,9,321,2017,8,17,5,3,5,2,1,1,0,0,0,0,0,5.62723E+20,5.93748E+21,9.94743E+15,5.35824E+16
124508,2.17082E+18,2,4,2,403,2017,8,16,5,3,5,3,1,0,0,0,0,0,0,5.64332E+20,5.93805E+21,9.97185E+15,5.35874E+16
124509,2.17082E+18,2,1,3,106,2017,8,12,5,3,5,7,0,1,0,0,0,0,0,5.64284E+20,5.9339E+21,9.97028E+15,5.35501E+16
124510,2.17082E+18,2,1,16,137,2017,8,15,4,3,5,3,0,1,0,1,0,0,0,5.6475E+20,5.92867E+21,9.97622E+15,5.3503E+16
124511,2.17082E+18,2,6,2,603,2017,8,16,4,3,5,3,1,1,0,0,0,0,0,5.80922E+20,5.92754E+21,1.02197E+16,5.34906E+16
124512,2.17082E+18,2,6,2,603,2017,8,18,4,3,6,2,0,1,1,0,0,0,0,5.80252E+20,5.92664E+21,1.02094E+16,5.34826E+16
124513,2.17082E+18,2,1,12,130,2017,8,8,4,2,4,2,1,1,0,0,0,0,0,5.74935E+20,5.9318E+21,1.01305E+16,5.35298E+16
124514,2.17082E+18,2,5,3,510,2017,8,9,4,3,5,3,0,1,0,0,0,0,0,5.71017E+20,5.93553E+21,1.00723E+16,5.35639E+16
124515,2.17082E+18,2,5,2,509,2017,8,14,4,3,5,3,0,1,0,0,0,0,0,5.71573E+20,5.9388E+21,1.00814E+16,5.35931E+16
124516,2.17082E+18,2,4,12,431,2017,8,15,4,3,5,3,0,1,0,0,0,0,0,5.66834E+20,5.94215E+21,1.00105E+16,5.36239E+16
124517,2.17082E+18,2,3,9,321,2017,8,8,4,3,4,6,1,0,0,0,0,0,0,5.61698E+20,5.93914E+21,9.93229E+15,5.35975E+16
124518,2.17082E+18,2,3,9,321,2017,8,8,4,3,2,6,0,1,0,0,0,0,0,5.61131E+20,5.9385E+21,9.92359E+15,5.35918E+16
124519,2.17082E+18,2,2,8,220,2017,8,22,4,3,5,3,0,1,0,0,0,2,0,5.58055E+20,5.93817E+21,9.87706E+15,5.35891E+16
124520,2.17082E+18,2,4,2,405,2017,8,13,4,3,3,6,0,1,0,1,0,0,0,5.65053E+20,5.93902E+21,9.98294E+15,5.3596E+16
124521,2.17082E+18,2,2,1,206,2017,8,13,4,3,6,4,0,1,1,0,0,0,0,5.62822E+20,5.93523E+21,9.94848E+15,5.35621E+16
124522,2.17082E+18,2,3,3,313,2017,8,14,4,3,5,3,0,1,0,1,0,0,0,5.65466E+20,5.93643E+21,9.98864E+15,5.35727E+16
124523,2.17082E+18,2,3,2,312,2017,8,17,4,2,3,6,0,1,0,0,1,0,0,5.65404E+20,5.93532E+21,9.98748E+15,5.35626E+16
124524,2.17082E+18,2,3,2,311,2017,8,21,4,3,4,6,1,0,0,0,0,2,0,5.65033E+20,5.93548E+21,9.98191E+15,5.35642E+16
124525,2.17082E+18,2,1,4,111,2017,8,22,4,3,0,2,0,1,0,0,1,2,0,5.6423E+20,5.93471E+21,9.96963E+15,5.35573E+16
124526,2.17082E+18,2,1,5,114,2017,8,19,4,3,0,7,0,0,0,0,1,0,0,5.66655E+20,5.93409E+21,1.00061E+16,5.35515E+16
124527,2.17082E+18,2,1,1,102,2017,8,9,4,3,3,6,1,0,0,1,0,0,0,5.65964E+20,5.934E+21,9.99565E+15,5.35508E+16
124528,2.17082E+18,2,7,2,703,2017,8,7,3,3,3,2,0,1,0,1,0,0,0,5.67025E+20,5.92363E+21,1.00094E+16,5.34574E+16
124529,2.17082E+18,2,7,1,701,2017,8,19,3,2,5,3,1,1,0,0,0,1,0,5.64804E+20,5.92406E+21,9.97608E+15,5.34616E+16
124530,2.17082E+18,2,7,1,702,2017,8,16,3,2,1,6,0,1,0,0,0,0,0,5.65865E+20,5.92405E+21,9.99206E+15,5.34613E+16
124531,2.17082E+18,2,5,5,513,2017,8,5,3,2,6,2,0,1,1,0,0,1,1,5.74416E+20,5.9383E+21,1.01242E+16,5.35883E+16
124532,2.17082E+18,2,5,2,508,2017,8,10,3,3,3,2,1,1,0,0,0,0,0,5.72961E+20,5.93736E+21,1.0102E+16,5.358E+16
124533,2.17082E+18,2,4,10,429,2017,8,21,3,3,0,7,0,0,0,1,0,2,0,5.6914E+20,5.94017E+21,1.00449E+16,5.36058E+16
124534,2.17082E+18,2,4,12,431,2017,8,18,3,3,6,4,1,0,1,0,0,0,0,5.67132E+20,5.94313E+21,1.00152E+16,5.36326E+16
124535,2.17082E+18,2,4,12,431,2017,8,13,3,2,0,6,1,0,0,0,1,0,0,5.67766E+20,5.94262E+21,1.00247E+16,5.3628E+16
124536,2.17082E+18,2,4,5,408,2017,8,8,3,2,5,3,1,1,0,0,0,0,1,5.66995E+20,5.9402E+21,1.00125E+16,5.36064E+16
124537,2.17082E+18,2,3,8,320,2017,8,22,3,3,5,3,1,1,0,0,0,2,0,5.59675E+20,5.94012E+21,9.90191E+15,5.36065E+16
124538,2.17082E+18,2,2,11,223,2017,8,10,3,3,1,5,0,1,0,0,1,0,0,5.52414E+20,5.93586E+21,9.79146E+15,5.35689E+16
124539,2.17082E+18,2,2,8,220,2017,8,17,3,3,0,6,0,0,0,0,1,0,0,5.57898E+20,5.93824E+21,9.87471E+15,5.35898E+16
124540,2.17082E+18,2,2,6,218,2017,8,9,3,3,5,3,1,1,0,0,0,0,0,5.58188E+20,5.93515E+21,9.87851E+15,5.3562E+16
124541,2.17082E+18,2,2,8,220,2017,8,13,3,2,1,7,0,1,0,0,1,0,0,5.587E+20,5.93863E+21,9.88689E+15,5.35932E+16
124542,2.17082E+18,2,2,1,201,2017,8,14,3,3,4,6,1,0,0,0,0,0,0,5.63163E+20,5.93346E+21,9.95326E+15,5.35463E+16
124543,2.17082E+18,2,1,3,105,2017,8,12,3,3,6,4,1,0,1,0,0,0,0,5.64675E+20,5.93329E+21,9.97606E+15,5.35446E+16
124544,2.17082E+18,2,1,1,102,2017,8,9,3,3,0,3,1,0,0,0,1,0,0,5.65702E+20,5.93382E+21,9.99165E+15,5.35492E+16
124545,2.17082E+18,2,1,16,136,2017,8,13,2,3,5,3,1,1,0,0,0,0,1,5.67749E+20,5.9278E+21,1.00213E+16,5.34948E+16
124546,2.17082E+18,2,1,12,130,2017,8,17,2,2,6,4,0,1,1,0,0,0,0,5.72609E+20,5.93319E+21,1.00957E+16,5.35426E+16
124547,2.17082E+18,2,1,11,129,2017,8,11,2,3,0,2,0,1,0,1,0,0,1,5.72072E+20,5.93455E+21,1.0088E+16,5.35549E+16
124548,2.17082E+18,2,1,6,117,2017,8,11,2,3,5,3,0,1,0,0,0,0,1,5.67969E+20,5.9341E+21,1.00259E+16,5.35513E+16
124549,2.17082E+18,2,5,6,514,2017,8,14,2,3,2,6,0,1,0,0,0,0,0,5.7247E+20,5.94029E+21,1.00953E+16,5.36064E+16
124550,2.17082E+18,2,5,18,526,2017,8,14,2,3,2,6,0,1,0,0,1,0,0,5.75689E+20,5.93969E+21,1.01438E+16,5.36006E+16
124551,2.17082E+18,2,5,18,526,2017,8,7,2,3,5,3,0,1,0,0,1,0,1,5.75334E+20,5.94056E+21,1.01386E+16,5.36085E+16
124552,2.17082E+18,2,5,18,526,2017,8,10,2,3,5,3,1,0,0,0,1,0,1,5.76379E+20,5.94208E+21,1.01548E+16,5.36219E+16
124553,2.17082E+18,2,5,10,518,2017,8,9,2,3,0,7,0,1,1,0,0,0,1,5.75143E+20,5.94548E+21,1.01369E+16,5.36527E+16
124554,2.17082E+18,2,5,9,517,2017,8,11,2,3,3,6,0,1,0,0,1,0,0,5.72392E+20,5.94394E+21,1.0095E+16,5.36392E+16
124555,2.17082E+18,2,4,11,430,2017,8,18,2,3,2,6,0,1,0,0,1,0,0,5.67895E+20,5.9424E+21,1.00266E+16,5.36259E+16
124556,2.17082E+18,2,4,12,431,2017,8,7,2,3,4,7,0,1,0,0,0,0,1,5.68005E+20,5.94289E+21,1.00284E+16,5.36303E+16
124557,2.17082E+18,2,4,5,409,2017,8,17,2,3,4,2,1,1,0,0,0,0,0,5.67217E+20,5.9386E+21,1.00156E+16,5.35919E+16
124558,2.17082E+18,2,4,4,407,2017,8,8,2,3,0,1,0,0,0,1,0,0,1,5.66406E+20,5.94025E+21,1.00036E+16,5.36068E+16
124559,2.17082E+18,2,4,8,420,2017,8,6,2,3,1,5,0,1,0,1,0,0,1,5.6833E+20,5.93677E+21,1.0032E+16,5.35753E+16
124560,2.17082E+18,2,4,8,422,2017,8,8,2,3,2,6,0,1,0,0,0,0,1,5.68514E+20,5.93671E+21,1.00347E+16,5.35747E+16
124561,2.17082E+18,2,4,7,416,2017,8,14,2,3,3,6,0,1,0,1,0,0,0,5.67948E+20,5.93493E+21,1.00258E+16,5.35589E+16
124562,2.17082E+18,2,3,5,317,2017,8,11,2,3,5,3,0,1,0,0,1,0,1,5.62996E+20,5.93958E+21,9.95199E+15,5.36013E+16
124563,2.17082E+18,2,2,3,209,2017,8,8,2,3,4,2,1,0,0,0,0,0,0,5.63037E+20,5.93578E+21,9.95184E+15,5.35671E+16
124564,2.17082E+18,2,2,4,213,2017,8,13,2,3,5,3,1,1,0,0,0,0,0,5.61434E+20,5.93415E+21,9.92731E+15,5.35526E+16
124565,2.17082E+18,2,1,3,107,2017,8,6,2,2,4,2,1,1,0,0,0,0,1,5.65232E+20,5.93372E+21,9.98454E+15,5.35483E+16
124566,2.17082E+18,2,1,3,108,2017,8,1,2,1,3,6,0,1,0,0,0,2,1,5.65588E+20,5.9348E+21,9.99014E+15,5.3558E+16
124567,2.17082E+18,2,7,9,710,2017,8,15,1,3,0,7,1,0,0,0,0,0,1,5.64622E+20,5.92304E+21,9.97313E+15,5.34524E+16
124568,2.17082E+18,2,7,4,705,2017,8,13,1,3,1,5,1,1,0,0,0,0,1,5.65395E+20,5.9225E+21,9.98466E+15,5.34475E+16
124569,2.17082E+18,2,7,2,703,2017,8,10,1,3,4,2,0,1,0,0,0,0,0,5.67111E+20,5.92427E+21,1.00109E+16,5.34631E+16
124570,2.17082E+18,2,1,16,137,2017,8,2,1,3,2,6,1,0,0,0,1,2,0,5.65403E+20,5.92851E+21,9.98604E+15,5.35015E+16
124571,2.17082E+18,2,5,4,512,2017,8,17,1,3,4,2,0,1,0,1,0,0,1,5.7459E+20,5.93763E+21,1.01267E+16,5.35822E+16
124572,2.17082E+18,2,5,12,520,2017,8,13,1,3,6,4,0,1,1,0,0,0,1,5.69981E+20,5.94413E+21,1.00585E+16,5.36413E+16
124573,2.17082E+18,2,4,6,414,2017,8,19,1,3,2,6,0,1,0,0,0,0,1,5.67385E+20,5.93741E+21,1.00178E+16,5.35812E+16
124574,2.17082E+18,2,2,14,227,2017,8,16,1,3,0,7,1,0,0,0,0,0,1,5.49158E+20,5.93611E+21,9.74233E+15,5.35715E+16
124575,2.17082E+18,2,2,14,227,2017,8,21,1,3,9,1,0,1,0,0,0,2,0,5.49865E+20,5.93795E+21,9.75332E+15,5.3588E+16
124576,2.17082E+18,2,2,1,205,2017,8,13,1,3,6,4,1,0,1,0,0,0,1,5.63024E+20,5.93397E+21,9.95127E+15,5.35509E+16
124577,2.17082E+18,2,1,1,101,2017,8,20,1,3,5,3,0,1,0,0,0,0,0,5.6659E+20,5.93365E+21,1.0005E+16,5.35475E+16
124578,2.17082E+18,2,7,13,714,2017,8,18,7,3,2,6,0,1,0,0,0,0,1,5.58266E+20,5.92577E+21,9.87794E+15,5.34777E+16
124579,2.17082E+18,2,7,4,705,2017,8,17,7,3,0,6,0,1,0,1,0,1,1,5.65827E+20,5.9226E+21,9.99119E+15,5.34483E+16
124580,2.17082E+18,2,7,8,709,2017,8,15,7,3,5,3,0,1,0,0,0,0,0,5.64213E+20,5.92135E+21,9.96663E+15,5.34373E+16
124581,2.17082E+18,2,5,5,513,2017,8,16,7,3,5,2,0,1,0,0,0,0,0,5.74452E+20,5.93806E+21,1.01247E+16,5.35861E+16
124582,2.17082E+18,2,5,4,512,2017,8,18,7,3,3,6,0,1,0,0,0,0,0,5.75237E+20,5.93645E+21,1.01362E+16,5.35715E+16
124583,2.17082E+18,2,4,9,425,2017,8,11,7,3,2,6,0,1,0,0,0,0,0,5.7058E+20,5.93786E+21,1.00662E+16,5.35849E+16
124584,2.17082E+18,2,5,7,515,2017,8,13,7,3,5,3,0,1,0,0,1,0,1,5.70635E+20,5.9405E+21,1.00676E+16,5.36085E+16
124585,2.17082E+18,2,4,8,422,2017,8,12,7,3,2,6,0,1,0,0,0,0,1,5.69304E+20,5.93718E+21,1.00468E+16,5.35789E+16
124586,2.17082E+18,2,2,5,217,2017,8,18,7,3,5,3,1,1,0,0,0,0,0,5.57879E+20,5.9373E+21,9.87425E+15,5.35814E+16
124587,2.17082E+18,2,2,3,210,2017,8,13,7,3,5,3,1,1,0,0,0,0,0,5.62626E+20,5.93466E+21,9.9454E+15,5.35571E+16
124588,2.17082E+18,2,1,5,114,2017,8,21,7,3,5,2,1,1,0,0,0,2,1,5.67522E+20,5.93427E+21,1.00192E+16,5.35529E+16
124589,2.17082E+18,2,1,5,113,2017,8,20,7,3,5,5,0,1,0,0,0,2,0,5.67653E+20,5.93479E+21,1.00213E+16,5.35576E+16
124590,2.17082E+18,2,7,14,715,2017,8,0,6,3,1,5,0,1,0,0,0,2,0,5.57291E+20,5.92578E+21,9.86325E+15,5.34779E+16
124591,2.17082E+18,2,6,1,601,2017,8,6,6,3,5,3,0,1,0,0,0,0,0,5.7932E+20,5.9299E+21,1.01962E+16,5.3512E+16
124592,2.17082E+18,2,5,18,526,2017,8,14,6,3,5,3,1,1,0,0,0,0,1,5.75637E+20,5.94161E+21,1.01435E+16,5.36178E+16
124593,2.17082E+18,2,5,18,526,2017,8,16,6,3,0,1,0,0,0,1,0,0,1,5.74705E+20,5.93969E+21,1.01289E+16,5.36007E+16
124594,2.17082E+18,2,4,4,407,2017,8,10,6,3,6,7,0,1,1,0,0,0,0,5.67096E+20,5.94082E+21,1.00142E+16,5.36119E+16
124595,2.17082E+18,2,4,5,408,2017,8,6,6,3,0,1,0,0,0,1,0,0,1,5.67819E+20,5.94008E+21,1.0025E+16,5.36052E+16
124596,2.17082E+18,2,2,8,220,2017,8,19,6,3,4,7,0,1,0,0,0,0,1,5.58883E+20,5.93957E+21,9.88984E+15,5.36016E+16
124597,2.17082E+18,2,3,6,318,2017,8,5,6,3,5,3,0,1,0,0,1,2,1,5.63147E+20,5.94207E+21,9.95476E+15,5.36236E+16
124598,2.17082E+18,2,3,4,315,2017,8,15,6,3,3,2,0,1,0,1,0,0,1,5.64063E+20,5.93697E+21,9.96757E+15,5.35777E+16
124599,2.17082E+18,2,2,4,212,2017,8,11,6,3,2,6,0,1,0,0,0,0,0,5.60785E+20,5.9337E+21,9.91743E+15,5.35487E+16
124600,2.17082E+18,2,3,2,312,2017,8,11,6,3,2,6,0,1,0,0,0,0,0,5.65634E+20,5.93506E+21,9.99089E+15,5.35603E+16
124601,2.17082E+18,2,3,2,311,2017,8,15,6,3,1,2,0,1,0,0,0,0,1,5.6482E+20,5.93639E+21,9.97888E+15,5.35724E+16
124602,2.17082E+18,2,7,1,702,2017,8,13,6,3,2,6,0,1,0,0,1,0,1,5.65547E+20,5.92457E+21,9.98738E+15,5.34661E+16
124603,2.17082E+18,2,7,4,705,2017,8,10,5,3,3,6,1,0,0,0,1,0,0,5.65574E+20,5.92277E+21,9.98741E+15,5.34498E+16
124604,2.17082E+18,2,1,13,131,2017,8,17,5,3,2,7,0,0,0,0,1,0,1,5.72273E+20,5.92972E+21,1.00899E+16,5.35114E+16
124605,2.17082E+18,2,6,2,602,2017,8,19,5,3,4,2,0,1,0,0,0,1,1,5.80326E+20,5.92717E+21,1.02106E+16,5.34874E+16
124606,2.17082E+18,2,1,11,128,2017,8,16,5,2,5,3,0,1,0,1,0,0,0,5.71844E+20,5.93439E+21,1.00845E+16,5.35535E+16
124607,2.17082E+18,2,1,8,123,2017,8,19,5,3,3,3,1,1,0,0,0,1,1,5.7032E+20,5.93512E+21,1.00616E+16,5.35602E+16
124608,2.17082E+18,2,5,5,513,2017,8,17,5,3,5,5,0,1,0,0,0,0,1,5.74289E+20,5.93795E+21,1.01222E+16,5.35852E+16
124609,2.17082E+18,2,5,7,515,2017,8,16,5,3,3,6,0,1,0,0,0,0,0,5.70277E+20,5.93906E+21,1.00619E+16,5.35957E+16
124610,2.17082E+18,2,4,4,407,2017,8,16,5,3,0,3,0,1,0,0,0,0,0,5.67377E+20,5.94116E+21,1.00185E+16,5.36149E+16
124611,2.17082E+18,2,4,5,409,2017,8,13,5,3,3,6,0,1,0,1,0,0,0,5.67046E+20,5.93948E+21,1.00132E+16,5.35998E+16
124612,2.17082E+18,2,4,8,421,2017,8,13,5,3,2,6,0,1,0,0,1,0,0,5.68363E+20,5.93748E+21,1.00326E+16,5.35817E+16
124613,2.17082E+18,2,2,5,215,2017,8,18,5,3,3,7,0,1,0,1,0,0,1,5.61344E+20,5.93546E+21,9.92621E+15,5.35644E+16
124614,2.17082E+18,2,3,5,317,2017,8,14,5,1,5,3,1,1,0,0,1,0,0,5.63419E+20,5.93935E+21,9.95833E+15,5.35992E+16
124615,2.17082E+18,2,3,1,306,2017,8,11,5,3,5,3,0,1,0,1,1,0,0,5.6348E+20,5.93627E+21,9.95862E+15,5.35715E+16
124616,2.17082E+18,2,3,2,312,2017,8,9,5,3,3,6,1,1,0,0,0,0,0,5.65639E+20,5.93505E+21,9.99096E+15,5.35602E+16
124617,2.17082E+18,2,1,2,103,2017,8,21,5,3,3,7,0,1,0,0,0,2,1,5.65265E+20,5.9331E+21,9.98491E+15,5.35427E+16
124618,2.17082E+18,2,7,13,714,2017,8,18,4,3,2,6,0,1,0,0,0,0,0,5.58243E+20,5.92577E+21,9.8776E+15,5.34777E+16
124619,2.17082E+18,2,1,20,141,2017,8,16,4,3,6,4,0,1,1,0,0,0,0,5.58257E+20,5.93162E+21,9.87889E+15,5.35302E+16
124620,2.17082E+18,2,6,2,602,2017,8,12,4,3,5,3,1,1,0,0,0,0,0,5.80436E+20,5.92686E+21,1.02122E+16,5.34846E+16
124621,2.17082E+18,2,1,13,131,2017,8,16,4,2,5,3,0,1,0,1,0,0,0,5.73528E+20,5.93167E+21,1.01093E+16,5.35288E+16
124622,2.17082E+18,2,5,18,526,2017,8,21,4,2,1,5,1,1,0,0,0,2,0,5.76958E+20,5.93852E+21,1.01627E+16,5.35898E+16
124623,2.17082E+18,2,5,2,507,2017,8,12,4,3,5,3,1,1,0,0,0,0,0,5.70837E+20,5.93676E+21,1.00698E+16,5.35749E+16
124624,2.17082E+18,2,5,14,522,2017,8,18,4,2,6,4,0,1,1,0,0,0,0,5.72859E+20,5.95107E+21,1.01037E+16,5.37032E+16
124625,2.17082E+18,2,4,7,417,2017,8,15,4,3,5,3,1,1,0,0,0,0,0,5.68304E+20,5.9354E+21,1.00313E+16,5.35631E+16
124626,2.17082E+18,2,5,1,501,2017,8,19,4,3,6,4,1,0,1,0,0,0,0,5.69091E+20,5.93548E+21,1.00432E+16,5.35637E+16
124627,2.17082E+18,2,2,5,216,2017,8,10,4,3,6,4,1,0,1,0,0,0,0,5.60062E+20,5.93536E+21,9.90684E+15,5.35637E+16
124628,2.17082E+18,2,3,6,318,2017,8,9,4,3,3,6,0,1,0,1,0,0,0,5.63153E+20,5.94205E+21,9.95486E+15,5.36235E+16
124629,2.17082E+18,2,3,7,319,2017,8,11,4,3,1,5,0,1,0,0,0,0,0,5.61254E+20,5.94264E+21,9.92627E+15,5.3629E+16
124630,2.17082E+18,2,3,5,317,2017,8,21,4,1,6,4,0,1,1,1,0,2,0,5.62901E+20,5.93915E+21,9.95047E+15,5.35974E+16
124631,2.17082E+18,2,2,1,201,2017,8,9,4,3,4,2,1,1,0,0,0,0,0,5.63154E+20,5.93348E+21,9.95313E+15,5.35465E+16
124632,2.17082E+18,2,2,2,207,2017,8,18,4,3,2,6,1,1,0,0,0,0,0,5.6395E+20,5.93547E+21,9.96555E+15,5.35642E+16
124633,2.17082E+18,2,1,4,112,2017,8,17,4,2,6,4,1,0,1,0,0,0,0,5.63676E+20,5.93348E+21,9.96101E+15,5.35464E+16
124634,2.17082E+18,2,7,1,702,2017,8,16,3,3,6,4,0,1,1,0,0,0,0,5.65145E+20,5.92381E+21,9.98117E+15,5.34592E+16
124635,2.17082E+18,2,1,12,130,2017,8,19,3,3,0,1,0,1,0,0,0,1,1,5.73465E+20,5.93264E+21,1.01085E+16,5.35375E+16
124636,2.17082E+18,2,5,4,512,2017,8,17,3,2,3,6,0,0,0,1,1,0,0,5.74327E+20,5.93594E+21,1.01223E+16,5.3567E+16
124637,2.17082E+18,2,1,12,130,2017,8,12,3,3,0,3,1,1,0,0,0,0,0,5.74587E+20,5.93189E+21,1.01253E+16,5.35307E+16
124638,2.17082E+18,2,5,3,510,2017,8,10,3,3,5,3,0,1,0,0,0,0,0,5.714E+20,5.93563E+21,1.0078E+16,5.35647E+16
124639,2.17082E+18,2,5,12,520,2017,8,4,3,3,3,7,0,1,0,0,0,2,0,5.70352E+20,5.94511E+21,1.00644E+16,5.365E+16
124640,2.17082E+18,2,4,12,431,2017,8,13,3,3,5,3,1,1,0,0,0,0,0,5.67093E+20,5.94368E+21,1.00148E+16,5.36376E+16
124641,2.17082E+18,2,4,5,409,2017,8,18,3,3,5,3,1,1,0,0,0,0,0,5.67095E+20,5.93905E+21,1.00138E+16,5.3596E+16
124642,2.17082E+18,2,4,10,427,2017,8,19,3,3,1,5,1,1,0,0,0,1,1,5.69029E+20,5.93791E+21,1.00428E+16,5.35855E+16
124643,2.17082E+18,2,4,7,416,2017,8,13,3,2,5,3,0,1,0,1,0,0,0,5.6724E+20,5.93536E+21,1.00152E+16,5.35628E+16
124644,2.17082E+18,2,3,8,320,2017,8,11,3,3,5,3,1,1,0,0,0,0,0,5.60029E+20,5.94138E+21,9.9075E+15,5.36178E+16
124645,2.17082E+18,2,3,8,320,2017,8,18,3,3,1,5,1,1,0,0,0,0,0,5.59668E+20,5.94039E+21,9.90186E+15,5.36089E+16
124646,2.17082E+18,2,2,9,221,2017,8,7,3,3,1,7,0,1,0,0,0,0,0,5.57204E+20,5.93793E+21,9.86417E+15,5.3587E+16
124647,2.17082E+18,2,3,7,319,2017,8,14,3,3,6,4,0,1,1,0,0,0,0,5.60567E+20,5.9425E+21,9.91585E+15,5.36277E+16
124648,2.17082E+18,2,2,4,214,2017,8,17,3,3,3,2,1,1,0,0,0,0,0,5.61318E+20,5.93372E+21,9.92548E+15,5.35488E+16
124649,2.17082E+18,2,2,3,210,2017,8,14,3,3,5,7,1,1,0,0,0,0,0,5.62011E+20,5.93433E+21,9.93605E+15,5.35542E+16
124650,2.17082E+18,2,3,2,312,2017,8,23,3,3,3,7,0,1,0,0,1,2,1,5.65615E+20,5.93507E+21,9.99061E+15,5.35604E+16
124651,2.17082E+18,2,1,5,114,2017,8,13,3,3,2,2,0,1,0,0,0,0,0,5.66515E+20,5.93437E+21,1.0004E+16,5.3554E+16
124652,2.17082E+18,2,1,3,106,2017,8,17,3,3,1,6,0,1,0,0,0,0,0,5.64847E+20,5.93447E+21,9.97889E+15,5.35551E+16
124653,2.17082E+18,2,1,5,113,2017,8,12,3,3,6,4,0,1,1,0,0,0,0,5.67031E+20,5.93481E+21,1.00119E+16,5.35579E+16
124654,2.17081E+18,2,1,20,141,2017,8,16,2,3,5,3,1,1,0,0,0,0,0,5.5722E+20,5.93203E+21,9.86333E+15,5.3534E+16
124655,2.17081E+18,2,5,18,526,2017,8,15,2,3,3,2,0,1,0,0,1,0,0,5.7607E+20,5.94176E+21,1.015E+16,5.36191E+16
124656,2.17081E+18,2,5,3,511,2017,8,18,2,3,2,6,0,1,0,0,0,0,0,5.72851E+20,5.93621E+21,1.01001E+16,5.35697E+16
124657,2.17081E+18,2,5,7,515,2017,8,12,2,3,5,3,1,0,0,0,0,0,0,5.71591E+20,5.94081E+21,1.00821E+16,5.36112E+16
124658,2.17081E+18,2,5,9,517,2017,8,16,2,3,2,6,0,1,0,0,0,0,0,5.72176E+20,5.94347E+21,1.00916E+16,5.3635E+16
124659,2.17081E+18,2,5,10,518,2017,8,17,2,3,2,6,0,1,0,0,0,0,0,5.73593E+20,5.94617E+21,1.01137E+16,5.36591E+16
124660,2.17081E+18,2,4,13,432,2017,8,21,2,3,3,7,0,1,0,0,0,2,0,5.67908E+20,5.94782E+21,1.0028E+16,5.36747E+16
124661,2.17081E+18,2,4,13,432,2017,8,13,2,3,3,6,0,1,0,1,0,0,0,5.6608E+20,5.94677E+21,1.00001E+16,5.36655E+16
124662,2.17081E+18,2,4,6,415,2017,8,7,2,2,1,6,0,1,0,0,0,0,0,5.68155E+20,5.93635E+21,1.00292E+16,5.35716E+16
124663,2.17081E+18,2,3,8,320,2017,8,8,2,3,5,3,0,1,0,0,0,0,0,5.60203E+20,5.93989E+21,9.90985E+15,5.36043E+16
124664,2.17081E+18,2,2,9,221,2017,8,16,2,2,6,4,0,1,1,0,0,0,0,5.56072E+20,5.93637E+21,9.84678E+15,5.35732E+16
124665,2.17081E+18,2,2,7,219,2017,8,7,2,3,5,3,1,1,0,0,0,0,0,5.59509E+20,5.93379E+21,9.89819E+15,5.35496E+16