OBJECTID,UIDENTSTLA,ULAND,UREGBEZ,UKREIS,UGEMEINDE,UJAHR,UMONAT,USTUNDE,UWOCHENTAG,UKATEGORIE,UART,UTYP1,IstRad,IstPKW,IstFuss,IstKrad,IstSonstig,LICHT,STRZUSTAND,LINREFX,LINREFY,XGCSWGS84,YGCSWGS84
124666,2.17081E+18,2,1,3,108,2017,8,16,2,3,5,2,1,1,0,0,0,0,0,5.65213E+20,5.93454E+21,9.98443E+15,5.35557E+16
124667,2.17081E+18,2,1,5,114,2017,8,12,2,3,3,6,0,1,0,0,1,0,0,5.66394E+20,5.93471E+21,1.00023E+16,5.35571E+16
124668,2.17081E+18,2,7,17,718,2017,8,12,1,3,3,5,0,1,0,1,0,0,0,5.51302E+20,5.9327E+21,9.77416E+15,5.35407E+16
124669,2.17081E+18,2,7,12,713,2017,8,15,1,3,8,1,0,0,0,1,0,0,0,5.59423E+20,5.92884E+21,9.89596E+15,5.35052E+16
124670,2.17081E+18,2,7,8,709,2017,8,0,1,3,1,5,0,1,0,0,0,2,1,5.64487E+20,5.92121E+21,9.97073E+15,5.3436E+16
124671,2.17081E+18,2,5,18,526,2017,8,1,1,3,0,7,0,0,0,1,0,2,1,5.77237E+20,5.94029E+21,1.01673E+16,5.36057E+16
124672,2.17081E+18,2,5,6,514,2017,8,20,1,3,5,3,0,1,0,1,0,1,0,5.74093E+20,5.93996E+21,1.01197E+16,5.36032E+16
124673,2.17081E+18,2,5,7,515,2017,8,11,1,3,3,7,0,1,0,1,0,0,0,5.71498E+20,5.94167E+21,1.00809E+16,5.36189E+16
124674,2.17081E+18,2,4,5,413,2017,8,3,1,3,4,6,0,1,0,0,0,2,1,5.66693E+20,5.93736E+21,1.00074E+16,5.35809E+16
124675,2.17081E+18,2,4,5,408,2017,8,13,1,2,1,6,0,1,0,0,0,0,0,5.67082E+20,5.93952E+21,1.00137E+16,5.36002E+16
124676,2.17081E+18,2,3,6,318,2017,8,11,1,3,6,7,1,0,1,0,0,0,0,5.62904E+20,5.94368E+21,9.95142E+15,5.36381E+16
124677,2.17081E+18,2,1,6,115,2017,8,19,1,3,6,7,0,1,1,0,0,0,0,5.66933E+20,5.93391E+21,1.00102E+16,5.35498E+16
124678,2.17081E+18,2,7,9,710,2017,8,18,7,3,4,2,0,1,0,1,0,0,1,5.64759E+20,5.92322E+21,9.97523E+15,5.3454E+16
124679,2.17081E+18,2,7,1,702,2017,8,13,7,3,5,3,0,1,0,0,0,0,1,5.66523E+20,5.92334E+21,1.00018E+16,5.34548E+16
124680,2.17081E+18,2,1,12,130,2017,8,10,7,2,6,6,1,0,1,0,0,0,0,5.7523E+20,5.9326E+21,1.01351E+16,5.35369E+16
124681,2.17081E+18,2,5,8,516,2017,8,11,7,3,5,3,1,1,0,0,0,0,1,5.69749E+20,5.9406E+21,1.00543E+16,5.36096E+16
124682,2.17081E+18,2,4,11,430,2017,8,13,7,3,2,6,0,1,0,0,0,0,1,5.68607E+20,5.94078E+21,1.0037E+16,5.36113E+16
124683,2.17081E+18,2,4,13,432,2017,8,18,7,3,3,6,0,1,0,0,0,0,1,5.65853E+20,5.94487E+21,9.99627E+15,5.36484E+16
124684,2.17081E+18,2,4,13,432,2017,8,14,7,3,6,4,0,1,1,0,0,0,1,5.66176E+20,5.94775E+21,1.00018E+16,5.36743E+16
124685,2.17081E+18,2,1,5,114,2017,8,13,7,3,6,7,0,1,1,0,0,0,1,5.67045E+20,5.93422E+21,1.0012E+16,5.35526E+16
124686,2.17081E+18,2,7,9,710,2017,8,14,6,3,5,3,1,1,0,0,0,0,0,5.64116E+20,5.9235E+21,9.96562E+15,5.34566E+16
124687,2.17081E+18,2,7,4,705,2017,8,14,6,2,5,3,1,1,0,0,0,0,1,5.65594E+20,5.92299E+21,9.98777E+15,5.34519E+16
124688,2.17081E+18,2,7,7,708,2017,8,15,6,3,2,6,0,1,0,0,0,0,1,5.65243E+20,5.92029E+21,9.98192E+15,5.34276E+16
124689,2.17081E+18,2,1,16,137,2017,8,16,6,3,0,1,1,0,0,0,0,0,1,5.6513E+20,5.93085E+21,9.98241E+15,5.35225E+16
124690,2.17081E+18,2,1,16,137,2017,8,16,6,3,4,2,0,1,0,0,0,0,1,5.65832E+20,5.92949E+21,9.9927E+15,5.35102E+16
124691,2.17081E+18,2,6,1,601,2017,8,15,6,3,6,4,1,0,1,0,0,0,1,5.8016E+20,5.92771E+21,1.02083E+16,5.34923E+16
124692,2.17081E+18,2,6,2,602,2017,8,11,6,2,3,6,1,1,0,0,0,0,1,5.79891E+20,5.92717E+21,1.02041E+16,5.34874E+16
124693,2.17081E+18,2,6,2,603,2017,8,7,6,3,3,7,0,1,0,0,0,0,1,5.8079E+20,5.92697E+21,1.02176E+16,5.34855E+16
124694,2.17081E+18,2,1,12,130,2017,8,15,6,3,2,2,0,1,0,0,0,0,1,5.7409E+20,5.93481E+21,1.01185E+16,5.35569E+16
124695,2.17081E+18,2,1,12,130,2017,8,18,6,3,2,6,0,1,0,0,0,0,0,5.73554E+20,5.93274E+21,1.01099E+16,5.35384E+16
124696,2.17081E+18,2,1,14,133,2017,8,18,6,3,2,6,0,1,0,0,0,0,0,5.68572E+20,5.93246E+21,1.00347E+16,5.35366E+16
124697,2.17081E+18,2,1,8,123,2017,8,13,6,3,2,6,0,1,0,0,0,0,1,5.70234E+20,5.9345E+21,1.00602E+16,5.35547E+16
124698,2.17081E+18,2,5,5,513,2017,8,15,6,3,5,2,1,1,0,0,0,0,1,5.72974E+20,5.93738E+21,1.01022E+16,5.35802E+16
124699,2.17081E+18,2,5,5,513,2017,8,16,6,3,5,3,1,1,0,0,0,0,1,5.73681E+20,5.93766E+21,1.0113E+16,5.35826E+16
124700,2.17081E+18,2,5,4,512,2017,8,12,6,2,2,6,0,1,0,0,1,0,1,5.7462E+20,5.93682E+21,1.0127E+16,5.35749E+16
124701,2.17081E+18,2,5,7,515,2017,8,9,6,3,4,7,0,1,0,0,0,0,0,5.71594E+20,5.94192E+21,1.00824E+16,5.36212E+16
124702,2.17081E+18,2,5,7,515,2017,8,11,6,3,6,7,0,1,1,0,0,0,1,5.7139E+20,5.9416E+21,1.00793E+16,5.36183E+16
124703,2.17081E+18,2,4,11,430,2017,8,10,6,3,0,2,1,0,0,0,1,0,1,5.68714E+20,5.94046E+21,1.00386E+16,5.36084E+16
124704,2.17081E+18,2,5,16,524,2017,8,13,6,3,2,6,0,1,0,0,0,0,1,5.74639E+20,5.94767E+21,1.01298E+16,5.36724E+16
124705,2.17081E+18,2,5,17,525,2017,8,13,6,3,5,3,0,1,0,0,0,0,1,5.78461E+20,5.94463E+21,1.01869E+16,5.36445E+16
124706,2.17081E+18,2,4,6,415,2017,8,17,6,3,5,3,1,1,0,0,0,0,1,5.67919E+20,5.93583E+21,1.00255E+16,5.35669E+16
124707,2.17081E+18,2,4,8,423,2017,8,16,6,3,3,7,0,1,0,0,0,0,1,5.69163E+20,5.93755E+21,1.00447E+16,5.35822E+16
124708,2.17081E+18,2,4,10,426,2017,8,15,6,3,2,6,0,1,0,0,0,0,1,5.7E+20,5.93871E+21,1.00576E+16,5.35926E+16
124709,2.17081E+18,2,4,8,422,2017,8,17,6,3,5,3,1,1,0,0,0,0,1,5.69146E+20,5.93657E+21,1.00442E+16,5.35734E+16
124710,2.17081E+18,2,4,10,426,2017,8,15,6,3,2,6,0,1,0,0,0,0,1,5.70002E+20,5.93872E+21,1.00576E+16,5.35926E+16
124711,2.17081E+18,2,3,8,320,2017,8,6,6,3,5,3,1,1,0,0,0,0,0,5.60164E+20,5.93966E+21,9.9092E+15,5.36023E+16
124712,2.17081E+18,2,2,10,222,2017,8,17,6,3,1,6,0,1,0,0,0,0,1,5.56115E+20,5.93379E+21,9.84698E+15,5.355E+16
124713,2.17081E+18,2,3,2,311,2017,8,23,6,3,4,2,0,1,0,0,0,2,0,5.64728E+20,5.9355E+21,9.97731E+15,5.35643E+16
124714,2.17081E+18,2,7,6,707,2017,8,13,5,3,5,3,1,1,0,0,0,0,0,5.65349E+20,5.92074E+21,9.98361E+15,5.34316E+16
124715,2.17081E+18,2,1,16,137,2017,8,19,5,3,6,4,0,1,1,0,0,0,0,5.65859E+20,5.92999E+21,9.99322E+15,5.35148E+16
124716,2.17081E+18,2,1,11,129,2017,8,18,5,3,3,6,0,1,0,1,0,0,0,5.70951E+20,5.93501E+21,1.00711E+16,5.35592E+16
124717,2.17081E+18,2,1,8,122,2017,8,15,5,3,1,5,1,1,0,0,0,0,0,5.69521E+20,5.93484E+21,1.00495E+16,5.35578E+16
124718,2.17081E+18,2,5,12,520,2017,8,6,5,3,3,6,0,0,0,1,1,0,0,5.69704E+20,5.9447E+21,1.00545E+16,5.36464E+16
124719,2.17081E+18,2,4,13,432,2017,8,17,5,3,2,6,0,1,0,0,0,0,0,5.66996E+20,5.9484E+21,1.00143E+16,5.368E+16
124720,2.17081E+18,2,4,5,410,2017,8,16,5,3,6,4,1,0,1,0,0,0,0,5.66778E+20,5.93832E+21,1.00089E+16,5.35894E+16
124721,2.17081E+18,2,4,8,422,2017,8,17,5,3,3,6,1,0,0,0,0,0,0,5.69183E+20,5.93651E+21,1.00448E+16,5.35729E+16
124722,2.17081E+18,2,4,10,426,2017,8,18,5,3,5,3,0,1,0,0,0,0,0,5.69761E+20,5.93843E+21,1.00539E+16,5.35901E+16
124723,2.17081E+18,2,2,3,209,2017,8,11,5,3,1,5,1,1,0,0,0,0,0,5.61927E+20,5.93628E+21,9.93517E+15,5.35717E+16
124724,2.17081E+18,2,2,7,219,2017,8,18,5,3,5,3,1,1,0,0,0,0,0,5.59262E+20,5.93413E+21,9.89453E+15,5.35527E+16
124725,2.17081E+18,2,3,5,317,2017,8,18,5,3,0,6,1,0,0,0,0,0,0,5.6364E+20,5.9394E+21,9.96168E+15,5.35996E+16
124726,2.17081E+18,2,2,3,209,2017,8,17,5,3,3,6,0,1,0,1,0,0,0,5.62629E+20,5.93529E+21,9.94558E+15,5.35628E+16
124727,2.17081E+18,2,1,4,112,2017,8,17,5,3,3,6,1,0,0,0,1,0,0,5.63511E+20,5.93383E+21,9.9586E+15,5.35495E+16
124728,2.17081E+18,2,7,14,715,2017,8,9,4,3,6,7,0,0,1,0,1,0,0,5.56694E+20,5.9253E+21,9.85418E+15,5.34736E+16
124729,2.17081E+18,2,1,12,130,2017,8,20,4,2,3,2,0,1,0,1,0,1,0,5.72782E+20,5.93307E+21,1.00983E+16,5.35415E+16
124730,2.17081E+18,2,1,11,129,2017,8,20,4,3,2,6,0,1,0,0,0,1,0,5.71867E+20,5.93453E+21,1.00849E+16,5.35547E+16
124731,2.17081E+18,2,5,5,513,2017,8,17,4,3,2,2,0,1,0,0,0,0,0,5.74579E+20,5.93766E+21,1.01265E+16,5.35825E+16
124732,2.17081E+18,2,4,11,430,2017,8,17,4,3,1,5,1,1,0,0,0,0,0,5.67967E+20,5.94204E+21,1.00276E+16,5.36227E+16
124733,2.17081E+18,2,4,5,411,2017,8,21,4,2,1,5,1,1,0,0,0,2,0,5.68102E+20,5.93794E+21,1.00288E+16,5.35859E+16
124734,2.17081E+18,2,4,8,421,2017,8,18,4,3,3,6,0,1,0,0,1,0,0,5.68801E+20,5.93733E+21,1.00392E+16,5.35803E+16
124735,2.17081E+18,2,4,1,402,2017,8,19,4,3,1,5,1,1,0,0,0,0,0,5.64518E+20,5.9379E+21,9.97462E+15,5.35859E+16
124736,2.17081E+18,2,4,1,401,2017,8,18,4,3,1,5,1,1,0,0,0,0,0,5.64859E+20,5.9374E+21,9.97968E+15,5.35814E+16
124737,2.17081E+18,2,3,3,314,2017,8,12,4,3,3,5,1,1,0,0,0,0,0,5.65707E+20,5.93768E+21,9.99254E+15,5.35839E+16
124738,2.17081E+18,2,3,3,314,2017,8,8,4,3,4,6,1,0,0,0,0,0,0,5.66093E+20,5.93704E+21,9.99823E+15,5.35781E+16
124739,2.17081E+18,2,2,2,207,2017,8,16,4,3,5,2,0,1,0,1,0,0,0,5.63708E+20,5.93522E+21,9.96185E+15,5.3562E+16
124740,2.17081E+18,2,1,1,101,2017,8,11,4,3,3,2,0,0,0,0,1,0,0,5.66672E+20,5.93373E+21,1.00063E+16,5.35482E+16
124741,2.17081E+18,2,1,4,112,2017,8,18,4,3,5,3,1,1,0,0,0,0,0,5.63973E+20,5.93349E+21,9.96549E+15,5.35464E+16
124742,2.17081E+18,2,1,3,107,2017,8,8,4,3,6,4,1,0,1,0,0,0,0,5.64909E+20,5.93444E+21,9.97982E+15,5.35548E+16
124743,2.17081E+18,2,1,5,113,2017,8,9,4,3,3,6,1,0,0,0,0,0,0,5.67127E+20,5.93518E+21,1.00135E+16,5.35612E+16
124744,2.17081E+18,2,7,15,716,2017,8,7,3,3,1,6,0,1,0,1,0,0,0,5.58221E+20,5.9285E+21,9.87777E+15,5.35022E+16
124745,2.17081E+18,2,7,9,710,2017,8,16,3,3,1,5,1,1,0,0,0,0,0,5.6416E+20,5.92351E+21,9.96627E+15,5.34567E+16
124746,2.17081E+18,2,1,11,129,2017,8,12,3,3,3,2,1,1,0,0,0,0,0,5.72369E+20,5.93373E+21,1.00922E+16,5.35475E+16
124747,2.17081E+18,2,1,6,115,2017,8,7,3,3,3,6,0,1,0,0,1,0,0,5.67201E+20,5.93349E+21,1.00142E+16,5.3546E+16
124748,2.17081E+18,2,5,4,512,2017,8,20,3,2,4,6,0,1,0,0,0,2,1,5.75543E+20,5.93635E+21,1.01408E+16,5.35706E+16
124749,2.17081E+18,2,5,4,512,2017,8,7,3,3,5,3,1,1,0,0,0,0,0,5.73144E+20,5.93657E+21,1.01046E+16,5.35729E+16
124750,2.17081E+18,2,5,2,508,2017,8,13,3,3,2,6,0,1,0,0,0,0,0,5.71559E+20,5.93792E+21,1.0081E+16,5.35853E+16
124751,2.17081E+18,2,5,7,515,2017,8,17,3,3,4,6,1,0,0,0,0,0,0,5.70161E+20,5.93892E+21,1.00601E+16,5.35944E+16
124752,2.17081E+18,2,5,8,516,2017,8,10,3,3,3,5,0,1,0,0,0,0,0,5.69631E+20,5.93995E+21,1.00523E+16,5.36038E+16
124753,2.17081E+18,2,5,17,525,2017,8,9,3,2,3,6,1,1,0,0,0,0,0,5.76664E+20,5.9448E+21,1.01598E+16,5.36463E+16
124754,2.17081E+18,2,4,13,432,2017,8,14,3,3,2,6,0,1,0,0,0,0,0,5.67716E+20,5.94703E+21,1.00249E+16,5.36676E+16
124755,2.17081E+18,2,4,5,413,2017,8,14,3,3,0,7,1,0,0,0,1,0,0,5.65946E+20,5.9378E+21,9.99618E+15,5.35849E+16
124756,2.17081E+18,2,4,6,415,2017,8,17,3,3,3,2,0,1,0,1,0,0,0,5.67313E+20,5.9359E+21,1.00164E+16,5.35677E+16
124757,2.17081E+18,2,3,9,321,2017,8,0,3,2,4,2,0,1,0,1,0,2,0,5.6146E+20,5.93856E+21,9.92858E+15,5.35923E+16
124758,2.17081E+18,2,3,7,319,2017,8,15,3,3,5,3,1,1,0,0,0,0,0,5.60533E+20,5.9433E+21,9.91549E+15,5.3635E+16
124759,2.17081E+18,2,4,3,406,2017,8,17,3,3,0,2,0,1,0,0,1,0,0,5.65145E+20,5.93998E+21,9.98454E+15,5.36046E+16
124760,2.17081E+18,2,2,1,203,2017,8,10,3,3,4,2,1,1,0,0,0,0,0,5.62036E+20,5.93404E+21,9.93637E+15,5.35516E+16
124761,2.17081E+18,2,1,4,111,2017,8,8,3,3,3,6,1,1,0,0,0,0,0,5.6423E+20,5.93391E+21,9.96946E+15,5.35501E+16
124762,2.17081E+18,2,1,5,113,2017,8,20,3,3,6,4,0,1,1,0,0,0,1,5.67483E+20,5.93436E+21,1.00186E+16,5.35538E+16
124763,2.17081E+18,2,1,20,141,2017,8,19,2,2,6,4,0,1,1,0,0,0,0,5.5832E+20,5.93139E+21,9.8798E+15,5.35282E+16
124764,2.17081E+18,2,7,4,705,2017,8,11,2,3,6,7,0,1,1,0,0,0,0,5.65618E+20,5.92138E+21,9.98778E+15,5.34374E+16
124765,2.17081E+18,2,1,11,129,2017,8,10,2,3,0,2,0,1,0,0,1,0,0,5.72354E+20,5.93428E+21,1.00922E+16,5.35524E+16
124766,2.17081E+18,2,1,12,130,2017,8,19,2,3,2,6,0,1,0,0,0,0,0,5.74297E+20,5.93584E+21,1.01218E+16,5.35662E+16
124767,2.17081E+18,2,1,14,132,2017,8,13,2,3,4,5,0,1,0,1,0,0,0,5.69046E+20,5.93225E+21,1.00418E+16,5.35346E+16
124768,2.17081E+18,2,5,18,526,2017,8,13,2,3,5,3,0,1,0,0,0,0,0,5.76986E+20,5.94337E+21,1.01643E+16,5.36335E+16
124769,2.17081E+18,2,5,1,504,2017,8,18,2,3,5,2,1,1,0,0,0,0,0,5.70161E+20,5.93591E+21,1.00594E+16,5.35674E+16
124770,2.17081E+18,2,2,8,220,2017,8,19,2,3,5,3,0,1,0,0,0,0,0,5.56212E+20,5.93882E+21,9.84934E+15,5.35952E+16
124771,2.17081E+18,2,3,5,317,2017,8,22,2,3,2,6,1,0,0,0,0,2,0,5.63239E+20,5.93853E+21,9.95544E+15,5.35918E+16
124772,2.17081E+18,2,2,1,204,2017,8,16,2,3,6,7,0,1,1,0,0,0,0,5.62688E+20,5.93416E+21,9.94624E+15,5.35525E+16
124773,2.17081E+18,2,6,7,608,2017,8,20,1,3,8,1,0,1,0,0,0,0,0,5.71763E+20,5.9238E+21,1.00808E+16,5.34583E+16
124774,2.17081E+18,2,6,4,605,2017,8,17,1,3,2,2,0,0,0,1,0,0,0,5.87071E+20,5.9228E+21,1.0311E+16,5.3447E+16
124775,2.17081E+18,2,1,8,125,2017,8,20,1,3,5,3,0,1,0,0,0,0,0,5.7009E+20,5.93434E+21,1.0058E+16,5.35533E+16
124776,2.17081E+18,2,5,10,518,2017,8,15,1,3,3,6,0,1,0,1,0,0,0,5.73085E+20,5.94554E+21,1.01058E+16,5.36535E+16
124777,2.17081E+18,2,4,10,427,2017,8,21,1,3,0,7,1,0,0,0,0,1,0,5.68664E+20,5.93855E+21,1.00374E+16,5.35913E+16
124778,2.17081E+18,2,5,1,504,2017,8,14,1,3,1,5,1,1,0,0,0,0,0,5.70001E+20,5.93591E+21,1.0057E+16,5.35674E+16
124779,2.17081E+18,2,3,8,320,2017,8,18,1,2,6,4,0,1,1,0,0,0,0,5.60471E+20,5.93959E+21,9.91384E+15,5.36016E+16
124780,2.17081E+18,2,4,2,403,2017,8,18,1,3,4,7,0,1,0,1,0,0,0,5.65092E+20,5.93794E+21,9.98331E+15,5.35863E+16
124781,2.17081E+18,2,3,2,311,2017,8,13,1,3,0,7,0,1,0,0,1,0,0,5.64844E+20,5.93609E+21,9.97918E+15,5.35697E+16
124782,2.17081E+18,2,3,2,312,2017,8,14,1,3,5,3,1,1,0,0,0,0,0,5.66175E+20,5.93651E+21,9.99937E+15,5.35733E+16
124783,2.17081E+18,2,1,3,108,2017,8,1,1,2,6,4,0,1,1,0,0,2,0,5.65199E+20,5.93462E+21,9.98424E+15,5.35564E+16
124784,2.17081E+18,2,1,5,114,2017,8,13,1,2,6,2,0,1,1,0,0,0,0,5.66919E+20,5.93465E+21,1.00102E+16,5.35565E+16
124785,2.17091E+18,2,6,2,603,2017,9,17,3,3,2,6,0,1,0,0,0,0,1,5.80056E+20,5.92689E+21,1.02065E+16,5.34849E+16
124786,2.17091E+18,2,6,1,601,2017,9,15,3,3,5,3,0,1,0,0,0,0,0,5.78828E+20,5.92909E+21,1.01885E+16,5.35049E+16
124787,2.17091E+18,2,6,1,601,2017,9,11,3,3,4,6,1,0,0,0,1,0,0,5.80125E+20,5.92758E+21,1.02077E+16,5.34911E+16
124788,2.17091E+18,2,1,11,129,2017,9,15,3,3,6,4,0,1,1,0,0,0,0,5.72192E+20,5.93445E+21,1.00897E+16,5.3554E+16
124789,2.17091E+18,2,5,6,514,2017,9,18,3,3,5,3,1,1,0,0,0,0,0,5.73538E+20,5.94206E+21,1.01118E+16,5.36222E+16
124790,2.17091E+18,2,5,3,510,2017,9,18,3,3,2,6,0,1,0,0,0,0,0,5.70942E+20,5.93642E+21,1.00713E+16,5.35719E+16
124791,2.17091E+18,2,5,7,515,2017,9,18,3,3,3,2,1,1,0,0,0,0,0,5.70937E+20,5.94132E+21,1.00724E+16,5.36159E+16
124792,2.17091E+18,2,5,7,515,2017,9,18,3,3,5,3,1,1,0,0,0,0,0,5.70074E+20,5.93896E+21,1.00588E+16,5.35948E+16
124793,2.17091E+18,2,5,7,515,2017,9,7,3,3,5,7,1,1,0,0,0,0,0,5.7337E+20,5.94263E+21,1.01094E+16,5.36273E+16
124794,2.17091E+18,2,4,10,427,2017,9,10,3,3,1,6,0,1,0,0,0,0,0,5.69014E+20,5.93834E+21,1.00426E+16,5.35893E+16
124795,2.17091E+18,2,5,1,504,2017,9,7,3,3,3,6,1,0,0,0,0,0,0,5.69984E+20,5.93684E+21,1.00569E+16,5.35757E+16
124796,2.17091E+18,2,5,1,501,2017,9,7,3,3,5,3,1,1,0,0,0,0,0,5.69156E+20,5.93597E+21,1.00443E+16,5.3568E+16
124797,2.17091E+18,2,4,10,427,2017,9,11,3,3,6,4,0,1,1,0,0,0,0,5.6905E+20,5.93843E+21,1.00432E+16,5.35902E+16
124798,2.17091E+18,2,4,8,422,2017,9,8,3,3,2,6,0,1,0,0,0,0,1,5.68635E+20,5.93668E+21,1.00365E+16,5.35745E+16
124799,2.17091E+18,2,3,9,321,2017,9,14,3,3,1,6,0,1,0,0,0,0,1,5.62396E+20,5.93868E+21,9.94274E+15,5.35932E+16
124800,2.17091E+18,2,2,8,220,2017,9,20,3,3,2,6,0,1,0,0,0,2,0,5.57924E+20,5.93804E+21,9.87506E+15,5.3588E+16
124801,2.17091E+18,2,7,3,704,2017,9,18,3,2,5,3,0,1,0,1,0,0,0,5.67922E+20,5.92258E+21,1.00227E+16,5.34479E+16
124802,2.17091E+18,2,7,1,702,2017,9,13,3,2,6,4,0,1,1,0,0,0,0,5.64953E+20,5.92399E+21,9.97831E+15,5.34609E+16
124803,2.17091E+18,2,4,5,413,2017,9,13,4,3,5,3,1,1,0,0,0,0,1,5.66863E+20,5.93776E+21,1.001E+16,5.35844E+16
124804,2.17091E+18,2,3,4,315,2017,9,12,3,3,3,2,1,0,0,0,0,0,1,5.64303E+20,5.93719E+21,9.97124E+15,5.35796E+16
124805,2.17091E+18,2,3,3,314,2017,9,18,3,3,3,6,1,1,0,0,0,0,0,5.6494E+20,5.93711E+21,9.98083E+15,5.35788E+16
124806,2.17091E+18,2,2,2,207,2017,9,20,3,3,1,7,1,1,0,0,0,2,0,5.63954E+20,5.9355E+21,9.96562E+15,5.35645E+16
124807,2.17091E+18,2,1,1,101,2017,9,20,3,3,1,5,1,1,0,0,0,2,0,5.66477E+20,5.93394E+21,1.00034E+16,5.35501E+16
124808,2.17091E+18,2,1,5,114,2017,9,20,3,3,4,2,1,0,0,0,1,2,0,5.67108E+20,5.93419E+21,1.00129E+16,5.35523E+16
124809,2.17091E+18,2,1,16,136,2017,9,16,2,3,0,2,1,1,0,0,0,0,0,5.67754E+20,5.9278E+21,1.00213E+16,5.34948E+16
124810,2.17091E+18,2,6,1,601,2017,9,13,2,3,5,3,1,1,0,0,0,0,1,5.79991E+20,5.92803E+21,1.02058E+16,5.34951E+16
124811,2.17091E+18,2,1,12,130,2017,9,6,2,3,2,6,0,1,0,0,0,1,0,5.73603E+20,5.93276E+21,1.01106E+16,5.35385E+16
124812,2.17091E+18,2,1,14,132,2017,9,16,2,3,5,2,1,1,0,0,0,0,0,5.6885E+20,5.93297E+21,1.0039E+16,5.35411E+16
124813,2.17091E+18,2,5,6,514,2017,9,7,2,3,6,6,1,0,1,0,0,0,1,5.72612E+20,5.9408E+21,1.00976E+16,5.3611E+16
124814,2.17091E+18,2,5,18,526,2017,9,7,2,3,3,5,1,1,0,0,0,0,0,5.76174E+20,5.93789E+21,1.01507E+16,5.35843E+16
124815,2.17091E+18,2,4,5,408,2017,9,17,2,3,3,2,1,1,0,0,0,0,1,5.6577E+20,5.9394E+21,9.99386E+15,5.35993E+16
124816,2.17091E+18,2,4,5,409,2017,9,13,2,3,0,7,0,0,0,1,0,0,0,5.68273E+20,5.9391E+21,1.00316E+16,5.35963E+16
124817,2.17091E+18,2,3,9,321,2017,9,21,2,3,2,6,0,1,0,1,0,2,0,5.6231E+20,5.9364E+21,9.94098E+15,5.35728E+16
124818,2.17091E+18,2,2,9,221,2017,9,18,2,3,1,6,0,1,0,0,0,0,0,5.57282E+20,5.93477E+21,9.86476E+15,5.35587E+16
124819,2.17091E+18,2,2,5,215,2017,9,14,2,3,1,2,0,1,0,0,0,0,0,5.61339E+20,5.93629E+21,9.9263E+15,5.35719E+16
124820,2.17091E+18,2,2,8,220,2017,9,9,2,3,2,6,0,1,0,0,0,0,0,5.58212E+20,5.93953E+21,9.87969E+15,5.36014E+16
124821,2.17091E+18,2,2,8,220,2017,9,10,2,3,3,2,1,1,0,0,0,0,0,5.58889E+20,5.93957E+21,9.88992E+15,5.36016E+16
124822,2.17091E+18,2,3,7,319,2017,9,11,2,3,4,6,1,0,0,0,1,0,0,5.60941E+20,5.94274E+21,9.92155E+15,5.36299E+16
124823,2.17091E+18,2,4,2,404,2017,9,16,2,3,3,2,1,1,0,0,0,0,0,5.65639E+20,5.93828E+21,9.99164E+15,5.35892E+16
124824,2.17091E+18,2,4,2,404,2017,9,8,2,3,5,3,0,1,0,0,0,0,0,5.65428E+20,5.93785E+21,9.98836E+15,5.35854E+16
124825,2.17091E+18,2,5,17,525,2017,9,16,4,3,2,6,0,1,0,0,0,0,1,5.7896E+20,5.94447E+21,1.01944E+16,5.36431E+16
124826,2.17091E+18,2,1,3,108,2017,9,8,2,3,0,7,0,1,0,0,1,0,0,5.65433E+20,5.93457E+21,9.98776E+15,5.3556E+16
124827,2.17091E+18,2,7,10,711,2017,9,14,4,3,2,6,0,1,0,0,0,0,0,5.62037E+20,5.92572E+21,9.93474E+15,5.34768E+16
124828,2.17091E+18,2,5,18,526,2017,9,14,1,3,0,7,0,0,0,1,0,0,0,5.7841E+20,5.94049E+21,1.01851E+16,5.36074E+16
124829,2.17091E+18,2,4,9,424,2017,9,12,1,2,4,2,1,1,0,0,0,0,0,5.70066E+20,5.93687E+21,1.00582E+16,5.3576E+16
124830,2.17091E+18,2,4,6,415,2017,9,14,1,3,3,2,0,1,0,0,0,0,0,5.67996E+20,5.93607E+21,1.00268E+16,5.35691E+16
124831,2.17091E+18,2,2,10,222,2017,9,6,1,2,0,7,1,0,0,0,0,2,1,5.57189E+20,5.9346E+21,9.86333E+15,5.35572E+16
124832,2.17091E+18,2,3,6,318,2017,9,9,1,3,4,2,0,1,0,1,0,0,0,5.63606E+20,5.94084E+21,9.96146E+15,5.36125E+16
124833,2.17091E+18,2,1,1,101,2017,9,9,1,3,3,6,0,1,0,0,0,0,0,5.66672E+20,5.93375E+21,1.00063E+16,5.35484E+16
124834,2.17091E+18,2,1,3,106,2017,9,17,1,3,2,6,0,1,1,1,0,0,0,5.64517E+20,5.93372E+21,9.97375E+15,5.35484E+16
124835,2.17091E+18,2,1,5,114,2017,9,16,1,3,6,4,1,0,1,0,0,0,0,5.66606E+20,5.93425E+21,1.00054E+16,5.35529E+16
124836,2.17091E+18,2,1,5,114,2017,9,11,1,3,2,2,0,1,0,0,0,0,0,5.66513E+20,5.93437E+21,1.0004E+16,5.3554E+16