OBJECTID,UIDENTSTLA,ULAND,UREGBEZ,UKREIS,UGEMEINDE,UJAHR,UMONAT,USTUNDE,UWOCHENTAG,UKATEGORIE,UART,UTYP1,IstRad,IstPKW,IstFuss,IstKrad,IstSonstig,LICHT,STRZUSTAND,LINREFX,LINREFY,XGCSWGS84,YGCSWGS84
124837,2.17091E+18,2,1,3,108,2017,9,3,1,2,5,2,0,1,0,0,0,2,1,5.65531E+20,5.93483E+21,9.98929E+15,5.35583E+16
124838,2.17091E+18,2,7,8,709,2017,9,15,7,3,2,6,0,1,0,0,0,0,1,5.64132E+20,5.92115E+21,9.96537E+15,5.34355E+16
124839,2.17091E+18,2,7,4,705,2017,9,15,7,2,1,4,0,1,1,0,0,0,1,5.65327E+20,5.92302E+21,9.98375E+15,5.34521E+16
124840,2.17091E+18,2,7,10,711,2017,9,11,7,3,2,6,0,1,0,0,0,0,1,5.62774E+20,5.92505E+21,9.94571E+15,5.34707E+16
124841,2.17091E+18,2,5,5,513,2017,9,22,7,3,9,1,0,1,0,0,0,2,1,5.73788E+20,5.93773E+21,1.01146E+16,5.35832E+16
124842,2.17091E+18,2,5,18,526,2017,9,13,7,3,2,2,0,1,0,0,0,0,1,5.76395E+20,5.93999E+21,1.01545E+16,5.36032E+16
124843,2.17091E+18,2,5,6,514,2017,9,7,7,3,9,1,0,1,0,0,0,0,1,5.73662E+20,5.93941E+21,1.01131E+16,5.35983E+16
124844,2.17091E+18,2,5,12,520,2017,9,18,7,3,5,3,1,0,0,0,0,0,1,5.7032E+20,5.94554E+21,1.0064E+16,5.36539E+16
124845,2.17091E+18,2,4,5,413,2017,9,17,7,3,6,2,0,1,1,0,0,0,0,5.66953E+20,5.93717E+21,1.00112E+16,5.35791E+16
124846,2.17091E+18,2,4,5,408,2017,9,11,7,3,3,6,0,1,0,1,0,0,1,5.66635E+20,5.93943E+21,1.00069E+16,5.35995E+16
124847,2.17091E+18,2,4,8,423,2017,9,6,7,3,3,2,0,1,0,0,1,0,1,5.69511E+20,5.93716E+21,1.00499E+16,5.35787E+16
124848,2.17091E+18,2,3,6,318,2017,9,15,7,3,2,6,0,1,0,0,1,0,1,5.63098E+20,5.94169E+21,9.95396E+15,5.36202E+16
124849,2.17091E+18,2,3,7,319,2017,9,9,7,3,4,2,1,0,0,0,1,0,1,5.61402E+20,5.94271E+21,9.92851E+15,5.36296E+16
124850,2.17091E+18,2,4,2,403,2017,9,23,7,3,3,2,1,1,0,0,0,2,0,5.65418E+20,5.93865E+21,9.98839E+15,5.35926E+16
124851,2.17091E+18,2,2,3,209,2017,9,1,7,3,5,3,0,1,0,0,0,2,1,5.62643E+20,5.93606E+21,9.94594E+15,5.35696E+16
124852,2.17091E+18,2,3,2,312,2017,9,20,7,3,6,4,1,0,1,0,0,2,0,5.65024E+20,5.9359E+21,9.98185E+15,5.35679E+16
124853,2.17091E+18,2,1,4,111,2017,9,3,7,3,6,3,0,0,1,0,1,2,1,5.63682E+20,5.93383E+21,9.96118E+15,5.35495E+16
124854,2.17091E+18,2,7,13,714,2017,9,17,6,3,2,6,0,1,0,0,0,0,1,5.58973E+20,5.92511E+21,9.88847E+15,5.34717E+16
124855,2.17091E+18,2,7,12,713,2017,9,14,6,3,3,6,0,1,0,0,1,0,1,5.60489E+20,5.92979E+21,9.91221E+15,5.35135E+16
124856,2.17091E+18,2,7,1,701,2017,9,19,6,3,2,6,0,1,0,0,0,2,1,5.64122E+20,5.92468E+21,9.96594E+15,5.34672E+16
124857,2.17091E+18,2,1,15,134,2017,9,13,6,3,5,3,0,1,0,0,1,0,1,5.69191E+20,5.9308E+21,1.00436E+16,5.35216E+16
124858,2.17091E+18,2,6,2,602,2017,9,16,6,3,2,6,0,1,0,0,0,0,1,5.79747E+20,5.92693E+21,1.02018E+16,5.34853E+16
124859,2.17091E+18,2,1,11,129,2017,9,13,6,3,0,7,0,1,0,0,0,0,1,5.73184E+20,5.935E+21,1.01048E+16,5.35588E+16
124860,2.17091E+18,2,3,5,317,2017,9,13,4,3,2,6,0,1,0,0,0,0,1,5.63404E+20,5.93935E+21,9.95809E+15,5.35992E+16
124861,2.17091E+18,2,2,5,216,2017,9,14,4,3,4,6,1,1,0,0,0,0,1,5.60255E+20,5.93585E+21,9.90985E+15,5.3568E+16
124862,2.17091E+18,2,4,6,414,2017,9,11,4,3,3,7,0,1,0,0,0,0,1,5.67007E+20,5.93667E+21,1.0012E+16,5.35746E+16
124863,2.17091E+18,2,4,10,427,2017,9,13,4,3,3,2,0,1,0,0,1,0,1,5.68638E+20,5.93812E+21,1.00369E+16,5.35874E+16
124864,2.17091E+18,2,5,17,525,2017,9,12,4,2,5,3,0,1,0,0,0,0,0,5.76134E+20,5.94443E+21,1.01517E+16,5.36431E+16
124865,2.17091E+18,2,5,11,519,2017,9,15,4,3,4,2,0,1,0,0,0,0,1,5.72557E+20,5.94519E+21,1.00978E+16,5.36504E+16
124866,2.17091E+18,2,4,12,431,2017,9,6,4,3,5,3,1,1,0,0,0,0,1,5.66561E+20,5.94349E+21,1.00067E+16,5.36359E+16
124867,2.17091E+18,2,5,11,519,2017,9,13,4,3,9,7,0,1,0,0,0,0,1,5.71489E+20,5.94632E+21,1.00818E+16,5.36607E+16
124868,2.17091E+18,2,1,8,121,2017,9,9,6,3,4,2,0,1,0,0,0,0,1,5.6894E+20,5.93458E+21,1.00407E+16,5.35556E+16
124869,2.17091E+18,2,1,14,132,2017,9,17,6,2,1,5,0,1,0,0,0,0,1,5.69644E+20,5.93204E+21,1.00507E+16,5.35326E+16
124870,2.17091E+18,2,5,6,514,2017,9,8,6,3,8,1,0,1,0,0,0,0,1,5.74658E+20,5.93973E+21,1.01282E+16,5.36011E+16
124871,2.17091E+18,2,5,2,507,2017,9,17,6,3,6,2,0,1,1,0,0,1,1,5.71165E+20,5.93674E+21,1.00748E+16,5.35747E+16
124872,2.17091E+18,2,5,5,513,2017,9,20,6,3,4,2,0,1,0,0,0,2,1,5.72753E+20,5.9383E+21,1.00991E+16,5.35885E+16
124873,2.17091E+18,2,4,11,430,2017,9,16,6,3,0,4,0,1,1,0,0,0,1,5.68847E+20,5.94043E+21,1.00406E+16,5.36082E+16
124874,2.17091E+18,2,4,13,432,2017,9,8,6,3,2,6,0,1,0,0,0,0,1,5.65576E+20,5.94679E+21,9.99248E+15,5.36657E+16
124875,2.17091E+18,2,4,4,407,2017,9,10,6,3,0,1,0,0,0,1,0,0,1,5.66547E+20,5.94031E+21,1.00058E+16,5.36074E+16
124876,2.17091E+18,2,4,8,423,2017,9,7,6,2,5,2,0,1,1,0,0,0,1,5.69434E+20,5.93716E+21,1.00487E+16,5.35787E+16
124877,2.17091E+18,2,5,1,503,2017,9,13,6,3,8,1,0,1,0,0,0,0,1,5.69265E+20,5.93545E+21,1.00458E+16,5.35634E+16
124878,2.17091E+18,2,2,7,219,2017,9,8,6,3,5,3,1,1,0,0,0,0,1,5.59514E+20,5.93436E+21,9.89838E+15,5.35548E+16
124879,2.17091E+18,2,3,4,316,2017,9,11,6,3,2,6,0,1,0,0,0,0,1,5.64299E+20,5.93752E+21,9.97124E+15,5.35825E+16
124880,2.17091E+18,2,3,2,312,2017,9,11,6,3,3,6,0,1,0,0,0,0,1,5.65457E+20,5.93527E+21,9.98827E+15,5.35622E+16
124881,2.17091E+18,2,3,2,311,2017,9,17,6,3,2,6,0,1,0,0,0,0,1,5.64667E+20,5.93552E+21,9.97638E+15,5.35646E+16
124882,2.17091E+18,2,1,1,101,2017,9,8,6,2,5,2,0,1,0,0,1,0,1,5.6628E+20,5.93456E+21,1.00005E+16,5.35557E+16
124883,2.17091E+18,2,7,10,711,2017,9,11,6,2,4,2,0,1,0,0,0,0,1,5.62214E+20,5.92574E+21,9.93742E+15,5.34769E+16
124884,2.17091E+18,2,7,10,711,2017,9,5,6,3,5,3,1,1,0,0,0,2,1,5.62222E+20,5.92569E+21,9.93753E+15,5.34765E+16
124885,2.17091E+18,2,1,17,138,2017,9,22,6,3,5,3,0,1,0,0,1,2,1,5.65045E+20,5.93141E+21,9.98124E+15,5.35276E+16
124886,2.17091E+18,2,7,8,709,2017,9,8,5,3,2,6,0,1,0,0,0,0,1,5.64246E+20,5.92148E+21,9.96715E+15,5.34384E+16
124887,2.17091E+18,2,7,4,705,2017,9,16,5,3,4,2,0,1,0,1,0,0,0,5.65766E+20,5.92307E+21,9.99037E+15,5.34525E+16
124888,2.17091E+18,2,6,9,610,2017,9,6,5,3,0,7,0,0,0,1,1,0,1,5.72991E+20,5.92808E+21,1.01003E+16,5.34966E+16
124889,2.17091E+18,2,1,6,117,2017,9,16,5,3,5,3,1,1,0,0,0,0,1,5.68209E+20,5.93339E+21,1.00294E+16,5.3545E+16
124890,2.17091E+18,2,5,18,526,2017,9,15,5,3,6,5,0,1,1,0,0,0,0,5.75836E+20,5.94302E+21,1.01468E+16,5.36305E+16
124891,2.17091E+18,2,5,7,515,2017,9,16,5,3,5,3,0,1,0,0,0,0,0,5.71565E+20,5.93974E+21,1.00815E+16,5.36016E+16
124892,2.17091E+18,2,4,10,429,2017,9,8,5,3,2,7,0,1,0,0,0,0,1,5.68441E+20,5.94019E+21,1.00344E+16,5.3606E+16
124893,2.17091E+18,2,5,15,523,2017,9,10,5,3,0,5,1,1,0,0,1,0,1,5.7529E+20,5.94988E+21,1.01402E+16,5.36922E+16
124894,2.17091E+18,2,4,5,409,2017,9,11,5,3,5,3,1,1,0,0,0,0,1,5.67107E+20,5.93882E+21,1.00139E+16,5.35939E+16
124895,2.17091E+18,2,4,10,426,2017,9,12,5,3,4,2,1,1,0,0,0,0,0,5.69898E+20,5.9386E+21,1.0056E+16,5.35916E+16
124896,2.17091E+18,2,4,8,420,2017,9,15,5,3,2,6,0,1,0,0,0,0,0,5.68574E+20,5.93676E+21,1.00356E+16,5.35752E+16
124897,2.17091E+18,2,3,8,320,2017,9,11,5,3,6,7,0,1,1,0,0,0,1,5.58928E+20,5.94076E+21,9.89074E+15,5.36123E+16
124898,2.17091E+18,2,2,11,223,2017,9,7,5,3,6,4,0,1,1,0,0,0,0,5.53671E+20,5.93525E+21,9.81033E+15,5.35633E+16
124899,2.17091E+18,2,3,8,320,2017,9,15,5,3,5,3,0,1,0,1,0,0,1,5.59755E+20,5.93893E+21,9.90289E+15,5.35958E+16
124900,2.17091E+18,2,3,6,318,2017,9,10,5,3,1,5,1,1,0,0,0,0,1,5.63514E+20,5.94226E+21,9.96036E+15,5.36253E+16
124901,2.17091E+18,2,4,1,401,2017,9,13,5,3,1,5,0,0,0,1,1,0,1,5.6488E+20,5.93753E+21,9.98002E+15,5.35826E+16
124902,2.17091E+18,2,2,3,210,2017,9,2,5,1,6,4,0,1,1,0,0,2,1,5.62771E+20,5.93508E+21,9.94769E+15,5.35609E+16
124903,2.17091E+18,2,3,3,314,2017,9,13,5,2,5,3,1,1,0,0,0,0,1,5.64867E+20,5.93729E+21,9.97977E+15,5.35804E+16
124904,2.17091E+18,2,1,4,112,2017,9,19,5,3,5,3,0,1,0,1,0,0,1,5.64137E+20,5.93359E+21,9.968E+15,5.35473E+16
124905,2.17091E+18,2,1,5,114,2017,9,15,5,3,0,7,0,1,0,0,0,0,0,5.66668E+20,5.93403E+21,1.00063E+16,5.3551E+16
124906,2.17091E+18,2,1,1,101,2017,9,23,5,3,5,2,0,1,0,0,0,2,1,5.663E+20,5.93454E+21,1.00008E+16,5.35555E+16
124907,2.17091E+18,2,1,3,106,2017,9,17,5,3,2,7,0,1,0,0,1,0,1,5.64837E+20,5.93446E+21,9.97874E+15,5.3555E+16
124908,2.17091E+18,2,7,14,715,2017,9,17,4,3,2,6,0,1,0,0,0,0,0,5.56349E+20,5.92486E+21,9.8489E+15,5.34697E+16
124909,2.17091E+18,2,7,10,711,2017,9,13,4,3,0,7,0,0,0,1,1,0,1,5.61337E+20,5.92564E+21,9.92419E+15,5.34762E+16
124910,2.17091E+18,2,1,16,137,2017,9,17,4,3,5,3,1,1,0,0,0,0,1,5.65161E+20,5.92952E+21,9.98259E+15,5.35106E+16
124911,2.17091E+18,2,6,1,601,2017,9,8,4,3,5,3,0,1,0,0,0,0,0,5.80938E+20,5.92913E+21,1.02203E+16,5.35049E+16
124912,2.17091E+18,2,5,5,513,2017,9,20,4,3,4,2,0,1,0,0,0,2,1,5.74463E+20,5.93806E+21,1.01249E+16,5.35861E+16
124913,2.17091E+18,2,5,18,526,2017,9,17,4,3,5,3,0,1,0,0,0,0,1,5.75115E+20,5.94152E+21,1.01355E+16,5.3617E+16
124914,2.17091E+18,2,5,18,526,2017,9,7,4,3,6,4,0,1,1,0,0,1,1,5.76256E+20,5.94121E+21,1.01527E+16,5.36142E+16
124915,2.17091E+18,2,5,7,515,2017,9,13,4,3,3,5,0,1,0,0,0,0,1,5.702E+20,5.93897E+21,1.00607E+16,5.35949E+16
124916,2.17091E+18,2,4,3,406,2017,9,17,4,2,5,3,0,1,0,0,0,0,1,5.66621E+20,5.94176E+21,1.00072E+16,5.36204E+16
124917,2.17091E+18,2,4,5,408,2017,9,15,4,3,2,6,0,1,0,0,0,0,1,5.66972E+20,5.93958E+21,1.00121E+16,5.36008E+16
124918,2.17091E+18,2,4,4,407,2017,9,6,4,3,2,6,0,1,0,0,1,0,1,5.65753E+20,5.93971E+21,9.99367E+15,5.36021E+16
124919,2.17091E+18,2,4,10,427,2017,9,13,4,3,5,3,1,1,0,0,0,0,1,5.68409E+20,5.93818E+21,1.00335E+16,5.3588E+16
124920,2.17091E+18,2,4,6,415,2017,9,15,4,3,2,3,0,1,0,0,0,0,1,5.67955E+20,5.93596E+21,1.00261E+16,5.35681E+16
124921,2.17091E+18,2,4,8,423,2017,9,16,4,3,5,3,0,1,0,0,0,0,0,5.69477E+20,5.93738E+21,1.00494E+16,5.35807E+16
124922,2.17091E+18,2,4,1,401,2017,9,13,4,3,5,3,1,1,0,0,0,0,1,5.64878E+20,5.93751E+21,9.97999E+15,5.35824E+16
124923,2.17091E+18,2,2,1,205,2017,9,6,4,3,4,2,1,1,0,0,0,1,1,5.6307E+20,5.9344E+21,9.95205E+15,5.35547E+16
124924,2.17091E+18,2,3,2,311,2017,9,19,4,3,4,6,1,0,0,0,0,0,0,5.64832E+20,5.93548E+21,9.97887E+15,5.35642E+16
124925,2.17091E+18,2,3,3,314,2017,9,8,4,3,5,3,1,1,0,0,0,0,1,5.64858E+20,5.93711E+21,9.9796E+15,5.35788E+16
124926,2.17091E+18,2,3,2,312,2017,9,8,4,3,3,6,0,0,0,1,1,0,1,5.65528E+20,5.93548E+21,9.98938E+15,5.35641E+16
124927,2.17091E+18,2,1,4,110,2017,9,16,4,3,0,5,1,1,0,0,0,0,1,5.63516E+20,5.93422E+21,9.95876E+15,5.3553E+16
124928,2.17091E+18,2,1,16,137,2017,9,7,4,2,8,1,0,1,0,0,0,0,1,5.63284E+20,5.92788E+21,9.95397E+15,5.34961E+16
124929,2.17091E+18,2,7,15,716,2017,9,16,3,2,4,6,0,1,0,0,1,0,0,5.57106E+20,5.92959E+21,9.86116E+15,5.35122E+16
124930,2.17091E+18,2,7,1,702,2017,9,14,3,3,1,7,1,1,0,0,0,0,0,5.65246E+20,5.92305E+21,9.98253E+15,5.34524E+16
124931,2.17091E+18,2,1,12,130,2017,9,14,3,2,0,7,0,1,0,0,0,0,0,5.7355E+20,5.93253E+21,1.01098E+16,5.35365E+16
124932,2.17091E+18,2,5,4,512,2017,9,13,3,3,0,5,1,1,0,0,0,0,0,5.74565E+20,5.93684E+21,1.01261E+16,5.35751E+16
124933,2.17091E+18,2,5,18,526,2017,9,7,3,2,5,3,1,0,0,0,1,0,0,5.77952E+20,5.94083E+21,1.01783E+16,5.36104E+16
124934,2.17091E+18,2,5,2,505,2017,9,16,3,3,5,2,0,1,0,0,0,0,0,5.70126E+20,5.93668E+21,1.00591E+16,5.35743E+16
124935,2.17091E+18,2,5,7,515,2017,9,14,3,3,2,6,0,1,0,0,0,0,0,5.70967E+20,5.94053E+21,1.00726E+16,5.36087E+16
124936,2.17091E+18,2,5,8,516,2017,9,12,3,3,2,6,0,1,0,0,0,0,0,5.69287E+20,5.94045E+21,1.00472E+16,5.36082E+16
124937,2.17091E+18,2,4,6,415,2017,9,16,3,3,5,2,1,1,0,0,0,0,0,5.67996E+20,5.93619E+21,1.00268E+16,5.35701E+16
124938,2.17091E+18,2,4,6,414,2017,9,11,3,3,6,2,0,0,1,0,1,0,0,5.67172E+20,5.93682E+21,1.00145E+16,5.35759E+16
124939,2.17091E+18,2,4,10,426,2017,9,15,3,3,2,6,0,1,0,0,1,0,0,5.69767E+20,5.93844E+21,1.0054E+16,5.35902E+16
124940,2.17091E+18,2,4,8,421,2017,9,10,3,3,3,6,1,0,0,0,0,0,0,5.68861E+20,5.9373E+21,1.00401E+16,5.358E+16
124941,2.17091E+18,2,3,9,321,2017,9,7,3,3,2,6,0,1,0,0,0,0,0,5.61584E+20,5.93857E+21,9.93044E+15,5.35923E+16
124942,2.17091E+18,2,2,14,227,2017,9,21,3,3,1,5,0,1,0,0,0,2,0,5.50028E+20,5.93674E+21,9.75557E+15,5.35772E+16
124943,2.17091E+18,2,2,11,223,2017,9,17,3,2,9,1,1,1,0,0,0,0,0,5.53396E+20,5.93462E+21,9.80608E+15,5.35578E+16
124944,2.17091E+18,2,2,10,222,2017,9,8,3,3,0,7,0,0,0,1,0,0,0,5.54987E+20,5.93463E+21,9.83009E+15,5.35577E+16
124945,2.17091E+18,2,2,8,220,2017,9,14,3,3,2,6,0,1,0,0,1,0,0,5.58591E+20,5.93904E+21,9.88532E+15,5.35969E+16
124946,2.17091E+18,2,3,4,316,2017,9,11,3,3,3,7,0,1,0,0,1,0,0,5.6427E+20,5.93756E+21,9.97081E+15,5.3583E+16
124947,2.17091E+18,2,2,1,203,2017,9,13,3,3,2,6,0,0,0,0,1,0,0,5.62041E+20,5.934E+21,9.93644E+15,5.35513E+16
124948,2.17091E+18,2,1,3,107,2017,9,9,3,3,3,2,1,0,0,0,1,0,0,5.65148E+20,5.93372E+21,9.98327E+15,5.35483E+16
124949,2.17091E+18,2,1,1,102,2017,9,13,3,3,5,3,1,1,0,0,0,0,0,5.65973E+20,5.93399E+21,9.99578E+15,5.35506E+16
124950,2.17091E+18,2,1,5,113,2017,9,9,3,3,5,3,1,1,0,0,0,0,0,5.67813E+20,5.93431E+21,1.00236E+16,5.35533E+16
124951,2.17091E+18,2,1,5,114,2017,9,12,3,3,5,7,0,1,0,0,1,0,0,5.66829E+20,5.93417E+21,1.00087E+16,5.35521E+16
124952,2.1709E+18,2,7,16,717,2017,9,17,2,3,3,6,0,1,0,0,0,0,0,5.52194E+20,5.93166E+21,9.78745E+15,5.35313E+16
124953,2.1709E+18,2,1,20,141,2017,9,14,2,3,4,6,0,1,0,0,0,0,0,5.55874E+20,5.93229E+21,9.84307E+15,5.35366E+16
124954,2.1709E+18,2,6,5,606,2017,9,14,2,3,5,3,1,1,0,0,0,0,0,5.81661E+20,5.92249E+21,1.02295E+16,5.34451E+16
124955,2.1709E+18,2,1,12,130,2017,9,11,2,3,5,3,0,1,0,0,0,0,0,5.73584E+20,5.93288E+21,1.01104E+16,5.35397E+16
124956,2.1709E+18,2,5,18,526,2017,9,10,2,3,3,3,1,0,0,0,0,0,1,5.75704E+20,5.93967E+21,1.0144E+16,5.36004E+16
124957,2.1709E+18,2,5,5,513,2017,9,11,2,3,0,7,0,0,0,0,1,0,0,5.75284E+20,5.93881E+21,1.01374E+16,5.35928E+16
124958,2.1709E+18,2,5,18,526,2017,9,17,2,3,3,6,0,1,0,0,0,0,0,5.76219E+20,5.94142E+21,1.01522E+16,5.3616E+16
124959,2.1709E+18,2,5,18,526,2017,9,12,2,2,2,6,0,1,0,0,0,0,0,5.75253E+20,5.94051E+21,1.01374E+16,5.3608E+16
124960,2.1709E+18,2,5,7,515,2017,9,10,2,3,0,6,1,1,0,0,0,0,0,5.71631E+20,5.94146E+21,1.00829E+16,5.3617E+16
124961,2.1709E+18,2,5,7,515,2017,9,13,2,3,2,6,0,1,0,0,0,0,0,5.71609E+20,5.94195E+21,1.00827E+16,5.36214E+16
124962,2.1709E+18,2,5,10,518,2017,9,14,2,3,4,6,1,0,0,0,0,0,0,5.72862E+20,5.9448E+21,1.01023E+16,5.36469E+16
124963,2.1709E+18,2,4,5,411,2017,9,8,2,3,6,3,1,0,1,0,0,0,0,5.6839E+20,5.93815E+21,1.00332E+16,5.35877E+16
124964,2.1709E+18,2,3,6,318,2017,9,15,2,3,2,7,1,1,0,0,1,0,0,5.62466E+20,5.94192E+21,9.94444E+15,5.36224E+16
124965,2.1709E+18,2,3,4,315,2017,9,18,2,3,6,7,0,1,1,0,0,0,0,5.64095E+20,5.93726E+21,9.96811E+15,5.35803E+16
124966,2.1709E+18,2,3,5,317,2017,9,8,2,3,5,3,1,1,0,0,0,0,0,5.63969E+20,5.93938E+21,9.96665E+15,5.35993E+16
124967,2.1709E+18,2,3,1,308,2017,9,7,2,3,2,6,1,1,0,0,0,0,0,5.63939E+20,5.93679E+21,9.96565E+15,5.3576E+16
124968,2.1709E+18,2,3,2,312,2017,9,10,2,3,6,7,0,1,1,0,0,0,0,5.65613E+20,5.93511E+21,9.99058E+15,5.35608E+16
124969,2.1709E+18,2,3,2,312,2017,9,9,2,3,5,3,0,1,0,0,1,0,0,5.65466E+20,5.93643E+21,9.98864E+15,5.35726E+16
124970,2.1709E+18,2,1,4,111,2017,9,10,2,2,6,2,0,1,1,0,0,0,0,5.64078E+20,5.93471E+21,9.96734E+15,5.35574E+16
124971,2.1709E+18,2,1,18,139,2017,9,21,2,2,9,1,0,0,0,1,0,2,0,5.64537E+20,5.93111E+21,9.97352E+15,5.35249E+16
124972,2.1709E+18,2,1,16,136,2017,9,16,1,3,2,6,0,1,0,0,0,0,0,5.67127E+20,5.92657E+21,1.00116E+16,5.34838E+16
124973,2.1709E+18,2,6,4,605,2017,9,15,1,2,8,1,0,0,0,1,0,0,0,5.86364E+20,5.92137E+21,1.03E+16,5.34343E+16
124974,2.1709E+18,2,1,12,130,2017,9,13,1,3,0,7,1,1,0,0,0,0,0,5.7515E+20,5.93414E+21,1.01343E+16,5.35508E+16
124975,2.1709E+18,2,5,5,513,2017,9,14,1,3,2,2,0,1,0,1,0,0,0,5.74422E+20,5.93829E+21,1.01243E+16,5.35881E+16
124976,2.1709E+18,2,5,7,515,2017,9,12,1,3,4,2,0,1,0,0,0,0,0,5.70629E+20,5.9405E+21,1.00675E+16,5.36086E+16
124977,2.1709E+18,2,5,7,515,2017,9,16,1,3,0,4,1,0,1,0,0,0,0,5.71656E+20,5.94151E+21,1.00833E+16,5.36175E+16
124978,2.1709E+18,2,5,1,504,2017,9,1,1,2,5,2,1,1,0,0,0,2,0,5.69722E+20,5.93661E+21,1.00529E+16,5.35737E+16
124979,2.1709E+18,2,3,9,321,2017,9,11,1,3,8,6,1,0,0,0,1,0,0,5.61388E+20,5.93752E+21,9.92729E+15,5.35829E+16
124980,2.1709E+18,2,2,3,208,2017,9,3,1,3,0,3,1,1,0,0,0,2,0,5.63373E+20,5.93524E+21,9.95679E+15,5.35622E+16
124981,2.1709E+18,2,1,19,140,2017,9,12,1,2,0,7,0,1,0,0,0,0,0,5.61417E+20,5.93051E+21,9.92634E+15,5.35199E+16
124982,2.1709E+18,2,6,12,613,2017,9,10,7,3,0,6,1,1,0,0,0,0,0,5.71868E+20,5.92671E+21,1.00831E+16,5.34845E+16
124983,2.1709E+18,2,6,5,606,2017,9,0,7,2,0,1,0,1,0,0,0,2,0,5.81777E+20,5.92243E+21,1.02313E+16,5.34446E+16
124984,2.1709E+18,2,1,8,121,2017,9,17,7,3,5,3,1,1,0,0,0,0,0,5.68923E+20,5.93509E+21,1.00405E+16,5.35602E+16
124985,2.1709E+18,2,5,4,512,2017,9,9,7,3,2,6,0,1,0,0,0,0,0,5.75664E+20,5.93633E+21,1.01426E+16,5.35704E+16
124986,2.1709E+18,2,5,18,526,2017,9,14,7,2,0,7,0,0,0,1,0,0,0,5.76352E+20,5.941E+21,1.01541E+16,5.36123E+16
124987,2.1709E+18,2,4,11,430,2017,9,13,7,3,2,6,0,1,0,0,0,0,0,5.68606E+20,5.94078E+21,1.0037E+16,5.36114E+16
124988,2.1709E+18,2,4,11,430,2017,9,12,7,3,2,6,0,1,0,0,0,0,0,5.68274E+20,5.94218E+21,1.00323E+16,5.3624E+16
124989,2.1709E+18,2,4,8,420,2017,9,12,7,3,0,7,0,0,0,1,1,0,1,5.68194E+20,5.93639E+21,1.00298E+16,5.35719E+16
124990,2.1709E+18,2,4,6,415,2017,9,11,7,3,3,6,0,0,0,1,1,0,0,5.68242E+20,5.93644E+21,1.00306E+16,5.35724E+16
124991,2.1709E+18,2,4,6,415,2017,9,15,7,3,0,7,0,0,0,1,0,0,0,5.68366E+20,5.93656E+21,1.00325E+16,5.35735E+16
124992,2.1709E+18,2,4,6,414,2017,9,11,7,3,0,7,1,1,0,0,0,0,0,5.67297E+20,5.9368E+21,1.00164E+16,5.35757E+16
124993,2.1709E+18,2,5,1,501,2017,9,1,7,3,5,3,0,1,0,0,0,2,0,5.69201E+20,5.93588E+21,1.00449E+16,5.35672E+16
124994,2.1709E+18,2,3,1,304,2017,9,17,7,3,6,6,1,0,1,0,0,0,0,5.62474E+20,5.93675E+21,9.94352E+15,5.35759E+16
124995,2.1709E+18,2,3,2,311,2017,9,9,7,3,0,7,1,0,0,0,0,0,0,5.64951E+20,5.93583E+21,9.98074E+15,5.35673E+16
124996,2.1709E+18,2,1,1,101,2017,9,19,7,3,2,2,0,1,0,0,0,0,0,5.66463E+20,5.93438E+21,1.00033E+16,5.35541E+16
124997,2.1709E+18,2,1,3,108,2017,9,17,7,3,3,6,0,1,0,0,0,0,0,5.6574E+20,5.93479E+21,9.99244E+15,5.35579E+16
124998,2.1709E+18,2,1,5,113,2017,9,17,7,2,2,6,0,1,1,0,0,0,0,5.67433E+20,5.93462E+21,1.0018E+16,5.35561E+16
124999,2.1709E+18,2,7,1,702,2017,9,10,6,3,5,2,0,0,0,0,1,0,0,5.65678E+20,5.92353E+21,9.98914E+15,5.34567E+16
125000,2.1709E+18,2,1,16,136,2017,9,14,6,2,4,6,0,1,0,1,1,0,0,5.66661E+20,5.92627E+21,1.00045E+16,5.34812E+16
125001,2.1709E+18,2,6,1,601,2017,9,15,6,3,3,2,0,1,0,0,0,0,0,5.79778E+20,5.92756E+21,1.02025E+16,5.3491E+16
125002,2.1709E+18,2,1,12,130,2017,9,13,6,3,2,6,0,1,0,0,1,0,0,5.7588E+20,5.93182E+21,1.01448E+16,5.35298E+16
125003,2.1709E+18,2,1,13,131,2017,9,6,6,3,2,6,0,1,0,0,0,0,0,5.71626E+20,5.93266E+21,1.00808E+16,5.3538E+16
125004,2.1709E+18,2,5,5,513,2017,9,6,6,3,5,3,0,1,0,0,1,0,0,5.74292E+20,5.93726E+21,1.01221E+16,5.3579E+16
125005,2.1709E+18,2,5,18,526,2017,9,12,6,3,5,3,1,1,0,0,0,0,0,5.75299E+20,5.93885E+21,1.01377E+16,5.35931E+16
125006,2.1709E+18,2,5,18,526,2017,9,10,6,3,5,3,0,1,0,0,0,0,0,5.75215E+20,5.94047E+21,1.01368E+16,5.36077E+16
125007,2.1709E+18,2,4,9,425,2017,9,9,6,3,0,7,0,1,0,0,0,0,0,5.70459E+20,5.9375E+21,1.00643E+16,5.35816E+16
125008,2.1709E+18,2,5,3,510,2017,9,18,6,3,2,6,0,1,0,0,0,0,0,5.70827E+20,5.93515E+21,1.00693E+16,5.35604E+16