OBJECTID,UIDENTSTLA,ULAND,UREGBEZ,UKREIS,UGEMEINDE,UJAHR,UMONAT,USTUNDE,UWOCHENTAG,UKATEGORIE,UART,UTYP1,IstRad,IstPKW,IstFuss,IstKrad,IstSonstig,LICHT,STRZUSTAND,LINREFX,LINREFY,XGCSWGS84,YGCSWGS84
125180,2.171E+18,2,2,8,220,2017,10,21,4,2,6,4,0,0,1,0,1,2,1,5.57802E+20,5.93838E+21,9.87328E+15,5.35911E+16
125181,2.171E+18,2,2,5,215,2017,10,20,4,3,3,2,0,1,0,0,0,2,1,5.61275E+20,5.93642E+21,9.92536E+15,5.35731E+16
125182,2.171E+18,2,2,5,216,2017,10,11,4,3,0,3,1,1,0,0,0,0,1,5.60032E+20,5.93517E+21,9.90635E+15,5.35619E+16
125183,2.17101E+18,2,3,3,314,2017,10,8,6,3,1,6,0,1,0,0,0,0,1,5.66049E+20,5.9371E+21,9.99759E+15,5.35786E+16
125184,2.171E+18,2,2,6,218,2017,10,6,4,3,5,3,1,1,0,0,0,1,0,5.57934E+20,5.93576E+21,9.87479E+15,5.35675E+16
125185,2.17101E+18,2,3,1,309,2017,10,8,6,3,0,7,1,1,0,0,0,0,1,5.63904E+20,5.93617E+21,9.96501E+15,5.35705E+16
125186,2.171E+18,2,3,6,318,2017,10,7,4,3,0,7,1,0,0,0,0,0,1,5.63369E+20,5.94302E+21,9.95832E+15,5.36322E+16
125187,2.171E+18,2,3,2,312,2017,10,13,4,3,0,7,1,1,0,0,0,0,0,5.65901E+20,5.93564E+21,9.99504E+15,5.35655E+16
125188,2.171E+18,2,7,9,710,2017,10,13,3,3,0,3,0,1,0,0,1,0,0,5.6253E+20,5.92334E+21,9.94169E+15,5.34554E+16
125189,2.171E+18,2,7,4,705,2017,10,10,3,2,8,1,0,1,0,0,0,0,1,5.64563E+20,5.9229E+21,9.97223E+15,5.34512E+16
125190,2.171E+18,2,1,11,129,2017,10,12,3,3,1,6,0,1,0,0,0,0,1,5.70922E+20,5.93494E+21,1.00707E+16,5.35586E+16
125191,2.171E+18,2,5,2,506,2017,10,1,3,3,2,6,0,1,0,0,0,2,0,5.71412E+20,5.93783E+21,1.00787E+16,5.35845E+16
125192,2.171E+18,2,4,11,430,2017,10,12,3,3,5,7,0,1,0,0,0,0,1,5.6731E+20,5.94146E+21,1.00176E+16,5.36177E+16
125193,2.171E+18,2,4,13,432,2017,10,21,3,3,2,6,0,1,0,0,0,2,1,5.65854E+20,5.94487E+21,9.99629E+15,5.36484E+16
125194,2.171E+18,2,3,7,319,2017,10,23,3,3,6,2,0,1,1,0,0,2,1,5.60801E+20,5.94252E+21,9.9194E+15,5.3628E+16
125195,2.171E+18,2,3,1,305,2017,10,14,3,3,5,7,0,1,0,1,0,0,1,5.63664E+20,5.93657E+21,9.96147E+15,5.35741E+16
125196,2.171E+18,2,1,3,106,2017,10,1,3,3,2,6,0,1,0,0,0,2,0,5.64864E+20,5.9345E+21,9.97914E+15,5.35553E+16
125197,2.171E+18,2,7,13,714,2017,10,15,2,3,4,6,0,1,0,0,0,0,0,5.58898E+20,5.92583E+21,9.88747E+15,5.34782E+16
125198,2.171E+18,2,1,12,130,2017,10,16,2,3,3,6,1,1,0,0,0,0,1,5.73754E+20,5.93339E+21,1.01131E+16,5.35442E+16
125199,2.171E+18,2,1,8,123,2017,10,18,2,3,2,2,0,1,0,1,0,1,0,5.70426E+20,5.93446E+21,1.00631E+16,5.35543E+16
125200,2.171E+18,2,1,6,117,2017,10,14,2,3,5,3,0,0,0,1,1,0,0,5.6819E+20,5.93372E+21,1.00292E+16,5.3548E+16
125201,2.171E+18,2,5,8,516,2017,10,15,2,3,4,2,1,1,0,0,0,0,0,5.69879E+20,5.94028E+21,1.00561E+16,5.36067E+16
125202,2.171E+18,2,5,7,515,2017,10,13,2,3,5,3,0,1,0,0,0,0,1,5.71528E+20,5.94165E+21,1.00814E+16,5.36188E+16
125203,2.171E+18,2,5,11,519,2017,10,12,2,3,2,6,0,1,0,0,0,0,1,5.71716E+20,5.94591E+21,1.00852E+16,5.3657E+16
125204,2.171E+18,2,5,11,519,2017,10,12,2,3,4,2,1,1,0,0,0,0,1,5.71162E+20,5.94573E+21,1.00768E+16,5.36555E+16
125205,2.171E+18,2,4,5,409,2017,10,10,2,3,6,4,0,0,1,0,1,0,1,5.66192E+20,5.93891E+21,1.00001E+16,5.35948E+16
125206,2.171E+18,2,4,6,415,2017,10,16,2,3,0,3,0,1,0,1,0,0,1,5.6752E+20,5.93574E+21,1.00195E+16,5.35662E+16
125207,2.171E+18,2,4,10,426,2017,10,12,2,3,2,6,0,1,0,0,0,0,1,5.70076E+20,5.93845E+21,1.00587E+16,5.35902E+16
125208,2.171E+18,2,4,10,428,2017,10,16,2,3,2,6,0,1,0,0,1,0,0,5.69082E+20,5.93898E+21,1.00438E+16,5.35951E+16
125209,2.171E+18,2,2,5,215,2017,10,8,2,3,5,3,0,1,0,0,0,0,1,5.60953E+20,5.9353E+21,9.92027E+15,5.3563E+16
125210,2.171E+18,2,4,2,405,2017,10,15,2,3,2,6,0,1,0,0,1,0,1,5.64952E+20,5.93908E+21,9.98144E+15,5.35965E+16
125211,2.171E+18,2,3,1,309,2017,10,11,2,3,2,6,0,1,0,0,1,0,1,5.64007E+20,5.93602E+21,9.96653E+15,5.35691E+16
125212,2.171E+18,2,3,3,314,2017,10,17,2,3,2,6,1,1,0,0,0,0,1,5.65803E+20,5.9372E+21,9.99389E+15,5.35796E+16
125213,2.171E+18,2,7,9,710,2017,10,20,1,3,5,3,0,1,0,1,0,2,0,5.63845E+20,5.92355E+21,9.96155E+15,5.34571E+16
125214,2.171E+18,2,1,16,137,2017,10,22,1,3,2,6,0,1,0,0,0,2,0,5.65764E+20,5.92846E+21,9.99147E+15,5.3501E+16
125215,2.171E+18,2,1,17,138,2017,10,7,1,3,4,6,0,1,0,0,0,0,1,5.66825E+20,5.93068E+21,1.00079E+16,5.35208E+16
125216,2.171E+18,2,6,9,610,2017,10,14,1,2,2,6,0,0,0,1,1,0,0,5.73279E+20,5.92836E+21,1.01047E+16,5.34991E+16
125217,2.171E+18,2,6,2,603,2017,10,7,1,3,0,7,0,0,0,1,0,0,1,5.8015E+20,5.9264E+21,1.02078E+16,5.34805E+16
125218,2.17101E+18,2,1,3,107,2017,10,19,6,3,5,3,0,1,0,1,0,2,1,5.65293E+20,5.93412E+21,9.98555E+15,5.35519E+16
125219,2.17101E+18,2,7,13,714,2017,10,17,5,3,2,6,0,1,0,0,1,0,1,5.59017E+20,5.92581E+21,9.88927E+15,5.3478E+16
125220,2.17101E+18,2,7,14,715,2017,10,7,5,2,5,3,1,1,0,0,0,1,1,5.5754E+20,5.92564E+21,9.86698E+15,5.34766E+16
125221,2.17101E+18,2,7,4,705,2017,10,17,5,3,2,6,0,1,0,0,0,0,0,5.65825E+20,5.92226E+21,9.99109E+15,5.34453E+16
125222,2.17101E+18,2,1,16,137,2017,10,22,5,3,3,6,0,1,0,0,0,2,1,5.65416E+20,5.92925E+21,9.98639E+15,5.35081E+16
125223,2.17101E+18,2,1,17,138,2017,10,19,5,3,0,4,0,0,1,1,0,2,1,5.668E+20,5.93067E+21,1.00076E+16,5.35208E+16
125224,2.17101E+18,2,6,2,602,2017,10,20,5,3,6,4,0,1,1,0,0,2,1,5.80082E+20,5.92737E+21,1.0207E+16,5.34892E+16
125225,2.17101E+18,2,1,11,128,2017,10,17,5,3,1,6,0,0,0,1,1,1,1,5.71845E+20,5.93315E+21,1.00842E+16,5.35423E+16
125226,2.17101E+18,2,2,7,219,2017,10,7,6,3,2,6,0,1,0,0,0,0,1,5.60172E+20,5.93338E+21,9.90812E+15,5.35458E+16
125227,2.171E+18,2,1,11,128,2017,10,6,1,2,5,3,0,1,0,0,0,1,1,5.71849E+20,5.93439E+21,1.00846E+16,5.35535E+16
125228,2.171E+18,2,1,8,126,2017,10,15,1,3,4,2,0,1,0,0,0,0,0,5.69388E+20,5.93404E+21,1.00473E+16,5.35507E+16
125229,2.171E+18,2,4,5,409,2017,10,9,1,3,1,5,0,1,0,1,0,0,1,5.66461E+20,5.93929E+21,1.00043E+16,5.35982E+16
125230,2.171E+18,2,1,4,111,2017,10,4,1,3,5,3,1,1,0,0,0,2,1,5.63693E+20,5.93393E+21,9.96136E+15,5.35504E+16
125231,2.171E+18,2,1,5,114,2017,10,14,1,3,5,7,0,1,0,0,0,0,0,5.67136E+20,5.93422E+21,1.00134E+16,5.35526E+16
125232,2.171E+18,2,1,5,114,2017,10,15,1,3,3,7,0,1,0,0,1,0,0,5.66837E+20,5.93417E+21,1.00089E+16,5.35521E+16
125233,2.17093E+18,2,5,7,515,2017,9,21,7,2,4,6,0,1,0,0,0,2,1,5.71641E+20,5.94046E+21,1.00828E+16,5.36081E+16
125234,2.17093E+18,2,5,10,518,2017,9,20,7,3,2,6,0,1,0,0,0,2,1,5.7358E+20,5.94616E+21,1.01135E+16,5.3659E+16
125235,2.17093E+18,2,4,5,411,2017,9,16,7,3,1,5,1,1,0,0,0,0,0,5.67809E+20,5.93827E+21,1.00244E+16,5.35889E+16
125236,2.17093E+18,2,4,8,423,2017,9,21,7,3,5,3,0,1,0,0,0,2,1,5.69196E+20,5.93757E+21,1.00452E+16,5.35824E+16
125237,2.17093E+18,2,5,1,502,2017,9,2,7,3,1,5,1,0,0,0,1,2,0,5.69503E+20,5.93613E+21,1.00495E+16,5.35694E+16
125238,2.17093E+18,2,2,9,221,2017,9,20,7,2,4,2,0,1,0,0,0,2,1,5.57372E+20,5.93773E+21,9.86667E+15,5.35853E+16
125239,2.17093E+18,2,3,7,319,2017,9,10,7,3,2,6,0,1,0,0,0,0,0,5.603E+20,5.94447E+21,9.9122E+15,5.36455E+16
125240,2.17093E+18,2,2,4,211,2017,9,12,7,3,3,6,1,1,0,0,0,0,0,5.61363E+20,5.93444E+21,9.9263E+15,5.35553E+16
125241,2.17093E+18,2,3,2,311,2017,9,16,7,3,2,6,0,1,0,0,0,0,0,5.64668E+20,5.93552E+21,9.97641E+15,5.35646E+16
125242,2.17093E+18,2,3,1,309,2017,9,1,7,3,1,6,1,1,0,0,0,2,0,5.63903E+20,5.9358E+21,9.96491E+15,5.35672E+16
125243,2.17093E+18,2,1,4,111,2017,9,6,7,3,6,2,0,1,1,0,0,0,1,5.63612E+20,5.93404E+21,9.96016E+15,5.35514E+16
125244,2.17093E+18,2,1,5,114,2017,9,21,7,3,6,4,0,1,1,0,0,2,1,5.67062E+20,5.93407E+21,1.00122E+16,5.35512E+16
125245,2.17093E+18,2,1,18,139,2017,9,9,7,3,8,1,0,1,0,0,0,0,1,5.6427E+20,5.9302E+21,9.9693E+15,5.35168E+16
125246,2.17093E+18,2,1,20,141,2017,9,8,6,3,0,6,1,1,0,0,0,0,1,5.5808E+20,5.93209E+21,9.87631E+15,5.35345E+16
125247,2.17093E+18,2,1,19,140,2017,9,18,6,3,2,6,0,1,0,0,1,1,0,5.60487E+20,5.92987E+21,9.9122E+15,5.35143E+16
125248,2.17093E+18,2,1,16,136,2017,9,16,6,3,2,6,0,1,0,0,0,0,0,5.68092E+20,5.92856E+21,1.00266E+16,5.35016E+16
125249,2.17093E+18,2,1,12,130,2017,9,14,6,3,5,3,0,1,0,0,0,0,0,5.76123E+20,5.93335E+21,1.01488E+16,5.35436E+16
125250,2.17093E+18,2,1,11,129,2017,9,11,6,3,1,6,0,1,0,0,0,0,0,5.7159E+20,5.93511E+21,1.00808E+16,5.35599E+16
125251,2.17093E+18,2,1,7,119,2017,9,7,6,2,0,1,0,0,0,1,0,0,1,5.68706E+20,5.93423E+21,1.00371E+16,5.35524E+16
125252,2.17093E+18,2,5,6,514,2017,9,17,6,3,5,3,0,1,0,0,0,0,0,5.74589E+20,5.94206E+21,1.01277E+16,5.3622E+16
125253,2.17093E+18,2,5,2,505,2017,9,12,6,3,0,7,1,0,0,0,1,0,1,5.70527E+20,5.9372E+21,1.00652E+16,5.35789E+16
125254,2.17093E+18,2,4,9,424,2017,9,8,6,3,6,4,0,1,1,0,0,0,1,5.70084E+20,5.93698E+21,1.00585E+16,5.3577E+16
125255,2.17093E+18,2,5,7,515,2017,9,10,6,3,3,6,0,1,0,0,0,0,0,5.70257E+20,5.93904E+21,1.00616E+16,5.35955E+16
125256,2.17093E+18,2,5,8,516,2017,9,13,6,2,5,2,1,1,0,0,0,0,0,5.70247E+20,5.94052E+21,1.00618E+16,5.36087E+16
125257,2.17093E+18,2,5,7,515,2017,9,14,6,3,1,6,0,1,0,0,1,0,0,5.70885E+20,5.94029E+21,1.00713E+16,5.36067E+16
125258,2.17093E+18,2,5,11,519,2017,9,19,6,3,2,6,0,1,0,0,0,2,0,5.71722E+20,5.94593E+21,1.00853E+16,5.36572E+16
125259,2.17093E+18,2,4,7,416,2017,9,14,6,3,2,6,0,1,0,0,0,0,0,5.67899E+20,5.93492E+21,1.0025E+16,5.35587E+16
125260,2.17093E+18,2,3,7,319,2017,9,8,6,2,2,7,0,1,0,0,0,0,0,5.60549E+20,5.94332E+21,9.91574E+15,5.36352E+16
125261,2.17093E+18,2,3,5,317,2017,9,9,6,3,4,2,1,0,0,0,1,0,0,5.63449E+20,5.93907E+21,9.95872E+15,5.35966E+16
125262,2.17093E+18,2,3,4,316,2017,9,7,6,3,5,7,0,1,0,0,1,0,0,5.64159E+20,5.93736E+21,9.96909E+15,5.35812E+16
125263,2.17093E+18,2,3,1,307,2017,9,10,6,3,0,7,1,0,0,0,0,0,0,5.63622E+20,5.93591E+21,9.96069E+15,5.35682E+16
125264,2.17093E+18,2,2,3,210,2017,9,1,6,3,4,2,0,1,0,0,0,2,1,5.62199E+20,5.93427E+21,9.93889E+15,5.35536E+16
125265,2.17093E+18,2,1,4,112,2017,9,13,6,3,2,6,0,1,0,0,0,0,0,5.63748E+20,5.93349E+21,9.9621E+15,5.35465E+16
125266,2.17093E+18,2,1,3,108,2017,9,20,6,3,4,7,0,1,0,0,0,2,0,5.65919E+20,5.93474E+21,9.99513E+15,5.35574E+16
125267,2.17093E+18,2,1,3,108,2017,9,10,6,3,0,7,0,1,0,0,0,0,0,5.65428E+20,5.93454E+21,9.98768E+15,5.35557E+16
125268,2.17093E+18,2,1,5,113,2017,9,14,6,3,4,7,0,1,0,1,0,0,0,5.66806E+20,5.93494E+21,1.00086E+16,5.35591E+16
125269,2.17093E+18,2,1,17,138,2017,9,14,6,3,2,6,0,1,0,0,0,0,0,5.65365E+20,5.93133E+21,9.98606E+15,5.35268E+16
125270,2.17093E+18,2,1,15,134,2017,9,15,5,3,5,3,0,1,0,0,0,0,0,5.67883E+20,5.9315E+21,1.00241E+16,5.3528E+16
125271,2.17093E+18,2,1,11,129,2017,9,11,5,2,6,4,0,1,1,0,0,0,0,5.7154E+20,5.93526E+21,1.00801E+16,5.35614E+16
125272,2.17093E+18,2,5,4,512,2017,9,17,5,3,4,2,0,1,0,0,0,0,0,5.75564E+20,5.93784E+21,1.01414E+16,5.3584E+16
125273,2.17093E+18,2,5,7,515,2017,9,12,5,3,0,7,1,0,0,0,0,0,0,5.734E+20,5.9424E+21,1.01098E+16,5.36253E+16
125274,2.17093E+18,2,4,12,431,2017,9,9,5,2,6,7,0,1,1,0,0,0,0,5.66562E+20,5.94295E+21,1.00066E+16,5.36311E+16
125275,2.17093E+18,2,4,8,423,2017,9,22,5,3,0,1,0,0,0,1,0,2,1,5.69242E+20,5.93719E+21,1.00458E+16,5.3579E+16
125276,2.17093E+18,2,3,7,319,2017,9,8,5,3,0,7,0,0,0,1,0,0,1,5.61374E+20,5.94267E+21,9.92808E+15,5.36293E+16
125277,2.17093E+18,2,3,4,315,2017,9,11,5,3,2,6,0,1,0,0,0,0,0,5.64362E+20,5.93743E+21,9.97218E+15,5.35817E+16
125278,2.17093E+18,2,2,4,213,2017,9,18,5,3,1,5,1,1,0,0,0,0,0,5.61893E+20,5.93435E+21,9.93428E+15,5.35544E+16
125279,2.17093E+18,2,2,1,205,2017,9,11,5,2,1,5,1,1,0,0,0,0,1,5.63315E+20,5.9339E+21,9.95565E+15,5.35502E+16
125280,2.17093E+18,2,3,1,310,2017,9,15,5,3,6,7,1,0,1,0,0,0,0,5.63914E+20,5.93557E+21,9.96504E+15,5.35651E+16
125281,2.17093E+18,2,1,1,101,2017,9,5,5,3,5,3,0,1,0,0,0,2,1,5.66214E+20,5.93392E+21,9.9994E+15,5.355E+16
125282,2.17093E+18,2,1,16,136,2017,9,10,4,3,6,4,1,0,1,0,0,0,0,5.66945E+20,5.92798E+21,1.00092E+16,5.34965E+16
125283,2.17093E+18,2,1,12,130,2017,9,17,4,3,5,3,1,1,0,0,0,0,0,5.76E+20,5.93196E+21,1.01466E+16,5.3531E+16
125284,2.17093E+18,2,1,11,129,2017,9,15,4,3,3,6,0,1,0,0,0,0,1,5.71601E+20,5.93508E+21,1.0081E+16,5.35597E+16
125285,2.17093E+18,2,1,6,118,2017,9,7,4,3,5,3,1,1,0,0,0,0,0,5.69009E+20,5.93406E+21,1.00416E+16,5.35509E+16
125286,2.17093E+18,2,5,5,513,2017,9,16,4,3,3,2,0,1,0,0,0,0,0,5.73255E+20,5.93832E+21,1.01067E+16,5.35886E+16
125287,2.17093E+18,2,5,2,507,2017,9,17,4,3,2,6,0,1,0,0,0,0,1,5.7101E+20,5.93664E+21,1.00724E+16,5.35738E+16
125288,2.17093E+18,2,5,2,507,2017,9,14,4,3,5,2,1,1,0,0,0,0,0,5.70944E+20,5.93646E+21,1.00714E+16,5.35722E+16
125289,2.17093E+18,2,4,13,432,2017,9,18,4,3,0,1,0,0,0,1,0,0,1,5.67298E+20,5.94499E+21,1.00182E+16,5.36494E+16
125290,2.17093E+18,2,4,10,429,2017,9,13,4,3,3,6,0,1,0,0,1,0,1,5.68646E+20,5.93957E+21,1.00374E+16,5.36005E+16
125291,2.17093E+18,2,2,7,219,2017,9,20,4,3,5,7,1,1,0,0,0,2,1,5.60256E+20,5.93339E+21,9.90939E+15,5.35459E+16
125292,2.17093E+18,2,2,6,218,2017,9,15,4,3,6,3,0,1,1,0,0,0,0,5.58366E+20,5.93554E+21,9.88127E+15,5.35655E+16
125293,2.17093E+18,2,2,8,220,2017,9,12,4,3,6,4,0,1,1,0,0,0,0,5.57779E+20,5.93841E+21,9.87293E+15,5.35913E+16
125294,2.17093E+18,2,2,5,217,2017,9,11,4,3,6,7,0,1,1,0,0,0,0,5.59041E+20,5.93642E+21,9.89163E+15,5.35733E+16
125295,2.17093E+18,2,2,7,219,2017,9,9,4,3,1,6,0,1,0,0,0,0,0,5.59452E+20,5.93465E+21,9.8975E+15,5.35574E+16
125296,2.17093E+18,2,2,1,203,2017,9,17,4,3,2,6,1,1,0,0,0,0,0,5.62034E+20,5.93392E+21,9.93632E+15,5.35505E+16
125297,2.17093E+18,2,2,3,209,2017,9,17,4,3,1,6,0,1,0,1,0,0,0,5.62516E+20,5.93557E+21,9.94393E+15,5.35652E+16
125298,2.17093E+18,2,2,1,204,2017,9,6,4,3,5,2,1,0,0,0,1,1,0,5.62889E+20,5.93482E+21,9.94941E+15,5.35585E+16
125299,2.17093E+18,2,3,2,312,2017,9,13,4,3,4,6,1,0,0,0,0,0,0,5.66237E+20,5.93567E+21,1.00001E+16,5.35657E+16
125300,2.17093E+18,2,2,3,208,2017,9,13,4,3,4,2,1,0,0,0,1,0,0,5.63422E+20,5.93528E+21,9.95755E+15,5.35626E+16
125301,2.17093E+18,2,1,20,141,2017,9,16,3,3,5,3,0,1,0,0,1,0,0,5.58247E+20,5.93185E+21,9.87879E+15,5.35324E+16
125302,2.17093E+18,2,1,16,136,2017,9,16,3,3,5,3,0,1,0,0,0,0,0,5.67616E+20,5.92972E+21,1.00197E+16,5.3512E+16
125303,2.17093E+18,2,4,9,425,2017,9,10,3,3,2,6,0,1,0,0,1,0,0,5.70709E+20,5.9376E+21,1.00681E+16,5.35825E+16
125304,2.17093E+18,2,5,7,515,2017,9,12,3,3,5,3,0,1,0,0,0,0,0,5.71232E+20,5.94113E+21,1.00768E+16,5.36141E+16
125305,2.17093E+18,2,5,11,519,2017,9,15,3,3,5,2,1,1,0,0,0,0,0,5.71089E+20,5.94664E+21,1.00759E+16,5.36637E+16
125306,2.17093E+18,2,4,5,410,2017,9,16,3,3,5,2,1,1,0,0,0,0,0,5.67213E+20,5.9384E+21,1.00154E+16,5.35901E+16
125307,2.17093E+18,2,3,8,320,2017,9,8,3,3,5,3,1,1,0,0,0,0,0,5.59444E+20,5.94051E+21,9.89849E+15,5.36101E+16
125308,2.17093E+18,2,3,8,320,2017,9,7,3,3,3,6,1,0,0,0,0,1,0,5.59069E+20,5.94107E+21,9.89293E+15,5.36151E+16
125309,2.17093E+18,2,2,9,221,2017,9,20,3,3,3,6,0,1,0,1,0,2,0,5.5638E+20,5.93792E+21,9.85172E+15,5.35871E+16
125310,2.17093E+18,2,2,5,215,2017,9,13,3,3,6,3,1,0,1,0,0,0,0,5.61447E+20,5.93498E+21,9.92767E+15,5.35601E+16
125311,2.17093E+18,2,3,6,318,2017,9,15,3,3,0,7,1,1,0,0,0,0,0,5.62782E+20,5.94184E+21,9.94921E+15,5.36216E+16
125312,2.17093E+18,2,4,2,404,2017,9,6,3,3,1,5,1,1,0,0,0,2,0,5.65537E+20,5.93829E+21,9.9901E+15,5.35894E+16
125313,2.17093E+18,2,3,2,312,2017,9,7,3,3,1,5,1,1,0,0,0,0,1,5.65948E+20,5.9354E+21,9.9957E+15,5.35633E+16
125314,2.17093E+18,2,3,3,313,2017,9,17,3,2,5,3,0,0,0,1,1,0,0,5.65774E+20,5.93658E+21,9.99332E+15,5.3574E+16
125315,2.17093E+18,2,1,1,101,2017,9,19,3,3,6,4,0,0,1,0,1,2,1,5.66618E+20,5.93412E+21,1.00055E+16,5.35517E+16
125316,2.17093E+18,2,1,11,128,2017,9,14,2,3,2,2,0,1,0,0,0,0,0,5.72312E+20,5.93336E+21,1.00913E+16,5.35441E+16
125317,2.17093E+18,2,1,12,130,2017,9,17,2,3,5,3,1,0,0,0,1,0,1,5.73211E+20,5.93348E+21,1.01049E+16,5.35451E+16
125318,2.17093E+18,2,1,12,130,2017,9,10,2,3,0,3,0,1,0,0,1,0,0,5.73753E+20,5.93271E+21,1.01129E+16,5.35381E+16
125319,2.17093E+18,2,1,6,118,2017,9,16,2,3,1,5,1,1,0,0,0,0,1,5.68927E+20,5.93405E+21,1.00404E+16,5.35508E+16
125320,2.17093E+18,2,5,6,514,2017,9,13,2,2,6,4,0,1,1,0,0,0,0,5.74064E+20,5.94011E+21,1.01193E+16,5.36045E+16
125321,2.17093E+18,2,5,7,515,2017,9,16,2,3,5,3,1,1,0,0,0,0,1,5.70749E+20,5.94079E+21,1.00694E+16,5.36112E+16
125322,2.17093E+18,2,5,7,515,2017,9,16,2,3,2,6,0,1,0,0,0,0,1,5.71048E+20,5.94079E+21,1.00739E+16,5.36111E+16
125323,2.17093E+18,2,5,11,519,2017,9,14,2,3,5,3,1,1,0,0,0,0,0,5.71996E+20,5.94675E+21,1.00896E+16,5.36645E+16
125324,2.17093E+18,2,4,13,432,2017,9,17,2,3,6,7,0,0,1,0,1,0,0,5.66415E+20,5.94839E+21,1.00055E+16,5.368E+16
125325,2.17093E+18,2,4,13,432,2017,9,13,2,1,5,7,0,1,0,1,0,0,0,5.67969E+20,5.94803E+21,1.0029E+16,5.36766E+16
125326,2.17093E+18,2,4,12,431,2017,9,13,2,3,6,6,1,0,1,0,0,0,0,5.66978E+20,5.94248E+21,1.00128E+16,5.36268E+16
125327,2.17093E+18,2,4,5,409,2017,9,13,2,3,0,6,0,1,0,1,0,0,0,5.66977E+20,5.93874E+21,1.0012E+16,5.35932E+16
125328,2.17093E+18,2,4,5,408,2017,9,16,2,3,0,1,0,0,0,1,0,0,0,5.67293E+20,5.93955E+21,1.00169E+16,5.36004E+16
125329,2.17093E+18,2,4,5,408,2017,9,13,2,3,5,3,1,1,0,0,0,0,0,5.67801E+20,5.9402E+21,1.00247E+16,5.36062E+16
125330,2.17093E+18,2,4,6,414,2017,9,12,2,3,0,7,0,1,0,0,1,0,0,5.67168E+20,5.93706E+21,1.00145E+16,5.35781E+16
125331,2.17093E+18,2,4,10,429,2017,9,8,2,3,4,6,1,0,0,0,0,0,0,5.68509E+20,5.93965E+21,1.00353E+16,5.36012E+16
125332,2.17093E+18,2,4,8,422,2017,9,17,2,2,3,2,1,0,0,0,1,0,0,5.68579E+20,5.93673E+21,1.00357E+16,5.35749E+16
125333,2.17093E+18,2,2,8,220,2017,9,16,2,3,5,3,1,1,0,0,0,0,0,5.57839E+20,5.93949E+21,9.87404E+15,5.36011E+16
125334,2.17093E+18,2,4,2,403,2017,9,13,2,3,5,3,1,1,0,0,0,0,0,5.64948E+20,5.93849E+21,9.98125E+15,5.35912E+16
125335,2.17093E+18,2,4,4,407,2017,9,8,2,3,5,3,1,1,0,0,0,0,0,5.65595E+20,5.93974E+21,9.99128E+15,5.36024E+16
125336,2.17093E+18,2,1,1,101,2017,9,17,2,3,6,7,0,0,1,0,1,0,0,5.66527E+20,5.93374E+21,1.00041E+16,5.35483E+16
125337,2.17093E+18,2,1,5,114,2017,9,17,2,3,1,6,0,1,0,0,1,1,1,5.66187E+20,5.93474E+21,9.99917E+15,5.35574E+16
125338,2.17093E+18,2,1,5,113,2017,9,11,2,3,2,6,0,1,0,0,0,0,0,5.67175E+20,5.93524E+21,1.00142E+16,5.35618E+16
125339,2.17092E+18,2,1,16,137,2017,9,15,1,3,2,6,0,1,0,0,0,0,1,5.65886E+20,5.93047E+21,9.99373E+15,5.3519E+16
125340,2.17092E+18,2,4,13,432,2017,9,12,1,3,2,6,0,1,0,0,0,0,0,5.6607E+20,5.94486E+21,9.99955E+15,5.36483E+16
125341,2.17092E+18,2,3,9,321,2017,9,20,1,2,5,3,0,1,0,1,0,2,0,5.62071E+20,5.93737E+21,9.93756E+15,5.35815E+16
125342,2.17092E+18,2,2,8,220,2017,9,19,1,3,4,6,0,1,0,0,0,0,0,5.59119E+20,5.93943E+21,9.89337E+15,5.36003E+16
125343,2.17092E+18,2,1,4,112,2017,9,2,1,2,2,6,0,1,0,0,0,2,1,5.63922E+20,5.93386E+21,9.9648E+15,5.35497E+16
125344,2.17092E+18,2,7,14,715,2017,9,14,7,2,0,7,0,0,0,0,1,0,0,5.5808E+20,5.92567E+21,9.87513E+15,5.34768E+16
125345,2.17092E+18,2,6,7,608,2017,9,12,7,2,9,1,0,0,0,1,0,0,0,5.73193E+20,5.92223E+21,1.0102E+16,5.3444E+16
125346,2.17092E+18,2,6,1,601,2017,9,15,7,3,5,3,1,1,0,0,0,0,0,5.80368E+20,5.92903E+21,1.02117E+16,5.35041E+16
125347,2.17092E+18,2,5,2,506,2017,9,10,7,3,2,6,1,0,0,0,0,0,0,5.71232E+20,5.93774E+21,1.0076E+16,5.35837E+16
125348,2.17092E+18,2,5,2,507,2017,9,11,7,3,4,7,0,1,0,0,0,0,0,5.70854E+20,5.93687E+21,1.00701E+16,5.35759E+16
125349,2.17092E+18,2,3,5,317,2017,9,16,7,3,3,2,0,1,0,0,0,0,0,5.63994E+20,5.93982E+21,9.96712E+15,5.36033E+16
125350,2.17092E+18,2,7,9,710,2017,9,14,6,3,4,2,1,1,0,0,0,0,0,5.6461E+20,5.92303E+21,9.97295E+15,5.34523E+16
125351,2.17092E+18,2,7,4,705,2017,9,13,6,3,0,6,0,1,0,0,1,0,0,5.65656E+20,5.92277E+21,9.98865E+15,5.34498E+16