OBJECTID,UIDENTSTLA,ULAND,UREGBEZ,UKREIS,UGEMEINDE,UJAHR,UMONAT,USTUNDE,UWOCHENTAG,UKATEGORIE,UART,UTYP1,IstRad,IstPKW,IstFuss,IstKrad,IstSonstig,LICHT,STRZUSTAND,LINREFX,LINREFY,XGCSWGS84,YGCSWGS84
125523,2.17091E+18,2,3,4,316,2017,9,16,5,3,1,5,1,1,0,0,0,0,0,5.64283E+20,5.9374E+21,9.97098E+15,5.35815E+16
125524,2.17101E+18,2,5,18,526,2017,10,11,6,3,2,6,0,1,0,0,1,0,1,5.76227E+20,5.94141E+21,1.01523E+16,5.36159E+16
125525,2.17091E+18,2,2,4,211,2017,9,19,5,3,5,3,1,0,0,0,0,1,0,5.61284E+20,5.93482E+21,9.92518E+15,5.35587E+16
125526,2.17091E+18,2,3,3,314,2017,9,9,5,3,3,6,0,1,0,1,0,0,0,5.65307E+20,5.93754E+21,9.98648E+15,5.35826E+16
125527,2.17101E+18,2,4,9,425,2017,10,20,6,3,4,6,0,1,0,0,0,2,0,5.70845E+20,5.9382E+21,1.00703E+16,5.35879E+16
125528,2.17091E+18,2,3,1,310,2017,9,7,5,3,4,2,1,1,0,0,0,0,0,5.63952E+20,5.9356E+21,9.96562E+15,5.35654E+16
125529,2.17091E+18,2,1,1,102,2017,9,17,5,3,6,6,0,1,1,0,0,0,0,5.65951E+20,5.93402E+21,9.99545E+15,5.35509E+16
125530,2.17101E+18,2,5,3,511,2017,10,23,6,3,2,6,0,1,0,0,0,2,0,5.72867E+20,5.93676E+21,1.01005E+16,5.35746E+16
125531,2.17091E+18,2,1,1,101,2017,9,20,5,3,6,3,0,0,1,0,1,2,0,5.66164E+20,5.93401E+21,9.99867E+15,5.35508E+16
125532,2.17101E+18,2,5,2,509,2017,10,16,6,2,6,4,0,1,1,0,0,0,1,5.71098E+20,5.9389E+21,1.00742E+16,5.35941E+16
125533,2.17091E+18,2,5,2,509,2017,9,13,4,3,5,2,0,1,0,0,0,0,1,5.72313E+20,5.93907E+21,1.00926E+16,5.35955E+16
125534,2.17101E+18,2,4,5,409,2017,10,8,6,3,5,3,1,1,0,0,0,0,1,5.67105E+20,5.93907E+21,1.0014E+16,5.35962E+16
125535,2.17101E+18,2,1,8,123,2017,10,8,5,3,5,3,0,1,0,0,1,0,1,5.70163E+20,5.93527E+21,1.00593E+16,5.35616E+16
125536,2.17101E+18,2,2,8,220,2017,10,11,6,3,2,2,0,1,0,0,1,0,1,5.58323E+20,5.93757E+21,9.881E+15,5.35837E+16
125537,2.17101E+18,2,5,18,526,2017,10,11,5,3,6,4,0,1,1,0,0,0,1,5.76256E+20,5.94008E+21,1.01524E+16,5.3604E+16
125538,2.17091E+18,2,5,7,515,2017,9,10,4,3,0,7,0,1,0,0,0,0,1,5.71581E+20,5.94189E+21,1.00822E+16,5.36209E+16
125539,2.17103E+18,2,3,9,321,2017,10,10,6,3,0,7,0,1,0,0,0,0,0,5.62187E+20,5.93874E+21,9.93959E+15,5.35938E+16
125540,2.17103E+18,2,3,8,320,2017,10,14,6,3,0,3,0,1,0,0,1,0,0,5.59133E+20,5.93974E+21,9.89364E+15,5.36031E+16
125541,2.17103E+18,2,3,7,319,2017,10,15,6,3,0,3,1,1,0,0,0,0,0,5.59887E+20,5.94298E+21,9.90566E+15,5.36322E+16
125542,2.17103E+18,2,2,1,203,2017,10,13,6,2,6,7,0,0,1,0,1,0,0,5.62644E+20,5.93399E+21,9.94554E+15,5.35511E+16
125543,2.17103E+18,2,1,4,112,2017,10,20,6,3,6,4,0,1,1,0,0,2,0,5.63984E+20,5.93387E+21,9.96574E+15,5.35498E+16
125544,2.17103E+18,2,1,1,101,2017,10,18,6,3,3,6,0,1,0,0,0,2,1,5.66277E+20,5.93361E+21,1.00003E+16,5.35472E+16
125545,2.17103E+18,2,1,16,137,2017,10,6,5,2,5,3,1,1,0,0,0,2,1,5.66127E+20,5.92827E+21,9.9969E+15,5.34992E+16
125546,2.17103E+18,2,1,16,137,2017,10,6,5,3,5,3,1,1,0,0,0,2,0,5.659E+20,5.92597E+21,9.99299E+15,5.34786E+16
125547,2.17101E+18,2,5,7,515,2017,10,18,3,3,3,2,1,1,0,0,0,1,1,5.7083E+20,5.94006E+21,1.00705E+16,5.36045E+16
125548,2.17101E+18,2,5,7,515,2017,10,10,3,3,5,3,0,1,0,0,0,0,0,5.70454E+20,5.93928E+21,1.00646E+16,5.35976E+16
125549,2.17101E+18,2,5,17,525,2017,10,15,3,3,4,3,1,0,0,0,1,0,1,5.76595E+20,5.94473E+21,1.01587E+16,5.36458E+16
125550,2.17103E+18,2,6,3,604,2017,10,2,5,2,4,6,0,1,0,0,1,2,0,5.8186E+20,5.92355E+21,1.02328E+16,5.34546E+16
125551,2.17103E+18,2,6,1,601,2017,10,9,5,2,0,7,0,1,0,1,0,0,1,5.78985E+20,5.92888E+21,1.01909E+16,5.35029E+16
125552,2.17103E+18,2,6,2,602,2017,10,13,5,2,0,1,1,0,0,0,0,0,1,5.79107E+20,5.92737E+21,1.01923E+16,5.34893E+16
125553,2.17103E+18,2,1,8,125,2017,10,16,5,3,1,6,0,1,0,0,1,0,1,5.70057E+20,5.93448E+21,1.00575E+16,5.35546E+16
125554,2.17103E+18,2,5,2,505,2017,10,18,5,3,2,6,0,1,0,0,0,2,0,5.70183E+20,5.93643E+21,1.00599E+16,5.35721E+16
125555,2.17103E+18,2,4,9,425,2017,10,17,5,3,1,6,0,1,0,0,0,0,0,5.70535E+20,5.93795E+21,1.00655E+16,5.35856E+16
125556,2.17103E+18,2,5,7,515,2017,10,10,5,3,0,7,1,0,0,0,0,0,1,5.71688E+20,5.94208E+21,1.00839E+16,5.36226E+16
125557,2.17103E+18,2,4,13,432,2017,10,12,5,3,5,2,0,1,0,0,0,0,0,5.67493E+20,5.94496E+21,1.00211E+16,5.3649E+16
125558,2.17103E+18,2,4,13,432,2017,10,14,5,3,3,2,1,1,0,0,0,0,0,5.66098E+20,5.9482E+21,1.00007E+16,5.36784E+16
125559,2.17103E+18,2,4,5,413,2017,10,17,5,3,4,6,1,1,0,0,0,1,0,5.66886E+20,5.93712E+21,1.00102E+16,5.35786E+16
125560,2.17103E+18,2,4,6,415,2017,10,15,5,3,3,6,0,1,0,0,1,0,0,5.67934E+20,5.93612E+21,1.00258E+16,5.35695E+16
125561,2.17103E+18,2,2,8,220,2017,10,19,5,3,1,7,0,1,0,0,0,2,0,5.5774E+20,5.93845E+21,9.87235E+15,5.35917E+16
125562,2.17103E+18,2,2,5,216,2017,10,15,5,3,0,7,0,0,0,1,0,0,1,5.60219E+20,5.93639E+21,9.90941E+15,5.35729E+16
125563,2.17103E+18,2,4,1,401,2017,10,16,5,3,4,6,1,0,0,0,0,0,0,5.64752E+20,5.93727E+21,9.97803E+15,5.35803E+16
125564,2.17103E+18,2,3,1,309,2017,10,8,5,3,1,6,0,1,0,0,0,0,0,5.643E+20,5.93587E+21,9.97093E+15,5.35678E+16
125565,2.17103E+18,2,7,10,711,2017,10,22,4,2,5,2,1,1,0,0,0,2,1,5.63127E+20,5.92482E+21,9.95099E+15,5.34685E+16
125566,2.17103E+18,2,1,16,137,2017,10,16,4,3,1,5,0,1,0,1,0,0,0,5.65477E+20,5.92863E+21,9.98717E+15,5.35025E+16
125567,2.17103E+18,2,1,6,118,2017,10,14,4,3,2,6,0,1,0,0,0,0,1,5.6894E+20,5.93328E+21,1.00404E+16,5.35439E+16
125568,2.17103E+18,2,4,9,424,2017,10,11,4,3,0,6,1,0,1,0,0,0,0,5.69844E+20,5.93766E+21,1.0055E+16,5.35831E+16
125569,2.17103E+18,2,5,8,516,2017,10,8,4,2,5,2,1,0,0,0,1,0,1,5.69727E+20,5.94008E+21,1.00538E+16,5.36049E+16
125570,2.17103E+18,2,5,15,523,2017,10,3,4,3,9,1,0,1,0,0,0,2,1,5.7469E+20,5.94992E+21,1.01311E+16,5.36926E+16
125571,2.17103E+18,2,4,5,413,2017,10,20,4,2,6,4,1,0,1,0,0,2,0,5.66958E+20,5.93774E+21,1.00114E+16,5.35842E+16
125572,2.17103E+18,2,4,4,407,2017,10,16,4,2,8,1,0,0,0,1,0,1,0,5.65719E+20,5.93971E+21,9.99315E+15,5.36021E+16
125573,2.17103E+18,2,4,4,407,2017,10,14,4,3,0,1,0,0,0,1,0,0,1,5.66789E+20,5.94043E+21,1.00095E+16,5.36084E+16
125574,2.17103E+18,2,4,8,418,2017,10,16,4,3,5,3,1,1,0,0,0,0,0,5.67695E+20,5.93667E+21,1.00223E+16,5.35745E+16
125575,2.17103E+18,2,2,6,218,2017,10,7,4,3,5,3,1,1,0,0,0,2,1,5.58127E+20,5.93551E+21,9.87766E+15,5.35653E+16
125576,2.17103E+18,2,3,6,318,2017,10,6,4,3,6,7,1,0,1,0,0,2,1,5.62998E+20,5.94319E+21,9.95274E+15,5.36337E+16
125577,2.17103E+18,2,1,5,114,2017,10,10,4,3,3,2,1,1,0,0,0,0,1,5.67108E+20,5.93419E+21,1.00129E+16,5.35523E+16
125578,2.17102E+18,2,6,6,607,2017,10,12,3,3,5,3,1,0,0,0,1,0,1,5.78117E+20,5.91838E+21,1.01752E+16,5.34087E+16
125579,2.17101E+18,2,5,10,518,2017,10,15,3,3,2,6,1,1,0,0,1,0,1,5.72866E+20,5.94488E+21,1.01023E+16,5.36476E+16
125580,2.17101E+18,2,5,11,519,2017,10,15,3,3,2,6,0,1,0,0,0,0,1,5.72561E+20,5.94578E+21,1.00979E+16,5.36557E+16
125581,2.17102E+18,2,1,14,132,2017,10,7,3,3,3,6,0,1,0,0,1,0,0,5.69123E+20,5.93314E+21,1.00431E+16,5.35426E+16
125582,2.17102E+18,2,4,10,429,2017,10,7,3,3,3,2,1,1,0,0,0,1,0,5.6888E+20,5.93965E+21,1.00409E+16,5.36012E+16
125583,2.17102E+18,2,5,11,519,2017,10,15,3,3,2,6,0,1,0,0,0,0,1,5.70726E+20,5.94528E+21,1.00701E+16,5.36515E+16
125584,2.17102E+18,2,4,12,431,2017,10,14,3,3,5,3,0,1,0,0,0,0,1,5.68346E+20,5.94359E+21,1.00337E+16,5.36367E+16
125585,2.17102E+18,2,4,10,426,2017,10,20,3,3,2,6,0,1,0,0,0,2,1,5.70219E+20,5.93834E+21,1.00608E+16,5.35892E+16
125586,2.17102E+18,2,4,7,416,2017,10,22,3,3,6,2,0,1,1,0,0,2,1,5.67847E+20,5.93565E+21,1.00244E+16,5.35653E+16
125587,2.17102E+18,2,4,10,426,2017,10,16,3,3,1,6,0,1,0,0,0,0,1,5.698E+20,5.93865E+21,1.00546E+16,5.3592E+16
125588,2.17102E+18,2,4,6,414,2017,10,8,3,3,1,5,1,1,0,0,0,0,1,5.67284E+20,5.93719E+21,1.00163E+16,5.35792E+16
125589,2.17102E+18,2,2,5,216,2017,10,12,3,3,2,6,0,1,0,0,0,0,1,5.60235E+20,5.93498E+21,9.90938E+15,5.35602E+16
125590,2.17102E+18,2,2,5,216,2017,10,12,3,3,2,3,1,1,0,0,0,0,1,5.60811E+20,5.93572E+21,9.91821E+15,5.35668E+16
125591,2.17102E+18,2,4,3,406,2017,10,10,3,3,4,3,0,1,0,0,0,0,0,5.65265E+20,5.94125E+21,9.98661E+15,5.3616E+16
125592,2.17102E+18,2,2,4,214,2017,10,7,3,3,3,2,0,1,0,1,0,2,1,5.61919E+20,5.93346E+21,9.9345E+15,5.35464E+16
125593,2.17102E+18,2,3,3,313,2017,10,10,3,2,6,2,0,1,1,0,0,0,0,5.65754E+20,5.93664E+21,9.99303E+15,5.35745E+16
125594,2.17102E+18,2,1,5,114,2017,10,17,3,3,5,3,1,1,0,0,0,1,1,5.67177E+20,5.93451E+21,1.00141E+16,5.35551E+16
125595,2.17102E+18,2,1,19,140,2017,10,7,3,3,3,6,0,1,0,0,1,2,0,5.61132E+20,5.93002E+21,9.92195E+15,5.35156E+16
125596,2.17102E+18,2,7,4,705,2017,10,18,2,3,9,7,0,1,0,0,0,1,1,5.65578E+20,5.92298E+21,9.98752E+15,5.34517E+16
125597,2.17102E+18,2,1,12,130,2017,10,16,2,3,6,4,0,1,1,0,0,0,1,5.73337E+20,5.93372E+21,1.01068E+16,5.35472E+16
125598,2.17102E+18,2,1,11,129,2017,10,14,2,3,2,6,0,1,0,0,0,0,1,5.73434E+20,5.93517E+21,1.01086E+16,5.35603E+16
125599,2.17102E+18,2,1,12,130,2017,10,9,2,3,5,3,1,1,0,0,0,0,1,5.73211E+20,5.93348E+21,1.01049E+16,5.35451E+16
125600,2.17102E+18,2,1,8,122,2017,10,19,2,3,5,3,0,1,0,0,0,2,1,5.69889E+20,5.93518E+21,1.00551E+16,5.35608E+16
125601,2.17102E+18,2,5,18,526,2017,10,22,2,3,9,6,0,1,0,0,0,2,1,5.75141E+20,5.9413E+21,1.01359E+16,5.36151E+16
125602,2.17102E+18,2,5,6,514,2017,10,7,2,3,2,6,0,1,0,0,0,1,1,5.73263E+20,5.94026E+21,1.01073E+16,5.3606E+16
125603,2.17102E+18,2,5,5,513,2017,10,12,2,3,3,7,0,1,0,0,0,0,1,5.73824E+20,5.93774E+21,1.01151E+16,5.35833E+16
125604,2.17102E+18,2,5,6,514,2017,10,5,2,3,0,1,0,0,0,1,0,2,1,5.73992E+20,5.94036E+21,1.01183E+16,5.36068E+16
125605,2.17102E+18,2,5,3,511,2017,10,9,2,3,2,2,0,1,0,0,0,0,1,5.72548E+20,5.93665E+21,1.00956E+16,5.35737E+16
125606,2.17102E+18,2,4,10,428,2017,10,21,2,3,5,2,1,1,0,0,0,2,1,5.69762E+20,5.9389E+21,1.00541E+16,5.35943E+16
125607,2.17102E+18,2,4,12,431,2017,10,18,2,2,5,2,1,1,0,0,0,2,0,5.67718E+20,5.94268E+21,1.0024E+16,5.36286E+16
125608,2.17102E+18,2,4,13,432,2017,10,11,2,3,1,6,0,1,0,0,1,0,1,5.67312E+20,5.945E+21,1.00184E+16,5.36495E+16
125609,2.17102E+18,2,3,9,321,2017,10,17,2,3,5,3,1,1,0,0,0,0,1,5.62734E+20,5.93749E+21,9.9476E+15,5.35825E+16
125610,2.17102E+18,2,2,5,215,2017,10,10,2,3,4,6,1,0,0,0,0,0,1,5.61655E+20,5.93536E+21,9.93089E+15,5.35635E+16
125611,2.17102E+18,2,4,1,402,2017,10,22,2,3,3,2,1,1,0,0,0,2,1,5.64134E+20,5.93793E+21,9.96883E+15,5.35863E+16
125612,2.17102E+18,2,3,1,307,2017,10,17,2,3,1,6,0,1,0,0,0,0,1,5.63244E+20,5.93609E+21,9.95503E+15,5.35699E+16
125613,2.17102E+18,2,3,5,317,2017,10,10,2,3,1,2,0,1,0,0,0,0,1,5.62952E+20,5.93939E+21,9.95127E+15,5.35996E+16
125614,2.17102E+18,2,3,2,312,2017,10,8,2,3,2,2,0,1,0,0,0,0,1,5.65453E+20,5.93633E+21,9.98842E+15,5.35717E+16
125615,2.17101E+18,2,5,10,518,2017,10,8,3,3,5,3,0,1,0,0,0,0,0,5.72279E+20,5.94498E+21,1.00935E+16,5.36486E+16
125616,2.17101E+18,2,4,8,423,2017,10,8,3,3,1,6,0,1,0,0,0,0,0,5.68922E+20,5.93728E+21,1.0041E+16,5.35799E+16
125617,2.17101E+18,2,4,7,417,2017,10,18,3,3,2,6,0,1,0,0,0,2,1,5.68407E+20,5.93529E+21,1.00328E+16,5.3562E+16
125618,2.17101E+18,2,4,8,419,2017,10,8,3,3,2,6,0,1,0,0,0,0,1,5.67878E+20,5.93737E+21,1.00253E+16,5.35808E+16
125619,2.17101E+18,2,3,9,321,2017,10,18,3,3,6,4,0,1,1,0,0,1,1,5.62733E+20,5.9375E+21,9.94759E+15,5.35826E+16
125620,2.17101E+18,2,2,5,215,2017,10,18,3,3,5,3,0,1,0,0,0,2,1,5.60953E+20,5.9353E+21,9.92027E+15,5.3563E+16
125621,2.17101E+18,2,3,7,319,2017,10,6,3,3,5,2,1,0,0,0,1,0,0,5.59886E+20,5.94311E+21,9.90567E+15,5.36333E+16
125622,2.17101E+18,2,4,2,404,2017,10,21,3,3,5,3,0,1,0,0,0,2,1,5.65915E+20,5.93819E+21,9.99579E+15,5.35884E+16
125623,2.17101E+18,2,3,1,303,2017,10,12,3,3,6,2,0,1,1,1,0,0,0,5.62848E+20,5.93683E+21,9.94919E+15,5.35765E+16
125624,2.17102E+18,2,7,16,717,2017,10,4,1,3,0,7,0,1,0,0,0,2,0,5.52218E+20,5.92892E+21,9.78734E+15,5.35066E+16
125625,2.17102E+18,2,1,20,141,2017,10,11,1,3,5,3,1,1,0,0,0,0,0,5.56079E+20,5.93229E+21,9.84616E+15,5.35366E+16
125626,2.17102E+18,2,7,1,702,2017,10,12,1,3,1,6,0,1,0,0,1,0,1,5.65799E+20,5.92331E+21,9.99092E+15,5.34547E+16
125627,2.17102E+18,2,7,4,705,2017,10,11,1,3,5,3,0,1,0,0,0,0,0,5.65106E+20,5.92295E+21,9.98041E+15,5.34515E+16
125628,2.17102E+18,2,5,4,512,2017,10,13,1,3,2,6,0,1,0,1,0,0,1,5.74465E+20,5.93635E+21,1.01245E+16,5.35707E+16
125629,2.17102E+18,2,5,4,512,2017,10,15,1,3,3,6,0,1,0,0,0,0,1,5.74646E+20,5.93748E+21,1.01275E+16,5.35808E+16
125630,2.17102E+18,2,4,11,430,2017,10,19,1,3,3,6,0,1,0,0,0,2,1,5.68807E+20,5.94044E+21,1.004E+16,5.36082E+16
125631,2.17102E+18,2,5,8,516,2017,10,13,1,3,5,3,0,1,0,0,0,0,1,5.71043E+20,5.94163E+21,1.0074E+16,5.36186E+16
125632,2.17102E+18,2,5,7,515,2017,10,20,1,3,0,7,0,0,0,1,0,2,1,5.70969E+20,5.94132E+21,1.00728E+16,5.36159E+16
125633,2.17102E+18,2,5,16,524,2017,10,22,1,2,8,1,0,1,0,0,0,2,1,5.73767E+20,5.94638E+21,1.01163E+16,5.36609E+16
125634,2.17102E+18,2,4,8,422,2017,10,22,1,3,6,2,0,1,1,0,0,2,1,5.69449E+20,5.93714E+21,1.00489E+16,5.35785E+16
125635,2.17102E+18,2,3,8,320,2017,10,14,1,3,5,5,1,1,0,0,0,0,1,5.59671E+20,5.94063E+21,9.90194E+15,5.36111E+16
125636,2.17102E+18,2,3,6,318,2017,10,20,1,3,8,1,0,1,0,0,0,2,1,5.63124E+20,5.94208E+21,9.95442E+15,5.36237E+16
125637,2.17102E+18,2,3,3,314,2017,10,11,1,3,5,2,1,1,0,0,0,0,0,5.66042E+20,5.9371E+21,9.99748E+15,5.35786E+16
125638,2.17102E+18,2,1,19,140,2017,10,6,7,3,3,1,0,1,0,0,0,2,1,5.59664E+20,5.92988E+21,9.89979E+15,5.35145E+16
125639,2.17102E+18,2,7,1,702,2017,10,5,7,3,0,3,0,1,0,0,1,2,0,5.64831E+20,5.92332E+21,9.97634E+15,5.34549E+16
125640,2.17102E+18,2,1,16,137,2017,10,20,7,3,2,6,0,1,0,0,0,2,1,5.65816E+20,5.92927E+21,9.99242E+15,5.35083E+16
125641,2.17102E+18,2,1,16,137,2017,10,18,7,3,6,4,0,1,1,0,0,1,1,5.65412E+20,5.92897E+21,9.98627E+15,5.35056E+16
125642,2.17102E+18,2,1,12,130,2017,10,16,7,3,1,3,1,1,0,0,0,0,0,5.76221E+20,5.93121E+21,1.01498E+16,5.35242E+16
125643,2.17102E+18,2,1,12,130,2017,10,17,7,3,6,4,0,1,1,0,0,1,1,5.73434E+20,5.9351E+21,1.01086E+16,5.35596E+16
125644,2.17102E+18,2,1,14,133,2017,10,3,7,2,1,5,0,1,1,0,0,2,1,5.6901E+20,5.93221E+21,1.00412E+16,5.35343E+16
125645,2.17102E+18,2,5,2,507,2017,10,21,7,3,4,2,0,1,0,0,0,2,1,5.70826E+20,5.93727E+21,1.00698E+16,5.35795E+16
125646,2.17102E+18,2,5,10,518,2017,10,22,7,3,1,6,0,1,0,0,0,2,1,5.73576E+20,5.94554E+21,1.01132E+16,5.36534E+16
125647,2.17102E+18,2,4,5,408,2017,10,11,7,3,0,7,1,1,0,0,0,0,0,5.66917E+20,5.93947E+21,1.00112E+16,5.35998E+16
125648,2.17102E+18,2,2,8,220,2017,10,7,7,2,0,1,0,0,0,1,0,0,1,5.57587E+20,5.93866E+21,9.87008E+15,5.35936E+16
125649,2.17102E+18,2,3,2,312,2017,10,16,7,3,3,6,0,1,0,0,1,0,0,5.65426E+20,5.9353E+21,9.9878E+15,5.35625E+16
125650,2.17102E+18,2,1,19,140,2017,10,18,7,3,3,6,0,1,0,0,0,2,1,5.61329E+20,5.93054E+21,9.92502E+15,5.35202E+16
125651,2.17102E+18,2,7,13,714,2017,10,13,6,3,6,4,0,1,1,0,0,0,1,5.58118E+20,5.92534E+21,9.87563E+15,5.34738E+16
125652,2.17102E+18,2,7,6,707,2017,10,16,6,3,2,6,0,1,0,0,0,0,0,5.65442E+20,5.9212E+21,9.9851E+15,5.34358E+16
125653,2.17102E+18,2,7,1,702,2017,10,13,6,3,5,3,1,1,0,0,0,0,1,5.65942E+20,5.92333E+21,9.99308E+15,5.34548E+16
125654,2.17102E+18,2,1,12,130,2017,10,13,6,3,2,6,0,1,0,0,0,0,1,5.75687E+20,5.93132E+21,1.01417E+16,5.35253E+16
125655,2.17102E+18,2,1,7,120,2017,10,21,6,3,2,6,0,1,0,0,0,2,1,5.68742E+20,5.93494E+21,1.00378E+16,5.35588E+16
125656,2.17102E+18,2,5,18,526,2017,10,21,6,3,1,5,0,1,0,0,1,2,1,5.76914E+20,5.94268E+21,1.0163E+16,5.36273E+16
125657,2.17102E+18,2,5,18,526,2017,10,17,6,3,5,3,1,1,0,0,0,0,1,5.76332E+20,5.94126E+21,1.01539E+16,5.36146E+16
125658,2.17102E+18,2,5,6,514,2017,10,18,6,3,1,6,0,1,0,0,0,2,1,5.74202E+20,5.94057E+21,1.01215E+16,5.36086E+16
125659,2.17102E+18,2,5,5,513,2017,10,17,6,3,2,6,0,1,0,0,0,1,1,5.74251E+20,5.93811E+21,1.01217E+16,5.35865E+16
125660,2.17102E+18,2,4,5,411,2017,10,12,6,3,6,4,1,0,1,0,0,0,1,5.6777E+20,5.9378E+21,1.00237E+16,5.35847E+16
125661,2.17102E+18,2,4,5,413,2017,10,3,6,3,4,6,0,1,0,0,0,2,0,5.66844E+20,5.93769E+21,1.00097E+16,5.35838E+16
125662,2.17102E+18,2,4,5,413,2017,10,21,6,3,3,2,0,1,0,0,0,2,1,5.66382E+20,5.93804E+21,1.00028E+16,5.3587E+16
125663,2.17102E+18,2,4,4,407,2017,10,17,6,3,2,6,0,1,0,0,0,0,1,5.66992E+20,5.94023E+21,1.00125E+16,5.36066E+16
125664,2.17102E+18,2,4,5,413,2017,10,13,6,3,6,3,0,1,1,0,0,0,0,5.66924E+20,5.93721E+21,1.00108E+16,5.35795E+16
125665,2.17102E+18,2,4,5,410,2017,10,18,6,3,1,5,1,1,0,0,0,0,1,5.6676E+20,5.93789E+21,1.00085E+16,5.35856E+16
125666,2.17102E+18,2,4,6,415,2017,10,20,6,3,2,6,0,1,0,0,0,2,1,5.68126E+20,5.93632E+21,1.00288E+16,5.35713E+16
125667,2.17102E+18,2,4,8,419,2017,10,12,6,3,6,3,0,1,1,0,0,0,0,5.68322E+20,5.93777E+21,1.00321E+16,5.35843E+16
125668,2.17102E+18,2,4,8,421,2017,10,8,6,3,5,2,1,1,0,0,0,0,0,5.68856E+20,5.93733E+21,1.004E+16,5.35803E+16
125669,2.17102E+18,2,3,6,318,2017,10,12,6,3,5,3,1,1,0,0,0,0,1,5.64723E+20,5.94389E+21,9.97898E+15,5.36398E+16
125670,2.17102E+18,2,3,5,317,2017,10,15,6,3,0,3,1,1,0,0,0,0,1,5.62341E+20,5.93934E+21,9.94204E+15,5.35991E+16
125671,2.17102E+18,2,3,1,301,2017,10,7,6,3,5,2,0,1,0,1,0,0,0,5.62166E+20,5.93725E+21,9.93897E+15,5.35804E+16
125672,2.17102E+18,2,2,2,207,2017,10,9,6,3,2,6,0,1,0,0,0,0,0,5.63923E+20,5.93468E+21,9.96498E+15,5.35571E+16
125673,2.17102E+18,2,2,1,206,2017,10,13,6,3,5,7,1,0,0,0,1,0,1,5.63021E+20,5.93455E+21,9.95134E+15,5.3556E+16
125674,2.17102E+18,2,1,4,112,2017,10,22,6,3,2,6,1,1,0,0,0,2,0,5.63768E+20,5.9338E+21,9.96247E+15,5.35493E+16
125675,2.17102E+18,2,1,5,114,2017,10,6,6,3,5,3,0,1,0,0,0,2,0,5.66391E+20,5.93471E+21,1.00022E+16,5.35571E+16
125676,2.17102E+18,2,1,19,140,2017,10,8,6,3,3,6,0,1,0,0,1,0,0,5.61424E+20,5.93032E+21,9.92642E+15,5.35182E+16
125677,2.17102E+18,2,1,20,141,2017,10,14,5,3,5,3,1,1,0,0,0,0,0,5.5868E+20,5.93123E+21,9.88519E+15,5.35267E+16
125678,2.17102E+18,2,7,15,716,2017,10,11,5,3,3,6,0,1,0,0,0,0,0,5.56396E+20,5.92945E+21,9.85043E+15,5.35109E+16
125679,2.17102E+18,2,1,20,141,2017,10,15,5,3,2,6,0,1,0,0,0,0,0,5.58653E+20,5.93124E+21,9.8848E+15,5.35268E+16
125680,2.17102E+18,2,1,16,136,2017,10,18,5,1,9,1,0,0,0,1,0,2,0,5.68628E+20,5.92907E+21,1.00348E+16,5.35061E+16
125681,2.17102E+18,2,1,16,137,2017,10,16,5,3,6,4,1,0,1,0,0,0,0,5.65924E+20,5.93006E+21,9.99422E+15,5.35154E+16
125682,2.17102E+18,2,1,12,130,2017,10,9,5,3,1,5,1,1,0,0,0,0,0,5.73717E+20,5.93335E+21,1.01125E+16,5.35439E+16
125683,2.17102E+18,2,1,8,125,2017,10,17,5,3,6,6,0,1,1,0,0,0,0,5.70357E+20,5.93418E+21,1.0062E+16,5.35518E+16
125684,2.17102E+18,2,1,8,126,2017,10,7,5,2,6,4,0,1,1,0,0,1,0,5.69515E+20,5.93402E+21,1.00492E+16,5.35505E+16
125685,2.17102E+18,2,5,18,526,2017,10,13,5,3,6,7,0,1,1,0,0,0,0,5.76432E+20,5.94012E+21,1.01551E+16,5.36044E+16
125686,2.17102E+18,2,4,9,424,2017,10,9,5,3,5,2,1,1,0,0,0,0,0,5.70024E+20,5.93772E+21,1.00578E+16,5.35837E+16
125687,2.17102E+18,2,5,7,515,2017,10,13,5,3,4,6,1,1,0,0,0,0,0,5.71408E+20,5.94039E+21,1.00793E+16,5.36075E+16
125688,2.17102E+18,2,5,9,517,2017,10,7,5,3,6,4,0,1,1,0,0,2,0,5.72591E+20,5.9443E+21,1.00981E+16,5.36424E+16
125689,2.17102E+18,2,4,7,416,2017,10,9,5,3,6,3,1,0,1,0,0,0,1,5.67669E+20,5.93565E+21,1.00217E+16,5.35654E+16
125690,2.17102E+18,2,2,3,209,2017,10,9,5,3,5,3,1,1,0,0,0,0,0,5.6264E+20,5.93545E+21,9.94578E+15,5.35642E+16
125691,2.17102E+18,2,3,3,314,2017,10,9,5,3,5,7,1,1,0,0,0,0,0,5.65196E+20,5.93738E+21,9.98477E+15,5.35812E+16
125692,2.17102E+18,2,1,5,113,2017,10,18,5,3,5,2,1,1,0,0,0,1,0,5.67607E+20,5.93475E+21,1.00206E+16,5.35573E+16