OBJECTID,UIDENTSTLA,ULAND,UREGBEZ,UKREIS,UGEMEINDE,UJAHR,UMONAT,USTUNDE,UWOCHENTAG,UKATEGORIE,UART,UTYP1,IstRad,IstPKW,IstFuss,IstKrad,IstSonstig,LICHT,STRZUSTAND,LINREFX,LINREFY,XGCSWGS84,YGCSWGS84
126033,2.17112E+18,2,4,8,421,2017,11,10,2,3,5,3,1,1,0,0,0,0,1,5.68633E+20,5.93734E+21,1.00367E+16,5.35804E+16
126034,2.17112E+18,2,2,9,221,2017,11,15,2,3,5,3,0,1,0,1,0,0,1,5.57378E+20,5.93585E+21,9.86641E+15,5.35684E+16
126035,2.17112E+18,2,2,7,219,2017,11,9,2,3,2,6,0,1,0,0,0,0,1,5.6055E+20,5.93341E+21,9.91383E+15,5.35461E+16
126036,2.17112E+18,2,2,8,220,2017,11,8,2,3,2,6,0,1,0,0,0,0,1,5.58491E+20,5.93927E+21,9.88386E+15,5.3599E+16
126037,2.17112E+18,2,3,5,317,2017,11,8,2,3,2,2,0,1,0,0,0,0,1,5.62966E+20,5.93939E+21,9.95149E+15,5.35996E+16
126038,2.17112E+18,2,2,3,209,2017,11,16,2,3,0,5,1,1,0,0,0,2,1,5.62359E+20,5.93547E+21,9.94153E+15,5.35644E+16
126039,2.17112E+18,2,1,1,101,2017,11,14,2,3,0,6,0,1,0,1,0,0,1,5.66337E+20,5.9346E+21,1.00014E+16,5.35561E+16
126040,2.17112E+18,2,1,3,108,2017,11,13,2,3,5,7,0,1,0,0,0,0,1,5.65655E+20,5.93444E+21,9.99107E+15,5.35548E+16
126041,2.17112E+18,2,5,6,514,2017,11,19,1,3,5,3,0,1,0,0,0,2,0,5.73978E+20,5.94037E+21,1.01181E+16,5.36069E+16
126042,2.17112E+18,2,5,18,526,2017,11,18,1,2,1,5,0,1,0,0,0,2,0,5.76015E+20,5.94105E+21,1.0149E+16,5.36127E+16
126043,2.17112E+18,2,5,4,512,2017,11,2,1,3,4,6,0,1,0,0,0,2,1,5.74685E+20,5.93705E+21,1.0128E+16,5.3577E+16
126044,2.17112E+18,2,5,16,524,2017,11,5,1,3,9,1,0,1,0,0,0,2,1,5.74546E+20,5.94836E+21,1.01286E+16,5.36787E+16
126045,2.17112E+18,2,2,13,226,2017,11,19,1,3,1,5,0,1,0,0,0,2,1,5.52632E+20,5.93708E+21,9.79496E+15,5.35799E+16
126046,2.17112E+18,2,2,5,215,2017,11,19,1,3,6,4,0,1,1,0,0,2,1,5.6148E+20,5.93501E+21,9.92818E+15,5.35603E+16
126047,2.17112E+18,2,3,1,307,2017,11,18,1,3,2,6,0,1,0,0,0,2,0,5.63243E+20,5.93609E+21,9.955E+15,5.35699E+16
126048,2.17112E+18,2,2,1,202,2017,11,9,1,3,2,6,0,1,0,0,0,0,1,5.61925E+20,5.93344E+21,9.93458E+15,5.35462E+16
126049,2.17112E+18,2,3,2,312,2017,11,9,1,3,5,3,0,1,0,0,0,0,1,5.65614E+20,5.93507E+21,9.99059E+15,5.35604E+16
126050,2.17112E+18,2,2,2,207,2017,11,18,1,3,3,6,1,1,0,0,0,2,0,5.63874E+20,5.93494E+21,9.9643E+15,5.35595E+16
126051,2.17112E+18,2,2,1,201,2017,11,7,1,3,3,7,0,1,0,0,0,1,1,5.63275E+20,5.9334E+21,9.95494E+15,5.35456E+16
126052,2.17112E+18,2,7,14,715,2017,11,11,7,3,4,7,1,1,0,0,0,0,0,5.5671E+20,5.92502E+21,9.85437E+15,5.34711E+16
126053,2.17112E+18,2,7,7,708,2017,11,13,7,3,1,6,0,1,0,0,0,0,1,5.65109E+20,5.91948E+21,9.97973E+15,5.34204E+16
126054,2.17112E+18,2,6,1,601,2017,11,18,7,3,5,3,0,1,0,0,0,2,1,5.79923E+20,5.92763E+21,1.02047E+16,5.34915E+16
126055,2.17112E+18,2,5,4,512,2017,11,15,7,3,5,3,0,1,0,0,0,0,1,5.74767E+20,5.93685E+21,1.01292E+16,5.35752E+16
126056,2.17112E+18,2,5,3,510,2017,11,15,7,3,2,6,0,1,0,0,0,1,1,5.71493E+20,5.93541E+21,1.00794E+16,5.35627E+16
126057,2.17112E+18,2,5,11,519,2017,11,10,7,2,4,6,0,1,0,0,0,0,1,5.70808E+20,5.94531E+21,1.00713E+16,5.36517E+16
126058,2.17112E+18,2,4,4,407,2017,11,13,7,3,5,3,0,1,0,0,0,0,1,5.6641E+20,5.9405E+21,1.00038E+16,5.36091E+16
126059,2.17112E+18,2,5,1,501,2017,11,17,7,3,2,6,0,1,0,0,0,2,1,5.69091E+20,5.93587E+21,1.00432E+16,5.35671E+16
126060,2.17112E+18,2,2,12,225,2017,11,7,7,3,1,1,0,1,0,0,0,1,0,5.55004E+20,5.93703E+21,9.83078E+15,5.35793E+16
126061,2.17112E+18,2,2,5,217,2017,11,11,7,3,6,7,0,0,1,0,1,0,1,5.59125E+20,5.93646E+21,9.8929E+15,5.35737E+16
126062,2.17112E+18,2,2,4,212,2017,11,11,7,3,5,3,0,1,0,0,0,0,1,5.60342E+20,5.93459E+21,9.91092E+15,5.35568E+16
126063,2.17112E+18,2,2,5,215,2017,11,16,7,3,5,2,0,1,0,0,1,2,1,5.60811E+20,5.937E+21,9.91846E+15,5.35784E+16
126064,2.17112E+18,2,3,7,319,2017,11,17,7,3,1,5,0,1,0,0,0,2,1,5.59467E+20,5.94288E+21,9.8993E+15,5.36313E+16
126065,2.17112E+18,2,1,4,112,2017,11,20,7,3,1,5,1,1,0,0,1,2,1,5.63918E+20,5.93386E+21,9.96474E+15,5.35497E+16
126066,2.17112E+18,2,1,3,108,2017,11,22,7,2,6,4,0,0,1,0,1,2,1,5.65526E+20,5.93486E+21,9.98922E+15,5.35585E+16
126067,2.17112E+18,2,1,6,115,2017,11,10,7,3,9,1,0,0,0,1,0,0,0,5.66662E+20,5.93379E+21,1.00061E+16,5.35488E+16
126068,2.17112E+18,2,1,20,141,2017,11,14,6,3,4,2,1,1,0,0,0,0,0,5.56937E+20,5.93209E+21,9.85907E+15,5.35347E+16
126069,2.17112E+18,2,7,13,714,2017,11,6,6,2,6,2,0,1,1,0,0,2,1,5.60013E+20,5.92629E+21,9.90436E+15,5.34821E+16
126070,2.17112E+18,2,7,9,710,2017,11,17,6,3,2,6,0,1,0,0,0,2,0,5.63574E+20,5.92281E+21,9.95731E+15,5.34505E+16
126071,2.17112E+18,2,6,2,602,2017,11,13,6,3,5,3,1,0,0,0,1,0,0,5.79582E+20,5.92733E+21,1.01995E+16,5.34889E+16
126072,2.17112E+18,2,1,7,119,2017,11,22,6,3,3,6,0,1,0,0,0,2,0,5.68826E+20,5.93424E+21,1.00389E+16,5.35525E+16
126073,2.17112E+18,2,1,14,132,2017,11,11,6,3,4,2,0,0,0,0,1,0,0,5.69146E+20,5.93311E+21,1.00435E+16,5.35423E+16
126074,2.17112E+18,2,5,2,507,2017,11,16,6,3,5,2,0,1,0,0,0,1,0,5.70845E+20,5.93674E+21,1.00699E+16,5.35747E+16
126075,2.17112E+18,2,5,2,508,2017,11,8,6,3,5,3,0,1,0,0,0,0,1,5.71746E+20,5.93735E+21,1.00837E+16,5.35801E+16
126076,2.17112E+18,2,4,11,430,2017,11,12,6,2,0,7,0,1,0,1,0,0,0,5.68637E+20,5.94066E+21,1.00375E+16,5.36103E+16
126077,2.17112E+18,2,4,12,431,2017,11,17,6,3,3,6,0,1,0,0,1,2,0,5.67934E+20,5.94244E+21,1.00272E+16,5.36263E+16
126078,2.17112E+18,2,4,13,432,2017,11,12,6,3,5,3,0,1,0,0,1,0,0,5.67376E+20,5.94561E+21,1.00195E+16,5.36549E+16
126079,2.17112E+18,2,4,12,431,2017,11,13,6,3,2,6,0,1,0,0,1,0,0,5.67097E+20,5.94298E+21,1.00147E+16,5.36313E+16
126080,2.17112E+18,2,4,5,413,2017,11,8,6,2,0,2,1,0,0,0,1,0,1,5.6624E+20,5.93735E+21,1.00005E+16,5.35808E+16
126081,2.17112E+18,2,4,10,426,2017,11,7,6,3,2,6,0,1,0,0,0,0,1,5.6997E+20,5.93868E+21,1.00571E+16,5.35923E+16
126082,2.17112E+18,2,2,11,223,2017,11,22,6,3,2,6,0,1,0,0,1,2,0,5.53863E+20,5.93524E+21,9.81324E+15,5.35633E+16
126083,2.17112E+18,2,3,6,318,2017,11,8,6,3,5,7,1,1,0,0,0,0,0,5.62631E+20,5.94429E+21,9.94741E+15,5.36436E+16
126084,2.17112E+18,2,2,4,214,2017,11,11,6,3,2,6,0,1,0,0,0,0,0,5.61051E+20,5.93342E+21,9.92139E+15,5.35461E+16
126085,2.17112E+18,2,2,3,210,2017,11,7,6,3,5,6,0,1,0,0,0,0,1,5.62783E+20,5.93478E+21,9.9478E+15,5.35582E+16
126086,2.17112E+18,2,2,1,203,2017,11,10,6,3,0,3,1,1,0,0,0,0,0,5.62731E+20,5.93401E+21,9.94686E+15,5.35512E+16
126087,2.17112E+18,2,3,3,314,2017,11,9,6,3,2,6,0,1,0,0,0,0,0,5.65801E+20,5.93756E+21,9.99394E+15,5.35828E+16
126088,2.17112E+18,2,1,4,111,2017,11,6,6,3,5,3,0,1,0,0,0,2,1,5.63755E+20,5.93393E+21,9.9623E+15,5.35504E+16
126089,2.17112E+18,2,1,1,101,2017,11,14,6,3,6,7,0,1,1,0,0,0,0,5.6658E+20,5.93404E+21,1.0005E+16,5.3551E+16
126090,2.17112E+18,2,6,2,602,2017,11,15,5,3,1,6,0,1,0,0,0,0,1,5.79134E+20,5.92736E+21,1.01927E+16,5.34892E+16
126091,2.17112E+18,2,5,4,512,2017,11,11,5,3,3,6,1,1,0,0,0,0,1,5.7513E+20,5.93681E+21,1.01346E+16,5.35748E+16
126092,2.17112E+18,2,5,18,526,2017,11,17,5,3,3,6,1,1,0,0,0,2,1,5.76312E+20,5.94125E+21,1.01536E+16,5.36145E+16
126093,2.17112E+18,2,5,5,513,2017,11,20,5,3,1,6,0,1,0,0,0,2,1,5.72987E+20,5.93733E+21,1.01024E+16,5.35798E+16
126094,2.17112E+18,2,5,18,526,2017,11,9,5,3,1,5,0,1,0,0,1,0,1,5.76984E+20,5.93932E+21,1.01633E+16,5.35971E+16
126095,2.17112E+18,2,4,13,432,2017,11,12,5,3,0,2,1,1,0,0,0,0,1,5.66299E+20,5.94609E+21,1.00033E+16,5.36594E+16
126096,2.17112E+18,2,4,5,409,2017,11,11,5,3,2,6,0,1,0,0,0,0,0,5.684E+20,5.93963E+21,1.00336E+16,5.3601E+16
126097,2.17112E+18,2,4,6,414,2017,11,9,5,3,4,6,0,0,0,1,1,0,1,5.66709E+20,5.93668E+21,1.00075E+16,5.35747E+16
126098,2.17112E+18,2,5,1,503,2017,11,17,5,2,6,2,0,1,1,0,0,2,0,5.69793E+20,5.93607E+21,1.00539E+16,5.35688E+16
126099,2.17112E+18,2,4,10,429,2017,11,20,5,3,5,2,0,1,0,0,0,2,1,5.6854E+20,5.93963E+21,1.00358E+16,5.3601E+16
126100,2.17112E+18,2,2,10,222,2017,11,8,5,3,2,6,0,1,0,0,0,0,1,5.57091E+20,5.93354E+21,9.86165E+15,5.35476E+16
126101,2.17112E+18,2,3,7,319,2017,11,13,5,3,5,3,1,1,0,0,0,0,1,5.60771E+20,5.94252E+21,9.91894E+15,5.36279E+16
126102,2.17112E+18,2,4,1,402,2017,11,14,5,3,2,6,0,1,0,0,1,0,1,5.64603E+20,5.93817E+21,9.97597E+15,5.35884E+16
126103,2.17112E+18,2,3,1,310,2017,11,14,5,3,5,3,1,1,0,0,0,0,0,5.63463E+20,5.93559E+21,9.95823E+15,5.35653E+16
126104,2.17112E+18,2,4,2,404,2017,11,16,5,3,3,2,1,1,0,0,0,1,0,5.65E+20,5.93783E+21,9.9819E+15,5.35853E+16
126105,2.17112E+18,2,7,13,714,2017,11,19,4,3,5,3,0,1,0,0,0,2,1,5.58121E+20,5.9252E+21,9.87565E+15,5.34726E+16
126106,2.17112E+18,2,7,4,705,2017,11,18,4,3,6,7,0,1,1,0,0,2,1,5.66204E+20,5.92263E+21,9.99687E+15,5.34485E+16
126107,2.17112E+18,2,7,10,711,2017,11,14,4,3,2,6,0,1,0,0,0,0,1,5.63062E+20,5.92493E+21,9.95003E+15,5.34696E+16
126108,2.17112E+18,2,7,1,701,2017,11,10,4,3,0,7,0,1,0,0,1,0,1,5.64649E+20,5.9242E+21,9.97378E+15,5.34628E+16
126109,2.17112E+18,2,3,7,319,2017,11,17,4,3,2,2,0,1,0,0,0,2,1,5.72898E+20,5.93287E+21,1.01E+16,5.35396E+16
126110,2.17112E+18,2,1,13,131,2017,11,16,4,3,2,6,0,1,0,0,0,2,1,5.71851E+20,5.93008E+21,1.00836E+16,5.35148E+16
126111,2.17112E+18,2,1,6,118,2017,11,12,4,3,0,1,0,0,0,1,0,0,1,5.68745E+20,5.93366E+21,1.00375E+16,5.35473E+16
126112,2.17112E+18,2,5,18,526,2017,11,8,4,3,5,3,1,1,0,0,0,0,1,5.76334E+20,5.94127E+21,1.01539E+16,5.36146E+16
126113,2.17112E+18,2,5,7,515,2017,11,11,4,3,0,7,1,1,0,0,0,0,1,5.7333E+20,5.9426E+21,1.01088E+16,5.36271E+16
126114,2.17112E+18,2,4,11,430,2017,11,16,4,3,2,6,0,1,0,0,0,1,0,5.68611E+20,5.94075E+21,1.00371E+16,5.36111E+16
126115,2.17112E+18,2,5,7,515,2017,11,17,4,3,6,2,0,1,1,0,0,2,1,5.72602E+20,5.94182E+21,1.00976E+16,5.36201E+16
126116,2.17112E+18,2,5,10,518,2017,11,19,4,2,4,2,0,1,0,0,0,2,1,5.72849E+20,5.94484E+21,1.01021E+16,5.36473E+16
126117,2.17112E+18,2,5,11,519,2017,11,19,4,3,5,3,0,1,0,0,0,2,1,5.71713E+20,5.94587E+21,1.00851E+16,5.36567E+16
126118,2.17112E+18,2,4,13,432,2017,11,13,4,3,1,5,0,1,0,0,0,0,1,5.66926E+20,5.94464E+21,1.00125E+16,5.36463E+16
126119,2.17112E+18,2,5,12,520,2017,11,14,4,3,2,6,0,1,0,0,0,0,0,5.686E+20,5.94491E+21,1.00378E+16,5.36485E+16
126120,2.17112E+18,2,4,13,432,2017,11,10,4,3,1,5,0,1,0,0,0,0,1,5.67378E+20,5.945E+21,1.00194E+16,5.36494E+16
126121,2.17112E+18,2,4,7,416,2017,11,16,4,3,6,4,0,1,1,0,0,0,1,5.67497E+20,5.93513E+21,1.0019E+16,5.35607E+16
126122,2.17112E+18,2,3,8,320,2017,11,9,4,3,0,3,1,1,0,0,0,0,1,5.6043E+20,5.93961E+21,9.91322E+15,5.36018E+16
126123,2.17112E+18,2,4,2,404,2017,11,16,4,3,5,3,0,1,0,0,0,0,1,5.6567E+20,5.93811E+21,9.99207E+15,5.35877E+16
126124,2.17112E+18,2,2,1,203,2017,11,19,4,3,2,7,0,1,0,0,1,2,1,5.62043E+20,5.93406E+21,9.93649E+15,5.35518E+16
126125,2.17112E+18,2,1,3,107,2017,11,10,4,3,8,6,1,1,0,0,0,0,0,5.65309E+20,5.93406E+21,9.98578E+15,5.35513E+16
126126,2.17112E+18,2,1,4,112,2017,11,15,4,3,9,1,0,1,0,0,0,0,1,5.64249E+20,5.93344E+21,9.96965E+15,5.3546E+16
126127,2.17112E+18,2,1,3,105,2017,11,11,4,3,5,3,1,1,0,0,0,0,1,5.6444E+20,5.9334E+21,9.97252E+15,5.35455E+16
126128,2.17112E+18,2,1,17,138,2017,11,15,4,3,5,2,1,0,0,0,1,0,1,5.65128E+20,5.93139E+21,9.98249E+15,5.35274E+16
126129,2.17112E+18,2,1,19,140,2017,11,20,4,3,5,3,0,1,0,0,1,2,1,5.60365E+20,5.9306E+21,9.91049E+15,5.35209E+16
126130,2.17111E+18,2,7,1,702,2017,11,16,3,2,6,2,0,1,1,0,0,2,1,5.66E+20,5.92449E+21,9.99419E+15,5.34653E+16
126131,2.17111E+18,2,7,10,711,2017,11,7,3,3,4,2,1,1,0,0,0,2,0,5.63914E+20,5.92448E+21,9.96276E+15,5.34654E+16
126132,2.17111E+18,2,6,1,601,2017,11,7,3,3,3,2,1,1,0,0,0,0,0,5.8016E+20,5.9277E+21,1.02083E+16,5.34921E+16
126133,2.17111E+18,2,6,1,601,2017,11,12,3,3,0,5,0,1,0,0,0,0,1,5.7885E+20,5.92907E+21,1.01889E+16,5.35047E+16
126134,2.17111E+18,2,1,11,129,2017,11,11,3,3,5,3,0,1,0,0,0,0,0,5.71553E+20,5.9347E+21,1.00802E+16,5.35563E+16
126135,2.17111E+18,2,5,18,526,2017,11,6,3,3,5,3,1,1,0,0,0,2,0,5.76332E+20,5.94126E+21,1.01539E+16,5.36146E+16
126136,2.17111E+18,2,5,6,514,2017,11,12,3,3,3,6,0,1,0,0,0,0,1,5.75277E+20,5.94285E+21,1.01383E+16,5.3629E+16
126137,2.17111E+18,2,5,7,515,2017,11,21,3,3,6,4,0,0,1,0,1,2,0,5.70369E+20,5.94007E+21,1.00635E+16,5.36047E+16
126138,2.17111E+18,2,5,7,515,2017,11,19,3,3,6,2,0,1,1,0,0,2,1,5.7095E+20,5.94052E+21,1.00724E+16,5.36087E+16
126139,2.17111E+18,2,4,5,412,2017,11,12,3,3,0,7,1,0,1,0,0,0,1,5.67092E+20,5.93783E+21,1.00135E+16,5.3585E+16
126140,2.17111E+18,2,4,5,408,2017,11,5,3,3,5,3,0,1,0,0,0,2,0,5.67078E+20,5.93949E+21,1.00136E+16,5.36E+16
126141,2.17111E+18,2,3,9,321,2017,11,18,3,3,5,2,1,1,0,0,0,2,1,5.60962E+20,5.93912E+21,9.92116E+15,5.35974E+16
126142,2.17111E+18,2,2,9,221,2017,11,18,3,3,1,6,0,1,0,0,0,2,1,5.56769E+20,5.93737E+21,9.85749E+15,5.35821E+16
126143,2.17111E+18,2,2,7,219,2017,11,8,3,3,5,3,1,1,0,0,0,0,0,5.59256E+20,5.93413E+21,9.89444E+15,5.35527E+16
126144,2.17111E+18,2,2,5,216,2017,11,11,3,3,1,5,0,1,0,0,1,0,1,5.60729E+20,5.93611E+21,9.91705E+15,5.35703E+16
126145,2.17111E+18,2,4,2,405,2017,11,17,3,3,6,3,0,1,1,0,0,2,1,5.64524E+20,5.93964E+21,9.97508E+15,5.36016E+16
126146,2.17111E+18,2,2,3,209,2017,11,14,3,3,4,2,1,1,0,0,0,0,1,5.63057E+20,5.93574E+21,9.95213E+15,5.35668E+16
126147,2.17111E+18,2,7,14,715,2017,11,7,2,3,5,3,1,1,0,0,0,1,1,5.56694E+20,5.92543E+21,9.85419E+15,5.34748E+16
126148,2.17111E+18,2,6,1,601,2017,11,16,2,3,2,6,0,1,0,0,0,1,0,5.78898E+20,5.92891E+21,1.01895E+16,5.35032E+16
126149,2.17111E+18,2,1,11,129,2017,11,17,2,2,5,3,0,1,0,0,0,2,0,5.72368E+20,5.93457E+21,1.00924E+16,5.3555E+16
126150,2.17111E+18,2,5,4,512,2017,11,18,2,2,6,4,0,1,1,0,0,2,0,5.74995E+20,5.93789E+21,1.01329E+16,5.35845E+16
126151,2.17111E+18,2,5,18,526,2017,11,15,2,3,6,4,0,0,1,0,1,0,0,5.7675E+20,5.94022E+21,1.01599E+16,5.36052E+16
126152,2.17111E+18,2,5,6,514,2017,11,9,2,3,2,6,0,1,0,0,0,0,0,5.75472E+20,5.94294E+21,1.01413E+16,5.36298E+16
126153,2.17111E+18,2,5,5,513,2017,11,9,2,3,0,7,0,0,0,1,0,0,0,5.75101E+20,5.93897E+21,1.01347E+16,5.35942E+16
126154,2.17111E+18,2,5,2,509,2017,11,12,2,3,0,3,1,1,0,0,0,0,0,5.71256E+20,5.93836E+21,1.00765E+16,5.35893E+16
126155,2.17111E+18,2,5,11,519,2017,11,16,2,2,0,7,1,0,0,0,0,1,1,5.70602E+20,5.9453E+21,1.00682E+16,5.36517E+16
126156,2.17111E+18,2,5,12,520,2017,11,18,2,3,6,4,1,0,1,0,0,2,1,5.68353E+20,5.94413E+21,1.00339E+16,5.36414E+16
126157,2.17111E+18,2,4,5,408,2017,11,19,2,3,5,3,0,1,0,0,0,2,0,5.67822E+20,5.93997E+21,1.0025E+16,5.36042E+16
126158,2.17111E+18,2,4,5,408,2017,11,13,2,3,2,6,0,1,0,0,0,0,0,5.66603E+20,5.93942E+21,1.00064E+16,5.35994E+16
126159,2.17111E+18,2,4,5,412,2017,11,0,2,3,1,5,0,1,0,0,0,2,0,5.67267E+20,5.93754E+21,1.00161E+16,5.35823E+16
126160,2.17111E+18,2,3,9,321,2017,11,7,2,3,2,6,0,1,0,0,1,0,0,5.6132E+20,5.93852E+21,9.92645E+15,5.3592E+16
126161,2.17111E+18,2,2,8,220,2017,11,15,2,3,2,6,0,1,0,0,0,0,0,5.56577E+20,5.93916E+21,9.85491E+15,5.35982E+16
126162,2.17111E+18,2,3,5,317,2017,11,7,2,3,5,7,1,0,0,0,1,1,1,5.64065E+20,5.93903E+21,9.96802E+15,5.35962E+16
126163,2.17111E+18,2,1,1,101,2017,11,12,2,3,2,6,0,1,0,0,0,0,0,5.66287E+20,5.93362E+21,1.00004E+16,5.35473E+16
126164,2.17111E+18,2,1,1,102,2017,11,10,2,3,0,7,0,1,0,0,1,0,1,5.66033E+20,5.93381E+21,9.99664E+15,5.3549E+16
126165,2.17111E+18,2,1,5,114,2017,11,17,2,3,0,4,0,0,1,0,1,2,0,5.66788E+20,5.93442E+21,1.00082E+16,5.35544E+16
126166,2.17111E+18,2,1,19,140,2017,11,14,2,3,2,6,0,1,0,0,1,0,0,5.61296E+20,5.93059E+21,9.92453E+15,5.35206E+16
126167,2.17111E+18,2,6,8,609,2017,11,16,1,3,6,4,0,1,1,0,0,2,0,5.7506E+20,5.92606E+21,1.0131E+16,5.34781E+16
126168,2.17111E+18,2,1,12,130,2017,11,20,1,2,6,4,0,1,1,0,0,2,0,5.74003E+20,5.9333E+21,1.01168E+16,5.35434E+16
126169,2.17111E+18,2,4,9,425,2017,11,15,1,3,5,3,0,1,0,0,0,0,0,5.70614E+20,5.93736E+21,1.00666E+16,5.35803E+16
126170,2.17111E+18,2,5,7,515,2017,11,7,1,3,8,1,0,1,0,0,0,1,1,5.73244E+20,5.942E+21,1.01074E+16,5.36217E+16
126171,2.17111E+18,2,5,10,518,2017,11,20,1,2,4,2,0,1,0,0,0,2,1,5.7285E+20,5.94484E+21,1.01021E+16,5.36473E+16
126172,2.17111E+18,2,4,7,416,2017,11,18,1,3,5,2,0,1,0,0,0,2,0,5.67338E+20,5.93528E+21,1.00167E+16,5.35621E+16
126173,2.17111E+18,2,2,1,205,2017,11,17,1,3,5,2,1,1,0,0,0,1,1,5.63234E+20,5.93424E+21,9.9545E+15,5.35532E+16
126174,2.17111E+18,2,1,4,111,2017,11,4,1,3,5,3,0,1,0,0,0,2,1,5.63747E+20,5.93394E+21,9.96218E+15,5.35504E+16
126175,2.17111E+18,2,7,14,715,2017,11,13,7,3,2,2,0,1,0,0,0,0,1,5.59651E+20,5.92572E+21,9.8988E+15,5.34771E+16
126176,2.17111E+18,2,7,4,705,2017,11,9,7,3,6,7,0,1,1,0,0,0,1,5.65671E+20,5.92208E+21,9.98873E+15,5.34436E+16
126177,2.17111E+18,2,7,1,701,2017,11,15,7,3,5,3,1,1,0,0,0,0,1,5.64106E+20,5.92426E+21,9.96561E+15,5.34634E+16
126178,2.17111E+18,2,7,10,711,2017,11,14,7,3,5,3,0,1,0,0,0,0,0,5.62079E+20,5.92516E+21,9.93527E+15,5.34717E+16
126179,2.17111E+18,2,1,8,123,2017,11,23,7,2,6,4,0,1,1,0,0,2,1,5.70322E+20,5.93512E+21,1.00617E+16,5.35602E+16
126180,2.17111E+18,2,1,14,133,2017,11,7,7,3,4,7,0,1,0,0,1,1,1,5.68584E+20,5.93245E+21,1.00349E+16,5.35365E+16
126181,2.17111E+18,2,5,2,507,2017,11,15,7,3,5,7,0,1,0,0,0,0,0,5.70862E+20,5.93695E+21,1.00702E+16,5.35766E+16
126182,2.17111E+18,2,5,3,510,2017,11,18,7,3,2,2,0,1,0,0,0,2,1,5.71252E+20,5.93588E+21,1.00759E+16,5.35669E+16
126183,2.17111E+18,2,5,2,505,2017,11,11,7,3,2,2,0,1,0,1,0,0,1,5.70429E+20,5.93656E+21,1.00636E+16,5.35732E+16
126184,2.17111E+18,2,5,1,504,2017,11,17,7,3,5,3,0,1,0,0,0,2,1,5.70009E+20,5.93585E+21,1.00571E+16,5.35669E+16
126185,2.17111E+18,2,2,9,221,2017,11,2,7,3,1,1,0,1,0,0,1,2,1,5.56367E+20,5.93702E+21,9.85136E+15,5.3579E+16
126186,2.17111E+18,2,2,1,203,2017,11,19,7,3,6,2,0,1,1,0,0,2,1,5.62543E+20,5.93395E+21,9.94401E+15,5.35507E+16
126187,2.17111E+18,2,2,3,209,2017,11,13,7,3,5,3,1,1,0,0,0,0,1,5.61905E+20,5.93601E+21,9.9348E+15,5.35693E+16
126188,2.17111E+18,2,3,2,311,2017,11,18,7,3,6,2,0,1,1,0,0,2,1,5.64519E+20,5.93605E+21,9.97427E+15,5.35693E+16
126189,2.17111E+18,2,1,1,101,2017,11,15,7,3,2,6,0,1,0,0,0,0,1,5.66315E+20,5.93457E+21,1.00011E+16,5.35558E+16
126190,2.17111E+18,2,7,11,712,2017,11,13,6,3,8,1,0,0,0,1,0,0,1,5.61562E+20,5.92635E+21,9.92771E+15,5.34825E+16
126191,2.17111E+18,2,7,16,717,2017,11,15,6,3,0,7,0,1,0,0,0,0,1,5.55026E+20,5.93013E+21,9.82989E+15,5.35172E+16
126192,2.17111E+18,2,7,10,711,2017,11,15,6,3,3,2,0,1,0,0,1,0,1,5.63263E+20,5.92424E+21,9.95291E+15,5.34634E+16
126193,2.17111E+18,2,1,16,137,2017,11,17,6,3,5,2,0,1,0,0,0,2,1,5.65827E+20,5.92949E+21,9.99263E+15,5.35102E+16
126194,2.17111E+18,2,1,16,137,2017,11,14,6,3,5,3,1,1,0,0,0,0,1,5.66348E+20,5.93003E+21,1.00006E+16,5.35151E+16
126195,2.17111E+18,2,1,12,130,2017,11,20,6,3,6,2,0,1,1,0,0,2,1,5.74708E+20,5.93281E+21,1.01273E+16,5.35389E+16
126196,2.17111E+18,2,1,13,131,2017,11,18,6,3,2,2,0,1,0,0,0,2,1,5.70881E+20,5.93136E+21,1.00693E+16,5.35264E+16
126197,2.17111E+18,2,1,12,130,2017,11,13,6,3,5,3,1,1,0,0,0,0,1,5.73942E+20,5.93269E+21,1.01157E+16,5.35379E+16
126198,2.17111E+18,2,1,11,129,2017,11,12,6,3,4,2,0,1,0,0,0,0,1,5.72199E+20,5.93446E+21,1.00898E+16,5.35541E+16
126199,2.17111E+18,2,5,5,513,2017,11,17,6,3,2,2,0,1,0,0,1,2,1,5.72791E+20,5.93818E+21,1.00996E+16,5.35874E+16
126200,2.17111E+18,2,5,17,525,2017,11,13,6,3,6,4,0,1,1,0,0,0,1,5.76893E+20,5.94523E+21,1.01633E+16,5.36502E+16
126201,2.17111E+18,2,4,11,430,2017,11,12,6,3,6,7,1,0,1,0,0,0,1,5.69569E+20,5.94344E+21,1.00522E+16,5.36351E+16
126202,2.17111E+18,2,4,13,432,2017,11,9,6,3,2,6,0,1,0,0,0,0,0,5.6782E+20,5.94745E+21,1.00266E+16,5.36713E+16