OBJECTID,UIDENTSTLA,ULAND,UREGBEZ,UKREIS,UGEMEINDE,UJAHR,UMONAT,USTUNDE,UWOCHENTAG,UKATEGORIE,UART,UTYP1,IstRad,IstPKW,IstFuss,IstKrad,IstSonstig,LICHT,STRZUSTAND,LINREFX,LINREFY,XGCSWGS84,YGCSWGS84
126373,2.17112E+18,2,2,8,220,2017,11,15,5,3,4,2,1,1,0,0,0,0,0,5.58708E+20,5.93926E+21,9.88713E+15,5.35988E+16
126374,2.17112E+18,2,2,5,215,2017,11,17,5,3,4,2,1,1,0,0,0,2,1,5.61686E+20,5.93529E+21,9.93134E+15,5.35628E+16
126375,2.1711E+18,2,4,11,430,2017,11,15,5,3,3,2,1,1,0,0,0,0,0,5.67598E+20,5.94235E+21,1.00221E+16,5.36256E+16
126376,2.17112E+18,2,1,1,101,2017,11,15,5,3,0,6,0,1,0,1,0,0,0,5.6665E+20,5.93369E+21,1.00059E+16,5.35479E+16
126377,2.17112E+18,2,1,3,107,2017,11,7,5,3,4,6,1,0,0,0,1,1,0,5.65106E+20,5.93382E+21,9.98267E+15,5.35493E+16
126378,2.1711E+18,2,4,13,432,2017,11,12,5,3,5,7,0,1,0,0,1,0,0,5.66207E+20,5.94758E+21,1.00022E+16,5.36727E+16
126379,2.17112E+18,2,1,5,114,2017,11,19,5,3,6,7,0,1,1,0,0,2,1,5.67185E+20,5.93443E+21,1.00142E+16,5.35544E+16
126380,2.17112E+18,2,7,1,701,2017,11,9,4,3,6,4,1,0,1,0,0,0,1,5.64495E+20,5.92382E+21,9.97138E+15,5.34594E+16
126381,2.1711E+18,2,4,13,432,2017,11,7,5,3,4,6,1,1,0,0,0,1,1,5.67453E+20,5.94707E+21,1.0021E+16,5.3668E+16
126382,2.17112E+18,2,6,1,601,2017,11,15,4,3,6,6,1,0,1,0,0,0,1,5.80343E+20,5.92862E+21,1.02113E+16,5.35004E+16
126383,2.1711E+18,2,4,13,432,2017,11,7,5,3,6,4,0,1,1,0,0,0,1,5.67835E+20,5.94751E+21,1.00268E+16,5.36719E+16
126384,2.17112E+18,2,1,14,133,2017,11,17,4,3,2,6,0,1,0,0,0,2,1,5.68391E+20,5.93269E+21,1.0032E+16,5.35387E+16
126385,2.1711E+18,2,4,4,407,2017,11,15,5,3,5,2,0,1,0,0,0,0,0,5.65804E+20,5.93971E+21,9.99444E+15,5.36021E+16
126386,2.1711E+18,2,4,5,408,2017,11,17,5,3,6,2,0,1,1,0,0,2,1,5.67327E+20,5.9401E+21,1.00175E+16,5.36054E+16
126387,2.1711E+18,2,4,6,415,2017,11,17,5,3,2,6,0,1,0,0,0,1,1,5.67857E+20,5.93603E+21,1.00247E+16,5.35688E+16
126388,2.17122E+18,2,1,6,115,2017,12,7,3,3,3,6,0,1,0,0,1,1,0,5.67261E+20,5.93375E+21,1.00152E+16,5.35484E+16
126389,2.17122E+18,2,5,6,514,2017,12,18,3,3,2,6,0,1,0,0,0,2,1,5.73884E+20,5.9405E+21,1.01167E+16,5.36081E+16
126390,2.17122E+18,2,5,18,526,2017,12,14,3,3,1,7,0,1,0,0,0,0,0,5.77856E+20,5.93828E+21,1.01762E+16,5.35875E+16
126391,2.17122E+18,2,5,4,512,2017,12,6,3,3,1,5,0,1,0,0,0,2,1,5.75178E+20,5.9367E+21,1.01353E+16,5.35738E+16
126392,2.17122E+18,2,5,18,526,2017,12,8,3,3,0,7,1,0,0,0,0,1,1,5.7655E+20,5.93982E+21,1.01568E+16,5.36016E+16
126393,2.17122E+18,2,5,3,510,2017,12,7,3,3,2,6,0,1,0,0,0,1,0,5.71311E+20,5.93581E+21,1.00768E+16,5.35664E+16
126394,2.17122E+18,2,4,10,428,2017,12,17,3,3,2,6,0,1,0,0,0,2,0,5.69334E+20,5.93902E+21,1.00476E+16,5.35954E+16
126395,2.17122E+18,2,2,9,221,2017,12,17,3,3,2,7,0,1,0,0,0,2,1,5.56822E+20,5.93783E+21,9.85838E+15,5.35862E+16
126396,2.17122E+18,2,2,7,219,2017,12,7,3,3,6,4,0,1,1,0,0,1,0,5.59611E+20,5.93401E+21,9.89977E+15,5.35516E+16
126397,2.17122E+18,2,3,1,308,2017,12,13,3,3,2,6,0,1,0,0,1,0,1,5.63619E+20,5.93604E+21,9.96067E+15,5.35694E+16
126398,2.17122E+18,2,4,3,406,2017,12,7,3,3,1,5,0,1,0,0,0,1,1,5.65171E+20,5.94021E+21,9.98498E+15,5.36067E+16
126399,2.17122E+18,2,3,1,307,2017,12,8,3,3,4,2,1,1,0,0,0,0,0,5.63035E+20,5.93578E+21,9.95181E+15,5.35671E+16
126400,2.17122E+18,2,1,3,108,2017,12,8,3,3,3,2,1,1,0,0,0,0,0,5.65509E+20,5.93484E+21,9.98895E+15,5.35583E+16
126401,2.17122E+18,2,7,4,705,2017,12,11,2,2,5,3,1,1,0,0,0,0,0,5.65818E+20,5.92227E+21,9.99099E+15,5.34453E+16
126402,2.17122E+18,2,6,1,601,2017,12,17,2,3,5,3,0,1,0,0,0,2,0,5.78605E+20,5.92949E+21,1.01853E+16,5.35084E+16
126403,2.17122E+18,2,6,3,604,2017,12,12,2,3,2,6,0,1,0,0,0,0,0,5.7978E+20,5.92476E+21,1.02018E+16,5.34658E+16
126404,2.17122E+18,2,5,5,513,2017,12,10,2,3,4,2,0,1,0,0,0,0,0,5.74464E+20,5.93806E+21,1.01249E+16,5.35861E+16
126405,2.17122E+18,2,5,2,507,2017,12,18,2,3,3,6,0,1,0,0,0,2,0,5.71082E+20,5.93668E+21,1.00735E+16,5.35742E+16
126406,2.17122E+18,2,5,2,507,2017,12,8,2,3,2,6,0,1,0,0,0,0,0,5.7085E+20,5.93727E+21,1.00701E+16,5.35795E+16
126407,2.17122E+18,2,5,17,525,2017,12,15,2,3,4,6,0,1,0,0,0,0,0,5.76565E+20,5.94501E+21,1.01583E+16,5.36483E+16
126408,2.17122E+18,2,5,11,519,2017,12,16,2,3,5,3,1,1,0,0,0,1,1,5.71E+20,5.94572E+21,1.00743E+16,5.36554E+16
126409,2.17122E+18,2,4,11,430,2017,12,14,2,3,2,6,0,1,0,0,0,0,0,5.68365E+20,5.94179E+21,1.00336E+16,5.36204E+16
126410,2.17122E+18,2,4,6,414,2017,12,17,2,3,3,2,1,1,0,0,0,2,0,5.66916E+20,5.93689E+21,1.00106E+16,5.35766E+16
126411,2.17122E+18,2,5,1,501,2017,12,9,2,3,5,7,0,1,0,0,0,0,0,5.68796E+20,5.93561E+21,1.00387E+16,5.35649E+16
126412,2.17122E+18,2,2,5,215,2017,12,14,2,3,5,2,0,1,0,0,0,0,0,5.60804E+20,5.93617E+21,9.9182E+15,5.35709E+16
126413,2.17122E+18,2,4,3,406,2017,12,18,2,2,5,2,0,1,0,0,0,2,0,5.6439E+20,5.94088E+21,9.97331E+15,5.36127E+16
126414,2.17122E+18,2,2,3,208,2017,12,15,2,3,6,6,1,0,1,0,0,0,0,5.63325E+20,5.93539E+21,9.95611E+15,5.35636E+16
126415,2.17122E+18,2,1,16,137,2017,12,7,2,3,3,6,0,1,0,0,1,0,1,5.64256E+20,5.92988E+21,9.96902E+15,5.35139E+16
126416,2.17122E+18,2,7,1,702,2017,12,5,1,3,4,1,0,1,0,0,0,2,2,5.65852E+20,5.92321E+21,9.99169E+15,5.34538E+16
126417,2.17122E+18,2,7,8,709,2017,12,5,1,2,8,1,0,1,0,0,0,2,2,5.63478E+20,5.92209E+21,9.95573E+15,5.3444E+16
126418,2.17122E+18,2,6,5,606,2017,12,5,1,3,9,1,0,1,0,0,0,2,1,5.80079E+20,5.91962E+21,1.0205E+16,5.34195E+16
126419,2.17122E+18,2,1,13,131,2017,12,17,1,3,1,6,0,1,0,0,0,2,0,5.71103E+20,5.93154E+21,1.00726E+16,5.3528E+16
126420,2.17122E+18,2,1,12,130,2017,12,20,1,3,6,7,0,1,1,0,0,2,1,5.73457E+20,5.93564E+21,1.01091E+16,5.35645E+16
126421,2.17122E+18,2,4,11,430,2017,12,18,1,3,6,2,0,1,1,0,0,2,0,5.67875E+20,5.94204E+21,1.00262E+16,5.36228E+16
126422,2.17122E+18,2,5,1,502,2017,12,17,1,3,6,2,0,1,1,0,0,2,1,5.6922E+20,5.93614E+21,1.00453E+16,5.35695E+16
126423,2.17122E+18,2,4,2,405,2017,12,13,1,3,3,2,0,1,0,1,0,0,0,5.65111E+20,5.93899E+21,9.98381E+15,5.35957E+16
126424,2.17122E+18,2,1,4,112,2017,12,2,1,3,6,7,0,1,1,0,0,2,0,5.63608E+20,5.93381E+21,9.96006E+15,5.35493E+16
126425,2.17122E+18,2,1,17,138,2017,12,12,1,3,5,7,0,1,0,0,0,0,0,5.67401E+20,5.93143E+21,1.00168E+16,5.35275E+16
126426,2.17122E+18,2,6,1,601,2017,12,20,7,3,5,2,0,1,0,0,0,2,1,5.80082E+20,5.92802E+21,1.02072E+16,5.3495E+16
126427,2.17122E+18,2,1,12,130,2017,12,18,7,3,1,7,0,0,0,0,1,2,0,5.73409E+20,5.93319E+21,1.01078E+16,5.35425E+16
126428,2.17122E+18,2,1,11,128,2017,12,12,7,3,8,7,0,1,0,0,0,0,0,5.71873E+20,5.93406E+21,1.00848E+16,5.35505E+16
126429,2.17122E+18,2,5,4,512,2017,12,16,7,3,2,2,0,1,0,0,0,2,1,5.75213E+20,5.93639E+21,1.01358E+16,5.3571E+16
126430,2.17122E+18,2,5,7,515,2017,12,15,7,3,5,3,1,1,0,0,0,0,1,5.71021E+20,5.9416E+21,1.00737E+16,5.36184E+16
126431,2.17122E+18,2,5,16,524,2017,12,15,7,3,5,3,1,1,0,0,0,0,1,5.74756E+20,5.94777E+21,1.01316E+16,5.36733E+16
126432,2.17122E+18,2,4,13,432,2017,12,12,7,3,5,2,1,1,0,0,0,0,1,5.66996E+20,5.94394E+21,1.00134E+16,5.36399E+16
126433,2.17122E+18,2,4,8,420,2017,12,13,7,3,2,7,0,1,0,0,0,0,1,5.68308E+20,5.93724E+21,1.00317E+16,5.35795E+16
126434,2.17122E+18,2,5,1,502,2017,12,13,7,3,6,2,0,1,1,0,0,0,0,5.69403E+20,5.93596E+21,1.0048E+16,5.3568E+16
126435,2.17122E+18,2,4,10,427,2017,12,11,7,3,3,6,0,1,0,0,1,0,1,5.69191E+20,5.93837E+21,1.00453E+16,5.35896E+16
126436,2.17122E+18,2,2,6,218,2017,12,13,7,2,4,2,1,0,0,0,1,0,0,5.58362E+20,5.93486E+21,9.88109E+15,5.35594E+16
126437,2.17122E+18,2,1,4,111,2017,12,3,7,3,6,4,0,1,1,0,0,2,1,5.64186E+20,5.93402E+21,9.96883E+15,5.35511E+16
126438,2.17122E+18,2,7,16,717,2017,12,18,6,2,1,5,0,1,0,0,0,2,1,5.53559E+20,5.92972E+21,9.80769E+15,5.35137E+16
126439,2.17122E+18,2,7,14,715,2017,12,5,6,3,4,6,0,1,0,0,0,2,1,5.55663E+20,5.92956E+21,9.83939E+15,5.3512E+16
126440,2.17122E+18,2,6,7,608,2017,12,15,6,3,5,3,0,1,0,0,0,0,0,5.73385E+20,5.92366E+21,1.01052E+16,5.34568E+16
126441,2.17122E+18,2,5,4,512,2017,12,17,6,2,6,4,0,1,1,0,0,2,0,5.75547E+20,5.93777E+21,1.01412E+16,5.35833E+16
126442,2.17122E+18,2,5,2,505,2017,12,15,6,3,6,4,0,1,1,0,0,0,0,5.70721E+20,5.93662E+21,1.0068E+16,5.35736E+16
126443,2.17122E+18,2,5,3,510,2017,12,19,6,3,8,7,0,1,1,0,0,2,0,5.70295E+20,5.93616E+21,1.00615E+16,5.35695E+16
126444,2.17122E+18,2,5,9,517,2017,12,21,6,2,4,6,0,1,0,0,0,2,0,5.72602E+20,5.9438E+21,1.00981E+16,5.36379E+16
126445,2.17122E+18,2,4,12,431,2017,12,16,6,3,2,6,0,1,0,0,1,2,0,5.6708E+20,5.94291E+21,1.00144E+16,5.36307E+16
126446,2.17122E+18,2,4,13,432,2017,12,13,6,3,1,7,0,1,0,0,0,0,0,5.67739E+20,5.94712E+21,1.00253E+16,5.36685E+16
126447,2.17122E+18,2,2,11,223,2017,12,13,6,2,6,4,0,1,1,0,0,0,0,5.54196E+20,5.93523E+21,9.81826E+15,5.35632E+16
126448,2.17122E+18,2,4,1,401,2017,12,1,6,3,1,7,1,1,0,0,0,2,1,5.64829E+20,5.93761E+21,9.97927E+15,5.35833E+16
126449,2.17122E+18,2,2,1,206,2017,12,12,6,2,2,6,0,1,0,0,0,0,0,5.62663E+20,5.93523E+21,9.94608E+15,5.35622E+16
126450,2.17122E+18,2,3,2,312,2017,12,23,6,3,2,6,0,1,0,0,0,2,0,5.65464E+20,5.93627E+21,9.98857E+15,5.35712E+16
126451,2.17122E+18,2,1,4,109,2017,12,12,6,3,2,6,0,1,0,0,0,0,0,5.64274E+20,5.9347E+21,9.97028E+15,5.35573E+16
126452,2.17121E+18,2,7,11,712,2017,12,14,5,3,5,3,0,1,0,0,1,0,1,5.6074E+20,5.92777E+21,9.9156E+15,5.34954E+16
126453,2.17121E+18,2,1,20,141,2017,12,7,5,3,6,4,0,1,1,0,0,1,0,5.573E+20,5.93202E+21,9.86454E+15,5.3534E+16
126454,2.17121E+18,2,7,8,709,2017,12,17,5,3,5,3,0,1,0,0,0,2,1,5.64321E+20,5.92183E+21,9.96836E+15,5.34415E+16
126455,2.17121E+18,2,1,15,134,2017,12,18,5,2,6,3,1,0,1,0,0,2,0,5.67376E+20,5.931E+21,1.00163E+16,5.35236E+16
126456,2.17121E+18,2,1,12,130,2017,12,19,5,3,6,4,0,1,1,0,0,2,1,5.76202E+20,5.93156E+21,1.01496E+16,5.35274E+16
126457,2.17121E+18,2,1,12,130,2017,12,6,5,3,6,4,0,1,1,0,0,2,1,5.76223E+20,5.93158E+21,1.01499E+16,5.35276E+16
126458,2.17121E+18,2,1,14,132,2017,12,14,5,2,4,6,0,1,0,0,1,0,1,5.70141E+20,5.93189E+21,1.00582E+16,5.35312E+16
126459,2.17121E+18,2,5,6,514,2017,12,22,5,3,4,2,0,1,0,0,0,2,1,5.74101E+20,5.9403E+21,1.01199E+16,5.36063E+16
126460,2.17121E+18,2,5,2,507,2017,12,15,5,3,5,3,0,1,0,0,0,0,1,5.70939E+20,5.93644E+21,1.00713E+16,5.3572E+16
126461,2.17121E+18,2,5,9,517,2017,12,17,5,3,4,6,0,1,0,0,0,2,1,5.72935E+20,5.94347E+21,1.01031E+16,5.36349E+16
126462,2.17121E+18,2,4,8,422,2017,12,15,5,3,5,3,0,1,0,0,0,0,1,5.68563E+20,5.93673E+21,1.00355E+16,5.3575E+16
126463,2.17121E+18,2,4,10,427,2017,12,18,5,2,5,3,1,1,0,0,0,2,1,5.69043E+20,5.9384E+21,1.00431E+16,5.35899E+16
126464,2.17121E+18,2,5,1,504,2017,12,13,5,3,5,3,0,1,0,0,0,0,1,5.7005E+20,5.93578E+21,1.00577E+16,5.35662E+16
126465,2.17121E+18,2,3,6,318,2017,12,19,5,2,6,2,0,0,1,0,1,2,1,5.62481E+20,5.9437E+21,9.94502E+15,5.36384E+16
126466,2.17121E+18,2,3,5,317,2017,12,0,5,3,5,3,1,1,0,0,0,2,1,5.62764E+20,5.93808E+21,9.94817E+15,5.35878E+16
126467,2.17121E+18,2,3,5,317,2017,12,11,5,3,5,3,0,1,0,0,0,0,0,5.6329E+20,5.93784E+21,9.95608E+15,5.35856E+16
126468,2.17121E+18,2,3,1,309,2017,12,7,5,3,4,2,1,1,0,0,0,0,0,5.64231E+20,5.93633E+21,9.96997E+15,5.35719E+16
126469,2.17121E+18,2,7,13,714,2017,12,18,4,3,5,3,0,1,0,0,0,2,1,5.58278E+20,5.92578E+21,9.87812E+15,5.34777E+16
126470,2.17121E+18,2,7,9,710,2017,12,7,4,3,2,6,0,1,0,0,0,2,2,5.61074E+20,5.92261E+21,9.91963E+15,5.3449E+16
126471,2.17121E+18,2,1,16,136,2017,12,6,4,3,5,2,0,1,0,0,0,2,1,5.67333E+20,5.93043E+21,1.00155E+16,5.35185E+16
126472,2.17121E+18,2,6,2,602,2017,12,19,4,3,5,3,1,1,0,0,0,2,1,5.78255E+20,5.92812E+21,1.01797E+16,5.34962E+16
126473,2.17121E+18,2,1,12,130,2017,12,8,4,3,0,3,0,1,0,0,0,0,2,5.74721E+20,5.93318E+21,1.01276E+16,5.35422E+16
126474,2.17121E+18,2,1,11,129,2017,12,18,4,3,6,2,0,1,1,0,0,2,1,5.72189E+20,5.93445E+21,1.00897E+16,5.3554E+16
126475,2.17121E+18,2,1,8,121,2017,12,18,4,3,6,4,0,1,1,0,0,2,1,5.6932E+20,5.93537E+21,1.00466E+16,5.35627E+16
126476,2.17121E+18,2,5,6,514,2017,12,13,4,3,5,2,1,1,0,0,0,0,1,5.74451E+20,5.94267E+21,1.01258E+16,5.36275E+16
126477,2.17121E+18,2,5,18,526,2017,12,13,4,3,5,3,0,1,0,0,0,0,1,5.76891E+20,5.93864E+21,1.01617E+16,5.35909E+16
126478,2.17121E+18,2,5,7,515,2017,12,19,4,2,6,2,0,1,1,0,0,2,1,5.70626E+20,5.94048E+21,1.00675E+16,5.36084E+16
126479,2.17121E+18,2,5,8,516,2017,12,17,4,2,6,4,0,1,1,0,0,2,1,5.70289E+20,5.94051E+21,1.00624E+16,5.36086E+16
126480,2.17121E+18,2,5,8,516,2017,12,17,4,3,6,2,0,1,1,0,0,2,1,5.69772E+20,5.94048E+21,1.00546E+16,5.36084E+16
126481,2.17121E+18,2,5,7,515,2017,12,11,4,3,5,3,1,1,0,0,0,0,1,5.71212E+20,5.94133E+21,1.00765E+16,5.3616E+16
126482,2.17121E+18,2,5,15,523,2017,12,20,4,3,0,7,0,1,1,0,0,2,1,5.76271E+20,5.94998E+21,1.01551E+16,5.3693E+16
126483,2.17121E+18,2,4,5,410,2017,12,7,4,3,2,6,0,1,0,0,0,2,0,5.66646E+20,5.93791E+21,1.00068E+16,5.35858E+16
126484,2.17121E+18,2,3,9,321,2017,12,17,4,3,3,2,1,1,0,0,0,2,1,5.60864E+20,5.93923E+21,9.91971E+15,5.35983E+16
126485,2.17121E+18,2,2,11,224,2017,12,18,4,3,1,7,0,1,0,0,0,2,1,5.53094E+20,5.93547E+21,9.80167E+15,5.35654E+16
126486,2.17121E+18,2,2,7,219,2017,12,18,4,2,6,4,0,1,1,0,0,2,1,5.60255E+20,5.93433E+21,9.90955E+15,5.35544E+16
126487,2.17121E+18,2,3,5,317,2017,12,18,4,2,0,7,0,0,0,1,0,2,1,5.63663E+20,5.93822E+21,9.96179E+15,5.35889E+16
126488,2.17121E+18,2,2,3,209,2017,12,14,4,3,5,3,0,1,0,0,0,0,1,5.62138E+20,5.93543E+21,9.9382E+15,5.35641E+16
126489,2.17121E+18,2,1,4,112,2017,12,18,4,3,5,3,0,1,0,0,0,2,1,5.63684E+20,5.93362E+21,9.96117E+15,5.35476E+16
126490,2.17121E+18,2,2,1,201,2017,12,17,4,3,6,2,0,1,1,0,0,2,1,5.63154E+20,5.93348E+21,9.95314E+15,5.35465E+16
126491,2.17121E+18,2,1,3,107,2017,12,9,4,3,5,3,1,1,0,0,0,0,0,5.65285E+20,5.93412E+21,9.98542E+15,5.35519E+16
126492,2.17121E+18,2,1,5,113,2017,12,9,4,3,3,7,0,1,0,0,1,0,0,5.67334E+20,5.93454E+21,1.00164E+16,5.35554E+16
126493,2.17121E+18,2,1,17,138,2017,12,5,4,3,3,6,0,1,0,0,1,2,1,5.64867E+20,5.93148E+21,9.97857E+15,5.35283E+16
126494,2.17121E+18,2,7,1,702,2017,12,11,3,3,1,5,1,1,0,0,0,0,0,5.65311E+20,5.92399E+21,9.9837E+15,5.34608E+16
126495,2.17121E+18,2,6,7,608,2017,12,13,3,3,5,3,0,1,0,0,0,0,2,5.73379E+20,5.92367E+21,1.01051E+16,5.34569E+16
126496,2.17121E+18,2,1,12,130,2017,12,16,3,2,6,2,0,0,1,0,1,2,1,5.74935E+20,5.93181E+21,1.01305E+16,5.35299E+16
126497,2.17121E+18,2,1,12,130,2017,12,16,3,3,6,4,0,1,1,0,0,2,1,5.73383E+20,5.93313E+21,1.01074E+16,5.35419E+16
126498,2.17121E+18,2,1,12,130,2017,12,16,3,3,6,4,0,1,1,0,0,1,1,5.75841E+20,5.93182E+21,1.01442E+16,5.35298E+16
126499,2.17121E+18,2,1,7,119,2017,12,14,3,3,6,4,1,1,1,0,0,0,1,5.68097E+20,5.93423E+21,1.00279E+16,5.35525E+16
126500,2.17121E+18,2,1,14,132,2017,12,13,3,3,6,7,0,1,1,0,0,0,1,5.70216E+20,5.93237E+21,1.00595E+16,5.35355E+16
126501,2.17121E+18,2,5,18,526,2017,12,13,3,3,5,3,0,1,0,0,0,0,1,5.76973E+20,5.93849E+21,1.01629E+16,5.35896E+16
126502,2.17121E+18,2,4,10,429,2017,12,18,3,3,6,2,0,1,1,0,0,2,1,5.69518E+20,5.93969E+21,1.00505E+16,5.36015E+16
126503,2.17121E+18,2,5,11,519,2017,12,17,3,3,0,7,0,0,0,0,1,1,0,5.72242E+20,5.94572E+21,1.00931E+16,5.36552E+16
126504,2.17121E+18,2,5,15,523,2017,12,8,3,3,2,6,0,1,0,0,0,0,1,5.74701E+20,5.94993E+21,1.01313E+16,5.36928E+16
126505,2.17121E+18,2,5,1,504,2017,12,10,3,3,5,3,0,1,0,0,0,0,1,5.69733E+20,5.93662E+21,1.00531E+16,5.35738E+16
126506,2.17121E+18,2,2,7,219,2017,12,17,3,3,6,3,0,1,1,0,0,2,1,5.58767E+20,5.93482E+21,9.88719E+15,5.3559E+16
126507,2.17121E+18,2,2,8,220,2017,12,18,3,3,3,6,0,1,0,0,0,2,0,5.58392E+20,5.93859E+21,9.88223E+15,5.35929E+16
126508,2.17121E+18,2,3,5,317,2017,12,14,3,3,5,3,1,0,0,0,1,0,1,5.6234E+20,5.93934E+21,9.94203E+15,5.35991E+16
126509,2.17121E+18,2,3,5,317,2017,12,7,3,3,0,6,1,1,0,0,0,1,1,5.62341E+20,5.93934E+21,9.94203E+15,5.35991E+16
126510,2.17121E+18,2,3,2,311,2017,12,17,3,3,5,7,0,1,0,0,0,0,0,5.64722E+20,5.93548E+21,9.97721E+15,5.35642E+16
126511,2.17121E+18,2,3,2,311,2017,12,18,3,3,1,5,1,1,0,0,0,2,1,5.64888E+20,5.93598E+21,9.97983E+15,5.35687E+16
126512,2.17121E+18,2,7,13,714,2017,12,6,2,2,6,4,0,1,1,0,0,2,1,5.59825E+20,5.92631E+21,9.90153E+15,5.34824E+16
126513,2.17121E+18,2,7,1,701,2017,12,21,2,3,6,2,0,1,1,0,0,2,1,5.6489E+20,5.92384E+21,9.97734E+15,5.34596E+16
126514,2.17121E+18,2,7,10,711,2017,12,17,2,3,6,3,0,1,1,0,0,2,2,5.64101E+20,5.92426E+21,9.96554E+15,5.34634E+16
126515,2.17121E+18,2,7,4,705,2017,12,14,2,3,2,6,0,1,0,0,0,0,1,5.65733E+20,5.92198E+21,9.98965E+15,5.34428E+16
126516,2.17121E+18,2,1,16,137,2017,12,7,2,3,4,2,0,1,0,0,0,2,1,5.66272E+20,5.92822E+21,9.99907E+15,5.34987E+16
126517,2.17121E+18,2,6,1,601,2017,12,16,2,3,2,6,0,1,0,0,0,2,2,5.80293E+20,5.92894E+21,1.02106E+16,5.35033E+16
126518,2.17121E+18,2,1,11,128,2017,12,18,2,3,0,7,0,1,0,0,0,2,1,5.71556E+20,5.93396E+21,1.008E+16,5.35497E+16
126519,2.17121E+18,2,1,11,129,2017,12,11,2,3,2,6,0,1,0,0,0,0,1,5.72608E+20,5.93324E+21,1.00957E+16,5.3543E+16
126520,2.17121E+18,2,1,14,132,2017,12,16,2,3,6,2,0,1,1,0,0,2,1,5.69106E+20,5.93285E+21,1.00428E+16,5.354E+16
126521,2.17121E+18,2,5,5,513,2017,12,17,2,2,3,7,0,1,0,0,0,2,1,5.74645E+20,5.9385E+21,1.01277E+16,5.359E+16
126522,2.17121E+18,2,5,6,514,2017,12,7,2,3,6,2,0,1,1,0,0,2,0,5.73678E+20,5.94142E+21,1.01138E+16,5.36164E+16
126523,2.17121E+18,2,5,18,526,2017,12,11,2,3,6,4,0,1,1,0,0,0,1,5.77695E+20,5.93877E+21,1.01739E+16,5.3592E+16
126524,2.17121E+18,2,5,2,509,2017,12,5,2,3,1,5,1,0,0,0,1,2,1,5.71387E+20,5.9379E+21,1.00784E+16,5.35851E+16
126525,2.17121E+18,2,2,10,222,2017,12,8,2,3,1,5,1,1,0,0,0,0,0,5.56233E+20,5.93413E+21,9.84881E+15,5.35531E+16
126526,2.17121E+18,2,2,8,220,2017,12,17,2,3,6,2,0,1,1,0,0,2,1,5.57602E+20,5.93863E+21,9.87031E+15,5.35934E+16
126527,2.17121E+18,2,3,2,312,2017,12,14,2,3,2,6,0,1,1,0,0,0,1,5.65874E+20,5.93558E+21,9.99462E+15,5.3565E+16
126528,2.17121E+18,2,3,2,312,2017,12,16,2,2,6,6,1,0,1,0,0,2,1,5.65643E+20,5.9351E+21,9.99104E+15,5.35607E+16
126529,2.17121E+18,2,1,3,108,2017,12,18,2,3,5,3,0,1,0,0,0,2,1,5.65355E+20,5.93453E+21,9.98657E+15,5.35556E+16
126530,2.17121E+18,2,1,1,101,2017,12,12,2,3,4,3,0,1,0,0,0,0,1,5.66294E+20,5.93454E+21,1.00007E+16,5.35555E+16
126531,2.17121E+18,2,1,18,139,2017,12,5,2,3,5,6,0,1,0,0,1,2,1,5.6465E+20,5.93142E+21,9.97528E+15,5.35277E+16
126532,2.17121E+18,2,7,14,715,2017,12,18,1,3,5,2,0,1,0,0,0,2,1,5.58068E+20,5.92573E+21,9.87495E+15,5.34773E+16
126533,2.17121E+18,2,6,7,608,2017,12,19,1,3,8,7,0,1,0,0,0,2,1,5.72041E+20,5.92469E+21,1.00852E+16,5.34662E+16
126534,2.17121E+18,2,4,8,423,2017,12,19,1,3,2,6,0,1,0,0,0,2,1,5.68894E+20,5.93727E+21,1.00406E+16,5.35797E+16
126535,2.17121E+18,2,4,6,415,2017,12,18,1,3,5,3,1,1,0,0,0,2,2,5.68003E+20,5.93614E+21,1.00269E+16,5.35697E+16
126536,2.17121E+18,2,2,7,219,2017,12,8,1,3,2,6,0,1,0,0,0,0,1,5.58996E+20,5.93407E+21,9.89051E+15,5.35522E+16
126537,2.17121E+18,2,1,16,136,2017,12,16,7,3,3,6,0,1,0,0,1,2,1,5.68889E+20,5.92894E+21,1.00387E+16,5.35049E+16
126538,2.17121E+18,2,1,7,120,2017,12,11,7,3,5,3,0,1,0,0,0,0,1,5.68397E+20,5.93478E+21,1.00325E+16,5.35575E+16
126539,2.17121E+18,2,5,3,510,2017,12,16,7,3,6,2,0,1,1,0,0,1,1,5.70339E+20,5.9361E+21,1.00621E+16,5.35691E+16
126540,2.17121E+18,2,5,2,509,2017,12,23,7,3,8,1,0,1,0,0,0,2,0,5.71324E+20,5.93871E+21,1.00776E+16,5.35923E+16
126541,2.17121E+18,2,5,2,509,2017,12,23,7,3,5,3,0,1,0,0,0,2,0,5.72304E+20,5.93907E+21,1.00925E+16,5.35955E+16
126542,2.17121E+18,2,4,10,426,2017,12,3,7,3,9,1,0,1,0,0,0,2,1,5.70035E+20,5.93848E+21,1.00581E+16,5.35905E+16