OBJECTID,UIDENTSTLA,ULAND,UREGBEZ,UKREIS,UGEMEINDE,UJAHR,UMONAT,USTUNDE,UWOCHENTAG,UKATEGORIE,UART,UTYP1,IstRad,IstPKW,IstFuss,IstKrad,IstSonstig,LICHT,STRZUSTAND,LINREFX,LINREFY,XGCSWGS84,YGCSWGS84
126884,3.17011E+18,3,1,53,18,2017,1,13,7,3,6,7,0,1,1,0,0,0,2,5.91966E+20,5.73728E+21,1.03331E+16,5.17789E+16
126885,3.17011E+18,3,1,1,0,2017,1,18,7,3,6,4,0,1,1,0,0,2,1,6.04173E+20,5.7914E+21,1.05265E+16,5.22631E+16
126886,3.17011E+18,3,4,4,0,2017,1,19,6,3,6,2,0,1,1,0,0,2,1,4.36944E+20,5.79239E+21,8.07574E+15,5.22783E+16
126887,3.17011E+18,3,4,4,0,2017,1,13,6,3,5,2,0,1,0,0,0,0,1,4.35662E+20,5.79122E+21,8.05717E+15,5.22676E+16
126888,3.17011E+18,3,4,2,0,2017,1,14,6,3,5,3,1,0,0,0,0,0,1,3.81029E+20,5.91559E+21,7.21157E+15,5.3376E+16
126889,3.17011E+18,3,4,54,35,2017,1,21,6,3,5,3,1,1,0,0,0,2,1,3.85172E+20,5.83712E+21,7.30175E+15,5.26719E+16
126890,3.17011E+18,3,4,54,35,2017,1,6,6,3,4,6,0,1,0,0,1,2,2,3.85445E+20,5.84161E+21,7.30423E+15,5.27123E+16
126891,3.17011E+18,3,4,54,32,2017,1,10,6,3,5,3,0,1,0,0,0,0,2,3.86113E+20,5.8232E+21,7.32045E+15,5.2547E+16
126892,3.17011E+18,3,4,53,5,2017,1,18,6,3,8,1,0,1,0,0,0,2,2,4.4593E+20,5.85522E+21,8.1972E+15,5.2844E+16
126893,3.17011E+18,3,4,3,0,2017,1,7,6,3,6,2,0,1,1,0,0,0,2,4.44872E+20,5.88711E+21,8.17605E+15,5.31305E+16
126894,3.17011E+18,3,4,61,7,2017,1,7,6,3,6,4,0,1,1,0,0,2,1,4.66489E+20,5.92881E+21,8.49472E+15,5.35072E+16
126895,3.17011E+18,3,3,52,46,2017,1,15,6,2,5,2,1,1,0,0,0,0,1,4.93228E+20,5.96215E+21,8.89716E+15,5.38078E+16
126896,3.17011E+18,3,3,51,6,2017,1,18,6,3,2,6,0,1,0,0,0,2,2,5.73548E+20,5.83091E+21,1.00865E+16,5.26232E+16
126897,3.17011E+18,3,2,41,1,2017,1,16,6,3,2,5,0,1,0,0,0,2,1,5.50501E+20,5.8028E+21,9.74182E+15,5.23731E+16
126898,3.17011E+18,3,2,41,12,2017,1,7,6,3,5,2,0,1,0,0,0,2,2,5.31129E+20,5.8171E+21,9.45861E+15,5.25032E+16
126899,3.17011E+18,3,2,41,1,2017,1,23,6,3,5,3,0,1,0,0,0,2,2,5.55381E+20,5.80573E+21,9.81397E+15,5.2399E+16
126900,3.17011E+18,3,2,54,21,2017,1,23,6,3,6,4,0,1,1,0,0,2,1,5.65132E+20,5.77824E+21,9.95196E+15,5.21508E+16
126901,3.17011E+18,3,2,52,6,2017,1,12,6,3,5,3,0,1,0,1,0,0,1,5.23704E+20,5.77298E+21,9.34611E+15,5.21069E+16
126902,3.17011E+18,3,1,3,0,2017,1,7,6,3,6,2,0,1,1,0,0,2,1,6.16704E+20,5.80962E+21,1.07163E+16,5.24243E+16
126903,3.17011E+18,3,1,53,7,2017,1,12,6,3,2,2,0,1,0,0,1,0,2,5.92028E+20,5.75473E+21,1.03386E+16,5.19356E+16
126904,3.17011E+18,3,1,1,0,2017,1,13,6,3,6,4,0,1,1,0,0,0,1,6.04917E+20,5.78768E+21,1.05362E+16,5.22295E+16
126905,3.17011E+18,3,4,59,14,2017,1,13,5,3,5,3,1,1,0,0,0,0,0,4.30109E+20,5.80709E+21,7.97252E+15,5.24096E+16
126906,3.17011E+18,3,4,4,0,2017,1,13,5,2,6,4,0,1,1,0,0,0,0,4.30441E+20,5.79465E+21,7.97998E+15,5.22978E+16
126907,3.17011E+18,3,4,2,0,2017,1,7,5,3,0,7,0,1,0,0,0,0,0,3.811E+20,5.91561E+21,7.21263E+15,5.33762E+16
126908,3.17011E+18,3,4,57,17,2017,1,17,5,3,5,3,0,1,0,1,0,0,0,4.07295E+20,5.88871E+21,7.61411E+15,5.31397E+16
126909,3.17011E+18,3,4,56,15,2017,1,14,5,2,6,7,0,1,1,0,0,0,1,3.68479E+20,5.81134E+21,7.06524E+15,5.24364E+16
126910,3.17011E+18,3,4,54,49,2017,1,7,5,3,5,3,0,1,0,0,0,2,1,3.94614E+20,5.80168E+21,7.45257E+15,5.23552E+16
126911,3.17011E+18,3,4,54,32,2017,1,8,5,3,0,6,0,1,1,0,0,2,1,3.87409E+20,5.82257E+21,7.33977E+15,5.25415E+16
126912,3.17011E+18,3,4,54,32,2017,1,5,5,3,2,6,0,1,0,1,0,2,0,3.87057E+20,5.81937E+21,7.33567E+15,5.25128E+16
126913,3.17011E+18,3,4,62,19,2017,1,11,5,3,0,4,0,1,1,0,0,0,1,4.19225E+20,5.93721E+21,7.78002E+15,5.35775E+16
126914,3.17011E+18,3,4,52,19,2017,1,16,5,3,5,3,0,1,0,0,0,0,0,3.81531E+20,5.93964E+21,7.21004E+15,5.35922E+16
126915,3.17011E+18,3,4,60,3,2017,1,7,5,3,5,3,1,1,0,0,0,2,0,4.40752E+20,5.83502E+21,8.12397E+15,5.26619E+16
126916,3.17011E+18,3,4,3,0,2017,1,13,5,3,5,3,0,1,0,0,0,0,1,4.50997E+20,5.88489E+21,8.26793E+15,5.31112E+16
126917,3.17011E+18,3,4,3,0,2017,1,13,5,3,5,3,0,1,0,0,0,0,1,4.46738E+20,5.88948E+21,8.20354E+15,5.3152E+16
126918,3.17011E+18,3,3,53,5,2017,1,15,5,3,5,2,0,1,0,0,0,0,0,5.58413E+20,5.90923E+21,9.8771E+15,5.3329E+16
126919,3.17011E+18,3,3,59,38,2017,1,8,5,2,6,4,0,1,1,0,0,0,1,5.3154E+20,5.93806E+21,9.47649E+15,5.35904E+16
126920,3.17011E+18,3,3,58,16,2017,1,6,5,3,7,7,0,1,0,0,0,2,2,5.74009E+20,5.86997E+21,1.01022E+16,5.29743E+16
126921,3.17011E+18,3,3,57,8,2017,1,14,5,3,2,6,0,1,0,0,1,0,1,5.07907E+20,5.92718E+21,9.11918E+15,5.34935E+16
126922,3.17011E+18,3,2,41,1,2017,1,19,5,3,5,3,1,1,0,0,0,2,0,5.45437E+20,5.80275E+21,9.66742E+15,5.23731E+16
126923,3.17011E+18,3,2,41,1,2017,1,6,5,3,2,6,0,1,0,0,0,2,1,5.55572E+20,5.79687E+21,9.81531E+15,5.23193E+16
126924,3.17011E+18,3,2,41,5,2017,1,17,5,3,5,3,0,1,0,0,0,1,0,5.40452E+20,5.80803E+21,9.59484E+15,5.2421E+16
126925,3.17011E+18,3,2,41,5,2017,1,16,5,3,0,7,0,0,0,0,1,0,0,5.40558E+20,5.80802E+21,9.59641E+15,5.24209E+16
126926,3.17011E+18,3,2,41,1,2017,1,22,5,3,8,7,0,1,0,0,0,2,1,5.45054E+20,5.80615E+21,9.66225E+15,5.24037E+16
126927,3.17011E+18,3,1,59,15,2017,1,6,5,2,4,6,0,1,0,0,0,2,1,5.68467E+20,5.70542E+21,9.9863E+15,5.14958E+16
126928,3.17011E+18,3,1,3,0,2017,1,7,5,3,2,6,0,1,0,0,0,2,0,6.22883E+20,5.81195E+21,1.0808E+16,5.24439E+16
126929,3.17011E+18,3,1,3,0,2017,1,18,5,3,0,4,0,1,1,0,0,2,0,6.21608E+20,5.80982E+21,1.07885E+16,5.24251E+16
126930,3.17011E+18,3,1,51,12,2017,1,14,5,3,5,3,1,1,0,0,0,0,0,5.95082E+20,5.8083E+21,1.03981E+16,5.24167E+16
126931,3.17011E+18,3,1,51,18,2017,1,6,5,2,9,1,0,1,0,0,0,2,2,5.92665E+20,5.81761E+21,1.03651E+16,5.25007E+16
126932,3.17011E+18,3,1,1,0,2017,1,17,5,3,4,2,0,1,0,0,0,2,0,6.04585E+20,5.7875E+21,1.05313E+16,5.2228E+16
126933,3.17011E+18,3,4,4,0,2017,1,10,4,3,5,2,1,1,0,0,0,0,1,4.34193E+20,5.79111E+21,8.03567E+15,5.22664E+16
126934,3.17011E+18,3,4,2,0,2017,1,16,4,3,4,2,1,1,0,0,0,2,1,3.80651E+20,5.91471E+21,7.20623E+15,5.3368E+16
126935,3.17011E+18,3,4,57,18,2017,1,7,4,3,3,2,1,1,0,0,0,2,1,4.04672E+20,5.88818E+21,7.57507E+15,5.31345E+16
126936,3.17011E+18,3,4,54,47,2017,1,17,4,3,2,2,0,1,0,0,0,2,1,4.00597E+20,5.85571E+21,7.52416E+15,5.2842E+16
126937,3.17011E+18,3,4,56,14,2017,1,12,4,3,6,7,0,1,1,0,0,0,1,3.65311E+20,5.81912E+21,7.01552E+15,5.25056E+16
126938,3.17011E+18,3,4,5,0,2017,1,9,4,2,5,2,1,1,0,0,0,0,1,4.41543E+20,5.93157E+21,8.1181E+15,5.35298E+16
126939,3.17011E+18,3,4,3,0,2017,1,12,4,2,4,2,1,1,0,0,0,0,1,4.45987E+20,5.89007E+21,8.19222E+15,5.31573E+16
126940,3.17011E+18,3,3,53,32,2017,1,18,4,3,5,3,1,1,0,0,0,2,1,5.73061E+20,5.91632E+21,1.00986E+16,5.33909E+16
126941,3.17011E+18,3,3,59,31,2017,1,19,4,3,9,1,0,1,0,0,0,2,1,5.21565E+20,5.92628E+21,9.325E+15,5.34851E+16
126942,3.17011E+18,3,3,59,38,2017,1,13,4,3,6,4,0,1,1,0,0,0,0,5.31145E+20,5.94001E+21,9.47073E+15,5.36079E+16
126943,3.17011E+18,3,3,60,25,2017,1,15,4,2,5,3,0,1,0,0,0,0,1,6.05279E+20,5.86888E+21,1.05673E+16,5.29592E+16
126944,3.17011E+18,3,3,55,31,2017,1,7,4,3,5,3,1,1,0,0,0,2,1,5.90303E+20,5.90071E+21,1.03534E+16,5.32479E+16
126945,3.17011E+18,3,3,55,22,2017,1,13,4,3,5,3,0,1,0,0,0,0,1,5.95412E+20,5.90099E+21,1.043E+16,5.32495E+16
126946,3.17011E+18,3,3,55,22,2017,1,7,4,3,5,3,1,1,0,0,0,2,1,5.96747E+20,5.90061E+21,1.04499E+16,5.32459E+16
126947,3.17011E+18,3,2,41,1,2017,1,14,4,3,5,2,1,0,0,0,1,0,1,5.51173E+20,5.80423E+21,9.7519E+15,5.23859E+16
126948,3.17011E+18,3,2,41,1,2017,1,7,4,3,5,3,1,1,0,0,0,1,0,5.50345E+20,5.8037E+21,9.73966E+15,5.23812E+16
126949,3.17011E+18,3,2,41,1,2017,1,20,4,3,4,7,0,1,0,0,0,2,0,5.50733E+20,5.80087E+21,9.74494E+15,5.23557E+16
126950,3.17011E+18,3,2,41,1,2017,1,17,4,2,6,4,0,1,1,0,0,2,1,5.50979E+20,5.8057E+21,9.74928E+15,5.23991E+16
126951,3.17011E+18,3,2,41,1,2017,1,17,4,2,6,4,0,1,1,0,0,2,1,5.5538E+20,5.80489E+21,9.81381E+15,5.23914E+16
126952,3.17011E+18,3,2,54,20,2017,1,10,4,3,5,3,0,1,0,0,0,0,1,5.65149E+20,5.78484E+21,9.95347E+15,5.22102E+16
126953,3.17011E+18,3,2,54,21,2017,1,13,4,3,3,2,1,1,0,0,0,0,1,5.66158E+20,5.77765E+21,9.96684E+15,5.21454E+16
126954,3.17011E+18,3,1,59,16,2017,1,16,4,3,3,7,1,1,0,0,0,2,1,5.6488E+20,5.71108E+21,9.93567E+15,5.15471E+16
126955,3.17011E+18,3,1,3,0,2017,1,14,4,3,5,3,1,1,0,0,0,0,1,6.21149E+20,5.81013E+21,1.07818E+16,5.24279E+16
126956,3.17011E+18,3,1,1,0,2017,1,16,4,3,5,3,1,1,0,0,0,0,1,6.03178E+20,5.79523E+21,1.0513E+16,5.22977E+16
126957,3.17011E+18,3,4,56,15,2017,1,18,3,3,6,2,0,1,1,0,0,2,0,3.68289E+20,5.8123E+21,7.06206E+15,5.2445E+16
126958,3.17011E+18,3,4,54,35,2017,1,7,3,3,6,4,0,1,1,0,0,1,1,3.84902E+20,5.84061E+21,7.29654E+15,5.27031E+16
126959,3.17011E+18,3,4,54,49,2017,1,16,3,3,5,3,0,1,0,0,0,1,0,3.96005E+20,5.80268E+21,7.47268E+15,5.23645E+16
126960,3.17011E+18,3,4,54,32,2017,1,22,3,2,6,2,0,1,1,0,0,2,0,3.86751E+20,5.82085E+21,7.33067E+15,5.2526E+16
126961,3.17011E+18,3,4,54,31,2017,1,18,3,2,5,3,0,0,0,1,1,2,0,3.99721E+20,5.82334E+21,7.52102E+15,5.25509E+16
126962,3.17011E+18,3,4,52,1,2017,1,7,3,3,5,3,1,1,0,0,0,2,1,3.9999E+20,5.92929E+21,7.49213E+15,5.35031E+16
126963,3.17011E+18,3,4,52,1,2017,1,7,3,3,5,3,1,1,0,0,0,2,1,3.97805E+20,5.92548E+21,7.46045E+15,5.34684E+16
126964,3.17011E+18,3,4,53,7,2017,1,17,3,3,5,3,1,1,1,0,0,2,1,4.23308E+20,5.87615E+21,7.85643E+15,5.30294E+16
126965,3.17011E+18,3,4,60,2,2017,1,5,3,3,6,6,0,0,1,0,1,2,1,4.45741E+20,5.81916E+21,8.20033E+15,5.25199E+16
126966,3.17011E+18,3,4,53,4,2017,1,19,3,3,5,3,0,1,0,0,0,2,1,4.35596E+20,5.85749E+21,8.04334E+15,5.28633E+16
126967,3.17011E+18,3,4,53,4,2017,1,9,3,1,5,3,0,1,0,0,1,0,1,4.38316E+20,5.85611E+21,8.08399E+15,5.28512E+16
126968,3.17011E+18,3,4,55,7,2017,1,11,3,3,6,2,0,1,1,0,0,0,1,4.26331E+20,5.93701E+21,7.88737E+15,5.35767E+16
126969,3.17011E+18,3,2,51,9,2017,1,14,3,3,5,3,0,1,0,0,0,0,1,4.60419E+20,5.8133E+21,8.41734E+15,5.24684E+16
126970,3.17011E+18,3,3,53,5,2017,1,9,3,3,5,3,1,1,0,0,0,0,1,5.5799E+20,5.90999E+21,9.87088E+15,5.33359E+16
126971,3.17011E+18,3,3,59,10,2017,1,18,3,3,5,2,0,1,0,0,0,2,0,5.4735E+20,5.92478E+21,9.71333E+15,5.34699E+16
126972,3.17011E+18,3,3,57,57,2017,1,17,3,3,1,5,1,1,0,0,0,2,1,5.18908E+20,5.90488E+21,9.28366E+15,5.32928E+16
126973,3.17011E+18,3,2,41,1,2017,1,14,3,3,8,1,0,1,0,0,0,0,0,5.55155E+20,5.80402E+21,9.81037E+15,5.23837E+16
126974,3.17011E+18,3,2,41,1,2017,1,15,3,3,6,4,1,0,1,0,0,0,0,5.50512E+20,5.8031E+21,9.74202E+15,5.23758E+16
126975,3.17011E+18,3,2,41,1,2017,1,7,3,3,2,6,0,1,0,0,0,2,1,5.50684E+20,5.80815E+21,9.74531E+15,5.24212E+16
126976,3.17011E+18,3,2,41,1,2017,1,3,3,2,8,1,0,1,0,0,0,2,0,5.50084E+20,5.80403E+21,9.73587E+15,5.23842E+16
126977,3.17011E+18,3,1,59,10,2017,1,7,3,2,6,4,0,0,1,0,1,2,1,5.8589E+20,5.70798E+21,1.02378E+16,5.15164E+16
126978,3.17011E+18,3,1,59,16,2017,1,17,3,3,5,3,0,1,0,0,0,2,0,5.64229E+20,5.70903E+21,9.92591E+15,5.15287E+16
126979,3.17011E+18,3,1,59,16,2017,1,15,3,3,5,3,1,1,0,0,0,0,0,5.65273E+20,5.71044E+21,9.94121E+15,5.15413E+16
126980,3.17011E+18,3,1,53,2,2017,1,11,3,2,4,6,0,1,0,0,0,0,0,6.07209E+20,5.74968E+21,1.05578E+16,5.18876E+16
126981,3.17011E+18,3,1,1,0,2017,1,17,3,3,2,2,1,1,0,0,0,2,0,6.04456E+20,5.78896E+21,1.05298E+16,5.22411E+16
126982,3.17011E+18,3,4,59,19,2017,1,12,2,3,4,2,0,1,0,0,0,0,1,4.36183E+20,5.78545E+21,8.06589E+15,5.22158E+16
126983,3.17011E+18,3,4,57,14,2017,1,16,2,3,5,2,1,1,0,0,0,0,0,3.99298E+20,5.90769E+21,7.48861E+15,5.33088E+16
126984,3.17011E+18,3,4,54,32,2017,1,16,2,3,5,3,0,1,0,0,0,1,1,3.85682E+20,5.82022E+21,7.31512E+15,5.25201E+16
126985,3.17011E+18,3,4,3,0,2017,1,17,2,3,2,6,1,1,0,0,0,2,1,4.47701E+20,5.88588E+21,8.21853E+15,5.31197E+16
126986,3.17011E+18,3,4,61,2,2017,1,10,2,3,2,2,0,1,0,0,0,0,0,4.64992E+20,5.91033E+21,8.4742E+15,5.33409E+16
126987,3.17011E+18,3,3,52,11,2017,1,21,2,3,5,3,0,1,0,0,0,2,1,4.80021E+20,5.96854E+21,8.69619E+15,5.38649E+16
126988,3.17011E+18,3,3,53,5,2017,1,20,2,3,2,6,0,1,0,0,0,2,1,5.58749E+20,5.90903E+21,9.8821E+15,5.33271E+16
126989,3.17011E+18,3,3,53,5,2017,1,18,2,3,5,3,0,1,0,0,0,2,0,5.58424E+20,5.90923E+21,9.87726E+15,5.3329E+16
126990,3.17011E+18,3,3,57,57,2017,1,16,2,3,1,5,1,1,0,0,0,1,0,5.18672E+20,5.90511E+21,9.28014E+15,5.32949E+16
126991,3.17011E+18,3,3,55,22,2017,1,15,2,3,5,2,0,1,0,0,0,0,0,5.96086E+20,5.90226E+21,1.04405E+16,5.32609E+16
126992,3.17011E+18,3,2,41,1,2017,1,15,2,2,5,2,0,1,0,0,1,0,0,5.4864E+20,5.8026E+21,9.71445E+15,5.23715E+16
126993,3.17011E+18,3,2,57,28,2017,1,19,2,3,1,5,0,1,0,0,0,2,0,5.09245E+20,5.79008E+21,9.13546E+15,5.2261E+16
126994,3.17011E+18,3,2,55,3,2017,1,17,2,2,2,6,0,0,0,1,0,2,1,5.34566E+20,5.75916E+21,9.50331E+15,5.1982E+16
126995,3.17011E+18,3,1,59,17,2017,1,7,2,3,6,2,0,1,1,0,0,1,1,5.44976E+20,5.69809E+21,9.647E+15,5.14322E+16
126996,3.17011E+18,3,1,59,16,2017,1,8,2,3,5,3,1,1,0,0,0,1,1,5.63526E+20,5.71041E+21,9.91603E+15,5.15412E+16
126997,3.17011E+18,3,1,51,9,2017,1,6,2,3,2,6,0,1,0,0,0,2,1,6.04794E+20,5.81365E+21,1.05425E+16,5.24629E+16
126998,3.17011E+18,3,4,55,25,2017,1,19,1,3,1,5,0,1,0,0,1,2,1,4.35312E+20,5.91456E+21,8.02761E+15,5.33762E+16
126999,3.17011E+18,3,4,3,0,2017,1,14,1,3,5,3,0,1,0,0,0,0,0,4.4893E+20,5.8867E+21,8.23676E+15,5.31272E+16
127000,3.17011E+18,3,1,55,13,2017,1,17,1,3,5,3,0,1,0,0,0,2,1,5.60249E+20,5.74101E+21,9.87406E+15,5.18167E+16
127001,3.17011E+18,3,4,4,0,2017,1,17,7,3,0,1,0,0,0,1,0,2,2,4.33818E+20,5.79149E+21,8.0301E+15,5.22698E+16
127002,3.17011E+18,3,4,62,7,2017,1,8,7,2,0,1,1,0,0,0,0,0,2,4.00063E+20,5.95648E+21,7.4845E+15,5.37474E+16
127003,3.17011E+18,3,3,56,7,2017,1,10,7,3,4,6,0,1,0,0,0,0,2,4.86545E+20,5.89838E+21,8.79841E+15,5.32346E+16
127004,3.17011E+18,3,3,61,1,2017,1,13,7,2,8,1,0,1,0,0,0,0,2,5.0343E+20,5.8734E+21,9.05113E+15,5.30101E+16
127005,3.17011E+18,3,2,51,47,2017,1,13,7,3,8,1,0,1,0,0,0,0,2,4.9125E+20,5.86931E+21,8.8697E+15,5.29733E+16
127006,3.17011E+18,3,2,51,41,2017,1,18,7,3,9,1,0,1,0,0,0,2,2,4.88034E+20,5.86271E+21,8.82205E+15,5.29139E+16
127007,3.17011E+18,3,3,53,5,2017,1,14,7,3,2,2,0,1,0,0,0,0,2,5.57406E+20,5.91173E+21,9.86243E+15,5.33516E+16
127008,3.17011E+18,3,3,57,6,2017,1,11,7,3,4,1,0,1,0,0,1,0,2,5.31718E+20,5.8806E+21,9.47344E+15,5.30739E+16
127009,3.17011E+18,3,3,60,25,2017,1,17,7,3,4,1,0,1,0,0,0,2,2,6.05377E+20,5.86929E+21,1.05689E+16,5.29629E+16
127010,3.17011E+18,3,2,41,1,2017,1,17,7,3,4,1,0,1,0,0,0,2,2,5.58569E+20,5.80173E+21,9.86013E+15,5.23628E+16
127011,3.17011E+18,3,2,41,1,2017,1,18,7,3,2,1,0,1,0,0,0,2,2,5.56373E+20,5.80869E+21,9.82905E+15,5.24255E+16
127012,3.17011E+18,3,2,41,1,2017,1,19,7,3,2,6,0,1,0,0,0,2,2,5.53733E+20,5.8055E+21,9.78971E+15,5.23971E+16
127013,3.17011E+18,3,2,41,1,2017,1,17,7,3,4,1,0,1,0,0,0,2,2,5.5044E+20,5.80509E+21,9.74126E+15,5.23937E+16
127014,3.17011E+18,3,2,41,11,2017,1,17,7,3,2,6,0,1,0,0,0,2,2,5.65607E+20,5.80211E+21,9.96353E+15,5.23653E+16
127015,3.17011E+18,3,2,41,1,2017,1,15,7,3,6,7,0,1,1,0,0,0,1,5.50648E+20,5.80256E+21,9.74394E+15,5.23709E+16
127016,3.17011E+18,3,2,41,1,2017,1,17,7,3,4,2,0,1,0,0,0,2,2,5.55519E+20,5.79702E+21,9.81456E+15,5.23207E+16
127017,3.17011E+18,3,2,41,1,2017,1,14,7,2,5,2,0,1,0,0,0,0,1,5.47896E+20,5.80237E+21,9.70348E+15,5.23695E+16
127018,3.17011E+18,3,2,54,20,2017,1,13,7,3,5,3,0,1,0,0,0,0,0,5.65484E+20,5.78468E+21,9.95835E+15,5.22087E+16
127019,3.17011E+18,3,2,54,21,2017,1,18,7,3,2,1,0,1,0,0,0,2,2,5.64322E+20,5.77899E+21,9.94026E+15,5.21577E+16
127020,3.17011E+18,3,2,54,21,2017,1,15,7,3,3,6,1,0,0,0,1,1,0,5.64651E+20,5.77966E+21,9.9452E+15,5.21636E+16
127021,3.17011E+18,3,1,54,13,2017,1,20,7,3,0,1,1,0,0,0,0,2,1,6.2383E+20,5.79059E+21,1.0814E+16,5.22518E+16
127022,3.17011E+18,3,1,51,27,2017,1,18,7,3,5,1,0,1,0,0,0,2,2,5.97454E+20,5.80176E+21,1.0431E+16,5.23574E+16
127023,3.17011E+18,3,1,1,0,2017,1,1,7,3,2,6,0,1,0,0,0,2,1,6.0337E+20,5.79182E+21,1.05148E+16,5.22671E+16
127024,3.17011E+18,3,4,4,0,2017,1,18,6,3,8,1,0,1,0,0,0,2,0,4.34871E+20,5.79191E+21,8.04545E+15,5.22737E+16
127025,3.17011E+18,3,4,57,2,2017,1,12,6,2,6,4,1,0,1,0,0,0,0,3.45958E+20,5.9402E+21,6.67273E+15,5.35879E+16
127026,3.17011E+18,3,4,54,35,2017,1,0,6,3,8,1,0,1,0,0,0,2,0,3.84972E+20,5.83975E+21,7.29787E+15,5.26954E+16
127027,3.17011E+18,3,4,5,0,2017,1,16,6,3,5,3,1,1,0,0,0,0,0,4.42008E+20,5.93102E+21,8.12521E+15,5.35249E+16
127028,3.17011E+18,3,4,3,0,2017,1,7,6,3,4,2,1,1,0,0,0,0,0,4.4748E+20,5.88886E+21,8.21475E+15,5.31466E+16
127029,3.17011E+18,3,4,61,2,2017,1,10,6,3,5,3,1,1,0,0,0,0,0,4.65192E+20,5.90965E+21,8.47728E+15,5.33348E+16
127030,3.17011E+18,3,3,59,38,2017,1,7,6,3,6,4,0,1,1,0,0,1,0,5.33035E+20,5.9393E+21,9.49921E+15,5.36015E+16
127031,3.17011E+18,3,3,55,22,2017,1,14,6,3,5,3,0,1,0,0,0,0,0,5.92512E+20,5.89918E+21,1.0386E+16,5.32338E+16
127032,3.17011E+18,3,2,41,1,2017,1,10,6,3,5,3,1,1,0,0,0,0,0,5.56994E+20,5.80446E+21,9.83746E+15,5.23874E+16
127033,3.17011E+18,3,2,41,1,2017,1,14,6,3,5,3,0,1,0,0,0,0,0,5.55265E+20,5.80595E+21,9.81231E+15,5.2401E+16
127034,3.17011E+18,3,2,41,1,2017,1,12,6,3,5,2,1,1,0,0,0,0,0,5.50658E+20,5.80296E+21,9.74415E+15,5.23745E+16
127035,3.17011E+18,3,2,41,11,2017,1,16,6,3,6,4,0,1,1,0,0,0,0,5.66768E+20,5.80338E+21,9.98084E+15,5.23766E+16
127036,3.17011E+18,3,2,41,10,2017,1,17,6,3,6,2,0,1,1,0,0,2,0,5.4624E+20,5.80924E+21,9.68012E+15,5.24314E+16
127037,3.17011E+18,3,2,41,1,2017,1,19,6,2,6,4,0,1,1,0,0,2,0,5.4498E+20,5.80621E+21,9.66117E+15,5.24043E+16
127038,3.17011E+18,3,2,41,1,2017,1,12,6,3,5,3,1,1,0,0,0,0,0,5.50425E+20,5.80559E+21,9.74111E+15,5.23983E+16
127039,3.17011E+18,3,2,41,1,2017,1,6,6,2,6,2,0,1,1,0,0,2,0,5.46737E+20,5.80493E+21,9.68682E+15,5.23926E+16
127040,3.17011E+18,3,2,41,1,2017,1,4,6,3,1,1,0,1,0,0,1,2,2,5.42973E+20,5.80733E+21,9.63183E+15,5.24145E+16
127041,3.17011E+18,3,1,55,9,2017,1,14,6,3,2,6,0,1,0,0,0,0,0,5.60415E+20,5.72805E+21,9.87421E+15,5.17001E+16
127042,3.17011E+18,3,2,54,42,2017,1,14,6,3,0,5,0,1,0,0,0,0,0,5.62332E+20,5.75316E+21,9.90647E+15,5.19256E+16
127043,3.17011E+18,3,2,52,1,2017,1,12,6,3,5,2,0,1,0,1,0,0,0,5.17728E+20,5.76658E+21,9.25852E+15,5.20496E+16
127044,3.17011E+18,3,1,1,0,2017,1,15,6,3,5,3,1,1,0,0,0,0,0,6.04583E+20,5.7912E+21,1.05324E+16,5.22612E+16
127045,3.17011E+18,3,1,1,0,2017,1,8,6,3,5,2,1,1,0,0,0,0,1,6.04925E+20,5.79202E+21,1.05377E+16,5.22685E+16
127046,3.17011E+18,3,4,59,14,2017,1,6,5,3,5,3,1,1,0,0,0,2,1,4.30408E+20,5.80678E+21,7.97698E+15,5.24068E+16
127047,3.17011E+18,3,4,59,10,2017,1,16,5,3,5,3,0,1,0,0,1,1,0,4.2766E+20,5.82358E+21,7.93294E+15,5.25574E+16
127048,3.17011E+18,3,4,4,0,2017,1,20,5,3,1,5,0,1,0,0,0,2,0,4.3497E+20,5.79137E+21,8.04701E+15,5.22688E+16
127049,3.17011E+18,3,4,56,15,2017,1,15,5,3,5,3,1,1,0,0,0,0,0,3.68679E+20,5.81181E+21,7.06799E+15,5.24407E+16
127050,3.17011E+18,3,4,54,19,2017,1,20,5,2,9,1,0,1,0,0,0,2,2,3.99013E+20,5.83855E+21,7.50593E+15,5.26875E+16
127051,3.17011E+18,3,4,54,35,2017,1,12,5,2,5,3,1,1,0,0,0,0,2,3.83098E+20,5.83978E+21,7.27015E+15,5.26953E+16
127052,3.17011E+18,3,4,54,32,2017,1,11,5,3,5,2,0,1,0,0,0,0,1,3.87536E+20,5.82083E+21,7.34223E+15,5.2526E+16
127053,3.17011E+18,3,4,62,19,2017,1,12,5,3,5,3,1,0,0,0,1,0,0,4.18043E+20,5.93766E+21,7.76205E+15,5.35814E+16
127054,3.17011E+18,3,4,53,4,2017,1,21,5,3,5,3,0,1,0,0,0,2,0,4.37043E+20,5.85466E+21,8.06537E+15,5.2838E+16
127055,3.17011E+18,3,3,61,9,2017,1,1,5,3,5,3,0,1,0,0,0,2,1,5.02304E+20,5.87754E+21,9.03437E+15,5.30474E+16
127056,3.17011E+18,3,4,3,0,2017,1,19,5,3,4,2,0,1,0,1,0,2,0,4.47385E+20,5.88788E+21,8.21347E+15,5.31377E+16