OBJECTID,UIDENTSTLA,ULAND,UREGBEZ,UKREIS,UGEMEINDE,UJAHR,UMONAT,USTUNDE,UWOCHENTAG,UKATEGORIE,UART,UTYP1,IstRad,IstPKW,IstFuss,IstKrad,IstSonstig,LICHT,STRZUSTAND,LINREFX,LINREFY,XGCSWGS84,YGCSWGS84
127403,3.17021E+18,3,1,59,16,2017,2,18,3,3,6,2,0,1,1,0,0,2,0,5.63897E+20,5.71133E+21,9.92155E+15,5.15495E+16
127404,3.17021E+18,3,1,59,16,2017,2,15,3,3,0,7,0,1,0,0,0,0,0,5.6514E+20,5.71144E+21,9.93949E+15,5.15503E+16
127405,3.17021E+18,3,1,59,16,2017,2,5,3,2,1,5,1,1,0,0,0,2,0,5.65472E+20,5.70816E+21,9.94367E+15,5.15207E+16
127406,3.17021E+18,3,1,51,16,2017,2,15,3,3,5,7,0,1,0,0,0,0,0,6.04456E+20,5.80475E+21,1.05347E+16,5.2383E+16
127407,3.17021E+18,3,4,59,14,2017,2,6,2,3,5,3,1,1,0,0,0,2,0,4.30745E+20,5.80739E+21,7.9818E+15,5.24123E+16
127408,3.17021E+18,3,4,59,2,2017,2,10,2,3,6,7,0,1,1,0,0,0,0,4.23485E+20,5.82164E+21,7.87182E+15,5.25395E+16
127409,3.17021E+18,3,4,4,0,2017,2,7,2,3,1,5,1,1,0,0,0,1,0,4.36072E+20,5.79184E+21,8.06307E+15,5.22732E+16
127410,3.17021E+18,3,2,52,4,2017,2,18,2,3,8,1,0,1,0,0,0,2,1,3.99056E+20,5.88408E+21,7.49244E+15,5.30966E+16
127411,3.17021E+18,3,4,57,13,2017,2,17,2,2,5,5,1,1,0,0,0,1,0,3.97632E+20,5.89938E+21,7.46628E+15,5.32338E+16
127412,3.17021E+18,3,4,56,1,2017,2,15,2,3,5,3,1,1,0,0,0,0,0,3.70465E+20,5.79569E+21,7.10047E+15,5.22962E+16
127413,3.17021E+18,3,4,56,15,2017,2,11,2,2,5,2,1,1,0,0,0,0,0,3.68172E+20,5.8111E+21,7.06081E+15,5.24342E+16
127414,3.17021E+18,3,4,56,15,2017,2,15,2,3,5,3,1,1,0,0,0,0,0,3.6765E+20,5.81031E+21,7.05346E+15,5.2427E+16
127415,3.17021E+18,3,4,56,15,2017,2,12,2,3,0,3,0,1,0,0,0,0,0,3.6833E+20,5.81089E+21,7.06322E+15,5.24323E+16
127416,3.17021E+18,3,4,62,19,2017,2,11,2,3,5,2,0,1,0,1,0,0,0,4.19444E+20,5.9369E+21,7.7834E+15,5.35747E+16
127417,3.17021E+18,3,4,60,3,2017,2,9,2,2,9,1,0,0,0,1,0,0,0,4.42016E+20,5.83559E+21,8.14256E+15,5.26671E+16
127418,3.17021E+18,3,4,55,14,2017,2,15,2,3,2,6,0,1,0,0,0,0,0,4.35817E+20,5.92738E+21,8.03259E+15,5.34915E+16
127419,3.17021E+18,3,4,5,0,2017,2,17,2,3,5,3,1,1,0,0,0,1,0,4.42196E+20,5.93135E+21,8.128E+15,5.35279E+16
127420,3.17021E+18,3,3,61,12,2017,2,16,2,3,1,5,1,1,0,0,0,0,0,5.1747E+20,5.86419E+21,9.25988E+15,5.29271E+16
127421,3.17021E+18,3,4,58,14,2017,2,11,2,3,5,2,1,1,0,0,0,0,0,4.61713E+20,5.86042E+21,8.43091E+15,5.28921E+16
127422,3.17021E+18,3,3,52,11,2017,2,12,2,3,1,5,1,1,0,0,0,0,0,4.85126E+20,5.96389E+21,8.77404E+15,5.38233E+16
127423,3.17021E+18,3,3,52,11,2017,2,18,2,3,2,6,0,1,0,0,0,1,0,4.80017E+20,5.96628E+21,8.69628E+15,5.38446E+16
127424,3.17021E+18,3,3,53,5,2017,2,18,2,3,6,4,0,1,1,0,0,1,0,5.5879E+20,5.90987E+21,9.88288E+15,5.33347E+16
127425,3.17021E+18,3,3,59,38,2017,2,16,2,3,4,2,0,1,0,0,0,1,0,5.30027E+20,5.9392E+21,9.45376E+15,5.36007E+16
127426,3.17021E+18,3,3,51,6,2017,2,9,2,3,6,4,0,1,1,0,0,0,1,5.70908E+20,5.82978E+21,1.00473E+16,5.26134E+16
127427,3.17021E+18,3,2,41,1,2017,2,15,2,3,5,3,1,1,0,0,0,0,0,5.50884E+20,5.80372E+21,9.74758E+15,5.23814E+16
127428,3.17021E+18,3,2,41,1,2017,2,20,2,3,5,3,1,1,0,0,0,2,0,5.49519E+20,5.80382E+21,9.72754E+15,5.23824E+16
127429,3.17021E+18,3,2,41,1,2017,2,15,2,3,5,3,1,1,0,0,0,0,0,5.49368E+20,5.80555E+21,9.72557E+15,5.23979E+16
127430,3.17021E+18,3,2,54,21,2017,2,23,2,3,1,5,0,1,0,0,0,2,0,5.65602E+20,5.77701E+21,9.95859E+15,5.21397E+16
127431,3.17021E+18,3,2,54,21,2017,2,6,2,3,6,4,0,1,1,0,0,1,1,5.65675E+20,5.7787E+21,9.95998E+15,5.21549E+16
127432,3.17021E+18,3,1,51,9,2017,2,7,2,3,0,3,1,1,0,0,0,1,1,6.05732E+20,5.81505E+21,1.05567E+16,5.24754E+16
127433,3.17021E+18,3,4,4,0,2017,2,18,1,3,4,2,0,1,0,0,0,2,0,4.37235E+20,5.79083E+21,8.0803E+15,5.22643E+16
127434,3.17021E+18,3,4,52,25,2017,2,20,1,2,6,7,0,0,1,0,1,2,1,4.12326E+20,5.91419E+21,7.68228E+15,5.33696E+16
127435,3.17021E+18,3,4,5,0,2017,2,12,1,3,5,3,0,1,0,0,0,0,1,4.41934E+20,5.93195E+21,8.12393E+15,5.35332E+16
127436,3.17021E+18,3,3,55,22,2017,2,15,1,2,5,2,1,1,0,0,0,0,0,5.93012E+20,5.901E+21,1.03941E+16,5.32501E+16
127437,3.17021E+18,3,3,55,22,2017,2,14,1,3,5,2,1,1,0,0,0,0,1,5.94871E+20,5.90087E+21,1.04219E+16,5.32486E+16
127438,3.17021E+18,3,2,41,1,2017,2,3,1,3,8,1,0,1,0,0,0,2,0,5.50472E+20,5.80705E+21,9.74203E+15,5.24113E+16
127439,3.17021E+18,3,2,54,21,2017,2,16,1,3,5,3,1,1,0,0,0,0,0,5.6532E+20,5.77892E+21,9.95484E+15,5.21569E+16
127440,3.17021E+18,3,1,51,9,2017,2,0,1,3,6,4,0,1,1,0,0,2,0,6.0477E+20,5.81555E+21,1.05427E+16,5.248E+16
127441,3.1702E+18,3,4,59,30,2017,2,13,7,3,2,6,0,1,0,0,0,0,0,4.30054E+20,5.8357E+21,7.96567E+15,5.26667E+16
127442,3.1702E+18,3,4,54,54,2017,2,18,7,3,5,3,0,1,0,0,0,2,1,3.71916E+20,5.83384E+21,7.10708E+15,5.26394E+16
127443,3.1702E+18,3,4,53,12,2017,2,11,7,2,5,3,0,1,0,1,0,0,1,4.27263E+20,5.85571E+21,7.91998E+15,5.28462E+16
127444,3.1702E+18,3,4,3,0,2017,2,7,7,3,2,2,0,1,1,0,0,1,1,4.47988E+20,5.88721E+21,8.2226E+15,5.31317E+16
127445,3.1702E+18,3,3,52,59,2017,2,3,7,2,9,1,0,1,0,0,0,2,1,4.86492E+20,5.92489E+21,8.79649E+15,5.34729E+16
127446,3.1702E+18,3,2,41,1,2017,2,9,7,3,0,5,1,1,0,0,0,0,1,5.51459E+20,5.80102E+21,9.7556E+15,5.2357E+16
127447,3.1702E+18,3,2,41,1,2017,2,12,7,3,5,3,0,1,0,0,0,0,0,5.55964E+20,5.79937E+21,9.82148E+15,5.23418E+16
127448,3.1702E+18,3,2,41,1,2017,2,18,7,3,6,7,0,1,1,0,0,1,0,5.50208E+20,5.80568E+21,9.73795E+15,5.23991E+16
127449,3.1702E+18,3,2,41,1,2017,2,15,7,3,6,6,0,1,1,0,0,0,0,5.49371E+20,5.80392E+21,9.72538E+15,5.23833E+16
127450,3.1702E+18,3,2,56,32,2017,2,19,7,3,5,2,1,1,0,0,0,2,0,5.04808E+20,5.8179E+21,9.07085E+15,5.25112E+16
127451,3.1702E+18,3,2,54,21,2017,2,13,7,3,5,3,1,1,0,0,0,0,0,5.65943E+20,5.77873E+21,9.96391E+15,5.21552E+16
127452,3.1702E+18,3,2,54,21,2017,2,11,7,3,6,2,0,1,1,0,0,0,1,5.6515E+20,5.77778E+21,9.95213E+15,5.21466E+16
127453,3.1702E+18,3,1,59,11,2017,2,10,7,2,0,1,0,0,0,1,0,0,2,5.76072E+20,5.71358E+21,1.00976E+16,5.15682E+16
127454,3.1702E+18,3,1,51,9,2017,2,3,7,3,9,1,0,1,0,0,0,2,1,6.04739E+20,5.8165E+21,1.05426E+16,5.24886E+16
127455,3.1702E+18,3,1,1,0,2017,2,20,7,3,2,6,0,1,0,0,0,2,0,6.02677E+20,5.79328E+21,1.05051E+16,5.22803E+16
127456,3.1702E+18,3,4,2,0,2017,2,15,6,3,5,3,0,1,0,0,1,0,1,3.78577E+20,5.9136E+21,7.1755E+15,5.33576E+16
127457,3.1702E+18,3,4,2,0,2017,2,12,6,3,3,6,0,1,0,0,0,0,1,3.80685E+20,5.91583E+21,7.20632E+15,5.33781E+16
127458,3.1702E+18,3,4,54,41,2017,2,8,6,3,5,2,1,1,0,0,0,0,1,3.92615E+20,5.88214E+21,7.39693E+15,5.30779E+16
127459,3.1702E+18,3,4,56,25,2017,2,22,6,3,1,5,0,1,0,0,0,2,0,3.73491E+20,5.81957E+21,7.13579E+15,5.25115E+16
127460,3.1702E+18,3,4,60,9,2017,2,15,6,3,2,6,0,1,0,0,0,0,1,4.51822E+20,5.84116E+21,8.28673E+15,5.27182E+16
127461,3.1702E+18,3,4,53,4,2017,2,9,6,3,2,6,0,1,0,0,0,0,0,4.36408E+20,5.85658E+21,8.05558E+15,5.28552E+16
127462,3.1702E+18,3,4,55,7,2017,2,12,6,3,5,3,1,1,0,0,0,0,1,4.2751E+20,5.93655E+21,7.90528E+15,5.35728E+16
127463,3.1702E+18,3,4,5,0,2017,2,8,6,3,6,2,0,1,1,0,0,0,1,4.41287E+20,5.93068E+21,8.11441E+15,5.35218E+16
127464,3.1702E+18,3,4,3,0,2017,2,16,6,3,5,3,1,1,0,0,0,1,1,4.48585E+20,5.89309E+21,8.23058E+15,5.31847E+16
127465,3.1702E+18,3,4,3,0,2017,2,12,6,3,4,6,1,1,0,0,0,0,1,4.46489E+20,5.88831E+21,8.20001E+15,5.31415E+16
127466,3.1702E+18,3,4,3,0,2017,2,7,6,3,0,5,1,1,0,0,0,1,0,4.4492E+20,5.8871E+21,8.17677E+15,5.31305E+16
127467,3.1702E+18,3,4,58,9,2017,2,14,6,3,5,3,0,1,0,0,0,0,1,4.49848E+20,5.87841E+21,8.25178E+15,5.30529E+16
127468,3.1702E+18,3,4,58,14,2017,2,9,6,3,9,1,0,1,0,0,0,0,2,4.60754E+20,5.85411E+21,8.41741E+15,5.28353E+16
127469,3.1702E+18,3,3,52,51,2017,2,15,6,3,5,3,0,1,0,0,0,0,1,4.94556E+20,5.94692E+21,8.91759E+15,5.3671E+16
127470,3.1702E+18,3,3,53,14,2017,2,0,6,3,1,5,0,1,0,0,0,2,1,5.40057E+20,5.91194E+21,9.60184E+15,5.3355E+16
127471,3.1702E+18,3,2,41,5,2017,2,15,6,3,5,3,1,1,0,0,0,0,1,5.41577E+20,5.81093E+21,9.61175E+15,5.2447E+16
127472,3.1702E+18,3,2,41,19,2017,2,10,6,3,5,3,0,1,0,0,0,0,1,5.49787E+20,5.81882E+21,9.73371E+15,5.25173E+16
127473,3.1702E+18,3,2,41,1,2017,2,17,6,3,6,2,0,1,1,0,0,2,1,5.50378E+20,5.80206E+21,9.7399E+15,5.23665E+16
127474,3.1702E+18,3,2,41,1,2017,2,10,6,2,0,4,0,1,1,0,0,0,1,5.54441E+20,5.80651E+21,9.80029E+15,5.24061E+16
127475,3.1702E+18,3,2,54,22,2017,2,9,6,2,9,1,0,1,0,0,0,1,2,5.77438E+20,5.77188E+21,1.01303E+16,5.2092E+16
127476,3.1702E+18,3,2,54,21,2017,2,14,6,3,3,5,0,1,0,0,0,0,0,5.6488E+20,5.77932E+21,9.94848E+15,5.21605E+16
127477,3.1702E+18,3,2,55,23,2017,2,7,6,2,0,1,1,0,0,0,0,2,2,5.31419E+20,5.74088E+21,9.45582E+15,5.18179E+16
127478,3.1702E+18,3,2,52,5,2017,2,11,6,3,5,3,0,1,0,0,0,0,1,5.26546E+20,5.76586E+21,9.38705E+15,5.20427E+16
127479,3.1702E+18,3,1,53,12,2017,2,7,6,3,3,2,1,1,0,0,0,2,1,5.81302E+20,5.74955E+21,1.01814E+16,5.18908E+16
127480,3.1702E+18,3,1,51,9,2017,2,16,6,3,3,6,1,1,0,0,0,0,1,6.06447E+20,5.81551E+21,1.05674E+16,5.24793E+16
127481,3.1702E+18,3,1,1,0,2017,2,7,6,3,4,2,1,1,0,0,0,0,0,6.02417E+20,5.79025E+21,1.05004E+16,5.22531E+16
127482,3.1702E+18,3,4,59,3,2017,2,9,5,3,5,3,1,1,0,0,0,0,0,4.5484E+20,5.79715E+21,8.3374E+15,5.23228E+16
127483,3.1702E+18,3,4,4,0,2017,2,6,5,3,6,4,0,1,1,0,0,2,0,4.32131E+20,5.79234E+21,8.00522E+15,5.22772E+16
127484,3.1702E+18,3,4,4,0,2017,2,8,5,3,5,3,0,1,0,0,0,0,1,4.36115E+20,5.79075E+21,8.06391E+15,5.22634E+16
127485,3.1702E+18,3,4,57,14,2017,2,17,5,3,5,3,1,1,0,0,0,0,0,3.98981E+20,5.90755E+21,7.48389E+15,5.33075E+16
127486,3.1702E+18,3,4,54,41,2017,2,7,5,3,5,3,1,1,0,0,0,1,1,3.95551E+20,5.88171E+21,7.44088E+15,5.30747E+16
127487,3.1702E+18,3,4,54,41,2017,2,18,5,3,0,2,1,0,0,0,1,2,0,3.95468E+20,5.88151E+21,7.43971E+15,5.30728E+16
127488,3.1702E+18,3,4,54,41,2017,2,7,5,3,5,3,1,1,0,0,0,1,1,3.93606E+20,5.8827E+21,7.41153E+15,5.30832E+16
127489,3.1702E+18,3,4,56,2,2017,2,8,5,3,5,3,1,1,0,0,0,0,1,3.53997E+20,5.83061E+21,6.84388E+15,5.26059E+16
127490,3.1702E+18,3,4,56,15,2017,2,7,5,3,4,2,1,1,0,0,0,1,0,3.69372E+20,5.8117E+21,7.07821E+15,5.24399E+16
127491,3.1702E+18,3,4,52,19,2017,2,17,5,3,6,4,1,0,1,0,0,0,0,3.8243E+20,5.93875E+21,7.22395E+15,5.35844E+16
127492,3.1702E+18,3,4,52,1,2017,2,18,5,2,0,7,1,0,0,0,0,2,0,3.99108E+20,5.92532E+21,7.48012E+15,5.34672E+16
127493,3.1702E+18,3,4,5,0,2017,2,12,5,2,6,2,0,1,1,0,0,0,1,4.42938E+20,5.93188E+21,8.13909E+15,5.35328E+16
127494,3.1702E+18,3,3,56,7,2017,2,12,5,3,4,6,0,1,0,0,1,0,0,4.89118E+20,5.90196E+21,8.83684E+15,5.32668E+16
127495,3.1702E+18,3,4,3,0,2017,2,12,5,3,5,3,1,1,0,0,0,0,0,4.47474E+20,5.88903E+21,8.21462E+15,5.31481E+16
127496,3.1702E+18,3,4,1,0,2017,2,12,5,3,2,6,0,1,0,1,0,0,1,4.75844E+20,5.87634E+21,8.63975E+15,5.3036E+16
127497,3.1702E+18,3,3,52,50,2017,2,15,5,3,2,6,0,1,0,0,0,0,0,4.7562E+20,5.93643E+21,8.6318E+15,5.35761E+16
127498,3.1702E+18,3,3,53,5,2017,2,14,5,3,4,2,0,1,0,0,0,0,0,5.56168E+20,5.90887E+21,9.84332E+15,5.33261E+16
127499,3.1702E+18,3,3,57,39,2017,2,13,5,3,3,6,0,1,0,0,0,0,0,5.26697E+20,5.88459E+21,9.39883E+15,5.31101E+16
127500,3.1702E+18,3,3,60,25,2017,2,9,5,3,2,6,0,1,0,0,0,0,1,6.04229E+20,5.86933E+21,1.05518E+16,5.29634E+16
127501,3.1702E+18,3,3,55,22,2017,2,16,5,3,2,6,0,1,0,0,1,0,0,5.94439E+20,5.90114E+21,1.04155E+16,5.32511E+16
127502,3.1702E+18,3,3,51,6,2017,2,11,5,3,5,3,0,1,0,0,1,0,0,5.72139E+20,5.83148E+21,1.00658E+16,5.26285E+16
127503,3.1702E+18,3,2,41,1,2017,2,10,5,3,2,6,0,1,0,0,0,0,0,5.49936E+20,5.80157E+21,9.73333E+15,5.23622E+16
127504,3.1702E+18,3,2,41,1,2017,2,16,5,3,6,4,0,1,1,0,0,2,0,5.55711E+20,5.80181E+21,9.81817E+15,5.23637E+16
127505,3.1702E+18,3,2,41,12,2017,2,16,5,3,5,3,1,1,0,0,0,0,0,5.30446E+20,5.81751E+21,9.44858E+15,5.25069E+16
127506,3.1702E+18,3,2,41,1,2017,2,13,5,3,4,6,0,1,0,0,0,0,0,5.53875E+20,5.80603E+21,9.79189E+15,5.24019E+16
127507,3.1702E+18,3,1,55,11,2017,2,14,5,3,2,2,0,1,0,0,0,0,1,5.68799E+20,5.72905E+21,9.99572E+15,5.17082E+16
127508,3.1702E+18,3,2,52,8,2017,2,10,5,3,2,6,0,1,0,0,0,0,0,5.41165E+20,5.7706E+21,9.60077E+15,5.20844E+16
127509,3.1702E+18,3,1,59,7,2017,2,8,5,3,1,5,0,1,0,0,0,0,0,5.6058E+20,5.71532E+21,9.8744E+15,5.15857E+16
127510,3.1702E+18,3,1,59,29,2017,2,15,5,3,5,3,0,1,0,0,0,0,0,5.63079E+20,5.70682E+21,9.90894E+15,5.1509E+16
127511,3.1702E+18,3,1,59,16,2017,2,7,5,2,5,3,1,1,0,0,0,2,1,5.6522E+20,5.70911E+21,9.94021E+15,5.15294E+16
127512,3.1702E+18,3,1,58,37,2017,2,10,5,3,5,3,0,1,0,0,0,0,0,6.05368E+20,5.78123E+21,1.05408E+16,5.21715E+16
127513,3.1702E+18,3,1,2,0,2017,2,18,5,3,5,3,0,1,0,0,0,2,1,5.99948E+20,5.78347E+21,1.04622E+16,5.21927E+16
127514,3.1702E+18,3,1,51,36,2017,2,6,5,3,8,1,0,1,0,0,0,2,0,6.09065E+20,5.83003E+21,1.06107E+16,5.26093E+16
127515,3.1702E+18,3,1,1,0,2017,2,14,5,3,2,2,0,1,0,0,0,0,1,6.04136E+20,5.79322E+21,1.05265E+16,5.22795E+16
127516,3.1702E+18,3,4,4,0,2017,2,13,4,3,2,7,1,1,0,0,0,0,0,4.3291E+20,5.79173E+21,8.01675E+15,5.22719E+16
127517,3.1702E+18,3,4,54,47,2017,2,17,4,3,6,4,0,1,1,0,0,0,0,4.00512E+20,5.85549E+21,7.52296E+15,5.284E+16
127518,3.1702E+18,3,4,60,2,2017,2,7,4,3,2,6,0,1,0,0,0,1,0,4.45212E+20,5.81955E+21,8.19247E+15,5.25233E+16
127519,3.1702E+18,3,4,53,11,2017,2,7,4,2,5,3,0,1,0,0,0,2,1,4.17456E+20,5.84487E+21,7.77713E+15,5.27474E+16
127520,3.1702E+18,3,4,53,11,2017,2,7,4,3,5,3,1,1,0,0,0,2,0,4.161E+20,5.84368E+21,7.75735E+15,5.27365E+16
127521,3.1702E+18,3,4,3,0,2017,2,15,4,3,5,3,1,1,0,0,0,0,0,4.47415E+20,5.88922E+21,8.21371E+15,5.31497E+16
127522,3.1702E+18,3,4,1,0,2017,2,7,4,3,5,2,0,1,1,0,0,2,1,4.73603E+20,5.87743E+21,8.60624E+15,5.30458E+16
127523,3.1702E+18,3,3,57,39,2017,2,7,4,3,0,5,1,1,0,0,0,1,1,5.26829E+20,5.88443E+21,9.40078E+15,5.31086E+16
127524,3.1702E+18,3,2,41,1,2017,2,21,4,2,5,2,1,1,0,0,0,2,0,5.4717E+20,5.80587E+21,9.69333E+15,5.24011E+16
127525,3.1702E+18,3,2,41,1,2017,2,12,4,3,2,6,0,1,0,0,1,0,0,5.50646E+20,5.8035E+21,9.74404E+15,5.23794E+16
127526,3.1702E+18,3,2,57,35,2017,2,13,4,3,5,3,0,1,0,0,0,0,0,5.12673E+20,5.79749E+21,9.18596E+15,5.23276E+16
127527,3.1702E+18,3,2,56,22,2017,2,18,4,3,2,6,0,1,0,0,0,2,1,5.15426E+20,5.83164E+21,9.22794E+15,5.26346E+16
127528,3.1702E+18,3,2,52,5,2017,2,5,4,3,4,2,0,1,0,0,0,2,0,5.26546E+20,5.76586E+21,9.38704E+15,5.20427E+16
127529,3.1702E+18,3,1,2,0,2017,2,22,4,3,6,7,0,1,1,0,0,2,1,5.98381E+20,5.78186E+21,1.04388E+16,5.21785E+16
127530,3.1702E+18,3,1,1,0,2017,2,17,4,3,2,6,0,1,0,0,0,1,0,6.00953E+20,5.79264E+21,1.04797E+16,5.22749E+16
127531,3.17013E+18,3,4,56,15,2017,1,14,3,3,6,7,0,1,1,0,0,0,0,3.68265E+20,5.8081E+21,7.06336E+15,5.24073E+16
127532,3.17013E+18,3,4,54,35,2017,1,19,3,3,5,2,1,1,0,0,0,2,0,3.8459E+20,5.8396E+21,7.29227E+15,5.2694E+16
127533,3.17013E+18,3,4,52,1,2017,1,15,3,3,5,3,1,1,0,0,0,0,1,3.99243E+20,5.92514E+21,7.48221E+15,5.34656E+16
127534,3.17013E+18,3,3,56,5,2017,1,8,3,3,5,3,1,1,0,0,0,0,1,4.94542E+20,5.89067E+21,8.91836E+15,5.31654E+16
127535,3.17013E+18,3,2,51,41,2017,1,9,3,3,9,1,0,1,0,0,0,0,1,4.87608E+20,5.86546E+21,8.81561E+15,5.29386E+16
127536,3.17013E+18,3,4,61,7,2017,1,9,3,2,9,1,0,0,0,0,1,0,1,4.65375E+20,5.93036E+21,8.47775E+15,5.3521E+16
127537,3.17013E+18,3,3,53,26,2017,1,19,3,3,0,2,1,1,0,0,0,2,0,5.53129E+20,5.92424E+21,9.80029E+15,5.34645E+16
127538,3.17013E+18,3,3,59,13,2017,1,15,3,3,5,3,0,1,0,0,0,0,1,5.26001E+20,5.95105E+21,9.39391E+15,5.37075E+16
127539,3.17013E+18,3,3,51,6,2017,1,17,3,3,4,2,0,1,0,0,0,2,0,5.70833E+20,5.83172E+21,1.00466E+16,5.26309E+16
127540,3.17013E+18,3,2,41,1,2017,1,12,3,3,5,3,1,1,0,0,0,0,1,5.48993E+20,5.80335E+21,9.71974E+15,5.23782E+16
127541,3.17013E+18,3,2,41,1,2017,1,11,3,3,2,6,0,1,0,0,1,0,1,5.48748E+20,5.80156E+21,9.71588E+15,5.23622E+16
127542,3.17013E+18,3,2,41,1,2017,1,14,3,3,6,4,0,1,1,0,0,0,0,5.50056E+20,5.80434E+21,9.73551E+15,5.23871E+16
127543,3.17013E+18,3,1,55,13,2017,1,7,3,3,6,4,0,1,1,0,0,1,1,5.66314E+20,5.74556E+21,9.96291E+15,5.18569E+16
127544,3.17013E+18,3,2,57,9,2017,1,17,3,3,2,6,0,1,0,0,0,2,1,5.03735E+20,5.79013E+21,9.05473E+15,5.22616E+16
127545,3.17013E+18,3,2,56,22,2017,1,10,3,3,2,6,0,1,0,0,0,0,1,5.14568E+20,5.83286E+21,9.21532E+15,5.26455E+16
127546,3.17013E+18,3,2,52,6,2017,1,10,3,3,2,6,0,1,0,1,0,0,1,5.2515E+20,5.77244E+21,9.36718E+15,5.2102E+16
127547,3.17013E+18,3,1,59,16,2017,1,6,3,3,5,3,1,1,0,0,0,2,2,5.6196E+20,5.71025E+21,9.89343E+15,5.15399E+16
127548,3.17013E+18,3,4,57,13,2017,1,17,2,3,5,3,1,1,0,0,0,2,1,3.99244E+20,5.90011E+21,7.4902E+15,5.32407E+16
127549,3.17013E+18,3,4,54,41,2017,1,13,2,3,5,7,0,1,0,0,0,0,1,3.90825E+20,5.88379E+21,7.36965E+15,5.30924E+16
127550,3.17013E+18,3,4,56,9,2017,1,13,2,2,5,3,0,1,0,0,0,0,1,3.6378E+20,5.8272E+21,6.98966E+15,5.25777E+16
127551,3.17013E+18,3,4,56,17,2017,1,6,2,1,5,3,1,0,0,0,1,2,1,3.6662E+20,5.82219E+21,7.03356E+15,5.25334E+16
127552,3.17013E+18,3,4,53,2,2017,1,11,2,3,5,3,0,1,0,0,0,0,1,4.29624E+20,5.87348E+21,7.95118E+15,5.30062E+16
127553,3.17013E+18,3,4,60,6,2017,1,11,2,3,5,3,1,1,0,0,0,0,1,4.48614E+20,5.83488E+21,8.24023E+15,5.26614E+16
127554,3.17013E+18,3,4,53,6,2017,1,6,2,3,5,3,0,1,0,1,0,2,1,4.28762E+20,5.8424E+21,7.94513E+15,5.27268E+16
127555,3.17013E+18,3,4,5,0,2017,1,14,2,3,5,2,1,1,0,0,0,0,1,4.4085E+20,5.93036E+21,8.10788E+15,5.35188E+16
127556,3.17013E+18,3,4,58,5,2017,1,7,2,3,2,6,0,1,0,0,0,0,1,4.68819E+20,5.87581E+21,8.53505E+15,5.30309E+16
127557,3.17013E+18,3,4,1,0,2017,1,15,2,3,5,3,0,1,0,0,0,0,1,4.75657E+20,5.87806E+21,8.63683E+15,5.30515E+16
127558,3.17013E+18,3,3,59,38,2017,1,17,2,3,4,2,0,1,0,0,0,2,1,5.31665E+20,5.93931E+21,9.47852E+15,5.36016E+16
127559,3.17013E+18,3,3,59,38,2017,1,13,2,3,2,6,0,1,0,0,0,0,1,5.3066E+20,5.93773E+21,9.46317E+15,5.35875E+16
127560,3.17013E+18,3,3,57,21,2017,1,17,2,3,8,1,0,1,0,0,0,2,1,5.25787E+20,5.90499E+21,9.38688E+15,5.32935E+16
127561,3.17013E+18,3,2,41,1,2017,1,18,2,3,6,2,0,1,1,0,0,2,1,5.45776E+20,5.80555E+21,9.67278E+15,5.23983E+16
127562,3.17013E+18,3,2,41,1,2017,1,11,2,3,0,2,1,0,0,0,1,0,1,5.51158E+20,5.80125E+21,9.75122E+15,5.23592E+16
127563,3.17013E+18,3,2,41,1,2017,1,19,2,3,0,6,0,1,0,0,0,2,1,5.51168E+20,5.80695E+21,9.75224E+15,5.24104E+16
127564,3.17013E+18,3,2,41,1,2017,1,21,2,3,1,7,0,1,0,0,0,2,0,5.50643E+20,5.80365E+21,9.74402E+15,5.23807E+16
127565,3.17013E+18,3,2,41,1,2017,1,18,2,3,6,7,0,1,1,0,0,2,1,5.50219E+20,5.80454E+21,9.73793E+15,5.23888E+16
127566,3.17013E+18,3,2,41,1,2017,1,16,2,3,6,4,0,1,1,0,0,1,1,5.52543E+20,5.80531E+21,9.77219E+15,5.23955E+16
127567,3.17013E+18,3,2,41,1,2017,1,18,2,3,5,2,1,1,0,0,0,2,1,5.5103E+20,5.80497E+21,9.74992E+15,5.23926E+16
127568,3.17013E+18,3,2,41,1,2017,1,12,2,2,6,4,0,1,1,0,0,0,1,5.50222E+20,5.80272E+21,9.73771E+15,5.23725E+16
127569,3.17013E+18,3,2,41,1,2017,1,5,2,1,6,4,0,1,1,0,0,2,1,5.45594E+20,5.80072E+21,9.66946E+15,5.23548E+16
127570,3.17013E+18,3,2,56,22,2017,1,15,2,2,3,6,0,1,0,0,0,0,1,5.14166E+20,5.83279E+21,9.20937E+15,5.26449E+16
127571,3.17013E+18,3,2,54,17,2017,1,19,2,2,6,2,0,1,1,0,0,2,1,5.6267E+20,5.7838E+21,9.917E+15,5.22011E+16
127572,3.17013E+18,3,2,54,21,2017,1,20,2,2,5,3,0,1,0,0,0,2,1,5.65639E+20,5.77812E+21,9.95935E+15,5.21496E+16
127573,3.17013E+18,3,1,54,10,2017,1,11,2,3,2,2,0,1,0,0,0,0,1,6.36441E+20,5.7884E+21,1.09978E+16,5.22291E+16
127574,3.17013E+18,3,1,57,6,2017,1,21,2,3,4,2,0,1,0,0,0,2,1,5.84277E+20,5.79666E+21,1.02363E+16,5.23138E+16
127575,3.17013E+18,3,1,57,6,2017,1,18,2,3,5,3,0,1,0,0,0,2,1,5.80383E+20,5.79921E+21,1.01798E+16,5.23373E+16
127576,3.17013E+18,3,1,53,7,2017,1,10,2,3,5,2,0,1,0,0,0,0,1,5.91644E+20,5.75524E+21,1.03332E+16,5.19403E+16