OBJECTID,UIDENTSTLA,ULAND,UREGBEZ,UKREIS,UGEMEINDE,UJAHR,UMONAT,USTUNDE,UWOCHENTAG,UKATEGORIE,UART,UTYP1,IstRad,IstPKW,IstFuss,IstKrad,IstSonstig,LICHT,STRZUSTAND,LINREFX,LINREFY,XGCSWGS84,YGCSWGS84
128098,3.17022E+18,3,4,62,18,2017,2,15,3,3,5,3,0,1,0,1,0,0,0,3.98272E+20,5.93736E+21,7.46362E+15,5.35752E+16
128099,3.17022E+18,3,4,62,19,2017,2,17,3,3,5,3,1,1,0,0,0,0,0,4.14519E+20,5.93915E+21,7.70843E+15,5.35942E+16
128100,3.17022E+18,3,4,52,1,2017,2,14,3,3,6,7,0,1,1,0,0,0,0,4.00344E+20,5.92464E+21,7.49894E+15,5.34614E+16
128101,3.17022E+18,3,4,51,2,2017,2,16,3,3,4,2,0,1,0,0,0,0,0,4.34675E+20,5.89289E+21,8.02249E+15,5.31813E+16
128102,3.17022E+18,3,4,3,0,2017,2,12,3,3,5,3,1,1,0,0,0,0,0,4.47308E+20,5.88879E+21,8.21219E+15,5.31459E+16
128103,3.17022E+18,3,4,3,0,2017,2,7,3,3,1,5,1,1,0,0,0,0,0,4.4586E+20,5.88845E+21,8.19059E+15,5.31427E+16
128104,3.17022E+18,3,3,53,40,2017,2,7,3,3,5,3,1,1,0,0,0,0,1,5.8032E+20,5.91215E+21,1.02067E+16,5.33523E+16
128105,3.17022E+18,3,2,41,1,2017,2,8,3,3,3,6,0,1,0,0,0,0,1,5.453E+20,5.80745E+21,9.66605E+15,5.24154E+16
128106,3.17022E+18,3,2,41,1,2017,2,15,3,3,3,6,0,1,0,0,0,0,0,5.47866E+20,5.80236E+21,9.70305E+15,5.23694E+16
128107,3.17022E+18,3,2,41,1,2017,2,8,3,3,0,3,1,1,0,0,0,0,0,5.50416E+20,5.80566E+21,9.74099E+15,5.23989E+16
128108,3.17022E+18,3,2,41,1,2017,2,16,3,2,5,2,1,1,0,0,0,0,0,5.52136E+20,5.8038E+21,9.76598E+15,5.2382E+16
128109,3.17022E+18,3,2,41,11,2017,2,11,3,3,4,2,0,1,0,0,0,0,0,5.65455E+20,5.80481E+21,9.96183E+15,5.23896E+16
128110,3.17022E+18,3,2,41,1,2017,2,11,3,3,5,3,1,1,0,0,0,0,0,5.5082E+20,5.80147E+21,9.7463E+15,5.23612E+16
128111,3.17022E+18,3,1,2,0,2017,2,22,3,3,2,6,0,1,0,0,0,2,0,5.92936E+20,5.76697E+21,1.03552E+16,5.20456E+16
128112,3.17022E+18,3,1,57,6,2017,2,9,3,3,5,3,0,1,0,0,0,0,1,5.85068E+20,5.79767E+21,1.02482E+16,5.23228E+16
128113,3.17022E+18,3,1,53,2,2017,2,16,3,3,6,7,0,1,1,0,0,0,0,6.06997E+20,5.74936E+21,1.05546E+16,5.18848E+16
128114,3.17022E+18,3,1,51,9,2017,2,13,3,3,4,1,1,1,0,0,0,0,0,6.05086E+20,5.81456E+21,1.05471E+16,5.24711E+16
128115,3.17022E+18,3,1,51,9,2017,2,12,3,3,5,3,0,1,0,0,0,0,1,6.05405E+20,5.81549E+21,1.05521E+16,5.24794E+16
128116,3.17022E+18,3,1,1,0,2017,2,22,3,3,0,7,0,0,0,0,1,2,0,6.05502E+20,5.78863E+21,1.0545E+16,5.22379E+16
128117,3.17022E+18,3,1,1,0,2017,2,17,3,2,6,4,0,1,1,0,0,0,0,6.02107E+20,5.79034E+21,1.04959E+16,5.2254E+16
128118,3.17022E+18,3,1,1,0,2017,2,15,3,3,2,6,0,1,0,0,0,0,1,6.04003E+20,5.79272E+21,1.05244E+16,5.2275E+16
128119,3.17022E+18,3,4,59,12,2017,2,18,2,3,3,2,1,0,0,0,1,2,1,4.42842E+20,5.78782E+21,8.16295E+15,5.22378E+16
128120,3.17022E+18,3,4,4,0,2017,2,11,2,3,0,1,1,0,0,0,0,0,1,4.36173E+20,5.79407E+21,8.06412E+15,5.22933E+16
128121,3.17022E+18,3,4,54,47,2017,2,12,2,3,6,4,0,1,1,0,0,0,0,4.00997E+20,5.85539E+21,7.53019E+15,5.28391E+16
128122,3.17022E+18,3,4,52,7,2017,2,13,2,3,8,7,0,1,0,0,0,0,1,3.93045E+20,5.93904E+21,7.38414E+15,5.35892E+16
128123,3.17022E+18,3,4,60,2,2017,2,22,2,3,8,1,0,1,0,0,0,2,1,4.498E+20,5.81946E+21,8.26011E+15,5.2523E+16
128124,3.17022E+18,3,4,60,9,2017,2,15,2,3,5,2,0,1,0,1,0,0,1,4.51796E+20,5.84096E+21,8.28639E+15,5.27164E+16
128125,3.17022E+18,3,4,53,9,2017,2,8,2,2,9,1,0,1,0,0,0,0,1,4.25094E+20,5.85028E+21,7.88903E+15,5.27971E+16
128126,3.17022E+18,3,4,55,7,2017,2,13,2,3,4,2,1,1,0,0,0,0,1,4.27515E+20,5.93622E+21,7.90543E+15,5.35698E+16
128127,3.17022E+18,3,4,5,0,2017,2,10,2,3,5,3,1,1,0,0,0,0,1,4.40825E+20,5.93409E+21,8.10679E+15,5.35524E+16
128128,3.17022E+18,3,4,3,0,2017,2,13,2,3,6,4,1,0,1,0,0,0,1,4.47949E+20,5.88837E+21,8.22183E+15,5.31422E+16
128129,3.17022E+18,3,4,3,0,2017,2,10,2,2,2,6,0,1,0,0,0,0,1,4.47235E+20,5.88767E+21,8.21127E+15,5.31358E+16
128130,3.17022E+18,3,4,61,7,2017,2,7,2,3,6,3,0,1,1,0,0,1,0,4.65158E+20,5.92654E+21,8.47491E+15,5.34866E+16
128131,3.17022E+18,3,4,61,7,2017,2,6,2,3,5,2,0,1,0,1,0,2,1,4.65964E+20,5.92748E+21,8.48694E+15,5.34951E+16
128132,3.17022E+18,3,3,53,26,2017,2,17,2,3,6,4,0,1,1,0,0,1,1,5.52012E+20,5.92435E+21,9.78348E+15,5.34656E+16
128133,3.17022E+18,3,3,53,40,2017,2,19,2,3,5,3,1,1,0,0,0,2,1,5.80267E+20,5.91256E+21,1.0206E+16,5.33561E+16
128134,3.17022E+18,3,3,55,22,2017,2,12,2,3,0,6,1,1,0,0,0,0,1,5.94859E+20,5.90114E+21,1.04218E+16,5.3251E+16
128135,3.17022E+18,3,3,55,22,2017,2,14,2,3,2,6,0,1,0,0,1,0,1,5.94443E+20,5.90109E+21,1.04155E+16,5.32506E+16
128136,3.17022E+18,3,2,41,9,2017,2,15,2,3,5,3,1,1,0,0,0,0,1,5.55359E+20,5.79491E+21,9.81186E+15,5.23018E+16
128137,3.17022E+18,3,2,41,1,2017,2,10,2,3,6,4,0,1,1,0,0,0,0,5.50191E+20,5.80252E+21,9.73722E+15,5.23706E+16
128138,3.17022E+18,3,2,41,5,2017,2,11,2,3,8,1,0,1,0,0,0,0,1,5.41552E+20,5.80909E+21,9.61116E+15,5.24305E+16
128139,3.17022E+18,3,2,41,11,2017,2,14,2,3,5,3,1,1,0,0,0,0,1,5.65682E+20,5.80341E+21,9.9649E+15,5.2377E+16
128140,3.17022E+18,3,2,41,11,2017,2,5,2,3,0,6,1,1,0,0,0,2,1,5.66999E+20,5.80477E+21,9.98452E+15,5.23891E+16
128141,3.17022E+18,3,2,41,1,2017,2,18,2,3,5,3,0,1,0,0,0,2,1,5.44356E+20,5.80745E+21,9.65217E+15,5.24155E+16
128142,3.17022E+18,3,2,41,1,2017,2,12,2,3,6,4,0,1,1,0,0,0,1,5.50012E+20,5.80284E+21,9.73464E+15,5.23735E+16
128143,3.17022E+18,3,2,41,1,2017,2,2,2,3,0,6,1,1,0,0,0,2,1,5.48076E+20,5.80049E+21,9.70586E+15,5.23526E+16
128144,3.17022E+18,3,2,57,20,2017,2,18,2,3,0,7,1,0,0,0,0,2,0,5.19506E+20,5.80047E+21,9.2864E+15,5.23542E+16
128145,3.1703E+18,3,4,54,44,2017,3,16,5,3,0,2,0,1,0,0,0,0,1,3.81202E+20,5.88116E+21,7.227E+15,5.30667E+16
128146,3.17032E+18,3,2,52,3,2017,3,12,4,3,5,3,1,1,0,0,0,0,0,5.17841E+20,5.75933E+21,9.25979E+15,5.19843E+16
128147,3.17032E+18,3,2,52,2,2017,3,13,4,2,5,2,0,1,0,1,0,0,0,5.28773E+20,5.78745E+21,9.42135E+15,5.22367E+16
128148,3.17032E+18,3,1,59,16,2017,3,9,4,2,0,7,0,0,0,0,1,0,0,5.64377E+20,5.71043E+21,9.9283E+15,5.15413E+16
128149,3.17032E+18,3,1,54,10,2017,3,18,4,3,5,3,0,1,0,1,0,1,0,6.37675E+20,5.78791E+21,1.10156E+16,5.22244E+16
128150,3.17032E+18,3,1,3,0,2017,3,22,4,3,6,4,0,1,1,0,0,2,0,6.2329E+20,5.81118E+21,1.08137E+16,5.24369E+16
128151,3.17032E+18,3,1,1,0,2017,3,8,4,3,0,2,0,1,1,0,0,0,0,6.02834E+20,5.79135E+21,1.05068E+16,5.2263E+16
128152,3.17031E+18,3,4,59,8,2017,3,11,3,3,5,3,1,1,0,0,0,0,0,4.40238E+20,5.79519E+21,8.12352E+15,5.23038E+16
128153,3.17031E+18,3,4,59,8,2017,3,15,3,3,5,3,1,0,0,0,1,0,0,4.40538E+20,5.79466E+21,8.12802E+15,5.22991E+16
128154,3.17031E+18,3,4,4,0,2017,3,11,3,3,2,6,0,1,0,0,0,0,0,4.32076E+20,5.79294E+21,8.00429E+15,5.22826E+16
128155,3.17031E+18,3,4,52,8,2017,3,10,3,3,4,7,0,1,0,0,0,0,0,3.85125E+20,5.94119E+21,7.26375E+15,5.36069E+16
128156,3.17031E+18,3,4,52,19,2017,3,16,3,3,6,4,0,1,1,0,0,0,0,3.82394E+20,5.94103E+21,7.22254E+15,5.36049E+16
128157,3.17031E+18,3,4,51,5,2017,3,11,3,3,5,3,1,1,0,0,0,0,0,4.46072E+20,5.90012E+21,8.19178E+15,5.32476E+16
128158,3.17031E+18,3,4,3,0,2017,3,10,3,3,5,3,1,1,0,0,0,0,0,4.46237E+20,5.89016E+21,8.19593E+15,5.31581E+16
128159,3.17031E+18,3,3,58,2,2017,3,20,3,2,9,1,0,1,0,0,0,2,0,5.69952E+20,5.88726E+21,1.00455E+16,5.31301E+16
128160,3.17031E+18,3,2,41,1,2017,3,12,3,3,2,2,0,1,0,0,0,0,0,5.47197E+20,5.79958E+21,9.69283E+15,5.23445E+16
128161,3.17031E+18,3,2,41,1,2017,3,15,3,3,2,6,0,1,0,0,0,0,0,5.5064E+20,5.80103E+21,9.74359E+15,5.23572E+16
128162,3.17031E+18,3,2,41,1,2017,3,20,3,3,5,2,1,1,0,0,0,2,0,5.58129E+20,5.80491E+21,9.85421E+15,5.23913E+16
128163,3.17031E+18,3,2,41,6,2017,3,15,3,3,5,3,1,1,0,0,0,0,0,5.41123E+20,5.79613E+21,9.60325E+15,5.2314E+16
128164,3.17031E+18,3,1,59,36,2017,3,22,3,3,9,1,0,1,0,0,0,2,0,6.1046E+20,5.71836E+21,1.05951E+16,5.16055E+16
128165,3.17031E+18,3,1,59,16,2017,3,12,3,2,5,3,0,0,0,1,1,0,0,5.65946E+20,5.70888E+21,9.95063E+15,5.15272E+16
128166,3.17031E+18,3,1,2,0,2017,3,17,3,3,6,6,0,1,1,0,0,0,0,5.94303E+20,5.76733E+21,1.03752E+16,5.20485E+16
128167,3.17031E+18,3,1,1,0,2017,3,18,3,3,5,3,1,1,0,0,1,0,0,6.05186E+20,5.79229E+21,1.05416E+16,5.22709E+16
128168,3.17031E+18,3,1,1,0,2017,3,17,3,3,5,3,1,1,0,0,0,0,0,6.04816E+20,5.79071E+21,1.05357E+16,5.22568E+16
128169,3.17031E+18,3,1,1,0,2017,3,15,3,3,2,6,1,0,0,0,0,0,0,6.03734E+20,5.79177E+21,1.05201E+16,5.22665E+16
128170,3.17031E+18,3,1,1,0,2017,3,11,3,2,9,7,0,0,0,1,0,0,0,6.04604E+20,5.79079E+21,1.05326E+16,5.22576E+16
128171,3.17031E+18,3,4,4,0,2017,3,7,2,3,5,3,1,0,0,0,0,0,0,4.34256E+20,5.79312E+21,8.0362E+15,5.22845E+16
128172,3.17031E+18,3,4,4,0,2017,3,8,2,3,5,3,1,0,0,0,0,0,0,4.3545E+20,5.79173E+21,8.05397E+15,5.22721E+16
128173,3.17031E+18,3,4,56,15,2017,3,13,2,2,5,7,0,1,0,0,1,0,0,3.68521E+20,5.81094E+21,7.06601E+15,5.24328E+16
128174,3.17031E+18,3,4,54,32,2017,3,7,2,3,5,3,1,1,0,0,0,0,0,3.85983E+20,5.82106E+21,7.31927E+15,5.25277E+16
128175,3.17031E+18,3,3,61,1,2017,3,15,2,3,5,3,1,1,0,0,0,0,0,5.02148E+20,5.87415E+21,9.03203E+15,5.30169E+16
128176,3.17031E+18,3,4,3,0,2017,3,13,2,3,9,7,0,1,0,0,0,0,0,4.46453E+20,5.88568E+21,8.19992E+15,5.31178E+16
128177,3.17031E+18,3,4,3,0,2017,3,11,2,3,2,6,0,1,0,0,0,0,0,4.47509E+20,5.88853E+21,8.21523E+15,5.31436E+16
128178,3.17031E+18,3,3,57,57,2017,3,4,2,3,0,1,1,0,0,0,1,2,0,5.18094E+20,5.90815E+21,9.27164E+15,5.33222E+16
128179,3.17031E+18,3,3,57,8,2017,3,16,2,3,4,2,0,1,0,0,0,0,0,5.09611E+20,5.92613E+21,9.14484E+15,5.3484E+16
128180,3.17031E+18,3,2,41,1,2017,3,16,2,3,5,3,0,1,0,0,0,0,0,5.43751E+20,5.80742E+21,9.64327E+15,5.24152E+16
128181,3.17031E+18,3,2,41,1,2017,3,12,2,3,5,3,1,0,0,0,0,0,0,5.49012E+20,5.80137E+21,9.71973E+15,5.23604E+16
128182,3.17031E+18,3,2,41,1,2017,3,17,2,3,4,2,0,1,0,0,0,1,0,5.51241E+20,5.80555E+21,9.75311E+15,5.23978E+16
128183,3.17031E+18,3,2,41,1,2017,3,11,2,3,2,6,0,1,0,0,0,0,0,5.49703E+20,5.80299E+21,9.73012E+15,5.23749E+16
128184,3.17031E+18,3,2,41,6,2017,3,7,2,3,5,3,0,1,0,0,0,0,0,5.41049E+20,5.79618E+21,9.60217E+15,5.23144E+16
128185,3.17031E+18,3,2,41,10,2017,3,21,2,3,6,2,0,1,1,0,0,2,0,5.5116E+20,5.80964E+21,9.75254E+15,5.24345E+16
128186,3.17031E+18,3,2,41,4,2017,3,16,2,3,5,3,1,1,0,0,0,0,0,5.58E+20,5.81609E+21,9.85426E+15,5.24918E+16
128187,3.17031E+18,3,2,41,3,2017,3,11,2,3,5,3,1,1,0,0,0,0,0,5.68479E+20,5.81119E+21,1.00076E+16,5.24466E+16
128188,3.17031E+18,3,2,41,1,2017,3,16,2,3,5,2,1,1,0,0,0,0,0,5.52784E+20,5.80177E+21,9.77518E+15,5.23637E+16
128189,3.17031E+18,3,2,41,1,2017,3,16,2,3,2,6,0,1,0,0,0,0,0,5.45888E+20,5.80547E+21,9.67442E+15,5.23976E+16
128190,3.17031E+18,3,2,41,21,2017,3,15,2,2,1,5,1,1,0,0,0,0,0,5.29344E+20,5.80759E+21,9.43148E+15,5.24178E+16
128191,3.17031E+18,3,1,59,19,2017,3,17,2,3,5,3,0,1,0,0,0,0,0,5.93532E+20,5.72358E+21,1.03521E+16,5.16554E+16
128192,3.17031E+18,3,2,54,21,2017,3,15,2,3,1,5,1,1,0,0,0,0,0,5.64456E+20,5.77809E+21,9.94206E+15,5.21496E+16
128193,3.17031E+18,3,2,54,21,2017,3,7,2,3,5,3,1,1,0,0,0,0,0,5.64478E+20,5.77908E+21,9.94256E+15,5.21584E+16
128194,3.17031E+18,3,1,3,0,2017,3,10,2,3,6,4,1,0,1,0,0,0,0,6.21579E+20,5.80966E+21,1.0788E+16,5.24236E+16
128195,3.17031E+18,3,1,58,37,2017,3,12,2,2,5,3,1,1,0,0,0,0,0,6.04052E+20,5.77963E+21,1.05211E+16,5.21573E+16
128196,3.17031E+18,3,1,57,6,2017,3,13,2,3,5,3,1,1,0,0,0,0,0,5.8415E+20,5.79832E+21,1.02349E+16,5.23288E+16
128197,3.17031E+18,3,1,1,0,2017,3,7,2,3,5,2,1,1,0,0,0,0,0,6.05114E+20,5.79043E+21,1.05399E+16,5.22542E+16
128198,3.17031E+18,3,1,1,0,2017,3,12,2,3,0,7,0,0,0,0,1,0,0,6.0416E+20,5.79165E+21,1.05263E+16,5.22653E+16
128199,3.17031E+18,3,4,56,15,2017,3,16,1,3,5,3,1,1,0,0,0,0,0,3.68252E+20,5.81131E+21,7.0619E+15,5.24361E+16
128200,3.17031E+18,3,4,54,32,2017,3,18,1,3,5,3,0,1,0,0,0,0,0,3.85077E+20,5.81832E+21,7.30687E+15,5.25029E+16
128201,3.17031E+18,3,4,5,0,2017,3,13,1,3,5,3,0,1,0,0,0,0,0,4.41898E+20,5.92939E+21,8.12386E+15,5.35102E+16
128202,3.17031E+18,3,4,3,0,2017,3,18,1,3,5,2,1,1,0,0,0,0,0,4.46046E+20,5.88738E+21,8.19355E+15,5.31331E+16
128203,3.17031E+18,3,3,53,5,2017,3,16,1,3,4,6,0,1,0,1,0,0,0,5.57207E+20,5.90839E+21,9.85883E+15,5.33216E+16
128204,3.17031E+18,3,2,54,26,2017,3,18,1,3,6,6,0,1,1,0,0,0,0,5.52608E+20,5.77727E+21,9.76879E+15,5.21434E+16
128205,3.17031E+18,3,1,54,10,2017,3,14,1,3,0,5,1,1,0,0,0,0,0,6.36555E+20,5.78957E+21,1.09999E+16,5.22396E+16
128206,3.17031E+18,3,1,58,37,2017,3,15,1,3,5,3,0,1,0,0,0,0,0,6.0658E+20,5.78159E+21,1.05586E+16,5.21745E+16
128207,3.17031E+18,3,1,53,17,2017,3,13,1,3,2,2,0,1,0,0,0,0,0,5.97488E+20,5.7546E+21,1.0418E+16,5.19336E+16
128208,3.17031E+18,3,1,53,17,2017,3,18,1,2,8,1,0,1,0,0,0,2,0,5.9829E+20,5.75181E+21,1.04289E+16,5.19083E+16
128209,3.17031E+18,3,1,51,13,2017,3,16,1,3,4,5,1,1,0,0,0,0,0,6.0754E+20,5.8104E+21,1.05818E+16,5.24332E+16
128210,3.17031E+18,3,4,59,21,2017,3,15,7,2,0,7,0,0,0,0,1,0,0,4.28694E+20,5.78879E+21,7.95559E+15,5.22449E+16
128211,3.17031E+18,3,4,54,57,2017,3,14,7,2,5,3,0,1,0,1,0,0,0,4.11412E+20,5.8573E+21,7.68424E+15,5.28581E+16
128212,3.17031E+18,3,4,54,8,2017,3,9,7,3,5,3,1,1,0,0,0,0,0,3.87541E+20,5.86976E+21,7.32553E+15,5.29656E+16
128213,3.17031E+18,3,4,60,2,2017,3,15,7,3,5,3,0,1,0,0,0,0,0,4.45009E+20,5.81964E+21,8.18947E+15,5.25241E+16
128214,3.17031E+18,3,4,53,4,2017,3,0,7,3,5,2,0,1,0,0,0,2,0,4.3613E+20,5.85612E+21,8.05154E+15,5.28511E+16
128215,3.17031E+18,3,4,5,0,2017,3,12,7,3,5,3,1,1,0,0,0,0,0,4.40871E+20,5.93036E+21,8.10819E+15,5.35188E+16
128216,3.17031E+18,3,4,5,0,2017,3,5,7,3,8,1,0,1,0,0,0,2,0,4.38254E+20,5.93102E+21,8.0686E+15,5.35244E+16
128217,3.17031E+18,3,3,56,7,2017,3,16,7,2,5,5,0,1,0,1,0,0,0,4.85231E+20,5.89725E+21,8.77878E+15,5.32244E+16
128218,3.17031E+18,3,4,51,7,2017,3,11,7,3,5,3,1,1,0,0,0,0,0,4.28677E+20,5.90088E+21,7.93096E+15,5.32524E+16
128219,3.17031E+18,3,4,58,9,2017,3,15,7,3,8,6,0,1,0,1,0,0,0,4.57715E+20,5.87647E+21,8.36939E+15,5.30361E+16
128220,3.17031E+18,3,3,55,22,2017,3,8,7,3,5,3,1,1,0,0,0,0,0,5.93495E+20,5.90166E+21,1.04015E+16,5.3256E+16
128221,3.17031E+18,3,2,41,1,2017,3,10,7,3,5,3,1,0,0,1,0,0,0,5.45606E+20,5.80013E+21,9.66955E+15,5.23496E+16
128222,3.17031E+18,3,2,41,1,2017,3,15,7,3,2,6,0,1,0,0,1,0,0,5.49589E+20,5.80292E+21,9.72843E+15,5.23743E+16
128223,3.17031E+18,3,2,41,1,2017,3,18,7,2,0,7,1,0,0,0,0,1,0,5.54552E+20,5.80055E+21,9.80094E+15,5.23526E+16
128224,3.17031E+18,3,2,41,1,2017,3,5,7,3,8,1,0,1,0,0,0,2,0,5.50447E+20,5.80564E+21,9.74145E+15,5.23986E+16
128225,3.17031E+18,3,1,59,36,2017,3,12,7,3,9,1,0,1,0,0,0,0,0,6.13395E+20,5.71641E+21,1.06368E+16,5.15873E+16
128226,3.17031E+18,3,2,57,31,2017,3,19,7,3,6,6,0,1,1,0,0,2,0,5.05163E+20,5.78297E+21,9.07554E+15,5.21971E+16
128227,3.17031E+18,3,1,1,0,2017,3,17,7,3,5,3,0,1,0,1,0,0,0,6.03821E+20,5.79097E+21,1.05212E+16,5.22593E+16
128228,3.17031E+18,3,1,1,0,2017,3,9,7,2,6,7,1,0,1,0,0,0,0,6.02033E+20,5.79233E+21,1.04954E+16,5.22719E+16
128229,3.17031E+18,3,1,1,0,2017,3,2,7,2,2,6,1,1,0,0,0,2,0,6.0413E+20,5.79318E+21,1.05264E+16,5.22791E+16
128230,3.17031E+18,3,4,59,3,2017,3,6,6,3,5,3,0,1,0,0,0,1,1,4.58316E+20,5.79766E+21,8.38833E+15,5.23277E+16
128231,3.17031E+18,3,4,59,30,2017,3,22,6,3,2,6,0,0,0,1,0,2,0,4.2962E+20,5.83706E+21,7.95897E+15,5.26789E+16
128232,3.17031E+18,3,4,2,0,2017,3,7,6,3,5,2,1,1,0,0,0,0,0,3.80687E+20,5.91449E+21,7.20685E+15,5.3366E+16
128233,3.17031E+18,3,4,56,15,2017,3,10,6,3,4,2,1,1,0,0,0,0,0,3.69076E+20,5.81036E+21,7.07439E+15,5.24278E+16
128234,3.17031E+18,3,4,52,1,2017,3,14,6,3,5,3,1,1,0,0,0,0,0,3.9778E+20,5.9255E+21,7.46005E+15,5.34686E+16
128235,3.17031E+18,3,4,55,7,2017,3,7,6,3,5,2,1,0,0,0,1,0,0,4.27532E+20,5.93653E+21,7.90562E+15,5.35726E+16
128236,3.17031E+18,3,4,51,4,2017,3,10,6,3,5,3,1,1,0,0,0,0,0,4.32252E+20,5.88633E+21,7.98763E+15,5.31221E+16
128237,3.17031E+18,3,4,51,2,2017,3,7,6,3,5,3,1,0,0,0,0,1,0,4.3373E+20,5.89293E+21,8.00834E+15,5.31815E+16
128238,3.17031E+18,3,4,3,0,2017,3,8,6,3,5,3,1,1,0,0,0,0,0,4.44773E+20,5.88751E+21,8.17451E+15,5.31342E+16
128239,3.17031E+18,3,4,3,0,2017,3,13,6,3,5,3,1,1,0,0,0,0,0,4.48232E+20,5.8875E+21,8.22621E+15,5.31344E+16
128240,3.17031E+18,3,2,51,12,2017,3,14,6,3,5,2,1,1,0,0,0,0,0,4.57541E+20,5.82935E+21,8.37292E+15,5.26125E+16
128241,3.17031E+18,3,4,58,14,2017,3,7,6,3,5,3,1,0,0,0,0,1,0,4.61682E+20,5.86032E+21,8.43046E+15,5.28912E+16
128242,3.17031E+18,3,3,55,22,2017,3,11,6,2,0,5,1,1,0,0,0,0,0,5.94003E+20,5.90068E+21,1.04088E+16,5.32471E+16
128243,3.17031E+18,3,3,55,22,2017,3,13,6,3,5,3,1,1,0,0,0,0,0,5.94439E+20,5.90115E+21,1.04155E+16,5.32512E+16
128244,3.17031E+18,3,2,41,1,2017,3,3,6,3,5,2,1,1,0,0,0,2,1,5.50252E+20,5.80378E+21,9.7383E+15,5.2382E+16
128245,3.17031E+18,3,2,41,1,2017,3,10,6,3,5,3,0,1,0,0,1,0,0,5.5073E+20,5.80341E+21,9.74527E+15,5.23786E+16
128246,3.17031E+18,3,2,41,10,2017,3,11,6,3,6,4,0,1,1,0,0,0,0,5.49595E+20,5.8102E+21,9.7296E+15,5.24397E+16
128247,3.17031E+18,3,2,41,5,2017,3,15,6,2,2,2,0,1,0,1,0,0,0,5.42056E+20,5.8091E+21,9.61857E+15,5.24305E+16
128248,3.17031E+18,3,2,41,1,2017,3,15,6,3,6,4,0,1,1,0,0,0,0,5.50276E+20,5.80382E+21,9.73865E+15,5.23823E+16
128249,3.17031E+18,3,1,51,9,2017,3,12,6,2,5,3,0,1,0,0,0,0,0,6.03932E+20,5.81801E+21,1.05312E+16,5.25023E+16
128250,3.17031E+18,3,1,1,0,2017,3,13,6,3,5,3,0,1,0,0,1,0,0,6.05325E+20,5.79208E+21,1.05435E+16,5.2269E+16
128251,3.17031E+18,3,4,59,24,2017,3,17,5,3,6,4,0,1,1,0,0,0,1,4.54744E+20,5.784E+21,8.33775E+15,5.22046E+16
128252,3.17031E+18,3,4,59,10,2017,3,13,5,3,3,5,0,1,0,1,0,0,1,4.28738E+20,5.82313E+21,7.94894E+15,5.25536E+16
128253,3.17031E+18,3,4,4,0,2017,3,7,5,3,5,2,1,1,0,0,0,0,0,4.34441E+20,5.79485E+21,8.03859E+15,5.23001E+16
128254,3.17031E+18,3,4,2,0,2017,3,16,5,3,5,2,1,1,0,0,0,0,0,3.80371E+20,5.91483E+21,7.20197E+15,5.3369E+16
128255,3.17031E+18,3,4,57,24,2017,3,16,5,3,5,3,1,1,0,0,0,0,0,3.84279E+20,5.89362E+21,7.26841E+15,5.31793E+16
128256,3.17031E+18,3,4,56,15,2017,3,18,5,3,3,2,1,1,0,0,0,0,0,3.68264E+20,5.81121E+21,7.06212E+15,5.24352E+16
128257,3.17031E+18,3,4,54,35,2017,3,15,5,3,5,3,1,1,0,0,0,0,1,3.83726E+20,5.84032E+21,7.27924E+15,5.27003E+16
128258,3.17031E+18,3,4,54,49,2017,3,16,5,3,5,3,0,1,0,0,0,0,1,3.94671E+20,5.80061E+21,7.45374E+15,5.23456E+16
128259,3.17031E+18,3,3,61,12,2017,3,8,5,3,5,3,1,1,0,0,0,0,0,5.17435E+20,5.86398E+21,9.25934E+15,5.29252E+16
128260,3.17031E+18,3,3,59,38,2017,3,19,5,3,9,1,0,1,0,0,0,2,1,5.30703E+20,5.93715E+21,9.46376E+15,5.35823E+16
128261,3.17031E+18,3,3,55,1,2017,3,8,5,3,5,3,1,1,0,0,0,0,1,5.95492E+20,5.90354E+21,1.0432E+16,5.32725E+16
128262,3.17031E+18,3,3,51,6,2017,3,15,5,3,6,4,1,0,1,0,0,0,1,5.72934E+20,5.83114E+21,1.00775E+16,5.26253E+16
128263,3.17031E+18,3,2,41,1,2017,3,6,5,3,4,2,0,1,0,0,0,0,1,5.56045E+20,5.80409E+21,9.82346E+15,5.23842E+16
128264,3.17031E+18,3,2,41,1,2017,3,6,5,3,9,7,0,1,0,0,0,1,0,5.57291E+20,5.80131E+21,9.84129E+15,5.23591E+16
128265,3.17031E+18,3,2,41,1,2017,3,16,5,3,5,3,1,1,0,0,0,0,1,5.50103E+20,5.80813E+21,9.73676E+15,5.24211E+16
128266,3.17031E+18,3,2,41,1,2017,3,10,5,3,4,2,0,1,0,0,0,0,0,5.51951E+20,5.8058E+21,9.76357E+15,5.24E+16
128267,3.17031E+18,3,2,41,1,2017,3,13,5,3,3,2,1,0,0,0,0,0,0,5.49819E+20,5.80305E+21,9.73183E+15,5.23754E+16
128268,3.17031E+18,3,2,41,1,2017,3,15,5,3,5,2,0,1,0,0,0,0,1,5.5068E+20,5.80295E+21,9.74447E+15,5.23744E+16
128269,3.17031E+18,3,2,41,1,2017,3,13,5,3,5,2,1,1,0,0,0,0,1,5.49345E+20,5.80114E+21,9.72459E+15,5.23584E+16
128270,3.17031E+18,3,2,56,22,2017,3,18,5,3,0,7,1,0,0,0,0,1,1,5.14162E+20,5.83236E+21,9.20929E+15,5.26411E+16