OBJECTID,UIDENTSTLA,ULAND,UREGBEZ,UKREIS,UGEMEINDE,UJAHR,UMONAT,USTUNDE,UWOCHENTAG,UKATEGORIE,UART,UTYP1,IstRad,IstPKW,IstFuss,IstKrad,IstSonstig,LICHT,STRZUSTAND,LINREFX,LINREFY,XGCSWGS84,YGCSWGS84
128271,3.17031E+18,3,2,54,21,2017,3,10,5,3,1,5,0,1,0,0,0,0,1,5.65892E+20,5.77859E+21,9.96314E+15,5.21539E+16
128272,3.17031E+18,3,1,59,16,2017,3,13,5,3,8,1,0,0,0,1,0,0,1,5.60445E+20,5.70986E+21,9.87151E+15,5.15366E+16
128273,3.17031E+18,3,1,3,0,2017,3,10,5,3,5,7,1,1,0,0,0,0,0,6.21555E+20,5.8093E+21,1.07875E+16,5.24203E+16
128274,3.17031E+18,3,1,57,6,2017,3,10,5,3,5,2,1,1,0,0,0,0,0,5.84384E+20,5.79774E+21,1.02381E+16,5.23235E+16
128275,3.17031E+18,3,1,51,9,2017,3,7,5,3,2,6,0,1,0,0,0,0,0,6.05054E+20,5.81719E+21,1.05474E+16,5.24947E+16
128276,3.17031E+18,3,1,1,0,2017,3,13,5,2,6,4,0,0,1,0,1,0,0,6.01451E+20,5.79233E+21,1.04869E+16,5.2272E+16
128277,3.17031E+18,3,1,1,0,2017,3,21,5,3,6,6,1,0,1,0,0,2,0,6.03926E+20,5.79125E+21,1.05228E+16,5.22618E+16
128278,3.17031E+18,3,4,59,24,2017,3,8,4,3,0,3,0,1,0,0,1,0,0,4.53211E+20,5.78523E+21,8.31515E+15,5.22155E+16
128279,3.17031E+18,3,4,4,0,2017,3,9,4,3,4,2,1,1,0,0,0,0,0,4.35584E+20,5.79155E+21,8.05597E+15,5.22705E+16
128280,3.17031E+18,3,4,57,13,2017,3,15,4,3,5,3,1,1,0,0,0,0,1,3.95837E+20,5.89745E+21,7.44003E+15,5.32161E+16
128281,3.17031E+18,3,4,54,57,2017,3,16,4,3,5,3,0,1,0,0,0,0,1,4.10091E+20,5.85627E+21,7.66491E+15,5.28486E+16
128282,3.17031E+18,3,4,54,35,2017,3,18,4,3,2,2,0,1,0,0,0,1,1,3.84873E+20,5.84113E+21,7.29593E+15,5.27078E+16
128283,3.17031E+18,3,4,54,35,2017,3,19,4,3,5,2,1,1,0,0,0,2,1,3.84685E+20,5.83967E+21,7.29365E+15,5.26946E+16
128284,3.17031E+18,3,4,54,49,2017,3,7,4,3,5,3,1,1,0,0,0,0,1,3.95589E+20,5.8029E+21,7.4665E+15,5.23664E+16
128285,3.17031E+18,3,4,52,7,2017,3,13,4,3,5,3,0,1,0,0,0,0,1,3.92592E+20,5.93693E+21,7.37802E+15,5.35702E+16
128286,3.17031E+18,3,4,52,1,2017,3,14,4,3,5,3,1,1,0,0,0,0,1,3.9909E+20,5.92645E+21,7.47948E+15,5.34774E+16
128287,3.17031E+18,3,4,60,2,2017,3,17,4,2,0,3,0,1,0,0,0,0,1,4.45211E+20,5.81899E+21,8.19254E+15,5.25182E+16
128288,3.17031E+18,3,4,60,3,2017,3,22,4,3,2,6,0,1,0,1,0,2,1,4.40449E+20,5.8353E+21,8.11944E+15,5.26643E+16
128289,3.17031E+18,3,4,60,9,2017,3,21,4,2,6,4,0,1,1,0,0,2,1,4.5205E+20,5.84192E+21,8.29E+15,5.2725E+16
128290,3.17031E+18,3,4,5,0,2017,3,19,4,2,5,3,0,1,0,0,0,2,1,4.40679E+20,5.93065E+21,8.10524E+15,5.35214E+16
128291,3.17031E+18,3,3,61,12,2017,3,18,4,3,6,2,0,1,1,0,0,1,1,5.15461E+20,5.86314E+21,9.22995E+15,5.29177E+16
128292,3.17031E+18,3,4,51,2,2017,3,21,4,3,5,3,0,1,0,0,0,2,1,4.3334E+20,5.89286E+21,8.00252E+15,5.31809E+16
128293,3.17031E+18,3,3,53,26,2017,3,16,4,3,5,3,0,1,0,0,0,0,1,5.52576E+20,5.92465E+21,9.79203E+15,5.34682E+16
128294,3.17031E+18,3,3,53,5,2017,3,18,4,3,6,4,0,1,1,0,0,2,1,5.587E+20,5.90898E+21,9.88136E+15,5.33267E+16
128295,3.17031E+18,3,3,59,10,2017,3,19,4,3,6,2,0,1,1,0,0,2,1,5.45814E+20,5.92485E+21,9.6902E+15,5.34706E+16
128296,3.17031E+18,3,3,55,22,2017,3,18,4,3,5,2,0,1,0,0,1,2,1,5.94588E+20,5.90286E+21,1.04182E+16,5.32665E+16
128297,3.17031E+18,3,2,41,21,2017,3,13,4,3,5,3,0,1,0,0,0,0,0,5.31064E+20,5.80711E+21,9.45671E+15,5.24133E+16
128298,3.17031E+18,3,2,41,1,2017,3,19,4,3,1,5,1,1,0,0,0,2,1,5.48167E+20,5.80229E+21,9.70746E+15,5.23687E+16
128299,3.17031E+18,3,2,41,1,2017,3,18,4,3,6,2,0,1,1,0,0,2,1,5.55882E+20,5.80133E+21,9.82059E+15,5.23594E+16
128300,3.17031E+18,3,2,41,1,2017,3,15,4,2,6,4,0,1,1,0,0,0,1,5.5223E+20,5.80112E+21,9.76695E+15,5.23579E+16
128301,3.17031E+18,3,1,55,11,2017,3,16,4,3,5,3,0,1,0,0,0,0,1,5.69034E+20,5.72831E+21,9.99897E+15,5.17015E+16
128302,3.17031E+18,3,2,54,21,2017,3,9,4,3,8,7,0,1,0,0,0,0,1,5.63235E+20,5.77618E+21,9.92386E+15,5.21325E+16
128303,3.17031E+18,3,1,54,10,2017,3,10,4,2,2,2,0,1,0,0,0,0,0,6.36949E+20,5.78895E+21,1.10054E+16,5.22339E+16
128304,3.17031E+18,3,1,3,0,2017,3,21,4,3,4,6,0,1,0,0,0,2,1,6.26036E+20,5.80997E+21,1.08536E+16,5.24254E+16
128305,3.17031E+18,3,1,3,0,2017,3,18,4,3,5,2,1,1,0,0,0,2,1,6.16412E+20,5.80621E+21,1.07108E+16,5.23937E+16
128306,3.17031E+18,3,1,3,0,2017,3,16,4,3,2,6,0,1,0,0,0,1,1,6.21325E+20,5.8093E+21,1.07841E+16,5.24204E+16
128307,3.17031E+18,3,1,57,6,2017,3,18,4,3,0,1,0,0,0,1,0,2,1,5.80944E+20,5.79958E+21,1.01881E+16,5.23406E+16
128308,3.17031E+18,3,1,1,0,2017,3,16,4,3,2,6,0,1,0,0,0,0,1,6.0202E+20,5.79233E+21,1.04952E+16,5.22719E+16
128309,3.17031E+18,3,4,4,0,2017,3,20,3,3,5,2,0,1,0,0,0,2,1,4.34338E+20,5.79351E+21,8.03733E+15,5.2288E+16
128310,3.17031E+18,3,4,56,27,2017,3,16,3,3,2,5,0,1,0,0,1,0,1,3.79889E+20,5.79933E+21,7.2373E+15,5.23311E+16
128311,3.17031E+18,3,4,54,10,2017,3,15,3,3,5,3,1,1,0,0,0,0,0,3.83513E+20,5.806E+21,7.28814E+15,5.23918E+16
128312,3.17031E+18,3,4,60,9,2017,3,15,3,3,5,3,0,1,0,0,0,0,0,4.52648E+20,5.84443E+21,8.2985E+15,5.27476E+16
128313,3.17031E+18,3,3,56,5,2017,3,13,3,3,5,3,0,1,0,0,0,0,0,4.94542E+20,5.89067E+21,8.91836E+15,5.31654E+16
128314,3.17031E+18,3,4,61,7,2017,3,16,3,2,5,3,0,1,0,0,0,0,0,4.6484E+20,5.92687E+21,8.47007E+15,5.34896E+16
128315,3.17031E+18,3,3,57,41,2017,3,16,3,3,2,6,1,1,0,0,0,0,0,5.29541E+20,5.89444E+21,9.44222E+15,5.31985E+16
128316,3.17031E+18,3,3,51,6,2017,3,11,3,3,2,6,0,1,0,0,0,0,0,5.72864E+20,5.83071E+21,1.00764E+16,5.26215E+16
128317,3.17031E+18,3,2,41,1,2017,3,11,3,3,5,7,1,0,0,0,0,0,0,5.58118E+20,5.80484E+21,9.85405E+15,5.23908E+16
128318,3.17031E+18,3,2,41,1,2017,3,7,3,3,0,7,1,0,0,0,0,1,1,5.49001E+20,5.80443E+21,9.72002E+15,5.23879E+16
128319,3.17031E+18,3,2,41,1,2017,3,19,3,3,4,2,1,1,0,0,0,2,0,5.50888E+20,5.80526E+21,9.74787E+15,5.23952E+16
128320,3.17031E+18,3,2,41,1,2017,3,13,3,2,5,3,1,1,0,0,0,0,0,5.55734E+20,5.80585E+21,9.81918E+15,5.24E+16
128321,3.17031E+18,3,2,41,1,2017,3,15,3,3,5,3,1,1,0,0,0,0,0,5.49963E+20,5.80157E+21,9.73373E+15,5.23621E+16
128322,3.17031E+18,3,1,59,2,2017,3,8,3,3,5,3,1,1,0,0,0,0,1,5.82036E+20,5.73916E+21,1.01896E+16,5.17973E+16
128323,3.17031E+18,3,2,56,16,2017,3,20,3,2,8,1,0,1,0,0,0,2,0,5.16234E+20,5.8274E+21,9.23967E+15,5.25963E+16
128324,3.17031E+18,3,2,54,21,2017,3,8,3,3,5,3,0,1,0,0,0,0,1,5.65714E+20,5.77903E+21,9.96062E+15,5.21579E+16
128325,3.17031E+18,3,1,59,27,2017,3,14,3,3,5,3,0,1,0,0,1,0,0,5.90075E+20,5.71526E+21,1.03E+16,5.15812E+16
128326,3.17031E+18,3,1,54,15,2017,3,22,3,3,5,3,0,1,0,0,1,2,0,6.36049E+20,5.79502E+21,1.09947E+16,5.22887E+16
128327,3.17031E+18,3,1,57,6,2017,3,15,3,3,6,2,0,1,1,0,0,0,0,5.80599E+20,5.79902E+21,1.01829E+16,5.23355E+16
128328,3.17031E+18,3,1,51,9,2017,3,14,3,3,5,3,1,1,0,0,0,0,0,6.06418E+20,5.81573E+21,1.0567E+16,5.24813E+16
128329,3.17031E+18,3,1,1,0,2017,3,7,3,3,9,1,0,1,0,0,0,1,1,6.02931E+20,5.78793E+21,1.05072E+16,5.22321E+16
128330,3.17031E+18,3,1,1,0,2017,3,18,3,2,0,7,0,1,0,1,0,1,0,6.04106E+20,5.79174E+21,1.05256E+16,5.22662E+16
128331,3.17031E+18,3,1,1,0,2017,3,7,3,3,0,1,1,0,0,0,0,0,1,6.03759E+20,5.7912E+21,1.05203E+16,5.22614E+16
128332,3.17031E+18,3,4,56,15,2017,3,18,2,3,5,3,1,1,0,0,0,1,0,3.69527E+20,5.8094E+21,7.0814E+15,5.24192E+16
128333,3.17031E+18,3,4,53,5,2017,3,16,2,3,5,3,0,1,0,0,0,0,0,4.41361E+20,5.85918E+21,8.12865E+15,5.28791E+16
128334,3.17031E+18,3,4,53,4,2017,3,7,2,3,5,3,0,1,0,1,0,0,0,4.33434E+20,5.85385E+21,8.01196E+15,5.28303E+16
128335,3.17031E+18,3,4,3,0,2017,3,11,2,3,3,2,1,0,0,0,0,0,0,4.46033E+20,5.8877E+21,8.1933E+15,5.3136E+16
128336,3.17031E+18,3,2,51,7,2017,3,11,2,3,5,3,1,1,0,0,0,0,0,4.82037E+20,5.8559E+21,8.73324E+15,5.28525E+16
128337,3.17031E+18,3,4,1,0,2017,3,10,2,3,3,2,1,0,0,0,1,0,0,4.75793E+20,5.87809E+21,8.63887E+15,5.30518E+16
128338,3.17031E+18,3,3,53,5,2017,3,7,2,3,6,4,0,1,1,0,0,0,1,5.58359E+20,5.90932E+21,9.8763E+15,5.33298E+16
128339,3.17031E+18,3,3,59,38,2017,3,16,2,3,4,5,0,1,0,0,1,0,0,5.29604E+20,5.93922E+21,9.44736E+15,5.3601E+16
128340,3.17031E+18,3,3,58,19,2017,3,16,2,3,5,3,0,1,0,1,0,0,1,5.52794E+20,5.88552E+21,9.7888E+15,5.31165E+16
128341,3.17031E+18,3,3,55,22,2017,3,9,2,3,5,3,0,1,0,0,0,0,1,5.92542E+20,5.89779E+21,1.03861E+16,5.32214E+16
128342,3.17031E+18,3,2,41,1,2017,3,15,2,3,0,7,0,1,0,0,1,0,0,5.48641E+20,5.80259E+21,9.71446E+15,5.23714E+16
128343,3.17031E+18,3,2,41,1,2017,3,16,2,3,4,2,0,1,0,0,0,0,0,5.55375E+20,5.80573E+21,9.81388E+15,5.2399E+16
128344,3.17031E+18,3,2,41,1,2017,3,10,2,3,5,3,1,1,0,0,0,0,0,5.513E+20,5.80428E+21,9.75377E+15,5.23864E+16
128345,3.17031E+18,3,2,41,11,2017,3,15,2,3,5,3,0,1,0,1,0,0,1,5.7485E+20,5.80457E+21,1.00998E+16,5.23862E+16
128346,3.17031E+18,3,2,41,1,2017,3,9,2,3,5,3,1,1,0,0,0,0,0,5.51872E+20,5.80259E+21,9.76192E+15,5.23712E+16
128347,3.17031E+18,3,1,59,16,2017,3,14,2,3,5,3,0,1,0,0,0,0,0,5.63973E+20,5.71034E+21,9.92246E+15,5.15405E+16
128348,3.17031E+18,3,1,59,16,2017,3,17,2,2,0,7,0,0,0,0,1,1,0,5.65518E+20,5.7097E+21,9.94461E+15,5.15346E+16
128349,3.17031E+18,3,1,3,0,2017,3,19,2,2,6,4,0,1,1,0,0,2,1,6.20248E+20,5.80814E+21,1.07679E+16,5.24103E+16
128350,3.17031E+18,3,1,57,1,2017,3,8,2,3,5,2,1,1,0,0,0,0,0,5.85448E+20,5.80405E+21,1.02554E+16,5.23801E+16
128351,3.17031E+18,3,1,57,6,2017,3,12,2,3,0,2,0,1,0,0,0,0,0,5.83664E+20,5.79783E+21,1.02276E+16,5.23244E+16
128352,3.17031E+18,3,1,1,0,2017,3,15,2,3,6,2,0,0,1,0,1,0,1,6.04331E+20,5.79129E+21,1.05287E+16,5.22621E+16
128353,3.17031E+18,3,4,5,0,2017,3,0,1,3,1,5,0,1,0,0,0,2,0,4.41146E+20,5.93114E+21,8.11219E+15,5.35259E+16
128354,3.17031E+18,3,2,51,47,2017,3,7,1,3,5,3,0,1,0,0,0,0,1,4.90496E+20,5.87027E+21,8.85844E+15,5.29819E+16
128355,3.17031E+18,3,4,61,2,2017,3,16,1,2,6,4,0,1,1,0,0,0,0,4.65044E+20,5.90903E+21,8.47513E+15,5.33293E+16
128356,3.17031E+18,3,2,41,1,2017,3,11,1,3,5,3,0,1,0,0,0,0,0,5.4917E+20,5.80336E+21,9.72235E+15,5.23783E+16
128357,3.17031E+18,3,2,41,1,2017,3,17,1,3,6,3,0,1,1,0,0,1,0,5.56715E+20,5.80438E+21,9.83334E+15,5.23867E+16
128358,3.17031E+18,3,2,41,1,2017,3,22,1,2,3,6,0,1,0,0,0,2,0,5.50125E+20,5.80395E+21,9.73646E+15,5.23835E+16
128359,3.17031E+18,3,2,52,6,2017,3,13,1,3,2,6,0,1,0,0,0,0,0,5.24434E+20,5.77326E+21,9.35678E+15,5.21093E+16
128360,3.17031E+18,3,1,54,19,2017,3,17,1,3,6,6,0,1,1,0,0,0,0,6.35512E+20,5.77731E+21,1.09798E+16,5.21297E+16
128361,3.17031E+18,3,1,3,0,2017,3,11,1,3,2,6,0,1,0,0,0,0,0,6.21142E+20,5.80822E+21,1.0781E+16,5.24108E+16
128362,3.17031E+18,3,1,1,0,2017,3,11,1,2,4,2,0,1,0,0,0,0,1,6.0236E+20,5.79178E+21,1.05E+16,5.22669E+16
128363,3.17031E+18,3,1,1,0,2017,3,0,1,3,1,5,1,1,0,0,0,2,0,6.04812E+20,5.79239E+21,1.05361E+16,5.22719E+16
128364,3.1703E+18,3,4,4,0,2017,3,10,7,3,1,5,1,1,0,0,0,0,0,4.3475E+20,5.79233E+21,8.0436E+15,5.22774E+16
128365,3.1703E+18,3,4,57,13,2017,3,8,7,3,9,1,0,1,0,0,0,1,0,3.97287E+20,5.89997E+21,7.46093E+15,5.32391E+16
128366,3.1703E+18,3,4,52,19,2017,3,9,7,3,0,5,0,1,0,1,0,0,1,3.78201E+20,5.9428E+21,7.15852E+15,5.36198E+16
128367,3.1703E+18,3,4,53,13,2017,3,12,7,3,6,4,0,1,1,0,0,0,0,4.15628E+20,5.87784E+21,7.7415E+15,5.30434E+16
128368,3.1703E+18,3,4,60,6,2017,3,18,7,2,5,3,0,1,0,0,0,2,0,4.49122E+20,5.83246E+21,8.24811E+15,5.26397E+16
128369,3.1703E+18,3,3,61,12,2017,3,13,7,3,5,3,1,1,0,0,0,0,0,5.15212E+20,5.86505E+21,9.22633E+15,5.29349E+16
128370,3.1703E+18,3,4,3,0,2017,3,13,7,3,0,4,0,1,1,0,0,0,0,4.47174E+20,5.8917E+21,8.2097E+15,5.31721E+16
128371,3.1703E+18,3,4,3,0,2017,3,13,7,3,6,4,1,0,1,0,0,0,0,4.47312E+20,5.88794E+21,8.21237E+15,5.31382E+16
128372,3.1703E+18,3,2,51,37,2017,3,23,7,2,0,1,1,0,0,0,0,2,0,4.85306E+20,5.87361E+21,8.78099E+15,5.30119E+16
128373,3.1703E+18,3,4,58,5,2017,3,18,7,3,5,3,1,1,0,0,0,2,0,4.69398E+20,5.87653E+21,8.54361E+15,5.30374E+16
128374,3.1703E+18,3,3,53,31,2017,3,17,7,3,2,2,0,1,0,0,0,0,0,5.64959E+20,5.91718E+21,9.977E+15,5.33997E+16
128375,3.1703E+18,3,3,53,31,2017,3,12,7,3,2,6,0,1,0,0,0,0,0,5.65153E+20,5.91535E+21,9.97954E+15,5.33832E+16
128376,3.1703E+18,3,3,54,4,2017,3,23,7,3,2,6,0,1,0,0,0,2,0,6.40466E+20,5.88567E+21,1.10981E+16,5.3102E+16
128377,3.1703E+18,3,2,41,1,2017,3,10,7,3,4,2,0,1,0,0,0,0,0,5.45649E+20,5.79992E+21,9.67016E+15,5.23477E+16
128378,3.1703E+18,3,2,41,1,2017,3,14,7,3,6,6,1,0,1,0,0,0,0,5.50024E+20,5.80358E+21,9.73493E+15,5.23802E+16
128379,3.1703E+18,3,2,41,13,2017,3,17,7,3,5,3,1,1,0,0,0,0,0,5.52163E+20,5.79074E+21,9.76435E+15,5.22646E+16
128380,3.1703E+18,3,2,41,15,2017,3,14,7,3,2,7,0,1,0,0,0,0,0,5.43391E+20,5.80509E+21,9.63767E+15,5.23943E+16
128381,3.1703E+18,3,2,41,1,2017,3,12,7,2,5,3,1,1,0,0,0,0,0,5.51066E+20,5.80159E+21,9.74993E+15,5.23622E+16
128382,3.1703E+18,3,2,54,21,2017,3,17,7,3,0,7,0,0,0,1,0,0,1,5.64614E+20,5.77591E+21,9.94395E+15,5.21299E+16
128383,3.1703E+18,3,2,52,6,2017,3,16,7,3,5,3,1,1,0,0,0,0,0,5.24583E+20,5.77298E+21,9.35894E+15,5.21068E+16
128384,3.1703E+18,3,1,1,0,2017,3,8,7,3,1,5,1,1,0,0,0,0,0,6.04224E+20,5.79001E+21,1.05268E+16,5.22506E+16
128385,3.1703E+18,3,4,59,5,2017,3,7,6,3,6,4,0,1,1,0,0,0,0,4.37063E+20,5.7727E+21,8.08114E+15,5.21012E+16
128386,3.1703E+18,3,4,59,19,2017,3,21,6,3,2,6,1,1,0,0,0,2,0,4.36192E+20,5.78405E+21,8.06629E+15,5.22032E+16
128387,3.1703E+18,3,4,4,0,2017,3,13,6,2,5,3,0,1,0,0,0,0,0,4.28798E+20,5.79552E+21,7.95569E+15,5.23054E+16
128388,3.1703E+18,3,4,2,0,2017,3,11,6,3,5,3,0,1,0,0,0,0,0,3.80216E+20,5.91589E+21,7.19925E+15,5.33785E+16
128389,3.1703E+18,3,4,56,15,2017,3,8,6,3,5,3,0,1,0,1,0,0,0,3.70155E+20,5.81073E+21,7.0901E+15,5.24313E+16
128390,3.1703E+18,3,4,54,32,2017,3,13,6,3,2,2,0,1,0,0,0,0,0,3.86404E+20,5.81937E+21,7.32606E+15,5.25126E+16
128391,3.1703E+18,3,4,62,3,2017,3,7,6,3,5,3,1,1,0,0,0,0,0,4.08395E+20,5.94489E+21,7.61424E+15,5.36448E+16
128392,3.1703E+18,3,4,60,9,2017,3,12,6,3,2,2,0,1,0,0,0,0,0,4.51454E+20,5.84325E+21,8.28098E+15,5.27369E+16
128393,3.1703E+18,3,4,53,6,2017,3,12,6,3,5,3,1,1,0,0,0,0,0,4.28198E+20,5.84112E+21,7.93706E+15,5.27152E+16
128394,3.1703E+18,3,4,5,0,2017,3,14,6,2,5,3,0,1,0,0,0,0,0,4.40903E+20,5.93129E+21,8.10849E+15,5.35272E+16
128395,3.1703E+18,3,3,56,7,2017,3,13,6,3,2,2,0,1,0,0,0,0,0,4.87305E+20,5.8994E+21,8.80976E+15,5.32437E+16
128396,3.1703E+18,3,4,51,7,2017,3,6,6,3,4,6,0,1,0,0,0,2,2,4.34369E+20,5.90142E+21,8.01615E+15,5.3258E+16
128397,3.1703E+18,3,4,3,0,2017,3,20,6,2,5,3,1,1,0,0,0,2,0,4.48289E+20,5.88777E+21,8.22701E+15,5.31368E+16
128398,3.1703E+18,3,4,3,0,2017,3,13,6,3,5,2,0,1,0,0,0,0,0,4.45333E+20,5.88908E+21,8.18261E+15,5.31483E+16
128399,3.1703E+18,3,4,61,2,2017,3,20,6,3,6,4,0,1,1,0,0,2,1,4.64553E+20,5.90858E+21,8.4678E+15,5.33252E+16
128400,3.1703E+18,3,4,58,5,2017,3,10,6,3,5,7,0,1,0,0,0,0,0,4.68718E+20,5.88288E+21,8.53285E+15,5.30944E+16
128401,3.1703E+18,3,3,52,62,2017,3,7,6,3,2,2,0,1,0,1,0,0,1,4.89192E+20,5.94202E+21,8.83657E+15,5.36269E+16
128402,3.1703E+18,3,3,59,10,2017,3,8,6,3,1,5,0,1,0,0,1,0,0,5.43804E+20,5.92346E+21,9.65973E+15,5.34584E+16
128403,3.1703E+18,3,3,59,38,2017,3,15,6,3,5,3,1,1,0,0,0,0,0,5.31675E+20,5.93838E+21,9.47857E+15,5.35933E+16
128404,3.1703E+18,3,3,60,25,2017,3,14,6,2,5,3,1,1,0,0,0,0,0,6.04244E+20,5.87125E+21,1.05527E+16,5.29807E+16
128405,3.1703E+18,3,3,60,25,2017,3,15,6,3,0,7,1,0,0,0,0,0,0,6.03991E+20,5.87173E+21,1.05491E+16,5.2985E+16
128406,3.1703E+18,3,3,51,6,2017,3,19,6,3,2,6,1,1,0,0,0,2,0,5.74045E+20,5.83175E+21,1.0094E+16,5.26307E+16
128407,3.17033E+18,3,3,60,23,2017,3,15,1,3,5,2,0,1,0,1,0,0,0,5.96658E+20,5.8624E+21,1.04371E+16,5.29025E+16
128408,3.17033E+18,3,2,41,1,2017,3,10,1,3,6,7,0,1,1,0,0,0,0,5.49207E+20,5.80435E+21,9.72304E+15,5.23872E+16
128409,3.17033E+18,3,2,41,1,2017,3,12,1,3,2,6,0,1,0,0,0,0,0,5.52722E+20,5.80282E+21,9.77445E+15,5.23731E+16
128410,3.17033E+18,3,2,41,13,2017,3,14,1,3,5,3,1,1,0,0,0,0,0,5.51528E+20,5.79177E+21,9.75521E+15,5.22739E+16
128411,3.17033E+18,3,2,56,19,2017,3,16,1,3,3,1,1,1,0,0,0,0,0,5.06108E+20,5.82851E+21,9.0902E+15,5.26066E+16
128412,3.17033E+18,3,2,54,21,2017,3,16,1,3,3,6,1,0,0,0,0,0,0,5.6542E+20,5.77832E+21,9.95619E+15,5.21515E+16
128413,3.17033E+18,3,1,1,0,2017,3,12,1,3,0,6,0,0,0,1,1,0,0,6.0426E+20,5.79087E+21,1.05276E+16,5.22583E+16
128414,3.17033E+18,3,4,59,24,2017,3,10,7,3,2,6,0,1,0,0,0,0,0,4.55088E+20,5.78361E+21,8.34284E+15,5.22011E+16
128415,3.17033E+18,3,4,4,0,2017,3,12,7,3,3,6,0,1,0,1,0,0,0,4.35649E+20,5.79125E+21,8.05698E+15,5.22678E+16
128416,3.17033E+18,3,4,56,25,2017,3,14,7,3,2,2,0,1,0,0,0,0,0,3.797E+20,5.81726E+21,7.22808E+15,5.24922E+16
128417,3.17033E+18,3,4,56,25,2017,3,13,7,3,6,7,0,1,1,0,0,0,0,3.78707E+20,5.81795E+21,7.2132E+15,5.24982E+16
128418,3.17033E+18,3,4,54,19,2017,3,12,7,3,5,3,0,1,0,0,0,0,0,3.97564E+20,5.83728E+21,7.48489E+15,5.26758E+16
128419,3.17033E+18,3,4,54,49,2017,3,13,7,3,5,3,1,0,0,0,0,0,0,3.96056E+20,5.80269E+21,7.47341E+15,5.23647E+16
128420,3.17033E+18,3,4,62,6,2017,3,14,7,3,5,3,1,0,0,0,0,0,0,4.06112E+20,5.94331E+21,7.58019E+15,5.36301E+16
128421,3.17033E+18,3,4,53,13,2017,3,10,7,3,2,2,0,1,0,0,1,0,0,4.11026E+20,5.88479E+21,7.67096E+15,5.31051E+16
128422,3.17033E+18,3,4,55,25,2017,3,11,7,3,5,3,0,1,0,0,0,0,0,4.35694E+20,5.91451E+21,8.03336E+15,5.33758E+16
128423,3.17033E+18,3,4,3,0,2017,3,1,7,3,0,6,0,1,0,1,0,2,0,4.47581E+20,5.894E+21,8.21541E+15,5.31928E+16
128424,3.17033E+18,3,4,58,7,2017,3,2,7,3,8,1,0,1,0,0,0,2,0,4.48784E+20,5.86117E+21,8.23863E+15,5.28978E+16
128425,3.17033E+18,3,3,52,11,2017,3,22,7,3,5,3,0,1,0,0,0,2,0,4.78474E+20,5.96796E+21,8.67271E+15,5.38597E+16
128426,3.17033E+18,3,3,57,39,2017,3,15,7,3,2,6,0,1,0,0,0,0,0,5.28021E+20,5.88522E+21,9.41865E+15,5.31156E+16
128427,3.17033E+18,3,2,41,1,2017,3,12,7,3,2,6,0,1,0,0,0,0,0,5.48607E+20,5.80563E+21,9.71441E+15,5.23988E+16
128428,3.17033E+18,3,2,41,19,2017,3,16,7,3,5,3,1,1,0,0,0,0,0,5.51956E+20,5.82408E+21,9.76649E+15,5.25643E+16
128429,3.17033E+18,3,2,41,18,2017,3,13,7,3,6,7,0,1,1,0,0,0,0,5.79291E+20,5.81408E+21,1.01673E+16,5.24711E+16
128430,3.17033E+18,3,2,41,1,2017,3,11,7,3,0,7,0,1,0,1,0,0,0,5.49656E+20,5.80296E+21,9.72943E+15,5.23746E+16
128431,3.17033E+18,3,1,59,19,2017,3,15,7,3,5,3,0,1,0,0,1,0,0,5.93488E+20,5.72255E+21,1.03512E+16,5.16462E+16
128432,3.17033E+18,3,1,59,10,2017,3,12,7,3,2,2,0,1,0,0,1,0,0,5.85118E+20,5.70837E+21,1.02268E+16,5.15201E+16
128433,3.17033E+18,3,1,59,16,2017,3,13,7,3,1,5,1,1,0,0,0,0,0,5.64866E+20,5.71112E+21,9.93548E+15,5.15474E+16
128434,3.17033E+18,3,1,59,29,2017,3,11,7,2,5,3,0,1,0,1,0,0,0,5.61986E+20,5.70772E+21,9.89335E+15,5.15172E+16
128435,3.17033E+18,3,1,3,0,2017,3,16,7,3,5,2,1,1,0,0,0,0,0,6.20582E+20,5.80179E+21,1.07705E+16,5.23531E+16
128436,3.17033E+18,3,1,58,39,2017,3,15,7,3,5,2,0,1,0,0,1,0,0,6.06661E+20,5.7645E+21,1.05545E+16,5.20209E+16
128437,3.17033E+18,3,1,53,7,2017,3,13,7,3,3,5,1,1,0,0,0,0,0,5.924E+20,5.75432E+21,1.03439E+16,5.19319E+16
128438,3.17033E+18,3,1,1,0,2017,3,17,7,3,5,3,1,1,0,0,0,0,0,6.04669E+20,5.78754E+21,1.05325E+16,5.22283E+16
128439,3.17033E+18,3,1,1,0,2017,3,8,7,2,2,2,0,1,0,0,0,0,0,6.02928E+20,5.7954E+21,1.05094E+16,5.22993E+16
128440,3.17033E+18,3,1,1,0,2017,3,13,7,3,2,2,0,1,0,0,0,0,0,6.04936E+20,5.79405E+21,1.05384E+16,5.22868E+16
128441,3.17032E+18,3,4,59,29,2017,3,14,6,2,3,6,1,0,0,1,0,0,0,4.49131E+20,5.79838E+21,8.25345E+15,5.23334E+16
128442,3.17032E+18,3,4,56,15,2017,3,14,6,3,5,3,1,1,0,0,0,0,0,3.6739E+20,5.81151E+21,7.04916E+15,5.24377E+16
128443,3.17032E+18,3,4,54,49,2017,3,21,6,2,9,1,0,0,0,1,0,2,0,3.93629E+20,5.8009E+21,7.43835E+15,5.23481E+16