OBJECTID,UIDENTSTLA,ULAND,UREGBEZ,UKREIS,UGEMEINDE,UJAHR,UMONAT,USTUNDE,UWOCHENTAG,UKATEGORIE,UART,UTYP1,IstRad,IstPKW,IstFuss,IstKrad,IstSonstig,LICHT,STRZUSTAND,LINREFX,LINREFY,XGCSWGS84,YGCSWGS84
128964,3.17041E+18,3,2,41,1,2017,4,16,5,3,6,3,0,1,1,0,0,0,0,5.52572E+20,5.8023E+21,9.77216E+15,5.23684E+16
128965,3.17041E+18,3,2,41,1,2017,4,8,5,3,7,7,1,0,0,0,0,0,1,5.55766E+20,5.802E+21,9.81901E+15,5.23654E+16
128966,3.17041E+18,3,2,41,17,2017,4,17,5,3,5,2,1,1,0,0,0,0,0,5.3856E+20,5.78457E+21,9.56434E+15,5.22102E+16
128967,3.17041E+18,3,2,41,1,2017,4,20,5,3,5,2,0,1,0,0,0,2,0,5.52838E+20,5.80764E+21,9.7769E+15,5.24164E+16
128968,3.17041E+18,3,2,41,1,2017,4,13,5,3,2,1,0,1,0,1,0,0,1,5.49948E+20,5.80568E+21,9.73411E+15,5.23991E+16
128969,3.17041E+18,3,2,41,1,2017,4,11,5,2,3,6,1,1,0,0,0,0,0,5.48828E+20,5.80558E+21,9.71765E+15,5.23983E+16
128970,3.17041E+18,3,2,41,1,2017,4,9,5,3,5,2,1,0,0,0,0,0,0,5.50799E+20,5.80331E+21,9.74626E+15,5.23777E+16
128971,3.17041E+18,3,2,41,1,2017,4,0,5,3,5,3,0,1,0,0,0,2,1,5.51038E+20,5.80335E+21,9.74979E+15,5.2378E+16
128972,3.17041E+18,3,2,54,21,2017,4,7,5,2,5,3,0,1,0,0,0,0,0,5.6552E+20,5.77833E+21,9.95765E+15,5.21516E+16
128973,3.17041E+18,3,1,59,16,2017,4,14,5,3,5,2,1,1,0,0,0,0,1,5.64506E+20,5.71052E+21,9.93017E+15,5.15421E+16
128974,3.17041E+18,3,1,1,0,2017,4,21,5,3,6,4,1,0,1,0,0,2,0,6.03944E+20,5.79214E+21,1.05233E+16,5.22698E+16
128975,3.17041E+18,3,1,1,0,2017,4,10,5,3,0,5,1,1,0,0,0,0,1,6.07195E+20,5.78712E+21,1.05694E+16,5.2224E+16
128976,3.17041E+18,3,1,1,0,2017,4,10,5,3,2,6,0,1,0,0,0,0,1,6.02697E+20,5.7927E+21,1.05052E+16,5.22751E+16
128977,3.17041E+18,3,1,1,0,2017,4,18,5,3,5,3,1,1,0,0,0,0,0,6.04287E+20,5.79278E+21,1.05285E+16,5.22755E+16
128978,3.17041E+18,3,4,59,30,2017,4,17,4,3,5,3,1,1,0,0,0,0,1,4.28669E+20,5.83626E+21,7.94508E+15,5.26716E+16
128979,3.17041E+18,3,4,4,0,2017,4,18,4,3,5,2,1,0,0,0,0,0,1,4.35063E+20,5.79542E+21,8.04759E+15,5.23052E+16
128980,3.17041E+18,3,4,4,0,2017,4,16,4,2,5,3,0,1,0,0,0,0,0,4.36046E+20,5.79105E+21,8.06284E+15,5.22661E+16
128981,3.17041E+18,3,4,2,0,2017,4,16,4,3,2,6,0,1,0,0,0,0,1,3.80661E+20,5.91504E+21,7.20625E+15,5.33709E+16
128982,3.17041E+18,3,4,5,0,2017,4,16,4,3,2,6,0,1,0,0,0,0,1,4.411E+20,5.93145E+21,8.11144E+15,5.35286E+16
128983,3.17041E+18,3,2,51,42,2017,4,16,4,3,5,3,1,1,0,0,0,0,1,4.75324E+20,5.85049E+21,8.63396E+15,5.28037E+16
128984,3.17041E+18,3,3,53,40,2017,4,11,4,3,4,2,0,1,0,0,0,0,1,5.80277E+20,5.91255E+21,1.02062E+16,5.3356E+16
128985,3.17041E+18,3,3,59,27,2017,4,12,4,3,0,3,1,1,0,0,0,0,1,5.38323E+20,5.92905E+21,9.57786E+15,5.3509E+16
128986,3.17041E+18,3,3,59,10,2017,4,18,4,3,5,3,1,1,0,0,0,0,0,5.46274E+20,5.92589E+21,9.69728E+15,5.34799E+16
128987,3.17041E+18,3,3,57,39,2017,4,12,4,3,5,3,0,1,0,0,0,0,0,5.27656E+20,5.88507E+21,9.41319E+15,5.31144E+16
128988,3.17041E+18,3,3,55,22,2017,4,11,4,3,5,3,0,1,0,1,0,0,0,5.93448E+20,5.90052E+21,1.04005E+16,5.32457E+16
128989,3.17041E+18,3,3,55,22,2017,4,9,4,3,0,3,1,1,0,0,0,0,0,5.94498E+20,5.90196E+21,1.04166E+16,5.32585E+16
128990,3.17041E+18,3,2,41,1,2017,4,17,4,3,5,3,1,1,0,0,0,0,1,5.54361E+20,5.8042E+21,9.79874E+15,5.23853E+16
128991,3.17041E+18,3,2,41,1,2017,4,4,4,3,0,7,1,0,0,0,1,2,0,5.49033E+20,5.8048E+21,9.72055E+15,5.23913E+16
128992,3.17041E+18,3,2,41,12,2017,4,11,4,3,6,2,0,1,1,0,0,0,0,5.31195E+20,5.8174E+21,9.4596E+15,5.25058E+16
128993,3.17041E+18,3,2,41,2,2017,4,16,4,3,9,1,0,1,0,0,0,0,1,5.31833E+20,5.79635E+21,9.46699E+15,5.23165E+16
128994,3.17041E+18,3,2,41,10,2017,4,19,4,3,5,3,0,1,0,0,0,1,1,5.50479E+20,5.81227E+21,9.74292E+15,5.24583E+16
128995,3.17041E+18,3,2,41,18,2017,4,9,4,3,1,7,0,1,0,0,0,0,0,5.81768E+20,5.8134E+21,1.02036E+16,5.24646E+16
128996,3.17041E+18,3,2,41,1,2017,4,10,4,3,0,3,1,0,0,0,1,0,0,5.5269E+20,5.80562E+21,9.7744E+15,5.23983E+16
128997,3.17041E+18,3,2,41,21,2017,4,0,4,3,6,7,1,0,1,0,0,2,0,5.30204E+20,5.80715E+21,9.44407E+15,5.24138E+16
128998,3.17041E+18,3,2,56,33,2017,4,12,4,2,4,1,0,1,0,1,0,0,0,4.9388E+20,5.81634E+21,8.90985E+15,5.24971E+16
128999,3.17041E+18,3,1,2,0,2017,4,22,4,3,5,2,1,1,0,0,0,2,1,5.90241E+20,5.7801E+21,1.03194E+16,5.2164E+16
129000,3.17041E+18,3,1,51,9,2017,4,18,4,3,5,3,1,1,0,0,0,0,1,6.04816E+20,5.81477E+21,1.05432E+16,5.2473E+16
129001,3.17041E+18,3,1,1,0,2017,4,13,4,3,5,3,1,1,0,0,0,0,0,6.04914E+20,5.79302E+21,1.05378E+16,5.22776E+16
129002,3.17041E+18,3,4,4,0,2017,4,9,3,3,0,7,0,0,0,0,1,0,0,4.34903E+20,5.79173E+21,8.04595E+15,5.22721E+16
129003,3.17041E+18,3,4,54,35,2017,4,18,3,3,5,3,0,1,0,0,0,0,0,3.85851E+20,5.83757E+21,7.31163E+15,5.26761E+16
129004,3.17041E+18,3,4,54,45,2017,4,21,3,3,4,6,0,1,0,0,1,2,0,3.91685E+20,5.79897E+21,7.41045E+15,5.23303E+16
129005,3.17041E+18,3,4,60,9,2017,4,12,3,3,6,4,0,1,1,0,0,0,0,4.53946E+20,5.84263E+21,8.31798E+15,5.27316E+16
129006,3.17041E+18,3,4,53,4,2017,4,7,3,3,5,3,0,1,0,0,1,0,0,4.36504E+20,5.85601E+21,8.05711E+15,5.28501E+16
129007,3.17041E+18,3,4,53,4,2017,4,17,3,3,5,3,1,1,0,0,0,0,0,4.35835E+20,5.85546E+21,8.04729E+15,5.28451E+16
129008,3.17041E+18,3,4,61,7,2017,4,16,3,3,5,2,0,1,0,0,0,0,0,4.65899E+20,5.9273E+21,8.48599E+15,5.34936E+16
129009,3.17041E+18,3,3,59,10,2017,4,7,3,3,5,3,1,1,0,0,0,0,1,5.45847E+20,5.92594E+21,9.69086E+15,5.34805E+16
129010,3.17041E+18,3,3,57,38,2017,4,11,3,2,4,6,0,1,0,0,0,0,1,5.07466E+20,5.90868E+21,9.1121E+15,5.33273E+16
129011,3.17041E+18,3,3,55,4,2017,4,10,3,2,4,2,0,1,0,0,0,0,1,5.91947E+20,5.90637E+21,1.03797E+16,5.32986E+16
129012,3.17041E+18,3,3,55,22,2017,4,16,3,3,2,6,0,1,0,0,0,0,0,5.94879E+20,5.90237E+21,1.04224E+16,5.32621E+16
129013,3.17041E+18,3,2,41,1,2017,4,15,3,3,6,2,1,0,1,0,0,0,0,5.44697E+20,5.80686E+21,9.65711E+15,5.24101E+16
129014,3.17041E+18,3,2,41,1,2017,4,14,3,3,5,3,1,1,0,0,0,0,0,5.48848E+20,5.79868E+21,9.71693E+15,5.23363E+16
129015,3.17041E+18,3,2,41,1,2017,4,14,3,3,3,2,0,1,0,0,1,0,0,5.48671E+20,5.80253E+21,9.71489E+15,5.23709E+16
129016,3.17041E+18,3,2,41,1,2017,4,10,3,3,3,2,0,1,0,1,0,0,0,5.47377E+20,5.80193E+21,9.6958E+15,5.23656E+16
129017,3.17041E+18,3,2,41,1,2017,4,16,3,3,0,5,1,1,0,0,0,0,0,5.50626E+20,5.80383E+21,9.74381E+15,5.23824E+16
129018,3.17041E+18,3,2,41,1,2017,4,8,3,3,3,2,1,1,0,0,0,0,0,5.50623E+20,5.80411E+21,9.7438E+15,5.23849E+16
129019,3.17041E+18,3,2,41,16,2017,4,16,3,2,5,3,1,1,0,0,0,0,0,5.64295E+20,5.79975E+21,9.94382E+15,5.23443E+16
129020,3.17041E+18,3,2,41,1,2017,4,15,3,2,6,4,1,0,1,0,0,0,0,5.51212E+20,5.80254E+21,9.75222E+15,5.23708E+16
129021,3.17041E+18,3,2,41,1,2017,4,8,3,3,6,3,0,1,1,0,0,0,0,5.56615E+20,5.79899E+21,9.83098E+15,5.23383E+16
129022,3.17041E+18,3,1,59,26,2017,4,9,3,3,5,3,1,1,0,0,0,0,0,5.81045E+20,5.73322E+21,1.01739E+16,5.1744E+16
129023,3.17041E+18,3,2,52,6,2017,4,8,3,3,0,2,0,1,0,0,0,0,0,5.25286E+20,5.77365E+21,9.36926E+15,5.21128E+16
129024,3.17041E+18,3,1,59,16,2017,4,14,3,3,6,4,0,1,1,0,0,0,0,5.63654E+20,5.71042E+21,9.91787E+15,5.15413E+16
129025,3.17041E+18,3,1,59,16,2017,4,7,3,3,0,1,1,1,0,0,0,0,0,5.63825E+20,5.7104E+21,9.92033E+15,5.15411E+16
129026,3.17041E+18,3,1,58,30,2017,4,14,3,3,5,3,0,1,0,0,0,0,0,6.10963E+20,5.78375E+21,1.06234E+16,5.2193E+16
129027,3.17041E+18,3,1,2,0,2017,4,14,3,3,2,6,0,1,0,0,1,0,0,5.9294E+20,5.76697E+21,1.03552E+16,5.20456E+16
129028,3.17041E+18,3,1,57,6,2017,4,8,3,3,5,2,1,1,0,0,0,0,0,5.83551E+20,5.79688E+21,1.02257E+16,5.23159E+16
129029,3.17041E+18,3,1,2,0,2017,4,10,3,3,2,2,0,1,0,1,0,0,1,5.91022E+20,5.7804E+21,1.03309E+16,5.21666E+16
129030,3.17041E+18,3,1,51,9,2017,4,18,3,3,5,3,0,1,0,0,0,0,0,6.05635E+20,5.81495E+21,1.05553E+16,5.24745E+16
129031,3.17041E+18,3,4,54,32,2017,4,16,2,2,5,3,0,1,0,1,0,0,0,3.86949E+20,5.82097E+21,7.33354E+15,5.2527E+16
129032,3.17041E+18,3,4,52,19,2017,4,20,2,3,3,6,1,0,0,1,0,0,0,3.80101E+20,5.94001E+21,7.18831E+15,5.35952E+16
129033,3.17041E+18,3,4,60,4,2017,4,16,2,2,9,7,0,1,0,0,0,0,0,4.61293E+20,5.84934E+21,8.42598E+15,5.27925E+16
129034,3.17041E+18,3,4,60,9,2017,4,17,2,3,5,3,1,1,0,0,0,0,0,4.53241E+20,5.84557E+21,8.30712E+15,5.27579E+16
129035,3.17041E+18,3,4,60,9,2017,4,10,2,3,5,3,0,1,0,1,0,0,0,4.50168E+20,5.84256E+21,8.26204E+15,5.27306E+16
129036,3.17041E+18,3,4,53,9,2017,4,15,2,2,5,3,0,1,0,0,0,0,0,4.23519E+20,5.85035E+21,7.86565E+15,5.27975E+16
129037,3.17041E+18,3,4,5,0,2017,4,9,2,2,5,3,1,0,0,0,1,0,0,4.41035E+20,5.93016E+21,8.11071E+15,5.35171E+16
129038,3.17041E+18,3,4,3,0,2017,4,18,2,3,6,4,0,1,1,0,0,0,0,4.47643E+20,5.88476E+21,8.21785E+15,5.31097E+16
129039,3.17041E+18,3,2,51,25,2017,4,6,2,3,5,3,0,1,0,0,0,1,0,4.56489E+20,5.81404E+21,8.35939E+15,5.24748E+16
129040,3.17041E+18,3,4,61,2,2017,4,18,2,3,5,3,0,1,0,0,0,0,0,4.65227E+20,5.90901E+21,8.47787E+15,5.33291E+16
129041,3.17041E+18,3,4,58,5,2017,4,10,2,3,5,3,1,1,0,0,0,0,0,4.68947E+20,5.87637E+21,8.5369E+15,5.3036E+16
129042,3.17041E+18,3,3,53,26,2017,4,13,2,3,6,7,0,0,1,0,1,0,0,5.52279E+20,5.92516E+21,9.78764E+15,5.34728E+16
129043,3.17041E+18,3,3,53,26,2017,4,13,2,3,8,1,0,1,0,0,0,0,0,5.53149E+20,5.92375E+21,9.8005E+15,5.34601E+16
129044,3.17041E+18,3,3,59,38,2017,4,11,2,3,5,3,0,1,0,0,0,0,0,5.28604E+20,5.93867E+21,9.43221E+15,5.35961E+16
129045,3.17041E+18,3,3,58,21,2017,4,16,2,3,8,1,1,0,0,0,0,0,0,5.56606E+20,5.87154E+21,9.8433E+15,5.29905E+16
129046,3.17041E+18,3,3,55,22,2017,4,19,2,3,9,1,0,1,0,0,0,0,0,5.9513E+20,5.9031E+21,1.04264E+16,5.32686E+16
129047,3.17041E+18,3,2,41,1,2017,4,14,2,3,5,2,0,1,0,0,0,0,0,5.5585E+20,5.79821E+21,9.81961E+15,5.23313E+16
129048,3.17041E+18,3,2,41,1,2017,4,16,2,3,5,3,0,1,0,1,0,0,0,5.49105E+20,5.80347E+21,9.7214E+15,5.23793E+16
129049,3.17041E+18,3,2,41,1,2017,4,15,2,3,2,6,0,1,0,0,1,0,0,5.49344E+20,5.80553E+21,9.72523E+15,5.23978E+16
129050,3.17041E+18,3,2,41,1,2017,4,9,2,3,3,5,1,1,0,0,0,0,0,5.49375E+20,5.80387E+21,9.72543E+15,5.23828E+16
129051,3.17041E+18,3,1,55,10,2017,4,20,2,3,8,1,0,0,0,1,0,2,0,5.64771E+20,5.72015E+21,9.93577E+15,5.16287E+16
129052,3.17041E+18,3,2,57,32,2017,4,21,2,3,1,5,1,1,0,0,0,2,0,5.24233E+20,5.79574E+21,9.35546E+15,5.23114E+16
129053,3.17041E+18,3,1,59,16,2017,4,19,2,3,5,3,1,1,0,0,0,0,0,5.64597E+20,5.70991E+21,9.93137E+15,5.15366E+16
129054,3.17041E+18,3,1,58,2,2017,4,5,2,3,5,3,0,1,0,0,0,1,0,5.83856E+20,5.77184E+21,1.0224E+16,5.20907E+16
129055,3.17041E+18,3,1,2,0,2017,4,2,2,3,2,6,0,1,0,0,0,2,0,5.95512E+20,5.76641E+21,1.03926E+16,5.20401E+16
129056,3.17041E+18,3,1,57,6,2017,4,10,2,3,5,3,0,1,0,0,0,0,0,5.83623E+20,5.79691E+21,1.02268E+16,5.23162E+16
129057,3.17041E+18,3,1,2,0,2017,4,18,2,2,6,4,0,1,1,0,0,0,0,5.91238E+20,5.77788E+21,1.03333E+16,5.21439E+16
129058,3.17041E+18,3,1,1,0,2017,4,5,2,3,1,5,0,1,0,0,1,2,0,6.0659E+20,5.79176E+21,1.0562E+16,5.22659E+16
129059,3.17041E+18,3,4,59,14,2017,4,2,1,3,6,6,0,1,1,0,0,2,0,4.28982E+20,5.80799E+21,7.95576E+15,5.24175E+16
129060,3.17041E+18,3,4,4,0,2017,4,15,1,3,2,6,1,1,0,0,0,0,0,4.34852E+20,5.79194E+21,8.04517E+15,5.2274E+16
129061,3.17041E+18,3,4,4,0,2017,4,14,1,3,1,5,1,1,0,0,0,0,0,4.37205E+20,5.78995E+21,8.08001E+15,5.22564E+16
129062,3.17041E+18,3,4,2,0,2017,4,15,1,2,5,3,1,0,0,1,0,0,0,3.7107E+20,5.91266E+21,7.06315E+15,5.33473E+16
129063,3.17041E+18,3,4,57,20,2017,4,19,1,3,5,3,1,1,0,0,0,0,0,4.1554E+20,5.90638E+21,7.73264E+15,5.32999E+16
129064,3.17041E+18,3,4,56,7,2017,4,12,1,3,0,1,1,0,0,0,0,0,0,3.57845E+20,5.8217E+21,6.90449E+15,5.25268E+16
129065,3.17041E+18,3,4,56,15,2017,4,17,1,3,2,2,0,1,0,0,0,0,0,3.6856E+20,5.80842E+21,7.06757E+15,5.24102E+16
129066,3.17041E+18,3,4,60,10,2017,4,18,1,3,5,3,0,1,0,0,0,0,0,4.51885E+20,5.85319E+21,8.2859E+15,5.28263E+16
129067,3.17041E+18,3,4,55,15,2017,4,16,1,3,5,3,0,1,0,0,0,0,0,4.30186E+20,5.93317E+21,7.94644E+15,5.35428E+16
129068,3.17041E+18,3,4,51,5,2017,4,18,1,3,5,3,0,1,0,0,0,0,0,4.4565E+20,5.89934E+21,8.1856E+15,5.32406E+16
129069,3.17041E+18,3,4,3,0,2017,4,15,1,2,6,6,1,0,1,0,0,0,0,4.46432E+20,5.88999E+21,8.19889E+15,5.31566E+16
129070,3.17041E+18,3,4,3,0,2017,4,13,1,3,4,2,0,1,0,0,0,0,0,4.47898E+20,5.88692E+21,8.2213E+15,5.31291E+16
129071,3.17041E+18,3,3,59,10,2017,4,15,1,3,3,2,0,1,0,1,0,0,0,5.49834E+20,5.92263E+21,9.75041E+15,5.34503E+16
129072,3.17041E+18,3,3,55,4,2017,4,18,1,3,5,3,0,1,0,1,0,0,0,5.91794E+20,5.90611E+21,1.03773E+16,5.32962E+16
129073,3.17041E+18,3,3,55,22,2017,4,15,1,3,4,2,0,1,0,0,0,0,0,5.93012E+20,5.90101E+21,1.03941E+16,5.32502E+16
129074,3.17041E+18,3,2,41,1,2017,4,15,1,3,6,6,1,0,1,0,0,0,0,5.50174E+20,5.80518E+21,9.73736E+15,5.23945E+16
129075,3.17041E+18,3,2,41,1,2017,4,12,1,3,2,6,0,1,0,0,0,0,0,5.52364E+20,5.80396E+21,9.76936E+15,5.23834E+16
129076,3.17041E+18,3,2,41,10,2017,4,16,1,3,0,7,1,0,0,0,0,0,0,5.50211E+20,5.81525E+21,9.73942E+15,5.24851E+16
129077,3.17041E+18,3,2,41,1,2017,4,15,1,2,4,2,1,1,0,0,0,0,0,5.51878E+20,5.80095E+21,9.76175E+15,5.23564E+16
129078,3.17041E+18,3,2,54,14,2017,4,4,1,3,1,5,0,1,0,0,0,2,0,5.47225E+20,5.77396E+21,9.68967E+15,5.21142E+16
129079,3.17041E+18,3,1,59,37,2017,4,18,1,3,1,5,0,1,0,0,1,0,0,5.80397E+20,5.71572E+21,1.01605E+16,5.15868E+16
129080,3.17041E+18,3,1,59,10,2017,4,13,1,3,5,2,1,0,0,0,0,0,0,5.84947E+20,5.70851E+21,1.02244E+16,5.15213E+16
129081,3.17041E+18,3,1,59,7,2017,4,17,1,3,0,7,0,0,0,0,1,0,0,5.65097E+20,5.71591E+21,9.93969E+15,5.15905E+16
129082,3.17041E+18,3,1,1,0,2017,4,8,1,3,0,1,0,0,0,1,0,0,0,6.02952E+20,5.79118E+21,1.05085E+16,5.22614E+16
129083,3.17041E+18,3,4,4,0,2017,4,22,7,2,4,2,0,1,0,1,0,2,0,4.35572E+20,5.79126E+21,8.05584E+15,5.2268E+16
129084,3.17041E+18,3,4,54,32,2017,4,16,7,3,0,7,1,0,0,0,0,0,0,3.8564E+20,5.82024E+21,7.31449E+15,5.25203E+16
129085,3.17041E+18,3,2,51,37,2017,4,11,7,3,4,2,0,1,0,0,0,0,1,4.85129E+20,5.87272E+21,8.77839E+15,5.30038E+16
129086,3.17041E+18,3,3,53,5,2017,4,7,7,2,9,1,1,0,0,0,0,0,0,5.57354E+20,5.90875E+21,9.86111E+15,5.33248E+16
129087,3.17041E+18,3,3,55,22,2017,4,14,7,3,5,3,1,1,0,0,0,0,0,5.95156E+20,5.90167E+21,1.04264E+16,5.32557E+16
129088,3.17041E+18,3,2,41,1,2017,4,12,7,3,2,7,0,1,0,0,0,0,0,5.48853E+20,5.79908E+21,9.71706E+15,5.23399E+16
129089,3.17041E+18,3,2,41,1,2017,4,7,7,3,5,3,1,1,0,0,0,0,0,5.48607E+20,5.80563E+21,9.71441E+15,5.23988E+16
129090,3.17041E+18,3,2,41,1,2017,4,12,7,3,2,2,0,1,0,0,0,0,0,5.47419E+20,5.80728E+21,9.69717E+15,5.24137E+16
129091,3.17041E+18,3,2,41,1,2017,4,10,7,3,4,6,0,1,0,0,0,0,0,5.50232E+20,5.80733E+21,9.73855E+15,5.24138E+16
129092,3.17041E+18,3,2,41,1,2017,4,17,7,2,5,3,1,1,0,0,0,0,0,5.57887E+20,5.80452E+21,9.85059E+15,5.23879E+16
129093,3.17041E+18,3,2,41,15,2017,4,14,7,2,6,4,0,0,1,1,0,0,0,5.4102E+20,5.8048E+21,9.6028E+15,5.23919E+16
129094,3.17041E+18,3,2,52,3,2017,4,16,7,3,6,6,1,0,1,0,0,0,0,5.17749E+20,5.75947E+21,9.25846E+15,5.19856E+16
129095,3.17041E+18,3,1,3,0,2017,4,9,7,3,5,3,0,1,0,0,0,0,0,6.17127E+20,5.80921E+21,1.07224E+16,5.24205E+16
129096,3.17041E+18,3,1,57,5,2017,4,14,7,3,5,3,0,1,0,0,0,0,0,5.87704E+20,5.78488E+21,1.02835E+16,5.22074E+16
129097,3.17041E+18,3,4,54,29,2017,4,20,6,3,5,3,0,1,0,1,0,2,0,3.86997E+20,5.85803E+21,7.32152E+15,5.28601E+16
129098,3.17041E+18,3,4,54,32,2017,4,12,6,2,9,7,0,0,0,0,1,0,0,3.87337E+20,5.81917E+21,7.33987E+15,5.2511E+16
129099,3.17041E+18,3,4,54,32,2017,4,12,6,3,5,3,1,1,0,0,0,0,0,3.86268E+20,5.81954E+21,7.32399E+15,5.25141E+16
129100,3.17041E+18,3,4,62,15,2017,4,6,6,2,9,1,0,1,0,0,0,0,0,4.13097E+20,5.94591E+21,7.68507E+15,5.36547E+16
129101,3.17041E+18,3,4,52,19,2017,4,20,6,3,1,1,0,1,0,0,0,2,0,3.81925E+20,5.93933E+21,7.21611E+15,5.35895E+16
129102,3.17041E+18,3,4,52,25,2017,4,9,6,3,6,7,0,1,1,0,0,0,0,4.17948E+20,5.91889E+21,7.76553E+15,5.34127E+16
129103,3.17041E+18,3,4,52,23,2017,4,7,6,2,9,1,0,1,0,0,0,0,0,3.89179E+20,5.92993E+21,7.32898E+15,5.35067E+16
129104,3.17041E+18,3,4,60,6,2017,4,8,6,3,6,4,0,1,1,0,0,0,0,4.4937E+20,5.83546E+21,8.25132E+15,5.26667E+16
129105,3.17041E+18,3,4,53,11,2017,4,19,6,3,0,2,0,1,0,0,0,0,0,4.16878E+20,5.84409E+21,7.76877E+15,5.27403E+16
129106,3.17041E+18,3,4,53,11,2017,4,12,6,3,5,3,0,1,0,0,0,0,0,4.18289E+20,5.84148E+21,7.79031E+15,5.2717E+16
129107,3.17041E+18,3,4,53,4,2017,4,21,6,3,2,2,1,1,0,0,0,2,0,4.35147E+20,5.85448E+21,8.03726E+15,5.28362E+16
129108,3.17041E+18,3,3,56,9,2017,4,7,6,3,4,2,0,1,0,1,0,0,0,4.72682E+20,5.89735E+21,8.59081E+15,5.32247E+16
129109,3.17041E+18,3,4,3,0,2017,4,14,6,3,5,3,0,1,0,0,1,0,0,4.45764E+20,5.89252E+21,8.18847E+15,5.31793E+16
129110,3.17041E+18,3,4,58,3,2017,4,19,6,3,8,1,1,0,0,0,0,1,0,4.60484E+20,5.86903E+21,8.41159E+15,5.29694E+16
129111,3.17041E+18,3,3,53,31,2017,4,20,6,3,9,7,0,1,0,0,0,2,0,5.67657E+20,5.91509E+21,1.00171E+16,5.33806E+16
129112,3.17041E+18,3,3,51,6,2017,4,18,6,3,5,2,1,1,0,0,0,0,0,5.73197E+20,5.8292E+21,1.0081E+16,5.26079E+16
129113,3.17041E+18,3,2,41,1,2017,4,8,6,3,4,6,0,1,0,0,1,0,0,5.52316E+20,5.79728E+21,9.76762E+15,5.23234E+16
129114,3.17041E+18,3,2,41,1,2017,4,21,6,3,0,1,1,0,0,0,0,2,0,5.48241E+20,5.80277E+21,9.70861E+15,5.23731E+16
129115,3.17041E+18,3,2,54,22,2017,4,10,6,3,5,3,1,1,0,0,0,0,0,5.77486E+20,5.77223E+21,1.01311E+16,5.20952E+16
129116,3.17041E+18,3,2,54,2,2017,4,6,6,3,5,3,0,1,0,0,0,0,0,5.5452E+20,5.76066E+21,9.79407E+15,5.19939E+16
129117,3.17041E+18,3,2,54,21,2017,4,13,6,3,6,7,1,0,1,0,0,0,0,5.66715E+20,5.78072E+21,9.97558E+15,5.21729E+16
129118,3.17041E+18,3,1,57,5,2017,4,15,6,3,5,3,0,1,0,0,0,0,1,5.89172E+20,5.78516E+21,1.03051E+16,5.22096E+16
129119,3.17041E+18,3,1,51,17,2017,4,19,6,3,3,6,1,0,0,0,0,0,0,5.92281E+20,5.81443E+21,1.03586E+16,5.24723E+16
129120,3.17041E+18,3,4,4,0,2017,4,14,5,3,3,5,1,0,0,0,1,0,0,4.33196E+20,5.79096E+21,8.0211E+15,5.2265E+16
129121,3.17041E+18,3,4,54,41,2017,4,18,5,3,5,3,0,1,0,0,0,0,0,3.8826E+20,5.87914E+21,7.33299E+15,5.305E+16
129122,3.17041E+18,3,4,54,41,2017,4,8,5,3,5,3,1,1,0,0,0,0,0,3.95203E+20,5.88169E+21,7.43569E+15,5.30744E+16
129123,3.17041E+18,3,4,54,35,2017,4,16,5,3,6,4,1,0,1,0,0,0,0,3.85106E+20,5.84006E+21,7.29975E+15,5.26983E+16
129124,3.17041E+18,3,4,53,1,2017,4,7,5,3,6,4,1,0,1,0,0,0,0,4.16536E+20,5.8913E+21,7.75154E+15,5.31645E+16
129125,3.17041E+18,3,4,60,10,2017,4,12,5,3,5,3,0,1,0,0,1,0,0,4.49689E+20,5.85198E+21,8.2535E+15,5.28153E+16
129126,3.17041E+18,3,4,5,0,2017,4,13,5,3,5,3,1,1,0,0,0,0,0,4.40867E+20,5.93099E+21,8.10801E+15,5.35245E+16
129127,3.17041E+18,3,4,5,0,2017,4,15,5,3,5,3,1,1,0,0,0,0,0,4.42E+20,5.93194E+21,8.12493E+15,5.35332E+16
129128,3.17041E+18,3,3,61,8,2017,4,18,5,3,5,3,1,1,0,0,0,0,0,5.03989E+20,5.88539E+21,9.05961E+15,5.31179E+16
129129,3.17041E+18,3,4,3,0,2017,4,20,5,2,2,2,0,1,0,0,1,2,0,4.49174E+20,5.8846E+21,8.24074E+15,5.31084E+16
129130,3.17041E+18,3,4,3,0,2017,4,11,5,2,2,2,1,0,0,0,0,0,0,4.45988E+20,5.88838E+21,8.19251E+15,5.31421E+16
129131,3.17041E+18,3,4,3,0,2017,4,8,5,3,2,2,0,1,0,0,0,0,0,4.47637E+20,5.88935E+21,8.21701E+15,5.3151E+16
129132,3.17041E+18,3,4,3,0,2017,4,7,5,3,5,3,0,1,0,0,0,0,0,4.47312E+20,5.89146E+21,8.2118E+15,5.31699E+16
129133,3.17041E+18,3,3,53,35,2017,4,18,5,3,0,7,1,0,0,0,0,0,0,5.48666E+20,5.90245E+21,9.72971E+15,5.32691E+16
129134,3.17041E+18,3,3,59,13,2017,4,13,5,3,5,2,1,0,0,0,1,0,0,5.28087E+20,5.94959E+21,9.42537E+15,5.36943E+16
129135,3.17041E+18,3,3,58,2,2017,4,7,5,3,5,3,1,1,0,0,0,0,0,5.66805E+20,5.88187E+21,9.99736E+15,5.30822E+16
129136,3.17041E+18,3,3,55,32,2017,4,21,5,2,1,5,0,1,0,1,0,2,0,6.04577E+20,5.90395E+21,1.05683E+16,5.32745E+16
129137,3.17041E+18,3,3,55,22,2017,4,7,5,3,5,3,1,1,0,0,0,0,0,5.96206E+20,5.89926E+21,1.04414E+16,5.32339E+16