OBJECTID,UIDENTSTLA,ULAND,UREGBEZ,UKREIS,UGEMEINDE,UJAHR,UMONAT,USTUNDE,UWOCHENTAG,UKATEGORIE,UART,UTYP1,IstRad,IstPKW,IstFuss,IstKrad,IstSonstig,LICHT,STRZUSTAND,LINREFX,LINREFY,XGCSWGS84,YGCSWGS84
129138,3.17041E+18,3,3,51,6,2017,4,6,5,3,5,3,1,1,0,0,0,0,0,5.70838E+20,5.82926E+21,1.00461E+16,5.26087E+16
129139,3.17041E+18,3,2,41,1,2017,4,13,5,3,2,6,0,1,0,0,0,0,0,5.51207E+20,5.80255E+21,9.75215E+15,5.23709E+16
129140,3.17041E+18,3,2,41,17,2017,4,7,5,3,2,6,1,1,0,0,0,0,1,5.37373E+20,5.78472E+21,9.54698E+15,5.22116E+16
129141,3.17041E+18,3,2,41,5,2017,4,20,5,3,5,3,0,1,0,0,1,1,0,5.4123E+20,5.8112E+21,9.60668E+15,5.24494E+16
129142,3.17041E+18,3,2,57,9,2017,4,11,5,3,2,6,0,1,0,0,1,0,0,5.03805E+20,5.79015E+21,9.05575E+15,5.22617E+16
129143,3.17041E+18,3,2,56,22,2017,4,19,5,3,5,3,0,1,0,0,0,1,0,5.1535E+20,5.83451E+21,9.22695E+15,5.26603E+16
129144,3.17041E+18,3,2,55,23,2017,4,15,5,2,0,1,0,0,0,1,0,0,0,5.32004E+20,5.74109E+21,9.46432E+15,5.18198E+16
129145,3.17041E+18,3,1,54,13,2017,4,15,5,3,2,6,0,1,0,0,0,0,0,6.2372E+20,5.79658E+21,1.08146E+16,5.23056E+16
129146,3.17041E+18,3,1,54,10,2017,4,14,5,2,2,6,0,1,0,1,0,0,0,6.36286E+20,5.79041E+21,1.09963E+16,5.22472E+16
129147,3.17041E+18,3,1,3,0,2017,4,12,5,3,2,6,0,1,0,0,0,0,0,6.20804E+20,5.80981E+21,1.07766E+16,5.24252E+16
129148,3.17041E+18,3,1,58,39,2017,4,17,5,2,0,1,0,1,0,1,0,0,0,6.05491E+20,5.76763E+21,1.05384E+16,5.20492E+16
129149,3.17041E+18,3,1,57,6,2017,4,7,5,3,5,3,1,0,0,1,0,0,0,5.85052E+20,5.79767E+21,1.02479E+16,5.23228E+16
129150,3.17041E+18,3,4,59,8,2017,4,15,4,3,5,7,1,1,0,0,0,0,0,4.39547E+20,5.79498E+21,8.11343E+15,5.23018E+16
129151,3.17041E+18,3,4,2,0,2017,4,10,4,3,2,2,1,1,0,0,0,0,0,3.80376E+20,5.91457E+21,7.20216E+15,5.33667E+16
129152,3.17041E+18,3,4,56,27,2017,4,14,4,3,2,2,0,1,0,0,0,0,0,3.79294E+20,5.79906E+21,7.22867E+15,5.23286E+16
129153,3.17041E+18,3,4,60,3,2017,4,16,4,2,5,3,0,1,0,0,0,0,0,4.40578E+20,5.83469E+21,8.12146E+15,5.26589E+16
129154,3.17041E+18,3,4,60,2,2017,4,15,4,3,3,2,1,0,0,0,0,0,0,4.45566E+20,5.819E+21,8.19778E+15,5.25184E+16
129155,3.17041E+18,3,4,53,9,2017,4,16,4,3,5,3,0,1,0,0,0,0,0,4.2297E+20,5.84861E+21,7.85792E+15,5.27818E+16
129156,3.17041E+18,3,4,55,15,2017,4,16,4,3,2,6,0,1,0,0,0,0,0,4.30073E+20,5.93321E+21,7.94473E+15,5.35431E+16
129157,3.17041E+18,3,3,56,7,2017,4,11,4,3,5,2,0,1,0,0,0,0,0,4.85545E+20,5.89713E+21,8.78349E+15,5.32232E+16
129158,3.17041E+18,3,4,3,0,2017,4,12,4,3,2,6,0,1,0,0,0,0,0,4.46777E+20,5.88735E+21,8.20449E+15,5.31329E+16
129159,3.17041E+18,3,4,3,0,2017,4,11,4,3,2,6,0,1,0,0,0,0,0,4.47734E+20,5.88798E+21,8.21868E+15,5.31387E+16
129160,3.17041E+18,3,4,3,0,2017,4,9,4,3,5,3,1,1,0,0,0,0,0,4.4689E+20,5.89057E+21,8.20564E+15,5.31619E+16
129161,3.17041E+18,3,4,3,0,2017,4,8,4,3,2,2,0,1,0,0,0,0,0,4.461E+20,5.88937E+21,8.19403E+15,5.3151E+16
129162,3.17041E+18,3,3,55,22,2017,4,13,4,2,0,7,1,0,1,0,0,0,0,5.94168E+20,5.901E+21,1.04114E+16,5.32499E+16
129163,3.17041E+18,3,2,41,10,2017,4,19,4,3,5,3,1,1,0,0,0,0,0,5.4995E+20,5.8105E+21,9.73487E+15,5.24424E+16
129164,3.17041E+18,3,2,41,10,2017,4,12,4,3,6,4,0,1,1,0,0,0,0,5.50493E+20,5.81024E+21,9.74282E+15,5.244E+16
129165,3.17041E+18,3,2,41,18,2017,4,8,4,3,5,3,1,1,0,0,0,0,0,5.72171E+20,5.8162E+21,1.0063E+16,5.24912E+16
129166,3.17041E+18,3,1,53,12,2017,4,12,4,2,6,4,0,1,1,0,0,0,0,5.80765E+20,5.74927E+21,1.01736E+16,5.18883E+16
129167,3.17041E+18,3,1,51,9,2017,4,18,4,3,5,3,1,1,0,0,0,0,0,6.04868E+20,5.81557E+21,1.05442E+16,5.24802E+16
129168,3.17041E+18,3,1,1,0,2017,4,7,4,2,5,3,1,1,0,0,0,0,0,6.02735E+20,5.78758E+21,1.05042E+16,5.22291E+16
129169,3.17041E+18,3,1,1,0,2017,4,6,4,3,5,3,1,1,0,0,0,0,0,6.04708E+20,5.79408E+21,1.05351E+16,5.22871E+16
129170,3.1704E+18,3,4,57,13,2017,4,15,3,3,1,5,0,1,0,0,0,0,0,3.97749E+20,5.89944E+21,7.46802E+15,5.32344E+16
129171,3.1704E+18,3,4,54,35,2017,4,19,3,3,4,6,1,0,0,0,0,0,0,3.84162E+20,5.8396E+21,7.28595E+15,5.26939E+16
129172,3.1704E+18,3,4,52,1,2017,4,9,3,3,5,3,1,1,0,0,0,0,0,3.99501E+20,5.92465E+21,7.48625E+15,5.34613E+16
129173,3.1704E+18,3,4,53,1,2017,4,15,3,3,5,3,1,1,0,0,0,0,0,4.16567E+20,5.88922E+21,7.75255E+15,5.31459E+16
129174,3.1704E+18,3,4,60,6,2017,4,17,3,3,5,3,1,1,0,0,0,0,0,4.48965E+20,5.83332E+21,8.24567E+15,5.26474E+16
129175,3.1704E+18,3,4,53,8,2017,4,16,3,3,7,7,0,1,0,0,1,0,0,4.37049E+20,5.86669E+21,8.06313E+15,5.29462E+16
129176,3.1704E+18,3,4,55,26,2017,4,7,3,3,0,3,0,1,0,0,0,0,0,4.3933E+20,5.91705E+21,8.08752E+15,5.33991E+16
129177,3.1704E+18,3,4,5,0,2017,4,16,3,3,5,3,1,1,0,0,0,0,0,4.41417E+20,5.92922E+21,8.11663E+15,5.35086E+16
129178,3.1704E+18,3,4,51,2,2017,4,16,3,3,1,1,0,1,0,0,0,0,0,4.41557E+20,5.88833E+21,8.12629E+15,5.31411E+16
129179,3.1704E+18,3,4,3,0,2017,4,11,3,3,5,3,0,1,0,0,0,0,0,4.4845E+20,5.8913E+21,8.22885E+15,5.31686E+16
129180,3.1704E+18,3,2,51,37,2017,4,15,3,3,5,3,1,1,0,0,0,0,0,4.85004E+20,5.87193E+21,8.77657E+15,5.29967E+16
129181,3.1704E+18,3,2,51,12,2017,4,13,3,3,5,3,1,0,0,0,1,0,0,4.59708E+20,5.82911E+21,8.40496E+15,5.26105E+16
129182,3.1704E+18,3,3,52,59,2017,4,16,3,3,5,3,1,1,0,0,0,0,0,4.83139E+20,5.91988E+21,8.74624E+15,5.34277E+16
129183,3.1704E+18,3,3,59,10,2017,4,16,3,3,4,5,1,1,0,0,0,0,0,5.46262E+20,5.92448E+21,9.6969E+15,5.34673E+16
129184,3.1704E+18,3,3,59,38,2017,4,7,3,3,6,4,0,1,1,0,0,0,0,5.32054E+20,5.93781E+21,9.48425E+15,5.35882E+16
129185,3.1704E+18,3,3,55,22,2017,4,15,3,3,2,6,0,1,0,0,0,0,0,5.93352E+20,5.89996E+21,1.03989E+16,5.32407E+16
129186,3.1704E+18,3,3,51,6,2017,4,9,3,3,1,5,0,1,0,0,0,0,0,5.73034E+20,5.83125E+21,1.0079E+16,5.26263E+16
129187,3.1704E+18,3,2,41,9,2017,4,14,3,3,5,3,1,1,0,0,0,0,0,5.54302E+20,5.79594E+21,9.79654E+15,5.23111E+16
129188,3.1704E+18,3,2,41,1,2017,4,8,3,3,5,3,0,0,0,1,1,0,0,5.49794E+20,5.80639E+21,9.73195E+15,5.24055E+16
129189,3.1704E+18,3,2,41,1,2017,4,18,3,3,5,3,1,1,0,0,0,0,0,5.51112E+20,5.80813E+21,9.75159E+15,5.2421E+16
129190,3.1704E+18,3,2,41,1,2017,4,13,3,3,5,3,1,1,0,0,0,0,0,5.5415E+20,5.80634E+21,9.79598E+15,5.24047E+16
129191,3.1704E+18,3,2,41,1,2017,4,11,3,3,0,1,1,0,0,0,0,0,0,5.53148E+20,5.80802E+21,9.78153E+15,5.24198E+16
129192,3.1704E+18,3,2,41,1,2017,4,14,3,3,2,6,0,1,0,0,0,0,0,5.49929E+20,5.80303E+21,9.73344E+15,5.23753E+16
129193,3.1704E+18,3,2,41,15,2017,4,18,3,3,6,7,0,1,1,0,0,0,0,5.42332E+20,5.80335E+21,9.62189E+15,5.23788E+16
129194,3.1704E+18,3,2,41,1,2017,4,14,3,3,5,3,1,1,0,0,0,0,0,5.54947E+20,5.80555E+21,9.80757E+15,5.23974E+16
129195,3.1704E+18,3,2,41,1,2017,4,17,3,3,5,2,0,1,0,1,0,0,0,5.47862E+20,5.80231E+21,9.70298E+15,5.2369E+16
129196,3.1704E+18,3,2,41,1,2017,4,13,3,2,5,3,1,1,0,0,0,0,0,5.52989E+20,5.79981E+21,9.77788E+15,5.2346E+16
129197,3.1704E+18,3,2,41,1,2017,4,14,3,3,5,3,1,1,0,0,0,0,0,5.50684E+20,5.80253E+21,9.74446E+15,5.23707E+16
129198,3.1704E+18,3,2,54,26,2017,4,15,3,3,5,3,0,1,0,0,0,0,0,5.53118E+20,5.77697E+21,9.77618E+15,5.21407E+16
129199,3.1704E+18,3,2,54,21,2017,4,15,3,3,5,3,1,1,0,0,0,0,0,5.65713E+20,5.77904E+21,9.96061E+15,5.21579E+16
129200,3.1704E+18,3,2,52,7,2017,4,12,3,3,6,6,0,1,1,0,0,0,0,5.17056E+20,5.77973E+21,9.24938E+15,5.21677E+16
129201,3.1704E+18,3,1,59,10,2017,4,16,3,3,0,2,1,1,0,0,0,0,0,5.87149E+20,5.70748E+21,1.02559E+16,5.15118E+16
129202,3.1704E+18,3,1,58,39,2017,4,11,3,3,5,3,1,0,0,0,1,0,0,6.05693E+20,5.76803E+21,1.05414E+16,5.20528E+16
129203,3.1704E+18,3,1,58,37,2017,4,9,3,3,5,3,0,1,0,0,0,0,0,6.0608E+20,5.78146E+21,1.05513E+16,5.21734E+16
129204,3.1704E+18,3,1,53,2,2017,4,11,3,3,6,4,0,1,1,0,0,0,0,6.07615E+20,5.74886E+21,1.05635E+16,5.18801E+16
129205,3.1704E+18,3,1,1,0,2017,4,18,3,3,4,7,0,1,0,0,0,0,0,6.03676E+20,5.79019E+21,1.05188E+16,5.22523E+16
129206,3.1704E+18,3,1,1,0,2017,4,15,3,3,5,2,0,1,0,1,0,0,0,6.0543E+20,5.79213E+21,1.05451E+16,5.22694E+16
129207,3.1704E+18,3,1,1,0,2017,4,7,3,2,8,1,0,1,0,0,0,0,0,6.06667E+20,5.79052E+21,1.05627E+16,5.22547E+16
129208,3.1704E+18,3,4,4,0,2017,4,12,2,3,2,6,0,1,0,0,0,0,0,4.31985E+20,5.79497E+21,8.00254E+15,5.23009E+16
129209,3.1704E+18,3,4,2,0,2017,4,10,2,3,3,2,1,1,0,0,0,0,0,3.802E+20,5.91483E+21,7.1994E+15,5.3369E+16
129210,3.1704E+18,3,4,57,24,2017,4,11,2,3,5,3,0,1,0,0,0,0,0,3.84375E+20,5.89437E+21,7.26957E+15,5.31861E+16
129211,3.1704E+18,3,4,56,15,2017,4,17,2,2,5,3,0,1,0,0,0,0,0,3.67642E+20,5.80961E+21,7.05361E+15,5.24207E+16
129212,3.1704E+18,3,4,54,35,2017,4,11,2,3,5,3,1,1,0,0,0,0,0,3.84288E+20,5.83819E+21,7.28831E+15,5.26813E+16
129213,3.1704E+18,3,4,54,1,2017,4,6,2,2,5,3,0,1,0,0,1,1,0,4.02533E+20,5.81863E+21,7.56386E+15,5.25091E+16
129214,3.1704E+18,3,4,52,20,2017,4,13,2,3,5,3,1,0,0,0,0,0,0,3.77727E+20,5.95275E+21,7.14744E+15,5.37091E+16
129215,3.1704E+18,3,4,60,6,2017,4,15,2,3,5,2,1,1,0,0,0,0,0,4.48338E+20,5.83523E+21,8.23609E+15,5.26646E+16
129216,3.1704E+18,3,4,55,7,2017,4,7,2,3,2,6,0,1,0,0,0,0,0,4.29197E+20,5.93469E+21,7.93117E+15,5.35563E+16
129217,3.1704E+18,3,4,3,0,2017,4,14,2,3,5,3,1,1,0,0,0,0,0,4.46491E+20,5.88861E+21,8.19999E+15,5.31442E+16
129218,3.17043E+18,3,2,41,1,2017,4,16,5,3,6,4,0,1,1,0,0,0,0,5.55708E+20,5.80478E+21,9.81863E+15,5.23905E+16
129219,3.17043E+18,3,4,59,24,2017,4,14,5,3,4,6,1,1,0,0,0,0,0,4.54513E+20,5.78359E+21,8.33442E+15,5.22009E+16
129220,3.17043E+18,3,4,4,0,2017,4,11,5,3,3,2,1,1,0,0,0,0,0,4.32458E+20,5.79209E+21,8.01006E+15,5.22751E+16
129221,3.17043E+18,3,4,57,16,2017,4,18,5,2,9,7,0,0,0,1,0,0,0,4.02923E+20,5.89874E+21,7.54572E+15,5.3229E+16
129222,3.17043E+18,3,4,56,27,2017,4,12,5,3,5,3,1,1,0,0,0,0,0,3.78976E+20,5.79808E+21,7.22435E+15,5.23197E+16
129223,3.17043E+18,3,4,56,14,2017,4,10,5,3,4,6,1,0,0,0,1,0,0,3.63353E+20,5.81984E+21,6.9864E+15,5.25115E+16
129224,3.17043E+18,3,4,60,4,2017,4,12,5,3,5,3,0,1,0,0,0,0,0,4.55729E+20,5.84664E+21,8.34383E+15,5.27678E+16
129225,3.17043E+18,3,4,5,0,2017,4,15,5,3,5,3,1,1,0,0,0,0,1,4.40129E+20,5.93206E+21,8.09667E+15,5.3534E+16
129226,3.17043E+18,3,3,56,7,2017,4,15,5,3,0,7,0,1,0,0,0,0,0,4.87589E+20,5.89825E+21,8.81407E+15,5.32334E+16
129227,3.17043E+18,3,4,3,0,2017,4,8,5,2,4,2,1,1,0,0,0,0,0,4.48189E+20,5.89311E+21,8.22465E+15,5.31848E+16
129228,3.17043E+18,3,4,3,0,2017,4,10,5,3,5,3,1,1,0,0,0,0,0,4.47452E+20,5.88898E+21,8.21431E+15,5.31476E+16
129229,3.17043E+18,3,2,51,47,2017,4,7,5,3,5,3,1,1,0,0,0,0,0,4.89194E+20,5.87011E+21,8.83906E+15,5.29804E+16
129230,3.17043E+18,3,3,52,11,2017,4,19,5,3,5,3,0,1,0,0,0,0,1,4.79797E+20,5.96925E+21,8.69274E+15,5.38713E+16
129231,3.17043E+18,3,3,53,40,2017,4,19,5,3,9,7,0,1,0,0,0,1,0,5.80397E+20,5.91524E+21,1.02086E+16,5.33802E+16
129232,3.17043E+18,3,3,53,5,2017,4,11,5,3,1,5,0,1,0,0,0,0,0,5.54281E+20,5.90723E+21,9.81471E+15,5.33115E+16
129233,3.17043E+18,3,3,57,21,2017,4,17,5,3,1,7,0,1,0,0,0,0,0,5.2306E+20,5.90692E+21,9.34611E+15,5.3311E+16
129234,3.17043E+18,3,2,41,1,2017,4,21,5,3,8,6,0,1,0,1,0,2,0,5.48704E+20,5.80749E+21,9.7161E+15,5.24154E+16
129235,3.17043E+18,3,2,56,22,2017,4,9,5,3,1,5,0,1,0,0,0,0,0,5.14765E+20,5.83361E+21,9.21826E+15,5.26522E+16
129236,3.17043E+18,3,2,54,32,2017,4,10,5,3,5,3,0,1,0,1,0,0,0,5.80334E+20,5.78512E+21,1.01757E+16,5.22106E+16
129237,3.17043E+18,3,2,55,2,2017,4,17,5,3,5,3,1,1,0,0,0,0,0,5.33732E+20,5.74527E+21,9.4898E+15,5.18572E+16
129238,3.17043E+18,3,1,58,37,2017,4,17,5,3,5,3,0,1,0,0,0,0,0,6.06787E+20,5.78116E+21,1.05615E+16,5.21706E+16
129239,3.17043E+18,3,4,59,20,2017,4,16,4,2,0,1,1,0,0,0,0,0,0,4.31018E+20,5.78402E+21,7.99061E+15,5.22023E+16
129240,3.17043E+18,3,4,59,30,2017,4,12,4,3,5,3,1,0,0,0,0,0,0,4.29105E+20,5.83685E+21,7.9514E+15,5.2677E+16
129241,3.17043E+18,3,4,4,0,2017,4,8,4,3,2,6,0,1,0,0,0,0,0,4.31781E+20,5.79515E+21,7.99951E+15,5.23025E+16
129242,3.17043E+18,3,4,4,0,2017,4,18,4,2,0,1,1,1,0,0,0,0,1,4.3718E+20,5.79413E+21,8.07888E+15,5.2294E+16
129243,3.17043E+18,3,4,54,41,2017,4,16,4,3,4,6,1,0,0,1,0,0,0,3.92493E+20,5.88217E+21,7.3951E+15,5.30782E+16
129244,3.17043E+18,3,4,54,35,2017,4,16,4,2,0,3,1,1,0,0,0,0,1,3.84947E+20,5.83552E+21,7.29898E+15,5.26574E+16
129245,3.17043E+18,3,4,54,32,2017,4,6,4,3,5,3,1,1,0,0,0,0,0,3.86363E+20,5.81866E+21,7.32569E+15,5.25062E+16
129246,3.17043E+18,3,4,52,7,2017,4,19,4,3,8,1,0,0,0,1,0,0,0,3.91952E+20,5.93876E+21,7.36773E+15,5.35866E+16
129247,3.17043E+18,3,4,53,13,2017,4,13,4,3,5,2,0,1,0,1,0,0,0,4.12478E+20,5.8836E+21,7.69296E+15,5.30946E+16
129248,3.17043E+18,3,4,53,7,2017,4,16,4,3,5,2,1,1,0,0,0,0,0,4.23237E+20,5.87556E+21,7.85552E+15,5.3024E+16
129249,3.17043E+18,3,4,5,0,2017,4,13,4,3,4,6,1,0,0,0,0,0,0,4.39969E+20,5.93617E+21,8.09347E+15,5.3571E+16
129250,3.17043E+18,3,4,5,0,2017,4,12,4,3,5,3,1,1,0,0,0,0,0,4.41928E+20,5.93166E+21,8.12389E+15,5.35307E+16
129251,3.17043E+18,3,4,51,7,2017,4,11,4,2,4,2,0,1,0,1,0,0,0,4.28548E+20,5.9015E+21,7.9289E+15,5.32579E+16
129252,3.17043E+18,3,2,51,37,2017,4,8,4,2,0,3,0,1,0,1,0,0,0,4.81292E+20,5.86917E+21,8.72142E+15,5.29718E+16
129253,3.17043E+18,3,2,51,37,2017,4,13,4,3,2,6,0,1,0,0,0,0,0,4.84584E+20,5.87149E+21,8.77033E+15,5.29928E+16
129254,3.17043E+18,3,2,51,40,2017,4,15,4,3,0,3,1,1,0,0,0,0,0,4.86585E+20,5.83711E+21,8.80155E+15,5.26838E+16
129255,3.17043E+18,3,2,51,21,2017,4,10,4,3,5,3,0,1,0,0,1,0,0,4.88412E+20,5.82718E+21,8.82892E+15,5.25946E+16
129256,3.17043E+18,3,3,53,5,2017,4,6,4,3,1,5,0,1,0,0,0,0,0,5.577E+20,5.90821E+21,9.86621E+15,5.332E+16
129257,3.17043E+18,3,3,59,38,2017,4,13,4,3,0,1,0,0,0,1,0,0,1,5.31889E+20,5.93986E+21,9.48196E+15,5.36066E+16
129258,3.17043E+18,3,3,59,38,2017,4,15,4,3,1,5,0,1,0,0,0,0,1,5.30606E+20,5.93773E+21,9.46236E+15,5.35875E+16
129259,3.17043E+18,3,3,57,47,2017,4,13,4,3,5,3,0,0,0,1,1,0,0,5.06254E+20,5.89694E+21,9.09366E+15,5.32217E+16
129260,3.17043E+18,3,3,51,4,2017,4,14,4,2,5,3,1,0,0,0,1,0,0,5.6189E+20,5.85843E+21,9.91951E+15,5.2872E+16
129261,3.17043E+18,3,2,41,1,2017,4,15,4,3,3,2,1,1,0,0,0,0,0,5.51115E+20,5.80308E+21,9.75087E+15,5.23756E+16
129262,3.17043E+18,3,2,41,10,2017,4,19,4,3,5,2,0,1,0,1,0,0,0,5.49677E+20,5.81032E+21,9.73083E+15,5.24408E+16
129263,3.17043E+18,3,2,41,1,2017,4,7,4,2,5,2,1,1,0,0,0,0,0,5.47328E+20,5.80675E+21,9.69577E+15,5.2409E+16
129264,3.17043E+18,3,2,41,1,2017,4,18,4,3,6,4,0,1,1,0,0,0,0,5.53148E+20,5.80755E+21,9.78145E+15,5.24156E+16
129265,3.17043E+18,3,2,52,3,2017,4,10,4,3,0,6,1,1,0,0,0,0,0,5.17437E+20,5.75953E+21,9.25392E+15,5.19862E+16
129266,3.17043E+18,3,2,52,6,2017,4,5,4,3,5,3,1,1,0,0,0,0,0,5.25468E+20,5.77301E+21,9.37186E+15,5.2107E+16
129267,3.17043E+18,3,1,1,0,2017,4,15,4,2,3,5,0,1,0,1,0,0,0,6.05123E+20,5.79071E+21,1.05402E+16,5.22568E+16
129268,3.17043E+18,3,1,1,0,2017,4,14,4,3,1,5,0,1,0,0,0,0,0,6.03114E+20,5.79867E+21,1.05132E+16,5.23286E+16
129269,3.17043E+18,3,1,1,0,2017,4,8,4,3,2,6,1,1,0,0,0,0,0,6.04717E+20,5.7918E+21,1.05345E+16,5.22666E+16
129270,3.17043E+18,3,4,59,24,2017,4,5,3,3,6,4,0,1,1,0,0,1,0,4.54035E+20,5.78469E+21,8.32728E+15,5.22107E+16
129271,3.17043E+18,3,4,4,0,2017,4,17,3,3,5,2,0,1,0,1,0,0,0,4.34522E+20,5.7914E+21,8.04043E+15,5.22691E+16
129272,3.17043E+18,3,4,4,0,2017,4,17,3,3,2,7,1,1,0,0,0,0,0,4.35325E+20,5.79172E+21,8.05214E+15,5.22721E+16
129273,3.17043E+18,3,4,4,0,2017,4,13,3,3,1,7,0,1,0,0,1,0,1,4.35238E+20,5.79199E+21,8.05082E+15,5.22745E+16
129274,3.17043E+18,3,4,54,41,2017,4,5,3,3,5,3,0,1,0,1,0,1,0,3.92205E+20,5.88363E+21,7.39032E+15,5.30912E+16
129275,3.17043E+18,3,4,56,14,2017,4,19,3,3,5,3,0,1,0,0,0,0,0,3.62065E+20,5.81833E+21,6.96805E+15,5.24976E+16
129276,3.17043E+18,3,4,56,15,2017,4,7,3,3,5,3,1,1,0,0,0,0,1,3.66795E+20,5.81033E+21,7.04088E+15,5.2427E+16
129277,3.17043E+18,3,4,54,18,2017,4,9,3,3,5,3,1,1,0,0,0,0,0,3.80388E+20,5.85122E+21,7.22589E+15,5.27975E+16
129278,3.17043E+18,3,4,54,29,2017,4,14,3,3,2,2,0,1,0,0,0,0,1,3.8703E+20,5.85802E+21,7.32201E+15,5.28601E+16
129279,3.17043E+18,3,4,54,35,2017,4,7,3,3,5,3,1,1,0,0,0,0,0,3.85228E+20,5.83984E+21,7.30164E+15,5.26963E+16
129280,3.17043E+18,3,4,54,32,2017,4,4,3,3,8,1,0,0,0,0,1,2,1,3.8173E+20,5.82275E+21,7.256E+15,5.2542E+16
129281,3.17043E+18,3,4,52,25,2017,4,20,3,3,5,3,0,1,0,1,0,0,1,4.16801E+20,5.91911E+21,7.74821E+15,5.34145E+16
129282,3.17043E+18,3,4,52,1,2017,4,7,3,3,5,3,1,1,0,0,0,0,1,3.98604E+20,5.92563E+21,7.47242E+15,5.34699E+16
129283,3.17043E+18,3,4,53,7,2017,4,13,3,3,2,6,0,1,0,0,0,0,0,4.23196E+20,5.87486E+21,7.85506E+15,5.30178E+16
129284,3.17043E+18,3,4,60,8,2017,4,11,3,3,5,3,0,1,0,0,0,0,1,4.46382E+20,5.82763E+21,8.20841E+15,5.2596E+16
129285,3.17043E+18,3,4,60,9,2017,4,15,3,3,5,3,1,1,0,0,0,0,1,4.51421E+20,5.84047E+21,8.28091E+15,5.2712E+16
129286,3.17043E+18,3,4,53,3,2017,4,16,3,2,4,2,0,1,0,0,0,0,1,4.42399E+20,5.85132E+21,8.14546E+15,5.28086E+16
129287,3.17043E+18,3,4,55,7,2017,4,9,3,3,5,3,0,1,0,0,0,0,0,4.27665E+20,5.93628E+21,7.90768E+15,5.35704E+16
129288,3.17043E+18,3,4,5,0,2017,4,13,3,3,5,3,1,1,0,0,0,0,0,4.41936E+20,5.93195E+21,8.12396E+15,5.35332E+16
129289,3.17043E+18,3,4,5,0,2017,4,18,3,2,6,4,0,1,1,0,0,0,0,4.40709E+20,5.93131E+21,8.10557E+15,5.35274E+16
129290,3.17043E+18,3,4,51,2,2017,4,13,3,3,6,7,0,1,1,0,0,0,0,4.33027E+20,5.89311E+21,7.99778E+15,5.31831E+16
129291,3.17043E+18,3,4,3,0,2017,4,18,3,3,2,6,0,1,0,0,0,0,0,4.45736E+20,5.88875E+21,8.18869E+15,5.31454E+16
129292,3.17043E+18,3,4,3,0,2017,4,16,3,3,4,3,1,1,0,0,0,0,0,4.48332E+20,5.88922E+21,8.22742E+15,5.31499E+16
129293,3.17043E+18,3,2,51,40,2017,4,14,3,3,2,2,0,1,0,0,0,0,1,4.85305E+20,5.83738E+21,8.7826E+15,5.26861E+16
129294,3.17043E+18,3,4,58,13,2017,4,15,3,3,0,7,1,0,0,0,1,0,1,4.4491E+20,5.88111E+21,8.17765E+15,5.30766E+16
129295,3.17043E+18,3,4,58,14,2017,4,15,3,3,2,6,0,1,0,0,0,0,1,4.62329E+20,5.86102E+21,8.43999E+15,5.28976E+16
129296,3.17043E+18,3,3,53,31,2017,4,0,3,3,7,7,0,0,0,1,0,2,1,5.70211E+20,5.91054E+21,1.00545E+16,5.33393E+16
129297,3.17043E+18,3,3,53,40,2017,4,16,3,3,0,7,0,1,0,0,0,0,0,5.80647E+20,5.91246E+21,1.02117E+16,5.33551E+16
129298,3.17043E+18,3,3,58,2,2017,4,12,3,3,5,7,0,1,0,0,1,0,0,5.6912E+20,5.88837E+21,1.00333E+16,5.31402E+16
129299,3.17043E+18,3,3,57,13,2017,4,8,3,3,5,3,0,1,0,0,0,0,1,5.25196E+20,5.89983E+21,9.3776E+15,5.32471E+16
129300,3.17043E+18,3,3,60,25,2017,4,19,3,2,5,3,0,1,0,1,0,0,0,6.04682E+20,5.86976E+21,1.05587E+16,5.29672E+16
129301,3.17043E+18,3,3,54,4,2017,4,13,3,3,3,6,1,0,0,0,0,0,0,6.40412E+20,5.88543E+21,1.10972E+16,5.30998E+16
129302,3.17043E+18,3,3,55,22,2017,4,13,3,3,6,4,0,1,1,0,0,0,0,5.92645E+20,5.89953E+21,1.03881E+16,5.3237E+16
129303,3.17043E+18,3,3,55,22,2017,4,9,3,2,5,3,1,1,0,0,0,0,1,5.93796E+20,5.89899E+21,1.04052E+16,5.32319E+16
129304,3.17043E+18,3,2,41,1,2017,4,9,3,3,0,3,0,1,0,0,0,0,0,5.50417E+20,5.80705E+21,9.74122E+15,5.24114E+16
129305,3.17043E+18,3,2,41,1,2017,4,9,3,3,5,2,0,1,0,0,1,0,1,5.51281E+20,5.80339E+21,9.75336E+15,5.23784E+16
129306,3.17043E+18,3,2,41,12,2017,4,17,3,3,1,5,1,1,0,0,0,0,1,5.31304E+20,5.8175E+21,9.46121E+15,5.25067E+16
129307,3.17043E+18,3,2,41,12,2017,4,14,3,3,1,5,1,0,0,0,1,0,1,5.30493E+20,5.81666E+21,9.44919E+15,5.24992E+16
129308,3.17043E+18,3,2,41,11,2017,4,18,3,3,2,6,0,1,0,0,0,0,0,5.69056E+20,5.80409E+21,1.00146E+16,5.23827E+16
129309,3.17043E+18,3,2,41,11,2017,4,7,3,3,5,7,0,1,0,0,0,0,1,5.66195E+20,5.80344E+21,9.97243E+15,5.23772E+16
129310,3.17043E+18,3,2,41,4,2017,4,9,3,3,5,3,0,1,0,0,0,0,1,5.5817E+20,5.81634E+21,9.85681E+15,5.24941E+16