OBJECTID,UIDENTSTLA,ULAND,UREGBEZ,UKREIS,UGEMEINDE,UJAHR,UMONAT,USTUNDE,UWOCHENTAG,UKATEGORIE,UART,UTYP1,IstRad,IstPKW,IstFuss,IstKrad,IstSonstig,LICHT,STRZUSTAND,LINREFX,LINREFY,XGCSWGS84,YGCSWGS84
129311,3.17043E+18,3,2,57,35,2017,4,15,3,3,6,2,0,1,1,0,0,0,0,5.13566E+20,5.79641E+21,9.19902E+15,5.23178E+16
129312,3.17043E+18,3,2,52,6,2017,4,16,3,3,5,3,1,1,0,0,0,0,0,5.25121E+20,5.77248E+21,9.36676E+15,5.21023E+16
129313,3.17043E+18,3,1,1,0,2017,4,17,3,3,5,3,1,1,0,0,0,0,0,6.03711E+20,5.79167E+21,1.05198E+16,5.22656E+16
129314,3.17042E+18,3,4,59,11,2017,4,13,2,3,6,2,0,1,1,0,0,0,0,4.14602E+20,5.8263E+21,7.73967E+15,5.258E+16
129315,3.17042E+18,3,4,57,13,2017,4,15,2,2,5,3,0,1,0,1,0,0,1,3.97183E+20,5.90011E+21,7.45933E+15,5.32403E+16
129316,3.17042E+18,3,4,54,41,2017,4,16,2,3,5,3,0,1,0,0,0,0,1,3.92233E+20,5.88258E+21,7.39109E+15,5.30818E+16
129317,3.17042E+18,3,4,56,19,2017,4,13,2,3,5,3,0,1,0,0,1,0,0,3.62381E+20,5.83038E+21,6.96771E+15,5.2606E+16
129318,3.17042E+18,3,4,54,35,2017,4,14,2,3,4,6,1,1,0,0,0,0,0,3.86326E+20,5.83975E+21,7.3179E+15,5.26957E+16
129319,3.17042E+18,3,4,54,32,2017,4,14,2,3,5,3,1,1,0,0,0,0,1,3.86252E+20,5.82217E+21,7.32285E+15,5.25377E+16
129320,3.17042E+18,3,4,53,4,2017,4,19,2,3,8,1,0,1,0,0,0,1,1,4.32506E+20,5.85444E+21,7.99807E+15,5.28355E+16
129321,3.17042E+18,3,4,55,7,2017,4,13,2,3,4,6,1,0,0,0,0,0,0,4.27388E+20,5.93637E+21,7.90348E+15,5.35712E+16
129322,3.17042E+18,3,3,56,5,2017,4,16,2,2,5,3,0,1,0,1,0,0,1,4.98903E+20,5.887E+21,8.98361E+15,5.31324E+16
129323,3.17042E+18,3,3,61,12,2017,4,7,2,3,2,2,0,1,0,1,0,0,0,5.16541E+20,5.86419E+21,9.24606E+15,5.29271E+16
129324,3.17042E+18,3,4,3,0,2017,4,16,2,3,2,6,0,1,0,0,0,0,1,4.47202E+20,5.88859E+21,8.21063E+15,5.31441E+16
129325,3.17042E+18,3,3,52,50,2017,4,6,2,3,5,3,1,1,0,0,0,2,1,4.75567E+20,5.93688E+21,8.63096E+15,5.35802E+16
129326,3.17042E+18,3,3,60,25,2017,4,18,2,3,5,3,1,0,0,0,0,0,0,6.05237E+20,5.86948E+21,1.05669E+16,5.29646E+16
129327,3.17042E+18,3,3,55,22,2017,4,20,2,3,2,2,0,1,0,0,0,0,1,5.93028E+20,5.90033E+21,1.03941E+16,5.32441E+16
129328,3.17042E+18,3,3,55,22,2017,4,18,2,3,2,6,0,1,0,0,0,0,1,5.94497E+20,5.90069E+21,1.04162E+16,5.32471E+16
129329,3.17042E+18,3,2,41,14,2017,4,13,2,3,6,7,0,1,1,0,0,0,0,5.46053E+20,5.79967E+21,9.67605E+15,5.23454E+16
129330,3.17042E+18,3,2,41,10,2017,4,19,2,3,6,4,0,1,1,0,0,1,0,5.51501E+20,5.80972E+21,9.75757E+15,5.24353E+16
129331,3.17042E+18,3,2,41,1,2017,4,15,2,3,5,3,0,1,0,0,0,0,0,5.54887E+20,5.80461E+21,9.80653E+15,5.2389E+16
129332,3.17042E+18,3,2,41,1,2017,4,11,2,3,5,3,1,0,0,0,1,0,0,5.54967E+20,5.80357E+21,9.80754E+15,5.23797E+16
129333,3.17042E+18,3,1,59,26,2017,4,14,2,2,5,3,0,0,1,0,1,0,0,5.8635E+20,5.73183E+21,1.02503E+16,5.17308E+16
129334,3.17042E+18,3,1,55,11,2017,4,17,2,3,5,2,0,1,0,1,0,0,0,5.69826E+20,5.72894E+21,1.00105E+16,5.1707E+16
129335,3.17042E+18,3,2,54,3,2017,4,14,2,3,5,3,0,1,0,0,0,0,0,5.65543E+20,5.78936E+21,9.96012E+15,5.22508E+16
129336,3.17042E+18,3,2,55,31,2017,4,11,2,3,5,3,0,1,0,0,0,0,0,5.28197E+20,5.75505E+21,9.41024E+15,5.19454E+16
129337,3.17042E+18,3,1,54,19,2017,4,12,2,3,1,5,0,1,0,0,0,0,0,6.34712E+20,5.77884E+21,1.09687E+16,5.21436E+16
129338,3.17042E+18,3,1,54,10,2017,4,17,2,3,4,2,0,1,0,0,0,0,0,6.3709E+20,5.78897E+21,1.10075E+16,5.2234E+16
129339,3.17042E+18,3,1,3,0,2017,4,13,2,3,5,3,1,1,0,0,0,0,0,6.2173E+20,5.80933E+21,1.07901E+16,5.24206E+16
129340,3.17042E+18,3,1,57,8,2017,4,3,2,3,0,7,0,0,0,1,0,2,0,5.93056E+20,5.80013E+21,1.0366E+16,5.23436E+16
129341,3.17042E+18,3,1,2,0,2017,4,7,2,3,5,3,0,1,0,0,0,0,0,5.91327E+20,5.78013E+21,1.03352E+16,5.21641E+16
129342,3.17042E+18,3,1,1,0,2017,4,15,2,3,5,3,0,1,0,0,0,0,0,6.03182E+20,5.78959E+21,1.05114E+16,5.22471E+16
129343,3.17042E+18,3,1,1,0,2017,4,9,2,3,5,7,0,1,0,0,1,0,0,5.99824E+20,5.79367E+21,1.04634E+16,5.22843E+16
129344,3.17042E+18,3,1,1,0,2017,4,7,2,3,1,5,1,1,0,0,0,0,0,6.05559E+20,5.79181E+21,1.05469E+16,5.22666E+16
129345,3.17042E+18,3,4,56,15,2017,4,18,1,2,8,1,0,1,0,0,0,0,0,3.70597E+20,5.81086E+21,7.09656E+15,5.24326E+16
129346,3.17042E+18,3,3,56,7,2017,4,10,1,3,5,3,1,1,0,0,0,0,1,4.85255E+20,5.89905E+21,8.77905E+15,5.32405E+16
129347,3.17042E+18,3,3,60,15,2017,4,6,1,3,9,1,0,1,0,0,0,2,1,6.12223E+20,5.87438E+21,1.06726E+16,5.30072E+16
129348,3.17042E+18,3,3,55,22,2017,4,10,1,3,9,1,0,1,0,0,0,0,1,5.96391E+20,5.90128E+21,1.04448E+16,5.3252E+16
129349,3.17042E+18,3,2,41,1,2017,4,17,1,3,6,4,0,1,1,0,0,0,0,5.45218E+20,5.80685E+21,9.66477E+15,5.24101E+16
129350,3.17042E+18,3,2,56,22,2017,4,19,1,2,2,6,0,1,0,0,0,1,0,5.14955E+20,5.83101E+21,9.22096E+15,5.26289E+16
129351,3.17042E+18,3,1,59,16,2017,4,20,1,2,0,1,1,0,0,0,0,0,0,5.651E+20,5.70921E+21,9.9385E+15,5.15303E+16
129352,3.17042E+18,3,1,59,16,2017,4,16,1,3,5,2,0,1,0,0,0,0,0,5.6432E+20,5.7104E+21,9.92747E+15,5.15411E+16
129353,3.17042E+18,3,4,59,12,2017,4,11,7,3,5,3,0,1,0,0,0,0,1,4.45338E+20,5.79127E+21,8.19895E+15,5.22691E+16
129354,3.17042E+18,3,4,59,33,2017,4,1,7,1,9,1,0,1,0,0,0,2,1,4.342E+20,5.80077E+21,8.03389E+15,5.23533E+16
129355,3.17042E+18,3,4,52,23,2017,4,10,7,3,5,3,0,1,0,0,0,0,0,3.93744E+20,5.92719E+21,7.39871E+15,5.34829E+16
129356,3.17042E+18,3,4,55,26,2017,4,0,7,3,0,1,1,0,0,0,0,2,1,4.40106E+20,5.9138E+21,8.0998E+15,5.337E+16
129357,3.17042E+18,3,4,5,0,2017,4,22,7,2,6,4,0,1,1,0,0,2,1,4.41098E+20,5.93071E+21,8.11154E+15,5.3522E+16
129358,3.17042E+18,3,4,51,2,2017,4,10,7,2,5,3,1,1,0,0,0,0,0,4.32928E+20,5.89314E+21,7.99629E+15,5.31834E+16
129359,3.17042E+18,3,2,51,42,2017,4,21,7,3,2,6,1,1,0,0,0,2,1,4.7618E+20,5.85028E+21,8.64668E+15,5.28018E+16
129360,3.17042E+18,3,3,52,11,2017,4,5,7,3,0,2,1,1,0,0,0,1,0,4.80262E+20,5.96909E+21,8.69982E+15,5.38699E+16
129361,3.17042E+18,3,3,53,5,2017,4,22,7,3,6,7,0,1,1,0,0,2,1,5.58989E+20,5.9099E+21,9.88587E+15,5.3335E+16
129362,3.17042E+18,3,3,59,38,2017,4,10,7,3,6,2,0,1,1,0,0,0,1,5.31468E+20,5.93887E+21,9.4755E+15,5.35977E+16
129363,3.17042E+18,3,3,60,25,2017,4,11,7,1,4,2,0,0,0,1,1,0,0,6.0323E+20,5.87275E+21,1.05381E+16,5.29943E+16
129364,3.17042E+18,3,3,55,22,2017,4,21,7,3,5,2,0,1,0,0,0,2,1,5.94041E+20,5.90136E+21,1.04096E+16,5.32532E+16
129365,3.17042E+18,3,3,55,22,2017,4,15,7,3,6,4,1,0,1,0,0,0,1,5.93802E+20,5.90106E+21,1.04059E+16,5.32505E+16
129366,3.17042E+18,3,3,55,22,2017,4,9,7,2,4,6,1,0,0,0,0,0,1,5.94651E+20,5.90082E+21,1.04186E+16,5.32482E+16
129367,3.17042E+18,3,2,41,5,2017,4,18,7,3,2,2,0,1,0,0,0,0,1,5.41736E+20,5.80763E+21,9.61367E+15,5.24173E+16
129368,3.17042E+18,3,2,41,4,2017,4,12,7,3,5,3,0,1,0,0,0,0,0,5.57762E+20,5.82368E+21,9.85207E+15,5.25601E+16
129369,3.17042E+18,3,2,41,1,2017,4,11,7,3,6,6,1,0,1,0,0,0,0,5.56199E+20,5.80187E+21,9.82534E+15,5.23642E+16
129370,3.17042E+18,3,1,59,4,2017,4,9,7,3,1,7,0,1,0,0,0,0,0,6.07508E+20,5.71396E+21,1.05511E+16,5.15665E+16
129371,3.17042E+18,3,1,57,6,2017,4,11,7,3,5,2,1,1,0,0,0,0,0,5.84098E+20,5.7974E+21,1.02339E+16,5.23205E+16
129372,3.17042E+18,3,1,51,25,2017,4,12,7,3,4,1,0,1,0,1,0,0,0,6.16039E+20,5.82309E+21,1.07112E+16,5.25455E+16
129373,3.17042E+18,3,1,1,0,2017,4,3,7,3,8,1,0,1,0,0,0,2,1,6.0472E+20,5.79224E+21,1.05347E+16,5.22705E+16
129374,3.17042E+18,3,4,4,0,2017,4,13,6,3,2,6,0,1,0,0,0,0,0,4.35162E+20,5.79099E+21,8.04989E+15,5.22654E+16
129375,3.17042E+18,3,4,57,13,2017,4,11,6,3,2,6,0,1,0,0,0,0,0,3.96413E+20,5.89957E+21,7.44797E+15,5.32353E+16
129376,3.17042E+18,3,4,54,18,2017,4,17,6,3,5,3,0,1,0,0,0,0,0,3.8722E+20,5.85151E+21,7.32707E+15,5.28016E+16
129377,3.17042E+18,3,4,52,19,2017,4,11,6,3,2,6,0,1,0,0,0,0,0,3.82255E+20,5.93828E+21,7.22149E+15,5.35802E+16
129378,3.17042E+18,3,4,60,6,2017,4,12,6,3,5,3,1,1,0,0,0,0,0,4.48292E+20,5.83549E+21,8.23537E+15,5.26669E+16
129379,3.17042E+18,3,4,53,9,2017,4,22,6,3,8,1,0,1,0,0,0,2,1,4.23375E+20,5.85008E+21,7.86358E+15,5.2795E+16
129380,3.17042E+18,3,4,53,4,2017,4,20,6,3,5,3,1,1,0,0,0,1,0,4.36404E+20,5.85659E+21,8.0555E+15,5.28553E+16
129381,3.17042E+18,3,4,53,4,2017,4,15,6,3,5,3,1,1,0,0,0,0,0,4.34676E+20,5.85393E+21,8.03038E+15,5.28312E+16
129382,3.17042E+18,3,4,55,15,2017,4,18,6,3,6,2,0,1,1,0,0,0,0,4.30235E+20,5.93314E+21,7.94718E+15,5.35425E+16
129383,3.17042E+18,3,4,55,7,2017,4,18,6,3,5,3,1,1,0,0,0,0,0,4.26061E+20,5.9362E+21,7.88349E+15,5.35695E+16
129384,3.17042E+18,3,4,5,0,2017,4,21,6,3,6,4,0,1,1,0,0,2,1,4.39859E+20,5.93685E+21,8.09169E+15,5.35771E+16
129385,3.17042E+18,3,4,5,0,2017,4,16,6,3,2,6,0,1,0,0,0,0,0,4.40128E+20,5.93009E+21,8.09704E+15,5.35164E+16
129386,3.17042E+18,3,4,3,0,2017,4,12,6,3,5,2,1,1,0,0,0,0,0,4.47766E+20,5.88965E+21,8.21888E+15,5.31537E+16
129387,3.17042E+18,3,3,55,22,2017,4,21,6,3,5,3,1,1,0,0,0,2,1,5.9549E+20,5.90226E+21,1.04316E+16,5.3261E+16
129388,3.17042E+18,3,2,41,1,2017,4,12,6,3,7,1,0,1,0,0,0,0,0,5.46565E+20,5.8053E+21,9.68434E+15,5.23959E+16
129389,3.17042E+18,3,2,41,1,2017,4,6,6,3,5,3,1,0,0,0,1,0,0,5.4788E+20,5.80024E+21,9.70296E+15,5.23504E+16
129390,3.17042E+18,3,2,41,1,2017,4,15,6,3,2,6,0,1,0,0,0,0,0,5.52724E+20,5.80265E+21,9.77444E+15,5.23716E+16
129391,3.17042E+18,3,2,41,1,2017,4,15,6,3,0,7,0,0,0,0,1,0,0,5.54553E+20,5.79863E+21,9.80065E+15,5.23352E+16
129392,3.17042E+18,3,2,41,17,2017,4,17,6,2,8,1,0,1,0,0,0,0,0,5.36103E+20,5.78341E+21,9.52826E+15,5.22E+16
129393,3.17042E+18,3,2,41,1,2017,4,5,6,3,2,6,0,1,0,1,0,1,0,5.45412E+20,5.80746E+21,9.6677E+15,5.24155E+16
129394,3.17042E+18,3,2,56,22,2017,4,15,6,3,2,6,0,1,0,0,0,0,0,5.15706E+20,5.8305E+21,9.23203E+15,5.26243E+16
129395,3.17042E+18,3,2,56,22,2017,4,11,6,3,4,2,1,1,0,0,0,0,0,5.14113E+20,5.83269E+21,9.20859E+15,5.2644E+16
129396,3.17042E+18,3,1,59,7,2017,4,17,6,3,5,3,1,1,0,0,0,0,0,5.64176E+20,5.71563E+21,9.92635E+15,5.15881E+16
129397,3.17042E+18,3,1,3,0,2017,4,11,6,3,5,2,1,1,0,0,0,0,0,6.25824E+20,5.81304E+21,1.08517E+16,5.24531E+16
129398,3.17042E+18,3,1,58,37,2017,4,23,6,3,8,7,0,1,0,0,0,2,1,6.05056E+20,5.7815E+21,1.05363E+16,5.21739E+16
129399,3.17042E+18,3,1,53,17,2017,4,12,6,3,1,5,0,1,0,0,0,0,0,5.98816E+20,5.75409E+21,1.04372E+16,5.19287E+16
129400,3.17042E+18,3,1,1,0,2017,4,9,6,3,6,4,1,0,1,0,0,0,0,6.04261E+20,5.79153E+21,1.05278E+16,5.22642E+16
129401,3.17042E+18,3,4,59,33,2017,4,6,5,3,4,2,0,1,0,0,0,0,0,4.32781E+20,5.80033E+21,8.01314E+15,5.23491E+16
129402,3.17042E+18,3,4,57,13,2017,4,13,5,3,2,6,0,1,0,0,0,0,0,3.96637E+20,5.89904E+21,7.4515E+15,5.32306E+16
129403,3.17042E+18,3,4,54,41,2017,4,15,5,3,5,3,1,1,0,0,0,0,0,3.94724E+20,5.88192E+21,7.42847E+15,5.30764E+16
129404,3.17042E+18,3,4,60,3,2017,4,20,5,3,5,3,1,1,0,0,0,1,0,4.40136E+20,5.83507E+21,8.11486E+15,5.26623E+16
129405,3.17042E+18,3,4,60,6,2017,4,21,5,3,5,2,0,1,0,1,0,2,0,4.46764E+20,5.8354E+21,8.2128E+15,5.26659E+16
129406,3.17042E+18,3,4,53,4,2017,4,17,5,3,6,4,1,0,1,0,0,0,0,4.35521E+20,5.85581E+21,8.04255E+15,5.28482E+16
129407,3.17042E+18,3,4,5,0,2017,4,8,5,3,2,6,0,1,0,0,1,0,0,4.405E+20,5.93078E+21,8.10251E+15,5.35225E+16
129408,3.17042E+18,3,4,3,0,2017,4,14,5,3,2,6,0,1,0,0,0,0,0,4.48056E+20,5.89047E+21,8.22309E+15,5.31611E+16
129409,3.17042E+18,3,4,3,0,2017,4,16,5,3,5,3,1,1,0,0,0,0,0,4.46595E+20,5.89326E+21,8.20078E+15,5.3186E+16
129410,3.17042E+18,3,4,3,0,2017,4,13,5,3,5,3,1,1,0,0,0,0,0,4.48114E+20,5.89311E+21,8.22353E+15,5.31848E+16
129411,3.17042E+18,3,4,3,0,2017,4,10,5,2,4,2,0,1,0,0,1,0,0,4.46697E+20,5.89356E+21,8.20226E+15,5.31887E+16
129412,3.17042E+18,3,2,51,47,2017,4,12,5,3,5,3,1,1,0,0,0,0,0,4.91055E+20,5.87058E+21,8.86676E+15,5.29847E+16
129413,3.17042E+18,3,2,51,49,2017,4,15,5,3,4,6,0,1,0,1,0,0,0,4.94684E+20,5.84935E+21,8.92116E+15,5.27939E+16
129414,3.17042E+18,3,4,61,2,2017,4,14,5,3,5,3,1,1,0,0,0,0,0,4.64583E+20,5.90971E+21,8.46813E+15,5.33354E+16
129415,3.17042E+18,3,4,61,6,2017,4,12,5,3,5,3,1,1,0,0,0,0,0,4.74102E+20,5.88941E+21,8.61273E+15,5.31534E+16
129416,3.17042E+18,3,3,53,5,2017,4,13,5,3,6,7,0,1,1,0,0,0,0,5.59556E+20,5.90914E+21,9.89424E+15,5.33281E+16
129417,3.17042E+18,3,3,58,16,2017,4,14,5,3,8,6,0,1,0,0,0,0,0,5.72197E+20,5.87465E+21,1.00762E+16,5.30165E+16
129418,3.17042E+18,3,3,55,1,2017,4,8,5,2,4,2,0,1,0,0,0,0,0,5.9605E+20,5.90462E+21,1.04407E+16,5.32821E+16
129419,3.17042E+18,3,3,51,6,2017,4,19,5,2,4,6,0,1,0,0,0,0,0,5.73064E+20,5.82996E+21,1.00791E+16,5.26147E+16
129420,3.17042E+18,3,2,41,1,2017,4,15,5,3,5,3,0,1,0,0,0,0,0,5.5627E+20,5.80779E+21,9.82739E+15,5.24174E+16
129421,3.17042E+18,3,2,41,10,2017,4,15,5,3,0,7,1,0,0,0,0,0,0,5.50127E+20,5.81024E+21,9.73743E+15,5.24401E+16
129422,3.17042E+18,3,2,41,1,2017,4,10,5,3,5,3,1,0,0,0,1,0,0,5.56958E+20,5.79937E+21,9.83607E+15,5.23417E+16
129423,3.17042E+18,3,2,41,1,2017,4,11,5,3,2,6,0,1,0,0,1,0,0,5.53946E+20,5.80536E+21,9.79282E+15,5.23958E+16
129424,3.17042E+18,3,1,59,16,2017,4,9,5,3,5,3,1,1,0,0,0,0,0,5.64607E+20,5.71252E+21,9.93199E+15,5.156E+16
129425,3.17042E+18,3,1,53,17,2017,4,9,5,3,5,3,0,1,0,0,0,0,0,5.98562E+20,5.75175E+21,1.04328E+16,5.19078E+16
129426,3.17042E+18,3,1,51,9,2017,4,16,5,3,5,2,1,1,0,0,0,0,0,6.04504E+20,5.81911E+21,1.05399E+16,5.25121E+16
129427,3.17042E+18,3,1,51,9,2017,4,12,5,3,2,6,0,1,0,0,0,0,0,6.04859E+20,5.81524E+21,1.05439E+16,5.24772E+16
129428,3.17042E+18,3,1,1,0,2017,4,19,5,3,3,6,1,0,0,0,1,0,0,6.04642E+20,5.79175E+21,1.05334E+16,5.22662E+16
129429,3.17042E+18,3,1,1,0,2017,4,16,5,3,2,6,0,1,0,1,0,0,0,6.03367E+20,5.79598E+21,1.05161E+16,5.23044E+16
129430,3.17042E+18,3,1,1,0,2017,4,16,5,3,5,3,0,1,0,1,0,0,0,6.03183E+20,5.7896E+21,1.05114E+16,5.22471E+16
129431,3.17042E+18,3,4,59,6,2017,4,9,4,3,0,3,1,1,0,0,0,0,0,4.42658E+20,5.77313E+21,8.16274E+15,5.21057E+16
129432,3.17042E+18,3,4,4,0,2017,4,12,4,3,0,1,1,0,0,0,0,0,0,4.33953E+20,5.79147E+21,8.03208E+15,5.22696E+16
129433,3.17042E+18,3,4,4,0,2017,4,6,4,3,6,4,1,0,1,0,0,1,0,4.34984E+20,5.79178E+21,8.04714E+15,5.22725E+16
129434,3.17042E+18,3,4,54,47,2017,4,15,4,2,4,7,0,1,0,0,1,0,0,4.01254E+20,5.85514E+21,7.53408E+15,5.28369E+16
129435,3.17042E+18,3,4,54,41,2017,4,13,4,3,5,3,0,1,0,0,0,0,0,3.95581E+20,5.88163E+21,7.44136E+15,5.30739E+16
129436,3.17042E+18,3,4,60,8,2017,4,4,4,3,5,3,1,0,0,0,1,2,0,4.46815E+20,5.82665E+21,8.21496E+15,5.25873E+16
129437,3.17042E+18,3,4,55,21,2017,4,8,4,3,5,3,1,0,0,0,0,0,0,4.27817E+20,5.96068E+21,7.9043E+15,5.37897E+16
129438,3.17042E+18,3,3,56,2,2017,4,8,4,3,4,6,0,1,0,0,1,0,0,5.01347E+20,5.89356E+21,9.02017E+15,5.31914E+16
129439,3.17042E+18,3,4,3,0,2017,4,8,4,3,5,3,1,1,0,0,0,0,0,4.48727E+20,5.88761E+21,8.23359E+15,5.31354E+16
129440,3.17042E+18,3,2,41,1,2017,4,18,4,3,7,7,1,0,0,0,0,0,0,5.46442E+20,5.80351E+21,9.68229E+15,5.23799E+16
129441,3.17042E+18,3,2,41,21,2017,4,7,4,3,5,7,0,1,0,0,1,0,0,5.3142E+20,5.8071E+21,9.46195E+15,5.24132E+16
129442,3.17042E+18,3,2,41,21,2017,4,10,4,3,6,7,0,1,1,0,0,0,0,5.29169E+20,5.80847E+21,9.42897E+15,5.24257E+16
129443,3.17042E+18,3,1,55,13,2017,4,11,4,3,2,6,0,1,0,1,0,0,0,5.60081E+20,5.7409E+21,9.8716E+15,5.18157E+16
129444,3.17042E+18,3,1,55,11,2017,4,17,4,3,1,5,1,1,0,0,1,0,0,5.68093E+20,5.73071E+21,9.98581E+15,5.17231E+16
129445,3.17042E+18,3,1,1,0,2017,4,18,4,3,5,3,0,1,0,0,0,0,0,6.01406E+20,5.7925E+21,1.04862E+16,5.22735E+16
129446,3.17042E+18,3,1,1,0,2017,4,7,4,3,5,3,1,1,0,0,0,0,0,6.00893E+20,5.79231E+21,1.04787E+16,5.22719E+16
129447,3.17042E+18,3,4,4,0,2017,4,17,3,3,5,3,0,1,0,1,0,0,0,4.3549E+20,5.79259E+21,8.05439E+15,5.22799E+16
129448,3.17042E+18,3,4,52,16,2017,4,6,3,2,9,1,0,1,0,0,0,0,1,3.84557E+20,5.94124E+21,7.25515E+15,5.36073E+16
129449,3.17042E+18,3,4,52,1,2017,4,16,3,3,1,1,0,1,0,0,0,0,0,4.00284E+20,5.92453E+21,7.49807E+15,5.34603E+16
129450,3.17042E+18,3,4,60,2,2017,4,14,3,3,5,3,1,1,0,0,0,0,1,4.45211E+20,5.81899E+21,8.19254E+15,5.25182E+16
129451,3.17042E+18,3,3,53,35,2017,4,14,3,3,2,2,0,1,0,0,0,0,0,5.4907E+20,5.90439E+21,9.73607E+15,5.32865E+16
129452,3.17042E+18,3,3,59,38,2017,4,12,3,3,2,6,0,1,0,0,0,0,0,5.33103E+20,5.93719E+21,9.50002E+15,5.35825E+16
129453,3.17042E+18,3,3,60,5,2017,4,16,3,3,1,5,0,1,0,0,0,0,0,6.12099E+20,5.85574E+21,1.06643E+16,5.28398E+16
129454,3.17042E+18,3,3,55,13,2017,4,14,3,3,6,2,0,1,1,0,0,0,0,6.15159E+20,5.89495E+21,1.07237E+16,5.31914E+16
129455,3.17042E+18,3,3,55,22,2017,4,15,3,2,9,7,0,1,0,0,0,0,0,5.94133E+20,5.90097E+21,1.04108E+16,5.32496E+16
129456,3.17042E+18,3,2,41,1,2017,4,11,3,3,6,6,0,1,1,0,0,0,1,5.4671E+20,5.80759E+21,9.6868E+15,5.24166E+16
129457,3.17042E+18,3,2,41,11,2017,4,17,3,3,6,4,0,1,1,0,0,0,0,5.66388E+20,5.80401E+21,9.97539E+15,5.23824E+16
129458,3.17042E+18,3,2,41,1,2017,4,7,3,3,5,3,1,1,0,0,0,0,1,5.46637E+20,5.80186E+21,9.68493E+15,5.23651E+16
129459,3.17042E+18,3,2,41,1,2017,4,8,3,3,6,4,0,1,1,0,0,0,1,5.50159E+20,5.80259E+21,9.73676E+15,5.23713E+16
129460,3.17042E+18,3,2,41,1,2017,4,7,3,3,5,3,0,1,0,0,0,0,1,5.53154E+20,5.80755E+21,9.78154E+15,5.24156E+16
129461,3.17042E+18,3,1,55,11,2017,4,17,3,3,5,2,0,1,0,0,0,0,0,5.69504E+20,5.72898E+21,1.00059E+16,5.17075E+16
129462,3.17042E+18,3,1,55,11,2017,4,13,3,2,6,4,0,1,1,0,0,0,1,5.68552E+20,5.72923E+21,9.99217E+15,5.17098E+16
129463,3.17042E+18,3,2,52,7,2017,4,12,3,3,5,2,0,1,0,0,0,0,0,5.17505E+20,5.77991E+21,9.25595E+15,5.21694E+16
129464,3.17042E+18,3,2,52,6,2017,4,20,3,3,5,3,0,1,0,0,0,1,0,5.24037E+20,5.77402E+21,9.35104E+15,5.21162E+16
129465,3.17042E+18,3,1,59,16,2017,4,20,3,1,5,3,1,1,0,0,0,0,1,5.65006E+20,5.70812E+21,9.93695E+15,5.15205E+16
129466,3.17042E+18,3,1,59,29,2017,4,4,3,3,5,3,0,1,0,0,0,2,1,5.62196E+20,5.70648E+21,9.89616E+15,5.15061E+16
129467,3.17042E+18,3,1,58,37,2017,4,17,3,3,6,4,0,1,1,0,0,0,0,6.04894E+20,5.77984E+21,1.05334E+16,5.21591E+16
129468,3.17042E+18,3,1,1,0,2017,4,20,3,3,5,3,0,1,0,0,0,2,1,6.01404E+20,5.7925E+21,1.04862E+16,5.22735E+16
129469,3.17042E+18,3,1,1,0,2017,4,15,3,2,6,4,0,0,1,0,1,0,0,6.02124E+20,5.79035E+21,1.04961E+16,5.22541E+16
129470,3.17042E+18,3,3,53,39,2017,4,8,2,3,6,1,0,1,1,0,0,0,0,5.49223E+20,5.91269E+21,9.73965E+15,5.33611E+16
129471,3.17042E+18,3,3,55,26,2017,4,14,2,3,5,3,0,1,0,0,0,0,1,6.08657E+20,5.9026E+21,1.0629E+16,5.32615E+16
129472,3.17042E+18,3,1,59,26,2017,4,13,2,3,2,6,0,1,0,0,0,0,0,5.85768E+20,5.73172E+21,1.02419E+16,5.17298E+16
129473,3.17042E+18,3,1,54,10,2017,4,19,2,3,8,7,0,1,0,0,0,1,1,6.37106E+20,5.78904E+21,1.10078E+16,5.22346E+16
129474,3.17042E+18,3,1,1,0,2017,4,17,2,3,5,3,0,1,0,0,0,0,0,6.04967E+20,5.79286E+21,1.05385E+16,5.22761E+16
129475,3.17042E+18,3,4,54,32,2017,4,9,1,2,5,3,0,1,0,1,0,0,0,3.86752E+20,5.82188E+21,7.33032E+15,5.25352E+16
129476,3.17042E+18,3,4,52,19,2017,4,0,1,3,1,5,1,1,0,0,0,2,1,3.82293E+20,5.94128E+21,7.22093E+15,5.36071E+16
129477,3.17042E+18,3,3,52,45,2017,4,8,1,2,9,1,0,1,0,0,0,0,1,4.96942E+20,5.95552E+21,8.95362E+15,5.37483E+16
129478,3.17042E+18,3,3,59,36,2017,4,3,1,2,8,1,0,1,0,0,0,2,1,5.17339E+20,5.9367E+21,9.26188E+15,5.35789E+16
129479,3.17042E+18,3,3,51,6,2017,4,10,1,3,8,1,0,1,0,0,0,0,0,5.7201E+20,5.83017E+21,1.00636E+16,5.26167E+16
129480,3.17042E+18,3,2,41,1,2017,4,15,1,3,6,4,1,0,1,0,0,0,0,5.51153E+20,5.80005E+21,9.75097E+15,5.23484E+16
129481,3.17042E+18,3,2,41,1,2017,4,4,1,3,1,5,1,1,0,0,0,2,0,5.51131E+20,5.80181E+21,9.75091E+15,5.23642E+16
129482,3.17042E+18,3,2,41,1,2017,4,13,1,3,6,4,0,1,1,0,0,0,0,5.54166E+20,5.80717E+21,9.79635E+15,5.24121E+16
129483,3.17042E+18,3,2,41,1,2017,4,22,1,3,8,1,0,1,0,0,0,2,1,5.5359E+20,5.80284E+21,9.78719E+15,5.23732E+16