OBJECTID,UIDENTSTLA,ULAND,UREGBEZ,UKREIS,UGEMEINDE,UJAHR,UMONAT,USTUNDE,UWOCHENTAG,UKATEGORIE,UART,UTYP1,IstRad,IstPKW,IstFuss,IstKrad,IstSonstig,LICHT,STRZUSTAND,LINREFX,LINREFY,XGCSWGS84,YGCSWGS84
129484,3.17042E+18,3,4,52,1,2017,4,3,7,3,8,1,0,1,0,0,0,2,1,3.97878E+20,5.92361E+21,7.46214E+15,5.34516E+16
129485,3.17042E+18,3,4,53,2,2017,4,9,7,3,5,3,0,1,0,0,0,0,1,4.31533E+20,5.87191E+21,7.97995E+15,5.29924E+16
129486,3.17042E+18,3,4,3,0,2017,4,0,7,3,5,3,0,1,0,0,0,2,0,4.47938E+20,5.88814E+21,8.2217E+15,5.31401E+16
129487,3.17042E+18,3,4,1,0,2017,4,14,7,3,5,3,1,0,0,0,1,0,0,4.78752E+20,5.87616E+21,8.68313E+15,5.30345E+16
129488,3.17042E+18,3,3,60,25,2017,4,12,7,3,5,2,0,1,0,0,0,0,1,6.03955E+20,5.86972E+21,1.05479E+16,5.2967E+16
129489,3.17042E+18,3,3,55,22,2017,4,9,7,3,6,2,0,1,1,0,0,0,1,5.93426E+20,5.90125E+21,1.04003E+16,5.32522E+16
129490,3.17042E+18,3,2,41,1,2017,4,1,7,3,5,3,0,1,0,0,0,2,0,5.45182E+20,5.80308E+21,9.66372E+15,5.23761E+16
129491,3.17042E+18,3,2,41,1,2017,4,9,7,3,5,2,0,1,0,0,1,0,1,5.49221E+20,5.8033E+21,9.72308E+15,5.23777E+16
129492,3.17042E+18,3,2,41,14,2017,4,19,7,3,1,5,0,1,0,0,0,0,0,5.43006E+20,5.79495E+21,9.63072E+15,5.23032E+16
129493,3.17042E+18,3,2,54,44,2017,4,17,7,3,4,5,1,1,0,0,0,0,0,5.69681E+20,5.75741E+21,1.00142E+16,5.1963E+16
129494,3.17042E+18,3,2,52,3,2017,4,21,7,2,8,1,0,0,0,1,0,2,0,5.18513E+20,5.75917E+21,9.26957E+15,5.19829E+16
129495,3.17042E+18,3,1,59,16,2017,4,20,7,2,2,6,0,1,0,0,0,2,0,5.65865E+20,5.71052E+21,9.94978E+15,5.1542E+16
129496,3.17042E+18,3,1,3,0,2017,4,20,7,3,5,2,0,1,0,0,0,1,0,6.19803E+20,5.80925E+21,1.07617E+16,5.24204E+16
129497,3.17042E+18,3,1,58,37,2017,4,10,7,3,0,7,0,1,1,0,0,0,1,6.05192E+20,5.78116E+21,1.05382E+16,5.21709E+16
129498,3.17042E+18,3,1,1,0,2017,4,10,7,3,5,3,1,1,0,0,0,0,1,6.05123E+20,5.79071E+21,1.05402E+16,5.22568E+16
129499,3.17042E+18,3,1,1,0,2017,4,9,7,3,4,2,0,0,0,1,1,0,1,6.01002E+20,5.78977E+21,1.04795E+16,5.22491E+16
129500,3.17041E+18,3,4,54,57,2017,4,10,6,3,0,1,0,0,0,1,0,0,0,4.1129E+20,5.85654E+21,7.68264E+15,5.28513E+16
129501,3.17041E+18,3,4,52,27,2017,4,16,6,3,2,6,1,1,0,0,0,0,0,3.95886E+20,5.9454E+21,7.42491E+15,5.3647E+16
129502,3.17041E+18,3,4,3,0,2017,4,3,6,3,9,1,0,1,0,0,0,2,0,4.46035E+20,5.88964E+21,8.193E+15,5.31534E+16
129503,3.17041E+18,3,4,51,4,2017,4,3,6,3,7,7,0,0,0,1,0,2,0,4.33123E+20,5.88624E+21,8.00066E+15,5.31214E+16
129504,3.17041E+18,3,4,53,8,2017,4,23,6,3,0,7,0,1,0,0,0,2,0,4.34897E+20,5.86795E+21,8.03086E+15,5.29572E+16
129505,3.17043E+18,3,3,55,22,2017,4,11,5,3,0,6,1,0,1,0,0,0,0,5.93603E+20,5.90006E+21,1.04026E+16,5.32416E+16
129506,3.17051E+18,3,1,59,16,2017,5,16,3,3,5,3,1,1,0,0,0,0,0,5.65358E+20,5.71013E+21,9.94239E+15,5.15384E+16
129507,3.17051E+18,3,1,59,16,2017,5,13,3,3,4,2,1,0,0,0,0,0,0,5.65348E+20,5.70869E+21,9.94198E+15,5.15255E+16
129508,3.17051E+18,3,1,3,0,2017,5,16,3,3,0,6,0,1,0,0,0,0,0,6.18582E+20,5.80972E+21,1.0744E+16,5.24248E+16
129509,3.17051E+18,3,1,57,6,2017,5,15,3,3,5,3,0,1,0,1,0,0,0,5.84037E+20,5.79757E+21,1.0233E+16,5.2322E+16
129510,3.17051E+18,3,1,53,18,2017,5,16,3,3,2,6,0,1,0,0,0,0,0,5.92818E+20,5.74023E+21,1.03462E+16,5.18052E+16
129511,3.17051E+18,3,1,1,0,2017,5,8,3,3,1,7,0,1,0,0,0,0,0,6.08936E+20,5.79718E+21,1.05981E+16,5.23141E+16
129512,3.17051E+18,3,4,59,14,2017,5,12,2,3,5,3,1,1,0,0,0,0,0,4.30409E+20,5.80685E+21,7.97697E+15,5.24075E+16
129513,3.17051E+18,3,4,4,0,2017,5,17,2,3,5,3,0,1,0,0,0,0,0,4.38793E+20,5.78889E+21,8.10348E+15,5.2247E+16
129514,3.17051E+18,3,4,4,0,2017,5,14,2,3,2,6,0,1,0,0,0,0,1,4.31239E+20,5.79562E+21,7.99148E+15,5.23066E+16
129515,3.17051E+18,3,4,4,0,2017,5,7,2,3,0,7,1,0,0,0,1,1,1,4.34839E+20,5.79215E+21,8.04494E+15,5.22759E+16
129516,3.17051E+18,3,4,57,24,2017,5,17,2,3,6,4,0,1,1,0,0,0,0,3.84424E+20,5.89451E+21,7.27025E+15,5.31874E+16
129517,3.17051E+18,3,4,57,13,2017,5,6,2,3,5,3,0,1,0,0,0,0,1,3.9735E+20,5.89827E+21,7.46241E+15,5.32238E+16
129518,3.17051E+18,3,4,54,25,2017,5,18,2,2,5,3,1,1,0,0,0,0,0,3.86413E+20,5.86399E+21,7.31077E+15,5.29135E+16
129519,3.17051E+18,3,4,56,15,2017,5,7,2,2,5,3,1,1,0,0,0,0,0,3.6823E+20,5.81048E+21,7.0619E+15,5.24286E+16
129520,3.17051E+18,3,4,62,3,2017,5,14,2,3,6,7,0,1,1,0,0,0,0,4.08067E+20,5.94506E+21,7.60923E+15,5.36462E+16
129521,3.17051E+18,3,4,52,12,2017,5,17,2,2,3,6,1,0,0,0,0,0,0,3.94679E+20,5.91765E+21,7.41598E+15,5.33974E+16
129522,3.17051E+18,3,4,5,0,2017,5,17,2,2,2,6,1,1,0,0,0,0,0,4.40215E+20,5.93082E+21,8.09821E+15,5.35229E+16
129523,3.17051E+18,3,2,51,46,2017,5,15,2,1,5,3,0,1,0,0,1,0,0,4.62762E+20,5.82993E+21,8.44996E+15,5.26181E+16
129524,3.17051E+18,3,4,1,0,2017,5,8,2,3,5,3,1,1,0,0,0,0,1,4.75664E+20,5.87829E+21,8.63692E+15,5.30535E+16
129525,3.17051E+18,3,3,52,59,2017,5,6,2,3,8,6,1,1,0,0,0,0,1,4.93364E+20,5.92754E+21,8.89997E+15,5.34968E+16
129526,3.17051E+18,3,3,53,32,2017,5,15,2,3,1,1,0,1,0,0,0,0,0,5.73891E+20,5.91566E+21,1.0111E+16,5.33849E+16
129527,3.17051E+18,3,3,53,24,2017,5,8,2,3,2,6,0,1,0,0,0,0,0,5.66692E+20,5.9047E+21,1.00004E+16,5.32873E+16
129528,3.17051E+18,3,3,53,40,2017,5,18,2,3,5,3,1,1,0,0,0,0,0,5.78949E+20,5.91376E+21,1.01865E+16,5.3367E+16
129529,3.17051E+18,3,3,57,8,2017,5,13,2,2,5,3,0,1,0,1,0,0,0,5.09376E+20,5.92711E+21,9.14132E+15,5.34929E+16
129530,3.17051E+18,3,3,51,12,2017,5,13,2,3,4,6,0,1,0,0,1,0,1,5.6596E+20,5.83161E+21,9.97457E+15,5.26305E+16
129531,3.17051E+18,3,2,41,1,2017,5,15,2,3,0,3,0,1,0,1,0,0,0,5.46588E+20,5.80501E+21,9.68465E+15,5.23934E+16
129532,3.17051E+18,3,2,41,1,2017,5,15,2,3,5,2,1,1,0,0,0,0,0,5.55962E+20,5.80589E+21,9.82254E+15,5.24004E+16
129533,3.17051E+18,3,2,41,10,2017,5,11,2,3,5,3,0,1,0,0,0,0,1,5.49951E+20,5.8105E+21,9.73489E+15,5.24424E+16
129534,3.17051E+18,3,2,41,1,2017,5,18,2,3,5,3,1,1,0,0,0,0,0,5.4805E+20,5.80243E+21,9.70576E+15,5.237E+16
129535,3.17051E+18,3,2,41,1,2017,5,11,2,3,5,2,1,1,0,0,0,0,0,5.5448E+20,5.80647E+21,9.80085E+15,5.24057E+16
129536,3.17051E+18,3,2,57,35,2017,5,12,2,3,5,3,1,1,0,0,0,0,0,5.13608E+20,5.79733E+21,9.19968E+15,5.23261E+16
129537,3.17051E+18,3,2,56,22,2017,5,13,2,2,5,2,1,1,0,0,0,0,1,5.15336E+20,5.83075E+21,9.22657E+15,5.26265E+16
129538,3.17051E+18,3,2,55,3,2017,5,11,2,3,5,3,0,1,0,0,0,0,0,5.35129E+20,5.75915E+21,9.5115E+15,5.19819E+16
129539,3.17051E+18,3,2,52,3,2017,5,11,2,3,8,1,0,0,0,1,0,0,1,5.19914E+20,5.75541E+21,9.28974E+15,5.1949E+16
129540,3.17051E+18,3,1,3,0,2017,5,21,2,3,5,3,0,1,0,0,0,2,0,6.20889E+20,5.80925E+21,1.07777E+16,5.24201E+16
129541,3.17051E+18,3,1,3,0,2017,5,16,2,3,4,2,0,1,0,1,0,0,1,6.19063E+20,5.80819E+21,1.07505E+16,5.2411E+16
129542,3.17051E+18,3,1,2,0,2017,5,17,2,3,5,5,0,1,0,0,0,0,0,5.91489E+20,5.78094E+21,1.03378E+16,5.21714E+16
129543,3.17051E+18,3,1,1,0,2017,5,17,2,3,2,6,0,1,0,0,0,0,0,6.02846E+20,5.79236E+21,1.05073E+16,5.2272E+16
129544,3.17051E+18,3,1,1,0,2017,5,14,2,3,5,3,1,1,0,0,0,0,1,6.03212E+20,5.7906E+21,1.05121E+16,5.22561E+16
129545,3.17051E+18,3,1,1,0,2017,5,9,2,3,5,2,1,0,0,0,1,0,0,6.04873E+20,5.78821E+21,1.05357E+16,5.22343E+16
129546,3.17051E+18,3,4,54,18,2017,5,14,1,3,5,3,1,1,0,0,0,0,0,3.85345E+20,5.84959E+21,7.29996E+15,5.27839E+16
129547,3.17051E+18,3,4,5,0,2017,5,18,1,2,6,4,0,1,1,0,0,0,0,4.39535E+20,5.93083E+21,8.08796E+15,5.35229E+16
129548,3.17051E+18,3,4,5,0,2017,5,16,1,2,8,1,0,1,0,0,0,0,0,4.37865E+20,5.93212E+21,8.0625E+15,5.35343E+16
129549,3.17051E+18,3,4,5,0,2017,5,10,1,3,0,2,0,1,0,0,0,0,0,4.40524E+20,5.93077E+21,8.10288E+15,5.35225E+16
129550,3.17051E+18,3,3,61,1,2017,5,19,1,2,5,2,1,1,0,0,0,0,0,5.02759E+20,5.87349E+21,9.04112E+15,5.3011E+16
129551,3.17051E+18,3,4,3,0,2017,5,16,1,3,2,6,0,1,0,0,0,0,0,4.48039E+20,5.888E+21,8.22324E+15,5.31389E+16
129552,3.17051E+18,3,3,55,22,2017,5,16,1,3,5,3,1,1,0,0,0,0,0,5.94869E+20,5.90088E+21,1.04219E+16,5.32487E+16
129553,3.17051E+18,3,2,41,1,2017,5,18,1,3,1,7,0,1,0,0,0,0,0,5.50197E+20,5.80618E+21,9.73785E+15,5.24035E+16
129554,3.17051E+18,3,2,41,5,2017,5,16,1,3,5,3,1,1,0,0,0,0,0,5.40842E+20,5.80806E+21,9.60058E+15,5.24212E+16
129555,3.17051E+18,3,2,41,1,2017,5,14,1,2,3,6,1,1,0,0,0,0,0,5.49631E+20,5.80705E+21,9.72966E+15,5.24114E+16
129556,3.17051E+18,3,2,56,22,2017,5,18,1,3,3,6,1,0,0,0,0,0,0,5.14747E+20,5.83372E+21,9.218E+15,5.26532E+16
129557,3.17051E+18,3,2,54,17,2017,5,15,1,3,0,7,1,0,0,0,0,0,0,5.60135E+20,5.78538E+21,9.8802E+15,5.22156E+16
129558,3.17051E+18,3,2,52,3,2017,5,11,1,3,6,6,0,1,1,0,0,0,0,5.17412E+20,5.75946E+21,9.25355E+15,5.19856E+16
129559,3.17051E+18,3,1,59,34,2017,5,12,1,3,8,1,0,1,0,0,0,0,0,5.4445E+20,5.6892E+21,9.63832E+15,5.13524E+16
129560,3.17051E+18,3,1,59,16,2017,5,17,1,3,6,1,1,0,1,0,0,0,0,5.64774E+20,5.71008E+21,9.93397E+15,5.15381E+16
129561,3.17051E+18,3,1,59,7,2017,5,14,1,3,2,6,1,1,0,0,0,0,0,5.64298E+20,5.71563E+21,9.92811E+15,5.1588E+16
129562,3.17051E+18,3,1,54,10,2017,5,14,1,3,5,3,0,1,0,0,0,0,0,6.37693E+20,5.78748E+21,1.10157E+16,5.22205E+16
129563,3.17051E+18,3,1,1,0,2017,5,16,1,3,5,2,1,1,0,0,0,0,0,6.05317E+20,5.79282E+21,1.05436E+16,5.22756E+16
129564,3.17051E+18,3,4,4,0,2017,5,14,7,3,1,5,0,1,0,0,0,0,0,4.3557E+20,5.79007E+21,8.05604E+15,5.22573E+16
129565,3.17051E+18,3,4,4,0,2017,5,13,7,3,5,3,1,1,0,0,0,0,0,4.3158E+20,5.79533E+21,7.99653E+15,5.23041E+16
129566,3.17051E+18,3,4,54,32,2017,5,2,7,3,5,2,1,1,0,0,0,2,0,3.87751E+20,5.82205E+21,7.34499E+15,5.2537E+16
129567,3.17051E+18,3,4,52,24,2017,5,20,7,3,8,1,0,1,0,1,0,0,0,3.85399E+20,5.93145E+21,7.27146E+15,5.35194E+16
129568,3.17051E+18,3,4,60,9,2017,5,12,7,3,2,2,0,1,0,0,0,0,0,4.51951E+20,5.84267E+21,8.28843E+15,5.27318E+16
129569,3.17051E+18,3,3,61,12,2017,5,9,7,3,5,3,0,1,0,0,0,0,0,5.16075E+20,5.86337E+21,9.23908E+15,5.29197E+16
129570,3.17051E+18,3,4,3,0,2017,5,9,7,3,5,7,1,1,0,0,0,0,0,4.48071E+20,5.88715E+21,8.22386E+15,5.31312E+16
129571,3.17051E+18,3,3,59,28,2017,5,12,7,2,5,3,0,1,0,0,0,0,0,5.45061E+20,5.93154E+21,9.67981E+15,5.35309E+16
129572,3.17051E+18,3,3,51,6,2017,5,19,7,3,6,4,0,1,1,0,0,0,0,5.70891E+20,5.82937E+21,1.00469E+16,5.26097E+16
129573,3.17051E+18,3,3,51,6,2017,5,15,7,3,2,6,1,0,0,0,0,0,0,5.73201E+20,5.82924E+21,1.0081E+16,5.26082E+16
129574,3.17051E+18,3,2,41,1,2017,5,15,7,3,4,6,1,0,0,0,0,0,0,5.58171E+20,5.80241E+21,9.85439E+15,5.23689E+16
129575,3.17051E+18,3,2,41,1,2017,5,17,7,3,0,7,0,0,1,0,1,0,0,5.50617E+20,5.8035E+21,9.74362E+15,5.23794E+16
129576,3.17051E+18,3,2,41,1,2017,5,9,7,3,1,5,1,0,0,0,1,0,0,5.48254E+20,5.80276E+21,9.7088E+15,5.2373E+16
129577,3.17051E+18,3,1,55,13,2017,5,15,7,3,0,7,1,0,0,0,0,0,0,5.59967E+20,5.74119E+21,9.87001E+15,5.18184E+16
129578,3.17051E+18,3,1,55,13,2017,5,15,7,2,8,1,0,0,0,1,0,0,0,5.66897E+20,5.73855E+21,9.97001E+15,5.17938E+16
129579,3.17051E+18,3,2,54,21,2017,5,14,7,3,6,4,0,1,1,0,0,0,0,5.67437E+20,5.77525E+21,9.98505E+15,5.21236E+16
129580,3.17051E+18,3,2,52,6,2017,5,14,7,3,5,3,0,1,0,1,0,0,0,5.24543E+20,5.77312E+21,9.35837E+15,5.21081E+16
129581,3.17051E+18,3,1,59,16,2017,5,18,7,3,4,2,0,1,0,1,0,0,0,5.634E+20,5.71115E+21,9.91435E+15,5.15478E+16
129582,3.17051E+18,3,1,59,16,2017,5,19,7,3,5,3,0,1,0,1,0,0,0,5.66528E+20,5.70731E+21,9.95872E+15,5.1513E+16
129583,3.17051E+18,3,1,3,0,2017,5,12,7,3,4,7,1,1,0,0,0,0,1,6.1663E+20,5.80894E+21,1.0715E+16,5.24182E+16
129584,3.17051E+18,3,1,58,37,2017,5,16,7,3,0,7,0,1,0,0,0,0,0,6.0484E+20,5.77968E+21,1.05326E+16,5.21576E+16
129585,3.17051E+18,3,4,59,3,2017,5,18,6,2,5,3,0,1,0,0,0,0,0,4.58709E+20,5.80061E+21,8.39373E+15,5.23542E+16
129586,3.17051E+18,3,4,2,0,2017,5,5,6,3,5,3,1,1,0,0,0,0,1,3.80069E+20,5.91484E+21,7.19743E+15,5.3369E+16
129587,3.17051E+18,3,4,54,41,2017,5,14,6,3,2,2,0,1,0,0,0,0,0,3.92975E+20,5.88359E+21,7.40182E+15,5.30911E+16
129588,3.17051E+18,3,4,54,41,2017,5,15,6,3,5,3,1,1,0,0,0,0,0,3.9182E+20,5.88287E+21,7.38482E+15,5.30843E+16
129589,3.17051E+18,3,4,52,27,2017,5,22,6,3,4,6,0,1,0,0,0,2,0,3.96319E+20,5.94533E+21,7.43148E+15,5.36464E+16
129590,3.17051E+18,3,4,52,1,2017,5,23,6,3,5,3,1,1,0,0,0,2,1,3.99423E+20,5.9291E+21,7.48365E+15,5.35012E+16
129591,3.17051E+18,3,4,53,1,2017,5,14,6,3,5,7,0,1,0,1,0,0,0,4.1711E+20,5.89064E+21,7.7603E+15,5.31587E+16
129592,3.17051E+18,3,4,60,6,2017,5,7,6,3,5,3,1,1,0,0,0,0,0,4.48844E+20,5.83604E+21,8.24345E+15,5.26719E+16
129593,3.17051E+18,3,4,5,0,2017,5,21,6,3,0,3,1,1,0,0,0,1,1,4.41276E+20,5.93123E+21,8.11413E+15,5.35267E+16
129594,3.17051E+18,3,4,5,0,2017,5,16,6,3,2,6,0,1,0,0,1,0,1,4.40192E+20,5.93081E+21,8.09787E+15,5.35228E+16
129595,3.17051E+18,3,4,5,0,2017,5,12,6,3,2,6,0,1,0,0,0,0,0,4.39376E+20,5.93381E+21,8.08497E+15,5.35496E+16
129596,3.17051E+18,3,4,5,0,2017,5,6,6,3,0,3,1,1,0,0,0,0,1,4.41282E+20,5.92965E+21,8.11452E+15,5.35125E+16
129597,3.17051E+18,3,3,56,9,2017,5,15,6,3,5,2,1,1,0,0,0,0,1,4.73119E+20,5.89783E+21,8.59731E+15,5.3229E+16
129598,3.17051E+18,3,4,51,5,2017,5,10,6,3,5,2,1,1,0,0,0,0,0,4.4609E+20,5.8996E+21,8.19215E+15,5.32429E+16
129599,3.17051E+18,3,4,3,0,2017,5,12,6,3,5,2,1,1,0,0,0,0,0,4.47103E+20,5.8845E+21,8.20982E+15,5.31073E+16
129600,3.17051E+18,3,4,3,0,2017,5,7,6,2,4,2,1,1,0,0,0,0,1,4.48398E+20,5.88376E+21,8.22929E+15,5.31008E+16
129601,3.17051E+18,3,4,58,14,2017,5,13,6,3,5,2,1,1,0,0,0,0,1,4.61713E+20,5.86042E+21,8.43091E+15,5.28921E+16
129602,3.17051E+18,3,4,1,0,2017,5,13,6,3,1,5,0,1,0,0,1,0,0,4.75254E+20,5.88041E+21,8.63064E+15,5.30726E+16
129603,3.17051E+18,3,4,1,0,2017,5,14,6,3,6,7,0,1,1,0,0,0,0,4.7524E+20,5.87792E+21,8.63062E+15,5.30502E+16
129604,3.17051E+18,3,3,55,22,2017,5,13,6,2,0,7,1,0,0,0,0,0,1,5.94811E+20,5.90084E+21,1.0421E+16,5.32484E+16
129605,3.17051E+18,3,3,51,6,2017,5,9,6,3,4,6,0,1,0,0,0,0,1,5.72532E+20,5.8284E+21,1.0071E+16,5.26008E+16
129606,3.17051E+18,3,2,41,1,2017,5,16,6,3,1,5,0,1,0,0,0,0,0,5.47885E+20,5.80025E+21,9.70303E+15,5.23504E+16
129607,3.17051E+18,3,2,41,1,2017,5,8,6,3,0,7,1,0,0,0,0,0,1,5.49379E+20,5.80259E+21,9.72531E+15,5.23714E+16
129608,3.17051E+18,3,2,41,1,2017,5,18,6,3,0,1,1,0,0,0,0,0,0,5.51003E+20,5.80342E+21,9.74928E+15,5.23786E+16
129609,3.17051E+18,3,2,41,1,2017,5,9,6,3,0,1,1,0,0,0,0,0,1,5.51916E+20,5.80342E+21,9.76269E+15,5.23785E+16
129610,3.17051E+18,3,1,59,3,2017,5,8,6,3,4,6,1,1,0,0,0,0,0,6.01409E+20,5.72059E+21,1.04651E+16,5.16272E+16
129611,3.17051E+18,3,2,56,22,2017,5,14,6,3,2,6,0,1,0,0,0,0,1,5.1496E+20,5.83165E+21,9.22105E+15,5.26346E+16
129612,3.17051E+18,3,1,53,17,2017,5,16,6,3,6,2,0,1,1,0,0,0,1,6.01676E+20,5.75158E+21,1.0478E+16,5.19057E+16
129613,3.17051E+18,3,1,51,9,2017,5,8,6,3,1,6,0,1,0,0,0,0,1,6.0472E+20,5.81324E+21,1.05413E+16,5.24593E+16
129614,3.1705E+18,3,4,59,4,2017,5,13,5,3,2,6,1,0,0,0,0,0,0,4.35287E+20,5.77926E+21,8.05398E+15,5.216E+16
129615,3.1705E+18,3,4,54,44,2017,5,14,5,2,8,1,0,1,0,0,0,0,1,3.86011E+20,5.87735E+21,7.30009E+15,5.30335E+16
129616,3.1705E+18,3,4,62,3,2017,5,9,5,3,5,3,1,0,0,0,1,0,1,4.08009E+20,5.94515E+21,7.60833E+15,5.3647E+16
129617,3.1705E+18,3,4,52,19,2017,5,14,5,2,5,3,1,1,0,0,0,0,0,3.81733E+20,5.94033E+21,7.21283E+15,5.35984E+16
129618,3.1705E+18,3,4,60,2,2017,5,17,5,3,5,3,1,1,0,0,0,0,1,4.45153E+20,5.81928E+21,8.19165E+15,5.25209E+16
129619,3.1705E+18,3,4,55,25,2017,5,13,5,3,9,1,0,1,0,0,0,0,1,4.35663E+20,5.91444E+21,8.03291E+15,5.33751E+16
129620,3.1705E+18,3,4,5,0,2017,5,9,5,3,5,7,0,1,0,0,1,0,1,4.41393E+20,5.93053E+21,8.11603E+15,5.35205E+16
129621,3.1705E+18,3,3,56,5,2017,5,17,5,3,5,3,0,1,0,0,0,0,1,4.94542E+20,5.89067E+21,8.91836E+15,5.31654E+16
129622,3.1705E+18,3,4,58,5,2017,5,7,5,3,0,6,0,0,0,1,0,0,1,4.69138E+20,5.87694E+21,8.53969E+15,5.30411E+16
129623,3.1705E+18,3,3,53,5,2017,5,12,5,3,2,6,0,1,0,0,0,0,1,5.58353E+20,5.90903E+21,9.87616E+15,5.33272E+16
129624,3.1705E+18,3,3,60,25,2017,5,12,5,3,6,4,0,1,1,0,0,0,1,6.05144E+20,5.86949E+21,1.05655E+16,5.29647E+16
129625,3.1705E+18,3,3,55,22,2017,5,14,5,3,6,4,0,1,1,0,0,0,1,5.94817E+20,5.90085E+21,1.04211E+16,5.32484E+16
129626,3.1705E+18,3,3,55,22,2017,5,7,5,3,6,4,0,1,1,0,0,0,1,5.95195E+20,5.90054E+21,1.04266E+16,5.32456E+16
129627,3.1705E+18,3,3,51,6,2017,5,15,5,3,0,3,1,1,0,0,0,0,1,5.7265E+20,5.8308E+21,1.00732E+16,5.26223E+16
129628,3.1705E+18,3,2,41,1,2017,5,15,5,3,0,7,0,0,0,1,0,0,1,5.49041E+20,5.80305E+21,9.72041E+15,5.23755E+16
129629,3.1705E+18,3,2,41,1,2017,5,8,5,3,2,6,0,1,0,0,0,0,0,5.56146E+20,5.80129E+21,9.82447E+15,5.2359E+16
129630,3.1705E+18,3,2,41,1,2017,5,14,5,3,5,3,1,1,0,0,0,0,1,5.51868E+20,5.805E+21,9.76224E+15,5.23928E+16
129631,3.1705E+18,3,2,41,10,2017,5,15,5,3,5,3,0,1,0,0,0,0,1,5.46264E+20,5.80949E+21,9.68051E+15,5.24337E+16
129632,3.1705E+18,3,2,41,4,2017,5,12,5,3,0,3,0,1,0,0,1,0,0,5.58019E+20,5.81612E+21,9.85455E+15,5.24922E+16
129633,3.1705E+18,3,2,41,13,2017,5,18,5,2,0,4,0,0,1,0,1,1,1,5.5208E+20,5.79121E+21,9.76321E+15,5.22688E+16
129634,3.1705E+18,3,2,41,1,2017,5,12,5,3,5,5,0,1,0,1,0,0,1,5.51054E+20,5.80024E+21,9.74955E+15,5.23501E+16
129635,3.1705E+18,3,2,57,31,2017,5,9,5,3,5,3,0,1,0,0,0,0,0,5.06524E+20,5.783E+21,9.09545E+15,5.21974E+16
129636,3.1705E+18,3,2,54,21,2017,5,17,5,3,0,5,1,1,0,0,0,0,1,5.64858E+20,5.77972E+21,9.94824E+15,5.21642E+16
129637,3.1705E+18,3,2,52,7,2017,5,17,5,3,6,4,0,1,1,0,0,0,0,5.164E+20,5.78002E+21,9.23981E+15,5.21704E+16
129638,3.1705E+18,3,1,58,19,2017,5,12,5,2,9,7,0,1,0,0,0,0,0,6.06573E+20,5.7699E+21,1.05549E+16,5.20694E+16
129639,3.1705E+18,3,1,57,6,2017,5,17,5,3,5,3,0,1,0,0,0,0,1,5.85003E+20,5.79804E+21,1.02473E+16,5.23261E+16
129640,3.1705E+18,3,1,57,6,2017,5,14,5,3,3,2,1,1,0,0,0,0,1,5.83253E+20,5.79782E+21,1.02216E+16,5.23244E+16
129641,3.1705E+18,3,1,57,6,2017,5,12,5,2,5,3,0,1,0,0,1,0,1,5.85668E+20,5.79777E+21,1.0257E+16,5.23235E+16
129642,3.1705E+18,3,1,53,12,2017,5,21,5,3,9,1,0,1,0,0,0,2,1,5.80605E+20,5.74915E+21,1.01712E+16,5.18873E+16
129643,3.1705E+18,3,1,53,17,2017,5,9,5,3,3,7,0,1,0,0,0,0,1,5.98142E+20,5.75356E+21,1.04272E+16,5.19241E+16
129644,3.1705E+18,3,1,51,9,2017,5,14,5,3,5,3,1,1,0,0,0,0,1,6.04858E+20,5.81509E+21,1.05439E+16,5.24759E+16
129645,3.1705E+18,3,1,1,0,2017,5,13,5,3,0,7,1,0,0,0,0,0,0,6.04694E+20,5.79114E+21,1.0534E+16,5.22607E+16
129646,3.1705E+18,3,1,1,0,2017,5,20,5,3,9,6,1,0,0,0,1,2,1,6.04128E+20,5.78855E+21,1.05249E+16,5.22375E+16
129647,3.1705E+18,3,1,1,0,2017,5,18,5,2,6,4,0,1,1,0,0,0,1,6.04287E+20,5.79278E+21,1.05285E+16,5.22755E+16
129648,3.1705E+18,3,1,1,0,2017,5,16,5,3,5,3,1,1,0,0,0,0,1,6.03902E+20,5.79094E+21,1.05223E+16,5.2259E+16
129649,3.1705E+18,3,1,1,0,2017,5,15,5,3,2,6,0,1,0,0,0,0,1,6.03652E+20,5.79177E+21,1.05189E+16,5.22665E+16
129650,3.1705E+18,3,1,1,0,2017,5,16,5,2,5,5,0,1,0,0,1,0,1,6.03604E+20,5.79135E+21,1.05181E+16,5.22628E+16
129651,3.1705E+18,3,1,1,0,2017,5,11,5,3,5,3,0,1,0,0,1,0,1,6.04997E+20,5.78736E+21,1.05373E+16,5.22266E+16
129652,3.1705E+18,3,4,59,10,2017,5,6,4,2,2,6,0,1,0,0,0,0,1,4.28698E+20,5.82146E+21,7.94869E+15,5.25386E+16
129653,3.1705E+18,3,4,4,0,2017,5,12,4,2,4,2,1,0,0,0,0,0,0,4.34887E+20,5.79129E+21,8.04581E+15,5.22681E+16
129654,3.1705E+18,3,4,54,10,2017,5,18,4,2,5,3,0,1,0,1,0,0,0,3.83042E+20,5.8064E+21,7.28109E+15,5.23954E+16
129655,3.1705E+18,3,4,52,19,2017,5,8,4,3,5,3,1,1,0,0,0,0,0,3.78443E+20,5.94187E+21,7.16254E+15,5.36116E+16
129656,3.1705E+18,3,4,51,5,2017,5,19,4,3,1,5,1,1,0,0,0,0,0,4.46203E+20,5.9E+21,8.19377E+15,5.32466E+16
129657,3.1705E+18,3,4,3,0,2017,5,16,4,3,5,3,1,0,0,0,1,0,0,4.45811E+20,5.88744E+21,8.19003E+15,5.31336E+16