OBJECTID,UIDENTSTLA,ULAND,UREGBEZ,UKREIS,UGEMEINDE,UJAHR,UMONAT,USTUNDE,UWOCHENTAG,UKATEGORIE,UART,UTYP1,IstRad,IstPKW,IstFuss,IstKrad,IstSonstig,LICHT,STRZUSTAND,LINREFX,LINREFY,XGCSWGS84,YGCSWGS84
129658,3.1705E+18,3,4,3,0,2017,5,12,4,3,5,3,1,1,0,0,0,0,0,4.48149E+20,5.88704E+21,8.22504E+15,5.31302E+16
129659,3.1705E+18,3,2,51,37,2017,5,16,4,3,2,6,0,1,0,0,0,0,0,4.85172E+20,5.87279E+21,8.77902E+15,5.30045E+16
129660,3.1705E+18,3,3,53,5,2017,5,15,4,3,5,3,0,1,0,0,1,0,0,5.60838E+20,5.9101E+21,9.91367E+15,5.33365E+16
129661,3.1705E+18,3,3,58,21,2017,5,18,4,3,5,3,0,1,0,1,0,0,0,5.57604E+20,5.87049E+21,9.85797E+15,5.29809E+16
129662,3.1705E+18,3,3,60,25,2017,5,14,4,2,5,3,1,0,0,0,1,0,0,6.03772E+20,5.86775E+21,1.05445E+16,5.29494E+16
129663,3.1705E+18,3,3,54,18,2017,5,15,4,3,2,6,1,0,0,0,1,0,0,6.44916E+20,5.8712E+21,1.11581E+16,5.29708E+16
129664,3.1705E+18,3,3,55,22,2017,5,18,4,3,5,2,0,1,0,0,0,0,0,5.95228E+20,5.90115E+21,1.04273E+16,5.3251E+16
129665,3.1705E+18,3,3,55,22,2017,5,15,4,3,2,2,0,1,0,0,0,0,0,5.965E+20,5.90042E+21,1.04461E+16,5.32443E+16
129666,3.1705E+18,3,2,41,1,2017,5,8,4,3,3,6,0,1,0,0,1,0,0,5.5123E+20,5.8025E+21,9.75248E+15,5.23704E+16
129667,3.1705E+18,3,2,41,1,2017,5,7,4,3,0,1,1,0,0,0,0,1,1,5.5601E+20,5.79864E+21,9.82203E+15,5.23352E+16
129668,3.1705E+18,3,2,41,1,2017,5,17,4,3,5,2,1,0,0,0,0,0,0,5.48794E+20,5.80344E+21,9.71684E+15,5.23791E+16
129669,3.1705E+18,3,2,41,3,2017,5,8,4,3,0,7,0,0,0,1,1,0,0,5.68536E+20,5.81134E+21,1.00084E+16,5.24479E+16
129670,3.1705E+18,3,1,55,1,2017,5,9,4,3,1,7,1,0,0,0,1,0,0,5.70416E+20,5.74706E+21,1.00228E+16,5.18699E+16
129671,3.1705E+18,3,2,54,43,2017,5,7,4,3,5,3,0,1,0,0,0,0,0,5.5392E+20,5.77058E+21,9.78689E+15,5.20831E+16
129672,3.1705E+18,3,2,54,21,2017,5,17,4,3,6,6,1,1,1,0,0,0,0,5.65563E+20,5.77737E+21,9.95809E+15,5.2143E+16
129673,3.1705E+18,3,1,59,16,2017,5,12,4,3,5,3,1,1,0,0,0,0,0,5.65205E+20,5.70911E+21,9.93999E+15,5.15294E+16
129674,3.1705E+18,3,1,59,16,2017,5,14,4,3,1,5,0,1,0,0,1,0,0,5.67305E+20,5.70776E+21,9.97E+15,5.15169E+16
129675,3.1705E+18,3,1,3,0,2017,5,18,4,3,2,6,0,1,0,0,0,0,0,6.2077E+20,5.81009E+21,1.07762E+16,5.24277E+16
129676,3.1705E+18,3,1,51,9,2017,5,7,4,3,5,2,1,1,0,0,0,0,1,6.05591E+20,5.81519E+21,1.05547E+16,5.24766E+16
129677,3.1705E+18,3,1,1,0,2017,5,12,4,3,5,3,1,1,0,0,0,0,0,6.03178E+20,5.78956E+21,1.05113E+16,5.22467E+16
129678,3.1705E+18,3,1,1,0,2017,5,8,4,3,5,3,1,0,0,0,0,0,0,6.03828E+20,5.79164E+21,1.05215E+16,5.22653E+16
129679,3.1705E+18,3,4,59,19,2017,5,8,3,3,5,3,0,1,0,0,0,0,1,4.3207E+20,5.78604E+21,8.00559E+15,5.22206E+16
129680,3.1705E+18,3,4,59,3,2017,5,17,3,3,5,3,0,1,0,0,0,0,1,4.56335E+20,5.79688E+21,8.35937E+15,5.23205E+16
129681,3.1705E+18,3,4,4,0,2017,5,12,3,3,1,5,0,1,0,0,1,0,1,4.36687E+20,5.78995E+21,8.07243E+15,5.22563E+16
129682,3.1705E+18,3,4,4,0,2017,5,15,3,3,2,6,1,1,0,0,0,0,1,4.34416E+20,5.79392E+21,8.0384E+15,5.22917E+16
129683,3.1705E+18,3,4,4,0,2017,5,11,3,2,6,4,0,1,1,0,0,0,1,4.34384E+20,5.794E+21,8.03791E+15,5.22924E+16
129684,3.1705E+18,3,4,56,15,2017,5,8,3,3,1,5,1,1,0,0,0,0,1,3.68043E+20,5.81061E+21,7.05912E+15,5.24298E+16
129685,3.1705E+18,3,4,54,14,2017,5,7,3,3,6,2,0,1,1,0,0,0,0,3.86105E+20,5.82956E+21,7.31814E+15,5.26041E+16
129686,3.1705E+18,3,4,54,32,2017,5,22,3,3,8,1,0,1,0,0,0,2,1,3.85394E+20,5.8214E+21,7.31047E+15,5.25307E+16
129687,3.1705E+18,3,4,62,19,2017,5,14,3,3,5,2,1,1,0,0,0,0,0,4.19211E+20,5.93729E+21,7.77978E+15,5.35782E+16
129688,3.1705E+18,3,4,53,11,2017,5,9,3,2,5,3,0,1,0,0,0,0,0,4.15052E+20,5.84325E+21,7.74194E+15,5.27324E+16
129689,3.1705E+18,3,4,53,12,2017,5,16,3,3,5,3,0,1,0,0,0,0,1,4.27265E+20,5.85571E+21,7.92E+15,5.28462E+16
129690,3.1705E+18,3,4,53,4,2017,5,17,3,3,5,3,0,1,0,0,0,0,1,4.35873E+20,5.85614E+21,8.04771E+15,5.28512E+16
129691,3.1705E+18,3,4,51,7,2017,5,7,3,3,5,3,0,1,0,0,0,0,0,4.29484E+20,5.90259E+21,7.94268E+15,5.32679E+16
129692,3.1705E+18,3,4,61,7,2017,5,8,3,3,4,7,1,0,0,0,0,0,0,4.64865E+20,5.92631E+21,8.47051E+15,5.34846E+16
129693,3.1705E+18,3,3,59,28,2017,5,10,3,3,5,3,1,1,0,0,0,0,0,5.45258E+20,5.93171E+21,9.68282E+15,5.35324E+16
129694,3.1705E+18,3,3,57,39,2017,5,12,3,3,5,3,1,1,0,0,0,0,0,5.27136E+20,5.88452E+21,9.40537E+15,5.31094E+16
129695,3.1705E+18,3,2,41,1,2017,5,13,3,3,2,6,0,1,0,0,0,0,1,5.5103E+20,5.80029E+21,9.74921E+15,5.23505E+16
129696,3.1705E+18,3,2,41,1,2017,5,14,3,3,2,6,0,1,0,0,0,0,1,5.51263E+20,5.80436E+21,9.75324E+15,5.23871E+16
129697,3.1705E+18,3,2,41,17,2017,5,8,3,3,5,3,1,1,0,0,0,0,0,5.38506E+20,5.78449E+21,9.56354E+15,5.22095E+16
129698,3.1705E+18,3,2,41,10,2017,5,15,3,3,2,6,0,1,0,0,0,0,1,5.43788E+20,5.81006E+21,9.64416E+15,5.2439E+16
129699,3.1705E+18,3,1,59,19,2017,5,18,3,3,9,1,0,1,0,0,0,0,1,5.94576E+20,5.72126E+21,1.03666E+16,5.16344E+16
129700,3.1705E+18,3,2,57,9,2017,5,13,3,3,5,3,0,1,0,0,0,0,1,5.03388E+20,5.78943E+21,9.04963E+15,5.22553E+16
129701,3.1705E+18,3,2,55,22,2017,5,6,3,3,5,3,0,1,0,0,0,0,0,5.45208E+20,5.75396E+21,9.65757E+15,5.19345E+16
129702,3.1705E+18,3,2,52,3,2017,5,1,3,3,1,5,0,1,0,0,0,2,0,5.18178E+20,5.75942E+21,9.2647E+15,5.19851E+16
129703,3.1705E+18,3,2,52,6,2017,5,18,3,3,5,3,0,1,0,1,0,0,1,5.24991E+20,5.77316E+21,9.36491E+15,5.21084E+16
129704,3.1705E+18,3,2,52,6,2017,5,13,3,3,0,1,0,0,0,1,0,0,1,5.26713E+20,5.77152E+21,9.38993E+15,5.20936E+16
129705,3.1705E+18,3,1,59,16,2017,5,13,3,3,5,3,1,1,0,0,0,0,1,5.65609E+20,5.70906E+21,9.94581E+15,5.15288E+16
129706,3.1705E+18,3,1,59,16,2017,5,7,3,3,6,4,0,1,1,0,0,0,1,5.64802E+20,5.70903E+21,9.93417E+15,5.15287E+16
129707,3.1705E+18,3,1,54,10,2017,5,12,3,3,5,3,0,1,0,0,0,0,1,6.37006E+20,5.78855E+21,1.10061E+16,5.22303E+16
129708,3.1705E+18,3,1,54,10,2017,5,9,3,3,5,3,0,1,0,0,1,0,1,6.37084E+20,5.78752E+21,1.10068E+16,5.2221E+16
129709,3.1705E+18,3,1,57,6,2017,5,10,3,3,2,6,0,1,0,0,0,0,1,5.84374E+20,5.79934E+21,1.02384E+16,5.23379E+16
129710,3.1705E+18,3,1,2,0,2017,5,12,3,3,5,3,1,1,0,0,0,0,1,5.90495E+20,5.77859E+21,1.03227E+16,5.21504E+16
129711,3.1705E+18,3,1,51,9,2017,5,11,3,3,2,6,0,1,0,0,0,0,1,6.03929E+20,5.81434E+21,1.053E+16,5.24694E+16
129712,3.1705E+18,3,1,1,0,2017,5,17,3,3,5,3,1,1,0,0,0,0,1,6.04886E+20,5.79251E+21,1.05372E+16,5.22729E+16
129713,3.1705E+18,3,1,1,0,2017,5,15,3,2,2,1,0,1,0,0,0,0,1,6.0337E+20,5.79182E+21,1.05148E+16,5.22671E+16
129714,3.1705E+18,3,1,1,0,2017,5,16,3,2,0,7,1,0,0,0,0,0,1,6.04698E+20,5.7914E+21,1.05341E+16,5.2263E+16
129715,3.1705E+18,3,1,1,0,2017,5,17,3,3,2,6,0,1,0,0,0,0,1,6.03369E+20,5.79598E+21,1.05161E+16,5.23044E+16
129716,3.1705E+18,3,4,4,0,2017,5,22,2,3,9,1,0,1,0,0,0,2,1,4.39208E+20,5.78893E+21,8.10955E+15,5.22474E+16
129717,3.1705E+18,3,4,4,0,2017,5,22,2,3,9,1,0,1,0,0,0,2,1,4.36837E+20,5.78883E+21,8.07483E+15,5.22463E+16
129718,3.1705E+18,3,4,54,45,2017,5,11,2,2,9,1,0,0,0,1,0,0,0,3.85696E+20,5.79619E+21,7.32354E+15,5.23041E+16
129719,3.1705E+18,3,4,54,32,2017,5,20,2,3,2,2,0,1,0,0,0,1,1,3.86517E+20,5.81765E+21,7.3283E+15,5.24972E+16
129720,3.1705E+18,3,4,61,1,2017,5,4,2,3,8,1,0,1,0,0,1,1,0,4.65852E+20,5.8953E+21,8.48873E+15,5.32059E+16
129721,3.1705E+18,3,2,51,44,2017,5,14,2,3,5,3,0,1,0,0,0,0,0,4.70287E+20,5.82548E+21,8.56151E+15,5.25785E+16
129722,3.1705E+18,3,3,58,22,2017,5,14,2,3,0,7,1,0,0,0,0,0,0,5.39564E+20,5.85836E+21,9.58782E+15,5.28735E+16
129723,3.1705E+18,3,3,55,22,2017,5,16,2,3,4,6,1,0,0,0,0,0,0,5.9288E+20,5.90066E+21,1.0392E+16,5.32471E+16
129724,3.1705E+18,3,1,59,2,2017,5,12,2,3,6,7,0,1,1,0,0,0,0,5.81036E+20,5.73496E+21,1.01742E+16,5.17596E+16
129725,3.1705E+18,3,2,57,9,2017,5,18,2,2,9,1,1,0,0,0,0,0,0,5.03302E+20,5.7901E+21,9.04838E+15,5.22613E+16
129726,3.1705E+18,3,2,54,21,2017,5,15,2,3,2,6,0,1,0,0,0,0,0,5.64637E+20,5.77815E+21,9.9447E+15,5.21501E+16
129727,3.1705E+18,3,2,54,11,2017,5,2,2,2,6,5,0,1,1,0,0,2,0,5.61426E+20,5.77202E+21,9.89668E+15,5.20953E+16
129728,3.1705E+18,3,1,59,17,2017,5,16,2,3,0,3,1,1,0,0,0,0,0,5.52793E+20,5.69339E+21,9.75874E+15,5.13893E+16
129729,3.17043E+18,3,4,59,15,2017,4,17,1,3,9,3,0,1,0,0,0,0,0,4.4603E+20,5.77392E+21,8.21185E+15,5.21132E+16
129730,3.17043E+18,3,4,4,0,2017,4,18,1,3,5,3,0,1,0,1,0,0,0,4.34484E+20,5.79137E+21,8.03988E+15,5.22688E+16
129731,3.17043E+18,3,4,4,0,2017,4,1,1,2,5,3,0,1,0,0,0,2,0,4.34291E+20,5.79315E+21,8.03672E+15,5.22848E+16
129732,3.17043E+18,3,4,57,13,2017,4,11,1,3,2,2,1,1,0,0,0,0,0,3.98156E+20,5.90053E+21,7.47377E+15,5.32443E+16
129733,3.17043E+18,3,4,54,41,2017,4,16,1,3,1,5,1,1,0,0,0,0,0,3.94009E+20,5.88183E+21,7.41783E+15,5.30754E+16
129734,3.17043E+18,3,4,55,20,2017,4,14,1,3,5,3,1,1,0,0,0,0,0,4.27948E+20,5.94661E+21,7.90956E+15,5.36633E+16
129735,3.17043E+18,3,4,51,5,2017,4,17,1,2,9,1,0,0,0,1,0,0,0,4.48067E+20,5.89596E+21,8.22237E+15,5.32104E+16
129736,3.17043E+18,3,4,3,0,2017,4,10,1,3,5,3,0,1,0,0,0,0,0,4.47172E+20,5.8898E+21,8.20998E+15,5.31549E+16
129737,3.17043E+18,3,2,41,1,2017,4,22,1,3,6,6,1,0,1,0,0,2,0,5.5036E+20,5.80188E+21,9.7396E+15,5.23649E+16
129738,3.17043E+18,3,2,41,1,2017,4,21,1,3,0,7,1,0,0,0,0,2,0,5.49754E+20,5.80301E+21,9.73088E+15,5.23751E+16
129739,3.17043E+18,3,2,41,1,2017,4,15,1,2,5,3,1,1,0,0,0,0,0,5.54401E+20,5.79911E+21,9.79849E+15,5.23396E+16
129740,3.17043E+18,3,1,55,11,2017,4,10,1,3,0,7,0,1,0,0,1,0,0,5.66215E+20,5.73223E+21,9.95892E+15,5.17371E+16
129741,3.17043E+18,3,2,57,35,2017,4,9,1,3,6,4,0,1,1,0,0,0,0,5.13843E+20,5.79718E+21,9.20311E+15,5.23248E+16
129742,3.17043E+18,3,1,59,1,2017,4,10,1,3,5,3,0,1,0,0,0,0,0,5.53863E+20,5.71169E+21,9.77691E+15,5.15538E+16
129743,3.17043E+18,3,1,54,10,2017,4,16,1,2,5,3,0,1,0,1,0,0,0,6.41295E+20,5.78944E+21,1.10692E+16,5.22372E+16
129744,3.17043E+18,3,1,3,0,2017,4,13,1,3,0,6,0,1,0,0,1,0,0,6.21305E+20,5.80898E+21,1.07837E+16,5.24175E+16
129745,3.17043E+18,3,1,2,0,2017,4,15,1,2,6,4,0,1,1,0,0,0,0,5.96443E+20,5.77823E+21,1.04095E+16,5.21461E+16
129746,3.17043E+18,3,1,1,0,2017,4,12,1,3,4,2,1,1,0,0,0,0,0,6.05477E+20,5.79213E+21,1.05458E+16,5.22694E+16
129747,3.17043E+18,3,4,4,0,2017,4,20,7,3,2,6,0,1,0,1,0,0,0,4.35732E+20,5.79155E+21,8.05814E+15,5.22705E+16
129748,3.17043E+18,3,4,4,0,2017,4,20,7,3,4,6,0,1,0,0,0,0,0,4.35791E+20,5.79048E+21,8.05921E+15,5.2261E+16
129749,3.17043E+18,3,4,4,0,2017,4,16,7,3,2,2,0,1,0,1,0,0,0,4.36003E+20,5.78908E+21,8.06258E+15,5.22484E+16
129750,3.17043E+18,3,4,54,19,2017,4,10,7,3,6,6,0,0,1,0,1,0,0,3.97752E+20,5.83707E+21,7.48774E+15,5.26739E+16
129751,3.17043E+18,3,4,60,9,2017,4,17,7,2,5,3,0,1,0,1,0,0,0,4.52659E+20,5.84443E+21,8.29867E+15,5.27476E+16
129752,3.17043E+18,3,4,60,6,2017,4,11,7,3,9,1,0,1,0,0,0,0,0,4.46595E+20,5.83309E+21,8.21067E+15,5.26451E+16
129753,3.17043E+18,3,4,55,26,2017,4,13,7,3,1,5,1,1,0,0,0,0,0,4.42371E+20,5.91671E+21,8.13331E+15,5.33963E+16
129754,3.17043E+18,3,4,5,0,2017,4,5,7,3,8,1,0,1,0,0,0,2,1,4.41129E+20,5.93103E+21,8.11196E+15,5.35249E+16
129755,3.17043E+18,3,4,51,2,2017,4,11,7,2,4,6,1,0,0,0,0,0,0,4.34E+20,5.89288E+21,8.0124E+15,5.31811E+16
129756,3.17043E+18,3,4,51,4,2017,4,14,7,3,5,3,0,1,0,0,0,0,0,4.25374E+20,5.89036E+21,7.88393E+15,5.31574E+16
129757,3.17043E+18,3,4,3,0,2017,4,11,7,3,3,6,1,0,1,0,0,0,0,4.47754E+20,5.88963E+21,8.21872E+15,5.31535E+16
129758,3.17043E+18,3,3,57,8,2017,4,19,7,3,5,3,0,1,0,0,0,0,0,5.09575E+20,5.92653E+21,9.1443E+15,5.34877E+16
129759,3.17043E+18,3,3,60,25,2017,4,19,7,3,5,3,0,1,0,0,0,0,0,6.05343E+20,5.86889E+21,1.05683E+16,5.29592E+16
129760,3.17043E+18,3,3,51,6,2017,4,8,7,3,9,1,0,1,0,0,0,0,0,5.73424E+20,5.83132E+21,1.00848E+16,5.26269E+16
129761,3.17043E+18,3,2,41,1,2017,4,13,7,3,2,2,0,1,0,0,1,0,0,5.5442E+20,5.80322E+21,9.79944E+15,5.23765E+16
129762,3.17043E+18,3,2,41,1,2017,4,17,7,3,5,7,1,1,0,0,0,0,0,5.58082E+20,5.80107E+21,9.85286E+15,5.23568E+16
129763,3.17043E+18,3,2,41,7,2017,4,12,7,3,8,1,0,1,0,0,0,0,0,5.50374E+20,5.79515E+21,9.7388E+15,5.23043E+16
129764,3.17043E+18,3,2,41,9,2017,4,22,7,3,1,7,0,1,0,0,0,2,0,5.53735E+20,5.79681E+21,9.78835E+15,5.2319E+16
129765,3.17043E+18,3,2,41,1,2017,4,16,7,3,2,6,1,0,0,0,0,0,0,5.50133E+20,5.80163E+21,9.73623E+15,5.23627E+16
129766,3.17043E+18,3,2,57,9,2017,4,10,7,3,6,7,0,1,1,0,0,0,0,5.03527E+20,5.79005E+21,9.05167E+15,5.22608E+16
129767,3.17043E+18,3,1,59,16,2017,4,17,7,3,2,6,1,1,0,0,0,0,0,5.64799E+20,5.70999E+21,9.93431E+15,5.15373E+16
129768,3.17043E+18,3,1,2,0,2017,4,19,7,3,6,4,0,1,1,0,0,0,0,5.93712E+20,5.76789E+21,1.03667E+16,5.20537E+16
129769,3.17043E+18,3,1,1,0,2017,4,18,7,3,2,6,0,1,0,0,0,0,0,6.04287E+20,5.79278E+21,1.05285E+16,5.22755E+16
129770,3.17043E+18,3,4,54,41,2017,4,23,6,3,2,2,0,1,0,0,0,2,0,3.93149E+20,5.88193E+21,7.40496E+15,5.30762E+16
129771,3.17043E+18,3,4,56,15,2017,4,18,6,2,0,1,1,0,0,0,0,0,0,3.70076E+20,5.81178E+21,7.08854E+15,5.24408E+16
129772,3.17043E+18,3,4,54,32,2017,4,13,6,3,5,2,1,1,0,0,0,0,1,3.87304E+20,5.82024E+21,7.33901E+15,5.25206E+16
129773,3.17043E+18,3,4,54,32,2017,4,13,6,3,5,2,1,1,0,0,0,0,1,3.85096E+20,5.82092E+21,7.30625E+15,5.25263E+16
129774,3.17043E+18,3,4,60,4,2017,4,15,6,3,5,3,0,1,0,0,0,0,0,4.62669E+20,5.85002E+21,8.4463E+15,5.27987E+16
129775,3.17043E+18,3,4,5,0,2017,4,12,6,2,6,2,0,1,1,0,0,0,1,4.41064E+20,5.93044E+21,8.11109E+15,5.35196E+16
129776,3.17043E+18,3,4,3,0,2017,4,15,6,3,5,3,1,1,0,0,0,0,0,4.474E+20,5.88874E+21,8.21357E+15,5.31454E+16
129777,3.17043E+18,3,4,3,0,2017,4,11,6,1,5,3,1,0,0,0,1,0,0,4.49151E+20,5.88576E+21,8.24021E+15,5.31188E+16
129778,3.17043E+18,3,4,3,0,2017,4,10,6,3,5,2,1,1,0,0,0,0,0,4.47261E+20,5.88798E+21,8.21161E+15,5.31386E+16
129779,3.17043E+18,3,3,55,1,2017,4,7,6,3,5,3,0,1,0,1,0,0,0,5.96372E+20,5.90416E+21,1.04454E+16,5.32779E+16
129780,3.17043E+18,3,2,41,1,2017,4,8,6,3,4,6,1,0,0,0,1,0,0,5.53392E+20,5.80707E+21,9.78495E+15,5.24112E+16
129781,3.17043E+18,3,2,41,19,2017,4,7,6,3,4,2,1,0,0,0,1,0,0,5.49605E+20,5.82353E+21,9.73174E+15,5.25596E+16
129782,3.17043E+18,3,1,59,19,2017,4,10,6,3,5,3,1,1,0,0,0,0,0,5.9268E+20,5.7251E+21,1.03402E+16,5.16692E+16
129783,3.17043E+18,3,1,59,26,2017,4,19,6,3,5,3,0,0,1,1,0,0,0,5.86601E+20,5.73161E+21,1.02539E+16,5.17287E+16
129784,3.17043E+18,3,1,55,1,2017,4,11,6,3,6,7,0,1,1,0,0,0,0,5.7049E+20,5.74694E+21,1.00238E+16,5.18688E+16
129785,3.17043E+18,3,2,56,33,2017,4,18,6,3,5,3,1,1,0,0,0,0,1,4.94013E+20,5.81643E+21,8.9118E+15,5.24979E+16
129786,3.17043E+18,3,2,54,21,2017,4,22,6,3,5,3,0,1,0,1,0,2,1,5.6451E+20,5.77956E+21,9.94312E+15,5.21628E+16
129787,3.17043E+18,3,2,54,21,2017,4,12,6,3,6,4,0,0,1,0,1,0,0,5.65538E+20,5.77868E+21,9.95798E+15,5.21547E+16
129788,3.17043E+18,3,2,52,3,2017,4,11,6,3,6,7,0,1,1,0,0,0,0,5.1748E+20,5.75946E+21,9.25455E+15,5.19856E+16
129789,3.17043E+18,3,1,59,16,2017,4,13,6,3,5,3,0,1,0,0,1,0,0,5.64912E+20,5.70989E+21,9.93591E+15,5.15364E+16
129790,3.17043E+18,3,1,2,0,2017,4,21,6,3,0,7,0,1,0,0,0,2,1,5.93609E+20,5.76752E+21,1.03651E+16,5.20504E+16
129791,3.17043E+18,3,1,53,17,2017,4,14,6,2,0,1,0,0,0,0,1,0,0,5.99082E+20,5.75192E+21,1.04404E+16,5.19092E+16
129792,3.17051E+18,3,2,54,21,2017,5,11,3,3,2,6,0,1,0,0,0,0,0,5.64116E+20,5.7793E+21,9.93731E+15,5.21605E+16
129793,3.17051E+18,3,1,55,13,2017,5,9,3,3,4,2,1,1,0,0,0,0,0,5.59132E+20,5.74111E+21,9.85787E+15,5.18177E+16
129794,3.17051E+18,3,2,57,31,2017,5,17,3,3,5,3,0,1,0,0,0,0,0,5.01836E+20,5.78144E+21,9.02686E+15,5.21835E+16
129795,3.17051E+18,3,2,41,10,2017,5,7,3,3,5,3,1,1,0,0,0,0,0,5.49375E+20,5.80985E+21,9.72631E+15,5.24366E+16
129796,3.17051E+18,3,1,59,16,2017,5,7,3,3,0,1,1,0,0,0,0,0,0,5.66205E+20,5.70888E+21,9.95437E+15,5.15272E+16
129797,3.17052E+18,3,4,58,7,2017,5,22,3,3,1,5,1,1,0,0,0,1,0,4.47327E+20,5.86158E+21,8.2169E+15,5.29013E+16
129798,3.17052E+18,3,4,1,0,2017,5,8,3,3,5,2,1,1,0,0,0,0,1,4.76164E+20,5.87821E+21,8.64439E+15,5.30529E+16
129799,3.17052E+18,3,3,52,60,2017,5,18,3,3,4,2,0,1,0,1,0,0,0,4.79253E+20,5.9129E+21,8.68822E+15,5.33648E+16
129800,3.17052E+18,3,3,53,5,2017,5,14,3,3,0,3,0,1,0,0,0,0,1,5.58267E+20,5.90968E+21,9.87498E+15,5.33331E+16
129801,3.17052E+18,3,3,53,5,2017,5,7,3,3,5,3,1,1,0,0,0,0,1,5.57307E+20,5.9102E+21,9.86067E+15,5.33379E+16
129802,3.17052E+18,3,3,59,38,2017,5,18,3,3,5,3,1,1,0,0,0,0,1,5.29788E+20,5.93891E+21,9.45012E+15,5.35982E+16
129803,3.17052E+18,3,3,57,39,2017,5,9,3,3,8,7,0,1,0,0,0,0,1,5.28019E+20,5.88522E+21,9.41863E+15,5.31156E+16
129804,3.17052E+18,3,3,60,6,2017,5,18,3,3,5,3,1,1,0,0,0,0,1,5.95083E+20,5.8768E+21,1.04179E+16,5.30323E+16
129805,3.17052E+18,3,3,54,11,2017,5,16,3,3,5,2,0,1,0,0,0,0,1,6.38204E+20,5.87906E+21,1.10615E+16,5.30432E+16
129806,3.17052E+18,3,3,55,22,2017,5,9,3,3,4,2,1,1,0,0,0,0,1,5.94962E+20,5.90116E+21,1.04233E+16,5.32512E+16
129807,3.17052E+18,3,2,41,1,2017,5,15,3,3,1,5,1,1,0,0,0,0,0,5.45853E+20,5.80086E+21,9.67327E+15,5.23561E+16
129808,3.17052E+18,3,2,41,1,2017,5,22,3,3,3,2,1,1,0,0,0,2,0,5.51098E+20,5.80307E+21,9.75062E+15,5.23755E+16
129809,3.17052E+18,3,2,41,2,2017,5,15,3,3,6,4,0,1,1,0,0,0,0,5.31772E+20,5.79472E+21,9.46595E+15,5.23019E+16
129810,3.17052E+18,3,2,41,1,2017,5,17,3,3,5,3,1,1,0,0,0,0,0,5.52436E+20,5.80402E+21,9.77043E+15,5.23839E+16
129811,3.17052E+18,3,2,41,1,2017,5,13,3,3,6,6,1,0,1,0,0,0,0,5.53164E+20,5.80576E+21,9.78139E+15,5.23995E+16
129812,3.17052E+18,3,1,59,2,2017,5,12,3,3,9,7,0,1,0,0,0,0,0,5.83515E+20,5.73801E+21,1.02108E+16,5.17867E+16
129813,3.17052E+18,3,2,56,17,2017,5,17,3,3,2,1,0,1,0,1,0,0,0,5.07925E+20,5.82323E+21,9.1169E+15,5.25591E+16
129814,3.17052E+18,3,2,57,9,2017,5,14,3,3,5,3,1,1,0,0,0,0,0,5.0341E+20,5.78935E+21,9.04996E+15,5.22545E+16
129815,3.17052E+18,3,2,55,16,2017,5,18,3,2,0,1,1,0,0,0,0,0,0,5.41059E+20,5.75951E+21,9.59789E+15,5.19847E+16
129816,3.17052E+18,3,2,52,3,2017,5,11,3,3,5,3,1,1,0,0,0,0,0,5.18003E+20,5.75916E+21,9.26214E+15,5.19828E+16
129817,3.17052E+18,3,1,59,17,2017,5,16,3,2,9,1,0,1,0,0,0,0,0,5.47679E+20,5.69453E+21,9.68539E+15,5.14E+16
129818,3.17052E+18,3,1,3,0,2017,5,8,3,3,0,6,0,1,0,1,0,0,0,6.19237E+20,5.80938E+21,1.07535E+16,5.24216E+16
129819,3.17052E+18,3,1,51,9,2017,5,18,3,3,5,5,1,1,0,0,0,0,0,6.06429E+20,5.81567E+21,1.05672E+16,5.24808E+16
129820,3.17052E+18,3,1,1,0,2017,5,18,3,2,5,3,0,1,0,0,0,0,0,6.06206E+20,5.78811E+21,1.05552E+16,5.22332E+16
129821,3.17052E+18,3,4,59,2,2017,5,12,2,3,5,3,1,0,0,1,0,0,0,4.24356E+20,5.82215E+21,7.88454E+15,5.25442E+16
129822,3.17052E+18,3,4,4,0,2017,5,17,2,3,0,7,1,1,0,0,0,0,0,4.34653E+20,5.79196E+21,8.04225E+15,5.22741E+16
129823,3.17052E+18,3,4,4,0,2017,5,14,2,3,0,1,0,0,0,0,1,0,0,4.36207E+20,5.79409E+21,8.06461E+15,5.22935E+16
129824,3.17052E+18,3,4,4,0,2017,5,7,2,3,5,3,1,1,0,0,0,0,0,4.31642E+20,5.79529E+21,7.99745E+15,5.23037E+16
129825,3.17052E+18,3,4,54,41,2017,5,5,2,2,5,3,1,1,0,0,0,0,0,3.93131E+20,5.88195E+21,7.40469E+15,5.30763E+16
129826,3.17052E+18,3,4,54,32,2017,5,10,2,3,2,2,0,1,0,0,1,0,0,3.85827E+20,5.82E+21,7.31733E+15,5.25182E+16
129827,3.17052E+18,3,4,54,32,2017,5,18,2,3,2,6,0,1,0,0,0,0,0,3.86249E+20,5.81956E+21,7.3237E+15,5.25142E+16
129828,3.17052E+18,3,4,52,19,2017,5,11,2,3,5,3,1,1,0,0,0,0,0,3.81071E+20,5.93997E+21,7.20297E+15,5.3595E+16
129829,3.17052E+18,3,4,60,10,2017,5,16,2,3,1,5,1,1,0,0,0,0,0,4.54359E+20,5.85454E+21,8.32243E+15,5.28386E+16
129830,3.17052E+18,3,4,60,1,2017,5,10,2,2,6,5,0,1,1,0,0,0,0,4.45554E+20,5.84366E+21,8.19353E+15,5.27401E+16
129831,3.17052E+18,3,4,60,9,2017,5,5,2,3,5,3,1,1,0,0,0,0,0,4.50055E+20,5.84198E+21,8.26045E+15,5.27254E+16