OBJECTID,UIDENTSTLA,ULAND,UREGBEZ,UKREIS,UGEMEINDE,UJAHR,UMONAT,USTUNDE,UWOCHENTAG,UKATEGORIE,UART,UTYP1,IstRad,IstPKW,IstFuss,IstKrad,IstSonstig,LICHT,STRZUSTAND,LINREFX,LINREFY,XGCSWGS84,YGCSWGS84
130178,3.17052E+18,3,4,54,57,2017,5,20,6,3,9,1,0,1,0,0,0,1,1,4.11757E+20,5.85708E+21,7.68942E+15,5.28562E+16
130179,3.17052E+18,3,4,56,15,2017,5,16,6,3,5,7,0,1,0,0,0,0,1,3.69518E+20,5.81187E+21,7.08029E+15,5.24415E+16
130180,3.17052E+18,3,4,54,35,2017,5,14,6,3,5,3,0,1,0,0,0,0,1,3.84714E+20,5.84139E+21,7.29349E+15,5.27101E+16
130181,3.17052E+18,3,4,54,35,2017,5,13,6,3,5,7,1,1,0,0,0,0,1,3.86287E+20,5.83977E+21,7.31732E+15,5.26959E+16
130182,3.17052E+18,3,4,60,6,2017,5,19,6,3,6,2,0,1,1,0,0,0,1,4.48268E+20,5.83544E+21,8.23502E+15,5.26664E+16
130183,3.17052E+18,3,4,60,6,2017,5,12,6,3,5,3,1,1,0,0,0,0,1,4.48596E+20,5.83481E+21,8.23997E+15,5.26608E+16
130184,3.17052E+18,3,4,60,9,2017,5,11,6,3,5,2,1,1,0,0,0,0,0,4.52343E+20,5.84158E+21,8.29439E+15,5.2722E+16
130185,3.17052E+18,3,4,53,8,2017,5,5,6,3,5,3,1,1,0,0,0,0,0,4.34434E+20,5.86811E+21,8.02393E+15,5.29586E+16
130186,3.17052E+18,3,4,55,7,2017,5,7,6,3,5,3,1,1,0,0,0,0,0,4.2687E+20,5.93593E+21,7.89576E+15,5.35671E+16
130187,3.17052E+18,3,4,5,0,2017,5,16,6,3,5,3,1,1,0,0,0,0,0,4.4084E+20,5.93066E+21,8.10767E+15,5.35215E+16
130188,3.17052E+18,3,3,61,12,2017,5,12,6,3,0,5,1,1,0,0,0,0,0,5.16244E+20,5.86371E+21,9.24162E+15,5.29228E+16
130189,3.17052E+18,3,4,3,0,2017,5,19,6,3,5,3,1,1,0,0,0,0,1,4.45108E+20,5.88808E+21,8.17942E+15,5.31393E+16
130190,3.17052E+18,3,4,3,0,2017,5,13,6,3,5,3,1,0,0,0,1,0,0,4.50026E+20,5.88607E+21,8.25324E+15,5.31217E+16
130191,3.17052E+18,3,4,3,0,2017,5,11,6,2,3,7,1,0,0,0,0,0,0,4.45281E+20,5.88719E+21,8.18214E+15,5.31313E+16
130192,3.17052E+18,3,2,51,41,2017,5,19,6,3,7,7,0,1,0,0,0,0,1,4.88497E+20,5.85984E+21,8.82904E+15,5.28881E+16
130193,3.17052E+18,3,2,51,12,2017,5,10,6,3,1,7,0,1,1,0,0,0,1,4.57263E+20,5.8287E+21,8.3689E+15,5.26066E+16
130194,3.17052E+18,3,4,1,0,2017,5,11,6,3,5,2,1,1,0,0,0,0,1,4.75267E+20,5.87812E+21,8.63101E+15,5.3052E+16
130195,3.17052E+18,3,3,59,14,2017,5,17,6,3,5,3,0,1,0,1,0,0,1,5.22676E+20,5.93742E+21,9.34255E+15,5.35851E+16
130196,3.17052E+18,3,3,54,23,2017,5,13,6,3,9,6,1,1,0,0,0,0,0,6.52349E+20,5.87353E+21,1.12697E+16,5.29896E+16
130197,3.17052E+18,3,2,41,1,2017,5,18,6,3,2,6,0,1,0,0,0,1,0,5.51413E+20,5.80214E+21,9.75511E+15,5.23671E+16
130198,3.17052E+18,3,2,41,1,2017,5,18,6,3,4,6,1,0,1,0,0,0,1,5.58168E+20,5.79774E+21,9.85354E+15,5.23269E+16
130199,3.17052E+18,3,2,41,1,2017,5,10,6,3,0,3,0,1,0,0,1,0,0,5.51836E+20,5.80355E+21,9.76154E+15,5.23798E+16
130200,3.17052E+18,3,2,41,10,2017,5,20,6,3,0,7,0,1,1,0,0,1,1,5.47791E+20,5.81007E+21,9.70305E+15,5.24387E+16
130201,3.17052E+18,3,2,41,8,2017,5,11,6,3,0,7,0,1,0,0,0,0,1,5.5784E+20,5.80929E+21,9.85073E+15,5.24308E+16
130202,3.17052E+18,3,2,41,1,2017,5,20,6,2,0,1,0,1,0,0,0,1,1,5.50139E+20,5.8036E+21,9.73661E+15,5.23803E+16
130203,3.17052E+18,3,2,41,21,2017,5,15,6,2,5,2,0,1,0,1,0,0,0,5.32124E+20,5.80864E+21,9.47245E+15,5.2427E+16
130204,3.17052E+18,3,2,41,1,2017,5,6,6,3,9,1,1,1,0,0,0,0,0,5.47093E+20,5.79788E+21,9.69106E+15,5.23292E+16
130205,3.17052E+18,3,2,57,35,2017,5,17,6,3,0,3,1,1,0,0,0,0,0,5.12404E+20,5.79701E+21,9.182E+15,5.23233E+16
130206,3.17052E+18,3,1,54,14,2017,5,13,6,2,5,2,0,1,0,0,0,0,0,6.11476E+20,5.79754E+21,1.06354E+16,5.23169E+16
130207,3.17052E+18,3,1,3,0,2017,5,16,6,2,6,7,0,1,1,0,0,0,1,6.20078E+20,5.80892E+21,1.07657E+16,5.24173E+16
130208,3.17052E+18,3,1,51,40,2017,5,20,6,3,5,5,1,1,0,0,0,1,1,6.15221E+20,5.83794E+21,1.07043E+16,5.26791E+16
130209,3.17052E+18,3,1,51,9,2017,5,20,6,2,4,6,1,0,0,1,0,2,1,6.05054E+20,5.81613E+21,1.05471E+16,5.24852E+16
130210,3.17052E+18,3,1,51,9,2017,5,5,6,3,1,5,1,0,0,0,1,1,1,6.0278E+20,5.81621E+21,1.05136E+16,5.24863E+16
130211,3.17052E+18,3,1,1,0,2017,5,18,6,3,5,3,1,1,0,0,0,0,0,6.04675E+20,5.79223E+21,1.05341E+16,5.22705E+16
130212,3.17052E+18,3,1,1,0,2017,5,16,6,3,5,2,1,1,0,0,0,0,1,6.02502E+20,5.79126E+21,1.05019E+16,5.22622E+16
130213,3.17052E+18,3,4,4,0,2017,5,15,5,3,2,6,0,1,0,1,0,0,1,4.35361E+20,5.79208E+21,8.05261E+15,5.22752E+16
130214,3.17052E+18,3,4,4,0,2017,5,20,5,3,4,6,0,1,0,1,0,0,0,4.37346E+20,5.79197E+21,8.0817E+15,5.22746E+16
130215,3.17052E+18,3,4,4,0,2017,5,17,5,3,5,3,1,1,0,0,0,0,0,4.35095E+20,5.79269E+21,8.04858E+15,5.22807E+16
130216,3.17052E+18,3,4,2,0,2017,5,13,5,3,5,3,0,1,0,0,0,0,0,3.78592E+20,5.91119E+21,7.17664E+15,5.33359E+16
130217,3.17052E+18,3,4,2,0,2017,5,10,5,3,5,3,1,1,0,0,0,0,0,3.80453E+20,5.91612E+21,7.20272E+15,5.33806E+16
130218,3.17052E+18,3,4,54,41,2017,5,16,5,3,2,6,1,0,0,0,0,0,0,3.90539E+20,5.88117E+21,7.36628E+15,5.30688E+16
130219,3.17052E+18,3,4,56,1,2017,5,16,5,2,0,1,1,0,0,0,0,0,0,3.73824E+20,5.79593E+21,7.14962E+15,5.22992E+16
130220,3.17052E+18,3,4,56,14,2017,5,9,5,2,5,3,1,1,0,0,0,0,1,3.62239E+20,5.81902E+21,6.97032E+15,5.25039E+16
130221,3.17052E+18,3,4,54,12,2017,5,7,5,3,5,3,0,1,0,0,1,0,0,4.01049E+20,5.81252E+21,7.54382E+15,5.24539E+16
130222,3.17052E+18,3,4,53,4,2017,5,14,5,3,5,3,1,1,0,0,0,0,0,4.36226E+20,5.8561E+21,8.05296E+15,5.28509E+16
130223,3.17052E+18,3,4,55,25,2017,5,21,5,3,1,5,1,1,0,0,0,0,0,4.34791E+20,5.9165E+21,8.01937E+15,5.33935E+16
130224,3.17052E+18,3,4,51,7,2017,5,16,5,3,5,2,0,1,0,1,0,0,0,4.28731E+20,5.90183E+21,7.93156E+15,5.3261E+16
130225,3.17052E+18,3,4,51,7,2017,5,19,5,3,5,3,1,1,0,0,0,0,1,4.28247E+20,5.9027E+21,7.92411E+15,5.32686E+16
130226,3.17052E+18,3,2,51,41,2017,5,17,5,3,4,5,0,1,0,0,0,0,1,4.8742E+20,5.86282E+21,8.81292E+15,5.29149E+16
130227,3.17052E+18,3,3,53,7,2017,5,19,5,3,8,1,0,1,0,0,0,0,0,5.83643E+20,5.91846E+21,1.02583E+16,5.34086E+16
130228,3.17052E+18,3,3,58,8,2017,5,11,5,3,1,5,0,1,0,0,0,0,0,5.46972E+20,5.85753E+21,9.69776E+15,5.28655E+16
130229,3.17052E+18,3,3,58,21,2017,5,19,5,2,2,6,0,1,0,1,0,0,1,5.56773E+20,5.87087E+21,9.84566E+15,5.29844E+16
130230,3.17052E+18,3,3,51,6,2017,5,7,5,3,5,2,1,1,0,0,0,0,0,5.70849E+20,5.83174E+21,1.00468E+16,5.2631E+16
130231,3.17052E+18,3,2,41,1,2017,5,16,5,3,0,7,1,0,1,0,0,0,0,5.51377E+20,5.80223E+21,9.75459E+15,5.23679E+16
130232,3.17052E+18,3,2,41,1,2017,5,22,5,3,0,7,1,0,0,0,0,2,0,5.47536E+20,5.80376E+21,9.6984E+15,5.2382E+16
130233,3.17052E+18,3,2,41,1,2017,5,8,5,3,0,3,1,1,0,0,0,0,0,5.51502E+20,5.80318E+21,9.75657E+15,5.23765E+16
130234,3.17052E+18,3,2,41,1,2017,5,17,5,3,5,3,0,1,1,0,0,0,1,5.51038E+20,5.80335E+21,9.74979E+15,5.2378E+16
130235,3.17052E+18,3,2,41,1,2017,5,17,5,3,4,2,1,1,0,0,0,0,1,5.50617E+20,5.80412E+21,9.74372E+15,5.2385E+16
130236,3.17052E+18,3,2,41,2,2017,5,13,5,3,8,1,1,0,0,0,0,0,0,5.31773E+20,5.79517E+21,9.466E+15,5.23059E+16
130237,3.17052E+18,3,2,41,12,2017,5,14,5,1,4,6,1,0,0,0,1,0,0,5.30588E+20,5.81813E+21,9.45073E+15,5.25125E+16
130238,3.17052E+18,3,2,41,1,2017,5,15,5,3,8,7,1,1,0,0,0,0,0,5.51337E+20,5.80152E+21,9.7539E+15,5.23616E+16
130239,3.17052E+18,3,2,41,1,2017,5,11,5,3,6,7,0,1,1,0,0,0,0,5.50082E+20,5.8031E+21,9.7357E+15,5.23759E+16
130240,3.17052E+18,3,2,41,1,2017,5,11,5,3,0,2,1,0,0,0,0,0,0,5.4931E+20,5.79938E+21,9.72382E+15,5.23425E+16
130241,3.17052E+18,3,2,41,1,2017,5,7,5,3,0,6,0,0,0,0,1,0,0,5.55969E+20,5.80099E+21,9.82182E+15,5.23564E+16
130242,3.17052E+18,3,2,41,1,2017,5,10,5,3,5,3,1,1,0,0,0,0,0,5.55197E+20,5.80137E+21,9.81055E+15,5.23598E+16
130243,3.17052E+18,3,2,41,9,2017,5,22,5,3,4,6,0,1,0,0,0,2,0,5.55694E+20,5.79375E+21,9.81659E+15,5.22913E+16
130244,3.17052E+18,3,2,41,1,2017,5,19,5,3,6,4,0,1,1,0,0,0,1,5.48311E+20,5.80143E+21,9.70945E+15,5.2361E+16
130245,3.17052E+18,3,1,59,19,2017,5,10,5,3,6,7,0,1,1,0,0,0,0,5.92668E+20,5.72371E+21,1.03397E+16,5.16567E+16
130246,3.17052E+18,3,2,57,31,2017,5,16,5,3,3,5,0,1,0,1,0,0,1,5.04903E+20,5.78285E+21,9.07174E+15,5.2196E+16
130247,3.17052E+18,3,2,57,28,2017,5,8,5,3,0,3,1,1,0,0,0,0,0,5.07856E+20,5.78967E+21,9.1151E+15,5.22574E+16
130248,3.17052E+18,3,2,56,28,2017,5,13,5,2,1,7,0,1,0,1,0,0,0,5.12548E+20,5.84411E+21,9.18589E+15,5.27467E+16
130249,3.17052E+18,3,2,56,22,2017,5,15,5,3,2,6,0,1,0,0,0,0,0,5.14634E+20,5.83344E+21,9.21631E+15,5.26507E+16
130250,3.17052E+18,3,2,55,23,2017,5,11,5,3,5,3,1,1,0,0,0,0,0,5.31421E+20,5.74282E+21,9.45602E+15,5.18353E+16
130251,3.17052E+18,3,1,59,16,2017,5,10,5,3,2,6,0,1,0,0,0,0,0,5.63498E+20,5.7104E+21,9.91562E+15,5.15412E+16
130252,3.17052E+18,3,1,59,16,2017,5,6,5,3,5,2,0,1,0,0,1,0,0,5.66096E+20,5.70842E+21,9.95271E+15,5.1523E+16
130253,3.17052E+18,3,1,3,0,2017,5,9,5,3,5,3,1,1,0,0,0,0,0,6.21149E+20,5.81013E+21,1.07818E+16,5.24279E+16
130254,3.17052E+18,3,1,51,9,2017,5,12,5,3,2,2,0,1,0,0,0,0,0,6.05145E+20,5.81367E+21,1.05477E+16,5.2463E+16
130255,3.17052E+18,3,4,59,15,2017,5,12,4,3,5,3,0,1,0,0,0,0,0,4.45754E+20,5.77402E+21,8.2078E+15,5.21141E+16
130256,3.17052E+18,3,4,56,7,2017,5,11,4,2,5,3,1,1,0,0,0,0,0,3.57749E+20,5.8195E+21,6.90401E+15,5.2507E+16
130257,3.17052E+18,3,4,56,15,2017,5,16,4,3,5,3,1,1,0,0,0,0,0,3.68242E+20,5.81129E+21,7.06177E+15,5.24359E+16
130258,3.17052E+18,3,4,54,32,2017,5,13,4,3,2,2,0,1,0,0,1,0,0,3.85552E+20,5.82086E+21,7.313E+15,5.25258E+16
130259,3.17052E+18,3,4,54,32,2017,5,15,4,2,6,3,0,1,1,0,0,0,0,3.86294E+20,5.81848E+21,7.32473E+15,5.25045E+16
130260,3.17052E+18,3,4,53,4,2017,5,17,4,3,5,3,1,1,0,0,0,0,0,4.35148E+20,5.85586E+21,8.037E+15,5.28486E+16
130261,3.17052E+18,3,4,3,0,2017,5,19,4,3,4,6,1,0,0,0,0,0,0,4.4524E+20,5.8879E+21,8.18142E+15,5.31377E+16
130262,3.17052E+18,3,4,3,0,2017,5,18,4,3,5,3,1,1,0,0,0,0,0,4.48339E+20,5.88904E+21,8.22756E+15,5.31482E+16
130263,3.17052E+18,3,4,3,0,2017,5,19,4,2,4,6,1,0,0,0,0,0,0,4.47439E+20,5.89169E+21,8.21366E+15,5.3172E+16
130264,3.17052E+18,3,2,51,12,2017,5,13,4,3,5,3,1,1,0,0,0,0,0,4.57026E+20,5.82914E+21,8.36534E+15,5.26105E+16
130265,3.17052E+18,3,4,1,0,2017,5,13,4,3,4,6,1,1,0,0,0,0,0,4.75274E+20,5.87854E+21,8.63109E+15,5.30558E+16
130266,3.17052E+18,3,3,53,40,2017,5,7,4,3,6,7,1,0,1,0,0,0,0,5.80273E+20,5.91254E+21,1.02061E+16,5.33559E+16
130267,3.17052E+18,3,3,59,38,2017,5,14,4,3,2,6,0,1,0,0,0,0,0,5.31299E+20,5.93752E+21,9.4728E+15,5.35856E+16
130268,3.17052E+18,3,3,60,29,2017,5,5,4,2,6,7,0,1,1,0,0,0,0,5.8668E+20,5.8765E+21,1.02926E+16,5.3031E+16
130269,3.17052E+18,3,3,54,4,2017,5,12,4,3,0,3,1,1,0,0,0,0,0,6.40468E+20,5.88566E+21,1.10982E+16,5.31019E+16
130270,3.17052E+18,3,3,55,31,2017,5,14,4,3,0,3,1,1,0,0,0,0,0,5.89377E+20,5.9007E+21,1.03395E+16,5.3248E+16
130271,3.17052E+18,3,3,55,22,2017,5,15,4,3,5,3,1,1,0,0,0,0,0,5.94151E+20,5.9009E+21,1.04111E+16,5.3249E+16
130272,3.17052E+18,3,2,41,21,2017,5,9,4,3,0,1,1,0,0,0,0,0,0,5.30624E+20,5.80699E+21,9.45023E+15,5.24123E+16
130273,3.17052E+18,3,2,41,3,2017,5,19,4,2,6,7,0,1,1,0,0,0,0,5.68314E+20,5.81133E+21,1.00052E+16,5.24479E+16
130274,3.17052E+18,3,2,41,1,2017,5,16,4,3,5,3,0,1,0,0,0,0,0,5.55543E+20,5.80442E+21,9.81614E+15,5.23872E+16
130275,3.17052E+18,3,2,41,1,2017,5,11,4,3,5,3,1,1,0,0,0,0,0,5.58437E+20,5.8059E+21,9.85891E+15,5.24002E+16
130276,3.17052E+18,3,2,41,1,2017,5,8,4,3,1,5,1,1,0,0,0,0,0,5.50512E+20,5.80469E+21,9.74226E+15,5.23901E+16
130277,3.17052E+18,3,1,55,13,2017,5,14,4,3,5,7,0,1,0,1,0,0,0,5.59957E+20,5.74094E+21,9.86982E+15,5.18161E+16
130278,3.17052E+18,3,2,57,32,2017,5,12,4,3,5,3,1,1,0,0,0,0,0,5.24768E+20,5.79557E+21,9.3633E+15,5.23099E+16
130279,3.17052E+18,3,2,54,14,2017,5,17,4,3,0,7,0,0,0,1,0,0,0,5.50576E+20,5.77528E+21,9.73879E+15,5.21257E+16
130280,3.17052E+18,3,2,55,23,2017,5,15,4,2,5,3,0,1,0,1,0,0,0,5.31996E+20,5.74354E+21,9.46443E+15,5.18418E+16
130281,3.17052E+18,3,2,52,6,2017,5,20,4,3,6,6,0,1,1,0,0,0,0,5.24103E+20,5.77251E+21,9.3519E+15,5.21026E+16
130282,3.17052E+18,3,1,59,16,2017,5,18,4,3,5,3,1,1,0,0,0,0,0,5.63945E+20,5.71126E+21,9.92222E+15,5.15488E+16
130283,3.17052E+18,3,1,54,13,2017,5,18,4,3,5,3,0,1,0,1,0,0,0,6.2372E+20,5.79658E+21,1.08146E+16,5.23056E+16
130284,3.17052E+18,3,1,3,0,2017,5,17,4,3,0,7,1,1,0,0,0,0,0,6.23149E+20,5.80999E+21,1.08112E+16,5.24262E+16
130285,3.17052E+18,3,1,2,0,2017,5,13,4,3,6,6,0,1,1,0,0,0,0,5.90852E+20,5.77856E+21,1.03279E+16,5.21501E+16
130286,3.17052E+18,3,1,53,17,2017,5,16,4,3,2,6,1,1,0,0,0,0,0,5.97873E+20,5.75176E+21,1.04228E+16,5.1908E+16
130287,3.17052E+18,3,4,59,17,2017,5,16,3,3,5,3,1,1,0,0,0,0,0,4.10438E+20,5.81949E+21,7.68007E+15,5.25181E+16
130288,3.17052E+18,3,4,4,0,2017,5,14,3,3,1,5,1,1,0,0,0,0,0,4.33719E+20,5.79104E+21,8.02873E+15,5.22658E+16
130289,3.17052E+18,3,4,54,41,2017,5,15,3,3,0,5,1,1,0,0,0,0,0,3.95513E+20,5.8809E+21,7.44057E+15,5.30674E+16
130290,3.17052E+18,3,4,54,19,2017,5,17,3,2,1,1,1,0,0,0,0,0,0,3.97658E+20,5.83704E+21,7.48636E+15,5.26736E+16
130291,3.17052E+18,3,4,54,32,2017,5,7,3,2,5,3,1,0,0,0,0,0,0,3.86116E+20,5.82053E+21,7.32141E+15,5.25229E+16
130292,3.17052E+18,3,4,55,26,2017,5,8,3,3,0,7,0,0,0,1,0,0,1,4.42221E+20,5.9121E+21,8.1319E+15,5.33549E+16
130293,3.17052E+18,3,4,5,0,2017,5,12,3,3,5,3,1,1,0,0,0,0,0,4.41582E+20,5.93065E+21,8.11885E+15,5.35215E+16
130294,3.17052E+18,3,3,61,12,2017,5,7,3,3,3,6,1,0,0,0,0,0,0,5.16437E+20,5.86358E+21,9.24448E+15,5.29216E+16
130295,3.17052E+18,3,4,3,0,2017,5,7,3,3,5,3,1,1,0,0,0,0,0,4.48285E+20,5.88777E+21,8.22695E+15,5.31368E+16
130296,3.17052E+18,3,4,61,7,2017,5,17,3,3,5,3,1,1,0,0,0,0,0,4.65993E+20,5.92645E+21,8.48749E+15,5.34859E+16
130297,3.17053E+18,3,4,3,0,2017,5,16,4,3,3,2,1,1,0,0,0,0,0,4.48342E+20,5.89359E+21,8.22686E+15,5.31892E+16
130298,3.17053E+18,3,4,3,0,2017,5,13,4,2,5,3,1,1,0,0,0,0,0,4.46752E+20,5.8886E+21,8.2039E+15,5.31442E+16
130299,3.17053E+18,3,4,3,0,2017,5,7,4,3,5,3,1,1,0,0,0,0,0,4.45686E+20,5.88746E+21,8.18815E+15,5.31338E+16
130300,3.17053E+18,3,2,51,42,2017,5,5,4,3,5,3,1,1,0,0,0,0,0,4.75515E+20,5.84975E+21,8.63685E+15,5.2797E+16
130301,3.17053E+18,3,4,55,15,2017,5,7,4,3,5,3,1,1,0,0,0,0,0,4.30262E+20,5.93245E+21,7.94774E+15,5.35364E+16
130302,3.17053E+18,3,4,5,0,2017,5,17,4,3,0,3,1,1,0,0,0,0,0,4.40622E+20,5.93065E+21,8.10439E+15,5.35214E+16
130303,3.17053E+18,3,3,56,8,2017,5,17,4,3,5,3,0,1,0,0,0,0,0,4.80341E+20,5.89333E+21,8.70577E+15,5.3189E+16
130304,3.17053E+18,3,3,56,5,2017,5,10,4,3,5,3,1,1,0,0,0,0,0,4.94542E+20,5.88983E+21,8.91838E+15,5.31578E+16
130305,3.17053E+18,3,4,51,7,2017,5,9,4,3,5,2,1,1,0,0,0,0,0,4.28554E+20,5.9015E+21,7.92899E+15,5.3258E+16
130306,3.17053E+18,3,4,1,0,2017,5,17,4,2,5,3,1,1,0,0,0,0,0,4.75093E+20,5.87879E+21,8.62837E+15,5.3058E+16
130307,3.17053E+18,3,4,1,0,2017,5,7,4,3,6,4,0,1,1,0,0,0,0,4.74592E+20,5.87785E+21,8.62097E+15,5.30495E+16
130308,3.17053E+18,3,3,59,10,2017,5,16,4,3,5,3,0,1,0,0,0,0,0,5.46177E+20,5.92396E+21,9.69554E+15,5.34626E+16
130309,3.17053E+18,3,3,58,4,2017,5,18,4,3,5,3,1,1,0,0,0,0,0,5.44299E+20,5.86173E+21,9.65863E+15,5.29034E+16
130310,3.17053E+18,3,3,58,19,2017,5,13,4,3,8,1,0,1,0,1,0,0,0,5.55332E+20,5.89342E+21,9.82809E+15,5.31872E+16
130311,3.17053E+18,3,3,60,6,2017,5,13,4,3,4,7,0,1,0,0,0,0,0,5.9492E+20,5.87657E+21,1.04154E+16,5.30303E+16
130312,3.17053E+18,3,3,51,26,2017,5,15,4,3,1,5,1,0,0,0,0,0,0,5.73214E+20,5.85428E+21,1.00868E+16,5.28333E+16
130313,3.17053E+18,3,2,41,1,2017,5,12,4,3,5,2,0,1,0,0,0,0,0,5.43012E+20,5.80697E+21,9.63235E+15,5.24113E+16
130314,3.17053E+18,3,2,41,1,2017,5,17,4,3,2,2,0,1,0,0,0,0,0,5.5035E+20,5.8037E+21,9.73973E+15,5.23813E+16
130315,3.17053E+18,3,2,41,1,2017,5,15,4,3,0,6,0,1,0,0,0,0,0,5.50873E+20,5.8034E+21,9.74736E+15,5.23785E+16
130316,3.17053E+18,3,2,41,1,2017,5,20,4,3,2,6,0,1,0,1,0,0,0,5.49651E+20,5.80342E+21,9.72942E+15,5.23788E+16
130317,3.17053E+18,3,2,41,10,2017,5,18,4,3,6,4,0,1,1,0,0,0,0,5.4995E+20,5.81025E+21,9.73484E+15,5.24402E+16
130318,3.17053E+18,3,2,41,10,2017,5,15,4,3,5,3,1,1,0,0,0,0,0,5.4957E+20,5.80855E+21,9.72899E+15,5.24249E+16
130319,3.17053E+18,3,2,41,3,2017,5,9,4,3,2,2,0,1,0,0,0,0,0,5.69409E+20,5.81012E+21,1.0021E+16,5.24369E+16
130320,3.17053E+18,3,2,41,1,2017,5,22,4,3,0,7,1,0,0,0,0,2,0,5.52536E+20,5.8007E+21,9.77137E+15,5.23541E+16
130321,3.17053E+18,3,2,41,1,2017,5,16,4,3,5,3,1,1,0,0,0,0,0,5.52721E+20,5.80145E+21,9.77421E+15,5.23608E+16
130322,3.17053E+18,3,2,41,1,2017,5,16,4,3,5,3,1,0,0,0,1,0,0,5.4769E+20,5.80481E+21,9.70081E+15,5.23915E+16
130323,3.17053E+18,3,2,41,1,2017,5,12,4,3,5,3,1,1,0,0,0,0,0,5.49136E+20,5.80457E+21,9.72202E+15,5.23891E+16
130324,3.17053E+18,3,2,41,1,2017,5,14,4,3,0,7,1,0,0,0,0,0,0,5.48384E+20,5.80213E+21,9.71062E+15,5.23673E+16
130325,3.17053E+18,3,2,41,1,2017,5,7,4,3,5,2,1,1,0,0,0,0,0,5.45785E+20,5.80557E+21,9.67292E+15,5.23985E+16
130326,3.17053E+18,3,2,41,1,2017,5,8,4,3,5,2,1,1,0,0,0,0,0,5.49342E+20,5.80438E+21,9.72502E+15,5.23874E+16
130327,3.17053E+18,3,2,41,1,2017,5,10,4,3,1,5,1,1,0,0,0,0,0,5.49272E+20,5.80424E+21,9.72398E+15,5.23862E+16
130328,3.17053E+18,3,2,56,22,2017,5,11,4,3,0,6,1,0,1,0,0,0,0,5.14212E+20,5.83273E+21,9.21004E+15,5.26444E+16
130329,3.17053E+18,3,2,54,5,2017,5,11,4,3,0,7,0,1,0,1,0,0,1,5.69963E+20,5.76914E+21,1.00207E+16,5.20684E+16
130330,3.17053E+18,3,2,52,3,2017,5,10,4,2,5,3,1,0,0,0,1,0,0,5.1601E+20,5.75942E+21,9.23313E+15,5.19852E+16
130331,3.17053E+18,3,2,52,3,2017,5,7,4,3,5,3,1,1,0,0,0,0,0,5.17737E+20,5.75931E+21,9.25828E+15,5.19842E+16
130332,3.17053E+18,3,2,52,6,2017,5,9,4,3,6,4,0,1,1,0,0,0,0,5.24453E+20,5.77254E+21,9.35702E+15,5.21029E+16
130333,3.17053E+18,3,1,59,11,2017,5,13,4,3,5,3,0,1,0,0,0,0,0,5.76469E+20,5.7136E+21,1.01033E+16,5.15683E+16
130334,3.17053E+18,3,1,59,10,2017,5,17,4,3,5,3,1,1,0,0,0,0,0,5.8645E+20,5.70736E+21,1.02458E+16,5.15107E+16
130335,3.17053E+18,3,1,59,16,2017,5,8,4,3,5,3,0,1,0,0,1,0,0,5.64816E+20,5.70931E+21,9.93442E+15,5.15312E+16
130336,3.17053E+18,3,1,3,0,2017,5,16,4,3,0,7,1,0,0,0,0,0,0,6.21651E+20,5.80999E+21,1.07892E+16,5.24266E+16
130337,3.17053E+18,3,1,57,6,2017,5,16,4,2,6,4,0,1,1,0,0,0,0,5.84943E+20,5.79838E+21,1.02465E+16,5.23292E+16
130338,3.17053E+18,3,1,53,18,2017,5,19,4,2,4,2,1,1,0,0,0,0,0,5.92095E+20,5.74037E+21,1.03358E+16,5.18066E+16
130339,3.17053E+18,3,1,53,17,2017,5,16,4,3,5,3,1,1,0,0,0,0,0,5.993E+20,5.75412E+21,1.04442E+16,5.1929E+16
130340,3.17053E+18,3,1,51,17,2017,5,8,4,3,5,3,0,1,0,1,0,0,0,5.92528E+20,5.81477E+21,1.03623E+16,5.24752E+16
130341,3.17053E+18,3,1,1,0,2017,5,18,4,3,4,2,1,1,0,0,0,0,0,6.02857E+20,5.79317E+21,1.05077E+16,5.22792E+16
130342,3.17053E+18,3,4,59,24,2017,5,10,3,3,0,7,1,0,0,0,1,0,0,4.57223E+20,5.78977E+21,8.3733E+15,5.22566E+16
130343,3.17053E+18,3,4,4,0,2017,5,7,3,2,2,6,0,1,0,1,0,0,0,4.35892E+20,5.78845E+21,8.06107E+15,5.22427E+16
130344,3.17053E+18,3,4,4,0,2017,5,18,3,3,1,6,0,1,0,0,0,0,0,4.37517E+20,5.79249E+21,8.08412E+15,5.22793E+16
130345,3.17053E+18,3,4,56,27,2017,5,17,3,3,5,3,0,1,0,0,1,0,0,3.78779E+20,5.79864E+21,7.22126E+15,5.23247E+16
130346,3.17053E+18,3,4,53,4,2017,5,16,3,3,5,3,0,1,0,0,0,0,0,4.35189E+20,5.85499E+21,8.03778E+15,5.28408E+16
130347,3.17053E+18,3,3,56,5,2017,5,11,3,3,5,3,1,0,0,0,0,0,0,4.94626E+20,5.88905E+21,8.91965E+15,5.31508E+16
130348,3.17053E+18,3,3,61,12,2017,5,13,3,3,4,6,1,0,0,0,0,0,0,5.15744E+20,5.86356E+21,9.23418E+15,5.29214E+16
130349,3.17053E+18,3,4,51,2,2017,5,5,3,3,8,7,0,1,0,0,0,0,1,4.3234E+20,5.89325E+21,7.98748E+15,5.31843E+16
130350,3.17053E+18,3,4,3,0,2017,5,12,3,3,5,3,1,1,0,0,0,0,0,4.4677E+20,5.88878E+21,8.20414E+15,5.31458E+16
130351,3.17053E+18,3,4,3,0,2017,5,9,3,3,6,6,1,0,1,0,0,0,0,4.45797E+20,5.88871E+21,8.1896E+15,5.3145E+16