OBJECTID,UIDENTSTLA,ULAND,UREGBEZ,UKREIS,UGEMEINDE,UJAHR,UMONAT,USTUNDE,UWOCHENTAG,UKATEGORIE,UART,UTYP1,IstRad,IstPKW,IstFuss,IstKrad,IstSonstig,LICHT,STRZUSTAND,LINREFX,LINREFY,XGCSWGS84,YGCSWGS84
130524,3.17052E+18,3,4,54,41,2017,5,16,4,2,3,7,1,0,0,0,1,0,0,3.92609E+20,5.88136E+21,7.3971E+15,5.30709E+16
130525,3.17052E+18,3,4,56,1,2017,5,16,4,2,5,3,0,1,0,0,0,0,0,3.70567E+20,5.79792E+21,7.10111E+15,5.23163E+16
130526,3.17052E+18,3,4,54,32,2017,5,8,4,3,5,3,1,1,0,0,0,0,0,3.87476E+20,5.8222E+21,7.34089E+15,5.25382E+16
130527,3.17052E+18,3,4,62,7,2017,5,19,4,2,0,1,1,0,0,0,0,0,0,3.99828E+20,5.95642E+21,7.48096E+15,5.37468E+16
130528,3.17052E+18,3,4,60,9,2017,5,23,4,2,1,5,0,1,0,0,0,2,0,4.52607E+20,5.84015E+21,8.2985E+15,5.27092E+16
130529,3.17052E+18,3,4,53,5,2017,5,9,4,1,6,6,0,0,1,0,1,0,0,4.43387E+20,5.85365E+21,8.15971E+15,5.28296E+16
130530,3.17052E+18,3,4,61,2,2017,5,16,4,3,5,2,1,1,0,0,0,0,0,4.6535E+20,5.90918E+21,8.4797E+15,5.33306E+16
130531,3.17052E+18,3,4,58,5,2017,5,22,4,3,6,6,0,0,1,0,1,2,0,4.69709E+20,5.88462E+21,8.54748E+15,5.31102E+16
130532,3.17052E+18,3,4,58,14,2017,5,17,4,3,5,3,1,1,0,0,0,0,0,4.60687E+20,5.8603E+21,8.41567E+15,5.28909E+16
130533,3.17052E+18,3,3,53,5,2017,5,18,4,3,2,6,0,1,0,0,0,0,0,5.56975E+20,5.91132E+21,9.85589E+15,5.33479E+16
130534,3.17052E+18,3,3,60,25,2017,5,7,4,3,4,7,1,0,0,0,1,0,0,6.05065E+20,5.86981E+21,1.05644E+16,5.29676E+16
130535,3.17052E+18,3,2,41,1,2017,5,18,4,3,2,6,0,1,0,1,0,0,0,5.49161E+20,5.80058E+21,9.72181E+15,5.23533E+16
130536,3.17052E+18,3,2,41,1,2017,5,19,4,3,1,5,1,1,0,0,0,0,0,5.5421E+20,5.80323E+21,9.79636E+15,5.23766E+16
130537,3.17052E+18,3,2,41,1,2017,5,9,4,3,5,3,1,1,0,0,0,0,0,5.53921E+20,5.80555E+21,9.79249E+15,5.23976E+16
130538,3.17052E+18,3,2,41,1,2017,5,17,4,3,2,6,1,1,0,0,0,0,0,5.5072E+20,5.80416E+21,9.74524E+15,5.23854E+16
130539,3.17052E+18,3,2,41,1,2017,5,7,4,3,5,2,0,1,0,0,0,0,0,5.5039E+20,5.8058E+21,9.74063E+15,5.24002E+16
130540,3.17052E+18,3,2,41,19,2017,5,7,4,3,5,3,1,1,0,0,0,0,0,5.49649E+20,5.8222E+21,9.73219E+15,5.25476E+16
130541,3.17052E+18,3,2,41,10,2017,5,6,4,3,0,6,0,0,0,1,0,0,0,5.48062E+20,5.81115E+21,9.70719E+15,5.24484E+16
130542,3.17052E+18,3,2,41,1,2017,5,18,4,2,5,3,0,1,0,0,0,0,0,5.47097E+20,5.80674E+21,9.69236E+15,5.24088E+16
130543,3.17052E+18,3,2,41,1,2017,5,8,4,3,0,7,1,0,0,0,1,0,0,5.52999E+20,5.80155E+21,9.7783E+15,5.23616E+16
130544,3.17052E+18,3,1,55,13,2017,5,21,4,3,6,4,0,1,1,0,0,2,0,5.59942E+20,5.74119E+21,9.86964E+15,5.18183E+16
130545,3.17052E+18,3,2,54,21,2017,5,7,4,3,4,6,1,1,0,0,0,0,0,5.62327E+20,5.77928E+21,9.91117E+15,5.21605E+16
130546,3.17052E+18,3,2,55,2,2017,5,16,4,3,3,7,0,1,0,1,0,0,0,5.34065E+20,5.74531E+21,9.49464E+15,5.18576E+16
130547,3.17052E+18,3,2,55,26,2017,5,12,4,3,0,2,1,1,0,0,0,0,0,5.2665E+20,5.72343E+21,9.3853E+15,5.16612E+16
130548,3.17052E+18,3,1,59,16,2017,5,12,4,3,5,3,0,1,0,0,0,0,0,5.63587E+20,5.71306E+21,9.91738E+15,5.15651E+16
130549,3.17052E+18,3,1,59,16,2017,5,12,4,3,1,5,1,1,0,0,0,0,0,5.64799E+20,5.70999E+21,9.93431E+15,5.15373E+16
130550,3.17052E+18,3,1,59,16,2017,5,8,4,3,2,6,0,1,0,0,0,0,0,5.64488E+20,5.70908E+21,9.92966E+15,5.15292E+16
130551,3.17052E+18,3,1,59,16,2017,5,8,4,3,5,2,1,1,0,0,0,0,0,5.65219E+20,5.71074E+21,9.9405E+15,5.1544E+16
130552,3.17052E+18,3,1,3,0,2017,5,12,4,3,2,6,0,1,0,0,0,0,0,6.2265E+20,5.81008E+21,1.08039E+16,5.24271E+16
130553,3.17052E+18,3,1,2,0,2017,5,14,4,3,6,4,0,1,1,0,0,0,0,5.93972E+20,5.76847E+21,1.03707E+16,5.20589E+16
130554,3.17061E+18,3,2,55,23,2017,6,8,5,3,0,2,1,1,0,0,0,0,1,5.3163E+20,5.74111E+21,9.4589E+15,5.182E+16
130555,3.17061E+18,3,2,52,6,2017,6,7,5,2,0,3,1,0,0,0,0,0,1,5.24072E+20,5.77083E+21,9.35133E+15,5.20875E+16
130556,3.17061E+18,3,2,52,6,2017,6,7,5,3,6,4,0,1,1,0,0,0,1,5.24783E+20,5.77388E+21,9.36194E+15,5.21149E+16
130557,3.17061E+18,3,1,58,37,2017,6,18,5,2,5,3,1,1,0,0,0,0,1,6.03212E+20,5.77976E+21,1.05088E+16,5.21587E+16
130558,3.17061E+18,3,2,41,1,2017,6,15,5,3,6,2,0,1,1,0,0,0,0,5.52726E+20,5.80262E+21,9.77447E+15,5.23713E+16
130559,3.17061E+18,3,2,41,11,2017,6,13,5,3,5,3,1,1,0,0,0,0,0,5.66353E+20,5.80366E+21,9.9748E+15,5.23792E+16
130560,3.17061E+18,3,2,41,1,2017,6,8,5,3,0,2,0,0,0,1,1,0,1,5.51052E+20,5.80697E+21,9.75054E+15,5.24106E+16
130561,3.17061E+18,3,2,41,1,2017,6,9,5,3,5,3,1,0,0,0,1,0,1,5.49675E+20,5.80316E+21,9.72974E+15,5.23764E+16
130562,3.17061E+18,3,2,41,1,2017,6,6,5,3,2,6,0,1,0,0,0,0,1,5.53921E+20,5.80555E+21,9.79249E+15,5.23976E+16
130563,3.17061E+18,3,1,55,13,2017,6,20,5,2,4,6,1,0,0,1,0,0,0,5.55167E+20,5.73989E+21,9.80016E+15,5.18071E+16
130564,3.17061E+18,3,1,51,17,2017,6,21,5,2,8,1,0,1,0,0,0,0,0,5.92693E+20,5.81675E+21,1.03653E+16,5.2493E+16
130565,3.17061E+18,3,1,51,9,2017,6,9,5,3,2,6,0,1,0,0,0,0,0,6.04879E+20,5.81554E+21,1.05443E+16,5.24799E+16
130566,3.17061E+18,3,1,1,0,2017,6,18,5,3,1,5,1,1,0,0,0,0,0,6.02714E+20,5.79132E+21,1.05051E+16,5.22627E+16
130567,3.17061E+18,3,1,1,0,2017,6,17,5,3,5,2,1,1,0,0,0,0,1,6.04183E+20,5.79199E+21,1.05268E+16,5.22684E+16
130568,3.17061E+18,3,4,59,24,2017,6,14,4,3,5,3,1,1,0,0,0,0,1,4.54632E+20,5.78399E+21,8.33612E+15,5.22045E+16
130569,3.17061E+18,3,4,4,0,2017,6,17,4,3,5,3,0,1,0,0,1,0,1,4.36285E+20,5.79414E+21,8.06575E+15,5.22939E+16
130570,3.17061E+18,3,4,2,0,2017,6,14,4,3,3,2,1,1,0,0,0,0,1,3.80513E+20,5.91477E+21,7.20413E+15,5.33685E+16
130571,3.17061E+18,3,4,56,27,2017,6,18,4,3,5,3,1,1,0,0,0,0,0,3.78586E+20,5.79788E+21,7.21871E+15,5.23178E+16
130572,3.17061E+18,3,4,54,35,2017,6,12,4,3,5,3,1,1,0,0,0,0,1,3.84857E+20,5.84051E+21,7.29592E+15,5.27022E+16
130573,3.17061E+18,3,4,53,13,2017,6,7,4,3,0,1,0,0,0,0,1,0,0,4.11547E+20,5.88449E+21,7.67882E+15,5.31025E+16
130574,3.17061E+18,3,4,53,13,2017,6,21,4,3,8,1,0,1,0,0,0,1,1,4.09769E+20,5.89292E+21,7.64989E+15,5.31779E+16
130575,3.17061E+18,3,4,51,7,2017,6,18,4,3,5,3,0,1,0,0,0,0,1,4.26177E+20,5.90141E+21,7.89337E+15,5.32568E+16
130576,3.17061E+18,3,4,3,0,2017,6,17,4,3,5,3,1,1,0,0,0,0,0,4.46374E+20,5.8874E+21,8.19845E+15,5.31333E+16
130577,3.17061E+18,3,4,3,0,2017,6,17,4,3,5,2,1,1,0,0,0,0,1,4.47624E+20,5.88905E+21,8.21687E+15,5.31482E+16
130578,3.17061E+18,3,4,3,0,2017,6,9,4,3,4,2,1,1,0,0,0,0,1,4.46196E+20,5.88739E+21,8.19579E+15,5.31332E+16
130579,3.17061E+18,3,4,61,7,2017,6,14,4,3,0,6,0,1,0,1,0,0,1,4.65763E+20,5.92935E+21,8.48371E+15,5.3512E+16
130580,3.17061E+18,3,4,61,7,2017,6,14,4,3,5,2,0,1,0,0,0,0,1,4.65901E+20,5.9273E+21,8.48601E+15,5.34936E+16
130581,3.17061E+18,3,4,61,2,2017,6,16,4,3,2,6,0,1,0,0,0,0,1,4.64582E+20,5.90859E+21,8.46824E+15,5.33253E+16
130582,3.17061E+18,3,4,58,5,2017,6,13,4,3,4,1,0,1,0,0,1,0,1,4.6756E+20,5.87592E+21,8.51626E+15,5.30318E+16
130583,3.17061E+18,3,4,1,0,2017,6,21,4,3,6,7,0,0,1,1,0,1,1,4.72172E+20,5.87715E+21,8.58492E+15,5.30431E+16
130584,3.17061E+18,3,3,52,11,2017,6,16,4,3,5,3,0,1,0,0,0,0,1,4.79852E+20,5.96919E+21,8.69358E+15,5.38708E+16
130585,3.17061E+18,3,3,53,35,2017,6,14,4,3,0,1,0,0,0,1,0,0,1,5.4737E+20,5.90331E+21,9.71041E+15,5.32769E+16
130586,3.17061E+18,3,3,59,38,2017,6,16,4,3,5,2,1,1,0,0,0,0,0,5.32173E+20,5.93934E+21,9.48619E+15,5.36019E+16
130587,3.17061E+18,3,3,57,16,2017,6,16,4,3,0,2,0,0,0,1,0,0,1,5.00459E+20,5.91549E+21,9.00691E+15,5.33885E+16
130588,3.17061E+18,3,3,60,25,2017,6,14,4,3,0,3,0,1,0,1,0,0,1,6.03585E+20,5.87204E+21,1.05431E+16,5.29879E+16
130589,3.17061E+18,3,3,60,25,2017,6,14,4,3,1,7,1,1,0,0,0,0,0,6.06135E+20,5.86912E+21,1.05801E+16,5.29611E+16
130590,3.17061E+18,3,2,41,1,2017,6,11,4,3,5,3,1,1,0,0,0,0,0,5.49308E+20,5.79988E+21,9.72386E+15,5.2347E+16
130591,3.17061E+18,3,2,41,1,2017,6,12,4,3,2,2,0,1,0,0,1,0,0,5.58483E+20,5.80158E+21,9.85884E+15,5.23613E+16
130592,3.17061E+18,3,2,41,3,2017,6,12,4,2,4,7,0,1,0,0,0,0,0,5.67785E+20,5.8111E+21,9.99734E+15,5.24459E+16
130593,3.17061E+18,3,2,54,21,2017,6,17,4,2,5,3,1,1,0,0,0,0,0,5.65321E+20,5.77892E+21,9.95485E+15,5.21569E+16
130594,3.17061E+18,3,2,54,21,2017,6,8,4,3,5,3,1,1,0,0,0,0,0,5.66224E+20,5.77884E+21,9.96804E+15,5.21561E+16
130595,3.17061E+18,3,1,59,10,2017,6,10,4,2,5,3,0,1,0,0,0,0,0,5.86289E+20,5.70754E+21,1.02435E+16,5.15124E+16
130596,3.17061E+18,3,1,59,16,2017,6,14,4,3,3,2,1,1,0,0,0,0,0,5.6476E+20,5.71018E+21,9.93378E+15,5.1539E+16
130597,3.17061E+18,3,1,59,16,2017,6,3,4,2,3,6,1,0,0,0,0,2,0,5.65725E+20,5.71004E+21,9.94766E+15,5.15376E+16
130598,3.17061E+18,3,1,3,0,2017,6,16,4,3,5,3,1,1,0,0,0,0,0,6.22744E+20,5.81016E+21,1.08053E+16,5.24278E+16
130599,3.17061E+18,3,1,58,37,2017,6,9,4,3,5,3,1,1,0,0,0,0,0,6.06408E+20,5.78007E+21,1.05556E+16,5.21608E+16
130600,3.17061E+18,3,1,2,0,2017,6,6,4,2,4,2,0,1,0,1,0,0,0,5.93959E+20,5.77242E+21,1.03716E+16,5.20944E+16
130601,3.17061E+18,3,1,2,0,2017,6,17,4,3,5,3,0,1,0,1,0,0,1,5.93788E+20,5.76711E+21,1.03676E+16,5.20466E+16
130602,3.17061E+18,3,1,57,6,2017,6,23,4,3,0,7,0,1,1,0,0,2,0,5.84084E+20,5.79705E+21,1.02336E+16,5.23174E+16
130603,3.17061E+18,3,1,53,7,2017,6,16,4,3,0,6,1,0,0,0,0,0,1,5.91648E+20,5.75523E+21,1.03332E+16,5.19403E+16
130604,3.17061E+18,3,1,53,17,2017,6,18,4,3,0,3,0,1,0,0,0,0,1,6.01669E+20,5.75195E+21,1.0478E+16,5.1909E+16
130605,3.17061E+18,3,1,51,9,2017,6,7,4,3,6,4,1,0,1,0,0,0,0,6.05596E+20,5.81517E+21,1.05548E+16,5.24765E+16
130606,3.17061E+18,3,1,1,0,2017,6,17,4,3,5,3,1,1,0,0,0,0,0,6.03856E+20,5.79273E+21,1.05222E+16,5.22751E+16
130607,3.17061E+18,3,1,1,0,2017,6,18,4,3,2,2,0,1,0,1,0,0,1,6.02983E+20,5.79212E+21,1.05092E+16,5.22698E+16
130608,3.17061E+18,3,1,1,0,2017,6,18,4,3,5,3,1,1,0,0,0,0,0,6.03105E+20,5.79033E+21,1.05105E+16,5.22537E+16
130609,3.17061E+18,3,4,59,34,2017,6,8,3,3,5,3,0,1,0,0,0,0,0,4.31303E+20,5.77262E+21,7.99707E+15,5.20999E+16
130610,3.17061E+18,3,4,59,29,2017,6,18,3,3,2,6,0,1,0,0,0,0,0,4.47314E+20,5.79953E+21,8.22661E+15,5.23435E+16
130611,3.17061E+18,3,4,4,0,2017,6,17,3,3,0,3,1,1,0,0,0,0,0,4.33628E+20,5.79334E+21,8.02695E+15,5.22864E+16
130612,3.17061E+18,3,4,57,17,2017,6,19,3,3,5,3,0,1,0,0,0,0,0,4.06842E+20,5.88916E+21,7.6072E+15,5.31437E+16
130613,3.17061E+18,3,4,54,9,2017,6,18,3,2,5,3,0,1,0,1,0,0,1,4.04616E+20,5.83311E+21,7.59037E+15,5.26396E+16
130614,3.17061E+18,3,4,54,35,2017,6,14,3,3,0,7,1,0,0,0,0,0,0,3.84497E+20,5.8384E+21,7.29132E+15,5.26832E+16
130615,3.17061E+18,3,4,54,35,2017,6,13,3,3,0,3,0,1,0,1,0,0,1,3.83005E+20,5.83962E+21,7.26883E+15,5.26939E+16
130616,3.17061E+18,3,4,54,10,2017,6,15,3,3,1,5,1,0,0,0,1,0,0,3.83724E+20,5.80609E+21,7.29121E+15,5.23927E+16
130617,3.17061E+18,3,4,62,7,2017,6,9,3,2,6,7,1,0,1,0,0,0,0,4.01651E+20,5.95668E+21,7.50852E+15,5.37495E+16
130618,3.17061E+18,3,4,52,20,2017,6,12,3,3,5,2,0,1,0,1,0,0,0,3.77689E+20,5.9526E+21,7.14692E+15,5.37078E+16
130619,3.17061E+18,3,4,60,6,2017,6,7,3,3,5,3,1,1,0,0,0,0,0,4.4832E+20,5.83549E+21,8.23579E+15,5.26669E+16
130620,3.17061E+18,3,4,60,10,2017,6,2,3,3,9,1,0,0,0,1,0,2,0,4.52247E+20,5.85309E+21,8.29129E+15,5.28254E+16
130621,3.17061E+18,3,4,60,9,2017,6,18,3,3,5,3,0,1,0,0,0,0,0,4.51614E+20,5.84095E+21,8.28369E+15,5.27163E+16
130622,3.17061E+18,3,4,55,14,2017,6,20,3,2,8,1,0,1,0,0,0,0,0,4.35816E+20,5.92737E+21,8.03258E+15,5.34914E+16
130623,3.17061E+18,3,3,53,26,2017,6,16,3,3,0,3,1,1,0,0,0,0,0,5.53147E+20,5.9238E+21,9.80049E+15,5.34605E+16
130624,3.17061E+18,3,3,59,38,2017,6,12,3,3,3,2,1,1,0,0,0,0,0,5.31627E+20,5.93842E+21,9.47785E+15,5.35937E+16
130625,3.17061E+18,3,3,55,22,2017,6,14,3,3,5,3,1,1,0,0,0,0,0,5.9414E+20,5.89977E+21,1.04106E+16,5.32388E+16
130626,3.17061E+18,3,3,55,22,2017,6,5,3,3,5,3,1,1,0,0,0,0,0,5.96756E+20,5.90059E+21,1.045E+16,5.32458E+16
130627,3.17061E+18,3,3,51,6,2017,6,15,3,3,0,1,1,0,0,0,0,0,0,5.7288E+20,5.83018E+21,1.00765E+16,5.26168E+16
130628,3.17061E+18,3,3,51,6,2017,6,14,3,3,5,3,1,1,0,0,0,0,1,5.71445E+20,5.82987E+21,1.00552E+16,5.26141E+16
130629,3.17061E+18,3,2,41,1,2017,6,15,3,3,1,5,0,1,0,0,1,0,1,5.53547E+20,5.80283E+21,9.78656E+15,5.23731E+16
130630,3.17061E+18,3,2,41,12,2017,6,19,3,3,8,7,0,0,0,1,0,0,0,5.29382E+20,5.81737E+21,9.43289E+15,5.25056E+16
130631,3.17061E+18,3,2,41,11,2017,6,15,3,3,6,4,0,1,1,0,0,0,0,5.65724E+20,5.80457E+21,9.96574E+15,5.23874E+16
130632,3.17061E+18,3,2,41,1,2017,6,17,3,3,5,3,1,1,0,0,0,0,0,5.50688E+20,5.80365E+21,9.74469E+15,5.23808E+16
130633,3.17061E+18,3,2,41,1,2017,6,9,3,3,0,7,0,1,0,0,0,0,0,5.45864E+20,5.80709E+21,9.6743E+15,5.24121E+16
130634,3.17061E+18,3,2,41,10,2017,6,6,3,3,2,2,0,1,0,1,0,0,0,5.48935E+20,5.81214E+21,9.72018E+15,5.24572E+16
130635,3.17061E+18,3,1,55,11,2017,6,7,3,3,2,6,0,1,0,0,0,0,0,5.68691E+20,5.72787E+21,9.99392E+15,5.16976E+16
130636,3.17061E+18,3,2,54,21,2017,6,8,3,3,1,5,0,0,0,1,1,0,0,5.65265E+20,5.77874E+21,9.954E+15,5.21553E+16
130637,3.17061E+18,3,2,54,21,2017,6,8,3,3,2,6,0,1,0,0,0,0,0,5.6429E+20,5.77805E+21,9.93963E+15,5.21493E+16
130638,3.17061E+18,3,2,52,6,2017,6,13,3,3,6,4,0,1,1,0,0,0,1,5.24738E+20,5.77208E+21,9.36114E+15,5.20987E+16
130639,3.17061E+18,3,2,52,6,2017,6,13,3,3,5,3,1,1,0,0,0,0,0,5.25225E+20,5.77218E+21,9.36827E+15,5.20996E+16
130640,3.17061E+18,3,1,58,6,2017,6,20,3,3,5,3,1,0,0,0,0,0,0,6.1277E+20,5.79001E+21,1.06519E+16,5.22489E+16
130641,3.17061E+18,3,1,53,12,2017,6,15,3,2,5,3,1,1,0,0,0,0,0,5.81135E+20,5.74914E+21,1.01789E+16,5.18871E+16
130642,3.17061E+18,3,1,53,8,2017,6,18,3,3,2,6,0,1,0,0,1,0,1,5.98287E+20,5.7649E+21,1.04326E+16,5.2026E+16
130643,3.17061E+18,3,1,1,0,2017,6,16,3,3,5,2,1,1,0,0,0,0,0,6.03631E+20,5.79416E+21,1.05194E+16,5.2288E+16
130644,3.17061E+18,3,4,4,0,2017,6,15,2,3,1,5,1,1,0,0,0,0,0,4.3194E+20,5.79491E+21,8.0019E+15,5.23004E+16
130645,3.17061E+18,3,4,57,2,2017,6,0,2,3,7,7,1,0,0,0,0,2,0,3.45178E+20,5.94012E+21,6.66099E+15,5.35871E+16
130646,3.17061E+18,3,4,56,15,2017,6,14,2,3,5,2,0,1,0,0,0,0,0,3.69324E+20,5.80856E+21,7.07875E+15,5.24116E+16
130647,3.17061E+18,3,4,53,4,2017,6,13,2,1,4,2,0,1,0,1,0,0,0,4.35833E+20,5.85583E+21,8.04717E+15,5.28484E+16
130648,3.17061E+18,3,3,61,8,2017,6,15,2,2,0,1,1,0,0,0,0,0,0,4.99447E+20,5.88582E+21,8.99174E+15,5.31218E+16
130649,3.17061E+18,3,4,3,0,2017,6,13,2,3,3,6,1,0,0,0,0,0,0,4.4857E+20,5.89236E+21,8.23047E+15,5.31781E+16
130650,3.17061E+18,3,2,51,7,2017,6,16,2,3,5,3,1,1,0,0,0,0,0,4.82457E+20,5.85536E+21,8.73951E+15,5.28477E+16
130651,3.17061E+18,3,2,51,12,2017,6,9,2,3,3,6,1,1,0,0,0,0,0,4.57278E+20,5.82903E+21,8.36908E+15,5.26096E+16
130652,3.17061E+18,3,2,51,12,2017,6,18,2,3,0,3,1,1,0,0,0,0,0,4.57608E+20,5.82862E+21,8.37401E+15,5.26059E+16
130653,3.17061E+18,3,4,58,14,2017,6,9,2,3,6,7,0,1,1,0,0,0,0,4.62156E+20,5.86102E+21,8.43743E+15,5.28976E+16
130654,3.17061E+18,3,4,58,14,2017,6,3,2,3,6,7,0,1,1,0,0,2,0,4.61942E+20,5.86104E+21,8.43424E+15,5.28977E+16
130655,3.17061E+18,3,4,1,0,2017,6,18,2,3,5,3,1,1,0,0,0,0,0,4.74547E+20,5.8798E+21,8.62015E+15,5.30671E+16
130656,3.17061E+18,3,3,59,38,2017,6,21,2,1,8,1,0,0,0,1,0,0,0,5.34156E+20,5.94223E+21,9.51647E+15,5.36278E+16
130657,3.17061E+18,3,2,41,1,2017,6,14,2,3,5,3,0,1,0,0,0,0,0,5.4859E+20,5.79952E+21,9.71327E+15,5.23438E+16
130658,3.17061E+18,3,2,41,1,2017,6,13,2,3,8,7,1,0,0,0,0,0,0,5.53792E+20,5.80396E+21,9.79033E+15,5.23832E+16
130659,3.17061E+18,3,2,41,1,2017,6,18,2,3,5,2,1,1,0,0,0,0,0,5.54536E+20,5.79861E+21,9.8004E+15,5.23351E+16
130660,3.17061E+18,3,2,41,21,2017,6,16,2,2,0,1,0,0,0,1,0,0,0,5.29273E+20,5.8064E+21,9.43032E+15,5.2407E+16
130661,3.17061E+18,3,2,41,1,2017,6,16,2,3,4,6,1,0,0,0,0,0,0,5.47416E+20,5.8082E+21,9.69727E+15,5.2422E+16
130662,3.17061E+18,3,2,41,1,2017,6,16,2,2,0,7,1,0,0,0,0,0,0,5.58712E+20,5.80162E+21,9.8622E+15,5.23617E+16
130663,3.17061E+18,3,2,41,1,2017,6,16,2,3,5,2,1,1,0,0,0,0,0,5.50662E+20,5.80328E+21,9.74425E+15,5.23774E+16
130664,3.17061E+18,3,2,41,1,2017,6,13,2,2,6,6,1,0,1,0,0,0,0,5.48241E+20,5.80356E+21,9.70873E+15,5.23802E+16
130665,3.17061E+18,3,1,59,26,2017,6,12,2,2,4,1,0,1,0,1,0,0,0,5.87827E+20,5.73251E+21,1.02719E+16,5.17366E+16
130666,3.17061E+18,3,1,55,9,2017,6,8,2,2,5,3,0,1,0,1,0,0,0,5.59962E+20,5.72721E+21,9.86752E+15,5.16926E+16
130667,3.17061E+18,3,1,58,30,2017,6,17,2,3,6,7,0,1,1,0,0,0,0,6.13523E+20,5.7843E+21,1.0661E+16,5.21975E+16
130668,3.17061E+18,3,1,58,21,2017,6,14,2,3,2,6,1,1,0,0,0,0,0,6.08338E+20,5.77442E+21,1.0582E+16,5.21097E+16
130669,3.1706E+18,3,4,52,1,2017,6,14,1,3,5,3,1,0,0,1,0,0,0,3.98578E+20,5.92504E+21,7.47223E+15,5.34646E+16
130670,3.1706E+18,3,4,60,3,2017,6,14,1,3,5,3,1,0,0,0,0,0,0,4.4049E+20,5.83359E+21,8.12037E+15,5.2649E+16
130671,3.1706E+18,3,4,53,4,2017,6,6,1,3,8,1,0,1,0,0,0,0,1,4.38388E+20,5.85634E+21,8.08501E+15,5.28533E+16
130672,3.1706E+18,3,4,55,20,2017,6,14,1,3,5,3,0,1,0,0,0,0,0,4.34999E+20,5.94327E+21,8.01695E+15,5.36342E+16
130673,3.1706E+18,3,4,5,0,2017,6,19,1,3,2,6,0,1,0,0,0,0,0,4.43003E+20,5.93143E+21,8.14015E+15,5.35287E+16
130674,3.1706E+18,3,3,61,12,2017,6,20,1,3,3,6,1,1,0,0,0,0,0,5.15539E+20,5.86357E+21,9.23112E+15,5.29216E+16
130675,3.1706E+18,3,4,1,0,2017,6,5,1,3,0,3,0,1,0,0,0,0,1,4.74266E+20,5.87904E+21,8.616E+15,5.30603E+16
130676,3.1706E+18,3,3,59,38,2017,6,22,1,3,5,3,0,1,0,0,0,2,0,5.317E+20,5.93891E+21,9.479E+15,5.3598E+16
130677,3.1706E+18,3,3,54,26,2017,6,21,1,3,1,5,1,1,0,0,0,0,0,6.40097E+20,5.86634E+21,1.10842E+16,5.29284E+16
130678,3.1706E+18,3,3,51,6,2017,6,0,1,3,4,6,1,0,0,0,0,2,0,5.73067E+20,5.8305E+21,1.00793E+16,5.26195E+16
130679,3.1706E+18,3,2,41,1,2017,6,8,1,3,5,2,0,1,0,0,0,0,1,5.47176E+20,5.79875E+21,9.69241E+15,5.23371E+16
130680,3.1706E+18,3,1,58,37,2017,6,16,1,3,4,2,0,1,0,0,0,0,0,6.04829E+20,5.77966E+21,1.05324E+16,5.21575E+16
130681,3.1706E+18,3,1,57,6,2017,6,19,1,3,3,6,0,1,0,0,0,0,0,5.85739E+20,5.79876E+21,1.02583E+16,5.23324E+16
130682,3.1706E+18,3,1,1,0,2017,6,17,1,3,4,2,1,1,0,0,0,0,0,6.0302E+20,5.79026E+21,1.05092E+16,5.22531E+16
130683,3.1706E+18,3,4,59,31,2017,6,21,7,3,0,7,1,0,0,0,1,2,1,4.32348E+20,5.81529E+21,8.00376E+15,5.24836E+16
130684,3.1706E+18,3,4,59,18,2017,6,15,7,3,5,3,0,1,0,0,0,0,0,4.31329E+20,5.82739E+21,7.98626E+15,5.25922E+16
130685,3.1706E+18,3,4,4,0,2017,6,15,7,2,5,3,0,1,0,0,0,0,0,4.37504E+20,5.79249E+21,8.08393E+15,5.22792E+16
130686,3.1706E+18,3,4,4,0,2017,6,16,7,3,0,5,1,1,0,0,0,0,0,4.35153E+20,5.79209E+21,8.04955E+15,5.22754E+16
130687,3.1706E+18,3,4,54,35,2017,6,10,7,3,5,2,1,1,0,0,0,0,0,3.8484E+20,5.83869E+21,7.2963E+15,5.26859E+16
130688,3.1706E+18,3,4,54,35,2017,6,17,7,2,9,1,0,0,0,1,0,0,0,3.76972E+20,5.84376E+21,7.17806E+15,5.27297E+16
130689,3.1706E+18,3,4,54,32,2017,6,12,7,3,4,2,0,1,0,0,0,0,0,3.8625E+20,5.82269E+21,7.32265E+15,5.25424E+16
130690,3.1706E+18,3,4,52,1,2017,6,9,7,3,2,6,0,1,0,0,1,0,0,3.9686E+20,5.92595E+21,7.44606E+15,5.34724E+16
130691,3.1706E+18,3,4,53,13,2017,6,15,7,3,5,2,1,1,0,0,0,0,0,4.1085E+20,5.88741E+21,7.6676E+15,5.31286E+16
130692,3.1706E+18,3,4,53,11,2017,6,12,7,3,0,5,1,1,0,0,0,0,0,4.161E+20,5.84348E+21,7.7574E+15,5.27346E+16
130693,3.1706E+18,3,4,5,0,2017,6,16,7,3,5,5,1,1,0,0,0,0,0,4.37992E+20,5.93174E+21,8.06451E+15,5.35309E+16
130694,3.1706E+18,3,4,3,0,2017,6,12,7,3,5,5,1,1,0,0,0,0,0,4.46624E+20,5.89326E+21,8.20122E+15,5.3186E+16
130695,3.1706E+18,3,4,3,0,2017,6,13,7,3,5,3,0,1,0,1,0,0,0,4.47534E+20,5.88291E+21,8.21653E+15,5.30931E+16
130696,3.1706E+18,3,3,59,38,2017,6,17,7,3,6,4,0,1,1,0,0,0,0,5.31622E+20,5.93961E+21,9.47789E+15,5.36043E+16
130697,3.1706E+18,3,3,58,21,2017,6,10,7,2,6,4,0,1,1,0,0,0,1,5.56421E+20,5.87078E+21,9.8404E+15,5.29836E+16