OBJECTID,UIDENTSTLA,ULAND,UREGBEZ,UKREIS,UGEMEINDE,UJAHR,UMONAT,USTUNDE,UWOCHENTAG,UKATEGORIE,UART,UTYP1,IstRad,IstPKW,IstFuss,IstKrad,IstSonstig,LICHT,STRZUSTAND,LINREFX,LINREFY,XGCSWGS84,YGCSWGS84
130698,3.1706E+18,3,3,60,25,2017,6,10,7,3,6,4,0,0,1,0,1,0,1,6.04648E+20,5.86929E+21,1.05581E+16,5.2963E+16
130699,3.1706E+18,3,3,55,1,2017,6,16,7,3,0,7,1,0,0,0,0,0,1,5.96072E+20,5.90461E+21,1.0441E+16,5.3282E+16
130700,3.1706E+18,3,2,41,1,2017,6,17,7,3,5,3,1,1,0,0,0,0,0,5.49111E+20,5.80141E+21,9.7212E+15,5.23607E+16
130701,3.1706E+18,3,2,41,15,2017,6,11,7,3,2,6,1,1,0,0,0,0,0,5.40165E+20,5.80528E+21,9.59029E+15,5.23963E+16
130702,3.1706E+18,3,2,41,10,2017,6,11,7,3,5,3,1,1,0,0,0,0,0,5.51295E+20,5.81022E+21,9.75461E+15,5.24398E+16
130703,3.1706E+18,3,2,41,3,2017,6,20,7,3,8,7,0,1,0,0,0,0,1,5.68422E+20,5.81123E+21,1.00067E+16,5.2447E+16
130704,3.1706E+18,3,2,41,1,2017,6,14,7,3,6,4,0,0,1,0,1,0,0,5.48255E+20,5.80276E+21,9.70881E+15,5.2373E+16
130705,3.1706E+18,3,2,57,9,2017,6,12,7,3,5,3,1,1,0,0,0,0,0,5.0428E+20,5.78997E+21,9.06271E+15,5.22601E+16
130706,3.1706E+18,3,2,54,28,2017,6,16,7,3,1,5,1,1,0,0,0,0,0,5.57858E+20,5.78627E+21,9.84703E+15,5.22238E+16
130707,3.1706E+18,3,2,54,21,2017,6,9,7,3,5,2,1,1,0,0,0,0,0,5.63576E+20,5.77818E+21,9.92921E+15,5.21505E+16
130708,3.1706E+18,3,2,55,23,2017,6,12,7,3,0,2,1,1,0,0,0,0,0,5.32159E+20,5.74152E+21,9.46662E+15,5.18236E+16
130709,3.1706E+18,3,2,52,6,2017,6,2,7,3,0,1,1,0,0,0,0,2,0,5.25606E+20,5.77265E+21,9.37386E+15,5.21038E+16
130710,3.1706E+18,3,1,54,10,2017,6,15,7,3,8,7,0,1,0,0,0,0,0,6.35807E+20,5.7908E+21,1.09895E+16,5.22509E+16
130711,3.1706E+18,3,1,1,0,2017,6,18,7,2,0,3,1,1,0,0,0,0,1,6.03711E+20,5.79168E+21,1.05198E+16,5.22657E+16
130712,3.1706E+18,3,4,59,15,2017,6,19,6,3,5,3,0,1,0,1,0,0,0,4.45611E+20,5.77426E+21,8.20567E+15,5.21162E+16
130713,3.1706E+18,3,4,59,5,2017,6,11,6,2,5,3,0,1,0,0,0,0,0,4.39323E+20,5.77099E+21,8.11444E+15,5.20861E+16
130714,3.1706E+18,3,4,54,57,2017,6,8,6,3,5,2,0,1,0,0,0,0,0,4.11634E+20,5.85655E+21,7.68775E+15,5.28514E+16
130715,3.1706E+18,3,4,54,41,2017,6,16,6,3,3,6,1,0,0,0,0,0,0,3.93392E+20,5.88186E+21,7.40862E+15,5.30755E+16
130716,3.1706E+18,3,4,54,18,2017,6,10,6,3,3,2,0,1,0,1,0,0,0,3.80968E+20,5.85048E+21,7.23476E+15,5.2791E+16
130717,3.1706E+18,3,4,62,5,2017,6,18,6,3,4,6,0,1,0,1,0,0,0,4.25207E+20,5.92861E+21,7.87241E+15,5.35011E+16
130718,3.1706E+18,3,4,53,7,2017,6,22,6,3,3,6,1,1,0,0,0,2,0,4.23644E+20,5.87601E+21,7.86148E+15,5.30281E+16
130719,3.1706E+18,3,4,60,9,2017,6,14,6,3,5,3,1,1,0,0,0,0,0,4.51446E+20,5.84323E+21,8.28086E+15,5.27368E+16
130720,3.1706E+18,3,4,60,9,2017,6,17,6,3,5,2,0,1,0,0,0,0,0,4.51878E+20,5.84147E+21,8.28752E+15,5.2721E+16
130721,3.1706E+18,3,4,55,27,2017,6,13,6,3,7,7,1,0,0,0,0,0,0,4.30938E+20,5.91898E+21,7.9609E+15,5.34153E+16
130722,3.1706E+18,3,4,55,15,2017,6,11,6,3,5,3,1,1,0,0,0,0,0,4.3035E+20,5.93301E+21,7.94894E+15,5.35414E+16
130723,3.1706E+18,3,4,55,7,2017,6,13,6,3,4,6,1,0,0,0,0,0,0,4.27859E+20,5.93594E+21,7.91068E+15,5.35674E+16
130724,3.1706E+18,3,4,5,0,2017,6,19,6,3,1,5,0,1,0,0,0,0,0,4.38759E+20,5.93111E+21,8.0762E+15,5.35253E+16
130725,3.1706E+18,3,3,61,3,2017,6,14,6,2,6,7,0,0,1,0,1,0,0,5.15432E+20,5.85531E+21,9.22915E+15,5.28473E+16
130726,3.1706E+18,3,4,61,3,2017,6,8,6,3,5,2,1,1,0,0,0,0,0,4.51003E+20,5.93607E+21,8.2601E+15,5.35712E+16
130727,3.1706E+18,3,3,53,40,2017,6,14,6,3,5,3,1,1,0,0,0,0,0,5.80424E+20,5.91354E+21,1.02086E+16,5.33648E+16
130728,3.1706E+18,3,3,59,38,2017,6,8,6,3,2,6,0,1,0,1,0,0,0,5.31247E+20,5.94008E+21,9.47227E+15,5.36086E+16
130729,3.1706E+18,3,3,55,1,2017,6,8,6,3,2,6,0,1,0,0,1,0,0,5.96632E+20,5.90515E+21,1.04496E+16,5.32868E+16
130730,3.1706E+18,3,2,41,5,2017,6,14,6,3,5,3,1,1,0,0,0,0,0,5.41848E+20,5.81059E+21,9.6157E+15,5.24439E+16
130731,3.1706E+18,3,2,41,11,2017,6,9,6,3,5,7,0,1,0,0,1,0,0,5.75814E+20,5.80081E+21,1.01131E+16,5.23523E+16
130732,3.1706E+18,3,2,41,3,2017,6,12,6,3,1,5,1,1,0,0,0,0,0,5.68648E+20,5.81011E+21,1.00098E+16,5.24369E+16
130733,3.1706E+18,3,2,41,1,2017,6,17,6,3,6,4,0,1,1,0,0,0,0,5.51326E+20,5.80353E+21,9.75404E+15,5.23796E+16
130734,3.1706E+18,3,2,41,1,2017,6,13,6,3,5,3,1,1,0,0,0,0,0,5.50871E+20,5.80193E+21,9.74712E+15,5.23653E+16
130735,3.1706E+18,3,2,41,1,2017,6,11,6,2,5,2,1,1,0,0,0,0,0,5.46733E+20,5.80183E+21,9.68633E+15,5.23648E+16
130736,3.1706E+18,3,2,41,1,2017,6,9,6,3,5,2,1,0,0,0,0,0,0,5.53529E+20,5.80303E+21,9.78633E+15,5.23749E+16
130737,3.1706E+18,3,2,41,1,2017,6,1,6,2,0,1,1,1,0,0,0,2,0,5.49978E+20,5.80329E+21,9.73421E+15,5.23776E+16
130738,3.1706E+18,3,2,56,22,2017,6,8,6,3,5,7,1,1,0,0,0,0,0,5.14693E+20,5.83314E+21,9.21718E+15,5.26481E+16
130739,3.1706E+18,3,2,54,14,2017,6,19,6,3,5,3,0,1,0,0,0,0,0,5.50368E+20,5.77528E+21,9.73576E+15,5.21258E+16
130740,3.1706E+18,3,2,54,21,2017,6,7,6,3,2,6,0,1,0,0,1,0,0,5.65844E+20,5.77958E+21,9.96262E+15,5.21627E+16
130741,3.1706E+18,3,2,55,25,2017,6,13,6,3,5,3,1,1,0,0,0,0,0,5.3927E+20,5.75718E+21,9.57157E+15,5.19639E+16
130742,3.1706E+18,3,2,55,23,2017,6,13,6,3,5,3,1,1,0,0,0,0,0,5.31374E+20,5.74195E+21,9.45526E+15,5.18275E+16
130743,3.1706E+18,3,1,3,0,2017,6,13,6,3,5,7,0,1,0,0,0,0,0,6.25216E+20,5.81009E+21,1.08416E+16,5.24266E+16
130744,3.1706E+18,3,1,3,0,2017,6,14,6,3,5,5,0,1,0,0,0,0,0,6.22535E+20,5.81056E+21,1.08024E+16,5.24315E+16
130745,3.1706E+18,3,1,58,37,2017,6,9,6,3,1,5,0,1,0,0,0,0,0,6.04369E+20,5.77973E+21,1.05257E+16,5.21582E+16
130746,3.1706E+18,3,1,53,18,2017,6,8,6,3,5,3,0,1,0,0,0,0,0,5.9259E+20,5.74201E+21,1.03434E+16,5.18212E+16
130747,3.1706E+18,3,1,53,17,2017,6,14,6,3,5,3,1,1,0,0,0,0,0,5.98229E+20,5.75139E+21,1.04279E+16,5.19046E+16
130748,3.1706E+18,3,1,1,0,2017,6,16,6,3,5,2,0,1,0,0,0,0,0,6.03136E+20,5.79253E+21,1.05116E+16,5.22735E+16
130749,3.1706E+18,3,1,1,0,2017,6,15,6,3,1,7,0,1,0,0,0,0,0,6.02851E+20,5.79191E+21,1.05072E+16,5.22679E+16
130750,3.1706E+18,3,4,59,17,2017,6,19,5,2,0,7,1,1,0,0,0,0,0,4.104E+20,5.81921E+21,7.67959E+15,5.25156E+16
130751,3.1706E+18,3,4,56,15,2017,6,10,5,3,4,2,1,1,0,0,0,0,0,3.68345E+20,5.8108E+21,7.06347E+15,5.24315E+16
130752,3.1706E+18,3,4,56,15,2017,6,16,5,3,5,2,0,1,0,1,0,0,0,3.6858E+20,5.80852E+21,7.06783E+15,5.24111E+16
130753,3.1706E+18,3,4,54,18,2017,6,1,5,3,5,3,1,1,0,0,0,0,0,3.81593E+20,5.85037E+21,7.24407E+15,5.27901E+16
130754,3.1706E+18,3,4,54,18,2017,6,7,5,3,5,3,1,1,0,0,0,0,0,3.803E+20,5.85013E+21,7.22499E+15,5.27877E+16
130755,3.1706E+18,3,4,54,35,2017,6,15,5,3,5,3,1,1,0,0,0,0,0,3.84584E+20,5.83788E+21,7.29279E+15,5.26785E+16
130756,3.1706E+18,3,4,54,35,2017,6,0,5,3,9,1,1,0,0,0,0,2,0,3.8484E+20,5.83977E+21,7.29591E+15,5.26956E+16
130757,3.1706E+18,3,4,54,10,2017,6,16,5,2,5,3,1,1,0,0,0,0,0,3.84152E+20,5.8061E+21,7.29749E+15,5.23929E+16
130758,3.1706E+18,3,4,54,32,2017,6,16,5,3,2,2,0,1,0,0,0,0,0,3.85726E+20,5.81979E+21,7.31592E+15,5.25162E+16
130759,3.1706E+18,3,4,54,45,2017,6,15,5,2,4,2,0,0,0,1,1,0,0,3.92696E+20,5.7986E+21,7.4254E+15,5.23272E+16
130760,3.1706E+18,3,4,52,1,2017,6,7,5,3,2,6,0,1,0,0,0,0,0,3.99108E+20,5.92532E+21,7.48012E+15,5.34672E+16
130761,3.1706E+18,3,4,53,4,2017,6,18,5,3,5,3,0,1,0,0,0,0,0,4.32856E+20,5.85446E+21,8.00327E+15,5.28357E+16
130762,3.1706E+18,3,3,61,12,2017,6,11,5,3,2,2,0,1,0,0,0,0,0,5.17058E+20,5.86264E+21,9.25368E+15,5.29132E+16
130763,3.1706E+18,3,4,51,7,2017,6,12,5,3,2,6,0,1,0,0,0,0,0,4.28679E+20,5.90086E+21,7.931E+15,5.32522E+16
130764,3.1706E+18,3,4,51,2,2017,6,16,5,3,5,2,1,1,0,0,0,0,0,4.33503E+20,5.89289E+21,8.00495E+15,5.31812E+16
130765,3.1706E+18,3,4,3,0,2017,6,15,5,3,4,6,1,0,0,0,0,0,0,4.4755E+20,5.88915E+21,8.21574E+15,5.31492E+16
130766,3.1706E+18,3,2,51,7,2017,6,7,5,3,0,2,0,1,0,0,1,0,0,4.8217E+20,5.85623E+21,8.7352E+15,5.28555E+16
130767,3.1706E+18,3,4,58,1,2017,6,15,5,3,8,1,0,0,0,1,0,0,0,4.71078E+20,5.85654E+21,8.57044E+15,5.28578E+16
130768,3.1706E+18,3,3,52,11,2017,6,17,5,2,5,3,0,1,0,1,0,0,0,4.80679E+20,5.96841E+21,8.7062E+15,5.38638E+16
130769,3.1706E+18,3,3,53,5,2017,6,15,5,3,6,4,0,1,1,0,0,0,0,5.58394E+20,5.90914E+21,9.87679E+15,5.33282E+16
130770,3.1706E+18,3,3,59,38,2017,6,16,5,3,3,7,1,1,0,0,0,0,0,5.29233E+20,5.93831E+21,9.44168E+15,5.35928E+16
130771,3.1706E+18,3,3,58,19,2017,6,7,5,3,3,2,0,1,0,1,0,0,0,5.52797E+20,5.88649E+21,9.78901E+15,5.31252E+16
130772,3.1706E+18,3,3,60,25,2017,6,9,5,3,6,7,0,1,1,0,0,0,0,6.04819E+20,5.86961E+21,1.05607E+16,5.29659E+16
130773,3.1706E+18,3,3,55,22,2017,6,13,5,3,5,3,1,0,0,0,1,0,0,5.95602E+20,5.90049E+21,1.04327E+16,5.32451E+16
130774,3.1706E+18,3,3,55,22,2017,6,9,5,3,4,2,0,1,0,0,0,0,0,5.92374E+20,5.9009E+21,1.03845E+16,5.32493E+16
130775,3.1706E+18,3,2,41,1,2017,6,7,5,3,5,3,1,1,0,0,0,0,0,5.47856E+20,5.79785E+21,9.70226E+15,5.23289E+16
130776,3.1706E+18,3,2,41,9,2017,6,7,5,3,2,6,0,1,0,1,0,0,0,5.55366E+20,5.7949E+21,9.81197E+15,5.23017E+16
130777,3.1706E+18,3,2,41,1,2017,6,7,5,3,0,2,1,1,0,0,0,0,0,5.5268E+20,5.80033E+21,9.77342E+15,5.23507E+16
130778,3.1706E+18,3,2,41,1,2017,6,9,5,3,5,2,1,1,0,0,0,0,0,5.53853E+20,5.80619E+21,9.79158E+15,5.24032E+16
130779,3.1706E+18,3,2,41,1,2017,6,16,5,3,2,6,0,1,0,0,0,0,0,5.51085E+20,5.80304E+21,9.75042E+15,5.23752E+16
130780,3.1706E+18,3,2,41,17,2017,6,7,5,3,5,3,1,1,0,0,0,0,0,5.37972E+20,5.7839E+21,9.55565E+15,5.22043E+16
130781,3.1706E+18,3,2,41,11,2017,6,12,5,3,5,3,1,1,0,0,0,0,0,5.6676E+20,5.80324E+21,9.98069E+15,5.23754E+16
130782,3.1706E+18,3,2,41,10,2017,6,15,5,3,4,6,1,0,0,0,0,0,0,5.48993E+20,5.80981E+21,9.72069E+15,5.24363E+16
130783,3.1706E+18,3,2,41,1,2017,6,10,5,3,5,3,1,0,0,0,0,0,0,5.49813E+20,5.80255E+21,9.73167E+15,5.2371E+16
130784,3.1706E+18,3,2,41,1,2017,6,6,5,2,0,7,0,1,0,1,0,0,0,5.46808E+20,5.80183E+21,9.68744E+15,5.23648E+16
130785,3.1706E+18,3,1,55,13,2017,6,19,5,3,4,2,1,1,0,0,0,0,0,5.60306E+20,5.74082E+21,9.87485E+15,5.1815E+16
130786,3.1706E+18,3,1,55,13,2017,6,15,5,3,5,2,0,1,0,0,0,0,0,5.60821E+20,5.74064E+21,9.88229E+15,5.18133E+16
130787,3.1706E+18,3,1,55,13,2017,6,16,5,3,6,2,0,1,1,0,0,0,0,5.60235E+20,5.74125E+21,9.87389E+15,5.18188E+16
130788,3.1706E+18,3,2,54,28,2017,6,10,5,3,5,2,1,1,0,0,0,0,0,5.58203E+20,5.78738E+21,9.85226E+15,5.22337E+16
130789,3.1706E+18,3,2,54,28,2017,6,7,5,3,5,2,1,1,0,0,0,0,0,5.58488E+20,5.78848E+21,9.85664E+15,5.22437E+16
130790,3.1706E+18,3,2,54,5,2017,6,7,5,3,6,4,0,1,1,0,0,0,0,5.69386E+20,5.7689E+21,1.00122E+16,5.20663E+16
130791,3.1706E+18,3,2,52,6,2017,6,13,5,3,3,2,1,1,0,0,0,0,0,5.2528E+20,5.77365E+21,9.36917E+15,5.21128E+16
130792,3.1706E+18,3,1,59,16,2017,6,15,5,3,4,2,1,1,0,0,0,0,0,5.64563E+20,5.7084E+21,9.93062E+15,5.1523E+16
130793,3.1706E+18,3,1,59,16,2017,6,18,5,3,6,2,0,1,1,0,0,0,0,5.63161E+20,5.71065E+21,9.9108E+15,5.15434E+16
130794,3.1706E+18,3,1,59,16,2017,6,9,5,3,4,7,1,1,0,0,0,0,0,5.65702E+20,5.71177E+21,9.94765E+15,5.15532E+16
130795,3.1706E+18,3,1,59,16,2017,6,19,5,3,8,1,1,0,0,0,0,0,0,5.64088E+20,5.71029E+21,9.92411E+15,5.15401E+16
130796,3.1706E+18,3,1,59,16,2017,6,16,5,3,5,3,1,1,0,0,0,0,0,5.64685E+20,5.70992E+21,9.93264E+15,5.15366E+16
130797,3.1706E+18,3,1,59,16,2017,6,11,5,3,2,2,0,1,0,1,0,0,0,5.6352E+20,5.71041E+21,9.91594E+15,5.15412E+16
130798,3.1706E+18,3,1,54,8,2017,6,12,5,1,6,7,0,0,1,0,1,0,0,6.37344E+20,5.79706E+21,1.10145E+16,5.23067E+16
130799,3.1706E+18,3,1,3,0,2017,6,9,5,3,5,3,0,1,0,0,0,0,0,6.25736E+20,5.81357E+21,1.08505E+16,5.24578E+16
130800,3.1706E+18,3,1,58,6,2017,6,7,5,3,5,3,1,1,0,0,0,0,0,6.1277E+20,5.79001E+21,1.06519E+16,5.22489E+16
130801,3.1706E+18,3,1,57,8,2017,6,14,5,3,0,4,0,1,1,0,0,0,0,5.94941E+20,5.80297E+21,1.03945E+16,5.23687E+16
130802,3.1706E+18,3,1,51,9,2017,6,18,5,3,4,2,1,1,0,0,0,0,0,6.05763E+20,5.81503E+21,1.05572E+16,5.24751E+16
130803,3.1706E+18,3,1,51,9,2017,6,10,5,3,5,3,1,1,0,0,0,0,0,6.04859E+20,5.81582E+21,1.05441E+16,5.24825E+16
130804,3.1706E+18,3,1,51,9,2017,6,7,5,3,3,7,0,1,0,0,0,0,0,6.03568E+20,5.81611E+21,1.05252E+16,5.24853E+16
130805,3.1706E+18,3,1,1,0,2017,6,15,5,3,5,3,0,1,0,0,1,0,0,6.05615E+20,5.79566E+21,1.05489E+16,5.23011E+16
130806,3.1706E+18,3,1,1,0,2017,6,13,5,3,5,3,0,1,0,0,0,0,0,6.03839E+20,5.78648E+21,1.05201E+16,5.2219E+16
130807,3.1706E+18,3,1,1,0,2017,6,8,5,3,5,3,1,1,0,0,0,0,0,6.02921E+20,5.78945E+21,1.05075E+16,5.22458E+16
130808,3.17053E+18,3,4,59,3,2017,5,12,4,2,8,1,0,1,0,0,0,0,0,4.5847E+20,5.79892E+21,8.39043E+15,5.2339E+16
130809,3.17053E+18,3,4,59,14,2017,5,13,4,2,2,6,1,0,0,0,0,0,0,4.3172E+20,5.80666E+21,7.99628E+15,5.24059E+16
130810,3.17053E+18,3,4,59,10,2017,5,13,4,3,4,2,1,1,0,0,0,0,0,4.28864E+20,5.82248E+21,7.95093E+15,5.25477E+16
130811,3.17053E+18,3,4,54,5,2017,5,20,4,3,5,2,0,1,0,1,0,0,0,4.02715E+20,5.86369E+21,7.55321E+15,5.29141E+16
130812,3.17053E+18,3,4,56,27,2017,5,15,4,3,5,3,1,1,0,0,0,0,0,3.79259E+20,5.79848E+21,7.22837E+15,5.23233E+16
130813,3.17053E+18,3,4,56,15,2017,5,12,4,3,4,6,1,1,0,0,0,0,0,3.69693E+20,5.81198E+21,7.08283E+15,5.24424E+16
130814,3.17053E+18,3,4,54,18,2017,5,17,4,2,5,3,1,1,0,0,0,0,0,3.80603E+20,5.85184E+21,7.22885E+15,5.28031E+16
130815,3.17053E+18,3,4,54,45,2017,5,14,4,3,8,1,1,0,0,0,0,0,0,3.88399E+20,5.79829E+21,7.36247E+15,5.23236E+16
130816,3.17062E+18,3,2,41,1,2017,6,6,6,3,0,7,1,0,1,0,0,0,0,5.53627E+20,5.80011E+21,9.78729E+15,5.23486E+16
130817,3.17062E+18,3,2,41,1,2017,6,12,6,3,5,2,1,1,0,0,0,0,0,5.50822E+20,5.80498E+21,9.74686E+15,5.23927E+16
130818,3.17062E+18,3,2,41,1,2017,6,8,6,3,3,7,1,1,0,0,0,0,0,5.51088E+20,5.80355E+21,9.75055E+15,5.23798E+16
130819,3.17062E+18,3,2,41,1,2017,6,16,6,3,0,1,1,0,0,0,0,0,0,5.47206E+20,5.80183E+21,9.69329E+15,5.23647E+16
130820,3.17062E+18,3,2,41,19,2017,6,10,6,3,0,3,1,1,0,0,0,0,0,5.4949E+20,5.82234E+21,9.72986E+15,5.25489E+16
130821,3.17062E+18,3,2,41,10,2017,6,8,6,3,5,3,1,0,0,0,0,0,0,5.47939E+20,5.80977E+21,9.70519E+15,5.2436E+16
130822,3.17062E+18,3,2,41,1,2017,6,21,6,3,5,3,0,1,0,0,0,0,0,5.52729E+20,5.80601E+21,9.77504E+15,5.24018E+16
130823,3.17062E+18,3,2,41,1,2017,6,13,6,3,6,4,0,1,1,0,0,0,0,5.53728E+20,5.80744E+21,9.78996E+15,5.24146E+16
130824,3.17062E+18,3,2,41,1,2017,6,14,6,3,1,5,0,1,0,0,0,0,0,5.47128E+20,5.80041E+21,9.69194E+15,5.23519E+16
130825,3.17062E+18,3,1,55,13,2017,6,7,6,2,2,2,0,1,0,1,0,0,0,5.59624E+20,5.74159E+21,9.86509E+15,5.18219E+16
130826,3.17062E+18,3,2,54,28,2017,6,14,6,3,6,7,1,0,1,0,0,0,1,5.58388E+20,5.78744E+21,9.85499E+15,5.22343E+16
130827,3.17062E+18,3,2,54,8,2017,6,12,6,3,6,7,0,1,1,0,0,0,0,5.77314E+20,5.76274E+21,1.01265E+16,5.20099E+16
130828,3.17062E+18,3,2,54,21,2017,6,13,6,3,2,6,0,1,0,0,0,0,0,5.66715E+20,5.78072E+21,9.97558E+15,5.21729E+16
130829,3.17062E+18,3,2,55,3,2017,6,17,6,3,5,3,0,1,0,0,0,0,0,5.35523E+20,5.75809E+21,9.51713E+15,5.19724E+16
130830,3.17062E+18,3,1,59,14,2017,6,0,6,2,1,5,0,1,0,0,1,2,0,5.84665E+20,5.71762E+21,1.02225E+16,5.16032E+16
130831,3.17062E+18,3,1,59,16,2017,6,20,6,3,5,3,1,1,0,0,0,0,0,5.65655E+20,5.70722E+21,9.94612E+15,5.15123E+16
130832,3.17062E+18,3,1,59,16,2017,6,11,6,3,0,5,1,1,0,0,0,0,0,5.66224E+20,5.70706E+21,9.9543E+15,5.15108E+16
130833,3.17062E+18,3,1,3,0,2017,6,10,6,3,0,7,0,1,0,0,1,0,0,6.19914E+20,5.8093E+21,1.07634E+16,5.24208E+16
130834,3.17062E+18,3,1,51,9,2017,6,7,6,3,5,3,1,1,0,0,0,0,0,6.06013E+20,5.81593E+21,1.05612E+16,5.24832E+16
130835,3.17062E+18,3,1,1,0,2017,6,23,6,3,5,7,0,1,0,1,0,2,0,6.04391E+20,5.79169E+21,1.05297E+16,5.22657E+16
130836,3.17062E+18,3,1,1,0,2017,6,15,6,2,5,3,1,1,0,0,0,0,0,6.03516E+20,5.79022E+21,1.05165E+16,5.22526E+16
130837,3.17062E+18,3,1,1,0,2017,6,13,6,2,5,3,1,1,0,0,0,0,0,6.04551E+20,5.79757E+21,1.05339E+16,5.23185E+16
130838,3.17062E+18,3,1,1,0,2017,6,12,6,3,5,2,1,0,0,0,1,0,0,6.04116E+20,5.7931E+21,1.05261E+16,5.22784E+16
130839,3.17062E+18,3,1,1,0,2017,6,9,6,3,3,6,0,1,0,0,0,0,0,6.04296E+20,5.79084E+21,1.05281E+16,5.22581E+16
130840,3.17062E+18,3,4,59,13,2017,6,12,5,3,5,3,1,1,0,0,0,0,0,4.53363E+20,5.80299E+21,8.31491E+15,5.23751E+16
130841,3.17062E+18,3,4,59,14,2017,6,7,5,3,5,3,1,1,0,0,0,0,0,4.3084E+20,5.80705E+21,7.98326E+15,5.24093E+16
130842,3.17062E+18,3,4,4,0,2017,6,18,5,3,3,2,1,1,0,0,0,0,0,4.33403E+20,5.79136E+21,8.02406E+15,5.22686E+16
130843,3.17062E+18,3,4,4,0,2017,6,19,5,2,4,6,0,1,0,0,0,0,1,4.36242E+20,5.79177E+21,8.06558E+15,5.22726E+16
130844,3.17062E+18,3,4,4,0,2017,6,17,5,3,0,2,1,0,0,0,1,0,1,4.35428E+20,5.79108E+21,8.05377E+15,5.22663E+16
130845,3.17062E+18,3,4,4,0,2017,6,7,5,3,5,2,1,1,0,0,0,0,0,4.32091E+20,5.79486E+21,8.00412E+15,5.22999E+16
130846,3.17062E+18,3,4,56,1,2017,6,14,5,3,9,1,0,1,0,0,0,0,0,3.70275E+20,5.80141E+21,7.09548E+15,5.23476E+16
130847,3.17062E+18,3,4,56,15,2017,6,17,5,3,5,2,1,1,0,0,0,0,1,3.6765E+20,5.80965E+21,7.05372E+15,5.2421E+16
130848,3.17062E+18,3,4,60,9,2017,6,12,5,3,3,6,1,0,0,0,0,0,0,4.51821E+20,5.84237E+21,8.28654E+15,5.2729E+16
130849,3.17062E+18,3,4,3,0,2017,6,15,5,3,5,3,1,1,0,0,0,0,0,4.49006E+20,5.88668E+21,8.23791E+15,5.31271E+16
130850,3.17062E+18,3,4,58,7,2017,6,16,5,3,2,6,0,1,0,0,1,0,0,4.48306E+20,5.86125E+21,8.23151E+15,5.28984E+16
130851,3.17062E+18,3,4,58,6,2017,6,22,5,3,2,6,0,1,0,0,0,2,1,4.7588E+20,5.86719E+21,8.64098E+15,5.29538E+16
130852,3.17062E+18,3,4,58,7,2017,6,6,5,3,9,7,0,1,0,0,0,0,0,4.53236E+20,5.86384E+21,8.30443E+15,5.29222E+16
130853,3.17062E+18,3,3,59,13,2017,6,7,5,3,1,7,1,1,0,0,0,0,0,5.25391E+20,5.95184E+21,9.38473E+15,5.37146E+16
130854,3.17062E+18,3,3,59,38,2017,6,11,5,3,4,6,0,1,0,0,1,0,0,5.32714E+20,5.93703E+21,9.49413E+15,5.35811E+16
130855,3.17062E+18,3,3,57,39,2017,6,20,5,3,0,1,0,0,0,1,0,0,1,5.26904E+20,5.88472E+21,9.40192E+15,5.31113E+16
130856,3.17062E+18,3,3,55,22,2017,6,18,5,2,6,4,1,0,1,0,0,0,0,5.93025E+20,5.89875E+21,1.03936E+16,5.32299E+16
130857,3.17062E+18,3,2,41,1,2017,6,13,5,3,5,3,0,1,0,0,0,0,0,5.47255E+20,5.79887E+21,9.69358E+15,5.23381E+16
130858,3.17062E+18,3,2,41,1,2017,6,13,5,3,2,6,0,1,0,0,1,0,0,5.49947E+20,5.80158E+21,9.7335E+15,5.23622E+16
130859,3.17062E+18,3,2,41,1,2017,6,9,5,3,5,3,0,1,0,1,0,0,0,5.51153E+20,5.80005E+21,9.75097E+15,5.23484E+16
130860,3.17062E+18,3,2,41,1,2017,6,12,5,3,4,1,1,1,0,0,0,0,0,5.56686E+20,5.79998E+21,9.83217E+15,5.23472E+16
130861,3.17062E+18,3,2,41,1,2017,6,14,5,3,8,7,0,1,0,0,0,0,0,5.51294E+20,5.80373E+21,9.75361E+15,5.23815E+16
130862,3.17062E+18,3,2,41,1,2017,6,21,5,3,0,3,0,1,0,0,0,2,1,5.49587E+20,5.80332E+21,9.72847E+15,5.23779E+16
130863,3.17062E+18,3,2,41,5,2017,6,8,5,3,2,6,0,1,0,0,0,0,0,5.42145E+20,5.80969E+21,9.61995E+15,5.24358E+16
130864,3.17062E+18,3,2,41,19,2017,6,19,5,3,5,3,1,1,0,0,0,1,1,5.4912E+20,5.8225E+21,9.72443E+15,5.25503E+16
130865,3.17062E+18,3,2,41,3,2017,6,14,5,3,0,7,0,0,0,1,0,0,0,5.6918E+20,5.81067E+21,1.00178E+16,5.24418E+16
130866,3.17062E+18,3,2,41,1,2017,6,10,5,3,5,2,1,1,0,0,0,0,0,5.50668E+20,5.80525E+21,9.74463E+15,5.23952E+16
130867,3.17062E+18,3,2,41,1,2017,6,7,5,3,5,2,1,1,0,0,0,0,0,5.50888E+20,5.80526E+21,9.74788E+15,5.23952E+16
130868,3.17062E+18,3,2,41,1,2017,6,8,5,2,5,3,1,0,0,0,1,0,0,5.51168E+20,5.80424E+21,9.75184E+15,5.2386E+16
130869,3.17062E+18,3,2,56,25,2017,6,7,5,3,1,7,0,0,0,0,1,0,0,5.15344E+20,5.81368E+21,9.2259E+15,5.24731E+16
130870,3.17062E+18,3,2,57,26,2017,6,18,5,3,0,6,1,1,0,0,0,0,1,5.11586E+20,5.79357E+21,9.16987E+15,5.22923E+16
130871,3.17062E+18,3,2,54,5,2017,6,10,5,3,2,6,1,1,0,0,0,0,0,5.69314E+20,5.76886E+21,1.00112E+16,5.2066E+16