OBJECTID,UIDENTSTLA,ULAND,UREGBEZ,UKREIS,UGEMEINDE,UJAHR,UMONAT,USTUNDE,UWOCHENTAG,UKATEGORIE,UART,UTYP1,IstRad,IstPKW,IstFuss,IstKrad,IstSonstig,LICHT,STRZUSTAND,LINREFX,LINREFY,XGCSWGS84,YGCSWGS84
130872,3.17062E+18,3,1,59,16,2017,6,11,5,3,0,7,1,1,0,0,0,0,0,5.6494E+20,5.7089E+21,9.93613E+15,5.15274E+16
130873,3.17062E+18,3,1,59,16,2017,6,14,5,3,4,2,0,1,0,0,0,0,0,5.64053E+20,5.70983E+21,9.92352E+15,5.1536E+16
130874,3.17062E+18,3,1,3,0,2017,6,16,5,3,5,3,1,1,0,0,0,0,0,6.20669E+20,5.81001E+21,1.07747E+16,5.24269E+16
130875,3.17062E+18,3,1,58,11,2017,6,12,5,3,8,7,0,1,0,0,0,0,0,5.89601E+20,5.77231E+21,1.03079E+16,5.20941E+16
130876,3.17062E+18,3,1,2,0,2017,6,17,5,2,5,3,1,1,0,0,0,0,0,5.95013E+20,5.76729E+21,1.03855E+16,5.20481E+16
130877,3.17062E+18,3,1,51,9,2017,6,11,5,3,9,1,0,0,0,1,0,0,0,6.06592E+20,5.81743E+21,1.05702E+16,5.24965E+16
130878,3.17061E+18,3,4,4,0,2017,6,16,4,3,2,6,0,1,0,0,0,0,0,4.3546E+20,5.7912E+21,8.05421E+15,5.22674E+16
130879,3.17061E+18,3,4,54,35,2017,6,10,4,3,5,3,1,1,0,0,0,0,0,3.85288E+20,5.83971E+21,7.30256E+15,5.26951E+16
130880,3.17061E+18,3,4,54,32,2017,6,8,4,3,6,6,0,0,1,0,1,0,0,3.90141E+20,5.81832E+21,7.38144E+15,5.25039E+16
130881,3.17061E+18,3,4,62,2,2017,6,18,4,3,7,7,1,0,0,0,1,0,0,4.08061E+20,5.93716E+21,7.61147E+15,5.35752E+16
130882,3.17061E+18,3,4,52,1,2017,6,15,4,3,5,3,1,1,0,0,0,0,0,4.0091E+20,5.92414E+21,7.50763E+15,5.3457E+16
130883,3.17061E+18,3,4,53,3,2017,6,10,4,2,5,3,1,1,0,0,0,0,0,4.40872E+20,5.85181E+21,8.12273E+15,5.28128E+16
130884,3.17061E+18,3,4,55,15,2017,6,20,4,3,5,3,1,1,0,0,0,0,0,4.2964E+20,5.93338E+21,7.93816E+15,5.35446E+16
130885,3.17061E+18,3,4,55,15,2017,6,20,4,2,8,1,0,1,0,0,0,0,0,4.30371E+20,5.93251E+21,7.94938E+15,5.35368E+16
130886,3.17061E+18,3,4,5,0,2017,6,16,4,3,5,3,1,0,0,0,0,0,0,4.39706E+20,5.93264E+21,8.09018E+15,5.35392E+16
130887,3.17061E+18,3,3,61,12,2017,6,11,4,3,6,4,0,0,1,0,1,0,0,5.15322E+20,5.86512E+21,9.22797E+15,5.29355E+16
130888,3.17061E+18,3,4,51,7,2017,6,18,4,3,5,7,1,1,0,0,0,0,0,4.29715E+20,5.9007E+21,7.94657E+15,5.32509E+16
130889,3.17061E+18,3,2,51,37,2017,6,7,4,3,5,3,1,1,0,0,0,0,0,4.85928E+20,5.87323E+21,8.79028E+15,5.30085E+16
130890,3.17061E+18,3,2,51,7,2017,6,11,4,3,5,3,1,1,0,0,0,0,0,4.82893E+20,5.85529E+21,8.74599E+15,5.28471E+16
130891,3.17061E+18,3,2,51,41,2017,6,11,4,3,7,7,0,1,0,0,0,0,0,4.92551E+20,5.86476E+21,8.88918E+15,5.29324E+16
130892,3.17061E+18,3,4,58,7,2017,6,17,4,3,5,3,1,1,0,0,0,0,0,4.47074E+20,5.86146E+21,8.21317E+15,5.29002E+16
130893,3.17061E+18,3,4,1,0,2017,6,9,4,3,1,7,0,1,0,0,0,0,0,4.75182E+20,5.87789E+21,8.62977E+15,5.30499E+16
130894,3.17061E+18,3,3,53,5,2017,6,11,4,3,5,3,1,1,0,0,0,0,0,5.56192E+20,5.90833E+21,9.84359E+15,5.33211E+16
130895,3.17061E+18,3,3,60,25,2017,6,16,4,3,5,3,1,1,0,0,0,0,0,6.03992E+20,5.87175E+21,1.05491E+16,5.29853E+16
130896,3.17061E+18,3,3,55,22,2017,6,10,4,3,3,6,0,1,0,0,0,0,0,5.97032E+20,5.90049E+21,1.04541E+16,5.32448E+16
130897,3.17061E+18,3,3,51,6,2017,6,9,4,3,3,6,1,1,0,0,0,0,0,5.75715E+20,5.8287E+21,1.0118E+16,5.2603E+16
130898,3.17061E+18,3,2,41,1,2017,6,10,4,3,0,7,0,1,0,0,1,0,0,5.51451E+20,5.80086E+21,9.75546E+15,5.23556E+16
130899,3.17061E+18,3,2,41,11,2017,6,13,4,3,3,2,1,0,0,0,0,0,0,5.66731E+20,5.80272E+21,9.98017E+15,5.23707E+16
130900,3.17061E+18,3,2,41,1,2017,6,9,4,3,0,3,1,0,0,1,0,0,0,5.48597E+20,5.80257E+21,9.71381E+15,5.23713E+16
130901,3.17061E+18,3,2,41,1,2017,6,12,4,3,5,3,1,1,0,0,0,0,0,5.52749E+20,5.8018E+21,9.77467E+15,5.23639E+16
130902,3.17061E+18,3,2,41,1,2017,6,11,4,3,4,6,1,0,0,0,0,0,0,5.47374E+20,5.80502E+21,9.69619E+15,5.23934E+16
130903,3.17061E+18,3,2,57,31,2017,6,16,4,3,5,3,0,1,0,0,1,0,0,5.05203E+20,5.78106E+21,9.07609E+15,5.218E+16
130904,3.17061E+18,3,2,56,22,2017,6,12,4,3,5,3,1,1,0,0,0,0,0,5.14876E+20,5.83306E+21,9.21987E+15,5.26473E+16
130905,3.17061E+18,3,1,59,16,2017,6,16,4,3,2,6,0,1,0,0,0,0,0,5.63649E+20,5.70931E+21,9.9176E+15,5.15313E+16
130906,3.17061E+18,3,1,3,0,2017,6,12,4,3,5,3,1,1,0,0,0,0,0,6.23092E+20,5.81013E+21,1.08104E+16,5.24275E+16
130907,3.17061E+18,3,1,57,9,2017,6,14,4,3,8,1,0,1,0,0,0,0,0,5.82876E+20,5.78997E+21,1.02141E+16,5.22539E+16
130908,3.17061E+18,3,1,2,0,2017,6,9,4,3,1,5,0,1,0,0,0,0,0,5.90753E+20,5.77849E+21,1.03264E+16,5.21495E+16
130909,3.17061E+18,3,1,51,19,2017,6,7,4,3,5,3,0,1,0,1,0,0,0,6.07728E+20,5.8474E+21,1.05967E+16,5.27657E+16
130910,3.17061E+18,3,1,51,39,2017,6,8,4,3,5,3,1,1,0,0,0,0,0,6.16576E+20,5.81393E+21,1.07159E+16,5.24631E+16
130911,3.17061E+18,3,1,51,9,2017,6,17,4,3,5,2,1,1,0,0,0,0,0,6.04952E+20,5.81577E+21,1.05455E+16,5.2482E+16
130912,3.17061E+18,3,1,51,9,2017,6,10,4,3,0,1,0,1,0,1,0,0,0,6.04913E+20,5.81612E+21,1.0545E+16,5.24851E+16
130913,3.17061E+18,3,1,1,0,2017,6,18,4,3,3,2,1,0,0,0,0,0,0,6.02196E+20,5.79176E+21,1.04976E+16,5.22667E+16
130914,3.17061E+18,3,1,1,0,2017,6,9,4,3,0,3,0,1,0,1,0,0,0,6.00411E+20,5.78541E+21,1.04696E+16,5.221E+16
130915,3.17061E+18,3,1,1,0,2017,6,7,4,3,0,7,0,1,0,0,1,0,0,6.04047E+20,5.79422E+21,1.05255E+16,5.22884E+16
130916,3.17061E+18,3,4,4,0,2017,6,7,3,3,4,6,1,0,0,0,0,0,0,4.32973E+20,5.79456E+21,8.01712E+15,5.22973E+16
130917,3.17061E+18,3,4,4,0,2017,6,7,3,3,1,5,1,1,0,0,0,0,0,4.31505E+20,5.79049E+21,7.99642E+15,5.22605E+16
130918,3.17061E+18,3,4,54,41,2017,6,14,3,3,7,7,1,0,0,0,0,0,0,3.92377E+20,5.88226E+21,7.39334E+15,5.30789E+16
130919,3.17061E+18,3,4,54,32,2017,6,20,3,2,0,1,1,0,0,0,0,0,0,3.85152E+20,5.82128E+21,7.30695E+15,5.25295E+16
130920,3.17061E+18,3,4,54,32,2017,6,13,3,3,0,2,0,1,0,0,1,0,0,3.8742E+20,5.82037E+21,7.34068E+15,5.25218E+16
130921,3.17061E+18,3,4,62,7,2017,6,10,3,2,6,6,1,0,1,0,0,0,0,4.00119E+20,5.95632E+21,7.48541E+15,5.37459E+16
130922,3.17061E+18,3,4,60,9,2017,6,20,3,3,5,2,0,1,0,0,0,1,0,4.51866E+20,5.84147E+21,8.28734E+15,5.2721E+16
130923,3.17061E+18,3,4,5,0,2017,6,12,3,2,5,2,1,1,0,0,0,0,0,4.40751E+20,5.93419E+21,8.10565E+15,5.35532E+16
130924,3.17061E+18,3,4,5,0,2017,6,7,3,3,5,3,1,1,0,0,0,0,0,4.38074E+20,5.93181E+21,8.06572E+15,5.35316E+16
130925,3.17061E+18,3,4,3,0,2017,6,14,3,2,5,3,1,1,0,0,0,0,0,4.46572E+20,5.88792E+21,8.20132E+15,5.3138E+16
130926,3.17061E+18,3,2,51,37,2017,6,12,3,3,5,3,1,1,0,0,0,0,0,4.85509E+20,5.87316E+21,8.78403E+15,5.30078E+16
130927,3.17061E+18,3,2,51,7,2017,6,15,3,3,8,1,0,1,0,0,0,0,0,4.81428E+20,5.85528E+21,8.72423E+15,5.2847E+16
130928,3.17061E+18,3,4,61,4,2017,6,19,3,3,8,1,0,1,0,0,0,0,0,4.60191E+20,5.89723E+21,8.40374E+15,5.32229E+16
130929,3.17061E+18,3,4,1,0,2017,6,18,3,2,5,3,1,1,0,0,0,0,0,4.75489E+20,5.87771E+21,8.63436E+15,5.30483E+16
130930,3.17061E+18,3,2,41,1,2017,6,16,3,3,2,2,0,1,0,0,0,0,0,5.54172E+20,5.80311E+21,9.79578E+15,5.23755E+16
130931,3.17061E+18,3,2,41,1,2017,6,16,3,3,5,3,1,1,0,0,0,0,0,5.58223E+20,5.80512E+21,9.85563E+15,5.23932E+16
130932,3.17061E+18,3,2,41,1,2017,6,19,3,3,6,2,1,0,1,0,0,0,0,5.51163E+20,5.80498E+21,9.75187E+15,5.23926E+16
130933,3.17061E+18,3,2,41,1,2017,6,14,3,3,5,2,1,1,0,0,0,0,0,5.50709E+20,5.80298E+21,9.74489E+15,5.23747E+16
130934,3.17061E+18,3,2,41,1,2017,6,13,3,3,5,3,1,1,0,0,0,0,0,5.47132E+20,5.80538E+21,9.69269E+15,5.23967E+16
130935,3.17061E+18,3,2,41,1,2017,6,5,3,3,5,3,1,0,0,0,1,0,0,5.5439E+20,5.80322E+21,9.79901E+15,5.23765E+16
130936,3.17061E+18,3,2,57,35,2017,6,14,3,3,5,3,1,1,0,0,0,0,0,5.12748E+20,5.79791E+21,9.18708E+15,5.23313E+16
130937,3.17061E+18,3,2,54,28,2017,6,11,3,2,1,7,0,1,0,1,0,0,0,5.59255E+20,5.7873E+21,9.86765E+15,5.22329E+16
130938,3.17061E+18,3,2,54,21,2017,6,17,3,3,2,6,0,1,0,0,0,0,0,5.66868E+20,5.77923E+21,9.97753E+15,5.21595E+16
130939,3.17061E+18,3,1,58,37,2017,6,18,3,3,5,3,1,1,0,0,0,0,0,6.05308E+20,5.77989E+21,1.05395E+16,5.21594E+16
130940,3.17061E+18,3,1,53,17,2017,6,17,3,3,6,4,0,1,1,0,0,0,0,5.98022E+20,5.75179E+21,1.0425E+16,5.19082E+16
130941,3.17061E+18,3,1,1,0,2017,6,21,3,3,5,3,1,1,0,0,0,0,0,6.02466E+20,5.78884E+21,1.05007E+16,5.22404E+16
130942,3.17061E+18,3,1,1,0,2017,6,17,3,3,6,6,1,0,1,0,0,0,0,6.04443E+20,5.79192E+21,1.05306E+16,5.22678E+16
130943,3.17061E+18,3,1,1,0,2017,6,15,3,2,5,3,1,1,0,0,0,0,0,6.03628E+20,5.79416E+21,1.05193E+16,5.2288E+16
130944,3.17061E+18,3,1,1,0,2017,6,9,3,3,6,4,1,0,1,0,0,0,0,6.03594E+20,5.79112E+21,1.05179E+16,5.22607E+16
130945,3.17061E+18,3,4,57,13,2017,6,13,2,3,9,1,0,0,0,1,0,0,0,3.97667E+20,5.8994E+21,7.46679E+15,5.3234E+16
130946,3.17061E+18,3,4,57,13,2017,6,7,2,3,5,2,1,1,0,0,0,0,0,3.97388E+20,5.89878E+21,7.46282E+15,5.32284E+16
130947,3.17061E+18,3,4,54,10,2017,6,7,2,2,0,1,1,0,0,0,0,0,0,3.83904E+20,5.80616E+21,7.29383E+15,5.23933E+16
130948,3.17061E+18,3,4,52,1,2017,6,9,2,3,5,3,0,1,0,1,0,0,0,3.99716E+20,5.92507E+21,7.48935E+15,5.3465E+16
130949,3.17061E+18,3,4,53,7,2017,6,15,2,3,5,3,1,0,0,0,0,0,0,4.23242E+20,5.8756E+21,7.85557E+15,5.30244E+16
130950,3.17061E+18,3,4,55,7,2017,6,11,2,3,5,2,0,1,0,0,1,0,1,4.27631E+20,5.93725E+21,7.90693E+15,5.35791E+16
130951,3.17061E+18,3,3,56,8,2017,6,20,2,3,2,6,0,1,0,0,0,0,0,4.83634E+20,5.8929E+21,8.75508E+15,5.31852E+16
130952,3.17061E+18,3,2,51,41,2017,6,7,2,3,5,3,1,1,0,0,0,0,0,4.88669E+20,5.86185E+21,8.83152E+15,5.29062E+16
130953,3.17061E+18,3,4,61,2,2017,6,9,2,3,3,6,0,1,0,0,1,0,0,4.64435E+20,5.90961E+21,8.46591E+15,5.33345E+16
130954,3.17061E+18,3,3,52,32,2017,6,16,2,3,2,6,0,0,0,1,1,0,0,4.68805E+20,5.9214E+21,8.53037E+15,5.34407E+16
130955,3.17061E+18,3,3,59,23,2017,6,13,2,2,5,3,1,1,0,0,0,0,0,5.32969E+20,5.92299E+21,9.49649E+15,5.34549E+16
130956,3.17061E+18,3,3,59,10,2017,6,19,2,3,5,3,1,1,0,0,0,0,0,5.45988E+20,5.92415E+21,9.69272E+15,5.34644E+16
130957,3.17061E+18,3,3,58,19,2017,6,8,2,3,5,3,0,1,0,0,0,0,0,5.53915E+20,5.88629E+21,9.80568E+15,5.31233E+16
130958,3.17061E+18,3,3,55,22,2017,6,9,2,3,3,2,1,1,0,0,0,0,0,5.94498E+20,5.90196E+21,1.04166E+16,5.32585E+16
130959,3.17061E+18,3,2,41,1,2017,6,15,2,3,2,6,0,1,0,0,0,0,0,5.43644E+20,5.80752E+21,9.64171E+15,5.24162E+16
130960,3.17061E+18,3,2,41,1,2017,6,10,2,3,5,3,1,1,0,0,0,0,0,5.4663E+20,5.80516E+21,9.68528E+15,5.23947E+16
130961,3.17061E+18,3,2,41,1,2017,6,22,2,3,5,5,0,1,0,0,0,2,0,5.55787E+20,5.80007E+21,9.81899E+15,5.23481E+16
130962,3.17061E+18,3,2,41,1,2017,6,9,2,3,1,5,1,1,0,0,0,0,0,5.4905E+20,5.80467E+21,9.72077E+15,5.23901E+16
130963,3.17061E+18,3,2,41,1,2017,6,18,2,3,0,7,1,0,0,0,0,0,0,5.51852E+20,5.80695E+21,9.7623E+15,5.24103E+16
130964,3.17061E+18,3,2,41,1,2017,6,15,2,3,2,6,1,0,0,0,0,0,0,5.49596E+20,5.80698E+21,9.72914E+15,5.24108E+16
130965,3.17061E+18,3,1,55,2,2017,6,11,2,3,4,7,0,1,0,0,1,0,0,5.32188E+20,5.72803E+21,9.46579E+15,5.17023E+16
130966,3.17061E+18,3,1,59,18,2017,6,17,2,3,4,6,0,1,0,0,0,0,0,5.85562E+20,5.72292E+21,1.02368E+16,5.16508E+16
130967,3.17061E+18,3,1,55,13,2017,6,16,2,3,0,1,0,0,0,1,0,0,0,5.58178E+20,5.741E+21,9.84401E+15,5.18168E+16
130968,3.17061E+18,3,1,55,11,2017,6,18,2,3,2,6,0,1,0,0,0,0,0,5.68918E+20,5.73072E+21,9.99776E+15,5.17231E+16
130969,3.17061E+18,3,2,57,9,2017,6,15,2,3,5,3,0,1,0,1,0,0,0,5.0223E+20,5.79012E+21,9.03267E+15,5.22614E+16
130970,3.17061E+18,3,2,56,22,2017,6,17,2,3,5,2,1,1,0,0,0,0,0,5.1463E+20,5.83125E+21,9.21617E+15,5.26311E+16
130971,3.17061E+18,3,2,54,32,2017,6,16,2,3,4,1,0,1,0,1,0,0,0,5.84362E+20,5.7827E+21,1.02341E+16,5.21883E+16
130972,3.17061E+18,3,1,59,10,2017,6,12,2,3,5,3,1,1,0,0,0,0,0,5.86289E+20,5.70754E+21,1.02435E+16,5.15124E+16
130973,3.17061E+18,3,1,53,7,2017,6,18,2,2,6,4,0,1,1,0,0,0,0,5.91107E+20,5.75461E+21,1.03252E+16,5.19347E+16
130974,3.17061E+18,3,1,53,17,2017,6,18,2,3,2,2,0,1,0,0,0,0,0,5.97305E+20,5.75391E+21,1.04151E+16,5.19274E+16
130975,3.17061E+18,3,1,1,0,2017,6,7,2,2,3,6,1,1,0,0,0,0,0,6.04819E+20,5.79052E+21,1.05356E+16,5.22551E+16
130976,3.17061E+18,3,1,1,0,2017,6,6,2,3,2,6,0,1,0,1,0,0,0,6.03652E+20,5.7953E+21,1.052E+16,5.22983E+16
130977,3.17061E+18,3,4,59,24,2017,6,5,1,3,6,7,0,1,1,0,0,0,0,4.58864E+20,5.77413E+21,8.39923E+15,5.21162E+16
130978,3.17061E+18,3,4,4,0,2017,6,19,1,3,5,3,1,1,0,0,0,0,1,4.36807E+20,5.79239E+21,8.07373E+15,5.22782E+16
130979,3.17061E+18,3,4,4,0,2017,6,15,1,3,2,2,0,1,0,0,0,0,0,4.35324E+20,5.79211E+21,8.05206E+15,5.22756E+16
130980,3.17061E+18,3,4,54,29,2017,6,10,1,3,6,1,0,1,1,0,0,0,0,3.88389E+20,5.85741E+21,7.3424E+15,5.28549E+16
130981,3.17061E+18,3,4,62,9,2017,6,18,1,3,3,6,1,0,0,0,0,0,0,3.96005E+20,5.93856E+21,7.429E+15,5.35855E+16
130982,3.17061E+18,3,4,60,6,2017,6,7,1,3,8,1,0,1,0,0,0,0,0,4.48253E+20,5.8354E+21,8.23481E+15,5.26661E+16
130983,3.17061E+18,3,4,55,15,2017,6,20,1,3,5,3,1,1,0,0,0,0,0,4.2998E+20,5.93378E+21,7.94319E+15,5.35482E+16
130984,3.17061E+18,3,4,1,0,2017,6,19,1,3,2,6,0,1,0,0,0,0,1,4.7641E+20,5.8764E+21,8.6482E+15,5.30366E+16
130985,3.17061E+18,3,3,53,5,2017,6,18,1,2,9,1,0,0,0,1,0,0,1,5.5622E+20,5.91401E+21,9.84502E+15,5.33722E+16
130986,3.17061E+18,3,3,60,25,2017,6,2,1,3,5,3,0,0,0,1,1,2,0,6.05014E+20,5.86949E+21,1.05636E+16,5.29647E+16
130987,3.17061E+18,3,2,41,1,2017,6,16,1,3,0,7,1,0,0,0,0,0,0,5.58136E+20,5.80493E+21,9.85432E+15,5.23915E+16
130988,3.17061E+18,3,2,41,1,2017,6,5,1,3,8,1,0,1,0,0,0,0,0,5.5004E+20,5.8036E+21,9.73516E+15,5.23804E+16
130989,3.17061E+18,3,2,52,2,2017,6,16,1,3,1,3,1,1,0,0,0,0,0,5.31148E+20,5.78301E+21,9.45572E+15,5.21967E+16
130990,3.17061E+18,3,4,59,29,2017,6,17,7,3,9,1,0,0,0,0,1,0,0,4.46961E+20,5.7979E+21,8.22168E+15,5.23289E+16
130991,3.17061E+18,3,4,4,0,2017,6,17,7,3,2,6,0,1,0,0,0,0,0,4.34404E+20,5.79393E+21,8.03822E+15,5.22918E+16
130992,3.17061E+18,3,4,4,0,2017,6,14,7,3,0,7,0,0,0,1,0,0,0,4.34429E+20,5.78803E+21,8.03973E+15,5.22387E+16
130993,3.17061E+18,3,4,54,41,2017,6,17,7,3,5,3,0,1,0,0,0,0,0,3.95586E+20,5.88163E+21,7.44143E+15,5.3074E+16
130994,3.17061E+18,3,4,54,31,2017,6,19,7,3,5,3,0,1,0,0,0,0,0,4.00093E+20,5.82294E+21,7.52662E+15,5.25473E+16
130995,3.17061E+18,3,4,60,9,2017,6,16,7,3,4,6,1,0,0,0,0,0,0,4.52235E+20,5.84288E+21,8.29261E+15,5.27337E+16
130996,3.17061E+18,3,4,60,9,2017,6,8,7,3,9,1,0,1,0,0,0,0,0,4.49401E+20,5.84669E+21,8.25004E+15,5.27677E+16
130997,3.17061E+18,3,3,61,12,2017,6,19,7,2,2,6,0,1,0,1,0,0,0,5.15749E+20,5.86714E+21,9.23442E+15,5.29537E+16
130998,3.17061E+18,3,4,3,0,2017,6,12,7,3,5,2,1,1,0,0,0,0,0,4.46784E+20,5.88687E+21,8.20467E+15,5.31286E+16
130999,3.17061E+18,3,3,52,8,2017,6,17,7,3,5,7,0,1,0,0,0,0,0,4.98573E+20,5.9505E+21,8.97838E+15,5.37032E+16
131000,3.17061E+18,3,3,59,36,2017,6,11,7,3,0,3,0,0,0,1,0,0,0,5.15852E+20,5.93779E+21,9.23947E+15,5.35887E+16
131001,3.17061E+18,3,3,58,8,2017,6,17,7,3,9,1,0,1,1,0,0,0,0,5.47945E+20,5.85774E+21,9.71224E+15,5.28673E+16
131002,3.17061E+18,3,3,58,21,2017,6,18,7,3,1,5,1,1,0,0,0,0,0,5.58496E+20,5.87511E+21,9.87209E+15,5.30224E+16
131003,3.17061E+18,3,3,60,25,2017,6,11,7,3,4,6,1,1,0,0,0,0,0,6.05685E+20,5.87076E+21,1.0574E+16,5.2976E+16
131004,3.17061E+18,3,3,55,14,2017,6,15,7,3,0,4,1,0,1,0,0,0,0,5.95983E+20,5.8955E+21,1.04369E+16,5.32001E+16
131005,3.17061E+18,3,2,41,1,2017,6,17,7,3,3,5,0,1,0,0,1,0,0,5.49344E+20,5.79977E+21,9.72438E+15,5.2346E+16
131006,3.17061E+18,3,2,41,1,2017,6,19,7,3,5,2,1,1,0,0,0,0,0,5.48848E+20,5.79964E+21,9.71707E+15,5.23449E+16
131007,3.17061E+18,3,2,41,1,2017,6,14,7,3,6,7,0,1,1,0,0,0,0,5.55517E+20,5.80148E+21,9.81527E+15,5.23608E+16
131008,3.17061E+18,3,2,41,19,2017,6,7,7,3,0,3,1,1,0,0,0,0,0,5.49635E+20,5.8222E+21,9.73198E+15,5.25476E+16
131009,3.17061E+18,3,2,41,17,2017,6,20,7,2,1,5,0,0,0,1,1,0,0,5.37083E+20,5.78438E+21,9.5427E+15,5.22086E+16
131010,3.17061E+18,3,2,56,22,2017,6,11,7,3,2,6,0,1,0,0,0,0,0,5.14311E+20,5.83294E+21,9.21152E+15,5.26462E+16
131011,3.17061E+18,3,2,54,20,2017,6,19,7,3,5,3,0,1,0,0,0,0,0,5.65481E+20,5.78437E+21,9.95825E+15,5.22059E+16
131012,3.17061E+18,3,2,54,21,2017,6,19,7,3,5,3,0,1,0,0,0,0,0,5.66033E+20,5.77813E+21,9.96511E+15,5.21497E+16
131013,3.17061E+18,3,2,54,11,2017,6,13,7,3,1,7,0,1,0,0,0,0,0,5.62428E+20,5.77178E+21,9.91127E+15,5.2093E+16
131014,3.17061E+18,3,2,52,6,2017,6,13,7,2,6,4,0,1,1,0,0,0,0,5.24639E+20,5.77348E+21,9.3598E+15,5.21113E+16
131015,3.17061E+18,3,1,59,16,2017,6,19,7,3,5,3,1,1,0,0,0,0,0,5.63264E+20,5.70866E+21,9.91193E+15,5.15255E+16
131016,3.17061E+18,3,1,2,0,2017,6,15,7,3,8,1,0,1,0,0,0,0,0,5.93546E+20,5.76688E+21,1.0364E+16,5.20446E+16
131017,3.17061E+18,3,1,51,18,2017,6,21,7,3,5,3,1,0,0,0,1,1,0,5.92882E+20,5.82067E+21,1.03692E+16,5.25282E+16
131018,3.17061E+18,3,4,56,1,2017,6,20,6,3,3,6,1,0,0,0,0,0,0,3.73815E+20,5.7961E+21,7.14941E+15,5.23008E+16
131019,3.17061E+18,3,4,56,15,2017,6,17,6,3,0,5,1,1,0,0,0,0,0,3.67397E+20,5.81061E+21,7.04962E+15,5.24296E+16
131020,3.17061E+18,3,4,54,35,2017,6,7,6,3,5,2,1,1,0,0,0,0,0,3.84917E+20,5.84073E+21,7.29672E+15,5.27042E+16
131021,3.17061E+18,3,4,54,32,2017,6,12,6,3,4,6,1,0,0,0,0,0,1,3.87512E+20,5.82077E+21,7.3419E+15,5.25254E+16
131022,3.17061E+18,3,4,54,32,2017,6,13,6,3,3,6,1,0,0,0,0,0,0,3.85117E+20,5.81932E+21,7.30711E+15,5.25119E+16
131023,3.17061E+18,3,4,52,23,2017,6,10,6,3,5,3,0,1,0,1,0,0,1,3.85069E+20,5.92367E+21,7.26932E+15,5.34495E+16
131024,3.17061E+18,3,4,60,9,2017,6,12,6,3,5,3,1,0,0,1,0,0,0,4.51634E+20,5.84362E+21,8.28359E+15,5.27402E+16
131025,3.17061E+18,3,4,53,12,2017,6,16,6,3,5,3,0,1,0,1,0,0,0,4.27546E+20,5.8568E+21,7.92393E+15,5.28561E+16
131026,3.17061E+18,3,4,53,5,2017,6,6,6,2,8,1,0,0,0,1,0,0,0,4.40276E+20,5.85434E+21,8.11342E+15,5.28355E+16
131027,3.17061E+18,3,4,5,0,2017,6,16,6,2,0,1,0,0,0,1,0,0,1,4.38009E+20,5.93141E+21,8.06483E+15,5.35279E+16
131028,3.17061E+18,3,4,5,0,2017,6,10,6,3,5,3,0,1,0,1,0,0,0,4.39944E+20,5.93674E+21,8.09299E+15,5.35761E+16
131029,3.17061E+18,3,4,3,0,2017,6,14,6,3,6,4,1,0,1,0,0,0,1,4.47282E+20,5.88735E+21,8.21204E+15,5.31329E+16
131030,3.17061E+18,3,4,3,0,2017,6,14,6,3,5,2,1,1,0,0,0,0,1,4.473E+20,5.88792E+21,8.2122E+15,5.31381E+16
131031,3.17061E+18,3,4,1,0,2017,6,12,6,3,5,3,1,1,0,0,0,0,0,4.78182E+20,5.87661E+21,8.67461E+15,5.30386E+16
131032,3.17061E+18,3,3,59,10,2017,6,16,6,3,5,3,1,0,0,0,1,0,1,5.43174E+20,5.92554E+21,9.65052E+15,5.34771E+16
131033,3.17061E+18,3,3,59,38,2017,6,12,6,2,1,5,1,1,0,0,0,0,0,5.29589E+20,5.93934E+21,9.44714E+15,5.36021E+16
131034,3.17061E+18,3,3,55,22,2017,6,17,6,3,5,2,1,1,0,0,0,0,1,5.9504E+20,5.90089E+21,1.04244E+16,5.32487E+16
131035,3.17061E+18,3,3,51,18,2017,6,14,6,3,5,3,1,1,0,0,0,0,0,5.75009E+20,5.82345E+21,1.01064E+16,5.2556E+16
131036,3.17061E+18,3,2,41,1,2017,6,16,6,3,5,3,1,1,0,0,0,0,1,5.47864E+20,5.79785E+21,9.70238E+15,5.23289E+16
131037,3.17061E+18,3,2,41,1,2017,6,16,6,3,0,1,1,0,0,0,0,0,1,5.49014E+20,5.80283E+21,9.71997E+15,5.23735E+16
131038,3.17061E+18,3,2,41,1,2017,6,13,6,3,4,6,1,1,0,0,0,0,0,5.51442E+20,5.80317E+21,9.75569E+15,5.23763E+16
131039,3.17061E+18,3,2,41,1,2017,6,21,6,2,5,3,0,1,0,1,0,0,1,5.49154E+20,5.80419E+21,9.72223E+15,5.23857E+16
131040,3.17061E+18,3,2,41,1,2017,6,17,6,3,5,1,0,1,0,1,0,0,1,5.50165E+20,5.80569E+21,9.73731E+15,5.23992E+16
131041,3.17061E+18,3,2,41,9,2017,6,16,6,2,5,3,0,1,0,0,1,0,1,5.56381E+20,5.79357E+21,9.82663E+15,5.22896E+16
131042,3.17061E+18,3,2,41,1,2017,6,15,6,3,5,3,1,1,0,0,0,0,0,5.54649E+20,5.80708E+21,9.80344E+15,5.24112E+16
131043,3.17061E+18,3,2,41,1,2017,6,13,6,3,0,1,0,0,0,1,0,0,0,5.56416E+20,5.8058E+21,9.8292E+15,5.23995E+16
131044,3.17061E+18,3,2,57,9,2017,6,9,6,3,5,3,1,1,0,0,0,0,0,5.03171E+20,5.79026E+21,9.04646E+15,5.22627E+16