OBJECTID,UIDENTSTLA,ULAND,UREGBEZ,UKREIS,UGEMEINDE,UJAHR,UMONAT,USTUNDE,UWOCHENTAG,UKATEGORIE,UART,UTYP1,IstRad,IstPKW,IstFuss,IstKrad,IstSonstig,LICHT,STRZUSTAND,LINREFX,LINREFY,XGCSWGS84,YGCSWGS84
131045,3.17061E+18,3,2,54,14,2017,6,13,6,2,6,4,0,1,1,0,0,0,0,5.50386E+20,5.77474E+21,9.73593E+15,5.21209E+16
131046,3.17061E+18,3,1,59,5,2017,6,15,6,2,6,4,1,0,1,0,0,0,0,5.8006E+20,5.72077E+21,1.01568E+16,5.16323E+16
131047,3.17061E+18,3,1,59,16,2017,6,12,6,2,6,4,1,0,1,0,0,0,0,5.65036E+20,5.71048E+21,9.93781E+15,5.15417E+16
131048,3.17061E+18,3,1,59,16,2017,6,10,6,3,2,2,0,0,0,1,1,0,0,5.62763E+20,5.71138E+21,9.90519E+15,5.155E+16
131049,3.17061E+18,3,1,3,0,2017,6,11,6,3,5,3,0,1,0,0,0,0,0,6.18361E+20,5.8035E+21,1.07385E+16,5.2369E+16
131050,3.17061E+18,3,1,3,0,2017,6,7,6,2,5,2,0,1,0,1,0,0,0,6.17489E+20,5.80969E+21,1.07279E+16,5.24248E+16
131051,3.17061E+18,3,1,53,17,2017,6,16,6,3,2,6,1,0,0,1,0,0,1,5.98266E+20,5.75186E+21,1.04285E+16,5.19088E+16
131052,3.17061E+18,3,1,1,0,2017,6,12,6,3,3,6,0,1,0,1,0,0,0,6.03716E+20,5.79301E+21,1.05202E+16,5.22777E+16
131053,3.17061E+18,3,1,1,0,2017,6,7,6,3,2,6,1,1,0,0,0,0,0,6.03728E+20,5.79168E+21,1.052E+16,5.22657E+16
131054,3.17061E+18,3,1,1,0,2017,6,17,6,3,2,5,0,1,0,0,1,0,1,6.0268E+20,5.79475E+21,1.05056E+16,5.22935E+16
131055,3.17061E+18,3,4,59,19,2017,6,17,5,3,5,3,1,0,0,0,0,0,0,4.34416E+20,5.78409E+21,8.0403E+15,5.22034E+16
131056,3.17061E+18,3,4,59,33,2017,6,16,5,3,0,2,1,1,0,0,0,0,0,4.32983E+20,5.79843E+21,8.01649E+15,5.23321E+16
131057,3.17061E+18,3,4,54,41,2017,6,7,5,3,5,3,0,1,0,1,0,0,1,3.92926E+20,5.88122E+21,7.40188E+15,5.30698E+16
131058,3.17061E+18,3,4,56,1,2017,6,13,5,3,5,3,1,0,0,0,0,0,0,3.73759E+20,5.79584E+21,7.14869E+15,5.22984E+16
131059,3.17061E+18,3,4,54,21,2017,6,16,5,2,5,3,1,1,0,0,0,0,0,4.0591E+20,5.83815E+21,7.60805E+15,5.26851E+16
131060,3.17061E+18,3,4,62,5,2017,6,16,5,3,0,7,1,0,0,0,1,0,0,4.27937E+20,5.92064E+21,7.91538E+15,5.34299E+16
131061,3.17061E+18,3,4,62,19,2017,6,11,5,3,5,3,0,1,0,0,0,0,1,4.18328E+20,5.93689E+21,7.76656E+15,5.35745E+16
131062,3.17061E+18,3,4,52,19,2017,6,11,5,2,2,6,1,1,0,0,0,0,1,3.79939E+20,5.94078E+21,7.18557E+15,5.3602E+16
131063,3.17061E+18,3,4,53,11,2017,6,13,5,3,5,3,0,1,0,0,0,0,0,4.14545E+20,5.84358E+21,7.73435E+15,5.27353E+16
131064,3.17061E+18,3,4,53,12,2017,6,7,5,3,5,3,1,1,0,0,0,0,1,4.2752E+20,5.85757E+21,7.92338E+15,5.2863E+16
131065,3.17061E+18,3,3,56,8,2017,6,13,5,3,5,3,1,1,0,0,0,0,1,4.83132E+20,5.89365E+21,8.74753E+15,5.3192E+16
131066,3.17061E+18,3,4,3,0,2017,6,8,5,3,1,5,1,0,0,0,1,0,0,4.47183E+20,5.88539E+21,8.21087E+15,5.31154E+16
131067,3.17061E+18,3,3,52,2,2017,6,16,5,2,9,1,0,1,0,0,0,0,1,5.05513E+20,5.93854E+21,9.08329E+15,5.35957E+16
131068,3.17061E+18,3,3,53,33,2017,6,15,5,3,5,3,1,1,0,0,0,0,0,5.94224E+20,5.91632E+21,1.04168E+16,5.33875E+16
131069,3.17061E+18,3,3,59,10,2017,6,13,5,3,3,2,0,1,0,1,0,0,0,5.44412E+20,5.92487E+21,9.66909E+15,5.3471E+16
131070,3.17061E+18,3,3,55,4,2017,6,6,5,1,9,1,0,1,0,0,0,0,0,5.93549E+20,5.9071E+21,1.04039E+16,5.33048E+16
131071,3.17061E+18,3,3,55,22,2017,6,19,5,3,2,6,0,1,0,0,0,0,0,5.94492E+20,5.90049E+21,1.04161E+16,5.32453E+16
131072,3.17061E+18,3,3,55,22,2017,6,7,5,3,5,3,1,1,0,0,0,0,0,5.93429E+20,5.90125E+21,1.04004E+16,5.32522E+16
131073,3.17061E+18,3,3,51,7,2017,6,19,5,2,9,1,0,1,0,0,0,0,0,5.79144E+20,5.82491E+21,1.01677E+16,5.25685E+16
131074,3.17061E+18,3,3,51,6,2017,6,19,5,3,1,5,1,1,0,0,0,0,0,5.73185E+20,5.83111E+21,1.00812E+16,5.26251E+16
131075,3.17061E+18,3,2,41,1,2017,6,11,5,3,4,2,0,1,0,0,1,0,1,5.48853E+20,5.79929E+21,9.7171E+15,5.23418E+16
131076,3.17061E+18,3,2,41,1,2017,6,8,5,3,4,6,0,1,0,1,0,0,1,5.4886E+20,5.7998E+21,9.71727E+15,5.23464E+16
131077,3.17061E+18,3,2,41,1,2017,6,8,5,3,2,2,1,1,0,0,0,0,1,5.54728E+20,5.80486E+21,9.80423E+15,5.23912E+16
131078,3.17062E+18,3,3,58,16,2017,6,23,7,3,9,1,0,1,0,0,0,2,1,5.72628E+20,5.87171E+21,1.0082E+16,5.29901E+16
131079,3.17062E+18,3,3,55,22,2017,6,12,7,3,5,2,1,1,0,0,0,0,1,5.94039E+20,5.90145E+21,1.04096E+16,5.32539E+16
131080,3.17063E+18,3,1,54,10,2017,6,15,1,3,5,3,0,1,0,0,0,0,1,6.3655E+20,5.78943E+21,1.09998E+16,5.22383E+16
131081,3.17063E+18,3,1,3,0,2017,6,18,1,3,5,3,0,1,0,0,0,0,1,6.17646E+20,5.80643E+21,1.0729E+16,5.23954E+16
131082,3.17063E+18,3,1,1,0,2017,6,11,1,3,5,3,1,1,0,0,0,0,0,6.01042E+20,5.79023E+21,1.04802E+16,5.22532E+16
131083,3.17062E+18,3,4,4,0,2017,6,12,7,3,0,7,1,1,0,0,0,0,0,4.37087E+20,5.79348E+21,8.07764E+15,5.22881E+16
131084,3.17062E+18,3,4,4,0,2017,6,9,7,3,5,2,1,1,0,0,0,0,0,4.35906E+20,5.79502E+21,8.06003E+15,5.23018E+16
131085,3.17062E+18,3,4,56,15,2017,6,15,7,3,9,1,0,1,0,0,0,0,1,3.67455E+20,5.81154E+21,7.05009E+15,5.2438E+16
131086,3.17062E+18,3,2,41,1,2017,6,10,7,3,2,6,0,1,0,0,0,0,0,5.4959E+20,5.80332E+21,9.72852E+15,5.23779E+16
131087,3.17062E+18,3,4,54,49,2017,6,3,7,3,8,1,0,1,0,0,0,2,0,3.94599E+20,5.80245E+21,7.45211E+15,5.23622E+16
131088,3.17062E+18,3,4,62,19,2017,6,13,7,3,5,3,1,1,0,0,0,0,0,4.1683E+20,5.93688E+21,7.74394E+15,5.35742E+16
131089,3.17062E+18,3,4,53,8,2017,6,17,7,2,5,3,0,1,0,0,0,0,1,4.34897E+20,5.86795E+21,8.03086E+15,5.29572E+16
131090,3.17062E+18,3,4,55,26,2017,6,8,7,3,0,4,0,0,1,1,0,0,1,4.42444E+20,5.91647E+21,8.13445E+15,5.33941E+16
131091,3.17062E+18,3,4,3,0,2017,6,19,7,3,5,3,0,1,0,1,0,0,0,4.44211E+20,5.88751E+21,8.1661E+15,5.31341E+16
131092,3.17062E+18,3,2,57,9,2017,6,19,7,3,5,3,1,1,0,0,0,0,0,4.99331E+20,5.79238E+21,8.99019E+15,5.22818E+16
131093,3.17062E+18,3,1,53,2,2017,6,10,7,3,0,7,1,0,0,0,0,0,0,6.07919E+20,5.7489E+21,1.05679E+16,5.18804E+16
131094,3.17062E+18,3,1,51,9,2017,6,16,7,3,1,5,1,0,0,0,1,0,0,6.05016E+20,5.81475E+21,1.05461E+16,5.24728E+16
131095,3.17062E+18,3,4,54,41,2017,6,12,6,2,5,3,1,1,0,0,0,0,0,3.91995E+20,5.88341E+21,7.38725E+15,5.30892E+16
131096,3.17062E+18,3,4,56,27,2017,6,7,6,3,0,5,0,1,0,0,0,0,0,3.78605E+20,5.79715E+21,7.21925E+15,5.23112E+16
131097,3.17062E+18,3,4,54,12,2017,6,9,6,3,5,3,1,1,0,0,0,0,0,4.01421E+20,5.81595E+21,7.54827E+15,5.24848E+16
131098,3.17062E+18,3,4,62,3,2017,6,11,6,3,3,3,1,1,0,0,0,0,0,4.07986E+20,5.94493E+21,7.60804E+15,5.3645E+16
131099,3.17062E+18,3,4,52,20,2017,6,11,6,3,4,1,1,0,0,0,0,0,0,3.78494E+20,5.95173E+21,7.15946E+15,5.37001E+16
131100,3.17062E+18,3,4,53,7,2017,6,14,6,3,5,3,1,1,0,0,0,0,0,4.23932E+20,5.87512E+21,7.86597E+15,5.30202E+16
131101,3.17062E+18,3,4,60,4,2017,6,8,6,3,5,3,0,1,0,0,1,0,0,4.61355E+20,5.84883E+21,8.42696E+15,5.27879E+16
131102,3.17062E+18,3,3,58,16,2017,6,12,6,3,4,2,1,1,0,0,0,0,0,5.74378E+20,5.87206E+21,1.01081E+16,5.2993E+16
131103,3.17062E+18,3,3,55,22,2017,6,18,6,3,5,2,1,1,0,0,0,0,0,5.95639E+20,5.90058E+21,1.04333E+16,5.32458E+16
131104,3.17062E+18,3,3,55,22,2017,6,20,6,3,5,3,1,1,0,0,0,0,0,5.95387E+20,5.90081E+21,1.04296E+16,5.3248E+16
131105,3.17062E+18,3,2,41,1,2017,6,12,6,3,5,3,1,1,0,0,0,0,0,5.49262E+20,5.80145E+21,9.72342E+15,5.23611E+16
131106,3.17062E+18,3,2,41,1,2017,6,16,6,3,2,6,0,1,0,0,1,0,0,5.52084E+20,5.80105E+21,9.76479E+15,5.23573E+16
131107,3.17062E+18,3,2,41,1,2017,6,16,6,3,5,3,0,1,0,0,0,0,0,5.49654E+20,5.80559E+21,9.72979E+15,5.23983E+16
131108,3.17062E+18,3,2,41,1,2017,6,23,6,3,5,3,1,1,0,0,0,2,0,5.5096E+20,5.80457E+21,9.74882E+15,5.2389E+16
131109,3.17062E+18,3,2,41,1,2017,6,16,6,3,3,6,0,1,0,1,0,0,0,5.54093E+20,5.80036E+21,9.79418E+15,5.23508E+16
131110,3.17062E+18,3,2,41,1,2017,6,14,6,3,5,3,1,1,0,0,0,0,0,5.52162E+20,5.79894E+21,9.7656E+15,5.23382E+16
131111,3.17062E+18,3,2,41,1,2017,6,10,6,3,0,2,0,1,0,1,0,0,0,5.49582E+20,5.80332E+21,9.72839E+15,5.23779E+16
131112,3.17062E+18,3,2,55,23,2017,6,20,6,3,4,2,0,1,0,1,0,0,0,5.32212E+20,5.74202E+21,9.46743E+15,5.1828E+16
131113,3.17062E+18,3,2,52,7,2017,6,16,6,3,8,1,0,0,0,1,0,0,0,5.14651E+20,5.77982E+21,9.21422E+15,5.21686E+16
131114,3.17062E+18,3,2,52,6,2017,6,17,6,3,4,1,1,1,0,0,0,0,0,5.24141E+20,5.77098E+21,9.35235E+15,5.20889E+16
131115,3.17062E+18,3,1,58,37,2017,6,12,6,3,0,7,1,0,0,0,0,0,0,6.04756E+20,5.77959E+21,1.05313E+16,5.21568E+16
131116,3.17062E+18,3,1,51,9,2017,6,7,6,3,5,2,0,1,0,0,0,0,0,6.05329E+20,5.81565E+21,1.0551E+16,5.24808E+16
131117,3.17062E+18,3,1,54,13,2017,6,10,6,3,3,6,0,1,0,1,0,0,0,6.1775E+20,5.797E+21,1.07272E+16,5.23107E+16
131118,3.17062E+18,3,1,1,0,2017,6,15,6,3,5,2,1,0,0,0,1,0,0,6.03074E+20,5.79479E+21,1.05114E+16,5.22938E+16
131119,3.17062E+18,3,1,1,0,2017,6,15,6,3,5,3,1,1,0,0,0,0,0,6.03849E+20,5.79272E+21,1.05221E+16,5.2275E+16
131120,3.17062E+18,3,4,59,3,2017,6,19,5,3,5,3,0,1,0,0,0,0,0,4.54891E+20,5.79683E+21,8.33818E+15,5.232E+16
131121,3.17062E+18,3,4,4,0,2017,6,5,5,2,1,5,0,1,0,1,0,0,0,4.36059E+20,5.79105E+21,8.06303E+15,5.22661E+16
131122,3.17062E+18,3,4,2,0,2017,6,7,5,3,5,3,1,0,0,0,1,0,0,3.8076E+20,5.91364E+21,7.20828E+15,5.33584E+16
131123,3.17062E+18,3,4,54,41,2017,6,13,5,3,5,3,1,1,0,0,0,0,0,3.92817E+20,5.88203E+21,7.39997E+15,5.3077E+16
131124,3.17062E+18,3,4,56,23,2017,6,10,5,2,8,1,0,0,0,1,0,0,0,3.55825E+20,5.81805E+21,6.87631E+15,5.24935E+16
131125,3.17062E+18,3,4,60,5,2017,6,14,5,3,4,6,1,1,0,0,0,0,0,4.42963E+20,5.82449E+21,8.15848E+15,5.25675E+16
131126,3.17062E+18,3,4,60,9,2017,6,15,5,3,5,3,0,1,0,0,0,0,0,4.51387E+20,5.84147E+21,8.28025E+15,5.27209E+16
131127,3.17062E+18,3,4,53,4,2017,6,14,5,3,4,6,1,0,0,0,0,0,0,4.36032E+20,5.85511E+21,8.05028E+15,5.2842E+16
131128,3.17062E+18,3,4,5,0,2017,6,18,5,3,5,3,1,1,0,0,0,0,1,4.4E+20,5.93084E+21,8.09497E+15,5.3523E+16
131129,3.17062E+18,3,3,61,12,2017,6,12,5,3,4,2,1,1,0,0,0,0,0,5.1642E+20,5.86353E+21,9.24422E+15,5.29212E+16
131130,3.17062E+18,3,4,3,0,2017,6,13,5,3,2,6,0,1,0,0,1,0,0,4.47904E+20,5.89004E+21,8.22089E+15,5.31572E+16
131131,3.17062E+18,3,4,3,0,2017,6,6,5,3,4,2,0,0,0,0,1,0,0,4.50046E+20,5.88525E+21,8.25366E+15,5.31143E+16
131132,3.17062E+18,3,2,51,47,2017,6,7,5,3,5,3,1,1,0,0,0,0,0,4.89842E+20,5.87176E+21,8.84866E+15,5.29953E+16
131133,3.17062E+18,3,4,61,7,2017,6,11,5,3,5,3,1,1,0,0,0,0,0,4.65882E+20,5.92705E+21,8.48576E+15,5.34913E+16
131134,3.17062E+18,3,4,61,7,2017,6,18,5,3,5,3,1,1,0,0,0,0,0,4.65546E+20,5.92711E+21,8.48069E+15,5.34918E+16
131135,3.17062E+18,3,4,58,10,2017,6,12,5,3,8,1,0,1,0,0,0,0,0,4.57299E+20,5.88218E+21,8.36243E+15,5.30873E+16
131136,3.17062E+18,3,3,55,22,2017,6,12,5,3,5,3,1,1,0,0,0,0,0,5.93272E+20,5.90129E+21,1.03981E+16,5.32527E+16
131137,3.17062E+18,3,2,41,21,2017,6,20,5,3,3,6,1,0,0,0,0,0,1,5.24881E+20,5.81218E+21,9.3662E+15,5.24592E+16
131138,3.17062E+18,3,2,41,5,2017,6,14,5,3,5,3,0,1,0,0,0,0,0,5.40658E+20,5.80799E+21,9.59787E+15,5.24206E+16
131139,3.17062E+18,3,2,41,10,2017,6,14,5,3,5,2,1,1,0,0,0,0,0,5.5015E+20,5.81028E+21,9.73777E+15,5.24404E+16
131140,3.17062E+18,3,2,41,10,2017,6,13,5,3,5,3,1,1,0,0,0,0,0,5.49185E+20,5.80893E+21,9.72338E+15,5.24283E+16
131141,3.17062E+18,3,2,41,1,2017,6,22,5,3,5,2,0,1,0,0,0,2,1,5.54826E+20,5.79811E+21,9.80457E+15,5.23306E+16
131142,3.17062E+18,3,2,41,1,2017,6,16,5,3,5,2,0,1,0,1,0,0,0,5.47205E+20,5.80586E+21,9.69383E+15,5.2401E+16
131143,3.17062E+18,3,2,41,1,2017,6,7,5,2,5,2,1,1,0,0,0,0,0,5.51792E+20,5.80239E+21,9.76071E+15,5.23693E+16
131144,3.17062E+18,3,1,55,13,2017,6,8,5,2,6,7,0,1,1,0,0,0,0,5.59756E+20,5.74213E+21,9.8671E+15,5.18268E+16
131145,3.17062E+18,3,2,57,9,2017,6,10,5,3,3,6,1,1,0,0,0,0,0,5.03636E+20,5.7901E+21,9.05327E+15,5.22613E+16
131146,3.17062E+18,3,2,54,44,2017,6,8,5,3,0,7,0,1,0,0,0,0,0,5.69228E+20,5.75698E+21,1.00075E+16,5.19592E+16
131147,3.17062E+18,3,2,54,8,2017,6,10,5,3,0,7,0,0,0,1,0,0,0,5.74356E+20,5.76605E+21,1.00841E+16,5.20401E+16
131148,3.17062E+18,3,2,55,23,2017,6,8,5,2,6,4,0,1,1,0,0,0,0,5.31462E+20,5.74252E+21,9.45659E+15,5.18326E+16
131149,3.17062E+18,3,1,2,0,2017,6,9,5,3,5,3,1,0,0,0,0,0,0,5.90479E+20,5.77896E+21,1.03225E+16,5.21537E+16
131150,3.17062E+18,3,1,51,17,2017,6,22,5,3,5,3,0,1,0,0,0,2,1,5.9258E+20,5.81529E+21,1.03632E+16,5.24799E+16
131151,3.17062E+18,3,1,1,0,2017,6,17,5,3,5,3,1,1,0,0,0,0,0,6.05476E+20,5.79156E+21,1.05456E+16,5.22643E+16
131152,3.17062E+18,3,1,1,0,2017,6,23,5,3,9,1,0,1,0,0,0,2,1,6.07396E+20,5.79425E+21,1.05746E+16,5.22881E+16
131153,3.17062E+18,3,1,1,0,2017,6,16,5,3,5,7,0,1,0,0,0,0,1,6.05164E+20,5.79174E+21,1.05411E+16,5.2266E+16
131154,3.17062E+18,3,4,59,24,2017,6,21,4,3,5,3,0,1,0,0,0,1,0,4.60408E+20,5.77833E+21,8.42129E+15,5.21541E+16
131155,3.17062E+18,3,4,59,10,2017,6,18,4,3,5,5,1,1,0,0,0,0,0,4.29297E+20,5.82307E+21,7.95719E+15,5.25531E+16
131156,3.17062E+18,3,4,54,55,2017,6,17,4,2,0,7,0,0,0,0,1,0,0,4.16297E+20,5.85944E+21,7.75623E+15,5.28781E+16
131157,3.17062E+18,3,4,56,1,2017,6,18,4,2,0,1,1,0,0,0,0,0,0,3.73838E+20,5.79537E+21,7.15002E+15,5.22942E+16
131158,3.17062E+18,3,4,54,12,2017,6,8,4,2,4,2,1,0,0,0,1,0,0,4.00931E+20,5.81625E+21,7.54097E+15,5.24874E+16
131159,3.17062E+18,3,4,53,4,2017,6,17,4,2,5,3,0,1,0,1,0,0,0,4.32689E+20,5.8569E+21,8.00029E+15,5.28576E+16
131160,3.17062E+18,3,4,55,15,2017,6,10,4,3,5,3,1,0,0,0,0,0,0,4.30412E+20,5.93332E+21,7.94982E+15,5.35442E+16
131161,3.17062E+18,3,4,5,0,2017,6,9,4,3,8,1,0,1,0,0,0,0,0,4.42767E+20,5.93007E+21,8.13684E+15,5.35164E+16
131162,3.17062E+18,3,3,56,7,2017,6,9,4,3,0,7,1,1,0,0,0,0,0,4.85513E+20,5.89775E+21,8.78298E+15,5.32289E+16
131163,3.17062E+18,3,3,61,1,2017,6,12,4,3,6,7,0,1,1,0,0,0,0,5.02113E+20,5.87375E+21,9.03149E+15,5.30133E+16
131164,3.17062E+18,3,4,3,0,2017,6,21,4,3,5,3,0,1,0,0,0,1,0,4.47797E+20,5.88972E+21,8.21934E+15,5.31543E+16
131165,3.17062E+18,3,4,3,0,2017,6,18,4,3,4,6,1,0,0,0,0,0,0,4.45948E+20,5.88837E+21,8.19192E+15,5.3142E+16
131166,3.17062E+18,3,4,3,0,2017,6,17,4,3,5,3,0,1,0,0,0,0,0,4.47139E+20,5.88995E+21,8.20947E+15,5.31563E+16
131167,3.17062E+18,3,4,61,4,2017,6,21,4,3,5,3,1,1,0,0,0,0,0,4.63531E+20,5.89961E+21,8.45349E+15,5.32445E+16
131168,3.17062E+18,3,4,61,2,2017,6,7,4,3,5,2,1,1,0,0,0,0,0,4.65097E+20,5.90999E+21,8.47582E+15,5.33379E+16
131169,3.17062E+18,3,3,59,38,2017,6,14,4,3,2,6,0,1,0,0,0,0,0,5.33076E+20,5.93722E+21,9.49961E+15,5.35828E+16
131170,3.17062E+18,3,3,58,8,2017,6,8,4,2,4,2,0,1,0,1,0,0,0,5.47307E+20,5.85847E+21,9.70287E+15,5.28738E+16
131171,3.17062E+18,3,3,57,27,2017,6,12,4,3,4,1,0,1,0,0,0,0,0,4.98108E+20,5.92563E+21,8.97149E+15,5.34796E+16
131172,3.17062E+18,3,3,57,8,2017,6,10,4,3,1,7,1,1,0,0,0,0,0,5.09373E+20,5.92605E+21,9.14126E+15,5.34833E+16
131173,3.17062E+18,3,3,60,25,2017,6,10,4,3,4,2,1,1,0,0,0,0,0,6.0401E+20,5.87169E+21,1.05493E+16,5.29847E+16
131174,3.17062E+18,3,3,55,22,2017,6,10,4,3,2,6,1,0,0,0,0,0,0,5.93904E+20,5.90099E+21,1.04074E+16,5.32499E+16
131175,3.17062E+18,3,2,41,1,2017,6,21,4,3,3,6,0,1,0,0,1,0,0,5.48749E+20,5.80157E+21,9.7159E+15,5.23622E+16
131176,3.17062E+18,3,2,41,9,2017,6,18,4,3,0,7,1,0,0,0,0,0,0,5.55472E+20,5.79456E+21,9.81346E+15,5.22986E+16
131177,3.17062E+18,3,2,41,1,2017,6,14,4,3,2,6,0,1,0,0,1,0,0,5.53985E+20,5.80511E+21,9.79336E+15,5.23936E+16
131178,3.17062E+18,3,2,41,1,2017,6,18,4,3,1,5,1,0,0,0,1,0,0,5.56547E+20,5.80475E+21,9.83095E+15,5.239E+16
131179,3.17062E+18,3,2,41,1,2017,6,8,4,3,5,3,1,1,0,0,0,0,0,5.51448E+20,5.80807E+21,9.75653E+15,5.24204E+16
131180,3.17062E+18,3,2,41,1,2017,6,9,4,3,5,2,1,1,0,0,0,0,0,5.52214E+20,5.8054E+21,9.76738E+15,5.23964E+16
131181,3.17062E+18,3,2,41,14,2017,6,8,4,3,4,6,1,1,0,0,0,0,0,5.44388E+20,5.79695E+21,9.65125E+15,5.23211E+16
131182,3.17062E+18,3,2,41,1,2017,6,16,4,3,2,6,0,1,0,0,0,0,0,5.51893E+20,5.80363E+21,9.76239E+15,5.23805E+16
131183,3.17062E+18,3,2,41,1,2017,6,7,4,3,5,2,1,1,0,0,0,0,0,5.5195E+20,5.79864E+21,9.76246E+15,5.23356E+16
131184,3.17062E+18,3,2,41,1,2017,6,8,4,3,5,2,0,1,0,0,0,0,0,5.53347E+20,5.80563E+21,9.78407E+15,5.23983E+16
131185,3.17062E+18,3,2,41,1,2017,6,8,4,3,5,2,1,1,0,0,0,0,0,5.51757E+20,5.80535E+21,9.76066E+15,5.23959E+16
131186,3.17062E+18,3,2,57,35,2017,6,7,4,3,5,3,1,1,0,0,0,0,0,5.12404E+20,5.79701E+21,9.182E+15,5.23233E+16
131187,3.17062E+18,3,2,54,21,2017,6,12,4,3,2,7,0,0,0,1,1,0,0,5.65232E+20,5.77888E+21,9.95355E+15,5.21566E+16
131188,3.17062E+18,3,2,54,21,2017,6,10,4,3,5,3,0,1,0,0,0,0,0,5.66576E+20,5.77779E+21,9.97298E+15,5.21466E+16
131189,3.17062E+18,3,2,55,23,2017,6,15,4,3,2,6,0,1,0,1,0,0,0,5.30714E+20,5.74286E+21,9.44576E+15,5.18357E+16
131190,3.17062E+18,3,2,55,23,2017,6,12,4,3,5,3,1,1,0,0,0,0,0,5.30965E+20,5.74197E+21,9.44933E+15,5.18277E+16
131191,3.17062E+18,3,1,59,10,2017,6,23,4,2,7,7,0,0,0,1,0,2,0,5.88639E+20,5.71215E+21,1.02785E+16,5.15535E+16
131192,3.17062E+18,3,1,59,16,2017,6,10,4,3,3,6,1,0,0,0,0,0,0,5.62999E+20,5.71141E+21,9.90861E+15,5.15503E+16
131193,3.17062E+18,3,1,3,0,2017,6,16,4,3,2,6,0,1,0,1,0,0,0,6.21439E+20,5.80965E+21,1.07859E+16,5.24236E+16
131194,3.17062E+18,3,1,2,0,2017,6,10,4,3,1,5,0,1,0,0,0,0,0,5.93856E+20,5.76701E+21,1.03686E+16,5.20457E+16
131195,3.17062E+18,3,1,1,0,2017,6,14,4,3,2,2,0,1,0,0,0,0,0,6.03014E+20,5.79888E+21,1.05118E+16,5.23305E+16
131196,3.17062E+18,3,1,1,0,2017,6,14,4,3,6,6,1,0,1,0,0,0,0,6.03896E+20,5.7912E+21,1.05223E+16,5.22614E+16
131197,3.17062E+18,3,1,1,0,2017,6,10,4,3,5,2,0,1,0,0,0,0,0,6.03346E+20,5.79169E+21,1.05144E+16,5.22659E+16
131198,3.17062E+18,3,4,54,41,2017,6,18,3,2,5,3,1,0,0,0,1,0,0,3.92536E+20,5.88386E+21,7.39517E+15,5.30934E+16
131199,3.17062E+18,3,4,54,41,2017,6,19,3,3,5,3,0,1,0,0,0,0,0,3.95775E+20,5.88181E+21,7.4442E+15,5.30756E+16
131200,3.17062E+18,3,4,56,15,2017,6,21,3,3,5,3,0,1,0,0,0,0,0,3.68085E+20,5.81482E+21,7.05807E+15,5.24676E+16
131201,3.17062E+18,3,4,56,15,2017,6,8,3,3,0,1,0,0,0,1,0,0,0,3.68562E+20,5.81326E+21,7.0657E+15,5.24537E+16
131202,3.17062E+18,3,4,54,18,2017,6,7,3,3,5,3,1,0,0,0,0,0,0,3.80973E+20,5.85048E+21,7.23483E+15,5.2791E+16
131203,3.17062E+18,3,4,54,31,2017,6,14,3,2,5,2,0,0,0,1,1,0,0,4.00745E+20,5.82243E+21,7.53639E+15,5.25429E+16
131204,3.17062E+18,3,4,54,32,2017,6,13,3,3,0,3,1,0,0,0,0,0,0,3.86137E+20,5.82031E+21,7.3218E+15,5.2521E+16
131205,3.17062E+18,3,4,52,1,2017,6,15,3,3,2,6,0,1,0,0,0,0,0,4.00584E+20,5.92644E+21,7.50199E+15,5.34775E+16
131206,3.17062E+18,3,4,53,4,2017,6,12,3,3,0,1,1,0,0,0,0,0,0,4.35835E+20,5.85546E+21,8.04729E+15,5.28451E+16
131207,3.17062E+18,3,4,53,4,2017,6,10,3,2,2,6,0,0,0,1,1,0,0,4.35905E+20,5.85594E+21,8.04822E+15,5.28494E+16
131208,3.17062E+18,3,4,5,0,2017,6,18,3,3,4,2,0,1,0,0,0,0,0,4.39771E+20,5.93086E+21,8.09151E+15,5.35232E+16
131209,3.17062E+18,3,4,5,0,2017,6,14,3,3,2,7,0,1,0,0,0,0,0,4.41546E+20,5.93158E+21,8.11814E+15,5.35298E+16
131210,3.17062E+18,3,4,5,0,2017,6,7,3,3,5,2,0,1,0,0,0,0,0,4.40452E+20,5.93078E+21,8.10179E+15,5.35226E+16
131211,3.17062E+18,3,4,3,0,2017,6,15,3,3,3,1,1,1,0,0,0,0,0,4.4865E+20,5.89058E+21,8.23195E+15,5.31621E+16
131212,3.17062E+18,3,4,61,7,2017,6,15,3,3,6,6,0,1,1,0,0,0,0,4.65566E+20,5.92763E+21,8.48093E+15,5.34965E+16
131213,3.17062E+18,3,4,61,2,2017,6,13,3,3,5,3,1,1,0,0,0,0,0,4.6522E+20,5.90952E+21,8.47772E+15,5.33337E+16
131214,3.17062E+18,3,4,1,0,2017,6,14,3,3,5,3,1,1,0,0,0,0,0,4.75896E+20,5.87888E+21,8.64034E+15,5.30589E+16
131215,3.17062E+18,3,3,52,11,2017,6,10,3,3,8,7,1,0,0,0,0,0,0,4.74277E+20,5.96849E+21,8.60884E+15,5.38643E+16
131216,3.17062E+18,3,3,53,40,2017,6,17,3,2,5,3,1,0,0,0,0,0,0,5.80966E+20,5.91238E+21,1.02165E+16,5.33543E+16
131217,3.17062E+18,3,3,59,38,2017,6,17,3,2,6,2,0,1,1,0,0,0,0,5.31677E+20,5.93931E+21,9.4787E+15,5.36017E+16