OBJECTID,UIDENTSTLA,ULAND,UREGBEZ,UKREIS,UGEMEINDE,UJAHR,UMONAT,USTUNDE,UWOCHENTAG,UKATEGORIE,UART,UTYP1,IstRad,IstPKW,IstFuss,IstKrad,IstSonstig,LICHT,STRZUSTAND,LINREFX,LINREFY,XGCSWGS84,YGCSWGS84
131565,3.17063E+18,3,2,55,5,2017,6,18,3,3,6,1,0,1,1,0,0,0,0,5.31477E+20,5.75177E+21,9.45765E+15,5.19158E+16
131566,3.17063E+18,3,2,52,6,2017,6,10,3,3,7,1,1,0,0,0,0,0,0,5.24231E+20,5.77263E+21,9.35379E+15,5.21037E+16
131567,3.17063E+18,3,1,3,0,2017,6,19,3,3,5,3,0,1,0,0,0,0,0,6.18464E+20,5.80714E+21,1.07413E+16,5.24016E+16
131568,3.17063E+18,3,1,2,0,2017,6,12,3,3,0,7,0,1,1,0,0,0,0,5.94026E+20,5.76736E+21,1.03712E+16,5.20489E+16
131569,3.17063E+18,3,1,1,0,2017,6,17,3,3,5,3,1,1,0,0,0,0,0,6.03352E+20,5.79183E+21,1.05146E+16,5.22671E+16
131570,3.17063E+18,3,1,1,0,2017,6,15,3,2,6,4,0,1,1,0,0,0,0,6.03511E+20,5.79457E+21,1.05177E+16,5.22917E+16
131571,3.17063E+18,3,4,59,24,2017,6,21,2,3,5,3,0,1,0,0,1,0,0,4.55074E+20,5.78371E+21,8.34261E+15,5.2202E+16
131572,3.17063E+18,3,4,59,24,2017,6,7,2,3,5,3,0,1,0,0,0,0,1,4.55092E+20,5.78363E+21,8.34289E+15,5.22013E+16
131573,3.17063E+18,3,4,59,29,2017,6,19,2,3,5,3,1,1,0,0,0,0,0,4.47536E+20,5.8037E+21,8.22922E+15,5.23811E+16
131574,3.17063E+18,3,4,4,0,2017,6,19,2,3,8,1,0,1,0,0,0,0,0,4.34031E+20,5.79232E+21,8.03307E+15,5.22773E+16
131575,3.17063E+18,3,4,4,0,2017,6,18,2,3,3,6,1,1,0,0,0,0,0,4.35958E+20,5.79065E+21,8.06163E+15,5.22625E+16
131576,3.17063E+18,3,4,4,0,2017,6,9,2,3,0,7,1,0,0,0,1,0,0,4.3467E+20,5.79317E+21,8.04227E+15,5.2285E+16
131577,3.17063E+18,3,4,57,13,2017,6,10,2,3,3,2,1,1,0,0,0,0,0,3.97678E+20,5.89941E+21,7.46697E+15,5.32341E+16
131578,3.17063E+18,3,4,54,41,2017,6,22,2,3,4,6,1,0,0,0,0,2,0,3.93526E+20,5.88182E+21,7.41063E+15,5.30752E+16
131579,3.17063E+18,3,4,56,2,2017,6,16,2,2,8,1,0,0,0,1,0,0,0,3.52185E+20,5.83472E+21,6.81531E+15,5.26423E+16
131580,3.17063E+18,3,4,56,1,2017,6,6,2,3,5,3,0,1,0,0,0,0,1,3.6808E+20,5.79706E+21,7.06498E+15,5.2308E+16
131581,3.17063E+18,3,4,52,19,2017,6,20,2,2,3,6,1,0,0,0,0,0,0,3.80488E+20,5.93941E+21,7.19438E+15,5.35899E+16
131582,3.17063E+18,3,4,53,7,2017,6,15,2,3,5,3,1,1,0,0,0,0,0,4.23203E+20,5.87575E+21,7.85496E+15,5.30258E+16
131583,3.17063E+18,3,4,60,5,2017,6,4,2,2,4,6,0,1,0,0,1,1,1,4.42242E+20,5.82548E+21,8.14768E+15,5.25763E+16
131584,3.17063E+18,3,4,3,0,2017,6,18,2,3,5,5,0,1,0,0,0,0,0,4.47837E+20,5.88726E+21,8.22033E+15,5.31322E+16
131585,3.17063E+18,3,4,3,0,2017,6,11,2,3,6,7,0,1,1,0,0,0,0,4.47588E+20,5.88806E+21,8.21648E+15,5.31393E+16
131586,3.17063E+18,3,4,1,0,2017,6,21,2,3,3,6,0,1,0,1,0,1,0,4.75437E+20,5.87771E+21,8.63359E+15,5.30484E+16
131587,3.17063E+18,3,2,51,13,2017,6,0,2,3,7,7,0,0,0,1,1,2,1,4.60555E+20,5.83524E+21,8.41673E+15,5.26657E+16
131588,3.17063E+18,3,4,58,14,2017,6,16,2,3,5,3,1,1,0,0,0,0,0,4.6255E+20,5.86149E+21,8.44322E+15,5.29018E+16
131589,3.17063E+18,3,4,1,0,2017,6,8,2,3,6,5,0,1,1,0,0,0,0,4.74755E+20,5.87844E+21,8.62334E+15,5.30549E+16
131590,3.17063E+18,3,3,52,11,2017,6,9,2,3,3,6,1,1,0,0,0,0,0,4.81675E+20,5.96416E+21,8.7216E+15,5.38256E+16
131591,3.17063E+18,3,3,57,21,2017,6,16,2,3,8,7,0,1,0,0,0,0,0,5.25244E+20,5.90944E+21,9.37908E+15,5.33336E+16
131592,3.17063E+18,3,3,57,39,2017,6,12,2,3,5,3,0,1,0,0,0,0,0,5.2774E+20,5.88481E+21,9.41443E+15,5.3112E+16
131593,3.17063E+18,3,3,55,22,2017,6,9,2,3,8,1,0,0,0,1,0,0,1,5.95735E+20,5.90007E+21,1.04346E+16,5.32412E+16
131594,3.17063E+18,3,3,55,22,2017,6,20,2,3,0,2,1,1,0,0,0,0,0,5.95011E+20,5.90252E+21,1.04245E+16,5.32634E+16
131595,3.17063E+18,3,3,51,10,2017,6,16,2,3,0,7,0,1,0,1,0,0,0,5.78449E+20,5.86156E+21,1.01662E+16,5.2898E+16
131596,3.17063E+18,3,3,51,6,2017,6,20,2,3,8,1,0,1,0,0,0,0,0,5.7205E+20,5.82922E+21,1.0064E+16,5.26082E+16
131597,3.17063E+18,3,2,41,1,2017,6,17,2,3,5,3,1,0,0,0,0,0,0,5.48026E+20,5.79978E+21,9.70503E+15,5.23462E+16
131598,3.17063E+18,3,2,41,1,2017,6,16,2,3,6,4,0,1,1,0,0,0,0,5.51291E+20,5.80243E+21,9.75336E+15,5.23697E+16
131599,3.17063E+18,3,2,41,1,2017,6,17,2,3,0,7,1,0,0,0,0,0,0,5.56853E+20,5.79898E+21,9.83446E+15,5.23382E+16
131600,3.17063E+18,3,2,41,1,2017,6,13,2,3,2,6,0,1,0,0,0,0,0,5.50712E+20,5.80526E+21,9.74528E+15,5.23953E+16
131601,3.17063E+18,3,2,41,1,2017,6,13,2,3,5,3,1,1,0,0,0,0,0,5.49847E+20,5.80319E+21,9.73226E+15,5.23767E+16
131602,3.17063E+18,3,2,54,43,2017,6,8,2,3,0,7,0,0,0,1,0,0,1,5.52617E+20,5.77078E+21,9.76791E+15,5.20851E+16
131603,3.17063E+18,3,1,59,34,2017,6,19,2,3,5,3,0,1,0,0,0,0,0,5.42507E+20,5.68651E+21,9.61009E+15,5.13283E+16
131604,3.17063E+18,3,1,59,16,2017,6,12,2,3,0,1,0,0,0,1,0,0,1,5.63981E+20,5.70973E+21,9.92246E+15,5.1535E+16
131605,3.17063E+18,3,1,59,16,2017,6,11,2,3,0,1,1,0,0,0,0,0,1,5.65352E+20,5.71213E+21,9.94268E+15,5.15565E+16
131606,3.17063E+18,3,1,57,6,2017,6,13,2,3,5,3,0,1,0,0,0,0,0,5.84194E+20,5.79804E+21,1.02354E+16,5.23262E+16
131607,3.17063E+18,3,1,2,0,2017,6,8,2,3,5,3,1,1,0,0,0,0,0,5.89638E+20,5.77786E+21,1.03099E+16,5.2144E+16
131608,3.17063E+18,3,1,51,32,2017,6,15,2,3,5,3,0,1,0,1,0,0,0,6.27504E+20,5.82856E+21,1.08823E+16,5.25921E+16
131609,3.17063E+18,3,4,4,0,2017,6,20,1,3,0,7,1,0,0,0,0,0,0,4.35294E+20,5.79142E+21,8.05175E+15,5.22694E+16
131610,3.17063E+18,3,4,53,2,2017,6,0,1,3,8,1,0,1,0,0,0,2,0,4.31506E+20,5.8701E+21,7.97994E+15,5.29761E+16
131611,3.17063E+18,3,3,55,22,2017,6,16,1,3,0,1,1,0,0,0,0,0,0,5.95008E+20,5.90088E+21,1.04239E+16,5.32487E+16
131612,3.17063E+18,3,3,55,22,2017,6,16,1,3,0,7,0,0,0,1,0,0,0,5.94666E+20,5.90115E+21,1.04189E+16,5.32512E+16
131613,3.17063E+18,3,2,41,1,2017,6,14,1,3,5,3,1,1,0,0,0,0,0,5.48526E+20,5.80232E+21,9.71274E+15,5.2369E+16
131614,3.17063E+18,3,2,41,1,2017,6,17,1,3,4,2,1,1,0,0,0,0,0,5.51989E+20,5.79876E+21,9.76304E+15,5.23367E+16
131615,3.17063E+18,3,2,41,14,2017,6,12,1,3,1,5,1,1,0,0,0,0,0,5.45683E+20,5.79912E+21,9.67054E+15,5.23404E+16
131616,3.17063E+18,3,2,41,10,2017,6,18,1,3,5,3,0,1,0,0,1,0,1,5.50267E+20,5.80911E+21,9.73933E+15,5.24299E+16
131617,3.17063E+18,3,2,41,10,2017,6,9,1,3,5,3,0,1,0,0,0,0,1,5.50855E+20,5.80956E+21,9.74804E+15,5.24339E+16
131618,3.17063E+18,3,2,41,10,2017,6,6,1,3,8,7,0,1,0,0,0,1,0,5.44114E+20,5.81012E+21,9.64897E+15,5.24395E+16
131619,3.17063E+18,3,2,41,1,2017,6,10,1,3,0,7,1,1,0,0,0,0,1,5.49543E+20,5.80288E+21,9.72775E+15,5.2374E+16
131620,3.17063E+18,3,2,52,2,2017,6,2,1,3,8,1,0,1,0,0,0,2,1,5.28122E+20,5.78612E+21,9.41171E+15,5.22248E+16
131621,3.17072E+18,3,3,59,38,2017,7,16,1,3,4,2,0,1,0,0,0,0,1,5.30005E+20,5.93918E+21,9.45342E+15,5.36006E+16
131622,3.17072E+18,3,3,59,38,2017,7,17,1,3,2,6,0,1,0,0,0,0,1,5.31365E+20,5.93898E+21,9.47394E+15,5.35987E+16
131623,3.17072E+18,3,3,57,51,2017,7,14,1,3,9,1,0,1,1,0,0,0,0,5.3433E+20,5.87316E+21,9.51163E+15,5.30069E+16
131624,3.17072E+18,3,2,41,1,2017,7,18,1,3,1,5,1,0,0,0,1,0,0,5.48844E+20,5.8074E+21,9.71814E+15,5.24147E+16
131625,3.17072E+18,3,1,1,0,2017,7,15,1,2,3,6,1,0,0,0,0,0,0,6.04167E+20,5.79151E+21,1.05264E+16,5.22641E+16
131626,3.17072E+18,3,4,59,6,2017,7,9,7,3,0,3,1,1,0,0,0,0,1,4.43121E+20,5.77207E+21,8.16968E+15,5.20962E+16
131627,3.17072E+18,3,4,54,32,2017,7,11,7,3,2,2,0,1,0,0,0,0,0,3.85878E+20,5.81947E+21,7.31826E+15,5.25134E+16
131628,3.17072E+18,3,4,51,4,2017,7,21,7,3,5,3,1,1,0,0,0,0,0,4.3759E+20,5.88271E+21,8.06808E+15,5.30902E+16
131629,3.17072E+18,3,3,59,10,2017,7,11,7,3,2,6,0,1,0,1,0,0,0,5.46264E+20,5.92461E+21,9.69695E+15,5.34685E+16
131630,3.17072E+18,3,3,55,22,2017,7,8,7,3,5,3,1,1,0,0,0,0,0,5.95342E+20,5.8997E+21,1.04286E+16,5.3238E+16
131631,3.17072E+18,3,2,41,1,2017,7,16,7,3,1,5,0,1,0,0,0,0,0,5.49348E+20,5.79975E+21,9.72443E+15,5.23458E+16
131632,3.17072E+18,3,2,41,1,2017,7,20,7,3,0,7,1,0,0,0,0,1,0,5.54967E+20,5.80351E+21,9.80753E+15,5.23791E+16
131633,3.17072E+18,3,2,41,1,2017,7,10,7,3,0,7,0,0,0,0,1,0,0,5.53158E+20,5.80748E+21,9.78158E+15,5.2415E+16
131634,3.17072E+18,3,2,56,32,2017,7,18,7,3,5,3,1,1,0,0,0,0,0,5.04908E+20,5.82193E+21,9.07238E+15,5.25475E+16
131635,3.17072E+18,3,2,56,3,2017,7,18,7,2,9,1,0,0,0,1,0,0,0,5.06191E+20,5.84836E+21,9.0918E+15,5.2785E+16
131636,3.17072E+18,3,2,54,21,2017,7,15,7,1,4,6,1,0,0,0,0,0,0,5.6497E+20,5.77921E+21,9.94978E+15,5.21596E+16
131637,3.17072E+18,3,2,52,6,2017,7,18,7,3,6,7,1,1,1,0,0,0,0,5.23764E+20,5.77258E+21,9.34696E+15,5.21033E+16
131638,3.17072E+18,3,1,54,21,2017,7,0,7,2,9,1,0,1,0,0,0,2,1,6.30696E+20,5.78796E+21,1.09135E+16,5.22265E+16
131639,3.17071E+18,3,4,59,2,2017,7,11,6,3,5,3,0,1,0,0,0,0,0,4.23007E+20,5.82192E+21,7.8647E+15,5.2542E+16
131640,3.17071E+18,3,4,57,8,2017,7,11,6,3,0,7,1,0,0,0,0,0,0,4.08708E+20,5.89978E+21,7.63206E+15,5.32395E+16
131641,3.17071E+18,3,4,62,19,2017,7,15,6,2,5,3,1,1,0,0,0,0,1,4.20215E+20,5.93746E+21,7.7949E+15,5.35799E+16
131642,3.17071E+18,3,4,52,23,2017,7,11,6,2,6,7,0,1,1,0,0,0,0,3.93361E+20,5.92638E+21,7.39321E+15,5.34756E+16
131643,3.17071E+18,3,4,53,4,2017,7,15,6,2,5,3,1,1,0,0,0,0,0,4.35707E+20,5.85513E+21,8.04545E+15,5.28421E+16
131644,3.17071E+18,3,3,61,3,2017,7,17,6,2,0,1,1,0,0,0,0,0,0,5.218E+20,5.85222E+21,9.32349E+15,5.28193E+16
131645,3.17071E+18,3,4,3,0,2017,7,15,6,3,5,3,1,0,0,0,0,0,0,4.4678E+20,5.88715E+21,8.20456E+15,5.31311E+16
131646,3.17071E+18,3,4,58,14,2017,7,11,6,3,1,5,1,1,0,0,0,0,0,4.62067E+20,5.86097E+21,8.4361E+15,5.28971E+16
131647,3.17071E+18,3,3,57,57,2017,7,20,6,3,0,7,0,0,0,1,0,0,1,5.18384E+20,5.90596E+21,9.27587E+15,5.33025E+16
131648,3.17071E+18,3,3,55,22,2017,7,12,6,3,2,2,0,1,0,0,0,0,0,5.93666E+20,5.90337E+21,1.04046E+16,5.32713E+16
131649,3.17071E+18,3,2,41,1,2017,7,11,6,3,0,7,0,1,0,0,0,0,0,5.50765E+20,5.80277E+21,9.74568E+15,5.23729E+16
131650,3.17071E+18,3,2,41,2,2017,7,18,6,3,0,1,0,0,0,1,0,1,1,5.28386E+20,5.79699E+21,9.41649E+15,5.23225E+16
131651,3.17071E+18,3,2,41,3,2017,7,18,6,3,2,6,1,0,0,0,0,0,0,5.69223E+20,5.812E+21,1.00187E+16,5.24538E+16
131652,3.17071E+18,3,2,41,1,2017,7,22,6,3,5,3,0,1,0,0,0,2,0,5.50304E+20,5.80384E+21,9.73907E+15,5.23825E+16
131653,3.17071E+18,3,1,55,3,2017,7,9,6,3,5,3,1,1,0,0,0,0,0,5.47415E+20,5.73917E+21,9.68764E+15,5.18014E+16
131654,3.17071E+18,3,2,54,43,2017,7,18,6,3,5,2,0,1,0,1,0,0,1,5.5204E+20,5.77093E+21,9.75951E+15,5.20865E+16
131655,3.17071E+18,3,2,55,23,2017,7,3,6,3,1,5,0,1,0,0,0,2,0,5.31038E+20,5.74023E+21,9.45023E+15,5.1812E+16
131656,3.17071E+18,3,1,3,0,2017,7,8,6,3,0,7,0,1,0,0,0,0,0,6.1834E+20,5.80364E+21,1.07382E+16,5.23702E+16
131657,3.17071E+18,3,1,53,12,2017,7,10,6,3,6,7,0,0,1,0,1,0,0,5.7976E+20,5.75296E+21,1.01598E+16,5.19217E+16
131658,3.17071E+18,3,1,53,17,2017,7,19,6,2,0,1,1,0,0,0,0,0,0,5.98795E+20,5.75318E+21,1.04366E+16,5.19205E+16
131659,3.17071E+18,3,1,1,0,2017,7,21,6,3,0,1,0,1,0,0,0,1,1,6.0525E+20,5.7916E+21,1.05423E+16,5.22647E+16
131660,3.17071E+18,3,1,1,0,2017,7,16,6,3,0,2,1,1,0,0,0,0,0,6.02582E+20,5.79322E+21,1.05037E+16,5.22797E+16
131661,3.17071E+18,3,4,59,34,2017,7,11,5,2,5,3,0,1,0,0,1,0,0,4.30364E+20,5.77333E+21,7.98322E+15,5.21061E+16
131662,3.17071E+18,3,4,59,10,2017,7,15,5,3,0,7,1,0,0,0,0,0,0,4.28878E+20,5.82237E+21,7.95116E+15,5.25468E+16
131663,3.17071E+18,3,4,54,57,2017,7,12,5,3,5,3,0,1,0,0,0,0,0,4.09632E+20,5.8566E+21,7.65801E+15,5.28515E+16
131664,3.17071E+18,3,4,62,5,2017,7,13,5,3,8,7,0,0,0,0,1,0,0,4.17847E+20,5.92236E+21,7.76311E+15,5.34439E+16
131665,3.17071E+18,3,4,53,7,2017,7,18,5,3,5,3,1,1,0,0,0,0,0,4.23345E+20,5.87499E+21,7.85726E+15,5.30189E+16
131666,3.17071E+18,3,4,60,8,2017,7,20,5,3,0,6,0,0,0,1,0,0,0,4.44239E+20,5.82553E+21,8.17713E+15,5.2577E+16
131667,3.17071E+18,3,4,5,0,2017,7,13,5,3,5,3,0,1,0,1,0,0,0,4.40467E+20,5.93104E+21,8.10198E+15,5.35249E+16
131668,3.17071E+18,3,4,3,0,2017,7,16,5,3,5,3,1,1,0,0,0,0,0,4.46701E+20,5.89368E+21,8.20229E+15,5.31898E+16
131669,3.17071E+18,3,4,3,0,2017,7,8,5,3,5,3,1,1,0,0,0,0,0,4.42879E+20,5.88822E+21,8.14607E+15,5.31403E+16
131670,3.17071E+18,3,2,51,12,2017,7,19,5,3,5,3,1,1,0,0,0,1,0,4.57959E+20,5.82855E+21,8.3792E+15,5.26053E+16
131671,3.17071E+18,3,3,58,16,2017,7,21,5,3,0,1,1,0,0,0,0,1,0,5.73835E+20,5.87152E+21,1.00999E+16,5.29881E+16
131672,3.17071E+18,3,3,55,1,2017,7,17,5,3,3,6,0,1,0,1,0,0,0,5.96865E+20,5.90483E+21,1.0453E+16,5.32838E+16
131673,3.17071E+18,3,3,51,6,2017,7,12,5,3,3,6,1,1,0,0,0,0,0,5.72025E+20,5.83016E+21,1.00638E+16,5.26167E+16
131674,3.17071E+18,3,2,41,1,2017,7,11,5,3,1,5,0,1,0,0,0,0,0,5.51287E+20,5.80243E+21,9.7533E+15,5.23698E+16
131675,3.17071E+18,3,2,41,1,2017,7,16,5,3,5,3,1,1,0,0,0,0,0,5.49133E+20,5.80435E+21,9.72195E+15,5.23872E+16
131676,3.17071E+18,3,2,41,1,2017,7,22,5,3,4,6,0,1,0,0,0,2,0,5.51288E+20,5.80473E+21,9.75367E+15,5.23904E+16
131677,3.17071E+18,3,2,41,21,2017,7,15,5,3,0,1,1,0,0,0,0,0,0,5.28905E+20,5.80932E+21,9.42517E+15,5.24333E+16
131678,3.17071E+18,3,2,41,21,2017,7,10,5,3,5,3,0,1,0,1,0,0,0,5.28903E+20,5.80834E+21,9.42505E+15,5.24245E+16
131679,3.17071E+18,3,2,41,1,2017,7,15,5,3,5,3,1,1,0,0,0,0,0,5.4899E+20,5.80484E+21,9.71992E+15,5.23916E+16
131680,3.17071E+18,3,2,41,1,2017,7,12,5,3,0,7,1,0,0,0,0,0,0,5.50322E+20,5.80287E+21,9.73919E+15,5.23738E+16
131681,3.17071E+18,3,2,52,6,2017,7,10,5,3,5,3,1,1,0,0,0,0,0,5.24558E+20,5.77321E+21,9.35859E+15,5.21089E+16
131682,3.17071E+18,3,1,58,37,2017,7,16,5,3,1,7,0,1,0,1,1,0,0,6.05139E+20,5.78011E+21,1.05371E+16,5.21614E+16
131683,3.17071E+18,3,1,57,6,2017,7,18,5,2,8,6,1,0,0,0,1,0,0,5.83498E+20,5.79746E+21,1.02251E+16,5.23211E+16
131684,3.17071E+18,3,4,2,0,2017,7,4,4,3,3,6,1,0,0,0,1,1,1,3.78592E+20,5.91119E+21,7.17664E+15,5.33359E+16
131685,3.17071E+18,3,4,2,0,2017,7,12,4,3,8,1,0,1,0,0,0,0,1,3.8099E+20,5.91422E+21,7.21151E+15,5.33637E+16
131686,3.17071E+18,3,4,54,41,2017,7,12,4,3,5,3,1,1,0,0,0,0,1,3.92827E+20,5.88205E+21,7.40012E+15,5.30772E+16
131687,3.17071E+18,3,4,54,54,2017,7,7,4,3,5,3,0,1,0,0,0,0,1,3.68881E+20,5.83363E+21,7.06234E+15,5.26368E+16
131688,3.17071E+18,3,4,54,35,2017,7,6,4,3,8,1,0,1,0,0,0,1,1,3.84078E+20,5.84755E+21,7.2819E+15,5.27653E+16
131689,3.17071E+18,3,4,60,9,2017,7,21,4,3,8,1,0,1,0,0,0,1,0,4.52829E+20,5.84323E+21,8.30134E+15,5.27369E+16
131690,3.17071E+18,3,4,60,2,2017,7,14,4,3,5,3,0,1,0,1,0,0,1,4.45233E+20,5.81902E+21,8.19287E+15,5.25186E+16
131691,3.17071E+18,3,4,5,0,2017,7,15,4,3,5,3,1,1,0,0,0,0,0,4.41513E+20,5.93005E+21,8.11793E+15,5.35161E+16
131692,3.17071E+18,3,4,5,0,2017,7,11,4,3,5,3,0,1,0,0,0,0,1,4.42128E+20,5.9302E+21,8.12718E+15,5.35175E+16
131693,3.17071E+18,3,4,3,0,2017,7,16,4,3,2,6,0,1,0,0,0,0,1,4.48257E+20,5.8909E+21,8.22603E+15,5.3165E+16
131694,3.17071E+18,3,4,3,0,2017,7,10,4,3,5,3,1,1,0,0,0,0,1,4.47309E+20,5.88879E+21,8.21219E+15,5.31459E+16
131695,3.17071E+18,3,3,52,11,2017,7,7,4,3,5,3,1,1,0,0,0,0,1,4.78757E+20,5.96889E+21,8.67695E+15,5.38681E+16
131696,3.17071E+18,3,2,41,1,2017,7,15,4,3,5,2,1,1,0,0,0,0,1,5.48836E+20,5.79879E+21,9.71678E+15,5.23372E+16
131697,3.17071E+18,3,2,41,1,2017,7,16,4,3,5,3,0,1,0,0,0,0,1,5.5474E+20,5.80349E+21,9.80418E+15,5.2379E+16
131698,3.17071E+18,3,2,41,1,2017,7,15,4,3,1,5,0,1,0,0,1,0,1,5.55702E+20,5.8009E+21,9.81789E+15,5.23556E+16
131699,3.17071E+18,3,2,41,8,2017,7,11,4,3,6,2,0,1,1,0,0,0,1,5.56299E+20,5.80885E+21,9.82799E+15,5.2427E+16
131700,3.17071E+18,3,2,41,1,2017,7,15,4,3,5,3,0,1,0,1,0,0,1,5.50036E+20,5.80483E+21,9.73529E+15,5.23915E+16
131701,3.17071E+18,3,2,41,1,2017,7,11,4,3,2,6,0,1,0,0,0,0,1,5.51095E+20,5.80311E+21,9.75059E+15,5.23759E+16
131702,3.17071E+18,3,2,41,1,2017,7,10,4,2,5,3,1,1,0,0,0,0,1,5.46964E+20,5.80183E+21,9.68973E+15,5.23647E+16
131703,3.17071E+18,3,1,59,29,2017,7,19,4,3,8,1,0,1,0,0,0,0,1,5.60162E+20,5.70064E+21,9.86585E+15,5.14537E+16
131704,3.17071E+18,3,1,57,6,2017,7,20,4,3,5,3,1,1,0,0,0,0,1,5.85441E+20,5.79849E+21,1.02538E+16,5.23301E+16
131705,3.17071E+18,3,1,51,9,2017,7,10,4,3,5,3,0,1,0,0,0,0,0,6.05116E+20,5.81394E+21,1.05473E+16,5.24655E+16
131706,3.17071E+18,3,4,2,0,2017,7,6,3,3,3,6,1,1,0,0,0,0,0,3.73817E+20,5.91662E+21,7.10282E+15,5.33836E+16
131707,3.17071E+18,3,4,57,18,2017,7,15,3,3,5,3,1,1,0,0,0,0,1,4.04224E+20,5.88809E+21,7.5684E+15,5.31336E+16
131708,3.17071E+18,3,4,54,41,2017,7,15,3,3,5,2,1,0,0,0,0,0,1,3.92566E+20,5.88214E+21,7.3962E+15,5.30779E+16
131709,3.17071E+18,3,4,54,41,2017,7,15,3,2,5,3,1,1,0,0,0,0,1,3.93674E+20,5.88257E+21,7.41259E+15,5.3082E+16
131710,3.17071E+18,3,3,52,61,2017,7,23,3,3,8,1,0,1,0,0,0,2,0,4.75971E+20,5.95358E+21,8.63578E+15,5.37303E+16
131711,3.17071E+18,3,3,60,5,2017,7,6,3,3,8,1,0,1,0,0,0,0,0,6.12218E+20,5.85844E+21,1.0667E+16,5.28639E+16
131712,3.17071E+18,3,3,55,4,2017,7,17,3,3,5,3,1,1,0,0,0,0,0,5.92538E+20,5.90671E+21,1.03886E+16,5.33015E+16
131713,3.17071E+18,3,2,41,1,2017,7,18,3,3,4,6,0,1,0,0,0,0,0,5.48919E+20,5.79813E+21,9.7179E+15,5.23313E+16
131714,3.17071E+18,3,2,41,1,2017,7,16,3,3,5,2,1,1,0,0,0,0,0,5.50824E+20,5.80071E+21,9.74624E+15,5.23543E+16
131715,3.17071E+18,3,2,41,1,2017,7,9,3,3,5,3,1,1,0,0,0,0,0,5.55711E+20,5.8091E+21,9.81938E+15,5.24293E+16
131716,3.17071E+18,3,1,55,1,2017,7,13,3,3,2,6,0,1,0,0,0,0,0,5.71064E+20,5.74686E+21,1.00321E+16,5.1868E+16
131717,3.17071E+18,3,2,54,8,2017,7,14,3,3,8,7,0,1,0,0,0,0,0,5.75071E+20,5.76194E+21,1.00936E+16,5.20031E+16
131718,3.17071E+18,3,2,54,21,2017,7,18,3,3,2,6,0,1,0,0,1,0,0,5.65852E+20,5.77968E+21,9.96276E+15,5.21637E+16
131719,3.17071E+18,3,2,55,34,2017,7,7,3,2,5,3,1,1,0,0,0,0,0,5.43223E+20,5.74869E+21,9.62804E+15,5.18873E+16
131720,3.17071E+18,3,2,52,7,2017,7,20,3,3,1,7,0,1,0,0,0,0,0,5.16746E+20,5.77963E+21,9.24485E+15,5.21669E+16
131721,3.17071E+18,3,2,52,6,2017,7,22,3,3,6,7,0,1,1,0,0,1,0,5.24236E+20,5.77271E+21,9.35386E+15,5.21044E+16
131722,3.17071E+18,3,1,59,7,2017,7,12,3,3,2,6,0,1,0,1,0,0,0,5.64209E+20,5.71588E+21,9.92687E+15,5.15903E+16
131723,3.17071E+18,3,1,58,27,2017,7,18,3,3,0,6,0,1,0,0,0,0,0,6.20974E+20,5.77858E+21,1.07679E+16,5.21445E+16
131724,3.17071E+18,3,1,1,0,2017,7,11,3,3,0,3,1,0,0,0,1,0,0,6.03277E+20,5.79188E+21,1.05135E+16,5.22676E+16
131725,3.17071E+18,3,4,4,0,2017,7,11,2,3,5,3,0,1,0,0,0,0,1,4.36807E+20,5.79239E+21,8.07373E+15,5.22782E+16
131726,3.17071E+18,3,4,54,18,2017,7,0,2,3,7,3,1,1,0,0,0,2,0,3.72099E+20,5.85573E+21,7.10125E+15,5.28361E+16
131727,3.17071E+18,3,4,54,35,2017,7,11,2,3,5,3,1,1,0,0,0,0,0,3.84422E+20,5.83822E+21,7.29028E+15,5.26816E+16
131728,3.17071E+18,3,4,53,4,2017,7,16,2,3,0,3,1,1,0,0,0,0,0,4.35793E+20,5.85558E+21,8.04663E+15,5.28461E+16
131729,3.17071E+18,3,4,53,4,2017,7,13,2,3,5,3,0,1,0,0,0,0,0,4.36272E+20,5.8552E+21,8.05382E+15,5.28428E+16
131730,3.17071E+18,3,4,5,0,2017,7,15,2,3,3,6,0,1,0,0,1,0,0,4.40558E+20,5.93077E+21,8.1034E+15,5.35225E+16
131731,3.17071E+18,3,3,61,9,2017,7,11,2,3,6,4,0,1,1,0,0,0,1,5.00884E+20,5.87864E+21,9.0132E+15,5.30573E+16
131732,3.17071E+18,3,2,51,12,2017,7,22,2,3,5,3,1,1,0,0,0,2,0,4.57107E+20,5.82867E+21,8.36661E+15,5.26063E+16
131733,3.17071E+18,3,4,58,5,2017,7,15,2,3,0,3,0,1,1,0,0,0,0,4.69476E+20,5.87645E+21,8.54478E+15,5.30367E+16
131734,3.17071E+18,3,4,58,13,2017,7,10,2,3,8,1,0,1,0,0,0,0,0,4.45055E+20,5.87874E+21,8.18021E+15,5.30553E+16
131735,3.17071E+18,3,4,1,0,2017,7,10,2,2,0,1,0,0,0,1,1,0,1,4.74564E+20,5.87796E+21,8.62054E+15,5.30506E+16
131736,3.17071E+18,3,3,55,22,2017,7,17,2,3,2,6,0,1,0,0,0,0,1,5.94215E+20,5.90132E+21,1.04122E+16,5.32527E+16
131737,3.17071E+18,3,3,55,22,2017,7,14,2,3,1,5,0,1,0,0,0,0,1,5.92646E+20,5.90164E+21,1.03888E+16,5.32559E+16