OBJECTID,UIDENTSTLA,ULAND,UREGBEZ,UKREIS,UGEMEINDE,UJAHR,UMONAT,USTUNDE,UWOCHENTAG,UKATEGORIE,UART,UTYP1,IstRad,IstPKW,IstFuss,IstKrad,IstSonstig,LICHT,STRZUSTAND,LINREFX,LINREFY,XGCSWGS84,YGCSWGS84
132084,3.17072E+18,3,2,52,6,2017,7,13,5,2,0,1,0,1,0,0,0,0,0,5.24245E+20,5.77312E+21,9.35402E+15,5.21081E+16
132085,3.17072E+18,3,2,52,6,2017,7,12,5,2,5,3,0,1,0,1,0,0,1,5.24484E+20,5.77209E+21,9.35743E+15,5.20988E+16
132086,3.17072E+18,3,1,59,17,2017,7,10,5,3,5,3,0,1,0,1,0,0,0,5.45563E+20,5.69619E+21,9.65519E+15,5.14151E+16
132087,3.17072E+18,3,1,1,0,2017,7,23,5,3,0,1,1,1,0,0,0,2,0,6.0404E+20,5.79206E+21,1.05247E+16,5.2269E+16
132088,3.17072E+18,3,1,1,0,2017,7,13,5,3,5,3,1,1,0,0,0,0,1,5.99036E+20,5.79707E+21,1.04529E+16,5.2315E+16
132089,3.17072E+18,3,1,1,0,2017,7,14,5,3,5,3,1,1,0,0,0,0,1,6.03332E+20,5.79089E+21,1.0514E+16,5.22587E+16
132090,3.17072E+18,3,4,59,14,2017,7,10,4,3,0,1,1,0,0,0,0,0,0,4.31962E+20,5.80664E+21,7.99984E+15,5.24058E+16
132091,3.17072E+18,3,4,59,2,2017,7,20,4,3,5,3,0,1,0,1,0,0,1,4.24054E+20,5.82244E+21,7.88002E+15,5.25467E+16
132092,3.17072E+18,3,4,57,13,2017,7,10,4,3,6,6,1,0,1,0,0,0,0,3.97467E+20,5.89923E+21,7.46386E+15,5.32325E+16
132093,3.17072E+18,3,4,53,4,2017,7,14,4,3,2,2,0,1,0,0,0,0,0,4.32186E+20,5.85683E+21,7.99283E+15,5.2857E+16
132094,3.17072E+18,3,4,5,0,2017,7,15,4,3,2,6,0,1,0,0,0,0,0,4.38089E+20,5.93179E+21,8.06595E+15,5.35314E+16
132095,3.17072E+18,3,4,3,0,2017,7,11,4,3,2,6,1,0,0,0,0,0,0,4.47198E+20,5.88805E+21,8.21066E+15,5.31392E+16
132096,3.17072E+18,3,2,51,37,2017,7,17,4,2,8,1,0,0,0,1,0,0,0,4.80068E+20,5.87026E+21,8.70312E+15,5.29816E+16
132097,3.17072E+18,3,4,58,9,2017,7,20,4,3,9,7,0,1,0,0,0,1,1,4.5499E+20,5.88003E+21,8.32825E+15,5.30678E+16
132098,3.17072E+18,3,3,52,11,2017,7,18,4,3,1,5,1,1,0,0,0,0,0,4.80202E+20,5.9688E+21,8.69893E+15,5.38673E+16
132099,3.17072E+18,3,3,53,31,2017,7,15,4,3,5,3,0,1,0,0,0,0,0,5.68931E+20,5.91626E+21,1.00365E+16,5.33909E+16
132100,3.17072E+18,3,3,59,23,2017,7,7,4,3,2,6,0,1,0,0,0,0,0,5.34822E+20,5.92372E+21,9.52448E+15,5.34613E+16
132101,3.17072E+18,3,3,59,38,2017,7,17,4,3,6,4,0,1,1,0,0,0,0,5.32154E+20,5.93902E+21,9.48587E+15,5.3599E+16
132102,3.17072E+18,3,3,55,22,2017,7,11,4,3,5,2,1,1,0,0,0,0,0,5.94439E+20,5.90115E+21,1.04155E+16,5.32512E+16
132103,3.17072E+18,3,2,41,1,2017,7,12,4,3,5,3,1,1,0,0,0,0,0,5.50282E+20,5.80171E+21,9.73843E+15,5.23633E+16
132104,3.17072E+18,3,2,41,9,2017,7,7,4,3,1,5,1,1,0,0,0,0,0,5.56726E+20,5.79298E+21,9.83158E+15,5.22842E+16
132105,3.17072E+18,3,2,41,1,2017,7,6,4,3,6,4,1,0,1,0,0,0,0,5.52181E+20,5.79934E+21,9.76595E+15,5.23419E+16
132106,3.17072E+18,3,2,41,1,2017,7,16,4,3,1,5,1,1,0,0,0,0,0,5.50682E+20,5.80438E+21,9.74471E+15,5.23873E+16
132107,3.17072E+18,3,2,41,1,2017,7,15,4,3,6,4,1,0,1,0,0,0,0,5.49704E+20,5.80356E+21,9.73022E+15,5.23801E+16
132108,3.17072E+18,3,2,54,11,2017,7,15,4,3,4,6,0,1,0,0,0,0,0,5.63247E+20,5.77232E+21,9.92332E+15,5.20978E+16
132109,3.17072E+18,3,2,54,21,2017,7,9,4,3,2,6,0,1,0,0,0,0,0,5.6522E+20,5.77821E+21,9.95324E+15,5.21505E+16
132110,3.17072E+18,3,1,59,14,2017,7,13,4,3,6,4,0,1,1,0,0,0,0,5.83671E+20,5.71785E+21,1.02082E+16,5.16055E+16
132111,3.17072E+18,3,1,59,16,2017,7,19,4,3,3,2,1,1,0,0,0,0,0,5.64581E+20,5.712E+21,9.93153E+15,5.15554E+16
132112,3.17072E+18,3,1,59,16,2017,7,8,4,3,5,3,1,0,0,0,1,0,0,5.66994E+20,5.71259E+21,9.96644E+15,5.15604E+16
132113,3.17072E+18,3,1,58,37,2017,7,8,4,3,5,3,0,1,0,0,0,0,0,6.06582E+20,5.78159E+21,1.05586E+16,5.21745E+16
132114,3.17072E+18,3,1,51,9,2017,7,21,4,3,2,6,0,1,0,0,0,2,0,6.04733E+20,5.81672E+21,1.05426E+16,5.24906E+16
132115,3.17072E+18,3,1,1,0,2017,7,17,4,3,6,4,0,1,1,0,0,0,0,6.04543E+20,5.79411E+21,1.05327E+16,5.22874E+16
132116,3.17072E+18,3,4,4,0,2017,7,17,3,3,5,3,1,1,0,0,0,0,0,4.34285E+20,5.79119E+21,8.037E+15,5.22672E+16
132117,3.17072E+18,3,4,62,7,2017,7,13,3,2,0,6,1,0,0,0,0,0,0,4.01651E+20,5.95668E+21,7.50852E+15,5.37495E+16
132118,3.17072E+18,3,4,52,1,2017,7,10,3,3,6,7,1,0,1,0,0,0,0,3.99296E+20,5.92576E+21,7.48281E+15,5.34712E+16
132119,3.17072E+18,3,4,53,8,2017,7,6,3,3,5,2,1,1,0,0,0,0,0,4.31805E+20,5.86976E+21,7.98446E+15,5.29731E+16
132120,3.17072E+18,3,4,55,25,2017,7,20,3,3,1,5,1,1,0,0,0,0,0,4.34596E+20,5.91608E+21,8.01653E+15,5.33898E+16
132121,3.17072E+18,3,4,5,0,2017,7,15,3,2,2,6,0,1,0,1,0,0,0,4.38959E+20,5.93528E+21,8.0784E+15,5.35628E+16
132122,3.17072E+18,3,4,5,0,2017,7,0,3,3,1,5,1,1,0,0,0,2,0,4.4024E+20,5.93385E+21,8.09802E+15,5.35501E+16
132123,3.17072E+18,3,4,3,0,2017,7,16,3,3,2,6,0,1,0,0,0,0,0,4.48072E+20,5.89051E+21,8.22332E+15,5.31614E+16
132124,3.17072E+18,3,4,3,0,2017,7,16,3,3,5,3,1,1,0,0,0,0,0,4.47231E+20,5.88879E+21,8.21102E+15,5.31459E+16
132125,3.17072E+18,3,2,51,40,2017,7,10,3,3,5,3,0,1,0,0,0,0,0,4.86813E+20,5.83588E+21,8.80497E+15,5.26727E+16
132126,3.17072E+18,3,4,61,2,2017,7,16,3,3,6,7,0,0,1,1,0,0,0,4.65391E+20,5.90875E+21,8.48036E+15,5.33268E+16
132127,3.17072E+18,3,4,1,0,2017,7,17,3,2,5,3,1,1,0,0,0,0,0,4.7319E+20,5.87631E+21,8.60018E+15,5.30357E+16
132128,3.17072E+18,3,3,52,59,2017,7,9,3,3,5,3,0,1,0,0,0,0,0,4.88118E+20,5.92054E+21,8.82115E+15,5.34338E+16
132129,3.17072E+18,3,3,53,26,2017,7,10,3,3,0,2,0,1,1,0,0,0,0,5.52346E+20,5.91985E+21,9.78776E+15,5.34251E+16
132130,3.17072E+18,3,3,53,40,2017,7,12,3,3,5,3,1,1,0,0,0,0,0,5.79852E+20,5.90992E+21,1.01991E+16,5.33324E+16
132131,3.17072E+18,3,3,60,4,2017,7,16,3,2,9,7,0,1,0,0,0,0,0,6.00425E+20,5.88675E+21,1.05006E+16,5.31207E+16
132132,3.17072E+18,3,3,51,6,2017,7,12,3,3,5,3,1,1,0,0,0,0,0,5.70506E+20,5.83228E+21,1.00419E+16,5.26359E+16
132133,3.17072E+18,3,2,41,1,2017,7,20,3,3,1,5,1,1,0,0,0,0,0,5.49871E+20,5.79964E+21,9.73209E+15,5.23448E+16
132134,3.17072E+18,3,2,41,1,2017,7,22,3,3,0,1,1,0,0,0,0,2,0,5.53288E+20,5.80289E+21,9.78277E+15,5.23737E+16
132135,3.17072E+18,3,2,41,1,2017,7,18,3,3,5,3,1,1,0,0,0,0,0,5.51823E+20,5.80357E+21,9.76134E+15,5.238E+16
132136,3.17072E+18,3,2,41,5,2017,7,13,3,3,3,5,0,1,0,0,0,0,0,5.42699E+20,5.80926E+21,9.62804E+15,5.24318E+16
132137,3.17072E+18,3,2,41,1,2017,7,19,3,3,5,3,1,0,0,0,0,0,0,5.53274E+20,5.80285E+21,9.78255E+15,5.23733E+16
132138,3.17072E+18,3,2,41,1,2017,7,17,3,3,6,2,0,1,1,0,0,0,0,5.47212E+20,5.80571E+21,9.69391E+15,5.23996E+16
132139,3.17072E+18,3,2,41,1,2017,7,16,3,2,2,6,0,1,0,0,0,0,0,5.41979E+20,5.80766E+21,9.61725E+15,5.24175E+16
132140,3.17072E+18,3,2,41,1,2017,7,17,3,3,5,2,1,1,0,0,0,0,0,5.5445E+20,5.80323E+21,9.79989E+15,5.23767E+16
132141,3.17072E+18,3,1,55,12,2017,7,8,3,3,9,7,0,1,0,0,0,0,0,5.44254E+20,5.71761E+21,9.63906E+15,5.16078E+16
132142,3.17072E+18,3,2,54,43,2017,7,16,3,3,2,6,0,1,0,0,0,0,0,5.53652E+20,5.77098E+21,9.78304E+15,5.20868E+16
132143,3.17072E+18,3,2,55,23,2017,7,11,3,3,2,6,1,0,0,0,0,0,0,5.32081E+20,5.74312E+21,9.46563E+15,5.1838E+16
132144,3.17072E+18,3,1,3,0,2017,7,19,3,2,0,2,1,0,0,0,0,0,0,6.18358E+20,5.8064E+21,1.07395E+16,5.23951E+16
132145,3.17072E+18,3,1,3,0,2017,7,8,3,3,6,6,1,0,1,0,0,0,0,6.21724E+20,5.81013E+21,1.07903E+16,5.24278E+16
132146,3.17072E+18,3,1,57,6,2017,7,13,3,2,2,6,1,0,0,0,0,0,0,5.80988E+20,5.79871E+21,1.01886E+16,5.23327E+16
132147,3.17072E+18,3,1,1,0,2017,7,12,3,2,5,3,1,0,0,0,1,0,0,6.02717E+20,5.79157E+21,1.05052E+16,5.2265E+16
132148,3.17072E+18,3,4,56,15,2017,7,17,2,3,5,2,0,1,0,0,0,0,0,3.69664E+20,5.80938E+21,7.08342E+15,5.24191E+16
132149,3.17072E+18,3,4,62,19,2017,7,18,2,3,0,7,0,0,0,1,1,0,0,4.17591E+20,5.92796E+21,7.75778E+15,5.34941E+16
132150,3.17072E+18,3,4,52,1,2017,7,18,2,3,0,7,0,0,1,1,0,0,0,4.07551E+20,5.93399E+21,7.6047E+15,5.35467E+16
132151,3.17072E+18,3,4,60,6,2017,7,17,2,3,5,3,0,1,0,0,0,0,0,4.50637E+20,5.83695E+21,8.26983E+15,5.26802E+16
132152,3.17072E+18,3,4,60,9,2017,7,19,2,3,5,3,1,0,0,0,0,0,0,4.52332E+20,5.84235E+21,8.29411E+15,5.27289E+16
132153,3.17072E+18,3,4,60,9,2017,7,1,2,3,1,5,0,1,0,0,0,2,1,4.51405E+20,5.84258E+21,8.28036E+15,5.27309E+16
132154,3.17072E+18,3,4,53,4,2017,7,23,2,3,8,1,0,1,0,0,0,2,0,4.33816E+20,5.85708E+21,8.01697E+15,5.28594E+16
132155,3.17072E+18,3,4,55,7,2017,7,8,2,3,8,1,0,1,0,0,0,0,0,4.24593E+20,5.93591E+21,7.86139E+15,5.35666E+16
132156,3.17072E+18,3,3,61,12,2017,7,13,2,3,4,5,1,1,0,0,0,0,0,5.15818E+20,5.86362E+21,9.23527E+15,5.2922E+16
132157,3.17072E+18,3,2,41,1,2017,7,9,2,3,5,3,0,1,0,0,0,0,1,5.46955E+20,5.80493E+21,9.69003E+15,5.23926E+16
132158,3.17072E+18,3,2,41,5,2017,7,17,2,3,1,5,0,1,1,0,0,0,0,5.4126E+20,5.80682E+21,9.60657E+15,5.24101E+16
132159,3.17072E+18,3,2,41,11,2017,7,17,2,3,4,6,0,1,0,0,0,0,0,5.645E+20,5.80379E+21,9.94761E+15,5.23805E+16
132160,3.17072E+18,3,2,41,1,2017,7,13,2,3,5,2,0,1,0,1,0,0,0,5.52351E+20,5.80098E+21,9.7687E+15,5.23566E+16
132161,3.17072E+18,3,2,41,1,2017,7,13,2,2,4,2,0,1,0,1,0,0,0,5.47209E+20,5.80586E+21,9.69389E+15,5.24009E+16
132162,3.17072E+18,3,2,41,1,2017,7,22,2,2,0,1,1,0,0,0,0,0,0,5.49643E+20,5.807E+21,9.72983E+15,5.2411E+16
132163,3.17072E+18,3,1,59,19,2017,7,18,2,3,2,6,0,1,0,0,0,0,0,5.96799E+20,5.72024E+21,1.03984E+16,5.16248E+16
132164,3.17072E+18,3,1,55,7,2017,7,17,2,3,5,3,1,1,0,0,0,0,0,5.75739E+20,5.72875E+21,1.00961E+16,5.17046E+16
132165,3.17072E+18,3,2,52,1,2017,7,14,2,3,8,1,0,1,0,0,0,0,0,5.16033E+20,5.7665E+21,9.23379E+15,5.20489E+16
132166,3.17072E+18,3,1,59,16,2017,7,9,2,2,5,3,0,1,0,0,0,0,1,5.61468E+20,5.71114E+21,9.88648E+15,5.1548E+16
132167,3.17072E+18,3,1,3,0,2017,7,12,2,3,5,3,1,1,0,0,0,0,0,6.21456E+20,5.81012E+21,1.07863E+16,5.24278E+16
132168,3.17072E+18,3,1,2,0,2017,7,19,2,3,5,3,0,1,0,1,0,0,0,5.89227E+20,5.7804E+21,1.03046E+16,5.21669E+16
132169,3.17072E+18,3,1,1,0,2017,7,7,2,3,5,3,1,1,0,0,0,0,1,6.03346E+20,5.78616E+21,1.05127E+16,5.22162E+16
132170,3.17072E+18,3,4,59,12,2017,7,8,1,3,5,3,0,1,0,0,0,0,0,4.44857E+20,5.78472E+21,8.19296E+15,5.22101E+16
132171,3.17072E+18,3,4,56,15,2017,7,14,1,3,5,2,0,1,0,0,0,0,0,3.67087E+20,5.81103E+21,7.04488E+15,5.24333E+16
132172,3.17072E+18,3,4,56,15,2017,7,1,1,3,4,6,1,0,0,0,0,2,1,3.7014E+20,5.81135E+21,7.08964E+15,5.24369E+16
132173,3.17073E+18,3,2,41,3,2017,7,7,5,3,0,2,1,1,0,0,0,0,0,5.69011E+20,5.81007E+21,1.00152E+16,5.24365E+16
132174,3.17073E+18,3,4,54,41,2017,7,0,5,2,9,7,0,1,0,0,0,2,0,3.89296E+20,5.87966E+21,7.34825E+15,5.3055E+16
132175,3.17073E+18,3,1,51,9,2017,7,15,6,3,5,3,1,1,0,0,0,0,0,6.05827E+20,5.81499E+21,1.05581E+16,5.24748E+16
132176,3.17073E+18,3,4,54,18,2017,7,7,5,3,8,1,0,1,0,0,0,0,0,3.84926E+20,5.85038E+21,7.29346E+15,5.2791E+16
132177,3.17073E+18,3,1,57,7,2017,7,14,6,3,5,3,0,1,0,0,1,0,0,5.90804E+20,5.79228E+21,1.03308E+16,5.22734E+16
132178,3.17073E+18,3,1,58,37,2017,7,11,6,3,5,2,1,1,0,0,0,0,0,6.04919E+20,5.7799E+21,1.05338E+16,5.21596E+16
132179,3.17073E+18,3,1,1,0,2017,7,13,6,3,1,5,1,1,0,0,0,0,0,6.02637E+20,5.79082E+21,1.05038E+16,5.22581E+16
132180,3.17073E+18,3,2,41,1,2017,7,10,6,3,5,3,1,1,0,0,0,0,0,5.50196E+20,5.80375E+21,9.73748E+15,5.23817E+16
132181,3.17073E+18,3,4,57,13,2017,7,8,5,3,3,5,0,1,0,0,0,0,0,3.96555E+20,5.89921E+21,7.4502E+15,5.32321E+16
132182,3.17073E+18,3,4,4,0,2017,7,15,5,3,3,2,1,1,0,0,0,0,0,4.3574E+20,5.79155E+21,8.05825E+15,5.22705E+16
132183,3.17073E+18,3,2,54,21,2017,7,10,6,3,5,2,1,1,0,0,0,0,0,5.65278E+20,5.77903E+21,9.95425E+15,5.21579E+16
132184,3.17073E+18,3,3,56,5,2017,7,15,5,3,5,2,0,1,0,1,0,0,0,4.93465E+20,5.8885E+21,8.90229E+15,5.31459E+16
132185,3.17073E+18,3,1,3,0,2017,7,14,6,3,2,6,0,1,0,1,0,0,0,6.20765E+20,5.80965E+21,1.0776E+16,5.24237E+16
132186,3.17073E+18,3,2,52,7,2017,7,9,6,3,0,3,1,1,0,0,0,0,0,5.16379E+20,5.78003E+21,9.23949E+15,5.21706E+16
132187,3.17073E+18,3,1,1,0,2017,7,11,6,3,5,2,1,1,0,0,0,0,0,6.06994E+20,5.7904E+21,1.05675E+16,5.22536E+16
132188,3.17081E+18,3,3,55,1,2017,8,13,7,3,5,3,0,1,0,0,0,0,0,5.96125E+20,5.90509E+21,1.04419E+16,5.32863E+16
132189,3.17081E+18,3,3,51,6,2017,8,18,7,2,8,1,0,1,0,0,0,0,1,5.72245E+20,5.82677E+21,1.00664E+16,5.25862E+16
132190,3.17081E+18,3,2,41,1,2017,8,12,7,3,2,6,0,1,0,0,0,0,1,5.47113E+20,5.80556E+21,9.69244E+15,5.23982E+16
132191,3.17081E+18,3,2,41,1,2017,8,19,7,3,6,2,0,1,1,0,0,0,0,5.52605E+20,5.80032E+21,9.77233E+15,5.23506E+16
132192,3.17081E+18,3,2,41,1,2017,8,2,7,3,1,7,1,1,0,0,0,2,0,5.52553E+20,5.79812E+21,9.77122E+15,5.23309E+16
132193,3.17081E+18,3,2,41,6,2017,8,13,7,3,0,7,1,0,0,0,0,0,1,5.4064E+20,5.79576E+21,9.59613E+15,5.23106E+16
132194,3.17081E+18,3,2,41,5,2017,8,16,7,3,2,6,0,1,0,0,0,0,1,5.42488E+20,5.80913E+21,9.62492E+15,5.24307E+16
132195,3.17081E+18,3,2,41,1,2017,8,12,7,3,4,5,0,1,0,0,0,0,1,5.54812E+20,5.80936E+21,9.8062E+15,5.24317E+16
132196,3.17081E+18,3,2,41,1,2017,8,10,7,2,0,1,1,0,0,0,0,0,1,5.49974E+20,5.80158E+21,9.73389E+15,5.23622E+16
132197,3.17081E+18,3,2,54,21,2017,8,20,7,3,5,3,0,1,0,0,0,1,1,5.63997E+20,5.77982E+21,9.93568E+15,5.21652E+16
132198,3.1708E+18,3,4,59,24,2017,8,13,6,3,4,6,0,0,0,1,1,0,0,4.46675E+20,5.78438E+21,8.21963E+15,5.22073E+16
132199,3.1708E+18,3,4,59,19,2017,8,10,6,3,5,7,0,1,0,1,0,0,0,4.36856E+20,5.78221E+21,8.07635E+15,5.21868E+16
132200,3.1708E+18,3,4,4,0,2017,8,12,6,2,2,6,0,1,0,0,0,0,0,4.35544E+20,5.79555E+21,8.05462E+15,5.23065E+16
132201,3.1708E+18,3,4,56,2,2017,8,16,6,3,5,3,0,1,0,0,0,0,0,3.52159E+20,5.83324E+21,6.81558E+15,5.2629E+16
132202,3.1708E+18,3,4,54,35,2017,8,18,6,3,6,7,0,1,1,0,0,0,0,3.83194E+20,5.84042E+21,7.27134E+15,5.27011E+16
132203,3.1708E+18,3,4,54,35,2017,8,20,6,3,0,1,0,0,0,1,0,0,0,3.84162E+20,5.8396E+21,7.28595E+15,5.26939E+16
132204,3.1708E+18,3,4,60,9,2017,8,13,6,3,1,5,0,1,0,0,0,0,0,4.51679E+20,5.84206E+21,8.28449E+15,5.27263E+16
132205,3.1708E+18,3,4,60,9,2017,8,7,6,3,2,6,0,1,0,1,0,0,0,4.51468E+20,5.84229E+21,8.28133E+15,5.27283E+16
132206,3.1708E+18,3,4,60,9,2017,8,7,6,2,5,3,1,0,0,1,0,0,0,4.514E+20,5.84311E+21,8.2802E+15,5.27357E+16
132207,3.1708E+18,3,4,5,0,2017,8,17,6,3,5,3,1,1,0,0,0,0,0,4.41313E+20,5.92964E+21,8.11499E+15,5.35124E+16
132208,3.1708E+18,3,4,51,5,2017,8,17,6,3,3,6,1,1,0,0,0,0,0,4.45904E+20,5.89952E+21,8.18937E+15,5.32422E+16
132209,3.1708E+18,3,4,3,0,2017,8,20,6,3,5,3,1,1,0,0,0,1,0,4.48259E+20,5.88823E+21,8.22649E+15,5.31409E+16
132210,3.1708E+18,3,4,3,0,2017,8,13,6,3,5,3,1,0,0,0,0,0,0,4.46768E+20,5.88747E+21,8.20433E+15,5.3134E+16
132211,3.1708E+18,3,4,3,0,2017,8,7,6,3,5,3,1,1,0,0,0,0,0,4.48632E+20,5.8862E+21,8.23238E+15,5.31227E+16
132212,3.1708E+18,3,3,59,10,2017,8,16,6,3,2,6,0,1,0,0,0,0,0,5.51334E+20,5.92318E+21,9.77308E+15,5.34551E+16
132213,3.1708E+18,3,3,59,38,2017,8,19,6,3,1,5,0,1,0,1,0,0,0,5.30461E+20,5.93993E+21,9.46038E+15,5.36073E+16
132214,3.1708E+18,3,3,57,39,2017,8,12,6,3,6,7,0,1,1,0,0,0,0,5.26821E+20,5.88462E+21,9.40068E+15,5.31104E+16
132215,3.1708E+18,3,3,51,16,2017,8,7,6,3,2,6,0,1,0,1,0,0,0,5.83799E+20,5.82993E+21,1.02377E+16,5.26129E+16
132216,3.1708E+18,3,2,41,1,2017,8,14,6,3,1,5,0,0,0,1,1,0,0,5.4185E+20,5.80782E+21,9.61537E+15,5.2419E+16
132217,3.1708E+18,3,2,41,1,2017,8,8,6,3,5,3,1,1,0,0,0,0,0,5.49001E+20,5.803E+21,9.71981E+15,5.23751E+16
132218,3.1708E+18,3,2,41,1,2017,8,14,6,3,2,6,0,1,0,0,0,0,0,5.47494E+20,5.80313E+21,9.69769E+15,5.23764E+16
132219,3.1708E+18,3,2,41,1,2017,8,19,6,3,2,6,0,1,0,0,0,0,0,5.51306E+20,5.80427E+21,9.75386E+15,5.23863E+16
132220,3.1708E+18,3,2,41,1,2017,8,14,6,3,5,2,0,1,0,1,0,0,0,5.46899E+20,5.8017E+21,9.68876E+15,5.23636E+16
132221,3.1708E+18,3,2,41,1,2017,8,12,6,3,0,3,1,0,0,1,0,0,0,5.50815E+20,5.8037E+21,9.74656E+15,5.23812E+16
132222,3.1708E+18,3,1,55,13,2017,8,7,6,3,3,2,1,1,0,0,0,0,0,5.59432E+20,5.74104E+21,9.86221E+15,5.1817E+16
132223,3.1708E+18,3,2,57,14,2017,8,11,6,3,5,3,0,0,0,1,1,0,0,5.07447E+20,5.79695E+21,9.10926E+15,5.23228E+16
132224,3.1708E+18,3,2,57,9,2017,8,20,6,2,0,1,1,0,0,0,0,0,0,5.03774E+20,5.7909E+21,9.05531E+15,5.22685E+16
132225,3.1708E+18,3,2,56,15,2017,8,8,6,3,4,6,1,1,0,0,0,0,0,5.08259E+20,5.85079E+21,9.12252E+15,5.28069E+16
132226,3.1708E+18,3,1,57,6,2017,8,15,6,3,5,3,1,1,0,0,0,0,0,5.84395E+20,5.79954E+21,1.02388E+16,5.23396E+16
132227,3.1708E+18,3,1,1,0,2017,8,23,6,3,5,3,1,1,0,0,0,2,0,6.03238E+20,5.79256E+21,1.05131E+16,5.22737E+16
132228,3.1708E+18,3,1,1,0,2017,8,18,6,3,5,3,1,1,0,0,0,0,0,6.03346E+20,5.78616E+21,1.05127E+16,5.22162E+16
132229,3.1708E+18,3,1,1,0,2017,8,15,6,3,5,3,1,1,0,0,0,0,0,6.02596E+20,5.79196E+21,1.05035E+16,5.22684E+16
132230,3.1708E+18,3,1,1,0,2017,8,16,6,3,5,3,1,1,0,0,0,0,0,6.02925E+20,5.78945E+21,1.05076E+16,5.22458E+16
132231,3.1708E+18,3,4,4,0,2017,8,13,5,3,6,2,0,1,1,0,0,0,0,4.36888E+20,5.79213E+21,8.07497E+15,5.22759E+16
132232,3.1708E+18,3,4,56,15,2017,8,15,5,2,6,1,0,1,1,0,0,0,0,3.67271E+20,5.80858E+21,7.04857E+15,5.24113E+16
132233,3.1708E+18,3,4,56,25,2017,8,8,5,3,2,2,0,1,0,0,0,0,1,3.79772E+20,5.81677E+21,7.22931E+15,5.24878E+16
132234,3.1708E+18,3,4,54,18,2017,8,7,5,3,0,1,0,0,0,1,0,0,1,3.85032E+20,5.85042E+21,7.29503E+15,5.27914E+16
132235,3.1708E+18,3,4,62,19,2017,8,11,5,3,5,3,1,0,0,0,0,0,0,4.19011E+20,5.93758E+21,7.77668E+15,5.35808E+16
132236,3.1708E+18,3,4,52,20,2017,8,10,5,3,8,1,1,0,0,0,0,0,1,3.78439E+20,5.95231E+21,7.15839E+15,5.37054E+16
132237,3.1708E+18,3,4,5,0,2017,8,10,5,3,0,7,1,1,0,0,0,0,0,4.39394E+20,5.93635E+21,8.08475E+15,5.35725E+16
132238,3.1708E+18,3,4,5,0,2017,8,13,5,3,3,6,1,0,0,0,0,0,1,4.42183E+20,5.93187E+21,8.12769E+15,5.35326E+16
132239,3.1708E+18,3,3,56,7,2017,8,9,5,2,8,1,0,1,0,0,0,0,1,4.86619E+20,5.90258E+21,8.79935E+15,5.32723E+16
132240,3.1708E+18,3,4,3,0,2017,8,16,5,3,2,2,0,1,0,0,0,0,0,4.47455E+20,5.8885E+21,8.21443E+15,5.31433E+16
132241,3.1708E+18,3,4,3,0,2017,8,12,5,3,5,3,1,0,0,0,1,0,0,4.47785E+20,5.8882E+21,8.21942E+15,5.31406E+16
132242,3.1708E+18,3,4,3,0,2017,8,11,5,2,3,2,1,0,0,0,1,0,0,4.48291E+20,5.88777E+21,8.22705E+15,5.31368E+16
132243,3.1708E+18,3,2,51,12,2017,8,18,5,2,5,3,0,1,0,1,0,0,0,4.5841E+20,5.82921E+21,8.38577E+15,5.26113E+16
132244,3.1708E+18,3,4,58,14,2017,8,13,5,3,5,3,1,1,0,0,0,0,0,4.61834E+20,5.85974E+21,8.43278E+15,5.2886E+16
132245,3.1708E+18,3,3,59,10,2017,8,22,5,3,5,3,0,1,0,0,0,2,0,5.45814E+20,5.92484E+21,9.69019E+15,5.34705E+16
132246,3.1708E+18,3,3,57,39,2017,8,16,5,3,5,3,0,1,0,1,0,0,0,5.27752E+20,5.8847E+21,9.41459E+15,5.3111E+16
132247,3.1708E+18,3,3,55,22,2017,8,16,5,3,5,3,0,1,0,0,0,0,0,5.9411E+20,5.9E+21,1.04102E+16,5.32409E+16
132248,3.1708E+18,3,3,55,22,2017,8,4,5,3,0,7,1,0,0,0,0,1,1,5.94036E+20,5.90131E+21,1.04095E+16,5.32527E+16
132249,3.1708E+18,3,3,51,6,2017,8,17,5,3,5,3,1,1,0,0,0,0,0,5.70235E+20,5.8288E+21,1.00371E+16,5.26047E+16
132250,3.1708E+18,3,3,51,6,2017,8,10,5,3,5,3,1,1,0,0,0,0,0,5.7282E+20,5.82919E+21,1.00754E+16,5.26078E+16
132251,3.1708E+18,3,2,41,1,2017,8,16,5,3,2,6,0,1,0,0,0,0,0,5.52281E+20,5.80345E+21,9.76805E+15,5.23788E+16
132252,3.1708E+18,3,2,41,1,2017,8,8,5,3,4,2,0,1,0,0,1,0,1,5.50556E+20,5.80542E+21,9.74302E+15,5.23967E+16
132253,3.1708E+18,3,2,41,1,2017,8,19,5,3,2,1,0,1,0,0,0,0,0,5.50162E+20,5.80256E+21,9.7368E+15,5.23711E+16
132254,3.1708E+18,3,2,41,1,2017,8,18,5,3,3,2,1,1,0,0,0,0,0,5.50032E+20,5.80359E+21,9.73504E+15,5.23803E+16
132255,3.1708E+18,3,2,41,1,2017,8,15,5,3,1,5,1,1,0,0,0,0,0,5.50983E+20,5.80313E+21,9.74894E+15,5.23761E+16
132256,3.1708E+18,3,2,56,25,2017,8,15,5,3,5,3,1,1,0,0,0,0,0,5.10114E+20,5.81194E+21,9.14885E+15,5.24576E+16
132257,3.1708E+18,3,2,54,2,2017,8,10,5,3,2,6,0,1,0,0,1,0,1,5.57073E+20,5.75969E+21,9.83108E+15,5.1985E+16