OBJECTID,UIDENTSTLA,ULAND,UREGBEZ,UKREIS,UGEMEINDE,UJAHR,UMONAT,USTUNDE,UWOCHENTAG,UKATEGORIE,UART,UTYP1,IstRad,IstPKW,IstFuss,IstKrad,IstSonstig,LICHT,STRZUSTAND,LINREFX,LINREFY,XGCSWGS84,YGCSWGS84
132258,3.1708E+18,3,2,54,21,2017,8,16,5,3,4,2,1,1,0,0,0,0,0,5.65526E+20,5.77867E+21,9.95781E+15,5.21547E+16
132259,3.1708E+18,3,2,54,21,2017,8,15,5,3,2,6,0,1,0,0,0,0,0,5.64836E+20,5.7782E+21,9.94762E+15,5.21505E+16
132260,3.1708E+18,3,1,59,17,2017,8,20,5,3,6,6,0,1,1,0,0,0,0,5.45327E+20,5.69644E+21,9.65183E+15,5.14173E+16
132261,3.1708E+18,3,1,3,0,2017,8,13,5,3,5,2,0,1,0,1,0,0,0,6.22258E+20,5.81073E+21,1.07983E+16,5.24331E+16
132262,3.1708E+18,3,1,53,2,2017,8,21,5,2,0,1,0,0,0,1,0,1,0,6.07469E+20,5.7511E+21,1.0562E+16,5.19002E+16
132263,3.1708E+18,3,1,51,16,2017,8,17,5,3,5,3,0,1,0,0,1,0,0,6.046E+20,5.80558E+21,1.05371E+16,5.23905E+16
132264,3.1708E+18,3,1,51,16,2017,8,17,5,2,2,6,0,1,0,0,1,0,0,6.04648E+20,5.79932E+21,1.05359E+16,5.23342E+16
132265,3.1708E+18,3,1,51,9,2017,8,17,5,3,4,2,0,1,0,0,0,0,0,6.04865E+20,5.81533E+21,1.05441E+16,5.2478E+16
132266,3.1708E+18,3,1,1,0,2017,8,16,5,3,3,6,1,1,0,0,0,0,0,6.02672E+20,5.79131E+21,1.05044E+16,5.22626E+16
132267,3.1708E+18,3,4,56,15,2017,8,15,4,3,2,6,1,1,0,0,0,0,0,3.68277E+20,5.81229E+21,7.06188E+15,5.24449E+16
132268,3.1708E+18,3,4,54,32,2017,8,11,4,2,6,7,0,1,1,0,0,0,1,3.85926E+20,5.82035E+21,7.31868E+15,5.25213E+16
132269,3.1708E+18,3,4,55,25,2017,8,5,4,3,2,6,1,0,0,0,1,1,0,4.35505E+20,5.914E+21,8.03062E+15,5.33712E+16
132270,3.1708E+18,3,3,52,11,2017,8,19,4,3,6,7,0,1,1,0,0,0,0,4.79033E+20,5.96903E+21,8.68113E+15,5.38693E+16
132271,3.1708E+18,3,3,59,27,2017,8,15,4,3,6,6,1,0,1,0,0,0,0,5.38697E+20,5.92886E+21,9.58348E+15,5.35072E+16
132272,3.1708E+18,3,3,59,38,2017,8,11,4,3,2,6,0,1,0,0,0,0,0,5.28945E+20,5.93855E+21,9.43733E+15,5.3595E+16
132273,3.1708E+18,3,3,58,22,2017,8,21,4,3,5,3,0,1,0,1,0,1,1,5.30632E+20,5.85595E+21,9.4549E+15,5.28524E+16
132274,3.1708E+18,3,3,55,22,2017,8,14,4,3,0,7,1,0,0,0,0,0,0,5.94347E+20,5.902E+21,1.04144E+16,5.32588E+16
132275,3.1708E+18,3,3,55,22,2017,8,14,4,3,2,6,0,1,0,0,0,0,0,5.95734E+20,5.90227E+21,1.04352E+16,5.3261E+16
132276,3.1708E+18,3,3,51,6,2017,8,11,4,3,5,3,1,0,0,1,0,0,0,5.72508E+20,5.82826E+21,1.00706E+16,5.25996E+16
132277,3.1708E+18,3,2,41,1,2017,8,2,4,3,8,1,0,1,0,0,0,2,0,5.46629E+20,5.80538E+21,9.6853E+15,5.23967E+16
132278,3.1708E+18,3,2,41,1,2017,8,19,4,3,2,2,1,1,0,0,0,0,0,5.51039E+20,5.80318E+21,9.74977E+15,5.23765E+16
132279,3.1708E+18,3,2,41,21,2017,8,14,4,3,5,3,1,0,0,0,0,0,0,5.25736E+20,5.81172E+21,9.37873E+15,5.2455E+16
132280,3.1708E+18,3,2,41,7,2017,8,18,4,3,0,3,1,1,0,0,0,0,0,5.49918E+20,5.79772E+21,9.7325E+15,5.23275E+16
132281,3.1708E+18,3,2,41,14,2017,8,13,4,3,0,1,1,0,0,0,0,0,0,5.45509E+20,5.79897E+21,9.66797E+15,5.23391E+16
132282,3.1708E+18,3,2,41,1,2017,8,14,4,3,8,7,0,1,0,0,0,0,0,5.52052E+20,5.80782E+21,9.76537E+15,5.24181E+16
132283,3.1708E+18,3,2,41,1,2017,8,13,4,3,0,1,1,0,0,0,0,0,0,5.52408E+20,5.804E+21,9.77001E+15,5.23837E+16
132284,3.1708E+18,3,2,41,1,2017,8,13,4,3,5,2,1,0,0,0,0,0,0,5.51365E+20,5.80464E+21,9.75478E+15,5.23896E+16
132285,3.1708E+18,3,2,56,22,2017,8,18,4,2,3,6,1,1,0,0,0,0,0,5.1483E+20,5.83047E+21,9.21908E+15,5.2624E+16
132286,3.1708E+18,3,2,52,2,2017,8,17,4,3,5,1,0,1,0,1,0,0,0,5.32402E+20,5.77961E+21,9.47374E+15,5.2166E+16
132287,3.1708E+18,3,1,57,6,2017,8,15,4,2,4,6,1,0,0,0,0,0,0,5.85327E+20,5.79882E+21,1.02523E+16,5.2333E+16
132288,3.1708E+18,3,1,53,16,2017,8,11,4,3,9,1,1,0,0,0,0,0,0,6.04619E+20,5.7304E+21,1.05144E+16,5.17148E+16
132289,3.1708E+18,3,1,53,17,2017,8,14,4,3,5,2,1,1,0,0,0,0,0,5.97491E+20,5.75357E+21,1.04177E+16,5.19244E+16
132290,3.1708E+18,3,1,1,0,2017,8,17,4,3,5,3,1,1,0,0,0,0,0,6.06848E+20,5.79207E+21,1.05658E+16,5.22686E+16
132291,3.1708E+18,3,1,1,0,2017,8,14,4,3,1,1,0,1,0,0,0,0,0,6.00383E+20,5.79776E+21,1.04728E+16,5.2321E+16
132292,3.1708E+18,3,1,1,0,2017,8,12,4,3,5,3,0,1,0,0,0,0,0,6.02692E+20,5.7927E+21,1.05051E+16,5.22751E+16
132293,3.1708E+18,3,1,1,0,2017,8,6,4,3,5,2,0,1,0,0,0,0,0,6.05076E+20,5.79196E+21,1.05398E+16,5.2268E+16
132294,3.1708E+18,3,4,4,0,2017,8,12,3,3,3,5,1,1,0,0,0,0,0,4.35358E+20,5.79128E+21,8.0527E+15,5.22681E+16
132295,3.1708E+18,3,4,57,21,2017,8,7,3,3,2,6,0,1,0,0,0,0,0,3.89671E+20,5.89194E+21,7.34963E+15,5.31654E+16
132296,3.1708E+18,3,4,57,13,2017,8,20,3,3,5,3,1,1,0,0,0,0,0,3.97576E+20,5.89933E+21,7.46545E+15,5.32334E+16
132297,3.1708E+18,3,4,57,13,2017,8,13,3,3,5,3,1,1,0,0,0,0,0,3.97536E+20,5.89951E+21,7.4648E+15,5.3235E+16
132298,3.1708E+18,3,4,54,41,2017,8,18,3,3,4,6,1,0,0,0,0,0,0,3.9347E+20,5.88223E+21,7.40966E+15,5.30789E+16
132299,3.1708E+18,3,4,54,35,2017,8,15,3,3,5,3,1,1,0,0,0,0,0,3.83388E+20,5.84041E+21,7.27422E+15,5.2701E+16
132300,3.1708E+18,3,4,54,32,2017,8,16,3,2,2,5,1,1,0,0,0,0,0,3.85562E+20,5.82104E+21,7.31307E+15,5.25274E+16
132301,3.1708E+18,3,4,54,32,2017,8,13,3,3,2,6,0,1,0,0,0,0,0,3.8822E+20,5.82046E+21,7.35244E+15,5.25227E+16
132302,3.1708E+18,3,4,54,49,2017,8,8,3,3,5,3,0,1,0,0,0,0,0,3.957E+20,5.80339E+21,7.46797E+15,5.23708E+16
132303,3.1708E+18,3,4,52,19,2017,8,13,3,3,5,3,1,1,0,0,0,0,0,3.81509E+20,5.94072E+21,7.2093E+15,5.36019E+16
132304,3.1708E+18,3,4,52,1,2017,8,14,3,3,0,7,1,1,0,0,0,0,0,4.00196E+20,5.92751E+21,7.49581E+15,5.34871E+16
132305,3.1708E+18,3,4,53,6,2017,8,5,3,2,5,3,1,1,0,0,0,2,0,4.29317E+20,5.84127E+21,7.95358E+15,5.27167E+16
132306,3.1708E+18,3,4,5,0,2017,8,14,3,3,5,2,1,0,0,0,0,0,0,4.41054E+20,5.93032E+21,8.11096E+15,5.35185E+16
132307,3.1708E+18,3,4,5,0,2017,8,14,3,2,5,3,1,1,0,0,0,0,0,4.40276E+20,5.9304E+21,8.09921E+15,5.35191E+16
132308,3.1708E+18,3,3,56,7,2017,8,16,3,2,9,1,0,1,1,0,0,0,0,4.86377E+20,5.89867E+21,8.79588E+15,5.32371E+16
132309,3.1708E+18,3,4,3,0,2017,8,18,3,3,3,2,1,1,0,0,0,0,0,4.46412E+20,5.88832E+21,8.19887E+15,5.31416E+16
132310,3.1708E+18,3,4,3,0,2017,8,13,3,3,5,2,1,1,0,0,0,0,0,4.48191E+20,5.89073E+21,8.22507E+15,5.31635E+16
132311,3.1708E+18,3,4,3,0,2017,8,12,3,3,2,6,0,1,0,1,0,0,0,4.46685E+20,5.89324E+21,8.20212E+15,5.31858E+16
132312,3.1708E+18,3,3,52,11,2017,8,10,3,3,0,1,1,0,0,0,0,0,0,4.74836E+20,5.96989E+21,8.61723E+15,5.38768E+16
132313,3.1708E+18,3,3,53,5,2017,8,3,3,3,9,1,0,0,0,0,1,2,0,5.56233E+20,5.91401E+21,9.84521E+15,5.33722E+16
132314,3.1708E+18,3,3,55,22,2017,8,14,3,3,5,3,0,1,0,0,0,0,0,5.96384E+20,5.89948E+21,1.04441E+16,5.32358E+16
132315,3.1708E+18,3,3,51,6,2017,8,14,3,3,2,2,0,1,0,0,0,0,0,5.72895E+20,5.83019E+21,1.00767E+16,5.26168E+16
132316,3.1708E+18,3,3,51,6,2017,8,14,3,3,5,3,0,1,0,0,1,0,0,5.72001E+20,5.83063E+21,1.00636E+16,5.26209E+16
132317,3.1708E+18,3,2,41,1,2017,8,13,3,3,0,1,1,0,0,0,0,0,0,5.47424E+20,5.79929E+21,9.69612E+15,5.23418E+16
132318,3.1708E+18,3,2,41,1,2017,8,20,3,3,5,3,1,1,0,0,0,0,0,5.51882E+20,5.80256E+21,9.76206E+15,5.23709E+16
132319,3.1708E+18,3,2,41,1,2017,8,18,3,3,2,6,0,1,0,0,0,0,1,5.49858E+20,5.80452E+21,9.73262E+15,5.23887E+16
132320,3.1708E+18,3,2,41,5,2017,8,12,3,3,5,3,1,1,0,0,0,0,1,5.40743E+20,5.80797E+21,9.59911E+15,5.24204E+16
132321,3.1708E+18,3,2,41,11,2017,8,15,3,3,0,7,1,0,0,0,0,0,0,5.66295E+20,5.80328E+21,9.97387E+15,5.23757E+16
132322,3.1708E+18,3,2,41,1,2017,8,22,3,3,5,3,0,1,0,0,0,2,0,5.54628E+20,5.80599E+21,9.80294E+15,5.24015E+16
132323,3.1708E+18,3,2,41,1,2017,8,12,3,3,5,3,1,1,0,0,0,0,0,5.56463E+20,5.80862E+21,9.83036E+15,5.24249E+16
132324,3.1708E+18,3,2,41,1,2017,8,9,3,3,5,2,0,1,0,0,1,0,0,5.45773E+20,5.80556E+21,9.67274E+15,5.23984E+16
132325,3.1708E+18,3,1,55,13,2017,8,19,3,3,8,1,0,1,0,1,0,0,1,5.60163E+20,5.7431E+21,9.87318E+15,5.18355E+16
132326,3.1708E+18,3,2,56,22,2017,8,20,3,3,2,6,0,1,0,0,1,0,0,5.14412E+20,5.83293E+21,9.21301E+15,5.26461E+16
132327,3.1708E+18,3,2,55,34,2017,8,17,3,3,6,4,0,1,1,0,0,0,0,5.43028E+20,5.74835E+21,9.62516E+15,5.18843E+16
132328,3.1708E+18,3,1,59,29,2017,8,0,3,2,0,1,0,0,0,1,0,2,1,5.62357E+20,5.70496E+21,9.8982E+15,5.14923E+16
132329,3.1708E+18,3,1,59,16,2017,8,18,3,3,0,1,1,0,0,0,0,0,1,5.63558E+20,5.70955E+21,9.91634E+15,5.15335E+16
132330,3.1708E+18,3,1,59,16,2017,8,12,3,3,5,3,1,1,0,0,0,0,1,5.63862E+20,5.71038E+21,9.92087E+15,5.15409E+16
132331,3.1708E+18,3,1,57,6,2017,8,8,3,3,5,3,1,1,0,0,0,0,0,5.84102E+20,5.79803E+21,1.02341E+16,5.23261E+16
132332,3.1708E+18,3,1,2,0,2017,8,23,3,3,0,7,0,1,1,0,0,2,0,5.91348E+20,5.78121E+21,1.03358E+16,5.21738E+16
132333,3.1708E+18,3,1,53,17,2017,8,8,3,3,6,4,0,1,1,0,0,0,0,5.98845E+20,5.75387E+21,1.04375E+16,5.19268E+16
132334,3.17073E+18,3,4,59,4,2017,7,16,2,2,0,7,0,0,0,0,1,0,0,4.3423E+20,5.77985E+21,8.0384E+15,5.21652E+16
132335,3.17073E+18,3,4,59,14,2017,7,18,2,3,4,6,1,1,0,0,0,0,0,4.3163E+20,5.81015E+21,7.99425E+15,5.24372E+16
132336,3.17073E+18,3,4,4,0,2017,7,9,2,2,2,6,0,0,0,1,1,0,0,4.35733E+20,5.79168E+21,8.05813E+15,5.22718E+16
132337,3.17073E+18,3,4,57,13,2017,7,19,2,3,5,3,1,1,0,0,0,0,0,3.98136E+20,5.89888E+21,7.47399E+15,5.32294E+16
132338,3.17073E+18,3,4,56,14,2017,7,8,2,2,5,7,1,1,0,0,0,0,0,3.61194E+20,5.81815E+21,6.9553E+15,5.24958E+16
132339,3.17073E+18,3,4,56,27,2017,7,15,2,3,5,3,1,1,0,0,0,0,0,3.78981E+20,5.79808E+21,7.22443E+15,5.23197E+16
132340,3.17073E+18,3,4,56,15,2017,7,7,2,3,4,6,1,0,0,1,0,0,0,3.7004E+20,5.81172E+21,7.08803E+15,5.24402E+16
132341,3.17073E+18,3,4,55,15,2017,7,19,2,3,5,3,0,1,0,0,0,0,0,4.30428E+20,5.93331E+21,7.95005E+15,5.3544E+16
132342,3.17073E+18,3,4,60,9,2017,7,13,2,3,5,3,1,1,0,0,0,0,0,4.51422E+20,5.84284E+21,8.28057E+15,5.27332E+16
132343,3.17073E+18,3,4,60,9,2017,7,10,2,3,5,3,1,1,0,0,0,0,0,4.51497E+20,5.84177E+21,8.28184E+15,5.27237E+16
132344,3.17073E+18,3,3,56,8,2017,7,12,2,3,2,6,0,1,0,0,0,0,0,4.8053E+20,5.89249E+21,8.70866E+15,5.31814E+16
132345,3.17073E+18,3,4,3,0,2017,7,13,2,3,5,3,1,1,0,0,0,0,0,4.47797E+20,5.88972E+21,8.21934E+15,5.31543E+16
132346,3.17073E+18,3,4,1,0,2017,7,9,2,3,0,3,1,1,0,0,0,0,0,4.76581E+20,5.87511E+21,8.65084E+15,5.3025E+16
132347,3.17073E+18,3,3,52,62,2017,7,18,2,2,4,1,0,1,0,1,0,0,0,4.69923E+20,5.941E+21,8.54532E+15,5.3617E+16
132348,3.17073E+18,3,3,59,10,2017,7,5,2,3,5,3,1,1,0,0,0,0,0,5.45501E+20,5.92466E+21,9.68545E+15,5.34689E+16
132349,3.17073E+18,3,2,41,1,2017,7,6,2,3,5,3,1,1,0,0,0,0,0,5.54362E+20,5.80419E+21,9.79874E+15,5.23853E+16
132350,3.17073E+18,3,1,55,12,2017,7,11,2,3,8,1,1,0,0,0,0,0,0,5.43561E+20,5.72483E+21,9.62995E+15,5.16728E+16
132351,3.17073E+18,3,1,59,3,2017,7,15,2,3,5,2,0,1,0,1,0,0,0,5.9809E+20,5.71933E+21,1.04168E+16,5.16164E+16
132352,3.17073E+18,3,2,52,6,2017,7,9,2,3,2,6,0,1,0,0,0,0,0,5.24629E+20,5.77209E+21,9.35955E+15,5.20988E+16
132353,3.17073E+18,3,1,59,16,2017,7,13,2,3,5,3,1,1,0,0,0,0,0,5.64714E+20,5.71009E+21,9.93309E+15,5.15382E+16
132354,3.17073E+18,3,1,59,16,2017,7,6,2,3,2,2,0,1,0,0,1,0,0,5.65239E+20,5.7119E+21,9.941E+15,5.15544E+16
132355,3.17073E+18,3,1,57,9,2017,7,20,2,3,0,6,0,0,0,1,0,0,0,5.84262E+20,5.78685E+21,1.02336E+16,5.22256E+16
132356,3.17073E+18,3,1,53,2,2017,7,14,2,3,5,2,1,1,0,0,0,0,0,6.07157E+20,5.74961E+21,1.0557E+16,5.1887E+16
132357,3.17073E+18,3,1,1,0,2017,7,20,2,3,5,3,1,0,0,0,0,0,0,6.04266E+20,5.79167E+21,1.05279E+16,5.22655E+16
132358,3.17073E+18,3,1,1,0,2017,7,11,2,3,5,2,1,1,0,0,0,0,0,6.00921E+20,5.79268E+21,1.04792E+16,5.22752E+16
132359,3.17073E+18,3,4,59,12,2017,7,11,1,3,4,6,1,1,0,0,0,0,0,4.48504E+20,5.78818E+21,8.24581E+15,5.22416E+16
132360,3.17073E+18,3,4,57,2,2017,7,16,1,2,8,7,0,0,0,1,0,0,0,3.47177E+20,5.93984E+21,6.6913E+15,5.35851E+16
132361,3.17073E+18,3,4,57,14,2017,7,21,1,2,0,1,0,0,0,1,0,1,1,3.94544E+20,5.91209E+21,7.41582E+15,5.33475E+16
132362,3.17073E+18,3,4,56,15,2017,7,0,1,3,5,3,0,1,0,0,0,2,0,3.68032E+20,5.81209E+21,7.05837E+15,5.24431E+16
132363,3.17073E+18,3,4,54,35,2017,7,13,1,2,4,2,0,1,0,1,0,0,0,3.84505E+20,5.83901E+21,7.29123E+15,5.26887E+16
132364,3.17073E+18,3,4,52,19,2017,7,21,1,3,5,3,1,1,0,0,0,0,0,3.81075E+20,5.93937E+21,7.20326E+15,5.35897E+16
132365,3.17073E+18,3,4,53,13,2017,7,14,1,3,0,7,0,0,0,1,0,0,0,4.13028E+20,5.88276E+21,7.7014E+15,5.30872E+16
132366,3.17073E+18,3,4,53,4,2017,7,20,1,2,5,3,0,1,0,0,0,0,0,4.38315E+20,5.85611E+21,8.08398E+15,5.28512E+16
132367,3.17073E+18,3,4,55,26,2017,7,12,1,3,6,6,0,1,1,0,0,0,0,4.41161E+20,5.92246E+21,8.11405E+15,5.34478E+16
132368,3.17073E+18,3,4,5,0,2017,7,15,1,3,0,7,1,0,0,0,0,0,1,4.41307E+20,5.92992E+21,8.11485E+15,5.3515E+16
132369,3.17073E+18,3,4,5,0,2017,7,16,1,3,6,2,0,1,1,0,0,0,0,4.41072E+20,5.93071E+21,8.11115E+15,5.3522E+16
132370,3.17073E+18,3,2,51,12,2017,7,16,1,3,5,3,1,1,0,0,0,0,0,4.58123E+20,5.82911E+21,8.38156E+15,5.26103E+16
132371,3.17073E+18,3,3,52,61,2017,7,16,1,3,5,3,1,1,0,0,0,0,1,4.71058E+20,5.94963E+21,8.56167E+15,5.36946E+16
132372,3.17073E+18,3,3,60,30,2017,7,8,1,3,5,3,0,1,0,0,0,0,1,6.10403E+20,5.86559E+21,1.06424E+16,5.29286E+16
132373,3.17073E+18,3,3,54,4,2017,7,0,1,1,6,7,0,1,1,0,0,2,0,6.39932E+20,5.88498E+21,1.10899E+16,5.30959E+16
132374,3.17073E+18,3,2,41,12,2017,7,21,1,3,0,1,1,0,0,0,0,1,0,5.31255E+20,5.81704E+21,9.46045E+15,5.25026E+16
132375,3.17073E+18,3,2,41,1,2017,7,12,1,3,6,6,1,0,1,0,0,0,0,5.49899E+20,5.80308E+21,9.73301E+15,5.23757E+16
132376,3.17073E+18,3,2,57,5,2017,7,16,1,3,6,7,0,1,1,0,0,0,0,5.06896E+20,5.78785E+21,9.101E+15,5.2241E+16
132377,3.17073E+18,3,2,54,21,2017,7,16,1,2,1,5,1,1,0,0,0,0,0,5.66638E+20,5.77794E+21,9.97391E+15,5.2148E+16
132378,3.17073E+18,3,1,3,0,2017,7,17,1,3,1,7,0,1,0,0,0,0,0,6.18125E+20,5.80627E+21,1.0736E+16,5.2394E+16
132379,3.17073E+18,3,1,51,9,2017,7,9,1,3,5,3,0,1,0,0,0,0,0,6.03891E+20,5.81971E+21,1.05311E+16,5.25176E+16
132380,3.17073E+18,3,1,51,9,2017,7,1,1,2,6,4,0,1,1,0,0,2,0,6.04952E+20,5.8149E+21,1.05452E+16,5.24741E+16
132381,3.17073E+18,3,1,1,0,2017,7,20,1,3,8,1,0,1,0,1,0,0,0,6.04087E+20,5.79088E+21,1.0525E+16,5.22585E+16
132382,3.17073E+18,3,1,1,0,2017,7,1,1,3,0,1,1,1,0,0,0,2,0,6.03479E+20,5.79266E+21,1.05167E+16,5.22745E+16
132383,3.17073E+18,3,1,1,0,2017,7,1,1,3,1,1,1,1,0,0,0,2,0,6.02824E+20,5.79266E+21,1.05071E+16,5.22747E+16
132384,3.17073E+18,3,4,59,19,2017,7,14,7,3,4,2,0,1,0,1,0,0,0,4.32308E+20,5.78603E+21,8.00907E+15,5.22205E+16
132385,3.17073E+18,3,4,54,35,2017,7,6,7,3,0,1,0,1,0,0,0,1,1,3.84946E+20,5.83991E+21,7.29744E+15,5.26968E+16
132386,3.17073E+18,3,4,55,26,2017,7,19,7,3,0,7,0,0,0,1,0,1,0,4.4001E+20,5.91389E+21,8.09835E+15,5.33707E+16
132387,3.17073E+18,3,4,51,1,2017,7,1,7,3,0,7,0,1,0,0,0,2,0,4.16126E+20,5.89317E+21,7.74491E+15,5.31812E+16
132388,3.17073E+18,3,4,58,14,2017,7,14,7,3,5,3,1,1,0,0,0,0,1,4.61921E+20,5.86058E+21,8.43397E+15,5.28935E+16
132389,3.17073E+18,3,4,58,14,2017,7,11,7,3,8,6,0,1,0,1,0,0,0,4.61168E+20,5.86093E+21,8.42274E+15,5.28967E+16
132390,3.17073E+18,3,3,60,5,2017,7,13,7,2,3,6,1,1,0,0,0,0,0,6.12454E+20,5.85416E+21,1.0669E+16,5.28255E+16
132391,3.17073E+18,3,3,55,34,2017,7,17,7,3,5,3,0,1,0,0,0,0,1,5.77116E+20,5.88978E+21,1.01532E+16,5.31518E+16
132392,3.17073E+18,3,3,55,22,2017,7,13,7,2,0,1,0,0,0,1,0,0,1,5.97285E+20,5.90051E+21,1.04579E+16,5.32449E+16
132393,3.17073E+18,3,3,51,6,2017,7,17,7,2,4,2,1,1,0,0,0,0,0,5.7264E+20,5.82878E+21,1.00726E+16,5.26042E+16
132394,3.17073E+18,3,2,41,1,2017,7,10,7,3,1,5,0,1,0,0,0,0,0,5.5064E+20,5.80103E+21,9.74359E+15,5.23572E+16
132395,3.17073E+18,3,2,41,11,2017,7,14,7,3,1,5,0,1,0,0,0,0,0,5.65644E+20,5.80251E+21,9.96416E+15,5.23689E+16
132396,3.17073E+18,3,2,41,1,2017,7,23,7,3,0,7,1,0,0,0,0,2,0,5.46957E+20,5.80494E+21,9.69006E+15,5.23927E+16
132397,3.17073E+18,3,2,41,1,2017,7,17,7,3,6,2,0,1,1,0,0,0,0,5.47657E+20,5.8021E+21,9.69995E+15,5.23671E+16
132398,3.17073E+18,3,2,41,1,2017,7,10,7,3,0,1,1,0,0,0,0,0,0,5.52693E+20,5.80562E+21,9.77445E+15,5.23983E+16
132399,3.17073E+18,3,2,54,21,2017,7,12,7,3,2,6,0,1,0,0,0,0,0,5.6433E+20,5.77898E+21,9.94038E+15,5.21576E+16
132400,3.17073E+18,3,2,54,21,2017,7,20,7,3,1,5,1,1,0,0,0,0,0,5.6533E+20,5.77856E+21,9.95491E+15,5.21537E+16
132401,3.17073E+18,3,1,59,16,2017,7,20,7,2,1,5,1,1,0,0,0,1,0,5.6481E+20,5.70995E+21,9.93445E+15,5.15369E+16
132402,3.17073E+18,3,1,3,0,2017,7,16,7,3,2,6,0,1,0,0,0,0,0,6.21054E+20,5.80801E+21,1.07797E+16,5.24089E+16
132403,3.17073E+18,3,1,53,17,2017,7,14,7,3,5,2,0,1,0,1,0,0,0,5.99967E+20,5.75378E+21,1.04538E+16,5.19258E+16
132404,3.17073E+18,3,1,1,0,2017,7,18,7,3,5,3,1,1,0,0,0,0,0,6.04248E+20,5.79175E+21,1.05277E+16,5.22662E+16
132405,3.17073E+18,3,4,59,19,2017,7,18,6,3,0,1,1,0,0,0,0,0,0,4.34733E+20,5.78417E+21,8.04493E+15,5.22041E+16
132406,3.17073E+18,3,4,4,0,2017,7,5,6,3,2,6,0,1,0,1,0,0,0,4.3587E+20,5.78775E+21,8.06088E+15,5.22364E+16
132407,3.17073E+18,3,4,52,20,2017,7,12,6,3,5,3,1,0,0,0,0,0,0,3.77709E+20,5.95239E+21,7.1473E+15,5.37059E+16
132408,3.17073E+18,3,4,53,11,2017,7,14,6,3,5,3,0,1,0,1,0,0,1,4.16478E+20,5.84345E+21,7.763E+15,5.27344E+16
132409,3.17073E+18,3,3,61,12,2017,7,23,6,3,0,1,1,0,0,0,0,2,0,5.15514E+20,5.86357E+21,9.23075E+15,5.29215E+16
132410,3.17073E+18,3,3,52,11,2017,7,13,6,3,5,3,0,1,0,0,0,0,0,4.79955E+20,5.96867E+21,8.69517E+15,5.38661E+16
132411,3.17073E+18,3,3,59,36,2017,7,10,6,3,8,1,0,0,0,1,0,0,0,5.18516E+20,5.93706E+21,9.27968E+15,5.3582E+16
132412,3.17073E+18,3,3,55,13,2017,7,13,6,3,4,6,1,1,0,0,0,0,0,6.16384E+20,5.89467E+21,1.07419E+16,5.31887E+16
132413,3.17073E+18,3,3,55,22,2017,7,16,6,3,5,3,0,1,0,0,0,0,1,5.94048E+20,5.90344E+21,1.04103E+16,5.32719E+16
132414,3.17073E+18,3,3,55,22,2017,7,22,6,3,4,2,0,1,0,0,0,2,0,5.93272E+20,5.90129E+21,1.03981E+16,5.32527E+16
132415,3.17073E+18,3,2,41,1,2017,7,13,6,3,0,6,0,1,0,0,1,0,0,5.44593E+20,5.80709E+21,9.6556E+15,5.24122E+16
132416,3.17073E+18,3,2,41,1,2017,7,12,6,3,3,5,1,1,0,0,0,0,0,5.49656E+20,5.8031E+21,9.72945E+15,5.23759E+16
132417,3.17073E+18,3,2,41,12,2017,7,9,6,3,5,3,1,1,0,0,0,0,0,5.31336E+20,5.8175E+21,9.46169E+15,5.25067E+16
132418,3.17073E+18,3,2,41,16,2017,7,10,6,3,5,3,0,1,0,0,0,0,0,5.65691E+20,5.7964E+21,9.96366E+15,5.2314E+16
132419,3.17073E+18,3,2,41,10,2017,7,16,6,3,2,6,0,1,0,0,0,0,0,5.45396E+20,5.81031E+21,9.66785E+15,5.24411E+16
132420,3.17073E+18,3,1,1,0,2017,7,20,6,3,1,5,1,1,0,0,0,0,0,6.03304E+20,5.7902E+21,1.05133E+16,5.22525E+16
132421,3.17073E+18,3,1,1,0,2017,7,13,6,3,0,7,0,1,1,0,0,0,0,6.03615E+20,5.79691E+21,1.052E+16,5.23128E+16
132422,3.17073E+18,3,1,57,6,2017,7,18,6,3,5,3,0,1,0,0,0,0,0,5.8554E+20,5.79818E+21,1.02552E+16,5.23273E+16
132423,3.17073E+18,3,2,41,5,2017,7,12,6,2,4,5,0,1,0,1,0,0,0,5.38754E+20,5.81019E+21,9.57012E+15,5.24405E+16
132424,3.17073E+18,3,2,54,2,2017,7,11,6,3,5,3,0,1,0,1,0,0,0,5.57054E+20,5.7597E+21,9.83081E+15,5.1985E+16
132425,3.17073E+18,3,4,53,4,2017,7,7,5,3,4,2,0,1,0,0,0,0,1,4.3224E+20,5.85704E+21,7.99359E+15,5.28589E+16
132426,3.17081E+18,3,4,54,41,2017,8,13,6,3,5,3,1,1,0,0,0,0,0,3.93123E+20,5.88193E+21,7.40458E+15,5.30762E+16
132427,3.17081E+18,3,4,53,4,2017,8,7,6,3,5,3,1,0,0,0,0,0,1,4.35593E+20,5.8555E+21,8.04369E+15,5.28454E+16
132428,3.17081E+18,3,4,55,7,2017,8,12,6,3,0,3,1,1,0,0,0,0,0,4.27759E+20,5.93597E+21,7.90916E+15,5.35676E+16
132429,3.17081E+18,3,4,3,0,2017,8,22,6,3,6,4,0,0,1,1,0,2,0,4.45754E+20,5.8896E+21,8.18881E+15,5.3153E+16
132430,3.17081E+18,3,4,3,0,2017,8,13,6,3,8,1,0,1,0,0,0,0,1,4.47292E+20,5.88676E+21,8.21228E+15,5.31277E+16
132431,3.17081E+18,3,4,61,2,2017,8,11,6,2,5,3,1,1,0,0,0,0,1,4.64938E+20,5.91048E+21,8.47336E+15,5.33423E+16