OBJECTID,UIDENTSTLA,ULAND,UREGBEZ,UKREIS,UGEMEINDE,UJAHR,UMONAT,USTUNDE,UWOCHENTAG,UKATEGORIE,UART,UTYP1,IstRad,IstPKW,IstFuss,IstKrad,IstSonstig,LICHT,STRZUSTAND,LINREFX,LINREFY,XGCSWGS84,YGCSWGS84
132605,3.17081E+18,3,4,59,10,2017,8,22,2,3,4,7,0,1,0,0,0,2,0,4.28862E+20,5.82254E+21,7.95089E+15,5.25483E+16
132606,3.17081E+18,3,4,4,0,2017,8,20,2,3,4,2,0,1,0,1,0,0,0,4.36168E+20,5.79181E+21,8.06447E+15,5.22729E+16
132607,3.17081E+18,3,4,4,0,2017,8,16,2,3,2,6,0,1,0,0,1,0,0,4.34511E+20,5.79114E+21,8.04033E+15,5.22668E+16
132608,3.17081E+18,3,4,2,0,2017,8,16,2,3,5,3,1,1,0,0,0,0,0,3.80792E+20,5.91721E+21,7.2074E+15,5.33905E+16
132609,3.17081E+18,3,4,56,2,2017,8,7,2,3,0,3,1,0,0,0,0,0,0,3.54669E+20,5.83119E+21,6.85355E+15,5.26113E+16
132610,3.17081E+18,3,4,56,14,2017,8,19,2,2,5,3,1,1,0,0,0,0,0,3.62161E+20,5.81882E+21,6.96925E+15,5.25021E+16
132611,3.17081E+18,3,4,52,19,2017,8,14,2,3,5,3,1,1,0,0,0,0,0,3.80185E+20,5.94186E+21,7.18886E+15,5.36119E+16
132612,3.17081E+18,3,4,53,7,2017,8,17,2,3,5,3,0,1,0,0,0,0,0,4.23207E+20,5.87504E+21,7.85518E+15,5.30194E+16
132613,3.17081E+18,3,4,60,3,2017,8,14,2,3,8,1,0,1,0,0,0,0,0,4.42851E+20,5.83528E+21,8.15496E+15,5.26644E+16
132614,3.17081E+18,3,4,55,7,2017,8,19,2,3,2,2,0,1,0,0,0,0,0,4.2794E+20,5.93587E+21,7.91193E+15,5.35668E+16
132615,3.17081E+18,3,3,56,8,2017,8,13,2,3,4,6,0,1,0,0,1,0,0,4.84143E+20,5.89253E+21,8.76272E+15,5.31819E+16
132616,3.17081E+18,3,2,51,7,2017,8,22,2,3,7,7,0,0,0,1,1,2,1,4.81639E+20,5.8575E+21,8.72725E+15,5.28669E+16
132617,3.17081E+18,3,2,51,34,2017,8,16,2,3,5,3,1,1,0,0,0,0,0,4.95983E+20,5.83807E+21,8.94056E+15,5.26926E+16
132618,3.17081E+18,3,4,1,0,2017,8,15,2,3,2,6,0,1,0,0,0,0,0,4.76276E+20,5.87824E+21,8.64606E+15,5.30532E+16
132619,3.17081E+18,3,3,58,20,2017,8,12,2,3,6,7,1,0,1,0,0,0,0,5.41619E+20,5.83662E+21,9.61559E+15,5.26779E+16
132620,3.17081E+18,3,3,57,41,2017,8,22,2,3,2,6,1,1,0,0,0,2,0,5.3206E+20,5.89036E+21,9.47952E+15,5.31616E+16
132621,3.17081E+18,3,3,55,22,2017,8,18,2,3,3,2,0,1,0,1,0,0,0,5.98732E+20,5.89971E+21,1.04794E+16,5.32374E+16
132622,3.17081E+18,3,3,55,22,2017,8,9,2,3,5,7,0,1,0,0,1,0,0,5.94001E+20,5.90203E+21,1.04092E+16,5.32592E+16
132623,3.17081E+18,3,3,55,22,2017,8,8,2,3,5,2,1,1,0,0,0,0,0,5.93567E+20,5.90054E+21,1.04022E+16,5.32459E+16
132624,3.17081E+18,3,3,51,6,2017,8,18,2,2,4,2,0,1,0,0,1,0,0,5.73051E+20,5.83077E+21,1.00791E+16,5.2622E+16
132625,3.17081E+18,3,2,41,1,2017,8,9,2,3,1,7,1,1,0,0,0,0,0,5.50824E+20,5.80218E+21,9.74647E+15,5.23676E+16
132626,3.17081E+18,3,2,41,1,2017,8,7,2,3,6,6,1,0,1,0,0,0,0,5.50527E+20,5.80428E+21,9.74242E+15,5.23864E+16
132627,3.17081E+18,3,2,41,1,2017,8,20,2,2,0,7,1,0,0,0,0,2,0,5.51323E+20,5.80468E+21,9.75418E+15,5.23899E+16
132628,3.17081E+18,3,2,41,1,2017,8,17,2,2,5,2,1,1,0,0,0,0,0,5.51545E+20,5.79905E+21,9.75658E+15,5.23393E+16
132629,3.17081E+18,3,2,41,1,2017,8,16,2,2,0,7,0,0,0,0,1,0,0,5.48988E+20,5.80545E+21,9.71997E+15,5.23971E+16
132630,3.17081E+18,3,2,41,1,2017,8,11,2,3,5,3,0,1,0,0,0,0,0,5.4996E+20,5.80811E+21,9.73465E+15,5.24209E+16
132631,3.17081E+18,3,2,41,1,2017,8,13,2,3,6,4,0,1,1,0,0,0,0,5.5105E+20,5.80316E+21,9.74993E+15,5.23763E+16
132632,3.17081E+18,3,2,41,1,2017,8,13,2,2,6,4,0,1,1,0,0,0,0,5.55497E+20,5.80542E+21,9.81562E+15,5.23962E+16
132633,3.17081E+18,3,2,41,1,2017,8,10,2,3,5,2,1,1,0,0,0,0,0,5.47104E+20,5.80538E+21,9.69229E+15,5.23966E+16
132634,3.17081E+18,3,2,56,22,2017,8,7,2,3,4,2,0,1,0,1,0,0,0,5.14731E+20,5.83116E+21,9.21765E+15,5.26302E+16
132635,3.17081E+18,3,2,54,21,2017,8,16,2,3,2,6,0,1,0,0,0,0,0,5.64594E+20,5.77779E+21,9.94401E+15,5.21469E+16
132636,3.17081E+18,3,2,54,21,2017,8,17,2,3,0,7,0,1,0,0,1,0,0,5.65301E+20,5.77819E+21,9.95443E+15,5.21503E+16
132637,3.17081E+18,3,2,54,21,2017,8,16,2,3,3,6,0,1,0,1,1,0,0,5.6485E+20,5.77829E+21,9.94786E+15,5.21513E+16
132638,3.17081E+18,3,1,59,17,2017,8,6,2,3,9,7,0,0,0,1,0,0,0,5.44902E+20,5.69756E+21,9.64586E+15,5.14274E+16
132639,3.17081E+18,3,1,54,28,2017,8,7,2,3,4,2,0,1,0,0,0,0,0,6.36779E+20,5.78725E+21,1.10023E+16,5.22187E+16
132640,3.17081E+18,3,1,3,0,2017,8,22,2,3,5,3,1,1,0,0,0,2,0,6.22307E+20,5.81094E+21,1.07992E+16,5.24349E+16
132641,3.17081E+18,3,1,3,0,2017,8,17,2,3,0,2,0,1,0,0,1,0,0,6.21286E+20,5.80922E+21,1.07835E+16,5.24198E+16
132642,3.17081E+18,3,1,58,37,2017,8,14,2,3,2,6,0,1,0,0,0,0,0,6.04861E+20,5.77974E+21,1.05329E+16,5.21582E+16
132643,3.17081E+18,3,4,59,19,2017,8,15,1,3,5,3,0,1,0,1,0,0,0,4.36375E+20,5.78571E+21,8.06866E+15,5.22181E+16
132644,3.17081E+18,3,4,59,3,2017,8,14,1,3,6,6,0,1,1,0,0,0,0,4.53974E+20,5.79561E+21,8.3249E+15,5.23089E+16
132645,3.17081E+18,3,4,59,14,2017,8,6,1,3,5,3,1,1,0,0,0,0,0,4.30947E+20,5.80694E+21,7.98487E+15,5.24083E+16
132646,3.17081E+18,3,4,4,0,2017,8,17,1,3,5,3,0,1,0,0,0,0,0,4.36734E+20,5.79235E+21,8.07267E+15,5.22779E+16
132647,3.17081E+18,3,4,54,58,2017,8,18,1,3,5,3,0,0,0,0,1,0,0,3.97332E+20,5.86221E+21,7.47365E+15,5.28997E+16
132648,3.17081E+18,3,4,54,35,2017,8,11,1,3,5,3,1,1,0,0,0,0,0,3.85554E+20,5.84048E+21,7.30624E+15,5.27021E+16
132649,3.17081E+18,3,4,52,20,2017,8,17,1,3,5,3,1,0,0,0,0,0,0,3.78351E+20,5.95259E+21,7.15695E+15,5.37078E+16
132650,3.17081E+18,3,4,52,1,2017,8,15,1,3,5,3,1,1,0,0,0,0,0,4.01002E+20,5.92663E+21,7.50823E+15,5.34793E+16
132651,3.17081E+18,3,4,52,1,2017,8,4,1,3,6,7,0,1,1,0,0,2,1,3.99236E+20,5.92534E+21,7.48204E+15,5.34674E+16
132652,3.17081E+18,3,3,52,11,2017,8,0,1,2,6,4,0,1,1,0,0,2,0,4.79867E+20,5.96954E+21,8.69378E+15,5.3874E+16
132653,3.17081E+18,3,3,53,16,2017,8,22,1,3,3,1,1,1,0,0,0,2,0,5.67433E+20,5.90074E+21,1.00107E+16,5.32517E+16
132654,3.17081E+18,3,3,59,23,2017,8,14,1,2,1,5,0,1,0,1,0,0,0,5.3492E+20,5.91924E+21,9.52547E+15,5.3421E+16
132655,3.17081E+18,3,3,57,41,2017,8,22,1,3,0,1,1,0,0,0,0,2,0,5.33052E+20,5.88894E+21,9.4942E+15,5.31488E+16
132656,3.17081E+18,3,3,55,22,2017,8,16,1,3,2,6,0,1,0,0,0,0,0,5.94354E+20,5.90133E+21,1.04143E+16,5.32528E+16
132657,3.17081E+18,3,2,41,1,2017,8,17,1,3,0,1,1,0,0,0,0,0,0,5.47134E+20,5.79799E+21,9.69168E+15,5.23302E+16
132658,3.17081E+18,3,2,41,1,2017,8,12,1,3,0,7,1,1,0,0,0,0,0,5.45024E+20,5.80307E+21,9.66141E+15,5.2376E+16
132659,3.17081E+18,3,2,41,1,2017,8,18,1,3,0,1,1,0,0,0,0,0,0,5.51243E+20,5.8013E+21,9.75249E+15,5.23596E+16
132660,3.17081E+18,3,2,41,1,2017,8,19,1,3,0,7,0,0,1,0,1,0,0,5.50658E+20,5.8033E+21,9.74419E+15,5.23776E+16
132661,3.17081E+18,3,2,41,14,2017,8,13,1,2,0,1,1,0,0,0,0,0,0,5.44544E+20,5.79944E+21,9.65387E+15,5.23434E+16
132662,3.17081E+18,3,2,41,1,2017,8,5,1,3,0,3,1,0,0,0,1,0,0,5.51112E+20,5.80306E+21,9.75083E+15,5.23754E+16
132663,3.17081E+18,3,1,55,11,2017,8,15,1,3,5,3,0,0,0,1,1,0,0,5.64868E+20,5.73256E+21,9.93948E+15,5.17402E+16
132664,3.17081E+18,3,2,55,23,2017,8,19,1,3,3,5,1,1,0,0,0,0,0,5.31753E+20,5.7428E+21,9.46084E+15,5.18351E+16
132665,3.17081E+18,3,1,54,13,2017,8,18,1,3,7,1,0,1,0,0,0,0,0,6.23666E+20,5.79014E+21,1.08115E+16,5.22477E+16
132666,3.17081E+18,3,1,58,37,2017,8,16,1,3,5,2,0,1,0,1,0,0,0,6.07492E+20,5.78085E+21,1.05717E+16,5.21677E+16
132667,3.17081E+18,3,1,58,37,2017,8,12,1,2,5,3,1,0,0,1,0,0,0,6.0838E+20,5.78421E+21,1.05858E+16,5.21977E+16
132668,3.17081E+18,3,1,57,1,2017,8,14,1,3,5,3,1,1,0,0,0,0,0,5.80887E+20,5.80397E+21,1.01884E+16,5.238E+16
132669,3.17081E+18,3,1,1,0,2017,8,21,1,3,0,1,1,0,0,0,0,2,0,6.04913E+20,5.78899E+21,1.05365E+16,5.22413E+16
132670,3.17081E+18,3,1,1,0,2017,8,22,1,2,5,3,0,1,0,1,0,2,0,6.02626E+20,5.79153E+21,1.05038E+16,5.22646E+16
132671,3.17081E+18,3,1,1,0,2017,8,17,1,3,5,3,1,1,0,0,0,0,0,6.06556E+20,5.79313E+21,1.05619E+16,5.22782E+16
132672,3.17081E+18,3,1,1,0,2017,8,4,1,3,8,1,0,0,0,1,0,2,0,6.03497E+20,5.79093E+21,1.05164E+16,5.2259E+16
132673,3.17081E+18,3,4,4,0,2017,8,12,7,3,1,5,1,1,0,0,0,0,0,4.35002E+20,5.79095E+21,8.04755E+15,5.22651E+16
132674,3.17081E+18,3,4,54,41,2017,8,11,7,3,5,3,0,1,0,0,0,0,0,3.95245E+20,5.88166E+21,7.43633E+15,5.30741E+16
132675,3.17081E+18,3,4,56,15,2017,8,16,7,3,5,7,0,1,0,0,0,0,0,3.68046E+20,5.8135E+21,7.05801E+15,5.24558E+16
132676,3.17081E+18,3,4,56,15,2017,8,20,7,3,9,7,0,1,1,0,0,0,0,3.6956E+20,5.80827E+21,7.08232E+15,5.24091E+16
132677,3.17081E+18,3,4,54,45,2017,8,17,7,3,5,3,0,1,0,0,0,0,0,3.88716E+20,5.79588E+21,7.36792E+15,5.23019E+16
132678,3.17081E+18,3,4,53,13,2017,8,13,7,3,0,1,0,1,0,1,0,0,1,4.11554E+20,5.88449E+21,7.67892E+15,5.31026E+16
132679,3.17081E+18,3,4,1,0,2017,8,16,7,3,5,3,0,1,0,0,0,0,0,4.76022E+20,5.87368E+21,8.6426E+15,5.30121E+16
132680,3.17081E+18,3,3,53,26,2017,8,11,7,2,6,4,0,1,1,0,0,0,0,5.5311E+20,5.92432E+21,9.80002E+15,5.34652E+16
132681,3.17081E+18,3,3,53,5,2017,8,10,7,3,0,2,1,1,0,0,0,0,0,5.5838E+20,5.909E+21,9.87655E+15,5.33269E+16
132682,3.17081E+18,3,3,60,25,2017,8,10,7,3,2,7,0,1,0,0,0,0,0,6.04748E+20,5.87023E+21,1.05598E+16,5.29714E+16
132683,3.17082E+18,3,2,41,5,2017,8,22,7,3,5,3,0,1,0,0,0,2,0,5.39992E+20,5.80761E+21,9.58803E+15,5.24172E+16
132684,3.17082E+18,3,2,41,5,2017,8,11,7,2,5,3,1,1,0,0,0,0,0,5.41488E+20,5.80751E+21,9.61001E+15,5.24163E+16
132685,3.17082E+18,3,2,41,11,2017,8,18,7,3,2,6,0,1,0,0,0,0,0,5.69057E+20,5.80409E+21,1.00146E+16,5.23827E+16
132686,3.17082E+18,3,2,41,10,2017,8,15,7,3,5,3,1,1,0,0,0,0,0,5.50506E+20,5.81025E+21,9.74301E+15,5.24401E+16
132687,3.17082E+18,3,1,55,10,2017,8,20,7,3,1,1,0,1,0,0,1,2,1,5.6529E+20,5.71963E+21,9.94317E+15,5.16239E+16
132688,3.17082E+18,3,2,54,2,2017,8,18,7,3,0,7,0,0,0,1,0,0,1,5.56185E+20,5.75919E+21,9.81808E+15,5.19805E+16
132689,3.17082E+18,3,2,55,15,2017,8,16,7,3,0,7,0,0,0,1,1,0,0,5.37532E+20,5.75009E+21,9.54551E+15,5.19003E+16
132690,3.17082E+18,3,2,52,7,2017,8,16,7,3,0,3,1,1,0,0,0,0,0,5.16763E+20,5.77955E+21,9.24509E+15,5.21662E+16
132691,3.17082E+18,3,1,1,0,2017,8,22,7,2,8,1,1,1,0,0,0,2,0,6.04336E+20,5.79161E+21,1.05289E+16,5.2265E+16
132692,3.17082E+18,3,4,59,3,2017,8,17,6,3,4,6,0,1,0,1,0,0,1,4.6085E+20,5.79534E+21,8.42578E+15,5.2307E+16
132693,3.17082E+18,3,2,41,1,2017,8,9,7,3,5,7,0,1,0,0,0,0,0,5.49016E+20,5.80221E+21,9.71991E+15,5.23679E+16
132694,3.17082E+18,3,2,41,1,2017,8,9,7,3,4,2,0,1,0,0,0,0,0,5.56452E+20,5.79986E+21,9.82872E+15,5.23462E+16
132695,3.17082E+18,3,2,41,1,2017,8,19,7,3,5,3,0,1,0,0,0,0,0,5.49017E+20,5.80548E+21,9.72041E+15,5.23974E+16
132696,3.17082E+18,3,2,41,1,2017,8,19,7,3,2,6,0,1,0,0,0,0,0,5.5066E+20,5.80525E+21,9.74451E+15,5.23951E+16
132697,3.17082E+18,3,4,59,10,2017,8,13,6,3,5,3,1,1,0,0,0,0,0,4.28416E+20,5.82198E+21,7.94442E+15,5.25432E+16
132698,3.17082E+18,3,4,4,0,2017,8,21,6,3,4,6,0,1,0,0,0,2,1,4.31428E+20,5.79639E+21,7.99408E+15,5.23135E+16
132699,3.17082E+18,3,4,2,0,2017,8,11,6,3,1,2,0,1,0,1,0,0,0,3.80376E+20,5.91457E+21,7.20216E+15,5.33667E+16
132700,3.17082E+18,3,4,54,41,2017,8,10,6,3,2,2,0,1,0,0,0,0,0,3.93116E+20,5.88194E+21,7.40446E+15,5.30762E+16
132701,3.17082E+18,3,4,54,10,2017,8,18,6,3,4,2,0,1,0,0,0,0,1,3.84396E+20,5.80615E+21,7.30106E+15,5.23934E+16
132702,3.17082E+18,3,4,52,19,2017,8,13,6,3,2,6,1,0,0,0,0,0,0,3.80566E+20,5.94109E+21,7.19492E+15,5.3605E+16
132703,3.17082E+18,3,4,55,15,2017,8,12,6,2,5,2,1,1,0,0,0,0,0,4.3029E+20,5.93276E+21,7.9481E+15,5.35391E+16
132704,3.17082E+18,3,4,3,0,2017,8,17,6,3,5,3,0,1,0,0,0,0,1,4.4846E+20,5.8926E+21,8.22879E+15,5.31802E+16
132705,3.17082E+18,3,4,3,0,2017,8,18,6,3,5,3,1,1,0,0,0,0,1,4.4822E+20,5.88879E+21,8.22582E+15,5.31459E+16
132706,3.17082E+18,3,4,3,0,2017,8,12,6,2,0,7,1,0,0,0,0,0,0,4.46348E+20,5.89241E+21,8.19722E+15,5.31783E+16
132707,3.17082E+18,3,4,3,0,2017,8,10,6,3,3,6,1,0,0,0,0,0,0,4.45218E+20,5.88796E+21,8.18108E+15,5.31382E+16
132708,3.17082E+18,3,2,51,37,2017,8,7,6,3,5,3,1,1,0,0,0,0,0,4.85063E+20,5.87237E+21,8.77742E+15,5.30007E+16
132709,3.17082E+18,3,3,52,46,2017,8,10,6,3,5,2,1,1,0,0,0,0,0,4.89815E+20,5.9607E+21,8.84537E+15,5.37948E+16
132710,3.17082E+18,3,3,53,18,2017,8,7,6,3,5,3,0,1,0,0,0,0,1,5.42642E+20,5.90723E+21,9.64004E+15,5.33125E+16
132711,3.17082E+18,3,3,51,6,2017,8,12,6,3,0,7,1,1,0,0,0,0,1,5.72461E+20,5.82974E+21,1.00702E+16,5.26128E+16
132712,3.17082E+18,3,2,41,1,2017,8,21,6,3,2,2,0,1,0,0,0,2,1,5.44527E+20,5.8066E+21,9.65457E+15,5.24078E+16
132713,3.17082E+18,3,2,41,1,2017,8,9,6,3,2,6,0,1,0,0,0,0,0,5.4702E+20,5.79984E+21,9.69027E+15,5.23469E+16
132714,3.17082E+18,3,2,41,1,2017,8,7,6,3,0,1,1,0,0,0,0,0,0,5.53318E+20,5.79953E+21,9.78267E+15,5.23435E+16
132715,3.17082E+18,3,2,41,1,2017,8,10,6,3,5,3,0,1,0,0,0,0,1,5.52612E+20,5.80695E+21,9.77347E+15,5.24102E+16
132716,3.17082E+18,3,2,41,21,2017,8,17,6,3,5,3,1,1,0,0,0,0,0,5.30532E+20,5.80752E+21,9.44893E+15,5.24171E+16
132717,3.17082E+18,3,2,41,21,2017,8,10,6,3,0,1,1,0,0,0,0,0,1,5.31675E+20,5.80856E+21,9.46583E+15,5.24264E+16
132718,3.17082E+18,3,2,41,5,2017,8,13,6,3,0,1,0,0,0,1,0,0,1,5.41499E+20,5.8075E+21,9.61018E+15,5.24162E+16
132719,3.17082E+18,3,2,41,3,2017,8,17,6,3,5,2,1,1,0,0,0,0,1,5.69187E+20,5.81E+21,1.00177E+16,5.24358E+16
132720,3.17082E+18,3,2,41,1,2017,8,17,6,3,0,1,1,0,0,0,0,0,1,5.56874E+20,5.79902E+21,9.83477E+15,5.23385E+16
132721,3.17082E+18,3,2,41,1,2017,8,13,6,3,0,1,1,0,0,0,0,0,1,5.50475E+20,5.80235E+21,9.74137E+15,5.23691E+16
132722,3.17082E+18,3,2,41,1,2017,8,14,6,3,1,5,0,1,0,0,0,0,0,5.54391E+20,5.80717E+21,9.79966E+15,5.24121E+16
132723,3.17082E+18,3,2,56,32,2017,8,11,6,3,5,3,1,0,0,0,1,0,1,5.05085E+20,5.81896E+21,9.07494E+15,5.25208E+16
132724,3.17082E+18,3,1,59,16,2017,8,13,6,3,2,6,0,1,0,0,0,0,0,5.61759E+20,5.70901E+21,9.89031E+15,5.15288E+16
132725,3.17082E+18,3,1,54,28,2017,8,14,6,2,2,2,0,1,0,0,0,0,1,6.36432E+20,5.78841E+21,1.09977E+16,5.22292E+16
132726,3.17082E+18,3,1,3,0,2017,8,9,6,3,2,6,0,1,0,0,0,0,0,6.22422E+20,5.81226E+21,1.08013E+16,5.24468E+16
132727,3.17082E+18,3,1,57,8,2017,8,18,6,3,5,3,1,1,0,0,0,0,1,5.94686E+20,5.79809E+21,1.03894E+16,5.23249E+16
132728,3.17082E+18,3,1,57,6,2017,8,5,6,3,6,6,1,0,1,0,0,2,0,5.84478E+20,5.79984E+21,1.02401E+16,5.23423E+16
132729,3.17082E+18,3,1,53,12,2017,8,13,6,2,5,3,1,1,0,0,0,0,1,5.80691E+20,5.74938E+21,1.01725E+16,5.18893E+16
132730,3.17082E+18,3,1,53,2,2017,8,14,6,3,5,3,0,1,0,0,0,0,1,6.07873E+20,5.74897E+21,1.05672E+16,5.1881E+16
132731,3.17082E+18,3,1,51,16,2017,8,12,6,3,4,2,1,1,0,0,0,0,1,6.04068E+20,5.7989E+21,1.05272E+16,5.23306E+16
132732,3.17082E+18,3,1,1,0,2017,8,16,6,3,5,3,1,1,0,0,0,0,1,6.05565E+20,5.79178E+21,1.0547E+16,5.22663E+16
132733,3.17082E+18,3,1,1,0,2017,8,17,6,2,0,1,1,0,0,0,0,0,1,6.03979E+20,5.79232E+21,1.05239E+16,5.22714E+16
132734,3.17082E+18,3,1,1,0,2017,8,11,6,3,0,3,1,1,0,0,0,0,1,6.03804E+20,5.79352E+21,1.05217E+16,5.22823E+16
132735,3.17082E+18,3,4,59,8,2017,8,16,5,3,2,2,0,1,0,0,0,0,1,4.40236E+20,5.79519E+21,8.1235E+15,5.23038E+16
132736,3.17082E+18,3,4,59,21,2017,8,18,5,3,2,6,0,1,0,1,0,0,0,4.27762E+20,5.79084E+21,7.9415E+15,5.22632E+16
132737,3.17082E+18,3,4,59,22,2017,8,3,5,2,0,7,0,0,0,1,0,2,0,4.44376E+20,5.78387E+21,8.18606E+15,5.22025E+16
132738,3.17082E+18,3,4,4,0,2017,8,12,5,3,5,3,0,1,0,0,0,0,0,4.34581E+20,5.79145E+21,8.04129E+15,5.22695E+16
132739,3.17082E+18,3,4,4,0,2017,8,6,5,3,0,5,1,1,0,0,0,0,0,4.35137E+20,5.79098E+21,8.04952E+15,5.22654E+16
132740,3.17082E+18,3,4,2,0,2017,8,14,5,3,6,6,0,1,1,0,0,0,1,3.80501E+20,5.91494E+21,7.20389E+15,5.337E+16
132741,3.17082E+18,3,4,57,13,2017,8,17,5,2,5,3,0,1,0,1,0,0,1,4.00833E+20,5.9005E+21,7.51387E+15,5.32445E+16
132742,3.17082E+18,3,4,54,41,2017,8,13,5,3,5,3,0,1,0,1,0,0,1,3.89115E+20,5.88125E+21,7.34502E+15,5.30692E+16
132743,3.17082E+18,3,4,54,41,2017,8,15,5,3,5,2,1,1,0,0,0,0,1,3.91798E+20,5.88285E+21,7.3845E+15,5.30842E+16
132744,3.17082E+18,3,4,54,19,2017,8,7,5,3,4,2,1,1,0,0,0,0,0,3.97478E+20,5.83741E+21,7.48359E+15,5.26769E+16
132745,3.17082E+18,3,4,62,19,2017,8,15,5,3,2,6,0,1,0,0,0,0,1,4.19362E+20,5.93735E+21,7.78205E+15,5.35788E+16
132746,3.17082E+18,3,4,52,15,2017,8,12,5,3,5,3,0,1,0,0,0,0,1,3.89547E+20,5.93481E+21,7.33281E+15,5.35505E+16
132747,3.17082E+18,3,4,52,20,2017,8,14,5,3,0,7,1,0,0,0,0,0,1,3.79315E+20,5.95324E+21,7.17129E+15,5.37139E+16
132748,3.17082E+18,3,4,52,19,2017,8,13,5,3,5,3,1,0,1,0,0,0,0,3.80673E+20,5.93957E+21,7.19711E+15,5.35914E+16
132749,3.17082E+18,3,4,53,4,2017,8,9,5,3,5,3,1,1,0,0,0,0,0,4.36335E+20,5.85519E+21,8.05476E+15,5.28427E+16
132750,3.17082E+18,3,4,5,0,2017,8,16,5,2,5,3,1,1,0,0,0,0,1,4.41369E+20,5.93246E+21,8.11531E+15,5.35377E+16
132751,3.17082E+18,3,4,5,0,2017,8,16,5,3,5,3,1,1,0,0,0,0,1,4.41337E+20,5.93193E+21,8.11492E+15,5.3533E+16
132752,3.17082E+18,3,4,5,0,2017,8,11,5,3,5,7,1,1,0,0,0,0,0,4.41861E+20,5.93042E+21,8.12312E+15,5.35195E+16
132753,3.17082E+18,3,4,3,0,2017,8,18,5,3,8,6,0,1,0,1,0,0,1,4.49512E+20,5.88834E+21,8.24521E+15,5.31421E+16
132754,3.17082E+18,3,4,3,0,2017,8,9,5,3,8,7,0,1,0,0,0,0,0,4.48454E+20,5.89331E+21,8.22858E+15,5.31866E+16
132755,3.17082E+18,3,2,51,7,2017,8,14,5,2,3,5,0,1,0,0,0,0,1,4.81632E+20,5.85772E+21,8.72713E+15,5.28689E+16
132756,3.17082E+18,3,2,51,7,2017,8,14,5,2,5,2,0,1,0,0,0,0,1,4.8259E+20,5.85524E+21,8.74149E+15,5.28466E+16
132757,3.17082E+18,3,4,61,2,2017,8,16,5,3,2,6,0,1,0,0,0,0,1,4.64003E+20,5.90935E+21,8.45945E+15,5.33321E+16
132758,3.17082E+18,3,3,52,62,2017,8,13,5,3,0,3,1,1,0,0,0,0,1,4.7301E+20,5.93922E+21,8.59214E+15,5.36011E+16
132759,3.17082E+18,3,3,52,46,2017,8,13,5,3,1,2,0,1,0,1,0,0,0,4.93807E+20,5.96168E+21,8.90597E+15,5.38036E+16
132760,3.17082E+18,3,3,59,38,2017,8,9,5,3,1,5,0,1,0,0,1,0,0,5.32087E+20,5.93933E+21,9.4849E+15,5.36018E+16
132761,3.17082E+18,3,3,55,22,2017,8,15,5,3,2,6,0,1,0,0,0,0,1,5.94158E+20,5.90202E+21,1.04115E+16,5.3259E+16
132762,3.17082E+18,3,2,41,1,2017,8,14,5,3,6,4,0,1,1,0,0,0,0,5.50715E+20,5.80105E+21,9.74469E+15,5.23574E+16
132763,3.17082E+18,3,2,41,1,2017,8,15,5,3,5,2,1,1,0,0,0,0,1,5.53645E+20,5.7981E+21,9.78724E+15,5.23306E+16
132764,3.17082E+18,3,2,41,1,2017,8,14,5,3,2,6,0,1,0,0,0,0,0,5.50675E+20,5.80414E+21,9.74457E+15,5.23852E+16
132765,3.17082E+18,3,2,41,1,2017,8,12,5,3,3,2,1,1,0,0,0,0,0,5.50469E+20,5.80261E+21,9.74132E+15,5.23714E+16
132766,3.17082E+18,3,2,41,17,2017,8,15,5,3,6,2,0,1,1,0,0,0,0,5.38157E+20,5.7845E+21,9.55844E+15,5.22097E+16
132767,3.17082E+18,3,2,41,5,2017,8,15,5,3,6,4,1,0,1,0,0,0,0,5.40486E+20,5.80866E+21,9.59542E+15,5.24267E+16
132768,3.17082E+18,3,2,41,5,2017,8,21,5,3,2,6,0,1,0,0,0,2,1,5.41524E+20,5.80751E+21,9.61054E+15,5.24163E+16
132769,3.17082E+18,3,2,41,11,2017,8,5,5,3,2,6,0,1,0,1,0,2,0,5.65447E+20,5.80478E+21,9.96171E+15,5.23894E+16
132770,3.17082E+18,3,2,41,4,2017,8,20,5,3,0,1,0,0,0,1,0,2,1,5.5825E+20,5.81609E+21,9.85795E+15,5.24918E+16
132771,3.17082E+18,3,2,41,3,2017,8,20,5,3,5,3,1,1,0,0,0,2,1,5.68245E+20,5.81111E+21,1.00041E+16,5.24459E+16
132772,3.17082E+18,3,2,41,1,2017,8,17,5,3,5,3,1,1,0,0,0,0,0,5.50337E+20,5.80285E+21,9.73941E+15,5.23736E+16
132773,3.17082E+18,3,2,41,1,2017,8,14,5,3,5,3,0,1,0,0,0,0,0,5.52095E+20,5.80337E+21,9.76531E+15,5.23781E+16
132774,3.17082E+18,3,2,41,1,2017,8,7,5,3,6,6,1,0,1,0,0,0,0,5.50489E+20,5.80134E+21,9.74142E+15,5.23601E+16
132775,3.17082E+18,3,2,56,22,2017,8,13,5,3,4,6,0,1,0,0,1,0,0,5.15677E+20,5.83445E+21,9.23178E+15,5.26598E+16
132776,3.17082E+18,3,2,54,14,2017,8,13,5,3,5,3,0,1,0,1,0,0,0,5.50388E+20,5.77469E+21,9.73596E+15,5.21204E+16