OBJECTID,UIDENTSTLA,ULAND,UREGBEZ,UKREIS,UGEMEINDE,UJAHR,UMONAT,USTUNDE,UWOCHENTAG,UKATEGORIE,UART,UTYP1,IstRad,IstPKW,IstFuss,IstKrad,IstSonstig,LICHT,STRZUSTAND,LINREFX,LINREFY,XGCSWGS84,YGCSWGS84
132777,3.17082E+18,3,2,54,8,2017,8,18,5,3,1,5,0,1,0,0,0,0,1,5.77307E+20,5.7625E+21,1.01263E+16,5.20077E+16
132778,3.17082E+18,3,2,54,21,2017,8,15,5,3,3,2,1,1,0,0,0,0,0,5.6485E+20,5.77829E+21,9.94786E+15,5.21513E+16
132779,3.17082E+18,3,1,59,16,2017,8,16,5,3,5,3,1,1,0,0,0,0,0,5.64863E+20,5.71066E+21,9.93536E+15,5.15433E+16
132780,3.17082E+18,3,1,54,28,2017,8,14,5,3,5,3,0,1,0,0,0,0,0,6.36551E+20,5.78943E+21,1.09998E+16,5.22383E+16
132781,3.17082E+18,3,1,53,12,2017,8,12,5,3,5,3,0,1,0,0,0,0,0,5.80743E+20,5.74958E+21,1.01733E+16,5.18911E+16
132782,3.17082E+18,3,1,53,17,2017,8,19,5,3,0,2,0,1,0,1,0,0,1,5.99673E+20,5.75397E+21,1.04496E+16,5.19275E+16
132783,3.17082E+18,3,1,1,0,2017,8,16,5,3,5,3,1,1,0,0,0,0,0,6.03289E+20,5.79755E+21,1.05154E+16,5.23185E+16
132784,3.17082E+18,3,1,1,0,2017,8,11,5,3,8,1,0,1,0,0,0,0,0,6.0529E+20,5.79008E+21,1.05424E+16,5.2251E+16
132785,3.17082E+18,3,1,1,0,2017,8,6,5,2,5,3,1,1,0,0,0,0,0,6.05039E+20,5.79649E+21,1.05407E+16,5.23086E+16
132786,3.17082E+18,3,4,59,24,2017,8,17,4,3,5,2,1,0,0,0,0,0,0,4.54737E+20,5.78366E+21,8.33769E+15,5.22016E+16
132787,3.17082E+18,3,4,59,15,2017,8,17,4,3,2,6,0,1,0,0,0,0,0,4.44981E+20,5.77302E+21,8.19668E+15,5.21049E+16
132788,3.17082E+18,3,4,4,0,2017,8,15,4,3,1,5,1,1,0,0,0,0,0,4.33349E+20,5.78798E+21,8.02393E+15,5.22382E+16
132789,3.17082E+18,3,4,54,41,2017,8,11,4,1,5,3,1,1,0,0,0,0,0,3.91523E+20,5.88268E+21,7.38045E+15,5.30826E+16
132790,3.17082E+18,3,4,54,41,2017,8,17,4,3,5,2,1,1,0,0,0,0,0,3.9219E+20,5.88363E+21,7.39008E+15,5.30912E+16
132791,3.17082E+18,3,4,54,41,2017,8,13,4,3,2,2,0,1,0,0,0,0,0,3.91728E+20,5.88315E+21,7.38335E+15,5.30868E+16
132792,3.17082E+18,3,4,54,41,2017,8,13,4,3,2,6,0,1,0,0,0,0,0,3.88662E+20,5.87947E+21,7.33887E+15,5.30531E+16
132793,3.17082E+18,3,4,56,25,2017,8,17,4,3,9,1,1,0,0,0,0,0,0,3.79912E+20,5.819E+21,7.23057E+15,5.25079E+16
132794,3.17082E+18,3,4,56,15,2017,8,13,4,3,3,2,1,1,0,0,0,0,0,3.68066E+20,5.80983E+21,7.05976E+15,5.24227E+16
132795,3.17082E+18,3,4,56,15,2017,8,6,4,3,0,3,0,1,0,0,1,1,1,3.71321E+20,5.81054E+21,7.10733E+15,5.24299E+16
132796,3.17082E+18,3,4,54,45,2017,8,17,4,3,7,7,1,0,0,0,1,0,0,3.87768E+20,5.79705E+21,7.35363E+15,5.23123E+16
132797,3.17082E+18,3,4,52,23,2017,8,6,4,3,5,3,1,1,0,0,0,0,0,3.89518E+20,5.92719E+21,7.33505E+15,5.34821E+16
132798,3.17082E+18,3,4,53,13,2017,8,12,4,3,5,3,0,1,0,1,0,0,0,4.10805E+20,5.88833E+21,7.66667E+15,5.31369E+16
132799,3.17082E+18,3,4,60,10,2017,8,15,4,2,2,6,0,1,0,1,0,0,0,4.53487E+20,5.85318E+21,8.30967E+15,5.28264E+16
132800,3.17082E+18,3,4,55,7,2017,8,16,4,3,5,3,1,1,0,0,0,0,0,4.27964E+20,5.9358E+21,7.9123E+15,5.35662E+16
132801,3.17082E+18,3,4,3,0,2017,8,15,4,3,1,5,1,1,0,0,0,0,0,4.46861E+20,5.88827E+21,8.20558E+15,5.31412E+16
132802,3.17082E+18,3,2,51,47,2017,8,17,4,3,5,3,1,0,0,0,0,0,0,4.8613E+20,5.87123E+21,8.79337E+15,5.29905E+16
132803,3.17082E+18,3,2,51,12,2017,8,13,4,3,5,3,1,1,0,0,0,0,0,4.57043E+20,5.82862E+21,8.36566E+15,5.26059E+16
132804,3.17082E+18,3,4,1,0,2017,8,9,4,3,5,3,0,1,0,0,0,0,0,4.75544E+20,5.87818E+21,8.63514E+15,5.30525E+16
132805,3.17082E+18,3,3,52,61,2017,8,16,4,2,9,1,0,0,0,1,0,0,0,4.70232E+20,5.95879E+21,8.54829E+15,5.37769E+16
132806,3.17082E+18,3,3,58,16,2017,8,16,4,3,5,5,0,1,0,1,0,0,0,5.7451E+20,5.87142E+21,1.01099E+16,5.29872E+16
132807,3.17082E+18,3,3,51,6,2017,8,11,4,3,0,1,1,0,0,0,0,0,0,5.73516E+20,5.83046E+21,1.00859E+16,5.26192E+16
132808,3.17082E+18,3,2,41,1,2017,8,11,4,3,5,3,1,1,0,0,0,0,0,5.51491E+20,5.79942E+21,9.75584E+15,5.23426E+16
132809,3.17082E+18,3,2,41,1,2017,8,11,4,3,1,5,1,1,0,0,0,0,0,5.50202E+20,5.80268E+21,9.7374E+15,5.23721E+16
132810,3.17082E+18,3,2,41,11,2017,8,11,4,3,2,2,0,1,0,0,0,0,0,5.65697E+20,5.80205E+21,9.96484E+15,5.23648E+16
132811,3.17082E+18,3,2,41,10,2017,8,11,4,3,1,5,0,1,0,1,0,0,0,5.50004E+20,5.81029E+21,9.73563E+15,5.24405E+16
132812,3.17082E+18,3,2,41,3,2017,8,15,4,3,4,6,1,0,0,0,0,0,0,5.68041E+20,5.8111E+21,1.00011E+16,5.24458E+16
132813,3.17082E+18,3,2,41,1,2017,8,13,4,3,4,6,1,0,0,0,0,0,0,5.50353E+20,5.8028E+21,9.73964E+15,5.23732E+16
132814,3.17082E+18,3,2,41,17,2017,8,8,4,3,0,7,0,1,0,0,0,0,0,5.37534E+20,5.78468E+21,9.54933E+15,5.22113E+16
132815,3.17082E+18,3,2,41,1,2017,8,23,4,2,6,4,0,0,1,0,1,2,0,5.45145E+20,5.80691E+21,9.6637E+15,5.24106E+16
132816,3.17082E+18,3,2,41,1,2017,8,16,4,3,5,3,1,1,0,0,0,0,0,5.50105E+20,5.80343E+21,9.73609E+15,5.23789E+16
132817,3.17082E+18,3,2,57,31,2017,8,15,4,3,4,1,1,1,0,0,0,0,0,5.07504E+20,5.78305E+21,9.1098E+15,5.21979E+16
132818,3.17082E+18,3,2,56,22,2017,8,10,4,3,5,3,1,0,0,0,0,0,0,5.14707E+20,5.83298E+21,9.21738E+15,5.26466E+16
132819,3.17082E+18,3,2,54,21,2017,8,20,4,3,2,6,0,1,0,0,0,1,0,5.63803E+20,5.778E+21,9.93249E+15,5.21488E+16
132820,3.17082E+18,3,2,54,21,2017,8,19,4,3,1,7,0,1,0,1,0,0,0,5.65174E+20,5.77815E+21,9.95255E+15,5.215E+16
132821,3.17082E+18,3,1,59,16,2017,8,22,4,2,0,1,0,0,0,1,0,2,0,5.63175E+20,5.71075E+21,9.91103E+15,5.15443E+16
132822,3.17082E+18,3,1,57,6,2017,8,15,4,3,1,5,1,1,0,0,0,0,0,5.89052E+20,5.79583E+21,1.03061E+16,5.23056E+16
132823,3.17082E+18,3,1,1,0,2017,8,15,4,3,2,2,0,1,0,0,0,0,0,6.04229E+20,5.79354E+21,1.05279E+16,5.22823E+16
132824,3.17082E+18,3,1,1,0,2017,8,12,4,3,4,2,1,1,0,0,0,0,0,6.04103E+20,5.79124E+21,1.05254E+16,5.22617E+16
132825,3.17082E+18,3,4,59,24,2017,8,10,3,3,0,7,1,0,0,0,0,0,0,4.6098E+20,5.77779E+21,8.42971E+15,5.21493E+16
132826,3.17082E+18,3,4,4,0,2017,8,14,3,3,0,1,0,1,0,0,0,0,0,4.34922E+20,5.79572E+21,8.04546E+15,5.2308E+16
132827,3.17082E+18,3,4,4,0,2017,8,12,3,3,4,2,1,1,0,0,0,0,0,4.35301E+20,5.79434E+21,8.05128E+15,5.22956E+16
132828,3.17082E+18,3,4,57,18,2017,8,16,3,3,9,7,1,1,0,0,0,0,0,4.01272E+20,5.8852E+21,7.52517E+15,5.31071E+16
132829,3.17082E+18,3,4,54,41,2017,8,7,3,3,5,2,1,1,0,0,0,0,0,3.9342E+20,5.88227E+21,7.4089E+15,5.30793E+16
132830,3.17082E+18,3,4,56,15,2017,8,7,3,3,4,6,0,1,0,0,1,0,0,3.74032E+20,5.81412E+21,7.14583E+15,5.24627E+16
132831,3.17082E+18,3,4,54,45,2017,8,14,3,2,6,6,1,0,1,0,0,0,0,3.85806E+20,5.79684E+21,7.32493E+15,5.231E+16
132832,3.17082E+18,3,4,62,19,2017,8,7,3,3,5,3,1,1,0,0,0,0,0,4.18639E+20,5.93825E+21,7.7709E+15,5.35868E+16
132833,3.17082E+18,3,4,53,7,2017,8,18,3,3,0,1,0,1,0,0,0,0,1,4.22565E+20,5.88139E+21,7.8441E+15,5.30764E+16
132834,3.17082E+18,3,4,60,9,2017,8,16,3,3,5,3,1,1,0,0,0,0,0,4.52008E+20,5.84146E+21,8.28945E+15,5.27209E+16
132835,3.17082E+18,3,4,55,26,2017,8,16,3,3,6,6,0,1,1,0,0,0,0,4.44481E+20,5.91788E+21,8.16483E+15,5.34071E+16
132836,3.17082E+18,3,4,5,0,2017,8,17,3,3,2,6,0,1,0,1,0,0,0,4.38884E+20,5.93072E+21,8.07816E+15,5.35218E+16
132837,3.17082E+18,3,4,5,0,2017,8,17,3,3,5,2,0,1,0,0,0,0,0,4.40506E+20,5.9381E+21,8.10121E+15,5.35884E+16
132838,3.17082E+18,3,4,5,0,2017,8,11,3,3,9,1,0,1,0,0,0,0,0,4.41351E+20,5.92921E+21,8.11565E+15,5.35086E+16
132839,3.17082E+18,3,3,61,12,2017,8,7,3,3,0,1,1,0,0,0,0,0,0,5.15836E+20,5.86334E+21,9.23553E+15,5.29195E+16
132840,3.17082E+18,3,4,3,0,2017,8,13,3,3,5,3,0,1,0,0,0,0,0,4.45757E+20,5.88961E+21,8.18886E+15,5.31531E+16
132841,3.17082E+18,3,4,3,0,2017,8,9,3,3,3,6,1,0,0,1,0,0,0,4.47773E+20,5.88727E+21,8.21938E+15,5.31323E+16
132842,3.17082E+18,3,4,3,0,2017,8,9,3,3,4,5,1,1,0,0,0,0,0,4.46909E+20,5.88856E+21,8.20625E+15,5.31438E+16
132843,3.17082E+18,3,4,3,0,2017,8,7,3,3,2,6,1,1,0,0,0,0,0,4.46371E+20,5.89007E+21,8.19796E+15,5.31573E+16
132844,3.17082E+18,3,3,58,4,2017,8,15,3,2,4,6,0,1,0,1,0,0,0,5.42138E+20,5.86192E+21,9.62652E+15,5.29053E+16
132845,3.17082E+18,3,3,57,57,2017,8,19,3,3,7,7,0,1,0,0,0,1,1,5.17819E+20,5.90479E+21,9.26733E+15,5.32921E+16
132846,3.17082E+18,3,3,55,22,2017,8,19,3,2,5,3,1,0,0,0,0,0,0,5.92666E+20,5.9007E+21,1.03888E+16,5.32475E+16
132847,3.17082E+18,3,3,51,6,2017,8,13,3,3,3,6,1,1,0,0,0,0,0,5.73794E+20,5.83053E+21,1.00901E+16,5.26198E+16
132848,3.17082E+18,3,2,41,1,2017,8,16,3,3,3,6,0,1,0,0,0,0,0,5.49E+20,5.80216E+21,9.71968E+15,5.23675E+16
132849,3.17082E+18,3,2,41,1,2017,8,18,3,3,1,5,1,1,0,0,0,0,0,5.49E+20,5.80209E+21,9.71966E+15,5.23669E+16
132850,3.17082E+18,3,2,41,1,2017,8,9,3,3,2,6,0,1,0,0,1,0,0,5.55737E+20,5.80585E+21,9.81922E+15,5.24E+16
132851,3.17082E+18,3,2,41,1,2017,8,22,3,3,0,1,0,0,0,1,0,2,1,5.53739E+20,5.80697E+21,9.79004E+15,5.24103E+16
132852,3.17082E+18,3,2,41,13,2017,8,10,3,3,5,3,1,1,0,0,0,0,0,5.52408E+20,5.7908E+21,9.76795E+15,5.22651E+16
132853,3.17082E+18,3,2,41,1,2017,8,23,3,3,1,7,1,1,0,0,0,2,0,5.50183E+20,5.8025E+21,9.73709E+15,5.23705E+16
132854,3.17082E+18,3,2,41,1,2017,8,21,3,3,6,4,0,1,1,0,0,2,1,5.48856E+20,5.79965E+21,9.7172E+15,5.2345E+16
132855,3.17082E+18,3,2,41,1,2017,8,15,3,3,4,7,0,1,0,0,0,0,0,5.55498E+20,5.80542E+21,9.81564E+15,5.23962E+16
132856,3.17082E+18,3,2,41,1,2017,8,7,3,3,0,7,1,0,0,0,0,0,0,5.55371E+20,5.80332E+21,9.81343E+15,5.23774E+16
132857,3.17082E+18,3,2,41,1,2017,8,7,3,3,5,3,0,1,0,0,0,0,0,5.49564E+20,5.80275E+21,9.72804E+15,5.23728E+16
132858,3.17082E+18,3,1,55,11,2017,8,14,3,3,4,6,0,1,0,0,0,0,0,5.67257E+20,5.72662E+21,9.97294E+15,5.16865E+16
132859,3.17082E+18,3,2,57,32,2017,8,18,3,2,6,4,0,1,1,0,0,0,0,5.24277E+20,5.79578E+21,9.35611E+15,5.23119E+16
132860,3.17082E+18,3,2,54,21,2017,8,12,3,3,1,5,1,1,0,0,0,0,0,5.66063E+20,5.77769E+21,9.96545E+15,5.21457E+16
132861,3.17082E+18,3,1,59,16,2017,8,21,3,2,2,6,0,0,0,1,0,2,0,5.64346E+20,5.71126E+21,9.928E+15,5.15488E+16
132862,3.17082E+18,3,1,59,16,2017,8,9,3,2,0,1,0,0,0,1,0,0,0,5.64472E+20,5.71005E+21,9.9296E+15,5.15379E+16
132863,3.17082E+18,3,1,59,16,2017,8,6,3,3,2,6,0,1,0,0,0,0,0,5.65469E+20,5.71255E+21,9.94443E+15,5.15603E+16
132864,3.17082E+18,3,1,54,13,2017,8,11,3,3,5,7,1,1,0,0,0,0,0,6.23196E+20,5.79061E+21,1.08048E+16,5.22521E+16
132865,3.17082E+18,3,1,3,0,2017,8,14,3,3,5,2,1,1,0,0,0,0,0,6.21752E+20,5.80932E+21,1.07904E+16,5.24205E+16
132866,3.17082E+18,3,1,58,37,2017,8,17,3,3,4,2,0,1,0,1,0,0,0,6.06556E+20,5.78174E+21,1.05583E+16,5.21758E+16
132867,3.17082E+18,3,1,57,9,2017,8,9,3,3,0,2,1,1,0,0,0,0,0,5.85665E+20,5.79026E+21,1.0255E+16,5.2256E+16
132868,3.17082E+18,3,1,51,9,2017,8,7,3,3,5,3,0,1,0,1,0,0,0,6.0361E+20,5.82006E+21,1.05271E+16,5.25207E+16
132869,3.17081E+18,3,4,59,24,2017,8,7,2,3,5,3,1,1,0,0,0,0,0,4.5508E+20,5.78354E+21,8.34273E+15,5.22005E+16
132870,3.17081E+18,3,4,59,19,2017,8,17,2,3,3,2,1,1,0,0,0,0,0,4.39478E+20,5.78415E+21,8.11436E+15,5.22044E+16
132871,3.17081E+18,3,4,59,29,2017,8,7,2,2,4,6,0,1,0,0,0,0,0,4.41593E+20,5.80345E+21,8.14196E+15,5.23782E+16
132872,3.17081E+18,3,4,59,17,2017,8,18,2,3,8,1,0,0,0,1,0,0,0,4.14779E+20,5.81952E+21,7.74402E+15,5.25191E+16
132873,3.17081E+18,3,4,4,0,2017,8,7,2,2,5,3,1,1,0,0,0,0,0,4.3206E+20,5.7985E+21,8.00293E+15,5.23326E+16
132874,3.17081E+18,3,4,2,0,2017,8,8,2,3,4,7,1,1,0,0,0,0,0,3.80341E+20,5.91459E+21,7.20162E+15,5.33668E+16
132875,3.17081E+18,3,4,54,47,2017,8,13,2,3,1,7,1,0,1,0,0,0,0,4.00218E+20,5.8554E+21,7.51862E+15,5.28391E+16
132876,3.17081E+18,3,4,54,41,2017,8,9,2,2,5,3,0,1,0,0,1,0,0,3.95777E+20,5.88181E+21,7.44422E+15,5.30756E+16
132877,3.17081E+18,3,4,56,26,2017,8,17,2,3,8,1,0,1,0,0,0,0,0,3.53805E+20,5.82245E+21,6.84465E+15,5.25325E+16
132878,3.17081E+18,3,4,56,15,2017,8,11,2,3,5,3,1,1,0,0,0,0,0,3.6839E+20,5.80945E+21,7.06466E+15,5.24194E+16
132879,3.17081E+18,3,4,54,32,2017,8,16,2,3,1,2,0,1,0,0,0,0,0,3.85879E+20,5.81943E+21,7.31829E+15,5.25131E+16
132880,3.17081E+18,3,4,52,19,2017,8,10,2,3,2,6,0,1,0,0,0,0,0,3.81209E+20,5.93975E+21,7.20514E+15,5.35931E+16
132881,3.17081E+18,3,4,53,4,2017,8,13,2,3,5,3,1,0,0,1,0,0,0,4.36212E+20,5.85626E+21,8.05272E+15,5.28523E+16
132882,3.17081E+18,3,4,5,0,2017,8,18,2,3,5,3,1,1,0,0,0,0,0,4.39036E+20,5.93206E+21,8.08018E+15,5.35339E+16
132883,3.17081E+18,3,3,56,5,2017,8,6,2,3,2,6,0,1,0,0,0,0,0,4.93503E+20,5.88993E+21,8.90283E+15,5.31587E+16
132884,3.17081E+18,3,3,61,12,2017,8,17,2,3,4,6,1,0,0,0,0,0,0,5.15316E+20,5.86336E+21,9.22779E+15,5.29196E+16
132885,3.17081E+18,3,4,51,8,2017,8,15,2,3,5,3,1,1,0,0,0,0,0,4.45356E+20,5.89356E+21,8.18218E+15,5.31886E+16
132886,3.17081E+18,3,4,3,0,2017,8,17,2,3,5,3,0,1,0,0,0,0,0,4.48611E+20,5.8916E+21,8.23122E+15,5.31713E+16
132887,3.17081E+18,3,4,3,0,2017,8,14,2,3,5,3,1,1,0,0,0,0,0,4.46009E+20,5.89239E+21,8.19216E+15,5.31781E+16
132888,3.17081E+18,3,4,3,0,2017,8,14,2,3,4,6,1,0,0,0,0,0,0,4.45223E+20,5.88779E+21,8.18118E+15,5.31367E+16
132889,3.17081E+18,3,4,3,0,2017,8,8,2,3,5,5,0,1,0,0,0,0,0,4.468E+20,5.88879E+21,8.20459E+15,5.31459E+16
132890,3.17081E+18,3,2,51,12,2017,8,7,2,3,5,3,1,1,0,0,0,0,0,4.58616E+20,5.83019E+21,8.3887E+15,5.26201E+16
132891,3.17081E+18,3,2,51,13,2017,8,14,2,3,5,7,0,1,1,0,0,0,0,4.60874E+20,5.83345E+21,8.42166E+15,5.26496E+16
132892,3.17081E+18,3,3,53,5,2017,8,15,2,3,5,3,1,1,0,0,0,0,0,5.59784E+20,5.91032E+21,9.89788E+15,5.33387E+16
132893,3.17081E+18,3,3,60,25,2017,8,21,2,3,1,5,1,1,0,0,0,2,0,6.03363E+20,5.87042E+21,1.05393E+16,5.29734E+16
132894,3.17081E+18,3,3,60,25,2017,8,11,2,2,5,3,0,1,0,0,0,0,0,6.06432E+20,5.8696E+21,1.05847E+16,5.29655E+16
132895,3.17081E+18,3,3,55,22,2017,8,12,2,3,5,3,1,1,0,0,0,0,0,5.93436E+20,5.90132E+21,1.04005E+16,5.32529E+16
132896,3.17081E+18,3,2,41,1,2017,8,17,2,3,5,2,0,1,0,0,0,0,0,5.47282E+20,5.80052E+21,9.69421E+15,5.23529E+16
132897,3.17081E+18,3,2,41,1,2017,8,15,2,3,2,6,0,1,0,0,1,0,0,5.51351E+20,5.79916E+21,9.75375E+15,5.23403E+16
132898,3.17081E+18,3,2,41,14,2017,8,9,2,3,1,5,1,1,0,0,0,0,0,5.4457E+20,5.79659E+21,9.65388E+15,5.23179E+16
132899,3.17081E+18,3,2,41,16,2017,8,16,2,3,0,3,0,0,0,0,1,0,0,5.63893E+20,5.79965E+21,9.9379E+15,5.23434E+16
132900,3.17081E+18,3,2,41,3,2017,8,7,2,3,5,3,1,0,0,1,0,0,0,5.68855E+20,5.81017E+21,1.00129E+16,5.24374E+16
132901,3.17081E+18,3,2,41,1,2017,8,16,2,2,5,3,0,0,0,1,1,0,0,5.59326E+20,5.80299E+21,9.87146E+15,5.23739E+16
132902,3.17081E+18,3,2,41,10,2017,8,14,2,2,5,3,1,0,0,0,1,0,0,5.51244E+20,5.80919E+21,9.7537E+15,5.24306E+16
132903,3.17081E+18,3,1,59,3,2017,8,16,2,3,1,5,0,0,0,0,1,0,0,5.98112E+20,5.71926E+21,1.04171E+16,5.16158E+16
132904,3.17081E+18,3,2,54,21,2017,8,18,2,3,1,1,1,1,0,0,0,0,0,5.65124E+20,5.7795E+21,9.95209E+15,5.21621E+16
132905,3.17081E+18,3,2,52,6,2017,8,6,2,3,5,3,1,1,0,0,0,0,0,5.24697E+20,5.77248E+21,9.36057E+15,5.21023E+16
132906,3.17081E+18,3,1,59,16,2017,8,13,2,3,5,3,1,1,0,0,0,0,0,5.63187E+20,5.71114E+21,9.91126E+15,5.15478E+16
132907,3.17081E+18,3,1,57,6,2017,8,13,2,3,5,3,1,1,0,0,0,0,0,5.8081E+20,5.79855E+21,1.01859E+16,5.23313E+16
132908,3.17081E+18,3,1,2,0,2017,8,17,2,3,0,3,1,1,0,0,0,0,0,5.91264E+20,5.78036E+21,1.03344E+16,5.21661E+16
132909,3.17081E+18,3,1,53,17,2017,8,7,2,3,5,2,1,1,0,0,0,0,0,5.98067E+20,5.75371E+21,1.04262E+16,5.19255E+16
132910,3.17081E+18,3,1,51,9,2017,8,9,2,2,4,2,0,1,0,1,0,0,0,6.05362E+20,5.81492E+21,1.05512E+16,5.24742E+16
132911,3.17081E+18,3,4,59,15,2017,8,19,1,1,5,3,0,0,0,1,1,0,0,4.45983E+20,5.77282E+21,8.21134E+15,5.21033E+16
132912,3.17081E+18,3,4,59,31,2017,8,15,1,1,5,3,0,1,0,0,1,0,0,4.34088E+20,5.81637E+21,8.02917E+15,5.24935E+16
132913,3.17081E+18,3,4,4,0,2017,8,19,1,3,5,2,1,1,0,0,0,0,0,4.36763E+20,5.79018E+21,8.07351E+15,5.22584E+16
132914,3.17081E+18,3,4,4,0,2017,8,1,1,2,0,1,1,0,0,0,0,2,0,4.36103E+20,5.79184E+21,8.06352E+15,5.22732E+16
132915,3.17081E+18,3,4,56,15,2017,8,1,1,2,1,5,1,1,0,0,0,2,0,3.68566E+20,5.81032E+21,7.06691E+15,5.24273E+16
132916,3.17081E+18,3,4,54,45,2017,8,19,1,2,8,7,0,1,0,0,0,0,0,3.88895E+20,5.79715E+21,7.37012E+15,5.23134E+16
132917,3.17081E+18,3,4,60,6,2017,8,12,1,3,5,3,1,1,0,0,0,0,1,4.4853E+20,5.83526E+21,8.23893E+15,5.26648E+16
132918,3.17081E+18,3,4,55,27,2017,8,23,1,3,0,6,0,1,1,0,0,2,0,4.31724E+20,5.91987E+21,7.97253E+15,5.34235E+16
132919,3.17081E+18,3,4,55,27,2017,8,20,1,3,5,3,0,1,0,0,1,1,0,4.28785E+20,5.91313E+21,7.92983E+15,5.33625E+16
132920,3.17081E+18,3,3,56,5,2017,8,20,1,2,9,1,0,1,0,0,0,1,0,4.94542E+20,5.89067E+21,8.91836E+15,5.31654E+16
132921,3.17081E+18,3,3,56,7,2017,8,14,1,3,1,5,1,0,0,0,1,0,0,4.85446E+20,5.8977E+21,8.78198E+15,5.32284E+16
132922,3.17081E+18,3,3,61,12,2017,8,15,1,3,2,2,1,1,0,0,0,0,0,5.17025E+20,5.86325E+21,9.2532E+15,5.29187E+16
132923,3.17081E+18,3,2,51,37,2017,8,16,1,3,0,6,0,1,1,0,0,0,0,4.80374E+20,5.87033E+21,8.70768E+15,5.29822E+16
132924,3.17081E+18,3,2,51,49,2017,8,11,1,3,8,1,0,1,0,0,0,0,0,4.95635E+20,5.84578E+21,8.93532E+15,5.27619E+16
132925,3.17081E+18,3,2,51,27,2017,8,22,1,2,0,1,1,0,0,0,0,2,0,4.92686E+20,5.83998E+21,8.89175E+15,5.27097E+16
132926,3.17081E+18,3,3,52,11,2017,8,19,1,3,1,1,1,1,0,0,0,0,0,4.77429E+20,5.97093E+21,8.6566E+15,5.38863E+16
132927,3.17081E+18,3,2,41,4,2017,8,11,1,3,9,6,0,1,0,0,0,0,0,5.58077E+20,5.81501E+21,9.85521E+15,5.24822E+16
132928,3.17081E+18,3,2,41,1,2017,8,21,1,3,0,1,1,0,0,0,0,2,0,5.56685E+20,5.8E+21,9.83217E+15,5.23473E+16
132929,3.17081E+18,3,2,41,1,2017,8,19,1,2,0,7,1,0,0,0,0,1,0,5.51447E+20,5.80037E+21,9.75534E+15,5.23512E+16
132930,3.17081E+18,3,2,41,1,2017,8,12,1,3,5,2,0,1,0,0,0,0,0,5.4974E+20,5.80522E+21,9.73099E+15,5.2395E+16
132931,3.17081E+18,3,2,41,1,2017,8,3,1,3,1,5,1,1,0,0,0,2,0,5.49231E+20,5.803E+21,9.72319E+15,5.23751E+16
132932,3.17081E+18,3,2,54,21,2017,8,13,1,3,4,6,0,1,0,0,0,0,0,5.64682E+20,5.77708E+21,9.94517E+15,5.21404E+16
132933,3.17081E+18,3,1,51,9,2017,8,20,1,3,0,7,1,0,0,0,0,0,0,6.0556E+20,5.81403E+21,1.05539E+16,5.24662E+16
132934,3.17081E+18,3,4,4,0,2017,8,15,7,3,5,3,0,1,0,0,0,0,1,4.32499E+20,5.79451E+21,8.01017E+15,5.22968E+16
132935,3.17081E+18,3,4,4,0,2017,8,12,7,3,2,6,0,1,0,0,0,0,1,4.37953E+20,5.79233E+21,8.09054E+15,5.22778E+16
132936,3.17081E+18,3,4,4,0,2017,8,11,7,3,6,7,0,1,1,0,0,0,1,4.34404E+20,5.79297E+21,8.0384E+15,5.22832E+16
132937,3.17081E+18,3,4,56,15,2017,8,12,7,3,0,1,0,0,0,1,0,0,1,3.68808E+20,5.81108E+21,7.07017E+15,5.24342E+16
132938,3.17081E+18,3,4,53,7,2017,8,12,7,3,5,3,0,1,0,0,0,0,1,4.23331E+20,5.87541E+21,7.85694E+15,5.30227E+16
132939,3.17081E+18,3,4,55,15,2017,8,17,7,3,2,2,0,1,0,0,0,0,1,4.29173E+20,5.93236E+21,7.93134E+15,5.35354E+16
132940,3.17081E+18,3,4,51,7,2017,8,20,7,3,5,3,0,1,0,0,1,0,0,4.28609E+20,5.90132E+21,7.92984E+15,5.32564E+16
132941,3.17081E+18,3,4,3,0,2017,8,22,7,3,5,3,1,0,0,0,0,2,1,4.49335E+20,5.88653E+21,8.24285E+15,5.31258E+16
132942,3.17081E+18,3,4,3,0,2017,8,10,7,3,2,6,0,1,0,0,0,0,1,4.48141E+20,5.89063E+21,8.22433E+15,5.31626E+16
132943,3.17082E+18,3,2,41,2,2017,8,14,7,3,5,3,0,1,0,0,0,0,0,5.32548E+20,5.79515E+21,9.47738E+15,5.23058E+16
132944,3.17083E+18,3,2,55,33,2017,8,12,2,2,5,3,1,1,0,0,0,0,0,5.27915E+20,5.74965E+21,9.4057E+15,5.18969E+16
132945,3.17083E+18,3,2,52,6,2017,8,14,2,3,0,1,0,0,0,1,0,0,0,5.2551E+20,5.77238E+21,9.37244E+15,5.21014E+16
132946,3.17083E+18,3,1,59,29,2017,8,13,2,3,5,3,1,1,0,0,0,0,0,5.63065E+20,5.70688E+21,9.90875E+15,5.15096E+16
132947,3.17083E+18,3,1,59,16,2017,8,7,2,3,4,6,1,0,0,0,0,0,0,5.64977E+20,5.71069E+21,9.937E+15,5.15436E+16
132948,3.17083E+18,3,1,3,0,2017,8,16,2,3,1,1,0,1,0,0,0,0,0,6.24954E+20,5.81137E+21,1.08382E+16,5.24382E+16
132949,3.17083E+18,3,1,3,0,2017,8,11,2,3,4,2,0,1,0,0,1,0,0,6.20428E+20,5.80928E+21,1.07709E+16,5.24204E+16
132950,3.17083E+18,3,1,2,0,2017,8,13,2,3,6,4,0,1,1,0,0,0,0,5.93561E+20,5.7677E+21,1.03645E+16,5.2052E+16