OBJECTID,UIDENTSTLA,ULAND,UREGBEZ,UKREIS,UGEMEINDE,UJAHR,UMONAT,USTUNDE,UWOCHENTAG,UKATEGORIE,UART,UTYP1,IstRad,IstPKW,IstFuss,IstKrad,IstSonstig,LICHT,STRZUSTAND,LINREFX,LINREFY,XGCSWGS84,YGCSWGS84
132951,3.17083E+18,3,2,56,22,2017,8,16,2,3,5,3,1,1,0,0,0,0,0,5.15046E+20,5.83435E+21,9.22244E+15,5.26589E+16
132952,3.17083E+18,3,2,54,32,2017,8,21,2,3,2,6,0,1,0,0,0,2,0,5.84554E+20,5.78283E+21,1.02369E+16,5.21895E+16
132953,3.17083E+18,3,1,2,0,2017,8,21,2,3,5,3,1,1,0,0,0,2,0,5.91321E+20,5.77939E+21,1.0335E+16,5.21574E+16
132954,3.17083E+18,3,1,2,0,2017,8,17,2,3,4,6,0,1,0,0,0,0,0,5.91682E+20,5.77986E+21,1.03403E+16,5.21616E+16
132955,3.17083E+18,3,1,51,10,2017,8,12,2,3,0,2,0,1,0,0,0,0,0,6.00674E+20,5.83343E+21,1.04879E+16,5.26415E+16
132956,3.17083E+18,3,4,4,0,2017,8,8,1,3,1,5,0,1,0,0,1,2,0,4.38812E+20,5.79017E+21,8.10352E+15,5.22586E+16
132957,3.17083E+18,3,4,60,9,2017,8,19,1,3,9,1,0,0,0,1,0,0,0,4.51302E+20,5.84286E+21,8.27879E+15,5.27334E+16
132958,3.17083E+18,3,4,1,0,2017,8,13,1,3,0,1,0,1,0,0,0,0,0,4.78482E+20,5.8791E+21,8.67892E+15,5.3061E+16
132959,3.17083E+18,3,3,52,32,2017,8,22,1,2,8,1,0,0,0,1,0,2,0,4.68079E+20,5.92152E+21,8.51942E+15,5.34418E+16
132960,3.17083E+18,3,3,52,11,2017,8,9,1,3,2,6,1,0,0,0,0,0,0,4.76707E+20,5.97037E+21,8.64566E+15,5.38813E+16
132961,3.17083E+18,3,3,55,22,2017,8,0,1,3,5,2,0,1,0,0,0,2,0,5.93772E+20,5.89926E+21,1.04049E+16,5.32343E+16
132962,3.17083E+18,3,2,41,1,2017,8,19,1,3,2,6,0,1,0,1,0,0,0,5.53961E+20,5.80531E+21,9.79303E+15,5.23953E+16
132963,3.17083E+18,3,2,41,12,2017,8,15,1,3,0,7,1,0,0,0,1,0,0,5.21713E+20,5.81563E+21,9.31979E+15,5.24904E+16
132964,3.17083E+18,3,2,41,8,2017,8,14,1,3,5,3,0,1,0,0,0,0,0,5.57644E+20,5.8093E+21,9.84784E+15,5.24309E+16
132965,3.17083E+18,3,2,41,1,2017,8,13,1,3,2,6,0,1,0,0,0,0,0,5.48853E+20,5.79953E+21,9.71713E+15,5.23439E+16
132966,3.17083E+18,3,2,41,1,2017,8,11,1,2,1,7,1,1,0,0,0,0,0,5.50613E+20,5.80332E+21,9.74354E+15,5.23778E+16
132967,3.17083E+18,3,2,54,21,2017,8,15,1,3,2,6,1,1,0,0,0,0,0,5.6429E+20,5.77805E+21,9.93963E+15,5.21493E+16
132968,3.17083E+18,3,2,54,21,2017,8,3,1,3,8,7,0,0,0,1,0,2,0,5.64881E+20,5.77851E+21,9.94834E+15,5.21533E+16
132969,3.17083E+18,3,1,54,14,2017,8,14,1,3,0,7,0,1,0,0,1,0,0,6.11711E+20,5.79797E+21,1.0639E+16,5.23207E+16
132970,3.17083E+18,3,1,54,13,2017,8,14,1,3,1,5,0,1,0,1,0,0,0,6.23994E+20,5.79071E+21,1.08165E+16,5.22528E+16
132971,3.17083E+18,3,1,3,0,2017,8,18,1,3,5,3,0,1,0,1,0,0,0,6.22388E+20,5.81247E+21,1.08009E+16,5.24487E+16
132972,3.17083E+18,3,1,53,18,2017,8,14,1,3,5,7,0,1,0,1,0,0,0,5.91981E+20,5.7402E+21,1.03341E+16,5.18051E+16
132973,3.17083E+18,3,4,59,12,2017,8,10,7,3,5,3,1,1,0,0,0,0,0,4.45096E+20,5.78706E+21,8.19609E+15,5.22312E+16
132974,3.17083E+18,3,4,4,0,2017,8,15,7,3,5,2,1,1,0,0,0,0,0,4.3576E+20,5.79153E+21,8.05856E+15,5.22704E+16
132975,3.17083E+18,3,4,4,0,2017,8,13,7,2,0,7,1,0,0,0,1,0,0,4.36343E+20,5.79384E+21,8.06666E+15,5.22913E+16
132976,3.17083E+18,3,4,56,15,2017,8,8,7,3,5,2,0,1,0,0,0,0,0,3.68258E+20,5.81086E+21,7.06217E+15,5.24321E+16
132977,3.17083E+18,3,4,52,12,2017,8,23,7,3,6,7,0,1,1,0,0,2,0,3.93843E+20,5.91516E+21,7.40425E+15,5.33749E+16
132978,3.17083E+18,3,4,60,10,2017,8,22,7,3,5,3,0,1,0,0,0,2,0,4.5322E+20,5.85449E+21,8.30553E+15,5.28381E+16
132979,3.17083E+18,3,4,5,0,2017,8,18,7,3,5,3,1,1,0,0,0,0,0,4.42018E+20,5.93102E+21,8.12536E+15,5.35249E+16
132980,3.17083E+18,3,4,3,0,2017,8,15,7,3,0,3,0,1,0,1,0,0,0,4.46948E+20,5.88731E+21,8.20705E+15,5.31325E+16
132981,3.17083E+18,3,4,3,0,2017,8,2,7,3,5,2,1,1,0,0,0,2,0,4.47238E+20,5.8888E+21,8.21113E+15,5.3146E+16
132982,3.17083E+18,3,2,51,40,2017,8,18,7,2,2,6,1,0,0,0,0,0,0,4.87195E+20,5.8365E+21,8.8106E+15,5.26783E+16
132983,3.17083E+18,3,3,52,59,2017,8,9,7,3,5,3,0,1,0,1,0,0,0,4.85995E+20,5.92238E+21,8.78911E+15,5.34503E+16
132984,3.17083E+18,3,3,51,6,2017,8,10,7,3,3,6,1,1,0,0,0,0,0,5.73472E+20,5.83119E+21,1.00855E+16,5.26257E+16
132985,3.17083E+18,3,2,41,1,2017,8,0,7,3,5,3,1,0,0,1,0,2,0,5.52001E+20,5.80233E+21,9.76378E+15,5.23687E+16
132986,3.17083E+18,3,2,41,5,2017,8,12,7,3,6,4,0,1,1,0,0,0,0,5.4176E+20,5.80625E+21,9.61386E+15,5.24049E+16
132987,3.17083E+18,3,2,41,19,2017,8,16,7,2,6,4,0,1,1,0,0,0,0,5.50789E+20,5.81952E+21,9.74858E+15,5.25234E+16
132988,3.17083E+18,3,2,41,1,2017,8,16,7,3,0,7,1,0,0,0,0,0,0,5.53552E+20,5.79858E+21,9.78595E+15,5.23349E+16
132989,3.17083E+18,3,2,41,1,2017,8,14,7,3,6,4,0,1,1,0,0,0,0,5.50751E+20,5.80345E+21,9.74558E+15,5.23789E+16
132990,3.17083E+18,3,2,54,21,2017,8,19,7,2,5,3,1,1,0,0,0,0,0,5.64107E+20,5.77694E+21,9.93673E+15,5.21392E+16
132991,3.17083E+18,3,2,54,21,2017,8,12,7,3,5,3,1,1,0,0,0,0,0,5.65652E+20,5.77701E+21,9.95932E+15,5.21397E+16
132992,3.17083E+18,3,1,57,6,2017,8,13,7,3,5,3,1,1,0,0,0,0,0,5.84118E+20,5.79813E+21,1.02343E+16,5.2327E+16
132993,3.17083E+18,3,1,1,0,2017,8,16,7,3,5,3,0,1,0,0,1,0,0,6.0113E+20,5.78762E+21,1.04807E+16,5.22297E+16
132994,3.17083E+18,3,1,1,0,2017,8,13,7,1,4,1,0,1,0,1,0,0,0,6.02735E+20,5.78517E+21,1.05035E+16,5.22074E+16
132995,3.17083E+18,3,4,59,15,2017,8,15,6,3,2,6,0,1,0,0,0,0,0,4.45154E+20,5.77413E+21,8.19903E+15,5.2115E+16
132996,3.17083E+18,3,4,4,0,2017,8,9,6,3,4,2,1,1,0,0,0,0,0,4.35428E+20,5.79108E+21,8.05377E+15,5.22663E+16
132997,3.17083E+18,3,4,2,0,2017,8,17,6,3,5,3,0,1,0,0,0,0,0,3.80041E+20,5.91386E+21,7.19739E+15,5.33602E+16
132998,3.17083E+18,3,4,2,0,2017,8,15,6,3,5,3,0,1,0,0,0,0,0,3.81184E+20,5.91587E+21,7.2138E+15,5.33785E+16
132999,3.17083E+18,3,4,54,47,2017,8,12,6,3,4,1,0,1,0,0,0,0,0,3.99966E+20,5.85521E+21,7.51494E+15,5.28373E+16
133000,3.17083E+18,3,4,54,5,2017,8,8,6,3,6,4,0,0,1,0,1,0,0,4.02047E+20,5.86441E+21,7.54305E+15,5.29204E+16
133001,3.17083E+18,3,4,56,15,2017,8,14,6,3,5,3,1,1,0,0,0,0,0,3.69036E+20,5.81042E+21,7.07378E+15,5.24283E+16
133002,3.17083E+18,3,4,53,4,2017,8,16,6,3,2,6,0,1,0,0,0,0,0,4.36412E+20,5.85659E+21,8.05563E+15,5.28553E+16
133003,3.17083E+18,3,4,53,4,2017,8,16,6,3,5,3,1,0,0,1,0,0,0,4.36634E+20,5.85493E+21,8.05925E+15,5.28404E+16
133004,3.17083E+18,3,3,56,5,2017,8,14,6,3,5,3,1,1,0,0,0,0,0,4.93784E+20,5.88847E+21,8.90707E+15,5.31456E+16
133005,3.17083E+18,3,4,51,2,2017,8,20,6,2,8,1,0,0,0,1,0,2,0,4.39321E+20,5.88991E+21,8.09256E+15,5.31551E+16
133006,3.17083E+18,3,4,3,0,2017,8,15,6,3,5,3,1,1,0,0,0,0,0,4.47617E+20,5.88778E+21,8.21696E+15,5.31368E+16
133007,3.17083E+18,3,2,51,37,2017,8,13,6,2,5,3,1,1,0,0,0,0,0,4.83224E+20,5.87177E+21,8.75005E+15,5.29953E+16
133008,3.17083E+18,3,3,53,26,2017,8,18,6,3,5,3,1,1,0,0,0,0,0,5.50535E+20,5.92711E+21,9.76168E+15,5.34905E+16
133009,3.17083E+18,3,3,53,10,2017,8,15,6,3,2,6,0,1,0,0,1,0,0,5.76989E+20,5.89555E+21,1.01527E+16,5.32037E+16
133010,3.17083E+18,3,3,53,5,2017,8,12,6,3,5,3,1,1,0,0,0,0,0,5.57008E+20,5.91082E+21,9.85629E+15,5.33435E+16
133011,3.17083E+18,3,3,58,501,2017,8,17,6,3,8,7,0,0,0,1,0,0,0,5.49141E+20,5.85551E+21,9.72967E+15,5.28471E+16
133012,3.17083E+18,3,3,58,16,2017,8,12,6,3,5,3,1,1,0,0,0,0,0,5.74542E+20,5.87211E+21,1.01106E+16,5.29934E+16
133013,3.17083E+18,3,2,41,1,2017,8,10,6,3,5,7,0,1,0,0,0,0,0,5.49292E+20,5.80438E+21,9.72429E+15,5.23874E+16
133014,3.17083E+18,3,2,41,1,2017,8,7,6,3,6,4,0,1,1,0,0,0,0,5.50422E+20,5.80705E+21,9.74129E+15,5.24114E+16
133015,3.17083E+18,3,2,41,17,2017,8,17,6,3,5,3,1,1,0,0,0,0,0,5.37973E+20,5.78405E+21,9.55568E+15,5.22056E+16
133016,3.17083E+18,3,2,41,17,2017,8,9,6,3,0,5,1,0,0,0,0,0,0,5.36834E+20,5.78521E+21,9.53914E+15,5.22161E+16
133017,3.17083E+18,3,2,41,2,2017,8,17,6,3,5,3,1,0,0,0,0,0,0,5.32197E+20,5.79453E+21,9.47217E+15,5.23001E+16
133018,3.17083E+18,3,2,41,11,2017,8,18,6,3,5,3,1,1,0,0,0,0,0,5.66772E+20,5.80338E+21,9.98091E+15,5.23766E+16
133019,3.17083E+18,3,2,41,11,2017,8,16,6,3,1,5,1,1,0,0,0,0,0,5.66155E+20,5.80181E+21,9.97153E+15,5.23626E+16
133020,3.17083E+18,3,2,41,10,2017,8,18,6,3,1,5,1,1,0,0,0,0,0,5.49927E+20,5.81051E+21,9.73453E+15,5.24425E+16
133021,3.17083E+18,3,2,41,1,2017,8,10,6,3,9,7,0,1,0,0,0,0,0,5.55114E+20,5.80554E+21,9.81001E+15,5.23973E+16
133022,3.17083E+18,3,1,55,11,2017,8,12,6,3,5,3,1,1,0,0,0,0,0,5.6902E+20,5.7285E+21,9.9988E+15,5.17032E+16
133023,3.17083E+18,3,2,57,35,2017,8,21,6,3,8,1,0,0,0,1,0,2,0,5.13409E+20,5.79751E+21,9.19677E+15,5.23278E+16
133024,3.17083E+18,3,2,54,21,2017,8,14,6,3,8,6,1,1,1,0,0,0,0,5.6515E+20,5.77778E+21,9.95213E+15,5.21466E+16
133025,3.17083E+18,3,1,3,0,2017,8,13,6,3,0,1,0,0,0,1,0,0,0,6.25491E+20,5.81248E+21,1.08465E+16,5.24481E+16
133026,3.17083E+18,3,1,57,7,2017,8,18,6,3,5,2,0,1,0,0,0,0,0,5.93277E+20,5.79113E+21,1.03668E+16,5.22627E+16
133027,3.17083E+18,3,1,53,2,2017,8,14,6,3,5,3,0,1,0,0,0,0,0,6.07374E+20,5.74819E+21,1.05597E+16,5.18741E+16
133028,3.17082E+18,3,4,4,0,2017,8,19,5,3,9,1,1,1,0,0,0,0,0,4.37298E+20,5.79283E+21,8.08085E+15,5.22822E+16
133029,3.17082E+18,3,4,54,8,2017,8,11,5,3,1,7,0,0,0,0,1,0,0,3.87805E+20,5.86879E+21,7.32979E+15,5.2957E+16
133030,3.17082E+18,3,4,54,32,2017,8,14,5,2,1,5,1,1,0,0,0,0,0,3.88083E+20,5.82172E+21,7.34999E+15,5.25341E+16
133031,3.17082E+18,3,4,52,20,2017,8,10,5,3,0,7,1,1,0,0,0,0,0,3.82913E+20,5.95266E+21,7.226E+15,5.37095E+16
133032,3.17082E+18,3,4,52,19,2017,8,16,5,3,5,3,1,1,0,0,0,0,0,3.79838E+20,5.94091E+21,7.18399E+15,5.36032E+16
133033,3.17082E+18,3,4,53,13,2017,8,13,5,3,5,3,1,1,0,0,0,0,0,4.11272E+20,5.88454E+21,7.67469E+15,5.31029E+16
133034,3.17082E+18,3,4,60,9,2017,8,8,5,2,5,3,0,1,0,1,0,0,1,4.5102E+20,5.84347E+21,8.27452E+15,5.27389E+16
133035,3.17082E+18,3,4,60,9,2017,8,8,5,3,5,3,1,1,0,0,0,0,1,4.52542E+20,5.84327E+21,8.2971E+15,5.27372E+16
133036,3.17082E+18,3,4,53,4,2017,8,13,5,3,5,3,0,1,0,0,0,0,0,4.36752E+20,5.85578E+21,8.06083E+15,5.28481E+16
133037,3.17082E+18,3,4,53,4,2017,8,15,5,3,5,3,1,0,0,0,0,0,0,4.36185E+20,5.85541E+21,8.05249E+15,5.28446E+16
133038,3.17082E+18,3,4,3,0,2017,8,18,5,3,5,3,1,1,0,0,0,0,0,4.47581E+20,5.88467E+21,8.21693E+15,5.31089E+16
133039,3.17082E+18,3,4,3,0,2017,8,14,5,3,5,5,1,1,0,0,0,0,0,4.46827E+20,5.88784E+21,8.20515E+15,5.31373E+16
133040,3.17082E+18,3,2,51,12,2017,8,17,5,3,5,3,1,1,0,0,0,0,0,4.57294E+20,5.82899E+21,8.36932E+15,5.26093E+16
133041,3.17082E+18,3,4,1,0,2017,8,12,5,3,5,3,1,1,0,0,0,0,0,4.7459E+20,5.87786E+21,8.62094E+15,5.30496E+16
133042,3.17082E+18,3,3,53,5,2017,8,8,5,3,5,2,1,1,0,0,0,0,0,5.58377E+20,5.909E+21,9.87651E+15,5.33269E+16
133043,3.17082E+18,3,3,59,25,2017,8,12,5,2,1,5,1,1,0,0,0,0,0,5.2013E+20,5.94049E+21,9.30427E+15,5.36129E+16
133044,3.17082E+18,3,3,60,25,2017,8,10,5,3,5,3,0,1,0,0,0,0,1,6.06431E+20,5.86962E+21,1.05847E+16,5.29656E+16
133045,3.17082E+18,3,3,60,25,2017,8,9,5,3,6,4,0,1,1,0,0,0,1,6.04647E+20,5.86929E+21,1.05581E+16,5.2963E+16
133046,3.17082E+18,3,3,51,6,2017,8,15,5,2,8,7,1,0,0,0,0,0,0,5.71999E+20,5.83017E+21,1.00635E+16,5.26168E+16
133047,3.17082E+18,3,2,41,1,2017,8,10,5,3,5,3,1,1,0,0,0,0,1,5.52553E+20,5.79812E+21,9.77122E+15,5.23309E+16
133048,3.17082E+18,3,2,41,1,2017,8,17,5,3,3,2,1,1,0,0,0,0,0,5.5035E+20,5.8037E+21,9.73973E+15,5.23813E+16
133049,3.17082E+18,3,2,41,1,2017,8,16,5,3,5,2,1,1,0,0,0,0,0,5.50683E+20,5.80325E+21,9.74455E+15,5.23772E+16
133050,3.17082E+18,3,2,41,5,2017,8,12,5,3,5,3,0,1,0,1,0,0,0,5.423E+20,5.80927E+21,9.62218E+15,5.2432E+16
133051,3.17082E+18,3,2,41,5,2017,8,10,5,3,0,1,0,0,0,1,0,0,1,5.39114E+20,5.80926E+21,9.57531E+15,5.24322E+16
133052,3.17082E+18,3,2,41,11,2017,8,8,5,3,5,3,0,1,0,0,0,0,1,5.6587E+20,5.80283E+21,9.96755E+15,5.23717E+16
133053,3.17082E+18,3,2,41,1,2017,8,13,5,2,5,3,1,1,0,0,0,0,0,5.51099E+20,5.80305E+21,9.75063E+15,5.23753E+16
133054,3.17082E+18,3,2,41,1,2017,8,6,5,3,0,7,1,0,0,0,0,0,1,5.49819E+20,5.80305E+21,9.73183E+15,5.23754E+16
133055,3.17082E+18,3,2,57,6,2017,8,17,5,3,5,3,1,1,0,0,0,0,0,5.25089E+20,5.79801E+21,9.36819E+15,5.23318E+16
133056,3.17082E+18,3,2,54,21,2017,8,17,5,3,3,2,1,1,0,0,0,0,0,5.64153E+20,5.77804E+21,9.93761E+15,5.21491E+16
133057,3.17082E+18,3,1,59,16,2017,8,8,5,3,4,2,1,1,0,0,0,0,0,5.64304E+20,5.71041E+21,9.92724E+15,5.15411E+16
133058,3.17082E+18,3,1,54,19,2017,8,12,5,3,5,5,1,0,0,0,1,0,0,6.34667E+20,5.77777E+21,1.09676E+16,5.2134E+16
133059,3.17082E+18,3,1,54,28,2017,8,17,5,3,4,6,1,1,0,0,0,0,0,6.36881E+20,5.78818E+21,1.10041E+16,5.2227E+16
133060,3.17082E+18,3,1,3,0,2017,8,1,5,3,9,1,0,1,0,0,0,2,0,6.15285E+20,5.80965E+21,1.06955E+16,5.24249E+16
133061,3.17082E+18,3,1,2,0,2017,8,13,5,3,5,1,1,1,0,0,0,0,0,5.94385E+20,5.76922E+21,1.03769E+16,5.20655E+16
133062,3.17082E+18,3,1,2,0,2017,8,13,5,3,2,6,0,1,0,0,0,0,0,5.9451E+20,5.7675E+21,1.03782E+16,5.205E+16
133063,3.17082E+18,3,1,57,5,2017,8,6,5,3,5,3,1,1,0,0,0,0,0,5.90556E+20,5.78322E+21,1.03248E+16,5.2192E+16
133064,3.17082E+18,3,1,57,6,2017,8,14,5,2,5,3,1,0,0,0,1,0,0,5.83145E+20,5.79758E+21,1.02199E+16,5.23222E+16
133065,3.17082E+18,3,1,57,6,2017,8,14,5,3,5,3,1,1,0,0,0,0,0,5.84771E+20,5.79649E+21,1.02435E+16,5.23122E+16
133066,3.17082E+18,3,1,53,12,2017,8,7,5,3,5,2,0,1,0,0,0,0,0,5.77866E+20,5.75516E+21,1.01328E+16,5.19417E+16
133067,3.17082E+18,3,1,51,9,2017,8,13,5,3,4,6,0,1,0,0,0,0,0,6.04654E+20,5.81569E+21,1.05411E+16,5.24813E+16
133068,3.17082E+18,3,1,1,0,2017,8,12,5,3,5,3,1,1,0,0,0,0,0,6.03666E+20,5.79111E+21,1.05189E+16,5.22606E+16
133069,3.17082E+18,3,1,1,0,2017,8,9,5,3,2,2,0,1,0,0,0,0,1,6.03084E+20,5.79201E+21,1.05107E+16,5.22688E+16
133070,3.17082E+18,3,4,4,0,2017,8,8,4,2,1,5,1,1,0,0,0,0,0,4.39219E+20,5.79344E+21,8.1089E+15,5.2288E+16
133071,3.17082E+18,3,4,54,41,2017,8,12,4,3,3,2,0,1,0,0,0,0,0,3.93064E+20,5.88196E+21,7.40369E+15,5.30764E+16
133072,3.17082E+18,3,4,56,1,2017,8,17,4,3,0,1,0,0,0,1,0,0,0,3.752E+20,5.79616E+21,7.16969E+15,5.23016E+16
133073,3.17082E+18,3,4,56,15,2017,8,15,4,3,5,3,1,0,0,0,0,0,0,3.68029E+20,5.81344E+21,7.05779E+15,5.24551E+16
133074,3.17082E+18,3,4,56,15,2017,8,16,4,3,6,7,0,1,1,0,0,0,0,3.74984E+20,5.81373E+21,7.15998E+15,5.24594E+16
133075,3.17082E+18,3,4,54,32,2017,8,10,4,3,2,6,0,1,0,0,1,0,0,3.8653E+20,5.81762E+21,7.3285E+15,5.24969E+16
133076,3.17082E+18,3,4,60,10,2017,8,16,4,3,5,3,1,1,0,0,0,0,0,4.5375E+20,5.85447E+21,8.3134E+15,5.2838E+16
133077,3.17082E+18,3,4,53,4,2017,8,16,4,3,5,3,1,1,0,0,0,0,0,4.35297E+20,5.85412E+21,8.03956E+15,5.28329E+16
133078,3.17082E+18,3,4,3,0,2017,8,16,4,3,4,3,0,1,0,1,0,0,0,4.48005E+20,5.88233E+21,8.22365E+15,5.30879E+16
133079,3.17082E+18,3,4,3,0,2017,8,11,4,3,1,5,1,1,0,0,0,0,0,4.48013E+20,5.8875E+21,8.22293E+15,5.31344E+16
133080,3.17082E+18,3,2,51,37,2017,8,11,4,2,5,3,0,1,0,1,0,0,0,4.8433E+20,5.87006E+21,8.76661E+15,5.29799E+16
133081,3.17082E+18,3,2,51,40,2017,8,16,4,3,3,2,1,1,0,0,0,0,0,4.87344E+20,5.83701E+21,8.81278E+15,5.26828E+16
133082,3.17082E+18,3,4,61,7,2017,8,16,4,3,5,3,1,0,0,1,0,0,0,4.65871E+20,5.92626E+21,8.48567E+15,5.34842E+16
133083,3.17082E+18,3,4,61,2,2017,8,9,4,3,5,3,1,1,0,0,0,0,0,4.64325E+20,5.90858E+21,8.46438E+15,5.33252E+16
133084,3.17082E+18,3,4,61,2,2017,8,7,4,3,5,3,0,1,0,0,0,0,0,4.64818E+20,5.90989E+21,8.47163E+15,5.3337E+16
133085,3.17082E+18,3,3,52,11,2017,8,16,4,3,5,3,1,1,0,0,0,0,0,4.80036E+20,5.96863E+21,8.69641E+15,5.38657E+16
133086,3.17082E+18,3,3,53,26,2017,8,18,4,3,1,7,1,1,0,0,0,0,0,5.53351E+20,5.92379E+21,9.80356E+15,5.34605E+16
133087,3.17082E+18,3,3,59,10,2017,8,15,4,3,2,6,0,1,0,0,0,0,0,5.46549E+20,5.92401E+21,9.70114E+15,5.3463E+16
133088,3.17082E+18,3,3,58,16,2017,8,7,4,3,3,1,1,1,0,0,0,0,0,5.7421E+20,5.87176E+21,1.01056E+16,5.29903E+16
133089,3.17082E+18,3,2,41,1,2017,8,16,4,3,4,2,1,1,0,0,0,0,0,5.49858E+20,5.80452E+21,9.73262E+15,5.23887E+16
133090,3.17082E+18,3,2,41,1,2017,8,16,4,3,5,3,1,0,0,0,1,0,0,5.55712E+20,5.80911E+21,9.8194E+15,5.24293E+16
133091,3.17082E+18,3,2,41,1,2017,8,5,4,3,5,3,1,1,0,0,0,0,0,5.50342E+20,5.80369E+21,9.73962E+15,5.23812E+16
133092,3.17082E+18,3,2,41,1,2017,8,17,4,3,0,7,1,0,0,0,0,0,0,5.48412E+20,5.80212E+21,9.71104E+15,5.23672E+16
133093,3.17082E+18,3,2,41,1,2017,8,15,4,3,4,6,1,0,0,0,0,0,0,5.51544E+20,5.79907E+21,9.75656E+15,5.23396E+16
133094,3.17082E+18,3,2,41,1,2017,8,13,4,2,6,4,0,1,1,0,0,0,0,5.51893E+20,5.80098E+21,9.76197E+15,5.23566E+16
133095,3.17082E+18,3,2,41,1,2017,8,13,4,3,5,2,1,1,0,0,0,0,0,5.50951E+20,5.80544E+21,9.74883E+15,5.23968E+16
133096,3.17082E+18,3,2,41,1,2017,8,13,4,3,1,5,1,1,0,0,0,0,0,5.50326E+20,5.8025E+21,9.7392E+15,5.23705E+16
133097,3.17082E+18,3,1,59,26,2017,8,17,4,2,2,6,1,1,0,0,0,0,0,5.87471E+20,5.73255E+21,1.02668E+16,5.1737E+16
133098,3.17082E+18,3,2,54,21,2017,8,7,4,3,2,6,0,1,0,0,0,0,0,5.64709E+20,5.77867E+21,9.94586E+15,5.21547E+16
133099,3.17082E+18,3,1,59,16,2017,8,12,4,3,5,3,1,1,0,0,0,0,0,5.65635E+20,5.71179E+21,9.94669E+15,5.15534E+16
133100,3.17082E+18,3,1,3,0,2017,8,5,4,3,3,2,1,1,0,0,0,1,0,6.21221E+20,5.81175E+21,1.07835E+16,5.24425E+16
133101,3.17082E+18,3,1,58,37,2017,8,12,4,3,2,6,0,1,0,0,0,0,0,6.04975E+20,5.77996E+21,1.05347E+16,5.21601E+16
133102,3.17082E+18,3,1,2,0,2017,8,8,4,3,5,3,1,1,0,0,0,0,0,5.89283E+20,5.77784E+21,1.03048E+16,5.21439E+16
133103,3.17082E+18,3,1,1,0,2017,8,13,4,3,6,4,0,1,1,0,0,0,0,6.02985E+20,5.79057E+21,1.05088E+16,5.22558E+16
133104,3.17082E+18,3,1,1,0,2017,8,14,4,3,0,5,1,1,0,0,0,0,0,6.04466E+20,5.79266E+21,1.05311E+16,5.22744E+16
133105,3.17082E+18,3,1,1,0,2017,8,7,4,3,5,3,0,1,0,0,0,0,0,5.98803E+20,5.79166E+21,1.04479E+16,5.22665E+16
133106,3.17082E+18,3,4,59,14,2017,8,14,3,3,5,3,1,1,0,0,0,0,0,4.30311E+20,5.80786E+21,7.97532E+15,5.24165E+16
133107,3.17082E+18,3,4,4,0,2017,8,20,3,3,0,5,1,1,0,0,0,0,0,4.3697E+20,5.79263E+21,8.07608E+15,5.22804E+16
133108,3.17082E+18,3,4,57,14,2017,8,8,3,3,5,3,0,1,0,1,0,0,0,3.98981E+20,5.90755E+21,7.48389E+15,5.33075E+16
133109,3.17082E+18,3,4,54,41,2017,8,11,3,3,2,2,0,1,0,0,0,0,0,3.93674E+20,5.88257E+21,7.4126E+15,5.3082E+16
133110,3.17082E+18,3,4,56,1,2017,8,7,3,3,5,3,1,0,0,0,0,0,0,3.71286E+20,5.79522E+21,7.11269E+15,5.22922E+16
133111,3.17082E+18,3,4,54,10,2017,8,7,3,2,0,6,1,0,1,0,0,0,0,3.807E+20,5.80783E+21,7.24616E+15,5.24077E+16
133112,3.17082E+18,3,4,60,10,2017,8,0,3,1,5,2,0,1,0,1,0,0,0,4.55198E+20,5.85434E+21,8.33492E+15,5.28369E+16
133113,3.17082E+18,3,4,53,11,2017,8,16,3,3,5,3,0,1,0,1,0,0,0,4.16477E+20,5.84358E+21,7.76296E+15,5.27356E+16
133114,3.17082E+18,3,4,55,15,2017,8,15,3,3,6,4,0,1,1,0,0,0,0,4.29778E+20,5.93296E+21,7.94033E+15,5.35408E+16
133115,3.17082E+18,3,4,3,0,2017,8,7,3,3,4,2,1,1,0,0,0,0,0,4.49124E+20,5.88599E+21,8.23978E+15,5.31209E+16
133116,3.17082E+18,3,4,58,14,2017,8,17,3,3,5,3,1,1,0,0,0,0,0,4.62327E+20,5.86103E+21,8.43996E+15,5.28976E+16
133117,3.17082E+18,3,4,58,3,2017,8,21,3,3,6,6,1,0,1,0,0,2,0,4.59884E+20,5.86432E+21,8.40324E+15,5.29271E+16
133118,3.17082E+18,3,3,52,11,2017,8,12,3,2,0,7,1,0,1,0,0,0,0,4.75503E+20,5.97039E+21,8.62734E+15,5.38814E+16
133119,3.17082E+18,3,3,59,38,2017,8,15,3,3,5,3,1,1,0,0,0,0,0,5.28002E+20,5.9384E+21,9.42308E+15,5.35936E+16
133120,3.17082E+18,3,3,59,38,2017,8,7,3,3,5,3,1,1,0,0,0,0,0,5.29416E+20,5.93901E+21,9.44451E+15,5.35991E+16
133121,3.17082E+18,3,3,57,51,2017,8,10,3,3,5,3,0,1,0,0,1,0,0,5.38315E+20,5.87068E+21,9.57072E+15,5.29843E+16
133122,3.17082E+18,3,3,55,22,2017,8,15,3,3,2,6,0,1,0,0,0,0,0,5.94867E+20,5.90236E+21,1.04223E+16,5.3262E+16
133123,3.17082E+18,3,2,41,1,2017,8,7,3,3,1,5,0,1,0,0,0,0,0,5.46146E+20,5.80525E+21,9.67818E+15,5.23955E+16