OBJECTID,UIDENTSTLA,ULAND,UREGBEZ,UKREIS,UGEMEINDE,UJAHR,UMONAT,USTUNDE,UWOCHENTAG,UKATEGORIE,UART,UTYP1,IstRad,IstPKW,IstFuss,IstKrad,IstSonstig,LICHT,STRZUSTAND,LINREFX,LINREFY,XGCSWGS84,YGCSWGS84
133124,3.17082E+18,3,2,41,1,2017,8,9,3,3,0,3,1,0,0,0,1,0,0,5.54363E+20,5.80319E+21,9.7986E+15,5.23763E+16
133125,3.17082E+18,3,2,41,1,2017,8,13,3,2,5,3,1,1,0,0,0,0,0,5.50722E+20,5.80408E+21,9.74525E+15,5.23846E+16
133126,3.17082E+18,3,2,41,1,2017,8,9,3,2,5,2,1,1,0,0,0,0,0,5.53167E+20,5.80583E+21,9.78145E+15,5.24001E+16
133127,3.17082E+18,3,1,59,26,2017,8,18,3,3,2,2,0,1,0,0,0,0,0,5.85363E+20,5.73212E+21,1.02361E+16,5.17335E+16
133128,3.17082E+18,3,2,52,6,2017,8,7,3,3,5,2,1,1,0,0,0,0,0,5.24611E+20,5.77209E+21,9.35929E+15,5.20988E+16
133129,3.17082E+18,3,1,59,16,2017,8,19,3,3,5,2,1,1,0,0,0,0,0,5.66188E+20,5.70891E+21,9.95412E+15,5.15274E+16
133130,3.17082E+18,3,1,54,28,2017,8,18,3,3,1,5,0,1,0,0,0,0,0,6.36316E+20,5.78923E+21,1.09963E+16,5.22366E+16
133131,3.17082E+18,3,1,54,502,2017,8,7,3,3,0,7,1,1,0,0,0,0,0,6.36658E+20,5.78876E+21,1.10011E+16,5.22323E+16
133132,3.17082E+18,3,1,3,0,2017,8,10,3,3,0,3,0,1,0,0,0,0,0,6.16771E+20,5.80675E+21,1.07163E+16,5.23985E+16
133133,3.17082E+18,3,1,3,0,2017,8,16,3,3,0,7,0,1,0,0,1,0,0,6.2588E+20,5.81351E+21,1.08527E+16,5.24573E+16
133134,3.17082E+18,3,1,3,0,2017,8,15,3,3,6,4,0,1,1,0,0,0,0,6.16764E+20,5.809E+21,1.0717E+16,5.24188E+16
133135,3.17082E+18,3,1,57,6,2017,8,14,3,3,5,2,1,1,0,0,0,0,0,5.80303E+20,5.79911E+21,1.01786E+16,5.23364E+16
133136,3.17082E+18,3,1,2,0,2017,8,10,3,3,2,2,0,1,0,0,0,0,0,5.91208E+20,5.77892E+21,1.03332E+16,5.21533E+16
133137,3.17082E+18,3,4,59,21,2017,8,7,2,3,5,3,1,1,0,0,0,0,0,4.28174E+20,5.78764E+21,7.94822E+15,5.22345E+16
133138,3.17082E+18,3,4,57,18,2017,8,18,2,3,2,6,1,1,0,0,0,0,0,4.0456E+20,5.88742E+21,7.57361E+15,5.31276E+16
133139,3.17082E+18,3,4,57,13,2017,8,13,2,3,4,6,1,0,0,0,0,0,0,3.97477E+20,5.89925E+21,7.464E+15,5.32326E+16
133140,3.17082E+18,3,4,54,41,2017,8,19,2,2,4,1,1,1,0,0,0,0,0,3.88391E+20,5.87884E+21,7.33504E+15,5.30474E+16
133141,3.17082E+18,3,4,56,26,2017,8,14,2,3,5,3,1,1,0,0,0,0,0,3.54848E+20,5.82033E+21,6.86094E+15,5.25137E+16
133142,3.17082E+18,3,4,54,19,2017,8,21,2,3,1,5,0,1,0,0,0,2,0,3.9676E+20,5.83649E+21,7.47326E+15,5.26685E+16
133143,3.17082E+18,3,4,54,32,2017,8,16,2,3,5,3,1,0,0,0,0,0,0,3.85264E+20,5.81824E+21,7.30966E+15,5.25022E+16
133144,3.17082E+18,3,4,54,49,2017,8,13,2,3,5,2,1,1,0,0,0,0,0,3.96021E+20,5.80268E+21,7.4729E+15,5.23646E+16
133145,3.17082E+18,3,4,60,6,2017,8,7,2,3,4,6,0,1,0,0,0,0,0,4.49382E+20,5.83487E+21,8.25159E+15,5.26614E+16
133146,3.17082E+18,3,4,53,4,2017,8,8,2,3,4,6,1,0,0,0,0,0,0,4.35773E+20,5.85561E+21,8.04633E+15,5.28464E+16
133147,3.17082E+18,3,4,5,0,2017,8,23,2,3,3,6,1,1,0,0,0,2,0,4.41516E+20,5.93007E+21,8.11797E+15,5.35163E+16
133148,3.17082E+18,3,3,56,2,2017,8,20,2,3,0,6,0,1,0,1,0,1,0,4.99343E+20,5.89191E+21,8.99018E+15,5.31766E+16
133149,3.17082E+18,3,3,56,5,2017,8,16,2,3,5,3,0,1,0,1,0,0,0,4.9371E+20,5.88895E+21,8.90595E+15,5.31499E+16
133150,3.17082E+18,3,3,61,9,2017,8,7,2,3,0,6,1,0,0,0,0,0,0,5.0137E+20,5.87868E+21,9.02044E+15,5.30576E+16
133151,3.17082E+18,3,3,61,12,2017,8,18,2,3,5,2,1,1,0,0,0,0,0,5.16912E+20,5.8634E+21,9.25153E+15,5.292E+16
133152,3.17082E+18,3,4,51,2,2017,8,14,2,2,6,4,0,1,1,0,0,0,0,4.32866E+20,5.89293E+21,7.99542E+15,5.31815E+16
133153,3.17082E+18,3,4,3,0,2017,8,16,2,3,1,7,0,1,0,0,0,0,0,4.47645E+20,5.88818E+21,8.21732E+15,5.31405E+16
133154,3.17082E+18,3,4,3,0,2017,8,15,2,3,5,5,1,1,0,0,0,0,0,4.46785E+20,5.88751E+21,8.20457E+15,5.31343E+16
133155,3.17082E+18,3,4,3,0,2017,8,12,2,3,5,3,1,1,0,0,0,0,0,4.46387E+20,5.8882E+21,8.19851E+15,5.31405E+16
133156,3.17082E+18,3,4,61,7,2017,8,14,2,3,2,2,0,1,0,0,0,0,0,4.65304E+20,5.92857E+21,8.47688E+15,5.35049E+16
133157,3.17082E+18,3,4,61,4,2017,8,17,2,3,0,7,1,1,0,0,0,0,0,4.64034E+20,5.89859E+21,8.46113E+15,5.32353E+16
133158,3.17082E+18,3,3,53,40,2017,8,10,2,2,3,6,0,1,0,1,0,0,0,5.804E+20,5.91296E+21,1.02081E+16,5.33597E+16
133159,3.17082E+18,3,3,53,5,2017,8,20,2,3,3,2,1,1,0,0,0,1,0,5.57595E+20,5.90884E+21,9.86474E+15,5.33256E+16
133160,3.17082E+18,3,2,41,1,2017,8,8,2,3,0,7,0,0,0,0,1,0,0,5.48996E+20,5.80204E+21,9.71959E+15,5.23664E+16
133161,3.17082E+18,3,2,41,1,2017,8,16,2,3,6,6,0,1,1,0,0,0,0,5.51169E+20,5.80219E+21,9.75153E+15,5.23676E+16
133162,3.17082E+18,3,2,41,1,2017,8,19,2,3,3,6,1,1,0,0,0,0,0,5.55976E+20,5.79985E+21,9.82174E+15,5.23461E+16
133163,3.17082E+18,3,1,55,7,2017,8,17,2,3,4,6,0,1,0,0,1,0,0,5.75975E+20,5.72454E+21,1.00986E+16,5.16667E+16
133164,3.17082E+18,3,2,56,22,2017,8,15,2,3,5,2,1,1,0,0,0,0,0,5.14924E+20,5.83208E+21,9.22054E+15,5.26385E+16
133165,3.17082E+18,3,2,54,21,2017,8,11,2,3,1,7,0,1,0,0,0,0,0,5.6531E+20,5.77913E+21,9.95473E+15,5.21588E+16
133166,3.17082E+18,3,2,52,6,2017,8,7,2,3,5,3,1,1,0,0,0,0,0,5.242E+20,5.77311E+21,9.35337E+15,5.2108E+16
133167,3.17082E+18,3,1,59,16,2017,8,14,2,3,5,3,0,1,0,0,0,0,0,5.64151E+20,5.71031E+21,9.92502E+15,5.15403E+16
133168,3.17082E+18,3,1,58,19,2017,8,13,2,3,0,7,0,1,0,0,0,0,0,6.06574E+20,5.76979E+21,1.05548E+16,5.20685E+16
133169,3.17082E+18,3,1,58,27,2017,8,8,2,3,5,3,0,1,0,0,1,0,0,6.21743E+20,5.77859E+21,1.07792E+16,5.21444E+16
133170,3.17082E+18,3,1,58,37,2017,8,13,2,3,5,2,1,1,0,0,0,0,0,6.04894E+20,5.77984E+21,1.05334E+16,5.21591E+16
133171,3.17082E+18,3,1,2,0,2017,8,15,2,3,4,6,1,1,0,0,0,0,0,5.91337E+20,5.7772E+21,1.03346E+16,5.21378E+16
133172,3.17082E+18,3,1,1,0,2017,8,14,2,3,2,2,0,1,0,0,0,0,0,6.03596E+20,5.79403E+21,1.05188E+16,5.22869E+16
133173,3.17082E+18,3,4,59,12,2017,8,1,1,3,8,1,0,1,0,0,0,2,1,4.42592E+20,5.78574E+21,8.15965E+15,5.22191E+16
133174,3.17082E+18,3,4,54,41,2017,8,17,1,2,9,1,0,0,0,1,0,0,0,3.95325E+20,5.88227E+21,7.43732E+15,5.30797E+16
133175,3.17082E+18,3,4,5,0,2017,8,15,1,3,3,7,0,1,0,0,1,0,1,4.39234E+20,5.93332E+21,8.08293E+15,5.35453E+16
133176,3.17082E+18,3,3,56,5,2017,8,16,1,3,5,3,0,1,0,0,0,0,1,4.94832E+20,5.89024E+21,8.9227E+15,5.31615E+16
133177,3.17082E+18,3,4,51,2,2017,8,9,1,2,5,2,1,0,0,0,0,0,0,4.39393E+20,5.88985E+21,8.09366E+15,5.31546E+16
133178,3.17082E+18,3,4,3,0,2017,8,18,1,3,5,3,1,1,0,0,0,0,1,4.47744E+20,5.88467E+21,8.21937E+15,5.31089E+16
133179,3.17082E+18,3,2,51,33,2017,8,8,1,2,5,3,1,1,0,0,0,0,0,5.02674E+20,5.86117E+21,9.03975E+15,5.29002E+16
133180,3.17082E+18,3,2,51,42,2017,8,1,1,3,8,1,1,0,0,0,0,2,0,4.76267E+20,5.85011E+21,8.64798E+15,5.28003E+16
133181,3.17082E+18,3,4,61,6,2017,8,14,1,3,2,6,0,1,0,0,0,1,1,4.7208E+20,5.89059E+21,8.58238E+15,5.31639E+16
133182,3.17082E+18,3,3,53,40,2017,8,1,1,3,0,1,1,1,0,0,0,2,0,5.78193E+20,5.91494E+21,1.01754E+16,5.33778E+16
133183,3.17082E+18,3,3,58,22,2017,8,20,1,3,8,1,0,1,0,0,0,0,1,5.39214E+20,5.85687E+21,9.58245E+15,5.28602E+16
133184,3.17082E+18,3,3,58,16,2017,8,19,1,3,5,3,0,1,0,0,0,0,0,5.73206E+20,5.87198E+21,1.00907E+16,5.29924E+16
133185,3.17082E+18,3,3,57,4,2017,8,15,1,3,3,7,1,0,0,0,0,0,1,4.95784E+20,5.92096E+21,8.93654E+15,5.34376E+16
133186,3.17082E+18,3,3,55,2,2017,8,20,1,3,0,7,0,1,1,0,0,1,0,5.81192E+20,5.88696E+21,1.02134E+16,5.31258E+16
133187,3.17082E+18,3,2,41,10,2017,8,17,1,3,0,1,1,0,0,0,0,0,1,5.51071E+20,5.8101E+21,9.7513E+15,5.24387E+16
133188,3.17082E+18,3,2,41,10,2017,8,11,1,2,0,7,1,0,0,0,0,0,0,5.50039E+20,5.80986E+21,9.73608E+15,5.24367E+16
133189,3.17082E+18,3,2,41,1,2017,8,0,1,3,0,1,1,0,0,0,0,2,0,5.505E+20,5.80278E+21,9.74179E+15,5.23729E+16
133190,3.17082E+18,3,1,55,11,2017,8,17,1,3,7,7,1,0,0,0,1,0,0,5.69435E+20,5.72884E+21,1.00049E+16,5.17062E+16
133191,3.17082E+18,3,2,57,31,2017,8,17,1,3,0,1,0,0,0,1,0,0,1,5.08323E+20,5.78442E+21,9.12182E+15,5.22102E+16
133192,3.17082E+18,3,1,59,16,2017,8,18,1,2,0,1,1,0,0,0,0,0,1,5.6306E+20,5.71145E+21,9.90949E+15,5.15507E+16
133193,3.17082E+18,3,1,3,0,2017,8,13,1,3,5,3,1,1,0,0,0,0,0,6.25786E+20,5.81294E+21,1.08511E+16,5.24521E+16
133194,3.17082E+18,3,4,2,0,2017,8,13,7,3,0,4,1,0,1,0,0,0,0,3.8045E+20,5.91483E+21,7.20316E+15,5.3369E+16
133195,3.17082E+18,3,4,57,13,2017,8,11,7,3,0,4,0,1,1,0,0,0,0,3.97019E+20,5.89907E+21,7.4572E+15,5.32309E+16
133196,3.17082E+18,3,4,54,41,2017,8,12,7,3,2,6,0,1,0,0,0,0,0,3.92135E+20,5.88226E+21,7.38972E+15,5.30789E+16
133197,3.17082E+18,3,4,52,19,2017,8,14,7,3,5,3,0,1,0,0,0,0,0,3.78312E+20,5.94312E+21,7.16008E+15,5.36227E+16
133198,3.17082E+18,3,4,53,2,2017,8,8,7,3,8,1,0,1,0,0,0,0,1,4.31143E+20,5.87056E+21,7.97442E+15,5.29802E+16
133199,3.17082E+18,3,4,53,4,2017,8,23,7,3,4,2,0,1,0,0,0,2,1,4.37286E+20,5.85531E+21,8.06885E+15,5.28439E+16
133200,3.17082E+18,3,4,5,0,2017,8,23,7,3,5,3,0,1,0,0,0,2,1,4.40678E+20,5.93065E+21,8.10523E+15,5.35215E+16
133201,3.17082E+18,3,3,61,12,2017,8,19,7,3,0,7,0,1,0,0,1,0,0,5.15512E+20,5.86357E+21,9.23072E+15,5.29215E+16
133202,3.17082E+18,3,4,51,2,2017,8,10,7,3,6,7,0,1,1,0,0,0,0,4.33533E+20,5.89313E+21,8.00535E+15,5.31834E+16
133203,3.17082E+18,3,2,51,37,2017,8,0,7,3,4,6,0,1,0,0,0,2,1,4.81851E+20,5.87589E+21,8.72937E+15,5.30322E+16
133204,3.17082E+18,3,4,61,2,2017,8,16,7,2,5,3,1,1,0,0,0,0,1,4.64444E+20,5.9092E+21,8.46609E+15,5.33307E+16
133205,3.17082E+18,3,3,60,6,2017,8,18,7,3,9,7,1,1,0,0,0,0,0,5.95401E+20,5.87633E+21,1.04225E+16,5.3028E+16
133206,3.1709E+18,3,2,41,10,2017,9,19,2,3,4,6,0,0,0,0,1,0,0,5.46929E+20,5.81061E+21,9.69044E+15,5.24437E+16
133207,3.1709E+18,3,2,41,4,2017,9,8,2,3,5,3,0,1,0,0,0,0,0,5.59365E+20,5.81825E+21,9.87475E+15,5.25111E+16
133208,3.1709E+18,3,2,41,1,2017,9,7,2,3,5,3,1,1,0,0,0,0,0,5.51875E+20,5.80096E+21,9.76171E+15,5.23565E+16
133209,3.1709E+18,3,2,57,35,2017,9,17,2,3,6,2,0,1,1,0,0,0,0,5.13568E+20,5.79641E+21,9.19905E+15,5.23178E+16
133210,3.1709E+18,3,2,56,22,2017,9,8,2,3,2,6,0,1,0,0,0,0,0,5.1468E+20,5.83352E+21,9.217E+15,5.26514E+16
133211,3.1709E+18,3,2,54,28,2017,9,11,2,3,6,4,0,1,1,0,0,0,0,5.58484E+20,5.78782E+21,9.85646E+15,5.22377E+16
133212,3.1709E+18,3,2,41,1,2017,9,18,2,3,5,3,1,1,0,0,0,0,0,5.4207E+20,5.80624E+21,9.61841E+15,5.24047E+16
133213,3.1709E+18,3,2,41,1,2017,9,14,2,3,0,1,1,0,0,0,0,0,0,5.4885E+20,5.7986E+21,9.71696E+15,5.23356E+16
133214,3.1709E+18,3,2,41,1,2017,9,14,2,3,0,2,1,1,0,0,0,0,0,5.51698E+20,5.80154E+21,9.7592E+15,5.23617E+16
133215,3.1709E+18,3,2,41,1,2017,9,10,2,3,2,6,0,1,0,0,1,0,0,5.51582E+20,5.80538E+21,9.75809E+15,5.23962E+16
133216,3.1709E+18,3,2,41,1,2017,9,19,2,3,0,7,0,1,0,0,0,1,0,5.50025E+20,5.80359E+21,9.73494E+15,5.23803E+16
133217,3.1709E+18,3,2,41,1,2017,9,18,2,3,0,1,1,0,0,0,0,0,0,5.49967E+20,5.80318E+21,9.73403E+15,5.23766E+16
133218,3.1709E+18,3,2,41,1,2017,9,15,2,3,6,2,0,1,1,0,0,0,0,5.50297E+20,5.80259E+21,9.73878E+15,5.23713E+16
133219,3.1709E+18,3,2,54,21,2017,9,6,2,3,5,3,1,1,0,0,0,1,0,5.65613E+20,5.77813E+21,9.95897E+15,5.21498E+16
133220,3.1709E+18,3,1,59,17,2017,9,17,2,3,2,2,0,1,0,0,0,0,0,5.46251E+20,5.69634E+21,9.6651E+15,5.14164E+16
133221,3.1709E+18,3,1,59,16,2017,9,9,2,3,5,3,0,1,0,0,0,0,0,5.59619E+20,5.7092E+21,9.8595E+15,5.15308E+16
133222,3.1709E+18,3,1,3,0,2017,9,16,2,3,2,6,0,1,0,0,1,0,0,6.25615E+20,5.81086E+21,1.08478E+16,5.24335E+16
133223,3.1709E+18,3,1,3,0,2017,9,12,2,3,0,3,1,1,0,0,0,0,0,6.22524E+20,5.81275E+21,1.0803E+16,5.24512E+16
133224,3.1709E+18,3,1,53,2,2017,9,20,2,2,2,6,0,1,0,0,0,2,0,6.07394E+20,5.7495E+21,1.05604E+16,5.18859E+16
133225,3.1709E+18,3,1,1,0,2017,9,17,2,3,6,4,1,0,1,0,0,0,0,6.0416E+20,5.79151E+21,1.05263E+16,5.22641E+16
133226,3.1709E+18,3,1,1,0,2017,9,14,2,3,5,3,0,1,0,0,0,0,0,6.0395E+20,5.79412E+21,1.0524E+16,5.22876E+16
133227,3.1709E+18,3,1,1,0,2017,9,8,2,3,2,6,0,1,0,0,0,0,0,6.03632E+20,5.79061E+21,1.05183E+16,5.22561E+16
133228,3.1709E+18,3,1,1,0,2017,9,7,2,3,5,3,0,1,0,0,0,0,0,6.032E+20,5.79757E+21,1.05141E+16,5.23188E+16
133229,3.1709E+18,3,4,59,19,2017,9,12,1,3,5,3,0,1,0,1,0,0,0,4.33737E+20,5.78462E+21,8.03027E+15,5.22081E+16
133230,3.1709E+18,3,4,59,33,2017,9,14,1,3,0,1,0,0,0,1,0,0,0,4.3616E+20,5.79818E+21,8.06315E+15,5.23302E+16
133231,3.1709E+18,3,4,54,41,2017,9,12,1,3,5,3,0,1,0,0,0,0,0,3.92238E+20,5.88208E+21,7.39133E+15,5.30773E+16
133232,3.1709E+18,3,4,56,15,2017,9,17,1,3,6,4,1,0,1,0,0,0,0,3.68074E+20,5.80973E+21,7.05992E+15,5.24219E+16
133233,3.1709E+18,3,4,56,15,2017,9,14,1,2,5,2,0,1,0,1,0,0,0,3.6851E+20,5.80783E+21,7.06706E+15,5.24049E+16
133234,3.1709E+18,3,4,56,7,2017,9,4,1,3,9,1,0,1,0,0,0,2,0,3.60223E+20,5.82311E+21,6.93892E+15,5.25401E+16
133235,3.1709E+18,3,4,56,15,2017,9,16,1,3,2,6,0,1,0,0,0,0,0,3.6835E+20,5.81079E+21,7.06355E+15,5.24314E+16
133236,3.1709E+18,3,4,5,0,2017,9,18,1,2,5,3,0,1,0,0,0,0,0,4.4122E+20,5.93148E+21,8.11324E+15,5.3529E+16
133237,3.1709E+18,3,4,3,0,2017,9,19,1,3,3,6,0,1,0,0,1,0,0,4.47697E+20,5.88813E+21,8.2181E+15,5.314E+16
133238,3.1709E+18,3,4,3,0,2017,9,7,1,3,6,7,0,1,1,0,0,0,0,4.47474E+20,5.88903E+21,8.21462E+15,5.31481E+16
133239,3.1709E+18,3,3,59,38,2017,9,12,1,3,5,2,1,1,0,0,0,0,0,5.2964E+20,5.93912E+21,9.4479E+15,5.36001E+16
133240,3.1709E+18,3,3,57,8,2017,9,11,1,3,5,3,1,1,0,0,0,0,0,5.09665E+20,5.92675E+21,9.14567E+15,5.34896E+16
133241,3.1709E+18,3,3,57,8,2017,9,4,1,2,6,7,0,1,1,0,0,2,0,5.06714E+20,5.92762E+21,9.10121E+15,5.34975E+16
133242,3.1709E+18,3,2,41,1,2017,9,12,1,3,5,2,1,0,0,0,0,0,0,5.50023E+20,5.80159E+21,9.73461E+15,5.23623E+16
133243,3.1709E+18,3,2,41,1,2017,9,13,1,3,5,3,1,1,0,0,0,0,0,5.48792E+20,5.80756E+21,9.71741E+15,5.24161E+16
133244,3.1709E+18,3,2,41,3,2017,9,11,1,3,4,6,1,0,0,0,0,0,0,5.68877E+20,5.81525E+21,1.00143E+16,5.24831E+16
133245,3.1709E+18,3,2,41,10,2017,9,16,1,2,0,1,1,0,0,0,0,0,0,5.48275E+20,5.81053E+21,9.71023E+15,5.24429E+16
133246,3.1709E+18,3,2,41,1,2017,9,13,1,3,0,7,1,0,0,0,0,0,0,5.48272E+20,5.80212E+21,9.70897E+15,5.23672E+16
133247,3.1709E+18,3,1,55,11,2017,9,18,1,3,2,6,1,0,0,0,0,0,0,5.69096E+20,5.72913E+21,1E+16,5.17088E+16
133248,3.1709E+18,3,2,57,31,2017,9,19,1,3,3,2,1,1,0,0,0,2,0,5.06628E+20,5.78308E+21,9.09698E+15,5.21982E+16
133249,3.1709E+18,3,1,59,16,2017,9,15,1,2,2,7,0,1,0,1,0,0,0,5.62611E+20,5.71257E+21,9.90322E+15,5.15607E+16
133250,3.1709E+18,3,1,3,0,2017,9,17,1,3,5,3,0,1,0,1,0,0,0,6.21149E+20,5.81013E+21,1.07818E+16,5.24279E+16
133251,3.1709E+18,3,1,57,9,2017,9,5,1,3,9,7,0,1,0,0,0,2,0,5.83105E+20,5.78944E+21,1.02173E+16,5.22491E+16
133252,3.1709E+18,3,1,2,0,2017,9,15,1,2,5,3,1,1,0,0,0,0,0,5.8864E+20,5.7786E+21,1.02956E+16,5.21508E+16
133253,3.1709E+18,3,1,53,17,2017,9,7,1,3,8,7,0,1,0,0,0,0,0,5.97276E+20,5.75219E+21,1.04142E+16,5.1912E+16
133254,3.1709E+18,3,1,51,18,2017,9,13,1,2,5,3,0,1,0,0,0,0,0,5.89135E+20,5.82047E+21,1.03139E+16,5.2527E+16
133255,3.1709E+18,3,4,59,7,2017,9,21,7,3,3,6,1,0,0,0,0,2,0,4.30647E+20,5.8332E+21,7.97497E+15,5.26444E+16
133256,3.1709E+18,3,4,60,9,2017,9,10,7,3,5,3,1,0,0,0,0,0,0,4.51329E+20,5.84299E+21,8.27917E+15,5.27346E+16
133257,3.1709E+18,3,4,5,0,2017,9,14,7,3,5,3,1,1,0,0,0,0,1,4.41103E+20,5.93382E+21,8.11103E+15,5.35499E+16
133258,3.1709E+18,3,4,5,0,2017,9,13,7,3,5,3,1,0,0,0,0,0,0,4.41406E+20,5.92922E+21,8.11647E+15,5.35087E+16
133259,3.1709E+18,3,3,61,1,2017,9,9,7,3,5,3,1,0,0,0,0,0,0,5.02703E+20,5.8735E+21,9.04029E+15,5.3011E+16
133260,3.1709E+18,3,4,3,0,2017,9,18,7,3,9,1,0,1,0,0,0,0,0,4.481E+20,5.88833E+21,8.2241E+15,5.31418E+16
133261,3.1709E+18,3,2,51,12,2017,9,3,7,3,8,1,0,1,0,0,0,2,0,4.56937E+20,5.83175E+21,8.36369E+15,5.2634E+16
133262,3.1709E+18,3,3,51,6,2017,9,12,7,3,2,6,0,1,0,0,0,0,0,5.70828E+20,5.82925E+21,1.0046E+16,5.26086E+16
133263,3.1709E+18,3,2,41,1,2017,9,11,7,3,5,3,0,1,0,0,0,0,0,5.55713E+20,5.80911E+21,9.81941E+15,5.24294E+16
133264,3.1709E+18,3,2,41,1,2017,9,16,7,3,0,5,0,1,0,1,0,0,0,5.50762E+20,5.80581E+21,9.7461E+15,5.24001E+16
133265,3.1709E+18,3,2,41,21,2017,9,12,7,3,6,4,0,1,1,0,0,0,0,5.29358E+20,5.80811E+21,9.43173E+15,5.24224E+16
133266,3.1709E+18,3,2,41,19,2017,9,22,7,3,0,1,1,0,0,0,1,2,0,5.5047E+20,5.82177E+21,9.74422E+15,5.25436E+16
133267,3.1709E+18,3,2,41,1,2017,9,23,7,2,6,4,0,1,1,0,0,2,0,5.48668E+20,5.80255E+21,9.71486E+15,5.2371E+16
133268,3.1709E+18,3,2,41,1,2017,9,18,7,3,5,2,1,1,0,0,0,0,0,5.51096E+20,5.80305E+21,9.7506E+15,5.23753E+16
133269,3.1709E+18,3,2,41,1,2017,9,11,7,3,0,1,1,0,0,0,0,0,0,5.47641E+20,5.80669E+21,9.70035E+15,5.24084E+16
133270,3.1709E+18,3,2,41,10,2017,9,13,7,2,0,7,1,0,0,0,0,0,0,5.50413E+20,5.80944E+21,9.74153E+15,5.24329E+16
133271,3.1709E+18,3,2,54,21,2017,9,18,7,3,6,4,0,1,1,0,0,0,0,5.65216E+20,5.7787E+21,9.95328E+15,5.21549E+16
133272,3.1709E+18,3,2,55,19,2017,9,12,7,3,0,7,1,1,0,0,0,0,1,5.29973E+20,5.74818E+21,9.43548E+15,5.18836E+16
133273,3.1709E+18,3,1,59,15,2017,9,18,7,2,5,3,1,1,0,0,0,0,0,5.7615E+20,5.70665E+21,1.00972E+16,5.15059E+16
133274,3.1709E+18,3,1,59,16,2017,9,13,7,3,2,6,0,1,0,0,0,0,1,5.64408E+20,5.70808E+21,9.92832E+15,5.15202E+16
133275,3.1709E+18,3,1,3,0,2017,9,15,7,2,6,7,0,1,1,0,0,0,0,6.22764E+20,5.81195E+21,1.08062E+16,5.24439E+16
133276,3.1709E+18,3,1,1,0,2017,9,10,7,3,3,2,0,1,0,0,0,0,0,6.04796E+20,5.79771E+21,1.05375E+16,5.23197E+16
133277,3.1709E+18,3,4,59,17,2017,9,16,6,3,2,6,0,1,0,1,0,0,0,4.10814E+20,5.81895E+21,7.68576E+15,5.25134E+16
133278,3.1709E+18,3,4,4,0,2017,9,9,6,3,5,3,1,0,0,1,0,0,0,4.34375E+20,5.79302E+21,8.03797E+15,5.22836E+16
133279,3.1709E+18,3,4,57,2,2017,9,17,6,3,8,1,1,0,0,0,0,0,0,3.45287E+20,5.94084E+21,6.66228E+15,5.35935E+16
133280,3.1709E+18,3,4,57,13,2017,9,10,6,3,4,6,1,1,0,0,0,0,0,3.97701E+20,5.89942E+21,7.4673E+15,5.32342E+16
133281,3.1709E+18,3,4,62,3,2017,9,10,6,3,1,3,0,1,0,0,0,0,0,4.0827E+20,5.94445E+21,7.61248E+15,5.36408E+16
133282,3.1709E+18,3,4,62,19,2017,9,16,6,3,6,7,0,1,1,0,0,0,0,4.19449E+20,5.93693E+21,7.78347E+15,5.35751E+16
133283,3.1709E+18,3,4,52,19,2017,9,7,6,3,5,3,1,1,0,0,0,0,1,3.80016E+20,5.94063E+21,7.18679E+15,5.36008E+16
133284,3.1709E+18,3,4,60,9,2017,9,16,6,3,8,6,0,1,0,0,0,0,0,4.48877E+20,5.84843E+21,8.24201E+15,5.27833E+16
133285,3.1709E+18,3,4,53,6,2017,9,6,6,3,5,3,1,1,0,0,0,0,0,4.29317E+20,5.84127E+21,7.95358E+15,5.27167E+16
133286,3.1709E+18,3,4,53,4,2017,9,13,6,3,4,6,1,0,0,0,0,0,0,4.36058E+20,5.85492E+21,8.0507E+15,5.28402E+16
133287,3.1709E+18,3,4,55,7,2017,9,18,6,3,4,6,1,1,0,0,0,0,0,4.26729E+20,5.93615E+21,7.89358E+15,5.35691E+16
133288,3.1709E+18,3,4,5,0,2017,9,13,6,3,5,3,0,1,0,0,0,0,0,4.41292E+20,5.93681E+21,8.11333E+15,5.35769E+16
133289,3.1709E+18,3,4,5,0,2017,9,7,6,3,5,3,1,1,0,0,0,0,0,4.40902E+20,5.93128E+21,8.10848E+15,5.35272E+16
133290,3.1709E+18,3,2,41,1,2017,9,7,6,3,5,2,1,1,0,0,0,0,0,5.44463E+20,5.80706E+21,9.6537E+15,5.2412E+16
133291,3.1709E+18,3,2,41,1,2017,9,16,6,3,2,6,0,1,0,0,0,0,0,5.47279E+20,5.8005E+21,9.69416E+15,5.23528E+16
133292,3.1709E+18,3,2,41,1,2017,9,23,6,3,4,6,1,0,0,0,0,2,0,5.52093E+20,5.80135E+21,9.76497E+15,5.23599E+16
133293,3.1709E+18,3,2,41,1,2017,9,13,6,3,6,2,0,1,1,0,0,0,0,5.49936E+20,5.8052E+21,9.73387E+15,5.23948E+16
133294,3.1709E+18,3,2,41,2,2017,9,15,6,3,5,3,1,1,0,0,0,0,0,5.36462E+20,5.79534E+21,9.5348E+15,5.23072E+16
133295,3.1709E+18,3,2,41,1,2017,9,19,6,3,5,3,1,1,0,0,0,1,0,5.49146E+20,5.80341E+21,9.722E+15,5.23787E+16
133296,3.1709E+18,3,2,41,1,2017,9,16,6,2,5,2,0,1,0,0,0,0,0,5.48066E+20,5.80691E+21,9.70664E+15,5.24103E+16
133297,3.1709E+18,3,2,41,1,2017,9,12,6,3,2,2,1,0,0,0,0,0,0,5.46566E+20,5.80502E+21,9.68433E+15,5.23934E+16