OBJECTID,UIDENTSTLA,ULAND,UREGBEZ,UKREIS,UGEMEINDE,UJAHR,UMONAT,USTUNDE,UWOCHENTAG,UKATEGORIE,UART,UTYP1,IstRad,IstPKW,IstFuss,IstKrad,IstSonstig,LICHT,STRZUSTAND,LINREFX,LINREFY,XGCSWGS84,YGCSWGS84
133298,3.1709E+18,3,1,59,3,2017,9,7,6,3,0,3,1,1,0,0,0,0,0,6.01912E+20,5.72123E+21,1.04725E+16,5.16328E+16
133299,3.1709E+18,3,2,56,22,2017,9,11,6,3,1,5,1,1,0,0,0,0,0,5.14588E+20,5.83225E+21,9.21558E+15,5.264E+16
133300,3.1709E+18,3,2,54,21,2017,9,10,6,3,5,3,1,0,0,0,0,0,0,5.64748E+20,5.778E+21,9.9463E+15,5.21487E+16
133301,3.1709E+18,3,2,55,23,2017,9,10,6,3,5,3,0,1,0,0,1,0,0,5.3129E+20,5.74196E+21,9.45405E+15,5.18276E+16
133302,3.1709E+18,3,2,52,7,2017,9,18,6,2,6,6,1,0,1,0,0,0,0,5.15259E+20,5.77774E+21,9.22302E+15,5.21499E+16
133303,3.1709E+18,3,1,54,28,2017,9,18,6,3,2,2,0,1,0,0,1,0,0,6.33877E+20,5.78997E+21,1.09609E+16,5.22438E+16
133304,3.1709E+18,3,1,57,6,2017,9,15,6,3,5,3,1,1,0,0,0,0,0,5.81369E+20,5.79881E+21,1.01942E+16,5.23335E+16
133305,3.1709E+18,3,1,53,8,2017,9,13,6,2,0,5,0,0,0,1,1,0,0,5.95888E+20,5.75901E+21,1.0396E+16,5.19735E+16
133306,3.1709E+18,3,1,51,18,2017,9,23,6,3,1,1,0,1,0,0,0,2,0,5.92873E+20,5.82009E+21,1.03689E+16,5.2523E+16
133307,3.17083E+18,3,4,4,0,2017,8,13,5,3,0,5,0,1,0,0,1,0,1,4.35307E+20,5.79141E+21,8.05194E+15,5.22693E+16
133308,3.17083E+18,3,4,4,0,2017,8,8,5,3,1,5,0,1,0,1,0,0,1,4.36586E+20,5.7902E+21,8.07091E+15,5.22586E+16
133309,3.17083E+18,3,4,56,2,2017,8,18,5,3,0,7,1,0,0,0,1,0,0,3.55026E+20,5.83269E+21,6.85816E+15,5.26248E+16
133310,3.17083E+18,3,4,56,15,2017,8,16,5,3,5,3,1,0,0,0,0,0,0,3.69464E+20,5.80981E+21,7.08031E+15,5.24229E+16
133311,3.17083E+18,3,4,54,19,2017,8,9,5,3,5,2,0,1,0,0,0,0,1,3.97415E+20,5.83715E+21,7.48273E+15,5.26745E+16
133312,3.17083E+18,3,4,54,35,2017,8,16,5,3,5,3,1,1,0,0,0,0,0,3.84575E+20,5.83914E+21,7.29222E+15,5.26899E+16
133313,3.17083E+18,3,4,62,1,2017,8,9,5,3,5,3,0,1,0,0,1,0,1,4.03635E+20,5.93771E+21,7.54448E+15,5.35793E+16
133314,3.17083E+18,3,4,52,19,2017,8,8,5,3,1,1,1,1,0,0,0,0,1,3.80761E+20,5.94068E+21,7.19801E+15,5.36013E+16
133315,3.17083E+18,3,4,53,7,2017,8,15,5,3,0,7,0,1,0,1,0,0,1,4.23326E+20,5.87547E+21,7.85686E+15,5.30233E+16
133316,3.17083E+18,3,4,53,7,2017,8,15,5,3,5,2,1,0,0,0,0,0,1,4.2397E+20,5.87567E+21,7.86641E+15,5.30251E+16
133317,3.17083E+18,3,4,60,6,2017,8,22,5,3,5,2,1,1,0,0,0,1,0,4.49251E+20,5.83603E+21,8.24947E+15,5.26718E+16
133318,3.17083E+18,3,4,51,7,2017,8,15,5,3,5,3,0,1,0,1,0,0,1,4.28354E+20,5.90171E+21,7.92594E+15,5.32598E+16
133319,3.17083E+18,3,4,3,0,2017,8,10,5,3,3,3,1,1,0,0,0,0,1,4.48623E+20,5.88656E+21,8.2322E+15,5.3126E+16
133320,3.17083E+18,3,2,51,37,2017,8,16,5,3,5,5,1,1,0,0,0,0,0,4.85025E+20,5.8739E+21,8.77679E+15,5.30144E+16
133321,3.17083E+18,3,2,51,41,2017,8,18,5,3,5,3,1,1,0,0,0,0,0,4.88382E+20,5.86287E+21,8.82722E+15,5.29154E+16
133322,3.17083E+18,3,4,1,0,2017,8,6,5,2,5,3,1,1,0,0,0,0,1,4.75437E+20,5.87627E+21,8.63369E+15,5.30354E+16
133323,3.17083E+18,3,3,53,5,2017,8,7,5,3,5,3,1,0,0,0,0,0,1,5.57288E+20,5.90871E+21,9.86011E+15,5.33245E+16
133324,3.17083E+18,3,3,59,38,2017,8,14,5,3,2,6,0,1,0,0,0,0,0,5.28923E+20,5.93852E+21,9.437E+15,5.35947E+16
133325,3.17083E+18,3,3,58,16,2017,8,14,5,3,2,6,0,1,0,0,0,0,1,5.73373E+20,5.87134E+21,1.0093E+16,5.29866E+16
133326,3.17083E+18,3,3,57,2,2017,8,8,5,3,5,3,0,1,0,0,0,0,0,5.04755E+20,5.93345E+21,9.07177E+15,5.35499E+16
133327,3.17083E+18,3,3,60,25,2017,8,15,5,3,5,3,1,1,0,0,0,0,0,6.03546E+20,5.87212E+21,1.05426E+16,5.29886E+16
133328,3.17083E+18,3,3,55,22,2017,8,11,5,3,0,1,1,0,0,0,0,0,1,5.93304E+20,5.89996E+21,1.03981E+16,5.32407E+16
133329,3.17083E+18,3,3,55,22,2017,8,17,5,3,5,2,1,0,0,0,1,0,1,5.94411E+20,5.9003E+21,1.04148E+16,5.32436E+16
133330,3.17083E+18,3,3,55,22,2017,8,18,5,3,2,6,0,1,0,0,1,0,0,5.94638E+20,5.90081E+21,1.04184E+16,5.32481E+16
133331,3.17083E+18,3,3,55,22,2017,8,11,5,3,2,6,0,1,0,0,0,0,0,5.94461E+20,5.90026E+21,1.04156E+16,5.32432E+16
133332,3.17083E+18,3,2,41,7,2017,8,22,5,3,0,7,0,0,0,0,1,2,0,5.50677E+20,5.79747E+21,9.74359E+15,5.23252E+16
133333,3.17083E+18,3,2,41,12,2017,8,16,5,3,5,2,1,1,0,0,0,0,0,5.31245E+20,5.81823E+21,9.46042E+15,5.25133E+16
133334,3.17083E+18,3,2,41,12,2017,8,16,5,3,0,1,0,0,0,1,0,0,1,5.30983E+20,5.81758E+21,9.4565E+15,5.25074E+16
133335,3.17083E+18,3,2,41,6,2017,8,17,5,3,6,4,0,0,1,0,1,0,0,5.41664E+20,5.79628E+21,9.6112E+15,5.23153E+16
133336,3.17083E+18,3,2,41,1,2017,8,13,5,3,1,5,1,1,0,0,0,0,0,5.49966E+20,5.80305E+21,9.73399E+15,5.23754E+16
133337,3.17083E+18,3,2,41,1,2017,8,10,5,3,0,1,0,0,0,1,0,0,1,5.52127E+20,5.80513E+21,9.76605E+15,5.23939E+16
133338,3.17083E+18,3,2,56,18,2017,8,13,5,3,2,2,0,1,0,0,0,0,0,5.07599E+20,5.81735E+21,9.11196E+15,5.25063E+16
133339,3.17083E+18,3,2,54,43,2017,8,17,5,3,5,3,1,1,0,0,0,0,0,5.53226E+20,5.77074E+21,9.77679E+15,5.20847E+16
133340,3.17083E+18,3,2,54,21,2017,8,13,5,2,8,1,0,0,0,1,1,0,1,5.63587E+20,5.78122E+21,9.92994E+15,5.21778E+16
133341,3.17083E+18,3,2,54,21,2017,8,10,5,3,5,3,0,1,0,0,0,0,1,5.67643E+20,5.77978E+21,9.98896E+15,5.21644E+16
133342,3.17083E+18,3,1,54,28,2017,8,13,5,3,9,1,0,1,0,0,0,0,1,6.3648E+20,5.78839E+21,1.09984E+16,5.2229E+16
133343,3.17083E+18,3,1,54,28,2017,8,19,5,3,5,1,0,1,0,0,1,0,0,6.37082E+20,5.78826E+21,1.10071E+16,5.22277E+16
133344,3.17083E+18,3,1,58,37,2017,8,11,5,3,5,3,1,1,0,0,0,0,1,6.05788E+20,5.78136E+21,1.0547E+16,5.21725E+16
133345,3.17083E+18,3,1,57,6,2017,8,17,5,3,5,3,1,0,0,0,1,0,0,5.85242E+20,5.79826E+21,1.02509E+16,5.2328E+16
133346,3.17083E+18,3,1,57,6,2017,8,15,5,3,6,4,0,1,1,0,0,0,0,5.79844E+20,5.79953E+21,1.0172E+16,5.23402E+16
133347,3.17083E+18,3,1,57,6,2017,8,14,5,3,5,3,0,1,0,0,0,0,0,5.84374E+20,5.79876E+21,1.02383E+16,5.23326E+16
133348,3.17083E+18,3,1,57,6,2017,8,7,5,3,5,3,0,1,0,0,0,0,1,5.80382E+20,5.79921E+21,1.01798E+16,5.23373E+16
133349,3.17083E+18,3,1,2,0,2017,8,11,5,3,5,3,0,1,0,0,0,0,1,5.91666E+20,5.77832E+21,1.03397E+16,5.21478E+16
133350,3.17083E+18,3,1,51,11,2017,8,17,5,3,5,3,0,1,0,0,1,0,1,6.07848E+20,5.84283E+21,1.05969E+16,5.27246E+16
133351,3.17083E+18,3,1,51,9,2017,8,17,5,3,9,7,0,1,0,0,0,0,0,6.04612E+20,5.81194E+21,1.05393E+16,5.24477E+16
133352,3.17083E+18,3,1,1,0,2017,8,19,5,3,2,6,0,1,0,0,0,0,0,6.03299E+20,5.79186E+21,1.05138E+16,5.22674E+16
133353,3.17083E+18,3,4,59,6,2017,8,16,4,3,0,7,0,0,1,0,1,0,0,4.42222E+20,5.77441E+21,8.15616E+15,5.21172E+16
133354,3.17083E+18,3,4,59,30,2017,8,13,4,3,0,6,0,0,0,1,1,0,0,4.29509E+20,5.83641E+21,7.95746E+15,5.26731E+16
133355,3.17083E+18,3,4,2,0,2017,8,8,4,3,4,2,0,1,0,0,0,0,1,3.80645E+20,5.91482E+21,7.20609E+15,5.3369E+16
133356,3.17083E+18,3,4,2,0,2017,8,7,4,3,4,2,1,1,0,0,0,0,1,3.80346E+20,5.91401E+21,7.20191E+15,5.33616E+16
133357,3.17083E+18,3,4,56,15,2017,8,13,4,3,0,5,1,1,0,0,0,0,0,3.69021E+20,5.81077E+21,7.07343E+15,5.24314E+16
133358,3.17083E+18,3,4,54,18,2017,8,7,4,3,1,7,1,1,0,0,0,0,1,3.81328E+20,5.85043E+21,7.24012E+15,5.27906E+16
133359,3.17083E+18,3,4,54,35,2017,8,7,4,3,4,6,1,0,0,1,0,0,0,3.85124E+20,5.8412E+21,7.29961E+15,5.27085E+16
133360,3.17083E+18,3,4,54,35,2017,8,14,4,3,4,6,1,0,0,0,0,0,1,3.8471E+20,5.83973E+21,7.294E+15,5.26952E+16
133361,3.17083E+18,3,4,54,35,2017,8,11,4,3,5,3,1,1,0,0,0,0,1,3.85113E+20,5.84007E+21,7.29985E+15,5.26983E+16
133362,3.17083E+18,3,4,54,32,2017,8,9,4,2,5,3,1,1,0,0,0,0,0,3.86041E+20,5.82126E+21,7.32005E+15,5.25295E+16
133363,3.17083E+18,3,4,53,4,2017,8,9,4,3,2,2,0,1,0,0,0,0,0,4.35403E+20,5.85531E+21,8.0409E+15,5.28437E+16
133364,3.17083E+18,3,4,53,12,2017,8,16,4,2,5,3,1,0,0,0,0,0,0,4.27569E+20,5.85768E+21,7.92408E+15,5.28639E+16
133365,3.17083E+18,3,4,55,26,2017,8,7,4,3,5,2,1,1,0,0,0,0,1,4.43313E+20,5.91637E+21,8.14754E+15,5.33934E+16
133366,3.17083E+18,3,4,55,15,2017,8,7,4,3,5,3,1,0,0,0,1,0,1,4.29012E+20,5.9335E+21,7.92865E+15,5.35456E+16
133367,3.17083E+18,3,4,55,7,2017,8,7,4,3,5,3,0,1,0,0,0,0,1,4.2763E+20,5.93725E+21,7.90693E+15,5.35791E+16
133368,3.17083E+18,3,4,5,0,2017,8,15,4,3,2,6,0,1,0,0,0,0,0,4.41227E+20,5.93148E+21,8.11335E+15,5.3529E+16
133369,3.17083E+18,3,3,56,9,2017,8,22,4,3,8,1,1,0,0,0,0,2,1,4.73075E+20,5.89608E+21,8.59681E+15,5.32134E+16
133370,3.17083E+18,3,3,53,5,2017,8,11,4,3,8,1,1,0,0,0,1,0,0,5.58729E+20,5.90906E+21,9.8818E+15,5.33274E+16
133371,3.17083E+18,3,3,59,23,2017,8,11,4,3,1,5,0,1,0,0,1,0,0,5.33548E+20,5.92261E+21,9.50518E+15,5.34514E+16
133372,3.17083E+18,3,3,59,38,2017,8,7,4,3,5,3,1,1,0,0,0,0,0,5.32097E+20,5.93823E+21,9.48493E+15,5.35919E+16
133373,3.17083E+18,3,3,58,16,2017,8,13,4,3,5,3,1,1,0,0,0,0,0,5.7298E+20,5.87192E+21,1.00873E+16,5.29919E+16
133374,3.17083E+18,3,3,55,22,2017,8,7,4,3,6,4,1,0,1,0,0,0,0,5.9476E+20,5.90115E+21,1.04203E+16,5.32511E+16
133375,3.17083E+18,3,3,51,6,2017,8,7,4,2,5,3,1,1,0,0,0,0,0,5.72166E+20,5.82967E+21,1.00658E+16,5.26123E+16
133376,3.17083E+18,3,2,41,1,2017,8,21,4,3,5,2,0,1,0,0,0,2,0,5.49341E+20,5.80116E+21,9.72454E+15,5.23585E+16
133377,3.17083E+18,3,2,41,1,2017,8,13,4,3,5,3,1,0,0,1,0,0,0,5.49382E+20,5.80381E+21,9.72552E+15,5.23823E+16
133378,3.17083E+18,3,2,41,10,2017,8,17,4,3,4,5,1,1,0,0,0,0,0,5.50155E+20,5.81183E+21,9.73808E+15,5.24543E+16
133379,3.17083E+18,3,2,41,3,2017,8,7,4,3,0,6,1,1,0,0,0,0,0,5.70047E+20,5.81195E+21,1.00308E+16,5.24532E+16
133380,3.17083E+18,3,2,41,1,2017,8,14,4,3,0,1,1,0,0,0,0,0,0,5.48088E+20,5.80211E+21,9.70627E+15,5.23672E+16
133381,3.17083E+18,3,2,41,1,2017,8,7,4,3,5,3,1,1,0,0,0,0,0,5.54391E+20,5.8032E+21,9.79902E+15,5.23764E+16
133382,3.17083E+18,3,2,55,23,2017,8,7,4,3,3,2,1,1,0,0,0,0,0,5.31063E+20,5.74197E+21,9.45076E+15,5.18277E+16
133383,3.17083E+18,3,2,52,2,2017,8,17,4,2,5,3,1,1,0,0,0,0,0,5.32352E+20,5.78405E+21,9.47344E+15,5.2206E+16
133384,3.17083E+18,3,2,52,7,2017,8,12,4,3,4,2,0,1,0,1,0,0,0,5.17191E+20,5.77953E+21,9.25134E+15,5.2166E+16
133385,3.17083E+18,3,1,59,16,2017,8,17,4,3,5,3,1,1,0,0,0,0,0,5.612E+20,5.71113E+21,9.88262E+15,5.1548E+16
133386,3.17083E+18,3,1,59,16,2017,8,15,4,3,4,2,1,1,0,0,0,0,0,5.65742E+20,5.70721E+21,9.94738E+15,5.15122E+16
133387,3.17083E+18,3,1,58,37,2017,8,12,4,2,1,5,0,1,0,1,0,0,0,6.0516E+20,5.78022E+21,1.05374E+16,5.21624E+16
133388,3.17083E+18,3,1,2,0,2017,8,19,4,2,6,4,0,1,1,0,0,0,0,5.94071E+20,5.76813E+21,1.0372E+16,5.20557E+16
133389,3.17083E+18,3,1,57,6,2017,8,17,4,3,1,5,1,1,0,0,0,0,0,5.85028E+20,5.80127E+21,1.02485E+16,5.23552E+16
133390,3.17083E+18,3,1,2,0,2017,8,16,4,3,5,3,0,1,0,1,0,0,0,5.91304E+20,5.77802E+21,1.03343E+16,5.21452E+16
133391,3.17083E+18,3,1,53,18,2017,8,15,4,3,0,3,0,1,0,1,0,0,0,5.92689E+20,5.74044E+21,1.03444E+16,5.18071E+16
133392,3.17083E+18,3,1,1,0,2017,8,19,4,3,5,2,1,1,0,0,0,0,0,6.04287E+20,5.79278E+21,1.05285E+16,5.22755E+16
133393,3.17083E+18,3,1,1,0,2017,8,13,4,3,3,2,1,1,0,0,0,0,0,6.05236E+20,5.79276E+21,1.05424E+16,5.22752E+16
133394,3.17083E+18,3,1,1,0,2017,8,8,4,3,5,3,1,1,0,0,0,0,0,6.03245E+20,5.7919E+21,1.0513E+16,5.22678E+16
133395,3.17083E+18,3,4,59,8,2017,8,14,3,3,9,1,1,0,0,0,0,0,0,4.43001E+20,5.79849E+21,8.16349E+15,5.23337E+16
133396,3.17083E+18,3,4,59,17,2017,8,13,3,3,0,7,1,0,1,0,0,0,0,4.10187E+20,5.81938E+21,7.6764E+15,5.25171E+16
133397,3.17083E+18,3,4,59,17,2017,8,6,3,3,8,6,0,1,0,0,0,0,0,4.15071E+20,5.81933E+21,7.74837E+15,5.25175E+16
133398,3.17083E+18,3,4,4,0,2017,8,14,3,3,5,2,1,1,0,0,0,0,0,4.3576E+20,5.79156E+21,8.05854E+15,5.22707E+16
133399,3.17083E+18,3,4,4,0,2017,8,7,3,3,5,3,0,1,0,0,1,0,0,4.28664E+20,5.79411E+21,7.95403E+15,5.22927E+16
133400,3.17083E+18,3,4,57,18,2017,8,13,3,3,4,6,1,0,0,0,0,0,0,4.04658E+20,5.88822E+21,7.57485E+15,5.31349E+16
133401,3.17083E+18,3,4,54,57,2017,8,16,3,3,5,2,0,1,0,1,0,0,0,4.11296E+20,5.85654E+21,7.68273E+15,5.28513E+16
133402,3.17083E+18,3,4,54,41,2017,8,16,3,3,5,3,1,1,0,0,0,0,0,3.92698E+20,5.88208E+21,7.39819E+15,5.30774E+16
133403,3.17083E+18,3,4,56,23,2017,8,12,3,3,0,7,1,0,0,0,0,0,0,3.55524E+20,5.81779E+21,6.87201E+15,5.24911E+16
133404,3.17083E+18,3,4,56,15,2017,8,15,3,3,2,2,0,1,0,0,0,0,0,3.68239E+20,5.81054E+21,7.06203E+15,5.24292E+16
133405,3.17083E+18,3,4,54,18,2017,8,18,3,3,4,2,1,0,0,1,0,0,0,3.80445E+20,5.84999E+21,7.2272E+15,5.27865E+16
133406,3.17083E+18,3,4,62,19,2017,8,12,3,3,5,3,1,1,0,0,0,0,0,4.18338E+20,5.93691E+21,7.76671E+15,5.35747E+16
133407,3.17083E+18,3,4,52,1,2017,8,15,3,3,5,3,1,1,0,0,0,0,0,3.99108E+20,5.92532E+21,7.48012E+15,5.34672E+16
133408,3.17083E+18,3,4,52,1,2017,8,7,3,3,1,5,1,1,0,0,0,0,0,4.00576E+20,5.92467E+21,7.50243E+15,5.34616E+16
133409,3.17083E+18,3,4,60,9,2017,8,7,3,3,5,3,1,1,0,0,0,0,0,4.51068E+20,5.84305E+21,8.2753E+15,5.27351E+16
133410,3.17083E+18,3,4,53,4,2017,8,12,3,3,9,7,0,1,0,0,0,0,0,4.35037E+20,5.85485E+21,8.03555E+15,5.28395E+16
133411,3.17083E+18,3,4,3,0,2017,8,8,3,3,0,7,1,0,0,0,0,0,0,4.46732E+20,5.8884E+21,8.20363E+15,5.31423E+16
133412,3.17083E+18,3,4,3,0,2017,8,16,3,3,4,6,1,0,0,0,0,0,0,4.48104E+20,5.88851E+21,8.22412E+15,5.31435E+16
133413,3.17083E+18,3,4,3,0,2017,8,15,3,3,5,2,1,1,0,0,0,0,0,4.49554E+20,5.88645E+21,8.24613E+15,5.3125E+16
133414,3.17083E+18,3,2,51,12,2017,8,11,3,3,0,5,1,1,0,0,0,0,0,4.57439E+20,5.82861E+21,8.37151E+15,5.26058E+16
133415,3.17083E+18,3,2,51,12,2017,8,11,3,3,5,7,1,0,0,0,0,0,0,4.56783E+20,5.82881E+21,8.3618E+15,5.26076E+16
133416,3.17083E+18,3,4,1,0,2017,8,21,3,3,5,3,1,1,0,0,0,1,0,4.75403E+20,5.8782E+21,8.63304E+15,5.30527E+16
133417,3.17083E+18,3,3,52,46,2017,8,18,3,3,2,5,0,1,0,1,0,0,0,4.93826E+20,5.96187E+21,8.90624E+15,5.38054E+16
133418,3.17083E+18,3,3,52,11,2017,8,10,3,3,5,3,1,1,0,0,0,0,0,4.74698E+20,5.96821E+21,8.61527E+15,5.38617E+16
133419,3.17083E+18,3,3,53,40,2017,8,13,3,3,5,3,1,1,0,0,0,0,0,5.80176E+20,5.91104E+21,1.02043E+16,5.33424E+16
133420,3.17083E+18,3,3,53,40,2017,8,13,3,3,0,5,1,1,0,0,0,0,0,5.80262E+20,5.91281E+21,1.0206E+16,5.33583E+16
133421,3.17083E+18,3,3,58,21,2017,8,12,3,3,5,3,1,1,0,0,0,0,0,5.56136E+20,5.87098E+21,9.8362E+15,5.29855E+16
133422,3.17083E+18,3,3,57,44,2017,8,10,3,3,5,3,1,0,0,0,0,0,0,5.33936E+20,5.90343E+21,9.50897E+15,5.3279E+16
133423,3.17083E+18,3,3,57,16,2017,8,14,3,3,2,2,0,1,0,0,0,0,0,5.00349E+20,5.91524E+21,9.00524E+15,5.33863E+16
133424,3.17083E+18,3,2,41,1,2017,8,14,3,3,2,6,0,1,0,0,0,0,0,5.4727E+20,5.8005E+21,9.69403E+15,5.23527E+16
133425,3.17083E+18,3,2,41,1,2017,8,7,3,3,4,6,1,1,0,0,0,0,0,5.49527E+20,5.80037E+21,9.72716E+15,5.23514E+16
133426,3.17083E+18,3,2,41,1,2017,8,13,3,3,3,2,1,1,0,0,0,0,0,5.48628E+20,5.8026E+21,9.71427E+15,5.23715E+16
133427,3.17083E+18,3,2,41,1,2017,8,18,3,3,5,2,1,0,0,0,0,0,0,5.5304E+20,5.80603E+21,9.77961E+15,5.24019E+16
133428,3.17083E+18,3,2,41,5,2017,8,10,3,3,5,2,1,1,0,0,0,0,0,5.39973E+20,5.81089E+21,9.58814E+15,5.24467E+16
133429,3.17083E+18,3,2,41,1,2017,8,17,3,3,0,2,0,1,0,1,0,0,0,5.50364E+20,5.80349E+21,9.73991E+15,5.23793E+16
133430,3.17083E+18,3,2,41,1,2017,8,14,3,3,6,4,1,0,1,0,0,0,0,5.50078E+20,5.80738E+21,9.73628E+15,5.24143E+16
133431,3.17083E+18,3,2,41,1,2017,8,7,3,3,5,3,1,1,0,0,0,0,0,5.51187E+20,5.80279E+21,9.75188E+15,5.2373E+16
133432,3.17083E+18,3,1,55,13,2017,8,9,3,2,6,7,0,1,1,0,0,0,0,5.59783E+20,5.74103E+21,9.86731E+15,5.18169E+16
133433,3.17083E+18,3,2,52,6,2017,8,15,3,3,1,5,1,1,0,0,0,0,0,5.23809E+20,5.77041E+21,9.34746E+15,5.20837E+16
133434,3.17083E+18,3,1,54,14,2017,8,11,3,3,4,6,1,1,0,0,0,0,0,6.11081E+20,5.80345E+21,1.06316E+16,5.23701E+16
133435,3.17083E+18,3,1,54,28,2017,8,17,3,2,5,3,1,0,0,0,1,0,0,6.38563E+20,5.7872E+21,1.10283E+16,5.22178E+16
133436,3.17083E+18,3,1,3,0,2017,8,16,3,3,2,1,0,1,0,1,0,0,0,6.23747E+20,5.80948E+21,1.08198E+16,5.24216E+16
133437,3.17083E+18,3,1,57,6,2017,8,11,3,3,5,3,0,1,0,0,1,0,0,5.84036E+20,5.7962E+21,1.02327E+16,5.23097E+16
133438,3.17083E+18,3,1,1,0,2017,8,18,3,3,5,2,1,1,0,0,0,0,0,6.02459E+20,5.7922E+21,1.05016E+16,5.22706E+16
133439,3.17083E+18,3,1,1,0,2017,8,18,3,3,5,3,1,0,0,0,1,0,0,6.02274E+20,5.79108E+21,1.04985E+16,5.22606E+16
133440,3.17083E+18,3,4,4,0,2017,8,8,2,2,5,3,0,1,0,0,1,0,0,4.33304E+20,5.79523E+21,8.02183E+15,5.23033E+16
133441,3.17083E+18,3,4,4,0,2017,8,20,2,3,5,3,1,1,0,0,0,1,0,4.35999E+20,5.79175E+21,8.06202E+15,5.22724E+16
133442,3.17083E+18,3,4,57,14,2017,8,13,2,2,5,2,1,0,0,1,0,0,0,3.99142E+20,5.9079E+21,7.4862E+15,5.33106E+16
133443,3.17083E+18,3,4,57,14,2017,8,19,2,3,5,3,0,1,0,1,0,0,0,3.99992E+20,5.90805E+21,7.4989E+15,5.33122E+16
133444,3.17083E+18,3,4,54,24,2017,8,17,2,3,0,6,1,1,0,0,0,0,0,3.9531E+20,5.84828E+21,7.44807E+15,5.27742E+16
133445,3.17083E+18,3,4,54,41,2017,8,13,2,3,0,7,1,0,0,0,1,0,0,3.92152E+20,5.88284E+21,7.38978E+15,5.30841E+16
133446,3.17083E+18,3,4,54,41,2017,8,12,2,2,0,1,1,0,0,0,0,0,0,3.93255E+20,5.88255E+21,7.40634E+15,5.30818E+16
133447,3.17083E+18,3,4,54,41,2017,8,12,2,3,5,3,1,1,0,0,0,0,0,3.91581E+20,5.88162E+21,7.38168E+15,5.3073E+16
133448,3.17083E+18,3,4,54,41,2017,8,13,2,2,0,1,1,0,0,0,0,0,0,3.93095E+20,5.88183E+21,7.4042E+15,5.30752E+16
133449,3.17083E+18,3,4,54,41,2017,8,7,2,3,3,6,1,0,0,1,0,0,0,3.95465E+20,5.87873E+21,7.44057E+15,5.30478E+16
133450,3.17083E+18,3,4,56,15,2017,8,19,2,2,5,3,1,1,0,0,0,0,0,3.70635E+20,5.81088E+21,7.0971E+15,5.24328E+16
133451,3.17083E+18,3,4,56,15,2017,8,16,2,3,5,3,1,1,0,0,0,0,0,3.68504E+20,5.80716E+21,7.06724E+15,5.23989E+16
133452,3.17083E+18,3,4,56,15,2017,8,14,2,3,2,6,0,1,0,0,0,0,0,3.68704E+20,5.80893E+21,7.06949E+15,5.24149E+16
133453,3.17083E+18,3,4,52,1,2017,8,5,2,3,5,2,1,1,0,0,0,1,0,3.99987E+20,5.9293E+21,7.49209E+15,5.35031E+16
133454,3.17083E+18,3,4,53,7,2017,8,13,2,3,2,2,0,1,0,0,0,0,0,4.23674E+20,5.87525E+21,7.86209E+15,5.30213E+16
133455,3.17083E+18,3,4,60,6,2017,8,16,2,3,5,3,1,1,0,0,0,0,0,4.48282E+20,5.83594E+21,8.23516E+15,5.2671E+16
133456,3.17083E+18,3,4,53,4,2017,8,15,2,3,6,6,1,0,1,0,0,0,0,4.37281E+20,5.8545E+21,8.06893E+15,5.28366E+16
133457,3.17083E+18,3,4,3,0,2017,8,15,2,3,5,3,1,1,0,0,0,0,0,4.47493E+20,5.88727E+21,8.21519E+15,5.31323E+16
133458,3.17083E+18,3,4,3,0,2017,8,11,2,3,5,2,1,1,0,0,0,0,0,4.47585E+20,5.88856E+21,8.21637E+15,5.31439E+16
133459,3.17083E+18,3,4,3,0,2017,8,7,2,3,5,3,1,1,0,0,0,0,0,4.45941E+20,5.89064E+21,8.19144E+15,5.31624E+16
133460,3.17083E+18,3,4,1,0,2017,8,12,2,3,6,4,0,1,1,0,0,0,0,4.75354E+20,5.87734E+21,8.63237E+15,5.3045E+16
133461,3.17083E+18,3,3,53,5,2017,8,11,2,3,5,3,1,1,0,0,0,0,0,5.58381E+20,5.90911E+21,9.87659E+15,5.33279E+16
133462,3.17083E+18,3,3,59,38,2017,8,8,2,3,1,7,1,1,0,0,0,0,0,5.31506E+20,5.93854E+21,9.47603E+15,5.35947E+16
133463,3.17083E+18,3,3,55,22,2017,8,15,2,3,5,3,1,1,0,0,0,0,0,5.94218E+20,5.90046E+21,1.0412E+16,5.3245E+16
133464,3.17083E+18,3,2,41,1,2017,8,18,2,3,2,6,0,1,0,0,0,0,0,5.51041E+20,5.80076E+21,9.74944E+15,5.23548E+16
133465,3.17083E+18,3,2,41,1,2017,8,13,2,3,2,6,0,1,0,0,0,0,0,5.52606E+20,5.80535E+21,9.77314E+15,5.23958E+16
133466,3.17083E+18,3,2,41,17,2017,8,8,2,3,5,3,0,1,0,0,0,0,0,5.37041E+20,5.78452E+21,9.5421E+15,5.22099E+16
133467,3.17083E+18,3,2,41,4,2017,8,6,2,3,4,2,1,1,0,0,0,0,0,5.56934E+20,5.81632E+21,9.8386E+15,5.24941E+16
133468,3.17083E+18,3,2,41,1,2017,8,14,2,2,0,1,0,0,1,0,1,0,0,5.51409E+20,5.80215E+21,9.75505E+15,5.23672E+16
133469,3.17083E+18,3,2,41,1,2017,8,18,2,3,0,1,1,0,0,0,0,0,0,5.49268E+20,5.80227E+21,9.72362E+15,5.23685E+16
133470,3.17083E+18,3,2,41,1,2017,8,11,2,3,6,4,0,1,1,0,0,0,0,5.49592E+20,5.80276E+21,9.72846E+15,5.23729E+16