OBJECTID,UIDENTSTLA,ULAND,UREGBEZ,UKREIS,UGEMEINDE,UJAHR,UMONAT,USTUNDE,UWOCHENTAG,UKATEGORIE,UART,UTYP1,IstRad,IstPKW,IstFuss,IstKrad,IstSonstig,LICHT,STRZUSTAND,LINREFX,LINREFY,XGCSWGS84,YGCSWGS84
133471,3.17083E+18,3,2,41,1,2017,8,7,2,3,5,3,0,1,0,0,0,0,0,5.51838E+20,5.80355E+21,9.76156E+15,5.23798E+16
133472,3.17083E+18,3,1,55,11,2017,8,12,2,3,5,3,0,1,0,0,1,0,0,5.69601E+20,5.72896E+21,1.00073E+16,5.17073E+16
133473,3.17083E+18,3,2,57,35,2017,8,8,2,3,5,3,0,1,0,1,0,0,0,5.13806E+20,5.79742E+21,9.20259E+15,5.2327E+16
133474,3.17091E+18,3,4,52,1,2017,9,12,3,3,2,2,0,1,0,0,0,0,1,3.99618E+20,5.92958E+21,7.48644E+15,5.35056E+16
133475,3.17091E+18,3,4,60,3,2017,9,7,3,3,5,3,0,1,0,0,0,0,0,4.40933E+20,5.83414E+21,8.1268E+15,5.2654E+16
133476,3.17091E+18,3,4,56,25,2017,9,15,3,3,1,3,0,1,0,0,1,0,0,3.79692E+20,5.81695E+21,7.22807E+15,5.24894E+16
133477,3.17091E+18,3,4,60,6,2017,9,5,3,3,5,3,0,1,0,0,1,2,0,4.45557E+20,5.8403E+21,8.19414E+15,5.27099E+16
133478,3.17091E+18,3,4,60,8,2017,9,21,3,3,5,3,0,1,0,0,0,2,0,4.46635E+20,5.82652E+21,8.21233E+15,5.25861E+16
133479,3.17091E+18,3,4,5,0,2017,9,7,3,3,0,1,1,0,0,0,0,0,0,4.41109E+20,5.93548E+21,8.11082E+15,5.35649E+16
133480,3.17091E+18,3,4,5,0,2017,9,14,3,3,3,7,0,1,0,0,0,0,0,4.39834E+20,5.93713E+21,8.09125E+15,5.35796E+16
133481,3.17091E+18,3,4,54,18,2017,9,17,3,3,2,1,0,1,0,1,0,0,0,3.79077E+20,5.84698E+21,7.20803E+15,5.27591E+16
133482,3.17091E+18,3,4,54,18,2017,9,8,3,3,5,3,1,1,0,0,0,0,1,3.74711E+20,5.85451E+21,7.14048E+15,5.28258E+16
133483,3.17091E+18,3,4,62,19,2017,9,19,3,3,5,3,1,0,0,0,0,2,1,4.19102E+20,5.93698E+21,7.77822E+15,5.35754E+16
133484,3.17091E+18,3,4,52,19,2017,9,14,3,3,0,1,1,1,0,0,0,0,0,3.78492E+20,5.9424E+21,7.16308E+15,5.36163E+16
133485,3.17091E+18,3,4,52,19,2017,9,10,3,3,4,2,1,1,0,0,0,0,1,3.8145E+20,5.93941E+21,7.20891E+15,5.35901E+16
133486,3.17091E+18,3,4,3,0,2017,9,7,3,3,2,2,1,0,0,0,0,0,0,4.46875E+20,5.88827E+21,8.2058E+15,5.31412E+16
133487,3.17091E+18,3,4,3,0,2017,9,16,3,3,5,2,1,0,0,0,0,0,1,4.47446E+20,5.88916E+21,8.21418E+15,5.31492E+16
133488,3.17091E+18,3,4,3,0,2017,9,18,3,3,5,2,1,1,0,0,0,0,0,4.47917E+20,5.89009E+21,8.22107E+15,5.31576E+16
133489,3.17091E+18,3,2,51,12,2017,9,14,3,3,1,7,1,1,0,0,0,0,1,4.57027E+20,5.82905E+21,8.36536E+15,5.26097E+16
133490,3.17091E+18,3,3,60,2,2017,9,13,3,3,0,7,1,1,0,0,0,0,0,6.06362E+20,5.88299E+21,1.05881E+16,5.30858E+16
133491,3.17091E+18,3,2,41,1,2017,9,13,3,3,2,6,0,1,0,0,1,0,1,5.55972E+20,5.7991E+21,9.82156E+15,5.23393E+16
133492,3.17091E+18,3,2,41,1,2017,9,17,3,3,1,1,0,1,0,0,0,0,1,5.5159E+20,5.80695E+21,9.75845E+15,5.24103E+16
133493,3.17091E+18,3,2,41,6,2017,9,14,3,3,5,3,0,1,0,0,0,0,1,5.41184E+20,5.79581E+21,9.60411E+15,5.23111E+16
133494,3.17091E+18,3,2,41,14,2017,9,7,3,3,1,7,1,1,0,0,0,1,0,5.45226E+20,5.79931E+21,9.66386E+15,5.23423E+16
133495,3.17091E+18,3,2,41,19,2017,9,18,3,3,5,3,1,1,0,0,0,0,0,5.5052E+20,5.82219E+21,9.74503E+15,5.25475E+16
133496,3.17091E+18,3,2,41,1,2017,9,19,3,2,3,6,1,1,0,0,0,0,1,5.48921E+20,5.79822E+21,9.71794E+15,5.23321E+16
133497,3.17091E+18,3,1,55,11,2017,9,14,3,3,2,6,0,1,0,0,0,0,1,5.68209E+20,5.72954E+21,9.98726E+15,5.17127E+16
133498,3.17091E+18,3,2,57,18,2017,9,9,3,3,0,1,0,0,0,1,0,0,0,5.25184E+20,5.79128E+21,9.36908E+15,5.22714E+16
133499,3.17091E+18,3,1,58,37,2017,9,7,3,3,5,2,1,1,0,0,0,0,0,6.06233E+20,5.77916E+21,1.05528E+16,5.21527E+16
133500,3.17091E+18,3,1,1,0,2017,9,17,3,3,2,6,0,1,0,0,0,0,0,6.04364E+20,5.79746E+21,1.05311E+16,5.23175E+16
133501,3.17091E+18,3,1,1,0,2017,9,10,3,3,2,6,0,1,0,0,0,0,0,6.04157E+20,5.79134E+21,1.05262E+16,5.22625E+16
133502,3.17091E+18,3,1,1,0,2017,9,11,3,3,5,2,1,1,0,0,0,0,0,6.04271E+20,5.79167E+21,1.0528E+16,5.22655E+16
133503,3.17091E+18,3,1,1,0,2017,9,8,3,3,5,2,1,1,0,0,0,0,0,6.04698E+20,5.79302E+21,1.05346E+16,5.22775E+16
133504,3.17091E+18,3,1,1,0,2017,9,7,3,3,5,3,1,1,0,0,0,0,0,6.05375E+20,5.7924E+21,1.05444E+16,5.22719E+16
133505,3.17091E+18,3,4,57,13,2017,9,14,2,3,2,6,0,1,0,0,0,0,0,3.96369E+20,5.89862E+21,7.44761E+15,5.32268E+16
133506,3.17091E+18,3,4,52,1,2017,9,15,2,3,0,3,1,1,0,0,0,0,0,3.99962E+20,5.92716E+21,7.49239E+15,5.34839E+16
133507,3.17091E+18,3,4,53,13,2017,9,12,2,3,2,2,0,1,0,0,0,0,0,4.11032E+20,5.88475E+21,7.67105E+15,5.31048E+16
133508,3.17091E+18,3,4,3,0,2017,9,14,2,2,9,7,0,1,0,0,0,0,0,4.45994E+20,5.89091E+21,8.19218E+15,5.31648E+16
133509,3.17091E+18,3,2,51,40,2017,9,7,2,3,5,2,1,1,0,0,0,0,1,4.87428E+20,5.83765E+21,8.81401E+15,5.26886E+16
133510,3.17091E+18,3,3,52,56,2017,9,18,2,3,0,2,1,1,0,0,0,0,0,5.05303E+20,5.95228E+21,9.08035E+15,5.37192E+16
133511,3.17091E+18,3,3,53,31,2017,9,17,2,3,9,1,0,0,0,1,0,0,1,5.66903E+20,5.91522E+21,1.00058E+16,5.33819E+16
133512,3.17091E+18,3,3,59,10,2017,9,13,2,3,5,2,1,1,0,0,0,0,0,5.47474E+20,5.92519E+21,9.71526E+15,5.34735E+16
133513,3.17091E+18,3,3,57,44,2017,9,19,2,3,5,3,1,1,0,0,0,0,0,5.33295E+20,5.90389E+21,9.49941E+15,5.32832E+16
133514,3.17091E+18,3,3,57,8,2017,9,17,2,3,5,3,1,1,0,0,0,0,0,5.09509E+20,5.92619E+21,9.1433E+15,5.34846E+16
133515,3.17091E+18,3,3,57,39,2017,9,6,2,3,5,3,1,1,0,0,0,2,1,5.27299E+20,5.8846E+21,9.40782E+15,5.31102E+16
133516,3.17091E+18,3,3,60,25,2017,9,19,2,2,5,3,0,1,0,1,0,1,0,6.04343E+20,5.86925E+21,1.05535E+16,5.29627E+16
133517,3.17091E+18,3,3,55,22,2017,9,17,2,3,5,3,1,1,0,0,0,0,0,5.97487E+20,5.89973E+21,1.04607E+16,5.32379E+16
133518,3.17091E+18,3,3,51,6,2017,9,15,2,3,5,3,0,1,0,0,1,0,0,5.7247E+20,5.82801E+21,1.00699E+16,5.25973E+16
133519,3.17091E+18,3,3,51,6,2017,9,17,2,3,5,3,0,1,0,1,0,0,0,5.74986E+20,5.82837E+21,1.01072E+16,5.26002E+16
133520,3.17091E+18,3,2,41,1,2017,9,7,2,3,5,3,1,1,0,0,0,0,0,5.53547E+20,5.80601E+21,9.78706E+15,5.24017E+16
133521,3.17091E+18,3,2,41,1,2017,9,15,2,3,2,2,0,1,0,0,0,0,0,5.49492E+20,5.80309E+21,9.72704E+15,5.23758E+16
133522,3.17091E+18,3,2,41,1,2017,9,11,2,3,5,3,1,1,0,0,0,0,0,5.50478E+20,5.80307E+21,9.74151E+15,5.23756E+16
133523,3.17091E+18,3,2,41,1,2017,9,15,2,3,6,6,0,0,1,0,1,0,0,5.49226E+20,5.8024E+21,9.72303E+15,5.23696E+16
133524,3.17091E+18,3,2,41,1,2017,9,13,2,3,6,7,1,0,1,0,0,0,0,5.50528E+20,5.80705E+21,9.74285E+15,5.24113E+16
133525,3.17091E+18,3,2,52,2,2017,9,7,2,2,5,3,1,1,0,0,0,0,0,5.30976E+20,5.78237E+21,9.45315E+15,5.21909E+16
133526,3.17091E+18,3,1,59,10,2017,9,16,2,3,4,7,0,1,0,1,0,0,0,5.8714E+20,5.70748E+21,1.02557E+16,5.15117E+16
133527,3.17091E+18,3,1,59,16,2017,9,15,2,3,2,6,0,1,0,0,0,0,0,5.66425E+20,5.71162E+21,9.95806E+15,5.15517E+16
133528,3.17091E+18,3,1,54,28,2017,9,15,2,3,5,3,0,1,0,0,0,0,0,6.38065E+20,5.7883E+21,1.10215E+16,5.22278E+16
133529,3.17091E+18,3,1,3,0,2017,9,15,2,3,5,5,0,1,0,0,0,0,0,6.23217E+20,5.81188E+21,1.08129E+16,5.24432E+16
133530,3.17091E+18,3,1,57,9,2017,9,7,2,3,5,3,1,1,0,0,0,0,0,5.83433E+20,5.79176E+21,1.02227E+16,5.22699E+16
133531,3.17091E+18,3,1,53,18,2017,9,18,2,2,5,3,0,1,0,1,0,0,0,5.91964E+20,5.74188E+21,1.03343E+16,5.18201E+16
133532,3.17091E+18,3,1,51,40,2017,9,8,2,3,5,3,0,1,0,0,0,0,1,6.15106E+20,5.83792E+21,1.07026E+16,5.26789E+16
133533,3.17091E+18,3,1,1,0,2017,9,16,2,3,5,3,1,1,0,0,0,0,0,6.09168E+20,5.79465E+21,1.06007E+16,5.22913E+16
133534,3.17091E+18,3,4,57,10,2017,9,17,1,3,5,3,0,0,0,1,1,0,0,4.04415E+20,5.90967E+21,7.56478E+15,5.33276E+16
133535,3.17091E+18,3,4,60,8,2017,9,15,1,3,8,1,0,1,0,0,0,0,0,4.46195E+20,5.82919E+21,8.20539E+15,5.261E+16
133536,3.17091E+18,3,4,60,6,2017,9,1,1,3,0,1,0,1,0,0,0,2,1,4.48326E+20,5.83576E+21,8.23584E+15,5.26693E+16
133537,3.17091E+18,3,4,55,26,2017,9,14,1,3,5,3,0,1,0,0,0,0,0,4.42988E+20,5.91718E+21,8.14251E+15,5.34007E+16
133538,3.17091E+18,3,4,55,7,2017,9,12,1,3,2,6,0,1,0,0,0,0,0,4.27972E+20,5.9358E+21,7.91242E+15,5.35661E+16
133539,3.17091E+18,3,2,51,37,2017,9,18,1,2,5,3,0,1,0,1,0,0,0,4.86289E+20,5.87356E+21,8.79565E+15,5.30114E+16
133540,3.17091E+18,3,3,52,11,2017,9,13,1,3,6,4,0,1,1,0,0,0,0,4.76455E+20,5.9708E+21,8.64179E+15,5.38851E+16
133541,3.17091E+18,3,3,59,28,2017,9,2,1,3,5,3,1,1,0,0,0,2,0,5.4471E+20,5.93168E+21,9.67454E+15,5.35321E+16
133542,3.17091E+18,3,3,58,22,2017,9,14,1,3,5,3,0,1,0,1,0,0,0,5.40156E+20,5.8562E+21,9.59635E+15,5.2854E+16
133543,3.17091E+18,3,3,55,1,2017,9,17,1,3,0,1,0,0,0,1,0,0,0,5.98502E+20,5.90374E+21,1.04772E+16,5.32738E+16
133544,3.17091E+18,3,2,41,1,2017,9,17,1,3,3,2,1,1,0,0,0,0,0,5.49181E+20,5.80049E+21,9.72209E+15,5.23525E+16
133545,3.17091E+18,3,2,41,1,2017,9,8,1,3,6,3,0,1,1,0,0,0,0,5.51243E+20,5.80469E+21,9.753E+15,5.239E+16
133546,3.17091E+18,3,1,59,2,2017,9,17,1,2,4,2,0,1,0,1,0,0,0,5.81495E+20,5.73552E+21,1.01809E+16,5.17646E+16
133547,3.17091E+18,3,2,52,6,2017,9,15,1,3,6,4,0,1,1,0,0,0,0,5.26328E+20,5.77276E+21,9.38441E+15,5.21048E+16
133548,3.17091E+18,3,1,59,16,2017,9,21,1,3,0,1,1,0,0,0,0,2,0,5.64538E+20,5.71032E+21,9.9306E+15,5.15403E+16
133549,3.17091E+18,3,4,2,0,2017,9,14,7,3,5,3,0,1,0,1,0,0,1,3.8088E+20,5.91469E+21,7.20968E+15,5.33679E+16
133550,3.17091E+18,3,4,56,25,2017,9,14,7,2,5,3,0,1,0,0,0,0,0,3.77215E+20,5.81625E+21,7.19186E+15,5.24826E+16
133551,3.17091E+18,3,4,53,7,2017,9,15,7,3,9,7,0,1,0,0,0,0,1,4.23222E+20,5.867E+21,7.85732E+15,5.29471E+16
133552,3.17091E+18,3,4,5,0,2017,9,21,7,3,6,2,0,1,1,0,0,2,1,4.40203E+20,5.93081E+21,8.09804E+15,5.35228E+16
133553,3.17091E+18,3,4,5,0,2017,9,10,7,3,5,3,1,1,0,0,0,0,1,4.39989E+20,5.93446E+21,8.09411E+15,5.35556E+16
133554,3.17091E+18,3,4,5,0,2017,9,14,7,3,2,2,1,1,0,0,0,0,1,4.40253E+20,5.93047E+21,8.09885E+15,5.35198E+16
133555,3.17091E+18,3,4,3,0,2017,9,20,7,3,5,3,0,1,0,0,0,2,0,4.47414E+20,5.88467E+21,8.21444E+15,5.31089E+16
133556,3.17091E+18,3,2,51,23,2017,9,15,7,3,5,2,0,1,0,0,0,0,1,4.57606E+20,5.81261E+21,8.37602E+15,5.2462E+16
133557,3.17091E+18,3,3,55,22,2017,9,11,7,2,0,1,0,0,0,1,0,0,1,5.93583E+20,5.90049E+21,1.04025E+16,5.32454E+16
133558,3.17091E+18,3,3,51,6,2017,9,9,7,3,2,6,0,1,0,0,0,0,1,5.73482E+20,5.83197E+21,1.00858E+16,5.26328E+16
133559,3.17091E+18,3,2,41,1,2017,9,20,7,3,4,2,0,1,0,0,0,2,1,5.50111E+20,5.80717E+21,9.73673E+15,5.24125E+16
133560,3.17091E+18,3,2,41,21,2017,9,13,7,3,5,3,1,1,0,0,0,0,1,5.29114E+20,5.80804E+21,9.42813E+15,5.24218E+16
133561,3.17091E+18,3,2,41,5,2017,9,18,7,3,8,1,0,1,0,0,0,0,1,5.42056E+20,5.81043E+21,9.61873E+15,5.24424E+16
133562,3.17091E+18,3,2,41,8,2017,9,20,7,2,5,2,0,1,0,1,0,2,1,5.56355E+20,5.80893E+21,9.82882E+15,5.24276E+16
133563,3.17091E+18,3,2,41,1,2017,9,19,7,3,5,3,1,1,0,0,0,2,1,5.49376E+20,5.79966E+21,9.72482E+15,5.2345E+16
133564,3.17091E+18,3,2,41,1,2017,9,12,7,3,0,6,1,1,0,0,0,0,1,5.49883E+20,5.8049E+21,9.73305E+15,5.23921E+16
133565,3.17091E+18,3,1,59,2,2017,9,15,7,3,4,2,0,1,0,0,0,0,0,5.81685E+20,5.73614E+21,1.01838E+16,5.17702E+16
133566,3.17091E+18,3,2,54,2,2017,9,11,7,3,2,6,0,1,0,0,0,0,1,5.55611E+20,5.75953E+21,9.80977E+15,5.19836E+16
133567,3.17091E+18,3,2,54,11,2017,9,13,7,3,5,3,1,1,0,0,0,0,0,5.66157E+20,5.7731E+21,9.96594E+15,5.21045E+16
133568,3.17091E+18,3,1,2,0,2017,9,17,7,3,2,6,1,1,0,0,0,0,0,5.91289E+20,5.77987E+21,1.03346E+16,5.21618E+16
133569,3.17091E+18,3,1,53,12,2017,9,13,7,3,4,7,0,1,0,0,0,0,1,5.82268E+20,5.74277E+21,1.01938E+16,5.18297E+16
133570,3.17091E+18,3,1,1,0,2017,9,22,7,2,6,6,1,0,1,0,0,2,0,6.03879E+20,5.7913E+21,1.05221E+16,5.22623E+16
133571,3.17091E+18,3,1,1,0,2017,9,20,7,3,3,5,0,1,0,1,0,2,1,6.04348E+20,5.79207E+21,1.05292E+16,5.22691E+16
133572,3.17091E+18,3,4,59,24,2017,9,10,6,3,1,7,0,1,0,0,1,0,1,4.53455E+20,5.78359E+21,8.31895E+15,5.22008E+16
133573,3.17091E+18,3,4,4,0,2017,9,15,6,3,5,3,0,1,0,0,0,0,1,4.36957E+20,5.79243E+21,8.07592E+15,5.22787E+16
133574,3.17091E+18,3,4,4,0,2017,9,15,6,3,5,3,0,1,0,0,0,0,1,4.34582E+20,5.79145E+21,8.0413E+15,5.22695E+16
133575,3.17091E+18,3,4,2,0,2017,9,9,6,2,2,6,0,0,0,1,1,0,1,3.8045E+20,5.91483E+21,7.20316E+15,5.3369E+16
133576,3.17091E+18,3,4,2,0,2017,9,8,6,3,5,3,1,1,0,0,0,0,1,3.81266E+20,5.91593E+21,7.21501E+15,5.33791E+16
133577,3.17091E+18,3,4,54,41,2017,9,13,6,3,5,3,0,1,0,0,0,0,1,3.93321E+20,5.88216E+21,7.40746E+15,5.30783E+16
133578,3.17091E+18,3,4,56,15,2017,9,10,6,3,3,2,1,1,0,0,0,0,1,3.70003E+20,5.81067E+21,7.0879E+15,5.24307E+16
133579,3.17091E+18,3,4,60,9,2017,9,6,6,3,5,2,1,1,0,0,0,1,1,4.51824E+20,5.8416E+21,8.2867E+15,5.27222E+16
133580,3.17091E+18,3,4,53,4,2017,9,20,6,3,5,3,0,1,0,0,0,1,1,4.34763E+20,5.85464E+21,8.03153E+15,5.28375E+16
133581,3.17091E+18,3,4,5,0,2017,9,17,6,3,5,3,0,1,0,0,0,0,1,4.42599E+20,5.9314E+21,8.13406E+15,5.35284E+16
133582,3.17091E+18,3,3,61,9,2017,9,8,6,3,5,2,1,1,0,0,0,0,1,5.00883E+20,5.87781E+21,9.01317E+15,5.30498E+16
133583,3.17091E+18,3,4,51,4,2017,9,14,6,3,2,2,0,1,0,0,1,0,1,4.31694E+20,5.88499E+21,7.97958E+15,5.311E+16
133584,3.17091E+18,3,4,3,0,2017,9,10,6,3,5,3,1,1,0,0,0,0,1,4.48827E+20,5.89193E+21,8.23439E+15,5.31743E+16
133585,3.17091E+18,3,4,3,0,2017,9,7,6,3,2,6,0,1,0,0,0,0,1,4.47988E+20,5.89034E+21,8.2221E+15,5.31599E+16
133586,3.17091E+18,3,4,58,14,2017,9,14,6,2,5,3,1,1,0,0,0,0,1,4.61922E+20,5.86057E+21,8.434E+15,5.28935E+16
133587,3.17091E+18,3,4,58,14,2017,9,5,6,2,5,3,1,1,0,0,0,2,1,4.61921E+20,5.86058E+21,8.43397E+15,5.28935E+16
133588,3.17091E+18,3,4,1,0,2017,9,7,6,3,5,2,1,1,0,0,0,0,1,4.7389E+20,5.87736E+21,8.61053E+15,5.30451E+16
133589,3.17091E+18,3,3,53,19,2017,9,7,6,3,5,1,1,0,0,1,0,0,1,5.47639E+20,5.91319E+21,9.71593E+15,5.33657E+16
133590,3.17091E+18,3,3,59,20,2017,9,12,6,3,1,7,0,1,0,0,1,0,1,5.40648E+20,5.93597E+21,9.61382E+15,5.3571E+16
133591,3.17091E+18,3,3,59,40,2017,9,16,6,3,2,2,0,1,0,0,0,0,1,5.21035E+20,5.95777E+21,9.31913E+15,5.37681E+16
133592,3.17091E+18,3,3,55,1,2017,9,9,6,3,0,7,0,1,0,0,0,0,1,5.95822E+20,5.90434E+21,1.04372E+16,5.32796E+16
133593,3.17091E+18,3,3,55,22,2017,9,12,6,3,4,2,0,1,0,0,0,0,1,5.94042E+20,5.90136E+21,1.04096E+16,5.32532E+16
133594,3.17091E+18,3,3,55,22,2017,9,15,6,3,8,1,0,1,0,0,0,0,1,5.93894E+20,5.90339E+21,1.0408E+16,5.32714E+16
133595,3.17091E+18,3,3,55,22,2017,9,7,6,3,5,2,0,1,0,0,0,1,1,5.9528E+20,5.90083E+21,1.0428E+16,5.32482E+16
133596,3.17091E+18,3,2,41,1,2017,9,13,6,3,5,2,1,1,0,0,0,0,1,5.48553E+20,5.79934E+21,9.7127E+15,5.23422E+16
133597,3.17091E+18,3,2,41,1,2017,9,18,6,3,2,6,0,1,0,1,0,0,1,5.47742E+20,5.80297E+21,9.70131E+15,5.23749E+16
133598,3.17091E+18,3,2,41,1,2017,9,22,6,3,6,4,0,1,1,0,0,2,1,5.52918E+20,5.79835E+21,9.7766E+15,5.23329E+16
133599,3.17091E+18,3,2,41,1,2017,9,17,6,3,2,6,0,1,0,0,0,0,1,5.50042E+20,5.80536E+21,9.73545E+15,5.23962E+16
133600,3.17091E+18,3,2,41,5,2017,9,17,6,3,5,3,0,1,0,0,0,0,1,5.40389E+20,5.80804E+21,9.59392E+15,5.2421E+16
133601,3.17091E+18,3,2,41,4,2017,9,17,6,3,5,3,0,1,0,0,0,0,1,5.57404E+20,5.81541E+21,9.84537E+15,5.24858E+16
133602,3.17091E+18,3,2,41,1,2017,9,15,6,3,5,2,0,1,0,1,0,0,1,5.49578E+20,5.80331E+21,9.72833E+15,5.23778E+16
133603,3.17091E+18,3,2,41,1,2017,9,13,6,3,4,7,0,1,0,0,0,0,0,5.50994E+20,5.80037E+21,9.74868E+15,5.23512E+16
133604,3.17091E+18,3,2,41,1,2017,9,11,6,2,0,1,1,0,0,0,0,0,1,5.48183E+20,5.8028E+21,9.70777E+15,5.23733E+16
133605,3.17091E+18,3,1,59,26,2017,9,7,6,3,5,3,1,1,0,0,0,0,0,5.85992E+20,5.73155E+21,1.02451E+16,5.17283E+16
133606,3.17091E+18,3,1,54,28,2017,9,13,6,3,6,4,1,0,1,0,0,0,1,6.37049E+20,5.78827E+21,1.10066E+16,5.22277E+16
133607,3.17091E+18,3,1,54,28,2017,9,23,6,3,5,3,0,1,0,0,0,2,1,6.37024E+20,5.78884E+21,1.10065E+16,5.22329E+16
133608,3.17091E+18,3,1,58,37,2017,9,7,6,3,5,3,1,1,0,0,0,0,0,6.04871E+20,5.7798E+21,1.05331E+16,5.21587E+16
133609,3.17091E+18,3,1,53,17,2017,9,15,6,3,5,3,1,1,0,0,0,0,0,5.98292E+20,5.75183E+21,1.04289E+16,5.19085E+16
133610,3.17091E+18,3,1,51,12,2017,9,16,6,3,5,3,0,1,0,0,0,0,1,5.95324E+20,5.80772E+21,1.04015E+16,5.24114E+16
133611,3.17091E+18,3,1,1,0,2017,9,14,6,3,5,3,0,1,0,0,0,0,0,6.02626E+20,5.79153E+21,1.05038E+16,5.22646E+16
133612,3.17091E+18,3,4,4,0,2017,9,18,5,3,8,1,0,0,0,1,0,0,0,4.30712E+20,5.78883E+21,7.98514E+15,5.22455E+16
133613,3.17091E+18,3,4,4,0,2017,9,7,5,3,5,2,1,1,0,0,0,0,0,4.36275E+20,5.79415E+21,8.06561E+15,5.2294E+16
133614,3.17091E+18,3,4,2,0,2017,9,5,5,3,5,3,0,1,0,0,0,2,1,3.78592E+20,5.91119E+21,7.17664E+15,5.33359E+16
133615,3.17091E+18,3,4,54,57,2017,9,13,5,3,0,1,1,0,0,0,0,0,0,4.10537E+20,5.85647E+21,7.67148E+15,5.28506E+16
133616,3.17091E+18,3,4,56,14,2017,9,18,5,2,6,4,0,1,1,0,0,1,0,3.61696E+20,5.8173E+21,6.96304E+15,5.24883E+16
133617,3.17091E+18,3,4,5,0,2017,9,9,5,3,5,3,0,1,0,0,0,0,1,4.40683E+20,5.93057E+21,8.10532E+15,5.35207E+16
133618,3.17091E+18,3,4,5,0,2017,9,7,5,3,6,4,0,0,1,0,1,0,1,4.40364E+20,5.93012E+21,8.10059E+15,5.35166E+16
133619,3.17091E+18,3,3,56,10,2017,9,21,5,3,0,7,0,0,0,1,1,2,1,4.93076E+20,5.90756E+21,8.89606E+15,5.33172E+16
133620,3.17091E+18,3,4,3,0,2017,9,13,5,2,5,3,1,0,0,0,1,0,0,4.47785E+20,5.8882E+21,8.21942E+15,5.31406E+16
133621,3.17091E+18,3,2,51,37,2017,9,9,5,2,5,2,1,1,0,0,0,0,0,4.83451E+20,5.87533E+21,8.75326E+15,5.30272E+16
133622,3.17091E+18,3,2,51,46,2017,9,16,5,3,5,3,0,1,0,0,0,0,0,4.62762E+20,5.82993E+21,8.44996E+15,5.26181E+16
133623,3.17091E+18,3,4,1,0,2017,9,7,5,3,5,3,1,1,0,0,0,0,0,4.75486E+20,5.87771E+21,8.63431E+15,5.30484E+16
133624,3.17091E+18,3,3,57,8,2017,9,9,5,3,2,2,1,1,0,0,0,0,0,5.09568E+20,5.92627E+21,9.14419E+15,5.34853E+16
133625,3.17091E+18,3,3,55,22,2017,9,12,5,3,2,6,0,1,0,0,0,0,0,5.96379E+20,5.9013E+21,1.04446E+16,5.32522E+16
133626,3.17091E+18,3,3,51,10,2017,9,19,5,3,8,1,0,1,0,0,0,0,0,5.81688E+20,5.8622E+21,1.02145E+16,5.29032E+16
133627,3.17091E+18,3,3,51,6,2017,9,16,5,3,5,3,0,1,0,1,0,0,0,5.72071E+20,5.82924E+21,1.00643E+16,5.26084E+16
133628,3.17091E+18,3,3,51,6,2017,9,13,5,3,3,6,1,0,0,0,0,0,0,5.71757E+20,5.83029E+21,1.00599E+16,5.26179E+16
133629,3.17091E+18,3,2,41,1,2017,9,17,5,3,5,3,0,1,0,0,0,0,1,5.47178E+20,5.80502E+21,9.69332E+15,5.23934E+16
133630,3.17091E+18,3,2,41,1,2017,9,15,5,3,5,2,1,1,0,0,0,0,0,5.53934E+20,5.80548E+21,9.79266E+15,5.23969E+16
133631,3.17091E+18,3,2,41,1,2017,9,15,5,3,1,5,0,1,0,1,0,0,1,5.49965E+20,5.80305E+21,9.73397E+15,5.23754E+16
133632,3.17091E+18,3,2,41,19,2017,9,14,5,3,6,4,0,1,1,0,0,0,0,5.50529E+20,5.8222E+21,9.74516E+15,5.25476E+16
133633,3.17091E+18,3,2,41,11,2017,9,17,5,3,5,7,1,1,0,0,0,0,1,5.66605E+20,5.8041E+21,9.97859E+15,5.23831E+16
133634,3.17091E+18,3,2,41,4,2017,9,14,5,3,5,3,1,1,0,0,0,0,1,5.58678E+20,5.81542E+21,9.86413E+15,5.24858E+16
133635,3.17091E+18,3,2,41,10,2017,9,17,5,2,0,1,1,0,0,0,0,0,0,5.46953E+20,5.81019E+21,9.69073E+15,5.24399E+16
133636,3.17091E+18,3,2,41,1,2017,9,13,5,3,6,4,1,0,1,0,0,0,1,5.50221E+20,5.80409E+21,9.73789E+15,5.23847E+16
133637,3.17091E+18,3,2,52,7,2017,9,16,5,3,3,6,0,1,0,0,0,0,0,5.16778E+20,5.77956E+21,9.2453E+15,5.21663E+16
133638,3.17091E+18,3,2,52,7,2017,9,13,5,3,2,2,0,1,0,0,0,0,1,5.1714E+20,5.77953E+21,9.2506E+15,5.2166E+16
133639,3.17091E+18,3,2,52,6,2017,9,13,5,3,5,3,1,1,0,0,0,0,1,5.24626E+20,5.77237E+21,9.35952E+15,5.21013E+16
133640,3.17091E+18,3,2,52,6,2017,9,12,5,3,1,7,0,1,0,1,0,0,1,5.23486E+20,5.77306E+21,9.34293E+15,5.21076E+16
133641,3.17091E+18,3,1,59,16,2017,9,7,5,3,2,6,0,1,0,1,0,0,1,5.65952E+20,5.70933E+21,9.95081E+15,5.15312E+16
133642,3.17091E+18,3,1,54,28,2017,9,13,5,3,6,1,1,0,1,0,0,0,0,6.37566E+20,5.78763E+21,1.10139E+16,5.22219E+16
133643,3.17091E+18,3,1,3,0,2017,9,14,5,3,4,2,0,1,0,1,0,0,0,6.21155E+20,5.81001E+21,1.07819E+16,5.24269E+16