OBJECTID,UIDENTSTLA,ULAND,UREGBEZ,UKREIS,UGEMEINDE,UJAHR,UMONAT,USTUNDE,UWOCHENTAG,UKATEGORIE,UART,UTYP1,IstRad,IstPKW,IstFuss,IstKrad,IstSonstig,LICHT,STRZUSTAND,LINREFX,LINREFY,XGCSWGS84,YGCSWGS84
133817,3.17092E+18,3,4,4,0,2017,9,12,2,3,5,3,1,0,0,0,0,0,1,4.34456E+20,5.79221E+21,8.03931E+15,5.22764E+16
133818,3.17092E+18,3,4,4,0,2017,9,6,2,3,3,5,1,1,0,0,0,1,1,4.34855E+20,5.79124E+21,8.04535E+15,5.22676E+16
133819,3.17092E+18,3,4,52,7,2017,9,11,2,2,5,3,0,1,0,0,0,0,0,3.92591E+20,5.93693E+21,7.378E+15,5.35702E+16
133820,3.17092E+18,3,4,53,4,2017,9,7,2,3,3,2,1,1,0,0,0,0,0,4.35688E+20,5.85665E+21,8.04486E+15,5.28557E+16
133821,3.17092E+18,3,4,5,0,2017,9,16,2,3,5,3,1,1,0,0,0,0,0,4.38955E+20,5.93529E+21,8.07834E+15,5.3563E+16
133822,3.17092E+18,3,3,61,1,2017,9,17,2,3,6,6,0,1,1,0,0,0,0,5.02899E+20,5.87324E+21,9.0432E+15,5.30087E+16
133823,3.17092E+18,3,3,61,12,2017,9,17,2,3,1,6,0,1,0,0,0,0,0,5.15457E+20,5.86292E+21,9.22987E+15,5.29157E+16
133824,3.17092E+18,3,4,3,0,2017,9,22,2,3,5,3,1,1,0,0,0,2,1,4.46512E+20,5.88992E+21,8.20009E+15,5.3156E+16
133825,3.17092E+18,3,4,3,0,2017,9,17,2,3,5,7,0,1,0,0,0,0,0,4.47509E+20,5.88995E+21,8.21499E+15,5.31563E+16
133826,3.17092E+18,3,4,3,0,2017,9,14,2,2,6,4,0,0,1,0,1,0,0,4.46649E+20,5.8937E+21,8.20151E+15,5.31899E+16
133827,3.17092E+18,3,4,3,0,2017,9,7,2,3,0,7,1,0,0,0,1,0,0,4.4722E+20,5.88877E+21,8.21087E+15,5.31457E+16
133828,3.17092E+18,3,4,3,0,2017,9,10,2,2,5,3,1,1,0,0,0,0,0,4.46291E+20,5.89135E+21,8.19654E+15,5.31688E+16
133829,3.17092E+18,3,2,51,7,2017,9,6,2,3,8,1,0,1,0,0,0,1,0,4.83652E+20,5.85674E+21,8.75719E+15,5.28601E+16
133830,3.17092E+18,3,4,1,0,2017,9,20,2,3,5,3,1,1,0,0,0,2,0,4.78111E+20,5.87707E+21,8.67352E+15,5.30427E+16
133831,3.17092E+18,3,4,1,0,2017,9,8,2,3,5,3,1,1,0,0,0,0,0,4.74555E+20,5.8786E+21,8.62036E+15,5.30563E+16
133832,3.17092E+18,3,3,60,2,2017,9,13,2,3,5,7,0,1,0,1,0,0,0,6.0594E+20,5.88192E+21,1.05814E+16,5.30763E+16
133833,3.17092E+18,3,3,60,4,2017,9,12,2,3,5,3,0,1,0,0,1,0,0,5.99756E+20,5.88914E+21,1.04914E+16,5.31423E+16
133834,3.17092E+18,3,3,55,1,2017,9,9,2,3,5,3,1,1,0,0,0,0,0,5.95588E+20,5.90376E+21,1.04335E+16,5.32745E+16
133835,3.17092E+18,3,3,55,22,2017,9,20,2,3,2,6,0,1,0,0,0,2,0,5.9374E+20,5.89897E+21,1.04044E+16,5.32317E+16
133836,3.17092E+18,3,3,55,22,2017,9,10,2,2,6,2,0,1,1,0,0,0,0,5.94089E+20,5.90019E+21,1.041E+16,5.32426E+16
133837,3.17092E+18,3,2,41,1,2017,9,16,2,3,0,6,0,1,0,1,0,0,1,5.48853E+20,5.79907E+21,9.71706E+15,5.23398E+16
133838,3.17092E+18,3,2,41,1,2017,9,18,2,3,0,1,1,0,0,0,1,0,1,5.50368E+20,5.80196E+21,9.73973E+15,5.23656E+16
133839,3.17092E+18,3,2,41,1,2017,9,20,2,3,2,2,0,1,0,0,0,2,1,5.50371E+20,5.80236E+21,9.73983E+15,5.23692E+16
133840,3.17092E+18,3,2,41,10,2017,9,12,2,3,5,3,1,1,0,0,0,0,0,5.50129E+20,5.81035E+21,9.73748E+15,5.2441E+16
133841,3.17092E+18,3,2,41,3,2017,9,10,2,3,3,2,1,1,0,0,0,0,0,5.67139E+20,5.81252E+21,9.98812E+15,5.24587E+16
133842,3.17092E+18,3,2,41,1,2017,9,14,2,3,5,2,1,1,0,0,0,0,1,5.48156E+20,5.80235E+21,9.7073E+15,5.23693E+16
133843,3.17092E+18,3,2,41,9,2017,9,18,2,2,6,2,0,1,1,0,0,0,1,5.55287E+20,5.79486E+21,9.8108E+15,5.23013E+16
133844,3.17092E+18,3,2,41,1,2017,9,18,2,2,5,3,1,1,0,0,0,0,1,5.45686E+20,5.80748E+21,9.67174E+15,5.24156E+16
133845,3.17092E+18,3,2,41,1,2017,9,11,2,3,2,2,1,1,0,0,0,0,1,5.51108E+20,5.80498E+21,9.75106E+15,5.23927E+16
133846,3.17092E+18,3,1,55,1,2017,9,9,2,3,2,6,0,1,0,0,0,0,0,5.71006E+20,5.74677E+21,1.00313E+16,5.18672E+16
133847,3.17092E+18,3,1,55,1,2017,9,14,2,3,5,3,1,1,0,0,0,0,0,5.70695E+20,5.7472E+21,1.00268E+16,5.18711E+16
133848,3.17092E+18,3,2,57,35,2017,9,17,2,3,4,3,1,1,0,0,0,0,1,5.13569E+20,5.79737E+21,9.1991E+15,5.23265E+16
133849,3.17092E+18,3,2,57,32,2017,9,16,2,3,5,3,0,1,0,1,0,0,1,5.24608E+20,5.79551E+21,9.36094E+15,5.23094E+16
133850,3.17092E+18,3,2,54,2,2017,9,14,2,3,5,3,0,1,0,0,0,0,1,5.5575E+20,5.75943E+21,9.81177E+15,5.19828E+16
133851,3.17092E+18,3,2,55,23,2017,9,16,2,3,5,5,0,1,0,1,0,0,1,5.32013E+20,5.74352E+21,9.46468E+15,5.18416E+16
133852,3.17092E+18,3,1,59,16,2017,9,17,2,3,4,2,0,1,0,1,0,0,0,5.65544E+20,5.70885E+21,9.94483E+15,5.1527E+16
133853,3.17092E+18,3,1,53,17,2017,9,15,2,2,6,4,0,1,1,0,0,0,1,5.97722E+20,5.75181E+21,1.04206E+16,5.19085E+16
133854,3.17092E+18,3,1,51,39,2017,9,17,2,3,5,3,0,1,0,1,0,0,1,6.17056E+20,5.81403E+21,1.0723E+16,5.24639E+16
133855,3.17092E+18,3,1,51,9,2017,9,12,2,3,2,6,0,1,0,0,0,0,0,6.04865E+20,5.81533E+21,1.05441E+16,5.2478E+16
133856,3.17092E+18,3,1,1,0,2017,9,17,2,3,8,1,0,0,0,1,0,0,1,6.02921E+20,5.78945E+21,1.05075E+16,5.22458E+16
133857,3.17092E+18,3,1,1,0,2017,9,8,2,3,0,7,0,0,0,0,1,0,0,6.04157E+20,5.79165E+21,1.05263E+16,5.22653E+16
133858,3.17092E+18,3,1,1,0,2017,9,5,2,3,0,1,0,0,0,1,0,2,1,6.02722E+20,5.78714E+21,1.05039E+16,5.22251E+16
133859,3.17092E+18,3,4,59,6,2017,9,10,1,2,5,3,0,1,0,0,0,0,0,4.43764E+20,5.77333E+21,8.17886E+15,5.21076E+16
133860,3.17092E+18,3,4,4,0,2017,9,11,1,3,3,6,0,1,0,0,0,0,0,4.35867E+20,5.78828E+21,8.06074E+15,5.22412E+16
133861,3.17092E+18,3,4,2,0,2017,9,17,1,3,5,3,1,1,0,0,0,0,1,3.81049E+20,5.91566E+21,7.21185E+15,5.33766E+16
133862,3.17092E+18,3,4,2,0,2017,9,22,1,3,5,3,0,1,0,0,0,2,1,3.78026E+20,5.91434E+21,7.16694E+15,5.3364E+16
133863,3.17092E+18,3,4,57,24,2017,9,17,1,3,5,3,1,1,0,0,0,0,0,3.84248E+20,5.89424E+21,7.26772E+15,5.31849E+16
133864,3.17092E+18,3,4,54,41,2017,9,22,1,3,5,3,1,1,0,0,0,2,1,3.92203E+20,5.88363E+21,7.39028E+15,5.30913E+16
133865,3.17092E+18,3,4,56,15,2017,9,17,1,3,5,3,1,1,0,0,0,0,0,3.68629E+20,5.81166E+21,7.06731E+15,5.24393E+16
133866,3.17092E+18,3,4,54,35,2017,9,21,1,3,2,6,0,1,0,0,0,0,0,3.84498E+20,5.83891E+21,7.29115E+15,5.26878E+16
133867,3.17092E+18,3,4,54,32,2017,9,19,1,2,9,1,0,0,0,1,0,0,1,3.89941E+20,5.82254E+21,7.37709E+15,5.25418E+16
133868,3.17092E+18,3,4,54,32,2017,9,0,1,2,2,2,1,1,0,0,0,2,0,3.87511E+20,5.82002E+21,7.34214E+15,5.25187E+16
133869,3.17092E+18,3,3,53,29,2017,9,14,1,3,9,1,0,1,0,0,0,0,0,5.61597E+20,5.91812E+21,9.92662E+15,5.34086E+16
133870,3.17092E+18,3,3,55,1,2017,9,18,1,3,5,3,1,1,0,0,0,0,0,5.95502E+20,5.90354E+21,1.04321E+16,5.32725E+16
133871,3.17092E+18,3,3,55,22,2017,9,19,1,3,5,2,1,1,0,0,0,1,1,5.94485E+20,5.90078E+21,1.04161E+16,5.32479E+16
133872,3.17092E+18,3,1,55,13,2017,9,21,1,3,8,1,0,1,0,0,0,2,0,5.594E+20,5.74184E+21,9.86188E+15,5.18242E+16
133873,3.17092E+18,3,2,54,20,2017,9,19,1,3,5,3,0,1,0,0,0,1,1,5.65304E+20,5.78468E+21,9.95571E+15,5.22087E+16
133874,3.17092E+18,3,2,54,44,2017,9,10,1,3,0,1,0,1,0,1,0,0,0,5.69482E+20,5.75668E+21,1.00111E+16,5.19565E+16
133875,3.17092E+18,3,1,59,16,2017,9,15,1,3,0,1,0,0,0,1,0,0,1,5.66752E+20,5.71021E+21,9.9625E+15,5.1539E+16
133876,3.17092E+18,3,1,1,0,2017,9,4,1,3,5,3,0,1,0,0,1,2,0,6.03503E+20,5.79094E+21,1.05165E+16,5.22591E+16
133877,3.17092E+18,3,4,59,10,2017,9,11,7,3,0,3,0,1,0,1,0,0,0,4.28869E+20,5.82248E+21,7.951E+15,5.25477E+16
133878,3.17092E+18,3,4,54,51,2017,9,17,7,3,0,7,0,0,0,0,1,0,0,3.98258E+20,5.87356E+21,7.48385E+15,5.30019E+16
133879,3.17092E+18,3,4,56,15,2017,9,21,7,3,4,6,1,0,0,0,0,2,0,3.68898E+20,5.81138E+21,7.07137E+15,5.24369E+16
133880,3.17092E+18,3,4,55,15,2017,9,20,7,3,5,3,1,1,0,0,0,1,1,4.30156E+20,5.93317E+21,7.94598E+15,5.35428E+16
133881,3.17092E+18,3,4,3,0,2017,9,19,7,3,4,2,1,0,0,0,1,0,0,4.48114E+20,5.89311E+21,8.22353E+15,5.31848E+16
133882,3.17092E+18,3,3,59,10,2017,9,13,7,3,5,3,1,1,0,0,0,0,0,5.45689E+20,5.92488E+21,9.68833E+15,5.34709E+16
133883,3.17092E+18,3,3,59,14,2017,9,22,7,3,9,7,0,1,0,0,0,2,0,5.24645E+20,5.93619E+21,9.37219E+15,5.3574E+16
133884,3.17092E+18,3,3,57,1,2017,9,22,7,3,9,1,0,1,0,0,0,2,1,5.20901E+20,5.87913E+21,9.31188E+15,5.30612E+16
133885,3.17092E+18,3,3,55,4,2017,9,9,7,3,5,5,1,1,0,0,0,0,0,5.92669E+20,5.90534E+21,1.03902E+16,5.32892E+16
133886,3.17092E+18,3,2,41,1,2017,9,13,7,3,5,2,0,1,0,0,0,0,0,5.48643E+20,5.80143E+21,9.71433E+15,5.2361E+16
133887,3.17092E+18,3,2,41,1,2017,9,23,7,3,6,4,0,1,1,0,0,2,0,5.55787E+20,5.79733E+21,9.81854E+15,5.23235E+16
133888,3.17092E+18,3,2,41,1,2017,9,9,7,2,5,3,1,1,0,0,0,0,0,5.52102E+20,5.80142E+21,9.76511E+15,5.23606E+16
133889,3.17092E+18,3,2,54,29,2017,9,20,7,2,8,7,0,1,0,0,0,2,0,5.74653E+20,5.7802E+21,1.00915E+16,5.21672E+16
133890,3.17092E+18,3,2,54,21,2017,9,0,7,3,1,5,0,1,0,1,0,2,1,5.65957E+20,5.77876E+21,9.96412E+15,5.21554E+16
133891,3.17092E+18,3,2,52,6,2017,9,18,7,3,5,3,1,1,0,0,0,0,0,5.24223E+20,5.77275E+21,9.35368E+15,5.21047E+16
133892,3.17092E+18,3,1,51,9,2017,9,14,7,2,5,3,0,1,0,0,1,0,0,6.00087E+20,5.81866E+21,1.04747E+16,5.25089E+16
133893,3.17092E+18,3,1,51,9,2017,9,10,7,3,0,2,0,1,1,0,0,0,0,6.04876E+20,5.81611E+21,1.05445E+16,5.24851E+16
133894,3.17092E+18,3,4,57,22,2017,9,12,6,3,4,6,1,1,0,0,0,0,0,3.93582E+20,5.88548E+21,7.41025E+15,5.31081E+16
133895,3.17092E+18,3,4,2,0,2017,9,19,6,3,5,3,0,1,0,0,0,1,0,3.81242E+20,5.91709E+21,7.21421E+15,5.33895E+16
133896,3.17092E+18,3,4,54,41,2017,9,6,6,3,9,1,0,1,0,0,0,1,1,3.89372E+20,5.88333E+21,7.34813E+15,5.3088E+16
133897,3.17092E+18,3,4,56,27,2017,9,13,6,3,5,3,1,1,0,0,0,0,1,3.78132E+20,5.79716E+21,7.21232E+15,5.23112E+16
133898,3.17092E+18,3,4,56,15,2017,9,15,6,3,9,7,0,1,0,0,0,0,0,3.66803E+20,5.81329E+21,7.03982E+15,5.24535E+16
133899,3.17092E+18,3,4,56,15,2017,9,8,6,2,1,1,0,1,0,0,0,0,1,3.6917E+20,5.81017E+21,7.07584E+15,5.24261E+16
133900,3.17092E+18,3,4,56,25,2017,9,21,6,2,8,1,0,1,0,0,0,2,0,3.8173E+20,5.82275E+21,7.256E+15,5.2542E+16
133901,3.17092E+18,3,4,53,2,2017,9,13,6,3,5,3,1,1,0,0,0,0,0,4.29412E+20,5.87273E+21,7.94818E+15,5.29995E+16
133902,3.17092E+18,3,4,60,6,2017,9,16,6,2,5,3,1,1,0,0,0,0,0,4.46913E+20,5.83642E+21,8.21483E+15,5.26751E+16
133903,3.17092E+18,3,4,53,5,2017,9,14,6,3,4,6,1,1,0,0,0,0,0,4.4292E+20,5.85355E+21,8.1528E+15,5.28287E+16
133904,3.17092E+18,3,4,5,0,2017,9,11,6,3,5,3,0,1,0,0,0,0,0,4.407E+20,5.93097E+21,8.1055E+15,5.35243E+16
133905,3.17092E+18,3,3,56,3,2017,9,13,6,3,5,3,0,1,0,0,0,0,0,4.87609E+20,5.90461E+21,8.81412E+15,5.32906E+16
133906,3.17092E+18,3,3,61,12,2017,9,16,6,3,5,3,1,1,0,0,0,0,0,5.16208E+20,5.86404E+21,9.24111E+15,5.29258E+16
133907,3.17092E+18,3,4,51,2,2017,9,16,6,3,8,1,0,1,0,0,0,0,0,4.28531E+20,5.88921E+21,7.93139E+15,5.31475E+16
133908,3.17092E+18,3,4,51,2,2017,9,13,6,3,5,3,1,1,0,0,0,0,0,4.32716E+20,5.89256E+21,7.99325E+15,5.31782E+16
133909,3.17092E+18,3,4,3,0,2017,9,18,6,3,5,3,1,0,0,0,0,0,0,4.46287E+20,5.89135E+21,8.19649E+15,5.31688E+16
133910,3.17092E+18,3,4,3,0,2017,9,18,6,3,2,6,1,1,0,0,0,0,0,4.4801E+20,5.88921E+21,8.2226E+15,5.31498E+16
133911,3.17092E+18,3,4,3,0,2017,9,12,6,3,5,3,1,1,0,0,0,0,0,4.48884E+20,5.88642E+21,8.23613E+15,5.31247E+16
133912,3.17092E+18,3,2,51,12,2017,9,9,6,3,5,3,1,1,0,0,0,0,0,4.5773E+20,5.82882E+21,8.37579E+15,5.26078E+16
133913,3.17092E+18,3,4,58,2,2017,9,12,6,3,2,6,0,1,0,0,0,0,0,4.66834E+20,5.85168E+21,8.5079E+15,5.28139E+16
133914,3.17092E+18,3,4,58,3,2017,9,23,6,3,8,1,0,1,0,0,0,2,0,4.5549E+20,5.87035E+21,8.33705E+15,5.29809E+16
133915,3.17092E+18,3,4,58,3,2017,9,15,6,3,0,3,1,1,0,0,0,0,0,4.58692E+20,5.86531E+21,8.38539E+15,5.29358E+16
133916,3.17092E+18,3,3,58,18,2017,9,7,6,3,5,3,1,1,0,0,0,0,0,5.25386E+20,5.8484E+21,9.37641E+15,5.27848E+16
133917,3.17092E+18,3,3,58,19,2017,9,10,6,3,7,7,1,0,0,0,1,0,0,5.56676E+20,5.87937E+21,9.84572E+15,5.30608E+16
133918,3.17092E+18,3,3,55,22,2017,9,14,6,3,5,3,1,1,0,0,0,0,0,5.9249E+20,5.90311E+21,1.03869E+16,5.32691E+16
133919,3.17092E+18,3,2,41,1,2017,9,16,6,3,5,3,0,1,0,0,0,0,1,5.50483E+20,5.8048E+21,9.74185E+15,5.23911E+16
133920,3.17092E+18,3,2,41,21,2017,9,12,6,3,5,3,0,1,0,0,1,0,0,5.30578E+20,5.80754E+21,9.44961E+15,5.24173E+16
133921,3.17092E+18,3,2,41,16,2017,9,9,6,3,0,5,1,1,0,0,0,0,0,5.65948E+20,5.79625E+21,9.96741E+15,5.23126E+16
133922,3.17092E+18,3,2,41,10,2017,9,15,6,3,0,1,0,1,0,1,0,0,1,5.49536E+20,5.81033E+21,9.72876E+15,5.24409E+16
133923,3.17092E+18,3,2,41,10,2017,9,7,6,3,0,3,1,1,0,0,0,0,0,5.50174E+20,5.81084E+21,9.73822E+15,5.24455E+16
133924,3.17092E+18,3,2,41,1,2017,9,16,6,3,6,4,0,1,1,0,0,0,0,5.51296E+20,5.80379E+21,9.75365E+15,5.2382E+16
133925,3.17092E+18,3,2,41,1,2017,9,19,6,3,0,1,1,0,0,0,0,0,1,5.52223E+20,5.8073E+21,9.7678E+15,5.24134E+16
133926,3.17092E+18,3,2,41,1,2017,9,16,6,3,5,3,1,0,0,0,0,0,0,5.4859E+20,5.80246E+21,9.7137E+15,5.23703E+16
133927,3.17092E+18,3,2,41,1,2017,9,14,6,3,5,2,1,1,0,0,0,0,0,5.49751E+20,5.8056E+21,9.73121E+15,5.23984E+16
133928,3.17092E+18,3,2,41,1,2017,9,12,6,3,0,7,0,1,0,0,0,0,0,5.49674E+20,5.80492E+21,9.72998E+15,5.23923E+16
133929,3.17092E+18,3,2,54,21,2017,9,18,6,3,5,3,0,1,0,0,0,0,1,5.66436E+20,5.77961E+21,9.97128E+15,5.2163E+16
133930,3.17092E+18,3,2,52,6,2017,9,14,6,2,6,7,0,1,1,0,0,0,1,5.26191E+20,5.77329E+21,9.38245E+15,5.21095E+16
133931,3.17092E+18,3,1,59,10,2017,9,7,6,3,8,7,1,0,0,0,0,0,0,5.8742E+20,5.70784E+21,1.02599E+16,5.15149E+16
133932,3.17092E+18,3,1,59,16,2017,9,17,6,3,5,7,0,1,0,0,0,0,1,5.63674E+20,5.70861E+21,9.91784E+15,5.1525E+16
133933,3.17092E+18,3,1,59,16,2017,9,9,6,3,5,3,1,1,0,0,0,0,0,5.63188E+20,5.71068E+21,9.9112E+15,5.15437E+16
133934,3.17092E+18,3,1,58,40,2017,9,14,6,3,5,3,1,1,0,0,0,0,0,6.14801E+20,5.77509E+21,1.06766E+16,5.21144E+16
133935,3.17092E+18,3,1,1,0,2017,9,18,6,3,3,2,1,1,0,0,0,1,0,6.02956E+20,5.79217E+21,1.05089E+16,5.22702E+16
133936,3.17092E+18,3,1,1,0,2017,9,16,6,3,5,3,1,0,0,0,0,0,1,6.02988E+20,5.79008E+21,1.05087E+16,5.22515E+16
133937,3.17092E+18,3,1,1,0,2017,9,9,6,3,2,6,0,1,0,0,0,0,0,6.05742E+20,5.79182E+21,1.05496E+16,5.22666E+16
133938,3.17091E+18,3,4,59,13,2017,9,6,5,3,5,2,1,1,0,0,0,0,0,4.49629E+20,5.80666E+21,8.25952E+15,5.24078E+16
133939,3.17091E+18,3,4,59,10,2017,9,14,5,3,5,3,1,1,0,0,0,0,1,4.28184E+20,5.82311E+21,7.94076E+15,5.25533E+16
133940,3.17091E+18,3,4,4,0,2017,9,7,5,2,5,2,1,1,0,0,0,0,0,4.34537E+20,5.79112E+21,8.04071E+15,5.22666E+16
133941,3.17091E+18,3,4,4,0,2017,9,9,5,3,3,5,1,0,0,0,1,0,0,4.32853E+20,5.79411E+21,8.01545E+15,5.22933E+16
133942,3.17091E+18,3,4,54,32,2017,9,11,5,3,5,3,0,1,0,1,0,0,0,3.87936E+20,5.82315E+21,7.34734E+15,5.25469E+16
133943,3.17091E+18,3,4,52,1,2017,9,13,5,3,4,6,0,0,0,1,1,0,1,3.97675E+20,5.92535E+21,7.45854E+15,5.34672E+16
133944,3.17091E+18,3,3,61,12,2017,9,10,5,3,0,1,1,0,0,0,0,0,0,5.15293E+20,5.86357E+21,9.22747E+15,5.29215E+16
133945,3.17091E+18,3,3,59,10,2017,9,11,5,3,5,3,1,1,0,0,0,0,0,5.44821E+20,5.92433E+21,9.67517E+15,5.34661E+16
133946,3.17091E+18,3,3,59,38,2017,9,15,5,2,4,7,0,1,0,0,1,0,0,5.32127E+20,5.93815E+21,9.48537E+15,5.35912E+16
133947,3.17091E+18,3,3,58,22,2017,9,16,5,3,5,3,1,1,0,0,0,0,0,5.39011E+20,5.85687E+21,9.57943E+15,5.28601E+16
133948,3.17091E+18,3,3,60,25,2017,9,16,5,3,4,6,1,0,0,0,0,0,0,6.04112E+20,5.86989E+21,1.05503E+16,5.29685E+16
133949,3.17091E+18,3,3,54,18,2017,9,16,5,3,4,1,1,0,0,0,0,0,0,6.45672E+20,5.87103E+21,1.11692E+16,5.2969E+16
133950,3.17091E+18,3,2,41,1,2017,9,17,5,3,5,2,1,0,0,0,1,0,0,5.5031E+20,5.8017E+21,9.73884E+15,5.23633E+16
133951,3.17091E+18,3,2,41,1,2017,9,14,5,3,1,5,1,1,0,0,0,0,0,5.48251E+20,5.80726E+21,9.70941E+15,5.24134E+16
133952,3.17091E+18,3,2,41,1,2017,9,15,5,3,0,7,1,0,0,0,0,0,0,5.45459E+20,5.80337E+21,9.66783E+15,5.23787E+16
133953,3.17091E+18,3,2,41,1,2017,9,13,5,3,8,1,0,1,0,0,0,0,1,5.57848E+20,5.80733E+21,9.85051E+15,5.24132E+16
133954,3.17091E+18,3,2,56,32,2017,9,14,5,3,5,3,1,1,0,0,0,0,0,5.04977E+20,5.81793E+21,9.07333E+15,5.25115E+16
133955,3.17091E+18,3,2,57,6,2017,9,7,5,3,0,7,1,1,0,0,0,0,0,5.25254E+20,5.79818E+21,9.37062E+15,5.23334E+16
133956,3.17091E+18,3,2,56,14,2017,9,17,5,3,2,6,0,1,0,0,0,0,0,5.09527E+20,5.85156E+21,9.14136E+15,5.28137E+16
133957,3.17091E+18,3,2,56,14,2017,9,14,5,3,5,3,1,1,0,0,0,0,0,5.09906E+20,5.85076E+21,9.14695E+15,5.28065E+16
133958,3.17091E+18,3,2,52,6,2017,9,13,5,2,3,2,1,0,0,0,0,0,1,5.23768E+20,5.77304E+21,9.34705E+15,5.21074E+16
133959,3.17091E+18,3,1,59,16,2017,9,20,5,3,3,7,0,1,0,1,0,2,1,5.64797E+20,5.70999E+21,9.93428E+15,5.15373E+16
133960,3.17091E+18,3,1,59,16,2017,9,15,5,3,2,6,0,1,0,0,0,0,1,5.65545E+20,5.70946E+21,9.94496E+15,5.15324E+16
133961,3.17091E+18,3,1,59,16,2017,9,15,5,3,5,2,1,0,0,1,0,0,1,5.64802E+20,5.70883E+21,9.93414E+15,5.15269E+16
133962,3.17091E+18,3,1,59,16,2017,9,14,5,3,5,2,1,1,0,0,0,0,0,5.64615E+20,5.71081E+21,9.9318E+15,5.15447E+16
133963,3.17091E+18,3,1,59,16,2017,9,10,5,3,0,5,1,1,0,0,0,0,0,5.6475E+20,5.71163E+21,9.9339E+15,5.15521E+16
133964,3.17091E+18,3,1,54,21,2017,9,20,5,3,2,2,1,1,0,0,0,2,1,6.3016E+20,5.78789E+21,1.09057E+16,5.2226E+16
133965,3.17091E+18,3,1,54,28,2017,9,20,5,3,5,3,0,1,0,0,0,2,1,6.36834E+20,5.78911E+21,1.10038E+16,5.22354E+16
133966,3.17091E+18,3,1,2,0,2017,9,14,5,3,6,7,0,0,1,0,1,0,1,5.94314E+20,5.76731E+21,1.03753E+16,5.20483E+16
133967,3.17091E+18,3,1,2,0,2017,9,9,5,3,2,6,0,1,0,1,0,0,0,5.91071E+20,5.77775E+21,1.03309E+16,5.21428E+16
133968,3.17091E+18,3,1,1,0,2017,9,18,5,3,5,3,1,1,0,0,0,0,0,6.03215E+20,5.79085E+21,1.05123E+16,5.22584E+16
133969,3.17091E+18,3,1,1,0,2017,9,16,5,3,0,7,0,1,0,0,0,0,0,6.05178E+20,5.78939E+21,1.05405E+16,5.22449E+16
133970,3.17091E+18,3,4,59,4,2017,9,16,4,3,5,3,1,0,0,0,1,0,0,4.34223E+20,5.77811E+21,8.03864E+15,5.21495E+16
133971,3.17091E+18,3,4,2,0,2017,9,12,4,3,4,2,1,1,0,0,0,0,1,3.80673E+20,5.91517E+21,7.20639E+15,5.33722E+16
133972,3.17091E+18,3,4,57,22,2017,9,8,4,2,5,3,0,1,0,0,0,0,1,3.99292E+20,5.88505E+21,7.49566E+15,5.31054E+16
133973,3.17091E+18,3,4,57,13,2017,9,10,4,3,5,3,1,1,0,0,0,0,0,3.97303E+20,5.90045E+21,7.461E+15,5.32434E+16
133974,3.17091E+18,3,4,57,13,2017,9,7,4,3,2,6,0,1,0,0,0,0,1,3.9735E+20,5.89886E+21,7.46223E+15,5.32291E+16
133975,3.17091E+18,3,4,56,15,2017,9,14,4,3,5,2,1,1,0,0,0,0,0,3.68203E+20,5.81046E+21,7.06153E+15,5.24284E+16
133976,3.17091E+18,3,4,54,35,2017,9,20,4,3,2,5,0,1,0,1,0,2,0,3.84527E+20,5.83859E+21,7.2917E+15,5.26849E+16
133977,3.17091E+18,3,4,54,32,2017,9,17,4,2,4,2,0,1,0,1,0,0,0,3.86753E+20,5.82087E+21,7.33068E+15,5.25261E+16
133978,3.17091E+18,3,4,54,32,2017,9,13,4,3,5,2,0,1,0,0,0,0,0,3.85932E+20,5.81889E+21,7.31926E+15,5.25082E+16
133979,3.17091E+18,3,4,52,19,2017,9,18,4,3,4,2,1,1,0,0,0,0,1,3.81582E+20,5.9402E+21,7.2106E+15,5.35973E+16
133980,3.17091E+18,3,4,60,6,2017,9,7,4,3,5,3,1,1,0,0,0,0,1,4.49411E+20,5.83616E+21,8.25181E+15,5.2673E+16
133981,3.17091E+18,3,4,55,25,2017,9,18,4,3,7,7,0,0,0,1,1,1,1,4.34167E+20,5.9096E+21,8.01143E+15,5.33315E+16
133982,3.17091E+18,3,4,5,0,2017,9,8,4,3,5,3,0,1,0,0,0,0,1,4.40214E+20,5.93081E+21,8.0982E+15,5.35228E+16
133983,3.17091E+18,3,4,3,0,2017,9,15,4,3,3,6,0,1,0,0,1,0,1,4.48039E+20,5.888E+21,8.22324E+15,5.31389E+16
133984,3.17091E+18,3,4,58,5,2017,9,18,4,3,2,2,0,1,0,0,0,0,1,4.68479E+20,5.88345E+21,8.52923E+15,5.30995E+16
133985,3.17091E+18,3,4,58,7,2017,9,8,4,3,5,3,1,1,0,0,0,0,1,4.47593E+20,5.86138E+21,8.22089E+15,5.28996E+16
133986,3.17091E+18,3,3,52,11,2017,9,17,4,3,5,3,1,1,0,0,0,0,1,4.79184E+20,5.9701E+21,8.68335E+15,5.38789E+16
133987,3.17091E+18,3,3,59,38,2017,9,8,4,3,6,6,1,0,1,0,0,0,1,5.30849E+20,5.93981E+21,9.46623E+15,5.36062E+16
133988,3.17091E+18,3,3,57,57,2017,9,7,4,2,5,3,1,1,0,0,0,1,1,5.1708E+20,5.90559E+21,9.25628E+15,5.32993E+16
133989,3.17091E+18,3,3,60,17,2017,9,7,4,3,5,3,0,1,0,0,0,0,1,6.09738E+20,5.88652E+21,1.06397E+16,5.31168E+16