OBJECTID,UIDENTSTLA,ULAND,UREGBEZ,UKREIS,UGEMEINDE,UJAHR,UMONAT,USTUNDE,UWOCHENTAG,UKATEGORIE,UART,UTYP1,IstRad,IstPKW,IstFuss,IstKrad,IstSonstig,LICHT,STRZUSTAND,LINREFX,LINREFY,XGCSWGS84,YGCSWGS84
133990,3.17091E+18,3,3,55,22,2017,9,7,4,3,5,3,0,1,0,0,1,0,1,5.94098E+20,5.90018E+21,1.04101E+16,5.32426E+16
133991,3.17091E+18,3,3,55,22,2017,9,11,4,3,5,3,0,1,0,0,1,0,1,5.93884E+20,5.90051E+21,1.0407E+16,5.32455E+16
133992,3.17091E+18,3,3,51,6,2017,9,8,4,3,5,3,1,1,0,0,0,0,1,5.71213E+20,5.83015E+21,1.00519E+16,5.26167E+16
133993,3.17091E+18,3,2,41,1,2017,9,13,4,3,6,7,0,1,1,0,0,0,1,5.57132E+20,5.79973E+21,9.83869E+15,5.23449E+16
133994,3.17091E+18,3,2,41,1,2017,9,16,4,3,5,3,1,1,0,0,0,0,0,5.48837E+20,5.80069E+21,9.71706E+15,5.23543E+16
133995,3.17091E+18,3,2,41,9,2017,9,7,4,3,0,4,0,1,1,0,0,0,1,5.55556E+20,5.79534E+21,9.81482E+15,5.23056E+16
133996,3.17091E+18,3,2,41,1,2017,9,18,4,3,0,3,0,1,0,0,1,0,0,5.52497E+20,5.80775E+21,9.77191E+15,5.24174E+16
133997,3.17091E+18,3,2,41,1,2017,9,8,4,3,2,6,0,1,0,0,0,0,1,5.5228E+20,5.80695E+21,9.76859E+15,5.24103E+16
133998,3.17091E+18,3,2,41,7,2017,9,16,4,3,0,1,1,0,0,0,0,0,1,5.49743E+20,5.79598E+21,9.72966E+15,5.23119E+16
133999,3.17091E+18,3,2,41,10,2017,9,7,4,3,5,3,1,0,0,0,1,1,1,5.50207E+20,5.81091E+21,9.73872E+15,5.24461E+16
134000,3.17091E+18,3,2,41,1,2017,9,16,4,3,0,7,0,1,0,0,0,0,0,5.47493E+20,5.80742E+21,9.69828E+15,5.2415E+16
134001,3.17091E+18,3,2,54,21,2017,9,7,4,3,5,3,1,1,0,0,0,0,1,5.65466E+20,5.77812E+21,9.95682E+15,5.21497E+16
134002,3.17091E+18,3,2,52,6,2017,9,12,4,2,6,4,0,1,1,0,0,0,0,5.25155E+20,5.77232E+21,9.36725E+15,5.21008E+16
134003,3.17091E+18,3,2,52,6,2017,9,17,4,3,5,3,1,1,0,0,0,0,0,5.25057E+20,5.77291E+21,9.36585E+15,5.21062E+16
134004,3.17091E+18,3,1,59,16,2017,9,10,4,3,2,6,0,1,0,0,0,0,1,5.63863E+20,5.71039E+21,9.92088E+15,5.15409E+16
134005,3.17091E+18,3,1,59,16,2017,9,7,4,3,5,2,1,1,0,0,0,0,1,5.65414E+20,5.71225E+21,9.94359E+15,5.15576E+16
134006,3.17091E+18,3,1,58,37,2017,9,12,4,3,6,4,0,1,1,0,0,0,0,6.0527E+20,5.78024E+21,1.0539E+16,5.21626E+16
134007,3.17091E+18,3,1,53,18,2017,9,7,4,3,5,3,0,1,0,0,1,0,1,5.91884E+20,5.73954E+21,1.03325E+16,5.17991E+16
134008,3.17091E+18,3,1,1,0,2017,9,7,4,3,5,3,0,1,0,1,0,0,0,6.0543E+20,5.79213E+21,1.05451E+16,5.22694E+16
134009,3.17091E+18,3,1,1,0,2017,9,15,4,3,4,6,1,0,0,0,0,0,0,6.0468E+20,5.79222E+21,1.05341E+16,5.22704E+16
134010,3.17091E+18,3,1,1,0,2017,9,10,4,3,5,3,1,1,0,0,0,0,1,6.03328E+20,5.79748E+21,1.05159E+16,5.23179E+16
134011,3.17091E+18,3,1,1,0,2017,9,6,4,3,5,2,1,1,0,0,0,1,1,6.0431E+20,5.78479E+21,1.05264E+16,5.22037E+16
134012,3.17091E+18,3,4,59,15,2017,9,6,3,3,2,6,0,1,0,0,0,0,0,4.45154E+20,5.77413E+21,8.19903E+15,5.2115E+16
134013,3.17091E+18,3,4,4,0,2017,9,13,3,3,3,2,1,1,0,0,0,0,0,4.36622E+20,5.79522E+21,8.07049E+15,5.23037E+16
134014,3.17091E+18,3,4,4,0,2017,9,10,3,3,0,7,0,0,0,1,1,0,1,4.37176E+20,5.79346E+21,8.07894E+15,5.22879E+16
134015,3.17091E+18,3,4,4,0,2017,9,10,3,3,5,3,0,1,0,0,0,0,1,4.35816E+20,5.79496E+21,8.05871E+15,5.23013E+16
134016,3.17091E+18,3,4,57,17,2017,9,16,3,3,5,3,1,1,0,0,0,0,0,4.06706E+20,5.88867E+21,7.60532E+15,5.31393E+16
134017,3.17091E+18,3,4,57,13,2017,9,15,3,3,2,2,0,1,0,0,0,0,1,3.95997E+20,5.89877E+21,7.44199E+15,5.3228E+16
134018,3.17093E+18,3,4,54,49,2017,9,17,6,2,3,2,1,0,0,1,0,0,0,3.96074E+20,5.80229E+21,7.4738E+15,5.2361E+16
134019,3.17093E+18,3,4,54,32,2017,9,7,6,3,5,3,1,1,0,0,0,0,0,3.85764E+20,5.82E+21,7.31641E+15,5.25182E+16
134020,3.17093E+18,3,4,5,0,2017,9,18,6,3,0,6,1,0,1,0,0,0,0,4.41392E+20,5.93047E+21,8.11602E+15,5.35199E+16
134021,3.17093E+18,3,4,3,0,2017,9,14,6,3,9,7,1,0,0,0,0,0,0,4.46121E+20,5.89171E+21,8.19394E+15,5.3172E+16
134022,3.17093E+18,3,4,3,0,2017,9,14,6,3,2,6,1,1,0,0,0,0,0,4.48462E+20,5.88958E+21,8.2293E+15,5.31531E+16
134023,3.17093E+18,3,2,51,7,2017,9,10,6,2,0,7,1,0,0,0,0,0,0,4.81522E+20,5.85516E+21,8.72564E+15,5.28458E+16
134024,3.17093E+18,3,4,61,6,2017,9,13,6,3,5,2,1,1,0,0,0,0,0,4.73956E+20,5.89058E+21,8.61044E+15,5.31639E+16
134025,3.17093E+18,3,3,52,11,2017,9,19,6,2,7,7,1,0,0,0,1,2,0,4.82439E+20,5.96596E+21,8.7331E+15,5.38419E+16
134026,3.17093E+18,3,3,53,12,2017,9,14,6,3,2,2,1,1,0,0,0,0,0,5.76267E+20,5.90564E+21,1.01443E+16,5.32945E+16
134027,3.17093E+18,3,3,59,38,2017,9,16,6,2,5,2,0,1,0,0,0,0,0,5.33026E+20,5.93701E+21,9.49884E+15,5.35809E+16
134028,3.17093E+18,3,3,59,38,2017,9,15,6,2,1,5,0,1,0,1,0,0,0,5.3095E+20,5.93799E+21,9.46758E+15,5.35898E+16
134029,3.17093E+18,3,3,51,4,2017,9,13,6,3,6,2,0,1,1,0,0,0,0,5.6949E+20,5.84699E+21,1.003E+16,5.27682E+16
134030,3.17093E+18,3,3,51,6,2017,9,15,6,3,5,3,1,1,0,1,0,0,0,5.74223E+20,5.82918E+21,1.00961E+16,5.26075E+16
134031,3.17093E+18,3,2,41,9,2017,9,10,6,3,0,1,1,0,0,0,0,0,0,5.5659E+20,5.79297E+21,9.82958E+15,5.22842E+16
134032,3.17093E+18,3,2,41,1,2017,9,12,6,2,3,1,1,0,0,0,0,0,0,5.50723E+20,5.80175E+21,9.74492E+15,5.23637E+16
134033,3.17093E+18,3,2,41,1,2017,9,16,6,3,5,2,1,1,0,0,0,0,0,5.5176E+20,5.80535E+21,9.7607E+15,5.2396E+16
134034,3.17093E+18,3,2,41,12,2017,9,10,6,3,2,6,0,1,0,0,0,0,0,5.31369E+20,5.81729E+21,9.46215E+15,5.25049E+16
134035,3.17093E+18,3,2,41,5,2017,9,15,6,3,1,7,0,1,0,0,0,0,0,5.41108E+20,5.80867E+21,9.60456E+15,5.24267E+16
134036,3.17093E+18,3,2,41,10,2017,9,18,6,3,5,3,1,1,0,0,0,1,0,5.4973E+20,5.80994E+21,9.73155E+15,5.24374E+16
134037,3.17093E+18,3,2,41,3,2017,9,18,6,3,5,3,0,1,0,0,0,0,0,5.6861E+20,5.81155E+21,1.00096E+16,5.24498E+16
134038,3.17093E+18,3,2,41,1,2017,9,18,6,2,5,3,1,1,0,0,0,0,0,5.47106E+20,5.80555E+21,9.69234E+15,5.23981E+16
134039,3.17093E+18,3,2,41,5,2017,9,18,6,1,6,7,0,1,1,0,0,0,0,5.41358E+20,5.8098E+21,9.60839E+15,5.24369E+16
134040,3.17093E+18,3,2,41,1,2017,9,15,6,3,5,2,0,1,0,0,0,0,0,5.51467E+20,5.8033E+21,9.75607E+15,5.23775E+16
134041,3.17093E+18,3,2,41,13,2017,9,11,6,2,2,6,0,1,0,0,0,0,0,5.52166E+20,5.79041E+21,9.76435E+15,5.22616E+16
134042,3.17093E+18,3,2,41,1,2017,9,8,6,3,1,5,1,1,0,0,0,0,0,5.49211E+20,5.80036E+21,9.72251E+15,5.23513E+16
134043,3.17093E+18,3,2,56,32,2017,9,7,6,3,5,3,1,1,0,0,0,0,1,5.04217E+20,5.81787E+21,9.06213E+15,5.2511E+16
134044,3.17093E+18,3,2,57,35,2017,9,12,6,2,0,1,1,0,0,0,0,0,0,5.15366E+20,5.79877E+21,9.22553E+15,5.2339E+16
134045,3.17093E+18,3,2,54,2,2017,9,17,6,3,3,6,1,1,0,0,0,0,0,5.55081E+20,5.76125E+21,9.80233E+15,5.19991E+16
134046,3.17093E+18,3,1,59,16,2017,9,12,6,3,5,3,1,1,0,0,0,0,0,5.65405E+20,5.71228E+21,9.94347E+15,5.15578E+16
134047,3.17093E+18,3,1,59,7,2017,9,14,6,3,2,6,0,1,0,0,0,0,0,5.64195E+20,5.71581E+21,9.92666E+15,5.15897E+16
134048,3.17093E+18,3,1,59,16,2017,9,16,6,3,2,6,0,1,0,0,0,0,0,5.64861E+20,5.71065E+21,9.93531E+15,5.15432E+16
134049,3.17093E+18,3,1,3,0,2017,9,9,6,3,5,2,0,1,0,0,0,0,0,6.23106E+20,5.8101E+21,1.08106E+16,5.24272E+16
134050,3.17093E+18,3,1,58,37,2017,9,14,6,3,6,6,1,0,1,0,0,0,0,6.06407E+20,5.78098E+21,1.05559E+16,5.2169E+16
134051,3.17093E+18,3,4,59,8,2017,9,18,5,2,0,6,0,1,0,1,0,1,1,4.40204E+20,5.79526E+21,8.12301E+15,5.23044E+16
134052,3.17093E+18,3,4,59,24,2017,9,11,5,3,0,1,1,0,0,0,0,0,0,4.52164E+20,5.78743E+21,8.29952E+15,5.22352E+16
134053,3.17093E+18,3,4,59,14,2017,9,11,5,3,5,3,0,1,0,0,1,0,1,4.30127E+20,5.80683E+21,7.97283E+15,5.24072E+16
134054,3.17093E+18,3,4,59,9,2017,9,7,5,2,0,7,0,0,0,1,0,1,1,4.15714E+20,5.83225E+21,7.75456E+15,5.26336E+16
134055,3.17093E+18,3,4,4,0,2017,9,17,5,2,5,3,1,0,0,0,0,0,0,4.34166E+20,5.79155E+21,8.03519E+15,5.22704E+16
134056,3.17093E+18,3,4,4,0,2017,9,19,5,3,1,1,1,1,1,0,0,2,0,4.35647E+20,5.79181E+21,8.05685E+15,5.22729E+16
134057,3.17093E+18,3,4,4,0,2017,9,16,5,3,0,7,1,0,0,0,0,0,1,4.34152E+20,5.79308E+21,8.03469E+15,5.22842E+16
134058,3.17093E+18,3,4,4,0,2017,9,10,5,3,3,5,1,1,0,0,0,0,1,4.34583E+20,5.79033E+21,8.04155E+15,5.22594E+16
134059,3.17093E+18,3,4,57,13,2017,9,8,5,3,5,3,0,1,0,0,0,0,0,3.97185E+20,5.90011E+21,7.45936E+15,5.32403E+16
134060,3.17093E+18,3,4,56,14,2017,9,15,5,3,5,2,1,0,0,0,0,0,0,3.6307E+20,5.81992E+21,6.98219E+15,5.25122E+16
134061,3.17093E+18,3,4,52,16,2017,9,16,5,3,2,2,0,0,0,0,1,0,0,3.84331E+20,5.94053E+21,7.252E+15,5.36008E+16
134062,3.17093E+18,3,4,60,6,2017,9,8,5,3,5,3,0,1,0,0,0,0,0,4.49217E+20,5.83601E+21,8.24896E+15,5.26716E+16
134063,3.17093E+18,3,4,60,9,2017,9,15,5,3,0,1,1,0,0,0,0,0,1,4.51663E+20,5.84198E+21,8.28426E+15,5.27256E+16
134064,3.17093E+18,3,4,5,0,2017,9,15,5,3,5,2,1,1,0,0,0,0,0,4.41154E+20,5.93126E+21,8.11229E+15,5.35269E+16
134065,3.17093E+18,3,4,3,0,2017,9,10,5,3,1,5,0,1,0,0,1,0,0,4.47036E+20,5.88786E+21,8.20827E+15,5.31375E+16
134066,3.17093E+18,3,4,3,0,2017,9,17,5,3,4,2,1,1,0,0,0,0,1,4.46031E+20,5.88738E+21,8.19333E+15,5.31331E+16
134067,3.17093E+18,3,4,3,0,2017,9,9,5,3,5,3,1,1,0,0,0,0,0,4.47691E+20,5.88799E+21,8.21803E+15,5.31388E+16
134068,3.17093E+18,3,4,3,0,2017,9,7,5,3,5,3,1,0,0,0,1,1,0,4.48622E+20,5.88921E+21,8.23176E+15,5.31498E+16
134069,3.17093E+18,3,2,51,41,2017,9,16,5,3,5,3,0,1,0,0,0,0,1,4.87155E+20,5.86283E+21,8.80897E+15,5.29149E+16
134070,3.17093E+18,3,4,1,0,2017,9,9,5,3,6,7,0,1,1,0,0,0,0,4.75028E+20,5.87788E+21,8.62747E+15,5.30499E+16
134071,3.17093E+18,3,3,59,10,2017,9,20,5,3,2,6,0,1,0,0,0,2,1,5.46356E+20,5.92529E+21,9.69842E+15,5.34746E+16
134072,3.17093E+18,3,3,59,31,2017,9,7,5,2,5,3,1,1,0,0,0,1,0,5.21316E+20,5.92576E+21,9.3212E+15,5.34804E+16
134073,3.17093E+18,3,3,60,2,2017,9,10,5,3,6,4,0,1,1,0,0,0,0,6.05634E+20,5.88227E+21,1.0577E+16,5.30794E+16
134074,3.17093E+18,3,3,54,4,2017,9,18,5,3,0,7,0,0,1,1,0,0,0,6.39878E+20,5.88509E+21,1.10891E+16,5.30969E+16
134075,3.17093E+18,3,3,55,27,2017,9,21,5,3,8,1,0,1,0,0,0,2,0,5.82856E+20,5.89185E+21,1.02395E+16,5.31696E+16
134076,3.17093E+18,3,3,55,22,2017,9,15,5,3,5,3,1,1,0,0,0,0,0,5.96615E+20,5.90069E+21,1.0448E+16,5.32467E+16
134077,3.17093E+18,3,3,51,6,2017,9,14,5,3,1,1,0,1,0,0,0,0,1,5.72727E+20,5.82899E+21,1.0074E+16,5.26061E+16
134078,3.17093E+18,3,2,41,1,2017,9,18,5,3,0,1,1,1,0,0,0,1,1,5.50436E+20,5.80525E+21,9.74123E+15,5.23951E+16
134079,3.17093E+18,3,2,41,6,2017,9,13,5,3,0,4,0,0,1,0,1,0,0,5.40984E+20,5.79626E+21,9.60123E+15,5.23152E+16
134080,3.17093E+18,3,2,41,1,2017,9,17,5,3,5,3,0,1,0,1,0,0,1,5.50342E+20,5.80813E+21,9.74028E+15,5.2421E+16
134081,3.17093E+18,3,2,41,1,2017,9,15,5,3,0,3,0,1,0,1,0,0,0,5.52705E+20,5.79863E+21,9.77353E+15,5.23355E+16
134082,3.17093E+18,3,2,54,21,2017,9,13,5,3,5,3,1,1,0,0,0,0,0,5.65525E+20,5.77732E+21,9.95752E+15,5.21425E+16
134083,3.17093E+18,3,2,54,21,2017,9,12,5,2,6,4,0,1,1,0,0,0,0,5.62683E+20,5.77961E+21,9.91643E+15,5.21634E+16
134084,3.17093E+18,3,2,55,7,2017,9,5,5,3,7,7,0,1,0,0,1,2,1,5.40856E+20,5.74561E+21,9.59329E+15,5.18598E+16
134085,3.17093E+18,3,1,59,16,2017,9,8,5,3,5,2,1,1,0,0,0,0,0,5.63496E+20,5.7104E+21,9.91559E+15,5.15411E+16
134086,3.17093E+18,3,1,54,19,2017,9,17,5,2,5,3,0,1,0,1,0,0,1,6.34561E+20,5.77811E+21,1.09662E+16,5.21371E+16
134087,3.17093E+18,3,1,58,11,2017,9,8,5,3,9,1,0,0,0,1,0,0,1,5.87042E+20,5.77154E+21,1.02704E+16,5.20876E+16
134088,3.17093E+18,3,1,57,6,2017,9,18,5,3,0,1,1,0,0,0,0,0,1,5.83831E+20,5.79763E+21,1.023E+16,5.23226E+16
134089,3.17093E+18,3,1,1,0,2017,9,17,5,3,2,7,0,1,0,0,0,1,1,6.04745E+20,5.79311E+21,1.05354E+16,5.22784E+16
134090,3.17093E+18,3,4,54,57,2017,9,13,4,3,5,3,0,1,0,0,0,0,0,4.11676E+20,5.85722E+21,7.68818E+15,5.28574E+16
134091,3.17093E+18,3,4,54,45,2017,9,9,4,2,0,7,1,0,0,0,0,0,0,3.8741E+20,5.79712E+21,7.34836E+15,5.23128E+16
134092,3.17093E+18,3,4,60,6,2017,9,12,4,3,5,3,1,1,0,0,0,0,0,4.48618E+20,5.8349E+21,8.24029E+15,5.26616E+16
134093,3.17093E+18,3,4,53,6,2017,9,7,4,3,4,7,1,0,0,0,1,0,0,4.28385E+20,5.84166E+21,7.9397E+15,5.27201E+16
134094,3.17093E+18,3,4,55,20,2017,9,11,4,3,3,6,1,0,0,0,1,0,0,4.34853E+20,5.94725E+21,8.01392E+15,5.36699E+16
134095,3.17093E+18,3,4,55,7,2017,9,4,4,3,8,1,0,1,0,0,0,2,1,4.2591E+20,5.93723E+21,7.88095E+15,5.35787E+16
134096,3.17093E+18,3,4,51,7,2017,9,18,4,3,8,1,0,1,0,0,0,0,0,4.29101E+20,5.89906E+21,7.93772E+15,5.32361E+16
134097,3.17093E+18,3,4,3,0,2017,9,12,4,3,5,3,1,1,0,0,0,0,0,4.47297E+20,5.88944E+21,8.21191E+15,5.31518E+16
134098,3.17093E+18,3,4,3,0,2017,9,7,4,3,2,6,1,0,0,0,0,0,0,4.47587E+20,5.88778E+21,8.21652E+15,5.31368E+16
134099,3.17093E+18,3,2,51,41,2017,9,20,4,3,8,7,0,1,0,0,0,2,0,4.89987E+20,5.85984E+21,8.85119E+15,5.28882E+16
134100,3.17093E+18,3,4,58,7,2017,9,16,4,3,0,7,1,1,0,0,0,0,0,4.47305E+20,5.86146E+21,8.2166E+15,5.29003E+16
134101,3.17093E+18,3,3,52,11,2017,9,11,4,3,6,7,0,1,0,0,1,0,0,4.73881E+20,5.96799E+21,8.60287E+15,5.38597E+16
134102,3.17093E+18,3,3,59,38,2017,9,16,4,2,2,6,0,1,0,0,0,0,0,5.30743E+20,5.93967E+21,9.46462E+15,5.3605E+16
134103,3.17093E+18,3,3,59,38,2017,9,14,4,3,5,3,1,1,0,0,0,0,0,5.29162E+20,5.93838E+21,9.4406E+15,5.35934E+16
134104,3.17093E+18,3,3,55,24,2017,9,21,4,3,8,1,0,1,0,0,0,2,0,5.93705E+20,5.89334E+21,1.04022E+16,5.31811E+16
134105,3.17093E+18,3,3,55,22,2017,9,16,4,2,6,4,0,1,1,0,0,0,0,5.95316E+20,5.90115E+21,1.04286E+16,5.3251E+16
134106,3.17093E+18,3,2,41,1,2017,9,17,4,3,1,5,1,1,0,0,0,0,0,5.50352E+20,5.80181E+21,9.73948E+15,5.23643E+16
134107,3.17093E+18,3,2,41,1,2017,9,17,4,3,3,2,1,0,0,0,1,0,0,5.50017E+20,5.8036E+21,9.73482E+15,5.23804E+16
134108,3.17093E+18,3,2,41,3,2017,9,18,4,3,0,1,1,0,0,0,0,0,1,5.6866E+20,5.81132E+21,1.00103E+16,5.24478E+16
134109,3.17093E+18,3,2,41,1,2017,9,13,4,3,6,7,1,0,1,0,0,0,0,5.51535E+20,5.80187E+21,9.75686E+15,5.23647E+16
134110,3.17093E+18,3,2,41,1,2017,9,8,4,3,4,6,1,0,0,0,0,0,0,5.5118E+20,5.80283E+21,9.75179E+15,5.23734E+16
134111,3.17093E+18,3,2,54,21,2017,9,13,4,3,0,7,0,0,0,1,0,0,1,5.66047E+20,5.77807E+21,9.9653E+15,5.21492E+16
134112,3.17093E+18,3,2,54,21,2017,9,7,4,3,0,3,1,1,0,0,0,0,0,5.64039E+20,5.77708E+21,9.93577E+15,5.21405E+16
134113,3.17093E+18,3,1,51,9,2017,9,16,4,3,1,7,0,1,0,0,0,0,0,6.06584E+20,5.81479E+21,1.05692E+16,5.24729E+16
134114,3.17093E+18,3,1,1,0,2017,9,18,4,3,4,2,0,1,0,0,0,1,1,6.03342E+20,5.79169E+21,1.05144E+16,5.22659E+16
134115,3.17093E+18,3,4,59,30,2017,9,16,3,3,5,3,1,1,0,0,0,0,0,4.28612E+20,5.83564E+21,7.94437E+15,5.2666E+16
134116,3.17093E+18,3,4,4,0,2017,9,21,3,3,2,6,0,1,0,0,0,2,0,4.352E+20,5.79181E+21,8.05029E+15,5.22729E+16
134117,3.17093E+18,3,4,4,0,2017,9,14,3,3,5,3,0,0,0,1,1,0,0,4.31751E+20,5.79201E+21,7.99971E+15,5.22742E+16
134118,3.17093E+18,3,4,4,0,2017,9,7,3,3,3,6,1,1,0,0,0,0,0,4.35257E+20,5.79268E+21,8.05097E+15,5.22807E+16
134119,3.17093E+18,3,4,2,0,2017,9,12,3,3,6,7,0,1,1,0,0,0,0,3.82301E+20,5.9119E+21,7.23206E+15,5.33432E+16
134120,3.17093E+18,3,4,57,14,2017,9,8,3,3,5,3,0,1,0,0,0,0,0,3.95584E+20,5.90753E+21,7.43294E+15,5.33067E+16
134121,3.17093E+18,3,4,57,13,2017,9,21,3,3,5,3,1,1,0,0,0,2,0,3.96916E+20,5.89952E+21,7.45551E+15,5.32349E+16
134122,3.17093E+18,3,4,56,15,2017,9,7,3,3,5,2,1,1,0,0,0,0,0,3.68716E+20,5.80903E+21,7.06963E+15,5.24157E+16
134123,3.17093E+18,3,4,54,18,2017,9,12,3,2,4,6,1,0,0,0,0,0,0,3.81594E+20,5.85039E+21,7.24408E+15,5.27903E+16
134124,3.17093E+18,3,4,54,12,2017,9,18,3,3,5,3,1,1,0,0,0,0,0,4.00671E+20,5.81579E+21,7.53727E+15,5.24832E+16
134125,3.17093E+18,3,4,54,32,2017,9,16,3,3,5,3,1,1,0,0,0,0,0,3.91755E+20,5.81938E+21,7.40487E+15,5.25138E+16
134126,3.17093E+18,3,4,54,45,2017,9,17,3,3,8,1,0,0,0,1,0,0,0,3.89657E+20,5.79992E+21,7.38039E+15,5.23385E+16
134127,3.17093E+18,3,4,52,1,2017,9,7,3,3,0,7,1,0,0,0,0,1,0,3.99503E+20,5.92599E+21,7.48585E+15,5.34733E+16
134128,3.17093E+18,3,4,53,4,2017,9,17,3,3,5,2,1,1,0,0,0,0,1,4.35812E+20,5.85542E+21,8.04695E+15,5.28447E+16
134129,3.17093E+18,3,4,5,0,2017,9,17,3,3,5,3,0,1,0,0,0,0,0,4.42319E+20,5.9373E+21,8.12874E+15,5.35814E+16
134130,3.17093E+18,3,4,3,0,2017,9,18,3,2,0,5,0,0,0,0,1,1,0,4.47401E+20,5.88787E+21,8.21372E+15,5.31376E+16
134131,3.17093E+18,3,4,3,0,2017,9,16,3,2,3,2,0,1,0,1,0,0,0,4.47054E+20,5.88867E+21,8.2084E+15,5.31448E+16
134132,3.17093E+18,3,2,41,1,2017,9,13,3,3,5,3,0,1,0,0,0,0,0,5.48722E+20,5.80573E+21,9.71611E+15,5.23996E+16
134133,3.17093E+18,3,2,41,1,2017,9,15,3,3,5,3,1,1,0,0,0,0,0,5.46715E+20,5.80322E+21,9.68627E+15,5.23772E+16
134134,3.17093E+18,3,2,41,1,2017,9,15,3,3,3,6,0,1,0,0,0,0,0,5.48795E+20,5.80275E+21,9.71676E+15,5.23729E+16
134135,3.17093E+18,3,2,41,1,2017,9,15,3,3,0,1,1,0,0,0,0,0,0,5.4679E+20,5.8032E+21,9.68736E+15,5.23771E+16
134136,3.17093E+18,3,2,41,1,2017,9,14,3,3,0,7,1,0,0,0,0,0,0,5.50821E+20,5.80406E+21,9.74671E+15,5.23845E+16
134137,3.17093E+18,3,2,41,9,2017,9,14,3,3,0,7,1,0,0,0,0,0,0,5.54847E+20,5.79547E+21,9.80445E+15,5.23068E+16
134138,3.17093E+18,3,2,41,1,2017,9,13,3,3,0,1,1,0,0,0,0,0,0,5.49931E+20,5.80607E+21,9.73393E+15,5.24026E+16
134139,3.17093E+18,3,2,41,1,2017,9,12,3,3,6,6,1,0,1,0,0,0,0,5.5094E+20,5.80339E+21,9.74835E+15,5.23784E+16
134140,3.17093E+18,3,2,56,22,2017,9,10,3,3,5,3,1,1,0,0,0,0,0,5.1455E+20,5.83206E+21,9.21501E+15,5.26383E+16
134141,3.17093E+18,3,2,54,20,2017,9,7,3,3,4,6,0,1,0,0,0,0,0,5.66198E+20,5.78341E+21,9.96855E+15,5.21972E+16
134142,3.17093E+18,3,2,54,21,2017,9,8,3,3,5,3,1,1,0,0,0,0,1,5.63364E+20,5.77808E+21,9.92609E+15,5.21496E+16
134143,3.17093E+18,3,2,52,3,2017,9,15,3,3,6,4,0,1,1,0,0,0,0,5.18184E+20,5.75917E+21,9.26478E+15,5.19829E+16
134144,3.17093E+18,3,2,52,6,2017,9,13,3,3,5,3,1,1,0,0,0,0,1,5.26582E+20,5.77259E+21,9.3881E+15,5.21033E+16
134145,3.17093E+18,3,4,54,54,2017,9,7,2,2,0,7,1,1,0,0,0,1,0,3.69003E+20,5.83373E+21,7.0641E+15,5.26377E+16
134146,3.17093E+18,3,4,54,32,2017,9,13,2,3,2,6,0,1,0,0,0,0,0,3.86209E+20,5.81838E+21,7.32352E+15,5.25037E+16
134147,3.17093E+18,3,4,54,32,2017,9,11,2,3,3,2,1,1,0,0,0,0,0,3.85892E+20,5.81931E+21,7.31854E+15,5.2512E+16
134148,3.17093E+18,3,4,52,19,2017,9,21,2,3,5,3,1,1,0,0,0,2,0,3.81607E+20,5.93941E+21,7.21128E+15,5.35901E+16
134149,3.17093E+18,3,4,60,9,2017,9,11,2,3,4,7,0,1,0,0,0,0,0,4.51821E+20,5.84119E+21,8.28673E+15,5.27185E+16
134150,3.17093E+18,3,4,3,0,2017,9,16,2,2,2,6,1,0,0,0,0,0,0,4.47474E+20,5.88903E+21,8.21462E+15,5.31481E+16
134151,3.17093E+18,3,4,3,0,2017,9,8,2,3,5,3,0,1,0,0,0,0,0,4.46829E+20,5.88786E+21,8.20517E+15,5.31375E+16
134152,3.17093E+18,3,2,51,47,2017,9,17,2,3,5,3,1,1,0,0,0,0,1,4.89941E+20,5.87173E+21,8.85014E+15,5.2995E+16
134153,3.17093E+18,3,2,51,12,2017,9,10,2,3,0,7,0,0,0,0,1,0,0,4.57939E+20,5.82855E+21,8.37891E+15,5.26054E+16
134154,3.17093E+18,3,3,53,31,2017,9,21,2,3,9,1,0,0,0,1,0,2,1,5.68094E+20,5.91621E+21,1.00239E+16,5.33906E+16
134155,3.17093E+18,3,3,53,31,2017,9,18,2,3,5,3,1,1,0,0,0,0,0,5.6899E+20,5.91625E+21,1.00374E+16,5.33908E+16
134156,3.17093E+18,3,3,54,4,2017,9,7,2,3,0,3,1,1,0,0,0,0,1,6.41308E+20,5.88506E+21,1.11104E+16,5.30962E+16
134157,3.17093E+18,3,3,55,22,2017,9,15,2,3,2,6,0,1,0,0,0,0,1,5.94419E+20,5.9003E+21,1.04149E+16,5.32436E+16
134158,3.17093E+18,3,3,55,22,2017,9,12,2,3,5,3,1,1,0,0,0,0,0,5.94189E+20,5.90131E+21,1.04118E+16,5.32527E+16
134159,3.17093E+18,3,3,55,22,2017,9,11,2,3,5,3,1,1,0,0,0,0,0,5.93684E+20,5.89851E+21,1.04034E+16,5.32276E+16
134160,3.17093E+18,3,3,55,22,2017,9,6,2,3,4,6,1,1,0,0,0,1,0,5.92811E+20,5.90008E+21,1.03908E+16,5.32418E+16
134161,3.17093E+18,3,2,41,1,2017,9,18,2,3,3,7,0,1,0,1,0,1,1,5.45776E+20,5.80555E+21,9.67279E+15,5.23983E+16
134162,3.17093E+18,3,2,41,1,2017,9,18,2,3,5,3,1,1,0,0,0,0,1,5.51153E+20,5.80005E+21,9.75097E+15,5.23484E+16
134163,3.17093E+18,3,2,41,1,2017,9,16,2,3,5,3,0,1,0,0,0,0,0,5.49812E+20,5.80537E+21,9.73207E+15,5.23963E+16