OBJECTID,UIDENTSTLA,ULAND,UREGBEZ,UKREIS,UGEMEINDE,UJAHR,UMONAT,USTUNDE,UWOCHENTAG,UKATEGORIE,UART,UTYP1,IstRad,IstPKW,IstFuss,IstKrad,IstSonstig,LICHT,STRZUSTAND,LINREFX,LINREFY,XGCSWGS84,YGCSWGS84
134164,3.17093E+18,3,2,41,1,2017,9,13,2,3,4,2,1,1,0,0,0,0,1,5.53733E+20,5.8055E+21,9.78971E+15,5.23971E+16
134165,3.17093E+18,3,2,41,14,2017,9,17,2,3,5,7,1,1,0,0,0,0,1,5.45528E+20,5.79979E+21,9.66836E+15,5.23465E+16
134166,3.17093E+18,3,2,41,16,2017,9,7,2,3,0,7,0,1,1,0,0,0,1,5.65448E+20,5.79684E+21,9.96018E+15,5.23179E+16
134167,3.17093E+18,3,2,41,3,2017,9,15,2,3,0,1,1,0,0,0,0,0,0,5.68893E+20,5.81183E+21,1.00138E+16,5.24523E+16
134168,3.17093E+18,3,2,41,1,2017,9,8,2,3,0,2,1,1,0,0,0,0,1,5.5126E+20,5.80493E+21,9.75329E+15,5.23922E+16
134169,3.17093E+18,3,1,55,13,2017,9,21,2,2,5,3,0,1,0,0,0,2,1,5.59303E+20,5.74106E+21,9.86034E+15,5.18172E+16
134170,3.17093E+18,3,1,55,9,2017,9,16,2,3,5,3,0,1,0,0,0,0,1,5.60116E+20,5.72823E+21,9.86992E+15,5.17018E+16
134171,3.17093E+18,3,2,54,28,2017,9,15,2,3,2,6,0,1,0,0,0,0,0,5.59709E+20,5.78795E+21,9.87442E+15,5.22387E+16
134172,3.17093E+18,3,2,54,2,2017,9,8,2,2,5,3,1,1,0,0,0,0,0,5.56606E+20,5.76036E+21,9.8244E+15,5.19911E+16
134173,3.17093E+18,3,2,52,6,2017,9,11,2,3,5,2,0,1,0,0,0,0,0,5.25114E+20,5.77404E+21,9.36677E+15,5.21163E+16
134174,3.17093E+18,3,1,59,16,2017,9,13,2,2,2,2,1,0,1,1,0,0,0,5.65048E+20,5.70937E+21,9.93778E+15,5.15317E+16
134175,3.17093E+18,3,1,2,0,2017,9,15,2,3,2,2,0,1,0,0,0,0,0,5.91314E+20,5.78016E+21,1.03351E+16,5.21643E+16
134176,3.17093E+18,3,1,1,0,2017,9,16,2,3,5,3,1,1,0,0,0,0,1,6.03945E+20,5.79201E+21,1.05233E+16,5.22686E+16
134177,3.17093E+18,3,1,1,0,2017,9,7,2,2,6,4,0,0,1,0,1,0,0,6.03856E+20,5.79184E+21,1.05219E+16,5.22672E+16
134178,3.17093E+18,3,1,1,0,2017,9,7,2,3,0,1,0,0,0,1,0,0,1,6.03989E+20,5.79781E+21,1.05257E+16,5.23208E+16
134179,3.17092E+18,3,4,59,7,2017,9,14,1,2,9,1,0,1,0,0,0,0,0,4.28573E+20,5.8354E+21,7.94384E+15,5.26638E+16
134180,3.17092E+18,3,4,59,7,2017,9,14,1,2,4,7,0,1,0,0,0,0,0,4.30799E+20,5.83206E+21,7.97746E+15,5.26341E+16
134181,3.17092E+18,3,4,54,41,2017,9,10,1,3,5,3,0,1,0,0,0,0,0,3.95243E+20,5.88166E+21,7.4363E+15,5.30741E+16
134182,3.17092E+18,3,4,55,25,2017,9,18,1,3,8,1,0,1,0,0,0,1,0,4.35313E+20,5.91668E+21,8.02719E+15,5.33953E+16
134183,3.17092E+18,3,4,55,27,2017,9,16,1,3,5,3,0,1,0,1,0,0,0,4.30839E+20,5.91618E+21,7.96003E+15,5.33902E+16
134184,3.17092E+18,3,4,55,27,2017,9,1,1,3,9,1,0,1,0,0,0,2,0,4.32957E+20,5.92342E+21,7.99033E+15,5.34555E+16
134185,3.17092E+18,3,4,55,26,2017,9,10,1,3,0,1,1,0,0,0,0,0,0,4.41424E+20,5.9224E+21,8.11801E+15,5.34473E+16
134186,3.17092E+18,3,4,51,7,2017,9,13,1,3,2,6,1,1,0,0,0,0,0,4.25107E+20,5.89562E+21,7.87871E+15,5.32046E+16
134187,3.17092E+18,3,2,51,49,2017,9,12,1,3,1,5,1,1,0,0,0,0,0,4.99181E+20,5.85303E+21,8.98785E+15,5.2827E+16
134188,3.17092E+18,3,2,51,41,2017,9,10,1,3,5,3,0,1,0,0,0,0,0,4.86547E+20,5.86568E+21,8.79981E+15,5.29406E+16
134189,3.17092E+18,3,3,53,31,2017,9,14,1,3,0,6,0,1,1,1,0,0,1,5.64328E+20,5.91472E+21,9.96702E+15,5.33777E+16
134190,3.17092E+18,3,3,58,22,2017,9,22,1,3,8,1,0,1,0,0,0,2,1,5.39848E+20,5.85435E+21,9.59155E+15,5.28374E+16
134191,3.17092E+18,3,3,60,25,2017,9,16,1,3,5,3,0,1,0,1,0,0,1,6.05629E+20,5.86944E+21,1.05727E+16,5.29642E+16
134192,3.17092E+18,3,3,51,26,2017,9,17,1,3,0,7,1,1,0,0,0,0,0,5.87076E+20,5.85545E+21,1.02928E+16,5.28417E+16
134193,3.17092E+18,3,2,41,1,2017,9,19,1,3,0,1,0,0,0,1,0,2,1,5.46122E+20,5.80528E+21,9.67783E+15,5.23959E+16
134194,3.17092E+18,3,2,41,1,2017,9,18,1,3,2,2,1,1,0,0,0,0,1,5.48936E+20,5.80289E+21,9.71884E+15,5.23741E+16
134195,3.17092E+18,3,2,41,17,2017,9,13,1,3,5,3,0,1,0,0,0,0,1,5.37727E+20,5.78506E+21,9.55221E+15,5.22147E+16
134196,3.17092E+18,3,2,41,12,2017,9,17,1,3,2,6,0,1,0,0,0,0,1,5.31111E+20,5.81711E+21,9.45834E+15,5.25032E+16
134197,3.17092E+18,3,2,41,1,2017,9,14,1,3,5,2,0,1,0,0,0,0,1,5.56047E+20,5.80409E+21,9.82349E+15,5.23842E+16
134198,3.17092E+18,3,2,41,10,2017,9,14,1,2,0,7,1,0,0,0,0,0,1,5.50197E+20,5.81109E+21,9.73859E+15,5.24477E+16
134199,3.17092E+18,3,2,41,1,2017,9,12,1,3,2,6,0,1,0,0,0,0,1,5.5125E+20,5.80331E+21,9.75289E+15,5.23776E+16
134200,3.17092E+18,3,2,55,8,2017,9,17,1,3,9,1,0,1,1,0,0,0,0,5.52025E+20,5.75829E+21,9.75737E+15,5.19728E+16
134201,3.17092E+18,3,2,52,5,2017,9,18,1,3,5,3,0,1,0,0,0,0,0,5.26745E+20,5.76623E+21,9.38999E+15,5.20461E+16
134202,3.17092E+18,3,1,59,17,2017,9,15,1,3,2,6,0,1,0,1,0,0,0,5.4624E+20,5.69645E+21,9.66496E+15,5.14174E+16
134203,3.17092E+18,3,1,1,0,2017,9,4,1,2,0,7,0,1,0,0,0,2,0,6.03302E+20,5.79067E+21,1.05135E+16,5.22567E+16
134204,3.17092E+18,3,4,54,41,2017,9,12,7,2,1,5,1,1,0,0,0,0,0,3.9217E+20,5.88223E+21,7.39026E+15,5.30787E+16
134205,3.17092E+18,3,4,56,15,2017,9,1,7,2,0,1,0,1,0,0,0,2,1,3.71231E+20,5.81079E+21,7.10591E+15,5.24321E+16
134206,3.17092E+18,3,4,54,32,2017,9,12,7,3,4,6,1,0,0,0,0,0,0,3.85439E+20,5.82179E+21,7.311E+15,5.25342E+16
134207,3.17092E+18,3,4,54,32,2017,9,11,7,3,1,1,0,1,0,0,0,0,0,3.86021E+20,5.81989E+21,7.32024E+15,5.25172E+16
134208,3.17092E+18,3,4,52,19,2017,9,10,7,3,0,3,1,1,0,0,0,0,0,3.81259E+20,5.94006E+21,7.20578E+15,5.35959E+16
134209,3.17092E+18,3,4,52,1,2017,9,18,7,3,5,3,1,1,0,0,0,0,0,3.99108E+20,5.92532E+21,7.48012E+15,5.34672E+16
134210,3.17092E+18,3,4,52,1,2017,9,10,7,3,2,6,0,1,0,1,0,0,0,3.99961E+20,5.92716E+21,7.49238E+15,5.34839E+16
134211,3.17092E+18,3,4,60,9,2017,9,17,7,3,5,3,1,1,0,0,0,0,0,4.5205E+20,5.84259E+21,8.2899E+15,5.27311E+16
134212,3.17092E+18,3,4,53,10,2017,9,11,7,2,5,3,0,1,0,0,0,0,0,4.18578E+20,5.85457E+21,7.79133E+15,5.28347E+16
134213,3.17092E+18,3,3,52,22,2017,9,9,7,3,5,3,1,1,0,0,0,0,0,5.11268E+20,5.94907E+21,9.17063E+15,5.36902E+16
134214,3.17092E+18,3,3,58,21,2017,9,7,7,2,0,1,0,0,0,1,0,0,0,5.56431E+20,5.8705E+21,9.84051E+15,5.29812E+16
134215,3.17092E+18,3,3,57,24,2017,9,21,7,2,4,6,0,1,0,0,1,2,0,5.30347E+20,5.88104E+21,9.45302E+15,5.3078E+16
134216,3.17092E+18,3,3,55,22,2017,9,18,7,3,5,3,1,1,0,0,0,0,0,5.93868E+20,5.89669E+21,1.04056E+16,5.32112E+16
134217,3.17092E+18,3,2,41,1,2017,9,18,7,3,2,6,0,1,0,0,0,0,0,5.54498E+20,5.7987E+21,9.79985E+15,5.23359E+16
134218,3.17092E+18,3,2,41,2,2017,9,15,7,3,1,5,1,1,0,0,0,0,0,5.31548E+20,5.79454E+21,9.46265E+15,5.23003E+16
134219,3.17092E+18,3,2,41,1,2017,9,16,7,3,5,3,0,1,0,0,0,0,0,5.49776E+20,5.80645E+21,9.7317E+15,5.2406E+16
134220,3.17092E+18,3,1,55,1,2017,9,18,7,2,1,7,1,1,0,0,0,0,0,5.71265E+20,5.74742E+21,1.00352E+16,5.1873E+16
134221,3.17092E+18,3,2,56,29,2017,9,12,7,2,1,1,1,1,0,0,0,0,0,5.25748E+20,5.83445E+21,9.38068E+15,5.26594E+16
134222,3.17092E+18,3,1,59,16,2017,9,10,7,3,6,6,0,1,1,0,0,0,0,5.64704E+20,5.70967E+21,9.93287E+15,5.15344E+16
134223,3.17092E+18,3,1,59,16,2017,9,7,7,3,5,3,1,1,0,0,0,0,0,5.64934E+20,5.71368E+21,9.93692E+15,5.15704E+16
134224,3.17092E+18,3,1,57,6,2017,9,18,7,3,5,3,0,1,0,0,0,0,0,5.84184E+20,5.79667E+21,1.02349E+16,5.23139E+16
134225,3.17092E+18,3,4,59,4,2017,9,17,6,3,5,3,1,1,0,0,0,0,0,4.35319E+20,5.77788E+21,8.0547E+15,5.21476E+16
134226,3.17092E+18,3,4,59,19,2017,9,14,6,3,5,3,1,1,0,0,0,0,0,4.37029E+20,5.7857E+21,8.07823E+15,5.22182E+16
134227,3.17092E+18,3,4,4,0,2017,9,20,6,3,2,6,1,1,0,0,0,2,0,4.35915E+20,5.79068E+21,8.06098E+15,5.22627E+16
134228,3.17092E+18,3,4,4,0,2017,9,13,6,3,5,3,1,1,0,0,0,0,0,4.35523E+20,5.79136E+21,8.05512E+15,5.22688E+16
134229,3.17092E+18,3,4,2,0,2017,9,7,6,3,0,6,1,0,0,1,0,0,0,3.79745E+20,5.91503E+21,7.1925E+15,5.33707E+16
134230,3.17092E+18,3,4,2,0,2017,9,8,6,3,5,3,1,1,0,0,0,0,0,3.81331E+20,5.91464E+21,7.21647E+15,5.33675E+16
134231,3.17092E+18,3,4,57,13,2017,9,12,6,3,3,6,1,1,0,0,0,0,0,3.97832E+20,5.90006E+21,7.46905E+15,5.324E+16
134232,3.17092E+18,3,4,54,41,2017,9,16,6,2,5,3,0,1,0,0,0,0,0,3.92161E+20,5.87791E+21,7.39157E+15,5.30399E+16
134233,3.17092E+18,3,4,56,1,2017,9,7,6,2,5,3,0,1,0,0,0,0,0,3.69912E+20,5.80051E+21,7.0905E+15,5.23395E+16
134234,3.17092E+18,3,4,56,15,2017,9,14,6,3,1,5,1,1,0,0,0,0,0,3.67753E+20,5.80985E+21,7.05515E+15,5.24228E+16
134235,3.17092E+18,3,4,56,15,2017,9,14,6,3,5,3,1,1,0,0,0,0,0,3.6976E+20,5.80893E+21,7.085E+15,5.24151E+16
134236,3.17092E+18,3,4,54,35,2017,9,12,6,3,2,6,0,1,0,0,0,0,0,3.84499E+20,5.83895E+21,7.29116E+15,5.26882E+16
134237,3.17092E+18,3,4,54,54,2017,9,14,6,3,5,3,1,1,0,0,0,0,0,3.71736E+20,5.83387E+21,7.10441E+15,5.26396E+16
134238,3.17092E+18,3,4,62,19,2017,9,19,6,3,0,1,0,0,0,1,0,2,0,4.19535E+20,5.93694E+21,7.78477E+15,5.35751E+16
134239,3.17092E+18,3,4,52,1,2017,9,7,6,3,2,6,1,0,0,0,0,0,0,3.99662E+20,5.92624E+21,7.48817E+15,5.34756E+16
134240,3.17092E+18,3,4,55,7,2017,9,18,6,3,0,3,0,1,0,0,0,0,0,4.27719E+20,5.93759E+21,7.90819E+15,5.35821E+16
134241,3.17092E+18,3,4,5,0,2017,9,12,6,3,5,3,0,1,0,0,0,0,0,4.40683E+20,5.93057E+21,8.10532E+15,5.35207E+16
134242,3.17092E+18,3,4,3,0,2017,9,19,6,3,5,3,0,1,0,0,1,0,0,4.48678E+20,5.88959E+21,8.23253E+15,5.31532E+16
134243,3.17092E+18,3,4,3,0,2017,9,14,6,3,2,6,0,1,0,0,0,0,0,4.47297E+20,5.88946E+21,8.2119E+15,5.31519E+16
134244,3.17092E+18,3,4,58,14,2017,9,11,6,3,4,6,1,0,0,0,1,0,0,4.62238E+20,5.86102E+21,8.43865E+15,5.28975E+16
134245,3.17092E+18,3,3,52,11,2017,9,16,6,2,0,7,0,0,1,0,1,0,0,4.77989E+20,5.97095E+21,8.66511E+15,5.38865E+16
134246,3.17092E+18,3,3,53,29,2017,9,7,6,3,5,3,1,1,0,0,0,0,0,5.61543E+20,5.91791E+21,9.92577E+15,5.34067E+16
134247,3.17092E+18,3,3,59,10,2017,9,13,6,3,2,6,0,1,0,0,0,0,0,5.45803E+20,5.92432E+21,9.68996E+15,5.34658E+16
134248,3.17092E+18,3,3,59,38,2017,9,17,6,3,5,3,1,1,0,0,0,0,0,5.31318E+20,5.93761E+21,9.4731E+15,5.35864E+16
134249,3.17092E+18,3,3,58,21,2017,9,12,6,3,5,3,1,1,0,0,0,0,0,5.55022E+20,5.86985E+21,9.81941E+15,5.29754E+16
134250,3.17092E+18,3,3,57,51,2017,9,15,6,3,8,1,1,0,0,0,0,0,0,5.38253E+20,5.87067E+21,9.5698E+15,5.29842E+16
134251,3.17092E+18,3,3,54,2,2017,9,13,6,3,8,1,0,0,0,0,1,0,0,6.31145E+20,5.86836E+21,1.0952E+16,5.29488E+16
134252,3.17092E+18,3,3,55,22,2017,9,7,6,3,6,4,0,1,1,0,0,0,0,5.9508E+20,5.90228E+21,1.04254E+16,5.32613E+16
134253,3.17092E+18,3,3,51,6,2017,9,16,6,3,3,2,1,1,0,0,0,0,0,5.73864E+20,5.83299E+21,1.00916E+16,5.26418E+16
134254,3.17092E+18,3,2,41,1,2017,9,8,6,3,5,3,1,1,0,0,0,0,0,5.44624E+20,5.8067E+21,9.65601E+15,5.24087E+16
134255,3.17092E+18,3,2,41,1,2017,9,12,6,3,3,6,1,1,0,0,0,0,0,5.49124E+20,5.8046E+21,9.72184E+15,5.23894E+16
134256,3.17092E+18,3,2,41,1,2017,9,8,6,3,2,6,0,1,0,0,0,0,0,5.54716E+20,5.80801E+21,9.80458E+15,5.24196E+16
134257,3.17092E+18,3,2,41,12,2017,9,10,6,3,6,7,0,1,1,0,0,0,0,5.31171E+20,5.81734E+21,9.45925E+15,5.25053E+16
134258,3.17092E+18,3,2,41,1,2017,9,18,6,3,5,3,1,1,0,0,0,0,0,5.45777E+20,5.80186E+21,9.6723E+15,5.23651E+16
134259,3.17092E+18,3,2,41,1,2017,9,16,6,2,0,2,1,0,0,1,0,0,0,5.47936E+20,5.80238E+21,9.70407E+15,5.23696E+16
134260,3.17092E+18,3,2,41,1,2017,9,13,6,3,5,3,0,1,0,0,0,0,0,5.53667E+20,5.79813E+21,9.78756E+15,5.23308E+16
134261,3.17092E+18,3,1,59,19,2017,9,11,6,3,5,3,1,1,0,0,0,0,0,5.93023E+20,5.72314E+21,1.03446E+16,5.16515E+16
134262,3.17092E+18,3,2,57,1,2017,9,7,6,3,5,3,1,1,0,0,0,0,0,5.06643E+20,5.78953E+21,9.09733E+15,5.22561E+16
134263,3.17092E+18,3,1,3,0,2017,9,15,6,3,2,6,0,1,0,0,0,0,0,6.18696E+20,5.80724E+21,1.07448E+16,5.24025E+16
134264,3.17092E+18,3,1,57,9,2017,9,12,6,3,5,3,1,1,0,0,0,0,0,5.842E+20,5.79334E+21,1.02344E+16,5.2284E+16
134265,3.17092E+18,3,1,57,6,2017,9,5,6,2,5,3,0,1,0,0,1,2,0,5.84037E+20,5.79758E+21,1.0233E+16,5.23221E+16
134266,3.17092E+18,3,1,2,0,2017,9,14,6,3,5,3,1,1,0,0,0,0,0,6.01597E+20,5.78236E+21,1.0486E+16,5.21823E+16
134267,3.17092E+18,3,1,51,16,2017,9,16,6,3,8,1,0,0,0,1,0,0,0,6.08244E+20,5.80479E+21,1.05904E+16,5.23827E+16
134268,3.17092E+18,3,1,1,0,2017,9,16,6,2,5,3,0,1,0,1,0,0,0,6.04838E+20,5.79107E+21,1.05361E+16,5.226E+16
134269,3.17092E+18,3,4,57,14,2017,9,8,5,3,0,1,0,0,0,1,0,0,0,3.99276E+20,5.90775E+21,7.48824E+15,5.33094E+16
134270,3.17092E+18,3,4,54,41,2017,9,11,5,3,5,2,1,1,0,0,0,0,0,3.92858E+20,5.88201E+21,7.4006E+15,5.30768E+16
134271,3.17092E+18,3,4,54,32,2017,9,19,5,3,0,1,1,0,0,0,0,1,0,3.87422E+20,5.82038E+21,7.3407E+15,5.25219E+16
134272,3.17092E+18,3,4,52,25,2017,9,9,5,3,4,6,1,0,0,0,0,0,0,4.16166E+20,5.91986E+21,7.73846E+15,5.34211E+16
134273,3.17092E+18,3,4,52,1,2017,9,7,5,3,5,3,1,0,0,0,1,0,0,4.00489E+20,5.92939E+21,7.49962E+15,5.3504E+16
134274,3.17092E+18,3,4,52,1,2017,9,23,5,3,5,3,0,1,0,1,0,2,0,4.00484E+20,5.92941E+21,7.49953E+15,5.35043E+16
134275,3.17092E+18,3,4,52,23,2017,9,10,5,3,5,3,1,1,0,0,0,0,0,3.93385E+20,5.92715E+21,7.39332E+15,5.34825E+16
134276,3.17092E+18,3,4,5,0,2017,9,17,5,2,5,3,1,1,0,0,0,0,0,4.42004E+20,5.93194E+21,8.12498E+15,5.35332E+16
134277,3.17092E+18,3,4,3,0,2017,9,16,5,3,5,3,0,1,1,0,0,0,0,4.47823E+20,5.89019E+21,8.21965E+15,5.31585E+16
134278,3.17092E+18,3,2,51,11,2017,9,7,5,3,5,3,0,1,0,0,0,0,0,4.64609E+20,5.83263E+21,8.47696E+15,5.26425E+16
134279,3.17092E+18,3,3,52,59,2017,9,21,5,3,9,1,0,1,0,0,0,2,0,4.87589E+20,5.91969E+21,8.81323E+15,5.34261E+16
134280,3.17092E+18,3,3,52,50,2017,9,19,5,2,9,1,1,0,0,0,0,0,0,4.7548E+20,5.93721E+21,8.62963E+15,5.35832E+16
134281,3.17092E+18,3,3,53,5,2017,9,17,5,3,5,3,1,1,0,0,0,0,0,5.59184E+20,5.90984E+21,9.88878E+15,5.33344E+16
134282,3.17092E+18,3,3,58,16,2017,9,13,5,3,5,3,1,1,0,0,0,0,0,5.72928E+20,5.87138E+21,1.00864E+16,5.2987E+16
134283,3.17092E+18,3,3,57,39,2017,9,7,5,3,4,2,1,0,0,0,0,0,0,5.25933E+20,5.8837E+21,9.38733E+15,5.31021E+16
134284,3.17092E+18,3,3,55,22,2017,9,16,5,3,5,2,1,1,0,0,0,0,0,5.93348E+20,5.89996E+21,1.03988E+16,5.32407E+16
134285,3.17092E+18,3,2,41,1,2017,9,12,5,3,5,3,0,1,0,0,0,0,0,5.52469E+20,5.80013E+21,9.7703E+15,5.2349E+16
134286,3.17092E+18,3,2,41,1,2017,9,16,5,3,2,6,0,1,0,0,0,0,0,5.51011E+20,5.80524E+21,9.74968E+15,5.2395E+16
134287,3.17092E+18,3,2,41,15,2017,9,8,5,3,5,3,1,1,0,0,0,0,0,5.43264E+20,5.80581E+21,9.63591E+15,5.24008E+16
134288,3.17101E+18,3,3,59,10,2017,10,11,4,3,2,6,0,1,0,0,0,0,1,5.45881E+20,5.92496E+21,9.69122E+15,5.34716E+16
134289,3.17101E+18,3,3,59,38,2017,10,14,4,3,2,6,0,1,0,0,0,0,1,5.31692E+20,5.9389E+21,9.47889E+15,5.35979E+16
134290,3.17101E+18,3,3,55,22,2017,10,15,4,3,2,6,0,1,0,0,0,0,1,5.9315E+20,5.89888E+21,1.03955E+16,5.3231E+16
134291,3.17101E+18,3,3,55,22,2017,10,14,4,3,2,2,0,1,0,1,0,0,0,5.95218E+20,5.90349E+21,1.04279E+16,5.32721E+16
134292,3.17101E+18,3,2,41,1,2017,10,13,4,3,5,2,1,1,0,0,0,0,0,5.49758E+20,5.8034E+21,9.73099E+15,5.23786E+16
134293,3.17101E+18,3,2,54,21,2017,10,17,4,1,6,2,0,1,1,0,0,0,0,5.64881E+20,5.77851E+21,9.94834E+15,5.21533E+16
134294,3.17101E+18,3,1,59,14,2017,10,15,4,3,4,6,0,1,0,0,0,0,0,5.82967E+20,5.71673E+21,1.01978E+16,5.15955E+16
134295,3.17101E+18,3,1,57,8,2017,10,19,4,3,4,2,1,1,0,0,0,2,0,5.90008E+20,5.80058E+21,1.03214E+16,5.23481E+16
134296,3.17101E+18,3,1,59,16,2017,10,9,4,3,5,2,1,0,0,0,1,0,1,5.65087E+20,5.71133E+21,9.9387E+15,5.15493E+16
134297,3.17101E+18,3,1,3,0,2017,10,11,4,2,0,3,1,1,0,0,0,0,0,6.19312E+20,5.80914E+21,1.07545E+16,5.24194E+16
134298,3.17101E+18,3,1,58,37,2017,10,5,4,2,5,3,0,1,0,1,0,2,0,6.04427E+20,5.78036E+21,1.05268E+16,5.21638E+16
134299,3.17101E+18,3,1,53,2,2017,10,14,4,3,5,7,1,1,0,0,0,0,0,6.05824E+20,5.75128E+21,1.05382E+16,5.19022E+16
134300,3.17101E+18,3,1,53,17,2017,10,17,4,3,3,6,1,1,0,0,0,0,0,5.98483E+20,5.75136E+21,1.04315E+16,5.19042E+16
134301,3.17101E+18,3,1,1,0,2017,10,20,4,3,5,3,1,1,0,0,0,2,0,6.0384E+20,5.79511E+21,1.05227E+16,5.22965E+16
134302,3.17101E+18,3,1,1,0,2017,10,15,4,3,5,3,0,1,0,0,0,0,0,6.03592E+20,5.79068E+21,1.05177E+16,5.22567E+16
134303,3.17101E+18,3,1,1,0,2017,10,6,4,3,5,3,1,1,0,0,0,1,0,6.05047E+20,5.79585E+21,1.05406E+16,5.2303E+16
134304,3.17101E+18,3,4,2,0,2017,10,10,3,3,5,3,1,0,0,0,1,0,0,3.80663E+20,5.91516E+21,7.20623E+15,5.33721E+16
134305,3.17101E+18,3,4,57,13,2017,10,16,3,3,5,3,0,1,0,0,0,0,1,3.99244E+20,5.90011E+21,7.4902E+15,5.32407E+16
134306,3.17101E+18,3,4,54,41,2017,10,14,3,3,5,3,0,1,0,0,0,0,1,3.95585E+20,5.88163E+21,7.44141E+15,5.30739E+16
134307,3.17101E+18,3,4,56,15,2017,10,7,3,3,5,2,1,1,0,0,0,1,1,3.68211E+20,5.81047E+21,7.06164E+15,5.24285E+16
134308,3.17101E+18,3,4,62,19,2017,10,8,3,3,5,3,1,1,0,0,0,0,1,4.19211E+20,5.93729E+21,7.77978E+15,5.35782E+16
134309,3.17101E+18,3,4,53,8,2017,10,15,3,3,6,6,0,1,1,0,0,0,0,4.33557E+20,5.86744E+21,8.01102E+15,5.29524E+16
134310,3.17101E+18,3,4,53,4,2017,10,13,3,3,2,6,0,1,0,0,1,0,1,4.36389E+20,5.85654E+21,8.0553E+15,5.28549E+16
134311,3.17101E+18,3,4,55,7,2017,10,19,3,3,2,2,0,1,0,1,0,2,1,4.2775E+20,5.9361E+21,7.90901E+15,5.35688E+16
134312,3.17101E+18,3,4,5,0,2017,10,6,3,3,0,3,1,1,0,0,0,2,0,4.4105E+20,5.93098E+21,8.11078E+15,5.35244E+16
134313,3.17101E+18,3,4,51,7,2017,10,10,3,3,5,2,0,1,0,0,0,0,1,4.28606E+20,5.90134E+21,7.9298E+15,5.32565E+16
134314,3.17101E+18,3,4,3,0,2017,10,14,3,2,0,7,1,0,1,0,0,0,0,4.48979E+20,5.89089E+21,8.23682E+15,5.31649E+16
134315,3.17101E+18,3,2,51,47,2017,10,3,3,3,5,3,1,1,0,0,0,2,1,4.87877E+20,5.87099E+21,8.81941E+15,5.29883E+16
134316,3.17101E+18,3,2,51,33,2017,10,17,3,2,5,3,0,1,0,0,0,0,0,4.97924E+20,5.85709E+21,8.96916E+15,5.28635E+16
134317,3.17101E+18,3,2,51,41,2017,10,14,3,3,6,4,0,1,1,0,0,0,1,4.88677E+20,5.86257E+21,8.83162E+15,5.29127E+16
134318,3.17101E+18,3,2,51,12,2017,10,12,3,3,2,6,0,1,0,0,0,0,0,4.58202E+20,5.83008E+21,8.3826E+15,5.26191E+16
134319,3.17101E+18,3,3,53,5,2017,10,10,3,3,2,2,0,1,0,0,1,0,1,5.5681E+20,5.91066E+21,9.85328E+15,5.33421E+16
134320,3.17101E+18,3,3,55,22,2017,10,16,3,3,0,2,1,1,0,0,0,0,1,5.94392E+20,5.90115E+21,1.04148E+16,5.32512E+16
134321,3.17101E+18,3,2,41,1,2017,10,11,3,3,0,1,1,0,0,0,0,0,1,5.48537E+20,5.8026E+21,9.71294E+15,5.23716E+16
134322,3.17101E+18,3,2,41,1,2017,10,7,3,3,4,6,0,1,0,0,0,1,1,5.51463E+20,5.80198E+21,9.75582E+15,5.23656E+16
134323,3.17101E+18,3,2,41,1,2017,10,16,3,3,5,3,1,1,0,0,0,0,1,5.49073E+20,5.80439E+21,9.72107E+15,5.23876E+16
134324,3.17101E+18,3,2,41,1,2017,10,12,3,3,5,3,1,1,0,0,0,0,1,5.51261E+20,5.80388E+21,9.75313E+15,5.23828E+16
134325,3.17101E+18,3,2,41,2,2017,10,9,3,3,0,7,0,0,0,0,1,0,0,5.31479E+20,5.79455E+21,9.46164E+15,5.23004E+16
134326,3.17101E+18,3,2,41,11,2017,10,18,3,3,5,2,0,1,0,0,0,1,1,5.66129E+20,5.80206E+21,9.9712E+15,5.23648E+16
134327,3.17101E+18,3,2,41,1,2017,10,14,3,3,4,1,0,1,0,0,0,0,1,5.55807E+20,5.79758E+21,9.81887E+15,5.23257E+16
134328,3.17101E+18,3,2,41,1,2017,10,9,3,3,5,3,1,1,0,0,0,0,1,5.50054E+20,5.80406E+21,9.73543E+15,5.23845E+16
134329,3.17101E+18,3,2,56,33,2017,10,15,3,2,5,3,0,1,0,1,0,0,1,4.93215E+20,5.81599E+21,8.90006E+15,5.2494E+16
134330,3.17101E+18,3,2,56,34,2017,10,7,3,3,7,7,0,0,0,1,0,1,1,4.93549E+20,5.80997E+21,8.9051E+15,5.24399E+16
134331,3.17101E+18,3,2,54,21,2017,10,19,3,2,1,5,1,1,0,0,0,2,0,5.65837E+20,5.77872E+21,9.96235E+15,5.2155E+16
134332,3.17101E+18,3,1,59,16,2017,10,20,3,3,2,6,0,1,0,0,0,2,1,5.64752E+20,5.70809E+21,9.93328E+15,5.15202E+16
134333,3.17101E+18,3,1,53,12,2017,10,15,3,3,5,3,0,1,0,0,0,0,1,5.80028E+20,5.74984E+21,1.0163E+16,5.18936E+16
134334,3.17101E+18,3,1,53,17,2017,10,11,3,3,5,2,1,1,0,0,0,0,1,5.98755E+20,5.75271E+21,1.04359E+16,5.19163E+16
134335,3.17101E+18,3,1,51,36,2017,10,10,3,3,5,3,0,1,0,0,1,0,1,6.08256E+20,5.82978E+21,1.05987E+16,5.26073E+16