OBJECTID,UIDENTSTLA,ULAND,UREGBEZ,UKREIS,UGEMEINDE,UJAHR,UMONAT,USTUNDE,UWOCHENTAG,UKATEGORIE,UART,UTYP1,IstRad,IstPKW,IstFuss,IstKrad,IstSonstig,LICHT,STRZUSTAND,LINREFX,LINREFY,XGCSWGS84,YGCSWGS84
134508,3.171E+18,3,2,52,3,2017,10,8,2,3,1,5,0,1,0,0,0,0,1,5.17933E+20,5.75933E+21,9.26114E+15,5.19844E+16
134509,3.171E+18,3,1,59,16,2017,10,12,2,3,5,3,0,1,0,0,1,0,1,5.65453E+20,5.71249E+21,9.9442E+15,5.15597E+16
134510,3.171E+18,3,1,53,17,2017,10,11,2,3,4,2,0,1,0,0,0,0,1,5.99774E+20,5.75262E+21,1.04507E+16,5.19154E+16
134511,3.171E+18,3,1,53,17,2017,10,13,2,3,6,6,0,0,1,0,1,0,1,5.99432E+20,5.75254E+21,1.04457E+16,5.19148E+16
134512,3.171E+18,3,1,1,0,2017,10,1,2,2,1,5,1,1,0,0,0,2,0,6.02901E+20,5.7914E+21,1.05078E+16,5.22634E+16
134513,3.171E+18,3,1,1,0,2017,10,8,2,3,5,3,0,1,0,0,0,0,1,6.03605E+20,5.79077E+21,1.05179E+16,5.22575E+16
134514,3.171E+18,3,4,59,27,2017,10,16,1,3,4,6,0,1,0,1,0,0,0,4.19928E+20,5.80776E+21,7.82271E+15,5.24142E+16
134515,3.171E+18,3,4,4,0,2017,10,18,1,2,8,1,1,0,0,0,0,0,0,4.34188E+20,5.79086E+21,8.03564E+15,5.22642E+16
134516,3.171E+18,3,4,4,0,2017,10,16,1,3,5,3,0,1,0,1,0,0,0,4.31223E+20,5.79566E+21,7.99123E+15,5.2307E+16
134517,3.171E+18,3,4,4,0,2017,10,16,1,3,5,3,1,1,0,0,0,0,0,4.29929E+20,5.79364E+21,7.97267E+15,5.22886E+16
134518,3.171E+18,3,4,54,41,2017,10,14,1,3,5,3,0,1,0,1,0,0,0,3.95244E+20,5.88166E+21,7.43632E+15,5.30741E+16
134519,3.171E+18,3,4,56,15,2017,10,15,1,3,4,2,0,1,0,0,0,0,0,3.70024E+20,5.8096E+21,7.08863E+15,5.24212E+16
134520,3.171E+18,3,4,54,32,2017,10,12,1,2,0,1,0,0,0,1,0,0,1,3.87124E+20,5.82105E+21,7.33609E+15,5.25278E+16
134521,3.171E+18,3,4,54,32,2017,10,14,1,2,5,3,0,1,1,0,0,0,0,3.88816E+20,5.82649E+21,7.35919E+15,5.25771E+16
134522,3.171E+18,3,4,52,25,2017,10,1,1,3,5,3,0,1,0,1,0,2,1,4.1292E+20,5.91892E+21,7.68989E+15,5.34121E+16
134523,3.171E+18,3,4,53,7,2017,10,14,1,3,4,2,1,1,0,0,0,0,0,4.2332E+20,5.87531E+21,7.85681E+15,5.30219E+16
134524,3.171E+18,3,4,53,4,2017,10,10,1,3,5,3,0,1,0,0,0,0,0,4.35296E+20,5.85405E+21,8.03956E+15,5.28323E+16
134525,3.171E+18,3,4,5,0,2017,10,12,1,3,5,3,1,1,0,0,0,0,1,4.41771E+20,5.93313E+21,8.12125E+15,5.35438E+16
134526,3.171E+18,3,2,51,12,2017,10,18,1,3,8,1,0,1,0,0,0,0,0,4.57294E+20,5.82899E+21,8.36932E+15,5.26093E+16
134527,3.171E+18,3,3,52,11,2017,10,17,1,3,3,5,1,1,0,0,0,0,0,4.80473E+20,5.96877E+21,8.70305E+15,5.38671E+16
134528,3.171E+18,3,3,60,25,2017,10,22,1,3,5,3,0,1,0,0,0,2,0,6.05105E+20,5.87049E+21,1.05653E+16,5.29737E+16
134529,3.171E+18,3,3,55,22,2017,10,11,1,3,5,3,1,1,0,0,0,0,0,5.93517E+20,5.9E+21,1.04013E+16,5.3241E+16
134530,3.171E+18,3,3,51,6,2017,10,13,1,3,2,6,0,1,0,0,0,0,0,5.72736E+20,5.82902E+21,1.00741E+16,5.26063E+16
134531,3.171E+18,3,2,41,1,2017,10,5,1,3,0,7,1,0,0,0,0,2,1,5.46005E+20,5.80753E+21,9.67642E+15,5.24161E+16
134532,3.171E+18,3,2,41,1,2017,10,13,1,3,5,2,1,1,0,0,0,0,0,5.47046E+20,5.79976E+21,9.69064E+15,5.23461E+16
134533,3.171E+18,3,2,41,2,2017,10,16,1,3,5,3,1,0,0,0,1,0,0,5.32655E+20,5.79512E+21,9.47894E+15,5.23054E+16
134534,3.171E+18,3,2,57,3,2017,10,12,1,3,0,4,1,0,1,0,0,0,0,5.15949E+20,5.78658E+21,9.23352E+15,5.22294E+16
134535,3.171E+18,3,2,57,26,2017,10,13,1,3,0,7,0,1,0,1,0,0,0,5.10359E+20,5.79352E+21,9.15189E+15,5.2292E+16
134536,3.171E+18,3,2,54,21,2017,10,10,1,3,6,2,0,1,1,0,0,0,0,5.65046E+20,5.77844E+21,9.95074E+15,5.21526E+16
134537,3.171E+18,3,1,57,6,2017,10,17,1,3,6,7,0,1,1,0,0,0,0,5.83484E+20,5.79782E+21,1.0225E+16,5.23244E+16
134538,3.171E+18,3,1,1,0,2017,10,21,1,3,0,1,1,0,0,0,0,2,0,6.04103E+20,5.79297E+21,1.05259E+16,5.22772E+16
134539,3.17093E+18,3,4,59,13,2017,9,10,7,3,2,7,0,1,0,0,0,0,1,4.52333E+20,5.80216E+21,8.29991E+15,5.23676E+16
134540,3.17093E+18,3,4,4,0,2017,9,15,7,3,1,5,1,1,0,0,0,0,1,4.35235E+20,5.79198E+21,8.05078E+15,5.22744E+16
134541,3.17093E+18,3,4,4,0,2017,9,13,7,3,2,6,0,1,0,0,0,0,1,4.34308E+20,5.79313E+21,8.03696E+15,5.22846E+16
134542,3.17093E+18,3,4,54,41,2017,9,17,7,2,5,3,1,1,0,0,0,0,1,3.92051E+20,5.8829E+21,7.38825E+15,5.30847E+16
134543,3.17093E+18,3,4,56,2,2017,9,12,7,3,5,3,0,1,0,0,0,0,1,3.5606E+20,5.83157E+21,6.87391E+15,5.26151E+16
134544,3.17093E+18,3,4,54,18,2017,9,12,7,2,2,2,0,1,0,1,0,0,1,3.84409E+20,5.85019E+21,7.28587E+15,5.27891E+16
134545,3.17093E+18,3,3,56,11,2017,9,17,7,2,8,1,0,1,0,0,0,0,1,4.92209E+20,5.89518E+21,8.88336E+15,5.32059E+16
134546,3.17093E+18,3,4,51,7,2017,9,13,7,3,2,2,0,1,0,0,0,0,1,4.28698E+20,5.90163E+21,7.93111E+15,5.32591E+16
134547,3.17093E+18,3,4,3,0,2017,9,12,7,3,5,3,1,1,0,0,0,0,1,4.47085E+20,5.8885E+21,8.20889E+15,5.31433E+16
134548,3.17093E+18,3,2,51,40,2017,9,10,7,3,0,1,1,0,0,0,0,0,1,4.87859E+20,5.83705E+21,8.8204E+15,5.26832E+16
134549,3.17093E+18,3,4,58,14,2017,9,14,7,3,5,3,0,1,0,0,0,0,1,4.60965E+20,5.86032E+21,8.41981E+15,5.28912E+16
134550,3.17093E+18,3,4,1,0,2017,9,19,7,3,4,2,0,1,0,0,0,2,1,4.76381E+20,5.87638E+21,8.64776E+15,5.30364E+16
134551,3.17093E+18,3,3,59,38,2017,9,14,7,3,2,6,0,1,0,0,0,0,1,5.31872E+20,5.93928E+21,9.48164E+15,5.36013E+16
134552,3.17093E+18,3,3,57,41,2017,9,17,7,3,5,2,1,1,0,0,0,0,0,5.32469E+20,5.89111E+21,9.4857E+15,5.31684E+16
134553,3.17093E+18,3,3,60,25,2017,9,18,7,3,5,3,1,1,0,0,0,0,0,6.0522E+20,5.86951E+21,1.05666E+16,5.29649E+16
134554,3.17093E+18,3,3,55,22,2017,9,16,7,3,6,4,1,0,1,0,0,0,0,5.94143E+20,5.90106E+21,1.0411E+16,5.32504E+16
134555,3.17093E+18,3,2,41,1,2017,9,19,7,3,0,3,1,1,0,0,0,2,0,5.50629E+20,5.80364E+21,9.74382E+15,5.23807E+16
134556,3.17093E+18,3,2,41,1,2017,9,17,7,3,0,1,1,0,0,0,0,0,0,5.4817E+20,5.8018E+21,9.70744E+15,5.23643E+16
134557,3.17093E+18,3,2,41,1,2017,9,13,7,3,0,1,0,0,0,1,0,0,1,5.49639E+20,5.8025E+21,9.72911E+15,5.23705E+16
134558,3.17093E+18,3,1,59,16,2017,9,5,7,2,8,1,0,1,0,0,0,2,1,5.64775E+20,5.71088E+21,9.93413E+15,5.15453E+16
134559,3.17093E+18,3,1,59,16,2017,9,10,7,3,2,6,0,1,0,0,0,0,1,5.6416E+20,5.70815E+21,9.92475E+15,5.15209E+16
134560,3.17093E+18,3,1,57,2,2017,9,11,7,3,4,6,0,1,0,0,0,0,1,5.73088E+20,5.79022E+21,1.00708E+16,5.22575E+16
134561,3.17093E+18,3,1,1,0,2017,9,14,7,2,3,6,1,0,0,0,0,0,0,6.03876E+20,5.7912E+21,1.0522E+16,5.22614E+16
134562,3.17093E+18,3,1,1,0,2017,9,10,7,3,2,2,0,1,0,1,0,0,1,5.99506E+20,5.79613E+21,1.04595E+16,5.23065E+16
134563,3.17093E+18,3,4,59,2,2017,9,15,6,2,5,3,1,1,0,0,0,0,0,4.23632E+20,5.8215E+21,7.87401E+15,5.25382E+16
134564,3.17093E+18,3,4,54,47,2017,9,13,6,3,5,2,1,1,0,0,0,0,0,4.00563E+20,5.85559E+21,7.52369E+15,5.28409E+16
134565,3.17093E+18,3,4,54,47,2017,9,12,6,3,5,3,0,1,0,0,0,0,1,4.01372E+20,5.85495E+21,7.53589E+15,5.28352E+16
134566,3.17093E+18,3,4,56,15,2017,9,15,6,3,5,2,1,1,0,0,0,0,0,3.66161E+20,5.80926E+21,7.03198E+15,5.24172E+16
134567,3.17101E+18,3,1,59,16,2017,10,7,5,3,2,6,1,1,0,0,0,0,1,5.65666E+20,5.71078E+21,9.94695E+15,5.15443E+16
134568,3.17101E+18,3,1,2,0,2017,10,7,5,3,5,3,0,1,0,0,0,0,1,5.94386E+20,5.76993E+21,1.03771E+16,5.20719E+16
134569,3.17101E+18,3,4,53,8,2017,10,14,4,3,5,3,0,1,0,0,1,0,0,4.34474E+20,5.86829E+21,8.02449E+15,5.29602E+16
134570,3.17101E+18,3,1,55,10,2017,10,15,5,3,5,3,1,1,0,0,0,0,0,5.64545E+20,5.71763E+21,9.93204E+15,5.1606E+16
134571,3.17101E+18,3,1,53,8,2017,10,10,5,2,5,3,1,1,0,0,0,0,0,5.97982E+20,5.76441E+21,1.0428E+16,5.20216E+16
134572,3.17101E+18,3,4,60,6,2017,10,16,4,3,6,4,1,0,1,0,0,0,1,4.49017E+20,5.83565E+21,8.24606E+15,5.26684E+16
134573,3.17101E+18,3,4,54,32,2017,10,17,4,2,5,3,0,1,0,0,0,0,0,3.87928E+20,5.82507E+21,7.34658E+15,5.25641E+16
134574,3.17101E+18,3,4,56,1,2017,10,15,4,3,1,7,0,0,0,1,1,0,0,3.74145E+20,5.79667E+21,7.15404E+15,5.23059E+16
134575,3.17101E+18,3,4,59,14,2017,10,16,4,3,5,3,1,1,0,0,0,0,0,4.32379E+20,5.80758E+21,8.00579E+15,5.24143E+16
134576,3.17101E+18,3,2,52,6,2017,10,17,5,3,2,2,0,1,0,0,1,0,0,5.25098E+20,5.7719E+21,9.36639E+15,5.20971E+16
134577,3.17101E+18,3,2,41,1,2017,10,15,5,3,5,3,1,1,0,0,0,0,0,5.47214E+20,5.80677E+21,9.6941E+15,5.24092E+16
134578,3.17101E+18,3,2,41,1,2017,10,17,5,3,5,3,1,1,0,0,0,1,0,5.50769E+20,5.80216E+21,9.74565E+15,5.23674E+16
134579,3.17101E+18,3,3,52,46,2017,10,17,4,3,6,2,0,1,1,0,0,0,1,4.93586E+20,5.96214E+21,8.9026E+15,5.38077E+16
134580,3.17101E+18,3,4,3,0,2017,10,11,4,2,5,2,1,0,0,0,1,0,1,4.48143E+20,5.89062E+21,8.22437E+15,5.31625E+16
134581,3.17101E+18,3,2,57,35,2017,10,9,5,3,5,3,1,1,0,0,0,0,1,5.13224E+20,5.79672E+21,9.19402E+15,5.23206E+16
134582,3.17102E+18,3,4,59,33,2017,10,9,5,3,5,3,0,1,0,0,0,0,0,4.29842E+20,5.79844E+21,7.97039E+15,5.23317E+16
134583,3.17102E+18,3,4,59,30,2017,10,18,5,3,1,5,1,1,0,0,0,2,0,4.29208E+20,5.8369E+21,7.95292E+15,5.26774E+16
134584,3.17102E+18,3,4,59,30,2017,10,17,5,3,5,3,0,1,0,1,0,0,0,4.28942E+20,5.83667E+21,7.94903E+15,5.26753E+16
134585,3.17102E+18,3,4,4,0,2017,10,15,5,3,5,3,0,1,0,0,0,0,0,4.35109E+20,5.7897E+21,8.04936E+15,5.22539E+16
134586,3.17102E+18,3,4,54,18,2017,10,6,5,3,5,3,0,1,0,0,0,2,0,3.81374E+20,5.8501E+21,7.24092E+15,5.27876E+16
134587,3.17102E+18,3,4,54,53,2017,10,19,5,3,0,2,0,1,0,1,0,2,0,3.97743E+20,5.81759E+21,7.49362E+15,5.24989E+16
134588,3.17102E+18,3,4,54,32,2017,10,10,5,3,5,3,1,1,0,0,0,0,0,3.85566E+20,5.82102E+21,7.31314E+15,5.25272E+16
134589,3.17102E+18,3,4,60,6,2017,10,11,5,3,2,2,0,1,0,1,0,0,0,4.49703E+20,5.836E+21,8.25616E+15,5.26716E+16
134590,3.17102E+18,3,4,53,9,2017,10,18,5,3,7,7,0,1,0,0,0,2,0,4.25509E+20,5.85099E+21,7.89501E+15,5.28036E+16
134591,3.17102E+18,3,3,61,12,2017,10,21,5,3,5,3,0,1,0,1,0,2,0,5.16423E+20,5.86354E+21,9.24428E+15,5.29212E+16
134592,3.17102E+18,3,3,61,6,2017,10,18,5,3,6,7,0,1,1,0,0,1,0,5.11503E+20,5.87025E+21,9.17133E+15,5.29817E+16
134593,3.17102E+18,3,4,51,2,2017,10,21,5,3,8,7,0,1,0,0,0,2,0,4.42868E+20,5.88822E+21,8.14591E+15,5.31403E+16
134594,3.17102E+18,3,4,3,0,2017,10,14,5,3,5,3,0,1,0,1,0,0,0,4.47692E+20,5.89074E+21,8.2176E+15,5.31635E+16
134595,3.17102E+18,3,4,61,9,2017,10,11,5,2,8,1,0,0,0,1,0,0,0,4.55953E+20,5.91624E+21,8.33763E+15,5.33934E+16
134596,3.17102E+18,3,3,53,32,2017,10,17,5,3,0,1,1,0,0,0,0,0,0,5.75897E+20,5.91345E+21,1.01406E+16,5.33647E+16
134597,3.17102E+18,3,3,59,38,2017,10,13,5,3,3,2,1,0,0,0,0,0,0,5.31231E+20,5.93893E+21,9.47191E+15,5.35983E+16
134598,3.17102E+18,3,3,58,19,2017,10,17,5,3,3,6,0,1,0,0,1,0,0,5.53228E+20,5.88428E+21,9.79508E+15,5.31053E+16
134599,3.17102E+18,3,3,57,39,2017,10,14,5,3,5,3,0,1,0,0,0,0,0,5.26893E+20,5.88471E+21,9.40176E+15,5.31112E+16
134600,3.17102E+18,3,3,60,25,2017,10,21,5,3,5,3,1,1,0,0,0,2,0,6.03978E+20,5.87176E+21,1.05489E+16,5.29853E+16
134601,3.17102E+18,3,3,60,25,2017,10,17,5,3,5,3,0,1,0,1,0,0,0,6.04721E+20,5.86953E+21,1.05592E+16,5.29651E+16
134602,3.17102E+18,3,2,41,1,2017,10,5,5,2,0,1,1,0,0,0,0,2,1,5.46332E+20,5.8068E+21,9.68114E+15,5.24095E+16
134603,3.17102E+18,3,2,41,1,2017,10,8,5,3,2,6,0,1,0,0,0,0,0,5.49183E+20,5.80324E+21,9.72252E+15,5.23772E+16
134604,3.17102E+18,3,2,41,1,2017,10,7,5,3,5,2,1,1,0,0,0,2,0,5.50343E+20,5.8037E+21,9.73963E+15,5.23812E+16
134605,3.17102E+18,3,2,41,12,2017,10,6,5,3,5,3,0,1,0,0,1,2,1,5.31385E+20,5.8176E+21,9.46242E+15,5.25077E+16
134606,3.17102E+18,3,2,41,1,2017,10,18,5,2,5,3,1,0,0,1,0,2,0,5.52372E+20,5.80119E+21,9.76904E+15,5.23585E+16
134607,3.17102E+18,3,2,41,1,2017,10,16,5,3,5,2,1,1,0,0,0,0,0,5.51512E+20,5.79942E+21,9.75615E+15,5.23427E+16
134608,3.17102E+18,3,2,41,1,2017,10,13,5,3,5,3,0,0,0,1,1,0,0,5.48441E+20,5.80115E+21,9.71132E+15,5.23585E+16
134609,3.17102E+18,3,2,41,1,2017,10,8,5,3,5,3,1,1,0,0,0,0,0,5.55636E+20,5.80504E+21,9.81761E+15,5.23928E+16
134610,3.17102E+18,3,2,41,1,2017,10,6,5,3,5,3,0,1,0,1,0,2,1,5.45178E+20,5.80604E+21,9.66406E+15,5.24028E+16
134611,3.17102E+18,3,2,41,1,2017,10,7,5,3,9,1,1,0,0,0,0,1,0,5.48773E+20,5.80198E+21,9.71632E+15,5.23659E+16
134612,3.17102E+18,3,1,55,1,2017,10,14,5,2,5,3,0,1,0,1,0,0,0,5.7108E+20,5.74759E+21,1.00325E+16,5.18746E+16
134613,3.17102E+18,3,2,54,2,2017,10,16,5,3,5,7,0,1,0,0,1,0,0,5.54697E+20,5.76102E+21,9.7967E+15,5.19971E+16
134614,3.17102E+18,3,2,54,21,2017,10,19,5,3,3,6,0,1,0,0,0,2,0,5.65572E+20,5.77903E+21,9.95855E+15,5.21579E+16
134615,3.17102E+18,3,2,55,23,2017,10,7,5,3,5,3,0,1,0,1,0,0,0,5.32062E+20,5.74101E+21,9.46515E+15,5.1819E+16
134616,3.17102E+18,3,2,52,6,2017,10,15,5,3,5,3,0,1,0,0,0,0,0,5.2454E+20,5.77312E+21,9.35833E+15,5.21081E+16
134617,3.17102E+18,3,1,53,2,2017,10,19,5,3,6,6,1,0,1,0,0,2,0,6.06458E+20,5.75031E+21,1.05471E+16,5.18934E+16
134618,3.17102E+18,3,1,51,40,2017,10,16,5,3,6,4,0,1,1,0,0,0,0,6.1767E+20,5.84328E+21,1.07425E+16,5.27266E+16
134619,3.17102E+18,3,1,1,0,2017,10,9,5,3,5,3,1,1,0,0,0,0,0,6.0293E+20,5.7883E+21,1.05073E+16,5.22355E+16
134620,3.17102E+18,3,1,1,0,2017,10,14,5,3,5,2,1,1,0,0,0,0,0,6.04237E+20,5.79087E+21,1.05272E+16,5.22583E+16
134621,3.17102E+18,3,1,1,0,2017,10,13,5,3,3,5,1,1,0,0,0,0,0,6.04491E+20,5.79167E+21,1.05312E+16,5.22655E+16
134622,3.17102E+18,3,4,57,13,2017,10,13,4,3,5,3,1,1,0,0,1,0,0,3.96111E+20,5.89846E+21,7.44381E+15,5.32253E+16
134623,3.17102E+18,3,4,56,15,2017,10,12,4,3,5,3,0,1,0,0,1,0,0,3.7433E+20,5.81359E+21,7.15041E+15,5.2458E+16
134624,3.17102E+18,3,4,54,12,2017,10,16,4,3,5,3,1,1,0,0,0,0,0,4.00914E+20,5.81626E+21,7.54072E+15,5.24875E+16
134625,3.17102E+18,3,4,54,32,2017,10,10,4,2,5,2,1,1,0,0,0,0,0,3.85425E+20,5.82133E+21,7.31096E+15,5.253E+16
134626,3.17102E+18,3,4,53,4,2017,10,10,4,3,5,3,0,1,0,0,0,0,0,4.37396E+20,5.85831E+21,8.06991E+15,5.28709E+16
134627,3.17102E+18,3,4,53,4,2017,10,19,4,3,3,2,1,0,0,0,0,2,0,4.35589E+20,5.85477E+21,8.04376E+15,5.28388E+16
134628,3.17102E+18,3,4,53,4,2017,10,8,4,3,5,3,1,1,0,0,0,0,0,4.36077E+20,5.85476E+21,8.05101E+15,5.28388E+16
134629,3.17102E+18,3,4,5,0,2017,10,21,4,3,5,3,0,1,0,0,0,2,0,4.40872E+20,5.93043E+21,8.10819E+15,5.35195E+16
134630,3.17102E+18,3,4,5,0,2017,10,21,4,3,0,1,0,1,0,0,0,2,0,4.41916E+20,5.93061E+21,8.1239E+15,5.35212E+16
134631,3.17102E+18,3,4,51,7,2017,10,18,4,3,5,3,0,1,0,0,0,1,0,4.23856E+20,5.89211E+21,7.86081E+15,5.31729E+16
134632,3.17102E+18,3,4,51,2,2017,10,11,4,3,3,6,1,0,0,0,1,0,0,4.4303E+20,5.89142E+21,8.14776E+15,5.31691E+16
134633,3.17102E+18,3,4,3,0,2017,10,13,4,3,4,7,1,1,0,0,0,0,0,4.47597E+20,5.88548E+21,8.21705E+15,5.31162E+16
134634,3.17102E+18,3,4,3,0,2017,10,10,4,3,5,3,1,1,0,0,0,0,0,4.46931E+20,5.88993E+21,8.20635E+15,5.31561E+16
134635,3.17102E+18,3,2,51,41,2017,10,14,4,3,5,2,1,1,0,0,0,0,0,4.87524E+20,5.86285E+21,8.81447E+15,5.29151E+16
134636,3.17102E+18,3,4,61,7,2017,10,22,4,3,4,2,1,1,0,0,0,2,0,4.65749E+20,5.92631E+21,8.48383E+15,5.34847E+16
134637,3.17102E+18,3,3,53,40,2017,10,17,4,3,2,6,0,1,0,1,0,0,0,5.79414E+20,5.91313E+21,1.01933E+16,5.33613E+16
134638,3.17102E+18,3,3,53,5,2017,10,8,4,3,0,1,0,0,0,1,0,0,0,5.58771E+20,5.90835E+21,9.88231E+15,5.33211E+16
134639,3.17102E+18,3,3,53,5,2017,10,7,4,3,0,1,1,0,0,0,0,1,1,5.57683E+20,5.90881E+21,9.86605E+15,5.33253E+16
134640,3.17102E+18,3,3,59,38,2017,10,7,4,3,2,6,0,1,0,0,0,0,0,5.29828E+20,5.93993E+21,9.45082E+15,5.36074E+16
134641,3.17102E+18,3,3,58,19,2017,10,18,4,3,5,3,1,1,0,0,0,1,0,5.5253E+20,5.88584E+21,9.78491E+15,5.31194E+16
134642,3.17102E+18,3,3,55,1,2017,10,20,4,3,8,1,0,1,0,0,0,2,0,5.96151E+20,5.90384E+21,1.04419E+16,5.32751E+16
134643,3.17102E+18,3,3,55,22,2017,10,6,4,3,5,3,1,1,0,0,0,1,0,5.94157E+20,5.90201E+21,1.04115E+16,5.3259E+16
134644,3.17102E+18,3,2,41,1,2017,10,16,4,3,2,7,0,1,0,0,0,0,0,5.45524E+20,5.80118E+21,9.66849E+15,5.23591E+16
134645,3.17102E+18,3,2,41,2,2017,10,15,4,3,5,3,1,1,0,0,0,0,0,5.3059E+20,5.79541E+21,9.44868E+15,5.23082E+16
134646,3.17102E+18,3,2,41,2,2017,10,7,4,3,7,7,1,0,0,0,0,0,0,5.32149E+20,5.79406E+21,9.47142E+15,5.22959E+16
134647,3.17102E+18,3,2,41,1,2017,10,21,4,3,4,6,1,0,0,0,0,2,0,5.50148E+20,5.80388E+21,9.73679E+15,5.23829E+16
134648,3.17102E+18,3,2,41,1,2017,10,17,4,3,5,2,1,0,0,0,0,0,0,5.49165E+20,5.80412E+21,9.72239E+15,5.23851E+16
134649,3.17102E+18,3,2,41,1,2017,10,16,4,2,6,2,0,1,1,0,0,0,0,5.48208E+20,5.80211E+21,9.70803E+15,5.23672E+16
134650,3.17102E+18,3,1,55,6,2017,10,16,4,2,5,3,0,1,0,0,0,0,0,5.76599E+20,5.73702E+21,1.01103E+16,5.17788E+16
134651,3.17102E+18,3,2,57,35,2017,10,16,4,3,0,1,0,0,0,1,0,0,1,5.15608E+20,5.79893E+21,9.2291E+15,5.23404E+16
134652,3.17102E+18,3,2,54,21,2017,10,15,4,3,4,6,1,0,0,0,0,0,0,5.64985E+20,5.77918E+21,9.95E+15,5.21593E+16
134653,3.17102E+18,3,2,55,23,2017,10,15,4,3,5,3,1,1,0,0,0,0,0,5.30948E+20,5.74165E+21,9.44905E+15,5.18249E+16
134654,3.17102E+18,3,1,59,16,2017,10,21,4,3,4,6,1,0,0,0,0,2,0,5.65354E+20,5.70865E+21,9.94206E+15,5.15252E+16
134655,3.17102E+18,3,1,54,19,2017,10,17,4,3,1,5,0,1,0,0,0,0,0,6.35125E+20,5.77864E+21,1.09746E+16,5.21418E+16
134656,3.17102E+18,3,1,3,0,2017,10,17,4,3,0,7,0,0,0,0,1,0,0,6.22333E+20,5.81093E+21,1.07995E+16,5.24349E+16
134657,3.17102E+18,3,1,3,0,2017,10,14,4,3,2,6,0,1,0,0,0,0,0,6.21612E+20,5.81172E+21,1.07892E+16,5.24421E+16
134658,3.17102E+18,3,1,57,7,2017,10,10,4,3,0,1,0,0,0,0,1,0,0,5.92702E+20,5.79065E+21,1.03582E+16,5.22585E+16
134659,3.17102E+18,3,1,57,6,2017,10,17,4,3,5,3,0,1,0,0,0,0,0,5.85066E+20,5.79767E+21,1.02481E+16,5.23228E+16
134660,3.17102E+18,3,1,53,17,2017,10,17,4,3,5,3,1,1,0,0,0,0,0,5.98534E+20,5.75346E+21,1.04329E+16,5.19231E+16
134661,3.17102E+18,3,1,1,0,2017,10,16,4,3,0,7,1,0,0,0,0,0,0,6.05797E+20,5.79253E+21,1.05506E+16,5.2273E+16
134662,3.17102E+18,3,1,1,0,2017,10,16,4,2,5,3,1,1,0,0,0,0,0,6.03711E+20,5.79167E+21,1.05198E+16,5.22656E+16
134663,3.17102E+18,3,1,1,0,2017,10,16,4,3,6,4,0,1,1,0,0,0,0,6.06204E+20,5.79827E+21,1.05584E+16,5.23245E+16
134664,3.17102E+18,3,4,4,0,2017,10,12,3,3,6,4,0,0,1,0,1,0,0,4.36972E+20,5.79265E+21,8.07611E+15,5.22806E+16
134665,3.17102E+18,3,4,4,0,2017,10,14,3,3,2,6,0,1,0,0,0,0,0,4.3569E+20,5.79121E+21,8.05759E+15,5.22675E+16
134666,3.17102E+18,3,4,54,41,2017,10,19,3,3,3,6,1,0,0,0,0,2,0,3.94524E+20,5.88145E+21,7.42564E+15,5.30721E+16
134667,3.17102E+18,3,4,54,8,2017,10,17,3,3,8,1,0,0,0,1,0,0,0,3.87898E+20,5.86894E+21,7.33113E+15,5.29583E+16
134668,3.17102E+18,3,4,54,32,2017,10,12,3,3,5,3,1,1,0,0,0,0,0,3.87138E+20,5.82238E+21,7.33584E+15,5.25398E+16
134669,3.17102E+18,3,4,52,1,2017,10,11,3,3,5,2,0,1,0,0,1,0,0,3.99465E+20,5.92596E+21,7.48529E+15,5.3473E+16
134670,3.17102E+18,3,4,53,9,2017,10,7,3,3,5,3,1,1,0,0,0,0,0,4.23317E+20,5.84999E+21,7.86275E+15,5.27942E+16
134671,3.17102E+18,3,4,55,15,2017,10,20,3,3,4,6,1,0,0,0,0,2,0,4.29624E+20,5.93422E+21,7.93771E+15,5.35522E+16
134672,3.17102E+18,3,4,5,0,2017,10,16,3,3,5,2,1,1,0,0,0,0,0,4.41587E+20,5.93066E+21,8.11894E+15,5.35216E+16
134673,3.17102E+18,3,4,3,0,2017,10,18,3,3,2,6,0,1,0,0,0,1,0,4.4212E+20,5.88675E+21,8.13499E+15,5.3127E+16
134674,3.17102E+18,3,4,3,0,2017,10,11,3,2,5,3,1,1,0,0,0,0,0,4.47474E+20,5.88903E+21,8.21462E+15,5.31481E+16
134675,3.17102E+18,3,2,51,47,2017,10,14,3,3,5,3,0,1,0,0,0,0,0,4.89379E+20,5.87027E+21,8.8418E+15,5.29819E+16
134676,3.17102E+18,3,4,1,0,2017,10,8,3,3,2,6,0,1,0,0,0,0,0,4.75426E+20,5.87805E+21,8.63339E+15,5.30514E+16
134677,3.17102E+18,3,4,1,0,2017,10,5,3,3,0,7,1,1,0,0,0,2,0,4.75872E+20,5.8777E+21,8.64007E+15,5.30483E+16
134678,3.17102E+18,3,3,53,20,2017,10,15,3,3,8,1,0,1,0,0,0,0,0,5.63405E+20,5.90614E+21,9.95142E+15,5.33006E+16
134679,3.17102E+18,3,2,41,1,2017,10,16,3,3,1,5,1,1,0,0,0,0,0,5.4614E+20,5.80685E+21,9.67832E+15,5.241E+16
134680,3.17102E+18,3,2,41,1,2017,10,15,3,3,5,3,1,1,0,0,0,0,0,5.5542E+20,5.80447E+21,9.81433E+15,5.23877E+16