OBJECTID,UIDENTSTLA,ULAND,UREGBEZ,UKREIS,UGEMEINDE,UJAHR,UMONAT,USTUNDE,UWOCHENTAG,UKATEGORIE,UART,UTYP1,IstRad,IstPKW,IstFuss,IstKrad,IstSonstig,LICHT,STRZUSTAND,LINREFX,LINREFY,XGCSWGS84,YGCSWGS84
134852,3.17103E+18,3,1,51,9,2017,10,9,6,3,4,6,0,1,0,0,0,0,0,6.04985E+20,5.81541E+21,1.05459E+16,5.24788E+16
134853,3.17103E+18,3,1,1,0,2017,10,21,6,3,4,1,0,1,0,0,0,2,1,6.03353E+20,5.7918E+21,1.05146E+16,5.22669E+16
134854,3.17103E+18,3,1,1,0,2017,10,14,6,3,5,2,1,1,0,0,0,0,1,6.04253E+20,5.79168E+21,1.05277E+16,5.22656E+16
134855,3.17103E+18,3,1,1,0,2017,10,12,6,3,3,7,1,1,0,0,0,1,1,6.06499E+20,5.79467E+21,1.05615E+16,5.2292E+16
134856,3.17103E+18,3,4,59,12,2017,10,18,5,3,0,7,0,0,0,1,1,1,1,4.44258E+20,5.78472E+21,8.18421E+15,5.22101E+16
134857,3.17103E+18,3,4,4,0,2017,10,10,5,3,6,7,0,0,1,0,1,0,0,4.35461E+20,5.79581E+21,8.05336E+15,5.23089E+16
134858,3.17103E+18,3,4,2,0,2017,10,12,5,3,5,3,0,1,0,0,0,0,0,3.80853E+20,5.91561E+21,7.20892E+15,5.33762E+16
134859,3.17103E+18,3,4,57,18,2017,10,13,5,3,6,4,0,0,1,0,1,0,0,4.00525E+20,5.88522E+21,7.51401E+15,5.31072E+16
134860,3.17103E+18,3,4,54,35,2017,10,6,5,3,5,3,1,1,0,0,0,2,1,3.84517E+20,5.83841E+21,7.29161E+15,5.26833E+16
134861,3.17103E+18,3,4,54,32,2017,10,15,5,3,5,3,1,1,0,0,0,0,0,3.86094E+20,5.8232E+21,7.32017E+15,5.25469E+16
134862,3.17103E+18,3,4,52,1,2017,10,18,5,3,5,3,1,1,0,0,0,2,1,3.98016E+20,5.92461E+21,7.4639E+15,5.34606E+16
134863,3.17103E+18,3,4,53,7,2017,10,18,5,3,4,6,0,1,0,0,1,2,1,4.21967E+20,5.86691E+21,7.83867E+15,5.29461E+16
134864,3.17103E+18,3,4,53,8,2017,10,15,5,3,6,7,0,1,1,0,0,0,0,4.35363E+20,5.86705E+21,8.03797E+15,5.29492E+16
134865,3.17103E+18,3,4,53,4,2017,10,14,5,3,5,3,1,0,0,0,0,0,0,4.34821E+20,5.85493E+21,8.03233E+15,5.28402E+16
134866,3.17103E+18,3,2,51,18,2017,10,13,5,3,5,3,0,1,0,1,0,0,0,4.76078E+20,5.83093E+21,8.64657E+15,5.26279E+16
134867,3.17103E+18,3,3,59,38,2017,10,7,5,3,5,3,1,1,0,0,0,1,0,5.3132E+20,5.93866E+21,9.47323E+15,5.35959E+16
134868,3.17103E+18,3,3,59,38,2017,10,9,5,3,5,3,0,1,0,0,0,0,0,5.31265E+20,5.93719E+21,9.47225E+15,5.35826E+16
134869,3.17103E+18,3,3,57,8,2017,10,9,5,2,2,2,1,1,0,0,0,0,0,5.08933E+20,5.92591E+21,9.13462E+15,5.34821E+16
134870,3.17103E+18,3,3,51,6,2017,10,7,5,3,2,2,0,1,0,0,0,0,1,5.70835E+20,5.82926E+21,1.00461E+16,5.26087E+16
134871,3.17103E+18,3,2,41,1,2017,10,19,5,3,3,6,0,1,0,0,0,2,0,5.47116E+20,5.80538E+21,9.69246E+15,5.23967E+16
134872,3.17103E+18,3,2,41,9,2017,10,17,5,3,5,3,0,1,0,0,0,1,0,5.54998E+20,5.79559E+21,9.80668E+15,5.23079E+16
134873,3.17103E+18,3,2,41,1,2017,10,14,5,3,0,7,0,1,1,0,0,0,0,5.57146E+20,5.80078E+21,9.83907E+15,5.23543E+16
134874,3.17103E+18,3,2,41,1,2017,10,6,5,3,5,3,0,1,0,1,0,2,1,5.5145E+20,5.80807E+21,9.75656E+15,5.24204E+16
134875,3.17103E+18,3,2,41,1,2017,10,19,5,3,2,6,0,1,0,1,0,1,0,5.50702E+20,5.80441E+21,9.74501E+15,5.23876E+16
134876,3.17103E+18,3,2,41,10,2017,10,17,5,3,6,4,0,1,1,0,0,0,0,5.49426E+20,5.80836E+21,9.72685E+15,5.24232E+16
134877,3.17103E+18,3,2,41,10,2017,10,12,5,3,0,7,1,0,0,0,0,0,0,5.51249E+20,5.8102E+21,9.75393E+15,5.24396E+16
134878,3.17103E+18,3,2,41,1,2017,10,17,5,2,5,3,1,1,0,0,0,0,0,5.54763E+20,5.79873E+21,9.80374E+15,5.23362E+16
134879,3.17103E+18,3,2,41,5,2017,10,15,5,2,5,3,0,1,0,1,0,0,0,5.41944E+20,5.80868E+21,9.61687E+15,5.24267E+16
134880,3.17103E+18,3,2,41,4,2017,10,16,5,2,5,3,0,1,0,0,0,0,0,5.57761E+20,5.82368E+21,9.85207E+15,5.25601E+16
134881,3.17103E+18,3,2,41,9,2017,10,7,5,3,6,7,0,1,1,0,0,1,0,5.55504E+20,5.79552E+21,9.8141E+15,5.23072E+16
134882,3.17103E+18,3,2,57,35,2017,10,7,5,3,6,1,0,1,1,0,0,2,0,5.15693E+20,5.799E+21,9.23034E+15,5.23411E+16
134883,3.17103E+18,3,2,54,21,2017,10,11,5,3,5,3,1,1,0,0,0,0,0,5.66091E+20,5.77981E+21,9.96629E+15,5.21648E+16
134884,3.17103E+18,3,1,53,2,2017,10,8,5,3,6,7,0,1,1,0,0,0,0,6.07454E+20,5.74882E+21,1.05611E+16,5.18798E+16
134885,3.17103E+18,3,1,1,0,2017,10,16,5,3,4,6,1,0,1,0,0,0,0,6.04167E+20,5.79151E+21,1.05264E+16,5.22641E+16
134886,3.17103E+18,3,1,1,0,2017,10,20,5,3,4,2,0,1,0,0,0,2,0,6.04716E+20,5.79302E+21,1.05349E+16,5.22775E+16
134887,3.17103E+18,3,1,1,0,2017,10,17,5,3,1,5,0,1,0,1,0,0,0,6.02633E+20,5.79082E+21,1.05037E+16,5.22582E+16
134888,3.17103E+18,3,1,1,0,2017,10,8,5,3,5,3,1,1,0,0,0,0,0,6.04647E+20,5.79276E+21,1.05338E+16,5.22753E+16
134889,3.17103E+18,3,4,57,18,2017,10,6,4,3,4,6,0,1,0,0,0,2,1,4.05621E+20,5.89175E+21,7.5882E+15,5.31667E+16
134890,3.17103E+18,3,4,57,18,2017,10,18,4,3,3,7,1,1,0,0,0,2,0,4.04086E+20,5.88807E+21,7.56633E+15,5.31334E+16
134891,3.17103E+18,3,4,57,13,2017,10,17,4,3,5,3,1,1,0,0,0,0,0,3.96032E+20,5.89893E+21,7.44247E+15,5.32295E+16
134892,3.17103E+18,3,4,56,15,2017,10,10,4,2,5,3,1,1,0,0,0,0,1,3.68629E+20,5.80917E+21,7.06829E+15,5.24169E+16
134893,3.17103E+18,3,4,56,15,2017,10,10,4,3,5,2,1,1,0,0,0,0,0,3.68757E+20,5.80903E+21,7.07023E+15,5.24158E+16
134894,3.17103E+18,3,4,52,1,2017,10,16,4,3,4,6,1,1,0,0,0,0,0,4.12196E+20,5.92772E+21,7.67654E+15,5.34911E+16
134895,3.17103E+18,3,4,5,0,2017,10,10,4,3,8,1,0,1,0,0,0,0,1,4.40919E+20,5.93073E+21,8.10884E+15,5.35221E+16
134896,3.17103E+18,3,3,61,12,2017,10,6,4,2,0,4,0,1,1,0,0,2,1,5.15551E+20,5.86409E+21,9.23132E+15,5.29262E+16
134897,3.17103E+18,3,4,3,0,2017,10,7,4,3,2,7,1,1,0,0,0,1,0,4.47119E+20,5.89012E+21,8.20914E+15,5.31578E+16
134898,3.17103E+18,3,4,3,0,2017,10,12,4,3,5,3,1,1,0,0,0,0,1,4.4838E+20,5.8912E+21,8.22781E+15,5.31676E+16
134899,3.17103E+18,3,4,3,0,2017,10,13,4,3,0,7,0,1,0,0,0,0,1,4.47822E+20,5.88735E+21,8.22009E+15,5.3133E+16
134900,3.17103E+18,3,4,61,7,2017,10,5,4,3,5,3,1,1,0,0,0,0,1,4.66302E+20,5.92838E+21,8.49194E+15,5.35033E+16
134901,3.17103E+18,3,3,59,38,2017,10,20,4,3,6,4,1,0,1,0,0,2,1,5.3156E+20,5.93763E+21,9.47676E+15,5.35866E+16
134902,3.17103E+18,3,3,59,38,2017,10,17,4,3,2,6,0,1,0,0,0,0,1,5.3232E+20,5.93782E+21,9.48825E+15,5.35882E+16
134903,3.17103E+18,3,3,57,57,2017,10,17,4,3,6,4,0,1,1,0,0,0,1,5.17364E+20,5.90619E+21,9.26057E+15,5.33046E+16
134904,3.17103E+18,3,3,57,15,2017,10,11,4,1,3,6,1,0,0,0,1,0,0,5.44528E+20,5.89275E+21,9.66632E+15,5.31822E+16
134905,3.17103E+18,3,3,55,22,2017,10,16,4,3,1,7,1,1,0,0,0,1,0,5.93695E+20,5.90019E+21,1.04041E+16,5.32427E+16
134906,3.17103E+18,3,3,51,24,2017,10,13,4,3,5,3,1,1,0,0,0,0,1,5.60951E+20,5.8373E+21,9.90162E+15,5.26822E+16
134907,3.17103E+18,3,3,51,6,2017,10,21,4,3,0,7,1,1,0,0,0,2,1,5.73649E+20,5.83022E+21,1.00878E+16,5.2617E+16
134908,3.17103E+18,3,3,51,6,2017,10,6,4,2,5,3,1,1,0,0,0,1,1,5.71933E+20,5.83027E+21,1.00625E+16,5.26176E+16
134909,3.17103E+18,3,2,41,1,2017,10,11,4,3,0,1,0,1,0,0,0,0,0,5.55817E+20,5.79922E+21,9.81929E+15,5.23404E+16
134910,3.17103E+18,3,2,41,1,2017,10,6,4,3,0,7,0,1,0,0,0,2,1,5.53837E+20,5.80629E+21,9.79137E+15,5.24042E+16
134911,3.17103E+18,3,2,41,5,2017,10,14,4,3,5,3,0,1,0,0,0,0,0,5.41122E+20,5.8068E+21,9.60455E+15,5.24099E+16
134912,3.17103E+18,3,2,41,1,2017,10,23,4,3,0,7,1,0,0,0,0,2,1,5.48256E+20,5.80211E+21,9.70874E+15,5.23672E+16
134913,3.17103E+18,3,2,41,1,2017,10,15,4,3,0,7,0,1,0,1,0,0,0,5.4854E+20,5.80404E+21,9.71319E+15,5.23845E+16
134914,3.17103E+18,3,1,55,11,2017,10,16,4,3,5,3,0,1,0,0,0,0,0,5.67395E+20,5.73148E+21,9.97587E+15,5.17302E+16
134915,3.17103E+18,3,2,57,31,2017,10,17,4,3,5,3,0,1,0,1,0,0,1,5.05112E+20,5.78341E+21,9.0748E+15,5.22011E+16
134916,3.17103E+18,3,2,57,18,2017,10,7,4,2,6,2,0,1,1,0,0,0,0,5.24676E+20,5.7916E+21,9.36166E+15,5.22742E+16
134917,3.17103E+18,3,2,56,22,2017,10,15,4,3,5,3,1,1,0,0,0,0,0,5.15828E+20,5.83581E+21,9.23407E+15,5.2672E+16
134918,3.17103E+18,3,2,54,21,2017,10,13,4,2,6,7,0,1,1,0,0,0,0,5.66188E+20,5.78064E+21,9.96786E+15,5.21723E+16
134919,3.17103E+18,3,2,52,5,2017,10,15,4,3,5,3,0,1,0,0,0,0,1,5.26775E+20,5.76643E+21,9.39043E+15,5.20478E+16
134920,3.17103E+18,3,1,3,0,2017,10,18,4,3,0,3,1,1,0,0,0,2,1,6.20268E+20,5.80812E+21,1.07682E+16,5.241E+16
134921,3.17103E+18,3,1,2,0,2017,10,20,4,3,5,3,0,1,0,0,0,2,1,5.93538E+20,5.76781E+21,1.03642E+16,5.2053E+16
134922,3.17103E+18,3,1,53,17,2017,10,9,4,3,8,1,0,0,0,1,0,0,1,5.94861E+20,5.75753E+21,1.03806E+16,5.19603E+16
134923,3.17103E+18,3,1,1,0,2017,10,7,4,3,2,6,0,1,0,0,0,0,1,6.03689E+20,5.79273E+21,1.05198E+16,5.22752E+16
134924,3.17103E+18,3,1,1,0,2017,10,7,4,3,5,3,1,1,0,0,0,0,0,6.03331E+20,5.79169E+21,1.05142E+16,5.22659E+16
134925,3.17103E+18,3,1,1,0,2017,10,17,4,3,5,3,1,1,0,0,0,1,1,6.02253E+20,5.79292E+21,1.04988E+16,5.22772E+16
134926,3.17103E+18,3,1,1,0,2017,10,14,4,2,5,3,1,1,0,0,0,0,0,6.04112E+20,5.79122E+21,1.05255E+16,5.22615E+16
134927,3.17102E+18,3,4,59,30,2017,10,14,3,3,5,3,0,1,0,1,0,0,1,4.30188E+20,5.83553E+21,7.9677E+15,5.26652E+16
134928,3.17102E+18,3,4,4,0,2017,10,20,3,3,5,3,1,1,0,0,0,2,1,4.34157E+20,5.7918E+21,8.03502E+15,5.22726E+16
134929,3.17102E+18,3,4,4,0,2017,10,17,3,3,1,5,0,1,0,1,0,0,1,4.34296E+20,5.79139E+21,8.03713E+15,5.2269E+16
134930,3.17102E+18,3,4,54,8,2017,10,11,3,2,5,3,0,1,0,1,0,0,1,3.87799E+20,5.86981E+21,7.32935E+15,5.29661E+16
134931,3.17102E+18,3,4,56,15,2017,10,15,3,3,2,6,0,1,0,0,0,0,0,3.68529E+20,5.80929E+21,7.06677E+15,5.2418E+16
134932,3.17102E+18,3,4,54,32,2017,10,9,3,3,5,3,0,1,0,0,0,0,1,3.8868E+20,5.82593E+21,7.35738E+15,5.25721E+16
134933,3.17102E+18,3,4,54,49,2017,10,18,3,3,5,3,1,0,0,0,1,2,1,3.96301E+20,5.80305E+21,7.4769E+15,5.23679E+16
134934,3.17102E+18,3,4,52,1,2017,10,14,3,3,0,7,1,1,0,0,0,0,1,3.98403E+20,5.92601E+21,7.46928E+15,5.34733E+16
134935,3.17102E+18,3,4,52,1,2017,10,13,3,3,5,3,1,1,0,0,0,0,1,3.99448E+20,5.92594E+21,7.48503E+15,5.34728E+16
134936,3.17102E+18,3,4,53,7,2017,10,15,3,3,3,2,0,1,0,0,1,0,1,4.24616E+20,5.8669E+21,7.87808E+15,5.29464E+16
134937,3.17102E+18,3,4,53,8,2017,10,6,3,3,5,3,0,1,0,0,0,2,1,4.34854E+20,5.869E+21,8.03001E+15,5.29666E+16
134938,3.17102E+18,3,4,5,0,2017,10,10,3,2,4,5,0,1,0,1,0,0,1,4.40123E+20,5.9342E+21,8.09618E+15,5.35533E+16
134939,3.17102E+18,3,3,61,13,2017,10,17,3,3,6,6,0,1,1,0,0,0,1,4.99491E+20,5.87098E+21,8.99242E+15,5.29884E+16
134940,3.17102E+18,3,3,61,13,2017,10,17,3,3,4,6,0,1,0,0,0,0,1,5.01743E+20,5.86688E+21,9.02595E+15,5.29515E+16
134941,3.17102E+18,3,4,3,0,2017,10,14,3,3,5,3,0,1,0,0,0,0,1,4.46577E+20,5.88793E+21,8.2014E+15,5.31381E+16
134942,3.17102E+18,3,4,3,0,2017,10,7,3,3,5,3,1,1,0,0,0,0,1,4.48188E+20,5.88701E+21,8.22562E+15,5.313E+16
134943,3.17102E+18,3,4,3,0,2017,10,12,3,3,0,1,0,0,0,1,0,0,1,4.492E+20,5.8843E+21,8.24117E+15,5.31057E+16
134944,3.17102E+18,3,2,51,37,2017,10,18,3,3,5,2,0,1,0,0,0,2,1,4.83311E+20,5.87508E+21,8.75118E+15,5.3025E+16
134945,3.17102E+18,3,4,61,2,2017,10,7,3,3,5,2,1,1,0,0,0,1,0,4.65488E+20,5.90801E+21,8.48189E+15,5.33201E+16
134946,3.17102E+18,3,4,58,14,2017,10,15,3,3,5,3,0,1,0,0,0,0,1,4.61809E+20,5.86019E+21,8.43237E+15,5.28901E+16
134947,3.17102E+18,3,4,1,0,2017,10,7,3,2,1,5,1,1,0,0,0,1,1,4.75512E+20,5.87764E+21,8.63471E+15,5.30477E+16
134948,3.17102E+18,3,4,1,0,2017,10,7,3,3,5,3,1,1,0,0,0,1,1,4.74717E+20,5.87756E+21,8.62285E+15,5.30469E+16
134949,3.17102E+18,3,3,57,39,2017,10,23,3,3,6,4,0,1,1,0,0,2,0,5.26101E+20,5.88346E+21,9.38983E+15,5.31E+16
134950,3.17102E+18,3,3,55,22,2017,10,12,3,3,5,2,1,0,0,0,1,0,0,5.94902E+20,5.8987E+21,1.04217E+16,5.32291E+16
134951,3.17102E+18,3,3,51,6,2017,10,14,3,3,2,6,0,1,0,0,0,0,0,5.72708E+20,5.82894E+21,1.00737E+16,5.26056E+16
134952,3.17102E+18,3,3,51,6,2017,10,20,3,3,5,3,0,1,0,0,0,2,1,5.72235E+20,5.82965E+21,1.00668E+16,5.2612E+16
134953,3.17102E+18,3,2,41,9,2017,10,15,3,3,0,6,0,1,0,0,0,0,0,5.53726E+20,5.79634E+21,9.78815E+15,5.23148E+16
134954,3.17102E+18,3,2,41,13,2017,10,11,3,3,2,6,0,1,0,0,0,0,0,5.52158E+20,5.79079E+21,9.76429E+15,5.22651E+16
134955,3.17102E+18,3,2,41,17,2017,10,14,3,3,5,3,1,1,0,0,0,0,0,5.38357E+20,5.78553E+21,9.56148E+15,5.22188E+16
134956,3.17102E+18,3,2,41,16,2017,10,13,3,3,5,3,0,0,0,1,1,0,1,5.68679E+20,5.79517E+21,1.00072E+16,5.23026E+16
134957,3.17102E+18,3,2,41,10,2017,10,16,3,3,0,5,1,1,0,0,0,0,0,5.49976E+20,5.81021E+21,9.7352E+15,5.24398E+16
134958,3.17102E+18,3,2,41,3,2017,10,18,3,3,5,3,1,1,0,0,0,1,1,5.68252E+20,5.81112E+21,1.00042E+16,5.2446E+16
134959,3.17102E+18,3,2,41,17,2017,10,11,3,2,6,4,0,1,1,0,0,0,0,5.37913E+20,5.78444E+21,9.55486E+15,5.22091E+16
134960,3.17102E+18,3,1,55,11,2017,10,12,3,3,5,3,0,1,0,0,0,0,0,5.6882E+20,5.7283E+21,9.99586E+15,5.17014E+16
134961,3.17102E+18,3,2,57,9,2017,10,20,3,3,5,3,0,1,0,0,0,2,1,5.03636E+20,5.7901E+21,9.05327E+15,5.22613E+16
134962,3.17102E+18,3,1,3,0,2017,10,16,3,2,0,3,1,1,0,0,0,0,1,6.21769E+20,5.80914E+21,1.07906E+16,5.24189E+16
134963,3.17102E+18,3,1,3,0,2017,10,14,3,3,5,3,1,1,0,0,0,0,1,6.19671E+20,5.80634E+21,1.07588E+16,5.23942E+16
134964,3.17102E+18,3,1,2,0,2017,10,7,3,3,5,3,0,1,0,0,0,2,1,5.93978E+20,5.7675E+21,1.03705E+16,5.20501E+16
134965,3.17102E+18,3,1,57,6,2017,10,16,3,2,5,3,1,0,0,0,1,0,0,5.82922E+20,5.79976E+21,1.02172E+16,5.23419E+16
134966,3.17102E+18,3,1,1,0,2017,10,18,3,3,5,3,1,1,0,0,0,2,1,6.04287E+20,5.79278E+21,1.05285E+16,5.22755E+16
134967,3.17102E+18,3,4,60,9,2017,10,11,2,3,5,3,1,1,0,0,0,0,1,4.51408E+20,5.84278E+21,8.28037E+15,5.27327E+16
134968,3.17102E+18,3,4,3,0,2017,10,19,2,3,5,3,1,1,0,0,0,2,1,4.42118E+20,5.88673E+21,8.13496E+15,5.31269E+16
134969,3.17102E+18,3,4,3,0,2017,10,14,2,3,5,2,1,0,0,0,1,0,1,4.48102E+20,5.88712E+21,8.22432E+15,5.31309E+16
134970,3.17102E+18,3,4,3,0,2017,10,13,2,3,5,3,1,1,0,0,0,0,1,4.47721E+20,5.88955E+21,8.21823E+15,5.31528E+16
134971,3.17102E+18,3,4,3,0,2017,10,13,2,3,5,2,1,0,0,0,1,0,1,4.48296E+20,5.89104E+21,8.22658E+15,5.31662E+16
134972,3.17102E+18,3,4,61,7,2017,10,7,2,3,2,2,0,1,0,0,0,1,1,4.6363E+20,5.92557E+21,8.45198E+15,5.34778E+16
134973,3.17102E+18,3,4,1,0,2017,10,10,2,3,3,2,0,1,0,0,0,0,1,4.75124E+20,5.8781E+21,8.62888E+15,5.30519E+16
134974,3.17102E+18,3,3,59,38,2017,10,16,2,3,5,3,0,1,0,0,0,0,1,5.33105E+20,5.93699E+21,9.50002E+15,5.35807E+16
134975,3.17102E+18,3,3,57,39,2017,10,17,2,3,5,2,1,1,0,0,0,0,1,5.2674E+20,5.8844E+21,9.39945E+15,5.31083E+16
134976,3.17102E+18,3,3,60,25,2017,10,14,2,3,3,5,1,1,0,0,0,0,1,6.05742E+20,5.86928E+21,1.05743E+16,5.29627E+16
134977,3.17102E+18,3,3,55,22,2017,10,9,2,3,5,7,1,0,0,0,1,0,0,5.94843E+20,5.90222E+21,1.04219E+16,5.32608E+16
134978,3.17102E+18,3,3,51,6,2017,10,8,2,3,5,3,0,1,0,0,0,0,0,5.71935E+20,5.82999E+21,1.00625E+16,5.26151E+16
134979,3.17102E+18,3,2,41,1,2017,10,7,2,3,3,6,0,1,0,0,0,2,1,5.46108E+20,5.80753E+21,9.67795E+15,5.24161E+16
134980,3.17102E+18,3,2,41,9,2017,10,15,2,3,6,4,0,1,1,0,0,0,1,5.55382E+20,5.79574E+21,9.81234E+15,5.23092E+16
134981,3.17102E+18,3,2,41,5,2017,10,7,2,3,5,2,1,1,0,0,0,0,0,5.40652E+20,5.80799E+21,9.59779E+15,5.24206E+16
134982,3.17102E+18,3,2,41,11,2017,10,13,2,2,5,3,0,1,0,1,0,0,1,5.65682E+20,5.80341E+21,9.96489E+15,5.2377E+16
134983,3.17102E+18,3,1,55,12,2017,10,20,2,3,4,6,0,1,0,0,0,2,1,5.44108E+20,5.72344E+21,9.63769E+15,5.16602E+16
134984,3.17102E+18,3,1,55,10,2017,10,20,2,3,5,3,0,1,0,0,0,2,1,5.6474E+20,5.71949E+21,9.93521E+15,5.16227E+16
134985,3.17102E+18,3,2,57,35,2017,10,19,2,3,6,2,0,1,1,0,0,2,1,5.13125E+20,5.79699E+21,9.19258E+15,5.23231E+16
134986,3.17102E+18,3,2,57,35,2017,10,15,2,3,5,3,1,1,0,0,0,0,1,5.13861E+20,5.79781E+21,9.20341E+15,5.23304E+16
134987,3.17102E+18,3,2,57,31,2017,10,21,2,3,6,4,0,1,1,0,0,2,1,5.0536E+20,5.78305E+21,9.07842E+15,5.21978E+16
134988,3.17102E+18,3,2,57,9,2017,10,10,2,3,5,3,0,1,0,1,0,0,0,5.04471E+20,5.79062E+21,9.06552E+15,5.2266E+16
134989,3.17102E+18,3,2,54,21,2017,10,20,2,3,5,3,0,1,0,0,0,2,1,5.63734E+20,5.78041E+21,9.93193E+15,5.21705E+16
134990,3.17102E+18,3,2,55,23,2017,10,9,2,3,2,2,0,1,0,0,0,0,1,5.31641E+20,5.74267E+21,9.4592E+15,5.1834E+16
134991,3.17102E+18,3,2,52,1,2017,10,11,2,3,4,6,0,1,0,1,0,0,1,5.17244E+20,5.76652E+21,9.25146E+15,5.2049E+16
134992,3.17102E+18,3,1,59,16,2017,10,15,2,3,5,2,0,1,0,0,0,0,0,5.64331E+20,5.71042E+21,9.92764E+15,5.15413E+16
134993,3.17102E+18,3,1,59,16,2017,10,1,2,3,1,5,0,1,0,0,0,2,1,5.62664E+20,5.71139E+21,9.90377E+15,5.15502E+16
134994,3.17102E+18,3,1,54,28,2017,10,7,2,3,2,2,0,1,0,0,1,0,1,6.36786E+20,5.78915E+21,1.10031E+16,5.22358E+16
134995,3.17102E+18,3,1,3,0,2017,10,7,2,2,6,4,0,1,1,0,0,2,1,6.19351E+20,5.80555E+21,1.07538E+16,5.23872E+16
134996,3.17102E+18,3,1,51,9,2017,10,16,2,3,2,6,0,1,0,0,0,1,1,6.04865E+20,5.81533E+21,1.05441E+16,5.2478E+16
134997,3.17102E+18,3,1,51,9,2017,10,16,2,3,2,6,0,1,0,0,1,0,1,6.0438E+20,5.81616E+21,1.05372E+16,5.24855E+16
134998,3.17102E+18,3,1,1,0,2017,10,19,2,3,5,3,1,1,0,0,0,2,1,6.03602E+20,5.79146E+21,1.05181E+16,5.22637E+16
134999,3.17102E+18,3,1,1,0,2017,10,18,2,3,0,6,1,0,0,0,1,2,1,6.00635E+20,5.79257E+21,1.0475E+16,5.22743E+16
135000,3.17102E+18,3,1,1,0,2017,10,16,2,3,5,2,1,1,0,0,0,0,1,6.03125E+20,5.792E+21,1.05113E+16,5.22687E+16
135001,3.17102E+18,3,1,1,0,2017,10,7,2,3,5,3,1,1,0,0,0,2,1,6.03564E+20,5.79159E+21,1.05176E+16,5.22649E+16
135002,3.17102E+18,3,4,4,0,2017,10,18,1,2,6,2,1,0,1,0,0,2,1,4.35122E+20,5.79172E+21,8.04916E+15,5.2272E+16
135003,3.17102E+18,3,4,4,0,2017,10,16,1,3,2,6,0,1,0,0,0,0,1,4.37669E+20,5.79474E+21,8.08593E+15,5.22995E+16
135004,3.17102E+18,3,4,2,0,2017,10,8,1,3,5,3,1,1,0,0,0,0,1,3.80371E+20,5.91483E+21,7.20197E+15,5.3369E+16
135005,3.17102E+18,3,4,56,15,2017,10,21,1,3,9,1,0,1,0,0,0,2,1,3.66314E+20,5.81242E+21,7.03297E+15,5.24456E+16
135006,3.17102E+18,3,4,56,15,2017,10,14,1,3,2,6,0,1,0,0,0,0,1,3.68251E+20,5.81131E+21,7.0619E+15,5.24361E+16
135007,3.17102E+18,3,4,54,32,2017,10,11,1,3,5,3,0,1,0,0,0,0,1,3.86014E+20,5.81875E+21,7.32052E+15,5.25069E+16
135008,3.17102E+18,3,4,55,15,2017,10,15,1,3,4,2,1,0,0,0,0,0,0,4.30514E+20,5.93319E+21,7.95139E+15,5.3543E+16
135009,3.17102E+18,3,4,3,0,2017,10,5,1,3,6,6,0,0,1,1,0,2,1,4.48159E+20,5.88796E+21,8.22503E+15,5.31385E+16
135010,3.17102E+18,3,2,51,30,2017,10,10,1,3,8,1,0,1,0,0,1,0,1,4.63328E+20,5.82582E+21,8.45877E+15,5.25812E+16
135011,3.17102E+18,3,3,57,57,2017,10,16,1,3,0,7,0,0,0,0,1,0,1,5.19374E+20,5.90505E+21,9.29066E+15,5.32943E+16
135012,3.17102E+18,3,2,41,1,2017,10,15,1,3,6,7,0,1,1,0,0,0,0,5.50337E+20,5.80315E+21,9.73945E+15,5.23763E+16
135013,3.17102E+18,3,2,41,5,2017,10,15,1,3,5,3,1,1,0,0,0,0,1,5.39554E+20,5.80766E+21,9.58159E+15,5.24177E+16
135014,3.17102E+18,3,2,52,6,2017,10,10,1,3,2,6,0,1,0,0,0,0,1,5.24401E+20,5.77334E+21,9.35631E+15,5.21101E+16
135015,3.17102E+18,3,1,59,16,2017,10,1,1,3,6,6,0,1,1,0,0,2,0,5.64619E+20,5.70955E+21,9.93163E+15,5.15334E+16
135016,3.17102E+18,3,1,59,16,2017,10,14,1,3,2,6,0,1,0,0,0,0,0,5.69476E+20,5.71197E+21,1.00021E+16,5.15545E+16
135017,3.17102E+18,3,1,53,18,2017,10,15,1,3,5,7,0,1,0,0,0,0,1,5.92508E+20,5.74067E+21,1.03419E+16,5.18092E+16
135018,3.17102E+18,3,1,53,17,2017,10,19,1,3,1,5,0,1,0,0,0,1,1,5.9827E+20,5.7536E+21,1.04291E+16,5.19245E+16
135019,3.17102E+18,3,1,1,0,2017,10,11,1,3,3,2,1,1,0,0,0,0,0,6.02781E+20,5.79203E+21,1.05062E+16,5.22691E+16
135020,3.17102E+18,3,4,4,0,2017,10,11,7,3,2,5,0,1,0,1,0,0,1,4.37305E+20,5.79004E+21,8.08146E+15,5.22572E+16
135021,3.17102E+18,3,4,57,14,2017,10,16,7,3,5,3,0,1,0,0,0,0,0,3.99151E+20,5.90791E+21,7.48633E+15,5.33108E+16
135022,3.17102E+18,3,4,54,29,2017,10,11,7,2,0,1,1,1,0,0,0,0,1,3.87272E+20,5.85855E+21,7.32542E+15,5.28648E+16
135023,3.17102E+18,3,4,54,45,2017,10,17,7,2,0,6,1,0,0,0,1,0,0,3.89521E+20,5.79667E+21,7.37946E+15,5.23092E+16