OBJECTID,UIDENTSTLA,ULAND,UREGBEZ,UKREIS,UGEMEINDE,UJAHR,UMONAT,USTUNDE,UWOCHENTAG,UKATEGORIE,UART,UTYP1,IstRad,IstPKW,IstFuss,IstKrad,IstSonstig,LICHT,STRZUSTAND,LINREFX,LINREFY,XGCSWGS84,YGCSWGS84
135196,3.1711E+18,3,4,54,41,2017,11,12,5,3,5,3,1,1,0,0,0,0,1,3.92143E+20,5.88294E+21,7.38962E+15,5.3085E+16
135197,3.1711E+18,3,4,56,23,2017,11,18,5,2,5,3,1,1,0,0,0,2,1,3.56537E+20,5.81818E+21,6.88674E+15,5.24949E+16
135198,3.1711E+18,3,4,56,27,2017,11,10,5,2,0,1,0,0,0,0,1,0,0,3.79953E+20,5.79903E+21,7.23834E+15,5.23284E+16
135199,3.1711E+18,3,4,56,15,2017,11,11,5,3,0,2,1,0,0,0,1,0,0,3.69684E+20,5.80938E+21,7.08372E+15,5.24191E+16
135200,3.1711E+18,3,4,56,15,2017,11,11,5,3,3,2,1,1,0,0,0,0,0,3.68572E+20,5.81056E+21,7.0669E+15,5.24295E+16
135201,3.1711E+18,3,4,54,54,2017,11,14,5,3,5,3,1,1,0,0,0,0,0,3.71147E+20,5.83461E+21,7.09543E+15,5.26462E+16
135202,3.1711E+18,3,4,53,4,2017,11,14,5,3,0,1,1,0,0,0,0,0,1,4.3604E+20,5.85533E+21,8.05035E+15,5.28439E+16
135203,3.1711E+18,3,3,61,9,2017,11,12,5,3,6,6,0,0,1,1,0,0,1,5.03668E+20,5.8803E+21,9.05475E+15,5.30722E+16
135204,3.1711E+18,3,4,3,0,2017,11,15,5,3,5,5,0,1,0,1,0,0,1,4.43949E+20,5.88853E+21,8.16202E+15,5.31432E+16
135205,3.1711E+18,3,4,3,0,2017,11,8,5,3,5,3,1,1,0,0,0,0,1,4.45141E+20,5.8889E+21,8.17977E+15,5.31467E+16
135206,3.1711E+18,3,2,51,40,2017,11,18,5,3,5,3,1,1,0,0,0,2,1,4.86382E+20,5.83689E+21,8.79856E+15,5.26818E+16
135207,3.1711E+18,3,2,51,40,2017,11,10,5,3,5,3,1,0,0,0,1,0,1,4.8736E+20,5.83701E+21,8.81301E+15,5.26829E+16
135208,3.1711E+18,3,4,61,7,2017,11,14,5,3,6,4,0,1,1,0,0,0,0,4.65622E+20,5.92636E+21,8.48191E+15,5.34851E+16
135209,3.1711E+18,3,4,58,13,2017,11,19,5,2,3,1,1,1,0,0,0,2,0,4.44324E+20,5.87982E+21,8.16913E+15,5.3065E+16
135210,3.1711E+18,3,3,52,63,2017,11,7,5,3,5,3,0,1,0,0,0,1,1,5.03686E+20,5.95758E+21,9.05591E+15,5.37669E+16
135211,3.1711E+18,3,3,59,5,2017,11,9,5,2,5,3,1,1,0,0,0,0,1,5.29764E+20,5.92349E+21,9.44829E+15,5.34595E+16
135212,3.1711E+18,3,3,58,8,2017,11,19,5,3,0,7,1,0,0,0,0,2,1,5.45991E+20,5.85798E+21,9.68325E+15,5.28696E+16
135213,3.1711E+18,3,3,60,25,2017,11,9,5,3,6,4,0,1,1,0,0,0,1,6.04461E+20,5.86944E+21,1.05553E+16,5.29644E+16
135214,3.1711E+18,3,3,55,22,2017,11,7,5,3,0,1,1,0,0,0,0,1,1,5.93794E+20,5.89896E+21,1.04052E+16,5.32316E+16
135215,3.1711E+18,3,3,55,22,2017,11,18,5,3,2,6,0,1,0,0,0,2,0,5.93823E+20,5.89867E+21,1.04055E+16,5.3229E+16
135216,3.1711E+18,3,2,41,1,2017,11,17,5,3,5,2,1,1,0,0,0,2,0,5.49978E+20,5.8023E+21,9.73406E+15,5.23687E+16
135217,3.1711E+18,3,2,41,1,2017,11,9,5,3,5,3,0,1,0,1,0,0,0,5.52458E+20,5.80124E+21,9.77032E+15,5.23589E+16
135218,3.1711E+18,3,2,41,1,2017,11,6,5,3,0,3,0,1,0,0,0,2,1,5.50788E+20,5.80526E+21,9.74641E+15,5.23953E+16
135219,3.1711E+18,3,2,41,21,2017,11,12,5,3,1,5,0,1,0,1,0,0,1,5.24105E+20,5.81161E+21,9.35473E+15,5.24542E+16
135220,3.1711E+18,3,2,41,6,2017,11,11,5,3,0,7,0,1,0,1,0,0,0,5.41119E+20,5.79614E+21,9.60319E+15,5.2314E+16
135221,3.1711E+18,3,2,41,1,2017,11,19,5,3,5,2,0,1,0,1,0,2,0,5.48548E+20,5.8027E+21,9.71311E+15,5.23724E+16
135222,3.1711E+18,3,2,41,1,2017,11,9,5,2,5,3,1,1,0,0,0,0,0,5.50388E+20,5.80212E+21,9.74005E+15,5.2367E+16
135223,3.1711E+18,3,2,54,2,2017,11,16,5,3,2,6,0,1,0,0,0,0,0,5.56237E+20,5.75901E+21,9.8188E+15,5.19789E+16
135224,3.1711E+18,3,2,55,23,2017,11,16,5,3,0,7,1,0,0,0,0,1,1,5.32142E+20,5.74332E+21,9.46653E+15,5.18398E+16
135225,3.1711E+18,3,1,59,16,2017,11,18,5,2,6,4,0,1,1,0,0,2,1,5.6525E+20,5.70984E+21,9.94078E+15,5.15359E+16
135226,3.1711E+18,3,1,59,16,2017,11,15,5,3,5,2,0,1,0,0,0,0,0,5.65428E+20,5.71088E+21,9.94354E+15,5.15452E+16
135227,3.1711E+18,3,1,59,16,2017,11,15,5,3,6,4,0,1,1,0,0,0,0,5.62618E+20,5.71228E+21,9.90326E+15,5.15582E+16
135228,3.1711E+18,3,1,54,502,2017,11,16,5,3,2,2,0,1,0,0,0,1,1,6.37239E+20,5.78791E+21,1.10093E+16,5.22245E+16
135229,3.1711E+18,3,1,3,0,2017,11,14,5,3,5,3,0,1,0,0,0,0,1,6.21984E+20,5.80963E+21,1.07939E+16,5.24233E+16
135230,3.1711E+18,3,1,58,37,2017,11,15,5,3,0,7,0,1,0,1,0,0,1,6.05469E+20,5.78033E+21,1.0542E+16,5.21633E+16
135231,3.1711E+18,3,1,1,0,2017,11,17,5,3,6,2,0,1,1,1,0,2,0,6.04281E+20,5.79089E+21,1.05279E+16,5.22585E+16
135232,3.1711E+18,3,1,1,0,2017,11,13,5,3,2,6,0,1,0,0,0,0,0,6.05092E+20,5.79195E+21,1.05401E+16,5.22679E+16
135233,3.1711E+18,3,1,1,0,2017,11,13,5,3,5,2,1,0,0,0,0,0,0,6.0389E+20,5.79174E+21,1.05224E+16,5.22662E+16
135234,3.1711E+18,3,1,1,0,2017,11,13,5,3,5,3,1,1,0,0,0,0,0,6.01569E+20,5.78888E+21,1.04876E+16,5.22409E+16
135235,3.1711E+18,3,1,1,0,2017,11,10,5,2,5,3,1,1,0,0,0,0,0,6.05724E+20,5.79151E+21,1.05492E+16,5.22638E+16
135236,3.1711E+18,3,4,4,0,2017,11,11,4,3,5,3,1,1,0,0,0,0,1,4.33029E+20,5.79394E+21,8.01805E+15,5.22917E+16
135237,3.1711E+18,3,4,4,0,2017,11,7,4,3,0,4,1,0,1,0,0,0,1,4.34759E+20,5.79269E+21,8.04367E+15,5.22807E+16
135238,3.1711E+18,3,4,4,0,2017,11,7,4,3,6,4,0,0,1,1,0,2,1,4.34412E+20,5.7939E+21,8.03835E+15,5.22915E+16
135239,3.1711E+18,3,4,2,0,2017,11,14,4,3,0,3,0,0,0,1,1,0,0,3.78749E+20,5.91335E+21,7.17817E+15,5.33554E+16
135240,3.1711E+18,3,4,2,0,2017,11,12,4,3,0,3,1,1,0,0,0,0,0,3.81998E+20,5.91161E+21,7.22761E+15,5.33405E+16
135241,3.1711E+18,3,4,54,41,2017,11,12,4,3,5,2,1,1,0,0,0,0,1,3.92827E+20,5.88205E+21,7.40012E+15,5.30772E+16
135242,3.1711E+18,3,4,60,9,2017,11,8,4,3,5,3,1,1,0,0,0,0,1,4.49609E+20,5.84851E+21,8.25285E+15,5.2784E+16
135243,3.1711E+18,3,3,56,7,2017,11,7,4,3,4,2,0,1,0,0,0,0,1,4.85548E+20,5.89713E+21,8.78353E+15,5.32232E+16
135244,3.1711E+18,3,4,3,0,2017,11,22,4,2,6,2,0,1,1,0,0,2,1,4.45334E+20,5.88908E+21,8.18262E+15,5.31483E+16
135245,3.1711E+18,3,4,3,0,2017,11,19,4,3,5,3,1,1,0,0,0,2,1,4.4747E+20,5.88888E+21,8.21459E+15,5.31467E+16
135246,3.1711E+18,3,4,3,0,2017,11,8,4,3,2,6,0,1,0,0,0,0,1,4.47703E+20,5.89073E+21,8.21776E+15,5.31633E+16
135247,3.1711E+18,3,2,51,44,2017,11,14,4,3,2,2,0,1,0,0,0,0,1,4.73658E+20,5.82338E+21,8.61142E+15,5.25599E+16
135248,3.1711E+18,3,2,51,12,2017,11,18,4,3,4,2,0,1,0,1,0,2,1,4.57031E+20,5.82861E+21,8.36548E+15,5.26058E+16
135249,3.1711E+18,3,2,51,12,2017,11,7,4,3,5,3,0,1,0,1,0,1,1,4.57893E+20,5.82907E+21,8.37815E+15,5.261E+16
135250,3.1711E+18,3,4,1,0,2017,11,13,4,3,5,3,1,1,0,0,0,0,1,4.75203E+20,5.87798E+21,8.63008E+15,5.30507E+16
135251,3.1711E+18,3,4,1,0,2017,11,13,4,3,5,3,1,1,0,0,0,0,1,4.78265E+20,5.87874E+21,8.67569E+15,5.30577E+16
135252,3.1711E+18,3,3,60,25,2017,11,12,4,2,5,3,0,1,0,1,0,0,1,6.05259E+20,5.86936E+21,1.05672E+16,5.29635E+16
135253,3.1711E+18,3,3,51,6,2017,11,12,4,3,2,6,0,1,0,0,0,0,1,5.71456E+20,5.82882E+21,1.00552E+16,5.26047E+16
135254,3.1711E+18,3,2,41,1,2017,11,22,4,3,0,7,1,0,0,0,1,2,1,5.53776E+20,5.80665E+21,9.79054E+15,5.24075E+16
135255,3.1711E+18,3,2,41,21,2017,11,7,4,3,8,1,0,1,1,0,0,0,0,5.30511E+20,5.80826E+21,9.44868E+15,5.24237E+16
135256,3.1711E+18,3,2,41,10,2017,11,7,4,3,6,4,0,1,1,0,0,1,1,5.49764E+20,5.81448E+21,9.73273E+15,5.24782E+16
135257,3.1711E+18,3,2,41,4,2017,11,14,4,3,5,3,1,0,0,0,0,0,0,5.57509E+20,5.81596E+21,9.84701E+15,5.24908E+16
135258,3.1711E+18,3,1,59,4,2017,11,8,4,3,1,5,0,1,0,0,0,0,1,6.07042E+20,5.71578E+21,1.05449E+16,5.15829E+16
135259,3.1711E+18,3,1,55,11,2017,11,12,4,3,2,6,0,1,0,1,0,0,1,5.69005E+20,5.7285E+21,9.99859E+15,5.17032E+16
135260,3.1711E+18,3,2,56,22,2017,11,16,4,3,2,6,0,1,0,0,0,1,0,5.14911E+20,5.83213E+21,9.22035E+15,5.2639E+16
135261,3.1711E+18,3,2,54,21,2017,11,7,4,3,3,6,0,1,0,0,1,0,1,5.65894E+20,5.77813E+21,9.96308E+15,5.21498E+16
135262,3.1711E+18,3,2,54,21,2017,11,6,4,3,2,6,0,1,0,1,0,2,1,5.65839E+20,5.78089E+21,9.96281E+15,5.21745E+16
135263,3.1711E+18,3,1,59,16,2017,11,8,4,2,5,3,0,1,0,0,0,1,1,5.65664E+20,5.70887E+21,9.94657E+15,5.15271E+16
135264,3.1711E+18,3,1,54,13,2017,11,16,4,3,0,5,0,1,1,0,0,0,0,6.23605E+20,5.7903E+21,1.08106E+16,5.22492E+16
135265,3.1711E+18,3,1,58,37,2017,11,17,4,3,0,7,1,1,0,0,0,1,0,6.05571E+20,5.78162E+21,1.05439E+16,5.21749E+16
135266,3.1711E+18,3,1,58,37,2017,11,11,4,3,0,1,1,0,0,0,0,0,1,6.06509E+20,5.78196E+21,1.05577E+16,5.21778E+16
135267,3.1711E+18,3,1,1,0,2017,11,6,4,3,9,1,0,1,0,0,0,2,1,6.04405E+20,5.78837E+21,1.05289E+16,5.22359E+16
135268,3.1711E+18,3,1,1,0,2017,11,11,4,3,2,5,0,1,0,0,0,0,1,6.06869E+20,5.79104E+21,1.05658E+16,5.22594E+16
135269,3.17103E+18,3,4,59,10,2017,10,17,3,2,9,1,0,1,0,0,0,0,1,4.25717E+20,5.8238E+21,7.90423E+15,5.25592E+16
135270,3.17103E+18,3,4,4,0,2017,10,20,3,2,1,5,0,1,0,1,0,2,1,4.31297E+20,5.7982E+21,7.99179E+15,5.23298E+16
135271,3.17103E+18,3,2,51,9,2017,10,22,3,3,6,6,0,0,1,0,1,2,1,4.6031E+20,5.81295E+21,8.41577E+15,5.24653E+16
135272,3.17103E+18,3,2,54,43,2017,10,0,3,3,0,7,1,0,1,0,0,0,1,5.5343E+20,5.77052E+21,9.77974E+15,5.20826E+16
135273,3.17103E+18,3,1,54,28,2017,10,17,3,3,2,2,0,1,0,0,0,2,0,6.34529E+20,5.78996E+21,1.09704E+16,5.22436E+16
135274,3.17103E+18,3,1,1,0,2017,10,16,3,3,4,7,0,1,0,0,0,0,0,6.02647E+20,5.79079E+21,1.05039E+16,5.22579E+16
135275,3.17103E+18,3,4,59,33,2017,10,13,2,3,5,3,0,1,0,0,0,0,0,4.33102E+20,5.79887E+21,8.01815E+15,5.2336E+16
135276,3.17103E+18,3,4,59,14,2017,10,11,2,3,5,3,0,1,0,1,0,0,0,4.30804E+20,5.80715E+21,7.98272E+15,5.24102E+16
135277,3.17103E+18,3,4,4,0,2017,10,20,2,2,5,2,0,1,0,0,0,2,0,4.33309E+20,5.79523E+21,8.0219E+15,5.23033E+16
135278,3.17103E+18,3,4,4,0,2017,10,17,2,3,5,3,1,1,0,0,0,1,1,4.36028E+20,5.79472E+21,8.06188E+15,5.22991E+16
135279,3.17103E+18,3,4,2,0,2017,10,8,2,3,5,2,1,0,0,1,0,0,1,3.8045E+20,5.91483E+21,7.20316E+15,5.3369E+16
135280,3.17103E+18,3,4,56,15,2017,10,9,2,3,4,2,1,1,0,0,0,0,1,3.68564E+20,5.80841E+21,7.06763E+15,5.24101E+16
135281,3.17103E+18,3,4,55,15,2017,10,10,2,3,0,6,0,0,0,1,1,0,1,4.30226E+20,5.93295E+21,7.94709E+15,5.35408E+16
135282,3.17103E+18,3,4,5,0,2017,10,8,2,3,5,2,0,1,0,0,0,0,0,4.40341E+20,5.9357E+21,8.09918E+15,5.35668E+16
135283,3.17103E+18,3,3,56,7,2017,10,19,2,3,7,7,0,1,0,1,0,2,1,4.8377E+20,5.89789E+21,8.75686E+15,5.32301E+16
135284,3.17103E+18,3,4,3,0,2017,10,22,2,3,5,3,1,1,0,0,0,2,0,4.47068E+20,5.8867E+21,8.20893E+15,5.31271E+16
135285,3.17103E+18,3,3,57,41,2017,10,10,2,3,8,1,0,1,0,0,0,0,0,5.32038E+20,5.89113E+21,9.47926E+15,5.31686E+16
135286,3.17103E+18,3,3,55,22,2017,10,12,2,2,0,7,1,0,0,0,0,0,0,5.94311E+20,5.90092E+21,1.04135E+16,5.32491E+16
135287,3.17103E+18,3,3,55,22,2017,10,10,2,3,3,6,1,1,0,0,0,0,0,5.94688E+20,5.90115E+21,1.04192E+16,5.32512E+16
135288,3.17103E+18,3,3,55,22,2017,10,22,2,2,4,6,0,1,0,0,0,2,0,5.92841E+20,5.90051E+21,1.03914E+16,5.32457E+16
135289,3.17103E+18,3,3,55,22,2017,10,21,2,3,5,3,0,1,0,0,0,2,0,5.94005E+20,5.90203E+21,1.04092E+16,5.32592E+16
135290,3.17103E+18,3,3,55,22,2017,10,12,2,3,5,2,1,1,0,0,0,0,0,5.93539E+20,5.90156E+21,1.04021E+16,5.32551E+16
135291,3.17103E+18,3,3,51,16,2017,10,8,2,3,5,3,1,1,0,0,0,0,0,5.8332E+20,5.83039E+21,1.02307E+16,5.26171E+16
135292,3.17103E+18,3,3,51,6,2017,10,8,2,3,5,3,1,1,0,0,0,0,0,5.73078E+20,5.82983E+21,1.00793E+16,5.26135E+16
135293,3.17103E+18,3,2,41,1,2017,10,7,2,3,6,7,0,0,1,0,1,0,0,5.51018E+20,5.80339E+21,9.7495E+15,5.23784E+16
135294,3.17103E+18,3,2,41,12,2017,10,12,2,3,5,3,0,1,0,0,0,0,0,5.31704E+20,5.81766E+21,9.46713E+15,5.25081E+16
135295,3.17103E+18,3,2,41,11,2017,10,10,2,3,6,4,0,1,1,0,0,0,0,5.6625E+20,5.80335E+21,9.97323E+15,5.23764E+16
135296,3.17103E+18,3,2,41,10,2017,10,14,2,3,5,3,0,1,0,0,0,0,0,5.50125E+20,5.81067E+21,9.73747E+15,5.24439E+16
135297,3.17103E+18,3,2,41,1,2017,10,18,2,3,6,4,0,1,1,0,0,2,0,5.46998E+20,5.79934E+21,9.68988E+15,5.23424E+16
135298,3.17103E+18,3,2,52,2,2017,10,16,2,3,6,7,0,1,1,0,0,0,0,5.31743E+20,5.78309E+21,9.46444E+15,5.21974E+16
135299,3.17103E+18,3,1,57,5,2017,10,12,2,3,6,7,0,1,1,0,0,0,0,5.89396E+20,5.78458E+21,1.03082E+16,5.22044E+16
135300,3.17103E+18,3,1,57,6,2017,10,17,2,3,5,3,0,1,0,0,0,2,0,5.83808E+20,5.79668E+21,1.02294E+16,5.2314E+16
135301,3.17103E+18,3,1,51,9,2017,10,15,2,3,4,2,1,1,0,0,0,0,0,6.04485E+20,5.81858E+21,1.05395E+16,5.25073E+16
135302,3.17103E+18,3,1,1,0,2017,10,21,2,2,0,1,1,0,0,0,0,2,0,6.03933E+20,5.79121E+21,1.05229E+16,5.22615E+16
135303,3.17103E+18,3,1,1,0,2017,10,13,2,3,5,3,1,0,0,0,0,0,0,6.07186E+20,5.79565E+21,1.05719E+16,5.23007E+16
135304,3.17103E+18,3,1,1,0,2017,10,13,2,3,2,6,0,1,0,0,0,0,0,6.05073E+20,5.79196E+21,1.05398E+16,5.2268E+16
135305,3.17103E+18,3,1,1,0,2017,10,11,2,3,2,6,0,1,0,1,0,0,0,6.03362E+20,5.79598E+21,1.0516E+16,5.23044E+16
135306,3.17103E+18,3,4,57,14,2017,10,0,1,3,0,6,1,0,1,0,0,2,1,3.99151E+20,5.90791E+21,7.48633E+15,5.33108E+16
135307,3.17103E+18,3,4,62,19,2017,10,11,1,3,8,6,0,0,0,0,1,0,0,4.19001E+20,5.93876E+21,7.77623E+15,5.35914E+16
135308,3.17103E+18,3,4,60,3,2017,10,1,1,3,6,6,0,1,1,0,0,2,1,4.41452E+20,5.83562E+21,8.13422E+15,5.26674E+16
135309,3.17103E+18,3,4,55,26,2017,10,12,1,2,5,3,1,1,0,0,0,0,1,4.40487E+20,5.91854E+21,8.10464E+15,5.34126E+16
135310,3.17103E+18,3,3,59,38,2017,10,16,1,3,0,3,0,0,0,1,0,1,1,5.27916E+20,5.93789E+21,9.42173E+15,5.35891E+16
135311,3.17103E+18,3,3,58,8,2017,10,14,1,3,6,3,0,1,1,0,0,0,1,5.4676E+20,5.85655E+21,9.69447E+15,5.28566E+16
135312,3.17103E+18,3,3,55,11,2017,10,10,1,3,9,7,0,1,0,0,0,0,0,5.96545E+20,5.90827E+21,1.04492E+16,5.33148E+16
135313,3.17103E+18,3,3,51,6,2017,10,15,1,3,5,2,1,1,0,0,0,0,0,5.73084E+20,5.83098E+21,1.00797E+16,5.26238E+16
135314,3.17103E+18,3,2,41,1,2017,10,15,1,3,2,6,0,1,0,0,0,0,1,5.47471E+20,5.79927E+21,9.69682E+15,5.23417E+16
135315,3.17103E+18,3,2,41,1,2017,10,20,1,3,5,3,0,1,0,0,0,2,1,5.4642E+20,5.80126E+21,9.68166E+15,5.23597E+16
135316,3.17103E+18,3,2,41,1,2017,10,10,1,3,5,3,0,1,0,0,0,0,1,5.49738E+20,5.80522E+21,9.73096E+15,5.2395E+16
135317,3.17103E+18,3,2,41,21,2017,10,15,1,3,5,3,0,1,0,0,0,0,1,5.28958E+20,5.80889E+21,9.42591E+15,5.24295E+16
135318,3.17103E+18,3,2,41,11,2017,10,16,1,3,9,1,0,1,0,0,0,0,1,5.66758E+20,5.80469E+21,9.98096E+15,5.23883E+16
135319,3.17103E+18,3,1,55,11,2017,10,17,1,3,8,7,0,1,0,0,0,1,1,5.6957E+20,5.72892E+21,1.00068E+16,5.17069E+16
135320,3.17103E+18,3,2,56,27,2017,10,0,1,2,1,5,1,1,0,0,0,2,1,5.16585E+20,5.83941E+21,9.24545E+15,5.27043E+16
135321,3.17103E+18,3,1,54,28,2017,10,16,1,2,8,1,0,1,0,0,0,0,1,6.36615E+20,5.78938E+21,1.10007E+16,5.22378E+16
135322,3.17103E+18,3,1,58,27,2017,10,20,1,3,6,6,1,0,1,0,0,2,0,6.21544E+20,5.77848E+21,1.07762E+16,5.21435E+16
135323,3.17103E+18,3,4,59,15,2017,10,18,7,3,2,6,0,1,0,0,0,2,1,4.44224E+20,5.77388E+21,8.18549E+15,5.21126E+16
135324,3.17103E+18,3,4,4,0,2017,10,5,7,3,3,2,1,1,0,0,0,2,1,4.34813E+20,5.79059E+21,8.04487E+15,5.22618E+16
135325,3.17103E+18,3,4,4,0,2017,10,19,7,3,2,6,0,1,0,0,0,2,1,4.37627E+20,5.79206E+21,8.08581E+15,5.22753E+16
135326,3.17103E+18,3,4,57,18,2017,10,15,7,3,5,3,0,1,0,0,1,0,0,4.02017E+20,5.88774E+21,7.53552E+15,5.31301E+16
135327,3.17103E+18,3,4,54,41,2017,10,13,7,3,5,3,0,1,0,0,0,0,0,3.93055E+20,5.88363E+21,7.403E+15,5.30914E+16
135328,3.17103E+18,3,4,56,15,2017,10,10,7,3,5,3,0,1,0,0,0,0,0,3.69093E+20,5.81126E+21,7.07428E+15,5.24358E+16
135329,3.17103E+18,3,4,54,32,2017,10,17,7,3,0,6,1,0,1,0,0,0,1,3.85912E+20,5.81967E+21,7.31871E+15,5.25152E+16
135330,3.17103E+18,3,4,52,19,2017,10,20,7,3,5,3,0,1,0,0,0,2,1,3.81377E+20,5.94066E+21,7.20732E+15,5.36013E+16
135331,3.17103E+18,3,4,5,0,2017,10,19,7,3,5,3,1,1,0,0,0,2,1,4.41411E+20,5.93029E+21,8.11635E+15,5.35182E+16
135332,3.17103E+18,3,4,5,0,2017,10,16,7,3,5,3,0,1,0,1,0,0,1,4.40659E+20,5.93076E+21,8.10492E+15,5.35224E+16
135333,3.17103E+18,3,3,57,8,2017,10,13,7,2,9,1,0,0,0,1,1,0,0,5.12889E+20,5.91947E+21,9.19396E+15,5.34241E+16
135334,3.17103E+18,3,3,55,22,2017,10,18,7,3,0,7,1,0,0,0,0,2,1,5.93818E+20,5.90268E+21,1.04066E+16,5.32651E+16
135335,3.17103E+18,3,2,41,1,2017,10,14,7,3,5,3,0,1,0,0,0,0,0,5.50383E+20,5.80211E+21,9.73998E+15,5.2367E+16
135336,3.17103E+18,3,2,41,1,2017,10,15,7,3,1,5,1,1,0,0,0,0,0,5.50358E+20,5.80389E+21,9.73988E+15,5.2383E+16
135337,3.17103E+18,3,1,53,17,2017,10,12,7,3,6,4,0,0,1,0,1,0,0,5.97869E+20,5.75206E+21,1.04228E+16,5.19107E+16
135338,3.17103E+18,3,1,51,40,2017,10,4,7,3,0,1,0,0,0,0,1,2,1,6.18031E+20,5.84293E+21,1.07477E+16,5.27234E+16
135339,3.17112E+18,3,1,59,16,2017,11,15,5,3,0,3,0,1,0,0,1,0,0,5.64872E+20,5.71108E+21,9.93556E+15,5.15471E+16
135340,3.17112E+18,3,1,1,0,2017,11,21,5,2,9,1,0,0,0,1,0,2,0,6.04128E+20,5.79111E+21,1.05257E+16,5.22605E+16
135341,3.17112E+18,3,1,1,0,2017,11,18,5,2,6,4,0,1,1,0,0,2,0,6.03249E+20,5.7952E+21,1.05141E+16,5.22974E+16
135342,3.17112E+18,3,4,59,30,2017,11,11,4,3,5,3,1,1,0,0,0,0,1,4.29452E+20,5.83646E+21,7.95662E+15,5.26735E+16
135343,3.17112E+18,3,4,57,13,2017,11,12,4,3,1,7,1,0,0,0,0,0,0,3.97289E+20,5.89925E+21,7.46119E+15,5.32326E+16
135344,3.17112E+18,3,4,56,1,2017,11,19,4,2,9,1,0,1,0,0,0,2,1,3.72128E+20,5.79354E+21,7.12566E+15,5.22773E+16
135345,3.17112E+18,3,4,52,1,2017,11,11,4,3,5,3,1,1,0,0,0,0,1,4.00481E+20,5.92414E+21,7.50117E+15,5.34568E+16
135346,3.17112E+18,3,4,5,0,2017,11,13,4,3,5,1,0,1,0,0,0,0,1,4.41933E+20,5.93062E+21,8.12416E+15,5.35213E+16
135347,3.17112E+18,3,4,5,0,2017,11,9,4,2,6,2,0,1,1,0,0,0,1,4.4028E+20,5.9304E+21,8.09927E+15,5.35191E+16
135348,3.17112E+18,3,4,3,0,2017,11,13,4,3,5,2,1,1,0,0,0,0,1,4.47693E+20,5.88761E+21,8.21814E+15,5.31353E+16
135349,3.17112E+18,3,4,3,0,2017,11,14,4,3,5,3,1,1,0,0,0,0,1,4.47252E+20,5.89028E+21,8.21109E+15,5.31593E+16
135350,3.17112E+18,3,4,3,0,2017,11,7,4,3,5,2,1,1,0,0,0,1,1,4.4986E+20,5.89118E+21,8.24996E+15,5.31676E+16
135351,3.17112E+18,3,4,58,6,2017,11,15,4,3,5,3,0,0,0,0,1,0,1,4.73118E+20,5.86851E+21,8.59976E+15,5.29655E+16
135352,3.17112E+18,3,3,52,11,2017,11,5,4,3,7,1,1,0,0,0,1,2,1,4.84242E+20,5.96433E+21,8.76059E+15,5.38273E+16
135353,3.17112E+18,3,3,53,40,2017,11,17,4,3,6,7,1,0,1,0,0,2,1,5.80564E+20,5.91327E+21,1.02107E+16,5.33624E+16
135354,3.17112E+18,3,3,53,5,2017,11,15,4,3,5,3,1,1,0,0,0,0,1,5.56923E+20,5.90863E+21,9.85462E+15,5.33238E+16
135355,3.17112E+18,3,3,55,22,2017,11,14,4,3,6,4,0,1,1,0,0,0,0,5.95877E+20,5.89982E+21,1.04366E+16,5.32389E+16
135356,3.17112E+18,3,3,55,22,2017,11,7,4,3,2,6,0,1,0,0,0,0,1,5.94189E+20,5.90131E+21,1.04118E+16,5.32527E+16
135357,3.17112E+18,3,3,55,22,2017,11,6,4,3,5,2,1,1,0,0,0,2,1,5.9237E+20,5.90092E+21,1.03844E+16,5.32495E+16
135358,3.17112E+18,3,2,41,1,2017,11,9,4,3,2,6,0,1,1,0,0,0,1,5.49009E+20,5.80483E+21,9.7202E+15,5.23916E+16
135359,3.17112E+18,3,2,41,2,2017,11,11,4,3,0,3,1,1,0,0,0,0,0,5.33184E+20,5.79331E+21,9.48651E+15,5.22892E+16
135360,3.17112E+18,3,2,41,19,2017,11,15,4,3,5,2,0,1,0,1,0,0,1,5.49755E+20,5.822E+21,9.73372E+15,5.25458E+16
135361,3.17112E+18,3,2,41,1,2017,11,23,4,3,6,7,0,1,1,0,0,2,0,5.49971E+20,5.80405E+21,9.73422E+15,5.23844E+16
135362,3.17112E+18,3,2,41,1,2017,11,18,4,2,5,2,1,1,0,0,0,2,0,5.5473E+20,5.80486E+21,9.80427E+15,5.23912E+16
135363,3.17112E+18,3,2,41,1,2017,11,15,4,3,5,3,1,1,0,0,0,1,0,5.54047E+20,5.80511E+21,9.79426E+15,5.23935E+16
135364,3.17112E+18,3,2,41,1,2017,11,5,4,3,2,5,0,1,0,0,1,2,1,5.5781E+20,5.8045E+21,9.84946E+15,5.23877E+16
135365,3.17112E+18,3,2,41,10,2017,11,7,4,2,6,2,0,0,1,0,1,2,1,5.49463E+20,5.80988E+21,9.72761E+15,5.24369E+16
135366,3.17112E+18,3,1,54,13,2017,11,17,4,3,5,3,0,1,0,1,0,2,0,6.24329E+20,5.79015E+21,1.08212E+16,5.22477E+16
135367,3.17112E+18,3,1,57,6,2017,11,15,4,3,0,7,0,0,1,1,0,0,0,5.80879E+20,5.79886E+21,1.0187E+16,5.23341E+16