OBJECTID,UIDENTSTLA,ULAND,UREGBEZ,UKREIS,UGEMEINDE,UJAHR,UMONAT,USTUNDE,UWOCHENTAG,UKATEGORIE,UART,UTYP1,IstRad,IstPKW,IstFuss,IstKrad,IstSonstig,LICHT,STRZUSTAND,LINREFX,LINREFY,XGCSWGS84,YGCSWGS84
135539,3.17111E+18,3,1,1,0,2017,11,11,6,3,5,3,1,1,0,0,0,0,1,6.04352E+20,5.79401E+21,1.05299E+16,5.22865E+16
135540,3.17111E+18,3,4,4,0,2017,11,22,5,3,5,3,1,1,0,0,0,2,0,4.35148E+20,5.79241E+21,8.04941E+15,5.22782E+16
135541,3.17111E+18,3,4,2,0,2017,11,10,5,2,0,5,1,1,0,0,0,0,0,3.79864E+20,5.91418E+21,7.19461E+15,5.33631E+16
135542,3.17111E+18,3,4,54,41,2017,11,7,5,3,5,2,1,1,0,0,0,0,0,3.88372E+20,5.87967E+21,7.33448E+15,5.30548E+16
135543,3.17111E+18,3,4,54,41,2017,11,12,5,3,5,7,1,1,0,0,0,0,0,3.95999E+20,5.88068E+21,7.4479E+15,5.30655E+16
135544,3.17111E+18,3,4,56,27,2017,11,14,5,3,2,2,0,1,0,1,0,0,0,3.79072E+20,5.79893E+21,7.22545E+15,5.23273E+16
135545,3.17111E+18,3,4,52,1,2017,11,17,5,3,3,6,0,1,0,0,0,2,1,3.97872E+20,5.92578E+21,7.46136E+15,5.34711E+16
135546,3.17111E+18,3,4,51,2,2017,11,13,5,3,5,3,1,1,0,0,0,0,0,4.35063E+20,5.89289E+21,8.0283E+15,5.31814E+16
135547,3.17111E+18,3,4,3,0,2017,11,13,5,3,0,4,1,0,1,0,0,0,0,4.48177E+20,5.88871E+21,8.22519E+15,5.31453E+16
135548,3.17111E+18,3,4,3,0,2017,11,13,5,3,5,3,1,1,0,0,0,0,0,4.46242E+20,5.88739E+21,8.19648E+15,5.31332E+16
135549,3.17111E+18,3,4,3,0,2017,11,8,5,3,5,3,1,1,0,0,0,0,0,4.44538E+20,5.88995E+21,8.17058E+15,5.31561E+16
135550,3.17111E+18,3,2,51,47,2017,11,12,5,3,5,3,1,1,0,0,0,0,0,4.90098E+20,5.87088E+21,8.85249E+15,5.29874E+16
135551,3.17111E+18,3,4,58,5,2017,11,18,5,2,6,6,0,1,1,0,0,2,1,4.70471E+20,5.87526E+21,8.55973E+15,5.30261E+16
135552,3.17111E+18,3,4,58,10,2017,11,10,5,3,0,7,0,1,0,0,1,0,0,4.63486E+20,5.88442E+21,8.45455E+15,5.3108E+16
135553,3.17111E+18,3,3,59,38,2017,11,12,5,2,9,1,0,1,0,0,0,0,0,5.33002E+20,5.93702E+21,9.49848E+15,5.3581E+16
135554,3.17111E+18,3,3,58,21,2017,11,19,5,2,8,6,0,1,0,1,0,2,1,5.56603E+20,5.8678E+21,9.84259E+15,5.29568E+16
135555,3.17111E+18,3,3,55,22,2017,11,18,5,3,2,6,0,1,0,0,0,2,0,5.9405E+20,5.90144E+21,1.04097E+16,5.32539E+16
135556,3.17111E+18,3,3,51,6,2017,11,17,5,3,4,2,0,1,0,0,0,2,0,5.72013E+20,5.83417E+21,1.00645E+16,5.26527E+16
135557,3.17111E+18,3,2,41,17,2017,11,10,5,3,5,3,0,1,0,0,0,0,0,5.38132E+20,5.78462E+21,9.55807E+15,5.22107E+16
135558,3.17111E+18,3,2,41,10,2017,11,19,5,3,0,7,0,1,0,0,1,2,0,5.49233E+20,5.81443E+21,9.7249E+15,5.24778E+16
135559,3.17111E+18,3,2,41,1,2017,11,17,5,3,5,3,1,1,0,0,0,2,0,5.50655E+20,5.80242E+21,9.74402E+15,5.23697E+16
135560,3.17111E+18,3,2,41,1,2017,11,16,5,3,5,3,1,1,0,0,0,0,0,5.45426E+20,5.80421E+21,9.66746E+15,5.23863E+16
135561,3.17111E+18,3,2,41,1,2017,11,8,5,2,6,2,0,1,1,0,0,0,0,5.45738E+20,5.80082E+21,9.67159E+15,5.23558E+16
135562,3.17111E+18,3,2,56,17,2017,11,23,5,3,8,1,0,1,0,0,0,2,1,5.09513E+20,5.82211E+21,9.14029E+15,5.2549E+16
135563,3.17111E+18,3,2,54,21,2017,11,16,5,2,6,4,0,1,1,0,0,1,0,5.66698E+20,5.7807E+21,9.97533E+15,5.21728E+16
135564,3.17111E+18,3,2,52,6,2017,11,12,5,3,5,3,1,0,0,0,1,0,0,5.25548E+20,5.77239E+21,9.373E+15,5.21015E+16
135565,3.17111E+18,3,1,59,16,2017,11,17,5,3,6,4,1,0,1,0,0,2,0,5.65527E+20,5.70973E+21,9.94474E+15,5.15348E+16
135566,3.17111E+18,3,1,3,0,2017,11,9,5,3,5,3,1,1,0,0,0,0,0,6.19343E+20,5.80962E+21,1.07551E+16,5.24237E+16
135567,3.17111E+18,3,1,53,17,2017,11,17,5,3,5,3,1,1,0,0,0,2,0,5.98765E+20,5.75377E+21,1.04363E+16,5.19259E+16
135568,3.17111E+18,3,1,1,0,2017,11,7,5,3,6,4,0,1,1,0,0,0,0,6.09189E+20,5.79721E+21,1.06018E+16,5.23144E+16
135569,3.17111E+18,3,4,59,24,2017,11,16,4,3,5,2,0,1,0,0,0,1,0,4.62569E+20,5.78261E+21,8.45241E+15,5.21927E+16
135570,3.17111E+18,3,4,59,12,2017,11,12,4,3,9,1,0,0,0,1,0,0,0,4.43434E+20,5.79109E+21,8.17107E+15,5.22673E+16
135571,3.17111E+18,3,4,4,0,2017,11,7,4,3,6,4,0,1,1,0,0,1,0,4.32543E+20,5.79447E+21,8.01083E+15,5.22964E+16
135572,3.17111E+18,3,4,54,41,2017,11,18,4,3,4,6,1,0,0,0,0,2,0,3.93149E+20,5.88193E+21,7.40497E+15,5.30762E+16
135573,3.17111E+18,3,2,51,40,2017,11,19,4,3,5,3,1,1,0,0,0,2,0,4.86614E+20,5.83694E+21,8.80199E+15,5.26822E+16
135574,3.17111E+18,3,3,55,22,2017,11,18,4,3,3,6,0,1,0,0,1,2,0,5.94266E+20,5.90203E+21,1.04132E+16,5.32592E+16
135575,3.17111E+18,3,3,55,22,2017,11,7,4,3,5,3,0,1,0,0,0,0,0,5.91364E+20,5.89683E+21,1.03682E+16,5.32129E+16
135576,3.17111E+18,3,3,51,6,2017,11,15,4,2,0,7,1,0,0,0,0,0,0,5.73143E+20,5.82931E+21,1.00802E+16,5.26089E+16
135577,3.17111E+18,3,2,41,1,2017,11,11,4,3,2,6,0,1,0,0,0,0,0,5.47273E+20,5.8005E+21,9.69408E+15,5.23528E+16
135578,3.17111E+18,3,2,41,14,2017,11,13,4,3,6,4,0,1,1,0,0,0,0,5.45162E+20,5.79954E+21,9.66296E+15,5.23443E+16
135579,3.17111E+18,3,2,41,5,2017,11,17,4,3,5,3,0,1,0,0,0,2,0,5.41552E+20,5.80902E+21,9.61114E+15,5.24298E+16
135580,3.17111E+18,3,2,41,1,2017,11,17,4,3,6,2,0,1,1,0,0,2,0,5.55612E+20,5.80378E+21,9.81705E+15,5.23814E+16
135581,3.17111E+18,3,1,55,13,2017,11,17,4,3,5,3,0,1,0,0,0,1,0,5.6073E+20,5.74067E+21,9.88098E+15,5.18136E+16
135582,3.17111E+18,3,1,53,12,2017,11,18,4,2,6,4,0,1,1,0,0,2,1,5.80503E+20,5.7491E+21,1.01697E+16,5.18869E+16
135583,3.17111E+18,3,1,53,2,2017,11,17,4,3,6,4,1,0,1,0,0,2,0,6.07117E+20,5.7494E+21,1.05564E+16,5.18851E+16
135584,3.17111E+18,3,1,53,7,2017,11,6,4,3,5,3,1,1,0,0,0,2,1,5.94003E+20,5.7541E+21,1.03672E+16,5.19297E+16
135585,3.17111E+18,3,1,1,0,2017,11,18,4,3,5,3,0,1,0,0,0,1,0,6.03951E+20,5.79412E+21,1.0524E+16,5.22876E+16
135586,3.17111E+18,3,1,1,0,2017,11,15,4,3,5,3,1,1,0,0,0,0,0,6.04648E+20,5.79277E+21,1.05338E+16,5.22753E+16
135587,3.17111E+18,3,4,59,15,2017,11,7,3,3,5,3,1,1,0,0,0,1,0,4.45178E+20,5.77432E+21,8.19934E+15,5.21167E+16
135588,3.17111E+18,3,4,59,19,2017,11,9,3,3,0,1,0,0,0,1,0,1,1,4.36022E+20,5.78374E+21,8.06387E+15,5.22004E+16
135589,3.17111E+18,3,4,4,0,2017,11,17,3,2,5,3,0,1,0,0,1,2,0,4.3185E+20,5.79492E+21,8.00058E+15,5.23004E+16
135590,3.17111E+18,3,4,2,0,2017,11,15,3,3,5,3,0,1,0,1,0,0,0,3.78592E+20,5.91119E+21,7.17664E+15,5.33359E+16
135591,3.17111E+18,3,4,54,19,2017,11,6,3,2,0,7,1,0,0,0,0,2,0,3.97675E+20,5.83686E+21,7.48668E+15,5.2672E+16
135592,3.17111E+18,3,4,54,18,2017,11,11,3,2,0,2,1,0,0,0,1,0,0,3.83804E+20,5.84881E+21,7.27739E+15,5.27766E+16
135593,3.17111E+18,3,4,54,32,2017,11,17,3,3,5,2,1,1,0,0,0,1,0,3.87846E+20,5.82193E+21,7.34643E+15,5.25359E+16
135594,3.17111E+18,3,4,53,7,2017,11,18,3,2,8,1,0,1,0,0,1,2,0,4.23662E+20,5.8775E+21,7.86139E+15,5.30415E+16
135595,3.17111E+18,3,2,51,40,2017,11,17,3,3,5,3,1,1,0,0,0,2,0,4.88371E+20,5.8371E+21,8.82797E+15,5.26837E+16
135596,3.17111E+18,3,3,59,38,2017,11,13,3,3,2,6,0,1,0,0,0,0,0,5.31617E+20,5.93963E+21,9.47782E+15,5.36046E+16
135597,3.17111E+18,3,3,60,25,2017,11,17,3,3,6,4,0,1,1,0,0,2,0,6.04649E+20,5.86929E+21,1.05581E+16,5.2963E+16
135598,3.17111E+18,3,3,54,26,2017,11,15,3,2,8,7,0,0,1,0,1,0,0,6.43391E+20,5.86486E+21,1.11326E+16,5.29143E+16
135599,3.17112E+18,3,2,54,21,2017,11,7,6,3,6,4,0,1,1,0,0,1,1,5.65295E+20,5.77818E+21,9.95433E+15,5.21502E+16
135600,3.17112E+18,3,1,54,19,2017,11,20,6,3,8,1,0,1,0,0,0,2,1,6.34657E+20,5.77849E+21,1.09678E+16,5.21405E+16
135601,3.17112E+18,3,1,3,0,2017,11,17,6,3,5,3,0,1,0,0,0,2,0,6.22053E+20,5.80977E+21,1.0795E+16,5.24245E+16
135602,3.17112E+18,3,2,41,5,2017,11,17,6,3,5,3,1,1,0,0,0,2,1,5.41958E+20,5.81052E+21,9.61731E+15,5.24432E+16
135603,3.17112E+18,3,1,3,0,2017,11,16,6,3,6,4,0,1,1,0,0,2,1,6.2178E+20,5.81022E+21,1.07911E+16,5.24286E+16
135604,3.17112E+18,3,2,41,1,2017,11,19,6,2,6,2,0,1,1,0,0,2,0,5.49578E+20,5.80517E+21,9.72861E+15,5.23945E+16
135605,3.17112E+18,3,2,41,1,2017,11,18,6,3,0,7,1,0,0,0,0,2,0,5.52489E+20,5.8031E+21,9.77106E+15,5.23757E+16
135606,3.17112E+18,3,2,41,9,2017,11,9,6,2,6,4,0,1,1,0,0,0,1,5.55089E+20,5.79434E+21,9.80781E+15,5.22967E+16
135607,3.17112E+18,3,1,3,0,2017,11,10,6,3,6,4,0,1,1,0,0,0,1,6.21128E+20,5.80982E+21,1.07814E+16,5.24251E+16
135608,3.17112E+18,3,1,58,37,2017,11,9,6,3,5,3,1,1,0,0,0,0,1,6.05324E+20,5.78061E+21,1.054E+16,5.21659E+16
135609,3.17112E+18,3,1,57,6,2017,11,7,6,3,5,2,1,1,0,0,0,1,1,5.84037E+20,5.79758E+21,1.0233E+16,5.23221E+16
135610,3.17112E+18,3,1,53,17,2017,11,13,6,3,6,4,0,1,1,0,0,0,1,5.98778E+20,5.75308E+21,1.04363E+16,5.19197E+16
135611,3.17112E+18,3,1,51,9,2017,11,14,6,3,5,3,0,1,0,0,0,0,1,6.04739E+20,5.81364E+21,1.05417E+16,5.24629E+16
135612,3.17112E+18,3,1,1,0,2017,11,21,6,3,5,2,0,1,0,0,0,2,0,6.04257E+20,5.7974E+21,1.05295E+16,5.2317E+16
135613,3.17112E+18,3,1,1,0,2017,11,8,6,3,5,3,0,1,0,0,0,0,1,6.06368E+20,5.78853E+21,1.05577E+16,5.22369E+16
135614,3.17112E+18,3,4,59,17,2017,11,17,5,2,3,6,1,1,0,0,0,2,1,4.10379E+20,5.81944E+21,7.67921E+15,5.25177E+16
135615,3.17112E+18,3,4,4,0,2017,11,18,5,2,2,6,1,0,0,0,0,1,1,4.36084E+20,5.79463E+21,8.06271E+15,5.22983E+16
135616,3.17112E+18,3,4,57,13,2017,11,13,5,3,2,2,0,1,0,0,0,0,1,3.99946E+20,5.90009E+21,7.50072E+15,5.32406E+16
135617,3.17112E+18,3,4,54,57,2017,11,20,5,3,5,3,0,1,0,0,0,2,1,4.09632E+20,5.8566E+21,7.65801E+15,5.28515E+16
135618,3.17112E+18,3,4,56,15,2017,11,17,5,3,5,3,1,1,0,0,0,2,1,3.68578E+20,5.80924E+21,7.06752E+15,5.24176E+16
135619,3.17112E+18,3,4,54,35,2017,11,19,5,2,6,6,1,0,1,0,0,2,1,3.80963E+20,5.84028E+21,7.23839E+15,5.26993E+16
135620,3.17112E+18,3,4,54,35,2017,11,13,5,3,5,3,1,1,0,0,0,0,0,3.84493E+20,5.83921E+21,7.29098E+15,5.26904E+16
135621,3.17112E+18,3,4,52,1,2017,11,18,5,3,8,1,0,1,0,0,0,2,1,3.95745E+20,5.92447E+21,7.42976E+15,5.34589E+16
135622,3.17112E+18,3,4,55,7,2017,11,10,5,3,0,3,1,1,0,0,0,0,1,4.26059E+20,5.9362E+21,7.88345E+15,5.35695E+16
135623,3.17112E+18,3,3,56,9,2017,11,17,5,2,0,1,0,0,0,1,0,2,1,4.74774E+20,5.89746E+21,8.62213E+15,5.32259E+16
135624,3.17112E+18,3,3,56,5,2017,11,12,5,3,9,7,0,1,0,0,0,0,0,4.93506E+20,5.88993E+21,8.90288E+15,5.31587E+16
135625,3.17112E+18,3,3,53,40,2017,11,14,5,3,2,6,0,1,0,0,0,0,0,5.8035E+20,5.91253E+21,1.02073E+16,5.33558E+16
135626,3.17112E+18,3,2,41,1,2017,11,17,5,3,2,6,0,1,0,0,0,1,0,5.47298E+20,5.8005E+21,9.69444E+15,5.23527E+16
135627,3.17112E+18,3,2,41,1,2017,11,16,5,3,6,2,0,1,1,0,0,2,0,5.48935E+20,5.80194E+21,9.71868E+15,5.23655E+16
135628,3.17112E+18,3,2,41,1,2017,11,12,5,3,1,5,1,1,0,0,0,0,0,5.50212E+20,5.80249E+21,9.73753E+15,5.23703E+16
135629,3.17112E+18,3,2,41,1,2017,11,17,5,3,1,5,1,1,0,0,0,2,0,5.51544E+20,5.80302E+21,9.75716E+15,5.2375E+16
135630,3.17112E+18,3,2,41,1,2017,11,15,5,3,0,2,1,1,0,0,0,0,0,5.50158E+20,5.8032E+21,9.73684E+15,5.23768E+16
135631,3.17112E+18,3,2,56,14,2017,11,12,5,2,5,3,1,1,0,0,0,0,0,5.09523E+20,5.85156E+21,9.14129E+15,5.28137E+16
135632,3.17112E+18,3,2,56,22,2017,11,13,5,3,6,7,0,1,1,0,0,0,0,5.15468E+20,5.83501E+21,9.22872E+15,5.26649E+16
135633,3.17112E+18,3,1,59,16,2017,11,16,5,3,5,3,1,1,0,0,0,2,1,5.6536E+20,5.71018E+21,9.94243E+15,5.15389E+16
135634,3.17112E+18,3,1,59,16,2017,11,16,5,3,5,2,0,1,0,0,0,1,0,5.65145E+20,5.71144E+21,9.93956E+15,5.15503E+16
135635,3.17112E+18,3,1,59,16,2017,11,16,5,3,5,3,1,1,0,0,0,1,0,5.63973E+20,5.71034E+21,9.92246E+15,5.15405E+16
135636,3.17112E+18,3,1,54,28,2017,11,18,5,3,1,5,0,1,0,1,0,1,0,6.36879E+20,5.78839E+21,1.10042E+16,5.22289E+16
135637,3.17112E+18,3,1,57,6,2017,11,14,5,3,2,6,0,1,0,0,0,0,0,5.82356E+20,5.79803E+21,1.02085E+16,5.23264E+16
135638,3.17112E+18,3,1,53,17,2017,11,8,5,3,5,3,0,1,0,0,0,0,0,5.98064E+20,5.75268E+21,1.04258E+16,5.19162E+16
135639,3.17112E+18,3,1,1,0,2017,11,16,5,3,0,1,0,0,0,1,0,1,0,6.03953E+20,5.7859E+21,1.05215E+16,5.22137E+16
135640,3.17112E+18,3,1,1,0,2017,11,15,5,3,2,2,0,1,0,0,0,0,0,6.03161E+20,5.78947E+21,1.0511E+16,5.22459E+16
135641,3.17112E+18,3,4,59,19,2017,11,11,4,3,5,3,0,1,0,0,0,0,0,4.3588E+20,5.78782E+21,8.06102E+15,5.22371E+16
135642,3.17112E+18,3,4,4,0,2017,11,11,4,3,5,3,1,1,0,0,0,0,1,4.3598E+20,5.79482E+21,8.06116E+15,5.23E+16
135643,3.17112E+18,3,4,54,41,2017,11,12,4,3,0,1,1,0,0,0,0,0,0,3.93672E+20,5.88256E+21,7.41256E+15,5.30819E+16
135644,3.17112E+18,3,4,54,35,2017,11,17,4,3,4,2,1,1,0,0,0,2,0,3.84875E+20,5.84112E+21,7.29596E+15,5.27077E+16
135645,3.17112E+18,3,4,53,6,2017,11,6,4,3,5,2,0,1,0,0,0,2,1,4.2836E+20,5.8416E+21,7.93934E+15,5.27196E+16
135646,3.17112E+18,3,4,53,4,2017,11,18,4,3,2,6,0,1,0,0,0,2,1,4.33798E+20,5.8547E+21,8.0172E+15,5.2838E+16
135647,3.17112E+18,3,4,53,4,2017,11,18,4,3,5,3,0,1,0,0,1,2,0,4.38314E+20,5.85611E+21,8.08396E+15,5.28512E+16
135648,3.17112E+18,3,4,53,4,2017,11,17,4,3,6,6,1,0,1,0,0,2,1,4.35757E+20,5.85587E+21,8.04604E+15,5.28488E+16
135649,3.17112E+18,3,3,61,12,2017,11,13,4,3,5,3,1,1,0,0,0,0,0,5.16961E+20,5.86267E+21,9.25223E+15,5.29134E+16
135650,3.17112E+18,3,3,61,12,2017,11,11,4,3,6,6,1,0,1,0,0,0,1,5.15448E+20,5.86353E+21,9.22977E+15,5.29212E+16
135651,3.17112E+18,3,4,3,0,2017,11,17,4,3,0,7,1,0,0,0,0,2,0,4.48175E+20,5.8907E+21,8.22484E+15,5.31632E+16
135652,3.17112E+18,3,4,3,0,2017,11,14,4,3,4,2,1,0,0,0,1,0,0,4.48299E+20,5.89104E+21,8.22663E+15,5.31662E+16
135653,3.17112E+18,3,2,51,41,2017,11,13,4,3,6,6,1,0,1,0,0,0,1,4.88145E+20,5.86258E+21,8.8237E+15,5.29127E+16
135654,3.17112E+18,3,4,1,0,2017,11,10,4,3,5,3,0,1,0,0,0,0,1,4.74244E+20,5.87714E+21,8.61584E+15,5.30431E+16
135655,3.17112E+18,3,4,1,0,2017,11,7,4,3,6,4,0,1,1,0,0,0,1,4.73496E+20,5.87731E+21,8.60467E+15,5.30447E+16
135656,3.17112E+18,3,3,52,22,2017,11,16,4,3,8,6,1,1,0,0,0,2,1,5.09585E+20,5.9494E+21,9.14516E+15,5.36932E+16
135657,3.17112E+18,3,3,53,5,2017,11,16,4,3,6,4,0,1,1,0,0,0,1,5.58714E+20,5.90848E+21,9.88147E+15,5.33222E+16
135658,3.17112E+18,3,3,55,22,2017,11,17,4,3,5,3,1,1,0,0,0,2,1,5.96758E+20,5.9006E+21,1.04501E+16,5.32458E+16
135659,3.17112E+18,3,2,41,21,2017,11,14,4,3,1,7,1,0,0,0,1,0,0,5.28719E+20,5.80803E+21,9.42231E+15,5.24218E+16
135660,3.17112E+18,3,2,41,12,2017,11,10,4,3,4,2,1,1,0,0,0,0,0,5.31195E+20,5.81739E+21,9.4596E+15,5.25058E+16
135661,3.17112E+18,3,2,41,11,2017,11,17,4,3,5,3,1,1,0,0,0,2,0,5.65774E+20,5.80201E+21,9.96597E+15,5.23644E+16
135662,3.17112E+18,3,2,41,10,2017,11,15,4,3,0,1,1,0,0,0,0,0,1,5.50023E+20,5.80889E+21,9.7357E+15,5.2428E+16
135663,3.17112E+18,3,2,41,1,2017,11,16,4,3,5,3,1,1,0,0,0,0,0,5.48136E+20,5.80282E+21,9.70709E+15,5.23735E+16
135664,3.17112E+18,3,2,41,1,2017,11,7,4,3,6,4,0,1,1,0,0,0,0,5.50052E+20,5.80435E+21,9.73545E+15,5.23871E+16
135665,3.17112E+18,3,2,54,21,2017,11,12,4,3,2,6,0,1,0,0,0,0,0,5.65396E+20,5.77697E+21,9.95558E+15,5.21394E+16
135666,3.17112E+18,3,1,59,16,2017,11,20,4,3,6,6,1,0,1,0,0,2,0,5.6463E+20,5.71074E+21,9.93201E+15,5.15441E+16
135667,3.17112E+18,3,1,58,37,2017,11,21,4,3,3,2,1,1,0,0,0,2,0,6.05354E+20,5.78045E+21,1.05403E+16,5.21645E+16
135668,3.17112E+18,3,1,57,6,2017,11,12,4,3,5,3,0,1,0,0,0,0,1,5.84194E+20,5.79804E+21,1.02354E+16,5.23262E+16
135669,3.17112E+18,3,1,1,0,2017,11,13,4,3,5,3,1,1,0,0,0,0,0,6.00989E+20,5.79234E+21,1.04801E+16,5.22722E+16
135670,3.17112E+18,3,1,1,0,2017,11,10,4,3,6,4,0,1,1,0,0,0,1,6.05523E+20,5.78869E+21,1.05454E+16,5.22385E+16
135671,3.17112E+18,3,4,59,24,2017,11,5,3,3,6,4,0,1,1,0,0,2,1,4.58964E+20,5.78803E+21,8.39901E+15,5.22411E+16
135672,3.17112E+18,3,4,4,0,2017,11,18,3,3,2,6,0,1,0,0,0,2,1,4.33778E+20,5.79434E+21,8.02896E+15,5.22954E+16
135673,3.17112E+18,3,4,4,0,2017,11,12,3,3,5,3,1,1,0,0,0,0,1,4.36027E+20,5.79472E+21,8.06185E+15,5.22991E+16
135674,3.17112E+18,3,4,4,0,2017,11,9,3,3,2,6,0,1,0,0,0,0,1,4.34093E+20,5.79453E+21,8.03354E+15,5.22972E+16
135675,3.17112E+18,3,4,52,11,2017,11,17,3,3,0,6,0,1,0,0,1,1,1,3.83112E+20,5.92123E+21,7.24078E+15,5.34272E+16
135676,3.17112E+18,3,4,2,0,2017,11,17,3,3,5,3,1,1,0,0,0,2,1,3.80742E+20,5.91533E+21,7.20736E+15,5.33736E+16
135677,3.17112E+18,3,4,54,41,2017,11,17,3,3,5,3,1,1,0,0,0,2,1,3.9417E+20,5.88247E+21,7.42002E+15,5.30812E+16
135678,3.17112E+18,3,4,54,21,2017,11,23,3,2,8,7,0,1,0,0,0,2,1,4.03856E+20,5.83676E+21,7.57808E+15,5.26722E+16
135679,3.17112E+18,3,4,54,29,2017,11,12,3,3,5,3,1,1,0,0,0,0,1,3.86942E+20,5.85816E+21,7.32066E+15,5.28613E+16
135680,3.17112E+18,3,4,54,32,2017,11,15,3,3,5,3,1,1,0,0,0,0,1,3.85758E+20,5.8199E+21,7.31635E+15,5.25172E+16
135681,3.17112E+18,3,4,60,9,2017,11,16,3,3,5,2,1,1,0,0,0,1,1,4.52332E+20,5.84235E+21,8.29411E+15,5.27289E+16
135682,3.17112E+18,3,4,53,4,2017,11,19,3,2,6,4,0,1,1,0,0,2,1,4.35835E+20,5.85546E+21,8.04728E+15,5.28451E+16
135683,3.17112E+18,3,4,55,15,2017,11,22,3,3,5,3,0,1,0,0,0,2,1,4.30434E+20,5.93331E+21,7.95015E+15,5.3544E+16
135684,3.17112E+18,3,4,3,0,2017,11,10,3,3,1,5,1,0,0,0,1,0,1,4.48394E+20,5.88968E+21,8.22828E+15,5.3154E+16
135685,3.17112E+18,3,2,51,42,2017,11,17,3,3,6,6,0,1,1,0,0,2,1,4.75548E+20,5.84976E+21,8.63734E+15,5.27971E+16
135686,3.17112E+18,3,4,1,0,2017,11,17,3,3,2,6,0,1,0,0,0,2,1,4.76295E+20,5.87822E+21,8.64634E+15,5.3053E+16
135687,3.17112E+18,3,4,1,0,2017,11,15,3,3,5,3,0,1,0,0,0,0,1,4.75471E+20,5.87774E+21,8.63409E+15,5.30486E+16
135688,3.17112E+18,3,3,53,5,2017,11,16,3,3,0,7,1,0,0,0,0,1,1,5.57562E+20,5.90884E+21,9.86425E+15,5.33256E+16
135689,3.17112E+18,3,3,57,8,2017,11,16,3,3,5,3,1,1,0,0,0,0,1,5.09331E+20,5.92646E+21,9.14063E+15,5.3487E+16
135690,3.17112E+18,3,3,55,22,2017,11,16,3,3,5,2,1,1,0,0,0,2,1,5.93704E+20,5.90318E+21,1.04051E+16,5.32696E+16
135691,3.17112E+18,3,2,41,1,2017,11,7,3,3,7,7,1,0,1,0,0,1,1,5.50354E+20,5.80182E+21,9.7395E+15,5.23643E+16
135692,3.17112E+18,3,2,41,1,2017,11,7,3,3,5,3,1,1,0,0,0,1,1,5.5167E+20,5.80162E+21,9.75881E+15,5.23625E+16
135693,3.17112E+18,3,2,41,1,2017,11,13,3,3,4,2,0,1,0,0,0,0,1,5.55848E+20,5.79821E+21,9.81958E+15,5.23313E+16
135694,3.17112E+18,3,2,41,1,2017,11,18,3,3,8,7,0,1,0,0,0,2,1,5.53755E+20,5.80698E+21,9.79027E+15,5.24104E+16
135695,3.17112E+18,3,2,41,1,2017,11,12,3,3,5,7,1,1,0,0,0,0,0,5.51928E+20,5.80598E+21,9.76326E+15,5.24016E+16
135696,3.17112E+18,3,2,41,1,2017,11,16,3,2,0,7,0,0,0,0,1,0,1,5.50503E+20,5.80286E+21,9.74185E+15,5.23737E+16
135697,3.17112E+18,3,2,41,1,2017,11,7,3,3,3,2,1,0,0,0,1,2,1,5.50163E+20,5.80256E+21,9.73681E+15,5.2371E+16
135698,3.17112E+18,3,2,41,17,2017,11,8,3,3,5,3,0,1,0,0,0,0,1,5.37729E+20,5.78507E+21,9.55223E+15,5.22148E+16
135699,3.17112E+18,3,2,41,1,2017,11,17,3,3,5,3,1,1,0,0,0,2,1,5.56053E+20,5.79769E+21,9.82251E+15,5.23266E+16
135700,3.17112E+18,3,2,41,1,2017,11,15,3,3,5,2,1,1,0,0,0,1,1,5.54733E+20,5.80489E+21,9.80431E+15,5.23915E+16
135701,3.17112E+18,3,1,59,19,2017,11,10,3,3,6,7,0,1,1,0,0,0,1,5.92829E+20,5.72514E+21,1.03424E+16,5.16696E+16
135702,3.17112E+18,3,1,55,11,2017,11,17,3,3,5,3,0,1,0,0,0,2,1,5.68276E+20,5.72805E+21,9.98795E+15,5.16992E+16
135703,3.17112E+18,3,1,55,11,2017,11,17,3,3,6,4,0,1,1,0,0,2,1,5.69008E+20,5.7285E+21,9.99863E+15,5.17032E+16
135704,3.17112E+18,3,2,57,35,2017,11,18,3,3,0,7,1,0,0,0,0,2,1,5.13151E+20,5.79762E+21,9.19299E+15,5.23287E+16
135705,3.17112E+18,3,2,54,43,2017,11,17,3,3,6,2,0,1,1,0,0,2,1,5.53862E+20,5.77098E+21,9.78611E+15,5.20867E+16
135706,3.17112E+18,3,2,54,21,2017,11,14,3,3,2,6,0,1,0,0,0,0,1,5.66508E+20,5.77888E+21,9.97219E+15,5.21564E+16
135707,3.17112E+18,3,2,54,21,2017,11,9,3,2,4,2,1,1,0,0,0,0,1,5.62772E+20,5.77945E+21,9.91769E+15,5.2162E+16
135708,3.17112E+18,3,2,54,21,2017,11,7,3,3,5,3,0,1,0,0,1,2,1,5.65653E+20,5.77981E+21,9.95987E+15,5.21649E+16
135709,3.17112E+18,3,2,52,6,2017,11,11,3,3,0,1,1,0,0,0,0,0,1,5.25509E+20,5.77212E+21,9.3724E+15,5.2099E+16
135710,3.17112E+18,3,1,59,16,2017,11,17,3,3,6,2,0,1,1,0,0,2,1,5.65024E+20,5.71389E+21,9.93827E+15,5.15723E+16