OBJECTID,UIDENTSTLA,ULAND,UREGBEZ,UKREIS,UGEMEINDE,UJAHR,UMONAT,USTUNDE,UWOCHENTAG,UKATEGORIE,UART,UTYP1,IstRad,IstPKW,IstFuss,IstKrad,IstSonstig,LICHT,STRZUSTAND,LINREFX,LINREFY,XGCSWGS84,YGCSWGS84
135711,3.17112E+18,3,1,59,16,2017,11,17,3,3,5,3,0,1,0,1,0,2,1,5.63171E+20,5.71069E+21,9.91096E+15,5.15437E+16
135712,3.17112E+18,3,1,3,0,2017,11,18,3,2,4,6,0,1,0,0,0,2,1,6.22489E+20,5.81218E+21,1.08023E+16,5.24461E+16
135713,3.17112E+18,3,1,3,0,2017,11,17,3,3,6,4,0,1,1,0,0,2,1,6.19849E+20,5.80832E+21,1.07621E+16,5.24119E+16
135714,3.17112E+18,3,1,3,0,2017,11,10,3,3,5,3,1,1,0,0,0,0,1,6.20557E+20,5.80925E+21,1.07728E+16,5.24202E+16
135715,3.17112E+18,3,1,3,0,2017,11,6,3,3,5,3,0,1,0,1,0,2,1,6.1925E+20,5.80816E+21,1.07532E+16,5.24107E+16
135716,3.17112E+18,3,1,53,17,2017,11,13,3,3,8,1,0,1,0,0,0,0,1,6.00143E+20,5.75333E+21,1.04562E+16,5.19217E+16
135717,3.17112E+18,3,1,51,9,2017,11,15,3,3,5,3,0,1,0,0,0,0,1,6.04635E+20,5.81568E+21,1.05408E+16,5.24812E+16
135718,3.17112E+18,3,1,1,0,2017,11,16,3,3,9,1,0,1,0,0,0,1,1,6.01832E+20,5.79366E+21,1.04928E+16,5.22839E+16
135719,3.17112E+18,3,1,1,0,2017,11,20,3,3,5,3,0,1,0,1,0,2,1,6.02743E+20,5.78963E+21,1.0505E+16,5.22475E+16
135720,3.17112E+18,3,1,1,0,2017,11,18,3,3,5,2,1,0,0,0,1,2,1,6.04642E+20,5.79218E+21,1.05336E+16,5.22701E+16
135721,3.17112E+18,3,1,1,0,2017,11,17,3,3,6,2,0,1,1,0,0,2,1,6.04388E+20,5.79003E+21,1.05292E+16,5.22508E+16
135722,3.17112E+18,3,1,1,0,2017,11,17,3,3,5,2,1,1,0,0,0,2,1,6.07554E+20,5.79357E+21,1.05767E+16,5.22819E+16
135723,3.17112E+18,3,4,59,15,2017,11,17,2,3,6,2,0,1,1,0,0,2,1,4.45162E+20,5.77408E+21,8.19914E+15,5.21146E+16
135724,3.17112E+18,3,4,59,14,2017,11,14,2,3,5,3,0,1,0,0,0,0,1,4.31598E+20,5.81021E+21,7.99376E+15,5.24378E+16
135725,3.17112E+18,3,4,59,10,2017,11,7,2,3,5,2,1,1,0,0,0,2,1,4.28297E+20,5.82235E+21,7.9426E+15,5.25465E+16
135726,3.17112E+18,3,4,4,0,2017,11,19,2,3,6,2,0,1,1,0,0,2,1,4.35566E+20,5.79126E+21,8.05576E+15,5.2268E+16
135727,3.17112E+18,3,4,4,0,2017,11,17,2,3,5,3,1,1,0,0,0,2,1,4.35322E+20,5.79072E+21,8.05228E+15,5.22631E+16
135728,3.17112E+18,3,4,57,24,2017,11,8,2,3,8,1,0,1,0,0,0,0,1,3.86217E+20,5.89705E+21,7.29616E+15,5.32106E+16
135729,3.17112E+18,3,4,56,15,2017,11,7,2,3,5,3,1,1,0,0,0,2,0,3.68294E+20,5.8097E+21,7.06315E+15,5.24217E+16
135730,3.17112E+18,3,4,56,15,2017,11,18,2,3,5,2,0,1,0,0,0,2,1,3.69852E+20,5.80854E+21,7.08651E+15,5.24116E+16
135731,3.17112E+18,3,4,56,15,2017,11,7,2,3,5,3,1,0,0,0,1,1,1,3.66383E+20,5.81016E+21,7.03489E+15,5.24253E+16
135732,3.17112E+18,3,4,54,19,2017,11,18,2,3,5,3,1,1,0,0,0,2,1,3.96967E+20,5.83754E+21,7.47599E+15,5.2678E+16
135733,3.17112E+18,3,4,54,35,2017,11,13,2,3,5,3,1,1,0,0,0,0,1,3.84343E+20,5.83811E+21,7.28915E+15,5.26806E+16
135734,3.17112E+18,3,4,54,32,2017,11,14,2,3,2,2,0,1,0,0,0,0,1,3.85471E+20,5.82089E+21,7.31178E+15,5.2526E+16
135735,3.17112E+18,3,4,52,19,2017,11,16,2,3,3,1,1,1,0,0,0,1,1,3.81999E+20,5.93954E+21,7.21715E+15,5.35914E+16
135736,3.17112E+18,3,4,53,13,2017,11,10,2,3,5,3,1,1,0,0,0,0,1,4.10828E+20,5.88726E+21,7.66731E+15,5.31273E+16
135737,3.17112E+18,3,4,55,26,2017,11,9,2,3,2,6,0,1,0,0,0,0,1,4.42734E+20,5.9168E+21,8.13876E+15,5.33971E+16
135738,3.17112E+18,3,4,3,0,2017,11,17,2,2,5,3,1,1,0,0,0,2,1,4.47962E+20,5.88797E+21,8.22209E+15,5.31386E+16
135739,3.17112E+18,3,4,3,0,2017,11,10,2,3,5,3,1,1,0,0,0,0,1,4.46728E+20,5.8878E+21,8.20367E+15,5.31369E+16
135740,3.17112E+18,3,4,3,0,2017,11,7,2,3,2,6,0,1,0,0,0,1,1,4.4774E+20,5.88804E+21,8.21876E+15,5.31392E+16
135741,3.17112E+18,3,2,51,40,2017,11,13,2,3,5,3,1,1,0,0,0,0,1,4.87213E+20,5.83664E+21,8.81087E+15,5.26796E+16
135742,3.17112E+18,3,4,58,9,2017,11,11,2,3,8,7,0,1,0,0,0,0,1,4.55179E+20,5.87755E+21,8.33142E+15,5.30455E+16
135743,3.17112E+18,3,3,55,22,2017,11,13,2,3,5,3,1,1,0,0,0,0,1,5.93688E+20,5.90027E+21,1.0404E+16,5.32434E+16
135744,3.17112E+18,3,3,51,6,2017,11,14,2,3,2,6,0,1,0,0,0,0,1,5.72881E+20,5.82937E+21,1.00763E+16,5.26095E+16
135745,3.17112E+18,3,2,41,1,2017,11,17,2,3,6,4,0,1,1,0,0,2,1,5.45638E+20,5.80076E+21,9.67011E+15,5.23553E+16
135746,3.17112E+18,3,2,41,1,2017,11,16,2,3,2,6,0,1,0,0,0,2,1,5.54757E+20,5.80689E+21,9.80499E+15,5.24095E+16
135747,3.17112E+18,3,2,41,1,2017,11,19,2,3,5,3,1,1,0,0,0,2,1,5.51821E+20,5.80358E+21,9.76132E+15,5.23801E+16
135748,3.17112E+18,3,2,41,1,2017,11,12,2,3,6,7,1,0,1,0,0,0,1,5.50023E+20,5.80319E+21,9.73485E+15,5.23767E+16
135749,3.17112E+18,3,2,41,21,2017,11,19,2,2,8,1,1,0,1,0,0,2,1,5.2591E+20,5.81227E+21,9.38133E+15,5.246E+16
135750,3.17112E+18,3,2,41,15,2017,11,8,2,3,4,2,1,1,0,0,0,0,1,5.40342E+20,5.80552E+21,9.59292E+15,5.23985E+16
135751,3.17112E+18,3,2,41,19,2017,11,7,2,3,5,2,0,1,0,0,0,1,1,5.52619E+20,5.82282E+21,9.77609E+15,5.25529E+16
135752,3.17112E+18,3,2,41,1,2017,11,18,2,3,5,3,1,1,0,0,0,2,1,5.48831E+20,5.80373E+21,9.71742E+15,5.23816E+16
135753,3.17112E+18,3,2,41,1,2017,11,11,2,3,0,3,0,1,0,1,0,0,1,5.52419E+20,5.80121E+21,9.76974E+15,5.23586E+16
135754,3.17112E+18,3,2,41,1,2017,11,8,2,3,5,3,1,1,0,0,0,0,1,5.50416E+20,5.80566E+21,9.741E+15,5.23989E+16
135755,3.17112E+18,3,2,56,22,2017,11,18,2,3,6,4,0,1,1,0,0,2,1,5.13788E+20,5.8322E+21,9.20376E+15,5.26396E+16
135756,3.17112E+18,3,2,56,22,2017,11,14,2,3,5,2,1,1,0,0,0,0,1,5.14812E+20,5.83399E+21,9.21897E+15,5.26557E+16
135757,3.17112E+18,3,2,56,22,2017,11,7,2,3,6,2,0,1,1,0,0,1,1,5.14807E+20,5.83246E+21,9.21882E+15,5.26419E+16
135758,3.17112E+18,3,2,54,21,2017,11,20,2,3,6,2,0,1,1,0,0,2,1,5.66391E+20,5.77662E+21,9.97004E+15,5.21361E+16
135759,3.17112E+18,3,2,55,3,2017,11,10,2,3,1,5,0,1,0,0,0,0,1,5.35444E+20,5.759E+21,9.51608E+15,5.19806E+16
135760,3.17112E+18,3,1,59,16,2017,11,6,2,3,6,4,0,1,1,0,0,2,1,5.63877E+20,5.7089E+21,9.92081E+15,5.15276E+16
135761,3.17112E+18,3,1,53,17,2017,11,13,2,3,5,3,0,1,0,0,0,0,1,5.97306E+20,5.75355E+21,1.04151E+16,5.19241E+16
135762,3.17112E+18,3,1,51,9,2017,11,7,2,3,5,3,1,1,0,0,0,0,1,6.05378E+20,5.81589E+21,1.05518E+16,5.2483E+16
135763,3.17112E+18,3,1,1,0,2017,11,11,2,3,0,3,1,1,0,0,0,0,0,6.03711E+20,5.79167E+21,1.05198E+16,5.22656E+16
135764,3.17112E+18,3,1,1,0,2017,11,16,2,3,5,3,1,1,0,0,0,0,1,6.0438E+20,5.79142E+21,1.05295E+16,5.22633E+16
135765,3.17112E+18,3,1,1,0,2017,11,18,2,3,5,2,0,1,0,1,0,2,1,6.03178E+20,5.78976E+21,1.05114E+16,5.22486E+16
135766,3.17112E+18,3,1,1,0,2017,11,11,2,3,5,3,0,1,0,0,0,0,1,6.04388E+20,5.79005E+21,1.05292E+16,5.2251E+16
135767,3.17112E+18,3,4,4,0,2017,11,13,1,3,5,7,1,1,0,0,0,0,1,4.34806E+20,5.79362E+21,8.04417E+15,5.22891E+16
135768,3.17112E+18,3,4,4,0,2017,11,11,1,3,5,3,0,1,0,0,0,0,0,4.35735E+20,5.79088E+21,8.05831E+15,5.22645E+16
135769,3.17112E+18,3,4,54,41,2017,11,19,1,3,2,6,0,1,0,0,0,2,1,3.92185E+20,5.8821E+21,7.39052E+15,5.30775E+16
135770,3.17112E+18,3,4,52,20,2017,11,0,1,2,8,1,1,0,0,0,0,2,1,3.78396E+20,5.95283E+21,7.15754E+15,5.371E+16
135771,3.17112E+18,3,3,56,9,2017,11,0,1,3,6,6,0,1,1,0,0,2,1,4.72224E+20,5.89703E+21,8.58398E+15,5.32218E+16
135772,3.17112E+18,3,3,61,12,2017,11,20,1,3,2,2,0,1,0,0,0,2,1,5.16891E+20,5.86358E+21,9.25123E+15,5.29216E+16
135773,3.17112E+18,3,4,3,0,2017,11,11,1,3,5,5,0,1,0,1,0,0,1,4.49337E+20,5.89087E+21,8.24219E+15,5.31648E+16
135774,3.17112E+18,3,4,61,1,2017,11,0,1,3,8,1,0,1,0,0,0,2,1,4.70048E+20,5.89194E+21,8.55187E+15,5.3176E+16
135775,3.17112E+18,3,2,41,1,2017,11,13,1,3,6,4,0,1,1,0,0,0,1,5.54863E+20,5.80782E+21,9.80671E+15,5.24179E+16
135776,3.17112E+18,3,2,41,1,2017,11,17,1,2,6,4,1,0,1,0,0,2,1,5.56612E+20,5.7986E+21,9.83086E+15,5.23348E+16
135777,3.17112E+18,3,2,41,1,2017,11,12,1,2,6,2,0,1,1,0,0,0,1,5.45931E+20,5.80098E+21,9.67444E+15,5.23572E+16
135778,3.17112E+18,3,4,59,34,2017,11,10,7,2,5,3,1,1,0,0,0,0,0,4.31957E+20,5.77072E+21,8.00701E+15,5.20828E+16
135779,3.17112E+18,3,4,4,0,2017,11,0,7,3,1,5,1,1,0,0,0,2,1,4.34816E+20,5.79435E+21,8.04418E+15,5.22956E+16
135780,3.17112E+18,3,4,54,57,2017,11,15,7,3,3,2,0,1,0,0,0,0,0,4.09646E+20,5.85648E+21,7.65824E+15,5.28505E+16
135781,3.17112E+18,3,4,54,35,2017,11,8,7,3,5,3,0,1,0,0,0,0,0,3.83354E+20,5.83955E+21,7.27402E+15,5.26933E+16
135782,3.17112E+18,3,4,60,6,2017,11,16,7,3,5,3,1,1,0,0,0,0,0,4.48108E+20,5.83531E+21,8.23269E+15,5.26652E+16
135783,3.17112E+18,3,4,53,8,2017,11,16,7,3,8,1,0,1,0,0,0,2,1,4.32833E+20,5.86518E+21,8.0007E+15,5.29321E+16
135784,3.17112E+18,3,4,53,4,2017,11,1,7,3,8,1,0,1,0,0,0,2,0,4.35476E+20,5.85627E+21,8.04179E+15,5.28523E+16
135785,3.17112E+18,3,3,61,13,2017,11,13,7,3,4,6,0,1,0,0,0,0,1,5.01675E+20,5.87035E+21,9.02495E+15,5.29827E+16
135786,3.17112E+18,3,3,57,15,2017,11,5,7,3,8,1,0,1,0,0,0,2,1,5.44957E+20,5.89151E+21,9.67256E+15,5.3171E+16
135787,3.17112E+18,3,3,55,15,2017,11,17,7,3,1,5,0,1,0,0,0,2,1,6.02125E+20,5.91082E+21,1.05338E+16,5.33367E+16
135788,3.17112E+18,3,3,55,22,2017,11,9,7,3,5,3,0,1,0,0,0,0,0,5.92596E+20,5.9033E+21,1.03885E+16,5.32708E+16
135789,3.17112E+18,3,2,41,1,2017,11,0,7,3,5,3,1,1,0,0,0,2,0,5.50379E+20,5.80235E+21,9.73995E+15,5.23691E+16
135790,3.17112E+18,3,2,41,10,2017,11,13,7,3,4,2,1,1,0,0,0,0,0,5.50408E+20,5.81009E+21,9.74154E+15,5.24387E+16
135791,3.17112E+18,3,2,41,3,2017,11,11,7,3,0,1,1,0,0,0,0,0,0,5.68259E+20,5.81132E+21,1.00044E+16,5.24478E+16
135792,3.17112E+18,3,2,41,1,2017,11,13,7,3,0,3,0,1,0,0,1,0,0,5.51841E+20,5.80355E+21,9.76161E+15,5.23797E+16
135793,3.17112E+18,3,1,59,16,2017,11,12,7,3,5,3,1,1,0,0,0,0,0,5.62307E+20,5.70944E+21,9.89828E+15,5.15326E+16
135794,3.17112E+18,3,4,59,24,2017,11,8,6,3,0,7,1,0,0,0,0,0,1,4.54149E+20,5.78326E+21,8.32915E+15,5.21979E+16
135795,3.17112E+18,3,4,59,4,2017,11,19,6,3,6,2,0,1,1,0,0,2,0,4.34813E+20,5.77901E+21,8.04708E+15,5.21577E+16
135796,3.17112E+18,3,4,59,13,2017,11,8,6,3,5,3,0,1,0,0,0,0,1,4.50356E+20,5.80947E+21,8.26978E+15,5.24332E+16
135797,3.17112E+18,3,4,4,0,2017,11,0,6,2,0,1,0,0,0,1,0,2,1,4.34703E+20,5.79332E+21,8.04272E+15,5.22864E+16
135798,3.17112E+18,3,4,4,0,2017,11,13,6,3,6,4,1,0,1,0,0,0,0,4.34837E+20,5.79196E+21,8.04494E+15,5.22741E+16
135799,3.17112E+18,3,4,4,0,2017,11,12,6,3,1,5,0,1,0,0,1,0,0,4.3864E+20,5.79243E+21,8.10059E+15,5.22788E+16
135800,3.17112E+18,3,4,56,27,2017,11,13,6,3,7,5,1,1,0,0,0,0,0,3.8031E+20,5.79974E+21,7.24332E+15,5.23349E+16
135801,3.17112E+18,3,4,56,25,2017,11,5,6,3,5,2,0,1,0,1,0,2,1,3.7866E+20,5.81675E+21,7.21295E+15,5.24873E+16
135802,3.17112E+18,3,4,53,13,2017,11,6,6,3,5,3,1,1,0,0,0,2,0,4.1234E+20,5.88373E+21,7.69086E+15,5.30958E+16
135803,3.17112E+18,3,4,60,6,2017,11,13,6,3,5,2,1,1,0,0,0,0,0,4.48097E+20,5.83549E+21,8.23249E+15,5.26669E+16
135804,3.17112E+18,3,4,51,7,2017,11,17,6,2,4,2,0,1,0,0,0,2,1,4.27619E+20,5.90086E+21,7.91512E+15,5.3252E+16
135805,3.17112E+18,3,4,51,7,2017,11,13,6,3,5,3,1,1,0,0,0,0,0,4.28388E+20,5.90143E+21,7.92652E+15,5.32573E+16
135806,3.17112E+18,3,4,3,0,2017,11,19,6,3,2,6,0,1,0,1,0,2,0,4.47352E+20,5.88935E+21,8.21275E+15,5.31509E+16
135807,3.17112E+18,3,4,3,0,2017,11,11,6,3,2,6,0,1,0,0,1,0,0,4.47509E+20,5.88842E+21,8.21525E+15,5.31426E+16
135808,3.17112E+18,3,2,51,47,2017,11,15,6,3,2,6,0,1,0,0,0,0,0,4.87676E+20,5.87177E+21,8.81638E+15,5.29953E+16
135809,3.17112E+18,3,4,1,0,2017,11,7,6,2,5,3,1,1,0,0,0,1,1,4.76796E+20,5.87668E+21,8.65393E+15,5.30391E+16
135810,3.17112E+18,3,3,53,5,2017,11,14,6,3,5,2,0,1,1,0,0,0,0,5.57082E+20,5.911E+21,9.85743E+15,5.33451E+16
135811,3.17112E+18,3,3,59,40,2017,11,22,6,3,0,1,0,0,0,1,0,2,1,5.20852E+20,5.95825E+21,9.31639E+15,5.37724E+16
135812,3.17112E+18,3,3,59,38,2017,11,6,6,3,2,6,0,1,0,0,0,2,0,5.32705E+20,5.93935E+21,9.49423E+15,5.3602E+16
135813,3.17112E+18,3,3,55,22,2017,11,20,6,3,5,3,1,1,0,0,0,2,0,5.9487E+20,5.90088E+21,1.04219E+16,5.32487E+16
135814,3.17112E+18,3,3,55,22,2017,11,14,6,3,5,3,1,1,0,0,0,0,0,5.94702E+20,5.90152E+21,1.04195E+16,5.32545E+16
135815,3.17112E+18,3,3,51,4,2017,11,10,6,3,5,3,0,1,0,1,0,0,1,5.6982E+20,5.84699E+21,1.00349E+16,5.27682E+16
135816,3.17112E+18,3,2,41,9,2017,11,7,6,3,5,3,1,1,0,0,0,1,1,5.54453E+20,5.79564E+21,9.7987E+15,5.23084E+16
135817,3.17112E+18,3,2,41,1,2017,11,7,6,3,0,3,1,1,0,0,0,2,1,5.50451E+20,5.80622E+21,9.74159E+15,5.24039E+16
135818,3.17112E+18,3,2,41,5,2017,11,19,6,3,2,6,0,1,0,0,1,2,0,5.35837E+20,5.81248E+21,9.52746E+15,5.24613E+16
135819,3.17112E+18,3,2,41,1,2017,11,18,6,3,6,4,0,1,1,0,0,2,0,5.54335E+20,5.79714E+21,9.79721E+15,5.23219E+16
135820,3.17112E+18,3,2,41,1,2017,11,16,6,3,6,4,0,1,1,0,0,0,0,5.50776E+20,5.80216E+21,9.74576E+15,5.23674E+16
135821,3.17112E+18,3,1,59,3,2017,11,13,6,3,1,5,1,1,0,0,0,0,0,6.00318E+20,5.72004E+21,1.04492E+16,5.16224E+16
135822,3.17112E+18,3,2,57,35,2017,11,12,6,2,5,3,0,1,0,1,0,0,0,5.12904E+20,5.79853E+21,9.18939E+15,5.23369E+16
135823,3.17112E+18,3,2,56,22,2017,11,9,6,3,4,2,0,1,0,0,0,0,1,5.14284E+20,5.83076E+21,9.21102E+15,5.26267E+16
135824,3.17112E+18,3,2,52,5,2017,11,12,6,3,3,6,1,0,0,0,1,0,0,5.26775E+20,5.76631E+21,9.39043E+15,5.20467E+16
135825,3.17112E+18,3,1,59,16,2017,11,7,6,3,4,3,1,1,0,0,1,2,0,5.62896E+20,5.71006E+21,9.90688E+15,5.15381E+16
135826,3.17112E+18,3,1,3,0,2017,11,13,6,3,5,3,0,1,0,0,0,0,0,6.24437E+20,5.8064E+21,1.08288E+16,5.23937E+16
135827,3.17112E+18,3,1,53,17,2017,11,9,6,2,6,2,0,1,1,0,0,0,1,5.98064E+20,5.75268E+21,1.04258E+16,5.19162E+16
135828,3.17112E+18,3,1,1,0,2017,11,7,6,3,4,2,0,1,0,1,0,0,0,6.0607E+20,5.79124E+21,1.05542E+16,5.22613E+16
135829,3.17112E+18,3,4,59,14,2017,11,7,5,3,5,3,1,1,0,0,0,0,1,4.31807E+20,5.80648E+21,7.9976E+15,5.24043E+16
135830,3.17112E+18,3,4,4,0,2017,11,17,5,3,5,3,0,1,0,1,0,1,1,4.36509E+20,5.79519E+21,8.06884E+15,5.23033E+16
135831,3.17112E+18,3,4,2,0,2017,11,7,5,3,0,3,0,1,0,1,0,1,1,3.79548E+20,5.91284E+21,7.19037E+15,5.3351E+16
135832,3.17112E+18,3,4,57,13,2017,11,13,5,3,3,2,1,1,0,0,0,0,0,3.97255E+20,5.89924E+21,7.46068E+15,5.32325E+16
135833,3.17112E+18,3,4,56,15,2017,11,7,5,3,2,2,0,1,0,0,0,1,0,3.68348E+20,5.81034E+21,7.0637E+15,5.24274E+16
135834,3.17112E+18,3,4,56,15,2017,11,9,5,3,5,2,1,1,0,0,0,0,1,3.6821E+20,5.8109E+21,7.06145E+15,5.24324E+16
135835,3.17112E+18,3,4,54,32,2017,11,9,5,2,9,1,0,1,0,0,0,0,1,3.84407E+20,5.8264E+21,7.2942E+15,5.25753E+16
135836,3.17112E+18,3,4,54,32,2017,11,6,5,3,2,6,1,1,0,0,0,2,0,3.87351E+20,5.82053E+21,7.3396E+15,5.25232E+16
135837,3.17112E+18,3,4,62,19,2017,11,13,5,3,4,2,0,1,0,0,0,0,1,4.18329E+20,5.93689E+21,7.76658E+15,5.35745E+16
135838,3.17112E+18,3,4,53,2,2017,11,18,5,2,5,3,1,1,0,0,0,2,1,4.29359E+20,5.87267E+21,7.94741E+15,5.29989E+16
135839,3.17112E+18,3,4,53,7,2017,11,7,5,2,6,4,0,1,1,0,0,2,1,4.23489E+20,5.87457E+21,7.85951E+15,5.30152E+16
135840,3.17112E+18,3,4,60,7,2017,11,17,5,2,6,2,0,1,1,0,0,2,0,4.35968E+20,5.81767E+21,8.05661E+15,5.25054E+16
135841,3.17112E+18,3,4,5,0,2017,11,8,5,3,5,2,1,1,0,0,0,0,1,4.39804E+20,5.932E+21,8.09178E+15,5.35335E+16
135842,3.17112E+18,3,4,51,7,2017,11,5,5,3,5,3,0,1,0,0,0,2,1,4.27619E+20,5.90086E+21,7.91512E+15,5.3252E+16
135843,3.17112E+18,3,2,51,12,2017,11,6,5,3,5,2,1,1,0,0,0,2,1,4.56988E+20,5.82879E+21,8.36482E+15,5.26074E+16
135844,3.17112E+18,3,3,53,5,2017,11,13,5,3,5,3,0,0,1,0,1,0,1,5.56952E+20,5.91066E+21,9.85541E+15,5.3342E+16
135845,3.17112E+18,3,3,59,38,2017,11,20,5,3,4,6,1,1,0,0,0,2,0,5.30763E+20,5.93873E+21,9.46482E+15,5.35965E+16
135846,3.17112E+18,3,3,59,38,2017,11,9,5,3,6,6,1,0,1,0,0,0,1,5.30648E+20,5.93773E+21,9.463E+15,5.35875E+16
135847,3.17112E+18,3,3,58,21,2017,11,13,5,3,4,6,0,1,0,1,0,0,1,5.57604E+20,5.87049E+21,9.85797E+15,5.29809E+16
135848,3.17112E+18,3,3,57,35,2017,11,21,5,3,5,3,0,1,0,0,0,2,1,5.02113E+20,5.92461E+21,9.03184E+15,5.34704E+16
135849,3.17112E+18,3,3,60,2,2017,11,16,5,2,6,4,0,1,1,0,0,2,0,6.05675E+20,5.88237E+21,1.05776E+16,5.30803E+16
135850,3.17112E+18,3,3,55,9,2017,11,18,5,3,0,7,0,1,1,0,0,2,1,6.15415E+20,5.90515E+21,1.07312E+16,5.3283E+16
135851,3.17112E+18,3,2,41,1,2017,11,19,5,3,5,3,1,1,0,0,0,2,0,5.46128E+20,5.80756E+21,9.67823E+15,5.24163E+16
135852,3.17112E+18,3,2,41,1,2017,11,14,5,3,2,7,0,1,0,0,0,0,0,5.5485E+20,5.80415E+21,9.80591E+15,5.23849E+16
135853,3.17112E+18,3,2,41,1,2017,11,17,5,3,2,6,0,1,0,0,0,2,0,5.5852E+20,5.80168E+21,9.8594E+15,5.23623E+16
135854,3.17112E+18,3,2,41,21,2017,11,12,5,3,6,1,0,0,1,0,1,0,0,5.24172E+20,5.81154E+21,9.3557E+15,5.24535E+16
135855,3.17112E+18,3,2,41,4,2017,11,16,5,3,6,4,0,1,1,0,0,1,0,5.58005E+20,5.81609E+21,9.85433E+15,5.24919E+16
135856,3.17112E+18,3,2,41,9,2017,11,18,5,3,5,3,0,1,0,0,0,2,0,5.54376E+20,5.7967E+21,9.79774E+15,5.2318E+16
135857,3.17112E+18,3,2,41,1,2017,11,18,5,3,5,3,0,1,0,1,0,2,0,5.49631E+20,5.80334E+21,9.72912E+15,5.23781E+16
135858,3.17112E+18,3,2,41,1,2017,11,16,5,3,5,2,1,1,0,0,0,1,0,5.50104E+20,5.80402E+21,9.73616E+15,5.23841E+16
135859,3.17112E+18,3,2,41,1,2017,11,17,5,3,5,3,0,1,0,0,0,2,0,5.55122E+20,5.8041E+21,9.80989E+15,5.23844E+16
135860,3.17112E+18,3,2,56,32,2017,11,17,5,3,5,3,0,1,0,0,0,1,1,5.05229E+20,5.81796E+21,9.07704E+15,5.25117E+16
135861,3.17112E+18,3,2,56,22,2017,11,14,5,3,5,3,1,1,0,0,0,0,0,5.14217E+20,5.83414E+21,9.21018E+15,5.26571E+16
135862,3.17112E+18,3,2,54,32,2017,11,14,5,3,5,3,1,1,0,0,0,0,0,5.79538E+20,5.77925E+21,1.01627E+16,5.2158E+16
135863,3.17112E+18,3,2,54,21,2017,11,7,6,3,6,4,0,0,1,1,0,1,1,5.64953E+20,5.77969E+21,9.94962E+15,5.21638E+16
135864,3.1712E+18,3,4,59,15,2017,12,3,1,3,9,1,0,1,0,0,0,2,2,4.46837E+20,5.77345E+21,8.22371E+15,5.2109E+16
135865,3.1712E+18,3,4,57,13,2017,12,1,1,3,8,1,0,1,0,0,0,2,1,3.96304E+20,5.89738E+21,7.44705E+15,5.32156E+16
135866,3.1712E+18,3,3,57,41,2017,12,15,2,3,5,3,0,1,0,0,1,0,0,5.334E+20,5.89045E+21,9.49956E+15,5.31623E+16
135867,3.1712E+18,3,3,54,4,2017,12,7,2,3,5,2,1,1,0,0,0,0,0,6.40354E+20,5.88498E+21,1.10962E+16,5.30958E+16
135868,3.1712E+18,3,3,55,22,2017,12,16,2,3,6,4,1,0,1,0,0,0,0,5.94177E+20,5.90032E+21,1.04113E+16,5.32438E+16
135869,3.1712E+18,3,3,55,22,2017,12,7,2,3,2,6,0,1,0,0,0,0,0,5.9437E+20,5.90018E+21,1.04142E+16,5.32425E+16
135870,3.1712E+18,3,2,41,10,2017,12,20,2,3,4,1,0,1,0,0,0,2,1,5.51333E+20,5.80923E+21,9.75502E+15,5.24309E+16
135871,3.1712E+18,3,2,41,1,2017,12,22,2,3,4,2,1,1,0,0,0,2,1,5.5064E+20,5.80258E+21,9.74382E+15,5.23711E+16
135872,3.1712E+18,3,3,53,35,2017,12,18,1,3,2,6,1,1,0,0,0,2,1,5.47048E+20,5.90314E+21,9.70556E+15,5.32754E+16
135873,3.1712E+18,3,2,41,1,2017,12,12,2,3,8,1,0,1,0,0,0,0,1,5.5788E+20,5.80728E+21,9.85096E+15,5.24126E+16
135874,3.1712E+18,3,2,54,20,2017,12,16,2,3,5,3,1,1,0,0,0,1,0,5.68798E+20,5.7847E+21,1.00068E+16,5.22084E+16
135875,3.1712E+18,3,1,59,16,2017,12,18,2,2,3,6,1,0,0,1,0,2,1,5.63188E+20,5.7101E+21,9.9111E+15,5.15385E+16
135876,3.1712E+18,3,1,53,17,2017,12,13,2,3,5,3,0,1,0,0,1,0,1,5.98772E+20,5.75703E+21,1.04374E+16,5.19552E+16
135877,3.1712E+18,3,1,1,0,2017,12,14,2,3,2,6,0,1,0,0,0,0,1,6.04127E+20,5.79115E+21,1.05257E+16,5.22609E+16
135878,3.1712E+18,3,1,1,0,2017,12,10,2,3,3,5,0,1,0,0,1,0,1,6.05422E+20,5.79287E+21,1.05452E+16,5.2276E+16
135879,3.1712E+18,3,3,55,22,2017,12,18,1,2,6,4,0,1,1,0,0,2,1,5.93746E+20,5.90018E+21,1.04048E+16,5.32426E+16
135880,3.1712E+18,3,2,41,1,2017,12,1,1,3,1,5,1,1,0,0,0,2,1,5.50712E+20,5.80377E+21,9.74505E+15,5.23818E+16
135881,3.1712E+18,3,2,41,1,2017,12,14,1,3,6,4,0,1,1,0,0,0,1,5.53153E+20,5.80708E+21,9.78145E+15,5.24114E+16
135882,3.1712E+18,3,2,41,1,2017,12,3,1,2,6,4,0,1,1,0,0,2,1,5.5058E+20,5.80353E+21,9.74308E+15,5.23797E+16