OBJECTID,UIDENTSTLA,ULAND,UREGBEZ,UKREIS,UGEMEINDE,UJAHR,UMONAT,USTUNDE,UWOCHENTAG,UKATEGORIE,UART,UTYP1,IstRad,IstPKW,IstFuss,IstKrad,IstSonstig,LICHT,STRZUSTAND,LINREFX,LINREFY,XGCSWGS84,YGCSWGS84
135883,3.1712E+18,3,1,55,13,2017,12,14,1,3,5,3,0,1,0,0,0,0,2,5.59276E+20,5.74144E+21,9.86002E+15,5.18207E+16
135884,3.1712E+18,3,2,57,32,2017,12,13,1,3,0,1,0,0,0,1,0,0,1,5.23718E+20,5.79501E+21,9.34786E+15,5.2305E+16
135885,3.1712E+18,3,1,57,6,2017,12,8,1,3,8,1,0,0,0,0,1,0,2,5.85841E+20,5.79701E+21,1.02593E+16,5.23167E+16
135886,3.1712E+18,3,1,51,27,2017,12,3,1,2,6,7,0,1,1,0,0,2,2,5.9751E+20,5.79981E+21,1.04313E+16,5.23399E+16
135887,3.1712E+18,3,1,1,0,2017,12,1,1,3,4,6,1,1,0,0,0,2,0,6.03594E+20,5.79112E+21,1.05179E+16,5.22607E+16
135888,3.1712E+18,3,4,4,0,2017,12,7,7,2,5,3,1,1,0,0,0,1,0,4.35636E+20,5.7913E+21,8.05678E+15,5.22683E+16
135889,3.1712E+18,3,4,54,29,2017,12,3,7,3,9,1,0,1,0,0,0,2,0,3.87572E+20,5.8586E+21,7.32986E+15,5.28653E+16
135890,3.1712E+18,3,4,54,32,2017,12,12,7,2,5,3,0,1,0,0,0,0,1,3.89852E+20,5.82228E+21,7.37587E+15,5.25395E+16
135891,3.1712E+18,3,4,52,19,2017,12,14,7,2,0,7,0,1,0,0,0,0,0,3.81583E+20,5.93912E+21,7.21103E+15,5.35876E+16
135892,3.1712E+18,3,4,60,9,2017,12,11,7,3,2,6,0,1,0,0,0,0,0,4.50284E+20,5.84274E+21,8.26374E+15,5.27323E+16
135893,3.1712E+18,3,4,60,9,2017,12,7,7,3,5,3,0,1,0,0,0,2,0,4.5164E+20,5.84362E+21,8.28368E+15,5.27403E+16
135894,3.1712E+18,3,3,53,29,2017,12,12,7,3,5,3,1,1,0,0,0,0,0,5.6064E+20,5.91839E+21,9.91229E+15,5.3411E+16
135895,3.1712E+18,3,2,41,1,2017,12,2,7,3,5,3,0,1,0,0,0,2,1,5.49368E+20,5.80554E+21,9.72558E+15,5.23978E+16
135896,3.1712E+18,3,2,41,1,2017,12,19,7,3,1,5,1,1,0,0,0,2,0,5.50189E+20,5.80263E+21,9.73721E+15,5.23717E+16
135897,3.1712E+18,3,1,3,0,2017,12,21,7,3,8,1,0,1,0,0,0,2,0,6.19326E+20,5.80951E+21,1.07548E+16,5.24228E+16
135898,3.1712E+18,3,1,3,0,2017,12,18,7,3,6,4,0,1,1,0,0,2,0,6.22386E+20,5.81242E+21,1.08009E+16,5.24483E+16
135899,3.1712E+18,3,1,3,0,2017,12,14,7,3,8,7,0,1,0,0,0,0,0,6.22422E+20,5.81177E+21,1.08011E+16,5.24424E+16
135900,3.1712E+18,3,1,1,0,2017,12,22,7,3,1,1,0,1,0,0,0,2,0,6.04983E+20,5.78822E+21,1.05373E+16,5.22343E+16
135901,3.1712E+18,3,1,1,0,2017,12,12,7,3,5,3,1,1,0,0,0,0,0,6.03967E+20,5.79398E+21,1.05242E+16,5.22863E+16
135902,3.1712E+18,3,4,59,33,2017,12,17,6,3,0,5,0,1,0,0,0,2,0,4.29493E+20,5.80037E+21,7.96487E+15,5.2349E+16
135903,3.1712E+18,3,4,4,0,2017,12,22,6,3,5,3,0,1,0,0,0,2,0,4.33265E+20,5.78773E+21,8.02275E+15,5.22359E+16
135904,3.1712E+18,3,4,57,13,2017,12,17,6,3,2,2,0,1,0,0,0,2,0,3.97484E+20,5.89914E+21,7.46413E+15,5.32317E+16
135905,3.1712E+18,3,4,54,57,2017,12,14,6,3,5,7,0,0,0,0,1,0,0,4.10324E+20,5.85794E+21,7.66791E+15,5.28637E+16
135906,3.1712E+18,3,4,54,8,2017,12,16,6,3,5,3,0,1,0,0,0,1,0,3.88643E+20,5.86885E+21,7.34225E+15,5.29577E+16
135907,3.1712E+18,3,4,56,1,2017,12,14,6,3,4,6,0,1,0,1,0,0,1,3.7002E+20,5.79581E+21,7.09391E+15,5.22972E+16
135908,3.1712E+18,3,4,56,15,2017,12,17,6,3,5,3,0,1,0,0,0,2,0,3.69738E+20,5.81046E+21,7.08409E+15,5.24288E+16
135909,3.1712E+18,3,4,56,15,2017,12,17,6,2,6,4,0,1,1,0,0,2,0,3.68836E+20,5.81149E+21,7.07043E+15,5.24378E+16
135910,3.1712E+18,3,4,56,15,2017,12,14,6,3,1,7,0,1,0,0,0,0,0,3.68918E+20,5.81103E+21,7.0718E+15,5.24338E+16
135911,3.1712E+18,3,4,54,18,2017,12,13,6,3,5,3,1,1,0,0,0,0,0,3.82118E+20,5.85037E+21,7.25185E+15,5.27903E+16
135912,3.1712E+18,3,4,52,19,2017,12,12,6,3,2,6,1,0,0,1,0,0,1,3.80611E+20,5.94062E+21,7.19577E+15,5.36008E+16
135913,3.1712E+18,3,4,52,19,2017,12,20,6,2,0,7,1,0,0,0,0,2,2,3.80661E+20,5.94112E+21,7.19634E+15,5.36053E+16
135914,3.1712E+18,3,4,52,19,2017,12,20,6,3,0,2,1,0,0,0,0,2,2,3.81258E+20,5.93949E+21,7.20597E+15,5.35908E+16
135915,3.1712E+18,3,4,52,1,2017,12,19,6,2,5,3,0,1,0,0,0,2,1,4.00442E+20,5.92208E+21,7.50123E+15,5.34383E+16
135916,3.1712E+18,3,4,60,2,2017,12,12,6,3,5,3,0,1,0,0,0,0,0,4.43624E+20,5.81682E+21,8.16953E+15,5.24986E+16
135917,3.1712E+18,3,4,53,8,2017,12,19,6,3,8,1,0,0,0,0,1,2,0,4.35511E+20,5.86856E+21,8.03987E+15,5.29628E+16
135918,3.1712E+18,3,4,3,0,2017,12,17,6,3,4,2,1,1,0,0,0,2,0,4.48095E+20,5.8884E+21,8.22401E+15,5.31425E+16
135919,3.1712E+18,3,4,3,0,2017,12,12,6,3,5,3,1,1,0,0,0,0,0,4.44431E+20,5.8872E+21,8.16945E+15,5.31313E+16
135920,3.1712E+18,3,2,51,41,2017,12,18,6,3,4,6,0,0,0,1,1,2,0,4.90437E+20,5.85898E+21,8.8579E+15,5.28804E+16
135921,3.1712E+18,3,4,58,14,2017,12,11,6,3,7,3,1,1,0,0,0,0,0,4.61938E+20,5.86049E+21,8.43425E+15,5.28928E+16
135922,3.1712E+18,3,4,1,0,2017,12,7,6,3,4,5,0,1,0,1,0,1,0,4.75196E+20,5.87886E+21,8.6299E+15,5.30587E+16
135923,3.1712E+18,3,3,52,11,2017,12,7,6,3,0,1,0,0,0,1,0,2,2,4.79428E+20,5.96749E+21,8.68725E+15,5.38555E+16
135924,3.1712E+18,3,3,53,40,2017,12,7,6,3,4,2,0,1,0,0,0,1,0,5.81713E+20,5.91283E+21,1.02278E+16,5.33583E+16
135925,3.1712E+18,3,3,53,5,2017,12,12,6,3,3,2,1,1,0,0,0,0,0,5.57234E+20,5.90871E+21,9.8593E+15,5.33245E+16
135926,3.1712E+18,3,3,59,13,2017,12,15,6,3,4,1,0,1,0,0,0,0,1,5.25368E+20,5.9509E+21,9.3843E+15,5.37062E+16
135927,3.1712E+18,3,3,55,22,2017,12,13,6,3,4,2,0,1,0,0,0,0,0,5.94324E+20,5.9021E+21,1.0414E+16,5.32598E+16
135928,3.1712E+18,3,3,55,22,2017,12,20,6,3,2,2,0,1,0,0,0,2,0,5.93429E+20,5.90125E+21,1.04004E+16,5.32522E+16
135929,3.1712E+18,3,3,55,22,2017,12,6,6,3,2,6,0,1,0,1,0,2,1,5.96824E+20,5.90058E+21,1.04511E+16,5.32457E+16
135930,3.1712E+18,3,2,41,1,2017,12,18,6,3,6,2,0,1,1,0,0,2,0,5.53166E+20,5.79786E+21,9.78018E+15,5.23284E+16
135931,3.1712E+18,3,2,41,1,2017,12,11,6,3,0,7,1,0,0,0,0,0,1,5.49786E+20,5.80641E+21,9.73185E+15,5.24057E+16
135932,3.1712E+18,3,2,41,17,2017,12,5,6,3,0,1,1,0,0,0,0,2,1,5.37473E+20,5.78432E+21,9.5484E+15,5.22081E+16
135933,3.1712E+18,3,2,41,11,2017,12,7,6,3,5,2,1,1,0,0,0,2,0,5.61556E+20,5.80328E+21,9.90427E+15,5.23763E+16
135934,3.1712E+18,3,2,41,11,2017,12,7,6,3,5,2,1,1,0,0,0,1,0,5.66833E+20,5.80378E+21,9.98187E+15,5.23802E+16
135935,3.1712E+18,3,2,41,10,2017,12,13,6,3,5,3,0,1,0,1,0,0,1,5.49516E+20,5.80912E+21,9.72828E+15,5.243E+16
135936,3.1712E+18,3,2,41,1,2017,12,15,6,3,2,6,0,1,0,0,0,0,1,5.52624E+20,5.80559E+21,9.77343E+15,5.2398E+16
135937,3.1712E+18,3,2,41,1,2017,12,9,6,1,6,4,0,0,1,0,1,0,0,5.49239E+20,5.80433E+21,9.72351E+15,5.2387E+16
135938,3.1712E+18,3,1,55,13,2017,12,10,6,3,6,7,1,0,1,0,0,0,1,5.59749E+20,5.74108E+21,9.86682E+15,5.18174E+16
135939,3.1712E+18,3,1,55,10,2017,12,16,6,3,1,5,0,1,0,1,0,2,0,5.64745E+20,5.71925E+21,9.93523E+15,5.16205E+16
135940,3.1712E+18,3,1,55,11,2017,12,16,6,3,6,4,0,1,1,0,0,2,0,5.69012E+20,5.7285E+21,9.99869E+15,5.17032E+16
135941,3.1712E+18,3,1,55,11,2017,12,11,6,3,3,7,0,1,0,0,0,0,0,5.67576E+20,5.73096E+21,9.97838E+15,5.17255E+16
135942,3.1712E+18,3,2,54,21,2017,12,20,6,3,5,3,1,1,0,0,0,2,1,5.63867E+20,5.77875E+21,9.93357E+15,5.21555E+16
135943,3.1712E+18,3,2,55,23,2017,12,19,6,3,4,2,0,1,0,0,0,2,1,5.32207E+20,5.74321E+21,9.46747E+15,5.18388E+16
135944,3.1712E+18,3,1,59,16,2017,12,16,6,3,3,2,1,1,0,0,0,2,1,5.65113E+20,5.70912E+21,9.93867E+15,5.15294E+16
135945,3.1712E+18,3,1,59,16,2017,12,8,6,3,2,6,0,1,1,0,0,0,1,5.64347E+20,5.70974E+21,9.92775E+15,5.15351E+16
135946,3.1712E+18,3,1,59,16,2017,12,6,6,3,5,2,1,1,0,0,0,2,1,5.63583E+20,5.71042E+21,9.91686E+15,5.15413E+16
135947,3.1712E+18,3,1,1,0,2017,12,13,6,3,5,3,1,1,0,0,0,0,0,6.05537E+20,5.79104E+21,1.05463E+16,5.22596E+16
135948,3.1712E+18,3,1,1,0,2017,12,8,6,3,5,2,0,1,0,0,0,0,0,6.03594E+20,5.79068E+21,1.05178E+16,5.22567E+16
135949,3.17113E+18,3,4,59,14,2017,11,19,5,3,5,3,1,1,0,0,0,2,0,4.3079E+20,5.80681E+21,7.98258E+15,5.24071E+16
135950,3.17113E+18,3,4,4,0,2017,11,14,5,3,2,6,0,1,0,0,0,0,0,4.33243E+20,5.79372E+21,8.02124E+15,5.22898E+16
135951,3.17113E+18,3,4,4,0,2017,11,10,5,3,5,3,1,1,0,0,0,0,0,4.33088E+20,5.79224E+21,8.01926E+15,5.22764E+16
135952,3.17113E+18,3,4,4,0,2017,11,7,5,3,6,2,0,1,1,0,0,2,1,4.35731E+20,5.79088E+21,8.05825E+15,5.22646E+16
135953,3.17113E+18,3,4,2,0,2017,11,16,5,3,5,3,1,1,0,0,0,1,1,3.81494E+20,5.91501E+21,7.21877E+15,5.33709E+16
135954,3.17113E+18,3,4,2,0,2017,11,22,5,3,5,3,0,1,0,0,1,2,0,3.78437E+20,5.91344E+21,7.17347E+15,5.33561E+16
135955,3.17113E+18,3,4,56,15,2017,11,15,5,3,5,3,0,0,0,1,1,0,0,3.68288E+20,5.81239E+21,7.06202E+15,5.24458E+16
135956,3.17113E+18,3,4,54,35,2017,11,16,5,3,4,2,0,1,0,0,0,1,0,3.84985E+20,5.83832E+21,7.29857E+15,5.26826E+16
135957,3.17113E+18,3,4,54,32,2017,11,6,5,3,5,3,1,1,0,0,0,2,0,3.86378E+20,5.81648E+21,7.32666E+15,5.24866E+16
135958,3.17113E+18,3,4,52,1,2017,11,14,5,2,1,5,1,0,0,0,1,0,0,3.97604E+20,5.92548E+21,7.45741E+15,5.34684E+16
135959,3.17113E+18,3,4,60,4,2017,11,5,5,3,9,1,0,1,0,0,0,2,1,4.57834E+20,5.84579E+21,8.37514E+15,5.27603E+16
135960,3.17113E+18,3,4,55,15,2017,11,7,5,3,4,5,1,1,0,0,0,2,1,4.3018E+20,5.93184E+21,7.94665E+15,5.35308E+16
135961,3.17113E+18,3,3,61,13,2017,11,17,5,3,0,7,0,1,1,0,0,2,1,4.99161E+20,5.86738E+21,8.98752E+15,5.2956E+16
135962,3.17113E+18,3,4,3,0,2017,11,20,5,3,3,2,0,1,0,0,0,2,1,4.47758E+20,5.89314E+21,8.2182E+15,5.31851E+16
135963,3.17113E+18,3,4,3,0,2017,11,10,5,3,0,7,0,0,0,0,1,0,0,4.4654E+20,5.88993E+21,8.20051E+15,5.3156E+16
135964,3.17113E+18,3,4,3,0,2017,11,11,5,3,5,3,1,1,0,0,0,0,1,4.44286E+20,5.88769E+21,8.16719E+15,5.31357E+16
135965,3.17113E+18,3,4,58,5,2017,11,18,5,3,5,3,0,1,0,0,0,2,1,4.67775E+20,5.8763E+21,8.51942E+15,5.30352E+16
135966,3.17113E+18,3,4,58,14,2017,11,16,5,3,5,3,1,1,0,0,0,1,1,4.61563E+20,5.85982E+21,8.42875E+15,5.28867E+16
135967,3.17113E+18,3,4,1,0,2017,11,18,5,3,5,2,0,1,0,0,0,2,1,4.75687E+20,5.88003E+21,8.63713E+15,5.30692E+16
135968,3.17113E+18,3,3,53,40,2017,11,16,5,2,4,2,0,1,0,1,0,2,1,5.80471E+20,5.91326E+21,1.02093E+16,5.33624E+16
135969,3.17113E+18,3,3,53,5,2017,11,4,5,3,3,6,1,1,0,0,0,2,0,5.53311E+20,5.9071E+21,9.80014E+15,5.33104E+16
135970,3.17113E+18,3,3,59,10,2017,11,8,5,3,1,5,0,1,0,0,1,1,1,5.4463E+20,5.92369E+21,9.6722E+15,5.34603E+16
135971,3.17113E+18,3,3,59,38,2017,11,14,5,3,6,4,0,1,1,0,0,0,0,5.27868E+20,5.93746E+21,9.42097E+15,5.35853E+16
135972,3.17113E+18,3,2,41,1,2017,11,18,5,3,5,3,0,1,0,1,0,2,0,5.51419E+20,5.80498E+21,9.75564E+15,5.23926E+16
135973,3.17113E+18,3,2,41,11,2017,11,19,5,3,0,5,1,1,0,0,0,2,0,5.66301E+20,5.80615E+21,9.97453E+15,5.24016E+16
135974,3.17113E+18,3,2,41,10,2017,11,19,5,3,2,6,0,1,0,0,0,2,0,5.502E+20,5.81008E+21,9.73848E+15,5.24386E+16
135975,3.17113E+18,3,2,41,3,2017,11,16,5,3,0,4,1,0,1,0,0,1,1,5.67967E+20,5.81215E+21,1.00002E+16,5.24553E+16
135976,3.17113E+18,3,2,41,3,2017,11,7,5,3,5,3,1,0,0,0,1,2,1,5.68329E+20,5.81134E+21,1.00054E+16,5.2448E+16
135977,3.17113E+18,3,2,41,20,2017,11,18,5,2,6,4,0,1,1,0,0,2,1,5.38688E+20,5.79319E+21,9.56719E+15,5.22877E+16
135978,3.17113E+18,3,2,41,1,2017,11,8,5,3,6,4,0,0,1,0,1,0,0,5.512E+20,5.80262E+21,9.75205E+15,5.23715E+16
135979,3.17113E+18,3,2,41,1,2017,11,7,5,3,0,3,0,1,0,0,1,2,1,5.48138E+20,5.80282E+21,9.7071E+15,5.23735E+16
135980,3.17113E+18,3,1,55,12,2017,11,18,5,3,6,4,0,1,1,0,0,2,2,5.438E+20,5.72329E+21,9.63321E+15,5.16589E+16
135981,3.17113E+18,3,1,55,11,2017,11,7,5,3,6,2,0,1,1,0,0,2,0,5.6936E+20,5.7292E+21,1.00039E+16,5.17094E+16
135982,3.17113E+18,3,2,56,30,2017,11,9,5,2,5,3,1,1,0,0,0,0,0,4.95589E+20,5.82846E+21,8.93487E+15,5.26061E+16
135983,3.17113E+18,3,2,57,31,2017,11,14,5,3,0,3,0,1,0,1,0,0,1,5.06039E+20,5.77986E+21,9.08831E+15,5.21691E+16
135984,3.17113E+18,3,2,56,22,2017,11,21,5,2,6,4,0,1,1,0,0,2,0,5.16E+20,5.8303E+21,9.23635E+15,5.26225E+16
135985,3.17113E+18,3,2,55,23,2017,11,10,5,2,3,6,1,1,0,0,0,0,0,5.30942E+20,5.74231E+21,9.44903E+15,5.18308E+16
135986,3.17113E+18,3,2,52,3,2017,11,17,5,3,9,1,0,1,0,0,0,2,1,5.19276E+20,5.75531E+21,9.28046E+15,5.19482E+16
135987,3.17113E+18,3,1,59,16,2017,11,13,5,3,5,3,1,1,0,0,0,0,0,5.64377E+20,5.70973E+21,9.92817E+15,5.1535E+16
135988,3.17113E+18,3,1,3,0,2017,11,19,5,3,5,2,1,1,0,0,0,2,1,6.25108E+20,5.81134E+21,1.08405E+16,5.24379E+16
135989,3.17113E+18,3,1,3,0,2017,11,19,5,3,5,3,1,1,0,0,0,2,0,6.21777E+20,5.80952E+21,1.07908E+16,5.24223E+16
135990,3.17113E+18,3,1,58,37,2017,11,15,5,3,2,6,0,1,0,0,1,0,0,6.0034E+20,5.77828E+21,1.04664E+16,5.21459E+16
135991,3.17113E+18,3,1,1,0,2017,11,16,5,3,9,1,0,1,0,0,0,1,2,6.03317E+20,5.79627E+21,1.05154E+16,5.2307E+16
135992,3.17113E+18,3,1,1,0,2017,11,11,5,3,2,6,0,1,0,0,0,0,0,6.03335E+20,5.79184E+21,1.05143E+16,5.22672E+16
135993,3.17113E+18,3,4,4,0,2017,11,9,4,3,4,7,1,0,0,0,0,0,1,4.34767E+20,5.79191E+21,8.04393E+15,5.22736E+16
135994,3.17113E+18,3,4,4,0,2017,11,7,4,3,3,2,1,1,0,0,0,1,1,4.33349E+20,5.79415E+21,8.02271E+15,5.22936E+16
135995,3.17113E+18,3,4,54,41,2017,11,15,4,2,6,6,0,1,1,0,0,0,0,3.92641E+20,5.88213E+21,7.39732E+15,5.30778E+16
135996,3.17113E+18,3,4,54,41,2017,11,18,4,3,5,3,1,1,0,0,0,2,1,3.92087E+20,5.88259E+21,7.3889E+15,5.30819E+16
135997,3.17113E+18,3,4,52,1,2017,11,18,4,3,4,2,0,1,0,0,0,2,1,3.99112E+20,5.92531E+21,7.48017E+15,5.34672E+16
135998,3.17113E+18,3,4,60,9,2017,11,8,4,3,5,3,1,0,0,0,0,0,1,4.49441E+20,5.84855E+21,8.25036E+15,5.27844E+16
135999,3.17113E+18,3,4,53,4,2017,11,9,4,3,5,2,1,1,0,0,0,0,1,4.35838E+20,5.85547E+21,8.04732E+15,5.28451E+16
136000,3.17113E+18,3,4,5,0,2017,11,19,4,3,9,7,0,1,0,0,0,2,1,4.41243E+20,5.93111E+21,8.11366E+15,5.35256E+16
136001,3.17113E+18,3,3,61,12,2017,11,17,4,3,5,3,0,1,0,0,0,2,0,5.15888E+20,5.86299E+21,9.23629E+15,5.29164E+16
136002,3.17113E+18,3,3,52,11,2017,11,18,4,3,6,4,0,1,1,0,0,2,1,4.78982E+20,5.96891E+21,8.68036E+15,5.38682E+16
136003,3.17113E+18,3,3,59,38,2017,11,13,4,3,5,3,0,1,0,0,0,0,0,5.31328E+20,5.93865E+21,9.47335E+15,5.35958E+16
136004,3.17113E+18,3,3,58,22,2017,11,12,4,3,6,4,0,1,1,0,0,0,0,5.3962E+20,5.85729E+21,9.58852E+15,5.28639E+16
136005,3.17113E+18,3,3,55,22,2017,11,7,4,3,5,3,1,0,0,0,0,2,1,5.93884E+20,5.90051E+21,1.0407E+16,5.32455E+16
136006,3.17113E+18,3,3,51,6,2017,11,12,4,3,4,2,0,1,0,0,0,0,0,5.72032E+20,5.82903E+21,1.00637E+16,5.26065E+16
136007,3.17113E+18,3,2,41,1,2017,11,12,4,3,5,3,1,0,0,0,0,0,0,5.58115E+20,5.80483E+21,9.854E+15,5.23906E+16
136008,3.17113E+18,3,1,59,34,2017,11,13,4,3,5,3,0,1,0,1,0,0,0,5.43263E+20,5.68829E+21,9.62116E+15,5.13443E+16
136009,3.17113E+18,3,1,59,16,2017,11,18,4,3,5,3,1,1,0,0,0,2,1,5.63962E+20,5.7097E+21,9.92219E+15,5.15347E+16
136010,3.17113E+18,3,1,59,16,2017,11,11,4,3,5,3,1,0,0,0,0,0,1,5.6481E+20,5.70995E+21,9.93445E+15,5.15369E+16
136011,3.17113E+18,3,1,59,16,2017,11,7,4,3,5,2,1,1,0,0,0,1,0,5.64465E+20,5.71006E+21,9.92949E+15,5.15379E+16
136012,3.17113E+18,3,1,54,14,2017,11,17,4,3,5,2,1,1,0,0,0,2,0,6.13664E+20,5.79891E+21,1.0668E+16,5.23287E+16
136013,3.17113E+18,3,1,3,0,2017,11,8,4,3,5,3,1,1,0,0,0,1,0,6.15403E+20,5.80901E+21,1.0697E+16,5.24192E+16
136014,3.17113E+18,3,1,3,0,2017,11,7,4,3,6,4,0,1,1,0,0,1,0,6.23049E+20,5.81219E+21,1.08105E+16,5.24461E+16
136015,3.17113E+18,3,1,3,0,2017,11,7,4,3,5,3,1,1,0,0,0,1,2,6.20779E+20,5.80764E+21,1.07755E+16,5.24056E+16
136016,3.17113E+18,3,1,1,0,2017,11,23,4,2,6,4,0,1,1,0,0,2,0,6.03455E+20,5.79102E+21,1.05158E+16,5.22598E+16
136017,3.17113E+18,3,1,1,0,2017,11,12,4,3,5,2,1,1,0,0,0,0,1,6.01942E+20,5.79223E+21,1.0494E+16,5.2271E+16
136018,3.17113E+18,3,1,1,0,2017,11,7,4,3,0,7,1,0,0,0,0,2,2,6.04692E+20,5.79301E+21,1.05345E+16,5.22775E+16
136019,3.17113E+18,3,1,1,0,2017,11,5,4,3,0,1,0,0,0,1,0,2,2,6.04645E+20,5.79511E+21,1.05345E+16,5.22963E+16
136020,3.17113E+18,3,4,4,0,2017,11,8,3,3,5,3,0,1,0,0,0,0,1,4.33863E+20,5.78724E+21,8.0316E+15,5.22316E+16
136021,3.17113E+18,3,4,57,13,2017,11,17,3,2,5,3,1,1,0,0,0,2,1,4.00154E+20,5.90023E+21,7.50379E+15,5.32419E+16
136022,3.17113E+18,3,4,54,8,2017,11,17,3,3,5,3,1,1,0,0,0,0,1,3.89969E+20,5.87034E+21,7.36146E+15,5.29714E+16
136023,3.17113E+18,3,4,54,19,2017,11,12,3,2,5,3,1,1,0,0,0,0,0,3.97061E+20,5.83666E+21,7.47766E+15,5.26701E+16
136024,3.17113E+18,3,4,54,35,2017,11,18,3,3,5,3,1,1,0,0,0,2,0,3.84285E+20,5.84058E+21,7.28742E+15,5.27028E+16
136025,3.17113E+18,3,4,54,14,2017,11,14,3,3,5,3,0,1,0,1,0,0,0,3.80497E+20,5.83067E+21,7.23498E+15,5.26129E+16
136026,3.17113E+18,3,4,54,32,2017,11,17,3,3,2,6,0,1,0,0,0,2,0,3.86304E+20,5.8182E+21,7.32497E+15,5.2502E+16
136027,3.17113E+18,3,4,52,13,2017,11,10,3,1,0,1,1,0,0,0,0,0,1,3.67603E+20,5.94951E+21,6.99553E+15,5.36776E+16
136028,3.17113E+18,3,4,52,19,2017,11,16,3,2,0,7,1,0,0,0,0,1,1,3.80969E+20,5.94003E+21,7.2014E+15,5.35956E+16
136029,3.17113E+18,3,4,5,0,2017,11,17,3,3,4,2,0,1,0,0,0,2,1,4.40411E+20,5.93564E+21,8.10024E+15,5.35662E+16
136030,3.17113E+18,3,4,61,7,2017,11,16,3,3,5,3,1,1,0,0,0,2,1,4.64837E+20,5.92687E+21,8.47003E+15,5.34896E+16
136031,3.17113E+18,3,4,61,7,2017,11,14,3,3,2,6,0,1,0,0,0,0,1,4.6365E+20,5.92569E+21,8.45227E+15,5.3479E+16
136032,3.17113E+18,3,4,61,2,2017,11,12,3,3,2,6,0,1,0,0,0,0,1,4.64077E+20,5.90859E+21,8.46066E+15,5.33253E+16
136033,3.17113E+18,3,3,59,38,2017,11,7,3,3,5,3,0,1,0,0,0,1,1,5.31682E+20,5.93839E+21,9.47868E+15,5.35934E+16
136034,3.17113E+18,3,3,58,16,2017,11,11,3,3,2,6,0,1,0,0,0,0,1,5.73252E+20,5.87129E+21,1.00912E+16,5.29862E+16
136035,3.17113E+18,3,3,57,39,2017,11,13,3,3,5,3,1,1,0,0,0,0,0,5.27111E+20,5.88491E+21,9.40503E+15,5.31129E+16
136036,3.17113E+18,3,3,60,1,2017,11,6,3,2,9,1,0,1,0,0,0,2,1,6.0956E+20,5.89014E+21,1.06383E+16,5.31494E+16
136037,3.17113E+18,3,3,60,25,2017,11,17,3,3,8,7,0,1,0,0,0,1,0,6.04706E+20,5.87008E+21,1.05592E+16,5.29701E+16
136038,3.17113E+18,3,3,55,22,2017,11,6,3,3,5,3,1,1,0,0,0,2,1,5.9841E+20,5.90098E+21,1.04749E+16,5.32489E+16
136039,3.17113E+18,3,3,55,22,2017,11,6,3,3,5,2,1,1,0,0,0,2,1,5.94317E+20,5.90117E+21,1.04137E+16,5.32514E+16
136040,3.17113E+18,3,3,51,6,2017,11,7,3,3,5,2,1,1,0,0,0,0,0,5.70693E+20,5.83052E+21,1.00442E+16,5.26201E+16
136041,3.17113E+18,3,3,51,6,2017,11,0,3,3,1,5,0,1,0,0,0,2,1,5.71736E+20,5.83043E+21,1.00596E+16,5.26191E+16
136042,3.17113E+18,3,2,41,19,2017,11,7,3,3,5,7,0,1,1,0,0,1,1,5.49183E+20,5.82212E+21,9.7253E+15,5.25469E+16
136043,3.17113E+18,3,1,55,13,2017,11,7,3,3,4,2,0,1,0,1,0,2,1,5.60223E+20,5.74149E+21,9.87377E+15,5.1821E+16
136044,3.17113E+18,3,2,57,6,2017,11,13,3,3,2,6,0,1,0,0,0,0,0,5.26525E+20,5.79935E+21,9.38937E+15,5.23438E+16
136045,3.17113E+18,3,2,55,23,2017,11,18,3,3,5,2,1,1,0,0,0,2,0,5.31375E+20,5.74156E+21,9.45525E+15,5.18239E+16
136046,3.17113E+18,3,1,3,0,2017,11,7,3,3,6,7,1,0,1,0,0,1,0,6.17898E+20,5.80678E+21,1.07329E+16,5.23986E+16
136047,3.17113E+18,3,1,2,0,2017,11,17,3,3,6,4,0,1,1,0,0,2,0,5.94023E+20,5.76829E+21,1.03714E+16,5.20572E+16
136048,3.17113E+18,3,1,2,0,2017,11,15,3,2,6,4,0,1,1,0,0,0,0,5.9416E+20,5.76799E+21,1.03733E+16,5.20545E+16
136049,3.17113E+18,3,1,2,0,2017,11,13,3,3,5,3,0,1,0,0,1,0,0,5.96661E+20,5.77743E+21,1.04124E+16,5.21389E+16
136050,3.17113E+18,3,1,1,0,2017,11,14,3,3,2,6,0,0,0,0,1,0,0,6.03148E+20,5.78944E+21,1.05108E+16,5.22456E+16
136051,3.17113E+18,3,4,59,10,2017,11,18,2,2,6,4,0,1,1,0,0,2,1,4.28867E+20,5.8225E+21,7.95097E+15,5.25479E+16
136052,3.17113E+18,3,4,4,0,2017,11,18,2,3,6,2,0,1,1,0,0,2,1,4.34837E+20,5.79042E+21,8.04524E+15,5.22603E+16
136053,3.17113E+18,3,4,4,0,2017,11,7,2,3,6,2,0,1,1,0,0,2,1,4.37493E+20,5.79249E+21,8.08376E+15,5.22792E+16
136054,3.17113E+18,3,4,2,0,2017,11,7,2,3,5,3,1,1,0,0,0,2,1,3.80687E+20,5.91449E+21,7.20685E+15,5.3366E+16