OBJECTID,UIDENTSTLA,ULAND,UREGBEZ,UKREIS,UGEMEINDE,UJAHR,UMONAT,USTUNDE,UWOCHENTAG,UKATEGORIE,UART,UTYP1,IstRad,IstPKW,IstFuss,IstKrad,IstSonstig,LICHT,STRZUSTAND,LINREFX,LINREFY,XGCSWGS84,YGCSWGS84
136226,3.17121E+18,3,3,57,11,2017,12,15,2,3,5,3,0,1,0,0,0,0,2,5.16852E+20,5.9168E+21,9.25346E+15,5.34E+16
136227,3.17121E+18,3,3,51,6,2017,12,18,2,3,7,7,1,0,0,0,1,2,2,5.68775E+20,5.82917E+21,1.00157E+16,5.26081E+16
136228,3.17121E+18,3,2,41,1,2017,12,7,2,3,5,2,1,0,0,0,1,2,1,5.4703E+20,5.79977E+21,9.69041E+15,5.23462E+16
136229,3.17121E+18,3,2,41,1,2017,12,15,2,3,2,6,0,1,0,0,0,0,2,5.50641E+20,5.80472E+21,9.74416E+15,5.23904E+16
136230,3.17121E+18,3,1,55,13,2017,12,6,2,3,0,1,0,0,0,1,0,2,2,5.59483E+20,5.74114E+21,9.86298E+15,5.18179E+16
136231,3.17121E+18,3,1,59,3,2017,12,10,2,3,9,1,0,1,0,0,0,0,2,6.00364E+20,5.71814E+21,1.04493E+16,5.16053E+16
136232,3.17121E+18,3,1,55,11,2017,12,7,2,3,4,2,0,1,0,0,0,2,1,5.67533E+20,5.72625E+21,9.97685E+15,5.16831E+16
136233,3.17121E+18,3,2,52,5,2017,12,12,2,3,5,3,0,1,0,0,0,0,2,5.2685E+20,5.76568E+21,9.39147E+15,5.20411E+16
136234,3.17121E+18,3,1,59,16,2017,12,16,2,3,6,2,0,1,1,0,0,2,1,5.64792E+20,5.70883E+21,9.93399E+15,5.15268E+16
136235,3.17121E+18,3,1,1,0,2017,12,19,2,3,0,5,1,1,0,0,0,2,1,6.02287E+20,5.79283E+21,1.04993E+16,5.22763E+16
136236,3.17121E+18,3,1,1,0,2017,12,17,2,3,6,4,0,1,1,0,0,2,1,6.03149E+20,5.7913E+21,1.05114E+16,5.22624E+16
136237,3.17121E+18,3,1,1,0,2017,12,9,2,3,5,3,1,1,0,0,0,0,0,6.0329E+20,5.79066E+21,1.05133E+16,5.22566E+16
136238,3.17121E+18,3,4,3,0,2017,12,18,1,3,5,2,0,1,0,0,0,2,2,4.4613E+20,5.89099E+21,8.1942E+15,5.31655E+16
136239,3.17121E+18,3,4,3,0,2017,12,18,1,2,6,4,0,1,1,0,0,2,2,4.47898E+20,5.88822E+21,8.22109E+15,5.31409E+16
136240,3.17121E+18,3,3,59,38,2017,12,20,1,3,3,6,0,1,0,0,0,2,1,5.31656E+20,5.93871E+21,9.47832E+15,5.35962E+16
136241,3.17121E+18,3,3,59,38,2017,12,13,1,3,1,5,0,1,0,0,0,0,0,5.31331E+20,5.93905E+21,9.47344E+15,5.35994E+16
136242,3.17121E+18,3,3,57,8,2017,12,6,1,3,6,4,0,0,1,0,1,2,1,5.09209E+20,5.92547E+21,9.13876E+15,5.34782E+16
136243,3.17121E+18,3,3,55,13,2017,12,18,1,3,8,1,0,1,0,0,0,2,2,6.12662E+20,5.89152E+21,1.06851E+16,5.31611E+16
136244,3.17121E+18,3,3,55,22,2017,12,17,1,3,5,2,0,1,0,0,0,2,1,5.93124E+20,5.89875E+21,1.03951E+16,5.32299E+16
136245,3.17121E+18,3,2,54,28,2017,12,6,1,3,6,4,0,1,1,0,0,2,1,5.58896E+20,5.78769E+21,9.86248E+15,5.22365E+16
136246,3.17121E+18,3,1,51,9,2017,12,14,1,2,1,5,0,1,0,0,0,0,1,6.05735E+20,5.81474E+21,1.05567E+16,5.24726E+16
136247,3.17121E+18,3,4,59,15,2017,12,8,7,3,4,6,0,1,0,0,0,0,2,4.44102E+20,5.77351E+21,8.18376E+15,5.21093E+16
136248,3.17121E+18,3,4,4,0,2017,12,12,7,3,6,6,0,1,1,0,0,0,1,4.34696E+20,5.79267E+21,8.04274E+15,5.22805E+16
136249,3.17121E+18,3,4,4,0,2017,12,14,7,3,5,3,1,1,0,0,0,0,1,4.36347E+20,5.79401E+21,8.06668E+15,5.22928E+16
136250,3.17121E+18,3,4,2,0,2017,12,18,7,3,6,4,0,1,1,0,0,2,1,3.80332E+20,5.9139E+21,7.20174E+15,5.33607E+16
136251,3.17121E+18,3,4,54,41,2017,12,11,7,3,5,3,0,1,0,0,1,0,1,3.95389E+20,5.88183E+21,7.43843E+15,5.30757E+16
136252,3.17121E+18,3,4,56,25,2017,12,23,7,3,8,1,0,1,0,0,0,2,1,3.70922E+20,5.82151E+21,7.09721E+15,5.25284E+16
136253,3.17121E+18,3,4,56,15,2017,12,2,7,3,0,1,0,1,0,0,0,2,2,3.68761E+20,5.81101E+21,7.0695E+15,5.24336E+16
136254,3.17121E+18,3,4,54,32,2017,12,9,7,3,5,3,1,1,0,0,0,0,2,3.86558E+20,5.81955E+21,7.32827E+15,5.25142E+16
136255,3.17121E+18,3,4,53,7,2017,12,12,7,3,2,2,0,1,0,0,0,0,1,4.23331E+20,5.87537E+21,7.85696E+15,5.30223E+16
136256,3.17121E+18,3,4,5,0,2017,12,13,7,3,5,3,0,1,0,0,0,0,0,4.40705E+20,5.93101E+21,8.10557E+15,5.35247E+16
136257,3.17121E+18,3,4,51,2,2017,12,15,7,2,4,6,0,1,0,0,0,0,1,4.3448E+20,5.89274E+21,8.0196E+15,5.31799E+16
136258,3.17121E+18,3,4,3,0,2017,12,12,7,3,5,3,1,1,0,0,0,0,1,4.47041E+20,5.88393E+21,8.209E+15,5.31022E+16
136259,3.17121E+18,3,4,3,0,2017,12,10,7,3,5,3,1,1,0,0,0,0,1,4.44283E+20,5.89045E+21,8.16667E+15,5.31605E+16
136260,3.17121E+18,3,4,3,0,2017,12,5,7,3,1,5,1,1,0,0,0,2,2,4.47054E+20,5.88958E+21,8.20826E+15,5.3153E+16
136261,3.17121E+18,3,2,51,7,2017,12,20,7,3,2,6,0,1,0,0,0,2,0,4.81488E+20,5.85534E+21,8.72512E+15,5.28475E+16
136262,3.17121E+18,3,3,55,22,2017,12,15,7,3,5,3,1,1,0,0,0,0,1,5.94211E+20,5.90119E+21,1.04121E+16,5.32516E+16
136263,3.17121E+18,3,3,55,22,2017,12,18,7,3,2,6,0,1,0,0,1,2,1,5.93548E+20,5.90378E+21,1.04029E+16,5.3275E+16
136264,3.17121E+18,3,2,41,1,2017,12,23,7,3,8,7,0,1,0,0,0,2,1,5.50474E+20,5.80138E+21,9.7412E+15,5.23603E+16
136265,3.17121E+18,3,2,41,1,2017,12,19,7,3,5,3,1,1,0,0,0,2,1,5.49598E+20,5.80122E+21,9.72831E+15,5.2359E+16
136266,3.17121E+18,3,2,41,5,2017,12,13,7,3,5,3,0,1,0,0,0,0,1,5.41734E+20,5.80972E+21,9.6139E+15,5.24361E+16
136267,3.17121E+18,3,2,41,5,2017,12,8,7,3,5,3,1,1,0,0,0,2,1,5.36013E+20,5.81238E+21,9.53004E+15,5.24604E+16
136268,3.17121E+18,3,2,41,9,2017,12,18,7,3,6,4,0,1,1,0,0,2,1,5.54005E+20,5.79674E+21,9.7923E+15,5.23183E+16
136269,3.17121E+18,3,2,41,18,2017,12,12,7,3,8,1,0,0,0,0,1,0,1,5.79393E+20,5.81294E+21,1.01685E+16,5.24609E+16
136270,3.17121E+18,3,2,41,1,2017,12,14,7,2,0,3,0,1,0,1,0,0,1,5.48648E+20,5.80202E+21,9.71449E+15,5.23663E+16
136271,3.17121E+18,3,1,59,20,2017,12,17,7,2,5,3,0,1,0,0,1,2,1,5.90188E+20,5.72581E+21,1.03043E+16,5.1676E+16
136272,3.17121E+18,3,2,55,23,2017,12,20,7,3,6,2,0,1,1,0,0,2,1,5.33218E+20,5.74187E+21,9.48201E+15,5.18267E+16
136273,3.17121E+18,3,2,52,6,2017,12,17,7,2,5,3,1,1,0,0,0,2,1,5.24589E+20,5.77346E+21,9.35906E+15,5.21112E+16
136274,3.17121E+18,3,1,1,0,2017,12,0,7,3,2,6,0,1,0,0,0,2,2,6.03171E+20,5.79062E+21,1.05115E+16,5.22563E+16
136275,3.17121E+18,3,4,54,41,2017,12,11,6,3,2,2,0,1,0,0,0,0,1,3.93992E+20,5.88165E+21,7.41764E+15,5.30738E+16
136276,3.17121E+18,3,4,56,15,2017,12,13,6,3,5,2,1,1,0,0,0,0,1,3.67468E+20,5.81053E+21,7.05069E+15,5.24289E+16
136277,3.17121E+18,3,4,54,18,2017,12,21,6,2,7,7,0,1,0,0,0,2,2,3.76116E+20,5.8515E+21,7.16246E+15,5.27991E+16
136278,3.17121E+18,3,4,54,35,2017,12,13,6,3,5,3,1,1,0,0,0,0,0,3.87681E+20,5.83963E+21,7.33799E+15,5.26949E+16
136279,3.17121E+18,3,4,52,1,2017,12,7,6,2,5,2,1,1,0,0,0,2,1,3.99633E+20,5.92604E+21,7.48779E+15,5.34738E+16
136280,3.17121E+18,3,4,60,4,2017,12,18,6,3,1,5,0,1,0,0,0,2,1,4.61763E+20,5.84894E+21,8.433E+15,5.27889E+16
136281,3.17121E+18,3,4,53,4,2017,12,7,6,3,5,3,1,1,0,0,0,1,1,4.35399E+20,5.85531E+21,8.04084E+15,5.28437E+16
136282,3.17121E+18,3,4,55,15,2017,12,19,6,3,8,1,0,1,0,0,0,2,2,4.34848E+20,5.9308E+21,8.01727E+15,5.35221E+16
136283,3.17121E+18,3,4,5,0,2017,12,19,6,3,1,5,0,1,0,0,0,2,1,4.38508E+20,5.93224E+21,8.07219E+15,5.35354E+16
136284,3.17121E+18,3,3,56,7,2017,12,13,6,3,5,3,0,1,0,0,0,0,1,4.8618E+20,5.89717E+21,8.793E+15,5.32236E+16
136285,3.17121E+18,3,3,61,12,2017,12,21,6,3,0,5,1,1,0,0,0,2,1,5.15909E+20,5.86316E+21,9.23661E+15,5.29178E+16
136286,3.17121E+18,3,4,51,7,2017,12,14,6,3,9,1,0,1,0,0,0,0,2,4.35212E+20,5.90378E+21,8.0283E+15,5.32793E+16
136287,3.17121E+18,3,4,3,0,2017,12,17,6,3,5,2,1,1,0,0,0,2,1,4.48331E+20,5.88689E+21,8.22778E+15,5.31289E+16
136288,3.17121E+18,3,4,3,0,2017,12,15,6,3,5,3,0,1,0,0,0,0,1,4.46469E+20,5.8892E+21,8.19956E+15,5.31495E+16
136289,3.17121E+18,3,4,3,0,2017,12,12,6,3,5,3,1,1,0,0,0,0,1,4.46875E+20,5.88827E+21,8.2058E+15,5.31412E+16
136290,3.17121E+18,3,4,61,4,2017,12,11,6,3,5,3,1,1,0,0,0,0,1,4.64377E+20,5.89937E+21,8.46619E+15,5.32424E+16
136291,3.17121E+18,3,3,59,38,2017,12,20,6,3,8,1,0,1,0,0,0,2,2,5.32459E+20,5.93936E+21,9.49051E+15,5.36021E+16
136292,3.17121E+18,3,3,58,19,2017,12,20,6,3,5,3,0,1,0,0,0,2,2,5.53029E+20,5.88562E+21,9.79233E+15,5.31174E+16
136293,3.17121E+18,3,3,57,57,2017,12,7,6,2,6,6,0,0,1,1,0,1,1,5.18827E+20,5.90501E+21,9.28246E+15,5.3294E+16
136294,3.17121E+18,3,3,54,22,2017,12,17,6,3,4,6,1,1,0,0,0,2,1,6.26898E+20,5.86093E+21,1.08859E+16,5.28831E+16
136295,3.17121E+18,3,3,51,6,2017,12,16,6,3,5,3,0,1,0,0,0,2,1,5.71248E+20,5.82989E+21,1.00523E+16,5.26143E+16
136296,3.17121E+18,3,3,51,6,2017,12,15,6,3,5,3,1,1,0,0,0,0,1,5.71941E+20,5.83027E+21,1.00626E+16,5.26176E+16
136297,3.17121E+18,3,3,51,6,2017,12,13,6,3,5,3,0,1,0,0,0,0,1,5.73064E+20,5.8336E+21,1.008E+16,5.26474E+16
136298,3.17121E+18,3,2,41,1,2017,12,8,6,3,5,3,1,0,0,0,1,0,0,5.46516E+20,5.80703E+21,9.68386E+15,5.24115E+16
136299,3.17121E+18,3,2,41,1,2017,12,21,6,3,5,3,1,1,0,0,0,2,0,5.48218E+20,5.80212E+21,9.70819E+15,5.23672E+16
136300,3.17121E+18,3,2,41,21,2017,12,5,6,3,4,2,0,1,0,0,1,2,1,5.31432E+20,5.8071E+21,9.46212E+15,5.24133E+16
136301,3.17121E+18,3,2,41,7,2017,12,13,6,3,6,4,0,1,1,0,0,0,0,5.49485E+20,5.79759E+21,9.72612E+15,5.23264E+16
136302,3.17121E+18,3,2,41,6,2017,12,16,6,3,5,3,0,1,0,0,0,2,0,5.40852E+20,5.79643E+21,9.59931E+15,5.23167E+16
136303,3.17121E+18,3,2,41,7,2017,12,15,6,3,5,3,1,1,0,0,0,0,1,5.49444E+20,5.79747E+21,9.7255E+15,5.23253E+16
136304,3.17121E+18,3,2,54,21,2017,12,15,6,3,5,3,1,1,0,0,0,1,1,5.65531E+20,5.77862E+21,9.95786E+15,5.21542E+16
136305,3.17121E+18,3,2,52,6,2017,12,7,6,3,6,4,0,0,1,0,1,1,1,5.24893E+20,5.7722E+21,9.36342E+15,5.20998E+16
136306,3.17121E+18,3,1,2,0,2017,12,17,6,3,6,2,0,1,1,0,0,2,1,5.9125E+20,5.77909E+21,1.03338E+16,5.21547E+16
136307,3.17121E+18,3,1,53,18,2017,12,14,6,3,2,6,0,1,0,0,0,0,2,5.92818E+20,5.74023E+21,1.03462E+16,5.18052E+16
136308,3.17121E+18,3,1,1,0,2017,12,22,6,3,1,5,0,1,0,0,1,2,0,6.01279E+20,5.79727E+21,1.04858E+16,5.23164E+16
136309,3.17121E+18,3,1,1,0,2017,12,18,6,3,0,4,1,0,1,0,0,2,1,6.05071E+20,5.79125E+21,1.05396E+16,5.22616E+16
136310,3.17121E+18,3,1,1,0,2017,12,13,6,3,2,2,0,1,0,0,0,0,1,6.03883E+20,5.7918E+21,1.05223E+16,5.22668E+16
136311,3.17121E+18,3,1,1,0,2017,12,14,6,3,5,2,0,1,0,0,0,0,1,6.03371E+20,5.79598E+21,1.05161E+16,5.23045E+16
136312,3.17121E+18,3,1,1,0,2017,12,12,6,3,5,3,1,1,0,0,0,0,1,6.03269E+20,5.7919E+21,1.05134E+16,5.22678E+16
136313,3.17121E+18,3,1,1,0,2017,12,13,6,3,5,3,1,1,0,0,0,0,1,6.03711E+20,5.79167E+21,1.05198E+16,5.22656E+16
136314,3.17121E+18,3,4,59,10,2017,12,18,5,3,6,4,0,1,1,0,0,2,1,4.28668E+20,5.82329E+21,7.94786E+15,5.2555E+16
136315,3.17121E+18,3,4,2,0,2017,12,16,5,3,3,2,0,1,0,1,0,2,1,3.80057E+20,5.91436E+21,7.19744E+15,5.33647E+16
136316,3.17121E+18,3,4,54,41,2017,12,8,5,2,5,3,1,1,0,0,0,0,0,3.94775E+20,5.88155E+21,7.42935E+15,5.30731E+16
136317,3.17121E+18,3,4,54,35,2017,12,14,5,3,5,3,0,1,0,0,1,0,1,3.84819E+20,5.83842E+21,7.29608E+15,5.26835E+16
136318,3.17121E+18,3,4,62,19,2017,12,10,5,3,1,5,0,1,0,0,1,0,0,4.19378E+20,5.93735E+21,7.78229E+15,5.35788E+16
136319,3.17121E+18,3,4,52,20,2017,12,17,5,2,6,4,0,0,1,0,1,2,1,3.78383E+20,5.95185E+21,7.15773E+15,5.37012E+16
136320,3.17121E+18,3,4,60,9,2017,12,18,5,3,6,7,0,1,1,0,0,2,1,4.5144E+20,5.84322E+21,8.28077E+15,5.27367E+16
136321,3.17121E+18,3,4,51,7,2017,12,16,5,3,5,3,1,1,0,0,0,2,1,4.29013E+20,5.90132E+21,7.93591E+15,5.32564E+16
136322,3.17121E+18,3,4,3,0,2017,12,19,5,3,5,3,0,1,1,0,0,2,1,4.48194E+20,5.88724E+21,8.22567E+15,5.3132E+16
136323,3.17121E+18,3,4,3,0,2017,12,18,5,3,2,6,0,1,0,0,0,2,1,4.48525E+20,5.89206E+21,8.22985E+15,5.31754E+16
136324,3.17121E+18,3,4,3,0,2017,12,14,5,3,4,6,0,1,0,0,0,0,0,4.48924E+20,5.88519E+21,8.23691E+15,5.31137E+16
136325,3.17121E+18,3,2,51,40,2017,12,8,5,3,5,3,1,0,0,0,1,1,0,4.87336E+20,5.83702E+21,8.81266E+15,5.2683E+16
136326,3.17121E+18,3,4,61,2,2017,12,13,5,3,5,3,1,1,0,0,0,0,1,4.64884E+20,5.9107E+21,8.47254E+15,5.33443E+16
136327,3.17121E+18,3,3,52,62,2017,12,17,5,3,2,6,1,1,0,0,0,2,1,4.89054E+20,5.94172E+21,8.8345E+15,5.36242E+16
136328,3.17121E+18,3,3,59,38,2017,12,17,5,3,5,3,1,1,0,0,0,2,1,5.32434E+20,5.93936E+21,9.49014E+15,5.36021E+16
136329,3.17121E+18,3,3,58,22,2017,12,22,5,3,5,3,0,1,0,0,0,2,1,5.4168E+20,5.85726E+21,9.61912E+15,5.28634E+16
136330,3.17121E+18,3,3,60,6,2017,12,13,5,3,5,3,0,1,0,0,0,0,0,5.94896E+20,5.87631E+21,1.0415E+16,5.30279E+16
136331,3.17121E+18,3,3,55,22,2017,12,19,5,3,5,3,1,1,0,0,0,2,1,5.94053E+20,5.90137E+21,1.04098E+16,5.32532E+16
136332,3.17121E+18,3,2,41,1,2017,12,11,5,3,2,6,1,1,0,0,0,0,0,5.49379E+20,5.79966E+21,9.72487E+15,5.2345E+16
136333,3.17121E+18,3,2,41,1,2017,12,20,5,3,6,4,0,1,1,0,0,2,1,5.53946E+20,5.80107E+21,9.79213E+15,5.23573E+16
136334,3.17121E+18,3,2,41,1,2017,12,11,5,3,6,2,0,1,1,0,0,0,0,5.49134E+20,5.80432E+21,9.72196E+15,5.2387E+16
136335,3.17121E+18,3,2,41,2,2017,12,17,5,3,3,6,0,1,0,0,1,2,1,5.3171E+20,5.79473E+21,9.46504E+15,5.2302E+16
136336,3.17121E+18,3,1,55,13,2017,12,15,5,3,2,6,0,1,0,0,0,2,0,5.5939E+20,5.74104E+21,9.8616E+15,5.18171E+16
136337,3.17121E+18,3,2,56,13,2017,12,16,5,3,4,6,0,1,0,0,1,2,0,5.11624E+20,5.85201E+21,9.17249E+15,5.28178E+16
136338,3.17121E+18,3,2,54,32,2017,12,11,5,2,5,3,1,1,0,0,0,0,0,5.8392E+20,5.78287E+21,1.02276E+16,5.21899E+16
136339,3.17121E+18,3,2,54,21,2017,12,16,5,3,6,4,0,1,1,0,0,1,0,5.63677E+20,5.77798E+21,9.93065E+15,5.21486E+16
136340,3.17121E+18,3,2,54,21,2017,12,15,5,3,5,3,1,1,0,0,0,0,0,5.65613E+20,5.77813E+21,9.95897E+15,5.21498E+16
136341,3.17121E+18,3,1,59,16,2017,12,13,5,3,0,5,1,1,0,0,0,0,0,5.65289E+20,5.70957E+21,9.94128E+15,5.15334E+16
136342,3.17121E+18,3,1,59,16,2017,12,7,5,3,5,3,0,1,0,0,0,1,0,5.64865E+20,5.71065E+21,9.93538E+15,5.15433E+16
136343,3.17121E+18,3,1,54,28,2017,12,8,5,3,0,7,0,1,0,0,0,0,0,6.3686E+20,5.78827E+21,1.10039E+16,5.22279E+16
136344,3.17121E+18,3,1,3,0,2017,12,17,5,3,5,3,0,1,0,0,1,2,1,6.21235E+20,5.80847E+21,1.07825E+16,5.2413E+16
136345,3.17121E+18,3,1,1,0,2017,12,21,5,2,4,2,0,1,0,0,0,2,1,6.02548E+20,5.79118E+21,1.05026E+16,5.22615E+16
136346,3.17121E+18,3,1,1,0,2017,12,9,5,3,5,3,1,1,0,0,0,0,0,6.06716E+20,5.78718E+21,1.05624E+16,5.22247E+16
136347,3.17121E+18,3,1,1,0,2017,12,10,5,2,3,2,1,0,0,0,0,0,0,6.0486E+20,5.79158E+21,1.05366E+16,5.22646E+16
136348,3.17121E+18,3,1,1,0,2017,12,7,5,3,3,6,0,1,0,0,1,0,0,6.03653E+20,5.79318E+21,1.05194E+16,5.22792E+16
136349,3.17121E+18,3,4,4,0,2017,12,17,4,3,5,3,0,0,0,0,1,2,0,4.35646E+20,5.79183E+21,8.05682E+15,5.22731E+16
136350,3.17121E+18,3,4,4,0,2017,12,15,4,3,5,2,1,1,0,0,0,0,0,4.32169E+20,5.79226E+21,8.00579E+15,5.22765E+16
136351,3.17121E+18,3,4,4,0,2017,12,5,4,3,5,3,1,1,0,0,0,2,0,4.35233E+20,5.79556E+21,8.05005E+15,5.23066E+16
136352,3.17121E+18,3,4,2,0,2017,12,16,4,3,5,2,1,1,0,0,0,1,0,3.79618E+20,5.91462E+21,7.19074E+15,5.3367E+16
136353,3.17121E+18,3,4,54,41,2017,12,18,4,2,6,4,0,1,1,0,0,2,0,3.91781E+20,5.88179E+21,7.3846E+15,5.30747E+16
136354,3.17121E+18,3,4,52,19,2017,12,16,4,3,2,6,0,1,0,0,0,2,0,3.81925E+20,5.9393E+21,7.21613E+15,5.35892E+16
136355,3.17121E+18,3,4,53,5,2017,12,11,4,2,5,3,1,1,0,0,0,0,0,4.42726E+20,5.85394E+21,8.14986E+15,5.28321E+16
136356,3.17121E+18,3,4,55,15,2017,12,17,4,3,2,6,0,1,0,0,0,2,0,4.30427E+20,5.9333E+21,7.95004E+15,5.3544E+16
136357,3.17121E+18,3,4,5,0,2017,12,15,4,3,1,5,1,1,0,0,0,0,0,4.41132E+20,5.93032E+21,8.11213E+15,5.35185E+16
136358,3.17121E+18,3,4,3,0,2017,12,21,4,3,2,2,0,1,0,0,0,2,0,4.47146E+20,5.89039E+21,8.2095E+15,5.31602E+16
136359,3.17121E+18,3,4,3,0,2017,12,13,4,3,5,3,1,1,0,0,0,0,0,4.46936E+20,5.89053E+21,8.20633E+15,5.31615E+16
136360,3.17121E+18,3,2,51,37,2017,12,16,4,3,5,3,1,1,0,0,0,2,0,4.85178E+20,5.87279E+21,8.77912E+15,5.30045E+16
136361,3.17121E+18,3,2,51,12,2017,12,13,4,3,2,6,1,1,0,0,0,0,0,4.57476E+20,5.82942E+21,8.37195E+15,5.26132E+16
136362,3.17121E+18,3,3,53,40,2017,12,6,4,3,5,3,1,1,0,0,0,2,0,5.80621E+20,5.91327E+21,1.02115E+16,5.33624E+16
136363,3.17121E+18,3,3,60,25,2017,12,18,4,3,5,3,0,1,0,0,0,2,0,6.05508E+20,5.8712E+21,1.05715E+16,5.298E+16
136364,3.17121E+18,3,3,55,22,2017,12,5,4,3,0,6,1,0,0,0,0,2,0,5.92857E+20,5.89788E+21,1.03908E+16,5.32221E+16
136365,3.17121E+18,3,2,41,1,2017,12,10,4,3,0,1,1,0,0,1,0,0,0,5.45361E+20,5.80584E+21,9.66672E+15,5.24009E+16
136366,3.17121E+18,3,2,41,1,2017,12,21,4,3,3,6,0,1,0,0,0,2,0,5.49291E+20,5.79879E+21,9.72345E+15,5.23372E+16
136367,3.17121E+18,3,2,41,1,2017,12,12,4,3,5,3,0,1,0,0,0,0,0,5.47849E+20,5.80235E+21,9.7028E+15,5.23694E+16
136368,3.17121E+18,3,2,41,1,2017,12,17,4,3,5,5,1,1,0,0,0,2,0,5.52724E+20,5.80265E+21,9.77444E+15,5.23715E+16
136369,3.17121E+18,3,2,41,3,2017,12,13,4,3,5,3,1,1,0,0,0,0,0,5.68401E+20,5.81116E+21,1.00064E+16,5.24464E+16
136370,3.17121E+18,3,2,41,1,2017,12,16,4,3,6,4,0,1,1,0,0,1,0,5.54066E+20,5.79835E+21,9.79345E+15,5.23328E+16
136371,3.17121E+18,3,2,56,22,2017,12,12,4,3,5,3,1,1,0,0,0,0,0,5.15742E+20,5.83237E+21,9.23265E+15,5.26411E+16
136372,3.17121E+18,3,2,56,22,2017,12,18,4,3,5,3,1,1,0,0,0,2,0,5.15047E+20,5.83435E+21,9.22247E+15,5.26589E+16
136373,3.17121E+18,3,2,54,21,2017,12,13,4,3,6,4,0,1,1,0,0,0,0,5.64856E+20,5.77821E+21,9.94792E+15,5.21506E+16
136374,3.17121E+18,3,1,59,16,2017,12,19,4,3,2,6,0,1,0,0,0,2,0,5.6452E+20,5.71052E+21,9.93038E+15,5.15421E+16
136375,3.17121E+18,3,1,3,0,2017,12,17,4,2,5,3,1,1,0,0,0,2,0,6.24445E+20,5.80956E+21,1.08301E+16,5.2422E+16
136376,3.17121E+18,3,1,57,6,2017,12,16,4,3,4,2,0,1,0,0,1,1,0,5.84037E+20,5.79758E+21,1.0233E+16,5.23221E+16
136377,3.17121E+18,3,1,53,17,2017,12,15,4,3,0,3,0,1,0,0,0,0,0,6.07772E+20,5.75732E+21,1.05684E+16,5.19561E+16
136378,3.17121E+18,3,4,59,15,2017,12,9,3,3,9,1,0,1,0,0,0,0,1,4.45339E+20,5.77194E+21,8.20207E+15,5.20953E+16
136379,3.17121E+18,3,4,59,10,2017,12,17,3,3,5,3,1,1,0,0,0,2,0,4.28014E+20,5.82279E+21,7.93833E+15,5.25504E+16
136380,3.17121E+18,3,4,2,0,2017,12,10,3,3,5,3,1,1,0,0,0,0,0,3.80803E+20,5.91687E+21,7.2077E+15,5.33874E+16
136381,3.17121E+18,3,4,54,41,2017,12,6,3,3,5,2,0,1,0,0,0,2,1,3.92593E+20,5.88132E+21,7.39687E+15,5.30706E+16
136382,3.17121E+18,3,4,56,15,2017,12,15,3,3,5,3,1,1,0,0,0,0,1,3.70003E+20,5.81067E+21,7.08789E+15,5.24307E+16
136383,3.17121E+18,3,4,54,29,2017,12,18,3,3,4,2,0,1,0,1,0,2,0,3.86926E+20,5.85804E+21,7.32046E+15,5.28602E+16
136384,3.17121E+18,3,4,54,32,2017,12,8,3,3,4,2,1,1,0,0,0,1,1,3.86802E+20,5.82113E+21,7.33131E+15,5.25285E+16
136385,3.17121E+18,3,4,52,1,2017,12,16,3,3,5,3,0,1,0,0,0,0,0,3.99736E+20,5.92608E+21,7.48934E+15,5.34741E+16
136386,3.17121E+18,3,3,56,8,2017,12,16,3,3,6,4,0,1,1,0,0,2,1,4.82994E+20,5.89259E+21,8.74552E+15,5.31824E+16
136387,3.17121E+18,3,3,61,12,2017,12,17,3,3,3,6,0,1,0,0,0,2,0,5.15635E+20,5.86405E+21,9.23258E+15,5.29259E+16
136388,3.17121E+18,3,4,51,2,2017,12,7,3,3,2,6,0,1,0,0,0,1,1,4.32972E+20,5.89297E+21,7.99699E+15,5.31819E+16
136389,3.17121E+18,3,4,1,0,2017,12,17,3,2,1,5,0,1,0,1,0,1,0,4.76153E+20,5.87902E+21,8.64417E+15,5.30601E+16
136390,3.17121E+18,3,4,1,0,2017,12,14,3,3,6,2,0,1,1,0,0,0,1,4.74244E+20,5.87735E+21,8.61582E+15,5.30451E+16
136391,3.17121E+18,3,3,52,46,2017,12,7,3,3,5,7,0,1,0,0,0,1,1,4.93184E+20,5.96196E+21,8.8965E+15,5.38062E+16
136392,3.17121E+18,3,3,59,23,2017,12,7,3,3,5,3,0,1,0,0,0,1,1,5.33072E+20,5.9228E+21,9.49804E+15,5.34532E+16
136393,3.17121E+18,3,3,51,6,2017,12,12,3,3,4,2,1,1,0,0,0,0,1,5.72881E+20,5.82937E+21,1.00763E+16,5.26095E+16
136394,3.17121E+18,3,2,41,1,2017,12,10,3,2,1,5,0,1,0,0,0,0,1,5.41764E+20,5.80788E+21,9.61411E+15,5.24195E+16
136395,3.17121E+18,3,2,41,1,2017,12,8,3,3,2,6,0,0,0,1,1,1,0,5.49315E+20,5.80173E+21,9.72423E+15,5.23637E+16
136396,3.17121E+18,3,2,41,1,2017,12,19,3,3,6,6,1,0,1,0,0,2,1,5.50106E+20,5.80304E+21,9.73605E+15,5.23754E+16
136397,3.17121E+18,3,2,41,1,2017,12,18,3,3,0,2,0,1,0,0,1,2,0,5.5314E+20,5.80583E+21,9.78106E+15,5.24001E+16