OBJECTID,UIDENTSTLA,ULAND,UREGBEZ,UKREIS,UGEMEINDE,UJAHR,UMONAT,USTUNDE,UWOCHENTAG,UKATEGORIE,UART,UTYP1,IstRad,IstPKW,IstFuss,IstKrad,IstSonstig,LICHT,STRZUSTAND,LINREFX,LINREFY,XGCSWGS84,YGCSWGS84
136398,3.17121E+18,3,2,41,1,2017,12,17,3,2,6,4,0,0,1,0,1,2,0,5.4769E+20,5.80481E+21,9.70082E+15,5.23915E+16
136399,3.17121E+18,3,2,41,1,2017,12,11,3,3,0,1,0,0,0,1,0,0,1,5.48425E+20,5.80254E+21,9.71128E+15,5.23709E+16
136400,3.17121E+18,3,2,57,31,2017,12,18,3,3,2,6,0,1,0,0,0,2,1,5.06611E+20,5.78308E+21,9.09673E+15,5.21981E+16
136401,3.17121E+18,3,2,56,22,2017,12,17,3,3,2,6,0,1,0,0,0,2,0,5.14642E+20,5.83345E+21,9.21643E+15,5.26508E+16
136402,3.17121E+18,3,2,54,21,2017,12,11,3,3,2,6,0,1,0,0,1,0,0,5.65772E+20,5.78092E+21,9.96183E+15,5.21749E+16
136403,3.17121E+18,3,2,54,21,2017,12,13,3,3,5,3,1,1,0,0,0,0,1,5.65708E+20,5.77906E+21,9.96053E+15,5.21581E+16
136404,3.17121E+18,3,1,54,28,2017,12,13,3,3,2,6,0,1,0,0,1,0,1,6.3599E+20,5.78829E+21,1.09911E+16,5.22282E+16
136405,3.17121E+18,3,1,3,0,2017,12,20,3,3,6,4,0,1,1,0,0,2,0,6.21694E+20,5.80996E+21,1.07898E+16,5.24263E+16
136406,3.17121E+18,3,1,1,0,2017,12,20,3,3,5,2,1,1,0,0,0,2,0,6.00575E+20,5.78518E+21,1.04719E+16,5.22078E+16
136407,3.17121E+18,3,1,1,0,2017,12,17,3,3,2,6,0,1,0,0,0,2,1,6.03587E+20,5.79429E+21,1.05188E+16,5.22892E+16
136408,3.1712E+18,3,4,59,33,2017,12,11,2,3,5,2,0,1,0,0,0,0,1,4.32873E+20,5.80037E+21,8.01448E+15,5.23495E+16
136409,3.1712E+18,3,4,59,30,2017,12,10,2,2,1,7,0,1,0,0,1,0,1,4.29026E+20,5.83706E+21,7.95019E+15,5.26788E+16
136410,3.1712E+18,3,4,57,18,2017,12,13,2,3,5,3,1,1,0,0,0,0,0,4.04482E+20,5.8871E+21,7.57255E+15,5.31248E+16
136411,3.1712E+18,3,4,54,44,2017,12,13,2,3,5,3,0,1,0,0,0,0,0,3.82637E+20,5.88107E+21,7.24844E+15,5.30662E+16
136412,3.1712E+18,3,4,52,27,2017,12,9,2,3,5,3,1,1,0,0,0,0,0,3.96097E+20,5.94545E+21,7.42808E+15,5.36475E+16
136413,3.1712E+18,3,4,52,1,2017,12,16,2,3,6,6,1,0,1,0,0,2,1,3.98833E+20,5.92553E+21,7.47592E+15,5.3469E+16
136414,3.1712E+18,3,4,60,2,2017,12,14,2,3,5,2,1,1,0,0,0,0,1,4.44857E+20,5.81874E+21,8.18737E+15,5.2516E+16
136415,3.1712E+18,3,4,55,27,2017,12,15,2,3,2,6,0,1,0,0,0,0,0,4.31796E+20,5.91926E+21,7.97375E+15,5.3418E+16
136416,3.1712E+18,3,4,55,26,2017,12,9,2,2,5,3,1,1,0,0,0,0,1,4.42817E+20,5.91743E+21,8.13989E+15,5.34028E+16
136417,3.1712E+18,3,3,56,11,2017,12,17,2,3,2,6,1,1,0,0,0,2,1,4.97585E+20,5.89741E+21,8.96383E+15,5.3226E+16
136418,3.1712E+18,3,3,56,9,2017,12,17,2,3,5,3,1,1,0,0,0,2,1,4.73053E+20,5.89742E+21,8.59636E+15,5.32254E+16
136419,3.1712E+18,3,2,51,41,2017,12,12,2,3,5,3,1,1,0,0,0,0,0,4.88039E+20,5.86183E+21,8.82216E+15,5.2906E+16
136420,3.1712E+18,3,3,53,26,2017,12,9,2,3,0,1,0,0,0,1,0,0,1,5.52692E+20,5.92436E+21,9.79373E+15,5.34656E+16
136421,3.1712E+18,3,3,57,57,2017,12,17,2,3,2,6,0,1,0,1,0,2,1,5.18128E+20,5.9064E+21,9.27205E+15,5.33065E+16
136422,3.17123E+18,3,4,53,4,2017,12,17,4,3,4,2,1,1,0,0,0,2,1,4.35822E+20,5.85589E+21,8.047E+15,5.28489E+16
136423,3.17123E+18,3,4,2,0,2017,12,19,4,3,5,3,1,1,0,0,0,2,1,3.80516E+20,5.91421E+21,7.2044E+15,5.33635E+16
136424,3.17123E+18,3,4,57,14,2017,12,6,4,3,5,3,1,1,0,0,0,2,1,3.99606E+20,5.90775E+21,7.4932E+15,5.33094E+16
136425,3.17123E+18,3,4,54,41,2017,12,12,4,3,0,1,1,0,0,0,1,0,1,3.92312E+20,5.88239E+21,7.39232E+15,5.30801E+16
136426,3.17123E+18,3,4,54,41,2017,12,10,4,3,0,1,1,0,0,0,1,0,1,3.92312E+20,5.88239E+21,7.39232E+15,5.30801E+16
136427,3.17123E+18,3,4,54,41,2017,12,16,4,3,4,2,1,1,0,0,0,1,1,3.91807E+20,5.8818E+21,7.38499E+15,5.30747E+16
136428,3.17123E+18,3,4,56,15,2017,12,9,4,3,0,7,1,0,0,0,0,0,1,3.69509E+20,5.80978E+21,7.08099E+15,5.24226E+16
136429,3.17123E+18,3,4,5,0,2017,12,14,4,3,6,7,0,1,1,0,0,0,1,4.41744E+20,5.93138E+21,8.12116E+15,5.35281E+16
136430,3.17123E+18,3,4,3,0,2017,12,20,4,3,6,2,0,1,1,0,0,2,1,4.47688E+20,5.88567E+21,8.21837E+15,5.31179E+16
136431,3.17123E+18,3,4,61,2,2017,12,9,4,1,5,3,1,0,0,0,1,0,1,4.65105E+20,5.91001E+21,8.47593E+15,5.33381E+16
136432,3.17123E+18,3,3,58,16,2017,12,20,4,2,5,2,0,1,0,0,0,2,0,5.7261E+20,5.87118E+21,1.00816E+16,5.29853E+16
136433,3.17123E+18,3,2,41,1,2017,12,16,4,3,0,7,1,0,0,0,0,1,0,5.48591E+20,5.80676E+21,9.71433E+15,5.24089E+16
136434,3.17123E+18,3,2,41,1,2017,12,17,4,3,0,1,1,0,0,0,0,2,0,5.49451E+20,5.80451E+21,9.72664E+15,5.23886E+16
136435,3.17123E+18,3,2,41,1,2017,12,15,4,3,5,2,1,0,0,0,1,0,0,5.50332E+20,5.80365E+21,9.73946E+15,5.23808E+16
136436,3.17123E+18,3,2,54,21,2017,12,19,4,3,6,7,0,0,1,1,0,2,0,5.65677E+20,5.77915E+21,9.96011E+15,5.2159E+16
136437,3.17123E+18,3,2,52,3,2017,12,15,4,3,5,3,0,1,0,0,0,0,0,5.18947E+20,5.75852E+21,9.27585E+15,5.1977E+16
136438,3.17123E+18,3,1,59,16,2017,12,16,4,3,5,3,1,1,0,0,0,1,1,5.65791E+20,5.71012E+21,9.94862E+15,5.15383E+16
136439,3.17123E+18,3,4,56,1,2017,12,12,3,2,9,1,0,1,0,0,0,0,1,3.67839E+20,5.79301E+21,7.06304E+15,5.22715E+16
136440,3.17123E+18,3,2,41,1,2017,12,19,3,3,2,2,0,1,0,0,1,2,0,5.51884E+20,5.80694E+21,9.76276E+15,5.24102E+16
136441,3.17123E+18,3,1,59,16,2017,12,13,3,3,5,3,0,1,0,0,0,0,1,5.61886E+20,5.71142E+21,9.89256E+15,5.15504E+16
136442,3.17123E+18,3,4,59,22,2017,12,17,2,3,0,7,0,0,0,1,0,2,0,4.41728E+20,5.77599E+21,8.14868E+15,5.21313E+16
136443,3.17123E+18,3,4,54,32,2017,12,18,2,3,5,3,0,1,0,0,0,2,0,3.84958E+20,5.81822E+21,7.30515E+15,5.2502E+16
136444,3.17123E+18,3,4,60,9,2017,12,20,2,3,5,3,0,1,0,0,0,2,0,4.5183E+20,5.84102E+21,8.28688E+15,5.27169E+16
136445,3.17123E+18,3,4,51,2,2017,12,12,2,3,8,1,0,1,0,0,0,0,0,4.34514E+20,5.89275E+21,8.02011E+15,5.31801E+16
136446,3.17123E+18,3,2,41,1,2017,12,15,2,3,0,1,1,0,0,0,0,0,0,5.48199E+20,5.80185E+21,9.70786E+15,5.23648E+16
136447,3.17123E+18,3,2,41,1,2017,12,1,2,3,0,1,1,0,0,0,0,2,0,5.54532E+20,5.80682E+21,9.80168E+15,5.24089E+16
136448,3.17123E+18,3,1,59,4,2017,12,18,2,2,2,6,1,0,0,0,1,2,0,6.07119E+20,5.71537E+21,1.05459E+16,5.15792E+16
136449,3.17122E+18,3,4,59,15,2017,12,16,1,3,2,2,0,1,0,0,0,2,1,4.45758E+20,5.77402E+21,8.20786E+15,5.2114E+16
136450,3.17122E+18,3,4,3,0,2017,12,12,1,3,8,7,0,1,0,0,0,0,0,4.46416E+20,5.88962E+21,8.1987E+15,5.31532E+16
136451,3.17122E+18,3,3,58,22,2017,12,3,1,3,5,3,0,1,0,0,0,2,1,5.39791E+20,5.8573E+21,9.59107E+15,5.28639E+16
136452,3.17122E+18,3,2,41,1,2017,12,7,1,3,9,1,0,1,0,0,0,1,0,5.50064E+20,5.8027E+21,9.73538E+15,5.23723E+16
136453,3.17122E+18,3,2,57,16,2017,12,17,1,3,2,6,0,1,0,0,0,2,0,5.23104E+20,5.79774E+21,9.33904E+15,5.23294E+16
136454,3.17122E+18,3,1,3,0,2017,12,9,1,3,5,3,0,1,0,0,0,0,0,6.19425E+20,5.80621E+21,1.07551E+16,5.23931E+16
136455,3.17122E+18,3,4,52,1,2017,12,3,7,3,8,1,0,0,0,0,1,2,1,3.96583E+20,5.92697E+21,7.44156E+15,5.34815E+16
136456,3.17122E+18,3,3,59,13,2017,12,17,7,3,2,2,1,1,0,0,0,2,1,5.28339E+20,5.94932E+21,9.42917E+15,5.36918E+16
136457,3.17122E+18,3,3,55,22,2017,12,16,7,3,6,7,1,0,1,0,0,1,1,5.94134E+20,5.90106E+21,1.04109E+16,5.32504E+16
136458,3.17122E+18,3,2,41,1,2017,12,23,7,3,0,7,0,1,0,0,0,2,0,5.50017E+20,5.8036E+21,9.73482E+15,5.23803E+16
136459,3.17122E+18,3,2,41,1,2017,12,12,7,3,6,4,0,1,1,0,0,0,1,5.48658E+20,5.80194E+21,9.71462E+15,5.23656E+16
136460,3.17122E+18,3,2,56,25,2017,12,19,7,2,9,1,0,1,0,0,0,2,1,5.13562E+20,5.80854E+21,9.19946E+15,5.24269E+16
136461,3.17122E+18,3,2,57,9,2017,12,18,7,3,5,3,0,1,0,1,0,2,0,5.02855E+20,5.79006E+21,9.04182E+15,5.22609E+16
136462,3.17122E+18,3,2,56,22,2017,12,12,7,3,2,6,0,1,0,0,0,0,1,5.14755E+20,5.83375E+21,9.21812E+15,5.26535E+16
136463,3.17122E+18,3,2,54,2,2017,12,18,7,3,1,5,1,1,0,0,0,2,0,5.56976E+20,5.75949E+21,9.82964E+15,5.19831E+16
136464,3.17122E+18,3,2,52,7,2017,12,7,7,3,1,5,0,1,0,0,0,2,0,5.1692E+20,5.77582E+21,9.2472E+15,5.21326E+16
136465,3.17122E+18,3,1,3,0,2017,12,17,7,3,5,3,1,1,0,0,0,2,0,6.22207E+20,5.80978E+21,1.07973E+16,5.24245E+16
136466,3.17122E+18,3,1,2,0,2017,12,17,7,2,6,2,0,1,1,0,0,2,0,5.9528E+20,5.76663E+21,1.03892E+16,5.20421E+16
136467,3.17122E+18,3,1,53,17,2017,12,15,7,3,9,1,0,0,0,1,0,0,0,5.98231E+20,5.75128E+21,1.04279E+16,5.19036E+16
136468,3.17122E+18,3,1,51,9,2017,12,18,7,3,5,3,0,1,0,0,0,2,1,6.03283E+20,5.81706E+21,1.05213E+16,5.24939E+16
136469,3.17122E+18,3,4,54,41,2017,12,11,6,3,5,3,1,1,0,0,0,0,1,3.91954E+20,5.88266E+21,7.38689E+15,5.30824E+16
136470,3.17122E+18,3,4,54,18,2017,12,4,6,2,1,1,0,1,0,0,1,2,1,3.84113E+20,5.84817E+21,7.2822E+15,5.27709E+16
136471,3.17122E+18,3,4,62,18,2017,12,14,6,3,4,6,0,1,0,0,0,0,0,3.97688E+20,5.93945E+21,7.45412E+15,5.35939E+16
136472,3.17122E+18,3,3,56,5,2017,12,17,6,3,7,7,1,0,0,0,0,2,0,4.92934E+20,5.88717E+21,8.89439E+15,5.31339E+16
136473,3.17122E+18,3,4,58,7,2017,12,14,6,3,2,2,0,1,0,0,0,0,0,4.48534E+20,5.86121E+21,8.23491E+15,5.28981E+16
136474,3.17122E+18,3,2,41,1,2017,12,23,6,3,5,3,0,1,0,0,0,2,0,5.50631E+20,5.80473E+21,9.74401E+15,5.23905E+16
136475,3.17122E+18,3,2,57,6,2017,12,18,6,3,2,2,0,1,0,0,0,2,0,5.26528E+20,5.79935E+21,9.38941E+15,5.23438E+16
136476,3.17122E+18,3,2,54,21,2017,12,17,6,3,5,2,1,1,0,0,0,0,0,5.65025E+20,5.7791E+21,9.95056E+15,5.21585E+16
136477,3.17122E+18,3,2,52,6,2017,12,11,6,3,5,2,0,1,0,0,0,0,0,5.24625E+20,5.77209E+21,9.35949E+15,5.20988E+16
136478,3.17122E+18,3,1,59,16,2017,12,19,6,3,6,4,1,0,1,0,0,2,0,5.65068E+20,5.70932E+21,9.93806E+15,5.15312E+16
136479,3.17122E+18,3,1,2,0,2017,12,18,6,3,5,2,1,0,0,0,1,2,0,5.91374E+20,5.77982E+21,1.03358E+16,5.21613E+16
136480,3.17122E+18,3,1,53,16,2017,12,16,6,3,6,6,0,1,1,0,0,2,1,6.15186E+20,5.72502E+21,1.06655E+16,5.16644E+16
136481,3.17122E+18,3,1,1,0,2017,12,13,6,3,5,3,1,1,0,0,0,0,0,6.04707E+20,5.79236E+21,1.05346E+16,5.22716E+16
136482,3.17122E+18,3,4,4,0,2017,12,19,5,3,1,5,1,1,0,0,0,2,0,4.36956E+20,5.79242E+21,8.07591E+15,5.22785E+16
136483,3.17122E+18,3,4,4,0,2017,12,6,5,3,4,1,1,1,0,0,0,2,1,4.38566E+20,5.7917E+21,8.09964E+15,5.22723E+16
136484,3.17122E+18,3,4,4,0,2017,12,6,5,3,5,3,1,1,0,0,0,2,1,4.34066E+20,5.79319E+21,8.03341E+15,5.22851E+16
136485,3.17122E+18,3,4,2,0,2017,12,11,5,3,0,4,1,1,1,0,0,0,1,3.80648E+20,5.91474E+21,7.20617E+15,5.33683E+16
136486,3.17122E+18,3,4,2,0,2017,12,7,5,3,5,3,1,1,0,0,0,2,1,3.80852E+20,5.91459E+21,7.20929E+15,5.3367E+16
136487,3.17122E+18,3,4,54,44,2017,12,19,5,3,4,2,0,1,0,0,0,2,1,3.83425E+20,5.88042E+21,7.26042E+15,5.30605E+16
136488,3.17122E+18,3,4,54,41,2017,12,8,5,3,5,3,1,1,0,0,0,1,1,3.92071E+20,5.88204E+21,7.38885E+15,5.30769E+16
136489,3.17122E+18,3,4,54,35,2017,12,19,5,2,0,1,0,1,0,0,1,2,1,3.8492E+20,5.83654E+21,7.29823E+15,5.26665E+16
136490,3.17122E+18,3,4,54,32,2017,12,11,5,3,6,4,0,1,1,0,0,0,0,3.85757E+20,5.8199E+21,7.31634E+15,5.25172E+16
136491,3.17122E+18,3,4,54,10,2017,12,23,5,3,3,6,1,1,0,0,0,2,0,3.83779E+20,5.80513E+21,7.29235E+15,5.23841E+16
136492,3.17122E+18,3,4,52,20,2017,12,22,5,3,2,6,0,1,0,0,0,2,1,3.84303E+20,5.95292E+21,7.24695E+15,5.37121E+16
136493,3.17122E+18,3,4,53,4,2017,12,17,5,3,2,6,0,1,0,0,0,2,0,4.35999E+20,5.85536E+21,8.04973E+15,5.28441E+16
136494,3.17122E+18,3,4,53,4,2017,12,15,5,3,5,3,1,1,0,0,0,0,1,4.35488E+20,5.8559E+21,8.04204E+15,5.28489E+16
136495,3.17122E+18,3,3,56,7,2017,12,7,5,3,5,3,1,1,0,0,0,1,1,4.84288E+20,5.89806E+21,8.76461E+15,5.32316E+16
136496,3.17122E+18,3,4,3,0,2017,12,12,5,3,4,3,1,1,0,0,0,0,1,4.48331E+20,5.88689E+21,8.22778E+15,5.31289E+16
136497,3.17122E+18,3,2,51,47,2017,12,15,5,3,5,3,0,1,0,0,0,1,1,4.89956E+20,5.86764E+21,8.85048E+15,5.29583E+16
136498,3.17122E+18,3,4,61,7,2017,12,12,5,3,5,3,0,1,0,1,0,0,1,4.65629E+20,5.92636E+21,8.48202E+15,5.34851E+16
136499,3.17122E+18,3,3,52,11,2017,12,9,5,3,0,1,1,0,0,0,0,0,1,4.79863E+20,5.96953E+21,8.69372E+15,5.38739E+16
136500,3.17122E+18,3,3,52,11,2017,12,11,5,3,2,2,0,1,0,0,0,0,1,4.80421E+20,5.96827E+21,8.7023E+15,5.38625E+16
136501,3.17122E+18,3,3,53,40,2017,12,7,5,3,5,3,1,0,0,0,1,2,1,5.79953E+20,5.91093E+21,1.02009E+16,5.33414E+16
136502,3.17122E+18,3,3,60,2,2017,12,15,5,3,5,3,1,1,0,0,0,0,0,6.05472E+20,5.88236E+21,1.05746E+16,5.30802E+16
136503,3.17122E+18,3,3,55,22,2017,12,8,5,3,5,2,1,1,0,0,0,1,1,5.94157E+20,5.90201E+21,1.04115E+16,5.3259E+16
136504,3.17122E+18,3,2,41,1,2017,12,13,5,3,2,2,1,1,0,0,0,0,1,5.50521E+20,5.80371E+21,9.74224E+15,5.23813E+16
136505,3.17122E+18,3,2,41,18,2017,12,20,5,3,1,5,0,1,0,0,0,2,0,5.80112E+20,5.80719E+21,1.01777E+16,5.24091E+16
136506,3.17122E+18,3,2,41,16,2017,12,23,5,3,9,1,0,1,0,0,0,2,1,5.6672E+20,5.79787E+21,9.97905E+15,5.23271E+16
136507,3.17122E+18,3,2,41,1,2017,12,20,5,2,1,5,1,1,0,0,0,2,0,5.50418E+20,5.80294E+21,9.74061E+15,5.23744E+16
136508,3.17122E+18,3,2,41,1,2017,12,7,5,3,5,2,1,0,0,0,1,2,1,5.49375E+20,5.80553E+21,9.72568E+15,5.23978E+16
136509,3.17122E+18,3,2,56,22,2017,12,16,5,3,6,4,0,1,1,0,0,2,1,5.14518E+20,5.83368E+21,9.21461E+15,5.26528E+16
136510,3.17122E+18,3,2,56,22,2017,12,8,5,3,5,3,1,1,0,0,0,0,1,5.14844E+20,5.834E+21,9.21945E+15,5.26558E+16
136511,3.17122E+18,3,2,54,21,2017,12,20,5,3,6,2,0,1,1,0,0,2,0,5.66508E+20,5.77888E+21,9.97219E+15,5.21564E+16
136512,3.17122E+18,3,1,59,16,2017,12,18,5,2,4,6,1,1,0,0,0,2,1,5.65097E+20,5.70923E+21,9.93846E+15,5.15304E+16
136513,3.17122E+18,3,1,54,28,2017,12,17,5,3,0,7,0,1,0,0,0,2,1,6.37351E+20,5.78776E+21,1.10108E+16,5.22232E+16
136514,3.17122E+18,3,1,3,0,2017,12,19,5,3,6,7,0,1,1,0,0,2,1,6.25058E+20,5.7999E+21,1.08355E+16,5.23352E+16
136515,3.17122E+18,3,1,53,17,2017,12,17,5,3,6,4,0,1,1,0,0,2,0,5.9774E+20,5.75307E+21,1.04212E+16,5.19198E+16
136516,3.17122E+18,3,1,1,0,2017,12,17,5,3,6,4,0,1,1,0,0,2,0,5.99248E+20,5.79377E+21,1.0455E+16,5.22853E+16
136517,3.17122E+18,3,1,1,0,2017,12,9,5,3,5,3,0,1,0,0,1,0,1,6.04822E+20,5.79183E+21,1.05361E+16,5.22668E+16
136518,3.17122E+18,3,4,59,19,2017,12,6,4,3,5,2,1,1,0,0,0,2,1,4.3622E+20,5.78571E+21,8.06639E+15,5.22182E+16
136519,3.17122E+18,3,4,59,14,2017,12,11,4,3,5,3,0,1,0,0,0,0,1,4.30986E+20,5.80663E+21,7.9855E+15,5.24055E+16
136520,3.17122E+18,3,4,4,0,2017,12,14,4,3,5,3,0,1,0,0,0,0,1,4.36841E+20,5.79017E+21,8.07464E+15,5.22583E+16
136521,3.17122E+18,3,4,4,0,2017,12,15,4,3,6,4,0,1,1,0,0,0,1,4.34809E+20,5.79368E+21,8.0442E+15,5.22896E+16
136522,3.17122E+18,3,4,54,41,2017,12,17,4,3,5,3,1,1,0,0,0,2,1,3.91816E+20,5.88287E+21,7.38477E+15,5.30843E+16
136523,3.17122E+18,3,4,56,14,2017,12,14,4,3,0,5,0,1,0,0,0,0,0,3.61959E+20,5.81845E+21,6.96644E+15,5.24987E+16
136524,3.17122E+18,3,4,56,15,2017,12,8,4,3,5,3,0,1,0,0,0,0,1,3.69589E+20,5.81131E+21,7.08157E+15,5.24364E+16
136525,3.17122E+18,3,4,54,35,2017,12,9,4,2,6,6,1,0,1,0,0,0,1,3.84089E+20,5.83991E+21,7.28477E+15,5.26967E+16
136526,3.17122E+18,3,4,54,32,2017,12,17,4,3,5,3,1,1,0,0,0,2,1,3.86105E+20,5.82024E+21,7.32134E+15,5.25204E+16
136527,3.17122E+18,3,4,54,32,2017,12,18,4,3,5,3,1,1,0,0,0,2,1,3.8495E+20,5.82066E+21,7.30419E+15,5.25239E+16
136528,3.17122E+18,3,4,55,26,2017,12,7,4,3,9,1,0,0,0,1,0,2,1,4.39869E+20,5.91186E+21,8.09662E+15,5.33525E+16
136529,3.17122E+18,3,4,51,7,2017,12,13,4,3,5,3,0,1,0,0,1,0,1,4.27619E+20,5.90086E+21,7.91512E+15,5.3252E+16
136530,3.17122E+18,3,4,3,0,2017,12,15,4,3,6,2,0,1,1,0,0,0,0,4.46537E+20,5.8894E+21,8.20056E+15,5.31513E+16
136531,3.17122E+18,3,4,1,0,2017,12,18,4,3,5,3,1,1,0,0,0,2,1,4.74591E+20,5.87785E+21,8.62094E+15,5.30496E+16
136532,3.17122E+18,3,3,52,32,2017,12,7,4,3,0,7,1,1,0,0,0,2,1,4.76516E+20,5.92449E+21,8.64622E+15,5.34688E+16
136533,3.17122E+18,3,3,53,29,2017,12,18,4,3,4,2,0,1,0,0,0,2,1,5.61805E+20,5.91353E+21,9.92886E+15,5.33672E+16
136534,3.17122E+18,3,3,53,40,2017,12,13,4,3,2,7,0,1,0,1,0,0,0,5.81963E+20,5.91471E+21,1.02321E+16,5.33751E+16
136535,3.17122E+18,3,3,59,10,2017,12,11,4,3,6,2,0,1,1,0,0,0,1,5.46239E+20,5.92533E+21,9.69667E+15,5.34749E+16
136536,3.17122E+18,3,3,59,10,2017,12,6,4,3,8,1,0,1,0,0,0,2,1,5.45558E+20,5.92384E+21,9.6862E+15,5.34616E+16
136537,3.17122E+18,3,3,60,25,2017,12,17,4,2,6,2,0,1,1,0,0,2,1,6.05093E+20,5.87049E+21,1.05651E+16,5.29736E+16
136538,3.17122E+18,3,3,60,25,2017,12,17,4,3,2,2,0,1,0,0,0,2,1,6.03875E+20,5.872E+21,1.05474E+16,5.29875E+16
136539,3.17122E+18,3,3,60,25,2017,12,17,4,2,5,3,1,1,0,0,0,2,1,6.04235E+20,5.87064E+21,1.05524E+16,5.29752E+16
136540,3.17122E+18,3,2,41,1,2017,12,16,4,3,5,3,0,1,0,0,0,2,1,5.48079E+20,5.80664E+21,9.70679E+15,5.24079E+16
136541,3.17122E+18,3,2,41,21,2017,12,11,4,2,8,7,0,1,0,0,0,0,1,5.32288E+20,5.80834E+21,9.47482E+15,5.24243E+16
136542,3.17122E+18,3,2,41,1,2017,12,13,4,2,3,6,0,1,0,0,0,0,1,5.50639E+20,5.80104E+21,9.74357E+15,5.23573E+16
136543,3.17122E+18,3,2,41,1,2017,12,14,4,2,5,3,1,1,0,0,0,0,0,5.52496E+20,5.80775E+21,9.77189E+15,5.24175E+16
136544,3.17122E+18,3,2,41,10,2017,12,12,4,2,5,3,1,1,0,0,0,0,1,5.50129E+20,5.81139E+21,9.73764E+15,5.24504E+16
136545,3.17122E+18,3,2,41,1,2017,12,11,4,2,6,4,0,1,1,0,0,0,1,5.51297E+20,5.80192E+21,9.75336E+15,5.23651E+16
136546,3.17122E+18,3,2,57,22,2017,12,16,4,3,2,6,0,1,0,0,0,2,1,5.06734E+20,5.78771E+21,9.09862E+15,5.22398E+16
136547,3.17122E+18,3,2,57,6,2017,12,17,4,2,0,1,0,1,1,0,0,2,1,5.25829E+20,5.79866E+21,9.3791E+15,5.23376E+16
136548,3.17122E+18,3,2,52,6,2017,12,11,4,3,5,3,0,1,0,0,1,0,1,5.28424E+20,5.77392E+21,9.41511E+15,5.21151E+16
136549,3.17122E+18,3,1,59,5,2017,12,7,4,3,5,3,1,1,0,0,0,1,1,5.80288E+20,5.72081E+21,1.01601E+16,5.16325E+16
136550,3.17122E+18,3,1,59,16,2017,12,19,4,3,2,6,1,1,0,0,0,2,1,5.65424E+20,5.71092E+21,9.94348E+15,5.15456E+16
136551,3.17122E+18,3,1,57,6,2017,12,15,4,3,5,3,1,1,0,0,0,0,1,5.85065E+20,5.79767E+21,1.02481E+16,5.23228E+16
136552,3.17122E+18,3,1,1,0,2017,12,20,4,3,6,6,0,1,1,0,0,2,0,6.07843E+20,5.78868E+21,1.05793E+16,5.2238E+16
136553,3.17122E+18,3,1,1,0,2017,12,17,4,3,5,3,0,1,0,0,0,2,1,6.03593E+20,5.79083E+21,1.05178E+16,5.22581E+16
136554,3.17122E+18,3,1,1,0,2017,12,20,4,3,3,7,0,1,0,0,0,2,1,6.03343E+20,5.79156E+21,1.05143E+16,5.22647E+16
136555,3.17122E+18,3,4,4,0,2017,12,16,3,3,6,7,0,1,1,0,0,2,1,4.32145E+20,5.79276E+21,8.00534E+15,5.2281E+16
136556,3.17122E+18,3,4,56,15,2017,12,19,3,2,7,7,1,0,1,0,0,2,1,3.68292E+20,5.80742E+21,7.06402E+15,5.24012E+16
136557,3.17122E+18,3,4,56,15,2017,12,18,3,3,2,6,0,1,0,0,1,2,1,3.68539E+20,5.80827E+21,7.06732E+15,5.24089E+16
136558,3.17122E+18,3,4,54,35,2017,12,17,3,3,5,3,1,1,0,0,0,2,1,3.8335E+20,5.83955E+21,7.27396E+15,5.26933E+16
136559,3.17122E+18,3,4,53,4,2017,12,17,3,3,6,4,0,1,1,0,0,2,1,4.35322E+20,5.85605E+21,8.03955E+15,5.28503E+16
136560,3.17122E+18,3,4,55,26,2017,12,6,3,2,6,4,0,1,1,0,0,2,1,4.40034E+20,5.9168E+21,8.09816E+15,5.33969E+16
136561,3.17122E+18,3,3,61,9,2017,12,7,3,3,1,5,0,1,0,0,0,1,1,5.06212E+20,5.88035E+21,9.09272E+15,5.30726E+16
136562,3.17122E+18,3,4,3,0,2017,12,13,3,3,5,2,1,1,0,0,0,0,0,4.47373E+20,5.88786E+21,8.21331E+15,5.31376E+16
136563,3.17122E+18,3,4,3,0,2017,12,8,3,3,1,7,0,1,0,0,0,0,0,4.46004E+20,5.89372E+21,8.19185E+15,5.319E+16
136564,3.17122E+18,3,4,58,12,2017,12,18,3,2,3,6,1,1,0,0,0,2,1,4.71436E+20,5.86578E+21,8.57496E+15,5.29409E+16
136565,3.17122E+18,3,3,52,11,2017,12,22,3,3,4,2,0,1,0,0,0,2,1,4.79838E+20,5.96889E+21,8.69339E+15,5.38681E+16
136566,3.17122E+18,3,3,53,26,2017,12,8,3,3,6,4,0,1,1,0,0,1,1,5.5342E+20,5.92376E+21,9.80459E+15,5.34602E+16
136567,3.17122E+18,3,3,55,22,2017,12,7,3,3,2,6,0,1,0,0,0,2,1,5.94175E+20,5.90032E+21,1.04113E+16,5.32438E+16
136568,3.17122E+18,3,3,55,22,2017,12,11,3,3,5,3,0,1,0,0,0,0,1,5.9609E+20,5.90226E+21,1.04406E+16,5.32609E+16