OBJECTID,UIDENTSTLA,ULAND,UREGBEZ,UKREIS,UGEMEINDE,UJAHR,UMONAT,USTUNDE,UWOCHENTAG,UKATEGORIE,UART,UTYP1,IstRad,IstPKW,IstFuss,IstKrad,IstSonstig,LICHT,STRZUSTAND,LINREFX,LINREFY,XGCSWGS84,YGCSWGS84
136569,3.17122E+18,3,2,41,1,2017,12,9,3,3,3,1,1,0,0,0,0,0,1,5.49201E+20,5.80159E+21,9.72254E+15,5.23624E+16
136570,3.17122E+18,3,2,41,1,2017,12,16,3,3,5,3,1,1,0,0,0,1,1,5.53276E+20,5.80285E+21,9.78258E+15,5.23733E+16
136571,3.17122E+18,3,2,41,1,2017,12,16,3,3,2,2,1,1,0,0,0,2,1,5.50236E+20,5.80377E+21,9.73807E+15,5.23819E+16
136572,3.17122E+18,3,2,41,3,2017,12,15,3,3,6,4,0,1,1,0,0,0,1,5.68212E+20,5.81145E+21,1.00037E+16,5.2449E+16
136573,3.17122E+18,3,2,41,1,2017,12,7,3,3,1,5,1,1,0,0,0,2,1,5.5102E+20,5.80508E+21,9.74978E+15,5.23936E+16
136574,3.17122E+18,3,2,57,35,2017,12,16,3,3,0,1,0,0,0,1,0,1,1,5.13426E+20,5.79703E+21,9.197E+15,5.23234E+16
136575,3.17122E+18,3,2,54,21,2017,12,21,3,3,9,1,0,1,0,0,0,2,1,5.64118E+20,5.77931E+21,9.93734E+15,5.21606E+16
136576,3.17122E+18,3,2,54,21,2017,12,15,3,3,5,3,0,1,0,0,1,0,0,5.6468E+20,5.78072E+21,9.94583E+15,5.21731E+16
136577,3.17122E+18,3,1,59,16,2017,12,16,3,3,5,2,1,1,0,0,0,2,1,5.65065E+20,5.71038E+21,9.93821E+15,5.15408E+16
136578,3.17122E+18,3,1,59,16,2017,12,12,3,3,8,7,0,1,0,0,0,0,1,5.65064E+20,5.71076E+21,9.93826E+15,5.15442E+16
136579,3.17122E+18,3,1,59,16,2017,12,10,3,3,5,7,0,1,0,1,0,0,1,5.65365E+20,5.71011E+21,9.94248E+15,5.15383E+16
136580,3.17122E+18,3,1,59,16,2017,12,7,3,3,5,3,1,1,0,0,0,2,0,5.64584E+20,5.71099E+21,9.93139E+15,5.15463E+16
136581,3.17122E+18,3,1,59,16,2017,12,15,3,3,5,3,1,1,0,0,0,0,1,5.63955E+20,5.70883E+21,9.92192E+15,5.1527E+16
136582,3.17122E+18,3,1,53,12,2017,12,7,3,3,8,1,0,1,0,0,0,2,1,5.81145E+20,5.7498E+21,1.01792E+16,5.1893E+16
136583,3.17122E+18,3,1,51,9,2017,12,13,3,3,5,3,0,1,0,0,0,0,1,6.04822E+20,5.81477E+21,1.05433E+16,5.2473E+16
136584,3.17122E+18,3,1,1,0,2017,12,17,3,3,6,2,0,1,1,0,0,2,1,6.03993E+20,5.78593E+21,1.05221E+16,5.2214E+16
136585,3.17122E+18,3,1,1,0,2017,12,9,3,3,3,2,1,1,0,0,0,0,1,6.04102E+20,5.78583E+21,1.05237E+16,5.22131E+16
136586,3.17122E+18,3,1,1,0,2017,12,11,3,3,5,3,1,0,0,0,1,0,1,6.03929E+20,5.78784E+21,1.05218E+16,5.22312E+16
136587,3.17122E+18,3,4,59,16,2017,12,6,2,3,5,2,1,1,0,0,0,2,1,4.19882E+20,5.82536E+21,7.8178E+15,5.25724E+16
136588,3.17122E+18,3,4,4,0,2017,12,19,2,3,4,2,1,1,0,0,0,2,1,4.35768E+20,5.79153E+21,8.05866E+15,5.22704E+16
136589,3.17122E+18,3,4,4,0,2017,12,17,2,3,6,7,0,1,1,0,0,1,0,4.36995E+20,5.79297E+21,8.07637E+15,5.22835E+16
136590,3.17122E+18,3,4,57,13,2017,12,10,2,3,5,3,1,0,0,0,0,0,0,3.97198E+20,5.89989E+21,7.45961E+15,5.32383E+16
136591,3.17122E+18,3,4,54,41,2017,12,19,2,3,9,1,0,1,0,0,0,2,0,3.94068E+20,5.88334E+21,7.41821E+15,5.3089E+16
136592,3.17122E+18,3,4,54,19,2017,12,7,2,3,5,3,1,1,0,0,0,1,1,3.97993E+20,5.83718E+21,7.49128E+15,5.26749E+16
136593,3.17122E+18,3,4,52,19,2017,12,15,2,3,5,2,1,1,0,0,0,1,1,3.82001E+20,5.93956E+21,7.21718E+15,5.35916E+16
136594,3.17122E+18,3,4,52,1,2017,12,7,2,3,4,6,1,1,0,0,0,2,0,3.97793E+20,5.92413E+21,7.4607E+15,5.34562E+16
136595,3.17122E+18,3,4,55,26,2017,12,10,2,2,5,3,1,0,0,0,0,0,0,4.4268E+20,5.9165E+21,8.13799E+15,5.33945E+16
136596,3.17122E+18,3,4,55,7,2017,12,16,2,3,5,3,1,1,0,0,0,2,0,4.27597E+20,5.9364E+21,7.90663E+15,5.35715E+16
136597,3.17122E+18,3,4,5,0,2017,12,16,2,3,5,2,0,1,0,0,0,2,1,4.39469E+20,5.9309E+21,8.08695E+15,5.35235E+16
136598,3.17122E+18,3,4,3,0,2017,12,11,2,3,3,6,1,1,0,0,0,0,0,4.48202E+20,5.88674E+21,8.22588E+15,5.31275E+16
136599,3.17122E+18,3,4,1,0,2017,12,8,2,3,2,6,0,1,0,0,0,1,1,4.7654E+20,5.87507E+21,8.65023E+15,5.30246E+16
136600,3.17122E+18,3,3,58,6,2017,12,17,2,3,8,7,0,1,0,0,0,2,0,5.41637E+20,5.84215E+21,9.61655E+15,5.27277E+16
136601,3.17122E+18,3,3,57,8,2017,12,13,2,3,6,2,0,1,1,0,0,0,0,5.09378E+20,5.92604E+21,9.14132E+15,5.34833E+16
136602,3.17122E+18,3,3,55,22,2017,12,14,2,3,0,7,0,0,0,1,0,0,1,5.92782E+20,5.9003E+21,1.03904E+16,5.32438E+16
136603,3.17122E+18,3,3,55,22,2017,12,10,2,3,5,3,1,1,0,0,0,0,0,5.92586E+20,5.90151E+21,1.03878E+16,5.32548E+16
136604,3.17122E+18,3,3,55,22,2017,12,9,2,3,5,3,1,1,0,0,0,0,0,5.93443E+20,5.90182E+21,1.04008E+16,5.32574E+16
136605,3.17122E+18,3,3,51,18,2017,12,23,2,3,0,1,0,0,0,1,0,2,0,5.71867E+20,5.823E+21,1.006E+16,5.25523E+16
136606,3.17122E+18,3,2,41,1,2017,12,10,2,3,0,7,0,0,0,0,1,0,0,5.49002E+20,5.80489E+21,9.72011E+15,5.2392E+16
136607,3.17122E+18,3,2,41,1,2017,12,16,2,2,6,4,0,0,1,0,1,2,0,5.48788E+20,5.80157E+21,9.71648E+15,5.23622E+16
136608,3.17122E+18,3,2,41,1,2017,12,7,2,3,2,6,0,1,0,0,0,2,0,5.56089E+20,5.80098E+21,9.82358E+15,5.23562E+16
136609,3.17122E+18,3,1,59,10,2017,12,12,2,3,6,4,0,1,1,0,0,0,0,5.87141E+20,5.70748E+21,1.02557E+16,5.15117E+16
136610,3.17122E+18,3,1,59,16,2017,12,17,2,3,2,1,1,1,0,0,0,2,0,5.65944E+20,5.70888E+21,9.9506E+15,5.15272E+16
136611,3.17122E+18,3,1,54,28,2017,12,15,2,2,6,4,0,1,1,0,0,0,0,6.35883E+20,5.78966E+21,1.09901E+16,5.22406E+16
136612,3.17122E+18,3,1,57,7,2017,12,15,2,3,5,2,0,1,0,0,0,0,0,5.91733E+20,5.79054E+21,1.0344E+16,5.22576E+16
136613,3.17122E+18,3,1,53,17,2017,12,11,2,3,5,3,0,1,0,0,0,0,0,5.9807E+20,5.75268E+21,1.04259E+16,5.19162E+16
136614,3.17122E+18,3,1,1,0,2017,12,16,2,3,5,2,1,1,0,0,0,2,0,6.03582E+20,5.79068E+21,1.05176E+16,5.22567E+16
136615,3.17122E+18,3,4,57,14,2017,12,17,1,3,6,4,0,1,1,0,0,2,1,3.99342E+20,5.90788E+21,7.4892E+15,5.33105E+16
136616,3.17122E+18,3,4,54,35,2017,12,3,1,2,0,1,1,0,0,0,0,2,2,3.83099E+20,5.83978E+21,7.27016E+15,5.26953E+16
136617,3.17122E+18,3,4,53,3,2017,12,9,1,3,9,1,0,1,0,0,0,0,2,4.36316E+20,5.85106E+21,8.05528E+15,5.28056E+16
136618,3.17122E+18,3,3,56,7,2017,12,8,1,3,4,2,1,1,0,0,0,1,2,4.8569E+20,5.8971E+21,8.78567E+15,5.3223E+16
136619,3.17122E+18,3,4,61,7,2017,12,0,1,3,5,3,0,1,0,0,0,2,1,4.65229E+20,5.92651E+21,8.47598E+15,5.34864E+16
136620,3.17122E+18,3,3,52,62,2017,12,16,1,3,6,6,0,1,1,0,0,1,1,4.8329E+20,5.94122E+21,8.74737E+15,5.36196E+16
136621,3.17122E+18,3,2,41,11,2017,12,0,1,3,5,3,0,1,0,0,0,2,1,5.65454E+20,5.8048E+21,9.96182E+15,5.23896E+16
136622,3.17122E+18,3,2,41,1,2017,12,16,1,3,5,3,1,1,0,0,0,2,0,5.4916E+20,5.80447E+21,9.72237E+15,5.23883E+16
136623,3.17122E+18,3,2,41,1,2017,12,15,1,3,8,7,0,1,0,0,0,0,0,5.54195E+20,5.80638E+21,9.79665E+15,5.24049E+16
136624,3.17122E+18,3,1,3,0,2017,12,7,1,3,6,6,0,1,1,0,0,1,0,6.2158E+20,5.80967E+21,1.0788E+16,5.24237E+16
136625,3.17122E+18,3,1,58,37,2017,12,11,1,3,0,1,1,0,0,0,0,0,1,6.03686E+20,5.77946E+21,1.05157E+16,5.21559E+16
136626,3.17122E+18,3,1,2,0,2017,12,16,1,3,1,1,0,1,0,0,0,2,0,5.89707E+20,5.76624E+21,1.03079E+16,5.20395E+16
136627,3.17122E+18,3,4,4,0,2017,12,12,7,3,6,4,0,1,1,0,0,0,0,4.36617E+20,5.79248E+21,8.07093E+15,5.2279E+16
136628,3.17122E+18,3,4,54,35,2017,12,22,7,2,8,1,0,1,0,0,0,2,1,3.87987E+20,5.83969E+21,7.34248E+15,5.26955E+16
136629,3.17122E+18,3,4,54,32,2017,12,12,7,3,1,5,1,1,0,0,0,0,0,3.86003E+20,5.82146E+21,7.31942E+15,5.25313E+16
136630,3.17122E+18,3,4,52,19,2017,12,18,7,3,0,2,0,0,0,1,0,2,1,3.81054E+20,5.93996E+21,7.20272E+15,5.35949E+16
136631,3.17122E+18,3,4,52,19,2017,12,11,7,3,2,2,0,1,0,0,0,0,1,3.81238E+20,5.94009E+21,7.20545E+15,5.35962E+16
136632,3.17122E+18,3,4,52,1,2017,12,8,7,3,9,1,0,1,0,0,0,0,1,3.96578E+20,5.92696E+21,7.44148E+15,5.34815E+16
136633,3.17122E+18,3,4,53,5,2017,12,21,7,3,6,2,0,1,1,0,0,2,1,4.42814E+20,5.85383E+21,8.15118E+15,5.28312E+16
136634,3.17122E+18,3,4,55,7,2017,12,13,7,3,5,3,0,1,0,0,1,0,1,4.27059E+20,5.93623E+21,7.89854E+15,5.35699E+16
136635,3.17122E+18,3,4,3,0,2017,12,17,7,3,5,3,0,1,1,0,0,2,1,4.44901E+20,5.88841E+21,8.17626E+15,5.31422E+16
136636,3.17122E+18,3,4,3,0,2017,12,12,7,3,5,3,1,1,0,0,0,0,1,4.47182E+20,5.88885E+21,8.21028E+15,5.31465E+16
136637,3.17122E+18,3,2,51,37,2017,12,17,7,3,5,3,0,1,0,0,1,2,1,4.85863E+20,5.87359E+21,8.78928E+15,5.30117E+16
136638,3.17122E+18,3,4,61,7,2017,12,1,7,3,5,3,0,1,0,0,0,2,1,4.64909E+20,5.92778E+21,8.471E+15,5.34978E+16
136639,3.17122E+18,3,4,61,2,2017,12,19,7,2,6,4,0,1,1,0,0,2,1,4.65252E+20,5.90869E+21,8.47828E+15,5.33263E+16
136640,3.17122E+18,3,3,53,5,2017,12,11,7,3,2,2,0,1,0,0,0,0,1,5.57596E+20,5.90884E+21,9.86475E+15,5.33256E+16
136641,3.17122E+18,3,3,57,51,2017,12,5,7,3,8,7,0,1,0,0,0,2,1,5.38145E+20,5.87321E+21,9.56849E+15,5.3007E+16
136642,3.17122E+18,3,3,54,18,2017,12,18,7,2,6,6,0,0,1,0,1,2,1,6.43131E+20,5.87278E+21,1.11322E+16,5.29855E+16
136643,3.17122E+18,3,3,55,22,2017,12,15,7,2,5,3,1,1,0,0,0,0,1,5.93559E+20,5.90002E+21,1.0402E+16,5.32412E+16
136644,3.17122E+18,3,2,41,1,2017,12,12,7,3,5,3,1,1,0,0,0,0,0,5.53146E+20,5.80624E+21,9.78121E+15,5.24038E+16
136645,3.17122E+18,3,2,57,9,2017,12,14,7,3,5,3,0,1,0,0,0,1,1,5.02848E+20,5.79005E+21,9.04173E+15,5.22609E+16
136646,3.17122E+18,3,2,56,22,2017,12,11,7,3,6,4,0,1,1,0,0,0,0,5.14871E+20,5.83445E+21,9.21987E+15,5.26598E+16
136647,3.17122E+18,3,1,59,10,2017,12,14,7,3,2,6,0,1,0,0,0,0,0,5.8709E+20,5.7071E+21,1.02549E+16,5.15083E+16
136648,3.17122E+18,3,4,57,12,2017,12,12,6,3,6,4,1,0,1,0,0,0,0,3.92532E+20,5.90274E+21,7.38877E+15,5.3263E+16
136649,3.17122E+18,3,4,57,13,2017,12,20,6,3,5,7,0,1,0,1,0,2,0,3.97666E+20,5.8994E+21,7.46678E+15,5.3234E+16
136650,3.17122E+18,3,4,54,41,2017,12,10,6,2,7,7,1,0,0,0,1,0,0,3.94089E+20,5.88143E+21,7.41915E+15,5.30719E+16
136651,3.17122E+18,3,4,54,41,2017,12,11,6,3,5,3,0,1,0,0,0,0,0,3.92073E+20,5.88266E+21,7.38866E+15,5.30825E+16
136652,3.17122E+18,3,4,54,35,2017,12,8,6,3,5,2,1,1,0,0,0,0,0,3.845E+20,5.8384E+21,7.29136E+15,5.26832E+16
136653,3.17122E+18,3,4,54,32,2017,12,19,6,3,0,2,1,0,0,0,1,2,1,3.85542E+20,5.82087E+21,7.31284E+15,5.25259E+16
136654,3.17122E+18,3,4,52,19,2017,12,12,6,3,1,5,0,1,0,0,1,0,0,3.81572E+20,5.93957E+21,7.21068E+15,5.35916E+16
136655,3.17122E+18,3,4,53,6,2017,12,11,6,2,5,3,0,1,0,1,0,0,1,4.27309E+20,5.84015E+21,7.92412E+15,5.27064E+16
136656,3.17122E+18,3,4,53,4,2017,12,20,6,3,5,3,1,1,0,0,0,2,1,4.35922E+20,5.85596E+21,8.04847E+15,5.28496E+16
136657,3.17122E+18,3,4,55,7,2017,12,7,6,3,6,4,0,1,1,0,0,2,1,4.2705E+20,5.93633E+21,7.89839E+15,5.35708E+16
136658,3.17122E+18,3,4,5,0,2017,12,13,6,3,5,3,0,1,0,0,0,0,0,4.40268E+20,5.93037E+21,8.0991E+15,5.35188E+16
136659,3.17122E+18,3,4,61,2,2017,12,11,6,3,3,6,1,1,0,0,0,0,1,4.64981E+20,5.90945E+21,8.47414E+15,5.3333E+16
136660,3.17122E+18,3,3,57,6,2017,12,8,6,3,5,3,0,1,0,0,1,0,1,5.3365E+20,5.88042E+21,9.50225E+15,5.30722E+16
136661,3.17122E+18,3,2,41,1,2017,12,21,6,3,0,7,1,0,0,0,0,2,0,5.49868E+20,5.80321E+21,9.73257E+15,5.23768E+16
136662,3.17122E+18,3,2,41,1,2017,12,14,6,3,6,7,0,1,1,0,0,0,0,5.49977E+20,5.80296E+21,9.73414E+15,5.23746E+16
136663,3.17122E+18,3,2,41,1,2017,12,18,6,3,1,5,0,1,0,1,0,2,1,5.49858E+20,5.80565E+21,9.7328E+15,5.23988E+16
136664,3.17122E+18,3,2,41,1,2017,12,14,6,3,0,1,1,0,0,0,0,0,0,5.47299E+20,5.80659E+21,9.69532E+15,5.24075E+16
136665,3.17122E+18,3,2,41,1,2017,12,16,6,3,5,3,1,1,0,0,0,2,0,5.54838E+20,5.80775E+21,9.80632E+15,5.24172E+16
136666,3.17122E+18,3,2,41,1,2017,12,14,6,2,0,3,1,1,0,0,0,0,0,5.53208E+20,5.79786E+21,9.78078E+15,5.23285E+16
136667,3.17122E+18,3,2,41,1,2017,12,10,6,3,5,2,1,1,0,0,0,0,1,5.50987E+20,5.8047E+21,9.74924E+15,5.23902E+16
136668,3.17122E+18,3,1,55,10,2017,12,15,6,3,5,3,0,1,0,0,0,0,0,5.64836E+20,5.71962E+21,9.93662E+15,5.16238E+16
136669,3.17122E+18,3,2,56,22,2017,12,19,6,3,8,1,0,1,0,0,0,2,0,5.16386E+20,5.83004E+21,9.24204E+15,5.26201E+16
136670,3.17122E+18,3,2,56,22,2017,12,13,6,3,5,3,0,1,0,0,0,0,0,5.14862E+20,5.83513E+21,9.21976E+15,5.26659E+16
136671,3.17122E+18,3,1,59,34,2017,12,21,6,3,6,4,0,1,1,0,0,2,1,5.44088E+20,5.69161E+21,9.63342E+15,5.13741E+16
136672,3.17122E+18,3,1,51,6,2017,12,17,6,3,6,6,1,0,1,0,0,2,0,6.10655E+20,5.80943E+21,1.06273E+16,5.24239E+16
136673,3.17121E+18,3,4,4,0,2017,12,14,5,3,5,3,0,1,0,1,0,0,1,4.32459E+20,5.79455E+21,8.00958E+15,5.22971E+16
136674,3.17121E+18,3,4,4,0,2017,12,7,5,3,5,3,1,1,0,0,0,2,1,4.32529E+20,5.79225E+21,8.01106E+15,5.22765E+16
136675,3.17121E+18,3,4,2,0,2017,12,17,5,3,0,3,1,1,0,0,0,2,1,3.80687E+20,5.91449E+21,7.20685E+15,5.3366E+16
136676,3.17121E+18,3,4,54,41,2017,12,19,5,2,6,4,0,1,1,0,0,2,1,3.92624E+20,5.88211E+21,7.39707E+15,5.30777E+16
136677,3.17121E+18,3,4,56,15,2017,12,19,5,3,2,6,0,1,0,0,0,2,1,3.68389E+20,5.81026E+21,7.06434E+15,5.24267E+16
136678,3.17121E+18,3,4,56,15,2017,12,7,5,3,5,3,1,1,0,0,0,2,1,3.67676E+20,5.8103E+21,7.05384E+15,5.24269E+16
136679,3.17121E+18,3,4,54,21,2017,12,7,5,3,6,2,0,1,1,0,0,2,1,4.0506E+20,5.83767E+21,7.59563E+15,5.26806E+16
136680,3.17121E+18,3,4,60,5,2017,12,17,5,3,9,1,0,1,0,0,0,2,1,4.37319E+20,5.82682E+21,8.07478E+15,5.25878E+16
136681,3.17121E+18,3,4,55,7,2017,12,8,5,3,5,3,1,1,0,0,0,0,1,4.2638E+20,5.93695E+21,7.88813E+15,5.35762E+16
136682,3.17121E+18,3,4,5,0,2017,12,17,5,3,5,3,0,1,0,0,0,2,1,4.40875E+20,5.93043E+21,8.10824E+15,5.35195E+16
136683,3.17121E+18,3,4,3,0,2017,12,14,5,3,6,4,0,1,1,0,0,0,1,4.47726E+20,5.88754E+21,8.21864E+15,5.31347E+16
136684,3.17121E+18,3,2,51,12,2017,12,7,5,3,5,3,1,1,0,0,0,1,1,4.57156E+20,5.82919E+21,8.36726E+15,5.2611E+16
136685,3.17121E+18,3,4,61,7,2017,12,7,5,3,1,7,1,1,0,0,0,2,1,4.65607E+20,5.92652E+21,8.48167E+15,5.34866E+16
136686,3.17121E+18,3,3,59,10,2017,12,20,5,3,6,4,0,1,1,0,0,2,1,5.46667E+20,5.92553E+21,9.70316E+15,5.34767E+16
136687,3.17121E+18,3,3,57,39,2017,12,14,5,3,1,7,0,1,0,0,1,0,0,5.27597E+20,5.8851E+21,9.41231E+15,5.31146E+16
136688,3.17121E+18,3,3,55,22,2017,12,7,5,3,3,6,0,1,0,1,1,0,0,5.9436E+20,5.90133E+21,1.04144E+16,5.32528E+16
136689,3.17121E+18,3,3,55,22,2017,12,22,5,3,5,3,0,1,0,0,0,2,1,5.95681E+20,5.89979E+21,1.04337E+16,5.32388E+16
136690,3.17121E+18,3,2,41,1,2017,12,9,5,3,1,5,0,1,0,1,0,0,1,5.49112E+20,5.80314E+21,9.72146E+15,5.23763E+16
136691,3.17121E+18,3,2,41,1,2017,12,10,5,3,0,7,1,0,0,0,0,0,1,5.56691E+20,5.80474E+21,9.83306E+15,5.239E+16
136692,3.17121E+18,3,2,41,1,2017,12,18,5,3,2,2,0,1,0,0,0,2,0,5.53951E+20,5.80618E+21,9.79304E+15,5.24032E+16
136693,3.17121E+18,3,2,41,1,2017,12,9,5,3,3,6,0,1,0,0,1,0,1,5.51155E+20,5.80293E+21,9.75144E+15,5.23743E+16
136694,3.17121E+18,3,2,41,12,2017,12,9,5,3,0,7,1,0,0,0,0,0,1,5.29866E+20,5.81661E+21,9.43996E+15,5.24988E+16
136695,3.17121E+18,3,2,57,9,2017,12,7,5,3,6,4,0,1,1,0,0,1,1,5.03628E+20,5.78961E+21,9.05315E+15,5.22568E+16
136696,3.17121E+18,3,2,54,21,2017,12,15,5,3,6,2,0,1,1,0,0,1,1,5.65158E+20,5.77959E+21,9.9526E+15,5.2163E+16
136697,3.17121E+18,3,2,55,23,2017,12,7,5,3,1,5,1,1,0,0,0,1,1,5.32938E+20,5.74182E+21,9.47795E+15,5.18262E+16
136698,3.17121E+18,3,2,52,6,2017,12,7,5,2,5,3,0,1,0,0,0,2,1,5.252E+20,5.77228E+21,9.3679E+15,5.21005E+16
136699,3.17121E+18,3,1,59,29,2017,12,17,5,3,3,6,1,1,0,0,0,2,1,5.62597E+20,5.70584E+21,9.90182E+15,5.15002E+16
136700,3.17121E+18,3,1,59,16,2017,12,7,5,3,5,2,1,1,0,0,0,2,1,5.65191E+20,5.70866E+21,9.93971E+15,5.15253E+16
136701,3.17121E+18,3,1,53,17,2017,12,19,5,3,6,2,0,0,1,0,1,2,1,5.97681E+20,5.75195E+21,1.04201E+16,5.19097E+16
136702,3.17121E+18,3,1,51,9,2017,12,19,5,3,2,6,0,1,0,0,0,2,1,6.04591E+20,5.81563E+21,1.05401E+16,5.24808E+16
136703,3.17121E+18,3,1,51,9,2017,12,17,5,3,6,2,0,1,1,0,0,2,1,6.07539E+20,5.81608E+21,1.05837E+16,5.24843E+16
136704,3.17121E+18,3,1,1,0,2017,12,22,5,3,0,1,1,0,0,0,0,2,2,6.02182E+20,5.79176E+21,1.04974E+16,5.22668E+16
136705,3.17121E+18,3,4,59,33,2017,12,20,4,2,7,1,0,1,0,0,0,2,1,4.36321E+20,5.79773E+21,8.0656E+15,5.23262E+16
136706,3.17121E+18,3,4,4,0,2017,12,22,4,3,6,2,0,1,1,0,0,2,1,4.35483E+20,5.79035E+21,8.05472E+15,5.22597E+16
136707,3.17121E+18,3,4,4,0,2017,12,15,4,2,5,3,1,1,0,0,0,1,1,4.35759E+20,5.79238E+21,8.05838E+15,5.22781E+16
136708,4.17021E+18,4,0,11,0,2017,2,15,5,3,6,4,0,1,1,0,0,0,0,4.82559E+20,5.87789E+21,8.73981E+15,5.30503E+16
136709,4.17021E+18,4,0,11,0,2017,2,13,5,3,1,3,0,1,0,0,0,0,0,4.70964E+20,5.8943E+21,8.56536E+15,5.31972E+16
136710,4.17021E+18,4,0,11,0,2017,2,16,5,3,6,4,0,0,1,0,1,0,0,4.8966E+20,5.88411E+21,8.84554E+15,5.31063E+16
136711,4.17021E+18,4,0,11,0,2017,2,17,5,3,6,4,0,1,1,0,0,0,0,4.8909E+20,5.88147E+21,8.83713E+15,5.30826E+16
136712,4.17021E+18,4,0,11,0,2017,2,7,5,3,2,6,0,1,0,0,0,0,0,4.92301E+20,5.8788E+21,8.88513E+15,5.30586E+16
136713,4.17021E+18,4,0,11,0,2017,2,8,4,3,1,5,0,1,0,0,1,0,0,4.92936E+20,5.879E+21,8.8946E+15,5.30605E+16
136714,4.17021E+18,4,0,11,0,2017,2,18,4,3,5,3,1,1,0,0,0,2,0,4.86199E+20,5.88303E+21,8.79389E+15,5.30966E+16
136715,4.17021E+18,4,0,11,0,2017,2,17,4,3,1,7,1,0,0,0,1,2,0,4.85878E+20,5.87937E+21,8.78926E+15,5.30636E+16
136716,4.17021E+18,4,0,11,0,2017,2,12,3,3,2,6,0,1,0,0,0,0,0,4.86688E+20,5.88024E+21,8.80131E+15,5.30715E+16
136717,4.17021E+18,4,0,11,0,2017,2,16,3,3,0,1,1,0,0,0,0,0,0,4.86761E+20,5.88499E+21,8.8022E+15,5.31142E+16
136718,4.17021E+18,4,0,11,0,2017,2,8,3,3,5,3,1,1,0,0,0,0,0,4.88694E+20,5.87604E+21,8.83141E+15,5.30338E+16
136719,4.17021E+18,4,0,11,0,2017,2,7,3,3,1,7,0,1,0,0,0,0,0,4.80328E+20,5.8823E+21,8.70625E+15,5.30898E+16
136720,4.17021E+18,4,0,12,0,2017,2,17,2,2,5,3,1,0,0,0,1,2,0,4.71702E+20,5.9347E+21,8.57278E+15,5.35605E+16
136721,4.17021E+18,4,0,11,0,2017,2,12,2,3,5,3,1,1,0,0,0,0,0,4.82353E+20,5.87736E+21,8.73676E+15,5.30455E+16
136722,4.17021E+18,4,0,11,0,2017,2,7,2,3,6,4,0,1,1,0,0,1,0,4.8796E+20,5.88163E+21,8.82025E+15,5.3084E+16
136723,4.17021E+18,4,0,11,0,2017,2,16,1,3,2,6,0,1,0,0,0,0,1,4.85678E+20,5.88355E+21,8.78609E+15,5.31012E+16
136724,4.1702E+18,4,0,12,0,2017,2,12,7,3,5,3,0,1,0,0,0,0,1,4.73107E+20,5.92701E+21,8.59465E+15,5.34914E+16
136725,4.1702E+18,4,0,12,0,2017,2,11,7,3,5,2,0,1,0,0,0,0,1,4.73026E+20,5.93182E+21,8.59302E+15,5.35346E+16
136726,4.1702E+18,4,0,11,0,2017,2,2,7,3,5,3,0,1,0,0,0,2,1,4.81154E+20,5.888E+21,8.71826E+15,5.31411E+16
136727,4.1702E+18,4,0,11,0,2017,2,14,7,3,4,2,0,1,0,1,0,0,0,4.89919E+20,5.87998E+21,8.84954E+15,5.30692E+16
136728,4.1702E+18,4,0,11,0,2017,2,14,7,3,5,3,0,1,0,0,1,0,0,4.86402E+20,5.88079E+21,8.79702E+15,5.30764E+16
136729,4.1702E+18,4,0,11,0,2017,2,16,7,3,5,2,1,1,0,0,0,0,0,4.87059E+20,5.879E+21,8.80689E+15,5.30604E+16
136730,4.1702E+18,4,0,11,0,2017,2,22,7,3,8,1,0,0,0,0,1,2,1,4.80353E+20,5.89105E+21,8.7061E+15,5.31685E+16
136731,4.1702E+18,4,0,11,0,2017,2,19,7,3,2,6,0,1,0,0,0,2,0,4.85906E+20,5.88108E+21,8.78961E+15,5.3079E+16
136732,4.1702E+18,4,0,11,0,2017,2,13,6,2,5,2,1,1,0,0,0,0,1,4.83855E+20,5.8852E+21,8.75877E+15,5.3116E+16
136733,4.1702E+18,4,0,11,0,2017,2,7,6,3,6,4,1,0,1,0,0,1,1,4.89098E+20,5.88027E+21,8.83728E+15,5.30718E+16
136734,4.1702E+18,4,0,12,0,2017,2,8,5,3,4,3,0,1,0,0,0,0,1,4.74752E+20,5.93093E+21,8.61913E+15,5.35266E+16
136735,4.1702E+18,4,0,11,0,2017,2,1,5,3,8,1,0,1,0,0,0,2,0,4.87979E+20,5.87799E+21,8.82066E+15,5.30513E+16
136736,4.1702E+18,4,0,11,0,2017,2,13,5,2,3,5,1,1,0,0,0,0,1,4.86646E+20,5.88281E+21,8.80058E+15,5.30946E+16
136737,4.1702E+18,4,0,11,0,2017,2,17,5,2,6,4,0,1,1,0,0,2,1,4.84043E+20,5.88202E+21,8.76174E+15,5.30874E+16
136738,4.1702E+18,4,0,11,0,2017,2,18,5,3,2,6,0,1,0,0,0,2,0,4.91297E+20,5.8795E+21,8.87012E+15,5.3065E+16
136739,4.1702E+18,4,0,11,0,2017,2,5,5,3,2,2,0,1,0,0,0,2,1,4.93737E+20,5.87623E+21,8.90659E+15,5.30355E+16
136740,4.1702E+18,4,0,12,0,2017,2,9,4,3,5,3,0,1,0,0,0,0,0,4.73206E+20,5.93172E+21,8.59575E+15,5.35337E+16
136741,4.1702E+18,4,0,11,0,2017,2,19,4,3,5,3,0,1,0,0,1,2,0,4.86653E+20,5.87991E+21,8.8008E+15,5.30685E+16