OBJECTID,UIDENTSTLA,ULAND,UREGBEZ,UKREIS,UGEMEINDE,UJAHR,UMONAT,USTUNDE,UWOCHENTAG,UKATEGORIE,UART,UTYP1,IstRad,IstPKW,IstFuss,IstKrad,IstSonstig,LICHT,STRZUSTAND,LINREFX,LINREFY,XGCSWGS84,YGCSWGS84
136742,4.1702E+18,4,0,11,0,2017,2,17,4,2,5,3,1,1,0,0,0,1,0,4.86862E+20,5.88034E+21,8.80391E+15,5.30724E+16
136743,4.1702E+18,4,0,11,0,2017,2,19,4,2,1,7,0,1,0,0,1,2,1,4.89064E+20,5.88269E+21,8.83669E+15,5.30936E+16
136744,4.1702E+18,4,0,11,0,2017,2,7,4,3,1,7,0,1,0,0,0,0,0,4.82929E+20,5.88637E+21,8.74488E+15,5.31265E+16
136745,4.17013E+18,4,0,11,0,2017,1,12,3,3,2,6,0,1,0,0,0,0,0,4.71478E+20,5.89446E+21,8.57303E+15,5.31987E+16
136746,4.17013E+18,4,0,11,0,2017,1,7,3,3,2,6,0,1,0,0,1,0,1,4.82268E+20,5.8811E+21,8.7353E+15,5.30791E+16
136747,4.17013E+18,4,0,11,0,2017,1,6,3,3,2,6,0,1,0,0,1,2,1,4.91242E+20,5.8806E+21,8.86927E+15,5.30748E+16
136748,4.17013E+18,4,0,12,0,2017,1,12,2,3,5,3,0,1,0,0,1,0,1,4.73801E+20,5.92868E+21,8.60497E+15,5.35064E+16
136749,4.17013E+18,4,0,12,0,2017,1,18,2,3,5,3,1,1,0,0,0,2,1,4.72806E+20,5.93114E+21,8.58976E+15,5.35285E+16
136750,4.17013E+18,4,0,11,0,2017,1,7,2,3,5,3,0,1,0,0,0,2,1,4.84732E+20,5.88283E+21,8.77199E+15,5.30947E+16
136751,4.17013E+18,4,0,11,0,2017,1,7,2,3,6,4,0,1,1,0,0,2,1,4.8562E+20,5.88367E+21,8.78521E+15,5.31023E+16
136752,4.17013E+18,4,0,11,0,2017,1,11,2,3,2,6,0,1,0,0,0,0,1,4.93184E+20,5.88703E+21,8.89813E+15,5.31326E+16
136753,4.17013E+18,4,0,11,0,2017,1,7,2,3,6,4,0,1,1,0,0,2,1,4.79017E+20,5.8916E+21,8.68608E+15,5.31734E+16
136754,4.17013E+18,4,0,11,0,2017,1,13,2,2,5,3,1,1,0,0,0,0,1,4.71888E+20,5.89274E+21,8.57933E+15,5.31833E+16
136755,4.17013E+18,4,0,11,0,2017,1,11,2,3,2,6,0,1,0,0,1,0,1,4.97444E+20,5.87819E+21,8.96186E+15,5.30532E+16
136756,4.17013E+18,4,0,11,0,2017,1,8,2,3,3,6,0,1,0,0,1,1,1,4.89176E+20,5.88145E+21,8.83841E+15,5.30824E+16
136757,4.17013E+18,4,0,11,0,2017,1,14,2,2,3,6,1,1,0,0,0,0,1,4.90738E+20,5.88333E+21,8.86167E+15,5.30993E+16
136758,4.17013E+18,4,0,11,0,2017,1,17,2,3,5,3,1,1,0,0,0,2,1,4.91475E+20,5.88397E+21,8.87266E+15,5.31051E+16
136759,4.17013E+18,4,0,12,0,2017,1,20,1,3,2,6,0,1,0,0,0,2,1,4.73066E+20,5.9339E+21,8.59345E+15,5.35533E+16
136760,4.17013E+18,4,0,11,0,2017,1,8,1,3,2,6,0,1,0,0,0,0,1,4.95564E+20,5.87658E+21,8.93384E+15,5.30387E+16
136761,4.17013E+18,4,0,12,0,2017,1,12,7,3,2,6,0,1,0,0,0,0,0,4.73354E+20,5.92655E+21,8.59842E+15,5.34872E+16
136762,4.17013E+18,4,0,12,0,2017,1,12,7,3,2,6,0,1,0,0,0,0,1,4.73308E+20,5.93197E+21,8.59726E+15,5.3536E+16
136763,4.17013E+18,4,0,12,0,2017,1,14,7,3,5,3,1,0,0,0,1,0,0,4.7347E+20,5.92933E+21,8.59994E+15,5.35122E+16
136764,4.17013E+18,4,0,12,0,2017,1,17,7,3,5,2,0,1,0,0,0,2,0,4.73103E+20,5.93231E+21,8.59414E+15,5.3539E+16
136765,4.17013E+18,4,0,11,0,2017,1,13,7,3,6,4,1,0,1,0,0,0,0,4.86482E+20,5.8812E+21,8.7982E+15,5.30801E+16
136766,4.17013E+18,4,0,11,0,2017,1,14,7,3,5,2,0,1,0,0,1,0,0,4.90343E+20,5.88379E+21,8.85576E+15,5.31035E+16
136767,4.17013E+18,4,0,11,0,2017,1,4,7,2,8,1,0,1,0,0,0,2,1,4.88747E+20,5.88508E+21,8.83187E+15,5.31151E+16
136768,4.17013E+18,4,0,11,0,2017,1,17,7,3,4,2,1,1,0,0,0,2,0,4.87516E+20,5.88234E+21,8.81359E+15,5.30904E+16
136769,4.17013E+18,4,0,12,0,2017,1,13,6,3,2,6,0,1,0,0,0,0,0,4.72821E+20,5.93083E+21,8.59001E+15,5.35257E+16
136770,4.17013E+18,4,0,11,0,2017,1,14,6,3,4,2,1,1,0,0,0,0,0,4.89765E+20,5.88196E+21,8.84719E+15,5.3087E+16
136771,4.17013E+18,4,0,11,0,2017,1,5,6,3,5,3,1,1,0,0,0,2,0,4.91672E+20,5.87917E+21,8.87573E+15,5.3062E+16
136772,4.17013E+18,4,0,11,0,2017,1,17,6,3,1,5,1,1,0,0,0,2,1,4.88167E+20,5.88155E+21,8.82334E+15,5.30833E+16
136773,4.17013E+18,4,0,11,0,2017,1,18,6,3,1,1,0,1,0,0,0,2,0,4.71114E+20,5.89455E+21,8.56758E+15,5.31995E+16
136774,4.17013E+18,4,0,11,0,2017,1,10,6,3,5,3,0,1,0,0,0,0,0,4.91331E+20,5.88297E+21,8.87053E+15,5.30961E+16
136775,4.17013E+18,4,0,11,0,2017,1,8,5,3,3,6,1,0,0,0,0,0,0,4.86693E+20,5.8825E+21,8.80129E+15,5.30918E+16
136776,4.17013E+18,4,0,11,0,2017,1,20,5,3,5,3,1,1,0,0,0,2,0,4.8968E+20,5.88201E+21,8.84591E+15,5.30875E+16
136777,4.17013E+18,4,0,11,0,2017,1,10,5,3,5,2,0,1,0,0,1,0,0,4.91966E+20,5.87948E+21,8.88011E+15,5.30648E+16
136778,4.17013E+18,4,0,11,0,2017,1,17,5,3,2,6,0,1,0,0,0,1,1,4.85971E+20,5.88121E+21,8.79056E+15,5.30801E+16
136779,4.17013E+18,4,0,11,0,2017,1,17,5,3,4,6,1,0,0,0,0,2,0,4.87221E+20,5.88287E+21,8.80916E+15,5.30952E+16
136780,4.17013E+18,4,0,12,0,2017,1,7,4,3,6,3,0,1,1,0,0,1,1,4.71716E+20,5.93351E+21,8.57311E+15,5.35498E+16
136781,4.17013E+18,4,0,12,0,2017,1,12,4,3,5,2,1,1,0,0,0,0,0,4.7233E+20,5.93474E+21,8.58226E+15,5.35609E+16
136782,4.17013E+18,4,0,12,0,2017,1,15,4,3,2,6,0,1,0,0,0,0,0,4.73426E+20,5.93612E+21,8.59869E+15,5.35733E+16
136783,4.17013E+18,4,0,11,0,2017,1,16,4,3,2,2,0,1,0,0,0,1,0,4.90209E+20,5.88145E+21,8.85382E+15,5.30824E+16
136784,4.17013E+18,4,0,11,0,2017,1,9,4,3,2,6,1,1,0,0,0,0,0,4.87761E+20,5.88041E+21,8.81732E+15,5.30731E+16
136785,4.17013E+18,4,0,11,0,2017,1,11,4,3,5,3,1,1,0,0,0,0,0,4.92247E+20,5.88041E+21,8.88427E+15,5.30731E+16
136786,4.17013E+18,4,0,11,0,2017,1,19,4,3,5,3,1,1,0,0,0,2,2,4.89959E+20,5.88281E+21,8.85006E+15,5.30946E+16
136787,4.17013E+18,4,0,11,0,2017,1,13,4,3,5,2,1,1,0,0,0,0,0,4.87036E+20,5.88274E+21,8.80641E+15,5.3094E+16
136788,4.17013E+18,4,0,11,0,2017,1,15,4,2,5,2,0,1,0,0,1,0,0,4.84049E+20,5.88505E+21,8.76169E+15,5.31147E+16
136789,4.17013E+18,4,0,11,0,2017,1,14,4,2,5,2,1,1,0,0,0,0,0,4.82577E+20,5.87802E+21,8.74008E+15,5.30514E+16
136790,4.17012E+18,4,0,12,0,2017,1,17,3,3,5,3,0,1,0,0,0,2,1,4.72681E+20,5.93074E+21,8.58791E+15,5.35249E+16
136791,4.17012E+18,4,0,12,0,2017,1,9,3,3,2,6,0,1,0,0,0,0,1,4.72176E+20,5.93355E+21,8.58005E+15,5.35501E+16
136792,4.17012E+18,4,0,12,0,2017,1,10,3,3,2,6,0,1,0,0,0,0,0,4.72172E+20,5.93354E+21,8.57998E+15,5.355E+16
136793,4.17012E+18,4,0,12,0,2017,1,3,3,2,9,1,0,1,0,0,0,2,1,4.73299E+20,5.93619E+21,8.59676E+15,5.35739E+16
136794,4.17012E+18,4,0,11,0,2017,1,19,3,3,0,1,1,0,0,0,0,2,0,4.87066E+20,5.88139E+21,8.80691E+15,5.30818E+16
136795,4.17012E+18,4,0,11,0,2017,1,11,3,3,2,6,0,1,0,0,1,0,0,4.91892E+20,5.88105E+21,8.87896E+15,5.30789E+16
136796,4.17012E+18,4,0,11,0,2017,1,12,3,3,5,3,1,1,0,0,0,0,0,4.89873E+20,5.87541E+21,8.849E+15,5.30281E+16
136797,4.17012E+18,4,0,11,0,2017,1,12,3,2,0,3,0,1,1,0,0,0,1,4.72965E+20,5.89223E+21,8.59549E+15,5.31788E+16
136798,4.17012E+18,4,0,11,0,2017,1,14,3,3,3,7,0,1,0,0,0,0,0,4.9172E+20,5.88516E+21,8.87628E+15,5.31158E+16
136799,4.17012E+18,4,0,11,0,2017,1,8,3,3,5,3,0,1,0,0,0,0,1,4.79225E+20,5.89232E+21,8.68914E+15,5.31798E+16
136800,4.17012E+18,4,0,11,0,2017,1,22,3,3,2,6,0,1,0,0,0,2,0,4.93255E+20,5.87887E+21,8.89936E+15,5.30593E+16
136801,4.17012E+18,4,0,11,0,2017,1,13,3,3,2,2,0,1,0,0,0,0,0,4.92596E+20,5.87913E+21,8.88951E+15,5.30616E+16
136802,4.17012E+18,4,0,12,0,2017,1,13,2,3,5,3,0,1,0,0,0,0,0,4.73369E+20,5.93819E+21,8.59766E+15,5.35919E+16
136803,4.17012E+18,4,0,12,0,2017,1,9,2,3,5,3,1,1,0,0,0,0,0,4.73334E+20,5.93685E+21,8.59723E+15,5.35799E+16
136804,4.17012E+18,4,0,11,0,2017,1,11,2,3,5,6,1,1,0,0,0,0,0,4.88847E+20,5.87598E+21,8.83369E+15,5.30332E+16
136805,4.17012E+18,4,0,11,0,2017,1,8,2,3,2,6,0,1,0,0,0,0,0,4.85497E+20,5.87916E+21,8.78358E+15,5.30617E+16
136806,4.17012E+18,4,0,11,0,2017,1,13,2,3,6,4,0,0,1,0,1,0,0,4.86643E+20,5.88105E+21,8.80061E+15,5.30788E+16
136807,4.17012E+18,4,0,11,0,2017,1,17,2,3,2,6,0,1,0,0,0,2,0,4.83506E+20,5.88573E+21,8.75354E+15,5.31207E+16
136808,4.17012E+18,4,0,11,0,2017,1,16,2,3,2,6,0,1,0,0,1,1,0,4.95617E+20,5.87654E+21,8.93464E+15,5.30384E+16
136809,4.17012E+18,4,0,11,0,2017,1,13,2,3,0,4,0,0,1,0,1,0,0,4.89196E+20,5.88149E+21,8.8387E+15,5.30828E+16
136810,4.17012E+18,4,0,11,0,2017,1,2,2,2,0,1,1,0,0,0,0,2,1,4.87334E+20,5.88027E+21,8.81095E+15,5.30718E+16
136811,4.17012E+18,4,0,12,0,2017,1,21,7,2,8,1,0,1,0,0,0,2,1,4.72757E+20,5.93024E+21,8.58909E+15,5.35203E+16
136812,4.17012E+18,4,0,11,0,2017,1,19,7,3,6,4,0,0,1,0,1,2,0,4.87331E+20,5.88131E+21,8.81087E+15,5.30811E+16
136813,4.17012E+18,4,0,11,0,2017,1,6,7,3,6,7,0,1,1,0,0,2,1,4.85529E+20,5.88325E+21,8.78388E+15,5.30985E+16
136814,4.17012E+18,4,0,11,0,2017,1,17,7,3,0,7,1,1,0,0,0,2,1,4.87233E+20,5.88052E+21,8.80943E+15,5.3074E+16
136815,4.17012E+18,4,0,12,0,2017,1,17,6,3,5,3,1,0,0,0,1,2,1,4.72758E+20,5.93531E+21,8.58867E+15,5.3566E+16
136816,4.17012E+18,4,0,11,0,2017,1,19,6,3,2,2,0,1,0,0,0,2,1,4.86917E+20,5.88184E+21,8.80466E+15,5.30858E+16
136817,4.17012E+18,4,0,11,0,2017,1,15,6,3,2,6,0,1,0,0,0,0,1,4.88296E+20,5.88107E+21,8.82529E+15,5.30789E+16
136818,4.17012E+18,4,0,11,0,2017,1,9,6,3,5,2,1,1,0,0,0,0,1,4.86111E+20,5.88048E+21,8.7927E+15,5.30737E+16
136819,4.17012E+18,4,0,11,0,2017,1,12,6,3,2,6,0,1,0,0,0,0,0,4.85949E+20,5.88302E+21,8.79016E+15,5.30965E+16
136820,4.17012E+18,4,0,11,0,2017,1,9,6,3,5,2,1,1,0,0,0,0,0,4.86019E+20,5.88249E+21,8.79123E+15,5.30917E+16
136821,4.17012E+18,4,0,11,0,2017,1,19,6,3,1,1,0,1,0,0,0,2,1,4.82281E+20,5.87807E+21,8.73566E+15,5.30519E+16
136822,4.17012E+18,4,0,11,0,2017,1,15,6,2,6,4,0,1,1,0,0,0,0,4.929E+20,5.88111E+21,8.89401E+15,5.30795E+16
136823,4.17012E+18,4,0,12,0,2017,1,15,5,3,5,3,0,1,0,0,0,0,0,4.74259E+20,5.9378E+21,8.61112E+15,5.35884E+16
136824,4.17012E+18,4,0,11,0,2017,1,13,5,2,6,4,0,1,1,0,0,0,0,4.85988E+20,5.87985E+21,8.79088E+15,5.3068E+16
136825,4.17012E+18,4,0,11,0,2017,1,15,5,3,4,3,0,1,0,0,0,0,1,4.70475E+20,5.89468E+21,8.558E+15,5.32007E+16
136826,4.17012E+18,4,0,11,0,2017,1,14,5,3,5,3,0,1,0,0,0,0,0,4.79891E+20,5.88807E+21,8.69938E+15,5.31417E+16
136827,4.17012E+18,4,0,12,0,2017,1,18,4,3,6,4,0,1,1,0,0,2,1,4.72203E+20,5.93361E+21,8.58044E+15,5.35507E+16
136828,4.17012E+18,4,0,12,0,2017,1,7,4,3,6,2,0,1,1,0,0,2,2,4.7343E+20,5.93143E+21,8.59916E+15,5.35311E+16
136829,4.17012E+18,4,0,12,0,2017,1,16,4,3,2,6,0,1,0,0,0,0,1,4.72527E+20,5.93437E+21,8.58526E+15,5.35575E+16
136830,4.17012E+18,4,0,11,0,2017,1,15,4,3,4,7,1,1,0,0,0,0,1,4.91975E+20,5.88369E+21,8.88014E+15,5.31026E+16
136831,4.17012E+18,4,0,11,0,2017,1,15,4,3,5,3,1,1,0,0,0,0,0,4.88703E+20,5.88132E+21,8.83135E+15,5.30813E+16
136832,4.17012E+18,4,0,11,0,2017,1,17,4,3,5,3,1,1,0,0,0,1,2,4.91782E+20,5.88143E+21,8.87731E+15,5.30822E+16
136833,4.17012E+18,4,0,12,0,2017,1,8,3,3,2,6,0,0,0,0,1,0,1,4.69762E+20,5.93767E+21,8.54321E+15,5.3587E+16
136834,4.17012E+18,4,0,11,0,2017,1,7,3,3,6,4,0,1,1,0,0,1,0,4.82474E+20,5.87757E+21,8.73856E+15,5.30473E+16
136835,4.17012E+18,4,0,11,0,2017,1,7,3,3,5,3,1,1,0,0,0,1,0,4.89707E+20,5.87767E+21,8.84645E+15,5.30484E+16
136836,4.17012E+18,4,0,11,0,2017,1,6,3,3,5,3,1,1,0,0,0,2,1,4.95738E+20,5.88048E+21,8.93638E+15,5.30738E+16
136837,4.17012E+18,4,0,11,0,2017,1,12,2,3,1,7,0,1,0,0,0,0,1,4.96504E+20,5.87873E+21,8.94783E+15,5.30581E+16
136838,4.17012E+18,4,0,11,0,2017,1,15,2,3,2,6,0,1,0,0,0,0,1,4.87362E+20,5.88135E+21,8.81133E+15,5.30815E+16
136839,4.17012E+18,4,0,11,0,2017,1,8,2,3,5,3,0,1,0,0,1,0,2,4.80021E+20,5.88784E+21,8.70133E+15,5.31396E+16
136840,4.17012E+18,4,0,11,0,2017,1,17,2,2,6,4,0,1,1,0,0,2,1,4.90655E+20,5.87963E+21,8.86054E+15,5.30661E+16
136841,4.17012E+18,4,0,11,0,2017,1,16,2,3,5,3,1,1,0,0,0,0,2,4.90108E+20,5.88467E+21,8.85222E+15,5.31114E+16
136842,4.17012E+18,4,0,11,0,2017,1,9,1,3,5,3,0,1,0,0,0,0,2,4.87359E+20,5.8799E+21,8.81134E+15,5.30684E+16
136843,4.17011E+18,4,0,12,0,2017,1,11,7,2,5,3,0,1,0,0,0,0,1,4.728E+20,5.92851E+21,8.58989E+15,5.35049E+16
136844,4.17011E+18,4,0,11,0,2017,1,18,7,3,6,4,0,1,1,0,0,0,1,4.91087E+20,5.88131E+21,8.86693E+15,5.30812E+16
136845,4.17011E+18,4,0,11,0,2017,1,12,7,2,6,4,0,1,1,0,0,0,1,4.90142E+20,5.88016E+21,8.85287E+15,5.30708E+16
136846,4.17011E+18,4,0,11,0,2017,1,10,7,3,5,3,1,0,0,0,1,0,1,4.86877E+20,5.88034E+21,8.80413E+15,5.30724E+16
136847,4.17011E+18,4,0,11,0,2017,1,8,6,3,5,3,0,1,0,0,1,0,1,4.89645E+20,5.88242E+21,8.84538E+15,5.30911E+16
136848,4.17011E+18,4,0,11,0,2017,1,23,6,3,9,1,0,1,0,0,0,2,2,4.76466E+20,5.89136E+21,8.64793E+15,5.31711E+16
136849,4.17011E+18,4,0,12,0,2017,1,7,5,3,2,6,0,1,0,0,0,1,1,4.73452E+20,5.92837E+21,8.59973E+15,5.35036E+16
136850,4.17011E+18,4,0,11,0,2017,1,19,5,3,6,4,1,0,1,0,0,2,1,4.87048E+20,5.88275E+21,8.80659E+15,5.30941E+16
136851,4.17011E+18,4,0,11,0,2017,1,17,5,3,6,4,0,1,1,0,0,2,1,4.86671E+20,5.87915E+21,8.80111E+15,5.30617E+16
136852,4.17011E+18,4,0,11,0,2017,1,7,5,3,0,7,1,0,0,0,1,2,1,4.86998E+20,5.88237E+21,8.80585E+15,5.30906E+16
136853,4.17011E+18,4,0,11,0,2017,1,12,5,3,5,3,1,1,0,0,0,0,1,4.93053E+20,5.88109E+21,8.8963E+15,5.30793E+16
136854,4.17011E+18,4,0,11,0,2017,1,7,5,3,5,2,1,1,0,0,0,2,1,4.92492E+20,5.88442E+21,8.88783E+15,5.31092E+16
136855,4.17011E+18,4,0,11,0,2017,1,16,5,3,2,6,0,1,0,0,1,1,1,4.95772E+20,5.8788E+21,8.93692E+15,5.30587E+16
136856,4.17011E+18,4,0,11,0,2017,1,16,5,2,5,2,1,1,0,0,0,2,1,4.87216E+20,5.88106E+21,8.80916E+15,5.30788E+16
136857,4.17011E+18,4,0,11,0,2017,1,16,5,3,5,3,0,1,0,0,0,1,1,4.93288E+20,5.88523E+21,8.89972E+15,5.31165E+16
136858,4.17011E+18,4,0,11,0,2017,1,14,5,3,6,4,0,1,1,0,0,0,2,4.92703E+20,5.88561E+21,8.89097E+15,5.31198E+16
136859,4.17011E+18,4,0,11,0,2017,1,16,4,3,5,3,0,1,0,0,0,0,1,4.81176E+20,5.88798E+21,8.71859E+15,5.31409E+16
136860,4.17011E+18,4,0,11,0,2017,1,20,4,3,4,2,0,1,0,0,1,2,1,4.90249E+20,5.87974E+21,8.85447E+15,5.3067E+16
136861,4.17011E+18,4,0,11,0,2017,1,8,4,3,2,6,0,1,0,0,0,0,1,4.88017E+20,5.88094E+21,8.82112E+15,5.30778E+16
136862,4.17011E+18,4,0,11,0,2017,1,12,4,2,5,3,1,1,0,0,0,0,1,4.92708E+20,5.88146E+21,8.89114E+15,5.30826E+16
136863,4.17011E+18,4,0,11,0,2017,1,8,4,3,2,6,0,1,0,0,0,2,1,4.96221E+20,5.8765E+21,8.94364E+15,5.3038E+16
136864,4.17011E+18,4,0,11,0,2017,1,15,3,3,1,5,1,1,0,0,0,0,1,4.84518E+20,5.88154E+21,8.76886E+15,5.30831E+16
136865,4.17011E+18,4,0,11,0,2017,1,15,3,3,6,3,0,1,1,0,0,0,1,4.88343E+20,5.87611E+21,8.82617E+15,5.30344E+16
136866,4.17011E+18,4,0,11,0,2017,1,8,3,3,6,4,0,1,1,0,0,0,1,4.86831E+20,5.88262E+21,8.80334E+15,5.30928E+16
136867,4.17011E+18,4,0,11,0,2017,1,16,3,3,5,2,1,1,0,0,0,1,1,4.93304E+20,5.88601E+21,8.89994E+15,5.31234E+16
136868,4.17011E+18,4,0,11,0,2017,1,6,3,3,5,3,1,1,0,0,0,2,1,4.90392E+20,5.88022E+21,8.85659E+15,5.30714E+16
136869,4.17011E+18,4,0,11,0,2017,1,8,3,3,5,3,1,1,0,0,0,1,1,4.88337E+20,5.88104E+21,8.82589E+15,5.30787E+16
136870,4.17011E+18,4,0,11,0,2017,1,15,3,3,0,6,0,1,0,0,1,0,1,4.71768E+20,5.89321E+21,8.57749E+15,5.31875E+16
136871,4.17011E+18,4,0,11,0,2017,1,6,3,3,6,4,0,1,1,0,0,2,1,4.82791E+20,5.88678E+21,8.7428E+15,5.31301E+16
136872,4.17011E+18,4,0,11,0,2017,1,18,3,3,6,4,0,1,1,0,0,2,1,4.88015E+20,5.87813E+21,8.82119E+15,5.30526E+16
136873,4.17011E+18,4,0,11,0,2017,1,3,3,3,5,3,0,1,0,0,1,2,1,4.85972E+20,5.88284E+21,8.79052E+15,5.30948E+16
136874,4.17011E+18,4,0,12,0,2017,1,11,2,3,2,6,0,1,0,0,0,0,1,4.72487E+20,5.93429E+21,8.58468E+15,5.35567E+16
136875,4.17011E+18,4,0,11,0,2017,1,16,2,3,5,3,1,1,0,0,0,0,0,4.8086E+20,5.88807E+21,8.71386E+15,5.31416E+16
136876,4.17011E+18,4,0,11,0,2017,1,0,1,3,6,4,0,0,1,0,1,2,2,4.86465E+20,5.88044E+21,8.79797E+15,5.30733E+16
136877,4.17011E+18,4,0,11,0,2017,1,14,7,3,8,7,0,1,0,0,0,0,2,4.87855E+20,5.87635E+21,8.81888E+15,5.30365E+16
136878,4.17011E+18,4,0,11,0,2017,1,22,7,3,2,6,0,1,0,0,0,2,2,4.86327E+20,5.88328E+21,8.7958E+15,5.30988E+16
136879,4.17011E+18,4,0,11,0,2017,1,11,7,3,2,6,0,1,0,0,1,0,2,4.92923E+20,5.8789E+21,8.89441E+15,5.30595E+16
136880,4.17011E+18,4,0,11,0,2017,1,13,7,2,0,1,1,0,0,0,0,0,2,4.91905E+20,5.88043E+21,8.87917E+15,5.30733E+16
136881,4.17011E+18,4,0,11,0,2017,1,11,7,3,8,1,0,1,0,0,0,0,2,4.67232E+20,5.89726E+21,8.50919E+15,5.32236E+16
136882,4.17011E+18,4,0,11,0,2017,1,16,7,2,8,1,0,1,0,0,0,1,2,4.82739E+20,5.88908E+21,8.74189E+15,5.31508E+16
136883,4.17011E+18,4,0,11,0,2017,1,11,7,3,4,6,0,1,0,0,0,0,2,4.85526E+20,5.88265E+21,8.78385E+15,5.30931E+16
136884,4.17011E+18,4,0,11,0,2017,1,15,7,3,4,1,0,1,0,0,0,0,2,4.93112E+20,5.87875E+21,8.89723E+15,5.30582E+16
136885,4.17011E+18,4,0,11,0,2017,1,13,6,3,5,3,1,1,0,0,0,0,0,4.88276E+20,5.88169E+21,8.82497E+15,5.30846E+16
136886,4.17011E+18,4,0,11,0,2017,1,13,6,3,5,3,0,1,0,0,0,0,0,4.83456E+20,5.88478E+21,8.75283E+15,5.31122E+16
136887,4.17011E+18,4,0,11,0,2017,1,17,6,3,2,6,0,1,0,0,0,2,1,4.8171E+20,5.8787E+21,8.72711E+15,5.30574E+16
136888,4.17011E+18,4,0,11,0,2017,1,20,6,3,5,3,1,1,0,0,0,2,0,4.89504E+20,5.88044E+21,8.84334E+15,5.30733E+16
136889,4.17011E+18,4,0,11,0,2017,1,16,6,3,8,7,0,1,0,0,0,0,0,4.97274E+20,5.87688E+21,8.95934E+15,5.30414E+16
136890,4.17011E+18,4,0,11,0,2017,1,15,6,3,2,7,0,1,0,0,1,0,0,4.80025E+20,5.89257E+21,8.7011E+15,5.31821E+16
136891,4.17011E+18,4,0,11,0,2017,1,14,6,3,5,3,0,1,0,0,0,0,0,4.96092E+20,5.87899E+21,8.94169E+15,5.30604E+16
136892,4.17011E+18,4,0,11,0,2017,1,22,5,3,6,1,0,1,1,0,0,2,2,4.90784E+20,5.8798E+21,8.86247E+15,5.30676E+16
136893,4.17011E+18,4,0,11,0,2017,1,7,5,3,5,2,0,1,0,0,0,1,0,4.89461E+20,5.88408E+21,8.84257E+15,5.31061E+16
136894,4.17011E+18,4,0,11,0,2017,1,11,5,3,5,2,0,1,0,0,0,0,0,4.80889E+20,5.89235E+21,8.71404E+15,5.31802E+16
136895,4.17011E+18,4,0,11,0,2017,1,10,5,3,0,4,0,0,1,0,1,0,0,4.8093E+20,5.88192E+21,8.71528E+15,5.30864E+16
136896,4.1701E+18,4,0,12,0,2017,1,11,4,3,3,2,1,1,0,0,0,0,1,4.71703E+20,5.9347E+21,8.5728E+15,5.35605E+16
136897,4.1701E+18,4,0,11,0,2017,1,14,4,3,5,3,0,1,0,1,0,0,1,4.84959E+20,5.88119E+21,8.77546E+15,5.30799E+16
136898,4.1701E+18,4,0,11,0,2017,1,18,4,3,6,4,0,1,1,0,0,2,1,4.89939E+20,5.88176E+21,8.84978E+15,5.30852E+16
136899,4.1701E+18,4,0,12,0,2017,1,11,3,3,5,1,0,1,0,0,0,0,1,4.71896E+20,5.93416E+21,8.57576E+15,5.35556E+16
136900,4.1701E+18,4,0,11,0,2017,1,13,3,3,5,3,0,1,0,0,0,0,1,4.80298E+20,5.88771E+21,8.70547E+15,5.31384E+16
136901,4.1701E+18,4,0,11,0,2017,1,18,3,3,2,6,0,1,0,0,0,2,1,4.80403E+20,5.89184E+21,8.7068E+15,5.31756E+16
136902,4.1701E+18,4,0,11,0,2017,1,18,3,3,2,6,0,1,0,0,0,2,1,4.85637E+20,5.88215E+21,8.78553E+15,5.30886E+16
136903,4.1701E+18,4,0,11,0,2017,1,11,3,3,5,3,1,1,0,0,0,0,1,4.89199E+20,5.87794E+21,8.83887E+15,5.30508E+16
136904,4.1701E+18,4,0,11,0,2017,1,16,3,3,6,4,0,1,1,0,0,0,1,4.82559E+20,5.88667E+21,8.73933E+15,5.31291E+16
136905,4.1701E+18,4,0,11,0,2017,1,13,3,3,3,2,1,1,0,0,0,0,1,4.85404E+20,5.87973E+21,8.78218E+15,5.30668E+16
136906,4.1701E+18,4,0,11,0,2017,1,7,3,3,1,5,1,1,0,0,0,1,1,4.89162E+20,5.88296E+21,8.83815E+15,5.3096E+16
136907,4.1701E+18,4,0,11,0,2017,1,19,3,3,1,5,0,1,0,0,1,2,1,4.78278E+20,5.89164E+21,8.67502E+15,5.31736E+16
136908,4.1701E+18,4,0,11,0,2017,1,16,3,3,2,6,0,1,0,0,0,1,1,4.90806E+20,5.88415E+21,8.86266E+15,5.31067E+16
136909,4.1701E+18,4,0,11,0,2017,1,22,3,3,0,1,1,0,0,0,0,2,1,4.8853E+20,5.88177E+21,8.82875E+15,5.30853E+16
136910,4.1701E+18,4,0,12,0,2017,1,13,2,3,3,6,1,1,0,0,0,0,1,4.7161E+20,5.93292E+21,8.57155E+15,5.35444E+16
136911,4.1701E+18,4,0,12,0,2017,1,17,2,3,5,3,1,1,0,0,0,2,1,4.73706E+20,5.93055E+21,8.60338E+15,5.35232E+16
136912,4.1701E+18,4,0,12,0,2017,1,8,2,3,5,3,1,1,0,0,0,1,1,4.72493E+20,5.93474E+21,8.58472E+15,5.35608E+16
136913,4.1701E+18,4,0,11,0,2017,1,14,2,3,3,6,1,1,0,0,0,0,1,4.91885E+20,5.88238E+21,8.87882E+15,5.30908E+16
136914,4.1701E+18,4,0,11,0,2017,1,17,2,3,5,3,0,1,0,0,0,2,1,4.82437E+20,5.87751E+21,8.73802E+15,5.30468E+16