OBJECTID,UIDENTSTLA,ULAND,UREGBEZ,UKREIS,UGEMEINDE,UJAHR,UMONAT,USTUNDE,UWOCHENTAG,UKATEGORIE,UART,UTYP1,IstRad,IstPKW,IstFuss,IstKrad,IstSonstig,LICHT,STRZUSTAND,LINREFX,LINREFY,XGCSWGS84,YGCSWGS84
137088,4.17031E+18,4,0,11,0,2017,3,7,2,3,3,6,0,1,0,0,1,0,0,4.85142E+20,5.8829E+21,8.77811E+15,5.30953E+16
137089,4.17031E+18,4,0,11,0,2017,3,17,1,3,5,3,0,1,0,1,0,0,0,4.8734E+20,5.88027E+21,8.81105E+15,5.30718E+16
137090,4.17031E+18,4,0,11,0,2017,3,17,1,3,2,6,0,1,0,0,0,0,0,4.87738E+20,5.88103E+21,8.81696E+15,5.30786E+16
137091,4.17031E+18,4,0,11,0,2017,3,12,1,3,0,1,1,0,0,0,0,0,0,4.88515E+20,5.89009E+21,8.82823E+15,5.31601E+16
137092,4.17031E+18,4,0,11,0,2017,3,23,1,3,3,5,0,1,0,0,0,2,0,4.94718E+20,5.88031E+21,8.92116E+15,5.30722E+16
137093,4.17031E+18,4,0,11,0,2017,3,16,1,3,0,3,0,1,0,1,0,0,0,4.95366E+20,5.87896E+21,8.93085E+15,5.30601E+16
137094,4.17031E+18,4,0,12,0,2017,3,13,6,3,5,2,1,1,0,0,0,0,0,4.72329E+20,5.93038E+21,8.58263E+15,5.35216E+16
137095,4.17031E+18,4,0,12,0,2017,3,13,6,3,5,1,1,1,0,0,0,0,0,4.72486E+20,5.9343E+21,8.58466E+15,5.35569E+16
137096,4.17031E+18,4,0,11,0,2017,3,13,6,3,2,6,0,1,0,1,0,0,0,4.97195E+20,5.87776E+21,8.95815E+15,5.30493E+16
137097,4.17031E+18,4,0,11,0,2017,3,8,6,3,2,6,0,1,0,0,0,0,0,4.73251E+20,5.89213E+21,8.59977E+15,5.31779E+16
137098,4.17031E+18,4,0,11,0,2017,3,23,6,3,5,2,0,1,0,0,0,2,0,4.94266E+20,5.8789E+21,8.91444E+15,5.30596E+16
137099,4.17031E+18,4,0,11,0,2017,3,7,6,3,5,3,0,1,0,0,0,0,0,4.73125E+20,5.89281E+21,8.59783E+15,5.3184E+16
137100,4.17031E+18,4,0,11,0,2017,3,14,6,3,2,6,0,1,0,0,0,0,0,4.89228E+20,5.88079E+21,8.8392E+15,5.30765E+16
137101,4.17031E+18,4,0,11,0,2017,3,10,6,3,0,7,0,0,1,0,1,0,1,4.83945E+20,5.88453E+21,8.76016E+15,5.311E+16
137102,4.17031E+18,4,0,12,0,2017,3,19,5,3,5,3,0,1,0,0,0,2,0,4.71529E+20,5.93374E+21,8.57026E+15,5.35518E+16
137103,4.17031E+18,4,0,12,0,2017,3,7,5,3,0,1,0,0,0,1,0,1,1,4.73104E+20,5.93231E+21,8.59415E+15,5.35391E+16
137104,4.17031E+18,4,0,12,0,2017,3,12,5,3,5,2,1,0,0,0,1,0,1,4.73162E+20,5.92922E+21,8.59529E+15,5.35112E+16
137105,4.17031E+18,4,0,11,0,2017,3,19,5,3,0,3,0,1,1,0,0,2,0,4.87359E+20,5.8809E+21,8.81131E+15,5.30774E+16
137106,4.17031E+18,4,0,11,0,2017,3,9,5,3,0,7,0,0,0,0,1,0,0,4.86164E+20,5.88034E+21,8.79348E+15,5.30724E+16
137107,4.17031E+18,4,0,11,0,2017,3,13,5,3,0,5,0,1,0,0,1,0,1,4.8998E+20,5.88017E+21,8.85045E+15,5.30709E+16
137108,4.17031E+18,4,0,11,0,2017,3,21,5,3,5,2,1,0,0,1,0,2,1,4.92832E+20,5.87784E+21,8.89307E+15,5.305E+16
137109,4.17031E+18,4,0,11,0,2017,3,14,4,3,6,4,0,0,1,0,1,0,1,4.86156E+20,5.88264E+21,8.79327E+15,5.30931E+16
137110,4.17031E+18,4,0,11,0,2017,3,14,4,3,2,6,0,1,0,0,0,0,1,4.86143E+20,5.8815E+21,8.79313E+15,5.30828E+16
137111,4.17031E+18,4,0,11,0,2017,3,22,4,3,1,1,0,1,0,0,0,2,1,4.91296E+20,5.88312E+21,8.87001E+15,5.30975E+16
137112,4.17031E+18,4,0,11,0,2017,3,10,4,3,5,3,1,1,0,0,0,0,0,4.85405E+20,5.8807E+21,8.78215E+15,5.30756E+16
137113,4.17031E+18,4,0,11,0,2017,3,17,4,3,0,7,0,0,0,1,0,1,1,4.84174E+20,5.88622E+21,8.7635E+15,5.31251E+16
137114,4.17031E+18,4,0,11,0,2017,3,18,4,2,0,7,1,0,0,0,0,1,1,4.85881E+20,5.87943E+21,8.7893E+15,5.30642E+16
137115,4.17031E+18,4,0,11,0,2017,3,21,4,3,1,5,0,1,0,0,0,2,1,4.70641E+20,5.8928E+21,8.56065E+15,5.31837E+16
137116,4.17031E+18,4,0,12,0,2017,3,7,3,3,2,6,0,1,0,0,0,0,0,4.73366E+20,5.93772E+21,8.59765E+15,5.35876E+16
137117,4.17031E+18,4,0,11,0,2017,3,12,3,3,5,3,1,1,0,0,0,0,0,4.81356E+20,5.88699E+21,8.72134E+15,5.3132E+16
137118,4.17031E+18,4,0,11,0,2017,3,18,3,3,5,2,0,1,0,0,1,2,0,4.89448E+20,5.88216E+21,8.84245E+15,5.30888E+16
137119,4.17031E+18,4,0,11,0,2017,3,13,3,2,3,6,0,0,0,1,0,0,0,4.75339E+20,5.8935E+21,8.63091E+15,5.31902E+16
137120,4.17031E+18,4,0,11,0,2017,3,11,3,3,6,4,0,1,1,0,0,0,0,4.84425E+20,5.88507E+21,8.76731E+15,5.31149E+16
137121,4.17031E+18,4,0,11,0,2017,3,13,3,3,3,7,1,0,0,0,0,0,0,4.81642E+20,5.88347E+21,8.72582E+15,5.31004E+16
137122,4.17031E+18,4,0,11,0,2017,3,10,2,3,5,3,1,1,0,0,0,0,0,4.96417E+20,5.88079E+21,8.94651E+15,5.30766E+16
137123,4.17031E+18,4,0,11,0,2017,3,16,2,3,6,4,0,1,1,0,0,0,0,4.88055E+20,5.88038E+21,8.82171E+15,5.30728E+16
137124,4.17031E+18,4,0,11,0,2017,3,10,2,3,0,3,0,1,0,1,0,0,1,4.70739E+20,5.89372E+21,8.56203E+15,5.3192E+16
137125,4.17031E+18,4,0,11,0,2017,3,17,2,3,0,6,1,0,0,0,0,1,1,4.88835E+20,5.8767E+21,8.83348E+15,5.30397E+16
137126,4.17031E+18,4,0,11,0,2017,3,13,2,3,4,6,1,0,0,0,0,0,0,4.88338E+20,5.88041E+21,8.82593E+15,5.3073E+16
137127,4.17031E+18,4,0,11,0,2017,3,18,2,3,5,2,0,1,0,0,0,2,1,4.71611E+20,5.89479E+21,8.57499E+15,5.32017E+16
137128,4.17031E+18,4,0,11,0,2017,3,13,2,3,2,6,0,1,0,0,0,0,0,4.91631E+20,5.88355E+21,8.875E+15,5.31014E+16
137129,4.17031E+18,4,0,11,0,2017,3,15,2,3,5,2,1,1,0,0,0,0,1,4.91652E+20,5.87916E+21,8.87543E+15,5.30619E+16
137130,4.1703E+18,4,0,12,0,2017,3,19,7,3,0,1,0,1,0,0,0,2,0,4.72554E+20,5.92658E+21,8.58635E+15,5.34875E+16
137131,4.1703E+18,4,0,11,0,2017,3,19,7,3,5,3,1,1,0,0,0,2,0,4.80802E+20,5.88847E+21,8.71296E+15,5.31453E+16
137132,4.1703E+18,4,0,11,0,2017,3,9,7,2,6,4,0,0,1,0,1,0,0,4.86366E+20,5.88132E+21,8.79646E+15,5.30812E+16
137133,4.1703E+18,4,0,11,0,2017,3,15,7,2,5,3,1,0,0,0,1,0,0,4.90481E+20,5.8774E+21,8.858E+15,5.3046E+16
137134,4.1703E+18,4,0,11,0,2017,3,15,7,3,5,3,1,1,0,0,0,0,0,4.97157E+20,5.87866E+21,8.95757E+15,5.30574E+16
137135,4.1703E+18,4,0,11,0,2017,3,7,7,3,8,1,0,1,0,0,0,0,0,4.85934E+20,5.88418E+21,8.78989E+15,5.31069E+16
137136,4.1703E+18,4,0,12,0,2017,3,12,6,3,1,6,0,1,0,0,0,0,0,4.73051E+20,5.93456E+21,8.59316E+15,5.35592E+16
137137,4.1703E+18,4,0,12,0,2017,3,13,6,3,2,6,0,1,0,0,1,0,0,4.73034E+20,5.93451E+21,8.5929E+15,5.35588E+16
137138,4.1703E+18,4,0,12,0,2017,3,23,6,3,0,7,0,0,1,1,0,2,1,4.73383E+20,5.93709E+21,8.59796E+15,5.3582E+16
137139,4.1703E+18,4,0,12,0,2017,3,13,6,3,5,3,0,1,0,0,0,0,0,4.73031E+20,5.93451E+21,8.59286E+15,5.35588E+16
137140,4.1703E+18,4,0,11,0,2017,3,14,6,3,5,2,1,1,0,0,0,0,1,4.87104E+20,5.88146E+21,8.80747E+15,5.30825E+16
137141,4.1703E+18,4,0,11,0,2017,3,15,6,2,6,4,0,1,1,0,0,0,0,4.67501E+20,5.89568E+21,8.51338E+15,5.32094E+16
137142,4.1703E+18,4,0,11,0,2017,3,15,6,3,2,5,0,1,0,0,1,0,0,4.91272E+20,5.8831E+21,8.86966E+15,5.30972E+16
137143,4.1703E+18,4,0,11,0,2017,3,12,6,2,5,3,1,0,0,0,1,0,0,4.90219E+20,5.88145E+21,8.85398E+15,5.30824E+16
137144,4.1703E+18,4,0,11,0,2017,3,16,6,3,2,6,0,1,0,0,0,0,0,4.86052E+20,5.88041E+21,8.79182E+15,5.3073E+16
137145,4.1703E+18,4,0,11,0,2017,3,11,6,3,6,4,0,1,1,0,0,0,0,4.90039E+20,5.88018E+21,8.85133E+15,5.3071E+16
137146,4.1703E+18,4,0,11,0,2017,3,16,6,3,6,4,0,1,1,0,0,0,1,4.85443E+20,5.88369E+21,8.78258E+15,5.31025E+16
137147,4.1703E+18,4,0,11,0,2017,3,17,6,3,2,6,0,1,0,0,0,1,1,4.87734E+20,5.88103E+21,8.81689E+15,5.30786E+16
137148,4.1703E+18,4,0,12,0,2017,3,11,5,3,2,6,0,1,0,0,1,0,1,4.72181E+20,5.93356E+21,8.58011E+15,5.35502E+16
137149,4.1703E+18,4,0,12,0,2017,3,10,5,3,0,1,0,0,0,1,0,0,1,4.72665E+20,5.9308E+21,8.58766E+15,5.35254E+16
137150,4.1703E+18,4,0,12,0,2017,3,15,5,3,6,4,0,1,1,0,0,0,1,4.72337E+20,5.93255E+21,8.58256E+15,5.35412E+16
137151,4.1703E+18,4,0,12,0,2017,3,11,5,3,5,3,1,1,0,0,0,0,0,4.73644E+20,5.93814E+21,8.60181E+15,5.35915E+16
137152,4.1703E+18,4,0,11,0,2017,3,18,5,3,2,6,0,1,0,0,0,2,1,4.84561E+20,5.88461E+21,8.76936E+15,5.31107E+16
137153,4.1703E+18,4,0,11,0,2017,3,13,5,3,5,3,0,1,0,0,1,0,1,4.85303E+20,5.87938E+21,8.78068E+15,5.30637E+16
137154,4.1703E+18,4,0,11,0,2017,3,17,5,3,0,3,1,1,0,0,0,2,1,4.85366E+20,5.88158E+21,8.78152E+15,5.30835E+16
137155,4.1703E+18,4,0,11,0,2017,3,17,5,2,6,4,0,1,1,0,0,1,1,4.74511E+20,5.89173E+21,8.61865E+15,5.31743E+16
137156,4.1703E+18,4,0,11,0,2017,3,7,5,3,2,6,0,1,0,0,0,0,1,4.93395E+20,5.88085E+21,8.90141E+15,5.30771E+16
137157,4.1703E+18,4,0,11,0,2017,3,8,5,2,5,3,0,1,1,0,0,0,1,4.85628E+20,5.88216E+21,8.7854E+15,5.30887E+16
137158,4.1703E+18,4,0,11,0,2017,3,7,5,3,6,4,0,1,1,0,0,1,1,4.89451E+20,5.88407E+21,8.84243E+15,5.3106E+16
137159,4.1703E+18,4,0,11,0,2017,3,13,4,3,5,3,0,1,0,0,1,0,0,4.80604E+20,5.88281E+21,8.71036E+15,5.30944E+16
137160,4.1703E+18,4,0,11,0,2017,3,16,4,3,2,6,0,1,0,0,0,0,1,4.8899E+20,5.8805E+21,8.83566E+15,5.30738E+16
137161,4.1703E+18,4,0,11,0,2017,3,10,4,3,0,1,1,0,0,0,0,0,1,4.86632E+20,5.88106E+21,8.80044E+15,5.30788E+16
137162,4.1703E+18,4,0,11,0,2017,3,13,4,3,0,7,1,0,0,0,0,0,0,4.89602E+20,5.87737E+21,8.84489E+15,5.30458E+16
137163,4.1703E+18,4,0,11,0,2017,3,16,4,3,2,6,0,1,0,0,0,0,1,4.92319E+20,5.87929E+21,8.88538E+15,5.3063E+16
137164,4.17023E+18,4,0,11,0,2017,2,13,3,3,6,4,1,0,1,0,0,0,0,4.83259E+20,5.88263E+21,8.75E+15,5.30929E+16
137165,4.17023E+18,4,0,11,0,2017,2,21,3,3,2,6,0,1,0,0,0,2,1,4.85793E+20,5.88081E+21,8.78793E+15,5.30766E+16
137166,4.17023E+18,4,0,11,0,2017,2,15,3,2,5,3,1,1,0,0,0,0,1,4.86304E+20,5.87981E+21,8.7956E+15,5.30676E+16
137167,4.17023E+18,4,0,11,0,2017,2,10,3,3,5,2,1,1,0,0,0,0,1,4.86521E+20,5.88117E+21,8.79879E+15,5.30798E+16
137168,4.17023E+18,4,0,11,0,2017,2,12,3,3,3,6,0,1,0,1,0,0,1,4.86176E+20,5.88053E+21,8.79365E+15,5.30741E+16
137169,4.17023E+18,4,0,11,0,2017,2,11,3,3,2,6,0,1,0,0,0,0,0,4.71868E+20,5.89557E+21,8.57877E+15,5.32087E+16
137170,4.17023E+18,4,0,11,0,2017,2,14,3,3,6,4,0,1,1,0,0,0,0,4.88687E+20,5.87681E+21,8.83127E+15,5.30407E+16
137171,4.17023E+18,4,0,11,0,2017,2,20,3,3,2,6,0,1,0,0,0,2,1,4.86411E+20,5.88157E+21,8.79712E+15,5.30834E+16
137172,4.17023E+18,4,0,11,0,2017,2,15,3,3,5,3,1,1,0,0,0,0,0,4.91984E+20,5.88106E+21,8.88034E+15,5.3079E+16
137173,4.17023E+18,4,0,11,0,2017,2,6,3,3,5,3,1,1,0,0,0,2,1,4.84171E+20,5.88442E+21,8.76354E+15,5.3109E+16
137174,4.17023E+18,4,0,11,0,2017,2,19,3,2,5,3,1,1,0,0,0,2,0,4.77182E+20,5.89157E+21,8.65862E+15,5.3173E+16
137175,4.17023E+18,4,0,12,0,2017,2,14,2,3,6,4,0,1,1,0,0,0,0,4.73387E+20,5.93157E+21,8.59848E+15,5.35324E+16
137176,4.17023E+18,4,0,11,0,2017,2,13,2,3,5,3,1,1,0,0,0,0,0,4.8812E+20,5.88058E+21,8.82267E+15,5.30746E+16
137177,4.17023E+18,4,0,11,0,2017,2,18,2,3,2,6,0,1,0,0,0,2,1,4.86161E+20,5.88263E+21,8.79334E+15,5.3093E+16
137178,4.17023E+18,4,0,11,0,2017,2,18,2,3,5,2,0,1,0,0,0,2,1,4.89097E+20,5.87649E+21,8.83739E+15,5.30378E+16
137179,4.17023E+18,4,0,11,0,2017,2,8,2,3,2,6,0,1,0,0,0,0,0,4.89803E+20,5.88483E+21,8.84766E+15,5.31128E+16
137180,4.17023E+18,4,0,11,0,2017,2,9,2,3,5,3,1,1,0,0,0,0,0,4.89195E+20,5.88149E+21,8.83869E+15,5.30828E+16
137181,4.17023E+18,4,0,11,0,2017,2,9,1,3,2,6,0,1,0,0,0,0,1,4.85539E+20,5.88381E+21,8.784E+15,5.31035E+16
137182,4.17023E+18,4,0,11,0,2017,2,0,1,2,4,6,0,1,0,0,0,2,1,4.94688E+20,5.88174E+21,8.9207E+15,5.30851E+16
137183,4.17023E+18,4,0,11,0,2017,2,5,7,3,0,1,1,0,0,0,0,2,2,4.73398E+20,5.89238E+21,8.60194E+15,5.31801E+16
137184,4.17023E+18,4,0,11,0,2017,2,15,7,2,5,2,0,1,0,0,1,0,1,4.83686E+20,5.88547E+21,8.75624E+15,5.31184E+16
137185,4.17022E+18,4,0,11,0,2017,2,12,6,3,6,4,0,1,1,0,0,0,0,4.8909E+20,5.88147E+21,8.83712E+15,5.30826E+16
137186,4.17022E+18,4,0,11,0,2017,2,7,6,3,5,3,1,1,0,0,0,0,0,4.96019E+20,5.8809E+21,8.94057E+15,5.30776E+16
137187,4.17022E+18,4,0,11,0,2017,2,13,6,2,0,3,0,0,0,0,1,0,0,4.70894E+20,5.89359E+21,8.56438E+15,5.31908E+16
137188,4.17022E+18,4,0,11,0,2017,2,18,6,3,5,2,1,1,0,0,0,2,1,4.86792E+20,5.88118E+21,8.80283E+15,5.30799E+16
137189,4.17022E+18,4,0,11,0,2017,2,16,6,3,5,2,1,1,0,0,0,0,1,4.88248E+20,5.88165E+21,8.82454E+15,5.30842E+16
137190,4.17022E+18,4,0,11,0,2017,2,12,6,3,2,6,0,1,0,0,1,0,0,4.86682E+20,5.88025E+21,8.80122E+15,5.30716E+16
137191,4.17022E+18,4,0,11,0,2017,2,10,6,3,4,7,0,1,0,0,0,0,0,4.88422E+20,5.8819E+21,8.82714E+15,5.30864E+16
137192,4.17022E+18,4,0,12,0,2017,2,16,5,3,2,6,0,1,0,0,1,0,0,4.73398E+20,5.93745E+21,8.59816E+15,5.35852E+16
137193,4.17022E+18,4,0,11,0,2017,2,7,5,3,5,3,1,1,0,0,0,1,1,4.88242E+20,5.88166E+21,8.82445E+15,5.30843E+16
137194,4.17022E+18,4,0,11,0,2017,2,14,5,3,0,7,0,0,0,0,1,0,1,4.95492E+20,5.87952E+21,8.93273E+15,5.30651E+16
137195,4.17022E+18,4,0,11,0,2017,2,19,5,3,2,2,0,1,0,0,0,2,1,4.8729E+20,5.88145E+21,8.81026E+15,5.30824E+16
137196,4.17022E+18,4,0,11,0,2017,2,12,5,3,0,3,0,1,0,0,0,0,1,4.92756E+20,5.87812E+21,8.89193E+15,5.30525E+16
137197,4.17022E+18,4,0,11,0,2017,2,12,5,3,5,3,1,0,0,0,0,0,1,4.86726E+20,5.87983E+21,8.80189E+15,5.30678E+16
137198,4.17022E+18,4,0,11,0,2017,2,20,5,3,5,3,0,1,0,0,0,2,1,4.86478E+20,5.88134E+21,8.79814E+15,5.30813E+16
137199,4.17022E+18,4,0,11,0,2017,2,14,5,3,5,3,1,1,0,0,0,0,1,4.96305E+20,5.88065E+21,8.94485E+15,5.30753E+16
137200,4.17022E+18,4,0,12,0,2017,2,10,4,3,3,2,1,1,0,0,0,0,1,4.72004E+20,5.93397E+21,8.5774E+15,5.35539E+16
137201,4.17022E+18,4,0,12,0,2017,2,15,4,3,2,6,0,1,0,0,0,0,0,4.7303E+20,5.93182E+21,8.59308E+15,5.35346E+16
137202,4.17022E+18,4,0,11,0,2017,2,7,4,1,6,4,0,1,1,0,0,0,1,4.84304E+20,5.88172E+21,8.76565E+15,5.30847E+16
137203,4.17022E+18,4,0,11,0,2017,2,10,4,3,2,6,0,1,0,0,0,0,1,4.87757E+20,5.88104E+21,8.81723E+15,5.30787E+16
137204,4.17022E+18,4,0,11,0,2017,2,13,4,3,5,3,0,1,0,0,0,0,1,4.81629E+20,5.87659E+21,8.72601E+15,5.30385E+16
137205,4.17022E+18,4,0,11,0,2017,2,14,4,3,2,6,0,1,0,0,0,0,0,4.97463E+20,5.87823E+21,8.96215E+15,5.30535E+16
137206,4.17022E+18,4,0,11,0,2017,2,13,3,3,2,6,0,1,0,0,0,0,0,4.92404E+20,5.88024E+21,8.88663E+15,5.30716E+16
137207,4.17022E+18,4,0,11,0,2017,2,19,3,3,5,2,1,1,0,0,0,2,0,4.8885E+20,5.88014E+21,8.83358E+15,5.30706E+16
137208,4.17022E+18,4,0,11,0,2017,2,10,3,3,0,3,0,1,0,0,1,0,0,4.86918E+20,5.8825E+21,8.80465E+15,5.30918E+16
137209,4.17022E+18,4,0,11,0,2017,2,22,3,3,5,3,0,1,0,0,0,2,0,4.89603E+20,5.87738E+21,8.84491E+15,5.30458E+16
137210,4.17022E+18,4,0,11,0,2017,2,8,3,3,6,4,0,1,1,0,0,0,1,4.92369E+20,5.88179E+21,8.88606E+15,5.30855E+16
137211,4.17022E+18,4,0,12,0,2017,2,15,2,3,2,6,0,1,0,1,0,0,1,4.72191E+20,5.93359E+21,8.58027E+15,5.35504E+16
137212,4.17022E+18,4,0,12,0,2017,2,10,2,3,5,3,1,1,0,0,0,0,1,4.76018E+20,5.93184E+21,8.63817E+15,5.35349E+16
137213,4.17022E+18,4,0,12,0,2017,2,16,2,3,5,3,1,1,0,0,0,0,1,4.72897E+20,5.93287E+21,8.59098E+15,5.3544E+16
137214,4.17022E+18,4,0,12,0,2017,2,14,2,3,5,3,0,1,0,0,0,0,1,4.72326E+20,5.93474E+21,8.5822E+15,5.35608E+16
137215,4.17022E+18,4,0,11,0,2017,2,18,2,3,0,3,1,1,0,0,0,1,1,4.8602E+20,5.88288E+21,8.79123E+15,5.30952E+16
137216,4.17022E+18,4,0,11,0,2017,2,9,2,2,0,1,1,0,0,0,0,0,1,4.88526E+20,5.88177E+21,8.82868E+15,5.30852E+16
137217,4.17022E+18,4,0,11,0,2017,2,16,2,3,1,7,0,1,0,0,0,1,1,4.7317E+20,5.89257E+21,8.59852E+15,5.31818E+16
137218,4.17022E+18,4,0,11,0,2017,2,16,2,3,6,4,1,0,1,0,0,0,1,4.8593E+20,5.87942E+21,8.79003E+15,5.30641E+16
137219,4.17022E+18,4,0,12,0,2017,2,11,1,3,4,6,0,1,0,0,0,0,1,4.74597E+20,5.93784E+21,8.61623E+15,5.35887E+16
137220,4.17022E+18,4,0,11,0,2017,2,19,1,3,8,6,1,1,0,0,0,2,1,4.96277E+20,5.87862E+21,8.94446E+15,5.30571E+16
137221,4.17022E+18,4,0,11,0,2017,2,15,1,3,5,3,0,1,0,0,0,0,1,4.89104E+20,5.88083E+21,8.83735E+15,5.30769E+16
137222,4.17022E+18,4,0,11,0,2017,2,19,1,3,0,7,1,0,0,0,0,2,1,4.86782E+20,5.88313E+21,8.8026E+15,5.30975E+16
137223,4.17022E+18,4,0,12,0,2017,2,5,7,3,1,1,0,1,0,0,0,2,1,4.73255E+20,5.92895E+21,8.59671E+15,5.35088E+16
137224,4.17022E+18,4,0,12,0,2017,2,14,7,3,6,4,0,1,1,0,0,0,1,4.72203E+20,5.93473E+21,8.58034E+15,5.35607E+16
137225,4.17022E+18,4,0,11,0,2017,2,13,6,3,3,6,1,1,0,0,0,0,0,4.898E+20,5.88104E+21,8.84774E+15,5.30787E+16
137226,4.17022E+18,4,0,11,0,2017,2,6,6,3,9,1,0,0,0,0,1,2,1,4.82537E+20,5.87773E+21,8.7395E+15,5.30488E+16
137227,4.17022E+18,4,0,11,0,2017,2,13,6,3,2,6,0,1,0,0,1,0,1,4.94044E+20,5.87723E+21,8.91116E+15,5.30445E+16
137228,4.17022E+18,4,0,11,0,2017,2,7,6,3,2,6,0,1,0,0,0,1,1,4.93228E+20,5.88567E+21,8.89881E+15,5.31204E+16
137229,4.17022E+18,4,0,11,0,2017,2,15,6,3,0,7,0,0,0,0,1,0,1,4.88822E+20,5.88015E+21,8.83316E+15,5.30707E+16
137230,4.17022E+18,4,0,11,0,2017,2,20,5,3,5,2,1,1,0,0,0,2,0,4.8778E+20,5.87814E+21,8.81769E+15,5.30526E+16
137231,4.17022E+18,4,0,11,0,2017,2,7,5,2,6,4,0,1,1,0,0,0,0,4.78894E+20,5.89166E+21,8.68423E+15,5.31739E+16
137232,4.17022E+18,4,0,11,0,2017,2,19,5,3,2,6,0,1,0,0,0,2,0,4.85148E+20,5.88289E+21,8.7782E+15,5.30952E+16
137233,4.17022E+18,4,0,11,0,2017,2,11,5,3,2,6,0,1,0,0,0,0,0,4.913E+20,5.88308E+21,8.87006E+15,5.30971E+16
137234,4.17022E+18,4,0,11,0,2017,2,8,4,3,5,3,1,1,0,0,0,0,0,4.71876E+20,5.89275E+21,8.57914E+15,5.31834E+16
137235,4.17022E+18,4,0,11,0,2017,2,8,4,3,5,3,1,1,0,0,0,0,0,4.88071E+20,5.87684E+21,8.82208E+15,5.30409E+16
137236,4.17022E+18,4,0,11,0,2017,2,16,4,3,5,3,1,1,0,0,0,0,0,4.92783E+20,5.88111E+21,8.89227E+15,5.30794E+16
137237,4.17022E+18,4,0,11,0,2017,2,15,4,3,2,6,0,1,0,0,0,0,0,4.89611E+20,5.87741E+21,8.84502E+15,5.30461E+16
137238,4.17021E+18,4,0,11,0,2017,2,13,3,3,5,3,1,1,0,0,0,0,0,4.86565E+20,5.88024E+21,8.79948E+15,5.30715E+16
137239,4.17021E+18,4,0,11,0,2017,2,15,3,3,1,5,1,1,0,0,0,0,0,4.88121E+20,5.88055E+21,8.82269E+15,5.30743E+16
137240,4.17021E+18,4,0,11,0,2017,2,17,3,3,1,3,1,1,0,0,0,2,0,4.85568E+20,5.88172E+21,8.78453E+15,5.30848E+16
137241,4.17021E+18,4,0,11,0,2017,2,8,3,3,2,6,0,1,0,0,0,0,0,4.88663E+20,5.88129E+21,8.83075E+15,5.3081E+16
137242,4.17021E+18,4,0,11,0,2017,2,7,2,3,5,2,1,0,0,0,1,0,0,4.86633E+20,5.88105E+21,8.80045E+15,5.30788E+16
137243,4.17021E+18,4,0,11,0,2017,2,16,2,3,2,6,0,1,0,0,0,0,0,4.84515E+20,5.87911E+21,8.76894E+15,5.30612E+16
137244,4.17021E+18,4,0,11,0,2017,2,10,2,3,5,3,1,0,0,0,1,0,0,4.92005E+20,5.8785E+21,8.88072E+15,5.30559E+16
137245,4.17021E+18,4,0,11,0,2017,2,16,2,2,9,7,0,1,0,0,0,0,0,4.86006E+20,5.88292E+21,8.79102E+15,5.30955E+16
137246,4.17021E+18,4,0,11,0,2017,2,17,7,3,2,6,0,1,0,0,0,1,0,4.88156E+20,5.8804E+21,8.82322E+15,5.30729E+16
137247,4.17021E+18,4,0,11,0,2017,2,22,1,3,9,1,0,1,0,0,0,2,0,4.75714E+20,5.88996E+21,8.63678E+15,5.31584E+16
137248,4.17021E+18,4,0,12,0,2017,2,12,6,2,5,3,0,1,0,0,1,0,0,4.72303E+20,5.93262E+21,8.58205E+15,5.35418E+16
137249,4.17021E+18,4,0,11,0,2017,2,14,6,3,5,3,0,1,0,0,0,0,0,4.85328E+20,5.87899E+21,8.78107E+15,5.30602E+16
137250,4.17021E+18,4,0,12,0,2017,2,13,5,3,0,7,0,0,0,0,1,0,0,4.71707E+20,5.9347E+21,8.57285E+15,5.35604E+16
137251,4.17021E+18,4,0,11,0,2017,2,19,7,3,2,6,0,1,0,0,0,2,0,4.90129E+20,5.87908E+21,8.85271E+15,5.30612E+16
137252,4.17021E+18,4,0,11,0,2017,2,18,6,3,5,3,1,1,0,0,0,2,0,4.868E+20,5.88357E+21,8.80285E+15,5.31014E+16
137253,4.17021E+18,4,0,11,0,2017,2,12,1,2,6,4,0,1,1,0,0,0,0,4.8663E+20,5.88106E+21,8.80041E+15,5.30788E+16
137254,4.17051E+18,4,0,11,0,2017,5,5,4,1,5,2,0,1,0,1,0,1,0,4.93228E+20,5.8781E+21,8.89897E+15,5.30524E+16
137255,4.17051E+18,4,0,11,0,2017,5,13,4,3,5,2,0,1,0,0,0,0,0,4.92081E+20,5.8794E+21,8.88182E+15,5.3064E+16
137256,4.17051E+18,4,0,11,0,2017,5,17,4,3,5,3,0,1,0,0,0,0,0,4.86103E+20,5.87836E+21,8.79265E+15,5.30546E+16
137257,4.17051E+18,4,0,11,0,2017,5,15,4,3,2,6,0,1,0,0,0,0,0,4.80255E+20,5.8895E+21,8.70473E+15,5.31545E+16
137258,4.17051E+18,4,0,11,0,2017,5,6,4,3,3,6,0,1,0,1,0,0,0,4.92766E+20,5.87761E+21,8.89208E+15,5.30479E+16
137259,4.17051E+18,4,0,11,0,2017,5,18,3,3,2,6,0,1,0,0,0,0,0,4.86331E+20,5.88232E+21,8.79589E+15,5.30901E+16
137260,4.17051E+18,4,0,12,0,2017,5,17,3,3,2,6,0,1,0,0,0,0,0,4.71345E+20,5.93365E+21,8.56749E+15,5.3551E+16
137261,4.17051E+18,4,0,12,0,2017,5,14,3,3,5,3,1,1,0,0,0,0,0,4.73373E+20,5.93744E+21,8.59778E+15,5.35851E+16