OBJECTID,UIDENTSTLA,ULAND,UREGBEZ,UKREIS,UGEMEINDE,UJAHR,UMONAT,USTUNDE,UWOCHENTAG,UKATEGORIE,UART,UTYP1,IstRad,IstPKW,IstFuss,IstKrad,IstSonstig,LICHT,STRZUSTAND,LINREFX,LINREFY,XGCSWGS84,YGCSWGS84
137262,4.17051E+18,4,0,12,0,2017,5,11,3,3,5,2,1,1,0,0,0,0,0,4.72924E+20,5.93533E+21,8.59117E+15,5.35661E+16
137263,4.17051E+18,4,0,11,0,2017,5,15,3,3,5,7,0,1,0,0,1,0,0,4.93369E+20,5.88108E+21,8.90101E+15,5.30792E+16
137264,4.17051E+18,4,0,11,0,2017,5,16,3,3,1,1,0,1,0,1,0,0,0,4.84928E+20,5.88318E+21,8.7749E+15,5.30978E+16
137265,4.17051E+18,4,0,11,0,2017,5,12,3,2,0,7,0,0,0,0,1,0,0,4.87763E+20,5.87824E+21,8.81744E+15,5.30536E+16
137266,4.17051E+18,4,0,11,0,2017,5,16,3,3,2,6,0,1,0,0,0,0,0,4.90355E+20,5.8801E+21,8.85605E+15,5.30703E+16
137267,4.17051E+18,4,0,11,0,2017,5,9,3,3,5,3,1,1,0,0,0,0,0,4.86707E+20,5.88194E+21,8.80152E+15,5.30867E+16
137268,4.17051E+18,4,0,11,0,2017,5,14,3,3,5,3,1,1,0,0,0,0,0,4.81993E+20,5.87764E+21,8.73139E+15,5.30479E+16
137269,4.17051E+18,4,0,11,0,2017,5,13,3,3,6,4,0,0,1,1,0,0,0,4.85381E+20,5.88492E+21,8.78159E+15,5.31135E+16
137270,4.17051E+18,4,0,11,0,2017,5,14,6,3,6,4,0,1,1,0,0,0,0,4.92922E+20,5.87796E+21,8.8944E+15,5.30511E+16
137271,4.17051E+18,4,0,11,0,2017,5,12,6,3,5,3,0,1,0,0,0,0,0,4.89089E+20,5.88148E+21,8.83711E+15,5.30826E+16
137272,4.17051E+18,4,0,11,0,2017,5,12,3,3,1,5,1,1,0,0,0,0,0,4.84491E+20,5.88119E+21,8.76847E+15,5.308E+16
137273,4.17051E+18,4,0,11,0,2017,5,11,2,3,0,1,1,0,0,0,0,0,1,4.86887E+20,5.88178E+21,8.80422E+15,5.30853E+16
137274,4.17051E+18,4,0,11,0,2017,5,15,2,3,2,6,0,1,0,0,1,0,0,4.8335E+20,5.88176E+21,8.75141E+15,5.3085E+16
137275,4.17051E+18,4,0,11,0,2017,5,15,2,3,4,6,0,0,0,0,1,0,0,4.87202E+20,5.88099E+21,8.80895E+15,5.30782E+16
137276,4.17051E+18,4,0,11,0,2017,5,12,2,3,0,3,0,1,1,1,0,0,1,4.86833E+20,5.88119E+21,8.80343E+15,5.30801E+16
137277,4.17051E+18,4,0,11,0,2017,5,18,2,3,2,6,0,1,0,0,0,0,0,4.87715E+20,5.88166E+21,8.81658E+15,5.30842E+16
137278,4.17051E+18,4,0,11,0,2017,5,5,6,2,5,3,0,1,0,0,0,0,1,4.92221E+20,5.8768E+21,8.88398E+15,5.30407E+16
137279,4.17051E+18,4,0,11,0,2017,5,7,2,3,0,2,0,1,0,1,0,0,1,4.88988E+20,5.88049E+21,8.83564E+15,5.30738E+16
137280,4.17051E+18,4,0,11,0,2017,5,8,2,2,6,4,0,1,1,0,0,0,1,4.88849E+20,5.88014E+21,8.83356E+15,5.30706E+16
137281,4.17051E+18,4,0,11,0,2017,5,15,6,3,0,6,1,0,0,0,1,0,0,4.87174E+20,5.88209E+21,8.80849E+15,5.30881E+16
137282,4.17051E+18,4,0,11,0,2017,5,6,2,2,8,1,0,1,0,0,0,0,1,4.92553E+20,5.88183E+21,8.88881E+15,5.30859E+16
137283,4.17051E+18,4,0,11,0,2017,5,19,1,3,0,7,1,0,0,0,0,0,0,4.85913E+20,5.88108E+21,8.78971E+15,5.3079E+16
137284,4.17051E+18,4,0,11,0,2017,5,8,1,3,2,6,0,1,0,0,0,0,0,4.8263E+20,5.8781E+21,8.74086E+15,5.30521E+16
137285,4.17051E+18,4,0,11,0,2017,5,19,7,3,5,3,0,1,0,0,0,0,0,4.82603E+20,5.8776E+21,8.74049E+15,5.30476E+16
137286,4.17051E+18,4,0,11,0,2017,5,9,6,3,0,7,1,0,0,0,1,0,1,4.8728E+20,5.88331E+21,8.81002E+15,5.30991E+16
137287,4.17051E+18,4,0,11,0,2017,5,14,7,3,5,3,1,1,0,0,0,0,0,4.86858E+20,5.88034E+21,8.80384E+15,5.30723E+16
137288,4.17051E+18,4,0,11,0,2017,5,9,7,3,6,4,0,1,1,0,0,0,0,4.83896E+20,5.88518E+21,8.75939E+15,5.31158E+16
137289,4.17051E+18,4,0,11,0,2017,5,14,7,3,4,6,1,1,0,0,0,0,0,4.93407E+20,5.88267E+21,8.90155E+15,5.30934E+16
137290,4.1705E+18,4,0,12,0,2017,5,13,5,3,5,3,0,1,0,1,0,0,0,4.7132E+20,5.93449E+21,8.56703E+15,5.35585E+16
137291,4.17051E+18,4,0,11,0,2017,5,3,7,3,5,2,1,1,0,0,0,2,1,4.88154E+20,5.8804E+21,8.82319E+15,5.3073E+16
137292,4.17051E+18,4,0,12,0,2017,5,16,6,3,5,3,0,1,0,0,0,0,1,4.7255E+20,5.93445E+21,8.58561E+15,5.35582E+16
137293,4.17051E+18,4,0,12,0,2017,5,15,6,3,5,3,0,1,0,0,0,0,1,4.73046E+20,5.93556E+21,8.59299E+15,5.35682E+16
137294,4.17051E+18,4,0,12,0,2017,5,3,6,3,0,1,0,0,0,1,0,2,1,4.73029E+20,5.93427E+21,8.59286E+15,5.35567E+16
137295,4.17051E+18,4,0,11,0,2017,5,13,6,3,5,2,1,1,0,0,0,0,0,4.71401E+20,5.89416E+21,8.57191E+15,5.3196E+16
137296,4.17051E+18,4,0,11,0,2017,5,7,6,3,3,6,1,0,0,0,0,0,1,4.88978E+20,5.87635E+21,8.83562E+15,5.30366E+16
137297,4.1705E+18,4,0,11,0,2017,5,16,5,3,5,3,1,1,0,0,0,0,1,4.85474E+20,5.88158E+21,8.78314E+15,5.30835E+16
137298,4.1705E+18,4,0,11,0,2017,5,12,5,3,6,4,0,1,1,0,0,0,1,4.88467E+20,5.88117E+21,8.82784E+15,5.30799E+16
137299,4.1705E+18,4,0,11,0,2017,5,13,5,3,6,4,0,1,1,0,0,0,1,4.92407E+20,5.88111E+21,8.88665E+15,5.30794E+16
137300,4.1705E+18,4,0,11,0,2017,5,14,5,3,2,6,0,1,0,0,0,0,1,4.8773E+20,5.88103E+21,8.81683E+15,5.30786E+16
137301,4.1705E+18,4,0,12,0,2017,5,13,4,3,6,4,0,1,1,0,0,0,0,4.73887E+20,5.93043E+21,8.60613E+15,5.35222E+16
137302,4.1705E+18,4,0,11,0,2017,5,10,4,3,0,7,1,0,0,0,0,0,1,4.87705E+20,5.88062E+21,8.81648E+15,5.30749E+16
137303,4.1705E+18,4,0,11,0,2017,5,17,4,3,5,2,1,0,0,0,0,0,0,4.89804E+20,5.87779E+21,8.8479E+15,5.30495E+16
137304,4.1705E+18,4,0,11,0,2017,5,17,4,3,6,4,0,1,1,0,0,0,0,4.88226E+20,5.87607E+21,8.82442E+15,5.3034E+16
137305,4.1705E+18,4,0,11,0,2017,5,17,4,3,2,6,0,1,0,0,1,0,0,4.89836E+20,5.87962E+21,8.84831E+15,5.3066E+16
137306,4.1705E+18,4,0,11,0,2017,5,18,4,2,6,4,0,1,1,0,0,0,0,4.87528E+20,5.88132E+21,8.81381E+15,5.30812E+16
137307,4.1705E+18,4,0,12,0,2017,5,7,3,3,3,6,0,1,0,0,0,0,0,4.71854E+20,5.93328E+21,8.5752E+15,5.35476E+16
137308,4.1705E+18,4,0,12,0,2017,5,21,3,3,5,3,0,1,0,0,0,2,1,4.73558E+20,5.92881E+21,8.6013E+15,5.35076E+16
137309,4.1705E+18,4,0,12,0,2017,5,11,3,3,5,3,1,1,0,0,0,0,0,4.73363E+20,5.93162E+21,8.59812E+15,5.35328E+16
137310,4.1705E+18,4,0,11,0,2017,5,16,3,3,5,2,1,0,0,0,1,0,0,4.74536E+20,5.89238E+21,8.61897E+15,5.31801E+16
137311,4.1705E+18,4,0,11,0,2017,5,10,3,3,5,3,1,1,0,0,0,0,0,4.94901E+20,5.88039E+21,8.9239E+15,5.3073E+16
137312,4.1705E+18,4,0,11,0,2017,5,7,3,2,6,4,0,1,1,0,0,0,0,4.83513E+20,5.88215E+21,8.75383E+15,5.30886E+16
137313,4.1705E+18,4,0,11,0,2017,5,16,3,3,4,1,0,1,0,1,0,0,1,4.85338E+20,5.88483E+21,8.78095E+15,5.31127E+16
137314,4.1705E+18,4,0,11,0,2017,5,18,3,3,6,7,0,1,1,0,0,0,1,4.85921E+20,5.88025E+21,8.78986E+15,5.30715E+16
137315,4.1705E+18,4,0,11,0,2017,5,8,3,3,5,2,1,1,0,0,0,0,0,4.86122E+20,5.88047E+21,8.79285E+15,5.30735E+16
137316,4.1705E+18,4,0,11,0,2017,5,12,3,3,3,6,1,1,0,0,0,0,0,4.88121E+20,5.87706E+21,8.82282E+15,5.30429E+16
137317,4.1705E+18,4,0,11,0,2017,5,15,3,3,2,6,0,1,0,0,0,0,0,4.86089E+20,5.88062E+21,8.79235E+15,5.30749E+16
137318,4.1705E+18,4,0,11,0,2017,5,14,3,3,4,6,1,0,0,0,0,0,1,4.86608E+20,5.88108E+21,8.80008E+15,5.30791E+16
137319,4.1705E+18,4,0,12,0,2017,5,16,2,3,2,6,0,1,0,0,0,0,0,4.72708E+20,5.93198E+21,8.5882E+15,5.3536E+16
137320,4.1705E+18,4,0,11,0,2017,5,19,2,3,6,4,0,1,1,0,0,1,0,4.86438E+20,5.87942E+21,8.79761E+15,5.30641E+16
137321,4.17043E+18,4,0,12,0,2017,4,17,1,3,1,5,0,1,0,0,0,0,0,4.74058E+20,5.93132E+21,8.60864E+15,5.35301E+16
137322,4.17043E+18,4,0,12,0,2017,4,13,1,3,2,6,0,1,0,0,0,0,0,4.73193E+20,5.93516E+21,8.59526E+15,5.35646E+16
137323,4.17043E+18,4,0,12,0,2017,4,18,1,3,5,3,1,1,0,0,0,0,0,4.75235E+20,5.93125E+21,8.6264E+15,5.35296E+16
137324,4.17043E+18,4,0,11,0,2017,4,10,1,3,0,1,0,0,0,1,0,0,0,4.86371E+20,5.88223E+21,8.7965E+15,5.30893E+16
137325,4.17043E+18,4,0,11,0,2017,4,9,1,3,2,7,0,1,0,0,0,0,0,4.89962E+20,5.87958E+21,8.8502E+15,5.30656E+16
137326,4.17043E+18,4,0,11,0,2017,4,16,1,3,5,2,0,1,0,1,0,0,0,4.89315E+20,5.87746E+21,8.84061E+15,5.30465E+16
137327,4.17043E+18,4,0,11,0,2017,4,14,7,3,5,3,1,1,0,0,0,0,0,4.87023E+20,5.88167E+21,8.80626E+15,5.30843E+16
137328,4.17043E+18,4,0,11,0,2017,4,11,7,3,5,3,0,1,0,0,0,0,0,4.87579E+20,5.87559E+21,8.81479E+15,5.30297E+16
137329,4.17043E+18,4,0,11,0,2017,4,21,7,2,4,6,1,0,0,0,0,2,0,4.86569E+20,5.88009E+21,8.79954E+15,5.30701E+16
137330,4.17043E+18,4,0,11,0,2017,4,3,7,3,0,1,1,0,0,0,0,2,0,4.86498E+20,5.8809E+21,8.79844E+15,5.30774E+16
137331,4.17043E+18,4,0,12,0,2017,4,12,6,2,5,3,1,1,0,0,0,0,0,4.72883E+20,5.9317E+21,8.59088E+15,5.35335E+16
137332,4.17043E+18,4,0,12,0,2017,4,12,6,3,5,3,0,1,0,1,0,0,0,4.7435E+20,5.9363E+21,8.61263E+15,5.35749E+16
137333,4.17043E+18,4,0,12,0,2017,4,13,6,3,2,6,0,1,0,0,0,0,0,4.7335E+20,5.93784E+21,8.59739E+15,5.35888E+16
137334,4.17043E+18,4,0,11,0,2017,4,17,6,3,5,3,1,1,0,0,0,0,0,4.92939E+20,5.88111E+21,8.89459E+15,5.30795E+16
137335,4.17043E+18,4,0,11,0,2017,4,20,6,3,6,4,1,0,1,0,0,1,1,4.86648E+20,5.88104E+21,8.80068E+15,5.30787E+16
137336,4.17043E+18,4,0,11,0,2017,4,5,6,3,5,3,0,0,0,1,1,1,0,4.84738E+20,5.88283E+21,8.77208E+15,5.30947E+16
137337,4.17043E+18,4,0,11,0,2017,4,8,6,3,3,2,0,1,0,0,1,0,0,4.86763E+20,5.88092E+21,8.8024E+15,5.30776E+16
137338,4.17043E+18,4,0,11,0,2017,4,21,6,3,5,2,1,1,0,0,0,2,1,4.8672E+20,5.8794E+21,8.80183E+15,5.30639E+16
137339,4.17043E+18,4,0,11,0,2017,4,14,6,3,5,3,0,1,0,1,0,0,0,4.86309E+20,5.87854E+21,8.79573E+15,5.30562E+16
137340,4.17043E+18,4,0,11,0,2017,4,13,6,3,3,6,1,1,0,0,0,0,0,4.86372E+20,5.88132E+21,8.79655E+15,5.30811E+16
137341,4.17043E+18,4,0,11,0,2017,4,12,6,3,5,3,1,1,0,0,0,0,0,4.90819E+20,5.88023E+21,8.86297E+15,5.30714E+16
137342,4.17043E+18,4,0,11,0,2017,4,9,6,3,6,1,0,0,1,0,1,0,0,4.90937E+20,5.88017E+21,8.86474E+15,5.30709E+16
137343,4.17043E+18,4,0,12,0,2017,4,18,5,3,5,3,0,1,0,0,0,0,0,4.73772E+20,5.93755E+21,8.60379E+15,5.35861E+16
137344,4.17043E+18,4,0,12,0,2017,4,12,5,3,5,2,0,1,0,0,0,0,0,4.73264E+20,5.93099E+21,8.59668E+15,5.35271E+16
137345,4.17043E+18,4,0,11,0,2017,4,18,5,2,6,4,0,0,1,1,0,0,0,4.86595E+20,5.88038E+21,8.79991E+15,5.30727E+16
137346,4.17043E+18,4,0,11,0,2017,4,17,5,2,3,2,1,1,0,0,0,0,0,4.86562E+20,5.8801E+21,8.79943E+15,5.30702E+16
137347,4.17043E+18,4,0,11,0,2017,4,5,5,3,4,6,1,1,0,0,0,1,0,4.90906E+20,5.8781E+21,8.86432E+15,5.30524E+16
137348,4.17043E+18,4,0,11,0,2017,4,18,5,3,2,6,0,1,0,0,0,0,0,4.8693E+20,5.8813E+21,8.80487E+15,5.3081E+16
137349,4.17043E+18,4,0,11,0,2017,4,16,5,3,5,3,0,1,0,0,0,0,0,4.89378E+20,5.88259E+21,8.84138E+15,5.30927E+16
137350,4.17043E+18,4,0,11,0,2017,4,6,5,3,5,3,0,1,0,1,1,0,0,4.8881E+20,5.87672E+21,8.83311E+15,5.30399E+16
137351,4.17043E+18,4,0,11,0,2017,4,18,5,3,5,3,1,1,0,0,0,0,0,4.93597E+20,5.8768E+21,8.9045E+15,5.30407E+16
137352,4.17043E+18,4,0,11,0,2017,4,18,5,3,4,6,1,1,0,0,0,0,0,4.85915E+20,5.88024E+21,8.78977E+15,5.30714E+16
137353,4.17043E+18,4,0,11,0,2017,4,8,5,3,5,3,1,1,0,0,0,0,0,4.86058E+20,5.88386E+21,8.79176E+15,5.3104E+16
137354,4.17043E+18,4,0,11,0,2017,4,17,5,3,0,1,0,0,0,1,0,0,0,4.86731E+20,5.88111E+21,8.80191E+15,5.30793E+16
137355,4.17043E+18,4,0,11,0,2017,4,20,5,3,2,6,0,1,0,0,1,0,0,4.97379E+20,5.87778E+21,8.96091E+15,5.30495E+16
137356,4.17043E+18,4,0,11,0,2017,4,10,5,1,5,3,1,0,0,0,1,0,0,4.8596E+20,5.883E+21,8.79032E+15,5.30963E+16
137357,4.17043E+18,4,0,11,0,2017,4,17,4,3,6,7,0,1,1,0,0,0,0,4.86014E+20,5.88461E+21,8.79106E+15,5.31108E+16
137358,4.17043E+18,4,0,11,0,2017,4,17,4,3,1,5,1,1,0,0,0,0,0,4.89245E+20,5.88298E+21,8.83938E+15,5.30962E+16
137359,4.17043E+18,4,0,11,0,2017,4,15,4,3,0,7,0,0,0,0,1,0,0,4.83529E+20,5.8857E+21,8.75388E+15,5.31204E+16
137360,4.17043E+18,4,0,11,0,2017,4,16,4,3,6,4,0,1,1,0,0,0,0,4.97547E+20,5.87958E+21,8.96339E+15,5.30657E+16
137361,4.17043E+18,4,0,11,0,2017,4,14,4,3,6,4,0,1,1,0,0,0,0,4.69813E+20,5.89331E+21,8.54822E+15,5.31883E+16
137362,4.17043E+18,4,0,12,0,2017,4,12,3,2,5,3,1,1,0,0,0,0,0,4.74321E+20,5.93769E+21,8.61207E+15,5.35874E+16
137363,4.17043E+18,4,0,12,0,2017,4,6,3,3,5,3,1,1,0,0,0,1,1,4.73389E+20,5.93744E+21,8.59802E+15,5.35851E+16
137364,4.17043E+18,4,0,11,0,2017,4,17,3,3,5,3,1,0,0,0,1,0,0,4.94174E+20,5.87707E+21,8.9131E+15,5.30431E+16
137365,4.17043E+18,4,0,11,0,2017,4,7,3,3,0,2,0,1,0,1,0,0,1,4.86995E+20,5.88134E+21,8.80586E+15,5.30814E+16
137366,4.17043E+18,4,0,11,0,2017,4,18,3,3,3,6,1,1,0,0,0,0,0,4.88641E+20,5.88025E+21,8.83046E+15,5.30716E+16
137367,4.17043E+18,4,0,11,0,2017,4,12,3,3,5,3,1,1,0,0,0,0,1,4.89091E+20,5.88147E+21,8.83713E+15,5.30826E+16
137368,4.17043E+18,4,0,11,0,2017,4,1,3,2,5,3,0,1,0,0,0,2,1,4.89101E+20,5.88084E+21,8.83731E+15,5.30769E+16
137369,4.17043E+18,4,0,11,0,2017,4,9,3,3,2,6,0,1,0,0,0,0,0,4.974E+20,5.87793E+21,8.96121E+15,5.30509E+16
137370,4.17042E+18,4,0,12,0,2017,4,14,2,3,2,6,0,1,0,0,0,0,0,4.73294E+20,5.93595E+21,8.59671E+15,5.35718E+16
137371,4.17042E+18,4,0,11,0,2017,4,18,2,3,5,3,1,1,0,0,0,0,1,4.69625E+20,5.89398E+21,8.54534E+15,5.31943E+16
137372,4.17042E+18,4,0,11,0,2017,4,9,2,3,5,2,1,1,0,0,0,0,0,4.71456E+20,5.89406E+21,8.57275E+15,5.31951E+16
137373,4.17042E+18,4,0,11,0,2017,4,18,2,3,5,3,0,1,0,0,0,0,1,4.70909E+20,5.89333E+21,8.56461E+15,5.31886E+16
137374,4.17042E+18,4,0,11,0,2017,4,10,2,3,5,3,1,1,0,0,0,0,0,4.74995E+20,5.89261E+21,8.62583E+15,5.31823E+16
137375,4.17042E+18,4,0,11,0,2017,4,16,2,3,6,4,0,1,1,0,0,0,0,4.86636E+20,5.88103E+21,8.8005E+15,5.30786E+16
137376,4.17042E+18,4,0,11,0,2017,4,16,2,3,5,3,1,1,0,0,0,0,1,4.81028E+20,5.89214E+21,8.71613E+15,5.31782E+16
137377,4.17042E+18,4,0,11,0,2017,4,22,2,3,2,6,0,1,0,0,0,2,1,4.94237E+20,5.8789E+21,8.91401E+15,5.30596E+16
137378,4.17042E+18,4,0,11,0,2017,4,9,2,3,6,4,0,1,1,0,0,0,0,4.82299E+20,5.87875E+21,8.73589E+15,5.30579E+16
137379,4.17042E+18,4,0,11,0,2017,4,22,2,2,8,1,0,1,0,0,0,2,1,4.85928E+20,5.8782E+21,8.79006E+15,5.30531E+16
137380,4.17042E+18,4,0,11,0,2017,4,8,2,3,2,6,0,1,0,0,0,0,0,4.87201E+20,5.88153E+21,8.80892E+15,5.30831E+16
137381,4.17042E+18,4,0,11,0,2017,4,7,2,3,5,3,1,1,0,0,0,0,0,4.91343E+20,5.88243E+21,8.87073E+15,5.30913E+16
137382,4.17042E+18,4,0,12,0,2017,4,22,1,3,1,1,1,1,0,0,0,2,0,4.72309E+20,5.93263E+21,8.58213E+15,5.35418E+16
137383,4.17042E+18,4,0,12,0,2017,4,13,1,3,5,3,0,1,0,0,0,0,0,4.73656E+20,5.92656E+21,8.60297E+15,5.34874E+16
137384,4.17042E+18,4,0,11,0,2017,4,14,1,3,5,3,0,1,0,0,0,0,0,4.8548E+20,5.88005E+21,8.78329E+15,5.30697E+16
137385,4.17042E+18,4,0,11,0,2017,4,18,1,2,6,4,0,1,1,0,0,0,0,4.95569E+20,5.87984E+21,8.93388E+15,5.3068E+16
137386,4.17042E+18,4,0,11,0,2017,4,5,1,2,6,4,0,1,1,0,0,2,1,4.87758E+20,5.88127E+21,8.81724E+15,5.30808E+16
137387,4.17042E+18,4,0,12,0,2017,4,19,7,3,5,3,0,1,0,0,0,0,1,4.73004E+20,5.9313E+21,8.59273E+15,5.35299E+16
137388,4.17042E+18,4,0,11,0,2017,4,21,7,3,3,6,1,1,0,0,0,1,0,4.89154E+20,5.87982E+21,8.83813E+15,5.30678E+16
137389,4.17042E+18,4,0,11,0,2017,4,19,7,3,5,2,0,1,0,0,1,0,0,4.87398E+20,5.88047E+21,8.81191E+15,5.30736E+16
137390,4.17042E+18,4,0,11,0,2017,4,16,7,2,0,7,1,0,0,0,0,0,1,4.9089E+20,5.88268E+21,8.86397E+15,5.30935E+16
137391,4.17042E+18,4,0,11,0,2017,4,15,7,3,1,5,0,1,0,0,0,0,0,4.80785E+20,5.8919E+21,8.71251E+15,5.31761E+16
137392,4.17042E+18,4,0,11,0,2017,4,12,7,3,6,4,0,1,1,0,0,0,0,4.89145E+20,5.87983E+21,8.838E+15,5.30679E+16
137393,4.17042E+18,4,0,11,0,2017,4,22,6,3,0,7,0,0,0,1,0,2,1,4.8626E+20,5.87977E+21,8.79495E+15,5.30672E+16
137394,4.17042E+18,4,0,11,0,2017,4,23,6,2,5,3,1,1,0,0,0,2,1,4.90216E+20,5.87963E+21,8.85399E+15,5.30661E+16
137395,4.17042E+18,4,0,11,0,2017,4,17,6,3,5,2,0,1,0,0,0,0,0,4.81414E+20,5.88411E+21,8.72237E+15,5.31061E+16
137396,4.17042E+18,4,0,11,0,2017,4,10,6,3,5,3,1,1,0,0,0,0,0,4.8548E+20,5.88005E+21,8.78329E+15,5.30697E+16
137397,4.17042E+18,4,0,11,0,2017,4,17,6,3,5,2,0,1,0,1,0,0,0,4.89623E+20,5.88025E+21,8.84512E+15,5.30716E+16
137398,4.17042E+18,4,0,11,0,2017,4,20,6,3,5,3,0,1,0,0,0,2,1,4.95154E+20,5.88036E+21,8.92766E+15,5.30727E+16
137399,4.17042E+18,4,0,11,0,2017,4,22,5,2,0,7,1,0,0,0,0,2,0,4.822E+20,5.87757E+21,8.73448E+15,5.30474E+16
137400,4.17042E+18,4,0,11,0,2017,4,16,5,3,5,3,0,1,0,0,0,0,0,4.8188E+20,5.87673E+21,8.72974E+15,5.30398E+16
137401,4.17042E+18,4,0,11,0,2017,4,19,5,3,0,7,1,0,0,0,0,0,0,4.85595E+20,5.88312E+21,8.78488E+15,5.30974E+16
137402,4.17042E+18,4,0,11,0,2017,4,8,5,3,5,3,1,1,0,0,0,0,0,4.84092E+20,5.8848E+21,8.76235E+15,5.31124E+16
137403,4.17042E+18,4,0,11,0,2017,4,6,5,3,5,3,0,0,0,0,1,0,0,4.87178E+20,5.88151E+21,8.80857E+15,5.30829E+16
137404,4.17042E+18,4,0,11,0,2017,4,8,5,3,6,4,0,1,1,0,0,0,0,4.87751E+20,5.88105E+21,8.81715E+15,5.30788E+16
137405,4.17042E+18,4,0,12,0,2017,4,14,4,3,2,6,0,1,0,0,0,0,0,4.70861E+20,5.93606E+21,8.55995E+15,5.35726E+16
137406,4.17042E+18,4,0,12,0,2017,4,18,4,3,6,4,0,1,1,0,0,0,0,4.72995E+20,5.92971E+21,8.59273E+15,5.35156E+16
137407,4.17042E+18,4,0,11,0,2017,4,10,4,3,3,6,1,0,0,0,1,0,0,4.79798E+20,5.89154E+21,8.69776E+15,5.31728E+16
137408,4.17042E+18,4,0,11,0,2017,4,16,4,3,1,5,1,1,0,0,0,0,0,4.88218E+20,5.8811E+21,8.82412E+15,5.30792E+16
137409,4.17042E+18,4,0,11,0,2017,4,17,4,3,4,7,0,0,0,0,1,0,0,4.87189E+20,5.88101E+21,8.80876E+15,5.30784E+16
137410,4.17042E+18,4,0,11,0,2017,4,9,4,3,5,2,1,1,0,0,0,0,0,4.85598E+20,5.8837E+21,8.78489E+15,5.31025E+16
137411,4.17042E+18,4,0,11,0,2017,4,19,4,3,0,1,0,0,0,1,0,0,0,4.84499E+20,5.88155E+21,8.76858E+15,5.30832E+16
137412,4.17042E+18,4,0,11,0,2017,4,16,4,3,0,7,1,0,0,0,0,0,0,4.89534E+20,5.88055E+21,8.84377E+15,5.30744E+16
137413,4.17042E+18,4,0,11,0,2017,4,7,4,3,5,3,1,1,0,0,0,0,0,4.921E+20,5.88108E+21,8.88206E+15,5.30791E+16
137414,4.17042E+18,4,0,12,0,2017,4,18,3,3,0,7,1,1,0,0,0,0,0,4.73975E+20,5.93211E+21,8.60732E+15,5.35372E+16
137415,4.17042E+18,4,0,12,0,2017,4,18,3,3,5,3,0,1,0,0,0,0,0,4.73289E+20,5.93079E+21,8.59707E+15,5.35253E+16
137416,4.17042E+18,4,0,12,0,2017,4,13,3,3,5,3,0,1,0,0,0,0,0,4.72714E+20,5.92727E+21,8.58871E+15,5.34937E+16
137417,4.17042E+18,4,0,11,0,2017,4,15,3,3,3,6,0,1,0,0,0,0,0,4.84684E+20,5.88374E+21,8.77123E+15,5.31029E+16
137418,4.17042E+18,4,0,11,0,2017,4,11,3,3,0,7,0,0,1,0,1,0,1,4.86652E+20,5.88106E+21,8.80074E+15,5.30789E+16
137419,4.17042E+18,4,0,11,0,2017,4,6,3,3,3,3,0,1,0,0,0,0,1,4.81139E+20,5.88802E+21,8.71803E+15,5.31412E+16
137420,4.17042E+18,4,0,11,0,2017,4,14,3,3,4,6,1,0,0,0,0,0,0,4.8731E+20,5.87922E+21,8.81064E+15,5.30624E+16
137421,4.17042E+18,4,0,11,0,2017,4,7,3,3,6,4,1,0,1,0,0,0,1,4.87319E+20,5.88123E+21,8.81068E+15,5.30804E+16
137422,4.17042E+18,4,0,12,0,2017,4,13,2,1,9,1,0,1,0,0,0,0,0,4.72468E+20,5.93738E+21,8.58412E+15,5.35846E+16
137423,4.17042E+18,4,0,12,0,2017,4,12,2,3,2,6,0,1,0,0,0,0,0,4.75036E+20,5.93001E+21,8.6235E+15,5.35184E+16
137424,4.17042E+18,4,0,11,0,2017,4,14,2,2,8,7,0,1,0,0,0,0,0,4.94519E+20,5.8878E+21,8.91806E+15,5.31395E+16
137425,4.17042E+18,4,0,11,0,2017,4,7,1,3,0,1,0,1,0,0,0,0,1,4.9001E+20,5.88026E+21,8.85089E+15,5.30717E+16
137426,4.17042E+18,4,0,11,0,2017,4,8,1,3,5,3,0,1,0,0,0,0,1,4.88023E+20,5.87813E+21,8.82132E+15,5.30526E+16
137427,4.17042E+18,4,0,11,0,2017,4,9,7,3,5,3,1,1,0,0,0,0,1,4.83771E+20,5.87879E+21,8.75784E+15,5.30584E+16
137428,4.17042E+18,4,0,11,0,2017,4,19,7,3,6,4,0,1,1,0,0,0,0,4.67551E+20,5.89552E+21,8.51414E+15,5.3208E+16
137429,4.17042E+18,4,0,11,0,2017,4,19,7,3,0,7,0,0,1,0,1,0,0,4.86561E+20,5.88173E+21,8.79936E+15,5.30848E+16
137430,4.17042E+18,4,0,11,0,2017,4,11,7,3,5,3,1,1,0,0,0,0,0,4.83535E+20,5.88218E+21,8.75415E+15,5.30888E+16
137431,4.17041E+18,4,0,12,0,2017,4,13,6,3,2,6,0,1,0,0,0,0,1,4.72845E+20,5.93154E+21,8.59031E+15,5.3532E+16
137432,4.17041E+18,4,0,12,0,2017,4,9,6,3,5,3,0,1,0,0,0,0,0,4.74855E+20,5.93231E+21,8.62057E+15,5.35391E+16
137433,4.17041E+18,4,0,11,0,2017,4,16,6,3,0,7,1,1,0,0,0,0,0,4.87321E+20,5.8816E+21,8.81071E+15,5.30837E+16
137434,4.17041E+18,4,0,11,0,2017,4,12,6,3,2,6,0,1,0,0,0,0,0,4.95233E+20,5.87655E+21,8.92891E+15,5.30385E+16
137435,4.17041E+18,4,0,11,0,2017,4,9,5,3,2,6,0,1,0,0,0,0,1,4.86885E+20,5.88179E+21,8.80418E+15,5.30854E+16