OBJECTID,UIDENTSTLA,ULAND,UREGBEZ,UKREIS,UGEMEINDE,UJAHR,UMONAT,USTUNDE,UWOCHENTAG,UKATEGORIE,UART,UTYP1,IstRad,IstPKW,IstFuss,IstKrad,IstSonstig,LICHT,STRZUSTAND,LINREFX,LINREFY,XGCSWGS84,YGCSWGS84
137436,4.17041E+18,4,0,11,0,2017,4,18,5,3,2,6,0,1,0,0,0,0,0,4.91098E+20,5.88141E+21,8.8671E+15,5.30821E+16
137437,4.17041E+18,4,0,11,0,2017,4,15,5,3,2,6,0,1,0,0,0,0,1,4.89324E+20,5.87978E+21,8.84068E+15,5.30674E+16
137438,4.17041E+18,4,0,11,0,2017,4,18,5,3,4,6,1,0,0,0,0,0,0,4.86878E+20,5.88034E+21,8.80415E+15,5.30724E+16
137439,4.17041E+18,4,0,11,0,2017,4,8,5,3,5,3,1,1,0,0,0,0,1,4.92134E+20,5.88448E+21,8.88249E+15,5.31097E+16
137440,4.17041E+18,4,0,12,0,2017,4,6,4,3,2,6,0,0,0,1,1,1,1,4.73144E+20,5.93249E+21,8.59474E+15,5.35406E+16
137441,4.17041E+18,4,0,11,0,2017,4,15,4,3,5,3,0,1,0,1,0,0,1,4.83191E+20,5.88619E+21,8.7488E+15,5.31249E+16
137442,4.17041E+18,4,0,11,0,2017,4,16,4,3,2,6,0,1,0,0,0,0,1,4.88136E+20,5.88072E+21,8.8229E+15,5.30758E+16
137443,4.17041E+18,4,0,11,0,2017,4,16,4,3,5,3,0,0,0,1,1,0,1,4.91762E+20,5.88128E+21,8.87702E+15,5.30809E+16
137444,4.17041E+18,4,0,11,0,2017,4,1,4,3,1,7,1,1,0,0,0,2,1,4.88855E+20,5.88052E+21,8.83365E+15,5.3074E+16
137445,4.17041E+18,4,0,11,0,2017,4,11,4,3,5,3,0,1,0,0,0,0,0,4.88642E+20,5.87685E+21,8.8306E+15,5.3041E+16
137446,4.17041E+18,4,0,12,0,2017,4,16,3,3,2,6,0,0,0,0,1,0,0,4.73156E+20,5.92924E+21,8.5952E+15,5.35114E+16
137447,4.17041E+18,4,0,12,0,2017,4,9,3,3,8,1,0,1,0,0,0,0,1,4.72127E+20,5.93025E+21,8.5796E+15,5.35204E+16
137448,4.17041E+18,4,0,11,0,2017,4,13,3,3,5,3,1,0,0,0,0,0,0,4.83782E+20,5.87873E+21,8.75802E+15,5.30578E+16
137449,4.17041E+18,4,0,11,0,2017,4,9,3,3,5,3,1,1,0,0,0,0,0,4.86542E+20,5.88404E+21,8.79897E+15,5.31056E+16
137450,4.17041E+18,4,0,11,0,2017,4,17,2,3,5,2,1,1,0,0,0,0,0,4.85922E+20,5.88025E+21,8.78987E+15,5.30715E+16
137451,4.17041E+18,4,0,11,0,2017,4,15,2,3,0,1,1,0,0,0,0,0,0,4.8863E+20,5.88025E+21,8.8303E+15,5.30716E+16
137452,4.17041E+18,4,0,11,0,2017,4,15,2,3,5,2,1,1,0,0,0,0,0,4.72238E+20,5.89254E+21,8.58458E+15,5.31814E+16
137453,4.17041E+18,4,0,12,0,2017,4,17,1,3,3,6,0,0,0,1,0,0,0,4.72621E+20,5.93203E+21,8.5869E+15,5.35365E+16
137454,4.17041E+18,4,0,12,0,2017,4,11,1,3,0,7,1,0,0,0,0,0,0,4.74572E+20,5.93731E+21,8.6159E+15,5.3584E+16
137455,4.17041E+18,4,0,11,0,2017,4,10,1,3,1,1,0,1,0,0,1,0,0,4.83978E+20,5.88448E+21,8.76066E+15,5.31095E+16
137456,4.17041E+18,4,0,11,0,2017,4,23,1,3,5,3,0,1,0,0,0,2,0,4.7502E+20,5.89279E+21,8.62619E+15,5.31838E+16
137457,4.17041E+18,4,0,11,0,2017,4,19,1,3,0,7,0,0,0,0,1,0,0,4.87727E+20,5.88034E+21,8.81681E+15,5.30724E+16
137458,4.17041E+18,4,0,11,0,2017,4,17,1,3,5,3,1,1,0,0,0,0,0,4.85637E+20,5.88019E+21,8.78563E+15,5.3071E+16
137459,4.17041E+18,4,0,11,0,2017,4,16,1,3,3,6,1,0,0,0,0,0,0,4.90565E+20,5.88614E+21,8.859E+15,5.31246E+16
137460,4.17041E+18,4,0,11,0,2017,4,14,7,3,5,3,1,1,0,0,0,0,0,4.82632E+20,5.8782E+21,8.74089E+15,5.3053E+16
137461,4.17041E+18,4,0,11,0,2017,4,11,7,3,2,6,0,1,0,0,0,0,0,4.70808E+20,5.89378E+21,8.56307E+15,5.31926E+16
137462,4.17041E+18,4,0,11,0,2017,4,11,7,3,5,2,0,1,0,0,0,0,0,4.70754E+20,5.89375E+21,8.56226E+15,5.31923E+16
137463,4.17041E+18,4,0,12,0,2017,4,13,6,3,6,7,1,0,1,0,0,0,1,4.72304E+20,5.93385E+21,8.58195E+15,5.35528E+16
137464,4.17041E+18,4,0,12,0,2017,4,14,6,3,2,6,0,1,0,0,0,0,1,4.72885E+20,5.93004E+21,8.59104E+15,5.35186E+16
137465,4.17041E+18,4,0,12,0,2017,4,17,6,3,2,6,0,1,0,0,0,0,0,4.7349E+20,5.92812E+21,8.60033E+15,5.35014E+16
137466,4.17041E+18,4,0,11,0,2017,4,17,6,3,3,6,0,1,0,0,1,0,0,4.84988E+20,5.88334E+21,8.7758E+15,5.30993E+16
137467,4.17041E+18,4,0,11,0,2017,4,14,6,3,5,3,1,0,0,0,1,0,0,4.86436E+20,5.88124E+21,8.79751E+15,5.30804E+16
137468,4.17041E+18,4,0,11,0,2017,4,14,6,3,4,6,1,0,0,0,0,0,0,4.69412E+20,5.89354E+21,8.5422E+15,5.31903E+16
137469,4.17041E+18,4,0,11,0,2017,4,16,6,2,6,4,0,1,1,0,0,0,0,4.92805E+20,5.88111E+21,8.89259E+15,5.30794E+16
137470,4.17041E+18,4,0,11,0,2017,4,14,6,2,5,3,1,1,0,0,0,0,0,4.86435E+20,5.87969E+21,8.79756E+15,5.30665E+16
137471,4.17041E+18,4,0,11,0,2017,4,8,6,3,5,3,1,1,0,0,0,0,0,4.85753E+20,5.88031E+21,8.78735E+15,5.3072E+16
137472,4.17041E+18,4,0,11,0,2017,4,22,6,3,3,6,0,1,0,0,1,2,0,4.92211E+20,5.87857E+21,8.88378E+15,5.30566E+16
137473,4.17041E+18,4,0,12,0,2017,4,11,5,2,3,6,1,0,0,0,1,0,0,4.72743E+20,5.93077E+21,8.58884E+15,5.35252E+16
137474,4.17041E+18,4,0,11,0,2017,4,14,5,3,0,7,1,0,0,0,0,0,0,4.79338E+20,5.89109E+21,8.69092E+15,5.31688E+16
137475,4.17041E+18,4,0,11,0,2017,4,12,5,2,0,7,1,0,0,0,0,0,0,4.96008E+20,5.88161E+21,8.9404E+15,5.3084E+16
137476,4.17041E+18,4,0,11,0,2017,4,18,5,3,0,1,1,0,0,0,0,0,0,4.78598E+20,5.8915E+21,8.67982E+15,5.31725E+16
137477,4.17041E+18,4,0,11,0,2017,4,16,5,3,0,1,1,0,0,0,0,0,0,4.88747E+20,5.88019E+21,8.83204E+15,5.3071E+16
137478,4.17041E+18,4,0,11,0,2017,4,13,5,3,5,3,0,1,0,0,0,0,0,4.82614E+20,5.87805E+21,8.74063E+15,5.30516E+16
137479,4.17041E+18,4,0,11,0,2017,4,9,5,3,6,4,1,0,1,0,0,0,0,4.8456E+20,5.88503E+21,8.76932E+15,5.31144E+16
137480,4.17041E+18,4,0,11,0,2017,4,9,5,3,2,6,0,0,0,1,1,0,0,4.85626E+20,5.88216E+21,8.78537E+15,5.30887E+16
137481,4.17041E+18,4,0,12,0,2017,4,17,4,3,1,5,1,1,0,0,0,0,0,4.73366E+20,5.93164E+21,8.59816E+15,5.3533E+16
137482,4.17041E+18,4,0,11,0,2017,4,19,4,3,6,2,1,0,1,0,0,0,0,4.86899E+20,5.88127E+21,8.80442E+15,5.30808E+16
137483,4.17041E+18,4,0,11,0,2017,4,9,4,3,2,6,0,1,0,0,0,0,0,4.87753E+20,5.88105E+21,8.81717E+15,5.30787E+16
137484,4.17041E+18,4,0,11,0,2017,4,8,4,3,0,6,0,0,0,1,0,0,1,4.70749E+20,5.89373E+21,8.5622E+15,5.31921E+16
137485,4.17041E+18,4,0,11,0,2017,4,15,4,3,5,2,1,1,0,0,0,0,0,4.85849E+20,5.88321E+21,8.78866E+15,5.30982E+16
137486,4.17041E+18,4,0,11,0,2017,4,8,4,3,5,2,1,0,0,0,1,0,0,4.88524E+20,5.88032E+21,8.82871E+15,5.30722E+16
137487,4.17041E+18,4,0,11,0,2017,4,7,4,3,5,3,0,1,0,0,0,0,0,4.71108E+20,5.89398E+21,8.56754E+15,5.31944E+16
137488,4.1704E+18,4,0,11,0,2017,4,17,3,2,5,7,0,1,0,0,0,0,0,4.85693E+20,5.88013E+21,8.78647E+15,5.30705E+16
137489,4.1704E+18,4,0,11,0,2017,4,18,3,3,0,1,1,0,0,0,0,0,0,4.88109E+20,5.88039E+21,8.82252E+15,5.30729E+16
137490,4.1704E+18,4,0,11,0,2017,4,22,3,3,5,3,0,1,0,0,0,2,0,4.90331E+20,5.88002E+21,8.85569E+15,5.30696E+16
137491,4.1704E+18,4,0,11,0,2017,4,8,3,3,2,6,0,1,0,0,0,0,0,4.84754E+20,5.8837E+21,8.77228E+15,5.31026E+16
137492,4.1704E+18,4,0,11,0,2017,4,10,3,3,5,3,1,1,0,0,0,0,0,4.87816E+20,5.88093E+21,8.81813E+15,5.30777E+16
137493,4.1704E+18,4,0,11,0,2017,4,7,3,3,6,4,0,1,1,0,0,0,0,4.73209E+20,5.89236E+21,8.59912E+15,5.31799E+16
137494,4.1704E+18,4,0,11,0,2017,4,12,3,2,5,3,0,1,0,0,0,0,0,4.72097E+20,5.89242E+21,8.58248E+15,5.31804E+16
137495,4.1704E+18,4,0,11,0,2017,4,19,3,3,5,2,0,1,0,1,0,0,0,4.89727E+20,5.88061E+21,8.84666E+15,5.30748E+16
137496,4.1704E+18,4,0,11,0,2017,4,13,3,2,6,4,0,1,1,0,0,0,0,4.85795E+20,5.88003E+21,8.788E+15,5.30696E+16
137497,4.1704E+18,4,0,11,0,2017,4,17,3,3,1,7,1,1,0,0,0,0,0,4.71388E+20,5.89418E+21,8.57171E+15,5.31962E+16
137498,4.1704E+18,4,0,11,0,2017,4,15,3,3,5,2,1,1,0,0,0,0,0,4.87914E+20,5.88071E+21,8.81959E+15,5.30758E+16
137499,4.1704E+18,4,0,11,0,2017,4,18,3,3,5,3,1,1,0,0,0,0,0,4.88171E+20,5.8772E+21,8.82356E+15,5.30441E+16
137500,4.1704E+18,4,0,11,0,2017,4,15,3,3,5,3,1,1,0,0,0,0,0,4.87839E+20,5.87804E+21,8.81858E+15,5.30517E+16
137501,4.1704E+18,4,0,12,0,2017,4,16,2,3,2,6,0,1,0,0,0,0,0,4.72988E+20,5.92973E+21,8.59262E+15,5.35158E+16
137502,4.1704E+18,4,0,12,0,2017,4,15,2,3,0,7,0,0,0,0,1,0,0,4.72814E+20,5.93096E+21,8.5899E+15,5.35268E+16
137503,4.1704E+18,4,0,12,0,2017,4,13,2,3,5,3,1,1,0,0,0,0,0,4.7306E+20,5.93458E+21,8.5933E+15,5.35594E+16
137504,4.1704E+18,4,0,11,0,2017,4,12,2,3,2,6,0,1,0,0,0,0,0,4.87861E+20,5.87797E+21,8.81891E+15,5.30511E+16
137505,4.1704E+18,4,0,11,0,2017,4,14,2,3,5,3,1,0,0,0,0,0,0,4.86136E+20,5.87972E+21,8.7931E+15,5.30667E+16
137506,4.1704E+18,4,0,11,0,2017,4,16,2,3,5,3,0,1,0,0,1,0,0,4.89763E+20,5.88196E+21,8.84715E+15,5.3087E+16
137507,4.1704E+18,4,0,11,0,2017,4,19,2,2,4,7,0,1,0,0,0,1,0,4.79022E+20,5.89134E+21,8.68617E+15,5.3171E+16
137508,4.1704E+18,4,0,11,0,2017,4,12,2,2,0,1,1,0,0,0,0,0,0,4.82564E+20,5.88727E+21,8.73938E+15,5.31345E+16
137509,4.1704E+18,4,0,11,0,2017,4,11,2,3,5,3,1,1,0,0,0,0,0,4.93376E+20,5.88221E+21,8.90109E+15,5.30893E+16
137510,4.1704E+18,4,0,11,0,2017,4,14,2,3,5,2,1,1,0,0,0,0,0,4.91156E+20,5.88039E+21,8.86799E+15,5.30729E+16
137511,4.1704E+18,4,0,11,0,2017,4,8,2,3,2,2,0,1,0,0,0,0,0,4.92314E+20,5.87788E+21,8.88533E+15,5.30503E+16
137512,4.1704E+18,4,0,11,0,2017,4,7,2,3,2,6,0,1,0,0,0,0,0,4.94494E+20,5.87891E+21,8.91784E+15,5.30596E+16
137513,4.1704E+18,4,0,11,0,2017,4,8,2,3,5,6,0,1,0,1,0,0,0,4.86914E+20,5.8825E+21,8.80459E+15,5.30918E+16
137514,4.1704E+18,4,0,11,0,2017,4,22,2,3,5,2,1,0,0,0,0,2,0,4.91499E+20,5.88348E+21,8.87303E+15,5.31007E+16
137515,4.1704E+18,4,0,11,0,2017,4,16,1,3,3,6,0,1,0,0,0,0,0,4.91338E+20,5.88244E+21,8.87066E+15,5.30914E+16
137516,4.1704E+18,4,0,11,0,2017,4,15,1,3,0,3,1,0,0,0,1,0,0,4.85228E+20,5.88344E+21,8.77938E+15,5.31002E+16
137517,4.1704E+18,4,0,11,0,2017,4,12,7,3,8,3,0,1,0,0,0,0,0,4.89612E+20,5.87741E+21,8.84505E+15,5.30461E+16
137518,4.1704E+18,4,0,11,0,2017,4,18,7,3,6,4,0,1,1,0,0,0,0,4.87141E+20,5.88056E+21,8.80807E+15,5.30744E+16
137519,4.1704E+18,4,0,11,0,2017,4,14,7,3,0,1,1,0,0,0,0,0,0,4.87399E+20,5.88139E+21,8.81187E+15,5.30819E+16
137520,4.17033E+18,4,0,12,0,2017,3,21,6,3,5,3,0,1,0,0,1,2,0,4.74136E+20,5.93801E+21,8.60926E+15,5.35903E+16
137521,4.17033E+18,4,0,12,0,2017,3,13,6,3,5,6,0,1,0,1,0,0,0,4.72169E+20,5.93037E+21,8.58021E+15,5.35216E+16
137522,4.17033E+18,4,0,11,0,2017,3,22,6,3,1,7,1,1,0,0,0,2,0,4.89095E+20,5.88003E+21,8.83724E+15,5.30696E+16
137523,4.17033E+18,4,0,11,0,2017,3,7,6,3,3,6,0,1,0,0,1,0,0,4.85277E+20,5.87996E+21,8.78026E+15,5.3069E+16
137524,4.17033E+18,4,0,11,0,2017,3,21,6,2,6,4,0,1,1,0,0,2,0,4.88784E+20,5.87992E+21,8.8326E+15,5.30686E+16
137525,4.17033E+18,4,0,11,0,2017,3,15,6,3,5,2,1,1,0,0,0,0,0,4.87092E+20,5.88143E+21,8.80729E+15,5.30821E+16
137526,4.17033E+18,4,0,11,0,2017,3,12,6,3,5,2,1,1,0,0,0,0,0,4.82365E+20,5.87758E+21,8.73694E+15,5.30474E+16
137527,4.17033E+18,4,0,11,0,2017,3,12,6,3,5,3,1,0,0,0,0,0,0,4.84921E+20,5.88431E+21,8.77475E+15,5.3108E+16
137528,4.17033E+18,4,0,11,0,2017,3,16,6,3,5,3,1,1,0,0,0,0,0,4.84002E+20,5.88604E+21,8.76094E+15,5.31236E+16
137529,4.17033E+18,4,0,11,0,2017,3,13,6,3,2,6,0,1,0,0,1,0,0,4.90492E+20,5.88001E+21,8.85809E+15,5.30695E+16
137530,4.17033E+18,4,0,12,0,2017,3,19,5,3,1,6,0,1,0,0,0,1,0,4.73378E+20,5.93744E+21,8.59785E+15,5.35851E+16
137531,4.17033E+18,4,0,12,0,2017,3,17,5,3,2,6,0,1,0,0,0,0,0,4.72918E+20,5.9371E+21,8.59093E+15,5.3582E+16
137532,4.17033E+18,4,0,12,0,2017,3,18,5,2,6,7,1,0,1,0,0,0,0,4.73161E+20,5.93134E+21,8.5951E+15,5.35303E+16
137533,4.17033E+18,4,0,11,0,2017,3,15,5,2,6,4,1,0,1,0,0,0,0,4.85672E+20,5.88334E+21,8.78601E+15,5.30993E+16
137534,4.17033E+18,4,0,11,0,2017,3,4,5,2,0,7,1,0,0,0,0,2,1,4.92274E+20,5.88106E+21,8.88466E+15,5.3079E+16
137535,4.17033E+18,4,0,11,0,2017,3,12,5,3,0,1,1,0,0,0,0,0,0,4.87115E+20,5.88072E+21,8.80767E+15,5.30758E+16
137536,4.17033E+18,4,0,11,0,2017,3,10,5,2,8,1,0,1,0,0,0,0,0,4.96417E+20,5.88079E+21,8.94652E+15,5.30766E+16
137537,4.17033E+18,4,0,11,0,2017,3,18,5,3,1,5,1,1,0,0,0,0,0,4.95751E+20,5.87654E+21,8.93663E+15,5.30383E+16
137538,4.17033E+18,4,0,12,0,2017,3,7,4,3,5,3,1,1,0,0,0,0,1,4.73808E+20,5.93775E+21,8.60431E+15,5.35879E+16
137539,4.17033E+18,4,0,11,0,2017,3,18,4,3,5,3,0,1,0,0,0,0,1,4.96226E+20,5.87966E+21,8.94367E+15,5.30664E+16
137540,4.17033E+18,4,0,11,0,2017,3,17,4,3,3,2,1,1,0,0,0,0,1,4.73535E+20,5.89288E+21,8.60395E+15,5.31846E+16
137541,4.17033E+18,4,0,11,0,2017,3,19,4,3,5,3,0,1,0,0,0,1,1,4.80947E+20,5.87834E+21,8.71574E+15,5.30542E+16
137542,4.17033E+18,4,0,11,0,2017,3,15,4,3,2,6,0,1,0,0,0,0,1,4.89611E+20,5.87741E+21,8.84503E+15,5.30461E+16
137543,4.17033E+18,4,0,11,0,2017,3,12,4,3,5,2,1,1,0,0,0,0,1,4.89097E+20,5.87649E+21,8.83739E+15,5.30378E+16
137544,4.17033E+18,4,0,11,0,2017,3,5,4,3,0,1,1,0,0,0,0,2,1,4.86031E+20,5.88061E+21,8.79149E+15,5.30748E+16
137545,4.17033E+18,4,0,11,0,2017,3,0,4,3,1,1,1,1,0,0,0,2,0,4.74053E+20,5.89274E+21,8.61172E+15,5.31833E+16
137546,4.17033E+18,4,0,11,0,2017,3,8,4,3,6,4,0,1,1,0,0,0,1,4.90418E+20,5.88037E+21,8.85699E+15,5.30727E+16
137547,4.17033E+18,4,0,12,0,2017,3,17,3,3,1,3,1,1,0,0,0,0,0,4.72569E+20,5.93457E+21,8.58588E+15,5.35593E+16
137548,4.17033E+18,4,0,12,0,2017,3,17,3,3,6,4,0,1,1,0,0,0,0,4.72405E+20,5.93409E+21,8.58345E+15,5.3555E+16
137549,4.17033E+18,4,0,11,0,2017,3,14,3,3,3,6,1,1,0,0,0,0,0,4.83989E+20,5.8851E+21,8.76079E+15,5.31151E+16
137550,4.17033E+18,4,0,11,0,2017,3,21,3,3,2,6,0,1,0,1,0,2,0,4.97379E+20,5.87778E+21,8.9609E+15,5.30495E+16
137551,4.17033E+18,4,0,11,0,2017,3,15,3,3,3,5,1,1,0,0,0,0,0,4.85254E+20,5.88338E+21,8.77976E+15,5.30997E+16
137552,4.17033E+18,4,0,11,0,2017,3,22,3,3,5,2,0,1,0,0,0,2,0,4.87908E+20,5.87655E+21,8.81966E+15,5.30383E+16
137553,4.17033E+18,4,0,11,0,2017,3,17,3,3,5,3,0,1,0,0,1,0,0,4.9008E+20,5.88215E+21,8.85189E+15,5.30887E+16
137554,4.17033E+18,4,0,11,0,2017,3,13,3,3,5,3,1,1,0,0,0,0,0,4.89171E+20,5.88134E+21,8.83834E+15,5.30814E+16
137555,4.17033E+18,4,0,11,0,2017,3,6,3,3,4,2,0,1,0,1,0,2,0,4.8353E+20,5.88568E+21,8.7539E+15,5.31203E+16
137556,4.17033E+18,4,0,11,0,2017,3,22,3,3,0,1,1,0,0,0,0,2,0,4.91809E+20,5.8812E+21,8.87772E+15,5.30802E+16
137557,4.17033E+18,4,0,11,0,2017,3,16,3,2,0,1,1,1,0,0,0,0,0,4.91888E+20,5.88477E+21,8.8788E+15,5.31123E+16
137558,4.17033E+18,4,0,12,0,2017,3,17,2,2,6,4,0,1,1,0,0,0,0,4.72803E+20,5.93097E+21,8.58974E+15,5.35269E+16
137559,4.17033E+18,4,0,12,0,2017,3,7,2,3,2,6,0,1,0,0,1,0,0,4.7334E+20,5.93184E+21,8.59776E+15,5.35348E+16
137560,4.17033E+18,4,0,11,0,2017,3,17,2,2,4,6,1,0,0,0,0,0,0,4.8695E+20,5.88041E+21,8.80521E+15,5.3073E+16
137561,4.17033E+18,4,0,11,0,2017,3,21,2,3,5,7,0,1,0,0,0,2,0,4.94254E+20,5.87954E+21,8.91426E+15,5.30653E+16
137562,4.17033E+18,4,0,11,0,2017,3,19,2,3,1,5,1,1,0,0,0,1,0,4.89005E+20,5.88053E+21,8.83589E+15,5.30742E+16
137563,4.17051E+18,4,0,11,0,2017,5,11,3,3,6,4,1,0,1,0,0,0,0,4.74985E+20,5.89153E+21,8.62576E+15,5.31725E+16
137564,4.17033E+18,4,0,11,0,2017,3,15,2,3,0,7,0,0,1,0,1,0,0,4.86842E+20,5.88032E+21,8.8036E+15,5.30722E+16
137565,4.17033E+18,4,0,11,0,2017,3,6,2,3,5,2,1,1,0,0,0,0,0,4.85794E+20,5.8793E+21,8.78801E+15,5.3063E+16
137566,4.17033E+18,4,0,11,0,2017,3,22,2,3,5,3,0,1,0,0,0,2,0,4.85151E+20,5.88283E+21,8.77825E+15,5.30948E+16
137567,4.17033E+18,4,0,11,0,2017,3,12,2,3,5,2,1,0,0,0,1,0,0,4.87158E+20,5.88281E+21,8.80822E+15,5.30946E+16
137568,4.17033E+18,4,0,11,0,2017,3,8,2,3,6,4,0,1,1,0,0,0,0,4.89487E+20,5.87789E+21,8.84316E+15,5.30504E+16
137569,4.17061E+18,4,0,11,0,2017,6,13,3,3,5,3,1,1,0,0,0,0,0,4.80872E+20,5.8913E+21,8.71384E+15,5.31707E+16
137570,4.17061E+18,4,0,11,0,2017,6,20,3,3,3,2,1,1,0,0,0,0,0,4.86008E+20,5.88246E+21,8.79107E+15,5.30914E+16
137571,4.17061E+18,4,0,11,0,2017,6,12,3,2,0,7,1,0,0,0,0,0,0,4.86632E+20,5.88168E+21,8.80041E+15,5.30845E+16
137572,4.17061E+18,4,0,11,0,2017,6,16,3,2,6,4,1,0,1,0,0,0,0,4.8642E+20,5.88127E+21,8.79727E+15,5.30807E+16
137573,4.17061E+18,4,0,11,0,2017,6,19,3,3,5,3,0,1,0,0,1,0,0,4.85079E+20,5.88415E+21,8.77711E+15,5.31066E+16
137574,4.17061E+18,4,0,11,0,2017,6,10,3,3,3,6,0,1,0,0,1,0,0,4.86275E+20,5.88302E+21,8.79502E+15,5.30964E+16
137575,4.17061E+18,4,0,12,0,2017,6,13,2,2,5,3,0,1,0,1,0,0,1,4.73E+20,5.93129E+21,8.59268E+15,5.35299E+16
137576,4.17061E+18,4,0,12,0,2017,6,17,2,2,4,6,0,1,0,0,1,0,0,4.73241E+20,5.93541E+21,8.59596E+15,5.35669E+16
137577,4.17061E+18,4,0,12,0,2017,6,17,2,3,5,3,0,1,0,0,0,0,0,4.73574E+20,5.92864E+21,8.60155E+15,5.35061E+16
137578,4.17061E+18,4,0,11,0,2017,6,9,2,3,5,3,1,1,0,0,0,0,0,4.75939E+20,5.89175E+21,8.64001E+15,5.31746E+16
137579,4.17061E+18,4,0,11,0,2017,6,19,2,3,2,6,0,1,0,0,0,0,0,4.8497E+20,5.87904E+21,8.77573E+15,5.30606E+16
137580,4.17061E+18,4,0,11,0,2017,6,13,2,3,2,2,0,1,0,0,0,0,0,4.96633E+20,5.87941E+21,8.94976E+15,5.30642E+16
137581,4.17061E+18,4,0,11,0,2017,6,16,2,3,6,4,0,0,1,0,1,0,0,4.84964E+20,5.88336E+21,8.77543E+15,5.30995E+16
137582,4.17061E+18,4,0,11,0,2017,6,8,2,3,5,3,0,1,0,0,0,0,0,4.92265E+20,5.87789E+21,8.8846E+15,5.30505E+16
137583,4.17061E+18,4,0,11,0,2017,6,14,2,3,5,2,1,1,0,0,0,0,0,4.87056E+20,5.88138E+21,8.80676E+15,5.30817E+16
137584,4.17061E+18,4,0,11,0,2017,6,9,2,3,5,2,1,0,0,0,1,0,0,4.85809E+20,5.8808E+21,8.78816E+15,5.30765E+16
137585,4.17061E+18,4,0,11,0,2017,6,16,2,3,5,3,1,1,0,0,0,0,1,4.72191E+20,5.89619E+21,8.58355E+15,5.32143E+16
137586,4.17061E+18,4,0,11,0,2017,6,18,1,2,0,1,0,0,0,1,0,0,1,4.73101E+20,5.89295E+21,8.59746E+15,5.31852E+16
137587,4.17061E+18,4,0,11,0,2017,6,14,1,3,0,1,1,0,0,0,0,0,0,4.85424E+20,5.88602E+21,8.78219E+15,5.31234E+16
137588,4.17061E+18,4,0,11,0,2017,6,15,1,3,3,6,1,0,0,0,0,0,0,4.77566E+20,5.88582E+21,8.66478E+15,5.31213E+16
137589,4.17061E+18,4,0,11,0,2017,6,14,1,2,1,5,1,1,0,0,0,0,0,4.90094E+20,5.88203E+21,8.8521E+15,5.30877E+16
137590,4.17061E+18,4,0,12,0,2017,6,14,7,3,1,6,0,1,0,0,0,0,0,4.7113E+20,5.93456E+21,8.56416E+15,5.35591E+16
137591,4.17061E+18,4,0,11,0,2017,6,10,7,2,5,3,1,1,0,0,0,0,0,4.87105E+20,5.88279E+21,8.80744E+15,5.30944E+16
137592,4.17061E+18,4,0,11,0,2017,6,14,7,3,2,6,0,1,0,0,0,0,0,4.87575E+20,5.88135E+21,8.81451E+15,5.30814E+16
137593,4.17061E+18,4,0,11,0,2017,6,0,7,2,0,1,1,0,0,0,0,2,0,4.86616E+20,5.88123E+21,8.8002E+15,5.30804E+16
137594,4.17061E+18,4,0,11,0,2017,6,13,6,3,5,3,1,1,0,0,0,0,0,4.85542E+20,5.88225E+21,8.78412E+15,5.30895E+16
137595,4.17061E+18,4,0,11,0,2017,6,4,6,3,9,1,0,1,0,0,0,2,0,4.80747E+20,5.88742E+21,8.71221E+15,5.31358E+16
137596,4.17061E+18,4,0,11,0,2017,6,13,6,3,9,1,0,0,0,0,1,0,0,4.79022E+20,5.89138E+21,8.68616E+15,5.31714E+16
137597,4.17061E+18,4,0,11,0,2017,6,14,6,3,5,3,1,1,0,0,0,0,1,4.82244E+20,5.8772E+21,8.73515E+15,5.3044E+16
137598,4.17061E+18,4,0,11,0,2017,6,5,6,3,4,2,0,1,0,0,0,0,0,4.76473E+20,5.89143E+21,8.64803E+15,5.31717E+16
137599,4.17061E+18,4,0,11,0,2017,6,15,6,2,4,7,1,0,0,0,0,0,1,4.90189E+20,5.88197E+21,8.85351E+15,5.30871E+16
137600,4.17061E+18,4,0,11,0,2017,6,15,6,3,1,7,1,1,0,0,0,0,1,4.87074E+20,5.87899E+21,8.80712E+15,5.30602E+16
137601,4.17061E+18,4,0,12,0,2017,6,23,5,3,2,6,0,1,0,0,0,2,1,4.73365E+20,5.93168E+21,8.59815E+15,5.35334E+16
137602,4.17061E+18,4,0,12,0,2017,6,16,5,3,2,6,0,1,0,0,0,0,1,4.71583E+20,5.9335E+21,8.57109E+15,5.35496E+16
137603,4.17061E+18,4,0,12,0,2017,6,7,5,3,5,3,1,1,0,0,0,0,0,4.72739E+20,5.93537E+21,8.58838E+15,5.35665E+16
137604,4.17061E+18,4,0,12,0,2017,6,7,5,3,2,6,0,1,0,0,0,0,0,4.73432E+20,5.93143E+21,8.59918E+15,5.35311E+16
137605,4.17061E+18,4,0,11,0,2017,6,10,5,3,2,6,0,1,0,0,1,0,1,4.9306E+20,5.88144E+21,8.89639E+15,5.30824E+16
137606,4.17061E+18,4,0,11,0,2017,6,18,5,3,1,6,0,1,0,0,0,0,0,4.8574E+20,5.88071E+21,8.78714E+15,5.30756E+16
137607,4.17061E+18,4,0,11,0,2017,6,8,5,3,5,2,1,1,0,0,0,0,0,4.9193E+20,5.88356E+21,8.87947E+15,5.31014E+16
137608,4.17061E+18,4,0,11,0,2017,6,13,5,3,5,3,1,1,0,0,0,0,0,4.8429E+20,5.88458E+21,8.76532E+15,5.31104E+16
137609,4.17061E+18,4,0,11,0,2017,6,15,5,3,5,3,1,1,0,0,0,0,0,4.89377E+20,5.88259E+21,8.84137E+15,5.30927E+16