OBJECTID,UIDENTSTLA,ULAND,UREGBEZ,UKREIS,UGEMEINDE,UJAHR,UMONAT,USTUNDE,UWOCHENTAG,UKATEGORIE,UART,UTYP1,IstRad,IstPKW,IstFuss,IstKrad,IstSonstig,LICHT,STRZUSTAND,LINREFX,LINREFY,XGCSWGS84,YGCSWGS84
137610,4.17061E+18,4,0,11,0,2017,6,17,5,3,2,2,0,1,0,0,0,0,0,4.74249E+20,5.89197E+21,8.61471E+15,5.31765E+16
137611,4.17061E+18,4,0,11,0,2017,6,18,5,3,2,6,0,1,0,0,0,0,0,4.84849E+20,5.87918E+21,8.77392E+15,5.30619E+16
137612,4.17061E+18,4,0,11,0,2017,6,13,5,2,2,6,0,0,0,1,1,0,1,4.93183E+20,5.87714E+21,8.89832E+15,5.30437E+16
137613,4.17061E+18,4,0,11,0,2017,6,18,5,3,2,2,0,1,0,0,0,0,0,4.88844E+20,5.88508E+21,8.83333E+15,5.31151E+16
137614,4.17061E+18,4,0,11,0,2017,6,12,5,3,5,3,1,1,0,0,0,0,0,4.89465E+20,5.88032E+21,8.84276E+15,5.30723E+16
137615,4.17061E+18,4,0,11,0,2017,6,17,5,3,2,6,0,1,0,0,0,0,0,4.89802E+20,5.88444E+21,8.84766E+15,5.31093E+16
137616,4.17061E+18,4,0,11,0,2017,6,12,5,3,6,4,0,1,1,0,0,0,1,4.92362E+20,5.88185E+21,8.88597E+15,5.3086E+16
137617,4.17061E+18,4,0,12,0,2017,6,13,4,3,5,3,1,0,0,0,1,0,1,4.72882E+20,5.9325E+21,8.59079E+15,5.35407E+16
137618,4.17061E+18,4,0,12,0,2017,6,12,4,2,5,2,1,1,0,0,0,0,1,4.73392E+20,5.93744E+21,8.59807E+15,5.35851E+16
137619,4.17061E+18,4,0,12,0,2017,6,16,4,3,3,2,1,1,0,0,0,0,1,4.72523E+20,5.93436E+21,8.58521E+15,5.35574E+16
137620,4.17061E+18,4,0,12,0,2017,6,11,4,3,2,6,0,1,0,0,0,0,1,4.75228E+20,5.93125E+21,8.62629E+15,5.35296E+16
137621,4.17061E+18,4,0,12,0,2017,6,15,4,3,5,3,1,1,0,0,0,0,1,4.7335E+20,5.93169E+21,8.59792E+15,5.35334E+16
137622,4.17061E+18,4,0,11,0,2017,6,13,4,3,5,2,1,1,0,0,0,0,1,4.90109E+20,5.88185E+21,8.85233E+15,5.3086E+16
137623,4.17061E+18,4,0,11,0,2017,6,14,4,3,5,3,0,1,0,0,0,0,0,4.93088E+20,5.87885E+21,8.89687E+15,5.30591E+16
137624,4.17061E+18,4,0,11,0,2017,6,15,4,3,5,3,0,1,0,0,1,0,1,4.92379E+20,5.87907E+21,8.88628E+15,5.30611E+16
137625,4.17061E+18,4,0,11,0,2017,6,13,4,3,0,1,0,0,0,0,1,0,1,4.88445E+20,5.88173E+21,8.82749E+15,5.30849E+16
137626,4.17061E+18,4,0,11,0,2017,6,9,4,3,5,3,1,1,0,0,0,0,0,4.91672E+20,5.88145E+21,8.87566E+15,5.30825E+16
137627,4.17061E+18,4,0,11,0,2017,6,10,4,3,5,2,1,1,0,0,0,0,1,4.80234E+20,5.88963E+21,8.7044E+15,5.31557E+16
137628,4.17061E+18,4,0,11,0,2017,6,15,4,3,2,6,0,1,0,0,1,0,1,4.81878E+20,5.88662E+21,8.72916E+15,5.31287E+16
137629,4.17061E+18,4,0,11,0,2017,6,16,4,3,5,3,1,0,0,0,0,0,0,4.86816E+20,5.8817E+21,8.80316E+15,5.30846E+16
137630,4.17061E+18,4,0,11,0,2017,6,9,4,3,5,3,1,1,0,0,0,0,0,4.81404E+20,5.87722E+21,8.72262E+15,5.30441E+16
137631,4.17061E+18,4,0,11,0,2017,6,5,4,3,5,3,1,1,0,0,0,1,0,4.89103E+20,5.88083E+21,8.83734E+15,5.30768E+16
137632,4.17061E+18,4,0,11,0,2017,6,15,4,3,5,3,1,1,0,0,0,0,1,4.91851E+20,5.88112E+21,8.87835E+15,5.30795E+16
137633,4.17061E+18,4,0,12,0,2017,6,10,3,3,6,7,0,0,1,0,1,0,0,4.71914E+20,5.93317E+21,8.57612E+15,5.35467E+16
137634,4.17061E+18,4,0,12,0,2017,6,14,3,3,2,6,0,1,0,0,0,0,1,4.72346E+20,5.93289E+21,8.58266E+15,5.35442E+16
137635,4.17061E+18,4,0,12,0,2017,6,18,3,3,5,3,1,1,0,0,0,0,0,4.73499E+20,5.93117E+21,8.6002E+15,5.35288E+16
137636,4.17061E+18,4,0,11,0,2017,6,10,3,2,5,3,0,1,0,0,0,0,0,4.78538E+20,5.8846E+21,8.67938E+15,5.31104E+16
137637,4.17061E+18,4,0,11,0,2017,6,12,3,3,2,6,0,1,0,0,0,0,0,4.92486E+20,5.88441E+21,8.88775E+15,5.31091E+16
137638,4.17061E+18,4,0,11,0,2017,6,6,3,3,5,3,1,1,0,0,0,0,0,4.90392E+20,5.88022E+21,8.85659E+15,5.30714E+16
137639,4.17061E+18,4,0,11,0,2017,6,15,3,3,1,5,1,1,0,0,0,0,1,4.90453E+20,5.8844E+21,8.85738E+15,5.31089E+16
137640,4.17061E+18,4,0,11,0,2017,6,17,3,3,6,4,0,1,1,0,0,0,0,4.71743E+20,5.89331E+21,8.5771E+15,5.31884E+16
137641,4.17061E+18,4,0,11,0,2017,6,22,3,3,9,1,0,1,0,0,0,2,0,4.92386E+20,5.88342E+21,8.88628E+15,5.31002E+16
137642,4.17061E+18,4,0,12,0,2017,6,14,2,3,5,3,1,1,0,0,0,0,0,4.72346E+20,5.93289E+21,8.58266E+15,5.35442E+16
137643,4.17061E+18,4,0,12,0,2017,6,18,2,2,3,6,0,1,0,1,0,0,0,4.73364E+20,5.93773E+21,8.59762E+15,5.35878E+16
137644,4.17061E+18,4,0,12,0,2017,6,11,2,3,1,6,0,1,0,0,0,0,0,4.73383E+20,5.93743E+21,8.59793E+15,5.3585E+16
137645,4.17061E+18,4,0,12,0,2017,6,14,2,2,0,7,1,0,0,0,0,0,0,4.73336E+20,5.93309E+21,8.5976E+15,5.3546E+16
137646,4.17061E+18,4,0,11,0,2017,6,12,2,3,0,7,0,1,0,0,0,0,0,4.85705E+20,5.8835E+21,8.78649E+15,5.31007E+16
137647,4.17061E+18,4,0,11,0,2017,6,13,2,3,5,3,0,1,0,0,0,0,0,4.70363E+20,5.89293E+21,8.55648E+15,5.31849E+16
137648,4.17061E+18,4,0,11,0,2017,6,20,2,2,0,7,1,0,0,0,0,0,0,4.87084E+20,5.88014E+21,8.80722E+15,5.30706E+16
137649,4.17061E+18,4,0,11,0,2017,6,21,2,3,0,7,0,0,0,0,1,2,0,4.80711E+20,5.88866E+21,8.7116E+15,5.3147E+16
137650,4.1706E+18,4,0,12,0,2017,6,21,1,2,0,7,1,0,0,0,0,1,0,4.7053E+20,5.93672E+21,8.5549E+15,5.35785E+16
137651,4.1706E+18,4,0,12,0,2017,6,1,1,3,5,3,0,1,0,1,0,2,0,4.72215E+20,5.92985E+21,8.58095E+15,5.35169E+16
137652,4.1706E+18,4,0,11,0,2017,6,11,1,3,0,3,1,1,0,0,0,0,0,4.81242E+20,5.87667E+21,8.72024E+15,5.30392E+16
137653,4.1706E+18,4,0,11,0,2017,6,20,1,3,2,6,0,1,0,0,0,0,0,4.92407E+20,5.87801E+21,8.88672E+15,5.30516E+16
137654,4.1706E+18,4,0,11,0,2017,6,13,1,3,6,4,0,0,1,0,1,0,0,4.71184E+20,5.89403E+21,8.56867E+15,5.31948E+16
137655,4.1706E+18,4,0,12,0,2017,6,0,7,3,0,1,1,0,0,0,0,2,0,4.737E+20,5.93579E+21,8.60286E+15,5.35703E+16
137656,4.1706E+18,4,0,12,0,2017,6,10,7,3,4,6,1,1,0,0,0,0,0,4.73089E+20,5.93529E+21,8.59367E+15,5.35658E+16
137657,4.1706E+18,4,0,12,0,2017,6,17,7,3,2,6,0,1,0,0,0,0,0,4.72793E+20,5.93154E+21,8.58953E+15,5.35321E+16
137658,4.1706E+18,4,0,11,0,2017,6,18,7,3,2,6,0,1,0,0,0,0,0,4.8978E+20,5.87787E+21,8.84754E+15,5.30503E+16
137659,4.1706E+18,4,0,11,0,2017,6,0,7,2,8,7,1,0,0,0,0,2,0,4.90876E+20,5.88143E+21,8.86379E+15,5.30823E+16
137660,4.1706E+18,4,0,11,0,2017,6,1,7,3,0,7,1,0,0,0,0,2,0,4.9144E+20,5.88123E+21,8.87222E+15,5.30805E+16
137661,4.1706E+18,4,0,12,0,2017,6,12,6,3,5,3,1,1,0,0,0,0,0,4.71841E+20,5.93471E+21,8.57487E+15,5.35606E+16
137662,4.1706E+18,4,0,12,0,2017,6,12,6,2,6,4,0,1,1,0,0,0,0,4.73392E+20,5.93057E+21,8.59865E+15,5.35234E+16
137663,4.1706E+18,4,0,12,0,2017,6,7,6,3,0,7,1,1,0,0,0,0,0,4.7196E+20,5.9338E+21,8.57676E+15,5.35523E+16
137664,4.1706E+18,4,0,12,0,2017,6,18,6,3,5,3,0,1,0,0,1,0,0,4.72237E+20,5.93274E+21,8.58103E+15,5.35428E+16
137665,4.1706E+18,4,0,11,0,2017,6,14,6,3,2,6,0,1,0,0,0,0,0,4.86225E+20,5.88252E+21,8.79431E+15,5.3092E+16
137666,4.1706E+18,4,0,11,0,2017,6,15,6,3,5,3,1,1,0,0,0,0,0,4.85478E+20,5.88158E+21,8.7832E+15,5.30835E+16
137667,4.1706E+18,4,0,11,0,2017,6,14,6,3,1,6,0,1,0,0,0,0,0,4.87607E+20,5.88132E+21,8.81498E+15,5.30812E+16
137668,4.1706E+18,4,0,11,0,2017,6,13,6,3,8,1,0,1,0,0,0,0,0,4.91613E+20,5.88354E+21,8.87473E+15,5.31012E+16
137669,4.1706E+18,4,0,11,0,2017,6,6,6,3,2,6,0,1,0,1,0,0,0,4.86023E+20,5.88185E+21,8.79132E+15,5.30859E+16
137670,4.1706E+18,4,0,11,0,2017,6,16,6,3,4,6,1,0,0,0,0,0,0,4.88182E+20,5.88027E+21,8.82361E+15,5.30717E+16
137671,4.1706E+18,4,0,11,0,2017,6,18,6,3,2,6,0,1,0,0,1,0,0,4.8365E+20,5.8855E+21,8.75569E+15,5.31187E+16
137672,4.1706E+18,4,0,11,0,2017,6,16,6,2,4,6,1,0,0,0,0,0,0,4.8904E+20,5.88323E+21,8.83632E+15,5.30984E+16
137673,4.1706E+18,4,0,11,0,2017,6,12,6,2,5,3,1,1,0,0,0,0,0,4.92674E+20,5.88439E+21,8.89056E+15,5.31089E+16
137674,4.1706E+18,4,0,11,0,2017,6,10,6,3,5,3,1,1,0,0,0,0,0,4.92692E+20,5.88134E+21,8.89091E+15,5.30814E+16
137675,4.1706E+18,4,0,12,0,2017,6,7,5,3,2,6,0,1,0,0,0,0,0,4.73383E+20,5.93704E+21,8.59796E+15,5.35816E+16
137676,4.1706E+18,4,0,11,0,2017,6,19,5,3,6,3,0,1,1,0,0,0,0,4.87736E+20,5.88008E+21,8.81696E+15,5.30701E+16
137677,4.1706E+18,4,0,11,0,2017,6,17,5,3,2,6,0,1,0,0,0,0,0,4.92971E+20,5.88145E+21,8.89507E+15,5.30825E+16
137678,4.1706E+18,4,0,11,0,2017,6,14,5,3,4,6,1,0,0,0,0,0,0,4.92677E+20,5.88146E+21,8.89068E+15,5.30826E+16
137679,4.1706E+18,4,0,11,0,2017,6,18,5,3,5,3,0,1,0,0,0,0,0,4.8995E+20,5.87537E+21,8.85015E+15,5.30278E+16
137680,4.1706E+18,4,0,11,0,2017,6,19,5,3,2,6,0,1,0,0,1,0,0,4.8653E+20,5.88093E+21,8.79893E+15,5.30777E+16
137681,4.1706E+18,4,0,11,0,2017,6,15,5,3,0,1,0,1,0,1,0,0,0,4.86529E+20,5.88093E+21,8.79891E+15,5.30777E+16
137682,4.1706E+18,4,0,11,0,2017,6,19,5,3,3,6,1,1,0,0,0,0,0,4.88852E+20,5.88116E+21,8.83358E+15,5.30798E+16
137683,4.1706E+18,4,0,11,0,2017,6,17,5,3,5,3,1,1,0,0,0,0,0,4.82539E+20,5.87842E+21,8.73949E+15,5.3055E+16
137684,4.1706E+18,4,0,11,0,2017,6,21,5,3,0,7,1,0,0,0,0,0,0,4.84506E+20,5.88155E+21,8.76868E+15,5.30832E+16
137685,4.1706E+18,4,0,11,0,2017,6,9,5,3,1,5,0,1,0,0,0,0,0,4.9316E+20,5.88607E+21,8.89779E+15,5.3124E+16
137686,4.1706E+18,4,0,11,0,2017,6,11,5,3,0,1,1,0,0,0,0,0,0,4.91423E+20,5.88246E+21,8.87193E+15,5.30915E+16
137687,4.1706E+18,4,0,11,0,2017,6,11,5,3,0,2,0,1,0,1,0,0,0,4.85685E+20,5.88375E+21,8.78618E+15,5.3103E+16
137688,4.1706E+18,4,0,11,0,2017,6,10,5,3,5,7,1,1,0,0,0,0,0,4.73624E+20,5.89199E+21,8.60537E+15,5.31766E+16
137689,4.1706E+18,4,0,11,0,2017,6,14,5,3,5,3,0,1,0,0,0,0,0,4.86308E+20,5.87854E+21,8.79571E+15,5.30562E+16
137690,4.1706E+18,4,0,11,0,2017,6,7,5,3,6,4,1,0,1,0,0,0,0,4.85834E+20,5.88087E+21,8.78854E+15,5.30771E+16
137691,4.1706E+18,4,0,11,0,2017,6,19,5,2,5,3,0,1,0,0,0,0,0,4.80483E+20,5.89194E+21,8.708E+15,5.31764E+16
137692,4.1706E+18,4,0,11,0,2017,6,23,5,3,6,4,0,1,1,0,0,2,0,4.88768E+20,5.87638E+21,8.8325E+15,5.30368E+16
137693,4.1706E+18,4,0,11,0,2017,6,7,5,3,5,2,0,0,0,0,1,0,0,4.82233E+20,5.8814E+21,8.73475E+15,5.30817E+16
137694,4.1706E+18,4,0,11,0,2017,6,14,5,3,2,6,0,1,0,1,0,0,0,4.92926E+20,5.87833E+21,8.89446E+15,5.30544E+16
137695,4.17053E+18,4,0,11,0,2017,5,16,4,3,4,6,1,0,0,0,0,0,0,4.93271E+20,5.88244E+21,8.89953E+15,5.30914E+16
137696,4.17053E+18,4,0,11,0,2017,5,19,4,3,6,4,0,0,1,0,1,0,0,4.8826E+20,5.88041E+21,8.82477E+15,5.3073E+16
137697,4.17053E+18,4,0,11,0,2017,5,15,4,3,6,4,0,1,1,0,0,0,0,4.86567E+20,5.88009E+21,8.79951E+15,5.30702E+16
137698,4.17053E+18,4,0,11,0,2017,5,15,4,3,5,2,1,1,0,0,0,0,0,4.92381E+20,5.88024E+21,8.88629E+15,5.30715E+16
137699,4.17053E+18,4,0,11,0,2017,5,19,4,3,6,7,1,0,1,0,0,0,0,4.88158E+20,5.88078E+21,8.82324E+15,5.30763E+16
137700,4.17053E+18,4,0,11,0,2017,5,18,4,3,1,1,1,1,0,0,0,0,0,4.90333E+20,5.88013E+21,8.85572E+15,5.30706E+16
137701,4.17053E+18,4,0,11,0,2017,5,16,4,3,0,1,1,0,0,0,0,0,0,4.80128E+20,5.89104E+21,8.70273E+15,5.31683E+16
137702,4.17053E+18,4,0,11,0,2017,5,7,4,3,5,3,0,1,0,0,0,0,0,4.80985E+20,5.89221E+21,8.71548E+15,5.31789E+16
137703,4.17053E+18,4,0,11,0,2017,5,20,4,2,0,7,1,0,0,0,0,0,0,4.91299E+20,5.88308E+21,8.87006E+15,5.30971E+16
137704,4.17053E+18,4,0,11,0,2017,5,15,4,3,1,6,0,1,0,0,0,0,0,4.90203E+20,5.882E+21,8.85372E+15,5.30874E+16
137705,4.17053E+18,4,0,11,0,2017,5,19,4,3,5,3,1,0,0,1,0,0,0,4.86831E+20,5.88122E+21,8.8034E+15,5.30803E+16
137706,4.17053E+18,4,0,11,0,2017,5,17,4,3,2,6,0,1,0,0,0,0,0,4.86008E+20,5.88376E+21,8.79101E+15,5.31031E+16
137707,4.17053E+18,4,0,11,0,2017,5,15,4,3,6,4,0,1,1,0,0,0,0,4.74428E+20,5.89179E+21,8.61741E+15,5.31749E+16
137708,4.17053E+18,4,0,11,0,2017,5,10,4,2,0,7,0,0,0,0,1,0,0,4.85325E+20,5.88007E+21,8.78097E+15,5.30699E+16
137709,4.17053E+18,4,0,11,0,2017,5,17,4,3,5,3,0,1,0,0,0,0,0,4.92876E+20,5.88322E+21,8.8936E+15,5.30984E+16
137710,4.17053E+18,4,0,12,0,2017,5,15,3,2,3,6,0,1,0,0,1,0,0,4.73389E+20,5.93579E+21,8.59816E+15,5.35703E+16
137711,4.17053E+18,4,0,11,0,2017,5,15,3,3,4,1,1,0,0,0,0,0,1,4.83652E+20,5.88552E+21,8.75573E+15,5.31189E+16
137712,4.17053E+18,4,0,11,0,2017,5,20,3,3,5,3,0,1,0,0,0,2,0,4.83346E+20,5.88465E+21,8.7512E+15,5.3111E+16
137713,4.17053E+18,4,0,11,0,2017,5,17,3,3,0,7,1,0,0,0,0,0,0,4.88961E+20,5.88245E+21,8.83516E+15,5.30914E+16
137714,4.17053E+18,4,0,11,0,2017,5,17,3,3,5,3,1,1,0,0,0,0,0,4.92217E+20,5.88434E+21,8.88374E+15,5.31084E+16
137715,4.17053E+18,4,0,11,0,2017,5,17,3,3,5,3,0,1,0,0,0,0,0,4.94947E+20,5.87718E+21,8.92463E+15,5.30441E+16
137716,4.17053E+18,4,0,11,0,2017,5,19,3,2,8,7,0,1,0,0,0,0,0,4.81561E+20,5.89215E+21,8.7241E+15,5.31784E+16
137717,4.17053E+18,4,0,11,0,2017,5,9,3,3,2,6,0,1,0,0,0,0,0,4.87217E+20,5.88106E+21,8.80917E+15,5.30788E+16
137718,4.17053E+18,4,0,11,0,2017,5,12,3,3,6,4,0,1,1,0,0,0,0,4.94389E+20,5.8802E+21,8.91626E+15,5.30713E+16
137719,4.17053E+18,4,0,11,0,2017,5,16,3,3,2,6,0,1,0,0,0,0,0,4.94384E+20,5.88019E+21,8.91618E+15,5.30712E+16
137720,4.17053E+18,4,0,11,0,2017,5,16,3,3,4,1,1,0,0,0,0,0,0,4.89333E+20,5.88392E+21,8.84067E+15,5.31046E+16
137721,4.17053E+18,4,0,11,0,2017,5,9,3,2,4,3,0,1,0,1,0,0,0,4.85787E+20,5.87928E+21,8.78791E+15,5.30628E+16
137722,4.17053E+18,4,0,11,0,2017,5,8,3,3,5,3,1,1,0,0,0,0,0,4.87748E+20,5.88105E+21,8.8171E+15,5.30788E+16
137723,4.17053E+18,4,0,11,0,2017,5,11,3,2,0,7,1,0,0,0,0,0,0,4.96715E+20,5.87691E+21,8.951E+15,5.30417E+16
137724,4.17053E+18,4,0,11,0,2017,5,16,3,3,0,7,1,0,0,0,0,0,0,4.93749E+20,5.87674E+21,8.90677E+15,5.30401E+16
137725,4.17053E+18,4,0,12,0,2017,5,12,2,3,5,3,0,1,0,0,1,0,0,4.73382E+20,5.93745E+21,8.59791E+15,5.35852E+16
137726,4.17053E+18,4,0,12,0,2017,5,17,2,3,5,3,0,1,0,0,0,0,0,4.7251E+20,5.93512E+21,8.58495E+15,5.35642E+16
137727,4.17053E+18,4,0,12,0,2017,5,11,2,3,2,6,0,1,0,0,0,0,0,4.73103E+20,5.93356E+21,8.59404E+15,5.35502E+16
137728,4.17053E+18,4,0,11,0,2017,5,10,2,3,5,7,1,0,0,0,0,0,0,4.87051E+20,5.87901E+21,8.80677E+15,5.30605E+16
137729,4.17053E+18,4,0,11,0,2017,5,17,2,3,5,3,1,1,0,0,0,0,0,4.86753E+20,5.88113E+21,8.80224E+15,5.30795E+16
137730,4.17053E+18,4,0,11,0,2017,5,6,2,3,4,2,1,0,0,0,0,0,0,4.86864E+20,5.88177E+21,8.80387E+15,5.30852E+16
137731,4.17053E+18,4,0,11,0,2017,5,11,2,3,5,7,1,0,0,0,1,0,0,4.87676E+20,5.88046E+21,8.81605E+15,5.30734E+16
137732,4.17053E+18,4,0,11,0,2017,5,7,2,3,5,3,1,1,0,0,0,0,0,4.92937E+20,5.88111E+21,8.89456E+15,5.30795E+16
137733,4.17053E+18,4,0,11,0,2017,5,12,2,3,3,1,1,1,0,0,0,0,0,4.86449E+20,5.88083E+21,8.79772E+15,5.30767E+16
137734,4.17053E+18,4,0,11,0,2017,5,17,2,3,2,6,0,1,0,0,0,0,0,4.80668E+20,5.88881E+21,8.71095E+15,5.31484E+16
137735,4.17053E+18,4,0,12,0,2017,5,19,1,3,7,1,1,0,0,0,0,0,0,4.72585E+20,5.93478E+21,8.5861E+15,5.35612E+16
137736,4.17053E+18,4,0,12,0,2017,5,2,1,3,4,6,1,1,0,0,0,2,0,4.74598E+20,5.92835E+21,8.61701E+15,5.35035E+16
137737,4.17053E+18,4,0,11,0,2017,5,12,1,3,4,6,0,1,0,0,0,0,0,4.76463E+20,5.89131E+21,8.64789E+15,5.31706E+16
137738,4.17053E+18,4,0,11,0,2017,5,13,1,3,5,2,1,1,0,0,0,0,0,4.82577E+20,5.87802E+21,8.74008E+15,5.30514E+16
137739,4.17053E+18,4,0,11,0,2017,5,1,1,3,6,4,0,1,1,0,0,2,0,4.93231E+20,5.88512E+21,8.89886E+15,5.31154E+16
137740,4.17053E+18,4,0,11,0,2017,5,17,1,3,5,3,1,1,0,0,0,0,0,4.9242E+20,5.88348E+21,8.88679E+15,5.31007E+16
137741,4.17053E+18,4,0,11,0,2017,5,2,1,3,1,5,0,1,0,0,0,2,0,4.84598E+20,5.88145E+21,8.77006E+15,5.30823E+16
137742,4.17053E+18,4,0,12,0,2017,5,8,7,2,0,1,1,0,0,0,0,0,0,4.74093E+20,5.93571E+21,8.6088E+15,5.35696E+16
137743,4.17053E+18,4,0,12,0,2017,5,13,7,3,1,6,1,1,0,0,0,0,0,4.72862E+20,5.93524E+21,8.59024E+15,5.35654E+16
137744,4.17053E+18,4,0,11,0,2017,5,12,7,3,5,3,1,0,0,0,1,0,0,4.87316E+20,5.88139E+21,8.81064E+15,5.30819E+16
137745,4.17053E+18,4,0,11,0,2017,5,13,7,2,2,6,0,1,0,0,0,0,0,4.87086E+20,5.88291E+21,8.80715E+15,5.30955E+16
137746,4.17053E+18,4,0,11,0,2017,5,17,7,2,5,3,1,0,0,0,1,0,0,4.90237E+20,5.88014E+21,8.85428E+15,5.30707E+16
137747,4.17053E+18,4,0,11,0,2017,5,11,7,2,5,3,1,1,0,0,0,0,0,4.87815E+20,5.88093E+21,8.81811E+15,5.30777E+16
137748,4.17053E+18,4,0,11,0,2017,5,21,7,3,8,1,0,1,0,0,0,1,0,4.91138E+20,5.88035E+21,8.86772E+15,5.30726E+16
137749,4.17053E+18,4,0,11,0,2017,5,13,7,3,2,6,1,0,0,0,0,0,0,4.8587E+20,5.88019E+21,8.7891E+15,5.3071E+16
137750,4.17053E+18,4,0,11,0,2017,5,12,7,3,5,3,0,1,0,0,0,0,0,4.91454E+20,5.8793E+21,8.87248E+15,5.30632E+16
137751,4.17053E+18,4,0,12,0,2017,5,16,6,3,2,6,0,1,0,0,0,0,0,4.73708E+20,5.93142E+21,8.60334E+15,5.3531E+16
137752,4.17053E+18,4,0,12,0,2017,5,18,6,3,5,3,1,1,0,0,0,0,0,4.72489E+20,5.93473E+21,8.58467E+15,5.35607E+16
137753,4.17053E+18,4,0,12,0,2017,5,11,6,2,5,3,1,1,0,0,0,0,0,4.73355E+20,5.93812E+21,8.59745E+15,5.35913E+16
137754,4.17053E+18,4,0,11,0,2017,5,15,6,3,2,5,0,1,0,0,0,0,0,4.87067E+20,5.88095E+21,8.80694E+15,5.30778E+16
137755,4.17053E+18,4,0,11,0,2017,5,10,6,3,5,3,1,1,0,0,0,0,0,4.86398E+20,5.87992E+21,8.79699E+15,5.30685E+16
137756,4.17053E+18,4,0,11,0,2017,5,18,6,3,5,3,1,0,0,0,0,0,0,4.93849E+20,5.88021E+21,8.9082E+15,5.30713E+16
137757,4.17053E+18,4,0,11,0,2017,5,13,6,3,5,2,0,1,0,1,0,0,0,4.75324E+20,5.89346E+21,8.63069E+15,5.31899E+16
137758,4.17053E+18,4,0,11,0,2017,5,17,6,3,0,7,1,0,1,0,0,0,0,4.85865E+20,5.88269E+21,8.78893E+15,5.30934E+16
137759,4.17053E+18,4,0,11,0,2017,5,15,6,3,5,3,0,1,0,1,0,0,0,4.76655E+20,5.89062E+21,8.65081E+15,5.31644E+16
137760,4.17053E+18,4,0,11,0,2017,5,17,6,3,5,3,1,1,0,0,0,0,0,4.87241E+20,5.87879E+21,8.80963E+15,5.30584E+16
137761,4.17053E+18,4,0,11,0,2017,5,17,6,2,5,2,1,1,0,0,0,0,0,4.92673E+20,5.87929E+21,8.89066E+15,5.3063E+16
137762,4.17053E+18,4,0,11,0,2017,5,19,6,2,9,1,0,1,0,1,0,0,0,4.70318E+20,5.89437E+21,8.55567E+15,5.31978E+16
137763,4.17053E+18,4,0,11,0,2017,5,16,6,3,8,1,0,1,0,0,0,0,0,4.92278E+20,5.8778E+21,8.8848E+15,5.30497E+16
137764,4.17053E+18,4,0,11,0,2017,5,19,6,3,2,6,0,1,0,0,0,0,0,4.94779E+20,5.87889E+21,8.9221E+15,5.30595E+16
137765,4.17053E+18,4,0,11,0,2017,5,15,6,3,0,7,1,0,0,0,0,0,0,4.86853E+20,5.8797E+21,8.80379E+15,5.30666E+16
137766,4.17053E+18,4,0,11,0,2017,5,18,5,3,6,7,1,0,1,0,0,0,0,4.88478E+20,5.88026E+21,8.82803E+15,5.30717E+16
137767,4.17053E+18,4,0,11,0,2017,5,12,5,3,5,3,0,1,0,0,0,0,0,4.94635E+20,5.88044E+21,8.91992E+15,5.30734E+16
137768,4.17053E+18,4,0,11,0,2017,5,18,5,3,1,7,1,1,0,0,1,0,0,4.84614E+20,5.88145E+21,8.7703E+15,5.30823E+16
137769,4.17053E+18,4,0,11,0,2017,5,18,5,3,3,6,1,1,0,0,0,0,0,4.81432E+20,5.89E+21,8.72231E+15,5.31591E+16
137770,4.17053E+18,4,0,11,0,2017,5,14,5,3,6,4,0,1,1,0,0,0,0,4.81562E+20,5.87893E+21,8.72488E+15,5.30595E+16
137771,4.17052E+18,4,0,12,0,2017,5,8,4,3,5,3,1,1,0,0,0,0,0,4.76042E+20,5.93139E+21,8.63856E+15,5.35309E+16
137772,4.17052E+18,4,0,11,0,2017,5,18,4,3,5,3,1,1,0,0,0,0,0,4.81485E+20,5.87715E+21,8.72384E+15,5.30435E+16
137773,4.17052E+18,4,0,11,0,2017,5,17,4,3,2,6,0,1,0,0,0,0,0,4.93053E+20,5.88144E+21,8.89629E+15,5.30824E+16
137774,4.17052E+18,4,0,11,0,2017,5,16,4,3,2,6,0,1,0,0,0,0,0,4.9037E+20,5.88146E+21,8.85623E+15,5.30826E+16
137775,4.17052E+18,4,0,11,0,2017,5,8,4,3,2,6,0,1,0,0,0,0,0,4.92908E+20,5.88476E+21,8.89405E+15,5.31122E+16
137776,4.17052E+18,4,0,11,0,2017,5,10,4,3,3,6,0,1,0,0,1,0,0,4.81012E+20,5.88732E+21,8.71617E+15,5.31349E+16
137777,4.17052E+18,4,0,11,0,2017,5,8,4,3,3,2,1,1,0,0,0,0,0,4.89089E+20,5.88148E+21,8.8371E+15,5.30826E+16
137778,4.17052E+18,4,0,11,0,2017,5,12,4,3,2,6,0,1,0,0,0,0,0,4.93112E+20,5.88543E+21,8.89708E+15,5.31182E+16
137779,4.17052E+18,4,0,11,0,2017,5,13,4,3,2,6,0,1,0,0,1,0,0,4.9166E+20,5.87918E+21,8.87555E+15,5.3062E+16
137780,4.17052E+18,4,0,12,0,2017,5,8,3,3,2,3,1,1,0,0,0,0,0,4.72569E+20,5.93457E+21,8.58589E+15,5.35593E+16
137781,4.17052E+18,4,0,12,0,2017,5,3,3,3,5,3,1,1,0,0,0,2,0,4.73774E+20,5.93622E+21,8.60393E+15,5.35742E+16
137782,4.17052E+18,4,0,11,0,2017,5,15,3,3,5,3,1,1,0,0,0,0,0,4.86109E+20,5.88149E+21,8.79262E+15,5.30827E+16