OBJECTID,UIDENTSTLA,ULAND,UREGBEZ,UKREIS,UGEMEINDE,UJAHR,UMONAT,USTUNDE,UWOCHENTAG,UKATEGORIE,UART,UTYP1,IstRad,IstPKW,IstFuss,IstKrad,IstSonstig,LICHT,STRZUSTAND,LINREFX,LINREFY,XGCSWGS84,YGCSWGS84
137783,4.17052E+18,4,0,11,0,2017,5,15,3,3,5,3,1,0,0,1,0,0,0,4.84161E+20,5.88191E+21,8.76352E+15,5.30864E+16
137784,4.17052E+18,4,0,11,0,2017,5,13,3,3,5,2,1,1,0,0,0,0,0,4.85631E+20,5.88062E+21,8.78552E+15,5.30748E+16
137785,4.17052E+18,4,0,11,0,2017,5,17,3,3,4,6,0,1,0,0,0,0,0,4.7691E+20,5.89055E+21,8.65464E+15,5.31639E+16
137786,4.17052E+18,4,0,12,0,2017,5,7,2,3,3,6,1,0,0,1,0,0,0,4.73583E+20,5.93545E+21,8.60111E+15,5.35673E+16
137787,4.17052E+18,4,0,11,0,2017,5,11,2,3,5,3,1,1,0,0,0,0,0,4.74534E+20,5.89227E+21,8.61896E+15,5.31791E+16
137788,4.17052E+18,4,0,11,0,2017,5,7,2,3,0,3,0,1,1,0,0,0,0,4.8722E+20,5.88148E+21,8.8092E+15,5.30826E+16
137789,4.17052E+18,4,0,11,0,2017,5,18,2,3,1,7,1,1,0,0,0,0,0,4.86659E+20,5.8802E+21,8.80088E+15,5.30712E+16
137790,4.17052E+18,4,0,11,0,2017,5,15,2,3,5,2,1,0,0,0,1,0,0,4.86034E+20,5.88241E+21,8.79146E+15,5.3091E+16
137791,4.17052E+18,4,0,11,0,2017,5,18,2,2,5,3,1,1,0,0,0,0,0,4.70731E+20,5.89275E+21,8.56201E+15,5.31833E+16
137792,4.17052E+18,4,0,11,0,2017,5,6,2,3,6,3,0,1,1,0,0,0,0,4.87605E+20,5.88116E+21,8.81497E+15,5.30797E+16
137793,4.17052E+18,4,0,11,0,2017,5,11,1,3,3,6,0,1,0,0,0,0,0,4.87967E+20,5.88475E+21,8.82023E+15,5.31121E+16
137794,4.17052E+18,4,0,12,0,2017,5,11,7,3,0,1,0,1,0,0,0,0,0,4.73522E+20,5.93375E+21,8.60033E+15,5.3552E+16
137795,4.17052E+18,4,0,12,0,2017,5,13,7,2,0,1,0,0,0,1,0,0,0,4.73324E+20,5.93198E+21,8.59751E+15,5.3536E+16
137796,4.17052E+18,4,0,11,0,2017,5,19,7,3,0,1,1,0,0,0,0,0,0,4.87203E+20,5.88238E+21,8.80892E+15,5.30907E+16
137797,4.17052E+18,4,0,11,0,2017,5,18,7,3,6,4,0,1,1,0,0,0,0,4.85625E+20,5.87835E+21,8.78553E+15,5.30545E+16
137798,4.17052E+18,4,0,11,0,2017,5,11,7,3,1,5,1,1,0,0,0,0,0,4.91569E+20,5.88387E+21,8.87407E+15,5.31042E+16
137799,4.17052E+18,4,0,11,0,2017,5,2,7,2,0,6,0,1,0,0,0,2,1,4.90496E+20,5.88034E+21,8.85814E+15,5.30725E+16
137800,4.17052E+18,4,0,11,0,2017,5,18,7,3,1,5,1,1,0,0,0,0,0,4.85829E+20,5.88E+21,8.78851E+15,5.30693E+16
137801,4.17052E+18,4,0,11,0,2017,5,14,7,3,2,6,0,1,0,1,0,0,0,4.68061E+20,5.89519E+21,8.52182E+15,5.3205E+16
137802,4.17052E+18,4,0,11,0,2017,5,14,7,3,2,6,0,1,0,0,0,0,0,4.82248E+20,5.87807E+21,8.73517E+15,5.30519E+16
137803,4.17052E+18,4,0,11,0,2017,5,21,7,2,6,4,0,1,1,0,0,0,0,4.92928E+20,5.87742E+21,8.89451E+15,5.30463E+16
137804,4.17052E+18,4,0,12,0,2017,5,13,6,3,4,6,1,1,0,0,0,0,0,4.73196E+20,5.93436E+21,8.59537E+15,5.35574E+16
137805,4.17052E+18,4,0,12,0,2017,5,13,6,3,6,1,1,0,1,0,0,0,0,4.73339E+20,5.93184E+21,8.59774E+15,5.35348E+16
137806,4.17052E+18,4,0,12,0,2017,5,12,6,2,5,3,1,1,0,0,0,0,0,4.74107E+20,5.93763E+21,8.60884E+15,5.35869E+16
137807,4.17052E+18,4,0,12,0,2017,5,13,6,3,5,3,1,0,0,0,1,0,0,4.72738E+20,5.93537E+21,8.58837E+15,5.35665E+16
137808,4.17052E+18,4,0,11,0,2017,5,16,6,3,2,7,0,1,0,0,0,0,0,4.86531E+20,5.88114E+21,8.79893E+15,5.30796E+16
137809,4.17052E+18,4,0,11,0,2017,5,12,6,3,1,5,0,1,0,0,1,0,0,4.89781E+20,5.88299E+21,8.84739E+15,5.30963E+16
137810,4.17052E+18,4,0,11,0,2017,5,21,6,3,5,3,0,1,0,0,0,2,1,4.86898E+20,5.87888E+21,8.8045E+15,5.30593E+16
137811,4.17052E+18,4,0,11,0,2017,5,11,6,3,5,3,1,1,0,0,0,0,0,4.85223E+20,5.88075E+21,8.77942E+15,5.30761E+16
137812,4.17052E+18,4,0,11,0,2017,5,7,6,3,6,4,0,1,1,0,0,0,0,4.95909E+20,5.88128E+21,8.93892E+15,5.3081E+16
137813,4.17052E+18,4,0,11,0,2017,5,7,6,3,1,7,1,1,0,0,0,0,0,4.89458E+20,5.87996E+21,8.84267E+15,5.3069E+16
137814,4.17052E+18,4,0,11,0,2017,5,13,6,3,5,2,0,1,0,0,1,0,0,4.74945E+20,5.89233E+21,8.6251E+15,5.31797E+16
137815,4.17052E+18,4,0,11,0,2017,5,17,6,2,3,7,0,1,0,1,0,0,0,4.87872E+20,5.88472E+21,8.81881E+15,5.31118E+16
137816,4.17052E+18,4,0,11,0,2017,5,7,6,3,0,7,1,1,0,0,0,0,0,4.83732E+20,5.88629E+21,8.75688E+15,5.31258E+16
137817,4.17052E+18,4,0,11,0,2017,5,9,6,3,3,6,0,1,0,0,1,0,0,4.85784E+20,5.88079E+21,8.7878E+15,5.30764E+16
137818,4.17052E+18,4,0,11,0,2017,5,15,6,3,3,6,1,1,0,0,0,0,0,4.85752E+20,5.87924E+21,8.78739E+15,5.30625E+16
137819,4.17052E+18,4,0,11,0,2017,5,9,6,3,3,7,1,1,0,0,0,0,0,4.88682E+20,5.8806E+21,8.83106E+15,5.30748E+16
137820,4.17052E+18,4,0,11,0,2017,5,10,6,3,2,6,0,1,0,0,0,0,0,4.88835E+20,5.88014E+21,8.83336E+15,5.30707E+16
137821,4.17052E+18,4,0,11,0,2017,5,14,6,3,3,2,1,0,0,0,0,0,0,4.90952E+20,5.87972E+21,8.86496E+15,5.30669E+16
137822,4.17052E+18,4,0,12,0,2017,5,11,5,3,2,6,1,0,0,0,1,0,0,4.74044E+20,5.93001E+21,8.60853E+15,5.35184E+16
137823,4.17052E+18,4,0,12,0,2017,5,14,5,3,0,1,1,0,0,0,0,0,0,4.73302E+20,5.93197E+21,8.59716E+15,5.3536E+16
137824,4.17052E+18,4,0,11,0,2017,5,9,5,3,2,6,0,1,0,0,0,0,0,4.85737E+20,5.88343E+21,8.78698E+15,5.31001E+16
137825,4.17052E+18,4,0,11,0,2017,5,19,5,3,4,1,0,1,0,0,0,0,1,4.8192E+20,5.87803E+21,8.73027E+15,5.30515E+16
137826,4.17052E+18,4,0,11,0,2017,5,12,5,3,5,3,1,1,0,0,0,0,0,4.92855E+20,5.88145E+21,8.89334E+15,5.30824E+16
137827,4.17052E+18,4,0,11,0,2017,5,19,5,3,1,6,0,1,0,0,0,0,1,4.83388E+20,5.8859E+21,8.75177E+15,5.31223E+16
137828,4.17052E+18,4,0,12,0,2017,5,16,4,3,0,1,1,0,0,0,0,0,0,4.73121E+20,5.93147E+21,8.59448E+15,5.35315E+16
137829,4.17052E+18,4,0,11,0,2017,5,16,4,3,0,7,0,0,1,0,1,0,0,4.74501E+20,5.89361E+21,8.61835E+15,5.31912E+16
137830,4.17052E+18,4,0,11,0,2017,5,16,4,2,0,1,1,0,0,0,0,0,0,4.76632E+20,5.89249E+21,8.65033E+15,5.31812E+16
137831,4.17052E+18,4,0,11,0,2017,5,19,4,3,0,1,1,0,0,0,0,0,0,4.90359E+20,5.87971E+21,8.85612E+15,5.30668E+16
137832,4.17052E+18,4,0,11,0,2017,5,16,4,3,5,3,1,1,0,0,0,0,0,4.79018E+20,5.8916E+21,8.68608E+15,5.31733E+16
137833,4.17052E+18,4,0,11,0,2017,5,18,4,3,3,6,1,1,0,0,0,0,0,4.90241E+20,5.88142E+21,8.85431E+15,5.30821E+16
137834,4.17052E+18,4,0,11,0,2017,5,7,4,3,0,1,1,0,0,0,0,0,0,4.86953E+20,5.88343E+21,8.80513E+15,5.31002E+16
137835,4.17052E+18,4,0,11,0,2017,5,11,4,3,3,2,0,0,0,0,1,0,0,4.76292E+20,5.89161E+21,8.64531E+15,5.31734E+16
137836,4.17052E+18,4,0,11,0,2017,5,17,4,3,6,2,0,1,1,0,0,0,0,4.71812E+20,5.89256E+21,8.57821E+15,5.31816E+16
137837,4.17052E+18,4,0,11,0,2017,5,8,4,3,3,7,0,1,0,0,1,0,0,4.86988E+20,5.88134E+21,8.80574E+15,5.30814E+16
137838,4.17052E+18,4,0,12,0,2017,5,9,3,1,5,3,0,1,0,1,1,0,1,4.71493E+20,5.93404E+21,8.56969E+15,5.35545E+16
137839,4.17052E+18,4,0,11,0,2017,5,12,3,3,1,7,0,1,0,0,0,0,0,4.76362E+20,5.89162E+21,8.64636E+15,5.31735E+16
137840,4.17052E+18,4,0,11,0,2017,5,16,3,3,5,3,1,1,0,0,0,0,0,4.8908E+20,5.88333E+21,8.83691E+15,5.30993E+16
137841,4.17052E+18,4,0,11,0,2017,5,12,3,3,5,2,1,0,0,0,0,0,0,4.86779E+20,5.88313E+21,8.80256E+15,5.30974E+16
137842,4.17052E+18,4,0,11,0,2017,5,16,3,3,4,6,1,0,0,0,0,0,0,4.86745E+20,5.88281E+21,8.80205E+15,5.30946E+16
137843,4.17052E+18,4,0,11,0,2017,5,17,3,3,2,6,0,1,0,0,0,0,0,4.93038E+20,5.88144E+21,8.89607E+15,5.30823E+16
137844,4.17052E+18,4,0,11,0,2017,5,7,3,3,3,5,1,1,0,0,0,0,1,4.8723E+20,5.88093E+21,8.80937E+15,5.30777E+16
137845,4.17052E+18,4,0,11,0,2017,5,13,3,3,5,3,1,1,0,0,0,0,1,4.81102E+20,5.89154E+21,8.71727E+15,5.31729E+16
137846,4.17052E+18,4,0,11,0,2017,5,15,3,3,2,6,0,1,0,0,0,0,0,4.85049E+20,5.8833E+21,8.77671E+15,5.30989E+16
137847,4.17052E+18,4,0,11,0,2017,5,9,3,3,4,6,1,0,0,0,0,0,1,4.93982E+20,5.88263E+21,8.91013E+15,5.30931E+16
137848,4.17052E+18,4,0,12,0,2017,5,15,2,2,6,4,0,1,1,0,0,0,0,4.7281E+20,5.93717E+21,8.58929E+15,5.35827E+16
137849,4.17052E+18,4,0,12,0,2017,5,15,2,3,6,3,0,1,1,0,0,0,0,4.73512E+20,5.93577E+21,8.60002E+15,5.35702E+16
137850,4.17052E+18,4,0,12,0,2017,5,14,2,3,5,3,1,1,0,0,0,0,0,4.72882E+20,5.9325E+21,8.59078E+15,5.35407E+16
137851,4.17052E+18,4,0,12,0,2017,5,9,2,3,8,1,0,0,0,1,0,0,0,4.73012E+20,5.92736E+21,8.5932E+15,5.34945E+16
137852,4.17052E+18,4,0,12,0,2017,5,7,2,3,5,3,0,1,0,0,1,0,0,4.73085E+20,5.92983E+21,8.59408E+15,5.35167E+16
137853,4.17052E+18,4,0,11,0,2017,5,15,2,2,5,3,1,1,0,0,0,0,0,4.7738E+20,5.89091E+21,8.66164E+15,5.31671E+16
137854,4.17052E+18,4,0,11,0,2017,5,17,2,3,2,6,0,1,0,1,0,0,0,4.90894E+20,5.88019E+21,8.86408E+15,5.30711E+16
137855,4.17052E+18,4,0,11,0,2017,5,14,2,2,5,3,0,1,0,1,0,0,0,4.80701E+20,5.8887E+21,8.71145E+15,5.31473E+16
137856,4.17052E+18,4,0,11,0,2017,5,16,2,3,2,6,0,1,0,0,0,0,0,4.87549E+20,5.88346E+21,8.81404E+15,5.31004E+16
137857,4.17052E+18,4,0,11,0,2017,5,15,2,3,6,4,0,1,1,0,0,0,0,4.82208E+20,5.87883E+21,8.73452E+15,5.30587E+16
137858,4.17052E+18,4,0,11,0,2017,5,9,2,3,0,1,1,0,0,0,0,0,0,4.87341E+20,5.88258E+21,8.81096E+15,5.30925E+16
137859,4.17052E+18,4,0,11,0,2017,5,18,2,3,5,2,0,0,0,1,1,0,0,4.83278E+20,5.88162E+21,8.75035E+15,5.30838E+16
137860,4.17052E+18,4,0,11,0,2017,5,22,2,2,5,3,0,1,0,1,0,2,0,4.86561E+20,5.87958E+21,8.79944E+15,5.30655E+16
137861,4.17051E+18,4,0,12,0,2017,5,13,1,3,0,1,1,0,0,0,0,0,0,4.72862E+20,5.93139E+21,8.59058E+15,5.35307E+16
137862,4.17051E+18,4,0,11,0,2017,5,12,1,3,6,4,0,1,1,0,0,0,0,4.88747E+20,5.87992E+21,8.83206E+15,5.30686E+16
137863,4.17051E+18,4,0,11,0,2017,5,18,1,3,2,6,0,1,0,0,0,0,1,4.85739E+20,5.88343E+21,8.78701E+15,5.31001E+16
137864,4.17051E+18,4,0,11,0,2017,5,8,1,3,0,7,1,0,0,0,1,0,0,4.92681E+20,5.88022E+21,8.89075E+15,5.30714E+16
137865,4.17051E+18,4,0,11,0,2017,5,12,1,2,5,3,1,0,0,0,0,0,0,4.87706E+20,5.88009E+21,8.81651E+15,5.30702E+16
137866,4.17051E+18,4,0,11,0,2017,5,21,1,3,1,5,1,1,0,0,0,2,1,4.88733E+20,5.88185E+21,8.83178E+15,5.3086E+16
137867,4.17051E+18,4,0,11,0,2017,5,18,1,3,0,1,1,0,0,0,0,1,1,4.87063E+20,5.88226E+21,8.80682E+15,5.30897E+16
137868,4.17051E+18,4,0,11,0,2017,5,15,1,3,4,6,1,1,0,0,0,0,0,4.95617E+20,5.88252E+21,8.93455E+15,5.30922E+16
137869,4.17051E+18,4,0,12,0,2017,5,12,7,3,3,2,1,1,0,0,0,0,0,4.73179E+20,5.93578E+21,8.59498E+15,5.35702E+16
137870,4.17051E+18,4,0,12,0,2017,5,4,7,2,8,1,0,1,0,0,0,2,0,4.72721E+20,5.93184E+21,8.58842E+15,5.35347E+16
137871,4.17051E+18,4,0,11,0,2017,5,12,7,3,2,7,1,1,0,0,0,0,0,4.80482E+20,5.89194E+21,8.70797E+15,5.31764E+16
137872,4.17051E+18,4,0,11,0,2017,5,15,7,3,5,3,0,1,0,0,0,0,0,4.73607E+20,5.89279E+21,8.60504E+15,5.31838E+16
137873,4.17051E+18,4,0,11,0,2017,5,22,7,3,6,4,0,1,1,0,0,2,1,4.90248E+20,5.88209E+21,8.85439E+15,5.30882E+16
137874,4.17051E+18,4,0,11,0,2017,5,17,7,2,0,7,0,0,0,0,1,0,0,4.87422E+20,5.88022E+21,8.81227E+15,5.30713E+16
137875,4.17051E+18,4,0,11,0,2017,5,12,7,3,6,4,0,1,1,0,0,0,0,4.88719E+20,5.88184E+21,8.83157E+15,5.30859E+16
137876,4.17051E+18,4,0,12,0,2017,5,15,6,3,5,3,0,1,0,0,0,0,0,4.75273E+20,5.93236E+21,8.62687E+15,5.35395E+16
137877,4.17051E+18,4,0,12,0,2017,5,12,6,3,5,3,1,1,0,0,0,0,1,4.72901E+20,5.93259E+21,8.59107E+15,5.35415E+16
137878,4.17051E+18,4,0,11,0,2017,5,10,6,3,5,3,1,1,0,0,0,0,1,4.90531E+20,5.88455E+21,8.85854E+15,5.31103E+16
137879,4.17051E+18,4,0,11,0,2017,5,8,6,3,0,7,0,0,1,0,1,0,0,4.82711E+20,5.8777E+21,8.7421E+15,5.30485E+16
137880,4.17051E+18,4,0,11,0,2017,5,11,6,2,0,1,1,0,0,0,0,0,0,4.93417E+20,5.88621E+21,8.90163E+15,5.31253E+16
137881,4.17051E+18,4,0,11,0,2017,5,16,6,3,2,6,0,1,0,0,0,0,0,4.82159E+20,5.87711E+21,8.73389E+15,5.30432E+16
137882,4.17051E+18,4,0,11,0,2017,5,19,6,3,2,6,0,1,0,0,0,0,0,4.91545E+20,5.88355E+21,8.87372E+15,5.31013E+16
137883,4.17051E+18,4,0,12,0,2017,5,17,5,3,6,7,0,1,1,0,0,0,0,4.72769E+20,5.93479E+21,8.58889E+15,5.35613E+16
137884,4.17051E+18,4,0,12,0,2017,5,17,5,3,3,6,1,0,0,0,1,0,0,4.71139E+20,5.93789E+21,8.56398E+15,5.35891E+16
137885,4.17051E+18,4,0,11,0,2017,5,6,5,3,4,6,1,0,0,0,0,0,0,4.80857E+20,5.88808E+21,8.71381E+15,5.31417E+16
137886,4.17051E+18,4,0,11,0,2017,5,21,5,3,3,2,0,1,0,0,1,2,0,4.86113E+20,5.8815E+21,8.79267E+15,5.30828E+16
137887,4.17051E+18,4,0,11,0,2017,5,20,5,3,0,1,0,0,0,1,0,1,0,4.82685E+20,5.88768E+21,8.74116E+15,5.31383E+16
137888,4.17051E+18,4,0,11,0,2017,5,17,5,3,2,6,0,1,0,0,0,0,0,4.86785E+20,5.87879E+21,8.80282E+15,5.30584E+16
137889,4.17051E+18,4,0,11,0,2017,5,13,5,3,4,2,1,0,0,0,0,0,0,4.94189E+20,5.88556E+21,8.91318E+15,5.31194E+16
137890,4.17051E+18,4,0,11,0,2017,5,19,5,3,3,6,0,1,0,0,1,0,0,4.91789E+20,5.88123E+21,8.87741E+15,5.30805E+16
137891,4.17051E+18,4,0,11,0,2017,5,17,5,3,6,4,0,1,1,0,0,0,0,4.87106E+20,5.88279E+21,8.80745E+15,5.30944E+16
137892,4.17051E+18,4,0,11,0,2017,5,17,5,3,5,2,1,1,0,0,0,0,0,4.90251E+20,5.88145E+21,8.85445E+15,5.30824E+16
137893,4.17051E+18,4,0,12,0,2017,5,13,4,3,8,1,1,0,0,0,0,0,0,4.73377E+20,5.93726E+21,8.59785E+15,5.35835E+16
137894,4.17051E+18,4,0,11,0,2017,5,19,4,3,5,2,1,1,0,0,0,0,0,4.86981E+20,5.8824E+21,8.8056E+15,5.30909E+16
137895,4.17051E+18,4,0,11,0,2017,5,16,4,2,6,4,0,1,1,0,0,0,0,4.83477E+20,5.88577E+21,8.7531E+15,5.31211E+16
137896,4.17051E+18,4,0,11,0,2017,5,13,4,2,0,7,1,0,0,0,0,0,0,4.72564E+20,5.89272E+21,8.58944E+15,5.31832E+16
137897,4.17073E+18,4,0,11,0,2017,7,16,2,3,1,6,0,1,0,1,0,0,0,4.89611E+20,5.87741E+21,8.84503E+15,5.30461E+16
137898,4.17073E+18,4,0,11,0,2017,7,9,2,3,5,2,0,1,0,0,0,0,0,4.90356E+20,5.88378E+21,8.85596E+15,5.31034E+16
137899,4.17073E+18,4,0,11,0,2017,7,17,2,3,2,6,0,1,0,0,0,0,0,4.92946E+20,5.87893E+21,8.89474E+15,5.30598E+16
137900,4.17073E+18,4,0,11,0,2017,7,11,1,2,1,7,1,1,0,0,0,0,0,4.96536E+20,5.87961E+21,8.9483E+15,5.3066E+16
137901,4.17073E+18,4,0,11,0,2017,7,11,1,3,1,5,1,1,0,0,0,0,0,4.89842E+20,5.88217E+21,8.84832E+15,5.30889E+16
137902,4.17073E+18,4,0,12,0,2017,7,5,7,3,8,1,0,1,0,0,0,0,1,4.73246E+20,5.93139E+21,8.59638E+15,5.35307E+16
137903,4.17073E+18,4,0,11,0,2017,7,14,7,3,5,3,0,1,0,0,0,0,1,4.71595E+20,5.89379E+21,8.57485E+15,5.31927E+16
137904,4.17073E+18,4,0,11,0,2017,7,17,7,3,5,3,0,1,0,0,0,0,1,4.90024E+20,5.87832E+21,8.85116E+15,5.30543E+16
137905,4.17073E+18,4,0,11,0,2017,7,1,7,3,9,1,0,1,0,0,0,2,1,4.8696E+20,5.88131E+21,8.80532E+15,5.30811E+16
137906,4.17073E+18,4,0,12,0,2017,7,17,6,3,2,6,0,1,0,0,1,0,1,4.7319E+20,5.93517E+21,8.59521E+15,5.35647E+16
137907,4.17073E+18,4,0,12,0,2017,7,12,6,3,5,3,1,1,0,0,0,0,0,4.72766E+20,5.93167E+21,8.58911E+15,5.35332E+16
137908,4.17073E+18,4,0,12,0,2017,7,6,6,2,5,3,0,1,0,0,1,0,1,4.73657E+20,5.92656E+21,8.60298E+15,5.34874E+16
137909,4.17073E+18,4,0,11,0,2017,7,8,6,3,0,1,1,0,0,0,0,0,0,4.93433E+20,5.88044E+21,8.90198E+15,5.30734E+16
137910,4.17073E+18,4,0,11,0,2017,7,22,6,3,5,2,0,1,0,1,0,2,1,4.87371E+20,5.88249E+21,8.81141E+15,5.30918E+16
137911,4.17073E+18,4,0,11,0,2017,7,6,6,3,0,1,0,0,0,1,0,0,1,4.93143E+20,5.87884E+21,8.89768E+15,5.3059E+16
137912,4.17073E+18,4,0,11,0,2017,7,19,6,3,5,3,0,1,0,0,0,0,0,4.87117E+20,5.88037E+21,8.80772E+15,5.30726E+16
137913,4.17073E+18,4,0,11,0,2017,7,15,6,2,5,3,0,0,0,1,1,0,1,4.89946E+20,5.87537E+21,8.85009E+15,5.30278E+16
137914,4.17073E+18,4,0,11,0,2017,7,17,6,3,5,3,1,1,0,0,0,0,0,4.9629E+20,5.8796E+21,8.94463E+15,5.30659E+16
137915,4.17073E+18,4,0,12,0,2017,7,20,5,3,4,1,0,1,0,0,0,0,1,4.71972E+20,5.93165E+21,8.57713E+15,5.3533E+16
137916,4.17073E+18,4,0,12,0,2017,7,18,5,3,0,7,0,1,0,0,0,0,0,4.73066E+20,5.9295E+21,8.59382E+15,5.35137E+16
137917,4.17073E+18,4,0,12,0,2017,7,14,5,3,1,7,0,0,0,1,1,0,0,4.7334E+20,5.93184E+21,8.59775E+15,5.35348E+16
137918,4.17073E+18,4,0,12,0,2017,7,15,5,3,6,4,0,1,1,0,0,0,0,4.75056E+20,5.93828E+21,8.62313E+15,5.35927E+16
137919,4.17073E+18,4,0,11,0,2017,7,16,5,3,5,3,1,1,0,0,0,0,0,4.91058E+20,5.88381E+21,8.86643E+15,5.31037E+16
137920,4.17073E+18,4,0,11,0,2017,7,10,5,3,0,7,0,0,0,0,1,0,0,4.80927E+20,5.8782E+21,8.71545E+15,5.3053E+16
137921,4.17073E+18,4,0,11,0,2017,7,15,5,3,5,3,1,1,0,0,0,0,0,4.92681E+20,5.87864E+21,8.8908E+15,5.30572E+16
137922,4.17073E+18,4,0,11,0,2017,7,15,4,2,6,4,0,1,1,0,0,0,0,4.86635E+20,5.88103E+21,8.80049E+15,5.30786E+16
137923,4.17073E+18,4,0,11,0,2017,7,15,4,2,1,3,0,1,0,1,0,0,0,4.82818E+20,5.88674E+21,8.74321E+15,5.31298E+16
137924,4.17073E+18,4,0,11,0,2017,7,16,4,3,4,6,1,0,0,0,0,0,0,4.86979E+20,5.88132E+21,8.80561E+15,5.30812E+16
137925,4.17073E+18,4,0,11,0,2017,7,17,4,3,6,4,1,0,1,0,0,0,0,4.88909E+20,5.87665E+21,8.83458E+15,5.30392E+16
137926,4.17073E+18,4,0,11,0,2017,7,16,4,2,5,3,1,1,0,0,0,0,0,4.92099E+20,5.88108E+21,8.88205E+15,5.30791E+16
137927,4.17073E+18,4,0,11,0,2017,7,9,4,3,3,6,0,1,0,0,1,0,1,4.86573E+20,5.87999E+21,8.7996E+15,5.30692E+16
137928,4.17073E+18,4,0,11,0,2017,7,15,4,2,3,7,1,0,0,0,0,0,0,4.90845E+20,5.88332E+21,8.86327E+15,5.30992E+16
137929,4.17073E+18,4,0,11,0,2017,7,21,4,3,5,3,0,1,0,1,0,1,0,4.901E+20,5.87637E+21,8.85236E+15,5.30368E+16
137930,4.17073E+18,4,0,11,0,2017,7,17,3,3,5,2,1,1,0,0,0,0,1,4.86358E+20,5.88148E+21,8.79633E+15,5.30826E+16
137931,4.17073E+18,4,0,11,0,2017,7,14,3,2,5,3,0,1,0,0,0,0,0,4.85111E+20,5.88001E+21,8.77779E+15,5.30693E+16
137932,4.17073E+18,4,0,11,0,2017,7,9,3,3,1,5,1,1,0,0,0,0,1,4.93485E+20,5.87769E+21,8.90281E+15,5.30487E+16
137933,4.17072E+18,4,0,12,0,2017,7,20,2,3,2,6,0,1,0,0,0,1,1,4.75424E+20,5.93086E+21,8.62927E+15,5.35261E+16
137934,4.17072E+18,4,0,11,0,2017,7,15,2,3,0,7,1,1,0,0,0,0,0,4.90452E+20,5.87969E+21,8.85751E+15,5.30666E+16
137935,4.17072E+18,4,0,11,0,2017,7,12,2,3,5,2,1,1,0,0,0,0,0,4.85846E+20,5.88379E+21,8.78859E+15,5.31033E+16
137936,4.17072E+18,4,0,11,0,2017,7,16,2,3,0,6,0,0,0,0,1,0,1,4.87319E+20,5.88123E+21,8.81069E+15,5.30804E+16
137937,4.17072E+18,4,0,11,0,2017,7,16,2,3,3,6,0,1,0,0,0,0,1,4.77676E+20,5.89184E+21,8.66599E+15,5.31755E+16
137938,4.17072E+18,4,0,11,0,2017,7,6,2,3,2,6,0,1,0,0,0,0,0,4.93573E+20,5.87889E+21,8.9041E+15,5.30595E+16
137939,4.17072E+18,4,0,11,0,2017,7,20,2,2,5,3,1,1,0,0,0,2,1,4.92824E+20,5.88145E+21,8.89287E+15,5.30824E+16
137940,4.17072E+18,4,0,11,0,2017,7,0,1,3,5,3,1,1,0,0,0,2,1,4.75063E+20,5.89122E+21,8.62695E+15,5.31698E+16
137941,4.17072E+18,4,0,11,0,2017,7,2,1,3,9,1,0,1,0,0,0,2,0,4.83807E+20,5.8847E+21,8.75808E+15,5.31115E+16
137942,4.17072E+18,4,0,11,0,2017,7,11,7,3,6,4,1,0,1,0,0,0,1,4.86979E+20,5.88132E+21,8.80561E+15,5.30812E+16
137943,4.17072E+18,4,0,11,0,2017,7,23,7,3,4,6,1,0,0,0,0,2,0,4.8837E+20,5.88104E+21,8.82638E+15,5.30787E+16
137944,4.17072E+18,4,0,11,0,2017,7,15,7,3,5,2,0,1,0,0,0,0,0,4.83729E+20,5.88503E+21,8.7569E+15,5.31144E+16
137945,4.17072E+18,4,0,11,0,2017,7,7,7,3,5,2,1,1,0,0,0,0,0,4.84016E+20,5.88579E+21,8.76115E+15,5.31213E+16
137946,4.17072E+18,4,0,11,0,2017,7,4,7,3,8,1,0,1,0,0,0,2,0,4.81677E+20,5.87628E+21,8.72674E+15,5.30357E+16
137947,4.17072E+18,4,0,12,0,2017,7,14,6,3,2,6,0,1,0,1,0,0,0,4.72499E+20,5.93431E+21,8.58484E+15,5.3557E+16
137948,4.17072E+18,4,0,12,0,2017,7,17,6,3,2,6,0,1,0,0,0,0,0,4.73815E+20,5.93658E+21,8.60452E+15,5.35775E+16
137949,4.17072E+18,4,0,11,0,2017,7,13,6,3,0,7,1,1,0,0,0,0,0,4.87606E+20,5.88115E+21,8.81498E+15,5.30797E+16
137950,4.17072E+18,4,0,11,0,2017,7,14,6,3,0,7,1,0,0,0,0,0,0,4.84859E+20,5.88341E+21,8.77387E+15,5.30999E+16
137951,4.17072E+18,4,0,11,0,2017,7,14,6,3,0,7,1,0,0,0,0,0,0,4.84792E+20,5.88349E+21,8.77286E+15,5.31006E+16
137952,4.17072E+18,4,0,11,0,2017,7,19,6,2,2,6,1,0,0,0,0,0,0,4.87428E+20,5.88022E+21,8.81236E+15,5.30713E+16
137953,4.17072E+18,4,0,11,0,2017,7,13,6,3,0,7,0,0,1,0,1,0,0,4.71067E+20,5.89259E+21,8.56705E+15,5.31819E+16
137954,4.17072E+18,4,0,11,0,2017,7,13,6,3,0,6,0,1,0,1,0,0,0,4.8517E+20,5.88285E+21,8.77854E+15,5.30949E+16
137955,4.17072E+18,4,0,11,0,2017,7,14,6,3,5,3,1,1,0,0,0,0,0,4.89157E+20,5.88143E+21,8.83813E+15,5.30822E+16
137956,4.17072E+18,4,0,12,0,2017,7,12,5,2,6,2,0,1,1,0,0,0,1,4.71912E+20,5.93331E+21,8.57608E+15,5.35479E+16