OBJECTID,UIDENTSTLA,ULAND,UREGBEZ,UKREIS,UGEMEINDE,UJAHR,UMONAT,USTUNDE,UWOCHENTAG,UKATEGORIE,UART,UTYP1,IstRad,IstPKW,IstFuss,IstKrad,IstSonstig,LICHT,STRZUSTAND,LINREFX,LINREFY,XGCSWGS84,YGCSWGS84
137957,4.17072E+18,4,0,12,0,2017,7,12,5,2,5,3,0,1,0,0,0,0,1,4.73688E+20,5.92981E+21,8.60317E+15,5.35166E+16
137958,4.17072E+18,4,0,11,0,2017,7,13,5,3,5,2,0,1,0,0,0,0,0,4.86898E+20,5.88069E+21,8.80443E+15,5.30755E+16
137959,4.17072E+18,4,0,11,0,2017,7,13,5,3,0,7,1,0,0,0,0,0,0,4.88186E+20,5.88041E+21,8.82366E+15,5.3073E+16
137960,4.17072E+18,4,0,11,0,2017,7,17,5,3,4,2,0,1,0,1,0,0,0,4.86861E+20,5.88176E+21,8.80384E+15,5.30852E+16
137961,4.17072E+18,4,0,11,0,2017,7,13,5,3,2,6,0,1,0,0,0,0,1,4.87754E+20,5.88104E+21,8.8172E+15,5.30787E+16
137962,4.17072E+18,4,0,11,0,2017,7,14,5,3,0,7,0,1,0,1,0,0,1,4.8766E+20,5.87843E+21,8.81588E+15,5.30552E+16
137963,4.17072E+18,4,0,11,0,2017,7,18,5,3,5,3,1,0,0,0,0,0,0,4.84378E+20,5.88513E+21,8.76659E+15,5.31153E+16
137964,4.17072E+18,4,0,11,0,2017,7,8,5,3,5,3,1,1,0,0,0,0,0,4.81976E+20,5.8825E+21,8.73086E+15,5.30916E+16
137965,4.17072E+18,4,0,12,0,2017,7,19,4,2,1,1,0,1,0,1,0,0,0,4.72584E+20,5.93513E+21,8.58606E+15,5.35643E+16
137966,4.17072E+18,4,0,11,0,2017,7,12,4,3,4,7,1,1,0,0,0,0,0,4.8278E+20,5.88679E+21,8.74262E+15,5.31303E+16
137967,4.17072E+18,4,0,11,0,2017,7,13,4,3,6,4,1,0,1,0,0,0,0,4.75154E+20,5.89309E+21,8.62817E+15,5.31866E+16
137968,4.17072E+18,4,0,11,0,2017,7,22,4,2,0,7,1,0,0,0,0,2,1,4.91352E+20,5.88244E+21,8.87086E+15,5.30914E+16
137969,4.17072E+18,4,0,11,0,2017,7,6,4,3,5,2,1,1,0,0,0,0,0,4.94865E+20,5.87888E+21,8.92339E+15,5.30593E+16
137970,4.17072E+18,4,0,12,0,2017,7,18,3,3,5,3,0,1,0,0,0,0,0,4.73383E+20,5.9371E+21,8.59796E+15,5.3582E+16
137971,4.17072E+18,4,0,11,0,2017,7,21,3,3,5,3,1,1,0,0,0,0,0,4.95471E+20,5.87941E+21,8.93241E+15,5.30642E+16
137972,4.17072E+18,4,0,11,0,2017,7,15,3,3,5,3,1,1,0,0,0,0,0,4.87368E+20,5.88122E+21,8.81142E+15,5.30803E+16
137973,4.17072E+18,4,0,11,0,2017,7,19,3,3,2,6,0,1,0,0,0,0,0,4.96586E+20,5.87934E+21,8.94905E+15,5.30635E+16
137974,4.17072E+18,4,0,11,0,2017,7,15,3,3,4,2,1,1,0,0,0,0,0,4.81806E+20,5.87663E+21,8.72864E+15,5.30389E+16
137975,4.17072E+18,4,0,11,0,2017,7,16,3,3,5,3,0,1,0,0,0,0,0,4.88301E+20,5.87661E+21,8.82552E+15,5.30389E+16
137976,4.17072E+18,4,0,11,0,2017,7,19,3,3,1,5,0,1,0,0,0,0,0,4.87186E+20,5.88006E+21,8.80875E+15,5.30699E+16
137977,4.17072E+18,4,0,11,0,2017,7,9,3,3,0,7,0,0,1,1,0,0,0,4.86846E+20,5.87971E+21,8.8037E+15,5.30667E+16
137978,4.17072E+18,4,0,11,0,2017,7,6,3,3,0,1,1,0,0,0,0,0,0,4.887E+20,5.88184E+21,8.83128E+15,5.30859E+16
137979,4.17072E+18,4,0,11,0,2017,7,21,3,3,5,3,0,1,0,0,0,1,0,4.89731E+20,5.87755E+21,8.84681E+15,5.30473E+16
137980,4.17072E+18,4,0,11,0,2017,7,17,3,2,5,3,1,0,0,0,1,0,0,4.9338E+20,5.88105E+21,8.90117E+15,5.30789E+16
137981,4.17072E+18,4,0,11,0,2017,7,16,3,3,3,6,0,1,0,1,0,0,0,4.88249E+20,5.88109E+21,8.82458E+15,5.30791E+16
137982,4.17072E+18,4,0,11,0,2017,7,12,2,3,5,3,0,0,0,1,1,0,0,4.92706E+20,5.87926E+21,8.89115E+15,5.30628E+16
137983,4.17072E+18,4,0,11,0,2017,7,10,2,3,5,2,1,1,0,0,0,0,0,4.90813E+20,5.88023E+21,8.86287E+15,5.30715E+16
137984,4.17072E+18,4,0,11,0,2017,7,11,2,3,5,2,1,1,0,0,0,0,0,4.7502E+20,5.89279E+21,8.62618E+15,5.31838E+16
137985,4.17072E+18,4,0,11,0,2017,7,18,2,3,1,5,1,1,0,0,0,0,0,4.86789E+20,5.87977E+21,8.80284E+15,5.30672E+16
137986,4.17072E+18,4,0,11,0,2017,7,9,2,3,5,7,0,1,0,0,0,0,0,4.86869E+20,5.88258E+21,8.80391E+15,5.30925E+16
137987,4.17072E+18,4,0,11,0,2017,7,15,1,3,0,1,1,0,0,0,0,0,1,4.87934E+20,5.88127E+21,8.81987E+15,5.30808E+16
137988,4.17072E+18,4,0,12,0,2017,7,21,7,2,5,2,0,1,0,0,1,0,0,4.73338E+20,5.93795E+21,8.5972E+15,5.35897E+16
137989,4.17072E+18,4,0,11,0,2017,7,13,7,3,1,5,0,1,0,1,0,0,0,4.83466E+20,5.88207E+21,8.75312E+15,5.30878E+16
137990,4.17072E+18,4,0,11,0,2017,7,10,7,3,0,1,1,0,0,0,0,0,0,4.93209E+20,5.88726E+21,8.89849E+15,5.31347E+16
137991,4.17072E+18,4,0,11,0,2017,7,18,7,3,1,6,0,1,0,1,0,0,0,4.86115E+20,5.88046E+21,8.79275E+15,5.30735E+16
137992,4.17071E+18,4,0,12,0,2017,7,16,6,3,5,3,1,1,0,0,0,0,0,4.73029E+20,5.93449E+21,8.59283E+15,5.35586E+16
137993,4.17071E+18,4,0,12,0,2017,7,16,6,3,2,6,0,1,0,1,0,0,0,4.73189E+20,5.93517E+21,8.5952E+15,5.35647E+16
137994,4.17071E+18,4,0,11,0,2017,7,14,6,3,0,7,1,0,0,0,0,0,0,4.98561E+20,5.88681E+21,8.9785E+15,5.31307E+16
137995,4.17071E+18,4,0,11,0,2017,7,16,6,3,5,3,1,1,0,0,0,0,0,4.96544E+20,5.87873E+21,8.94843E+15,5.3058E+16
137996,4.17071E+18,4,0,11,0,2017,7,16,6,3,5,3,1,0,0,0,1,0,0,4.79842E+20,5.88261E+21,8.69899E+15,5.30926E+16
137997,4.17071E+18,4,0,11,0,2017,7,15,6,3,1,5,1,1,0,0,0,0,0,4.88743E+20,5.88019E+21,8.83199E+15,5.30711E+16
137998,4.17071E+18,4,0,11,0,2017,7,15,6,3,5,3,1,1,0,0,0,0,0,4.80674E+20,5.88881E+21,8.71104E+15,5.31483E+16
137999,4.17071E+18,4,0,11,0,2017,7,11,6,3,0,7,1,0,0,0,1,0,0,4.96455E+20,5.87815E+21,8.94711E+15,5.30528E+16
138000,4.17071E+18,4,0,11,0,2017,7,15,6,3,5,3,1,1,0,0,0,0,0,4.83191E+20,5.88619E+21,8.74881E+15,5.31249E+16
138001,4.17071E+18,4,0,11,0,2017,7,5,6,2,5,2,1,1,0,0,0,0,0,4.91286E+20,5.87916E+21,8.86997E+15,5.30619E+16
138002,4.17071E+18,4,0,11,0,2017,7,13,5,3,2,6,0,1,0,0,0,0,0,4.89827E+20,5.87784E+21,8.84823E+15,5.305E+16
138003,4.17071E+18,4,0,11,0,2017,7,15,5,3,5,7,1,0,0,0,1,0,0,4.85309E+20,5.87874E+21,8.7808E+15,5.3058E+16
138004,4.17071E+18,4,0,11,0,2017,7,8,5,3,3,2,1,1,0,0,0,0,0,4.87737E+20,5.88102E+21,8.81694E+15,5.30786E+16
138005,4.17071E+18,4,0,11,0,2017,7,14,5,3,2,6,1,0,0,0,0,0,0,4.8638E+20,5.88222E+21,8.79662E+15,5.30892E+16
138006,4.17071E+18,4,0,11,0,2017,7,8,4,3,2,6,0,1,0,0,0,0,1,4.7128E+20,5.89512E+21,8.57002E+15,5.32046E+16
138007,4.17071E+18,4,0,11,0,2017,7,14,4,3,2,6,0,1,0,0,0,0,1,4.89418E+20,5.88074E+21,8.84204E+15,5.3076E+16
138008,4.17071E+18,4,0,11,0,2017,7,14,4,3,1,1,0,1,0,0,1,0,1,4.83656E+20,5.88113E+21,8.75602E+15,5.30794E+16
138009,4.17071E+18,4,0,11,0,2017,7,9,4,3,5,3,1,1,0,0,0,0,1,4.85734E+20,5.88152E+21,8.78701E+15,5.30829E+16
138010,4.17071E+18,4,0,11,0,2017,7,11,4,3,5,2,1,0,0,0,1,0,1,4.85628E+20,5.88216E+21,8.78541E+15,5.30887E+16
138011,4.17071E+18,4,0,11,0,2017,7,8,4,3,3,6,0,1,0,0,1,0,1,4.75844E+20,5.89309E+21,8.63849E+15,5.31866E+16
138012,4.17071E+18,4,0,11,0,2017,7,12,4,3,0,7,0,0,0,0,1,0,1,4.82404E+20,5.88716E+21,8.73699E+15,5.31335E+16
138013,4.17071E+18,4,0,11,0,2017,7,19,4,3,1,7,1,1,0,0,0,0,0,4.89657E+20,5.88191E+21,8.84557E+15,5.30865E+16
138014,4.17071E+18,4,0,11,0,2017,7,4,4,3,5,3,0,1,0,0,0,1,1,4.85605E+20,5.88216E+21,8.78506E+15,5.30887E+16
138015,4.17071E+18,4,0,11,0,2017,7,15,4,3,5,2,1,1,0,0,0,0,1,4.91856E+20,5.88107E+21,8.87842E+15,5.30791E+16
138016,4.17071E+18,4,0,11,0,2017,7,14,4,3,2,6,0,1,0,0,0,0,1,4.92251E+20,5.88399E+21,8.88425E+15,5.31053E+16
138017,4.17071E+18,4,0,11,0,2017,7,13,4,3,2,6,0,1,0,0,1,0,1,4.9482E+20,5.87889E+21,8.92271E+15,5.30594E+16
138018,4.17071E+18,4,0,11,0,2017,7,13,4,3,2,6,0,1,0,0,0,0,1,4.95969E+20,5.87878E+21,8.93985E+15,5.30585E+16
138019,4.17071E+18,4,0,11,0,2017,7,16,4,3,5,3,0,1,0,0,0,0,1,4.84022E+20,5.87892E+21,8.76159E+15,5.30596E+16
138020,4.17071E+18,4,0,12,0,2017,7,15,3,2,2,6,0,1,0,0,0,0,0,4.72165E+20,5.93349E+21,8.57987E+15,5.35495E+16
138021,4.17071E+18,4,0,12,0,2017,7,7,3,3,5,3,0,1,0,0,0,0,1,4.7348E+20,5.9354E+21,8.59957E+15,5.35668E+16
138022,4.17071E+18,4,0,12,0,2017,7,14,3,3,2,6,1,1,0,0,0,0,0,4.72149E+20,5.93302E+21,8.57969E+15,5.35453E+16
138023,4.17071E+18,4,0,11,0,2017,7,13,3,3,5,3,0,1,0,0,1,0,0,4.82845E+20,5.8867E+21,8.74361E+15,5.31294E+16
138024,4.17071E+18,4,0,11,0,2017,7,17,3,3,0,7,0,0,0,0,1,0,1,4.94395E+20,5.8802E+21,8.91634E+15,5.30713E+16
138025,4.17071E+18,4,0,12,0,2017,7,18,2,3,6,4,0,1,1,0,0,0,0,4.73202E+20,5.92965E+21,8.59586E+15,5.35151E+16
138026,4.17071E+18,4,0,12,0,2017,7,9,2,2,0,7,1,0,0,0,0,0,0,4.70523E+20,5.93672E+21,8.55479E+15,5.35785E+16
138027,4.17071E+18,4,0,11,0,2017,7,10,2,3,4,6,0,1,0,0,0,0,0,4.85202E+20,5.88414E+21,8.77895E+15,5.31065E+16
138028,4.17071E+18,4,0,11,0,2017,7,17,2,3,0,5,1,1,0,0,0,0,1,4.92797E+20,5.88152E+21,8.89247E+15,5.30831E+16
138029,4.17071E+18,4,0,11,0,2017,7,18,2,3,0,5,1,1,0,0,0,0,0,4.88152E+20,5.87577E+21,8.82333E+15,5.30314E+16
138030,4.17071E+18,4,0,11,0,2017,7,15,2,3,5,2,1,1,0,0,0,0,0,4.87354E+20,5.8812E+21,8.81121E+15,5.30801E+16
138031,4.17071E+18,4,0,11,0,2017,7,10,2,3,2,6,0,1,0,0,0,0,1,4.87909E+20,5.88124E+21,8.8195E+15,5.30805E+16
138032,4.17071E+18,4,0,11,0,2017,7,16,2,3,4,2,1,1,0,0,0,0,0,4.87548E+20,5.88346E+21,8.81403E+15,5.31004E+16
138033,4.17071E+18,4,0,11,0,2017,7,14,2,3,0,7,0,0,0,1,0,0,1,4.93967E+20,5.87775E+21,8.91E+15,5.30492E+16
138034,4.17071E+18,4,0,11,0,2017,7,12,2,2,0,1,0,0,0,1,0,0,1,4.72681E+20,5.89234E+21,8.59123E+15,5.31797E+16
138035,4.17071E+18,4,0,11,0,2017,7,0,2,3,3,6,1,1,0,0,0,2,0,4.88666E+20,5.88056E+21,8.83083E+15,5.30744E+16
138036,4.17071E+18,4,0,11,0,2017,7,13,1,3,5,3,0,1,0,0,0,0,0,4.86961E+20,5.87959E+21,8.80541E+15,5.30657E+16
138037,4.17071E+18,4,0,11,0,2017,7,11,1,3,5,2,1,1,0,0,0,0,0,4.88971E+20,5.87621E+21,8.83552E+15,5.30353E+16
138038,4.17071E+18,4,0,11,0,2017,7,0,1,3,2,6,0,1,0,0,0,2,0,4.87428E+20,5.8813E+21,8.81232E+15,5.3081E+16
138039,4.17071E+18,4,0,11,0,2017,7,14,1,2,1,7,1,1,0,0,0,0,0,4.75867E+20,5.89254E+21,8.63889E+15,5.31817E+16
138040,4.17071E+18,4,0,11,0,2017,7,13,7,3,0,7,0,1,0,1,0,0,1,4.83547E+20,5.88567E+21,8.75415E+15,5.31202E+16
138041,4.17071E+18,4,0,11,0,2017,7,22,7,3,4,6,1,0,0,0,0,2,0,4.90076E+20,5.87849E+21,8.85193E+15,5.30558E+16
138042,4.17071E+18,4,0,11,0,2017,7,0,7,3,6,4,1,0,1,0,0,2,0,4.87153E+20,5.88058E+21,8.80823E+15,5.30745E+16
138043,4.17071E+18,4,0,11,0,2017,7,0,7,3,0,1,1,0,0,0,0,2,0,4.89527E+20,5.87972E+21,8.8437E+15,5.30669E+16
138044,4.17071E+18,4,0,12,0,2017,7,9,6,3,5,3,1,1,0,0,0,0,0,4.69363E+20,5.9397E+21,8.53699E+15,5.36052E+16
138045,4.17071E+18,4,0,12,0,2017,7,16,6,3,6,1,1,0,1,0,0,0,0,4.69762E+20,5.93767E+21,8.54321E+15,5.3587E+16
138046,4.17071E+18,4,0,11,0,2017,7,14,6,3,2,6,0,1,0,0,0,0,0,4.84395E+20,5.87907E+21,8.76715E+15,5.30609E+16
138047,4.17071E+18,4,0,11,0,2017,7,20,6,3,0,6,0,1,0,1,0,0,0,4.88412E+20,5.88155E+21,8.82699E+15,5.30833E+16
138048,4.17071E+18,4,0,11,0,2017,7,21,6,2,5,7,0,1,0,0,0,1,0,4.8769E+20,5.87824E+21,8.81634E+15,5.30535E+16
138049,4.17071E+18,4,0,11,0,2017,7,16,6,3,5,2,1,1,0,0,0,0,0,4.93053E+20,5.88144E+21,8.89629E+15,5.30824E+16
138050,4.17071E+18,4,0,11,0,2017,7,8,6,3,0,7,1,0,0,0,0,0,0,4.83457E+20,5.8858E+21,8.75281E+15,5.31214E+16
138051,4.17071E+18,4,0,11,0,2017,7,14,5,3,5,3,0,1,0,0,0,0,0,4.83369E+20,5.88173E+21,8.7517E+15,5.30848E+16
138052,4.17071E+18,4,0,11,0,2017,7,17,5,3,6,4,1,0,1,0,0,0,0,4.90077E+20,5.87877E+21,8.85193E+15,5.30583E+16
138053,4.17071E+18,4,0,11,0,2017,7,17,5,3,2,6,0,1,0,0,1,0,0,4.96959E+20,5.87867E+21,8.95463E+15,5.30575E+16
138054,4.17071E+18,4,0,11,0,2017,7,8,5,3,3,6,1,0,0,0,0,0,0,4.88362E+20,5.88111E+21,8.82626E+15,5.30793E+16
138055,4.17071E+18,4,0,11,0,2017,7,23,5,3,4,6,1,0,0,0,0,2,0,4.88257E+20,5.8817E+21,8.82467E+15,5.30846E+16
138056,4.17071E+18,4,0,11,0,2017,7,15,5,3,1,7,0,1,0,0,0,0,0,4.88422E+20,5.88113E+21,8.82716E+15,5.30795E+16
138057,4.17071E+18,4,0,11,0,2017,7,13,4,3,0,1,1,0,0,0,0,0,0,4.87886E+20,5.88036E+21,8.81919E+15,5.30725E+16
138058,4.17071E+18,4,0,11,0,2017,7,14,4,3,4,2,1,1,0,0,0,0,0,4.8556E+20,5.88301E+21,8.78435E+15,5.30964E+16
138059,4.17071E+18,4,0,11,0,2017,7,15,4,3,5,3,0,1,0,0,1,0,0,4.83774E+20,5.87876E+21,8.75789E+15,5.30581E+16
138060,4.17071E+18,4,0,11,0,2017,7,15,4,3,4,6,1,1,0,0,0,0,0,4.86699E+20,5.88237E+21,8.80139E+15,5.30906E+16
138061,4.17071E+18,4,0,11,0,2017,7,16,4,3,0,3,1,0,0,0,1,0,0,4.92894E+20,5.87834E+21,8.89397E+15,5.30545E+16
138062,4.17071E+18,4,0,11,0,2017,7,19,4,3,3,6,1,0,0,0,0,0,0,4.89508E+20,5.88031E+21,8.8434E+15,5.30722E+16
138063,4.17071E+18,4,0,11,0,2017,7,7,4,3,5,3,1,1,0,0,0,0,1,4.91726E+20,5.88242E+21,8.87645E+15,5.30912E+16
138064,4.17071E+18,4,0,11,0,2017,7,9,4,3,5,3,1,1,0,0,0,0,0,4.91452E+20,5.8793E+21,8.87245E+15,5.30631E+16
138065,4.17071E+18,4,0,11,0,2017,7,11,4,2,1,7,1,1,0,0,0,0,0,4.89756E+20,5.87595E+21,8.84723E+15,5.3033E+16
138066,4.1707E+18,4,0,12,0,2017,7,17,3,3,1,6,0,1,0,1,0,0,0,4.72927E+20,5.93454E+21,8.5913E+15,5.35591E+16
138067,4.1707E+18,4,0,11,0,2017,7,19,3,3,4,6,1,1,0,0,0,0,0,4.86241E+20,5.87844E+21,8.79472E+15,5.30553E+16
138068,4.1707E+18,4,0,11,0,2017,7,9,3,3,5,2,1,0,0,0,1,0,0,4.92374E+20,5.88106E+21,8.88615E+15,5.3079E+16
138069,4.1707E+18,4,0,11,0,2017,7,17,3,3,2,6,0,1,0,0,0,0,0,4.86079E+20,5.88276E+21,8.79212E+15,5.30941E+16
138070,4.1707E+18,4,0,11,0,2017,7,7,3,3,1,5,0,1,0,0,0,0,0,4.84797E+20,5.88133E+21,8.77304E+15,5.30812E+16
138071,4.1707E+18,4,0,12,0,2017,7,5,2,3,5,2,1,1,0,0,0,0,0,4.7431E+20,5.93771E+21,8.61191E+15,5.35876E+16
138072,4.1707E+18,4,0,11,0,2017,7,14,2,3,1,5,1,0,0,0,0,0,0,4.87581E+20,5.88133E+21,8.8146E+15,5.30813E+16
138073,4.1707E+18,4,0,11,0,2017,7,18,2,3,1,5,1,1,0,0,0,0,0,4.88164E+20,5.88036E+21,8.82334E+15,5.30726E+16
138074,4.1707E+18,4,0,11,0,2017,7,20,2,3,5,3,1,1,0,0,0,0,0,4.86541E+20,5.88002E+21,8.79913E+15,5.30694E+16
138075,4.1707E+18,4,0,11,0,2017,7,22,2,3,5,3,0,1,0,0,0,2,0,4.85887E+20,5.88021E+21,8.78936E+15,5.30712E+16
138076,4.1707E+18,4,0,11,0,2017,7,15,2,3,2,2,0,1,0,0,0,0,0,4.90417E+20,5.88037E+21,8.85696E+15,5.30727E+16
138077,4.1707E+18,4,0,11,0,2017,7,16,2,2,5,2,0,1,0,0,0,0,0,4.82389E+20,5.88117E+21,8.73709E+15,5.30797E+16
138078,4.1707E+18,4,0,11,0,2017,7,13,2,2,5,3,1,1,0,0,0,0,0,4.85043E+20,5.87824E+21,8.77685E+15,5.30535E+16
138079,4.1707E+18,4,0,11,0,2017,7,13,2,3,1,5,1,1,0,0,0,0,0,4.86695E+20,5.87986E+21,8.80143E+15,5.30681E+16
138080,4.1707E+18,4,0,11,0,2017,7,14,2,3,5,3,0,1,0,0,0,0,0,4.71685E+20,5.89461E+21,8.57613E+15,5.32001E+16
138081,4.1707E+18,4,0,11,0,2017,7,9,2,3,6,4,0,1,1,0,0,0,0,4.96511E+20,5.87631E+21,8.94797E+15,5.30363E+16
138082,4.1707E+18,4,0,11,0,2017,7,17,2,3,5,3,1,1,0,0,0,0,0,4.96094E+20,5.87651E+21,8.94175E+15,5.30381E+16
138083,4.1707E+18,4,0,12,0,2017,7,12,1,3,5,3,0,1,0,0,0,0,1,4.72746E+20,5.93184E+21,8.58879E+15,5.35347E+16
138084,4.1707E+18,4,0,12,0,2017,7,17,1,3,5,3,1,1,0,0,0,0,0,4.73389E+20,5.93578E+21,8.59816E+15,5.35702E+16
138085,4.1707E+18,4,0,11,0,2017,7,19,1,3,3,6,0,1,0,0,0,0,0,4.86246E+20,5.88255E+21,8.79462E+15,5.30922E+16
138086,4.1707E+18,4,0,11,0,2017,7,13,1,3,5,3,0,1,0,0,0,0,1,4.92638E+20,5.87938E+21,8.89013E+15,5.30638E+16
138087,4.1707E+18,4,0,11,0,2017,7,20,1,2,6,4,0,1,1,0,0,0,0,4.74888E+20,5.89192E+21,8.62428E+15,5.3176E+16
138088,4.1707E+18,4,0,11,0,2017,7,13,7,3,5,3,0,1,0,0,0,0,0,4.90365E+20,5.88012E+21,8.85619E+15,5.30705E+16
138089,4.1707E+18,4,0,11,0,2017,7,10,7,3,6,4,0,0,1,0,1,0,1,4.89545E+20,5.8824E+21,8.84388E+15,5.3091E+16
138090,4.1707E+18,4,0,11,0,2017,7,22,7,3,0,7,1,1,0,0,0,1,0,4.92837E+20,5.87899E+21,8.89311E+15,5.30604E+16
138091,4.1707E+18,4,0,11,0,2017,7,18,7,3,0,7,0,0,1,0,1,0,0,4.87929E+20,5.87802E+21,8.81991E+15,5.30515E+16
138092,4.1707E+18,4,0,11,0,2017,7,15,7,3,2,6,0,1,0,1,0,0,1,4.96679E+20,5.87872E+21,8.95045E+15,5.30579E+16
138093,4.1707E+18,4,0,11,0,2017,7,17,7,3,4,1,0,1,0,0,0,0,0,4.72301E+20,5.89206E+21,8.58557E+15,5.31772E+16
138094,4.17063E+18,4,0,12,0,2017,6,11,6,3,5,3,1,1,0,0,0,0,1,4.72569E+20,5.92986E+21,8.5863E+15,5.35169E+16
138095,4.17063E+18,4,0,12,0,2017,6,6,6,3,0,7,0,0,0,1,0,1,1,4.73036E+20,5.93452E+21,8.59294E+15,5.35589E+16
138096,4.17063E+18,4,0,12,0,2017,6,8,6,3,2,6,0,1,0,0,0,0,1,4.73775E+20,5.93756E+21,8.60384E+15,5.35862E+16
138097,4.17063E+18,4,0,11,0,2017,6,14,6,3,2,6,0,1,0,0,1,0,0,4.92968E+20,5.87892E+21,8.89507E+15,5.30597E+16
138098,4.17063E+18,4,0,11,0,2017,6,8,6,3,2,6,0,1,0,0,0,0,1,4.74916E+20,5.89124E+21,8.62475E+15,5.31699E+16
138099,4.17063E+18,4,0,11,0,2017,6,14,6,3,5,3,1,1,0,0,0,0,1,4.83736E+20,5.88112E+21,8.75721E+15,5.30793E+16
138100,4.17063E+18,4,0,11,0,2017,6,13,6,3,3,6,0,1,0,0,1,0,1,4.94391E+20,5.88019E+21,8.91628E+15,5.30712E+16
138101,4.17063E+18,4,0,11,0,2017,6,13,6,3,2,6,0,1,0,0,0,0,1,4.88627E+20,5.88127E+21,8.83022E+15,5.30808E+16
138102,4.17063E+18,4,0,12,0,2017,6,22,5,3,5,3,0,1,0,0,1,2,1,4.73089E+20,5.9316E+21,8.59398E+15,5.35327E+16
138103,4.17063E+18,4,0,11,0,2017,6,15,5,3,2,6,0,1,0,0,0,0,0,4.68567E+20,5.89437E+21,8.52946E+15,5.31977E+16
138104,4.17063E+18,4,0,11,0,2017,6,20,5,3,0,7,1,1,0,0,0,1,1,4.90209E+20,5.88145E+21,8.85383E+15,5.30824E+16
138105,4.17063E+18,4,0,11,0,2017,6,19,5,3,5,3,0,1,0,0,0,0,1,4.90797E+20,5.88416E+21,8.86252E+15,5.31068E+16
138106,4.17063E+18,4,0,11,0,2017,6,1,5,3,0,7,0,1,0,0,0,2,1,4.8601E+20,5.88187E+21,8.79113E+15,5.30861E+16
138107,4.17063E+18,4,0,11,0,2017,6,20,5,3,0,7,1,0,0,0,0,1,1,4.82545E+20,5.88535E+21,8.7392E+15,5.31173E+16
138108,4.17063E+18,4,0,12,0,2017,6,22,4,3,8,1,0,1,0,0,1,1,1,4.73027E+20,5.93446E+21,8.59281E+15,5.35584E+16
138109,4.17063E+18,4,0,11,0,2017,6,13,4,2,5,3,1,0,0,0,0,0,1,4.82391E+20,5.87743E+21,8.73733E+15,5.30461E+16
138110,4.17063E+18,4,0,11,0,2017,6,8,4,3,1,5,1,1,0,0,0,0,0,4.76196E+20,5.89067E+21,8.64394E+15,5.31649E+16
138111,4.17063E+18,4,0,12,0,2017,6,13,3,3,5,2,1,0,0,0,1,0,0,4.69752E+20,5.93769E+21,8.54306E+15,5.35872E+16
138112,4.17063E+18,4,0,11,0,2017,6,9,3,3,5,3,1,1,0,0,0,0,0,4.86589E+20,5.88013E+21,8.79983E+15,5.30705E+16
138113,4.17063E+18,4,0,11,0,2017,6,21,3,3,5,2,0,1,0,1,0,2,1,4.96899E+20,5.87607E+21,8.95376E+15,5.30341E+16
138114,4.17063E+18,4,0,11,0,2017,6,7,3,2,3,6,0,1,0,0,0,0,0,4.88139E+20,5.88096E+21,8.82294E+15,5.3078E+16
138115,4.17063E+18,4,0,11,0,2017,6,8,3,3,6,4,0,1,1,0,0,0,0,4.88209E+20,5.88014E+21,8.82401E+15,5.30706E+16
138116,4.17063E+18,4,0,11,0,2017,6,13,3,3,1,7,1,1,0,0,0,0,0,4.93363E+20,5.87887E+21,8.90097E+15,5.30593E+16
138117,4.17063E+18,4,0,11,0,2017,6,14,3,3,3,6,1,1,0,0,0,0,0,4.8998E+20,5.88017E+21,8.85045E+15,5.30709E+16
138118,4.17073E+18,4,0,11,0,2017,7,15,2,3,5,3,1,1,0,0,0,0,0,4.90272E+20,5.87981E+21,8.85481E+15,5.30677E+16
138119,4.17063E+18,4,0,11,0,2017,6,23,2,3,0,7,1,0,0,0,0,2,0,4.87956E+20,5.88065E+21,8.82023E+15,5.30752E+16
138120,4.17063E+18,4,0,11,0,2017,6,6,2,3,5,3,0,1,0,0,0,0,0,4.94258E+20,5.87953E+21,8.91431E+15,5.30653E+16
138121,4.17063E+18,4,0,11,0,2017,6,16,2,3,2,6,0,1,0,0,0,0,0,4.85043E+20,5.88313E+21,8.77662E+15,5.30974E+16
138122,4.17063E+18,4,0,11,0,2017,6,12,2,3,5,3,0,1,0,0,0,0,0,4.8099E+20,5.87859E+21,8.71637E+15,5.30564E+16
138123,4.17063E+18,4,0,11,0,2017,6,13,2,3,6,4,0,1,1,0,0,0,0,4.84775E+20,5.88135E+21,8.7727E+15,5.30814E+16
138124,4.1708E+18,4,0,11,0,2017,8,18,4,3,5,2,1,1,0,0,0,0,0,4.70651E+20,5.89421E+21,8.56067E+15,5.31964E+16
138125,4.1708E+18,4,0,11,0,2017,8,10,4,3,1,6,0,1,0,0,1,0,0,4.8345E+20,5.88518E+21,8.75273E+15,5.31158E+16
138126,4.17063E+18,4,0,11,0,2017,6,12,2,3,2,6,0,1,0,0,0,0,0,4.92459E+20,5.88437E+21,8.88735E+15,5.31087E+16
138127,4.17063E+18,4,0,11,0,2017,6,16,2,3,5,3,1,1,0,0,0,0,0,4.92199E+20,5.87766E+21,8.88363E+15,5.30484E+16
138128,4.17063E+18,4,0,11,0,2017,6,17,2,3,2,6,0,1,0,0,0,0,0,4.70426E+20,5.89345E+21,8.55739E+15,5.31895E+16
138129,4.17063E+18,4,0,11,0,2017,6,17,2,3,2,6,0,1,0,0,0,0,0,4.82244E+20,5.8772E+21,8.73516E+15,5.3044E+16