OBJECTID,UIDENTSTLA,ULAND,UREGBEZ,UKREIS,UGEMEINDE,UJAHR,UMONAT,USTUNDE,UWOCHENTAG,UKATEGORIE,UART,UTYP1,IstRad,IstPKW,IstFuss,IstKrad,IstSonstig,LICHT,STRZUSTAND,LINREFX,LINREFY,XGCSWGS84,YGCSWGS84
138130,4.17063E+18,4,0,11,0,2017,6,7,2,2,5,3,0,0,0,1,1,0,0,4.84773E+20,5.88443E+21,8.77253E+15,5.31091E+16
138131,4.17063E+18,4,0,11,0,2017,6,17,1,3,0,7,1,0,0,0,0,0,1,4.88425E+20,5.8819E+21,8.82718E+15,5.30864E+16
138132,4.17063E+18,4,0,11,0,2017,6,18,1,3,5,3,1,1,0,0,0,0,1,4.85579E+20,5.88024E+21,8.78477E+15,5.30715E+16
138133,4.17063E+18,4,0,11,0,2017,6,21,1,3,4,2,0,1,0,0,0,1,0,4.81484E+20,5.88767E+21,8.72321E+15,5.31381E+16
138134,4.17063E+18,4,0,11,0,2017,6,15,1,2,8,1,1,0,0,0,0,0,0,4.75498E+20,5.89078E+21,8.63349E+15,5.31658E+16
138135,4.17062E+18,4,0,12,0,2017,6,16,7,3,6,3,1,0,1,0,0,0,1,4.74454E+20,5.93884E+21,8.61399E+15,5.35978E+16
138136,4.17062E+18,4,0,11,0,2017,6,12,7,2,2,7,1,1,0,0,0,0,1,4.87924E+20,5.87774E+21,8.81985E+15,5.3049E+16
138137,4.17062E+18,4,0,11,0,2017,6,18,7,3,0,3,1,0,0,0,0,0,0,4.85821E+20,5.88013E+21,8.78837E+15,5.30705E+16
138138,4.17062E+18,4,0,12,0,2017,6,17,6,3,6,7,1,0,1,0,0,0,0,4.75549E+20,5.93828E+21,8.63057E+15,5.35928E+16
138139,4.17062E+18,4,0,12,0,2017,6,7,6,3,5,2,0,1,0,0,0,0,0,4.73453E+20,5.93803E+21,8.59893E+15,5.35904E+16
138140,4.17062E+18,4,0,11,0,2017,6,15,6,3,5,3,0,1,0,0,0,0,0,4.91591E+20,5.88154E+21,8.87446E+15,5.30832E+16
138141,4.1708E+18,4,0,11,0,2017,8,20,4,2,0,7,1,0,0,0,0,1,0,4.74074E+20,5.89219E+21,8.61208E+15,5.31784E+16
138142,4.1708E+18,4,0,11,0,2017,8,20,4,3,2,6,0,1,0,0,0,1,0,4.9185E+20,5.88109E+21,8.87834E+15,5.30792E+16
138143,4.1708E+18,4,0,11,0,2017,8,18,4,3,1,5,1,1,0,0,0,0,0,4.83598E+20,5.88488E+21,8.75495E+15,5.31131E+16
138144,4.17062E+18,4,0,11,0,2017,6,16,6,3,5,3,1,1,0,0,0,0,0,4.89136E+20,5.88175E+21,8.8378E+15,5.30851E+16
138145,4.17062E+18,4,0,11,0,2017,6,8,6,3,2,6,0,1,0,0,1,0,0,4.97575E+20,5.87867E+21,8.96382E+15,5.30575E+16
138146,4.1708E+18,4,0,11,0,2017,8,1,4,3,5,3,1,1,0,0,0,2,0,4.92846E+20,5.87752E+21,8.89328E+15,5.30471E+16
138147,4.17062E+18,4,0,11,0,2017,6,12,6,3,5,3,1,1,0,0,0,0,0,4.87008E+20,5.88257E+21,8.806E+15,5.30924E+16
138148,4.17062E+18,4,0,11,0,2017,6,23,6,3,1,5,1,0,0,0,1,2,1,4.88593E+20,5.88095E+21,8.82973E+15,5.30779E+16
138149,4.17062E+18,4,0,11,0,2017,6,12,6,3,5,3,1,1,0,0,0,0,1,4.87852E+20,5.8782E+21,8.81877E+15,5.30531E+16
138150,4.17062E+18,4,0,11,0,2017,6,17,6,2,0,1,0,0,0,1,0,0,0,4.87886E+20,5.88197E+21,8.81912E+15,5.3087E+16
138151,4.17062E+18,4,0,11,0,2017,6,16,6,3,6,7,0,1,1,0,0,0,0,4.75299E+20,5.89152E+21,8.63047E+15,5.31725E+16
138152,4.17062E+18,4,0,12,0,2017,6,21,5,3,3,3,0,1,0,0,0,1,0,4.72584E+20,5.93517E+21,8.58605E+15,5.35647E+16
138153,4.17062E+18,4,0,12,0,2017,6,23,5,3,5,3,0,1,0,0,0,2,1,4.73371E+20,5.93685E+21,8.5978E+15,5.35799E+16
138154,4.17062E+18,4,0,11,0,2017,6,20,5,3,5,3,1,1,0,0,0,0,1,4.90226E+20,5.88146E+21,8.85408E+15,5.30826E+16
138155,4.17062E+18,4,0,11,0,2017,6,13,5,3,5,2,1,1,0,0,0,0,0,4.88858E+20,5.88019E+21,8.83371E+15,5.3071E+16
138156,4.17062E+18,4,0,11,0,2017,6,15,5,3,0,6,0,1,0,0,1,0,0,4.88362E+20,5.88111E+21,8.82626E+15,5.30793E+16
138157,4.17062E+18,4,0,11,0,2017,6,19,5,3,1,1,0,1,0,1,0,0,1,4.90751E+20,5.88117E+21,8.86193E+15,5.30799E+16
138158,4.17062E+18,4,0,12,0,2017,6,16,4,3,2,6,0,1,0,0,1,0,0,4.70936E+20,5.93791E+21,8.56093E+15,5.35892E+16
138159,4.17062E+18,4,0,12,0,2017,6,7,4,3,2,6,0,1,0,0,0,0,0,4.71834E+20,5.93131E+21,8.57508E+15,5.353E+16
138160,4.17062E+18,4,0,11,0,2017,6,18,4,3,0,1,1,0,0,0,0,0,0,4.90037E+20,5.88178E+21,8.85125E+15,5.30854E+16
138161,4.17062E+18,4,0,11,0,2017,6,20,4,3,5,2,0,1,0,0,0,0,0,4.70384E+20,5.89339E+21,8.55676E+15,5.3189E+16
138162,4.17062E+18,4,0,11,0,2017,6,10,4,3,2,6,0,1,0,0,0,0,0,4.87747E+20,5.88105E+21,8.81708E+15,5.30788E+16
138163,4.17062E+18,4,0,11,0,2017,6,11,4,3,5,3,1,1,0,0,0,0,0,4.92843E+20,5.88142E+21,8.89315E+15,5.30822E+16
138164,4.17062E+18,4,0,11,0,2017,6,9,4,3,5,3,1,1,0,0,0,0,0,4.88745E+20,5.87992E+21,8.83202E+15,5.30686E+16
138165,4.1708E+18,4,0,11,0,2017,8,16,4,2,1,5,1,1,0,0,0,0,0,4.86054E+20,5.8799E+21,8.79186E+15,5.30684E+16
138166,4.1708E+18,4,0,12,0,2017,8,10,3,3,0,7,1,1,0,0,0,0,0,4.72609E+20,5.9322E+21,8.5867E+15,5.3538E+16
138167,4.17062E+18,4,0,11,0,2017,6,13,4,2,6,4,0,0,1,0,1,0,0,4.88788E+20,5.88017E+21,8.83265E+15,5.30709E+16
138168,4.17062E+18,4,0,11,0,2017,6,19,4,3,2,2,0,1,0,0,0,0,0,4.74707E+20,5.89258E+21,8.62152E+15,5.3182E+16
138169,4.17062E+18,4,0,11,0,2017,6,10,4,3,0,7,0,0,1,0,1,0,0,4.92209E+20,5.88395E+21,8.88362E+15,5.3105E+16
138170,4.17062E+18,4,0,11,0,2017,6,10,4,3,5,3,1,1,0,0,0,0,0,4.87025E+20,5.88046E+21,8.80633E+15,5.30734E+16
138171,4.17062E+18,4,0,11,0,2017,6,19,4,3,0,7,0,0,1,0,1,0,0,4.86139E+20,5.88375E+21,8.79296E+15,5.3103E+16
138172,4.17062E+18,4,0,11,0,2017,6,15,4,3,5,2,1,1,0,0,0,0,0,4.8592E+20,5.88025E+21,8.78986E+15,5.30715E+16
138173,4.17062E+18,4,0,11,0,2017,6,8,4,2,5,2,1,0,0,0,1,0,0,4.89352E+20,5.88181E+21,8.84102E+15,5.30856E+16
138174,4.1708E+18,4,0,12,0,2017,8,12,3,3,3,6,1,1,0,0,0,0,0,4.73384E+20,5.93724E+21,8.59796E+15,5.35833E+16
138175,4.17062E+18,4,0,11,0,2017,6,17,4,3,0,7,1,1,0,0,0,0,0,4.87388E+20,5.88247E+21,8.81168E+15,5.30916E+16
138176,4.17062E+18,4,0,12,0,2017,6,2,3,3,9,1,0,1,0,0,0,2,0,4.73578E+20,5.93009E+21,8.60149E+15,5.35191E+16
138177,4.1708E+18,4,0,12,0,2017,8,12,3,3,5,2,1,1,0,0,0,0,0,4.73349E+20,5.93169E+21,8.59791E+15,5.35334E+16
138178,4.17062E+18,4,0,11,0,2017,6,14,3,3,2,6,0,1,0,0,0,0,0,4.90184E+20,5.8795E+21,8.85352E+15,5.30649E+16
138179,4.17062E+18,4,0,11,0,2017,6,11,3,3,5,7,1,1,0,0,0,0,0,4.90512E+20,5.88372E+21,8.85828E+15,5.31029E+16
138180,4.17062E+18,4,0,11,0,2017,6,11,3,3,5,2,1,1,0,0,0,0,0,4.90224E+20,5.87992E+21,8.85409E+15,5.30687E+16
138181,4.17062E+18,4,0,11,0,2017,6,16,3,3,5,3,1,1,0,0,0,0,0,4.84068E+20,5.88586E+21,8.76193E+15,5.31219E+16
138182,4.17062E+18,4,0,11,0,2017,6,9,3,3,2,6,0,1,0,0,0,0,0,4.85415E+20,5.87974E+21,8.78233E+15,5.30669E+16
138183,4.17062E+18,4,0,11,0,2017,6,12,3,3,1,5,0,1,0,0,0,0,0,4.89987E+20,5.8802E+21,8.85056E+15,5.30712E+16
138184,4.17062E+18,4,0,11,0,2017,6,11,3,3,1,5,1,1,0,0,0,0,0,4.87075E+20,5.87948E+21,8.80711E+15,5.30647E+16
138185,4.17062E+18,4,0,11,0,2017,6,8,3,3,6,4,0,1,1,0,0,0,0,4.89693E+20,5.87967E+21,8.84618E+15,5.30664E+16
138186,4.17062E+18,4,0,11,0,2017,6,17,3,2,6,4,1,0,1,0,0,0,0,4.86099E+20,5.88334E+21,8.79239E+15,5.30993E+16
138187,4.17062E+18,4,0,11,0,2017,6,18,3,2,5,3,1,1,0,0,0,0,0,4.90275E+20,5.88079E+21,8.85483E+15,5.30765E+16
138188,4.17062E+18,4,0,12,0,2017,6,19,2,3,0,7,1,0,0,0,0,0,0,4.73246E+20,5.93106E+21,8.5964E+15,5.35278E+16
138189,4.17062E+18,4,0,12,0,2017,6,10,2,2,2,6,0,1,0,0,1,0,0,4.73081E+20,5.92946E+21,8.59405E+15,5.35133E+16
138190,4.17062E+18,4,0,12,0,2017,6,19,2,2,6,4,0,1,1,0,0,0,0,4.73531E+20,5.931E+21,8.60071E+15,5.35272E+16
138191,4.17062E+18,4,0,12,0,2017,6,13,2,3,5,3,0,1,0,0,1,0,0,4.75637E+20,5.93138E+21,8.63244E+15,5.35308E+16
138192,4.17062E+18,4,0,12,0,2017,6,15,2,2,6,2,0,1,1,0,0,0,0,4.72237E+20,5.93369E+21,8.58095E+15,5.35514E+16
138193,4.17062E+18,4,0,11,0,2017,6,10,2,3,5,3,1,1,0,0,0,0,0,4.92283E+20,5.87842E+21,8.88486E+15,5.30552E+16
138194,4.17062E+18,4,0,11,0,2017,6,15,2,3,5,7,0,0,0,1,1,0,0,4.88494E+20,5.88149E+21,8.82822E+15,5.30827E+16
138195,4.17062E+18,4,0,11,0,2017,6,10,2,3,1,5,0,1,0,0,1,0,0,4.92642E+20,5.8791E+21,8.8902E+15,5.30614E+16
138196,4.17062E+18,4,0,11,0,2017,6,19,2,3,5,2,1,1,0,0,0,0,0,4.81677E+20,5.87732E+21,8.72669E+15,5.30451E+16
138197,4.17062E+18,4,0,12,0,2017,6,12,1,3,3,2,1,0,0,1,0,0,0,4.73781E+20,5.93735E+21,8.60394E+15,5.35843E+16
138198,4.17062E+18,4,0,12,0,2017,6,21,1,3,5,2,1,1,0,0,0,0,0,4.72949E+20,5.93703E+21,8.59141E+15,5.35814E+16
138199,4.17062E+18,4,0,11,0,2017,6,14,1,3,0,1,1,0,0,0,0,0,0,4.87717E+20,5.88009E+21,8.81667E+15,5.30701E+16
138200,4.17062E+18,4,0,11,0,2017,6,16,1,3,0,7,1,0,0,0,0,0,0,4.84848E+20,5.88312E+21,8.77372E+15,5.30973E+16
138201,4.17062E+18,4,0,11,0,2017,6,15,1,3,1,5,1,1,0,0,0,0,0,4.87246E+20,5.88111E+21,8.80961E+15,5.30793E+16
138202,4.17062E+18,4,0,11,0,2017,6,13,1,3,2,6,0,1,0,0,0,0,0,4.97537E+20,5.87866E+21,8.96325E+15,5.30575E+16
138203,4.17062E+18,4,0,12,0,2017,6,0,7,2,9,1,0,1,0,0,0,2,0,4.72525E+20,5.93438E+21,8.58524E+15,5.35576E+16
138204,4.1708E+18,4,0,12,0,2017,8,14,3,3,5,2,0,1,0,1,0,0,0,4.72678E+20,5.92918E+21,8.588E+15,5.35108E+16
138205,4.17062E+18,4,0,11,0,2017,6,9,7,3,4,3,1,1,0,0,0,0,0,4.86883E+20,5.88034E+21,8.80423E+15,5.30724E+16
138206,4.17062E+18,4,0,11,0,2017,6,17,7,3,1,1,0,1,0,1,0,0,0,4.8519E+20,5.88409E+21,8.77878E+15,5.31061E+16
138207,4.17062E+18,4,0,11,0,2017,6,20,7,2,6,7,0,1,1,0,0,0,0,4.84587E+20,5.88459E+21,8.76974E+15,5.31105E+16
138208,4.17062E+18,4,0,11,0,2017,6,16,7,3,2,7,1,1,0,0,0,0,0,4.85706E+20,5.88349E+21,8.78652E+15,5.31007E+16
138209,4.1708E+18,4,0,11,0,2017,8,9,3,3,3,6,0,1,0,1,0,0,0,4.8692E+20,5.88162E+21,8.80472E+15,5.30839E+16
138210,4.17062E+18,4,0,11,0,2017,6,18,7,3,1,5,1,1,0,0,0,0,0,4.88158E+20,5.88038E+21,8.82325E+15,5.30728E+16
138211,4.17062E+18,4,0,11,0,2017,6,14,7,2,6,4,0,1,1,0,0,0,0,4.89408E+20,5.88035E+21,8.8419E+15,5.30725E+16
138212,4.1708E+18,4,0,11,0,2017,8,18,3,3,0,1,1,0,0,0,0,0,1,4.94262E+20,5.88063E+21,8.91435E+15,5.30751E+16
138213,4.17062E+18,4,0,11,0,2017,6,12,7,3,2,6,0,1,0,0,0,0,0,4.92694E+20,5.88146E+21,8.89093E+15,5.30826E+16
138214,4.17062E+18,4,0,12,0,2017,6,12,6,3,5,3,1,1,0,0,0,0,0,4.7272E+20,5.93241E+21,8.58835E+15,5.35399E+16
138215,4.17062E+18,4,0,12,0,2017,6,11,6,3,5,3,1,0,0,0,1,0,0,4.72822E+20,5.9308E+21,8.59003E+15,5.35255E+16
138216,4.17062E+18,4,0,12,0,2017,6,13,6,3,6,7,0,0,1,1,0,0,0,4.71855E+20,5.93299E+21,8.57525E+15,5.35451E+16
138217,4.17062E+18,4,0,11,0,2017,6,16,6,3,0,7,1,0,0,0,0,0,0,4.87269E+20,5.88113E+21,8.80995E+15,5.30795E+16
138218,4.17062E+18,4,0,11,0,2017,6,11,6,3,2,6,0,1,0,0,1,0,0,4.86252E+20,5.88247E+21,8.79471E+15,5.30915E+16
138219,4.17062E+18,4,0,11,0,2017,6,15,6,3,2,6,0,1,0,0,0,0,1,4.90871E+20,5.87927E+21,8.86377E+15,5.30628E+16
138220,4.1708E+18,4,0,11,0,2017,8,15,3,3,3,6,0,0,0,1,1,0,0,4.90788E+20,5.88231E+21,8.86245E+15,5.30902E+16
138221,4.17062E+18,4,0,11,0,2017,6,8,6,2,5,3,1,1,0,0,0,0,0,4.87476E+20,5.88231E+21,8.81299E+15,5.30901E+16
138222,4.17062E+18,4,0,11,0,2017,6,7,6,3,1,6,0,1,0,0,0,0,0,4.92536E+20,5.87876E+21,8.88864E+15,5.30583E+16
138223,4.17062E+18,4,0,11,0,2017,6,16,6,3,8,1,0,1,0,0,0,0,0,4.82442E+20,5.88832E+21,8.7375E+15,5.3144E+16
138224,4.17062E+18,4,0,11,0,2017,6,12,6,3,2,5,1,1,0,0,0,0,0,4.88198E+20,5.88111E+21,8.82382E+15,5.30793E+16
138225,4.17062E+18,4,0,11,0,2017,6,12,6,3,1,5,0,0,0,1,1,0,0,4.75924E+20,5.89321E+21,8.63968E+15,5.31877E+16
138226,4.17062E+18,4,0,11,0,2017,6,4,6,3,5,3,0,1,0,0,0,1,1,4.88822E+20,5.88009E+21,8.83316E+15,5.30701E+16
138227,4.17062E+18,4,0,11,0,2017,6,16,6,3,5,3,0,1,0,0,0,0,0,4.86536E+20,5.87857E+21,8.79911E+15,5.30565E+16
138228,4.17062E+18,4,0,11,0,2017,6,10,6,3,5,3,0,1,0,0,0,0,0,4.95994E+20,5.87982E+21,8.94022E+15,5.30678E+16
138229,4.17062E+18,4,0,12,0,2017,6,15,5,3,5,3,1,1,0,0,0,0,0,4.73077E+20,5.93577E+21,8.59345E+15,5.35701E+16
138230,4.17062E+18,4,0,12,0,2017,6,7,5,3,3,2,1,1,0,0,0,0,0,4.73061E+20,5.93616E+21,8.59317E+15,5.35736E+16
138231,4.17062E+18,4,0,12,0,2017,6,15,5,3,4,6,1,0,0,0,0,0,0,4.73515E+20,5.93613E+21,8.60003E+15,5.35734E+16
138232,4.17062E+18,4,0,12,0,2017,6,8,5,3,8,1,0,1,0,0,0,0,0,4.73624E+20,5.92656E+21,8.60248E+15,5.34873E+16
138233,4.17062E+18,4,0,11,0,2017,6,19,5,3,5,2,1,1,0,0,0,0,1,4.88864E+20,5.88139E+21,8.83375E+15,5.30819E+16
138234,4.17062E+18,4,0,11,0,2017,6,13,5,3,5,3,0,1,0,0,0,0,0,4.91833E+20,5.87663E+21,8.8782E+15,5.30391E+16
138235,4.17062E+18,4,0,11,0,2017,6,13,5,3,3,6,0,1,0,0,0,0,0,4.86324E+20,5.88164E+21,8.79581E+15,5.3084E+16
138236,4.17062E+18,4,0,11,0,2017,6,12,5,3,5,3,1,1,0,0,0,0,0,4.92763E+20,5.88487E+21,8.89189E+15,5.31132E+16
138237,4.17062E+18,4,0,11,0,2017,6,8,5,3,5,2,0,1,0,0,1,0,0,4.71142E+20,5.89255E+21,8.56817E+15,5.31815E+16
138238,4.17062E+18,4,0,11,0,2017,6,19,5,3,6,7,0,1,1,0,0,0,1,4.91266E+20,5.87952E+21,8.86967E+15,5.30651E+16
138239,4.1708E+18,4,0,11,0,2017,8,17,3,3,5,3,1,1,0,0,0,0,0,4.81907E+20,5.87853E+21,8.73005E+15,5.3056E+16
138240,4.1708E+18,4,0,11,0,2017,8,14,3,3,5,3,1,1,0,0,0,0,0,4.85609E+20,5.88367E+21,8.78506E+15,5.31023E+16
138241,4.17061E+18,4,0,12,0,2017,6,18,4,3,5,3,1,1,0,0,0,0,0,4.73573E+20,5.92864E+21,8.60154E+15,5.35061E+16
138242,4.17061E+18,4,0,12,0,2017,6,13,4,3,5,3,0,1,0,0,0,0,0,4.7153E+20,5.93374E+21,8.57028E+15,5.35518E+16
138243,4.1708E+18,4,0,11,0,2017,8,16,3,3,3,6,0,1,0,0,1,0,1,4.85964E+20,5.87945E+21,8.79054E+15,5.30644E+16
138244,4.17061E+18,4,0,12,0,2017,6,13,4,3,5,2,0,1,0,0,0,0,0,4.73389E+20,5.93744E+21,8.59801E+15,5.35851E+16
138245,4.1708E+18,4,0,11,0,2017,8,10,3,3,5,3,0,1,0,0,0,0,0,4.87194E+20,5.88153E+21,8.80881E+15,5.30831E+16
138246,4.17061E+18,4,0,11,0,2017,6,8,4,3,1,5,1,1,0,0,0,0,0,4.95232E+20,5.87907E+21,8.92885E+15,5.30611E+16
138247,4.17061E+18,4,0,11,0,2017,6,19,4,3,5,3,1,1,0,0,0,0,0,4.75065E+20,5.89122E+21,8.62699E+15,5.31697E+16
138248,4.1708E+18,4,0,11,0,2017,8,16,3,3,5,3,1,1,0,0,0,0,0,4.92185E+20,5.8786E+21,8.8834E+15,5.30569E+16
138249,4.17061E+18,4,0,11,0,2017,6,9,4,3,5,3,1,1,0,0,0,0,0,4.93108E+20,5.88545E+21,8.89702E+15,5.31184E+16
138250,4.17061E+18,4,0,11,0,2017,6,11,4,3,5,3,1,1,0,0,0,0,0,4.87921E+20,5.88036E+21,8.81971E+15,5.30726E+16
138251,4.17061E+18,4,0,11,0,2017,6,14,4,2,0,7,0,0,0,0,1,0,0,4.85631E+20,5.88364E+21,8.78539E+15,5.3102E+16
138252,4.17061E+18,4,0,11,0,2017,6,3,4,2,9,1,0,1,0,0,0,2,0,4.82244E+20,5.8772E+21,8.73515E+15,5.3044E+16
138253,4.17061E+18,4,0,11,0,2017,6,17,4,3,4,6,0,1,0,0,1,0,0,4.82158E+20,5.87711E+21,8.73388E+15,5.30432E+16
138254,4.17061E+18,4,0,11,0,2017,6,8,4,3,5,3,0,1,0,0,1,0,0,4.93428E+20,5.87889E+21,8.90194E+15,5.30595E+16
138255,4.17061E+18,4,0,11,0,2017,6,12,4,3,2,6,0,1,0,0,1,0,0,4.85694E+20,5.88061E+21,8.78646E+15,5.30748E+16
138256,4.17061E+18,4,0,11,0,2017,6,18,4,3,0,7,0,0,0,1,1,0,0,4.89667E+20,5.87968E+21,8.84579E+15,5.30665E+16
138257,4.17061E+18,4,0,11,0,2017,6,16,4,3,3,6,1,1,0,0,0,0,0,4.87395E+20,5.88325E+21,8.81174E+15,5.30985E+16
138258,4.17061E+18,4,0,11,0,2017,6,7,4,3,0,7,1,0,0,0,0,0,0,4.89547E+20,5.87994E+21,8.84399E+15,5.30688E+16
138259,4.17061E+18,4,0,12,0,2017,6,19,3,2,0,7,0,0,0,1,0,0,0,4.73695E+20,5.92799E+21,8.60343E+15,5.35002E+16
138260,4.17061E+18,4,0,12,0,2017,6,15,3,3,5,6,0,1,0,0,0,0,0,4.7438E+20,5.93122E+21,8.6135E+15,5.35293E+16
138261,4.17061E+18,4,0,11,0,2017,6,11,3,3,2,6,0,1,0,1,0,0,0,4.88134E+20,5.88103E+21,8.82287E+15,5.30786E+16
138262,4.17073E+18,4,0,12,0,2017,7,16,2,2,2,6,0,1,0,0,0,0,0,4.73338E+20,5.93798E+21,8.5972E+15,5.359E+16
138263,4.17073E+18,4,0,12,0,2017,7,13,2,3,5,3,1,1,0,0,0,0,0,4.72924E+20,5.93275E+21,8.5914E+15,5.3543E+16
138264,4.17073E+18,4,0,11,0,2017,7,21,2,3,1,7,1,1,0,0,0,2,0,4.89513E+20,5.8825E+21,8.8434E+15,5.30919E+16
138265,4.17091E+18,4,0,11,0,2017,9,16,5,3,6,4,0,0,1,0,1,0,1,4.8262E+20,5.87759E+21,8.74073E+15,5.30475E+16
138266,4.17091E+18,4,0,11,0,2017,9,16,5,3,5,3,1,1,0,0,0,0,1,4.90027E+20,5.88176E+21,8.8511E+15,5.30852E+16
138267,4.17091E+18,4,0,11,0,2017,9,11,5,3,5,2,1,1,0,0,0,0,0,4.90392E+20,5.88022E+21,8.85659E+15,5.30714E+16
138268,4.17091E+18,4,0,11,0,2017,9,15,5,2,0,7,1,0,0,0,0,0,1,4.88052E+20,5.88038E+21,8.82166E+15,5.30728E+16
138269,4.17091E+18,4,0,11,0,2017,9,13,5,3,5,2,1,1,0,0,0,0,1,4.84173E+20,5.88442E+21,8.76356E+15,5.3109E+16
138270,4.17091E+18,4,0,11,0,2017,9,15,5,3,5,3,1,1,0,0,0,0,1,4.91837E+20,5.88111E+21,8.87814E+15,5.30794E+16
138271,4.17091E+18,4,0,12,0,2017,9,7,4,3,3,6,0,1,0,1,0,0,1,4.73187E+20,5.93276E+21,8.59537E+15,5.35431E+16
138272,4.17081E+18,4,0,11,0,2017,8,8,5,3,2,6,0,1,0,0,0,0,0,4.91953E+20,5.8848E+21,8.87977E+15,5.31126E+16
138273,4.17091E+18,4,0,11,0,2017,9,5,4,3,5,2,1,1,0,0,0,2,1,4.94371E+20,5.88019E+21,8.91599E+15,5.30712E+16
138274,4.17081E+18,4,0,11,0,2017,8,8,5,3,1,5,0,1,0,1,0,0,0,4.83904E+20,5.88564E+21,8.7595E+15,5.31199E+16
138275,4.17091E+18,4,0,11,0,2017,9,12,4,3,6,4,0,0,1,0,1,0,1,4.7563E+20,5.89133E+21,8.63542E+15,5.31708E+16
138276,4.17081E+18,4,0,12,0,2017,8,9,4,3,5,3,1,1,0,0,0,0,0,4.72925E+20,5.93277E+21,8.59141E+15,5.35431E+16
138277,4.17091E+18,4,0,11,0,2017,9,14,4,3,2,6,0,1,0,1,0,0,0,4.85215E+20,5.87993E+21,8.77933E+15,5.30687E+16
138278,4.17091E+18,4,0,11,0,2017,9,13,4,3,2,6,0,1,0,0,0,0,1,4.82759E+20,5.88682E+21,8.74231E+15,5.31305E+16
138279,4.17081E+18,4,0,11,0,2017,8,9,4,3,5,3,0,1,0,0,0,0,0,4.69511E+20,5.89375E+21,8.54365E+15,5.31922E+16
138280,4.17091E+18,4,0,11,0,2017,9,18,4,3,5,3,1,1,0,0,0,1,1,4.84187E+20,5.88412E+21,8.76379E+15,5.31063E+16
138281,4.17091E+18,4,0,11,0,2017,9,6,4,2,5,3,1,1,0,0,0,1,1,4.87432E+20,5.88128E+21,8.81238E+15,5.30809E+16
138282,4.17081E+18,4,0,11,0,2017,8,13,4,3,5,3,1,1,0,0,0,0,0,4.87683E+20,5.88119E+21,8.81612E+15,5.308E+16
138283,4.17091E+18,4,0,11,0,2017,9,14,4,3,6,4,0,1,1,0,0,0,1,4.97589E+20,5.87914E+21,8.96403E+15,5.30618E+16
138284,4.17091E+18,4,0,11,0,2017,9,17,4,2,5,3,1,1,0,0,0,0,1,4.91837E+20,5.88111E+21,8.87814E+15,5.30794E+16
138285,4.17091E+18,4,0,12,0,2017,9,5,3,3,1,5,1,0,0,0,1,2,0,4.73923E+20,5.93788E+21,8.60605E+15,5.35891E+16
138286,4.17091E+18,4,0,11,0,2017,9,14,3,3,2,6,0,1,0,0,0,0,0,4.87394E+20,5.8757E+21,8.81203E+15,5.30307E+16
138287,4.17091E+18,4,0,11,0,2017,9,6,3,3,1,5,1,1,0,0,0,0,0,4.8927E+20,5.87589E+21,8.83999E+15,5.30324E+16
138288,4.17091E+18,4,0,11,0,2017,9,11,3,3,5,3,1,0,0,1,0,0,0,4.82468E+20,5.87756E+21,8.73847E+15,5.30473E+16
138289,4.17091E+18,4,0,11,0,2017,9,17,3,3,2,6,0,1,0,0,0,0,1,4.86123E+20,5.88047E+21,8.79287E+15,5.30736E+16
138290,4.17091E+18,4,0,11,0,2017,9,8,3,3,5,2,1,1,0,0,0,0,1,4.95154E+20,5.88036E+21,8.92766E+15,5.30727E+16
138291,4.17091E+18,4,0,11,0,2017,9,14,3,3,1,6,0,1,0,0,0,0,0,4.96768E+20,5.87871E+21,8.95177E+15,5.30579E+16
138292,4.17091E+18,4,0,11,0,2017,9,15,3,3,0,1,1,0,0,0,0,0,0,4.85729E+20,5.87855E+21,8.78708E+15,5.30563E+16
138293,4.17091E+18,4,0,12,0,2017,9,16,2,2,3,6,0,1,0,1,0,0,0,4.731E+20,5.93543E+21,8.59383E+15,5.3567E+16
138294,4.17091E+18,4,0,11,0,2017,9,15,2,3,5,7,0,1,0,0,1,0,0,4.91781E+20,5.87803E+21,8.87738E+15,5.30517E+16
138295,4.17091E+18,4,0,11,0,2017,9,13,2,3,0,1,1,0,0,0,0,0,0,4.88426E+20,5.88037E+21,8.82725E+15,5.30727E+16
138296,4.17091E+18,4,0,11,0,2017,9,13,2,3,5,3,1,1,0,0,0,0,0,4.88318E+20,5.87626E+21,8.82578E+15,5.30357E+16
138297,4.17091E+18,4,0,11,0,2017,9,15,2,2,2,6,0,1,0,0,1,0,0,4.8431E+20,5.87905E+21,8.76588E+15,5.30607E+16
138298,4.17091E+18,4,0,11,0,2017,9,15,2,3,6,4,0,0,1,0,1,0,0,4.7963E+20,5.89109E+21,8.69528E+15,5.31688E+16
138299,4.17091E+18,4,0,11,0,2017,9,17,2,3,5,3,0,1,0,0,0,0,0,4.83773E+20,5.87881E+21,8.75788E+15,5.30585E+16
138300,4.17091E+18,4,0,12,0,2017,9,14,1,3,0,1,1,0,0,0,0,0,0,4.70276E+20,5.93687E+21,8.55104E+15,5.35799E+16
138301,4.17091E+18,4,0,11,0,2017,9,0,1,3,1,7,1,1,0,0,0,2,0,4.85896E+20,5.88022E+21,8.78949E+15,5.30712E+16
138302,4.17091E+18,4,0,12,0,2017,9,10,7,3,5,3,0,1,0,0,1,0,1,4.73597E+20,5.9271E+21,8.60203E+15,5.34922E+16
138303,4.17091E+18,4,0,11,0,2017,9,19,7,3,1,7,1,1,0,0,0,1,1,4.77107E+20,5.89165E+21,8.6575E+15,5.31737E+16