OBJECTID,UIDENTSTLA,ULAND,UREGBEZ,UKREIS,UGEMEINDE,UJAHR,UMONAT,USTUNDE,UWOCHENTAG,UKATEGORIE,UART,UTYP1,IstRad,IstPKW,IstFuss,IstKrad,IstSonstig,LICHT,STRZUSTAND,LINREFX,LINREFY,XGCSWGS84,YGCSWGS84
138652,4.17081E+18,4,0,12,0,2017,8,22,7,3,5,2,0,1,0,0,0,2,0,4.74718E+20,5.93114E+21,8.6186E+15,5.35286E+16
138653,4.17081E+18,4,0,12,0,2017,8,14,7,3,1,5,1,1,0,0,0,0,1,4.7403E+20,5.93084E+21,8.60824E+15,5.35258E+16
138654,4.17081E+18,4,0,12,0,2017,8,12,7,2,5,3,0,1,0,0,0,0,1,4.72133E+20,5.93028E+21,8.57968E+15,5.35207E+16
138655,4.17081E+18,4,0,12,0,2017,8,12,7,3,5,2,0,1,0,0,1,0,1,4.72941E+20,5.93237E+21,8.59169E+15,5.35396E+16
138656,4.17081E+18,4,0,11,0,2017,8,16,7,3,5,2,1,0,0,0,1,0,0,4.7137E+20,5.89361E+21,8.57149E+15,5.31911E+16
138657,4.17081E+18,4,0,11,0,2017,8,18,7,3,5,2,0,1,0,0,0,0,1,4.8746E+20,5.88045E+21,8.81282E+15,5.30733E+16
138658,4.17081E+18,4,0,11,0,2017,8,15,7,3,2,6,0,1,0,0,0,0,1,4.86329E+20,5.88328E+21,8.79583E+15,5.30988E+16
138659,4.17081E+18,4,0,11,0,2017,8,13,7,3,2,6,0,1,0,0,0,0,1,4.8345E+20,5.88518E+21,8.75273E+15,5.31158E+16
138660,4.17081E+18,4,0,11,0,2017,8,13,7,3,0,7,1,0,0,0,1,0,1,4.87426E+20,5.88022E+21,8.81233E+15,5.30713E+16
138661,4.17081E+18,4,0,11,0,2017,8,8,7,3,6,6,0,1,1,0,0,0,1,4.95531E+20,5.87969E+21,8.9333E+15,5.30667E+16
138662,4.17081E+18,4,0,11,0,2017,8,14,7,3,5,3,1,1,0,0,0,0,0,4.86877E+20,5.88037E+21,8.80413E+15,5.30726E+16
138663,4.17081E+18,4,0,11,0,2017,8,7,7,3,4,6,0,1,0,0,1,0,1,4.96316E+20,5.88098E+21,8.945E+15,5.30782E+16
138664,4.17081E+18,4,0,12,0,2017,8,11,6,3,8,1,0,0,1,0,1,0,0,4.73041E+20,5.93442E+21,8.59301E+15,5.35579E+16
138665,4.17081E+18,4,0,12,0,2017,8,15,6,3,0,7,1,0,0,0,1,0,1,4.74195E+20,5.92838E+21,8.61094E+15,5.35037E+16
138666,4.17081E+18,4,0,12,0,2017,8,10,6,3,5,3,1,1,0,0,0,0,1,4.73927E+20,5.93837E+21,8.60607E+15,5.35936E+16
138667,4.1708E+18,4,0,11,0,2017,8,8,5,3,5,3,1,1,0,0,0,0,0,4.86818E+20,5.88032E+21,8.80325E+15,5.30722E+16
138668,4.1708E+18,4,0,11,0,2017,8,9,5,3,1,6,0,1,0,0,0,0,1,4.86005E+20,5.88248E+21,8.79103E+15,5.30916E+16
138669,4.17081E+18,4,0,11,0,2017,8,10,6,3,6,4,0,1,1,0,0,0,1,4.87504E+20,5.88346E+21,8.81336E+15,5.31005E+16
138670,4.17091E+18,4,0,12,0,2017,9,17,5,2,5,3,1,1,0,0,0,0,0,4.73641E+20,5.93815E+21,8.60177E+15,5.35916E+16
138671,4.17081E+18,4,0,11,0,2017,8,7,6,3,5,3,0,1,0,0,0,0,1,4.88837E+20,5.88089E+21,8.83337E+15,5.30774E+16
138672,4.1708E+18,4,0,11,0,2017,8,7,5,2,0,1,0,0,0,1,0,0,1,4.8592E+20,5.88024E+21,8.78985E+15,5.30715E+16
138673,4.17081E+18,4,0,11,0,2017,8,4,6,3,0,7,0,1,1,0,0,2,0,4.84309E+20,5.87918E+21,8.76586E+15,5.30619E+16
138674,4.1708E+18,4,0,11,0,2017,8,15,5,3,1,6,0,1,0,0,1,0,0,4.93236E+20,5.88652E+21,8.89891E+15,5.3128E+16
138675,4.17081E+18,4,0,11,0,2017,8,18,6,3,5,3,1,1,0,0,0,0,0,4.88746E+20,5.88091E+21,8.832E+15,5.30775E+16
138676,4.17081E+18,4,0,11,0,2017,8,3,6,3,1,7,0,1,1,0,0,2,0,4.84355E+20,5.87916E+21,8.76655E+15,5.30617E+16
138677,4.1708E+18,4,0,11,0,2017,8,13,5,3,1,6,0,1,0,0,0,0,0,4.87752E+20,5.88105E+21,8.81715E+15,5.30787E+16
138678,4.17081E+18,4,0,11,0,2017,8,13,6,3,0,1,1,0,0,0,0,0,1,4.8702E+20,5.88115E+21,8.80623E+15,5.30796E+16
138679,4.17081E+18,4,0,11,0,2017,8,18,6,3,3,7,0,1,0,0,1,0,1,4.8699E+20,5.88134E+21,8.80578E+15,5.30814E+16
138680,4.17081E+18,4,0,11,0,2017,8,12,6,3,5,3,0,1,0,0,1,0,1,4.92483E+20,5.87613E+21,8.8879E+15,5.30346E+16
138681,4.17081E+18,4,0,11,0,2017,8,11,6,3,5,3,0,1,0,0,0,0,1,4.72189E+20,5.89256E+21,8.58385E+15,5.31817E+16
138682,4.17081E+18,4,0,12,0,2017,8,19,5,3,1,6,0,1,0,0,0,0,0,4.7281E+20,5.93105E+21,8.58983E+15,5.35277E+16
138683,4.17081E+18,4,0,11,0,2017,8,18,5,2,0,7,0,0,0,0,1,0,0,4.71443E+20,5.89436E+21,8.57252E+15,5.31978E+16
138684,4.17081E+18,4,0,11,0,2017,8,8,5,3,1,7,1,1,0,0,0,0,0,4.92404E+20,5.88569E+21,8.8865E+15,5.31206E+16
138685,4.17081E+18,4,0,11,0,2017,8,17,5,3,6,4,1,0,1,0,0,0,0,4.86422E+20,5.8819E+21,8.79727E+15,5.30864E+16
138686,4.17081E+18,4,0,11,0,2017,8,9,5,3,2,6,0,1,0,0,1,0,0,4.86966E+20,5.88446E+21,8.80529E+15,5.31094E+16
138687,4.17081E+18,4,0,11,0,2017,8,19,5,3,3,6,0,1,0,0,0,0,0,4.91793E+20,5.87958E+21,8.87752E+15,5.30656E+16
138688,4.17081E+18,4,0,11,0,2017,8,16,5,3,6,7,1,0,1,0,0,0,0,4.88745E+20,5.87992E+21,8.83203E+15,5.30686E+16
138689,4.17081E+18,4,0,11,0,2017,8,8,5,3,0,7,1,1,0,0,0,0,0,4.93502E+20,5.8828E+21,8.90296E+15,5.30946E+16
138690,4.17081E+18,4,0,11,0,2017,8,8,5,3,5,2,1,1,0,0,0,0,0,4.75668E+20,5.89139E+21,8.63599E+15,5.31713E+16
138691,4.17091E+18,4,0,11,0,2017,9,13,5,2,4,6,0,1,0,0,0,0,0,4.73346E+20,5.89289E+21,8.60112E+15,5.31847E+16
138692,4.1708E+18,4,0,12,0,2017,8,15,4,3,1,6,0,1,0,0,0,0,0,4.73287E+20,5.93212E+21,8.59693E+15,5.35373E+16
138693,4.1708E+18,4,0,11,0,2017,8,12,4,2,1,5,1,1,0,0,0,0,0,4.85744E+20,5.88008E+21,8.78722E+15,5.307E+16
138694,4.1711E+18,4,0,12,0,2017,11,19,7,3,6,7,0,1,1,0,0,2,1,4.71843E+20,5.93472E+21,8.57491E+15,5.35606E+16
138695,4.1711E+18,4,0,11,0,2017,11,23,7,3,2,6,0,1,0,0,0,2,1,4.81083E+20,5.89201E+21,8.71696E+15,5.31771E+16
138696,4.1711E+18,4,0,11,0,2017,11,17,7,3,5,2,0,1,0,0,1,1,0,4.85708E+20,5.88349E+21,8.78654E+15,5.31007E+16
138697,4.1711E+18,4,0,11,0,2017,11,13,7,3,0,1,1,0,0,0,0,0,1,4.74023E+20,5.89184E+21,8.61135E+15,5.31753E+16
138698,4.1711E+18,4,0,11,0,2017,11,14,7,3,5,3,0,1,0,0,0,0,0,4.8631E+20,5.87854E+21,8.79574E+15,5.30562E+16
138699,4.1711E+18,4,0,11,0,2017,11,10,7,3,5,2,1,1,0,0,0,0,0,4.86004E+20,5.88247E+21,8.791E+15,5.30915E+16
138700,4.1711E+18,4,0,11,0,2017,11,10,7,3,6,6,1,0,1,0,0,0,1,4.8313E+20,5.88628E+21,8.74789E+15,5.31257E+16
138701,4.17093E+18,4,0,11,0,2017,9,5,2,2,5,3,1,1,0,0,0,2,1,4.76587E+20,5.89168E+21,8.64971E+15,5.31739E+16
138702,4.1711E+18,4,0,11,0,2017,11,11,7,3,5,3,1,1,0,0,0,0,0,4.86578E+20,5.8784E+21,8.79974E+15,5.30549E+16
138703,4.17093E+18,4,0,11,0,2017,9,7,2,3,2,7,0,1,0,0,0,0,0,4.7457E+20,5.89281E+21,8.61945E+15,5.31841E+16
138704,4.1711E+18,4,0,11,0,2017,11,22,7,3,5,3,0,1,0,0,0,2,1,4.87743E+20,5.87818E+21,8.81713E+15,5.30529E+16
138705,4.17111E+18,4,0,11,0,2017,11,13,2,3,5,3,1,1,0,0,0,0,0,4.90509E+20,5.88399E+21,8.85823E+15,5.31053E+16
138706,4.17093E+18,4,0,11,0,2017,9,12,2,3,2,6,0,1,0,0,0,0,0,4.93519E+20,5.88337E+21,8.9032E+15,5.30998E+16
138707,4.1711E+18,4,0,11,0,2017,11,13,7,3,2,6,0,1,0,0,1,0,1,4.89691E+20,5.87967E+21,8.84615E+15,5.30664E+16
138708,4.1711E+18,4,0,12,0,2017,11,12,6,3,5,2,1,1,0,0,0,0,0,4.72492E+20,5.9343E+21,8.58475E+15,5.35569E+16
138709,4.17111E+18,4,0,11,0,2017,11,7,3,3,7,7,1,0,0,0,1,0,0,4.86013E+20,5.87959E+21,8.79126E+15,5.30656E+16
138710,4.17093E+18,4,0,11,0,2017,9,11,2,3,1,5,0,1,0,0,0,0,0,4.86981E+20,5.87896E+21,8.80574E+15,5.30599E+16
138711,4.1711E+18,4,0,11,0,2017,11,12,6,3,5,3,1,1,0,0,0,0,0,4.92578E+20,5.88455E+21,8.88912E+15,5.31103E+16
138712,4.1711E+18,4,0,11,0,2017,11,11,6,3,6,4,0,0,1,0,1,0,0,4.80088E+20,5.891E+21,8.70213E+15,5.3168E+16
138713,4.17111E+18,4,0,11,0,2017,11,18,4,3,5,3,1,1,0,0,0,2,1,4.8616E+20,5.88127E+21,8.79338E+15,5.30807E+16
138714,4.17093E+18,4,0,11,0,2017,9,8,2,3,5,2,0,1,0,0,0,0,0,4.70659E+20,5.89365E+21,8.56086E+15,5.31914E+16
138715,4.1711E+18,4,0,11,0,2017,11,10,6,3,3,6,0,1,0,0,1,0,0,4.87168E+20,5.88152E+21,8.80842E+15,5.3083E+16
138716,4.17111E+18,4,0,11,0,2017,11,16,5,3,6,4,0,1,1,0,0,0,0,4.95888E+20,5.88196E+21,8.9386E+15,5.30871E+16
138717,4.1711E+18,4,0,11,0,2017,11,7,6,3,0,7,1,0,0,0,0,1,1,4.94511E+20,5.8766E+21,8.91814E+15,5.30389E+16
138718,4.1711E+18,4,0,11,0,2017,11,7,6,3,1,5,1,1,0,0,0,0,1,4.9109E+20,5.88007E+21,8.86702E+15,5.307E+16
138719,4.1711E+18,4,0,12,0,2017,11,17,5,3,6,4,0,1,1,0,0,2,0,4.75456E+20,5.93133E+21,8.62972E+15,5.35303E+16
138720,4.1711E+18,4,0,12,0,2017,11,11,5,3,3,6,1,1,0,0,0,0,1,4.72569E+20,5.93456E+21,8.58588E+15,5.35592E+16
138721,4.1711E+18,4,0,12,0,2017,11,13,5,3,0,6,0,1,0,0,1,0,1,4.73295E+20,5.93206E+21,8.59706E+15,5.35368E+16
138722,4.1711E+18,4,0,11,0,2017,11,11,5,3,2,6,0,1,0,0,1,0,0,4.87368E+20,5.88122E+21,8.81142E+15,5.30803E+16
138723,4.1711E+18,4,0,11,0,2017,11,12,5,3,2,6,0,1,0,0,0,0,0,4.89297E+20,5.87979E+21,8.84027E+15,5.30675E+16
138724,4.1711E+18,4,0,11,0,2017,11,13,5,3,5,3,1,1,0,0,0,0,0,4.92223E+20,5.88108E+21,8.88391E+15,5.30791E+16
138725,4.1711E+18,4,0,11,0,2017,11,14,5,3,5,3,0,0,0,0,1,0,0,4.92465E+20,5.87587E+21,8.88764E+15,5.30323E+16
138726,4.1711E+18,4,0,11,0,2017,11,19,5,2,5,2,0,1,0,0,1,2,1,4.86401E+20,5.88079E+21,8.797E+15,5.30764E+16
138727,4.1711E+18,4,0,11,0,2017,11,9,5,3,5,2,1,0,0,0,1,0,1,4.88528E+20,5.88097E+21,8.82874E+15,5.30781E+16
138728,4.1711E+18,4,0,11,0,2017,11,8,5,3,5,3,1,1,0,0,0,0,1,4.89037E+20,5.88061E+21,8.83636E+15,5.30748E+16
138729,4.1711E+18,4,0,11,0,2017,11,13,5,3,5,3,1,1,0,0,0,0,0,4.86245E+20,5.88248E+21,8.79461E+15,5.30916E+16
138730,4.1711E+18,4,0,11,0,2017,11,18,5,3,2,6,0,1,0,0,0,1,0,4.92328E+20,5.87878E+21,8.88553E+15,5.30585E+16
138731,4.17111E+18,4,0,12,0,2017,11,12,6,3,2,6,0,1,0,0,0,0,1,4.73386E+20,5.93744E+21,8.59797E+15,5.35851E+16
138732,4.1711E+18,4,0,11,0,2017,11,15,5,3,0,7,1,1,0,0,0,0,0,4.84136E+20,5.88498E+21,8.76299E+15,5.3114E+16
138733,4.1711E+18,4,0,11,0,2017,11,19,5,3,6,7,0,0,1,0,1,2,0,4.93231E+20,5.87768E+21,8.89902E+15,5.30486E+16
138734,4.1711E+18,4,0,12,0,2017,11,12,4,3,3,6,0,0,0,0,1,0,1,4.72838E+20,5.93063E+21,8.59028E+15,5.35239E+16
138735,4.1711E+18,4,0,12,0,2017,11,19,4,3,6,4,0,1,1,0,0,2,1,4.74772E+20,5.93795E+21,8.61887E+15,5.35898E+16
138736,4.1711E+18,4,0,11,0,2017,11,13,4,3,5,3,1,1,0,0,0,0,1,4.75649E+20,5.89226E+21,8.63565E+15,5.31791E+16
138737,4.1711E+18,4,0,11,0,2017,11,15,4,3,2,6,0,1,0,0,0,0,0,4.85941E+20,5.88116E+21,8.79012E+15,5.30797E+16
138738,4.1711E+18,4,0,11,0,2017,11,9,4,3,2,7,1,1,0,0,0,0,1,4.87856E+20,5.8812E+21,8.81872E+15,5.30801E+16
138739,4.1711E+18,4,0,11,0,2017,11,18,4,3,5,2,0,1,0,1,0,2,1,4.70757E+20,5.89374E+21,8.56231E+15,5.31922E+16
138740,4.1711E+18,4,0,11,0,2017,11,19,4,3,5,3,1,1,0,0,0,2,1,4.87255E+20,5.87994E+21,8.80979E+15,5.30688E+16
138741,4.1711E+18,4,0,11,0,2017,11,13,4,3,5,2,1,0,0,0,1,0,1,4.88874E+20,5.88019E+21,8.83394E+15,5.30711E+16
138742,4.1711E+18,4,0,11,0,2017,11,12,4,3,2,6,0,1,0,0,0,0,1,4.86266E+20,5.88291E+21,8.79489E+15,5.30955E+16
138743,4.1711E+18,4,0,11,0,2017,11,15,4,3,2,6,0,1,0,0,1,0,1,4.90811E+20,5.88332E+21,8.86276E+15,5.30993E+16
138744,4.17093E+18,4,0,11,0,2017,9,7,2,3,5,2,1,1,0,0,0,1,1,4.89988E+20,5.88019E+21,8.85056E+15,5.30711E+16
138745,4.17092E+18,4,0,12,0,2017,9,13,1,3,5,2,1,1,0,0,0,0,0,4.74438E+20,5.9315E+21,8.61435E+15,5.35318E+16
138746,4.17092E+18,4,0,11,0,2017,9,20,1,3,5,2,1,1,0,0,0,2,1,4.8916E+20,5.88106E+21,8.83818E+15,5.30789E+16
138747,4.1711E+18,4,0,11,0,2017,11,5,4,3,9,7,0,1,0,0,0,2,1,4.88835E+20,5.88508E+21,8.83319E+15,5.31151E+16
138748,4.1711E+18,4,0,11,0,2017,11,8,4,3,6,1,0,0,1,1,0,0,1,4.79038E+20,5.89133E+21,8.68641E+15,5.31709E+16
138749,4.17111E+18,4,0,11,0,2017,11,20,2,3,3,2,0,1,0,0,0,2,0,4.85812E+20,5.88081E+21,8.78821E+15,5.30766E+16
138750,4.17092E+18,4,0,11,0,2017,9,17,1,3,1,5,0,1,0,0,0,0,0,4.74084E+20,5.89285E+21,8.61217E+15,5.31844E+16
138751,4.1711E+18,4,0,11,0,2017,11,7,4,3,0,7,1,1,0,0,0,1,1,4.91398E+20,5.8819E+21,8.87157E+15,5.30865E+16
138752,4.1711E+18,4,0,11,0,2017,11,7,4,3,5,3,1,0,0,0,0,1,1,4.8508E+20,5.88415E+21,8.77712E+15,5.31066E+16
138753,4.17111E+18,4,0,11,0,2017,11,5,3,3,6,4,0,1,1,0,0,2,1,4.89609E+20,5.87737E+21,8.845E+15,5.30458E+16
138754,4.17092E+18,4,0,11,0,2017,9,13,1,2,0,7,1,0,0,0,0,0,0,4.86542E+20,5.8824E+21,8.79905E+15,5.30909E+16
138755,4.1711E+18,4,0,11,0,2017,11,14,4,3,5,3,0,1,0,0,0,0,1,4.81485E+20,5.87715E+21,8.72383E+15,5.30435E+16
138756,4.17111E+18,4,0,12,0,2017,11,9,3,3,2,6,0,1,0,0,0,0,0,4.72708E+20,5.93191E+21,8.58821E+15,5.35354E+16
138757,4.17092E+18,4,0,11,0,2017,9,22,1,3,2,6,1,1,0,0,0,2,0,4.91388E+20,5.88081E+21,8.87144E+15,5.30767E+16
138758,4.1711E+18,4,0,11,0,2017,11,21,4,3,5,2,1,1,0,0,0,2,0,4.91656E+20,5.88141E+21,8.87543E+15,5.30821E+16
138759,4.17092E+18,4,0,11,0,2017,9,3,1,3,6,4,1,0,1,0,0,2,0,4.94587E+20,5.87653E+21,8.91927E+15,5.30382E+16
138760,4.1711E+18,4,0,11,0,2017,11,8,4,3,5,3,1,1,0,0,0,0,1,4.85712E+20,5.88057E+21,8.78672E+15,5.30744E+16
138761,4.1711E+18,4,0,11,0,2017,11,16,4,2,5,3,0,1,0,1,0,0,1,4.72386E+20,5.89266E+21,8.58679E+15,5.31825E+16
138762,4.17103E+18,4,0,12,0,2017,10,21,3,3,5,3,0,1,0,0,0,2,1,4.73339E+20,5.93799E+21,8.59721E+15,5.35901E+16
138763,4.17103E+18,4,0,11,0,2017,10,15,3,3,5,3,1,1,0,0,0,0,0,4.85126E+20,5.88287E+21,8.77788E+15,5.30951E+16
138764,4.17111E+18,4,0,11,0,2017,11,8,2,3,5,3,0,1,0,0,0,0,0,4.80221E+20,5.89156E+21,8.70409E+15,5.3173E+16
138765,4.17103E+18,4,0,11,0,2017,10,13,3,2,0,1,1,0,0,0,0,0,0,4.9213E+20,5.87935E+21,8.88256E+15,5.30636E+16
138766,4.17111E+18,4,0,11,0,2017,11,16,3,3,5,2,1,1,0,0,0,1,0,4.90251E+20,5.88014E+21,8.85449E+15,5.30707E+16
138767,4.17092E+18,4,0,12,0,2017,9,15,7,3,1,6,0,1,0,0,0,0,0,4.73047E+20,5.93426E+21,8.59312E+15,5.35566E+16
138768,4.17103E+18,4,0,11,0,2017,10,20,3,3,3,6,0,1,0,1,1,2,1,4.96197E+20,5.87968E+21,8.94324E+15,5.30666E+16
138769,4.17103E+18,4,0,12,0,2017,10,11,2,3,6,6,1,0,1,0,0,0,0,4.71879E+20,5.93323E+21,8.57559E+15,5.35472E+16
138770,4.17111E+18,4,0,12,0,2017,11,8,3,3,2,6,0,1,0,0,0,0,0,4.73353E+20,5.93592E+21,8.5976E+15,5.35715E+16
138771,4.17092E+18,4,0,11,0,2017,9,20,7,2,5,3,1,1,0,0,0,2,0,4.89145E+20,5.87983E+21,8.838E+15,5.30679E+16
138772,4.17103E+18,4,0,12,0,2017,10,17,2,3,6,7,0,1,1,0,0,2,1,4.73625E+20,5.93814E+21,8.60153E+15,5.35915E+16
138773,4.17103E+18,4,0,11,0,2017,10,14,2,3,8,7,0,1,0,0,0,0,0,4.81056E+20,5.87929E+21,8.71732E+15,5.30628E+16
138774,4.17111E+18,4,0,11,0,2017,11,18,5,3,5,2,1,1,0,0,0,2,0,4.87135E+20,5.87891E+21,8.80804E+15,5.30596E+16
138775,4.17092E+18,4,0,11,0,2017,9,13,7,3,5,3,0,1,0,0,0,0,0,4.92347E+20,5.87907E+21,8.88581E+15,5.30611E+16
138776,4.17103E+18,4,0,11,0,2017,10,18,2,3,2,2,0,1,0,0,0,2,1,4.88241E+20,5.88169E+21,8.82444E+15,5.30845E+16
138777,4.17103E+18,4,0,11,0,2017,10,12,2,3,5,2,1,1,0,0,0,0,0,4.86819E+20,5.88171E+21,8.8032E+15,5.30847E+16
138778,4.17111E+18,4,0,11,0,2017,11,22,6,3,5,3,1,1,0,0,0,2,1,4.97426E+20,5.87971E+21,8.96159E+15,5.30668E+16
138779,4.17103E+18,4,0,11,0,2017,10,10,2,3,3,6,1,0,0,0,0,0,0,4.91349E+20,5.88323E+21,8.8708E+15,5.30985E+16
138780,4.17103E+18,4,0,11,0,2017,10,5,2,3,2,6,0,1,0,0,0,2,0,4.86549E+20,5.88404E+21,8.79907E+15,5.31056E+16
138781,4.17103E+18,4,0,11,0,2017,10,17,2,3,2,6,0,1,0,0,0,1,1,4.89293E+20,5.87979E+21,8.84021E+15,5.30675E+16
138782,4.17103E+18,4,0,11,0,2017,10,14,2,3,5,3,1,1,0,0,0,0,1,4.94635E+20,5.88044E+21,8.91992E+15,5.30734E+16
138783,4.17103E+18,4,0,11,0,2017,10,13,2,3,3,6,1,0,0,0,0,0,1,4.93018E+20,5.88308E+21,8.89572E+15,5.30971E+16
138784,4.17103E+18,4,0,11,0,2017,10,13,2,3,2,7,0,1,0,0,0,0,1,4.93097E+20,5.88543E+21,8.89686E+15,5.31182E+16
138785,4.17103E+18,4,0,11,0,2017,10,14,2,3,2,6,0,1,0,0,1,0,1,4.94245E+20,5.8789E+21,8.91413E+15,5.30596E+16
138786,4.17103E+18,4,0,11,0,2017,10,3,1,3,2,6,0,1,0,0,0,2,1,4.82064E+20,5.87879E+21,8.73238E+15,5.30583E+16
138787,4.17103E+18,4,0,11,0,2017,10,11,1,2,6,7,1,0,1,0,0,0,1,4.87734E+20,5.87963E+21,8.81695E+15,5.3066E+16
138788,4.17103E+18,4,0,11,0,2017,10,17,1,2,0,1,1,0,0,0,0,2,1,4.90577E+20,5.87749E+21,8.85943E+15,5.30468E+16
138789,4.17103E+18,4,0,12,0,2017,10,12,7,3,2,6,0,1,0,0,0,0,1,4.72978E+20,5.92976E+21,8.59247E+15,5.35161E+16
138790,4.17103E+18,4,0,12,0,2017,10,23,7,3,2,6,0,1,0,0,0,2,1,4.73101E+20,5.93362E+21,8.59399E+15,5.35508E+16
138791,4.17103E+18,4,0,11,0,2017,10,23,7,2,6,4,0,1,1,0,0,2,1,4.87382E+20,5.88137E+21,8.81163E+15,5.30817E+16
138792,4.17103E+18,4,0,11,0,2017,10,17,7,3,5,2,1,1,0,0,0,1,1,4.86399E+20,5.88282E+21,8.79689E+15,5.30947E+16
138793,4.17092E+18,4,0,11,0,2017,9,9,7,2,0,1,1,0,0,0,0,0,0,4.91773E+20,5.8806E+21,8.8772E+15,5.30748E+16
138794,4.17092E+18,4,0,11,0,2017,9,18,6,3,2,6,0,1,0,0,0,0,0,4.89087E+20,5.87649E+21,8.83725E+15,5.30378E+16
138795,4.17092E+18,4,0,11,0,2017,9,18,6,3,6,4,0,1,1,0,0,0,0,4.83438E+20,5.88478E+21,8.75257E+15,5.31122E+16
138796,4.17103E+18,4,0,11,0,2017,10,21,7,3,5,7,0,1,0,0,0,2,1,4.83109E+20,5.88632E+21,8.74758E+15,5.3126E+16
138797,4.17111E+18,4,0,11,0,2017,11,22,1,3,6,4,0,1,1,0,0,2,0,4.97199E+20,5.87746E+21,8.95822E+15,5.30467E+16
138798,4.17111E+18,4,0,11,0,2017,11,12,1,3,5,3,0,1,0,0,0,0,0,4.95506E+20,5.87882E+21,8.93294E+15,5.30589E+16
138799,4.17111E+18,4,0,11,0,2017,11,19,2,3,3,2,0,1,0,0,1,2,0,4.86408E+20,5.88078E+21,8.79712E+15,5.30763E+16
138800,4.17092E+18,4,0,11,0,2017,9,13,6,3,6,1,0,1,1,0,0,0,0,4.84672E+20,5.88502E+21,8.77099E+15,5.31144E+16
138801,4.17103E+18,4,0,11,0,2017,10,12,7,3,5,3,0,1,0,0,1,0,0,4.92772E+20,5.87839E+21,8.89216E+15,5.3055E+16
138802,4.17103E+18,4,0,12,0,2017,10,16,6,3,5,3,1,1,0,0,0,0,1,4.74201E+20,5.93046E+21,8.61087E+15,5.35224E+16
138803,4.17111E+18,4,0,11,0,2017,11,6,3,3,5,3,0,1,0,0,0,2,1,4.70756E+20,5.89374E+21,8.5623E+15,5.31922E+16
138804,4.17092E+18,4,0,11,0,2017,9,11,6,2,5,3,1,1,0,0,0,0,0,4.9214E+20,5.88349E+21,8.88261E+15,5.31008E+16
138805,4.17103E+18,4,0,12,0,2017,10,12,6,3,5,3,1,1,0,0,0,0,0,4.73437E+20,5.92856E+21,8.59949E+15,5.35053E+16
138806,4.17111E+18,4,0,12,0,2017,11,16,4,3,2,6,0,1,0,0,1,0,0,4.73039E+20,5.93447E+21,8.59298E+15,5.35584E+16
138807,4.17092E+18,4,0,11,0,2017,9,7,6,3,0,6,0,1,0,1,0,0,0,4.94046E+20,5.88147E+21,8.91111E+15,5.30827E+16
138808,4.17103E+18,4,0,12,0,2017,10,11,6,3,5,3,0,1,0,0,0,0,0,4.73379E+20,5.93709E+21,8.5979E+15,5.3582E+16
138809,4.17103E+18,4,0,11,0,2017,10,13,6,3,5,3,1,1,0,0,0,0,1,4.83641E+20,5.88618E+21,8.75553E+15,5.31248E+16
138810,4.17103E+18,4,0,11,0,2017,10,14,6,3,5,3,0,1,0,0,0,0,0,4.8533E+20,5.879E+21,8.7811E+15,5.30603E+16
138811,4.17103E+18,4,0,11,0,2017,10,18,6,3,2,2,0,1,0,0,0,2,1,4.90421E+20,5.88037E+21,8.85703E+15,5.30727E+16
138812,4.17103E+18,4,0,11,0,2017,10,7,6,2,5,3,1,0,0,0,1,0,1,4.85449E+20,5.88198E+21,8.78274E+15,5.30871E+16
138813,4.17103E+18,4,0,11,0,2017,10,19,6,3,5,3,1,1,0,0,0,2,1,4.91359E+20,5.88201E+21,8.87099E+15,5.30875E+16
138814,4.17103E+18,4,0,11,0,2017,10,7,6,3,5,3,1,1,0,0,0,0,1,4.88192E+20,5.87601E+21,8.82392E+15,5.30335E+16
138815,4.17103E+18,4,0,11,0,2017,10,14,6,2,5,2,1,0,0,0,1,0,0,4.85961E+20,5.88189E+21,8.7904E+15,5.30862E+16
138816,4.17103E+18,4,0,12,0,2017,10,15,5,1,4,2,0,1,0,0,0,0,0,4.74136E+20,5.93801E+21,8.60926E+15,5.35903E+16
138817,4.17103E+18,4,0,12,0,2017,10,12,5,3,2,6,0,1,0,0,1,0,0,4.71573E+20,5.93426E+21,8.57087E+15,5.35564E+16
138818,4.17103E+18,4,0,12,0,2017,10,16,5,3,2,6,0,1,0,0,0,0,0,4.72452E+20,5.9342E+21,8.58415E+15,5.3556E+16
138819,4.17103E+18,4,0,11,0,2017,10,14,5,3,0,7,0,0,1,0,1,0,0,4.84735E+20,5.88139E+21,8.77211E+15,5.30818E+16
138820,4.17103E+18,4,0,11,0,2017,10,12,5,3,6,1,1,0,1,0,0,0,0,4.89864E+20,5.88023E+21,8.84872E+15,5.30715E+16
138821,4.17103E+18,4,0,11,0,2017,10,16,5,3,4,6,0,1,0,0,0,1,1,4.77083E+20,5.89176E+21,8.65713E+15,5.31747E+16
138822,4.17092E+18,4,0,11,0,2017,9,14,6,3,6,4,0,1,1,0,0,0,0,4.87684E+20,5.87538E+21,8.81637E+15,5.30278E+16
138823,4.17092E+18,4,0,11,0,2017,9,7,6,3,5,3,1,1,0,0,0,0,0,4.9754E+20,5.87872E+21,8.96329E+15,5.30579E+16
138824,4.17092E+18,4,0,11,0,2017,9,16,6,3,4,6,0,1,0,0,0,0,0,4.9759E+20,5.87915E+21,8.96404E+15,5.30618E+16