OBJECTID,UIDENTSTLA,ULAND,UREGBEZ,UKREIS,UGEMEINDE,UJAHR,UMONAT,USTUNDE,UWOCHENTAG,UKATEGORIE,UART,UTYP1,IstRad,IstPKW,IstFuss,IstKrad,IstSonstig,LICHT,STRZUSTAND,LINREFX,LINREFY,XGCSWGS84,YGCSWGS84
138997,4.17101E+18,4,0,11,0,2017,10,13,6,3,3,2,1,1,0,0,0,0,0,4.90223E+20,5.88146E+21,8.85404E+15,5.30825E+16
138998,4.17101E+18,4,0,11,0,2017,10,15,6,3,5,3,0,1,0,0,0,0,0,4.91598E+20,5.88154E+21,8.87456E+15,5.30832E+16
138999,4.17101E+18,4,0,11,0,2017,10,13,6,3,2,6,0,1,0,0,0,0,0,4.94248E+20,5.87953E+21,8.91416E+15,5.30652E+16
139000,4.17101E+18,4,0,12,0,2017,10,13,5,2,2,6,0,1,0,0,0,0,0,4.73091E+20,5.93348E+21,8.59386E+15,5.35495E+16
139001,4.17101E+18,4,0,12,0,2017,10,13,5,2,3,6,0,1,0,0,0,0,0,4.7308E+20,5.93318E+21,8.59371E+15,5.35469E+16
139002,4.17101E+18,4,0,12,0,2017,10,11,5,3,2,6,0,1,0,0,0,0,0,4.7345E+20,5.93057E+21,8.59952E+15,5.35234E+16
139003,4.17092E+18,4,0,11,0,2017,9,6,2,3,2,6,0,1,0,0,0,1,1,4.96502E+20,5.87873E+21,8.94781E+15,5.30581E+16
139004,4.17101E+18,4,0,11,0,2017,10,15,5,3,5,3,1,0,0,1,0,0,0,4.86569E+20,5.88009E+21,8.79954E+15,5.30701E+16
139005,4.17101E+18,4,0,11,0,2017,10,16,5,3,5,3,1,1,0,0,0,0,0,4.87524E+20,5.88121E+21,8.81375E+15,5.30802E+16
139006,4.17111E+18,4,0,11,0,2017,11,17,3,3,5,2,1,1,0,0,0,2,0,4.86267E+20,5.88274E+21,8.79492E+15,5.3094E+16
139007,4.17101E+18,4,0,11,0,2017,10,17,5,3,4,2,1,1,0,0,0,0,0,4.8636E+20,5.88147E+21,8.79636E+15,5.30826E+16
139008,4.17111E+18,4,0,11,0,2017,11,17,4,3,2,6,0,1,0,0,0,2,0,4.85712E+20,5.88064E+21,8.78673E+15,5.30751E+16
139009,4.17092E+18,4,0,11,0,2017,9,8,2,3,5,2,0,1,0,0,0,0,1,4.87162E+20,5.88283E+21,8.80829E+15,5.30947E+16
139010,4.17101E+18,4,0,11,0,2017,10,13,5,3,5,2,1,1,0,0,0,0,0,4.90273E+20,5.88078E+21,8.8548E+15,5.30764E+16
139011,4.17101E+18,4,0,12,0,2017,10,14,4,3,0,7,1,0,0,0,0,0,1,4.72578E+20,5.93468E+21,8.58601E+15,5.35603E+16
139012,4.17111E+18,4,0,12,0,2017,11,18,5,3,0,7,0,1,0,0,1,2,1,4.71944E+20,5.93326E+21,8.57656E+15,5.35474E+16
139013,4.17092E+18,4,0,11,0,2017,9,13,2,3,2,6,1,0,0,0,0,0,0,4.88845E+20,5.88014E+21,8.83351E+15,5.30706E+16
139014,4.17092E+18,4,0,12,0,2017,9,13,1,3,6,7,1,0,1,0,0,0,0,4.72206E+20,5.93473E+21,8.58039E+15,5.35607E+16
139015,4.17101E+18,4,0,12,0,2017,10,11,4,3,5,3,1,1,0,0,0,0,0,4.73244E+20,5.93541E+21,8.59599E+15,5.35669E+16
139016,4.17101E+18,4,0,12,0,2017,10,12,4,3,5,3,0,1,0,1,0,0,1,4.73445E+20,5.92708E+21,8.59974E+15,5.3492E+16
139017,4.17111E+18,4,0,11,0,2017,11,14,6,3,6,4,0,1,1,0,0,0,0,4.85866E+20,5.88316E+21,8.78892E+15,5.30977E+16
139018,4.17101E+18,4,0,12,0,2017,10,11,4,3,1,6,0,1,0,1,0,0,1,4.72816E+20,5.93221E+21,8.58982E+15,5.35381E+16
139019,4.17111E+18,4,0,11,0,2017,11,18,7,3,6,2,0,1,1,0,0,2,1,4.87105E+20,5.88278E+21,8.80743E+15,5.30944E+16
139020,4.17101E+18,4,0,11,0,2017,10,10,4,3,5,2,1,0,0,0,1,0,1,4.88705E+20,5.88132E+21,8.83137E+15,5.30812E+16
139021,4.17101E+18,4,0,11,0,2017,10,11,4,3,4,6,0,1,0,0,0,0,1,4.96771E+20,5.88035E+21,8.9518E+15,5.30726E+16
139022,4.17101E+18,4,0,11,0,2017,10,12,4,3,2,6,0,1,0,0,1,0,0,4.74334E+20,5.89201E+21,8.61599E+15,5.31768E+16
139023,4.17101E+18,4,0,11,0,2017,10,13,4,3,5,2,1,1,0,0,0,0,0,4.8699E+20,5.88024E+21,8.80582E+15,5.30715E+16
139024,4.17101E+18,4,0,11,0,2017,10,17,4,3,0,7,0,0,0,1,0,0,0,4.92163E+20,5.87937E+21,8.88305E+15,5.30637E+16
139025,4.17101E+18,4,0,11,0,2017,10,17,4,3,8,1,0,0,0,1,0,0,1,4.76409E+20,5.89067E+21,8.64713E+15,5.31649E+16
139026,4.17101E+18,4,0,12,0,2017,10,6,3,3,5,3,0,1,0,0,0,1,1,4.74882E+20,5.93698E+21,8.62061E+15,5.3581E+16
139027,4.17101E+18,4,0,11,0,2017,10,12,3,3,5,3,1,1,0,0,0,0,0,4.92033E+20,5.88125E+21,8.88107E+15,5.30807E+16
139028,4.17101E+18,4,0,11,0,2017,10,12,3,3,0,1,1,0,0,0,0,0,0,4.86647E+20,5.88103E+21,8.80067E+15,5.30786E+16
139029,4.17101E+18,4,0,11,0,2017,10,16,3,3,5,2,1,1,0,0,0,0,0,4.89104E+20,5.88083E+21,8.83735E+15,5.30768E+16
139030,4.17101E+18,4,0,11,0,2017,10,19,3,3,5,3,1,1,0,0,0,2,1,4.75778E+20,5.89089E+21,8.63767E+15,5.31668E+16
139031,4.17101E+18,4,0,11,0,2017,10,8,3,3,5,3,0,1,0,0,0,0,1,4.85881E+20,5.88175E+21,8.7892E+15,5.3085E+16
139032,4.17092E+18,4,0,11,0,2017,9,13,1,3,5,3,0,1,0,0,0,0,0,4.72228E+20,5.89253E+21,8.58443E+15,5.31814E+16
139033,4.17092E+18,4,0,11,0,2017,9,20,1,3,5,3,1,1,0,0,0,2,1,4.86735E+20,5.88024E+21,8.80202E+15,5.30714E+16
139034,4.17092E+18,4,0,11,0,2017,9,11,1,3,2,6,0,1,0,1,0,0,0,4.74976E+20,5.8925E+21,8.62555E+15,5.31813E+16
139035,4.17101E+18,4,0,11,0,2017,10,19,3,3,5,3,0,1,0,0,0,2,1,4.86307E+20,5.88236E+21,8.79553E+15,5.30905E+16
139036,4.17111E+18,4,0,12,0,2017,11,7,3,3,2,6,1,1,0,0,0,0,0,4.73899E+20,5.92984E+21,8.60636E+15,5.35168E+16
139037,4.17101E+18,4,0,11,0,2017,10,9,3,3,5,3,1,1,0,0,0,0,0,4.81989E+20,5.87764E+21,8.73132E+15,5.3048E+16
139038,4.17111E+18,4,0,11,0,2017,11,17,5,3,8,1,0,1,0,0,0,2,1,4.85712E+20,5.87868E+21,8.78681E+15,5.30574E+16
139039,4.17092E+18,4,0,11,0,2017,9,18,1,2,8,1,0,1,0,0,0,0,0,4.93388E+20,5.88023E+21,8.90132E+15,5.30715E+16
139040,4.17101E+18,4,0,11,0,2017,10,11,3,3,5,3,1,1,0,0,0,0,0,4.90795E+20,5.88332E+21,8.86252E+15,5.30993E+16
139041,4.17101E+18,4,0,11,0,2017,10,15,3,3,2,6,0,1,0,0,0,0,1,4.76823E+20,5.89057E+21,8.65332E+15,5.3164E+16
139042,4.17111E+18,4,0,11,0,2017,11,17,6,3,2,6,0,1,0,0,0,1,1,4.89787E+20,5.88173E+21,8.84752E+15,5.3085E+16
139043,4.17101E+18,4,0,11,0,2017,10,18,2,3,2,6,0,1,0,0,0,1,1,4.8464E+20,5.88263E+21,8.77063E+15,5.30929E+16
139044,4.17101E+18,4,0,11,0,2017,10,14,2,3,5,3,1,0,0,0,1,0,1,4.8659E+20,5.88101E+21,8.79981E+15,5.30784E+16
139045,4.17111E+18,4,0,11,0,2017,11,14,1,3,9,5,0,1,0,0,0,1,1,4.80188E+20,5.89193E+21,8.70358E+15,5.31764E+16
139046,4.17101E+18,4,0,11,0,2017,10,11,2,3,3,6,1,0,0,0,0,0,0,4.86883E+20,5.87921E+21,8.80426E+15,5.30622E+16
139047,4.17101E+18,4,0,11,0,2017,10,17,2,3,5,3,0,1,0,0,0,1,1,4.85288E+20,5.87937E+21,8.78046E+15,5.30636E+16
139048,4.17101E+18,4,0,11,0,2017,10,14,2,3,2,6,0,1,0,0,0,0,1,4.83971E+20,5.87892E+21,8.76083E+15,5.30596E+16
139049,4.17101E+18,4,0,11,0,2017,10,14,2,3,6,4,0,1,1,0,0,0,1,4.96583E+20,5.87934E+21,8.94901E+15,5.30635E+16
139050,4.17101E+18,4,0,12,0,2017,10,6,1,3,8,1,0,1,0,0,0,2,1,4.73247E+20,5.93541E+21,8.59604E+15,5.35669E+16
139051,4.17101E+18,4,0,11,0,2017,10,20,1,3,8,1,0,1,0,0,0,2,0,4.82071E+20,5.87701E+21,8.73259E+15,5.30423E+16
139052,4.17101E+18,4,0,11,0,2017,10,17,1,3,5,3,1,1,0,0,0,0,0,4.89147E+20,5.87983E+21,8.83803E+15,5.30679E+16
139053,4.17101E+18,4,0,11,0,2017,10,23,1,3,2,2,0,1,0,0,0,2,0,4.94659E+20,5.88028E+21,8.92028E+15,5.3072E+16
139054,4.17101E+18,4,0,12,0,2017,10,20,7,3,5,2,0,1,0,0,0,2,1,4.73386E+20,5.93744E+21,8.59797E+15,5.35852E+16
139055,4.17101E+18,4,0,11,0,2017,10,12,7,3,2,6,0,1,0,0,0,0,1,4.72236E+20,5.89253E+21,8.58455E+15,5.31814E+16
139056,4.17101E+18,4,0,11,0,2017,10,16,7,3,5,3,1,1,0,0,0,0,1,4.95264E+20,5.88026E+21,8.92931E+15,5.30718E+16
139057,4.17101E+18,4,0,11,0,2017,10,14,7,3,6,4,0,1,1,0,0,0,1,4.85505E+20,5.88229E+21,8.78357E+15,5.30899E+16
139058,4.17101E+18,4,0,12,0,2017,10,13,6,3,5,3,0,1,0,1,0,0,1,4.72923E+20,5.93533E+21,8.59117E+15,5.35661E+16
139059,4.17101E+18,4,0,11,0,2017,10,16,6,3,6,4,0,1,1,0,0,0,1,4.80478E+20,5.89093E+21,8.70798E+15,5.31673E+16
139060,4.17092E+18,4,0,11,0,2017,9,18,1,3,0,1,0,0,0,1,0,0,1,4.82734E+20,5.88782E+21,8.74188E+15,5.31395E+16
139061,4.17092E+18,4,0,11,0,2017,9,14,7,2,5,3,0,1,0,1,0,0,1,4.86895E+20,5.87888E+21,8.80446E+15,5.30593E+16
139062,4.17101E+18,4,0,11,0,2017,10,10,6,3,5,3,0,1,0,1,0,0,1,4.8224E+20,5.87719E+21,8.73509E+15,5.3044E+16
139063,4.17101E+18,4,0,11,0,2017,10,15,6,3,0,1,1,0,0,0,0,0,1,4.88735E+20,5.88019E+21,8.83187E+15,5.30711E+16
139064,4.17101E+18,4,0,11,0,2017,10,8,6,3,6,4,1,0,1,0,0,0,1,4.86952E+20,5.88343E+21,8.80512E+15,5.31002E+16
139065,4.17101E+18,4,0,11,0,2017,10,14,6,3,1,6,0,1,0,0,0,0,1,4.83089E+20,5.88635E+21,8.74728E+15,5.31263E+16
139066,4.17101E+18,4,0,12,0,2017,10,16,5,3,2,6,0,1,0,0,0,0,1,4.73471E+20,5.92828E+21,8.60003E+15,5.35028E+16
139067,4.17101E+18,4,0,11,0,2017,10,23,5,3,1,1,0,1,0,0,0,2,1,4.84571E+20,5.88147E+21,8.76965E+15,5.30824E+16
139068,4.17111E+18,4,0,12,0,2017,11,14,2,3,6,3,0,1,1,0,0,0,1,4.72569E+20,5.93457E+21,8.58589E+15,5.35593E+16
139069,4.17101E+18,4,0,11,0,2017,10,16,5,3,2,6,0,1,0,0,1,0,1,4.84335E+20,5.88481E+21,8.76596E+15,5.31125E+16
139070,4.17111E+18,4,0,11,0,2017,11,17,3,3,6,4,0,1,1,0,0,2,0,4.8834E+20,5.88063E+21,8.82595E+15,5.3075E+16
139071,4.17092E+18,4,0,11,0,2017,9,16,7,2,2,6,0,1,0,0,0,0,0,4.84274E+20,5.88425E+21,8.76508E+15,5.31075E+16
139072,4.17101E+18,4,0,11,0,2017,10,16,5,3,5,3,0,1,0,0,0,0,1,4.85254E+20,5.88338E+21,8.77976E+15,5.30997E+16
139073,4.17101E+18,4,0,11,0,2017,10,6,5,3,4,2,1,0,0,0,1,2,1,4.91983E+20,5.88145E+21,8.88031E+15,5.30824E+16
139074,4.17111E+18,4,0,11,0,2017,11,17,5,3,5,3,0,1,0,1,0,2,0,4.71776E+20,5.89319E+21,8.57761E+15,5.31873E+16
139075,4.17092E+18,4,0,12,0,2017,9,7,6,3,2,6,0,1,0,0,0,0,0,4.72714E+20,5.93196E+21,8.5883E+15,5.35359E+16
139076,4.17101E+18,4,0,11,0,2017,10,14,5,3,0,2,0,1,0,0,0,0,1,4.91668E+20,5.87919E+21,8.87567E+15,5.30622E+16
139077,4.17101E+18,4,0,11,0,2017,10,10,5,3,6,4,0,1,1,0,0,0,1,4.88281E+20,5.88165E+21,8.82504E+15,5.30842E+16
139078,4.17111E+18,4,0,11,0,2017,11,14,6,3,5,3,1,0,0,0,0,0,1,4.81532E+20,5.87818E+21,8.72448E+15,5.30528E+16
139079,4.17101E+18,4,0,11,0,2017,10,11,5,3,0,1,0,0,0,1,0,0,1,4.87427E+20,5.8813E+21,8.81229E+15,5.3081E+16
139080,4.17101E+18,4,0,11,0,2017,10,20,5,3,2,6,0,1,0,1,0,2,1,4.74488E+20,5.89364E+21,8.61816E+15,5.31915E+16
139081,4.17111E+18,4,0,11,0,2017,11,14,7,3,1,6,0,1,0,0,0,0,1,4.90119E+20,5.88047E+21,8.85251E+15,5.30736E+16
139082,4.17101E+18,4,0,11,0,2017,10,7,5,3,5,7,0,1,0,0,0,1,1,4.89607E+20,5.87969E+21,8.8449E+15,5.30666E+16
139083,4.17101E+18,4,0,11,0,2017,10,16,5,3,5,3,0,1,0,1,0,0,1,4.74009E+20,5.89184E+21,8.61114E+15,5.31753E+16
139084,4.17101E+18,4,0,11,0,2017,10,5,5,3,5,3,0,1,0,0,0,2,1,4.87707E+20,5.88468E+21,8.81636E+15,5.31114E+16
139085,4.171E+18,4,0,12,0,2017,10,16,4,3,5,3,1,1,0,0,0,0,1,4.72415E+20,5.93411E+21,8.58359E+15,5.35552E+16
139086,4.171E+18,4,0,12,0,2017,10,11,4,3,2,6,0,1,0,0,0,0,0,4.71979E+20,5.93275E+21,8.57714E+15,5.35429E+16
139087,4.171E+18,4,0,11,0,2017,10,11,4,3,2,6,0,1,0,0,1,0,0,4.92108E+20,5.88065E+21,8.8822E+15,5.30753E+16
139088,4.171E+18,4,0,11,0,2017,10,13,4,3,5,3,0,1,0,0,1,0,0,4.86545E+20,5.88113E+21,8.79913E+15,5.30795E+16
139089,4.171E+18,4,0,11,0,2017,10,11,4,3,5,3,1,1,0,0,0,0,0,4.92134E+20,5.88349E+21,8.88252E+15,5.31008E+16
139090,4.17111E+18,4,0,11,0,2017,11,10,5,3,5,3,1,1,0,0,0,0,0,4.87819E+20,5.88093E+21,8.81816E+15,5.30777E+16
139091,4.171E+18,4,0,11,0,2017,10,22,4,3,5,3,1,1,0,0,0,2,0,4.86498E+20,5.87835E+21,8.79856E+15,5.30545E+16
139092,4.17111E+18,4,0,11,0,2017,11,16,6,3,5,2,1,1,0,0,0,1,1,4.84636E+20,5.88498E+21,8.77046E+15,5.3114E+16
139093,4.171E+18,4,0,12,0,2017,10,1,3,2,0,7,1,0,0,0,0,2,0,4.7624E+20,5.93022E+21,8.64164E+15,5.35203E+16
139094,4.17111E+18,4,0,11,0,2017,11,12,7,2,8,1,0,1,0,0,1,0,1,4.81977E+20,5.88646E+21,8.73065E+15,5.31272E+16
139095,4.171E+18,4,0,12,0,2017,10,6,2,3,0,7,1,1,0,0,0,2,1,4.73346E+20,5.93593E+21,8.5975E+15,5.35715E+16
139096,4.171E+18,4,0,12,0,2017,10,6,2,3,5,3,1,1,0,0,0,2,1,4.73293E+20,5.93595E+21,8.59669E+15,5.35718E+16
139097,4.171E+18,4,0,12,0,2017,10,17,2,3,5,3,1,1,0,0,0,0,0,4.73062E+20,5.93616E+21,8.59318E+15,5.35736E+16
139098,4.171E+18,4,0,11,0,2017,10,11,2,3,0,1,1,0,0,0,0,0,1,4.87807E+20,5.88034E+21,8.818E+15,5.30724E+16
139099,4.171E+18,4,0,11,0,2017,10,9,2,2,2,6,0,1,0,0,0,0,1,4.8819E+20,5.88098E+21,8.8237E+15,5.30782E+16
139100,4.171E+18,4,0,11,0,2017,10,15,2,3,1,5,1,1,0,0,0,0,0,4.88347E+20,5.8804E+21,8.82606E+15,5.3073E+16
139101,4.171E+18,4,0,11,0,2017,10,16,2,3,2,6,0,1,0,0,1,0,0,4.89556E+20,5.88067E+21,8.84411E+15,5.30754E+16
139102,4.171E+18,4,0,11,0,2017,10,15,2,3,2,6,0,1,0,0,0,0,0,4.81065E+20,5.87791E+21,8.71753E+15,5.30504E+16
139103,4.171E+18,4,0,11,0,2017,10,11,2,3,2,1,0,1,0,1,0,0,1,4.91029E+20,5.88027E+21,8.8661E+15,5.30718E+16
139104,4.171E+18,4,0,11,0,2017,10,7,2,3,1,5,0,1,0,0,0,1,1,4.86666E+20,5.88249E+21,8.80089E+15,5.30917E+16
139105,4.171E+18,4,0,11,0,2017,10,9,2,3,2,6,0,1,0,0,0,0,1,4.86836E+20,5.88181E+21,8.80345E+15,5.30856E+16
139106,4.171E+18,4,0,11,0,2017,10,12,1,3,0,6,1,0,0,0,0,0,1,4.92731E+20,5.8867E+21,8.89137E+15,5.31296E+16
139107,4.17092E+18,4,0,12,0,2017,9,13,6,3,2,6,0,1,0,0,0,0,0,4.71713E+20,5.93353E+21,8.57305E+15,5.35499E+16
139108,4.171E+18,4,0,11,0,2017,10,10,1,3,0,7,1,0,0,0,0,0,0,4.86916E+20,5.87964E+21,8.80473E+15,5.30661E+16
139109,4.171E+18,4,0,11,0,2017,10,13,1,3,5,3,1,1,0,0,0,0,0,4.74712E+20,5.89404E+21,8.62148E+15,5.31951E+16
139110,4.17111E+18,4,0,11,0,2017,11,18,2,3,1,6,0,1,0,0,0,2,1,4.9232E+20,5.8803E+21,8.88536E+15,5.30721E+16
139111,4.171E+18,4,0,11,0,2017,10,12,1,3,2,6,0,1,0,0,0,0,0,4.82632E+20,5.87815E+21,8.74089E+15,5.30525E+16
139112,4.171E+18,4,0,11,0,2017,10,14,1,2,3,2,1,1,0,0,0,0,0,4.87747E+20,5.88105E+21,8.81708E+15,5.30788E+16
139113,4.17111E+18,4,0,11,0,2017,11,8,3,3,6,7,0,0,1,0,1,0,0,4.9692E+20,5.87967E+21,8.95404E+15,5.30665E+16
139114,4.17092E+18,4,0,12,0,2017,9,17,6,3,2,6,0,0,0,0,1,0,0,4.7115E+20,5.93429E+21,8.56448E+15,5.35567E+16
139115,4.171E+18,4,0,11,0,2017,10,20,1,3,5,3,1,1,0,0,0,2,0,4.86868E+20,5.88034E+21,8.80399E+15,5.30724E+16
139116,4.17093E+18,4,0,12,0,2017,9,17,7,3,2,6,0,1,0,0,0,1,1,4.74956E+20,5.93696E+21,8.62173E+15,5.35809E+16
139117,4.17111E+18,4,0,11,0,2017,11,17,4,3,5,2,1,1,0,0,0,2,0,4.90822E+20,5.88023E+21,8.86302E+15,5.30714E+16
139118,4.17092E+18,4,0,11,0,2017,9,8,6,3,3,6,1,1,0,0,0,0,0,4.89926E+20,5.87776E+21,8.84972E+15,5.30492E+16
139119,4.17093E+18,4,0,12,0,2017,9,13,7,3,8,1,1,0,0,0,0,0,0,4.73226E+20,5.92903E+21,8.59627E+15,5.35096E+16
139120,4.17093E+18,4,0,12,0,2017,9,16,7,3,6,4,0,1,1,0,0,0,1,4.72901E+20,5.9353E+21,8.59083E+15,5.35659E+16
139121,4.17111E+18,4,0,11,0,2017,11,11,5,2,6,4,0,1,1,0,0,0,0,4.85181E+20,5.88283E+21,8.7787E+15,5.30947E+16
139122,4.17093E+18,4,0,11,0,2017,9,15,7,3,0,7,0,1,0,0,0,0,0,4.96412E+20,5.87781E+21,8.94647E+15,5.30498E+16
139123,4.17093E+18,4,0,11,0,2017,9,7,7,3,8,1,0,1,0,0,0,0,1,4.82131E+20,5.8855E+21,8.733E+15,5.31187E+16
139124,4.17093E+18,4,0,11,0,2017,9,12,6,3,5,3,0,1,0,0,0,0,0,4.95296E+20,5.87884E+21,8.9298E+15,5.30591E+16
139125,4.17093E+18,4,0,11,0,2017,9,14,6,3,2,6,0,0,0,0,1,0,0,4.80144E+20,5.88328E+21,8.70346E+15,5.30986E+16
139126,4.17111E+18,4,0,11,0,2017,11,18,3,3,5,3,0,1,0,0,0,2,0,4.81761E+20,5.87655E+21,8.72799E+15,5.30382E+16
139127,4.17093E+18,4,0,11,0,2017,9,15,6,3,6,4,0,1,1,0,0,0,0,4.84521E+20,5.88505E+21,8.76874E+15,5.31146E+16
139128,4.17111E+18,4,0,11,0,2017,11,17,4,3,5,3,1,0,0,0,1,1,0,4.83783E+20,5.87877E+21,8.75802E+15,5.30582E+16
139129,4.17092E+18,4,0,11,0,2017,9,8,6,3,5,3,0,1,0,0,0,0,0,4.86282E+20,5.88324E+21,8.79513E+15,5.30985E+16
139130,4.17093E+18,4,0,11,0,2017,9,16,6,3,1,2,0,1,0,1,0,0,0,4.86915E+20,5.8825E+21,8.80461E+15,5.30918E+16
139131,4.17111E+18,4,0,11,0,2017,11,8,5,2,6,4,0,0,1,0,1,0,0,4.91666E+20,5.88119E+21,8.87559E+15,5.30801E+16
139132,4.17093E+18,4,0,11,0,2017,9,16,6,3,5,3,1,1,0,0,0,0,0,4.82629E+20,5.88759E+21,8.74033E+15,5.31374E+16
139133,4.17093E+18,4,0,11,0,2017,9,19,6,3,1,5,1,1,0,0,0,1,0,4.88292E+20,5.88041E+21,8.82525E+15,5.3073E+16
139134,4.17111E+18,4,0,11,0,2017,11,11,6,3,2,6,0,1,0,0,0,0,1,4.89604E+20,5.88065E+21,8.84483E+15,5.30752E+16
139135,4.17093E+18,4,0,11,0,2017,9,16,6,3,0,7,1,0,0,0,0,0,0,4.83834E+20,5.88212E+21,8.75861E+15,5.30883E+16
139136,4.17093E+18,4,0,11,0,2017,9,9,6,3,0,7,1,0,0,0,0,0,1,4.85028E+20,5.88351E+21,8.77639E+15,5.31009E+16
139137,4.17111E+18,4,0,11,0,2017,11,9,2,3,0,1,1,1,0,0,0,0,1,4.92939E+20,5.88308E+21,8.89455E+15,5.30971E+16
139138,4.17093E+18,4,0,11,0,2017,9,10,6,3,6,4,0,1,1,0,0,0,0,4.83743E+20,5.87889E+21,8.75743E+15,5.30593E+16
139139,4.17093E+18,4,0,12,0,2017,9,19,5,3,5,2,1,1,0,0,0,2,1,4.72583E+20,5.9321E+21,8.58631E+15,5.35371E+16
139140,4.17093E+18,4,0,11,0,2017,9,23,5,3,5,3,0,1,0,0,0,2,0,4.87576E+20,5.88135E+21,8.81452E+15,5.30814E+16
139141,4.17093E+18,4,0,11,0,2017,9,9,5,2,0,7,1,0,0,0,0,0,1,4.84251E+20,5.88488E+21,8.7647E+15,5.31131E+16
139142,4.17093E+18,4,0,11,0,2017,9,13,5,2,9,7,0,1,0,0,0,0,0,4.76778E+20,5.8917E+21,8.65257E+15,5.31742E+16
139143,4.17093E+18,4,0,11,0,2017,9,17,5,3,3,1,1,1,0,0,0,0,1,4.90094E+20,5.88184E+21,8.8521E+15,5.3086E+16
139144,4.17093E+18,4,0,11,0,2017,9,6,5,3,0,7,1,0,0,0,0,2,1,4.87614E+20,5.88088E+21,8.81511E+15,5.30772E+16
139145,4.17093E+18,4,0,11,0,2017,9,14,5,2,6,4,0,0,1,0,1,0,0,4.83088E+20,5.88635E+21,8.74726E+15,5.31263E+16
139146,4.17093E+18,4,0,11,0,2017,9,21,5,3,2,6,0,1,0,0,0,2,0,4.94372E+20,5.88019E+21,8.91601E+15,5.30712E+16
139147,4.17093E+18,4,0,12,0,2017,9,7,4,3,5,3,1,1,0,0,0,0,0,4.72986E+20,5.93638E+21,8.59202E+15,5.35756E+16
139148,4.17093E+18,4,0,11,0,2017,9,23,4,3,6,4,1,0,1,0,0,2,1,4.86207E+20,5.87971E+21,8.79416E+15,5.30667E+16
139149,4.17093E+18,4,0,11,0,2017,9,11,4,3,2,6,0,1,0,0,0,0,0,4.74708E+20,5.89258E+21,8.62153E+15,5.3182E+16
139150,4.17093E+18,4,0,11,0,2017,9,16,4,3,6,3,0,1,1,0,0,0,0,4.95327E+20,5.87877E+21,8.93028E+15,5.30584E+16
139151,4.17092E+18,4,0,11,0,2017,9,5,6,3,5,3,0,1,0,0,0,2,1,4.91971E+20,5.87902E+21,8.8802E+15,5.30606E+16
139152,4.17092E+18,4,0,11,0,2017,9,14,6,2,5,2,1,1,0,0,0,0,0,4.74826E+20,5.89164E+21,8.62338E+15,5.31735E+16
139153,4.17093E+18,4,0,11,0,2017,9,16,4,2,5,3,1,1,0,0,0,0,0,4.84289E+20,5.88458E+21,8.7653E+15,5.31104E+16
139154,4.17111E+18,4,0,11,0,2017,11,13,1,3,2,6,0,1,0,0,0,0,0,4.87735E+20,5.88008E+21,8.81694E+15,5.30701E+16
139155,4.17093E+18,4,0,11,0,2017,9,11,4,3,2,6,0,1,0,0,0,0,0,4.89954E+20,5.88475E+21,8.84992E+15,5.31121E+16
139156,4.17111E+18,4,0,11,0,2017,11,5,3,3,5,3,0,1,0,0,0,2,0,4.7477E+20,5.89256E+21,8.62246E+15,5.31818E+16
139157,4.17092E+18,4,0,11,0,2017,9,22,6,3,2,6,0,1,0,0,0,2,0,4.8399E+20,5.8851E+21,8.7608E+15,5.31151E+16
139158,4.17093E+18,4,0,11,0,2017,9,15,4,3,5,3,1,1,0,0,0,0,0,4.75512E+20,5.8926E+21,8.63356E+15,5.31822E+16
139159,4.17111E+18,4,0,11,0,2017,11,16,3,3,5,3,1,1,0,0,0,1,0,4.88905E+20,5.8814E+21,8.83437E+15,5.30819E+16
139160,4.17092E+18,4,0,11,0,2017,9,12,6,3,5,2,0,1,0,1,0,0,0,4.84878E+20,5.88291E+21,8.77417E+15,5.30954E+16
139161,4.17093E+18,4,0,11,0,2017,9,7,4,2,3,6,1,0,0,0,0,2,1,4.89878E+20,5.88212E+21,8.84886E+15,5.30885E+16
139162,4.17093E+18,4,0,11,0,2017,9,3,4,2,0,7,1,0,0,0,0,2,1,4.81956E+20,5.87622E+21,8.73091E+15,5.30352E+16
139163,4.17111E+18,4,0,11,0,2017,11,16,5,3,0,1,0,0,0,1,0,1,0,4.82955E+20,5.88381E+21,8.74541E+15,5.31035E+16
139164,4.17092E+18,4,0,11,0,2017,9,13,6,3,1,5,1,1,0,0,0,0,0,4.86075E+20,5.87977E+21,8.79219E+15,5.30672E+16
139165,4.17093E+18,4,0,11,0,2017,9,16,4,2,0,1,1,0,0,0,0,0,1,4.88163E+20,5.8772E+21,8.82344E+15,5.30442E+16
139166,4.17093E+18,4,0,11,0,2017,9,7,4,3,5,7,1,1,0,0,0,0,0,4.96755E+20,5.87984E+21,8.95157E+15,5.3068E+16
139167,4.17111E+18,4,0,11,0,2017,11,14,6,3,2,6,0,1,0,0,0,0,1,4.8372E+20,5.8846E+21,8.7568E+15,5.31106E+16
139168,4.17093E+18,4,0,12,0,2017,9,6,3,3,0,7,0,0,0,1,0,2,1,4.71142E+20,5.93433E+21,8.56436E+15,5.35571E+16