OBJECTID,UIDENTSTLA,ULAND,UREGBEZ,UKREIS,UGEMEINDE,UJAHR,UMONAT,USTUNDE,UWOCHENTAG,UKATEGORIE,UART,UTYP1,IstRad,IstPKW,IstFuss,IstKrad,IstSonstig,LICHT,STRZUSTAND,LINREFX,LINREFY,XGCSWGS84,YGCSWGS84
139169,4.17111E+18,4,0,11,0,2017,11,19,7,3,2,6,0,1,0,0,0,2,1,4.85866E+20,5.88318E+21,8.78891E+15,5.30979E+16
139170,4.17093E+18,4,0,12,0,2017,9,21,3,3,5,3,0,1,0,0,0,2,1,4.72205E+20,5.93441E+21,8.5804E+15,5.35578E+16
139171,4.17093E+18,4,0,12,0,2017,9,14,3,2,0,7,0,0,1,0,1,0,0,4.75438E+20,5.93907E+21,8.62883E+15,5.35999E+16
139172,4.17093E+18,4,0,11,0,2017,9,11,3,3,1,5,0,1,0,0,0,0,0,4.84149E+20,5.88525E+21,8.76317E+15,5.31164E+16
139173,4.17093E+18,4,0,11,0,2017,9,18,3,3,5,3,1,1,0,1,0,0,0,4.82168E+20,5.8788E+21,8.73393E+15,5.30584E+16
139174,4.17093E+18,4,0,11,0,2017,9,18,3,3,9,6,0,1,0,1,0,0,0,4.88108E+20,5.88114E+21,8.82247E+15,5.30796E+16
139175,4.17093E+18,4,0,11,0,2017,9,7,3,3,3,6,1,1,0,0,0,0,1,4.86325E+20,5.87979E+21,8.79591E+15,5.30674E+16
139176,4.17093E+18,4,0,11,0,2017,9,17,3,3,0,7,0,1,0,0,1,0,0,4.8592E+20,5.88024E+21,8.78985E+15,5.30715E+16
139177,4.17093E+18,4,0,11,0,2017,9,6,3,3,5,3,1,1,0,0,0,1,1,4.7603E+20,5.89191E+21,8.64136E+15,5.3176E+16
139178,4.17093E+18,4,0,11,0,2017,9,17,3,3,0,7,0,0,0,0,1,0,0,4.87226E+20,5.87581E+21,8.80952E+15,5.30316E+16
139179,4.17093E+18,4,0,11,0,2017,9,15,2,3,6,7,1,0,1,0,0,0,0,4.92706E+20,5.88147E+21,8.8911E+15,5.30827E+16
139180,4.17093E+18,4,0,11,0,2017,9,10,2,3,2,6,1,1,0,0,0,0,1,4.71066E+20,5.89259E+21,8.56704E+15,5.31819E+16
139181,4.17091E+18,4,0,12,0,2017,9,14,5,3,5,3,0,1,0,0,0,0,1,4.73369E+20,5.93818E+21,8.59765E+15,5.35918E+16
139182,4.17093E+18,4,0,11,0,2017,9,20,2,3,3,2,1,1,0,0,0,2,1,4.8755E+20,5.88095E+21,8.81415E+15,5.30778E+16
139183,6.17011E+18,6,6,36,3,2017,1,15,6,3,5,3,0,1,0,0,0,0,0,5.73324E+20,5.67141E+21,1.00492E+16,5.11894E+16
139184,4.17121E+18,4,0,11,0,2017,12,17,6,3,4,6,1,1,0,0,0,2,1,4.86431E+20,5.87834E+21,8.79756E+15,5.30544E+16
139185,6.17011E+18,6,4,35,14,2017,1,18,2,3,0,4,0,1,1,0,0,2,0,4.94433E+20,5.55348E+21,8.92211E+15,5.01336E+16
139186,4.17121E+18,4,0,11,0,2017,12,17,7,3,5,2,1,1,0,0,0,1,1,4.85717E+20,5.88058E+21,8.7868E+15,5.30745E+16
139187,6.17011E+18,6,4,12,0,2017,1,9,2,2,3,7,0,1,0,1,0,0,0,4.76735E+20,5.55267E+21,8.67452E+15,5.01258E+16
139188,4.17121E+18,4,0,11,0,2017,12,9,2,3,9,1,0,1,0,0,0,0,1,4.83437E+20,5.88562E+21,8.75251E+15,5.31198E+16
139189,4.17121E+18,4,0,11,0,2017,12,15,4,2,5,3,1,1,0,0,0,0,1,4.86266E+20,5.88274E+21,8.79491E+15,5.30939E+16
139190,4.17112E+18,4,0,12,0,2017,11,9,3,3,2,6,0,1,0,1,0,0,1,4.71707E+20,5.9347E+21,8.57285E+15,5.35604E+16
139191,6.17011E+18,6,4,34,5,2017,1,14,3,3,8,1,0,1,0,0,0,0,2,4.62047E+20,5.55881E+21,8.46844E+15,5.01803E+16
139192,4.17122E+18,4,0,11,0,2017,12,12,6,3,5,3,1,1,0,0,0,0,0,4.91709E+20,5.88183E+21,8.87621E+15,5.30858E+16
139193,4.17122E+18,4,0,11,0,2017,12,14,1,3,2,6,0,1,0,0,0,0,1,4.82169E+20,5.87712E+21,8.73403E+15,5.30433E+16
139194,4.17122E+18,4,0,11,0,2017,12,7,3,3,4,6,1,0,0,0,0,2,1,4.895E+20,5.8813E+21,8.84325E+15,5.30811E+16
139195,4.17112E+18,4,0,11,0,2017,11,17,3,3,5,3,0,1,0,0,0,2,1,4.70758E+20,5.89374E+21,8.56232E+15,5.31922E+16
139196,4.17113E+18,4,0,11,0,2017,11,15,5,3,6,4,0,1,1,0,0,0,0,4.8899E+20,5.8817E+21,8.83561E+15,5.30847E+16
139197,4.17122E+18,4,0,11,0,2017,12,14,4,3,6,4,0,1,1,0,0,0,1,4.88957E+20,5.87661E+21,8.83531E+15,5.30389E+16
139198,4.17112E+18,4,0,11,0,2017,11,17,3,3,6,4,0,1,1,0,0,2,1,4.74556E+20,5.8926E+21,8.61926E+15,5.31821E+16
139199,4.17113E+18,4,0,11,0,2017,11,16,5,3,2,6,0,1,0,0,0,1,1,4.8734E+20,5.88121E+21,8.811E+15,5.30802E+16
139200,4.17112E+18,4,0,11,0,2017,11,12,3,3,5,3,1,1,0,0,0,0,1,4.90794E+20,5.88332E+21,8.86251E+15,5.30993E+16
139201,4.17113E+18,4,0,12,0,2017,11,18,4,3,5,2,1,1,0,0,0,2,1,4.72767E+20,5.93241E+21,8.58906E+15,5.35399E+16
139202,4.17112E+18,4,0,11,0,2017,11,14,3,3,5,3,0,1,0,0,0,0,1,4.81856E+20,5.88184E+21,8.72911E+15,5.30857E+16
139203,4.17113E+18,4,0,11,0,2017,11,21,4,3,5,3,0,1,0,0,0,2,0,4.86617E+20,5.88123E+21,8.80021E+15,5.30804E+16
139204,6.1701E+18,6,4,32,10,2017,1,3,2,1,6,4,0,1,1,0,0,2,0,4.94668E+20,5.52393E+21,8.9258E+15,4.98678E+16
139205,6.1701E+18,6,4,32,10,2017,1,17,3,3,5,2,1,1,0,0,0,2,0,4.94148E+20,5.52425E+21,8.91856E+15,4.98706E+16
139206,6.1701E+18,6,4,38,10,2017,1,21,4,2,5,3,0,1,0,0,0,2,1,4.91075E+20,5.54748E+21,8.87526E+15,5.00796E+16
139207,4.1712E+18,4,0,11,0,2017,12,16,2,3,2,6,0,1,0,0,0,2,1,4.9042E+20,5.88037E+21,8.85701E+15,5.30727E+16
139208,6.17011E+18,6,4,35,10,2017,1,15,5,3,5,3,0,1,0,0,0,0,1,5.14746E+20,5.56127E+21,9.20663E+15,5.02034E+16
139209,4.17121E+18,4,0,11,0,2017,12,16,3,3,5,3,1,1,0,0,0,2,0,4.88284E+20,5.88165E+21,8.82509E+15,5.30842E+16
139210,6.17011E+18,6,4,33,8,2017,1,18,6,3,0,7,0,0,1,0,1,2,0,4.68697E+20,5.53644E+21,8.5634E+15,4.99795E+16
139211,4.17121E+18,4,0,11,0,2017,12,14,5,3,0,7,0,0,0,0,1,0,0,4.86942E+20,5.88186E+21,8.80504E+15,5.30861E+16
139212,6.17011E+18,6,4,12,0,2017,1,15,6,3,6,4,0,1,1,0,0,0,0,4.76222E+20,5.55118E+21,8.66744E+15,5.01124E+16
139213,4.17121E+18,4,0,11,0,2017,12,15,6,3,6,3,1,0,1,0,0,0,1,4.87597E+20,5.88246E+21,8.81479E+15,5.30914E+16
139214,4.17121E+18,4,0,11,0,2017,12,9,6,2,0,4,0,0,1,0,1,0,0,4.90416E+20,5.88037E+21,8.85696E+15,5.30727E+16
139215,4.17113E+18,4,0,11,0,2017,11,8,4,3,3,7,0,1,0,0,1,0,1,4.88301E+20,5.88164E+21,8.82533E+15,5.30841E+16
139216,4.17113E+18,4,0,11,0,2017,11,17,5,3,2,6,0,1,0,0,0,2,1,4.86415E+20,5.88079E+21,8.79721E+15,5.30764E+16
139217,6.17011E+18,6,4,34,5,2017,1,9,5,3,0,7,0,1,0,0,0,0,2,4.62255E+20,5.55875E+21,8.47136E+15,5.01798E+16
139218,6.17011E+18,6,4,32,2,2017,1,10,6,2,0,7,0,0,0,0,1,0,0,4.96895E+20,5.53399E+21,8.95671E+15,4.99583E+16
139219,4.17121E+18,4,0,11,0,2017,12,16,5,2,5,3,0,1,0,0,0,1,1,4.86739E+20,5.88397E+21,8.80192E+15,5.3105E+16
139220,6.17011E+18,6,4,12,0,2017,1,9,6,2,6,4,0,1,1,0,0,0,0,4.77632E+20,5.54964E+21,8.68724E+15,5.00986E+16
139221,4.17121E+18,4,0,11,0,2017,12,7,6,3,5,3,1,1,0,0,0,0,0,4.8516E+20,5.88286E+21,8.77839E+15,5.3095E+16
139222,6.17011E+18,6,4,12,0,2017,1,6,1,2,8,1,0,0,0,0,1,2,2,4.78248E+20,5.55116E+21,8.69578E+15,5.01123E+16
139223,4.17121E+18,4,0,12,0,2017,12,11,6,3,3,5,1,1,0,0,0,0,1,4.71732E+20,5.93349E+21,8.57335E+15,5.35496E+16
139224,6.17011E+18,6,4,35,29,2017,1,6,2,3,2,2,0,1,0,0,0,2,1,5.2114E+20,5.56704E+21,9.29655E+15,5.02551E+16
139225,4.17121E+18,4,0,11,0,2017,12,0,1,2,0,1,1,0,0,0,0,0,2,4.71026E+20,5.89419E+21,8.5663E+15,5.31962E+16
139226,4.17121E+18,4,0,12,0,2017,12,1,3,1,8,1,0,1,0,0,1,2,2,4.7157E+20,5.93352E+21,8.57089E+15,5.35498E+16
139227,4.17112E+18,4,0,11,0,2017,11,7,3,3,6,4,0,1,1,0,0,2,1,4.88409E+20,5.8761E+21,8.82715E+15,5.30343E+16
139228,4.17112E+18,4,0,11,0,2017,11,17,3,2,1,1,0,1,0,1,0,2,1,4.74331E+20,5.89398E+21,8.61578E+15,5.31945E+16
139229,4.17112E+18,4,0,11,0,2017,11,14,3,3,5,2,0,1,0,0,0,0,1,4.89562E+20,5.88067E+21,8.8442E+15,5.30754E+16
139230,6.17011E+18,6,4,33,8,2017,1,20,3,3,5,3,0,1,0,0,1,2,1,4.70294E+20,5.5401E+21,8.5854E+15,5.00125E+16
139231,4.17121E+18,4,0,11,0,2017,12,17,5,3,6,3,0,0,1,0,1,2,1,4.81029E+20,5.89214E+21,8.71615E+15,5.31782E+16
139232,4.17122E+18,4,0,12,0,2017,12,22,6,2,0,7,0,1,1,0,0,2,0,4.71481E+20,5.93371E+21,8.56954E+15,5.35515E+16
139233,4.17122E+18,4,0,12,0,2017,12,7,2,3,2,6,0,1,0,0,0,2,1,4.73034E+20,5.93429E+21,8.59293E+15,5.35568E+16
139234,4.17113E+18,4,0,11,0,2017,11,18,4,3,5,3,1,1,0,0,0,2,0,4.88337E+20,5.88104E+21,8.82589E+15,5.30787E+16
139235,4.17112E+18,4,0,11,0,2017,11,19,3,2,6,4,0,1,1,0,0,2,1,4.80167E+20,5.89031E+21,8.70336E+15,5.31618E+16
139236,4.17113E+18,4,0,11,0,2017,11,11,4,3,1,5,0,1,0,0,1,0,0,4.84337E+20,5.88169E+21,8.76615E+15,5.30844E+16
139237,4.17112E+18,4,0,11,0,2017,11,11,3,2,6,4,0,1,1,0,0,0,1,4.74648E+20,5.89168E+21,8.62071E+15,5.31739E+16
139238,4.17113E+18,4,0,12,0,2017,11,10,3,3,5,3,0,1,0,0,0,0,1,4.72473E+20,5.93452E+21,8.58444E+15,5.35589E+16
139239,4.17112E+18,4,0,11,0,2017,11,17,3,3,4,6,0,1,0,0,0,2,1,4.84957E+20,5.88084E+21,8.77545E+15,5.30768E+16
139240,4.17112E+18,4,0,11,0,2017,11,14,3,3,5,2,1,1,0,0,0,0,1,4.95939E+20,5.87878E+21,8.9394E+15,5.30585E+16
139241,4.17123E+18,4,0,12,0,2017,12,13,7,3,1,5,0,1,0,0,0,0,1,4.72579E+20,5.93469E+21,8.58603E+15,5.35604E+16
139242,6.1701E+18,6,4,38,7,2017,1,17,2,2,3,6,0,1,0,0,1,0,2,5.0222E+20,5.53987E+21,9.03098E+15,5.00112E+16
139243,6.1701E+18,6,4,13,0,2017,1,19,2,3,5,2,1,1,0,0,0,2,1,4.85238E+20,5.55139E+21,8.79353E+15,5.01146E+16
139244,4.1712E+18,4,0,11,0,2017,12,18,6,3,5,2,0,1,0,0,0,2,0,4.94716E+20,5.88176E+21,8.9211E+15,5.30852E+16
139245,6.1701E+18,6,6,35,11,2017,1,7,3,3,0,7,1,1,0,0,0,2,1,4.84772E+20,5.65646E+21,8.7827E+15,5.10595E+16
139246,4.17121E+18,4,0,11,0,2017,12,16,5,3,5,3,0,1,0,0,0,2,1,4.9056E+20,5.88461E+21,8.85898E+15,5.31108E+16
139247,4.17122E+18,4,0,12,0,2017,12,16,6,3,3,2,0,1,0,0,0,2,0,4.7411E+20,5.9313E+21,8.60941E+15,5.353E+16
139248,4.17122E+18,4,0,11,0,2017,12,15,3,3,0,7,1,0,1,0,0,0,0,4.89544E+20,5.87971E+21,8.84396E+15,5.30668E+16
139249,4.17113E+18,4,0,11,0,2017,11,8,3,3,4,6,1,0,0,0,0,0,0,4.89691E+20,5.88062E+21,8.84612E+15,5.3075E+16
139250,4.17122E+18,4,0,11,0,2017,12,10,4,3,5,3,1,1,0,0,0,0,1,4.86395E+20,5.87992E+21,8.79695E+15,5.30686E+16
139251,4.17113E+18,4,0,11,0,2017,11,8,3,3,3,6,0,1,0,0,0,0,1,4.90114E+20,5.88156E+21,8.85241E+15,5.30834E+16
139252,4.17122E+18,4,0,11,0,2017,12,7,5,3,5,7,1,1,0,0,0,2,1,4.86989E+20,5.8828E+21,8.8057E+15,5.30945E+16
139253,4.17112E+18,4,0,11,0,2017,11,5,2,3,5,3,1,1,0,0,0,2,1,4.93763E+20,5.88021E+21,8.9069E+15,5.30713E+16
139254,4.17113E+18,4,0,11,0,2017,11,18,3,3,3,6,0,1,0,0,0,2,1,4.97291E+20,5.87671E+21,8.9596E+15,5.30399E+16
139255,4.17112E+18,4,0,11,0,2017,11,7,2,3,5,2,1,1,0,0,0,1,1,4.70751E+20,5.89375E+21,8.56221E+15,5.31923E+16
139256,4.17113E+18,4,0,11,0,2017,11,7,3,3,5,3,1,0,0,0,1,1,0,4.83402E+20,5.88588E+21,8.75197E+15,5.31221E+16
139257,4.17112E+18,4,0,11,0,2017,11,14,2,3,5,2,1,1,0,0,0,0,1,4.92478E+20,5.87996E+21,8.88774E+15,5.30691E+16
139258,4.17113E+18,4,0,11,0,2017,11,10,3,3,0,7,0,0,0,0,1,0,1,4.91327E+20,5.88277E+21,8.87049E+15,5.30943E+16
139259,6.1701E+18,6,6,34,25,2017,1,17,3,3,6,1,0,1,1,0,0,2,1,5.24442E+20,5.66145E+21,9.34911E+15,5.1104E+16
139260,6.17011E+18,6,5,34,14,2017,1,10,5,3,0,1,1,0,0,0,0,0,1,4.8334E+20,5.62686E+21,8.76363E+15,5.07932E+16
139261,4.17121E+18,4,0,11,0,2017,12,9,3,3,5,3,0,1,0,0,0,0,1,4.73767E+20,5.89193E+21,8.60751E+15,5.31761E+16
139262,6.17011E+18,6,4,14,0,2017,1,8,5,3,8,1,0,1,0,0,0,0,2,4.51428E+20,5.54642E+21,8.32129E+15,5.00681E+16
139263,4.17121E+18,4,0,11,0,2017,12,18,5,3,6,2,0,1,1,0,0,2,1,4.9344E+20,5.88023E+21,8.90208E+15,5.30715E+16
139264,6.17011E+18,6,6,11,0,2017,1,17,6,3,0,7,0,0,1,0,1,2,0,5.30347E+20,5.68113E+21,9.43512E+15,5.12807E+16
139265,4.17121E+18,4,0,12,0,2017,12,16,5,3,6,3,0,1,1,0,0,2,1,4.73068E+20,5.93169E+21,8.59366E+15,5.35334E+16
139266,6.17011E+18,6,5,34,11,2017,1,14,7,2,6,4,0,1,1,0,0,0,1,4.98961E+20,5.63504E+21,8.98523E+15,5.0867E+16
139267,4.17121E+18,4,0,11,0,2017,12,17,6,3,5,3,0,1,0,0,0,2,1,4.82075E+20,5.87811E+21,8.73258E+15,5.30522E+16
139268,4.17121E+18,4,0,11,0,2017,12,21,1,3,9,1,0,1,0,0,0,2,2,4.86657E+20,5.88366E+21,8.8007E+15,5.31023E+16
139269,4.17121E+18,4,0,11,0,2017,12,9,3,3,5,3,1,1,0,0,0,0,1,4.85808E+20,5.8808E+21,8.78815E+15,5.30765E+16
139270,4.17112E+18,4,0,11,0,2017,11,18,2,3,6,4,0,1,1,0,0,2,1,4.92753E+20,5.87777E+21,8.8919E+15,5.30494E+16
139271,4.17112E+18,4,0,11,0,2017,11,12,2,3,5,3,0,1,0,0,0,0,1,4.92375E+20,5.88458E+21,8.8861E+15,5.31106E+16
139272,4.17112E+18,4,0,11,0,2017,11,18,2,3,1,5,1,1,0,0,0,2,1,4.90259E+20,5.88129E+21,8.85458E+15,5.3081E+16
139273,4.17122E+18,4,0,11,0,2017,12,9,6,3,3,6,0,1,0,0,1,0,1,4.87386E+20,5.88123E+21,8.81169E+15,5.30804E+16
139274,4.17113E+18,4,0,11,0,2017,11,16,3,3,5,3,1,0,0,0,1,2,1,4.89483E+20,5.88408E+21,8.8429E+15,5.3106E+16
139275,4.17122E+18,4,0,11,0,2017,12,16,6,3,5,3,1,1,0,0,0,2,0,4.87906E+20,5.87655E+21,8.81963E+15,5.30383E+16
139276,4.17122E+18,4,0,11,0,2017,12,16,2,3,2,6,0,1,0,0,0,1,0,4.95745E+20,5.8788E+21,8.93651E+15,5.30587E+16
139277,4.17113E+18,4,0,11,0,2017,11,16,3,3,5,3,1,1,0,0,0,2,1,4.97539E+20,5.87872E+21,8.96327E+15,5.30579E+16
139278,4.17122E+18,4,0,11,0,2017,12,19,3,3,6,4,0,1,1,0,0,2,1,4.80506E+20,5.8892E+21,8.70851E+15,5.31518E+16
139279,4.17113E+18,4,0,12,0,2017,11,19,2,3,6,2,0,1,1,0,0,2,1,4.73389E+20,5.93578E+21,8.59816E+15,5.35702E+16
139280,4.17112E+18,4,0,11,0,2017,11,8,2,3,1,6,0,1,0,0,0,0,1,4.7508E+20,5.89293E+21,8.62708E+15,5.31851E+16
139281,4.17113E+18,4,0,12,0,2017,11,8,2,3,5,3,1,1,0,0,0,2,1,4.74157E+20,5.93129E+21,8.61013E+15,5.35299E+16
139282,4.17112E+18,4,0,12,0,2017,11,12,1,3,5,3,0,1,0,0,0,0,1,4.73164E+20,5.93135E+21,8.59515E+15,5.35303E+16
139283,4.17113E+18,4,0,11,0,2017,11,4,2,3,5,3,1,1,0,0,0,2,1,4.71476E+20,5.89446E+21,8.57301E+15,5.31987E+16
139284,4.17112E+18,4,0,11,0,2017,11,18,1,2,5,3,0,1,0,0,0,2,1,4.96743E+20,5.87615E+21,8.95144E+15,5.30348E+16
139285,6.1701E+18,6,4,38,9,2017,1,17,2,3,2,6,0,1,0,0,0,2,1,4.77739E+20,5.54441E+21,8.68906E+15,5.00516E+16
139286,6.1701E+18,6,4,34,8,2017,1,14,3,2,0,1,1,0,0,0,0,0,1,4.68067E+20,5.5626E+21,8.55243E+15,5.02147E+16
139287,4.1712E+18,4,0,11,0,2017,12,7,2,3,6,2,0,1,1,0,0,1,1,4.85621E+20,5.88368E+21,8.78524E+15,5.31023E+16
139288,6.1701E+18,6,6,33,3,2017,1,17,4,3,1,1,0,1,0,0,0,2,1,5.28776E+20,5.67835E+21,9.41236E+15,5.12558E+16
139289,4.1712E+18,4,0,11,0,2017,12,18,2,3,4,6,0,1,0,0,0,2,1,4.95473E+20,5.87942E+21,8.93244E+15,5.30643E+16
139290,6.17011E+18,6,4,11,0,2017,1,9,5,3,6,2,0,1,1,0,0,0,2,4.77089E+20,5.5279E+21,8.68095E+15,4.99031E+16
139291,4.17121E+18,4,0,11,0,2017,12,9,3,3,2,6,0,1,0,0,0,0,1,4.87861E+20,5.88094E+21,8.81879E+15,5.30778E+16
139292,6.17011E+18,6,4,36,7,2017,1,10,6,3,2,6,0,1,0,0,1,0,0,4.60889E+20,5.54817E+21,8.4533E+15,5.00845E+16
139293,4.17121E+18,4,0,11,0,2017,12,17,5,3,5,2,1,1,0,0,0,2,1,4.88238E+20,5.88167E+21,8.8244E+15,5.30844E+16
139294,4.17121E+18,4,0,11,0,2017,12,15,6,3,5,3,1,1,0,0,0,0,1,4.96417E+20,5.88079E+21,8.94651E+15,5.30766E+16
139295,4.17121E+18,4,0,11,0,2017,12,19,7,3,5,3,0,1,0,0,0,2,1,4.83775E+20,5.87876E+21,8.75792E+15,5.30581E+16
139296,4.17112E+18,4,0,11,0,2017,11,15,1,3,5,2,0,1,0,0,1,0,1,4.8477E+20,5.88443E+21,8.77248E+15,5.31091E+16
139297,4.17112E+18,4,0,11,0,2017,11,21,1,2,4,6,1,0,0,0,0,2,1,4.84822E+20,5.88365E+21,8.7733E+15,5.3102E+16
139298,4.17112E+18,4,0,12,0,2017,11,21,7,3,5,3,0,1,0,0,0,2,1,4.73176E+20,5.93578E+21,8.59494E+15,5.35702E+16
139299,4.17121E+18,4,0,11,0,2017,12,7,2,2,2,6,1,1,0,0,0,0,2,4.81068E+20,5.89205E+21,8.71674E+15,5.31774E+16
139300,4.17121E+18,4,0,11,0,2017,12,7,4,3,1,1,1,1,0,0,0,2,2,4.88052E+20,5.88299E+21,8.82157E+15,5.30963E+16
139301,4.17112E+18,4,0,12,0,2017,11,19,7,3,5,2,0,1,0,0,1,2,1,4.73772E+20,5.93755E+21,8.60379E+15,5.35861E+16
139302,4.17112E+18,4,0,12,0,2017,11,20,7,3,6,4,0,1,1,0,0,2,1,4.74708E+20,5.93836E+21,8.61786E+15,5.35935E+16
139303,4.17112E+18,4,0,11,0,2017,11,17,7,3,5,7,1,1,0,0,0,0,0,4.90859E+20,5.88022E+21,8.86356E+15,5.30714E+16
139304,4.17112E+18,4,0,11,0,2017,11,19,7,3,5,3,0,1,0,0,0,2,0,4.89563E+20,5.88208E+21,8.84417E+15,5.30881E+16
139305,6.17011E+18,6,4,32,18,2017,1,18,3,3,2,6,0,1,0,0,0,2,2,4.71804E+20,5.51719E+21,8.60815E+15,4.98065E+16
139306,4.17121E+18,4,0,11,0,2017,12,13,5,3,2,6,0,1,0,0,0,0,0,4.90307E+20,5.87994E+21,8.85534E+15,5.30689E+16
139307,4.17122E+18,4,0,11,0,2017,12,15,7,3,6,4,1,0,1,0,0,0,1,4.86412E+20,5.88078E+21,8.79717E+15,5.30763E+16
139308,4.17113E+18,4,0,11,0,2017,11,15,2,3,5,3,0,1,0,0,1,0,1,4.83369E+20,5.88173E+21,8.75169E+15,5.30848E+16
139309,4.17113E+18,4,0,11,0,2017,11,8,2,3,5,3,0,1,0,0,1,0,1,4.86699E+20,5.88023E+21,8.80148E+15,5.30714E+16
139310,4.17112E+18,4,0,11,0,2017,11,12,7,3,5,3,1,1,0,0,0,0,1,4.82687E+20,5.88726E+21,8.74122E+15,5.31344E+16
139311,4.17112E+18,4,0,11,0,2017,11,11,7,3,5,3,1,1,0,0,0,0,1,4.87817E+20,5.88093E+21,8.81814E+15,5.30777E+16
139312,4.17123E+18,4,0,11,0,2017,12,19,1,3,2,6,0,1,0,0,0,2,1,4.81823E+20,5.87873E+21,8.72878E+15,5.30577E+16
139313,6.1701E+18,6,4,33,12,2017,1,11,2,2,5,3,1,1,0,0,0,0,1,4.59321E+20,5.53869E+21,8.43239E+15,4.99991E+16
139314,4.17113E+18,4,0,12,0,2017,11,7,5,3,0,7,1,1,0,0,0,1,1,4.72737E+20,5.93629E+21,8.58827E+15,5.35747E+16
139315,6.1701E+18,6,4,13,0,2017,1,19,2,3,5,3,0,1,0,0,1,2,1,4.8302E+20,5.54935E+21,8.7626E+15,5.00962E+16
139316,4.1712E+18,4,0,11,0,2017,12,19,7,3,5,3,0,1,0,0,0,2,0,4.864E+20,5.88154E+21,8.79696E+15,5.30832E+16
139317,6.1701E+18,6,6,33,13,2017,1,17,3,3,6,2,0,1,1,0,0,2,1,5.26486E+20,5.70477E+21,9.38151E+15,5.14934E+16
139318,4.1712E+18,4,0,11,0,2017,12,6,2,3,1,6,0,1,0,0,0,2,1,4.92487E+20,5.88442E+21,8.88777E+15,5.31092E+16
139319,6.17011E+18,6,4,40,2,2017,1,9,5,3,0,1,0,0,0,1,0,0,1,4.80873E+20,5.57911E+21,8.73108E+15,5.03638E+16
139320,4.17121E+18,4,0,11,0,2017,12,15,3,3,6,2,0,0,1,0,1,0,0,4.86175E+20,5.87968E+21,8.79368E+15,5.30664E+16
139321,4.17121E+18,4,0,11,0,2017,12,17,5,3,0,7,1,0,0,0,0,2,1,4.88743E+20,5.88019E+21,8.83199E+15,5.30711E+16
139322,4.17121E+18,4,0,12,0,2017,12,19,5,3,6,2,0,1,1,0,0,1,1,4.73108E+20,5.93233E+21,8.59421E+15,5.35392E+16
139323,6.17011E+18,6,6,34,5,2017,1,19,2,3,1,1,0,1,1,0,0,2,1,5.19449E+20,5.66437E+21,9.27795E+15,5.11304E+16
139324,6.1701E+18,6,6,31,9,2017,1,12,3,3,2,6,0,1,0,0,0,0,1,5.4882E+20,5.59997E+21,9.6891E+15,5.05496E+16
139325,6.1701E+18,6,6,35,2,2017,1,16,3,3,5,2,1,1,0,0,0,0,0,5.01032E+20,5.69238E+21,9.01483E+15,5.13827E+16
139326,6.17011E+18,6,4,40,8,2017,1,21,5,3,8,7,0,1,0,0,0,2,1,4.82489E+20,5.57649E+21,8.75393E+15,5.03402E+16
139327,4.17121E+18,4,0,11,0,2017,12,16,3,3,5,3,1,1,0,0,0,0,0,4.86506E+20,5.87836E+21,8.79868E+15,5.30545E+16
139328,6.17011E+18,6,5,31,2,2017,1,14,5,3,0,1,0,0,0,1,0,0,2,4.71524E+20,5.60778E+21,8.59745E+15,5.06212E+16
139329,4.17121E+18,4,0,11,0,2017,12,10,5,3,5,3,0,1,0,0,0,0,0,4.90808E+20,5.88415E+21,8.86269E+15,5.31067E+16
139330,6.17011E+18,6,4,11,0,2017,1,10,6,3,5,2,0,1,0,0,0,0,0,4.74225E+20,5.52477E+21,8.64129E+15,4.98748E+16
139331,4.17121E+18,4,0,12,0,2017,12,17,5,3,6,2,0,1,1,0,0,2,1,4.72999E+20,5.93129E+21,8.59266E+15,5.35299E+16
139332,4.17121E+18,4,0,11,0,2017,12,8,6,3,5,2,1,1,0,0,0,0,0,4.89818E+20,5.88404E+21,8.84791E+15,5.31057E+16
139333,4.17121E+18,4,0,11,0,2017,12,10,1,3,2,6,0,1,0,0,0,0,0,4.87738E+20,5.88103E+21,8.81696E+15,5.30786E+16
139334,4.17112E+18,4,0,11,0,2017,11,12,7,3,1,5,0,1,0,0,0,0,1,4.8575E+20,5.88268E+21,8.7872E+15,5.30934E+16
139335,4.17112E+18,4,0,11,0,2017,11,15,7,3,5,2,1,1,0,0,0,0,1,4.86647E+20,5.88104E+21,8.80066E+15,5.30787E+16
139336,4.17112E+18,4,0,12,0,2017,11,19,6,3,5,3,1,1,0,0,0,2,1,4.72941E+20,5.93534E+21,8.59143E+15,5.35663E+16
139337,4.17112E+18,4,0,12,0,2017,11,9,6,2,6,3,0,1,1,0,0,0,0,4.73183E+20,5.93599E+21,8.59503E+15,5.35721E+16
139338,4.17113E+18,4,0,11,0,2017,11,15,2,3,5,3,0,1,0,0,0,1,1,4.87433E+20,5.88129E+21,8.81239E+15,5.3081E+16
139339,4.17112E+18,4,0,11,0,2017,11,19,6,3,5,3,0,1,0,1,0,2,0,4.71802E+20,5.89312E+21,8.57801E+15,5.31867E+16
139340,4.17112E+18,4,0,11,0,2017,11,10,6,3,0,3,0,1,0,0,0,0,0,4.88554E+20,5.88156E+21,8.82912E+15,5.30833E+16
139341,4.17122E+18,4,0,11,0,2017,12,23,7,3,4,7,0,1,0,0,0,2,0,4.84557E+20,5.88147E+21,8.76945E+15,5.30825E+16