OBJECTID,UIDENTSTLA,ULAND,UREGBEZ,UKREIS,UGEMEINDE,UJAHR,UMONAT,USTUNDE,UWOCHENTAG,UKATEGORIE,UART,UTYP1,IstRad,IstPKW,IstFuss,IstKrad,IstSonstig,LICHT,STRZUSTAND,LINREFX,LINREFY,XGCSWGS84,YGCSWGS84
139515,4.17122E+18,4,0,11,0,2017,12,11,6,3,2,6,0,1,0,0,0,0,0,4.85855E+20,5.8832E+21,8.78875E+15,5.30981E+16
139516,4.17111E+18,4,0,11,0,2017,11,17,3,3,0,7,1,0,0,0,0,2,1,4.86646E+20,5.88103E+21,8.80065E+15,5.30786E+16
139517,4.17112E+18,4,0,11,0,2017,11,16,6,3,2,6,0,1,0,0,0,2,0,4.93294E+20,5.87887E+21,8.89993E+15,5.30593E+16
139518,4.17123E+18,4,0,11,0,2017,12,11,4,3,4,6,0,1,0,1,0,0,1,4.84265E+20,5.8815E+21,8.76508E+15,5.30827E+16
139519,4.17111E+18,4,0,11,0,2017,11,18,3,3,2,6,0,1,0,0,0,2,1,4.88367E+20,5.88159E+21,8.82632E+15,5.30836E+16
139520,4.17112E+18,4,0,11,0,2017,11,15,6,3,5,3,1,1,0,0,0,0,0,4.8916E+20,5.87982E+21,8.83822E+15,5.30677E+16
139521,4.17112E+18,4,0,11,0,2017,11,8,6,3,6,4,0,1,1,0,0,2,1,4.89901E+20,5.87836E+21,8.84932E+15,5.30547E+16
139522,6.1701E+18,6,6,35,3,2017,1,9,4,3,9,1,0,0,0,0,1,0,2,5.05414E+20,5.6617E+21,9.07734E+15,5.11067E+16
139523,6.17011E+18,6,4,11,0,2017,1,8,5,3,2,6,0,1,0,0,0,0,2,4.73823E+20,5.52527E+21,8.63565E+15,4.98793E+16
139524,6.17011E+18,6,4,34,7,2017,1,8,6,3,1,5,0,1,0,0,0,0,1,4.64974E+20,5.57234E+21,8.50818E+15,5.03022E+16
139525,4.17121E+18,4,0,11,0,2017,12,9,5,3,0,1,1,0,0,0,0,0,0,4.86483E+20,5.8812E+21,8.79821E+15,5.30801E+16
139526,6.17011E+18,6,4,13,0,2017,1,16,6,3,6,4,0,1,1,0,0,0,0,4.83625E+20,5.55024E+21,8.77102E+15,5.01042E+16
139527,4.17121E+18,4,0,11,0,2017,12,13,6,3,6,4,0,1,1,0,0,0,1,4.92559E+20,5.88344E+21,8.88886E+15,5.31003E+16
139528,6.17011E+18,6,5,31,5,2017,1,7,2,3,5,3,1,1,0,0,0,1,1,4.77374E+20,5.603E+21,8.68045E+15,5.05785E+16
139529,4.17121E+18,4,0,11,0,2017,12,22,7,3,6,2,0,1,1,0,0,2,1,4.85632E+20,5.88062E+21,8.78553E+15,5.30749E+16
139530,4.17122E+18,4,0,11,0,2017,12,18,6,3,2,6,0,1,0,0,0,2,1,4.80092E+20,5.89092E+21,8.7022E+15,5.31673E+16
139531,4.17112E+18,4,0,12,0,2017,11,13,5,3,0,7,1,0,0,0,0,0,1,4.72934E+20,5.93234E+21,8.59159E+15,5.35393E+16
139532,4.17123E+18,4,0,11,0,2017,12,10,5,3,0,7,1,1,0,0,0,0,0,4.75813E+20,5.89255E+21,8.63806E+15,5.31817E+16
139533,4.17112E+18,4,0,12,0,2017,11,13,5,3,5,3,0,1,0,0,0,0,0,4.71128E+20,5.93462E+21,8.56412E+15,5.35597E+16
139534,4.17123E+18,4,0,11,0,2017,12,16,1,3,0,1,1,0,0,0,0,0,1,4.91245E+20,5.87973E+21,8.86934E+15,5.3067E+16
139535,4.17112E+18,4,0,12,0,2017,11,10,5,3,5,2,1,1,0,0,0,0,0,4.74135E+20,5.93801E+21,8.60925E+15,5.35903E+16
139536,6.1701E+18,6,4,33,12,2017,1,10,2,3,5,2,0,1,0,1,0,0,2,4.58275E+20,5.53689E+21,8.41799E+15,4.99829E+16
139537,4.17113E+18,4,0,12,0,2017,11,11,5,3,5,3,0,1,0,0,0,0,0,4.73034E+20,5.9362E+21,8.59276E+15,5.35739E+16
139538,4.1712E+18,4,0,12,0,2017,12,17,7,3,5,3,0,1,0,0,0,2,1,4.73129E+20,5.93147E+21,8.59461E+15,5.35315E+16
139539,4.1712E+18,4,0,11,0,2017,12,19,2,3,3,6,0,1,0,0,0,2,1,4.90364E+20,5.88012E+21,8.85619E+15,5.30705E+16
139540,6.17011E+18,6,4,38,9,2017,1,11,6,2,5,2,1,1,0,0,0,0,0,4.77952E+20,5.54416E+21,8.69204E+15,5.00494E+16
139541,6.17011E+18,6,4,14,0,2017,1,21,6,3,1,1,0,1,0,0,0,2,2,4.50038E+20,5.54535E+21,8.30201E+15,5.00583E+16
139542,6.17011E+18,6,5,31,6,2017,1,10,2,3,6,4,0,0,1,0,1,0,1,4.97119E+20,5.6045E+21,8.9593E+15,5.05924E+16
139543,4.17121E+18,4,0,11,0,2017,12,18,7,3,2,6,0,1,0,0,0,2,1,4.87366E+20,5.88121E+21,8.8114E+15,5.30802E+16
139544,6.17011E+18,6,4,11,0,2017,1,7,2,3,2,6,0,1,0,0,0,2,1,4.75054E+20,5.52642E+21,8.65271E+15,4.98897E+16
139545,4.17121E+18,4,0,11,0,2017,12,9,2,3,0,1,0,0,0,1,0,0,2,4.69931E+20,5.89427E+21,8.5499E+15,5.31969E+16
139546,4.17121E+18,4,0,11,0,2017,12,20,4,3,0,7,1,1,0,0,0,2,1,4.89636E+20,5.8824E+21,8.84524E+15,5.3091E+16
139547,4.17111E+18,4,0,11,0,2017,11,10,3,3,5,3,1,1,0,0,0,0,0,4.90751E+20,5.88025E+21,8.86195E+15,5.30717E+16
139548,6.17011E+18,6,4,40,12,2017,1,9,3,3,6,4,0,1,1,0,0,0,2,4.82546E+20,5.56467E+21,8.75526E+15,5.02339E+16
139549,4.17121E+18,4,0,11,0,2017,12,15,5,3,3,6,0,1,0,0,1,1,1,4.90413E+20,5.88037E+21,8.8569E+15,5.30727E+16
139550,4.17122E+18,4,0,11,0,2017,12,19,7,3,0,1,1,1,0,0,0,2,1,4.86775E+20,5.88116E+21,8.80258E+15,5.30798E+16
139551,4.17122E+18,4,0,11,0,2017,12,9,3,3,0,7,0,0,1,0,1,0,0,4.91597E+20,5.88355E+21,8.8745E+15,5.31014E+16
139552,4.17112E+18,4,0,11,0,2017,11,16,5,3,3,2,1,1,0,0,0,1,1,4.86007E+20,5.88291E+21,8.79103E+15,5.30955E+16
139553,4.17122E+18,4,0,11,0,2017,12,14,4,3,2,6,0,1,0,0,0,0,1,4.80094E+20,5.89097E+21,8.70223E+15,5.31677E+16
139554,4.17112E+18,4,0,11,0,2017,11,17,5,3,2,6,0,1,0,0,0,2,1,4.90496E+20,5.8812E+21,8.85812E+15,5.30802E+16
139555,4.17122E+18,4,0,11,0,2017,12,18,5,2,6,4,0,1,1,0,0,2,1,4.87135E+20,5.88284E+21,8.80789E+15,5.30949E+16
139556,4.17111E+18,4,0,11,0,2017,11,22,3,3,2,6,0,1,1,0,0,2,1,4.9269E+20,5.87928E+21,8.89092E+15,5.30629E+16
139557,4.17112E+18,4,0,11,0,2017,11,11,5,3,5,2,1,1,0,0,0,0,1,4.68198E+20,5.89513E+21,8.52387E+15,5.32045E+16
139558,4.17111E+18,4,0,12,0,2017,11,15,2,3,2,6,1,1,0,0,0,0,0,4.74097E+20,5.92887E+21,8.60942E+15,5.35081E+16
139559,4.17112E+18,4,0,11,0,2017,11,13,5,3,5,3,1,1,0,0,0,0,0,4.86588E+20,5.88008E+21,8.79983E+15,5.30701E+16
139560,4.17122E+18,4,0,11,0,2017,12,13,3,3,5,2,1,1,0,0,0,0,1,4.902E+20,5.88146E+21,8.85369E+15,5.30825E+16
139561,4.17122E+18,4,0,11,0,2017,12,16,4,3,5,3,1,1,0,0,0,1,1,4.93087E+20,5.88545E+21,8.89671E+15,5.31184E+16
139562,4.17112E+18,4,0,11,0,2017,11,11,5,3,5,2,1,1,0,0,0,0,0,4.87338E+20,5.88258E+21,8.81093E+15,5.30925E+16
139563,4.17122E+18,4,0,11,0,2017,12,10,5,3,5,3,1,1,0,0,0,0,1,4.87636E+20,5.87802E+21,8.81555E+15,5.30515E+16
139564,4.17112E+18,4,0,11,0,2017,11,14,5,3,5,3,0,1,0,0,0,0,0,4.86308E+20,5.87854E+21,8.79571E+15,5.30562E+16
139565,4.17122E+18,4,0,11,0,2017,12,16,1,3,6,4,0,1,1,0,0,2,0,4.88796E+20,5.8809E+21,8.83276E+15,5.30775E+16
139566,4.17111E+18,4,0,11,0,2017,11,7,2,2,0,1,0,1,0,1,0,1,2,4.80295E+20,5.89186E+21,8.70518E+15,5.31757E+16
139567,4.17112E+18,4,0,11,0,2017,11,10,5,3,2,6,0,1,0,0,0,0,0,4.8255E+20,5.87776E+21,8.73968E+15,5.30491E+16
139568,4.17123E+18,4,0,11,0,2017,12,10,7,2,6,3,0,1,1,0,0,0,1,4.87123E+20,5.88037E+21,8.8078E+15,5.30726E+16
139569,4.17112E+18,4,0,11,0,2017,11,11,5,3,2,6,0,1,0,0,0,0,1,4.71101E+20,5.89398E+21,8.56744E+15,5.31943E+16
139570,4.17112E+18,4,0,11,0,2017,11,11,5,3,5,2,1,1,0,0,0,0,1,4.93912E+20,5.87855E+21,8.90917E+15,5.30564E+16
139571,4.1712E+18,4,0,11,0,2017,12,13,6,3,5,3,1,1,0,0,0,0,1,4.86266E+20,5.88274E+21,8.7949E+15,5.30939E+16
139572,6.17011E+18,6,4,32,3,2017,1,12,5,3,5,3,1,1,0,0,0,0,1,4.71933E+20,5.51111E+21,8.61037E+15,4.97518E+16
139573,6.17011E+18,6,4,35,14,2017,1,7,6,3,5,3,0,1,0,0,0,0,0,4.94996E+20,5.55124E+21,8.93001E+15,5.01134E+16
139574,6.17011E+18,6,4,32,6,2017,1,12,6,3,5,3,0,1,0,0,1,0,0,4.74027E+20,5.53358E+21,8.63793E+15,4.9954E+16
139575,4.17121E+18,4,0,11,0,2017,12,15,6,3,0,7,0,0,1,0,1,0,1,4.8346E+20,5.8858E+21,8.75285E+15,5.31214E+16
139576,6.17011E+18,6,4,40,2,2017,1,22,1,3,8,1,0,1,0,0,0,2,1,4.81518E+20,5.58042E+21,8.74008E+15,5.03755E+16
139577,4.17121E+18,4,0,11,0,2017,12,7,6,3,6,4,0,1,1,0,0,1,1,4.90389E+20,5.88022E+21,8.85655E+15,5.30714E+16
139578,6.17011E+18,6,5,32,12,2017,1,17,2,3,6,3,0,1,1,0,0,2,1,4.50759E+20,5.61458E+21,8.30302E+15,5.06809E+16
139579,4.17121E+18,4,0,11,0,2017,12,18,1,3,4,1,0,1,0,0,0,2,2,4.75296E+20,5.89374E+21,8.63024E+15,5.31924E+16
139580,6.17011E+18,6,4,35,14,2017,1,6,3,3,8,1,0,1,0,0,0,2,2,4.95307E+20,5.54993E+21,8.93438E+15,5.01016E+16
139581,4.17121E+18,4,0,11,0,2017,12,14,3,3,5,3,0,0,0,0,1,0,1,4.92483E+20,5.87613E+21,8.8879E+15,5.30346E+16
139582,4.17121E+18,4,0,12,0,2017,12,13,4,3,1,6,0,1,0,0,0,0,1,4.72523E+20,5.93438E+21,8.5852E+15,5.35576E+16
139583,4.17111E+18,4,0,11,0,2017,11,22,2,3,6,4,0,0,1,0,1,2,0,4.85608E+20,5.88368E+21,8.78504E+15,5.31023E+16
139584,4.17111E+18,4,0,11,0,2017,11,13,2,3,5,2,1,1,0,0,0,2,0,4.82546E+20,5.88734E+21,8.7391E+15,5.31352E+16
139585,6.17011E+18,6,4,35,14,2017,1,17,3,2,6,2,0,1,1,0,0,2,1,4.94321E+20,5.55351E+21,8.92054E+15,5.01338E+16
139586,4.17121E+18,4,0,11,0,2017,12,14,5,3,0,7,0,0,0,0,1,0,0,4.87229E+20,5.88093E+21,8.80936E+15,5.30777E+16
139587,4.17122E+18,4,0,11,0,2017,12,20,6,3,4,2,0,1,0,0,0,2,0,4.83528E+20,5.88568E+21,8.75387E+15,5.31203E+16
139588,6.17011E+18,6,4,33,8,2017,1,8,3,3,5,2,0,1,0,0,0,0,2,4.69978E+20,5.53926E+21,8.58105E+15,5.00049E+16
139589,4.17122E+18,4,0,11,0,2017,12,13,6,3,0,7,0,0,1,0,1,0,0,4.73734E+20,5.89195E+21,8.60701E+15,5.31762E+16
139590,4.17122E+18,4,0,11,0,2017,12,17,2,3,6,4,0,0,1,0,1,2,0,4.86896E+20,5.87888E+21,8.80447E+15,5.30593E+16
139591,4.17112E+18,4,0,12,0,2017,11,12,4,3,2,6,0,1,0,0,0,0,1,4.72853E+20,5.93185E+21,8.59041E+15,5.35349E+16
139592,4.17122E+18,4,0,11,0,2017,12,13,3,3,6,4,1,0,1,0,0,0,1,4.8722E+20,5.88106E+21,8.80922E+15,5.30789E+16
139593,4.17112E+18,4,0,11,0,2017,11,15,4,3,0,7,0,1,0,0,1,0,1,4.91343E+20,5.88243E+21,8.87073E+15,5.30913E+16
139594,4.17122E+18,4,0,11,0,2017,12,7,5,2,1,5,1,0,0,0,1,2,1,4.91324E+20,5.88651E+21,8.87034E+15,5.3128E+16
139595,4.17111E+18,4,0,11,0,2017,11,14,2,3,6,4,1,0,1,0,0,0,0,4.87103E+20,5.88053E+21,8.8075E+15,5.30741E+16
139596,4.17112E+18,4,0,11,0,2017,11,6,4,3,2,6,1,1,0,0,0,2,1,4.7325E+20,5.89213E+21,8.59975E+15,5.31778E+16
139597,4.17122E+18,4,0,11,0,2017,12,12,6,2,2,6,0,1,0,0,1,0,0,4.92856E+20,5.88145E+21,8.89335E+15,5.30824E+16
139598,4.17111E+18,4,0,11,0,2017,11,17,2,3,5,3,1,1,0,0,0,2,0,4.92335E+20,5.88452E+21,8.88549E+15,5.311E+16
139599,4.17112E+18,4,0,11,0,2017,11,6,4,2,0,7,1,0,0,0,0,2,1,4.91622E+20,5.88153E+21,8.87492E+15,5.30832E+16
139600,4.17111E+18,4,0,11,0,2017,11,9,2,3,0,7,0,1,0,0,0,0,1,4.87027E+20,5.88165E+21,8.80631E+15,5.30841E+16
139601,4.17112E+18,4,0,11,0,2017,11,11,4,3,6,4,0,1,1,0,0,0,0,4.86988E+20,5.88134E+21,8.80574E+15,5.30814E+16
139602,4.17112E+18,4,0,12,0,2017,11,14,3,3,5,3,1,1,0,0,0,0,1,4.71803E+20,5.9335E+21,8.57441E+15,5.35497E+16
139603,6.1701E+18,6,4,38,9,2017,1,18,3,3,5,3,0,1,0,0,0,2,0,4.77129E+20,5.54432E+21,8.68053E+15,5.00507E+16
139604,6.17011E+18,6,5,31,5,2017,1,11,5,3,5,3,0,0,0,0,1,0,2,4.7554E+20,5.60261E+21,8.65456E+15,5.05749E+16
139605,6.17011E+18,6,4,12,0,2017,1,15,5,3,5,3,0,1,0,0,1,0,0,4.6911E+20,5.54993E+21,8.56807E+15,5.01009E+16
139606,4.17121E+18,4,0,11,0,2017,12,15,4,3,6,4,0,1,1,0,0,0,0,4.67731E+20,5.89527E+21,8.51687E+15,5.32058E+16
139607,6.17011E+18,6,6,33,23,2017,1,8,6,3,6,4,0,0,1,0,1,0,0,5.24026E+20,5.68133E+21,9.34449E+15,5.12828E+16
139608,4.17121E+18,4,0,11,0,2017,12,17,5,3,0,6,1,1,0,0,0,2,1,4.74172E+20,5.89339E+21,8.61344E+15,5.31893E+16
139609,6.17011E+18,6,6,11,0,2017,1,10,6,3,8,1,0,1,0,0,0,0,1,5.37516E+20,5.68759E+21,9.53857E+15,5.13383E+16
139610,6.17011E+18,6,4,37,13,2017,1,12,3,3,6,6,0,1,1,0,0,0,0,4.88563E+20,5.5066E+21,8.84136E+15,4.97118E+16
139611,4.17121E+18,4,0,11,0,2017,12,12,6,3,5,3,0,1,0,1,0,0,1,4.8818E+20,5.87598E+21,8.82374E+15,5.30333E+16
139612,6.17011E+18,6,5,32,1,2017,1,17,2,3,1,5,0,1,0,0,0,2,1,4.63139E+20,5.60402E+21,8.4793E+15,5.05869E+16
139613,6.17011E+18,6,4,11,0,2017,1,7,3,2,6,3,0,1,1,0,0,2,1,4.73265E+20,5.5221E+21,8.62811E+15,4.98507E+16
139614,4.17121E+18,4,0,11,0,2017,12,10,7,3,5,3,0,1,0,0,0,0,1,4.75572E+20,5.89083E+21,8.6346E+15,5.31663E+16
139615,4.17121E+18,4,0,11,0,2017,12,15,2,2,1,1,0,1,0,1,0,1,2,4.7144E+20,5.89454E+21,8.57245E+15,5.31994E+16
139616,6.17011E+18,6,6,35,2,2017,1,11,3,3,5,3,0,1,0,0,0,0,1,5.00889E+20,5.6918E+21,9.01278E+15,5.13775E+16
139617,6.17011E+18,6,6,35,11,2017,1,10,3,3,6,3,0,1,1,0,0,0,2,4.8592E+20,5.65634E+21,8.79909E+15,5.10584E+16
139618,6.17011E+18,6,4,38,2,2017,1,23,3,3,5,3,0,1,0,0,0,2,1,4.78228E+20,5.54263E+21,8.69598E+15,5.00355E+16
139619,6.17011E+18,6,4,34,8,2017,1,15,3,3,1,1,0,1,0,0,0,0,2,4.70032E+20,5.56113E+21,8.58008E+15,5.02016E+16
139620,4.17111E+18,4,0,11,0,2017,11,8,2,3,0,7,0,0,0,1,0,0,2,4.94085E+20,5.87722E+21,8.91178E+15,5.30444E+16
139621,6.17013E+18,6,5,31,5,2017,1,20,7,3,5,3,0,1,0,0,0,2,0,4.76095E+20,5.60223E+21,8.66243E+15,5.05715E+16
139622,6.17013E+18,6,6,33,17,2017,1,10,6,3,4,5,0,1,0,0,0,0,0,5.37873E+20,5.67989E+21,9.54288E+15,5.12691E+16
139623,6.17013E+18,6,6,11,0,2017,1,12,6,3,0,3,1,0,0,0,1,0,1,5.34895E+20,5.685E+21,9.50069E+15,5.13152E+16
139624,6.17013E+18,6,4,14,0,2017,1,15,6,3,5,3,0,1,0,0,1,0,0,4.45947E+20,5.54535E+21,8.24486E+15,5.0058E+16
139625,6.17013E+18,6,4,14,0,2017,1,23,6,3,5,3,0,1,0,0,0,2,0,4.44118E+20,5.54798E+21,8.21892E+15,5.00815E+16
139626,6.17013E+18,6,4,14,0,2017,1,0,6,3,0,1,0,0,0,1,0,2,0,4.45341E+20,5.54893E+21,8.23589E+15,5.00901E+16
139627,6.17013E+18,6,4,13,0,2017,1,12,6,3,5,3,0,1,0,0,0,0,0,4.8628E+20,5.54843E+21,8.80821E+15,5.00879E+16
139628,6.17013E+18,6,4,12,0,2017,1,10,6,3,2,6,0,1,0,0,1,0,0,4.73655E+20,5.55629E+21,8.63118E+15,5.01583E+16
139629,6.17013E+18,6,4,12,0,2017,1,18,6,3,2,6,0,1,0,0,0,2,0,4.74514E+20,5.55126E+21,8.64355E+15,5.0113E+16
139630,6.17013E+18,6,4,12,0,2017,1,13,6,3,6,4,0,1,1,0,0,0,0,4.78195E+20,5.55599E+21,8.69475E+15,5.01558E+16
139631,6.17013E+18,6,4,12,0,2017,1,7,6,3,2,6,0,1,0,0,0,1,0,4.77196E+20,5.54926E+21,8.68117E+15,5.00952E+16
139632,6.17013E+18,6,6,32,3,2017,1,15,6,3,4,1,0,1,0,0,0,0,0,5.55213E+20,5.64765E+21,9.78648E+15,5.09778E+16
139633,6.17013E+18,6,4,39,15,2017,1,9,6,3,6,6,0,1,1,0,0,0,1,4.39138E+20,5.55422E+21,8.14834E+15,5.01371E+16
139634,6.17013E+18,6,4,38,10,2017,1,9,6,3,5,3,0,1,0,0,0,0,0,4.89783E+20,5.54666E+21,8.85723E+15,5.00721E+16
139635,6.17013E+18,6,4,34,11,2017,1,7,6,3,6,2,0,1,1,0,0,1,1,4.66802E+20,5.57582E+21,8.53354E+15,5.03335E+16
139636,6.17013E+18,6,4,34,7,2017,1,17,6,2,5,3,1,1,0,0,0,1,1,4.65541E+20,5.57294E+21,8.51608E+15,5.03076E+16
139637,6.17013E+18,6,4,31,11,2017,1,8,6,3,5,2,1,0,0,0,1,0,0,4.7345E+20,5.49793E+21,8.63233E+15,4.96334E+16
139638,6.17013E+18,6,4,11,0,2017,1,11,6,3,5,3,0,1,0,1,0,0,0,4.74414E+20,5.51881E+21,8.64431E+15,4.98212E+16
139639,6.17013E+18,6,4,31,5,2017,1,13,6,3,0,7,1,0,0,0,1,0,0,4.60536E+20,5.4992E+21,8.45337E+15,4.9644E+16
139640,6.17013E+18,6,4,31,2,2017,1,16,6,3,0,7,0,1,0,0,0,1,0,4.72914E+20,5.50325E+21,8.62453E+15,4.96811E+16
139641,6.17013E+18,6,4,33,12,2017,1,7,6,3,6,4,0,1,1,0,0,1,0,4.5896E+20,5.538E+21,8.42744E+15,4.99929E+16
139642,6.17013E+18,6,5,32,18,2017,1,12,6,3,5,3,0,1,0,0,1,0,0,4.62498E+20,5.59659E+21,8.47099E+15,5.052E+16
139643,6.17013E+18,6,5,32,16,2017,1,12,6,3,2,6,0,1,0,0,0,0,0,4.51179E+20,5.59817E+21,8.31113E+15,5.05335E+16
139644,6.17013E+18,6,5,31,5,2017,1,21,5,2,4,6,0,1,0,0,0,2,1,4.79116E+20,5.60494E+21,8.70493E+15,5.0596E+16
139645,6.17013E+18,6,4,13,0,2017,1,22,5,3,1,1,0,1,0,0,0,2,0,4.81971E+20,5.55115E+21,8.74784E+15,5.01124E+16
139646,6.17013E+18,6,4,12,0,2017,1,17,5,3,5,3,1,1,0,0,0,2,0,4.76339E+20,5.5552E+21,8.66882E+15,5.01486E+16
139647,6.17013E+18,6,4,11,0,2017,1,13,5,3,5,3,1,1,0,0,0,0,0,4.74847E+20,5.52536E+21,8.6499E+15,4.98801E+16
139648,6.17013E+18,6,6,11,0,2017,1,10,5,3,5,3,0,1,0,0,0,0,1,5.30127E+20,5.68458E+21,9.43225E+15,5.13117E+16
139649,6.17013E+18,6,4,39,2,2017,1,0,5,3,8,1,0,1,0,0,0,2,1,4.3486E+20,5.5538E+21,8.08856E+15,5.01328E+16
139650,6.17013E+18,6,4,38,11,2017,1,15,5,3,6,4,0,1,1,0,0,0,0,4.91059E+20,5.54123E+21,8.87518E+15,5.00233E+16
139651,6.17013E+18,6,4,32,15,2017,1,17,5,1,6,4,0,1,1,0,0,2,1,4.89643E+20,5.52963E+21,8.85572E+15,4.9919E+16
139652,6.17013E+18,6,4,31,13,2017,1,14,5,3,0,1,0,0,0,1,0,0,0,4.61175E+20,5.49446E+21,8.46268E+15,4.96014E+16
139653,6.17013E+18,6,4,31,10,2017,1,13,5,3,4,6,0,1,0,0,0,0,0,4.62232E+20,5.50738E+21,8.47607E+15,4.97177E+16
139654,6.17013E+18,6,5,35,1,2017,1,8,5,3,6,4,0,1,1,0,0,0,1,5.19074E+20,5.62145E+21,9.27034E+15,5.07445E+16
139655,6.17013E+18,6,5,32,3,2017,1,10,5,2,6,7,0,1,1,0,0,0,0,4.57141E+20,5.59658E+21,8.39543E+15,5.05197E+16
139656,6.17013E+18,6,5,32,23,2017,1,21,5,3,1,5,0,1,0,0,0,2,0,4.65844E+20,5.6033E+21,8.51757E+15,5.05806E+16
139657,6.17013E+18,6,5,31,14,2017,1,10,5,3,6,4,0,1,1,0,0,0,0,4.80465E+20,5.59844E+21,8.72433E+15,5.05376E+16
139658,6.17013E+18,6,5,31,5,2017,1,16,4,3,3,6,1,1,0,0,0,0,0,4.76537E+20,5.60361E+21,8.66858E+15,5.0584E+16
139659,6.17013E+18,6,6,32,2,2017,1,12,4,3,3,2,0,1,0,0,1,0,0,5.50124E+20,5.63593E+21,9.71239E+15,5.08729E+16
139660,6.17013E+18,6,6,33,17,2017,1,7,4,3,5,3,0,1,0,0,0,0,0,5.37582E+20,5.68048E+21,9.53877E+15,5.12745E+16
139661,6.17013E+18,6,6,33,26,2017,1,8,4,3,6,6,0,1,1,0,0,0,2,5.31957E+20,5.69057E+21,9.45904E+15,5.13655E+16
139662,6.17013E+18,6,4,14,0,2017,1,14,4,3,5,3,0,1,0,0,0,0,0,4.49384E+20,5.54023E+21,8.29355E+15,5.00123E+16
139663,6.17013E+18,6,4,14,0,2017,1,15,4,3,3,6,0,1,0,0,0,0,0,4.45942E+20,5.54838E+21,8.24436E+15,5.00852E+16
139664,6.17013E+18,6,4,13,0,2017,1,11,4,3,5,3,0,1,0,0,0,0,0,4.83628E+20,5.54962E+21,8.77109E+15,5.00986E+16
139665,6.17013E+18,6,4,13,0,2017,1,20,4,2,6,4,0,1,1,0,0,2,0,4.83365E+20,5.54939E+21,8.76741E+15,5.00965E+16
139666,6.17013E+18,6,4,12,0,2017,1,15,4,2,6,4,0,1,1,0,0,0,0,4.67232E+20,5.55004E+21,8.5418E+15,5.01017E+16
139667,6.17013E+18,6,4,12,0,2017,1,12,4,3,6,4,0,1,1,0,0,0,0,4.72846E+20,5.55655E+21,8.61985E+15,5.01605E+16
139668,6.17013E+18,6,4,12,0,2017,1,19,4,2,5,2,1,1,0,0,0,2,0,4.7747E+20,5.55164E+21,8.68487E+15,5.01166E+16
139669,6.17013E+18,6,4,11,0,2017,1,17,4,3,2,6,0,1,0,0,0,2,0,4.74781E+20,5.52452E+21,8.64903E+15,4.98725E+16
139670,6.17013E+18,6,4,40,5,2017,1,20,4,3,5,3,0,1,0,0,0,2,0,4.76935E+20,5.58704E+21,8.67523E+15,5.04349E+16
139671,6.17013E+18,6,4,40,16,2017,1,17,4,2,5,3,0,1,0,0,0,1,0,5.00969E+20,5.58992E+21,9.01366E+15,5.04613E+16
139672,6.17012E+18,6,6,32,12,2017,1,15,3,3,0,6,0,1,0,0,1,0,0,5.52264E+20,5.63996E+21,9.74337E+15,5.09089E+16
139673,6.17012E+18,6,4,14,0,2017,1,17,3,3,9,6,0,1,0,0,1,2,2,4.47334E+20,5.55021E+21,8.26357E+15,5.01018E+16
139674,6.17012E+18,6,4,14,0,2017,1,9,3,2,6,2,0,1,1,0,0,0,0,4.45394E+20,5.54751E+21,8.23683E+15,5.00774E+16
139675,6.17012E+18,6,4,12,0,2017,1,13,3,3,6,4,1,0,1,0,0,0,0,4.76314E+20,5.5515E+21,8.6687E+15,5.01153E+16
139676,6.17012E+18,6,4,12,0,2017,1,11,3,3,3,7,0,1,0,0,0,0,0,4.75159E+20,5.55225E+21,8.65251E+15,5.01219E+16
139677,6.17012E+18,6,4,12,0,2017,1,12,3,3,6,7,0,1,1,0,0,0,0,4.77639E+20,5.5554E+21,8.68702E+15,5.01504E+16
139678,6.17012E+18,6,4,12,0,2017,1,12,3,3,1,5,1,1,0,0,0,0,0,4.78703E+20,5.55181E+21,8.70211E+15,5.01181E+16
139679,6.17012E+18,6,4,12,0,2017,1,18,3,3,2,6,1,1,0,0,0,2,0,4.77362E+20,5.55211E+21,8.68333E+15,5.01208E+16
139680,6.17012E+18,6,4,11,0,2017,1,7,3,3,6,2,0,1,1,0,0,2,0,4.75385E+20,5.52882E+21,8.65716E+15,4.99113E+16
139681,6.17012E+18,6,4,32,23,2017,1,17,3,3,5,3,0,1,0,0,0,1,0,4.71792E+20,5.52655E+21,8.60729E+15,4.98906E+16
139682,6.17012E+18,6,4,40,8,2017,1,14,3,3,2,6,0,1,0,0,1,0,2,4.82242E+20,5.5753E+21,8.75051E+15,5.03295E+16
139683,6.17012E+18,6,6,31,9,2017,1,16,3,2,2,2,0,1,0,0,0,2,1,5.48619E+20,5.60027E+21,9.6863E+15,5.05523E+16
139684,6.17012E+18,6,5,31,5,2017,1,18,2,3,8,7,0,1,0,0,0,2,2,4.79625E+20,5.60633E+21,8.71204E+15,5.06085E+16
139685,6.17012E+18,6,5,33,4,2017,1,18,2,3,5,3,0,1,0,0,0,2,0,4.30942E+20,5.5952E+21,8.02617E+15,5.05047E+16
139686,6.17012E+18,6,5,33,9,2017,1,9,2,3,6,4,0,1,1,0,0,0,1,4.3551E+20,5.5797E+21,8.09323E+15,5.03659E+16