OBJECTID,UIDENTSTLA,ULAND,UREGBEZ,UKREIS,UGEMEINDE,UJAHR,UMONAT,USTUNDE,UWOCHENTAG,UKATEGORIE,UART,UTYP1,IstRad,IstPKW,IstFuss,IstKrad,IstSonstig,LICHT,STRZUSTAND,LINREFX,LINREFY,XGCSWGS84,YGCSWGS84
139687,6.17012E+18,6,6,11,0,2017,1,15,2,3,6,7,0,0,1,0,1,0,0,5.34844E+20,5.68527E+21,9.49998E+15,5.13177E+16
139688,6.17012E+18,6,4,14,0,2017,1,7,2,3,5,3,0,1,0,0,0,1,1,4.43128E+20,5.54846E+21,8.20502E+15,5.00857E+16
139689,6.17012E+18,6,4,14,0,2017,1,18,2,3,5,3,1,1,0,0,0,2,1,4.45993E+20,5.54914E+21,8.24498E+15,5.0092E+16
139690,6.17012E+18,6,4,12,0,2017,1,1,2,2,1,5,0,1,0,1,0,2,2,4.73139E+20,5.55122E+21,8.62432E+15,5.01126E+16
139691,6.17012E+18,6,6,36,6,2017,1,7,2,3,6,4,0,1,1,0,0,2,1,5.50376E+20,5.67218E+21,9.72101E+15,5.11988E+16
139692,6.17012E+18,6,6,33,3,2017,1,8,2,3,2,2,0,1,0,0,0,0,1,5.27416E+20,5.67817E+21,9.39286E+15,5.12542E+16
139693,6.17012E+18,6,6,11,0,2017,1,18,2,3,5,3,0,1,0,0,0,2,2,5.32379E+20,5.68493E+21,9.46459E+15,5.13147E+16
139694,6.17012E+18,6,4,39,15,2017,1,7,2,3,6,4,0,1,1,0,0,0,0,4.39577E+20,5.55471E+21,8.15441E+15,5.01416E+16
139695,6.17012E+18,6,4,34,1,2017,1,7,2,3,2,6,0,1,0,0,0,2,2,4.73309E+20,5.56275E+21,8.62589E+15,5.02163E+16
139696,6.17012E+18,6,4,34,1,2017,1,7,2,3,2,6,0,1,0,0,0,0,2,4.73306E+20,5.56272E+21,8.62584E+15,5.0216E+16
139697,6.17012E+18,6,4,34,1,2017,1,17,2,3,3,6,0,1,0,0,1,1,0,4.71945E+20,5.56385E+21,8.60668E+15,5.02261E+16
139698,6.17012E+18,6,4,40,3,2017,1,17,2,3,6,4,0,1,1,0,0,0,0,4.81628E+20,5.55967E+21,8.74264E+15,5.0189E+16
139699,6.17012E+18,6,5,32,6,2017,1,13,2,3,5,7,0,1,0,0,0,0,0,4.50201E+20,5.62042E+21,8.29433E+15,5.07334E+16
139700,6.17012E+18,6,4,38,12,2017,1,15,2,3,6,4,0,1,1,0,0,0,0,4.87692E+20,5.53611E+21,8.82834E+15,4.99772E+16
139701,6.17012E+18,6,4,11,0,2017,1,13,2,3,2,6,0,1,0,0,0,0,0,4.7364E+20,5.51769E+21,8.63362E+15,4.98111E+16
139702,6.17012E+18,6,4,33,10,2017,1,7,2,3,6,4,0,1,1,0,0,1,0,4.61115E+20,5.53935E+21,8.45737E+15,5.00052E+16
139703,6.17012E+18,6,4,35,14,2017,1,8,2,2,6,4,0,1,1,0,0,0,1,4.93795E+20,5.55471E+21,8.91316E+15,5.01446E+16
139704,6.17012E+18,6,4,14,0,2017,1,21,1,3,5,2,0,1,0,0,0,2,0,4.46442E+20,5.54635E+21,8.25163E+15,5.00671E+16
139705,6.17012E+18,6,4,12,0,2017,1,9,1,3,5,3,0,1,0,0,0,0,0,4.71271E+20,5.54957E+21,8.59832E+15,5.00977E+16
139706,6.17012E+18,6,4,36,4,2017,1,16,1,3,6,6,0,1,1,0,0,0,0,4.58857E+20,5.53983E+21,8.42581E+15,5.00094E+16
139707,6.17012E+18,6,4,33,12,2017,1,16,1,3,6,4,0,1,1,0,0,0,0,4.573E+20,5.53814E+21,8.40426E+15,4.99941E+16
139708,6.17012E+18,6,4,35,17,2017,1,12,7,3,5,3,0,1,0,0,0,0,0,5.0206E+20,5.55867E+21,9.02885E+15,5.01802E+16
139709,6.17012E+18,6,4,13,0,2017,1,9,7,2,6,4,0,0,1,0,1,0,0,4.82651E+20,5.54933E+21,8.75744E+15,5.0096E+16
139710,6.17012E+18,6,4,13,0,2017,1,17,7,3,5,3,0,1,0,0,0,1,0,4.84035E+20,5.55E+21,8.77676E+15,5.01021E+16
139711,6.17012E+18,6,4,12,0,2017,1,15,7,3,5,3,0,1,0,0,0,0,0,4.67781E+20,5.55057E+21,8.54944E+15,5.01065E+16
139712,6.17012E+18,6,6,35,11,2017,1,15,7,3,5,3,0,1,0,0,0,0,2,4.84727E+20,5.65581E+21,8.78209E+15,5.10536E+16
139713,6.17012E+18,6,4,32,16,2017,1,3,7,3,9,1,0,1,0,0,0,2,0,4.81281E+20,5.51908E+21,8.73976E+15,4.98239E+16
139714,6.17012E+18,6,5,31,5,2017,1,16,7,3,2,6,0,1,0,0,0,0,1,4.78811E+20,5.60314E+21,8.70072E+15,5.05798E+16
139715,6.17012E+18,6,5,33,14,2017,1,22,6,2,9,1,0,1,0,0,0,2,2,4.51311E+20,5.57924E+21,8.31545E+15,5.03633E+16
139716,6.17012E+18,6,4,14,0,2017,1,9,6,3,2,6,0,1,0,0,0,0,0,4.44158E+20,5.54435E+21,8.22002E+15,5.00489E+16
139717,6.17012E+18,6,4,12,0,2017,1,7,6,3,5,3,1,0,0,0,1,1,0,4.76361E+20,5.55405E+21,8.66921E+15,5.01383E+16
139718,6.17012E+18,6,4,12,0,2017,1,1,6,3,5,3,0,1,0,0,0,2,0,4.75612E+20,5.55066E+21,8.65894E+15,5.01076E+16
139719,6.17012E+18,6,6,11,0,2017,1,7,6,3,6,2,0,1,1,0,0,2,2,5.31215E+20,5.68637E+21,9.44801E+15,5.13277E+16
139720,6.17012E+18,6,4,35,19,2017,1,11,6,3,6,7,0,1,1,0,0,0,0,4.88055E+20,5.55532E+21,8.8328E+15,5.015E+16
139721,6.17012E+18,6,4,38,11,2017,1,10,6,3,6,7,0,1,1,0,0,0,0,4.90534E+20,5.53893E+21,8.86792E+15,5.00026E+16
139722,6.17012E+18,6,4,34,1,2017,1,13,6,3,6,2,0,1,1,0,0,0,0,4.73425E+20,5.56364E+21,8.62746E+15,5.02244E+16
139723,6.17012E+18,6,4,31,20,2017,1,17,6,3,6,4,0,1,1,0,0,2,0,4.69543E+20,5.48694E+21,8.57907E+15,4.95343E+16
139724,6.17012E+18,6,4,31,22,2017,1,14,6,3,5,3,0,1,0,0,0,0,0,4.7145E+20,5.50753E+21,8.60394E+15,4.97196E+16
139725,6.17012E+18,6,4,33,12,2017,1,16,6,3,2,6,0,1,0,0,0,0,0,4.59191E+20,5.53933E+21,8.43052E+15,5.00049E+16
139726,6.17012E+18,6,4,33,6,2017,1,11,6,3,5,3,1,1,0,0,0,0,0,4.63468E+20,5.52938E+21,8.49115E+15,4.99157E+16
139727,6.17012E+18,6,4,35,14,2017,1,8,5,3,6,4,0,1,1,0,0,0,0,4.95445E+20,5.55388E+21,8.93627E+15,5.01372E+16
139728,6.17012E+18,6,5,31,5,2017,1,14,5,3,2,6,0,1,0,0,0,0,0,4.79845E+20,5.60422E+21,8.71527E+15,5.05895E+16
139729,6.17012E+18,6,6,33,17,2017,1,17,5,3,0,7,0,1,0,0,1,2,0,5.37826E+20,5.68077E+21,9.5423E+15,5.1277E+16
139730,6.17012E+18,6,4,14,0,2017,1,10,5,2,0,1,1,0,0,0,0,0,1,4.49919E+20,5.5392E+21,8.30116E+15,5.0003E+16
139731,6.17012E+18,6,4,14,0,2017,1,11,5,3,5,3,0,1,0,0,0,0,0,4.42602E+20,5.54666E+21,8.19794E+15,5.00694E+16
139732,6.17012E+18,6,4,13,0,2017,1,14,5,3,5,2,1,1,0,0,0,0,0,4.81626E+20,5.5506E+21,8.74305E+15,5.01074E+16
139733,6.17012E+18,6,4,11,0,2017,1,13,5,3,3,6,0,1,0,0,1,0,0,4.74892E+20,5.5249E+21,8.65055E+15,4.9876E+16
139734,6.17012E+18,6,6,11,0,2017,1,7,5,2,0,7,0,0,1,0,1,1,2,5.30853E+20,5.68025E+21,9.44229E+15,5.12728E+16
139735,6.17012E+18,6,6,32,3,2017,1,8,5,2,4,7,0,1,0,0,1,0,0,5.55192E+20,5.64816E+21,9.78626E+15,5.09824E+16
139736,6.17012E+18,6,4,32,18,2017,1,9,5,3,5,3,0,1,0,0,0,0,1,4.70811E+20,5.5167E+21,8.59437E+15,4.98021E+16
139737,6.17012E+18,6,4,40,6,2017,1,11,5,2,6,2,0,1,1,0,0,0,0,4.92079E+20,5.5827E+21,8.88856E+15,5.03963E+16
139738,6.17012E+18,6,4,31,20,2017,1,18,5,3,5,3,0,1,0,0,0,2,0,4.70805E+20,5.48889E+21,8.59637E+15,4.95519E+16
139739,6.17012E+18,6,4,33,6,2017,1,11,5,3,5,3,1,1,0,0,0,0,0,4.62803E+20,5.52982E+21,8.48184E+15,4.99196E+16
139740,6.17012E+18,6,5,32,23,2017,1,3,5,3,0,1,0,0,0,1,0,2,2,4.64534E+20,5.59833E+21,8.49954E+15,5.05359E+16
139741,6.17012E+18,6,6,32,11,2017,1,15,4,3,0,7,0,0,0,0,1,0,0,5.40701E+20,5.63163E+21,9.578E+15,5.0835E+16
139742,6.17012E+18,6,4,14,0,2017,1,20,4,3,6,2,0,1,1,0,0,2,0,4.47162E+20,5.54593E+21,8.26176E+15,5.00633E+16
139743,6.17012E+18,6,4,13,0,2017,1,10,4,3,4,6,0,1,0,0,0,0,0,4.82694E+20,5.55095E+21,8.75797E+15,5.01106E+16
139744,6.17012E+18,6,4,36,3,2017,1,9,4,3,3,2,1,1,0,0,0,0,0,4.69248E+20,5.55409E+21,8.56967E+15,5.01382E+16
139745,6.17012E+18,6,4,12,0,2017,1,11,4,3,5,3,0,1,0,0,0,0,0,4.71615E+20,5.54996E+21,8.6031E+15,5.01012E+16
139746,6.17012E+18,6,4,12,0,2017,1,9,4,3,3,2,1,1,0,0,0,0,0,4.76039E+20,5.55105E+21,8.66488E+15,5.01112E+16
139747,6.17012E+18,6,4,11,0,2017,1,14,4,3,5,2,0,1,0,1,0,0,0,4.74053E+20,5.52522E+21,8.63886E+15,4.98789E+16
139748,6.17012E+18,6,4,11,0,2017,1,15,4,3,5,3,0,1,0,0,0,0,0,4.76026E+20,5.52481E+21,8.66634E+15,4.98752E+16
139749,6.17012E+18,6,4,11,0,2017,1,14,4,3,1,5,0,1,0,0,0,0,0,4.74584E+20,5.52451E+21,8.6463E+15,4.98724E+16
139750,6.17012E+18,6,6,34,22,2017,1,10,4,3,5,3,0,1,0,0,0,0,0,5.16594E+20,5.64084E+21,9.23608E+15,5.0919E+16
139751,6.17012E+18,6,6,35,1,2017,1,20,4,3,5,3,0,1,0,0,0,2,0,4.76719E+20,5.65211E+21,8.66808E+15,5.10201E+16
139752,6.17012E+18,6,4,39,8,2017,1,13,4,3,5,3,0,1,0,0,0,0,0,4.47517E+20,5.56371E+21,8.26427E+15,5.02232E+16
139753,6.17012E+18,6,5,34,14,2017,1,12,4,3,2,6,0,1,0,0,0,0,0,4.83691E+20,5.63148E+21,8.76839E+15,5.08348E+16
139754,6.17012E+18,6,6,31,9,2017,1,23,4,2,5,3,0,1,0,0,0,2,0,5.49219E+20,5.60004E+21,9.69473E+15,5.05502E+16
139755,6.17012E+18,6,6,31,9,2017,1,9,4,2,6,4,0,1,1,0,0,0,0,5.48177E+20,5.60021E+21,9.68005E+15,5.05518E+16
139756,6.17012E+18,6,6,31,9,2017,1,7,4,3,6,4,0,0,1,0,1,2,2,5.4915E+20,5.6011E+21,9.69391E+15,5.05597E+16
139757,6.17012E+18,6,5,31,5,2017,1,17,3,3,6,7,0,1,1,0,0,2,0,4.77289E+20,5.60415E+21,8.67917E+15,5.05888E+16
139758,6.17012E+18,6,6,35,15,2017,1,15,3,3,0,1,0,0,0,1,0,0,1,4.90989E+20,5.68068E+21,8.87081E+15,5.12774E+16
139759,6.17012E+18,6,6,34,11,2017,1,18,3,3,1,7,0,0,0,0,1,2,2,5.3316E+20,5.65069E+21,9.47264E+15,5.10068E+16
139760,6.17012E+18,6,6,11,0,2017,1,8,3,3,5,3,0,1,0,0,0,0,2,5.32881E+20,5.68513E+21,9.47182E+15,5.13165E+16
139761,6.17012E+18,6,4,14,0,2017,1,17,3,2,6,4,0,1,1,0,0,1,0,4.48968E+20,5.54795E+21,8.28672E+15,5.00816E+16
139762,6.17012E+18,6,4,14,0,2017,1,16,3,3,2,2,0,1,0,0,0,1,0,4.42751E+20,5.54674E+21,8.20001E+15,5.00702E+16
139763,6.17012E+18,6,4,12,0,2017,1,13,3,3,0,5,0,1,0,0,1,0,0,4.76172E+20,5.55059E+21,8.66677E+15,5.01071E+16
139764,6.17012E+18,6,4,12,0,2017,1,16,3,3,6,7,0,1,1,0,0,0,0,4.77233E+20,5.55236E+21,8.68151E+15,5.01231E+16
139765,6.17012E+18,6,4,12,0,2017,1,8,3,2,6,4,0,1,1,0,0,0,0,4.78066E+20,5.55136E+21,8.69322E+15,5.01141E+16
139766,6.17012E+18,6,4,32,23,2017,1,13,3,3,5,2,0,1,0,0,0,0,0,4.72141E+20,5.52691E+21,8.61213E+15,4.9894E+16
139767,6.17012E+18,6,4,32,23,2017,1,11,3,3,5,3,0,1,0,0,0,0,0,4.72141E+20,5.52736E+21,8.6121E+15,4.9898E+16
139768,6.17012E+18,6,4,11,0,2017,1,6,3,3,6,2,0,1,1,0,0,2,0,4.76244E+20,5.52395E+21,8.66943E+15,4.98675E+16
139769,6.17012E+18,6,4,34,11,2017,1,12,3,3,2,6,0,1,0,0,0,0,0,4.66141E+20,5.57494E+21,8.52433E+15,5.03256E+16
139770,6.17012E+18,6,4,34,1,2017,1,7,3,3,6,4,0,1,1,0,0,0,0,4.74284E+20,5.56307E+21,8.63953E+15,5.02192E+16
139771,6.17012E+18,6,4,32,15,2017,1,9,3,3,5,3,0,1,0,0,0,0,0,4.89534E+20,5.52941E+21,8.85422E+15,4.9917E+16
139772,6.17012E+18,6,4,31,13,2017,1,15,3,3,5,3,0,1,0,0,0,0,0,4.6274E+20,5.49414E+21,8.48438E+15,4.95987E+16
139773,6.17012E+18,6,5,35,13,2017,1,7,3,3,6,6,0,1,1,0,0,2,2,5.03053E+20,5.61035E+21,9.04318E+15,5.0645E+16
139774,6.17012E+18,6,6,31,9,2017,1,15,3,3,5,3,0,1,0,0,0,0,0,5.49557E+20,5.59902E+21,9.69937E+15,5.0541E+16
139775,6.17012E+18,6,5,31,11,2017,1,12,3,2,6,4,0,1,1,0,0,0,0,4.87163E+20,5.59664E+21,8.81891E+15,5.05216E+16
139776,6.17012E+18,6,5,31,11,2017,1,9,3,3,2,6,0,1,0,0,1,0,1,4.87699E+20,5.59528E+21,8.82651E+15,5.05093E+16
139777,6.17012E+18,6,5,31,5,2017,1,16,3,3,5,3,0,1,0,0,0,1,0,4.7678E+20,5.60298E+21,8.67205E+15,5.05782E+16
139778,6.17012E+18,6,5,31,5,2017,1,10,3,3,2,6,1,1,0,0,0,0,0,4.78337E+20,5.60243E+21,8.69407E+15,5.05734E+16
139779,6.17012E+18,6,5,31,5,2017,1,14,3,3,5,7,1,1,0,0,0,0,0,4.77357E+20,5.60291E+21,8.6802E+15,5.05777E+16
139780,6.17012E+18,6,4,14,0,2017,1,13,2,3,4,2,0,1,0,0,0,0,1,4.47569E+20,5.54156E+21,8.26804E+15,5.00241E+16
139781,6.17012E+18,6,4,14,0,2017,1,17,2,3,6,2,0,1,1,0,0,2,1,4.48993E+20,5.54106E+21,8.28798E+15,5.00196E+16
139782,6.17012E+18,6,4,14,0,2017,1,15,2,3,5,2,0,1,0,0,0,0,0,4.43306E+20,5.5474E+21,8.20767E+15,5.00762E+16
139783,6.17012E+18,6,4,12,0,2017,1,19,2,3,0,1,0,0,0,1,0,2,1,4.72838E+20,5.54925E+21,8.62025E+15,5.00949E+16
139784,6.17012E+18,6,4,12,0,2017,1,8,2,3,6,4,0,1,1,0,0,0,0,4.76024E+20,5.55413E+21,8.66448E+15,5.0139E+16
139785,6.17012E+18,6,4,12,0,2017,1,12,2,3,3,6,0,1,0,0,0,0,0,4.77016E+20,5.55188E+21,8.67851E+15,5.01187E+16
139786,6.17012E+18,6,4,11,0,2017,1,8,2,3,2,6,0,1,0,0,0,0,1,4.74449E+20,5.52333E+21,8.64449E+15,4.98618E+16
139787,6.17012E+18,6,6,11,0,2017,1,14,2,3,5,2,0,1,0,0,1,0,1,5.30883E+20,5.68467E+21,9.4431E+15,5.13125E+16
139788,6.17012E+18,6,4,35,25,2017,1,17,2,3,6,2,0,1,1,0,0,2,1,5.37298E+20,5.57761E+21,9.52425E+15,5.03494E+16
139789,6.17012E+18,6,5,32,6,2017,1,9,2,3,5,3,0,1,0,0,0,0,2,4.49809E+20,5.62041E+21,8.28878E+15,5.07333E+16
139790,6.17012E+18,6,5,32,6,2017,1,11,2,3,2,6,0,1,0,0,0,0,2,4.49468E+20,5.62146E+21,8.28381E+15,5.07427E+16
139791,6.17012E+18,6,4,32,2,2017,1,11,2,3,5,3,1,1,0,0,0,0,0,4.96702E+20,5.53429E+21,8.95401E+15,4.99609E+16
139792,6.17012E+18,6,5,34,4,2017,1,7,2,3,6,4,0,1,1,0,0,0,2,4.66347E+20,5.64054E+21,8.52128E+15,5.09155E+16
139793,6.17012E+18,6,4,33,12,2017,1,21,2,2,6,2,0,1,1,0,0,2,0,4.56086E+20,5.53801E+21,8.38734E+15,4.99928E+16
139794,6.17012E+18,6,5,34,14,2017,1,7,2,3,2,6,0,1,0,0,1,1,2,4.82356E+20,5.62782E+21,8.74961E+15,5.08018E+16
139795,6.17012E+18,6,6,31,18,2017,1,10,2,2,6,4,0,1,1,0,0,0,2,5.43724E+20,5.58968E+21,9.61596E+15,5.04575E+16
139796,6.17012E+18,6,4,35,14,2017,1,8,2,3,0,5,0,1,1,0,0,0,0,4.94243E+20,5.55307E+21,8.91946E+15,5.01299E+16
139797,6.17012E+18,6,4,13,0,2017,1,11,1,3,1,5,0,1,0,1,0,0,0,4.84306E+20,5.54937E+21,8.78058E+15,5.00964E+16
139798,6.17012E+18,6,4,12,0,2017,1,15,1,3,5,3,0,1,0,0,0,0,1,4.73635E+20,5.55658E+21,8.63089E+15,5.01609E+16
139799,6.17012E+18,6,6,33,23,2017,1,16,1,3,8,1,0,1,0,0,0,1,2,5.26827E+20,5.6797E+21,9.38453E+15,5.1268E+16
139800,6.17012E+18,6,4,31,7,2017,1,13,1,2,8,1,0,0,0,0,1,0,1,4.8576E+20,5.50095E+21,8.80269E+15,4.96609E+16
139801,6.17012E+18,6,5,32,12,2017,1,20,1,3,5,3,0,1,0,0,0,2,2,4.50892E+20,5.61522E+21,8.30482E+15,5.06867E+16
139802,6.17012E+18,6,5,32,9,2017,1,3,1,3,9,1,0,1,0,0,0,2,2,4.53607E+20,5.62901E+21,8.34151E+15,5.08109E+16
139803,6.17012E+18,6,6,31,9,2017,1,18,1,3,8,1,0,1,0,0,0,2,2,5.49241E+20,5.59999E+21,9.69504E+15,5.05498E+16
139804,6.17011E+18,6,5,31,5,2017,1,13,7,3,5,2,0,1,0,0,0,0,0,4.77911E+20,5.60504E+21,8.6879E+15,5.05968E+16
139805,6.17011E+18,6,5,31,5,2017,1,0,7,3,6,7,1,0,1,0,0,2,1,4.77573E+20,5.60492E+21,8.68313E+15,5.05958E+16
139806,6.17011E+18,6,4,12,0,2017,1,15,7,3,5,3,0,1,0,0,0,0,0,4.77382E+20,5.55018E+21,8.68373E+15,5.01035E+16
139807,6.17011E+18,6,4,12,0,2017,1,1,7,3,2,6,0,1,0,0,0,2,1,4.76186E+20,5.55116E+21,8.66693E+15,5.01122E+16
139808,6.17011E+18,6,4,32,23,2017,1,13,7,3,3,2,0,1,0,0,0,0,0,4.71157E+20,5.52742E+21,8.59839E+15,4.98984E+16
139809,6.17011E+18,6,4,11,0,2017,1,19,7,3,5,3,0,1,0,1,0,2,1,4.75192E+20,5.52308E+21,8.65485E+15,4.98596E+16
139810,6.17011E+18,6,4,11,0,2017,1,21,7,3,6,4,0,1,1,0,0,2,1,4.75578E+20,5.52567E+21,8.66005E+15,4.9883E+16
139811,6.17011E+18,6,4,39,3,2017,1,12,7,3,6,6,0,1,1,0,0,0,0,4.36781E+20,5.5422E+21,8.11734E+15,5.00287E+16
139812,6.17011E+18,6,4,12,0,2017,1,11,7,3,5,3,1,1,0,0,0,0,1,4.78177E+20,5.54526E+21,8.69512E+15,5.00593E+16
139813,6.17011E+18,6,4,34,1,2017,1,19,7,3,5,3,0,1,0,0,0,2,1,4.71701E+20,5.56496E+21,8.60319E+15,5.02361E+16
139814,6.17011E+18,6,4,34,1,2017,1,13,7,3,2,6,0,1,0,0,0,0,0,4.72512E+20,5.56571E+21,8.61451E+15,5.02429E+16
139815,6.17011E+18,6,4,35,10,2017,1,9,7,3,5,3,0,1,0,0,0,0,1,5.11558E+20,5.55955E+21,9.1619E+15,5.01881E+16
139816,6.17011E+18,6,5,34,22,2017,1,10,7,3,5,1,0,1,0,0,0,0,1,4.96267E+20,5.64257E+21,8.94687E+15,5.09348E+16
139817,6.17011E+18,6,6,35,15,2017,1,8,6,3,1,7,0,1,0,0,0,0,1,4.90761E+20,5.67996E+21,8.86756E+15,5.12709E+16
139818,6.17011E+18,6,6,11,0,2017,1,14,6,3,5,3,0,1,0,0,1,0,1,5.3618E+20,5.68466E+21,9.5191E+15,5.13121E+16
139819,6.17011E+18,6,6,11,0,2017,1,23,6,3,1,5,0,1,0,0,0,2,2,5.3565E+20,5.68559E+21,9.51158E+15,5.13205E+16
139820,6.17011E+18,6,4,14,0,2017,1,7,6,3,6,2,0,0,1,0,1,2,1,4.44776E+20,5.54749E+21,8.2282E+15,5.00771E+16
139821,6.17011E+18,6,4,14,0,2017,1,21,6,3,5,2,0,1,0,0,0,2,0,4.45992E+20,5.54758E+21,8.24518E+15,5.0078E+16
139822,6.17011E+18,6,4,36,3,2017,1,20,6,3,5,3,1,1,0,0,0,2,1,4.69009E+20,5.55482E+21,8.56626E+15,5.01448E+16
139823,6.17011E+18,6,4,12,0,2017,1,8,6,3,5,3,1,1,0,0,0,1,1,4.75991E+20,5.55397E+21,8.66404E+15,5.01375E+16
139824,6.17011E+18,6,4,12,0,2017,1,6,6,3,2,6,0,1,0,0,0,2,1,4.80723E+20,5.55186E+21,8.73035E+15,5.01187E+16
139825,6.17011E+18,6,4,12,0,2017,1,3,6,3,9,1,0,1,0,0,0,2,1,4.7821E+20,5.55289E+21,8.69515E+15,5.01278E+16
139826,6.17011E+18,6,6,34,22,2017,1,7,6,3,5,3,0,1,0,0,0,1,2,5.13516E+20,5.63952E+21,9.19224E+15,5.09072E+16
139827,6.17011E+18,6,6,35,3,2017,1,5,6,3,1,7,0,1,0,0,1,2,2,5.06274E+20,5.66185E+21,9.08961E+15,5.11081E+16
139828,6.17011E+18,6,6,33,13,2017,1,11,6,2,6,4,0,1,1,0,0,0,1,5.26622E+20,5.70486E+21,9.38348E+15,5.14942E+16
139829,6.17011E+18,6,4,39,2,2017,1,9,6,3,2,7,0,1,0,0,1,0,2,4.33644E+20,5.55502E+21,8.07134E+15,5.01437E+16
139830,6.17011E+18,6,4,34,8,2017,1,14,6,3,2,6,0,1,0,0,1,0,1,4.70571E+20,5.55989E+21,8.58773E+15,5.01904E+16
139831,6.17011E+18,6,4,34,2,2017,1,13,6,3,6,4,0,1,1,0,0,0,1,4.74909E+20,5.56728E+21,8.64801E+15,5.02571E+16
139832,6.17011E+18,6,4,36,7,2017,1,12,6,3,4,6,0,1,0,0,0,0,1,4.59586E+20,5.54688E+21,8.43523E+15,5.00729E+16
139833,6.17011E+18,6,4,36,8,2017,1,7,6,3,6,4,0,1,1,0,0,2,2,4.60287E+20,5.55505E+21,8.44418E+15,5.01464E+16
139834,6.17011E+18,6,4,40,7,2017,1,11,6,3,6,4,0,0,1,0,1,0,1,4.90426E+20,5.5739E+21,8.86552E+15,5.03171E+16
139835,6.17011E+18,6,5,31,10,2017,1,13,6,3,3,2,0,1,0,0,0,0,1,4.9798E+20,5.59904E+21,8.97149E+15,5.05433E+16
139836,6.17011E+18,6,6,36,1,2017,1,15,5,3,5,3,0,1,0,0,0,0,0,5.68486E+20,5.68027E+21,9.98172E+15,5.12696E+16
139837,6.17011E+18,6,4,13,0,2017,1,7,5,2,5,3,1,1,0,0,0,2,0,4.83818E+20,5.54952E+21,8.77374E+15,5.00977E+16
139838,6.17011E+18,6,4,13,0,2017,1,10,5,3,1,5,1,1,0,0,0,0,0,4.84697E+20,5.55166E+21,8.78596E+15,5.0117E+16
139839,6.17011E+18,6,4,36,3,2017,1,14,5,3,5,3,0,1,0,0,0,0,1,4.6878E+20,5.55468E+21,8.56308E+15,5.01435E+16
139840,6.17011E+18,6,4,12,0,2017,1,19,5,3,5,3,0,1,0,0,1,2,1,4.73346E+20,5.55828E+21,8.62672E+15,5.01761E+16
139841,6.17011E+18,6,4,12,0,2017,1,21,5,2,6,4,1,0,1,0,0,2,1,4.75411E+20,5.55152E+21,8.65607E+15,5.01154E+16
139842,6.17011E+18,6,4,12,0,2017,1,16,5,3,3,2,0,1,0,0,1,1,1,4.74436E+20,5.55168E+21,8.64243E+15,5.01168E+16
139843,6.17011E+18,6,4,12,0,2017,1,15,5,3,5,3,0,1,0,0,0,0,1,4.77854E+20,5.55282E+21,8.69017E+15,5.01272E+16
139844,6.17011E+18,6,4,12,0,2017,1,19,5,3,5,7,1,1,0,0,0,2,1,4.77092E+20,5.55154E+21,8.67959E+15,5.01156E+16
139845,6.17011E+18,6,4,32,23,2017,1,17,5,3,3,6,0,1,0,0,1,2,0,4.7185E+20,5.52769E+21,8.60801E+15,4.99009E+16
139846,6.17011E+18,6,4,11,0,2017,1,19,5,2,6,3,0,1,1,0,0,2,1,4.75262E+20,5.52409E+21,8.65576E+15,4.98687E+16
139847,6.17011E+18,6,4,11,0,2017,1,16,5,3,5,3,1,1,0,0,0,0,0,4.74772E+20,5.52375E+21,8.64895E+15,4.98656E+16
139848,6.17011E+18,6,4,11,0,2017,1,17,5,3,2,6,0,1,0,1,0,2,1,4.74097E+20,5.52347E+21,8.63958E+15,4.98631E+16
139849,6.17011E+18,6,4,35,25,2017,1,10,5,3,6,2,0,1,1,0,0,0,1,5.37317E+20,5.57756E+21,9.52451E+15,5.03489E+16
139850,6.17011E+18,6,4,38,9,2017,1,21,5,3,5,3,0,1,0,0,0,2,1,4.78575E+20,5.54472E+21,8.70071E+15,5.00544E+16
139851,6.17011E+18,6,4,38,6,2017,1,19,5,3,6,2,0,1,1,0,0,2,1,4.7549E+20,5.53792E+21,8.65806E+15,4.99931E+16
139852,6.17011E+18,6,4,40,10,2017,1,10,5,3,1,7,0,1,0,0,0,0,0,5.01127E+20,5.57439E+21,9.01583E+15,5.03216E+16
139853,6.17011E+18,6,5,32,6,2017,1,14,5,3,2,6,0,1,0,0,0,0,0,4.49985E+20,5.62003E+21,8.29133E+15,5.07299E+16
139854,6.17011E+18,6,4,38,1,2017,1,20,5,2,5,3,0,1,0,0,0,2,1,4.85099E+20,5.53965E+21,8.79204E+15,5.0009E+16
139855,6.17011E+18,6,4,32,10,2017,1,12,5,3,2,2,0,1,0,0,0,0,0,4.95121E+20,5.52402E+21,8.93211E+15,4.98685E+16
139856,6.17011E+18,6,5,35,1,2017,1,15,5,3,2,6,0,1,0,0,0,0,0,5.18361E+20,5.62143E+21,9.26024E+15,5.07444E+16
139857,6.17011E+18,6,5,34,14,2017,1,7,5,2,6,2,0,1,1,0,0,2,1,4.82794E+20,5.629E+21,8.75577E+15,5.08124E+16
139858,6.17011E+18,6,6,31,9,2017,1,7,5,2,6,2,0,1,1,0,0,0,1,5.48508E+20,5.60119E+21,9.68486E+15,5.05606E+16
139859,6.17011E+18,6,5,31,5,2017,1,7,5,3,6,2,0,1,1,0,0,1,1,4.76877E+20,5.60309E+21,8.67341E+15,5.05793E+16