OBJECTID,UIDENTSTLA,ULAND,UREGBEZ,UKREIS,UGEMEINDE,UJAHR,UMONAT,USTUNDE,UWOCHENTAG,UKATEGORIE,UART,UTYP1,IstRad,IstPKW,IstFuss,IstKrad,IstSonstig,LICHT,STRZUSTAND,LINREFX,LINREFY,XGCSWGS84,YGCSWGS84
139860,6.17011E+18,6,4,35,14,2017,1,7,5,3,6,4,0,1,1,0,0,2,0,4.96883E+20,5.55034E+21,8.95641E+15,5.01053E+16
139861,6.17011E+18,6,4,11,0,2017,1,8,4,3,2,6,0,1,0,0,0,0,1,4.76331E+20,5.52481E+21,8.67059E+15,4.98752E+16
139862,6.17011E+18,6,6,33,22,2017,1,11,4,3,6,4,0,1,1,0,0,0,1,5.41797E+20,5.70515E+21,9.6021E+15,5.1496E+16
139863,6.17011E+18,6,6,33,3,2017,1,15,4,3,1,5,0,1,0,0,0,0,1,5.29676E+20,5.67953E+21,9.42536E+15,5.12663E+16
139864,6.17011E+18,6,4,38,2,2017,1,15,4,3,5,2,0,1,0,0,0,0,1,4.78481E+20,5.54133E+21,8.69958E+15,5.00239E+16
139865,6.17011E+18,6,4,38,8,2017,1,17,4,3,2,6,0,1,0,0,0,2,1,4.88869E+20,5.54752E+21,8.84442E+15,5.00799E+16
139866,6.17011E+18,6,4,40,3,2017,1,19,4,3,5,3,0,1,0,0,0,2,1,4.81737E+20,5.5612E+21,8.74409E+15,5.02027E+16
139867,6.17011E+18,6,4,32,15,2017,1,18,4,3,6,4,0,1,1,0,0,2,1,4.90137E+20,5.53011E+21,8.8626E+15,4.99233E+16
139868,6.17011E+18,6,4,32,15,2017,1,17,4,3,5,3,0,1,0,0,0,2,1,4.90392E+20,5.53015E+21,8.86615E+15,4.99237E+16
139869,6.17011E+18,6,4,33,8,2017,1,16,4,3,2,6,0,1,0,0,0,2,1,4.69945E+20,5.53645E+21,8.5808E+15,4.99797E+16
139870,6.17011E+18,6,6,31,9,2017,1,15,4,3,5,3,0,1,0,0,0,0,1,5.48287E+20,5.60142E+21,9.68177E+15,5.05627E+16
139871,6.17011E+18,6,5,31,17,2017,1,13,3,3,5,3,0,1,0,0,0,0,1,4.84434E+20,5.61306E+21,8.77973E+15,5.06692E+16
139872,6.17011E+18,6,5,33,9,2017,1,15,3,3,2,6,0,1,0,0,0,0,1,4.33155E+20,5.5823E+21,8.05966E+15,5.0389E+16
139873,6.17011E+18,6,4,14,0,2017,1,6,3,3,4,6,0,1,0,0,0,2,2,4.44257E+20,5.54654E+21,8.22108E+15,5.00685E+16
139874,6.17011E+18,6,4,13,0,2017,1,6,3,3,5,3,1,1,0,0,0,2,2,4.8312E+20,5.54829E+21,8.76404E+15,5.00866E+16
139875,6.17011E+18,6,4,13,0,2017,1,16,3,3,5,3,1,1,0,0,0,1,2,4.82636E+20,5.54945E+21,8.75723E+15,5.00971E+16
139876,6.17011E+18,6,4,13,0,2017,1,8,3,3,2,6,0,1,0,0,0,0,1,4.84783E+20,5.5506E+21,8.7872E+15,5.01074E+16
139877,6.17022E+18,6,4,14,0,2017,2,9,6,3,3,2,1,1,0,0,0,0,1,4.43035E+20,5.54424E+21,8.20435E+15,5.00477E+16
139878,6.17022E+18,6,4,13,0,2017,2,20,6,3,5,7,0,1,0,0,0,2,0,4.82492E+20,5.55048E+21,8.75516E+15,5.01064E+16
139879,6.17022E+18,6,4,13,0,2017,2,9,6,3,5,3,0,1,0,0,0,0,0,4.85916E+20,5.5489E+21,8.8031E+15,5.00922E+16
139880,6.17022E+18,6,4,12,0,2017,2,8,6,3,2,6,1,0,0,0,0,0,1,4.74496E+20,5.55011E+21,8.64338E+15,5.01027E+16
139881,6.17022E+18,6,4,11,0,2017,2,6,6,3,2,6,0,1,0,0,0,2,1,4.73474E+20,5.52586E+21,8.63075E+15,4.98845E+16
139882,6.17022E+18,6,6,34,26,2017,2,7,6,3,9,1,0,1,0,0,0,0,1,5.15412E+20,5.63335E+21,9.21895E+15,5.08516E+16
139883,6.17022E+18,6,4,38,13,2017,2,13,6,3,5,3,0,1,0,0,0,0,1,4.98673E+20,5.543E+21,8.98147E+15,5.00393E+16
139884,6.17022E+18,6,4,38,2,2017,2,11,6,2,6,7,0,1,1,0,0,0,1,4.78189E+20,5.54108E+21,8.69552E+15,5.00217E+16
139885,6.17022E+18,6,4,38,11,2017,2,15,6,3,5,3,0,1,0,0,0,0,1,4.91724E+20,5.54191E+21,8.88446E+15,5.00295E+16
139886,6.17022E+18,6,4,38,10,2017,2,6,6,3,5,3,0,1,0,1,0,2,1,4.89858E+20,5.54777E+21,8.85825E+15,5.00821E+16
139887,6.17022E+18,6,4,34,1,2017,2,11,6,3,5,2,0,1,0,0,1,0,1,4.72627E+20,5.56291E+21,8.61631E+15,5.02177E+16
139888,6.17022E+18,6,4,31,13,2017,2,11,6,3,5,3,0,1,0,0,0,0,0,4.61452E+20,5.49505E+21,8.46646E+15,4.96068E+16
139889,6.17022E+18,6,6,31,9,2017,2,19,6,3,8,1,0,1,0,0,0,2,1,5.44504E+20,5.60021E+21,9.62821E+15,5.05522E+16
139890,6.17022E+18,6,6,31,20,2017,2,7,6,3,4,1,0,1,0,0,0,0,2,5.49906E+20,5.60117E+21,9.70459E+15,5.05603E+16
139891,6.17022E+18,6,6,31,9,2017,2,12,6,3,0,7,0,1,1,0,0,0,0,5.49696E+20,5.59926E+21,9.70136E+15,5.05432E+16
139892,6.17022E+18,6,5,31,5,2017,2,7,5,3,1,1,0,1,0,0,0,0,1,4.7875E+20,5.60622E+21,8.69969E+15,5.06075E+16
139893,6.17022E+18,6,6,35,21,2017,2,13,5,3,0,7,1,0,1,0,0,0,0,5.00419E+20,5.67722E+21,9.006E+15,5.12464E+16
139894,6.17022E+18,6,4,14,0,2017,2,19,5,3,5,5,0,1,0,1,0,2,1,4.42104E+20,5.54487E+21,8.19125E+15,5.00533E+16
139895,6.17022E+18,6,4,14,0,2017,2,17,5,3,2,6,0,1,0,0,0,0,1,4.42938E+20,5.54423E+21,8.20301E+15,5.00476E+16
139896,6.17022E+18,6,4,14,0,2017,2,17,5,3,5,2,0,1,0,0,0,2,1,4.44114E+20,5.54797E+21,8.21887E+15,5.00814E+16
139897,6.17022E+18,6,4,14,0,2017,2,16,5,3,1,5,1,1,0,0,0,1,1,4.45801E+20,5.54751E+21,8.24252E+15,5.00774E+16
139898,6.17022E+18,6,4,13,0,2017,2,15,5,3,5,3,0,1,0,0,0,0,0,4.83109E+20,5.55042E+21,8.76379E+15,5.01058E+16
139899,6.17022E+18,6,4,13,0,2017,2,18,5,3,6,7,0,1,1,0,0,2,1,4.82585E+20,5.5508E+21,8.75644E+15,5.01092E+16
139900,6.17022E+18,6,4,13,0,2017,2,12,5,2,6,4,0,1,1,0,0,0,0,4.83691E+20,5.55024E+21,8.77194E+15,5.01042E+16
139901,6.17022E+18,6,4,12,0,2017,2,18,5,3,6,4,0,1,1,0,0,2,1,4.77421E+20,5.55447E+21,8.68401E+15,5.0142E+16
139902,6.17022E+18,6,4,12,0,2017,2,7,5,3,6,2,0,1,1,0,0,0,0,4.79003E+20,5.55283E+21,8.70624E+15,5.01274E+16
139903,6.17022E+18,6,4,12,0,2017,2,19,5,3,5,3,1,1,0,0,0,2,1,4.76256E+20,5.55201E+21,8.66786E+15,5.01199E+16
139904,6.17022E+18,6,4,11,0,2017,2,14,5,3,5,3,0,1,0,0,0,0,0,4.7452E+20,5.52617E+21,8.6453E+15,4.98874E+16
139905,6.17022E+18,6,4,11,0,2017,2,18,5,3,5,2,1,0,0,0,1,1,1,4.74393E+20,5.52479E+21,8.64361E+15,4.9875E+16
139906,6.17022E+18,6,4,40,4,2017,2,11,5,2,6,2,0,1,1,0,0,0,0,5.0756E+20,5.57087E+21,9.10613E+15,5.02899E+16
139907,6.17022E+18,6,4,33,6,2017,2,18,5,2,4,6,0,1,0,0,0,2,1,4.62231E+20,5.53108E+21,8.47374E+15,4.99309E+16
139908,6.17022E+18,6,6,35,15,2017,2,21,4,2,4,1,0,1,0,0,0,2,0,4.91498E+20,5.68155E+21,8.87809E+15,5.12852E+16
139909,6.17022E+18,6,6,33,26,2017,2,9,4,3,4,1,0,1,0,0,0,0,0,5.32885E+20,5.69006E+21,9.47232E+15,5.13609E+16
139910,6.17022E+18,6,4,12,0,2017,2,19,4,3,2,6,0,1,0,0,0,2,0,4.76995E+20,5.55727E+21,8.67789E+15,5.01672E+16
139911,6.17022E+18,6,4,12,0,2017,2,14,4,3,3,2,1,1,0,0,0,0,0,4.76817E+20,5.55064E+21,8.67579E+15,5.01075E+16
139912,6.17022E+18,6,4,12,0,2017,2,8,4,3,3,6,0,1,0,0,1,0,0,4.78028E+20,5.55152E+21,8.69267E+15,5.01155E+16
139913,6.17022E+18,6,4,11,0,2017,2,13,4,2,0,7,1,0,1,0,0,0,0,4.74215E+20,5.52246E+21,8.6413E+15,4.9854E+16
139914,6.17022E+18,6,4,11,0,2017,2,17,4,3,5,2,1,1,0,0,0,0,0,4.74899E+20,5.52538E+21,8.65063E+15,4.98803E+16
139915,6.17022E+18,6,6,33,13,2017,2,0,4,3,8,1,0,1,0,0,0,2,0,5.27089E+20,5.70496E+21,9.39022E+15,5.14951E+16
139916,6.17022E+18,6,4,38,6,2017,2,13,4,3,5,3,0,1,0,0,0,0,0,4.74837E+20,5.53779E+21,8.64894E+15,4.99919E+16
139917,6.17022E+18,6,4,36,8,2017,2,15,4,3,6,6,0,1,1,0,0,0,0,4.60456E+20,5.55431E+21,8.44662E+15,5.01397E+16
139918,6.17022E+18,6,4,36,10,2017,2,8,4,3,5,3,0,1,0,0,0,0,0,4.63555E+20,5.55296E+21,8.49012E+15,5.01277E+16
139919,6.17022E+18,6,5,32,11,2017,2,9,4,2,6,7,0,0,1,0,1,0,0,4.42403E+20,5.62196E+21,8.1836E+15,5.07465E+16
139920,6.17022E+18,6,4,32,8,2017,2,13,4,3,5,3,1,1,0,0,0,0,0,4.6868E+20,5.52436E+21,8.56414E+15,4.98708E+16
139921,6.17022E+18,6,4,33,8,2017,2,12,4,3,6,4,0,1,1,0,0,0,0,4.68372E+20,5.5364E+21,8.55887E+15,4.99791E+16
139922,6.17022E+18,6,5,34,14,2017,2,10,4,2,0,7,0,0,1,0,1,0,0,4.83876E+20,5.62672E+21,8.77123E+15,5.0792E+16
139923,6.17021E+18,6,5,35,11,2017,2,6,3,3,0,7,1,0,0,0,0,2,0,5.28794E+20,5.60967E+21,9.40719E+15,5.06382E+16
139924,6.17021E+18,6,5,33,14,2017,2,13,3,3,0,7,0,0,0,0,1,0,0,4.45129E+20,5.57673E+21,8.2289E+15,5.03401E+16
139925,6.17021E+18,6,4,12,0,2017,2,15,3,3,5,3,1,1,0,0,0,0,0,4.70557E+20,5.55016E+21,8.58828E+15,5.0103E+16
139926,6.17021E+18,6,4,12,0,2017,2,8,3,3,6,4,0,1,1,0,0,0,0,4.71069E+20,5.55307E+21,8.59523E+15,5.01291E+16
139927,6.17021E+18,6,4,12,0,2017,2,8,3,3,6,4,0,1,1,0,0,0,0,4.71034E+20,5.55308E+21,8.59474E+15,5.01293E+16
139928,6.17021E+18,6,4,38,2,2017,2,15,3,3,2,6,0,1,0,0,0,0,0,4.7774E+20,5.5405E+21,8.68928E+15,5.00164E+16
139929,6.17021E+18,6,4,32,4,2017,2,15,3,2,1,5,1,1,0,0,0,0,0,4.89192E+20,5.52688E+21,8.84953E+15,4.98942E+16
139930,6.17021E+18,6,5,34,18,2017,2,8,3,3,6,7,0,0,1,0,1,0,0,5.01329E+20,5.63622E+21,9.01889E+15,5.08777E+16
139931,6.17021E+18,6,6,31,7,2017,2,8,3,3,5,7,0,1,0,0,0,0,0,5.56474E+20,5.62357E+21,9.80073E+15,5.07612E+16
139932,6.17021E+18,6,4,35,14,2017,2,18,3,3,6,4,0,1,1,0,0,2,0,4.94899E+20,5.55264E+21,8.92864E+15,5.01259E+16
139933,6.17021E+18,6,4,12,0,2017,2,7,3,3,3,2,0,1,0,0,0,0,0,4.82102E+20,5.55588E+21,8.74945E+15,5.01549E+16
139934,6.17021E+18,6,5,31,6,2017,2,10,3,3,5,3,0,1,0,0,0,0,0,4.93127E+20,5.60766E+21,8.90284E+15,5.06208E+16
139935,6.17021E+18,6,5,31,5,2017,2,14,3,3,6,6,0,1,1,0,0,0,0,4.75465E+20,5.60234E+21,8.65353E+15,5.05724E+16
139936,6.17021E+18,6,5,31,5,2017,2,12,3,3,5,3,0,1,0,1,0,0,0,4.77932E+20,5.60354E+21,8.68829E+15,5.05833E+16
139937,6.17021E+18,6,4,35,14,2017,2,10,3,3,0,7,0,1,0,0,0,0,0,4.93683E+20,5.55032E+21,8.91167E+15,5.01051E+16
139938,6.17021E+18,6,4,12,0,2017,2,17,2,3,3,6,1,1,0,0,0,2,0,4.77706E+20,5.54533E+21,8.68854E+15,5.00598E+16
139939,6.17021E+18,6,4,38,6,2017,2,12,2,3,6,4,0,1,1,0,0,0,0,4.76407E+20,5.53838E+21,8.67081E+15,4.99972E+16
139940,6.17021E+18,6,4,32,4,2017,2,12,2,3,5,3,0,1,0,0,0,0,0,4.89413E+20,5.52707E+21,8.85259E+15,4.98959E+16
139941,6.17021E+18,6,4,31,13,2017,2,18,2,2,5,3,1,1,0,0,0,2,0,4.61096E+20,5.49538E+21,8.4615E+15,4.96097E+16
139942,6.17021E+18,6,4,31,13,2017,2,15,2,3,6,2,0,1,1,0,0,0,0,4.62786E+20,5.49371E+21,8.48506E+15,4.95949E+16
139943,6.17021E+18,6,4,31,20,2017,2,14,2,2,6,2,0,1,1,0,0,0,0,4.69669E+20,5.4873E+21,8.58079E+15,4.95376E+16
139944,6.17021E+18,6,4,31,2,2017,2,7,2,3,5,2,1,1,0,0,0,1,0,4.72565E+20,5.50345E+21,8.61969E+15,4.96829E+16
139945,6.17021E+18,6,5,34,11,2017,2,16,2,3,5,3,0,1,0,0,0,0,0,4.90167E+20,5.63277E+21,8.86033E+15,5.08465E+16
139946,6.17021E+18,6,5,31,14,2017,2,11,2,3,3,6,0,1,0,0,0,0,0,4.8213E+20,5.59782E+21,8.74786E+15,5.0532E+16
139947,6.17021E+18,6,5,31,5,2017,2,11,2,2,6,4,0,1,1,0,0,0,0,4.76226E+20,5.60239E+21,8.66426E+15,5.0573E+16
139948,6.17021E+18,6,6,34,1,2017,2,13,1,2,5,3,0,1,0,0,0,0,0,5.15053E+20,5.6572E+21,9.21483E+15,5.10661E+16
139949,6.17021E+18,6,4,13,0,2017,2,12,1,3,5,3,0,1,0,0,0,0,0,4.84404E+20,5.54982E+21,8.78193E+15,5.01004E+16
139950,6.17021E+18,6,4,12,0,2017,2,18,1,3,8,1,0,1,0,0,0,2,0,4.76053E+20,5.551E+21,8.66509E+15,5.01107E+16
139951,6.17021E+18,6,4,11,0,2017,2,14,1,2,5,3,1,1,0,0,0,0,0,4.77322E+20,5.52446E+21,8.68439E+15,4.98721E+16
139952,6.17021E+18,6,4,31,11,2017,2,15,1,2,4,6,1,1,0,0,0,0,0,4.7923E+20,5.50097E+21,8.7122E+15,4.96609E+16
139953,6.17021E+18,6,4,40,2,2017,2,17,1,3,6,4,0,1,1,0,0,1,0,4.81563E+20,5.5793E+21,8.74077E+15,5.03654E+16
139954,6.17021E+18,6,4,35,17,2017,2,7,1,3,9,1,0,1,0,0,0,1,1,5.01608E+20,5.55753E+21,9.02252E+15,5.01699E+16
139955,6.17021E+18,6,4,12,0,2017,2,12,7,3,7,7,0,1,0,0,0,0,0,4.70253E+20,5.54446E+21,8.58448E+15,5.00517E+16
139956,6.17021E+18,6,5,33,9,2017,2,10,7,3,5,2,0,1,0,0,0,0,1,4.34051E+20,5.58304E+21,8.07214E+15,5.03957E+16
139957,6.17021E+18,6,6,33,9,2017,2,21,7,3,2,2,0,1,0,0,0,2,0,5.36699E+20,5.68916E+21,9.52701E+15,5.13525E+16
139958,6.17021E+18,6,4,14,0,2017,2,14,7,3,4,6,0,1,0,0,0,0,0,4.41763E+20,5.54977E+21,8.18574E+15,5.00973E+16
139959,6.17021E+18,6,4,14,0,2017,2,10,7,3,5,3,0,1,0,0,0,0,2,4.43422E+20,5.54758E+21,8.20926E+15,5.00778E+16
139960,6.17021E+18,6,4,12,0,2017,2,13,7,2,3,6,0,1,0,0,0,0,0,4.76424E+20,5.55142E+21,8.67024E+15,5.01145E+16
139961,6.17021E+18,6,4,12,0,2017,2,11,7,3,2,6,1,1,0,0,0,0,0,4.77516E+20,5.5503E+21,8.68559E+15,5.01046E+16
139962,6.17021E+18,6,4,12,0,2017,2,23,7,3,5,2,0,1,0,0,0,2,0,4.77674E+20,5.55086E+21,8.68776E+15,5.01096E+16
139963,6.17021E+18,6,4,11,0,2017,2,17,7,3,2,6,0,1,0,0,0,2,0,4.75953E+20,5.52217E+21,8.6655E+15,4.98514E+16
139964,6.17021E+18,6,4,11,0,2017,2,10,7,3,5,3,0,1,0,0,0,0,0,4.75612E+20,5.52366E+21,8.66065E+15,4.98649E+16
139965,6.17021E+18,6,4,40,21,2017,2,9,7,3,5,3,0,1,0,0,1,0,0,4.91303E+20,5.579E+21,8.87773E+15,5.0363E+16
139966,6.17021E+18,6,4,35,14,2017,2,10,7,2,0,5,0,0,1,0,1,0,0,4.94065E+20,5.55335E+21,8.91695E+15,5.01324E+16
139967,6.17021E+18,6,4,14,0,2017,2,14,6,3,6,4,0,1,1,0,0,0,0,4.44432E+20,5.54809E+21,8.2233E+15,5.00825E+16
139968,6.17021E+18,6,4,14,0,2017,2,11,6,3,5,3,0,1,0,0,0,0,0,4.46479E+20,5.54638E+21,8.25215E+15,5.00673E+16
139969,6.17021E+18,6,4,14,0,2017,2,17,6,3,3,7,0,1,0,0,0,1,0,4.46864E+20,5.54537E+21,8.25767E+15,5.00583E+16
139970,6.17021E+18,6,4,12,0,2017,2,17,6,3,5,3,0,1,0,0,0,1,0,4.72442E+20,5.55131E+21,8.61456E+15,5.01134E+16
139971,6.17021E+18,6,4,12,0,2017,2,7,6,3,1,6,0,1,0,0,0,0,0,4.79194E+20,5.55322E+21,8.70889E+15,5.01309E+16
139972,6.17021E+18,6,4,11,0,2017,2,13,6,3,5,3,1,1,0,0,0,0,0,4.75562E+20,5.52781E+21,8.65969E+15,4.99022E+16
139973,6.17021E+18,6,6,33,13,2017,2,14,6,3,5,3,0,1,0,0,0,0,0,5.2689E+20,5.7046E+21,9.38733E+15,5.14919E+16
139974,6.17021E+18,6,4,38,5,2017,2,16,6,3,5,3,0,1,0,0,1,0,0,4.85354E+20,5.54516E+21,8.79539E+15,5.00585E+16
139975,6.17021E+18,6,4,34,7,2017,2,13,6,3,2,6,0,1,0,0,0,0,0,4.65782E+20,5.57281E+21,8.51949E+15,5.03064E+16
139976,6.17021E+18,6,4,36,6,2017,2,21,6,3,5,3,0,1,0,0,0,2,0,4.54832E+20,5.54073E+21,8.36952E+15,5.00171E+16
139977,6.17021E+18,6,4,40,2,2017,2,10,6,3,6,4,0,1,1,0,0,0,0,4.81989E+20,5.57954E+21,8.74674E+15,5.03676E+16
139978,6.17021E+18,6,4,35,7,2017,2,10,5,2,6,4,0,1,1,0,0,0,0,4.9856E+20,5.55589E+21,8.97985E+15,5.01552E+16
139979,6.17021E+18,6,6,36,3,2017,2,12,5,3,5,3,0,1,0,0,0,0,0,5.73514E+20,5.67129E+21,1.00519E+16,5.11883E+16
139980,6.17021E+18,6,6,11,0,2017,2,9,5,2,6,4,1,0,1,0,0,0,0,5.35518E+20,5.68636E+21,9.50977E+15,5.13274E+16
139981,6.17021E+18,6,4,13,0,2017,2,7,5,3,5,3,0,1,0,0,0,0,0,4.84343E+20,5.54935E+21,8.7811E+15,5.00962E+16
139982,6.17021E+18,6,4,12,0,2017,2,15,5,3,2,6,0,1,0,0,0,0,0,4.71896E+20,5.55121E+21,8.60694E+15,5.01125E+16
139983,6.17021E+18,6,4,11,0,2017,2,22,5,3,5,3,0,1,0,0,0,2,0,4.76197E+20,5.52539E+21,8.66868E+15,4.98804E+16
139984,6.17021E+18,6,4,38,11,2017,2,16,5,3,2,6,0,1,0,0,0,0,0,4.91674E+20,5.5432E+21,8.88373E+15,5.00411E+16
139985,6.17021E+18,6,4,36,8,2017,2,7,5,3,2,6,0,1,0,0,0,0,0,4.60345E+20,5.55513E+21,8.44498E+15,5.01471E+16
139986,6.17021E+18,6,5,32,20,2017,2,16,5,2,6,6,0,0,1,0,1,1,0,4.52718E+20,5.61099E+21,8.33121E+15,5.06488E+16
139987,6.17021E+18,6,4,33,8,2017,2,12,5,3,5,3,0,1,0,0,0,0,0,4.68746E+20,5.53817E+21,8.56394E+15,4.9995E+16
139988,6.17021E+18,6,4,35,14,2017,2,14,5,3,5,3,1,1,0,0,0,0,0,4.95504E+20,5.55202E+21,8.93711E+15,5.01204E+16
139989,6.17021E+18,6,6,33,20,2017,2,17,4,3,5,3,0,1,0,0,0,2,0,5.39565E+20,5.68414E+21,9.56761E+15,5.13072E+16
139990,6.17021E+18,6,4,14,0,2017,2,22,4,3,6,6,0,1,1,0,0,2,0,4.48145E+20,5.54979E+21,8.27497E+15,5.00981E+16
139991,6.17021E+18,6,4,12,0,2017,2,18,4,3,1,5,1,1,0,0,0,2,0,4.77212E+20,5.55233E+21,8.68121E+15,5.01228E+16
139992,6.17021E+18,6,4,34,3,2017,2,17,4,3,8,7,0,1,0,0,0,0,0,4.5726E+20,5.56517E+21,8.40068E+15,5.02371E+16
139993,6.17021E+18,6,4,31,2,2017,2,9,4,3,2,6,0,1,0,0,0,0,0,4.71004E+20,5.50228E+21,8.59813E+15,4.96723E+16
139994,6.17021E+18,6,4,33,7,2017,2,18,4,3,1,5,0,1,0,0,0,2,0,4.67128E+20,5.5441E+21,8.54086E+15,5.00483E+16
139995,6.17021E+18,6,5,34,18,2017,2,14,4,3,6,2,0,0,1,0,1,0,0,5.00837E+20,5.63075E+21,9.01189E+15,5.08285E+16
139996,6.17021E+18,6,4,12,0,2017,2,13,4,3,3,2,1,1,0,0,0,0,0,4.82216E+20,5.55475E+21,8.75111E+15,5.01447E+16
139997,6.17021E+18,6,5,31,5,2017,2,18,3,3,5,2,1,1,0,0,0,2,0,4.75973E+20,5.60413E+21,8.66058E+15,5.05885E+16
139998,6.17021E+18,6,4,13,0,2017,2,15,3,3,6,2,0,1,1,0,0,0,0,4.83459E+20,5.54885E+21,8.76876E+15,5.00917E+16
139999,6.17021E+18,6,4,12,0,2017,2,13,3,3,5,3,1,1,0,0,0,0,0,4.73593E+20,5.55838E+21,8.63018E+15,5.01771E+16
140000,6.17021E+18,6,4,12,0,2017,2,19,3,3,5,3,1,1,0,0,0,2,0,4.76322E+20,5.5524E+21,8.66876E+15,5.01234E+16
140001,6.17021E+18,6,4,32,23,2017,2,16,3,3,5,3,0,1,0,0,0,0,1,4.71927E+20,5.5273E+21,8.60911E+15,4.98974E+16
140002,6.17021E+18,6,4,11,0,2017,2,17,3,3,5,3,1,1,0,0,0,1,0,4.74019E+20,5.52232E+21,8.63857E+15,4.98528E+16
140003,6.17021E+18,6,4,38,9,2017,2,9,3,3,4,6,0,1,0,0,0,0,0,4.79081E+20,5.5447E+21,8.70778E+15,5.00542E+16
140004,6.17021E+18,6,4,32,10,2017,2,14,3,3,6,4,0,1,1,0,0,0,0,4.94741E+20,5.52397E+21,8.92682E+15,4.98681E+16
140005,6.17021E+18,6,4,32,8,2017,2,9,3,3,6,3,0,1,1,0,0,0,0,4.69809E+20,5.52324E+21,8.57994E+15,4.98608E+16
140006,6.17021E+18,6,4,13,0,2017,2,16,2,3,6,5,0,1,1,0,0,0,0,4.82594E+20,5.55045E+21,8.75659E+15,5.0106E+16
140007,6.17021E+18,6,4,13,0,2017,2,9,2,3,2,6,0,1,0,0,0,0,0,4.82817E+20,5.55087E+21,8.75969E+15,5.01098E+16
140008,6.17021E+18,6,4,12,0,2017,2,14,2,3,5,3,0,1,0,0,0,0,0,4.74949E+20,5.54758E+21,8.64986E+15,5.008E+16
140009,6.17021E+18,6,4,12,0,2017,2,18,2,3,5,2,1,1,0,0,0,2,0,4.76864E+20,5.54817E+21,8.67661E+15,5.00853E+16
140010,6.17021E+18,6,4,12,0,2017,2,11,2,3,5,3,0,1,0,0,1,0,0,4.75726E+20,5.54943E+21,8.66061E+15,5.00966E+16
140011,6.17021E+18,6,4,12,0,2017,2,12,2,3,5,3,0,1,0,0,0,0,0,4.83255E+20,5.55248E+21,8.76575E+15,5.01243E+16
140012,6.17021E+18,6,4,12,0,2017,2,20,2,3,5,3,0,1,0,1,0,2,0,4.79756E+20,5.55335E+21,8.71674E+15,5.01321E+16
140013,6.17021E+18,6,4,34,1,2017,2,11,2,3,1,5,0,1,0,0,1,0,0,4.72715E+20,5.56375E+21,8.61748E+15,5.02253E+16
140014,6.17021E+18,6,5,32,20,2017,2,11,2,3,8,1,0,1,0,0,0,0,2,4.52261E+20,5.6088E+21,8.32503E+15,5.06291E+16
140015,6.17021E+18,6,4,38,1,2017,2,10,2,3,1,5,0,1,0,0,0,0,0,4.84661E+20,5.54043E+21,8.78589E+15,5.0016E+16
140016,6.17021E+18,6,4,40,2,2017,2,0,2,3,1,5,0,1,0,0,0,2,0,4.82221E+20,5.57951E+21,8.75002E+15,5.03674E+16
140017,6.17021E+18,6,4,31,2,2017,2,7,2,2,5,3,1,1,0,0,0,0,0,4.71599E+20,5.50216E+21,8.60639E+15,4.96713E+16
140018,6.17021E+18,6,4,33,12,2017,2,15,2,3,6,6,1,0,1,0,0,0,0,4.58669E+20,5.53811E+21,8.42336E+15,4.99939E+16
140019,6.17021E+18,6,4,33,4,2017,2,21,2,3,8,1,0,1,0,0,0,2,0,4.64249E+20,5.51137E+21,8.50368E+15,4.97537E+16
140020,6.17021E+18,6,5,31,5,2017,2,5,2,3,6,4,0,0,1,0,1,2,0,4.7623E+20,5.60371E+21,8.66424E+15,5.05848E+16
140021,6.17021E+18,6,5,31,18,2017,2,13,1,2,6,7,0,1,1,0,0,0,0,4.7704E+20,5.60924E+21,8.67533E+15,5.06346E+16
140022,6.17021E+18,6,4,14,0,2017,2,14,1,3,2,6,0,1,0,0,0,0,0,4.44136E+20,5.54802E+21,8.21918E+15,5.00818E+16
140023,6.17021E+18,6,4,37,11,2017,2,19,1,2,8,1,0,1,0,0,0,2,0,4.99906E+20,5.50207E+21,8.99869E+15,4.96711E+16
140024,6.17021E+18,6,6,11,0,2017,2,16,1,2,1,6,0,1,0,0,0,0,0,5.31692E+20,5.68463E+21,9.4547E+15,5.13121E+16
140025,6.17021E+18,6,5,35,9,2017,2,5,1,2,8,1,0,1,0,0,0,2,1,5.00054E+20,5.61611E+21,9.00077E+15,5.06968E+16
140026,6.1702E+18,6,6,32,11,2017,2,14,7,2,0,1,1,0,0,0,0,0,0,5.40696E+20,5.63163E+21,9.57793E+15,5.0835E+16
140027,6.1702E+18,6,4,14,0,2017,2,13,7,3,9,1,0,1,0,0,0,0,1,4.5037E+20,5.55383E+21,8.30555E+15,5.01346E+16
140028,6.1702E+18,6,4,14,0,2017,2,2,7,3,5,3,0,1,0,0,0,2,1,4.45998E+20,5.54706E+21,8.24534E+15,5.00734E+16
140029,6.1702E+18,6,4,13,0,2017,2,21,7,2,5,2,0,1,0,0,0,2,1,4.84227E+20,5.54991E+21,8.77945E+15,5.01012E+16
140030,6.1702E+18,6,4,12,0,2017,2,18,7,2,6,2,0,1,1,0,0,2,1,4.75862E+20,5.54995E+21,8.66248E+15,5.01013E+16
140031,6.1702E+18,6,4,12,0,2017,2,1,7,3,5,3,0,1,0,0,0,2,1,4.76761E+20,5.55258E+21,8.6749E+15,5.0125E+16
140032,6.1702E+18,6,4,11,0,2017,2,18,7,3,6,4,0,1,1,0,0,2,1,4.74674E+20,5.52409E+21,8.64758E+15,4.98687E+16