OBJECTID,UIDENTSTLA,ULAND,UREGBEZ,UKREIS,UGEMEINDE,UJAHR,UMONAT,USTUNDE,UWOCHENTAG,UKATEGORIE,UART,UTYP1,IstRad,IstPKW,IstFuss,IstKrad,IstSonstig,LICHT,STRZUSTAND,LINREFX,LINREFY,XGCSWGS84,YGCSWGS84
140033,6.1702E+18,6,4,38,9,2017,2,13,7,3,5,3,0,1,0,0,0,0,0,4.77407E+20,5.54459E+21,8.6844E+15,5.00532E+16
140034,6.1702E+18,6,4,38,11,2017,2,22,7,3,1,5,0,1,0,0,0,2,1,4.90793E+20,5.53812E+21,8.87155E+15,4.99954E+16
140035,6.1702E+18,6,4,34,8,2017,2,14,7,2,3,1,1,1,0,0,0,0,1,4.68818E+20,5.56222E+21,8.56298E+15,5.02114E+16
140036,6.1702E+18,6,4,36,2,2017,2,16,7,3,5,3,0,1,0,0,0,1,1,4.55363E+20,5.55554E+21,8.3752E+15,5.01504E+16
140037,6.1702E+18,6,4,40,8,2017,2,20,7,3,6,4,0,1,1,0,0,2,1,4.82516E+20,5.57634E+21,8.75431E+15,5.03389E+16
140038,6.1702E+18,6,4,33,12,2017,2,12,7,2,0,7,0,0,0,0,1,0,0,4.59857E+20,5.53661E+21,8.44009E+15,4.99805E+16
140039,6.1702E+18,6,4,33,11,2017,2,8,7,2,8,7,0,0,0,1,0,0,1,4.59465E+20,5.52252E+21,8.43611E+15,4.98537E+16
140040,6.1702E+18,6,6,31,23,2017,2,10,7,3,0,7,0,0,0,1,0,0,2,5.72152E+20,5.61066E+21,1.00205E+16,5.06434E+16
140041,6.1702E+18,6,6,31,9,2017,2,11,7,1,6,3,0,1,1,0,0,0,0,5.4856E+20,5.60077E+21,9.68553E+15,5.05568E+16
140042,6.1702E+18,6,4,35,14,2017,2,12,7,3,5,3,1,1,0,0,0,0,0,4.94688E+20,5.55215E+21,8.92569E+15,5.01216E+16
140043,6.1702E+18,6,4,35,17,2017,2,10,6,1,0,7,0,0,0,0,1,0,0,5.02556E+20,5.55896E+21,9.03581E+15,5.01829E+16
140044,6.1702E+18,6,5,31,5,2017,2,14,6,3,6,1,1,1,1,0,0,0,1,4.76544E+20,5.6036E+21,8.66868E+15,5.05838E+16
140045,6.1702E+18,6,5,33,9,2017,2,19,6,3,6,2,0,1,1,0,0,2,0,4.3326E+20,5.58244E+21,8.06113E+15,5.03902E+16
140046,6.1702E+18,6,6,11,0,2017,2,14,6,3,5,3,0,1,0,0,1,0,0,5.34696E+20,5.68524E+21,9.49787E+15,5.13174E+16
140047,6.1702E+18,6,4,12,0,2017,2,13,6,3,5,3,1,0,0,0,1,0,1,4.73809E+20,5.54764E+21,8.63393E+15,5.00805E+16
140048,6.1702E+18,6,4,12,0,2017,2,22,6,3,9,1,0,1,0,0,0,2,1,4.77437E+20,5.54946E+21,8.68454E+15,5.0097E+16
140049,6.1702E+18,6,6,11,0,2017,2,15,6,3,5,3,0,1,0,0,0,0,0,5.31597E+20,5.68063E+21,9.45299E+15,5.12761E+16
140050,6.1702E+18,6,4,38,2,2017,2,11,6,3,5,3,0,1,0,0,0,0,1,4.78393E+20,5.54213E+21,8.69832E+15,5.00311E+16
140051,6.1702E+18,6,4,34,1,2017,2,8,6,3,5,3,0,1,0,0,0,0,1,4.72192E+20,5.56466E+21,8.61009E+15,5.02334E+16
140052,6.1702E+18,6,4,33,12,2017,2,7,6,3,6,2,0,1,1,0,0,1,1,4.57887E+20,5.53759E+21,8.41251E+15,4.99891E+16
140053,6.1702E+18,6,4,33,12,2017,2,22,6,2,5,2,0,1,0,1,0,2,1,4.55402E+20,5.53435E+21,8.37822E+15,4.99598E+16
140054,6.1702E+18,6,5,32,23,2017,2,17,6,3,2,6,0,1,0,0,0,0,0,4.6419E+20,5.60094E+21,8.49444E+15,5.05593E+16
140055,6.1702E+18,6,5,31,12,2017,2,15,6,3,5,3,0,1,0,0,0,0,0,4.75916E+20,5.59803E+21,8.66016E+15,5.05337E+16
140056,6.1702E+18,6,5,31,5,2017,2,15,5,3,5,3,0,1,0,0,0,0,1,4.78142E+20,5.60382E+21,8.69124E+15,5.05859E+16
140057,6.1702E+18,6,6,11,0,2017,2,12,5,3,5,3,0,1,0,0,1,0,1,5.38791E+20,5.6841E+21,9.5565E+15,5.13069E+16
140058,6.1702E+18,6,4,14,0,2017,2,14,5,3,6,4,1,0,1,0,0,0,0,4.42687E+20,5.54382E+21,8.19955E+15,5.00439E+16
140059,6.1702E+18,6,4,14,0,2017,2,18,5,3,5,2,0,1,0,0,0,2,1,4.48022E+20,5.54593E+21,8.27377E+15,5.00634E+16
140060,6.1702E+18,6,4,14,0,2017,2,23,5,3,1,1,0,1,0,0,1,2,1,4.42729E+20,5.54912E+21,8.19935E+15,5.00916E+16
140061,6.1702E+18,6,4,14,0,2017,2,18,5,3,2,6,0,1,0,0,0,2,0,4.44501E+20,5.54712E+21,8.2244E+15,5.00738E+16
140062,6.1702E+18,6,4,13,0,2017,2,15,5,3,1,5,0,1,0,0,1,0,0,4.8302E+20,5.54868E+21,8.76263E+15,5.00902E+16
140063,6.1702E+18,6,4,13,0,2017,2,13,5,2,6,4,0,0,1,0,1,0,0,4.83972E+20,5.54952E+21,8.7759E+15,5.00977E+16
140064,6.1702E+18,6,4,13,0,2017,2,10,5,3,4,6,1,0,0,0,0,0,1,4.83676E+20,5.54993E+21,8.77174E+15,5.01014E+16
140065,6.1702E+18,6,4,12,0,2017,2,22,5,3,5,3,0,1,0,0,0,2,0,4.70886E+20,5.54955E+21,8.59293E+15,5.00975E+16
140066,6.1702E+18,6,4,12,0,2017,2,7,5,3,6,4,0,1,1,0,0,2,1,4.77214E+20,5.55707E+21,8.68096E+15,5.01654E+16
140067,6.1702E+18,6,4,12,0,2017,2,20,5,3,3,6,1,1,0,0,0,2,0,4.75843E+20,5.55093E+21,8.66215E+15,5.01101E+16
140068,6.1702E+18,6,4,12,0,2017,2,11,5,3,2,2,0,1,0,1,0,0,1,4.77091E+20,5.5517E+21,8.67956E+15,5.01171E+16
140069,6.1702E+18,6,4,11,0,2017,2,18,5,3,5,3,1,0,0,0,1,1,0,4.7552E+20,5.52732E+21,8.65914E+15,4.98978E+16
140070,6.1702E+18,6,4,32,23,2017,2,17,5,3,4,6,0,0,0,0,1,2,0,4.71814E+20,5.53062E+21,8.6073E+15,4.99273E+16
140071,6.1702E+18,6,4,40,2,2017,2,12,5,3,6,4,0,1,1,0,0,0,0,4.80801E+20,5.57858E+21,8.7301E+15,5.0359E+16
140072,6.1702E+18,6,4,31,20,2017,2,0,5,3,5,3,0,1,0,0,0,2,1,4.68903E+20,5.48713E+21,8.57021E+15,4.9536E+16
140073,6.1702E+18,6,4,33,12,2017,2,17,5,3,5,3,1,1,0,0,0,0,0,4.59031E+20,5.538E+21,8.42843E+15,4.99929E+16
140074,6.1702E+18,6,4,33,12,2017,2,12,5,3,5,2,0,1,0,0,0,0,0,4.58553E+20,5.53739E+21,8.42183E+15,4.99874E+16
140075,6.1702E+18,6,4,33,10,2017,2,9,5,3,6,2,0,1,1,0,0,0,0,4.60553E+20,5.53974E+21,8.44947E+15,5.00087E+16
140076,6.1702E+18,6,4,33,5,2017,2,14,5,3,5,3,0,1,0,0,0,0,0,4.52825E+20,5.53628E+21,8.34206E+15,4.99769E+16
140077,6.1702E+18,6,5,34,18,2017,2,13,5,3,2,6,0,1,0,0,0,0,0,5.00074E+20,5.63014E+21,9.00105E+15,5.0823E+16
140078,6.1702E+18,6,5,34,14,2017,2,17,5,3,3,2,1,1,0,0,0,1,0,4.8395E+20,5.62979E+21,8.77215E+15,5.08196E+16
140079,6.1702E+18,6,6,31,15,2017,2,13,5,3,6,4,0,1,1,0,0,0,0,5.54139E+20,5.61278E+21,9.76604E+15,5.06644E+16
140080,6.1702E+18,6,5,31,16,2017,2,17,5,3,2,6,0,1,0,0,0,2,1,4.87442E+20,5.60511E+21,8.82256E+15,5.05978E+16
140081,6.1702E+18,6,4,35,6,2017,2,13,4,3,0,1,0,1,1,0,0,0,0,4.94102E+20,5.55947E+21,8.91738E+15,5.01874E+16
140082,6.1702E+18,6,4,14,0,2017,2,18,4,3,5,3,1,1,0,0,0,2,0,4.42675E+20,5.54396E+21,8.19937E+15,5.00452E+16
140083,6.1702E+18,6,4,14,0,2017,2,8,4,3,6,4,0,1,1,0,0,0,0,4.44717E+20,5.54676E+21,8.22747E+15,5.00705E+16
140084,6.1702E+18,6,4,13,0,2017,2,15,4,2,1,5,0,1,0,0,0,0,0,4.83442E+20,5.54917E+21,8.76851E+15,5.00945E+16
140085,6.1702E+18,6,4,12,0,2017,2,13,4,3,5,3,0,1,0,0,0,0,0,4.81592E+20,5.55226E+21,8.74249E+15,5.01223E+16
140086,6.1702E+18,6,4,38,9,2017,2,19,4,3,0,7,1,1,0,0,0,1,1,4.77817E+20,5.5446E+21,8.69013E+15,5.00533E+16
140087,6.1702E+18,6,4,38,2,2017,2,7,4,2,6,4,0,1,1,0,0,0,0,4.78189E+20,5.54114E+21,8.69552E+15,5.00222E+16
140088,6.1702E+18,6,4,38,11,2017,2,17,4,3,2,6,0,1,0,0,0,0,0,4.90407E+20,5.53797E+21,8.86616E+15,4.9994E+16
140089,6.1702E+18,6,4,40,18,2017,2,19,4,3,0,7,0,1,0,0,0,2,0,4.74327E+20,5.57921E+21,8.63903E+15,5.03644E+16
140090,6.1702E+18,6,4,32,3,2017,2,7,4,3,4,6,1,1,0,0,0,1,0,4.72529E+20,5.51156E+21,8.61862E+15,4.97559E+16
140091,6.1702E+18,6,4,33,12,2017,2,12,4,3,6,4,0,0,1,0,1,0,0,4.58071E+20,5.53795E+21,8.41504E+15,4.99924E+16
140092,6.1702E+18,6,5,31,7,2017,2,13,4,3,1,1,0,1,0,0,1,0,0,4.72913E+20,5.60406E+21,8.61736E+15,5.05878E+16
140093,6.1702E+18,6,4,12,0,2017,2,6,4,3,5,3,0,1,0,0,1,2,0,4.74798E+20,5.54486E+21,8.64794E+15,5.00555E+16
140094,6.17013E+18,6,5,31,5,2017,1,13,3,3,5,3,0,1,0,0,1,0,0,4.76994E+20,5.60434E+21,8.67499E+15,5.05906E+16
140095,6.17013E+18,6,4,13,0,2017,1,20,3,3,5,3,1,1,0,0,0,2,0,4.83539E+20,5.55024E+21,8.76982E+15,5.01042E+16
140096,6.17013E+18,6,4,13,0,2017,1,6,3,3,5,3,0,1,0,1,0,2,1,4.86345E+20,5.54832E+21,8.80912E+15,5.00869E+16
140097,6.17013E+18,6,4,36,5,2017,1,12,3,3,5,3,0,1,0,0,0,0,0,4.63627E+20,5.5471E+21,8.49168E+15,5.0075E+16
140098,6.17013E+18,6,4,12,0,2017,1,8,3,3,5,2,1,1,0,0,0,0,0,4.75086E+20,5.55081E+21,8.65157E+15,5.0109E+16
140099,6.17013E+18,6,4,12,0,2017,1,10,3,3,1,5,1,1,0,0,0,0,0,4.71484E+20,5.55292E+21,8.60105E+15,5.01278E+16
140100,6.17013E+18,6,4,11,0,2017,1,13,3,2,5,3,1,1,0,0,0,0,0,4.75596E+20,5.52567E+21,8.66031E+15,4.98829E+16
140101,6.17013E+18,6,4,38,2,2017,1,13,3,3,2,6,0,1,0,0,0,0,0,4.78299E+20,5.54242E+21,8.69699E+15,5.00337E+16
140102,6.17013E+18,6,4,31,20,2017,1,17,3,3,5,3,1,1,0,0,0,1,0,4.69193E+20,5.48795E+21,8.57415E+15,4.95434E+16
140103,6.17013E+18,6,5,34,14,2017,1,16,3,3,2,6,0,1,0,0,0,0,0,4.8441E+20,5.62591E+21,8.77884E+15,5.07847E+16
140104,6.17013E+18,6,6,32,2,2017,1,19,2,2,5,3,0,1,0,0,0,2,1,5.49962E+20,5.63364E+21,9.70977E+15,5.08523E+16
140105,6.17013E+18,6,6,11,0,2017,1,18,2,3,5,3,0,1,0,0,0,2,1,5.37073E+20,5.68278E+21,9.53171E+15,5.12951E+16
140106,6.17013E+18,6,4,14,0,2017,1,8,2,3,2,6,0,1,0,0,0,0,1,4.44119E+20,5.54798E+21,8.21894E+15,5.00815E+16
140107,6.17013E+18,6,4,13,0,2017,1,14,2,3,5,3,0,1,0,0,0,0,0,4.83025E+20,5.55014E+21,8.76264E+15,5.01033E+16
140108,6.17013E+18,6,4,13,0,2017,1,6,2,3,1,5,0,1,0,0,0,2,2,4.83208E+20,5.54999E+21,8.7652E+15,5.01019E+16
140109,6.17013E+18,6,4,13,0,2017,1,19,2,3,6,2,0,1,1,0,0,2,1,4.8326E+20,5.54975E+21,8.76593E+15,5.00997E+16
140110,6.17013E+18,6,4,13,0,2017,1,13,2,3,5,3,0,1,0,0,0,0,1,4.84334E+20,5.54968E+21,8.78096E+15,5.00992E+16
140111,6.17013E+18,6,4,12,0,2017,1,7,2,3,5,3,0,1,0,0,0,2,2,4.76432E+20,5.55815E+21,8.66995E+15,5.01751E+16
140112,6.17013E+18,6,4,12,0,2017,1,18,2,3,5,3,1,1,0,0,0,2,1,4.79779E+20,5.55313E+21,8.71709E+15,5.013E+16
140113,6.17013E+18,6,4,12,0,2017,1,19,2,2,6,4,0,1,1,0,0,2,1,4.78291E+20,5.55129E+21,8.69637E+15,5.01135E+16
140114,6.17013E+18,6,4,11,0,2017,1,17,2,3,5,2,1,1,0,0,0,2,1,4.74916E+20,5.52546E+21,8.65085E+15,4.9881E+16
140115,6.17013E+18,6,4,39,15,2017,1,7,2,2,6,7,0,0,1,0,1,1,1,4.39413E+20,5.55416E+21,8.15219E+15,5.01366E+16
140116,6.17013E+18,6,4,38,11,2017,1,12,2,3,6,7,0,0,1,0,1,0,1,4.90296E+20,5.5388E+21,8.86459E+15,5.00015E+16
140117,6.17013E+18,6,4,34,5,2017,1,11,2,3,6,7,0,1,1,0,0,0,1,4.61711E+20,5.55913E+21,8.4637E+15,5.01831E+16
140118,6.17013E+18,6,4,34,1,2017,1,16,2,3,5,3,0,1,0,0,0,0,1,4.73587E+20,5.56329E+21,8.62974E+15,5.02212E+16
140119,6.17013E+18,6,4,40,3,2017,1,6,2,3,9,1,0,0,0,0,1,2,2,4.79991E+20,5.55756E+21,8.71982E+15,5.01699E+16
140120,6.17013E+18,6,4,32,4,2017,1,7,2,3,6,2,0,1,1,0,0,1,1,4.89389E+20,5.52847E+21,8.85222E+15,4.99085E+16
140121,6.17013E+18,6,4,32,3,2017,1,14,2,3,2,6,0,1,0,0,0,0,1,4.71244E+20,5.51149E+21,8.60077E+15,4.97552E+16
140122,6.17013E+18,6,4,40,24,2017,1,18,2,3,5,2,0,1,0,0,0,2,1,4.89461E+20,5.58525E+21,8.85165E+15,5.04191E+16
140123,6.17013E+18,6,4,31,20,2017,1,23,2,3,5,3,0,1,0,0,0,2,1,4.69141E+20,5.48766E+21,8.57346E+15,4.95407E+16
140124,6.17013E+18,6,4,33,12,2017,1,19,2,2,5,3,0,1,0,0,0,2,1,4.58733E+20,5.53818E+21,8.42426E+15,4.99945E+16
140125,6.17013E+18,6,4,33,12,2017,1,13,2,3,5,3,0,1,0,0,0,0,0,4.57898E+20,5.53728E+21,8.4127E+15,4.99864E+16
140126,6.17013E+18,6,5,34,18,2017,1,12,2,3,2,2,0,1,0,0,0,0,1,5.00918E+20,5.63017E+21,9.01304E+15,5.08232E+16
140127,6.17013E+18,6,5,31,5,2017,1,9,2,3,1,5,1,1,0,0,0,0,1,4.76402E+20,5.60342E+21,8.66668E+15,5.05822E+16
140128,6.17013E+18,6,4,37,11,2017,1,2,1,3,8,1,0,1,0,0,0,2,0,4.999E+20,5.50206E+21,8.99862E+15,4.96711E+16
140129,6.17013E+18,6,4,38,13,2017,1,13,1,3,1,5,0,1,0,0,1,0,0,4.97644E+20,5.54459E+21,8.96708E+15,5.00536E+16
140130,6.17013E+18,6,4,33,13,2017,1,14,1,3,0,7,0,1,0,0,0,0,0,4.62027E+20,5.51798E+21,8.47219E+15,4.98131E+16
140131,6.17013E+18,6,6,31,9,2017,1,5,1,3,8,1,0,1,0,0,0,2,1,5.46121E+20,5.60024E+21,9.65104E+15,5.05523E+16
140132,6.17013E+18,6,4,12,0,2017,1,15,7,2,3,2,1,1,0,0,0,0,1,4.72702E+20,5.55018E+21,8.61828E+15,5.01033E+16
140133,6.17013E+18,6,4,12,0,2017,1,13,7,3,5,3,1,1,0,0,0,0,0,4.78316E+20,5.5533E+21,8.6966E+15,5.01315E+16
140134,6.17013E+18,6,4,12,0,2017,1,3,7,3,8,1,0,1,0,0,1,2,0,4.76175E+20,5.55113E+21,8.66679E+15,5.01119E+16
140135,6.17013E+18,6,6,34,22,2017,1,14,7,3,5,1,1,1,0,0,0,0,0,5.16622E+20,5.64097E+21,9.23647E+15,5.09201E+16
140136,6.17013E+18,6,6,11,0,2017,1,8,7,3,4,6,0,1,0,0,0,0,0,5.31041E+20,5.68128E+21,9.44508E+15,5.1282E+16
140137,6.17013E+18,6,4,38,2,2017,1,10,7,2,6,2,0,1,1,0,0,0,0,4.78495E+20,5.54132E+21,8.69978E+15,5.00238E+16
140138,6.17013E+18,6,4,38,11,2017,1,18,7,3,6,4,0,1,1,0,0,2,0,4.90727E+20,5.53829E+21,8.87061E+15,4.99969E+16
140139,6.17013E+18,6,4,31,20,2017,1,20,7,3,5,3,0,1,0,0,0,2,0,4.70244E+20,5.48736E+21,8.58872E+15,4.95381E+16
140140,6.17013E+18,6,5,32,23,2017,1,12,7,3,5,2,0,1,0,0,0,0,0,4.64111E+20,5.60085E+21,8.49333E+15,5.05585E+16
140141,6.17013E+18,6,5,32,1,2017,1,8,7,3,5,3,0,1,0,0,0,0,1,4.63245E+20,5.60399E+21,8.4808E+15,5.05866E+16
140142,6.17022E+18,6,4,11,0,2017,2,5,7,3,5,3,0,1,0,0,0,2,1,4.74355E+20,5.52414E+21,8.64313E+15,4.98691E+16
140143,6.17022E+18,6,6,11,0,2017,2,7,6,3,1,1,0,1,0,0,0,0,2,5.33762E+20,5.68566E+21,9.4845E+15,5.13213E+16
140144,6.17022E+18,6,4,32,11,2017,2,10,7,3,5,3,0,1,0,0,0,0,0,4.86804E+20,5.52432E+21,8.81636E+15,4.98711E+16
140145,6.17022E+18,6,4,38,13,2017,2,12,7,3,6,7,0,1,1,0,0,0,0,4.98277E+20,5.54348E+21,8.97594E+15,5.00436E+16
140146,6.17022E+18,6,4,35,10,2017,2,23,7,3,5,3,0,1,0,0,0,2,0,5.13219E+20,5.55959E+21,9.18518E+15,5.01884E+16
140147,6.17031E+18,6,6,11,0,2017,3,12,3,3,5,3,0,1,0,0,0,0,1,5.36833E+20,5.6828E+21,9.52828E+15,5.12954E+16
140148,6.17031E+18,6,4,14,0,2017,3,17,3,3,6,4,0,1,1,0,0,0,1,4.44641E+20,5.54715E+21,8.22637E+15,5.00741E+16
140149,6.17031E+18,6,4,14,0,2017,3,15,3,3,2,6,0,1,0,0,0,0,1,4.45958E+20,5.54815E+21,8.24462E+15,5.00831E+16
140150,6.17031E+18,6,4,13,0,2017,3,8,3,3,5,3,1,1,0,0,0,0,0,4.8759E+20,5.54784E+21,8.82654E+15,5.00827E+16
140151,6.17031E+18,6,4,12,0,2017,3,13,3,3,6,7,1,0,1,0,0,0,1,4.77967E+20,5.55257E+21,8.69177E+15,5.01249E+16
140152,6.17031E+18,6,4,39,8,2017,3,8,3,3,2,6,0,1,0,1,0,0,1,4.47577E+20,5.56406E+21,8.26506E+15,5.02264E+16
140153,6.17031E+18,6,4,35,2,2017,3,12,3,3,5,3,0,1,0,0,1,0,0,5.26289E+20,5.56896E+21,9.3689E+15,5.02722E+16
140154,6.17031E+18,6,4,40,4,2017,3,16,3,3,0,7,0,0,1,0,1,0,0,5.07677E+20,5.57087E+21,9.10777E+15,5.02899E+16
140155,6.17031E+18,6,5,32,12,2017,3,16,3,3,5,3,0,1,0,0,0,0,0,4.5401E+20,5.61646E+21,8.3488E+15,5.06981E+16
140156,6.17031E+18,6,4,40,23,2017,3,0,3,2,5,3,0,1,0,1,0,2,0,4.7804E+20,5.57164E+21,8.69169E+15,5.02965E+16
140157,6.17031E+18,6,4,35,14,2017,3,12,3,3,0,4,0,0,1,1,0,0,1,4.94074E+20,5.55309E+21,8.91709E+15,5.013E+16
140158,6.17031E+18,6,4,35,17,2017,3,8,2,2,5,3,1,1,0,0,0,0,1,5.03611E+20,5.55866E+21,9.05057E+15,5.01801E+16
140159,6.17031E+18,6,6,11,0,2017,3,14,2,3,5,3,0,1,0,0,0,0,0,5.3336E+20,5.68798E+21,9.47895E+15,5.13422E+16
140160,6.17031E+18,6,4,13,0,2017,3,7,2,3,5,3,0,1,0,0,0,0,1,4.84497E+20,5.54797E+21,8.7833E+15,5.00838E+16
140161,6.17031E+18,6,4,36,12,2017,3,14,2,3,5,3,0,1,0,0,0,0,1,4.65928E+20,5.55244E+21,8.52336E+15,5.01232E+16
140162,6.17031E+18,6,4,36,3,2017,3,11,2,2,7,1,1,0,0,0,0,0,0,4.67473E+20,5.55587E+21,8.54468E+15,5.01542E+16
140163,6.17031E+18,6,4,12,0,2017,3,16,2,3,0,7,1,1,0,0,0,0,1,4.64704E+20,5.5493E+21,8.50652E+15,5.0095E+16
140164,6.17031E+18,6,4,12,0,2017,3,10,2,3,6,2,0,1,1,0,0,0,0,4.77041E+20,5.55202E+21,8.67884E+15,5.012E+16
140165,6.17031E+18,6,4,12,0,2017,3,8,2,3,6,4,0,1,1,0,0,0,1,4.76539E+20,5.55166E+21,8.67185E+15,5.01167E+16
140166,6.17031E+18,6,4,11,0,2017,3,20,2,3,3,6,0,1,0,0,1,2,1,4.74226E+20,5.52477E+21,8.64129E+15,4.98748E+16
140167,6.17031E+18,6,4,11,0,2017,3,17,2,3,5,3,0,1,0,0,0,0,1,4.72565E+20,5.52433E+21,8.61821E+15,4.98708E+16
140168,6.17031E+18,6,4,11,0,2017,3,13,2,3,5,3,1,1,0,0,0,0,0,4.75508E+20,5.52628E+21,8.65905E+15,4.98884E+16
140169,6.17031E+18,6,6,35,3,2017,3,8,2,3,8,1,0,1,0,0,0,0,1,5.08286E+20,5.66167E+21,9.11835E+15,5.11065E+16
140170,6.17031E+18,6,4,35,26,2017,3,6,2,2,1,7,0,1,0,1,0,0,1,4.88549E+20,5.56217E+21,8.83952E+15,5.02116E+16
140171,6.17031E+18,6,4,35,19,2017,3,10,2,3,6,2,0,1,1,0,0,0,1,4.88326E+20,5.55432E+21,8.83663E+15,5.0141E+16
140172,6.17031E+18,6,4,38,11,2017,3,16,2,3,5,2,0,1,0,0,1,0,1,4.92269E+20,5.54078E+21,8.89209E+15,5.00193E+16
140173,6.17031E+18,6,4,34,9,2017,3,16,2,3,5,3,0,1,0,0,0,0,1,4.59542E+20,5.56582E+21,8.43261E+15,5.02431E+16
140174,6.17031E+18,6,4,34,1,2017,3,10,2,3,2,6,0,1,0,0,1,0,1,4.72565E+20,5.56597E+21,8.61522E+15,5.02453E+16
140175,6.17031E+18,6,4,36,8,2017,3,10,2,3,2,6,0,1,0,0,0,0,1,4.60746E+20,5.55395E+21,8.45072E+15,5.01365E+16
140176,6.17031E+18,6,4,40,5,2017,3,14,2,3,6,4,0,1,1,0,0,0,0,4.76712E+20,5.58715E+21,8.67208E+15,5.04359E+16
140177,6.17031E+18,6,4,40,5,2017,3,18,2,3,1,5,1,1,0,0,0,0,0,4.76059E+20,5.58641E+21,8.66293E+15,5.04292E+16
140178,6.17031E+18,6,4,38,12,2017,3,14,2,3,9,1,0,1,0,0,0,0,1,4.85659E+20,5.53605E+21,8.79999E+15,4.99766E+16
140179,6.17031E+18,6,4,32,20,2017,3,16,2,3,5,3,0,1,0,1,0,0,1,4.83064E+20,5.52287E+21,8.76438E+15,4.98581E+16
140180,6.17031E+18,6,4,32,8,2017,3,17,2,3,2,6,0,1,0,0,1,0,1,4.70368E+20,5.52542E+21,8.58755E+15,4.98805E+16
140181,6.17031E+18,6,4,31,2,2017,3,16,2,3,5,2,1,1,0,0,0,0,1,4.72027E+20,5.50268E+21,8.61228E+15,4.9676E+16
140182,6.17031E+18,6,4,35,14,2017,3,13,2,3,6,4,0,1,1,0,0,0,1,4.92157E+20,5.55308E+21,8.89026E+15,5.01299E+16
140183,6.17031E+18,6,4,35,17,2017,3,9,2,3,2,6,0,1,0,0,0,0,1,5.01567E+20,5.55749E+21,9.02194E+15,5.01696E+16
140184,6.17031E+18,6,4,35,6,2017,3,16,1,2,1,7,0,1,0,0,0,0,0,4.93673E+20,5.56063E+21,8.91136E+15,5.01978E+16
140185,6.17031E+18,6,4,14,0,2017,3,10,1,3,2,6,0,1,0,0,0,0,1,4.45089E+20,5.54631E+21,8.23274E+15,5.00665E+16
140186,6.17031E+18,6,4,12,0,2017,3,10,1,3,5,3,0,1,0,0,1,0,0,4.74521E+20,5.55123E+21,8.64365E+15,5.01127E+16
140187,6.17031E+18,6,4,37,11,2017,3,3,1,3,9,1,0,1,0,0,0,2,0,5.0019E+20,5.50211E+21,9.00263E+15,4.96715E+16
140188,6.17031E+18,6,4,34,1,2017,3,10,1,3,4,6,0,1,0,0,0,0,1,4.71933E+20,5.56489E+21,8.60644E+15,5.02355E+16
140189,6.17031E+18,6,4,40,2,2017,3,12,1,3,2,6,0,1,0,0,0,0,1,4.81852E+20,5.57986E+21,8.7448E+15,5.03705E+16
140190,6.17031E+18,6,4,31,2,2017,3,11,1,3,0,1,0,0,0,1,0,0,1,4.73714E+20,5.5063E+21,8.63542E+15,4.97086E+16
140191,6.1703E+18,6,4,35,6,2017,3,9,7,3,5,2,1,1,0,0,0,0,0,4.94428E+20,5.55907E+21,8.92195E+15,5.01838E+16
140192,6.1703E+18,6,4,13,0,2017,3,12,7,3,0,7,0,1,0,0,1,0,0,4.83213E+20,5.54996E+21,8.76527E+15,5.01017E+16
140193,6.1703E+18,6,4,12,0,2017,3,16,7,3,2,6,0,1,0,0,0,0,0,4.73013E+20,5.55069E+21,8.62259E+15,5.01079E+16
140194,6.1703E+18,6,4,12,0,2017,3,12,7,3,1,7,1,1,0,0,0,0,0,4.77541E+20,5.54985E+21,8.68596E+15,5.01005E+16
140195,6.1703E+18,6,4,12,0,2017,3,15,7,3,8,7,0,1,1,0,0,0,0,4.76479E+20,5.55165E+21,8.671E+15,5.01166E+16
140196,6.1703E+18,6,4,12,0,2017,3,14,7,3,3,2,0,1,0,0,1,0,0,4.78159E+20,5.55289E+21,8.69443E+15,5.01279E+16
140197,6.1703E+18,6,4,11,0,2017,3,14,7,3,5,3,0,1,0,0,0,0,0,4.72561E+20,5.52433E+21,8.61815E+15,4.98707E+16
140198,6.1703E+18,6,6,34,22,2017,3,18,7,2,0,1,0,0,0,1,0,1,0,5.09672E+20,5.63659E+21,9.13749E+15,5.08809E+16
140199,6.1703E+18,6,4,35,14,2017,3,15,7,3,0,3,0,1,0,0,1,0,0,4.94315E+20,5.55392E+21,8.92045E+15,5.01374E+16
140200,6.1703E+18,6,4,13,0,2017,3,18,6,3,2,6,0,1,0,0,0,1,0,4.82471E+20,5.55048E+21,8.75487E+15,5.01063E+16
140201,6.1703E+18,6,4,36,5,2017,3,9,6,3,2,6,0,1,0,0,1,0,0,4.62687E+20,5.54585E+21,8.47867E+15,5.00638E+16
140202,6.1703E+18,6,4,12,0,2017,3,10,6,3,4,6,0,1,0,0,1,0,0,4.67022E+20,5.55012E+21,8.53886E+15,5.01024E+16
140203,6.1703E+18,6,4,12,0,2017,3,13,6,3,5,3,0,1,0,0,0,0,0,4.77154E+20,5.55439E+21,8.68028E+15,5.01413E+16
140204,6.1703E+18,6,4,12,0,2017,3,8,6,3,6,4,0,1,1,0,0,0,0,4.76385E+20,5.55111E+21,8.66972E+15,5.01118E+16
140205,6.1703E+18,6,4,12,0,2017,3,16,6,3,5,3,1,1,0,0,0,0,0,4.73894E+20,5.55024E+21,8.63494E+15,5.01038E+16
140206,6.1703E+18,6,4,12,0,2017,3,14,6,3,5,2,1,1,0,0,0,0,0,4.77902E+20,5.55225E+21,8.69087E+15,5.01221E+16