OBJECTID,UIDENTSTLA,ULAND,UREGBEZ,UKREIS,UGEMEINDE,UJAHR,UMONAT,USTUNDE,UWOCHENTAG,UKATEGORIE,UART,UTYP1,IstRad,IstPKW,IstFuss,IstKrad,IstSonstig,LICHT,STRZUSTAND,LINREFX,LINREFY,XGCSWGS84,YGCSWGS84
140207,6.1703E+18,6,4,11,0,2017,3,11,6,3,3,2,0,1,0,0,1,0,0,4.74128E+20,5.52476E+21,8.63993E+15,4.98746E+16
140208,6.1703E+18,6,6,33,13,2017,3,18,6,3,2,2,0,1,0,0,0,2,0,5.26875E+20,5.70486E+21,9.38713E+15,5.14942E+16
140209,6.1703E+18,6,4,39,15,2017,3,15,6,3,5,3,0,1,0,1,0,0,0,4.38795E+20,5.55456E+21,8.14348E+15,5.01401E+16
140210,6.1703E+18,6,4,38,2,2017,3,15,6,3,0,5,1,0,0,0,1,0,0,4.80389E+20,5.53797E+21,8.7264E+15,4.99937E+16
140211,6.1703E+18,6,5,33,17,2017,3,18,6,3,5,3,0,1,0,0,0,1,0,4.48217E+20,5.5931E+21,8.27004E+15,5.04876E+16
140212,6.1703E+18,6,4,36,8,2017,3,9,6,3,0,1,0,0,0,1,0,0,0,4.61626E+20,5.55289E+21,8.46313E+15,5.0127E+16
140213,6.1703E+18,6,4,31,2,2017,3,13,6,3,2,6,0,1,0,0,0,0,0,4.72292E+20,5.50486E+21,8.61579E+15,4.96956E+16
140214,6.1703E+18,6,4,33,14,2017,3,11,6,3,5,3,0,1,0,0,0,0,0,4.57336E+20,5.53081E+21,8.40558E+15,4.99281E+16
140215,6.1703E+18,6,5,31,8,2017,3,14,6,3,4,1,1,1,0,0,0,0,0,4.92863E+20,5.58934E+21,8.89946E+15,5.0456E+16
140216,6.1703E+18,6,5,31,4,2017,3,17,6,3,5,3,0,1,0,0,1,0,0,4.82424E+20,5.60325E+21,8.75176E+15,5.05809E+16
140217,6.1703E+18,6,5,31,5,2017,3,7,6,3,5,3,0,1,0,0,0,0,0,4.77105E+20,5.60256E+21,8.67667E+15,5.05745E+16
140218,6.1703E+18,6,5,31,13,2017,3,16,5,3,6,2,0,1,1,0,0,0,1,4.79499E+20,5.61142E+21,8.70998E+15,5.06543E+16
140219,6.1703E+18,6,6,33,17,2017,3,0,5,2,0,7,0,0,0,0,1,2,1,5.36085E+20,5.68008E+21,9.51728E+15,5.12709E+16
140220,6.1703E+18,6,4,12,0,2017,3,10,5,3,2,2,0,1,0,0,0,0,0,4.72907E+20,5.54921E+21,8.62121E+15,5.00946E+16
140221,6.1703E+18,6,4,12,0,2017,3,9,5,3,5,3,0,1,0,0,0,0,0,4.72174E+20,5.55465E+21,8.61058E+15,5.01434E+16
140222,6.1703E+18,6,4,12,0,2017,3,20,5,3,5,3,0,1,0,0,0,2,0,4.76416E+20,5.54979E+21,8.67023E+15,5.00999E+16
140223,6.1703E+18,6,4,12,0,2017,3,23,5,3,3,6,0,1,0,0,0,2,0,4.76828E+20,5.55211E+21,8.67585E+15,5.01207E+16
140224,6.1703E+18,6,4,12,0,2017,3,17,5,3,3,2,1,1,0,0,0,0,0,4.77254E+20,5.5526E+21,8.68179E+15,5.01252E+16
140225,6.1703E+18,6,4,11,0,2017,3,8,5,3,1,5,1,1,0,0,0,0,0,4.74894E+20,5.52532E+21,8.65056E+15,4.98798E+16
140226,6.1703E+18,6,4,38,9,2017,3,8,5,3,6,4,0,1,0,0,1,0,0,4.78811E+20,5.54482E+21,8.70399E+15,5.00553E+16
140227,6.1703E+18,6,4,38,6,2017,3,13,5,3,5,3,1,1,0,0,0,0,0,4.7484E+20,5.53794E+21,8.64897E+15,4.99932E+16
140228,6.1703E+18,6,4,34,1,2017,3,19,5,3,6,4,0,1,1,0,0,2,0,4.72195E+20,5.5647E+21,8.61014E+15,5.02338E+16
140229,6.1703E+18,6,4,31,20,2017,3,16,5,3,5,3,0,1,0,0,0,0,0,4.70497E+20,5.48842E+21,8.59214E+15,4.95477E+16
140230,6.1703E+18,6,4,31,20,2017,3,15,5,3,2,6,0,1,0,0,0,0,0,4.6995E+20,5.48798E+21,8.58462E+15,4.95437E+16
140231,6.1703E+18,6,4,31,13,2017,3,13,5,2,0,1,1,0,0,0,0,0,0,4.60745E+20,5.49415E+21,8.45677E+15,4.95987E+16
140232,6.1703E+18,6,5,32,23,2017,3,18,5,2,6,4,0,1,1,0,0,2,1,4.66399E+20,5.59871E+21,8.52582E+15,5.05393E+16
140233,6.1703E+18,6,4,35,17,2017,3,7,5,3,2,6,0,1,0,0,0,0,0,5.02891E+20,5.55771E+21,9.04049E+15,5.01716E+16
140234,6.1703E+18,6,5,31,5,2017,3,8,4,3,6,4,0,1,1,0,0,0,1,4.75974E+20,5.60525E+21,8.66051E+15,5.05986E+16
140235,6.1703E+18,6,6,36,3,2017,3,17,4,3,5,3,1,0,0,0,1,0,0,5.73784E+20,5.67088E+21,1.00557E+16,5.11846E+16
140236,6.1703E+18,6,6,32,2,2017,3,16,4,3,1,7,0,1,0,0,0,0,1,5.50359E+20,5.6356E+21,9.71569E+15,5.08699E+16
140237,6.1703E+18,6,4,13,0,2017,3,13,4,3,5,3,0,1,0,0,0,0,0,4.84698E+20,5.55167E+21,8.78597E+15,5.01171E+16
140238,6.1703E+18,6,4,12,0,2017,3,18,4,3,6,4,0,1,1,0,0,2,1,4.79282E+20,5.55183E+21,8.7102E+15,5.01183E+16
140239,6.1703E+18,6,4,12,0,2017,3,18,4,3,0,5,1,1,0,0,0,2,1,4.75937E+20,5.55035E+21,8.66351E+15,5.01049E+16
140240,6.1703E+18,6,4,12,0,2017,3,16,4,3,1,5,1,1,0,0,0,0,0,4.73789E+20,5.55025E+21,8.63347E+15,5.01039E+16
140241,6.1703E+18,6,4,12,0,2017,3,6,4,3,3,2,1,1,0,0,0,0,1,4.73798E+20,5.54968E+21,8.63364E+15,5.00988E+16
140242,6.1703E+18,6,4,11,0,2017,3,18,4,3,3,6,0,1,0,0,0,2,1,4.7359E+20,5.5235E+21,8.63252E+15,4.98633E+16
140243,6.1703E+18,6,4,11,0,2017,3,13,4,3,6,4,0,1,1,0,0,0,0,4.73624E+20,5.52439E+21,8.63294E+15,4.98714E+16
140244,6.1703E+18,6,4,38,2,2017,3,18,4,3,2,6,0,1,0,0,0,2,1,4.78189E+20,5.54112E+21,8.69552E+15,5.0022E+16
140245,6.1703E+18,6,4,38,11,2017,3,13,4,3,5,3,0,1,0,0,0,0,1,4.90453E+20,5.53862E+21,8.86679E+15,4.99998E+16
140246,6.1703E+18,6,4,34,6,2017,3,12,4,3,5,3,0,1,0,0,0,0,0,4.65207E+20,5.55848E+21,8.51273E+15,5.01775E+16
140247,6.1703E+18,6,4,34,1,2017,3,18,4,2,5,3,0,1,0,0,1,1,1,4.72437E+20,5.56428E+21,8.61355E+15,5.023E+16
140248,6.1703E+18,6,4,36,8,2017,3,17,4,2,9,1,0,1,0,0,0,1,1,4.60757E+20,5.55538E+21,8.45072E+15,5.01493E+16
140249,6.1703E+18,6,4,31,2,2017,3,15,4,3,5,3,0,1,0,0,0,0,0,4.72405E+20,5.50403E+21,8.61742E+15,4.96882E+16
140250,6.1703E+18,6,4,33,12,2017,3,11,4,3,6,6,1,0,1,0,0,0,0,4.57893E+20,5.53789E+21,8.41256E+15,4.99919E+16
140251,6.1703E+18,6,4,33,4,2017,3,13,4,3,5,7,1,1,0,0,0,0,0,4.6308E+20,5.51106E+21,8.48748E+15,4.97509E+16
140252,6.17023E+18,6,4,12,0,2017,2,13,3,3,2,5,0,1,0,0,0,0,0,4.70394E+20,5.54517E+21,8.5864E+15,5.00581E+16
140253,6.17023E+18,6,5,33,8,2017,2,20,3,3,6,7,0,1,1,0,0,2,0,4.41086E+20,5.57505E+21,8.17236E+15,5.03246E+16
140254,6.17023E+18,6,5,33,9,2017,2,20,3,3,9,1,0,1,0,0,0,2,1,4.33404E+20,5.58189E+21,8.06324E+15,5.03853E+16
140255,6.17023E+18,6,6,11,0,2017,2,12,3,3,5,3,1,1,0,0,0,0,1,5.33851E+20,5.68473E+21,9.48569E+15,5.13129E+16
140256,6.17023E+18,6,4,14,0,2017,2,12,3,3,7,1,0,1,0,1,0,0,0,4.47649E+20,5.54159E+21,8.26915E+15,5.00243E+16
140257,6.17023E+18,6,4,14,0,2017,2,14,3,3,6,4,0,1,1,0,0,0,0,4.4425E+20,5.54751E+21,8.22084E+15,5.00773E+16
140258,6.17023E+18,6,4,14,0,2017,2,15,3,3,2,6,0,1,0,0,0,0,1,4.4278E+20,5.54862E+21,8.20013E+15,5.00871E+16
140259,6.17023E+18,6,4,12,0,2017,2,7,3,3,5,3,1,1,0,0,0,0,1,4.7822E+20,5.55409E+21,8.69521E+15,5.01386E+16
140260,6.17023E+18,6,4,12,0,2017,2,8,3,3,5,3,1,1,0,0,0,0,0,4.73189E+20,5.55333E+21,8.62487E+15,5.01316E+16
140261,6.17023E+18,6,4,12,0,2017,2,10,3,3,6,2,0,1,1,0,0,0,0,4.7778E+20,5.55153E+21,8.68922E+15,5.01156E+16
140262,6.17023E+18,6,6,33,3,2017,2,10,3,3,5,3,0,1,0,0,0,0,0,5.27275E+20,5.67837E+21,9.39086E+15,5.12561E+16
140263,6.17023E+18,6,6,35,11,2017,2,17,3,3,5,3,0,1,0,0,0,0,1,4.84655E+20,5.65594E+21,8.78106E+15,5.10548E+16
140264,6.17023E+18,6,4,34,8,2017,2,12,3,3,0,7,0,0,0,1,0,0,0,4.71344E+20,5.55882E+21,8.59864E+15,5.01809E+16
140265,6.17023E+18,6,4,36,4,2017,2,10,3,3,5,2,0,1,0,0,0,0,0,4.59619E+20,5.54341E+21,8.43606E+15,5.00416E+16
140266,6.17023E+18,6,5,32,12,2017,2,11,3,2,6,4,0,1,1,0,0,0,1,4.50923E+20,5.6145E+21,8.30535E+15,5.06802E+16
140267,6.17023E+18,6,4,38,1,2017,2,20,3,3,5,3,0,1,0,0,0,2,1,4.84068E+20,5.54035E+21,8.77762E+15,5.00153E+16
140268,6.17023E+18,6,4,31,5,2017,2,14,3,3,0,1,0,0,0,1,0,0,1,4.60713E+20,5.49939E+21,8.4558E+15,4.96457E+16
140269,6.17023E+18,6,4,33,12,2017,2,15,3,3,2,6,0,1,0,0,0,0,1,4.57759E+20,5.53822E+21,8.41066E+15,4.99948E+16
140270,6.17023E+18,6,5,34,18,2017,2,10,3,3,2,6,0,0,0,0,1,0,0,5.01065E+20,5.63082E+21,9.01512E+15,5.08291E+16
140271,6.17023E+18,6,5,31,5,2017,2,18,3,3,5,3,1,1,0,0,0,2,1,4.77949E+20,5.60207E+21,8.68862E+15,5.05701E+16
140272,6.17023E+18,6,5,31,5,2017,2,14,2,2,5,3,0,1,0,0,0,0,0,4.77987E+20,5.60396E+21,8.68903E+15,5.05872E+16
140273,6.17023E+18,6,5,33,13,2017,2,18,2,3,6,7,0,1,1,0,0,0,0,4.40755E+20,5.58403E+21,8.16629E+15,5.04054E+16
140274,6.17023E+18,6,4,13,0,2017,2,22,2,3,6,4,0,1,1,0,0,2,1,4.83252E+20,5.55038E+21,8.76579E+15,5.01054E+16
140275,6.17023E+18,6,4,12,0,2017,2,13,2,3,0,2,1,1,0,0,0,0,0,4.77074E+20,5.55222E+21,8.6793E+15,5.01218E+16
140276,6.17023E+18,6,4,12,0,2017,2,15,2,3,5,3,0,1,0,0,1,0,0,4.7741E+20,5.55332E+21,8.68393E+15,5.01317E+16
140277,6.17023E+18,6,6,33,3,2017,2,14,2,3,5,3,1,1,0,0,0,0,0,5.28874E+20,5.67803E+21,9.41375E+15,5.12529E+16
140278,6.17023E+18,6,4,38,9,2017,2,9,2,3,4,6,1,1,0,0,0,0,0,4.77942E+20,5.54456E+21,8.69188E+15,5.00529E+16
140279,6.17023E+18,6,4,38,11,2017,2,7,2,3,5,2,1,1,0,0,0,0,0,4.91906E+20,5.5443E+21,8.88694E+15,5.0051E+16
140280,6.17023E+18,6,4,36,6,2017,2,20,2,3,0,1,1,0,0,0,0,2,0,4.54703E+20,5.54065E+21,8.36773E+15,5.00165E+16
140281,6.17023E+18,6,4,36,8,2017,2,12,2,3,2,6,0,1,0,0,0,0,0,4.62023E+20,5.55217E+21,8.46876E+15,5.01205E+16
140282,6.17023E+18,6,4,33,12,2017,2,8,2,3,5,3,0,1,0,0,0,0,0,4.60264E+20,5.53457E+21,8.44599E+15,4.99621E+16
140283,6.17023E+18,6,4,33,1,2017,2,17,2,3,5,3,0,1,0,0,0,1,0,4.61378E+20,5.51407E+21,8.46355E+15,4.97779E+16
140284,6.17023E+18,6,4,35,14,2017,2,14,2,3,5,3,1,1,0,0,0,0,0,4.95041E+20,5.55267E+21,8.93062E+15,5.01263E+16
140285,6.17023E+18,6,5,33,3,2017,2,17,1,3,6,7,0,1,1,0,0,1,0,4.48063E+20,5.572E+21,8.27078E+15,5.02978E+16
140286,6.17023E+18,6,4,13,0,2017,2,3,1,3,3,6,0,1,0,0,0,2,0,4.83534E+20,5.54924E+21,8.76979E+15,5.00952E+16
140287,6.17023E+18,6,4,12,0,2017,2,14,1,3,0,1,1,0,0,0,0,0,0,4.78292E+20,5.5513E+21,8.69639E+15,5.01135E+16
140288,6.17023E+18,6,4,12,0,2017,2,17,1,3,6,7,0,1,1,0,0,0,0,4.77358E+20,5.55128E+21,8.68332E+15,5.01133E+16
140289,6.17023E+18,6,4,11,0,2017,2,13,1,3,2,6,0,1,0,0,0,0,0,4.73941E+20,5.52931E+21,8.63703E+15,4.99156E+16
140290,6.17023E+18,6,4,38,1,2017,2,16,1,3,6,7,0,1,1,0,0,0,0,4.84681E+20,5.54015E+21,8.78619E+15,5.00135E+16
140291,6.17023E+18,6,4,33,12,2017,2,12,1,3,5,3,0,1,0,0,0,0,0,4.55658E+20,5.53466E+21,8.38175E+15,4.99627E+16
140292,6.17023E+18,6,6,34,9,2017,2,8,7,3,5,2,0,1,0,0,0,0,0,5.28793E+20,5.65396E+21,9.41066E+15,5.10365E+16
140293,6.17023E+18,6,6,11,0,2017,2,14,7,3,5,3,0,1,0,1,0,0,0,5.32602E+20,5.68432E+21,9.46774E+15,5.13093E+16
140294,6.17023E+18,6,4,14,0,2017,2,13,7,3,2,6,0,1,0,0,0,0,0,4.44233E+20,5.54809E+21,8.22053E+15,5.00825E+16
140295,6.17023E+18,6,4,14,0,2017,2,16,7,3,6,4,0,1,1,0,0,0,0,4.45024E+20,5.54798E+21,8.2316E+15,5.00816E+16
140296,6.17023E+18,6,4,14,0,2017,2,14,7,2,6,4,1,0,1,0,0,0,0,4.45482E+20,5.54784E+21,8.23801E+15,5.00803E+16
140297,6.17023E+18,6,4,36,3,2017,2,14,7,3,6,7,0,1,1,0,0,0,0,4.67743E+20,5.55582E+21,8.54846E+15,5.01538E+16
140298,6.17023E+18,6,4,12,0,2017,2,17,7,3,5,3,1,1,0,0,0,0,0,4.70619E+20,5.54943E+21,8.58921E+15,5.00964E+16
140299,6.17023E+18,6,4,12,0,2017,2,15,7,3,3,2,0,1,0,0,0,0,0,4.73505E+20,5.55226E+21,8.62937E+15,5.0122E+16
140300,6.17023E+18,6,6,34,13,2017,2,12,7,3,0,7,0,1,0,0,0,0,0,5.37765E+20,5.66038E+21,9.53929E+15,5.10936E+16
140301,6.17023E+18,6,4,39,12,2017,2,18,7,3,5,3,0,1,0,0,0,2,0,4.29174E+20,5.53911E+21,8.01173E+15,5.00001E+16
140302,6.17023E+18,6,4,38,5,2017,2,12,7,3,5,2,1,1,0,0,0,0,0,4.85858E+20,5.54519E+21,8.80244E+15,5.00588E+16
140303,6.17023E+18,6,4,40,2,2017,2,14,7,3,2,6,0,1,0,0,0,0,0,4.81566E+20,5.5793E+21,8.74081E+15,5.03654E+16
140304,6.17023E+18,6,4,31,20,2017,2,13,7,3,6,4,1,0,1,0,0,0,0,4.69096E+20,5.48761E+21,8.57285E+15,4.95403E+16
140305,6.17023E+18,6,4,31,20,2017,2,2,7,3,6,7,0,1,1,0,0,2,0,4.69329E+20,5.4884E+21,8.576E+15,4.95475E+16
140306,6.17022E+18,6,5,33,9,2017,2,12,6,3,0,7,0,1,0,0,1,0,0,4.32465E+20,5.58201E+21,8.05002E+15,5.03863E+16
140307,6.17022E+18,6,4,14,0,2017,2,17,6,3,5,3,1,1,0,0,0,0,0,4.49177E+20,5.53975E+21,8.29072E+15,5.00079E+16
140308,6.17022E+18,6,4,12,0,2017,2,10,6,3,6,2,0,1,1,0,0,0,0,4.67542E+20,5.55002E+21,8.54614E+15,5.01015E+16
140309,6.17022E+18,6,4,12,0,2017,2,15,6,3,5,3,0,1,0,0,0,0,0,4.71316E+20,5.54938E+21,8.59896E+15,5.0096E+16
140310,6.17022E+18,6,4,12,0,2017,2,9,6,2,5,3,1,1,0,0,0,0,0,4.74528E+20,5.55192E+21,8.6437E+15,5.0119E+16
140311,6.17022E+18,6,4,12,0,2017,2,15,6,3,5,3,1,1,0,0,0,0,0,4.76247E+20,5.55518E+21,8.66754E+15,5.01483E+16
140312,6.17022E+18,6,4,12,0,2017,2,13,6,3,6,6,0,1,1,0,0,0,0,4.7675E+20,5.5506E+21,8.67486E+15,5.01072E+16
140313,6.17022E+18,6,4,11,0,2017,2,14,6,3,1,7,0,1,0,0,1,0,0,4.75488E+20,5.52884E+21,8.6586E+15,4.99114E+16
140314,6.17022E+18,6,4,39,1,2017,2,10,6,3,5,3,0,1,0,0,0,0,0,4.33052E+20,5.56444E+21,8.06139E+15,5.02283E+16
140315,6.17022E+18,6,4,38,2,2017,2,20,6,3,0,7,0,1,0,0,0,2,0,4.78186E+20,5.54304E+21,8.69537E+15,5.00392E+16
140316,6.17022E+18,6,4,35,19,2017,2,12,6,3,2,7,0,1,0,0,1,0,0,4.88949E+20,5.55382E+21,8.84537E+15,5.01365E+16
140317,6.17022E+18,6,4,35,12,2017,2,9,6,3,5,3,1,1,0,0,0,0,1,5.08506E+20,5.56111E+21,9.11919E+15,5.02021E+16
140318,6.17022E+18,6,4,40,2,2017,2,16,6,3,5,3,0,1,0,0,0,0,0,4.81213E+20,5.5793E+21,8.73585E+15,5.03655E+16
140319,6.17022E+18,6,4,40,8,2017,2,13,6,3,5,1,0,1,0,1,0,0,0,4.83232E+20,5.57633E+21,8.76437E+15,5.03389E+16
140320,6.17022E+18,6,4,33,2,2017,2,11,6,3,5,3,0,1,0,0,0,0,0,4.55475E+20,5.5362E+21,8.37903E+15,4.99765E+16
140321,6.17022E+18,6,5,31,5,2017,2,17,5,2,6,2,0,1,1,0,0,1,1,4.7952E+20,5.60658E+21,8.71055E+15,5.06107E+16
140322,6.17022E+18,6,4,12,0,2017,2,9,5,3,3,6,1,0,0,0,1,0,1,4.67355E+20,5.54981E+21,8.54354E+15,5.00996E+16
140323,6.17022E+18,6,4,12,0,2017,2,18,5,3,6,2,0,1,1,0,0,2,1,4.67324E+20,5.5515E+21,8.54296E+15,5.01148E+16
140324,6.17022E+18,6,4,12,0,2017,2,15,5,3,3,6,1,1,0,0,0,0,0,4.76235E+20,5.55395E+21,8.66744E+15,5.01373E+16
140325,6.17022E+18,6,4,12,0,2017,2,9,5,3,5,3,0,1,0,0,0,0,0,4.76294E+20,5.55353E+21,8.6683E+15,5.01335E+16
140326,6.17022E+18,6,4,12,0,2017,2,12,5,3,5,3,0,1,0,0,0,0,0,4.77414E+20,5.5501E+21,8.68418E+15,5.01027E+16
140327,6.17022E+18,6,4,12,0,2017,2,13,5,3,6,7,0,1,1,0,0,0,0,4.79105E+20,5.55184E+21,8.70772E+15,5.01185E+16
140328,6.17022E+18,6,4,12,0,2017,2,8,5,3,3,6,1,1,0,0,0,0,0,4.77053E+20,5.55167E+21,8.67903E+15,5.01168E+16
140329,6.17022E+18,6,6,32,3,2017,2,14,5,3,6,4,0,1,1,0,0,0,1,5.55952E+20,5.64648E+21,9.79682E+15,5.09672E+16
140330,6.17022E+18,6,4,32,10,2017,2,16,5,3,0,6,0,1,0,0,1,0,1,4.94049E+20,5.52431E+21,8.91719E+15,4.98712E+16
140331,6.17022E+18,6,4,32,18,2017,2,14,5,3,6,6,0,1,1,0,0,0,0,4.71082E+20,5.51688E+21,8.59813E+15,4.98037E+16
140332,6.17022E+18,6,4,32,8,2017,2,11,5,3,0,7,0,1,0,0,0,0,0,4.68695E+20,5.52324E+21,8.56445E+15,4.98607E+16
140333,6.17022E+18,6,5,35,9,2017,2,13,5,3,9,1,0,1,0,0,0,0,0,4.9913E+20,5.62036E+21,8.98767E+15,5.0735E+16
140334,6.17022E+18,6,4,33,12,2017,2,14,5,3,5,3,0,1,0,0,1,0,0,4.59275E+20,5.53786E+21,8.43185E+15,4.99917E+16
140335,6.17022E+18,6,5,31,18,2017,2,16,4,3,5,2,0,1,0,0,0,0,0,4.77355E+20,5.60896E+21,8.67981E+15,5.0632E+16
140336,6.17022E+18,6,5,35,15,2017,2,18,4,3,1,7,0,1,0,0,0,1,1,5.39752E+20,5.61389E+21,9.56259E+15,5.06755E+16
140337,6.17022E+18,6,5,33,9,2017,2,17,4,3,5,3,0,1,0,0,0,0,1,4.31529E+20,5.58334E+21,8.03661E+15,5.03981E+16
140338,6.17022E+18,6,6,11,0,2017,2,17,4,3,6,2,0,1,1,0,0,1,1,5.35627E+20,5.68494E+21,9.5112E+15,5.13146E+16
140339,6.17022E+18,6,4,14,0,2017,2,13,4,3,6,4,0,1,1,0,0,0,0,4.45243E+20,5.5479E+21,8.23466E+15,5.00808E+16
140340,6.17022E+18,6,4,13,0,2017,2,16,4,3,5,2,1,1,0,0,0,0,0,4.82203E+20,5.54962E+21,8.75116E+15,5.00986E+16
140341,6.17022E+18,6,4,36,11,2017,2,21,4,2,0,1,1,0,0,0,0,2,1,4.6701E+20,5.55505E+21,8.53827E+15,5.01467E+16
140342,6.17022E+18,6,4,12,0,2017,2,21,4,3,5,2,0,1,0,1,0,2,1,4.7546E+20,5.55525E+21,8.65652E+15,5.0149E+16
140343,6.17022E+18,6,4,11,0,2017,2,11,4,3,6,4,0,1,1,0,0,0,1,4.7401E+20,5.5257E+21,8.63823E+15,4.98832E+16
140344,6.17022E+18,6,6,35,3,2017,2,15,4,3,5,3,0,1,0,0,0,0,1,5.05142E+20,5.66242E+21,9.07346E+15,5.11132E+16
140345,6.17022E+18,6,4,34,8,2017,2,16,4,3,6,4,0,0,1,0,1,0,0,4.70396E+20,5.55901E+21,8.58536E+15,5.01825E+16
140346,6.17022E+18,6,4,34,8,2017,2,14,4,3,5,3,0,1,1,0,0,0,0,4.71692E+20,5.55872E+21,8.60352E+15,5.018E+16
140347,6.17022E+18,6,4,32,16,2017,2,9,4,3,5,3,0,1,0,0,0,0,1,4.82288E+20,5.52028E+21,8.75371E+15,4.98347E+16
140348,6.17022E+18,6,4,40,8,2017,2,19,4,3,5,3,0,1,0,0,0,2,1,4.82687E+20,5.57685E+21,8.75668E+15,5.03434E+16
140349,6.17022E+18,6,4,40,2,2017,2,12,4,3,5,3,0,1,0,0,1,0,1,4.82013E+20,5.58263E+21,8.74693E+15,5.03955E+16
140350,6.17022E+18,6,5,31,5,2017,2,20,4,3,5,3,0,1,0,0,0,2,1,4.78462E+20,5.60381E+21,8.69576E+15,5.05858E+16
140351,6.17022E+18,6,5,31,5,2017,2,18,4,3,2,6,0,1,0,0,0,2,1,4.75229E+20,5.60184E+21,8.65022E+15,5.0568E+16
140352,6.17022E+18,6,5,31,5,2017,2,13,4,3,2,6,0,1,0,0,0,0,0,4.75352E+20,5.60163E+21,8.65198E+15,5.0566E+16
140353,6.17022E+18,6,6,34,4,2017,2,11,3,3,5,2,0,1,0,0,0,0,0,5.23004E+20,5.64717E+21,9.32766E+15,5.09757E+16
140354,6.17022E+18,6,4,14,0,2017,2,14,3,3,5,2,0,1,0,0,0,0,1,4.46751E+20,5.54617E+21,8.25598E+15,5.00654E+16
140355,6.17022E+18,6,4,12,0,2017,2,8,3,3,5,3,0,1,0,0,0,0,1,4.73934E+20,5.55848E+21,8.63494E+15,5.01779E+16
140356,6.17022E+18,6,4,12,0,2017,2,8,3,3,6,4,0,0,1,0,1,0,0,4.77833E+20,5.5501E+21,8.69004E+15,5.01027E+16
140357,6.17022E+18,6,4,12,0,2017,2,20,3,3,1,5,1,1,0,0,0,2,0,4.77136E+20,5.55164E+21,8.6802E+15,5.01166E+16
140358,6.17022E+18,6,4,39,6,2017,2,9,3,3,0,1,0,0,0,1,0,0,1,4.38531E+20,5.56199E+21,8.13858E+15,5.02069E+16
140359,6.17022E+18,6,4,34,5,2017,2,18,3,2,8,7,0,1,0,0,0,2,1,4.62775E+20,5.55978E+21,8.47854E+15,5.01891E+16
140360,6.17022E+18,6,4,38,12,2017,2,16,3,2,5,3,0,1,0,0,0,0,0,4.8863E+20,5.53516E+21,8.84145E+15,4.99687E+16
140361,6.17022E+18,6,4,32,4,2017,2,8,3,3,5,3,1,1,0,0,0,0,1,4.87954E+20,5.52686E+21,8.83228E+15,4.9894E+16
140362,6.17022E+18,6,4,32,18,2017,2,11,3,3,2,6,0,1,0,0,1,0,1,4.73376E+20,5.51821E+21,8.62992E+15,4.98157E+16
140363,6.17022E+18,6,4,32,18,2017,2,10,3,3,6,7,0,1,1,0,0,0,1,4.71952E+20,5.51577E+21,8.6103E+15,4.97937E+16
140364,6.17022E+18,6,4,40,2,2017,2,19,3,3,5,3,0,1,0,0,0,2,1,4.81248E+20,5.57883E+21,8.73636E+15,5.03612E+16
140365,6.17022E+18,6,4,33,12,2017,2,15,3,3,6,2,0,1,1,0,0,0,0,4.57982E+20,5.53768E+21,8.41383E+15,4.99899E+16
140366,6.17022E+18,6,5,34,14,2017,2,18,3,3,6,2,0,0,1,0,1,1,0,4.83751E+20,5.62818E+21,8.7694E+15,5.08051E+16
140367,6.17022E+18,6,5,34,14,2017,2,15,3,3,5,3,1,1,0,0,0,0,0,4.83606E+20,5.62531E+21,8.76747E+15,5.07793E+16
140368,6.17022E+18,6,5,31,7,2017,2,10,3,3,5,3,0,1,0,0,0,0,0,4.7409E+20,5.60423E+21,8.63398E+15,5.05894E+16
140369,6.17022E+18,6,4,35,14,2017,2,7,3,3,5,2,1,1,0,0,0,0,1,4.96314E+20,5.55051E+21,8.94846E+15,5.01068E+16
140370,6.17022E+18,6,4,12,0,2017,2,6,2,3,5,3,1,1,0,0,0,2,0,4.74783E+20,5.54818E+21,8.64751E+15,5.00854E+16
140371,6.17022E+18,6,4,38,13,2017,2,17,2,2,6,2,0,1,1,0,0,1,1,4.97896E+20,5.5435E+21,8.97062E+15,5.00438E+16
140372,6.17022E+18,6,4,38,2,2017,2,12,2,3,2,6,0,1,0,0,1,0,0,4.78188E+20,5.54144E+21,8.69549E+15,5.00249E+16
140373,6.17022E+18,6,4,34,1,2017,2,8,2,3,5,3,0,1,0,1,0,0,1,4.77014E+20,5.56378E+21,8.67776E+15,5.02257E+16
140374,6.17022E+18,6,4,34,1,2017,2,9,2,3,5,3,0,1,0,0,0,0,0,4.73172E+20,5.56381E+21,8.62389E+15,5.02259E+16
140375,6.17022E+18,6,4,40,4,2017,2,19,2,3,6,2,0,1,1,0,0,2,1,5.0218E+20,5.57129E+21,9.03061E+15,5.02937E+16
140376,6.17022E+18,6,4,32,16,2017,2,12,2,3,6,4,0,1,1,0,0,0,0,4.81714E+20,5.51975E+21,8.74574E+15,4.98299E+16
140377,6.17022E+18,6,4,33,12,2017,2,19,2,3,5,3,1,1,0,0,0,2,1,4.5903E+20,5.538E+21,8.42841E+15,4.99929E+16
140378,6.17022E+18,6,4,33,6,2017,2,18,2,3,6,4,0,1,1,0,0,1,1,4.63181E+20,5.53075E+21,8.48701E+15,4.9928E+16
140379,6.17022E+18,6,6,31,9,2017,2,6,2,2,6,4,0,1,1,0,0,2,1,5.47906E+20,5.5993E+21,9.67612E+15,5.05437E+16