OBJECTID,UIDENTSTLA,ULAND,UREGBEZ,UKREIS,UGEMEINDE,UJAHR,UMONAT,USTUNDE,UWOCHENTAG,UKATEGORIE,UART,UTYP1,IstRad,IstPKW,IstFuss,IstKrad,IstSonstig,LICHT,STRZUSTAND,LINREFX,LINREFY,XGCSWGS84,YGCSWGS84
140554,6.17031E+18,6,4,12,0,2017,3,9,3,3,5,3,0,1,0,0,0,0,0,4.77988E+20,5.55517E+21,8.69191E+15,5.01483E+16
140555,6.17031E+18,6,4,12,0,2017,3,14,3,3,0,2,1,1,0,0,0,0,0,4.77993E+20,5.55145E+21,8.69219E+15,5.01149E+16
140556,6.17031E+18,6,4,37,7,2017,3,15,3,3,1,5,1,1,0,0,0,0,0,4.8978E+20,5.51058E+21,8.85813E+15,4.97476E+16
140557,6.17031E+18,6,4,37,13,2017,3,13,3,2,5,3,1,1,0,0,0,0,0,4.88848E+20,5.50674E+21,8.84531E+15,4.97131E+16
140558,6.17031E+18,6,4,11,0,2017,3,17,3,3,2,6,0,1,0,0,0,0,0,4.75689E+20,5.52215E+21,8.66182E+15,4.98512E+16
140559,6.17031E+18,6,6,33,3,2017,3,17,3,2,5,3,1,1,0,0,0,0,0,5.29152E+20,5.67845E+21,9.41776E+15,5.12566E+16
140560,6.17031E+18,6,4,35,19,2017,3,16,3,3,5,7,0,1,0,0,0,0,0,4.86306E+20,5.55444E+21,8.80836E+15,5.01421E+16
140561,6.17031E+18,6,4,40,9,2017,3,9,3,2,6,4,0,1,1,0,0,0,0,5.13579E+20,5.58514E+21,9.19114E+15,5.04182E+16
140562,6.17031E+18,6,4,40,24,2017,3,11,3,2,1,5,1,1,0,0,0,0,0,4.86643E+20,5.58289E+21,8.81206E+15,5.03979E+16
140563,6.17031E+18,6,5,34,10,2017,3,17,3,2,6,4,0,1,1,0,0,0,0,4.67867E+20,5.62293E+21,8.54444E+15,5.07573E+16
140564,6.17031E+18,6,5,34,14,2017,3,12,3,3,6,6,0,0,1,0,1,0,0,4.83664E+20,5.62852E+21,8.76814E+15,5.08082E+16
140565,6.17031E+18,6,5,33,7,2017,3,7,2,3,5,2,0,1,0,0,0,0,0,4.31742E+20,5.58803E+21,8.03876E+15,5.04403E+16
140566,6.17031E+18,6,4,14,0,2017,3,14,2,3,6,4,0,1,1,0,0,0,0,4.48965E+20,5.54785E+21,8.28669E+15,5.00807E+16
140567,6.17031E+18,6,4,14,0,2017,3,7,2,3,2,2,0,1,0,0,0,0,0,4.44377E+20,5.54641E+21,8.22278E+15,5.00674E+16
140568,6.17031E+18,6,4,13,0,2017,3,9,2,3,1,5,0,1,0,0,0,0,0,4.81988E+20,5.55116E+21,8.74809E+15,5.01124E+16
140569,6.17031E+18,6,4,13,0,2017,3,11,2,3,5,2,0,1,0,1,0,0,0,4.82885E+20,5.55083E+21,8.76064E+15,5.01095E+16
140570,6.17031E+18,6,4,12,0,2017,3,7,2,3,5,3,0,1,0,0,0,0,0,4.75958E+20,5.55905E+21,8.66325E+15,5.01831E+16
140571,6.17031E+18,6,4,12,0,2017,3,16,2,3,6,7,0,1,1,0,0,0,0,4.75795E+20,5.55586E+21,8.66117E+15,5.01545E+16
140572,6.17031E+18,6,4,12,0,2017,3,18,2,3,5,3,1,1,0,0,0,1,0,4.76495E+20,5.54862E+21,8.67142E+15,5.00894E+16
140573,6.17031E+18,6,4,12,0,2017,3,19,2,3,2,6,0,1,0,0,0,2,0,4.78992E+20,5.55484E+21,8.70599E+15,5.01454E+16
140574,6.17031E+18,6,4,12,0,2017,3,15,2,3,1,6,0,1,0,1,0,0,0,4.74456E+20,5.55029E+21,8.64279E+15,5.01044E+16
140575,6.17031E+18,6,4,11,0,2017,3,19,2,3,5,3,1,1,0,0,1,2,0,4.74518E+20,5.52628E+21,8.64526E+15,4.98884E+16
140576,6.17031E+18,6,6,34,22,2017,3,12,2,2,5,3,0,1,0,1,0,0,0,5.16372E+20,5.63935E+21,9.23285E+15,5.09055E+16
140577,6.17031E+18,6,6,33,28,2017,3,16,2,3,5,3,0,1,0,0,0,0,0,5.1194E+20,5.68625E+21,9.17137E+15,5.13275E+16
140578,6.17031E+18,6,4,38,13,2017,3,14,2,3,5,3,0,1,0,0,0,0,0,4.97947E+20,5.54339E+21,8.97132E+15,5.00428E+16
140579,6.17031E+18,6,4,38,9,2017,3,11,2,2,1,5,1,1,0,0,0,0,0,4.78466E+20,5.54445E+21,8.6992E+15,5.00519E+16
140580,6.17031E+18,6,4,38,6,2017,3,16,2,3,6,4,0,1,1,0,0,0,0,4.75472E+20,5.53795E+21,8.6578E+15,4.99934E+16
140581,6.17031E+18,6,4,34,8,2017,3,8,2,3,1,6,0,1,0,0,0,0,0,4.69187E+20,5.56224E+21,8.56815E+15,5.02115E+16
140582,6.17031E+18,6,4,34,6,2017,3,17,2,3,5,3,1,1,0,0,0,0,0,4.67129E+20,5.55913E+21,8.53958E+15,5.01834E+16
140583,6.17031E+18,6,4,40,3,2017,3,16,2,3,5,3,1,1,0,0,0,0,0,4.81237E+20,5.55913E+21,8.73719E+15,5.01841E+16
140584,6.17031E+18,6,4,31,2,2017,3,8,2,3,2,6,0,1,0,0,1,0,0,4.7183E+20,5.50604E+21,8.60931E+15,4.97062E+16
140585,6.17031E+18,6,4,33,2,2017,3,17,2,3,5,2,0,1,0,0,0,0,0,4.55456E+20,5.5362E+21,8.37876E+15,4.99765E+16
140586,6.17031E+18,6,6,31,9,2017,3,7,2,3,5,2,0,1,0,1,0,0,0,5.4814E+20,5.60133E+21,9.67967E+15,5.05619E+16
140587,6.17031E+18,6,5,31,5,2017,3,7,2,3,2,6,0,1,0,0,0,0,0,4.78126E+20,5.60221E+21,8.69111E+15,5.05714E+16
140588,6.17031E+18,6,4,35,21,2017,3,18,1,3,8,1,0,1,0,0,0,1,0,4.93127E+20,5.56372E+21,8.90364E+15,5.02256E+16
140589,6.17031E+18,6,4,12,0,2017,3,17,1,3,2,6,0,1,0,0,1,0,0,4.77572E+20,5.55257E+21,8.68624E+15,5.0125E+16
140590,6.17031E+18,6,4,38,5,2017,3,13,1,3,5,3,1,1,0,0,0,0,0,4.8583E+20,5.54519E+21,8.80204E+15,5.00588E+16
140591,6.17031E+18,6,4,12,0,2017,3,4,1,3,1,1,0,1,0,0,1,2,0,4.8125E+20,5.55346E+21,8.73765E+15,5.0133E+16
140592,6.17031E+18,6,4,35,13,2017,3,17,7,3,2,6,0,0,0,1,0,1,0,4.99963E+20,5.5665E+21,8.99949E+15,5.02506E+16
140593,6.17031E+18,6,5,31,5,2017,3,12,7,2,5,3,0,1,0,1,0,0,0,4.75716E+20,5.60412E+21,8.65694E+15,5.05885E+16
140594,6.17031E+18,6,4,14,0,2017,3,17,7,3,2,6,0,1,0,0,0,1,0,4.43651E+20,5.54431E+21,8.21294E+15,5.00484E+16
140595,6.17031E+18,6,4,14,0,2017,3,9,7,3,0,7,0,0,0,1,0,0,0,4.42319E+20,5.54432E+21,8.19434E+15,5.00483E+16
140596,6.17031E+18,6,4,14,0,2017,3,13,7,2,5,2,0,1,0,1,0,0,0,4.47032E+20,5.54543E+21,8.26002E+15,5.00588E+16
140597,6.17031E+18,6,4,36,11,2017,3,13,7,3,5,3,1,1,0,0,0,0,0,4.66158E+20,5.55593E+21,8.52627E+15,5.01546E+16
140598,6.17031E+18,6,4,12,0,2017,3,15,7,3,5,3,0,1,0,0,0,0,0,4.74743E+20,5.55637E+21,8.64641E+15,5.0159E+16
140599,6.17031E+18,6,4,12,0,2017,3,12,7,3,2,6,0,1,0,0,0,0,0,4.76294E+20,5.55353E+21,8.6683E+15,5.01335E+16
140600,6.17031E+18,6,4,12,0,2017,3,13,7,3,3,6,0,1,0,1,0,0,0,4.7776E+20,5.55183E+21,8.68891E+15,5.01183E+16
140601,6.17031E+18,6,4,11,0,2017,3,13,7,2,5,3,1,1,0,0,0,0,0,4.74835E+20,5.5249E+21,8.64976E+15,4.9876E+16
140602,6.17031E+18,6,6,11,0,2017,3,16,7,3,6,7,0,1,1,0,0,0,0,5.30185E+20,5.68499E+21,9.43311E+15,5.13154E+16
140603,6.17031E+18,6,4,38,7,2017,3,14,7,2,5,3,0,1,0,0,0,0,0,5.01729E+20,5.54197E+21,9.02414E+15,5.003E+16
140604,6.17031E+18,6,4,38,2,2017,3,12,7,3,5,2,1,1,0,0,0,0,0,4.78187E+20,5.54186E+21,8.69546E+15,5.00286E+16
140605,6.17031E+18,6,4,38,5,2017,3,13,7,3,0,7,0,1,1,0,0,0,0,4.88462E+20,5.54428E+21,8.83884E+15,5.00507E+16
140606,6.17031E+18,6,4,35,2,2017,3,16,7,2,8,1,0,0,0,1,0,0,0,5.25195E+20,5.57485E+21,9.35395E+15,5.03252E+16
140607,6.17031E+18,6,4,35,10,2017,3,13,7,3,0,7,0,1,0,0,0,0,0,5.12918E+20,5.56063E+21,9.181E+15,5.01977E+16
140608,6.17031E+18,6,4,35,9,2017,3,12,7,3,1,7,0,1,0,0,0,0,0,5.08204E+20,5.55435E+21,9.11481E+15,5.01413E+16
140609,6.17031E+18,6,4,11,0,2017,3,11,7,3,6,7,0,1,1,0,0,0,0,4.74406E+20,5.51759E+21,8.64427E+15,4.98102E+16
140610,6.17031E+18,6,4,40,8,2017,3,18,7,3,5,3,1,1,0,0,0,2,0,4.80671E+20,5.57688E+21,8.72836E+15,5.03437E+16
140611,6.17031E+18,6,4,33,8,2017,3,14,7,3,2,6,0,1,0,0,0,0,0,4.68414E+20,5.5376E+21,8.55936E+15,4.99899E+16
140612,6.17031E+18,6,5,35,11,2017,3,15,6,3,5,3,1,1,0,0,0,0,0,5.27631E+20,5.60959E+21,9.39074E+15,5.06375E+16
140613,6.17031E+18,6,4,13,0,2017,3,12,6,3,5,2,0,1,0,0,1,0,0,4.83535E+20,5.54843E+21,8.76983E+15,5.00879E+16
140614,6.17031E+18,6,4,36,3,2017,3,10,6,3,5,2,1,1,0,0,0,0,0,4.69689E+20,5.55457E+21,8.57581E+15,5.01426E+16
140615,6.17031E+18,6,4,12,0,2017,3,12,6,3,5,3,0,1,0,0,1,0,0,4.67622E+20,5.54991E+21,8.54727E+15,5.01005E+16
140616,6.17031E+18,6,4,12,0,2017,3,13,6,3,0,7,1,0,0,0,0,0,0,4.75041E+20,5.55129E+21,8.65092E+15,5.01133E+16
140617,6.17031E+18,6,4,12,0,2017,3,7,6,3,5,2,1,1,0,0,0,0,0,4.77456E+20,5.55294E+21,8.6846E+15,5.01283E+16
140618,6.17031E+18,6,4,11,0,2017,3,12,6,3,2,6,0,1,1,0,0,0,0,4.75397E+20,5.52574E+21,8.65753E+15,4.98835E+16
140619,6.17031E+18,6,6,11,0,2017,3,15,6,2,6,4,0,1,1,0,0,0,0,5.32267E+20,5.68444E+21,9.46293E+15,5.13103E+16
140620,6.17031E+18,6,4,39,13,2017,3,12,6,2,1,6,0,1,0,1,0,0,0,4.23048E+20,5.53708E+21,7.92666E+15,4.99811E+16
140621,6.17031E+18,6,4,38,2,2017,3,18,6,3,5,3,1,1,0,0,0,1,0,4.78271E+20,5.54133E+21,8.69666E+15,5.00239E+16
140622,6.17031E+18,6,4,38,6,2017,3,19,6,3,2,6,0,1,0,0,0,2,0,4.7558E+20,5.5376E+21,8.65933E+15,4.99902E+16
140623,6.17031E+18,6,4,40,2,2017,3,20,6,3,5,3,0,1,0,0,0,2,0,4.81062E+20,5.57895E+21,8.73375E+15,5.03623E+16
140624,6.17031E+18,6,4,40,2,2017,3,16,6,3,5,3,1,1,0,0,0,0,0,4.80889E+20,5.57841E+21,8.73134E+15,5.03575E+16
140625,6.17031E+18,6,4,33,12,2017,3,13,6,2,5,3,1,1,0,0,0,0,0,4.59201E+20,5.53885E+21,8.43071E+15,5.00005E+16
140626,6.17031E+18,6,5,31,12,2017,3,15,6,3,2,6,0,1,0,0,0,0,0,4.75483E+20,5.59848E+21,8.65403E+15,5.05377E+16
140627,6.17031E+18,6,6,34,9,2017,3,12,5,3,6,6,0,1,1,0,0,0,1,5.28061E+20,5.65341E+21,9.40018E+15,5.10315E+16
140628,6.17031E+18,6,6,32,9,2017,3,19,5,3,4,1,0,1,0,0,0,2,1,5.7145E+20,5.63829E+21,1.00159E+16,5.08919E+16
140629,6.17031E+18,6,6,32,2,2017,3,14,5,3,2,6,0,1,0,0,0,0,1,5.50659E+20,5.63507E+21,9.71987E+15,5.08651E+16
140630,6.17031E+18,6,4,14,0,2017,3,18,5,3,5,3,0,1,0,0,0,1,0,4.41775E+20,5.54668E+21,8.18639E+15,5.00695E+16
140631,6.17031E+18,6,4,12,0,2017,3,10,5,3,1,5,1,1,0,0,0,0,1,4.74337E+20,5.55235E+21,8.641E+15,5.01228E+16
140632,6.17031E+18,6,4,11,0,2017,3,12,5,3,5,3,0,1,0,0,0,0,1,4.74199E+20,5.52929E+21,8.64061E+15,4.99154E+16
140633,6.17031E+18,6,4,35,19,2017,3,19,5,2,5,2,0,1,0,1,0,2,0,4.8874E+20,5.55611E+21,8.84236E+15,5.01571E+16
140634,6.17031E+18,6,4,34,2,2017,3,20,5,2,6,4,0,1,1,0,0,2,0,4.74762E+20,5.56719E+21,8.64595E+15,5.02563E+16
140635,6.17031E+18,6,4,36,4,2017,3,18,5,3,5,3,1,1,0,0,0,1,0,4.58424E+20,5.54102E+21,8.41963E+15,5.002E+16
140636,6.17031E+18,6,4,40,3,2017,3,16,5,3,5,3,0,1,0,1,0,0,0,4.80554E+20,5.56015E+21,8.72757E+15,5.01932E+16
140637,6.17031E+18,6,4,32,4,2017,3,12,5,3,5,3,0,1,0,0,0,0,1,4.88427E+20,5.52687E+21,8.83887E+15,4.98941E+16
140638,6.17031E+18,6,4,32,10,2017,3,15,5,3,5,3,0,1,0,0,0,0,0,4.9531E+20,5.5248E+21,8.93473E+15,4.98755E+16
140639,6.17031E+18,6,4,33,12,2017,3,7,5,3,5,3,1,1,0,0,0,0,1,4.60255E+20,5.53525E+21,8.44578E+15,4.99682E+16
140640,6.17031E+18,6,6,31,9,2017,3,11,5,3,5,2,1,1,0,0,0,0,1,5.48058E+20,5.60054E+21,9.67842E+15,5.05548E+16
140641,6.17031E+18,6,6,31,9,2017,3,12,5,3,6,6,0,1,1,0,0,0,1,5.4813E+20,5.59994E+21,9.67935E+15,5.05494E+16
140642,6.17031E+18,6,5,33,9,2017,3,17,4,3,0,7,0,1,0,0,0,0,1,4.33381E+20,5.58229E+21,8.06285E+15,5.03889E+16
140643,6.17031E+18,6,4,12,0,2017,3,18,4,2,6,4,0,0,1,0,1,2,1,4.67166E+20,5.55001E+21,8.54089E+15,5.01015E+16
140644,6.17031E+18,6,4,12,0,2017,3,20,4,3,1,7,1,1,0,0,0,2,1,4.69958E+20,5.54791E+21,8.58009E+15,5.00827E+16
140645,6.17031E+18,6,4,12,0,2017,3,17,4,2,0,1,1,0,0,0,0,0,1,4.77035E+20,5.54913E+21,8.67893E+15,5.0094E+16
140646,6.17031E+18,6,4,12,0,2017,3,17,4,3,5,3,0,1,0,0,0,2,1,4.75464E+20,5.55201E+21,8.65678E+15,5.01198E+16
140647,6.17031E+18,6,4,12,0,2017,3,7,4,1,3,7,0,0,0,1,1,0,1,4.76653E+20,5.55283E+21,8.67337E+15,5.01273E+16
140648,6.17031E+18,6,4,12,0,2017,3,17,4,3,6,4,0,1,1,0,0,1,1,4.77598E+20,5.55286E+21,8.68659E+15,5.01276E+16
140649,6.17031E+18,6,6,36,16,2017,3,12,4,2,0,1,1,0,0,0,0,0,1,5.5953E+20,5.68889E+21,9.8548E+15,5.13482E+16
140650,6.17031E+18,6,6,33,3,2017,3,6,4,3,6,7,0,1,1,0,0,1,0,5.30451E+20,5.67895E+21,9.43641E+15,5.1261E+16
140651,6.17031E+18,6,4,38,6,2017,3,7,4,2,6,2,0,1,1,0,0,0,1,4.76074E+20,5.53736E+21,8.66624E+15,4.99881E+16
140652,6.17031E+18,6,4,34,5,2017,3,11,4,3,6,4,0,1,1,0,0,0,0,4.62054E+20,5.55914E+21,8.4685E+15,5.01833E+16
140653,6.17031E+18,6,4,35,12,2017,3,17,4,3,5,3,0,1,0,0,0,1,1,5.09765E+20,5.56135E+21,9.13684E+15,5.02043E+16
140654,6.17031E+18,6,4,32,4,2017,3,13,4,3,0,3,1,1,0,0,0,0,1,4.8795E+20,5.52686E+21,8.83223E+15,4.9894E+16
140655,6.17031E+18,6,4,31,20,2017,3,7,4,3,1,3,0,1,0,1,0,0,0,4.70193E+20,5.48785E+21,8.58799E+15,4.95425E+16
140656,6.17031E+18,6,4,33,8,2017,3,0,4,3,8,1,0,0,0,1,0,2,0,4.68667E+20,5.53653E+21,8.56298E+15,4.99803E+16
140657,6.17031E+18,6,6,31,9,2017,3,8,4,2,9,1,0,0,0,1,0,0,1,5.45537E+20,5.59838E+21,9.64256E+15,5.05356E+16
140658,6.17031E+18,6,6,35,21,2017,3,16,3,2,5,3,0,1,0,0,0,0,0,5.00299E+20,5.67712E+21,9.00429E+15,5.12454E+16
140659,6.17041E+18,6,4,33,10,2017,4,15,5,3,2,6,0,1,0,0,0,0,0,4.59439E+20,5.53952E+21,8.43396E+15,5.00066E+16
140660,6.17041E+18,6,6,31,9,2017,4,9,5,3,5,3,0,1,0,1,0,0,0,5.49977E+20,5.60304E+21,9.70584E+15,5.05771E+16
140661,6.17041E+18,6,4,35,14,2017,4,14,5,2,6,2,0,0,1,0,1,0,0,4.93953E+20,5.55467E+21,8.91537E+15,5.01443E+16
140662,6.17041E+18,6,4,33,10,2017,4,14,5,3,2,6,0,1,0,0,0,0,0,4.63603E+20,5.54161E+21,8.49186E+15,5.00257E+16
140663,6.17041E+18,6,4,35,19,2017,4,16,5,3,4,6,1,1,0,0,0,0,0,4.8888E+20,5.55423E+21,8.84439E+15,5.01402E+16
140664,6.17041E+18,6,4,34,1,2017,4,17,5,3,5,3,1,1,0,0,0,0,0,4.72318E+20,5.56417E+21,8.61189E+15,5.02291E+16
140665,6.17041E+18,6,4,35,14,2017,4,15,4,3,5,3,0,1,0,0,0,0,0,4.95791E+20,5.55396E+21,8.94111E+15,5.01379E+16
140666,6.17041E+18,6,4,31,20,2017,4,17,5,3,0,3,0,1,0,1,0,0,0,4.70248E+20,5.48734E+21,8.58879E+15,4.9538E+16
140667,6.17041E+18,6,4,31,20,2017,4,8,5,3,5,2,0,1,0,1,0,0,0,4.7034E+20,5.48873E+21,8.58995E+15,4.95505E+16
140668,6.17041E+18,6,4,33,10,2017,4,18,5,3,2,6,0,1,0,0,0,0,0,4.6177E+20,5.54077E+21,8.46636E+15,5.0018E+16
140669,6.17041E+18,6,5,31,5,2017,4,8,4,3,0,7,0,0,0,0,1,0,0,4.76569E+20,5.604E+21,8.669E+15,5.05874E+16
140670,6.17041E+18,6,5,33,4,2017,4,10,4,3,3,2,0,1,0,0,1,0,0,4.32557E+20,5.59904E+21,8.04824E+15,5.05394E+16
140671,6.17041E+18,6,4,13,0,2017,4,8,4,2,1,7,1,1,0,0,0,0,0,4.8277E+20,5.54928E+21,8.7591E+15,5.00956E+16
140672,6.17041E+18,6,4,13,0,2017,4,21,4,2,2,4,0,1,1,0,0,2,0,4.84526E+20,5.54976E+21,8.78364E+15,5.00999E+16
140673,6.17041E+18,6,4,36,11,2017,4,13,4,3,5,3,0,1,0,0,1,0,0,4.67438E+20,5.55559E+21,8.54421E+15,5.01516E+16
140674,6.17041E+18,6,4,36,3,2017,4,14,4,3,1,5,0,1,0,0,0,0,0,4.69309E+20,5.55464E+21,8.57048E+15,5.01432E+16
140675,6.17041E+18,6,4,12,0,2017,4,10,4,3,1,5,0,1,0,0,0,0,0,4.74063E+20,5.55255E+21,8.63714E+15,5.01246E+16
140676,6.17041E+18,6,4,12,0,2017,4,12,4,3,1,7,1,1,0,0,0,0,0,4.76134E+20,5.54873E+21,8.66636E+15,5.00904E+16
140677,6.17041E+18,6,4,12,0,2017,4,17,4,3,2,6,0,1,0,1,0,0,0,4.78405E+20,5.55296E+21,8.69787E+15,5.01285E+16
140678,6.17041E+18,6,4,12,0,2017,4,20,4,3,5,3,0,1,0,0,0,2,0,4.76517E+20,5.55283E+21,8.67147E+15,5.01272E+16
140679,6.17041E+18,6,4,12,0,2017,4,10,4,3,2,6,0,1,0,0,0,0,0,4.78057E+20,5.553E+21,8.693E+15,5.01288E+16
140680,6.17041E+18,6,4,36,8,2017,4,18,4,3,5,3,0,1,0,0,0,0,0,4.60912E+20,5.55394E+21,8.45304E+15,5.01364E+16
140681,6.17041E+18,6,4,32,11,2017,4,18,4,2,5,3,1,0,0,0,0,0,0,4.87596E+20,5.52491E+21,8.82736E+15,4.98765E+16
140682,6.17041E+18,6,4,32,4,2017,4,10,4,3,0,7,1,1,0,0,0,0,0,4.89199E+20,5.52855E+21,8.84957E+15,4.99093E+16
140683,6.17041E+18,6,4,32,11,2017,4,11,4,3,5,3,1,1,0,0,0,0,0,4.87595E+20,5.5248E+21,8.82735E+15,4.98754E+16
140684,6.17041E+18,6,4,33,8,2017,4,0,4,3,2,6,1,1,0,0,0,2,0,4.67665E+20,5.53609E+21,8.54904E+15,4.99762E+16
140685,6.17041E+18,6,4,35,14,2017,4,12,4,2,6,7,0,0,1,0,1,0,0,4.942E+20,5.55378E+21,8.91884E+15,5.01362E+16
140686,6.17041E+18,6,5,31,6,2017,4,20,4,3,5,3,0,1,0,1,0,2,0,4.96979E+20,5.60479E+21,8.95731E+15,5.0595E+16
140687,6.1704E+18,6,6,35,15,2017,4,12,3,3,5,3,1,1,0,0,0,0,0,4.8729E+20,5.67743E+21,8.81789E+15,5.12481E+16
140688,6.1704E+18,6,6,32,2,2017,4,10,3,3,2,6,0,1,0,0,0,0,0,5.4994E+20,5.63457E+21,9.70959E+15,5.08606E+16
140689,6.1704E+18,6,5,35,11,2017,4,9,3,3,9,1,1,1,0,0,0,0,0,5.23312E+20,5.61226E+21,9.32983E+15,5.06617E+16
140690,6.1704E+18,6,4,14,0,2017,4,14,3,3,2,2,1,1,0,0,0,0,0,4.45881E+20,5.54578E+21,8.24388E+15,5.00618E+16
140691,6.1704E+18,6,4,14,0,2017,4,14,3,3,2,6,0,1,0,0,0,0,0,4.45424E+20,5.54705E+21,8.23731E+15,5.00733E+16
140692,6.1704E+18,6,4,13,0,2017,4,22,3,3,5,3,0,1,0,0,0,2,0,4.82996E+20,5.5492E+21,8.76227E+15,5.00948E+16
140693,6.1704E+18,6,4,36,11,2017,4,6,3,3,2,2,0,1,0,0,0,1,0,4.66301E+20,5.55581E+21,8.52828E+15,5.01536E+16
140694,6.1704E+18,6,4,12,0,2017,4,18,3,3,5,3,1,1,0,0,0,0,0,4.68846E+20,5.55071E+21,8.56432E+15,5.01078E+16
140695,6.1704E+18,6,4,12,0,2017,4,17,3,3,2,6,0,1,0,0,0,0,0,4.73947E+20,5.55247E+21,8.63553E+15,5.01239E+16
140696,6.1704E+18,6,4,12,0,2017,4,16,3,3,1,7,1,1,0,0,0,0,0,4.77141E+20,5.55006E+21,8.68035E+15,5.01023E+16
140697,6.1704E+18,6,4,12,0,2017,4,18,3,3,5,3,0,1,0,1,0,0,0,4.80438E+20,5.55449E+21,8.72624E+15,5.01423E+16
140698,6.1704E+18,6,4,37,13,2017,4,13,3,3,6,4,0,1,1,0,0,0,0,4.88394E+20,5.50666E+21,8.83901E+15,4.97124E+16
140699,6.1704E+18,6,4,39,15,2017,4,11,3,3,6,2,0,1,1,0,0,0,0,4.39739E+20,5.5548E+21,8.15666E+15,5.01424E+16
140700,6.1704E+18,6,4,38,13,2017,4,18,3,3,2,6,0,1,0,0,0,0,0,4.97856E+20,5.54401E+21,8.97005E+15,5.00483E+16
140701,6.1704E+18,6,4,38,6,2017,4,16,3,3,0,7,0,1,0,0,0,0,0,4.77885E+20,5.53728E+21,8.6915E+15,4.99874E+16
140702,6.1704E+18,6,4,35,19,2017,4,16,3,3,0,7,1,1,0,0,0,0,0,4.88567E+20,5.55317E+21,8.84004E+15,5.01306E+16
140703,6.1704E+18,6,4,34,1,2017,4,16,3,3,0,7,0,0,1,0,1,0,0,4.77235E+20,5.56374E+21,8.68085E+15,5.02254E+16
140704,6.1704E+18,6,4,34,1,2017,4,10,3,3,5,2,0,1,0,0,0,0,0,4.72055E+20,5.56477E+21,8.60816E+15,5.02344E+16
140705,6.1704E+18,6,5,33,15,2017,4,14,3,3,5,2,0,1,0,1,0,0,0,4.4515E+20,5.58517E+21,8.22797E+15,5.0416E+16
140706,6.1704E+18,6,4,36,7,2017,4,13,3,3,6,4,0,1,1,0,0,0,0,4.60211E+20,5.54843E+21,8.44381E+15,5.00868E+16
140707,6.1704E+18,6,4,35,3,2017,4,19,3,3,7,7,1,0,0,0,0,0,0,5.19227E+20,5.56347E+21,9.26953E+15,5.02231E+16
140708,6.1704E+18,6,5,32,9,2017,4,10,3,3,5,3,0,1,0,0,0,0,0,4.54029E+20,5.62951E+21,8.34745E+15,5.08155E+16
140709,6.1704E+18,6,4,33,12,2017,4,14,3,3,0,3,1,1,0,0,0,0,0,4.60238E+20,5.53524E+21,8.44555E+15,4.99682E+16
140710,6.1704E+18,6,5,31,5,2017,4,14,3,3,2,6,0,1,0,0,0,0,0,4.75224E+20,5.60388E+21,8.65001E+15,5.05863E+16
140711,6.1704E+18,6,6,32,7,2017,4,17,2,3,0,1,0,0,0,1,0,0,1,5.50741E+20,5.63226E+21,9.72064E+15,5.08398E+16
140712,6.1704E+18,6,5,33,9,2017,4,11,2,3,6,4,0,1,1,0,0,0,0,4.3324E+20,5.58533E+21,8.06033E+15,5.04162E+16
140713,6.1704E+18,6,4,14,0,2017,4,17,2,3,1,2,1,1,0,0,0,0,0,4.45577E+20,5.54352E+21,8.23995E+15,5.00415E+16
140714,6.1704E+18,6,4,13,0,2017,4,16,2,3,0,7,1,1,0,0,0,0,0,4.82515E+20,5.55042E+21,8.75548E+15,5.01058E+16
140715,6.1704E+18,6,4,36,5,2017,4,5,2,3,5,3,0,1,0,1,0,2,0,4.64094E+20,5.54515E+21,8.49838E+15,5.00575E+16
140716,6.1704E+18,6,4,12,0,2017,4,17,2,3,5,3,0,1,0,0,0,0,0,4.67517E+20,5.54989E+21,8.5458E+15,5.01004E+16
140717,6.1704E+18,6,4,12,0,2017,4,18,2,3,8,5,1,0,0,0,0,0,0,4.74558E+20,5.55077E+21,8.64419E+15,5.01086E+16
140718,6.1704E+18,6,4,12,0,2017,4,8,2,3,5,3,1,0,0,0,0,0,0,4.76479E+20,5.55333E+21,8.6709E+15,5.01317E+16
140719,6.1704E+18,6,4,12,0,2017,4,18,2,3,6,4,0,1,1,0,0,0,0,4.73835E+20,5.54811E+21,8.63426E+15,5.00847E+16
140720,6.1704E+18,6,4,12,0,2017,4,10,2,3,1,2,0,1,0,0,0,0,0,4.75192E+20,5.54887E+21,8.65318E+15,5.00916E+16
140721,6.1704E+18,6,4,11,0,2017,4,18,2,3,5,3,1,1,0,0,0,0,0,4.74587E+20,5.52917E+21,8.64603E+15,4.99144E+16
140722,6.1704E+18,6,4,11,0,2017,4,5,2,3,3,2,1,1,0,0,0,2,0,4.75076E+20,5.52642E+21,8.65302E+15,4.98897E+16
140723,6.1704E+18,6,4,11,0,2017,4,6,2,3,5,3,0,1,0,0,0,0,0,4.73281E+20,5.52591E+21,8.62806E+15,4.9885E+16
140724,6.1704E+18,6,6,34,22,2017,4,9,2,3,5,3,1,0,0,0,1,0,0,5.16216E+20,5.64108E+21,9.2307E+15,5.09211E+16
140725,6.1704E+18,6,4,38,2,2017,4,18,2,3,5,2,0,1,0,0,0,0,0,4.78481E+20,5.54133E+21,8.69959E+15,5.00239E+16
140726,6.1704E+18,6,4,38,6,2017,4,21,2,2,5,3,1,1,0,0,0,2,0,4.75119E+20,5.53786E+21,8.65288E+15,4.99926E+16