OBJECTID,UIDENTSTLA,ULAND,UREGBEZ,UKREIS,UGEMEINDE,UJAHR,UMONAT,USTUNDE,UWOCHENTAG,UKATEGORIE,UART,UTYP1,IstRad,IstPKW,IstFuss,IstKrad,IstSonstig,LICHT,STRZUSTAND,LINREFX,LINREFY,XGCSWGS84,YGCSWGS84
140727,6.1704E+18,6,4,35,19,2017,4,16,2,3,5,3,0,1,0,1,0,0,0,4.89299E+20,5.55347E+21,8.85027E+15,5.01334E+16
140728,6.1704E+18,6,4,31,11,2017,4,8,2,1,3,2,0,0,0,1,1,0,0,4.73653E+20,5.49845E+21,8.6351E+15,4.9638E+16
140729,6.1704E+18,6,4,35,9,2017,4,14,2,3,4,6,1,1,0,0,0,0,0,5.07905E+20,5.5542E+21,9.11063E+15,5.014E+16
140730,6.1704E+18,6,4,32,8,2017,4,12,2,2,0,1,1,0,0,0,0,0,0,4.6823E+20,5.52316E+21,8.55798E+15,4.986E+16
140731,6.1704E+18,6,4,31,5,2017,4,10,2,3,1,7,0,1,0,0,0,0,0,4.60991E+20,5.49912E+21,8.45968E+15,4.96434E+16
140732,6.1704E+18,6,4,33,12,2017,4,14,2,3,5,2,0,1,0,0,0,0,0,4.57E+20,5.53642E+21,8.40027E+15,4.99785E+16
140733,6.1704E+18,6,6,31,13,2017,4,18,2,3,6,1,0,1,1,0,0,0,0,5.59426E+20,5.60454E+21,9.83952E+15,5.05898E+16
140734,6.1704E+18,6,6,11,0,2017,4,16,1,3,2,6,0,1,0,0,1,0,0,5.34714E+20,5.68535E+21,9.49814E+15,5.13184E+16
140735,6.1704E+18,6,4,14,0,2017,4,14,1,3,5,3,0,1,0,1,0,0,0,4.4395E+20,5.54681E+21,8.21676E+15,5.00709E+16
140736,6.1704E+18,6,4,13,0,2017,4,19,1,3,2,6,0,1,0,1,0,0,0,4.81387E+20,5.55043E+21,8.73971E+15,5.01058E+16
140737,6.1704E+18,6,4,11,0,2017,4,19,1,3,2,6,0,1,0,0,0,0,0,4.73784E+20,5.52478E+21,8.63515E+15,4.98748E+16
140738,6.1704E+18,6,4,34,1,2017,4,12,1,3,6,4,0,1,1,0,0,0,0,4.71577E+20,5.56536E+21,8.60142E+15,5.02397E+16
140739,6.1704E+18,6,4,31,3,2017,4,20,1,2,0,1,0,0,0,0,1,1,0,4.55415E+20,5.50381E+21,8.38191E+15,4.96852E+16
140740,6.1704E+18,6,4,31,13,2017,4,17,1,3,5,3,0,1,0,0,0,0,0,4.60644E+20,5.49345E+21,8.45544E+15,4.95923E+16
140741,6.1704E+18,6,4,33,10,2017,4,15,1,3,5,3,0,1,0,0,0,0,0,4.60267E+20,5.53921E+21,8.44554E+15,5.00039E+16
140742,6.1704E+18,6,4,33,1,2017,4,20,1,3,9,1,0,1,0,0,0,1,0,4.58945E+20,5.51414E+21,8.42976E+15,4.97784E+16
140743,6.1704E+18,6,4,35,14,2017,4,11,1,3,2,6,0,1,0,0,0,0,0,4.94267E+20,5.55298E+21,8.91979E+15,5.0129E+16
140744,6.1704E+18,6,4,35,14,2017,4,20,7,3,2,2,0,1,0,0,0,2,0,4.95151E+20,5.55442E+21,8.93214E+15,5.0142E+16
140745,6.1704E+18,6,6,11,0,2017,4,10,7,3,0,3,0,1,0,1,0,0,0,5.37764E+20,5.68442E+21,9.54179E+15,5.13098E+16
140746,6.1704E+18,6,6,11,0,2017,4,14,7,3,6,2,1,0,1,0,0,0,0,5.36815E+20,5.68661E+21,9.52842E+15,5.13296E+16
140747,6.1704E+18,6,4,14,0,2017,4,21,7,3,0,3,0,1,0,0,1,2,0,4.45031E+20,5.54789E+21,8.2317E+15,5.00807E+16
140748,6.1704E+18,6,4,14,0,2017,4,5,7,3,1,5,0,1,0,0,0,2,0,4.45732E+20,5.54835E+21,8.24144E+15,5.00849E+16
140749,6.1704E+18,6,4,13,0,2017,4,23,7,3,5,3,0,1,0,0,0,2,0,4.83832E+20,5.55002E+21,8.77392E+15,5.01022E+16
140750,6.1704E+18,6,4,12,0,2017,4,10,7,2,5,7,1,1,0,0,0,0,0,4.79272E+20,5.55089E+21,8.71011E+15,5.01099E+16
140751,6.1704E+18,6,4,12,0,2017,4,15,7,3,2,6,0,1,0,1,0,0,0,4.74366E+20,5.55045E+21,8.64153E+15,5.01058E+16
140752,6.1704E+18,6,4,12,0,2017,4,22,7,3,0,1,1,0,0,0,0,2,0,4.77368E+20,5.55083E+21,8.68349E+15,5.01093E+16
140753,6.1704E+18,6,4,37,13,2017,4,9,7,3,5,3,0,1,0,0,0,0,0,4.87811E+20,5.5061E+21,8.83094E+15,4.97073E+16
140754,6.1704E+18,6,6,35,3,2017,4,15,7,3,9,1,0,1,0,0,0,0,0,5.08786E+20,5.66382E+21,9.12555E+15,5.11258E+16
140755,6.1704E+18,6,4,38,2,2017,4,11,7,2,3,6,1,1,0,0,0,0,0,4.78228E+20,5.54041E+21,8.69611E+15,5.00156E+16
140756,6.1704E+18,6,4,32,16,2017,4,16,7,3,5,3,1,1,0,0,0,0,0,4.82312E+20,5.51984E+21,8.75406E+15,4.98308E+16
140757,6.1704E+18,6,5,34,2,2017,4,3,7,2,0,1,0,0,0,1,0,1,0,4.61113E+20,5.6304E+21,8.4479E+15,5.0824E+16
140758,6.1704E+18,6,4,33,9,2017,4,16,7,3,5,3,0,0,0,1,1,0,0,4.61166E+20,5.53319E+21,8.45869E+15,4.99498E+16
140759,6.1704E+18,6,6,31,15,2017,4,21,7,2,1,1,1,1,0,0,0,2,0,5.47182E+20,5.61232E+21,9.66755E+15,5.06608E+16
140760,6.1704E+18,6,5,32,1,2017,4,14,7,3,2,6,0,1,0,0,0,0,0,4.63177E+20,5.60378E+21,8.47985E+15,5.05847E+16
140761,6.1704E+18,6,5,32,1,2017,4,13,7,3,2,6,0,1,0,0,0,0,0,4.62084E+20,5.60423E+21,8.46437E+15,5.05887E+16
140762,6.1704E+18,6,4,33,7,2017,4,18,7,2,8,1,0,1,0,0,0,0,0,4.6352E+20,5.54171E+21,8.49069E+15,5.00266E+16
140763,6.17033E+18,6,4,13,0,2017,3,11,6,3,5,3,0,1,0,1,0,0,0,4.83088E+20,5.55043E+21,8.7635E+15,5.01059E+16
140764,6.17033E+18,6,4,13,0,2017,3,15,6,3,5,2,0,1,0,1,0,0,0,4.84293E+20,5.54938E+21,8.7804E+15,5.00964E+16
140765,6.17033E+18,6,4,12,0,2017,3,17,6,3,3,6,1,1,0,0,0,0,0,4.67321E+20,5.55152E+21,8.54293E+15,5.0115E+16
140766,6.17033E+18,6,4,12,0,2017,3,18,6,3,5,3,1,1,0,0,0,0,0,4.6733E+20,5.5515E+21,8.54305E+15,5.01148E+16
140767,6.17033E+18,6,4,12,0,2017,3,10,6,3,1,5,0,1,0,0,0,0,0,4.76431E+20,5.55225E+21,8.6703E+15,5.0122E+16
140768,6.17033E+18,6,4,12,0,2017,3,23,6,3,1,7,0,1,0,0,0,2,0,4.77849E+20,5.55154E+21,8.69017E+15,5.01157E+16
140769,6.17033E+18,6,4,32,23,2017,3,12,6,2,3,6,1,1,0,0,0,0,0,4.71121E+20,5.531E+21,8.59762E+15,4.99306E+16
140770,6.17033E+18,6,6,34,22,2017,3,10,6,3,1,1,0,1,0,1,0,0,0,5.16824E+20,5.64004E+21,9.2393E+15,5.09117E+16
140771,6.17033E+18,6,6,33,3,2017,3,12,6,3,2,6,0,1,0,0,0,0,0,5.28864E+20,5.67836E+21,9.41362E+15,5.12558E+16
140772,6.17033E+18,6,4,39,3,2017,3,15,6,3,0,7,0,0,0,0,1,0,0,4.36696E+20,5.54158E+21,8.11626E+15,5.00231E+16
140773,6.17033E+18,6,4,38,4,2017,3,13,6,3,5,2,0,1,0,0,0,0,0,4.98119E+20,5.54649E+21,8.97371E+15,5.00706E+16
140774,6.17033E+18,6,4,38,9,2017,3,17,6,3,6,4,0,1,1,0,0,0,0,4.78054E+20,5.54492E+21,8.69343E+15,5.00561E+16
140775,6.17033E+18,6,4,38,2,2017,3,8,6,3,5,3,1,1,0,0,0,0,0,4.78162E+20,5.54251E+21,8.69507E+15,5.00345E+16
140776,6.17033E+18,6,4,38,6,2017,3,12,6,3,0,7,0,0,0,1,0,0,0,4.76623E+20,5.53751E+21,8.67388E+15,4.99895E+16
140777,6.17033E+18,6,4,35,19,2017,3,14,6,3,6,6,0,1,1,0,0,0,0,4.88322E+20,5.55603E+21,8.83652E+15,5.01564E+16
140778,6.17033E+18,6,4,38,10,2017,3,14,6,3,2,6,0,1,0,0,0,0,0,4.88651E+20,5.54601E+21,8.84142E+15,5.00662E+16
140779,6.17033E+18,6,5,33,10,2017,3,16,6,3,5,3,0,0,0,1,1,0,0,4.48487E+20,5.5963E+21,8.27341E+15,5.05164E+16
140780,6.17033E+18,6,4,36,4,2017,3,7,6,3,0,3,1,1,0,0,0,0,0,4.59475E+20,5.54357E+21,8.43404E+15,5.0043E+16
140781,6.17033E+18,6,4,40,5,2017,3,9,6,3,2,6,1,1,0,0,0,0,0,4.75693E+20,5.58674E+21,8.65776E+15,5.04321E+16
140782,6.17033E+18,6,4,37,9,2017,3,8,6,3,4,6,1,1,0,0,0,0,0,4.99497E+20,5.51616E+21,8.99301E+15,4.97979E+16
140783,6.17033E+18,6,4,11,0,2017,3,15,6,3,5,3,0,1,0,1,0,0,0,4.73525E+20,5.51821E+21,8.63198E+15,4.98158E+16
140784,6.17033E+18,6,4,33,12,2017,3,17,6,3,6,4,0,1,1,0,0,0,0,4.60349E+20,5.53684E+21,8.44693E+15,4.99826E+16
140785,6.17033E+18,6,4,33,6,2017,3,7,6,2,6,4,0,1,1,0,0,0,0,4.6251E+20,5.52894E+21,8.47784E+15,4.99117E+16
140786,6.17033E+18,6,5,34,18,2017,3,17,6,3,6,4,0,1,1,0,0,0,0,5.01002E+20,5.63014E+21,9.01422E+15,5.0823E+16
140787,6.17033E+18,6,5,32,23,2017,3,7,6,3,5,2,1,1,0,0,0,0,0,4.61552E+20,5.59971E+21,8.45733E+15,5.05481E+16
140788,6.17033E+18,6,5,31,6,2017,3,8,6,3,6,7,0,1,1,0,0,0,0,4.97127E+20,5.60442E+21,8.95941E+15,5.05917E+16
140789,6.17033E+18,6,6,11,0,2017,3,13,5,3,5,3,0,1,0,0,0,0,0,5.33573E+20,5.68509E+21,9.48173E+15,5.13161E+16
140790,6.17033E+18,6,4,14,0,2017,3,21,5,3,4,6,1,0,0,1,0,2,0,4.49311E+20,5.54033E+21,8.29252E+15,5.00132E+16
140791,6.17033E+18,6,4,14,0,2017,3,17,5,3,2,6,0,1,0,0,0,0,0,4.45908E+20,5.54579E+21,8.24426E+15,5.00619E+16
140792,6.17033E+18,6,4,14,0,2017,3,12,5,3,5,3,0,1,0,0,0,0,0,4.42826E+20,5.54891E+21,8.20074E+15,5.00897E+16
140793,6.17033E+18,6,4,14,0,2017,3,17,5,2,6,4,0,1,1,0,0,0,0,4.45986E+20,5.54901E+21,8.24489E+15,5.00909E+16
140794,6.17033E+18,6,4,13,0,2017,3,20,5,3,5,7,1,1,0,0,0,1,0,4.82262E+20,5.55029E+21,8.75196E+15,5.01046E+16
140795,6.17033E+18,6,4,13,0,2017,3,9,5,3,5,3,1,1,0,0,0,0,0,4.81885E+20,5.55058E+21,8.74667E+15,5.01072E+16
140796,6.17033E+18,6,4,13,0,2017,3,17,5,3,5,2,0,1,0,1,0,0,0,4.8387E+20,5.54906E+21,8.77449E+15,5.00935E+16
140797,6.17033E+18,6,4,12,0,2017,3,7,5,3,5,2,0,1,0,1,0,0,0,4.76322E+20,5.5505E+21,8.66888E+15,5.01063E+16
140798,6.17033E+18,6,4,12,0,2017,3,9,5,3,5,3,0,1,0,0,0,0,0,4.76321E+20,5.55202E+21,8.66877E+15,5.012E+16
140799,6.17033E+18,6,4,12,0,2017,3,17,5,3,2,7,0,1,0,0,0,0,0,4.77488E+20,5.55086E+21,8.68517E+15,5.01095E+16
140800,6.17033E+18,6,4,32,23,2017,3,16,5,3,0,5,1,1,0,0,0,0,0,4.70968E+20,5.53068E+21,8.59551E+15,4.99278E+16
140801,6.17033E+18,6,4,11,0,2017,3,17,5,3,2,6,0,1,0,0,0,0,0,4.74929E+20,5.52441E+21,8.65111E+15,4.98716E+16
140802,6.17033E+18,6,4,39,17,2017,3,15,5,3,0,1,0,1,0,0,0,0,0,4.39531E+20,5.54316E+21,8.15559E+15,5.00377E+16
140803,6.17033E+18,6,4,38,2,2017,3,16,5,3,3,5,1,1,0,0,0,0,0,4.78188E+20,5.54157E+21,8.69548E+15,5.0026E+16
140804,6.17033E+18,6,4,38,2,2017,3,15,5,3,1,5,1,1,0,0,0,0,0,4.78189E+20,5.54109E+21,8.69552E+15,5.00217E+16
140805,6.17033E+18,6,4,38,11,2017,3,18,5,3,5,3,1,1,0,0,0,0,0,4.90587E+20,5.5389E+21,8.86865E+15,5.00024E+16
140806,6.17033E+18,6,4,34,8,2017,3,15,5,2,5,3,1,1,0,0,0,0,0,4.69848E+20,5.56408E+21,8.57727E+15,5.02281E+16
140807,6.17033E+18,6,4,34,8,2017,3,15,5,3,1,5,0,1,0,0,0,0,0,4.6851E+20,5.56257E+21,8.55864E+15,5.02145E+16
140808,6.17033E+18,6,4,34,1,2017,3,11,5,3,6,2,0,0,1,0,1,0,0,4.72727E+20,5.56387E+21,8.61765E+15,5.02264E+16
140809,6.17033E+18,6,4,34,1,2017,3,17,5,3,1,5,0,1,0,0,0,0,0,4.7116E+20,5.56468E+21,8.59562E+15,5.02336E+16
140810,6.17033E+18,6,4,40,3,2017,3,12,5,3,2,6,0,1,0,0,0,0,0,4.80944E+20,5.5595E+21,8.73306E+15,5.01874E+16
140811,6.17033E+18,6,4,32,15,2017,3,23,5,3,0,1,1,0,0,0,0,2,0,4.89655E+20,5.52956E+21,8.85589E+15,4.99184E+16
140812,6.17033E+18,6,4,11,0,2017,3,15,5,3,0,1,1,0,0,0,0,0,0,4.74183E+20,5.51755E+21,8.64118E+15,4.98098E+16
140813,6.17033E+18,6,4,40,8,2017,3,13,5,3,2,6,1,1,0,0,0,0,0,4.82733E+20,5.5762E+21,8.75736E+15,5.03376E+16
140814,6.17033E+18,6,4,33,2,2017,3,22,5,3,5,3,0,1,0,0,0,2,0,4.54152E+20,5.53747E+21,8.36043E+15,4.99878E+16
140815,6.17033E+18,6,4,33,4,2017,3,14,5,3,5,5,0,1,0,0,0,0,0,4.62739E+20,5.51175E+21,8.48269E+15,4.97571E+16
140816,6.17033E+18,6,5,34,14,2017,3,11,5,3,8,1,0,1,0,1,0,0,0,4.84232E+20,5.62922E+21,8.77618E+15,5.08145E+16
140817,6.17033E+18,6,4,35,14,2017,3,7,5,2,0,7,1,0,0,0,0,0,0,4.95257E+20,5.55307E+21,8.93364E+15,5.01298E+16
140818,6.17033E+18,6,5,31,7,2017,3,6,5,3,3,2,1,1,0,0,0,2,0,4.74555E+20,5.60394E+21,8.64056E+15,5.05869E+16
140819,6.17033E+18,6,5,31,5,2017,3,17,4,3,6,4,0,1,1,0,0,0,0,4.77126E+20,5.60375E+21,8.67689E+15,5.05853E+16
140820,6.17033E+18,6,4,14,0,2017,3,16,4,3,5,2,1,0,0,0,1,0,0,4.42667E+20,5.54404E+21,8.19925E+15,5.00459E+16
140821,6.17033E+18,6,4,14,0,2017,3,8,4,3,1,5,1,1,0,0,0,0,0,4.42685E+20,5.54871E+21,8.19879E+15,5.00879E+16
140822,6.17033E+18,6,4,14,0,2017,3,15,4,3,5,2,1,1,0,0,0,0,0,4.45953E+20,5.54822E+21,8.24455E+15,5.00838E+16
140823,6.17033E+18,6,4,13,0,2017,3,7,4,3,0,7,1,1,0,0,0,0,0,4.82223E+20,5.54962E+21,8.75144E+15,5.00986E+16
140824,6.17033E+18,6,4,12,0,2017,3,15,4,3,5,3,0,1,0,0,0,0,0,4.64088E+20,5.54932E+21,8.49791E+15,5.0095E+16
140825,6.17033E+18,6,4,12,0,2017,3,22,4,3,5,3,1,1,0,0,0,2,0,4.73537E+20,5.55001E+21,8.62996E+15,5.01018E+16
140826,6.17033E+18,6,4,11,0,2017,3,13,4,3,0,1,0,0,0,1,0,0,0,4.75131E+20,5.52692E+21,8.65375E+15,4.98942E+16
140827,6.17033E+18,6,4,11,0,2017,3,17,4,3,3,6,1,0,0,0,1,0,0,4.73411E+20,5.52213E+21,8.63014E+15,4.9851E+16
140828,6.17033E+18,6,6,34,7,2017,3,10,4,2,6,7,0,0,1,1,0,0,0,5.25684E+20,5.66973E+21,9.36745E+15,5.11784E+16
140829,6.17033E+18,6,6,36,11,2017,3,6,4,2,2,7,0,1,0,1,0,0,0,5.65024E+20,5.65718E+21,9.92793E+15,5.10624E+16
140830,6.17033E+18,6,4,38,11,2017,3,9,4,3,2,6,0,1,0,1,0,0,0,4.91709E+20,5.54482E+21,8.88418E+15,5.00556E+16
140831,6.17033E+18,6,4,36,4,2017,3,6,4,2,5,2,0,1,0,0,0,0,0,4.59419E+20,5.54482E+21,8.43311E+15,5.00543E+16
140832,6.17033E+18,6,4,35,12,2017,3,15,4,3,5,3,1,1,0,0,0,0,0,5.07945E+20,5.56206E+21,9.11135E+15,5.02107E+16
140833,6.17033E+18,6,4,32,2,2017,3,17,4,2,5,3,1,1,0,0,0,0,0,4.96211E+20,5.53464E+21,8.94717E+15,4.99641E+16
140834,6.17033E+18,6,5,34,10,2017,3,21,4,3,2,2,0,1,0,0,0,2,0,4.7069E+20,5.6233E+21,8.58443E+15,5.07608E+16
140835,6.17033E+18,6,4,31,13,2017,3,13,4,3,6,6,0,1,1,0,0,0,0,4.57803E+20,5.50083E+21,8.41533E+15,4.96586E+16
140836,6.17033E+18,6,6,34,9,2017,3,18,3,2,5,3,0,1,0,1,0,0,0,5.28743E+20,5.65192E+21,9.40978E+15,5.10181E+16
140837,6.17033E+18,6,6,32,2,2017,3,15,3,3,5,3,0,1,0,1,0,0,0,5.50672E+20,5.63467E+21,9.72E+15,5.08615E+16
140838,6.17033E+18,6,5,33,2,2017,3,13,3,2,5,3,1,1,0,0,0,0,0,4.40495E+20,5.57754E+21,8.16366E+15,5.03469E+16
140839,6.17033E+18,6,4,14,0,2017,3,17,3,3,6,7,0,1,1,0,0,0,0,4.43662E+20,5.5472E+21,8.21268E+15,5.00744E+16
140840,6.17033E+18,6,4,14,0,2017,3,19,3,3,0,6,0,0,0,1,0,0,0,4.45773E+20,5.54781E+21,8.24209E+15,5.00801E+16
140841,6.17033E+18,6,4,12,0,2017,3,18,3,3,5,3,0,1,0,0,0,0,0,4.68035E+20,5.55001E+21,8.55303E+15,5.01015E+16
140842,6.17033E+18,6,4,12,0,2017,3,13,3,3,2,6,0,1,0,0,1,0,0,4.74647E+20,5.5513E+21,8.6454E+15,5.01134E+16
140843,6.17033E+18,6,4,12,0,2017,3,9,3,3,5,3,1,1,0,0,0,0,0,4.76922E+20,5.54974E+21,8.67732E+15,5.00994E+16
140844,6.17033E+18,6,4,12,0,2017,3,14,3,3,0,7,1,0,0,0,1,0,0,4.79001E+20,5.55477E+21,8.70611E+15,5.01448E+16
140845,6.17033E+18,6,4,12,0,2017,3,15,3,3,5,3,1,1,0,0,0,0,0,4.75844E+20,5.55227E+21,8.66209E+15,5.01222E+16
140846,6.17033E+18,6,4,11,0,2017,3,13,3,3,5,3,1,1,0,0,0,0,0,4.75379E+20,5.52558E+21,8.6573E+15,4.98821E+16
140847,6.17033E+18,6,6,32,18,2017,3,16,3,3,0,7,0,1,0,1,0,0,0,5.52297E+20,5.64962E+21,9.74524E+15,5.09957E+16
140848,6.17033E+18,6,4,38,8,2017,3,9,3,3,2,6,0,1,0,0,0,0,0,4.88969E+20,5.5475E+21,8.84582E+15,5.00796E+16
140849,6.17033E+18,6,4,38,5,2017,3,16,3,2,5,3,1,1,0,0,0,0,0,4.85285E+20,5.54462E+21,8.79445E+15,5.00537E+16
140850,6.17033E+18,6,4,38,5,2017,3,8,3,3,5,3,1,1,0,0,0,0,0,4.85874E+20,5.54482E+21,8.80267E+15,5.00555E+16
140851,6.17033E+18,6,4,38,11,2017,3,7,3,3,5,3,0,1,0,0,0,0,0,4.92041E+20,5.54E+21,8.88891E+15,5.00123E+16
140852,6.17033E+18,6,4,34,8,2017,3,18,3,2,6,4,0,1,1,0,0,0,0,4.69321E+20,5.56245E+21,8.57001E+15,5.02134E+16
140853,6.17033E+18,6,4,34,2,2017,3,15,3,3,4,3,1,1,0,0,0,0,0,4.73912E+20,5.56695E+21,8.63405E+15,5.02541E+16
140854,6.17033E+18,6,4,31,16,2017,3,21,3,2,5,3,0,1,0,1,0,2,0,4.69574E+20,5.50003E+21,8.57849E+15,4.9652E+16
140855,6.17033E+18,6,4,32,18,2017,3,8,3,3,5,3,1,1,0,0,0,0,0,4.71452E+20,5.51734E+21,8.60324E+15,4.98078E+16
140856,6.17033E+18,6,4,40,8,2017,3,6,3,3,2,6,1,1,0,1,0,1,0,4.82651E+20,5.57413E+21,8.7563E+15,5.03191E+16
140857,6.17033E+18,6,4,33,12,2017,3,15,3,3,5,2,1,0,0,0,1,0,0,4.55855E+20,5.53803E+21,8.38411E+15,4.9993E+16
140858,6.17033E+18,6,6,31,9,2017,3,6,3,2,5,3,0,1,0,1,0,1,0,5.46664E+20,5.60045E+21,9.65873E+15,5.05541E+16
140859,6.17033E+18,6,5,31,5,2017,3,16,3,3,6,7,0,1,1,0,0,0,0,4.76123E+20,5.60277E+21,8.66279E+15,5.05763E+16
140860,6.17033E+18,6,4,31,20,2017,3,14,3,3,2,6,0,1,0,0,1,0,0,4.68161E+20,5.4861E+21,8.56004E+15,4.95267E+16
140861,6.17033E+18,6,6,35,15,2017,3,10,2,3,8,7,0,1,0,0,0,0,0,4.9085E+20,5.68044E+21,8.86883E+15,5.12753E+16
140862,6.17033E+18,6,6,11,0,2017,3,15,2,2,0,1,1,0,0,0,0,0,0,5.34356E+20,5.68474E+21,9.49293E+15,5.13129E+16
140863,6.17033E+18,6,4,14,0,2017,3,12,2,3,6,4,0,1,1,0,0,0,0,4.45492E+20,5.54355E+21,8.23877E+15,5.00417E+16
140864,6.17033E+18,6,4,14,0,2017,3,16,2,3,5,3,0,1,0,1,0,0,0,4.42937E+20,5.54735E+21,8.20252E+15,5.00757E+16
140865,6.17033E+18,6,4,13,0,2017,3,12,2,3,6,2,0,1,1,0,0,0,0,4.83053E+20,5.55004E+21,8.76303E+15,5.01024E+16
140866,6.17033E+18,6,4,13,0,2017,3,17,2,3,5,3,0,1,0,0,0,0,0,4.82803E+20,5.55087E+21,8.75949E+15,5.01099E+16
140867,6.17033E+18,6,4,13,0,2017,3,15,2,3,0,7,0,1,0,0,0,0,0,4.8331E+20,5.54953E+21,8.76665E+15,5.00978E+16
140868,6.17033E+18,6,4,12,0,2017,3,19,2,3,1,7,1,1,0,0,0,0,0,4.69256E+20,5.55291E+21,8.56988E+15,5.01276E+16
140869,6.17033E+18,6,4,12,0,2017,3,19,2,3,5,3,1,1,0,0,0,1,0,4.75001E+20,5.55641E+21,8.65002E+15,5.01594E+16
140870,6.17033E+18,6,4,12,0,2017,3,14,2,2,0,5,1,1,0,0,0,0,0,4.76339E+20,5.55566E+21,8.66879E+15,5.01527E+16
140871,6.17033E+18,6,4,12,0,2017,3,15,2,3,3,6,1,0,0,0,0,0,0,4.67135E+20,5.54732E+21,8.54069E+15,5.00773E+16
140872,6.17033E+18,6,4,12,0,2017,3,14,2,3,5,2,1,1,0,0,0,0,0,4.78863E+20,5.54968E+21,8.70447E+15,5.0099E+16
140873,6.17033E+18,6,4,11,0,2017,3,17,2,2,6,4,0,1,1,0,0,0,0,4.76288E+20,5.52526E+21,8.66996E+15,4.98792E+16
140874,6.17033E+18,6,6,35,3,2017,3,22,2,3,5,2,0,1,0,0,0,2,0,5.07624E+20,5.66187E+21,9.1089E+15,5.11083E+16
140875,6.17033E+18,6,4,39,15,2017,3,18,2,2,0,7,1,0,0,0,0,0,0,4.42157E+20,5.55916E+21,8.18983E+15,5.01819E+16
140876,6.17033E+18,6,4,39,3,2017,3,15,2,2,6,4,0,1,1,0,0,0,0,4.36711E+20,5.54199E+21,8.11641E+15,5.00268E+16
140877,6.17033E+18,6,4,38,4,2017,3,14,2,3,0,7,0,1,0,0,1,0,0,4.96216E+20,5.54742E+21,8.94711E+15,5.0079E+16
140878,6.17033E+18,6,4,38,8,2017,3,17,2,3,6,4,0,1,1,0,0,0,0,4.87912E+20,5.55209E+21,8.83091E+15,5.0121E+16
140879,6.17033E+18,6,4,38,6,2017,3,15,2,3,0,7,0,1,0,1,0,0,0,4.7569E+20,5.53793E+21,8.66084E+15,4.99932E+16
140880,6.17033E+18,6,4,31,16,2017,3,9,2,2,3,6,1,1,0,0,0,0,0,4.68685E+20,5.50024E+21,8.56615E+15,4.96539E+16
140881,6.17033E+18,6,4,31,20,2017,3,7,2,3,5,3,1,1,0,0,0,0,0,4.69462E+20,5.48774E+21,8.5779E+15,4.95415E+16
140882,6.17033E+18,6,4,31,22,2017,3,11,2,3,8,1,1,0,0,0,0,0,0,4.7168E+20,5.5082E+21,8.60707E+15,4.97256E+16
140883,6.17033E+18,6,4,33,10,2017,3,15,2,3,2,6,0,1,0,0,0,0,0,4.6172E+20,5.54069E+21,8.46567E+15,5.00173E+16
140884,6.17033E+18,6,6,31,9,2017,3,21,2,2,8,1,1,0,0,0,0,2,0,5.4835E+20,5.5978E+21,9.68217E+15,5.05301E+16
140885,6.17033E+18,6,4,35,14,2017,3,17,2,3,5,3,1,1,0,0,0,0,0,4.93819E+20,5.55335E+21,8.91352E+15,5.01324E+16
140886,6.17033E+18,6,4,12,0,2017,3,18,2,3,6,4,0,1,1,0,0,0,0,4.81941E+20,5.55467E+21,8.74726E+15,5.0144E+16
140887,6.17033E+18,6,5,31,5,2017,3,8,2,3,5,2,1,1,0,0,0,0,0,4.76388E+20,5.60292E+21,8.66652E+15,5.05777E+16
140888,6.17033E+18,6,4,35,14,2017,3,17,2,2,2,6,0,1,0,0,0,0,0,4.95039E+20,5.55169E+21,8.9306E+15,5.01174E+16
140889,6.17033E+18,6,4,14,0,2017,3,18,1,3,5,3,0,1,0,1,0,0,0,4.45465E+20,5.5487E+21,8.23766E+15,5.00881E+16
140890,6.17033E+18,6,4,13,0,2017,3,10,1,3,1,5,1,0,0,0,1,0,0,4.81635E+20,5.55069E+21,8.74317E+15,5.01082E+16
140891,6.17033E+18,6,4,12,0,2017,3,20,1,3,5,3,0,1,0,0,0,2,0,4.73393E+20,5.54939E+21,8.62801E+15,5.00962E+16
140892,6.17033E+18,6,4,12,0,2017,3,14,1,2,3,6,1,0,0,0,1,0,0,4.72918E+20,5.55102E+21,8.62125E+15,5.01108E+16
140893,6.17033E+18,6,4,12,0,2017,3,18,1,3,2,2,0,1,0,0,0,0,0,4.77423E+20,5.54945E+21,8.68434E+15,5.00969E+16
140894,6.17033E+18,6,4,37,11,2017,3,18,1,3,2,6,0,1,0,0,0,0,0,5.00886E+20,5.5018E+21,9.01227E+15,4.96688E+16
140895,6.17033E+18,6,6,33,10,2017,3,19,1,2,1,5,1,1,0,0,0,0,0,5.30093E+20,5.69727E+21,9.43284E+15,5.14258E+16
140896,6.17033E+18,6,6,11,0,2017,3,16,1,2,6,4,0,1,1,0,0,0,0,5.31297E+20,5.68115E+21,9.44873E+15,5.12808E+16
140897,6.17033E+18,6,4,35,29,2017,3,19,1,2,0,1,0,1,0,1,0,0,0,5.20828E+20,5.56611E+21,9.29213E+15,5.02468E+16
140898,6.17033E+18,6,6,31,8,2017,3,11,1,3,5,3,1,1,0,0,0,0,0,5.40138E+20,5.58528E+21,9.56498E+15,5.04181E+16
140899,6.17033E+18,6,6,31,20,2017,3,16,1,3,5,3,0,1,0,0,1,0,0,5.50826E+20,5.60768E+21,9.71847E+15,5.06188E+16