OBJECTID,UIDENTSTLA,ULAND,UREGBEZ,UKREIS,UGEMEINDE,UJAHR,UMONAT,USTUNDE,UWOCHENTAG,UKATEGORIE,UART,UTYP1,IstRad,IstPKW,IstFuss,IstKrad,IstSonstig,LICHT,STRZUSTAND,LINREFX,LINREFY,XGCSWGS84,YGCSWGS84
141073,6.17041E+18,6,4,33,2,2017,4,20,6,3,6,1,0,1,1,0,0,0,0,4.5401E+20,5.53792E+21,8.35838E+15,4.99918E+16
141074,6.17041E+18,6,5,34,14,2017,4,14,6,3,5,3,0,1,0,0,0,0,0,4.83822E+20,5.62554E+21,8.77052E+15,5.07814E+16
141075,6.17041E+18,6,6,11,0,2017,4,13,5,3,5,3,0,1,0,1,0,0,1,5.35088E+20,5.68589E+21,9.50356E+15,5.13232E+16
141076,6.17041E+18,6,4,14,0,2017,4,13,5,3,6,3,0,0,1,0,1,0,0,4.50438E+20,5.54505E+21,8.30763E+15,5.00557E+16
141077,6.17041E+18,6,4,14,0,2017,4,16,5,3,2,6,0,1,0,0,0,0,0,4.43162E+20,5.54782E+21,8.2056E+15,5.00799E+16
141078,6.17041E+18,6,4,36,1,2017,4,15,5,3,5,3,0,1,0,0,0,0,0,4.63358E+20,5.55655E+21,8.48701E+15,5.01601E+16
141079,6.17041E+18,6,4,36,1,2017,4,7,5,3,6,6,0,0,1,0,1,0,0,4.64373E+20,5.5538E+21,8.50147E+15,5.01354E+16
141080,6.17041E+18,6,4,12,0,2017,4,7,5,3,5,3,0,1,0,1,0,0,1,4.7519E+20,5.55413E+21,8.65281E+15,5.01389E+16
141081,6.17041E+18,6,4,12,0,2017,4,14,5,3,3,2,1,1,0,0,0,0,0,4.76105E+20,5.55169E+21,8.66578E+15,5.0117E+16
141082,6.17041E+18,6,4,35,19,2017,4,16,5,3,5,3,1,1,0,0,0,0,0,4.85846E+20,5.5554E+21,8.80189E+15,5.01506E+16
141083,6.17041E+18,6,4,38,11,2017,4,18,5,3,5,3,1,0,0,0,1,0,0,4.9047E+20,5.53858E+21,8.86702E+15,4.99994E+16
141084,6.17041E+18,6,5,34,4,2017,4,15,5,3,5,3,0,1,0,0,0,0,0,4.67285E+20,5.63914E+21,8.53474E+15,5.09029E+16
141085,6.17041E+18,6,4,31,3,2017,4,10,5,3,5,7,0,1,0,0,0,0,0,4.59616E+20,5.50387E+21,8.44014E+15,4.9686E+16
141086,6.17041E+18,6,4,31,2,2017,4,10,5,3,5,2,0,1,0,1,0,0,0,4.72463E+20,5.5049E+21,8.61816E+15,4.9696E+16
141087,6.17041E+18,6,4,33,12,2017,4,10,5,3,5,2,0,1,0,0,0,0,0,4.5915E+20,5.53929E+21,8.42994E+15,5.00046E+16
141088,6.17041E+18,6,6,36,3,2017,4,13,4,2,5,3,0,1,0,0,0,0,0,5.72618E+20,5.67163E+21,1.00392E+16,5.11915E+16
141089,6.17041E+18,6,4,14,0,2017,4,19,4,3,5,2,1,1,0,0,0,0,0,4.44494E+20,5.54778E+21,8.22421E+15,5.00797E+16
141090,6.17041E+18,6,4,13,0,2017,4,11,4,3,2,6,0,1,0,0,0,0,0,4.83105E+20,5.54969E+21,8.76377E+15,5.00993E+16
141091,6.17041E+18,6,4,13,0,2017,4,12,4,3,2,6,0,1,0,0,1,0,0,4.81387E+20,5.55043E+21,8.73971E+15,5.01058E+16
141092,6.17041E+18,6,4,12,0,2017,4,17,4,3,2,6,0,1,0,0,0,0,0,4.73985E+20,5.55007E+21,8.63622E+15,5.01023E+16
141093,6.17041E+18,6,4,12,0,2017,4,8,4,3,6,2,0,1,1,0,0,0,0,4.77993E+20,5.55286E+21,8.69211E+15,5.01275E+16
141094,6.17041E+18,6,4,12,0,2017,4,14,4,3,5,3,1,1,0,0,0,0,0,4.77547E+20,5.55167E+21,8.68594E+15,5.01169E+16
141095,6.17041E+18,6,6,33,28,2017,4,17,4,3,0,5,0,1,0,0,0,0,1,5.12557E+20,5.6857E+21,9.1802E+15,5.13225E+16
141096,6.17041E+18,6,4,33,14,2017,4,12,4,3,5,3,0,1,0,0,0,0,0,4.57018E+20,5.53066E+21,8.40116E+15,4.99267E+16
141097,6.17041E+18,6,5,31,4,2017,4,11,4,3,8,7,0,1,0,0,0,0,0,4.84071E+20,5.60022E+21,8.77515E+15,5.05537E+16
141098,6.17041E+18,6,5,31,5,2017,4,15,4,3,5,3,0,1,0,0,0,0,0,4.77999E+20,5.602E+21,8.68932E+15,5.05695E+16
141099,6.17041E+18,6,4,14,0,2017,4,8,3,3,5,3,1,1,0,0,0,0,0,4.44519E+20,5.545E+21,8.22497E+15,5.00547E+16
141100,6.17041E+18,6,4,12,0,2017,4,14,3,2,8,1,0,1,0,0,0,0,0,4.73744E+20,5.55144E+21,8.63276E+15,5.01146E+16
141101,6.17041E+18,6,4,12,0,2017,4,13,3,3,2,6,0,1,0,0,0,0,0,4.76924E+20,5.54904E+21,8.67739E+15,5.00932E+16
141102,6.17041E+18,6,4,12,0,2017,4,8,3,3,5,3,0,1,0,1,0,0,0,4.79894E+20,5.54958E+21,8.71888E+15,5.00981E+16
141103,6.17041E+18,6,6,36,16,2017,4,12,3,2,6,7,0,1,1,0,0,0,0,5.59756E+20,5.68829E+21,9.85794E+15,5.13427E+16
141104,6.17041E+18,6,6,35,2,2017,4,12,3,3,2,6,0,1,0,0,0,0,0,5.00961E+20,5.69215E+21,9.01381E+15,5.13806E+16
141105,6.17041E+18,6,5,33,17,2017,4,13,3,3,6,7,0,1,1,0,0,0,0,4.49967E+20,5.59177E+21,8.29488E+15,5.04758E+16
141106,6.17041E+18,6,4,31,13,2017,4,18,3,3,0,1,1,0,0,0,0,0,0,4.56952E+20,5.50063E+21,8.40357E+15,4.96567E+16
141107,6.17041E+18,6,4,33,12,2017,4,13,3,3,1,7,0,1,0,0,0,0,0,4.59755E+20,5.5363E+21,8.43871E+15,4.99777E+16
141108,6.17041E+18,6,5,34,14,2017,4,17,3,3,1,1,0,1,0,1,0,0,0,4.84411E+20,5.62837E+21,8.77875E+15,5.08069E+16
141109,6.17041E+18,6,5,31,8,2017,4,10,3,3,6,4,0,1,1,0,0,0,0,4.92683E+20,5.59154E+21,8.89688E+15,5.04758E+16
141110,6.17041E+18,6,5,31,12,2017,4,16,3,3,1,7,0,1,0,0,0,0,0,4.7559E+20,5.59714E+21,8.65563E+15,5.05257E+16
141111,6.17041E+18,6,4,35,6,2017,4,10,2,3,0,7,1,0,0,0,1,0,0,4.93408E+20,5.56031E+21,8.90764E+15,5.01949E+16
141112,6.17041E+18,6,5,33,9,2017,4,6,2,3,6,4,0,1,1,0,0,1,0,4.33425E+20,5.58286E+21,8.06336E+15,5.0394E+16
141113,6.17041E+18,6,6,11,0,2017,4,7,2,3,5,3,0,1,0,0,0,0,0,5.37392E+20,5.68679E+21,9.53671E+15,5.13312E+16
141114,6.17041E+18,6,4,14,0,2017,4,14,2,3,1,5,0,0,0,0,1,0,0,4.4582E+20,5.54345E+21,8.24336E+15,5.00409E+16
141115,6.17041E+18,6,4,13,0,2017,4,10,2,2,5,2,0,1,0,1,0,0,0,4.82887E+20,5.5505E+21,8.76069E+15,5.01065E+16
141116,6.17041E+18,6,4,12,0,2017,4,13,2,2,6,7,0,1,1,0,0,0,0,4.67531E+20,5.5501E+21,8.54599E+15,5.01023E+16
141117,6.17041E+18,6,4,12,0,2017,4,9,2,3,4,1,0,1,0,0,0,0,0,4.69387E+20,5.54952E+21,8.57199E+15,5.00971E+16
141118,6.17041E+18,6,4,12,0,2017,4,16,2,3,2,1,0,1,0,1,0,0,0,4.72736E+20,5.54995E+21,8.61878E+15,5.01012E+16
141119,6.17041E+18,6,4,12,0,2017,4,10,2,2,6,6,1,0,1,0,0,0,0,4.74449E+20,5.54885E+21,8.64279E+15,5.00913E+16
141120,6.17041E+18,6,4,12,0,2017,4,20,2,3,2,6,0,1,0,0,0,1,0,4.7474E+20,5.54834E+21,8.64691E+15,5.00868E+16
141121,6.17041E+18,6,4,12,0,2017,4,19,2,3,2,6,0,1,0,0,0,0,0,4.73865E+20,5.55045E+21,8.63453E+15,5.01058E+16
141122,6.17041E+18,6,4,12,0,2017,4,18,2,3,2,6,0,1,0,0,0,0,0,4.76501E+20,5.55278E+21,8.67124E+15,5.01268E+16
141123,6.17041E+18,6,4,11,0,2017,4,10,2,3,3,6,0,1,0,0,0,0,0,4.75035E+20,5.52619E+21,8.65246E+15,4.98876E+16
141124,6.17041E+18,6,6,33,13,2017,4,9,2,3,6,3,0,1,1,0,0,0,0,5.26716E+20,5.70495E+21,9.38484E+15,5.14951E+16
141125,6.17041E+18,6,4,38,9,2017,4,18,2,2,5,2,1,0,0,1,0,0,0,4.78113E+20,5.54476E+21,8.69425E+15,5.00547E+16
141126,6.17041E+18,6,4,38,9,2017,4,8,2,3,5,3,0,1,0,0,0,0,0,4.76994E+20,5.54436E+21,8.67865E+15,5.00511E+16
141127,6.17041E+18,6,4,38,6,2017,4,10,2,3,5,3,0,1,0,1,0,0,0,4.74837E+20,5.53779E+21,8.64895E+15,4.99919E+16
141128,6.17041E+18,6,4,35,19,2017,4,11,2,3,5,3,1,1,0,0,0,0,0,4.86387E+20,5.55468E+21,8.80948E+15,5.01442E+16
141129,6.17041E+18,6,4,34,5,2017,4,15,2,3,2,6,0,1,0,0,0,0,0,4.61955E+20,5.55814E+21,8.46721E+15,5.01742E+16
141130,6.17041E+18,6,4,36,7,2017,4,18,2,3,5,3,1,1,0,0,0,0,0,4.59406E+20,5.54653E+21,8.43275E+15,5.00696E+16
141131,6.17041E+18,6,4,31,11,2017,4,12,2,2,2,6,0,1,0,1,0,0,0,4.72441E+20,5.49955E+21,8.61824E+15,4.96478E+16
141132,6.17041E+18,6,4,32,5,2017,4,6,2,3,5,3,1,1,0,0,0,0,0,4.89576E+20,5.53282E+21,8.8547E+15,4.99476E+16
141133,6.17041E+18,6,4,31,2,2017,4,14,2,3,5,7,0,1,0,0,0,0,0,4.72657E+20,5.50561E+21,8.62081E+15,4.97024E+16
141134,6.17041E+18,6,4,33,12,2017,4,16,2,3,2,2,0,1,0,0,0,0,0,4.60214E+20,5.53795E+21,8.44493E+15,4.99925E+16
141135,6.17041E+18,6,4,33,5,2017,4,0,2,2,6,2,0,1,1,0,0,2,0,4.52377E+20,5.53862E+21,8.33553E+15,4.9998E+16
141136,6.17041E+18,6,4,33,2,2017,4,16,2,3,1,6,0,1,0,0,1,0,0,4.53021E+20,5.53681E+21,8.34473E+15,4.99818E+16
141137,6.17041E+18,6,5,31,5,2017,4,17,1,2,5,3,0,1,0,0,0,0,0,4.75843E+20,5.60519E+21,8.65867E+15,5.05981E+16
141138,6.17041E+18,6,4,14,0,2017,4,15,1,3,6,6,0,1,1,0,0,0,0,4.42543E+20,5.54364E+21,8.19757E+15,5.00423E+16
141139,6.17041E+18,6,4,12,0,2017,4,15,1,2,0,1,1,0,0,0,0,0,0,4.82422E+20,5.55342E+21,8.75405E+15,5.01327E+16
141140,6.17041E+18,6,4,37,5,2017,4,19,1,2,0,7,1,1,0,0,0,0,0,4.96859E+20,5.5088E+21,8.95642E+15,4.97317E+16
141141,6.17041E+18,6,4,11,0,2017,4,13,1,3,5,3,1,1,0,0,0,0,0,4.73511E+20,5.52468E+21,8.63134E+15,4.9874E+16
141142,6.17041E+18,6,4,11,0,2017,4,16,1,3,5,2,0,1,0,1,0,0,0,4.75663E+20,5.52513E+21,8.66127E+15,4.98781E+16
141143,6.17041E+18,6,4,39,3,2017,4,17,1,3,6,4,0,1,1,0,0,0,0,4.31931E+20,5.54109E+21,8.04983E+15,5.00183E+16
141144,6.17041E+18,6,4,38,6,2017,4,15,1,2,0,7,0,0,0,1,0,0,0,4.7653E+20,5.53803E+21,8.67255E+15,4.99941E+16
141145,6.17041E+18,6,4,34,2,2017,4,12,1,2,1,7,1,1,0,0,0,0,0,4.76805E+20,5.56753E+21,8.67459E+15,5.02594E+16
141146,6.17041E+18,6,4,34,1,2017,4,12,1,3,0,7,0,0,0,1,0,0,0,4.72472E+20,5.56588E+21,8.61393E+15,5.02444E+16
141147,6.17041E+18,6,4,31,16,2017,4,15,1,3,1,7,1,1,0,0,0,0,0,4.68108E+20,5.49927E+21,8.55824E+15,4.96451E+16
141148,6.17041E+18,6,4,35,9,2017,4,15,1,3,9,1,0,1,1,0,0,0,0,5.08203E+20,5.55404E+21,9.11479E+15,5.01385E+16
141149,6.17041E+18,6,4,35,3,2017,4,5,1,3,9,1,0,1,0,0,0,2,0,5.18677E+20,5.5568E+21,9.26149E+15,5.01632E+16
141150,6.17041E+18,6,4,38,12,2017,4,10,1,3,5,2,1,0,0,0,1,0,0,4.87806E+20,5.53572E+21,8.82994E+15,4.99737E+16
141151,6.17041E+18,6,5,32,3,2017,4,12,1,3,1,1,0,1,0,1,0,0,0,4.56952E+20,5.59693E+21,8.39272E+15,5.05228E+16
141152,6.17041E+18,6,4,35,14,2017,4,12,1,3,5,3,1,1,0,0,0,0,0,4.95914E+20,5.55057E+21,8.94286E+15,5.01073E+16
141153,6.17041E+18,6,6,32,16,2017,4,15,7,2,0,1,1,0,0,0,0,0,0,5.70246E+20,5.63221E+21,9.99762E+15,5.08373E+16
141154,6.17041E+18,6,6,33,17,2017,4,12,7,2,2,6,0,1,0,0,0,0,0,5.37513E+20,5.68043E+21,9.53777E+15,5.12739E+16
141155,6.17041E+18,6,6,11,0,2017,4,17,7,2,5,3,0,1,0,0,0,0,0,5.34217E+20,5.68796E+21,9.49125E+15,5.13419E+16
141156,6.17041E+18,6,6,11,0,2017,4,15,7,2,5,3,1,1,0,0,0,0,0,5.35602E+20,5.68565E+21,9.5109E+15,5.1321E+16
141157,6.17041E+18,6,4,14,0,2017,4,15,7,3,5,3,1,1,0,0,0,0,0,4.49461E+20,5.53963E+21,8.2947E+15,5.00069E+16
141158,6.17041E+18,6,4,13,0,2017,4,10,7,3,0,3,0,0,0,1,1,0,0,4.86565E+20,5.54819E+21,8.81221E+15,5.00858E+16
141159,6.17041E+18,6,4,12,0,2017,4,11,7,3,5,3,1,1,0,0,1,0,0,4.67559E+20,5.55025E+21,8.54636E+15,5.01036E+16
141160,6.17041E+18,6,4,12,0,2017,4,19,7,3,3,2,0,1,0,0,0,0,0,4.75072E+20,5.5514E+21,8.65135E+15,5.01143E+16
141161,6.17041E+18,6,4,12,0,2017,4,21,7,3,1,7,0,1,0,0,0,2,0,4.77938E+20,5.55544E+21,8.6912E+15,5.01508E+16
141162,6.17041E+18,6,4,12,0,2017,4,14,7,3,4,6,1,0,0,0,0,0,0,4.76869E+20,5.55207E+21,8.67644E+15,5.01204E+16
141163,6.17041E+18,6,4,32,23,2017,4,15,7,3,5,2,0,1,0,0,1,0,0,4.71154E+20,5.52741E+21,8.59834E+15,4.98984E+16
141164,6.17041E+18,6,4,11,0,2017,4,14,7,2,0,3,1,0,0,1,0,0,0,4.72805E+20,5.52487E+21,8.62151E+15,4.98756E+16
141165,6.17041E+18,6,4,11,0,2017,4,12,7,3,2,6,0,1,0,1,0,0,0,4.74432E+20,5.5256E+21,8.64411E+15,4.98823E+16
141166,6.17041E+18,6,6,33,13,2017,4,10,7,3,1,7,0,1,0,0,0,0,0,5.31878E+20,5.70463E+21,9.45918E+15,5.14919E+16
141167,6.17041E+18,6,4,38,9,2017,4,23,7,3,5,3,0,1,0,0,0,2,0,4.77711E+20,5.54441E+21,8.68866E+15,5.00516E+16
141168,6.17041E+18,6,4,38,1,2017,4,20,7,3,1,7,0,1,0,1,0,0,0,4.84177E+20,5.54111E+21,8.77911E+15,5.00221E+16
141169,6.17041E+18,6,4,33,11,2017,4,16,7,3,5,3,1,1,0,0,0,0,0,4.63231E+20,5.52044E+21,8.48869E+15,4.98352E+16
141170,6.17041E+18,6,4,35,13,2017,4,18,6,3,5,3,1,1,0,0,0,0,0,4.99258E+20,5.56326E+21,8.9896E+15,5.02215E+16
141171,6.17041E+18,6,4,14,0,2017,4,16,6,3,2,6,0,1,0,1,0,0,0,4.44062E+20,5.54435E+21,8.21868E+15,5.00488E+16
141172,6.17041E+18,6,4,12,0,2017,4,16,6,3,1,5,1,1,0,0,0,0,0,4.75311E+20,5.55383E+21,8.65452E+15,5.01362E+16
141173,6.17041E+18,6,4,12,0,2017,4,17,6,3,6,4,0,1,1,0,0,0,0,4.7711E+20,5.55012E+21,8.67992E+15,5.01029E+16
141174,6.17041E+18,6,4,12,0,2017,4,16,6,3,5,3,1,1,0,0,0,0,0,4.82777E+20,5.5521E+21,8.75908E+15,5.01209E+16
141175,6.17041E+18,6,4,12,0,2017,4,14,6,3,5,2,1,1,0,0,0,0,0,4.76304E+20,5.55332E+21,8.66845E+15,5.01317E+16
141176,6.17041E+18,6,4,11,0,2017,4,8,6,3,5,2,0,1,0,0,0,0,0,4.72522E+20,5.5249E+21,8.61757E+15,4.98759E+16
141177,6.17041E+18,6,4,40,1,2017,4,7,6,3,6,7,0,0,1,0,1,0,0,4.98534E+20,5.57105E+21,8.97942E+15,5.02915E+16
141178,6.17041E+18,6,4,37,4,2017,4,22,6,3,8,1,0,1,0,0,0,2,0,5.02444E+20,5.5188E+21,9.03398E+15,4.98217E+16
141179,6.17041E+18,6,4,11,0,2017,4,18,6,3,5,3,0,0,0,1,1,0,0,4.74185E+20,5.51708E+21,8.64124E+15,4.98056E+16
141180,6.17041E+18,6,4,32,8,2017,4,19,6,3,5,3,1,1,0,0,0,0,0,4.68802E+20,5.52327E+21,8.56593E+15,4.9861E+16
141181,6.17041E+18,6,4,31,20,2017,4,17,6,3,6,4,0,0,1,0,1,0,0,4.69723E+20,5.48764E+21,8.58151E+15,4.95407E+16
141182,6.17041E+18,6,4,31,20,2017,4,10,6,3,6,6,0,1,1,0,0,0,0,4.6964E+20,5.48748E+21,8.58038E+15,4.95392E+16
141183,6.17041E+18,6,4,33,2,2017,4,12,6,1,6,4,0,0,1,0,1,0,0,4.54176E+20,5.53677E+21,8.36085E+15,4.99815E+16
141184,6.17041E+18,6,4,33,7,2017,4,8,6,3,5,3,1,1,0,0,0,0,0,4.66717E+20,5.54521E+21,8.53502E+15,5.00582E+16
141185,6.17041E+18,6,6,31,9,2017,4,12,6,3,6,4,0,1,1,0,0,0,0,5.48758E+20,5.5999E+21,9.68821E+15,5.0549E+16
141186,6.17041E+18,6,5,31,5,2017,4,10,5,3,5,3,0,1,0,0,0,0,0,4.77776E+20,5.60385E+21,8.68606E+15,5.05861E+16
141187,6.17041E+18,6,6,32,2,2017,4,17,5,2,5,7,0,1,0,1,0,0,0,5.50434E+20,5.63502E+21,9.71667E+15,5.08646E+16
141188,6.17041E+18,6,4,14,0,2017,4,8,5,3,6,2,0,1,1,0,0,0,0,4.49628E+20,5.5404E+21,8.29693E+15,5.00138E+16
141189,6.17041E+18,6,4,14,0,2017,4,8,5,3,2,6,0,1,0,0,0,0,0,4.45324E+20,5.54855E+21,8.2357E+15,5.00867E+16
141190,6.17041E+18,6,4,36,3,2017,4,20,5,2,5,2,0,1,0,0,0,2,0,4.68984E+20,5.55419E+21,8.56597E+15,5.01391E+16
141191,6.17041E+18,6,4,36,12,2017,4,9,5,3,5,3,0,1,0,0,0,0,0,4.65926E+20,5.55244E+21,8.52333E+15,5.01232E+16
141192,6.17041E+18,6,4,12,0,2017,4,10,5,3,1,1,0,1,0,1,0,0,0,4.70417E+20,5.55046E+21,8.5863E+15,5.01056E+16
141193,6.17041E+18,6,4,12,0,2017,4,14,5,3,5,3,0,1,0,0,0,0,0,4.72034E+20,5.55505E+21,8.60858E+15,5.0147E+16
141194,6.17041E+18,6,4,12,0,2017,4,21,5,3,5,3,1,0,0,0,1,2,0,4.7484E+20,5.5522E+21,8.64804E+15,5.01215E+16
141195,6.17041E+18,6,4,12,0,2017,4,13,5,2,5,3,1,1,0,0,0,0,0,4.78555E+20,5.55168E+21,8.70003E+15,5.0117E+16
141196,6.17041E+18,6,4,12,0,2017,4,20,5,3,0,3,1,1,0,0,0,1,0,4.77691E+20,5.55136E+21,8.68797E+15,5.01141E+16
141197,6.17041E+18,6,6,33,13,2017,4,8,5,3,6,6,0,0,1,0,1,0,1,5.2637E+20,5.7051E+21,9.37987E+15,5.14964E+16
141198,6.17041E+18,6,6,32,18,2017,4,5,5,3,8,1,0,1,0,0,0,2,0,5.50854E+20,5.65126E+21,9.72489E+15,5.10106E+16
141199,6.17041E+18,6,4,38,2,2017,4,17,5,3,6,7,1,0,1,0,0,0,0,4.76732E+20,5.54054E+21,8.67522E+15,5.00167E+16
141200,6.17051E+18,6,4,38,9,2017,5,20,2,3,5,3,1,1,0,0,0,0,0,4.77362E+20,5.54401E+21,8.68381E+15,5.00479E+16
141201,6.17051E+18,6,4,35,11,2017,5,17,2,2,9,1,0,0,0,1,0,0,0,4.98637E+20,5.5478E+21,8.98094E+15,5.00824E+16
141202,6.17051E+18,6,5,31,8,2017,5,1,2,3,7,7,1,0,0,0,0,2,1,4.93178E+20,5.5514E+21,8.90458E+15,5.01148E+16
141203,6.17051E+18,6,5,33,2,2017,5,16,1,3,8,1,0,1,0,0,0,0,1,4.4429E+20,5.57906E+21,8.21677E+15,5.0361E+16
141204,6.17051E+18,6,4,40,2,2017,5,20,3,2,6,7,0,0,1,0,1,0,0,4.81388E+20,5.57868E+21,8.73834E+15,5.03599E+16
141205,6.17051E+18,6,5,35,1,2017,5,16,3,3,2,6,0,1,0,1,0,0,0,5.19667E+20,5.62256E+21,9.2788E+15,5.07545E+16
141206,6.17051E+18,6,4,33,12,2017,5,16,3,3,2,6,0,1,0,0,0,0,0,4.57767E+20,5.53823E+21,8.41076E+15,4.99949E+16
141207,6.17051E+18,6,4,33,3,2017,5,13,3,3,8,3,0,1,0,1,0,0,0,4.64776E+20,5.52794E+21,8.5095E+15,4.99028E+16
141208,6.17051E+18,6,5,31,9,2017,5,16,3,3,0,6,0,1,0,0,1,0,0,4.76408E+20,5.59404E+21,8.66737E+15,5.04978E+16
141209,6.17051E+18,6,5,31,5,2017,5,7,3,3,6,2,0,1,1,0,0,0,0,4.78557E+20,5.60329E+21,8.69714E+15,5.05811E+16
141210,6.17051E+18,6,6,35,15,2017,5,16,2,3,5,2,0,1,0,1,0,0,1,4.90294E+20,5.68109E+21,8.86083E+15,5.12811E+16
141211,6.17051E+18,6,4,14,0,2017,5,17,2,3,2,6,0,1,0,0,0,0,0,4.52473E+20,5.5452E+21,8.33605E+15,5.00571E+16
141212,6.17051E+18,6,4,13,0,2017,5,12,2,3,5,3,0,1,0,0,0,0,0,4.83503E+20,5.55039E+21,8.76931E+15,5.01055E+16
141213,6.17051E+18,6,4,12,0,2017,5,14,2,3,2,6,0,1,0,0,0,0,0,4.64076E+20,5.54953E+21,8.49772E+15,5.0097E+16
141214,6.17051E+18,6,4,12,0,2017,5,12,2,2,6,7,1,0,1,0,0,0,0,4.77071E+20,5.55133E+21,8.6793E+15,5.01137E+16
141215,6.17051E+18,6,4,32,23,2017,5,9,2,3,6,4,0,1,1,0,0,0,0,4.70008E+20,5.52824E+21,8.58232E+15,4.99058E+16
141216,6.17051E+18,6,6,34,14,2017,5,12,2,2,6,4,0,0,1,0,1,0,0,5.38557E+20,5.66364E+21,9.55095E+15,5.1123E+16
141217,6.17051E+18,6,6,34,14,2017,5,7,2,3,4,6,0,1,0,1,0,0,0,5.37909E+20,5.6644E+21,9.54177E+15,5.11298E+16
141218,6.17051E+18,6,6,11,0,2017,5,15,2,3,5,3,1,1,0,0,0,0,0,5.3112E+20,5.68602E+21,9.44662E+15,5.13247E+16
141219,6.17051E+18,6,5,32,12,2017,5,15,1,3,8,1,0,1,0,0,0,0,0,4.51574E+20,5.61586E+21,8.31438E+15,5.06926E+16
141220,6.17051E+18,6,4,33,4,2017,5,17,1,3,5,2,1,1,0,0,0,0,1,4.64548E+20,5.51174E+21,8.5078E+15,4.97571E+16
141221,6.17051E+18,6,5,34,20,2017,5,16,1,3,0,7,1,1,0,0,0,0,0,4.8101E+20,5.62319E+21,8.73075E+15,5.07602E+16
141222,6.17051E+18,6,4,35,7,2017,5,17,7,3,5,3,1,1,0,0,0,0,0,4.98659E+20,5.55804E+21,8.98123E+15,5.01746E+16
141223,6.17051E+18,6,6,11,0,2017,5,8,7,3,5,3,0,1,0,0,0,0,0,5.37769E+20,5.68224E+21,9.54164E+15,5.12902E+16
141224,6.17051E+18,6,4,36,1,2017,5,10,7,2,6,4,0,0,1,0,1,0,0,4.64482E+20,5.55432E+21,8.50295E+15,5.01401E+16
141225,6.17051E+18,6,4,12,0,2017,5,13,7,2,5,3,0,1,0,1,0,0,0,4.64282E+20,5.54954E+21,8.5006E+15,5.0097E+16
141226,6.17051E+18,6,4,12,0,2017,5,19,7,2,8,1,1,0,0,0,0,0,0,4.75607E+20,5.54872E+21,8.65899E+15,5.00902E+16
141227,6.17051E+18,6,4,12,0,2017,5,19,7,3,6,4,0,1,1,0,0,0,0,4.77119E+20,5.5501E+21,8.68005E+15,5.01027E+16
141228,6.17051E+18,6,4,12,0,2017,5,10,7,3,5,3,0,1,0,1,0,0,0,4.77299E+20,5.54974E+21,8.68259E+15,5.00995E+16
141229,6.17051E+18,6,4,12,0,2017,5,15,7,2,3,6,0,1,0,1,0,0,0,4.76506E+20,5.55166E+21,8.67138E+15,5.01167E+16
141230,6.17051E+18,6,4,12,0,2017,5,3,7,3,6,4,0,1,1,0,0,2,0,4.77681E+20,5.5513E+21,8.68784E+15,5.01135E+16
141231,6.17051E+18,6,4,11,0,2017,5,0,7,2,0,1,1,0,0,0,0,2,0,4.73548E+20,5.52549E+21,8.63181E+15,4.98812E+16
141232,6.17051E+18,6,6,36,6,2017,5,15,7,3,2,6,0,1,0,0,0,0,0,5.52052E+20,5.6722E+21,9.74499E+15,5.11989E+16
141233,6.17051E+18,6,6,32,3,2017,5,12,7,3,2,6,0,1,0,0,0,0,0,5.55797E+20,5.64681E+21,9.79467E+15,5.09702E+16
141234,6.17051E+18,6,4,38,6,2017,5,18,7,3,1,5,1,1,0,0,0,0,0,4.76638E+20,5.5383E+21,8.67405E+15,4.99965E+16
141235,6.17051E+18,6,4,34,1,2017,5,11,7,3,5,2,0,1,0,1,0,0,0,4.71794E+20,5.56337E+21,8.60461E+15,5.02218E+16
141236,6.17051E+18,6,4,36,7,2017,5,13,7,3,8,1,0,1,0,0,0,0,0,4.5938E+20,5.54648E+21,8.4324E+15,5.00692E+16
141237,6.17051E+18,6,5,32,20,2017,5,16,7,2,8,1,0,0,0,1,0,0,0,4.53684E+20,5.61276E+21,8.34466E+15,5.06648E+16
141238,6.17051E+18,6,4,31,13,2017,5,15,7,3,6,7,0,1,1,0,0,0,0,4.62269E+20,5.49405E+21,8.47786E+15,4.95978E+16
141239,6.17051E+18,6,4,33,6,2017,5,11,7,3,2,6,0,1,0,0,0,0,0,4.62825E+20,5.53018E+21,8.48212E+15,4.99228E+16
141240,6.17051E+18,6,4,33,3,2017,5,11,7,3,5,3,1,1,0,0,0,0,0,4.64828E+20,5.5279E+21,8.51021E+15,4.99024E+16
141241,6.17051E+18,6,6,31,15,2017,5,19,7,3,5,3,0,1,0,1,0,0,0,5.53517E+20,5.61387E+21,9.75739E+15,5.06742E+16
141242,6.17051E+18,6,5,31,5,2017,5,13,6,2,2,6,0,1,0,0,0,0,0,4.77595E+20,5.60406E+21,8.6835E+15,5.0588E+16
141243,6.17051E+18,6,4,14,0,2017,5,23,6,3,2,6,1,0,0,0,1,2,1,4.45459E+20,5.54894E+21,8.23754E+15,5.00902E+16
141244,6.17051E+18,6,4,36,3,2017,5,14,6,3,6,4,0,1,1,0,0,0,0,4.68745E+20,5.5546E+21,8.56259E+15,5.01428E+16
141245,6.17051E+18,6,4,36,3,2017,5,19,6,2,8,1,1,0,0,0,0,0,0,4.67776E+20,5.5561E+21,8.54891E+15,5.01563E+16