OBJECTID,UIDENTSTLA,ULAND,UREGBEZ,UKREIS,UGEMEINDE,UJAHR,UMONAT,USTUNDE,UWOCHENTAG,UKATEGORIE,UART,UTYP1,IstRad,IstPKW,IstFuss,IstKrad,IstSonstig,LICHT,STRZUSTAND,LINREFX,LINREFY,XGCSWGS84,YGCSWGS84
141246,6.17051E+18,6,4,12,0,2017,5,11,6,3,5,7,0,1,0,1,0,0,0,4.73361E+20,5.54953E+21,8.62755E+15,5.00975E+16
141247,6.17051E+18,6,4,12,0,2017,5,19,6,3,6,6,0,1,1,0,0,0,0,4.79579E+20,5.55319E+21,8.71429E+15,5.01306E+16
141248,6.17051E+18,6,4,12,0,2017,5,15,6,3,5,3,1,1,0,0,0,0,0,4.76763E+20,5.55257E+21,8.67492E+15,5.01249E+16
141249,6.17051E+18,6,6,35,3,2017,5,21,6,3,6,4,0,0,1,1,0,2,0,5.09272E+20,5.66306E+21,9.13247E+15,5.11189E+16
141250,6.17051E+18,6,6,34,5,2017,5,11,6,3,2,6,0,1,0,0,0,0,0,5.19274E+20,5.66472E+21,9.27547E+15,5.11336E+16
141251,6.17051E+18,6,4,38,6,2017,5,14,6,3,1,5,0,1,0,0,0,0,0,4.77534E+20,5.53649E+21,8.68665E+15,4.99803E+16
141252,6.17051E+18,6,4,34,8,2017,5,16,6,3,5,3,1,1,0,0,0,0,0,4.71521E+20,5.56079E+21,8.60097E+15,5.01986E+16
141253,6.17051E+18,6,5,33,17,2017,5,19,6,3,0,1,0,0,0,1,0,1,0,4.45986E+20,5.59198E+21,8.23875E+15,5.04773E+16
141254,6.17051E+18,6,4,40,3,2017,5,9,6,3,5,3,0,1,0,0,0,0,0,4.84317E+20,5.56006E+21,8.7803E+15,5.01925E+16
141255,6.17051E+18,6,4,37,4,2017,5,19,6,3,5,3,1,1,0,0,0,0,0,5.01073E+20,5.51837E+21,9.01491E+15,4.98178E+16
141256,6.17051E+18,6,4,11,0,2017,5,14,6,3,1,7,0,1,0,0,0,0,0,4.74529E+20,5.51873E+21,8.64591E+15,4.98204E+16
141257,6.17051E+18,6,5,34,20,2017,5,7,6,2,5,3,0,1,0,1,0,0,0,4.81072E+20,5.62301E+21,8.73164E+15,5.07585E+16
141258,6.17051E+18,6,4,35,14,2017,5,11,6,3,1,5,1,1,0,0,0,0,0,4.95394E+20,5.55262E+21,8.93557E+15,5.01258E+16
141259,6.1705E+18,6,4,35,17,2017,5,12,5,2,5,2,1,1,0,0,0,0,0,5.02861E+20,5.55859E+21,9.04007E+15,5.01795E+16
141260,6.1705E+18,6,6,36,3,2017,5,18,5,3,2,2,0,1,0,0,0,0,0,5.72441E+20,5.67209E+21,1.00367E+16,5.11957E+16
141261,6.1705E+18,6,4,13,0,2017,5,2,5,3,1,7,0,1,0,0,0,2,1,4.81555E+20,5.5504E+21,8.74206E+15,5.01055E+16
141262,6.1705E+18,6,4,12,0,2017,5,6,5,3,2,6,0,1,0,0,1,0,1,4.75108E+20,5.55155E+21,8.65184E+15,5.01157E+16
141263,6.1705E+18,6,4,12,0,2017,5,19,5,3,9,7,0,1,0,0,0,0,0,4.75999E+20,5.55585E+21,8.66403E+15,5.01544E+16
141264,6.1705E+18,6,4,37,13,2017,5,19,5,2,5,3,0,0,0,1,1,0,0,4.88811E+20,5.50616E+21,8.84481E+15,4.97079E+16
141265,6.1705E+18,6,4,11,0,2017,5,12,5,3,6,4,1,0,1,0,0,0,1,4.74935E+20,5.52561E+21,8.65111E+15,4.98824E+16
141266,6.1705E+18,6,6,33,3,2017,5,8,5,3,5,3,0,1,0,1,0,0,1,5.29301E+20,5.67927E+21,9.41996E+15,5.1264E+16
141267,6.1705E+18,6,4,39,15,2017,5,15,5,3,1,7,0,1,0,1,0,0,1,4.40045E+20,5.55448E+21,8.16099E+15,5.01395E+16
141268,6.1705E+18,6,4,38,2,2017,5,17,5,3,5,2,1,1,0,0,0,0,1,4.78189E+20,5.54099E+21,8.69553E+15,5.00208E+16
141269,6.1705E+18,6,4,38,2,2017,5,15,5,3,5,3,1,1,0,0,0,0,1,4.77881E+20,5.54134E+21,8.69121E+15,5.0024E+16
141270,6.1705E+18,6,4,38,8,2017,5,20,5,3,0,7,0,1,0,0,0,0,1,4.8889E+20,5.55233E+21,8.84458E+15,5.01231E+16
141271,6.1705E+18,6,4,38,3,2017,5,9,5,3,3,6,1,0,0,0,1,0,1,4.75805E+20,5.5352E+21,8.66262E+15,4.99687E+16
141272,6.1705E+18,6,4,34,1,2017,5,14,5,3,2,6,0,1,0,0,1,0,1,4.72992E+20,5.56345E+21,8.62139E+15,5.02226E+16
141273,6.1705E+18,6,4,40,3,2017,5,16,5,3,2,6,0,1,0,0,0,0,1,4.81609E+20,5.55964E+21,8.74237E+15,5.01887E+16
141274,6.1705E+18,6,4,32,18,2017,5,11,5,3,5,3,0,1,0,0,0,0,0,4.70814E+20,5.5167E+21,8.59442E+15,4.9802E+16
141275,6.1705E+18,6,4,32,14,2017,5,14,5,3,2,6,0,1,0,0,0,0,1,4.79563E+20,5.51945E+21,8.71585E+15,4.98271E+16
141276,6.1705E+18,6,4,31,20,2017,5,18,5,3,5,3,0,1,0,0,0,0,0,4.68645E+20,5.4865E+21,8.5667E+15,4.95303E+16
141277,6.1705E+18,6,4,31,13,2017,5,10,5,3,5,3,0,1,0,0,0,0,0,4.61565E+20,5.49423E+21,8.46811E+15,4.95994E+16
141278,6.1705E+18,6,4,33,2,2017,5,15,5,3,2,6,0,1,0,0,0,0,1,4.55404E+20,5.53607E+21,8.37805E+15,4.99753E+16
141279,6.1705E+18,6,5,32,23,2017,5,16,5,3,2,6,1,1,0,0,0,0,0,4.63593E+20,5.60304E+21,8.4858E+15,5.05781E+16
141280,6.1705E+18,6,5,31,11,2017,5,2,5,3,6,1,0,0,1,0,1,2,1,4.87715E+20,5.59551E+21,8.82673E+15,5.05115E+16
141281,6.1705E+18,6,5,35,19,2017,5,14,4,3,2,6,0,1,0,0,0,0,0,5.31111E+20,5.60893E+21,9.4399E+15,5.06314E+16
141282,6.1705E+18,6,5,33,9,2017,5,21,4,3,5,3,0,1,0,0,0,2,0,4.37514E+20,5.58072E+21,8.12125E+15,5.03752E+16
141283,6.1705E+18,6,4,14,0,2017,5,16,4,3,6,4,0,1,1,0,0,0,0,4.44376E+20,5.54734E+21,8.22263E+15,5.00757E+16
141284,6.1705E+18,6,4,14,0,2017,5,16,4,3,5,3,0,1,0,1,0,0,0,4.46571E+20,5.5464E+21,8.25344E+15,5.00674E+16
141285,6.1705E+18,6,4,12,0,2017,5,13,4,3,5,3,1,0,0,0,0,0,1,4.71135E+20,5.5513E+21,8.59628E+15,5.01133E+16
141286,6.1705E+18,6,4,12,0,2017,5,8,4,3,0,2,1,0,0,0,1,0,0,4.75998E+20,5.55466E+21,8.66408E+15,5.01437E+16
141287,6.1705E+18,6,4,12,0,2017,5,7,4,3,0,1,0,0,0,1,0,0,1,4.68021E+20,5.54889E+21,8.55294E+15,5.00914E+16
141288,6.1705E+18,6,4,12,0,2017,5,7,4,3,5,3,1,1,0,0,0,0,0,4.78796E+20,5.55283E+21,8.70334E+15,5.01274E+16
141289,6.1705E+18,6,4,12,0,2017,5,21,4,3,6,4,0,0,1,0,1,2,1,4.7768E+20,5.55132E+21,8.68783E+15,5.01137E+16
141290,6.1705E+18,6,4,12,0,2017,5,6,4,3,5,3,0,1,0,0,0,0,0,4.7772E+20,5.55176E+21,8.68836E+15,5.01177E+16
141291,6.1705E+18,6,4,12,0,2017,5,16,4,3,3,6,0,1,0,0,0,0,1,4.76688E+20,5.55092E+21,8.67397E+15,5.01101E+16
141292,6.1705E+18,6,4,11,0,2017,5,13,4,3,2,6,0,1,0,0,0,0,1,4.74332E+20,5.52399E+21,8.64282E+15,4.98678E+16
141293,6.1705E+18,6,6,11,0,2017,5,12,4,2,6,4,0,1,1,0,0,0,0,5.302E+20,5.68458E+21,9.43329E+15,5.13117E+16
141294,6.1705E+18,6,6,11,0,2017,5,7,4,3,5,3,0,1,0,0,0,0,0,5.31573E+20,5.68451E+21,9.45298E+15,5.1311E+16
141295,6.1705E+18,6,4,38,2,2017,5,15,4,3,0,2,1,1,0,0,0,0,1,4.78325E+20,5.54048E+21,8.69746E+15,5.00162E+16
141296,6.1705E+18,6,4,38,10,2017,5,14,4,2,6,4,0,1,1,0,0,0,1,4.89103E+20,5.54644E+21,8.84773E+15,5.00701E+16
141297,6.1705E+18,6,4,36,5,2017,5,15,4,3,1,3,1,0,0,0,1,0,0,4.62532E+20,5.54604E+21,8.47649E+15,5.00654E+16
141298,6.1705E+18,6,4,31,6,2017,5,12,4,3,1,7,1,0,0,0,1,0,0,4.67514E+20,5.50207E+21,8.54978E+15,4.96703E+16
141299,6.1705E+18,6,4,40,3,2017,5,22,4,3,5,3,0,1,0,1,0,2,1,4.81049E+20,5.55828E+21,8.7346E+15,5.01764E+16
141300,6.1705E+18,6,5,32,7,2017,5,10,4,3,5,3,0,1,0,0,0,0,1,4.42121E+20,5.60955E+21,8.18155E+15,5.06349E+16
141301,6.1705E+18,6,4,31,13,2017,5,13,4,3,5,3,0,1,0,0,0,0,0,4.61835E+20,5.49442E+21,8.47182E+15,4.96012E+16
141302,6.1705E+18,6,5,34,18,2017,5,14,4,3,1,7,0,1,0,0,0,0,0,5.00871E+20,5.6288E+21,9.01236E+15,5.08109E+16
141303,6.1705E+18,6,6,31,9,2017,5,7,4,3,2,2,0,1,0,0,0,0,0,5.46506E+20,5.59909E+21,9.65633E+15,5.05419E+16
141304,6.1705E+18,6,6,36,14,2017,5,12,3,3,9,1,0,1,0,0,0,0,1,5.68464E+20,5.66477E+21,9.97844E+15,5.11303E+16
141305,6.1705E+18,6,4,14,0,2017,5,18,3,3,1,5,0,1,0,0,1,0,1,4.4418E+20,5.54367E+21,8.22043E+15,5.00427E+16
141306,6.1705E+18,6,4,13,0,2017,5,21,3,3,6,2,0,1,1,0,0,2,1,4.83691E+20,5.55024E+21,8.77194E+15,5.01042E+16
141307,6.1705E+18,6,4,13,0,2017,5,16,3,3,5,2,0,1,0,0,1,0,1,4.86555E+20,5.54817E+21,8.81206E+15,5.00856E+16
141308,6.1705E+18,6,4,36,11,2017,5,7,3,2,6,2,0,1,1,0,0,0,1,4.65653E+20,5.55613E+21,8.51918E+15,5.01564E+16
141309,6.1705E+18,6,4,12,0,2017,5,22,3,3,2,6,0,1,0,0,0,2,1,4.68095E+20,5.55155E+21,8.55374E+15,5.01153E+16
141310,6.1705E+18,6,4,12,0,2017,5,16,3,3,3,2,1,1,0,0,0,0,1,4.7472E+20,5.55672E+21,8.64606E+15,5.01621E+16
141311,6.1705E+18,6,4,12,0,2017,5,7,3,3,3,6,0,1,0,0,0,0,1,4.73918E+20,5.55631E+21,8.63486E+15,5.01584E+16
141312,6.1705E+18,6,4,12,0,2017,5,14,3,3,5,3,1,1,0,0,0,0,1,4.82707E+20,5.55331E+21,8.75804E+15,5.01318E+16
141313,6.1705E+18,6,4,12,0,2017,5,19,3,3,5,3,1,1,0,0,0,0,1,4.73938E+20,5.55046E+21,8.63554E+15,5.01058E+16
141314,6.1705E+18,6,4,12,0,2017,5,20,3,3,5,2,0,1,0,0,0,2,1,4.76517E+20,5.55283E+21,8.67147E+15,5.01272E+16
141315,6.1705E+18,6,4,12,0,2017,5,17,3,3,0,1,0,0,0,1,0,0,1,4.77644E+20,5.55199E+21,8.68728E+15,5.01198E+16
141316,6.1705E+18,6,4,12,0,2017,5,19,3,3,3,2,1,0,0,0,1,1,1,4.76816E+20,5.55064E+21,8.67578E+15,5.01075E+16
141317,6.1705E+18,6,4,37,11,2017,5,20,3,3,5,3,0,1,0,0,0,1,0,5.00147E+20,5.50272E+21,9.00203E+15,4.9677E+16
141318,6.1705E+18,6,4,11,0,2017,5,13,3,3,9,1,0,1,0,0,0,0,1,4.77355E+20,5.52441E+21,8.68486E+15,4.98717E+16
141319,6.1705E+18,6,6,35,2,2017,5,17,3,2,8,1,0,1,0,0,0,0,1,5.02833E+20,5.69104E+21,9.04069E+15,5.13706E+16
141320,6.1705E+18,6,4,38,5,2017,5,9,3,2,6,4,0,1,1,0,0,0,1,4.8566E+20,5.54516E+21,8.79966E+15,5.00586E+16
141321,6.1705E+18,6,4,38,11,2017,5,17,3,3,5,3,1,1,0,0,0,0,1,4.91748E+20,5.54268E+21,8.88476E+15,5.00364E+16
141322,6.1705E+18,6,4,34,1,2017,5,10,3,3,0,7,0,0,0,0,1,0,1,4.72333E+20,5.56415E+21,8.6121E+15,5.02289E+16
141323,6.1705E+18,6,4,31,16,2017,5,16,3,2,4,6,1,1,0,0,0,0,1,4.69644E+20,5.4991E+21,8.57953E+15,4.96437E+16
141324,6.1705E+18,6,5,32,9,2017,5,17,3,3,2,6,0,1,0,0,0,0,1,4.54025E+20,5.62949E+21,8.34739E+15,5.08153E+16
141325,6.1705E+18,6,4,33,12,2017,5,11,3,3,5,3,0,1,0,0,0,0,1,4.57156E+20,5.53699E+21,8.40238E+15,4.99837E+16
141326,6.1705E+18,6,4,12,0,2017,5,16,3,3,5,3,0,1,0,0,0,0,1,4.81993E+20,5.55622E+21,8.74792E+15,5.01579E+16
141327,6.1705E+18,6,5,31,5,2017,5,12,3,3,2,2,1,1,0,0,0,0,0,4.77387E+20,5.60294E+21,8.68062E+15,5.0578E+16
141328,6.1705E+18,6,6,32,15,2017,5,11,3,2,9,1,0,1,0,0,0,0,1,5.38036E+20,5.62896E+21,9.53987E+15,5.08111E+16
141329,6.1705E+18,6,6,36,3,2017,5,15,2,3,3,2,0,0,0,1,0,0,0,5.7261E+20,5.67145E+21,1.0039E+16,5.11899E+16
141330,6.1705E+18,6,6,36,14,2017,5,12,2,3,2,6,0,1,0,0,0,0,0,5.68408E+20,5.66454E+21,9.9776E+15,5.11282E+16
141331,6.1705E+18,6,6,32,2,2017,5,15,2,3,4,6,0,1,0,0,1,0,0,5.50354E+20,5.63559E+21,9.7156E+15,5.08698E+16
141332,6.1705E+18,6,4,14,0,2017,5,16,2,3,5,3,0,1,0,0,0,0,1,4.43218E+20,5.54754E+21,8.20642E+15,5.00775E+16
141333,6.1705E+18,6,4,36,1,2017,5,11,2,3,5,3,1,1,0,0,0,0,1,4.61727E+20,5.55753E+21,8.46409E+15,5.01687E+16
141334,6.1705E+18,6,4,12,0,2017,5,15,2,3,0,1,0,0,0,1,0,0,1,4.80247E+20,5.55014E+21,8.72378E+15,5.01032E+16
141335,6.1705E+18,6,4,12,0,2017,5,13,2,3,2,6,0,1,0,0,0,0,1,4.75564E+20,5.55021E+21,8.6583E+15,5.01036E+16
141336,6.1705E+18,6,4,12,0,2017,5,9,2,3,1,5,1,1,0,0,0,0,1,4.76146E+20,5.55071E+21,8.66641E+15,5.01082E+16
141337,6.1705E+18,6,4,12,0,2017,5,10,2,3,5,3,1,0,0,0,0,0,1,4.76465E+20,5.55152E+21,8.67082E+15,5.01154E+16
141338,6.1705E+18,6,4,12,0,2017,5,22,2,3,5,2,0,1,0,0,0,2,1,4.76819E+20,5.55064E+21,8.67582E+15,5.01075E+16
141339,6.1705E+18,6,4,35,19,2017,5,17,2,3,6,6,0,1,1,0,0,0,1,4.88662E+20,5.55368E+21,8.84135E+15,5.01353E+16
141340,6.1705E+18,6,4,31,17,2017,5,13,2,3,8,3,0,1,0,0,0,0,1,4.80645E+20,5.49311E+21,8.73221E+15,4.95902E+16
141341,6.1705E+18,6,4,35,15,2017,5,0,2,2,8,1,1,0,0,0,0,2,0,5.06861E+20,5.55699E+21,9.09607E+15,5.01651E+16
141342,6.1705E+18,6,4,40,8,2017,5,22,2,3,2,6,0,1,0,0,0,2,1,4.81978E+20,5.57482E+21,8.74682E+15,5.03252E+16
141343,6.1705E+18,6,4,31,20,2017,5,17,2,3,5,3,0,1,0,0,0,0,1,4.69075E+20,5.48694E+21,8.5726E+15,4.95343E+16
141344,6.17043E+18,6,4,14,0,2017,4,12,1,3,2,6,0,1,0,0,0,0,0,4.44628E+20,5.54691E+21,8.22621E+15,5.00718E+16
141345,6.17043E+18,6,4,13,0,2017,4,22,1,3,5,3,0,1,0,1,0,2,0,4.8336E+20,5.54942E+21,8.76734E+15,5.00968E+16
141346,6.17043E+18,6,4,12,0,2017,4,18,1,2,5,3,1,1,0,0,0,0,0,4.75437E+20,5.55405E+21,8.65627E+15,5.01381E+16
141347,6.17043E+18,6,4,11,0,2017,4,23,1,3,2,6,0,1,0,0,0,2,0,4.73548E+20,5.52631E+21,8.63176E+15,4.98886E+16
141348,6.17043E+18,6,4,32,23,2017,4,14,1,3,4,6,0,1,0,1,0,0,0,4.69689E+20,5.52783E+21,8.57792E+15,4.99021E+16
141349,6.17043E+18,6,4,38,6,2017,4,15,1,3,5,3,0,1,0,0,0,0,0,4.76292E+20,5.5377E+21,8.66926E+15,4.99911E+16
141350,6.17043E+18,6,4,38,11,2017,4,18,1,3,6,7,0,1,1,0,0,0,0,4.92383E+20,5.54427E+21,8.89361E+15,5.00507E+16
141351,6.17043E+18,6,4,36,7,2017,4,13,1,3,0,1,1,0,0,0,0,0,0,4.6031E+20,5.54864E+21,8.44516E+15,5.00887E+16
141352,6.17043E+18,6,4,40,5,2017,4,2,1,2,0,1,0,0,0,1,0,2,0,4.75353E+20,5.59084E+21,8.6527E+15,5.04691E+16
141353,6.17043E+18,6,4,32,10,2017,4,19,1,3,2,6,0,1,0,0,0,0,0,4.94247E+20,5.52619E+21,8.91991E+15,4.98881E+16
141354,6.17043E+18,6,6,31,9,2017,4,14,1,3,1,5,0,1,0,0,0,0,0,5.48468E+20,5.60045E+21,9.68419E+15,5.0554E+16
141355,6.17043E+18,6,6,31,6,2017,4,17,1,1,9,1,1,0,0,0,0,0,0,5.52432E+20,5.59199E+21,9.73895E+15,5.04775E+16
141356,6.17043E+18,6,5,31,5,2017,4,1,1,2,5,3,0,1,0,0,0,2,0,4.76939E+20,5.60313E+21,8.67428E+15,5.05796E+16
141357,6.17043E+18,6,4,35,14,2017,4,12,1,2,5,3,1,1,0,0,0,0,0,4.95446E+20,5.55128E+21,8.93631E+15,5.01138E+16
141358,6.17043E+18,6,4,35,14,2017,4,11,7,3,2,2,0,1,0,0,0,0,0,4.95866E+20,5.55546E+21,8.94214E+15,5.01513E+16
141359,6.17043E+18,6,4,13,0,2017,4,14,7,2,6,7,1,0,1,0,0,0,0,4.83437E+20,5.54922E+21,8.76844E+15,5.0095E+16
141360,6.17043E+18,6,4,12,0,2017,4,13,7,3,5,2,1,1,0,0,0,0,0,4.74857E+20,5.55145E+21,8.64833E+15,5.01148E+16
141361,6.17043E+18,6,6,34,22,2017,4,16,7,3,2,6,0,1,0,0,0,0,0,5.16601E+20,5.63995E+21,9.23613E+15,5.0911E+16
141362,6.17043E+18,6,6,33,5,2017,4,14,7,2,5,3,0,1,0,1,0,0,0,5.24453E+20,5.69352E+21,9.35146E+15,5.13924E+16
141363,6.17043E+18,6,4,34,8,2017,4,8,7,3,1,5,0,1,0,0,0,0,0,4.68448E+20,5.56264E+21,8.55776E+15,5.02151E+16
141364,6.17043E+18,6,4,34,2,2017,4,17,7,3,2,6,0,1,0,0,0,0,0,4.74193E+20,5.56725E+21,8.63797E+15,5.02568E+16
141365,6.17043E+18,6,4,34,1,2017,4,4,7,3,8,7,0,1,0,0,0,2,0,4.723E+20,5.56396E+21,8.61166E+15,5.02271E+16
141366,6.17043E+18,6,4,31,20,2017,4,14,7,2,5,3,0,1,0,1,0,0,0,4.7001E+20,5.48799E+21,8.58545E+15,4.95437E+16
141367,6.17043E+18,6,5,35,1,2017,4,10,7,3,5,3,0,1,0,0,0,0,0,5.18854E+20,5.62156E+21,9.26724E+15,5.07455E+16
141368,6.17043E+18,6,4,33,12,2017,4,15,7,3,6,7,0,1,1,0,0,0,0,4.57984E+20,5.53804E+21,8.41381E+15,4.99932E+16
141369,6.17043E+18,6,4,33,12,2017,4,23,7,3,5,2,0,1,0,0,0,2,0,4.59762E+20,5.53679E+21,8.43875E+15,4.99821E+16
141370,6.17043E+18,6,4,33,14,2017,4,13,7,2,8,7,0,1,0,0,1,0,0,4.56007E+20,5.53173E+21,8.38695E+15,4.99363E+16
141371,6.17043E+18,6,6,31,20,2017,4,8,7,3,5,3,0,1,0,0,0,0,0,5.5083E+20,5.60053E+21,9.71754E+15,5.05545E+16
141372,6.17043E+18,6,5,31,12,2017,4,20,7,3,1,5,0,0,0,0,1,1,0,4.76855E+20,5.59877E+21,8.67337E+15,5.05404E+16
141373,6.17043E+18,6,4,35,21,2017,4,22,6,2,9,1,0,1,0,0,0,2,0,4.91208E+20,5.56314E+21,8.87676E+15,5.02204E+16
141374,6.17043E+18,6,5,33,9,2017,4,8,6,3,0,7,0,1,0,0,1,0,0,4.3319E+20,5.58556E+21,8.05958E+15,5.04183E+16
141375,6.17043E+18,6,6,11,0,2017,4,7,6,3,5,3,0,1,0,1,0,0,0,5.31203E+20,5.68825E+21,9.448E+15,5.13447E+16
141376,6.17043E+18,6,6,11,0,2017,4,10,6,2,6,4,0,1,1,0,0,0,0,5.3459E+20,5.68509E+21,9.49634E+15,5.13161E+16
141377,6.17043E+18,6,4,14,0,2017,4,12,6,3,1,5,0,1,0,0,1,0,0,4.42556E+20,5.54401E+21,8.1977E+15,5.00456E+16
141378,6.17043E+18,6,4,13,0,2017,4,10,6,3,0,7,0,1,0,0,1,0,0,4.83705E+20,5.54833E+21,8.77221E+15,5.00871E+16
141379,6.17043E+18,6,4,12,0,2017,4,9,6,3,6,4,0,1,1,0,0,0,0,4.67329E+20,5.55007E+21,8.54316E+15,5.0102E+16
141380,6.17043E+18,6,4,12,0,2017,4,8,6,2,6,4,0,1,1,0,0,0,0,4.64669E+20,5.54814E+21,8.50614E+15,5.00844E+16
141381,6.17043E+18,6,4,12,0,2017,4,5,6,2,5,2,0,1,0,1,0,1,0,4.67713E+20,5.55149E+21,8.5484E+15,5.01148E+16
141382,6.17043E+18,6,4,12,0,2017,4,14,6,3,1,6,0,1,0,0,0,0,0,4.75213E+20,5.54761E+21,8.65356E+15,5.00803E+16
141383,6.17043E+18,6,4,12,0,2017,4,16,6,3,5,2,1,1,0,0,0,0,0,4.78386E+20,5.55156E+21,8.69769E+15,5.01159E+16
141384,6.17043E+18,6,4,12,0,2017,4,16,6,3,4,6,1,0,0,0,0,0,0,4.77112E+20,5.5517E+21,8.67986E+15,5.01171E+16
141385,6.17043E+18,6,4,37,6,2017,4,7,6,3,5,3,0,1,0,1,0,0,0,5.00144E+20,5.5004E+21,9.002E+15,4.96561E+16
141386,6.17043E+18,6,4,11,0,2017,4,2,6,3,1,1,0,1,0,0,0,2,0,4.76051E+20,5.52431E+21,8.66672E+15,4.98707E+16
141387,6.17043E+18,6,6,32,3,2017,4,11,6,3,5,3,0,0,0,1,1,0,0,5.5537E+20,5.6468E+21,9.78859E+15,5.09701E+16
141388,6.17043E+18,6,4,39,4,2017,4,6,6,3,2,6,1,0,0,0,1,0,0,4.26105E+20,5.538E+21,7.96913E+15,4.99897E+16
141389,6.17043E+18,6,4,38,11,2017,4,13,6,2,5,3,1,1,0,0,0,0,0,4.9196E+20,5.53957E+21,8.88779E+15,5.00084E+16
141390,6.17043E+18,6,4,34,1,2017,4,10,6,3,5,3,0,1,0,1,0,0,0,4.72485E+20,5.56424E+21,8.61422E+15,5.02296E+16
141391,6.17043E+18,6,4,31,7,2017,4,14,6,3,5,3,0,1,0,0,0,0,0,4.84556E+20,5.49987E+21,8.78604E+15,4.96512E+16
141392,6.17043E+18,6,5,34,4,2017,4,15,6,3,5,3,0,1,0,0,0,0,0,4.67351E+20,5.63957E+21,8.53564E+15,5.09068E+16
141393,6.17043E+18,6,4,33,8,2017,4,16,6,2,6,4,0,1,1,0,0,0,0,4.69023E+20,5.53914E+21,8.56773E+15,5.00037E+16
141394,6.17043E+18,6,5,34,11,2017,4,13,6,3,2,7,0,1,0,0,0,0,0,4.94458E+20,5.63019E+21,8.92132E+15,5.08234E+16
141395,6.17043E+18,6,4,35,14,2017,4,15,6,2,4,1,1,0,0,0,0,0,0,4.95253E+20,5.5496E+21,8.93363E+15,5.00986E+16
141396,6.17043E+18,6,4,13,0,2017,4,16,5,3,6,4,0,1,1,0,0,0,0,4.8334E+20,5.54945E+21,8.76707E+15,5.00971E+16
141397,6.17043E+18,6,4,12,0,2017,4,19,5,3,6,4,0,1,1,1,0,0,0,4.75952E+20,5.55081E+21,8.66369E+15,5.01091E+16
141398,6.17043E+18,6,4,12,0,2017,4,12,5,3,2,6,0,1,0,0,0,0,0,4.76116E+20,5.55169E+21,8.66592E+15,5.0117E+16
141399,6.17043E+18,6,4,12,0,2017,4,8,5,3,3,6,0,1,0,0,1,0,0,4.77544E+20,5.552E+21,8.68589E+15,5.01198E+16
141400,6.17043E+18,6,4,12,0,2017,4,11,5,3,5,3,1,1,0,0,0,0,0,4.77946E+20,5.5521E+21,8.69149E+15,5.01207E+16
141401,6.17043E+18,6,4,37,6,2017,4,17,5,3,3,6,1,1,0,0,0,0,0,4.99369E+20,5.50074E+21,8.99126E+15,4.96592E+16
141402,6.17043E+18,6,4,39,14,2017,4,15,5,3,4,6,0,1,0,0,1,0,0,4.36264E+20,5.54798E+21,8.10917E+15,5.00807E+16
141403,6.17043E+18,6,4,38,11,2017,4,5,5,3,0,6,1,0,0,0,1,2,0,4.90456E+20,5.54345E+21,8.8667E+15,5.00432E+16
141404,6.17043E+18,6,4,36,8,2017,4,8,5,3,7,1,0,0,0,1,0,0,0,4.60539E+20,5.55388E+21,8.44782E+15,5.01358E+16
141405,6.17043E+18,6,4,31,11,2017,4,15,5,3,9,1,0,1,0,0,0,0,0,4.72719E+20,5.49749E+21,8.62224E+15,4.96293E+16
141406,6.17043E+18,6,4,32,10,2017,4,5,5,2,5,2,0,1,0,1,0,1,0,4.94107E+20,5.52355E+21,8.918E+15,4.98643E+16
141407,6.17043E+18,6,4,32,18,2017,4,9,5,2,5,3,0,1,0,1,0,0,0,4.71038E+20,5.51686E+21,8.59752E+15,4.98035E+16
141408,6.17043E+18,6,4,32,22,2017,4,21,5,2,0,1,0,0,0,1,0,2,0,4.73983E+20,5.51352E+21,8.63866E+15,4.97736E+16
141409,6.17043E+18,6,4,11,0,2017,4,13,5,3,6,4,0,1,1,0,0,0,0,4.74305E+20,5.51685E+21,8.64293E+15,4.98036E+16
141410,6.17043E+18,6,4,33,12,2017,4,13,5,3,3,7,0,1,0,0,0,0,0,4.58371E+20,5.53625E+21,8.41941E+15,4.99771E+16
141411,6.17043E+18,6,4,33,8,2017,4,7,5,3,2,6,0,1,1,0,0,0,0,4.68288E+20,5.5366E+21,8.55769E+15,4.99809E+16
141412,6.17043E+18,6,6,31,9,2017,4,16,5,3,6,4,0,1,1,0,0,0,0,5.49313E+20,5.59986E+21,9.69604E+15,5.05486E+16
141413,6.17043E+18,6,4,35,14,2017,4,15,5,3,5,3,1,1,0,0,0,0,0,4.92444E+20,5.55469E+21,8.89425E+15,5.01444E+16
141414,6.17043E+18,6,5,31,11,2017,4,9,5,3,5,3,0,1,0,0,0,0,0,4.88117E+20,5.59483E+21,8.83243E+15,5.05053E+16
141415,6.17043E+18,6,5,31,6,2017,4,7,5,3,0,1,1,0,0,0,0,0,0,4.9721E+20,5.60473E+21,8.96058E+15,5.05945E+16
141416,6.17043E+18,6,4,33,10,2017,4,17,5,3,2,6,0,1,0,0,0,0,0,4.63969E+20,5.54109E+21,8.49702E+15,5.00211E+16
141417,6.17043E+18,6,6,32,2,2017,4,22,4,3,5,3,0,1,0,0,0,2,0,5.49665E+20,5.63495E+21,9.70573E+15,5.08641E+16
141418,6.17043E+18,6,6,32,19,2017,4,7,4,3,5,3,0,1,0,0,0,0,1,5.59481E+20,5.63013E+21,9.84441E+15,5.08198E+16
141419,6.17043E+18,6,4,14,0,2017,4,11,4,3,2,6,0,1,0,0,0,0,0,4.44171E+20,5.54419E+21,8.22023E+15,5.00474E+16