OBJECTID,UIDENTSTLA,ULAND,UREGBEZ,UKREIS,UGEMEINDE,UJAHR,UMONAT,USTUNDE,UWOCHENTAG,UKATEGORIE,UART,UTYP1,IstRad,IstPKW,IstFuss,IstKrad,IstSonstig,LICHT,STRZUSTAND,LINREFX,LINREFY,XGCSWGS84,YGCSWGS84
141940,6.17053E+18,6,5,34,11,2017,5,16,1,2,5,3,1,1,0,0,0,0,0,4.95918E+20,5.62953E+21,8.94206E+15,5.08175E+16
141941,6.17053E+18,6,4,35,21,2017,5,17,7,3,5,2,0,1,0,1,0,0,0,4.90769E+20,5.56418E+21,8.87058E+15,5.02297E+16
141942,6.17053E+18,6,5,31,5,2017,5,19,7,3,6,7,0,1,1,0,0,0,0,4.77969E+20,5.60542E+21,8.68871E+15,5.06003E+16
141943,6.17053E+18,6,4,14,0,2017,5,8,7,3,3,6,0,1,0,0,0,0,0,4.46876E+20,5.54538E+21,8.25784E+15,5.00583E+16
141944,6.17053E+18,6,4,13,0,2017,5,19,7,3,5,3,1,1,0,0,0,0,0,4.84819E+20,5.55117E+21,8.78768E+15,5.01126E+16
141945,6.17053E+18,6,4,13,0,2017,5,9,7,3,5,3,1,1,0,0,0,0,0,4.83605E+20,5.54909E+21,8.77079E+15,5.00939E+16
141946,6.17053E+18,6,4,12,0,2017,5,17,7,2,6,4,0,1,1,0,0,0,0,4.67233E+20,5.55004E+21,8.54182E+15,5.01017E+16
141947,6.17053E+18,6,4,12,0,2017,5,21,7,3,5,2,1,1,0,0,0,1,0,4.7681E+20,5.55063E+21,8.6757E+15,5.01075E+16
141948,6.17053E+18,6,4,11,0,2017,5,14,7,2,5,2,1,1,0,0,0,0,0,4.74555E+20,5.52204E+21,8.64606E+15,4.98502E+16
141949,6.17053E+18,6,4,39,3,2017,5,17,7,3,5,2,0,1,0,1,0,0,0,4.35187E+20,5.54129E+21,8.09524E+15,5.00203E+16
141950,6.17053E+18,6,4,38,2,2017,5,13,7,2,5,2,0,1,0,1,0,0,0,4.77731E+20,5.53929E+21,8.68923E+15,5.00055E+16
141951,6.17053E+18,6,4,36,4,2017,5,13,7,3,0,6,0,1,0,0,1,0,0,4.58874E+20,5.54005E+21,8.42602E+15,5.00114E+16
141952,6.17053E+18,6,4,36,7,2017,5,9,7,3,5,3,0,1,0,0,0,0,0,4.59943E+20,5.54841E+21,8.44007E+15,5.00866E+16
141953,6.17053E+18,6,4,40,16,2017,5,18,7,3,5,3,1,1,0,0,0,0,0,5.03892E+20,5.58931E+21,9.05483E+15,5.04557E+16
141954,6.17053E+18,6,4,32,15,2017,5,15,7,2,5,3,1,0,0,0,0,0,0,4.89951E+20,5.53059E+21,8.85999E+15,4.99276E+16
141955,6.17053E+18,6,5,34,4,2017,5,8,7,3,5,3,1,1,0,0,0,0,0,4.67298E+20,5.63963E+21,8.53488E+15,5.09074E+16
141956,6.17053E+18,6,4,31,3,2017,5,8,7,3,5,3,0,1,0,1,0,0,0,4.61098E+20,5.50461E+21,8.46062E+15,4.96928E+16
141957,6.17053E+18,6,4,33,8,2017,5,18,7,3,8,1,1,0,0,0,0,0,0,4.69389E+20,5.53932E+21,8.57282E+15,5.00054E+16
141958,6.17053E+18,6,6,31,17,2017,5,19,7,3,6,4,0,1,1,0,0,0,0,5.51657E+20,5.59788E+21,9.72885E+15,5.05306E+16
141959,6.17053E+18,6,5,31,12,2017,5,16,7,3,2,6,0,1,0,0,0,0,0,4.77102E+20,5.59768E+21,8.67692E+15,5.05306E+16
141960,6.17053E+18,6,6,11,0,2017,5,18,6,3,5,2,1,1,0,0,0,0,0,5.36007E+20,5.68511E+21,9.51666E+15,5.13162E+16
141961,6.17053E+18,6,6,11,0,2017,5,14,6,3,4,6,0,1,0,1,0,0,0,5.36331E+20,5.68247E+21,9.52104E+15,5.12924E+16
141962,6.17053E+18,6,6,11,0,2017,5,10,6,3,0,7,1,0,0,0,0,0,0,5.3514E+20,5.68494E+21,9.50421E+15,5.13147E+16
141963,6.17053E+18,6,4,14,0,2017,5,9,6,3,3,5,1,1,0,0,0,0,0,4.4949E+20,5.5403E+21,8.29502E+15,5.00129E+16
141964,6.17053E+18,6,4,14,0,2017,5,14,6,3,3,6,1,1,0,0,0,0,0,4.45837E+20,5.54695E+21,8.2431E+15,5.00724E+16
141965,6.17053E+18,6,4,12,0,2017,5,17,6,3,5,7,1,1,0,0,0,0,0,4.72991E+20,5.54994E+21,8.62234E+15,5.01011E+16
141966,6.17053E+18,6,4,12,0,2017,5,21,6,3,1,7,0,1,0,0,0,2,0,4.74301E+20,5.5483E+21,8.64077E+15,5.00864E+16
141967,6.17053E+18,6,4,12,0,2017,5,18,6,3,0,7,0,1,0,0,0,0,0,4.7821E+20,5.55289E+21,8.69515E+15,5.01278E+16
141968,6.17053E+18,6,4,11,0,2017,5,15,6,3,2,6,0,1,0,1,0,0,0,4.74859E+20,5.52636E+21,8.65E+15,4.98891E+16
141969,6.17053E+18,6,4,32,23,2017,5,13,6,3,2,6,0,1,0,0,0,0,0,4.7225E+20,5.52704E+21,8.61363E+15,4.98951E+16
141970,6.17053E+18,6,6,32,1,2017,5,19,6,3,8,7,0,1,0,0,0,0,0,5.48948E+20,5.65329E+21,9.698E+15,5.10291E+16
141971,6.17053E+18,6,4,38,10,2017,5,19,6,3,5,2,0,1,0,1,0,0,0,4.88622E+20,5.54599E+21,8.84101E+15,5.0066E+16
141972,6.17053E+18,6,4,34,11,2017,5,12,6,3,6,2,0,1,1,0,0,0,0,4.66851E+20,5.57588E+21,8.53422E+15,5.03341E+16
141973,6.17053E+18,6,4,34,10,2017,5,5,6,3,5,3,1,0,0,0,0,0,0,4.70371E+20,5.55661E+21,8.58519E+15,5.0161E+16
141974,6.17053E+18,6,4,34,8,2017,5,12,6,3,2,6,0,1,0,0,0,0,0,4.6988E+20,5.56167E+21,8.57792E+15,5.02064E+16
141975,6.17053E+18,6,4,33,10,2017,5,11,6,3,6,2,0,0,1,0,1,0,0,4.59822E+20,5.53997E+21,8.43926E+15,5.00106E+16
141976,6.17053E+18,6,4,33,5,2017,5,10,6,2,6,7,0,1,1,0,1,0,0,4.51726E+20,5.53848E+21,8.32646E+15,4.99967E+16
141977,6.17053E+18,6,4,12,0,2017,5,23,6,1,6,7,0,0,1,0,1,2,0,4.80291E+20,5.55279E+21,8.72426E+15,5.01271E+16
141978,6.17053E+18,6,5,32,23,2017,5,9,6,3,5,3,0,1,0,0,0,0,0,4.63509E+20,5.5995E+21,8.48497E+15,5.05463E+16
141979,6.17053E+18,6,5,31,5,2017,5,19,6,3,5,3,1,1,0,0,0,0,0,4.77948E+20,5.60208E+21,8.68861E+15,5.05702E+16
141980,6.17053E+18,6,6,32,2,2017,5,17,5,2,6,1,0,0,1,0,1,0,0,5.51263E+20,5.63451E+21,9.72838E+15,5.086E+16
141981,6.17053E+18,6,4,13,0,2017,5,15,5,3,0,7,1,0,0,0,0,0,0,4.81357E+20,5.55106E+21,8.73927E+15,5.01115E+16
141982,6.17053E+18,6,4,12,0,2017,5,17,5,3,2,7,0,1,0,0,0,0,0,4.75218E+20,5.5476E+21,8.65363E+15,5.00802E+16
141983,6.17053E+18,6,4,12,0,2017,5,18,5,2,5,2,0,1,0,0,0,0,0,4.77333E+20,5.54967E+21,8.68306E+15,5.00988E+16
141984,6.17053E+18,6,4,12,0,2017,5,13,5,3,0,1,0,0,0,1,0,0,0,4.78559E+20,5.55213E+21,8.70008E+15,5.0121E+16
141985,6.17053E+18,6,4,12,0,2017,5,4,5,3,9,1,0,1,0,0,0,2,0,4.75251E+20,5.54949E+21,8.65397E+15,5.00972E+16
141986,6.17053E+18,6,4,12,0,2017,5,23,5,3,5,3,0,1,0,1,0,2,0,4.76813E+20,5.55064E+21,8.67574E+15,5.01076E+16
141987,6.17053E+18,6,4,38,11,2017,5,11,5,2,2,6,1,1,0,0,0,0,0,4.90496E+20,5.53898E+21,8.86738E+15,5.00031E+16
141988,6.17053E+18,6,4,34,6,2017,5,10,5,3,2,6,1,1,0,0,0,0,0,4.66086E+20,5.55933E+21,8.52495E+15,5.01852E+16
141989,6.17053E+18,6,4,32,14,2017,5,17,5,2,9,1,0,0,0,0,1,0,0,4.79221E+20,5.51677E+21,8.71124E+15,4.9803E+16
141990,6.17053E+18,6,4,31,13,2017,5,18,5,2,5,3,1,0,0,0,0,0,0,4.61427E+20,5.49406E+21,8.46622E+15,4.95979E+16
141991,6.17053E+18,6,4,31,13,2017,5,17,5,2,1,7,1,0,0,0,0,0,0,4.62599E+20,5.49462E+21,8.48238E+15,4.9603E+16
141992,6.17053E+18,6,4,31,20,2017,5,10,5,3,5,3,0,1,0,0,0,0,0,4.69365E+20,5.48839E+21,8.57651E+15,4.95474E+16
141993,6.17053E+18,6,4,33,11,2017,5,13,5,3,1,5,1,1,0,0,0,0,0,4.64781E+20,5.51797E+21,8.51047E+15,4.98131E+16
141994,6.17053E+18,6,5,31,12,2017,5,18,5,3,0,1,0,0,0,1,0,0,0,4.77296E+20,5.59699E+21,8.6797E+15,5.05244E+16
141995,6.17052E+18,6,4,35,21,2017,5,13,4,3,2,6,0,1,0,0,0,0,0,4.90552E+20,5.56434E+21,8.86753E+15,5.02312E+16
141996,6.17052E+18,6,6,35,15,2017,5,5,4,3,2,3,0,1,0,0,0,0,0,4.85249E+20,5.68253E+21,8.78843E+15,5.12939E+16
141997,6.17052E+18,6,5,35,19,2017,5,8,4,2,5,3,0,1,0,0,0,0,0,5.31768E+20,5.60842E+21,9.44914E+15,5.06268E+16
141998,6.17052E+18,6,6,11,0,2017,5,12,4,3,2,6,0,1,0,0,0,0,0,5.35107E+20,5.68627E+21,9.50386E+15,5.13266E+16
141999,6.17052E+18,6,4,14,0,2017,5,17,4,3,5,3,0,1,0,0,0,0,0,4.45811E+20,5.54329E+21,8.24326E+15,5.00394E+16
142000,6.17052E+18,6,4,14,0,2017,5,14,4,3,5,3,1,1,0,0,0,0,0,4.4467E+20,5.54382E+21,8.22725E+15,5.00441E+16
142001,6.17052E+18,6,4,14,0,2017,5,7,4,2,3,5,0,1,0,0,1,0,0,4.42545E+20,5.54412E+21,8.19752E+15,5.00466E+16
142002,6.17052E+18,6,4,14,0,2017,5,8,4,3,6,4,0,1,1,0,0,0,0,4.44888E+20,5.54688E+21,8.22985E+15,5.00716E+16
142003,6.17052E+18,6,4,12,0,2017,5,12,4,2,5,3,1,0,0,0,1,0,0,4.75967E+20,5.55926E+21,8.66337E+15,5.0185E+16
142004,6.17052E+18,6,4,12,0,2017,5,7,4,3,0,3,1,1,0,0,0,0,0,4.78475E+20,5.55203E+21,8.69891E+15,5.01201E+16
142005,6.17052E+18,6,4,12,0,2017,5,14,4,3,6,7,0,1,1,0,0,0,0,4.76364E+20,5.55078E+21,8.66945E+15,5.01088E+16
142006,6.17052E+18,6,4,11,0,2017,5,12,4,3,5,3,1,1,0,0,0,0,0,4.73285E+20,5.52591E+21,8.62812E+15,4.9885E+16
142007,6.17052E+18,6,4,11,0,2017,5,16,4,3,5,2,0,1,0,0,0,0,0,4.72566E+20,5.52433E+21,8.61822E+15,4.98708E+16
142008,6.17052E+18,6,4,11,0,2017,5,15,4,3,3,2,1,1,0,0,0,0,0,4.74535E+20,5.52406E+21,8.64564E+15,4.98684E+16
142009,6.17052E+18,6,6,33,28,2017,5,17,4,2,6,7,1,0,1,0,0,0,0,5.10939E+20,5.68637E+21,9.157E+15,5.13285E+16
142010,6.17052E+18,6,6,35,13,2017,5,7,4,3,6,7,0,1,1,0,0,0,0,4.98572E+20,5.6571E+21,8.97963E+15,5.10655E+16
142011,6.17052E+18,6,6,35,11,2017,5,13,4,3,2,6,0,1,0,0,0,0,0,4.85833E+20,5.65602E+21,8.79786E+15,5.10555E+16
142012,6.17052E+18,6,4,39,4,2017,5,12,4,3,0,7,0,0,0,0,1,0,0,4.26305E+20,5.53734E+21,7.97204E+15,4.99838E+16
142013,6.17052E+18,6,4,35,29,2017,5,9,4,3,5,3,0,1,0,0,0,0,0,5.22747E+20,5.56806E+21,9.31915E+15,5.02643E+16
142014,6.17052E+18,6,4,40,3,2017,5,14,4,2,6,7,1,0,1,0,0,0,0,4.81071E+20,5.55934E+21,8.73485E+15,5.0186E+16
142015,6.17052E+18,6,4,40,16,2017,5,17,4,3,0,1,1,0,0,0,0,0,0,5.01171E+20,5.58492E+21,9.01648E+15,5.04163E+16
142016,6.17052E+18,6,4,37,4,2017,5,8,4,3,3,6,0,1,0,1,0,0,0,5.03543E+20,5.51823E+21,9.04925E+15,4.98165E+16
142017,6.17052E+18,6,4,37,10,2017,5,14,4,3,5,3,1,1,0,0,0,0,0,5.04738E+20,5.51302E+21,9.0658E+15,4.97697E+16
142018,6.17052E+18,6,5,34,4,2017,5,17,4,3,0,2,0,1,1,0,0,0,0,4.67425E+20,5.63885E+21,8.53675E+15,5.09004E+16
142019,6.17052E+18,6,4,31,20,2017,5,7,4,3,5,3,1,1,0,0,0,0,0,4.6933E+20,5.48704E+21,8.57613E+15,4.95352E+16
142020,6.17052E+18,6,4,33,6,2017,5,12,4,3,1,7,0,1,0,1,0,0,0,4.62911E+20,5.53032E+21,8.48329E+15,4.99241E+16
142021,6.17052E+18,6,5,34,14,2017,5,13,4,3,2,6,0,1,0,0,0,0,0,4.83011E+20,5.62811E+21,8.75891E+15,5.08045E+16
142022,6.17052E+18,6,6,31,18,2017,5,17,4,3,5,3,0,1,0,0,0,0,0,5.43601E+20,5.58938E+21,9.6142E+15,5.04548E+16
142023,6.17052E+18,6,4,35,6,2017,5,14,3,3,6,4,0,1,1,0,0,0,0,4.94495E+20,5.55946E+21,8.92288E+15,5.01873E+16
142024,6.17052E+18,6,5,31,5,2017,5,8,3,3,5,3,1,1,0,0,0,0,0,4.77743E+20,5.60481E+21,8.68554E+15,5.05948E+16
142025,6.17052E+18,6,6,36,3,2017,5,14,3,3,0,7,1,1,0,0,0,0,0,5.73734E+20,5.67106E+21,1.0055E+16,5.11862E+16
142026,6.17052E+18,6,5,35,12,2017,5,15,3,2,5,3,0,1,0,0,1,0,0,5.18369E+20,5.60268E+21,9.25943E+15,5.05758E+16
142027,6.17052E+18,6,4,13,0,2017,5,17,3,2,6,4,0,1,1,0,0,0,0,4.82838E+20,5.54973E+21,8.76004E+15,5.00996E+16
142028,6.17052E+18,6,4,13,0,2017,5,7,3,3,6,4,0,1,1,0,0,0,0,4.82928E+20,5.54777E+21,8.76139E+15,5.0082E+16
142029,6.17052E+18,6,4,13,0,2017,5,13,3,3,5,2,0,1,0,0,0,0,0,4.83353E+20,5.54942E+21,8.76725E+15,5.00968E+16
142030,6.17052E+18,6,4,12,0,2017,5,14,3,3,6,7,0,0,1,0,1,0,0,4.75004E+20,5.54806E+21,8.65061E+15,5.00843E+16
142031,6.17052E+18,6,4,12,0,2017,5,8,3,3,5,3,1,1,0,0,0,0,0,4.75063E+20,5.5479E+21,8.65144E+15,5.00828E+16
142032,6.17052E+18,6,4,12,0,2017,5,12,3,3,3,2,1,0,0,0,0,0,0,4.77104E+20,5.55196E+21,8.67973E+15,5.01195E+16
142033,6.17052E+18,6,4,12,0,2017,5,17,3,3,6,2,0,1,1,0,0,0,0,4.76817E+20,5.55224E+21,8.67569E+15,5.01219E+16
142034,6.17052E+18,6,4,11,0,2017,5,8,3,3,5,3,1,1,0,0,0,0,0,4.74841E+20,5.52484E+21,8.64985E+15,4.98754E+16
142035,6.17052E+18,6,4,38,13,2017,5,6,3,3,1,5,1,1,0,0,0,0,0,4.97555E+20,5.54354E+21,8.96585E+15,5.00442E+16
142036,6.17052E+18,6,4,38,6,2017,5,12,3,3,6,7,0,1,1,0,0,0,0,4.76647E+20,5.53751E+21,8.67422E+15,4.99895E+16
142037,6.17052E+18,6,4,38,11,2017,5,9,3,3,5,3,0,1,0,0,0,0,0,4.92316E+20,5.53985E+21,8.89276E+15,5.00109E+16
142038,6.17052E+18,6,4,34,1,2017,5,4,3,1,5,3,0,1,0,0,1,2,0,4.75045E+20,5.56256E+21,8.65023E+15,5.02147E+16
142039,6.17052E+18,6,4,36,8,2017,5,13,3,2,1,5,1,1,0,0,0,0,0,4.61011E+20,5.55286E+21,8.45453E+15,5.01267E+16
142040,6.17052E+18,6,4,31,11,2017,5,17,3,3,2,6,0,1,0,0,0,0,0,4.72391E+20,5.49853E+21,8.61761E+15,4.96387E+16
142041,6.17052E+18,6,5,34,7,2017,5,16,3,3,5,3,0,1,0,0,0,0,0,4.67981E+20,5.63417E+21,8.54507E+15,5.08583E+16
142042,6.17052E+18,6,4,31,13,2017,5,6,3,3,0,1,1,0,0,0,0,0,0,4.62789E+20,5.49371E+21,8.48509E+15,4.95948E+16
142043,6.17052E+18,6,4,31,3,2017,5,20,3,3,8,1,1,0,0,0,0,0,0,4.6099E+20,5.50423E+21,8.45915E+15,4.96893E+16
142044,6.17052E+18,6,5,34,14,2017,5,16,3,3,5,3,0,1,0,0,0,0,0,4.82815E+20,5.62641E+21,8.7562E+15,5.07892E+16
142045,6.17052E+18,6,6,31,9,2017,5,17,3,3,2,6,0,1,0,0,0,0,0,5.48055E+20,5.60053E+21,9.67838E+15,5.05547E+16
142046,6.17052E+18,6,5,31,5,2017,5,16,3,3,2,6,0,1,0,0,1,0,0,4.75236E+20,5.60218E+21,8.6503E+15,5.0571E+16
142047,6.17052E+18,6,5,31,17,2017,5,18,2,3,5,3,0,1,0,0,0,0,0,4.80732E+20,5.61202E+21,8.72739E+15,5.06597E+16
142048,6.17052E+18,6,6,32,9,2017,5,7,2,2,5,3,0,1,0,0,0,0,0,5.71028E+20,5.63774E+21,1.00098E+16,5.08869E+16
142049,6.17052E+18,6,6,33,15,2017,5,16,2,2,6,4,0,1,1,0,0,0,0,5.42252E+20,5.68176E+21,9.60587E+15,5.12856E+16
142050,6.17052E+18,6,6,11,0,2017,5,15,2,3,5,3,0,1,0,0,1,0,0,5.37342E+20,5.68413E+21,9.53572E+15,5.13072E+16
142051,6.17052E+18,6,4,14,0,2017,5,7,2,3,1,2,0,1,0,0,1,0,0,4.43061E+20,5.54383E+21,8.20478E+15,5.0044E+16
142052,6.17052E+18,6,4,36,3,2017,5,12,2,3,3,2,1,1,0,0,0,0,0,4.69734E+20,5.55458E+21,8.57643E+15,5.01427E+16
142053,6.17052E+18,6,4,12,0,2017,5,16,2,3,2,6,0,1,0,0,0,0,0,4.81972E+20,5.55337E+21,8.74776E+15,5.01323E+16
142054,6.17052E+18,6,4,12,0,2017,5,13,2,3,2,6,0,1,0,0,0,0,0,4.75846E+20,5.55092E+21,8.6622E+15,5.011E+16
142055,6.17052E+18,6,4,12,0,2017,5,15,2,3,2,2,0,1,0,1,0,0,0,4.75357E+20,5.55202E+21,8.65529E+15,5.01199E+16
142056,6.17052E+18,6,4,37,1,2017,5,11,2,3,5,3,0,1,0,0,1,0,0,5.0039E+20,5.50982E+21,9.00542E+15,4.97409E+16
142057,6.17052E+18,6,4,11,0,2017,5,7,2,3,5,7,0,1,0,0,0,0,0,4.73557E+20,5.52391E+21,8.63204E+15,4.9867E+16
142058,6.17052E+18,6,4,11,0,2017,5,12,2,3,5,3,0,1,0,0,0,0,0,4.74998E+20,5.52545E+21,8.65199E+15,4.98809E+16
142059,6.1706E+18,6,4,38,9,2017,6,22,1,3,0,1,0,1,0,0,0,2,0,4.76384E+20,5.54478E+21,8.67011E+15,5.00548E+16
142060,6.17062E+18,6,4,12,0,2017,6,19,1,3,6,7,0,1,1,0,0,0,0,4.69381E+20,5.54468E+21,8.57229E+15,5.00536E+16
142061,6.17062E+18,6,5,35,7,2017,6,20,1,3,5,3,0,1,0,0,0,0,0,5.22294E+20,5.5911E+21,9.31416E+15,5.04715E+16
142062,6.17062E+18,6,4,14,0,2017,6,18,1,2,2,6,0,1,0,0,1,0,0,4.43265E+20,5.54837E+21,8.20696E+15,5.00849E+16
142063,6.17062E+18,6,4,14,0,2017,6,0,1,3,1,5,0,1,0,0,0,2,0,4.41902E+20,5.54676E+21,8.18815E+15,5.00703E+16
142064,6.17062E+18,6,4,13,0,2017,6,0,1,3,5,2,0,1,0,1,0,2,0,4.82993E+20,5.5492E+21,8.76223E+15,5.00948E+16
142065,6.17062E+18,6,4,12,0,2017,6,19,1,3,4,6,0,1,0,0,0,0,0,4.6854E+20,5.55061E+21,8.56005E+15,5.01069E+16
142066,6.17062E+18,6,4,12,0,2017,6,10,1,3,1,5,1,1,0,0,0,0,0,4.76462E+20,5.5507E+21,8.67082E+15,5.01081E+16
142067,6.17062E+18,6,4,35,28,2017,6,21,1,2,8,1,0,0,0,1,0,1,0,5.32432E+20,5.57313E+21,9.45546E+15,5.03094E+16
142068,6.17062E+18,6,4,38,9,2017,6,17,1,3,5,3,0,1,0,0,0,0,0,4.77711E+20,5.54459E+21,8.68865E+15,5.00532E+16
142069,6.17062E+18,6,4,35,26,2017,6,0,1,3,0,3,0,1,0,1,0,2,0,4.90034E+20,5.56141E+21,8.86034E+15,5.02048E+16
142070,6.17062E+18,6,4,36,7,2017,6,15,1,3,6,4,0,1,1,0,0,0,0,4.59753E+20,5.54888E+21,8.43735E+15,5.00909E+16
142071,6.17062E+18,6,4,31,4,2017,6,16,1,3,0,7,1,0,0,0,0,0,0,4.78858E+20,5.48994E+21,8.70765E+15,4.95617E+16
142072,6.17062E+18,6,4,31,20,2017,6,19,1,3,0,1,1,1,0,0,0,0,0,4.70861E+20,5.48898E+21,8.59713E+15,4.95528E+16
142073,6.17062E+18,6,4,33,8,2017,6,9,1,3,5,3,0,1,0,0,0,0,0,4.70036E+20,5.53859E+21,8.58191E+15,4.99988E+16
142074,6.17062E+18,6,5,31,5,2017,6,17,1,3,5,3,1,1,0,0,0,0,0,4.78694E+20,5.60322E+21,8.69907E+15,5.05805E+16
142075,6.17062E+18,6,6,33,26,2017,6,11,7,3,5,3,0,1,0,0,0,0,0,5.3329E+20,5.68928E+21,9.47807E+15,5.13538E+16
142076,6.17062E+18,6,6,11,0,2017,6,14,7,2,6,7,0,0,1,0,1,0,0,5.3271E+20,5.68417E+21,9.46927E+15,5.13079E+16
142077,6.17062E+18,6,4,14,0,2017,6,12,7,2,5,3,1,1,0,0,0,0,0,4.48965E+20,5.54785E+21,8.28669E+15,5.00807E+16
142078,6.17062E+18,6,4,12,0,2017,6,12,7,3,6,6,0,1,1,0,0,0,0,4.77632E+20,5.5517E+21,8.68713E+15,5.01171E+16
142079,6.17062E+18,6,4,11,0,2017,6,11,7,3,1,7,0,1,0,0,1,0,0,4.73293E+20,5.5259E+21,8.62823E+15,4.98849E+16
142080,6.17062E+18,6,6,35,2,2017,6,19,7,2,5,3,0,1,0,0,0,0,1,5.0106E+20,5.69231E+21,9.01524E+15,5.13821E+16
142081,6.17062E+18,6,6,35,11,2017,6,19,7,2,5,3,0,1,0,1,0,0,0,4.8645E+20,5.65609E+21,8.80666E+15,5.10562E+16
142082,6.17062E+18,6,4,38,8,2017,6,9,7,2,5,3,1,1,0,0,0,0,0,4.88212E+20,5.55226E+21,8.8351E+15,5.01224E+16
142083,6.17062E+18,6,4,38,11,2017,6,22,7,3,4,6,1,0,0,0,0,2,0,4.91613E+20,5.54334E+21,8.88288E+15,5.00423E+16
142084,6.17062E+18,6,4,34,1,2017,6,6,7,3,5,2,0,1,0,0,0,0,0,4.71916E+20,5.56426E+21,8.60625E+15,5.02298E+16
142085,6.17062E+18,6,4,31,11,2017,6,15,7,2,8,1,1,0,0,0,0,0,0,4.72496E+20,5.49808E+21,8.61911E+15,4.96346E+16
142086,6.17062E+18,6,4,32,8,2017,6,15,7,3,5,3,1,1,0,0,0,0,0,4.69369E+20,5.5227E+21,8.57386E+15,4.9856E+16
142087,6.17062E+18,6,4,40,2,2017,6,19,7,3,0,7,1,0,0,0,1,0,0,4.82399E+20,5.5789E+21,8.75254E+15,5.03619E+16
142088,6.17062E+18,6,5,34,15,2017,6,3,7,2,1,7,0,1,1,0,0,2,0,4.77058E+20,5.64291E+21,8.67348E+15,5.09374E+16
142089,6.17062E+18,6,5,32,21,2017,6,15,7,1,4,1,0,1,0,1,0,0,0,4.5954E+20,5.60169E+21,8.42871E+15,5.05658E+16
142090,6.17062E+18,6,6,34,9,2017,6,11,6,2,5,3,0,1,0,1,0,0,0,5.28578E+20,5.65371E+21,9.40757E+15,5.10342E+16
142091,6.17062E+18,6,6,34,9,2017,6,10,6,2,0,1,1,0,0,0,0,0,0,5.2572E+20,5.64942E+21,9.36651E+15,5.09958E+16
142092,6.17062E+18,6,6,32,9,2017,6,20,6,3,5,3,0,1,0,0,0,0,0,5.71028E+20,5.63774E+21,1.00098E+16,5.0887E+16
142093,6.17062E+18,6,6,32,15,2017,6,0,6,3,5,3,0,1,0,0,1,2,0,5.42411E+20,5.62824E+21,9.60188E+15,5.08043E+16
142094,6.17062E+18,6,6,32,2,2017,6,9,6,2,0,7,0,1,0,0,0,0,0,5.49734E+20,5.63584E+21,9.70683E+15,5.08721E+16
142095,6.17062E+18,6,5,35,15,2017,6,9,6,3,6,4,0,1,1,0,0,0,0,5.39887E+20,5.6145E+21,9.56458E+15,5.0681E+16
142096,6.17062E+18,6,4,14,0,2017,6,13,6,3,2,6,0,0,0,0,1,0,0,4.45062E+20,5.54726E+21,8.23222E+15,5.00751E+16
142097,6.17062E+18,6,4,12,0,2017,6,16,6,3,2,6,0,1,0,0,0,0,0,4.76477E+20,5.55149E+21,8.67098E+15,5.01151E+16
142098,6.17062E+18,6,4,12,0,2017,6,16,6,2,5,3,0,1,0,1,0,0,0,4.77043E+20,5.54953E+21,8.67902E+15,5.00976E+16
142099,6.17062E+18,6,4,37,13,2017,6,22,6,2,9,1,0,0,0,1,0,2,0,4.89854E+20,5.50711E+21,8.85926E+15,4.97165E+16
142100,6.17062E+18,6,4,39,3,2017,6,18,6,3,5,7,1,1,0,0,0,0,0,4.36453E+20,5.54177E+21,8.11285E+15,5.00248E+16
142101,6.17062E+18,6,4,38,6,2017,6,10,6,3,0,7,1,1,0,0,0,0,0,4.76002E+20,5.53765E+21,8.66521E+15,4.99907E+16
142102,6.17062E+18,6,4,34,1,2017,6,10,6,3,2,6,0,1,0,0,0,0,0,4.74852E+20,5.56449E+21,8.64739E+15,5.02321E+16
142103,6.17062E+18,6,4,36,4,2017,6,6,6,3,5,3,1,0,0,0,0,1,0,4.5902E+20,5.54045E+21,8.42802E+15,5.00149E+16
142104,6.17062E+18,6,4,31,16,2017,6,17,6,3,3,2,1,1,0,0,0,0,0,4.68718E+20,5.50031E+21,8.56661E+15,4.96545E+16
142105,6.17062E+18,6,4,40,3,2017,6,12,6,2,1,7,1,1,0,0,0,0,0,4.81089E+20,5.55839E+21,8.73516E+15,5.01774E+16
142106,6.17062E+18,6,4,32,4,2017,6,17,6,3,5,2,1,1,0,0,0,0,0,4.89821E+20,5.52797E+21,8.85825E+15,4.9904E+16
142107,6.17062E+18,6,4,33,6,2017,6,17,6,3,5,3,1,1,0,0,0,0,0,4.63003E+20,5.52974E+21,8.48463E+15,4.99189E+16
142108,6.17062E+18,6,5,33,9,2017,6,16,5,2,4,6,0,1,0,1,0,0,0,4.33648E+20,5.58274E+21,8.06653E+15,5.0393E+16
142109,6.17062E+18,6,4,14,0,2017,6,3,5,3,8,6,0,1,0,0,0,2,0,4.48197E+20,5.54155E+21,8.27681E+15,5.0024E+16
142110,6.17062E+18,6,4,36,1,2017,6,12,5,3,5,3,1,1,0,0,0,0,0,4.6468E+20,5.55398E+21,8.50575E+15,5.0137E+16
142111,6.17062E+18,6,4,12,0,2017,6,7,5,3,1,5,0,1,0,1,0,0,0,4.6752E+20,5.55146E+21,8.54572E+15,5.01145E+16
142112,6.17062E+18,6,4,12,0,2017,6,13,5,3,5,3,0,1,0,0,1,0,0,4.76493E+20,5.54844E+21,8.67139E+15,5.00877E+16