OBJECTID,UIDENTSTLA,ULAND,UREGBEZ,UKREIS,UGEMEINDE,UJAHR,UMONAT,USTUNDE,UWOCHENTAG,UKATEGORIE,UART,UTYP1,IstRad,IstPKW,IstFuss,IstKrad,IstSonstig,LICHT,STRZUSTAND,LINREFX,LINREFY,XGCSWGS84,YGCSWGS84
142113,6.17062E+18,6,4,12,0,2017,6,10,5,3,2,6,0,1,0,0,0,0,0,4.83131E+20,5.55375E+21,8.76395E+15,5.01358E+16
142114,6.17062E+18,6,4,12,0,2017,6,19,5,3,5,3,1,0,0,1,0,0,1,4.77158E+20,5.55226E+21,8.68047E+15,5.01221E+16
142115,6.17062E+18,6,4,37,1,2017,6,18,5,2,8,6,1,0,0,0,1,0,0,5.00031E+20,5.50915E+21,9.00042E+15,4.97348E+16
142116,6.17062E+18,6,4,39,13,2017,6,13,5,3,6,7,0,1,1,0,0,0,0,4.23121E+20,5.53721E+21,7.92766E+15,4.99823E+16
142117,6.17062E+18,6,5,34,4,2017,6,18,5,3,1,5,0,1,0,0,0,0,0,4.65427E+20,5.64096E+21,8.50815E+15,5.09192E+16
142118,6.17062E+18,6,4,31,10,2017,6,17,5,3,1,5,0,1,0,0,0,0,0,4.61929E+20,5.50727E+21,8.47188E+15,4.97168E+16
142119,6.17062E+18,6,4,33,10,2017,6,19,5,2,9,1,0,0,0,1,0,0,0,4.60832E+20,5.53959E+21,8.45339E+15,5.00073E+16
142120,6.17062E+18,6,4,33,8,2017,6,14,5,3,5,7,0,1,0,1,0,0,0,4.71241E+20,5.53998E+21,8.59862E+15,5.00114E+16
142121,6.17062E+18,6,5,32,21,2017,6,11,5,3,5,3,0,1,0,1,0,0,0,4.6084E+20,5.60111E+21,8.44712E+15,5.05606E+16
142122,6.17061E+18,6,4,12,0,2017,6,14,4,2,5,3,0,1,0,0,0,0,0,4.68161E+20,5.54142E+21,8.55552E+15,5.00242E+16
142123,6.17061E+18,6,5,31,18,2017,6,9,4,3,0,7,1,1,0,0,0,0,0,4.75497E+20,5.60795E+21,8.65361E+15,5.06229E+16
142124,6.17061E+18,6,6,32,2,2017,6,9,4,3,0,7,1,1,0,0,0,0,0,5.48641E+20,5.63565E+21,9.69128E+15,5.08705E+16
142125,6.17061E+18,6,6,33,20,2017,6,10,4,2,0,5,0,1,0,0,0,0,0,5.38114E+20,5.68567E+21,9.54695E+15,5.13211E+16
142126,6.17061E+18,6,4,14,0,2017,6,12,4,3,1,7,1,1,0,0,0,0,0,4.45941E+20,5.5484E+21,8.24435E+15,5.00854E+16
142127,6.17061E+18,6,4,14,0,2017,6,7,4,3,5,2,1,1,0,0,0,0,0,4.45953E+20,5.54822E+21,8.24455E+15,5.00838E+16
142128,6.17061E+18,6,4,13,0,2017,6,18,4,3,6,4,0,1,1,0,0,0,0,4.82974E+20,5.55047E+21,8.76191E+15,5.01062E+16
142129,6.17061E+18,6,4,13,0,2017,6,21,4,3,6,7,0,0,1,0,1,2,0,4.83163E+20,5.55034E+21,8.76456E+15,5.01051E+16
142130,6.17061E+18,6,4,12,0,2017,6,19,4,3,6,7,0,1,1,0,0,0,0,4.69767E+20,5.54957E+21,8.57728E+15,5.00976E+16
142131,6.17061E+18,6,4,12,0,2017,6,17,4,2,6,7,1,0,1,0,0,0,0,4.78168E+20,5.55615E+21,8.69437E+15,5.01572E+16
142132,6.17061E+18,6,4,12,0,2017,6,18,4,3,3,2,1,1,0,0,0,0,0,4.73466E+20,5.55224E+21,8.62882E+15,5.01218E+16
142133,6.17061E+18,6,4,12,0,2017,6,19,4,3,6,4,0,1,1,0,0,0,0,4.82784E+20,5.55316E+21,8.75912E+15,5.01305E+16
142134,6.17061E+18,6,4,12,0,2017,6,19,4,3,5,2,1,1,0,0,0,0,0,4.76199E+20,5.55192E+21,8.66707E+15,5.0119E+16
142135,6.17061E+18,6,4,12,0,2017,6,15,4,3,0,7,0,1,0,0,1,0,0,4.78141E+20,5.55289E+21,8.69418E+15,5.01278E+16
142136,6.17061E+18,6,4,12,0,2017,6,11,4,3,6,4,1,0,1,0,0,0,0,4.76748E+20,5.55096E+21,8.67481E+15,5.01104E+16
142137,6.17061E+18,6,4,37,11,2017,6,21,4,3,5,2,1,1,0,0,0,0,0,5.00334E+20,5.50248E+21,9.00463E+15,4.96748E+16
142138,6.17061E+18,6,6,11,0,2017,6,14,4,3,5,3,1,1,0,0,0,0,0,5.29409E+20,5.68469E+21,9.42196E+15,5.13127E+16
142139,6.17061E+18,6,4,39,8,2017,6,12,4,3,0,1,0,0,0,1,0,0,0,4.47838E+20,5.56363E+21,8.26878E+15,5.02226E+16
142140,6.17061E+18,6,4,38,13,2017,6,20,4,3,5,3,0,1,0,0,0,0,0,4.98084E+20,5.54331E+21,8.97325E+15,5.00421E+16
142141,6.17061E+18,6,4,38,6,2017,6,2,4,3,8,1,0,1,0,0,0,2,0,4.7696E+20,5.53811E+21,8.67855E+15,4.99948E+16
142142,6.17061E+18,6,4,34,1,2017,6,14,4,3,5,2,0,1,0,0,0,0,0,4.72232E+20,5.56459E+21,8.61066E+15,5.02328E+16
142143,6.17061E+18,6,4,37,3,2017,6,13,4,3,1,5,0,1,0,0,1,0,0,4.91327E+20,5.5139E+21,8.87954E+15,4.97775E+16
142144,6.17061E+18,6,4,38,1,2017,6,12,4,3,5,3,1,1,0,0,0,0,0,4.84585E+20,5.54115E+21,8.78481E+15,5.00225E+16
142145,6.17061E+18,6,4,38,12,2017,6,9,4,3,5,3,0,1,0,1,0,0,0,4.86515E+20,5.53923E+21,8.81182E+15,5.00052E+16
142146,6.17061E+18,6,4,32,4,2017,6,8,4,3,5,3,0,1,0,0,0,0,0,4.89309E+20,5.52765E+21,8.85112E+15,4.99011E+16
142147,6.17061E+18,6,4,40,2,2017,6,17,4,3,2,1,0,1,0,0,0,0,0,4.81169E+20,5.5784E+21,8.73528E+15,5.03574E+16
142148,6.17061E+18,6,4,40,8,2017,6,11,4,3,0,5,0,0,0,0,1,0,0,4.8224E+20,5.57391E+21,8.75055E+15,5.0317E+16
142149,6.17061E+18,6,4,31,13,2017,6,8,4,3,5,3,1,1,0,0,0,0,0,4.6091E+20,5.49407E+21,8.45906E+15,4.95979E+16
142150,6.17061E+18,6,4,31,2,2017,6,20,4,3,8,1,0,1,0,0,0,0,0,4.74672E+20,5.50481E+21,8.6488E+15,4.96953E+16
142151,6.17061E+18,6,4,33,10,2017,6,17,4,3,5,3,0,1,0,1,0,0,0,4.60874E+20,5.54039E+21,8.4539E+15,5.00145E+16
142152,6.17061E+18,6,4,33,8,2017,6,18,4,1,5,3,1,1,0,0,0,0,0,4.69009E+20,5.53952E+21,8.5675E+15,5.00072E+16
142153,6.17061E+18,6,5,32,23,2017,6,12,4,2,2,7,0,1,0,1,0,0,0,4.64775E+20,5.60093E+21,8.50269E+15,5.05592E+16
142154,6.17061E+18,6,5,32,23,2017,6,15,4,3,8,7,0,0,0,1,0,0,0,4.63098E+20,5.59954E+21,8.47917E+15,5.05466E+16
142155,6.17061E+18,6,6,33,15,2017,6,12,3,2,6,4,0,1,1,0,0,0,0,5.44119E+20,5.68153E+21,9.63261E+15,5.12834E+16
142156,6.17061E+18,6,6,11,0,2017,6,16,3,2,1,1,0,1,0,1,0,0,0,5.38092E+20,5.6846E+21,9.54652E+15,5.13114E+16
142157,6.17061E+18,6,6,11,0,2017,6,7,3,3,6,4,1,1,1,0,0,0,0,5.34859E+20,5.68677E+21,9.50035E+15,5.13312E+16
142158,6.17061E+18,6,4,14,0,2017,6,19,3,3,0,7,0,1,0,1,0,0,0,4.48574E+20,5.54797E+21,8.2812E+15,5.00818E+16
142159,6.17061E+18,6,4,13,0,2017,6,8,3,3,2,6,0,1,0,0,0,0,0,4.80868E+20,5.54637E+21,8.73266E+15,5.00693E+16
142160,6.17061E+18,6,4,13,0,2017,6,16,3,3,0,3,1,1,0,0,0,0,0,4.84751E+20,5.55072E+21,8.78674E+15,5.01086E+16
142161,6.17061E+18,6,4,36,3,2017,6,16,3,2,5,3,1,1,0,0,0,0,0,4.67993E+20,5.55566E+21,8.55197E+15,5.01523E+16
142162,6.17061E+18,6,4,12,0,2017,6,13,3,3,3,6,0,1,0,0,1,0,0,4.72558E+20,5.55142E+21,8.61617E+15,5.01144E+16
142163,6.17061E+18,6,4,12,0,2017,6,17,3,3,2,7,0,0,0,1,1,0,0,4.75147E+20,5.55273E+21,8.65231E+15,5.01263E+16
142164,6.17061E+18,6,4,12,0,2017,6,14,3,3,3,6,0,1,0,0,1,0,0,4.78218E+20,5.55033E+21,8.69541E+15,5.01048E+16
142165,6.17061E+18,6,4,12,0,2017,6,8,3,3,1,5,1,0,0,0,0,0,0,4.76277E+20,5.55186E+21,8.66816E+15,5.01185E+16
142166,6.17061E+18,6,4,12,0,2017,6,13,3,3,5,2,1,1,0,0,0,0,0,4.7799E+20,5.55285E+21,8.69207E+15,5.01275E+16
142167,6.17061E+18,6,4,12,0,2017,6,15,3,3,2,6,0,1,0,0,0,0,0,4.77114E+20,5.55169E+21,8.67988E+15,5.0117E+16
142168,6.17061E+18,6,4,11,0,2017,6,13,3,3,5,2,0,1,0,0,0,0,0,4.72519E+20,5.5249E+21,8.61753E+15,4.98759E+16
142169,6.17061E+18,6,6,11,0,2017,6,14,3,3,3,6,1,0,0,0,0,0,0,5.31358E+20,5.68073E+21,9.44957E+15,5.1277E+16
142170,6.17061E+18,6,4,34,7,2017,6,10,3,2,8,7,0,1,0,0,0,0,0,4.66917E+20,5.57208E+21,8.53548E+15,5.02999E+16
142171,6.17061E+18,6,4,34,1,2017,6,9,3,3,6,4,0,1,1,0,0,0,0,4.72471E+20,5.56434E+21,8.61403E+15,5.02306E+16
142172,6.17061E+18,6,4,31,11,2017,6,9,3,3,5,7,0,1,0,0,0,0,0,4.72574E+20,5.49819E+21,8.62018E+15,4.96357E+16
142173,6.17061E+18,6,4,31,11,2017,6,9,3,3,4,6,1,1,0,0,0,0,0,4.74847E+20,5.49976E+21,8.65155E+15,4.96498E+16
142174,6.17061E+18,6,4,35,10,2017,6,14,3,2,4,6,1,1,0,0,0,0,0,5.13315E+20,5.56073E+21,9.18656E+15,5.01987E+16
142175,6.17061E+18,6,4,32,20,2017,6,19,3,3,5,3,1,1,0,0,0,0,0,4.82434E+20,5.52305E+21,8.75561E+15,4.98596E+16
142176,6.17061E+18,6,4,31,20,2017,6,12,3,3,3,6,0,1,0,0,1,0,0,4.69065E+20,5.48621E+21,8.57253E+15,4.95277E+16
142177,6.17061E+18,6,4,31,2,2017,6,13,3,3,5,3,1,1,0,0,0,0,0,4.71612E+20,5.50604E+21,8.60628E+15,4.97062E+16
142178,6.17061E+18,6,4,31,2,2017,6,7,3,3,2,6,0,1,0,0,1,0,0,4.71453E+20,5.50269E+21,8.60433E+15,4.9676E+16
142179,6.17061E+18,6,5,35,1,2017,6,7,3,2,5,3,0,1,0,0,0,0,0,5.19235E+20,5.62247E+21,9.27268E+15,5.07537E+16
142180,6.17061E+18,6,5,35,1,2017,6,7,3,3,5,3,1,1,0,0,0,0,0,5.1895E+20,5.62199E+21,9.26861E+15,5.07494E+16
142181,6.17061E+18,6,4,33,10,2017,6,15,3,3,1,7,1,1,0,0,0,0,0,4.59535E+20,5.53973E+21,8.43528E+15,5.00085E+16
142182,6.17061E+18,6,6,31,11,2017,6,17,3,3,5,7,1,0,0,0,1,0,0,5.4133E+20,5.60273E+21,9.58368E+15,5.0575E+16
142183,6.17061E+18,6,4,12,0,2017,6,10,3,3,5,7,0,1,0,0,0,0,0,4.82426E+20,5.55544E+21,8.75401E+15,5.01509E+16
142184,6.17061E+18,6,4,12,0,2017,6,17,2,2,6,4,0,1,1,0,0,0,0,4.70326E+20,5.54449E+21,8.58551E+15,5.00519E+16
142185,6.17061E+18,6,5,31,5,2017,6,18,2,3,5,3,1,1,0,0,0,0,0,4.76184E+20,5.60417E+21,8.66356E+15,5.0589E+16
142186,6.17061E+18,6,6,36,1,2017,6,22,2,3,1,5,0,1,0,0,0,2,0,5.68508E+20,5.68026E+21,9.98203E+15,5.12695E+16
142187,6.17061E+18,6,5,33,4,2017,6,19,2,3,5,3,1,1,0,0,0,0,0,4.30617E+20,5.5951E+21,8.0216E+15,5.05038E+16
142188,6.17061E+18,6,6,33,8,2017,6,9,2,2,5,3,1,1,0,0,0,0,0,5.34876E+20,5.68007E+21,9.49994E+15,5.12709E+16
142189,6.17061E+18,6,6,33,17,2017,6,17,2,3,5,3,1,1,0,0,0,0,0,5.37518E+20,5.68097E+21,9.53791E+15,5.12789E+16
142190,6.17061E+18,6,4,14,0,2017,6,19,2,3,6,4,0,1,1,0,0,0,0,4.49391E+20,5.53963E+21,8.29373E+15,5.00068E+16
142191,6.17061E+18,6,4,14,0,2017,6,14,2,3,5,2,0,1,0,0,0,0,0,4.48022E+20,5.54593E+21,8.27377E+15,5.00634E+16
142192,6.17061E+18,6,4,14,0,2017,6,12,2,2,3,2,0,1,0,0,1,0,0,4.45332E+20,5.5479E+21,8.23591E+15,5.00808E+16
142193,6.17061E+18,6,4,13,0,2017,6,22,2,3,5,3,1,0,0,0,0,2,0,4.83469E+20,5.5489E+21,8.76889E+15,5.00921E+16
142194,6.17061E+18,6,4,12,0,2017,6,13,2,3,2,6,0,1,0,0,0,0,0,4.68957E+20,5.55252E+21,8.56572E+15,5.01241E+16
142195,6.17061E+18,6,4,12,0,2017,6,11,2,3,5,3,0,1,0,1,0,0,0,4.75271E+20,5.55202E+21,8.65408E+15,5.01199E+16
142196,6.17061E+18,6,4,12,0,2017,6,21,2,3,2,6,0,0,0,1,0,1,0,4.75646E+20,5.55481E+21,8.65915E+15,5.0145E+16
142197,6.17061E+18,6,4,12,0,2017,6,19,2,3,0,7,0,0,0,0,1,0,0,4.7185E+20,5.55285E+21,8.60617E+15,5.01272E+16
142198,6.17061E+18,6,4,12,0,2017,6,15,2,3,1,5,1,1,0,0,0,0,0,4.76738E+20,5.55266E+21,8.67456E+15,5.01257E+16
142199,6.17061E+18,6,4,11,0,2017,6,20,2,3,0,3,1,0,0,0,1,0,0,4.75223E+20,5.52761E+21,8.65499E+15,4.99003E+16
142200,6.17061E+18,6,6,36,16,2017,6,12,2,3,1,6,0,1,0,0,1,0,0,5.60014E+20,5.6891E+21,9.86178E+15,5.135E+16
142201,6.17061E+18,6,6,33,13,2017,6,7,2,3,5,3,1,1,0,0,0,0,0,5.26701E+20,5.70495E+21,9.38463E+15,5.1495E+16
142202,6.17061E+18,6,4,35,25,2017,6,23,2,2,5,3,0,1,0,1,0,2,0,5.37278E+20,5.58169E+21,9.52437E+15,5.0386E+16
142203,6.17061E+18,6,4,38,4,2017,6,5,2,3,5,3,0,1,0,0,0,0,0,4.95679E+20,5.54786E+21,8.93961E+15,5.0083E+16
142204,6.17061E+18,6,4,38,11,2017,6,0,2,2,4,6,1,1,0,0,0,2,0,4.92162E+20,5.53922E+21,8.89063E+15,5.00053E+16
142205,6.17061E+18,6,4,34,1,2017,6,6,2,2,3,6,1,1,0,0,0,0,0,4.71491E+20,5.56461E+21,8.60027E+15,5.02329E+16
142206,6.17061E+18,6,4,34,2,2017,6,6,2,3,5,3,0,1,0,0,0,0,0,4.73902E+20,5.56694E+21,8.63391E+15,5.0254E+16
142207,6.17061E+18,6,4,34,1,2017,6,10,2,3,5,3,0,1,0,0,1,0,0,4.72594E+20,5.56463E+21,8.61572E+15,5.02332E+16
142208,6.17061E+18,6,4,32,4,2017,6,0,2,3,8,1,0,1,0,0,0,2,0,4.88047E+20,5.52643E+21,8.8336E+15,4.98901E+16
142209,6.17061E+18,6,4,31,20,2017,6,17,2,3,1,7,0,1,0,0,0,0,0,4.68694E+20,5.48759E+21,8.56729E+15,4.95401E+16
142210,6.17061E+18,6,4,31,13,2017,6,20,2,3,5,3,0,1,0,1,0,0,0,4.61278E+20,5.49459E+21,8.4641E+15,4.96026E+16
142211,6.17061E+18,6,5,35,1,2017,6,20,2,3,5,3,0,1,0,1,0,0,0,5.18116E+20,5.62404E+21,9.2569E+15,5.07678E+16
142212,6.17061E+18,6,4,33,6,2017,6,16,2,2,5,3,0,0,0,1,1,0,0,4.62828E+20,5.53018E+21,8.48215E+15,4.99229E+16
142213,6.17061E+18,6,4,14,0,2017,6,9,1,2,5,2,1,0,0,0,1,0,0,4.45798E+20,5.54755E+21,8.24248E+15,5.00778E+16
142214,6.17061E+18,6,4,12,0,2017,6,18,1,3,5,3,1,1,0,0,0,0,0,4.72357E+20,5.55364E+21,8.61321E+15,5.01343E+16
142215,6.17061E+18,6,4,12,0,2017,6,10,1,3,1,7,0,1,0,0,0,0,0,4.78037E+20,5.55286E+21,8.69272E+15,5.01276E+16
142216,6.17061E+18,6,4,12,0,2017,6,10,1,3,0,6,0,1,0,1,0,0,0,4.77896E+20,5.55224E+21,8.69079E+15,5.01219E+16
142217,6.17061E+18,6,4,37,13,2017,6,15,1,2,9,1,0,1,0,0,0,0,0,4.94319E+20,5.50649E+21,8.9212E+15,4.97109E+16
142218,6.17061E+18,6,6,35,2,2017,6,17,1,2,5,3,0,1,0,1,0,0,0,5.01108E+20,5.69222E+21,9.01592E+15,5.13812E+16
142219,6.17061E+18,6,4,38,8,2017,6,12,1,3,5,7,1,1,0,0,0,0,0,4.8754E+20,5.55212E+21,8.8257E+15,5.01212E+16
142220,6.17061E+18,6,4,38,11,2017,6,9,1,3,0,7,0,1,0,0,0,0,0,4.90179E+20,5.5379E+21,8.86298E+15,4.99933E+16
142221,6.17061E+18,6,4,34,6,2017,6,16,1,3,0,6,1,0,0,0,1,0,0,4.65435E+20,5.56003E+21,8.51577E+15,5.01914E+16
142222,6.17061E+18,6,4,36,4,2017,6,10,1,3,0,1,1,0,0,0,0,0,0,4.58472E+20,5.54003E+21,8.4204E+15,5.00112E+16
142223,6.17061E+18,6,4,40,3,2017,6,15,1,3,5,3,1,1,0,0,0,0,0,4.81875E+20,5.55877E+21,8.74613E+15,5.01808E+16
142224,6.17061E+18,6,4,33,6,2017,6,2,1,3,1,5,1,1,0,0,0,2,0,4.62932E+20,5.52991E+21,8.48363E+15,4.99204E+16
142225,6.17061E+18,6,6,11,0,2017,6,23,7,2,1,5,1,1,0,0,0,2,0,5.35089E+20,5.68592E+21,9.50357E+15,5.13235E+16
142226,6.17061E+18,6,4,38,2,2017,6,13,7,3,4,6,0,1,0,1,0,0,0,4.77966E+20,5.54038E+21,8.69245E+15,5.00153E+16
142227,6.17061E+18,6,4,38,6,2017,6,18,7,3,5,3,0,1,0,0,1,0,0,4.75839E+20,5.53807E+21,8.66292E+15,4.99944E+16
142228,6.17061E+18,6,4,38,3,2017,6,22,7,3,5,3,0,1,0,0,0,2,0,4.75229E+20,5.53477E+21,8.65461E+15,4.99647E+16
142229,6.17061E+18,6,4,34,1,2017,6,18,7,3,5,2,0,1,0,0,0,0,0,4.71911E+20,5.56426E+21,8.60618E+15,5.02298E+16
142230,6.17061E+18,6,5,33,15,2017,6,21,7,3,2,6,1,0,0,0,1,1,0,4.42924E+20,5.583E+21,8.19697E+15,5.03963E+16
142231,6.17061E+18,6,4,36,5,2017,6,6,7,3,8,1,0,1,0,0,0,0,0,4.64014E+20,5.54498E+21,8.49729E+15,5.0056E+16
142232,6.17061E+18,6,4,40,9,2017,6,16,7,3,5,3,0,1,0,0,0,0,0,5.14297E+20,5.58546E+21,9.20126E+15,5.0421E+16
142233,6.17061E+18,6,5,32,6,2017,6,14,7,3,5,3,1,1,0,0,0,0,0,4.50416E+20,5.62469E+21,8.29681E+15,5.07718E+16
142234,6.17061E+18,6,4,32,8,2017,6,17,7,3,5,3,0,1,0,1,0,0,0,4.69788E+20,5.52337E+21,8.57964E+15,4.9862E+16
142235,6.17061E+18,6,4,33,12,2017,6,1,7,3,0,1,1,0,0,0,0,2,0,4.57887E+20,5.53776E+21,8.4125E+15,4.99907E+16
142236,6.17061E+18,6,4,33,10,2017,6,12,7,3,1,5,1,1,0,0,0,0,0,4.60569E+20,5.54007E+21,8.44967E+15,5.00116E+16
142237,6.17061E+18,6,5,34,14,2017,6,1,7,3,5,3,0,1,0,0,0,2,0,4.83415E+20,5.6277E+21,8.76465E+15,5.08008E+16
142238,6.17061E+18,6,5,34,20,2017,6,15,7,3,0,7,1,0,0,0,0,0,0,4.81434E+20,5.62306E+21,8.73678E+15,5.0759E+16
142239,6.17061E+18,6,4,35,14,2017,6,13,7,3,5,3,0,1,0,1,0,0,0,4.9357E+20,5.55054E+21,8.91008E+15,5.01071E+16
142240,6.17061E+18,6,4,35,6,2017,6,17,6,3,2,6,0,1,0,1,0,0,0,4.94576E+20,5.55859E+21,8.92403E+15,5.01795E+16
142241,6.17061E+18,6,5,31,5,2017,6,12,6,3,2,6,0,1,0,0,0,0,0,4.7667E+20,5.60409E+21,8.67043E+15,5.05882E+16
142242,6.17061E+18,6,4,14,0,2017,6,18,6,3,0,1,0,0,0,1,0,0,1,4.44177E+20,5.54931E+21,8.21956E+15,5.00934E+16
142243,6.17061E+18,6,4,13,0,2017,6,7,6,2,5,3,1,1,0,0,0,0,0,4.86202E+20,5.55195E+21,8.807E+15,5.01196E+16
142244,6.17061E+18,6,4,12,0,2017,6,15,6,3,5,3,0,1,0,0,0,0,0,4.72416E+20,5.55308E+21,8.61407E+15,5.01293E+16
142245,6.17061E+18,6,4,12,0,2017,6,21,6,3,4,6,0,1,0,1,0,1,1,4.78707E+20,5.55019E+21,8.70225E+15,5.01035E+16
142246,6.17061E+18,6,4,12,0,2017,6,17,6,2,5,3,1,1,0,0,0,0,1,4.76822E+20,5.55212E+21,8.67577E+15,5.01209E+16
142247,6.17061E+18,6,4,12,0,2017,6,8,6,3,5,3,1,1,0,0,0,0,0,4.78383E+20,5.55253E+21,8.69759E+15,5.01246E+16
142248,6.17061E+18,6,4,12,0,2017,6,9,6,3,0,3,0,0,0,1,0,0,0,4.77541E+20,5.55167E+21,8.68585E+15,5.01168E+16
142249,6.17061E+18,6,6,33,6,2017,6,13,6,3,5,3,1,1,0,0,0,0,0,5.18117E+20,5.67726E+21,9.25957E+15,5.12464E+16
142250,6.17061E+18,6,4,38,9,2017,6,15,6,2,0,7,0,0,0,0,1,0,0,4.74744E+20,5.54427E+21,8.64723E+15,5.00502E+16
142251,6.17061E+18,6,4,38,6,2017,6,12,6,3,5,3,0,1,0,1,0,0,0,4.76811E+20,5.53738E+21,8.67651E+15,4.99883E+16
142252,6.17061E+18,6,4,35,19,2017,6,19,6,3,1,5,1,1,0,0,0,0,0,4.85982E+20,5.55564E+21,8.80378E+15,5.01528E+16
142253,6.17061E+18,6,4,34,8,2017,6,17,6,2,2,6,1,1,0,0,0,0,1,4.69351E+20,5.56233E+21,8.57045E+15,5.02124E+16
142254,6.17061E+18,6,4,34,1,2017,6,13,6,3,2,6,0,1,0,0,0,0,1,4.76256E+20,5.56415E+21,8.66711E+15,5.0229E+16
142255,6.17061E+18,6,4,36,6,2017,6,7,6,3,1,7,0,1,0,0,0,0,0,4.53792E+20,5.5405E+21,8.35504E+15,5.00151E+16
142256,6.17061E+18,6,4,40,4,2017,6,20,6,3,8,1,0,1,0,0,0,0,1,5.07267E+20,5.57106E+21,9.10202E+15,5.02916E+16
142257,6.17061E+18,6,4,32,2,2017,6,14,6,3,8,1,0,0,0,1,0,0,1,4.96503E+20,5.53465E+21,8.95124E+15,4.99642E+16
142258,6.17061E+18,6,4,40,8,2017,6,8,6,3,5,3,0,1,0,0,0,0,0,4.84982E+20,5.57739E+21,8.78892E+15,5.03484E+16
142259,6.17061E+18,6,4,33,8,2017,6,13,6,2,4,6,1,0,0,0,0,0,1,4.69011E+20,5.53776E+21,8.56768E+15,4.99913E+16
142260,6.17061E+18,6,5,34,18,2017,6,14,6,3,5,3,0,1,0,0,0,0,1,5.01146E+20,5.63047E+21,9.01627E+15,5.08259E+16
142261,6.17061E+18,6,5,34,14,2017,6,13,6,3,5,3,0,1,0,0,0,0,1,4.82944E+20,5.62633E+21,8.75803E+15,5.07885E+16
142262,6.17061E+18,6,4,12,0,2017,6,16,5,2,2,6,0,1,0,0,1,0,0,4.70808E+20,5.54251E+21,8.59238E+15,5.00342E+16
142263,6.17061E+18,6,5,31,5,2017,6,13,5,3,5,2,1,1,0,0,0,0,0,4.77767E+20,5.60533E+21,8.68586E+15,5.05994E+16
142264,6.17061E+18,6,6,35,15,2017,6,12,5,3,0,1,0,0,0,1,0,0,0,4.90829E+20,5.68201E+21,8.86848E+15,5.12894E+16
142265,6.17061E+18,6,6,32,2,2017,6,9,5,3,6,7,0,1,1,0,0,0,0,5.49537E+20,5.63541E+21,9.70398E+15,5.08683E+16
142266,6.17061E+18,6,4,36,3,2017,6,10,5,3,2,6,0,1,0,0,1,0,0,4.70088E+20,5.55433E+21,8.5814E+15,5.01405E+16
142267,6.17061E+18,6,4,12,0,2017,6,20,5,3,5,2,0,1,0,1,0,0,0,4.71294E+20,5.54896E+21,8.59868E+15,5.00922E+16
142268,6.17061E+18,6,4,12,0,2017,6,18,5,3,2,6,0,1,0,0,0,0,0,4.7354E+20,5.5481E+21,8.63014E+15,5.00846E+16
142269,6.17061E+18,6,4,12,0,2017,6,9,5,3,2,6,0,0,0,1,1,0,0,4.76954E+20,5.55041E+21,8.67773E+15,5.01055E+16
142270,6.17061E+18,6,4,12,0,2017,6,12,5,3,2,6,0,1,0,0,1,0,0,4.82558E+20,5.55245E+21,8.75599E+15,5.0124E+16
142271,6.17061E+18,6,4,12,0,2017,6,17,5,3,5,3,1,1,0,0,0,0,0,4.79164E+20,5.55106E+21,8.70859E+15,5.01114E+16
142272,6.17061E+18,6,4,12,0,2017,6,20,5,3,6,4,1,0,1,0,0,0,0,4.75496E+20,5.55016E+21,8.65735E+15,5.01032E+16
142273,6.17061E+18,6,4,12,0,2017,6,9,5,3,0,7,1,1,0,0,0,0,0,4.76174E+20,5.55166E+21,8.66673E+15,5.01167E+16
142274,6.17061E+18,6,4,11,0,2017,6,9,5,2,0,7,1,0,0,0,0,0,0,4.7355E+20,5.52622E+21,8.63178E+15,4.98878E+16
142275,6.17061E+18,6,4,11,0,2017,6,17,5,3,5,2,1,1,0,0,0,0,0,4.73609E+20,5.52219E+21,8.63289E+15,4.98515E+16
142276,6.17061E+18,6,6,36,16,2017,6,12,5,3,1,5,0,1,0,1,0,0,0,5.60299E+20,5.68797E+21,9.86567E+15,5.13398E+16
142277,6.17061E+18,6,4,35,25,2017,6,13,5,3,5,2,0,1,0,0,0,0,0,5.36998E+20,5.57706E+21,9.51997E+15,5.03445E+16
142278,6.17061E+18,6,4,38,4,2017,6,11,5,3,5,3,1,1,0,0,0,0,0,4.97226E+20,5.54714E+21,8.96124E+15,5.00766E+16
142279,6.17061E+18,6,4,38,2,2017,6,18,5,3,5,3,0,1,0,0,0,0,0,4.78394E+20,5.54214E+21,8.69832E+15,5.00311E+16
142280,6.17061E+18,6,4,36,8,2017,6,13,5,3,5,3,0,1,0,1,0,0,0,4.61054E+20,5.55371E+21,8.45505E+15,5.01343E+16
142281,6.17061E+18,6,4,31,6,2017,6,18,5,3,1,5,1,1,0,0,0,0,0,4.67066E+20,5.50284E+21,8.5435E+15,4.96772E+16
142282,6.17061E+18,6,4,38,1,2017,6,18,5,3,6,4,0,0,1,0,1,0,0,4.84491E+20,5.54036E+21,8.78352E+15,5.00154E+16
142283,6.17061E+18,6,4,32,4,2017,6,16,5,3,2,6,0,1,0,0,0,0,0,4.89439E+20,5.52919E+21,8.8529E+15,4.9915E+16
142284,6.17061E+18,6,4,32,18,2017,6,12,5,3,5,3,0,1,0,1,0,0,0,4.72038E+20,5.51728E+21,8.61138E+15,4.98073E+16
142285,6.17061E+18,6,4,40,8,2017,6,16,5,3,5,3,1,1,0,0,0,0,0,4.82382E+20,5.57544E+21,8.75246E+15,5.03308E+16