OBJECTID,UIDENTSTLA,ULAND,UREGBEZ,UKREIS,UGEMEINDE,UJAHR,UMONAT,USTUNDE,UWOCHENTAG,UKATEGORIE,UART,UTYP1,IstRad,IstPKW,IstFuss,IstKrad,IstSonstig,LICHT,STRZUSTAND,LINREFX,LINREFY,XGCSWGS84,YGCSWGS84
142460,6.17063E+18,6,4,12,0,2017,6,19,2,3,5,3,0,1,0,0,0,0,0,4.6673E+20,5.55142E+21,8.53467E+15,5.01141E+16
142461,6.17063E+18,6,4,12,0,2017,6,20,2,3,5,3,1,1,0,0,0,0,0,4.76408E+20,5.55714E+21,8.66967E+15,5.0166E+16
142462,6.17063E+18,6,4,32,6,2017,6,8,2,3,0,6,1,1,0,0,0,0,0,4.73689E+20,5.53255E+21,8.63329E+15,4.99447E+16
142463,6.17063E+18,6,4,11,0,2017,6,15,2,2,3,2,1,1,0,0,0,0,0,4.74367E+20,5.52562E+21,8.64321E+15,4.98824E+16
142464,6.17063E+18,6,4,11,0,2017,6,15,2,3,5,3,1,1,0,0,0,0,0,4.75913E+20,5.52321E+21,8.66487E+15,4.98608E+16
142465,6.17063E+18,6,4,11,0,2017,6,17,2,3,5,2,1,1,0,0,0,0,0,4.73675E+20,5.524E+21,8.63368E+15,4.98679E+16
142466,6.17063E+18,6,6,34,22,2017,6,10,2,2,4,1,1,1,0,0,0,0,0,5.14199E+20,5.64118E+21,9.20201E+15,5.09221E+16
142467,6.17063E+18,6,4,38,9,2017,6,8,2,3,7,7,1,0,0,0,0,0,0,4.78111E+20,5.5449E+21,8.69422E+15,5.00559E+16
142468,6.17063E+18,6,4,34,10,2017,6,21,2,3,1,5,1,1,0,0,0,0,0,4.69885E+20,5.55714E+21,8.57834E+15,5.01657E+16
142469,6.17063E+18,6,4,34,8,2017,6,7,2,3,5,3,0,1,0,1,0,0,0,4.70305E+20,5.56184E+21,8.58385E+15,5.0208E+16
142470,6.17063E+18,6,4,34,8,2017,6,18,2,2,5,3,1,1,0,0,0,0,0,4.69689E+20,5.56075E+21,8.57532E+15,5.01982E+16
142471,6.17063E+18,6,4,32,8,2017,6,14,2,3,5,3,0,1,0,0,0,0,0,4.68228E+20,5.52386E+21,8.55789E+15,4.98663E+16
142472,6.17063E+18,6,4,40,8,2017,6,17,2,3,4,7,1,1,0,0,0,0,0,4.83073E+20,5.57622E+21,8.76213E+15,5.03378E+16
142473,6.17063E+18,6,4,33,5,2017,6,19,2,3,2,6,0,1,0,0,0,0,0,4.52885E+20,5.53592E+21,8.34294E+15,4.99737E+16
142474,6.17063E+18,6,6,31,15,2017,6,15,2,3,5,3,0,1,0,1,0,0,0,5.53887E+20,5.61454E+21,9.76273E+15,5.06802E+16
142475,6.17063E+18,6,4,13,0,2017,6,12,1,3,5,3,1,0,0,0,0,0,0,4.82885E+20,5.54825E+21,8.76076E+15,5.00862E+16
142476,6.17063E+18,6,4,12,0,2017,6,15,1,3,5,3,1,1,0,0,0,0,0,4.76113E+20,5.54909E+21,8.66605E+15,5.00936E+16
142477,6.17063E+18,6,4,12,0,2017,6,0,1,3,5,3,1,1,0,0,0,2,0,4.7682E+20,5.55212E+21,8.67575E+15,5.01209E+16
142478,6.17063E+18,6,4,12,0,2017,6,7,1,2,3,6,0,1,0,1,0,0,0,4.7632E+20,5.55331E+21,8.66867E+15,5.01315E+16
142479,6.17063E+18,6,6,33,3,2017,6,9,1,3,0,1,1,0,0,0,0,0,0,5.28133E+20,5.67872E+21,9.40318E+15,5.12592E+16
142480,6.17063E+18,6,4,40,5,2017,6,18,1,3,5,3,0,1,0,0,0,0,0,4.76159E+20,5.58663E+21,8.66432E+15,5.04312E+16
142481,6.17063E+18,6,4,40,8,2017,6,17,1,3,5,3,0,1,0,0,0,0,0,4.82326E+20,5.57514E+21,8.75169E+15,5.03281E+16
142482,6.17063E+18,6,4,35,11,2017,6,19,1,3,5,3,0,1,0,0,0,0,0,4.98219E+20,5.54759E+21,8.97511E+15,5.00806E+16
142483,6.17062E+18,6,4,35,14,2017,6,15,7,2,5,2,0,1,0,1,0,0,0,4.95862E+20,5.55546E+21,8.94208E+15,5.01514E+16
142484,6.17062E+18,6,6,32,15,2017,6,19,7,3,5,2,0,0,0,1,0,0,0,5.42423E+20,5.62833E+21,9.60206E+15,5.08052E+16
142485,6.17062E+18,6,4,14,0,2017,6,20,7,3,6,7,0,1,1,0,0,0,0,4.47341E+20,5.54308E+21,8.26464E+15,5.00376E+16
142486,6.17062E+18,6,4,14,0,2017,6,13,7,3,6,7,0,1,1,0,0,0,0,4.4334E+20,5.54616E+21,8.20832E+15,5.0065E+16
142487,6.17062E+18,6,4,14,0,2017,6,1,7,3,1,5,0,1,0,1,0,2,0,4.42913E+20,5.54743E+21,8.20217E+15,5.00764E+16
142488,6.17062E+18,6,4,12,0,2017,6,14,7,3,5,3,0,1,0,0,1,0,0,4.65267E+20,5.5475E+21,8.51456E+15,5.00788E+16
142489,6.17062E+18,6,4,12,0,2017,6,5,7,3,5,3,0,1,0,0,0,0,0,4.74859E+20,5.55144E+21,8.64835E+15,5.01147E+16
142490,6.17062E+18,6,4,12,0,2017,6,15,7,3,3,6,0,1,0,0,1,0,0,4.76822E+20,5.55084E+21,8.67585E+15,5.01094E+16
142491,6.17062E+18,6,4,11,0,2017,6,20,7,3,2,6,0,1,0,0,0,0,0,4.74265E+20,5.52626E+21,8.64174E+15,4.98882E+16
142492,6.17062E+18,6,4,11,0,2017,6,17,7,3,5,3,1,1,0,0,0,0,0,4.74042E+20,5.52569E+21,8.63867E+15,4.98831E+16
142493,6.17062E+18,6,4,39,3,2017,6,16,7,3,0,7,0,0,0,1,0,0,0,4.3588E+20,5.54164E+21,8.10486E+15,5.00236E+16
142494,6.17062E+18,6,4,35,19,2017,6,22,7,3,4,6,1,0,0,1,0,2,0,4.88282E+20,5.55385E+21,8.83602E+15,5.01368E+16
142495,6.17062E+18,6,4,34,8,2017,6,12,7,3,5,3,1,1,0,0,0,0,0,4.68368E+20,5.56311E+21,8.5566E+15,5.02194E+16
142496,6.17062E+18,6,4,32,4,2017,6,12,7,3,3,6,1,1,0,0,0,0,0,4.89662E+20,5.52827E+21,8.85602E+15,4.99067E+16
142497,6.17062E+18,6,4,32,11,2017,6,9,7,2,5,2,1,1,0,0,0,0,0,4.8716E+20,5.5252E+21,8.82129E+15,4.98791E+16
142498,6.17062E+18,6,4,31,13,2017,6,16,7,3,2,6,0,1,0,0,0,0,0,4.62793E+20,5.49382E+21,8.48513E+15,4.95958E+16
142499,6.17062E+18,6,4,31,2,2017,6,13,7,2,3,2,1,1,0,0,0,0,0,4.72292E+20,5.50486E+21,8.6158E+15,4.96956E+16
142500,6.17062E+18,6,5,35,1,2017,6,13,7,3,0,7,0,0,1,0,1,0,0,5.19009E+20,5.62238E+21,9.26947E+15,5.07529E+16
142501,6.17062E+18,6,4,33,12,2017,6,16,7,3,5,7,0,1,0,0,0,0,0,4.59495E+20,5.53667E+21,8.43503E+15,4.9981E+16
142502,6.17062E+18,6,4,33,12,2017,6,12,7,3,5,3,1,1,0,0,0,0,0,4.59207E+20,5.53763E+21,8.43093E+15,4.99896E+16
142503,6.17062E+18,6,4,33,6,2017,6,21,7,3,0,7,1,0,0,0,0,1,0,4.6244E+20,5.53029E+21,8.47674E+15,4.99238E+16
142504,6.17062E+18,6,4,35,14,2017,6,18,6,3,8,1,1,0,0,0,0,0,0,4.95592E+20,5.55385E+21,8.93832E+15,5.01368E+16
142505,6.17062E+18,6,6,35,15,2017,6,13,6,3,2,6,0,1,0,1,0,0,0,4.90955E+20,5.68055E+21,8.87032E+15,5.12762E+16
142506,6.17062E+18,6,6,34,9,2017,6,20,6,3,2,6,0,1,0,0,1,0,0,5.26519E+20,5.65107E+21,9.37802E+15,5.10106E+16
142507,6.17062E+18,6,6,33,20,2017,6,8,6,3,5,3,1,1,0,0,0,0,0,5.39681E+20,5.684E+21,9.56925E+15,5.13059E+16
142508,6.17062E+18,6,4,14,0,2017,6,17,6,3,1,5,0,1,0,0,0,0,0,4.46238E+20,5.54624E+21,8.2488E+15,5.0066E+16
142509,6.17062E+18,6,4,12,0,2017,6,10,6,3,0,2,1,0,0,1,0,0,0,4.68073E+20,5.5499E+21,8.55358E+15,5.01005E+16
142510,6.17062E+18,6,4,12,0,2017,6,18,6,3,5,2,0,1,0,0,0,0,0,4.74184E+20,5.54776E+21,8.63916E+15,5.00816E+16
142511,6.17062E+18,6,4,12,0,2017,6,19,6,2,0,1,1,0,0,0,0,0,0,4.67593E+20,5.54918E+21,8.54692E+15,5.0094E+16
142512,6.17062E+18,6,4,12,0,2017,6,13,6,3,0,7,1,0,0,0,0,0,0,4.76485E+20,5.54919E+21,8.67125E+15,5.00945E+16
142513,6.17062E+18,6,4,12,0,2017,6,7,6,3,5,3,1,1,0,0,0,0,0,4.78262E+20,5.55357E+21,8.69583E+15,5.01339E+16
142514,6.17062E+18,6,4,12,0,2017,6,18,6,3,5,2,1,1,0,0,0,0,0,4.76813E+20,5.55064E+21,8.67574E+15,5.01076E+16
142515,6.17062E+18,6,4,37,11,2017,6,10,6,3,5,3,1,1,0,0,0,0,0,5.00194E+20,5.5031E+21,9.00269E+15,4.96805E+16
142516,6.17062E+18,6,4,11,0,2017,6,7,6,3,5,2,0,1,0,0,0,0,0,4.73673E+20,5.52326E+21,8.6337E+15,4.98612E+16
142517,6.17062E+18,6,6,36,16,2017,6,11,6,3,0,3,1,1,0,0,0,0,0,5.5984E+20,5.68806E+21,9.8591E+15,5.13406E+16
142518,6.17062E+18,6,6,33,3,2017,6,17,6,3,5,3,1,1,0,0,0,0,0,5.29013E+20,5.67797E+21,9.41573E+15,5.12523E+16
142519,6.17062E+18,6,6,33,3,2017,6,17,6,3,8,1,0,1,0,0,0,0,0,5.27906E+20,5.67835E+21,9.39989E+15,5.12559E+16
142520,6.17062E+18,6,6,34,25,2017,6,20,6,3,4,7,0,1,0,0,0,1,0,5.2708E+20,5.66138E+21,9.38679E+15,5.11033E+16
142521,6.17062E+18,6,4,38,9,2017,6,16,6,3,5,3,0,1,0,1,0,0,0,4.78008E+20,5.54514E+21,8.69277E+15,5.00582E+16
142522,6.17062E+18,6,4,34,7,2017,6,15,6,3,5,3,0,1,0,0,0,0,0,4.64866E+20,5.57118E+21,8.50677E+15,5.02917E+16
142523,6.17062E+18,6,4,34,8,2017,6,9,6,3,4,3,1,1,0,0,0,0,0,4.70337E+20,5.55893E+21,8.58453E+15,5.01818E+16
142524,6.17062E+18,6,4,34,2,2017,6,16,6,3,9,1,0,0,0,1,0,0,0,4.74901E+20,5.5686E+21,8.64781E+15,5.0269E+16
142525,6.17062E+18,6,4,34,1,2017,6,13,6,3,2,6,1,0,0,0,1,0,0,4.72333E+20,5.56448E+21,8.61208E+15,5.02318E+16
142526,6.17062E+18,6,4,34,1,2017,6,7,6,2,0,1,1,0,0,0,0,0,0,4.72129E+20,5.56504E+21,8.60918E+15,5.02369E+16
142527,6.17062E+18,6,4,35,18,2017,6,14,6,3,5,3,1,1,0,0,0,0,0,5.13728E+20,5.56011E+21,9.19232E+15,5.0193E+16
142528,6.17062E+18,6,4,38,12,2017,6,19,6,2,1,5,1,1,0,0,0,0,0,4.85712E+20,5.5366E+21,8.80071E+15,4.99815E+16
142529,6.17062E+18,6,4,32,4,2017,6,13,6,2,5,3,1,0,0,0,0,0,0,4.88574E+20,5.52738E+21,8.8409E+15,4.98987E+16
142530,6.17062E+18,6,4,32,10,2017,6,19,6,3,2,6,0,1,0,0,0,0,0,4.94328E+20,5.5252E+21,8.92105E+15,4.98792E+16
142531,6.17062E+18,6,4,32,14,2017,6,8,6,2,5,3,0,0,0,0,1,0,0,4.78523E+20,5.52095E+21,8.70131E+15,4.98406E+16
142532,6.17062E+18,6,4,40,8,2017,6,17,6,3,0,2,0,1,0,1,0,0,0,4.82911E+20,5.5757E+21,8.75989E+15,5.03332E+16
142533,6.17062E+18,6,4,40,8,2017,6,16,6,2,0,1,1,0,0,0,0,0,0,4.81978E+20,5.57482E+21,8.74681E+15,5.03252E+16
142534,6.17062E+18,6,5,35,9,2017,6,18,6,3,0,7,0,0,0,1,0,0,0,4.99542E+20,5.61991E+21,8.99351E+15,5.0731E+16
142535,6.17062E+18,6,4,33,14,2017,6,14,6,3,5,3,1,1,0,0,0,0,0,4.56938E+20,5.53069E+21,8.40004E+15,4.99271E+16
142536,6.17062E+18,6,4,33,4,2017,6,8,6,3,6,7,0,1,1,0,0,0,0,4.63049E+20,5.51106E+21,8.48705E+15,4.97509E+16
142537,6.17062E+18,6,5,34,11,2017,6,10,6,3,5,3,0,1,0,0,0,0,0,4.9592E+20,5.62954E+21,8.94208E+15,5.08175E+16
142538,6.17062E+18,6,6,31,16,2017,6,14,6,3,0,7,0,1,0,0,1,0,0,5.45637E+20,5.58654E+21,9.64253E+15,5.04291E+16
142539,6.17062E+18,6,6,31,9,2017,6,22,6,3,0,7,0,0,0,1,0,2,0,5.48281E+20,5.59999E+21,9.6815E+15,5.05498E+16
142540,6.17062E+18,6,4,12,0,2017,6,17,6,3,5,2,0,1,0,1,0,0,0,4.80894E+20,5.55411E+21,8.73264E+15,5.01389E+16
142541,6.17062E+18,6,4,35,14,2017,6,17,6,3,5,3,0,1,0,0,0,0,0,4.95127E+20,5.54947E+21,8.93187E+15,5.00975E+16
142542,6.17062E+18,6,4,12,0,2017,6,6,6,3,2,6,0,1,0,0,0,0,0,4.707E+20,5.55346E+21,8.59004E+15,5.01326E+16
142543,6.17062E+18,6,6,35,21,2017,6,8,5,3,8,1,0,0,0,0,1,0,0,5.00667E+20,5.67659E+21,9.00955E+15,5.12407E+16
142544,6.17062E+18,6,5,33,9,2017,6,12,5,3,6,7,0,1,1,0,0,0,0,4.33439E+20,5.58222E+21,8.06368E+15,5.03883E+16
142545,6.17062E+18,6,6,11,0,2017,6,15,5,3,5,3,0,1,0,0,1,0,0,5.33411E+20,5.68791E+21,9.47968E+15,5.13415E+16
142546,6.17062E+18,6,4,14,0,2017,6,8,5,3,5,2,0,1,0,0,1,0,0,4.48961E+20,5.53978E+21,8.2877E+15,5.00082E+16
142547,6.17062E+18,6,4,14,0,2017,6,14,5,3,0,1,0,0,0,1,0,0,1,4.44219E+20,5.54809E+21,8.22033E+15,5.00824E+16
142548,6.17062E+18,6,4,13,0,2017,6,10,5,3,5,2,1,1,0,0,0,0,0,4.82575E+20,5.55108E+21,8.75629E+15,5.01118E+16
142549,6.17062E+18,6,4,12,0,2017,6,18,5,3,1,5,0,1,0,0,1,0,1,4.74168E+20,5.55612E+21,8.63838E+15,5.01568E+16
142550,6.17062E+18,6,4,12,0,2017,6,18,5,3,8,7,1,0,0,0,0,0,0,4.75111E+20,5.55079E+21,8.65193E+15,5.01089E+16
142551,6.17062E+18,6,4,12,0,2017,6,16,5,3,5,3,1,1,0,0,0,0,0,4.74507E+20,5.55159E+21,8.64342E+15,5.0116E+16
142552,6.17062E+18,6,4,12,0,2017,6,9,5,3,0,6,0,1,0,1,0,0,0,4.76108E+20,5.5511E+21,8.66585E+15,5.01116E+16
142553,6.17062E+18,6,4,12,0,2017,6,16,5,3,0,5,1,1,0,0,0,0,0,4.73589E+20,5.5481E+21,8.63083E+15,5.00846E+16
142554,6.17062E+18,6,4,12,0,2017,6,16,5,3,2,6,0,1,0,0,0,0,0,4.75544E+20,5.55E+21,8.65804E+15,5.01017E+16
142555,6.17062E+18,6,4,12,0,2017,6,2,5,2,5,3,0,1,0,0,0,2,0,4.73208E+20,5.55036E+21,8.62535E+15,5.01049E+16
142556,6.17062E+18,6,4,12,0,2017,6,14,5,3,1,5,1,1,0,0,0,0,0,4.76183E+20,5.55207E+21,8.66684E+15,5.01204E+16
142557,6.17062E+18,6,6,32,3,2017,6,8,5,3,5,3,1,1,0,0,0,0,0,5.55469E+20,5.64659E+21,9.78997E+15,5.09683E+16
142558,6.17062E+18,6,6,34,2,2017,6,6,5,3,5,3,0,1,0,1,0,0,0,5.31168E+20,5.67348E+21,9.44622E+15,5.12119E+16
142559,6.17062E+18,6,6,35,11,2017,6,10,5,3,9,7,0,1,0,0,0,0,0,4.8527E+20,5.65608E+21,8.78982E+15,5.10561E+16
142560,6.17062E+18,6,4,39,11,2017,6,14,5,2,8,1,1,0,0,0,0,0,0,4.50895E+20,5.55715E+21,8.31247E+15,5.01645E+16
142561,6.17062E+18,6,4,34,1,2017,6,19,5,3,5,3,1,1,0,0,0,0,0,4.7317E+20,5.5638E+21,8.62387E+15,5.02258E+16
142562,6.17062E+18,6,4,34,1,2017,6,16,5,3,5,3,1,1,0,0,0,0,1,4.71865E+20,5.5641E+21,8.60554E+15,5.02284E+16
142563,6.17062E+18,6,4,38,1,2017,6,19,5,2,6,4,0,1,1,0,0,0,0,4.84061E+20,5.5406E+21,8.77752E+15,5.00175E+16
142564,6.17062E+18,6,4,32,9,2017,6,9,5,3,5,3,0,1,0,1,0,0,0,4.87923E+20,5.51615E+21,8.83219E+15,4.97977E+16
142565,6.17062E+18,6,4,33,12,2017,6,12,5,3,2,6,0,1,0,0,0,0,0,4.60254E+20,5.53525E+21,8.44577E+15,4.99683E+16
142566,6.17062E+18,6,4,33,6,2017,6,20,5,3,5,3,0,1,0,0,0,0,0,4.63307E+20,5.52996E+21,8.48884E+15,4.99209E+16
142567,6.17062E+18,6,5,34,11,2017,6,9,5,3,6,4,0,1,1,0,0,0,0,4.9437E+20,5.62992E+21,8.92007E+15,5.0821E+16
142568,6.17062E+18,6,4,35,14,2017,6,12,5,3,5,3,1,1,0,0,0,0,0,4.93726E+20,5.55344E+21,8.91221E+15,5.01331E+16
142569,6.17062E+18,6,4,35,14,2017,6,16,5,3,4,6,1,0,0,1,0,0,0,4.93521E+20,5.5522E+21,8.90936E+15,5.0122E+16
142570,6.17062E+18,6,5,31,5,2017,6,15,4,3,6,4,0,0,1,0,1,0,0,4.765E+20,5.60376E+21,8.66804E+15,5.05853E+16
142571,6.17062E+18,6,6,11,0,2017,6,20,4,3,4,6,0,1,0,0,0,0,0,5.35501E+20,5.68251E+21,9.50915E+15,5.12928E+16
142572,6.17062E+18,6,6,11,0,2017,6,18,4,3,1,5,0,1,0,1,0,0,0,5.35556E+20,5.6861E+21,9.51029E+15,5.13251E+16
142573,6.17062E+18,6,4,14,0,2017,6,13,4,3,6,4,0,0,1,0,1,0,0,4.44362E+20,5.54811E+21,8.22232E+15,5.00826E+16
142574,6.17062E+18,6,4,13,0,2017,6,17,4,3,1,5,1,1,0,0,0,0,0,4.82995E+20,5.54886E+21,8.76227E+15,5.00918E+16
142575,6.17062E+18,6,4,13,0,2017,6,15,4,3,2,6,0,1,0,0,0,0,0,4.81373E+20,5.55055E+21,8.73951E+15,5.0107E+16
142576,6.17062E+18,6,4,12,0,2017,6,11,4,3,1,6,1,1,0,0,0,0,0,4.74774E+20,5.55154E+21,8.64716E+15,5.01155E+16
142577,6.17062E+18,6,4,12,0,2017,6,16,4,2,3,2,1,0,0,0,1,0,0,4.75134E+20,5.55167E+21,8.6522E+15,5.01167E+16
142578,6.17062E+18,6,4,12,0,2017,6,9,4,2,3,2,1,0,0,0,1,0,0,4.74672E+20,5.55174E+21,8.64572E+15,5.01174E+16
142579,6.17062E+18,6,4,12,0,2017,6,8,4,3,3,6,0,1,0,1,0,0,0,4.76962E+20,5.5504E+21,8.67784E+15,5.01054E+16
142580,6.17062E+18,6,4,12,0,2017,6,6,4,3,4,6,0,1,0,1,0,0,0,4.80233E+20,5.55664E+21,8.72325E+15,5.01617E+16
142581,6.17062E+18,6,6,35,3,2017,6,12,4,3,4,7,0,1,0,0,0,0,0,5.0629E+20,5.66185E+21,9.08985E+15,5.11081E+16
142582,6.17062E+18,6,6,33,13,2017,6,11,4,3,5,3,1,1,0,0,0,0,0,5.27288E+20,5.70509E+21,9.39309E+15,5.14963E+16
142583,6.17062E+18,6,4,38,9,2017,6,8,4,3,5,3,0,1,0,0,0,0,0,4.78042E+20,5.54441E+21,8.69329E+15,5.00516E+16
142584,6.17062E+18,6,4,34,8,2017,6,13,4,3,5,3,1,1,0,0,0,0,0,4.71346E+20,5.56168E+21,8.59845E+15,5.02066E+16
142585,6.17062E+18,6,4,34,6,2017,6,17,4,3,4,6,0,1,0,0,1,0,0,4.652E+20,5.55882E+21,8.51259E+15,5.01805E+16
142586,6.17062E+18,6,4,36,8,2017,6,9,4,3,1,5,0,1,0,1,0,0,0,4.58944E+20,5.55551E+21,8.42533E+15,5.01504E+16
142587,6.17062E+18,6,4,31,6,2017,6,8,4,3,5,3,1,1,0,0,0,0,0,4.66658E+20,5.50267E+21,8.53787E+15,4.96756E+16
142588,6.17062E+18,6,4,35,29,2017,6,9,4,2,7,1,0,1,0,1,0,0,0,5.21073E+20,5.56738E+21,9.29563E+15,5.02582E+16
142589,6.17062E+18,6,4,40,12,2017,6,14,4,2,5,3,1,1,0,0,0,0,0,4.79669E+20,5.5658E+21,8.71487E+15,5.02441E+16
142590,6.17062E+18,6,4,37,9,2017,6,19,4,3,0,7,0,1,1,0,0,0,0,4.98593E+20,5.51763E+21,8.98044E+15,4.98111E+16
142591,6.17062E+18,6,4,37,4,2017,6,4,4,3,9,1,0,1,0,0,0,1,0,5.02433E+20,5.5188E+21,9.03382E+15,4.98216E+16
142592,6.17062E+18,6,5,32,8,2017,6,7,4,3,6,4,0,1,1,0,0,0,0,4.55937E+20,5.606E+21,8.37733E+15,5.06042E+16
142593,6.17062E+18,6,4,11,0,2017,6,12,4,3,5,3,0,1,0,0,0,0,0,4.74407E+20,5.51882E+21,8.6442E+15,4.98213E+16
142594,6.17062E+18,6,4,32,14,2017,6,18,4,3,2,1,1,0,0,1,0,0,0,4.75761E+20,5.51541E+21,8.66324E+15,4.97907E+16
142595,6.17062E+18,6,4,31,20,2017,6,8,4,3,5,3,1,0,0,0,0,0,0,4.68809E+20,5.48675E+21,8.56895E+15,4.95325E+16
142596,6.17062E+18,6,4,31,2,2017,6,15,4,3,5,2,1,1,0,0,0,0,0,4.72171E+20,5.50609E+21,8.61404E+15,4.97066E+16
142597,6.17062E+18,6,4,33,2,2017,6,8,4,2,5,3,0,1,0,1,0,0,0,4.53884E+20,5.5379E+21,8.35663E+15,4.99917E+16
142598,6.17062E+18,6,4,12,0,2017,6,17,4,3,4,6,1,1,0,0,0,0,0,4.82437E+20,5.55499E+21,8.75419E+15,5.01469E+16
142599,6.17062E+18,6,5,31,5,2017,6,16,3,3,1,5,0,1,0,1,0,0,0,4.77909E+20,5.60504E+21,8.68788E+15,5.05968E+16
142600,6.17062E+18,6,6,11,0,2017,6,18,3,3,6,6,0,0,1,0,1,0,0,5.36359E+20,5.68233E+21,9.52143E+15,5.12911E+16
142601,6.17062E+18,6,6,11,0,2017,6,15,3,3,5,3,1,1,0,0,0,0,0,5.3802E+20,5.68413E+21,9.54545E+15,5.13072E+16
142602,6.17062E+18,6,6,11,0,2017,6,13,3,2,6,4,0,1,1,0,0,0,0,5.35148E+20,5.68549E+21,9.50438E+15,5.13196E+16
142603,6.17062E+18,6,4,14,0,2017,6,23,3,3,5,3,1,1,0,0,0,2,0,4.45146E+20,5.5441E+21,8.23385E+15,5.00467E+16
142604,6.17062E+18,6,4,14,0,2017,6,18,3,3,5,3,0,1,0,1,0,0,0,4.46766E+20,5.54765E+21,8.25599E+15,5.00787E+16
142605,6.17062E+18,6,4,13,0,2017,6,12,3,3,4,6,1,0,0,0,0,0,0,4.82701E+20,5.54959E+21,8.75812E+15,5.00983E+16
142606,6.17062E+18,6,4,13,0,2017,6,19,3,3,5,3,0,1,0,0,0,0,0,4.81938E+20,5.5508E+21,8.7474E+15,5.01092E+16
142607,6.17062E+18,6,4,12,0,2017,6,6,3,3,3,6,1,1,0,0,0,0,0,4.77455E+20,5.5545E+21,8.68449E+15,5.01423E+16
142608,6.17062E+18,6,4,12,0,2017,6,18,3,3,5,3,0,1,0,1,0,0,0,4.77673E+20,5.5506E+21,8.68777E+15,5.01072E+16
142609,6.17062E+18,6,4,12,0,2017,6,12,3,3,5,3,0,1,0,1,0,0,0,4.81622E+20,5.55228E+21,8.74291E+15,5.01224E+16
142610,6.17062E+18,6,4,12,0,2017,6,16,3,3,6,7,1,0,1,0,0,0,0,4.77484E+20,5.55165E+21,8.68506E+15,5.01166E+16
142611,6.17062E+18,6,4,32,23,2017,6,14,3,3,5,3,1,1,0,0,0,0,0,4.70322E+20,5.52826E+21,8.5867E+15,4.99059E+16
142612,6.17062E+18,6,4,11,0,2017,6,18,3,3,5,3,0,1,0,0,0,0,0,4.72566E+20,5.52433E+21,8.61823E+15,4.98708E+16
142613,6.17062E+18,6,4,11,0,2017,6,10,3,3,5,7,0,1,0,0,0,0,0,4.74666E+20,5.52486E+21,8.64741E+15,4.98756E+16
142614,6.17062E+18,6,6,35,2,2017,6,15,3,2,1,2,0,1,0,0,0,0,0,5.01135E+20,5.69214E+21,9.01631E+15,5.13805E+16
142615,6.17062E+18,6,6,33,23,2017,6,16,3,3,8,1,0,1,0,0,0,0,0,5.26306E+20,5.67985E+21,9.37708E+15,5.12694E+16
142616,6.17062E+18,6,4,38,9,2017,6,13,3,3,5,3,1,1,0,0,0,0,0,4.78979E+20,5.54411E+21,8.70639E+15,5.00489E+16
142617,6.17062E+18,6,4,34,3,2017,6,17,3,3,3,6,0,1,0,0,0,0,0,4.55628E+20,5.56057E+21,8.37834E+15,5.01956E+16
142618,6.17062E+18,6,4,34,1,2017,6,13,3,3,6,4,0,1,1,0,0,0,0,4.72167E+20,5.56467E+21,8.60974E+15,5.02336E+16
142619,6.17062E+18,6,4,35,1,2017,6,15,3,3,2,6,0,1,0,0,0,0,0,5.24337E+20,5.56427E+21,9.34122E+15,5.02301E+16
142620,6.17062E+18,6,4,35,12,2017,6,17,3,3,5,3,0,1,0,0,0,0,0,5.08387E+20,5.56133E+21,9.11753E+15,5.02041E+16
142621,6.17062E+18,6,4,40,12,2017,6,12,3,3,5,3,1,1,0,0,0,0,0,4.83029E+20,5.56374E+21,8.76208E+15,5.02256E+16
142622,6.17062E+18,6,4,31,13,2017,6,14,3,3,6,7,1,0,1,0,0,0,0,4.62066E+20,5.49403E+21,8.47505E+15,4.95977E+16
142623,6.17062E+18,6,5,34,16,2017,6,7,3,2,5,3,1,1,0,0,0,0,0,5.08447E+20,5.63326E+21,9.11999E+15,5.08509E+16
142624,6.17062E+18,6,5,31,15,2017,6,19,3,2,5,2,1,1,0,0,0,0,0,4.9029E+20,5.61354E+21,8.86259E+15,5.06737E+16
142625,6.17062E+18,6,4,35,14,2017,6,10,2,3,2,2,0,1,0,0,1,0,0,4.96471E+20,5.55496E+21,8.95061E+15,5.01469E+16
142626,6.17062E+18,6,6,36,3,2017,6,6,2,2,5,3,1,1,0,0,0,0,0,5.69639E+20,5.67585E+21,9.99739E+15,5.12298E+16
142627,6.17062E+18,6,5,33,9,2017,6,11,2,3,1,1,0,1,0,0,0,0,0,4.33958E+20,5.58138E+21,8.07113E+15,5.03808E+16
142628,6.17062E+18,6,5,33,9,2017,6,19,2,3,4,7,0,1,0,1,0,0,0,4.3347E+20,5.58133E+21,8.06427E+15,5.03802E+16
142629,6.17062E+18,6,4,14,0,2017,6,17,2,3,6,3,0,1,1,0,0,0,0,4.5002E+20,5.55394E+21,8.30064E+15,5.01356E+16
142630,6.17062E+18,6,4,14,0,2017,6,18,2,3,8,7,0,1,0,0,0,0,0,4.42493E+20,5.54729E+21,8.19633E+15,5.00751E+16
142631,6.17062E+18,6,4,13,0,2017,6,9,2,3,6,2,0,1,1,0,0,0,0,4.82651E+20,5.54933E+21,8.75743E+15,5.0096E+16
142632,6.17062E+18,6,4,13,0,2017,6,18,2,3,5,3,0,1,0,0,0,0,0,4.84814E+20,5.54895E+21,8.78769E+15,5.00926E+16