OBJECTID,UIDENTSTLA,ULAND,UREGBEZ,UKREIS,UGEMEINDE,UJAHR,UMONAT,USTUNDE,UWOCHENTAG,UKATEGORIE,UART,UTYP1,IstRad,IstPKW,IstFuss,IstKrad,IstSonstig,LICHT,STRZUSTAND,LINREFX,LINREFY,XGCSWGS84,YGCSWGS84
142806,6.17071E+18,6,4,12,0,2017,7,11,4,2,0,7,1,0,0,0,0,0,0,4.73927E+20,5.55964E+21,8.63476E+15,5.01884E+16
142807,6.17071E+18,6,4,12,0,2017,7,16,4,3,6,6,1,0,1,0,0,0,0,4.75204E+20,5.55647E+21,8.65286E+15,5.01599E+16
142808,6.17071E+18,6,4,12,0,2017,7,10,4,3,5,3,1,1,0,0,0,0,0,4.75162E+20,5.55438E+21,8.65241E+15,5.01411E+16
142809,6.17071E+18,6,4,12,0,2017,7,8,4,3,0,7,1,0,0,0,0,0,0,4.77523E+20,5.55453E+21,8.68544E+15,5.01426E+16
142810,6.17071E+18,6,4,12,0,2017,7,17,4,3,8,1,0,1,0,0,0,0,0,4.75152E+20,5.54603E+21,8.65281E+15,5.0066E+16
142811,6.17071E+18,6,4,12,0,2017,7,20,4,3,5,7,0,1,0,1,0,0,0,4.76401E+20,5.55306E+21,8.66983E+15,5.01293E+16
142812,6.17071E+18,6,4,12,0,2017,7,11,4,3,1,5,1,1,0,0,0,0,0,4.76854E+20,5.55106E+21,8.67629E+15,5.01113E+16
142813,6.17071E+18,6,4,38,5,2017,7,10,4,2,6,4,0,1,1,0,0,0,0,4.86037E+20,5.54523E+21,8.80493E+15,5.00592E+16
142814,6.17071E+18,6,4,34,7,2017,7,15,4,2,5,3,1,1,0,0,0,0,0,4.64534E+20,5.57254E+21,8.50198E+15,5.03039E+16
142815,6.17071E+18,6,4,34,7,2017,7,8,4,3,5,2,1,1,0,0,0,0,0,4.65028E+20,5.57119E+21,8.50905E+15,5.02918E+16
142816,6.17071E+18,6,4,37,10,2017,7,12,4,3,0,7,1,0,0,0,0,0,0,5.08742E+20,5.51527E+21,9.12145E+15,4.97898E+16
142817,6.17071E+18,6,5,32,12,2017,7,11,4,3,5,3,1,1,0,0,0,0,0,4.50901E+20,5.61488E+21,8.30499E+15,5.06837E+16
142818,6.17071E+18,6,6,31,9,2017,7,16,4,2,5,3,0,1,0,1,0,0,0,5.48115E+20,5.6021E+21,9.67942E+15,5.05689E+16
142819,6.17071E+18,6,6,31,9,2017,7,6,4,3,8,1,0,1,0,0,1,0,0,5.4419E+20,5.60002E+21,9.62375E+15,5.05505E+16
142820,6.17071E+18,6,6,31,3,2017,7,12,4,3,0,7,0,1,0,0,0,0,0,5.56399E+20,5.5995E+21,9.79599E+15,5.05447E+16
142821,6.1707E+18,6,5,31,5,2017,7,14,3,3,6,4,1,0,1,0,0,0,0,4.76979E+20,5.60392E+21,8.67481E+15,5.05867E+16
142822,6.1707E+18,6,5,31,5,2017,7,19,3,3,5,3,1,1,0,0,0,0,0,4.76184E+20,5.60417E+21,8.66356E+15,5.0589E+16
142823,6.1707E+18,6,6,32,2,2017,7,17,3,3,1,5,1,1,0,0,0,0,0,5.49506E+20,5.63488E+21,9.70346E+15,5.08634E+16
142824,6.1707E+18,6,5,33,7,2017,7,10,3,3,5,3,0,1,0,0,1,0,0,4.31371E+20,5.5878E+21,8.03358E+15,5.04382E+16
142825,6.1707E+18,6,6,11,0,2017,7,11,3,3,1,5,1,1,0,0,0,0,0,5.33802E+20,5.68474E+21,9.48499E+15,5.13129E+16
142826,6.1707E+18,6,4,12,0,2017,7,21,3,2,6,4,0,0,1,0,1,0,0,4.66658E+20,5.55077E+21,8.53371E+15,5.01082E+16
142827,6.1707E+18,6,4,12,0,2017,7,20,3,3,1,5,0,1,0,0,0,0,0,4.73263E+20,5.54962E+21,8.62616E+15,5.00982E+16
142828,6.1707E+18,6,4,12,0,2017,7,15,3,3,2,6,0,1,0,0,1,0,0,4.70833E+20,5.54982E+21,8.59218E+15,5.00999E+16
142829,6.1707E+18,6,4,12,0,2017,7,16,3,2,2,6,1,0,0,0,0,0,0,4.77863E+20,5.55464E+21,8.69019E+15,5.01435E+16
142830,6.1707E+18,6,4,12,0,2017,7,20,3,3,5,2,0,1,0,0,0,1,0,4.77786E+20,5.55008E+21,8.68938E+15,5.01026E+16
142831,6.1707E+18,6,4,12,0,2017,7,14,3,3,6,4,1,0,1,0,0,0,0,4.77139E+20,5.55214E+21,8.6802E+15,5.01211E+16
142832,6.1707E+18,6,4,12,0,2017,7,18,3,3,6,4,1,0,1,0,0,0,0,4.76271E+20,5.55225E+21,8.66806E+15,5.0122E+16
142833,6.1707E+18,6,4,32,23,2017,7,21,3,2,3,6,0,1,0,1,0,1,0,4.72383E+20,5.52723E+21,8.61547E+15,4.98968E+16
142834,6.1707E+18,6,4,38,2,2017,7,9,3,3,1,5,0,1,0,0,0,0,0,4.78189E+20,5.54121E+21,8.69551E+15,5.00228E+16
142835,6.1707E+18,6,4,38,9,2017,7,7,3,3,6,7,0,1,1,0,0,0,0,4.77722E+20,5.54439E+21,8.68882E+15,5.00514E+16
142836,6.1707E+18,6,4,34,6,2017,7,17,3,3,5,3,1,1,0,0,0,0,0,4.66932E+20,5.55883E+21,8.53685E+15,5.01807E+16
142837,6.1707E+18,6,4,31,4,2017,7,17,3,2,0,7,0,0,0,0,1,0,0,4.8059E+20,5.49049E+21,8.73156E+15,4.95667E+16
142838,6.1707E+18,6,5,32,8,2017,7,17,3,3,2,2,0,1,0,0,0,0,0,4.53433E+20,5.60801E+21,8.34169E+15,5.06221E+16
142839,6.1707E+18,6,4,40,25,2017,7,8,3,3,1,6,0,1,0,0,0,0,0,4.83473E+20,5.56956E+21,8.76805E+15,5.02779E+16
142840,6.1707E+18,6,6,31,18,2017,7,7,3,3,0,3,0,1,0,1,0,0,0,5.45019E+20,5.59094E+21,9.63437E+15,5.04687E+16
142841,6.1707E+18,6,5,31,5,2017,7,15,3,2,1,5,1,1,0,0,0,0,0,4.76957E+20,5.60247E+21,8.67458E+15,5.05737E+16
142842,6.1707E+18,6,4,35,14,2017,7,10,3,3,3,6,1,0,0,0,1,0,0,4.9592E+20,5.55129E+21,8.94293E+15,5.01138E+16
142843,6.1707E+18,6,6,11,0,2017,7,18,2,2,1,3,0,1,0,1,0,0,0,5.32905E+20,5.68411E+21,9.47207E+15,5.13074E+16
142844,6.1707E+18,6,4,14,0,2017,7,12,2,3,2,6,0,1,0,0,1,0,0,4.44175E+20,5.54663E+21,8.21992E+15,5.00693E+16
142845,6.1707E+18,6,4,14,0,2017,7,9,2,3,5,3,0,1,0,0,1,0,0,4.46669E+20,5.54825E+21,8.25455E+15,5.00842E+16
142846,6.1707E+18,6,4,13,0,2017,7,17,2,2,2,6,0,1,0,0,1,0,0,4.82801E+20,5.54927E+21,8.75954E+15,5.00955E+16
142847,6.1707E+18,6,4,36,3,2017,7,8,2,3,6,7,0,0,1,0,1,0,0,4.67789E+20,5.55577E+21,8.54911E+15,5.01532E+16
142848,6.1707E+18,6,4,12,0,2017,7,9,2,3,5,3,0,1,0,0,0,0,0,4.71897E+20,5.54906E+21,8.60711E+15,5.00932E+16
142849,6.1707E+18,6,4,12,0,2017,7,16,2,3,2,6,0,1,0,0,0,0,0,4.71891E+20,5.54929E+21,8.60701E+15,5.00952E+16
142850,6.1707E+18,6,4,12,0,2017,7,20,2,3,5,3,0,1,0,1,0,0,0,4.72767E+20,5.55533E+21,8.61883E+15,5.01495E+16
142851,6.1707E+18,6,4,12,0,2017,7,0,2,1,8,1,0,0,0,1,0,2,0,4.75572E+20,5.55015E+21,8.65841E+15,5.01031E+16
142852,6.1707E+18,6,4,12,0,2017,7,15,2,2,3,7,0,1,0,1,0,0,0,4.76872E+20,5.55206E+21,8.67647E+15,5.01203E+16
142853,6.1707E+18,6,4,11,0,2017,7,14,2,3,5,3,1,0,0,0,0,0,0,4.75045E+20,5.52844E+21,8.65246E+15,4.99079E+16
142854,6.1707E+18,6,4,11,0,2017,7,11,2,3,5,3,1,0,0,0,1,0,0,4.72923E+20,5.5217E+21,8.62338E+15,4.98471E+16
142855,6.1707E+18,6,4,11,0,2017,7,17,2,3,2,6,0,1,0,0,0,0,0,4.7324E+20,5.52592E+21,8.6275E+15,4.98851E+16
142856,6.1707E+18,6,6,35,3,2017,7,18,2,3,5,3,0,1,0,0,0,0,0,5.0813E+20,5.66392E+21,9.11617E+15,5.11267E+16
142857,6.1707E+18,6,4,39,17,2017,7,10,2,3,2,6,0,1,0,0,1,0,0,4.3944E+20,5.54394E+21,8.15419E+15,5.00447E+16
142858,6.1707E+18,6,4,38,2,2017,7,20,2,3,5,3,1,1,0,0,0,0,0,4.78348E+20,5.5391E+21,8.69786E+15,5.00038E+16
142859,6.1707E+18,6,4,38,6,2017,7,16,2,3,5,2,0,0,0,1,1,0,0,4.75165E+20,5.5383E+21,8.6535E+15,4.99965E+16
142860,6.1707E+18,6,4,34,11,2017,7,11,2,2,1,5,1,1,0,0,0,0,0,4.66918E+20,5.57776E+21,8.535E+15,5.0351E+16
142861,6.1707E+18,6,4,32,16,2017,7,13,2,3,5,3,1,1,0,0,0,0,0,4.81773E+20,5.51924E+21,8.74659E+15,4.98253E+16
142862,6.1707E+18,6,4,32,14,2017,7,11,2,3,9,1,0,0,0,1,0,0,0,4.78667E+20,5.51947E+21,8.7034E+15,4.98273E+16
142863,6.1707E+18,6,4,31,5,2017,7,16,2,2,5,3,1,1,0,0,0,0,0,4.60492E+20,5.49985E+21,8.45269E+15,4.96499E+16
142864,6.1707E+18,6,4,33,2,2017,7,17,2,3,5,3,1,1,0,0,0,0,0,4.53884E+20,5.5379E+21,8.35663E+15,4.99917E+16
142865,6.1707E+18,6,4,33,7,2017,7,11,2,3,2,2,0,1,0,0,0,0,0,4.66666E+20,5.54467E+21,8.53436E+15,5.00533E+16
142866,6.1707E+18,6,5,34,11,2017,7,18,2,3,0,7,0,0,0,1,1,0,1,4.94033E+20,5.62863E+21,8.91531E+15,5.08094E+16
142867,6.1707E+18,6,4,35,14,2017,7,16,2,3,6,6,0,0,1,0,1,0,0,4.94325E+20,5.55355E+21,8.92059E+15,5.01342E+16
142868,6.1707E+18,6,5,31,5,2017,7,10,2,3,5,3,0,1,0,0,0,0,0,4.78075E+20,5.60191E+21,8.6904E+15,5.05687E+16
142869,6.1707E+18,6,6,35,15,2017,7,6,1,3,0,6,0,1,0,0,0,0,0,4.91317E+20,5.6798E+21,8.87553E+15,5.12695E+16
142870,6.1707E+18,6,6,32,2,2017,7,13,1,2,1,5,0,1,0,0,0,0,0,5.48737E+20,5.63565E+21,9.69264E+15,5.08705E+16
142871,6.1707E+18,6,4,14,0,2017,7,3,1,3,1,5,0,1,0,0,0,2,1,4.40408E+20,5.54639E+21,8.16733E+15,5.00668E+16
142872,6.1707E+18,6,4,12,0,2017,7,11,1,3,5,3,1,1,0,0,0,0,0,4.71908E+20,5.54916E+21,8.60725E+15,5.00941E+16
142873,6.1707E+18,6,4,12,0,2017,7,14,1,3,5,3,0,1,0,0,0,0,0,4.73964E+20,5.54825E+21,8.63606E+15,5.00859E+16
142874,6.1707E+18,6,4,12,0,2017,7,18,1,3,5,2,0,1,0,0,0,0,0,4.77189E+20,5.54926E+21,8.68108E+15,5.00952E+16
142875,6.1707E+18,6,4,12,0,2017,7,21,1,3,5,3,1,1,0,0,0,1,0,4.76814E+20,5.55213E+21,8.67567E+15,5.01209E+16
142876,6.1707E+18,6,6,11,0,2017,7,16,1,3,5,3,0,1,0,0,0,0,0,5.32681E+20,5.68376E+21,9.46881E+15,5.13042E+16
142877,6.1707E+18,6,6,35,1,2017,7,18,1,2,6,7,0,1,1,0,0,0,0,4.7838E+20,5.65241E+21,8.69174E+15,5.10229E+16
142878,6.1707E+18,6,4,35,19,2017,7,19,1,2,5,3,1,0,0,0,0,0,0,4.88145E+20,5.5533E+21,8.83413E+15,5.01318E+16
142879,6.1707E+18,6,4,34,1,2017,7,18,1,2,8,1,0,0,0,1,0,0,1,4.74414E+20,5.56338E+21,8.64134E+15,5.02221E+16
142880,6.1707E+18,6,4,34,1,2017,7,13,1,3,2,6,0,1,0,1,0,0,0,4.70953E+20,5.56506E+21,8.59269E+15,5.0237E+16
142881,6.1707E+18,6,4,35,10,2017,7,2,1,3,8,1,0,1,0,0,0,2,1,5.12938E+20,5.56072E+21,9.18128E+15,5.01985E+16
142882,6.1707E+18,6,5,31,5,2017,7,19,7,3,2,6,0,0,0,1,1,1,1,4.75794E+20,5.60407E+21,8.65806E+15,5.0588E+16
142883,6.1707E+18,6,6,11,0,2017,7,14,7,3,0,7,0,1,0,0,0,0,1,5.36793E+20,5.68385E+21,9.5278E+15,5.13047E+16
142884,6.1707E+18,6,4,14,0,2017,7,19,7,3,2,6,0,1,0,0,1,0,1,4.44425E+20,5.54727E+21,8.22332E+15,5.00751E+16
142885,6.1707E+18,6,4,14,0,2017,7,12,7,3,2,6,0,1,0,0,0,0,1,4.45954E+20,5.5482E+21,8.24456E+15,5.00836E+16
142886,6.1707E+18,6,4,13,0,2017,7,12,7,2,6,2,0,1,1,0,0,0,1,4.83605E+20,5.54982E+21,8.77075E+15,5.01004E+16
142887,6.1707E+18,6,4,12,0,2017,7,6,7,3,1,1,0,1,0,0,0,0,0,4.76109E+20,5.56002E+21,8.66531E+15,5.01919E+16
142888,6.1707E+18,6,4,12,0,2017,7,17,7,3,8,7,0,1,0,0,0,0,1,4.72932E+20,5.55218E+21,8.62135E+15,5.01213E+16
142889,6.1707E+18,6,4,12,0,2017,7,9,7,2,6,4,0,1,1,0,0,0,1,4.7859E+20,5.55112E+21,8.70056E+15,5.01119E+16
142890,6.1707E+18,6,4,12,0,2017,7,18,7,3,6,7,0,1,1,0,0,0,0,4.76109E+20,5.55056E+21,8.6659E+15,5.01068E+16
142891,6.1707E+18,6,4,12,0,2017,7,0,7,3,3,2,1,1,0,0,0,2,0,4.78164E+20,5.55292E+21,8.6945E+15,5.01282E+16
142892,6.1707E+18,6,4,11,0,2017,7,23,7,3,2,6,0,1,0,0,0,2,1,4.74996E+20,5.52579E+21,8.65194E+15,4.9884E+16
142893,6.1707E+18,6,6,34,22,2017,7,15,7,3,0,1,0,0,0,1,0,0,1,5.17128E+20,5.64008E+21,9.24363E+15,5.09121E+16
142894,6.1707E+18,6,4,39,4,2017,7,16,7,3,5,2,0,1,0,0,0,0,1,4.26273E+20,5.5373E+21,7.9716E+15,4.99834E+16
142895,6.1707E+18,6,4,38,6,2017,7,11,7,3,5,3,0,1,0,0,0,0,1,4.77094E+20,5.53803E+21,8.68043E+15,4.99941E+16
142896,6.1707E+18,6,4,34,8,2017,7,14,7,3,5,3,1,1,0,0,0,0,1,4.71362E+20,5.56126E+21,8.59871E+15,5.02028E+16
142897,6.1707E+18,6,4,36,9,2017,7,15,7,2,5,3,1,1,0,0,0,0,1,4.61801E+20,5.54789E+21,8.46608E+15,5.0082E+16
142898,6.1707E+18,6,4,32,5,2017,7,21,7,3,1,1,1,1,0,0,0,1,1,4.88773E+20,5.53338E+21,8.8435E+15,4.99527E+16
142899,6.1707E+18,6,4,31,20,2017,7,12,7,3,5,3,1,1,0,0,0,0,1,4.68309E+20,5.48678E+21,8.56204E+15,4.95328E+16
142900,6.1707E+18,6,5,34,11,2017,7,12,7,3,5,3,0,1,0,0,0,0,0,4.90939E+20,5.63541E+21,8.87123E+15,5.08703E+16
142901,6.17063E+18,6,4,12,0,2017,6,7,6,3,1,6,1,1,0,0,0,0,0,4.77399E+20,5.54891E+21,8.68404E+15,5.0092E+16
142902,6.17063E+18,6,4,13,0,2017,6,8,6,3,1,7,1,1,0,0,0,0,0,4.828E+20,5.54993E+21,8.7595E+15,5.01013E+16
142903,6.17063E+18,6,6,11,0,2017,6,15,6,3,9,1,0,1,0,0,0,0,1,5.37526E+20,5.68455E+21,9.53839E+15,5.1311E+16
142904,6.17063E+18,6,4,12,0,2017,6,3,6,3,8,1,0,1,0,0,0,2,0,4.75507E+20,5.55684E+21,8.65708E+15,5.01632E+16
142905,6.17063E+18,6,4,14,0,2017,6,18,6,3,0,1,0,0,0,1,0,0,1,4.48431E+20,5.54822E+21,8.27917E+15,5.0084E+16
142906,6.1707E+18,6,5,34,6,2017,7,13,7,3,2,6,0,1,0,0,0,0,0,4.86543E+20,5.63384E+21,8.80881E+15,5.08561E+16
142907,6.17063E+18,6,4,35,7,2017,6,18,6,3,5,3,1,1,0,0,0,0,0,4.98603E+20,5.5567E+21,8.98045E+15,5.01625E+16
142908,6.17073E+18,6,5,31,5,2017,7,8,6,3,5,3,1,1,0,0,0,0,0,4.77414E+20,5.60402E+21,8.68094E+15,5.05877E+16
142909,6.17073E+18,6,6,36,14,2017,7,13,6,2,4,6,0,1,0,0,0,0,0,5.68541E+20,5.66506E+21,9.97961E+15,5.11329E+16
142910,6.17073E+18,6,6,35,22,2017,7,10,6,2,0,7,1,0,0,0,0,0,0,4.72746E+20,5.68242E+21,8.60914E+15,5.12924E+16
142911,6.17073E+18,6,6,11,0,2017,7,8,6,3,5,3,0,1,0,0,0,0,0,5.3578E+20,5.68706E+21,9.5136E+15,5.13337E+16
142912,6.17073E+18,6,6,11,0,2017,7,17,6,2,6,4,0,1,1,0,0,0,0,5.32464E+20,5.68475E+21,9.46579E+15,5.13131E+16
142913,6.17073E+18,6,4,14,0,2017,7,17,6,3,0,4,0,0,1,1,0,0,0,4.42253E+20,5.55033E+21,8.19251E+15,5.01024E+16
142914,6.17073E+18,6,4,31,16,2017,7,11,7,3,2,3,0,1,0,1,0,0,0,4.68785E+20,5.49917E+21,8.56762E+15,4.96443E+16
142915,6.17073E+18,6,4,40,4,2017,7,7,7,3,1,5,0,1,0,1,0,0,0,5.07725E+20,5.57177E+21,9.10846E+15,5.0298E+16
142916,6.17073E+18,6,4,38,12,2017,7,14,7,3,5,3,0,1,0,1,0,0,0,4.8774E+20,5.53515E+21,8.82904E+15,4.99686E+16
142917,6.17073E+18,6,4,32,2,2017,7,11,7,3,5,3,0,1,0,0,0,0,0,4.96304E+20,5.5347E+21,8.94846E+15,4.99647E+16
142918,6.17073E+18,6,4,32,18,2017,7,15,7,3,9,1,0,0,0,1,0,0,0,4.72988E+20,5.51404E+21,8.62481E+15,4.97782E+16
142919,6.17073E+18,6,4,12,0,2017,7,23,6,3,9,1,0,1,0,0,0,2,0,4.69583E+20,5.55021E+21,8.57466E+15,5.01034E+16
142920,6.17073E+18,6,4,12,0,2017,7,13,6,3,5,2,0,1,0,1,0,0,0,4.71301E+20,5.54944E+21,8.59874E+15,5.00966E+16
142921,6.17073E+18,6,4,12,0,2017,7,10,6,3,0,3,0,0,0,1,1,0,0,4.7469E+20,5.55253E+21,8.64593E+15,5.01245E+16
142922,6.17073E+18,6,4,12,0,2017,7,0,6,3,5,3,0,1,0,0,1,2,1,4.74478E+20,5.55172E+21,8.64302E+15,5.01172E+16
142923,6.17073E+18,6,4,12,0,2017,7,13,6,3,2,6,0,1,0,0,0,0,0,4.75732E+20,5.54943E+21,8.6607E+15,5.00967E+16
142924,6.17073E+18,6,4,31,3,2017,7,12,7,3,3,2,1,1,0,0,0,0,0,4.60322E+20,5.50398E+21,8.44992E+15,4.9687E+16
142925,6.17073E+18,6,4,33,11,2017,7,21,7,2,5,3,0,1,0,1,0,2,0,4.6402E+20,5.52054E+21,8.49965E+15,4.98362E+16
142926,6.17073E+18,6,6,31,9,2017,7,15,7,3,5,3,0,1,0,1,0,0,0,5.48292E+20,5.59899E+21,9.68151E+15,5.05408E+16
142927,6.17073E+18,6,6,31,4,2017,7,1,7,3,6,7,0,1,1,0,0,2,0,5.56667E+20,5.59293E+21,9.79877E+15,5.04856E+16
142928,6.17073E+18,6,4,35,6,2017,7,21,6,3,6,7,0,1,1,0,0,2,0,4.9365E+20,5.56082E+21,8.91103E+15,5.01996E+16
142929,6.17073E+18,6,4,12,0,2017,7,10,6,3,5,7,1,1,0,0,0,0,0,4.77081E+20,5.55142E+21,8.67943E+15,5.01146E+16
142930,6.17073E+18,6,4,12,0,2017,7,3,6,2,0,7,1,0,0,0,0,2,1,4.76634E+20,5.55089E+21,8.67321E+15,5.01098E+16
142931,6.17073E+18,6,4,11,0,2017,7,17,6,2,3,3,1,1,0,0,0,0,0,4.75377E+20,5.52882E+21,8.65706E+15,4.99112E+16
142932,6.17073E+18,6,6,35,3,2017,7,16,6,3,2,6,0,0,0,1,0,0,0,5.08469E+20,5.66326E+21,9.12101E+15,5.11207E+16
142933,6.17073E+18,6,6,33,6,2017,7,15,6,3,8,1,0,1,0,0,0,0,0,5.17762E+20,5.68123E+21,9.25468E+15,5.12822E+16
142934,6.17073E+18,6,6,11,0,2017,7,15,6,2,0,7,0,1,0,0,1,0,0,5.28964E+20,5.68205E+21,9.41535E+15,5.12891E+16
142935,6.17073E+18,6,6,33,3,2017,7,12,6,3,6,6,0,1,1,0,0,0,0,5.29311E+20,5.67973E+21,9.42014E+15,5.12682E+16
142936,6.17073E+18,6,4,39,1,2017,7,13,6,3,5,3,0,1,0,0,0,0,0,4.33067E+20,5.56423E+21,8.06164E+15,5.02264E+16
142937,6.17073E+18,6,4,38,2,2017,7,15,6,3,2,6,0,1,0,0,0,0,0,4.78891E+20,5.5426E+21,8.70525E+15,5.00353E+16
142938,6.17073E+18,6,4,38,9,2017,7,9,6,3,1,7,0,1,0,0,0,0,0,4.77715E+20,5.54465E+21,8.6887E+15,5.00537E+16
142939,6.17073E+18,6,4,38,10,2017,7,18,6,3,4,6,0,1,0,1,0,0,0,4.90525E+20,5.54664E+21,8.86759E+15,5.0072E+16
142940,6.17073E+18,6,4,40,21,2017,7,10,6,3,0,7,0,1,0,0,0,0,0,4.91073E+20,5.57817E+21,8.87451E+15,5.03555E+16
142941,6.17073E+18,6,4,31,20,2017,7,10,6,3,2,6,1,1,0,0,0,0,0,4.69872E+20,5.48876E+21,8.58348E+15,4.95507E+16
142942,6.17073E+18,6,4,33,12,2017,7,15,6,3,3,6,1,1,0,0,0,0,0,4.57922E+20,5.53775E+21,8.41299E+15,4.99906E+16
142943,6.17073E+18,6,4,33,7,2017,7,15,6,3,2,6,0,1,0,0,0,0,0,4.6457E+20,5.54426E+21,8.50512E+15,5.00495E+16
142944,6.17073E+18,6,5,34,14,2017,7,8,6,2,5,3,1,1,0,0,0,0,0,4.83955E+20,5.62847E+21,8.77227E+15,5.08077E+16
142945,6.17073E+18,6,5,32,14,2017,7,17,6,3,5,3,1,0,0,0,1,0,0,4.73508E+20,5.59518E+21,8.62639E+15,5.0508E+16
142946,6.17073E+18,6,5,32,3,2017,7,10,6,2,8,1,1,0,0,0,0,0,0,4.56907E+20,5.59615E+21,8.39217E+15,5.05157E+16
142947,6.17073E+18,6,5,31,5,2017,7,11,5,3,0,7,0,1,0,0,1,0,0,4.78879E+20,5.60561E+21,8.70154E+15,5.0602E+16
142948,6.17073E+18,6,6,33,9,2017,7,6,5,3,4,6,1,0,0,0,0,0,0,5.36646E+20,5.68893E+21,9.52622E+15,5.13504E+16
142949,6.17073E+18,6,4,14,0,2017,7,12,5,2,9,1,0,1,0,0,0,0,0,4.50197E+20,5.54386E+21,8.30443E+15,5.00449E+16
142950,6.17073E+18,6,4,14,0,2017,7,6,5,3,5,2,0,1,0,0,0,0,1,4.43033E+20,5.54424E+21,8.20433E+15,5.00477E+16
142951,6.17073E+18,6,4,12,0,2017,7,17,5,3,5,3,0,1,0,0,0,0,0,4.73572E+20,5.55566E+21,8.63007E+15,5.01526E+16
142952,6.17073E+18,6,4,12,0,2017,7,12,5,2,3,2,1,1,0,0,0,0,1,4.74567E+20,5.55076E+21,8.64432E+15,5.01086E+16
142953,6.17073E+18,6,4,11,0,2017,7,14,5,3,2,6,0,1,0,0,0,0,0,4.75419E+20,5.52228E+21,8.65806E+15,4.98524E+16
142954,6.17073E+18,6,4,11,0,2017,7,15,5,3,2,6,0,1,0,0,0,0,0,4.75762E+20,5.52561E+21,8.66262E+15,4.98824E+16
142955,6.17073E+18,6,6,35,3,2017,7,14,5,3,5,2,0,1,0,0,0,0,0,5.08332E+20,5.66283E+21,9.11904E+15,5.11169E+16
142956,6.17073E+18,6,4,38,9,2017,7,6,5,3,0,7,0,1,0,0,0,2,1,4.77167E+20,5.54334E+21,8.68113E+15,5.0042E+16
142957,6.17073E+18,6,5,32,12,2017,7,14,5,3,6,7,0,1,1,0,0,0,1,4.5088E+20,5.61464E+21,8.30473E+15,5.06815E+16
142958,6.17073E+18,6,4,32,4,2017,7,10,5,3,2,6,0,1,0,0,1,0,1,4.90546E+20,5.52804E+21,8.86834E+15,4.99047E+16
142959,6.17073E+18,6,4,31,13,2017,7,14,5,3,2,7,0,1,0,1,0,0,0,4.62562E+20,5.49362E+21,8.48196E+15,4.9594E+16
142960,6.17073E+18,6,4,33,12,2017,7,8,5,3,1,5,1,1,0,0,0,0,1,4.57367E+20,5.53799E+21,8.40521E+15,4.99927E+16
142961,6.17073E+18,6,4,33,5,2017,7,6,5,3,8,2,0,0,0,1,0,1,1,4.52179E+20,5.53769E+21,8.33288E+15,4.99896E+16
142962,6.17073E+18,6,4,33,6,2017,7,14,5,3,0,2,0,1,0,0,1,0,0,4.63985E+20,5.52877E+21,8.4984E+15,4.99103E+16
142963,6.17073E+18,6,5,34,8,2017,7,23,5,3,8,1,0,1,0,0,0,2,1,4.898E+20,5.6198E+21,8.85548E+15,5.07299E+16
142964,6.17073E+18,6,5,31,5,2017,7,16,5,3,2,6,0,1,0,0,0,0,1,4.75529E+20,5.6017E+21,8.65446E+15,5.05667E+16
142965,6.17073E+18,6,4,35,21,2017,7,15,4,3,5,3,1,1,0,0,0,0,0,4.91039E+20,5.56389E+21,8.87436E+15,5.02271E+16
142966,6.17073E+18,6,6,35,15,2017,7,22,4,2,9,1,0,0,0,1,0,2,0,4.91606E+20,5.67948E+21,8.87969E+15,5.12666E+16
142967,6.17073E+18,6,4,12,0,2017,7,20,4,3,4,7,1,1,0,0,0,0,0,4.67939E+20,5.54991E+21,8.55171E+15,5.01006E+16
142968,6.17073E+18,6,4,12,0,2017,7,17,4,3,5,2,0,1,0,0,0,0,0,4.74525E+20,5.55123E+21,8.64371E+15,5.01127E+16
142969,6.17073E+18,6,4,12,0,2017,7,18,4,3,0,7,1,0,0,0,1,0,0,4.74083E+20,5.55029E+21,8.63758E+15,5.01043E+16
142970,6.17073E+18,6,4,12,0,2017,7,14,4,3,2,6,0,1,0,0,0,0,0,4.76236E+20,5.55061E+21,8.66767E+15,5.01073E+16
142971,6.17073E+18,6,4,12,0,2017,7,17,4,3,2,6,0,1,0,0,0,0,0,4.77311E+20,5.5527E+21,8.68258E+15,5.01261E+16
142972,6.17073E+18,6,4,11,0,2017,7,16,4,2,5,3,1,1,0,0,0,0,0,4.74455E+20,5.52643E+21,8.64438E+15,4.98898E+16
142973,6.17073E+18,6,4,11,0,2017,7,16,4,3,2,6,0,1,0,0,0,0,0,4.73954E+20,5.52581E+21,8.63744E+15,4.98841E+16
142974,6.17073E+18,6,4,40,3,2017,7,7,4,3,0,3,0,0,0,0,1,0,0,4.80911E+20,5.55831E+21,8.73267E+15,5.01767E+16
142975,6.17073E+18,6,5,34,14,2017,7,12,4,3,5,3,0,1,0,0,0,0,1,4.83706E+20,5.63208E+21,8.76858E+15,5.08402E+16
142976,6.17073E+18,6,5,31,8,2017,7,22,4,2,2,6,0,1,0,1,0,2,0,4.92666E+20,5.59071E+21,8.89666E+15,5.04684E+16
142977,6.17073E+18,6,6,31,6,2017,7,11,4,3,8,1,0,1,0,0,0,0,1,5.50697E+20,5.59307E+21,9.71466E+15,5.04874E+16
142978,6.17073E+18,6,6,36,3,2017,7,19,3,3,8,1,0,1,0,0,0,0,1,5.7344E+20,5.67086E+21,1.00508E+16,5.11844E+16
142979,6.17073E+18,6,4,14,0,2017,7,17,3,3,5,3,0,1,0,0,0,0,1,4.50088E+20,5.53917E+21,8.30352E+15,5.00028E+16