OBJECTID,UIDENTSTLA,ULAND,UREGBEZ,UKREIS,UGEMEINDE,UJAHR,UMONAT,USTUNDE,UWOCHENTAG,UKATEGORIE,UART,UTYP1,IstRad,IstPKW,IstFuss,IstKrad,IstSonstig,LICHT,STRZUSTAND,LINREFX,LINREFY,XGCSWGS84,YGCSWGS84
143326,6.1708E+18,6,4,32,18,2017,8,16,6,3,1,1,0,1,0,1,0,0,0,4.6789E+20,5.51531E+21,8.5539E+15,4.97894E+16
143327,6.1708E+18,6,4,32,14,2017,8,18,6,3,4,6,1,0,0,1,0,0,1,4.76136E+20,5.51526E+21,8.66847E+15,4.97893E+16
143328,6.1708E+18,6,4,32,8,2017,8,19,6,3,2,6,0,1,0,0,0,0,0,4.68685E+20,5.52428E+21,8.56422E+15,4.98701E+16
143329,6.1708E+18,6,5,34,7,2017,8,10,6,3,5,3,0,1,0,0,0,0,0,4.67977E+20,5.63417E+21,8.54501E+15,5.08583E+16
143330,6.1708E+18,6,4,31,13,2017,8,22,6,3,1,5,0,1,0,1,0,2,0,4.61765E+20,5.4936E+21,8.47094E+15,4.95938E+16
143331,6.1708E+18,6,4,33,12,2017,8,11,6,3,5,3,1,1,0,0,0,0,0,4.5905E+20,5.53674E+21,8.42883E+15,4.99816E+16
143332,6.1708E+18,6,6,31,6,2017,8,13,6,3,5,3,0,1,0,0,0,0,0,5.52132E+20,5.59216E+21,9.73475E+15,5.04791E+16
143333,6.1708E+18,6,6,31,11,2017,8,15,6,3,3,6,0,1,0,0,0,0,0,5.39507E+20,5.60264E+21,9.55793E+15,5.05744E+16
143334,6.1708E+18,6,5,32,15,2017,8,19,6,3,5,3,1,1,0,0,0,0,0,4.68255E+20,5.60411E+21,8.55156E+15,5.0588E+16
143335,6.1708E+18,6,5,31,14,2017,8,6,6,3,4,1,1,1,0,0,0,0,0,4.80388E+20,5.59827E+21,8.72325E+15,5.0536E+16
143336,6.1708E+18,6,6,35,15,2017,8,22,5,3,0,1,1,0,0,0,0,2,0,4.91809E+20,5.67954E+21,8.8826E+15,5.12671E+16
143337,6.1708E+18,6,6,32,2,2017,8,16,5,3,0,1,0,0,0,1,0,0,0,5.50765E+20,5.63549E+21,9.72143E+15,5.08689E+16
143338,6.1708E+18,6,5,33,16,2017,8,19,5,3,5,3,0,1,0,0,0,0,0,4.38643E+20,5.5958E+21,8.13465E+15,5.0511E+16
143339,6.1708E+18,6,4,12,0,2017,8,12,5,3,2,6,0,1,0,0,1,0,0,4.71317E+20,5.55106E+21,8.59885E+15,5.01111E+16
143340,6.1708E+18,6,4,12,0,2017,8,11,5,2,4,7,0,1,0,1,0,0,0,4.74907E+20,5.55388E+21,8.64887E+15,5.01367E+16
143341,6.1708E+18,6,4,12,0,2017,8,13,5,3,5,3,1,1,0,0,0,0,0,4.76723E+20,5.55167E+21,8.67442E+15,5.01169E+16
143342,6.1708E+18,6,4,37,11,2017,8,15,5,2,5,3,0,1,0,1,0,0,0,4.99999E+20,5.5027E+21,8.99998E+15,4.96768E+16
143343,6.1708E+18,6,4,11,0,2017,8,9,5,3,5,3,1,1,0,0,0,0,1,4.74048E+20,5.52506E+21,8.6388E+15,4.98774E+16
143344,6.1708E+18,6,4,11,0,2017,8,9,5,3,5,3,1,1,0,0,0,0,1,4.74363E+20,5.52325E+21,8.6433E+15,4.98611E+16
143345,6.1708E+18,6,4,11,0,2017,8,17,5,3,5,3,0,1,0,0,0,0,0,4.73577E+20,5.52353E+21,8.63235E+15,4.98636E+16
143346,6.1708E+18,6,6,34,18,2017,8,15,5,2,4,1,1,1,0,0,0,0,0,5.22962E+20,5.67584E+21,9.32888E+15,5.12335E+16
143347,6.1708E+18,6,4,38,9,2017,8,20,5,3,6,7,0,0,1,0,1,0,0,4.77229E+20,5.54373E+21,8.68197E+15,5.00455E+16
143348,6.1708E+18,6,4,38,6,2017,8,13,5,3,5,2,0,1,0,1,0,0,0,4.7652E+20,5.53802E+21,8.67242E+15,4.99941E+16
143349,6.1708E+18,6,4,35,9,2017,8,17,5,3,5,3,0,1,0,1,0,0,0,5.10082E+20,5.55504E+21,9.14111E+15,5.01475E+16
143350,6.1708E+18,6,5,32,5,2017,8,5,5,3,5,2,0,1,0,1,0,0,0,4.5298E+20,5.63129E+21,8.33232E+15,5.08314E+16
143351,6.1708E+18,6,4,38,1,2017,8,15,5,2,5,3,1,0,0,0,1,0,0,4.85945E+20,5.54097E+21,8.8038E+15,5.00209E+16
143352,6.1708E+18,6,4,11,0,2017,8,17,5,3,0,1,1,0,0,0,0,0,0,4.73583E+20,5.51784E+21,8.63281E+15,4.98124E+16
143353,6.1708E+18,6,4,32,8,2017,8,8,5,3,9,1,0,1,0,0,0,0,1,4.69825E+20,5.52443E+21,8.58008E+15,4.98715E+16
143354,6.1708E+18,6,5,34,5,2017,8,14,5,3,5,2,0,1,0,0,0,0,0,4.61135E+20,5.63746E+21,8.44746E+15,5.08875E+16
143355,6.1708E+18,6,4,33,10,2017,8,14,5,3,2,6,0,1,0,0,0,0,0,4.60431E+20,5.53939E+21,8.44781E+15,5.00056E+16
143356,6.1708E+18,6,4,35,14,2017,8,12,5,2,0,1,1,0,0,0,0,0,0,4.94914E+20,5.55261E+21,8.92885E+15,5.01257E+16
143357,6.1708E+18,6,4,35,14,2017,8,10,5,3,0,7,0,1,0,0,1,0,1,4.93288E+20,5.55308E+21,8.90609E+15,5.01299E+16
143358,6.1708E+18,6,5,32,14,2017,8,12,5,3,5,3,0,1,0,0,0,0,0,4.72879E+20,5.59587E+21,8.61747E+15,5.05142E+16
143359,6.1708E+18,6,6,11,0,2017,8,22,4,3,0,1,1,0,0,0,0,2,0,5.33625E+20,5.68439E+21,9.48242E+15,5.13099E+16
143360,6.1708E+18,6,4,12,0,2017,8,13,4,3,3,2,0,1,0,0,1,0,0,4.67409E+20,5.55066E+21,8.54423E+15,5.01073E+16
143361,6.1708E+18,6,4,12,0,2017,8,8,4,2,5,3,1,1,0,0,0,0,0,4.74195E+20,5.55941E+21,8.63854E+15,5.01864E+16
143362,6.1708E+18,6,4,12,0,2017,8,9,4,3,2,2,0,1,0,0,1,0,0,4.75114E+20,5.55228E+21,8.65187E+15,5.01222E+16
143363,6.1708E+18,6,4,12,0,2017,8,22,4,3,0,3,1,1,0,0,0,2,0,4.75571E+20,5.54994E+21,8.65842E+15,5.01012E+16
143364,6.1708E+18,6,4,12,0,2017,8,16,4,3,1,5,1,1,0,0,0,0,0,4.76701E+20,5.55212E+21,8.67408E+15,5.01209E+16
143365,6.1708E+18,6,6,33,3,2017,8,5,4,3,5,2,0,1,0,1,0,0,0,5.3E+20,5.67791E+21,9.42986E+15,5.12517E+16
143366,6.1708E+18,6,6,33,3,2017,8,19,4,3,0,7,1,1,0,0,0,0,0,5.28945E+20,5.67886E+21,9.41483E+15,5.12603E+16
143367,6.1708E+18,6,4,38,2,2017,8,14,4,3,5,3,1,1,0,0,0,0,0,4.77759E+20,5.54186E+21,8.68948E+15,5.00286E+16
143368,6.1708E+18,6,4,38,11,2017,8,16,4,3,5,3,1,1,0,0,0,0,0,4.91457E+20,5.5429E+21,8.8807E+15,5.00383E+16
143369,6.1708E+18,6,4,34,8,2017,8,1,4,3,0,7,1,0,0,0,0,2,0,4.70566E+20,5.56075E+21,8.5876E+15,5.01982E+16
143370,6.1708E+18,6,4,31,11,2017,8,13,4,3,1,7,0,1,0,0,1,0,0,4.72713E+20,5.49794E+21,8.62211E+15,4.96334E+16
143371,6.1708E+18,6,4,31,19,2017,8,6,4,3,0,1,0,0,0,1,0,0,0,4.82496E+20,5.49619E+21,8.75767E+15,4.9618E+16
143372,6.1708E+18,6,4,40,19,2017,8,15,4,3,3,2,0,1,0,1,0,0,0,5.10415E+20,5.57922E+21,9.14644E+15,5.0365E+16
143373,6.1708E+18,6,4,32,19,2017,8,23,4,3,6,2,0,1,1,0,0,2,0,4.89262E+20,5.51938E+21,8.85071E+15,4.98267E+16
143374,6.1708E+18,6,4,31,20,2017,8,17,4,3,6,7,1,0,1,0,0,0,0,4.70637E+20,5.48675E+21,8.5942E+15,4.95326E+16
143375,6.1708E+18,6,4,31,3,2017,8,14,4,3,5,3,0,1,0,1,0,0,0,4.57521E+20,5.50386E+21,8.4111E+15,4.96858E+16
143376,6.1708E+18,6,5,35,13,2017,8,18,4,3,5,3,0,1,0,0,0,0,0,5.02278E+20,5.61013E+21,9.03222E+15,5.0643E+16
143377,6.1708E+18,6,4,33,5,2017,8,23,4,3,1,3,1,0,0,0,1,2,0,4.52149E+20,5.53581E+21,8.33269E+15,4.99727E+16
143378,6.1708E+18,6,4,33,1,2017,8,22,4,2,3,6,1,1,0,0,0,2,0,4.61892E+20,5.51546E+21,8.47056E+15,4.97904E+16
143379,6.1708E+18,6,5,34,14,2017,8,19,4,3,5,3,0,1,0,0,0,0,0,4.82713E+20,5.63273E+21,8.75445E+15,5.0846E+16
143380,6.1708E+18,6,6,31,9,2017,8,18,4,3,1,7,0,1,0,0,0,0,0,5.48665E+20,5.60115E+21,9.68706E+15,5.05602E+16
143381,6.1708E+18,6,6,32,2,2017,8,20,3,2,0,7,0,0,0,0,1,0,0,5.51701E+20,5.63429E+21,9.73457E+15,5.0858E+16
143382,6.1708E+18,6,4,14,0,2017,8,11,3,3,0,1,0,0,0,1,0,0,1,4.42727E+20,5.54732E+21,8.19959E+15,5.00753E+16
143383,6.1708E+18,6,4,13,0,2017,8,21,3,2,1,5,1,1,0,0,0,2,0,4.83233E+20,5.54939E+21,8.76557E+15,5.00965E+16
143384,6.1708E+18,6,4,13,0,2017,8,17,3,3,2,6,0,1,0,1,0,0,1,4.83163E+20,5.55055E+21,8.76455E+15,5.0107E+16
143385,6.1708E+18,6,4,13,0,2017,8,15,3,3,6,2,0,1,1,0,0,0,1,4.85879E+20,5.5482E+21,8.80261E+15,5.00859E+16
143386,6.1708E+18,6,4,12,0,2017,8,18,3,3,0,7,1,1,0,0,0,0,0,4.74712E+20,5.55164E+21,8.64629E+15,5.01165E+16
143387,6.1708E+18,6,4,12,0,2017,8,14,3,3,0,7,0,0,0,1,1,0,1,4.81507E+20,5.55212E+21,8.74131E+15,5.01211E+16
143388,6.1708E+18,6,4,12,0,2017,8,20,3,3,1,5,1,1,0,0,0,0,0,4.7586E+20,5.55227E+21,8.66231E+15,5.01222E+16
143389,6.1708E+18,6,4,11,0,2017,8,16,3,3,4,1,0,1,0,0,0,0,1,4.72403E+20,5.52488E+21,8.61592E+15,4.98757E+16
143390,6.1708E+18,6,6,34,7,2017,8,6,3,3,5,3,0,1,0,0,0,0,0,5.25963E+20,5.67017E+21,9.37146E+15,5.11824E+16
143391,6.1708E+18,6,4,35,9,2017,8,18,3,2,9,1,0,1,0,0,0,0,0,5.1045E+20,5.55582E+21,9.14629E+15,5.01545E+16
143392,6.1708E+18,6,4,40,3,2017,8,17,3,3,0,1,0,0,0,1,0,0,1,4.80732E+20,5.55736E+21,8.7302E+15,5.01681E+16
143393,6.1708E+18,6,4,40,2,2017,8,14,3,3,2,6,0,1,0,0,0,0,0,4.82201E+20,5.5784E+21,8.74979E+15,5.03574E+16
143394,6.1708E+18,6,4,31,13,2017,8,12,3,3,2,6,0,1,0,0,0,0,0,4.62427E+20,5.49359E+21,8.4801E+15,4.95937E+16
143395,6.1708E+18,6,4,31,13,2017,8,12,3,3,5,3,1,1,0,0,0,0,0,4.61953E+20,5.49342E+21,8.47355E+15,4.95922E+16
143396,6.1708E+18,6,4,31,13,2017,8,10,3,3,3,2,0,1,0,1,0,0,0,4.62919E+20,5.49417E+21,8.48685E+15,4.9599E+16
143397,6.1708E+18,6,4,33,8,2017,8,13,3,3,5,3,1,1,0,0,0,0,0,4.69714E+20,5.53942E+21,8.57735E+15,5.00063E+16
143398,6.1708E+18,6,5,32,23,2017,8,11,3,3,0,7,0,0,1,0,1,0,0,4.64643E+20,5.60031E+21,8.50089E+15,5.05537E+16
143399,6.1708E+18,6,5,32,21,2017,8,18,3,2,1,7,0,1,1,0,0,0,0,4.57345E+20,5.59955E+21,8.39797E+15,5.05463E+16
143400,6.1708E+18,6,5,32,23,2017,8,11,3,3,5,3,0,1,0,0,0,0,1,4.65039E+20,5.60069E+21,8.50645E+15,5.05571E+16
143401,6.1708E+18,6,5,31,16,2017,8,7,3,3,5,3,0,1,0,1,0,0,1,4.88026E+20,5.605E+21,8.83081E+15,5.05968E+16
143402,6.17073E+18,6,5,31,5,2017,7,16,2,3,3,6,1,1,0,0,0,0,0,4.78657E+20,5.60466E+21,8.69847E+15,5.05934E+16
143403,6.17073E+18,6,5,33,14,2017,7,18,2,3,5,2,0,1,0,0,1,0,0,4.45547E+20,5.57665E+21,8.2348E+15,5.03394E+16
143404,6.17073E+18,6,4,14,0,2017,7,13,2,2,3,6,0,1,0,1,0,0,0,4.44556E+20,5.54833E+21,8.225E+15,5.00846E+16
143405,6.17073E+18,6,4,14,0,2017,7,6,2,3,5,2,0,1,0,0,0,0,0,4.4599E+20,5.54773E+21,8.24513E+15,5.00794E+16
143406,6.17073E+18,6,4,12,0,2017,7,8,2,3,5,2,0,1,0,0,0,0,0,4.70724E+20,5.54962E+21,8.59067E+15,5.00981E+16
143407,6.17073E+18,6,4,12,0,2017,7,17,2,2,6,4,0,1,1,0,0,0,0,4.78527E+20,5.55041E+21,8.69973E+15,5.01055E+16
143408,6.17073E+18,6,4,12,0,2017,7,21,2,3,1,5,1,1,0,0,0,1,0,4.76904E+20,5.54962E+21,8.67707E+15,5.00984E+16
143409,6.17073E+18,6,4,12,0,2017,7,10,2,3,0,6,1,1,0,0,0,0,0,4.7841E+20,5.55151E+21,8.69802E+15,5.01155E+16
143410,6.17073E+18,6,4,12,0,2017,7,12,2,2,3,6,0,1,0,1,0,0,0,4.76815E+20,5.55221E+21,8.67567E+15,5.01217E+16
143411,6.17073E+18,6,4,11,0,2017,7,14,2,3,0,3,0,0,0,1,0,0,1,4.73202E+20,5.5234E+21,8.62714E+15,4.98624E+16
143412,6.17073E+18,6,4,11,0,2017,7,13,2,3,6,4,0,0,1,0,1,0,0,4.7498E+20,5.52584E+21,8.65172E+15,4.98844E+16
143413,6.17073E+18,6,4,11,0,2017,7,18,2,3,4,3,1,1,0,0,0,0,0,4.74916E+20,5.52546E+21,8.65085E+15,4.9881E+16
143414,6.17073E+18,6,6,36,6,2017,7,10,2,3,4,3,0,1,0,1,0,0,0,5.50364E+20,5.67217E+21,9.72083E+15,5.11987E+16
143415,6.17073E+18,6,4,38,9,2017,7,9,2,3,5,2,1,1,0,0,0,0,0,4.76994E+20,5.54436E+21,8.67864E+15,5.00511E+16
143416,6.17073E+18,6,4,40,4,2017,7,18,2,3,1,3,0,1,0,0,0,0,0,5.07946E+20,5.57102E+21,9.11155E+15,5.02913E+16
143417,6.17073E+18,6,4,31,13,2017,7,18,2,3,5,3,0,1,0,1,0,0,0,4.57636E+20,5.50073E+21,8.41304E+15,4.96576E+16
143418,6.17073E+18,6,5,35,1,2017,7,12,2,3,0,7,0,0,0,1,0,0,0,5.19408E+20,5.62245E+21,9.27513E+15,5.07535E+16
143419,6.17073E+18,6,4,33,12,2017,7,8,2,3,6,4,0,1,1,0,0,0,0,4.58038E+20,5.53828E+21,8.41454E+15,4.99954E+16
143420,6.17073E+18,6,4,12,0,2017,7,15,2,3,5,3,0,1,0,0,0,0,0,4.81399E+20,5.55424E+21,8.73969E+15,5.01401E+16
143421,6.17073E+18,6,4,11,0,2017,7,14,1,3,5,3,1,0,0,0,0,0,0,4.74009E+20,5.52477E+21,8.63827E+15,4.98747E+16
143422,6.17073E+18,6,4,31,2,2017,7,22,1,3,1,5,1,0,0,0,1,2,0,4.72849E+20,5.50248E+21,8.62368E+15,4.96743E+16
143423,6.17073E+18,6,5,31,18,2017,7,14,7,3,5,3,1,1,0,0,0,0,0,4.7773E+20,5.60953E+21,8.68508E+15,5.06372E+16
143424,6.17073E+18,6,6,36,1,2017,7,11,7,2,5,3,1,0,0,1,0,0,0,5.67779E+20,5.67964E+21,9.97146E+15,5.12641E+16
143425,6.17073E+18,6,6,34,1,2017,7,14,7,3,4,6,1,0,0,0,0,0,0,5.19588E+20,5.65516E+21,9.27944E+15,5.10476E+16
143426,6.17073E+18,6,4,14,0,2017,7,3,7,3,1,5,0,1,0,0,0,2,0,4.52284E+20,5.55214E+21,8.33255E+15,5.01196E+16
143427,6.17073E+18,6,4,13,0,2017,7,14,7,3,5,3,0,1,0,0,0,0,0,4.83631E+20,5.54962E+21,8.77113E+15,5.00986E+16
143428,6.17073E+18,6,4,36,3,2017,7,19,7,3,3,2,1,1,0,0,0,0,0,4.69742E+20,5.55459E+21,8.57654E+15,5.01428E+16
143429,6.17073E+18,6,4,12,0,2017,7,19,7,3,4,6,1,0,0,1,0,0,0,4.7582E+20,5.55881E+21,8.66134E+15,5.0181E+16
143430,6.17073E+18,6,4,12,0,2017,7,12,7,3,5,3,1,1,0,0,0,0,0,4.76781E+20,5.55134E+21,8.67524E+15,5.01138E+16
143431,6.17073E+18,6,6,35,9,2017,7,20,7,3,4,6,1,1,0,0,0,0,0,5.01684E+20,5.67023E+21,9.02409E+15,5.11835E+16
143432,6.17073E+18,6,4,38,2,2017,7,10,7,3,6,7,0,1,1,0,0,0,0,4.78189E+20,5.54086E+21,8.69553E+15,5.00197E+16
143433,6.17073E+18,6,4,38,9,2017,7,14,7,3,0,7,0,1,0,0,1,0,0,4.76838E+20,5.54395E+21,8.67649E+15,5.00474E+16
143434,6.17073E+18,6,4,34,5,2017,7,11,7,2,0,7,0,1,1,0,0,0,0,4.61939E+20,5.55904E+21,8.4669E+15,5.01823E+16
143435,6.17081E+18,6,6,33,26,2017,8,17,7,3,5,3,0,1,0,0,0,0,1,5.32551E+20,5.68934E+21,9.46746E+15,5.13544E+16
143436,6.17082E+18,6,4,36,8,2017,8,19,5,3,5,3,1,1,0,0,0,0,0,4.61437E+20,5.55295E+21,8.46048E+15,5.01276E+16
143437,6.17082E+18,6,4,31,11,2017,8,9,5,2,4,6,0,1,0,1,0,0,0,4.77491E+20,5.49926E+21,8.68821E+15,4.96455E+16
143438,6.17082E+18,6,4,35,2,2017,8,18,5,3,6,4,0,1,1,0,0,0,0,5.27503E+20,5.57583E+21,9.38644E+15,5.03339E+16
143439,6.17082E+18,6,4,32,2,2017,8,16,5,3,6,4,0,1,1,0,0,0,0,4.96562E+20,5.53336E+21,8.95208E+15,4.99525E+16
143440,6.17082E+18,6,4,12,0,2017,8,7,5,2,6,4,0,1,1,0,0,0,0,4.71314E+20,5.54939E+21,8.59893E+15,5.00961E+16
143441,6.17082E+18,6,4,12,0,2017,8,8,5,3,1,5,0,1,0,0,0,0,0,4.71175E+20,5.55043E+21,8.5969E+15,5.01054E+16
143442,6.17082E+18,6,4,12,0,2017,8,18,5,3,5,3,0,1,0,0,1,0,0,4.70166E+20,5.54811E+21,8.58298E+15,5.00845E+16
143443,6.17082E+18,6,4,12,0,2017,8,15,5,2,5,2,0,1,0,1,0,0,0,4.744E+20,5.54831E+21,8.64215E+15,5.00865E+16
143444,6.17082E+18,6,4,32,8,2017,8,15,5,2,5,3,1,1,0,0,0,0,0,4.68469E+20,5.52261E+21,8.56135E+15,4.9855E+16
143445,6.17082E+18,6,4,40,8,2017,8,15,5,2,5,2,0,1,0,1,0,0,0,4.82601E+20,5.57516E+21,8.75556E+15,5.03283E+16
143446,6.17082E+18,6,6,11,0,2017,8,17,5,3,5,3,0,1,0,0,0,0,0,5.32461E+20,5.68253E+21,9.46555E+15,5.12932E+16
143447,6.17082E+18,6,6,11,0,2017,8,11,5,3,5,3,0,1,0,1,0,0,0,5.32331E+20,5.6867E+21,9.46406E+15,5.13307E+16
143448,6.17082E+18,6,4,38,9,2017,8,13,5,3,2,6,0,1,0,0,0,0,0,4.78185E+20,5.54366E+21,8.69532E+15,5.00448E+16
143449,6.17082E+18,6,4,38,10,2017,8,18,5,3,1,5,0,1,0,0,0,0,0,4.89511E+20,5.54682E+21,8.85342E+15,5.00736E+16
143450,6.17082E+18,6,4,34,1,2017,8,19,5,3,3,6,1,1,0,0,0,0,0,4.72597E+20,5.56446E+21,8.61578E+15,5.02317E+16
143451,6.17082E+18,6,4,33,7,2017,8,17,5,2,6,4,0,1,1,0,0,0,0,4.6623E+20,5.54649E+21,8.52811E+15,5.00697E+16
143452,6.17082E+18,6,4,33,3,2017,8,16,5,3,1,7,0,1,0,0,0,0,0,4.65133E+20,5.52787E+21,8.51447E+15,4.99022E+16
143453,6.17082E+18,6,4,33,6,2017,8,12,5,3,5,3,1,1,0,0,0,0,0,4.62547E+20,5.53029E+21,8.47822E+15,4.99238E+16
143454,6.17082E+18,6,4,33,1,2017,8,9,5,3,5,2,1,1,0,0,0,0,0,4.62339E+20,5.51427E+21,8.47689E+15,4.97797E+16
143455,6.17082E+18,6,6,36,14,2017,8,5,4,3,5,2,0,1,0,0,0,1,1,5.68531E+20,5.66529E+21,9.9795E+15,5.1135E+16
143456,6.17082E+18,6,6,11,0,2017,8,14,4,3,0,5,1,1,0,0,0,0,0,5.33668E+20,5.68477E+21,9.48307E+15,5.13132E+16
143457,6.17082E+18,6,4,14,0,2017,8,15,4,2,6,4,0,1,1,0,0,0,0,4.44269E+20,5.54653E+21,8.22125E+15,5.00684E+16
143458,6.17082E+18,6,4,12,0,2017,8,19,4,3,2,6,0,1,0,0,0,0,0,4.75463E+20,5.55519E+21,8.65657E+15,5.01484E+16
143459,6.17082E+18,6,4,12,0,2017,8,11,4,3,5,3,0,1,0,0,0,0,0,4.75997E+20,5.55397E+21,8.66412E+15,5.01375E+16
143460,6.17082E+18,6,4,12,0,2017,8,11,4,3,0,3,0,1,0,1,0,0,0,4.79016E+20,5.55355E+21,8.70639E+15,5.01338E+16
143461,6.17082E+18,6,4,37,6,2017,8,15,4,3,0,7,1,0,0,0,0,0,0,4.9954E+20,5.5015E+21,8.99362E+15,4.9666E+16
143462,6.17082E+18,6,4,11,0,2017,8,7,4,3,0,6,1,0,1,0,0,0,0,4.76325E+20,5.52593E+21,8.67044E+15,4.98853E+16
143463,6.17082E+18,6,4,11,0,2017,8,13,4,3,5,3,1,1,0,0,0,0,0,4.76403E+20,5.52558E+21,8.67154E+15,4.98821E+16
143464,6.17082E+18,6,6,33,13,2017,8,11,4,2,5,2,1,1,0,0,0,0,0,5.27227E+20,5.70471E+21,9.39218E+15,5.14929E+16
143465,6.17082E+18,6,6,11,0,2017,8,7,4,2,6,4,0,1,1,0,0,0,0,5.30976E+20,5.68137E+21,9.44416E+15,5.12829E+16
143466,6.17082E+18,6,6,34,5,2017,8,17,4,3,2,6,0,1,0,0,0,0,0,5.19485E+20,5.66338E+21,9.27842E+15,5.11216E+16
143467,6.17082E+18,6,4,39,15,2017,8,10,4,3,0,7,1,0,0,0,1,0,0,4.42157E+20,5.55916E+21,8.18983E+15,5.01819E+16
143468,6.17082E+18,6,4,38,6,2017,8,17,4,3,5,3,1,1,0,0,0,0,0,4.76297E+20,5.53769E+21,8.66932E+15,4.99911E+16
143469,6.17082E+18,6,4,34,12,2017,8,14,4,3,4,7,1,1,0,0,0,0,0,4.69205E+20,5.57222E+21,8.5676E+15,5.03012E+16
143470,6.17082E+18,6,4,36,4,2017,8,7,4,3,5,3,1,1,0,0,0,0,0,4.59017E+20,5.54028E+21,8.42799E+15,5.00135E+16
143471,6.17082E+18,6,4,35,12,2017,8,17,4,3,5,3,1,1,0,0,0,0,0,5.07915E+20,5.56089E+21,9.1109E+15,5.02001E+16
143472,6.17082E+18,6,4,40,16,2017,8,17,4,3,5,3,0,0,0,1,1,0,0,5.00733E+20,5.58425E+21,9.01031E+15,5.04103E+16
143473,6.17082E+18,6,4,40,14,2017,8,12,4,3,3,6,1,0,0,0,1,0,0,4.98846E+20,5.56901E+21,8.9838E+15,5.02732E+16
143474,6.17082E+18,6,4,38,12,2017,8,18,4,3,5,3,0,1,0,0,0,0,0,4.87091E+20,5.53856E+21,8.81988E+15,4.99992E+16
143475,6.17082E+18,6,4,38,12,2017,8,17,4,2,5,3,1,1,0,0,0,0,0,4.87515E+20,5.5364E+21,8.82587E+15,4.99798E+16
143476,6.17082E+18,6,4,32,15,2017,8,9,4,3,0,1,0,0,0,1,0,0,0,4.89461E+20,5.52925E+21,8.8532E+15,4.99156E+16
143477,6.17082E+18,6,4,33,12,2017,8,2,4,3,5,3,0,1,0,0,0,2,0,4.59762E+20,5.53679E+21,8.43875E+15,4.99821E+16
143478,6.17082E+18,6,5,34,11,2017,8,19,4,3,5,3,1,1,0,0,0,0,0,4.94198E+20,5.63019E+21,8.91763E+15,5.08234E+16
143479,6.17082E+18,6,6,31,11,2017,8,17,4,3,8,1,0,1,0,0,0,0,0,5.36922E+20,5.59898E+21,9.52106E+15,5.05416E+16
143480,6.17082E+18,6,4,12,0,2017,8,19,4,3,5,2,1,1,0,0,0,0,0,4.81856E+20,5.55591E+21,8.74602E+15,5.01552E+16
143481,6.17082E+18,6,4,12,0,2017,8,9,4,3,5,3,0,1,0,0,0,0,0,4.81013E+20,5.55296E+21,8.73436E+15,5.01286E+16
143482,6.17082E+18,6,5,31,5,2017,8,18,4,3,4,6,1,1,0,0,0,0,0,4.7535E+20,5.60112E+21,8.65197E+15,5.05615E+16
143483,6.17082E+18,6,4,35,17,2017,8,7,4,3,2,6,0,1,0,0,0,0,0,5.01929E+20,5.55764E+21,9.02701E+15,5.0171E+16
143484,6.17082E+18,6,4,35,17,2017,8,5,4,3,3,6,0,1,0,0,1,1,0,5.02022E+20,5.55766E+21,9.02831E+15,5.01712E+16
143485,6.17082E+18,6,6,35,19,2017,8,23,3,3,0,7,1,0,0,0,0,2,0,4.92393E+20,5.67647E+21,8.89103E+15,5.12395E+16
143486,6.17082E+18,6,6,32,2,2017,8,15,3,3,2,7,0,1,0,0,0,0,0,5.50661E+20,5.63507E+21,9.7199E+15,5.08651E+16
143487,6.17082E+18,6,5,33,9,2017,8,15,3,3,2,6,0,1,0,0,0,0,0,4.33292E+20,5.5819E+21,8.06167E+15,5.03853E+16
143488,6.17082E+18,6,5,33,9,2017,8,1,3,3,9,1,0,1,0,0,0,2,0,4.32444E+20,5.58123E+21,8.04986E+15,5.03792E+16
143489,6.17082E+18,6,4,14,0,2017,8,17,3,3,5,2,1,1,0,0,0,0,0,4.4995E+20,5.53929E+21,8.30158E+15,5.00039E+16
143490,6.17082E+18,6,4,13,0,2017,8,12,3,2,3,6,1,1,0,0,0,0,0,4.83219E+20,5.54914E+21,8.76538E+15,5.00943E+16
143491,6.17082E+18,6,4,13,0,2017,8,7,3,3,5,3,1,1,0,0,0,0,0,4.82979E+20,5.54904E+21,8.76203E+15,5.00933E+16
143492,6.17082E+18,6,4,36,1,2017,8,7,3,2,2,6,1,1,0,0,0,0,0,4.6413E+20,5.55412E+21,8.49805E+15,5.01382E+16
143493,6.17082E+18,6,4,12,0,2017,8,8,3,3,6,4,0,1,1,0,0,0,0,4.71407E+20,5.54898E+21,8.60027E+15,5.00923E+16
143494,6.17082E+18,6,4,12,0,2017,8,17,3,3,5,3,1,1,0,0,0,0,0,4.7433E+20,5.55675E+21,8.6406E+15,5.01624E+16
143495,6.17082E+18,6,4,12,0,2017,8,10,3,3,5,3,0,1,0,0,0,0,0,4.79582E+20,5.5529E+21,8.71434E+15,5.01279E+16
143496,6.17082E+18,6,4,12,0,2017,8,7,3,3,5,3,1,1,0,0,0,0,0,4.78432E+20,5.55198E+21,8.6983E+15,5.01197E+16
143497,6.17082E+18,6,4,12,0,2017,8,7,3,3,3,2,0,1,0,1,0,0,0,4.79278E+20,5.55086E+21,8.7102E+15,5.01097E+16
143498,6.17082E+18,6,4,12,0,2017,8,19,3,3,5,3,0,1,0,1,0,0,0,4.7325E+20,5.55016E+21,8.62595E+15,5.01031E+16
143499,6.17082E+18,6,4,12,0,2017,8,19,3,3,3,6,0,1,0,0,0,0,0,4.7669E+20,5.55275E+21,8.67389E+15,5.01266E+16