OBJECTID,UIDENTSTLA,ULAND,UREGBEZ,UKREIS,UGEMEINDE,UJAHR,UMONAT,USTUNDE,UWOCHENTAG,UKATEGORIE,UART,UTYP1,IstRad,IstPKW,IstFuss,IstKrad,IstSonstig,LICHT,STRZUSTAND,LINREFX,LINREFY,XGCSWGS84,YGCSWGS84
143673,6.17081E+18,6,4,14,0,2017,8,9,2,3,0,5,0,1,0,0,0,0,0,4.45535E+20,5.54371E+21,8.23935E+15,5.00431E+16
143674,6.17081E+18,6,4,14,0,2017,8,16,2,2,0,1,0,0,0,1,0,0,0,4.44293E+20,5.54811E+21,8.22136E+15,5.00826E+16
143675,6.17081E+18,6,4,36,1,2017,8,19,2,3,5,3,0,1,0,0,0,0,0,4.64376E+20,5.55399E+21,8.50151E+15,5.01371E+16
143676,6.17081E+18,6,4,12,0,2017,8,15,2,3,6,7,1,0,1,0,0,0,0,4.71715E+20,5.54915E+21,8.60455E+15,5.00939E+16
143677,6.17081E+18,6,4,12,0,2017,8,16,2,3,0,7,1,1,0,0,0,0,0,4.73847E+20,5.55594E+21,8.6339E+15,5.01551E+16
143678,6.17081E+18,6,4,12,0,2017,8,8,2,3,5,3,0,1,0,1,0,0,0,4.74963E+20,5.55642E+21,8.64948E+15,5.01595E+16
143679,6.17081E+18,6,4,12,0,2017,8,14,2,3,4,6,0,1,0,0,0,0,0,4.74621E+20,5.55207E+21,8.64499E+15,5.01203E+16
143680,6.17081E+18,6,4,12,0,2017,8,6,2,3,5,3,1,1,0,0,0,0,0,4.76582E+20,5.55166E+21,8.67245E+15,5.01167E+16
143681,6.17081E+18,6,4,12,0,2017,8,6,2,3,5,3,1,1,0,0,0,0,0,4.78535E+20,5.55242E+21,8.69972E+15,5.01237E+16
143682,6.17081E+18,6,4,11,0,2017,8,13,2,3,5,3,1,1,0,0,0,0,0,4.75242E+20,5.52827E+21,8.65521E+15,4.99063E+16
143683,6.17081E+18,6,4,32,23,2017,8,14,2,3,1,5,0,1,0,0,0,0,0,4.68975E+20,5.52912E+21,8.56787E+15,4.99136E+16
143684,6.17081E+18,6,4,11,0,2017,8,8,2,3,6,6,0,0,1,0,1,0,0,4.73961E+20,5.52359E+21,8.63768E+15,4.98642E+16
143685,6.17081E+18,6,4,11,0,2017,8,17,2,3,5,3,1,1,0,0,0,0,0,4.75506E+20,5.52544E+21,8.65907E+15,4.98809E+16
143686,6.17081E+18,6,4,38,9,2017,8,21,2,2,5,2,0,1,0,1,0,2,0,4.78188E+20,5.54373E+21,8.69535E+15,5.00455E+16
143687,6.17081E+18,6,4,38,9,2017,8,12,2,3,6,4,0,1,1,0,0,0,0,4.78171E+20,5.54396E+21,8.6951E+15,5.00475E+16
143688,6.17081E+18,6,4,34,8,2017,8,17,2,3,2,6,1,1,0,0,0,0,0,4.68299E+20,5.56258E+21,8.55568E+15,5.02145E+16
143689,6.17081E+18,6,4,40,3,2017,8,9,2,3,5,3,1,1,0,0,0,0,0,4.80563E+20,5.55742E+21,8.72783E+15,5.01687E+16
143690,6.17081E+18,6,4,31,20,2017,8,12,2,3,4,6,1,0,0,0,1,0,0,4.69246E+20,5.48694E+21,8.57497E+15,4.95343E+16
143691,6.17081E+18,6,4,31,2,2017,8,17,2,2,0,7,1,0,0,0,0,0,0,4.69845E+20,5.50202E+21,8.58209E+15,4.967E+16
143692,6.17081E+18,6,4,33,6,2017,8,12,2,3,1,3,0,1,0,0,1,0,0,4.62803E+20,5.52982E+21,8.48183E+15,4.99196E+16
143693,6.17081E+18,6,5,34,14,2017,8,15,2,3,2,2,0,1,0,0,0,0,0,4.83342E+20,5.62706E+21,8.76364E+15,5.0795E+16
143694,6.17081E+18,6,5,34,15,2017,8,10,2,3,4,6,1,0,0,0,0,0,0,4.79031E+20,5.64369E+21,8.70152E+15,5.09445E+16
143695,6.17081E+18,6,6,31,1,2017,8,22,2,3,1,7,0,1,0,1,0,2,0,5.35653E+20,5.60777E+21,9.504E+15,5.06207E+16
143696,6.17081E+18,6,4,35,14,2017,8,16,2,3,6,3,0,1,1,0,0,0,0,4.93555E+20,5.55193E+21,8.90984E+15,5.01195E+16
143697,6.17081E+18,6,5,31,5,2017,8,9,1,3,0,7,0,0,0,0,1,0,0,4.76962E+20,5.60391E+21,8.67456E+15,5.05866E+16
143698,6.17081E+18,6,5,31,5,2017,8,5,1,2,5,3,1,1,0,0,0,2,1,4.76473E+20,5.60371E+21,8.66767E+15,5.05848E+16
143699,6.17081E+18,6,4,14,0,2017,8,14,1,3,5,2,1,1,0,0,0,0,0,4.4826E+20,5.54153E+21,8.27769E+15,5.00238E+16
143700,6.17081E+18,6,4,14,0,2017,8,19,1,3,8,1,0,0,0,1,0,0,0,4.51167E+20,5.53954E+21,8.31852E+15,5.00062E+16
143701,6.17081E+18,6,4,14,0,2017,8,19,1,2,5,3,1,1,0,0,0,0,0,4.50404E+20,5.54467E+21,8.30721E+15,5.00522E+16
143702,6.17081E+18,6,4,14,0,2017,8,15,1,3,3,2,1,1,0,0,0,0,0,4.4227E+20,5.55035E+21,8.19275E+15,5.01026E+16
143703,6.17081E+18,6,4,14,0,2017,8,18,1,3,0,7,1,0,0,0,0,0,0,4.46465E+20,5.54709E+21,8.25186E+15,5.00737E+16
143704,6.17081E+18,6,4,12,0,2017,8,11,1,3,3,2,1,1,0,0,0,0,0,4.76303E+20,5.55334E+21,8.66844E+15,5.01318E+16
143705,6.17081E+18,6,4,12,0,2017,8,17,1,3,5,3,1,1,0,0,0,0,0,4.78335E+20,5.5483E+21,8.69716E+15,5.00865E+16
143706,6.17081E+18,6,4,12,0,2017,8,18,1,2,3,6,0,1,0,1,0,0,0,4.7814E+20,5.55082E+21,8.69429E+15,5.01092E+16
143707,6.17081E+18,6,6,35,2,2017,8,23,1,2,8,7,0,1,0,0,0,2,0,5.01048E+20,5.69147E+21,9.01506E+15,5.13745E+16
143708,6.17081E+18,6,6,34,25,2017,8,20,1,2,5,3,0,1,0,0,0,0,0,5.27528E+20,5.65771E+21,9.3929E+15,5.10703E+16
143709,6.17081E+18,6,4,38,1,2017,8,17,1,3,5,3,1,1,0,0,0,0,0,4.8476E+20,5.54114E+21,8.78725E+15,5.00224E+16
143710,6.17081E+18,6,4,32,10,2017,8,16,1,2,6,4,0,1,1,0,0,0,0,4.95848E+20,5.52637E+21,8.94219E+15,4.98897E+16
143711,6.17082E+18,6,4,34,2,2017,8,14,5,3,6,4,0,1,1,0,0,0,0,4.74727E+20,5.56713E+21,8.64547E+15,5.02557E+16
143712,6.17091E+18,6,5,31,17,2017,9,21,3,2,5,3,1,0,0,0,1,2,0,4.81859E+20,5.61186E+21,8.74335E+15,5.06583E+16
143713,6.17091E+18,6,6,34,1,2017,9,8,3,3,5,3,0,1,0,0,1,0,0,5.197E+20,5.65535E+21,9.28105E+15,5.10494E+16
143714,6.17091E+18,6,4,13,0,2017,9,12,3,3,6,7,0,1,1,0,0,0,0,4.83344E+20,5.54944E+21,8.76712E+15,5.0097E+16
143715,6.17091E+18,6,4,13,0,2017,9,0,3,3,0,7,0,1,0,0,0,2,0,4.86301E+20,5.54838E+21,8.8085E+15,5.00875E+16
143716,6.17091E+18,6,4,12,0,2017,9,10,3,3,5,3,0,1,0,1,0,0,0,4.7786E+20,5.5565E+21,8.69005E+15,5.01603E+16
143717,6.17091E+18,6,4,12,0,2017,9,9,3,3,3,6,1,1,0,0,0,0,0,4.74755E+20,5.55275E+21,8.64682E+15,5.01264E+16
143718,6.17091E+18,6,4,12,0,2017,9,13,3,3,5,2,0,0,0,1,1,0,0,4.82865E+20,5.55197E+21,8.76032E+15,5.01197E+16
143719,6.17091E+18,6,4,12,0,2017,9,22,3,3,2,6,0,1,0,0,0,2,0,4.77671E+20,5.55084E+21,8.68773E+15,5.01094E+16
143720,6.17091E+18,6,4,37,11,2017,9,18,3,3,5,2,0,1,0,0,0,0,0,4.99982E+20,5.50281E+21,8.99975E+15,4.96778E+16
143721,6.17091E+18,6,4,11,0,2017,9,13,3,2,5,2,1,1,0,0,0,0,0,4.76196E+20,5.52538E+21,8.66867E+15,4.98804E+16
143722,6.17091E+18,6,6,34,22,2017,9,14,3,2,0,1,1,0,0,0,0,0,0,5.12041E+20,5.6396E+21,9.17127E+15,5.0908E+16
143723,6.17091E+18,6,6,32,20,2017,9,7,3,2,5,3,0,1,0,1,0,0,0,5.72515E+20,5.64438E+21,1.00322E+16,5.09465E+16
143724,6.17091E+18,6,6,35,11,2017,9,21,3,3,2,6,0,1,0,0,1,2,0,4.86061E+20,5.6567E+21,8.80109E+15,5.10617E+16
143725,6.17091E+18,6,4,39,15,2017,9,11,3,3,2,6,0,1,0,0,0,0,0,4.38724E+20,5.55406E+21,8.14257E+15,5.01356E+16
143726,6.17091E+18,6,4,39,12,2017,9,10,3,3,4,3,0,1,0,0,0,0,0,4.31011E+20,5.5419E+21,8.03686E+15,5.00254E+16
143727,6.17091E+18,6,4,36,10,2017,9,17,3,3,0,6,1,1,0,0,0,0,0,4.64306E+20,5.55157E+21,8.50075E+15,5.01153E+16
143728,6.17091E+18,6,4,36,10,2017,9,16,3,2,0,1,1,0,0,0,0,0,0,4.63487E+20,5.5526E+21,8.48919E+15,5.01245E+16
143729,6.17091E+18,6,4,32,15,2017,9,12,3,3,5,3,1,1,0,0,0,0,0,4.90344E+20,5.53062E+21,8.86546E+15,4.99279E+16
143730,6.17091E+18,6,4,40,2,2017,9,13,3,3,5,2,1,1,0,0,0,0,0,4.81519E+20,5.57865E+21,8.74018E+15,5.03597E+16
143731,6.17091E+18,6,4,31,5,2017,9,12,3,3,5,3,1,1,0,0,0,0,0,4.60497E+20,5.49985E+21,8.45276E+15,4.96499E+16
143732,6.17091E+18,6,4,31,2,2017,9,13,3,3,8,1,0,0,0,1,0,0,0,4.70407E+20,5.50388E+21,8.58974E+15,4.96868E+16
143733,6.17091E+18,6,4,33,10,2017,9,10,3,3,5,3,1,1,0,0,0,0,0,4.59599E+20,5.53964E+21,8.43618E+15,5.00077E+16
143734,6.17091E+18,6,5,34,11,2017,9,16,3,3,0,7,1,0,0,0,0,0,0,4.95151E+20,5.63019E+21,8.93116E+15,5.08234E+16
143735,6.17091E+18,6,6,31,15,2017,9,19,3,3,0,1,1,0,0,0,0,1,0,5.56626E+20,5.61525E+21,9.8016E+15,5.06864E+16
143736,6.17091E+18,6,6,31,20,2017,9,16,3,3,2,6,0,1,0,1,0,0,0,5.507E+20,5.60053E+21,9.7157E+15,5.05545E+16
143737,6.17091E+18,6,5,31,7,2017,9,13,3,3,0,7,0,1,0,0,0,0,0,4.73419E+20,5.60369E+21,8.62454E+15,5.05845E+16
143738,6.1709E+18,6,4,12,0,2017,9,17,2,3,2,6,0,1,0,0,0,0,0,4.68603E+20,5.5442E+21,8.56146E+15,5.00493E+16
143739,6.1709E+18,6,5,31,18,2017,9,19,2,3,5,3,1,0,0,1,0,0,0,4.75247E+20,5.60652E+21,8.65016E+15,5.06101E+16
143740,6.1709E+18,6,5,33,6,2017,9,12,2,3,5,3,0,1,0,0,0,0,0,4.30367E+20,5.5861E+21,8.01975E+15,5.04228E+16
143741,6.1709E+18,6,4,14,0,2017,9,7,2,3,5,3,1,1,0,0,0,0,0,4.43305E+20,5.54403E+21,8.20815E+15,5.00458E+16
143742,6.1709E+18,6,4,13,0,2017,9,18,2,3,1,5,1,1,0,0,0,0,0,4.81705E+20,5.5503E+21,8.74416E+15,5.01047E+16
143743,6.1709E+18,6,4,13,0,2017,9,7,2,3,5,3,1,1,0,0,0,0,0,4.8253E+20,5.55052E+21,8.75569E+15,5.01067E+16
143744,6.1709E+18,6,4,13,0,2017,9,17,2,3,2,6,0,1,0,0,0,0,0,4.83257E+20,5.55065E+21,8.76585E+15,5.01078E+16
143745,6.1709E+18,6,4,13,0,2017,9,13,2,3,5,3,1,1,0,0,0,0,0,4.8353E+20,5.55024E+21,8.76969E+15,5.01042E+16
143746,6.1709E+18,6,4,36,3,2017,9,16,2,2,3,6,0,1,0,1,0,0,0,4.68775E+20,5.55449E+21,8.56301E+15,5.01418E+16
143747,6.1709E+18,6,4,12,0,2017,9,16,2,3,6,4,0,1,1,0,0,0,0,4.74269E+20,5.55666E+21,8.63975E+15,5.01616E+16
143748,6.1709E+18,6,4,12,0,2017,9,12,2,3,6,2,0,1,1,0,0,0,0,4.72137E+20,5.5527E+21,8.6102E+15,5.01259E+16
143749,6.1709E+18,6,4,12,0,2017,9,16,2,3,6,4,0,1,1,0,0,0,0,4.74207E+20,5.54864E+21,8.63943E+15,5.00895E+16
143750,6.1709E+18,6,4,12,0,2017,9,12,2,3,3,2,0,1,0,1,0,0,0,4.76063E+20,5.55105E+21,8.66522E+15,5.01112E+16
143751,6.1709E+18,6,4,12,0,2017,9,13,2,3,0,1,1,0,0,0,0,0,0,4.76289E+20,5.5507E+21,8.66841E+15,5.01081E+16
143752,6.1709E+18,6,4,11,0,2017,9,19,2,3,5,3,0,1,0,1,0,0,0,4.74016E+20,5.52233E+21,8.63854E+15,4.98528E+16
143753,6.1709E+18,6,4,11,0,2017,9,14,2,3,5,7,0,1,0,0,0,0,0,4.7359E+20,5.5235E+21,8.63253E+15,4.98633E+16
143754,6.1709E+18,6,6,11,0,2017,9,15,2,3,5,3,0,1,0,0,0,0,0,5.30891E+20,5.68103E+21,9.44291E+15,5.12798E+16
143755,6.1709E+18,6,4,34,2,2017,9,16,2,3,1,5,1,1,0,0,0,0,0,4.74878E+20,5.56883E+21,8.64747E+15,5.02711E+16
143756,6.1709E+18,6,5,33,15,2017,9,12,2,2,5,3,1,1,0,0,0,0,0,4.42343E+20,5.58279E+21,8.18882E+15,5.03943E+16
143757,6.1709E+18,6,4,36,7,2017,9,15,2,3,5,3,0,1,0,0,0,0,0,4.55423E+20,5.54592E+21,8.37716E+15,5.00639E+16
143758,6.1709E+18,6,4,31,11,2017,9,21,2,3,5,3,0,1,0,0,0,2,0,4.73262E+20,5.49902E+21,8.62965E+15,4.96431E+16
143759,6.1709E+18,6,4,40,3,2017,9,16,2,2,6,4,1,0,1,0,0,0,0,4.81437E+20,5.5587E+21,8.74001E+15,5.01803E+16
143760,6.1709E+18,6,5,32,12,2017,9,10,2,3,6,2,0,0,1,0,1,0,0,4.50703E+20,5.61499E+21,8.30218E+15,5.06846E+16
143761,6.1709E+18,6,5,32,11,2017,9,7,2,3,2,7,0,1,0,1,0,1,0,4.45153E+20,5.62121E+21,8.2227E+15,5.074E+16
143762,6.1709E+18,6,4,40,7,2017,9,7,2,3,5,3,0,1,0,0,0,0,0,4.93797E+20,5.57333E+21,8.91288E+15,5.0312E+16
143763,6.1709E+18,6,5,34,14,2017,9,17,2,3,3,6,1,1,0,0,0,0,0,4.83956E+20,5.62939E+21,8.77225E+15,5.0816E+16
143764,6.1709E+18,6,4,33,10,2017,9,14,2,3,2,6,0,1,0,0,0,0,0,4.6364E+20,5.5417E+21,8.49237E+15,5.00265E+16
143765,6.1709E+18,6,5,33,9,2017,9,11,1,3,0,2,1,1,0,0,0,0,0,4.33555E+20,5.58256E+21,8.06525E+15,5.03913E+16
143766,6.1709E+18,6,4,14,0,2017,9,11,1,3,5,3,0,1,0,1,0,0,0,4.50255E+20,5.53909E+21,8.30585E+15,5.00021E+16
143767,6.1709E+18,6,4,12,0,2017,9,0,1,3,0,7,1,0,0,0,0,2,0,4.66717E+20,5.5508E+21,8.53454E+15,5.01085E+16
143768,6.1709E+18,6,4,12,0,2017,9,5,1,3,9,1,0,1,0,0,0,2,0,4.75372E+20,5.54925E+21,8.65568E+15,5.0095E+16
143769,6.1709E+18,6,4,12,0,2017,9,16,1,3,2,6,0,1,0,1,0,0,0,4.76287E+20,5.54971E+21,8.66844E+15,5.00991E+16
143770,6.1709E+18,6,4,12,0,2017,9,12,1,3,5,3,0,1,0,0,0,0,0,4.77836E+20,5.552E+21,8.68996E+15,5.01198E+16
143771,6.1709E+18,6,4,37,1,2017,9,15,1,3,5,3,0,1,0,1,0,0,0,5.00199E+20,5.51004E+21,9.00276E+15,4.97428E+16
143772,6.1709E+18,6,6,34,22,2017,9,14,1,3,6,6,0,1,1,0,0,0,0,5.15949E+20,5.64125E+21,9.22691E+15,5.09226E+16
143773,6.1709E+18,6,4,31,20,2017,9,17,1,3,0,3,1,1,0,0,0,0,0,4.67673E+20,5.48739E+21,8.55319E+15,4.95383E+16
143774,6.1709E+18,6,4,33,7,2017,9,23,1,3,1,1,1,1,0,0,0,2,0,4.66217E+20,5.5453E+21,8.52803E+15,5.0059E+16
143775,6.1709E+18,6,6,31,9,2017,9,21,1,3,9,7,0,1,0,0,0,2,0,5.48287E+20,5.59848E+21,9.68138E+15,5.05363E+16
143776,6.1709E+18,6,4,35,13,2017,9,16,7,2,9,1,0,0,0,1,0,0,0,5.00068E+20,5.56633E+21,9.00095E+15,5.02491E+16
143777,6.1709E+18,6,4,35,6,2017,9,12,7,3,2,6,0,1,0,1,0,0,0,4.93669E+20,5.56041E+21,8.9113E+15,5.01959E+16
143778,6.1709E+18,6,5,31,5,2017,9,20,7,3,5,7,1,1,0,0,0,2,0,4.79247E+20,5.60591E+21,8.70673E+15,5.06047E+16
143779,6.1709E+18,6,6,11,0,2017,9,15,7,3,8,1,0,1,0,0,0,0,1,5.35287E+20,5.68064E+21,9.5059E+15,5.1276E+16
143780,6.1709E+18,6,4,14,0,2017,9,23,7,3,3,6,0,1,0,0,0,2,0,4.45241E+20,5.54604E+21,8.2349E+15,5.00641E+16
143781,6.1709E+18,6,4,12,0,2017,9,16,7,3,2,6,0,1,0,0,0,0,1,4.77402E+20,5.55448E+21,8.68375E+15,5.01421E+16
143782,6.1709E+18,6,4,12,0,2017,9,16,7,3,5,2,1,1,0,0,0,0,1,4.76096E+20,5.5539E+21,8.66551E+15,5.01368E+16
143783,6.1709E+18,6,4,12,0,2017,9,18,7,3,6,4,0,1,1,0,0,0,0,4.77217E+20,5.54918E+21,8.68148E+15,5.00944E+16
143784,6.1709E+18,6,4,12,0,2017,9,18,7,3,5,3,0,1,0,0,0,0,0,4.76765E+20,5.55258E+21,8.67495E+15,5.0125E+16
143785,6.1709E+18,6,4,32,23,2017,9,22,7,3,5,3,0,1,0,1,0,2,0,4.71789E+20,5.52643E+21,8.60725E+15,4.98896E+16
143786,6.1709E+18,6,4,11,0,2017,9,20,7,2,6,4,0,1,1,0,0,1,0,4.74508E+20,5.52608E+21,8.64513E+15,4.98866E+16
143787,6.1709E+18,6,6,35,3,2017,9,21,7,3,1,3,1,1,0,0,0,2,0,5.08207E+20,5.66253E+21,9.11724E+15,5.11142E+16
143788,6.1709E+18,6,6,33,3,2017,9,19,7,3,5,2,1,1,0,0,0,1,0,5.2747E+20,5.67828E+21,9.39364E+15,5.12552E+16
143789,6.1709E+18,6,6,32,17,2017,9,17,7,3,5,3,1,1,0,0,0,0,0,5.60116E+20,5.64417E+21,9.85574E+15,5.0946E+16
143790,6.1709E+18,6,4,35,25,2017,9,13,7,3,5,3,1,1,0,0,0,0,0,5.37349E+20,5.57673E+21,9.52487E+15,5.03415E+16
143791,6.1709E+18,6,4,34,7,2017,9,10,7,3,4,1,0,1,0,0,0,0,0,4.64928E+20,5.57081E+21,8.50768E+15,5.02884E+16
143792,6.1709E+18,6,4,34,1,2017,9,12,7,2,6,2,0,1,1,0,0,0,0,4.72363E+20,5.56444E+21,8.61251E+15,5.02315E+16
143793,6.1709E+18,6,5,34,14,2017,9,14,7,3,6,2,1,0,1,0,0,0,0,4.84131E+20,5.62912E+21,8.77475E+15,5.08136E+16
143794,6.1709E+18,6,5,35,18,2017,9,10,6,3,6,4,0,1,1,0,0,0,0,5.10606E+20,5.60229E+21,9.14978E+15,5.05725E+16
143795,6.1709E+18,6,5,33,9,2017,9,7,6,3,0,7,1,0,1,0,0,0,0,4.33837E+20,5.58043E+21,8.06959E+15,5.03722E+16
143796,6.1709E+18,6,6,33,9,2017,9,21,6,3,8,1,0,1,0,0,0,2,0,5.35817E+20,5.68905E+21,9.51433E+15,5.13516E+16
143797,6.1709E+18,6,4,14,0,2017,9,14,6,3,1,7,1,1,0,0,0,0,0,4.45515E+20,5.54735E+21,8.23854E+15,5.00759E+16
143798,6.1709E+18,6,4,13,0,2017,9,12,6,3,2,6,0,1,0,0,0,0,0,4.82238E+20,5.55046E+21,8.75161E+15,5.01061E+16
143799,6.1709E+18,6,4,12,0,2017,9,10,6,3,3,6,0,1,0,0,0,0,0,4.7824E+20,5.55155E+21,8.69564E+15,5.01158E+16
143800,6.1709E+18,6,4,12,0,2017,9,16,6,3,6,4,0,0,1,1,0,0,0,4.75365E+20,5.55007E+21,8.65553E+15,5.01024E+16
143801,6.1709E+18,6,4,12,0,2017,9,23,6,2,6,1,0,1,1,0,0,2,1,4.76502E+20,5.55124E+21,8.67134E+15,5.0113E+16
143802,6.1709E+18,6,4,11,0,2017,9,12,6,2,6,4,0,1,1,0,0,0,0,4.75452E+20,5.52629E+21,8.65826E+15,4.98885E+16
143803,6.1709E+18,6,4,11,0,2017,9,8,6,3,0,3,1,1,0,0,0,0,0,4.75015E+20,5.52556E+21,8.65222E+15,4.98819E+16
143804,6.1709E+18,6,4,39,15,2017,9,8,6,3,2,6,0,1,0,0,0,0,0,4.41593E+20,5.5561E+21,8.1824E+15,5.01543E+16
143805,6.1709E+18,6,4,39,3,2017,9,17,6,3,5,3,1,1,0,0,0,0,0,4.37283E+20,5.54201E+21,8.12439E+15,5.00271E+16
143806,6.1709E+18,6,4,38,11,2017,9,18,6,3,2,6,0,1,0,0,0,0,0,4.91452E+20,5.53859E+21,8.88073E+15,4.99995E+16
143807,6.1709E+18,6,4,34,4,2017,9,8,6,3,5,3,0,1,0,0,0,0,0,4.61867E+20,5.58149E+21,8.46362E+15,5.03843E+16
143808,6.1709E+18,6,4,34,1,2017,9,16,6,3,5,3,0,1,0,1,0,0,0,4.71695E+20,5.56494E+21,8.6031E+15,5.0236E+16
143809,6.1709E+18,6,4,31,11,2017,9,13,6,2,6,7,0,0,1,0,1,0,0,4.72916E+20,5.49744E+21,8.62496E+15,4.96289E+16
143810,6.1709E+18,6,4,40,3,2017,9,14,6,3,2,6,0,1,0,0,0,0,0,4.81786E+20,5.56002E+21,8.74483E+15,5.01921E+16
143811,6.1709E+18,6,4,40,3,2017,9,17,6,3,5,2,1,1,0,0,0,0,0,4.81714E+20,5.559E+21,8.74388E+15,5.01829E+16
143812,6.1709E+18,6,4,38,12,2017,9,17,6,3,5,3,1,1,0,0,0,0,0,4.87752E+20,5.53592E+21,8.82919E+15,4.99755E+16
143813,6.1709E+18,6,4,32,10,2017,9,11,6,2,9,1,0,0,0,1,0,0,0,4.94793E+20,5.52273E+21,8.92756E+15,4.9857E+16
143814,6.1709E+18,6,4,32,4,2017,9,8,6,3,5,3,1,0,0,0,0,0,0,4.89409E+20,5.52771E+21,8.85253E+15,4.99016E+16
143815,6.1709E+18,6,4,31,5,2017,9,12,6,2,6,4,0,1,1,0,0,0,0,4.61786E+20,5.49906E+21,8.4707E+15,4.96428E+16
143816,6.1709E+18,6,4,31,20,2017,9,7,6,2,5,3,1,1,0,0,0,0,0,4.69722E+20,5.48751E+21,8.5815E+15,4.95395E+16
143817,6.1709E+18,6,4,31,2,2017,9,17,6,3,5,3,1,1,0,0,0,0,0,4.71982E+20,5.50387E+21,8.61157E+15,4.96867E+16
143818,6.1709E+18,6,4,33,10,2017,9,11,6,3,5,3,0,1,0,0,0,0,0,4.61415E+20,5.53963E+21,8.46151E+15,5.00077E+16
143819,6.1709E+18,6,5,34,11,2017,9,10,6,3,2,6,0,1,0,0,0,0,0,4.91756E+20,5.63061E+21,8.88294E+15,5.08271E+16
143820,6.1709E+18,6,4,12,0,2017,9,18,6,3,2,6,0,1,0,0,1,1,0,4.82321E+20,5.55591E+21,8.75252E+15,5.01551E+16
143821,6.17083E+18,6,5,31,5,2017,8,19,5,3,1,7,0,1,0,0,0,0,0,4.76991E+20,5.60553E+21,8.67488E+15,5.06012E+16
143822,6.17083E+18,6,5,33,6,2017,8,13,5,3,6,2,1,0,1,0,0,0,0,4.31427E+20,5.58426E+21,8.03501E+15,5.04064E+16
143823,6.17083E+18,6,6,11,0,2017,8,15,5,3,6,2,0,1,1,0,0,0,0,5.33745E+20,5.68378E+21,9.48408E+15,5.13043E+16
143824,6.17083E+18,6,4,14,0,2017,8,8,5,3,5,3,0,1,0,0,1,0,1,4.50176E+20,5.53925E+21,8.30473E+15,5.00034E+16
143825,6.17083E+18,6,4,13,0,2017,8,8,5,3,5,3,1,1,0,0,0,0,1,4.83861E+20,5.55008E+21,8.77433E+15,5.01027E+16
143826,6.17083E+18,6,4,36,1,2017,8,9,5,3,2,6,0,1,0,0,0,0,1,4.64174E+20,5.55427E+21,8.49866E+15,5.01396E+16
143827,6.17083E+18,6,4,12,0,2017,8,13,5,3,4,1,0,1,0,1,0,0,0,4.706E+20,5.55269E+21,8.5887E+15,5.01257E+16
143828,6.17083E+18,6,4,12,0,2017,8,18,5,3,2,6,1,1,0,0,0,0,0,4.67027E+20,5.5501E+21,8.53894E+15,5.01023E+16
143829,6.17083E+18,6,4,12,0,2017,8,20,5,3,9,1,0,1,0,0,0,0,0,4.77426E+20,5.56112E+21,8.68369E+15,5.02018E+16
143830,6.17083E+18,6,4,12,0,2017,8,17,5,3,5,2,0,1,0,0,0,0,0,4.74531E+20,5.55123E+21,8.64379E+15,5.01127E+16
143831,6.17083E+18,6,4,12,0,2017,8,9,5,3,5,3,0,1,0,0,0,0,1,4.72442E+20,5.55131E+21,8.61456E+15,5.01134E+16
143832,6.17083E+18,6,4,12,0,2017,8,11,5,3,2,6,0,1,0,0,1,0,0,4.7186E+20,5.55285E+21,8.60632E+15,5.01272E+16
143833,6.17083E+18,6,4,12,0,2017,8,19,5,3,5,2,0,1,0,0,0,0,0,4.82012E+20,5.55337E+21,8.74831E+15,5.01323E+16
143834,6.17083E+18,6,4,12,0,2017,8,7,5,3,3,6,1,1,0,0,0,0,1,4.78752E+20,5.55193E+21,8.70279E+15,5.01192E+16
143835,6.17083E+18,6,4,11,0,2017,8,14,5,3,5,3,1,1,0,0,0,0,0,4.75239E+20,5.52876E+21,8.65514E+15,4.99107E+16
143836,6.17083E+18,6,4,11,0,2017,8,17,5,3,1,2,0,1,0,0,1,0,0,4.73102E+20,5.5239E+21,8.62571E+15,4.98669E+16
143837,6.17083E+18,6,6,32,18,2017,8,8,5,3,4,7,1,0,0,0,1,0,0,5.51526E+20,5.64914E+21,9.73418E+15,5.09916E+16
143838,6.17083E+18,6,4,39,15,2017,8,18,5,3,5,3,0,1,0,0,0,0,1,4.42264E+20,5.55573E+21,8.19185E+15,5.0151E+16
143839,6.17083E+18,6,4,39,15,2017,8,12,5,3,5,3,0,1,0,0,0,0,0,4.39419E+20,5.55551E+21,8.15206E+15,5.01487E+16
143840,6.17083E+18,6,4,39,17,2017,8,9,5,3,2,6,0,1,0,0,0,0,1,4.39732E+20,5.54269E+21,8.15846E+15,5.00335E+16
143841,6.17083E+18,6,4,38,9,2017,8,13,5,3,0,6,1,1,0,0,0,0,0,4.77942E+20,5.54458E+21,8.69188E+15,5.00531E+16
143842,6.17083E+18,6,4,38,6,2017,8,7,5,3,0,6,1,1,0,0,0,0,1,4.77214E+20,5.53867E+21,8.68205E+15,4.99999E+16
143843,6.17083E+18,6,4,35,19,2017,8,19,5,3,5,3,1,1,0,0,0,0,0,4.90341E+20,5.55323E+21,8.86486E+15,5.01312E+16
143844,6.17083E+18,6,4,34,8,2017,8,11,5,3,5,3,0,1,0,0,1,0,0,4.68518E+20,5.56254E+21,8.55876E+15,5.02142E+16
143845,6.17083E+18,6,4,34,1,2017,8,9,5,3,6,7,0,1,1,0,0,0,1,4.72576E+20,5.56398E+21,8.61552E+15,5.02273E+16