OBJECTID,UIDENTSTLA,ULAND,UREGBEZ,UKREIS,UGEMEINDE,UJAHR,UMONAT,USTUNDE,UWOCHENTAG,UKATEGORIE,UART,UTYP1,IstRad,IstPKW,IstFuss,IstKrad,IstSonstig,LICHT,STRZUSTAND,LINREFX,LINREFY,XGCSWGS84,YGCSWGS84
143846,6.17083E+18,6,4,36,7,2017,8,7,5,3,5,3,1,1,0,0,0,0,1,4.60634E+20,5.54756E+21,8.4498E+15,5.0079E+16
143847,6.17083E+18,6,4,32,11,2017,8,7,5,3,5,3,0,1,0,0,0,0,1,4.88014E+20,5.52366E+21,8.83322E+15,4.98653E+16
143848,6.17083E+18,6,4,32,19,2017,8,9,5,3,6,6,1,0,1,0,0,0,1,4.87217E+20,5.5213E+21,8.82221E+15,4.9844E+16
143849,6.17083E+18,6,4,40,2,2017,8,13,5,3,5,3,1,1,0,0,0,0,0,4.81854E+20,5.57849E+21,8.74491E+15,5.03582E+16
143850,6.17083E+18,6,4,31,2,2017,8,7,5,3,5,3,0,1,0,0,1,1,1,4.71808E+20,5.50439E+21,8.60913E+15,4.96913E+16
143851,6.17083E+18,6,4,33,12,2017,8,22,5,3,5,3,1,1,0,0,0,2,0,4.59421E+20,5.53876E+21,8.43378E+15,4.99997E+16
143852,6.17083E+18,6,4,33,12,2017,8,20,5,3,5,7,1,1,0,0,0,1,0,4.57867E+20,5.53818E+21,8.41216E+15,4.99944E+16
143853,6.17083E+18,6,6,11,0,2017,8,8,4,3,0,1,1,0,0,0,0,0,0,5.32091E+20,5.68784E+21,9.46072E+15,5.13409E+16
143854,6.17083E+18,6,4,12,0,2017,8,17,4,3,0,1,1,0,0,0,0,0,0,4.67693E+20,5.55007E+21,8.54825E+15,5.0102E+16
143855,6.17083E+18,6,4,12,0,2017,8,9,4,3,0,6,0,1,1,0,0,0,0,4.71345E+20,5.54914E+21,8.59939E+15,5.00938E+16
143856,6.17083E+18,6,4,12,0,2017,8,9,4,3,9,7,0,1,0,0,0,0,0,4.76449E+20,5.55488E+21,8.67038E+15,5.01457E+16
143857,6.17083E+18,6,4,12,0,2017,8,10,4,3,5,2,1,0,0,0,1,0,0,4.77044E+20,5.55178E+21,8.6789E+15,5.01178E+16
143858,6.17083E+18,6,4,32,23,2017,8,13,4,3,2,6,0,1,0,0,0,0,0,4.71082E+20,5.52756E+21,8.59733E+15,4.98998E+16
143859,6.17083E+18,6,4,11,0,2017,8,14,4,3,5,3,1,1,0,0,0,0,0,4.76562E+20,5.52327E+21,8.6739E+15,4.98614E+16
143860,6.17083E+18,6,4,11,0,2017,8,18,4,3,5,3,0,1,0,0,0,0,0,4.75608E+20,5.52415E+21,8.66057E+15,4.98693E+16
143861,6.17083E+18,6,4,11,0,2017,8,8,4,3,0,1,1,0,0,0,0,0,0,4.74971E+20,5.52422E+21,8.6517E+15,4.98698E+16
143862,6.17083E+18,6,6,33,3,2017,8,11,4,3,6,7,0,1,1,0,0,0,0,5.28982E+20,5.67815E+21,9.41531E+15,5.1254E+16
143863,6.17083E+18,6,4,38,11,2017,8,8,4,3,5,3,1,1,0,0,0,0,0,4.91758E+20,5.5441E+21,8.88487E+15,5.00492E+16
143864,6.17083E+18,6,4,34,8,2017,8,7,4,3,5,3,1,1,0,0,0,0,0,4.70301E+20,5.56184E+21,8.5838E+15,5.0208E+16
143865,6.17083E+18,6,4,34,1,2017,8,8,4,2,0,7,1,0,0,0,0,0,0,4.73221E+20,5.56374E+21,8.62459E+15,5.02252E+16
143866,6.17083E+18,6,4,36,7,2017,8,18,4,3,6,2,0,1,1,0,0,0,0,4.60392E+20,5.54844E+21,8.44634E+15,5.00869E+16
143867,6.17083E+18,6,4,31,11,2017,8,13,4,3,5,3,0,1,0,1,0,0,0,4.736E+20,5.49865E+21,8.63435E+15,4.96398E+16
143868,6.17083E+18,6,5,32,6,2017,8,10,4,2,5,3,1,1,0,0,0,0,0,4.48901E+20,5.62187E+21,8.27571E+15,5.07464E+16
143869,6.17083E+18,6,4,38,12,2017,8,7,4,3,5,7,0,1,0,0,0,0,0,4.85069E+20,5.53508E+21,8.7918E+15,4.99679E+16
143870,6.17083E+18,6,4,32,10,2017,8,17,4,3,8,1,1,0,0,0,0,0,0,4.94859E+20,5.52419E+21,8.92846E+15,4.98701E+16
143871,6.17083E+18,6,4,32,8,2017,8,10,4,3,5,2,1,1,0,0,0,0,0,4.68394E+20,5.52424E+21,8.56018E+15,4.98697E+16
143872,6.17083E+18,6,4,31,2,2017,8,16,4,3,3,6,1,0,0,0,1,0,0,4.7203E+20,5.50338E+21,8.61227E+15,4.96823E+16
143873,6.17083E+18,6,4,35,14,2017,8,16,4,3,5,3,1,1,0,0,0,0,0,4.91813E+20,5.55325E+21,8.88545E+15,5.01314E+16
143874,6.17083E+18,6,6,11,0,2017,8,13,3,3,2,2,0,1,0,0,0,0,0,5.35089E+20,5.68591E+21,9.50357E+15,5.13234E+16
143875,6.17083E+18,6,4,14,0,2017,8,16,3,3,5,3,0,1,0,0,0,0,0,4.4512E+20,5.54677E+21,8.23311E+15,5.00706E+16
143876,6.17083E+18,6,4,12,0,2017,8,8,3,2,6,4,1,0,1,0,0,0,0,4.75749E+20,5.5519E+21,8.66078E+15,5.01188E+16
143877,6.17083E+18,6,4,12,0,2017,8,16,3,3,1,7,0,1,0,1,0,0,0,4.78024E+20,5.55332E+21,8.69252E+15,5.01317E+16
143878,6.17083E+18,6,4,11,0,2017,8,14,3,3,2,6,0,1,0,0,0,0,0,4.72894E+20,5.5243E+21,8.62278E+15,4.98705E+16
143879,6.17083E+18,6,6,11,0,2017,8,22,3,3,3,6,1,1,0,0,0,2,0,5.31895E+20,5.68696E+21,9.45783E+15,5.1333E+16
143880,6.17083E+18,6,6,36,11,2017,8,9,3,2,2,2,0,1,0,0,0,0,0,5.64538E+20,5.65709E+21,9.92097E+15,5.10617E+16
143881,6.17083E+18,6,4,38,13,2017,8,20,3,3,5,3,1,1,0,0,0,2,0,4.95572E+20,5.54434E+21,8.93814E+15,5.00513E+16
143882,6.17083E+18,6,4,34,8,2017,8,15,3,3,0,7,1,1,0,0,0,0,0,4.71635E+20,5.55814E+21,8.60277E+15,5.01747E+16
143883,6.17083E+18,6,4,34,10,2017,8,10,3,3,1,5,1,1,0,0,0,0,0,4.69609E+20,5.55775E+21,8.57442E+15,5.01712E+16
143884,6.17083E+18,6,4,34,8,2017,8,21,3,3,5,2,0,1,0,1,0,2,0,4.67473E+20,5.56265E+21,8.5441E+15,5.02151E+16
143885,6.17083E+18,6,4,34,1,2017,8,14,3,3,8,7,0,1,0,0,0,0,0,4.72576E+20,5.56598E+21,8.61537E+15,5.02454E+16
143886,6.17083E+18,6,4,34,1,2017,8,15,3,3,2,6,0,1,0,0,0,0,0,4.71417E+20,5.5648E+21,8.59922E+15,5.02346E+16
143887,6.17083E+18,6,4,36,5,2017,8,10,3,3,0,1,0,0,0,1,0,0,0,4.6267E+20,5.5468E+21,8.47834E+15,5.00723E+16
143888,6.17083E+18,6,4,31,7,2017,8,16,3,3,1,5,0,1,0,0,1,0,0,4.84238E+20,5.50038E+21,8.78162E+15,4.96557E+16
143889,6.17083E+18,6,4,40,3,2017,8,9,3,3,4,7,1,0,0,0,0,0,0,4.8395E+20,5.56007E+21,8.77515E+15,5.01927E+16
143890,6.17083E+18,6,4,32,5,2017,8,10,3,3,5,3,0,1,0,0,0,0,0,4.88512E+20,5.53235E+21,8.83989E+15,4.99434E+16
143891,6.17083E+18,6,4,11,0,2017,8,20,3,2,5,3,1,0,0,0,1,2,0,4.74415E+20,5.51842E+21,8.64434E+15,4.98177E+16
143892,6.17083E+18,6,5,34,18,2017,8,19,3,3,5,3,1,0,0,0,0,0,0,5.01276E+20,5.63177E+21,9.01812E+15,5.08376E+16
143893,6.17083E+18,6,5,34,11,2017,8,11,3,3,2,6,0,1,0,1,0,0,0,4.94192E+20,5.62893E+21,8.91756E+15,5.0812E+16
143894,6.17083E+18,6,6,31,6,2017,8,19,3,3,1,5,0,1,0,0,0,0,0,5.49673E+20,5.59439E+21,9.7004E+15,5.04994E+16
143895,6.17083E+18,6,5,32,23,2017,8,16,3,2,6,4,0,1,1,0,0,0,0,4.64817E+20,5.60098E+21,8.50329E+15,5.05597E+16
143896,6.17083E+18,6,5,31,5,2017,8,15,2,3,5,6,0,1,0,0,0,0,0,4.78822E+20,5.60557E+21,8.70074E+15,5.06017E+16
143897,6.17083E+18,6,6,35,15,2017,8,17,2,2,2,6,0,1,0,0,0,0,0,4.93335E+20,5.67886E+21,8.90447E+15,5.12611E+16
143898,6.17083E+18,6,4,14,0,2017,8,18,2,3,5,7,0,1,0,1,0,0,0,4.4802E+20,5.54621E+21,8.2737E+15,5.00659E+16
143899,6.17083E+18,6,4,14,0,2017,8,18,2,3,9,1,0,1,0,0,0,0,0,4.42016E+20,5.54643E+21,8.18979E+15,5.00673E+16
143900,6.17083E+18,6,4,14,0,2017,8,8,2,3,2,6,0,1,0,0,0,0,0,4.45685E+20,5.54871E+21,8.24073E+15,5.00882E+16
143901,6.17083E+18,6,4,14,0,2017,8,15,2,3,2,6,0,1,0,0,0,0,0,4.46821E+20,5.54818E+21,8.25668E+15,5.00835E+16
143902,6.17083E+18,6,4,13,0,2017,8,18,2,3,0,7,1,1,0,0,0,0,0,4.86012E+20,5.54861E+21,8.80445E+15,5.00896E+16
143903,6.17083E+18,6,4,12,0,2017,8,20,2,3,0,5,1,1,0,0,0,2,0,4.74429E+20,5.55204E+21,8.64231E+15,5.01201E+16
143904,6.17083E+18,6,4,37,11,2017,8,18,2,3,5,2,0,1,0,0,0,0,0,5.00196E+20,5.50196E+21,9.00272E+15,4.96702E+16
143905,6.17083E+18,6,4,39,15,2017,8,16,2,2,8,1,0,1,0,0,0,0,0,4.41659E+20,5.56011E+21,8.18271E+15,5.01903E+16
143906,6.17083E+18,6,4,34,8,2017,8,18,2,3,0,5,1,1,0,0,0,0,0,4.69093E+20,5.56228E+21,8.56683E+15,5.02119E+16
143907,6.17083E+18,6,4,34,8,2017,8,17,2,3,5,3,1,1,0,0,0,0,0,4.71346E+20,5.56068E+21,8.59853E+15,5.01976E+16
143908,6.17083E+18,6,4,32,18,2017,8,11,2,3,5,3,0,1,0,0,0,0,0,4.72037E+20,5.51728E+21,8.61137E+15,4.98073E+16
143909,6.17083E+18,6,4,33,12,2017,8,8,2,3,5,3,1,1,0,0,0,0,0,4.57354E+20,5.53676E+21,8.40516E+15,4.99817E+16
143910,6.17083E+18,6,4,33,2,2017,8,12,2,2,0,1,0,1,0,0,0,0,0,4.53218E+20,5.53789E+21,8.34735E+15,4.99915E+16
143911,6.17083E+18,6,4,33,9,2017,8,13,2,3,5,3,1,0,0,0,1,0,0,4.60443E+20,5.53212E+21,8.44872E+15,4.99401E+16
143912,6.17083E+18,6,4,33,4,2017,8,11,2,3,5,3,1,1,0,0,0,0,0,4.62901E+20,5.51149E+21,8.48495E+15,4.97547E+16
143913,6.17083E+18,6,5,34,8,2017,8,9,2,3,5,3,0,1,0,0,0,0,0,4.89783E+20,5.61984E+21,8.85523E+15,5.07302E+16
143914,6.17083E+18,6,6,31,9,2017,8,15,2,3,5,3,1,1,0,0,0,0,0,5.49424E+20,5.59963E+21,9.69758E+15,5.05466E+16
143915,6.17083E+18,6,4,35,14,2017,8,18,2,3,2,6,0,1,1,0,0,0,0,4.93715E+20,5.55474E+21,8.91204E+15,5.01449E+16
143916,6.17083E+18,6,5,32,3,2017,8,8,2,2,6,2,0,1,1,0,0,0,0,4.56982E+20,5.59642E+21,8.39321E+15,5.05182E+16
143917,6.17083E+18,6,5,31,12,2017,8,18,2,3,5,3,0,1,0,0,0,0,0,4.75481E+20,5.59845E+21,8.65401E+15,5.05374E+16
143918,6.17083E+18,6,5,31,7,2017,8,7,2,2,5,2,1,1,0,0,0,0,0,4.73485E+20,5.60362E+21,8.62547E+15,5.05838E+16
143919,6.17083E+18,6,4,35,14,2017,8,20,2,3,9,2,0,1,0,0,0,0,0,4.92537E+20,5.55027E+21,8.89563E+15,5.01046E+16
143920,6.17083E+18,6,6,11,0,2017,8,7,1,3,8,1,0,1,0,0,0,0,0,5.36152E+20,5.68244E+21,9.51847E+15,5.12922E+16
143921,6.17083E+18,6,4,14,0,2017,8,18,1,2,1,5,0,1,0,1,0,0,0,4.5007E+20,5.53965E+21,8.30321E+15,5.00071E+16
143922,6.17083E+18,6,4,13,0,2017,8,13,1,2,5,3,1,1,0,0,0,0,0,4.82347E+20,5.54933E+21,8.75319E+15,5.0096E+16
143923,6.17083E+18,6,4,12,0,2017,8,16,1,3,3,6,0,1,0,1,0,0,0,4.67404E+20,5.55066E+21,8.54415E+15,5.01073E+16
143924,6.17083E+18,6,4,12,0,2017,8,2,1,2,5,3,0,1,0,0,0,2,0,4.76416E+20,5.55421E+21,8.66996E+15,5.01396E+16
143925,6.17083E+18,6,4,11,0,2017,8,17,1,3,1,1,0,1,0,0,0,0,0,4.75895E+20,5.52844E+21,8.66429E+15,4.99078E+16
143926,6.17083E+18,6,6,32,3,2017,8,14,1,3,0,7,0,0,1,0,1,0,0,5.62064E+20,5.65126E+21,9.88468E+15,5.10096E+16
143927,6.17083E+18,6,4,36,2,2017,8,16,1,3,4,6,0,1,0,0,0,0,0,4.55516E+20,5.55544E+21,8.37736E+15,5.01495E+16
143928,6.17083E+18,6,4,40,7,2017,8,19,1,2,5,3,1,1,0,0,0,0,0,4.95861E+20,5.5754E+21,8.94184E+15,5.03307E+16
143929,6.17083E+18,6,5,34,13,2017,8,17,1,2,9,1,0,0,0,1,0,0,0,4.74183E+20,5.62066E+21,8.63414E+15,5.07372E+16
143930,6.17083E+18,6,6,34,9,2017,8,0,7,3,5,3,0,1,0,0,0,2,0,5.29609E+20,5.6533E+21,9.42224E+15,5.10305E+16
143931,6.17083E+18,6,4,14,0,2017,8,20,7,3,5,3,1,1,0,0,0,0,0,4.41984E+20,5.54406E+21,8.18969E+15,5.0046E+16
143932,6.17083E+18,6,4,14,0,2017,8,15,7,3,0,2,0,1,0,1,0,0,0,4.4438E+20,5.54641E+21,8.22282E+15,5.00674E+16
143933,6.17083E+18,6,4,36,3,2017,8,9,7,3,6,4,0,1,1,0,0,0,0,4.68638E+20,5.5546E+21,8.5611E+15,5.01428E+16
143934,6.17083E+18,6,4,36,1,2017,8,8,7,3,6,4,0,1,1,0,0,0,0,4.6442E+20,5.55444E+21,8.50207E+15,5.01411E+16
143935,6.17083E+18,6,4,36,5,2017,8,10,7,3,5,3,1,0,0,0,0,0,0,4.61996E+20,5.54282E+21,8.46931E+15,5.00364E+16
143936,6.17083E+18,6,4,12,0,2017,8,16,7,3,5,2,0,1,0,1,0,0,0,4.74123E+20,5.54829E+21,8.63828E+15,5.00863E+16
143937,6.17083E+18,6,4,12,0,2017,8,18,7,3,5,3,1,1,0,0,0,0,0,4.75843E+20,5.55227E+21,8.66207E+15,5.01222E+16
143938,6.17083E+18,6,4,12,0,2017,8,9,7,3,6,4,0,1,1,0,0,0,0,4.77686E+20,5.55145E+21,8.6879E+15,5.01149E+16
143939,6.17083E+18,6,4,11,0,2017,8,13,7,3,2,6,0,1,0,0,0,0,0,4.75851E+20,5.52681E+21,8.66379E+15,4.98932E+16
143940,6.17083E+18,6,4,37,6,2017,8,17,7,3,5,3,1,1,0,0,0,0,0,4.99299E+20,5.50117E+21,8.99028E+15,4.96631E+16
143941,6.17083E+18,6,4,11,0,2017,8,17,7,3,6,4,0,1,1,0,0,0,0,4.76339E+20,5.52496E+21,8.67068E+15,4.98766E+16
143942,6.17083E+18,6,4,34,1,2017,8,13,7,1,6,7,0,0,1,0,1,0,0,4.70626E+20,5.56541E+21,8.58808E+15,5.02401E+16
143943,6.17083E+18,6,4,36,8,2017,8,12,7,3,5,3,1,1,0,0,0,0,0,4.5706E+20,5.55845E+21,8.39864E+15,5.01767E+16
143944,6.17083E+18,6,5,34,4,2017,8,11,7,3,5,3,0,1,0,0,0,0,0,4.67015E+20,5.63997E+21,8.53082E+15,5.09104E+16
143945,6.17083E+18,6,4,31,22,2017,8,10,7,3,0,7,0,0,0,0,1,0,0,4.71829E+20,5.50826E+21,8.60913E+15,4.97262E+16
143946,6.17083E+18,6,4,33,12,2017,8,9,7,3,6,4,1,0,1,0,0,0,0,4.57917E+20,5.53741E+21,8.41295E+15,4.99875E+16
143947,6.17083E+18,6,4,33,8,2017,8,18,7,3,6,4,0,1,1,0,0,0,0,4.68829E+20,5.53893E+21,8.56504E+15,5.00018E+16
143948,6.17083E+18,6,4,33,11,2017,8,0,7,3,0,2,0,1,0,0,0,2,1,4.64447E+20,5.51995E+21,8.50564E+15,4.98309E+16
143949,6.17083E+18,6,4,12,0,2017,8,14,7,3,4,4,0,1,1,1,0,0,0,4.80805E+20,5.55427E+21,8.73139E+15,5.01403E+16
143950,6.17083E+18,6,5,32,23,2017,8,17,7,2,0,7,1,0,0,0,0,0,0,4.61298E+20,5.5993E+21,8.45379E+15,5.05444E+16
143951,6.17083E+18,6,4,35,21,2017,8,12,6,3,5,3,1,1,0,0,0,0,0,4.91331E+20,5.56375E+21,8.87847E+15,5.02258E+16
143952,6.17083E+18,6,4,14,0,2017,8,19,6,3,6,4,0,1,1,0,0,0,1,4.45806E+20,5.54347E+21,8.24316E+15,5.00411E+16
143953,6.17083E+18,6,4,14,0,2017,8,15,6,3,5,3,0,1,0,0,0,0,0,4.44297E+20,5.54893E+21,8.2213E+15,5.00901E+16
143954,6.17083E+18,6,4,14,0,2017,8,16,6,3,3,2,1,1,0,0,0,0,0,4.45811E+20,5.54727E+21,8.24269E+15,5.00753E+16
143955,6.17083E+18,6,4,13,0,2017,8,17,6,3,3,6,1,0,0,0,1,0,1,4.82844E+20,5.54973E+21,8.76012E+15,5.00996E+16
143956,6.17083E+18,6,4,13,0,2017,8,7,6,3,6,4,0,1,1,0,0,0,0,4.81756E+20,5.55077E+21,8.74486E+15,5.01089E+16
143957,6.17083E+18,6,4,13,0,2017,8,20,6,3,5,2,1,1,0,0,0,2,1,4.83633E+20,5.54915E+21,8.77118E+15,5.00944E+16
143958,6.17083E+18,6,4,13,0,2017,8,14,6,3,5,3,0,1,0,1,0,0,0,4.84735E+20,5.55107E+21,8.78651E+15,5.01117E+16
143959,6.17083E+18,6,4,36,3,2017,8,16,6,3,5,3,0,1,0,0,0,0,0,4.69111E+20,5.55346E+21,8.5678E+15,5.01326E+16
143960,6.17083E+18,6,4,36,12,2017,8,14,6,3,4,6,1,0,0,0,0,0,0,4.65639E+20,5.55436E+21,8.51914E+15,5.01404E+16
143961,6.17083E+18,6,4,12,0,2017,8,18,6,3,2,2,1,0,0,1,0,0,1,4.64674E+20,5.54866E+21,8.50617E+15,5.00892E+16
143962,6.17083E+18,6,4,12,0,2017,8,17,6,3,5,3,0,1,0,0,0,0,1,4.7241E+20,5.55141E+21,8.61412E+15,5.01143E+16
143963,6.17083E+18,6,4,12,0,2017,8,18,6,3,5,2,1,0,0,0,0,0,0,4.74839E+20,5.5522E+21,8.64803E+15,5.01215E+16
143964,6.17083E+18,6,4,32,23,2017,8,13,6,3,5,2,0,1,0,0,0,0,0,4.71235E+20,5.527E+21,8.59951E+15,4.98947E+16
143965,6.17083E+18,6,4,11,0,2017,8,21,6,3,0,1,0,0,0,1,0,2,1,4.76134E+20,5.52439E+21,8.66787E+15,4.98715E+16
143966,6.17083E+18,6,4,11,0,2017,8,14,6,3,2,6,1,1,0,0,0,0,0,4.76579E+20,5.52598E+21,8.67396E+15,4.98857E+16
143967,6.17083E+18,6,4,38,2,2017,8,13,6,3,5,3,1,1,0,0,0,0,0,4.78163E+20,5.54231E+21,8.6951E+15,5.00327E+16
143968,6.17083E+18,6,4,38,3,2017,8,10,6,3,1,5,0,1,0,0,0,0,0,4.76666E+20,5.5348E+21,8.67465E+15,4.99651E+16
143969,6.17083E+18,6,4,34,11,2017,8,15,6,3,6,7,0,1,1,0,0,0,0,4.66295E+20,5.57656E+21,8.52634E+15,5.03402E+16
143970,6.17083E+18,6,4,34,1,2017,8,14,6,3,1,5,1,1,0,0,0,0,0,4.71607E+20,5.56386E+21,8.60194E+15,5.02262E+16
143971,6.17083E+18,6,4,36,8,2017,8,13,6,3,2,6,0,1,0,0,0,0,0,4.58727E+20,5.55569E+21,8.42228E+15,5.0152E+16
143972,6.17083E+18,6,5,32,20,2017,8,7,6,3,5,3,0,1,0,0,0,0,0,4.51685E+20,5.61099E+21,8.31659E+15,5.06488E+16
143973,6.17083E+18,6,4,38,12,2017,8,21,6,3,5,3,0,1,0,0,0,2,1,4.87742E+20,5.53516E+21,8.82906E+15,4.99686E+16
143974,6.17083E+18,6,4,11,0,2017,8,19,6,3,5,2,0,1,0,0,0,2,1,4.74453E+20,5.5197E+21,8.64479E+15,4.98292E+16
143975,6.17083E+18,6,4,31,2,2017,8,16,6,2,5,3,0,1,0,1,0,0,0,4.71918E+20,5.50525E+21,8.61058E+15,4.96992E+16
143976,6.17083E+18,6,4,31,2,2017,8,11,6,3,6,7,0,1,1,0,0,0,0,4.72887E+20,5.50322E+21,8.62417E+15,4.96809E+16
143977,6.17083E+18,6,4,33,6,2017,8,20,6,3,5,3,0,1,0,0,0,1,1,4.63194E+20,5.53022E+21,8.48724E+15,4.99232E+16
143978,6.17083E+18,6,5,31,14,2017,8,21,6,2,4,6,0,1,0,0,0,2,1,4.7969E+20,5.59744E+21,8.71346E+15,5.05286E+16
143979,6.17082E+18,6,5,31,5,2017,8,8,5,3,4,7,1,1,0,0,0,0,0,4.77134E+20,5.60403E+21,8.67699E+15,5.05877E+16
143980,6.17082E+18,6,6,35,15,2017,8,8,5,2,0,3,0,1,0,0,0,0,0,4.92771E+20,5.67895E+21,8.89639E+15,5.12619E+16
143981,6.17082E+18,6,6,32,9,2017,8,15,5,2,5,3,1,1,0,0,0,0,0,5.7166E+20,5.6384E+21,1.00189E+16,5.08928E+16
143982,6.17082E+18,6,4,13,0,2017,8,18,5,2,0,7,1,0,0,0,0,0,0,4.828E+20,5.55052E+21,8.75947E+15,5.01067E+16
143983,6.17092E+18,6,4,34,1,2017,9,15,4,3,2,6,0,1,0,0,0,0,1,4.73298E+20,5.56265E+21,8.62574E+15,5.02154E+16
143984,6.17092E+18,6,4,34,1,2017,9,12,4,3,5,2,0,1,0,0,0,0,1,4.73058E+20,5.56365E+21,8.62231E+15,5.02244E+16
143985,6.17092E+18,6,4,34,2,2017,9,7,4,3,5,3,1,1,0,0,0,1,0,4.74596E+20,5.56739E+21,8.64362E+15,5.02581E+16
143986,6.17092E+18,6,6,35,15,2017,9,15,4,3,2,6,0,1,0,0,0,0,0,4.91427E+20,5.68119E+21,8.87708E+15,5.1282E+16
143987,6.17092E+18,6,6,32,2,2017,9,19,4,2,0,7,0,0,0,1,0,0,0,5.46543E+20,5.63744E+21,9.66168E+15,5.08868E+16
143988,6.17092E+18,6,6,33,15,2017,9,17,4,3,5,3,1,1,0,0,0,0,1,5.44399E+20,5.68152E+21,9.63662E+15,5.12833E+16
143989,6.17092E+18,6,4,14,0,2017,9,9,4,3,3,6,1,1,0,0,0,0,0,4.44612E+20,5.54693E+21,8.22598E+15,5.00721E+16
143990,6.17092E+18,6,4,36,3,2017,9,8,4,2,0,1,1,0,0,0,0,0,0,4.69014E+20,5.55489E+21,8.56634E+15,5.01454E+16
143991,6.17092E+18,6,4,36,5,2017,9,15,4,3,2,6,0,1,0,0,0,0,0,4.61133E+20,5.54317E+21,8.45723E+15,5.00395E+16
143992,6.17092E+18,6,4,12,0,2017,9,15,4,3,0,2,1,1,0,0,0,0,0,4.75955E+20,5.54888E+21,8.66386E+15,5.00917E+16
143993,6.17092E+18,6,4,34,8,2017,9,13,4,3,5,3,0,1,0,0,0,0,1,4.71165E+20,5.56141E+21,8.59594E+15,5.02042E+16
143994,6.17092E+18,6,4,35,3,2017,9,0,4,3,5,3,0,1,0,1,0,2,0,5.18605E+20,5.5634E+21,9.26081E+15,5.02225E+16
143995,6.17092E+18,6,4,40,9,2017,9,17,4,3,6,4,0,1,1,0,0,0,0,5.13888E+20,5.58143E+21,9.19535E+15,5.03847E+16
143996,6.17092E+18,6,5,32,6,2017,9,10,4,3,2,7,0,1,0,0,0,0,1,4.49582E+20,5.62124E+21,8.28545E+15,5.07408E+16
143997,6.17092E+18,6,4,32,4,2017,9,15,4,3,3,6,1,0,0,0,1,0,0,4.88935E+20,5.52741E+21,8.84593E+15,4.9899E+16
143998,6.17092E+18,6,4,32,11,2017,9,12,4,3,6,7,0,1,1,0,0,0,0,4.87444E+20,5.52372E+21,8.82529E+15,4.98658E+16
143999,6.17092E+18,6,4,33,12,2017,9,8,4,3,0,3,1,1,0,0,0,0,0,4.58727E+20,5.53819E+21,8.42416E+15,4.99946E+16
144000,6.17092E+18,6,4,33,12,2017,9,6,4,2,9,1,0,0,0,1,0,2,1,4.5722E+20,5.53702E+21,8.40327E+15,4.9984E+16
144001,6.17092E+18,6,6,31,8,2017,9,15,4,2,8,1,0,0,0,1,0,0,1,5.38508E+20,5.58283E+21,9.54179E+15,5.03962E+16
144002,6.17092E+18,6,4,35,14,2017,9,20,4,3,2,7,1,1,0,0,0,2,0,4.94062E+20,5.55369E+21,8.91691E+15,5.01354E+16
144003,6.17092E+18,6,5,31,5,2017,9,18,3,3,2,6,0,1,0,0,0,0,0,4.76028E+20,5.60431E+21,8.66135E+15,5.05902E+16
144004,6.17092E+18,6,5,31,5,2017,9,13,3,3,5,3,0,1,0,0,0,0,0,4.78695E+20,5.6055E+21,8.69895E+15,5.0601E+16
144005,6.17092E+18,6,6,32,2,2017,9,10,3,3,6,7,0,1,1,0,0,0,0,5.50055E+20,5.63528E+21,9.71132E+15,5.0867E+16
144006,6.17092E+18,6,6,33,26,2017,9,7,3,3,5,3,0,1,0,0,0,0,1,5.31923E+20,5.68884E+21,9.4584E+15,5.135E+16
144007,6.17092E+18,6,4,14,0,2017,9,14,3,3,9,1,0,0,0,1,0,0,1,4.41789E+20,5.54992E+21,8.18609E+15,5.00987E+16
144008,6.17092E+18,6,4,13,0,2017,9,8,3,2,6,4,0,1,1,0,0,0,0,4.8353E+20,5.55023E+21,8.7697E+15,5.01041E+16
144009,6.17092E+18,6,4,12,0,2017,9,15,3,3,5,3,1,0,0,0,1,0,0,4.67047E+20,5.55E+21,8.53922E+15,5.01014E+16
144010,6.17092E+18,6,4,12,0,2017,9,16,3,3,6,4,0,1,1,0,0,0,0,4.67157E+20,5.55031E+21,8.54074E+15,5.01041E+16
144011,6.17092E+18,6,4,12,0,2017,9,16,3,3,6,4,0,1,1,0,0,0,0,4.76234E+20,5.56055E+21,8.66702E+15,5.01967E+16
144012,6.17092E+18,6,4,12,0,2017,9,20,3,3,3,6,0,1,0,1,0,2,0,4.76194E+20,5.56002E+21,8.66649E+15,5.01919E+16
144013,6.17092E+18,6,4,12,0,2017,9,14,3,2,5,2,0,1,0,1,0,0,1,4.72441E+20,5.55131E+21,8.61455E+15,5.01134E+16
144014,6.17092E+18,6,4,12,0,2017,9,15,3,3,1,5,1,1,0,0,0,0,1,4.76784E+20,5.55425E+21,8.67511E+15,5.014E+16
144015,6.17092E+18,6,4,12,0,2017,9,10,3,3,2,6,0,1,0,0,0,0,0,4.78729E+20,5.54935E+21,8.7026E+15,5.00961E+16
144016,6.17092E+18,6,6,35,3,2017,9,9,3,2,9,1,0,1,0,0,0,0,1,5.08268E+20,5.66147E+21,9.11809E+15,5.11046E+16
144017,6.17092E+18,6,6,11,0,2017,9,19,3,2,5,3,0,1,0,0,0,2,0,5.32007E+20,5.68461E+21,9.45923E+15,5.13119E+16
144018,6.17092E+18,6,6,33,3,2017,9,16,3,3,5,3,0,1,0,0,0,0,0,5.27143E+20,5.67866E+21,9.38899E+15,5.12586E+16