OBJECTID,UIDENTSTLA,ULAND,UREGBEZ,UKREIS,UGEMEINDE,UJAHR,UMONAT,USTUNDE,UWOCHENTAG,UKATEGORIE,UART,UTYP1,IstRad,IstPKW,IstFuss,IstKrad,IstSonstig,LICHT,STRZUSTAND,LINREFX,LINREFY,XGCSWGS84,YGCSWGS84
144019,6.17092E+18,6,6,33,3,2017,9,12,3,3,0,3,1,0,0,0,0,0,0,5.26745E+20,5.678E+21,9.38323E+15,5.12528E+16
144020,6.17092E+18,6,6,11,0,2017,9,7,3,3,0,5,0,1,0,0,1,0,1,5.30518E+20,5.6882E+21,9.43817E+15,5.13443E+16
144021,6.17092E+18,6,4,35,19,2017,9,7,3,3,6,6,0,1,1,0,0,0,0,4.8879E+20,5.55418E+21,8.84312E+15,5.01397E+16
144022,6.17092E+18,6,4,38,5,2017,9,17,3,3,2,6,0,1,0,0,0,0,0,4.869E+20,5.54507E+21,8.817E+15,5.00578E+16
144023,6.17092E+18,6,4,36,2,2017,9,19,3,3,5,3,1,1,0,0,0,0,0,4.55578E+20,5.55544E+21,8.37823E+15,5.01495E+16
144024,6.17092E+18,6,4,36,8,2017,9,7,3,3,5,3,0,1,0,0,1,0,1,4.61468E+20,5.55412E+21,8.46079E+15,5.0138E+16
144025,6.17092E+18,6,4,40,3,2017,9,15,3,3,0,3,0,1,0,1,0,0,1,4.81595E+20,5.55953E+21,8.74218E+15,5.01877E+16
144026,6.17092E+18,6,4,40,16,2017,9,10,3,3,6,7,0,0,1,0,1,0,0,5.00596E+20,5.58444E+21,9.00839E+15,5.0412E+16
144027,6.17092E+18,6,4,11,0,2017,9,19,3,3,1,5,1,1,0,0,0,0,0,4.74428E+20,5.51893E+21,8.64449E+15,4.98223E+16
144028,6.17092E+18,6,4,32,8,2017,9,13,3,2,6,6,1,0,1,0,0,0,0,4.69843E+20,5.52351E+21,8.58039E+15,4.98632E+16
144029,6.17092E+18,6,5,34,10,2017,9,18,3,3,5,3,1,1,0,0,0,0,0,4.6902E+20,5.62679E+21,8.56046E+15,5.0792E+16
144030,6.17092E+18,6,4,33,12,2017,9,21,3,3,5,3,1,1,0,0,0,2,1,4.59031E+20,5.53696E+21,8.42854E+15,4.99836E+16
144031,6.17092E+18,6,4,33,8,2017,9,17,3,3,6,6,1,0,1,0,0,0,1,4.69012E+20,5.53776E+21,8.56768E+15,4.99913E+16
144032,6.17092E+18,6,4,33,8,2017,9,7,3,3,2,6,0,1,0,0,1,0,0,4.69827E+20,5.53683E+21,8.57913E+15,4.9983E+16
144033,6.17092E+18,6,4,33,6,2017,9,7,3,3,5,3,0,1,0,0,0,0,0,4.62829E+20,5.53019E+21,8.48216E+15,4.99229E+16
144034,6.17092E+18,6,4,33,1,2017,9,6,3,3,5,2,0,1,0,0,1,1,1,4.63134E+20,5.5141E+21,8.48794E+15,4.97782E+16
144035,6.17092E+18,6,5,34,11,2017,9,15,3,3,5,3,0,1,0,0,0,0,1,4.95276E+20,5.6309E+21,8.93292E+15,5.08298E+16
144036,6.17092E+18,6,5,34,14,2017,9,10,3,3,4,3,0,1,0,0,1,0,0,4.83906E+20,5.62945E+21,8.77153E+15,5.08166E+16
144037,6.17092E+18,6,5,34,20,2017,9,14,3,3,1,5,1,1,0,0,0,0,0,4.79067E+20,5.62288E+21,8.70323E+15,5.07574E+16
144038,6.17092E+18,6,4,12,0,2017,9,15,3,3,4,6,0,1,0,0,0,0,0,4.8231E+20,5.55484E+21,8.75241E+15,5.01456E+16
144039,6.17092E+18,6,5,31,5,2017,9,19,2,2,5,3,1,1,0,0,0,0,0,4.76896E+20,5.60428E+21,8.6736E+15,5.059E+16
144040,6.17092E+18,6,6,33,17,2017,9,8,2,3,5,3,0,1,0,0,0,0,0,5.38121E+20,5.68059E+21,9.54652E+15,5.12754E+16
144041,6.17092E+18,6,6,11,0,2017,9,18,2,3,0,3,1,1,0,0,0,0,0,5.33714E+20,5.68338E+21,9.48359E+15,5.13007E+16
144042,6.17092E+18,6,4,14,0,2017,9,11,2,3,5,3,0,1,0,0,0,0,0,4.43988E+20,5.54434E+21,8.21765E+15,5.00487E+16
144043,6.17092E+18,6,4,14,0,2017,9,15,2,3,5,3,1,0,0,0,1,0,0,4.44358E+20,5.54732E+21,8.22238E+15,5.00756E+16
144044,6.17092E+18,6,4,12,0,2017,9,16,2,3,2,6,0,1,0,0,0,0,0,4.68981E+20,5.54997E+21,8.56626E+15,5.01012E+16
144045,6.17092E+18,6,4,12,0,2017,9,5,2,3,0,6,0,0,0,0,1,2,1,4.79158E+20,5.56117E+21,8.70796E+15,5.02024E+16
144046,6.17092E+18,6,4,12,0,2017,9,14,2,3,1,1,1,1,0,0,0,0,0,4.77408E+20,5.54988E+21,8.68411E+15,5.01007E+16
144047,6.17092E+18,6,4,12,0,2017,9,8,2,3,2,2,1,1,0,0,0,0,0,4.83577E+20,5.55166E+21,8.77029E+15,5.01169E+16
144048,6.17092E+18,6,4,12,0,2017,9,18,2,2,3,3,1,1,0,0,0,0,0,4.77159E+20,5.55171E+21,8.68051E+15,5.01172E+16
144049,6.17092E+18,6,4,38,11,2017,9,20,2,3,6,4,0,1,1,0,0,2,0,4.9059E+20,5.5389E+21,8.8687E+15,5.00024E+16
144050,6.17092E+18,6,4,38,10,2017,9,19,2,3,1,5,1,1,0,0,0,0,0,4.89991E+20,5.54697E+21,8.86012E+15,5.00749E+16
144051,6.17092E+18,6,4,35,29,2017,9,9,2,3,6,4,0,1,1,0,0,0,0,5.20619E+20,5.56736E+21,9.28925E+15,5.0258E+16
144052,6.17092E+18,6,5,32,12,2017,9,18,2,2,0,7,0,0,0,1,0,0,0,4.53091E+20,5.61648E+21,8.33579E+15,5.06983E+16
144053,6.17092E+18,6,4,40,2,2017,9,18,2,3,1,2,1,1,0,0,0,1,1,4.80896E+20,5.57842E+21,8.73143E+15,5.03575E+16
144054,6.17092E+18,6,4,40,2,2017,9,10,2,2,0,5,1,1,0,0,0,0,0,4.81235E+20,5.5793E+21,8.73616E+15,5.03655E+16
144055,6.17092E+18,6,4,31,20,2017,9,15,2,3,5,3,1,1,0,0,0,0,0,4.70062E+20,5.48782E+21,8.58618E+15,4.95422E+16
144056,6.17092E+18,6,4,31,2,2017,9,7,2,3,5,2,1,0,0,0,1,1,0,4.71676E+20,5.50399E+21,8.60732E+15,4.96878E+16
144057,6.17092E+18,6,4,33,4,2017,9,17,2,3,5,3,1,1,0,0,0,0,0,4.62961E+20,5.51102E+21,8.48584E+15,4.97505E+16
144058,6.17092E+18,6,4,35,14,2017,9,14,2,3,3,2,1,1,0,0,0,0,0,4.93818E+20,5.55351E+21,8.91349E+15,5.01338E+16
144059,6.17092E+18,6,5,31,12,2017,9,15,2,3,0,6,0,0,0,1,1,0,0,4.76862E+20,5.59739E+21,8.67355E+15,5.0528E+16
144060,6.17092E+18,6,4,12,0,2017,9,17,1,3,6,3,0,1,1,0,0,0,1,4.72958E+20,5.55096E+21,8.6218E+15,5.01103E+16
144061,6.17092E+18,6,4,12,0,2017,9,18,1,3,3,6,1,1,0,0,0,0,1,4.76285E+20,5.55125E+21,8.66832E+15,5.0113E+16
144062,6.17092E+18,6,4,38,4,2017,9,13,1,3,5,3,1,0,0,0,1,0,0,4.97197E+20,5.547E+21,8.96083E+15,5.00753E+16
144063,6.17092E+18,6,4,38,6,2017,9,3,1,3,1,7,0,1,0,0,0,2,0,4.75519E+20,5.53786E+21,8.65846E+15,4.99925E+16
144064,6.17092E+18,6,4,38,6,2017,9,18,1,3,0,7,1,0,0,0,0,0,0,4.75101E+20,5.53789E+21,8.65263E+15,4.99928E+16
144065,6.17092E+18,6,4,38,6,2017,9,12,1,3,5,2,0,1,0,0,0,0,0,4.7612E+20,5.5372E+21,8.66688E+15,4.99867E+16
144066,6.17092E+18,6,6,31,15,2017,9,15,1,3,8,1,0,1,0,0,0,0,0,5.54142E+20,5.61334E+21,9.76617E+15,5.06694E+16
144067,6.17092E+18,6,4,35,17,2017,9,11,7,3,5,3,1,1,0,0,0,0,0,5.02685E+20,5.55857E+21,9.03761E+15,5.01793E+16
144068,6.17092E+18,6,4,35,6,2017,9,7,7,3,5,3,0,1,0,0,0,0,0,4.95062E+20,5.55818E+21,8.93085E+15,5.01758E+16
144069,6.17092E+18,6,6,35,15,2017,9,2,7,3,5,3,0,1,0,1,0,2,0,4.90578E+20,5.68073E+21,8.86491E+15,5.12779E+16
144070,6.17092E+18,6,6,11,0,2017,9,23,7,3,4,6,0,1,0,0,0,2,0,5.34917E+20,5.68672E+21,9.50119E+15,5.13307E+16
144071,6.17092E+18,6,6,33,26,2017,9,16,7,3,2,6,1,1,0,0,0,0,0,5.31635E+20,5.69051E+21,9.45441E+15,5.1365E+16
144072,6.17092E+18,6,4,14,0,2017,9,15,7,3,6,7,0,1,1,0,0,0,0,4.42284E+20,5.54734E+21,8.19339E+15,5.00755E+16
144073,6.17092E+18,6,4,13,0,2017,9,12,7,3,5,3,1,1,0,0,0,0,0,4.82651E+20,5.54933E+21,8.75744E+15,5.0096E+16
144074,6.17092E+18,6,4,13,0,2017,9,17,7,3,6,4,0,1,1,0,0,0,1,4.83633E+20,5.54915E+21,8.77118E+15,5.00944E+16
144075,6.17092E+18,6,4,12,0,2017,9,11,7,2,6,4,0,1,1,0,0,0,0,4.78777E+20,5.55284E+21,8.70308E+15,5.01274E+16
144076,6.17092E+18,6,6,33,3,2017,9,5,7,3,0,1,1,0,0,0,0,2,1,5.29265E+20,5.67888E+21,9.41941E+15,5.12605E+16
144077,6.17092E+18,6,4,38,6,2017,9,13,7,3,2,6,0,1,0,0,0,0,0,4.7463E+20,5.538E+21,8.64605E+15,4.99938E+16
144078,6.17092E+18,6,4,36,8,2017,9,16,7,3,0,1,1,0,0,0,0,0,1,4.62086E+20,5.55217E+21,8.46965E+15,5.01206E+16
144079,6.17092E+18,6,4,31,16,2017,9,11,7,3,5,3,0,1,0,0,0,0,0,4.6902E+20,5.4996E+21,8.57084E+15,4.96482E+16
144080,6.17092E+18,6,4,32,16,2017,9,14,7,3,5,3,1,1,0,0,0,0,0,4.81819E+20,5.51974E+21,8.74721E+15,4.98298E+16
144081,6.17092E+18,6,4,33,8,2017,9,18,7,3,2,6,0,1,0,0,0,0,1,4.68734E+20,5.53814E+21,8.56378E+15,4.99948E+16
144082,6.17092E+18,6,4,35,14,2017,9,14,7,3,6,4,0,1,1,0,0,0,0,4.94973E+20,5.55281E+21,8.92966E+15,5.01275E+16
144083,6.17092E+18,6,5,32,3,2017,9,14,7,3,5,3,0,1,0,0,0,0,0,4.56833E+20,5.5965E+21,8.3911E+15,5.05189E+16
144084,6.17092E+18,6,6,35,15,2017,9,13,6,2,2,6,0,1,0,0,0,0,0,4.90276E+20,5.67957E+21,8.86062E+15,5.12674E+16
144085,6.17092E+18,6,6,34,1,2017,9,2,6,3,8,1,0,1,0,0,0,2,1,5.19997E+20,5.65424E+21,9.28522E+15,5.10393E+16
144086,6.17092E+18,6,4,14,0,2017,9,15,6,3,0,2,0,0,0,1,1,0,0,4.49792E+20,5.53992E+21,8.29929E+15,5.00095E+16
144087,6.17092E+18,6,4,14,0,2017,9,19,6,3,3,2,0,1,0,0,1,0,0,4.44412E+20,5.5481E+21,8.22302E+15,5.00826E+16
144088,6.17092E+18,6,4,14,0,2017,9,14,6,3,1,5,1,1,0,0,0,0,1,4.45535E+20,5.54708E+21,8.23886E+15,5.00735E+16
144089,6.17092E+18,6,4,12,0,2017,9,16,6,2,5,3,1,1,0,0,0,0,1,4.75675E+20,5.55952E+21,8.65926E+15,5.01874E+16
144090,6.17092E+18,6,4,12,0,2017,9,10,6,3,2,2,0,1,0,0,0,0,0,4.76128E+20,5.55533E+21,8.66587E+15,5.01497E+16
144091,6.17092E+18,6,4,12,0,2017,9,15,6,3,5,3,1,1,0,0,0,0,0,4.7502E+20,5.54802E+21,8.65084E+15,5.0084E+16
144092,6.17092E+18,6,4,12,0,2017,9,8,6,3,3,2,0,1,0,1,0,0,1,4.7649E+20,5.55038E+21,8.67124E+15,5.01052E+16
144093,6.17092E+18,6,4,37,6,2017,9,14,6,3,5,3,0,1,0,0,0,0,0,5.00144E+20,5.50039E+21,9.00199E+15,4.96561E+16
144094,6.17092E+18,6,4,11,0,2017,9,13,6,3,5,3,0,1,0,0,0,0,0,4.73577E+20,5.52353E+21,8.63235E+15,4.98636E+16
144095,6.17092E+18,6,4,11,0,2017,9,17,6,3,5,3,0,1,0,0,0,0,1,4.74587E+20,5.52222E+21,8.64649E+15,4.98518E+16
144096,6.17092E+18,6,4,11,0,2017,9,13,6,3,3,6,1,0,0,0,1,0,0,4.74475E+20,5.52482E+21,8.64476E+15,4.98752E+16
144097,6.17092E+18,6,6,34,22,2017,9,15,6,3,9,1,0,1,0,0,0,0,1,5.08172E+20,5.63961E+21,9.11623E+15,5.09081E+16
144098,6.17092E+18,6,6,33,23,2017,9,17,6,2,6,4,0,1,1,0,0,0,1,5.25053E+20,5.681E+21,9.35921E+15,5.12798E+16
144099,6.17092E+18,6,4,39,13,2017,9,13,6,2,0,7,0,0,0,0,1,0,0,4.23195E+20,5.53724E+21,7.92868E+15,4.99826E+16
144100,6.17092E+18,6,4,38,6,2017,9,17,6,2,0,6,0,1,0,0,1,0,0,4.76911E+20,5.53659E+21,8.67795E+15,4.99812E+16
144101,6.17092E+18,6,4,31,11,2017,9,14,6,3,2,6,0,1,0,0,0,0,1,4.72446E+20,5.49852E+21,8.61838E+15,4.96386E+16
144102,6.17092E+18,6,5,34,4,2017,9,11,6,3,5,3,0,1,0,0,1,0,0,4.62224E+20,5.6404E+21,8.46264E+15,5.0914E+16
144103,6.17092E+18,6,5,32,15,2017,9,18,6,2,8,1,0,1,0,0,0,0,0,4.71376E+20,5.60317E+21,8.59572E+15,5.05797E+16
144104,6.17092E+18,6,5,31,7,2017,9,15,6,3,1,7,0,1,0,0,0,0,0,4.74373E+20,5.60372E+21,8.638E+15,5.05849E+16
144105,6.17091E+18,6,4,14,0,2017,9,12,5,2,8,1,0,1,0,0,0,0,1,4.46399E+20,5.54532E+21,8.25118E+15,5.00577E+16
144106,6.17091E+18,6,4,14,0,2017,9,15,5,3,5,3,0,1,0,0,0,0,0,4.4373E+20,5.54432E+21,8.21404E+15,5.00485E+16
144107,6.17091E+18,6,4,14,0,2017,9,14,5,3,6,2,0,1,1,0,0,0,1,4.45781E+20,5.54771E+21,8.24221E+15,5.00792E+16
144108,6.17091E+18,6,4,13,0,2017,9,16,5,3,0,2,1,1,0,0,0,0,1,4.83351E+20,5.54941E+21,8.76722E+15,5.00968E+16
144109,6.17091E+18,6,4,12,0,2017,9,18,5,2,6,4,0,0,1,1,0,1,1,4.74744E+20,5.55261E+21,8.64667E+15,5.01252E+16
144110,6.17091E+18,6,4,12,0,2017,9,13,5,3,6,4,0,1,1,0,0,0,1,4.74452E+20,5.54764E+21,8.64292E+15,5.00805E+16
144111,6.17091E+18,6,4,12,0,2017,9,10,5,3,6,4,0,1,1,0,0,0,1,4.81736E+20,5.55245E+21,8.74449E+15,5.0124E+16
144112,6.17091E+18,6,4,12,0,2017,9,16,5,3,6,4,0,0,1,0,1,0,0,4.76049E+20,5.55104E+21,8.66503E+15,5.01112E+16
144113,6.17091E+18,6,4,12,0,2017,9,18,5,2,3,6,1,0,0,0,1,0,1,4.77222E+20,5.55243E+21,8.68134E+15,5.01237E+16
144114,6.17091E+18,6,6,33,3,2017,9,17,5,2,0,1,0,0,0,1,0,0,1,5.27216E+20,5.6784E+21,9.39001E+15,5.12563E+16
144115,6.17091E+18,6,6,33,3,2017,9,19,5,3,5,3,0,1,0,0,0,1,1,5.28036E+20,5.67811E+21,9.40174E+15,5.12536E+16
144116,6.17091E+18,6,4,39,12,2017,9,7,5,3,0,3,0,0,0,1,1,0,1,4.29272E+20,5.53898E+21,8.01311E+15,4.99989E+16
144117,6.17091E+18,6,4,38,9,2017,9,7,5,2,0,7,0,1,0,0,0,0,1,4.77536E+20,5.54334E+21,8.68627E+15,5.00419E+16
144118,6.17091E+18,6,4,38,10,2017,9,14,5,3,2,6,0,1,0,0,0,0,1,4.89809E+20,5.54695E+21,8.85758E+15,5.00747E+16
144119,6.17091E+18,6,5,32,12,2017,9,17,5,3,5,3,1,1,0,0,0,0,0,4.50305E+20,5.61187E+21,8.29696E+15,5.06565E+16
144120,6.17091E+18,6,4,32,16,2017,9,12,5,3,5,3,1,1,0,0,0,0,1,4.8147E+20,5.51973E+21,8.74236E+15,4.98297E+16
144121,6.17091E+18,6,4,33,6,2017,9,7,5,3,2,6,0,1,0,0,0,0,1,4.63002E+20,5.53043E+21,8.48455E+15,4.99251E+16
144122,6.17091E+18,6,4,12,0,2017,9,19,5,3,6,4,0,1,1,0,0,1,1,4.81288E+20,5.55292E+21,8.7382E+15,5.01283E+16
144123,6.17091E+18,6,5,32,15,2017,9,15,5,3,1,5,0,1,0,0,1,0,1,4.67683E+20,5.60371E+21,8.54351E+15,5.05844E+16
144124,6.17091E+18,6,5,31,1,2017,9,15,5,3,5,3,1,1,0,0,0,0,0,4.87587E+20,5.61384E+21,8.82432E+15,5.06763E+16
144125,6.17091E+18,6,5,33,9,2017,9,7,4,3,2,6,0,1,0,1,0,0,1,4.31656E+20,5.583E+21,8.03846E+15,5.0395E+16
144126,6.17091E+18,6,6,33,17,2017,9,18,4,3,6,4,0,1,1,0,0,0,1,5.37749E+20,5.68063E+21,9.54119E+15,5.12757E+16
144127,6.17091E+18,6,6,11,0,2017,9,11,4,3,2,6,0,1,0,0,1,0,1,5.32326E+20,5.6851E+21,9.46384E+15,5.13163E+16
144128,6.17091E+18,6,4,14,0,2017,9,11,4,3,1,5,0,1,0,0,0,0,1,4.43027E+20,5.54807E+21,8.20366E+15,5.00822E+16
144129,6.17091E+18,6,4,36,1,2017,9,16,4,3,6,2,0,1,1,0,0,0,1,4.64517E+20,5.5545E+21,8.50343E+15,5.01417E+16
144130,6.17091E+18,6,4,12,0,2017,9,13,4,3,6,7,1,0,1,0,0,0,1,4.74868E+20,5.5543E+21,8.64829E+15,5.01404E+16
144131,6.17091E+18,6,4,11,0,2017,9,17,4,3,5,3,0,1,0,0,0,0,1,4.7281E+20,5.52589E+21,8.62151E+15,4.98848E+16
144132,6.17091E+18,6,4,11,0,2017,9,14,4,3,5,2,0,1,0,0,0,0,0,4.73763E+20,5.52302E+21,8.63497E+15,4.9859E+16
144133,6.17091E+18,6,4,11,0,2017,9,7,4,3,5,6,0,1,0,1,0,0,1,4.74459E+20,5.52318E+21,8.64465E+15,4.98605E+16
144134,6.17091E+18,6,6,33,3,2017,9,14,4,3,0,3,0,1,0,1,0,0,1,5.2745E+20,5.67829E+21,9.39335E+15,5.12553E+16
144135,6.17091E+18,6,4,39,14,2017,9,7,4,3,5,3,0,1,0,0,0,0,1,4.37091E+20,5.54848E+21,8.12064E+15,5.00852E+16
144136,6.17091E+18,6,4,35,4,2017,9,14,4,3,7,7,0,0,0,0,1,0,1,5.22699E+20,5.58713E+21,9.31963E+15,5.04358E+16
144137,6.17091E+18,6,4,38,2,2017,9,11,4,3,5,3,0,1,0,0,0,0,1,4.7581E+20,5.54119E+21,8.66231E+15,5.00225E+16
144138,6.17091E+18,6,4,36,6,2017,9,12,4,3,0,7,1,1,0,0,0,0,1,4.54495E+20,5.54054E+21,8.36485E+15,5.00154E+16
144139,6.17091E+18,6,4,35,12,2017,9,15,4,2,0,7,1,1,0,0,0,0,0,5.07937E+20,5.56073E+21,9.11121E+15,5.01987E+16
144140,6.17091E+18,6,4,40,3,2017,9,10,4,3,5,3,0,1,0,1,0,0,1,4.81749E+20,5.56184E+21,8.74423E+15,5.02084E+16
144141,6.17091E+18,6,4,31,2,2017,9,18,4,3,2,6,0,1,0,0,0,1,1,4.71481E+20,5.50262E+21,8.60472E+15,4.96755E+16
144142,6.17091E+18,6,4,31,2,2017,9,16,4,3,5,3,1,1,0,0,0,0,1,4.70217E+20,5.50254E+21,8.58721E+15,4.96746E+16
144143,6.17091E+18,6,4,33,12,2017,9,13,4,3,4,1,0,1,0,0,0,0,1,4.59573E+20,5.53853E+21,8.43594E+15,4.99977E+16
144144,6.17091E+18,6,6,31,9,2017,9,13,4,2,0,7,0,1,0,1,0,0,1,5.48334E+20,5.60058E+21,9.68232E+15,5.05551E+16
144145,6.17091E+18,6,6,31,9,2017,9,12,4,2,6,4,0,1,1,0,0,0,1,5.49391E+20,5.60187E+21,9.6974E+15,5.05667E+16
144146,6.17091E+18,6,4,12,0,2017,9,16,4,2,2,6,0,1,0,0,0,0,0,4.71723E+20,5.54467E+21,8.605E+15,5.00536E+16
144147,6.17091E+18,6,6,11,0,2017,9,13,3,3,5,3,0,1,0,0,1,0,0,5.35893E+20,5.68602E+21,9.51512E+15,5.13244E+16
144148,6.17091E+18,6,4,14,0,2017,9,0,3,3,1,5,1,1,0,0,0,2,0,4.4859E+20,5.53978E+21,8.28253E+15,5.00081E+16
144149,6.17091E+18,6,4,14,0,2017,9,13,3,3,0,6,1,1,0,0,0,0,0,4.50371E+20,5.55416E+21,8.30552E+15,5.01376E+16
144150,6.17091E+18,6,4,13,0,2017,9,8,3,3,6,4,0,1,1,0,0,0,0,4.83264E+20,5.55025E+21,8.76597E+15,5.01043E+16
144151,6.17091E+18,6,4,12,0,2017,9,12,3,3,5,3,0,1,0,0,0,0,0,4.75502E+20,5.55106E+21,8.65737E+15,5.01112E+16
144152,6.17091E+18,6,4,12,0,2017,9,8,3,3,5,3,0,1,0,0,0,0,1,4.75453E+20,5.55192E+21,8.65664E+15,5.0119E+16
144153,6.17091E+18,6,4,12,0,2017,9,18,3,3,5,3,1,1,0,0,0,0,1,4.74812E+20,5.55135E+21,8.64771E+15,5.01139E+16
144154,6.17091E+18,6,4,12,0,2017,9,16,3,3,6,4,0,1,1,0,0,0,0,4.76975E+20,5.55432E+21,8.67778E+15,5.01407E+16
144155,6.17091E+18,6,4,12,0,2017,9,16,3,3,6,7,1,0,1,0,0,0,0,4.74008E+20,5.54841E+21,8.63666E+15,5.00874E+16
144156,6.17091E+18,6,4,12,0,2017,9,14,3,2,5,3,1,1,0,0,0,0,0,4.79168E+20,5.55082E+21,8.70867E+15,5.01093E+16
144157,6.17091E+18,6,4,12,0,2017,9,19,3,3,6,4,0,1,1,0,0,1,1,4.73536E+20,5.55001E+21,8.62996E+15,5.01018E+16
144158,6.17091E+18,6,4,12,0,2017,9,21,3,3,2,6,0,1,0,0,0,2,1,4.77964E+20,5.55236E+21,8.69173E+15,5.01231E+16
144159,6.17091E+18,6,4,12,0,2017,9,20,3,3,5,2,0,1,0,0,1,2,0,4.77674E+20,5.55086E+21,8.68776E+15,5.01096E+16
144160,6.17091E+18,6,4,12,0,2017,9,10,3,3,5,3,1,1,0,0,0,0,0,4.76782E+20,5.55095E+21,8.67529E+15,5.01103E+16
144161,6.17091E+18,6,4,11,0,2017,9,8,3,3,6,2,0,0,1,0,1,0,0,4.74997E+20,5.52441E+21,8.65205E+15,4.98716E+16
144162,6.17091E+18,6,6,34,14,2017,9,16,3,3,5,3,0,1,0,1,0,0,0,5.38084E+20,5.6639E+21,9.54421E+15,5.11253E+16
144163,6.17091E+18,6,4,38,4,2017,9,16,3,3,1,7,1,1,0,0,0,0,0,4.96743E+20,5.54698E+21,8.95448E+15,5.00751E+16
144164,6.17091E+18,6,4,34,2,2017,9,16,3,3,5,3,0,1,0,0,0,0,0,4.74683E+20,5.5664E+21,8.64491E+15,5.02492E+16
144165,6.17091E+18,6,4,34,1,2017,9,12,3,2,6,2,0,1,1,0,0,0,0,4.73029E+20,5.56391E+21,8.62188E+15,5.02267E+16
144166,6.17091E+18,6,4,31,17,2017,9,23,3,2,0,7,1,0,0,0,0,2,0,4.81257E+20,5.49366E+21,8.74065E+15,4.95953E+16
144167,6.17091E+18,6,4,40,3,2017,9,15,3,3,0,7,1,1,0,0,0,0,0,4.81114E+20,5.55927E+21,8.73545E+15,5.01854E+16
144168,6.17091E+18,6,4,40,8,2017,9,15,3,3,3,6,1,0,0,0,1,0,0,4.8212E+20,5.57585E+21,8.74877E+15,5.03345E+16
144169,6.17091E+18,6,4,31,2,2017,9,16,3,3,3,1,1,1,0,0,0,0,0,4.72832E+20,5.50252E+21,8.62344E+15,4.96746E+16
144170,6.17091E+18,6,4,35,14,2017,9,14,3,3,5,3,1,1,0,0,0,0,0,4.93888E+20,5.55264E+21,8.91449E+15,5.0126E+16
144171,6.17091E+18,6,5,31,12,2017,9,17,3,3,2,6,0,1,0,0,1,0,1,4.75492E+20,5.59863E+21,8.65414E+15,5.05391E+16
144172,6.17091E+18,6,5,31,7,2017,9,13,3,3,5,3,1,1,0,0,0,0,0,4.73739E+20,5.60306E+21,8.6291E+15,5.05789E+16
144173,6.17091E+18,6,6,11,0,2017,9,8,2,3,5,3,1,1,0,0,0,0,1,5.34789E+20,5.68694E+21,9.49937E+15,5.13327E+16
144174,6.17091E+18,6,4,13,0,2017,9,21,2,3,2,6,0,1,0,0,0,2,0,4.83414E+20,5.54918E+21,8.76811E+15,5.00947E+16
144175,6.17091E+18,6,4,13,0,2017,9,15,2,3,5,3,0,1,0,0,0,0,1,4.85211E+20,5.55267E+21,8.7931E+15,5.01261E+16
144176,6.17091E+18,6,4,36,3,2017,9,8,2,3,9,1,0,1,0,0,0,0,1,4.67025E+20,5.55677E+21,8.53834E+15,5.01622E+16
144177,6.17091E+18,6,4,12,0,2017,9,14,2,3,4,6,1,1,0,0,0,0,0,4.79388E+20,5.56118E+21,8.71117E+15,5.02024E+16
144178,6.17091E+18,6,4,12,0,2017,9,8,2,3,0,7,1,1,0,0,0,0,1,4.75669E+20,5.55157E+21,8.65969E+15,5.01159E+16
144179,6.17091E+18,6,4,12,0,2017,9,19,2,2,6,4,1,0,1,0,0,0,0,4.76228E+20,5.55398E+21,8.66736E+15,5.01376E+16
144180,6.17091E+18,6,4,12,0,2017,9,7,2,3,0,1,1,0,0,0,0,0,1,4.77239E+20,5.55253E+21,8.68158E+15,5.01246E+16
144181,6.17091E+18,6,4,37,1,2017,9,13,2,3,8,3,0,0,0,1,1,0,0,5.00058E+20,5.50924E+21,9.00081E+15,4.97357E+16
144182,6.17091E+18,6,4,11,0,2017,9,15,2,3,5,3,1,1,0,0,0,0,0,4.75062E+20,5.52638E+21,8.65283E+15,4.98893E+16
144183,6.17091E+18,6,4,35,28,2017,9,20,2,3,0,6,1,1,0,0,0,0,0,5.33323E+20,5.57426E+21,9.46808E+15,5.03195E+16
144184,6.17091E+18,6,4,38,6,2017,9,16,2,3,0,3,0,1,0,0,1,0,0,4.7585E+20,5.53769E+21,8.66308E+15,4.9991E+16
144185,6.17091E+18,6,4,31,11,2017,9,11,2,3,2,6,0,1,0,0,0,0,1,4.73589E+20,5.49971E+21,8.63413E+15,4.96494E+16
144186,6.17091E+18,6,5,32,6,2017,9,6,2,3,5,2,0,1,0,0,0,1,1,4.49027E+20,5.62204E+21,8.27748E+15,5.07479E+16
144187,6.17091E+18,6,5,34,4,2017,9,10,2,3,5,3,0,1,0,0,0,0,1,4.67009E+20,5.64002E+21,8.53073E+15,5.09109E+16
144188,6.17091E+18,6,5,34,14,2017,9,15,2,3,6,4,0,1,1,0,0,0,0,4.84189E+20,5.62848E+21,8.7756E+15,5.08079E+16
144189,6.17091E+18,6,5,31,12,2017,9,16,2,3,6,7,1,0,1,0,0,0,0,4.7597E+20,5.59672E+21,8.66102E+15,5.05219E+16
144190,6.17091E+18,6,4,35,14,2017,9,9,2,3,5,3,1,1,0,0,0,0,0,4.97512E+20,5.5503E+21,8.9652E+15,5.0105E+16
144191,6.17091E+18,6,4,13,0,2017,9,9,1,3,5,3,0,1,0,0,0,0,0,4.83466E+20,5.54886E+21,8.76885E+15,5.00917E+16
144192,6.17091E+18,6,4,36,5,2017,9,14,1,3,5,3,1,1,0,0,0,0,0,4.6381E+20,5.54645E+21,8.49429E+15,5.00693E+16