OBJECTID,UIDENTSTLA,ULAND,UREGBEZ,UKREIS,UGEMEINDE,UJAHR,UMONAT,USTUNDE,UWOCHENTAG,UKATEGORIE,UART,UTYP1,IstRad,IstPKW,IstFuss,IstKrad,IstSonstig,LICHT,STRZUSTAND,LINREFX,LINREFY,XGCSWGS84,YGCSWGS84
144366,6.17093E+18,6,4,12,0,2017,9,16,7,3,3,6,0,1,0,0,0,0,1,4.7662E+20,5.55104E+21,8.67301E+15,5.01111E+16
144367,6.17093E+18,6,4,37,13,2017,9,12,7,3,4,6,0,1,0,1,0,0,0,4.86285E+20,5.50363E+21,8.80986E+15,4.96851E+16
144368,6.17093E+18,6,4,37,11,2017,9,20,7,3,6,4,0,1,1,0,0,2,1,5.00147E+20,5.50303E+21,9.00203E+15,4.96798E+16
144369,6.17093E+18,6,6,11,0,2017,9,19,7,3,2,6,0,1,0,0,1,2,1,5.31241E+20,5.68475E+21,9.44824E+15,5.13132E+16
144370,6.17093E+18,6,6,33,3,2017,9,17,7,3,5,3,0,1,0,0,0,1,1,5.29138E+20,5.67845E+21,9.41756E+15,5.12567E+16
144371,6.17093E+18,6,4,39,7,2017,9,19,7,3,9,1,0,1,0,0,0,2,1,4.43135E+20,5.56416E+21,8.20277E+15,5.02269E+16
144372,6.17093E+18,6,4,34,8,2017,9,14,7,3,1,3,1,1,0,0,0,0,0,4.6899E+20,5.56319E+21,8.56532E+15,5.02201E+16
144373,6.17093E+18,6,4,31,20,2017,9,21,7,3,5,3,1,1,0,0,0,2,1,4.69502E+20,5.48724E+21,8.57849E+15,4.9537E+16
144374,6.17093E+18,6,4,33,4,2017,9,17,7,3,5,3,1,1,0,0,0,0,1,4.62855E+20,5.51087E+21,8.48438E+15,4.97492E+16
144375,6.17093E+18,6,5,34,14,2017,9,13,7,3,2,6,0,1,0,1,0,0,0,4.83661E+20,5.63129E+21,8.76798E+15,5.08331E+16
144376,6.17093E+18,6,4,35,14,2017,9,13,7,3,5,3,0,1,0,0,0,0,0,4.95E+20,5.55124E+21,8.93007E+15,5.01134E+16
144377,6.17093E+18,6,4,35,7,2017,9,0,6,3,5,3,0,1,0,0,0,2,0,4.9859E+20,5.55712E+21,8.98026E+15,5.01663E+16
144378,6.17093E+18,6,4,35,23,2017,9,7,6,3,5,3,1,1,0,0,0,0,1,5.01907E+20,5.554E+21,9.02669E+15,5.01382E+16
144379,6.17093E+18,6,6,35,21,2017,9,15,6,3,2,3,0,1,0,1,0,0,0,5.04725E+20,5.6729E+21,9.06764E+15,5.12075E+16
144380,6.17093E+18,6,6,35,15,2017,9,14,6,3,5,7,1,1,0,0,0,0,0,4.91079E+20,5.67985E+21,8.87213E+15,5.127E+16
144381,6.17093E+18,6,5,33,6,2017,9,16,6,3,6,7,0,1,1,0,0,0,0,4.31528E+20,5.58445E+21,8.0364E+15,5.04081E+16
144382,6.17093E+18,6,6,33,26,2017,9,11,6,3,4,6,0,1,0,0,0,0,0,5.32909E+20,5.69045E+21,9.47271E+15,5.13643E+16
144383,6.17093E+18,6,4,14,0,2017,9,12,6,3,2,6,0,1,0,0,0,0,0,4.4556E+20,5.54576E+21,8.2394E+15,5.00616E+16
144384,6.17093E+18,6,4,14,0,2017,9,20,6,3,1,5,0,1,0,0,0,2,0,4.45422E+20,5.54709E+21,8.23728E+15,5.00736E+16
144385,6.17093E+18,6,4,14,0,2017,9,16,6,3,6,4,0,1,1,0,0,0,0,4.45774E+20,5.5478E+21,8.2421E+15,5.008E+16
144386,6.17093E+18,6,4,14,0,2017,9,8,6,3,5,3,1,1,0,0,0,0,0,4.45662E+20,5.54701E+21,8.24065E+15,5.00728E+16
144387,6.17093E+18,6,4,12,0,2017,9,18,6,3,1,5,0,1,0,1,0,0,0,4.67087E+20,5.54999E+21,8.53979E+15,5.01012E+16
144388,6.17093E+18,6,4,12,0,2017,9,15,6,3,0,1,0,0,0,1,0,0,0,4.73159E+20,5.54736E+21,8.62487E+15,5.00779E+16
144389,6.17093E+18,6,4,12,0,2017,9,17,6,3,6,7,0,0,1,0,1,0,0,4.77599E+20,5.54959E+21,8.68678E+15,5.00982E+16
144390,6.17093E+18,6,4,12,0,2017,9,22,6,2,5,3,0,1,0,1,0,2,0,4.77979E+20,5.55262E+21,8.69192E+15,5.01254E+16
144391,6.17093E+18,6,4,12,0,2017,9,7,6,3,0,4,0,0,1,1,0,0,1,4.77983E+20,5.55272E+21,8.69198E+15,5.01264E+16
144392,6.17093E+18,6,4,12,0,2017,9,13,6,3,6,4,0,1,1,0,0,0,0,4.77765E+20,5.55183E+21,8.68899E+15,5.01183E+16
144393,6.17093E+18,6,4,12,0,2017,9,8,6,3,5,3,1,1,0,0,0,0,1,4.77984E+20,5.55262E+21,8.692E+15,5.01254E+16
144394,6.17093E+18,6,4,12,0,2017,9,8,6,3,2,6,0,1,0,0,0,0,0,4.76492E+20,5.5513E+21,8.67121E+15,5.01135E+16
144395,6.17093E+18,6,4,32,23,2017,9,9,6,3,5,3,1,1,0,0,0,0,0,4.69614E+20,5.5291E+21,8.57678E+15,4.99135E+16
144396,6.17093E+18,6,4,11,0,2017,9,12,6,3,2,6,0,1,0,0,0,0,0,4.74975E+20,5.52415E+21,8.65176E+15,4.98692E+16
144397,6.17093E+18,6,6,33,13,2017,9,17,6,3,5,3,1,1,0,0,0,0,0,5.26767E+20,5.70493E+21,9.38557E+15,5.14949E+16
144398,6.17093E+18,6,6,11,0,2017,9,7,6,3,6,4,0,1,1,0,0,0,1,5.30231E+20,5.68457E+21,9.43375E+15,5.13117E+16
144399,6.17093E+18,6,4,38,2,2017,9,5,6,3,5,3,1,1,0,0,0,2,1,4.78182E+20,5.54186E+21,8.69538E+15,5.00286E+16
144400,6.17093E+18,6,4,34,5,2017,9,14,6,3,6,4,0,1,1,0,0,0,0,4.61973E+20,5.55915E+21,8.46736E+15,5.01833E+16
144401,6.17093E+18,6,4,32,10,2017,9,6,6,3,5,2,1,1,0,0,0,2,1,4.9413E+20,5.52371E+21,8.91832E+15,4.98657E+16
144402,6.17093E+18,6,4,32,4,2017,9,14,6,3,0,1,1,0,0,0,0,0,0,4.88966E+20,5.52743E+21,8.84636E+15,4.98992E+16
144403,6.17093E+18,6,4,11,0,2017,9,15,6,3,1,3,1,1,0,0,0,0,0,4.73986E+20,5.51815E+21,8.6384E+15,4.98152E+16
144404,6.17093E+18,6,5,32,21,2017,9,12,6,3,1,5,0,1,0,1,0,0,0,4.58313E+20,5.59869E+21,8.41172E+15,5.05387E+16
144405,6.17093E+18,6,6,33,17,2017,9,15,5,3,6,4,0,1,1,0,0,0,0,5.37782E+20,5.68066E+21,9.54166E+15,5.1276E+16
144406,6.17093E+18,6,4,14,0,2017,9,15,5,3,5,3,0,1,0,1,0,0,0,4.49721E+20,5.55361E+21,8.2965E+15,5.01326E+16
144407,6.17093E+18,6,4,14,0,2017,9,18,5,3,4,6,0,1,0,0,1,0,0,4.49264E+20,5.54798E+21,8.29085E+15,5.00819E+16
144408,6.17093E+18,6,4,14,0,2017,9,18,5,3,5,5,0,1,0,0,1,0,0,4.45835E+20,5.54697E+21,8.24307E+15,5.00726E+16
144409,6.17093E+18,6,4,12,0,2017,9,20,5,3,5,3,1,1,0,0,0,2,0,4.75843E+20,5.55093E+21,8.66215E+15,5.01101E+16
144410,6.17093E+18,6,4,12,0,2017,9,19,5,3,5,3,1,1,0,0,0,2,0,4.74446E+20,5.54885E+21,8.64276E+15,5.00914E+16
144411,6.17093E+18,6,4,11,0,2017,9,16,5,3,5,4,0,1,1,0,0,0,0,4.7706E+20,5.52779E+21,8.68055E+15,4.99021E+16
144412,6.17093E+18,6,4,34,2,2017,9,21,5,3,1,5,0,1,0,1,0,2,0,4.75451E+20,5.56922E+21,8.6555E+15,5.02746E+16
144413,6.17093E+18,6,4,40,3,2017,9,20,5,3,9,1,0,1,0,0,0,2,0,4.82375E+20,5.55982E+21,8.75309E+15,5.01903E+16
144414,6.17093E+18,6,4,32,2,2017,9,15,5,3,5,3,0,1,0,0,0,0,0,4.95839E+20,5.53441E+21,8.94199E+15,4.99621E+16
144415,6.17093E+18,6,4,31,3,2017,9,8,5,3,5,3,0,1,0,0,0,0,0,4.59917E+20,5.50393E+21,8.44431E+15,4.96866E+16
144416,6.17093E+18,6,4,31,2,2017,9,16,5,3,0,2,1,0,0,0,0,0,0,4.72312E+20,5.50477E+21,8.61608E+15,4.96948E+16
144417,6.17093E+18,6,4,33,3,2017,9,14,5,3,5,3,0,1,0,0,1,0,0,4.65638E+20,5.52751E+21,8.52153E+15,4.9899E+16
144418,6.17093E+18,6,4,35,14,2017,9,14,5,2,0,7,0,0,1,0,1,0,0,4.91565E+20,5.55324E+21,8.88198E+15,5.01313E+16
144419,6.17093E+18,6,5,33,9,2017,9,14,4,2,0,5,0,1,0,0,1,0,0,4.33426E+20,5.58294E+21,8.06337E+15,5.03947E+16
144420,6.17093E+18,6,6,11,0,2017,9,8,4,3,6,4,0,1,1,0,0,0,0,5.34215E+20,5.68748E+21,9.49118E+15,5.13376E+16
144421,6.17093E+18,6,4,12,0,2017,9,15,4,3,5,2,0,1,0,0,0,0,0,4.71236E+20,5.54971E+21,8.59782E+15,5.00989E+16
144422,6.17093E+18,6,4,12,0,2017,9,7,4,3,5,3,1,1,0,0,0,0,0,4.74146E+20,5.55245E+21,8.63832E+15,5.01238E+16
144423,6.17093E+18,6,4,12,0,2017,9,7,4,2,6,4,0,1,1,0,0,0,0,4.70882E+20,5.54825E+21,8.59298E+15,5.00858E+16
144424,6.17093E+18,6,4,12,0,2017,9,9,4,3,6,7,0,1,1,0,0,0,0,4.78419E+20,5.55413E+21,8.698E+15,5.0139E+16
144425,6.17093E+18,6,4,12,0,2017,9,16,4,3,1,7,1,1,0,0,0,0,0,4.78094E+20,5.55246E+21,8.69354E+15,5.0124E+16
144426,6.17093E+18,6,4,37,11,2017,9,10,4,3,1,3,0,1,0,1,0,0,0,5.00098E+20,5.50325E+21,9.00136E+15,4.96817E+16
144427,6.17093E+18,6,4,11,0,2017,9,6,4,3,5,2,0,1,0,0,0,1,0,4.76289E+20,5.52525E+21,8.66998E+15,4.98792E+16
144428,6.17093E+18,6,6,34,22,2017,9,18,4,3,0,1,1,0,0,0,0,0,0,5.13982E+20,5.63981E+21,9.19887E+15,5.09098E+16
144429,6.17093E+18,6,4,40,3,2017,9,16,4,2,4,7,0,1,0,1,0,0,0,4.81082E+20,5.55837E+21,8.73506E+15,5.01772E+16
144430,6.17093E+18,6,4,38,1,2017,9,10,4,3,5,3,1,1,0,0,0,0,0,4.83724E+20,5.53995E+21,8.77284E+15,5.00116E+16
144431,6.17093E+18,6,4,32,15,2017,9,17,4,3,2,6,1,1,0,0,0,0,0,4.88613E+20,5.53069E+21,8.84134E+15,4.99284E+16
144432,6.17093E+18,6,4,32,15,2017,9,13,4,3,0,7,1,0,0,0,0,0,0,4.90069E+20,5.52948E+21,8.86166E+15,4.99176E+16
144433,6.17093E+18,6,4,32,18,2017,9,10,4,3,5,3,1,1,0,0,0,0,0,4.71575E+20,5.51727E+21,8.60496E+15,4.98072E+16
144434,6.17093E+18,6,4,31,2,2017,9,19,4,3,4,6,1,1,0,0,0,1,0,4.72234E+20,5.50339E+21,8.6151E+15,4.96824E+16
144435,6.17093E+18,6,4,35,14,2017,9,14,4,3,6,2,0,1,1,0,0,0,0,4.94394E+20,5.55333E+21,8.92156E+15,5.01322E+16
144436,6.17093E+18,6,4,35,14,2017,9,11,4,3,6,6,0,0,1,0,1,0,0,4.93996E+20,5.55382E+21,8.91599E+15,5.01366E+16
144437,6.17093E+18,6,5,32,23,2017,9,20,4,3,5,2,0,1,0,0,0,1,0,4.63038E+20,5.60155E+21,8.47811E+15,5.05647E+16
144438,6.17093E+18,6,5,31,7,2017,9,14,4,3,2,6,1,1,0,0,0,0,0,4.74176E+20,5.60376E+21,8.63522E+15,5.05851E+16
144439,6.17093E+18,6,5,31,5,2017,9,9,4,2,5,2,1,1,0,0,0,0,0,4.75939E+20,5.60234E+21,8.66022E+15,5.05724E+16
144440,6.17093E+18,6,4,35,6,2017,9,15,3,3,2,2,0,1,0,1,0,0,0,4.94438E+20,5.55761E+21,8.92212E+15,5.01707E+16
144441,6.17093E+18,6,4,35,7,2017,9,9,3,3,5,2,0,1,0,0,0,0,0,4.98526E+20,5.55688E+21,8.97937E+15,5.01642E+16
144442,6.17093E+18,6,5,33,13,2017,9,15,3,3,6,4,0,1,1,0,0,0,0,4.40801E+20,5.58397E+21,8.16695E+15,5.04048E+16
144443,6.17093E+18,6,5,33,9,2017,9,20,3,3,0,1,0,0,0,1,0,2,0,4.33305E+20,5.58191E+21,8.06184E+15,5.03855E+16
144444,6.17093E+18,6,4,13,0,2017,9,16,3,3,1,5,1,1,0,0,0,0,0,4.83256E+20,5.54939E+21,8.7659E+15,5.00966E+16
144445,6.17093E+18,6,4,12,0,2017,9,15,3,3,5,3,1,1,0,0,0,0,0,4.72569E+20,5.54887E+21,8.61651E+15,5.00914E+16
144446,6.17093E+18,6,4,12,0,2017,9,17,3,3,2,6,1,1,0,0,0,0,0,4.7175E+20,5.54808E+21,8.60512E+15,5.00843E+16
144447,6.17093E+18,6,4,12,0,2017,9,8,3,3,3,6,1,1,0,0,0,0,0,4.77981E+20,5.55268E+21,8.69196E+15,5.0126E+16
144448,6.17093E+18,6,4,12,0,2017,9,12,3,3,5,2,0,1,0,1,0,0,0,4.77524E+20,5.55184E+21,8.68561E+15,5.01184E+16
144449,6.17093E+18,6,4,11,0,2017,9,18,3,3,5,2,1,1,0,0,0,0,0,4.76197E+20,5.52539E+21,8.66869E+15,4.98804E+16
144450,6.17093E+18,6,4,11,0,2017,9,13,3,3,5,3,1,1,0,0,0,0,0,4.75347E+20,5.52509E+21,8.65688E+15,4.98777E+16
144451,6.17093E+18,6,4,38,8,2017,9,15,3,3,1,7,1,1,0,0,0,0,0,4.88653E+20,5.55238E+21,8.84127E+15,5.01236E+16
144452,6.17093E+18,6,4,33,11,2017,9,8,3,3,6,6,0,1,1,0,0,0,0,4.63936E+20,5.52049E+21,8.49848E+15,4.98358E+16
144453,6.17093E+18,6,4,35,14,2017,9,0,3,3,0,7,1,1,0,0,0,2,0,4.94565E+20,5.55314E+21,8.92396E+15,5.01305E+16
144454,6.17093E+18,6,4,35,14,2017,9,8,3,3,3,7,1,0,0,0,1,0,0,4.94597E+20,5.55339E+21,8.9244E+15,5.01327E+16
144455,6.17093E+18,6,5,32,21,2017,9,15,3,3,8,7,1,0,0,0,0,0,0,4.5938E+20,5.6002E+21,8.42661E+15,5.05523E+16
144456,6.17093E+18,6,5,31,16,2017,9,16,3,3,5,3,0,1,0,1,0,0,0,4.87472E+20,5.60502E+21,8.82299E+15,5.05969E+16
144457,6.17093E+18,6,5,31,5,2017,9,22,3,2,6,2,0,1,1,0,0,2,0,4.7679E+20,5.60297E+21,8.67219E+15,5.05782E+16
144458,6.17093E+18,6,6,33,17,2017,9,16,2,3,5,2,1,1,0,0,0,0,1,5.38007E+20,5.68052E+21,9.54488E+15,5.12747E+16
144459,6.17093E+18,6,4,13,0,2017,9,9,2,2,5,3,1,1,0,0,0,0,0,4.83723E+20,5.54926E+21,8.77243E+15,5.00954E+16
144460,6.17093E+18,6,4,36,5,2017,9,7,2,3,1,5,0,1,0,1,0,0,0,4.62621E+20,5.54574E+21,8.47776E+15,5.00628E+16
144461,6.17093E+18,6,4,12,0,2017,9,16,2,3,6,4,1,0,1,0,0,0,0,4.77642E+20,5.55665E+21,8.68698E+15,5.01616E+16
144462,6.17093E+18,6,4,12,0,2017,9,19,2,3,5,3,1,1,0,0,0,1,0,4.73061E+20,5.55216E+21,8.62317E+15,5.01211E+16
144463,6.17093E+18,6,4,12,0,2017,9,20,2,3,5,3,1,1,0,0,0,2,0,4.77982E+20,5.55262E+21,8.69197E+15,5.01254E+16
144464,6.17093E+18,6,4,37,13,2017,9,12,2,3,5,2,1,0,0,0,0,0,0,4.90276E+20,5.50751E+21,8.8651E+15,4.972E+16
144465,6.17093E+18,6,4,38,9,2017,9,17,2,3,5,2,1,1,0,0,0,0,0,4.78111E+20,5.54514E+21,8.69421E+15,5.00582E+16
144466,6.17093E+18,6,4,38,10,2017,9,7,2,3,5,3,1,1,0,0,0,0,0,4.88989E+20,5.54677E+21,8.84613E+15,5.00731E+16
144467,6.17093E+18,6,4,38,1,2017,9,13,2,3,5,3,1,1,0,0,0,0,0,4.83647E+20,5.54073E+21,8.77173E+15,5.00186E+16
144468,6.17093E+18,6,4,32,4,2017,9,16,2,3,2,6,1,0,0,0,1,0,0,4.88747E+20,5.52734E+21,8.84332E+15,4.98984E+16
144469,6.17093E+18,6,4,32,21,2017,9,7,2,3,5,3,0,1,0,0,0,0,0,5.00304E+20,5.52999E+21,9.00423E+15,4.99223E+16
144470,6.17093E+18,6,4,40,8,2017,9,22,2,3,9,7,0,1,0,0,0,2,0,4.85286E+20,5.57126E+21,8.79343E+15,5.02933E+16
144471,6.17093E+18,6,5,35,1,2017,9,16,2,3,5,3,0,1,0,1,0,0,0,5.18713E+20,5.62226E+21,9.26526E+15,5.07518E+16
144472,6.17093E+18,6,4,33,6,2017,9,14,2,3,5,3,1,1,0,0,0,0,0,4.62586E+20,5.52924E+21,8.47887E+15,4.99144E+16
144473,6.17093E+18,6,6,31,9,2017,9,16,2,2,5,2,1,1,0,0,0,0,0,5.47905E+20,5.60143E+21,9.67638E+15,5.05628E+16
144474,6.17093E+18,6,4,35,14,2017,9,0,2,3,1,5,0,1,0,0,0,2,0,4.94605E+20,5.55195E+21,8.92453E+15,5.01198E+16
144475,6.17092E+18,6,5,31,5,2017,9,17,1,3,5,3,1,1,0,0,0,0,0,4.79172E+20,5.60451E+21,8.70574E+15,5.05921E+16
144476,6.17092E+18,6,5,33,9,2017,9,17,1,2,9,1,1,0,0,0,0,0,0,4.33482E+20,5.58149E+21,8.06442E+15,5.03817E+16
144477,6.17092E+18,6,6,35,2,2017,9,3,1,3,9,1,0,1,0,1,0,2,0,5.01816E+20,5.69171E+21,9.02609E+15,5.13766E+16
144478,6.17092E+18,6,4,39,7,2017,9,22,1,3,1,5,0,1,0,0,0,2,0,4.44666E+20,5.56828E+21,8.22364E+15,5.02641E+16
144479,6.17092E+18,6,4,38,11,2017,9,19,1,3,1,5,1,0,0,0,0,1,0,4.90553E+20,5.53858E+21,8.86818E+15,4.99995E+16
144480,6.17092E+18,6,4,35,12,2017,9,1,1,3,1,1,0,1,0,0,0,2,0,5.07539E+20,5.56224E+21,9.10567E+15,5.02123E+16
144481,6.17092E+18,6,5,31,5,2017,9,8,7,3,0,6,0,1,0,0,1,0,0,4.76853E+20,5.60421E+21,8.67301E+15,5.05894E+16
144482,6.17092E+18,6,5,33,9,2017,9,10,7,3,0,7,1,1,0,0,0,0,0,4.32687E+20,5.58088E+21,8.05334E+15,5.03761E+16
144483,6.17092E+18,6,4,13,0,2017,9,10,7,3,5,3,0,1,0,1,0,0,0,4.83008E+20,5.54878E+21,8.76245E+15,5.0091E+16
144484,6.17092E+18,6,4,13,0,2017,9,18,7,3,5,3,1,1,0,0,0,0,0,4.82124E+20,5.55034E+21,8.75002E+15,5.0105E+16
144485,6.17092E+18,6,4,13,0,2017,9,14,7,3,0,7,0,1,0,0,0,0,0,4.83386E+20,5.54933E+21,8.76771E+15,5.0096E+16
144486,6.17092E+18,6,4,12,0,2017,9,3,7,3,8,1,0,1,0,0,0,2,0,4.67423E+20,5.55111E+21,8.54439E+15,5.01113E+16
144487,6.17092E+18,6,4,12,0,2017,9,16,7,3,3,6,0,1,0,0,1,0,0,4.72442E+20,5.54909E+21,8.61472E+15,5.00934E+16
144488,6.17092E+18,6,4,12,0,2017,9,16,7,2,3,6,0,1,0,1,0,0,0,4.76834E+20,5.5506E+21,8.67604E+15,5.01072E+16
144489,6.17092E+18,6,6,11,0,2017,9,12,7,3,5,3,1,1,0,0,0,0,0,5.30946E+20,5.68036E+21,9.44363E+15,5.12737E+16
144490,6.17092E+18,6,4,34,1,2017,9,11,7,3,5,3,1,1,0,0,0,0,0,4.71773E+20,5.56349E+21,8.6043E+15,5.02229E+16
144491,6.17092E+18,6,4,35,29,2017,9,0,7,3,0,3,0,1,0,1,0,2,0,5.20959E+20,5.5669E+21,9.294E+15,5.02539E+16
144492,6.17092E+18,6,4,40,5,2017,9,17,7,2,0,1,0,0,0,1,0,0,0,4.74533E+20,5.59194E+21,8.64107E+15,5.04789E+16
144493,6.17092E+18,6,5,32,12,2017,9,14,7,3,5,3,1,1,0,0,0,0,0,4.50887E+20,5.6162E+21,8.30462E+15,5.06956E+16
144494,6.17092E+18,6,4,32,21,2017,9,12,7,2,5,7,0,1,0,1,0,0,0,4.9991E+20,5.5308E+21,8.99875E+15,4.99296E+16
144495,6.17092E+18,6,5,34,2,2017,9,12,7,3,3,2,0,0,0,1,1,0,0,4.6131E+20,5.63081E+21,8.45065E+15,5.08277E+16
144496,6.17092E+18,6,5,34,18,2017,9,14,7,3,5,3,0,1,0,0,0,0,0,5.00222E+20,5.63101E+21,9.00315E+15,5.08308E+16
144497,6.17092E+18,6,4,35,14,2017,9,12,7,2,4,6,0,1,0,0,0,0,0,4.92587E+20,5.55097E+21,8.89632E+15,5.01109E+16
144498,6.17092E+18,6,4,12,0,2017,9,14,6,3,2,6,0,1,0,0,0,0,0,4.70574E+20,5.54527E+21,8.5889E+15,5.0059E+16
144499,6.17092E+18,6,6,35,7,2017,9,16,6,2,6,4,0,1,1,0,0,0,0,4.86341E+20,5.68992E+21,8.80381E+15,5.13604E+16
144500,6.17092E+18,6,6,35,15,2017,9,14,6,2,5,3,0,1,0,1,0,0,0,4.89945E+20,5.68125E+21,8.85583E+15,5.12825E+16
144501,6.17092E+18,6,4,12,0,2017,9,10,6,3,5,3,0,1,0,0,1,0,0,4.74864E+20,5.55146E+21,8.64843E+15,5.01149E+16
144502,6.17092E+18,6,4,12,0,2017,9,9,6,3,1,3,0,1,0,0,0,0,0,4.74953E+20,5.55285E+21,8.64958E+15,5.01273E+16
144503,6.17092E+18,6,4,12,0,2017,9,15,6,3,2,6,0,1,0,0,0,0,0,4.73435E+20,5.54847E+21,8.62865E+15,5.00879E+16
144504,6.17092E+18,6,4,11,0,2017,9,17,6,3,5,3,1,1,0,0,0,0,0,4.75006E+20,5.52594E+21,8.65208E+15,4.98853E+16
144505,6.17092E+18,6,4,11,0,2017,9,11,6,3,5,2,1,1,0,0,0,0,0,4.75708E+20,5.52611E+21,8.66183E+15,4.98869E+16
144506,6.17092E+18,6,6,33,23,2017,9,3,6,3,8,1,0,1,0,0,0,2,0,5.26304E+20,5.67969E+21,9.37704E+15,5.1268E+16
144507,6.17092E+18,6,4,39,6,2017,9,17,6,3,5,3,0,1,0,0,0,0,0,4.34922E+20,5.56238E+21,8.08796E+15,5.02101E+16
144508,6.17092E+18,6,4,34,2,2017,9,17,6,2,5,3,0,1,0,1,0,0,0,4.74683E+20,5.5664E+21,8.64491E+15,5.02492E+16
144509,6.17092E+18,6,5,33,15,2017,9,14,6,3,2,6,0,0,0,1,1,0,0,4.42752E+20,5.5822E+21,8.19467E+15,5.0389E+16
144510,6.17092E+18,6,4,36,7,2017,9,18,6,3,8,1,0,1,0,0,0,0,0,4.55057E+20,5.54575E+21,8.37208E+15,5.00623E+16
144511,6.17092E+18,6,4,36,7,2017,9,17,6,3,0,7,1,0,0,0,0,0,0,4.60597E+20,5.54959E+21,8.44908E+15,5.00973E+16
144512,6.17092E+18,6,4,31,16,2017,9,16,6,2,5,3,1,1,0,0,0,0,0,4.68835E+20,5.50089E+21,8.56818E+15,4.96598E+16
144513,6.17092E+18,6,4,40,3,2017,9,12,6,2,5,3,1,1,0,0,0,0,0,4.81128E+20,5.55933E+21,8.73566E+15,5.01858E+16
144514,6.17092E+18,6,4,32,4,2017,9,15,6,3,2,6,0,1,0,0,0,0,0,4.90544E+20,5.52807E+21,8.86832E+15,4.99049E+16
144515,6.17092E+18,6,4,32,8,2017,9,15,6,3,5,2,1,1,0,0,0,0,0,4.68432E+20,5.52225E+21,8.56086E+15,4.98519E+16
144516,6.17092E+18,6,5,34,4,2017,9,15,6,3,6,4,0,0,1,1,0,0,0,4.6729E+20,5.63913E+21,8.53482E+15,5.09029E+16
144517,6.17092E+18,6,4,31,12,2017,9,7,6,3,0,7,0,1,0,0,0,0,0,4.93366E+20,5.47736E+21,8.90848E+15,4.94489E+16
144518,6.17092E+18,6,5,35,9,2017,9,14,6,3,5,3,0,1,0,0,0,0,0,5.0034E+20,5.62001E+21,9.00482E+15,5.07319E+16
144519,6.17092E+18,6,4,33,12,2017,9,9,6,3,0,3,1,1,0,0,0,0,0,4.60159E+20,5.53837E+21,8.44412E+15,4.99963E+16
144520,6.17092E+18,6,5,34,14,2017,9,19,6,3,1,5,0,1,0,0,0,2,0,4.8375E+20,5.63066E+21,8.76927E+15,5.08274E+16
144521,6.17092E+18,6,6,31,9,2017,9,11,6,2,6,4,0,0,1,0,1,0,0,5.47902E+20,5.60041E+21,9.6762E+15,5.05537E+16
144522,6.17092E+18,6,5,31,5,2017,9,15,5,3,5,3,0,1,0,1,0,0,0,4.79615E+20,5.60632E+21,8.7119E+15,5.06084E+16
144523,6.17092E+18,6,5,31,5,2017,9,14,5,3,5,3,0,1,0,1,0,0,0,4.77339E+20,5.6048E+21,8.67984E+15,5.05946E+16
144524,6.17092E+18,6,6,34,9,2017,9,18,5,3,5,3,0,1,0,0,0,0,0,5.29029E+20,5.65295E+21,9.41394E+15,5.10273E+16
144525,6.17092E+18,6,5,35,11,2017,9,14,5,3,5,3,0,1,0,0,1,0,0,5.27311E+20,5.61154E+21,9.38636E+15,5.06551E+16
144526,6.17092E+18,6,5,33,9,2017,9,5,5,3,6,2,0,1,1,0,0,2,0,4.33335E+20,5.5811E+21,8.06242E+15,5.03782E+16
144527,6.17092E+18,6,4,14,0,2017,9,12,5,3,5,3,0,1,0,0,0,0,0,4.45852E+20,5.54322E+21,8.24383E+15,5.00388E+16
144528,6.17092E+18,6,4,13,0,2017,9,8,5,2,5,3,1,0,0,0,1,0,0,4.81992E+20,5.54799E+21,8.74829E+15,5.00839E+16
144529,6.17092E+18,6,4,13,0,2017,9,14,5,2,0,7,0,0,0,0,1,0,0,4.83301E+20,5.55036E+21,8.76648E+15,5.01053E+16
144530,6.17092E+18,6,4,36,1,2017,9,10,5,2,5,3,0,1,0,0,0,0,0,4.61488E+20,5.55619E+21,8.46088E+15,5.01567E+16
144531,6.17092E+18,6,4,36,3,2017,9,16,5,3,5,3,1,1,0,0,0,0,0,4.69162E+20,5.55328E+21,8.56853E+15,5.0131E+16
144532,6.17092E+18,6,4,12,0,2017,9,8,5,3,4,6,0,1,0,0,1,0,0,4.75613E+20,5.56002E+21,8.65836E+15,5.01919E+16
144533,6.17092E+18,6,4,12,0,2017,9,19,5,3,5,3,1,1,0,0,0,0,0,4.75449E+20,5.55089E+21,8.65665E+15,5.01097E+16
144534,6.17092E+18,6,4,12,0,2017,9,14,5,3,1,5,1,1,0,0,0,0,0,4.76505E+20,5.55082E+21,8.67141E+15,5.01091E+16
144535,6.17092E+18,6,4,12,0,2017,9,21,5,3,5,3,0,1,0,0,0,2,0,4.77895E+20,5.55334E+21,8.69072E+15,5.01319E+16
144536,6.17092E+18,6,4,32,23,2017,9,17,5,3,0,2,0,1,0,1,0,0,0,4.70469E+20,5.52848E+21,8.58872E+15,4.99079E+16
144537,6.17092E+18,6,6,34,22,2017,9,15,5,3,1,5,0,1,0,0,0,0,0,5.16937E+20,5.63998E+21,9.24091E+15,5.09112E+16
144538,6.17092E+18,6,6,11,0,2017,9,15,5,3,5,2,1,1,0,0,0,0,0,5.32032E+20,5.68108E+21,9.45927E+15,5.12802E+16