OBJECTID,UIDENTSTLA,ULAND,UREGBEZ,UKREIS,UGEMEINDE,UJAHR,UMONAT,USTUNDE,UWOCHENTAG,UKATEGORIE,UART,UTYP1,IstRad,IstPKW,IstFuss,IstKrad,IstSonstig,LICHT,STRZUSTAND,LINREFX,LINREFY,XGCSWGS84,YGCSWGS84
144539,6.17092E+18,6,4,38,13,2017,9,17,5,3,5,3,1,0,0,0,0,0,0,4.98299E+20,5.54353E+21,8.97625E+15,5.00441E+16
144540,6.17092E+18,6,4,31,4,2017,9,6,5,3,6,6,0,0,1,0,1,1,0,4.78801E+20,5.48965E+21,8.70688E+15,4.95591E+16
144541,6.17092E+18,6,4,32,2,2017,9,23,5,3,0,1,1,0,0,0,0,2,0,4.96687E+20,5.53431E+21,8.9538E+15,4.99612E+16
144542,6.17092E+18,6,4,32,2,2017,9,15,5,3,5,7,1,1,0,0,0,0,0,4.95681E+20,5.53462E+21,8.93977E+15,4.99639E+16
144543,6.17092E+18,6,4,32,4,2017,9,12,5,3,6,4,0,1,1,0,0,0,0,4.89E+20,5.52743E+21,8.84683E+15,4.98991E+16
144544,6.17092E+18,6,4,33,7,2017,9,14,5,3,3,2,0,1,0,0,0,0,0,4.67049E+20,5.54503E+21,8.53968E+15,5.00566E+16
144545,6.17092E+18,6,4,33,6,2017,9,18,5,3,5,3,0,1,0,1,0,0,0,4.63201E+20,5.52943E+21,8.48742E+15,4.99161E+16
144546,6.17092E+18,6,5,31,14,2017,9,22,5,3,5,3,0,1,0,0,0,2,0,4.80403E+20,5.5988E+21,8.72344E+15,5.05408E+16
144547,6.17092E+18,6,5,31,5,2017,9,12,4,3,0,1,0,0,0,1,0,0,1,4.76702E+20,5.6041E+21,8.67088E+15,5.05883E+16
144548,6.17101E+18,6,4,34,10,2017,10,10,6,3,5,6,1,1,0,0,0,0,0,4.69731E+20,5.5572E+21,8.57619E+15,5.01662E+16
144549,6.17102E+18,6,4,13,0,2017,10,13,7,3,5,3,0,1,0,0,0,0,0,4.82136E+20,5.54828E+21,8.75028E+15,5.00865E+16
144550,6.17102E+18,6,4,39,4,2017,10,14,7,3,0,7,0,1,0,0,0,0,1,4.27092E+20,5.53951E+21,7.9826E+15,5.00034E+16
144551,6.17102E+18,6,4,38,9,2017,10,2,7,2,5,3,0,1,0,0,0,2,0,4.77317E+20,5.54459E+21,8.68315E+15,5.00532E+16
144552,6.17102E+18,6,4,38,6,2017,10,10,7,3,5,3,1,1,0,0,0,0,0,4.76732E+20,5.53752E+21,8.6754E+15,4.99895E+16
144553,6.17102E+18,6,4,31,11,2017,10,19,7,2,0,1,0,0,0,1,0,1,1,4.73605E+20,5.4997E+21,8.63435E+15,4.96493E+16
144554,6.17102E+18,6,4,40,16,2017,10,16,7,2,0,1,0,0,0,1,0,0,1,5.00817E+20,5.58381E+21,9.01149E+15,5.04063E+16
144555,6.17102E+18,6,4,40,4,2017,10,9,7,3,5,3,0,1,0,0,1,0,0,5.08285E+20,5.57068E+21,9.11629E+15,5.02882E+16
144556,6.17102E+18,6,4,31,18,2017,10,15,7,3,0,7,0,1,0,0,0,0,0,4.8803E+20,5.47317E+21,8.83499E+15,4.94111E+16
144557,6.17102E+18,6,5,34,18,2017,10,15,7,3,5,3,0,1,0,0,1,0,1,5.01297E+20,5.63024E+21,9.01841E+15,5.08239E+16
144558,6.17102E+18,6,5,34,14,2017,10,21,7,3,5,3,0,1,0,0,0,2,0,4.78078E+20,5.62864E+21,8.68886E+15,5.0809E+16
144559,6.17102E+18,6,5,34,14,2017,10,7,7,3,0,1,1,0,0,0,0,2,0,4.84125E+20,5.62868E+21,8.77468E+15,5.08096E+16
144560,6.17102E+18,6,6,31,15,2017,10,13,7,3,2,6,0,1,0,0,1,0,1,5.46701E+20,5.61249E+21,9.66077E+15,5.06624E+16
144561,6.17102E+18,6,5,32,23,2017,10,21,7,3,1,1,0,1,0,0,0,0,1,4.6408E+20,5.60088E+21,8.49289E+15,5.05588E+16
144562,6.17102E+18,6,5,31,5,2017,10,10,7,3,5,3,0,1,0,0,0,0,0,4.74855E+20,5.60342E+21,8.64484E+15,5.05821E+16
144563,6.17102E+18,6,4,35,6,2017,10,9,6,3,3,6,1,1,0,0,0,0,0,4.94241E+20,5.55867E+21,8.91934E+15,5.01802E+16
144564,6.17102E+18,6,4,14,0,2017,10,17,6,3,5,3,0,1,0,0,0,0,0,4.45873E+20,5.54578E+21,8.24376E+15,5.00618E+16
144565,6.17102E+18,6,4,14,0,2017,10,16,6,3,4,6,0,1,0,0,0,0,0,4.4448E+20,5.5463E+21,8.22423E+15,5.00664E+16
144566,6.17102E+18,6,4,13,0,2017,10,16,6,3,2,6,0,1,0,0,0,0,0,4.81926E+20,5.55115E+21,8.74722E+15,5.01123E+16
144567,6.17102E+18,6,4,12,0,2017,10,17,6,3,1,5,0,1,0,0,0,0,0,4.67234E+20,5.54992E+21,8.54185E+15,5.01007E+16
144568,6.17102E+18,6,4,12,0,2017,10,20,6,3,5,3,1,1,0,0,0,2,0,4.78066E+20,5.55448E+21,8.69304E+15,5.01422E+16
144569,6.17102E+18,6,4,11,0,2017,10,19,6,3,6,7,1,0,1,0,0,2,0,4.74351E+20,5.52468E+21,8.64304E+15,4.98739E+16
144570,6.17102E+18,6,6,11,0,2017,10,6,6,2,6,7,0,1,1,0,0,2,0,5.30812E+20,5.68143E+21,9.4418E+15,5.12833E+16
144571,6.17102E+18,6,4,34,1,2017,10,13,6,3,0,7,0,0,0,0,1,0,0,4.72573E+20,5.56425E+21,8.61546E+15,5.02298E+16
144572,6.17102E+18,6,4,31,4,2017,10,13,6,3,1,1,0,1,0,1,0,0,0,4.79412E+20,5.4902E+21,8.7153E+15,4.9564E+16
144573,6.17102E+18,6,4,40,23,2017,10,17,6,2,6,4,0,1,1,0,0,1,0,4.78204E+20,5.57199E+21,8.69396E+15,5.02996E+16
144574,6.17102E+18,6,4,31,20,2017,10,11,6,3,0,6,0,1,0,1,0,0,1,4.69109E+20,5.48623E+21,8.57313E+15,4.95279E+16
144575,6.17102E+18,6,4,33,12,2017,10,11,6,2,4,1,1,1,0,0,0,0,1,4.56955E+20,5.53632E+21,8.39965E+15,4.99777E+16
144576,6.17102E+18,6,4,33,12,2017,10,13,6,3,5,7,0,1,0,0,0,0,1,4.55411E+20,5.53435E+21,8.37834E+15,4.99598E+16
144577,6.17102E+18,6,4,33,8,2017,10,13,6,3,2,6,0,1,0,0,1,0,1,4.68624E+20,5.53792E+21,8.56227E+15,4.99928E+16
144578,6.17102E+18,6,4,12,0,2017,10,14,6,3,5,3,1,1,0,0,0,0,1,4.83E+20,5.55482E+21,8.76207E+15,5.01453E+16
144579,6.17102E+18,6,5,32,23,2017,10,14,6,3,6,7,0,1,1,0,0,0,0,4.64631E+20,5.60028E+21,8.50073E+15,5.05534E+16
144580,6.17102E+18,6,5,31,5,2017,10,17,5,3,5,2,1,1,0,0,0,0,0,4.7583E+20,5.60407E+21,8.65857E+15,5.0588E+16
144581,6.17102E+18,6,5,31,5,2017,10,18,5,3,2,6,1,1,0,0,0,2,0,4.77941E+20,5.6049E+21,8.68834E+15,5.05956E+16
144582,6.17102E+18,6,6,11,0,2017,10,2,5,3,9,1,0,1,0,0,0,2,1,5.32778E+20,5.68555E+21,9.47038E+15,5.13203E+16
144583,6.17102E+18,6,4,14,0,2017,10,17,5,3,5,3,1,1,0,0,0,0,0,4.43897E+20,5.54739E+21,8.21592E+15,5.00762E+16
144584,6.17102E+18,6,4,13,0,2017,10,9,5,3,0,5,1,1,0,0,0,0,0,4.83348E+20,5.55011E+21,8.76714E+15,5.0103E+16
144585,6.17102E+18,6,4,12,0,2017,10,9,5,3,5,3,0,1,0,0,0,0,0,4.71692E+20,5.54944E+21,8.60421E+15,5.00965E+16
144586,6.17102E+18,6,4,12,0,2017,10,17,5,3,4,1,0,1,0,0,0,0,0,4.81003E+20,5.55129E+21,8.7343E+15,5.01136E+16
144587,6.17102E+18,6,4,12,0,2017,10,15,5,3,0,1,1,0,0,0,0,0,0,4.76947E+20,5.55096E+21,8.6776E+15,5.01104E+16
144588,6.17102E+18,6,4,12,0,2017,10,14,5,3,2,6,0,1,0,0,0,0,0,4.77274E+20,5.55081E+21,8.68218E+15,5.01091E+16
144589,6.17102E+18,6,6,33,5,2017,10,17,5,3,6,4,0,0,1,0,1,0,0,5.21092E+20,5.69877E+21,9.30346E+15,5.14397E+16
144590,6.17102E+18,6,6,33,23,2017,10,15,5,3,6,4,0,1,1,0,0,0,0,5.26346E+20,5.68014E+21,9.37767E+15,5.1272E+16
144591,6.17102E+18,6,4,38,6,2017,10,18,5,3,0,7,1,0,0,0,0,2,1,4.75677E+20,5.53804E+21,8.66064E+15,4.99942E+16
144592,6.17102E+18,6,4,40,4,2017,10,18,5,2,5,3,1,0,0,0,1,0,0,5.08234E+20,5.56945E+21,9.11555E+15,5.02771E+16
144593,6.17102E+18,6,4,40,8,2017,10,16,5,3,5,2,1,0,0,1,0,0,0,4.81815E+20,5.57506E+21,8.74451E+15,5.03274E+16
144594,6.17102E+18,6,5,34,14,2017,10,0,5,3,0,1,1,0,0,0,0,2,1,4.84189E+20,5.62884E+21,8.77559E+15,5.0811E+16
144595,6.17102E+18,6,6,31,17,2017,10,19,5,3,0,3,0,1,0,1,0,2,0,5.50321E+20,5.59865E+21,9.71011E+15,5.05376E+16
144596,6.17102E+18,6,6,31,6,2017,10,4,5,3,6,4,0,1,1,0,0,2,1,5.50965E+20,5.59306E+21,9.71843E+15,5.04873E+16
144597,6.17102E+18,6,4,35,14,2017,10,17,5,3,3,2,1,1,0,0,0,0,0,4.94546E+20,5.55269E+21,8.92369E+15,5.01264E+16
144598,6.17102E+18,6,4,14,0,2017,10,18,4,3,6,4,0,1,1,0,0,1,0,4.42036E+20,5.54657E+21,8.19005E+15,5.00686E+16
144599,6.17102E+18,6,4,14,0,2017,10,22,4,3,3,6,0,1,0,0,1,2,0,4.45992E+20,5.54758E+21,8.24518E+15,5.0078E+16
144600,6.17102E+18,6,4,36,3,2017,10,13,4,3,5,7,1,1,0,0,0,0,0,4.69236E+20,5.55354E+21,8.56955E+15,5.01333E+16
144601,6.17102E+18,6,4,36,5,2017,10,13,4,3,2,6,0,1,0,1,0,0,0,4.63069E+20,5.54664E+21,8.48393E+15,5.00709E+16
144602,6.17102E+18,6,4,12,0,2017,10,23,4,3,5,3,0,1,0,0,1,2,0,4.65144E+20,5.54739E+21,8.51285E+15,5.00778E+16
144603,6.17102E+18,6,4,12,0,2017,10,18,4,3,9,1,0,1,0,0,0,1,0,4.74478E+20,5.55815E+21,8.64258E+15,5.0175E+16
144604,6.17102E+18,6,4,12,0,2017,10,17,4,3,1,7,0,1,0,0,0,0,0,4.7357E+20,5.55181E+21,8.63031E+15,5.0118E+16
144605,6.17102E+18,6,4,12,0,2017,10,7,4,3,2,6,1,1,0,0,0,0,0,4.74513E+20,5.55012E+21,8.64361E+15,5.01028E+16
144606,6.17102E+18,6,4,32,23,2017,10,18,4,3,2,6,1,1,0,0,0,1,0,4.70263E+20,5.52779E+21,8.58592E+15,4.99018E+16
144607,6.17102E+18,6,4,11,0,2017,10,7,4,2,5,2,1,1,0,0,0,0,0,4.74569E+20,5.52204E+21,8.64624E+15,4.98502E+16
144608,6.17102E+18,6,6,35,2,2017,10,14,4,3,5,3,1,1,0,0,0,0,0,4.99312E+20,5.69106E+21,8.99012E+15,5.13708E+16
144609,6.17102E+18,6,6,35,20,2017,10,12,4,3,0,7,0,0,1,0,1,0,0,5.07767E+20,5.6945E+21,9.11165E+15,5.14017E+16
144610,6.17102E+18,6,6,34,3,2017,10,14,4,3,0,1,0,0,0,0,1,0,0,5.30529E+20,5.66403E+21,9.43627E+15,5.11269E+16
144611,6.17102E+18,6,6,32,3,2017,10,16,4,3,5,7,0,1,0,0,0,0,0,5.5512E+20,5.64748E+21,9.78513E+15,5.09763E+16
144612,6.17102E+18,6,4,38,2,2017,10,14,4,3,6,7,0,0,1,0,1,0,0,4.78198E+20,5.54051E+21,8.69568E+15,5.00165E+16
144613,6.17102E+18,6,4,38,2,2017,10,12,4,3,5,3,1,1,0,0,0,0,0,4.79327E+20,5.53871E+21,8.71154E+15,5.00004E+16
144614,6.17102E+18,6,4,38,11,2017,10,7,4,3,6,4,0,1,1,0,0,0,0,4.90343E+20,5.5388E+21,8.86525E+15,5.00014E+16
144615,6.17102E+18,6,4,34,1,2017,10,21,4,3,1,5,0,1,0,0,0,2,0,4.7265E+20,5.56401E+21,8.61656E+15,5.02276E+16
144616,6.17102E+18,6,4,34,1,2017,10,15,4,3,5,2,0,1,0,1,0,0,0,4.7275E+20,5.56272E+21,8.61805E+15,5.02161E+16
144617,6.17102E+18,6,4,36,8,2017,10,8,4,3,0,1,1,0,0,0,0,1,0,4.61155E+20,5.55306E+21,8.45653E+15,5.01285E+16
144618,6.17102E+18,6,4,40,3,2017,10,13,4,2,5,2,1,0,0,0,1,0,0,4.80886E+20,5.55783E+21,8.73233E+15,5.01724E+16
144619,6.17102E+18,6,5,32,6,2017,10,11,4,3,0,3,1,1,0,0,0,0,0,4.50026E+20,5.61984E+21,8.29193E+15,5.07282E+16
144620,6.17102E+18,6,4,31,14,2017,10,14,4,3,5,2,1,1,0,0,0,0,0,4.78989E+20,5.50912E+21,8.70842E+15,4.97342E+16
144621,6.17102E+18,6,4,33,5,2017,10,12,4,3,5,3,1,1,0,0,0,0,0,4.52835E+20,5.536E+21,8.34223E+15,4.99745E+16
144622,6.17102E+18,6,5,34,14,2017,10,20,4,3,1,7,1,1,0,0,0,2,0,4.8494E+20,5.62821E+21,8.78627E+15,5.08054E+16
144623,6.17102E+18,6,5,34,14,2017,10,10,4,2,6,3,0,1,1,0,0,0,0,4.82356E+20,5.62773E+21,8.74962E+15,5.0801E+16
144624,6.17102E+18,6,6,31,9,2017,10,16,4,3,5,3,1,1,0,0,0,0,0,5.47036E+20,5.59696E+21,9.66354E+15,5.05227E+16
144625,6.17102E+18,6,5,32,23,2017,10,10,4,3,4,3,0,1,0,0,1,0,0,4.66603E+20,5.60034E+21,8.52856E+15,5.05541E+16
144626,6.17102E+18,6,4,35,21,2017,10,18,3,3,5,3,1,1,0,0,0,1,0,4.91069E+20,5.56393E+21,8.87479E+15,5.02274E+16
144627,6.17102E+18,6,4,14,0,2017,10,19,3,3,6,2,0,0,1,0,1,2,0,4.48978E+20,5.54107E+21,8.28777E+15,5.00197E+16
144628,6.17102E+18,6,4,14,0,2017,10,12,3,3,6,7,0,0,1,0,1,0,0,4.41474E+20,5.54673E+21,8.18217E+15,5.007E+16
144629,6.17102E+18,6,4,12,0,2017,10,12,3,3,5,2,0,1,0,0,1,0,0,4.66712E+20,5.5503E+21,8.53452E+15,5.0104E+16
144630,6.17102E+18,6,4,12,0,2017,10,8,3,3,5,2,1,1,0,0,0,0,0,4.67351E+20,5.54948E+21,8.54351E+15,5.00967E+16
144631,6.17102E+18,6,4,12,0,2017,10,17,3,3,3,6,0,1,0,1,0,0,0,4.75178E+20,5.55139E+21,8.65282E+15,5.01142E+16
144632,6.17102E+18,6,4,12,0,2017,10,17,3,2,1,7,1,1,0,0,0,0,0,4.77112E+20,5.54967E+21,8.67997E+15,5.00989E+16
144633,6.17102E+18,6,4,12,0,2017,10,17,3,3,3,2,0,1,0,0,1,0,0,4.78005E+20,5.55056E+21,8.69242E+15,5.01069E+16
144634,6.17102E+18,6,4,12,0,2017,10,21,3,3,2,6,0,1,0,0,0,0,0,4.77812E+20,5.55035E+21,8.68973E+15,5.01049E+16
144635,6.17102E+18,6,4,39,8,2017,10,20,3,3,0,7,0,1,1,0,0,2,0,4.48285E+20,5.56347E+21,8.27506E+15,5.02212E+16
144636,6.17102E+18,6,4,32,8,2017,10,15,3,3,5,3,1,1,0,0,0,0,0,4.68187E+20,5.52337E+21,8.55737E+15,4.98619E+16
144637,6.17102E+18,6,4,33,10,2017,10,13,3,3,5,2,1,1,0,0,0,0,0,4.60554E+20,5.53974E+21,8.44949E+15,5.00087E+16
144638,6.17102E+18,6,4,33,8,2017,10,17,3,3,2,6,0,1,0,0,0,0,0,4.67768E+20,5.53489E+21,8.55057E+15,4.99655E+16
144639,6.17102E+18,6,4,33,6,2017,10,18,3,3,5,3,0,1,0,0,1,0,1,4.63194E+20,5.53022E+21,8.48724E+15,4.99232E+16
144640,6.17102E+18,6,5,34,17,2017,10,18,3,3,4,6,1,1,0,0,0,1,0,4.998E+20,5.64006E+21,8.99715E+15,5.09122E+16
144641,6.17102E+18,6,4,35,14,2017,10,12,3,2,6,4,0,1,1,0,0,0,0,4.94491E+20,5.55406E+21,8.92291E+15,5.01387E+16
144642,6.17102E+18,6,5,32,23,2017,10,16,3,3,5,3,0,1,0,0,0,0,0,4.67057E+20,5.59862E+21,8.53512E+15,5.05386E+16
144643,6.17102E+18,6,5,31,5,2017,10,16,3,3,2,6,0,1,0,0,0,0,0,4.78531E+20,5.60331E+21,8.69677E+15,5.05813E+16
144644,6.17102E+18,6,6,32,2,2017,10,20,2,3,6,4,0,0,1,0,1,2,0,5.49255E+20,5.63517E+21,9.69993E+15,5.08661E+16
144645,6.17102E+18,6,4,14,0,2017,10,21,2,3,5,3,0,1,0,0,0,2,0,4.43218E+20,5.54754E+21,8.20642E+15,5.00774E+16
144646,6.17102E+18,6,4,14,0,2017,10,13,2,3,6,4,1,0,1,0,0,0,0,4.44984E+20,5.54802E+21,8.23102E+15,5.00819E+16
144647,6.17102E+18,6,4,14,0,2017,10,8,2,3,3,2,0,1,0,0,1,0,0,4.45835E+20,5.54697E+21,8.24308E+15,5.00725E+16
144648,6.17102E+18,6,4,12,0,2017,10,20,2,3,3,6,0,1,0,0,0,2,0,4.71441E+20,5.54929E+21,8.60071E+15,5.00952E+16
144649,6.17102E+18,6,4,12,0,2017,10,17,2,2,6,4,0,0,1,0,1,0,0,4.74632E+20,5.55721E+21,8.64481E+15,5.01665E+16
144650,6.17102E+18,6,4,12,0,2017,10,16,2,3,6,7,0,0,1,0,1,0,0,4.74519E+20,5.55765E+21,8.64319E+15,5.01705E+16
144651,6.17102E+18,6,4,12,0,2017,10,12,2,3,6,3,1,0,1,0,0,0,0,4.76594E+20,5.55014E+21,8.67271E+15,5.01031E+16
144652,6.17102E+18,6,4,11,0,2017,10,16,2,2,5,3,0,1,0,1,0,0,0,4.74074E+20,5.52348E+21,8.63926E+15,4.98632E+16
144653,6.17102E+18,6,6,35,2,2017,10,11,2,3,6,4,0,1,1,0,0,0,0,5.00927E+20,5.69215E+21,9.01332E+15,5.13806E+16
144654,6.17102E+18,6,4,35,25,2017,10,16,2,3,8,6,0,0,0,1,0,0,0,5.43285E+20,5.58102E+21,9.60878E+15,5.03797E+16
144655,6.17102E+18,6,4,35,26,2017,10,14,2,3,5,3,1,1,0,0,0,0,0,4.88006E+20,5.56063E+21,8.83195E+15,5.01977E+16
144656,6.17102E+18,6,4,38,11,2017,10,10,2,3,5,3,0,1,0,1,0,0,0,4.91724E+20,5.54191E+21,8.88446E+15,5.00295E+16
144657,6.17102E+18,6,4,38,11,2017,10,15,2,3,5,2,1,1,0,0,0,0,0,4.93113E+20,5.54004E+21,8.90387E+15,5.00126E+16
144658,6.17102E+18,6,4,36,4,2017,10,16,2,3,6,2,0,1,1,0,0,1,0,4.58141E+20,5.53941E+21,8.41586E+15,5.00055E+16
144659,6.17102E+18,6,4,31,16,2017,10,17,2,2,0,7,0,1,0,0,1,0,0,4.68737E+20,5.49953E+21,8.56693E+15,4.96475E+16
144660,6.17102E+18,6,4,32,21,2017,10,16,2,3,3,2,1,1,0,0,0,0,0,5.01092E+20,5.53029E+21,9.01522E+15,4.9925E+16
144661,6.17102E+18,6,4,32,22,2017,10,15,2,3,2,6,0,1,0,0,0,0,0,4.74596E+20,5.51359E+21,8.64717E+15,4.97742E+16
144662,6.17102E+18,6,4,32,16,2017,10,16,2,3,4,6,0,1,0,0,0,0,0,4.81852E+20,5.51819E+21,8.74773E+15,4.98159E+16
144663,6.17102E+18,6,4,31,13,2017,10,17,2,3,5,3,0,1,0,1,0,0,0,4.61537E+20,5.49376E+21,8.46777E+15,4.95952E+16
144664,6.17102E+18,6,4,31,13,2017,10,6,2,3,9,1,0,1,0,0,0,2,0,4.613E+20,5.49381E+21,8.46448E+15,4.95957E+16
144665,6.17102E+18,6,4,33,5,2017,10,15,2,3,9,1,0,0,0,1,0,0,0,4.53017E+20,5.53505E+21,8.34489E+15,4.99659E+16
144666,6.17102E+18,6,4,33,6,2017,10,6,2,3,0,7,1,0,0,0,0,2,1,4.63603E+20,5.53002E+21,8.49296E+15,4.99214E+16
144667,6.17102E+18,6,5,32,23,2017,10,6,2,3,2,3,0,1,0,0,0,1,0,4.66213E+20,5.5989E+21,8.52318E+15,5.0541E+16
144668,6.17102E+18,6,4,35,17,2017,10,21,1,3,8,1,0,1,0,0,0,2,0,5.02148E+20,5.55881E+21,9.03008E+15,5.01815E+16
144669,6.17102E+18,6,6,32,2,2017,10,14,1,3,8,6,0,1,0,0,1,0,0,5.51276E+20,5.63454E+21,9.72856E+15,5.08603E+16
144670,6.17102E+18,6,6,11,0,2017,10,16,1,3,0,5,1,1,0,0,0,0,0,5.35175E+20,5.68398E+21,9.50462E+15,5.1306E+16
144671,6.17102E+18,6,4,13,0,2017,10,15,1,3,5,3,1,1,0,0,0,0,0,4.8744E+20,5.54838E+21,8.82442E+15,5.00875E+16
144672,6.17102E+18,6,4,32,23,2017,10,17,1,3,5,2,1,1,0,0,0,0,0,4.7104E+20,5.52771E+21,8.59674E+15,4.99011E+16
144673,6.17102E+18,6,6,33,5,2017,10,17,1,3,5,7,0,1,0,0,0,0,0,5.26904E+20,5.69612E+21,9.38688E+15,5.14156E+16
144674,6.17102E+18,6,6,33,13,2017,10,17,1,3,5,3,0,1,0,1,0,0,0,5.27039E+20,5.70464E+21,9.38948E+15,5.14923E+16
144675,6.17102E+18,6,4,39,15,2017,10,16,1,3,5,3,0,1,0,0,0,0,0,4.39053E+20,5.5546E+21,8.14708E+15,5.01405E+16
144676,6.17102E+18,6,4,36,9,2017,10,1,1,3,6,7,1,0,1,0,0,2,0,4.62865E+20,5.54808E+21,8.48093E+15,5.00838E+16
144677,6.17102E+18,6,4,36,2,2017,10,14,1,2,1,5,0,1,0,1,0,0,0,4.55536E+20,5.55532E+21,8.37766E+15,5.01484E+16
144678,6.17102E+18,6,4,32,4,2017,10,12,1,3,5,2,1,1,0,0,0,0,0,4.87856E+20,5.5271E+21,8.83091E+15,4.98962E+16
144679,6.17102E+18,6,4,33,8,2017,10,22,1,3,9,1,0,1,0,0,0,2,0,4.70044E+20,5.53954E+21,8.58194E+15,5.00074E+16
144680,6.17102E+18,6,4,35,14,2017,10,18,1,3,2,6,0,1,0,0,0,1,0,4.94255E+20,5.55302E+21,8.91963E+15,5.01294E+16
144681,6.17101E+18,6,4,14,0,2017,10,12,7,3,5,2,0,0,0,1,1,0,0,4.45817E+20,5.54982E+21,8.24242E+15,5.00981E+16
144682,6.17101E+18,6,4,14,0,2017,10,5,7,3,2,6,0,1,0,0,0,2,0,4.45434E+20,5.5469E+21,8.23748E+15,5.00718E+16
144683,6.17101E+18,6,4,12,0,2017,10,16,7,3,2,6,0,1,0,0,0,0,0,4.67753E+20,5.5515E+21,8.54897E+15,5.01148E+16
144684,6.17101E+18,6,4,12,0,2017,10,22,7,3,5,3,1,1,0,0,0,2,0,4.78272E+20,5.55911E+21,8.69566E+15,5.01838E+16
144685,6.17101E+18,6,4,12,0,2017,10,8,7,3,6,4,0,1,1,0,0,0,0,4.76479E+20,5.55167E+21,8.671E+15,5.01168E+16
144686,6.17101E+18,6,4,12,0,2017,10,17,7,3,6,6,0,1,1,0,0,0,0,4.7702E+20,5.55109E+21,8.6786E+15,5.01116E+16
144687,6.17101E+18,6,6,35,3,2017,10,16,7,3,0,7,0,0,0,0,1,0,0,5.05062E+20,5.66257E+21,9.07232E+15,5.11145E+16
144688,6.17101E+18,6,6,34,14,2017,10,13,7,3,6,6,0,0,1,0,1,0,0,5.38048E+20,5.66444E+21,9.54375E+15,5.11302E+16
144689,6.17101E+18,6,4,34,2,2017,10,15,7,3,5,3,0,1,0,0,0,0,0,4.74969E+20,5.56595E+21,8.64894E+15,5.02451E+16
144690,6.17101E+18,6,4,36,6,2017,10,13,7,3,7,1,1,0,0,0,0,0,0,4.54755E+20,5.54098E+21,8.36843E+15,5.00194E+16
144691,6.17101E+18,6,4,36,4,2017,10,15,7,3,5,3,1,1,0,0,0,0,0,4.56938E+20,5.53891E+21,8.39913E+15,5.0001E+16
144692,6.17101E+18,6,4,40,5,2017,10,14,7,3,5,2,0,1,0,0,0,0,0,4.77331E+20,5.58653E+21,8.68083E+15,5.04304E+16
144693,6.17101E+18,6,5,32,17,2017,10,11,7,3,6,4,0,1,1,0,0,0,0,4.58387E+20,5.6165E+21,8.41076E+15,5.06988E+16
144694,6.17101E+18,6,4,40,2,2017,10,12,7,3,1,7,0,1,0,0,0,0,0,4.80866E+20,5.58046E+21,8.7309E+15,5.03758E+16
144695,6.17101E+18,6,4,31,20,2017,10,14,7,3,0,3,1,1,0,0,0,0,0,4.6889E+20,5.48694E+21,8.57005E+15,4.95343E+16
144696,6.17101E+18,6,4,31,5,2017,10,10,7,2,4,7,1,1,0,0,0,0,0,4.60927E+20,5.49935E+21,8.45877E+15,4.96454E+16
144697,6.17101E+18,6,4,31,2,2017,10,16,7,2,1,1,1,1,0,0,0,0,0,4.7309E+20,5.50479E+21,8.62687E+15,4.96951E+16
144698,6.17101E+18,6,4,33,10,2017,10,14,7,3,3,6,1,1,0,0,0,0,0,4.60809E+20,5.54047E+21,8.45297E+15,5.00152E+16
144699,6.17101E+18,6,4,33,8,2017,10,17,7,1,6,4,0,1,1,0,0,0,0,4.68606E+20,5.53792E+21,8.56202E+15,4.99928E+16
144700,6.17101E+18,6,4,35,14,2017,10,14,7,3,0,1,0,0,0,1,1,0,0,4.94225E+20,5.55374E+21,8.91919E+15,5.01358E+16
144701,6.17101E+18,6,5,31,14,2017,10,18,7,3,5,3,0,1,0,0,0,1,0,4.81657E+20,5.59925E+21,8.74112E+15,5.05449E+16
144702,6.17101E+18,6,5,31,5,2017,10,11,6,3,5,3,1,1,0,0,0,0,0,4.76577E+20,5.60362E+21,8.66914E+15,5.0584E+16
144703,6.17101E+18,6,6,32,2,2017,10,16,6,3,3,2,1,1,0,0,0,0,0,5.4934E+20,5.63352E+21,9.70092E+15,5.08513E+16
144704,6.17101E+18,6,6,33,15,2017,10,5,6,2,0,1,0,0,0,1,0,2,1,5.39801E+20,5.68195E+21,9.57075E+15,5.12875E+16
144705,6.17101E+18,6,4,14,0,2017,10,16,6,3,6,4,0,1,1,0,0,0,0,4.49472E+20,5.54061E+21,8.29473E+15,5.00157E+16
144706,6.17101E+18,6,4,14,0,2017,10,11,6,3,0,7,0,0,0,1,0,0,0,4.42457E+20,5.54819E+21,8.19569E+15,5.00832E+16
144707,6.17101E+18,6,4,12,0,2017,10,14,6,2,9,5,0,1,0,0,0,0,0,4.71685E+20,5.55009E+21,8.60407E+15,5.01024E+16
144708,6.17101E+18,6,4,12,0,2017,10,19,6,3,2,6,0,1,0,0,0,2,0,4.77995E+20,5.55287E+21,8.69214E+15,5.01277E+16
144709,6.17101E+18,6,4,12,0,2017,10,9,6,3,6,7,0,1,1,0,0,0,0,4.76827E+20,5.55132E+21,8.6759E+15,5.01137E+16