OBJECTID,UIDENTSTLA,ULAND,UREGBEZ,UKREIS,UGEMEINDE,UJAHR,UMONAT,USTUNDE,UWOCHENTAG,UKATEGORIE,UART,UTYP1,IstRad,IstPKW,IstFuss,IstKrad,IstSonstig,LICHT,STRZUSTAND,LINREFX,LINREFY,XGCSWGS84,YGCSWGS84
144710,6.17101E+18,6,4,12,0,2017,10,8,6,3,3,2,1,1,0,0,0,0,0,4.77669E+20,5.55087E+21,8.68769E+15,5.01096E+16
144711,6.17101E+18,6,6,33,3,2017,10,17,6,3,3,6,0,1,0,0,0,0,0,5.28991E+20,5.67806E+21,9.41542E+15,5.12531E+16
144712,6.17101E+18,6,4,39,16,2017,10,19,6,3,1,7,0,1,0,0,0,2,0,4.51038E+20,5.56683E+21,8.31322E+15,5.02516E+16
144713,6.17101E+18,6,4,33,5,2017,10,21,6,3,0,7,1,0,0,0,0,2,0,4.52411E+20,5.53845E+21,8.33602E+15,4.99964E+16
144714,6.17101E+18,6,4,33,6,2017,10,11,6,3,5,3,0,1,0,0,1,0,0,4.63194E+20,5.53022E+21,8.48725E+15,4.99232E+16
144715,6.17101E+18,6,5,31,11,2017,10,17,6,3,5,7,1,1,0,0,0,0,0,4.87256E+20,5.59666E+21,8.82022E+15,5.05217E+16
144716,6.17101E+18,6,5,31,5,2017,10,19,5,3,2,6,0,1,0,0,0,2,0,4.78069E+20,5.60513E+21,8.69013E+15,5.05976E+16
144717,6.17101E+18,6,6,34,1,2017,10,17,5,3,5,3,0,1,0,0,0,0,0,5.19842E+20,5.65523E+21,9.28307E+15,5.10482E+16
144718,6.17101E+18,6,4,14,0,2017,10,14,5,3,2,6,0,0,0,0,1,0,0,4.41531E+20,5.54699E+21,8.18292E+15,5.00723E+16
144719,6.17101E+18,6,4,13,0,2017,10,14,5,3,2,6,0,1,0,0,0,0,0,4.82752E+20,5.54983E+21,8.75882E+15,5.01005E+16
144720,6.17101E+18,6,4,36,3,2017,10,11,5,3,6,4,0,1,1,0,0,0,0,4.69717E+20,5.55346E+21,8.57628E+15,5.01326E+16
144721,6.17101E+18,6,4,12,0,2017,10,17,5,3,1,1,1,1,0,0,0,0,0,4.63885E+20,5.54984E+21,8.49503E+15,5.00997E+16
144722,6.17101E+18,6,4,12,0,2017,10,16,5,3,3,6,0,1,0,1,0,0,0,4.73941E+20,5.55625E+21,8.6352E+15,5.01579E+16
144723,6.17101E+18,6,4,12,0,2017,10,11,5,3,2,6,0,1,0,0,1,0,0,4.75149E+20,5.55255E+21,8.65234E+15,5.01246E+16
144724,6.17101E+18,6,4,12,0,2017,10,3,5,3,9,1,0,1,0,0,0,2,0,4.76527E+20,5.55128E+21,8.67169E+15,5.01133E+16
144725,6.17101E+18,6,4,38,4,2017,10,12,5,3,5,3,1,1,0,0,0,0,0,4.97293E+20,5.54656E+21,8.96218E+15,5.00713E+16
144726,6.17101E+18,6,4,38,9,2017,10,18,5,3,5,7,0,1,0,0,0,0,0,4.76817E+20,5.54469E+21,8.67616E+15,5.0054E+16
144727,6.17101E+18,6,4,38,2,2017,10,9,5,2,5,3,0,1,0,1,0,0,0,4.78226E+20,5.54264E+21,8.69595E+15,5.00356E+16
144728,6.17101E+18,6,4,38,10,2017,10,17,5,2,0,7,1,0,0,0,0,0,0,4.89944E+20,5.5471E+21,8.85946E+15,5.00761E+16
144729,6.17101E+18,6,4,34,9,2017,10,19,5,3,2,6,0,1,0,1,0,2,0,4.60411E+20,5.56861E+21,8.4445E+15,5.02683E+16
144730,6.17101E+18,6,4,36,9,2017,10,14,5,3,6,4,1,0,1,0,0,0,0,4.61198E+20,5.54788E+21,8.45766E+15,5.00819E+16
144731,6.17101E+18,6,4,31,6,2017,10,14,5,3,1,5,1,1,0,0,0,0,0,4.67633E+20,5.50203E+21,8.55143E+15,4.967E+16
144732,6.17101E+18,6,4,35,10,2017,10,14,5,2,5,2,1,1,0,0,0,0,0,5.12848E+20,5.56089E+21,9.18003E+15,5.02E+16
144733,6.17101E+18,6,4,32,15,2017,10,10,5,3,5,3,0,1,0,0,0,0,0,4.90329E+20,5.53012E+21,8.86527E+15,4.99234E+16
144734,6.17101E+18,6,4,31,20,2017,10,16,5,3,5,5,1,1,0,0,0,0,0,4.69479E+20,5.48768E+21,8.57813E+15,4.9541E+16
144735,6.17101E+18,6,4,31,3,2017,10,13,5,3,2,6,1,0,0,0,0,0,0,4.60524E+20,5.50317E+21,8.45281E+15,4.96798E+16
144736,6.17101E+18,6,4,33,7,2017,10,13,5,3,6,7,0,1,1,0,0,0,0,4.66523E+20,5.54419E+21,8.5324E+15,5.0049E+16
144737,6.17101E+18,6,4,35,14,2017,10,15,5,3,5,3,1,1,0,0,0,0,0,4.94563E+20,5.55439E+21,8.92391E+15,5.01417E+16
144738,6.17101E+18,6,5,32,23,2017,10,19,5,3,6,4,1,0,1,0,0,1,0,4.64517E+20,5.59843E+21,8.4993E+15,5.05367E+16
144739,6.17101E+18,6,4,12,0,2017,10,7,5,3,2,6,0,1,0,0,0,1,0,4.7496E+20,5.56072E+21,8.64916E+15,5.01981E+16
144740,6.17101E+18,6,4,12,0,2017,10,14,4,3,2,6,0,1,0,0,0,0,0,4.71133E+20,5.54495E+21,8.59673E+15,5.00561E+16
144741,6.17101E+18,6,6,11,0,2017,10,11,4,3,0,7,0,1,0,0,1,0,0,5.3283E+20,5.68622E+21,9.47118E+15,5.13264E+16
144742,6.17101E+18,6,4,12,0,2017,10,17,4,3,6,4,1,0,1,0,0,0,0,4.7487E+20,5.55163E+21,8.6485E+15,5.01164E+16
144743,6.17101E+18,6,4,12,0,2017,10,19,4,3,5,3,1,1,0,0,0,2,0,4.78547E+20,5.55262E+21,8.69987E+15,5.01254E+16
144744,6.17101E+18,6,4,12,0,2017,10,20,4,2,5,2,1,0,0,0,0,2,0,4.76593E+20,5.55086E+21,8.67265E+15,5.01096E+16
144745,6.17101E+18,6,4,32,12,2017,10,21,4,3,1,7,0,1,0,0,1,2,0,4.81816E+20,5.52999E+21,8.74668E+15,4.9922E+16
144746,6.17101E+18,6,6,11,0,2017,10,10,4,3,1,5,1,1,0,0,0,0,0,5.30673E+20,5.68499E+21,9.44012E+15,5.13154E+16
144747,6.17101E+18,6,6,34,7,2017,10,16,4,3,1,6,0,0,0,1,1,0,0,5.26573E+20,5.66994E+21,9.38017E+15,5.11803E+16
144748,6.17101E+18,6,6,34,5,2017,10,15,4,3,6,4,0,1,1,0,0,0,0,5.18765E+20,5.66417E+21,9.26816E+15,5.11287E+16
144749,6.17101E+18,6,4,38,11,2017,10,14,4,3,5,3,1,1,0,0,0,0,0,4.90486E+20,5.53852E+21,8.86725E+15,4.99989E+16
144750,6.17101E+18,6,4,36,10,2017,10,15,4,2,8,1,0,1,0,0,0,0,0,4.63694E+20,5.55237E+21,8.49211E+15,5.01224E+16
144751,6.17101E+18,6,4,31,20,2017,10,17,4,2,5,3,1,1,0,0,0,0,0,4.69534E+20,5.48761E+21,8.57889E+15,4.95403E+16
144752,6.17101E+18,6,4,12,0,2017,10,4,3,3,5,3,0,1,0,0,0,2,1,4.70465E+20,5.54507E+21,8.58739E+15,5.00572E+16
144753,6.17101E+18,6,4,35,6,2017,10,16,3,3,5,3,0,1,0,0,0,0,0,4.93703E+20,5.55834E+21,8.91182E+15,5.01772E+16
144754,6.17101E+18,6,5,31,5,2017,10,8,3,3,8,1,0,1,0,0,0,0,1,4.7911E+20,5.60491E+21,8.70485E+15,5.05957E+16
144755,6.17101E+18,6,5,31,5,2017,10,6,3,3,0,1,0,1,0,0,0,2,1,4.79165E+20,5.6058E+21,8.70557E+15,5.06037E+16
144756,6.17101E+18,6,6,35,15,2017,10,12,3,2,2,6,0,1,0,0,0,0,0,4.91309E+20,5.68077E+21,8.8754E+15,5.12782E+16
144757,6.17101E+18,6,4,14,0,2017,10,12,3,3,6,7,0,1,0,0,1,0,1,4.45756E+20,5.54435E+21,8.24233E+15,5.00489E+16
144758,6.17101E+18,6,4,36,3,2017,10,21,3,2,5,3,0,1,0,1,0,2,0,4.68258E+20,5.55532E+21,8.55571E+15,5.01492E+16
144759,6.17101E+18,6,4,12,0,2017,10,17,3,3,5,3,1,1,0,0,0,0,0,4.68487E+20,5.55186E+21,8.55921E+15,5.01181E+16
144760,6.17101E+18,6,4,12,0,2017,10,10,3,3,5,3,1,1,0,0,0,0,0,4.7012E+20,5.55058E+21,8.58214E+15,5.01067E+16
144761,6.17101E+18,6,4,12,0,2017,10,8,3,2,0,6,1,1,0,0,0,0,1,4.77658E+20,5.5517E+21,8.68749E+15,5.01171E+16
144762,6.17101E+18,6,4,12,0,2017,10,19,3,3,0,4,0,0,1,0,1,2,0,4.77686E+20,5.55121E+21,8.68792E+15,5.01127E+16
144763,6.17101E+18,6,4,37,6,2017,10,12,3,3,6,2,0,1,1,0,0,0,0,5.00033E+20,5.50032E+21,9.00046E+15,4.96554E+16
144764,6.17101E+18,6,6,11,0,2017,10,20,3,3,5,3,0,1,0,0,0,2,1,5.31136E+20,5.68027E+21,9.44635E+15,5.12729E+16
144765,6.17101E+18,6,4,38,13,2017,10,14,3,3,1,5,0,1,0,0,0,0,0,4.97822E+20,5.54448E+21,8.96957E+15,5.00526E+16
144766,6.17101E+18,6,4,38,2,2017,10,12,3,3,5,3,0,1,0,0,0,0,1,4.78202E+20,5.53899E+21,8.69583E+15,5.00028E+16
144767,6.17101E+18,6,4,35,29,2017,10,18,3,3,6,4,0,1,1,0,0,0,0,5.20939E+20,5.56706E+21,9.29372E+15,5.02553E+16
144768,6.17101E+18,6,4,38,12,2017,10,6,3,3,5,3,0,0,0,1,1,2,1,4.87488E+20,5.53489E+21,8.82553E+15,4.99663E+16
144769,6.17101E+18,6,5,34,4,2017,10,12,3,3,5,3,0,1,0,0,1,0,1,4.679E+20,5.63885E+21,8.54352E+15,5.09004E+16
144770,6.17101E+18,6,4,31,5,2017,10,12,3,3,5,3,0,1,0,1,0,0,1,4.61248E+20,5.49917E+21,8.46323E+15,4.96438E+16
144771,6.17101E+18,6,5,31,11,2017,10,22,3,3,0,1,0,0,0,1,0,2,1,4.8731E+20,5.59652E+21,8.82099E+15,5.05205E+16
144772,6.17101E+18,6,5,31,5,2017,10,10,3,3,5,3,0,1,0,0,0,0,0,4.78029E+20,5.60213E+21,8.68974E+15,5.05707E+16
144773,6.17101E+18,6,4,12,0,2017,10,16,2,3,5,2,1,1,0,0,0,0,0,4.70578E+20,5.55254E+21,8.5884E+15,5.01244E+16
144774,6.17101E+18,6,4,12,0,2017,10,7,2,3,5,2,1,1,0,0,0,0,1,4.71921E+20,5.54929E+21,8.60742E+15,5.00952E+16
144775,6.17101E+18,6,4,12,0,2017,10,0,2,3,0,1,1,0,0,0,0,2,0,4.71927E+20,5.55126E+21,8.60736E+15,5.01129E+16
144776,6.17101E+18,6,4,12,0,2017,10,14,2,2,0,5,1,0,0,0,1,0,1,4.77095E+20,5.55016E+21,8.67971E+15,5.01032E+16
144777,6.17101E+18,6,4,12,0,2017,10,6,2,3,3,2,1,1,0,0,0,2,0,4.76464E+20,5.55151E+21,8.6708E+15,5.01154E+16
144778,6.17101E+18,6,4,12,0,2017,10,18,2,3,2,6,0,1,0,0,0,1,1,4.77966E+20,5.55249E+21,8.69175E+15,5.01242E+16
144779,6.17101E+18,6,6,34,24,2017,10,9,2,3,5,3,0,1,0,0,0,0,0,5.46605E+20,5.66303E+21,9.66585E+15,5.11169E+16
144780,6.17101E+18,6,6,35,1,2017,10,19,2,3,5,2,0,1,0,0,0,2,0,4.76498E+20,5.65222E+21,8.66492E+15,5.1021E+16
144781,6.17101E+18,6,4,38,2,2017,10,14,2,3,2,6,0,1,0,0,0,0,1,4.78472E+20,5.54133E+21,8.69947E+15,5.00239E+16
144782,6.17101E+18,6,4,38,8,2017,10,7,2,3,0,7,1,1,0,0,0,0,0,4.88374E+20,5.5518E+21,8.83738E+15,5.01184E+16
144783,6.17101E+18,6,4,38,11,2017,10,15,2,3,2,6,0,1,0,0,0,0,1,4.9208E+20,5.54025E+21,8.88946E+15,5.00146E+16
144784,6.17101E+18,6,4,34,4,2017,10,15,2,3,5,2,0,1,0,0,0,0,1,4.61385E+20,5.58166E+21,8.45683E+15,5.03857E+16
144785,6.17101E+18,6,4,34,6,2017,10,18,2,3,5,3,1,1,0,0,0,1,1,4.65931E+20,5.55816E+21,8.52289E+15,5.01747E+16
144786,6.17101E+18,6,4,31,11,2017,10,10,2,3,5,3,0,1,0,0,0,0,0,4.72461E+20,5.49939E+21,8.61853E+15,4.96465E+16
144787,6.17101E+18,6,4,32,15,2017,10,8,2,3,1,5,1,1,0,0,0,0,1,4.89743E+20,5.52985E+21,8.85711E+15,4.99209E+16
144788,6.17101E+18,6,4,32,22,2017,10,7,2,3,2,6,0,1,0,1,0,0,1,4.77313E+20,5.51202E+21,8.685E+15,4.97602E+16
144789,6.17101E+18,6,4,33,12,2017,10,16,2,3,5,7,1,1,0,0,0,0,1,4.5789E+20,5.53763E+21,8.41255E+15,4.99895E+16
144790,6.17101E+18,6,6,31,9,2017,10,20,2,3,3,6,0,1,0,0,0,2,1,5.48436E+20,5.60129E+21,9.68385E+15,5.05616E+16
144791,6.17101E+18,6,4,12,0,2017,10,8,2,3,6,7,1,0,1,0,0,0,0,4.8247E+20,5.55483E+21,8.75466E+15,5.01454E+16
144792,6.17101E+18,6,4,35,14,2017,10,21,2,3,3,6,0,1,0,0,1,2,1,4.98673E+20,5.55369E+21,8.98143E+15,5.01355E+16
144793,6.17101E+18,6,6,35,15,2017,10,16,1,2,7,1,0,1,0,0,1,0,0,4.91018E+20,5.68053E+21,8.87123E+15,5.1276E+16
144794,6.17101E+18,6,4,31,2,2017,10,19,1,3,6,4,0,1,1,0,0,2,1,4.73007E+20,5.50291E+21,8.62585E+15,4.96781E+16
144795,6.17101E+18,6,6,31,10,2017,10,5,1,3,0,7,0,1,1,0,0,1,0,5.64902E+20,5.58895E+21,9.91416E+15,5.0449E+16
144796,6.17101E+18,6,6,31,8,2017,10,9,1,3,9,1,0,1,0,0,0,0,1,5.40222E+20,5.58376E+21,9.566E+15,5.04045E+16
144797,6.17101E+18,6,4,35,17,2017,10,17,7,3,5,3,1,1,0,0,0,0,1,5.02734E+20,5.55909E+21,9.03829E+15,5.0184E+16
144798,6.17101E+18,6,4,12,0,2017,10,15,7,3,6,4,0,1,1,0,0,0,0,4.72163E+20,5.5495E+21,8.61079E+15,5.00971E+16
144799,6.17101E+18,6,4,12,0,2017,10,8,7,3,5,3,0,1,0,0,0,0,0,4.75867E+20,5.56016E+21,8.66191E+15,5.01931E+16
144800,6.17101E+18,6,4,11,0,2017,10,12,7,3,5,7,0,1,0,1,0,0,0,4.7516E+20,5.52343E+21,8.65438E+15,4.98627E+16
144801,6.17101E+18,6,4,34,1,2017,10,14,7,3,2,6,0,1,0,0,0,0,0,4.70931E+20,5.56507E+21,8.59238E+15,5.02371E+16
144802,6.17101E+18,6,5,32,6,2017,10,21,7,3,6,7,0,1,1,0,0,2,1,4.48613E+20,5.62429E+21,8.27129E+15,5.07681E+16
144803,6.17101E+18,6,4,40,2,2017,10,16,7,2,2,6,1,1,0,0,0,0,1,4.82871E+20,5.5784E+21,8.7592E+15,5.03574E+16
144804,6.17101E+18,6,4,40,2,2017,10,11,7,3,0,7,0,0,0,1,0,0,1,4.80348E+20,5.5811E+21,8.7236E+15,5.03816E+16
144805,6.17101E+18,6,4,14,0,2017,10,20,6,3,3,6,0,1,0,0,1,2,0,4.45427E+20,5.54701E+21,8.23736E+15,5.00729E+16
144806,6.17101E+18,6,4,13,0,2017,10,9,6,3,5,3,1,1,0,0,0,0,1,4.82134E+20,5.54827E+21,8.75026E+15,5.00864E+16
144807,6.17101E+18,6,4,12,0,2017,10,15,6,3,2,6,0,1,0,0,0,0,1,4.69981E+20,5.55294E+21,8.58002E+15,5.01279E+16
144808,6.17101E+18,6,4,12,0,2017,10,9,6,3,1,7,0,1,0,0,1,0,1,4.64734E+20,5.54809E+21,8.50706E+15,5.0084E+16
144809,6.17101E+18,6,4,12,0,2017,10,7,6,3,6,4,0,1,1,0,0,0,1,4.67369E+20,5.54978E+21,8.54375E+15,5.00993E+16
144810,6.17101E+18,6,4,12,0,2017,10,6,6,3,5,2,1,1,0,0,0,2,1,4.67541E+20,5.55146E+21,8.546E+15,5.01145E+16
144811,6.17101E+18,6,4,12,0,2017,10,7,6,3,5,7,0,1,0,0,0,0,1,4.7193E+20,5.54817E+21,8.60763E+15,5.00852E+16
144812,6.17101E+18,6,4,12,0,2017,10,19,6,3,6,2,0,1,1,0,0,0,0,4.74105E+20,5.54829E+21,8.63802E+15,5.00863E+16
144813,6.17101E+18,6,4,12,0,2017,10,16,6,3,2,6,0,1,0,1,0,0,0,4.79275E+20,5.55269E+21,8.71006E+15,5.01261E+16
144814,6.17101E+18,6,4,12,0,2017,10,9,6,3,1,5,1,1,0,0,0,0,0,4.77103E+20,5.55189E+21,8.67972E+15,5.01188E+16
144815,6.17101E+18,6,4,11,0,2017,10,12,6,3,2,6,0,1,0,0,0,0,1,4.75041E+20,5.52641E+21,8.65253E+15,4.98896E+16
144816,6.17101E+18,6,4,37,6,2017,10,15,6,3,5,3,0,1,0,0,0,0,1,4.99301E+20,5.50157E+21,8.99031E+15,4.96667E+16
144817,6.17101E+18,6,4,11,0,2017,10,15,6,3,5,2,0,1,0,0,0,0,1,4.74175E+20,5.52492E+21,8.64058E+15,4.98761E+16
144818,6.17101E+18,6,4,11,0,2017,10,16,6,3,8,1,0,0,0,1,0,0,1,4.75774E+20,5.52561E+21,8.66279E+15,4.98824E+16
144819,6.17101E+18,6,6,35,3,2017,10,8,6,3,8,1,0,0,0,1,0,0,1,5.08644E+20,5.66337E+21,9.12352E+15,5.11217E+16
144820,6.17111E+18,6,4,12,0,2017,11,11,5,3,6,4,0,1,1,0,0,0,0,4.74311E+20,5.55203E+21,8.64066E+15,5.01199E+16
144821,6.17111E+18,6,4,12,0,2017,11,7,5,3,5,2,0,0,0,0,1,0,1,4.75383E+20,5.55064E+21,8.65575E+15,5.01075E+16
144822,6.17111E+18,6,4,12,0,2017,11,13,5,3,5,2,1,1,0,0,0,0,0,4.7669E+20,5.55277E+21,8.67389E+15,5.01267E+16
144823,6.17111E+18,6,4,38,11,2017,11,18,5,3,8,1,0,1,0,0,0,2,0,4.90599E+20,5.54295E+21,8.86872E+15,5.00388E+16
144824,6.17111E+18,6,4,11,0,2017,11,17,5,3,2,6,0,1,0,0,0,1,1,4.74423E+20,5.51914E+21,8.64442E+15,4.98241E+16
144825,6.17111E+18,6,4,32,1,2017,11,12,5,3,5,3,1,1,0,0,0,0,1,4.72536E+20,5.50979E+21,8.61884E+15,4.974E+16
144826,6.17111E+18,6,4,32,8,2017,11,16,5,3,5,3,1,0,0,0,1,1,1,4.68469E+20,5.52261E+21,8.56135E+15,4.9855E+16
144827,6.17111E+18,6,4,32,8,2017,11,6,5,3,9,1,0,1,0,0,0,2,1,4.68646E+20,5.52376E+21,8.56372E+15,4.98654E+16
144828,6.17111E+18,6,4,31,13,2017,11,12,5,3,2,6,0,1,0,0,0,0,1,4.62336E+20,5.49356E+21,8.47884E+15,4.95934E+16
144829,6.17111E+18,6,5,32,1,2017,11,17,5,3,8,7,0,1,0,0,0,2,0,4.62726E+20,5.60455E+21,8.47341E+15,5.05916E+16
144830,6.17111E+18,6,4,12,0,2017,11,16,5,3,3,6,0,1,0,0,1,1,0,4.70699E+20,5.55368E+21,8.59001E+15,5.01346E+16
144831,6.17111E+18,6,4,14,0,2017,11,7,4,3,1,5,0,1,0,1,0,1,1,4.43118E+20,5.54889E+21,8.20482E+15,5.00895E+16
144832,6.17111E+18,6,4,13,0,2017,11,16,4,3,5,2,1,1,0,0,0,1,1,4.83719E+20,5.55024E+21,8.77233E+15,5.01042E+16
144833,6.17111E+18,6,4,12,0,2017,11,17,4,3,5,3,1,1,0,0,0,1,1,4.68847E+20,5.54988E+21,8.5644E+15,5.01003E+16
144834,6.17111E+18,6,4,12,0,2017,11,7,4,2,9,6,0,1,0,0,0,1,1,4.7292E+20,5.54921E+21,8.62139E+15,5.00946E+16
144835,6.17111E+18,6,4,12,0,2017,11,16,4,3,0,6,0,1,0,0,1,1,1,4.77183E+20,5.54997E+21,8.68096E+15,5.01015E+16
144836,6.17111E+18,6,4,12,0,2017,11,18,4,2,4,6,1,0,0,0,0,2,1,4.80038E+20,5.55284E+21,8.72072E+15,5.01275E+16
144837,6.17111E+18,6,4,12,0,2017,11,12,4,3,0,3,1,1,0,0,0,0,1,4.76724E+20,5.55269E+21,8.67437E+15,5.0126E+16
144838,6.17111E+18,6,4,12,0,2017,11,18,4,3,5,3,1,1,0,0,0,2,1,4.77992E+20,5.55295E+21,8.69209E+15,5.01284E+16
144839,6.17111E+18,6,4,32,23,2017,11,8,4,3,0,1,0,0,0,1,0,0,1,4.72534E+20,5.52903E+21,8.61744E+15,4.9913E+16
144840,6.17111E+18,6,4,11,0,2017,11,14,4,3,5,3,1,1,0,0,0,0,1,4.75263E+20,5.52843E+21,8.65549E+15,4.99077E+16
144841,6.17111E+18,6,6,11,0,2017,11,7,4,3,6,7,0,1,0,0,1,1,0,5.31461E+20,5.68068E+21,9.45104E+15,5.12766E+16
144842,6.17111E+18,6,4,38,6,2017,11,8,4,3,5,2,0,0,0,1,1,0,1,4.76438E+20,5.53699E+21,8.67134E+15,4.99848E+16
144843,6.17111E+18,6,4,34,5,2017,11,20,4,3,5,3,0,1,0,0,0,2,1,4.62041E+20,5.55915E+21,8.46832E+15,5.01833E+16
144844,6.17111E+18,6,4,34,1,2017,11,18,4,2,5,3,1,1,0,0,0,2,1,4.71959E+20,5.56382E+21,8.60689E+15,5.02259E+16
144845,6.17111E+18,6,4,34,2,2017,11,13,4,3,5,3,1,1,0,0,0,0,1,4.7472E+20,5.5675E+21,8.64535E+15,5.02591E+16
144846,6.17111E+18,6,4,31,11,2017,11,22,4,3,5,3,1,1,0,0,0,2,0,4.73254E+20,5.49917E+21,8.62953E+15,4.96445E+16
144847,6.17111E+18,6,4,40,5,2017,11,7,4,3,6,4,0,1,1,0,0,1,0,4.75685E+20,5.58788E+21,8.65757E+15,5.04425E+16
144848,6.17111E+18,6,5,35,10,2017,11,10,4,2,9,1,0,1,0,0,0,0,0,5.07623E+20,5.62402E+21,9.1081E+15,5.07679E+16
144849,6.17111E+18,6,4,33,12,2017,11,16,4,3,5,3,0,1,0,0,0,1,0,4.5798E+20,5.53689E+21,8.41389E+15,4.99828E+16
144850,6.17111E+18,6,4,33,6,2017,11,12,4,3,6,4,0,1,1,0,0,0,1,4.63504E+20,5.52933E+21,8.49164E+15,4.99153E+16
144851,6.17111E+18,6,4,33,4,2017,11,20,4,3,5,3,0,1,0,0,0,2,1,4.62822E+20,5.51127E+21,8.48388E+15,4.97527E+16
144852,6.17111E+18,6,4,33,1,2017,11,17,4,3,5,3,0,1,0,0,0,2,1,4.61717E+20,5.5145E+21,8.46822E+15,4.97817E+16
144853,6.17111E+18,6,6,31,7,2017,11,5,4,3,7,7,0,1,0,0,0,2,0,5.54796E+20,5.62077E+21,9.77652E+15,5.07361E+16
144854,6.17111E+18,6,6,31,4,2017,11,16,4,3,7,7,0,0,0,1,0,0,0,5.52962E+20,5.58693E+21,9.74571E+15,5.0432E+16
144855,6.17111E+18,6,4,35,6,2017,11,6,3,3,4,6,0,1,0,0,0,0,0,4.94816E+20,5.55791E+21,8.92741E+15,5.01734E+16
144856,6.17111E+18,6,4,14,0,2017,11,8,3,3,5,2,1,1,0,0,0,0,0,4.48651E+20,5.54798E+21,8.28228E+15,5.00819E+16
144857,6.17111E+18,6,4,13,0,2017,11,8,3,3,5,3,1,1,0,0,0,0,0,4.8353E+20,5.54925E+21,8.76973E+15,5.00953E+16
144858,6.17111E+18,6,4,36,3,2017,11,11,3,3,8,1,0,0,0,1,0,0,0,4.69079E+20,5.55495E+21,8.56723E+15,5.0146E+16
144859,6.17111E+18,6,4,12,0,2017,11,17,3,3,5,3,0,1,0,0,0,2,0,4.77421E+20,5.55679E+21,8.68388E+15,5.01629E+16
144860,6.17111E+18,6,4,12,0,2017,11,13,3,3,5,3,0,1,0,0,0,0,0,4.79765E+20,5.55413E+21,8.71683E+15,5.0139E+16
144861,6.17111E+18,6,4,12,0,2017,11,15,3,3,0,7,0,1,0,0,0,0,0,4.80086E+20,5.55156E+21,8.72146E+15,5.0116E+16
144862,6.17111E+18,6,4,12,0,2017,11,10,3,3,0,7,1,1,0,0,0,0,0,4.78606E+20,5.55171E+21,8.70075E+15,5.01173E+16
144863,6.17111E+18,6,4,11,0,2017,11,13,3,3,5,3,0,0,0,1,1,0,0,4.76826E+20,5.52846E+21,8.67725E+15,4.99081E+16
144864,6.17111E+18,6,6,34,22,2017,11,16,3,3,5,3,1,1,0,0,0,0,0,5.1295E+20,5.64017E+21,9.18421E+15,5.09131E+16
144865,6.17111E+18,6,4,39,12,2017,11,10,3,3,5,3,0,1,0,0,0,0,0,4.29257E+20,5.53917E+21,8.01287E+15,5.00006E+16
144866,6.17111E+18,6,4,40,5,2017,11,7,3,3,5,3,0,1,0,0,0,1,0,4.77047E+20,5.58717E+21,8.6768E+15,5.04361E+16
144867,6.17111E+18,6,4,31,5,2017,11,14,3,2,5,3,1,1,0,0,0,0,0,4.60275E+20,5.50108E+21,8.44956E+15,4.96609E+16
144868,6.17111E+18,6,5,34,14,2017,11,23,3,2,6,4,0,0,1,0,1,2,0,4.83712E+20,5.62828E+21,8.76884E+15,5.0806E+16
144869,6.17111E+18,6,5,34,6,2017,11,8,3,3,2,6,0,1,0,0,1,0,0,4.86529E+20,5.63384E+21,8.80861E+15,5.08561E+16
144870,6.17111E+18,6,6,33,26,2017,11,12,2,3,6,2,0,1,1,0,0,0,0,5.31649E+20,5.69049E+21,9.45461E+15,5.13647E+16
144871,6.17111E+18,6,6,11,0,2017,11,20,2,3,3,6,1,1,0,0,0,2,0,5.33982E+20,5.68377E+21,9.48748E+15,5.13042E+16
144872,6.17111E+18,6,4,14,0,2017,11,19,2,3,0,6,0,1,0,0,0,2,0,4.4907E+20,5.541E+21,8.28906E+15,5.00191E+16
144873,6.17111E+18,6,4,13,0,2017,11,14,2,3,5,3,0,1,0,0,0,0,0,4.86137E+20,5.54868E+21,8.8062E+15,5.00902E+16
144874,6.17111E+18,6,4,12,0,2017,11,8,2,3,0,4,0,1,1,0,0,0,0,4.64529E+20,5.54981E+21,8.50403E+15,5.00995E+16
144875,6.17111E+18,6,4,12,0,2017,11,18,2,3,6,4,0,1,1,0,0,2,0,4.71788E+20,5.54907E+21,8.60558E+15,5.00932E+16
144876,6.17111E+18,6,4,12,0,2017,11,17,2,3,5,3,0,1,0,1,0,2,0,4.72934E+20,5.55553E+21,8.62115E+15,5.01514E+16
144877,6.17111E+18,6,4,12,0,2017,11,15,2,2,0,1,1,0,0,0,1,0,0,4.7741E+20,5.55331E+21,8.68393E+15,5.01316E+16
144878,6.17111E+18,6,6,35,3,2017,11,16,2,3,1,5,1,1,0,0,0,1,0,5.07508E+20,5.66219E+21,9.10726E+15,5.11111E+16
144879,6.17111E+18,6,6,35,2,2017,11,8,2,3,1,5,0,1,0,0,0,0,0,5.00922E+20,5.69215E+21,9.01325E+15,5.13806E+16
144880,6.17111E+18,6,6,34,5,2017,11,10,2,3,5,3,0,1,0,0,0,0,0,5.19697E+20,5.66362E+21,9.28145E+15,5.11237E+16
144881,6.17111E+18,6,6,35,1,2017,11,18,2,3,5,2,0,1,0,1,0,2,0,4.76652E+20,5.65258E+21,8.66709E+15,5.10243E+16