OBJECTID,UIDENTSTLA,ULAND,UREGBEZ,UKREIS,UGEMEINDE,UJAHR,UMONAT,USTUNDE,UWOCHENTAG,UKATEGORIE,UART,UTYP1,IstRad,IstPKW,IstFuss,IstKrad,IstSonstig,LICHT,STRZUSTAND,LINREFX,LINREFY,XGCSWGS84,YGCSWGS84
144882,6.17111E+18,6,4,38,9,2017,11,18,2,3,5,3,1,1,0,0,0,2,0,4.77316E+20,5.54492E+21,8.68312E+15,5.00561E+16
144883,6.17111E+18,6,4,38,9,2017,11,6,2,3,3,6,1,0,0,0,1,2,0,4.77712E+20,5.54417E+21,8.68869E+15,5.00494E+16
144884,6.17111E+18,6,4,35,26,2017,11,16,2,3,2,6,0,1,0,0,0,0,0,4.89693E+20,5.56069E+21,8.85559E+15,5.01983E+16
144885,6.17111E+18,6,4,38,11,2017,11,13,2,2,9,7,0,1,0,0,0,0,0,4.91775E+20,5.54157E+21,8.88517E+15,5.00264E+16
144886,6.17111E+18,6,4,32,4,2017,11,16,2,2,1,7,0,0,1,0,1,0,0,4.89982E+20,5.52869E+21,8.86048E+15,4.99105E+16
144887,6.17111E+18,6,4,11,0,2017,11,6,2,3,2,6,0,1,0,0,0,0,0,4.73639E+20,5.51742E+21,8.63362E+15,4.98086E+16
144888,6.17111E+18,6,5,31,12,2017,11,6,2,3,5,3,1,1,0,0,0,2,0,4.75489E+20,5.59847E+21,8.65411E+15,5.05377E+16
144889,6.17111E+18,6,4,14,0,2017,11,10,1,2,0,7,0,1,0,0,0,0,1,4.44382E+20,5.54786E+21,8.22264E+15,5.00804E+16
144890,6.17111E+18,6,4,36,12,2017,11,1,1,3,6,7,0,1,1,0,0,2,0,4.65721E+20,5.55375E+21,8.52035E+15,5.0135E+16
144891,6.17111E+18,6,4,12,0,2017,11,4,1,3,8,1,0,1,0,0,0,2,1,4.7223E+20,5.55421E+21,8.61139E+15,5.01394E+16
144892,6.17111E+18,6,4,31,20,2017,11,10,1,3,1,5,1,1,0,0,0,0,0,4.69752E+20,5.48793E+21,8.58188E+15,4.95432E+16
144893,6.1711E+18,6,4,13,0,2017,11,12,7,3,2,2,0,1,0,0,0,0,0,4.83168E+20,5.55018E+21,8.76463E+15,5.01037E+16
144894,6.1711E+18,6,4,12,0,2017,11,21,7,3,2,6,0,1,0,0,1,2,0,4.7608E+20,5.55171E+21,8.66542E+15,5.01172E+16
144895,6.1711E+18,6,4,39,16,2017,11,17,7,3,8,1,1,0,0,0,0,2,0,4.50645E+20,5.56536E+21,8.3079E+15,5.02383E+16
144896,6.1711E+18,6,4,38,10,2017,11,13,7,3,0,7,0,1,0,1,0,0,0,4.89741E+20,5.54705E+21,8.85662E+15,5.00756E+16
144897,6.1711E+18,6,4,34,6,2017,11,14,7,3,5,3,0,1,0,0,0,0,0,4.67131E+20,5.55881E+21,8.53963E+15,5.01806E+16
144898,6.1711E+18,6,5,32,9,2017,11,17,7,3,5,3,1,1,0,0,0,2,0,4.5368E+20,5.62933E+21,8.3425E+15,5.08139E+16
144899,6.1711E+18,6,6,31,23,2017,11,12,7,3,5,3,0,1,0,0,0,0,0,5.72693E+20,5.61038E+21,1.00281E+16,5.06408E+16
144900,6.1711E+18,6,5,31,18,2017,11,14,6,2,0,4,0,1,1,0,0,0,0,4.74185E+20,5.60773E+21,8.63507E+15,5.06209E+16
144901,6.1711E+18,6,5,31,5,2017,11,8,6,3,0,7,0,1,0,0,0,0,0,4.77624E+20,5.60494E+21,8.68386E+15,5.05959E+16
144902,6.1711E+18,6,6,11,0,2017,11,11,6,3,5,3,0,1,0,0,0,0,0,5.38063E+20,5.6838E+21,9.54603E+15,5.13043E+16
144903,6.1711E+18,6,6,11,0,2017,11,11,6,2,6,4,0,0,1,0,1,0,0,5.34703E+20,5.68528E+21,9.49797E+15,5.13178E+16
144904,6.1711E+18,6,4,14,0,2017,11,11,6,3,8,1,0,1,0,0,0,0,0,4.46344E+20,5.5494E+21,8.24984E+15,5.00945E+16
144905,6.1711E+18,6,4,13,0,2017,11,14,6,3,6,2,0,0,1,0,1,0,0,4.82448E+20,5.55064E+21,8.75454E+15,5.01077E+16
144906,6.1711E+18,6,4,13,0,2017,11,14,6,3,3,6,0,1,0,0,1,0,0,4.82883E+20,5.5505E+21,8.76063E+15,5.01065E+16
144907,6.1711E+18,6,4,13,0,2017,11,16,6,3,5,3,1,1,0,0,0,0,0,4.87255E+20,5.54792E+21,8.82185E+15,5.00834E+16
144908,6.1711E+18,6,4,12,0,2017,11,16,6,3,6,7,0,1,1,0,0,0,0,4.76634E+20,5.56088E+21,8.67261E+15,5.01997E+16
144909,6.1711E+18,6,4,12,0,2017,11,11,6,3,2,6,0,1,0,0,0,0,0,4.75722E+20,5.56037E+21,8.65985E+15,5.0195E+16
144910,6.1711E+18,6,4,12,0,2017,11,13,6,3,0,7,0,1,0,0,1,0,0,4.74144E+20,5.55156E+21,8.63836E+15,5.01157E+16
144911,6.1711E+18,6,4,12,0,2017,11,13,6,3,2,6,0,1,0,0,0,0,0,4.76489E+20,5.54911E+21,8.6713E+15,5.00938E+16
144912,6.1711E+18,6,4,32,23,2017,11,17,6,3,2,6,0,1,0,0,0,0,0,4.72256E+20,5.52704E+21,8.61371E+15,4.98951E+16
144913,6.1711E+18,6,4,11,0,2017,11,10,6,3,4,6,1,0,0,0,0,0,0,4.74214E+20,5.5239E+21,8.64118E+15,4.9867E+16
144914,6.1711E+18,6,4,35,28,2017,11,17,6,3,5,3,0,1,0,0,0,2,0,5.31902E+20,5.57313E+21,9.44802E+15,5.03094E+16
144915,6.1711E+18,6,4,34,7,2017,11,7,6,3,6,7,0,1,1,0,0,0,0,4.6512E+20,5.57248E+21,8.51022E+15,5.03034E+16
144916,6.1711E+18,6,4,34,5,2017,11,19,6,3,6,4,0,1,1,0,0,2,0,4.6238E+20,5.55883E+21,8.47309E+15,5.01805E+16
144917,6.1711E+18,6,5,33,15,2017,11,16,6,3,5,3,0,1,0,0,1,1,0,4.46798E+20,5.58368E+21,8.25138E+15,5.04028E+16
144918,6.1711E+18,6,4,40,5,2017,11,15,6,3,5,3,0,1,0,0,0,0,0,4.77697E+20,5.58675E+21,8.68598E+15,5.04324E+16
144919,6.1711E+18,6,5,32,11,2017,11,18,6,3,9,7,0,0,0,1,0,2,0,4.42294E+20,5.6223E+21,8.18201E+15,5.07496E+16
144920,6.1711E+18,6,4,32,3,2017,11,18,6,3,5,3,1,1,0,0,0,2,0,4.72133E+20,5.51109E+21,8.61314E+15,4.97517E+16
144921,6.1711E+18,6,4,33,12,2017,11,15,6,3,5,3,0,1,0,0,0,0,0,4.59964E+20,5.53749E+21,8.44149E+15,4.99884E+16
144922,6.1711E+18,6,6,31,9,2017,11,9,6,2,2,2,0,1,0,0,0,0,0,5.48405E+20,5.60052E+21,9.68331E+15,5.05546E+16
144923,6.1711E+18,6,5,31,11,2017,11,8,6,3,6,4,0,1,1,0,0,0,0,4.86198E+20,5.59647E+21,8.8053E+15,5.052E+16
144924,6.1711E+18,6,5,33,9,2017,11,12,5,3,5,2,0,1,0,0,0,0,0,4.34052E+20,5.58304E+21,8.07216E+15,5.03957E+16
144925,6.1711E+18,6,4,14,0,2017,11,15,5,3,5,3,1,1,0,0,0,0,0,4.44069E+20,5.54506E+21,8.21867E+15,5.00552E+16
144926,6.1711E+18,6,4,12,0,2017,11,8,5,2,2,6,0,1,1,0,0,0,0,4.74363E+20,5.55185E+21,8.64139E+15,5.01183E+16
144927,6.1711E+18,6,4,12,0,2017,11,8,5,3,2,6,0,1,0,0,0,1,0,4.75795E+20,5.55672E+21,8.66112E+15,5.01622E+16
144928,6.1711E+18,6,4,12,0,2017,11,20,5,3,1,5,1,1,0,0,0,2,0,4.77675E+20,5.55162E+21,8.68774E+15,5.01164E+16
144929,6.1711E+18,6,4,12,0,2017,11,9,5,3,3,2,1,1,0,0,0,0,0,4.76818E+20,5.55064E+21,8.67581E+15,5.01075E+16
144930,6.1711E+18,6,4,32,23,2017,11,9,5,3,3,6,1,1,0,0,0,0,0,4.72164E+20,5.52753E+21,8.6124E+15,4.98995E+16
144931,6.1711E+18,6,6,34,22,2017,11,10,5,3,4,6,0,1,0,0,0,0,0,5.16217E+20,5.64107E+21,9.23072E+15,5.09211E+16
144932,6.1711E+18,6,6,34,22,2017,11,14,5,2,5,3,1,1,0,0,0,0,0,5.16146E+20,5.64156E+21,9.22974E+15,5.09255E+16
144933,6.1711E+18,6,6,35,3,2017,11,11,5,2,9,1,0,1,0,0,0,0,0,5.09001E+20,5.66158E+21,9.12856E+15,5.11056E+16
144934,6.1711E+18,6,6,35,11,2017,11,16,5,3,5,3,0,1,0,0,0,0,0,4.85043E+20,5.65657E+21,8.78657E+15,5.10604E+16
144935,6.1711E+18,6,6,35,11,2017,11,9,5,3,6,4,0,1,1,0,0,0,0,4.85269E+20,5.65608E+21,8.78981E+15,5.10561E+16
144936,6.1711E+18,6,4,39,15,2017,11,14,5,2,6,1,0,0,1,0,1,0,0,4.38878E+20,5.55353E+21,8.14481E+15,5.01309E+16
144937,6.1711E+18,6,4,35,19,2017,11,6,5,3,5,2,1,0,0,0,1,2,0,4.88334E+20,5.55432E+21,8.83673E+15,5.0141E+16
144938,6.1711E+18,6,4,38,11,2017,11,13,5,3,6,7,0,1,1,0,0,0,0,4.89145E+20,5.53778E+21,8.84856E+15,4.99922E+16
144939,6.1711E+18,6,4,34,8,2017,11,8,5,3,5,2,0,1,0,0,0,0,0,4.70484E+20,5.55975E+21,8.58652E+15,5.01892E+16
144940,6.1711E+18,6,4,36,4,2017,11,15,5,2,5,3,0,1,0,0,0,0,0,4.60196E+20,5.54329E+21,8.44413E+15,5.00405E+16
144941,6.1711E+18,6,4,36,8,2017,11,14,5,3,5,3,0,1,0,0,0,0,0,4.61016E+20,5.55388E+21,8.4545E+15,5.01358E+16
144942,6.1711E+18,6,4,35,10,2017,11,12,5,3,6,4,0,0,1,0,1,0,0,5.13901E+20,5.56115E+21,9.19479E+15,5.02024E+16
144943,6.1711E+18,6,4,40,8,2017,11,17,5,3,2,6,0,1,0,0,1,1,0,4.82071E+20,5.57481E+21,8.74813E+15,5.03252E+16
144944,6.1711E+18,6,6,31,20,2017,11,19,5,3,0,7,1,0,0,0,0,2,0,5.49811E+20,5.60053E+21,9.70316E+15,5.05546E+16
144945,6.1711E+18,6,4,35,20,2017,11,18,4,2,6,2,0,1,1,0,0,2,0,4.99483E+20,5.5593E+21,8.99276E+15,5.01859E+16
144946,6.1711E+18,6,4,35,7,2017,11,14,4,3,5,3,0,1,0,1,0,0,0,4.98431E+20,5.55682E+21,8.97803E+15,5.01636E+16
144947,6.1711E+18,6,4,35,21,2017,11,9,4,3,5,3,0,1,0,1,0,0,0,4.90267E+20,5.56485E+21,8.86353E+15,5.02358E+16
144948,6.1711E+18,6,5,31,3,2017,11,7,4,3,2,6,0,1,0,0,0,0,0,4.85636E+20,5.60544E+21,8.79704E+15,5.06007E+16
144949,6.1711E+18,6,4,14,0,2017,11,18,4,2,6,4,0,1,1,0,0,1,0,4.45427E+20,5.54701E+21,8.23736E+15,5.00728E+16
144950,6.1711E+18,6,4,12,0,2017,11,16,4,2,5,3,1,0,0,0,0,0,0,4.75925E+20,5.551E+21,8.6633E+15,5.01107E+16
144951,6.1711E+18,6,4,12,0,2017,11,7,4,3,5,2,1,1,0,0,0,0,0,4.78363E+20,5.55272E+21,8.6973E+15,5.01264E+16
144952,6.1711E+18,6,4,11,0,2017,11,16,4,3,5,3,1,1,0,0,0,0,0,4.76202E+20,5.52788E+21,8.66861E+15,4.99028E+16
144953,6.1711E+18,6,4,11,0,2017,11,8,4,3,6,6,1,0,1,0,1,0,0,4.74113E+20,5.52345E+21,8.63981E+15,4.98629E+16
144954,6.1711E+18,6,6,36,4,2017,11,18,4,3,5,3,1,1,0,0,0,2,0,5.54554E+20,5.67877E+21,9.7818E+15,5.12577E+16
144955,6.1711E+18,6,6,33,3,2017,11,16,4,3,0,7,0,1,0,0,0,1,0,5.2862E+20,5.67884E+21,9.41017E+15,5.12602E+16
144956,6.1711E+18,6,6,32,17,2017,11,10,4,2,0,1,0,0,0,1,0,0,1,5.60087E+20,5.64417E+21,9.85533E+15,5.0946E+16
144957,6.1711E+18,6,4,38,13,2017,11,8,4,2,5,3,0,1,0,0,1,0,1,4.95571E+20,5.54434E+21,8.93814E+15,5.00513E+16
144958,6.1711E+18,6,4,36,7,2017,11,11,4,3,6,4,0,1,1,0,0,0,0,4.61174E+20,5.54939E+21,8.45716E+15,5.00955E+16
144959,6.1711E+18,6,6,31,9,2017,11,6,4,3,2,6,0,1,0,0,0,1,1,5.49275E+20,5.60106E+21,9.69566E+15,5.05594E+16
144960,6.1711E+18,6,4,13,0,2017,11,16,4,3,2,6,0,1,0,0,0,0,0,4.80534E+20,5.54616E+21,8.728E+15,5.00674E+16
144961,6.17103E+18,6,6,33,17,2017,10,21,3,3,8,7,0,1,0,0,0,2,1,5.38167E+20,5.68009E+21,9.54712E+15,5.12708E+16
144962,6.17103E+18,6,4,12,0,2017,10,12,3,3,2,6,0,1,0,0,0,0,0,4.75811E+20,5.55504E+21,8.66145E+15,5.01471E+16
144963,6.17103E+18,6,4,12,0,2017,10,15,3,3,5,3,1,1,0,0,0,0,0,4.70644E+20,5.54824E+21,8.58966E+15,5.00857E+16
144964,6.17103E+18,6,5,33,18,2017,10,22,3,3,6,4,0,1,1,0,0,2,0,4.56404E+20,5.58644E+21,8.38622E+15,5.04284E+16
144965,6.17103E+18,6,4,36,1,2017,10,13,2,2,4,6,0,1,0,0,0,0,0,4.61532E+20,5.5568E+21,8.46143E+15,5.01622E+16
144966,6.17103E+18,6,4,12,0,2017,10,12,2,3,5,3,0,1,0,0,0,0,0,4.75999E+20,5.55397E+21,8.66414E+15,5.01375E+16
144967,6.17103E+18,6,4,12,0,2017,10,17,2,2,8,7,0,1,0,0,0,2,0,4.7872E+20,5.55225E+21,8.70232E+15,5.01221E+16
144968,6.17103E+18,6,4,12,0,2017,10,13,2,3,5,3,1,1,0,0,0,0,0,4.78577E+20,5.55169E+21,8.70034E+15,5.0117E+16
144969,6.17103E+18,6,4,32,23,2017,10,11,2,3,5,3,0,1,0,0,0,0,0,4.71161E+20,5.52739E+21,8.59845E+15,4.98982E+16
144970,6.17103E+18,6,4,11,0,2017,10,20,2,3,0,7,1,1,0,0,0,0,0,4.75677E+20,5.52618E+21,8.66139E+15,4.98875E+16
144971,6.17103E+18,6,4,11,0,2017,10,13,2,3,2,6,0,1,0,0,0,0,0,4.75643E+20,5.52565E+21,8.66096E+15,4.98828E+16
144972,6.17103E+18,6,6,11,0,2017,10,23,2,2,1,5,1,1,0,0,0,2,1,5.30583E+20,5.68394E+21,9.43874E+15,5.1306E+16
144973,6.17103E+18,6,4,38,3,2017,10,7,2,3,5,3,1,1,0,0,0,0,0,4.75443E+20,5.5353E+21,8.65757E+15,4.99695E+16
144974,6.17103E+18,6,4,35,19,2017,10,0,2,3,0,7,1,0,0,0,1,2,0,4.88357E+20,5.55349E+21,8.83708E+15,5.01335E+16
144975,6.17103E+18,6,4,31,5,2017,10,20,2,3,5,3,0,1,0,0,0,2,0,4.60629E+20,5.4992E+21,8.45465E+15,4.96441E+16
144976,6.17103E+18,6,4,12,0,2017,10,21,2,3,5,3,0,1,0,0,0,2,0,4.82447E+20,5.55201E+21,8.75446E+15,5.01201E+16
144977,6.17103E+18,6,4,12,0,2017,10,12,1,3,0,7,0,1,0,0,0,0,0,4.70243E+20,5.54449E+21,8.58434E+15,5.00519E+16
144978,6.17103E+18,6,4,35,13,2017,10,18,1,3,6,7,0,1,1,0,0,2,0,4.99928E+20,5.5649E+21,8.99898E+15,5.02362E+16
144979,6.17103E+18,6,4,14,0,2017,10,4,1,2,1,1,0,1,0,0,1,2,1,4.48567E+20,5.54207E+21,8.2819E+15,5.00287E+16
144980,6.17103E+18,6,4,13,0,2017,10,23,1,2,4,6,1,1,0,0,0,2,0,4.83119E+20,5.55005E+21,8.76395E+15,5.01025E+16
144981,6.17103E+18,6,4,31,4,2017,10,16,1,3,6,6,0,1,1,0,0,0,0,4.78658E+20,5.48955E+21,8.7049E+15,4.95581E+16
144982,6.17103E+18,6,5,32,8,2017,10,0,1,2,6,4,0,1,1,0,0,2,1,4.56021E+20,5.60508E+21,8.37863E+15,5.0596E+16
144983,6.17103E+18,6,4,40,2,2017,10,5,1,3,8,1,0,1,0,0,0,2,1,4.79811E+20,5.58102E+21,8.71604E+15,5.03809E+16
144984,6.17103E+18,6,4,33,12,2017,10,10,1,3,5,3,1,1,0,0,0,0,0,4.5839E+20,5.53828E+21,8.41945E+15,4.99954E+16
144985,6.17103E+18,6,6,31,9,2017,10,11,1,3,5,3,0,1,0,0,0,0,1,5.48208E+20,5.5989E+21,9.68032E+15,5.05401E+16
144986,6.17103E+18,6,5,31,5,2017,10,12,1,2,3,2,1,1,0,0,0,0,0,4.76701E+20,5.60288E+21,8.67095E+15,5.05773E+16
144987,6.17103E+18,6,4,13,0,2017,10,5,7,3,9,1,0,1,0,0,0,2,0,4.81519E+20,5.5511E+21,8.74153E+15,5.01118E+16
144988,6.17103E+18,6,4,13,0,2017,10,15,7,3,5,2,0,1,0,1,0,0,0,4.84532E+20,5.54976E+21,8.78372E+15,5.00999E+16
144989,6.17103E+18,6,4,13,0,2017,10,10,7,2,5,3,1,1,0,0,0,0,0,4.83908E+20,5.55004E+21,8.77498E+15,5.01024E+16
144990,6.17103E+18,6,4,12,0,2017,10,19,7,3,5,5,0,1,0,0,1,2,0,4.74407E+20,5.55599E+21,8.64174E+15,5.01556E+16
144991,6.17103E+18,6,6,35,3,2017,10,13,7,3,8,1,1,0,0,0,0,0,0,5.08718E+20,5.6629E+21,9.12455E+15,5.11175E+16
144992,6.17103E+18,6,4,32,19,2017,10,14,7,3,5,2,0,1,0,0,0,0,0,4.87443E+20,5.51998E+21,8.8254E+15,4.98322E+16
144993,6.17103E+18,6,4,31,13,2017,10,12,7,3,2,6,0,1,0,0,0,0,0,4.61248E+20,5.49379E+21,8.46377E+15,4.95954E+16
144994,6.17103E+18,6,5,34,14,2017,10,11,7,3,0,1,1,0,0,0,0,0,0,4.8371E+20,5.62835E+21,8.7688E+15,5.08067E+16
144995,6.17103E+18,6,5,31,14,2017,10,14,7,2,6,7,0,1,1,0,0,0,0,4.81117E+20,5.59526E+21,8.7337E+15,5.0509E+16
144996,6.17103E+18,6,6,35,15,2017,10,7,6,3,5,3,0,1,0,0,0,2,1,4.91391E+20,5.68115E+21,8.87656E+15,5.12816E+16
144997,6.17103E+18,6,6,34,1,2017,10,21,6,3,9,1,0,1,0,0,0,2,0,5.194E+20,5.65457E+21,9.27673E+15,5.10423E+16
144998,6.17103E+18,6,5,33,9,2017,10,8,6,3,3,6,0,1,0,0,1,0,1,4.33997E+20,5.58215E+21,8.07154E+15,5.03877E+16
144999,6.17103E+18,6,4,13,0,2017,10,14,6,3,0,3,0,1,0,0,1,0,0,4.83501E+20,5.55039E+21,8.76927E+15,5.01055E+16
145000,6.17103E+18,6,4,12,0,2017,10,15,6,3,1,5,1,1,0,0,0,0,0,4.71427E+20,5.54891E+21,8.60054E+15,5.00918E+16
145001,6.17103E+18,6,4,12,0,2017,10,18,6,3,5,2,0,1,0,0,0,1,0,4.75316E+20,5.55425E+21,8.65458E+15,5.01399E+16
145002,6.17103E+18,6,4,12,0,2017,10,8,6,3,3,6,0,1,0,0,0,0,1,4.76489E+20,5.54911E+21,8.6713E+15,5.00938E+16
145003,6.17103E+18,6,4,12,0,2017,10,20,6,3,3,6,0,1,0,1,0,2,0,4.76974E+20,5.55197E+21,8.67791E+15,5.01195E+16
145004,6.17103E+18,6,4,12,0,2017,10,11,6,3,5,2,1,1,0,0,0,0,0,4.75675E+20,5.55193E+21,8.65974E+15,5.01191E+16
145005,6.17103E+18,6,4,11,0,2017,10,7,6,3,5,3,1,1,0,0,0,1,1,4.74302E+20,5.52328E+21,8.64245E+15,4.98614E+16
145006,6.17103E+18,6,6,34,17,2017,10,9,6,3,5,3,1,1,0,0,0,0,1,5.23576E+20,5.63583E+21,9.33508E+15,5.08737E+16
145007,6.17103E+18,6,4,39,3,2017,10,13,6,3,3,7,0,1,0,0,1,0,0,4.36828E+20,5.54227E+21,8.11799E+15,5.00294E+16
145008,6.17103E+18,6,4,38,5,2017,10,7,6,3,5,3,1,1,0,0,0,2,1,4.85827E+20,5.54519E+21,8.80199E+15,5.00588E+16
145009,6.17103E+18,6,4,38,1,2017,10,21,6,3,5,3,1,1,0,0,0,2,0,4.84502E+20,5.54024E+21,8.78369E+15,5.00143E+16
145010,6.17103E+18,6,4,40,2,2017,10,7,6,2,6,4,0,1,1,0,0,2,1,4.8073E+20,5.58102E+21,8.72896E+15,5.0381E+16
145011,6.17103E+18,6,4,40,8,2017,10,7,6,3,5,2,0,1,0,1,0,0,0,4.8241E+20,5.57592E+21,8.75284E+15,5.03351E+16
145012,6.17103E+18,6,4,31,20,2017,10,13,6,3,5,3,0,1,0,0,0,0,0,4.68016E+20,5.48603E+21,8.55805E+15,4.9526E+16
145013,6.17103E+18,6,4,33,12,2017,10,16,6,3,2,6,0,1,0,0,0,0,0,4.59835E+20,5.53651E+21,8.43979E+15,4.99796E+16
145014,6.17103E+18,6,5,31,6,2017,10,6,6,3,4,6,1,1,0,0,0,2,0,4.97112E+20,5.60461E+21,8.95919E+15,5.05934E+16
145015,6.17103E+18,6,6,11,0,2017,10,12,5,3,0,3,0,1,0,0,1,0,0,5.3469E+20,5.68524E+21,9.49778E+15,5.13174E+16
145016,6.17103E+18,6,4,14,0,2017,10,6,5,3,3,7,0,1,0,0,0,2,0,4.46875E+20,5.54538E+21,8.25782E+15,5.00583E+16
145017,6.17103E+18,6,4,13,0,2017,10,11,5,3,5,2,1,1,0,0,0,0,0,4.83106E+20,5.55043E+21,8.76375E+15,5.01058E+16
145018,6.17103E+18,6,4,12,0,2017,10,8,5,3,1,1,1,1,0,0,0,0,0,4.77031E+20,5.55006E+21,8.67882E+15,5.01023E+16
145019,6.17103E+18,6,4,12,0,2017,10,14,5,3,2,6,0,1,0,1,0,0,0,4.78385E+20,5.55155E+21,8.69768E+15,5.01158E+16
145020,6.17103E+18,6,4,12,0,2017,10,22,5,3,5,3,1,1,0,0,0,2,0,4.76323E+20,5.55202E+21,8.6688E+15,5.012E+16
145021,6.17103E+18,6,4,12,0,2017,10,21,5,3,2,6,0,1,0,0,0,2,0,4.76194E+20,5.55164E+21,8.66701E+15,5.01166E+16
145022,6.17103E+18,6,6,34,15,2017,10,21,5,2,4,6,0,1,0,0,0,2,0,5.43388E+20,5.65824E+21,9.61932E+15,5.1074E+16
145023,6.17103E+18,6,4,39,14,2017,10,8,5,3,6,6,0,1,1,0,0,0,0,4.37134E+20,5.54864E+21,8.12122E+15,5.00867E+16
145024,6.17103E+18,6,4,34,6,2017,10,19,5,2,0,7,1,0,0,0,0,2,1,4.65657E+20,5.55866E+21,8.51901E+15,5.01791E+16
145025,6.17103E+18,6,4,34,2,2017,10,13,5,3,5,3,0,1,0,1,0,0,0,4.74367E+20,5.56699E+21,8.64042E+15,5.02545E+16
145026,6.17103E+18,6,4,36,6,2017,10,22,5,3,0,1,1,0,0,0,0,2,0,4.531E+20,5.54073E+21,8.34535E+15,5.0017E+16
145027,6.17103E+18,6,4,36,7,2017,10,8,5,3,5,3,0,1,0,1,0,0,0,4.58419E+20,5.54537E+21,8.41908E+15,5.00592E+16
145028,6.17103E+18,6,4,31,11,2017,10,13,5,2,6,6,1,0,1,0,0,0,0,4.73664E+20,5.49841E+21,8.63526E+15,4.96377E+16
145029,6.17103E+18,6,4,38,1,2017,10,12,5,3,5,3,1,1,0,0,0,0,0,4.84444E+20,5.53997E+21,8.78288E+15,5.00118E+16
145030,6.17103E+18,6,4,32,1,2017,10,15,5,3,5,3,1,1,0,0,0,0,0,4.71313E+20,5.5099E+21,8.60186E+15,4.97409E+16
145031,6.17103E+18,6,4,32,8,2017,10,21,5,3,4,6,1,1,0,0,0,0,0,4.68203E+20,5.52271E+21,8.55764E+15,4.9856E+16
145032,6.17103E+18,6,4,33,5,2017,10,7,5,3,5,2,0,1,0,0,1,2,0,4.52152E+20,5.53694E+21,8.33259E+15,4.99829E+16
145033,6.17103E+18,6,6,31,16,2017,10,18,5,3,5,3,0,1,0,0,0,2,0,5.45523E+20,5.58595E+21,9.64085E+15,5.04238E+16
145034,6.17103E+18,6,5,31,5,2017,10,7,5,3,5,3,1,1,0,0,0,2,0,4.76486E+20,5.60321E+21,8.66788E+15,5.05803E+16
145035,6.17103E+18,6,6,36,3,2017,10,15,4,3,0,4,1,0,1,0,0,0,0,5.73737E+20,5.6712E+21,1.00551E+16,5.11874E+16
145036,6.17103E+18,6,4,12,0,2017,10,18,4,3,4,6,1,0,0,0,1,1,0,4.72152E+20,5.5525E+21,8.61041E+15,5.01241E+16
145037,6.17103E+18,6,4,12,0,2017,10,7,4,3,5,3,0,1,0,0,0,1,1,4.83336E+20,5.55222E+21,8.76688E+15,5.0122E+16
145038,6.17103E+18,6,4,12,0,2017,10,13,4,3,6,4,0,1,1,0,0,0,0,4.73917E+20,5.55046E+21,8.63525E+15,5.01058E+16
145039,6.17103E+18,6,4,32,6,2017,10,16,4,3,5,3,1,1,0,0,0,0,1,4.73748E+20,5.53317E+21,8.63407E+15,4.99503E+16
145040,6.17103E+18,6,4,11,0,2017,10,6,4,3,1,5,1,1,0,0,0,2,1,4.74601E+20,5.52901E+21,8.64624E+15,4.99129E+16
145041,6.17103E+18,6,4,11,0,2017,10,9,4,3,4,6,0,0,0,0,1,0,1,4.7488E+20,5.5249E+21,8.65039E+15,4.9876E+16
145042,6.17103E+18,6,4,39,15,2017,10,15,4,3,0,3,1,1,0,0,0,0,0,4.38922E+20,5.55396E+21,8.14536E+15,5.01347E+16
145043,6.17103E+18,6,5,33,17,2017,10,13,4,3,4,1,0,1,0,0,1,0,1,4.47773E+20,5.5937E+21,8.2637E+15,5.04929E+16
145044,6.17103E+18,6,4,36,4,2017,10,7,4,3,5,3,1,1,0,0,0,2,1,4.58517E+20,5.54013E+21,8.42103E+15,5.0012E+16
145045,6.17103E+18,6,5,32,12,2017,10,17,4,3,6,7,0,1,1,0,0,0,0,4.5091E+20,5.61518E+21,8.30508E+15,5.06864E+16
145046,6.17103E+18,6,4,38,1,2017,10,16,4,3,0,7,1,0,1,0,0,0,0,4.84819E+20,5.54064E+21,8.78809E+15,5.00178E+16
145047,6.17103E+18,6,4,31,2,2017,10,14,4,3,5,3,0,1,0,0,0,0,0,4.72419E+20,5.50291E+21,8.6177E+15,4.96781E+16
145048,6.17103E+18,6,4,33,6,2017,10,10,4,3,0,3,1,1,0,0,0,0,0,4.63068E+20,5.53001E+21,8.48551E+15,4.99213E+16
145049,6.17103E+18,6,4,33,6,2017,10,14,4,3,0,7,1,0,0,0,0,0,0,4.6147E+20,5.531E+21,8.46314E+15,4.99301E+16
145050,6.17103E+18,6,6,31,9,2017,10,18,4,3,0,7,0,1,0,0,0,1,0,5.49359E+20,5.59886E+21,9.69655E+15,5.05396E+16
145051,6.17103E+18,6,5,31,5,2017,10,16,4,3,2,6,0,1,0,0,0,0,0,4.78639E+20,5.60386E+21,8.69825E+15,5.05863E+16
145052,6.17103E+18,6,5,31,14,2017,10,17,4,3,5,3,1,1,0,0,0,0,0,4.80018E+20,5.59824E+21,8.71804E+15,5.05357E+16
145053,6.17102E+18,6,4,35,21,2017,10,16,3,3,2,2,0,1,0,0,1,0,0,4.91976E+20,5.56359E+21,8.88751E+15,5.02244E+16