OBJECTID,UIDENTSTLA,ULAND,UREGBEZ,UKREIS,UGEMEINDE,UJAHR,UMONAT,USTUNDE,UWOCHENTAG,UKATEGORIE,UART,UTYP1,IstRad,IstPKW,IstFuss,IstKrad,IstSonstig,LICHT,STRZUSTAND,LINREFX,LINREFY,XGCSWGS84,YGCSWGS84
145054,6.17102E+18,6,4,35,21,2017,10,6,3,3,5,3,0,1,0,0,0,2,1,4.90473E+20,5.5652E+21,8.8664E+15,5.02389E+16
145055,6.17102E+18,6,4,14,0,2017,10,11,3,3,6,2,0,0,1,0,1,0,0,4.45769E+20,5.54786E+21,8.24203E+15,5.00805E+16
145056,6.17102E+18,6,4,12,0,2017,10,19,3,3,6,7,0,1,1,0,0,2,1,4.74921E+20,5.55216E+21,8.64918E+15,5.01211E+16
145057,6.17102E+18,6,4,12,0,2017,10,17,3,3,1,5,1,1,0,0,1,1,0,4.77019E+20,5.55434E+21,8.6784E+15,5.01408E+16
145058,6.17102E+18,6,4,12,0,2017,10,15,3,3,6,6,0,1,1,0,0,0,0,4.80541E+20,5.55488E+21,8.72766E+15,5.01458E+16
145059,6.17102E+18,6,4,38,9,2017,10,18,3,3,5,2,0,1,0,0,0,1,0,4.7875E+20,5.54528E+21,8.70312E+15,5.00594E+16
145060,6.17102E+18,6,4,38,9,2017,10,17,3,3,6,4,0,1,1,0,0,1,0,4.77549E+20,5.54441E+21,8.6864E+15,5.00516E+16
145061,6.17102E+18,6,4,34,1,2017,10,15,3,2,4,6,1,1,1,0,0,0,0,4.7195E+20,5.56357E+21,8.60678E+15,5.02236E+16
145062,6.17102E+18,6,5,32,12,2017,10,14,3,3,2,6,0,1,0,0,0,0,0,4.50908E+20,5.61519E+21,8.30506E+15,5.06864E+16
145063,6.17102E+18,6,5,32,11,2017,10,7,3,2,1,5,0,1,0,1,0,2,0,4.44422E+20,5.62155E+21,8.21229E+15,5.07431E+16
145064,6.17102E+18,6,4,32,18,2017,10,19,3,3,0,1,0,0,0,1,0,2,1,4.71198E+20,5.51749E+21,8.59969E+15,4.98092E+16
145065,6.17102E+18,6,4,40,8,2017,10,8,3,3,2,6,0,1,0,1,0,0,1,4.81861E+20,5.57481E+21,8.74518E+15,5.03251E+16
145066,6.17102E+18,6,4,40,8,2017,10,10,3,3,5,3,0,1,0,0,0,0,1,4.82395E+20,5.57392E+21,8.75272E+15,5.03171E+16
145067,6.17102E+18,6,4,31,13,2017,10,18,3,3,5,3,1,1,0,0,0,1,0,4.62336E+20,5.49355E+21,8.47885E+15,4.95934E+16
145068,6.17102E+18,6,4,33,12,2017,10,17,3,3,6,4,0,1,1,0,0,0,0,4.60148E+20,5.53756E+21,8.44406E+15,4.99891E+16
145069,6.17102E+18,6,4,33,12,2017,10,15,3,3,5,3,0,1,0,0,0,0,0,4.56203E+20,5.53502E+21,8.38932E+15,4.99659E+16
145070,6.17102E+18,6,4,33,12,2017,10,8,3,3,5,3,1,1,0,0,0,1,1,4.57874E+20,5.53685E+21,8.41241E+15,4.99825E+16
145071,6.17102E+18,6,4,33,12,2017,10,7,3,3,5,2,1,1,0,0,0,1,1,4.60127E+20,5.53752E+21,8.44377E+15,4.99886E+16
145072,6.17102E+18,6,4,33,8,2017,10,13,3,3,5,3,1,1,0,0,0,0,0,4.68465E+20,5.53628E+21,8.56018E+15,4.9978E+16
145073,6.17102E+18,6,4,33,3,2017,10,17,3,3,5,3,0,1,0,1,0,0,0,4.65093E+20,5.52784E+21,8.51392E+15,4.99019E+16
145074,6.17102E+18,6,4,14,0,2017,10,20,2,3,5,2,0,1,0,0,0,2,0,4.44221E+20,5.54753E+21,8.22044E+15,5.00774E+16
145075,6.17102E+18,6,4,14,0,2017,10,12,2,3,5,1,0,1,1,0,0,0,0,4.45477E+20,5.54854E+21,8.23784E+15,5.00866E+16
145076,6.17102E+18,6,4,14,0,2017,10,13,2,3,5,3,0,1,0,0,0,0,0,4.46593E+20,5.54898E+21,8.25339E+15,5.00907E+16
145077,6.17102E+18,6,4,12,0,2017,10,17,2,3,5,6,1,1,0,0,0,2,0,4.77907E+20,5.55918E+21,8.69055E+15,5.01844E+16
145078,6.17102E+18,6,4,12,0,2017,10,19,2,3,5,2,1,1,0,0,0,2,0,4.75586E+20,5.54933E+21,8.65866E+15,5.00957E+16
145079,6.17102E+18,6,4,11,0,2017,10,16,2,3,8,1,1,0,0,0,0,0,0,4.73104E+20,5.52196E+21,8.62588E+15,4.98495E+16
145080,6.17102E+18,6,4,39,16,2017,10,12,2,3,5,3,0,1,0,0,0,0,0,4.53998E+20,5.56947E+21,8.35442E+15,5.02756E+16
145081,6.17102E+18,6,4,35,29,2017,10,7,2,3,5,2,1,1,0,0,0,1,1,5.20693E+20,5.56658E+21,9.29025E+15,5.0251E+16
145082,6.17102E+18,6,4,35,10,2017,10,15,2,3,5,3,0,1,0,0,1,0,0,5.13128E+20,5.56104E+21,9.18395E+15,5.02014E+16
145083,6.17102E+18,6,4,40,12,2017,10,16,2,3,5,3,1,1,0,0,0,0,0,4.82725E+20,5.56459E+21,8.75778E+15,5.02332E+16
145084,6.17102E+18,6,4,32,4,2017,10,7,2,2,0,1,1,0,0,0,0,0,1,4.87733E+20,5.52715E+21,8.8292E+15,4.98966E+16
145085,6.17102E+18,6,4,32,18,2017,10,8,2,3,2,6,0,1,0,0,0,1,1,4.71064E+20,5.51758E+21,8.59782E+15,4.981E+16
145086,6.17102E+18,6,4,31,20,2017,10,9,2,3,0,1,1,0,0,0,0,0,1,4.69069E+20,5.48796E+21,8.57244E+15,4.95434E+16
145087,6.17102E+18,6,6,31,20,2017,10,11,2,3,5,3,0,1,0,1,0,0,0,5.49936E+20,5.60031E+21,9.70489E+15,5.05526E+16
145088,6.17102E+18,6,5,33,3,2017,10,12,1,2,0,7,1,0,0,0,0,0,1,4.4816E+20,5.57211E+21,8.27213E+15,5.02988E+16
145089,6.17102E+18,6,5,33,8,2017,10,12,1,3,6,7,0,1,1,0,0,0,1,4.40218E+20,5.57334E+21,8.16044E+15,5.03092E+16
145090,6.17102E+18,6,4,14,0,2017,10,13,1,3,5,3,0,1,0,0,0,0,1,4.42603E+20,5.54666E+21,8.19796E+15,5.00694E+16
145091,6.17102E+18,6,4,12,0,2017,10,14,1,3,2,6,0,1,0,0,0,0,1,4.73774E+20,5.55604E+21,8.63287E+15,5.0156E+16
145092,6.17102E+18,6,4,35,22,2017,10,15,1,3,8,1,0,1,0,0,0,0,1,4.85537E+20,5.56024E+21,8.79738E+15,5.01942E+16
145093,6.17102E+18,6,4,36,7,2017,10,15,1,3,5,3,0,1,0,1,0,0,1,4.61376E+20,5.54902E+21,8.46002E+15,5.00922E+16
145094,6.17102E+18,6,4,35,2,2017,10,0,1,3,8,1,0,1,0,0,0,2,1,5.26112E+20,5.56914E+21,9.36644E+15,5.02738E+16
145095,6.17102E+18,6,4,35,29,2017,10,17,1,3,4,1,0,1,0,0,0,0,1,5.21078E+20,5.56697E+21,9.29568E+15,5.02545E+16
145096,6.17102E+18,6,4,40,2,2017,10,14,1,3,5,3,0,1,0,0,0,0,1,4.8221E+20,5.57904E+21,8.74988E+15,5.03632E+16
145097,6.17102E+18,6,4,35,14,2017,10,15,1,3,0,3,1,1,0,0,0,0,1,4.94496E+20,5.55415E+21,8.92298E+15,5.01395E+16
145098,6.17102E+18,6,5,31,5,2017,10,6,1,2,1,5,1,1,0,0,0,2,1,4.76308E+20,5.6025E+21,8.66541E+15,5.05739E+16
145099,6.17102E+18,6,4,35,17,2017,10,14,1,2,4,6,0,1,0,0,0,0,1,5.03417E+20,5.55783E+21,9.04785E+15,5.01726E+16
145100,6.17102E+18,6,4,35,6,2017,10,0,7,3,5,3,0,1,0,0,1,2,0,4.93717E+20,5.5611E+21,8.91197E+15,5.0202E+16
145101,6.17111E+18,6,6,36,3,2017,11,18,4,3,5,3,1,1,0,0,0,2,0,5.73781E+20,5.67137E+21,1.00558E+16,5.1189E+16
145102,6.17111E+18,6,6,31,9,2017,11,7,6,3,1,7,0,1,0,1,0,0,0,5.49324E+20,5.60068E+21,9.6963E+15,5.0556E+16
145103,6.17111E+18,6,4,36,1,2017,11,16,5,3,0,1,0,0,0,1,0,1,0,4.64608E+20,5.55485E+21,8.50467E+15,5.01448E+16
145104,6.17111E+18,6,6,33,20,2017,11,7,5,3,6,6,0,1,1,0,0,0,0,5.39964E+20,5.68377E+21,9.57329E+15,5.13038E+16
145105,6.17112E+18,6,5,31,5,2017,11,8,5,3,2,6,0,1,0,0,0,0,0,4.7667E+20,5.60409E+21,8.67043E+15,5.05882E+16
145106,6.17112E+18,6,4,14,0,2017,11,21,5,3,3,5,0,1,0,1,0,2,0,4.45512E+20,5.5474E+21,8.23849E+15,5.00763E+16
145107,6.17112E+18,6,4,14,0,2017,11,9,5,3,2,6,0,1,0,0,0,0,0,4.4557E+20,5.54883E+21,8.23911E+15,5.00892E+16
145108,6.17112E+18,6,4,13,0,2017,11,18,5,3,5,3,0,1,0,1,0,2,0,4.8274E+20,5.54929E+21,8.75868E+15,5.00957E+16
145109,6.17112E+18,6,4,13,0,2017,11,6,5,3,5,2,0,1,0,0,0,1,0,4.84408E+20,5.54983E+21,8.78198E+15,5.01005E+16
145110,6.17112E+18,6,4,12,0,2017,11,23,5,3,6,7,0,0,1,0,1,2,0,4.66276E+20,5.54996E+21,8.52845E+15,5.0101E+16
145111,6.17112E+18,6,4,12,0,2017,11,18,5,3,4,6,1,1,0,0,0,2,0,4.74901E+20,5.55473E+21,8.64873E+15,5.01443E+16
145112,6.17112E+18,6,4,12,0,2017,11,13,5,2,5,3,1,0,0,0,0,0,0,4.76262E+20,5.55229E+21,8.66793E+15,5.01224E+16
145113,6.17111E+18,6,4,33,4,2017,11,14,6,3,6,4,0,1,1,0,0,0,1,4.63524E+20,5.51171E+21,8.49358E+15,4.97568E+16
145114,6.17112E+18,6,4,12,0,2017,11,9,5,2,1,5,1,1,0,0,0,0,0,4.77684E+20,5.55195E+21,8.68785E+15,5.01193E+16
145115,6.17112E+18,6,4,37,5,2017,11,16,5,2,1,1,0,1,0,0,0,2,0,4.96552E+20,5.50913E+21,8.95215E+15,4.97347E+16
145116,6.17112E+18,6,4,11,0,2017,11,12,5,1,5,2,1,0,0,0,1,0,0,4.74696E+20,5.52486E+21,8.64783E+15,4.98756E+16
145117,6.17112E+18,6,4,34,8,2017,11,18,5,2,5,3,0,1,0,0,1,2,0,4.67893E+20,5.56264E+21,8.54999E+15,5.02151E+16
145118,6.17112E+18,6,5,33,15,2017,11,19,5,2,9,1,0,0,0,1,1,2,0,4.46373E+20,5.58357E+21,8.24541E+15,5.04017E+16
145119,6.17112E+18,6,4,31,13,2017,11,9,5,3,2,6,1,1,0,0,0,0,0,4.62787E+20,5.49371E+21,8.48507E+15,4.95948E+16
145120,6.17112E+18,6,4,33,12,2017,11,14,5,3,5,2,0,1,0,0,0,0,0,4.59422E+20,5.53875E+21,8.4338E+15,4.99997E+16
145121,6.17112E+18,6,4,33,9,2017,11,18,5,3,2,6,0,1,0,0,0,2,0,4.60434E+20,5.532E+21,8.44861E+15,4.99391E+16
145122,6.17112E+18,6,6,35,15,2017,11,21,4,2,0,1,0,1,0,0,0,2,1,4.90237E+20,5.68004E+21,8.86004E+15,5.12716E+16
145123,6.17112E+18,6,4,13,0,2017,11,15,4,3,0,7,0,0,0,0,1,0,0,4.8678E+20,5.54808E+21,8.81521E+15,5.00849E+16
145124,6.17112E+18,6,4,12,0,2017,11,7,4,3,5,3,1,1,0,0,0,1,0,4.78678E+20,5.55571E+21,8.70153E+15,5.01533E+16
145125,6.17112E+18,6,4,12,0,2017,11,17,4,3,5,3,0,1,0,0,0,1,0,4.74183E+20,5.54777E+21,8.63915E+15,5.00816E+16
145126,6.17112E+18,6,4,12,0,2017,11,7,4,3,0,1,0,0,0,1,0,0,1,4.77505E+20,5.55165E+21,8.68535E+15,5.01167E+16
145127,6.17112E+18,6,6,11,0,2017,11,13,4,3,5,3,0,1,0,0,0,0,0,5.31688E+20,5.68621E+21,9.45479E+15,5.13263E+16
145128,6.17112E+18,6,6,32,18,2017,11,16,4,3,6,4,0,1,1,0,0,1,0,5.50669E+20,5.65089E+21,9.72222E+15,5.10074E+16
145129,6.17112E+18,6,4,38,6,2017,11,11,4,3,6,6,0,1,1,0,0,0,0,4.76534E+20,5.53759E+21,8.67264E+15,4.99901E+16
145130,6.17112E+18,6,4,35,19,2017,11,8,4,2,6,4,0,1,1,0,0,0,0,4.89643E+20,5.55378E+21,8.85507E+15,5.01362E+16
145131,6.17112E+18,6,4,38,11,2017,11,16,4,3,6,2,0,1,1,0,0,0,0,4.91319E+20,5.53846E+21,8.87887E+15,4.99984E+16
145132,6.17112E+18,6,4,34,8,2017,11,15,4,2,0,3,0,0,0,1,1,0,0,4.71629E+20,5.55921E+21,8.60261E+15,5.01844E+16
145133,6.17112E+18,6,4,34,1,2017,11,20,4,3,2,6,0,1,0,0,0,2,0,4.71758E+20,5.5643E+21,8.60404E+15,5.02302E+16
145134,6.17112E+18,6,4,34,1,2017,11,18,4,2,6,4,0,1,1,0,0,2,0,4.73858E+20,5.56253E+21,8.6336E+15,5.02144E+16
145135,6.17112E+18,6,4,34,1,2017,11,19,4,3,5,3,1,1,0,0,0,2,0,4.73503E+20,5.56423E+21,8.62851E+15,5.02296E+16
145136,6.17112E+18,6,4,34,1,2017,11,7,4,3,5,3,1,1,0,0,0,1,0,4.73496E+20,5.56331E+21,8.62846E+15,5.02213E+16
145137,6.17112E+18,6,4,35,9,2017,11,15,4,3,5,3,1,1,0,0,0,0,0,5.0854E+20,5.55353E+21,9.1195E+15,5.01339E+16
145138,6.17112E+18,6,5,32,4,2017,11,13,4,3,5,3,0,1,0,0,0,0,0,4.39819E+20,5.61488E+21,8.14814E+15,5.06826E+16
145139,6.17112E+18,6,4,38,1,2017,11,15,4,3,6,4,0,1,1,0,0,0,0,4.84052E+20,5.54036E+21,8.7774E+15,5.00154E+16
145140,6.17112E+18,6,4,11,0,2017,11,15,4,3,5,3,1,1,0,0,0,0,0,4.74139E+20,5.5169E+21,8.64061E+15,4.9804E+16
145141,6.17112E+18,6,5,34,4,2017,11,18,4,2,6,4,0,1,1,0,0,2,0,4.66788E+20,5.6401E+21,8.52759E+15,5.09116E+16
145142,6.17112E+18,6,4,33,14,2017,11,14,4,3,5,3,1,1,0,0,0,0,0,4.55314E+20,5.53176E+21,8.3773E+15,4.99365E+16
145143,6.17112E+18,6,6,31,20,2017,11,14,4,2,5,7,0,1,0,1,0,0,0,5.49918E+20,5.60191E+21,9.70486E+15,5.0567E+16
145144,6.17112E+18,6,5,31,8,2017,11,17,4,3,4,2,0,1,0,0,0,2,0,4.92126E+20,5.59167E+21,8.88903E+15,5.0477E+16
145145,6.17112E+18,6,4,35,14,2017,11,14,4,3,2,6,0,1,0,0,1,0,0,4.93488E+20,5.55221E+21,8.90891E+15,5.01221E+16
145146,6.17112E+18,6,6,36,3,2017,11,15,3,3,0,7,0,1,1,0,0,0,1,5.70499E+20,5.67236E+21,1.0009E+16,5.11983E+16
145147,6.17112E+18,6,6,36,3,2017,11,10,3,3,6,2,0,1,1,0,0,0,1,5.73806E+20,5.67144E+21,1.00562E+16,5.11896E+16
145148,6.17112E+18,6,6,32,16,2017,11,18,3,3,6,4,0,1,1,0,0,2,1,5.70497E+20,5.63273E+21,1.00013E+16,5.08419E+16
145149,6.17112E+18,6,6,11,0,2017,11,6,3,3,6,2,0,1,1,0,0,2,1,5.36831E+20,5.68279E+21,9.52825E+15,5.12953E+16
145150,6.17112E+18,6,4,13,0,2017,11,15,3,3,5,3,1,1,0,0,0,0,1,4.81842E+20,5.54842E+21,8.74617E+15,5.00878E+16
145151,6.17112E+18,6,4,12,0,2017,11,9,3,3,6,4,0,1,1,0,0,0,1,4.76163E+20,5.55151E+21,8.66659E+15,5.01153E+16
145152,6.17112E+18,6,4,12,0,2017,11,13,3,3,0,1,0,0,0,1,0,0,1,4.75427E+20,5.55134E+21,8.6563E+15,5.01138E+16
145153,6.17112E+18,6,4,12,0,2017,11,12,3,3,1,6,0,1,0,0,0,0,1,4.75321E+20,5.5476E+21,8.65507E+15,5.00801E+16
145154,6.17112E+18,6,4,12,0,2017,11,12,3,3,5,3,0,0,0,0,1,0,1,4.78007E+20,5.55056E+21,8.69245E+15,5.01069E+16
145155,6.17112E+18,6,4,12,0,2017,11,16,3,3,3,1,1,1,0,0,0,2,1,4.77637E+20,5.54988E+21,8.6873E+15,5.01007E+16
145156,6.17112E+18,6,4,12,0,2017,11,20,3,3,0,6,0,1,0,0,0,2,0,4.8351E+20,5.552E+21,8.76933E+15,5.012E+16
145157,6.17112E+18,6,4,12,0,2017,11,9,3,3,0,3,1,1,0,0,0,0,1,4.7926E+20,5.55287E+21,8.70984E+15,5.01277E+16
145158,6.17112E+18,6,4,12,0,2017,11,8,3,3,5,3,1,0,0,0,1,0,0,4.76813E+20,5.55064E+21,8.67574E+15,5.01076E+16
145159,6.17112E+18,6,4,11,0,2017,11,20,3,2,5,3,1,1,0,0,0,2,0,4.73143E+20,5.52594E+21,8.62615E+15,4.98853E+16
145160,6.17112E+18,6,4,34,8,2017,11,23,3,3,1,7,0,1,0,0,0,2,0,4.70501E+20,5.55886E+21,8.58683E+15,5.01812E+16
145161,6.17112E+18,6,4,34,8,2017,11,7,3,3,5,3,1,1,0,0,0,1,1,4.67898E+20,5.56278E+21,8.55005E+15,5.02163E+16
145162,6.17112E+18,6,4,31,20,2017,11,22,3,3,2,6,0,1,0,0,0,2,0,4.69608E+20,5.48653E+21,8.58001E+15,4.95306E+16
145163,6.17112E+18,6,4,31,2,2017,11,11,3,3,5,3,0,1,0,0,0,0,1,4.71712E+20,5.50193E+21,8.60796E+15,4.96692E+16
145164,6.17112E+18,6,4,33,8,2017,11,13,3,3,5,3,1,1,0,0,0,0,0,4.68574E+20,5.53653E+21,8.56167E+15,4.99803E+16
145165,6.17112E+18,6,4,33,13,2017,11,20,3,3,5,3,0,1,0,0,0,2,0,4.62545E+20,5.51801E+21,8.47939E+15,4.98133E+16
145166,6.17112E+18,6,5,34,14,2017,11,7,3,3,6,4,0,1,1,0,0,1,1,4.83527E+20,5.62722E+21,8.76626E+15,5.07965E+16
145167,6.17112E+18,6,4,35,17,2017,11,14,2,3,5,3,0,1,0,0,0,0,1,5.02041E+20,5.55863E+21,9.02859E+15,5.01799E+16
145168,6.17112E+18,6,4,35,23,2017,11,13,2,3,5,3,0,1,0,0,0,0,1,5.01292E+20,5.55414E+21,9.01808E+15,5.01395E+16
145169,6.17112E+18,6,6,34,1,2017,11,13,2,3,5,3,0,1,1,0,0,0,1,5.19849E+20,5.65533E+21,9.28317E+15,5.10491E+16
145170,6.17112E+18,6,6,32,2,2017,11,15,2,2,6,2,0,1,1,0,1,0,1,5.49783E+20,5.63581E+21,9.70752E+15,5.08718E+16
145171,6.17112E+18,6,4,13,0,2017,11,14,2,3,2,6,0,1,0,0,0,0,1,4.85876E+20,5.54869E+21,8.80255E+15,5.00903E+16
145172,6.17112E+18,6,4,12,0,2017,11,8,2,3,1,5,0,1,0,0,0,0,1,4.7596E+20,5.554E+21,8.6636E+15,5.01377E+16
145173,6.17112E+18,6,4,12,0,2017,11,11,2,3,5,3,0,1,0,0,1,0,1,4.77331E+20,5.54967E+21,8.68304E+15,5.00988E+16
145174,6.17112E+18,6,4,12,0,2017,11,8,2,3,3,6,0,1,0,1,0,1,0,4.76191E+20,5.54964E+21,8.6671E+15,5.00985E+16
145175,6.17112E+18,6,4,12,0,2017,11,16,2,3,5,3,1,1,0,0,0,0,1,4.82589E+20,5.55344E+21,8.75638E+15,5.01329E+16
145176,6.17112E+18,6,4,12,0,2017,11,12,2,3,0,7,1,0,0,0,0,0,1,4.76723E+20,5.55257E+21,8.67436E+15,5.01249E+16
145177,6.17112E+18,6,4,12,0,2017,11,12,2,3,6,7,1,0,1,0,0,0,0,4.77354E+20,5.55143E+21,8.68326E+15,5.01147E+16
145178,6.17112E+18,6,6,11,0,2017,11,12,2,3,5,2,1,1,0,0,0,0,1,5.31034E+20,5.68127E+21,9.44498E+15,5.12819E+16
145179,6.17112E+18,6,6,11,0,2017,11,11,2,3,5,2,0,1,0,0,0,0,1,5.3113E+20,5.68041E+21,9.44628E+15,5.12742E+16
145180,6.17112E+18,6,4,38,11,2017,11,19,2,2,8,7,0,1,0,0,0,2,1,4.91737E+20,5.54177E+21,8.88464E+15,5.00281E+16
145181,6.17112E+18,6,4,34,5,2017,11,17,2,3,6,4,0,1,1,0,0,2,1,4.62135E+20,5.55902E+21,8.46964E+15,5.01822E+16
145182,6.17112E+18,6,4,37,9,2017,11,16,2,2,8,1,0,0,0,1,0,1,1,4.995E+20,5.516E+21,8.99305E+15,4.97964E+16
145183,6.17112E+18,6,4,32,4,2017,11,17,2,3,2,6,0,1,0,0,0,2,1,4.894E+20,5.52706E+21,8.85241E+15,4.98958E+16
145184,6.17112E+18,6,4,32,4,2017,11,10,2,3,0,7,1,0,1,0,0,0,1,4.88779E+20,5.52769E+21,8.84375E+15,4.99015E+16
145185,6.17112E+18,6,4,11,0,2017,11,18,2,3,4,7,0,1,0,0,0,2,1,4.73606E+20,5.51782E+21,8.63314E+15,4.98122E+16
145186,6.17112E+18,6,4,32,9,2017,11,13,2,3,0,1,0,0,0,1,0,0,1,4.87239E+20,5.51694E+21,8.82265E+15,4.98048E+16
145187,6.17112E+18,6,4,31,13,2017,11,11,2,2,5,3,1,1,0,0,0,0,1,4.61777E+20,5.49347E+21,8.47111E+15,4.95926E+16
145188,6.17112E+18,6,5,35,1,2017,11,17,2,3,5,3,0,1,0,0,0,2,1,5.19615E+20,5.62227E+21,9.27805E+15,5.07518E+16
145189,6.17112E+18,6,4,33,6,2017,11,18,2,3,5,3,1,1,0,0,0,2,1,4.63481E+20,5.52938E+21,8.49132E+15,4.99157E+16
145190,6.17112E+18,6,6,31,17,2017,11,9,2,3,5,3,0,1,0,0,0,0,1,5.50918E+20,5.59854E+21,9.71851E+15,5.05366E+16
145191,6.17112E+18,6,4,35,14,2017,11,15,2,3,5,3,0,1,0,0,0,0,1,4.94863E+20,5.55151E+21,8.92815E+15,5.01159E+16
145192,6.17112E+18,6,5,31,15,2017,11,11,2,3,0,3,1,1,0,0,0,0,1,4.89495E+20,5.61409E+21,8.85132E+15,5.06786E+16
145193,6.17112E+18,6,6,11,0,2017,11,13,1,3,5,2,1,1,0,0,0,0,1,5.36525E+20,5.68655E+21,9.52425E+15,5.13291E+16
145194,6.17112E+18,6,4,11,0,2017,11,9,1,3,0,3,0,1,0,1,0,0,1,4.74871E+20,5.52866E+21,8.65001E+15,4.99098E+16
145195,6.17112E+18,6,4,38,2,2017,11,20,1,3,5,2,0,1,0,0,0,2,1,4.78482E+20,5.54133E+21,8.6996E+15,5.00239E+16
145196,6.17112E+18,6,4,38,2,2017,11,0,1,3,5,3,0,1,0,0,0,2,1,4.78482E+20,5.54133E+21,8.6996E+15,5.00239E+16
145197,6.17112E+18,6,4,35,19,2017,11,20,1,2,8,1,0,1,0,0,0,2,1,4.87258E+20,5.55568E+21,8.82163E+15,5.01532E+16
145198,6.17112E+18,6,4,38,11,2017,11,20,1,3,8,1,0,1,0,0,0,2,1,4.90519E+20,5.54319E+21,8.8676E+15,5.00409E+16
145199,6.17112E+18,6,4,38,1,2017,11,20,1,3,5,3,0,1,0,0,0,2,1,4.83702E+20,5.54057E+21,8.7725E+15,5.00172E+16
145200,6.17112E+18,6,4,33,12,2017,11,17,1,3,6,7,0,1,1,0,0,2,0,4.59012E+20,5.53831E+21,8.42813E+15,4.99957E+16
145201,6.17112E+18,6,4,38,9,2017,11,13,7,2,2,6,0,1,0,0,0,0,0,4.78185E+20,5.54355E+21,8.69533E+15,5.00439E+16
145202,6.17112E+18,6,4,35,2,2017,11,11,7,3,4,6,0,1,0,0,0,0,1,5.32169E+20,5.56632E+21,9.4512E+15,5.02482E+16
145203,6.17112E+18,6,4,37,9,2017,11,15,7,3,5,2,0,1,0,0,0,0,0,4.99813E+20,5.51617E+21,8.9974E+15,4.97979E+16
145204,6.17112E+18,6,4,32,15,2017,11,17,7,3,5,3,0,1,0,0,0,2,0,4.88759E+20,5.53065E+21,8.84339E+15,4.99281E+16
145205,6.17112E+18,6,4,33,8,2017,11,9,7,3,0,7,1,1,0,0,0,0,0,4.6971E+20,5.53929E+21,8.57731E+15,5.00052E+16
145206,6.17112E+18,6,4,33,7,2017,11,18,7,3,5,3,0,1,0,0,0,2,0,4.67078E+20,5.54591E+21,8.54E+15,5.00645E+16
145207,6.17112E+18,6,5,31,5,2017,11,8,7,3,0,4,0,1,1,0,0,0,0,4.76229E+20,5.6024E+21,8.66431E+15,5.0573E+16
145208,6.17112E+18,6,6,36,1,2017,11,12,6,3,5,3,0,1,0,0,0,0,1,5.68544E+20,5.68127E+21,9.98275E+15,5.12787E+16
145209,6.17112E+18,6,5,33,9,2017,11,13,6,3,5,3,0,1,0,0,0,0,0,4.33101E+20,5.5825E+21,8.05887E+15,5.03907E+16
145210,6.17112E+18,6,4,14,0,2017,11,14,6,3,0,7,0,1,0,0,1,0,1,4.45491E+20,5.54768E+21,8.23817E+15,5.00789E+16
145211,6.17112E+18,6,4,14,0,2017,11,8,6,3,6,2,0,0,1,0,1,0,1,4.4577E+20,5.54785E+21,8.24203E+15,5.00805E+16
145212,6.17112E+18,6,4,12,0,2017,11,21,6,2,5,3,0,0,0,1,1,2,0,4.73273E+20,5.55893E+21,8.62565E+15,5.0182E+16
145213,6.17112E+18,6,4,12,0,2017,11,12,6,3,0,4,0,0,1,0,1,0,0,4.77147E+20,5.55004E+21,8.68044E+15,5.01022E+16
145214,6.17112E+18,6,4,12,0,2017,11,16,6,3,0,7,1,1,0,0,0,0,0,4.77833E+20,5.54997E+21,8.69003E+15,5.01016E+16
145215,6.17112E+18,6,4,12,0,2017,11,18,6,2,2,6,0,1,0,1,0,2,0,4.76883E+20,5.55052E+21,8.67673E+15,5.01065E+16
145216,6.17112E+18,6,4,12,0,2017,11,11,6,3,5,3,1,1,0,0,0,0,0,4.77848E+20,5.55153E+21,8.69017E+15,5.01156E+16
145217,6.17112E+18,6,4,11,0,2017,11,19,6,2,5,2,1,1,0,0,0,2,1,4.7507E+20,5.52644E+21,8.65293E+15,4.98898E+16
145218,6.17112E+18,6,4,32,23,2017,11,11,6,3,5,3,0,1,0,0,0,0,0,4.71529E+20,5.53088E+21,8.60332E+15,4.99296E+16
145219,6.17112E+18,6,6,33,3,2017,11,12,6,3,4,6,0,1,0,0,0,0,0,5.29054E+20,5.67783E+21,9.4163E+15,5.12511E+16
145220,6.17112E+18,6,4,39,13,2017,11,15,6,3,5,3,1,1,0,0,0,0,0,4.23109E+20,5.53686E+21,7.92756E+15,4.99791E+16
145221,6.17112E+18,6,4,38,6,2017,11,13,6,2,1,7,0,1,0,0,0,0,0,4.76592E+20,5.5369E+21,8.67348E+15,4.9984E+16
145222,6.17112E+18,6,4,34,1,2017,11,16,6,3,6,4,0,1,1,0,0,2,0,4.7261E+20,5.56395E+21,8.61601E+15,5.02271E+16
145223,6.17112E+18,6,4,35,1,2017,11,5,6,3,0,1,1,0,0,0,0,2,1,5.2482E+20,5.56397E+21,9.34797E+15,5.02274E+16
145224,6.17112E+18,6,4,40,8,2017,11,6,6,3,5,3,0,1,0,0,0,2,1,4.82398E+20,5.5759E+21,8.75268E+15,5.03349E+16