OBJECTID,UIDENTSTLA,ULAND,UREGBEZ,UKREIS,UGEMEINDE,UJAHR,UMONAT,USTUNDE,UWOCHENTAG,UKATEGORIE,UART,UTYP1,IstRad,IstPKW,IstFuss,IstKrad,IstSonstig,LICHT,STRZUSTAND,LINREFX,LINREFY,XGCSWGS84,YGCSWGS84
145225,6.17112E+18,6,4,40,8,2017,11,11,6,3,9,1,0,1,0,0,0,0,1,4.8332E+20,5.57471E+21,8.76568E+15,5.03242E+16
145226,6.17112E+18,6,4,31,2,2017,11,19,6,3,5,3,0,1,0,1,0,2,0,4.72358E+20,5.50505E+21,8.6167E+15,4.96973E+16
145227,6.17112E+18,6,4,33,12,2017,11,13,6,3,5,3,0,1,0,0,0,0,0,4.58999E+20,5.53703E+21,8.42808E+15,4.99842E+16
145228,6.17112E+18,6,4,33,12,2017,11,8,6,3,5,2,1,1,0,0,0,0,0,4.60329E+20,5.53684E+21,8.44665E+15,4.99826E+16
145229,6.17112E+18,6,5,34,11,2017,11,7,6,3,5,3,0,1,0,0,0,0,0,4.94401E+20,5.63021E+21,8.92052E+15,5.08235E+16
145230,6.17112E+18,6,5,32,23,2017,11,17,6,3,8,7,0,1,0,0,0,2,1,4.64358E+20,5.60247E+21,8.49666E+15,5.05731E+16
145231,6.17112E+18,6,4,35,7,2017,11,17,5,3,3,6,0,1,0,1,0,2,0,4.99106E+20,5.55631E+21,8.98748E+15,5.0159E+16
145232,6.17112E+18,6,4,35,7,2017,11,6,5,3,5,2,0,1,0,1,0,2,0,5.0043E+20,5.55858E+21,9.00602E+15,5.01794E+16
145233,6.17112E+18,6,5,35,18,2017,11,10,5,3,5,3,0,1,0,0,0,0,0,5.13585E+20,5.60313E+21,9.19187E+15,5.05799E+16
145234,6.17112E+18,6,4,13,0,2017,11,13,5,2,0,3,1,1,0,0,0,0,0,4.81717E+20,5.5504E+21,8.74433E+15,5.01055E+16
145235,6.17112E+18,6,4,13,0,2017,11,11,5,3,5,3,0,1,0,0,0,0,0,4.83487E+20,5.54945E+21,8.76913E+15,5.00971E+16
145236,6.17112E+18,6,4,12,0,2017,11,15,5,3,5,3,0,1,0,0,0,0,0,4.6919E+20,5.54983E+21,8.5692E+15,5.01E+16
145237,6.17112E+18,6,4,12,0,2017,11,16,5,3,6,4,0,1,1,0,0,0,0,4.73221E+20,5.55365E+21,8.62529E+15,5.01345E+16
145238,6.17112E+18,6,4,12,0,2017,11,21,5,3,0,1,0,0,0,1,0,2,0,4.7779E+20,5.55182E+21,8.68934E+15,5.01182E+16
145239,6.17112E+18,6,4,39,8,2017,11,17,5,3,0,3,0,1,0,1,0,1,0,4.47694E+20,5.56357E+21,8.26676E+15,5.0222E+16
145240,6.17112E+18,6,4,38,9,2017,11,11,5,3,5,3,1,1,0,0,0,0,0,4.78176E+20,5.54396E+21,8.69518E+15,5.00475E+16
145241,6.17112E+18,6,4,38,9,2017,11,13,5,3,5,3,1,0,0,0,1,0,0,4.77064E+20,5.54335E+21,8.67969E+15,5.0042E+16
145242,6.17112E+18,6,4,38,11,2017,11,17,5,3,5,2,1,1,0,0,0,2,0,4.91654E+20,5.54328E+21,8.88344E+15,5.00418E+16
145243,6.17112E+18,6,4,38,10,2017,11,7,5,3,0,6,0,1,1,0,0,2,0,4.89578E+20,5.54706E+21,8.85435E+15,5.00757E+16
145244,6.17112E+18,6,4,38,11,2017,11,11,5,3,2,6,0,1,0,0,0,0,0,4.92366E+20,5.54478E+21,8.89336E+15,5.00553E+16
145245,6.17112E+18,6,4,36,6,2017,11,10,5,3,5,2,1,1,0,0,0,0,0,4.54142E+20,5.54034E+21,8.35994E+15,5.00136E+16
145246,6.17112E+18,6,4,31,11,2017,11,9,5,3,5,7,1,1,0,0,0,0,0,4.7358E+20,5.4988E+21,8.63406E+15,4.96412E+16
145247,6.17112E+18,6,4,35,12,2017,11,16,5,3,9,7,0,1,0,0,0,1,0,5.09584E+20,5.56118E+21,9.1343E+15,5.02027E+16
145248,6.17112E+18,6,4,40,17,2017,11,21,5,3,8,1,0,1,0,0,0,2,1,4.8612E+20,5.57102E+21,8.80514E+15,5.02911E+16
145249,6.17112E+18,6,4,33,9,2017,11,18,5,3,5,3,0,1,0,0,0,2,0,4.60717E+20,5.53293E+21,8.45246E+15,4.99475E+16
145250,6.17112E+18,6,5,31,5,2017,11,12,5,3,0,4,1,0,1,0,0,0,0,4.77864E+20,5.60354E+21,8.68733E+15,5.05834E+16
145251,6.17112E+18,6,5,31,5,2017,11,7,4,3,5,3,0,1,0,1,0,2,0,4.82292E+20,5.60536E+21,8.74978E+15,5.05999E+16
145252,6.17112E+18,6,5,31,5,2017,11,13,4,3,6,2,0,1,1,0,0,0,0,4.76941E+20,5.60495E+21,8.6742E+15,5.0596E+16
145253,6.17112E+18,6,5,31,3,2017,11,17,4,3,8,1,0,1,0,0,0,2,0,4.83403E+20,5.6073E+21,8.7654E+15,5.06173E+16
145254,6.17112E+18,6,6,32,2,2017,11,10,4,3,6,7,0,1,1,0,0,0,0,5.49966E+20,5.6356E+21,9.7101E+15,5.08699E+16
145255,6.17112E+18,6,6,33,9,2017,11,20,4,3,6,2,0,1,1,0,0,2,1,5.36418E+20,5.68849E+21,9.5229E+15,5.13465E+16
145256,6.17112E+18,6,4,14,0,2017,11,15,4,3,5,3,1,1,0,0,0,0,0,4.48017E+20,5.54647E+21,8.27363E+15,5.00682E+16
145257,6.17112E+18,6,4,14,0,2017,11,13,4,3,1,2,0,1,0,1,0,0,0,4.44786E+20,5.54924E+21,8.22808E+15,5.00928E+16
145258,6.17112E+18,6,4,12,0,2017,11,8,4,2,0,3,0,1,0,0,1,0,0,4.72044E+20,5.55262E+21,8.6089E+15,5.01252E+16
145259,6.17112E+18,6,4,12,0,2017,11,16,4,3,9,7,1,1,0,0,0,1,1,4.74003E+20,5.54844E+21,8.63659E+15,5.00877E+16
145260,6.17112E+18,6,4,12,0,2017,11,10,4,3,5,3,1,0,0,0,1,0,0,4.76514E+20,5.54845E+21,8.67169E+15,5.00878E+16
145261,6.17112E+18,6,4,12,0,2017,11,20,4,3,5,3,0,1,0,0,1,2,0,4.76496E+20,5.54844E+21,8.67145E+15,5.00877E+16
145262,6.17112E+18,6,4,12,0,2017,11,22,4,3,5,3,1,1,0,0,0,2,0,4.79449E+20,5.5511E+21,8.71257E+15,5.01118E+16
145263,6.17112E+18,6,4,12,0,2017,11,7,4,3,5,3,0,1,0,1,0,0,0,4.73761E+20,5.55013E+21,8.63309E+15,5.01029E+16
145264,6.17112E+18,6,4,11,0,2017,11,9,4,3,5,2,1,1,0,0,0,0,0,4.75319E+20,5.52386E+21,8.65656E+15,4.98666E+16
145265,6.17112E+18,6,6,35,12,2017,11,9,4,2,5,3,1,1,0,0,0,0,0,4.97896E+20,5.64662E+21,8.97003E+15,5.09712E+16
145266,6.17112E+18,6,4,38,2,2017,11,20,4,3,4,6,1,1,0,0,0,2,0,4.78338E+20,5.54183E+21,8.69757E+15,5.00284E+16
145267,6.17112E+18,6,4,34,1,2017,11,14,4,3,5,3,0,1,0,0,0,0,0,4.75536E+20,5.56207E+21,8.65714E+15,5.02103E+16
145268,6.17112E+18,6,4,36,9,2017,11,13,4,3,1,5,0,1,0,0,1,0,0,4.61589E+20,5.54746E+21,8.46316E+15,5.00782E+16
145269,6.17112E+18,6,4,36,8,2017,11,16,4,3,5,3,0,1,0,0,0,0,0,4.60455E+20,5.55404E+21,8.44663E+15,5.01373E+16
145270,6.17112E+18,6,4,40,8,2017,11,5,4,3,8,1,0,1,0,0,0,2,1,4.8245E+20,5.57392E+21,8.75349E+15,5.03171E+16
145271,6.17112E+18,6,4,33,12,2017,11,17,4,2,6,2,0,1,0,0,1,2,0,4.59699E+20,5.53639E+21,8.43791E+15,4.99785E+16
145272,6.17112E+18,6,4,33,5,2017,11,12,4,3,5,3,0,1,0,0,1,0,0,4.53394E+20,5.5349E+21,8.35016E+15,4.99646E+16
145273,6.17112E+18,6,4,33,6,2017,11,17,4,3,6,7,0,1,1,0,0,1,0,4.62883E+20,5.53015E+21,8.48292E+15,4.99226E+16
145274,6.17112E+18,6,5,31,5,2017,11,12,4,3,5,3,1,1,0,0,0,0,0,4.78693E+20,5.60322E+21,8.69906E+15,5.05805E+16
145275,6.17112E+18,6,4,35,14,2017,11,6,4,3,5,3,1,1,0,0,0,2,1,4.9621E+20,5.55089E+21,8.94699E+15,5.01102E+16
145276,6.17111E+18,6,4,12,0,2017,11,12,3,3,8,1,0,1,0,0,0,0,0,4.68807E+20,5.54458E+21,8.56428E+15,5.00527E+16
145277,6.17111E+18,6,5,31,5,2017,11,19,3,3,5,3,0,1,0,0,0,2,0,4.79178E+20,5.60651E+21,8.70572E+15,5.06101E+16
145278,6.17111E+18,6,5,33,9,2017,11,18,3,3,5,3,0,1,0,0,0,1,0,4.3291E+20,5.58232E+21,8.05621E+15,5.03891E+16
145279,6.17111E+18,6,4,14,0,2017,11,12,3,2,6,2,0,1,1,0,0,0,0,4.4578E+20,5.54772E+21,8.2422E+15,5.00793E+16
145280,6.17111E+18,6,4,12,0,2017,11,13,3,3,5,2,1,1,0,0,0,0,0,4.77923E+20,5.55468E+21,8.69102E+15,5.01439E+16
145281,6.17111E+18,6,4,12,0,2017,11,7,3,3,5,3,1,1,0,0,0,0,0,4.75378E+20,5.55465E+21,8.65542E+15,5.01435E+16
145282,6.17111E+18,6,4,38,6,2017,11,15,3,3,5,3,1,1,0,0,0,0,0,4.76328E+20,5.53794E+21,8.66975E+15,4.99933E+16
145283,6.17111E+18,6,4,31,13,2017,11,14,3,3,5,3,1,1,0,0,0,0,0,4.62258E+20,5.49409E+21,8.47771E+15,4.95982E+16
145284,6.17111E+18,6,4,31,20,2017,11,13,3,3,1,5,0,1,0,1,0,0,0,4.69136E+20,5.48733E+21,8.57341E+15,4.95378E+16
145285,6.17111E+18,6,4,31,2,2017,11,9,3,3,3,6,1,1,0,0,1,0,0,4.72192E+20,5.50595E+21,8.61433E+15,4.97054E+16
145286,6.17111E+18,6,5,35,9,2017,11,11,3,2,5,3,0,1,0,0,0,0,0,4.99628E+20,5.62031E+21,8.99472E+15,5.07346E+16
145287,6.17111E+18,6,4,33,6,2017,11,17,3,2,3,2,1,1,0,0,0,2,0,4.62238E+20,5.53109E+21,8.47385E+15,4.9931E+16
145288,6.17111E+18,6,6,32,16,2017,11,12,2,3,0,1,1,0,0,0,0,0,0,5.67681E+20,5.63305E+21,9.96134E+15,5.08452E+16
145289,6.17111E+18,6,4,14,0,2017,11,10,2,3,1,5,1,1,0,0,1,0,0,4.47463E+20,5.54144E+21,8.26658E+15,5.0023E+16
145290,6.17111E+18,6,4,14,0,2017,11,11,2,3,3,2,0,0,0,1,1,0,0,4.42467E+20,5.54709E+21,8.19599E+15,5.00733E+16
145291,6.17111E+18,6,4,14,0,2017,11,17,2,2,6,4,0,1,1,0,0,2,1,4.43318E+20,5.54739E+21,8.20784E+15,5.0076E+16
145292,6.17111E+18,6,4,14,0,2017,11,18,2,3,6,2,0,1,1,0,0,2,0,4.45888E+20,5.54787E+21,8.24369E+15,5.00806E+16
145293,6.17111E+18,6,4,14,0,2017,11,20,2,3,6,4,0,1,1,0,0,2,0,4.46159E+20,5.54645E+21,8.24767E+15,5.00679E+16
145294,6.17111E+18,6,4,14,0,2017,11,20,2,2,0,2,0,0,0,0,1,2,1,4.45127E+20,5.54788E+21,8.23305E+15,5.00807E+16
145295,6.17111E+18,6,4,13,0,2017,11,15,2,3,5,3,1,1,0,0,0,0,1,4.84715E+20,5.55108E+21,8.78622E+15,5.01117E+16
145296,6.17111E+18,6,4,13,0,2017,11,8,2,3,2,6,0,1,0,0,1,0,1,4.83239E+20,5.54975E+21,8.76564E+15,5.00998E+16
145297,6.17111E+18,6,4,12,0,2017,11,12,2,3,5,3,0,1,0,1,0,0,0,4.75868E+20,5.56015E+21,8.66193E+15,5.01931E+16
145298,6.17111E+18,6,4,12,0,2017,11,14,2,3,6,4,0,1,1,0,0,0,0,4.75052E+20,5.55221E+21,8.651E+15,5.01216E+16
145299,6.17111E+18,6,4,12,0,2017,11,14,2,3,6,6,0,0,1,0,1,0,0,4.77676E+20,5.55143E+21,8.68776E+15,5.01147E+16
145300,6.17111E+18,6,6,33,3,2017,11,15,2,3,5,3,1,1,0,0,0,0,0,5.27852E+20,5.67893E+21,9.39917E+15,5.1261E+16
145301,6.17111E+18,6,4,39,8,2017,11,7,2,3,0,3,0,0,0,1,1,0,1,4.46852E+20,5.56198E+21,8.25519E+15,5.02076E+16
145302,6.17111E+18,6,4,38,9,2017,11,11,2,3,5,3,1,1,0,0,0,0,0,4.76604E+20,5.54459E+21,8.67319E+15,5.00532E+16
145303,6.17111E+18,6,4,34,6,2017,11,16,2,3,6,4,0,1,1,0,0,1,0,4.66726E+20,5.55917E+21,8.53394E+15,5.01838E+16
145304,6.17111E+18,6,4,34,2,2017,11,19,2,3,5,3,0,1,0,0,0,2,0,4.74757E+20,5.56627E+21,8.64594E+15,5.02481E+16
145305,6.17111E+18,6,4,34,2,2017,11,16,2,3,6,7,1,0,1,0,0,0,0,4.74388E+20,5.56717E+21,8.64071E+15,5.02561E+16
145306,6.17111E+18,6,4,35,12,2017,11,7,2,3,2,6,0,1,0,0,0,0,1,5.07888E+20,5.56099E+21,9.11052E+15,5.0201E+16
145307,6.17111E+18,6,5,32,11,2017,11,15,2,3,5,3,1,1,0,0,0,0,0,4.44152E+20,5.62133E+21,8.2085E+15,5.07411E+16
145308,6.17111E+18,6,4,38,1,2017,11,9,2,3,2,6,0,1,0,0,1,0,0,4.8513E+20,5.53938E+21,8.79249E+15,5.00065E+16
145309,6.17111E+18,6,4,40,2,2017,11,9,2,3,5,3,0,1,0,0,1,0,0,4.81779E+20,5.57967E+21,8.74379E+15,5.03689E+16
145310,6.17111E+18,6,4,31,13,2017,11,16,2,3,0,7,1,0,0,0,0,0,0,4.63112E+20,5.49231E+21,8.4897E+15,4.95823E+16
145311,6.17111E+18,6,4,33,12,2017,11,12,2,3,1,5,0,1,0,0,0,0,0,4.61186E+20,5.53452E+21,8.45884E+15,4.99618E+16
145312,6.17111E+18,6,4,33,8,2017,11,16,2,3,3,2,1,1,0,0,0,1,0,4.69986E+20,5.53935E+21,8.58115E+15,5.00057E+16
145313,6.17111E+18,6,4,33,6,2017,11,15,2,3,5,3,1,1,0,0,0,0,0,4.62871E+20,5.53029E+21,8.48274E+15,4.99239E+16
145314,6.17111E+18,6,4,35,14,2017,11,21,2,3,5,3,0,0,0,1,1,2,1,4.94881E+20,5.55288E+21,8.92839E+15,5.01281E+16
145315,6.17111E+18,6,4,35,14,2017,11,20,2,3,5,3,0,1,0,1,0,2,1,4.94466E+20,5.55365E+21,8.92257E+15,5.0135E+16
145316,6.17111E+18,6,4,12,0,2017,11,12,2,3,2,6,0,1,0,0,0,0,0,4.70697E+20,5.55347E+21,8.59E+15,5.01327E+16
145317,6.17111E+18,6,4,14,0,2017,11,17,1,3,2,6,0,1,0,0,0,2,1,4.42906E+20,5.54827E+21,8.20195E+15,5.0084E+16
145318,6.17111E+18,6,6,35,2,2017,11,18,1,2,6,1,0,1,1,0,0,2,1,5.01021E+20,5.69213E+21,9.01467E+15,5.13804E+16
145319,6.17111E+18,6,5,33,17,2017,11,14,1,3,8,7,0,1,0,0,1,0,1,4.50856E+20,5.59174E+21,8.30741E+15,5.04756E+16
145320,6.17111E+18,6,5,32,7,2017,11,14,1,3,5,3,0,1,0,0,0,0,1,4.42273E+20,5.60934E+21,8.18374E+15,5.0633E+16
145321,6.17111E+18,6,4,33,11,2017,11,11,1,3,1,5,0,1,0,0,0,0,1,4.63409E+20,5.52042E+21,8.49116E+15,4.98351E+16
145322,6.17111E+18,6,4,35,14,2017,11,16,7,3,5,3,0,1,0,1,0,0,1,4.96274E+20,5.55453E+21,8.94786E+15,5.0143E+16
145323,6.17111E+18,6,4,14,0,2017,11,17,7,3,6,2,0,1,1,0,0,2,1,4.49638E+20,5.5404E+21,8.29708E+15,5.00137E+16
145324,6.17111E+18,6,4,14,0,2017,11,11,7,3,6,2,0,1,1,0,0,0,1,4.45558E+20,5.54317E+21,8.23974E+15,5.00383E+16
145325,6.17111E+18,6,4,12,0,2017,11,13,7,3,4,6,0,1,0,0,0,0,1,4.75487E+20,5.55708E+21,8.65678E+15,5.01654E+16
145326,6.17111E+18,6,6,11,0,2017,11,20,7,2,6,4,0,0,1,0,1,2,1,5.30254E+20,5.6812E+21,9.43379E+15,5.12814E+16
145327,6.17111E+18,6,4,35,19,2017,11,19,7,2,6,4,0,1,1,0,0,2,1,4.89316E+20,5.55347E+21,8.85051E+15,5.01333E+16
145328,6.17111E+18,6,4,35,19,2017,11,12,7,2,6,2,0,1,1,0,0,0,1,4.9061E+20,5.55319E+21,8.86862E+15,5.01309E+16
145329,6.17111E+18,6,4,38,11,2017,11,23,7,3,9,1,0,1,0,0,0,2,1,4.92174E+20,5.54023E+21,8.89077E+15,5.00143E+16
145330,6.17111E+18,6,4,34,1,2017,11,17,7,3,5,3,0,1,0,0,0,2,1,4.72942E+20,5.56346E+21,8.6207E+15,5.02227E+16
145331,6.17111E+18,6,4,32,15,2017,11,17,7,3,7,7,0,1,0,0,1,1,1,4.89471E+20,5.52926E+21,8.85334E+15,4.99156E+16
145332,6.17111E+18,6,6,36,7,2017,11,22,6,3,8,1,0,1,0,0,0,2,1,5.743E+20,5.67345E+21,1.00636E+16,5.12076E+16
145333,6.17111E+18,6,5,33,9,2017,11,7,6,3,2,6,0,1,0,0,0,1,1,4.33309E+20,5.58266E+21,8.06177E+15,5.03922E+16
145334,6.17111E+18,6,4,13,0,2017,11,23,6,2,6,7,0,1,1,0,0,2,1,4.86282E+20,5.54844E+21,8.80824E+15,5.00881E+16
145335,6.17111E+18,6,4,12,0,2017,11,7,6,3,2,6,1,0,0,0,1,1,1,4.67199E+20,5.55127E+21,8.54124E+15,5.01128E+16
145336,6.17111E+18,6,4,12,0,2017,11,16,6,3,3,6,0,1,0,0,0,1,1,4.77953E+20,5.55585E+21,8.69137E+15,5.01544E+16
145337,6.17111E+18,6,4,12,0,2017,11,7,6,3,5,2,1,1,0,0,0,1,1,4.75185E+20,5.55414E+21,8.65275E+15,5.01389E+16
145338,6.17111E+18,6,4,12,0,2017,11,10,6,3,6,2,0,1,1,0,0,0,1,4.7357E+20,5.5481E+21,8.63056E+15,5.00846E+16
145339,6.17111E+18,6,4,12,0,2017,11,7,6,3,5,3,1,0,0,0,0,0,0,4.77686E+20,5.55236E+21,8.68784E+15,5.01231E+16
145340,6.17111E+18,6,4,12,0,2017,11,11,6,3,3,2,1,1,0,0,0,0,1,4.76821E+20,5.55064E+21,8.67586E+15,5.01075E+16
145341,6.17111E+18,6,4,11,0,2017,11,18,6,3,6,4,0,1,1,0,0,2,1,4.73524E+20,5.52469E+21,8.63153E+15,4.98741E+16
145342,6.17111E+18,6,6,34,3,2017,11,7,6,3,1,5,1,1,0,0,0,1,1,5.29317E+20,5.66538E+21,9.41905E+15,5.11392E+16
145343,6.17111E+18,6,4,38,9,2017,11,12,6,3,5,3,1,1,0,0,0,0,1,4.78041E+20,5.5443E+21,8.69328E+15,5.00506E+16
145344,6.17111E+18,6,4,38,10,2017,11,17,6,3,1,5,1,1,0,0,0,2,1,4.89481E+20,5.54647E+21,8.853E+15,5.00704E+16
145345,6.17111E+18,6,4,34,1,2017,11,13,6,3,5,7,1,1,0,0,0,0,0,4.71882E+20,5.56416E+21,8.60579E+15,5.02289E+16
145346,6.17111E+18,6,4,36,4,2017,11,18,6,3,6,4,0,1,1,0,0,2,1,4.59109E+20,5.54061E+21,8.42923E+15,5.00164E+16
145347,6.17111E+18,6,4,35,12,2017,11,10,6,3,2,6,0,1,0,0,0,0,1,5.09345E+20,5.56514E+21,9.13104E+15,5.02383E+16
145348,6.17111E+18,6,4,40,3,2017,11,15,6,3,5,2,1,1,0,0,0,0,1,4.81306E+20,5.55922E+21,8.73814E+15,5.01849E+16
145349,6.17111E+18,6,4,33,10,2017,11,22,6,3,2,6,0,1,0,0,0,2,1,4.59945E+20,5.53942E+21,8.44103E+15,5.00058E+16
145350,6.17111E+18,6,4,31,20,2017,11,4,6,3,5,3,1,1,0,0,0,2,0,4.6799E+20,5.48612E+21,8.55768E+15,4.95269E+16
145351,6.17111E+18,6,6,31,1,2017,11,21,6,3,9,1,0,1,0,0,0,2,1,5.3555E+20,5.60757E+21,9.50253E+15,5.06189E+16
145352,6.17111E+18,6,4,13,0,2017,11,21,5,3,5,3,1,1,0,0,0,2,0,4.87592E+20,5.54784E+21,8.82656E+15,5.00827E+16
145353,6.17111E+18,6,4,35,14,2017,11,15,5,3,5,3,0,1,0,0,0,0,0,4.94691E+20,5.55566E+21,8.92569E+15,5.01532E+16
145354,6.17121E+18,6,4,40,3,2017,12,15,5,3,6,7,1,0,1,0,0,0,0,4.81616E+20,5.56166E+21,8.74237E+15,5.02069E+16
145355,6.17121E+18,6,4,40,5,2017,12,10,5,2,6,6,0,1,1,0,0,0,0,4.75638E+20,5.5877E+21,8.65692E+15,5.04408E+16
145356,6.17121E+18,6,4,40,25,2017,12,15,5,3,2,2,0,1,0,0,0,0,0,4.83273E+20,5.56942E+21,8.76524E+15,5.02766E+16
145357,6.17121E+18,6,5,31,5,2017,12,12,6,3,5,3,0,1,0,0,0,0,0,4.77991E+20,5.60201E+21,8.68922E+15,5.05696E+16
145358,6.17121E+18,6,6,35,15,2017,12,17,5,3,2,6,0,1,0,0,0,2,1,4.91178E+20,5.6806E+21,8.87353E+15,5.12766E+16
145359,6.17121E+18,6,6,33,9,2017,12,19,5,3,1,5,0,1,0,0,0,2,0,5.36478E+20,5.68892E+21,9.52381E+15,5.13503E+16
145360,6.17121E+18,6,4,14,0,2017,12,17,5,3,2,6,0,1,0,0,0,1,0,4.45973E+20,5.54789E+21,8.24487E+15,5.00808E+16
145361,6.17121E+18,6,4,12,0,2017,12,14,5,3,6,4,0,0,1,0,1,0,0,4.67715E+20,5.55003E+21,8.54856E+15,5.01017E+16
145362,6.17121E+18,6,4,12,0,2017,12,13,5,3,0,7,1,0,0,0,0,0,0,4.73684E+20,5.54811E+21,8.63216E+15,5.00846E+16
145363,6.17121E+18,6,4,12,0,2017,12,10,5,3,6,2,0,1,1,0,0,0,0,4.74001E+20,5.54995E+21,8.63646E+15,5.01012E+16
145364,6.17121E+18,6,4,12,0,2017,12,11,5,3,2,6,0,1,0,0,0,0,0,4.77513E+20,5.55085E+21,8.68551E+15,5.01095E+16
145365,6.17121E+18,6,4,12,0,2017,12,21,5,3,2,6,1,1,0,0,0,2,1,4.77669E+20,5.55172E+21,8.68764E+15,5.01173E+16
145366,6.17121E+18,6,4,12,0,2017,12,9,5,2,0,4,0,0,1,0,1,0,0,4.77694E+20,5.55144E+21,8.68801E+15,5.01148E+16
145367,6.17121E+18,6,4,37,6,2017,12,18,5,3,5,3,0,1,0,0,0,2,1,4.99883E+20,5.50176E+21,8.99838E+15,4.96684E+16
145368,6.17121E+18,6,6,32,18,2017,12,1,5,3,8,1,0,1,0,0,0,2,0,5.50828E+20,5.65083E+21,9.72447E+15,5.10068E+16
145369,6.17121E+18,6,6,34,2,2017,12,15,5,3,5,3,0,1,0,0,0,0,0,5.2949E+20,5.67515E+21,9.42234E+15,5.1227E+16
145370,6.17121E+18,6,4,34,8,2017,12,12,5,2,0,7,0,0,0,0,1,0,0,4.70903E+20,5.55876E+21,8.59247E+15,5.01804E+16
145371,6.17121E+18,6,4,40,2,2017,12,11,5,2,6,4,0,1,1,0,0,0,0,4.82545E+20,5.57901E+21,8.75459E+15,5.03629E+16
145372,6.17121E+18,6,4,14,0,2017,12,7,4,2,6,7,0,1,1,0,0,2,0,4.42162E+20,5.54656E+21,8.19181E+15,5.00685E+16
145373,6.17121E+18,6,4,14,0,2017,12,13,4,2,6,4,0,1,1,0,0,0,0,4.45332E+20,5.54854E+21,8.23581E+15,5.00866E+16
145374,6.17121E+18,6,4,12,0,2017,12,11,4,2,5,3,0,1,0,0,0,0,0,4.83253E+20,5.55248E+21,8.76572E+15,5.01243E+16
145375,6.17121E+18,6,4,12,0,2017,12,17,4,2,6,4,0,1,1,0,0,2,0,4.7667E+20,5.55054E+21,8.67375E+15,5.01067E+16
145376,6.17121E+18,6,4,35,28,2017,12,11,4,3,5,3,0,1,0,1,0,0,0,5.31228E+20,5.57353E+21,9.43859E+15,5.0313E+16
145377,6.17121E+18,6,4,35,22,2017,12,11,4,3,5,3,0,1,0,0,1,0,0,4.86014E+20,5.55988E+21,8.80406E+15,5.01909E+16
145378,6.17121E+18,6,4,36,6,2017,12,19,4,2,5,3,0,1,0,1,0,2,0,4.53837E+20,5.5408E+21,8.35563E+15,5.00177E+16
145379,6.17121E+18,6,4,40,1,2017,12,17,4,3,5,3,0,1,0,1,0,2,0,4.98321E+20,5.57092E+21,8.97642E+15,5.02904E+16
145380,6.17121E+18,6,4,40,16,2017,12,16,4,3,5,3,0,1,0,0,0,1,0,5.00677E+20,5.58422E+21,9.00952E+15,5.04101E+16
145381,6.17121E+18,6,4,31,20,2017,12,19,4,3,5,3,1,1,0,0,0,2,1,4.7024E+20,5.48735E+21,8.58868E+15,4.9538E+16
145382,6.17121E+18,6,4,33,10,2017,12,15,4,3,2,6,0,1,0,0,0,0,0,4.59487E+20,5.53984E+21,8.43459E+15,5.00095E+16
145383,6.17121E+18,6,4,33,12,2017,12,8,4,3,5,2,0,1,0,0,0,0,0,4.58756E+20,5.53637E+21,8.42476E+15,4.99782E+16
145384,6.17121E+18,6,6,31,6,2017,12,5,4,2,4,6,0,1,0,0,0,2,1,5.51117E+20,5.58968E+21,9.7201E+15,5.04569E+16
145385,6.17121E+18,6,4,12,0,2017,12,8,4,3,0,7,1,0,0,0,0,0,1,4.81205E+20,5.55303E+21,8.73704E+15,5.01292E+16
145386,6.17121E+18,6,4,14,0,2017,12,23,3,3,5,3,0,1,0,0,0,2,1,4.44309E+20,5.54764E+21,8.22165E+15,5.00785E+16
145387,6.17121E+18,6,4,14,0,2017,12,8,3,2,3,6,1,0,0,0,1,0,0,4.45304E+20,5.54752E+21,8.23558E+15,5.00774E+16
145388,6.17121E+18,6,4,13,0,2017,12,7,3,3,5,3,1,1,0,0,0,2,1,4.82092E+20,5.54818E+21,8.74968E+15,5.00857E+16
145389,6.17121E+18,6,4,12,0,2017,12,9,3,3,5,3,1,1,0,0,0,0,0,4.76094E+20,5.5486E+21,8.66581E+15,5.00892E+16
145390,6.17121E+18,6,4,11,0,2017,12,9,3,3,6,4,0,1,1,0,0,0,1,4.74236E+20,5.52518E+21,8.6414E+15,4.98785E+16
145391,6.17121E+18,6,4,11,0,2017,12,11,3,3,5,3,0,1,0,0,0,0,1,4.76291E+20,5.52525E+21,8.67001E+15,4.98792E+16
145392,6.17121E+18,6,6,35,3,2017,12,8,3,2,6,4,0,1,1,0,0,1,1,5.08539E+20,5.66267E+21,9.122E+15,5.11154E+16
145393,6.17121E+18,6,6,33,3,2017,12,13,3,3,8,1,0,1,0,0,0,0,1,5.32411E+20,5.67835E+21,9.46446E+15,5.12556E+16
145394,6.17121E+18,6,6,34,5,2017,12,7,3,3,5,3,0,1,0,1,0,1,1,5.20138E+20,5.66474E+21,9.28781E+15,5.11338E+16
145395,6.17121E+18,6,4,38,2,2017,12,9,3,3,2,6,0,1,0,0,0,0,0,4.80713E+20,5.53915E+21,8.73085E+15,5.00044E+16
145396,6.17121E+18,6,4,34,8,2017,12,10,3,3,5,3,0,1,0,0,0,0,1,4.71262E+20,5.56156E+21,8.59729E+15,5.02056E+16